Item,Frequency
"서있지만 말고",7
"서장님 말씀이",7
"서장님 이",7
"널 좋아했는데",7
"널 좋아했던",7
"서장님이 왜",7
"널 좋은",7
"서정은 씨",7
"서재에 있어",7
"서준의 웃음",7
"널 죽여 버리겠어",7
"서질 않아",7
"그 사람은 항상",7
"널 죽여도",7
"서쪽에 있어요",7
"널 죽여서",7
"그 사람을 더",7
"서커스 공연",7
"널 죽여주마",7
"the blackness",7
"널 죽여주지",7
"널 죽였는데",7
"같이 떨어질",7
"서트클리프 박사의",7
"널 죽였어야 했어",7
"석 달밖에",7
"석 달에",7
"석 달이",7
"그 사람을 사랑하는",7
"그 사람을 사랑하지",7
"석 잔 주세요",7
"그 사람을 사랑해",7
"석달 전",7
"그 사람을 안",7
"그 사람을 알 수",7
"그 사람을 알아",7
"석연치 않은",7
"석유 시추",7
"있던 놈이",7
"석진이 형",7
"널 죽이러 왔어",7
"널 죽이려 들",7
"섞는 게",7
"널 죽이려 할",7
"섞어놔서 전부",7
"섞어놔서 전부 다시 쳐야",7
"같이 마시자고",7
"그 사람을 좋아하잖아요",7
"섞여 있을",7
"섞여야 해",7
"섞은 거죠",7
"그 사람을 죽인",7
"carrying my",7
"그 사람을 죽일",7
"섞인 게",7
"섞인 드문 조합이죠",7
"섞인 드문",7
"같이 마실까",7
"그 사람을 찾아서",7
"그 사람을 한번도",7
"섞지 말라고",7
"그 사람을 한번도 본",7
"선 걸",7
"선 건",7
"선 넘지",7
"선 지켜",7
"선 좀",7
"선거 결과는",7
"선거 결과가",7
"선거 본부",7
"선거 사무장",7
"널 죽일 수도 있었어",7
"널 죽일 순",7
"그 사람의 진짜",7
"the body of",7
"널 죽일거다",7
"선거 조작",7
"같이 만날",7
"선거 캠페인",7
"선거 출마를",7
"선거 캠프에서",7
"널 죽일꺼야",7
"그 사람이 그걸",7
"선거를 앞두고",7
"선거를 위해",7
"그 사람이 그랬어",7
"널 지구로",7
"선거에서 지고",7
"선거에서 질",7
"선고나 다름",7
"선고 받은",7
"선고를 내린다 계급을 박탈하고",7
"선고를 내린다 계급을",7
"같이 만들어",7
"널 지켜보고 있었어",7
"그 사람이 너",7
"그 사람이 너를",7
"선기의 고통스러운 신음",7
"있던 작은",7
"널 지켜주려는",7
"널 지켜주려는 거야",7
"선량한 시민들을",7
"선량한 시민이",7
"널 지켜줄 수 있어",7
"널 지켜줄거야",7
"그 사람이 누군데요",7
"같이 말이지",7
"같이 말하고",7
"선물 거래",7
"선물 교환",7
"the both",7
"널 지키는 게",7
"선물 두",7
"그 사람이 당신한테",7
"선물 목록에",7
"선물 목록을",7
"선물 미리",7
"그 사람이 돈을",7
"선물 바구니",7
"the both of",7
"선물 살",7
"있던데 왜",7
"선물 잘",7
"그 사람이 말할",7
"선물 준비했어요",7
"the bottom I",7
"그 사람이 말할 때",7
"선물 한",7
"선물도 받아들여",7
"선물도 못",7
"선물도 받아들여 너 만큼",7
"선물도 받아들여 너",7
"그 사람이 뭔가",7
"선물로 드릴게요",7
"널 쫓지",7
"선물로 뭘 받고",7
"선물로 받았던 그",7
"선물로 받았던 그 셔츠를",7
"널 차",7
"선물로 보내 주셨던 신제품이에요",7
"선물로 사",7
"선물로 보내 주셨던",7
"있도록 도와주려고",7
"그 사람이 아냐",7
"그 사람이 쓴",7
"널 찾기 위해",7
"널 찾는 걸",7
"그 사람이 아니라고",7
"같이 먹는 데",7
"선물을 드릴게요",7
"널 찾아가서",7
"선물을 받은",7
"선물을 받았어요",7
"널 찾아내",7
"So soon",7
"선물을 주면",7
"선물을 주었다",7
"선물을 준비",7
"선물을 준다고",7
"선물을 줘서",7
"선물을 줬잖아",7
"선물을 줬지",7
"그 사람이 원하는",7
"선물을 해야",7
"같이 먹을 수",7
"널 찾으러 갈게",7
"널 찾으러 온",7
"그 사람이 자기",7
"선물이 하나 더",7
"같이 먹을게요",7
"선물한 거예요",7
"널 찾을 수 있을",7
"그 사람이 좀",7
"그 사람이 죽었어",7
"널 챙기는",7
"널 처리할",7
"선배 내가",7
"선배 뭐",7
"선배 왜",7
"선배 이거",7
"그 사람이고",7
"널 처음 봤을 때부터",7
"그 사람이구나",7
"선배가 안",7
"선배가 더",7
"선배가 왜",7
"널 체포하는",7
"선배가 좀",7
"선배님 어",7
"그 사람이네",7
"선배한테 무슨",7
"선불 휴대폰을",7
"선상 파티에",7
"널 추적할 수",7
"널 충분히",7
"선생 말이",7
"선생님 거예요",7
"선생님 계세요",7
"같이 모인",7
"선생님 그는",7
"그 사람이랑 잤어",7
"선생님 나한테",7
"널 태울",7
"선생님 너무",7
"널 태워다",7
"caught him",7
"선생님 당신이",7
"선생님 댁에서",7
"선생님 마음",7
"그 사람이잖아",7
"선생님 말씀 잘",7
"선생님 말씀을",7
"선생님 먼저",7
"널 풀어주겠다",7
"선생님 반",7
"the bright side",7
"널 풀어주고",7
"선생님 방에서",7
"많이 벌죠",7
"선생님 부인이",7
"널 풀어줄거야",7
"선생님 상담",7
"선생님 선생님이",7
"선생님 손을",7
"같이 무슨",7
"선생님 어떤",7
"같이 묻힐",7
"선생님 오셨다",7
"그 사람처럼 되고",7
"같이 물에",7
"선생님 우린",7
"선생님 이런",7
"선생님 이게",7
"그 사람하고는",7
"선생님 일이",7
"같이 뭐라도",7
"널 해치지 못하게",7
"그 사람한테 돈을",7
"선생님 제발",7
"널 해치지 않을거야",7
"널 해칠 거야",7
"그 사람한테서 떨어져",7
"선생님도 안",7
"선생님께서 절",7
"널 허락하지 않을 거야",7
"널 허락하지 않을",7
"선생님은 매우",7
"선생님은 저를",7
"선생님은 절",7
"Don''t you think you",7
"널 흥분시키잖아 돈",7
"널 흥분시키잖아",7
"선생님을 만나",7
"선생님을 못",7
"선생님을 좋아하는",7
"그 사소한",7
"그 사실 때문에",7
"선생님이 내가",7
"선생님이 너",7
"널리 퍼진",7
"선생님이 너한테",7
"같이 밥 먹을",7
"많이 봤고",7
"선생님이 되고",7
"선생님이 말한",7
"선생님이 말씀하신",7
"선생님이 맞아요",7
"넓은 거",7
"넓은 땅이",7
"넓은 바다",7
"있습니다 기각합니다",7
"선생님이 오실",7
"그 사실을 모를",7
"넓은 아량으로",7
"선생님이 좀",7
"caused Dr",7
"선생님이 집에",7
"넓지 않아",7
"caused Dr Skarosa",7
"같이 배를",7
"선서 진술서에",7
"넘게 기다렸는데",7
"선수 말이야",7
"선수 몇",7
"넘게 기다리고",7
"넘게 날",7
"선수 오늘",7
"선수 시절에",7
"넘게 있을",7
"선수 하나가",7
"넘게 함께",7
"선수가 아니야",7
"선수가 출전합니다",7
"선수권 대회에",7
"선수를 소개합니다",7
"넘겨 아니면",7
"선수에 대한",7
"같이 보내려고",7
"넘겨 줘",7
"넘겨야 할",7
"선외 활동",7
"같이 보내면서",7
"넘겨주는 거야",7
"넘겨주기 전에",7
"넘겨주는 게",7
"선우의 다급한 숨소리",7
"같이 보내야",7
"선우의 다급한 신음",7
"같이 보내자고",7
"선우의 한숨",7
"선우의 옅은 신음",7
"선은 넘지",7
"그 사이트가",7
"넘겨줄 것",7
"선을 긋고",7
"선을 넘게",7
"the cause",7
"선을 넘기",7
"같이 보낼 수 있게",7
"선을 넘은 거",7
"넘기게 될 거야",7
"넘기고 내",7
"선을 넘지는",7
"그 사장이",7
"선을 벗어나면",7
"celebrate me",7
"선을 위한",7
"선을 안",7
"넘기는 거지",7
"선의를 가지고",7
"넘기는 대신",7
"넘기면 난",7
"선장님 의무실로 오십시오",7
"넘기지 않아",7
"선장이 아냐",7
"the chair",7
"같이 보면서",7
"선재가 숨을 들이켠다",7
"넘기지 않을 거야",7
"선재가 한숨을",7
"선재의 힘겨운 신음",7
"선제 공격",7
"넘길 생각",7
"그 살인 사건의",7
"같이 보이는",7
"선조에게 했던",7
"선조에게 했던 맹세를",7
"선조의 옅은 신음",7
"선조의 힘겨운 숨소리",7
"같이 보인다",7
"같이 보이는데",7
"같이 보일",7
"선크림 좀",7
"넘길까 봐",7
"선택 이",7
"그 살해",7
"그 삶에서",7
"선택권은 두",7
"넘는 것",7
"선택권을 주었다",7
"있습니다 여러분이",7
"선택권이 없습니다",7
"있습니다 여보세요",7
"He should be",7
"넘는 사람을",7
"certainly not",7
"선택권이 없죠",7
"넘보지 마",7
"넘보지 못할",7
"그 상자들",7
"선택만 하면",7
"있습니다 우리를",7
"넘어 온 거라서",7
"선택에 달렸다",7
"넘어 온 거라서 라틴어",7
"있습니다 우릴",7
"넘어가 볼까",7
"넘어가 볼까요",7
"넘어가 줄",7
"선택은 두 가지야",7
"그 상처들",7
"있습니다 이를",7
"선택을 하신",7
"넘어가는 건",7
"선택을 할 거라고",7
"넘어가려고 했는데",7
"선택을 해야 합니다",7
"그 상태론",7
"같이 부르자",7
"선택을 했구나",7
"그 상태에",7
"넘어가지 않게",7
"the children of the",7
"the children of",7
"넘어갈 거",7
"선택의 여지가 있나",7
"the church",7
"같이 사건",7
"같이 사건을",7
"그 새끼 어디",7
"그 새끼 잡으러",7
"선택지가 있다",7
"선택지는 없어",7
"넘어갈 순 없어요",7
"넘어갈 일이 아니야",7
"선택하기 전에",7
"선택하는 것은",7
"넘어선 것",7
"선택한 거다",7
"넘어온 거지",7
"넘어지는 거",7
"선택한 게 아니에요",7
"선택한 이",7
"넘어지면 안",7
"그 색깔",7
"많이 올랐어요",7
"넘어지지 않게",7
"선택할 수 없어",7
"넘어진 게",7
"chance to find",7
"선택할 수 있잖아",7
"넘었을 거예요",7
"그 생각 했는데",7
"같이 사진 찍어",7
"넘은 사람들에게",7
"넘은 사람들에게 물어야 제대로",7
"선택해야 했지",7
"넘은 사람들에게 물어야",7
"넘을 때",7
"선택했어 그들이",7
"선택했어 난",7
"선택했어 그리고",7
"넘을 수 없는",7
"선한 사람들을",7
"선한 일이",7
"있습니다 혼자",7
"the coach",7
"그 생각은 못 했어",7
"섣불리 움직이면",7
"그 생각은 하지",7
"넘치는 걸",7
"설 순",7
"설 테니까",7
"설 테니",7
"설거지를 하고",7
"그 생각을 못 했네요",7
"설계한 거야",7
"설계한 게",7
"많이 있나요",7
"있어 TV",7
"설교 들을 기분",7
"설교를 하고",7
"넣게 되면",7
"같이 산다니",7
"그 생각을 지울",7
"설득 중이에요",7
"그 생각을 할",7
"설득력이 있는",7
"그 생각을 해",7
"설득력이 있었어요",7
"그 생각을 했어요",7
"설득하는 거야",7
"같이 산책하러",7
"그 생각이야",7
"설득할 수 없어",7
"change it",7
"설득할 수 있을까",7
"그 생선",7
"설득해 볼",7
"넣는 것을",7
"그 서류들은",7
"설령 그렇다 해도",7
"그 서버를",7
"넣어 놓으면",7
"넣어 놓은",7
"설리번 씨",7
"넣어 두지",7
"설마 그럴 줄은 몰랐다",7
"설마 그럼",7
"설마 넌",7
"그 선수가",7
"설마 당신이",7
"넣어 안 돼요",7
"같이 살고 싶지",7
"넣어 주십시오",7
"change of plans",7
"설마 여기까지",7
"설마 우릴",7
"넣어 줄 수",7
"있어 같이 갈래",7
"넣어 줄게요",7
"그 선이",7
"같이 살고 있어",7
"설마 저게",7
"같이 살고 있지",7
"넣어 줘야",7
"설마 죽은",7
"설마 진심으로",7
"설마 하니",7
"설명 가능한",7
"넣어둔 거야",7
"넣어버릴 거야",7
"설명 듣기",7
"같이 살기로 했어",7
"그 선택의",7
"설명 못 해요",7
"그 설명에",7
"설명 좀 해 주세요",7
"넣어야 한다고",7
"넣어야 할지",7
"설명 할 수 있습니다",7
"넣어줄 거야",7
"같이 살다가",7
"설명 할 수 있을까요",7
"같이 살다니",7
"설명되지 않은",7
"설명되지 않는다",7
"넣었어요 난",7
"설명을 하자면",7
"많이 죽였어요",7
"많이 죽여서",7
"설명을 해주면",7
"넣으려고 해",7
"찾고 있어서",7
"그 세 가지",7
"넣으면 더",7
"설명이 되는군요",7
"넣으면 될",7
"설명이 안 되는데",7
"설명이 안돼요",7
"넣으면 안 돼요",7
"the cradle",7
"넣으세요 주차권을 넣으세요 주차권을",7
"그 세계의",7
"설명하긴 어렵지만",7
"설명하는 거야",7
"the crazy",7
"설명하는 거죠",7
"설명하는 걸",7
"넣은 사람이",7
"꼭 붙잡아",7
"설명하려고 했는데",7
"넣은 줄",7
"꼭 사고",7
"그 세월이",7
"the credit",7
"넣을 거고",7
"설명할 겁니까",7
"넣을 건",7
"But he''s a",7
"설명할 만한",7
"설명할 방법을",7
"설명할 방법은",7
"넣을 수 있는지",7
"그 셔츠를 입으렴",7
"설명할 수 있는 건",7
"설명할 수 있을까요",7
"설명할 수 있지만",7
"그 소녀들은",7
"넣을 순 없어요",7
"설명해 드려",7
"설명해 드리고",7
"설명해 드릴 거예요",7
"설명해 드릴 겁니다",7
"설명해 드릴 수",7
"꼭 선택해야",7
"넣지 않았다",7
"설명해 주십시오",7
"네 가게",7
"설명해 줄께",7
"네 가는",7
"설명해야 하나",7
"설명해야 할까요",7
"설명해야 할지 모르겠어",7
"네 가슴에서",7
"설명해줄 수 있을",7
"설비 팀장",7
"그 소리를 듣고",7
"설사 그들이",7
"설사 그렇다 해도",7
"같이 생일",7
"설이 너",7
"네 가족들에게",7
"네 가족에 대해",7
"설치는 거",7
"설치되어 있다",7
"그 소리지",7
"설치하는 건",7
"설치하는 게",7
"설치하는 데",7
"네 가족이라고",7
"네 가족이나",7
"설치할 거예요",7
"설치해 줘",7
"네 가지를",7
"So who",7
"설희 만만하게",7
"설희 씨",7
"섬 경찰",7
"네 감시",7
"섬 전체에",7
"섬겨야 할",7
"섬기기 위해",7
"섬기게 될",7
"섬기는 거야",7
"네 갑자기",7
"섬뜩한 효과음",7
"그 소식을 들었을",7
"섬에 있고",7
"같이 수다",7
"네 개씩",7
"섬에 있던",7
"네 개에",7
"섬에서 가장",7
"섬에서 무슨 일이",7
"섬으로 가는 중에",7
"섬유 유리",7
"섬으로 갈",7
"섬으로 가는 중에 침몰",7
"네 개의 별이",7
"네 개의 별이 하나가",7
"그 소총",7
"섭리를 거스르는",7
"섰지 말고",7
"성 기능 장애",7
"성 기능 장애를",7
"네 거나",7
"성 베드로의",7
"성 베드로와",7
"성 보나벤처",7
"성 사장",7
"the day you",7
"네 거야 네",7
"네 거야 네가",7
"성 프란시스의",7
"그 속을 누가",7
"the days of",7
"성게를 따고",7
"성격 알지",7
"성격 잘",7
"그 손 저리",7
"네 걱정을 많이",7
"그 손 저리 치워",7
"the days of old",7
"그 손 치우라고",7
"네 건 뭐야",7
"네 건강을",7
"성경 모임에",7
"같이 시간을 보낼",7
"그 손님",7
"그 손님은",7
"네 것 같아",7
"같이 시작한",7
"성경에 손을 얹고",7
"check your",7
"성공 못 할 거야",7
"성공 못 해요",7
"네 것보다 훨씬",7
"성공 못할",7
"성공 못하면",7
"성공과 실패",7
"같이 식사하러",7
"네 것이 아냐",7
"성공으로 가는",7
"같이 실려",7
"성공을 거뒀죠",7
"성공을 못",7
"네 것이니",7
"네 것이라고",7
"성공하게 되면",7
"성공하길 바라는",7
"성공하든 실패하든",7
"성공하면 돼",7
"그 수갑",7
"네 결정을 존중해",7
"있어 꼬마",7
"성공하지 못한다",7
"네 결정이 아니야",7
"그 수고를",7
"성공하지 못했다면",7
"네 결혼식을",7
"성공한 거예요",7
"the desert",7
"성공한 사람",7
"그 수면",7
"성공한 사업가로",7
"성공한 적은",7
"네 경우는",7
"성공한다고 해도",7
"네 경우에는",7
"성공할 거라",7
"네 경찰은",7
"성공할 거야 꼭",7
"성공할 거야 아직",7
"성공할 것 같아",7
"네 곁에 있으면",7
"성공할 수 있다는",7
"성공할 테니",7
"성공할 테니까",7
"네 계집",7
"성공했는지 어떻게",7
"같이 써야 해요",7
"성공했어 어떻게",7
"네 계획은 뭐야",7
"같이 써야 해요 난",7
"성과 이름을",7
"성과 좀",7
"네 고개",7
"있어 나처럼",7
"성과를 내지",7
"성관계를 가진",7
"성관계를 가지는",7
"같이 썼지",7
"성급한 게",7
"많이 했으니",7
"성냥 가지고",7
"네 고향으로",7
"네 고향도",7
"성냥 한",7
"성년이 된",7
"성년이 될",7
"성능 좋은",7
"많이 화난",7
"성대한 결혼식을",7
"the doc",7
"네 공이",7
"네 과거",7
"성룡의 아픈 신음",7
"성룡의 아픈",7
"성마리아 사제관입니다",7
"성명을 발표하다",7
"그 순간에 내가",7
"성모 마리아와",7
"child is speaking",7
"네 구역을",7
"성미 급한",7
"것 같아 자넨",7
"성부 성자",7
"성부 성자 성령의 이름으로",7
"성부 성자 성령의",7
"같이 아이스크림",7
"그 순간이 오면",7
"그 순간이야",7
"네 그거요",7
"성에 안 차",7
"네 그것도",7
"성에 차지",7
"네 그게 다예요",7
"네 그날 밤",7
"성유를 바릅니다",7
"네 그녀의",7
"같이 안 가고",7
"네 그러나",7
"네 그러네요",7
"성인 잡지",7
"네 그런데 왜",7
"성인이 되어",7
"네 그런데요",7
"같이 안 갈래요",7
"성장하고 있다",7
"같이 안 먹어요",7
"있어 너에",7
"네 그럼 이제",7
"the drama",7
"네 그렇구나",7
"네 그렇다고",7
"성적도 좋고",7
"것 같아 전",7
"있어 넌 그냥",7
"네 그를",7
"네 그리고 그",7
"네 그리고 넌",7
"네 그리고 전",7
"같이 안 있었어",7
"같이 안 있었어요",7
"같이 안 자",7
"있어 널 위해",7
"성질 더럽고",7
"그 시간까지",7
"성질 죽여",7
"성질을 가지고",7
"네 글자",7
"성철의 힘주는 신음",7
"성철의 힘주는",7
"choice to",7
"꼭 인간과",7
"성취감을 느낄",7
"네 기계가",7
"네 기다리게",7
"그 시간엔",7
"네 기다리고",7
"네 기도를",7
"네 기록에",7
"성탄절 선물로",7
"네 기록이",7
"네 기를",7
"같이 앉고",7
"성폭행 당한",7
"그 시간이 지나면",7
"같이 앉는",7
"성한의 거친",7
"성함이 뭡니까",7
"네 기술",7
"성환의 옅은",7
"성희롱 한 듯이",7
"성희롱 한",7
"세 AKB",7
"성희롱 한 듯이 굴길래",7
"세 가족이",7
"세 가지 중",7
"네 기회를",7
"세 가지입니다",7
"같이 앉을래",7
"네 깁스",7
"세 개나 있는",7
"세 개도",7
"세 개를 모두",7
"세 개밖에",7
"네 꼴을 좀",7
"세 건을",7
"세 건으로",7
"네 꿈의",7
"the edge of the",7
"네 꿈이야",7
"세 군데에",7
"세 군데의",7
"네 끔찍한",7
"세 그리고",7
"세 그는",7
"세 난",7
"꼭 잡아 주세요",7
"세 넘은 사람들에게 물어야",7
"세 넘은 사람들에게",7
"네 나이때",7
"세 마디",7
"거야 그렇고말고",7
"같이 얘기할",7
"세 마리는",7
"네 나이일",7
"세 마리의 다",7
"세 마리의 다 자란",7
"그 시절 그때로 기억해요",7
"세 명에",7
"같이 어디 좀",7
"네 남동생",7
"세 명이 함께",7
"네 남자 친구야",7
"세 방",7
"네 남자야",7
"그 시점까지",7
"세 배는 더",7
"그 시점부터",7
"네 남자친구한테",7
"네 남친을",7
"같이 엄마",7
"그 시체들",7
"세 번이나 했어",7
"세 번이야",7
"세 번째 눈",7
"네 남편이야",7
"세 번째 피해자",7
"세 번째로 큰",7
"세 번째이자",7
"네 내면의",7
"세 봉지",7
"네 너 뭐했어",7
"같이 열심히",7
"네 너희들",7
"그 식당의",7
"세 살배기",7
"세 상자",7
"그 신들",7
"세 소녀를",7
"세 소녀의",7
"세 소년을",7
"세 시간 뒤에",7
"네 노래는",7
"네 노예가",7
"네 노트",7
"세 아들이",7
"네 놈과",7
"세 아이 모두",7
"세 알",7
"세 여성의",7
"세 요",7
"그 신부님",7
"네 놈한테",7
"세 입니다",7
"네 놈이야",7
"세 장을",7
"clean and",7
"세 지난 연애",7
"the events",7
"세 팀이",7
"세 프로",7
"세 프로 서퍼",7
"세가 될",7
"I know one",7
"세간의 이목이",7
"네 눈 앞에",7
"네 눈깔을",7
"clean white",7
"그 실종된",7
"세게 때릴",7
"세게 못",7
"세게 세게",7
"그 심장",7
"세겠다 하나",7
"네 눈의",7
"세계 경제",7
"같이 오토바이",7
"세계 대전 당시",7
"그 심정이",7
"세계 모든 곳에서",7
"세계 사람들",7
"세계 보건 기구에서",7
"clean white love",7
"같이 온거야",7
"세계 속의",7
"네 다신",7
"세계 여러",7
"네 당시",7
"세계 챔피언이에요",7
"같이 올라갈래",7
"세계 최고의 특수부대",7
"세계 최고지",7
"세계 최고죠",7
"그 쓸모",7
"네 대단한",7
"세계가 믿는다",7
"같이 와 줘서 고마워요",7
"그 쓸모 없는",7
"세계가 어떻게",7
"네 대표님",7
"the face of",7
"세계가 우리에게",7
"세계가 이",7
"세계가 정말",7
"같이 와야",7
"세계가 지켜보는 가운데",7
"세계는 더",7
"그 아",7
"네 덕분이다",7
"네 덕에 내",7
"그 아가씨도",7
"네 덕이지",7
"네 덱스터",7
"네 도대체",7
"네 도움 없이",7
"세계를 다니며",7
"세계를 보는",7
"그 아기들은",7
"세계를 정복할",7
"세계를 파괴할",7
"네 도움이 필요하단다",7
"그 아내",7
"네 도움이 필요할 거야",7
"clever people",7
"세계에 오신 걸",7
"그 아들도",7
"꼭 찾게",7
"있어 무릎",7
"것 같아서 고마워요",7
"세계에서 가장 빠른",7
"세계에서 두 번째로",7
"네 돈을 다",7
"세계에서 손꼽히는",7
"세계에서 유명한",7
"세계에서 일어나는",7
"세계에선 당신이 날 사랑한다면",7
"세계에선 당신이 날",7
"세계에선 당신이",7
"네 동료와",7
"세계의 나머지",7
"네 동생 좀",7
"같이 왔잖아요",7
"네 동생과 함께",7
"세계의 존재들",7
"세계의 종말이",7
"세고 있는",7
"세고 있었어",7
"네 동생을 쐈어 그가",7
"세금 공제",7
"Some of them",7
"세금 신고서",7
"같이 우리 집에",7
"세금을 내고",7
"네 동생인",7
"같이 우리의",7
"네 동생처럼",7
"그 아비에",7
"같이 울고",7
"네 두 분",7
"세기 아테네",7
"세기 아테네 보다 좀",7
"세기 아테네 보다",7
"네 뒤",7
"네 둘째",7
"세기 초반",7
"세기 프랑스 로맨스",7
"세기 프랑스 로맨스 문학을",7
"세기를 함께",7
"네 뒤통수를",7
"네 뒷모습을",7
"세기의 파티를",7
"그 아이가 날",7
"네 들어요",7
"세대 동안 Ark가 인류를",7
"세대 동안 Ark가",7
"네 따라",7
"세대를 위한",7
"the files",7
"같이 이겨내자",7
"같이 이겨낼",7
"세레나 밴 더 우드슨",7
"세레나 아가씨",7
"네 딸은 여기",7
"네 딸을 만나",7
"세례를 받게",7
"네 딸을 위해서",7
"네 딸이랑",7
"close my eyes",7
"네 딸한테",7
"네 또래일",7
"네 또래일 때",7
"세르게이 미쉬네프",7
"세르세이 라니스터",7
"세르게이 빅토로비치",7
"그 아이를 구했을",7
"세르세이는 제",7
"네 뜻에",7
"네 뜻이라면",7
"네 라면",7
"같이 일 할 수",7
"네 랩",7
"세면대 밑에",7
"그 아이에게서",7
"있어 보여서요",7
"네 마가렛",7
"세부 사항들이",7
"세부 사항들을",7
"네 마누라랑",7
"the first person",7
"세부사항에 대해",7
"네 마누라한테",7
"세부적인 걸",7
"세븐 빌딩을",7
"같이 일하고 싶어",7
"그 아저씨도",7
"세상 끝에",7
"세상 끝날 때까지",7
"세상 누가",7
"네 마음만",7
"세상 더",7
"그 아저씨랑",7
"세상 돌아가는 걸",7
"세상 돈을 다",7
"세상 모든 건",7
"네 마음엔",7
"세상 모든 것이",7
"네 마음을 아프게",7
"세상 무서운",7
"네 마음을 바꿀",7
"세상 무엇보다 널",7
"그 아파트는",7
"the first to",7
"네 마침",7
"세상 사람들도",7
"세상 사람이 아닌",7
"그 악귀",7
"세상 속에서",7
"세상 안에",7
"네 말 들었어",7
"같이 일하는 건",7
"네 말 들을걸",7
"같이 일하는 걸",7
"세상 이치가",7
"세상 참 좁죠",7
"세상 참 좁지",7
"네 말대로 우린",7
"I know that I",7
"세상과 이",7
"세상과 함께",7
"세상과 단절된",7
"있어 붉은",7
"세상에 가",7
"세상에 가자",7
"네 말로",7
"세상에 공개할",7
"세상에 괜찮니",7
"세상에 괜찮으세요",7
"있어 비행기",7
"그 안에 돈이",7
"그 안에 들어",7
"네 말을 들어",7
"세상에 끔찍한",7
"네 말을 들었다",7
"Some sort",7
"네 말을 믿어",7
"네 말이 맞구나",7
"같이 일하시는",7
"그 안에 뭔가",7
"그 안에 숨겨진",7
"세상에 당장",7
"네 말이 맞다 난",7
"네 말이 맞아 그",7
"세상에 많이",7
"네 말이 맞아 그건",7
"세상에 망할",7
"세상에 못",7
"세상에 무슨 일이야",7
"closer than",7
"그 안에 있었어",7
"네 말이 맞아요",7
"I know that you''re",7
"그 안에 있지",7
"the fluid",7
"세상에 사람이",7
"네 말이 맞았으면 좋겠어",7
"그 안에서 무슨",7
"세상에 아뇨",7
"네 말이 옳다",7
"그 안에서 죽을",7
"네 말이 옳다고",7
"네 말투",7
"네 말투는",7
"세상에 야",7
"Some sort of",7
"세상에 어쩌면",7
"세상에 언제",7
"세상에 얼른",7
"세상에 없다",7
"그 안전",7
"세상에 없을",7
"있어 변호사",7
"세상에 오직",7
"네 매력에",7
"세상에 우린 시간을 너무",7
"세상에 우릴",7
"세상에 우린 시간을",7
"네 머리나",7
"세상에 이것 좀 봐",7
"세상에 이게 어떻게",7
"세상에 있어",7
"세상에 있을",7
"네 머리엔",7
"그 앞을",7
"세상에 저런",7
"그 애 곁에",7
"Somebody help",7
"같이 일했고",7
"그 애 말이야",7
"세상에 죽은",7
"있어 시작해",7
"있어 시청",7
"네 머릿속엔",7
"네 머릿속으로",7
"네 머릿속은",7
"있어 시체를",7
"세상에 하나",7
"그 애 아빠는",7
"그 애 얼굴을",7
"세상에나 마상에나",7
"세상에 홀로",7
"세상에나 왜",7
"세상에서 가장 가까운",7
"네 면상",7
"네 면상에",7
"세상에서 가장 빠른 사나이다",7
"네 명 중 한",7
"세상에서 가장 어려운",7
"세상에서 가장 운 좋은",7
"세상에서 가장 운",7
"세상에서 가장 완벽한",7
"세상에서 가장 운이 좋은",7
"세상에서 가장 운좋은",7
"세상에서 가장 유명한",7
"세상에서 가장 정확한",7
"네 명성은",7
"네 명씩",7
"그 애가 그런",7
"네 명요",7
"세상에서 네가",7
"세상에서 말이야",7
"세상에서 마지막으로",7
"네 명인데",7
"세상에서 오직",7
"세상에서 제일 싫어",7
"네 모습 그대로",7
"그 애가 어떤",7
"그 애가 어떻게",7
"네 모습으로",7
"네 모습이 아니야",7
"세상에서 한번도 보지못한",7
"세상엔 그런",7
"세상엔 못",7
"그 애가 우리",7
"같이 있고 싶어서 난",7
"세상엔 온갖",7
"그 애가 지금",7
"세상은 그를",7
"세상은 나의",7
"네 목소리도",7
"그 애는 내 딸이",7
"같이 있고 싶은데",7
"네 목숨과 함께",7
"네 목숨은 내",7
"그 애는 아무",7
"세상은 알",7
"그 애는 아주",7
"그 애는 여기",7
"세상을 구하느라",7
"세상을 구하는 건",7
"그 애는 이제",7
"네 목표에",7
"네 몫까지",7
"세상을 구했어",7
"네 몫이지",7
"세상을 구했죠",7
"네 몸과",7
"세상을 다 가진 기분이",7
"세상을 더 낫게",7
"그 애들에게",7
"네 못된",7
"세상을 떠나",7
"네 무기를",7
"Someone needs to",7
"세상을 떠났지",7
"세상을 떠들썩하게",7
"세상을 떠났지만",7
"그 애들처럼",7
"cm 정도 되는",7
"세상을 멈춰",7
"the garden",7
"같이 있는 걸 봤어요",7
"세상을 바꾸는 거예요",7
"네 문을",7
"세상을 바꾸려는",7
"세상을 바꾸는 데",7
"있어 애비",7
"그 애를 만나고",7
"그 애를 데리고",7
"세상을 바꿀 힘이",7
"네 문제도",7
"그 애를 볼",7
"But if I",7
"세상을 보지",7
"세상을 봐",7
"세상을 봤어",7
"세상을 선물할테니",7
"세상을 안전하게",7
"그 애를 어떻게",7
"세상을 위하여",7
"네 뭐 좀",7
"세상을 좀 더",7
"않았다는 말은",7
"세상을 지배할 수",7
"세상을 향한",7
"세상의 것이",7
"세상의 그 어떤",7
"세상의 모든 것을",7
"I know they don''t",7
"세상의 중심이",7
"네 미안하다",7
"네 미치겠네",7
"같이 있는지",7
"있어 어머니를",7
"세상이 끝난다고",7
"세상이 나를",7
"네 바다에서",7
"그 애인은",7
"the golf",7
"세상이 다 아는",7
"세상이 당신",7
"그 애한테 무슨 짓을",7
"네 바지를",7
"세상이 많이",7
"네 바지에",7
"네 박스",7
"세상이 미쳐 돌아가고",7
"세상이 바뀌고",7
"세상이 바뀌는",7
"사람을 한번도 본 적이",7
"세상이 변해도",7
"세상이 볼 수",7
"cm가 넘는",7
"네 발목을",7
"네 발이",7
"그 앱은",7
"세상이 위험에",7
"네 방도",7
"같이 있던 게",7
"세상이 지금",7
"the good times",7
"그 약들은",7
"세상이 훨씬",7
"같이 있던 남자",7
"세세한 것",7
"세스나기를 띄워",7
"세스와 버트가",7
"세스나기를 띄워 주세요",7
"세실 B",7
"네 방해해서",7
"그 약속을 깊이",7
"그 약속을 깊이 새기려네",7
"세영 씨",7
"세어''라고 부르죠",7
"세우고 내",7
"네 번 정도",7
"세우고 있었어",7
"세우는 거예요",7
"네 번호는",7
"세운 모든",7
"네 벌이야",7
"네 법정",7
"세울 수 없어",7
"세울 수 있다고",7
"세울 수 있다",7
"네 베프",7
"세워 두고",7
"그 양반이 그렇게",7
"세워 봐요",7
"세워 여기",7
"세워 주시면",7
"세워 차",7
"네 보험",7
"네 보호",7
"네 보호가",7
"네 보호는",7
"세월이 참",7
"그 얘기 꺼내지 마",7
"네 본명은",7
"I know this is",7
"세이 굿바이 세이",7
"세이 굿바이 세이 굿바이",7
"그 얘기 또",7
"같이 있어 줘요",7
"세이나 씨를",7
"같이 있어도 돼",7
"네 부모는 널",7
"세이프 하우스",7
"세인츠 교회",7
"네 부모님도",7
"그 얘기 좀 그만해",7
"네 부모님에 대해",7
"네 부모님의",7
"세인트 안드레",7
"세인트 토머스",7
"세인트 폴 대성당에",7
"세인트 폴에",7
"네 부탁은",7
"세입자 중",7
"같이 있어야 할",7
"있어 우린 널",7
"I know we''re",7
"네 부하가 아니야",7
"세지 말고",7
"그 얘기 했어",7
"세차할 때",7
"세쿠 바",7
"the gun down",7
"네 분노를",7
"그 얘기가 아니라",7
"있어 웃기지",7
"세탁을 하고",7
"세탁한 옷",7
"세탁한 옷 좀 가져",7
"세탁한 옷 좀",7
"세트 메뉴",7
"찾아보라고 해",7
"the gutter",7
"세포 분열",7
"세포 수준에서",7
"세포 재생",7
"세포 재생을",7
"그 얘기까지",7
"네 비서가",7
"네 비행기",7
"네 비행기에",7
"네 빚에",7
"그 얘기네",7
"그 얘기는 그만",7
"섹스 생각이",7
"있어 이건 내",7
"섹스 안 했어",7
"섹스 중에",7
"그 얘기는 꺼내지도",7
"섹스 테이프가",7
"섹스 파티를",7
"그 얘기는 나중에 해",7
"섹스 할 뻔했어요",7
"섹스 했어",7
"섹스는 할",7
"섹스도 할",7
"네 사무실로",7
"그 얘기는 안 하는",7
"네 사무실은",7
"있어 유론",7
"섹스를 하려고",7
"같이 있었구나",7
"네 사생활을",7
"네 사샤",7
"네 사업",7
"네 사정은",7
"the handle",7
"섹스에 미친",7
"그 얘기는 하면",7
"섹스하기 전에",7
"그 얘기는 하면 안",7
"섹스하려고 했잖아",7
"All we''ve",7
"섹스할 수 있는",7
"섹스해 본",7
"섹스해본 적",7
"섹시 러브",7
"섹시하고 멋진",7
"섹시하다고 생각하는",7
"네 살짜리",7
"섹시한 남자가",7
"섹시한 금발",7
"섹시한 당신",7
"섹시한 속옷을",7
"섹시한 아가씨",7
"the hardest",7
"섹시한 여자들",7
"섹시한 여자랑",7
"있어 인터넷에서",7
"섹시한 줄",7
"네 상관이",7
"네 상담",7
"센 놈",7
"네 상사와",7
"그 얘기를 하러 온",7
"네 상처가",7
"센스 안 죽었네",7
"네 상태는",7
"네 상황",7
"센트 짜리",7
"네 생각 많이 했어",7
"센트럴 시티 픽처 뉴스",7
"센티널 서비스를 위해",7
"센티널 서비스의",7
"센티미터 내외로",7
"센티넬 서비스",7
"센티미터 내외로 추정됩니다",7
"셀 거예요",7
"그 얘기요",7
"그 얘기하려고",7
"그 얘긴 그만하고",7
"셀 수도 없을",7
"셀 수도 없이 많은",7
"네 생각엔 내가",7
"셀리나 마이어 대통령 사무실",7
"셀린 디옹",7
"네 생각을 멈출",7
"color of",7
"네 생각을 못",7
"셈이 돼",7
"네 생각이 나서",7
"셈이죠 아마",7
"셈이죠 정말",7
"셈이지 그러니까",7
"셈이지 그래",7
"네 생각하고",7
"셋 괜찮아",7
"셋 넷 하나",7
"네 생명이",7
"셋 됐어",7
"네 생일은",7
"I know what it",7
"셋 셉니다",7
"네 생일인 걸",7
"셋 이제",7
"네 서둘러",7
"같이 있을 땐",7
"그 얘길 나한테",7
"네 선생님이",7
"셋에 옮겨요 하나",7
"네 선택",7
"셋이 모두",7
"the hell am",7
"셋이 즐기는",7
"셋이 죽었어요",7
"셋이 힘을",7
"the hell am I",7
"그 얘길 한",7
"셔츠 단추",7
"네 성적은",7
"셔츠 맘에",7
"그 얜",7
"셔츠 바지",7
"셔츠 벗어요",7
"셔츠 입어",7
"네 세상의",7
"셔츠 파란",7
"셔츠가 다",7
"셔츠 한",7
"the hell do",7
"셔츠를 벗어",7
"셔츠를 입고 왔잖아",7
"셔츠를 입으렴",7
"셔츠를 입고 왔잖아 떠날",7
"the hell do you",7
"션 벤슨",7
"션 벤슨 이안 매튜스",7
"션 벤슨 이안",7
"셜록 씨",7
"셜록 홈즈야",7
"셜록 홈즈와 조안 왓슨입니다",7
"그 어디에서도",7
"But if we",7
"셰퍼드가 내",7
"셸 아일랜드",7
"셸스트롭은 사망했어요",7
"소 떼를",7
"소 잃고",7
"그 어떤 남자도",7
"소감 한마디",7
"그 어떤 때보다",7
"네 손님이야",7
"소개 좀 해줘",7
"그 어떤 바다도",7
"소개는 필요",7
"네 손목을",7
"소개를 할게",7
"네 손에 있는",7
"소개시켜 주세요",7
"소개하고 싶다",7
"소개하는 게",7
"네 손해야",7
"소개할 때가",7
"Somewhere over the",7
"소개할 사람은",7
"소개할게요 안녕하세요",7
"네 숙모가",7
"같이 자는 사이",7
"네 숙제는",7
"네 숨",7
"네 숨통을",7
"있어 주려고",7
"소개해 줄 수",7
"네 스승을",7
"Somewhere over",7
"네 스타일은",7
"the help",7
"네 승리야",7
"그 언니는",7
"같이 자라고",7
"네 시간 후에",7
"the hero",7
"네 시간이 다",7
"네 시간이나",7
"네 시에",7
"네 시체가",7
"소녀 때문에",7
"네 식대로",7
"소녀 장사",7
"소녀가 되야",7
"소녀가 되야 해",7
"소녀가 아니야",7
"네 신발은",7
"네 신발을",7
"소녀는 그",7
"소녀가 있었어",7
"네 신발이",7
"소녀들은 즐기고 싶을",7
"소녀들은 즐기고",7
"있어 즉시",7
"come back to the",7
"네 신상에",7
"그 얼마나",7
"그 얼음",7
"같이 자서 내가",7
"네 신호를",7
"네 실력 좀",7
"네 실력은",7
"같이 자서 내가 얼마나",7
"소년 얘기",7
"소년과 소녀가",7
"Somewhere over the rainbow",7
"소년소녀들의 생생한 일상을",7
"소년소녀들의 생생한",7
"네 실수",7
"네 실수는",7
"소년에 관한",7
"소년에 대해",7
"소년의 이름은 류트 세계",7
"소년의 이름은 류트",7
"소년이 소녀를",7
"그 없이는",7
"같이 자주",7
"소니와 세어",7
"소다 주세요",7
"소다 한",7
"come by",7
"네 쓸데없는",7
"그 여름에",7
"소란 떨지 마",7
"네 아기의",7
"소란을 피우는",7
"소란이 좀",7
"소련 우주",7
"같이 잔다고",7
"소름 끼쳤죠",7
"소름 끼치고",7
"소름 끼치잖아",7
"소름 끼치더라",7
"the hound",7
"네 아들이 아니야",7
"소름이 돋아",7
"소름이 끼친다",7
"네 아들이잖아",7
"네 아름답지",7
"네 아름답지 않아",7
"네 아무 것도",7
"그 여자 덕에",7
"네 아버님",7
"the hours",7
"네 아버님이",7
"네 아버지 말투에서",7
"네 아버지 말투에서 마치",7
"그 여자 때문이죠",7
"당신 스타일이",7
"Soon as",7
"소리 내어 운다",7
"네 아버지가 어떻게",7
"그 여자 말로는",7
"그 여자 말은",7
"네 아버지는 그",7
"소리 듣지",7
"미스터 프랄린",7
"소리 들리면",7
"소리 들리니",7
"네 아버지도 안",7
"네 아버지도 안 된다고",7
"있어 팔",7
"같이 잤나",7
"네 아버지를 위해",7
"네 아버지를 죽이지",7
"그 여자 손에",7
"소리 말고 빨리",7
"소리 말이에요",7
"소리 말아라",7
"소리 아냐",7
"소리 안 했어",7
"소리 안 해",7
"소리 안들려",7
"그 여자 어딨어",7
"소리 좀 그만 질러요",7
"말 알아들었어요",7
"소리 좀 키워",7
"소리 지르기 전에",7
"네 아빠 같은",7
"소리 지르다",7
"그 여자 이름은 뭐예요",7
"네 아빠 한테",7
"그 여자 잘",7
"네 아빠고",7
"소리 치지 마",7
"같이 저녁 먹기로",7
"네 아빠는 좋은",7
"소리 하는데",7
"네 아빠랑 같이",7
"그 여자 집",7
"소리 하려는",7
"네 아빠를 잘",7
"네 아빠만",7
"소리 하지 말아요",7
"소리 할래",7
"소리 해",7
"소리 할 거면",7
"같이 저녁 먹을",7
"소리 후 메시지",7
"소리 후 통화료가 부과됩니다",7
"네 아빠한테도",7
"소리가 그렇게",7
"소리가 꽤",7
"소리가 나네",7
"그 여자가 내게",7
"소리가 나더니",7
"소리가 나오냐",7
"네 아이들의",7
"네 아이디어잖아",7
"소리가 날 때까지",7
"come out of",7
"소리가 두",7
"소리가 들려 네",7
"네 아픈",7
"소리가 들렸지",7
"the issue",7
"그 여자가 뭐",7
"소리가 들리는가",7
"네 안경",7
"같이 점심 먹을",7
"소리가 들리다",7
"네 안녕하세요 안녕하세요",7
"소리가 들린 것",7
"소리가 들릴 거야",7
"같이 점심 먹을까",7
"소리가 무슨",7
"네 안부를",7
"같이 점심 먹자",7
"그 여자가 어디 있는지",7
"그 여자가 얼마나",7
"소리가 왜",7
"소리가 이곳 저곳",7
"소리가 이곳 저곳 들린다",7
"소리가 이곳",7
"소리가 좀 났을까",7
"네 안의 그",7
"같이 정말",7
"있어 힘내",7
"소리가 틀린데 편곡한",7
"소리가 틀린데",7
"소리가 틀린데 편곡한 거야",7
"소리내지 마",7
"소리는 그만",7
"소리는 듣고 싶지",7
"소리는 듣기",7
"소리는 듣고",7
"소리는 아니지",7
"그 여자가 준",7
"네 알겠어",7
"소리도 들려요",7
"그 여자나",7
"come over here",7
"소리도 못 듣고",7
"A surprise play",7
"소리도 안 나",7
"네 앞가림이나 잘해",7
"소리도 안 들리는데",7
"네 앞날이",7
"그 여자는 그",7
"네 앞에 있다",7
"같이 좋아",7
"소리로 말하지",7
"I know who did",7
"그 여자는 누구야",7
"소리를 내기",7
"소리를 내는지",7
"소리를 내다",7
"그 여자는 당신",7
"않으니까 네가",7
"그도 너에 대해",7
"찾아올 걸",7
"그 여자는 아무것도",7
"네 약물",7
"같이 죽어야지",7
"그 여자는 여기",7
"네 약속을",7
"소리를 따라",7
"네 얘가",7
"소리를 지르다",7
"소리를 질러댔어요",7
"소리를 질러도",7
"소리를 하고 있는",7
"소리를 하고 있는 거야",7
"네 얘기를 듣고",7
"네 얘기를 해",7
"네 얘기를 했어",7
"소리를 하는 건지",7
"네 얘기잖아",7
"그 여자도 그러더라고",7
"소리를 하지",7
"소리만 듣고",7
"소리를 했죠",7
"소리만 지르고",7
"소리야 그건",7
"소리야 네",7
"소리야 또",7
"같이 즐기는",7
"소리야 알겠니",7
"소리야 지금",7
"그 여자들한테",7
"소리야 혹시",7
"그 여자때문에",7
"소리에 맞춰",7
"네 어머",7
"같이 지금",7
"네 어릴",7
"소리인 줄",7
"the land of",7
"소리처럼 들릴 수도",7
"소리쳐서 미안해요",7
"소리치고 있었죠",7
"소리하고 자빠졌네",7
"네 어미의",7
"소린 거",7
"소린 아니잖아 그만해요",7
"소린 아니잖아 그만해요 정치인들한테",7
"소린 아니잖아",7
"소린 하지 마",7
"소린지 알",7
"소릴 들었죠",7
"소릴 들으니",7
"그 여자를 사랑하는",7
"소릴 안",7
"소릴 질렀어",7
"소릴 하는 거 에요",7
"소릴 하는 거",7
"소릴 하는군",7
"네 얼굴을 보고",7
"네 얼굴을 봐",7
"네 얼굴을 봤어",7
"소매 걷어",7
"네 얼굴이야",7
"소문 같은",7
"소문 나면",7
"소문 들었지",7
"소문 못",7
"소문낼 거야",7
"come up with a",7
"소문도 있고",7
"네 엄마가 된",7
"같이 지냈어",7
"소문은 들었어",7
"소문은 들었지만",7
"네 엄마가 우리",7
"네 엄마가 이걸",7
"소문을 들었거든",7
"네 엄마는 그",7
"네 엄마는 그걸",7
"그 여자애가 한",7
"소문이 난",7
"네 엄마는 내",7
"소문이 날",7
"소문이 도는데",7
"네 엄마는 내가",7
"그 여자애들은",7
"소문이 돌았다",7
"네 엄마는 항상",7
"그 여자애들이",7
"소문이 사실인가",7
"소문이 아니야",7
"네 엄마라면",7
"소문이 얼마나",7
"그 여자애에",7
"네 엄마랑 놀아야겠어",7
"소문이 있었어요",7
"그 여자애와",7
"소문이 좀",7
"소문이 파다하던데",7
"소문이 퍼지고 있어",7
"네 엄마를 사랑했어",7
"네 엄마를 위해",7
"네 엄마를 사랑해",7
"네 엄마를 죽였어",7
"네 엄마보다",7
"것 같아요 아버지가",7
"소방서에 전화해",7
"있어서 약을",7
"소변 샘플을",7
"소변 좀 보고",7
"소비량도 통제되지",7
"네 엄마한텐 맞는",7
"네 엄마한텐 맞는 말",7
"네 업무",7
"소설을 쓰는",7
"네 엉터리",7
"네 여권",7
"네 여권을",7
"소속사 대표",7
"소속의 특별",7
"the leaves",7
"소속이 어디야",7
"네 여기에",7
"소송 각하",7
"그 여자잖아",7
"소송 비용을",7
"말 좀 하게 해주고",7
"있어서 일이",7
"소송 중인데",7
"소송은 안",7
"comes down",7
"네 여자 친구 아냐",7
"한 의사",7
"the leg",7
"소수의 사람들이",7
"그 여자한텐",7
"소스 코드가",7
"그 여잔 내",7
"소식 들어오는 대로",7
"소식 들어오는",7
"소식 들어오면",7
"소식 들었다",7
"소식 들었습니다",7
"the library",7
"네 여친을",7
"소식 들었지",7
"소식 들으셨습니까",7
"소식 들으면 연락",7
"소식 들은 거 없어",7
"같이 축하하자",7
"그 여학생 전공은",7
"소식 때문에",7
"소식 못 들었어요",7
"the lie",7
"소식 안",7
"같이 춤도",7
"I know you don''t",7
"소식 전해줘",7
"네 열",7
"네 열쇠를",7
"소식도 있습니다",7
"네 영상",7
"소식은 곧",7
"소식은 계속",7
"소식은 네가",7
"네 영화에",7
"comes the",7
"같이 춤출까",7
"네 옆에 서",7
"소식은 없는",7
"네 옆에 있을게",7
"Sparrow 선생님",7
"소식은 있나",7
"그 연구의",7
"소식을 가져왔소",7
"네 예전에",7
"소식을 듣기",7
"그 연기를",7
"그 연설은",7
"소식을 들을 때까지",7
"그 연세에",7
"그 열기가",7
"네 오빤",7
"소식을 전해 드리자면 저",7
"소식을 전해야겠어",7
"같이 큰",7
"comes to the",7
"소식이 더 있어요",7
"소식이 들어오면",7
"소식이 없나요",7
"소식이 없다면",7
"소식이 왔어",7
"그 엿 같은",7
"소식이 있나",7
"소식이 있는",7
"소식이 있어 네가",7
"같이 타고 갈래",7
"소식이 있어 소식",7
"그 영광은",7
"소식이 있어서요",7
"같이 타도",7
"소식이 있어요 좋은",7
"그 영상들을",7
"소식이 하나 더",7
"소식이네 싫은 거니",7
"소식이네 싫은",7
"그 영상으로",7
"소식이랑 나쁜",7
"I know you think",7
"소아 성애자가",7
"같이 타자",7
"말 하고 싶진 않지만",7
"소요 시간은",7
"the little girl",7
"소용 없다고",7
"그 영향으로",7
"소용 없었어요",7
"소용 있어",7
"소용도 없어",7
"the lobby",7
"네 운명이다",7
"같이 택시",7
"소용없어 그래도",7
"네 운을",7
"소용없어 내가",7
"있어야 하는데 내가",7
"소용없을 거",7
"소용없어 이미",7
"같이 특별한",7
"소용이 없었어",7
"소용이 없었죠",7
"네 유머",7
"네 유전자",7
"네 육체도",7
"네 육체도 아무도",7
"네 육체도 아무도 처다",7
"the local",7
"소원 비는",7
"소원 빌고",7
"네 음악에",7
"소원대로 해주지",7
"소원을 다",7
"네 의견에",7
"coming back to",7
"소원을 빌 수",7
"소원을 빌어야 우리가",7
"소원을 빌어야 우리가 원하는",7
"소원을 빌었어",7
"네 의식이",7
"소원이 하나",7
"네 의지와 상관없이",7
"소유 할",7
"the look on",7
"네 이거 좀",7
"소유물이 아니라고",7
"그 예쁜 얼굴",7
"같이 하기로 했잖아",7
"그 옛날에",7
"소유할 수 없어",7
"소유할 순 없어요",7
"소음 문제",7
"네 이름과",7
"네 이름도 몰라",7
"소장이 소리를",7
"소장이 소리를 지른다",7
"네 이름으로 나를",7
"네 이름으로 나를 불러",7
"네 이름을 따서",7
"All we''ve got",7
"coming for you",7
"있어야 해요 난",7
"그 오랜 세월이",7
"그 오렌지",7
"소중한 것입니다",7
"같이 하니까",7
"소중한 두",7
"네 이마에",7
"소중한 사람들과",7
"네 이모부가",7
"소중한 시간",7
"같이 하면서",7
"소중한 자산",7
"소중한 우리",7
"소중한 존재인지",7
"소중한 친구가",7
"네 이상입니다",7
"그 옷 입은",7
"소중히 생각해",7
"소중히 생각하는",7
"네 이야기의",7
"소중히 해",7
"소중히 해야 해",7
"소지품을 잘",7
"네 이쪽입니다",7
"소지하고 있다",7
"소지하고 있습니다",7
"네 인간",7
"소질 있나",7
"소질이 없나 봐",7
"소질이 없네",7
"네 인생과",7
"Spiritus Sancti",7
"있어요 가는",7
"소집한 건",7
"소켓 렌치",7
"있어요 가라",7
"네 인생에서 제일",7
"네 인생은 네가",7
"소통할 수 있어요",7
"소파 옆에",7
"네 인생을 망치고",7
"소파가 있어요",7
"네 인생을 살아라",7
"같이 한 거야",7
"네 인생을 어떻게 살지는",7
"소파에서 안",7
"있어요 가슴에",7
"소파에서 잤어",7
"소포가 왔어",7
"소풍 갈",7
"네 일과",7
"소풍을 간",7
"있어요 개인적인",7
"소피 B 호킨스",7
"그 외계의",7
"소피 트로이를",7
"네 일어나",7
"소행 같아요",7
"네 일은 네가",7
"그 외는",7
"네 일을 할",7
"coming in here",7
"소환 할 수",7
"소환 할",7
"같이 한잔 하면서",7
"소희의 웃음",7
"그 외에도 많은",7
"속 깊숙한",7
"같이 한잔하지",7
"같이 한잔 하면서 축하하면",7
"네 일이지",7
"속 많이",7
"속 보인다",7
"속 사람들이",7
"속 사람들",7
"속 시두스",7
"속 안내",7
"속 어딘가에서",7
"속 음성이",7
"속 인물의",7
"그 요원을",7
"속 자그만 초비",7
"속 자그만",7
"그 욕조",7
"그 욕심",7
"속 편하게",7
"속고만 살았나",7
"네 자랑을",7
"같이 할게",7
"네 자리도",7
"있어요 그 사람이",7
"속담이 있어",7
"속담에 이런 말이",7
"속도 그리고",7
"네 자린",7
"속도 높여",7
"속도 안",7
"속도 줄여야",7
"네 자신에 대해",7
"A Gallifreyan",7
"속도가 더",7
"그 우정",7
"Srinivasa Ramanujan",7
"그 우정 때문에",7
"네 자신을 위해서",7
"그 우정 때문에 그",7
"속도가 좀",7
"그 우정이",7
"네 자존심이",7
"속도를 낼 수",7
"속도를 늦추는",7
"속도를 높일 수",7
"네 작품을",7
"속도를 늦춰야 해요",7
"그 운명이",7
"같이 해결하면",7
"네 잘 들어",7
"속도를 줄여",7
"속도를 줄여요",7
"그 운좋은",7
"속도위반 딱지를",7
"속물이었던 파르네세",7
"속물이었던 파르네세 교황들 중",7
"속물이었던 파르네세 교황들",7
"속보를 알려드립니다",7
"그 웃음은",7
"같이 해결해야",7
"속삭이는 건",7
"네 잘못이 아니라고",7
"같이 해낸",7
"네 잘못이 아니야 내가",7
"속상한 일이",7
"네 잘못이야 네가",7
"속상해하지 마세요",7
"그 원피스",7
"그 웹사이트",7
"속속들이 알고 있어",7
"네 장군님",7
"속아 넘어가면",7
"속아 넘어가다니",7
"속아 넘어갔어",7
"속에 계속",7
"네 재킷에",7
"속에 깊이",7
"그 위스키는",7
"네 잭슨",7
"네 저거",7
"속에 눈을 감으면",7
"속에 눈을",7
"속에 눈을 감으면 깊숙이",7
"속에 다",7
"네 저기서",7
"그 위에서 뭐",7
"속에 두",7
"속에 들어가면",7
"속에 또",7
"그 위원회",7
"네 저번에",7
"그 위치로",7
"속에 살지",7
"네 저흰",7
"네 저희도",7
"그 위험",7
"네 적의",7
"속에 숨지",7
"네 적이야",7
"속에 우리",7
"속에 오래",7
"그 위협은",7
"속에 있다는",7
"속에 있다고요",7
"속에 있어야",7
"네 전용",7
"속에 있었는데",7
"그 유니폼을",7
"속에 있으니",7
"그 유령이",7
"네 전화로",7
"네 절대",7
"네 절친이야",7
"속에서 당신을",7
"네 정말로요",7
"속에서 모두가",7
"그 유전자",7
"속에서 볼",7
"속에서 볼 수",7
"the missing",7
"속에서 살아",7
"속에서 살게",7
"그 은행은",7
"속에서 새로운",7
"같이 호텔로",7
"그 은행을",7
"속에서 용기를",7
"속에서 우리는",7
"속에서 자신을",7
"속에서 죽은",7
"네 제기랄",7
"그 음료수",7
"네 제대로",7
"속에서 혼자",7
"속에서는 探しても",7
"속에서는 探しても 見つけても 意味がないよ",7
"속에서는 探しても 見つけても",7
"같이하는 거야",7
"속였어 네",7
"그 음악에",7
"속였을지 몰라도",7
"같이하는 게",7
"속옷도 안",7
"속으로 그렇게",7
"속으로 들어와",7
"그 의도를",7
"그 의뢰인은",7
"속으로 사라져",7
"그 의무를",7
"같잖아 난",7
"그 의미야",7
"속은 알",7
"그 의미에서",7
"속을 거야",7
"속을 걷는",7
"속을 들여다",7
"그 의사와",7
"속을 뻔했어",7
"그 의사의",7
"네 죄의",7
"네 죗값을",7
"네 주로",7
"네 주머니에 있는",7
"그 의식은",7
"속의 모든",7
"속의 아이가",7
"네 주위의",7
"속이 깊은",7
"그 의심을",7
"속이 다른",7
"속이 뒤집힐",7
"속이 메슥거려",7
"네 주인이다",7
"속이 시원해요",7
"그 의자에 앉아",7
"속이 안 좋은",7
"네 죽음으로",7
"네 죽음에",7
"그 이기적인",7
"네 준비",7
"속이고 있다는",7
"네 줄",7
"Drip drippity",7
"속이기 위해서",7
"그 이론이",7
"속이는 것을",7
"속이는 것도",7
"속이려 들어",7
"네 지금부터",7
"네 지금도",7
"네 지난번에",7
"속이지 마라",7
"속이지 마세요",7
"네 지문",7
"속이지 말아요",7
"네 지문과",7
"속인 거면",7
"네 지하실에서",7
"속인 적 없어",7
"네 진가를",7
"속일 수 없는",7
"네 진심이",7
"속일 수 없어 난",7
"네 진심이에요",7
"같지 못할거야",7
"속일 수 있을 것",7
"그 이름은 바로",7
"네 진짜 이름",7
"있어요 두고",7
"속임수가 아니라",7
"속임수가 아니야",7
"I lead",7
"속임수일 뿐이야",7
"속죄할 기회를",7
"말고 고마워요",7
"속지 마십시오",7
"속출하고 있습니다",7
"네 집에서 말이야",7
"속한 곳",7
"속해 있다고",7
"네 집이고",7
"그 이름이 더",7
"찾으려면 더",7
"손 내리지",7
"네 짓인 거 알아",7
"손 높이 들어",7
"손 놓고 있으면",7
"손 놓고 있어",7
"네 짝을",7
"손 놓으면 안 돼",7
"손 놓으면 안",7
"그 이미지가",7
"그 이미지",7
"손 닿는 곳에",7
"네 차가 아니야",7
"손 대지 마요",7
"손 뒤로 돌려요",7
"the mouth",7
"손 들",7
"네 차례란다",7
"네 차례를",7
"손 들어주세요",7
"네 차례야 난",7
"네 차례야 내가",7
"the move",7
"손 떠는",7
"네 차례야 알았어",7
"손 떨지",7
"손 떼겠어",7
"그 이상도 이하도 아니다",7
"손 떼라고요",7
"손 떼려고",7
"네 찾았어요",7
"네 창녀",7
"손 뗄 거예요",7
"손 뗄래",7
"And when you",7
"같지 않아 내가",7
"그 이상은 몰라요",7
"네 책에",7
"손 머리에 올리고",7
"손 못대게",7
"그 이상은 아닙니다",7
"손 보고",7
"네 첫번째",7
"손 쓸 수 없는",7
"conscience of",7
"네 총으로",7
"네 최근에",7
"conscience of your",7
"the music in",7
"손 올리고 바닥에",7
"네 축소",7
"손 올리고 바닥에 엎드려",7
"같지 않으세요",7
"손 움직이지 마",7
"손 움직이지",7
"the music in you",7
"같지 않은 소리",7
"손 이리 줘요",7
"네 취향이",7
"손 잡고 싶고 아무래도",7
"네 친구 말이야",7
"네 친구 일은",7
"네 친구가 될",7
"손 좀 씻고",7
"그 이상일 거야",7
"손 털었어",7
"conscience of your own",7
"손 한 번",7
"있어요 미안한데",7
"그 이야기 좀",7
"네 친구들이 내",7
"꽤 높아요",7
"손가락 다",7
"네 친구들이 더",7
"그 이야기는 하고",7
"네 친구들이야",7
"그 이야기는 하고 싶지",7
"손가락 안에 드는",7
"손가락 하나 못",7
"손가락 하나도",7
"그 이야기를 듣고",7
"the nature",7
"그 이야기를 안",7
"Drop the",7
"손가락에 피가",7
"그 이야기를 하는",7
"손가락을 가지고",7
"the nature of",7
"손가락을 다",7
"손가락을 이렇게",7
"손가락을 잘랐어요",7
"손가락질하지 마",7
"그 이외엔",7
"있어요 본인이",7
"꽤 됐네요",7
"손님 다",7
"손님 두",7
"네 컴퓨터는",7
"손님 명단",7
"손님 오는",7
"네 코드",7
"같지는 않았어",7
"그 이유는 무엇입니까",7
"손님 이",7
"그 이유는 바로",7
"손님 있어요",7
"네 크리스마스",7
"손님들과 함께",7
"같지는 않았어요",7
"손님들이 오실",7
"손님들이 올",7
"손님의 가까운 친척들에게",7
"손님의 가까운",7
"손님의 가까운 친척들에게 연락을",7
"그 이유를 알아",7
"네 태도가",7
"네 택시에",7
"네 토끼를",7
"Stay away from",7
"the next morning",7
"네 통",7
"네 트럭",7
"손님이 왔군",7
"네 특히",7
"손님이 있는데",7
"네 파일",7
"손대는 것마다",7
"Duane Bailey",7
"손대는 게",7
"그 이탈리아",7
"손대지 말라고요",7
"손대지 못할",7
"손대지 않고",7
"네 판단력을",7
"손대지 않았어요",7
"손도 대지 마",7
"손도 못 대",7
"손도 못 대고",7
"그 이후로 난",7
"손도 안 대",7
"손들고 차에서",7
"손들고 해주세요",7
"그 이후로 아무",7
"손들어 손",7
"손만 대",7
"손만 대봐",7
"손만 대 봐",7
"같지만 내",7
"그 이후로도",7
"손목 밴드는",7
"네 평생 동안",7
"손목 좀",7
"그 이후부터",7
"네 폐하",7
"Stay here",7
"손목을 잘라",7
"그 이후에는요",7
"손바닥 위에",7
"손보고 있어",7
"같지만 말이야",7
"손봐야 할",7
"그 인간들은",7
"손뼉 치지",7
"같지만 사실이야",7
"the number of",7
"네 피에",7
"손상시킬 수",7
"손상은 없어",7
"손상을 입었어",7
"네 하나님이",7
"손상을 입힐",7
"손상이 있을",7
"네 하지만 난",7
"손실에 대한",7
"손실을 낸",7
"그 인물을",7
"네 하찮은",7
"네 학교에서",7
"네 학생",7
"손쓸 수 없는",7
"손아귀에 있어",7
"그 인터넷",7
"말고 뭐야",7
"손에 넘어가는",7
"그 인턴",7
"네 할 일이",7
"손에 넣다",7
"같진 않거든",7
"손에 넣어야 해요",7
"같진 않겠지",7
"Stay on my",7
"손에 넣었는지",7
"그 인형이",7
"손에 넣었을",7
"the odds",7
"네 할아버지야",7
"손에 넣을 때까지",7
"네 항문",7
"손에 넣자",7
"손에 놀아난",7
"손에 다시",7
"손에 달렸네",7
"손에 달려있어",7
"손에 달렸소",7
"손에 달렸다고",7
"네 핸드폰이",7
"손에 닿지",7
"손에 닿을",7
"손에 돈을",7
"손에 든 건 뭐야",7
"그 일과 관련",7
"네 행운의",7
"네 향기가",7
"손에 땀",7
"네 허락이",7
"네 허접한",7
"손에 맡겨",7
"손에 모든",7
"같진 않아서요",7
"손에 무슨",7
"네 헤이",7
"그 일기를",7
"그 일당은",7
"손에 뭔가를",7
"네 혈액이",7
"손에 아무것도",7
"손에 있는데",7
"손에 있는 게",7
"손에 있으면",7
"손에 있죠",7
"손에 있을",7
"네 형이잖아",7
"손에 잡혔다",7
"손에 잡혀",7
"네 형제를",7
"네 형제들이",7
"그 일로 나한테 반감",7
"네 형처럼",7
"손에 죽었을",7
"그 일로 나한테",7
"손에 죽으면",7
"그 일로 우울해지고",7
"있어요 세상의",7
"손에 죽을 것이다",7
"그 일로 우울해지고 싶진",7
"손에 총",7
"있어요 없어요",7
"손에 피가 묻어",7
"네 회사가",7
"있어요 엘리너",7
"손으로 겨누는",7
"손으로 겨누지",7
"손으로 꼭",7
"손으로 당신",7
"손으로 다",7
"그 일에 대해서 말이야",7
"손으로 머리를",7
"손으로 뭘",7
"cool kids",7
"손으로 쏘지 않는다",7
"네 힘이 필요해",7
"그 일에 적합한",7
"손으로 이",7
"네가 가게",7
"네가 가끔",7
"cope with",7
"손으로 하면",7
"그 일원이",7
"네가 가르쳐 준",7
"손은 다",7
"그 일은 다",7
"네가 가면 나도",7
"네가 가본",7
"손은 아직",7
"손은 어때요",7
"네가 가야할",7
"그 일은 이미",7
"손은 항상",7
"손을 갖고",7
"손을 깔고",7
"손을 깨끗이",7
"손을 꼭 잡고",7
"갚는 거예요",7
"손을 내밀다",7
"손을 너무",7
"그 일을 계기로",7
"네가 가져갔잖아",7
"있어요 옷",7
"손을 대요",7
"손을 댄다면",7
"네가 가줬으면 좋겠어",7
"손을 댔을 때",7
"손을 댔지",7
"손을 더럽히고",7
"그 일을 말이야",7
"손을 더럽히긴",7
"그 일을 맡았어",7
"손을 되찾을",7
"손을 되찾을 수",7
"네가 가지고 있다는",7
"그 일을 맡지",7
"the ones who",7
"손을 등 뒤로 해",7
"네가 가진 걸 보여줘",7
"갚아 주겠어",7
"않을 수 없군요",7
"그 일을 잘",7
"the only one that",7
"그 일을 하고 있다",7
"갚아 주마",7
"네가 간직해",7
"손을 못 썼죠",7
"갚아 줄게",7
"손을 보라고",7
"네가 감당 못",7
"손을 볼 수 있는",7
"네가 감당할 수 있는",7
"손을 봐요",7
"손을 뻗어 닿을 용기면",7
"손을 뻗어 닿을",7
"All y''all",7
"손을 뻗으려고",7
"네가 감히 어떻게",7
"손을 뻗은 거야",7
"Stevie Wonder from",7
"네가 강하다는",7
"네가 강한",7
"갚아야 될",7
"손을 써야 해",7
"네가 갖고 있는 걸",7
"손을 쓴 것",7
"네가 갖고 있던",7
"손을 씻을",7
"손을 얹어",7
"the only place",7
"손을 얹었다",7
"손을 얹어라",7
"손을 올려야",7
"손을 잡다니",7
"네가 거짓말을 하고",7
"손을 잡아준",7
"손을 잡아줬어요",7
"손을 잡았고",7
"손을 잡았을",7
"손을 잡았어요",7
"네가 걱정이야",7
"네가 걱정하는 거",7
"꽤 어렵다",7
"손을 흔들었습니다",7
"손이 거의",7
"네가 겁을",7
"손이 두",7
"네가 겪는",7
"그 일이라면",7
"손이 묶인",7
"손이 보이도록",7
"그 일지를",7
"네가 결정한 거야",7
"네가 결정할 게",7
"손이 왜 그렇게",7
"손이 이렇게",7
"네가 결코",7
"Still in",7
"the order",7
"손잡을 수",7
"손재주가 좀",7
"손전등 가져와",7
"그 입 닥쳐요",7
"갚을 길이",7
"손주 볼",7
"손주도 보고",7
"네가 골랐잖아",7
"손톱만 한",7
"네가 공격한",7
"그 입술",7
"손해 배상을",7
"손해 보게",7
"손해 보는 건",7
"네가 과거에",7
"갚을 때가",7
"손해 안",7
"손해를 보고",7
"네가 괜찮은지 알고",7
"손해지 뭐",7
"the other night",7
"솔로 앨범",7
"네가 구할 수",7
"솔리아토 교수님",7
"네가 굳이",7
"네가 궁금해",7
"그 자가 뭘",7
"갚을 수 있게",7
"솔직하게 말씀드릴게요",7
"그 자기",7
"솔직하게 말하지 않은 게",7
"솔직하게 말하지 않은",7
"네가 그 사람이",7
"솔직하게 말해 줘서 고마워요",7
"솔직하게 말해도 돼요",7
"그 자들",7
"솔직하게 말해주세요",7
"솔직하게 말해줘서 고마워요",7
"솔직하게 말해줘서 고마워",7
"솔직하게 얘기하면",7
"솔직하게 얘기해 봐",7
"솔직하지 않다고",7
"그 자료는",7
"솔직한 얘기",7
"솔직해져 봐요",7
"네가 그녀를 데리고",7
"솔직히 나도 몰라",7
"네가 그랬냐",7
"그 자리에 없었어",7
"솔직히 말 안 하면",7
"could be here",7
"the owner",7
"네가 그랬어야",7
"그 자리에 있었습니다",7
"솔직히 말할 게",7
"네가 그러지 않을",7
"솔직히 말해서 넌",7
"솔직히 말해서 지금",7
"네가 그런 식으로",7
"the paper",7
"네가 그런 일을",7
"솔직히 말해주세요",7
"솔직히 말해줄래",7
"네가 그럴 것",7
"네가 그럴 자격이",7
"솔직히 얘기하지",7
"솔직히 얘기해 봐",7
"네가 그럴 줄 알았다",7
"솔직히 우리는",7
"솔직히 이제",7
"네가 그렇게 만든",7
"솔직히 자기",7
"개 그",7
"네가 그렇게 생각하지",7
"네가 그렇게 잘났어",7
"솔직히 지금까지",7
"솔직히 털어놓는",7
"솔트 레이크",7
"그 자식은 내",7
"솜씨가 좋네요",7
"말고 큰",7
"솜씨가 좋아",7
"솜씨를 보여",7
"네가 그를 데리고",7
"네가 그를 위해",7
"네가 그를 죽였어",7
"네가 그리",7
"네가 그림",7
"송아지 고기를",7
"개 나이로",7
"쇠사슬에 묶여",7
"쇼 때문에",7
"네가 깨닫기 전에",7
"네가 깨닫기 전에 심장은",7
"쇼 씨가",7
"그 자야",7
"쇼 좀",7
"쇼 정말",7
"네가 꺼냈잖아",7
"네가 꼭 알아야",7
"쇼''에 나오는",7
"I like her",7
"쇼가 마음에",7
"쇼는 아직",7
"쇼는 이제",7
"개 냄새",7
"말고는 몰라요",7
"쇼에 나오는",7
"쇼에 대해서",7
"쇼에 대해",7
"쇼에 오신 걸",7
"쇼에 함께",7
"않잖아요 지금",7
"쇼와 함께",7
"쇼코 네",7
"네가 나가서",7
"쇼크가 올",7
"쇼킹 패밀리",7
"쇼핑 카트",7
"쇼핑몰 안에",7
"쇼핑몰에 가는",7
"could even",7
"쇼핑을 하고",7
"쇼핑을 하러",7
"쇼핑하러 가요",7
"쇼핑하는 것",7
"그 자체였습니다",7
"쇼핑할 때",7
"쇼하는 거",7
"네가 나설 차례야",7
"숀 매닝",7
"숀 빈",7
"네가 나에게 말할",7
"있어요 하지만 우리가",7
"수 가르쳐주지",7
"Stop Me Now by",7
"그 자체의 구성적인",7
"네가 나오면",7
"그 자체의 구성적인 요소이며",7
"그 자체인",7
"개 다요",7
"네가 나와서",7
"그 자체인데",7
"수 밖에 없다는",7
"네가 나타나기 전까진",7
"네가 나타나기 전까지",7
"수 밖에 없었을 때부터지",7
"수 밖에 없잖아",7
"네가 나타난 거야",7
"수 백 장이 어제",7
"수 백 장이",7
"수 세기를 함께",7
"네가 나한테 얼마나",7
"네가 나한테 하는",7
"네가 난",7
"네가 날 구했구나",7
"수 없게 됐고",7
"있어요 형",7
"네가 날 도와주면",7
"수 없게 되었습니다",7
"네가 날 도와줘야",7
"네가 날 도와줬으면",7
"네가 날 도와줘야 해",7
"네가 날 도울",7
"수 없게 하는",7
"수 없게 할",7
"the phone with",7
"네가 날 도와줬으면 해",7
"수 없겠구나",7
"말고요 당신",7
"수 없겠습니다",7
"있어요 회사",7
"네가 날 배신한",7
"네가 날 믿지",7
"것 같은 냄새가",7
"그 작품",7
"그 작품이",7
"수 없군 이",7
"수 없기도",7
"네가 날 이길",7
"네가 날 죽였어",7
"네가 날 죽이려고",7
"the pier",7
"수 없는 거 알잖아요",7
"네가 남은",7
"could give",7
"수 없는 건 왜",7
"개 말야",7
"the pilot",7
"수 없는 것들이 있어요",7
"그 장갑을",7
"수 없는 것입니다",7
"수 없는 것이었다",7
"개 말이에요",7
"네가 내 마음을",7
"개 먹고",7
"네가 내 머리를",7
"수 없는 곳이",7
"the pizza",7
"네가 내 삶을",7
"개 먹었다",7
"네가 내 아들",7
"그 장면을 보고",7
"개 먹을",7
"수 없는 사람이야",7
"수 없는 사실은",7
"수 없는 소녀 장사",7
"수 없는 소녀",7
"수 없는 약속은",7
"있었고 그럼",7
"the planet safe",7
"수 없는 일이지만",7
"수 없는 전쟁을",7
"수 없는 죄를",7
"수 없는 짓을 했어",7
"수 없는 힘에",7
"그 장치에",7
"수 없다 그것은",7
"있었고 바로",7
"네가 노트북을",7
"수 없다 그런",7
"수 없다 그의",7
"개 빼고",7
"수 없다 누가",7
"네가 누구든 간에",7
"있었고 이제",7
"수 없다 당신의",7
"수 없다 더 이상",7
"그 재수없는",7
"the plug",7
"수 없다 우리는",7
"네가 누군가에게",7
"수 없다''고",7
"네가 누군지 알게",7
"could he",7
"수 없다고 생각한다",7
"수 없다고 생각했어요",7
"수 없다고 했습니다",7
"있었구나 내가",7
"네가 눈에",7
"네가 눈이",7
"수 없다는 거 알",7
"네가 느끼는 건",7
"네가 느낀 그",7
"네가 느낀 그 기쁨도",7
"개 생겼군",7
"그 전 애가",7
"그 전 애가 날",7
"그 전기",7
"수 없다는 걸 알았어요",7
"네가 다 죽였어",7
"수 없다는 것을 안다",7
"그 전날 밤에",7
"네가 다시는",7
"개 소대가",7
"수 없다는 생각이",7
"수 없다는거",7
"수 없다니요",7
"네가 다치지",7
"수 없다면 그",7
"그 전설을",7
"네가 담배를",7
"네가 당할",7
"수 없다면 우리",7
"네가 대가를",7
"네가 대답해",7
"수 없단 걸 깨달았다",7
"네가 대답할",7
"수 없단걸",7
"네가 대학에",7
"개 아니면",7
"네가 더 나빠",7
"수 없소 내가",7
"수 없소 난",7
"수 없습니다 lrm",7
"the press",7
"수 없습니다 내가",7
"개 얘기",7
"수 없습니다 어떤",7
"수 없습니다 이제",7
"수 없습니다 저",7
"그 전에 자살할",7
"수 없습니다 전",7
"수 없습니다 제",7
"개 얘기는",7
"Stop saying",7
"그 전에 잠깐",7
"네가 도망치는",7
"수 없어 lrm",7
"네가 도와야",7
"그 전에 죽을",7
"수 없어 그걸",7
"개 어떻게",7
"the priority",7
"수 없어 그런데",7
"개 여기",7
"could leave",7
"그 전이나",7
"그 전쟁을",7
"수 없어 모든",7
"수 없어 물론",7
"could lose",7
"말도 들었어요",7
"있었는데 뭐",7
"Stop talking",7
"수 없어 아니면",7
"수 없어 아무리",7
"수 없어 아직은",7
"개 이상은",7
"수 없어 어쨌든",7
"수 없어 엄마",7
"네가 두려워하는 게",7
"그 전화기가",7
"수 없어 왜냐하면",7
"수 없어 우리 둘",7
"네가 들어오고",7
"수 없어 저기",7
"수 없어 전",7
"네가 들어왔을",7
"네가 들어왔을 때",7
"네가 들으면",7
"수 없어 진짜",7
"수 없어 특히",7
"수 없어 하지만 넌",7
"그 절차는",7
"네가 떠나길",7
"그 젊은 기사는 자신이",7
"수 없어요 c",7
"네가 떠난 줄",7
"그 젊은 기사는",7
"네가 떠난다고",7
"수 없어요 그럴 수",7
"수 없어요 나",7
"수 없어요 다",7
"네가 똑바로",7
"수 없어요 당신의",7
"수 없어요 두",7
"그 점에 있어서",7
"네가 마땅히",7
"수 없어요 미안해요",7
"수 없어요 아무도",7
"그 점에 있어선",7
"수 없어요 아직은",7
"수 없어요 안",7
"수 없어요 알았어요",7
"네가 마음",7
"수 없어요 여기서",7
"네가 마음에 드나",7
"그 점에서는",7
"네가 마음에 안",7
"네가 마치",7
"수 없어요 젠장",7
"있었는지 넌",7
"수 없어요 좋은",7
"네가 만났으면",7
"수 없었기에",7
"네가 만들 수",7
"수 없었다 나는",7
"그 정도 눈치는",7
"수 없었다면",7
"수 없었던 그",7
"수 없었던 것처럼",7
"수 없었던 것은",7
"수 없었던 일이야",7
"수 없었습니다 그래서",7
"네가 말하는 거",7
"그 정도 했으면",7
"수 없었어 이",7
"있었는지 상상도",7
"네가 말하는게",7
"수 없었어요 더",7
"수 없었어요 여기",7
"네가 말한 걸",7
"수 없었을 거에요",7
"그 정도냐",7
"개 정도만",7
"the reasons",7
"그 정도는 괜찮아",7
"그 정도는 다",7
"그 정도는 돼야",7
"수 없으니 메시지를 남겨주세요",7
"수 없으니 메시지를 남겨주시면",7
"개 조로 나눠서",7
"개 좆같은",7
"그 정도는 아니잖아요",7
"개 좋아",7
"그 정도는 아닌데",7
"could really use",7
"수 없을 정도입니다",7
"개 주가",7
"네가 맘에 든다는",7
"네가 맘에 든다는 걸",7
"네가 망을",7
"수 없을걸세",7
"개 주고",7
"네가 망치면",7
"수 없을꺼에요",7
"수 없을때",7
"All you need",7
"그 정도는 해 줘야지",7
"수 없이요",7
"수 없죠 그게",7
"수 없죠 당신이",7
"수 없죠 네",7
"수 없죠 저도",7
"수 없죠 제",7
"그 정도로 물어",7
"네가 먹는 걸",7
"그 정도로 물어 볼",7
"수 없지 그",7
"수 없지 그래서",7
"그 정도로 심각한",7
"수 없지 이제",7
"수 위지",7
"수 위예요",7
"수 이건",7
"네가 몇 년",7
"네가 모닐의",7
"네가 모닐의 나이",7
"네가 모닐의 나이 때",7
"수 있거든요 하지만",7
"그 정도면 꽤",7
"네가 모든 걸 다",7
"수 있게 나를",7
"수 있게 넘겨줄게",7
"네가 모르고 있는",7
"could save me",7
"수 있게 도와주면",7
"수 있게 도와주소서",7
"그 정도면 된",7
"네가 모르는 게 많아",7
"수 있게 도와줘서",7
"네가 모은",7
"수 있게 됐으니",7
"있었다 아니면",7
"그 정도밖에 못",7
"수 있게 되었죠",7
"수 있게 된 건",7
"could say that",7
"있었다 안",7
"수 있게 말이야 그",7
"네가 무서운",7
"그 정도였어",7
"네가 무서워해도",7
"수 있게 말이야 내가",7
"수 있게 말이야 아니",7
"네가 무서워해도 괜찮다는",7
"수 있게 말이야 우리는",7
"네가 무섭지 않아",7
"개 찾으러",7
"수 있게 시간을",7
"그 정도지",7
"could she",7
"네가 무슨 생각 하는지",7
"수 있게 하는 거야",7
"그 정돈 아니야",7
"네가 무슨 자격으로",7
"네가 무슨 짐작 했는",7
"네가 무슨 짐작",7
"네가 무슨 짓 했는지",7
"수 있게 해주면 좋겠네요",7
"네가 무슨 짓을 하는지",7
"수 있게 해주었다",7
"그 정보들을",7
"그 정보로 뭘",7
"네가 무엇보다 원하는 게",7
"네가 무엇보다 원하는",7
"수 있게 해줬죠",7
"그 정부가",7
"네가 물었잖아",7
"네가 물에",7
"그 정신나간",7
"네가 뭐 하는지",7
"수 있겠더라",7
"수 있겠어 그",7
"수 있겠죠 그",7
"그 정장",7
"수 있겠죠 그게",7
"그 정전된 날",7
"네가 뭔 상관인데",7
"네가 뭔 생각하는지",7
"그 정전된",7
"수 있겠지 그럼",7
"그 정체 모를",7
"수 있겠지 내가",7
"말도 안 되는 얘기를",7
"수 있고 그게",7
"수 있고 네",7
"개 행성의 도시",7
"네가 뭘 몰라서",7
"네가 뭘 믿든",7
"네가 뭘 아는지",7
"그 제안에",7
"the river to pray",7
"네가 뭘 좀",7
"개 행성의",7
"그 젠장할",7
"수 있기를 바랐다",7
"그 조건으로",7
"개가 그",7
"수 있길 진심으로",7
"네가 미안해",7
"개가 남아",7
"네가 믿는 건",7
"개가 남았어",7
"네가 믿을 수 있는",7
"개가 널",7
"그 조끼",7
"그 조난",7
"수 있는 lrm",7
"네가 바람을",7
"있었다는 기록은",7
"수 있는 강력한",7
"I long to",7
"네가 바보인",7
"네가 바쁜 거",7
"수 있는 거라고요",7
"수 있는 거라고는",7
"개가 다야",7
"네가 밥",7
"수 있는 건 모두",7
"the round",7
"네가 배신하면",7
"수 있는 건 아니잖아",7
"수 있는 건 없나요",7
"네가 버린",7
"수 있는 건 우리가",7
"수 있는 건 이제",7
"네가 범인이라는",7
"수 있는 건 한",7
"그 종류",7
"개가 되면",7
"수 있는 걸까",7
"그 종을",7
"개가 된",7
"수 있는 것도 아니잖아",7
"네가 보고 싶지",7
"개가 될",7
"수 있는 것은 무엇이든",7
"네가 보내",7
"But just",7
"네가 보는 건",7
"Cosmic Fragments 강물의 흐름이란",7
"그 죄",7
"네가 보스야",7
"네가 보통",7
"수 있는 게 없어져",7
"수 있는 게 없을까요",7
"그 죄에",7
"개가 아니고",7
"그 죄책감을 안고",7
"네가 봤으면",7
"네가 부른",7
"네가 부순",7
"네가 부탁한 건 다",7
"네가 부탁한 대로야",7
"네가 부탁해서",7
"네가 불렀어",7
"수 있는 남자가",7
"네가 불렀잖아",7
"수 있는 놀라운",7
"네가 블랙",7
"수 있는 다양한",7
"수 있는 단 하나의",7
"the same old",7
"수 있는 데는",7
"네가 빠지면",7
"수 있는 도구를",7
"개가 있군",7
"네가 사건을",7
"개가 있네",7
"네가 사라졌을",7
"개가 있네요",7
"could you do",7
"수 있는 모든 도움",7
"수 있는 무기를",7
"수 있는 문제야",7
"수 있는 방법은 딱",7
"수 있는 방법은 없어요",7
"네가 사랑한다는",7
"개가 있다고",7
"수 있는 방법을 찾을",7
"네가 사준 책",7
"수 있는 방식으로",7
"네가 사준 책 읽었어",7
"그 주제는",7
"네가 살아 있다는",7
"수 있는 사람은 몇",7
"수 있는 사람을 알아",7
"수 있는 사람을 찾고",7
"I look at you",7
"개가 있었다",7
"수 있는 사람인지",7
"개가 있을",7
"수 있는 삶",7
"수 있는 상황을",7
"그 줄을",7
"수 있는 세상을",7
"네가 상관할 바가 아니다",7
"the sauce",7
"수 있는 얘기는",7
"수 있는 영광을",7
"네가 상자를",7
"수 있는 유일한 방법이죠",7
"네가 상처 준",7
"그 중 일부",7
"수 있는 의사를",7
"the scorpion",7
"네가 샘을",7
"수 있는 일들",7
"수 있는 일은 없다",7
"네가 생각하는 거야",7
"네가 생각하는 것과는",7
"the scroll",7
"수 있는 일이 있으면",7
"수 있는 일이라도",7
"수 있는 자가",7
"couldn''t even get",7
"수 있는 자원이",7
"수 있는 정보는",7
"수 있는 정보를 가지고",7
"the search",7
"수 있는 증거가",7
"couldn''t find",7
"네가 선택할 수 있어",7
"수 있는 질문을",7
"네가 선택해라",7
"네가 성공할",7
"그 중 한명이",7
"수 있는 최소한은",7
"그 중국인",7
"수 있는 최적의",7
"개개인들은 법을",7
"수 있는 한 내가",7
"수 있는 한 많이",7
"개개인들은 법을 어겼기에",7
"그 중에 제일은",7
"개개인들은 법을 어겼기에 이곳에",7
"the secretary have",7
"개구리 클라이드",7
"있었습니다 우리가",7
"수 있는건 뭐든",7
"개그 한",7
"the secretary have her",7
"수 있는게 아니에요",7
"수 있는게 있는지",7
"수 있는데 뭐하러",7
"그 쥐를",7
"네가 신을",7
"수 있는지 보게",7
"수 있는지 보러",7
"수 있는지 볼",7
"수 있는지 보자고요",7
"the shadow",7
"수 있는지 알고 싶어",7
"개나 되는데",7
"수 있는지 알아보기 위해",7
"수 있는지 알아야겠어",7
"그 증오심이",7
"수 있는지 이해가",7
"네가 쏴라",7
"네가 쓰고",7
"수 있는지 확인",7
"수 있는지도요",7
"네가 쓸데없는",7
"수 있는한 빨리",7
"the sharpest",7
"네가 아기",7
"수 있다 그녀는",7
"수 있다 그를",7
"수 있다 나",7
"네가 아는 거",7
"그 지도가",7
"수 있다 너",7
"수 있다 다시",7
"네가 아는 것을",7
"수 있다 몇",7
"수 있다 뭐",7
"네가 아는 한",7
"수 있다 여기서",7
"수 있다 여전히",7
"네가 아니라 네",7
"있었어 난 널",7
"the shell isn''t",7
"수 있다 이봐",7
"수 있다 전",7
"그 지역에는",7
"네가 아니잖아",7
"수 있다고 그건",7
"수 있다고 그래서",7
"수 있다고 난",7
"네가 아무것도 후회",7
"네가 아무것도 후회 안",7
"the shell isn''t too",7
"수 있다고 말할",7
"수 있다고 믿었다",7
"네가 아이",7
"개나 주고",7
"수 있다고 보세요",7
"수 있다고 생각하거든",7
"그 지점으로",7
"수 있다고 생각하는군요",7
"네가 아프다고",7
"그 직업을",7
"수 있다고 생각해서",7
"수 있다고 생각했겠죠",7
"개나리 십장생",7
"수 있다고 생각했다면",7
"수 있다고 생각했지만",7
"네가 안다면",7
"수 있다고 우리가",7
"네가 안으로",7
"것 같은데 오",7
"말들은 다",7
"그 직책을",7
"수 있다고 한다",7
"네가 안하면",7
"couldn''t save",7
"수 있다고 했고",7
"수 있다고 했을 때",7
"수 있다고 확신해요",7
"수 있다고는",7
"네가 알게 된",7
"네가 알고 싶어",7
"the shot",7
"수 있다는 거잖아",7
"수 있다는 건 알지만",7
"수 있다는 걸 깨달았어",7
"수 있다는 뜻이죠",7
"수 있다는 사실이",7
"수 있다는 얘기지",7
"수 있다는 희망을",7
"개는 너무",7
"네가 알아서 해 난",7
"네가 알아서 해야지",7
"And who are",7
"있었어 어젯밤",7
"네가 알아야 할 것은",7
"수 있다면 그것도",7
"수 있다면 그러고",7
"수 있다면 그래서",7
"네가 알았다면",7
"개는 돼",7
"수 있다면 너도",7
"개는 못",7
"그 집 안에",7
"네가 앞장",7
"개는 뭐야",7
"그 집까지",7
"네가 애초에",7
"네가 약간",7
"수 있다면 어쩌면",7
"수 있다면 저는",7
"수 있다면 지금",7
"네가 어디 사는지 알아",7
"수 있다지",7
"수 있다해도",7
"그 집안이",7
"개는 있어",7
"개는 있어요",7
"the single ladies",7
"the single ladies 모든",7
"수 있단 말이지",7
"수 있단거야",7
"수 있대 그럼",7
"Subtitles by",7
"수 있던 유일한",7
"수 있데요",7
"수 있데",7
"수 있도록 그들의",7
"네가 어떤지 알아",7
"네가 어떻게 그걸",7
"수 있도록 도와주려고",7
"수 있도록 도와줬어",7
"네가 어떻게 할지",7
"수 있도록 시간을",7
"수 있도록 아주",7
"수 있도록 하고",7
"수 있도록 할게",7
"네가 어릴때",7
"수 있도록 해준",7
"수 있도록''",7
"그 짓 좀",7
"네가 어쩌다",7
"I looking",7
"수 있습니다 그럴",7
"수 있습니다 그렇게",7
"네가 얻지",7
"수 있습니다 내",7
"Subtitles downloaded with",7
"개도 있어",7
"수 있습니다 당신이",7
"수 있습니다 대통령님",7
"the small",7
"그 짓을 하는",7
"알겠군 네",7
"네가 얼마나 운이",7
"수 있습니다 아주",7
"그 짓을 할",7
"수 있습니다 이런",7
"그 짜증 나는",7
"네가 없는 삶은",7
"수 있어 I",7
"수 있어 don''t",7
"수 있어 don''t cry",7
"그 쪼끄만",7
"수 있어 가서",7
"the smartest",7
"수 있어 거의 다",7
"그 쪽에선",7
"수 있어 그것도",7
"수 있어 그것을",7
"수 있어 그것은",7
"수 있어 그게 무슨",7
"그 쪽으로 가고",7
"개떡 같아",7
"수 있어 그들의",7
"the snow",7
"네가 여기 왔을 때",7
"수 있어 그러려면",7
"네가 여기 웬일이냐",7
"개라고 알려져",7
"개라고 알려져 있어",7
"네가 여기 있는 동안",7
"네가 여기 있다면",7
"그 찌질한",7
"네가 여기 있어야 해",7
"수 있어 날 믿어",7
"그 차 안에서",7
"수 있어 내일",7
"수 있어 너한테",7
"수 있어 너의",7
"네가 여기있는",7
"수 있어 늘",7
"네가 여긴 어쩐",7
"수 있어 다만",7
"E.J. 를",7
"수 있어 돈",7
"수 있어 둘이",7
"네가 연관되어",7
"수 있어 마이클",7
"수 있어 막을",7
"네가 연주하는",7
"수 있어 말도",7
"네가 열쇠를",7
"수 있어 멋진",7
"수 있어 매일",7
"course I do",7
"the song that",7
"개를 같이",7
"네가 옆에서",7
"수 있어 미안해",7
"수 있어 미안",7
"수 있어 뭔가",7
"있었어요 사람들이",7
"네가 오기를",7
"수 있어 봤지",7
"수 있어 새로운",7
"네가 오다니",7
"course I want",7
"그 창고를",7
"개를 데려왔어",7
"수 있어 알겠어요",7
"수 있어 약속할게",7
"수 있어 어느",7
"네가 올 때까지",7
"있었어요 앞으로",7
"네가 올린",7
"수 있어 언제",7
"네가 올지",7
"수 있어 에",7
"수 있어 여보세요",7
"수 있어 왜냐하면",7
"그 책들",7
"수 있어 우리한테",7
"네가 옳을지도",7
"수 있어 우린 할",7
"네가 와서 다행이다",7
"수 있어 이해가",7
"그 책에 있는",7
"수 있어 일을",7
"개를 발견했다",7
"수 있어 잘됐네",7
"네가 왔던",7
"수 있어 저도",7
"수 있어 정신",7
"사랑에 빠졌고 그녀도 마찬가지로",7
"the spirit",7
"수 있어 진정해",7
"있었어요 자네",7
"수 있어 진짜야",7
"수 있어 칼",7
"수 있어 특히",7
"수 있어 필요한",7
"수 있어 하지만 내가",7
"수 있어 하지만 우리는",7
"개를 쐈어요",7
"수 있어 혹시",7
"그 천사가",7
"네가 우리를 위해",7
"수 있어서 좋아",7
"수 있어서 좋다",7
"course it isn''t",7
"그 첫번째",7
"네가 우리에게 말한",7
"수 있어야 하는데",7
"그 청년",7
"수 있어야 하니까요",7
"수 있어야 하니까",7
"수 있어야 하죠",7
"네가 우릴 구했어",7
"네가 운전하고",7
"수 있어요 그 전에",7
"그 초록",7
"수 있어요 그게 무슨",7
"네가 울면",7
"그 촌스러운",7
"개를 좋아해요",7
"수 있어요 그럼 왜",7
"네가 웃는",7
"개를 죽이고",7
"그 총 좀",7
"수 있어요 나한테",7
"수 있어요 난 당신을",7
"있었으니까요 그래서",7
"그 총기",7
"the station",7
"수 있어요 다만",7
"네가 원하는 거잖아",7
"개를 찾아",7
"And who are you",7
"수 있어요 대신",7
"수 있어요 도움이",7
"그 총에서",7
"네가 원하는 것이",7
"개를 찾았습니다",7
"수 있어요 문제는",7
"수 있어요 미안해요",7
"그 총은 당신",7
"네가 원하는 대로 할게",7
"the stories",7
"수 있어요 아냐",7
"있었으면 이",7
"그 최고의",7
"수 있어요 아빠",7
"네가 원하는거야",7
"네가 원하는건",7
"수 있어요 안녕하세요",7
"수 있어요 안 돼요",7
"수 있어요 어때요",7
"수 있어요 왜냐하면",7
"수 있어요 왜냐면",7
"네가 원하지 않으면",7
"그 충격에",7
"수 있어요 음",7
"수 있어요 이젠",7
"개리 거기치",7
"수 있어요 잠깐",7
"수 있어요 잠깐만요",7
"네가 원할지도 몰라",7
"네가 원했던 거잖아",7
"Sweet Dreams",7
"네가 위대한",7
"수 있어요 집에",7
"수 있어요 하지만 전",7
"수 있어요 항상",7
"네가 위험해질",7
"네가 윈터펠의 영주야 난",7
"네가 윈터펠의 영주야",7
"수 있었겠네요",7
"네가 의도한",7
"수 있었군",7
"Sweet love",7
"수 있었다 그의",7
"수 있었다 난",7
"수 있었다고 생각해",7
"있었을지 몰라",7
"개만 줘요",7
"그 친구가 뭘",7
"네가 이곳을",7
"네가 이기게",7
"the stupid sonic",7
"그 친구네",7
"수 있었던건",7
"수 있었습니다 그리고",7
"네가 이길 거야",7
"그 친구는 내",7
"수 있었어 그",7
"수 있었어 그리고",7
"the stupid sonic screwdriver''s",7
"그 친구도 오늘",7
"수 있었어 네가",7
"수 있었어 왜",7
"수 있었어요 그래서",7
"수 있었어요 난",7
"네가 이런 식으로",7
"네가 이런다고",7
"Sync Adjusted",7
"개미 새끼 한",7
"수 있었죠 그런데",7
"수 있었지만 난",7
"네가 이해 못",7
"수 있으나",7
"수 있으니 잘",7
"수 있으니 이건",7
"그 친구처럼",7
"수 있으며 당신의 진술은",7
"네가 인기",7
"네가 인간이",7
"수 있으면 그렇게",7
"수 있으면 잡아",7
"수 있으면 좋겠군요",7
"네가 일찍",7
"개발 계획",7
"네가 읽고",7
"그 침묵",7
"네가 읽을",7
"Sync Adjusted by",7
"개발 중",7
"수 있으시겠죠",7
"the sun on",7
"네가 입만",7
"개발 프로젝트",7
"수 있을 거라고 생각했다",7
"개발 한",7
"수 있을 거야 그는",7
"그 카지노",7
"Sync Adjusted by 農民叛亂",7
"수 있을 거야 나도",7
"있었죠 아마",7
"수 있을 거야 어떻게",7
"네가 있었지",7
"수 있을 거야 여기",7
"있었죠 어떻게",7
"수 있을 거야 좋은",7
"수 있을 거예요 더",7
"수 있을 거예요 네",7
"crash into",7
"네가 자라는 걸",7
"수 있을 겁니다 그런데",7
"개발한 거야",7
"그 커플이",7
"the surface breaking",7
"수 있을 것 같고",7
"수 있을 것 같다고",7
"수 있을 것 같냐",7
"개발한 새로운",7
"네가 자신의",7
"그 컵은",7
"the surface breaking up",7
"수 있을 것이다 이",7
"네가 잘 아는",7
"네가 잘 알겠지",7
"그 케이크를",7
"수 있을 때 실컷",7
"수 있을 때 즐겨요",7
"네가 잘못 본",7
"네가 잘못 생각한",7
"수 있을 땐",7
"수 있을 리가 없어",7
"the sweetest",7
"말로는 설명할",7
"그 쿠키",7
"개보다 더",7
"네가 잘하고",7
"있었지 그의",7
"수 있을 수",7
"수 있을 정도는",7
"수 있을 정도죠",7
"네가 잠든",7
"수 있을 줄 알았다",7
"개빈 벨슨의",7
"그 클럽을",7
"꿈은 꿈일",7
"개빈 벨슨이랑",7
"네가 저들에게",7
"수 있을거야 고마워",7
"수 있을거야 그리고",7
"수 있을거야 그럼",7
"네가 저지른 일을",7
"네가 전부 다",7
"가세요 어떻게",7
"수 있을것이다",7
"네가 전화",7
"그 타협이",7
"네가 전화를 안",7
"그 타협이 비극이니까",7
"그 타협이 비극이니까 이",7
"네가 전화해",7
"네가 전화했을 때",7
"수 있을지 궁금해",7
"수 있을지 모르겠군",7
"네가 정녕 죽고",7
"수 있을지 모르죠",7
"수 있을지 모르지만",7
"개새끼 너",7
"네가 정말 원하는 거야",7
"그 탱크에",7
"수 있을지 알",7
"수 있을지 알아보리라",7
"수 있을지 의심스럽다",7
"있었지 잘",7
"말릴 생각은",7
"그 테스트는",7
"the tears",7
"그 테이블",7
"네가 정하는 게",7
"수 있을지도 모르잖아요",7
"네가 제대로 된",7
"말릴 수가 없었어요",7
"네가 제발",7
"그 테이프에",7
"수 있을진 모르겠어",7
"수 있을진 몰라도",7
"그 토끼는",7
"네가 제일 좋아하는 거야",7
"수 있잖아 그",7
"수 있잖아 근데",7
"수 있잖아 그러니까",7
"네가 조금만 더",7
"수 있잖아 안",7
"네가 조용히",7
"수 있잖아 왜",7
"그 통로는",7
"그 통로는 원자적으로",7
"네가 좀 그리워",7
"수 있잖아요 그",7
"그 통로는 원자적으로 밀봉되어",7
"수 있잖아요 그게",7
"네가 좀 도와줘야겠어",7
"네가 좀 봐",7
"수 있잖아요 안",7
"네가 좋다니",7
"수 있죠 그거",7
"the test",7
"그 트라우마가",7
"수 있죠 다른",7
"수 있죠 맞아요",7
"네가 좋아하는 건",7
"수 있죠 아니",7
"수 있죠 아",7
"그 특권을",7
"네가 좋아한다는",7
"개소리 그만해",7
"있으니 그럴",7
"수 있죠 저는",7
"수 있죠 저도",7
"수 있죠 좋은",7
"수 있죠''",7
"수 있지 그러면",7
"네가 주도권을",7
"네가 죽는 순간까지",7
"있으니 반드시",7
"수 있지 이게",7
"수 있지 정말",7
"그 파이",7
"수 있지''",7
"수 있지만 다른",7
"수 있지만 당신",7
"수 있지만 지금",7
"개소리하고 있네",7
"수 있지만''",7
"수 주",7
"네가 죽였다는",7
"수 천년 전에",7
"수가 그래",7
"수가 난",7
"개스킨 씨가",7
"네가 죽은 줄 알았는데",7
"네가 죽은 줄 알았다",7
"네가 죽을 때",7
"the three of you",7
"수가 없겠군",7
"수가 없고요",7
"네가 죽이는",7
"네가 죽인거야",7
"말살하려는 독단적인 목자를 막아야",7
"the three words which",7
"수가 없는 난",7
"수가 없는 게",7
"네가 준비될",7
"수가 없단 말이야",7
"the tide",7
"네가 증명할",7
"그 팔을",7
"수가 없습니다 하지만",7
"수가 없어 괜찮아",7
"개야 내가",7
"네가 지금 당장",7
"개야 이봐",7
"네가 지금 이",7
"수가 없어 날",7
"수가 없어 너도",7
"개야 입",7
"수가 없어 누가",7
"수가 없어 당신은",7
"개야 입 다물고",7
"수가 없어 미안해",7
"개야 입 다물고 담배나",7
"수가 없어 제발",7
"수가 없어 좋아",7
"수가 없어서 그래요",7
"네가 직접 만든",7
"네가 직접 물어봐",7
"네가 직접 해",7
"the time we",7
"있으니까 너",7
"the times",7
"네가 진짜 누구인지",7
"수가 없었겠죠",7
"그 평화를",7
"수가 없었단다",7
"수가 없었어 그",7
"수가 없었어 그래",7
"the title",7
"수가 없었어 하지만",7
"수가 없었어요 난",7
"수가 없었으니까",7
"네가 쫓던",7
"네가 차",7
"수가 없을 거예요",7
"수가 없잖니",7
"수가 이건",7
"수가 우리",7
"그 표정 말이야",7
"네가 찾는 걸",7
"수가 있다는",7
"네가 찾아야",7
"네가 찾았잖아",7
"그 표정 뭔지",7
"개월 걸렸어요",7
"수가 있어 무슨",7
"수가 있어 저",7
"수가 있었어요",7
"개월 간의",7
"수가 있었죠",7
"있으니까 엄마는 알아요",7
"있으니까 오늘",7
"수가 제",7
"수가 훨씬",7
"the town",7
"SynchMania ORIGINAL",7
"네가 처음이다",7
"그 푸른",7
"수갑 풀어요",7
"수갑은 안",7
"수갑을 다시",7
"수갑은 왜",7
"네가 첫 번째야",7
"the tracks",7
"네가 체포된",7
"수갑을 채워라",7
"수갑을 채웠어",7
"the trash",7
"수갑을 풀어줘",7
"수건 더",7
"수건 몇",7
"수건 이리 줘",7
"수건 이리",7
"수건 좀 줄래",7
"수고 많아",7
"수고 많았습니다",7
"그 프로젝트의",7
"네가 친구",7
"수고가 많아요",7
"수고가 많아",7
"개월 동안의 솔로",7
"수고를 덜어줄게",7
"네가 키울",7
"수고했어 감사합니다",7
"수고했어 고마워",7
"수고했어 정말",7
"수긍하는 숨소리",7
"수나 있다면",7
"그 피해자가",7
"수년간 이",7
"수년간의 연구",7
"SynchMania ORIGINAL AIR DATE",7
"네가 특별하다는",7
"네가 틀렸다",7
"cry don''t cry 全部揃っていたとしても",7
"네가 파는",7
"수는 없다네",7
"수는 없어 그리고",7
"수는 없어 그럴",7
"수는 없어 넌",7
"수는 없어 널",7
"네가 필요하거든",7
"수는 없어 이건",7
"수는 없어요 그",7
"네가 필요하지",7
"수는 없어요 문제는",7
"수는 없어요 왜",7
"cry 全部揃っていたとしても",7
"네가 필요한 것을",7
"수는 없을걸",7
"네가 필요할지도",7
"있으면 길이",7
"수는 없지만 그",7
"네가 필요해 내",7
"네가 필요해 날",7
"네가 필요해 내가",7
"수는 있겠네",7
"cry 全部揃っていたとしても 전부",7
"네가 필요해 우린",7
"네가 하겠다고",7
"SynchMania ORIGINAL AIR",7
"네가 하고 싶은 게",7
"수다 떨지",7
"그 함정을",7
"수다나 떨고",7
"알고 계신 거죠",7
"cry 全部揃っていたとしても 전부 갖춰져",7
"수다를 떠는",7
"네가 하고 있던",7
"네가 하기엔",7
"수단과 방법",7
"수단 방법을",7
"cup of",7
"알고 바로",7
"수단을 정당화하다",7
"네가 하는 동안",7
"the union",7
"수단이 필요해",7
"그 해의",7
"그 해적",7
"수도 안",7
"수도 없구요",7
"수도 없는 그런",7
"네가 하려고 했던",7
"그 핸드폰을",7
"수도 없소",7
"그 행동에",7
"네가 하자는",7
"개월 전에 그는",7
"수도 없을걸",7
"네가 하지 않는",7
"네가 하지 않은",7
"EXO 카이",7
"개월 전에 내가",7
"네가 한 것 같아",7
"개월 전에도",7
"수도 있겠지 내",7
"수도 있겠지만 난",7
"네가 한 번도",7
"개월 전의",7
"수도 있고 너",7
"수도 있고 또",7
"네가 한 짓에 대해서",7
"네가 한 짓을 생각하면",7
"네가 한 짓의",7
"수도 있고 왜",7
"수도 있고 이건",7
"네가 한 짓인",7
"수도 있고요 내가",7
"수도 있고요 어쨌든",7
"그 혀를",7
"네가 한번 해 봐",7
"그 현상을",7
"네가 할 거야",7
"네가 할 만한",7
"수도 있는거",7
"네가 할 말을",7
"수도 있는데 그냥",7
"수도 있다 그",7
"그 혐의가",7
"수도 있다고 생각했어",7
"개월 지나서",7
"처다 보지 않는",7
"처 봐 뭘 치라고",7
"수도 있다네요",7
"수도 있다는 사실을",7
"네가 할 일이지",7
"수도 있다는 얘기예요",7
"수도 있다는데",7
"그 형사한테",7
"네가 할거야",7
"수도 있다며",7
"수도 있단 거지",7
"그 형제가",7
"네가 항상 하고",7
"네가 항상 하고 싶었던",7
"개월 후에 다시",7
"수도 있어 그거",7
"I m fine",7
"네가 해결한",7
"수도 있어 그러면",7
"그 호수에",7
"수도 있어 나도 알아",7
"수도 있어 나한테",7
"수도 있어 너",7
"네가 해냈어 네가",7
"수도 있어 너무",7
"수도 있어 네 말이",7
"그 호텔 방에",7
"the village",7
"네가 해야 하는",7
"말씀드리고 싶은데",7
"수도 있어 더",7
"있으면 안전한",7
"네가 해야 할 일",7
"네가 해야 할 일이야",7
"그 혹은",7
"그 혼란을",7
"cut me down",7
"수도 있어 이게",7
"네가 해줘",7
"네가 해줘야",7
"T 커크",7
"수도 있어 잠깐",7
"수도 있어 저기",7
"수도 있어 잘",7
"개월만 있으면",7
"개월밖에 못",7
"수도 있어요 너무",7
"수도 있어요 당신을",7
"그 환자에게",7
"네가 행복해",7
"수도 있어요 맞아요",7
"개월에 한 번씩",7
"수도 있어요 아직",7
"네가 허락받은",7
"수도 있어요 안",7
"cut out",7
"수도 있어요 저",7
"수도 있었겠네",7
"수도 있어요 좋아요",7
"네가 화를",7
"그 회의에서",7
"네가 화장실에",7
"그 효과가",7
"수도 있었을까",7
"수도 있었지만 난",7
"개월이 지나면",7
"수도 있을 것 같아서요",7
"수도 있을 것 같아서",7
"수도 있을걸요",7
"수도 있잖아 아니",7
"있으면 잃는",7
"네게 관심",7
"수도 있잖아 잠깐",7
"네게 난",7
"그 후까지",7
"수도 있죠 그러니까",7
"수도 있죠 그런데",7
"네게 너무",7
"수도 있죠 그렇게",7
"cut you",7
"네게 도움을",7
"수도 있죠 당신은",7
"수도 있죠 당신",7
"수도 있죠 무슨",7
"수도 있죠 어느",7
"수도 있죠 왜",7
"네게 말하지",7
"the waves",7
"수도 있지 그건",7
"수도 있지 그런데",7
"네게 맡긴",7
"네게 목숨을",7
"수도 있지 아니",7
"수도 있지 않겠습니까",7
"네게 무슨 일이라도 생기면",7
"네게 물어볼",7
"개의 고대",7
"수도 있지 자",7
"수도 있지 하지만 지금은",7
"개의 눈을",7
"그 후에 그",7
"수도 있지만 그럼",7
"수도 있지만 넌",7
"수도 있지만 아닐",7
"네게 빚을",7
"수도 있지만 왜",7
"네게 선택권이",7
"개의 도시를",7
"수동적 공격",7
"수락할 수",7
"그 후에야",7
"수렁에 빠져",7
"수로 막아",7
"수로 다",7
"네게 이걸",7
"그 훈련을",7
"수를 써서라도요",7
"수를 썼는지",7
"수를 잘못",7
"수리 견적",7
"있으면서 다른",7
"있으신 거 같은데요",7
"네게 주마",7
"수리 중이에요",7
"수리 중이야",7
"수리 중이라",7
"수리 중입니다",7
"수리가 필요한",7
"네게 줄 게 있어",7
"수리하는 데",7
"수리해야 할",7
"수만 년",7
"수만 있다면 내가",7
"그 흐름을",7
"있으십시요 안 그럼 죽일",7
"수만 있다면 어떤",7
"있을 거 같나",7
"네게 힘든",7
"개의 문",7
"수많은 무고한",7
"수많은 사람의",7
"수많은 생명을 구할",7
"네년이 내",7
"수많은 우리",7
"수많은 이상한",7
"개의 별",7
"수많은 전투를",7
"네놈 목을",7
"있을 거라 믿어",7
"개의 별이 하나가",7
"the way up",7
"그가 가졌던",7
"네놈이 그",7
"네놈이 나보다",7
"그가 가지",7
"네놈이 날",7
"수밖에 없고",7
"네놈이 만든",7
"그가 가지고 있다는",7
"수밖에 없어 그",7
"수밖에 없어 내가",7
"그가 가지고 있을지도",7
"수밖에 없었는지",7
"네덜란드 사람이",7
"네덜란드 인이",7
"수밖에 없으니까",7
"수밖에 없으니까요",7
"네드 치플리",7
"수발 무녀들이",7
"the weekend",7
"수배령을 내렸어",7
"I made her",7
"네빌 리드",7
"네사 스타인",7
"개의 서로 다른",7
"그가 갔을",7
"the west",7
"수백 명의 목숨을",7
"개의 음성",7
"I made it",7
"네이비 실 요원",7
"수백 킬로미터",7
"그가 거래를",7
"네이트 넌",7
"수백만 달러를 가지고",7
"네이트가 죽은",7
"그가 거짓말을 하고 있다면",7
"damn thing",7
"the whole story",7
"네일러 박사의",7
"네트 단말 유전자를",7
"네트워크 없음",7
"수법이 완전히",7
"dance floor",7
"네트워크에 접속할",7
"네트워크에 접속할 수",7
"수사 같은",7
"수사 기관이",7
"수사 기록이",7
"그가 계획을",7
"I made you",7
"넬라 웨스터",7
"수사 중이니",7
"넬라 웨스터의",7
"수사 중이잖아",7
"수사 중일",7
"the wife",7
"개의 피라미드",7
"수사는 계속",7
"넷 달린",7
"수사는 어떻게 돼",7
"그가 그 말을",7
"수사를 다시",7
"수사를 방해할",7
"넷 좋아요",7
"수사를 어떻게",7
"수사를 위한",7
"수사를 재개할",7
"수사를 좀",7
"넷 하나 둘",7
"수사를 진행해야",7
"수사를 진행해",7
"개의 회사",7
"수사에 도움을",7
"수사에 방해가",7
"수사에 큰",7
"수사에 필요한",7
"수사에 협조하는",7
"수사에서 손",7
"수사하는 거야",7
"녀석 당장",7
"수사할 겁니다",7
"녀석 말이 맞아",7
"the wing",7
"개의치 않다",7
"녀석 어떻게",7
"수상한 일이 벌어지고",7
"녀석 엄마",7
"수상한 자를",7
"수상한 점을",7
"수상한 짓",7
"개의치 않았다",7
"수색 및 압수",7
"수색 및 압수 영장",7
"the wolf",7
"개인 간호사",7
"수색 시작해",7
"그가 그랬을",7
"녀석 지금",7
"수색 좀",7
"개인 걸",7
"녀석도 참",7
"녀석들 아주",7
"말씀하실 거야",7
"그가 그럴 것이라고",7
"말씀하실 게",7
"dance 춤추고",7
"수석 보좌관이",7
"그가 그렇게 하도록",7
"수석 인턴이",7
"수석 현사님",7
"녀석에게 묻혔어",7
"개인 공간에",7
"그가 그렇게 했을",7
"녀석은 널",7
"수송할 수",7
"수수께끼 같아",7
"수수께끼로 남아",7
"그가 그립다",7
"수술 도중",7
"그가 그의 형제한데",7
"그가 그의 형제한데 바친",7
"수술 말이야",7
"녀석은 자기가",7
"수술 안 해",7
"the world a",7
"그가 기억하는",7
"수술 있어",7
"수술 일정을",7
"수술 준비는",7
"있을 겁니다 그게",7
"녀석을 내",7
"녀석을 데리고",7
"그가 꽤",7
"그가 끔찍한",7
"녀석을 보면",7
"말아 먹은",7
"수술만 받으면",7
"개인 명상",7
"수술실에 있을",7
"그가 나보다 더",7
"그가 나보다 더 나은",7
"수술에 들어갈",7
"수술은 성공적이었어요",7
"녀석을 찾아야",7
"수술은 잘 끝났습니다",7
"수술은 할 수",7
"수술을 마치고",7
"수술을 받다",7
"녀석의 머리를",7
"수술을 받았습니다",7
"녀석의 정체를",7
"녀석이 계속",7
"개인 변호사",7
"녀석이 그런",7
"수술을 준비하고",7
"the world to me",7
"수술을 하게",7
"수술을 통해",7
"그가 나타난다면",7
"수술을 하면서",7
"수술을 한다면",7
"녀석이 될",7
"녀석이 보고",7
"녀석이 세상을",7
"수술하고 나서",7
"수술하는 거",7
"수술하는 건",7
"수술할 거예요",7
"개인 사무실을",7
"수술할 수 있어요",7
"녀석이 어디",7
"수술할 순",7
"수술해야 합니다",7
"개인 사업을",7
"개인 사정으로",7
"그가 내일",7
"녀석이 있는데",7
"개인 사정이",7
"그가 너",7
"개인 소유물을",7
"수십 년은",7
"THAT is",7
"수십 통의",7
"수십만 달러가",7
"수십만 달러를",7
"그가 너한테 뭐라고",7
"수십억 명의",7
"dark side",7
"개인 소지품을",7
"개인 소지품이",7
"년 갑자기",7
"수억 달러가",7
"수억 명의",7
"수업 가야 돼",7
"년 개봉한",7
"수업 가야 해",7
"dark spirit",7
"년 걸려요",7
"그가 네 목숨을",7
"수업 끝나면",7
"개인 신상",7
"수업 듣기",7
"그가 네이트를",7
"그가 네이트를 죽였어",7
"수업 들었어",7
"년 경에",7
"년 경찰",7
"개인 은행",7
"그가 노리는 건",7
"년 계속",7
"수업 시작하겠다",7
"the yard",7
"년 그건",7
"개인 일지",7
"그가 누구라고",7
"개인 자산",7
"수업 종이 울린다",7
"년 근무",7
"수업 후에",7
"년 금방",7
"개인 전용",7
"수업에서 뭘",7
"수업은 안",7
"년 날",7
"년 난",7
"수업을 듣게",7
"수업은 여기까지다",7
"수업을 듣는데",7
"수업을 들어야",7
"수업을 할",7
"수업이 끝나면",7
"수업이 끝난 후",7
"수업이 있어서요",7
"그가 다른 사람을",7
"their best",7
"년 노벨",7
"그가 다음에",7
"년 다",7
"년 단위로",7
"수영 가면",7
"수영 가면 어때",7
"그가 당신과 함께",7
"년 동안 갇혀",7
"수영복 안",7
"수영복 입어",7
"년 동안 거기",7
"년 동안 그걸",7
"수영장 안에",7
"있을 때가 아냐",7
"수영장에 빠진",7
"수영하는 걸",7
"그가 당신한테",7
"수영하러 가자 어제",7
"년 동안 그의",7
"년 동안 나",7
"년 동안 기다렸어",7
"수영할 때 나체를",7
"수영할 때 나체를 본적이",7
"daughter of",7
"개인 트레이너",7
"년 동안 넌",7
"수용 가능한",7
"수용하기 위해",7
"그가 도망치기 전에",7
"개인 파일",7
"수익을 낼 수",7
"수일 내에",7
"그가 도울 수",7
"년 동안 많이",7
"년 동안 말이야",7
"수있게 도와 줘",7
"their loved",7
"수있게 해줍니다",7
"수있는 것과",7
"수있는 것들",7
"그가 돌아오기",7
"년 동안 서로",7
"수있는 기회입니다",7
"their loved ones",7
"년 동안 어디",7
"개인용 컴퓨터",7
"수있는 유일한 방법은",7
"년 동안 여러",7
"년 동안 열심히",7
"수작 부리지 마세요",7
"년 동안 일을",7
"년 동안 저는",7
"수잔과 함께",7
"그가 될",7
"수전 씨가",7
"년 동안 해",7
"그가 들은",7
"있을 수 없는 일입니다",7
"년 동안 휴가",7
"their son",7
"수정 씨",7
"수정 안",7
"수정 사항",7
"년 동안이나요",7
"수정금지 배포시 제작자와",7
"수정금지 배포시 제작자와 출처를",7
"년 됐네요",7
"년 됐지만",7
"수정하고 다시",7
"수정해야 할",7
"수조차 없는",7
"그가 리스트를",7
"그가 리스트를 편곡한",7
"그가 리스트를 편곡한 버전으로",7
"년 러시아",7
"개인적으로 나는",7
"수준의 보안",7
"them about",7
"그가 마음에",7
"개인적으로 내가",7
"수줍음 많은",7
"년 만에 드디어",7
"년 만에 만난",7
"수줍음이 많은",7
"그가 마지막으로 한",7
"수중 음파",7
"수중에 있다",7
"년 만에 첫",7
"수지의 옅은",7
"수집 된",7
"수집을 위해",7
"them as",7
"년 만이지",7
"수집하고 있습니다",7
"개인적으로 받아들이지 마세요",7
"그가 말하게",7
"THE WAR 눈을",7
"수천 개를",7
"them before",7
"그가 말하길 그는",7
"년 미네소타에서 일어난 사건을",7
"그가 말하지",7
"them by",7
"년 반 만에",7
"그가 말한 것",7
"수천 명이 죽을",7
"그가 말한 대로",7
"그가 말한 것처럼",7
"개인적으로 얘기 좀",7
"그가 말한다면",7
"수천 통의",7
"개인적으로 전",7
"년 빨리",7
"수첩을 탁",7
"수치 수치다 수치다",7
"개인적으로 제일",7
"년 사실",7
"수치가 높고",7
"수치가 높아요",7
"년 살게",7
"수치가 정상으로",7
"수치는 어때",7
"그가 말했지",7
"년 새해",7
"수칙 제",7
"THE WAR 눈을 뜨면",7
"수트 입어",7
"수트를 입고",7
"개인적으로 할 얘기가",7
"개인적으로 할 말이",7
"수펀 언니",7
"수포가 될",7
"수표 써드릴게요",7
"년 어느",7
"그가 모두를",7
"수표를 쓰는",7
"년 여름 약탈자",7
"them here",7
"수풀이 무성하지",7
"년 연속 최고",7
"년 올해의",7
"그가 목숨을",7
"수학 선생",7
"년 이상 전에",7
"them into",7
"수행 한",7
"그가 무슨 일을 꾸미고",7
"년 이상은",7
"수행하는 거야",7
"them know",7
"수행할 때",7
"년 이탈리아",7
"그가 무슨 짓을 했든",7
"수행할 수 있는",7
"개인적인 거야 말",7
"년 이하의 징역 또는",7
"수행해야 할",7
"수혈을 받아야",7
"수혈이 필요해",7
"년 이후론",7
"개인적인 거야 말 안",7
"그가 무엇을 할 수",7
"그가 무엇이었는지",7
"그가 뭐",7
"숙녀분들 안녕하세요",7
"숙녀를 위해",7
"day of the",7
"숙모가 될",7
"년 전 네가",7
"년 전 당신이",7
"그가 뭐라고 했어",7
"그가 뭐라고 했죠",7
"숙여야 해",7
"숙제 같은",7
"THEME SONG",7
"숙제를 다",7
"day on",7
"년 전 여름",7
"숙제를 좀",7
"숙제를 하고",7
"숙청의 밤이다",7
"그가 뭘 하는",7
"순 없",7
"개인적인 복수를",7
"그가 뭘 할 수",7
"순 없겠니",7
"순 없냐",7
"년 전 제가",7
"년 전 쯤에",7
"그가 뭘 했는지",7
"순 없는데요",7
"년 전과는",7
"순 없다네",7
"개인적인 생각으로는",7
"그가 믿을",7
"개인적인 사정으로",7
"그가 바라는",7
"년 전보다 더",7
"그가 바하를 친다면",7
"그가 바하를",7
"그가 바하를 친다면 이렇게",7
"년 전에 그의",7
"년 전에 끊겼어요",7
"them the",7
"순 없어 놈들이",7
"있을거에요 그",7
"년 전에 나타났습니다",7
"순 없어 당신이",7
"그가 발견한",7
"순 없어 두",7
"순 없어 미안해",7
"순 없어 아니야",7
"년 전에 당신은",7
"순 없어 안돼",7
"개인적인 이유",7
"순 없어 오",7
"them up here all",7
"그가 병원에",7
"순 없어 자넨",7
"순 없어 잘",7
"I may have a",7
"순 없어 잠깐만",7
"년 전에 사망했어요",7
"순 없어 지금 당장",7
"순 없어 할 수",7
"개인적인 일에",7
"그가 분명히",7
"년 전에 전",7
"있을게요 안",7
"순 없어요 저는",7
"년 전에 하지만",7
"순 없어요''",7
"있을까 모르겠네",7
"순 없었소",7
"년 전에도 똑같은",7
"순 없을 것 같아요",7
"년 전으로 돌아갈",7
"순 없을걸요",7
"년 전으로 돌아갈 수",7
"그가 사망한",7
"순 없잖아 게다가",7
"년 전의 그",7
"순 없잖아 그래",7
"그가 사용할",7
"TV 가이드",7
"순 없잖아요 내가",7
"년 전이니까",7
"그가 살고",7
"년 전이었고",7
"년 전이었는데",7
"년 전이었습니다",7
"then I want",7
"순 없지만 이",7
"그가 살아있는 걸",7
"순 있으니까",7
"년 전쟁",7
"개입 마",7
"그가 살해당했을",7
"년 정도 그랬어",7
"개입하고 싶지",7
"순간 그가",7
"그가 살해되던",7
"그가 살해되던 날",7
"순간 그들이",7
"순간 금방 세",7
"순간 금방",7
"순간 금방 세 개",7
"그가 새로운",7
"then I''m gonna",7
"순간 너무",7
"순간 너는",7
"순간 너와",7
"개입하면 안",7
"순간 당신이",7
"순간 동안",7
"년 지기",7
"있을지 어떨지",7
"년 째야",7
"그가 세상을",7
"순간 이런",7
"년 캘리포니아",7
"순간부터 나는",7
"순간들이 있다",7
"순간부터 네",7
"년 투르 드",7
"년 팀",7
"순간부터 우리",7
"순간부터 이런",7
"년 폴",7
"순간부터 하워드",7
"년 하고",7
"개자식 개자식",7
"년 했어요",7
"년 현재",7
"then maybe",7
"그가 심지어",7
"순간을 기다렸어",7
"순간을 기다렸지",7
"개자식 날",7
"년 형이",7
"순간을 오랫동안",7
"그가 아끼는",7
"순간을 위해서",7
"년 후를",7
"순간을 함께 하고파요",7
"순간이 다가오고",7
"순간이 몇",7
"년 후에 그",7
"개자식 때문에",7
"순간이 온다",7
"순간이 온다면",7
"년 후에 보자",7
"순간이 올 거야",7
"days long",7
"순간이 왔어",7
"개자식 망할",7
"순간이 있죠",7
"순간이 있었죠",7
"개자식 안",7
"년 후의 사람이라면",7
"순결을 잃은",7
"년간 감옥에",7
"순서를 정하는",7
"그가 아마도",7
"순수하다는 걸",7
"그가 아무것도",7
"년간 너무",7
"년간 네",7
"년간 노력한",7
"년간 다른",7
"순순히 안",7
"년간 단",7
"순식간에 모든",7
"그가 아직 여기",7
"년간 모은",7
"그가 안다면",7
"순이의 놀란",7
"순이의 애쓰는",7
"년간 사이언톨로지",7
"년간 수천",7
"순정의 아파하는 신음",7
"년간 일하면서",7
"순정이 웃는다",7
"순조롭게 진행",7
"년간 있었던",7
"순조롭게 진행되고 있습니다",7
"순진하게 굴지 마",7
"년간 전",7
"순진하지 않아요",7
"순진한 거야",7
"그가 알아낸",7
"년간 죽은",7
"순찰 돌고",7
"순찰 중이야",7
"순찰 중입니다",7
"순찰에 대한",7
"년간 한 번도",7
"순태의 웃음",7
"순한 양처럼",7
"년대 미국",7
"년대 사람들은",7
"술 가게를",7
"술 같은 건",7
"개자식처럼 굴지",7
"술 내가",7
"술 드실래요",7
"술 따르는",7
"술 때문이",7
"술 때문에요",7
"술 때문이에요",7
"술 마셨구나",7
"년대에 만들어진",7
"년대에 있었던",7
"년도 넘었어",7
"개조 해",7
"술 마시는 것도",7
"개조 해 버렸어",7
"그가 어떤지",7
"개조할 수",7
"년도 안 돼",7
"술 마시러 갈",7
"술 마시면 안 되잖아요",7
"년동안 매일",7
"년만 기다려",7
"술 마신다고",7
"년만 더 다니면",7
"있잖아 부누엘",7
"그가 어떻게 할",7
"술 마실까",7
"년밖에 못",7
"있잖아 부누엘 감독이 죽은",7
"있잖아 부누엘 감독이",7
"년부터 현재까지",7
"년에 개인",7
"그가 얼마나 많은",7
"술 안 마셨어요",7
"술 안 마셨어",7
"술 안 마시면",7
"there an alien",7
"술 안 마신",7
"년에 그의",7
"술 안 마십니다",7
"년에 나는",7
"그가 없어도",7
"술 없이도",7
"술 잔뜩",7
"술 있어요",7
"술 잘 마셨어요",7
"술 잘 못",7
"there an alien in",7
"개체가 아니었어",7
"술 취한 말투로",7
"년에 문을",7
"술 취한 채로",7
"년에 백만",7
"개프니 시카고",7
"술 한 병을",7
"년에 이솔라",7
"술 한잔 하러",7
"술 한잔도",7
"그가 여기에서",7
"술 한잔할",7
"말은 도움이 안 돼",7
"그가 여기있는",7
"술 한잔해",7
"술과 마약",7
"술과 담배를",7
"술과 마약을",7
"술과 약을",7
"술과 약에",7
"I mention",7
"그가 연락을",7
"개회를 선언합니다",7
"년으로 거슬러 올라갑니다",7
"술도 안 마셨는데",7
"there anything I",7
"그가 오는 걸",7
"년은 그냥",7
"년은 기다려야",7
"술만 먹으면",7
"그가 오래",7
"술병 좀",7
"술병을 탁 놓는다",7
"술술 불게",7
"년은 더 살",7
"년은 더 있어야",7
"년은 됐어",7
"술에 손을",7
"술에 쩔은",7
"술에 취하게",7
"술에 취했거나",7
"술에 취해선",7
"년은 족히",7
"년을 갇혀",7
"술은 많이",7
"술은 안 돼요",7
"그가 옳았어",7
"술은 입에",7
"술은 제가",7
"술을 권한다",7
"년을 버틸 수",7
"술을 마셨는지",7
"그가 왜 그랬는지",7
"년을 복역했다",7
"술을 마시는데",7
"Ein gut",7
"술을 마시지 않는다",7
"있잖아요 그런데",7
"술을 마신 게",7
"술을 마신다고",7
"술을 마신다는",7
"년을 안",7
"술을 많이 마신",7
"dead bodies",7
"there before",7
"그가 우리에게 준",7
"there by",7
"년의 그",7
"술을 주고",7
"술을 줄",7
"년의 시간이",7
"술을 한잔",7
"술을 한 잔",7
"년의 역사가",7
"그가 움직이는",7
"술이 깰",7
"년의 역사를",7
"그가 움직일",7
"술이 많이",7
"술이 필요해요",7
"갤런 그럼",7
"술이나 마시죠",7
"술이나 마저",7
"술집 뒤에",7
"술집 문",7
"년이 넘었고",7
"갤로 요원",7
"술집에 다시",7
"년이 다 돼",7
"갤린저 박사가",7
"술집에 있었다",7
"그가 위험에",7
"년이 됐고",7
"그가 위험한",7
"년이 됐다",7
"술집에서 술을",7
"그가 유죄",7
"there in a",7
"Ein gut aus",7
"년이 되고",7
"년이 되는",7
"년이 되면",7
"숨 고르고",7
"숨 들이쉬어",7
"그가 의도한",7
"년이 조금",7
"숨 소리",7
"그가 이겼어",7
"년이 지나자",7
"그가 이기게",7
"숨 쉬는 걸",7
"년이 지난 지금은",7
"년이 지난 후에야",7
"년이 지났는데 아직도",7
"숨 쉬어봐요",7
"숨 쉬어요 숨 쉬어요",7
"숨 쉴 수 있는",7
"숨 쉴 수가",7
"그가 이번",7
"년이 흘렀는데",7
"년이 흘렀어",7
"년이나 갇혀",7
"년이나 걸렸죠",7
"년이나 기다렸어",7
"숨 크게 쉬고",7
"년이나 됐고",7
"숨겨 놓을",7
"걔 덕분에",7
"걔 대신",7
"년이나 산",7
"숨겨둔 걸",7
"숨겨둔 거야",7
"말은 아닌 거",7
"년이나 이",7
"숨겨둘 수",7
"숨겨져 있는지",7
"그가 있었다",7
"년이나 흘렀는데",7
"숨겨져 있죠",7
"그가 있었던",7
"걔 또",7
"년이라는 시간을",7
"그가 자고",7
"숨겨진 방이",7
"숨겨진 비밀",7
"년이면 강산도",7
"숨겨진 욕망을",7
"숨겨진 의미는 그",7
"숨겨진 의미는 그 자체의",7
"년이면 우리",7
"숨겨진 의미를 해석하는 것은",7
"숨겨진 의미를 해석하는",7
"숨겨진 재능이",7
"dead people",7
"숨결에 빛이 되었던",7
"년이야 난",7
"숨겼는지 알아내야",7
"숨겼을 수도",7
"그가 자리를",7
"걔 말로는",7
"년째 같은",7
"숨기고 있고",7
"숨기고 싶지 않아",7
"숨기고 있군요",7
"년째 못",7
"년째 복역",7
"숨기고 있는 거지",7
"그가 잘못",7
"걔 말이 맞아",7
"년쯤 더",7
"걔 머리를",7
"숨기고 있었지",7
"그가 저기 있어",7
"숨기긴 뭘 숨겨",7
"숨기긴 뭘",7
"년쯤 지나면",7
"숨기는 건데",7
"숨기는 걸까",7
"숨기는 것 없이",7
"노 노 노 노",7
"숨기는 게 많은 사람들이야",7
"숨기는 게 뭐죠",7
"노 박테리아의",7
"노 자네",7
"노가미 군",7
"숨기는 게 있지",7
"숨기는 방법을",7
"숨기는 사람들",7
"숨기려고 하는",7
"숨기려고 해",7
"숨기지 않는",7
"숨기지 않아",7
"숨기지 않았어",7
"there or",7
"걔 생각을",7
"숨긴 곳에",7
"걔 생각이",7
"노는 게 아니라",7
"노는 날인데",7
"But now I",7
"걔 아니야",7
"숨길 때",7
"그가 좋아할",7
"there since",7
"노다 씨",7
"숨길 수 있다고",7
"노동을 통해",7
"숨길 장소를",7
"숨길 필요도",7
"숨길만 한",7
"숨김과 보탬이",7
"숨김과 보탬이 없이",7
"그가 죽길 원해",7
"노라 앨런을",7
"말은 없었는데",7
"숨는 데",7
"걔 앞에",7
"숨도 못 쉬겠어요",7
"there something",7
"노란 옷을",7
"숨만 쉬다가",7
"숨만 쉬어도",7
"노래 가사도",7
"숨쉬거나 물 위에 떠본",7
"숨쉬거나 물 위에",7
"숨쉬는 걸",7
"숨어 살았어",7
"숨어 어서",7
"노래 내가",7
"숨어 있겠죠",7
"숨어 있게",7
"걔 얼굴에",7
"death and",7
"노래 들어본",7
"숨어 있어야 해",7
"숨어 있었나",7
"숨어 있었는데",7
"숨어 있었네",7
"있죠 엄마",7
"노래 또",7
"노래 마저",7
"그가 죽였어요",7
"노래 모음집",7
"숨어 있을 순",7
"TV 보기",7
"걔 엄마랑",7
"숨어 지내다가",7
"there was no",7
"걔 엄마의",7
"숨어있는 거",7
"숨어있는 거지",7
"걔 엄마한테",7
"숨으면 안 돼",7
"노래 부를까",7
"death of",7
"걔 오늘",7
"그가 지원을",7
"숨은 붙어",7
"숨은 쉬고 있어",7
"숨은 쉬는데",7
"노래 아니야",7
"노래 아냐",7
"걔 왜",7
"노래 알지",7
"숨을 곳",7
"노래 어디서",7
"그가 진정한",7
"Ein gut aus sehender",7
"숨을 곳은 없어",7
"숨을 곳을 찾아야 해",7
"노래 잘해",7
"말은 전부 다",7
"노래 제목을",7
"그가 찾는 건",7
"노래 제목이야",7
"숨을 못 쉬겠다고",7
"노래 좋더라",7
"there will",7
"숨을 삼키며",7
"노래 좋아해요",7
"숨을 수 없는",7
"걔 잘",7
"노래 틀고",7
"숨을 쉬면서",7
"걔 잘못",7
"노래 한 곡 듣고",7
"노래 한 곡만",7
"그가 충분히",7
"숨을 쉴 때",7
"숨을 쉴 수 있게",7
"숨을 쉴 수가 없다",7
"숨을 쉴 수가 없었어요",7
"처해 있고",7
"노래가 나오면",7
"노래가 나와",7
"TV 보니까",7
"있죠 직접",7
"노래가 아냐",7
"숨을 참아요",7
"노래가 아니라",7
"노래가 안",7
"숨을 천천히 쉬어",7
"숨을 카 뱉는다",7
"노래가 좋아",7
"숨을 크게 들이마신다",7
"노래가 흘러나온다",7
"그가 편히",7
"노래나 해",7
"그가 폭탄을",7
"숨이 넘어갈",7
"숨이 막혀서",7
"그가 필요하다고",7
"노래는 어때",7
"there''s a connection",7
"노래는 왜",7
"노래는 희망",7
"숨이 턱턱",7
"노래는 제가",7
"걔 친구가",7
"노래도 안",7
"노래도 잘 부른다네",7
"노래도 잘하고",7
"숫자 말이야",7
"그가 하기 전에",7
"숫자가 있다",7
"숫자는 거짓말을",7
"숫자도 못",7
"숫자를 가지고",7
"there''s a woman",7
"그가 하는 일이",7
"노래를 들으면서",7
"숲 때문에",7
"숲 너머에",7
"there''s always",7
"숲 전체를",7
"숲에 가",7
"I might be able",7
"걔가 그럴",7
"숲에 혼자",7
"숲에 있어",7
"그가 하지 않은",7
"숲에서 못",7
"숲에서 찾은",7
"숲으로 가는",7
"숲으로 가",7
"숲에서 죽은",7
"숲으로 도망쳤어",7
"숲으로 들어갔어요",7
"걔가 나보다",7
"숲을 헤매고",7
"노래를 불렀는데",7
"쉘든 쿠퍼 박사입니다",7
"노래를 불렀죠",7
"쉬 쉬 쉬",7
"쉬 이사님의",7
"쉬 좀",7
"쉬게 두세요",7
"쉬게 하소서",7
"쉬게 할",7
"쉬게 하세요",7
"쉬고 계시면",7
"그가 한 짓이야",7
"노래를 하는데",7
"쉬고 싶지",7
"there''s just",7
"쉬고 있게",7
"쉬고 있나요",7
"쉬고 있어 정말요",7
"그가 할 수 있다는",7
"그가 할 수 있도록",7
"노래야 내가",7
"노래에 대한",7
"쉬고 있지",7
"쉬기로 했어",7
"쉬는 것 같아",7
"노래하고 있어",7
"decisions anyway",7
"쉬는 날이라서",7
"걔가 다른",7
"there''s no way",7
"쉬는 시간은",7
"노래하면 魂は 蜷局",7
"노래하면 魂は",7
"노래하지 마",7
"쉬도록 해 왜들",7
"쉬도록 해 왜들 그래",7
"쉬라고 했어요",7
"쉬라이브 힐",7
"deep breath",7
"쉬면 안 돼요",7
"쉬세요 제가",7
"쉬셔도 돼요",7
"쉬셔야 할 것",7
"노려보지 마",7
"쉬어 네가",7
"그간 많이",7
"쉬어 봐요",7
"쉬어 이",7
"그간 우리가",7
"쉬어 자",7
"노력 중이야 난",7
"쉬어 지금",7
"그간 있었던",7
"쉬어스 씨",7
"노력 중이잖아요",7
"그거 가져왔어",7
"노력에 대해",7
"쉬어요 숨 쉬어요",7
"쉬었다 할까요",7
"쉬운 것은",7
"쉬운 문제가",7
"쉬운 남자",7
"deep cover",7
"그거 굉장한",7
"쉬운 사람",7
"쉬운 일도",7
"쉬운 일만",7
"쉬운 일이 아냐",7
"쉬운 일이겠지",7
"TV 봤어",7
"쉬운 일인 줄",7
"쉬운 일일",7
"노력을 하는",7
"걔가 오늘",7
"그거 그만해",7
"노력을 해도",7
"노력을 해야지",7
"걔가 온",7
"쉬울 거란",7
"노력이 결실을",7
"노력이 필요하지",7
"쉬울 것 같은데",7
"그거 꽤 괜찮은",7
"쉬워 넌",7
"쉬워 보이는데",7
"그거 나 줘",7
"쉬워요 하지만",7
"걔가 원하는",7
"쉰 다음에",7
"쉴 것이다",7
"걔가 이런",7
"쉴 때가 된",7
"쉴 수 없었다",7
"노력하는 걸",7
"걔가 자꾸",7
"걔가 잘",7
"쉴 수가 없었어요",7
"쉴드 요원들을",7
"그거 놀랄",7
"노력하지 않을",7
"노력한 거예요",7
"있지 여보",7
"노력한 것에 대해",7
"그거 놔요",7
"del Garda",7
"노력한 만큼",7
"노력한 모든",7
"쉽게 구할 수 있는",7
"쉽게 끝낼",7
"쉽게 넘어갈",7
"쉽게 눈에",7
"쉽게 돈 버는",7
"있지 우리의",7
"걔가 죽으면",7
"쉽게 믿을",7
"노력해 봐야지",7
"쉽게 받아들이지",7
"노력해 봤어",7
"쉽게 번",7
"노력해 온",7
"노력해 왔어",7
"그거 당신이",7
"쉽게 사람을",7
"쉽게 생각하는",7
"그거 대단하네요",7
"쉽게 생각해",7
"쉽게 얻은 건",7
"쉽게 이",7
"delete your",7
"걔가 할",7
"노력했다는 걸",7
"노력했어 그",7
"걔네 둘",7
"그거 들어",7
"노력했어요 하지만",7
"쉽게 표를 주진",7
"쉽게 표를",7
"쉽게 표를 주진 않아",7
"걔네 부모님은",7
"노력했지만 결국",7
"쉽게 할 수 있는",7
"노력했지만 안",7
"그거 때문이",7
"쉽도록 조수석에 앉아",7
"쉽도록 조수석에",7
"쉽도록 조수석에 앉아 쟤가",7
"쉽잖아 좋아",7
"그거 마시고",7
"노를 젓고",7
"노릇 좀 그만해",7
"그거 마음에 드네",7
"걔네 집에서",7
"쉽지 않으니까",7
"걔네들 다",7
"그거 많이",7
"쉽지 않을 거라는",7
"걔는 그걸",7
"쉽지는 않겠지",7
"그거 말고 뭐가",7
"쉽지는 않았어요",7
"노리고 있으니까",7
"그거 말고 이거",7
"노리고 있을지도",7
"쉽지만은 않을",7
"쉽진 않았을",7
"걔는 날",7
"노리는 걸까",7
"그거 말이 되네",7
"노리는 것은",7
"노리는 줄",7
"노린 거",7
"그거 말하려고",7
"슈즈를 Just to",7
"슈즈를 Just",7
"슈즈를 Just to boogie",7
"슈트 안에",7
"알면 우리 둘 다",7
"슈트 없이",7
"노린 걸",7
"슈트 입은",7
"그거 맞는",7
"그거 먹는",7
"슈퍼 모델",7
"슈퍼 아기",7
"Electricity crackling",7
"슈퍼 주인",7
"슈퍼 치료제가",7
"그거 먹지 마",7
"걔는 아마",7
"그거 멋있군요",7
"노만 베이츠",7
"슈퍼맨이 되었고",7
"슈퍼맨이 되었고 난 능력을",7
"슈퍼맨이 되었고 난",7
"걔는 아무것도",7
"노먼 네가",7
"노먼 베이츠를",7
"그거 멋진데요",7
"그거 모르는",7
"있지만 보통",7
"그거 모두",7
"그거 모르지",7
"그거 몰라",7
"노블리 씨",7
"노섬벌랜드 제",7
"노숙자 같아",7
"스노우 대통령",7
"스노우 대통령님",7
"스노우 대통령의",7
"그거 뭐죠",7
"스노우를 그렇게",7
"스노우를 믿는",7
"스니키 피트",7
"노스 올랜도",7
"노스캐롤라이나 주",7
"노스트라 다무스",7
"스리 투 원피스를",7
"스리 투 원피스를 휘날리면",7
"desperate situation",7
"노아 솔로웨이",7
"스릴을 즐기는",7
"그거 별거",7
"스머프가 날",7
"노아의 방주가",7
"스무 배",7
"스무 명이",7
"있지요 그",7
"스미스 부인",7
"있진 못할",7
"노예 매매가",7
"노예 매매에",7
"노예 매매에 상당한",7
"노예 제도를",7
"스스로 결정하고",7
"노예가 되어",7
"노예가 된",7
"노예가 아니오",7
"그거 빼면",7
"스스로 더",7
"그거 사려고",7
"노예로 만들어",7
"있질 않아요",7
"노예로 삼은",7
"미팅 잡아",7
"스스로 몸을",7
"스스로 방아쇠를",7
"노이즈 캔슬링",7
"노이지 보이",7
"스스로 생각하는",7
"노인을 공경하는",7
"스스로 생을",7
"그거 쓰지",7
"스스로 속이지",7
"잊고 살았는데",7
"스스로 얼마나",7
"스스로 이렇게",7
"걔들은 어떻게",7
"스스로 지킬 수",7
"스스로 통제할",7
"스스로 판단할",7
"노출되어 있는",7
"노출되었을 때",7
"스스로 해",7
"노출되지 않도록",7
"스스로 해결해야 해",7
"스스로를 너무 잘 아는데",7
"스스로를 너무 잘",7
"노출된 적",7
"스스로를 보호하고",7
"노출될 위험이",7
"걔들이 뭐",7
"노출시킬 수",7
"스스로를 지킬 수",7
"그거 아빠가",7
"걔들이 뭘",7
"스스로에게 묻지",7
"스스로에게 말했죠",7
"스스로에게 물어보세요",7
"그거 아시죠",7
"잊는 게 좋을",7
"말을 못 믿는",7
"스스로의 의지로",7
"노크 한",7
"TV 속 유진",7
"스웨터 조끼를",7
"스위스 알프스",7
"스위스 치즈처럼",7
"스위치 같은",7
"노크할 줄 몰라",7
"그거 안 좋은",7
"스위치가 있어",7
"they doing",7
"스위트 룸을",7
"스위트 피",7
"노트에 이름이 적힌",7
"스즈 씨는",7
"developing a conscience",7
"잊어버릴 줄",7
"스카바 두바",7
"스카우트의 명예를",7
"스카이다이빙 회사",7
"녹색 똥",7
"그거 어디서 났니",7
"스카일러 스카일러",7
"스카치 두",7
"스카치 좀",7
"그거 어떻게 하는",7
"developing a conscience of",7
"스컹크 같은",7
"스케이트 보드",7
"녹아내리는 것",7
"걔를 봤어요",7
"걔를 어떻게",7
"스케이트보드 타는",7
"스케이트보드를 타고",7
"스케줄 다시",7
"녹여서 요염한",7
"녹여서 요염한 비너스",7
"녹여서 요염한 비너스 상으로",7
"스코츠데일 로젤라",7
"스코츠데일 로젤라 드라이브",7
"I missing",7
"스콧 E를",7
"걔를 좋아하는",7
"스콧 박사와",7
"스콧 파커 경력",7
"스콧을 위해",7
"스쿠터 타는",7
"스쿠터 타고",7
"스쿱 스쿱",7
"녹음하는 게",7
"녹음하는 걸",7
"그거 웃기네요",7
"스크리미지 교장",7
"녹음한 겁니다",7
"녹음해도 될까요",7
"말을 믿을지",7
"그거 이름이",7
"스타 시티 경찰",7
"스타 시티가",7
"스타 시티는",7
"스타 시티에서",7
"녹화 영상을",7
"TV 속 진행자",7
"녹화되는 걸",7
"녹화하는 거야",7
"걔한테 상처",7
"스타니스의 군대가",7
"스타더스트 메모리",7
"스타메츠 대위는",7
"그거 이제",7
"스타와 유명인들은 뭘 알고",7
"그거 일단",7
"스타인 교수님을",7
"스타일 마음에",7
"스타일 아니잖아",7
"걔한테 한",7
"걔한테 잘",7
"스타일 좋아",7
"스타일도 아니야",7
"그거 입에",7
"스타일은 아냐",7
"스타일은 아니다",7
"그거 있어요",7
"논리적 인",7
"스타일이 마음에",7
"스타일이 아냐",7
"논리를 버리고 마음으로 외쳐",7
"스타일이 아닌",7
"논리적으로 설명할",7
"말을 생각해 봤어요",7
"그거 잊지 마",7
"스타크 가에",7
"그거 잘 됐군",7
"스타크 부인",7
"스타크 씨를",7
"그거 잘 됐네요",7
"잊지 말고 꼭",7
"스타크 씨와",7
"논문을 쓴",7
"스타크가 북부의",7
"걘 나",7
"논의를 하고",7
"걘 나와",7
"그거 잠깐",7
"그거 잡아",7
"논의한 결과",7
"논의해야 할",7
"논쟁을 벌일",7
"논쟁의 여지는",7
"스탠 스미스입니다",7
"스탠 우리",7
"논쟁할 시간이",7
"그거 재밌어",7
"스탠드업 코미디",7
"놀 거리가",7
"놀 거지",7
"스터디 그룹이",7
"스터전 씨",7
"스털바그 아미라 캐사",7
"스털바그 아미라",7
"놀 때는",7
"놀 때도",7
"놀 만큼",7
"그거 정말 잘",7
"그거 정말 좋은데",7
"스테이션 왜건을",7
"잊지 않았네",7
"스테이크 좀",7
"놀 수 있잖아",7
"스테이플스 센터",7
"걘 무슨",7
"스텐포드 대학 추천으로",7
"스텐포드 대학",7
"스텔라 우리",7
"스텐포드 대학 추천으로 오게",7
"걘 뭐",7
"스텔스 기술",7
"스토킹 하는",7
"did before",7
"그거 좋겠는데",7
"그거 좋구나",7
"놀고 계세요",7
"스툴벤드 선교관",7
"스튜디오에 가서",7
"스튜디오로 돌아가서",7
"스튜라는 이름의",7
"스튜라는 이름의 미친 남자",7
"스튜라는 이름의 미친",7
"스튜어트 니가",7
"스튜이 그리핀",7
"스트라이크 팀을",7
"스트라이크로 이동하십시오",7
"놀고 있나",7
"they may",7
"스트레스 장애로",7
"스트레스 장애도",7
"스트레스 좀 풀어",7
"그거 좋은 생각이구나",7
"스트레스가 너무 심해",7
"놀고 있으렴",7
"놀고 자빠졌네",7
"놀고들 있네",7
"그거 좋을거야",7
"놀기 싫어",7
"그거 주면",7
"그거 중요한",7
"스트레스받은 것",7
"놀기도 하고",7
"스트리밍 서비스를",7
"자 봤어",7
"스트립 클럽은",7
"스트립 클럽으로",7
"걘 제",7
"놀다 와라",7
"they moved",7
"스티브 네",7
"놀라 자빠지겠네",7
"스티브 맥퀸",7
"스티브 머피",7
"놀라 죽을",7
"스티브 우리",7
"스티브 이",7
"걘 참",7
"놀라게 하고 싶어요",7
"스티븐 글린 스티븐의 인권",7
"스티븐 글린 스티븐의",7
"스티븐 스트레인지",7
"스티븐 에릭",7
"스티븐 에릭 맥킨타이어 션",7
"스티븐 에릭 맥킨타이어",7
"스티븐 호킹의",7
"스티븐스 로이드의",7
"스티븐의 사촌",7
"그거 피우면",7
"그거 필요",7
"스틸 부인",7
"걜 보면",7
"스틸스 형사님",7
"걜 죽일 수",7
"스파게티 좋아해요",7
"스파게티 좀",7
"걜 죽일 수 밖에",7
"스파이 기계 매일",7
"스파이 기계",7
"스파이 기계 매일 매",7
"놀라게 해요",7
"스파이 비행기",7
"놀라게 했습니다",7
"거 가",7
"스파이들 매일",7
"스파이들 매일 매시간",7
"그거 하지 말라고",7
"스패그 유니언",7
"거 가자",7
"거 가져",7
"그거 한 번만",7
"스페셜 포스",7
"자 중",7
"스페어 타이어",7
"놀라서 오줌",7
"they send",7
"스페인 최고의",7
"그거 해봐",7
"스페인어 수업을",7
"놀라실 걸요",7
"자가 먼저",7
"그거 해야",7
"스페인에서 온",7
"스페인의 비는",7
"스페인의 비는 주로",7
"그거 혼자",7
"스포츠 뉴스",7
"놀라운 사람이에요",7
"스포츠맨 정신을",7
"자가 있는가",7
"말을 전하는",7
"스포트라이트를 받는",7
"스프레드 시트",7
"놀라운 소식입니다",7
"스프레이 뿌려",7
"did it for",7
"스프레이 페인트를",7
"놀라운 우연의",7
"놀라운 일",7
"스플렌디드 스플렌디드",7
"놀라운 일을 할",7
"그거랑 같이",7
"놀라운 일이지",7
"they still",7
"스피커 속 재덕",7
"스피커 속 현수",7
"스피커를 통해 외국어로 말하는",7
"놀라움 그",7
"슬라이드 수 백",7
"슬램 덩크",7
"슬라이드 수 백 장이",7
"슬라이드 수",7
"놀라움을 상상해보라",7
"슬로언 새비스",7
"거 같구만",7
"놀라워 잃었던",7
"슬롭 포퍼",7
"그거로는 부족해",7
"슬슬 가자",7
"놀라지 않는 걸까",7
"슬퍼 보였어",7
"슬퍼 보이네",7
"놀라지 않을 겁니다",7
"슬퍼하면 안",7
"놀란 거예요",7
"놀란 것 같네",7
"슬퍼할 시간이",7
"놀란 것 같은데",7
"슬프게 하지",7
"놀란 것처럼",7
"슬프게도 우리",7
"거 같긴 하지만",7
"그거면 된다",7
"슬픈 기분이",7
"슬픈 게 아니야",7
"슬픈 날",7
"슬픈 노래를",7
"그거면 될까요",7
"놀란 척하지 마",7
"놀란 표정 짓지 마",7
"슬픈 소식입니다",7
"놀란 표정을",7
"TV 역사상",7
"슬픈 얘기는",7
"슬픈 얘기야",7
"슬픈 웃음을",7
"슬픈 이야기를",7
"슬픈 일을",7
"거 같길래",7
"슬픈 일입니다",7
"그거밖에 없어",7
"슬플 때 인데",7
"슬플 땐",7
"they turn",7
"슬픔 때문에",7
"놀랄 노자네요",7
"슬픔으로 가득",7
"그거야 그냥",7
"자격증 같은",7
"놀랄 소식이 있어",7
"슬픔이 이",7
"슬픔이 있고 고통이",7
"슬픔이 있고 고통이 있지만",7
"슬픔이 있고",7
"슬픔이 하나",7
"슬픔이 하나 둘 사라질",7
"습격 때",7
"그거야 그런",7
"자경단 같은",7
"습관은 쉽게 사라지지",7
"그거야 그렇지만",7
"놀랄 일은 없을",7
"습관이 있어요",7
"승객 명단이",7
"놀랄 일이네",7
"거 같네 제가",7
"승객 여러분 지금",7
"놀랄 일이에요",7
"승객들 다",7
"그거야 너무",7
"그거야 너희",7
"놀랄만 한",7
"승낙 할 거니까",7
"놀랄지도 모르지만",7
"승낙 할 거니까 나중에",7
"놀랍게도 그",7
"승낙하는 것으로 받아들이겠다",7
"놀랍긴 하지만",7
"승리를 거둔",7
"승리에 필요한",7
"승리하기 위해",7
"승무원으로 공식",7
"승무원으로 공식 초대할",7
"놀랍지도 않았어요",7
"승무원으로 공식 초대할 생각이네",7
"놀랍지도 않죠",7
"승산은 없어",7
"승산이 없을",7
"그거야 모든",7
"승산이 있어요",7
"거 같다 내가",7
"승선할 수",7
"그거야 무슨",7
"승선했을 때",7
"놀랐어 내가",7
"그거야 뻔하지",7
"놀랐어요 네",7
"자고 있으면",7
"놀랐어요 하지만",7
"승인을 받기 위해",7
"그거야 알지",7
"놀랐잖아 미안",7
"승인한 적",7
"놀래줄 게",7
"말을 하든가",7
"놀래켜 주고",7
"승자는 나야",7
"승자가 모든 걸",7
"승자는 누구일까요",7
"놀래키지 마",7
"승자와 패자",7
"승진 기회를",7
"놀러 가",7
"승진할 거야",7
"거 같단 말이지",7
"놀러 가려고",7
"거 같더구나",7
"시 그",7
"시 그럼 나중에 뵙죠",7
"시 그럼 나중에",7
"시 기",7
"그거야 이런",7
"시 넘어",7
"시 내가",7
"시 넘으면",7
"놀러 갔는데",7
"시 몇",7
"그거야 저",7
"그거야 좋은",7
"놀러 안 갔니",7
"시 반이나",7
"시 반이요",7
"놀러 오지",7
"시 반인데요",7
"시 반입니다",7
"시 방향은",7
"놀러 올게",7
"그거에 관해서",7
"그거에 관해선",7
"시 사이로",7
"End of the",7
"시 소속",7
"시 안",7
"시 어떠세요",7
"시 예약",7
"놀리고 싶은",7
"놀리고 있는",7
"거 같습니다 아",7
"시 전",7
"그거예요 우린",7
"시 전체를",7
"시 전체에",7
"거 같아 가자",7
"TV 출연은",7
"시 지",7
"시 쯤에",7
"자금을 모을",7
"자금을 제공하는",7
"자금이 필요합니다",7
"시가 넘었는데",7
"시 히어로 협회 본부",7
"시가 다 됐는데",7
"시가 다 됐네",7
"그건 가족이",7
"시가 정말 아름다웠어 정말",7
"시가 정말 아름다웠어",7
"그건 가짜",7
"시각 자료를",7
"시각 장애인",7
"놀림 많이",7
"they''re gone",7
"시각을 가진",7
"놀면 안 돼요",7
"그건 간단해",7
"시각적 인",7
"놀아 라",7
"그건 감당할 수",7
"시간 가는 줄 몰랐네",7
"그건 감정이",7
"그건 감당할",7
"시간 감시하는",7
"그건 갑자기",7
"시간 개념",7
"놀아 어서",7
"놀아 주는",7
"놀아 준",7
"시간 거리잖아",7
"놀아나고 있는",7
"they''re good",7
"시간 걸리니까",7
"놀아나는 거예요",7
"시간 걸릴 겁니다",7
"they''re hurting",7
"놀아난 거",7
"놀아난 적",7
"시간 그가",7
"놀아도 되죠",7
"they''re hurting us",7
"시간 기다리라고",7
"시간 기록을",7
"시간 끌기",7
"놀아줄 수",7
"거 같아 나는",7
"놀았나 봐",7
"그건 거짓말이었어요",7
"시간 남았네요",7
"놀이 시간은",7
"놀이 할까",7
"시간 낭비나",7
"놀이나 하고",7
"시간 낭비라고요",7
"시간 낭비를 하고",7
"그건 걱정마",7
"놀이를 하며",7
"놀이를 하지",7
"시간 낭비하고 있어",7
"시간 낭비하긴",7
"그건 걱정하지 마요",7
"시간 낭비하는 거",7
"시간 낭비하지 말라고",7
"그건 걱정할 필요",7
"시간 낭비할 수 없어",7
"시간 낭비해서",7
"시간 내기",7
"시간 내로 못",7
"거 같아 다른",7
"거 같아 당신",7
"놈 그냥",7
"시간 늦겠다",7
"놈 그래서",7
"they''re not coming",7
"놈 그리고",7
"시간 다 됐네요",7
"놈 나와",7
"시간 당신이",7
"시간 더 있어야",7
"시간 동안 거기",7
"놈 너희",7
"they''re on",7
"시간 동안 두",7
"시간 동안 아무도",7
"시간 동안 우리",7
"놈 두",7
"시간 동안 혼자",7
"거 같아 맙소사",7
"그건 공평해",7
"놈 말",7
"시간 됐네요",7
"놈 말이",7
"놈 맞아",7
"TV 프로",7
"놈 몇",7
"시간 따윈",7
"시간 딱 맞춰서",7
"놈 아냐",7
"시간 딱 맞췄네요",7
"거 같아 뭘",7
"did you do to",7
"시간 만",7
"시간 맞춰 왔군",7
"시간 맞춰 왔네요",7
"놈 어디 있어",7
"시간 문제라는",7
"시간 문제였지",7
"놈 없어",7
"그건 그나마",7
"시간 미만",7
"시간 반을",7
"시간 보내기",7
"시간 보내는 거",7
"시간 보내려고",7
"시간 보내면",7
"시간 보내라고",7
"놈 잡았다",7
"그건 그들을",7
"시간 보내야지",7
"시간 불철주야",7
"놈 죽일",7
"시간 뺏어서 죄송해요",7
"거 같아 여기",7
"놈도 남기지",7
"시간 안에 업로드",7
"시간 안에 업로드 하십시오",7
"시간 안에 이",7
"놈도 있어",7
"그건 그렇고 내",7
"시간 안에는",7
"놈들 같으니",7
"시간 얼마 안",7
"놈들 많이",7
"그건 그렇고 어떻게",7
"시간 없어 그래",7
"그건 그렇고 여기",7
"놈들 못",7
"그건 그렇고 왜",7
"시간 없어 지금",7
"시간 없이",7
"놈들 잡는",7
"놈들 잡으러",7
"did you have",7
"시간 연속",7
"시간 연속으로",7
"시간 오래",7
"놈들과 같이",7
"놈들 하지만",7
"거 같아 자기",7
"놈들과 맞서",7
"시간 운전해서",7
"시간 이내",7
"놈들과 함께 말이야",7
"시간 이상을",7
"놈들에 대한",7
"놈들에게 본때를",7
"그건 기밀입니다",7
"거 같아 저기",7
"did you hear",7
"시간 있으신가요",7
"TV가 안",7
"시간 저",7
"시간 재는",7
"시간 전 쯤",7
"시간 전까지는",7
"놈들은 더",7
"놈들은 멈추지",7
"시간 전에 난",7
"시간 전에 떠났어",7
"시간 전에 말이야",7
"시간 전에 이미",7
"놈들은 분명히",7
"거 같아 좋은",7
"그건 꿈도",7
"시간 전이요",7
"그건 꿈이",7
"거 같아 진짜",7
"시간 좀 내주실 수",7
"시간 좀 내주실",7
"놈들은 짐승이야",7
"시간 좀 주겠나",7
"시간 좀 주시겠어요",7
"thing coming",7
"그건 나도 마찬가지예요",7
"시간 주겠네",7
"thing for a",7
"놈들을 막을 수",7
"시간 줄 테니까",7
"시간 즐겁게",7
"놈들을 물리칠",7
"거 같아서 나",7
"놈들을 믿어선 안",7
"거 같아서 난",7
"놈들을 박살",7
"시간 충분해요",7
"시간 하고",7
"놈들을 이길 수",7
"놈들을 잡는",7
"놈들을 잡아야",7
"거 같아서 이",7
"놈들을 잡으러",7
"시간 후에 또",7
"놈들을 잡을 수",7
"시간 후에 여기서",7
"놈들을 죽이고",7
"thing in the",7
"시간과 공간은",7
"시간과 장소에서",7
"놈들의 정체를",7
"시간대로 다시",7
"시간도 남지",7
"시간도 많지",7
"그건 나중에 얘기하고",7
"시간도 안 되어",7
"놈들이 내 가족을",7
"시간도 없으니",7
"thing off",7
"놈들이 네게",7
"그건 난",7
"그건 난데",7
"그건 난데 나 역겹죠",7
"시간마다 널 괴롭혔어",7
"시간마다 널",7
"그건 난데 나",7
"놈들이 데리고",7
"시간만 낭비하는 거야",7
"놈들이 들어오면",7
"놈들이 듣고",7
"시간만 있으면 돼",7
"놈들이 많아",7
"시간보다 훨씬",7
"thing or",7
"시간씩 나와",7
"시간씩 나와 있었어",7
"놈들이 미끼를",7
"시간에 네가",7
"시간에 미안해",7
"시간에 무슨 일로",7
"시간에 미안해요",7
"didn''t ask",7
"시간에 여기서",7
"시간에 와서",7
"시간에 하는",7
"놈들이 올 거야",7
"시간에 한 번",7
"그건 내 차야",7
"그건 내 책임이",7
"didn''t believe",7
"거 같아요 당신",7
"시간은 끝났습니다",7
"거 같아요 두",7
"놈들이 원하는 건",7
"시간은 네",7
"놈들이 원하는 게",7
"시간은 더 걸릴",7
"시간은 된",7
"놈들이 있어요",7
"그건 내가 도와줄 수",7
"시간은 새벽",7
"시간은 아주",7
"그건 내가 도울",7
"didn''t care",7
"didn''t come",7
"시간은 얼마나 있죠",7
"시간은 없는 것",7
"시간은 없는데",7
"시간은 없습니다",7
"시간은 없을 테니",7
"그건 내가 아니에요",7
"놈들한테 내",7
"시간은 자꾸 발을 재촉하고",7
"시간은 자꾸 발을",7
"시간은 점점",7
"시간은 좀 걸리겠지만",7
"놈만 없애면",7
"놈보다 더",7
"자기 집도",7
"놈보다 먼저",7
"말이 다 맞아요",7
"자기 짓이라고",7
"놈아 이",7
"그건 내가 처리할게",7
"시간을 가지면",7
"놈에 대한",7
"시간을 갖죠",7
"시간을 건너",7
"놈은 가장",7
"thing you want",7
"거 같아요 왜요",7
"놈은 괴물이다",7
"그건 내가 할 수",7
"시간을 기다릴",7
"시간을 기다렸어요",7
"그건 내가 할게",7
"놈은 나를",7
"시간을 낭비하고 싶지",7
"TV도 있고",7
"시간을 낭비하면",7
"시간을 낭비하지 마라",7
"시간을 낭비하진",7
"그건 너답지",7
"거 같아요 이게",7
"놈은 더",7
"놈은 몇",7
"그건 너도 마찬가지야",7
"거 같아요 이런",7
"시간을 너무 많이 낭비했어",7
"놈은 뭐야",7
"놈은 아냐",7
"놈은 아니에요",7
"시간을 더 보내고",7
"시간을 더 보낼",7
"시간을 돌릴 수",7
"시간을 되돌려 아름다운 그때",7
"시간을 되돌려 아름다운",7
"놈은 어디 있지",7
"things can",7
"시간을 드릴까요",7
"그건 너무 오래",7
"그건 너무하잖아",7
"그건 너에",7
"시간을 벌어준",7
"시간을 벌어줄 거야",7
"Enjoy this",7
"시간을 벌어줄게",7
"시간을 보내고 싶어서",7
"놈은 진짜",7
"시간을 보내고 있을",7
"그건 너한테 달렸지",7
"시간을 보내기로",7
"놈을 거의",7
"놈을 끌어내",7
"시간을 보내는게",7
"시간을 보내도록",7
"시간을 보내야 해",7
"시간을 보내자고",7
"거 같아요''",7
"놈을 당장",7
"그건 네 것이 아니야",7
"know what was",7
"놈을 막을 수",7
"시간을 보낼 수도",7
"시간을 보냅니다",7
"놈을 만나면",7
"거 같았거든요",7
"말이 되지 않았다",7
"놈을 막지",7
"시간을 보냈으니",7
"놈을 묶어",7
"시간을 보냈잖아요",7
"놈을 봐",7
"놈을 살려",7
"시간을 살아가고 있어",7
"시간을 살아가고",7
"시간을 선고합니다",7
"놈을 생포하면",7
"거 같았다니까",7
"놈을 알아",7
"그건 네 애인",7
"놈을 영원히",7
"놈을 완전히",7
"시간을 여행하는",7
"시간을 오래",7
"놈을 이길",7
"그건 네 일이야",7
"시간을 이용해서",7
"시간을 잊고",7
"시간을 잴",7
"시간을 절약할",7
"시간을 정해서",7
"시간을 절약해",7
"시간을 조금 더",7
"시간을 좀 드리죠",7
"시간을 좀 보내고",7
"시간을 좀 벌어줘",7
"시간을 좀 주자고",7
"시간을 좀 주지",7
"시간을 좀 주시면",7
"시간을 좀 줘봐",7
"시간을 주려고",7
"놈을 잡지",7
"didn''t happen",7
"놈을 죽여야 해",7
"그건 네가 잘",7
"시간을 줄 거야",7
"놈을 죽이겠어",7
"시간을 즐기는",7
"시간을 즐겨",7
"그건 노래가",7
"자기가 신인",7
"놈을 쫓아",7
"그건 논란의 여지가",7
"놈을 찾아내서",7
"그건 농담이었어요",7
"시간의 구조를",7
"시간의 숨바꼭질",7
"시간의 문제",7
"그건 누구나 다",7
"거 같은가",7
"그건 누구나 아는",7
"놈을 찾지",7
"놈을 체포할",7
"갈 거거든요",7
"시간이 걸리겠죠",7
"시간이 걸리겠지",7
"놈을 하나",7
"시간이 걸리잖아",7
"그건 늘",7
"시간이 걸릴 수",7
"시간이 걸릴지",7
"시간이 걸릴까",7
"거 같은데 그런",7
"자기가 원할",7
"그건 다 뭐야",7
"시간이 끝났습니다",7
"시간이 끝날 때까지",7
"시간이 남아돌면",7
"거 같은데 나도",7
"think I do",7
"그건 다른 거야",7
"시간이 늦었으니",7
"시간이 다 돼서",7
"거 같은데 날",7
"그건 다른 사람의",7
"시간이 다 된 것",7
"시간이 덜",7
"think I got",7
"놈이 나",7
"시간이 됐는데",7
"거 같은데 다시",7
"놈이 나타날",7
"didn''t he",7
"거 같은데 당신",7
"시간이 될 것",7
"자기가 이걸",7
"시간이 될거야",7
"그건 답이 아니야",7
"사실은 변함이",7
"사실은 별로",7
"놈이 누구든",7
"시간이 많으니까",7
"시간이 많으니",7
"시간이 많이 남았어",7
"놈이 누굴",7
"시간이 모자라",7
"그건 당신 탓이",7
"자기는 그런",7
"놈이 돈",7
"시간이 벌써 이렇게 됐네",7
"시간이 별로 없네",7
"시간이 부족하다",7
"A boy",7
"거 같은데 아직",7
"자기는 할",7
"시간이 안 됐어",7
"그건 당신이야",7
"시간이 얼마 남지 않았어",7
"놈이 벌써",7
"그건 당연하지",7
"놈이 아니고",7
"놈이 아니라는",7
"시간이 얼마나 더",7
"시간이 얼마나 있나요",7
"그건 대단히",7
"시간이 없군",7
"그건 대답이 아니야",7
"놈이 안에",7
"거 같은데 우리",7
"그건 대답이 아니잖아",7
"시간이 없다니까",7
"그건 대답할",7
"거 같은데 응",7
"시간이 없어 그래",7
"시간이 없어 난",7
"놈이 없는",7
"시간이 없어 당장",7
"그건 대체 왜",7
"거 같은데 이거",7
"시간이 없어 오늘",7
"놈이 올",7
"가시죠 아",7
"거 같은데 잘",7
"놈이 왔다",7
"그건 도와줄 수",7
"자기를 찾고",7
"놈이 이렇게",7
"시간이 있겠지",7
"놈이 이제",7
"놈이 일을",7
"그건 도움이 안돼",7
"놈이 있다고",7
"놈이 있었는데",7
"시간이 있을 것이다",7
"시간이 있을까요",7
"시간이 있잖아요",7
"시간이 정해져",7
"시간이 제일",7
"think I''m just",7
"거 같은데요 그럼",7
"시간이 좀 걸리겠네요",7
"거 같은데요 난",7
"놈이 죽은",7
"놈이 죽을",7
"시간이 좀 걸린다고",7
"think I''ve seen",7
"끝난 이야기잖아",7
"놈이 준",7
"놈이 칼을",7
"시간이 좀 필요하다고",7
"TV를 보며",7
"시간이 지나니",7
"시간이 지나면 너도",7
"놈이긴 하지만",7
"시간이 지나면 알게",7
"놈이란 걸",7
"시간이 지났지만",7
"놈이야 게다가",7
"그건 또 무슨 소리예요",7
"끝난 일이니까",7
"놈이야 그러니",7
"놈이야 나도",7
"시간이 필요하고",7
"놈이야 너",7
"시간이 필요한 것뿐이야",7
"놈이야 돈",7
"놈이야 무슨",7
"놈이야 왜",7
"시간이 필요해서요",7
"think anybody",7
"시간이 흐르는",7
"놈이에요 네",7
"시간이나 걸려서",7
"놈인 것 같아",7
"시간이나 기다렸는데",7
"시간이나 늦었잖아",7
"TV를 보면서",7
"시간이나 지났어요",7
"시간이다 가자",7
"시간이다 좋아",7
"시간이란 게",7
"그건 말 안 했어",7
"자긴 왜",7
"놈하고 같이",7
"놈한테 그런",7
"놈한테 내가",7
"시간이야 안",7
"농구 선수가",7
"시간이에요 네",7
"시간이에요 우리",7
"농구에 대해",7
"시간입니다 네",7
"시간째 여기",7
"think if",7
"시간쯤 됐나",7
"농담 같아요",7
"think is",7
"시계 때문에",7
"시계 다",7
"그건 말이 안 되지",7
"시계 작동음",7
"시계는 왜",7
"농담 아니고요",7
"I need to speak",7
"시계를 찾으러",7
"자꾸 문제를",7
"농담 아니지",7
"사실을 밝히지",7
"농담 아닌",7
"시골에 있을",7
"농담 아닌데요",7
"농담 알아",7
"TV를 봐요",7
"시그 사우어",7
"시급한 문제는",7
"시기가 아닌",7
"농담 하지 마",7
"시기가 오게",7
"시기가 오게 돼",7
"시기가 오게 돼 아무도",7
"농담 할",7
"시기가 오면",7
"시기가 적절하지",7
"시기가 좀",7
"농담도 잘",7
"시기는 지났어",7
"자꾸 이런 식으로",7
"그건 맞아 하지만",7
"농담도 하지",7
"시까지 거기",7
"거 괜찮은",7
"시까지 돈을",7
"시까지 올게",7
"자꾸 전화질이야",7
"거 괜찮지",7
"농담을 듣고",7
"시까지입니다 주의",7
"시까지는 집에",7
"시끄러운 걸",7
"시끄러운 소리를",7
"시끄러울 거예요",7
"시끄러워 내가",7
"시끄러워서 안",7
"시끄럽게 굴어서",7
"농담이 아니라고",7
"시내 중심가에",7
"시내로 갈",7
"농담이 아닌",7
"시내로 나가서 인쇄된 원고를",7
"시내로 나가서 인쇄된",7
"시내에 나갈",7
"농담이라고 해줘",7
"농담이야 그냥",7
"농담이라도 그런",7
"농담이야 그만",7
"농담이야 내",7
"시달리고 있어",7
"그건 모르는 일이에요",7
"농담이에요 근데",7
"시대 유명한",7
"시대 이",7
"시대 이 후로",7
"농담이에요 아니",7
"거 그대로",7
"농담인 줄 알았어요",7
"시대는 이미",7
"시대를 초월한 다의성이",7
"자네 도움은",7
"시대를 초월한 다의성이 있어",7
"농담하는 거에요",7
"시대에 대해",7
"시대의 여행자 遠く",7
"시대의 여행자 遠く 遠く",7
"농담하는 것처럼",7
"시더 그로브",7
"시도 실패",7
"시도 중입니다",7
"시도 중이야",7
"시도가 있었습니다",7
"그건 무례한",7
"시도는 해 봐야",7
"시도는 해볼 수 있잖아",7
"시도는 해볼게",7
"농담한 거지",7
"시도라도 해봐야지",7
"시도를 하는",7
"시도하고 있는 것은",7
"농담할 일이",7
"시도하고 있었을 것이다",7
"시도하고 있었을",7
"시도하지 않을",7
"시도한 적이",7
"didn''t tell you",7
"시도해 보고 실패하는",7
"그건 묻지",7
"시도해 보고 실패하는 게",7
"시도해 본 적이",7
"시도해야 해",7
"시동 건다",7
"시동 걸릴",7
"농산물 시장",7
"농업에 대한",7
"농원 마트",7
"시동을 달칵",7
"자네 사무실에서",7
"시동을 달칵 끈다",7
"시동이나 걸어",7
"그건 뭐하러",7
"그건 뭐하려고",7
"시라고 했잖아",7
"그건 뭔가요",7
"농장 일은",7
"그건 뭔데요",7
"시를 상대로",7
"시를 써서",7
"didn''t think you''d",7
"그건 미안해요",7
"농장에서 온",7
"시리얼 한",7
"Especially if",7
"시맨스키 전 매니저",7
"시맨스키 전",7
"시뮬레이션 실시",7
"시뮬레이션 결과는",7
"didn''t try",7
"그건 믿음이",7
"거 까먹었어",7
"시민들을 위한",7
"높아요 네",7
"말이 없더라고요",7
"시민의 자유를",7
"높아지고 있어",7
"시바 신이시여",7
"그건 반칙이지",7
"높여 봐",7
"그건 받아들일 수 없어",7
"높으신 분들은",7
"시부터 자정까지",7
"그건 버려",7
"시비가 붙은",7
"didn''t wanna",7
"시상식 때",7
"높은 것을",7
"시선을 끌고",7
"시선을 다른",7
"시선을 받은 자들은",7
"시선을 피하지",7
"시선을 받은",7
"시설 같은",7
"시설 그리고",7
"시설 관리자",7
"시설 선정",7
"시설 내",7
"높은 곳의",7
"시설이 있습니다",7
"시스 로드가",7
"think that you",7
"높은 분",7
"높은 분들이",7
"시스템 과부하",7
"시스템 분석",7
"시스템 온 오어",7
"시스템 온",7
"시스템 온 오어 오프",7
"그건 보고",7
"자네 책에",7
"그건 보기",7
"시스템 정상",7
"시스템 정지",7
"높은 선반에",7
"시스템 종료",7
"시스템에 들어갈",7
"Especially when",7
"시스템에 접속할 수",7
"시스템에 접속해서",7
"시스템을 어떻게",7
"높은 지위의",7
"시스템을 해제하세요",7
"시스템을 해킹하는",7
"시스템을 해킹했어요",7
"그건 불가능 해",7
"시스템이 있어서",7
"높이 던져",7
"높이 드세요",7
"거 내가 모를 줄",7
"높이 사",7
"시신 발굴을",7
"높이 사는",7
"높이 삽니다",7
"시신에서 찾은",7
"높이 올라",7
"그건 불가능한 일이야",7
"그건 불가능한데",7
"시신은 한",7
"시신을 다시",7
"높이 올라가야",7
"높이 평가하고",7
"시신을 볼",7
"그건 불공평하잖아",7
"시신을 찾아",7
"시신을 찾았습니다",7
"think there''s something",7
"시신이 발견됐고",7
"높일 거야",7
"시신이 발견된 곳에서",7
"높일 방법을",7
"didn''t you tell me",7
"그건 불법이니까",7
"시신이 한",7
"시아 노 박테리아의",7
"시애틀 밸리 종합병원",7
"놓 였고",7
"거 너지",7
"시야가 더",7
"시야를 가리고",7
"그건 빼고",7
"시어도어 스위프트",7
"시에 끝나요",7
"그건 사고였고",7
"놓고 갑자기",7
"시에 데리러 갈게",7
"그건 사기야",7
"시에 만나기로 했어",7
"그건 사람들을",7
"시에 볼까",7
"die if we",7
"시에 봬요",7
"놓고 기다리는",7
"시에 시작이야",7
"자네가 맘에",7
"놓고 나",7
"시에 시작해요",7
"거 누구야",7
"시에 온다고",7
"die tonight",7
"시에 하는",7
"시에 퇴근해서",7
"말이 잘못 나왔어",7
"그건 사실이 아니라고",7
"놓고 싶지",7
"말이 제가",7
"놓고 온 게",7
"시위할 때",7
"시의 한",7
"시의회 회의에서",7
"TV에 나온다",7
"시일 내 다시",7
"시일 내 다시 찾아오게나",7
"die young",7
"시작 중",7
"시작 하자",7
"시작 후",7
"시작과 동시에",7
"시작도 끝도",7
"시작도 못 했어요",7
"그건 상관없습니다",7
"놓긴 했지만",7
"말이 틀렸나",7
"말이 투루루 숨을",7
"시작되고 있어요",7
"died and",7
"거 다 알거든",7
"시작되는 것",7
"시작되는 건가",7
"놓아 운다",7
"Alpi Orobie",7
"시작된 건가요",7
"놓아 줘요",7
"놓아도 돼",7
"시작된 이",7
"시작된 이래로",7
"거 다 알아 네",7
"놓아주지 않을 거야",7
"그건 생각도 못",7
"시작될 테니",7
"그건 생각보다",7
"시작부터 안",7
"시작에 불과했습니다",7
"시작은 늘",7
"놓여 있었지",7
"시작은 좀",7
"think you are",7
"그건 선생님",7
"시작이 좀",7
"놓으면 돼요",7
"그건 설명이",7
"놓으면 안돼",7
"시작하게 되면",7
"거 다 했어",7
"놓은 거 같아요",7
"놓은 거 맘에",7
"시작하고 싶다고",7
"놓은 거 맘에 들어",7
"think you got",7
"시작하기 싫어",7
"거 다들 알잖아요",7
"시작하기 전까지",7
"시작하기 전에 이",7
"놓은 건데",7
"시작하기 전에요",7
"시작하기도 전에 말이야",7
"시작하긴 했지만",7
"그건 쉽지 않아",7
"놓은 그",7
"놓은 사람",7
"died in a",7
"시작하는 것 같은데 가는",7
"그건 시간이 좀",7
"놓은 적",7
"놓을 거다",7
"different from",7
"시작하는 칼은",7
"놓을 게요",7
"think you might",7
"놓을 수 있다",7
"놓을 수 있습니다",7
"시작하면 돌이킬 수",7
"시작하면 돌이킬",7
"시작하면 되겠네요",7
"시작하면 될",7
"시작하면 멈출 수",7
"시작하면 안 돼",7
"시작하면 우린",7
"시작하세요 네",7
"시작하자 난",7
"그건 실수였고",7
"거 당연한",7
"거 당연해",7
"시작하지 네",7
"시작하지 말았어야",7
"시작하지 않습니다",7
"놓지 않아",7
"시작하지 않은",7
"놓지 않으려고",7
"거 대신",7
"그건 쓸",7
"그건 씨발",7
"시작한 게 아니야",7
"시작한 곳으로",7
"거 대충",7
"시작한 사람이",7
"think you will",7
"놓쳤을 것",7
"시작한 줄",7
"그건 아니거든",7
"시작한 후부터",7
"놓치고 말았어",7
"시작할 것 같아",7
"시작할 때도",7
"시작할 때조차도",7
"시작할 때조차도 하지만",7
"시작할 때조차도 하지만 상처를",7
"놓치기 싫어",7
"놓치기 아까운",7
"놓치는 건 이제",7
"그건 아니었어요",7
"시작할 시간이다",7
"놓치면 안 되잖아",7
"시작합시다 이",7
"그건 아니지 그건",7
"시작해 보시죠",7
"시작해 보지",7
"놓치지 말게",7
"시작해 볼게요",7
"think you''re the",7
"그건 아닌 것 같네요",7
"시작해 여기",7
"시작해 우리",7
"시작해 왜",7
"시작해 전",7
"그건 아닌 것 같다",7
"시작해도 될까",7
"놓치지 않아요",7
"시작해야 하나",7
"놓치지 않지",7
"시작해야 하는데",7
"시작해야 한다고",7
"놓친 거 없어",7
"시작해야 할 지",7
"시작해야 해서요",7
"시작해요 그럼",7
"거 도와줘야",7
"시작했고 난",7
"놓친 것 같다",7
"시작했는데 그",7
"시작했다 내가",7
"놓친 게 있는",7
"놓친 게 있어요",7
"거 돕고",7
"시작했어요 그래요",7
"그건 아무 의미도 없어",7
"시작했어요 네",7
"시작했어요 내가",7
"놓칠 뻔했어",7
"놓칠 뻔했다",7
"시작했어요 이",7
"시작했으면 끝을",7
"시작했을 때 말이야",7
"TV에 출연해서",7
"시작했을 뿐이야",7
"그건 아무나",7
"시작했죠 왜",7
"시작했지 그리고",7
"놓칠 순 없어요",7
"시장 나리",7
"놓칠 줄",7
"시장 일을",7
"그건 아무리",7
"놔 그건",7
"놔 나",7
"시장 후보로",7
"놔 난",7
"시장은 어디",7
"놔 너",7
"시장이 된",7
"놔 당장",7
"시절 그때로 기억해요",7
"거 들어본",7
"시절 말이야",7
"끝났어요 저",7
"거 들어봤어",7
"그건 아직 몰라요",7
"시절의 추억이 왕좌를",7
"thinks it''s",7
"놔 주면",7
"놔 줄게요",7
"시종 바너비",7
"시즈에 씨",7
"거 들었잖아요",7
"시진이 헛기침을 한다",7
"시진이 헛기침을",7
"놔두고 가지",7
"놔두고 갈 순",7
"그건 안 되겠어",7
"놔두고 와",7
"시청하실 수 있습니다",7
"놔두고 우린",7
"TV에서 뉴스가 흘러나온다",7
"시체 근처에",7
"그건 안 된다고",7
"시체 두 구",7
"시체 보관소",7
"시체 몇",7
"놔두는 게 좋을",7
"놔두는 게 어때",7
"시체 안",7
"놔두면 안돼요",7
"thinks we",7
"놔두지 마세요",7
"자네를 보러",7
"말이야 걘",7
"시체 처리",7
"놔두지 않겠어",7
"사업 파트너와",7
"쳐보고 싶어서 그가",7
"거 딱 질색이야",7
"시체가 나오면",7
"시체가 발견됐는데",7
"시체가 발견되지",7
"시체가 없어",7
"거 똑똑히",7
"시체가 있다면",7
"discussing it",7
"그건 알 바",7
"놔둔 게",7
"거 마냥",7
"놔둘 거",7
"시체는 아직",7
"그건 알 수 없어요",7
"시체는 어디서",7
"그건 알 수 없죠",7
"시체는 여기",7
"거 마음",7
"자네를 죽일 거야",7
"놔둘 것 같아요",7
"놔둘 수가",7
"시체를 다시",7
"시체를 발견했죠",7
"거 만들",7
"놔둬 그리고",7
"시체를 없애야",7
"그건 알아야",7
"I never get frightened",7
"그건 알아줘",7
"놔둬 왜",7
"끝내 버려요",7
"시체를 찾은",7
"시체를 처리하고",7
"시체를 태우는",7
"놔둬야 할",7
"시체의 신원은",7
"시치미 떼고",7
"자네에게 빚을",7
"시치미 떼도",7
"놔둬야 해요",7
"말이야 그거 알아",7
"그건 압니다만",7
"시카고 대학",7
"놔뒀어야 했는데",7
"그건 애초에",7
"놔라 배",7
"시카고로 이사",7
"시카고에서 제일",7
"시켜 난",7
"거 많은데",7
"시켜 달라고",7
"놔주란 말이야",7
"시켜 먹지",7
"거 많잖아요",7
"그건 얘기",7
"시켜 줄까",7
"시켜 줄까요",7
"시켜 하지만",7
"시켜드릴까 합니다",7
"시켜만 주세요",7
"시켜서 날",7
"놔준 그",7
"놔줘 그",7
"놔줘 날",7
"놔줘 놔주라고",7
"놔줘 아니면",7
"끝내게 될",7
"놔줘 안",7
"거 말고 그냥",7
"시키는 거나",7
"놨어 그",7
"놨어 그래",7
"놨어 난",7
"그건 어떻게 설명할",7
"그건 어떻게 아세요",7
"시키는 대로 하자",7
"그건 어떻게 아셨죠",7
"그건 어떻게 알았어요",7
"시키는 대로 했다",7
"시키는 대로 했지",7
"시키는 대로나 해",7
"그건 어떻게 할",7
"시키면 다",7
"뇌 사진을",7
"시키실 일이라도",7
"시키조 쿄스케",7
"거 말만",7
"시키지 않는",7
"뇌 손상인",7
"시킨 거 아니에요",7
"뇌 신경",7
"시킨 대로 다",7
"do I get my",7
"시킨 대로 했을",7
"뇌 조직을",7
"그건 언니",7
"시킨 사람이",7
"뇌가 너무",7
"시킨대로 해",7
"뇌가 어떻게",7
"그건 엄청나게",7
"뇌를 갈구하는",7
"do I go",7
"뇌를 다친",7
"시킬 줄",7
"시킬 일이 있어",7
"뇌를 먹는다고",7
"그건 없어요",7
"시트 밑에",7
"시트로 갈아",7
"뇌물 받은",7
"시티 경찰국''",7
"시티 최고의",7
"시티 은행",7
"뇌물을 받는",7
"시티 픽처 뉴스",7
"시티를 구한",7
"그건 예상치",7
"시티에서 온",7
"시퍼트 씨",7
"뇌물을 줬어",7
"시한폭탄 같은",7
"뇌사 상태에",7
"뇌사에 빠진",7
"시합이 있어서",7
"뇌에 대해",7
"시행 할",7
"시행정 담당관",7
"뇌에 손상이",7
"시험 끝나면",7
"시험 못",7
"시험 봐야",7
"뇌의 이",7
"그건 오해",7
"그건 오해였어요",7
"시험 점수가",7
"시험 통과",7
"시험 한",7
"그건 올바른",7
"시험에 들",7
"누 구",7
"시험에 합격했어",7
"누가 TV를",7
"누가 가고",7
"누가 가르쳐",7
"그건 옳지 않잖아",7
"시험을 보고",7
"시험을 보게",7
"누가 가방을",7
"시험을 위해",7
"시험을 통과하면",7
"시험을 칠",7
"시험을 통과했다",7
"그건 완전 다른",7
"this creature",7
"누가 가져갔지",7
"시험하기 위한",7
"시험하고 있었다",7
"시험해 보려고",7
"시험해 보세요",7
"누가 감히 내",7
"시험해 볼 수",7
"누가 갖고 있어",7
"그건 왜 묻지",7
"누가 같이 있어",7
"누가 걜",7
"식기 전에 어서",7
"식기를 달그락거린다",7
"누가 거래를",7
"this door can",7
"누가 겁난대",7
"식당 문을",7
"자는 걸로",7
"누가 결정한",7
"식당에 가면",7
"식당에 갔다가",7
"거 말하면 안",7
"식당에 앉아",7
"this door can only",7
"식당에 있었어요",7
"누가 고의로",7
"그건 용서할",7
"누가 곤경에",7
"말이야 기분이",7
"식당에서 밥",7
"거 말할",7
"식당에서 일하는",7
"식당에서 일해",7
"do a thing",7
"누가 궁금하대",7
"식당이 문을",7
"그건 우리 모두에게",7
"식대로 할",7
"식량 공급을",7
"식량과 물이",7
"do about it",7
"그건 우리 잘못이",7
"누가 그것들을",7
"식량을 운반할",7
"그건 우리가 결정할",7
"자는 사람이",7
"거 맘에 들어 멋지네",7
"식료품 좀",7
"말이야 나는 그에게",7
"식물계로 내려간 거야",7
"식물계로 내려간",7
"자는 우리",7
"누가 그랬는지 알아요",7
"거 맙소사",7
"식별 할 수",7
"누가 그랬소",7
"식별할 수 없다",7
"식사 거르지",7
"식사 대접",7
"그건 우릴",7
"식사 맛있게 하십시오",7
"식사 배달",7
"this fight",7
"식사 시간입니다",7
"식사 예약",7
"식사 예절을",7
"식사 자린 확실히",7
"식사 자린",7
"식사 자린 확실히 엉망이었어",7
"식사 정말",7
"누가 그런 거짓말을",7
"식사 준비됐어요",7
"식사 중",7
"식사 하고",7
"식사 하세요",7
"식사 할",7
"식사 한 번",7
"누가 그런 짓을 한",7
"this for you",7
"식사나 하죠",7
"누가 그런 짓을 할",7
"식사는 잘",7
"식사는 하고",7
"그건 의심의 여지가",7
"누가 그런거죠",7
"do any",7
"식사를 만들어",7
"누가 그럽니까",7
"식사를 방해해서",7
"식사를 하다",7
"누가 그렇다고",7
"그건 이기적인",7
"그건 이렇게",7
"그건 이리",7
"식사를 했어요",7
"식사에 올 거야 올리버는",7
"알았어 서로",7
"누가 그와",7
"식사하는 거",7
"식사하라고 불러요",7
"누가 금고를",7
"식사하러 온",7
"말이야 난 아무것도",7
"누가 길을",7
"식으로 굴면",7
"I never thought I''d",7
"그건 이틀",7
"누가 나의",7
"누가 나타났는지",7
"식으로 말하지 말아요",7
"누가 나한테 이런 짓을",7
"this goes",7
"식으로 사람을",7
"식으로 살면",7
"거 먹는",7
"누가 남고",7
"그건 인정하죠",7
"식으로 쳐 본 거야",7
"식으로 쳐 본",7
"식으로 쳐보고",7
"식으로 쳐보고 싶어서 그가",7
"식으로 치면 되지 바하는",7
"식으로 치면 되지",7
"식으로 하고",7
"그건 인정할게",7
"거 먹어야지",7
"믿어요 오늘",7
"누가 내 차를",7
"식은 아냐",7
"그건 인종",7
"식은 죽 먹기",7
"그건 일",7
"거 먹으면서",7
"식은 죽 먹기라고",7
"누가 낼",7
"식은죽 먹기지",7
"식을 올리고",7
"TX 가스를",7
"누가 너한테 이런",7
"그건 임무가",7
"그건 있을",7
"누가 너희를",7
"누가 널 그렇게",7
"식탁에 놓을",7
"거 먹지 마",7
"식탁에 앉아서",7
"식탁을 차릴",7
"this has been",7
"do as you",7
"누가 널 죽이려고",7
"this here",7
"그건 자네 몫이야",7
"누가 누가",7
"신 얘기는",7
"자들의 군대는",7
"신 인간은",7
"신 중의",7
"신 프로가",7
"신 프로는",7
"끝내주는 것",7
"신경 꺼 난",7
"그건 자네와",7
"신경 꺼 오늘은",7
"신경 꺼 오늘은 내가",7
"누가 누군지 알아내야",7
"신경 끄는",7
"신경 손상",7
"누가 다쳤나요",7
"신경 손상을",7
"누가 다쳤어",7
"Alpi Orobie 산속에",7
"신경 써 주셔서 감사합니다",7
"신경 써 주는",7
"신경 써 줄",7
"누가 다치기라도",7
"this in the",7
"신경 써주고",7
"자들이 이",7
"신경 썼지",7
"do believe",7
"누가 더 많이",7
"신경 쓰냐고",7
"누가 더 빠른지",7
"그건 잘 모르지만",7
"누가 더 센지",7
"그건 잘못된 거야",7
"누가 더 이상",7
"Baby 許して あげるわ 混沌",7
"신경 쓰는 사람이",7
"신경 쓰는 줄",7
"누가 더 큰",7
"누가 데려갔죠",7
"do deep",7
"누가 도와",7
"누가 도와줄",7
"거 모르시나",7
"신경 쓰이세요",7
"누가 돈을 줬어",7
"신경 쓰이잖아",7
"신경 쓰잖아요",7
"누가 돌봐요",7
"그건 저도 모릅니다",7
"신경 쓰지 마 괜찮아",7
"신경 쓰지 마 나도",7
"신경 쓰지 마 나는",7
"신경 쓰지 마 우리",7
"누가 되었든",7
"신경 쓰지 마세요 그냥",7
"그건 저예요",7
"누가 될 것인가",7
"do deep cover",7
"누가 뒤에",7
"신경 쓰지 않죠",7
"신경 쓰지말고",7
"신경 쓰진",7
"그건 전에도",7
"거 몰랐나",7
"누가 때렸어",7
"신경 쓸 것 같아",7
"거 몰랐죠",7
"누가 또 알고",7
"누가 또 있지",7
"this is going to",7
"신경 쓸 일이 아니야",7
"누가 마지막",7
"그건 절대 사실이",7
"신경 쓸게요",7
"Take a look at",7
"신경 안 써 그",7
"신경 안 써 네",7
"신경 안 써 넌",7
"누가 만들었어요",7
"신경 안 써도 될",7
"신경 안 쓰겠지",7
"신경 안 쓰나",7
"신경 안 쓰겠지만",7
"자랐을 때",7
"누가 말했는지",7
"신경 안 쓰죠",7
"그건 정말 내",7
"거 못 하는",7
"누가 맘대로",7
"신경 안써 난",7
"this is me",7
"신경 안정제가",7
"누가 먼저야",7
"신경도 안 썼죠",7
"누가 모르나",7
"do have a",7
"누가 모른대",7
"그건 정상적인",7
"자랑스러워 해야",7
"누가 못 해",7
"신경쇠약에 걸린",7
"누가 무엇을",7
"자랑거리고 이제 이거나 입어",7
"신경쓰는 게",7
"신경쓰는 유일한",7
"신경쓰지 마라",7
"그건 제 알",7
"그건 제 알 바",7
"신경쓰지 말라고",7
"신경쓰지 않고",7
"신경쓰지 않는다고",7
"누가 물을",7
"신경쓰지 않으셔도",7
"그건 제 잘못이에요",7
"그건 제가 결정할",7
"신경쓸 일",7
"신경쓸 필요",7
"거 물어보세요",7
"신경외과 의사",7
"신경은 안",7
"신경을 더",7
"누가 뭔가를",7
"신경을 썼다고",7
"누가 뭘 할지",7
"신경을 안 써서",7
"신경을 안 써요",7
"누가 믿을 수",7
"그건 제일",7
"신경이 쓰이네요",7
"신경이 안",7
"누가 발견했지",7
"신경이나 쓴다고",7
"신경이나 쓰는",7
"신경이나 쓸 거 같아",7
"신고 됐어요",7
"신고 된",7
"신고 들어온 거",7
"신고 때문에",7
"누가 보기라도",7
"신고 안 해요",7
"신고 어떻게",7
"그건 좀 말이",7
"신고 있어서",7
"신고 있었어",7
"신고 있었죠",7
"그건 좀 아니다",7
"신고 전화가",7
"거 뭐요",7
"누가 보더라도",7
"누가 보면 내가",7
"신고가 들어왔어 모든",7
"거 미안",7
"그건 좀 어려울 것",7
"신고는 했어요",7
"누가 본다고",7
"누가 볼 수도",7
"신고를 받은",7
"신고를 하든",7
"거 미안하게",7
"신고를 했습니다",7
"신고를 했다",7
"신고를 했고",7
"신고하려고 하는데요",7
"신고하면 안",7
"신고하지 마세요",7
"신고하지 않았어요",7
"신고하지 않으면",7
"거 미안해 내가",7
"그건 좋은 거지",7
"Take it easy",7
"신고할 줄 알아",7
"그건 좋은 생각이 아니야",7
"신고해야 되는 거",7
"신고해야 되는",7
"누가 살인",7
"신과 새로운",7
"누가 살지",7
"신과 인간의",7
"누가 상관해",7
"신규 채용",7
"신기하게도 현재",7
"신규 멤버",7
"신기하게도 현재 이스라엘과 아랍",7
"신기하게도 현재 이스라엘과",7
"신기해서 그래",7
"누가 새로",7
"신께 맹세컨데",7
"신께 맹세한다",7
"Even with",7
"누가 선수",7
"신께 용서를",7
"신께서 나를",7
"그건 줄",7
"신께서 당신을",7
"신께서 우리",7
"신께서 우리에게",7
"누가 세상을 망쳤지",7
"거 밖에서 친",7
"신나 보이지",7
"그건 중요하지 않다",7
"누가 시간을",7
"거 밖에서 친 그",7
"누가 시켰나",7
"신나게 즐기는",7
"신나는 노래",7
"그건 중요하지 않을",7
"신나는 일을",7
"신나는 일이야",7
"누가 신경 쓰겠어요",7
"신나지 않니",7
"신난 것",7
"누가 신경 쓴대",7
"신난다 난",7
"그건 중요해",7
"누가 신경쓰겠어",7
"누가 신경이나 쓰겠어",7
"누가 신경이나 써",7
"신념을 가지라고",7
"누가 신고",7
"누가 신고했죠",7
"신는 걸",7
"신도 중",7
"신도 여러분",7
"그건 지나친",7
"신들 앞에서",7
"그건 지어낸",7
"누가 썼어",7
"신들에 대해",7
"누가 썼지",7
"신들의 가호가",7
"신들이 내게",7
"신디 정",7
"this meeting",7
"신랑과 신부는",7
"누가 아니라",7
"신뢰 문제가",7
"거 보고 있어",7
"총 내려놔 나",7
"신뢰를 못",7
"그건 착각이다",7
"누가 아직",7
"신뢰를 쌓을 수",7
"신뢰를 쌓을",7
"거 보고도",7
"누가 안다고",7
"신뢰를 저버리지",7
"신뢰하고 있어",7
"신뢰에 대해",7
"신뢰하는 건",7
"신뢰하는 사람이",7
"신문 기사에",7
"누가 알까",7
"누가 알까요",7
"거 보는 거",7
"그건 충분하지 않아",7
"신문 봤어",7
"그건 충분히",7
"누가 알아줄까",7
"신문도 안",7
"누가 알았겠니",7
"신문에 기사를",7
"그건 터무니",7
"신문에 따르면",7
"누가 애들을",7
"그건 터무니없는",7
"신문을 들고",7
"신문을 보니",7
"그건 틀림없는",7
"신문을 안",7
"말이야 사실은",7
"거 보다 훨씬",7
"신문을 파는",7
"누가 어디로",7
"그건 틀림없어",7
"신문을 팔러 나가자",7
"누가 어제",7
"신발 가게에서",7
"신발 같은",7
"누가 엄마",7
"신발 만드는",7
"그건 픽션이야",7
"신발 벗어요",7
"신발 상자에",7
"Take me to your",7
"this off",7
"누가 오래",7
"거 보면 안 돼",7
"거 보셨죠",7
"신발이 너무",7
"자리 내",7
"신병 훈련소",7
"누가 옳고",7
"누가 옳은지",7
"신부 내가",7
"신부 들러리들",7
"신부 말이야",7
"그건 허락할",7
"신부가 된",7
"신부가 될 거야",7
"그건 허락할 수",7
"신부는 어디",7
"신부님 내가",7
"신부님 말씀이",7
"신부님 오늘",7
"신부님 이제",7
"그건 현명한",7
"누가 왔는지 좀 봐",7
"신부님은 여기",7
"신부님은 어디",7
"누가 왔었지",7
"누가 왔을까",7
"신부의 아버지",7
"신분 때문에",7
"누가 왔지",7
"신분을 도용한",7
"신분을 숨기고",7
"누가 요새",7
"신분을 안",7
"신분을 철저히",7
"신분증 번호",7
"신분증 있으세요",7
"신분증 있습니까",7
"누가 우리한테 총을",7
"신분증을 만들어",7
"누가 의사 좀",7
"누가 의심하겠어",7
"자리로 안내해",7
"신비 일행의 다급한",7
"this over",7
"신비 일행의 다급한 신음",7
"누가 이 사람을",7
"누가 이 일의",7
"거 보지 마",7
"신비롭고 감동적이며 늘",7
"신비롭고 감동적이며",7
"신비롭고 감동적이며 늘 새로운",7
"그걸 가져",7
"신비의 신음",7
"거 본 사람이",7
"신비한 힘이",7
"누가 이긴",7
"그걸 가져갔다",7
"그걸 가져갔어",7
"거 본 적 없어",7
"그걸 가져다가",7
"그걸 가져오면",7
"거 본 적이",7
"신상 정보가",7
"누가 이랬지",7
"누가 이러는 거야",7
"신생아 집중",7
"거 본인도",7
"누가 이런 거지",7
"Alpi Orobie 산속에 여기",7
"그걸 가지고 있다는",7
"누가 이런 식으로",7
"신선한 물을",7
"신선한 과일",7
"자리를 비워도",7
"신성 모독",7
"신성 로마",7
"신성 모독을",7
"신성한 것",7
"신성한 도시를",7
"거 볼래요",7
"신성한 임무를",7
"신성한 장소",7
"누가 이사",7
"신세 망친",7
"신세 졌습니다",7
"누가 있나 봐",7
"누가 있나 봐요",7
"신세가 됐으니",7
"신세는 무슨",7
"거 봐서 안녕",7
"거 봐야",7
"누가 있는데요",7
"누가 있는지 몰랐네요",7
"그걸 걱정할",7
"신세를 질",7
"신속하게 처리해",7
"그걸 계기로",7
"누가 있소",7
"말이야 언니",7
"그걸 고쳐야",7
"신에 맹세코",7
"그걸 고칠 수",7
"신용 한도를",7
"신용카드 기록",7
"신용카드 번호",7
"신용카드 정보",7
"누가 있을지",7
"신원 조회는",7
"신원 파악",7
"누가 자네한테",7
"신원 확인에 도움이",7
"신원 확인이 안",7
"신원은 확인",7
"do not need",7
"그걸 기사로",7
"그걸 기반으로",7
"누가 잭을",7
"누가 쟬",7
"누가 저 사람",7
"그걸 기억하고",7
"신원을 파악했어요",7
"신원을 확인하지",7
"신원을 확인한",7
"do not want to",7
"신원을 확인할 수 있을",7
"신원을 확인해 줄",7
"누가 저런 걸",7
"신원을 확인해야",7
"신은 그",7
"누가 전화해서",7
"신은 그에게",7
"그걸 깨닫지 못한 듯",7
"신은 없다",7
"신은 없어요",7
"신은 우릴",7
"신은 존재하지",7
"신은 정말",7
"그걸 꺼낼",7
"신은 항상",7
"신을 만나게",7
"신을 못",7
"this so",7
"신을 믿게",7
"누가 조를",7
"신을 믿는다면",7
"그걸 꼭 지금",7
"자리에 앉았나요",7
"누가 좀 잡아요",7
"그걸 꿰뚫어",7
"신을 찬양하라",7
"누가 좋아한다고",7
"신을 향한",7
"신음을 내며",7
"신음하는 소리",7
"누가 주는",7
"신의 도움이",7
"누가 죽는 걸",7
"신의 뜻이라면",7
"누가 죽어야",7
"누가 죽어도",7
"누가 죽었는데",7
"신의 선택을",7
"신의 손길에",7
"신의 손을",7
"신의 얼굴을",7
"누가 죽였는지 알",7
"신의 영역으로",7
"신의 축복을 빕니다",7
"신이 그런",7
"신이 그를",7
"누가 죽지",7
"그걸 노리는",7
"신이 났지",7
"누가 중요한",7
"신이 네",7
"신이 아니라는걸",7
"신이 아니었어요",7
"그걸 놓치고",7
"그걸 놓쳤지",7
"신이 없다면",7
"신이 없다고",7
"do something about it",7
"신이 우리한테",7
"this summer",7
"총격을 가했고",7
"누가 집을",7
"신이 창조한",7
"신이 직접",7
"가야 할지 모르겠어요",7
"신이 하는",7
"말이야 우리에게",7
"누가 차로",7
"그걸 누릴",7
"신이시여 이",7
"신인 가수 최춘희입니다",7
"자린 확실히 엉망이었어",7
"그걸 느껴",7
"신임을 받는",7
"누가 찾아왔습니다",7
"신입생 오리엔테이션",7
"신입생 때부터",7
"그걸 눌러",7
"신장 결석",7
"거 사진",7
"신장 이식을",7
"그걸 느낄 수 있다",7
"신중해야 한다는",7
"누가 총을 들고",7
"신중히 해야",7
"누가 최고야",7
"누가 치료하라고",7
"누가 치워",7
"신청을 하고",7
"신청을 해야",7
"신청을 했다",7
"신청을 했어",7
"누가 칼을",7
"신청할 때",7
"신청해도 될까요",7
"그걸 당장",7
"누가 피",7
"누가 하나",7
"누가 하나요",7
"신탁 은행",7
"신탁 자금이",7
"누가 하는데",7
"그걸 도로",7
"do something to",7
"신호 강도",7
"거 생각할",7
"누가 한 거야",7
"누가 한 말이죠",7
"신호 따라",7
"신호 대기",7
"this very",7
"그걸 돕는",7
"신호 보낼게",7
"신호 안 잡혀",7
"누가 할 소린데",7
"신호 좀",7
"신호 추적",7
"누가 할 수 있는지",7
"누가 할 수 있을까",7
"신호가 끊긴",7
"신호가 끊겼어요",7
"그걸 두고 볼",7
"누가 해킹을",7
"거 세",7
"누가 했든",7
"신호가 이",7
"거 세상에",7
"신호가 잡혔습니다",7
"do tell",7
"신호가 잡히지",7
"신호가 잡힌",7
"그걸 들은",7
"거 세상이",7
"누가 훔쳐갔어요",7
"신호를 보내기",7
"누구 같아요",7
"자말과 하킴",7
"신호를 안 보냈어",7
"그걸 막기 위해",7
"신호를 잡았습니다",7
"신호를 전송",7
"거 시",7
"거 시 기",7
"누구 권한으로",7
"신호를 최소화해야 해",7
"신호를 최소화해야",7
"신혼 여행을",7
"자백하는 거야",7
"신화 같은",7
"a position",7
"누구 덕분인데",7
"누구 덕인데",7
"그걸 막을 수는",7
"누구 돈",7
"do that now right",7
"그걸 만드는",7
"누구 딸인데",7
"싣고 있어",7
"싣고 있어요",7
"그걸 만들고",7
"실 요원",7
"실감 나지",7
"그걸 말 안",7
"실내 장식",7
"그걸 말이라고 하는",7
"실내 장식을",7
"실라이 스쿠터걸",7
"거 신경도",7
"실려 있는",7
"거 신경이나",7
"실력 발휘할",7
"실력 보여줘",7
"자비를 베풀어주세요",7
"실력 좀 보여",7
"누구 명령으로",7
"this with",7
"누구 못",7
"실력도 없는",7
"말이야 조용히",7
"실력을 발휘할",7
"누구 밑에서 일하나",7
"실력을 보여줄",7
"실력이 그렇게",7
"그걸 말했다",7
"Telephone ringing",7
"실력이 점점",7
"그걸 망쳐",7
"그걸 망치고 싶지",7
"거 싫단 말이야",7
"누구 생각이었어",7
"거 싫어 난",7
"실례가 될지",7
"실례가 아니라면",7
"자비를 구할",7
"실례는 무슨",7
"거 싫어하거든",7
"자살을 시도했다",7
"실례하겠습니다 네",7
"실례할게요 방금",7
"그걸 멈추기",7
"누구 얘기예요",7
"실례합니다 그",7
"자살에 대해",7
"누구 얘기하는 거야",7
"누구 얘기하는지",7
"실례합니다 뭐",7
"실례합니다 죄송해요",7
"do they want",7
"실례합니다만 나는",7
"실례합니다만 안녕",7
"누구 올",7
"실례합니다만 잠깐",7
"실룩 실룩 실룩",7
"그걸 모르니까",7
"실마리를 찾을",7
"실마리를 찾은 것",7
"실망 시키지",7
"그걸 모른다는",7
"말이야 캐리",7
"실망시켜서 걜 죽일",7
"실망시켜서 걜",7
"실망시켜서 미안하지만",7
"실망시켜서 걜 죽일 수",7
"그걸 모를 것 같아요",7
"실망시키고 싶지 않았어",7
"누구 전화예요",7
"실망시키는 것",7
"실망시키는 건",7
"실망시키는 법이",7
"실망시키지 않겠다고",7
"실망시킨 건",7
"누구 집이죠",7
"누구 집인지",7
"실망하게 하기",7
"누구 짓이냐고",7
"그걸 몰랐던",7
"거 싹",7
"그걸 몰랐어요",7
"누구 짓인지 알",7
"실망한 거 알아",7
"거 쓰고",7
"실망할 겁니다",7
"누구 짓인지는 몰라도",7
"누구 차례야",7
"실버 양",7
"자세 좋아",7
"실수 같은 거",7
"실수 같은 건",7
"거 아나요",7
"실수 안 하는",7
"do this now",7
"실수 없도록",7
"실수 중",7
"누구 편도 안",7
"실수 하나로",7
"실수 하시는",7
"누구 편을 드는",7
"실수 하지마",7
"누구 편이죠",7
"실수 한거야",7
"실수가 너무",7
"실수가 뭔지",7
"그걸 물어봐야",7
"자세하게 말해봐",7
"누구 하나가",7
"자세한 건 묻지",7
"실수는 내가",7
"those other",7
"실수는 용납",7
"그걸 뭐라고 부르든",7
"실수는 하지 마",7
"실수도 많이",7
"누구고 무슨 짓을",7
"실수도 했지만",7
"실수도 할 수",7
"실수라고 생각합니다",7
"실수라는 거야",7
"실수라도 하면",7
"실수란 걸",7
"실수로 내가",7
"누구나 Baby 許して",7
"누구나 Baby 許して あげるわ",7
"실수로 인해",7
"실수를 다",7
"실수를 두 번",7
"누구나 가지고 있다",7
"실수를 만회하기",7
"그걸 믿기",7
"실수를 바로",7
"실수를 바로잡는",7
"그걸 믿냐",7
"실수를 저지르기",7
"그걸 믿는다는",7
"누구나 다른",7
"실수를 저질렀지",7
"I played",7
"실수를 하나",7
"누구나 마음속에",7
"실수를 하니까",7
"those were",7
"실수를 하잖아",7
"그걸 믿으란",7
"실수를 한 것 같아요",7
"실수를 해도",7
"거 아냐 이",7
"누구나 실수는 하는",7
"실수를 했나",7
"누구나 아는 사실이에요",7
"실수를 했다면",7
"그걸 바꾸기",7
"거 아냐 이제",7
"그걸 바꾸면",7
"그걸 바꾸지",7
"실수에 대한 대가를",7
"실수에서 배우라고",7
"누구나 어느",7
"실수였다는 걸",7
"누구나 원하는 것 바닷속에서",7
"실수였을 거야",7
"실수인 거",7
"실수일 거야",7
"실수일 수도",7
"그걸 바라지",7
"실수하고 있는",7
"거 아녔어요",7
"누구나 좋아하지",7
"누구나 좋아하죠",7
"실수하지 마세요",7
"실수하지 않는다",7
"그걸 바탕으로",7
"실수한 거면",7
"실수한 거죠",7
"누구나 할 수 있어",7
"누구나 할 수 있다",7
"실수한 것뿐이에요",7
"실수한 적이",7
"누구냐 넌",7
"그걸 받아들이면",7
"누구냐고 물었다",7
"실시 할",7
"실시간 데이터를",7
"실연의 아픔을",7
"실은 많이",7
"그걸 버릴",7
"그걸 보게 될",7
"누구도 날 못",7
"그걸 보게 되면",7
"do we do now",7
"실은 정말",7
"실은 지난",7
"실은 차가",7
"누구도 너만큼",7
"그걸 보고만",7
"실을 수 있어",7
"실적이 안",7
"실제 그",7
"thought it might be",7
"실제 살인",7
"실제 이야기다",7
"실제 일어난",7
"실제 증거가",7
"실제 크기",7
"누구도 무시할 수 없는",7
"실제가 아니라",7
"누구도 믿어선",7
"실제로 그들은",7
"실제로 그것은",7
"실제로 그런 일이",7
"그걸 본 사람은",7
"그걸 본거야",7
"실제로 꽤",7
"실제로 나를",7
"누구도 상처",7
"실제로 누가",7
"누구도 생각하지",7
"실제로 당신이",7
"누구도 아니야",7
"그걸 봐야만",7
"실제로 본 적이",7
"실제로 볼 수",7
"실제로 사람들이",7
"누구도 알아선 안",7
"누구도 어떤",7
"실제로 우리에게",7
"실제로 이것을",7
"thought it would",7
"실제로 일어나지",7
"실제로 일어나는",7
"실제로 일을",7
"실제로 존재",7
"실제로 존재했다",7
"누구도 잃고",7
"누구도 잃고 싶지",7
"실제로 할 수 있는",7
"실제로도 그래요",7
"누구도 죽을",7
"실제론 안",7
"누구도 죽어선",7
"실존한다는 걸",7
"그걸 빼앗아",7
"실종 당일",7
"자식아 아",7
"그걸 사고라고",7
"그걸 사는",7
"실종 신고 됐어요",7
"그걸 사람들에게",7
"그걸 사람들이",7
"그걸 사랑이라고",7
"실종됐다는 걸",7
"그걸 사실로",7
"누구든 그의",7
"실종된 것도",7
"거 아니면 이",7
"실종된 그",7
"실종된 사람은",7
"실종된 사람이",7
"실종된 여자애가",7
"실종된 지 얼마나 됐죠",7
"실종된 후로",7
"거 아니야 c",7
"그걸 생각 못",7
"실종자 정보",7
"실종자 중에",7
"자식을 죽일",7
"누구든 움직이면",7
"a pretty big",7
"do what I want",7
"말이오 그게",7
"자식을 지키는",7
"누구든 제발",7
"자식을 낳게",7
"실컷 놀아",7
"누구든 죽일 수",7
"그걸 세고",7
"실컷 마실",7
"누구든 출입",7
"실컷 비웃어",7
"누구든지 될",7
"실패 때문에",7
"실패 했습니다",7
"실패로 끝났습니다",7
"실패도 많이",7
"실패에 대한 두려움",7
"그걸 스스로",7
"누구라고 생각하십니까",7
"실패하는 거야",7
"누구라고 했죠",7
"자식이 없는",7
"실패하는 게 더 나아",7
"실패하면 내",7
"거 아니야 근데",7
"누구라도 그렇게 했을",7
"실패하지 않을 거야",7
"거 아니야 나",7
"자식이 있으면",7
"누구라도 내",7
"thought there was",7
"실패할 게",7
"실패할 때도",7
"thought they",7
"실패할 수도 있어",7
"실패했어 난",7
"실행에 옮겼다",7
"그걸 아는데",7
"실행에 옮긴",7
"실행할 거야",7
"실행할 수 있는",7
"실험 결과는",7
"실험 대상은",7
"실험 중이에요",7
"누구랑 얘기 좀",7
"거 아니야 누가",7
"실험실에 있던",7
"실험실을 이미",7
"thought we were gonna",7
"그걸 알 텐데",7
"실험은 이제",7
"실험용 쥐처럼",7
"실험을 위한",7
"누구랑 일하는지",7
"실험을 하나",7
"누구랑 있는",7
"실험하는 거",7
"실현 가능한",7
"실현될 것이다",7
"거 아니야 알았어",7
"실현하는 데",7
"그걸 알고 있는",7
"누구랑 통화하는지",7
"실화를바탕으로 한 이야기로",7
"실화를바탕으로 한",7
"싫거든 난",7
"그걸 알고 있잖아",7
"싫겠지 어쩌면",7
"싫겠지 어쩌면 평생 느끼기",7
"싫겠지 어쩌면 평생",7
"누구를 기다리고",7
"싫고 내가",7
"싫고 내",7
"자신도 어쩔",7
"누구를 만나고",7
"누구를 만나는지",7
"싫다 좀 바꿨어",7
"싫다 정말",7
"싫다 하지만",7
"싫다 좀 바꿨어 그래",7
"누구를 말하는 거야",7
"그걸 알려주려고",7
"싫다고 하는",7
"싫다고 하니까",7
"거 아니야 이제",7
"그걸 알아내",7
"그걸 알아내고",7
"누구를 위해 일하지",7
"싫다는 거예요",7
"그걸 알아내려고요",7
"싫다면 나",7
"싫다면 안",7
"싫다면 어쩔 수 없지",7
"누구를 찾는지",7
"누구보다 그",7
"누구보다 내가 제일",7
"do with this",7
"그걸 알아내야죠",7
"싫어 I",7
"싫어 I don''t",7
"싫어 lrm",7
"그걸 알아내지",7
"누구보다 더 높이",7
"거 아니야 지금",7
"싫어 계속",7
"싫어 그러면",7
"싫어 그러니",7
"싫어 그런 거",7
"thought your",7
"싫어 그만",7
"싫어 꼭",7
"누구보다 잘 알아요",7
"싫어 나랑",7
"싫어 나도 알아",7
"누구보다 좋은",7
"누구보다 큰",7
"싫어 다시는",7
"그걸 알았고",7
"누구보다도 먼저",7
"싫어 둘",7
"누구보다도 잘 알고",7
"싫어 또",7
"싫어 모든",7
"누구부터 할까",7
"싫어 뭐가",7
"싫어 뭐야",7
"싫어 방금",7
"누구야 내",7
"누구야 누구",7
"싫어 아니 난",7
"누구야 대체",7
"누구에 대해서",7
"싫어 어떤",7
"싫어 엄마가",7
"싫어 여러분",7
"누구에게나 약점은",7
"누구에게나 수혈",7
"싫어 왜요",7
"누구에게나 일어날 수 있는",7
"threat to",7
"그걸 알지도",7
"거 아니에요 그래",7
"싫어 저기",7
"누구에게도 말할 수",7
"누구에게도 말해선",7
"그걸 어떻게 다 알아",7
"싫어 하지 마",7
"싫어 하지",7
"누구에게도 알리지",7
"싫어 했어",7
"do you copy",7
"누구였는지 모른다",7
"싫어서 내가",7
"자신을 바꿔보세요 자신을 바꿔보세요",7
"싫어서 너 무지 흥분했잖아",7
"싫어서 너 무지",7
"말이죠 진짜",7
"것도 안돼",7
"싫어요 lrm",7
"거 아니에요 다",7
"Tell them to",7
"그걸 어떻게 아셨죠",7
"누구의 도움도 필요",7
"그걸 어떻게 안",7
"싫어요 다들",7
"누구의 말도 듣지",7
"그걸 어떻게 알",7
"싫어요 다시",7
"누구의 사주를",7
"거 아니에요 아",7
"싫어요 또",7
"싫어요 두",7
"누구의 아내도",7
"싫어요 뭐라고",7
"싫어요 알아",7
"누구의 잘못도 아냐",7
"싫어요 알았어요",7
"three more",7
"누구인 줄",7
"싫어요 이리",7
"싫어요 이젠",7
"싫어요 절대 안",7
"싫어요 제발요",7
"누구인지 모른다",7
"싫어요 진짜",7
"누구인지 몰라요",7
"싫어요 한",7
"싫어지게 되면요 안",7
"싫어지게 되면요",7
"싫어지게 되면요 안 그럴",7
"누구인지 알려",7
"싫어하는 건 아니에요",7
"싫어하는 것 같아요",7
"싫어하는 것만큼",7
"싫어하는 것만",7
"싫어하는 두",7
"그걸 억지로",7
"싫어하는 사람도 있어요",7
"그걸 얻어야",7
"싫어하는 이유를",7
"싫어하는 줄 알았다",7
"싫어하는 줄 알았다고 말한",7
"싫어하는 줄 알았다고",7
"싫어하는 줄 알았는데 다시",7
"싫어하는걸 아느니",7
"three words which",7
"싫어하는걸 아느니 죽는 게",7
"싫어하는걸 아느니 죽는",7
"싫어하실 거야",7
"싫어하실 거예요",7
"싫어하잖아 난",7
"그걸 얻지",7
"싫어하지 않는다",7
"싫어하지 않는",7
"싫어하지 않았어",7
"누구한테 들었는지",7
"싫어하진 않아요",7
"싫어한다고 생각하면 견디기 힘들어",7
"싫어한다고 생각하면 견디기",7
"three words which caused",7
"싫어할 거에요",7
"누구한테 말 할 것도",7
"누구한테 말할",7
"싫어해 그리고",7
"누구한테 먼저",7
"싫어해 날",7
"three 하나",7
"그걸 열어",7
"누구한테 보내는",7
"그걸 염두에 두고",7
"싫었어 그렇게",7
"Tell us what you",7
"싫었어 내가",7
"싫었어 이제",7
"싫었어 하지만",7
"누구한테 있어",7
"말이지 두",7
"누구한테 잘 보이려고",7
"싫으니까요 왜 사람들이랑",7
"싫으니까요 왜 사람들이랑 Moscazzano",7
"싫으니까요 왜",7
"누구한테 전화해야 할지",7
"싫으면 날",7
"Tell your",7
"그걸 왜 물어요",7
"그걸 왜 버려",7
"그걸 왜 우리가",7
"싫으면 먹지 마",7
"싫으면 뭐",7
"싫으면 안 가도",7
"그걸 왜 이제 말해",7
"누구한테서 도망치는",7
"싫으면 여기",7
"싫으면 이",7
"싫으면 입",7
"누군 데",7
"싫으신 거죠",7
"거 아무것도 없어",7
"누군가 같이",7
"싫은 게 아니에요",7
"그걸 원하고",7
"누군가 그들에게",7
"누군가 그들의",7
"through his",7
"싫을지 모르겠지만 넌",7
"싫을지도 그리고",7
"싫을지도 그리고 어쩌면",7
"싫을지 모르겠지만 넌 분명히",7
"그걸 원하죠",7
"싫증 나면",7
"I put a",7
"싫증 날",7
"싫지는 않아",7
"누군가 네가",7
"누군가 다가와",7
"싫지만 우리가",7
"그걸 원할 거야",7
"Ten seconds",7
"그걸 원할 거예요",7
"누군가 당신의",7
"심각하게 받아들이는",7
"누군가 더",7
"누군가 뒤에",7
"심각하게 생각해",7
"누군가 듣고",7
"심각하다는 걸",7
"심각하지 않아요",7
"누군가 때문에",7
"누군가 또는",7
"심각한 거죠",7
"심각한 건 아냐",7
"누군가 말을",7
"심각한 것도",7
"그걸 원했지",7
"심각한 머리",7
"심각한 뇌",7
"누군가 본",7
"심각한 문제로",7
"심각한 문제라고",7
"심각한 문제요",7
"누군가 불을",7
"누군가 사람을",7
"심각한 분위기의",7
"심각한 사이",7
"심각한 상태예요",7
"through that door",7
"누군가 새",7
"누군가 아니면",7
"심각한 얘기",7
"누군가 아버지를",7
"누군가 안에",7
"심각한 일인",7
"누군가 여기 있었어",7
"심각한 정도는",7
"누군가 여기에",7
"심각할 거",7
"자신의 사랑에",7
"자신의 사랑에 대해서 전혀",7
"심각해 무슨",7
"심각해질 수",7
"심경의 변화",7
"누군가 우리를 비웃는대도",7
"그걸 이용했어",7
"심기 위해",7
"심기를 건드리지",7
"심려 끼쳐",7
"그걸 이제 말해",7
"누군가 이런 말을",7
"심리 전에",7
"심리 치료가",7
"그걸 이해하기",7
"심리 평가는",7
"누군가 있다는",7
"그걸 이해하는",7
"심문 중입니다",7
"심문하기 위해서",7
"그걸 인정하면",7
"심박 조율기",7
"누군가 정말",7
"심부름이나 하고",7
"거 안 보이니",7
"심상치 않던데",7
"그걸 일일이",7
"누군가 죽는다",7
"누군가 죽어야 해요",7
"누군가 죽은",7
"심슨 씨가",7
"through those",7
"누군가 지켜보고",7
"심씨의 놀란",7
"누군가 진실을",7
"그걸 잃고",7
"누군가 차를",7
"누군가 필요할",7
"누군가 하는",7
"그걸 입으면",7
"심어져 있다",7
"through with it",7
"누군가 할 수",7
"누군가 혹은",7
"거 안 줘도",7
"말인데 저",7
"누군가 확실히",7
"거 안 통해",7
"심을 때",7
"심장 관련",7
"심장 마비가 온",7
"심장 문제가",7
"거 안 하잖아",7
"그걸 잊지마",7
"그걸 자기",7
"심장 박동수를",7
"심장 박동수는",7
"누군가가 네가",7
"거 안 한다고",7
"누군가가 당신의",7
"심장 초음파를",7
"심장과 육체는",7
"누군가가 또",7
"심장과 육체는 우리에게 일생",7
"심장과 육체는 우리에게",7
"누군가가 먼저",7
"심장마비 오는",7
"그걸 잡아야",7
"그걸 잡으려고",7
"I put on",7
"심장마비를 일으켰어",7
"심장마비를 일으킬",7
"거 안 했어요",7
"그걸 전부 다",7
"심장은 닳아",7
"심장은 누가",7
"심장은 닳아 버리고 그리고",7
"심장은 닳아 버리고",7
"심장은 이미",7
"심장은 이제",7
"누군가가 이미",7
"심장을 꺼내",7
"심장을 꺼내서",7
"throw them",7
"심장이 될",7
"심장이 뛰고 있다는",7
"심장이 뛸",7
"말인지 아세요",7
"그걸 존중해야",7
"그걸 존중해",7
"throw your",7
"자신이 위험에",7
"그걸 좋아하지 않을",7
"심장이 쿵쿵 뛴다",7
"심장이 쿵쿵",7
"심장이 튀어나올 것",7
"누군가는 그래야 한다",7
"심전도 검사",7
"누군가는 그를",7
"그걸 좋아할거야",7
"자신이 있다는",7
"심정은 이해해요",7
"누군가는 대가를",7
"누군가는 더",7
"심정인지 알아",7
"누군가는 돈을",7
"심지어 그녀가",7
"심지어 그들을",7
"심지어 당신",7
"심지어 당신을",7
"거 알고 계셨나요",7
"심지어 오늘",7
"심지어 우리에게",7
"심지어 우리는",7
"But those",7
"심지어 저는",7
"거 알고 나도",7
"심지어 좋은",7
"심지어 지금도",7
"심지어 하지도 않는다",7
"누군가를 만나게",7
"심판을 받는",7
"누군가를 믿는",7
"누군가를 믿는다는",7
"그걸 지금까지",7
"심판의 날이야",7
"그걸 지켜보게 될",7
"그걸 지켜보게 될 거고",7
"누군가를 봤어요",7
"그걸 지키기",7
"그걸 지키고",7
"심하게 곡선이고",7
"심하게 긁혔어 안키즈가",7
"심하게 긁혔어 안키즈가 나한테",7
"심하게 긁혔어",7
"누군가를 생각나게",7
"누군가를 시켜",7
"누군가를 알고",7
"심하게 싸운",7
"심하진 않았어요",7
"누군가를 좋아하게",7
"그걸 차고",7
"심한 거야",7
"누군가를 죽이기",7
"그걸 찾게",7
"심한 경우에는",7
"심한 알레르기",7
"심한 충격을",7
"누군가를 찾고 있다",7
"심한 화상을",7
"누군가를 찾아",7
"누군가를 찾아야",7
"심해서 내가",7
"심해지고 있다",7
"심해질 수도",7
"누군가에 이끌려",7
"자요 당신은",7
"till you try",7
"심호흡 좀 하고",7
"누군가에게 말하고",7
"심호흡 해요",7
"그걸 처리하고",7
"심호흡을 하세요",7
"심호흡을 해봐",7
"심호흡하고 진정해",7
"심호흡하는 소리",7
"누군가에게 전화를",7
"그걸 크게",7
"십 대 소녀",7
"그걸 탓할 순",7
"십 대들",7
"십 대를",7
"십 분만",7
"doctors and",7
"누군가의 도움이",7
"till you''re",7
"누군가의 삶을",7
"십자 낱말",7
"십자 낱말 풀이",7
"십자 포화를",7
"십자가에 매달린",7
"십자군 전쟁",7
"누군데 왜",7
"싱 싱",7
"싱글 앨범",7
"누군들 아니겠어",7
"싱글 여성들",7
"싱런 씨를",7
"Thanks again",7
"누군들 저 애",7
"누군들 저 애 입장이고",7
"싱크 by",7
"싱을 석방하라",7
"그걸 필요로",7
"누군지 궁금해",7
"싶거든 날",7
"누군지 기억",7
"싶거든 넌",7
"누군지 기억하지",7
"말자 넌",7
"싶고 내",7
"그걸 하기 위해서",7
"싶고 하지만",7
"누군지 너도",7
"싶구나 네",7
"싶구나 넌",7
"싶구나 난",7
"싶군 이",7
"time a",7
"말자 그럼",7
"누군지 말을 안",7
"싶기 때문이다",7
"싶기는 한데",7
"싶기 때문이에요",7
"싶기도 한데",7
"싶긴 한",7
"Thanks for coming",7
"싶네 그",7
"누군지 말해주지",7
"time again",7
"누군지 말해줄게",7
"싶네 알겠습니다",7
"싶네 이",7
"싶네 무슨",7
"싶네요 그게",7
"Thanks for the",7
"싶네요 오늘",7
"그걸 해내면",7
"거 알아 그렇지만",7
"싶다 고마워",7
"싶다 그건",7
"time as",7
"그걸 해야만",7
"싶다 너도",7
"그걸 해줄",7
"싶다 누가",7
"거 알아 나랑",7
"그걸 허락하지",7
"싶다 지금",7
"그걸 했어요",7
"누군지 뭐",7
"누군지 보고",7
"싶다고 하는",7
"싶다고 하니까",7
"그걸 훔쳐서",7
"누군지 아는군",7
"그걸로 그",7
"말지 그랬어요",7
"그걸로 끝이라고",7
"누군지 아시잖아요",7
"싶다는 거 알아",7
"누군지 아직도",7
"싶다는 사람이",7
"싶다는 생각은",7
"그걸로 끝입니다",7
"그걸로 나",7
"싶다면 나도",7
"싶다면 나를",7
"누군지 알 수 있을",7
"싶다면 말이죠",7
"거 알아 당신의",7
"time for you",7
"사진을 발견했다",7
"싶단 말은",7
"자유를 줬어",7
"싶대 그래",7
"싶대 그럼",7
"time has come",7
"싶소 내가",7
"싶습니다 난",7
"그걸로 무기를",7
"누군지 알아내는",7
"싶습니다 무슨",7
"싶습니다 아직",7
"누군지 알아내려고",7
"누군지 알아내서",7
"누군지 알아내야 해요",7
"싶습니다 좋아요",7
"싶습니다 지금",7
"그걸로 뭐하게",7
"싶습니다 한",7
"자유의지래 네",7
"누군지 알아보겠어",7
"누군지 알아야겠어요",7
"거 알아 얼마나",7
"싶어 걱정",7
"누군지 알았어",7
"싶어 그건 안",7
"싶어 그걸",7
"거 알아 엄마도",7
"싶어 그래도",7
"누군지 알지만",7
"싶어 그러지",7
"싶어 그렇다면",7
"누군지 어디에",7
"누군지 이미",7
"자유인이 될",7
"싶어 나의",7
"그걸로 전부지",7
"거 알아 잘",7
"싶어 당신의",7
"싶어 둘",7
"싶어 더 이상",7
"싶어 매일",7
"누군지는 모르겠지만 하지만",7
"싶어 바로",7
"누군지는 아는데",7
"그걸로 할-",7
"그걸로 할게",7
"누군지는 알죠",7
"누군지는 알지",7
"싶어 안달이 났어",7
"누군지도 모르겠고",7
"싶어 알았어요",7
"싶어 어디",7
"싶어 어",7
"그걸로는 부족하지",7
"싶어 어쩌면",7
"그걸로는 안 돼요",7
"누군지도 알고",7
"누군지도 잘",7
"싶어 우리도",7
"거 알아 하지만 네가",7
"누군지에 대한",7
"싶어 이리 와",7
"싶어 이젠",7
"싶어 자기",7
"누굴 기다리는",7
"싶어 잠깐만",7
"누굴 놀리나",7
"그겁니다 하지만",7
"자제력을 잃으면",7
"싶어 죽겠지",7
"싶어 지난",7
"싶어 참",7
"누굴 만나긴",7
"싶어 특히",7
"그것 때문에 그녀가",7
"싶어 하겠지",7
"싶어 하네",7
"does the secretary",7
"그것 때문에 다",7
"거 알아요 그래요",7
"싶어 하는 말을",7
"does the secretary have",7
"싶어 하는군",7
"싶어 하는구나",7
"싶어 하셨는데",7
"거 알아요 그런",7
"거 알아요 그럼",7
"싶어 하죠 모두",7
"싶어 하지 않았죠",7
"자주 가지",7
"싶어 한 거",7
"그것 때문에 전화한",7
"싶어 할 수",7
"누굴 속여",7
"싶어 항상",7
"싶어 해 난",7
"그것 때문이 아니에요",7
"I realise",7
"싶어 했다는",7
"그것 때문이죠",7
"time to see",7
"누굴 죽였나",7
"누굴 죽였는지",7
"그것 때문인가요",7
"싶어도 안",7
"누굴 죽였다고",7
"싶어서 괜찮아",7
"싶어서 그가 리스트를",7
"싶어서 그걸",7
"싶어서 그가 리스트를 편곡한",7
"누굴 죽이진",7
"싶어서 그런 거예요",7
"싶어서 그리고",7
"싶어서 나도",7
"time to take",7
"싶어서 난 그냥",7
"싶어서 너한테 화 안",7
"싶어서 너한테 화",7
"싶어서 넌",7
"누굴 찾고 있는",7
"거 알아요 아뇨",7
"그것 보다",7
"싶어서 안달이 난",7
"time traveller",7
"누굴 찾았는지 봐",7
"싶어서 이래",7
"싶어서 잠이",7
"싶어서 이렇게",7
"누굴 화나게",7
"싶어서 지금",7
"거 알아요 우린",7
"싶어서 환장했어",7
"누나 그",7
"doesn''t come",7
"거 알아요 이제",7
"싶어서요 나도",7
"싶어서요 무슨",7
"누나 누나 누나",7
"그것 외에",7
"싶어서요 좋은",7
"싶어요 감사합니다",7
"누나 말을",7
"싶어요 괜찮아요",7
"그것 정말",7
"누나 방에",7
"누나 얘기",7
"거 알아요 죄송해요",7
"싶어요 누가",7
"싶어요 늘",7
"싶어요 당신도",7
"싶어요 당신을",7
"싶어요 당연히",7
"누나 친구",7
"거 알았나",7
"말하고 싶지 않을",7
"누나 한",7
"싶어요 뭐가",7
"누나 혼자",7
"싶어요 미안하지만",7
"싶어요 미안해요",7
"누나가 그",7
"싶어요 사랑하는",7
"그것과 관련하여",7
"싶어요 시간",7
"누나가 너무",7
"그것과 비슷한",7
"싶어요 아무도",7
"싶어요 알겠어요",7
"누나가 안",7
"거 알았으니까",7
"그것과는 거리가",7
"싶어요 언제",7
"싶어요 여긴",7
"누나가 있는",7
"누나가 있어요",7
"누나가 제일",7
"거 알았잖아요",7
"싶어요 이미",7
"누나가 하면",7
"자책하지 말라고",7
"싶어요 잠깐만요",7
"싶어요 전에",7
"누나는 날",7
"누나는 안",7
"자책할 거",7
"말하고 있는 게",7
"싶어요 제대로",7
"그것도 괜찮네요",7
"누나는 지금",7
"말하고 있는 바로는",7
"그것도 괜찮죠",7
"자체가 말이 안",7
"나 괴롭히는",7
"싶어진 거야",7
"싶어하는 건 알지만",7
"싶어하지 않는다는",7
"누난 내",7
"times have",7
"누녜스 신부",7
"싶어한다고 생각해",7
"누는 거",7
"싶어해 그리고",7
"싶어해 내가",7
"싶어해 이",7
"자체의 구성적인 요소이며",7
"누려야 할 삶을",7
"싶었거든요 제",7
"거 알잖아 그리고",7
"그것도 나쁘진 않아 나쁘지",7
"싶었기 때문에",7
"거 알잖아 근데",7
"자초한 일입니다",7
"거 알잖아 나",7
"싶었는데 나",7
"자취를 감췄는데",7
"가야겠어 안",7
"누르는 것",7
"싶었는데 우리",7
"그것도 다른",7
"누르면 안 돼",7
"싶었다 그래서",7
"싶었다 그게",7
"싶었다 그리고",7
"싶었다 이",7
"싶었단 말야",7
"그것도 딱",7
"거 알잖아 너도",7
"거 알잖아 너도 알잖아",7
"그것도 마찬가지야",7
"싶었던 것뿐이에요",7
"누리게 해",7
"싶었던 바로",7
"싶었던 바로 그",7
"거 알잖아 다른",7
"싶었던 일을",7
"싶었습니다 제가",7
"tires screeching",7
"작가 중",7
"싶었어 그는",7
"싶었어 그럴",7
"싶었어 나는",7
"누릴 수 있죠",7
"누릴 자격",7
"to Be",7
"누릴 자격이 있다",7
"누마타 와타루",7
"싶었어 다시",7
"싶었어 당신을",7
"그것도 모르냐",7
"싶었어 만약",7
"싶었어 뭐",7
"누명 씌울",7
"싶었어 보고",7
"싶었어 사실",7
"말하고자 합니다",7
"누명을 벗고",7
"싶었어 엄마",7
"누명을 썼을",7
"거 알잖아 지금",7
"싶었어 이런",7
"싶었어 지금도",7
"싶었어 집에",7
"싶었어 진짜",7
"싶었어요 고마워요",7
"그것도 믿기",7
"거 알잖아요 그럼",7
"누명을 씌운 거예요",7
"작년보다 더 예뻐지기도 했고",7
"싶었어요 또",7
"누설하지 말라는 건가요",7
"누설하지 않을",7
"그것도 쉽지",7
"그것도 싫어",7
"싶었어요 왜요",7
"누에보 톨레도로",7
"거 알제",7
"그것도 아니",7
"누우면 내",7
"싶었을 뿐이야 이",7
"누워 계신",7
"작년에 온 남자",7
"거 알지만 그냥",7
"싶었죠 내가",7
"싶었지 난",7
"싶었지 하지만",7
"그것도 안 되면",7
"누워 있게",7
"싶었지만 난",7
"싶으면 그렇게 해 하지만",7
"싶으면 꼭",7
"싶으면 나와",7
"to France",7
"to Heaven",7
"누워 있지만",7
"말하기로되어 있지",7
"싶으면 안",7
"싶으면 알아서",7
"누워서 떡 먹기네",7
"누워서 떡 먹기지",7
"싶으면 연락해",7
"누워서 자",7
"싶으면 와서",7
"싶으면 울어",7
"싶으면 한",7
"싶으신 거군요",7
"그것도 제대로",7
"누이에 대한",7
"그것도 좋겠네",7
"그것도 좋겠지만",7
"싶은 거냐고",7
"싶은 거다",7
"doesn''t matter if",7
"싶은 건 내가",7
"싶은 건 내",7
"싶은 건 다 할",7
"to Mexico",7
"눈 감아 봐요",7
"싶은 걸 할",7
"싶은 걸 해",7
"싶은 것과",7
"그것도 할 수",7
"눈 계속",7
"싶은 것이다",7
"거 어떻게 알아",7
"싶은 게 뭐지",7
"싶은 게 뭔지 알아",7
"눈 깜짝 할",7
"거 어쨌든",7
"싶은 게지",7
"거 언제부터",7
"That is so",7
"to San",7
"싶은 남자가",7
"싶은 놈",7
"싶은 대로 하게 둬요",7
"눈 떠서",7
"그것들은 매우",7
"싶은 마음이 굴뚝",7
"말하는 거 안",7
"눈 뜨게",7
"싶은 말은 이",7
"거 없거든요",7
"싶은 말이 뭔가",7
"눈 뜨고는 못",7
"그것들을 다",7
"to Washington",7
"눈 뜨세요",7
"작별인사도 못",7
"눈 말이야",7
"싶은 모양인데",7
"눈 맞아서",7
"싶은 사람들은",7
"눈 밖에 나면",7
"그것들이 내",7
"싶은 사람이 있어",7
"눈 봐",7
"눈 사이가",7
"작성한 게",7
"to a guy",7
"거 없는지",7
"눈 속에 있는",7
"눈 속으로",7
"싶은 자는",7
"I really think",7
"싶은 책이",7
"눈 앞에 두고",7
"거 없다는",7
"눈 앞에서 사라져",7
"그것만 해",7
"싶은대로 할",7
"싶은데 그냥",7
"싶은데 그래요",7
"싶은데 그런",7
"작업 걸지",7
"to admit it",7
"싶은데 너도",7
"싶은데 누가",7
"싶은데 말야",7
"거 없대요",7
"싶은데 방법이",7
"싶은데 안 돼",7
"눈 좀 떠봐요",7
"싶은데 어떤",7
"싶은데 오늘은",7
"싶은데 우리가",7
"싶은데 제가",7
"눈 좀 붙일게",7
"싶은지 모르겠어요",7
"싶은지 생각해",7
"싶은지 아세요",7
"싶은지 알고",7
"싶을 것 같아서요",7
"싶을 것입니다",7
"to all the",7
"싶을 땐 어떻게",7
"작업을 못",7
"그것보다 내가",7
"거 없어 나",7
"싶을 뿐이오",7
"싶을 뿐이예요",7
"싶을 텐데요",7
"및 압수 영장",7
"눈과 귀에",7
"싶지 않게",7
"싶지 않겠어",7
"그것보다 더 잘할 수",7
"거 없어 너도",7
"싶지 않냐",7
"작업이 끝나면",7
"싶지 않다고 했어요",7
"싶지 않다면서",7
"눈도 제대로",7
"눈도 좀",7
"그것보다 훨씬 더 많은",7
"눈독 들이지",7
"눈동자 색",7
"싶지 않아 근데",7
"싶지 않아 나도 마찬가지야",7
"싶지 않아 당신도",7
"싶지 않아 당신은",7
"싶지 않아 사실",7
"싶지 않아 뭐",7
"싶지 않아 아니",7
"싶지 않아 우리가",7
"그것뿐만이 아니라",7
"싶지 않아 이런",7
"싶지 않아 제발",7
"싶지 않아 정말",7
"눈물 나네",7
"눈물 나려",7
"그것에 감사한다",7
"싶지 않아요 lrm",7
"싶지 않아요 그건",7
"거 없어 엄마",7
"싶지 않아요 그래도",7
"거 없어 우리",7
"그것에 관한 모든",7
"눈물 덮어",7
"싶지 않아요 당신은",7
"눈물 짜는",7
"싶지 않아요 이건",7
"눈물 콧물",7
"싶지 않아요 저는",7
"싶지 않아요 좋아요",7
"싶지 않아요''",7
"눈물도 안",7
"거 없어 이제",7
"싶지 않았어 그래서",7
"싶지 않았어 난",7
"그것에 대한 어떤",7
"싶지 않으면 그냥",7
"눈물을 닦아",7
"싶지 않으시겠죠",7
"싶지 않은 거겠지",7
"그것에 대해 걱정할게",7
"싶지 않은 사람",7
"그것에 대해 나에게",7
"그것에 대해 너에게",7
"싶지 않을 것",7
"그것에 대해 많이",7
"a reason to",7
"나 너무 아파",7
"눈물이 나올",7
"작은 꼬마",7
"눈물이 날 것 같아",7
"doing at",7
"그것에 대해 말해줘",7
"그것에 대해 무엇을",7
"그것에 대해 뭘",7
"싶지만 내일",7
"싶지만 네가",7
"싶지만 당신은",7
"싶지만 솔직히",7
"doing home",7
"눈빛이 너무",7
"싶진 않고",7
"눈빛이 아주",7
"눈앞에 나타난",7
"싶진 않을 거야",7
"싶진 않잖아요",7
"눈앞에 있는 걸",7
"눈앞에 있는데도",7
"싸 우린",7
"눈앞에 있으면",7
"싸게 사서",7
"거 없으시죠",7
"눈앞에서 말이야",7
"눈앞에서 사람이",7
"눈앞에서 치워",7
"거 없을 텐데",7
"눈앞이 캄캄하겠지만",7
"싸그리 다",7
"싸는 것도",7
"거 없이도",7
"싸러 가는 거예요",7
"싸러 가는",7
"그것에 동의할",7
"그것에 동의해",7
"싸서 떠나고",7
"말하는 중이잖아",7
"눈에 대해서",7
"싸야 해요",7
"싸우게 하는",7
"싸우게 할",7
"눈에 들어와요",7
"싸우고 싶다고",7
"눈에 들어왔어",7
"Everybody wants to",7
"싸우고 있네",7
"싸우고 있는 거",7
"그것으로 인해",7
"싸우고 있다면",7
"거 없지만",7
"눈에 띄는 건 없어요",7
"그것으로 족하다",7
"싸우고 있잖아요",7
"거 여기서",7
"싸우기 시작했고",7
"밑에 다른",7
"싸우기 싫으니까",7
"싸우기 위해 우리는 새로운",7
"싸우기 위해 우리는",7
"눈에 띄던데",7
"싸우기라도 한",7
"to be all right",7
"싸우기만 하고",7
"싸우기만 하는 정당만",7
"싸우기엔 너무",7
"to be as",7
"싸우긴 싫어",7
"싸우길 원한다면",7
"그것은 가장 큰",7
"싸우는 건데",7
"doing it for",7
"눈에 띄지 않는 게",7
"싸우는 게 아니야",7
"싸우는 대신",7
"그것은 거기에",7
"말하는데 네가",7
"눈에 띄진",7
"거 옆에",7
"싸우는 사람",7
"눈에 띈다",7
"싸우는 이유",7
"싸우다 죽겠습니다",7
"싸우다 죽게",7
"싸우다 죽었어",7
"싸우러 왔어",7
"싸우려고 온 게",7
"싸우려는 게",7
"싸우며 나와",7
"싸우면 누가",7
"싸우면 돼요",7
"싸우면 안돼",7
"싸우면 우린",7
"그것은 그 이상입니다",7
"눈에 선해",7
"눈에 선해요",7
"눈에 슬픔이",7
"싸우지 않을 겁니다",7
"싸우지 않을거야",7
"to be happy",7
"눈에 안 띄는 게",7
"싸운 거 아니야",7
"그것은 그들",7
"눈에 안보이는",7
"눈에 익은데",7
"그것은 그렇지",7
"눈에 좀",7
"싸울 건데",7
"싸울 겁니다 그들이",7
"싸울 때 난",7
"싸울 사람",7
"싸울 사람을",7
"싸울 생각이",7
"싸울 수 밖에",7
"싸울 생각이야",7
"말하던 대로",7
"눈에는 이게",7
"눈에만 보이는",7
"눈에서 레이저",7
"싸울 일",7
"눈에서 본",7
"눈에서 멀어지면 마음에서도",7
"싸울 준비 됐어요",7
"싸울 준비가 돼",7
"doing there",7
"싸움 걸지",7
"그것은 나와 상관없는",7
"눈으로 겨눈다",7
"싸움 없이",7
"거 원한 적 없어",7
"그것은 나입니다",7
"싸움도 잘",7
"그것은 나타난다",7
"싸움에 대해",7
"눈으로 다",7
"거 유감이에요",7
"그것은 내 마음을",7
"싸움은 나중에",7
"싸움은 끝이",7
"그것은 내 잘못이야",7
"싸움은 이미",7
"싸움을 멈추고",7
"싸움을 걸었다",7
"그것은 너는",7
"싸움을 해야",7
"거 이걸로",7
"싸움이 끝날",7
"그것은 너에게 도움이 될",7
"싸움이 벌어지고",7
"싸움이 붙었는데",7
"싸움이 아니다",7
"싸움이 있었고",7
"싸움이 있었다",7
"눈으로 직접 봤지",7
"싸워 보자",7
"눈은 괜찮아",7
"doing this again",7
"싸워본 적",7
"눈은 무슨",7
"싸워야 하는데",7
"싸워야 하니까",7
"눈은 어때",7
"눈은 이",7
"눈은 정말",7
"그것은 단지 하나의",7
"싸웠다 그",7
"싸웠나 봐",7
"That sounds like",7
"눈을 가졌어요",7
"싸지 말고",7
"밑에서 당신",7
"그것은 당연한",7
"눈을 감기",7
"싹 잊을",7
"거 이해해 하지만",7
"싼 값으로",7
"싼 거로",7
"그것은 대략",7
"싼 것 같아",7
"싼 걸",7
"doing what I",7
"싼 다음",7
"싼 적도",7
"싼 줄",7
"눈을 감았다",7
"눈을 감으면 깊숙이",7
"눈을 감으면 깊숙이 새겨둔",7
"쌀 때마다",7
"그것은 도움이 될",7
"쌍둥이 형제도",7
"쌍을 가졌고",7
"그것은 둘",7
"쌓아 놓고",7
"눈을 너무",7
"쌓아야 해",7
"That that",7
"쌓여 있고",7
"눈을 돌려",7
"작품은 역사적",7
"눈을 들어",7
"거 입으면",7
"말하면 그래",7
"작품을 위해",7
"to be the one",7
"눈을 떠 보니",7
"써 I love",7
"써 I love it",7
"써 가며",7
"눈을 떠 이",7
"작품은 정말",7
"눈을 떠 봐",7
"써 그리고",7
"눈을 떠서",7
"써 놨지",7
"그것은 매우 중요합니다",7
"써 당신이",7
"눈을 떴을 땐",7
"써 뭐",7
"써 무슨",7
"거 있는 사람",7
"써 보라고",7
"써 보렴",7
"그것은 무서운",7
"눈을 뗄 수 없네",7
"I reminisce about the",7
"써 안",7
"산 쪽",7
"써 어서",7
"to be with you",7
"써 이거",7
"눈을 똑바로 쳐다볼",7
"써 이제",7
"That the",7
"써 있던데",7
"써 있잖아요",7
"거 있어서",7
"눈을 뜨게 해",7
"to be your",7
"그것은 문제가되지",7
"to be 항상 착한",7
"써 줄래",7
"눈을 뜬 채로도 꿈을",7
"눈을 뜬 채로도",7
"써니의 놀라는",7
"산 호세로 가는",7
"to be 항상",7
"그것은 반드시",7
"써도 되겠네",7
"to bear",7
"써도 되겠어요",7
"그것은 법에 위배됩니다",7
"써도 됩니다",7
"눈을 바라보면",7
"거 있으면 말씀하세요",7
"써보는 건",7
"그것은 보통",7
"그것은 분명하다",7
"써서 널",7
"나 둘 다 대가를",7
"써서 미안해",7
"써선 안",7
"거 있으면 뭐든지",7
"눈을 볼 때면",7
"don''t be dead",7
"거 있으면 언제든지",7
"눈을 봤어요",7
"눈을 봤을 때",7
"거 있으면 연락해",7
"눈을 비볐지",7
"써야 해요 난 그",7
"눈을 뽑아",7
"눈을 속일",7
"써요 그래서",7
"써요 그냥",7
"써요 그리고",7
"눈을 잃고",7
"그것은 사실입니다",7
"눈을 쳐다보고",7
"써져 있는",7
"눈을 쳐다보며",7
"써주는 건",7
"눈을 쳐다보지",7
"눈을 쳐다봐",7
"don''t believe you",7
"썩 괜찮아",7
"눈을 통해서",7
"썩 꺼지라고",7
"거 있으십니까",7
"썩 나쁘지",7
"썩 나가요",7
"썩 사라져",7
"썩게 둘",7
"썩고 있을",7
"그것은 시간",7
"썩어 가는",7
"눈이 그칠",7
"썩어 문드러질",7
"눈이 내",7
"눈이 내렸지 지금처럼",7
"눈이 내렸지 지금처럼 누나도",7
"썩어야 해",7
"그것은 신성한",7
"to boogie with",7
"눈이 내리는",7
"썩은 내는",7
"눈이 너무 많이",7
"to boogie with you",7
"썩히는 게",7
"썬더 할로우",7
"썬즈 오브 아나키를",7
"눈이 마주쳤을",7
"I rock",7
"눈이 많아",7
"썼는지 봐요",7
"썼다고 내가",7
"to bother you",7
"그것은 아무것도 아니다",7
"눈이 멀 수도",7
"그것은 아직도",7
"썼어 이제",7
"눈이 멀었던",7
"그것은 약간의",7
"눈이 뭔가",7
"거 잊지 마시고요",7
"썼어요 제",7
"썼어요 제가",7
"눈이 부셔요",7
"그것은 어디에",7
"쎄스 라이트입니다",7
"쏘 유",7
"그것은 어리석은",7
"거 잊지 말고요",7
"눈이 안 보여요",7
"눈이 안 보이고",7
"쏘고 있잖아",7
"쏘기 시작했어",7
"눈이 얼마나",7
"그것은 여기에서",7
"눈이 예쁘네",7
"눈이 오나 비가 오나",7
"쏘는 겁니다",7
"눈이 오나 비가",7
"잔뜩 흥분한",7
"쏘는 줄",7
"쏘는 순간",7
"쏘라고 할",7
"쏘려고 했는데",7
"쏘려고 해",7
"눈이 이상해",7
"쏘려던 건",7
"그것은 완전한",7
"쏘면 우리도",7
"쏘지 그래",7
"눈이 있지",7
"쏘지 않아도",7
"쏘지 않도록",7
"눈이 확",7
"쏙 드네",7
"쏙 빠지고",7
"쏙 빠질",7
"눈치 못 챌 줄",7
"쏙 빼닮은",7
"눈치 못 챘고",7
"잔을 더",7
"쏜 거 아니에요",7
"눈치 못 챘죠",7
"눈치 못 챘을",7
"눈치 못 챘지",7
"그것은 의미하는",7
"눈치 보느라",7
"그것은 의미하는 것이다",7
"눈치 보지 말고",7
"don''t care 신경",7
"눈치 볼",7
"밑이나 닦아주지 기적을 본",7
"쏜 사람의",7
"쏜 적",7
"쏜 자를",7
"don''t care 신경 안",7
"그것은 이전이었다",7
"쏜 총을",7
"쏟고 있어요",7
"쏟아 부었습니다",7
"쏟아 부은",7
"그것은 일어나지",7
"눈치도 못 챌",7
"쏟아야 해",7
"쏟아져 나오고",7
"거 잘 알지만",7
"쏟아져 나올",7
"그것은 작동하지",7
"눈치채면 안",7
"쏠 거라면",7
"쏠 거에요",7
"쏠 걸",7
"to calm",7
"쏠 뻔",7
"눈치채지 못했어요",7
"눈치채지 않을",7
"쏠 생각은",7
"눈치채지 않을 수",7
"그것은 적어도",7
"to camp",7
"그것은 전",7
"쏠 수 있다",7
"쏠 수 있을",7
"쏠 수가 없어",7
"거 잘해요",7
"쏠 순 없어",7
"쏠 줄은",7
"don''t come back",7
"쏠 필요가",7
"to cancel",7
"눈탱이 밤탱이",7
"쏠릴 거야",7
"말하지 마 네가",7
"쏴 난",7
"눌러 이제",7
"눌러앉고 yeah それでもまだ",7
"눌러앉고 yeah それでもまだ 叫べば",7
"쏴 보라고",7
"쏴 분다",7
"쏴 쏟아진다",7
"쏴 이",7
"쏴 죽였죠",7
"to catch a",7
"산속에 있어",7
"눕히고 그",7
"쏴 줘",7
"쏴버리기 전에",7
"뉘 집",7
"뉴 그랜",7
"쏴본 적이",7
"뉴 올리언스",7
"잘 가르쳤군",7
"쏴야 할 거야",7
"그것은 중요하지 않다",7
"그것은 중요하지 않습니다",7
"쐈다고 했어요",7
"쐈어 그",7
"뉴 호라이즌",7
"뉴 햄프셔에서",7
"쐈어 그가 네이트를",7
"쐈어 그가 네이트를 죽였어",7
"뉴 호라이즌스",7
"don''t cry 全部揃っていたとしても",7
"쐈어요 그",7
"그것은 지난",7
"쐬게 해",7
"to change the",7
"뉴스 봤는데",7
"쑤셔 넣어서",7
"뉴스 소리",7
"그것은 집에있다",7
"뉴스 속보가",7
"to charge",7
"쑹 형사님",7
"쑹충지 씨가",7
"뉴스 채널",7
"쓰게 됐죠",7
"거 정말 고마워",7
"쓰게 될지",7
"뉴스가 계속 흘러나온다",7
"거 정말 미안해요",7
"쓰게 하면",7
"그것은 치명적인",7
"don''t cry 全部揃っていたとしても 전부",7
"그것은 크게",7
"뉴스도 안 보니",7
"거 정말 싫어요",7
"뉴스를 만드는",7
"뉴스를 보는",7
"to check out",7
"쓰고 다녀",7
"뉴스를 보면",7
"그것은 필수적이다",7
"거 제가 다",7
"쓰고 싶어서",7
"쓰고 안",7
"뉴스에 나와서",7
"뉴스에 나왔던",7
"쓰고 있는 걸",7
"그것은 한 가지",7
"거 조금만",7
"쓰고 있었던",7
"그것은 효과가 있었다",7
"거 좀 있어",7
"쓰기 위해서",7
"잘 굴러가고",7
"쓰는 거래",7
"그것을 가져가겠어요",7
"쓰는 걸 도와줘",7
"쓰는 걸까",7
"뉴욕 경찰청 그렉슨",7
"뉴욕 경찰청은",7
"to come here",7
"그것을 가지고 있는지",7
"뉴욕 뉴욕",7
"뉴욕 닉스",7
"쓰는 대신",7
"쓰는 말이잖아요",7
"뉴욕 병원",7
"뉴욕 북부에서",7
"뉴욕 사람들",7
"쓰는 사람들은",7
"거 좋아하시잖아요",7
"쓰는 이유가",7
"뉴욕 시민들이",7
"쓰다듬어 줘",7
"쓰던 거예요",7
"쓰던 방",7
"뉴욕 연방",7
"그것을 간직하고",7
"뉴욕 전체가",7
"뉴욕 제츠",7
"쓰라고 했죠",7
"뉴욕 주에서",7
"쓰러뜨려야 해",7
"그것을 고대하고 있어요",7
"I said it",7
"거 좋아하지만 아무한테도",7
"쓰러뜨릴 수 있을",7
"그것을 그대로",7
"거 좋아하지만 아무한테도 말",7
"잘 나는",7
"거 좋아한다고",7
"쓰러지기도 전에",7
"뉴욕 현대미술관에서",7
"to confess",7
"쓰러지지 않아요",7
"뉴욕에 가고",7
"그것을 깨달았다",7
"쓰러진 건",7
"쓰러진 것",7
"그것을 깨뜨렸다",7
"뉴욕에 가야",7
"그것을 꺼냈다",7
"쓰러질 거 같아",7
"쓰러질 거예요",7
"거 좋은데",7
"쓰러질 겁니다",7
"그것을 끌고",7
"쓰러질지도 몰라",7
"그것을 끝냈다",7
"뉴욕에 온 게",7
"쓰레기 같은 걸",7
"뉴욕에 온 걸",7
"쓰레기 같은 놈들이",7
"쓰레기 같은 놈이었어",7
"뉴욕에 왔어",7
"쓰레기 같은 인간",7
"그것을 너에게",7
"쓰레기 다",7
"쓰레기 봉투에",7
"쓰레기 수거하는",7
"쓰레기 줍는",7
"뉴욕에서 뭘",7
"쓰레기 짓을",7
"don''t feel like",7
"쓰레기는 안",7
"그것을 다시 할",7
"쓰레기를 내다",7
"to crack",7
"쓰레기를 뒤지고",7
"뉴욕으로 돌아가는",7
"쓰레기를 버리는",7
"쓰레기일 뿐이야",7
"쓰레기통 뒤에서",7
"쓰레기통 뒤에",7
"쓰레기처럼 버려진",7
"쓰레기통 옆에서",7
"뉴욕을 떠났어",7
"그것을 덮었다",7
"계속해서 움직여야 할 필요가",7
"쓰레기통에 버려진",7
"don''t find",7
"뉴욕의 거물",7
"그것을 되",7
"뉴잉글랜드 작은",7
"뉴잉글랜드 작은 마을",7
"쓰려고 해요",7
"뉴잉글랜드 작은 마을 출신이라서",7
"쓰려고 했어",7
"뉴저지 출신의",7
"쓰리 라인",7
"뉴저지에서 온",7
"그것을 듣는다",7
"쓰면 내",7
"쓰면 다",7
"뉴턴 마에브",7
"거 지금은",7
"쓰면 아주",7
"그것을 막기",7
"쓰면 안 된다고",7
"쓰면 안돼요",7
"쓰면 어때",7
"쓰면 어떡해",7
"쓰셔야 할",7
"느껴 보지",7
"쓰시면 안 돼요",7
"쓰여 있는 거",7
"느껴 하지만",7
"쓰여 있는 것",7
"그것을 만들지",7
"쓰여 있으니까",7
"느껴본 적 없는",7
"그것을 많이",7
"그것을 말할 것이다",7
"느껴야 한다고",7
"쓰인 걸",7
"쓰인 대로",7
"작전의 세부사항은",7
"쓰죠 하지만",7
"쓰지 그",7
"쓰지 마 괜찮아",7
"느껴져 그래",7
"쓰지 마 나도",7
"그것을 몰랐다",7
"그것을 믿고 있다",7
"느껴져 이제",7
"쓰지 마세요 그냥",7
"쓰지 마시고요",7
"느껴져요 그래서",7
"쓰지 마시죠",7
"That you''re",7
"그것을 믿지 못하겠어요",7
"쓰지 말아줘",7
"그것을 바꿀",7
"쓰지 못해",7
"쓰지 뭐",7
"거 챙겨서",7
"쓰지 않도록",7
"쓰지 않아도 돼요",7
"그것을 받아들이지 않을",7
"그것을 받아들이지 않을 것이다",7
"쓰지 않았을",7
"don''t hate",7
"느껴지지 않나",7
"거 처음 보네",7
"느껴진 건",7
"그것을 받을 자격이",7
"쓰진 않았어",7
"쓰진 않았어요",7
"느껴질 거다",7
"쓰진 않았을",7
"쓱쓱 닦는다",7
"느껴질 때도",7
"잘 되어가",7
"그것을 발견했습니다",7
"그것을 버렸다",7
"쓴 거라면",7
"쓴 거라고요",7
"쓴 거였어요",7
"쓴 거였어",7
"느꼈던 것 같아요",7
"거 축하드려요",7
"쓴 걸로",7
"그것을 보냈다",7
"느꼈어요 그게",7
"쓴 것만",7
"느꼈어요 그",7
"그것을 보는 것",7
"그것을 보다",7
"느끼게 대해",7
"느끼게 돼요",7
"느끼게 대해 줘서",7
"그것을 보호하기",7
"나 먼저 좀",7
"그것을 본 적이 없다",7
"쓴 약",7
"그것을 본다면",7
"느끼게 하려고",7
"느끼게 한",7
"쓴 적은",7
"쓴 적이 없어 사실",7
"느끼게 해 줄",7
"쓴 책에",7
"느끼게 해주고",7
"느끼게 해주지",7
"느끼게 해준",7
"그것을 볼 수있다",7
"쓴다고 생각해",7
"그것을 부르고 있다",7
"느끼게 해줬어요",7
"느끼고 그래서",7
"느끼고 그래서 기사는",7
"느끼고 그래서 기사는 말했어",7
"쓸 거 아니야",7
"느끼고 싶었어요",7
"느끼고 싶었어",7
"쓸 거니까 하지만 욕실을",7
"쓸 거니까 하지만",7
"쓸 거니",7
"쓸 거라고요",7
"쓸 거야 난",7
"쓸 거야 내가",7
"don''t have her",7
"그것을 사용하기",7
"느끼고 있죠",7
"쓸 게 아니라",7
"느끼기 시작했어",7
"쓸 돈도",7
"느끼기 싫겠지 어쩌면",7
"느끼기 싫겠지 어쩌면 평생",7
"느끼기 싫을지도",7
"느끼기 싫을지도 그리고 어쩌면",7
"느끼기 싫을지도 그리고",7
"느끼기 위해",7
"쓸 만한 것",7
"쓸 만한 정보는",7
"쓸 만한 정보가",7
"쓸 뿐이지",7
"느끼는 거에요",7
"쓸 수 있거든",7
"쓸 수 있게 말이야",7
"거 하나 없는",7
"그것을 설명할",7
"쓸 수 있는 것",7
"쓸 수 있는지",7
"그것을 소유하고",7
"쓸 수 있지만",7
"그것을 실제로",7
"느끼는지 알아",7
"쓸 시간을",7
"쓸 여력이",7
"그것을 알게",7
"느끼지 못한다",7
"느끼지 못해",7
"쓸 줄 알았지",7
"거 하나씩",7
"쓸게요 네",7
"느끼지 않게 만들면 얼마나",7
"느끼지 않게 만들면",7
"쓸데 없는 소리",7
"쓸데없는 것만",7
"거 하라고",7
"느끼지 않았어요",7
"쓸데없는 소린",7
"그것을 알아차렸다",7
"don''t have to worry",7
"느낀 것 같아요",7
"그것을 알지 못한다",7
"느낀 것은",7
"쓸데없이 일을",7
"거 하면 안 돼",7
"쓸만한 것",7
"느낀 고통을",7
"쓸만한 정보가",7
"쓸모 없고",7
"느낀 그 기쁨도 거기",7
"느낀 그 기쁨도",7
"느낀 적 없어",7
"쓸모 있는 일을",7
"느낀 적이 없어요",7
"쓸모가 없거든",7
"쓸모가 없으니까",7
"쓸모가 없죠",7
"to do with your",7
"그것을 얻을 것이다",7
"쓸모가 있죠",7
"쓸모없는 거야",7
"쓸모없는 걸",7
"느낄 뿐이야",7
"그것을 얻을 수 있다",7
"그것을 얻지 않는다",7
"쓸모없는 놈아",7
"그것을 없앨",7
"그것을 에",7
"to draw",7
"그것을 우리에게",7
"그것을 원하지 않아",7
"씌운 건",7
"씌운 게",7
"씌운 다음",7
"씨 가족에게",7
"거 한 적",7
"don''t keep",7
"그것을 의심한다",7
"느낄 자격이",7
"느낄 순",7
"그것을 이용했다",7
"그것을 이해하지 못했다",7
"to drop",7
"씨 그녀는",7
"느낌 내가",7
"씨 그만",7
"씨 그쪽",7
"그것을 인정한다",7
"씨 너는",7
"느낌 어디에서",7
"느낌 어디에서 왔는지",7
"그것을 읽을",7
"거 할 시간",7
"그것을 잃어",7
"씨 담당",7
"씨 당신에게",7
"씨 당신도",7
"느낌 좋아요",7
"느낌도 들고",7
"to earn",7
"느낌도 없을",7
"씨 덕분이죠",7
"느낌은 못",7
"느낌은 뭐죠",7
"느낌은 정말",7
"씨 드디어",7
"느낌은 어때",7
"씨 드릴 말씀이",7
"그것을 전혀",7
"거 함부로",7
"씨 마음을",7
"씨 만난",7
"그것을 제거했다",7
"느낌을 주고",7
"씨 말에",7
"느낌을 주는",7
"거 해 본 적",7
"씨 몰래",7
"씨 무슨 일이야",7
"씨 미안",7
"느낌이 드는 건",7
"씨 반갑습니다",7
"거 형이",7
"잘 맞혀",7
"to escape",7
"씨 사망",7
"씨 사진",7
"잘 먹겠습니다 잘",7
"씨 생각은",7
"그것을 지킬",7
"씨 손에",7
"그것을 진짜",7
"씨 아까",7
"거 확실합니까",7
"씨 아닙니까",7
"씨 아세요",7
"느낌이 별로",7
"그것을 찾아라",7
"씨 아이씨",7
"거 확실히",7
"씨 안에",7
"느낌이 안 와요",7
"씨 어떻게 된",7
"씨 얼마나",7
"씨 에이",7
"느낌이 어떤",7
"씨 여러분",7
"그것을 추적할 수",7
"씨 옆에",7
"그것을 충분히",7
"씨 왔어요",7
"씨 요즘",7
"그것을 통제하고",7
"느낌이 이상했어요",7
"그것을 통해서",7
"느낌이 있었죠",7
"씨 이미",7
"그것을 파괴하다",7
"씨 일은",7
"느낌이 참",7
"느낌이야 그래",7
"씨 잭",7
"That''s exactly what",7
"씨 저기요",7
"씨 저를",7
"씨 저희",7
"그것을 하게",7
"거거든 나도",7
"씨 젠장",7
"느려 터져서",7
"거거든 네",7
"느려지고 있어요",7
"씨 지난",7
"씨 직접",7
"씨 차는",7
"씨 책",7
"느리고 고통스럽게",7
"씨 총",7
"느린 건",7
"그것을 할 거",7
"느린 동작으로",7
"씨 하실",7
"느릿느릿 Love",7
"씨 한테",7
"씨 한번",7
"느슨한 끝을 묶고",7
"거겠죠 그래요",7
"씨가 가장",7
"거겠죠 그런",7
"그것을 할 수있는",7
"씨가 너한테",7
"그것을 해보자",7
"씨가 당신이",7
"씨가 두",7
"그것을 해결할",7
"씨가 따로",7
"씨가 바로",7
"But what about",7
"거겠죠 네",7
"그것을 했을",7
"그것을 향해",7
"그것을 허락했다",7
"씨가 왔습니다",7
"그것을 허용 할",7
"거겠죠 당신이",7
"don''t know what it''s",7
"I saw the thing",7
"씨가 자신의",7
"거겠죠 아니",7
"는 네",7
"는 다른",7
"그것을 확실히 했다",7
"씨가 죽기",7
"그것을 확인해",7
"씨가 혼자",7
"는 말도",7
"씨는 lrm",7
"씨는 계속",7
"는 못",7
"씨는 그가",7
"는 뭐야",7
"씨는 날",7
"그것을 훔쳤다",7
"거겠죠 어떻게",7
"는 아니다",7
"그것을하지 않았다",7
"씨는 뭔가",7
"씨는 아무것도",7
"는 어디 있어",7
