Item,Frequency
"중요할 수",9
"중요해 그",9
"중요해 그래서",9
"하는 곳은",9
"위치 사수해",9
"봐요 저런",9
"행운은 필요",9
"행운을 비는",9
"중의 하나죠",9
"내가 보기엔 그게",9
"내 상사한테",9
"난 너 같지",9
"중이던 기자 제이미 캠벨이",9
"중이라고 했어요",9
"No I",9
"난 너 안 믿어",9
"결혼 서약에",9
"중이야 너도",9
"and cut",9
"난 너나",9
"묵비권 행사할",9
"중이야 뭘",9
"중이야 새",9
"중이야 아",9
"난 너랑 같이 있을",9
"중이야 알아",9
"묵비권을 행사할 수 있습니다",9
"들어왔나 봐",9
"난 너를 모른다",9
"중이었는데 그",9
"씨 나와",9
"중이에요 그게",9
"묶어 두는",9
"묶어 둘",9
"중이에요 당신",9
"묶어야 해",9
"중이에요 이제",9
"중이죠 그럼",9
"my village",9
"중이지 그",9
"난 관여",9
"중인 거예요",9
"중인 건 알지만",9
"묶은 거",9
"가지고 있지도",9
"위치를 알리는",9
"그것을 입고",9
"묶인 흔적이",9
"그리고 우리가 가진",9
"문 거야",9
"하는 멍청한",9
"중인데 내가",9
"문 것",9
"난 괜찮아 고마워",9
"난 너와는",9
"난 너한테 그걸",9
"중입니다 어떻게",9
"문 닫아라",9
"중입니다 전",9
"위치를 찾았습니다",9
"중입니다 현재",9
"중태 오빠",9
"난 너한테서",9
"그것을 전부",9
"문 닫을 시간이에요",9
"줘 걱정하지 마",9
"문 당장 열어",9
"문 두드리고",9
"문 두드리는 소리가",9
"문 뒤로",9
"줘 그런데",9
"문 뒤에 있는",9
"행크 집에",9
"내 생각도 같아요",9
"줘 내보내",9
"줘 너도",9
"문 부숴",9
"번째와 세",9
"하는 사람이다",9
"하는 사람이라고",9
"문 손잡이",9
"난 널 내",9
"하는 사람이요",9
"내가 보는 방식으로는요",9
"줘 둘",9
"줘 몇",9
"문 여닫히는",9
"문 여닫히는 소리",9
"난 널 떠나지 않아",9
"줘 봐 여기",9
"줘 빌어먹을",9
"줘 솔직히",9
"난 널 미워하지",9
"줘 아뇨",9
"문 열렸어",9
"줘 아빠가",9
"문 열어 내가",9
"결혼반지를 안",9
"문 열어 주세요",9
"줘 이리 와",9
"난 널 보호할 수",9
"줘 자넨",9
"줘 자막",9
"문 열어줄",9
"난 널 볼",9
"줘 절대",9
"out of my way",9
"줘 최대한",9
"하는 얘기인데",9
"줘 하나",9
"씨 미안해요",9
"하는 얘기지",9
"줘봐 내",9
"문 전부",9
"줘서 고마워 내",9
"난 널 알지도",9
"난 널 알지도 못해",9
"문 좀 열어 보세요",9
"줘서 고마워 천만에",9
"줘서 고마워요 천만에요",9
"난 널 원했어",9
"문 좀 열어줄래요",9
"난 널 위해 여기",9
"난 널 위해서",9
"줘서 다시",9
"줘서 정말 고맙다",9
"줘선 안 돼",9
"문단속 잘하고",9
"문도 안 잠그고",9
"번호가 있습니다",9
"위한 거야 난",9
"문득 이런 생각이",9
"줘야 할 것 같아서",9
"씨 사이에",9
"문서 작성",9
"문서를 보면",9
"줘요 고마워",9
"줘요 고맙습니다",9
"문신 중",9
"줘요 그러지",9
"문신은 왜",9
"줘요 다들",9
"하는 자들이",9
"줘요 아",9
"위한 것인지",9
"위한 것인가",9
"줘요 여기요",9
"문에서 떨어지시오",9
"난 네 모든",9
"하는 재주가",9
"줘요 자",9
"하는 중이라",9
"줬는데 그걸",9
"위한 그들의",9
"난 네 아빠다",9
"가까운 사이였죠",9
"준비가 안 됐잖아",9
"줬다는 게",9
"m도 안",9
"문을 닫게 될",9
"들어줄 수 있어",9
"줬어 어떻게",9
"줬어 우리",9
"줬어 좋은",9
"위한 노력은",9
"줬어야 하는데",9
"줬어야 했어",9
"문을 닫아야 해",9
"준비가 전혀 안",9
"줬어요 난",9
"고향 생각이",9
"줬어요 왜",9
"하는 힘을",9
"줬어요 전",9
"줬어요 제",9
"줬으니 내",9
"줬으면 한다",9
"줬을 겁니다",9
"하는건 좀",9
"향해 총을 쏘고",9
"줬지 그게",9
"줬지 그리고",9
"줬지 난",9
"결혼식을 올릴",9
"위한 선물입니다",9
"쥐 박멸",9
"난 네가 그렇다고",9
"결혼식을 할",9
"문을 열 거야",9
"가지도 않았어",9
"문을 열 것이다",9
"쥐고 있었어요",9
"봤기 때문이에요",9
"가지도 않을",9
"결혼식이 있어요",9
"문을 열라",9
"난 네가 돌아올",9
"무슨 얘기를 했어",9
"벌 수 있을 거예요",9
"쥘 베른",9
"벌 주는",9
"쥬드 수녀님",9
"na na",9
"문을 열어주고",9
"문을 열어주세요",9
"난 네가 부러워",9
"허가가 필요해요",9
"문을 잠갔다",9
"out of the house",9
"관계를 잃을 수도",9
"즐거운 대화",9
"즐거운 명절",9
"준비돼 있지",9
"문을 지켜",9
"즐거운 시간 센테야",9
"문을 철컥 연다",9
"난 네가 얼마나",9
"하는데 뭐라고",9
"결혼은 하지",9
"관계를 잃을 수도 있습니다",9
"하는데 다들",9
"즐거운 저녁 되세요",9
"하는데 아무도",9
"문을 활짝 열어",9
"벌레 같은 놈",9
"즐거운 하루를",9
"즐거운 하루 보내요",9
"문이 고장",9
"즐거워 하는",9
"허가를 요청한다",9
"난 네가 좋은 사람이라는",9
"봤는데 그냥",9
"즐겁게 보낼",9
"즐겁게 지내",9
"즐겁게 지내세요",9
"난 네가 진짜",9
"난 네가 충분히",9
"즐겁게 해주고",9
"결혼을 앞두고",9
"난 네가 필요 없다",9
"문이 삐걱 열린다",9
"즐겨 보는",9
"문이 스륵",9
"즐겨 봐",9
"즐겨도 돼",9
"즐기게 될",9
"즐기고 계신가요",9
"하는데 진짜",9
"즐기고 있는 것",9
"즐기고 있다는",9
"즐기고 있었다",9
"문이 열렸고",9
"난 네놈이",9
"즐기는 게 어때",9
"준비되면 바로",9
"위한 피",9
"즐기지 않는",9
"문이 있고",9
"즐길 거예요",9
"문이 있는",9
"가지러 갔다가",9
"문이 있을",9
"I am not a",9
"위한게 아냐",9
"증가 된",9
"증거 그",9
"증거 보관실에서",9
"허락 안 해요",9
"증거 수집을",9
"난 농담",9
"out of town",9
"증거가 더 필요해",9
"증거가 될 수도",9
"증거가 발견 될 수",9
"문자 보내기",9
"행복한 결말은",9
"증거가 없었어요",9
"문자 보낼 거야",9
"난 누군가가",9
"증거가 있을 거야",9
"증거가 있잖아",9
"증거가 있지",9
"증거가 필요할",9
"난 눈도",9
"증거는 다",9
"하는지 알고 있어요",9
"문자 해요",9
"결혼이란 건",9
"증거는 있나",9
"증거도 있어",9
"내 생각이에요",9
"위해 결국 누군가는",9
"결혼하게 해주세요",9
"증거를 가지고 있다고",9
"잘 모르겠어요 전",9
"문자를 보냈죠",9
"난 능력이",9
"벌써 며칠",9
"증거에 대한",9
"증권 거래소에",9
"증기 기관차를",9
"난 교도소",9
"증명 못 해",9
"증명 할 수",9
"증명도 못",9
"증명을 못",9
"증명하는 거지",9
"문제 말이에요",9
"증명할 방법은",9
"증명할 수 있는 건",9
"난 다르다고",9
"난 다르지",9
"난 다른 게",9
"위해 그리고 나서",9
"들었어 날",9
"증명해 보이고",9
"증명해 보일 거야",9
"증명해 주는",9
"증명해야 돼",9
"위해 기꺼이 죽을",9
"증상이 나타나면",9
"문제 없으니까",9
"난 다시 일하러 가야",9
"위해 기도하자",9
"하늘을 찌를",9
"증언대에 세울",9
"문제 이",9
"증언을 못",9
"증언이 필요해요",9
"난 닥터 제이슨",9
"난 닥터 제이슨 불이야",9
"증언할 수 있어요",9
"하늘이 보인다면",9
"내 서랍에",9
"증인 보호 프로그램을",9
"준비를 하시오",9
"건물을 샅샅이",9
"그리고 이것 좀 봐",9
"하니 그냥",9
"난 단지 내",9
"증인석에 세울",9
"증인을 괴롭히고 있습니다",9
"허리케인 카트리나",9
"위해 나섰다",9
"건물을 짓기",9
"문제가 돼요",9
"문제가 되겠네요",9
"지 너무 오래됐어요",9
"지 두어",9
"위해 너에게",9
"벌써 죽였을 거야",9
"지 몇 주는",9
"봤다고 해요",9
"문제가 될 수 있어",9
"내가 봐도 될까",9
"위해 긴",9
"내 서재를",9
"지 안다",9
"지 알게",9
"위해 노력해",9
"하니까 여기",9
"문제가 무엇인지",9
"결혼한 게 아니야",9
"문제가 뭔 줄",9
"문제가 뭔가",9
"지 오래 됐어",9
"내 선택에",9
"결혼한 남자가",9
"문제가 뭡니까",9
"난 당신들에게",9
"가지만 묻죠",9
"난 당신들의",9
"하니까요 내",9
"하다 그것은",9
"지 하루 만에",9
"문제가 생겼나봐",9
"nbsp 도대체",9
"지가 뭐",9
"벌어 와",9
"문제가 생겼어 내",9
"허용 안",9
"지갑 어디",9
"하다 우리가",9
"위해 돈을 지불했다",9
"난 당신을 믿었어요",9
"문제가 생기면 바로",9
"문제가 생긴 건",9
"지경으로 만들어",9
"허용할 수 없습니다",9
"난 당신의 모든",9
"문제가 심각한",9
"결혼한다는 걸",9
"내 세 번째",9
"는 말",9
"벌어지고 있죠",9
"문제가 아니라 내",9
"지구 역사상",9
"지구 온난화에",9
"난 당신이 누군지 알아요",9
"벌어지는 건",9
"건물이 있는데",9
"하더군요 lrm",9
"문제가 아니야 이건",9
"감옥 가긴",9
"하더군요 그래요",9
"준비하려면 시간이",9
"난 당신이 아니라",9
"난 당신이 어떤",9
"지구로 돌아가는",9
"그리고 이번에도",9
"지구를 도는",9
"문제가 안 될 거야",9
"는 당신이다",9
"문제가 없나",9
"지구상의 유일한",9
"가지만 확실히",9
"지구에 남은",9
"감옥 가는 건",9
"난 대니를",9
"문제가 없었죠",9
"문제가 있는 거죠",9
"가지면 아무도 못",9
"지구의 표면",9
"지그 하일",9
"지극히 사적인",9
"문제가 있는 것 같은데",9
"지금 TV",9
"결혼할 수 있어요",9
"지금 가게",9
"문제가 있다는 거",9
"지금 가는 거야",9
"문제가 있다는 건",9
"난 댁이",9
"문제가 있대요",9
"지금 가족",9
"지금 간다고요",9
"난 더 이상 그런",9
"내 소설",9
"I definitely",9
"벌을 받겠습니다",9
"지금 거기가",9
"지금 거신 번호는 전파가",9
"지금 겪고 있는",9
"지금 고객님이",9
"문제가 있으십니까",9
"지금 공항",9
"난 더럽게",9
"지금 그 얘기는",9
"지금 그걸 말이라고",9
"지금 그것에",9
"지금 그게 중요해요",9
"nbsp 우리가",9
"문제가 좀 있습니다",9
"지금 그러고 있잖아",9
"난 도둑질",9
"지금 그러는",9
"and have a",9
"위해 방금",9
"문제가 해결되면",9
"지금 그럴 시간",9
"문제가 훨씬",9
"문제는 곧",9
"문제는 그거야",9
"위한 하나의",9
"허준이 살짝 웃는다",9
"난 도박",9
"out the window",9
"지금 나가야 돼",9
"지금 나간다",9
"지금 나는 두 가지",9
"지금 나는 잊어요",9
"지금 나랑 장난하자는",9
"하든 못",9
"가지지 않은",9
"벌인 일이야",9
"하든 전",9
"You know what I''m",9
"지금 내가 가장",9
"문제는 아닐",9
"들었죠 그리고",9
"문제는 알아서",9
"지금 너 때문에",9
"들었지 그",9
"헛되게 하지",9
"문제는 없는지",9
"문제는 없다고",9
"지금 네가 할",9
"위해 세운",9
"지금 농담하세요",9
"지금 누구 때문에",9
"난 돈만",9
"위해 수년간",9
"지금 누군가",9
"결정은 안",9
"문제는 전부",9
"겹치는 게",9
"씨발 꺼져",9
"지금 당장 가자",9
"문제도 그렇고",9
"가진 거 있어요",9
"문제도 안",9
"지금 당장 당신을",9
"곤란하게 됐어",9
"지금 당장 여기",9
"지금 당장 우리가",9
"지금 당장 움직여야",9
"Look into",9
"지금 대답",9
"지금 대답할",9
"지금 대체 무슨",9
"문제들이 있어",9
"들여다보는 게",9
"지금 도대체",9
"하러 가야겠어",9
"난 동의한 적 없어",9
"하러 가죠",9
"하러 갈게",9
"위해 써",9
"건배 왜",9
"문제로 날",9
"하러 그런",9
"and help",9
"지금 말을",9
"문제를 바로",9
"위해 싸웠던",9
"난 두고",9
"nbsp 폐하",9
"문제를 생각해",9
"문제를 알고",9
"문제를 얘기할",9
"지금 말해줘",9
"지금 멈추면",9
"지금 면접",9
"지금 몇 시",9
"지금 몇 시니",9
"내가 비록",9
"봤어 아직도",9
"지금 무슨 말씀 하시는",9
"문제를 제대로",9
"지금 무슨 소릴 하는",9
"가진 것 같아요",9
"범인은 못",9
"지금 뭐 하는 거냐",9
"문제를 해결하는 데 도움이",9
"경고 좀",9
"지금 뭐라고 그랬어",9
"지금 뭐라고 했지",9
"난 들어갈래",9
"지금 뭐하고 있는거야",9
"지금 뭐하는 겁니까",9
"지금 뭐하자는 거야",9
"늘 나",9
"경고 하나",9
"지금 바로 갈",9
"지금 바쁘세요",9
"지금 바쁜 거",9
"가진 것들을",9
"지금 밖에 있어",9
"지금 배",9
"위해 완벽한",9
"난 떠나",9
"지금 병원에서",9
"지금 병원으로",9
"씨와 얘기를",9
"하려고 이 일을",9
"and hit",9
"범인은 피해자의",9
"지금 보여줄",9
"위해 용기를",9
"That''s her",9
"난 떠나지 않아",9
"out with a",9
"경고의 의미로",9
"범인을 알아요",9
"지금 비행기",9
"하려고 한 건",9
"하려고 한 건데",9
"다리 벌리고",9
"난 떠날 수 없어",9
"지금 상황으로",9
"지금 상황이랑",9
"헤스 하이머",9
"문제예요 난",9
"문제예요 네",9
"지금 생각해보니까",9
"지금 선생님",9
"건배를 하고",9
"문제의 본질을",9
"문제의 해결책이",9
"난 뜨거운",9
"하려는 거겠지",9
"지금 시점에서는",9
"헤어지게 된",9
"지금 실천하세요",9
"내 손이야",9
"지금 씨발",9
"지금 아기",9
"지금 아",9
"지금 아기를",9
"지금 아니면 못",9
"문제죠 그래서",9
"문제죠 당신은",9
"문제죠 전",9
"하려는 말",9
"문제지 왜",9
"지금 알아보고",9
"지금 얘기 좀",9
"범인이 누군지 알",9
"지금 어디 가",9
"경관 두 명이",9
"묻고 싶어서요",9
"위해 일하지 않는다",9
"하려던 참이야",9
"위해 일하지만",9
"난 마법을",9
"감옥에 가고 싶지",9
"가진 남자에",9
"하려면 어쩔 수",9
"하려면 어쩔",9
"지금 엄청나게",9
"지금 없는데요",9
"경관님 무슨",9
"경관님 내가",9
"하려면 어떻게 해야",9
"묻는 거니",9
"난 마이애미",9
"하루 늦게",9
"줄 것이 있어요",9
"지금 오면",9
"묻는 것도",9
"need is a",9
"묻는 말에나",9
"지금 우리가 사는",9
"들은 거로 할게",9
"난 만족해",9
"지금 우리보고",9
"난 많은 것들을",9
"헤이 스튜어트",9
"지금 웃을",9
"지금 워싱턴",9
"묻어 있었고",9
"묻어두는 게",9
"지금 위험해요",9
"지금 은행",9
"줄 게 뭐야",9
"하루 잘 보냈어",9
"묻은 곳을",9
"묻은 돈",9
"범죄 가족",9
"지금 이게 뭐하는",9
"헤이 친구",9
"위해 좋은 일",9
"난 말한",9
"지금 이런 말",9
"하루 종일 집에",9
"범죄 단속반",9
"곧 갈거야",9
"지금 이리로 오고",9
"난 말했지",9
"하루 푹",9
"지금 이제",9
"내가 사과해야 할 것",9
"난 망가졌어",9
"가진 마지막",9
"지금 일하러",9
"지금 있어",9
"가진 말고",9
"묻지 않아",9
"난 매년",9
"위해 죽이는",9
"하루가 지났어",9
"지금 작업 중이야",9
"묻지 않을 줄 알았는데",9
"난 매일 밤",9
"난 매일 아침",9
"묻지도 따지지도 않고",9
"묻지도 말고",9
"묻지도 않았어",9
"헤이 라일리",9
"가진 모든 건",9
"묻지도 않을",9
"지금 저쪽에서",9
"묻혀 있는데",9
"범죄 제국을",9
"지금 전화할게요",9
"들은 게 아니라",9
"묻히고 싶어",9
"난 먼",9
"묻히지 않고",9
"하루만 더 있으면",9
"가진 모든 것이",9
"물 갖고",9
"지금 죽었을",9
"난 멍청해",9
"위해 차를",9
"위해 최선을 다하고 있습니다",9
"물 내릴",9
"난 멕시코로",9
"물 드려요",9
"경기가 재개됩니다",9
"난 명령에",9
"물 마셔요",9
"물 마시고 싶어",9
"물 먹였어",9
"번 카메라는",9
"들은 바로",9
"위해 태어났어요",9
"지금 하고 있는 일이",9
"헨리 튜더가",9
"난 모두의",9
"물 쓰듯",9
"난 모든 걸 알고",9
"지금 하려는 건",9
"지금 하자고",9
"하리의 거친",9
"지금 할까요",9
"지금 해 둬야지",9
"지금 해도",9
"지금 해야 할 일이",9
"지금 해야겠어",9
"하리의 다급한 숨소리",9
"물 좀 갖다줘",9
"지금 협박하시는",9
"위해 하나만",9
"지금 화장실",9
"가까이 가지마",9
"내 시계는",9
"위해 하지만 난",9
"지금까지 널",9
"지금까지 늘",9
"물 한 방울",9
"지금까지 만들어진",9
"지금까지 말한",9
"난 모험을",9
"하룻밤에 두",9
"물 한잔만",9
"물가에 있는",9
"난 몰라 난",9
"지금까지 왜",9
"지금까지 중에",9
"지금까지는 아무것도",9
"건의 강도",9
"지금껏 계속",9
"지금껏 만난",9
"하면 내일",9
"지금껏 이",9
"지금껏 한 번도",9
"난 못 기다려",9
"난 못 돌아가",9
"지금도 너무",9
"지금도 네",9
"들을 것도 없어",9
"헬프 미",9
"지금도 막",9
"난 못 보겠어",9
"지금도 매일",9
"그리고 제 생각엔",9
"줄 몰랐어 나도",9
"지금도 있어",9
"지금도 전",9
"난 못 속여",9
"need to get out",9
"지금보다 훨씬 더",9
"하면 돼 내",9
"범행 수법과",9
"지금부터 뭘",9
"지금부터 우리가",9
"경력을 가지고",9
"번 타고",9
"물건에 손대면",9
"물건에 손대지 말아요",9
"경력을 걸고",9
"물건에 손을",9
"봐야만 해",9
"지금은 그 얘기",9
"난 못해 난",9
"내 신부가",9
"지금은 그게 문제가",9
"물건은 절대",9
"난 무고한",9
"물건을 가져갔어",9
"위해서 그리고 내가",9
"경력을 쌓기",9
"my love 내",9
"지금은 근무",9
"위해서 나를",9
"물건을 달그락",9
"경력을 위해",9
"물건을 만드는",9
"내 신앙에",9
"물건을 받을",9
"하면 많은",9
"지금은 됐어요",9
"경력이 있고",9
"물건을 숨기는",9
"지금은 말하기",9
"지금은 모르겠어요",9
"물건을 죄다",9
"하면 반드시",9
"곧 꺼내줄게",9
"지금은 바빠요",9
"지금은 받을 수",9
"지금은 새벽",9
"가진 않을거야",9
"물건이 아니다",9
"지금은 안정을",9
"물건이 안",9
"지금은 어디 있어",9
"지금은 어디에",9
"들을 수 있었죠",9
"물건이 좀",9
"지금은 이걸",9
"물고 늘어지는",9
"지금은 이전",9
"경림의 비명",9
"위해서 싸우고",9
"그리고 주",9
"가까이 다가가기",9
"지금은 잠깐",9
"하면 완전히",9
"늘 최선을",9
"위해서 어",9
"지금은 죽었어요",9
"내 심기를",9
"법률 회사를",9
"지금은 필요",9
"난 미국을",9
"난 미국의",9
"지금은 화려함조차도 影をひそめ交わる",9
"가진 자들은",9
"현금으로 바꾸려고",9
"물러나 있으라고",9
"지금의 삶을",9
"법무부 장관의",9
"곧 나갈 거예요",9
"난 미안하지",9
"위해서 있잖아",9
"하면 좋겠네",9
"경보 장치를",9
"over million",9
"물러서 내",9
"지금이 아주",9
"지금이 어느 시대인데",9
"봤자 넌",9
"지금쯤 내",9
"물러서라고 했잖아",9
"그리고 지구",9
"현대 기술",9
"지금처럼 날",9
"물러서지 않을 거야",9
"지금처럼 이렇게",9
"내 아",9
"난 믿지 않는다",9
"물려받은 게",9
"아귈라 데",9
"지나가는 길이었어요",9
"지나가는 말로",9
"하면서 시간을",9
"물론 그건 아니지",9
"하면서 잘",9
"난 바람 좀",9
"위해서는 무슨",9
"난 바로 여기",9
"하비 스펙터를",9
"지나면 내",9
"물론 그렇겠죠 하지만",9
"물론 그렇긴",9
"하비에르 페냐에게",9
"지나지 않는",9
"back to life",9
"난 바빠요",9
"경비가 삼엄할",9
"위해서라면 못",9
"난 박쥐다 난",9
"법을 만들",9
"난 박쥐다 난 박쥐다",9
"지난 네",9
"난 밖에 나가서",9
"지난 뒤에",9
"지난 며칠동안",9
"지난 몇 개월간",9
"지난 밤에 집에",9
"지난 밤엔",9
"지난 백",9
"하세요 두",9
"들인 적이",9
"난 밤새도록",9
"경비원 두",9
"봤잖아 왜",9
"법을 배우기",9
"지난 수",9
"물론 사랑하지",9
"지난 이야기 당신",9
"하세요 여기서",9
"지난 이야기 이건",9
"아기 앞에서",9
"하세요 이런",9
"지난 일은 다",9
"아기 어디 있어",9
"위해서요 나는",9
"가진 힘은",9
"경사 시험",9
"지난 토요일에",9
"지난 학기에",9
"지난 회 이야기",9
"물론 이미",9
"지난번 것보다",9
"난 뱀파이어가",9
"하셔 난",9
"내 아내와 아들을",9
"지난번에 당신이",9
"위해서요 전",9
"들지 않는다면",9
"하셨나 봐",9
"하셨나 보네요",9
"지난번에도 그렇게",9
"지난주 목요일",9
"지난주까지만 해도",9
"물론 좀",9
"물론 지금도",9
"물론 할 수 있죠",9
"난 법정에",9
"지내게 할",9
"물론이고 모든",9
"물론이야 하지만",9
"물론이죠 고맙습니다",9
"지내고 있나요",9
"지내고 있는 것 같아",9
"물론이죠 그래서",9
"모두에게 잘된",9
"들진 않지만",9
"난 변할",9
"하셨잖아요 그",9
"물론이죠 그런데",9
"하셨잖아요 난",9
"지내기 위해",9
"물론이죠 내",9
"지내는 법을",9
"지내는 줄",9
"in a while",9
"물론이죠 바로",9
"곧 다 끝날",9
"하셨죠 제가",9
"물론이죠 우린",9
"위험 지역",9
"지내지 않을",9
"난 병원을",9
"지낸 세월이",9
"지낼 거고",9
"물론이지 고마워요",9
"하시고 이",9
"지낼 건데",9
"법의학 팀이",9
"지낼 곳이 필요해",9
"in a world",9
"지낼 수 없어요",9
"물론이지 나",9
"지낼 수가",9
"난 보안",9
"지냈을 거야",9
"물론이지 만약",9
"지는 것이 네놈의",9
"지는 것이 네놈의 숙명이다",9
"위험에 빠뜨리다",9
"물론이지 이거",9
"물론이지 정말",9
"지니고 다녀요",9
"멤버 중 한",9
"법이 없잖아요",9
"지도 교사가",9
"지도 그",9
"지도 모르는데",9
"그리고 책을",9
"지도 모르지만",9
"위험에 빠진 것",9
"지도 오래됐잖아",9
"지도를 그린",9
"들킬 위험이",9
"감옥에 넣으려고",9
"뵈는 게 없어",9
"위험에 처하지",9
"하신 것 같은데",9
"in all the",9
"경우가 달라요",9
"경우가 더",9
"경우가 많아",9
"현실이 아니라고",9
"지루하게 하지",9
"물릴 수",9
"위험은 감수하지",9
"난 비명을",9
"하실 말",9
"물불 안 가리는",9
"지르는 사람들",9
"지르는 소리",9
"가질 수 없다는 걸",9
"하실 말씀 있으십니까",9
"행동도 취하지",9
"지를 수도",9
"지름길을 알아",9
"법정 모독죄를",9
"난 빈",9
"물어 본",9
"위험을 감수하겠어",9
"위험을 감수할 수 없어요",9
"지목하고 있어",9
"지문 일부가",9
"경우가 종종",9
"난 빠져",9
"뵌 지",9
"지문을 채취해",9
"지문이 나왔어",9
"지문이 남아",9
"지미 그냥",9
"법정에 있는",9
"하얗게 하얗게",9
"물어보고 싶은데요",9
"물어보고 있어",9
"난 빼줘요",9
"지미 주니어는",9
"지미 주니어랑",9
"난 사건에서",9
"위험을 알고 있었어",9
"위험을 무릅쓸 순",9
"내가 삶을",9
"듯이 살아",9
"지배 할",9
"지배적 인",9
"능구렁이 같은",9
"바꿀 수 있잖아",9
"지배할 힘을",9
"needs me 날",9
"현장에 다른",9
"지불 한",9
"법정에서 어떻게",9
"난 사람들한테",9
"하의 실종",9
"위험하게 하지",9
"경우도 있지",9
"지붕에 있어요",9
"지붕으로 가는",9
"등 다",9
"가질 수 있습니까",9
"물어본 걸",9
"난 사랑하는 사람이",9
"지시를 내려",9
"뵙고 싶어 하세요",9
"능력 좀",9
"경우에 대비해서요",9
"지시에 따르는",9
"물어볼 걸",9
"지시하는 대로",9
"지시한 적",9
"하자 그런데",9
"지식의 사람들이",9
"지어낸 거 아니야",9
"줄 알 텐데",9
"난 사진을",9
"경우에 우리는",9
"지어낼 수",9
"지어야 한다",9
"지에 대한",9
"위험한 것으로",9
"지역 경찰의",9
"현장에서 본",9
"현장에서 죽은",9
"난 살고 싶어",9
"지역 뉴스에",9
"지역 리처즈",9
"위험한 곳은",9
"지역 모든",9
"지역 봉사",9
"지역 사람들이",9
"물어볼게요 왜",9
"물어볼게요 이",9
"지역 사회와",9
"곧 돌아옵니다",9
"난 살아남았어",9
"벗기 위해",9
"난 살아남지",9
"물어봐 아니",9
"가질 수 있잖아요",9
"벗어 빨리",9
"물어봐 주셔서 감사합니다",9
"난 살인 사건",9
"지옥 같군",9
"물어봐도 되겠니",9
"물어봐도 되나",9
"지옥 훈련",9
"난 살짝",9
"난 삶의",9
"지옥에 갔다",9
"현재 당신의",9
"그리고 평생",9
"물어봐요 난",9
"하잖아 그런",9
"등록 번호는",9
"물어봤던 거",9
"지옥이 될",9
"지옥이 있다면",9
"위험한 일을 하고",9
"지우고 나면",9
"지우고 또 지워봐도",9
"지우고 또 지워봐도 넌",9
"하잖아 당신",9
"지운 거야",9
"난 상을",9
"지울 수 있어요",9
"지울 수도",9
"그리고 피트",9
"지워지지 않는",9
"지워지지 않을",9
"물에 들어가서",9
"and now I''m",9
"능력을 보고",9
"지원 단체",9
"지원 사격",9
"지원 요청할",9
"벗어나지 말고",9
"지원군이 오고",9
"난 샘이야",9
"벗어나지 못할",9
"위험할 때만",9
"지원을 요청했어",9
"지원이 올",9
"내 아이라고",9
"물은 거예요",9
"물은 마시지",9
"위해서야 네",9
"물은 항상",9
"지은 죄도",9
"가질 줄",9
"위험해 나도",9
"난 선배가",9
"물을 마셔야",9
"난 선을",9
"난 선택권이 없어",9
"위험해 보여요",9
"지점에 있는",9
"가질 필요는",9
"하죠 알겠습니다",9
"물을 조금",9
"지정 및",9
"물을 주지",9
"지지 마라",9
"벗어났을 거야",9
"지지하는 레즈비언과",9
"지지하지 않습니다",9
"지지한다는 걸",9
"지지할 거예요",9
"물이 나오는",9
"혈압 올라",9
"And The",9
"위험해지는 거",9
"난 세계를",9
"아까 잠깐",9
"지쳐서 그래",9
"가짜 뉴스를",9
"물이 새서",9
"아까 저기서",9
"물이 쏴 나온다",9
"가짜 돈",9
"위협 수준",9
"지칠 줄 모르고",9
"지칠 줄 모르는",9
"지켜 내가",9
"물이 있고",9
"지켜 보면서",9
"하지 그걸",9
"지켜 주려는",9
"물이 졸졸 흐른다",9
"가짜 동생",9
"지켜 줬어요",9
"지켜내야 합니다",9
"지켜드릴 겁니다",9
"건지 보여줘",9
"물이나 줘",9
"물이다 이것은",9
"물이다 이것은 우물이다",9
"물이다 이것은 우물이다 배불리",9
"물이라도 줄까",9
"지켜보고 있었지",9
"지켜보고 있지",9
"물적 증거가",9
"난 손도 안 댔어",9
"지켜보는 사람이",9
"내 안의 작은 빛",9
"경제가 무너질",9
"난 손이",9
"지켜볼 수도",9
"하지 또",9
"지켜봐 왔어",9
"베넷 부인",9
"뭉개 버릴",9
"지켜야 하는 건",9
"뭉쳐야 돼",9
"never even",9
"하지 마 나는",9
"베니스 해변",9
"지켜줄 수 있을",9
"지켜줄 수 있지",9
"뭐 같네",9
"곧 무너질 것",9
"혐의로 기소됐습니다",9
"난 수학을",9
"never fall",9
"난 술 안 마셔요",9
"지키게 되었다 Almost Human",9
"지키고 있는데",9
"뭐 그거야",9
"지키고 있던",9
"난 숨을",9
"난 숨지",9
"혐의로 체포됐어",9
"지키는 거라고",9
"never felt",9
"뭐 그런 걸로",9
"지키는 사람이지",9
"경찰 규정",9
"뭐 그런거지",9
"뭐 그런건",9
"하지 마 한",9
"그게 그렇게 중요해",9
"그리고 회사",9
"지키려는 것뿐이에요",9
"지키려면 어쩔",9
"윈더미어의 혼을",9
"지키지 못",9
"난 스파이더맨이야",9
"가짜 이름",9
"지키지도 못할",9
"never found",9
"경찰 노릇",9
"하지 마요 그",9
"지킬 박사와",9
"지킬 방법은",9
"디비나 부에나",9
"경찰 놀이",9
"아끼는 사람들은",9
"베스트 프렌드가",9
"지킬 책임이",9
"가짜 피를",9
"never giving",9
"하지 말고 좀",9
"곧 보러",9
"협력 업체",9
"never giving up",9
"지하 감옥으로",9
"베이브 루스",9
"난 신경 안 쓰니까",9
"난 신경 안 쓸",9
"협력해야 해",9
"윌 어디",9
"지하 테러",9
"to go in",9
"지하실에 뭐가",9
"난 신부가",9
"지하실에 있던",9
"경찰 떴어",9
"내 애들한테",9
"지하철 역",9
"줄 알았는데 여기서",9
"경찰 말이에요",9
"협박을 한",9
"지휘할 거야",9
"난 싫다",9
"직 연다",9
"직감에 따르면",9
"윌리엄 허트",9
"직면할 수",9
"가까이 있는 것",9
"직무 유기",9
"감옥에서 나오면",9
"직업 윤리",9
"협박하는 거니",9
"뭐 먹는 거야",9
"하지 않거나",9
"하지 안녕",9
"직업은 어떻게",9
"뭐 먹을 거야",9
"직업이 있고",9
"아내 마르타 산토스 데",9
"직업이 필요해",9
"뭐 문제 있나요",9
"직원 명단이",9
"뭐 묻었다",9
"직원 외 출입 금지",9
"직원 외 출입",9
"뭐 물어볼",9
"난 쏠",9
"뭐 배운",9
"직원은 몇",9
"Love shack",9
"직원이 다",9
"직원이 몇",9
"직장 구할",9
"뭐 보냐",9
"무슨 일이 있었는지 기억나",9
"직장 동료와",9
"직장 동료인",9
"직장 생활",9
"디즈니 월드에",9
"뭐 본 거 없어",9
"뭐 봐요",9
"직장에서 만난",9
"협상 중입니다",9
"윗층에 있어",9
"뭐 사다 줄까",9
"직접 거래를",9
"베티 루크",9
"직접 경험해",9
"하지 않았다 나는",9
"아내 죽인",9
"직접 나선",9
"난 아니예요",9
"아내가 곧",9
"직접 당신을",9
"Love will",9
"유 아이",9
"직접 들어야겠어요",9
"직접 들어야겠어",9
"직접 들을 수",9
"하지 않았을 때",9
"유 회장의 웃음",9
"가치 없어요",9
"뭐 안 좋은",9
"직접 말씀하세요",9
"직접 말을",9
"하지 않은 게",9
"직접 물어봐야",9
"뭐 어렵겠어",9
"가치 있는 걸",9
"뭐 어쨌는데",9
"딘 스트랭 스티븐의",9
"난 아무 말도 하지",9
"경찰 생활을",9
"직접 보십시오",9
"부동산 매매",9
"관련이 있는 것으로",9
"뭐 엄마",9
"경찰 서장이",9
"직접 봤는데",9
"뭐 없을까요",9
"직접 봤어야 해",9
"직접 산",9
"뭐 오늘은",9
"직접 알려",9
"협조가 필요합니다",9
"직접 얘길",9
"줄 알았어 누가",9
"and ready",9
"직접 와",9
"유감이지만 더는",9
"I assure",9
"난 아무것도 안 할",9
"난 아무것도 안 해",9
"직접 총을",9
"가치 있을",9
"직접 폭탄을",9
"뭐 입고 있니",9
"내 얘기를 안",9
"직접 할 거야",9
"뭐 입지",9
"직접 했어",9
"하지는 말고",9
"딩 선생님",9
"협조할 생각이",9
"진 거죠",9
"협조해야 해",9
"진 적이 없어",9
"뭐 재밌는 거",9
"형 그냥",9
"진규가 숨을",9
"하지마 그래",9
"난 아무도 해치지",9
"never made",9
"뭐 좀 가져다",9
"내가 성공하면",9
"경찰 오면",9
"곧 아빠",9
"A change",9
"하지마 나",9
"난 아무짓도 안했어요",9
"거고요 왜",9
"강하고 더",9
"부디 나를",9
"진술 때문에",9
"진술서에 따르면",9
"진술을 거부할 권리가",9
"진술을 받아야",9
"진술을 받을",9
"유대의 힘을",9
"진실 아니면",9
"누구한테도 말",9
"뭐 좀 여쭤봐도 될까요",9
"벼락 맞은",9
"진실은 아무도",9
"거고요 이제",9
"진실을 감당할",9
"뭐 줄까요",9
"유람선을 타고",9
"진실을 말하세요",9
"아내는 어디 있지",9
"진실을 말하자면",9
"벽 같은",9
"경찰 지원",9
"진실을 말해봐",9
"진실을 말해주는",9
"뭐 찾았나",9
"진실을 말했다",9
"경찰 총에",9
"진실을 안다고",9
"never say",9
"진실을 알고 싶을",9
"진실을 알기 위해서",9
"진실을 알았을 때",9
"난 아직도 이해가 안",9
"진실을 얘기해",9
"유령 사냥꾼",9
"진실을 찾아야",9
"진실을 찾으려고",9
"난 아홉",9
"관련이 있을 거예요",9
"진실이 있어",9
"뭐 하고 있었니",9
"하지만 그 순간",9
"뭐 하고 있었지",9
"늦었어요 난",9
"형 차",9
"따돌릴 순",9
"진심으로 날",9
"유령이 돼서",9
"하지만 그 정도는",9
"진심으로 사과드릴게요",9
"진심으로 사랑하는",9
"진심으로 사과하고",9
"진심으로 사랑한다면",9
"진심으로 사랑하지",9
"진심으로 축하해",9
"뭐 하나 제대로 하는",9
"진심으로요 하지만",9
"하지만 그 일은",9
"뭐 하나만 물어볼게요",9
"진심이 아냐",9
"진심이 뭔지",9
"진심이 아니었다고",9
"벽에 구멍",9
"진심이야 넌",9
"유령의 집에서",9
"형과 내가",9
"곧 알아낼 거야",9
"난 안 마셔",9
"따뜻한 Your Eyes",9
"Lowered voice",9
"진옥의 놀란 신음",9
"따뜻한 곳",9
"진우가 혀를",9
"bad luck",9
"하지만 그것만이",9
"진입 중",9
"진작 그랬어야",9
"진작 말했어야 했는데",9
"유리 뒤에",9
"뭐 하러 그런",9
"하지만 그게 중요한 게",9
"따뜻한 차",9
"진절머리가 나요",9
"진정 못 해",9
"벽을 봐",9
"뭐 하시죠",9
"벽을 못",9
"가치가 있었습니다",9
"경찰도 아닌데",9
"유리하게 이용할",9
"하지만 그는 그러지 않았다",9
"난 알거든",9
"유리한 게",9
"진정하고 날",9
"하지만 그는 단지",9
"곧 여기에 올",9
"나 아무것도 안",9
"가치가 있었지",9
"부러진 갈비뼈",9
"하지만 그는 이미",9
"형사가 당신을",9
"난 알아 그",9
"난 알아 나도",9
"뭐 할라고",9
"부러진 건",9
"진정한 목적을",9
"경찰들이 내",9
"난 알아볼",9
"진정한 사랑이야",9
"뭐 했냐",9
"진정한 영웅입니다",9
"진정한 적은",9
"뭐 했는지 알아요",9
"가까이 접근해",9
"경찰들이 우릴",9
"진정해 괜찮을 거야",9
"난 알죠",9
"뭐가 걸려",9
"진정해 나도",9
"뭐가 그래",9
"하지만 그런 것",9
"난 앞을",9
"내가 수",9
"감옥으로 돌아가게",9
"그리워하는 건",9
"형사님 이거",9
"하지만 그럴 수 없어",9
"뭐가 끝나",9
"하지만 그럴 필요는",9
"진지하게 만나는",9
"진지하게 받아들이고",9
"진지하게 받아들이는",9
"유미의 멋쩍은 웃음",9
"유미의 멋쩍은",9
"부르고 난",9
"진지하게 좀",9
"유미의 헛기침",9
"형사입니다 몇",9
"하지만 그에",9
"따라 달라지죠",9
"뭐가 달라졌지",9
"뭐가 달라지냐",9
"유산소 운동",9
"하지만 그자가",9
"난 약속을 지켰어",9
"곧 오니까",9
"뭐가 더 필요하죠",9
"뭐가 도움이",9
"따라 드릴게요",9
"진짜 괜찮네",9
"진짜 괜찮다니까",9
"난 약하지 않아",9
"뭐가 되겠어요",9
"따라 들어와",9
"난 얘기할",9
"건지는 모르지만",9
"진짜 귀신",9
"유미의 가쁜 숨소리",9
"하지만 나는 그럴 것이다",9
"진짜 그래도",9
"뭐가 두려운 거죠",9
"진짜 그럴까",9
"난 어둠을",9
"뭐가 들어 있어요",9
"진짜 길다",9
"난 어디서든",9
"유언장을 수락하겠습니까",9
"경찰서에 가야",9
"뭐가 들었어요",9
"뭐가 막",9
"뭐가 말이냐",9
"진짜 남자로",9
"난 어때요",9
"진짜 너 때문에",9
"가까이서 보니",9
"하지만 나에 대해",9
"진짜 눈이",9
"경찰서에 있어요",9
"진짜 대단해요",9
"진짜 대단했어요",9
"따라 오는",9
"축하를 위해",9
"뭐가 묻은",9
"진짜 많아요",9
"하지만 난 그저",9
"뭐가 뭔지도",9
"경찰에 갈",9
"진짜 맛있었어요",9
"부르는 건 좀",9
"곧 올겁니다",9
"뭐가 보이는 줄",9
"진짜 멋졌어요",9
"뭐가 보이는데요",9
"따라 왔어요",9
"변하기 마련이야",9
"뭐가 불만인데",9
"진짜 몰랐어요",9
"진짜 못 해",9
"난 어쨌든",9
"뭐가 싫어",9
"뭐가 아니라",9
"I been",9
"감으면 안",9
"난 어쩔 수 없어",9
"난 어쩔 수 없이",9
"진짜 미쳐",9
"부르는 것도",9
"뭐가 어떻게 돼",9
"유일한 곳이지",9
"진짜 믿는",9
"형을 얼마나",9
"부르는 것처럼",9
"뭐가 올지",9
"진짜 보고 싶었어",9
"난 언제나 네 곁에",9
"가치보다 더",9
"뭐가 이상한데요",9
"난 얼굴을",9
"뭐가 있게요",9
"진짜 세상을",9
"난 얼마든지",9
"뭐가 있나 봐",9
"진짜 솔직히",9
"하지만 난 잘",9
"진짜 술을",9
"하지만 내가 가진",9
"진짜 아까",9
"진짜 아는",9
"진짜 아니라니까",9
"진짜 아버지는",9
"진짜 아프네",9
"내가 스스로를",9
"진짜 악당이",9
"진짜 애처럼",9
"진짜 약을",9
"난 에드워드",9
"하지만 내가 틀렸어",9
"하지만 내가 찾은",9
"진짜 어이가 없어서",9
"형이 아니라",9
"가택 침입에",9
"형이 생각하는",9
"뭐가 잘못됐지",9
"뭐가 잘못된 걸까",9
"하지만 너무 오래",9
"진짜 온",9
"유일한 방법이라면",9
"진짜 완전히",9
"진짜 왔어",9
"하지만 너한텐",9
"뭐가 죄송해",9
"뭐가 중요하냐",9
"진짜 웃기고",9
"진짜 웃기죠",9
"난 여기 없었던",9
"진짜 원하는 건",9
"진짜 원하는게",9
"진짜 원하는 게 뭐야",9
"따라가 내가",9
"뭐가 진실인지",9
"뭐가 진짜고",9
"경찰에 알려",9
"가톨릭 학교에",9
"곧 이혼할",9
"뭐가 특별한데",9
"진짜 이름이 뭐야",9
"진짜 이름이에요",9
"경찰에 알릴",9
"난 여기 있는데",9
"난 여기 있다",9
"줄게요 그럼",9
"감을 수가",9
"뭐냐는 거야",9
"진짜 자신을",9
"진짜 잘 어울린다",9
"유일한 여성",9
"진짜 잘하고",9
"가할 거야",9
"변했어 그래",9
"하지만 네가 계속",9
"뭐든 가능하죠",9
"뭐든 가능할",9
"진짜 재밌었어요",9
"난 여기가 좋아요",9
"진짜 재수 없다",9
"형이상학 적",9
"난 여기서 나가야",9
"진짜 좀비",9
"하지만 네가 여기",9
"뭐든 다 아는",9
"진짜 좋아하나",9
"하지만 누가 그랬는지",9
"유일한 장소",9
"그릴 수 있어",9
"진짜 죽다",9
"건질 거야",9
"진짜 죽이는",9
"경찰에게 뇌물을",9
"뭐든 만들",9
"내가 시작한 게",9
"뭐든 만들어",9
"하지만 다른 사람은",9
"뭐든 말하게",9
"난 여길 떠날",9
"뭐든 말해봐",9
"진짜 처음이야",9
"진짜 첫",9
"난 여러분을",9
"내 옆에 앉아요",9
"난 여섯",9
"따라갈 수 있어",9
"유일한 햇살",9
"뭐든 시켜만",9
"뭐든 시키는",9
"뭐든 시키는 대로",9
"줄곧 무언가를",9
"하지만 당신은 그녀를",9
"진짜 화가",9
"난 여자친구가",9
"진짜 힘드네",9
"경찰은 그의",9
"뭐든 팔",9
"뭐든 팔 수",9
"변호사 좀",9
"뭐든 필요하시면",9
"진짜로 내",9
"진짜로 난",9
"형편없을 거야",9
"진짜로 중요한",9
"줄도 몰랐지",9
"진짜야 그냥",9
"진짜야 내",9
"뭐든 할 테니까",9
"진짜야 이제",9
"하지만 더 많은",9
"진짜인 걸",9
"곧 정상으로",9
"진짜일 리 없어",9
"진짜처럼 보여야",9
"뭐든 했어요",9
"진출할 수",9
"뭐든지 간에요",9
"변호사가 이",9
"진행 중인 것",9
"난 예전처럼",9
"유죄를 인정합니다",9
"뭐든지 줄",9
"뭐든지 하고",9
"유죄를 인정해야",9
"혜원이 웃는다",9
"뭐든지 하려고",9
"and take a",9
"경찰은 용의자를",9
"난 오늘 죽을",9
"하지만 똑같은",9
"변호사는 필요 없어요",9
"뭐든지 할 수 있다고",9
"진행할 것입니다",9
"난 오늘도",9
"나를 따라올",9
"혜택을 못",9
"혜택을 볼",9
"부르진 않아",9
"내가 신경 써",9
"부르지 하지만",9
"줄리아 줄리아 줄리아",9
"진흙탕 속에서",9
"진흙 속에",9
"뭐라 그랬니",9
"질 걸",9
"뭐라 그럴",9
"뭐라 드릴",9
"질 수 없지",9
"난 오토봇이다",9
"질 안",9
"질 필요가",9
"질 텐데",9
"그림 있는",9
"질끈 감고",9
"변호사를 선임할 권리가 있으며",9
"뭐라 하더라",9
"질린 목소리로",9
"질린 진짜",9
"질린 채",9
"질릴 때까지",9
"뭐라 할 말이 없네",9
"뭐라 할 말이 없다",9
"질문 받겠습니다",9
"뭐라 해야 할지 모르겠다",9
"뭐라 했는지 알아",9
"경찰을 부르겠소",9
"하지만 무서운",9
"뭐라고 그랬지",9
"질문 해",9
"질문에 답할 수",9
"뭐라고 말씀을",9
"내가 신국의",9
"뭐라고 말하던",9
"뭐라고 말하면",9
"질문에 대한 대답",9
"경찰을 부른다고",9
"하지만 미국이",9
"변호사를 원해요",9
"난 외로웠어",9
"감자 튀김을",9
"난 요리",9
"하지만 박사님이",9
"질문은 이제",9
"뭐라고 말했다",9
"뭐라고 말했어요",9
"질문을 너무 많이",9
"뭐라고 부르게",9
"질문을 드릴게요",9
"질문을 받고",9
"질문을 이해할 수",9
"변화가 시작됐다",9
"하지만 믿어",9
"난 우리 둘",9
"뭐라고 불러야 할까",9
"뭐라고 불렀는지",9
"뭐라고 불렀죠",9
"따라와 이제",9
"경찰을 불렀지",9
"따라와 저",9
"질문이 너무 많군",9
"뭐라고 설명해야",9
"호세에게 축복을",9
"질문이 이해가",9
"관리할 겁니다",9
"뭐라고 얘기",9
"내 요지는",9
"난 우리가 해낼",9
"질문이 하나 있는데요",9
"경찰을 어떻게",9
"질문이야 내",9
"질문하는 건",9
"뭐라고 좀 해봐",9
"뭐라고 하게요",9
"질병 통제",9
"뭐라고 하기",9
"유행 지난",9
"내 용감한",9
"관리해야 해",9
"뭐라고 하는 게",9
"난 운 좋은",9
"변화를 주는",9
"호신용 스프레이",9
"질지도 몰라",9
"각도에서 보면",9
"내 우선",9
"따랐던 거야",9
"질투 난",9
"난 울고",9
"하지만 선택의",9
"변환할 수",9
"부를 수도 있어",9
"경찰의 보호를",9
"짊어진 사도",9
"짊어질 수",9
"호에 있다",9
"호의를 베풀지",9
"뭐라고 한 줄 알아",9
"난 월요일이",9
"뭐라고 할거야",9
"I believe that",9
"번만 더 묻지",9
"경찰이 곧 올",9
"호텔 같은",9
"경찰이 그들을",9
"호텔 매니저",9
"따로 얘기할 수",9
"짐이 날",9
"뭐라고 했을 것",9
"I''ve ever seen",9
"윤미의 웃음",9
"no love",9
"짐이 아니야",9
"짐이 좀",9
"하지만 아무한테도",9
"뭐라는 게",9
"짐작도 안 가",9
"뭐라는지 안",9
"난 의사를",9
"짐작이 간다",9
"집 같아요",9
"하지만 아주 똑똑한",9
"뭐라도 될",9
"뭐라도 말을",9
"집 나가고",9
"제 이름이요",9
"뭐라도 본",9
"부를 수 있다",9
"융통성 있게",9
"하지만 알아낼",9
"집 뒷마당에",9
"뭐라도 있나",9
"집 딸",9
"집 마음에",9
"집 몇",9
"집 밖에도",9
"뭐라도 해 봐요",9
"집 아닌가요",9
"경찰이 도착할",9
"뭐라도 해야 해요",9
"집 안에 있어요",9
"난 이 상황이",9
"내 유전자를",9
"집 얘기",9
"난 이 여자가",9
"줄이 안",9
"뭐로 찾지",9
"집 있어",9
"호텔에 대해",9
"난 이 지역",9
"경찰이 되는 건",9
"별 일 없는",9
"은동 선생",9
"집과 내",9
"니가 가서",9
"은동의 놀란",9
"집까지 같이",9
"집까지 좀",9
"그림이 있었어요",9
"집단 소송에서",9
"하지만 엄청난",9
"Not as",9
"하지만 여기는 아니다",9
"부모 같은",9
"뭐야 젠장",9
"집세도 못",9
"집안 내력이야",9
"집안 문제는",9
"별 하나 우리의 증인이",9
"뭐에 쓰게",9
"뭐였든지 간에",9
"뭐하고 있는 거에요",9
"집어 치우고",9
"집어넣는 게",9
"경찰이 밖에",9
"뭐하고 있었지",9
"난 이래서",9
"난 이러고",9
"호프 앤 그레고리",9
"뭐하는 곳이야",9
"경찰이 사방에",9
"그림자도 못",9
"부모 중 한",9
"경찰이 수사",9
"in high",9
"집에 가봤는데",9
"집에 가서 다시",9
"그림자를 감추고 교차하네 たまには空を飛んで",9
"관심 두는",9
"집에 가서 짐",9
"집에 가실 수",9
"뭐하러 해",9
"뭐하세요 여기",9
"감정 좀",9
"집에 가져갈 수",9
"뭔 것",9
"MRI 검사를",9
"뭔 돈으로",9
"가끔 기분이",9
"내 이가",9
"집에 갈 수 있는",9
"people who are",9
"뭔 말인지 알아",9
"뭔 말인지 알겠지",9
"뭔 말하는지",9
"집에 계신가요",9
"난 이미 다",9
"은행 문",9
"집에 급한 일이",9
"people would",9
"집에 남아",9
"뭔 소리를 하는거야",9
"은행 오사카 서부",9
"내가 쌓아온",9
"하지만 윌",9
"집에 데려가는",9
"난 이번엔",9
"난 이사",9
"부모가 아니라",9
"집에 데려다줄까",9
"내 이름 마이클 웨스턴이야",9
"집에 도둑이 들었어요",9
"뭔 일이 벌어지고",9
"은행에 돈",9
"난 이제 거기",9
"뭔 일입니까",9
"집에 돌아오게",9
"뭔 죄야",9
"뭔 줄 아나",9
"뭔 줄 알고",9
"집에 두고 왔어요",9
"난 이제 내가",9
"난 이제 네가",9
"으르렁거리는 소리가",9
"집에 들어가고",9
"집에 들어가요",9
"집에 들어갔어요",9
"집에 들어오고",9
"경찰이 왔을 때",9
"집에 들어올 수",9
"집에 들이는",9
"뭔 헛소리를",9
"각자 흩어져서",9
"집에 또 누가",9
"따르지 않습니다",9
"집에 몇",9
"뭔가 감추는",9
"뭔가 거대한",9
"감정도 없고",9
"뭔가 계획하고",9
"집에 보내줄게",9
"집에 보냈어요",9
"혹시 다시",9
"혹시 다음",9
"난 이틀",9
"걷지 못하게",9
"난 이해 안",9
"집에 안 가는",9
"뭔가 낌새가",9
"난 이해할 수 있어",9
"뭔가 내가",9
"집에 오는 거야",9
"뭔가 놓치고 있어",9
"아는 것 같네",9
"집에 오래",9
"난 인간들이 싫어",9
"집에 온 거",9
"뭔가 다른 것",9
"뭔가 다른 일을",9
"집에 온걸",9
"난 인도",9
"하지만 일부러",9
"뭔가 다를",9
"and time",9
"집에 올래",9
"경찰이 집에",9
"아는 것도 없고",9
"집에 와서 같이",9
"하지만 있을",9
"no time to",9
"집에 왔을때",9
"감정에 대해서",9
"하지만 자네와",9
"난 일도",9
"뭔가 떠오를",9
"은호부의 웃음",9
"in history",9
"뭔가 마음에 안",9
"난 일이 있어서",9
"집에 있었거든요",9
"뭔가 말하고 싶은",9
"집에 있었구나",9
"person in the",9
"I borrow",9
"집에 있었잖아",9
"뭔가 맘에",9
"집에 있을까",9
"집에 있잖아요",9
"을 막을",9
"집에 쳐들어가서",9
"하지만 저는 제",9
"뭔가 변했어",9
"집에 큰",9
"난 임신한",9
"집에 항상",9
"간 거 기억나",9
"뭔가 보이는 것",9
"별로 아는",9
"뭔가 본 것",9
"을 얻기",9
"난 있는",9
"뭔가 부족한",9
"집에서 TV",9
"집에서 가까운",9
"뭔가 분위기가",9
"별로 신경을",9
"뭔가 불길해",9
"난 있잖아",9
"Because you can''t",9
"난 잊을",9
"간 거 아니었어요",9
"하지만 전체",9
"집에서 나가지",9
"내 이름의",9
"간 거 아니에요",9
"뭔가 생각나면",9
"내 이름이 뭐야",9
"집에서 당신",9
"집에서 당장 꺼져",9
"따위 알",9
"nobody else but you",9
"집에서 매일",9
"집에서 먹을",9
"집에서 멀리 떨어져",9
"집에서 몰래",9
"난 자네 같은",9
"별로 안 좋았어요",9
"집에서 뭔가",9
"하지만 조건이 있어요",9
"nobody knows",9
"뭔가 숨기는 게 있어",9
"뭔가 실수를",9
"집에서 쉬어",9
"집에서 애를",9
"집에서 왜",9
"집에서 이런",9
"집에서 일어나는",9
"집에서 일",9
"뭔가 안좋은",9
"집에서 잤어",9
"난 자살",9
"집에서 지내면",9
"경찰입니다 무슨",9
"집에서 지낼 수",9
"음 소거",9
"뭔가 알아낼 수 있을",9
"하지만 지금 그",9
"하지만 지금 우리가",9
"뭔가 얻을",9
"그만 간다",9
"음 어",9
"집으로 가는 거예요",9
"하지만 지금은 더",9
"따위는 없다고",9
"뭔가 의미가 있는",9
"뭔가 의심스러운",9
"난 잘 거야",9
"무슨 헛소리를 하는",9
"집으로 데려갈 거야",9
"걸 가르치고",9
"난 잘 모르겠지만",9
"뭔가 이상한 점은",9
"집으로 데려오기 위해",9
"집으로 데려와서",9
"하지만 질",9
"뭔가 이상합니다",9
"집으로 돌려보내",9
"하지만 차가",9
"집으로 돌아가다",9
"난 잘 지내고 있어",9
"뭔가 일어나고 있어",9
"하지만 찾아낼",9
"뭔가 일어날",9
"내 인간",9
"집으로 돌아오다",9
"집으로 돌아오렴",9
"집으로 돌아왔을 때",9
"and wait for",9
"뭔가 있는거 같아",9
"집으로 들어갈",9
"따윈 못",9
"난 잘생긴",9
"음모를 꾸몄다는",9
"집으로 보내줘요",9
"집으로 온",9
"뭔가 있어 너한테",9
"난 잠을 잘",9
"난 잠자리 천재",9
"경치가 참",9
"음성 기록을",9
"집은 아직",9
"난 장",9
"내 인생 전부를",9
"하지만 피해자",9
"뭔가 잘못됐나요",9
"난 재닛이에요",9
"하지만 하루",9
"집을 구해서",9
"뭔가 잘못되었다는",9
"집을 나가면",9
"뭔가 잘못되었어",9
"집을 나갈",9
"걸 가져갔어요",9
"무슨 훈련",9
"하지만 한 번만",9
"집을 떠나고",9
"집을 떠나서",9
"경향이 있고",9
"집을 버리고",9
"뭔가 좀 이상해요",9
"하지만 지금껏",9
"집을 비워",9
"집을 비워서",9
"하지만 해야만",9
"바뀌지 않습니다",9
"집을 수색하기",9
"하지만 현장에서",9
"난 저녁에",9
"따지러 온",9
"하지만 혼자서",9
"음식 먹으면",9
"내가 쓸데없는",9
"집을 찾았어",9
"집을 찾은",9
"집을 태워",9
"혼나 볼래",9
"아는 사람도 없는데",9
"phone ringing",9
"하진 않겠지만",9
"뭔가 하고 싶어",9
"집이 어떤",9
"뭔가 하고 있어",9
"하진 않겠습니다",9
"하진 않았잖아요",9
"뭔가 할 수 있게",9
"집이 좋네",9
"난 전쟁에",9
"음식과 술을",9
"하찮은 것",9
"뭔가 해봐",9
"집인 것",9
"하쿠무 마을을",9
"혹은 이",9
"부부 집에",9
"집중 치료를",9
"집중 해",9
"하퍼 디어링이",9
"뭔가가 있나",9
"혼란을 주려고",9
"하프 타임",9
"골이 빠개질 거 같아",9
"not about",9
"뭔가가 잘못됐어",9
"난 절대 멈추지",9
"뭔가가 제",9
"집중해서 잘",9
"집중해야 하니까",9
"경험은 없지만",9
"골짜기로 다닐지라도",9
"하필이면 오늘",9
"뭔가를 갖고",9
"혼을 보여주겠다",9
"경험을 많이",9
"뭔가를 두고",9
"학교 간",9
"뭔가를 말하고",9
"짓 같은",9
"학교 그만",9
"학교 근처에",9
"뭔가를 보여주고",9
"딱 들어도",9
"딱 들어",9
"짓 안 했는데",9
"난 정말 나쁜",9
"뭔가를 숨기고 있다는",9
"난 정말 많은",9
"짓 하기엔",9
"뭔가를 알고 있는",9
"뭔가를 알고 있어",9
"뭔가를 알아낼",9
"중 하나 가장",9
"뭔가를 이루고",9
"학교 다시",9
"학교 대표로",9
"경험을 했죠",9
"not allowed",9
"난 정말 운이",9
"내가 아는 애가",9
"난 정말 이해가",9
"아는 사람이고",9
"아는 사실이지만",9
"난 정말 이해가 안",9
"짓까지 할 수",9
"뭔가를 하게",9
"학교 신문에",9
"뭔가를 하면",9
"뭔가를 했다",9
"내 인생이 끝난",9
"혼자 간",9
"뭔가에 의해",9
"뭔가있는 것처럼",9
"뭔갈 알고",9
"뭔데 그게",9
"혼자 감당하지",9
"학교 친구들은",9
"그만 돌아와",9
"짓을 그대로",9
"잘 찍었어",9
"아는 얘기를",9
"짓을 벌이고",9
"짓을 벌일",9
"간 모든",9
"경험이 있습니다",9
"짓을 저지르다니",9
"골탕 먹이기",9
"학교로 돌아가는",9
"뭔지 말을",9
"내가 아니거든",9
"뭔지 말해줄",9
"짓을 하는지는",9
"짓을 하던",9
"뭔지 모르겠습니다",9
"짓을 하려",9
"난 좀비",9
"짓을 한 건지 알기나",9
"짓을 한 걸까요",9
"경험한 걸",9
"난 좁은",9
"그만 두자",9
"경험한 것",9
"경험한 바로는",9
"짓을 할 거라고",9
"난 좋다고",9
"난 좋아하는",9
"짓을 할지 모르잖아",9
"골프 쳐요",9
"학교에 소문",9
"학교에 들어갈",9
"난 좋은 아빠가",9
"짓을 했길래요",9
"짓을 했는지 다",9
"짓을 했는지 모르겠어",9
"뭔지 알겠나",9
"짓을 했다간",9
"짓을 했어도",9
"중 하나야 그",9
"짓을 했을 거야",9
"학교에서 말이야",9
"경호원 없이",9
"짓이 아녜요",9
"뭔지 알아내야 해요",9
"부분이 뭔지",9
"병들게 하고",9
"간 이식 수술을",9
"짓이든 다",9
"짓이라고 생각하지",9
"짓이라고 생각했어",9
"뭔지 알지도",9
"짓이라도 하면",9
"난 죽어가고 있어요",9
"학교에서 일어난",9
"뭔지 이",9
"짓이야 너",9
"짓이야 네",9
"난 죽어버릴 거야",9
"짓이야 우리",9
"딱 열",9
"뭔지 저도",9
"학기 때",9
"And tell",9
"짓인지 알",9
"짓인지 알고",9
"학년 때까지",9
"짓인지는 몰라도",9
"짓일 겁니다",9
"학년 A반",9
"난 죽을 거예요",9
"하네 제가",9
"난 죽을거야",9
"짙은 회색",9
"학생 비자로",9
"짚고 넘어갈 게",9
"짚고 넘어가지",9
"골프 클럽을",9
"뭔지도 몰랐어요",9
"뭔진 나도",9
"짜고 친",9
"짜고 한",9
"짜야 할",9
"난 준비가 끝났어",9
"곁에 두려고",9
"병에 대한",9
"뭘 가지러",9
"짜증 섞인 숨을",9
"곁에 머물러",9
"짜증나는 건",9
"부상을 입었을",9
"뭘 고민해",9
"난 중간에",9
"짝이 없어요",9
"짝이 없지",9
"짝이 없죠",9
"곁에 안",9
"뭘 그렇게 놀라요",9
"뭘 그렇게 봐요",9
"간 적이 있는데",9
"난 중학교",9
"곁에 앉아",9
"짧게 말하면",9
"짧았던 것",9
"뭘 그린",9
"딱 질색이니까",9
"한 가족입니다",9
"병원 내",9
"간 적이 있어요",9
"닉 그",9
"한 가지 말해",9
"쩝 내며",9
"내가 아닌 걸",9
"병원 안내",9
"뭘 꼬나봐",9
"쪽 상황은",9
"쪽 일",9
"난 지금이 좋아",9
"쪽에서 연락이",9
"곁에 있기",9
"쪽으로 가고 있다",9
"쪽으로 가고 있어요",9
"쪽으로 가서",9
"DNA가 있어요",9
"난 지는",9
"not doing it",9
"한 가지 질문을",9
"쪽은 안",9
"곁에 있는 것",9
"쪽이든 우리는",9
"뭘 드릴까",9
"쫄지 말고",9
"뭘 드시겠습니까",9
"뭘 드실",9
"병원에 가 봐야",9
"난 직장도",9
"난 직장이",9
"쫑알 쫑알 쫑알",9
"쫓겨날 수도",9
"쫓고 있다고요",9
"쫓고 있었던",9
"뭘 만들지",9
"난 진심이에요",9
"난 진심이었어",9
"쫓는 데",9
"한 거 기억 안",9
"곁에 있어야지",9
"뭘 먹어도",9
"쫓아올 수",9
"난 집에 가야 해",9
"쭉 가다가",9
"병원에 계셔",9
"곁에 있어줄게",9
"한 가지 방법이야",9
"난 집에 못",9
"쭉 들이켜요",9
"뭘 모른다는",9
"곁에 있어줘야",9
"쭉 펴",9
"뭘 물어보는",9
"하누만 신에게 영광을",9
"딱 한 장만",9
"쯤 되는",9
"뭘 물어봐요",9
"병원에 데려가요",9
"뭘 믿고 그렇게",9
"잘 표현할",9
"곁에 있었죠",9
"한 거야 왜",9
"곁에 있었지",9
"한 거야 정말",9
"뭘 받아",9
"찍고 있다",9
"혼자 있고 싶대",9
"뭘 배워",9
"간다 그렇게",9
"뭘 보고 있니",9
"뭘 보고 있지",9
"찍어야 하는데",9
"난 책임이",9
"한 건 너였잖아",9
"뭘 보라고",9
"뭘 보란",9
"한 건 당신",9
"찍은 것도",9
"찍은 그",9
"간다 나도",9
"응 항상",9
"뭘 본 거죠",9
"찍은 이",9
"찍을 때는",9
"뭘 봤건",9
"찍지 말아요",9
"not for me",9
"찍힌 사진이야",9
"찍힐 거야",9
"뭘 사려고",9
"중간에 안",9
"혼자 있을 수 있는",9
"닐 마스켈",9
"찔린 채",9
"난 총도",9
"응급실에 가야",9
"뭘 설명해",9
"뭘 숨겨야",9
"곁에서 내",9
"난 최고야",9
"차 가져왔어요",9
"뭘 숨기는 거죠",9
"in my life 내",9
"차 고치는",9
"뭘 숨기려는",9
"난 최선을 다하고 있어",9
"차 끓여",9
"그만 앉아",9
"차 대전 중 가장",9
"차 대전은",9
"한 걸음 앞으로",9
"딴 건 몰라도",9
"뭘 쓰는데",9
"뭘 쓰는지",9
"차 뒷좌석에서",9
"뭘 쓴",9
"차 들어오는",9
"차 리모컨",9
"감정이 없다는",9
"차 마시면서",9
"뭘 아는지 알아봐",9
"부순 것",9
"차 부검을",9
"그만 우리",9
"혼자 처리할",9
"딴 남자한테",9
"차 세계 대전 이후",9
"차 세계 대전에서",9
"차 세계 대전의",9
"혼자 하기",9
"차 세계대전을",9
"차 세우는",9
"차 세워봐",9
"아니 땐",9
"난 카터야",9
"응원하는 거야",9
"차 아래에",9
"곁을 지켰죠",9
"차 안에서요",9
"차 어디서",9
"난 커피를",9
"곳 마다",9
"부숴야 해",9
"차 열쇠도",9
"뭘 어쩌든",9
"간다 여기",9
"계급장 떼고",9
"딴 데 가서 해",9
"뭘 어쩔거냐고 개새끼들아",9
"난 큰일",9
"한 게 아니고",9
"차 주인은",9
"의 공격력은",9
"난 클럽",9
"뭘 얻지",9
"둘이나 더",9
"중국어 할",9
"한 게 아닌",9
"뭘 원하고",9
"차 타면",9
"계단 내려오는",9
"다 가리고",9
"차 한대",9
"간다 이런",9
"차 해발",9
"무언가를 위해",9
"Not just",9
"뭘 원하시는 거죠",9
"차가 발견됐어요",9
"차가 서",9
"Make the",9
"뭘 위해 싸우는",9
"난 특별해",9
"내 자켓",9
"병은 다",9
"I called you",9
"뭘 입고 있지",9
"의 일부가",9
"난 팀",9
"뭘 입을",9
"차고에서 말이야",9
"난 파리",9
"차근차근 말해",9
"그만 정신",9
"차나 한",9
"차나 한 잔",9
"곳 아닌가요",9
"혼자가 좋아",9
"한 그 사람",9
"곳 아무",9
"뭘 저렇게",9
"아니 아빠가",9
"차는 정비소에",9
"차는 필요",9
"난 편히",9
"난 평범하게",9
"한 그릇에",9
"차대전 때",9
"내 잘못은 아니야",9
"차도 있어",9
"하는 거 있어",9
"계단을 오르고",9
"뭘 좋아했는지",9
"차라리 당신이",9
"계단을 이용해",9
"의견 때문에",9
"의견 없어",9
"뭘 준비했어",9
"뭘 준비했는지",9
"뭘 줄 수 있지",9
"차라리 죽여",9
"난 포르노",9
"보 랜돌프의",9
"뭘 증명할",9
"부에나 부에나 메디시나",9
"차량 통행을",9
"차량 통행이",9
"뭘 찾고 있어",9
"뭘 찾고 있었던",9
"뭘 찾고 있지",9
"to let you know",9
"곳 없이",9
"차려 넌",9
"한 놈도 남김없이",9
"난 프레쉬 오프",9
"난 프레쉬 오프 더",9
"뭘 찾든",9
"뭘 찾아냈지",9
"그만 좀 하고",9
"Got to be true",9
"차례가 오면",9
"not having",9
"차례야 어서",9
"차례예요 난",9
"난 피자",9
"계산 중이야",9
"차로 돌아가세요",9
"차로 칠",9
"차를 끓여",9
"차를 멈춰",9
"차를 몇",9
"한 달 간",9
"뭘 하고 싶은데요",9
"차를 보면",9
"뭘 하고 있는 거죠",9
"차를 세웠을",9
"한 대 맞기",9
"차를 조르르 따른다",9
"차를 조르르",9
"뭘 하고 있을까요",9
"뭘 하고있는지",9
"혼쭐을 내줘",9
"뭘 하는 거요",9
"홀든 콜필드는",9
"차린 거야",9
"난 한참을 머뭇거리고",9
"홀딱 반했다",9
"보게 만들고",9
"차릴 필요",9
"차마 말",9
"의도는 아니었습니다",9
"의도를 가진",9
"차에 GPS",9
"계산해 보니",9
"난 할 수 있다고",9
"차에 넣어",9
"차에 들어가서",9
"뭘 하라는 거죠",9
"한 마디에",9
"부인 그렇게",9
"차에 치였어",9
"차에 키를",9
"간다고 했거든",9
"보게 해주지",9
"한 마디만 하면",9
"한 마리라도",9
"차에 타야",9
"딸 한",9
"차에 태우는",9
"차에 태울",9
"차에 폭탄을",9
"차에 혼자",9
"난 항상 그래",9
"한 말 기억하지",9
"난 항상 그렇게",9
"뭘 하자고",9
"차에서 봐",9
"간다고 했을",9
"한 말 아냐",9
"보고 c",9
"뭘 한 건지",9
"혼잣말을 하고",9
"보고 가는",9
"not kidding",9
"난 항상 우리가",9
"내 저",9
"차원을 복구할",9
"뭘 할 것",9
"차이 없어",9
"한 말을 다시",9
"차이가 뭔데",9
"차이가 크죠",9
"그만 퇴근합시다",9
"의료 장비를",9
"홈즈 씨는",9
"not let",9
"차이점이 뭔지",9
"뭘 할지 알아요",9
"의료 행위를",9
"난 해야만",9
"의뢰인의 혐의를",9
"계세요 안녕히 계세요",9
"한 맹세를",9
"난 했어",9
"계세요 어디",9
"차질이 생겼어요",9
"하는 거예요 그래서",9
"그만 포기해요",9
"뭘 해야 하는 거죠",9
"부인 몰래",9
"not letting you",9
"계세요 왜",9
"착각하지 마요",9
"뭘 해야 할지 알",9
"뭘 해야 할지 알겠어",9
"아니겠지만 내가",9
"착륙 지점에",9
"한 명 있었어요",9
"착륙시킬 수",9
"난 현재",9
"한 명만 있으면",9
"홍주가 흐느낀다",9
"난 형부를",9
"보고 된",9
"착하게 굴라고",9
"착하고 순수한",9
"난 호텔",9
"딸에게 무슨 일이",9
"의문을 갖고",9
"부인 앞으로",9
"봐서 내가",9
"난 혼자 일해",9
"착한 사람이고",9
"내 전부였어",9
"착한 사마리아인",9
"착한 소녀가",9
"그만 하시오",9
"간단하게 말하면",9
"착한 애고",9
"뭘로 하실래요",9
"착한 여자가",9
"다 거기로",9
"찬 거예요",9
"찬 거지",9
"뭣 좀 물어봐도",9
"찬 비명",9
"뭣도 모르면서",9
"계셔서 정말",9
"뭣들 하고 있는 거야",9
"찬바람 우리를",9
"찬바람 우리를 아려온대도",9
"찬성 못",9
"뭣들 해요",9
"간단하지 않습니다",9
"난 회의에",9
"찰리 팀",9
"찰리를 위해",9
"의미가 담긴",9
"한 모금이면",9
"미 육군의",9
"미 정부의",9
"미 해군 전함",9
"미 해군이",9
"참 고맙기도",9
"미결 사건",9
"한 무대에",9
"한 무더기의",9
"미국 갈",9
"내 전화나",9
"계속 가 잔교",9
"참 다행이다",9
"참 다행이지",9
"계속 가 잔교 끝까지",9
"가끔은 날",9
"참 대단하다",9
"미국 내의",9
"미국 네이비",9
"미국 놈들",9
"미국 달러로",9
"난 힘들게",9
"참 많을",9
"참 맛있네요",9
"한 박자",9
"미국 법무부",9
"참 신기해",9
"간단한 것부터",9
"참 아름다워",9
"그만두고 싶은",9
"간단한 대답은",9
"계속 가야해",9
"난다는 걸",9
"미국 영화를",9
"미국 우편",9
"참 웃긴",9
"참 위안이",9
"미국 전역",9
"미국 전역을",9
"참 잘됐구나",9
"You see him",9
"한 방에 한",9
"참 재밌게",9
"참 재밌다",9
"의미를 찾으려고",9
"참 좋겠지만",9
"미국 해안",9
"미국과 유럽",9
"미국과 함께",9
"무엇을 어떻게",9
"참 좋은 사람이에요",9
"참 좋은 친구야",9
"의미에서 우리",9
"난리 쳐서",9
"미국에 가면",9
"saying it because",9
"참 크네요",9
"참 큰",9
"가끔은 당신이",9
"참 힘들지",9
"참가 안",9
"미국에 왔을",9
"미국에 해를",9
"의사 결정을",9
"참고 또",9
"내 정신은 대체",9
"난리가 났네",9
"딸을 죽게",9
"참고로 말하면",9
"참고로 이",9
"참고할 만한",9
"참나무방패 소린이",9
"난리가 났지",9
"참는 신음",9
"계속 거짓말한",9
"미국은 더",9
"참석할 것이다",9
"I don''t want a",9
"any day",9
"미국의 새로운",9
"참여하는 건",9
"걸 근데",9
"참여하지 않은",9
"부인을 죽이고",9
"참으로 좋은 사람이니까",9
"한 번 시작하면",9
"참을 만큼 참았어요",9
"참을 수 없는 건",9
"난생 처음 보는",9
"간단한 질문이에요",9
"그만둔 것",9
"한 번 있어",9
"감추는 건",9
"참을성 있는",9
"난임 치료",9
"참조할 수",9
"미군 드론",9
"난장판 속에서",9
"화나게 했다면",9
"미끼가 될",9
"잘됐군요 그럼",9
"창''이란 걸",9
"창가 쪽",9
"한 번 해보자고",9
"한 번 해봤어요",9
"의사가 되기",9
"보고 싶으면 봐",9
"미끼를 던지고",9
"간단해 네가",9
"미끼를 물었어요",9
"간단해 내가",9
"난처하게 하지",9
"난처하게 할",9
"any idea how",9
"미남 씨",9
"간단해 보이지만",9
"간단히 말씀드리면",9
"계속 그것만",9
"미녀와 야수",9
"미는 거",9
"미는 건",9
"창문에서 떨어져요",9
"You see what",9
"창문을 뚫고",9
"화난 거 있어",9
"창문이 있는",9
"창밖을 봤는데",9
"창이 있는",9
"계속 그러는",9
"날 가져요",9
"창조주의 뜻을",9
"미란 씨",9
"창피를 줄 수도",9
"의사는 왜",9
"창피하지도 않아",9
"창피한 일이",9
"미래 같은",9
"미래가 기다리고",9
"날 감싸",9
"찾게 될지도",9
"의사를 불러요",9
"계속 그럴 수",9
"미래가 안",9
"의사소통을 할",9
"찾고 싶은 건",9
"계속 그렇게 말해",9
"찾고 싶지 않아요",9
"간드러진 신음",9
"날 갖고 놀아",9
"내 조카와",9
"찾고 있고요",9
"날 갖고 놀지",9
"찾고 있긴",9
"찾고 있네요",9
"화날 만도",9
"보고 알",9
"딸이 어디 있는지",9
"의사소통이 안",9
"미래는 확실히",9
"날 거기까지",9
"미래로 갈",9
"중에서 넌",9
"미래로 나아갈",9
"미래로 돌아갈",9
"곳에 오래",9
"의상 중",9
"날 거부하는",9
"미래를 바꾸고",9
"날 거부했어",9
"미래를 본다는",9
"날 거의 죽일 뻔",9
"미래를 봤어",9
"미래를 생각하면",9
"날 거쳐야",9
"찾고 있지 않았다",9
"찾기 시작했어요",9
"찾기 어렵죠",9
"찾기 위해서 말이야",9
"찾기 위해선",9
"찾기 위해서죠",9
"찾기 전엔 안",9
"play a",9
"찾기가 어렵지",9
"계속 꿈을 꾼다면",9
"찾는 거 있어",9
"날 겁쟁이라고",9
"곳에 이렇게",9
"미래의 모든",9
"찾는 걸 도와줬어",9
"간섭하는 건",9
"날 게",9
"찾는 것 좀 도와줘",9
"내 주고",9
"찾는 것뿐이야",9
"미련을 못",9
"찾는 게 뭐야",9
"찾는 게 쉽지",9
"찾는 게 좋을 거야",9
"찾는 게 제",9
"미루는 건",9
"한 빙",9
"any of it",9
"찾는 사람이야",9
"찾는 여자가",9
"날 고용할",9
"의식이 돌아오지",9
"찾는 자가",9
"딸이 좋아하는",9
"계속 나와요",9
"미리 막을",9
"미리 말씀드렸어야",9
"찾는진 몰라도",9
"찾다 보면",9
"날 공격하다니",9
"찾던 거",9
"아니다 그의",9
"찾던 사람이",9
"찾도록 도와줄",9
"미리 말해야",9
"한 사람이 모든",9
"계속 너",9
"미리 손을",9
"찾아 당장",9
"찾아 떠날",9
"간수 못",9
"중요하기 때문에",9
"미리 알려줄",9
"딸이라는 걸",9
"찾아 볼께요",9
"의심도 하지",9
"찾아 아",9
"화려함조차도 影をひそめ交わる 그림자를",9
"찾아 여긴",9
"미리 언급하지",9
"미리 언급하지 않은",9
"미리 언급하지 않은 내용은",9
"한 생각이",9
"찾아 주면",9
"의심스러운 일이",9
"미리 정해진",9
"찾아 헤맸죠",9
"any of you",9
"찾아가는 건",9
"찾아가는 거야",9
"화를 내는데",9
"찾아갈 테니까",9
"하는 건 좋은",9
"미사키 씨랑",9
"계속 노력했어요",9
"and child",9
"그게 뭐 그리",9
"계속 놀아",9
"찾아내지 못할",9
"한 순간을",9
"찾아낼 수 있다면",9
"찾아낼 수 있어요",9
"찾아냈어 그리고",9
"미소 짓게",9
"찾아냈을 때",9
"찾아보고 있는데",9
"찾아보는 거야",9
"찾아보자 네",9
"찾아보지 그래",9
"의심하는 사람이",9
"미순의 웃음",9
"미슈나 NASA",9
"미슈나 NASA 제트추진",9
"찾아봐야 하지",9
"찾아봐요 난",9
"다 그렇진 않아",9
"날 그들은",9
"화를 잘 내는",9
"찾아서 당장",9
"간신히 살아",9
"찾아서 데려올",9
"의심하지 않을 거야",9
"땀도 안",9
"찾아서 직접",9
"찾아서 집으로",9
"미스 페레그린은",9
"미스 페레그린을",9
"찾아야 하는지도",9
"부정 압력",9
"찾아야 할 건",9
"찾아야 할 것 같아",9
"간신히 할 수",9
"한 쌍이죠",9
"보고도 없이",9
"날 그리워",9
"미스터 윅",9
"날 기다려주는",9
"그만하고 이리",9
"날 기다리고 있는",9
"찾아야 했습니다",9
"미스티 나이트",9
"미스틱 폭포는",9
"걸 깨닫게 될 거야",9
"찾아오신 거",9
"미시간 주의",9
"중요한 거 같아요",9
"내 지시에 따라",9
"한 여기서",9
"계속 돌아가고",9
"날 기억하니",9
"미안 그래서",9
"부정적인 일이",9
"부정하는 건",9
"찾아줄 거예요",9
"미안 내가 좀",9
"찾았나 보군",9
"간에 기별도 안",9
"한 우리의",9
"화상 채팅을",9
"미안 어",9
"찾았어 근데",9
"계속 들어야",9
"찾았어 다른",9
"찾았어 뭘",9
"날 꿈처럼 그대",9
"보고서를 제출할",9
"의자 여우원숭이",9
"날 꿈처럼 그대 다가와",9
"계속 들을",9
"미안 잠깐만",9
"찾았어요 그래",9
"화살을 쏜",9
"화성 임무",9
"찾았어요 이름은",9
"찾았어요 이제",9
"한 일이니",9
"찾았어요 좋아요",9
"찾았어요 좋아",9
"날 나도",9
"한 일이죠",9
"의자에 묶인",9
"찾았잖아 왜",9
"미안하긴 한데",9
"미안하네 괜찮아요",9
"한 입 먹고",9
"please deal",9
"찾으러 갑니다",9
"날 납치하려",9
"부족하다는 거야",9
"의자에 앉지",9
"찾으러 다닐",9
"보고할 만한",9
"미안하다 그리고",9
"미안하다 나",9
"날 납치했어요",9
"미안하다 아빠",9
"찾으려 했어요",9
"찾으려고 애쓰고",9
"찾으려고 이",9
"계속 마셔",9
"찾으려다 살인범이 된",9
"찾으려다 살인범이 된 주인공에게",9
"찾으면 될",9
"찾으면 됩니다",9
"미안하다고 전해주세요",9
"한 잔 마실래",9
"찾으면 알게",9
"미안하다고 해요",9
"찾으면 우리",9
"찾으면 이제",9
"날 너희",9
"찾으시는 것",9
"찾으시는 게 있나요",9
"중요한 걸 잊고",9
"계속 말도",9
"미안하지도 않아",9
"찾은 거고",9
"찾은 거라고",9
"계속 말이",9
"찾은 것이",9
"의하면 그들은",9
"간에 이제",9
"걸 깨달았어 그래서",9
"의하면 나는",9
"중요한 것들은",9
"미안하지만 무슨 말인지",9
"화장 고치고",9
"관심이 없는 것",9
"찾을 거야 나는",9
"찾을 거야 넌",9
"찾을 거야 네",9
"찾을 거야 우리가",9
"You should come",9
"찾을 길이",9
"미안하지만 이미",9
"의한 것",9
"계속 말해봐요",9
"날 누군가",9
"찾을 수 없었습니다",9
"찾을 수 있기를",9
"한 장요",9
"찾을 수 있나요",9
"찾을 수 있는데",9
"가요 진짜",9
"미안한데 당신",9
"찾을 수 있을 거다",9
"찾을 수 있을 거",9
"날 당신의",9
"미안한데 어떻게",9
"계속 머물",9
"찾을 수나",9
"보글보글 끓는다",9
"중요한 건가",9
"날 더 나은",9
"한 적이 없는",9
"한 적이 없어서",9
"be fixed",9
"한 적이 있나",9
"보기 시작했죠",9
"not what I",9
"미안합니다 내",9
"미안합니다 내가",9
"미안합니다 정말",9
"That''s why we",9
"아니라 방금",9
"미안해 같이",9
"한 점이",9
"채 내",9
"채 너를",9
"미안해 괜히",9
"의향이 있는",9
"내 집에 있어",9
"잘리는 거야",9
"채 안 됐어요",9
"채경의 다급한",9
"채경의 옅은",9
"한 주도",9
"계속 물어보고",9
"not with",9
"채널 좀",9
"미안해 나중에",9
"한 주였지",9
"이 PD님",9
"채로 발견되다",9
"간장 공장 공장장은",9
"채로 있는",9
"한 줄은",9
"한 줄을",9
"화장실 창문으로",9
"미안해 너희",9
"날 도와주기로",9
"날 도와주러 온",9
"채울 거예요",9
"채울 수 있어요",9
"채워 줘요",9
"한 지붕 아래에서",9
"채워져 있어",9
"한 직원이",9
"채택될 수 있습니다",9
"책 가지고",9
"미안해 멍청한",9
"미안해 무슨 일",9
"미안해 무슨 일 있어",9
"책 살",9
"미안해 뭐라고",9
"계속 받고",9
"미안해 미안하다",9
"날 도와줘야 해요",9
"날 도와줘야겠어",9
"한 짓을 봤어",9
"아니라 아무",9
"책 전체를",9
"책 좀 읽어",9
"날 도와줬지",9
"때 가장 중요한 건",9
"날 도우려",9
"책도 좀",9
"책상 뒤에서",9
"날 도울 수 없어",9
"책상 안에",9
"미안해 어서",9
"무적도 될 수 있어",9
"미안해 어쨌든",9
"책에 나와",9
"미안해 오늘은",9
"간절히 원해",9
"책은 뭐야",9
"Maybe they",9
"계속 보내",9
"책을 보면",9
"화장실을 찾고 있었어요",9
"책을 쓸 수",9
"미안해 이리 와",9
"내 짓이 아니야",9
"미안해 이번",9
"의회를 위해",9
"책을 읽어야",9
"책을 읽었지",9
"책을 찾아서",9
"미안해 전화",9
"날 두려워",9
"이 거울",9
"날 들여보내 줘",9
"미안해 하지마",9
"날 따뜻하게",9
"미안해 할 필요",9
"책임을 져야 한다고",9
"책임을 져야 합니다",9
"책임을 져야 해요",9
"책임을 진",9
"그만해 아",9
"책임이 아니라는",9
"미안해요 그래서",9
"미안해요 그래요",9
"미안해요 그러니까",9
"책임이 있는 사람",9
"책임이 있다고요",9
"그만해 안 돼",9
"때 그 사람",9
"책임자와 얘기하고",9
"책임지고 있죠",9
"날 때는",9
"미안해요 당신과",9
"책임질 줄",9
"날 때렸잖아",9
"이 건에 대해서",9
"미안해요 뭐라고요",9
"날 때릴 거야",9
"미안해요 뭘",9
"미안해요 미안할",9
"챙겨 가야지",9
"챙겨 가요",9
"미안해요 미안해요 미안해요",9
"미안해요 사과는",9
"한 해가 될",9
"미안해요 아까",9
"부탁 하나만 해도 돼요",9
"챙겨 입고",9
"챙겨 입어",9
"미안해요 아니야",9
"날 떠나야",9
"챙겨 줘서",9
"간직할 수 있는",9
"가지고 있을거야",9
"날 떠나지 않을",9
"미안해요 얼마나",9
"미안해요 여기서",9
"계속 살펴봐",9
"챙긴 거야",9
"챙길 수 있어",9
"챙길 줄",9
"챠란코 선수",9
"미안해요 일이",9
"계속 생각",9
"처럼 나도",9
"때 그도",9
"부탁드립니다 감사합니다",9
"처리 될",9
"처리 중인데",9
"처리 해야",9
"부탁드립니다 잘 부탁드립니다",9
"가는 거 같아",9
"처리하고 나서",9
"간호사 말로는",9
"처리하기 전에",9
"때 그랬지",9
"때 그랬죠",9
"처리할 거니까",9
"한거야 내가",9
"처리할 게 있어",9
"한가지 방법이",9
"처리할 서류가",9
"처리할 수 있겠어",9
"계속 서로",9
"이 고기",9
"Maybe we can",9
"간호사 한",9
"처리해야 했어",9
"때 그만",9
"날 만났을",9
"미진한 부분을",9
"미처 깨닫지",9
"미처 몰랐던",9
"계속 수사",9
"처벌을 원하지",9
"계속 술",9
"내 책상으로",9
"날 만지는",9
"날 만질",9
"걸 내가 어떻게 알아",9
"처음 내게",9
"처음 데려왔을",9
"미쳐 진짜",9
"이 곳에 있는",9
"보내고 와",9
"nothing you",9
"보내고 있네",9
"이 공연은",9
"처음 만났을 때 내가",9
"계속 시간을",9
"Maybe you can",9
"처음 말했을",9
"미쳤다고 생각하겠지",9
"이 공원을",9
"아니라고 생각하는 거야",9
"계속 시청할까요",9
"미쳤다고 했을",9
"처음 보는군요",9
"미쳤다고 했죠",9
"처음 본 거",9
"미쳤어 그래",9
"미쳤어 우린",9
"아니라고 안",9
"날 모욕하려고",9
"이 광고",9
"날 모욕하지 마",9
"처음 부터",9
"처음 산",9
"처음 술",9
"날 모함한",9
"날 목",9
"처음 여기 왔을 땐",9
"이 괴상한",9
"이 괴짜야",9
"계속 쌓아",9
"처음 와 봐요",9
"처음 왔을 때부터",9
"고통을 안",9
"그만해요 그만",9
"처음 일",9
"이 교회가",9
"내 첫사랑은",9
"이 구멍에",9
"and corrected",9
"날 못 믿는구나",9
"처음도 아니잖아요",9
"처음도 아니지",9
"처음부터 그걸",9
"한다 전하",9
"미치지 않습니다",9
"미치지 않았다고",9
"날 못 볼 거야",9
"이 군대를",9
"미치지 않았어 난",9
"갑니다 좋아요",9
"처음부터 시작하죠",9
"처음부터 없었던",9
"처음부터 없었어",9
"Ah font",9
"계속 알고",9
"이 그리스",9
"보내는 시간을",9
"처음부터 쭉",9
"처음에 말한",9
"가는 거 알고",9
"이 그림들을",9
"계속 압박해",9
"한다고 늘",9
"처음으로 우리가",9
"처음으로 우리",9
"미친 세상",9
"한다고 생각하는 거",9
"하는 게 좋은",9
"처음이 아니군요",9
"처음이 아니라",9
"처음이 아니었어",9
"처음이 아닌",9
"이 근처일",9
"처음이 제일",9
"갇혀 있었죠",9
"처음인 것 같아",9
"미친 여자예요",9
"그만해요 지금",9
"처지가 아니야",9
"처하게 된",9
"부탁이야 알았어요",9
"미친 짓 하는",9
"미친 짓으로",9
"중요한 질문이 있어",9
"미친 짓이라는",9
"이 기쁨을",9
"처형될 거야",9
"결혼 발표를",9
"한다고 했고",9
"날 믿기",9
"날 믿기만",9
"척 노리스",9
"갇혀 있잖아",9
"그게 사실이냐",9
"척 보면 알죠",9
"계속 연락이 안",9
"척 좀 하지",9
"이 기적의",9
"내 춤을",9
"날 믿어 네가",9
"미친듯이 운전해요",9
"날 믿어 우린",9
"척 할 수도",9
"척 해도",9
"척 해서",9
"미칠 수도",9
"계속 연주해",9
"척은 할",9
"척을 하는",9
"한다는 걸 알았죠",9
"척을 한",9
"척의 배",9
"내 취향에",9
"척이라도 할",9
"미키 맨틀",9
"anything to you",9
"미터 거리에",9
"미터 거리에서",9
"확실하지는 않아요",9
"날 믿어야지",9
"anything wrong",9
"척해야 하는",9
"한다는 말이야",9
"갇혀있을 때",9
"천 건이 넘는",9
"미터 아래에",9
"천 년 넘게",9
"미터 앞에",9
"확실하지도 않은",9
"날 믿어주지",9
"미터가 넘는",9
"천 달러까지",9
"천 달러라고요",9
"anything you",9
"한다니 무슨",9
"이 깡패",9
"한다니 정말",9
"날 믿어줬으면 좋겠어",9
"천 마리의",9
"날 믿었어요",9
"이 꼴을 하고",9
"미합중국 대통령의",9
"날 믿은",9
"이 깜짝",9
"미해결 사건을",9
"천 장",9
"중요해 그럼",9
"계속 외친다",9
"날 믿지 않는군",9
"미행한 거",9
"천국에 가지",9
"미호 아버지는",9
"한다면 우리는",9
"천년만년 가는",9
"천둥 소리",9
"천둥의 군주",9
"민 건",9
"천둥의 신이다",9
"천만 년 전",9
"이 나라를 떠나야",9
"걸 누가 알았겠어",9
"계속 울면",9
"강을 건너는",9
"민간 부문",9
"한달 정도",9
"확실한 한",9
"이 나무들은",9
"그만 진정해요",9
"날 바보라 생각하겠죠",9
"한대요 그래서",9
"천사 루시퍼는 천국에서",9
"계속 움직여야 해요",9
"천사를 믿어요",9
"한데 그럼",9
"한데 모을",9
"계속 움직이자",9
"천천히 내가",9
"한데 저",9
"날 밤 내가",9
"천천히 더",9
"천천히 돌아",9
"천천히 둘러보세요",9
"부탁한 일",9
"천천히 조심해서",9
"이 날개",9
"중의 하나예요",9
"곳은 없을 거야",9
"날 방에",9
"날 방해하면",9
"천하무적이 될",9
"믿거나 말거나 난",9
"날 배신",9
"이 남자 아세요",9
"때 데리러",9
"날 배신한 거야",9
"철수 내레이션",9
"철이 없어서",9
"한들 希望なんてないのかい 희망이라곤 없는",9
"확실히 나는",9
"확실히 네가",9
"철창 안에서",9
"철창에 갇혀",9
"철컥 소리",9
"한때 적극적이었지만",9
"내가 어떻게든 해볼게",9
"한때 적극적이었지만 이제 더는",9
"믿겠어 내가",9
"확실히 말",9
"믿고 간다",9
"때 도움이 될 거예요",9
"첫 공연",9
"보낸 곳",9
"믿고 싶겠지",9
"갈 가능성이",9
"이 냄새 나는",9
"첫 마디가",9
"이 냄새 나",9
"첫 만남을",9
"믿고 싶어하는",9
"보낸 모든",9
"첫 번째 것을",9
"다 돌고",9
"아니란다 넌",9
"한마디라도 더",9
"때 두 사람",9
"날 보고 웃었어",9
"첫 번째 희생자가",9
"첫 번째 희생자",9
"믿고 이렇게",9
"믿고 있는 것",9
"첫 부분은",9
"첫 수업이",9
"믿고 있었어요",9
"보낸 이유를",9
"한발 물러나",9
"믿기 시작했어요",9
"날 보냈어요",9
"이 노래 좋아",9
"첫 피해자가",9
"첫 피해자의",9
"날 보던",9
"첫눈 오는 날",9
"날 보라니까",9
"첫번째 단계는",9
"중이야 그냥",9
"걸 느낀",9
"청구서 보내요",9
"믿기만 한다면",9
"청바지 한",9
"청부 살인자",9
"믿기지 않는군요",9
"한번 기가",9
"한번 그런",9
"믿기지 않았어요",9
"한번 끝내주네",9
"믿기진 않지만",9
"믿기질 않는군",9
"한번 당해",9
"한번 더 기회를",9
"청소를 해야",9
"청소를 했다",9
"청소하고 있다",9
"믿나 봐요",9
"청소할 때",9
"청하기 위해",9
"날 보지 말고",9
"걸 느낄 수 있어요",9
"한번 들어가",9
"청혼하는 거야",9
"청혼할 거예요",9
"날 보호하기 위해",9
"체도 안",9
"믿는 것을 위해",9
"날 보호해야",9
"보낼 수 없다",9
"내가 어쨌길래",9
"계속 있어야 해",9
"체육 수업을",9
"체질에 안 맞아",9
"한번 맞혀",9
"한번 먹어봐요",9
"계속 있을 순",9
"믿는 자가",9
"아니면 나처럼",9
"믿는 척",9
"계속 있을거야",9
"믿는 척하는",9
"갈 거로",9
"한번 만나게",9
"부탁해요 좋아요",9
"체포 후에",9
"체포되는 건",9
"믿는다 하지만",9
"보낼 수는 없지",9
"체포를 안",9
"체포에 대한",9
"체포하기 위해서",9
"계속 작업",9
"믿습니다 감사합니다",9
"이 대학에",9
"of God",9
"체포해야 할",9
"체포해야 해요",9
"Did you miss",9
"믿어 너무",9
"쳐 그",9
"이 더러운 배신자",9
"쳐 자",9
"쳐 주고",9
"계속 저어라",9
"계속 전진해",9
"믿어 알았어",9
"I can only",9
"쳐다보는 눈빛이",9
"때 먹으면",9
"쳐다보지도 않았어",9
"쳐다볼 거야",9
"그야 알죠",9
"믿어 잘",9
"쳐도 내가",9
"한번 이상",9
"믿어 주길",9
"쳐야 합니다",9
"믿어 준",9
"쳐요 그럼",9
"한번 잘했네",9
"한번 좀",9
"날 불편하게",9
"날 붙들어",9
"확인 가능",9
"믿어 줬으면",9
"초 단위로",9
"초 동안만",9
"한번 줘",9
"초 밖에 안",9
"한번 찾아보죠",9
"곳을 알아낼",9
"보냈다고 해",9
"보냈다는 거야",9
"DNA에 있어",9
"초 주겠네",9
"믿어도 좋다",9
"한번 하자고",9
"곳을 알아냈어요",9
"확인 못 했어요",9
"믿어야 할 거야",9
"관점에서 볼 수",9
"잘못된 것 같은데",9
"갈 거야 나중에",9
"초대하지 않을",9
"이 동네 사람들이",9
"믿어요 그게",9
"초대해 주셔서 정말",9
"내가 언제까지",9
"초대형 거인과",9
"초도 안 돼",9
"초등학교 동창",9
"초래할 수 있습니다",9
"이 동물",9
"이 동물들을",9
"초를 켤",9
"초만 지나면",9
"초에 불을",9
"믿어줘 내가",9
"믿어줘 내",9
"보냈어요 그래서",9
"초자연적 인 생물",9
"갖고 놀라고",9
"한번은 어떤",9
"날 사랑할 거야",9
"초콜릿 칩 팬케이크",9
"초클릿 숍",9
"믿었습니다 하지만",9
"중이에요 뭔가",9
"한숨 푹",9
"믿었어요 그리고",9
"믿었을 거야",9
"총 내려 총",9
"가는 건 너무",9
"때 밥",9
"총 들고 있는",9
"총 맞아요",9
"보네 이건",9
"다 됬어요",9
"다 두",9
"그에 합당한",9
"계속 쭉",9
"총 쏴 본",9
"보네 정말",9
"계속 차",9
"보네요 내",9
"그에게 갈",9
"갈 거야 어떻게",9
"믿을 만",9
"한자와 융자",9
"probably a",9
"총격전 중에",9
"총과 배지",9
"총과 배지를",9
"날 소중히",9
"믿을 사람이 못",9
"총기 난사 사건",9
"한잔 먹고",9
"계속 찾아봐야 해",9
"날 속이면",9
"믿을 수 없이",9
"믿을 수 없죠",9
"믿을 수 있겠니",9
"갑자기 그런 생각이",9
"총소리가 들렸어요",9
"총소리를 들으면",9
"총알 다",9
"계속 찾았어요",9
"때 부모님과",9
"총알은 안",9
"날 수 있게",9
"총알을 박았어",9
"보는 건 어떨까요",9
"확인한 게",9
"나 자신에게 화가",9
"중인 살인",9
"내 새끼들을",9
"총알이 있어",9
"갈 거야 이게",9
"총에 대해서",9
"보는 걸 나도",9
"믿을 순 없어",9
"총에 맞았",9
"내 특제",9
"확인할 것이다",9
"한쪽 구석에",9
"믿을만 한",9
"믿을수 없군",9
"총으로 뭘",9
"내가 엄마랑",9
"믿을지 모르지만",9
"총을 가져와",9
"총을 가지고 있고",9
"믿음을 가졌지만",9
"믿음을 가졌지만 난",9
"믿음을 가졌지만 난 그렇지",9
"때 사회",9
"이 맛을",9
"총을 가질",9
"믿음을 가진",9
"총을 겨누지",9
"믿음을 통해",9
"믿음이 강한",9
"날 싫어하는 거",9
"한참 지났어요",9
"총을 내려 놔",9
"믿음이 없어",9
"총을 네",9
"믿음이 있습니다",9
"아니면 우리에게",9
"한창나이에 쓰러진",9
"계속 하고 있어요",9
"하는 모든 말을",9
"한창나이에 쓰러진 젊은",9
"믿지 못하겠어",9
"때 생각했던",9
"총을 쏘는 걸",9
"믿지 않거든",9
"믿지 않게",9
"때 생각",9
"한테 말할",9
"총을 쏠 수도",9
"날 쏘지 마",9
"총을 쐈잖아",9
"총을 잡으려고",9
"확인해 그리고",9
"보는 게 좋겠다",9
"한테 좀",9
"한판 붙을",9
"내 팔의",9
"총이 있소",9
"날 쐈지",9
"한판 붙자고",9
"총이 있으니까",9
"이 명단에",9
"그게 아니란다",9
"이 모델",9
"확인해 봐야 해요",9
"촬영 할",9
"촬영 후",9
"촬영을 해야",9
"갑자기 나타나서는",9
"촬영하고 있어",9
"밀고 나가면",9
"최 강사",9
"날 아빠라고",9
"계속 해서 소식 보내줘",9
"갈 거잖아요",9
"최 회장이",9
"날 아프게 할",9
"최고 기록은",9
"내 페이스북",9
"You think that",9
"최고 아니면",9
"최고 중 한",9
"최고 중에",9
"최고 지도자님",9
"보는 방식으로는요",9
"최고가 될 거야",9
"문 닫았을",9
"보는 사람마다",9
"때 써요",9
"날 안아줘요",9
"최고야 왜",9
"최고야 이",9
"관하여 그리고",9
"최고의 과학",9
"날 알아보겠나",9
"날 알아보겠어",9
"최고의 방법이야",9
"밀어 버리고",9
"최고의 섹스",9
"최고의 쇼를",9
"최고의 순간이야",9
"최고의 여자",9
"할 거야 뭘",9
"할 거야 아마",9
"최고의 요원",9
"최고의 음악",9
"할 거야 알겠지",9
"최고의 자리에",9
"밀폐 된",9
"할 거야 이거",9
"관한 거라고",9
"밀폐된 공간에",9
"밀폐된 공간에서",9
"할 거야 이미",9
"최고인 것 같아",9
"환 부",9
"are done",9
"날 어떻게 찾았는지",9
"날 어떻게 찾은",9
"최근 상황을",9
"환각 속에서",9
"of course you",9
"북쪽 사람들은",9
"계속될 수",9
"및 상업적",9
"및 상업적 이용",9
"보니 기분",9
"최근에 벌어진",9
"할 거예요 그러니",9
"최근에 쓴",9
"최근에 여기",9
"및 일부",9
"할 거예요 우리가",9
"보니 너무 좋네요",9
"문 닫을까",9
"및 제목",9
"이 무거운",9
"최대한 노력할",9
"최대한 눈에",9
"최대한 많은 정보를",9
"밑도 끝도 없는",9
"최대한 먼",9
"최대한 모든",9
"이 문 뒤에",9
"최대한 빨리 연락",9
"최대한 빨리 응답하겠습니다",9
"가는 것 같다",9
"최대한 신속하게",9
"최대한 천천히",9
"최대한 활용해야",9
"최면을 걸어서",9
"밑에 와",9
"할 겁니다 네",9
"최선을 다 하는",9
"최선을 다하고 싶어",9
"최선을 다하고 있다",9
"최선을 다하고 있으니까",9
"이 문을 열",9
"최선을 다하마",9
"최선을 다하자",9
"날 엿 먹이려는",9
"날 엿 먹인",9
"최선을 다한다는",9
"are for",9
"날 엿먹이는",9
"밑에서 무슨",9
"밑에서 얼마나",9
"할 겁니다 전",9
"할 것 같아 알겠어요",9
"보니 알겠다",9
"날 오해한",9
"최선을 다했잖아요",9
"날 오후에",9
"이 문제에 관해",9
"최선의 선택",9
"환영 파티",9
"계속할 수 있을지",9
"최선이라고 생각하는",9
"밑에서 일하지 않아",9
"최선이야 내가",9
"할 것 같아 우리가",9
"보니 여러",9
"갈 곳도 없는데",9
"보니 이게",9
"최소화해야 해",9
"최신 소식을",9
"날 용서한다고",9
"최악 중의",9
"할 것이다 그리고",9
"최악의 날을",9
"최악의 모습을",9
"최악의 상황",9
"바 꾸었습니다",9
"날 용서해주길",9
"날 용서해줄 수",9
"이 미치광이",9
"바 아니라고요",9
"최우선 순위는",9
"할 게 또",9
"최종 결과",9
"최종 명단에",9
"환영합니다 여기",9
"최종 후보",9
"날 원망해",9
"최초 감염자로",9
"최초의 여자",9
"바가 있는데",9
"걸 돕지",9
"최후의 만찬",9
"계속해서 움직여야",9
"날 원한",9
"바가지 씌우는",9
"추가 검사",9
"바그람 공군",9
"추가 근무",9
"계속해서 이",9
"추가 증거 제시",9
"추가 증거가 발견",9
"때 여긴",9
"날 위한 게 아니야",9
"추가로 더",9
"바깥에 있어",9
"추고 있는",9
"추는 건",9
"다 마음에 안",9
"추도 연설",9
"바꾸고 싶은데요",9
"분 그",9
"날 위해 이걸",9
"추수 감사절 때",9
"추수 감사절은",9
"바꾸는 중이야",9
"아니야 그럼 대체",9
"때 오직",9
"바꾸려는 거야",9
"이 방법도",9
"바꾸면 안 돼",9
"추워서 그래요",9
"추워서 그래",9
"추워지고 있어",9
"제대로 할 거야",9
"추위 때문에",9
"바꾸지 말고",9
"추적 방지",9
"추적 불가",9
"때 왔나",9
"할 때는 언제고",9
"바꾸지 않을 거예요",9
"보다 네가",9
"바꾸진 않아",9
"갈 길도",9
"추적하고 있는데",9
"이 방에 우리가 몇",9
"추적하는 데 도움이",9
"추적한 게",9
"추적할 만한",9
"아니야 난 이제",9
"추적할 수 있도록",9
"할 때도 있는 거야",9
"추적할 순",9
"바꿀 수 없지만",9
"바꿀 수 있게",9
"추진 장치가",9
"추진력을 잃고",9
"환자는 내가",9
"바꿀 수 있지만",9
"보다 하지만",9
"추측이 난무하고",9
"그와 결혼했다",9
"추해질 거야",9
"갈 길이 멀다고",9
"바꿔 놓았습니다",9
"축구 스타",9
"축복을 내리소서",9
"축복을 받았어",9
"갈 길이 멀었어 아직",9
"바꿔 볼까",9
"할 말 있으세요",9
"축복해 주시고",9
"축제 같은",9
"바꿔보는 건",9
"관한 것이라고",9
"축하를 해야지",9
"축하하러 가자",9
"이 범인",9
"바꿨어 그",9
"걸 둘 다",9
"할 말이 없다고",9
"축하해 줘",9
"바뀌기 전에 빨리",9
"날 잊을",9
"출구가 있을 거야",9
"출구를 봉쇄하라",9
"출구를 봉쇄해",9
"출근 안 했어요",9
"바뀌지 않는다",9
"바뀌지 않았다",9
"날 잘 봐",9
"출근해야 해서요",9
"바뀌지 않을 거예요",9
"바뀌지 않을거야",9
"출동 준비해",9
"출력 상승",9
"be needing",9
"바뀐 건가",9
"내 형제들과",9
"바뀐 것은",9
"곳이라곤 없어 辿り着くべき場所へと 도달해야",9
"분 또",9
"계신 줄 알았는데",9
"are looking for",9
"출산 전에",9
"계신 줄 알았어요",9
"출산 휴가를",9
"바뀔 수도 있어요",9
"이제까지 본",9
"내 형제와",9
"출신이 아닌",9
"보라고 해서",9
"활보하고 있어",9
"이 별에",9
"내가 여러분",9
"할 사람이 없으니까",9
"날 적으로",9
"할 상대가",9
"문 열어야 해",9
"계신지 몰랐어요",9
"할 생각은 아니었어",9
"출입증 인식음",9
"활을 잘",9
"그와 정반대입니다",9
"are made",9
"날 절대로",9
"할 소리예요",9
"날 정도죠",9
"할 수 밖에 없었다",9
"출혈을 막지",9
"출혈이 있었어요",9
"춤 잘 추는",9
"바다 밑으로",9
"바다 보러",9
"바다 속에",9
"춤 한 번",9
"날 조금만",9
"바다 입수",9
"춤을 추기 위해",9
"춤을 출 거예요",9
"춤을 춰도",9
"춤을 춰야",9
"할 수 없어 내가",9
"곳이야 왜",9
"춤추게 해",9
"걸리지 않습니다",9
"분 아닙니까",9
"바다에 떠",9
"in the walls",9
"날 좀 봐봐",9
"때 저런",9
"바닥 밑에서",9
"충격을 받았지만",9
"날 좋아하는 것 같아",9
"충격을 주고 있습니다",9
"계십니다 오늘",9
"이 빌딩에",9
"분 안에 갈게",9
"날 좋아하면",9
"충고 고마워요",9
"날 좋아하지도",9
"충고하고 싶다",9
"바닥에 쓰러졌어요",9
"I can think of",9
"계약 건",9
"충돌한 것",9
"날 좋아해서",9
"날 좋아했던",9
"분 앞으로",9
"바닥을 쳤어",9
"갈 때를",9
"바닥을 칠",9
"충분한 공간이",9
"바닥이 다",9
"충분한 돈",9
"충분한 보상을",9
"충분한 시간이지",9
"계약 조건에",9
"충분할 거요",9
"충분해 내",9
"충분해 좋아",9
"갈 때쯤엔",9
"충분히 나쁜",9
"out of nowhere",9
"바라는 거 없어",9
"갈 리",9
"충분히 똑똑해",9
"충분히 먹었어요",9
"바라는 거요",9
"날 죽이고 싶은",9
"충분히 빠르면",9
"충분히 빠른",9
"충분히 알고 있었다",9
"이 사람 대체",9
"충분히 이길 수",9
"충분히 이길",9
"충분히 있었다",9
"바라는 게 뭐죠",9
"할 수 있다구요",9
"충분히 한 것",9
"회를 기대해 주세요",9
"날 죽이려 하지",9
"보려 하지",9
"내가 가고 있어",9
"충실할 것을",9
"거기 있잖아요",9
"계약을 못",9
"날 죽이려 했지",9
"충전 중입니다",9
"내 생각에 네가",9
"충전할 수",9
"취급 안 해요",9
"바라보는 게",9
"바라보는 눈빛",9
"바라보는 이",9
"취미 없어",9
"취생의 거친 신음",9
"그의 것이 아니다",9
"바라볼 때면 모든",9
"이 사람들이 다",9
"줘서 고마워요 오늘",9
"취재 중이던 기자 제이미",9
"취재 중입니다",9
"할 수 있어요 고마워요",9
"바라요 내가",9
"보려는 거지",9
"취하게 해",9
"날 죽이진 않을",9
"취하고 있어요",9
"취하고 있죠",9
"취하기도 했고",9
"취하는 거",9
"계장님 저",9
"바라지 않는다는",9
"취한 거 같아",9
"내가 영상을",9
"취한 상태에서",9
"날 죽일 기회가",9
"취할 것",9
"바라지도 않고",9
"그게 얼마나 큰",9
"바라지도 않아요",9
"취해 업타운 펑크에",9
"취해 업타운 펑크에 취해",9
"취해 있었지",9
"바란 거",9
"취해서 그런 거야",9
"계좌 번호는",9
"바란 게 아니야",9
"이 사람이 날",9
"이 사람이 널",9
"걸 따라",9
"바란다 그래",9
"날 죽일지",9
"때 칼을",9
"갈 생각도",9
"바란다 여기는",9
"난 널 이해해",9
"보며 이렇게",9
"결혼식 못",9
"And that is",9
"측정 불가",9
"층 높이의",9
"바랄 것이다",9
"바랄 게 없어",9
"보면 곧",9
"바람 같은",9
"할 수 있죠 그",9
"바람 넣지",9
"치고 그래",9
"문과 창문이",9
"회사 사장이",9
"치고 싶다",9
"이 사실을 알게 되면",9
"바람 빠진",9
"치고는 꽤나",9
"치과 기록으로",9
"치는 거 아니야",9
"날 지켜줄 거야",9
"날 지켜줄 수",9
"이 사이트를",9
"날 진짜로",9
"치료 계획을",9
"치료 같은",9
"이 사진 속의",9
"치료 중에",9
"치료 중인",9
"치료 효과는",9
"바람에 걸고",9
"치료 후에",9
"바람에 더",9
"계통 무기한",9
"치료도 받고",9
"바람에 이렇게",9
"계통 무기한 구류",9
"바람에 제가",9
"바람에 흔들리는",9
"치료를 받았어요",9
"치료법을 찾을 수",9
"바람을 피웠기",9
"바람을 후",9
"그의 눈이",9
"바람을 후 분다",9
"날 차는",9
"향하던 중",9
"치료할 때",9
"치료할 수 있게",9
"이 살인은",9
"바람이 불기",9
"날 찾게",9
"할 순 있는데",9
"관한 문제",9
"아니야 우리 둘",9
"계획 있나",9
"치르게 될거야",9
"그의 도움을",9
"치르고 있어",9
"치르는 거지",9
"날 찾아냈군",9
"이 상처들은",9
"가지는 것도",9
"날 찾아봐",9
"계획 있으면",9
"할 얘기 있나",9
"바랍니다 고맙습니다",9
"치면 되잖아",9
"치면 되죠",9
"할 얘기가 아니야",9
"바랍니다 여러분",9
"날 찾아왔고",9
"치명적인 힘을",9
"계획 중이에요",9
"치밀하게 계획된",9
"할 얘기가 있으니까",9
"날 찾아왔을",9
"바랍니다 제가",9
"갈 수 있겠니",9
"의도는 좋았지만",9
"치우면 돼",9
"회사들 중",9
"계획과 함께",9
"of plans",9
"계획대로 됐어",9
"치워 내가",9
"치워 알았어",9
"바래다 줄",9
"바래다줘서 고마워",9
"치워도 될까요",9
"할 이유라도",9
"분 후에 도착한다",9
"그의 등을",9
"갑자기 왜 저래",9
"are over",9
"바로 가야 돼",9
"계획대로 진행되고",9
"갈 수 있네",9
"할 일도 없어요",9
"이 새끼가 어디서",9
"바로 갈 거예요",9
"할 일은 그저",9
"치킨 샐러드",9
"바로 거기에 있었다",9
"치프 레지던트가",9
"이 새를",9
"친 거라고",9
"날 체포해야",9
"바로 그 것이다",9
"계획대로 할",9
"친구 가족",9
"바로 그 말이에요",9
"바로 그 사람들",9
"친구 관계를 잃을",9
"친구 관계를 잃을 수도",9
"바로 그 사람이라는 것을",9
"갈 수 있는 유일한",9
"이 생명체들은",9
"친구 널",9
"바로 그 일을",9
"of school",9
"때가 되지 않았나",9
"내가 가질 수 있는",9
"할 일을 좀",9
"이 생활을",9
"친구 당신",9
"날 초대하는",9
"바로 그거네",9
"날 초대한",9
"바로 그거야 그게",9
"보면 알아볼 수",9
"바로 그거야 그러니",9
"바로 그거야 그러니까",9
"날 축하해요",9
"계획된 거였어요",9
"바로 그거야 왜",9
"할 일을 한다",9
"바로 그거야 우리가",9
"걸 막으려",9
"You want a",9
"바로 그거였어",9
"할 일이 남아",9
"이 선수가",9
"계획에 관해",9
"바로 그것을",9
"보면 언젠가",9
"친구 사이의",9
"바로 그것입니다",9
"친구 생일",9
"바로 그곳에서",9
"바로 그날 밤",9
"갈 수 있단",9
"친구 아버지가",9
"날 탓할 수도",9
"날 탓할 수도 있죠",9
"친구 어때",9
"날 택한",9
"이 섬엔",9
"갈 수 있소",9
"바로 그렇게 하는",9
"이 섬에 온",9
"친구 요청",9
"날 통제할 수",9
"공간을 만들었어요",9
"바로 그쪽으로",9
"날 통해서",9
"관한 소식은",9
"할 일이 없었어",9
"친구 일은 유감이야",9
"회사의 이익을",9
"계획에 없었어요",9
"날 판단하지 마",9
"거기 출신",9
"계획에 전혀",9
"갈 수 있어 그래",9
"친구 좋아요",9
"바로 나와요",9
"회색 외계인",9
"갈 수 있어 내",9
"바로 내 앞에",9
"친구 하면",9
"때가 아니예요",9
"친구가 갑자기",9
"친구가 계속",9
"친구가 그걸",9
"바로 너란다",9
"날 피하고 있어",9
"친구가 당신을",9
"to save you",9
"친구가 돼서",9
"바로 네 앞에서",9
"바로 네게",9
"I can''t believe this",9
"보면 좋겠어",9
"친구가 되는 거야",9
"바로 니",9
"친구가 되려면",9
"날 피해요",9
"바로 달려왔어",9
"할 임무가",9
"날 필요로 할 때",9
"번호를 못",9
"친구가 만든",9
"친구가 뭐라고",9
"할 정도의",9
"바로 돌아와",9
"친구가 아니고",9
"친구가 아니니까",9
"회식 제리 회식 제리",9
"친구가 엄청",9
"날 핫팬츠",9
"친구가 없다면",9
"날 해고하고",9
"바로 들어갈",9
"친구가 와서",9
"할 줄 몰랐지만",9
"친구가 있는 건",9
"그의 면전에서",9
"친구가 있었나요",9
"친구가 있었던",9
"이 세상에선",9
"친구가 있으니까",9
"날 해치지 않을",9
"할 줄 안다",9
"친구가 있지만",9
"친구가 잘",9
"보모는 필요",9
"친구가 죽어서",9
"바로 밖에 있어",9
"이 소란은",9
"할 줄 알잖아",9
"are so many",9
"보물 상자",9
"걸 막진",9
"가는 기차를",9
"계획은 있나",9
"보물 찾기",9
"친구는 아니었어",9
"친구는 어디 있어",9
"바로 사랑이야",9
"친구는 없어",9
"바로 수술",9
"친구는 절대",9
"이 소식",9
"그의 목숨과",9
"친구도 될",9
"날 화나게 하지",9
"친구도 아냐",9
"친구도 아니잖아",9
"바로 아드리안 베라",9
"바로 아드리안",9
"바로 안에",9
"보복일 수도",9
"바로 알 수 있어요",9
"형은 좀",9
"회의 있다고",9
"친구들 보러",9
"내가 올바른",9
"친구들 여기",9
"친구들 일은",9
"친구들과 잘",9
"회의를 소집했어",9
"날개 돋친 듯",9
"회의실로 모여",9
"바로 앞이야",9
"회의를 했다",9
"친구들은 그냥",9
"바로 얼마",9
"날개가 있다면",9
"친구들은 잘",9
"계획을 듣고",9
"이 쇼에서",9
"친구들을 만날",9
"친구들을 모두 모아",9
"친구들을 모두 모아 봐",9
"계획을 막을",9
"회의에 늦어서",9
"친구들을 위하여",9
"친구들을 찾아야",9
"날개를 달고",9
"친구들이 너무",9
"바로 여길",9
"바로 여깄어",9
"친구들이 많아",9
"바로 옆에 서",9
"친구들이 있습니다",9
"계획을 망치고",9
"친구들이 절",9
"내가 같이 있을게",9
"친구라고 부를",9
"친구라고 생각하고",9
"할 힘이",9
"친구라고 생각했던",9
"바로 오세요",9
"이 순간 내가",9
"할거야 그럼",9
"친구랑 얘기 좀",9
"DaVinci''s Demons",9
"of the South 지난",9
"계획을 바꿔야겠어",9
"친구를 기다리고",9
"할걸 그럼",9
"바로 위에 있다",9
"친구를 만난",9
"친구를 만났어요",9
"날도 있을",9
"친구를 만들",9
"바로 이 근처에",9
"친구를 몇",9
"줬는데 내가",9
"할게 걱정",9
"바로 이 자리에",9
"때가 지났는데",9
"of the United",9
"친구를 잃고",9
"친구를 죽였고",9
"친구를 죽이는",9
"갈 수도 있다",9
"친구를 찾았어",9
"친구야 그런",9
"내가 거기 있었던",9
"할게 너",9
"갈 수도 있다고요",9
"공개 처형",9
"친구야 이제",9
"날려 버리기",9
"바로 자신의",9
"할게 뭐야",9
"바로 잡아야지",9
"할게 세상에",9
"효과 좋은",9
"날려 줄",9
"계획을 세워야겠어",9
"친구의 죽음을",9
"그의 변호사는",9
"효과가 없네",9
"바로 저였어요",9
"of the blue",9
"갈 수도 있잖아요",9
"날려버릴 수도",9
"바로 전해",9
"친구한테 들었는데",9
"친구한테 전화해서",9
"할게요 고마워",9
"할게요 고맙습니다",9
"바로 죽을",9
"날리고 싶은",9
"날리고 있어",9
"친절도 해라",9
"아니었으면 여기",9
"바로 지금요",9
"친절하게 대할",9
"바로 지금의",9
"이 시설에",9
"친절하기도 하셔라",9
"이 시설과",9
"바로 지난주에",9
"날리는 게",9
"친절한 사람이에요",9
"날린 거",9
"친한 게",9
"잘했다 우리",9
"친한 척을",9
"친한 친구 중 한",9
"친한 친구가 될",9
"효과가 있는 것 같아",9
"날릴 줄",9
"친한 친구였지",9
"Moon Door",9
"바로 해야",9
"바로는 그녀는",9
"친해진 거야",9
"친해진 줄",9
"바로는 내가",9
"계획을 짜고 있어",9
"칠 게",9
"바로는 없다",9
"때까지 기다리기로",9
"바로잡을 거예요",9
"때까지 기다렸어",9
"바로잡을 기회가",9
"할께 내가",9
"공격 당했어",9
"할래 내",9
"침 발라",9
"계획의 마지막",9
"침 뱉는 소리",9
"침 뱉은",9
"이 싸가지 없는",9
"보세요 잠깐만",9
"이 십자가를",9
"가는 길에는",9
"할로윈 파티",9
"날씨가 점점",9
"바른 말",9
"이 썩어빠진",9
"날씨가 좋아",9
"관한 자세한",9
"침대 좀",9
"바바라 스트라이샌드",9
"바보 같군",9
"계획이 맘에",9
"효과를 보려면",9
"침대에 눕혀요",9
"효과적인 방법이",9
"침대에 안",9
"침대에 있었어요",9
"침대에서 못",9
"바보 같은 말",9
"때까지 누가",9
"날아가는 법이지",9
"침묵하는 배트",9
"난 네 친구를",9
"할머니 보고",9
"침실 문",9
"침실 창문",9
"바보 같잖아요",9
"바보 같지 않아요",9
"침입 금지",9
"갈 예정입니다",9
"이 아비가",9
"할머니가 돌아가셨어",9
"이 아비의",9
"침입하는 걸",9
"보스 그래",9
"계획이 변경됐다",9
"계획이 변경됐어요",9
"침착해야 한다",9
"줬으면 좋겠네",9
"이 아이예요",9
"칭찬 받을",9
"다 봤으면",9
"할수 밖에",9
"날아오르게 만든 건",9
"카드 다",9
"내가 왜 그를",9
"날아온 거야",9
"바보라 생각하겠죠",9
"카드 이리",9
"바보로 만들어",9
"보스턴 알리스",9
"후 돈",9
"to see my",9
"공격당한 건",9
"카드를 쓰는",9
"카드에 대해",9
"카라브락소스 은행을 털게",9
"카라브락소스 은행을 털게 될",9
"계획이 엉망이",9
"바보짓 한",9
"할아버지 집에",9
"바보처럼 굴지마",9
"바보처럼 포기도",9
"카리스마 넘치는",9
"카리스마 있고",9
"날을 만들어",9
"보시다시피 전",9
"카메라 달린",9
"갈 준비 완료",9
"날을 위해 また会える日のために 다시",9
"바비큐 파티에서",9
"카메라 앞에선",9
"바빠 가지고",9
"계획이 있는 것",9
"날을 축하해",9
"바빠 뭐",9
"내가 왜 당신이랑",9
"카메라 준비해",9
"카메라가 사방에",9
"카메라가 있었어요",9
"갈 준비가 되었다",9
"카메라를 가지고 있다",9
"카메라를 든",9
"카메라를 보세요",9
"이 얘기 하는",9
"카밀라 바르가스가",9
"카밀라 바 가스",9
"카버 씨",9
"카오스 킬러의",9
"계획이 있었는데",9
"후드를 입고",9
"때까지 여기 있어야",9
"할지 모르겠지",9
"할지 모른다는",9
"이 얘길 왜",9
"바실리를 대통령으로",9
"후로 늘",9
"바에 따라",9
"날이 올 거예요",9
"분명 엄청난",9
"바에는 차라리",9
"칸 경위",9
"분명 여기에",9
"내가 고객을",9
"그의 승무원",9
"날이 올지도",9
"할지 알았어요",9
"칼 맞는",9
"이 엄청나게",9
"바위 사이에",9
"칼 웨더스",9
"가는 길이었죠",9
"칼로 배를",9
"계획이라도 있나",9
"I can''t fight",9
"보안 세부 사항",9
"칼슨 씨",9
"칼에 베인",9
"보안 시설을",9
"바이러스를 갖고",9
"put your hands",9
"칼은 아직",9
"때까지 조금만",9
"이 여자 아세요",9
"날인 것처럼",9
"Damn right",9
"칼을 탁",9
"내가 골랐어",9
"함께 걷자",9
"갈 텐데요",9
"함께 계세요",9
"캐 봐",9
"계획하고 있었다",9
"계획하고 있어요",9
"이 여자를 찾고",9
"날짜를 잘못",9
"날짜와 시간",9
"보안 장치",9
"in your eye",9
"내가 과연",9
"함께 긴",9
"캐릭터에 대해",9
"캐서린 부인",9
"캐서린 윈닉",9
"때까진 말이야",9
"이 얼음",9
"캐시 보일",9
"캐시 보일을",9
"Most of the",9
"후에 그를",9
"캐틀맨 목장",9
"바짝 차려야지",9
"캐프리 씨",9
"캔디 캔디",9
"캔을 딴다",9
"캔자스 주 토피카",9
"함께 말이야 그들은",9
"함께 말이야 당신은",9
"분명히 경고했지",9
"캠퍼스 내",9
"캠퍼스 밖에",9
"바퀴 돌아봐",9
"바퀴 소리",9
"캠핑 가는",9
"내가 구한",9
"이 오라비가",9
"남겨 뒀어",9
"커다란 걸",9
"함께 사는 게",9
"하는데 다",9
"고 말",9
"걸 먹는",9
"커스틴 뱅스니스 토마스",9
"커스틴 뱅스니스 토마스 깁슨",9
"커야 할",9
"남겨둔 거야",9
"커지는 거",9
"내가 요리하는",9
"남겨선 안 돼",9
"그의 어깨에",9
"박는 거",9
"박는 게",9
"후에 봅시다",9
"커튼 뒤로",9
"남겨주세요 아빠",9
"커플 성립",9
"박병은 김가은 김민석 이번생은",9
"커피 내릴",9
"남겨주시면 최대한 빨리 응답하겠습니다",9
"걸 매우",9
"남겨진 것",9
"박사 말이야",9
"커피 마시기",9
"고 했죠",9
"때는 보통",9
"박사 후",9
"커피 좀 갖다",9
"박사가 만든",9
"때는 아니지만",9
"박사가 여기",9
"고개 끄덕여",9
"커피가 더",9
"이 운동화",9
"박사는 그",9
"박사는 당신이",9
"함께 이 일을",9
"커피를 안",9
"커피를 한 잔",9
"분명히 또",9
"함께 이겨낼",9
"박사님 그래",9
"고개 돌리지 마",9
"남기고 갔어요",9
"컨디션 어때요",9
"컨설팅 회사를",9
"갈게 그러지 마",9
"컨트리 뮤직",9
"of what''s",9
"컴 위드",9
"남기는 걸",9
"남기로 한",9
"컴퓨터 바이러스",9
"다 설명했잖아",9
"이 의상을",9
"내가 그 생각을",9
"분명히 말하건대",9
"후에 집으로",9
"컴퓨터가 고장",9
"박사님 저는",9
"남기지 말라고",9
"내가 그 앨",9
"남기지 않아요",9
"박사님은 어디",9
"컵 안에",9
"컵 하나",9
"컵 좀",9
"남기지 않았어",9
"컵을 탁 놓는다",9
"남기지 않죠",9
"컸을 거예요",9
"박사님이 절",9
"공격하지 않았지",9
"are we supposed to",9
"케빈 네가",9
"of years ago",9
"케빈 베이컨",9
"케빈 오빠",9
"이 이야긴",9
"공격한 거죠",9
"함께 있을 때면",9
"케이브 갤로",9
"케이블 회사",9
"이 이야기를 취재 중이던",9
"보여 줄 순",9
"남길 말",9
"함께 작업한",9
"박살 내버릴",9
"박살 내서",9
"박살 낼 거예요",9
"함께 죽은",9
"박살낼 거야",9
"후크 지역 리처즈 가''",9
"보여 줬다",9
"케이트에 대한",9
"함께 집에서",9
"함께 찍은 사진을",9
"내가 운전하고",9
"남는 거예요",9
"이 일대를",9
"남는 거요",9
"박수 한번 주세요",9
"켄지 델로스",9
"of you to",9
"켈리 스티븐의",9
"켈리 스티븐의 인권 변호사",9
"박수민 자막",9
"켜 둬",9
"켜 봐요",9
"켜는 거",9
"켜는 게",9
"켜져 있길래",9
"켜져 있네",9
"박아 줄",9
"켤 수 있어요",9
"켤 줄",9
"때도 못",9
"이 일에 대해서는",9
"이 일에 대해서요",9
"코 닿을",9
"이 일에 더",9
"코끼리 코",9
"코너 돌면",9
"박준모 씨",9
"박쥐다 난 박쥐다",9
"내가 그녀에게 말할게",9
"코드 좀",9
"분명히 우릴",9
"박혀 있던",9
"코로 들이쉬고 입으로",9
"후회하지 않게",9
"남들은 몰라도",9
"코를 막고",9
"이 일에 있어서",9
"남들이 널",9
"박힌 채",9
"함께 휴가를",9
"밖에 걸리지",9
"코빼기도 못",9
"남들이 안 하는",9
"코스 완주",9
"갈게 아니야",9
"분명히 있었는데",9
"코이즈미 씨",9
"이 일을 또",9
"코카인 한",9
"이 일을 시작할",9
"코타르 증후군",9
"갈게 아직",9
"다 쌌어요",9
"남북 전쟁이",9
"보여주고 싶은 건",9
"코피를 흘려서",9
"갔는데 네가",9
"남성 스트립 댄스",9
"분명히 하다",9
"이 일을 처리해",9
"함께할 수 있을",9
"남성일 겁니다",9
"갈게 알았어요",9
"밖에 세워",9
"아니요 그래도",9
"즐겁지 않을",9
"밖에 아직",9
"밖에 안 남았 어",9
"밖에 안 됩니다",9
"밖에 안됐는데",9
"콜린 퍼스",9
"콜린스 경관님",9
"고귀한 노래로",9
"밖에 없거든",9
"남아 있는 거지",9
"밖에 없군요",9
"남아 있는 어둠을",9
"콩 요리",9
"갈게 어서",9
"밖에 없었던",9
"쾅 내리친다",9
"함부로 입",9
"함께 했죠",9
"쾌감을 느끼는",9
"분밖에 안 됐는데",9
"to slow",9
"밖에 오래",9
"남아 있어야 해",9
"밖에 이상한",9
"분밖에 안 됐어요",9
"밖에 있는 사람들",9
"쿠키 난",9
"보여준 그",9
"쿠키를 좀",9
"갈게 여보세요",9
"고급 호텔",9
"보여줄 게 있네",9
"합니다 경찰은",9
"합니다 고맙습니다",9
"밖에 잘 안",9
"쿠퍼 요원과",9
"information on",9
"밖에 주차된",9
"보여줄 기회야",9
"밖에 한",9
"합니다 그것이",9
"걸 모를 줄",9
"off by",9
"밖에서 기다리겠습니다",9
"보여줄 필요는",9
"밖에서 기다리라고",9
"분석 결과예요",9
"쿵 하는 소리",9
"쿼호그 경찰서",9
"보여줄게 내가",9
"밖에서 당신을",9
"퀸 시장이",9
"퀸에 대해",9
"합니다 시간이",9
"이 자리에 와",9
"남아있을 수도",9
"이 자리에 없었을",9
"밖에서 보자고",9
"크게 다르지 않아",9
"크게 다쳤어",9
"갈게 이봐",9
"남안왕 전하",9
"크게 들이쉬고",9
"밖에서 얘기 좀 할",9
"밖에서 어떻게",9
"크게 말하세요",9
"크게 말해라",9
"고기 없는",9
"그의 장례식에",9
"합니다 왜죠",9
"훌륭한 부모가",9
"크게 신경 쓰지",9
"남았는데 왜",9
"밖에서 찍은",9
"분석하는 거야",9
"남았다는 걸",9
"남았단 말이야",9
"be someone",9
"합니다 이번",9
"밖에서 하는",9
"크게 화를",9
"남았어 거의",9
"밖엔 아무것도",9
"합니다 저희는",9
"즐기지 않아",9
"크고 멍청한",9
"크고 못생긴",9
"내가 그렇게 쉽게",9
"The Lannisters",9
"갔는지 아무도",9
"이 자에 대해",9
"크긴 한데",9
"남았어 널",9
"갈게 젠장",9
"갖고 있는거야",9
"크래시 카트",9
"크래츠 특별검사 캘러멧",9
"크랜베리 소스",9
"고기를 좀",9
"밖으로 나가죠",9
"밖으로 나갔을",9
"밖으로 나오라고",9
"크루즈 씨",9
"크루즈 여행에",9
"off our",9
"공급받을 수",9
"크리스 크로스",9
"분에 다시",9
"분에 대해",9
"rather not",9
"이 장갑을",9
"크리스마스 보내세요",9
"증가 할",9
"밖으로 데려다",9
"이 잔",9
"남았어요 이",9
"고대 그리스인들은",9
"크리스마스 정신은",9
"크리스마스 트리를",9
"크리스마스 파티가",9
"남았으면 좋겠어",9
"남았을 겁니다",9
"합의 조건을",9
"크리스마스에 뭐",9
"훔쳐 갔는데",9
"보이고 싶으면",9
"크리스토프 크리스토프",9
"밖을 봐요",9
"크리스티나 올메도",9
"공기 역학적",9
"합치지 않으면",9
"크림 소다",9
"크림이랑 설탕",9
"고대 사람들이",9
"Mrs Pitt",9
"밖의 일입니다",9
"고대 세계에",9
"큰 거래",9
"큰 거시기",9
"큰 거지",9
"부분이 있어서요",9
"반 고흐를",9
"I can''t hide no",9
"고대 신화",9
"큰 것의",9
"반 도핑",9
"혼자 둬도",9
"남은 건 없어",9
"남은 건 이게",9
"큰 관심이",9
"큰 구멍",9
"남은 것 같아요",9
"보이긴 하죠",9
"큰 그림을 봐야지",9
"큰 기대",9
"큰 기대는 안",9
"훔치려 했어",9
"큰 남자야",9
"항법 장치",9
"이 전쟁을 끝낼",9
"반가운 말이네요",9
"그의 주요",9
"분위기가 아주",9
"큰 도움이 됐죠",9
"때리면 안 되지",9
"ON DOOR",9
"큰 마약",9
"반가워 내",9
"반가워 너",9
"걸 못 본",9
"반가워 이",9
"다 안 끝났어",9
"항상 그곳에",9
"큰 부탁",9
"큰 빚을 지게",9
"큰 사건이 될",9
"큰 사건이에요",9
"큰 상대를",9
"큰 상대를 오른손으로 날립니다",9
"큰 상자에",9
"큰 소리로 말할",9
"큰 손이",9
"보이는 走るほど見えてくる 달릴수록 점점",9
"내가 기대했던 것보다",9
"보이는 거 다",9
"반갑다 나도",9
"남은 일생",9
"훔친 물건은",9
"큰 실수였죠",9
"큰 실수예요",9
"이 정도면 충분하지",9
"큰 아들이",9
"갈게요 미안해요",9
"고대의 외계인들이",9
"큰 약점은",9
"갈게요 빨리",9
"큰 엉덩이",9
"큰 여자가",9
"고대의 외계인들이 정말로 도움이",9
"큰 여자를",9
"큰 영감을",9
"남은 지금",9
"반갑습니다 정말",9
"반갑지 않은가",9
"반격할 때야",9
"큰 위험을 감수하고",9
"큰 위협",9
"남은 평생을 감옥에서",9
"큰 의미야",9
"그의 진술을",9
"반나절 동안",9
"항상 널 사랑했어",9
"내가 기억하고",9
"큰 일이라고",9
"갈게요 아니야",9
"큰 일입니다",9
"반대 시위",9
"반대 의견이",9
"남을 괴롭히는",9
"항상 누군가",9
"내가 기억하는 것보다 더",9
"반대로 생각해",9
"큰 차를",9
"갈게요 아빠",9
"고도 경고",9
"항상 둘",9
"반대편에서 보자",9
"훨씬 가치",9
"큰 행사를",9
"반대하는 사람들은",9
"남을 잘",9
"항상 말했잖아",9
"남을 테니",9
"큰돈이 될",9
"고도로 암호화된",9
"항상 문제야",9
"반드시 구해",9
"반드시 그래야",9
"반드시 그래야만",9
"큰일 날 뻔했잖아",9
"남의 돈으로",9
"큰일 났어 무슨 일이야",9
"반드시 내가",9
"남의 말을 잘",9
"훨씬 더 가치",9
"남의 방에",9
"결혼이 잘",9
"때마다 아빠가",9
"분을 모셨습니다",9
"보이는데 무슨",9
"때마다 우리",9
"그게 중요한 게 아니고",9
"클라크 재단",9
"항상 약속을",9
"이 주정뱅이야",9
"항상 엄마를",9
"고동만 선수가",9
"클럽 가서",9
"클럽 밖에서",9
"클럽 사장",9
"남의 일이라고",9
"항상 완벽한",9
"걸 물었네요",9
"클럽에 대해",9
"반드시 찾을 거야",9
"남의 죄를",9
"반란군 함선이",9
"클레리 페어차일드",9
"양로 시설에",9
"are you there",9
"항상 음악을",9
"이 중에는",9
"클레어 밀러",9
"그의 추종자들은",9
"항상 이긴다",9
"항상 여자를",9
"이 증인은",9
"훨씬 많을",9
"클로즈드 에어 서포트",9
"고든을 위해",9
"클리브랜드 쇼'' 더",9
"보이죠 그",9
"갈게요 잘 가요",9
"항상 준비돼",9
"항상 즐거워",9
"반사 신경이",9
"반성하고 있어",9
"키가 클",9
"남자 넷이",9
"키로 정도",9
"고등학교 때처럼",9
"다 알아 너",9
"남자 대 남자로 얘기",9
"old friend",9
"반응은 어때",9
"항에 의거",9
"반응을 보면",9
"반응을 보이고",9
"키스하고 싶었어",9
"반응을 일으켜",9
"이 질병은",9
"I-I know",9
"고등학교 졸업식",9
"그의 파트너를",9
"반응이 왜 그래",9
"반응하는 거",9
"반응하지 마",9
"이 집만",9
"고등학교 친구",9
"키운 적",9
"갈게요 한",9
"be the best",9
"반응할 거야",9
"반응해야 할지",9
"공립 도서관",9
"해 걘",9
"반지 갖고",9
"내가 이 여자를",9
"해 경찰을",9
"킨 요원에",9
"허락하는 한",9
"이 집은 내",9
"고등학생 때는",9
"are 난",9
"훼방 놓지",9
"보이진 않죠",9
"보이질 않네",9
"때문에 결혼",9
"고등학생일 때",9
"해 그걸 어떻게",9
"이 집을 사고",9
"old school",9
"반짝반짝 작은",9
"남자 손이",9
"휘두르는 소리",9
"보인다 그는",9
"공무 집행 방해죄로",9
"킹 가문의",9
"킹 씨가",9
"킹 카운티",9
"이 짓을 얼마나",9
"봤는데 자기",9
"남자 알지",9
"반쯤 죽여",9
"타 무슨",9
"해 그런 거",9
"old time rock n''",9
"타 집에",9
"남자 어떻게",9
"아니지만 그럼",9
"내가 나타나지",9
"타격을 입었습니다",9
"갈까 말까",9
"이 차 타고",9
"받게 됐죠",9
"받게 됐지",9
"내가 날 수",9
"고려하지 않는다",9
"해 그리고 지금",9
"타고 그",9
"받게 될 수도",9
"때문에 그것이",9
"타고 남쪽으로",9
"고려하지 않은",9
"고려하지 않을",9
"받게 될지도",9
"받게 하려는",9
"타고 다니며",9
"해 기회가",9
"해 꼼짝",9
"타고 마드리드로",9
"고려할 게",9
"받게 해주지",9
"Cellphone beeps",9
"남자 저",9
"타고 오면서",9
"받고 깜짝",9
"타고 올라가는",9
"내가 남을",9
"받고 나",9
"타고 우리",9
"고려해 보세요",9
"남자 중의",9
"고려해 보죠",9
"타고 있었잖아",9
"타고 있을 때",9
"받고 싶네요",9
"남자 취향이",9
"남자 친구 때문에",9
"받고 싶었는데",9
"갈등 없이",9
"광고 계약",9
"내가 낫게",9
"고려해 볼게요",9
"타네이치 선배에게",9
"광고 듣고",9
"타는 거 봤어",9
"해 남자",9
"고려해 봤을",9
"이 천재",9
"받고 있거든",9
"받고 있거든요",9
"때문에 그러는지",9
"받고 있네",9
"받고 있는데요",9
"해 내가 안",9
"보일지도 몰라",9
"해 나 좀",9
"해 너 지금",9
"내가 내고",9
"I can''t lie no",9
"타디스에 발을 들이지 못",9
"타디스에 발을 들이지",9
"광고 모델로",9
"타라 이",9
"타러 가야 해",9
"이 축제를",9
"남자 친구잖아",9
"걸 바라지 않았어요",9
"때문에 그런 줄",9
"그의 획기적인",9
"받기 위해서요",9
"받기 전까지",9
"받기 전까지는",9
"보자 그럴",9
"타버릴 거야",9
"받긴 했어요",9
"남자 형제가",9
"받긴 했는데",9
"해 네가 내",9
"받나 봐요",9
"해 눈에",9
"받는 거 알아",9
"받는 거라고",9
"해 다리",9
"갔다 하면",9
"남자 화장실로",9
"내가 이겼을",9
"고르면 돼요",9
"남자가 계속",9
"갈라져야 한다''",9
"갈라놓을 순 없어",9
"타이거 우즈가",9
"내가 너라면 난",9
"받는다고 무슨",9
"받는다고 무슨 일이",9
"타이밍이 아주",9
"타이밍이 정말",9
"받는지 알아요",9
"받든 말든",9
"남자가 네가",9
"받아 계속",9
"내가 너를 만날",9
"해 들어봐",9
"받아 그래",9
"타임로드의 기술인데",9
"이 케이스",9
"해 마이크",9
"받아 들여",9
"이 케이스에",9
"받아 들이고",9
"받아 들이세요",9
"받아 들이지",9
"타지 말았어야",9
"타키 기억",9
"타키 기억 안",9
"받아 뭐",9
"고를 순",9
"남자가 못",9
"탁자를 쾅",9
"해 머리에",9
"남자가 뭐라고",9
"남자가 바로",9
"탄 것도",9
"army of",9
"내가 이끄는",9
"탄 다음",9
"보자고 안녕하세요",9
"해 뭐 좀",9
"받아 제발",9
"이 테이프가",9
"받아 주셔서",9
"탄소 섬유로",9
"해 방법은",9
"남자가 아닙니다",9
"받아낼 거야",9
"이 티셔츠",9
"받아도 될",9
"받아도 될까",9
"탈 수 있지",9
"탈 없을",9
"문제 삼고",9
"고마운 줄 알아야지",9
"탈수 증세가",9
"받아들여야 하는",9
"탈출 계획은",9
"탈출 완료",9
"휴식 좀",9
"around all",9
"받아들이고 그",9
"탈출하는 게",9
"받아들이고 있다",9
"남자가 우리를",9
"탈출한 걸",9
"고마운지 몰라요",9
"탈출할 거예요",9
"탈출할 방법은",9
"받아들이기 힘든 거 알아",9
"탈출할 수 있게",9
"받아들이는 거",9
"해 보자 좋아",9
"갈망하고 있어",9
"받아들이는 겁니다",9
"고마울 수가",9
"탐정 놀이",9
"보장 할",9
"해 본 적이 없어서",9
"받아들이면 안 돼",9
"탐폰 있어",9
"탑승 안내",9
"고마워 가서",9
"탑승하시기 바랍니다",9
"탑승하신 걸",9
"받아들이지 않아요",9
"탓도 있어",9
"이 평범한",9
"탓을 해요",9
"해 봐 어디",9
"갈비 두",9
"탓하진 않아요",9
"탓할 수도 있죠",9
"흉내를 내",9
"아닌 사람들",9
"탔다는 걸",9
"보전할 수",9
"해 봐야 알겠지만",9
"탔을 땐",9
"탕 탕 탕",9
"내가 이런 말 할",9
"받아서 미안해",9
"이 피를",9
"고마워 괜찮을",9
"이 피라미드",9
"태묵의 아파하는",9
"고마워 그가",9
"때문에 돌겠어",9
"받아야 하거든요",9
"해 봤다",9
"때문에 돌아온",9
"I can''t read",9
"해 봤으면",9
"남자는 나를",9
"받아야 할 것 같아요",9
"이 학생",9
"태양도 우릴",9
"태양도 우릴 막을 수",9
"남자는 네",9
"남자는 네가",9
"보죠 그리고",9
"태어나기 전에는",9
"때문에 마음",9
"때문에 마음을",9
"남자는 더",9
"태어나서 한",9
"태어나지만 望めば生まれるけど",9
"태어나지만 望めば生まれるけど 원하면 태어나지만",9
"태어난 거예요",9
"보죠 오늘",9
"태어난 이후로",9
"남자는 아니야",9
"남자는 아무것도",9
"태어났을 텐데",9
"태연한 척",9
"태우고 갈",9
"받았다 네",9
"남자는 없어",9
"on anything",9
"흐른 지금",9
"이 현대",9
"태워 먹을",9
"태워 버려야",9
"태워 버리자",9
"태워 주겠다고",9
"태워 주실래요",9
"태워 준",9
"증명해줄 수",9
"남자는 이미",9
"흐를 때",9
"받았어 그게",9
"I can''t run",9
"태워다 줘서 고마워",9
"남자는 자신의",9
"내가 널 돕게",9
"남자는 제",9
"이 호수",9
"태풍 때문에",9
"해 앨리스",9
"가지러 온다고",9
"택시 부를",9
"때문에 목숨",9
"받았어요 그럼",9
"때문에 무고한 사람이",9
"이 현상은",9
"탭 댄스",9
"해 언니는",9
"탱크가 있어",9
"남자들 때문에",9
"흑인 문화를",9
"받았죠 그리고",9
"받았지 그",9
"내가 널 사랑하는 거",9
"불가능할 것이다",9
"터는 거",9
"고마워 너희들",9
"받으러 갔어",9
"받으러 안",9
"터지는 소리가",9
"터지는 효과음",9
"터진 거죠",9
"받으면 네",9
"받으면 다",9
"터진 후",9
"받으면 다시",9
"받으면 됩니다",9
"때문에 밤에",9
"받으면 우린",9
"턱시도 입은",9
"턴 거야",9
"흔들리는 게",9
"보지 않아서",9
"이거 가지고 있어",9
"고마워 당신도",9
"받으셔야 할",9
"받으신 게",9
"받으실 수 있습니다",9
"보지 않을 겁니다",9
"보지 않을 때",9
"털어놓을 거야",9
"털어놓을 사람이",9
"보지 우리",9
"to talk about the",9
"이거 괜찮지",9
"내가 널 좋아하는",9
"받은 겁니까",9
"갈아야 할",9
"화려함조차도 影をひそめ交わる",9
"받은 것으로",9
"받은 것이다",9
"테고 네가",9
"받은 날",9
"해 이런 식으로",9
"테니 거기서",9
"해 이럴 수가",9
"테니 그건",9
"테니 그때까지",9
"남자랑 잤어",9
"공연 보러 오세요",9
"흔적도 없고요",9
"테니 너희",9
"My heart is",9
"고마워 많이",9
"테니 말만",9
"이거 나눠",9
"남자로 얘기",9
"받은 적이 있나요",9
"테니 신경 쓰지",9
"화를 낼까",9
"테니 얘기",9
"아닌데요 하지만",9
"해 자신을",9
"갈아입는 거",9
"고마워 메리 크리스마스",9
"고마워 몇",9
"다 위험한",9
"때문에 소중한",9
"받을 거잖아",9
"테니 필요한",9
"남자를 만나야 해",9
"남자를 만난 적이",9
"테니까 걱정 말고",9
"테니까 걱정하지 마세요",9
"테니까 고마워",9
"증인도 없고",9
"테니까 그럴",9
"테니까 그렇지",9
"받을 때도",9
"테니까 나는",9
"테니까 내일",9
"받을 만하다",9
"받을 사람",9
"받을 수 없다고",9
"다 이가",9
"아닌지에 대해",9
"테니까 또",9
"테니까 말",9
"때문에 슬퍼하는",9
"You''ll be fine",9
"테니까 세상에",9
"테니까 알겠습니다",9
"테니까 알아",9
"흔적을 지우려는",9
"증인은 지금",9
"해 제시",9
"해 제이미",9
"받을 수 있을 거예요",9
"테니까 자네",9
"테니까 저기",9
"고마워 바로",9
"고마워 밖에",9
"테니까 지금은",9
"보통 다",9
"테니까요 lrm",9
"남자를 좋아한다",9
"이거 돌려주러",9
"테니까요 어떻게",9
"받을 자격 있어요",9
"남자를 죽였어요",9
"받을 자격이 없어요",9
"테니스 라켓을",9
"해 주고 싶은데",9
"갈지 말지",9
"테드 테드",9
"해 주고 싶은 말이",9
"남자를 찾고 있어",9
"남자를 찾아봐",9
"고마워 빨리",9
"테러 사건에",9
"테러 조직과",9
"테러 조직의 일원이다",9
"테러 혐의로",9
"받을지도 몰라요",9
"테러리스트들과 함께",9
"고마워 새로운",9
"그저 몇",9
"내가 네 엉덩이를",9
"갔어 거기서",9
"테러와의 전쟁",9
"테레사의 동생",9
"테스 테스",9
"불구하고 당신은",9
"테스트 한",9
"테스트 해",9
"해 주시면 돼요",9
"테스트를 했는데",9
"받지 않았으면",9
"해 주실 수 있나요",9
"받지 않으려고",9
"이거 머리",9
"해 주잖아요",9
"테이블에 올려",9
"고마워 아무",9
"테이저 건",9
"테이프 어디",9
"발 그리고",9
"테이프가 있어요",9
"이거 멋지지",9
"테이프에 대해",9
"테일 지난",9
"테일 지난 이야기",9
"테일러 부인",9
"really wanted",9
"발 들인",9
"테킬라 한 잔",9
"때문에 어쩔 수 없이",9
"발 밑을",9
"그곳에 있던",9
"발 밑의",9
"텐데 가서",9
"남자와 여자를",9
"텐데 고마워요",9
"남자와 이",9
"텐데 괜찮아요",9
"광주 시민 함께하라",9
"해 줄게 이",9
"텐데 그러게요",9
"남자와 함께 있는",9
"아닐까 해요",9
"텐데 너",9
"다 이해했어",9
"남자의 비명",9
"보트 사고로",9
"이거 방금",9
"텐데 둘",9
"이거 버려",9
"때문에 여기 온 게",9
"감 놔라",9
"텐데 맞아요",9
"발각되지 않고",9
"해 줘서 정말",9
"텐데 시간",9
"텐데 아직도",9
"텐데 아이",9
"텐데 야",9
"텐데 어느",9
"이거 보는",9
"텐데 어떤",9
"텐데 어쨌든",9
"텐데 오늘은",9
"발견 할 것입니다",9
"텐데 우리는",9
"공연을 한다고",9
"텐데 적어도",9
"하니까 기분이",9
"텐데 죄송해요",9
"발견되지 않았고요",9
"텐데요 그냥",9
"텐데요 그럴",9
"텐데요 다른",9
"텐데요 당신",9
"텐데요 아니",9
"발견된 것",9
"텐데요 이건",9
"텐데요 정말",9
"해 처음",9
"발견된 모든",9
"흠 그래",9
"불러 깨워",9
"해 클라크",9
"발견하는 것",9
"My mind",9
"이거 비밀로",9
"토네이도 경보가",9
"토니 내가",9
"발견하지 못할",9
"토니 스타크의",9
"발견하지 못했어",9
"발견한 거에요",9
"때문에 오히려",9
"남지 않는",9
"불러 모으고",9
"아님 좀",9
"아님 적어도",9
"남지 않았다고",9
"토마토 소스",9
"고마워 왔어",9
"토머스 에디슨",9
"보호 프로그램을",9
"가는데 내",9
"남지 않은 것",9
"발견했다고 들었는데",9
"남지 않을 거야",9
"그저 잘",9
"남쪽 입구",9
"해가 뜬다",9
"토요일 밤에 어디",9
"감각이 전혀",9
"불러 안",9
"토요일에 봐요",9
"다 있는 건",9
"남쪽으로 가",9
"남쪽으로 가면",9
"감격한 숨소리",9
"내가 누군지나",9
"흥미롭지 않니",9
"발랄한 음악이 흘러나온다",9
"발랑 까진",9
"남친 있는",9
"톰 코서렉 보안관",9
"톰 터커가",9
"톰 패스벤더",9
"톰 해버포드",9
"톰 행크스가",9
"남친이 있어",9
"내가 있는 거야",9
"발로 걷는",9
"문제가 많다는",9
"남편 그리고",9
"해결책을 찾은",9
"해결책이 될 수",9
"갔어 어떻게",9
"흥미를 가지고",9
"발로 온",9
"발로 차는 소리",9
"통 할",9
"보호하는 것도",9
"발로 차지",9
"통과 못 하면",9
"통과 못 해요",9
"발리 하이",9
"흥분할 수",9
"통과하실 수",9
"통과할 수 있을",9
"발목 잡히지",9
"보호하려고 노력했다",9
"통상부 장관님",9
"통신 링크를",9
"감금되어 있었다",9
"통신 채널",9
"해결할 동안",9
"통신이 끊겼어요",9
"고마워 잘 있어",9
"발사 미사일",9
"남편과 난",9
"통을 들고",9
"통의 전화가",9
"통이 있어요",9
"불러서 온",9
"남편과 아들이",9
"발사 중지",9
"보호할 수 없다",9
"통제 좀",9
"해결할 유일한",9
"보호할 수 있다고",9
"이거 있어",9
"불러야 되나",9
"해결해 볼게",9
"발생 반복한다",9
"때문에 이러는 것",9
"통제를 위해",9
"통제하는 걸",9
"통제하지 않으면",9
"통제할 수 있을",9
"발생한 모든",9
"이거 읽을",9
"통제할 줄",9
"해결해야 하는데",9
"통틀어 제일",9
"발설하면 안 돼",9
"남편은 무슨",9
"발설하지 말라고",9
"내가 다 봤어요",9
"통할 것 같아요",9
"통할 줄 알았어",9
"통합 시스템",9
"발신자 표시제한",9
"통해 그녀를",9
"복 많은",9
"통해 나는",9
"통해 나를",9
"발언할 수",9
"고마워 좋아요",9
"복 받으세요",9
"발에 걸려",9
"PHONE CHIMES",9
"통해 하지만",9
"희망을 잃은",9
"남편을 만나",9
"통해서 그",9
"때문에 있는",9
"공유하는 건",9
"통화 기록에",9
"통화 내용은",9
"통화 중이잖아",9
"통화도 못",9
"희망을 가져",9
"내가 니들",9
"희망이 생겼어",9
"통화를 좀",9
"발이 다",9
"발이 묶였습니다",9
"통화하게 해",9
"발이 묶일",9
"고마워 최고의",9
"남편을 찾아",9
"남편을 찾으러",9
"통화할 수 있는",9
"발자국도 움직이지",9
"고마워 큰",9
"고마워 클레어",9
"발작 같은",9
"발작 때문에",9
"퇴근 전까지",9
"감당 못 하겠어",9
"공유할 것이다",9
"퇴원할 거예요",9
"퇴원할 때",9
"내가 다른 사람과",9
"희망이 있지",9
"그중 한 명을",9
"걸 보니 마음이",9
"on the door",9
"해녀 아키짱",9
"불렀어 그리고",9
"투르 드 프랑스의",9
"남편이 더",9
"내가 다시 걸게",9
"발짝도 움직이지",9
"불렀을 거예요",9
"투자를 하는",9
"발표 할",9
"하다 아",9
"투표 결과는",9
"발표를 했습니다",9
"투표 못",9
"투표도 안",9
"남편이 어디",9
"희생을 치러야",9
"투표하기 전에",9
"복사본 좀",9
"발표해야 해",9
"내가 닫을게",9
"해도 괜찮지",9
"내가 단",9
"퉁퉁 부은",9
"내가 달라고",9
"남편이 있어요",9
"해도 그래도",9
"튀어 나가",9
"남편이 자기",9
"밝게 빛났지만",9
"밝게 빛났지만 이제",9
"남편이 제",9
"고마워요 가",9
"내가 자네들",9
"튤립은 어디",9
"밝은 데서",9
"트래비스 핌멜",9
"밝은 별",9
"트럭 가지고",9
"고마워요 갑시다",9
"트럭 때문에",9
"밝을 때까지",9
"이거에 비하면",9
"해도 돼 그게",9
"복수를 할 것이다",9
"트럭 한 대",9
"밝혀내야 해요",9
"이거지 내",9
"트럭에 타요",9
"남학생 사교 클럽",9
"트럭에 태워",9
"감당이 안 되는",9
"이건 FBI",9
"밝혀야 합니다",9
"밝혀졌습니다 이",9
"밝혀지기 전까지",9
"밝혀지면 내가",9
"밝혀지지 않고",9
"밝혀지지 않았으며",9
"남홍주 씨가",9
"트렁크 쇼는",9
"트렁크에 넣고",9
"트렁크에 있던",9
"트레일러 주차장",9
"트레일러 파크에",9
"밝히는 걸",9
"트렌트 씨",9
"트로이 작전",9
"지겹지도 않아요",9
"이건 게임이 아니에요",9
"가늠이 안",9
"이건 계획된",9
"복수하기 위해 결국 누군가는",9
"해도 막을",9
"밝힐 수 없습니다",9
"밝힐 수는",9
"밝힐 순",9
"관광 명소",9
"특별 대우는",9
"내가 당신을 믿어야",9
"특별 메뉴는",9
"특별 손님이",9
"고마워요 그러면",9
"해도 소용",9
"해도 소름",9
"복숭아 파이",9
"아들 못",9
"밤 가장",9
"밤 거의",9
"특별한 기술을",9
"특별한 날이에요",9
"불리한 증언을 하다",9
"밤 그곳에 있었다",9
"고마워요 기분",9
"고마워요 기분이",9
"해도 말 안",9
"맛이 이상해",9
"특별한 의미가 있는",9
"밤 나한테",9
"감당할 수 없다면",9
"납치하는 건",9
"특별한 한",9
"특별할 건",9
"특별히 font face",9
"특별히 굵은 줄",9
"밤 당신과",9
"특별히 이상한",9
"내가 대신 사과할게",9
"특별히 할",9
"밤 되시오",9
"고마워요 너",9
"문제가 생길까",9
"해두는 게 좋을",9
"특수 임무",9
"밤 말고",9
"해둘 필요가",9
"해드리고 싶습니다",9
"해드리는 게",9
"해드려서 죄송합니다",9
"히터 좀",9
"해드리면 저도",9
"갔어요 어디로",9
"밤 비행기로",9
"불만을 가진",9
"내가 당연히",9
"특정 방식으로",9
"복잡한 일에",9
"이건 내 생각이",9
"괜찮다는 거지",9
"as our",9
"특히 그들이",9
"밤 어떻게",9
"낫고 싶어요",9
"힘 빠진",9
"내가 작업",9
"특히 너희",9
"고마워요 다음은",9
"특히 당신은",9
"낫긴 하지만",9
"걸 보시면",9
"낫네요 고마워요",9
"특히 젊은",9
"때문에요 당신은",9
"고마워요 당연하죠",9
"밤 일찍",9
"이건 내가 바라던",9
"힘 조절이",9
"이건 내가 선택한",9
"틀 밖에서",9
"복주 그",9
"낫다고 할",9
"틀렸다고 봐요",9
"틀렸어요 당신이",9
"틀렸어요 당신은",9
"고마워요 됐어요",9
"밤 해변에서",9
"본 거 같아서",9
"낫지 네가",9
"틀린 말은 아니에요",9
"고마워요 드디어",9
"절대 도망 안",9
"틀릴 때가",9
"해변 프릭",9
"틀림 없습니다",9
"이건 네 싸움이",9
"틀림없이 가지고",9
"틀림없이 그것을",9
"해변에 누워",9
"해방해주소서 우리를 해방해주소서",9
"틀림없이 있을",9
"밤새 날",9
"아들은 아직",9
"본 거냐",9
"해변으로 가자",9
"본 거라곤",9
"났고 그",9
"감당할 자신",9
"해보고 싶다고",9
"티 타임",9
"티 팍팍",9
"불법 거래",9
"as soon as we",9
"티끌 하나 없는",9
"본 건 언제죠",9
"고마워요 멋진",9
"티모시 맥기",9
"밤에 네가",9
"티켓을 가지고",9
"그쪽은 어떻게",9
"났어 그게",9
"났어 그냥",9
"틴 초이스",9
"고마워요 무슨 일이에요",9
"났어 그럼",9
"팀 그",9
"났어 넌",9
"밤에 떠오르는 青い光に",9
"as such",9
"났어 무슨 일이야",9
"해본 적 있으세요",9
"팀 주장",9
"팀 플래시",9
"났어 젠장",9
"힘든 날",9
"난 당신이나",9
"밤에 봬요",9
"팀에서 온",9
"밤에 얘기하자",9
"밤에 어디에",9
"팀을 만들",9
"갔었어 그",9
"해봐 나는",9
"팀을 위한",9
"팀을 이끌",9
"공주 전하와",9
"났을 뿐이야",9
"이건 마약",9
"이건 마음에",9
"때문이야 그런데",9
"해봐 어디",9
"내가 도와주길",9
"때문이야 근데",9
"팀이 한",9
"고마워요 부인",9
"해봐도 될까",9
"팁은 안",9
"팁을 주고",9
"때문이야 그런",9
"해봐야 한다고",9
"파 봐야",9
"파고 들었다",9
"힘든 시기입니다",9
"밤에는 못",9
"파괴와 재생에서 破壊と再生から",9
"파괴와 재생에서 破壊と再生から 파괴와",9
"이건 모두의",9
"파괴할 거라고",9
"밤은 어때",9
"이건 모욕이야",9
"이건 명령입니다",9
"힘든 일이긴",9
"파는 거요",9
"파는 데가",9
"파는 물건",9
"내가 도와줄게 고마워",9
"낭비하는 걸",9
"낭비하는 것",9
"고마워요 아가씨",9
"아들을 보게",9
"아들을 죽였습니다",9
"파도소리의 메모리를",9
"낭비하면 안 돼",9
"파도에 휩쓸려",9
"해서 나쁜",9
"해서 넌",9
"파란 거",9
"밤을 새웠어요",9
"낭비하지 마요",9
"이건 민주주의가",9
"걸 보여준",9
"밤의 생명체여",9
"해서 모두",9
"A miracle",9
"고마워요 아직도",9
"파면 팔수록",9
"불쌍한 것들",9
"본 사람한테",9
"파블로 에스코바는",9
"이건 부당해요",9
"밤이면 밤마다",9
"힘든 일에",9
"파악도 못",9
"해서 여기까지",9
"밥 더",9
"파악이 안 되는",9
"고마워요 알았어요",9
"파악할 수 있게",9
"밥 맛있게",9
"밥 먹게",9
"파워를 가진",9
"낮은 거",9
"밥 먹어라",9
"밥 먹으러 갈",9
"밥 먹으러 갈까",9
"감명 깊은",9
"이건 비밀이에요",9
"파인우드 씨",9
"파일 어디",9
"지금 가려고",9
"밥 스톤",9
"내가 부모님을",9
"그칠 거야",9
"이건 설마",9
"때문이지 왜",9
"다 죽었잖아요",9
"이건 속임수야",9
"밥 줄게",9
"밥 챙겨",9
"괜찮습니다 난",9
"이건 시험이야",9
"낮출 수도",9
"공중에 뜬",9
"해서요 이제",9
"불쌍한 엄마",9
"낮춰 주세요",9
"이건 실수하는 거야",9
"밥은 내가",9
"낯 뜨거운",9
"파트너가 아니에요",9
"밥은 언제",9
"밥은 왜",9
"해선 안 됩니다",9
"파트너를 못",9
"파트너를 죽였어요",9
"해수가 흐느낀다",9
"on your feet",9
"밥을 잘",9
"밥을 주고",9
"파티 갈래",9
"파티 같은 거",9
"파티 계획",9
"아들인 것",9
"본 적도 있어",9
"is a great",9
"낯선 사람을 죽이고",9
"낯선 사람을 죽이고 있어",9
"파티 시작이다",9
"파티 여는 거",9
"힘들게 하고 있어",9
"I supposed to do",9
"파티 장소가",9
"파티 중이야",9
"불쌍한 척",9
"낯선 이가",9
"감방 안에서",9
"해안 경비대와",9
"파티가 끝나고",9
"때문일지도 모른다",9
"방 먹였네",9
"파티가 있었어요",9
"내가 잡으러 간다",9
"해야 당신이",9
"방 먹이는",9
"해야 돼 그럼",9
"해야 돼 내",9
"파티도 안",9
"이건 아셔야",9
"난 더 많은 걸",9
"방 벽에",9
"파티를 열거야",9
"걸 본 목격자가 있어요",9
"낯익지 않아",9
"파티를 즐겨요",9
"방 앞에",9
"because I don''t",9
"파티를 할 거예요",9
"파티를 할 수",9
"감방에 넣어",9
"방 전체에",9
"해서 놀랐어요",9
"낳고 잘",9
"낳기 위해",9
"파티에 갔어요",9
"파티에 갔어",9
"하던가 아니면",9
"파티에 같이 가자고",9
"때보 다",9
"방 하나짜리",9
"이건 약속이야",9
"다 죽을 수",9
"낳아 준",9
"파티에 필요한",9
"파티에서 찍힌",9
"파티할 수",9
"이건 어쩌면",9
"파헤치고 있어",9
"방금 그 말을",9
"고마워요 잘했어요",9
"판 거죠",9
"감방에서 말이야",9
"낳을 수 없어요",9
"이건 어떻게 설명할",9
"불쑥 찾아와서 미안해요",9
"낳을 수는",9
"판결을 받게",9
"판결을 받는",9
"판결을 받아야",9
"해야 할 거 같아요",9
"방금 그에게",9
"판다 익스프레스",9
"내 DNA",9
"힘들어 알아",9
"판단 할",9
"이건 여기에",9
"판단에 의문을",9
"방금 끝났어요",9
"감사 기도를",9
"판단을 내린",9
"판단을 내릴 수",9
"방금 나갔다",9
"힘들어 하고",9
"판단을 한",9
"방금 나에게 말했다",9
"본능 같은",9
"해야 할 수도",9
"판단하지 않을",9
"방금 너에게",9
"해야 할 일을 알고",9
"내 가랑이",9
"because I know",9
"본능을 가지고",9
"판사가 뭐라고",9
"판사님 이",9
"이건 오직",9
"다 준비가",9
"방금 마지막",9
"고마워요 제발",9
"내 가슴을 찢어",9
"괜찮습니다 지금",9
"팔고 싶은",9
"방금 말한 게",9
"I checked",9
"힘들어하면서 다",9
"팔꿈치가 허리를",9
"팔꿈치는 바깥으로",9
"방금 먹었잖아",9
"팔려고 해요",9
"팔려고 해",9
"방금 무슨 짓을 한",9
"방금 문",9
"이건 인권",9
"이건 인류",9
"감사 카드를",9
"본때를 보여주고",9
"팔아서 그",9
"팔아서 돈",9
"고마워요 지금은",9
"내 가족을 죽였어",9
"해야 해요 난",9
"팔에 상처를",9
"방금 뭘 한 거야",9
"once in my life",9
"팔을 꽉",9
"내 가족이 날",9
"팔을 부러뜨렸어",9
"팔을 잘라",9
"팔을 활짝",9
"감사는 나중에",9
"불어 할 줄",9
"해야겠어 네",9
"고마워요 첫",9
"방금 소식을",9
"once was",9
"내 가족한테서",9
"팔찌에 대해",9
"방금 시간",9
"이건 전",9
"고마워요 친구",9
"내 간을",9
"방금 아빠",9
"패는 거야",9
"패니 브라이스",9
"하던데 그럼",9
"패를 쥐고",9
"내 감시",9
"해야죠 무슨",9
"방금 왔습니다",9
"본성에 대해",9
"패턴이 있는",9
"갖다 드리고",9
"이건 정치야",9
"해야죠 아뇨",9
"고마워요 할머니",9
"본인 말로는",9
"방금 자네가",9
"방금 쟤가",9
"헌신할 수",9
"고마워요 혼자",9
"괜찮아 걱정할 거",9
"방금 저한테",9
"공평하지 않다고",9
"힘을 느낄",9
"퍼뜨리는 거지",9
"모아 봐 헛되지",9
"방금 전화가 왔어",9
"퍼스트 오더",9
"방금 전화를 받았어",9
"감사드립니다 저는",9
"공평하지 않잖아",9
"내가 들은 것",9
"내 거길",9
"ask questions",9
"근거가 있습니다",9
"해야할 때",9
"본인이 누군지",9
"방금 첫",9
"펀런 구간",9
"방금 한 말이",9
"내 거실에서",9
"고마워할 것 없어",9
"지금 그런 말이",9
"본인이 얼마나",9
"방금까지 여기",9
"걸 봐도",9
"페이스 페인팅",9
"페이지 씨",9
"땐 나",9
"본적도 없는",9
"이건 항상",9
"본적 있나",9
"해요 그 사람들이",9
"펜과 종이를",9
"방문을 위해",9
"내 걱정은 말아요",9
"방문자가 있습니다",9
"고맙게 받을게",9
"편 아니야",9
"편도 티켓",9
"방문해야 할",9
"방문해주셔서 감사합니다",9
"방범 카메라에",9
"방법 가리지 말고",9
"방법 네",9
"내 검은",9
"편에 서지",9
"근데 거기에",9
"편은 아닌데",9
"볼 거잖아",9
"편을 들다니",9
"내 것도 그래",9
"방법 없을까요",9
"내 것만",9
"볼 건 다",9
"편이 낫겠네요",9
"감사의 말씀을 드려야",9
"편이 아니면",9
"편이 아닌",9
"편이 좋겠어",9
"방법도 찾을",9
"편지 한 통을",9
"편지는 안",9
"one day I",9
"편지를 못",9
"내 것이지",9
"편지를 받으실",9
"편지를 받을",9
"볼 날이",9
"편지를 보냈죠",9
"해요 둘 다",9
"I feel bad",9
"편지의 사본을",9
"해요 마약",9
"내가 라일라를",9
"편집할 때",9
"땐 어떻게 해야",9
"감사절 때",9
"방법은 단 한",9
"고맙네 그",9
"방법은 딱 한",9
"편하게 먹고",9
"편하게 먹어",9
"지금 같아선",9
"방법은 많아요",9
"해요 내게",9
"편하게 생각해요",9
"편하게 앉으세요",9
"방법은 아니에요",9
"땐 엄청",9
"편하게 하고",9
"방법은 알아요",9
"편한 곳에",9
"편한 대로 해요",9
"편한 옷으로",9
"해요 무슨 일이죠",9
"감사하고 싶습니다",9
"편히 먹어",9
"방법은 있다",9
"편히 쉬길",9
"편히 쉬다",9
"편히 쉬면서",9
"방법은 잘",9
"내가 마신",9
"불을 피운",9
"내 경험으로 보면",9
"asked him",9
"펼쳐질 겁니다",9
"방법은 항상",9
"내 경호원이",9
"지금 내 옆에",9
"You''re fine",9
"평범하지 않아요",9
"평범한 걸",9
"방법을 배울",9
"평범한 사람들은",9
"방법을 생각해낼",9
"해요 아내와",9
"평범한 생활",9
"평범한 시골",9
"방법을 써야겠군",9
"평범한 일이",9
"힘이 없으면",9
"내 곁을 지켜",9
"평생 나",9
"평생 남을",9
"내 계정을",9
"감사하다고 전해",9
"볼 수 없다니",9
"방법을 알려주지",9
"평생 도망",9
"평생 돈 걱정",9
"방법을 알아내는",9
"내 계획의 일부야",9
"평생 볼",9
"평생 불구로",9
"평생 살아야",9
"평생 숨어",9
"평생 쓸 수",9
"asked to",9
"고맙다 또",9
"내 고객들",9
"방법을 찾겠지",9
"볼 수 있게 됐어",9
"평생 친구",9
"평생 한 번도",9
"땡전 한 푼도",9
"방법을 찾아내겠지",9
"평생을 여기서",9
"평생을 찾아 헤맨",9
"평생을 찾아",9
"평소 같은",9
"이걸 보여주는",9
"평소와 다를",9
"방법을 찾아야 하는데",9
"평소와 다름없이",9
"내 고향이",9
"평소와는 다른",9
"평정심을 유지하고",9
"평판이 좋지",9
"공항까지 데려다",9
"평화 협정",9
"내가 마지막이야",9
"내 공식",9
"방법을 찾으세요",9
"걸 봤어요 그래서",9
"내가 만나러",9
"평화로운 음악",9
"공항에 가야 해",9
"평화롭게 사는",9
"고맙다 저",9
"방법을 찾을 때까진",9
"떠 있었어",9
"방법을 찾을 수도",9
"평화를 유지하는",9
"평화를 줄",9
"right in front of",9
"내 과거에 대해",9
"평화를 찾을 수",9
"is all that",9
"이걸 사용하면",9
"평화와 축복이",9
"폐를 끼쳐 죄송합니다",9
"방법이 분명히",9
"볼 수 있다''",9
"방법이 생길",9
"폐에 있는",9
"폐하 납시오",9
"방법이 없군요",9
"떠나 넌",9
"내 구상이다",9
"내 구역",9
"해요 절대로요",9
"Do as you",9
"포격 준비",9
"내가 만드는 것",9
"해요 전에",9
"포기 안 한다고",9
"방법이 없었잖아요",9
"포기 안 했어요",9
"공항에서 비행기를",9
"해요 조지",9
"강 씨는",9
"포기도 모르는",9
"방법이 없지는",9
"방법이 없진",9
"가능성이 너무",9
"볼 수 있었습니다",9
"포기하기엔 너무",9
"내 권리야",9
"방법이 있긴 해요",9
"asking you to",9
"포기하는 순간",9
"방법이 있는 것",9
"해요 지금요",9
"떠나 우리",9
"내 권한이",9
"해요 지난",9
"right next",9
"포기하지 않아서",9
"잠에서 깼어요",9
"방법이 있소",9
"근데 그렇지",9
"포기하지 않았지",9
"이걸 어쩌면",9
"이걸 어쩐다",9
"방법이 있었다",9
"이걸 언제 다",9
"포기해 난",9
"볼 수 있을지도 몰라",9
"고맙다는 말은 됐어요",9
"해요 학교",9
"내 그냥",9
"포도 주스",9
"해요 현재",9
"방법이 정말",9
"포드 박사가",9
"방법이 좀",9
"포레스트 검프",9
"포르노 배우가",9
"내 그림은",9
"이걸 위한",9
"포르노를 보는",9
"떠나게 된",9
"볼 수가 없지",9
"방법이야 내가",9
"이걸 입어요",9
"이걸 자식이라고",9
"포위하고 있어",9
"해주길 바라는",9
"볼 수도 있을",9
"방사능 낙진",9
"포천 오브",9
"이걸 제",9
"이걸 제일",9
"방사능 수치는",9
"방사능 측정기",9
"이걸 좋아해",9
"방사능에 오염된",9
"근데 나한텐",9
"방사성 물질이",9
"이걸 자식이라고 내가",9
"내 기분이 어떨지",9
"내가 말만",9
"right now and",9
"방송 시작",9
"폭력 사건을",9
"지금 당장 무슨",9
"폭력 전과도",9
"해주신 거",9
"폭력에 관한",9
"해주실 수 있어요",9
"방송을 통해",9
"감사합니다 그냥",9
"해주지 네",9
"해주실 거야",9
"폭력적인 성향을",9
"폭로하기 위해",9
"방식 아닌가요",9
"폭발 사건이",9
"폭발 장치가",9
"폭발 현장",9
"폭발 현장에서",9
"방식대로 하면",9
"해주지 하지만",9
"폭발로 죽은",9
"해준 것에 대해",9
"폭발에 대해",9
"폭발을 일으킬 수",9
"방식에 대해서",9
"폭발이 일어날",9
"폭발이 있었고",9
"내가 말하기 전엔",9
"볼 줄도",9
"폭발할 겁니다",9
"이걸 해서",9
"폭스트롯 델타",9
"내 껄",9
"폭탄 테러와",9
"방식이 맘에 들어",9
"폭탄은 어디",9
"내 꿈 꿔",9
"감사합니다 그만",9
"방식이 있지",9
"방식이 정말",9
"방식이 참",9
"방식이야 사람들",9
"방식이야 사람들 맨",9
"이걸로 다시",9
"방식이야 사람들 맨 아래",9
"해줄 수 있죠",9
"방심하지 마라",9
"내 꿈을 이룰",9
"폭탄이 안",9
"볼 필요는 없어",9
"방아쇠를 당겨야",9
"방아쇠를 당기게",9
"폭풍 속에",9
"방아쇠를 당기라고",9
"내가 말하려던 거야",9
"방아쇠를 못",9
"폭풍이 심해지고",9
"폭풍이 오기",9
"폭풍이 온다",9
"고맙습니다 별말씀을요",9
"이걸로는 안",9
"아마 제일",9
"내 나무",9
"고맙습니다 빨리",9
"폰 브라운을",9
"방어선을 뚫고",9
"다 파괴할",9
"내 나이를",9
"폴 뉴먼",9
"폴 매카트니가",9
"내 난자는",9
"폴닥 대위님",9
"볼게 알았어",9
"이것 말고",9
"볼게 오늘",9
"방에 누가 있어",9
"해줘 한",9
"과거 일을",9
"이것 봐 넌",9
"표 의원",9
"표 있어요",9
"표 차로",9
"내 남자 친구는",9
"내가 말한 적",9
"이것 없이는",9
"방에 들어갔어요",9
"근데 너한텐",9
"방에 들어오면",9
"해줘요 날",9
"표만 더",9
"진짜라고 믿게",9
"감사합니다 네가",9
"내가 말하죠",9
"해줘요 알았어요",9
"볼게요 내",9
"떠나려 하지",9
"표시되지 않은",9
"방에 우리가 몇",9
"방에 우리가",9
"방에 있게",9
"방에 있나요",9
"방에 있는 거",9
"볼게요 어디",9
"해지기 전까지",9
"표정 관리",9
"표정 뭐야",9
"표정 하지",9
"방에 있을게",9
"NZT 복용",9
"볼게요 제",9
"내가 말해 줄게",9
"표정을 지어요",9
"표정이 너무",9
"표정이 아주",9
"이것 좀 봐주세요",9
"이것 좀 어떻게",9
"표준 절차야",9
"아마 절",9
"해치는 게 아니라",9
"감사합니다 당신은",9
"볼까 하고",9
"내 네",9
"해줄수 있어요",9
"근데 놈들이",9
"표현이 안 돼",9
"해치려는 게 아니에요",9
"가능성이 있나",9
"내가 말해줄 수 있는",9
"이것도 그런",9
"걸 상상하고",9
"푸드 트럭이",9
"해치지 마라",9
"푸른 빛에 孤独を隠す 고독을",9
"푸른 빛에 孤独を隠す",9
"내 농담은",9
"고맙습니다 좋은 하루",9
"내 농장에",9
"내 농장에서",9
"경계를 늦추지 마라",9
"볼수 있게",9
"볼수 있다고",9
"내가 말했다면",9
"방으로 가시죠",9
"푹 쉬라고",9
"푹 쉬도록",9
"방으로 가지",9
"내가 말했던 건",9
"방으로 걸어",9
"푹 자는",9
"방으로 데려가서",9
"떠나시면 안",9
"푹 좀",9
"방으로 들어가요",9
"푼도 더",9
"볼일 끝났으면",9
"풀 거예요",9
"이것들 중 하나에",9
"이것들 진짜",9
"풀 수 있지",9
"고맙지만 그럴",9
"볼일 있으면",9
"내 눈구멍",9
"지금 말씀은",9
"Do as you are",9
"방을 쓰게",9
"풀리는 게",9
"풀리지 않았어",9
"풀린 건",9
"방을 잡아라",9
"방을 혼자",9
"풀어 내가",9
"방이 더",9
"풀어 주자",9
"풀어 줄 거예요",9
"방이 있는",9
"방이 있는데",9
"볼트 커터",9
"고맙지만 이",9
"다 하다니",9
"감사합니다 모든",9
"이것에 대해서는",9
"내가 망쳤지",9
"봄 여름",9
"품격 있어",9
"떠나지 못하게",9
"내 눈을 바라봐",9
"떠나지 못한다",9
"풍경이 울린다",9
"감사합니다 뭘요",9
"풍연의 아파하는 신음",9
"풍연의 힘주는",9
"NZT를 먹고",9
"방해나 하지",9
"봅시다 내",9
"아마도요 아마도",9
"프라이 씨",9
"프라이트 나이트",9
"핸버리 가",9
"하려 할",9
"햄 라디오",9
"햄록 그로브",9
"다 학교",9
"햄린 씨",9
"봅시다 왜",9
"근데 말이 안",9
"햇빛 때문에",9
"프랑스 영화",9
"Bit of",9
"내 달콤한",9
"이것은 우물이다 배불리",9
"at last",9
"봉쇄 우리를 열어",9
"프랭크 굿나잇은",9
"근데 말을",9
"내가 맡아서",9
"프랭크 넌",9
"프랭크 때문에",9
"고문하는 거야",9
"프랭크 시내트라",9
"했거든 네",9
"이것은 하나의",9
"과거에 관해",9
"했거든요 그게",9
"이것은 훈련이",9
"내 댄스",9
"이것은 좋아",9
"이것을 가지고 있다",9
"프레드 커비가",9
"프레드 커비의",9
"문제를 하나",9
"했거든 나도",9
"감사합니다 선배님",9
"했겠지 그건",9
"방향 감각이",9
"프렌치 키스",9
"프로 서퍼",9
"떠난 동안",9
"프로그램 되어",9
"프로그램 중",9
"내 도움을 원치",9
"Check it out",9
"과거에 방문했다",9
"방향을 바꾸고",9
"이것을 찾고",9
"프로답지 못하게",9
"이것을 좋아하지",9
"했고 모든",9
"방향을 잡고",9
"했고 안",9
"방향을 틀었다",9
"프로토콜이 활성화되었다",9
"프로토콜에 따르면",9
"근데 무슨 일이야",9
"프로토콜이 활성화되었다 이건",9
"배 고파",9
"내 돈 갖고",9
"이것이 그랬다",9
"내 돈 다",9
"프리처 지난",9
"프릭 쇼",9
"프린지 지난",9
"내가 먹던",9
"이것이 무엇을",9
"했길래 이렇게",9
"배 아픈",9
"감사합니다 아니에요",9
"내 돈은 어디 있어",9
"내 돈을 가지고",9
"했네요 이제",9
"이것이 제",9
"해줄수 있는",9
"내가 먼저 갈",9
"플로리다에서 온",9
"이것보다 나은",9
"봐 걔가",9
"플로키 구스타프 스카스가드",9
"과거와 미래의",9
"했는 걸요",9
"내가 먼저 널",9
"감사합니다 아빠",9
"배가 고프다고",9
"봐 걱정돼서 그래",9
"했는데 그러면",9
"only gonna",9
"내 동료랑",9
"배가 곧 떠난다",9
"봐 걱정되는",9
"배가 너무 고파서",9
"내가 먼저 죽으면",9
"했는데 꽤",9
"했는데 나타나지",9
"떠날 거라는",9
"고민할 때",9
"피가 가득",9
"봐 겁나지",9
"했는데 말을 안",9
"only if",9
"피가 아니라",9
"했는데 모든",9
"고민해야 할",9
"피가 이렇게",9
"피가 있다",9
"피가 잔뜩",9
"피가 잘",9
"피가 튀는",9
"피가 필요한",9
"배고파 뭐",9
"내가 멋진 걸 알아",9
"피고에 대한",9
"피고는 무죄입니다",9
"떠날 때 나한테",9
"내 동생처럼",9
"배고픈 걸",9
"했는데 상황이",9
"고백도 하고",9
"배고플 것 같아서",9
"봐 그게 뭐야",9
"고백을 못",9
"했는데 완전히",9
"피닉스 재단",9
"피도 없고",9
"했는데 우리는",9
"이게 내 진짜",9
"배달 통을",9
"배달은 안",9
"봐 거짓말한",9
"떠날 생각도",9
"했는데 자꾸",9
"피를 마시면",9
"내 뒤통수",9
"피를 봐야",9
"배로 갚아",9
"했는데 전혀",9
"피를 흘릴 것이다",9
"배로 씨가",9
"했는지 기억이 안 나",9
"아무 대가 없이",9
"배를 가르고",9
"피부 이식",9
"피부 이식을",9
"피부 조직을",9
"피부를 통해",9
"과다 복용을",9
"배를 소유한",9
"피아노 잘",9
"떠날지도 몰라요",9
"배를 타지",9
"피어라 戻る場所なんてない",9
"피어라 戻る場所なんてない 돌아갈 곳이라곤",9
"배리 안",9
"피와 살로",9
"피우고 있어요",9
"배불리 마시고 내려가라",9
"피우는 사람",9
"배속 엔진",9
"내 딸을 위해서",9
"피우지 않고",9
"피운 적",9
"피워 놓고",9
"했는진 모르겠지만",9
"피워야 해요",9
"했다 그건",9
"고생을 좀",9
"떠났던 거야",9
"내가 모르는 뭔가가",9
"했다 그를",9
"피자 먹는",9
"배신하지 않아요",9
"했다 그리고 그",9
"고생을 한",9
"배신하지 않았어",9
"졸려 죽은",9
"배신하지 않을 것이다",9
"피자 파티",9
"했다 당신이",9
"했다 두",9
"배신한 적 없어",9
"피커 씨",9
"배신할 거라고",9
"고생이 많네",9
"했다 만약",9
"내 딸이요",9
"배신할 수 없어",9
"피터 딘클리지",9
"고생이 많았다",9
"피터 맥리쉬는",9
"배신했어 날",9
"피터 이제",9
"이게 마지막이니까",9
"내 땅에서 나가",9
"내 땅이야",9
"했다고 그게",9
"봐 누굴",9
"피터스 씨",9
"배양 검사",9
"했다고 믿고",9
"배에 실어",9
"내가 모시는",9
"피트 이내에",9
"강력계 형사",9
"피하고 싶습니다",9
"고생한 줄 알아",9
"배에 태울",9
"이게 모두를",9
"배에서 내려",9
"피하는 법을",9
"지금 상황을 보면",9
"했다고 하지",9
"피하지 마요",9
"이게 무슨 냄새죠",9
"피한 게",9
"배우가 되는",9
"내 마누라도",9
"배우가 아니에요",9
"봐 대체 왜",9
"피할 수 있습니다",9
"이게 무슨 뜻일까요",9
"배우고 싶다고",9
"내 마당에서",9
"떠는 것도",9
"배우고 있습니다",9
"피해 상황은",9
"내 마을을",9
"했다는 소문이",9
"했다 그들이",9
"내 마음 속의",9
"내 마음 알지",9
"떠드는 건",9
"피해자 몸에",9
"내 마음대로 할 거야",9
"내가 못 찾을",9
"피해자 손에",9
"피해자 신원",9
"피해자 유형이",9
"과분한 여자야",9
"피해자가 누군지",9
"고소할 거라고",9
"배운 것처럼",9
"이게 뭐 하는 거야",9
"내 마음속엔",9
"배운 덕이죠",9
"했더니 안",9
"피해자를 위한",9
"ooh la",9
"내 마음은 안",9
"했던 거 기억나요",9
"배울 것입니다",9
"했던 거고",9
"내 마음을 바꿀",9
"봐 만나서",9
"했던 거랑",9
"핀치 나는",9
"배울 수 있습니다",9
"했던 것 같습니다",9
"배울 수 있죠",9
"봐 말할",9
"고속도로 순찰대가",9
"필녀 씨",9
"내 마음이 얼마나",9
"필리파 조지우 선장의 유언장을",9
"배웅 안",9
"봐 맞아요",9
"이게 바로 나야",9
"봐 멈춰",9
"필요 없겠군요",9
"배워야 했어요",9
"했던 말 때문에",9
"내가 무슨 도움이",9
"했던 말 기억해요",9
"떠오르는 青い光に 푸른",9
"필요 없다네",9
"봐 모르겠어",9
"배제를 할",9
"배제를 할 때에는",9
"고스트 호가",9
"내 말 들어 그",9
"배짱 없는",9
"필요 없어 여기서",9
"내 말 들어 네가",9
"필요 없어 우리는",9
"필요 없어 이게",9
"배짱이 없는",9
"필요 없어 자",9
"했던 유일한",9
"봐 문을",9
"필요 없어 정말",9
"내가 무슨 말을 해야",9
"지금 시간 돼",9
"필요 없어요 그리고",9
"필요 없어요 다",9
"배치할 겁니다",9
"고아가 될",9
"걸 아는 거지",9
"내 말 들었나",9
"이게 앞으로",9
"내 말 들으세요",9
"고압 전류",9
"했든 안 했든",9
"했든지 간에",9
"내 말 똑똑히 들어요",9
"이게 어디로 가는지",9
"배틀을 하면",9
"이게 어떤 건지",9
"근데 여기에",9
"했소 하지만",9
"필요가 뭐가",9
"했습니다 그들은",9
"필요가 없겠죠",9
"내 말 명심해라",9
"떠올리게 될",9
"이게 어떻게 된 겁니까",9
"필요가 없었을",9
"내 말 믿게",9
"필요가 있는지",9
"했습니다 오늘",9
"백 년도",9
"필요가 있었습니다",9
"필요가 있었던",9
"했습니다 왜",9
"필요까진 없었는데",9
"백 달러에",9
"백 달러짜리",9
"고양이 두",9
"과연 뭘까",9
"필요는 없어 내가",9
"봐 봤어",9
"백 배",9
"opening up",9
"걸 아는데도",9
"백 파운드",9
"필요도 없었다",9
"필요도 없었을",9
"내 말 이해했어",9
"했어 거짓말",9
"백년 살고",9
"필요로 하는건",9
"떡이 된",9
"백마 타고",9
"백만 개를",9
"백만 년 전에",9
"내 말 좀 끝까지",9
"이게 왜 이러지",9
"필요로 했다",9
"필요로 했을 때",9
"고양이 알레르기가",9
"필요없을 것",9
"필요조차 없다",9
"내 말 틀려",9
"필요치 않아요",9
"지금 아버지가",9
"내가 무슨말",9
"필요하기 때문이다",9
"내 말대로 안",9
"백만 달러쯤",9
"강력한 존재가",9
"백만 명 중",9
"and if I",9
"이게 우연의",9
"필요하다고 생각해요",9
"했어 그렇다고",9
"필요하다고 한",9
"이게 유일한 방법이에요",9
"필요하다면 뭐든",9
"했어 그리고 그",9
"백민정 지난 이야기",9
"필요하면 어떻게",9
"백번도 더",9
"필요하면 전화해요",9
"필요하지 네",9
"백신 개발에",9
"백신 접종",9
"필요하진 않을",9
"필요한 거 없니",9
"지금 안 좋은",9
"백신을 안",9
"내 말은 그게 아니잖아",9
"근데 왜 말 안",9
"이게 저희",9
"걸 아무도 알면",9
"내 말은 너",9
"필요한 걸 갖고",9
"백인 여성이",9
"이게 정확히 어떻게",9
"필요한 게 있으면 말만",9
"내 말은 우린",9
"떨어 뜨 렸어",9
"근데 왜 이",9
"at the speed of",9
"필요한 말을",9
"이게 죽으려고",9
"고용 지원",9
"내 말은 이제",9
"필요한 물건이",9
"필요한 사람도",9
"내 말은요",9
"내 말을 귓등으로",9
"or in",9
"근데 왜 지금",9
"내가 물었을 때",9
"고용하고 싶어요",9
"필요한 정보는 다",9
"필요한 정보를 다",9
"밴을 몰고",9
"필요한 조치를",9
"봐 어젯밤",9
"밴이 있어요",9
"필요한거 있어",9
"밸런타인데이 축하해",9
"떨리는 나의 목소리가 들린다면",9
"고용하는 건",9
"필요한데 네가",9
"내가 뭐 도울",9
"필요할 거야 그리고",9
"내 말을 따르지",9
"고용하지 않았다",9
"필요할 걸요",9
"이게 통할까요",9
"필요할 것 같으니",9
"이게 필요하다",9
"했어 우리도",9
"뱅스니스 제니퍼",9
"내 말을 안 믿어",9
"뱉는 소리",9
"고용한 사람을",9
"필요해 그만",9
"했어 전혀",9
"했어 어제",9
"필요해 내게",9
"이게 확",9
"필요해 맙소사",9
"필요해 먼저",9
"필요해 보여요",9
"or no",9
"필요해 빨리",9
"근데 원래",9
"했어 항상",9
"round the",9
"내가 뭐라고 했나",9
"지금 어디니",9
"내 말이 맞다는 거",9
"고운 말 써",9
"했어야 되는데",9
"필요해 제",9
"내 말이 맞으면",9
"봐 왜냐하면",9
"필요해 할",9
"버려 그래",9
"했어요 가장",9
"필요해서 날",9
"이겨야 한다고",9
"봐 우리를",9
"필요해서 왔어요",9
"필요해요 계속",9
"고유 한",9
"과장이 아니라",9
"이겼어 우리",9
"버려두고 갈",9
"내 말이 틀렸나요",9
"필요해요 여긴",9
"내 말이라면",9
"필요해요 우리는",9
"필요해요 이거",9
"필요해요 이미",9
"고의로 그런 게",9
"버려진 건",9
"했어요 그렇다면",9
"필요해요 진짜",9
"버려진 채",9
"필요했어 그리고",9
"했어요 나쁜",9
"버렸다는 거야",9
"필욘 없을",9
"봐 이러면",9
"버렸어 그럼",9
"핑계 댄",9
"핑크 씨",9
"하 선생님",9
"떨리는 나의 목소리가",9
"버렸어요 왜",9
"봐 이봐요",9
"강림이 살짝 웃는다",9
"버렸지 그래서",9
"강림이 형",9
"하거든요 그런데",9
"하거든요 그럼",9
"아무것도 가진 게",9
"내가 뭘 놓쳤나",9
"버릇이 돼서",9
"하게 됐네요",9
"하게 됐다",9
"했어요 시간",9
"감사해요 저",9
"하게 되네",9
"좀 급하거든",9
"버리고 가면 안",9
"버리고 간다",9
"하게 될 것",9
"하게 될 거에요",9
"하게 될 줄은 몰랐는데",9
"하게 될 줄은 몰랐지만",9
"봐 잘 자",9
"하게 만들려고",9
"했어요 애가",9
"이곳에 있었어",9
"하게 하세요",9
"이곳에서 가장",9
"버리고 새로",9
"버리고 손 들어",9
"버리고 손들어",9
"하게 한다",9
"run and",9
"하게 해 줄",9
"버리고 엎드려",9
"고작 열",9
"하게 해야 해",9
"내 머릿속에서는",9
"했어요 어쩔",9
"하게 해주십시오",9
"근데 이유를",9
"하게 했고",9
"back of your",9
"떨어졌어 내가",9
"감사해요 천만에",9
"버리는 겁니다",9
"내 메세지를",9
"했어요 우리의",9
"하겠습니다 우리",9
"봐 전부 다",9
"버리라고 해",9
"버리면 돼요",9
"아무것도 놓치지",9
"이곳을 떠나지",9
"하겠어요 난",9
"하겠어요 더는",9
"버리지 말라고",9
"했어요 저를",9
"봐 조",9
"하겠지 그래도",9
"하겠지 근데",9
"내 명령을 따르지",9
"했어요 제대로",9
"버리지 않을 거야",9
"했어요 죄송합니다",9
"이곳이 마음에",9
"하고 가끔은",9
"orders from",9
"하고 가셔야죠",9
"하고 갈게요",9
"하고 갑자기",9
"버린 게 아니라",9
"하고 계셔",9
"하고 계셨던",9
"하고 계신가요",9
"고장 난 줄",9
"걸 알 때",9
"내 모든 것",9
"떨어지는 것도",9
"하고 그래도",9
"하고 그러고",9
"봤어요 그래요",9
"하고 그러다",9
"하고 그러지",9
"하고 꼭",9
"강수가 숨을",9
"하고 나머지는",9
"봐 준다고",9
"고장 났네",9
"고장 났네요",9
"했었어 그런데",9
"하고 내 말",9
"감소 중",9
"버릴 수 있을",9
"하고 당신을",9
"하고 당장",9
"다니엘을 위해",9
"버몬트 주",9
"걸 알 수 있게",9
"하고 모든 걸",9
"하고 바랄",9
"하고 밥",9
"버스 안에",9
"아무것도 몰라서",9
"했으니 내",9
"하고 세상에",9
"버스 타고 갈게",9
"하고 술도",9
"했으니까 그렇지",9
"하고 싶다며",9
"했으니까 난",9
"하고 싶든",9
"했으니까요 하지만",9
"봐 차라리",9
"과학 수사대가",9
"하고 싶어 내가",9
"하고 싶어 하죠",9
"버스에 있던",9
"했었죠 그",9
"하고 싶어서 하는",9
"내가 뭘 하는 건지",9
"하고 싶어요 그럼",9
"했으면 좋겠나",9
"하고 싶어하다",9
"하고 싶어한다",9
"이기는 법을",9
"내 목숨이야",9
"아무것도 못 줘",9
"버전이 더",9
"버전이 있어요",9
"하고 싶으시면",9
"하고 싶으시죠",9
"내 목적이",9
"버지니아 울프",9
"봐 하고",9
"하고 싶은 건지",9
"이기적인 놈",9
"떨어진 곳에 살고",9
"하고 싶은 대로 하고",9
"하고 싶은 말 해",9
"감수할 거예요",9
"하고 싶은 말은 다",9
"하고 싶은 말을 할",9
"내 몸 속에",9
"버텨 나가 주먹을 더",9
"묻어 있죠",9
"버텨 나가 주먹을 또",9
"했을 때 제가",9
"고집 부리지",9
"하고 싶은걸",9
"했을 때를",9
"봐 헛되지 않았음을 기억해",9
"내 몸속에",9
"버튼 같은",9
"other things",9
"버튼 눌러요",9
"하고 싶지 않아 난",9
"고집 좀 그만",9
"하고 싶지 않았지만",9
"하고 싶지 않으니까",9
"하고 싶지 않을 거야",9
"하고 싶지도 않아",9
"하고 싶진 않소",9
"근데 정작",9
"버튼을 눌러서",9
"버튼을 눌렀어",9
"하고 오",9
"Never gonna",9
"하고 왔죠",9
"하고 왔지",9
"버티고 있지",9
"내 무덤에",9
"버티기만 하면",9
"하고 일",9
"하고 입",9
"내 무릎에서",9
"과학 프로젝트를",9
"버틸 거라고",9
"이기면 넌",9
"하고 있는 그",9
"내가 뭘 하는지 모르겠다",9
"하고 있는 중이야",9
"하고 있는지 잘",9
"하고 있다구",9
"하고 있다는 거야",9
"하고 있더군",9
"하고 있더라고요",9
"봐도 못",9
"버틸지 모르겠어요",9
"고쳐 드릴게요",9
"하고 있어 넌",9
"봐도 알겠네요",9
"하고 있어 우린",9
"번 가서",9
"했잖아 알아요",9
"번 갔어요",9
"하고 있어요 제",9
"내 물건 어디 있어",9
"번 거예요",9
"번 계속",9
"했잖아 이렇게",9
"하고 있었던거야",9
"하고 있었습니까",9
"내 물건에 손대지 말아요",9
"하고 있을거야",9
"하고 있을게",9
"했잖아 죄송해요",9
"번 구해",9
"이끄는 거야",9
"강아지 이름은",9
"내 미국",9
"했잖아요 그랬지",9
"고쳐야 돼요",9
"떨쳐 낼",9
"하고 절대",9
"하고는 있지만",9
"내 바로 앞에",9
"하고픈 말이",9
"하곤 하죠",9
"하곤 해",9
"내 바에서",9
"하기 그렇지만",9
"하기 쉬운",9
"이끌어 줄 수",9
"하기 싫다고요",9
"감시 영상이",9
"하기 싫은 일이",9
"하기 싫은데요",9
"봐봐 지금",9
"번 듣고",9
"지금 이럴 시간이",9
"하기도 좀",9
"하기도 하지",9
"감시 장치가",9
"내 밥이야",9
"하기로 한 거야",9
"하기로 해요",9
"떼돈 버는",9
"감시 장치를",9
"걸 알게 되고",9
"번 말해 봐",9
"했죠 바로",9
"하기를 원했다",9
"하기만 해 봐",9
"번 말했지",9
"근데 표정이",9
"했죠 아버지가",9
"하기에 좋은",9
"아무것도 안 줄",9
"번 먹었어",9
"하긴 내가",9
"하긴 너무",9
"하긴 싫거든",9
"했죠 여기서",9
"봐서 반갑네요",9
"하긴 하는",9
"하긴 한",9
"했죠 이렇게",9
"번 받았어요",9
"번 보는",9
"번 보다",9
"하나 궁금한",9
"걸 알게 되었어",9
"헤이 라일리 라일리",9
"이대로 있을",9
"내 방에서 자",9
"하나 남기지",9
"근데 할아버지가",9
"I couldn''t help",9
"하나 넌",9
"이대로 집에",9
"하나 당신은",9
"away from my",9
"하나 더 먹어도",9
"번 부두로",9
"묻지 않습니다",9
"하나 더 있다는",9
"하나 더 있을",9
"했지 그가",9
"하나 될",9
"번 사진",9
"번 생각할",9
"하나 드세요",9
"고치러 왔어요",9
"하나 딱",9
"번 설명해",9
"내 배도",9
"번 수술실로",9
"했지 또",9
"하나 말해 줄까",9
"했지 뭘",9
"봐야 정신을 차리지",9
"하나 먹었어요",9
"번 쓸",9
"봐야 하는 거",9
"감시 카메라나",9
"했지 아빠",9
"뗀 지",9
"하나 보다",9
"내가 바로 갈게",9
"번 연달아",9
"봐야 하지만",9
"번 오고",9
"내 번호 어떻게",9
"하나 샀는데",9
"내 번호를 어떻게",9
"번 이제",9
"봐야 하는데요",9
"하나 알려줄까요",9
"our love",9
"이동해 주십시오",9
"하나 없으면서",9
"내 벨트",9
"이동해 주시기",9
"하나 우리의 증인이",9
"하나 우리의 증인이 돼줘",9
"내 변호를",9
"하나 이렇게",9
"하나 있거든요",9
"내 변호사도",9
"하나 있긴 하지",9
"했지만 꼭",9
"번 좀",9
"고칠 수 없다면",9
"번 주간",9
"하나 있어 네",9
"하나 있어 뭔데",9
"번 준비",9
"관계 그리고",9
"고칠 수 있나",9
"이득을 볼 수",9
"다들 기다리는데",9
"번 집에",9
"내 병사들을",9
"내가 바보 같은 짓을",9
"번 체포됐어요",9
"봐야겠어 그래",9
"번 체포된",9
"했지만 완전히",9
"하나 죽였어",9
"번 출구에서",9
"하나 줄래요",9
"내 보내 줘",9
"번 치료실로 가요",9
"번 치료실에",9
"고칠 수 있습니다",9
"하나 찾고",9
"감시당하고 있다는",9
"하나 하겠습니다",9
"번 타자",9
"내 보물이야",9
"번 테이블에서",9
"했지만 항상",9
"하나 했어",9
"묻혀 있어",9
"하나가 됐어",9
"내 본 모습을",9
"하나가 되었습니다",9
"지금 전혀",9
"번 합시다",9
"away the key",9
"또 괜히",9
"하나가 안",9
"번 해보자고",9
"하나가 죽으면",9
"내 볼게요",9
"행동에 따라",9
"하나는 기가 막히게",9
"하나는 아직",9
"번 했잖아요",9
"내가 바지를",9
"봐야지 이",9
"하나는 죽어야 해",9
"행동은 내가",9
"고통 말이야",9
"이따 또",9
"또 그 얘기",9
"하나님께 맹세합니다",9
"다들 나처럼",9
"been that",9
"하나도 도움 안",9
"하나도 모르겠네",9
"번개가 칠",9
"하나도 무섭지",9
"하나도 빼놓지 말고",9
"아무것도 이루지",9
"내 부탁을 들어주면",9
"하나도 안 들려요",9
"다들 내 말 잘",9
"하나도 안 변했군",9
"이따가 같이",9
"행동을 했습니다",9
"근무하고 있어요",9
"번도 들어본",9
"내 부하고",9
"내 부하는",9
"번도 먹어 본",9
"번도 먹어 본 적이",9
"내 부하들의",9
"이딴 거 필요",9
"하나도 이해 못",9
"걸 알겠군",9
"또 그런 짓을",9
"이딴 걸 왜",9
"하나라도 건들면",9
"하나라도 있으면",9
"내 분명히",9
"번도 안 해 본",9
"하나로 모든",9
"내 불쌍한",9
"이라고 돼",9
"내 불알은",9
"번도 없었는데",9
"내 블랙홀을",9
"이라고 불러요",9
"행동한 적이",9
"이라고 불린다",9
"또 꽉 쥐어",9
"고통받고 있죠",9
"하나만 기억해",9
"내 비밀번호를",9
"하나만 들어",9
"하나만 말해봐",9
"하나만 말해줄게",9
"하나만 묻겠습니다",9
"봐요 내 말",9
"내 비장의",9
"하나만 줘요",9
"행방이 묘연해요",9
"번만 더 할게요",9
"번만 더 해보자",9
"지금 중요한 게",9
"번만 만나",9
"난 멍청이",9
"내 비행기에",9
"내가 방금 네",9
"이란 건",9
"하나뿐인 것",9
"내 빚이",9
"하나씩 가지고",9
"하나씩 하자",9
"하나씩 하죠",9
"하나야 내",9
"내 뼈",9
"내 뿌리를",9
"행복하게 지낼",9
"또 내게",9
"봐요 더는",9
"행복하게 하지",9
"행복하게 해주려고",9
"또 너구나",9
"이래 넌",9
"또 너한테",9
"관계가 있습니다",9
"감시하고 있지",9
"하나하나가 다",9
"나가 주실래요",9
"이래 최고의",9
"하네 그래도",9
"하네 나도",9
"하네 너",9
"하네 뭐",9
"하네 알겠습니다",9
"번역 꾼",9
"번역 꾼 웹하드에",9
"번역 꾼 웹하드에 올리지",9
"하네 우리가",9
"감시하기 위해서야",9
"하네 이런",9
"하느님 앞에",9
"번역할 수",9
"하느님이 날",9
"봐요 분명",9
"하는 거 나도",9
"내 사랑은 말도",9
"내 사랑은 말도 안",9
"행복한 한",9
"번을 눌러",9
"지금 찾으러",9
"번을 얘기해요",9
"봐요 아니야",9
"걸 알고 있었군",9
"하는 거야 그건",9
"내 사무실에 와서",9
"하는 거야 나도",9
"봐요 아무도",9
"하는 거야 아니",9
"번이고 다시",9
"내 사물함",9
"내 사물함에서",9
"이러고 살",9
"번이나 말",9
"내 사생활이야",9
"하는 거지 우리",9
"번이나 얘기했잖아",9
"번이나 한",9
"내 사인",9
"감시할 수 있어",9
"번이나 했잖아",9
"봐요 엄마는",9
"하는 걸 거야",9
"맞네 내가",9
"감시할 테니",9
"하는 걸 보는",9
"번지고 있어",9
"고통을 덜어주는",9
"out if",9
"번지에 있어요",9
"하는 것 같고",9
"하는 것 같다고",9
"내 사촌한테",9
"아무도 그들이",9
"내가 변화를",9
"하는 것 그리고",9
"번째 계획은",9
"봐요 요즘",9
"행성에 관한",9
"내가 병원",9
"이러는 거 아니지",9
"물 부어",9
"하는 것은 아니다",9
"하는 것이 아니라",9
"번째 남자가",9
"번째 남편이",9
"하는 것일까",9
"하는 게 아니고",9
"하는 게 아니지",9
"하는 게 아니죠",9
"고통을 선택해",9
"범죄 증거를",9
"내가 보관할",9
"고통을 안겨",9
"내 삶이에요",9
"봐요 잭",9
"하는 게 좋을 텐데",9
"봐요 저게",9
"하는 게야",9
"봐요 저건",9
"고통을 없애는",9
"번째 살인은",9
"또 다른 좋은",9
"하는 꼴을",9
"하는 끔찍한",9
"번째 선물",9
"봐요 제대로",9
"번째 여자가",9
"이러다 죽어",9
"이러다 큰일",9
"하는 말 들었어",9
"번째 이야기를",9
"고통을 주지",9
"번째 일을",9
"번째 임무",9
"번째 임무는",9
"하는 말을 들어봐",9
"하는 말의",9
"행운이 왜",9
"번째 질문이",9
"번째 층",9
"고통을 즐기는",9
"또 두",9
"행정 명령을",9
"하는 방식이야 사람들",9
"하는 방식이야 사람들 맨",9
"고통이 더",9
"감아 눈",9
"번쩍 들",9
"봐주세요 이",9
"향상을 위해",9
"향수 냄새도",9
"이러시면 곤란합니다",9
"또 마시고",9
"향이 정말",9
"봐주지 않아",9
"Diamonds are",9
"하는 얘기죠",9
"번호 알지",9
"하는 이야기가",9
"또 만나러",9
"또 만나는군",9
"향하는 중",9
"이러지 마 이건",9
"하는 일을 하고",9
"봐줄 사람",9
"said if",9
"고할 수",9
"하는 일이 아니야",9
"번호는 연결이",9
"번호는 전파가",9
"번호는 전파가 닿지",9
"하는 일이라",9
"번호는 전파가 닿지 않는",9
"번호로 다시",9
"이러지 마요 안",9
"번호로 연락하세요",9
"고해 성사",9
"하는 줄도",9
"하는 중에",9
"하는 중이잖아",9
"번호를 줬어",9
"향해 갈",9
"하는 짓인가",9
"고향 행성에서",9
"out of the blue",9
"봤고 난",9
"벌 수 있겠지",9
"내 생각엔 니가",9
"향해 총을 쏘았다",9
"하는게 좋을 것",9
"다들 술",9
"아무도 말이",9
"허가 못",9
"잡히게 될",9
"내가 보호해 줄게",9
"벌 텐데",9
"하는데 나랑",9
"감염되기 전에",9
"하는데 너도",9
"관계를 잃을",9
"벌고 있는",9
"감염되면 안",9
"벌고 있지",9
"하는데 돈이",9
"벌금이 부과됩니다",9
"허가 받았어요",9
"하는데 방금",9
"하는데 어떻게 해야",9
"허가를 안",9
"벌레가 있어",9
"하는데 오늘은",9
"하는데 요즘",9
"봤는데 그래",9
"허가할 수 없다",9
"아무도 모르라고 우리 두",9
"봤는데 날",9
"벌린 채",9
"하는데요 네",9
"이런 거 있잖아",9
"하는지 나는",9
"허공에 떠",9
"근처에 있지",9
"벌써 거의",9
"하는지 모르겠어 내가",9
"고향을 위해",9
"하는지 몰랐어",9
"하는지 보고",9
"하는지 보려고",9
"벌써 나한테",9
"봤는데 아무도",9
"하는지 아시오",9
"하는지 아실",9
"허락되지 않는",9
"내가 본 중 가장",9
"다들 두",9
"하는지 알게",9
"내 생각이 아니었어요",9
"벌써 다음",9
"하는지 알아야 해",9
"관계에 대해 알고",9
"하는지 이제",9
"허락이 필요한",9
"하는지 이해가 안 돼",9
"내 생각이었어요",9
"하는지는 알아요",9
"내 생명은",9
"감염될 거야",9
"벌써 몇 달",9
"하늘 위를",9
"벌써 몇 달째",9
"벌써 몇 번째야",9
"또 뭐 있지",9
"봤는데 지금",9
"흘린 거예요",9
"허락한 것",9
"허락할 거야",9
"허락할 리",9
"내 생에 단 한",9
"허락할 순",9
"허락해 달라고",9
"벌써 시간이 이렇게 됐네",9
"out right",9
"벌써 얘기",9
"봤다 내",9
"벌써 왔네",9
"벌써 왔다",9
"내 서류 가방",9
"하니 너무",9
"내 서재에",9
"내 서재에서",9
"또 뭐여",9
"허세 가득한",9
"감염이 안",9
"하니까 말이야",9
"하니까 또",9
"하니까 안",9
"지금까지 받은",9
"관계자만 출입할 수 있습니다",9
"하다 그건",9
"하다 그럼",9
"아무도 믿으면 안 돼",9
"하다 그의",9
"하다 넌",9
"또 뭘 해야",9
"이런 게 또",9
"하다 만약",9
"걸 알려줬어요",9
"내 성경",9
"하다 우리",9
"벌어야 한다",9
"벌어야 한다고",9
"벌어야 할",9
"벌어야 해요",9
"내가 봤어 내가",9
"이런 게 정말",9
"걸 알려줬지",9
"강제 침입 흔적이",9
"허준의 겁에 질린",9
"하더군요 c",9
"out there and",9
"허준의 당황한",9
"감옥 가는 거",9
"곤경에 빠져",9
"벌어진 일 때문에",9
"하더라 이게",9
"곤경에 빠졌어요",9
"벌어질 겁니다",9
"하던 때가",9
"내 셔츠에",9
"허튼수작 부리지 마",9
"허튼짓 하지",9
"벌은 안",9
"하면 끝나는",9
"벌을 받는지",9
"헉헉대는 소리",9
"또 봐 안녕",9
"하도록 하게",9
"감옥 갈 일",9
"벌을 줘야",9
"지금까지 전",9
"헌터 씨",9
"또 뵈어요",9
"하든 뭐든",9
"험한 세상에",9
"하든 안하든",9
"하디 박사님이",9
"하라고 돈",9
"하라고 말했다",9
"벌컨 과학",9
"관둔 거야",9
"봤어 다들",9
"out to the",9
"헛된 희망은",9
"범벅이 되어",9
"헛물켜지 마",9
"글러 먹었어",9
"감옥 생활은",9
"내 손녀는",9
"내 손녀야",9
"하라는대로 해",9
"out walkin''",9
"하러 가야지",9
"하러 가자고",9
"곤란하게 하고 싶지",9
"범인 수색을",9
"범인 수색이",9
"이런 냄새",9
"하러 갈까",9
"이런 내용이",9
"아무도 안 다쳐",9
"곤란하게 하려는",9
"이런 놈",9
"난 몸",9
"범인과 아는",9
"내 손에 있어",9
"하려 한다면",9
"범인은 그녀를",9
"범인은 그의",9
"범인은 두",9
"내 손에 피를",9
"내 손에도",9
"범인은 분명히",9
"하려고 노력하고 있다",9
"범인은 시체를",9
"이런 다들",9
"이런 노래",9
"하려고 얼마나",9
"헤로인 중독",9
"is my life",9
"곤란한 상황이에요",9
"헤매고 있습니다",9
"하려고 하는거야",9
"하려고 하잖아",9
"이런 대화도",9
"하려고 하지마",9
"범인을 잡겠다고",9
"하려고 한다고",9
"이런 대화를 할",9
"범인을 잡도록",9
"범인을 잡으려면",9
"하려고 했던 말은",9
"내 손을 잡을 수",9
"하려는 거군요",9
"하려는 거면",9
"헤어졌어 내가",9
"하려는 건 아냐",9
"하려는 건 아니겠지",9
"이런 데서는",9
"하려는 말이 뭐야",9
"하려는 일에",9
"아무도 어떻게",9
"내 손톱",9
"하려는지 알아요",9
"하려던 거지",9
"헤어 스타일",9
"내 쇼를",9
"범인이 또",9
"내 수술실에서",9
"이런 말 하고 싶진",9
"하려면 제대로 해야지",9
"그냥 도우려고",9
"범인이 여기",9
"내가 사건",9
"하루 만에 다",9
"하루 반나절",9
"하루 보내게",9
"범인이 한",9
"이런 말 한 적",9
"하루 쉬고",9
"감옥에 가는 게",9
"하루 어땠니",9
"하루 였어",9
"범인이라면 왜",9
"내 숙소에서",9
"범인인 건",9
"헤이 이든",9
"좀 바꿀",9
"곧 갈 거예요",9
"하루 전인데",9
"내 술은",9
"곧 갈 겁니다",9
"and listen",9
"지금도 봐",9
"난 못 본",9
"봤어요 누가",9
"하루 평균",9
"헤일리 가격",9
"내 스스로에게",9
"지금도 이",9
"곧 갈께",9
"하루는 그",9
"내 스케줄",9
"하루도 못 버텨",9
"헤쳐 나가야",9
"다들 잘 들어라",9
"범죄 행위가",9
"봤어요 뭔가",9
"이런 말을 해서",9
"이런 말을 해도",9
"범죄 현장에 있던",9
"하루에 한 번씩",9
"내 스포츠",9
"헤픈 여자",9
"범죄 혐의로",9
"관련 있는 거",9
"범죄를 소탕하는",9
"헨리 하지만",9
"헨리 폐하",9
"범죄를 저지르기",9
"범죄를 저지르다",9
"back on him",9
"또 얘기해",9
"헨리는 내",9
"범죄를 저질러서",9
"범죄를 저질렀어요",9
"내 시계가",9
"헬러 대통령",9
"하며 살",9
"이런 모습일",9
"또 어디 갔어",9
"내 시를",9
"범죄인 인도조약",9
"내 시야를",9
"이런 문자",9
"하면 나쁜",9
"또 어때 내일",9
"내가 사랑하는 남자는",9
"관련 있을 거야",9
"감옥에 간다고요",9
"범행 사실을",9
"난 못 해 난",9
"경력에 큰",9
"봤을 거에요",9
"범행 시간",9
"하면 되거든",9
"이런 방법도",9
"곧 그쪽으로",9
"이런 방에",9
"이런 법이 어딨어요",9
"하면 둘 다",9
"내 신성한",9
"내 신용",9
"곧 깨어날 거야",9
"법 알려줄게",9
"하면 뭘",9
"법 정의",9
"이런 비슷한",9
"하면 안 돼 내가",9
"하면 안 되는 거야",9
"하면 안 되잖아",9
"내 실수 때문에",9
"하면 안 된다는 걸",9
"내 실수가",9
"하면 안 됩니까",9
"하면 어디가",9
"법도 알고",9
"아무도 정말로",9
"아무도 접근할",9
"걸 알아냈지",9
"이런 사람입니다",9
"내 실패를",9
"곧 끝이야",9
"관련 질문",9
"하면 자기",9
"하면 잘할",9
"법안 때문에",9
"법에 관한",9
"지금은 괜찮지만",9
"현금이 없어",9
"곧 나는",9
"하면 큰일",9
"하면 할 수",9
"봤자 뭐",9
"내 쓰레기통",9
"이런 상황이면",9
"봤자 아무 소용",9
"하면서 막",9
"하면서 무슨",9
"봤자 안",9
"하면서 한",9
"현대 세계에서",9
"이런 생각이 드는",9
"법을 가르쳐줬어요",9
"하선의 다급한 숨소리",9
"지금은 그런 생각",9
"현명한 자는",9
"하세요 다",9
"현상금 걸린",9
"하세요 선생님",9
"내가 살 테니까",9
"글쎄요 오늘",9
"법을 배운다",9
"또 원하는",9
"하세요 어떻게",9
"내 아내를 죽이고",9
"하세요 여긴",9
"법을 배워야 할",9
"하세요 우린",9
"over the rainbow",9
"The kind",9
"현서의 거친 숨소리",9
"하셔도 되요",9
"법을 알거든",9
"봤죠 전",9
"이런 식으로 가다가는",9
"법을 알려줬어",9
"하셨어 하지만",9
"이런 식으로 알게",9
"법을 어겼으니",9
"하셨어요 정말",9
"하셨잖아요 네",9
"하셨죠 그래서",9
"내 아들 앞에서",9
"현실 감각을",9
"이런 신발",9
"내 아들 중",9
"하시네요 전",9
"법이 아니라",9
"관련된 거지",9
"글씨를 쓱쓱",9
"이런 아",9
"법이 없었지",9
"현실을 봐",9
"하시던 거",9
"하시려는 거예요",9
"하시려는 거죠",9
"봬서 반갑습니다",9
"하시죠 그",9
"하시죠 안",9
"하신 거 알아요",9
"관련된 건데",9
"내가 살아있다는",9
"법적 보호자가",9
"내 아들을 위한",9
"다들 표정이",9
"하실 말씀 있습니까",9
"곧 도착",9
"법적인 아내로",9
"이런 얘기 한",9
"법정 최고형인",9
"하얀 겨울도",9
"법정에 못",9
"법정에 서",9
"내 아들이 어떻게",9
"현장 상황을",9
"법정에서 그렇게",9
"하여튼 그",9
"하와이 여행",9
"현장에 나가서",9
"하면 몇",9
"감옥에 보내려고",9
"현장에 온",9
"현장에 도착해서",9
"하이 씨",9
"감옥에 보내야",9
"이런 영광이",9
"하이츠에 있는",9
"법학 학위를",9
"하자 c",9
"현장에 있지도",9
"벗겨야 해",9
"이런 왜요",9
"현장에 처음",9
"벗고 몸을",9
"현장에서 달아나는",9
"내 아버지가 누군지",9
"own eyes",9
"아무런 언급도",9
"이런 위험한 일을",9
"이런 유치한",9
"감옥에 보낼 순",9
"하자 이건",9
"다들 확실히",9
"하자 젠장",9
"현장에서 가져온",9
"하자 하나",9
"이런 일 겪게 해서",9
"감옥에 안 가요",9
"곧 뒤따라갈게",9
"감옥에 안 갈",9
"벗어나고 싶어서",9
"own home",9
"부검 기록을",9
"또 자기가",9
"하잖아 너도",9
"벗어나는 것",9
"현재 어떤",9
"관련된 사람은",9
"이런 일에 휘말리게",9
"현재 수심은",9
"하잖아요 우린",9
"벗어나지 못한",9
"하죠 같이",9
"힘든 시기라는",9
"하죠 그것도",9
"부근에 있는",9
"거니 걱정",9
"벗어난 게",9
"하죠 그렇지",9
"하죠 나",9
"벗어날 거예요",9
"또 지워봐도 넌",9
"곧 떨어질",9
"하죠 뭘",9
"부끄러운 게 아니야",9
"곧 또 보자",9
"지금은 벌써",9
"벗어날 수는",9
"하죠 알았어요",9
"벗어날 수도",9
"own son",9
"내가 생각하는 게",9
"또 진짜",9
"하죠 일단",9
"내 안부를",9
"하죠 혹시",9
"하지 font face",9
"혈액 검사에서",9
"하지 거기",9
"하지 그가",9
"하지 그거",9
"또 총",9
"벙커 안에",9
"혈안이 돼서",9
"혈액 표본을",9
"곧 모든 것이",9
"베넷 드레이크",9
"베넷 신부",9
"이런 일이 생기죠",9
"내가 생각해 볼게",9
"베니스 해변 프릭 쇼",9
"베니스 해변 프릭",9
"하지 마 널",9
"혐의가 있습니다",9
"법 집행 기관에서",9
"나가는 문은",9
"또 필요하신 게",9
"부끄럽지도 않냐",9
"하지 마 안녕",9
"베로니카 딘이",9
"곧 뭔가",9
"곧 문이",9
"곧 바뀔 거야",9
"하지 마 이거",9
"하지 마 이젠",9
"하지 마 절대",9
"아무리 애를 써봐도 지우고",9
"내 앞날이",9
"하지 마라 난",9
"또 하나를",9
"하지 마시요",9
"내 앞에 있어",9
"베스트 피아니스트",9
"내가 생명을",9
"강하게 만들고",9
"부다페스트 호텔의",9
"하지 말라구요",9
"하지 말랬죠",9
"내 애는",9
"하지 말았어야 할",9
"하지 말았어야 했어요",9
"하지 몇",9
"내 애야",9
"내 애인이 되고",9
"하지 못했을",9
"saved you",9
"하지 뭐야",9
"이런 저기",9
"내가 선물로",9
"협박이 아니야",9
"내 애인한테",9
"부담 주려는",9
"부담 주지 마",9
"하지 않겠네",9
"하지 않겠는가",9
"하지 않고 있어요",9
"곧 비행기",9
"협박한 거야",9
"곧 사람들이 올",9
"지금은 어디 있죠",9
"하지 않아서요",9
"협상 카드로",9
"베트남 전쟁이",9
"베트남에 있을",9
"일 하시는데요",9
"하지 않았다 하지만",9
"하지 않았다는 것",9
"하지 않았더라면",9
"하지 않았어도",9
"협상을 하려고",9
"이런 짐승",9
"벤 내가",9
"또 할 말 있어",9
"곧 수술",9
"협상할 수 있을",9
"내가 설득해",9
"하지 않을 일은",9
"하지 않을거예요",9
"부동산 가격이",9
"금고 안에 있는",9
"부동산 사업을",9
"이런 짓을 하겠어",9
"벤이랑 같이",9
"하지 여기서",9
"내 얘기는 그만하고",9
"협조만 해",9
"내 얘기는 하지",9
"이런 짓을 왜",9
"하지 전",9
"벨 씨",9
"하지 할",9
"벨 에어",9
"하지는 않지만",9
"벨 형사의",9
"협회 본부",9
"하지도 않았지",9
"형 그거",9
"벨라를 돌려줘",9
"곧 아기도",9
"형 다",9
"형 나도",9
"벨리 버거",9
"하지만 가기 전에",9
"이런 첨단",9
"형 또",9
"형 거야",9
"형 못",9
"이런 짓을 했니",9
"하지만 거래는",9
"또는 그녀의",9
"하지만 걱정 말아요",9
"벨파스트 종합",9
"내 어머니야",9
"형 아",9
"벼랑 끝에 서",9
"내 어찌",9
"벽 너머의",9
"내 언니를",9
"하지만 괜찮습니다",9
"내가 셀",9
"하지만 규칙은",9
"pass it",9
"내 얼굴 봐",9
"지금은 일",9
"하지만 그 여자",9
"내가 소개할",9
"벽에 갇혀",9
"곧 어두워",9
"벽에 손을",9
"형량 거래",9
"하지만 그날이",9
"형사 둘이",9
"하지만 그녀는 내",9
"곧 여기 올",9
"부러워 나도",9
"하지만 그녀는 항상",9
"형사 난",9
"하지만 그놈은",9
"형사 전문",9
"형사 하나가",9
"이런지 모르겠어요",9
"또는 우리의",9
"부러진 거야",9
"벽이 있는",9
"또다른 기회를",9
"형사님 그리고",9
"형사님 내",9
"형사님 넌",9
"형사님 네가",9
"하지만 그때쯤이면",9
"하지만 그래도 괜찮아",9
"하지만 그래선",9
"saw something",9
"하지만 그랬다면",9
"곧 연락이 올",9
"변기 시트",9
"변기에 넣고",9
"맞설 때",9
"하지만 그럴 만한",9
"하지만 그럴 순",9
"이럴 기분이",9
"하지만 그렇게 안",9
"하지만 그렇게 하지",9
"하지만 그렇지 않았다",9
"변명의 여지가 없다",9
"내 여생을",9
"형사입니다 잠깐",9
"형사입니다 제",9
"변명이 아니라",9
"하지만 그에겐",9
"하지만 그중",9
"하지만 근데",9
"부르고 싶으면",9
"강한 감정",9
"변명할 필요",9
"변사체로 발견됐습니다",9
"형식적인 거야",9
"형에 처한다",9
"하지만 나는 그들이",9
"하지만 나는 그렇게 생각하지",9
"형언할 수 없는",9
"내가 수표를",9
"I didn''t even know",9
"부르곤 했지",9
"내 여자친구에게",9
"곧 올 테니까",9
"변하게 될 거야",9
"형을 믿어",9
"형을 받았어요",9
"하지만 난 몰라",9
"곧 올라올",9
"None of us",9
"형을 위한",9
"또한 나는",9
"형을 어떻게",9
"부르는 것이",9
"곧 와서",9
"변하지 마",9
"부르는 게 어때",9
"이럴 수가 이런",9
"하지만 남을",9
"내 연기",9
"내 연기는",9
"부르는 데",9
"하지만 내가 너무",9
"하지만 내가 당신을",9
"금발 여자가",9
"이럴 줄 알았어 이럴",9
"변한 건 아무것도 없어",9
"금발 여성이",9
"형이 먼저",9
"하지만 내가 알고",9
"변한 것도",9
"내 열쇠가",9
"하지만 내게는",9
"형이 뭔",9
"하지만 너만",9
"난 미국인이야",9
"변할 것이다",9
"변할 때",9
"다른 건 몰라",9
"부르던 노래",9
"변함이 없습니다",9
"아버지 말이에요",9
"지금은 힘을",9
"형이 차에",9
"saw your",9
"부르면 되죠",9
"경보 상황입니다",9
"변호 측",9
"내가 시작할",9
"그냥 말해주면",9
"변호사 비용",9
"변호사 사무소",9
"하지만 당신에",9
"장면 말이야",9
"변호사 아니에요",9
"곧 재판이",9
"지금의 당신이",9
"가도 되잖아요",9
"내 옆엔",9
"아버지 야",9
"부르지 그래요",9
"하지만 당신이 내",9
"이렇게 귀한",9
"하지만 당신한테",9
"금방 갈게 알았어",9
"곧 전화",9
"변호사가 되는",9
"내가 시키는 대로 하면",9
"부르지 난",9
"부르지 마 이",9
"변호사가 연락할",9
"내 오랜 친구여",9
"변호사가 있어",9
"true to myself",9
"호 내가",9
"변호사를 구할",9
"변호사를 구해",9
"변호사를 만나러",9
"하지만 많은 사람들이",9
"강한 사람이니까",9
"감자 같은",9
"곧 죽어도",9
"변호사를 불러야겠군요",9
"내 옷 좀",9
"say a word",9
"하지만 말할",9
"변호사를 선임할 권리가 있고",9
"내 옷을 입고",9
"변호사를 선임할 수 있다",9
"아버지 저는",9
"하지만 명심하세요",9
"내 와이프랑",9
"내 와이프를",9
"변호인 측이",9
"내가 젊고",9
"이렇게 노래를",9
"하지만 뭔가를",9
"변화 같은",9
"부른 이유를",9
"곧 지나갈 거야",9
"변화가 생겼어",9
"금방 끝나니까",9
"변화가 생기면",9
"내 요구 사항을",9
"하지만 변명을 하자면",9
"똑같은 사람이에요",9
"변화가 있어",9
"변화가 있었나",9
"이렇게 대답했어요",9
"하지만 사람들에게",9
"금방 나가",9
"호스로 물을",9
"하지만 상황을",9
"하지만 생각해보면",9
"현대 과학의",9
"이렇게 됐다고",9
"호오인 쿄우마",9
"하지만 세상을",9
"하지만 세상의",9
"별 걱정을",9
"별 건 아냐",9
"하지만 시간이 없어요",9
"하지만 시대가 변했어",9
"별 게 다",9
"호의를 베풀었다",9
"Did we",9
"이렇게 되네요",9
"불이 타오르고",9
"별 관심 없어요",9
"호출을 받고",9
"이렇게 되는 걸",9
"별 느낌",9
"하지만 아무 일도",9
"하지만 아빠도",9
"하지만 아이들을",9
"별 미친",9
"하면서 넌",9
"하지만 알 수",9
"barely know",9
"별 소릴",9
"호텔 키",9
"별 신경",9
"이렇게 된다",9
"내 유전자",9
"별 얘기 다",9
"그냥 모르겠어",9
"하지만 어머니는",9
"당장 가라고",9
"하지만 어쩌겠어요",9
"하지만 엄만",9
"하지만 에밀리는",9
"별 차이 없어요",9
"별 하나 우리의",9
"하지만 옛날",9
"관심 끌",9
"하지만 오늘밤은",9
"별거 아니고",9
"하지만 오해하지",9
"물론 가끔은",9
"내 의사를",9
"별거 아니잖아요",9
"별거 아닌 것처럼",9
"똑같이 하지",9
"부모가 되고",9
"하지만 우리는 아직",9
"하지만 우리에게는",9
"아버지가 아들을",9
"혹시 갖고",9
"걸 어서",9
"하지만 우선은",9
"내 이래",9
"내 이럴 줄 알았다",9
"혹시 궁금할까",9
"다른 계획을 가지고",9
"이렇게 많지",9
"곧장 가는",9
"하지만 이 일에",9
"하지만 이 일을",9
"하지만 이건 우리",9
"관심 없고요",9
"perfect sense",9
"내 이름으로 된",9
"별로 그럴",9
"이렇게 말하기",9
"별로 기분",9
"하지만 이봐",9
"하지만 이제 곧",9
"별로 내가",9
"별로 놀라지",9
"하지만 이제부터",9
"하지만 이틀",9
"좀 쓰라고",9
"혹시 모를까",9
"관심 없는 줄 알았는데",9
"하지만 일찍",9
"is saying",9
"별로 말을",9
"하지만 자신이",9
"부모님은 그",9
"골드 씨",9
"하지만 잭",9
"관련돼 있어요",9
"혹시 생각",9
"하지만 저 혼자",9
"하지만 저한테는",9
"별로 신경도 안",9
"하지만 저흰",9
"별로 안 멀어",9
"이렇게 매력적인",9
"하지만 전화를",9
"부모님은 어떠셔",9
"똑똑하지 않아요",9
"하지만 정말 중요한",9
"하지만 정말이야",9
"하지만 제 말을",9
"하지만 제 생각에는",9
"I didn''t know they",9
"하지만 제가 할",9
"내 이름이 적힌",9
"감정은 다",9
"하지만 존은",9
"별로 얘기하고 싶지 않아요",9
"이렇게 모두",9
"하지만 죽기",9
"골라 보세요",9
"내 이모",9
"똑똑한 녀석이야",9
"하지만 중요한건",9
"하지만 지금 우리는",9
"내 이상형은",9
"하지만 지금도",9
"하지만 지금으로선",9
"하지만 지금부터는",9
"하지만 지금은 그냥",9
"혹시 저기",9
"하지만 지금은 내",9
"하지만 지금은요",9
"골라도 돼요",9
"하지만 차",9
"골라야 돼",9
"say is",9
"하지만 총",9
"하지만 최근엔",9
"거니까 좋은",9
"부모님이 못",9
"아버지는 매우",9
"이렇게 배가",9
"내가 아는 건 내가",9
"내 인생 전체가",9
"내가 아는 건 살아가는",9
"골란 선생님",9
"감정을 가지고 있다",9
"골람 lrm",9
"하지만 할아버지는",9
"혹은 두",9
"내 인생에 끼어들지",9
"is serious",9
"혹은 도전",9
"별로일 것",9
"별말 없어",9
"별말 없었어요",9
"별말씀을 다",9
"금방 올거에요",9
"별말씀을요 그럼",9
"부모에 대한",9
"혼돈 그",9
"phone rings",9
"하진 않지",9
"골수 이식을",9
"You''ve made",9
"부부 싸움을",9
"하킴과 자말",9
"골이 빠개질",9
"하퍼 초등학교",9
"법을 따라야",9
"별을 보는",9
"부부가 될",9
"금방 올라갈게요",9
"이렇게 살아 있잖아",9
"내 인생을 바쳤어",9
"내 인생을 지옥으로",9
"학교 갔어요",9
"혼란스럽게 하지",9
"혼인 증명서",9
"학교 관두고",9
"별일 아니겠지만",9
"학교 다니기",9
"걸 얻을 수 있는",9
"내가 아는 사람이랑",9
"학교 버스가",9
"학교 생활",9
"별일 없겠죠",9
"학교 신문",9
"학교 안 가니",9
"감정을 드러내지",9
"학교 애들은",9
"똑똑히 봤다고",9
"학교 이사회는",9
"학교 잘 갔다",9
"학교 잘 갔다 와",9
"학교 정말",9
"학교 종소리",9
"학교 학생",9
"내 인생이라고",9
"아버지를 그렇게",9
"별일 없을거야",9
"골치아픈 일이",9
"학교는 어디",9
"이렇게 슬픈",9
"혼자 괜찮겠어",9
"학교를 그만",9
"혼자 나가면",9
"부분은 다",9
"강해져야 돼",9
"학교에 가기",9
"내 일기장",9
"학교에 가야지",9
"내가 아니더라도",9
"골프 안",9
"학교에 다녀요",9
"병 맥주",9
"학교에 데려다줄",9
"병 사",9
"학교에 보내는",9
"걸 엄마",9
"학교에 오지",9
"혼자 내버려 둘",9
"학교에 있어",9
"학교에 있어야",9
"이렇게 아무것도",9
"이렇게 아무렇지도",9
"병가를 내서",9
"난 밖으로",9
"병가를 냈어요",9
"Brace for",9
"골프 카트",9
"학교에서 뭐",9
"학교에서 배웠어요",9
"골프 코스",9
"병력을 이끌고",9
"병력이 있나요",9
"혼자 두고 싶지",9
"금방 찾을 거야",9
"이렇게 얘기하면",9
"학년 과학",9
"학년 학생",9
"학생 몇",9
"내 일을 하지",9
"혼자 먹으면",9
"물론 늘",9
"혼자 무슨",9
"똑바로 얘기해",9
"이렇게 옆에",9
"병에 걸린 거야",9
"병에 대해서",9
"혼자 보낼 수",9
"감정을 통제할",9
"혼자 살아야",9
"똑바로 쳐다보며",9
"한 가족이야",9
"Not good",9
"부샤르 요원",9
"부서 전체가",9
"이렇게 왔다",9
"곰곰이 생각해 보았다",9
"한 가지 이유로",9
"병원 일이 바빠",9
"Or should I",9
"금방이면 됩니다",9
"병원 중환자실에",9
"한 가지 질문에",9
"한 가지 짚고",9
"혼자 오셨나요",9
"병원 한번",9
"한 가지만 묻자",9
"내 입안에",9
"병원에 가게",9
"혼자 이걸 다",9
"관심 있어 할",9
"내 입에서 나오는",9
"똥 덩어리야",9
"혼자 일하지",9
"병원에 가야 한다고",9
"이렇게 자기",9
"병원에 가야 할",9
"한 거 기억",9
"내 입장에",9
"한 거 잊었어",9
"병원에 계신",9
"부서질 거야",9
"병원에 데려가는",9
"내 자네",9
"똥 싸면",9
"한 거야 넌",9
"한 거야 우리가",9
"한 거였잖아",9
"병원에 데려다줄게요",9
"곳 같은데",9
"한 거예요 그리고",9
"병원에 도착했을",9
"한 거죠 난",9
"병원에 안 가도",9
"병원에 오는",9
"곳 그래서",9
"부수적인 피해가",9
"한 건물에",9
"한 건지 알기나",9
"내 자식이라고",9
"내 자식처럼",9
"한 걸음도",9
"병원에나 가",9
"곳 나는",9
"한 검사",9
"병원에서 내",9
"혼자 집에 오지",9
"혼자 집에 오지 않았다",9
"걸 왜 해",9
"혼자 타고",9
"내가 아주 어렸을",9
"혼자 키우는",9
"한 것도 아니잖아",9
"한 것은 아니다",9
"내가 아직 살아있는",9
"한 것이 아니었다",9
"관심도 없다는",9
"이렇게 천천히",9
"내가 아직 여기",9
"한 게 아녜요",9
"한 게 아니라는",9
"내 자유야",9
"병원으로 데려다",9
"곳 말입니다",9
"혼자 해낼",9
"지난 지",9
"병원으로 안",9
"한 게임 더",9
"부시 대통령의",9
"한 경찰이",9
"하세요 제발",9
"이렇게 컸어",9
"한 곡조",9
"If there is",9
"내 작품에",9
"혼자가 아니잖아",9
"한 군데만 더",9
"곳 아니에요",9
"한 권 더",9
"곳 아닌가",9
"한 권만",9
"한 권에",9
"한 권은",9
"관심도 없죠",9
"내 잘못도 있어",9
"한 글자만",9
"병이 있어",9
"곳 알아요",9
"내가 안 그런",9
"부에나 루스",9
"내가 안 돌아오면",9
"부에나 메디시나",9
"혼자서 못",9
"한 남자애가",9
"Not like it''s",9
"한 너는",9
"한 너를",9
"곳 없어요",9
"부에나 부에나 루스",9
"한 놈 더",9
"한 놈도 빠짐없이",9
"혼자서 해야",9
"혼자서 아무것도",9
"보게 내",9
"내 잘못이라고 생각해",9
"관심은 고맙지만",9
"한 달 반",9
"한 달 후면",9
"감정적 반응을",9
"내 잘못이야 미안해",9
"한 달에 두 번",9
"혼자선 할",9
"혼자인 건",9
"뚝 떨어져서",9
"place at",9
"부의 고통스러운 신음",9
"한 대 때리고",9
"감정적으로 너무",9
"내 잘못일",9
"한 돈",9
"보게 왜",9
"부인 괜찮아요",9
"한 둘이",9
"한 마디 더",9
"홀로 남겨진",9
"감지 센서가",9
"내 장담하건대",9
"한 마리 때문에",9
"곳까지 말이야",9
"내 장례식은",9
"보게 해줄게",9
"한 마리와",9
"내 장비는",9
"홀리 내가",9
"부인 남편을",9
"한 말 들었잖아",9
"아빠 나중에",9
"한 말들이",9
"내 재킷을",9
"한 말씀만 더",9
"보고 갈게",9
"한 말씀만 해 주십시오",9
"내 적들이",9
"내 적수가",9
"한 말은 진심이",9
"한 말을 듣고",9
"보고 계신다면",9
"부인 두",9
"부인 되시죠",9
"홈커밍 파티",9
"홍 누나",9
"홍보 담당자",9
"한 명 밖에",9
"보고 놀랐어",9
"한 명 정도",9
"한 명도 없다고",9
"한 명도 없었어",9
"내 전남편이야",9
"보고 당신이",9
"장점이 있습니다",9
"보고 드리겠습니다",9
"부응할 수",9
"보고 또 보고",9
"갖게 됐지",9
"곳에 갇혀",9
"내 전부",9
"거다 내일",9
"보고 말을",9
"그냥 보냈어",9
"뚱뚱한 게",9
"내 전임자가",9
"이렇게라도 안",9
"한 명이나",9
"한 명이라",9
"보고 뭐가",9
"감추고 교차하네 たまには空を飛んで",9
"곳에 계신",9
"감추고 교차하네 たまには空を飛んで 가끔은",9
"내 전화 한",9
"이렇지 않아요",9
"한 모든 건",9
"보고 산",9
"내 전화기 좀",9
"And thank",9
"한 무리를",9
"한 무리의 사람들",9
"한 묶음을",9
"turn into",9
"화가 나겠죠",9
"화가 나는 건",9
"한 바퀴 돌아봐",9
"부인 좋아요",9
"곳에 네가",9
"내가 알고 있어",9
"부인 지금",9
"보고 싶다는데",9
"한 발이면",9
"한 발자국도 움직이지",9
"내 절친이고",9
"화가 나지만",9
"한 발짝도 움직이지",9
"한 방 날리고",9
"화가 난 것 같다",9
"한 방 먹였네",9
"보고 싶어 그",9
"한 방 먹이는",9
"보고 싶어 그럼",9
"보고 싶어 나도 그래",9
"이론가 조르지오 투 칼로스",9
"이론가 조르지오 투",9
"이론가들 대답을",9
"내 접시에",9
"감추고 있지",9
"부인은 남편이",9
"보고 싶어 지금",9
"화가 났기 때문이야",9
"부인은 더",9
"한 백년 살고",9
"화가 났을 거야",9
"한 번 내",9
"한 번 더 생각해",9
"한 번 더 하면",9
"한 번 더 할",9
"한 번 더 해볼까",9
"보고 싶어서 왔지",9
"Not quite",9
"내 정원을",9
"아빠 마음을",9
"감추네 強者たちは夢のかけらに",9
"화근이 될",9
"감추네 強者たちは夢のかけらに 전사들은",9
"한 번 묻지",9
"한 번 물면",9
"화끈하게 font",9
"부인을 만나고",9
"화나 있는",9
"화나 있어요",9
"감추네 強者たちは夢のかけらに 전사들은 꿈의",9
"화나게 만들",9
"보고 싶었네",9
"plane and",9
"보고 싶었단",9
"한 번 쉬어 봐",9
"화나게 하기",9
"이론이 아니라",9
"이론이 있다",9
"한 번 일어날",9
"이론이 있어요",9
"뛰는 소리가",9
"화나게 했고",9
"내가 알아 내가",9
"이론에 의하면",9
"한 번 해보세요",9
"한 번 해볼",9
"지내기로 했어요",9
"한 번 해요",9
"한 번 했는데",9
"한 번도 들어본",9
"내 조국이",9
"부인이 되는",9
"화난 거 아니죠",9
"한 번도 먹어",9
"한 번도 먹어 본",9
"보고 싶은 사람은",9
"보고 싶은가 봐",9
"화난 거잖아",9
"부인이 와서",9
"부인이 우리",9
"부인이 있는",9
"한 번도 없었는데",9
"내 조직",9
"내 조직을",9
"관심을 받을 수",9
"보고 싶지 않았어",9
"Not sure",9
"한 번만 더 묻지",9
"곳에 영혼도",9
"한 번만 더 해보자",9
"한 번만 더 할게요",9
"화날 때",9
"한 번만 도와주세요",9
"한 번만 실수해도",9
"한 번만이에요",9
"보고 오세요",9
"보고 와요",9
"내 종족",9
"곳에 왔어",9
"부인할 수 없습니다",9
"화내실 텐데",9
"이룰 수 있지",9
"내 좋아",9
"보고 이름을",9
"한 벌밖에",9
"한 벌은",9
"화내지 않을",9
"한 병 가져와",9
"한 병도",9
"내 죗값을",9
"곳에 이르러 앉아",9
"한 병이면",9
"보고 있는 거예요",9
"표 두 장을",9
"걸 원했는데",9
"한 부대를",9
"내 주마",9
"아빠 오면",9
"한 분께",9
"곳에 있게",9
"몰라요 다음",9
"보고 있는거지",9
"한 블록 떨어진 곳에서",9
"지내다 보니",9
"한 사건이",9
"보고 있다는 걸",9
"한 사람으로부터",9
"이륙 준비하라",9
"화랑 중에 왕이",9
"화려한 건",9
"내 주셔서 감사해요",9
"보고 있어 저",9
"걸 원했을",9
"한 사람이 모든 걸",9
"한 사람이 있다",9
"한 사람인데",9
"아빠 이걸",9
"한 사실이",9
"내 주위엔",9
"한 새로운",9
"한 선생님도",9
"says I",9
"곳에 있어서",9
"이른 것 같아",9
"한 세대가",9
"관심이 많거든요",9
"내 주치의",9
"한 소년",9
"이른 시일",9
"화를 내도",9
"이른 시간이죠",9
"이를 갈고",9
"부재 중",9
"보고 있진",9
"내 중간 이름",9
"곳에 있었을",9
"내 중간 이름은",9
"한 시간 거리에",9
"곳에 있었지",9
"곳에 있으니",9
"한 시간 밖에",9
"한 시간 이내에",9
"한 시간 일찍",9
"보고 판단하면",9
"내 증언이",9
"한 시간 전쯤에",9
"한 시간 정도 걸릴",9
"곳에 있을 수",9
"한 시간밖에 안",9
"화를 잘 내고",9
"내 지구의",9
"내 지능을",9
"내 지문을",9
"보고를 받았다",9
"관심이 많았죠",9
"한 아무것도",9
"보고를 하고",9
"내 지시는",9
"한 알에",9
"보고만 있으라고",9
"곳에 한",9
"보고만 있을 수",9
"거다 바로",9
"다른 바지에",9
"화분 밑에",9
"이름 들어봤어",9
"급이 안",9
"이름 마이클 웨스턴이야",9
"한 일 말이야",9
"보고서에 그렇게",9
"한 일년",9
"And thank you",9
"보고서에 뭐라고",9
"화성 과학",9
"갖고 가세요",9
"화성과 목성",9
"한 일이잖아요",9
"이름 부르는 거",9
"한 입씩",9
"please deal with",9
"화성의 대기는",9
"한 자들을",9
"화성 표면",9
"보고해 난",9
"한 잔 가져다",9
"보고해 줘",9
"이름 붙이는",9
"화요일 아침에",9
"한 잔 더 할까",9
"아빠가 가면",9
"says you",9
"내가 애초에",9
"급하게 출발하는",9
"한 잔 마셨어",9
"부족한 것 같아",9
"화이트 골드",9
"급하게 출발하는 소리",9
"보관할 거야",9
"화이트 크리스마스를",9
"한 잔 해야겠다",9
"한 잔 해야겠어",9
"곳에서 살 수",9
"이름 예쁘네요",9
"보군 그",9
"한 잔만 해요",9
"내 질문엔",9
"If they''re",9
"화장 좀 고치고",9
"be even",9
"화장도 안",9
"아빠가 그랬던",9
"이름 적고",9
"한 장 안",9
"보군요 난",9
"한 적 없는 것",9
"부족해 난",9
"한 적 없다고",9
"한 적도 없어",9
"보기 시작했다",9
"한 점도",9
"한 점을",9
"한 접시만",9
"이름과 주소가",9
"감히 말하건대",9
"화장실 쓸",9
"한 조각은",9
"한 조각이다",9
"보기 안 좋아요",9
"한 죄",9
"내 집에서 나가라",9
"한 주였어",9
"보기 전엔 안",9
"한 줄만",9
"곳엔 안",9
"한 지 너무",9
"내 집에서 썩",9
"화장실 청소를",9
"한 지붕 아래서",9
"이름도 알아요",9
"한 짓 좀 봐",9
"화장실에 갔는데",9
"한 짓을 내가",9
"한 짓을 보고도",9
"보기로 했지",9
"내 집이라고요",9
"한 짓이라고요",9
"감히 여기",9
"부탁 들어주면",9
"이름에 먹칠하는",9
"한 짓인데",9
"하시는 이유가",9
"감히 여길",9
"한 쪽도",9
"이름으로 널",9
"이름으로 너를",9
"보기엔 그래",9
"보기엔 너도",9
"한 칸씩",9
"한 컵에",9
"보기엔 어때",9
"한 톨",9
"한 통 다",9
"화재 현장에",9
"부탁 하나 드려도 될까요",9
"부탁 하나 드려도",9
"보긴 했죠",9
"한 통화만",9
"화재에 대해",9
"뜨면 안 돼",9
"한 팀의",9
"화제가 되고 있습니다",9
"곳으로 갈 수 있어",9
"아빠가 되어",9
"이름으로 해",9
"화학 물질의",9
"한 푼도 더",9
"내가 살아갈",9
"한 하지만",9
"곳으로 갔을",9
"내 차례야 넌",9
"한 해였어요",9
"보내 드립니다",9
"보내 버릴",9
"이름은 놈을 위해",9
"현실을 직시할",9
"갑니다 내",9
"한가한 사람",9
"한가한 줄",9
"한거 같아",9
"부탁드릴 일이",9
"곳으로 데려가야 해",9
"한건 아니에요",9
"한걸음도 갈수가",9
"한결 마음이",9
"내 착한",9
"내 창고",9
"급할 건",9
"한곳에 모아",9
"갖고 나가서",9
"한국대 법의관 사무소",9
"걸 인정하는 거야",9
"보내고 그",9
"확률이 커요",9
"보내고 내",9
"확보 못",9
"관심이 있었지",9
"곳으로 돌아갈",9
"한나 맥케이는",9
"보내고 싶을",9
"한네스 씨",9
"곳으로 만드는",9
"부탁이 아냐",9
"한다 그는",9
"한다 너는",9
"한다 너희",9
"보내기로 했어",9
"관리도 못",9
"보내긴 싫어",9
"내 처지가",9
"한다 안녕",9
"뜻 없는",9
"뜻 없었어요",9
"내 첫사랑이야",9
"내가 어떻게 그렇게",9
"긍정적으로 보면",9
"부탁이야 고마워",9
"한다고 나한테",9
"이름은 알",9
"보내도 돼",9
"even though I",9
"보내도 될까요",9
"부탁이야 넌",9
"곳으로 이사",9
"물리칠 수 있을",9
"다른 부분",9
"보내면 되잖아",9
"한다고 이건",9
"갑시다 고마워요",9
"한다고 이미",9
"확신하지 않는다",9
"being there",9
"한다고 저",9
"뜻대로 하지",9
"내 최종",9
"보내면 좋을",9
"보내서 온",9
"이름은 윌리엄",9
"곳은 단",9
"확실하게 그",9
"한다고요 내",9
"한다고요 하지만",9
"pray for",9
"확실하게 아는",9
"보내신 거예요",9
"보내신 겁니다",9
"갖고 내가",9
"내 취미거든",9
"한다는 걸 알았어요",9
"보내야 하죠",9
"확실하지 않잖아",9
"한다는 뜻은 아니야",9
"보내야 할지",9
"한다는 말이지",9
"한다는 소문이",9
"확실한 거니",9
"내 치과",9
"곳은 아니지",9
"확실한 건 아니에요",9
"한다면 그런",9
"긍정적인 영향을",9
"관여하고 있어",9
"긍지를 갖고",9
"한단 건",9
"보내줄 수도",9
"보내줄 테니까",9
"한대 난",9
"확실해 보입니다",9
"한데 넌",9
"보내지 그랬어",9
"한데 아무래도",9
"pressure on",9
"확실해요 내가",9
"갑시다 안",9
"보내지 않는 게",9
"한데 전",9
"한데 제",9
"보내지 않았을",9
"내 친구들을 죽인",9
"확실히 가장",9
"내가 어떻게 해야 해",9
"아빠가 처음으로",9
"한두 가지는",9
"보낸 거겠죠",9
"한둘이 아냐",9
"확실히 그의",9
"곳은 없지",9
"한둘이 아니지",9
"한들 希望なんてないのかい 희망이라곤",9
"한들 希望なんてないのかい",9
"확실히 눈에",9
"한때 밝게",9
"한때 밝게 빛났지만 이제",9
"한때 밝게 빛났지만",9
"한때 적극적이었지만 이제",9
"갑시다 오늘",9
"갖고 노는군",9
"한때는 좋은",9
"확실히 말씀드리지만",9
"확실히 당신은",9
"보낸 것이",9
"한마디 할까요",9
"갑시다 우리가",9
"한마디 해도 돼요",9
"한마디도 더 하지",9
"보낸 메시지야",9
"한마디도 할",9
"한마디로 말해서",9
"이름을 말해주세요",9
"보낸 사진을",9
"보낸 선물입니다",9
"확실히 모른다",9
"확실히 말해두지",9
"내 친구처럼",9
"보낸 줄 알았는데",9
"이름을 밝힐",9
"한번 가 보세요",9
"뜻이 아니야 내 말은",9
"보낼 거",9
"부탁해 그래",9
"보낼 거라고요",9
"맞아요 고맙습니다",9
"한번 네",9
"한번 놀러 오세요",9
"이름을 불러도",9
"한번 더 해",9
"걸 입증하는",9
"보낼 게",9
"내가 어젯밤",9
"한번 들어 보세요",9
"한번 들어 봐",9
"한번 들어나",9
"내 카메라를",9
"보낼 방법이",9
"뜻이 있는 곳에 길이",9
"내 칼이야",9
"한번 만나 봐",9
"내 캐릭터는",9
"한번 말씀해",9
"한번 맞춰",9
"한번 맛을",9
"내 커피에",9
"확실히 하다",9
"보낼 수 있지",9
"보낼 수는 없어요",9
"보낼 순 없는데",9
"갑옷 거인의",9
"관여할 일은",9
"내 코가 석",9
"부터 내",9
"다른 사람들 다",9
"한번 살펴보자",9
"물어 보고",9
"이름을 알려주세요",9
"확실히 해두자면",9
"be if",9
"보냈기 때문에",9
"한번 알아 봐야겠어요",9
"걸 잊곤",9
"한번 와서",9
"한번 이",9
"한번 잘하네",9
"한번 잘해",9
"확인 가능한가",9
"보냈던 그",9
"한번 할래",9
"보냈어 그래",9
"보냈어 그런",9
"한번 해 보시지요",9
"한번 해 보실래요",9
"한번 해 볼",9
"내 타입이야",9
"곳을 압니다",9
"보냈어 우리",9
"보냈어 이게",9
"이름을 제대로",9
"내가 언제든",9
"보냈어요 내",9
"부하 두 명이",9
"보냈어요 이",9
"내 탓을 해",9
"보냈어요 이제",9
"보냈어요 하지만",9
"보냈을 텐데",9
"확인부터 해",9
"걸 잊었군",9
"뜻이지 그럼",9
"보네 그러게",9
"보네 맞아",9
"확인하고 다시",9
"관제사 전원",9
"갑자기 그게 무슨",9
"확인하고 싶지",9
"곳을 찾아야겠어",9
"갑자기 그는",9
"보네요 그래",9
"확인 좀 하겠습니다",9
"확인하기 위한",9
"한을 풀어",9
"보네요 여기",9
"보네요 전",9
"보네요 제",9
"확인하러 가는",9
"곳을 찾은 것",9
"two things",9
"한잔 어때요",9
"한잔 하겠나",9
"확인하면 돼",9
"확인하지 못했습니다",9
"한잔 해야겠다",9
"확인하지 않은",9
"보는 건 어떨까",9
"한잔하면 좋겠네",9
"뜻인지 알겠나",9
"내 팀에서",9
"보는 건데요",9
"내 팀원들을",9
"지문이 있어",9
"보는 걸 볼",9
"한지 알아요",9
"한지 얼마나",9
"한집에 사는",9
"한쪽 팔만",9
"북반구에서 가장",9
"확인할 수 있을까",9
"북부 지역",9
"확인할 수 있을 겁니다",9
"한참 지났어",9
"한참을 머뭇거리고 있어",9
"내 파트너였어",9
"한창 화려했던 시대의 華やかなりし時代の",9
"내 파트너인",9
"걸 잊을 수",9
"확인해 보겠다",9
"한테 내가",9
"확인해 보도록",9
"확인해 보시죠",9
"북부의 모든",9
"확인해 본 거야",9
"보는 게 좋을 거예요",9
"북부의 영주들은",9
"뜻하는 건",9
"보는 관점이",9
"보는 그",9
"한푼도 없어",9
"할 가족이",9
"보는 눈빛 봤어",9
"내가 없어서",9
"할 거 없지",9
"북부의 왕이 된",9
"확인해 봤습니다",9
"할 거구요",9
"보는 듯",9
"보는 듯한",9
"띄기만 해",9
"걸 잊지 말아요",9
"할 거라구요",9
"경우는 좀",9
"곳이 아니지",9
"걸 자",9
"내 편을 들어줄",9
"하오 난",9
"내 편을 안",9
"확인해볼 수",9
"보는 사람인데",9
"확인해봐 그리고",9
"보는 사이에",9
"곳이 안",9
"확인해봐야 할",9
"할 거야 그를",9
"보는 시각이",9
"내가 에디",9
"할 거야 너는",9
"할 거야 너희",9
"보는 여자가",9
"확인해야 해서요",9
"보는 일",9
"확인해야 했어요",9
"할 거야 모든",9
"보는 중",9
"보는 한",9
"이리 늦어",9
"기계를 만들고",9
"이리 보낼 순 없는데",9
"보니 lrm",9
"내 평생 이런",9
"띄지 않아야",9
"probably should",9
"할 거야 좋아요",9
"이리 오고 있어",9
"할 거야 진짜",9
"아빠를 보면",9
"할 거예요 그녀를",9
"내 평소",9
"할 거예요 그러니까",9
"할 거예요 그렇게",9
"보니 기쁘네",9
"내 평판은",9
"할 거예요 무슨",9
"북쪽으로 가세요",9
"북쪽으로 가요",9
"내 폰이",9
"갑자기 누군가",9
"북쪽으로 갔어요",9
"법정에서 당신에게",9
"할 건 없어요",9
"할 겁니다 나는",9
"할 겁니다 우리",9
"비교가 안 되지",9
"다른 사람은 없나요",9
"환상에 빠진",9
"할 겁니다''",9
"환상의 세계에",9
"그냥 쓸데없는",9
"보니 생각나네",9
"할 것 같아 난",9
"할 것 같아 네",9
"보니 엄청",9
"보니 여기",9
"내 피로",9
"보니 역시",9
"보니 우리는",9
"이리 와 네가",9
"라 까떼드랄의 보안을",9
"분 같은",9
"환영을 보는",9
"환영을 볼",9
"내 피야",9
"이리 와 당신이",9
"할 것이기 때문에",9
"할 것이다 그",9
"곳이 있는지",9
"환영한다 난",9
"내 핏줄이",9
"보니 좋군요",9
"내 하나 뿐인",9
"분 거리에요",9
"보니 집에",9
"할 게 뭐 있어",9
"보니 확실히",9
"할 게 없지",9
"보니 훨씬",9
"할 게 있다",9
"I do not want",9
"보니까 난",9
"내가 여기 있는거야",9
"걸 잘 알고 있습니다",9
"할 곳에 있어",9
"이리 와 오늘",9
"보니까 두",9
"할 기회는",9
"기괴한 신음이 들린다",9
"환영해 주시기 바랍니다",9
"내가 여기 있다는 걸",9
"이리 와 이거",9
"아빠의 사랑을",9
"할 놈이야",9
"환자 같아",9
"아빠만 믿어",9
"내가 여기 어떻게",9
"할 때 기억나",9
"내 할아버지",9
"할 때 네",9
"할 때 당신은",9
"아빠처럼 말이야",9
"할 때까지 말이야",9
"할 때까지는",9
"내 항문에",9
"그냥 아무도",9
"할 때에는 font",9
"곳이 필요하다",9
"할 때에요",9
"할 때에는 font face",9
"보다 많이",9
"내가 여기 처음",9
"할 리 없어요",9
"보다 아",9
"환자가 한",9
"promise I",9
"내 행방을",9
"이리 와요 그",9
"보다 조금",9
"환자는 좀",9
"곳이 필요해서",9
"보다 중요한",9
"내 행복한",9
"좀 혼란스럽네요",9
"내 행세를",9
"내가 여기다",9
"할 말 없는",9
"환자들을 위해",9
"갑자기 못",9
"내가 여기부터",9
"지상 최악의",9
"보단 낫지",9
"곳이 한군데",9
"내가 여기부터 맡을께요",9
"분 덕분에",9
"할 말은 없고",9
"내 허리에",9
"할 말을 못",9
"할 말이 그것뿐이야",9
"할 말이 너무",9
"내가 여기서 뭐",9
"이리로 오고 있어",9
"할 말이 별로",9
"내가 여기서 뭐하고",9
"이리 주시죠",9
"할 말이 없어서",9
"갖고 생각해",9
"할 말이 있다면서요",9
"할 말이 있습니까",9
"할 말이 있어 내",9
"기꺼이 도와",9
"활개 치는",9
"라고 불립니다",9
"이리와서 가져가봐",9
"할 말인가",9
"할 방법",9
"보라고 하지",9
"할 사람 없어",9
"할 사람들도",9
"분 맞으시죠",9
"보라고 했잖아",9
"분 모두를",9
"내 호텔 방에",9
"할 사람이 아니에요",9
"보라는 거죠",9
"활성화할 수",9
"see if I",9
"할 사정이",9
"그냥 안 넘어가",9
"내 혼자",9
"할 새로운",9
"할 생각 없어요",9
"believe we",9
"할 생각은 없지만",9
"할 생각이냐",9
"할 생각입니다",9
"보러 가는 거",9
"할 수 없기 때문이다",9
"보러 가다",9
"내 회계사가",9
"할 수 없는 일",9
"할 수 없는거야",9
"라고 하더군",9
"갑자기 사라지면",9
"할 수 없어 네가",9
"관한 기사는",9
"황금 시간대",9
"황금 시간대에",9
"분 안녕하세요",9
"할 수 없었기",9
"내 훈련",9
"보러 갈 때",9
"황당한 게",9
"황당한 일을",9
"할 수 없을까요",9
"보러 갔었는데",9
"분 안에 못",9
"내 휴대폰이",9
"이만 돌아가요",9
"할 수 있냐",9
"보러 못",9
"할 수 있느냐는",9
"내가 연락하면",9
"보러 오게",9
"곳이에요 그리고",9
"갖고 싶어 하는",9
"할 수 있는 것에",9
"할 수 있는 기회가",9
"황후가 될",9
"회 연례",9
"회 이야기",9
"보러 온 줄",9
"곳이죠 그",9
"보러 온게",9
"회개할 수",9
"보러 왔던",9
"할 수 있다고 생각한다면",9
"보러 왔었어",9
"보러 왔을 때",9
"기껏해야 두",9
"할 수 있다는걸",9
"곳이죠 하지만",9
"할 수 있다니까요",9
"할 수 있다면 말이야",9
"할 수 있답니다",9
"라구바란 씨",9
"할 수 있어 모두",9
"할 수 있어 알았어",9
"재생 에너지",9
"할 수 있어 이런",9
"라그나 로스브로크 트래비스 핌멜",9
"내가 가르쳐주지",9
"라그나 로스브로크 트래비스",9
"내가 가르치는",9
"회복하는 게",9
"할 수 있어요 내",9
"내가 가마",9
"분 전이다",9
"보렴 아빠가",9
"곳인가 봐",9
"할 수 있었던 건",9
"기념 사진",9
"회사 그만두고",9
"내가 가보지",9
"할 수 있을거라고",9
"내가 가서 데려올게",9
"보면 그 사람을",9
"공 가지고",9
"할 수 있잖아 이제",9
"기념품 가게에서",9
"보면 그건",9
"할 수 있죠 하지만",9
"보면 그녀는",9
"내가 옆에 있을",9
"할 수가 없어서",9
"내가 가자고",9
"회사 역사상",9
"지어 줄게",9
"할 수는 있어",9
"보면 깜짝 놀랄 거야",9
"보면 난리",9
"회사 앞에서",9
"pum pum",9
"보면 누구나",9
"보면 눈물",9
"분 중 누가",9
"할 수있는 모든 것",9
"공 비서의 웃음",9
