Item,Frequency
"못 대게 해요",6
"못 대는",6
"못 대요",6
"나은 삶을 찾기 위해",6
"못 던져",6
"나은 삶의",6
"좋아요 누구랑",6
"mind 내",6
"못 데려갑니다",6
"좋아요 당신들이",6
"못 도망쳐",6
"좋아요 도움이",6
"좋아요 돈은",6
"좋아요 됐네요",6
"나은 세상으로",6
"게 한 두",6
"못 돌려",6
"가지 가능성이 있어요",6
"좋아요 맞아",6
"못 돌아간다고",6
"피가 나면",6
"못 돌아가고",6
"좋아요 뭐 하는",6
"좋아요 밖에서",6
"나은 여자를",6
"좋아요 보고",6
"좋아요 북부의",6
"못 돌아올지도",6
"못 돌아옵니다",6
"나은 이름을 생각해",6
"나은 이름을 생각해 내야합니다",6
"게 할",6
"좋아요 손",6
"가지 가자",6
"좋아요 시작합시다",6
"좋아요 신호",6
"못 돼''",6
"좋아요 아무튼",6
"못 됐고",6
"좋아요 안 돼요",6
"게 핵심이죠",6
"했는데 덕분에",6
"못 됐을 거야",6
"게 핵심이지",6
"좋아요 야",6
"나은 쪽으로",6
"못 되겠다",6
"못 되겠지만",6
"minute with",6
"우유리 지난 이야기",6
"좋아요 얼마",6
"가지 거짓말을",6
"좋아요 엄마는",6
"못 되니",6
"못 되는데",6
"좋아요 여보",6
"좋아요 예",6
"못 되돌려",6
"좋아요 완벽한",6
"좋아요 요즘",6
"가지 걸리는 게",6
"좋아요 우릴",6
"좋아요 원하는",6
"좋아요 이것",6
"나을 거라고 했어요",6
"못 될 것",6
"좋아요 이름은",6
"좋아요 이렇게 하죠",6
"게 현명한 거야",6
"못 드려 죄송합니다",6
"좋아요 이쪽으로",6
"좋아요 일어나",6
"게 현명할 것",6
"좋아요 일을",6
"못 드렸습니다",6
"좋아요 잘 자요",6
"나을 것 같군",6
"Leave it",6
"가지 검사를 시행",6
"못 드리는 거",6
"좋아요 저런",6
"좋아요 절대",6
"못 듣거든요",6
"좋아요 정말요",6
"좋아요 정말로",6
"못 듣겠지",6
"좋아요 조금",6
"게 화가 나서",6
"minutes and",6
"게 확실하냐",6
"가지 검사를 시행 할",6
"못 들게 해",6
"못 들게 하는",6
"못 들겠어요",6
"좋아요 진정하세요",6
"좋아요 충분히",6
"가지 검사만",6
"좋아요 케빈",6
"나을 게 없죠",6
"못 들어 주겠어",6
"가지 것들을",6
"좋아요 해",6
"좋아요 항상",6
"좋아요 행운을",6
"좋아요 훌륭해요",6
"좋아졌으면 해",6
"좋아졌어요 그",6
"좋아지고 있잖아",6
"못 들어간다",6
"좋아지실 겁니다",6
"좋아지실 거예요",6
"좋아지려고 해",6
"좋아진 게",6
"못 들어갔어요",6
"좋아질 것 같아",6
"좋아질 것이다",6
"나을 지도",6
"못 들어오게 막아",6
"좋아하거든 내가",6
"좋아하거든 유론 그레이조이의",6
"좋아하거든요 그래요",6
"좋아하거든 유론 그레이조이의 함대를",6
"좋아하거든 유론",6
"좋아하건 말건",6
"게 확실해지면",6
"좋아하게 됐죠",6
"못 들어오고",6
"게 확인됐어",6
"좋아하게 된 것",6
"나을지도 모르겠네요",6
"못 들어옵니다",6
"못 들어와서",6
"좋아하겠지 알아",6
"좋아하고 그리고",6
"좋아하게 만들어",6
"좋아하고 난",6
"못 들어주겠군",6
"나을텐데 존 스노우",6
"좋아하기도 하고요",6
"좋아하긴 했지",6
"am not the",6
"나을텐데 존 스노우 얼마나",6
"나을텐데 존",6
"게 후회되는구만",6
"나의 가장 좋은",6
"좋아하는 거 맞지",6
"좋아하는 거 아냐",6
"좋아하는 거 모르지",6
"좋아하는 거 알아요",6
"좋아하는 거 알고",6
"게 후회되는구만 댁도",6
"게 후회되는구만 댁도 그럴거요",6
"좋아하는 거면",6
"나의 것 강적을",6
"좋아하는 건 알아",6
"좋아하는 건 어떻게",6
"나의 것 강적을 무찔러라",6
"좋아하는 겁니다",6
"좋아하는 것 같더라",6
"좋아하는 것 같진",6
"게 흐릿해요",6
"좋아하는 것과",6
"못 들여",6
"좋아하는 것들을",6
"나의 곁에",6
"못 들으니까",6
"나의 것이었다",6
"못 들으셨나 봐요",6
"좋아하는 것입니다",6
"좋아하는 게 그렇게",6
"못 들으셨죠",6
"나의 관계",6
"좋아하는 곳으로",6
"좋아하는 곳이지",6
"게 힘드네",6
"좋아하는 꽃은",6
"Leave me",6
"좋아하는 네",6
"좋아하는 노래가",6
"피곤해서 말이야",6
"못 들은 걸로 해요",6
"좋아하는 동물은",6
"나의 기도는",6
"피나 콜라다",6
"못 들은 지",6
"못 들은 척하지",6
"좋아하는 모든 걸",6
"나의 그런",6
"못 들은거야",6
"가지 그래서",6
"못 들을 겁니다",6
"좋아하는 사람들과",6
"나의 깊은",6
"좋아하는 사람은 아무도",6
"좋아하는 사람의",6
"못 따는",6
"좋아하는 사람이 생겼어",6
"좋아하는 새",6
"좋아하는 사진이에요",6
"좋아하는 색이에요",6
"게 힘들면 피엘",6
"좋아하는 여자는",6
"못 딸",6
"좋아하는 여자애",6
"못 땄어",6
"게 힘들면 피엘 그룹을",6
"나의 대실연",6
"좋아하는 영화죠",6
"좋아하는 유일한",6
"좋아하는 음식이 뭐예요",6
"좋아하는 음악이 나오는",6
"못 떠난다",6
"나의 동료",6
"못 떠납니다",6
"좋아하는 일은",6
"못 떼게",6
"못 떼겠지",6
"가지 그럼",6
"좋아하는 일이잖아",6
"나의 딸아",6
"좋아하는 작가",6
"못 떼요",6
"못 뚫고",6
"좋아하는 줄 알았는데요",6
"못 뚫는",6
"못 뛰게",6
"좋아하는 친구",6
"게놈 화석",6
"좋아하는 친구가",6
"나의 뜨거운",6
"나의 레이디",6
"피라미드가 있습니다",6
"좋아하는데 그",6
"좋아하는데 난",6
"피라미드 중",6
"못 마시면",6
"못 마시니까",6
"피로 내",6
"못 막겠어",6
"게다 이제",6
"좋아하니까 내가",6
"가지 기술을",6
"못 막았어요",6
"나의 멘토",6
"못 막은",6
"못 막죠",6
"좋아하셨다는 걸",6
"좋아하셨을 거야",6
"좋아하시나 보다",6
"못 막지",6
"게다가 그걸",6
"못 만나게 해요",6
"좋아하실 거에요",6
"못 만나게 했어요",6
"좋아하실 것 같아요",6
"좋아하잖아 괜찮아",6
"좋아하잖아 그래",6
"우주가 노래하는 블루스 Ah",6
"좋아하잖아 나는",6
"좋아하잖아 안 그래",6
"게다가 그놈들은",6
"못 만날 거예요",6
"좋아하죠 저도",6
"좋아하죠 내가",6
"못 만날 것",6
"좋아하지 근데",6
"좋아하지 그럼",6
"좋아하지 난 아니오",6
"좋아하지 난 아니오 세르세이를",6
"좋아하지 네가",6
"못 만날지도 몰라",6
"못 만났거든",6
"게다가 그동안",6
"못 만났고",6
"좋아하지 않기",6
"좋아하지 않는 거",6
"좋아하지 않는군요",6
"좋아하지 않는가",6
"좋아하지 않는다는 거",6
"못 만났지만",6
"나의 미래",6
"좋아하지 않는지",6
"좋아하지 않는데",6
"좋아하지 않니",6
"나의 믿음을",6
"좋아하지 않았다는",6
"좋아하지 않았습니다",6
"나의 별",6
"am saying",6
"좋아하지 우린 도박을 하지",6
"좋아하지 우린 도박을",6
"좋아하지도 않았잖아",6
"못 말린다",6
"좋아하지만 내",6
"좋아하지만 난",6
"좋아하지만 하지만",6
"가지 넌",6
"좋아하진 않았지만",6
"나의 사랑으로",6
"좋아한 사람이",6
"좋아한 나치''의",6
"좋아한다 했었지",6
"못 먹게 하는",6
"좋아한다고 말하는",6
"좋아한다고 말할 수",6
"못 먹게 할",6
"못 먹게 해요",6
"좋아한다고 생각했어요",6
"못 먹겠네요",6
"좋아한다고 했어요",6
"나의 사랑이 누워서",6
"좋아한다고 했잖아요",6
"못 먹겠다고",6
"좋아한다는 거지",6
"나의 사랑이 누워서 조용히",6
"좋아한다는 걸 알고",6
"좋아한다는 사람",6
"못 먹는다는",6
"나의 삶이",6
"좋아할 거 같은데",6
"나의 삼촌은",6
"가지 단서가",6
"못 먹었거든",6
"좋아할 거야 그럼",6
"좋아할 거야 가자",6
"좋아할 거야 이제",6
"게다가 너와",6
"못 먹었더니",6
"나의 생각을",6
"못 먹었잖아요",6
"좋아할 계획",6
"좋아할 게",6
"좋아할 때가",6
"좋아할 것입니다",6
"못 먹을 거야",6
"좋아할 뿐이야",6
"가지 단순하고도",6
"좋아할 사람이",6
"가지 단순하고도 무시무시한",6
"좋아할 수 있어",6
"좋아할 수 있게",6
"나의 선조에게 했던",6
"나의 선조에게",6
"나의 선조에게 했던 맹세를",6
"가지 단순하고도 무시무시한 가능성이",6
"나의 세상을",6
"못 물어보겠어",6
"좋아할 필요",6
"못 물어봤어",6
"게다가 다친",6
"못 미덥긴",6
"나의 시간이 오면",6
"좋아해 그거",6
"못 미치는 것",6
"좋아해 그런데",6
"나의 실수",6
"가지 더 남았어",6
"못 미치죠",6
"좋아해 뭐",6
"좋아해 본",6
"못 믿겠군요",6
"좋아해 어쩌면",6
"못 믿겠다고 했지",6
"좋아해 이게",6
"좋아해 주시니",6
"가지 더 물어볼 게",6
"좋아해 줬으면",6
"우주에서 가장 훌륭한",6
"좋아해서 그래요",6
"못 믿겠어 그럼",6
"게다가 돈도",6
"가지 더 있네",6
"좋아해야 해요",6
"좋아해요 c",6
"못 믿겠으니",6
"좋아해요 고마워요",6
"못 믿겠으면 직접",6
"좋아해요 근데",6
"좋아해요 늘",6
"좋아해요 무슨",6
"나의 어머니와",6
"좋아해요 안녕",6
"좋아해요 알았어요",6
"좋아해요 이건",6
"게다가 모든",6
"좋아해요 진짜",6
"좋아했는지 알아",6
"못 믿는지",6
"좋아했던 거 알아",6
"못 믿니",6
"게다가 방금",6
"좋아했어 그",6
"좋아했어 근데",6
"좋아했어 하지만",6
"좋아했어 왜",6
"좋아했어요 우리",6
"못 믿었던",6
"못 믿으니",6
"am sorry to",6
"좋아했으면 좋겠어요",6
"게다가 새",6
"못 믿으시겠다면",6
"좋아했지 나도",6
"게다가 시간",6
"좋았나 보죠",6
"좋았는데 이젠",6
"좋았는데 이제",6
"좋았는데 말이야",6
"좋았다는 거",6
"Because I need you",6
"못 믿을 이유가",6
"좋았던 시절을",6
"나의 의무다",6
"좋았어 고마워요",6
"좋았어 계속",6
"우주인 그리고 학교",6
"못 바꾸는",6
"가지 마 가야 해",6
"못 바꿀",6
"나의 인의없는",6
"나의 인의없는 싸움",6
"좋았어 너랑",6
"게다가 언제나 허구죠",6
"게다가 언제나",6
"좋았어 다들",6
"나의 일부야",6
"못 받겠네",6
"missing a",6
"못 받겠어",6
"나의 일은",6
"좋았어 빨리",6
"좋았어 바로",6
"좋았어 안녕",6
"나의 작은 지혜로는",6
"좋았어 어떻게",6
"Legion of",6
"좋았어 오늘",6
"나의 적의",6
"못 받아 줘",6
"좋았어 이봐",6
"좋았어 잠깐",6
"나의 적의 적은",6
"못 받아들이겠어요",6
"좋았어 젠장",6
"가지 마 그렇게",6
"좋았어 지금",6
"좋았어 할 수",6
"좋았어요 그게",6
"좋았어요 그럼",6
"좋았어요 근데",6
"게다가 완전",6
"좋았어요 우리",6
"좋았어요 저",6
"좋았어요 잘",6
"못 받았다",6
"나의 주인",6
"좋았을 겁니다 제",6
"좋았을 뿐이죠",6
"못 받았으면",6
"좋았을 텐데 내가",6
"좋았을 텐데 난",6
"좋았을 텐데 네",6
"좋았을 텐데 우리",6
"듣자고 온",6
"가지 마 나랑",6
"좋았잖아 난",6
"좋았죠 근데",6
"좋았죠 그런데",6
"좋았지 난",6
"나의 집으로",6
"좋았지만 난",6
"좋으니까 조금이라도",6
"좋으니 어서",6
"게다가 우리도",6
"좋으면 그렇게",6
"못 받은 거",6
"좋으면 몇",6
"못 받은 것",6
"나의 천사여",6
"좋으실 거예요",6
"좋으실 것",6
"좋은 가정에",6
"좋은 가족이야",6
"좋은 가족",6
"가지 마 넌",6
"못 배기는",6
"좋은 거 같네요",6
"나의 친구가",6
"나의 충실한",6
"못 배워서",6
"am the one",6
"가지 마 뭐",6
"좋은 거라고요",6
"가지 마 아니",6
"좋은 거래는",6
"나의 클라라 그러진",6
"게다가 일이",6
"좋은 거래요",6
"좋은 거래예요",6
"나의 클라라 그러진 않을",6
"좋은 거야 내",6
"나의 토끼",6
"좋은 거였어",6
"가지 마 아저씨",6
"못 버틸 거",6
"좋은 건 없어요",6
"게다가 잘",6
"못 버틸거야",6
"좋은 건데요",6
"가지 마 미안해",6
"나의 하버만",6
"좋은 걸 갖고",6
"좋은 걸 가질",6
"좋은 건지도",6
"나의 한",6
"못 벌었어요",6
"나의 할부지",6
"게다가 저도",6
"가지 마 알았어",6
"am trying",6
"좋은 것도 있어",6
"좋은 것도 아니고",6
"나의 행복한",6
"좋은 것들도",6
"못 보게 하려고",6
"나의 형제이다",6
"나의 훌륭한",6
"나의 힘",6
"좋은 게 뭐죠",6
"좋은 게 뭔지 알아요",6
"게다가 좋은",6
"am trying to",6
"좋은 게 있을",6
"좋은 게 있는데",6
"좋은 게 있잖아",6
"좋은 게임을",6
"좋은 결과 있기를",6
"좋은 결과가 있기를 신이",6
"좋은 결과가 있을",6
"못 보고서",6
"게다가 지난",6
"좋은 경우는",6
"못 보내겠어",6
"좋은 경찰과 나쁜",6
"좋은 경찰과",6
"못 보내게",6
"mom and dad",6
"못 보내면",6
"나이 든 백인",6
"좋은 경찰이고",6
"못 보내줘",6
"좋은 경찰이지",6
"좋은 경찰이었어요",6
"게다가 첫",6
"좋은 계획이 아니야",6
"mom for",6
"좋은 계획이다",6
"좋은 계획인",6
"좋은 계획인 것",6
"좋은 계획이지만",6
"좋은 고기를",6
"게리 맥키",6
"운동 가방에",6
"좋은 곳에 있다",6
"못 보는 것",6
"좋은 곳으로 갔을",6
"좋은 곳으로 만들고",6
"나이 들어도",6
"못 보는 내가",6
"가지 마라 외국에서",6
"좋은 곳의",6
"못 보는구나",6
"나이 들었을",6
"좋은 곳이다",6
"좋은 곳인데",6
"못 보던 얼굴인데",6
"좋은 교육",6
"못 보면서",6
"좋은 구경거리가",6
"못 보셔서 그래요",6
"좋은 구실을",6
"못 보셨고요",6
"가지 마라 외국에서 쳐들어온",6
"좋은 기삿거리를",6
"좋은 기운이",6
"좋은 기회가 어디",6
"좋은 기회로",6
"좋은 기회에요",6
"좋은 기회인",6
"am 난",6
"가지 마세요 내가",6
"좋은 길을",6
"좋은 꼴을 못",6
"게스트 하우스",6
"좋은 꿈꾸고",6
"좋은 꿈 꿔요",6
"좋은 날씨야",6
"좋은 날이 될",6
"못 본 지가",6
"좋은 날인가",6
"못 본 척해요",6
"좋은 남자 만날",6
"좋은 남자 만나서",6
"못 본 체",6
"좋은 남자네요",6
"나이 좀",6
"좋은 남자였어",6
"좋은 남편은",6
"좋은 남편을",6
"나이가 가장",6
"못 볼 거라",6
"좋은 냄새가 나요",6
"좋은 냄새가 나는데",6
"못 볼 거야 네가",6
"나이가 너무 많아",6
"나이가 너무 많지",6
"좋은 놈 아니야",6
"못 볼 겁니다",6
"못 볼 것 같아서",6
"게으른 놈",6
"나이가 됐어요",6
"좋은 놈인 줄 알았다",6
"좋은 누나가",6
"좋은 놈인 줄",6
"좋은 눈을",6
"못 볼 때가",6
"나이가 되는",6
"게으름 피우는",6
"나이가 되도록",6
"못 볼 줄 알아요",6
"좋은 대답이네",6
"좋은 대접을 받아야",6
"나이가 될",6
"못 볼걸",6
"나이가 두",6
"못 볼지",6
"좋은 돈",6
"못 볼꼴",6
"좋은 동생이야",6
"좋은 동료가",6
"못 봐 난",6
"좋은 때가 아닌 것",6
"좋은 때가 아닌",6
"좋은 때인 것",6
"못 봐서 그렇지",6
"못 봐요 그럼",6
"못 봐주겠네요",6
"좋은 말씀은",6
"Leonardo da Vinci",6
"좋은 말씀은 지켜야지",6
"못 봐준다",6
"좋은 말을 해",6
"게이 남성과",6
"좋은 말할 때",6
"좋은 말할",6
"못 봤겠지만",6
"좋은 먹잇감이지",6
"좋은 면만 보자구",6
"좋은 모습만",6
"못 봤나 보네",6
"게이 새끼",6
"게이 섹스",6
"좋은 밤 되세요 좋은",6
"못 봤느냐",6
"나이가 많을",6
"좋은 밤이었어",6
"나이가 많잖아요",6
"못 봤다네요",6
"나이가 많잖아",6
"좋은 방법이 있다는",6
"좋은 방법이 있을 텐데",6
"못 봤단다",6
"좋은 방이",6
"좋은 변호사야",6
"못 봤어 난 거기",6
"못 봤어 내",6
"게이 이혼",6
"좋은 분 같아",6
"좋은 분 같던데",6
"좋은 분들이",6
"못 봤어요 그냥",6
"좋은 분들이야",6
"좋은 분이라",6
"못 봤어요 무슨",6
"나이는 몇",6
"못 봤어요 이",6
"못 봤어요 오늘",6
"좋은 분이시군요",6
"못 봤어요 하지만",6
"좋은 분이었어",6
"나이는 밀려왔다 가는 파도처럼",6
"좋은 분이지만",6
"좋은 분이지",6
"못 봤을 거예요",6
"좋은 사건을",6
"가지 말라고 하면",6
"좋은 사람 같았어요",6
"좋은 사람 같았는데",6
"나이는 좀",6
"피터가 왜",6
"못 봤지 그",6
"못 봬서",6
"좋은 사람들로",6
"피터는 안",6
"게이가 되고",6
"좋은 사람들이니까",6
"못 뵐",6
"나이도 먹고",6
"좋은 사람들이지만",6
"좋은 사람을 만날",6
"좋은 사람이 되는 법을",6
"못 붙이게 할 거야",6
"나이도 있는데",6
"좋은 사람이고 좋은",6
"좋은 사람이긴 한데",6
"나이를 먹어도",6
"했다고 난",6
"가지 말라고 했습니다",6
"운명을 통제할",6
"좋은 사람이라고 말해",6
"가지 말라고 했습니다 저라도",6
"나이를 먹은",6
"못 뺏어가",6
"좋은 사람이란걸",6
"가지 말라고 했어",6
"money is",6
"좋은 사람이었다는",6
"게이는 아니야",6
"좋은 사람이에요 난",6
"좋은 사람이에요 하지만",6
"좋은 사람이에요 당신은",6
"좋은 사람이에요 그리고",6
"좋은 사람이였어",6
"Let her go",6
"못 사서",6
"못 사면",6
"게이드 씨",6
"좋은 사람인 척",6
"가지 말라고 했어요",6
"나이스 블로킹",6
"좋은 사람일 거야",6
"좋은 사무실",6
"좋은 사람한테",6
"못 살 거",6
"좋은 사이가 아닙니다",6
"좋은 사이가 아닙니다 왜",6
"게이라고 말했어요",6
"나이스 원터치",6
"못 살 것 같아요",6
"못 살 줄",6
"좋은 상황을",6
"못 살 텐데",6
"못 살걸",6
"좋은 생각 같지는",6
"좋은 생각 아닌",6
"못 살린",6
"좋은 생각은 아니야",6
"나이에 무슨",6
"게이라는 건",6
"좋은 생각이 났다",6
"못 살아남아요",6
"나이에 상관없이",6
"좋은 생각이 아니었어요",6
"못 살았을",6
"피하 조직은 연고로",6
"못 살잖아",6
"가지 말라면 안",6
"좋은 생각이 아닐",6
"운명이라고 말해줘요",6
"좋은 생각이 있거든",6
"못 삽니다",6
"나이였을 땐",6
"좋은 생각이 있어서",6
"못 서요",6
"좋은 생각이 있어요 좋아",6
"좋은 생각이네 내가",6
"운명이었나 봐요",6
"좋은 생각이라고 생각하지 않아",6
"좋은 생각이라고 생각해",6
"좋은 생각이라는",6
"못 숨겨",6
"나이쯤 됐을",6
"가지 말래요",6
"좋은 생각이야 내",6
"좋은 생각이야 이",6
"좋은 생각이었다",6
"좋은 생각이오",6
"좋은 생각인 것 같다",6
"좋은 생각인 게",6
"나이트 워치 신병이",6
"좋은 생각인지 모르겠네요",6
"못 실어요",6
"나이트 워치 신병이 어쩌다",6
"못 싸워요",6
"못 싸우겠어",6
"좋은 선생님이야",6
"좋은 선물이 될",6
"가지 말씀드릴 게",6
"좋은 성과",6
"좋은 선택입니다",6
"나이트 워치의",6
"가지 말씀드릴",6
"좋은 소릴",6
"못 쓰게 돼",6
"나이트블러드를 만들러",6
"좋은 소식 없어",6
"나이트워치의 총사령관이었고",6
"못 쓰겠네요",6
"나이트워치의 총사령관이었고 이젠",6
"나이트워치의 총사령관이었고 이젠 북부의",6
"좋은 소식은 넌",6
"나이트블러드를 못",6
"못 쓰네",6
"좋은 소식은 우리",6
"좋은 소식은 오늘",6
"좋은 소식을 가지고",6
"moon and the stars",6
"못 쓰면서",6
"나이틀리 의원이",6
"좋은 소식을 전해",6
"좋은 소식을 전하게",6
"좋은 소식이 또 있어요",6
"못 쓰지만",6
"좋은 소식이 있어 우리",6
"게일 맥넬리",6
"좋은 소식이 하나",6
"좋은 소식이랑 나쁜 소식이",6
"못 알려",6
"나인 게",6
"좋은 소식인 것",6
"게일 포스",6
"좋은 소식인데요",6
"좋은 소식인지",6
"나인데 내가",6
"좋은 손에",6
"좋은 수",6
"못 알아듣겠는데",6
"나인지 어떻게",6
"좋은 순간",6
"운영에 관한",6
"운영에 대한",6
"못 알아듣겠어 그",6
"못 알아듣겠어 그 재갈",6
"I Can''t See",6
"좋은 시간 되시길",6
"나일 거라고",6
"좋은 시간 보내고 있어",6
"못 알아듣냐",6
"나일 뿐",6
"나일 수",6
"게임 같아요",6
"못 알아들어서",6
"나잇 오브",6
"못 알아들으니까",6
"좋은 시도였지만",6
"나잇 오브 댄스",6
"못 알아보는 거야",6
"게임 거칠게 굴어도",6
"게임 거칠게",6
"좋은 신호가",6
"게임 거칠게 굴어도 탓하지",6
"못 알아볼 것",6
"못 알아볼까",6
"게임 규칙",6
"못 알아봤네",6
"게임 그만해",6
"못 알아봤을",6
"좋은 아이죠",6
"못 알아봤죠",6
"좋은 아침 내가",6
"좋은 아침 여긴",6
"나중에 가자",6
"못 얻었어",6
"게임 끝난",6
"좋은 아침은",6
"못 얻은",6
"게임 끝이지",6
"나중에 갚을게요",6
"못 오게 하고",6
"좋은 애지만",6
"좋은 애죠",6
"못 오게 해줘요",6
"못 오나",6
"못 오는 건",6
"못 오는 줄 알았어",6
"좋은 얘기요",6
"좋은 얘긴 아니야",6
"나중에 그녀가",6
"게임 다",6
"게임 내가",6
"좋은 엄마가 되고",6
"못 오신다고",6
"못 오셔서",6
"가지 면이",6
"좋은 엄마였어요",6
"게임 다시",6
"좋은 여자네",6
"좋은 여자와",6
"좋은 여자였는데",6
"좋은 연설이었어요",6
"게임 때",6
"운이 너무",6
"좋은 영화를",6
"못 올 뻔했어",6
"moon''s not",6
"좋은 예죠",6
"좋은 오후야",6
"좋은 옷과",6
"나중에 난 널",6
"moon''s not my",6
"못 올라와",6
"나중에 난 널 이해해",6
"못 올리는",6
"좋은 위치",6
"좋은 우리",6
"좋은 의견",6
"나중에 널",6
"an absolute",6
"못 왔습니다",6
"moon''s not my moon",6
"좋은 이름은",6
"좋은 이",6
"좋은 이름이",6
"나중에 누군가",6
"못 외워요",6
"more I",6
"나중에 다시 건다고",6
"못 웃게",6
"좋은 인상을 주려고",6
"좋은 인상을 줘야",6
"좋은 일 같아",6
"나중에 다시 걸겠습니다",6
"좋은 일 있었어",6
"좋은 일 하고",6
"못 이길 거예요",6
"못 이길 걸",6
"좋은 일은 무슨",6
"못 이길거야",6
"게임 시간",6
"좋은 일을 많이 할",6
"못 이루게 해",6
"좋은 일을 하려",6
"좋은 일을 했어요",6
"게임 시작이야",6
"못 읽게",6
"좋은 일이 생겼어",6
"못 읽나",6
"좋은 일이 아니다",6
"좋은 일이 아니에요",6
"Let it be",6
"좋은 일이 있어",6
"좋은 일이겠죠",6
"게임 싫어해",6
"좋은 일이군요",6
"못 읽으면",6
"못 입겠어요",6
"좋은 일이니까",6
"나중에 다시 와서",6
"좋은 일이라곤",6
"나중에 다시 전화할게요",6
"피터 반",6
"좋은 일이었지",6
"an absolutely",6
"게임 안 할",6
"나중에 다시 하죠",6
"좋은 일인가",6
"게임 안 할 거야",6
"나중에 당신이",6
"못 잊겠지",6
"좋은 작전",6
"좋은 작은",6
"좋은 작품",6
"나중에 더 큰",6
"I Can''t See You",6
"좋은 장비를",6
"못 잊었어요",6
"못 잊을걸",6
"나중에 돌아오면",6
"좋은 저녁 보내요",6
"좋은 전략이야",6
"좋은 점들을",6
"못 자게 해",6
"게임 오브",6
"좋은 점이 있습니다",6
"좋은 점이에요",6
"못 자나",6
"게임 이름이",6
"내 마음에는",6
"게임 자체가",6
"못 자니까",6
"좋은 제안이지만",6
"좋은 조건이에요",6
"못 자서 그래요",6
"했다면 그 운명이 존",6
"못 자잖아",6
"좋은 조언이에요",6
"나중에 또 봬요",6
"좋은 주말 보내세요",6
"나중에 또 얘기해요",6
"좋은 지도",6
"좋은 지도자가",6
"좋은 지적이군요",6
"나중에 만날",6
"게임 체인저",6
"좋은 질문인 건 알아",6
"an act of",6
"못 잡아먹어서 안달이야",6
"좋은 집을 찾을",6
"못 잡았습니다",6
"게임 하고 있어",6
"좋은 집이에요",6
"more for",6
"좋은 징조로",6
"좋은 짝이",6
"좋은 쪽으로 생각해",6
"좋은 짝을 찾아",6
"못 잡을 거예요",6
"좋은 차네요",6
"좋은 차가",6
"나중에 먹지",6
"좋은 차는",6
"좋은 추억이에요",6
"좋은 추측이야",6
"나중에 받을",6
"좋은 출발이 될",6
"좋은 충고네요",6
"못 잤어 나도",6
"좋은 친구가 될 수",6
"좋은 친구가 될 거야",6
"가지 문제가 있다",6
"좋은 친구니까",6
"좋은 친구니까요",6
"나중에 병원에",6
"게임 하면",6
"좋은 친구로군",6
"나중에 보니까",6
"나중에 보러",6
"좋은 친구였습니다",6
"못 주무시고",6
"픽쳐스 배급",6
"못 주무신",6
"나중에 보여드릴게요",6
"게임 한 번",6
"좋은 타이밍은",6
"좋은 투자",6
"좋은 팀이었어",6
"가지 문제가 있어",6
"Let me be",6
"못 죽이겠어",6
"좋은 평을",6
"좋은 하루 되게",6
"못 죽일 거 같아",6
"게임 할 거야",6
"못 죽일 거야",6
"좋은 하루 보내세요 고맙습니다",6
"나중에 볼 수",6
"좋은 하루를 보냈어",6
"좋은 하루가",6
"좋은 학교야",6
"좋은 학교죠",6
"나중에 볼게요",6
"Because I was",6
"못 줘도",6
"못 줘 내",6
"좋은 혼처가",6
"좋은 환경을",6
"좋은 호텔을",6
"좋은 회사",6
"좋은 후렴구가",6
"좋은 회사를",6
"못 지나갑니다",6
"좋은 후렴구가 반복되지",6
"나중에 봐 네",6
"필 그",6
"좋은가 본데",6
"못 지낼",6
"좋은데 고마워",6
"나중에 봐 잘",6
"못 지켰잖아",6
"못 지키면서",6
"an adventure",6
"못 지킨다고",6
"좋은데 또",6
"좋은데 더",6
"나중에 봐요 그래요",6
"좋은데 아",6
"못 지킬 거",6
"못 쫓아올",6
"좋은데 이거",6
"필 우리",6
"못 찍었어",6
"좋은데요 이래서",6
"게임도 있어",6
"나중에 사진",6
"가지 묻고 싶은 게",6
"좋은지 나쁜지",6
"못 차렸어",6
"나중에 새",6
"못 차렸죠",6
"나중에 생각이",6
"게임도 해",6
"게임만 하는",6
"좋을 거 같아 그래",6
"나중에 설명",6
"가지 물건",6
"나중에 설명하지",6
"좋을 거야 그럼",6
"게임에 대해서",6
"좋을 거야 그렇지",6
"못 참겠단",6
"좋을 거야 당신",6
"좋을 거야 네가",6
"좋을 거야 당신이",6
"좋을 거야 아니",6
"좋을 거야 이미",6
"좋을 거야 이건",6
"좋을 거야 저",6
"필리핀 나브속 요원 처음부터",6
"좋을 거야 하지만",6
"못 참아 난",6
"좋을 거예요 그럼",6
"좋을 거예요 그",6
"못 참았을",6
"못 참아주겠어",6
"좋을 건데",6
"좋을 겁니다 안전할",6
"좋을 겁니다 다음",6
"좋을 것 같고",6
"좋을 겁니다 안전할 수",6
"게임에서 이길 수",6
"못 찾겠대",6
"못 찾겠대요",6
"나중에 알았어",6
"못 찾겠어 못",6
"못 찾겠어 못 찾겠어",6
"좋을 것 같아요 네",6
"좋을 것 같아요 그럼",6
"게임은 그만하지",6
"게임은 그만해",6
"못 찾고 있어요",6
"가지 물어도",6
"좋을 게 없으니까",6
"못 찾는 곳으로",6
"좋을 게 없지",6
"나중에 얘기하도록",6
"못 찾는다",6
"나중에 얘기하도록 하죠",6
"좋을 듯 합니다",6
"좋을 듯해요",6
"못 찾아냈어",6
"못 찾아오면",6
"가지 물어보려고요",6
"좋을 때만",6
"못 찾았겠지",6
"좋을 리 없지",6
"나중에 얘기하자 아니",6
"좋을 뿐이에요",6
"좋을 수 있어",6
"좋을 수가 없어",6
"좋을 수도 있었어",6
"좋을 줄 알았어",6
"좋을 테니",6
"게임은 안 해",6
"좋을 텐데 말이야",6
"게임은 어때",6
"more often",6
"좋을거 같아요",6
"못 찾았어 내가",6
"못 찾았어 나도",6
"좋을거야 내",6
"못 찾았어 하지만",6
"좋을걸 아니면",6
"좋을까 봐",6
"좋을것 같은데",6
"못 찾았을 거야",6
"나중에 얘기해도 돼요",6
"좋을지 모르겠네요",6
"좋을지 모르겠지만",6
"좋을지 생각해",6
"못 찾으니까",6
"좋자고 하는",6
"게임을 구축하십시오",6
"좋잖아 넌",6
"좋잖아 아",6
"못 찾으면 어떡해",6
"나중에 언제",6
"좋죠 고맙습니다",6
"못 찾으셨어요",6
"못 찾으실 거예요",6
"나중에 연락드리죠",6
"게임을 만드는",6
"좋죠 다",6
"more questions",6
"좋죠 이런",6
"좋죠 이건",6
"못 찾을 거에요",6
"못 찾을 수",6
"게임을 시작하죠",6
"가지 물어봐도 될까",6
"못 찾을 테니까",6
"나중에 와도",6
"게임을 시작합니다",6
"좋지 더",6
"나중에 와요",6
"못 찾잖아요",6
"좋지 또",6
"좋지 못",6
"좋지 뭘",6
"좋지 아니",6
"못 채는",6
"an afterlife",6
"못 채요",6
"못 챈 거",6
"못 챈 거야",6
"나중에 이런",6
"좋지 않겠지",6
"못 챌 거예요",6
"나중에 이야기하죠",6
"못 챘네",6
"게임을 위해",6
"게임을 잘",6
"좋지 않아서 날이",6
"나중에 잘",6
"게임을 정말",6
"좋지 않았는데",6
"좋지 않았지",6
"나중에 저도",6
"게임을 즐기는",6
"나중에 전화한다고 해",6
"좋지 어떻게",6
"못 치고",6
"좋지 오늘",6
"좋지 이제",6
"좋지 좋은",6
"좋지 좋아요",6
"못 키울",6
"좋지 진짜",6
"좋지는 않습니다",6
"좋지는 않을 거야",6
"좋지는 않았어요",6
"가지 방법밖에 없어요",6
"좋지는 않죠",6
"못 타니까",6
"못 타는데",6
"나중에 정식으로",6
"가지 방법밖에 없을",6
"못 탄다",6
"못 탄",6
"좋지만 우리",6
"못 탈 것",6
"좋지만 우린",6
"좋지만 하지만",6
"나중에 좋은",6
"못 털어",6
"나중에 지금",6
"가지 방법밖에 없을 것",6
"좌상 노사신은",6
"좌상 댁",6
"좌석 배치",6
"좌시하지 않을",6
"좌절스럽겠네 우리",6
"못 풀고",6
"좌절스럽겠네 우리 모두는 선택을",6
"좌절을 두려워하지",6
"좌절스럽겠네 우리 모두는",6
"못 풀어요",6
"좌지우지할 수",6
"못 풀어줘",6
"나중에 찾을",6
"게임을 하는 거죠",6
"못 풀었어요",6
"못 피우고",6
"게임을 하는 게",6
"좌표를 얻었죠",6
"좌표를 찾고",6
"좌향 앞으로",6
"좐좐 젤라토",6
"못 하게 되는",6
"게임을 하니",6
"못 하게 막죠",6
"못 하게 만들어",6
"못 하게 잘",6
"못 하게 생겼어",6
"죄 지은 자를",6
"가지 방법이 더",6
"못 하게 하세요",6
"죄가 없는 건",6
"죄가 없다고요",6
"못 하게 할 순",6
"못 하게 할 거예요",6
"죄가 없으니까",6
"죄가 없어도",6
"more than enough",6
"나중에 하세요",6
"못 하겠거든",6
"죄가 있지",6
"게임을 하면서 룰이",6
"죄는 그대와 상관이 없지",6
"죄는 그대와 상관이",6
"죄는 그대와",6
"게임을 하면서 룰이 공정하지",6
"못 하겠냐",6
"죄로 당신을",6
"죄로 그 딸을 판단하지",6
"죄로 그 딸을",6
"more than a woman",6
"죄로 체포한다",6
"죄를 고백하게",6
"죄를 고백하면",6
"죄로 체포합니다",6
"죄를 고백한다 내",6
"죄를 고백합니다",6
"죄를 고백한다 내 전재산을",6
"못 하겠다는 거야",6
"나중에 할 수",6
"죄를 고백해서",6
"죄를 네가",6
"나중에 함께",6
"못 하겠다면 어쩔",6
"죄를 뒤집어쓰고",6
"죄를 더",6
"죄를 범한",6
"죄를 묻는",6
"죄를 사하여 주시옵고",6
"못 하겠습니까",6
"못 하겠어 그럼",6
"죄를 씻을 수",6
"죄를 용서하소서",6
"죄를 위하여",6
"못 하겠어 뭘",6
"못 하겠어 못",6
"못 하겠어 이",6
"게임을 할 때",6
"못 하겠어 이제",6
"나중에 후회",6
"나중에 후회하게",6
"죄를 저질러",6
"죄를 증명할",6
"죄를 지었고",6
"못 하겠어요 그냥",6
"죄를 지었다면",6
"못 하겠어요 더는 못",6
"못 하겠어요 못 해요",6
"죄를 짓게",6
"나중에야 알게",6
"나중에서야 알게",6
"못 하겠으니까",6
"죄목이 뭔데",6
"게임을 해야",6
"나중엔 더",6
"죄송하다고 될",6
"죄송하다는 말씀을",6
"못 하겠지만 내가",6
"못 하고 그냥",6
"가지 배운 게",6
"죄송하지만 그렇게는",6
"못 하고 내가",6
"죄송하지만 급한",6
"나지 넌",6
"죄송하지만 당신이",6
"죄송하지만 당신을",6
"나중을 위해서",6
"죄송하지만 모르는",6
"못 하길",6
"죄송하지만 방금",6
"죄송하지만 밖에서",6
"죄송하지만 안 되겠어요",6
"죄송하지만 없어요",6
"나지 않도록",6
"게임의 일부야",6
"죄송하지만 이 문은 경영진만이",6
"못 하는 걸 할",6
"못 하는 겁니까",6
"죄송한 말씀입니다만",6
"죄송한데 그게",6
"못 하는 것 같아서",6
"못 하는 것 같아요",6
"죄송한데 방금",6
"나지 않을까요",6
"죄송한데 저희",6
"못 하는 게 없어요",6
"나지막이 얘기해",6
"못 하는 남자가",6
"죄송합니다 갑자기",6
"못 하는 소리가",6
"나지만 그",6
"못 하는 일은",6
"못 하는 힘을",6
"못 하는거야",6
"게임이 아니라고",6
"죄송합니다 나는",6
"죄송합니다 다시 한번",6
"나처럼 그냥",6
"게임이 있다",6
"죄송합니다 당장",6
"죄송합니다 몇",6
"죄송합니다 먼저",6
"죄송합니다 모두",6
"나처럼 끝날거야",6
"죄송합니다 시간",6
"나처럼 당신도",6
"나처럼 다른",6
"못 하면 네",6
"못 하면 다른",6
"못 하면 넌",6
"죄송합니다 안녕",6
"나처럼 되게",6
"죄송합니다 알겠습니다",6
"못 하면 안",6
"죄송합니다 어서",6
"죄송합니다 어떤",6
"나처럼 되지 마",6
"more times",6
"죄송합니다 영업",6
"못 하셨고요",6
"죄송합니다 오",6
"나처럼 될 거야",6
"울리네 한창나이에 쓰러진",6
"죄송합니다 오늘은",6
"못 하셨나",6
"나처럼 될 수",6
"못 하시겠다",6
"못 하시겠어요",6
"죄송합니다 이거",6
"가지 사건",6
"죄송합니다 이만",6
"죄송합니다 이봐",6
"나처럼 살",6
"죄송합니다 잠시",6
"나처럼 말이지",6
"죄송합니다 저기요",6
"죄송합니다 재판장님",6
"죄송합니다 전부",6
"나처럼 실수하지 말고",6
"죄송합니다 제가 예법에 익숙치는",6
"죄송합니다 제가 예법에",6
"나처럼 알고 있다면",6
"나처럼 알고",6
"가지 사실은",6
"나처럼 알고 있다면 말해",6
"죄송합니다 죄송합니다 죄송합니다",6
"나처럼 잘",6
"못 하잖니",6
"못 하잖아 내가",6
"나처럼 평생",6
"죄송합니다만 저희",6
"죄송합니다만 하지만",6
"나처럼 좋은",6
"죄송해요 가서",6
"나체 사진",6
"못 하지 난",6
"못 하지 하지만",6
"못 하지만 난",6
"게임이야 내가",6
"죄송해요 그러지",6
"못 하지만 어쨌든",6
"나초 돈",6
"나초 돈 헥토르",6
"죄송해요 그만",6
"나초 치즈",6
"죄송해요 꼭",6
"게임일 뿐",6
"죄송해요 나한테",6
"죄송해요 남편이",6
"more 알려줘",6
"죄송해요 너",6
"나치 놈",6
"못 한 얘기",6
"죄송해요 당신이",6
"죄송해요 당신은",6
"죄송해요 맙소사",6
"못 한다''",6
"죄송해요 모두",6
"못 한다고 했어요",6
"죄송해요 문제가",6
"가지 생각밖에",6
"죄송해요 바로",6
"죄송해요 사과",6
"게임할 시간이",6
"죄송해요 사람들이",6
"나치가 아니야",6
"죄송해요 시간 가는",6
"못 한다는 겁니까",6
"죄송해요 시간 가는 줄",6
"나치에 의해",6
"죄송해요 아니요",6
"죄송해요 아무",6
"죄송해요 아버지",6
"죄송해요 아침에",6
"morning light",6
"죄송해요 알았어요",6
"못 한단다",6
"죄송해요 어서",6
"죄송해요 어쩔 수 없었어요",6
"죄송해요 어쩔 수",6
"죄송해요 어쨌든",6
"죄송해요 일부러 그런",6
"못 할 거야 하지만",6
"죄송해요 저 때문에",6
"나카타니 씨와",6
"겠어 그",6
"못 할 걸세",6
"나타나 날",6
"가지 선택 중",6
"겠어 그래",6
"죄송해요 제가 너무",6
"죄송해요 제가 뭘",6
"죄송해요 제시",6
"가지 선택 중 가짜",6
"죄송해요 좋은",6
"겠어요 내가",6
"못 할 게 없는",6
"나타나기 시작했다",6
"죄수 교환",6
"죄수 번호",6
"겠어요 아니",6
"죄수가 아니에요",6
"죄수들을 데리고",6
"죄수가 아니야",6
"죄악에 관한",6
"죄악에 관한 한 텔러가",6
"죄악에 용서를",6
"못 할 말이",6
"죄악에 용서를 바란다 그리고",6
"죄악은 더 커지겠지",6
"죄악은 더",6
"죄악에 용서를 바란다",6
"나타나기만 하면",6
"나타나길 기다리고",6
"죄와 함께",6
"죄인 살리신",6
"겨냥하지 않는다",6
"죄인 살리신 주 은혜",6
"죄인 살리신 주",6
"죄인을 위하여 빌어주소서",6
"못 할 이유는",6
"겨누고 날",6
"most dangerous thing",6
"죄책감 가질",6
"죄지은 자를 사하여",6
"못 할 일들을",6
"나타나는 거예요",6
"죄책감 느낄 필요 없어",6
"죄책감 때문에요",6
"죄책감에 시달릴",6
"나타나는 바람에",6
"죄책감을 느꼈고",6
"나타나는 순간",6
"죄책감을 느끼나요",6
"죄책감을 느끼기",6
"나타나는 것을",6
"죄책감을 덜고",6
"죄책감을 덜려는",6
"죄책감을 덜",6
"나타나다 그리고",6
"못 할 테지",6
"죄책감이 좀",6
"못 할거 같아",6
"나타나면 더",6
"나타나면 바로",6
"죗값을 치러야죠",6
"죗값을 치르길",6
"죠넨 케이치",6
"겨누고 있었어",6
"죠버지는 그런 행동을 불허해서",6
"죠버지는 그런 행동을",6
"나타나면 우린",6
"겨누고 있었잖아",6
"주 경계",6
"주 경계선",6
"가지 소문을",6
"주 경비탑",6
"주 경계에",6
"주 경비탑 밑으로",6
"주 경비탑 밑으로 연결되는",6
"an arrow",6
"주 교도소로",6
"못 해 근데",6
"주 뉴욕",6
"주 대",6
"나타나야 할",6
"주 동안 그",6
"겨누는 자",6
"주 동안 날",6
"주 동안 당신",6
"못 해 너는",6
"나타나지 마요",6
"겨누지 않으니",6
"주 됐는데",6
"주 됐나",6
"주 됐을",6
"못 해 돈",6
"못 해 다른",6
"주 뒤엔",6
"주 마다",6
"못 해 또",6
"주 밍",6
"나타나지 않습니다",6
"주 북부에",6
"주 수요일",6
"겨를도 없이",6
"주 실버스프링",6
"못 해 아무것도",6
"주 안 됐어요",6
"주 앨버커키",6
"못 해 여기",6
"못 해 어쨌든",6
"못 해 여기서",6
"못 해 오늘",6
"못 해 오늘은",6
"주 은혜 놀라워",6
"주 은혜 놀라워 잃었던",6
"주 일찍",6
"못 해 이미",6
"못 해 이런",6
"주 전에 나는",6
"나타나지 않을 것",6
"주 전에 다른",6
"못 해 잘",6
"겨우 그 정도냐",6
"주 전에 어떤",6
"주 전에 여기",6
"나타나지 않을까",6
"못 해 지금은",6
"겨우 그거냐",6
"주 전이요",6
"주 전입니다",6
"Because I''m not",6
"주 전체",6
"주 정도면",6
"겨우 내 앞가림하는",6
"주 제",6
"주 중으로",6
"주 지방",6
"못 해봤네",6
"못 해봐서",6
"겨우 내 앞가림하는 이기적인",6
"주 초",6
"못 해봤네요",6
"주 출신",6
"주 포틀랜드",6
"주 페이저",6
"못 해서 그렇지",6
"못 해서 미안",6
"주 후에요",6
"most people",6
"주가 걸려",6
"주 휴가",6
"겨우 다시",6
"주가 지났다",6
"주가가 폭락할",6
"못 해요 그러니까",6
"주간 계속",6
"주간 근무로",6
"못 해요 그런",6
"주거 모듈을",6
"주거 침입과",6
"못 해요 나",6
"나타난 사람",6
"주거나 받거나",6
"주게 그럼",6
"주게 고맙네",6
"나타난 이",6
"못 해요 누가",6
"겨우 두어",6
"주게 돼 있어",6
"못 해요 다시",6
"주게 알겠습니다",6
"주게 이",6
"나타난 적",6
"필요하고 그대는 내",6
"나타난 줄",6
"겨우 만났는데",6
"주겠다고 했잖아요",6
"나타난 후",6
"주겠다고 했지만",6
"못 해요 여기",6
"주고 가면",6
"가지 않겠습니다",6
"주고 그래요",6
"했어 그랬지",6
"못 해요 한",6
"주고 다",6
"겨우 밉다고",6
"못 해줘서",6
"나타날 경우",6
"주고 말하기''",6
"주고 받을",6
"주고 받았어요",6
"겨우 밉다고 죽게",6
"주고 싶거든요",6
"못 했나 본데",6
"주고 싶다고요",6
"겨우 버티고 있어요",6
"못 했니",6
"주고 싶어도",6
"주고 싶었나",6
"가지 않기 위해",6
"주고 싶었습니다",6
"주고 싶었소",6
"주고 싶었을 뿐이야",6
"가지 않기 위해서",6
"주고 싶었지",6
"주고 싶으시면",6
"나타날지 모르니",6
"못 했던 거",6
"주고 싶은 만큼",6
"못 했던 거지",6
"못 했던 거죠",6
"주고 안",6
"나타났다 그",6
"주고 알았어",6
"겨우 시작인데",6
"주고 올게요",6
"못 했어 그게",6
"나타났다고 합니다",6
"주고 왔어요",6
"못 했어 그런",6
"주고 우릴",6
"못 했어 그럼",6
"못 했어 내",6
"주고 일단",6
"주고 있고",6
"가지 않나",6
"주고 있다는",6
"못 했어요 그게",6
"못 했어요 그",6
"주고 절",6
"못 했어요 그리고",6
"나타났어요 그",6
"주고받는 거",6
"주고받는 게",6
"주고받는 건",6
"주고받은 게",6
"못 했었죠",6
"주기 때문에",6
"주곤 했지",6
"못 했으면 그",6
"mountain rain combining",6
"못 했으면 그 문제",6
"못 했을 걸",6
"나타내고 있습니다",6
"주기 전에는",6
"나타내기 위해",6
"가지 않는 것",6
"주기도 합니다",6
"나타내는 거지",6
"mountain rain",6
"겨우 이 정도야",6
"나타샤 로스토바 役",6
"나타샤 로스토바 役 제임스",6
"겨우 이게",6
"주기만 하고",6
"나탈리 바스케스",6
"주기적으로 살인을",6
"못갈 것",6
"나탈리야 로스토바",6
"나탈리가 얼고 있다",6
"주긴 하지만",6
"못다 한 일을",6
"나탈리야 로스토바 役",6
"주긴 했죠",6
"주긴 했지",6
"못돼 먹은",6
"나탈리야 로스토바 役 아나이린",6
"가지 않는거야",6
"mouth off",6
"나팔 부는",6
"주길 원했어",6
"못되게 굴긴",6
"주까지는 모두 여기서",6
"못되게 굴려는",6
"주까지는 모두 여기서 나가야",6
"나폴레옹 보나파르트",6
"나하고 같은",6
"주나 걸려",6
"주나 걸렸네요",6
"겨우 잠들었어",6
"주나 됐잖아",6
"나하고 내",6
"겨우 잡은",6
"주나 지났는데",6
"가지 않는다는",6
"못된 개야",6
"나하고 얘기 좀 해",6
"Let me talk",6
"주는 거 잊지 마",6
"못된 것아",6
"나하고 한",6
"주는 거냐",6
"못된 계집애",6
"겨우 찾았네",6
"주는 거라면",6
"주는 거면",6
"못된 년처럼",6
"주는 거야 난",6
"못된 놈들이",6
"가지 않는지 궁금하군요",6
"주는 거였어",6
"못된 사람",6
"못된 사람이야",6
"주는 건 고맙지만",6
"못된 아이",6
"가지 않는지",6
"주는 건 안",6
"주는 건 어떨까",6
"주는 건 좋은",6
"주는 건지",6
"나한테 가짜",6
"주는 걸세",6
"겨우 하룻밤",6
"못된 짓 많이",6
"가지 않는지 궁금하군요 우리에겐",6
"가지 않니",6
"주는 것이죠",6
"주는 게 아냐",6
"주는 게 더",6
"주는 게 아니었어",6
"주는 게 얼마나",6
"나한테 갑자기",6
"못보게 될거야",6
"겨울 데려오렴",6
"주는 결혼",6
"못보고 지나치기 어렵지",6
"못보고 지나치기",6
"주는 곳",6
"주는 곳이지",6
"나한테 갖다",6
"움직일 날이있다",6
"나한테 거짓말 안",6
"못살게 구는",6
"주는 대신에",6
"겨울 축제",6
"주는 돈이라면",6
"주는 말",6
"주는 만큼",6
"못생긴 것들이",6
"못생긴 놈",6
"주는 방법을",6
"주는 밥이나",6
"못생긴 사람",6
"못생긴 놈아",6
"나한테 거짓말 하는",6
"주는 사람들",6
"주는 사람과",6
"주는 사람은 아무도",6
"주는 사람들이",6
"주는 사람의",6
"나한테 거짓말을 하다니",6
"못을 박고",6
"못을 박은",6
"못을 박았어",6
"주는 안",6
"주는 어때요",6
"못자 전혀",6
"못자 전혀 못자",6
"못자 침대에",6
"못자 침대에 누우면 천장을",6
"못자 침대에 누우면",6
"못자 전혀 못자 침대에",6
"못찾겠군요 그",6
"못찾겠군요 그 죽은자의",6
"주는 좀",6
"필요한 거다",6
"겨울은 얼마나 길었죠",6
"주는 척",6
"못찾겠군요 그 죽은자의 군대나",6
"주는 친구",6
"주는게 더",6
"주는 편이",6
"못하게 내가",6
"겨울엔 추운 바다에서 추운",6
"주니 고맙군",6
"못하게 돼서",6
"나한테 거짓말한 거야",6
"주니까 너무",6
"move away",6
"주님 주님",6
"겨울이 끝나고 남는다면",6
"못하게 될 수도 있어",6
"주님께 힘줘",6
"못하게 될까 봐",6
"주님은 당신의",6
"겨울이 끝나고 남는다면 돌려주고요",6
"주님은 살아",6
"못하게 만드는",6
"못하게 말야",6
"겨울이 끝나기 전에 죽을거요",6
"주님의 뜻으로",6
"못하게 잘",6
"주님의 말씀입니다",6
"못하게 하겠어요",6
"주님의 용서를",6
"주님의 영광을",6
"나한테 고마워하지 마",6
"주님의 축복을",6
"주님의 이름을",6
"못하게 하는거야",6
"주님이 계신",6
"move like",6
"주님이 당신을",6
"나한테 고마워할 필요 없어",6
"겨울이 올",6
"못하게 하죠",6
"못하게 하지",6
"주도권을 잡고",6
"주도록 하겠소",6
"주된 원인은",6
"나한테 고마워해야지",6
"주둥이 놀리면",6
"나한테 관심 없어요",6
"주드 자매님",6
"격려의 말",6
"주디 킹의",6
"못하게 했던",6
"격려의 말은",6
"주디 판사가",6
"못하게 했어야",6
"주라고 해요",6
"주라고 해서",6
"주라고 했는데",6
"못하게 했죠 제",6
"주란 말이야",6
"못하게 했죠 제 방으로",6
"나한테 궁금한 거",6
"주러 왔네",6
"못하겠어 그",6
"못하겠어 괜찮아",6
"나한테 그 얘기를",6
"격렬한 기쁨은 격렬한",6
"못하겠어 넌",6
"나한테 그거",6
"주려고 가져왔어요",6
"격렬한 기쁨은 격렬한 종말을",6
"주려고 그",6
"주려고 갖고",6
"못하겠어 이제",6
"격렬한 종말을",6
"가지 않았으면 좋겠어",6
"격리 감방에",6
"나한테 그따위로",6
"나한테 그딴 식으로",6
"못하겠죠 유론",6
"못하겠죠 유론 그레이조이의",6
"못하겠죠 유론 그레이조이의 해군이",6
"격리 구역''",6
"주려고 이러는",6
"격리 구역에",6
"못하고 관심도",6
"주려고 한 거야",6
"격리 구역에서",6
"나한테 그랬지",6
"가지 않았잖아",6
"가지 않았을까요",6
"못하고 우리",6
"주려고 했더니",6
"move these",6
"주려고 했을",6
"못하고 있네",6
"나한테 그러더군",6
"주려나 봐",6
"못하고 있는 거야",6
"격리 구역으로",6
"DC와 너무",6
"주력을 마주할테고",6
"주력을 마주할테고 병사 수는",6
"주력을 마주할테고 병사",6
"주려던 건데",6
"move your",6
"주렴 내가",6
"주렴 내",6
"나한테 그런 게",6
"주로 내",6
"웃고 싶으면",6
"주로 데이브는 주로",6
"주로 데이브는",6
"격리실이 활성화됐습니다",6
"나한테 그런 말 할",6
"주로 저한테",6
"주로 저한테 의지를",6
"moved into",6
"주로 혼자",6
"나한테 그런 말을 해",6
"격리해야 합니다",6
"주류 언론에서는",6
"못하는 거에요",6
"주류 판매점에서",6
"가지 않으셨어요",6
"나한테 그런 일이",6
"주립 교도소에",6
"격변 한",6
"격분한 숨소리",6
"주마리씨 실종",6
"주만 세",6
"주만 벌써",6
"주말 쉬어도 될까요",6
"주말 쉬어도",6
"주말 잘 보내고",6
"못하는 게 아니라",6
"못하는 게 없고 노래도",6
"주말 잘 보냈어",6
"주말 휴가",6
"moved the",6
"못하는 구나",6
"주말에 무슨",6
"주말에 못",6
"나한테 기회를 줘요",6
"못하는 남자 말",6
"주말에 스탁 인턴쉽",6
"주말에 스탁",6
"주말에 스탁 인턴쉽 휴양지에서",6
"못하는 남자 말 믿고",6
"주말에 어디",6
"못하는 남자랑",6
"격이 떨어지니",6
"가지 않을 거라고",6
"못하는 내",6
"격이 떨어지니 제일 저급한",6
"주말이 될",6
"주머니 뒤져",6
"나한테 끌리는",6
"못하는 여자가",6
"주머니 속의",6
"주머니 잘",6
"못하는 일",6
"나한테 남는",6
"못하는 일이",6
"주머니를 뒤져봐",6
"격이 떨어지니 제일",6
"주머니를 채우고",6
"주머니를 털고",6
"an event",6
"못하도록 말이야",6
"못하도록 해",6
"주머니에 들어 있어요",6
"주머니에 든 걸",6
"못하면 그냥",6
"못하면 날",6
"주머니에 있었어요",6
"주머니에서 꺼내",6
"못하면 너도",6
"나한테 너무 화가",6
"못하면 네",6
"주먹 범프",6
"주먹 범프 범프",6
"못하면 네가",6
"주먹 쥐어",6
"주먹 한 방",6
"못하면 당신은",6
"못하면 모든",6
"못하면 무슨",6
"못하면 어떡하지",6
"필요한 약이",6
"못하면 어떡해요",6
"나한테 넘기면",6
"주먹을 날렸지",6
"나한테 넘기지",6
"moving in",6
"an example",6
"못하면 전",6
"주면 고맙겠는데",6
"못하면 제",6
"주면 그 빌어먹을 성을",6
"주면 그 빌어먹을",6
"못하면서 그래",6
"주면 그는",6
"주면 그때",6
"주면 기분이",6
"나한테 눈길이나",6
"주면 나는 어떡해요",6
"못하면서 함부로",6
"주면 너도",6
"가지 않을까",6
"주면 당신",6
"못하실 것",6
"못하잖아 근데",6
"나한테 닥치라고",6
"겪게 하지",6
"주면 도움이",6
"못하잖아 난",6
"주면 되겠어",6
"못하죠 그래서",6
"주면 두",6
"못하지 모든 일어날 일들이",6
"못하지 모든 일어날",6
"나한테 담배",6
"주면 모든",6
"나한테 달린",6
"주면 살릴",6
"주면 살릴 수",6
"an escape",6
"못하지만 내가",6
"못하지만 이",6
"못한 거 그 여자",6
"못한 거 그",6
"주면 어떡해요",6
"주면 엄청",6
"나한테 당신을",6
"주면 우릴",6
"겪게 해서 정말 미안해",6
"주면 이렇게",6
"못한 건가요",6
"가지 알게",6
"못한 걸 드리지",6
"주면 좀",6
"못한 걸 드리지 정의",6
"못한 것 같아서",6
"나한테 던져",6
"주면 진짜",6
"주면 좋죠",6
"주면 큰",6
"못한 것들",6
"못한 것들이",6
"주면서 이렇게",6
"주목 받는",6
"주목을 끄는",6
"나한테 도대체",6
"주목을 받지",6
"주목하세요 식당은",6
"주목할 건",6
"주목하세요 이",6
"겪고 싶지 않아요",6
"주목할 만하다",6
"주무세요 네",6
"주무세요 무슨",6
"주무세요 엄마",6
"나한테 독을",6
"주무세요 잘 자렴",6
"나한테 돈도",6
"주무시고 가세요",6
"주무시면 안 돼요",6
"주무실 거예요",6
"DC와 너무 멀리",6
"주문 나왔어",6
"주문 다",6
"주문 들어왔어요",6
"주문 받으러",6
"못한 사람들이",6
"못한 상태로",6
"주문 했어",6
"겪고 있는 건",6
"나한테 두 번째",6
"주문을 걸고",6
"못한 손님이",6
"나한테 뒤집어씌우려고",6
"못한 이유는",6
"가지 약속을",6
"주문이나 해",6
"겪고 있는 일은",6
"주문하신 거 나왔습니다",6
"주문하지 않았다",6
"못한 일이에요",6
"못한 점",6
"주문한 것",6
"못한 자의",6
"못한 죄",6
"못한 채로 남은",6
"주민 등록",6
"주문해야 해요",6
"못한 채로 남은 한마디가",6
"못한 최고의",6
"주민 한",6
"주민 중 한",6
"an excuse",6
"못한 행동을",6
"나한테 똥을",6
"못한다 날",6
"주민은 지금",6
"주민은 지금 당장 이토모리",6
"주밖에 못",6
"주민은 지금 당장",6
"못한다고 누가",6
"나한테 마음이",6
"주방 겸",6
"주방 가서",6
"주방 바닥",6
"겪고 있다는",6
"주방 바닥에",6
"못한다고 했지",6
"주방에 뭐가",6
"나한테 많은",6
"주방위 공군",6
"an exceptional",6
"주방으로 와",6
"주변 경고",6
"못한다는 게",6
"못한다는 겁니다",6
"much as you",6
"나한테 말 못",6
"주변 사람들과",6
"겪고 있었어",6
"주변 사람들한테",6
"못한다면 무슨",6
"an expert",6
"주변 살피고",6
"겪고 있었죠",6
"주변 탐문",6
"못할 거 같아요",6
"못할 거 없죠",6
"주변에 스크린이있을거야",6
"주변에 있고",6
"주변에 어떤",6
"못할 거라는 걸",6
"주변에 있었다는",6
"주변엔 아무도",6
"주변을 다",6
"못할 거야 그리고",6
"나한테 말만",6
"주변을 맴돌며",6
"나한테 말씀해",6
"겪고있는 모든",6
"못할 거야 네가",6
"못할 거야 무슨",6
"못할 거야 왜",6
"겪고있는 모든 변화가",6
"못할 거야 이",6
"주변의 모두가",6
"못할 거야 이제",6
"겪고있는 모든 변화가 있습니다",6
"주변이 온통",6
"주사 놔",6
"겪는 거",6
"나한테 말을 했어야지",6
"못할 겁니다 우리",6
"주사는 안",6
"주사를 맞아야 해",6
"주사를 맞았다",6
"주사를 맞았어요",6
"나한테 말하고 싶은 거야",6
"주사한 게",6
"주사위는 이미",6
"주석은 없어",6
"주석이 없어",6
"겪는 사람이",6
"주세요 고마워",6
"못할 놈의",6
"필요해 거기",6
"주세요 그거",6
"주세요 그는",6
"필요해 곧",6
"주세요 그러니까",6
"주세요 그런데",6
"주세요 그런 걸",6
"못할 만한",6
"못할 문제는 없어",6
"못할 밤을",6
"못할 방식으로",6
"못할 뻔",6
"주세요 나야",6
"못할 사정이",6
"주세요 농담이에요",6
"much easier",6
"못할 수도 있으니까",6
"주세요 닥터",6
"못할 수도 있지만",6
"못할 약속은 하지",6
"나한테 말하지마",6
"겪어 본 적",6
"주세요 대체",6
"나한테 말하지도 않고",6
"못할 일",6
"못할 이유도",6
"주세요 돈",6
"주세요 도움이",6
"못할 일은",6
"못할 일이야",6
"주세요 둘",6
"an honest",6
"못할 정도지",6
"못할 정도지 난 번식용",6
"겪어 봐서 아는데",6
"주세요 무슨 일이죠",6
"못할 정도지 난",6
"나한테 말할 거",6
"못할 줄 알았는데",6
"주세요 뭐라고요",6
"나한테 말할 필요",6
"못할 짓들을 해왔지 아니면",6
"못할 짓들을 해왔지",6
"가지 요리",6
"주세요 부탁드려요",6
"못할 짓을 했어",6
"주세요 부탁해요",6
"겪어 봤으니까",6
"주세요 사람이",6
"an honor",6
"주세요 새로운",6
"주세요 선생님",6
"주세요 새",6
"주세요 시간이",6
"주세요 숨을",6
"나한테 말해 줄 거야",6
"주세요 실은",6
"가지 요소",6
"주세요 아니요",6
"겪어 봤잖아요",6
"못할거야 내가",6
"못할거야 이",6
"겪어 봤죠",6
"못할지도 몰라요",6
"가지 요소를",6
"주세요 앞으로",6
"주세요 알았죠",6
"주세요 얘기",6
"못합니다 제가",6
"못해 게다가",6
"주세요 여기는",6
"못해 lrm",6
"가지 원칙을",6
"주세요 오늘은",6
"주세요 우리는",6
"주세요 이것",6
"못해 그러니",6
"나한테 말해줘야 해",6
"주세요 이리",6
"못해 그런데",6
"나한테 말해줘요",6
"주세요 자막",6
"much he",6
"가지 의문이",6
"much further",6
"겪어봐서 잘",6
"주세요 절대",6
"주세요 정말요",6
"못해 네 달콤한 말의",6
"못해 네 달콤한",6
"나한테 망신을",6
"나한테 맞고",6
"겪어야 한다",6
"겪어야 해",6
"나한테 맞아",6
"나한테 맞아서",6
"주세요 최대한",6
"나한테 맞은",6
"주세요 프랭크",6
"겪었구나 우린",6
"못해 맞아",6
"much is",6
"못해 뭐",6
"겪었는지 상상도",6
"못해 미안하구나",6
"필요해 세상에",6
"주셔서 감사하다고",6
"겪었구나 우린 비슷해",6
"못해 엄마가",6
"주셔서 고마워",6
"못해 여긴",6
"못해 오",6
"나한테 맡기고 넌",6
"나한테 맡기라고",6
"주셔서 다시 한번",6
"겪었는지 알아",6
"못해 유감입니다",6
"나한테 맡기면",6
"겪었는지 알기나 해",6
"나한테 매우",6
"an hour ago",6
"주셔야 하는",6
"못해 자",6
"나한테 매일",6
"못해 자네",6
"못해 잘",6
"주셨어 난",6
"주셨어요 그래",6
"겪었단 걸",6
"주셨어요 제",6
"주셨어요 제가",6
"나한테 명령",6
"주셨으면 좋겠는데",6
"겪었던 것",6
"much more than",6
"주소 같은 게",6
"못해 혹시",6
"못해서 그냥",6
"주소 알아",6
"주소 줘",6
"나한테 모든 걸",6
"주소 찾았어",6
"나한테 목숨을",6
"못해서 여기",6
"못해서 여기 좀 변했군요",6
"못해서 여기 좀",6
"못해서 이런",6
"가지 이상",6
"워리어 킹스",6
"주소는 안",6
"주소는 없고",6
"주소는 없지만",6
"주소는 없어요",6
"못해서 제가",6
"주소도 알고",6
"못해서 화가",6
"주소로 가서",6
"주소를 가지고 있다",6
"못해요 그걸",6
"주소를 드릴게요",6
"주소를 보내주세요",6
"나한테 무슨 문제가 있는",6
"주소를 보낼게",6
"나한테 무슨 일 생기면",6
"주소를 알려 주세요",6
"못해요 그러니까",6
"나한테 무슨 일이 생겼어",6
"주소를 알려줄게",6
"주소를 알아낼",6
"주소를 알아내",6
"못해요 근데",6
"주소를 알아요",6
"주소를 잘못 알았나",6
"much pressure",6
"주소를 찾아",6
"주소를 찾을",6
"주소서 당신의",6
"주소서 제",6
"주술을 건",6
"나한테 무슨 짓을 하는",6
"못해요 당신은",6
"주스 마실래",6
"주스를 사 올게",6
"못해요 미안해요",6
"못해요 어떻게",6
"주시고 좋은",6
"주시길 부탁드립니다",6
"못해요 우리",6
"주시니 영광입니다",6
"주시면 그",6
"주시면 고맙죠",6
"겪은 사람",6
"주시면 되겠네요",6
"주시면 되요",6
"못해요 저도",6
"나한테 문제가 있다고",6
"주시면 연락드리겠습니다",6
"주시면 이",6
"못해요 할 수 있어요",6
"겪은 사람은",6
"못했겠지 돛을 펴",6
"못했겠지 돛을",6
"주시오 그리고",6
"겪은 일 말이야",6
"못했기 때문이야",6
"주시죠 왜",6
"겪은 일 중에",6
"주시죠 제",6
"주시지 그러셨어요",6
"못했는데 그",6
"주식 매입",6
"주식 거래소",6
"주식 사기",6
"주식 시장은",6
"주식 시장에",6
"주식 얘기",6
"못했다 나는",6
"주식을 팔고",6
"주식을 산",6
"주신 거잖아",6
"주신 거지",6
"못했다 어떻게",6
"못했다 이",6
"나한테 물어본",6
"못했다고 해",6
"못했다고 했어요",6
"못했다는 거죠",6
"못했다는 건",6
"주신 주님",6
"주신다면 정말",6
"못했다면 내가",6
"나한테 물어봤어",6
"겪은 일은 정말",6
"주실 것을 요청합니다",6
"못했던 거예요",6
"주실 것이다",6
"주실 수 없을까요",6
"주실 수 없나요",6
"못했던 것은",6
"주실 수도",6
"겪은 일을 아무도",6
"못했습니다 그는",6
"주실수 있어요",6
"주십시오 그래",6
"못했습니다 제",6
"주십시오 무슨",6
"나한테 뭐라고 하지",6
"못했어 그러니",6
"주십시오 저",6
"나한테 뭐라고 할",6
"못했어 근데",6
"주어야 합니다",6
"나한테 뭔가 문제가",6
"못했어 너무",6
"주어지지 않아 시작해라 종이",6
"주어지지 않았다",6
"주어지지 않아 시작해라",6
"주어진 걸 누릴",6
"주어진 거죠",6
"주어진 걸 누릴 수가",6
"주어진 기회를 잡아야 해",6
"주어진 기회를 잡아야",6
"주어진 마지막 기회예요",6
"못했어 미안해",6
"주어진 모든",6
"못했어 뭐",6
"나한테 뭘 바래",6
"못했어 이",6
"못했어 이게",6
"못했어 이걸",6
"주었고 내가 할",6
"주었고 내가",6
"주었고 내가 할 수",6
"못했어 이런",6
"주었다 그리고",6
"못했어 정말",6
"나한테 뭘 원하죠",6
"주에 같은",6
"나한테 뭘 원하는지",6
"주에 걸친",6
"못했어요 근데",6
"나한테 뭘 줄",6
"주에 벌써",6
"주에 봬요",6
"겪을 필요는",6
"못했어요 당신은",6
"주에 있었던",6
"못했어요 더",6
"주에 중요한",6
"가지 일을 하는",6
"주에만 세",6
"주에만 벌써 세",6
"못했어요 이게",6
"주여 이",6
"나한테 반하면",6
"못했어요 제",6
"나한테 반한 거",6
"주영의 비명",6
"an inhibitor",6
"못했었지 그들이",6
"못했었지 그들이 날",6
"못했었지 그들이 날 위해",6
"나한테 반했어",6
"주요 소식입니다",6
"주요 용의자가 된",6
"못했을 거야 그",6
"못했을 거야 난",6
"주요 인물이",6
"못했을 거요",6
"주요 장기를",6
"주요 증인",6
"견과가 되는",6
"주요 질량",6
"나한테 보고도",6
"주요 혈관이",6
"견과가 되는 게 맞죠",6
"주울 수",6
"주울 거야",6
"견과가 되는 게",6
"주워 담고",6
"못했을 수도 있어",6
"견과류 믹스",6
"All I know",6
"견과류 알레르기가",6
"주위 사람을",6
"주위를 돌 수 있었다",6
"주위를 돌 수",6
"주위를 돌며",6
"나한테 보여주면",6
"주위를 돌아 다니며",6
"DC와 너무 멀리 떨어져",6
"못했죠 제",6
"견뎌 온",6
"못했지 그게",6
"주위를 맴도는",6
"못했지 그게 내 최대의",6
"못했지 그게 내",6
"못했지 그레고르를",6
"주위에 있었다",6
"주위에 있다",6
"못했지 그레고르를 조롱하지만 않았다면",6
"주위의 모든 것을 보면",6
"못했지 그레고르를 조롱하지만",6
"못했지 세르",6
"못했지 세르 그레고르도",6
"못했지 세르 그레고르도 멈추지",6
"주의 가장",6
"핑크는 숨이 붙어",6
"못했지 저",6
"주의 말씀을",6
"나한테 부탁했잖아",6
"나한테 불리한",6
"못했지만 그리고",6
"가지 있다 난",6
"나한테 불만 있어",6
"못했지만 말이야",6
"못했지만 전",6
"못했지만 언젠가",6
"주의가 흐트러진",6
"몽고메리 클라이드 씨 댁인가요",6
"주의를 기울이게",6
"몽규의 옅은 신음",6
"주의를 끌 테니",6
"주의를 끌 테니까",6
"몽둥이를 들고",6
"주의를 끌다",6
"몽규 부의 웃음",6
"나한테 빚졌다고",6
"주의를 끌었어",6
"주의를 끌었다",6
"주의를 끌어봐",6
"몽키즈 부대",6
"주의를 돌리고",6
"주의를 돌려야",6
"주의를 돌리려는",6
"주의를 돌릴게",6
"견디게 해",6
"묘비에 뭐라고",6
"주의를 분산시키는",6
"주의를 주고",6
"주의를 주는",6
"묘사하고 있어요",6
"묘사하는 건",6
"주의해야 해요",6
"나한테 빚진 건",6
"주인 찾아",6
"묘사할 수 있겠니",6
"나한테 빚진 것",6
"나한테 빚진 것도",6
"하거든 뭐",6
"주인공 같은",6
"주인공 역을",6
"an investigation",6
"music is",6
"나한테 빚진 게 있어",6
"주인공으로 한",6
"주인공을 강하게",6
"주인공을 강하게 만들기 위한",6
"주인공을 강하게 만들기",6
"주인공이 되고",6
"묘진 야히코",6
"묘한 매력이",6
"주인공임을 알게되고",6
"주인보다 더",6
"나한테 사과하는",6
"무 알았다",6
"주인을 찾을 수 없었다",6
"주인의 허락",6
"주인의 웃음",6
"무 우측",6
"무거운 거 드는",6
"주인이 될 수 있어",6
"무거운 거야",6
"주인이 아주",6
"주인이 아니야",6
"가지 자네",6
"무거운 것을",6
"주인이 있다",6
"견디는 거죠",6
"주인이 집에",6
"주인이 죽은",6
"나한테 사기를 쳤어 좋은",6
"주인인 양",6
"Because I''ve always",6
"무거운 물체를",6
"주일 전엔",6
"나한테 사실을",6
"나한테 상의",6
"주일 학교에서",6
"견디는 거지",6
"무거운 자연 발생",6
"무거운 자연",6
"무거운 자연 발생 요소는",6
"주입 준비",6
"무거운 짐 진",6
"나한테 상의도 없이",6
"an oath",6
"주잖아 내",6
"주잖아 난",6
"무거울 거야",6
"주장 된",6
"무거워 죽겠네",6
"주장은 그대",6
"주장은 그대 아버지 혈통에서",6
"주장은 그대 아버지",6
"무게 좀",6
"가지 재미있는",6
"무게 중심이",6
"주장하고 있죠",6
"무결병은 더",6
"주장하는 바입니다",6
"무결병은 더 커다란",6
"주장하는 사람도",6
"주장한 것처럼",6
"무결병은 더 커다란 걸",6
"나한테 설명해",6
"가지 정말",6
"주장합니다 하지만",6
"주장할 순",6
"무고한 백성",6
"무고한 두",6
"주저하는 걸",6
"무고한 백성 수천명을 죽이기",6
"무고한 백성 수천명을",6
"주저하지 않았다",6
"무고한 사람들을 죽이는",6
"무고한 사람들이 죽게",6
"무고한 사람에게",6
"Let''s get this",6
"주제는 토성의",6
"무고한 사람은 죽이지",6
"주제는 토성의 달입니다",6
"주제도 못 되면서",6
"견딜 겁니다",6
"주제에 관한",6
"주제에 잘난",6
"주죠 c",6
"주제에 이제",6
"주죠 그리고",6
"주죠 이건",6
"무고한 아이를",6
"DEA 요원들이",6
"나한테 수작 부리지",6
"주주들이 웅성거린다",6
"무고한 이들을",6
"must be the",6
"주지 그럴",6
"주지 그랬어요",6
"무고한 자들을",6
"주지 그렇게",6
"주지 나",6
"주지 너도",6
"주지 기다려",6
"주지 다시",6
"견딜 만한",6
"주지 말라",6
"주지 말고요",6
"나한테 시간",6
"주지 못",6
"무관한 질문입니다",6
"주지 못한 걸 드리지",6
"들어 올린 그 손에서",6
"무관할 수도",6
"견딜 수 없게",6
"무기 가지고",6
"주지 못했지",6
"무기 같은 거",6
"나한테 시키는",6
"주지 보이지",6
"주지 보이지 않는",6
"주지 보이지 않는 바람이",6
"무기 개발에",6
"주지 않겠나",6
"무기 거래에",6
"주지 않기로",6
"나한테 신경을",6
"주지 않는 건",6
"무기 내놔",6
"I Would",6
"주지 않는 게",6
"무기 내려놓고",6
"주지 않는다는",6
"주지 않는데",6
"무기 내려 놔",6
"가지 조언을",6
"무기 내려놔요",6
"must do it",6
"견딜 수 없었던",6
"견딜 수 없었다",6
"나한테 쓸모가",6
"주지 않으시면",6
"무기 또는",6
"나한테 아들",6
"주지 않을 수도",6
"주지 여기",6
"주지 않지만",6
"DEA 요원이",6
"하게 좀",6
"무기 삼아",6
"주지도 않았어요",6
"견딜 수 없이",6
"나한테 아무 의미도",6
"나한테 아무 짓도 안",6
"주지사가 되는",6
"주진 못했어요",6
"무기 없이는",6
"must feel",6
"주째 안",6
"무기 중",6
"주차 공간에",6
"무기 통제",6
"견딜 수 있다",6
"must find",6
"견딜 수 있도록",6
"주차 위반 딱지",6
"주차 자리를",6
"무기 회사를",6
"주차돼 있었어요",6
"무기가 다",6
"주차된 차가",6
"주차를 하고",6
"주차장에 가서",6
"나한테 안 맞아",6
"무기가 아니다",6
"주차장에 있어요",6
"무기가 아니야",6
"I Zapp",6
"must go",6
"주차장에서 발견됐대",6
"주차장이 있어요",6
"주차하는 게",6
"주차할 때",6
"나한테 알려준",6
"가지 중 하나를",6
"무기는 가지고",6
"주택 대출",6
"무기는 내가",6
"무기는 다",6
"주파수 도약",6
"주택시장 최고조",6
"주파수 도약을",6
"주파수를 바꾼",6
"주포 발사",6
"나한테 약속을",6
"주혜리 씨",6
"나한테 약속한 그걸",6
"나한테 약속한 그걸 가져와",6
"나한테 약속했어",6
"견딜 수 있죠",6
"죽 먹기였죠",6
"나한테 약속했잖아",6
"견딜 수 있지만",6
"죽 은",6
"죽거나 잡혔겠죠",6
"죽거나 아니면",6
"죽거나 죽이거나",6
"죽거나 잡혔겠죠 모두가",6
"무기도 없잖아",6
"죽게 내버려 뒀어야지",6
"무기들을 다시 만나게되면",6
"무기로 날",6
"무기들을 다시 만나게되면 해피를",6
"무기로 사용할",6
"must have seen",6
"견딜 수가 없었거든 난",6
"나한테 얘기한",6
"무기를 가지고있다",6
"죽게 놔두진 않을",6
"죽게 놔둘 수",6
"무기를 강탈 한",6
"무기를 강탈",6
"무기를 강탈 한 후",6
"무기를 건네주시죠",6
"무기를 건네주시죠 물론",6
"무기를 건네주시죠 물론 이쪽으로",6
"죽게 돼 있어",6
"무기를 꺼내서",6
"무기를 꺼내",6
"죽게 되고",6
"죽게 되는거야",6
"죽게 된다는 걸",6
"나한테 어떤 건지",6
"무기를 다룰",6
"must leave",6
"죽게 될 거에요",6
"무기를 들어",6
"나한테 어떤 짓을",6
"죽게 될거요",6
"무기를 만드는 사람은 외계인",6
"무기를 만드는 사람은",6
"죽게 두지 않을",6
"무기를 만들어서 백귀와",6
"죽게 둘 수 없어요",6
"무기를 만들어서 백귀와 와이트를",6
"견습생으로 일한",6
"무기를 못",6
"나한테 언제",6
"죽게 만들고",6
"죽게 만들겠지",6
"죽게 버리고",6
"죽게 버려두고",6
"무기를 버리면",6
"죽게 하지 마",6
"죽게 하진 않을",6
"무기를 쓰지",6
"죽게 할 수도",6
"나한테 여기",6
"무기를 어떻게",6
"무기를 어디",6
"무기를 주고",6
"죽게되면 낭비일",6
"나한테 연락도 안",6
"죽게되면 낭비일 뿐이니 우리한테",6
"무기를 찾는",6
"죽겠네 난",6
"죽겠네 네",6
"무기를 찾았다",6
"무기를 찾아",6
"가지 질문만 하면",6
"죽겠네 또",6
"견해에 따르면",6
"무기를 찾으십시오",6
"나한테 연락한",6
"죽겠는데 왜",6
"무기를 파는 유일한",6
"무기를 팔고",6
"죽겠단 말이야",6
"결과 그는",6
"죽겠어 그냥",6
"무기를 파는 유일한 사람입니다",6
"죽겠어 나도",6
"무기명 사채를 손에 넣으려고",6
"무기명 사채를 손에",6
"나한테 열",6
"결과 기다리고",6
"죽겠어 오늘",6
"무기의 근원입니다",6
"결과 나오는",6
"무기의 흔적은 없습니다",6
"나한테 오고",6
"죽겠죠 내가",6
"죽겠죠 하지만",6
"죽겠죠 그럼",6
"무기화하는 걸 허락하겠다",6
"무기화하는 걸",6
"무기화하는 걸 허락하겠다 필요한",6
"무기화할 수",6
"결과 나오면 바로",6
"죽고 난 후에도",6
"죽고 누가",6
"죽고 네",6
"무너뜨리는 건",6
"무너뜨리려 하고",6
"죽고 사는 게",6
"결과 나왔나",6
"죽고 싶어 하는",6
"무너뜨릴 순",6
"죽고 싶어도",6
"무너져 내릴",6
"죽고 싶으냐",6
"무너져도 솟아날",6
"죽고 싶은 게냐",6
"나한테 완벽한",6
"죽고 싶을 때 먹으면",6
"무너졌을 거야",6
"죽고 싶지 않아 죽고",6
"무너졌지만 대부분은 건재하며",6
"무너졌지만 대부분은 건재하며 아크의",6
"무너졌지만 대부분은",6
"원숭이는 족제비를 쫓아갔어요",6
"무너지고 말",6
"결과 내",6
"무너지고 있는데",6
"결과 놀라운",6
"죽기 마련이지",6
"원시인 같은",6
"죽기 몇 달",6
"무너지기 시작했어요",6
"결과 다른",6
"무너지기 일보",6
"결과 당신",6
"죽기 싫은데",6
"가지 질문을 할게요",6
"죽기 전까지는요",6
"결과 당신은",6
"무너지는 줄",6
"무너지지 마",6
"죽기 전에 네",6
"죽기 전에 마지막으로 보고",6
"죽기 전에 빨리",6
"나한테 왜 말",6
"죽기 전에 한 말이",6
"무너지지 않을 거야",6
"죽기 전엔 안",6
"결과 모든",6
"죽기 직전이었어",6
"나한테 왜 이러는 건데",6
"죽기도 하고",6
"죽기라도 했어요",6
"결과 보고",6
"죽기를 바랐죠",6
"결과 미정",6
"나한테 욕을",6
"죽기만 기다릴",6
"무는 거",6
"죽긴 싫어 목을 할퀴고",6
"죽긴 싫어 목을",6
"an overnight",6
"죽길 기다리고",6
"무늬 옷",6
"죽길 바라나",6
"무늬가 있는",6
"죽길 바라는 사람들",6
"결과 세",6
"죽길 바랐던",6
"무단 접속",6
"죽길 바랐지",6
"무단 침입 금지",6
"죽길 원치",6
"무단 침입 흔적은",6
"결과 알려 줘",6
"나한테 이거",6
"죽는 거 아냐",6
"죽는 거 봤어",6
"나한테 이걸 줬어",6
"결과 역시",6
"죽는 거나",6
"죽는 거보단",6
"죽는 거였어",6
"무단 침입했어요",6
"나한테 이게",6
"죽는 거지 그래",6
"죽는 건 답이 아니야",6
"죽는 건 싫어",6
"죽는 건 못",6
"죽는 건 답이",6
"죽는 건 확실하지",6
"죽는 걸 그냥",6
"결과 있기를",6
"죽는 걸 보고만",6
"죽는 걸 보기",6
"my Clara",6
"무대 의상",6
"무대 의상을",6
"하고 걱정",6
"죽는 걸 봤지",6
"죽는 걸 원하지 않아",6
"무대로 가",6
"무대로 올라가",6
"결과 총",6
"죽는 게 낫다",6
"죽는 게 낫죠",6
"an overnight forest",6
"죽는 게 일이잖아",6
"나한테 이런 걸",6
"죽는 길이 그리",6
"죽는 길이 그리 나쁘진",6
"무대에 섰던",6
"죽는 꼴 보고 싶어요",6
"무대에 섰을",6
"결과가 궁금해서요",6
"죽는 꼴을 보고",6
"결과가 그렇게",6
"죽는 방법",6
"결과가 꽤",6
"나한테 이런 짓을 했어",6
"가지 청이",6
"나한테 이럴 수 있어요",6
"죽는 순간에도",6
"죽는 순간이",6
"무대에 올랐을",6
"가지 코스",6
"무대에 올랐을 때",6
"무대에서 공연할",6
"죽는 줄 알았다니까",6
"무대에서 본",6
"죽는 줄 알았지",6
"죽는 줄만",6
"죽는 줄 알았죠",6
"무덤 같아",6
"죽는걸 보고",6
"결과가 나오더라도",6
"무덤 위에",6
"죽는게 두렵지",6
"죽는다 그럼",6
"나한테 이미",6
"죽는다 난",6
"죽는다 바닥에서",6
"죽는다 바닥에서 일어나면 죽는다",6
"죽는다 바닥에서 일어나면",6
"죽는다 안",6
"죽는다 이",6
"죽는다고 생각하면",6
"무덤을 걸고",6
"죽는다는 거잖아",6
"무덤을 다스리게",6
"무덤을 다스리게 될거요",6
"나한테 인사도 안",6
"원점으로 돌아가서",6
"무덤을 다스리게 될거요 내",6
"죽는다는 얘기",6
"나한테 일부러",6
"죽는다면 제",6
"죽는단 말야",6
"죽다 산",6
"무덤을 팠어",6
"죽다 살았구나",6
"죽다 살아났어",6
"무덤이 있습니다",6
"무덤이라고 수묘水墓지",6
"결과가 나올 거예요",6
"죽다니 무슨 소리야",6
"무도회 갈래",6
"죽더라도 넌",6
"가지 파마산",6
"죽도록 패는",6
"죽도록 두들겨",6
"죽도록 팬",6
"All I need",6
"죽든 살든 넌 나와",6
"죽든 살든 넌",6
"죽습니다 하지만",6
"나한테 있다",6
"죽어 가는 거",6
"무력화시킬 수",6
"무력화 시킬",6
"죽어 갔어요",6
"죽어 계속",6
"죽어 같이",6
"무렵 난",6
"무례를 범할 생각은",6
"무례를 용서하라",6
"무례를 용서하라 긴",6
"결과가 나왔나요",6
"죽어 나가도",6
"무례를 용서하라 긴 여행에",6
"죽어 너",6
"죽어 날",6
"죽어 다시",6
"무례하게 굴거나",6
"죽어 마땅하다고",6
"my aunt",6
"나한테 잘못한",6
"죽어 버리고",6
"죽어 볼래",6
"죽어 아니",6
"무례하게 굴어",6
"나한테 잘해줄",6
"무례하게 굴었어요",6
"죽어 알았어",6
"죽어 없어질",6
"무례하게 굴지 마라",6
"죽어 우린",6
"가지 할 일이",6
"죽어 있는 걸",6
"무례한 놈",6
"Let''s hope",6
"무례할 생각은",6
"죽어 자네가",6
"죽어 저",6
"가지 해도",6
"무료 상담은",6
"죽어가고 있잖아",6
"나한테 전화도 안",6
"죽어가는 갈매기",6
"나한테 전화하고",6
"죽어가는 마당에",6
"죽어가는 애",6
"나한테 전화한 거야",6
"죽어갈 거야",6
"죽어나갈 겁니다",6
"무릅쓸 수 없다",6
"무릅쓸 수는",6
"죽어도 난",6
"무릎 구부리고",6
"죽어도 신경",6
"죽어도 상관없어",6
"죽어도 싸다고",6
"죽어도 싸다",6
"죽어도 아무도",6
"가지 형태가",6
"죽어도 안 돼",6
"결과가 바로",6
"죽어도 좋아 나",6
"무릎 꿇는 것도",6
"죽어도 좋아 나 너무",6
"무릎 꿇는 것도 상관없겠군",6
"죽어도 할",6
"무릎 꿇는 데는",6
"무릎 꿇는 데는 시간이",6
"결과가 방금",6
"가지 혼자",6
"죽어서 다행이에요",6
"죽어서 다행이야",6
"무릎 꿇어 꿇으라고",6
"죽어서 지옥에",6
"결과가 생길",6
"죽어선 안돼요",6
"죽어야 돼요",6
"무릎 꿇었어",6
"죽어야 하나요",6
"나한테 전화했을",6
"원칙대로 해",6
"결과가 안 좋으면",6
"나한테 접근한",6
"죽어야 합니다 당신처럼요",6
"my back and slam",6
"죽어야 합니다 당신처럼요 타르가르옌",6
"무릎 때문에",6
"가지 확실한 것은",6
"my bad",6
"나한테 정확히",6
"죽어요 내가",6
"죽어요 그리고",6
"죽어요 무슨",6
"하고 별",6
"죽어요 당신이",6
"죽었거나 잡혔습니다",6
"죽어요 제발",6
"죽었거나 잡혔습니다 그레이조이들도 죽거나",6
"죽었거나 잡혔습니다 그레이조이들도",6
"무릎에 앉은",6
"나한테 조금이라도",6
"죽었고 넌",6
"무릎에 앉히고",6
"나한테 져",6
"죽었고 다",6
"무릎은 어때",6
"죽었고 당신은",6
"무릎에 총을",6
"무릎을 꿇고는",6
"죽었기 때문이다",6
"죽었기 때문이죠",6
"죽었는 줄",6
"죽었는데 난",6
"결과가 없습니다",6
"죽었는데 무슨",6
"무릎을 꿇었다고",6
"무릎을 꿇었다고 아는데",6
"무릎을 꿇었다고 아는데 그의",6
"죽었는지 살았는지도",6
"나한테 좋을 게",6
"죽었는지 알",6
"무릎을 꿇으러 온",6
"무릎을 꿇으러 온 것일텐데",6
"무릎을 꿇으러",6
"무릎을 꿇으면 북부의 관리자로",6
"무릎을 꿇으면 북부의",6
"죽었다 나는",6
"결과가 올",6
"죽었다 오",6
"죽었다 해도",6
"무릎이 다",6
"가지가 눈에",6
"죽었다고 누가",6
"결과가 이렇게",6
"죽었다고 들었어요",6
"죽었다고 말하지",6
"가지가 다",6
"무리 좀",6
"죽었다고 생각하게",6
"죽었다고 말했어요",6
"무리 중 한",6
"죽었다고 생각하지",6
"결과가 있기를 신이",6
"죽었다고 생각했다",6
"무리가 있어",6
"하고 싶기도",6
"죽었다고 이",6
"죽었다고 하는",6
"죽었다고 합니다",6
"죽었다고 할",6
"가지가 아닙니다",6
"죽었다는 걸 알게 되면",6
"무리의 힘은",6
"나한테 줄래",6
"나한테 줄 수",6
"나한테 중요한 일이야",6
"and Derek",6
"나한테 줘 내가",6
"죽었다면 왜",6
"죽었단 소식을",6
"죽었대 뭐",6
"죽었던 그",6
"무리하지 말라고",6
"죽었습니다 그래서",6
"무리하지 마요",6
"죽었습니다 우리",6
"무리하진 마라",6
"죽었습니다 전",6
"죽었어 고마워",6
"무리하진 말고",6
"나한테 줬어요",6
"결과가 좋을",6
"죽었어 그러니",6
"가지가 있는데요",6
"가지가 있다고",6
"죽었어 그렇지",6
"죽었어 끝났다고",6
"죽었어 나",6
"결과는 그",6
"나한테 진 빚을",6
"죽었어 다시",6
"죽었어 당신은",6
"죽었어 다음은",6
"무모한 행동",6
"죽었어 몇",6
"무모한 짓이에요",6
"죽었어 무슨 일이",6
"죽었어 봐",6
"죽었어 바로",6
"무비자 제도가",6
"죽었어 아무도",6
"무빈 씨도",6
"무빈 씨는",6
"결과는 늘",6
"무사 귀환",6
"나한테 청혼할",6
"결과는 누구도",6
"결과는 나왔어요",6
"무사하길 바라",6
"죽었어 제발",6
"죽었어 자기",6
"무사하면 돼",6
"무사하셔서 다행입니다",6
"무사하단 걸",6
"무사하다는 걸",6
"무사하지 못 할",6
"나한테 총을 쐈어",6
"나한테 총을 겨눠",6
"죽었어요 그러니까",6
"죽었어요 그러니",6
"무사한 걸 보니",6
"결과는 더",6
"죽었어요 다",6
"나한테 친구가",6
"죽었어요 다들",6
"죽었어요 더",6
"무사한지 확인해",6
"결과는 바뀌지",6
"죽었어요 모두",6
"나한테 커피",6
"결과는 아무도",6
"가지게 돼",6
"죽었어요 어떤",6
"나한테 키스를",6
"죽었어요 저건",6
"죽었어요 전부",6
"무사해서 다행이구나",6
"가지게 돼요",6
"죽었으면 더",6
"죽었으니 내",6
"나한테 키스할",6
"죽었을 거고",6
"나한테 키스해요",6
"my boys",6
"결과는 어때요",6
"무사했을 텐데",6
"죽었을 것",6
"죽었을 걸",6
"나한테 팔",6
"무사히 돌아갈",6
"무사히 돌아오기만",6
"죽었을 때 우린",6
"죽었을 때를",6
"무사히 돌아오는",6
"무사히 돌아오셨군요",6
"나한테 패스해",6
"나한테 팔아요",6
"죽었을지 몰라",6
"무사히 돌아와야",6
"죽었잖아 그",6
"무사히 빠져나갈 수",6
"죽었잖아 내",6
"가지게 되죠",6
"결과는 장담",6
"죽었죠 GBM이라고도",6
"죽었잖아요 난",6
"죽었죠 GBM이라고도 해요",6
"죽었지 그녀는",6
"결과는 장담 못",6
"죽었지 그래도",6
"무서운 거구나",6
"죽었지 안",6
"무서운 거죠",6
"결과도 안",6
"죽었지만 그대도",6
"죽었지만 그대도 두 형제를",6
"죽었지만 그대도 두",6
"나한테 하고 싶은 말이",6
"결과는 정말",6
"죽여 그래",6
"나한테 하는 말이야",6
"무서운 게 당연해",6
"나한테 하는 소리야",6
"나한테 하는 말",6
"무서운 게 뭔지 알아",6
"죽여 다",6
"죽여 버려야",6
"죽여 버렸어요",6
"나한테 한 대 맞고",6
"무서운 남자가",6
"my brothers",6
"무서운 말을",6
"죽여 본 적이",6
"죽여 보라고",6
"죽여 봤어요",6
"무서운 사람이야",6
"나한테 한 방",6
"죽여 이런",6
"죽여 왜",6
"결과를 낳았어",6
"무서운 영화",6
"무서운 음악",6
"나한테 한마디도",6
"my brother''s",6
"무서운 일은",6
"죽여라 죽여",6
"죽여버려야 돼",6
"무서운 일을",6
"죽여버리겠다 맹세한 도트락인들도",6
"죽여버리겠다 맹세한",6
"나한테 할 말 없어요",6
"무서운 줄 모르고",6
"무서운 줄 알아",6
"죽여버릴 거야 죽여버릴",6
"죽여버릴 거야 이",6
"무서운가 봐",6
"죽여버릴 겁니다",6
"죽여버릴 줄 알아",6
"가지고 가도",6
"나한테 할 말 있지",6
"죽여서 얻는 게",6
"죽여서 얻는",6
"죽여서 뭐",6
"죽여야 겠어",6
"결과를 미리",6
"죽여야 하는 거",6
"무서울 때가",6
"나한테 할 말이 있으면",6
"죽여야 할 거예요",6
"나한테 할 얘기가",6
"죽여야 할걸",6
"무서워 나",6
"죽여야 해 안",6
"무서워 그래서",6
"죽여야 했죠",6
"나한테 해결책이",6
"죽여요 난",6
"무서워 당연하지",6
"my car into",6
"나한테 해도",6
"무서워 안",6
"나한테 해요",6
"죽였고 네",6
"죽였고 넌",6
"무서워 우리",6
"죽였는 지",6
"죽였는데 그",6
"무서워 죽겠는데",6
"죽였는지 알고 싶어요",6
"죽였다 내",6
"죽였다 내가",6
"죽였다고 믿어요",6
"무서워 죽을 것",6
"무서워 지금",6
"나한테 화 안 났어",6
"죽였다고 생각하시는",6
"죽였다고 생각한다",6
"죽였다고 생각하진",6
"무서워 한",6
"죽였다고 할",6
"무서워 할 거",6
"my car into the",6
"죽였다는 것을",6
"나한테 화난 거 있어",6
"가지고 갈 것이다",6
"결과를 생각하지",6
"무서워서 죽는",6
"무서워요 걱정",6
"무서워요 나도",6
"무서워요 내",6
"죽였어 근데",6
"죽였어 그를",6
"무서워요 이",6
"무서워하게 될",6
"나한테 화내도",6
"무서워하게 될 거야",6
"결과를 얻는다",6
"나한테 화내면",6
"죽였어 당신은",6
"무서워하면 안",6
"죽였어 어쩔 수",6
"죽였어 우리는",6
"무서워하지 마요",6
"죽였어 한",6
"나한테 화풀이야",6
"나한테 화풀이하지 마",6
"죽였어요 그냥",6
"and I can''t run",6
"죽였어요 우리가",6
"결과를 초래했다",6
"죽였어요 이쪽으로 와요",6
"죽였어요 이쪽으로",6
"무서워할까 봐",6
"죽였어요 절",6
"무서웠던 거예요",6
"무서웠던 거야",6
"죽였을 거요",6
"나한테는 늘",6
"결과만 놓고",6
"나한테는 다른",6
"죽였을 리 없어요",6
"죽였을 수도 있고요",6
"죽였을 수도 있어요",6
"무서웠어요 너무",6
"죽였을지도 모른다고",6
"무서웠을 텐데",6
"죽였지 내가",6
"죽였지 다",6
"무선 주파수로",6
"나한테는 뭐든",6
"죽으러 오는",6
"죽으러 가지",6
"무섭게 만들고",6
"무선 통신이",6
"죽으려고 해",6
"무섭게 생겼어요",6
"my chances",6
"죽으려고 했어요",6
"나한테는 아니에요",6
"죽으려고 환장했어요",6
"무섭게 하려는",6
"죽으면 날",6
"가지고 계셨던",6
"죽으면 당신도",6
"무섭긴 하지",6
"무섭긴 뭐가",6
"죽으면 못",6
"나한테는 이게",6
"죽으면 안 돼 제발",6
"죽으면 어쩔",6
"무섭지 않나",6
"죽으면 자네",6
"무섭지 않네",6
"죽으면 좋겠어",6
"죽으면 죽는",6
"나한테는 지금",6
"죽으면 천국에",6
"무섭지 않다는",6
"나한테는 큰",6
"my choice",6
"죽은 거 아냐",6
"죽은 거겠죠",6
"죽은 거나 다름없어요",6
"죽은 거니까",6
"나한테도 그런",6
"무수한 스포트라이트를 받아도",6
"무수한 스포트라이트를",6
"죽은 거였어",6
"무술 대회에",6
"죽은 거잖아요",6
"무술을 가르쳐",6
"무슈 구스타브가",6
"죽은 건 당신",6
"무슈 구스타브는",6
"나한테도 똑같이",6
"죽은 건 정말",6
"무슈 존",6
"죽은 건지",6
"하고 이상한",6
"가지고 그 사람들을",6
"죽은 걸 어떻게",6
"무슨 SF",6
"무스타파 셰이크님",6
"결국 그냥",6
"죽은 것 같았어",6
"무슨 감정을",6
"가지고 그 사람들을 구하러",6
"무슨 감정이",6
"죽은 것처럼 살아가기보다",6
"죽은 것이라",6
"죽은 게 아니니까",6
"죽은 게 아니고",6
"죽은 게 아니었어",6
"나한테도 중요해",6
"가지고 그들이 없는",6
"무슨 걱정이라도",6
"나한테서 그",6
"죽은 남자요",6
"죽은 남자와",6
"죽은 남편과",6
"나한테서 나온",6
"무슨 게임을 하는",6
"무슨 게임이",6
"나한테서 눈",6
"가지고 그들이 없는 곳을",6
"무슨 결혼",6
"죽은 동맹에 대해",6
"죽은 동맹에",6
"죽은 동맹에 대해 대신",6
"무슨 경고",6
"죽은 뒤 전 요양",6
"죽은 뒤 전",6
"무슨 경찰이",6
"무슨 계약",6
"죽은 뒤엔",6
"죽은 마누라",6
"죽은 목숨이니",6
"죽은 목숨이",6
"무슨 계획이든",6
"무슨 계획을 세우고 있는지",6
"죽은 목숨이야 우릴",6
"결국 끝이",6
"나한테서 손 치워",6
"무슨 계획인지는",6
"무슨 고민 있니",6
"죽은 사람들에",6
"무슨 곡을",6
"죽은 사람보다",6
"무슨 곤경에",6
"무슨 고민이라도",6
"죽은 사람은 없어요",6
"무슨 공연",6
"무슨 공부를",6
"죽은 사람을 위해",6
"나한테야 가치있지만",6
"죽은 사람이고",6
"나한테야 가치있지만 어린",6
"결국 나에게",6
"나한테야 가치있지만 어린 시절의",6
"죽은 상태였어",6
"죽은 사람한테서",6
"죽은 새를",6
"죽은 생선을",6
"무슨 관계인데",6
"무슨 관계인지는",6
"죽은 아들",6
"죽은 아내와",6
"죽은 애를",6
"죽은 애들",6
"죽은 아이를",6
"죽은 엄마가",6
"무슨 관련이 있다고",6
"가지고 근데",6
"무슨 관련이 있을까요",6
"죽은 영웅을 기억할 테지",6
"죽은 영웅을 기억할",6
"나한텐 네",6
"죽은 오수란",6
"죽은 요원의",6
"나한텐 다른",6
"무슨 괴물처럼",6
"죽은 이들이",6
"죽은 인간이",6
"죽은 인간이 산 인간보다",6
"죽은 인간이 산",6
"무슨 규칙이",6
"나한텐 도움이",6
"죽은 자는 다시",6
"죽은 자는 다시 죽지",6
"죽은 자도",6
"죽은 자는 말이 없다",6
"죽은 자들도",6
"무슨 그런 말이",6
"무슨 그런 말도",6
"죽은 자들의 군대가 진군중이오",6
"무슨 그런 말을 해",6
"죽은 자들의 군대도",6
"죽은 자들의 군대는 진짜요",6
"죽은 자들의 군대와",6
"죽은 자들이 다가오고",6
"무슨 그럼",6
"나한텐 뭐가",6
"죽은 자들이 다가오고 있어",6
"죽은 자들이 산 자를",6
"무슨 그림인지",6
"죽은 자들이 적이지 죽은",6
"죽은 자들이 적이지",6
"DJ 미스터",6
"무슨 글을",6
"죽은 줄 알 거야",6
"무슨 기계",6
"죽은 줄 알았나",6
"나한텐 아니지",6
"무슨 기분일지",6
"my dad and",6
"가지고 나가서",6
"무슨 까닭으로",6
"죽은 지 며칠",6
"가지고 나간",6
"죽은 직후",6
"죽은 지금",6
"죽은 채 발견",6
"죽은 채 발견되었다",6
"죽은 채로 발견됐어",6
"죽은 채로 발견되다",6
"무슨 꿈 꿨어요",6
"무슨 꿈을 꾸는지",6
"무슨 꿈이",6
"죽은 피해자",6
"죽은 해군 장교가",6
"무슨 꿍꿍이",6
"나한텐 이미",6
"무슨 꿍꿍이인지 몰라도",6
"죽은자들의 군대",6
"죽은자의 군대나",6
"무슨 꿍꿍이인지 알아요",6
"죽은자의 군대나 백귀나 밤의",6
"죽은자의 군대나 백귀나",6
"무슨 나머지요",6
"무슨 낙으로",6
"죽을 거거든",6
"나한텐 좀",6
"나한텐 증거가",6
"죽을 거로",6
"결국 당신도",6
"죽을 거야 내가",6
"죽을 거야 당신이",6
"죽을 거야 뭐",6
"죽을 거야 지금",6
"죽을 건지",6
"죽을 겁니다 누구",6
"죽을 겁니다 아버지가",6
"죽을 겁니다 아버지가 그럴",6
"죽을 겁니다 누구 해골이",6
"가지고 나올 수",6
"죽을 것 같으니까",6
"Let''s see if",6
"낙서꾼 너한테 의뢰할",6
"낙서꾼 너한테",6
"죽을 것이라고",6
"낙서꾼 너한테 의뢰할 게",6
"무슨 너",6
"낙서한테서 숨는",6
"무슨 노래가",6
"죽을 고비를 넘긴",6
"낙심하지 마",6
"죽을 기회를",6
"죽을 날만 기다리고",6
"낙서한테서 숨는 건가",6
"무슨 논리가",6
"결국 돈을",6
"결국 둘 다",6
"죽을 때 죽더라도",6
"낙원에서의 또",6
"결국 둘이",6
"무슨 뉴스",6
"죽을 때까지 매일",6
"죽을 때까지 말이야",6
"죽을 때까지 멈추지 않을",6
"낙인을 찍을",6
"죽을 때까지 얼마나",6
"죽을 때까지 싸울",6
"무슨 단서가",6
"죽을 때까지 함께",6
"낙인이 찍힌",6
"my daughter''s",6
"죽을 리",6
"낙타 한",6
"죽을 맛일 거야",6
"무슨 대답을 원해",6
"무슨 댓가를",6
"무슨 도움요",6
"죽을 뻔한 건",6
"결국 못 찾았어",6
"죽을 뻔했고요",6
"무슨 도움이 되는데",6
"죽을 뻔했다니까",6
"낙태할 거예요",6
"낙하 낙하 낙하",6
"무슨 도움이 될지",6
"죽을 사람",6
"낙하 스탠바이",6
"낙하 준비",6
"I agree with",6
"무슨 돈이야",6
"Let''s start with",6
"죽을 수 있다",6
"죽을 수 있단",6
"죽을 수 있을 것이다",6
"죽을 수도 있거든",6
"무슨 뜻으로 하는 말이야",6
"낚시 갔던",6
"죽을 수도 있단",6
"결국 병원에",6
"죽을 수도 있어 내",6
"죽을 수도 있었다고요",6
"죽을 수밖에 없어",6
"결국 서로",6
"무슨 뜻이라고 생각해",6
"죽을 시간이다",6
"죽을 시간",6
"결국 성공했지",6
"죽을 운명인",6
"죽을 운명이었어",6
"낚시를 할",6
"결국 스스로",6
"and I have a",6
"죽을 죄를 지었습니다",6
"죽을 준비가 됐다고",6
"무슨 뜻이요",6
"죽을 준비나 해라",6
"죽을 준비가 안",6
"무슨 뜻인 거",6
"죽을 줄 알아라",6
"무슨 뜻인 것 같아",6
"낚인 거야",6
"죽을 줄 알았어요",6
"죽을 지경이었죠",6
"무슨 뜻인지 누가",6
"죽을 팔자야",6
"난 CIA에",6
"난 CIA야",6
"난 CIA 소속이야",6
"죽을 필요는 없잖아요",6
"난 CIA의",6
"죽을거야 그리고 넌",6
"무슨 뜻인지 모르는",6
"죽을거야 그리고 넌 여기서",6
"죽을거요 내",6
"무슨 뜻인지 모를",6
"난 FBI 요원이야",6
"죽을거요 내 눈엔 그대가",6
"죽을거요 내 눈엔",6
"결국 알게 되겠지",6
"무슨 뜻인지 아십니까",6
"죽을지 모르니까",6
"무슨 뜻인지 알 거야",6
"무슨 뜻인지 알 것",6
"무슨 뜻인지 알게 될",6
"결국 어떻게 됐지",6
"죽음 속에서",6
"무슨 뜻인지 알아냈어",6
"죽음 앞에서도",6
"죽음 중",6
"죽음과 관련이 있다고",6
"죽음 이후로",6
"난 가 봐야 해",6
"들어가서 얘기를",6
"결국 어떻게 될지",6
"결국 언젠가는",6
"무슨 뜻인지도 모르겠어",6
"난 가겠네",6
"무슨 뜻인진 알겠지",6
"결국 여기서",6
"죽음에 아주",6
"죽음에 아주 실망했어",6
"결국 여기로",6
"죽음에 조의를 표합니다",6
"죽음에 집착하는",6
"난 가까스로",6
"결국 여기에 오게",6
"죽음에 책임이 있다고",6
"죽음에서 귀환한",6
"죽음에서 돌아온 자",6
"죽음으로 그",6
"무슨 말 하는 거죠",6
"죽음으로 우리가",6
"난 가끔 내가",6
"죽음은 그저",6
"죽음은 내가",6
"무슨 말 하는건지",6
"Let''s take a",6
"무슨 말 하는지 모르겠네요",6
"무슨 말 하는지 모르겠는데",6
"죽음은 언제나",6
"죽음은 우리의",6
"죽음은 우리 모두에게",6
"죽음은 의미가",6
"무슨 말 하는지 알",6
"결국 오지",6
"죽음을 기리기",6
"죽음을 내 탓으로",6
"죽음을 꾸민",6
"죽음을 두려워하도록",6
"죽음을 두려워하는",6
"난 가마",6
"죽음을 맞이하는",6
"무슨 말 하실지",6
"죽음을 몰고",6
"죽음을 받아들이는",6
"난 가만히 있었어",6
"and I haven''t",6
"죽음을 부르는",6
"난 가방",6
"난 가버렸어",6
"난 가보질",6
"난 가보질 못해서",6
"죽음을 조사",6
"죽음을 택할",6
"죽음을 직접",6
"난 가보질 못해서 여기",6
"죽음의 광선",6
"무슨 말씀을 그렇게",6
"결국 우리의",6
"죽음의 별을 끝내겠다고",6
"죽음의 별",6
"죽음의 별의",6
"죽음의 별의 기본",6
"죽음의 별을 끝내겠다고 했잖아",6
"결국 이 꼴이",6
"죽음의 시간은",6
"죽음의 위협",6
"무슨 말씀이",6
"결국 이 모든",6
"결국 원하는",6
"죽음이 너무",6
"난 가슴에",6
"죽음이 될",6
"죽음이 더",6
"결국 이걸",6
"죽음이 뭔지",6
"죽음이 두렵지 않습니다",6
"결국 이건",6
"죽음이 우리",6
"죽음이 올",6
"했잖아요 대체",6
"죽음이 제",6
"죽음이 임박한",6
"무슨 말씀인가요",6
"무슨 말씀인지 모르겠는데요",6
"죽이 되든",6
"죽이 되든 밥이 되든",6
"죽이 되든 밥이",6
"죽이 잘 맞는",6
"난 가야만",6
"죽이게 되는",6
"죽이게 만들었어",6
"죽이게 할 거야",6
"죽이겠다고 강철을",6
"난 가야해요",6
"죽이겠다고 했습니다",6
"죽이겠다고 했지",6
"죽이겠다고 강철을 협박한다",6
"난 가장 친한",6
"죽이고 걸어나갈",6
"죽이고 걸어나갈 수도 있었지",6
"죽이고 그걸",6
"죽이고 걸어나갈 수도",6
"난 가족과",6
"죽이고 내가",6
"무슨 말을 어떻게",6
"죽이고 네가",6
"난 가족도",6
"죽이고 말겠지",6
"죽이고 말겠어",6
"무슨 말을 하길 바라",6
"죽이고 싶게",6
"결국 입을",6
"결국 자네가",6
"무슨 말을 하는 거요",6
"죽이고 싶어하지",6
"무슨 말을 하는건지",6
"죽이고 싶은 건",6
"죽이고 싶은 거야",6
"난 가톨릭",6
"죽이고 싶잖아",6
"죽이고 싶진 않아",6
"죽이고 있소",6
"무슨 말을 하든 이",6
"죽이고 있었어",6
"죽이고 절",6
"죽이기 시작하면",6
"죽이기 싫어서 아닌가",6
"죽이기 전까지",6
"무슨 말을 하려는 거지",6
"가지고 다니니",6
"난 갈 곳도",6
"가지고 다녔죠",6
"죽이기라도 하겠다는",6
"무슨 말을 하려는지 알아",6
"죽이기로 선택했고 그 선택을",6
"죽이기로 선택했고 그",6
"죽이기로 했지",6
"죽이기로 선택했고",6
"죽이기엔 너무",6
"무슨 말을 하죠",6
"난 갈 곳이 없어요",6
"결국 죽게 될 거야",6
"무슨 말을 할 건지",6
"난 갈 데도 없어",6
"무슨 말을 할지 모르겠어",6
"죽이는 건 쉽지",6
"죽이는 건 못",6
"죽이는 건 옳지",6
"무슨 말을 할지 모르겠어요",6
"무슨 말을 해야 하지",6
"죽이는 걸까",6
"죽이는 걸까요",6
"결국 죽는 건",6
"죽이는 것에 대해",6
"결국 죽었어요",6
"죽이는 것이다",6
"가지고 다닐 수",6
"죽이는 게 아니에요",6
"무슨 말을 했는지 모르겠지만",6
"죽이는 데 쓴 독을",6
"죽이는 동안",6
"죽이는 바이러스를",6
"난 감당할 수 있어",6
"죽이는 방법이",6
"무슨 말을 했을까",6
"결국 죽음을",6
"난 감염되지",6
"죽이는데 사용됐지",6
"죽이라고 날",6
"무슨 말이 듣고 싶어요",6
"난 감옥 가기",6
"죽이라고 했는데",6
"무슨 말이 필요해",6
"무슨 말이 하고 싶어요",6
"무슨 말이 하고 싶어",6
"가지고 다른 남자에게",6
"죽이란 말이다",6
"가지고 다른 남자에게 어디로",6
"무슨 말이 하고 싶은데",6
"죽이러 가요",6
"무슨 말이고",6
"난 감옥에 가고",6
"죽이러 가지",6
"무슨 말이냐 하면",6
"죽이러 여기",6
"my father''s home",6
"죽이러 오고 있다고",6
"죽이러 오고 있다고 어떻게",6
"원하지도 않던",6
"가지고 당신은",6
"난 감옥에 안",6
"무슨 말이든 해봐",6
"죽이려 들거야",6
"무슨 말이라도 할 거야",6
"결국 평생",6
"죽이려 들다니",6
"죽이려 하기",6
"죽이려 하네",6
"결국 해낼",6
"죽이려 하지 않을게",6
"난 감히",6
"죽이려 합니다",6
"죽이려 할지도",6
"죽이려 했고 이름도 다",6
"죽이려 했고 이름도",6
"죽이려 했겠지",6
"죽이려 했고요",6
"난 강간",6
"난 강력한",6
"죽이려 했던 건",6
"무슨 말인지 다",6
"무슨 말인지 도통",6
"죽이려 했으니까",6
"죽이려 했으니까요",6
"난 강요한",6
"난 강요한 적",6
"가지고 더",6
"죽이려고 그",6
"결국에는 다",6
"난 강하고",6
"죽이려고 암살자를",6
"무슨 말인지 모르겠소",6
"죽이려고 하기",6
"무슨 말인지 모르겠어 설명하기가",6
"죽이려고 하는 거야",6
"무슨 말인지 몰라도",6
"죽이려고 한 거예요",6
"죽이려고 한 거",6
"무슨 말인지 아세요",6
"죽이려고 한 남자들",6
"결국에는 이",6
"죽이려고 한 남자들 중",6
"죽이려고 할 때",6
"죽이려고 했나",6
"죽이려고 했고요",6
"결국에는 제가",6
"가지고 두",6
"하기 위해 그",6
"죽이려고 했던 거",6
"죽이려고 했어 그리고",6
"무슨 말인지 알겠어 하지만",6
"무슨 말인지 알겠어 그래도",6
"죽이려는 건가요",6
"죽이려는 건가",6
"무슨 말인지 알아들을",6
"죽이려는 게 아니야",6
"죽이려는 게 아니라",6
"죽이려는 사람들",6
"죽이려는 놈들이",6
"가지고 들어갈",6
"무슨 말인지 알지만",6
"가지고 들어와",6
"결국엔 날",6
"죽이면 다른",6
"죽이면 되겠네",6
"죽이면 또",6
"죽이면 되죠",6
"I ain''t never",6
"결국엔 너도",6
"난 거 아니에요",6
"죽이실 건가요",6
"죽이지 마 제발",6
"무슨 맛으로",6
"난 거 알아",6
"결국엔 다른",6
"and I need to",6
"무슨 명예",6
"난 거군요",6
"죽이지 못했어요",6
"결국엔 당신",6
"무슨 모양이지",6
"죽이지 않겠다는",6
"Lie to them",6
"죽이지 않냐",6
"죽이지 않는 거지",6
"결국엔 모든",6
"난 거기 없었어요",6
"무슨 무기를",6
"죽이지 않았네",6
"결국엔 알게 될",6
"난 거기 있을",6
"결국엔 알게",6
"죽이지 않으니",6
"죽이지 않으니 총으로 죽이는",6
"죽이지 않으니 총으로",6
"가지고 몇",6
"가지고 모든",6
"결국엔 이런",6
"죽이지 않을 거란",6
"죽이지는 마",6
"무슨 문제가 있었나",6
"난 거니",6
"무슨 문제든",6
"결국엔 이렇게",6
"죽이진 못해",6
"죽이진 않았을",6
"죽이진 않고",6
"죽이진 않을 거죠",6
"죽이진 않을게",6
"가지고 못",6
"무슨 문제라도 있소",6
"무슨 문제라도 있으신가요",6
"무슨 문제라도 있으십니까",6
"죽인 거다",6
"무슨 문제인가요",6
"죽인 거야 네가",6
"죽인 거야 내가",6
"난 거시기",6
"무슨 물건을",6
"죽인 건 아니잖아요",6
"죽인 걸 수도",6
"난 거울 속의",6
"결국은 우리",6
"죽인 것 같지",6
"죽인 것과 같은",6
"무슨 바람이 불어서",6
"죽인 것도 아니고",6
"무슨 바람이 불었는지",6
"죽인 것에 대한 정의",6
"죽인 것으로",6
"죽인 것이",6
"무슨 반응을",6
"난 거의 모든 걸",6
"죽인 것처럼요",6
"죽인 게 누구든",6
"죽인 게 경찰이라고",6
"난 거의 죽을 뻔",6
"죽인 게 아니니까",6
"무슨 방법으로",6
"결단을 내리세요",6
"무슨 번호",6
"원한다면 뭐든",6
"죽인 년을 어떻게 박살낼까",6
"죽인 년을 어떻게",6
"무슨 범죄를",6
"무슨 법을",6
"무슨 변명을",6
"무슨 법적",6
"죽인 놈이에요",6
"죽인 놈이지",6
"죽인 다른",6
"결단을 못",6
"무슨 변화요",6
"무슨 병원",6
"죽인 범인도",6
"죽인 범인을 알고",6
"결론 내렸습니다",6
"죽인 범인의",6
"죽인 범인이라고",6
"무슨 병인데",6
"난 거짓말은 안",6
"죽인 사람들과",6
"무슨 볼일이야",6
"죽인 살인범을",6
"죽인 살인자가",6
"죽인 살인자",6
"죽인 살인",6
"죽인 얘기",6
"죽인 여자가 위험한",6
"무슨 불만 있어",6
"죽인 여자가 위험한 여자라고요",6
"죽인 이유",6
"난 거짓말한 적",6
"죽인 이후로",6
"죽인 일로",6
"무슨 비디오",6
"죽인 자들을",6
"결론은 안",6
"무슨 사건이에요",6
"죽인 적이 없고",6
"난 걱정 없어",6
"죽인 총",6
"무슨 사건인지",6
"죽인게 아니라고",6
"죽인게 아니에요",6
"죽인다 그래",6
"무슨 사랑이야",6
"죽인다고 협박했어",6
"죽인다면 모를까",6
"죽인다는 거지",6
"무슨 사연이야",6
"결론을 내렸어",6
"죽일 가치도",6
"무슨 사연인지",6
"가지고 서로",6
"죽일 거니까요",6
"난 건지 느릿느릿",6
"죽일 거라고 했어요",6
"죽일 거면서",6
"난 건지 느릿느릿 Love",6
"무슨 사적인",6
"죽일 거야 나는",6
"무슨 사진요",6
"무슨 사진이요",6
"죽일 거야 당장",6
"난 걸어 다니는",6
"결론을 내리는",6
"무슨 상관이 있는지",6
"my grind",6
"죽일 거야 제발",6
"죽일 거야 자",6
"죽일 거였으면",6
"죽일 거예요 저",6
"가지고 싶었어",6
"난 겁나",6
"죽일 것이오",6
"죽일 권리가",6
"무슨 상관일까요",6
"난 겁니다",6
"무슨 상상을 하는",6
"난 겁먹은",6
"가지고 싶은 걸",6
"죽일 때가",6
"결론을 못",6
"죽일 바이러스를",6
"난 겁쟁이였어",6
"무슨 상황인지는",6
"가지고 싶은데",6
"죽일 뻔한 건",6
"죽일 뻔 했잖아",6
"난 것 같구나",6
"가지고 싶지",6
"죽일 뻔했잖아요",6
"무슨 색을",6
"죽일 생각 없었어요",6
"무슨 색이었어",6
"죽일 생각은 없었어 하지만",6
"결론이 뭔데",6
"죽일 생각이 없어요",6
"죽일 생각이라면",6
"죽일 생각이었어",6
"죽일 셈이었어",6
"난 것 같은데요",6
"결론이 어떻게",6
"죽일 수 없습니다",6
"무슨 생각 하는지 다",6
"죽일 수 없었어요",6
"죽일 수 있겠어요",6
"결말은 있을",6
"and I went",6
"죽일 수 있답니다",6
"죽일 수 있답니다 저지하거나요",6
"죽일 수 있단",6
"죽일 수 있다는 거",6
"무슨 생각 했어요",6
"결말은 있을 수 없어",6
"죽일 수 있었어요",6
"죽일 수 있었다",6
"결말은 있을 수",6
"무슨 생각으로 그랬어요",6
"죽일 수 있잖아",6
"무슨 생각으로 이런",6
"결말을 맞을",6
"죽일 수도 있다",6
"죽일 수도 있는데",6
"무슨 생각을 그렇게 해",6
"죽일 수도 있지",6
"무슨 생각을 하고 있니",6
"죽일 순 없잖아요",6
"가지고 어",6
"죽일 순 없지",6
"죽일 용기가 없어",6
"난 겨우 내 앞가림하는",6
"무슨 생각을 하는 거예요",6
"죽일 일",6
"결말이 있어",6
"죽일 준비",6
"결말이 좋지",6
"죽일 준비를",6
"죽일 준비가 되어",6
"죽일 줄은 몰랐어요",6
"무슨 생각을 하는지 모르겠어",6
"난 결백하다고",6
"난 결백하니까",6
"죽일 필요는 없었어",6
"무슨 생각을 하시나요",6
"죽일 필욘",6
"난 결심했어요",6
"무슨 생각을 해",6
"죽일까를 생각하지",6
"죽일까를 생각하지 엘리리아 샌드",6
"무슨 생각을 했는데",6
"죽일뻔 했잖아",6
"죽일지 몰라요",6
"죽일지 몰라",6
"무슨 생각이 드는지",6
"결백을 증명하는",6
"죽임을 당할 것이다",6
"죽임을 당했어요",6
"죽지 난",6
"무슨 생각이신지",6
"난 결혼도 안",6
"죽지 않겠다고",6
"무슨 생각이었니",6
"죽지 않다",6
"죽지 않아 그",6
"무슨 생각인가",6
"무슨 생각인 거지",6
"죽지 않았던",6
"무슨 생각인지 알",6
"죽지 않았을테니까",6
"죽지 않을 것입니다",6
"난 경찰에게",6
"I already have",6
"무슨 생각하는거야",6
"죽지도 못 하는 거잖아",6
"죽지도 못 하는",6
"죽지도 못",6
"무슨 생각하는지 안다",6
"난 경찰이 아냐",6
"가지고 오너라",6
"죽진 않았지만",6
"죽진 않을 겁니다",6
"준 가방을",6
"my heart 내",6
"준 거 같아요",6
"준 거 알지",6
"무슨 선",6
"준 거겠죠",6
"무슨 선택",6
"준 거라곤",6
"결성하도록 합시다",6
"준 거란",6
"무슨 섹스",6
"준 거야 그",6
"준 거야 내",6
"my honor",6
"준 거였어",6
"가지고 오라",6
"준 건 어떻게 된",6
"준 건 어떻게",6
"무슨 소리 안 들려요",6
"준 건지도",6
"무슨 소리 하는 거에요",6
"준 걸지도",6
"무슨 소리 하는 건지",6
"준 것 같이 우리",6
"준 것도 고맙고",6
"무슨 소리가 나서",6
"난 계획",6
"난 계획대로",6
"결실을 맺게",6
"준 게 누구야",6
"준 게 아니잖아",6
"무슨 소리가 들린",6
"무슨 소리든",6
"난 고기가",6
"무슨 소리를 듣고",6
"준 다른",6
"준 단서",6
"결실을 맺을",6
"준 덕분이야",6
"무슨 소리를 하는 건지",6
"가지고 오셨죠",6
"준 돈이야",6
"무슨 소리를 한 거야",6
"난 고장",6
"준 사람들에게",6
"준 사람에게",6
"무슨 소리야 그게",6
"준 사람을 위해",6
"난 고칠",6
"준 사람을 위해 전하를",6
"준 상냥함은",6
"준 상냥함은 엄격함",6
"준 상냥함은 엄격함 ぶつかることで知った",6
"무슨 소리였지",6
"난 고통이",6
"준 상처에",6
"준 서류에",6
"준 상처를",6
"Like I said",6
"준 선물은",6
"난 곤경에 처한",6
"준 얘기를",6
"가지고 온 거야",6
"준 이유를",6
"준 자가",6
"준 일은",6
"준 적 없는",6
"준 자료",6
"무슨 소린지 모르겠구나",6
"준 적도 없고",6
"준 지",6
"준 제",6
"가지고 온 것",6
"준 칼",6
"무슨 소린지 알지",6
"난 곳을",6
"준기의 힘겨운 숨소리",6
"무슨 소린진",6
"무슨 소린지 하나도",6
"준다 그래",6
"준다고 내가",6
"준다고 말이야",6
"난 공연을",6
"준다고 약속했잖아요",6
"무슨 소릴 하는 건지",6
"준다고 하니까",6
"난 공원에서",6
"난 공정한",6
"결심한 숨소리",6
"무슨 소문을",6
"준다는 거",6
"무슨 소문이요",6
"무슨 소문요",6
"준다는 거지",6
"무슨 소식 있으면",6
"준다면 당신은",6
"준다면 모든",6
"무슨 소식이",6
"난 과거가",6
"난 과거의",6
"and I''m a",6
"난 과학자야",6
"무슨 소용이니",6
"준비 다 된",6
"난 관계를",6
"무슨 속셈이",6
"준비 되시면",6
"무슨 속셈이에요",6
"준비 됬나요",6
"결점이 있어",6
"준비 못 했는데",6
"준비 뭐라고",6
"무슨 속셈인지는",6
"무슨 속셈인지 알아요",6
"난 관심 있어",6
"무슨 수로 그",6
"난 관심없어",6
"준비 안 할 거야",6
"결정 나면",6
"준비 안 했어",6
"무슨 수로 그런",6
"준비 완료되었습니다",6
"준비 완료 알았다",6
"무슨 수를 써서",6
"결정 났네",6
"난 관여하지 않을",6
"준비 좀 해줘",6
"준비 좀 해줄래",6
"준비 중이고",6
"준비 중이었어",6
"준비 철저히",6
"난 괜찮다는",6
"준비 하나",6
"준비 하느라",6
"준비 하라",6
"난 괜찮다는 걸",6
"월급 많이",6
"준비 하러",6
"무슨 수작인지 알아",6
"and I''m going to",6
"준비 해야 해",6
"무슨 술집",6
"준비 했어요",6
"무슨 시",6
"준비가 끝날 때까지",6
"무슨 시계",6
"준비가 다 됐습니다",6
"준비가 다 되면",6
"준비가 다 되어",6
"무슨 신이",6
"난 괜찮아 곧",6
"결정 내리기",6
"준비가 덜 됐어요",6
"준비가 돼 있다는",6
"준비가 돼있어",6
"준비가 돼있습니다",6
"준비가 됐군",6
"난 괜찮아 그게",6
"준비가 됐네",6
"무슨 아기요",6
"무슨 아이",6
"무슨 아이디어",6
"준비가 됐다고 생각해",6
"준비가 됐다는 걸",6
"결정 된",6
"준비가 됐으면",6
"준비가 됐어 내",6
"무슨 애야",6
"결정 못 한",6
"무슨 약이야",6
"준비가 되어 있었어요",6
"무슨 약인데",6
"무슨 얘기 못",6
"준비가 되어있지",6
"준비가 되어있을 겁니다",6
"무슨 얘기 중이었어요",6
"준비가 되지 않은",6
"무슨 얘기 하다",6
"무슨 얘기 하셨어요",6
"결정 한",6
"난 괜찮아 엄마",6
"준비가 안 됐거든",6
"난 괜찮아 오늘",6
"준비가 안 됐다는 걸",6
"무슨 얘기가 듣고",6
"준비가 필요하다",6
"준비가 필요해요",6
"my leg",6
"준비나 하라고",6
"준비나 하시지",6
"난 괜찮아 정말이야",6
"결정도 내리지",6
"준비는 끝났어요",6
"난 괜찮아 진짜",6
"준비는 됐겠지",6
"준비는 됐지만",6
"준비는 되셨나",6
"무슨 얘기를 해야",6
"준비는 아직",6
"준비는 잘 돼",6
"무슨 얘기를 했어요",6
"준비는 잘돼 가",6
"준비도 돼",6
"준비도 할",6
"결정되는 게",6
"준비돼 있어야 해",6
"준비돼 있었으면",6
"난 괜찮으니까 어서",6
"결정되는 순간들이 있어",6
"준비돼 있죠",6
"준비돼 있었으면 좋았을 텐데",6
"무슨 얘기인지 알 것",6
"무슨 얘기인지 알",6
"무슨 얘기입니까",6
"준비됐어 알았어",6
"준비됐어 이제 준비됐어 이제",6
"난 괜찮을 거라고",6
"준비됐어요 자",6
"결정되는 순간들이",6
"준비되면 데리러",6
"준비되면 불러",6
"준비되면 말해요",6
"준비되면 시작해요",6
"무슨 얘긴지 알지",6
"결정된 거죠",6
"결정된 겁니다",6
"준비되어 있고",6
"준비되면 해",6
"준비되어 있어",6
"난 괴로웠어",6
"월에 춤췄던",6
"난 괴물이 아니에요",6
"준비되지 않았어요",6
"준비되지 않았어",6
"준비된 사람",6
"무슨 얘길요",6
"가지고 이걸",6
"준비를 마쳤어",6
"난 교수님",6
"준비를 열심히",6
"결정될 것이다",6
"준비를 하겠습니다",6
"and I''ve got",6
"결정만 하면",6
"준비를 하기",6
"준비를 하는 거야",6
"준비를 하는 게",6
"무슨 연관이 있죠",6
"난 구멍에서",6
"준비를 하던",6
"난 구멍으로",6
"결정에 달려 있어",6
"준비를 하려고",6
"난 구멍은",6
"무슨 연습",6
"준비를 하시는 게",6
"준비를 하시는",6
"들어보고 싶어요",6
"무슨 열쇠요",6
"결정에 달렸어",6
"무슨 엿 같은",6
"무슨 엿",6
"난 군",6
"준비를 합시다",6
"무슨 영상",6
"난 군대를",6
"결정에 도움이",6
"준비를 해야겠어요",6
"준비를 해주세요",6
"준비시켜야 해 여기선",6
"준비시켜 네",6
"준비시키는 거야",6
"준비시켜야 해 여기선 그들을",6
"준비시킬 수",6
"난 굴복하지",6
"가지고 이제",6
"준비하고 싶어요",6
"준비하고 있네",6
"준비하고 있어야지",6
"준비하고 있었다",6
"준비하고 있었지",6
"난 궁지에",6
"무슨 용건",6
"난 궁금했어",6
"준비하고 있을지도",6
"무슨 용건이라도",6
"난 권력을",6
"준비하고 있잖아",6
"난 권리가 있어",6
"결정에 의해",6
"준비하는 거지",6
"Like I''m",6
"무슨 운전을",6
"결정은 곧",6
"무슨 원한을",6
"준비하는 게 좋을 거야",6
"준비하는 데 시간이",6
"무슨 위치",6
"무슨 위협이",6
"준비하면 돼요",6
"난 귀신을",6
"준비하지 내가 그대",6
"준비하지 내가",6
"준비하지 내가 그대 포로인가",6
"무슨 의도인지",6
"my list",6
"준비한 거 있어요",6
"난 규칙에도 관심",6
"준비한 거지",6
"난 규칙에도",6
"준비한 게 있지",6
"준비한 그",6
"무슨 의미가 있는데",6
"난 규칙에도 관심 없고",6
"준비한 선물입니다",6
"결정은 네",6
"준비한 줄",6
"준비한 이",6
"준비할 것도",6
"무슨 의미가 있을까",6
"I always get",6
"무슨 의미냐고",6
"준비할 수 있도록",6
"난 그 남자랑",6
"무슨 의미로 한 말인지",6
"준비해 내일",6
"무슨 의미인가",6
"my little world",6
"준비해 놨으니까",6
"and Korean",6
"무슨 의미인지 알고",6
"준비해 두고",6
"무슨 의미인지 알아요",6
"준비해 드릴까요",6
"준비해 왔지",6
"준비해 이",6
"준비해 이런",6
"준비해 주시고",6
"무슨 의상",6
"결정은 자네가",6
"준비해 준",6
"준비해 줄래",6
"준비해 줄게요",6
"준비해 줘서",6
"무슨 이름",6
"무슨 이메일",6
"준비해야 하는",6
"무슨 이상이",6
"준비했어 아니",6
"준비했어요 정말",6
"준수하는 늑대는 번영할 것이고",6
"결정을 기다리는",6
"무슨 이유라도 있어",6
"무슨 이유가 있을",6
"결정을 내려 이거",6
"준희와 순정이",6
"난 그 사람에",6
"준희의 거친 숨소리",6
"준희의 거친",6
"준희의 떨리는",6
"줄 가족이",6
"준희의 떨리는 숨소리",6
"준희의 놀라는",6
"무슨 일 같아",6
"결정을 내려 이거 해",6
"난 그 사람이 아니다",6
"줄 거냐",6
"줄 거냐고",6
"웨스테로스로 처음 불러들였다면",6
"웨스테로스로 처음 불러들였다면 그는",6
"and Korean transcript",6
"줄 거라고 했어요",6
"줄 거래요",6
"무슨 일 생긴 거야",6
"무슨 일 없지",6
"줄 거야 그러면",6
"줄 거야 그러니까",6
"난 그 순간",6
"줄 거야 나도",6
"줄 거야 당신이",6
"줄 거야 왜",6
"줄 거야 이건",6
"무슨 일 있는지",6
"줄 거예요 우리가",6
"my love is",6
"난 그 어느 때보다",6
"줄 겁니다 그럼",6
"줄 겁니다 제",6
"결정을 내려야만",6
"줄 것 같아서요",6
"난 그 얼굴",6
"결정을 내렸네",6
"줄 것이 있어",6
"무슨 일 있으면 연락해",6
"줄 것이다 내",6
"줄 것이며",6
"난 그 여자랑",6
"줄 것처럼",6
"무슨 일 있으신",6
"무슨 일 있으셨어요",6
"무슨 일 있으면 전화해요",6
"줄 게 있네",6
"my love lies",6
"무슨 일 하고",6
"줄 게요",6
"줄 게 있으니",6
"결정을 내렸소",6
"줄 곳은",6
"줄 기회예요",6
"줄 남자",6
"줄 누가 알았겠니",6
"줄 누군가를",6
"줄 누가 상상이나",6
"줄 다 알아",6
"my love lies waiting",6
"줄 돈 없어",6
"난 그 자가",6
"줄 두",6
"줄 때부터",6
"무슨 일로 온 거죠",6
"무슨 일로 왔나요",6
"줄 만한 게",6
"무슨 일로 왔는지",6
"my love story",6
"줄 모르거든요",6
"무슨 일로 저를",6
"무슨 일에 휘말린",6
"줄 모르는데요",6
"무슨 일에든",6
"무슨 일을 겪는지",6
"줄 몰랐겠죠",6
"and Lily",6
"줄 몰랐나",6
"and Mary",6
"줄 몰랐는데 난",6
"줄 몰랐는데 나도",6
"가지고 있는 거예요",6
"결정을 내리는 건",6
"줄 몰랐어 그렇게",6
"무슨 일을 벌이는",6
"결정을 내리는 데",6
"무슨 일을 벌인",6
"난 그거랑",6
"줄 몰랐어 왜",6
"my love to",6
"줄 몰랐어 이제",6
"줄 몰랐어 하지만",6
"무슨 일을 하길래",6
"줄 몰랐어요 그래",6
"줄 몰랐어요 날",6
"무슨 일을 하는 거야",6
"결정을 내리든 난",6
"줄 몰랐으니까",6
"난 그걸 가져갔다",6
"난 그걸 내",6
"줄 뿐",6
"줄 뿐이에요",6
"무슨 일을 하려는",6
"결정을 내리신",6
"줄 사람 있나",6
"줄 사람이 있어요",6
"무슨 일을 한다고",6
"난 그걸 믿고",6
"줄 사람이지",6
"줄 사람이야",6
"무슨 일을 할 수",6
"난 그걸 믿어",6
"난 그걸 믿지",6
"줄 새로운",6
"난 그걸 샀다",6
"결정을 내리진",6
"줄 생일",6
"결정을 내린 거야",6
"무슨 일을요",6
"가지고 있는 것보다",6
"줄 서 있을",6
"난 그걸 알아야",6
"난 그걸 알아야 한다",6
"줄 서서 기다리는",6
"줄 서자",6
"난 그걸 어떻게",6
"결정을 내린다",6
"결정을 내린다고",6
"무슨 일이 벌어지고 있다",6
"줄 수 없겠어",6
"무슨 일이 벌어지는 건지",6
"난 그걸 하고",6
"줄 수 없을까",6
"줄 수 있겠군",6
"무슨 일이 벌어질 것",6
"난 그것밖에",6
"줄 수 있나 해서",6
"줄 수 있는 것",6
"줄 수 있는 일이",6
"줄 수 있는가",6
"난 그것에 너를",6
"줄 수 있는지 궁금해",6
"무슨 일이 생겼던",6
"웩슬러 씨를",6
"웩슬러의 음성",6
"난 그것에 너를 남길",6
"줄 수 있어 넌",6
"줄 수 있어 네",6
"무슨 일이 생기거나",6
"무슨 일이 생기고",6
"무슨 일이 생기게",6
"줄 수 있으세요",6
"줄 수 있을 텐데",6
"줄 수 있을 것이다",6
"줄 수 있을거",6
"and Mr",6
"결정을 못 내리는",6
"무슨 일이 생기든지",6
"줄 수가 없네",6
"결정을 못 하겠어",6
"난 그게 너무",6
"줄 수는 있지",6
"무슨 일이 생기면 우리가",6
"가지고 있는 것이다",6
"줄 수도 있었지만",6
"난 그게 뭔지 몰라",6
"난 그게 뭔지 몰라요",6
"줄 수밖에 없어",6
"난 그게 뭔지 알아",6
"난 그게 싫어요",6
"줄 시간은",6
"줄 시간이다",6
"무슨 일이 생긴거죠",6
"무슨 일이 생긴 줄",6
"무슨 일이 생길 수도",6
"줄 아나본데",6
"줄 아나봐",6
"무슨 일이 생길지 나도",6
"줄 아는 거예요",6
"난 그게 얼마나",6
"난 그게 어떻게",6
"무슨 일이 생길지 알아",6
"줄 아는 사람이야",6
"웬 일이에요",6
"줄 아셨어",6
"가지고 있는 모든 것",6
"무슨 일이 일어나기",6
"줄 안 서도",6
"무슨 일이 일어나니",6
"줄 알고 걱정했어요",6
"줄 알고 그",6
"무슨 일이 일어나든지",6
"줄 알고 나",6
"가지고 있는 많은",6
"난 그냥 너한테 알려주고",6
"줄 알고 제가",6
"줄 알더라고",6
"줄 알라구",6
"줄 알아 나도",6
"줄 알아 너",6
"결정을 할 시간이다",6
"줄 알아 네가",6
"결정을 할 시간이다 그렇게",6
"줄 알아 뭐",6
"난 그냥 노력중이었어",6
"무슨 일이 일어날지 몰라요",6
"난 그냥 노력했을",6
"my mind 聞こえますか 들리십니까",6
"줄 알아 우리가",6
"난 그냥 노력했을 뿐이야",6
"줄 알아 우린",6
"무슨 일이 일어날지 전혀",6
"난 그냥 니",6
"줄 알아도",6
"무슨 일이 일어났는데",6
"결정을 해야 해요",6
"무슨 일이 일어났는지 모르겠다",6
"줄 알아요 난",6
"무슨 일이 일어났는지 안다",6
"가지고 있는 힘을",6
"줄 알았거든 그런데",6
"난 그냥 당신을",6
"난 그냥 더",6
"무슨 일이 일어났을",6
"결정을 했는지",6
"줄 알았군요",6
"난 그냥 뭔가",6
"무슨 일이 있고",6
"줄 알았냐고",6
"줄 알았는데 계속",6
"무슨 일이 있는 거예요",6
"결정을 했다는",6
"결정을 했지",6
"줄 알았는데 그것도",6
"줄 알았는데 그랬는데",6
"줄 알았는데 그랬었지",6
"무슨 일이 있는거야",6
"무슨 일이 있는데요",6
"무슨 일이 있는 게",6
"my mind 聞こえますか",6
"줄 알았는데 너무",6
"무슨 일이 있다는 것입니다",6
"줄 알았는데 당신의",6
"결정이 나면",6
"난 그냥 원해",6
"줄 알았는데 말이야",6
"무슨 일이 있든 간에",6
"무슨 일이 있든간에",6
"줄 알았는데 서로",6
"무슨 일이 있어도 꼭",6
"줄 알았는데 아니면",6
"줄 알았는데 아니었나 봐",6
"무슨 일이 있어났는지",6
"줄 알았는데 오히려",6
"무슨 일이 있어도 안",6
"무슨 일이 있어도 반드시",6
"줄 알았는데 왜요",6
"결정이 아닐",6
"줄 알았는데 응",6
"줄 알았는데 우린",6
"무슨 일이 있어도 한",6
"줄 알았는데 잘못",6
"난 그냥 진짜",6
"결정이 아니죠",6
"줄 알았는데 직접",6
"난 그냥 한",6
"줄 알았는데 집에",6
"무슨 일이 있었기에",6
"줄 알았는데요 그냥",6
"줄 알았는데요 내",6
"결정이 안",6
"번가에있는 은행에서 어벤저 스와",6
"줄 알았는데요 네",6
"줄 알았는데요 아니에요",6
"줄 알았다 그는",6
"난 그냥 확실히 하고",6
"줄 알았다 그리고",6
"my moon",6
"줄 알았다 네가",6
"줄 알았다 이",6
"결정이야 내가",6
"줄 알았다니",6
"무슨 일이 있었는지 말할",6
"줄 알았다만",6
"줄 알았다면 절대",6
"줄 알았다면 난",6
"결정인 것",6
"가지고 있는지도",6
"줄 알았더니 내가",6
"무슨 일이 있었는지 모르겠어요",6
"무슨 일이 있었는지 모르잖아요",6
"무슨 일이 있었는지 모르겠지만",6
"난 그녀를 다시",6
"무슨 일이 있었는지 모르지만",6
"줄 알았어 같이",6
"결정적 증거",6
"줄 알았어 괜찮아요",6
"무슨 일이 있었는지 아세요",6
"줄 알았어 그게 무슨",6
"결정적인 게",6
"줄 알았어 그녀는",6
"줄 알았어 그러다",6
"무슨 일이 있었는지 아십니까",6
"무슨 일이 있었는지 아나",6
"난 그녀를 안다",6
"무슨 일이 있었는지 정말",6
"무슨 일이 있었는지는 모르지만",6
"결정적인 단서가 될",6
"줄 알았어 당연히",6
"난 그녀석이",6
"줄 알았어 맙소사",6
"무슨 일이 있었는지를",6
"난 그녀에게 말할 것이다",6
"줄 알았어 모두",6
"무슨 일이 있었는지에 대해",6
"결정적인 단서를",6
"줄 알았어 뭐라고",6
"줄 알았어 뭘",6
"난 그년",6
"줄 알았어 어서",6
"줄 알았어 아직도",6
"줄 알았어 엄마",6
"줄 알았어 여기서",6
"난 그놈의",6
"줄 알았어 오",6
"난 그녀의 이름을",6
"줄 알았어 잠깐",6
"무슨 일이 있었던거죠",6
"결정적인 증거는",6
"난 그대를 모릅니다",6
"가지고 있다 그들의",6
"결정짓게 될",6
"난 그대를 모릅니다 적법한",6
"난 그대의 도움이",6
"줄 알았어요 그랬죠",6
"무슨 일이건",6
"난 그대의 적이",6
"난 그대의 도움이 필요하고",6
"무슨 일이긴",6
"난 그대의 적이 아니오",6
"줄 알았어요 뭐",6
"줄 알았어요 아니에요",6
"줄 알았어요 아빠는",6
"줄 알았어요 아직",6
"줄 알았어요 여긴",6
"줄 알았어요 왜요",6
"줄 알았어요 이제",6
"줄 알았어요 이런",6
"줄 알았어요 저는",6
"줄 알았어요 저도",6
"줄 알았어요 좀",6
"난 그들을 죽이지",6
"줄 알았으니",6
"줄 알았으면 좀",6
"줄 알았으면 나도",6
"줄 알았으면서",6
"줄 알았으면 처음부터",6
"무슨 일이라도 생긴다면",6
"위기 상황이야",6
"줄 알았죠 난 그대가",6
"줄 알았지 그",6
"무슨 일이신가",6
"줄 알았지 내",6
"줄 알았지 누가",6
"난 그때 너무",6
"줄 알았지 미안해",6
"무슨 일이야 대체",6
"줄 알았지 왜",6
"결정하는 거지",6
"줄 알았지 이제",6
"줄 알았지만 아니었어요",6
"무슨 일이었던",6
"결정하는 겁니다",6
"줄 알죠 하지만",6
"줄 알지요",6
"줄 압니다만",6
"가지고 있다 더",6
"줄 어떻게 알았지",6
"줄 완벽한",6
"줄 위에",6
"결정하는 것도",6
"가지고 있다 당신을 염탐하는",6
"무슨 일인데 이렇게",6
"줄 전혀 몰랐어요",6
"가지고 있다 몇",6
"줄 정보가",6
"무슨 일인지 나도",6
"줄 줄 알았는데",6
"무슨 일인지 누가 설명",6
"줄 진작",6
"결정하도록 해",6
"난 그러고 싶지 않아요",6
"줄 테니 내",6
"줄 테니 잘",6
"줄 테니까 그",6
"줄 테니까 네",6
"결정하면 돼",6
"줄 테니께",6
"무슨 일인지 말해주지",6
"난 그러는",6
"줄 필요가있어",6
"무슨 일인지 말해줄래요",6
"무슨 일인지 모르겠네",6
"난 그러려던",6
"줄거리를 알려드리죠",6
"결정하면 안 되지",6
"줄거야 근데",6
"난 그러면 안",6
"무슨 일인지 몰라요",6
"줄게 같이",6
"줄게 그 후엔",6
"난 그러지 않았을 것이다",6
"줄게 그러니까",6
"무슨 일인지 알겠어요",6
"난 그러지 않을 것이다",6
"줄게 금방",6
"줄게 나는",6
"결정하지 마",6
"줄게 나랑 같이",6
"줄게 나한테",6
"무슨 일인지 알아낼",6
"무슨 일인지 알아내",6
"줄게 말도",6
"결정하지 않아도 돼",6
"가지고 있다 지금",6
"줄게 미안해",6
"줄게 뭘",6
"결정하지 않으면",6
"줄게 알았어요",6
"줄게 알겠지",6
"줄게 어때",6
"난 그런 거 필요",6
"결정한 거군요",6
"줄게 엄마가",6
"줄게 오",6
"줄게 왜 그래",6
"난 그런 남자",6
"줄게 이리",6
"무슨 잘못을 했길래",6
"Like that",6
"줄게 잠깐 기다려",6
"줄게 전부",6
"무슨 잘못이야",6
"줄게 정말요",6
"줄게 제대로",6
"무슨 장난",6
"결정한 거요",6
"줄게 좀",6
"위대한 선장이자",6
"줄게 집",6
"무슨 재미가 있겠어",6
"난 그런 말을",6
"줄게 항상",6
"줄게요 c",6
"결정한 걸",6
"무슨 정말",6
"줄게요 넌",6
"줄게요 나",6
"줄게요 뭐",6
"난 그런 사람 아니에요",6
"줄게요 세상에",6
"무슨 제안요",6
"무슨 제안",6
"무슨 조건",6
"줄게요 어떻게",6
"무슨 조언을",6
"난 그런 사람이야",6
"줄게요 우린",6
"줄게요 이건",6
"줄게요 제",6
"무슨 종류야",6
"난 그런 소리",6
"줄게요 지금",6
"줄게요 필요",6
"줄게요 좋아",6
"난 그런 애",6
"줄곧 그를",6
"줄곧 날",6
"줄곧 무언가를 누군가를",6
"무슨 죄를 지었죠",6
"줄곧 무언가를 누군가를 찾고",6
"줄곧 우리를",6
"결정한 것도",6
"my number 내",6
"줄기 빛을",6
"줄곧 이런",6
"줄기세포 논문",6
"줄기세포 연구",6
"난 그런 일에",6
"난 그런 일 안",6
"줄께 이",6
"가지고 있다고 생각하지 않는다",6
"my number 내 번호",6
"하나를 자르면 두 개가",6
"줄도 몰랐잖아",6
"줄도 몰랐다고",6
"난 그런 줄도 모르고",6
"줄도 없고",6
"난 그런 줄도",6
"무슨 질문이요",6
"무슨 짐승",6
"줄로만 알았거든요",6
"위도 경도",6
"줄리아 날",6
"무슨 짓 할",6
"결정할 게 아냐",6
"줄리아를 구하려고",6
"줄리아를 위해",6
"줄리안 대왕과",6
"I am a man",6
"무슨 짓을 꾸미고 있는",6
"줄리안 삼촌 대왕님은",6
"결정할 권리는",6
"줄리어스 베클리는",6
"줄리엣 안드로메다",6
"줄리엣이 날",6
"무슨 짓을 왜",6
"가지고 있다네",6
"난 그럴 수 없다고",6
"줄수 있지",6
"줄어든 것",6
"난 그럴 수 없어요",6
"줄어들 수도",6
"무슨 짓을 하는 건가",6
"난 그럴 수 없을",6
"결정할 문제",6
"무슨 짓을 하는지는",6
"난 그럴 시간이",6
"무슨 짓을 하더라도",6
"난 그럴 여유가",6
"결정할 문제가 아니야",6
"난 그럴 자격",6
"난 그럴 자격이 없어",6
"줄여줄 거야",6
"무슨 짓을 하신 거죠",6
"줄은 꿈에도 몰랐습니다",6
"줄은 모르고",6
"I am a satellite",6
"하나만 씹으면 모두가 끝이지",6
"줄은 몰랐네 난",6
"줄은 몰랐는걸",6
"결정할 문제지",6
"난 그럼 이만",6
"줄은 몰랐어 내",6
"난 그렇게 눈",6
"난 그렇게 눈 감을래",6
"결정할 문제죠",6
"결정할 수 없어요",6
"줄은 상상도 못 했다",6
"줄은 상상도 못했다",6
"줄은 생각",6
"무슨 짓을 할 건지",6
"줄은 아는데",6
"줄은 아냐",6
"결정할 수 있게",6
"줄은 알았지만 이",6
"무슨 짓을 할지 모르잖아",6
"무슨 짓을 할지 어떻게",6
"난 그렇게 멀리",6
"난 그렇게 말할",6
"결정할 수 있는 게",6
"무슨 짓을 해",6
"난 그렇게 멤피스로",6
"난 그렇게 멤피스로 왔죠",6
"줄을 모르는",6
"무슨 짓을 해야",6
"줄을 몰랐어요",6
"and at",6
"결정할 수 있습니다",6
"줄을 섰다",6
"줄을 섰지",6
"무슨 짓을 했는지 말이야",6
"무슨 짓을 했는지 말해봐",6
"줄이 좀",6
"줄이 있어",6
"줄이 없어",6
"하나면 사람은 하늘도",6
"가지고 있다던데",6
"난 그렇게 생각 안해",6
"줄이는 거죠",6
"무슨 짓을 했다는",6
"하나면 사람은 하늘도 날",6
"줄이야 네가",6
"줄이야 내",6
"줄이야 정말",6
"난 그렇게 생각하지 않았다",6
"무슨 짓을 했을",6
"줄일 수도",6
"가지고 있단걸",6
"줄줄 흐르고",6
"줄지 모르잖아",6
"줄줄 새고",6
"무슨 짓이냐고요",6
"줄테니까 So call",6
"줄테니까 So call me",6
"줄테니까 So",6
"무슨 짓이든 하는",6
"줌을 막을",6
"줌을 막는",6
"무슨 짓이든 하고",6
"줌을 무찌르고",6
"줌을 물리치고 다중우주를 구한",6
"줌을 물리치고 다중우주를",6
"결정할 시간이다",6
"줏대가 없어",6
"무슨 짓이든 해",6
"무슨 짓이든 할 것이다",6
"중 가장 놀라운",6
"중 가장 뛰어난",6
"중 가장 나쁜",6
"난 그렇게까지",6
"중 가장 위대한",6
"중 가장 오래된",6
"중 경찰이",6
"중 가짜 동생을",6
"중 그게",6
"난 그렇겐 못",6
"중 그런",6
"무슨 차야",6
"중 그를",6
"난 그렇지 않다고 말하겠네만",6
"중 금고",6
"무슨 책요",6
"무슨 책인데",6
"중 너는",6
"중 넷이",6
"무슨 첩보",6
"중 누가 그",6
"무슨 총",6
"my pants",6
"중 누구는",6
"무슨 총이요",6
"중 누구도 내",6
"무슨 축구",6
"가지고 있더라고",6
"중 누구라도 기회가 있다면",6
"중 누구라도 기회가",6
"무슨 치료를",6
"난 그를 다시",6
"난 그를 만난",6
"무슨 카메라",6
"난 그를 못",6
"결정할 일이지만",6
"중 누군가의",6
"난 그를 본",6
"중 다수가",6
"중 단연",6
"중 데이터",6
"중 두 명을",6
"중 두 번째",6
"무슨 파티인데요",6
"결정할 필요",6
"난 그를 잘",6
"무슨 표정인지",6
"중 몇 가지에",6
"중 몇 가지를",6
"중 몇 명인가",6
"중 몇몇은 심지어",6
"난 그리고",6
"중 반",6
"무슨 헛소리",6
"무슨 행운이 있나",6
"무슨 헛소리를 하는 거야",6
"중 사건의",6
"중 사망했고",6
"결정해야 한다고",6
"무슨 헛소린지",6
"난 그만 가볼게",6
"중 서쪽",6
"무슨 혐의를",6
"중 선택해야",6
"무슨 협상",6
"난 그만 간다",6
"난 그만 갈게요",6
"가지고 있던 사람",6
"중 안",6
"하나죠 그",6
"난 그만뒀어",6
"중 어디에도",6
"무슨말을 하고",6
"중 어떤 것이라도",6
"중 언제",6
"무슨말인지 알겠어",6
"무슨일 생기면",6
"중 유령이",6
"무슨일 있니",6
"중 일부는 지금 우리와",6
"중 일부도",6
"중 일부는 지금",6
"난 그에 대해",6
"중 전 대원",6
"난 그에게 말할",6
"중 절반에 대한",6
"중 절반에 대한 주먹",6
"무슨일이 생긴",6
"하나쯤은 있겠지",6
"가지고 있습니다 이",6
"중 짐",6
"무슨일이 생길지",6
"무슨일이 일어나고 있는지",6
"중 최고가",6
"무슨일이 일어나든",6
"난 그이",6
"무슨일이 일어난거지",6
"무슨일이 일어난거죠",6
"중 컴퓨터",6
"중 최악인",6
"중 큰",6
"중 하나 일",6
"중 하나가 다른",6
"중 하나가 아니라",6
"중 하나가 우리",6
"무슨짓을 한거에요",6
"무슨짓을 했길래",6
"중 하나거든",6
"중 하나가 죽을 때까지",6
"중 하나구나",6
"중 하나는 내가",6
"중 하나라",6
"난 그저 모든",6
"무시무시한 가능성이",6
"무시무시한 가능성이 있습니다",6
"무시하고 계속",6
"중 하나를 위해",6
"가지고 있어 난",6
"중 하나야 그래서",6
"무시하고 제",6
"중 하나야 내",6
"결코 그의",6
"중 하나야 죽은",6
"중 하나야 죽은 자들이",6
"중 하나야 오",6
"중 하나였나",6
"난 그저 평범한",6
"난 그저 좋은",6
"행복한 기분이",6
"중 하나였으니까",6
"난 그져",6
"중 하나이고",6
"무시하면 돼",6
"난 그쪽으로",6
"중 하나일 뿐",6
"결코 날",6
"무시하지 말아요",6
"중 하나일 수도 있지",6
"중 하나일까",6
"결코 나타나지",6
"중 하나입니까",6
"중 하나죠 그",6
"난 근처에",6
"중 하나죠 이",6
"난 글렀어",6
"my pride",6
"무시한 게",6
"난 금발",6
"중 한 곳을",6
"가지고 있어 네가",6
"결코 너를 용서하지",6
"난 긍정적으로",6
"중 한 명이 그를",6
"중 한 명이 그",6
"결코 너를 용서하지 않을",6
"중 한 명이니까",6
"무시할 순 없어요",6
"가지고 있어 이",6
"my prerogative",6
"중 한 명이잖아",6
"난 기다리는 거",6
"무시해도 돼요",6
"무시해도 되는",6
"중 한 분",6
"무시해서는 안",6
"중 한 사람과",6
"무식한 놈아",6
"중 한 사람이에요",6
"난 기다리지 않아",6
"무어 매튜 그레이 거블러",6
"결코 달라지지",6
"무어 씨는",6
"무언가 나쁜",6
"무언가 더",6
"중간 이름도",6
"결코 달라지지 않을",6
"난 기분이 안",6
"난 기분이 좋아",6
"결코 당신이",6
"중간에 서",6
"중개 수수료를",6
"중개인을 통해",6
"중개 수수료도",6
"하느라 너무",6
"위아래로 움직여",6
"난 기억나지 않지만",6
"중고로 산",6
"중국 공장",6
"중국 공장으로",6
"무언가를 누군가를 찾고",6
"무언가를 누군가를",6
"결코 달라지지 않을 것입니다",6
"중국 녹색",6
"난 기억나지 않지만 로버트의",6
"결코 만만한",6
"번영기였지 수 세기의 평화와",6
"중국 서부",6
"무언가를 믿진 말아라''",6
"무언가를 믿진 말아라'' 어느",6
"무언가를 믿진",6
"중국 음식도",6
"결코 멀리",6
"중국 측",6
"난 기억하고",6
"중국어 못",6
"중국어 할 줄",6
"무언가를 찾고 있다",6
"가지고 있어야합니다",6
"결코 멈추지 않는다",6
"무언가를 하는",6
"중국으로 가는",6
"무언가를 할",6
"중국인이 있는데",6
"중년 남자가",6
"중년의 백인",6
"무언가의 일부가",6
"중년의 위기란",6
"중단 안",6
"난 기자가",6
"중단하고 싶으세요",6
"난 기자야",6
"중단할 것을",6
"중단한 건",6
"중단해야 할",6
"난 기적이 두렵지",6
"중대 병원",6
"무엇 때문이죠",6
"중대한 영향을",6
"무엇 보다도",6
"가지고 있어줘",6
"and buy",6
"중독 문제를",6
"난 기회가 없었어",6
"결코 배우지",6
"중독되는 거",6
"무엇과도 비교할",6
"my sauce",6
"무엇과도 비교할 수",6
"중독된 건",6
"중독된 것처럼",6
"난 긴장 안",6
"Linda Moulton",6
"난 길거리",6
"무엇도 널 놀라게",6
"무엇도 널 놀라게 하지",6
"중동 지역에서",6
"중량 장치를",6
"중력 등반가가있어",6
"my school",6
"무엇도 우릴 갈라놓을 수",6
"결코 본",6
"중력 밖으로",6
"중력 소실",6
"중력 시간은 사인입니다",6
"무엇보다 가장 중요한",6
"무엇보다 넌",6
"중력 총이라고",6
"중력 총이라고 생각 했어",6
"중력 총이라고 생각",6
"가지고 있었고 그리고",6
"결코 불평하지",6
"무엇보다 사랑하는",6
"중력을 벗어나려면",6
"중력을 통해",6
"my seat",6
"중력의 사인 값입니다",6
"중력의 사인",6
"결코 성공하지 못했다",6
"무엇보다 중요한 것은",6
"중력이었어요 어떤",6
"중력이 있는",6
"무엇보다도 난",6
"무엇보다도 널",6
"중령 대령",6
"무엇보다도 더",6
"중립 지대에서",6
"중립 지역에서",6
"중무장을 하고",6
"I am by",6
"중상을 입고",6
"무엇보다도 우리",6
"무엇보다도 이",6
"난 꿈꾸네",6
"my secret",6
"무엇보다도 중요한",6
"무엇에 관한 것인지",6
"난 끊었어",6
"중심으로 원을 하나 더",6
"중심으로 원을 하나",6
"중심으로 한",6
"Because it was",6
"중심을 잃었어요",6
"중심이 되어",6
"중앙 본부도",6
"중앙 유치장에",6
"중앙 은행에서",6
"중앙 컴퓨터가",6
"중앙 헌병이",6
"난 끝이 없게",6
"난 끝이",6
"결코 실제로",6
"무엇을 뜻하는지",6
"중에 가장 좋은",6
"중에 가장 즐거운",6
"무엇을 만들고",6
"중에 경찰이",6
"중에 고를 수",6
"가지고 있었다 그",6
"무엇을 말해 준다",6
"중에 나를",6
"중에 내가 제일",6
"중에 누가 내",6
"and canoodle",6
"난 나가고 싶어",6
"난 나가지",6
"중에 단 한",6
"하는 거지 이",6
"중에 랑은",6
"중에 또",6
"중에 만난",6
"중에 마지막",6
"무엇을 생각하고",6
"중에 몇 명이나",6
"무엇을 알 수 있습니까",6
"중에 무엇을",6
"난 나갈 거예요",6
"무엇을 알고 있지요",6
"결코 어둠",6
"중에 사람이",6
"중에 사고로",6
"결코 어둠 속에 숨지",6
"결코 어둠 속에",6
"중에 시를 외치네",6
"중에 시를 외치네 僕ほんとうは",6
"중에 시를",6
"중에 아무",6
"결코 언급하지 않았다",6
"하는 건 맞지만",6
"중에 여러",6
"무엇을 의미하는",6
"무엇을 의미 하는가",6
"난 나무",6
"무엇을 의미하는가",6
"중에 있다고",6
"중에 있다",6
"중에 있나요",6
"무엇을 입고",6
"중에 절",6
"중에 저",6
"DNA 검사를 할",6
"난 나쁜 놈",6
"무엇을 찾고 계십니까",6
"가지고 있었다는 걸",6
"가지고 있었다는 것",6
"중에 좋은",6
"중에 죄 없는",6
"중에 죄",6
"결코 없었어",6
"중에 죄송한데요",6
"중에 죽었다고",6
"무엇을 찾을 수 있는지",6
"중에 지금",6
"중에 첫",6
"중에 최고가",6
"중에 최악은",6
"중에 최고지",6
"결코 우리",6
"무엇을 하고 있는지 알고",6
"무엇을 하고 있습니까",6
"난 나예요",6
"중에 하나일",6
"my show",6
"행사에 오신 걸",6
"무엇을 하고 있을까",6
"중에 한 분이",6
"중에는 제일",6
"무엇을 하는지 알고",6
"결코 우릴",6
"무엇을 하러 이곳에 왔어요",6
"무엇을 하러 이곳에",6
"무엇을 하죠",6
"중에서 단 한",6
"무엇을 할 것이냐",6
"난 나치",6
"무엇을 할 수 있는가",6
"중에서 한 명을",6
"무엇을 할 예정이니",6
"중엔 제일",6
"중요성에 대해",6
"난 날 수 있어",6
"무엇을 해야 할까요",6
"중요하게 생각한",6
"중요하게 여겨요",6
"무엇을 했는지도",6
"결코 이런",6
"중요하게 할 일이",6
"중요하게 할 얘기가",6
"중요하기 때문입니다",6
"my sister''s",6
"중요하길래 우리",6
"중요하다고 봐요",6
"중요하다고 생각한다",6
"중요하다고 할",6
"난 남는 게",6
"중요하다고 했어요",6
"중요하다는 건",6
"중요하다는 겁니다",6
"무엇이 날 버티게했는지",6
"무엇이 날 버티게했는지 아는가",6
"무엇이 너를 멈추게 했니",6
"중요하지 내가",6
"중요하지 그리고",6
"무엇이 너의",6
"중요하지 않다고요",6
"중요하지 않다는 걸",6
"무엇이 될 수",6
"난 남자는",6
"중요하지 않아 넌",6
"무엇이 될까",6
"난 남자고",6
"중요하지 않아 만약",6
"무엇이 문제인지",6
"중요하지 않아 우린",6
"중요하지 않아 하지만",6
"결코 자신을",6
"중요하지 않아요 난",6
"무엇이 옳고",6
"난 남자라고",6
"중요하지 않았어",6
"결코 제",6
"결코 좋게 끝나지",6
"중요하지 여기",6
"중요하지 하지만",6
"무엇이 정말",6
"중요하지도 않은",6
"무엇이 진짜인지",6
"중요하진 않지만",6
"중요한 거 같아",6
"중요하진 않죠",6
"중요한 거 같은데",6
"결코 좋아하지 않았다",6
"무엇이든 얻을 수",6
"무엇이든 얻을",6
"난 남편의",6
"무엇이든 하겠습니다",6
"가지고 있었잖아요",6
"난 남한테",6
"중요한 건 그것",6
"무엇이든 할 준비가",6
"난 낮잠",6
"중요한 건 그녀는",6
"중요한 건 그는",6
"중요한 건 그런",6
"중요한 건 나는",6
"무엇이든 했어 하지만",6
"중요한 건 날",6
"중요한 건 너야",6
"무엇이든 했어 하지만 네",6
"무엇이든 했어",6
"무엇이라도 할",6
"중요한 건 따로",6
"중요한 건 말이야",6
"무엇인지 모르겠다",6
"중요한 건 아니에요",6
"중요한 건 아닌데",6
"중요한 건 없단다",6
"중요한 건 아무도",6
"중요한 건 없죠",6
"and coming",6
"중요한 건 우리는",6
"결코 하지 않다",6
"무엇인지 전혀 모른다",6
"중요한 건 자기",6
"난 내 남편이",6
"중요한 건 전부",6
"중요한 건요",6
"중요한 걸 놓치고 있지",6
"난 내 눈을",6
"위에서였지 세상의",6
"중요한 걸 안",6
"난 내 돈",6
"무용 강사가",6
"무용 강사",6
"중요한 것 같지",6
"무용 강사가 구령을 한다",6
"무용 강사가 구령을",6
"난 내 딸의",6
"중요한 것은 내가",6
"가지고 있으라고",6
"중요한 것은 이",6
"중요한 것을 가지고",6
"무의미함도 거짓된 평화조차",6
"무의미함도 거짓된",6
"무의식 상태로",6
"중요한 것이죠",6
"무의미함도 거짓된 평화조차 산산이",6
"무의식 중에",6
"중요한 게 뭐가 있어",6
"무인 정찰기야",6
"중요한 게 아니고요",6
"중요한 게 아니다",6
"중요한 게 아니니까",6
"무자비한 마약",6
"무작위 약물",6
"중요한 게 있죠",6
"중요한 결정이야",6
"중요한 결정을 할 시간이다",6
"무장 강도로",6
"중요한 경기를",6
"무장 강도와",6
"중요한 곳이죠",6
"난 내 몸이",6
"중요한 날은",6
"중요한 날이니",6
"무장 경찰",6
"무장 경찰이",6
"내 삶에 유일하게",6
"중요한 날이었어요",6
"무장 안",6
"중요한 날인 거",6
"결투를 신청합니다",6
"중요한 단계야",6
"난 내 시간을",6
"결판이 안",6
"중요한 말이",6
"난 내 실수를",6
"중요한 몸이십니다",6
"가지고 있을 거예요",6
"중요한 몸이십니다 캐스털리 록은",6
"무장을 해제하고",6
"무장한 것",6
"무장하지 않은 사람을",6
"난 내 아빠를",6
"Listen to the",6
"무장한 세",6
"난 내 운명을",6
"중요한 분이에요",6
"중요한 분을",6
"위장을 한",6
"중요한 사람들이",6
"중요한 사람들에게",6
"결함이 있어서",6
"무적이야 다음",6
"중요한 사람이 될 준비가",6
"무적이야 無敵なんだよ 무적이야 다음",6
"중요한 사람이고",6
"무전 듣고",6
"무적이야 다음 화",6
"Little Bacon",6
"중요한 사람이죠",6
"중요한 사람인데",6
"무전 신호가",6
"중요한 선택을",6
"중요한 소식은",6
"난 내 일에",6
"중요한 순간엔",6
"무전기 꺼",6
"무전기 기계음",6
"중요한 시점에",6
"결함이 있었어요",6
"중요한 약속",6
"중요한 얘기니까",6
"중요한 얘기라",6
"결혼 계획",6
"중요한 얘기를 할",6
"결혼 계획은",6
"중요한 얘긴",6
"난 내 임무를",6
"무전기를 갖고",6
"번째 멸종",6
"중요한 역할을 한다",6
"중요한 역할을 하고",6
"중요한 역할을 했어요",6
"무전도 안",6
"my thought''s",6
"중요한 연설",6
"중요한 연구를",6
"결혼 기념",6
"중요한 요소",6
"난 내 자신의",6
"중요한 의미를",6
"중요한 일 같아서",6
"무조건 그냥",6
"결혼 때",6
"중요한 일을 하는 거야",6
"중요한 일이 먼저다",6
"중요한 일이 생겨서",6
"무조건 막아야",6
"결혼 말고",6
"중요한 일이 있나",6
"my thought''s escaping",6
"난 내 힘으로 이",6
"중요한 일이 있으니까",6
"무죄 무죄",6
"결혼 몇",6
"중요한 일이길래",6
"중요한 일이래요",6
"중요한 일이랍니다",6
"무죄 프로젝트",6
"중요한 일이야 그리고",6
"무죄라는 게",6
"중요한 일이었죠",6
"난 내가 그런",6
"결혼 못 했으면",6
"무죄를 입증하는",6
"무죄를 입증하려고",6
"중요한 임무가 있어",6
"중요한 임무",6
"중요한 자리를",6
"결혼 못해",6
"중요한 장기를",6
"중요한 전달",6
"중요한 전화를",6
"결혼 못 했으면 그",6
"중요한 전화야",6
"무죄일 수도",6
"난 내가 될",6
"중요한 정보가 있어",6
"중요한 정보를 가지고",6
"무지 많은",6
"난 내가 만든",6
"중요한 정보야",6
"중요한 존재예요",6
"무지 비싼",6
"무지 무지",6
"중요한 증거물이",6
"중요한 직책을",6
"난 내가 무슨",6
"중요한 질문이야",6
"난 내가 뭘 하고",6
"중요한 첫",6
"난 내가 뭘 하는지",6
"난 내가 본",6
"중요한 행사에",6
"무지개꽃 이전에",6
"중요한게 뭔지",6
"중요한게 아니잖아요",6
"중요한지 몰라요",6
"중요한지 알아요",6
"중요할 거예요",6
"중요할 것 같아요",6
"중요할 것이다",6
"무책임한 짓이야",6
"무척 기대하고",6
"결혼 생활 내내",6
"중요해 고마워",6
"난 내가 있는",6
"무척 사랑하는",6
"결혼 생활 동안",6
"중요해 아니",6
"무척 사랑해",6
"무척 사랑했어요",6
"무척 자랑스러워",6
"무척 어려운",6
"중요해 제발",6
"중요해요 두",6
"중요해요 당신이",6
"중요해요 우리가",6
"중요해요 특히",6
"중요해요 하지만",6
"중요했던 것",6
"무척 중요해요",6
"중위 나는",6
"중의 일부가",6
"난 내가 해야할",6
"중의 하나였죠",6
"중의 하나인데",6
"무철이 형의",6
"중의 하나입니다",6
"무토 유즈키",6
"무통 주사",6
"중의 한 명과",6
"결혼 생활에도",6
"가지고 있지 않기 때문이다",6
"중이 었어",6
"중이거든 내가",6
"중이고 그",6
"중이고 이",6
"중이다 그",6
"중이다 나는",6
"중이다 내",6
"무한한 힘과 자비로",6
"중이라 그래요",6
"중이라 지금",6
"결혼 생활을 한",6
"중이라서요 여긴",6
"무효 심리를",6
"중이야 가서",6
"중이야 그거",6
"중이야 괜찮아",6
"중이야 그녀는",6
"난 너 없인",6
"무효로 한다",6
"중이야 그렇구나",6
"묵고 있습니다",6
"중이야 너무",6
"묵념의 시간을",6
"중이야 다들",6
"중이야 다시",6
"중이야 당신은",6
"하는 또",6
"행운을 빌어줄게",6
"중이야 미안해",6
"묵비권을 행사하고",6
"중이야 방금",6
"결혼 선물은",6
"중이야 새로운",6
"중이야 아빠",6
"중이야 아무튼",6
"중이야 얼마나",6
"중이야 어떤",6
"묵비권을 행사합니다",6
"중이야 우리는",6
"묵언 수행 중인",6
"중이야 잠깐",6
"중이야 일단",6
"묵을 겁니다",6
"중이야 집에서",6
"중이야 진짜",6
"중이었는데 갑자기",6
"중이야 혹시",6
"묶고 있어요",6
"중이었어 왜",6
"묶는 건",6
"중이었어요 무슨",6
"중이었어요 제가",6
"묶는 것",6
"중이었지 난",6
"중이에요 그러니까",6
"중이에요 나중에",6
"중이에요 다들",6
"난 너무 뜨거워",6
"가지고 있지 않은가",6
"묶어 줄게",6
"위치를 안",6
"난 너무 어려",6
"중이에요 아뇨",6
"난 너무 어려서",6
"중이에요 알았어",6
"묶어둘 수는",6
"중이에요 전부",6
"중이에요 제",6
"중이에요 좋아요",6
"묶여 있는 걸",6
"중이에요 혹시",6
"난 너무 피곤해",6
"중이죠 빨리",6
"중이죠 그리고",6
"중이죠 이",6
"중이지 그리고",6
"중이지 이",6
"중이지만 아직",6
"중이지 그래",6
"난 너보다 훨씬",6
"중인 거 알아",6
"묶여 있으니까",6
"가지고 있지는",6
"중인 걸 알고",6
"묶은 채",6
"묶은 것",6
"묶은 건",6
"중인 사람이",6
"난 너에게 뭔가를",6
"my wallet",6
"결혼 얘기를",6
"중인 수사에",6
"중인 우리",6
"묶인 것",6
"묶인 주제에",6
"번째 타입의",6
"하는 말일",6
"난 너와 같이",6
"결혼 전 성을",6
"중인데 같이",6
"문 개방",6
"and daughter",6
"중인데 난",6
"중인데 너무",6
"문 걸어 잠그고",6
"문 같은",6
"중인데 몇",6
"문 게",6
"중인데 안",6
"난 너와 함께 있고",6
"문 그리고",6
"중인데 지금",6
"중인지도 모르지",6
"문 내",6
"중일 땐",6
"중입니다 lrm",6
"중입니다 곧",6
"중입니다 그가",6
"my way back",6
"중입니다 그리고",6
"문 닫고 뭐",6
"중입니다 다른",6
"난 너하고 달라",6
"문 닫고 있어",6
"중입니다 안",6
"결혼 준비도",6
"중입니다 알았어",6
"난 너한테 그런",6
"난 너한테 그걸 말했다",6
"중입니다 이름은",6
"중입니다 좋아요",6
"문 닫아주세요",6
"중입니다 지금",6
"중입니다 지금은",6
"결혼 준비를",6
"난 너한테 얘기한",6
"중점을 둔",6
"난 너한테 얘기한 거",6
"중지시킬 수",6
"난 너한테 줄",6
"중추 신경계가",6
"중책을 맡게",6
"중추가 되는",6
"중추적인 역할을",6
"문 닫을 거예요",6
"중화 인민 공화국",6
"문 닫은 후에",6
"중히 여기는",6
"줘 걱정 마",6
"문 닫자",6
"문 닫을게",6
"줘 고맙다",6
"줘 그걸",6
"줘 그가",6
"줘 그녀가",6
"줘 그들이",6
"문 두드림",6
"my way tonight",6
"줘 그러지 말고",6
"줘 그럼요",6
"난 너희보다",6
"줘 근데",6
"문 때문에",6
"문 따는",6
"줘 나의",6
"결혼 했어요",6
"문 밑에",6
"줘 내가 살아있던",6
"문 바로 뒤에",6
"난 넌",6
"줘 내가 직접",6
"줘 내가 살아있던 때를",6
"줘 내게",6
"문 밖에 있어",6
"줘 너와",6
"줘 너희",6
"문 사이로",6
"줘 다음",6
"난 널 구할",6
"줘 당신을",6
"줘 대체 무슨",6
"문 안쪽에",6
"결혼까지 했어",6
"난 널 다치게",6
"난 널 데리고",6
"문 앞에 쓰러지는 사람이",6
"줘 모스 부호로",6
"줘 모스",6
"줘 모스 부호로 변환",6
"줘 무슨 소리야",6
"문 앞에 있어요",6
"줘 뭐 하는",6
"줘 물",6
"난 널 도우려는 거야",6
"결혼도 안 했어",6
"줘 미안하지만",6
"문 열 때까지",6
"줘 보게",6
"결혼도 하고 아이도",6
"my wife and",6
"줘 부탁할게",6
"줘 손",6
"줘 생각해",6
"줘 싫어요",6
"줘 아무것도",6
"문 열리고",6
"줘 아버지",6
"결혼도 했는데",6
"문 열어 거기",6
"줘 알렉스",6
"문 열어 거기 있는",6
"and do it",6
"줘 앞으로",6
"문 열어 무슨",6
"my wife''s",6
"문 열어 엄마",6
"문 열어 왜",6
"줘 요즘",6
"줘 우리는",6
"가지고 하지만",6
"줘 원래",6
"my window",6
"문 열어도",6
"줘 이젠",6
"줘 자네가",6
"난 널 보호해야",6
"줘 잘했어",6
"줘 저기요",6
"문 열어주지 말고",6
"줘 적어도",6
"줘 저리",6
"난 널 볼 수",6
"줘 전화",6
"문 열어줘서",6
"줘 제이",6
"결혼식 기사를",6
"난 널 사랑하는",6
"my word",6
"줘 좀 더",6
"줘 좋았어",6
"줘 지금까지",6
"문 옆",6
"문 옆에 있는",6
"난 널 사랑하지 않을",6
"난 널 사랑한단다",6
"줘 크리스",6
"줘 풀어",6
"문 잘 닫고",6
"난 널 사랑해 왔어",6
"문 잠겼어",6
"가지고있는 것을",6
"줘 형",6
"문 잠겼어요",6
"줘도 난",6
"줘도 괜찮아",6
"줘도 되겠어",6
"문 잠그고 있어요",6
"결혼식 내내",6
"줘도 되죠",6
"문 잠그는 소리",6
"문 잠그는 거",6
"난 널 쏠",6
"난 널 쏘지 않을",6
"문 잠근 거야",6
"줘봐 손",6
"줘봐 우리",6
"문 제",6
"난 널 알고",6
"결혼식 때 입었던",6
"줘서 고마워 c",6
"줘서 고마워 근데",6
"난 널 알아 넌",6
"줘서 고마워 네",6
"줘서 고마워 무슨",6
"줘서 고마워요 물론이죠",6
"줘서 고마웠어",6
"줘서 고맙고요",6
"줘서 고맙대",6
"줘서 고맙긴",6
"Because love",6
"난 널 위한 임무가",6
"줘서 기쁘구나",6
"난 널 이해할",6
"줘서 다행이네요",6
"and dream",6
"줘서 당신은",6
"줘서 미안하다",6
"줘서 얼마나 고마운지",6
"줘서 오늘",6
"난 널 이해해 우리가",6
"가지는 거예요",6
"문 형사의",6
"결혼식 비디오",6
"난 널 잃을",6
"줘서 참 고맙네요",6
"가지는 거죠",6
"줘야 겠다",6
"줘선 안 돼요",6
"줘야 내",6
"Living in a dream",6
"줘야 된다",6
"줘야 되는 거 아니야",6
"줘야 된다고",6
"문도 안 열어",6
"난 널 잘 몰라",6
"문도 열려",6
"문도 있고",6
"가지는 거지",6
"난 널 좋아하지 않아",6
"줘야 하니까요",6
"난 널 죽여야",6
"줘야 한다고 생각해",6
"문디 자식",6
"문란 세 건",6
"문란 세",6
"줘야 할까",6
"결혼식 안",6
"결혼식 사회를",6
"줘야 해 알았어",6
"줘야 해 내가",6
"문명의 경로 전체가",6
"하는 일은 없을",6
"문명의 경로",6
"결혼식 예배당",6
"문명의 경로 전체가 결정되는",6
"난 널 죽일 거야",6
"줘야겠어 지금",6
"난 널 증오해",6
"줘야죠 내",6
"줘야지 나도",6
"문서 분석가",6
"줘야지 아",6
"줘야지 우리",6
"줘요 가자",6
"문서에 서명하고",6
"하는 일이 옳다고",6
"난 널 책임져야",6
"난 널 포기하지",6
"and eat",6
"문신 안",6
"난 널 한 번",6
"문신도 하고",6
"줘요 그만",6
"문신은 새로 한 거예요",6
"문신은 새로 한",6
"문신은 새로",6
"줘요 나를",6
"난 널 허락하지 않을",6
"줘요 너",6
"결혼식 주례",6
"줘요 당신의",6
"줘요 도와주세요",6
"줘요 또",6
"줘요 말해",6
"문신을 했죠",6
"줘요 모두",6
"문신이 멋지네요",6
"문신이 아니라",6
"난 네 나이",6
"줘요 뭐라고",6
"줘요 뭐라고요",6
"난 네 남자",6
"난 네 눈을",6
"줘요 세상에",6
"줘요 아주",6
"결혼식 파티에서",6
"줘요 앉아요",6
"문에 달린",6
"문에 빗장을",6
"myself to",6
"문에서 두드림",6
"문에서 두드림 소리",6
"mysterious forest",6
"난 네 멍청한",6
"줘요 이걸",6
"문으로 가요",6
"줘요 일단",6
"난 네 목숨을 구했어",6
"문으로 나가서",6
"가지는 분명히",6
"줘요 제",6
"줘요 절대",6
"문으로 들어가세요",6
"문으로 들어가요",6
"난 네 새로운",6
"난 네 부하가 아니야",6
"줘요 즐거운",6
"줘요 중요한",6
"줘요 진짜",6
"줘요 지금은",6
"줘요 총",6
"문으로 들어와",6
"결혼식에 갈 수",6
"문은 경영진만이 열",6
"문은 경영진만이",6
"줬고 당신은",6
"문은 경영진만이 열 수",6
"난 네 아버지를 죽이지",6
"난 네 아버지다",6
"줬는데 그리고",6
"난 네 아빠가 아냐",6
"줬는데 어떻게",6
"문은 안에서",6
"문은 어디로",6
"줬는지 몰라도",6
"줬다 뺏는 게",6
"줬다고 그",6
"줬다고 생각해",6
"줬다고 생각한다구요",6
"줬다고 하던데",6
"결혼식에 대해서",6
"난 네 아빠잖니",6
"난 네 안에서",6
"and enjoy",6
"줬더니 이런",6
"난 네 어머니를",6
"문은 저쪽이야",6
"줬던 사람이",6
"문은 활짝",6
"줬어 그러니까",6
"문을 걸어 잠그고",6
"줬어 그럼",6
"난 네 엄마니까",6
"문을 나가서",6
"난 네 엄마다",6
"줬어 아니",6
"줬어 뭐라고",6
"줬어 어디",6
"줬어 왜",6
"줬어 아직",6
"가지도 못하고",6
"줬어 지금",6
"문을 닫아 버릴",6
"줬어야 해요",6
"난 네 오빠를",6
"줬어요 그게",6
"줬어요 그건",6
"난 네 오빠잖아",6
"줬어요 그럴",6
"난 네 의견을",6
"난 네 이름도",6
"줬어요 날",6
"줬어요 당신",6
"결혼식에 초대",6
"난 네 인생을",6
"줬어요 바로",6
"문을 닫았을 때",6
"줬어요 여기서",6
"문을 닫으라고",6
"줬어요 이건",6
"줬어요 우리가",6
"난 네 적이 아니야",6
"문을 닫은 후",6
"결혼식은 아주",6
"줬으면 됐잖아",6
"줬으면 좋겠네요",6
"문을 달칵 여닫는다",6
"결혼식은 어떻게",6
"난 네 편이라고",6
"줬으면 하는지 알지",6
"줬으면 하는지",6
"문을 두드려서",6
"난 네 형제가",6
"하는거야 그래",6
"줬을 것",6
"문을 두드렸다",6
"줬을 리",6
"결혼식을 망치려고",6
"줬을 수도 있어요",6
"위한 배고픔",6
"문을 두드리는 거야",6
"문을 두드리더니",6
"난 네가 계속",6
"줬잖아 난",6
"줬잖아 네",6
"Long as",6
"줬잖아 이",6
"문을 두들겨",6
"난 네가 그냥",6
"줬잖아요 내가",6
"줬잖아요 우리",6
"문을 드르륵 연다",6
"문을 막아",6
"줬죠 왜",6
"줬죠 이",6
"줬죠 우린",6
"줬죠 전",6
"줬지 넌",6
"결혼식을 올린",6
"문을 부숴",6
"쥐 녀석",6
"문을 부숴야",6
"문을 빨리",6
"쥐 죽은 듯이 있어",6
"쥐가 나는 거",6
"결혼식을 위해서",6
"결혼식을 중단하라",6
"쥐가 아니야",6
"쥐가 있어",6
"난 네가 날 도와줬으면",6
"문을 여십시오",6
"쥐고 있다가",6
"난 네가 내게",6
"문을 열 거예요",6
"난 네가 너의",6
"쥐고 있으니",6
"쥐고 있었지",6
"문을 열 때",6
"문을 열 수가",6
"문을 열 수 있는",6
"쥐를 더",6
"쥐를 잡는",6
"쥐락펴락할 수",6
"쥐뿔도 없는 게",6
"쥐새끼 같은 놈아",6
"위한 신의",6
"쥐인 줄",6
"문을 열면 그",6
"난 네가 마음에",6
"위한 싸움",6
"문을 열어 줄",6
"문을 열어 주면",6
"문을 열어 줘",6
"쥘리앵 쥘리앵",6
"쥘 수 있어",6
"즈바바 나이트",6
"문을 열어보세요",6
"난 네가 무섭지",6
"즉각 지원 바란다",6
"즉 이",6
"Long way",6
"즉살 모드",6
"즉석에서 만든",6
"결혼에 문제가",6
"즉시 거길",6
"즉시 공중후송좀 부탁합니다",6
"즉시 공중후송좀",6
"난 네가 뭔지 알아",6
"즉시 근무지로",6
"즉시 근무지로 가도록",6
"and find the",6
"즉시 떠나야",6
"결혼은 내",6
"즉시 복귀하세요 오로라",6
"문을 열자",6
"즉시 우리",6
"즉시 연락",6
"결혼은 다",6
"문을 엽니",6
"즉시 지구",6
"즉시 지구 대통령이 취임하여",6
"즉시 지구 대통령이",6
"즉시 지상으로",6
"문을 엽니 다",6
"즉시 착륙해",6
"문을 움켜",6
"문을 움켜 잡을뿐입니다",6
"결혼은 무슨",6
"즉시 현장에",6
"난 네가 아냐",6
"즉흥 연기를",6
"난 네가 아는",6
"즌다 즌다",6
"즉흥적인 건",6
"즐거운 거야",6
"문을 잠궜습니다",6
"즐거운 걸",6
"name Orient",6
"즐거운 관람",6
"즐거운 대화였어요",6
"문을 잠그세요",6
"즐거운 독립",6
"문을 잠근다",6
"문을 잡고",6
"name Orient Express",6
"즐거운 성탄절",6
"난 네가 어디서 왔는지",6
"즐거운 쇼핑",6
"문을 찾은",6
"문을 지키는",6
"즐거운 시간을 보낼 수",6
"즐거운 시간을 보냈죠",6
"난 네가 여기 있는",6
"난 네가 여기서",6
"즐거운 여행 되십시오",6
"즐거운 오후",6
"결혼은 했나",6
"즐거운 인생",6
"문을 통과하면",6
"즐거운 크리스마스를 빕니다",6
"즐거운 휴일 보내세요",6
"난 네가 있어서",6
"즐거울 거예요",6
"즐거움을 느낄",6
"결혼을 두",6
"즐거워 우린",6
"즐거워 우린 영원할 거야",6
"즐거워 우린 영원할",6
"문이 끼익 닫힌다",6
"문이 닫혔다",6
"즐거웠어 하지만",6
"문이 닫히는 거지",6
"즐겁게 감상하세요",6
"즐거웠어요 저도요",6
"즐겁게 노는",6
"문이 닫힙니다 문에서",6
"즐겁게 대화를",6
"난 네가 죽길",6
"즐겁게 만들어",6
"난 네가 죽는 걸",6
"즐겁게 보내면",6
"결혼을 못하게",6
"즐겁게 지내다",6
"I am not the",6
"즐겁게 하고",6
"즐겁게 하려고",6
"난 네가 집에",6
"문이 막혔어",6
"즐겁지 않다",6
"즐겁게 해줄 수",6
"즐겁지 않았어",6
"즐겨 그럴",6
"즐겨 내가",6
"문이 삐거덕 열린다",6
"즐겨 먹던",6
"즐겨 먹는",6
"난 네가 필요했어",6
"즐겨 볼까",6
"즐겨 이",6
"문이 안에서",6
"즐기고 싶다고",6
"난 네가 한 짓을",6
"문이 엉망이 됐을",6
"즐기고 싶은",6
"문이 엉망이",6
"난 네가 한 줄",6
"문이 엉망이 됐을 동물원",6
"즐기기 위해",6
"난 네가 행복했으면",6
"난 네게서",6
"문이 열렸을",6
"문이 열렸을 때",6
"즐기는 사람이",6
"and fro",6
"즐기는 줄",6
"문이 열리질",6
"즐기라고 난",6
"즐기며 사는",6
"문이 열릴 때",6
"즐기지 않는다",6
"즐기지 않았다",6
"문이 왜 안",6
"난 노력 중이야",6
"즐길 것",6
"문이 있습니다",6
"난 노력했다",6
"즐길 수 있습니다",6
"즐길 수 있을 거야",6
"문이 잘",6
"난 노예가",6
"즐길 수 있죠",6
"문이 잠겼다",6
"즐길 시간은",6
"and fro the",6
"문이 좀",6
"증가하고 있는",6
"난 놀랄",6
"문이 칙",6
"난 놀랍지",6
"name you",6
"증거 따윈",6
"증거 그의",6
"증거 목록에",6
"증거 배제 신청을",6
"증거 안",6
"문이나 닫아",6
"문이나 잘",6
"증거 우리는",6
"증거 인멸을",6
"and fro the pendulum",6
"문자 그대로 사람이 말한",6
"문자 그대로 사람이",6
"증거 제출",6
"가지러 같이",6
"증거 찾기",6
"증거 중에",6
"문자 다",6
"증거가 나왔습니다",6
"난 높은 곳이",6
"증거가 다 있어",6
"문자 메시지를 계속 남깁니다",6
"증거가 담긴",6
"증거가 되라",6
"결혼을 했다고",6
"증거가 될 겁니다",6
"문자 받았을 때",6
"증거가 아니다",6
"문자 보내 줘",6
"증거가 아무것도",6
"증거가 안 돼",6
"문자 보내도",6
"문자 보내는데",6
"난 누구에게도 말하지",6
"증거가 없으니까요",6
"문자 보낼 때",6
"증거가 있니",6
"문자 봤잖아",6
"난 누군가의",6
"문자 알림",6
"문자 안 보냈어",6
"문자 알림음",6
"난 누나",6
"결혼이 파탄",6
"증거가 충분합니다",6
"증거가 필요하죠",6
"증거가 필요한",6
"증거가 하나도 없어",6
"문자 좀 그만",6
"nation state",6
"증거가 확실해",6
"결혼이라는 게",6
"증거는 발견되지",6
"난 눈물",6
"증거는 아니지",6
"증거는 없고",6
"결혼이란 걸",6
"문자가 왔네요",6
"결혼이란 게",6
"증거는 있고",6
"증거는 전부",6
"증거는 충분해",6
"문자도 보내고",6
"난 뉴욕을",6
"증거도 다",6
"증거도 남기지",6
"문자도 하지",6
"결혼이었어 첫날밤도",6
"문자로 보내요",6
"난 느껴",6
"결혼이었어 첫날밤도 없었고",6
"증거도 없을",6
"증거라고 할",6
"증거라는 게",6
"문자를 남겨",6
"문자를 못",6
"증거로 제출합니다",6
"증거를 가져와",6
"증거로 채택할",6
"난 늘 그렇게",6
"난 늘 내가",6
"증거를 가지고 있어요",6
"문자를 보고",6
"가지러 왔는데",6
"증거를 모아",6
"증거를 만들어",6
"난 늘 네가",6
"증거를 보여줄 수",6
"문자를 보냈다고",6
"증거를 봐",6
"하는지도 모르겠네",6
"증거를 수집하고",6
"증거를 수집하는",6
"위해 군대에",6
"증거를 숨긴",6
"문자를 보냈지",6
"and get me",6
"증거를 없앤",6
"증거를 전부",6
"난 능력",6
"증거를 제공한다",6
"문자에 답도 안",6
"문자에 답을",6
"증거를 좀",6
"결혼하고 싶었던",6
"증거를 찾기 위해",6
"문자하는 거야",6
"문장으로 말씀해",6
"문장으로 말씀해 주시겠어요",6
"결혼하고 싶으면",6
"증거를 찾을 수 있을까요",6
"증거를 토대로",6
"증거를 확보했어",6
"난 니 손 잡고",6
"난 니 손",6
"증거를 훔치는",6
"증거를 확보했어요",6
"증거물 A",6
"문제 그는",6
"가지러 집에",6
"결혼하고 싶지 않다는",6
"증거야 내가",6
"증거에 의해",6
"and get out",6
"증거일 수도",6
"증권 중개인",6
"문제 된",6
"난 니가 필요해",6
"결혼하고 아이도",6
"증명도 할",6
"증명도 할 수",6
"문제 될 것도",6
"가지려고 했어요",6
"하늘빛은 Like A Fire",6
"문제 될 수",6
"증명하게 될",6
"문제 때문에 평생 노처녀로",6
"문제 때문에 평생",6
"하늘빛은 Like",6
"증명하고 싶었어",6
"결혼하기 싫어요",6
"난 닐",6
"증명하고 있어요",6
"난 닉이에요",6
"문제 말고",6
"증명하는 걸",6
"증명하려는 거죠",6
"증명하지 않아도",6
"증명하지 못할",6
"증명한 게",6
"문제 삼으면",6
"증명할 기회가",6
"증명할 방법을",6
"증명할 방법도",6
"문제 생기면 전화해",6
"문제 생기는 건",6
"증명할 수 있다면요",6
"증명할 수 있습니까",6
"문제 아니오",6
"증명할 수 있을까요",6
"증명할 수 있을 거야",6
"증명할 수 있었다",6
"결혼하기 전엔",6
"문제 안 생기게",6
"증명할 수만",6
"난 다른 길을",6
"nbsp 게리",6
"난 다른 사람과",6
"증명할 필요는 없어",6
"결혼하기로 했어",6
"결혼하기로 한",6
"증명해 드리죠",6
"증명해 보이려고",6
"가지를 보면",6
"증명해 보일 겁니다",6
"증명해 보일게",6
"결혼하기엔 아직",6
"문제 없단다",6
"증명해 줄 수",6
"가지를 보면 금방이라도",6
"난 다른 일을",6
"문제 없어 난",6
"가지를 보면 금방이라도 쓰러질",6
"증명했군 진정한 친구로는",6
"증명했군 진정한",6
"문제 없어 넌",6
"증발하려 했어",6
"증명했군 진정한 친구로는 약한",6
"문제 없어요 그냥",6
"결혼하는 거요",6
"nbsp 그냥",6
"증상이 나타나는",6
"증상이 너무",6
"증상이 얼마나",6
"증상이 전혀",6
"문제 없을 것",6
"문제 없을 것이다",6
"난 다시 한번",6
"가지를 알고",6
"증세가 있어요",6
"문제 없을거에요",6
"증언 녹취를",6
"증언 안 할",6
"문제 없잖아요",6
"난 다양한",6
"증언 확보",6
"증언 할",6
"문제 오",6
"증언을 못 하게",6
"난 다이애나야",6
"증언을 하겠다고",6
"문제 일으키기 싫어요",6
"증언을 하려고",6
"문제 일으키러 온",6
"난 다이어트",6
"결혼하는 것을",6
"난 다정한",6
"가지를 할",6
"증언이 있어요",6
"증언을 했어요",6
"문제 일으키지 마라",6
"증언하기 전에",6
"결혼하는 사람은",6
"증언하신 대로",6
"가지마 못 가게",6
"증언할 것이다",6
"증언할 수 있습니다",6
"난 닥터야 만나서",6
"증언해줄 수",6
"난 닥터야 만나서 반가워",6
"문제 있는 거 아니야",6
"증오 범죄로",6
"증오에 찬",6
"증인 목록을",6
"난 단서를",6
"증인 보호 프로그램으로",6
"가지마 못 가게 해",6
"문제 있으십니까",6
"증인도 있어요",6
"증인도 있고",6
"가지마 뭐하는",6
"증인보호 프로그램에",6
"증인석에 세우지",6
"증인에 따르면",6
"난 단지 널",6
"증인으로 세울",6
"증인은 그",6
"문제 줘",6
"결혼하신 줄",6
"문제 풀",6
"가지마 뭐하는 거야",6
"문제 하나는",6
"증인을 신청합니다",6
"결혼하신 지 얼마나",6
"증인이 나에게",6
"문제 해결 능력을",6
"증인이 돼",6
"증인이 되다",6
"증인이 목격한",6
"문제 해결에 도움이",6
"증인이 필요해",6
"문제 해결을 위해",6
"문제 해결이죠",6
"증후군 환자는",6
"난 달에",6
"문제가 가장",6
"증후군이 있어요",6
"and girls",6
"문제가 곧",6
"결혼하지 말라고",6
"난 담당",6
"지 겨우 몇",6
"지 결정해야",6
"지 꽤 됐거든",6
"난 담배 안",6
"문제가 됐어요",6
"지 냈습니다",6
"문제가 됐지",6
"지 말",6
"문제가 되기 전에",6
"지 며칠 됐어",6
"난 당신 곁에",6
"난 당신 거야",6
"지 며칠 후",6
"지 며칠 안",6
"문제가 되는 거죠",6
"난 당신 남편이잖아",6
"결혼하지 않으면",6
"난 당신 덕분에",6
"지 몇 년 안",6
"문제가 되면",6
"문제가 되다",6
"지 몇 달 됐어요",6
"가지만 기억해",6
"지 몇 분",6
"지 몇 주 됐어",6
"지 몇 주가",6
"지 모르겠군",6
"난 당신 말 안",6
"지 모르겠습니다",6
"지 모르겠어 좌절스럽겠네 우리",6
"지 모르겠어 좌절스럽겠네",6
"지 모르고",6
"문제가 된다는",6
"지 모르니까 돌아올겁니다",6
"결혼한 거 알아",6
"문제가 될 수 있다",6
"지 보자",6
"난 당신 생각보다",6
"지 사흘",6
"지 생각해",6
"지 아냐",6
"문제가 될지",6
"I am saying",6
"지 알고 싶을 것입니다",6
"문제가 많고",6
"지 알고 있습니다",6
"지 알기나",6
"지 알면",6
"지 알아 내야",6
"지 알아 하지만",6
"지 알아 내야 해",6
"지 애비",6
"난 당신 친구가",6
"난 당신 정체를 알아",6
"난 당신 편이",6
"지 얼마 되지 않아",6
"가지만 묻겠다",6
"지 얼마나 됐는지",6
"지 얼마나 되셨습니까",6
"지 엄마를",6
"지 여부",6
"문제가 뭔지 알겠어",6
"문제가 뭔지 알겠어요",6
"가지만 묻겠습니다",6
"하니까요 나도",6
"결혼한 남자",6
"결혼한 남자는",6
"지 이틀밖에 안",6
"지 이틀밖에",6
"지 일주일 후에",6
"지 인생",6
"문제가 발생했어요",6
"결혼한 뒤",6
"문제가 사라질",6
"지 정확하게",6
"지 젤",6
"난 당신만큼",6
"지 좀 됐는데",6
"Look at them",6
"문제가 생겼거든요",6
"지 하",6
"결혼한 사람이",6
"지 한참 된",6
"지 한 시간이",6
"결혼한 상태야",6
"지가 몇",6
"지가 뭘",6
"난 당신을 도우러",6
"하다 다른",6
"지가 오래",6
"지가 얼만데",6
"난 당신을 돕지 않을",6
"지갑 내",6
"지갑 꺼내",6
"문제가 생겼어 어떤",6
"문제가 생겼어 이",6
"난 당신을 모르고",6
"문제가 생겼어 우리",6
"지갑 있어",6
"지갑에 넣고",6
"지갑에 있어요",6
"지갑에 넣어",6
"난 당신을 믿고",6
"문제가 생겼지만",6
"지갑을 찾았어요",6
"문제가 생기게",6
"지게 된",6
"지게 하는",6
"지겨울 거예요",6
"지겨울 정도로",6
"지게 될거야",6
"문제가 생기면 나한테",6
"지겨워 우리",6
"문제가 생기면 내가",6
"지겨워요 언제",6
"지겨워요 언제 올 거예요",6
"난 당신을 사랑하지",6
"문제가 생기죠",6
"지경에 이르렀다",6
"문제가 생긴 걸",6
"지고 갈",6
"지경이야 하지만",6
"지고 말",6
"문제가 생긴 것 같은데요",6
"난 당신을 원하지",6
"문제가 생긴거",6
"지고 있지",6
"지고 있잖아",6
"지광의 한숨",6
"난 당신을 잘 몰라요",6
"난 당신을 절대",6
"지구 깊은",6
"지구 너머의",6
"난 당신을 해치지",6
"지구 대기의",6
"지구 대통령이 취임하여",6
"문제가 생길지",6
"문제가 생길지도 몰라",6
"문제가 시작된",6
"난 당신의 적이",6
"지구 반대편으로",6
"문제가 쌓여",6
"벌어지고 있었다",6
"가지만 약속해",6
"난 당신이 내가",6
"문제가 아니라 내가",6
"지구 위",6
"지구 온난화의",6
"가지만 여쭐게요",6
"지구 중력의",6
"지구 주위를",6
"문제가 아니야 그냥",6
"난 당신이 누군지도 몰라요",6
"지구가 내",6
"문제가 아니야 문제는",6
"문제가 아니야 내가",6
"문제가 아니었죠",6
"지구는 이제",6
"지구는 어떻게",6
"지구로 갈",6
"지구로 돌아오는",6
"지구로 돌아가서",6
"난 당신이 왜",6
"문제가 아닌 것처럼",6
"문제가 아닌 것처럼 들린다",6
"지구로 오는",6
"난 당신이 이",6
"가지만 할게요",6
"지구를 더",6
"문제가 아닐지도",6
"문제가 아닙니다 이",6
"문제가 아닙니다 그냥",6
"지구를 떠날 때",6
"지구를 떠날 수",6
"지구를 위해",6
"문제가 안 되죠",6
"지구를 통해",6
"지구를 포함한",6
"지구를 파괴하는",6
"지구상에서 가장 위대한",6
"지구상에서 가장 강력한",6
"가지면 더",6
"지구에 갇힌",6
"지구에 가장",6
"문제가 없도록",6
"결혼할 때부터",6
"지구에 다시 생명을",6
"지구에 다시 생명을 채우고",6
"문제가 없었습니다",6
"지구에 대해",6
"지구에 왔어",6
"지구에 추락한",6
"난 대답하지",6
"난 대마초",6
"문제가 있길래",6
"난 대박",6
"지구에서 했던",6
"난 대부분 취해있었지",6
"난 대부분 취해있었지 내",6
"문제가 있는 거지",6
"지국에서 나왔습니다",6
"문제가 있는 것 같군",6
"난 대의를",6
"지극히 당연한",6
"지극히 정상이에요 동면 상태로",6
"지극히 정상이에요 동면",6
"지글지글 지글지글 지글지글 지글지글",6
"문제가 있는 것으로",6
"지금 TV에서",6
"문제가 있는거",6
"문제가 있다고 생각해",6
"결혼할 수 있을",6
"지금 가고 있어 무슨",6
"난 대학에서",6
"지금 가는 길이에요",6
"난 대화가 필요해",6
"지금 가니까",6
"결혼할 순 없어",6
"문제가 있다며",6
"지금 가르사",6
"지금 가면 안 돼",6
"and guess",6
"난 댁을",6
"지금 가세요",6
"지금 가시게요",6
"가지세요 난",6
"지금 가야겠어",6
"nbsp 어떻게",6
"문제가 있어 내",6
"난 더 나쁜",6
"지금 가장 큰",6
"문제가 있어 네가",6
"지금 가지고 있다",6
"문제가 있어서 그래",6
"and guess what",6
"지금 간다면",6
"문제가 있어요 저",6
"지금 갈거야",6
"지금 감시",6
"문제가 있어요 제가",6
"지금 감정적으로",6
"난 더 이상 네",6
"지금 강철",6
"nbsp 어머니",6
"난 더 이상 못",6
"난 더 이상 아무것도",6
"지금 같이 있어요",6
"가지신 분",6
"난 더 이상 여기",6
"지금 거기 있는",6
"난 더 이상 할",6
"문제가 있었소",6
"문제가 있었으면",6
"지금 거짓말하는 거야",6
"문제가 있었잖아",6
"지금 겁에",6
"지금 게임을",6
"지금 경찰서",6
"하던데 지금",6
"하던데요 그래",6
"지금 고객님이 전화를 받지",6
"가지실 수",6
"지금 고통을",6
"문제가 있으시면",6
"문제가 있으신가요",6
"and has",6
"지금 공항으로",6
"지금 괜찮은",6
"지금 구급차",6
"지금 구할 수",6
"문제가 있을 수도",6
"문제가 있을까",6
"지금 굳이",6
"가지의 다른",6
"지금 그 얘기 하는",6
"문제가 있잖아요",6
"지금 그 얘기야",6
"난 더한 것도",6
"문제가 있진",6
"지금 그 이상으로 준비되어있다",6
"지금 그 이상으로",6
"지금 그 쪽으로",6
"난 덩치가",6
"난 데드풀이야",6
"지금 그걸로",6
"지금 그게 무슨 소리야",6
"문제가 좀 생겼습니다",6
"지금 그게 문제는",6
"지금 그게 문제는 아니지",6
"지금 그게 문제가 아니야",6
"난 데이미언",6
"난 데비",6
"지금 그게 뭐가",6
"문제가 좀 있네요",6
"난 데이빗",6
"지금 그놈",6
"지금 그는 어딘가에",6
"지금 그대로의",6
"난 도나",6
"nbsp 우린",6
"지금 그대와",6
"지금 그대와 나 세르세이와",6
"지금 그들",6
"문제가 좀 있었는데",6
"문제가 좀 있었거든",6
"결혼해서 애",6
"결혼해서 자식",6
"지금 그런 소리",6
"지금 그런 말이 나와",6
"결혼해서 자식을",6
"지금 그럴 기분이",6
"난 도망가지 않아",6
"난 도망가지 않을",6
"지금 그렇게 하고",6
"문제가 해결되진 않아요",6
"결혼해서 헐크를",6
"Look big",6
"가지지 못했지 세르",6
"문제긴 하지만",6
"난 도망자",6
"지금 급해요",6
"결혼해야 하는",6
"결혼해서 헐크를 죽이십시오",6
"지금 길을",6
"지금 기회가",6
"가지지 못했지 세르 그레고르도",6
"지금 꿈을",6
"가지지 않고",6
"지금 끝낼",6
"지금 끝내야 해",6
"문제는 그렇지",6
"결혼했다고 해서",6
"지금 나가고",6
"지금 나 협박하는",6
"지금 나가려던",6
"난 도서관에서",6
"문제는 내가 해결할",6
"지금 나라를",6
"문제는 넌",6
"문제는 더 이상",6
"난 도와줄 수 없어",6
"지금 나한테 무슨",6
"문제는 또",6
"결혼했을 거야",6
"문제는 모두",6
"지금 날 협박하는 거야",6
"지금 날 보고",6
"난 도우려는 거야",6
"지금 남편이",6
"지금 내 기분은",6
"문제는 바로 그거예요",6
"지금 내 딸이",6
"지금 내 모습을",6
"지금 내 머릿속에",6
"문제는 신경",6
"지금 내 삶은",6
"지금 내 심정이",6
"난 도우려던",6
"난 도울 수 없어",6
"지금 내 인생이",6
"지금 내 인생은",6
"난 도울 수 없어요",6
"결혼했을 때 난",6
"문제는 아니잖아요",6
"겸 CEO",6
"지금 내가 뭐",6
"지금 내가 여기",6
"문제는 아니지 난 평생을",6
"지금 내가 이",6
"nbsp 저기요",6
"겸 말이야",6
"지금 내가 한",6
"문제는 아주",6
"난 도저히 못",6
"문제는 어느",6
"문제는 어디에",6
"겸손 떨 거",6
"문제는 어떻게 됐어",6
"난 도전을 좋아해",6
"지금 너무 힘들어",6
"난 도학영이",6
"난 독립적인",6
"지금 너희 집",6
"지금 널 위해",6
"지금 너희들",6
"지금 네 말은",6
"지금 네가 날",6
"난 돈 못",6
"nbsp 정말",6
"지금 네가 있는",6
"난 돈 버는",6
"지금 네놈",6
"지금 네가 할 수",6
"겹 더",6
"지금 녹음",6
"문제는 없을 겁니다",6
"난 돈 없어요",6
"All I need is",6
"위해 소를",6
"난 돈도 안",6
"지금 농담한",6
"지금 놓치면",6
"문제는 이거죠",6
"난 돈방석에 곱게",6
"문제는 이렇게",6
"난 돈방석에 곱게 앉아",6
"가진 갱",6
"지금 뉴스",6
"지금 눈을",6
"지금 뉴스에",6
"지금 뉴욕으로",6
"문제는 자네",6
"지금 닥터",6
"지금 단계에서",6
"문제는 전혀",6
"지금 답을",6
"지금 당신이 날",6
"지금 당신이 필요해",6
"난 돌아",6
"문제는 진짜",6
"지금 당신이랑",6
"경 내가",6
"가진 거 없어",6
"문제는 해결될",6
"문제는 해결될 거야",6
"지금 당장 그에게",6
"지금 당장 그만둬",6
"경 이",6
"지금 당장 나가야",6
"지금 당장 나한테",6
"문제도 없다",6
"경 제가",6
"난 돌아갈 수 없어요",6
"지금 당장 떠나야 해요",6
"지금 당장 떠날",6
"nbsp 좆까",6
"지금 당장 수술실로",6
"지금 당장 어떻게",6
"경감이 될",6
"문제도 원하지 않아",6
"문제도 일으키지",6
"지금 당장 우릴",6
"지금 당장 이토모리",6
"지금 당장 이토모리 고등학교로",6
"지금 당장 이걸",6
"문제도 있었죠",6
"지금 당장 전화",6
"경계 철저히",6
"문제도 해결",6
"지금 당장 차에",6
"문제도 해결될",6
"문제도 해결할 수",6
"난 동료들을",6
"문제될 건 없어",6
"문제될 것",6
"경계 철저히 해",6
"지금 당장은 내가",6
"지금 당장은 네가",6
"지금 당장은 내",6
"지금 당장은 아니야",6
"난 동생이야",6
"지금 당장이",6
"문제들은 다",6
"난 동성애자가 아니야",6
"지금 대답 안 해도",6
"문제들이 있어요",6
"문제라고 그래",6
"지금 더 중요한",6
"난 동의 못 해요",6
"지금 도망쳐도",6
"지금 독일",6
"지금 돈도",6
"지금 도주",6
"문제라는 것을",6
"지금 돌 얘기를 할",6
"지금 돌 얘기를",6
"지금 돌아오는",6
"지금 돌아가리라",6
"문제라는 건",6
"경계 확보",6
"지금 두 사람이",6
"지금 드시는",6
"지금 뒤에",6
"지금 들리는",6
"가진 건 너뿐이야",6
"문제라도 있으신가요",6
"지금 들어가면",6
"지금 들어가서",6
"문제라면 내가",6
"문제라면 이미",6
"난 돼지",6
"경계를 넘어",6
"지금 들어도",6
"지금 들어온",6
"문제란 건",6
"경계를 늦추고",6
"지금 들키면",6
"지금 때가 어느",6
"난 됐다고",6
"문제로 고생",6
"지금 떠나려고",6
"nbsp 테이프를",6
"지금 떠나야 돼",6
"문제로 몇",6
"문제로 말이야",6
"문제로 만들지",6
"헛소리라 했었지",6
"지금 떠날 수",6
"지금 똥",6
"가진 건 전부",6
"지금 막 왔어요",6
"문제를 겪은",6
"문제를 내가",6
"문제를 너무",6
"I am sorry to",6
"문제를 논의하기",6
"난 두 개",6
"지금 만날",6
"문제를 논의할",6
"지금 만화",6
"지금 만약",6
"지금 말 그대로",6
"지금 말고 나중에 난",6
"지금 말 못",6
"지금 말씀하시거나",6
"난 두 번째 기회를",6
"지금 말야",6
"지금 말이 돼",6
"난 두 사람의",6
"문제를 맞히면",6
"문제를 보고",6
"난 두려운 게",6
"경계에 다다른",6
"지금 말하려고",6
"문제를 쉽게",6
"문제를 빨리",6
"지금 말할게",6
"경계에 다다른 사람에겐",6
"경계에 다다른 사람에겐 너는",6
"지금 말해야",6
"지금 말해주세요",6
"지금 말해줄",6
"Look into his eyes",6
"경계에 서",6
"지금 머릿속에",6
"지금 머리에",6
"지금 먹어",6
"문제를 일으켜서",6
"지금 멈출 수",6
"지금 멈춰",6
"지금 몇 명",6
"지금 몇 시간째",6
"Look into his",6
"지금 몇 시인 줄",6
"지금 몇 시인",6
"난 둘을",6
"문제를 일으키러",6
"문제를 일으킨다면",6
"지금 몸이 좀",6
"지금 무고한",6
"가진 것 같다",6
"지금 무슨 말씀을 하시는",6
"경고 고마워",6
"지금 무슨 생각을 하고",6
"문제를 처리하고 있습니다",6
"경고 사격",6
"지금 무슨 생각해",6
"지금 무슨 소리 하는거야",6
"문제를 풀 수",6
"가진 것 같군",6
"지금 무슨 일",6
"지금 무슨 일을 하고",6
"지금 무슨 일이 벌어지고",6
"문제를 풀어야",6
"경고 산소 레벨",6
"지금 무슨 짓을 하고",6
"지금 무슨 짓을 하는지",6
"문제를 함께",6
"난 드루야",6
"문제를 해결하고 나면",6
"난 듣고 싶지",6
"문제를 해결하기 위한",6
"경고 산소 레벨 위험",6
"지금 물어보고",6
"난 듣기만",6
"문제를 해결하는데",6
"문제를 해결하려고요",6
"난 들어가지",6
"지금 뭐가 어떻게",6
"지금 뭐라 하셨습니까",6
"가진 것 좀",6
"지금 뭐라고 한",6
"경고 침입자",6
"문제를 해결한다는",6
"지금 뭐라도",6
"문제를 해결할 동안",6
"지금 뭐랬냐",6
"문제를 해결할 동안 거기",6
"문제를 해결할 거야",6
"경고 표시",6
"난 듯",6
"지금 뭐하니",6
"지금 뭐하는지",6
"경고 침입자 탐지",6
"위해 열리니 내가 들어갑니다",6
"문제를 해결해야 합니다",6
"난 디트로이트",6
"난 딘",6
"가진 것도 없어",6
"지금 뭘 한",6
"경고 한",6
"난 딜런",6
"문제를 해결했지",6
"지금 미국의",6
"지금 미국에",6
"난 따스한",6
"문제부터 해결해야죠",6
"난 따스한 포옹이 정말",6
"지금 바로 시작할",6
"난 따스한 포옹이",6
"문제야 그래",6
"지금 바쁘거든",6
"문제야 나도",6
"문제야 나",6
"지금 바지",6
"문제야 날",6
"지금 발을",6
"지금 받는",6
"문제야 너무",6
"지금 방",6
"난 딸기",6
"난 딸과",6
"경고를 받은",6
"문제야 늘",6
"문제야 누가",6
"경고를 받았다",6
"지금 배우는",6
"문제야 다들",6
"난 땅을",6
"지금 범죄",6
"문제야 당신이",6
"지금 병원에 있어",6
"문제야 당연히",6
"지금 병원이에요",6
"지금 보고 있는 게",6
"지금 보고 있는데요",6
"문제야 뭐",6
"난 떠나고 싶지",6
"지금 보내줄게",6
"경고를 할 수",6
"문제야 우리는",6
"난 떠나야겠어",6
"지금 보신",6
"문제야 이봐",6
"지금 보안",6
"지금 보이는 건",6
"지금 복수하는",6
"지금 보지 마",6
"문제야 조금만 더 신중했으면",6
"지금 봐요",6
"지금 비가",6
"문제없어 내가",6
"지금 빨리 가",6
"문제없어요 그래요",6
"지금 사경을",6
"문제없어요 고마워요",6
"지금 사람들은",6
"지금 사무실에서",6
"지금 사무실을",6
"지금 사용",6
"문제에 관심을",6
"난 떳떳해",6
"지금 살",6
"지금 살아 있는",6
"지금 삶이",6
"난 또 그",6
"하려고 했는데 네가",6
"지금 상태가 좀",6
"난 또 그럴",6
"지금 상태로도",6
"경고하는데 오늘",6
"들으면 네",6
"지금 상황과",6
"지금 상황으론",6
"문제에 맞지",6
"경고하러 온",6
"지금 상황을 봐",6
"문제에 맞지 않아 백귀",6
"지금 상황이 너무",6
"지금 상황이 안",6
"문제에 맞지 않아",6
"경고하려 했지만",6
"문제에 휘말린",6
"지금 생각중이야",6
"문제였던 것",6
"난 또한",6
"지금 생각할",6
"문제예요 너무",6
"경고하지 않은",6
"지금 생방송",6
"문제예요 우리",6
"가진 게 너무",6
"문제예요 전",6
"문제예요 제가",6
"지금 성의 인원으로는",6
"지금 성의",6
"지금 세계에서",6
"지금 세 번째",6
"지금 속이",6
"지금 손가락",6
"지금 속옷",6
"지금 손님이",6
"난 뚱뚱한",6
"지금 수사 중인",6
"문제의 핵심을",6
"문제이기도 해",6
"지금 수술을",6
"지금 술이",6
"난 라",6
"지금 스스로를",6
"문제인 건",6
"난 라스 알",6
"지금 시간 낭비하는",6
"문제인 겁니다",6
"난 라스",6
"지금 시간 좀",6
"지금 시간 있어",6
"지금 시간이 없어요",6
"지금 시간이 없어",6
"경고해 줘",6
"문제인지 알고",6
"문제인지도 몰라",6
"지금 실수하시는",6
"문제일 겁니다",6
"가진 게 하나도",6
"난 레몬",6
"지금 심정은",6
"문제일 뿐이지",6
"문제입니다 이",6
"지금 아니면 기회가 없다",6
"경고해주러 왔어요",6
"지금 아니면 언제",6
"문제죠 그럼",6
"지금 아빠는",6
"문제죠 어떻게",6
"가진 그의",6
"문제죠 이런",6
"문제죠 저",6
"지금 아주 위험한",6
"난 로마",6
"지금 아주 좋아",6
"지금 아픈",6
"문제죠 지금",6
"경고해줘야 돼",6
"문제지 그게",6
"지금 안 나가면",6
"난 로봇이야",6
"지금 안전한",6
"지금 안에서",6
"지금 안돼",6
"지금 알게 된",6
"경과 보고",6
"경과 시간",6
"문좀 열어",6
"지금 알아야 할 건",6
"문좀 열어봐",6
"경과 함께",6
"경과를 지켜봐야",6
"문화 예술",6
"난 루크야",6
"문화 전",6
"지금 얘기를",6
"난 리사",6
"난 리틀",6
"지금 어디 가는 거예요",6
"지금 어디 있는 거죠",6
"묻겠습니다 이",6
"난 립",6
"지금 어디냐고",6
"가진 남자에 의해 달리는",6
"경관 둘이",6
"하려던 말이에요",6
"지금 어디에 있는가",6
"묻고 싶었어요",6
"난 마법사가",6
"난 마무리할",6
"난 마성의 남자",6
"지금 어딥니까",6
"경관 중",6
"난 마실",6
"묻고 싶은 말인데",6
"묻고 싶은게 있는데",6
"난 마약상이",6
"묻고 싶지만",6
"지금 어떻게 해야",6
"지금 언급하지",6
"지금 어떻게 됐는지",6
"묻고 있는 건",6
"가진 남자에 의해",6
"지금 엄마랑",6
"지금 업무",6
"묻곤 했다",6
"난 마음대로",6
"묻곤 했어요",6
"경관 한 명은 사망했습니다",6
"묻기도 전에",6
"묻기 위해서",6
"지금 여기 있는 건",6
"묻긴 싫지만",6
"묻기만 하면",6
"지금 여기도",6
"지금 여기를",6
"묻는 거라면요",6
"경관님 무슨 일이시죠",6
"지금 여기서는",6
"지금 여기엔",6
"지금 여행",6
"경관님 저",6
"난 마이크야",6
"난 마이클의",6
"지금 오고 있는",6
"지금 오고 있습니다",6
"난 마지막 타르가르옌이다",6
"지금 오네요",6
"난 마지막 타르가르옌이다 존",6
"지금 오수는",6
"지금 오신대",6
"묻는 것처럼 그",6
"지금 올 수",6
"묻는 것처럼 그 갑옷을",6
"경관은 여기",6
"묻는 게 아닙니다",6
"지금 왔잖아",6
"묻는 데",6
"묻는 당신은",6
"경관을 쏜",6
"가진 능력을",6
"지금 우리 앞에",6
"지금 우리 상황이",6
"지금 우리 집",6
"경관이 죽은",6
"들은 거다",6
"묻는 말에만 대답해",6
"지금 우리가 뭘",6
"난 만나는",6
"경관이 총에",6
"묻는 사람이",6
"난 만날",6
"난 만난",6
"묻는 줄",6
"가진 능력이",6
"묻는데 난",6
"지금 우리더러",6
"가진 능력",6
"지금 우리들 얘기를",6
"지금 우리랑",6
"지금 우리들 얘기를 듣고",6
"난 만족할",6
"지금 우리에게는",6
"지금 우리와 이 섬에",6
"지금 우리와 이",6
"묻어 두는 게",6
"지금 우리한텐",6
"묻어 드렸어요",6
"가진 당신",6
"지금 움직이기 시작하다",6
"지금 움직인다",6
"지금 원래",6
"지금 이 느낌은",6
"지금 이 대화가",6
"지금 이 느낌은 뭐죠",6
"지금 이 두",6
"묻었을 거야",6
"묻었을 거예요",6
"묻은 개가",6
"I am the one",6
"지금 이 순간까지를",6
"지금 이 순간 네가",6
"지금 이 순간도",6
"지금 이 순간까지를 모두",6
"난 말의",6
"지금 이 순간에는",6
"묻은 그",6
"지금 이 시각",6
"묻은 돈으로",6
"지금 이 일에",6
"지금 이 은행에 역사상",6
"지금 이 은행에",6
"묻은 옷을",6
"지금 이걸로",6
"묻은 지문",6
"지금 이곳에 있는",6
"묻은 피가",6
"묻은 후에",6
"난 말하는 거야",6
"묻을 거예요",6
"묻을 것이다",6
"Looks like a",6
"지금 이동한다",6
"지금 이래야",6
"묻을 수 있는",6
"지금 이러고 있을 때가",6
"묻을 수도",6
"경기 볼래",6
"묻자 넌",6
"경기 봤어",6
"묻죠 당신",6
"지금 이렇게 된",6
"지금 이리 오고",6
"묻지 내가",6
"지금 이명호",6
"지금 이명호 만나러",6
"난 맘대로",6
"지금 이후로",6
"묻지 말라고",6
"지금 일어나고 있다고 믿을",6
"난 맘에 안",6
"난 맛이",6
"지금 일어나는 일은",6
"지금 일어나는 일도 지금은",6
"경기 시작이야",6
"지금 일어나면",6
"지금 일어나야",6
"가진 마세요",6
"지금 일에",6
"묻지 않는다는",6
"지금 있나요",6
"난 맞아도",6
"need of",6
"지금 있을",6
"경기 일뿐입니다",6
"지금 자네를",6
"지금 자료",6
"지금 자신의",6
"지금 자야",6
"지금 자리에 안",6
"난 매달",6
"지금 작전",6
"지금 잠시",6
"묻지 않을게",6
"지금 장",6
"지금 장난치냐",6
"묻지 않죠",6
"묻지도 않았고",6
"묻지도 마요",6
"지금 저게",6
"지금 저건",6
"지금 저기서",6
"need right",6
"경기 표를",6
"지금 저희는",6
"묻혀 있다고",6
"지금 전화가",6
"지금 전화하세요",6
"묻혀 있죠",6
"지금 전화할",6
"묻혀있고 세르",6
"묻혀있고 세르 그레고르는 여기",6
"묻혀있고 세르 그레고르는",6
"경기 할",6
"묻혀있는 걸",6
"지금 정",6
"지금 정상이 아니에요",6
"지금 정신이 없어서",6
"지금 제 정신이야",6
"경기가 끝나면",6
"지금 제안하는",6
"묻히는 게",6
"난 멀리서",6
"지금 제정신이 아닌",6
"난 멀쩡하니까",6
"지금 조치를",6
"난 멀쩡한데",6
"지금 좀 더",6
"지금 좀 바쁜데요",6
"묻힐 것이다",6
"지금 주",6
"지금 주소를",6
"묻힐 순",6
"지금 주어진 기회를 잡아야",6
"물 가지러",6
"지금 죽어도 좋아 나",6
"지금 죽여야",6
"지금 죽었을 거야",6
"경기가 아니라",6
"지금 중요하지",6
"물 건너가",6
"지금 중요한 건 내가",6
"지금 중요한건",6
"I am trying to",6
"지금 중요한게",6
"지금 줘요",6
"need somebody",6
"지금 지켜보고",6
"지금 직장에서",6
"물 것",6
"물 공급",6
"지금 집에 가는",6
"물 끓이고",6
"물 나오는",6
"지금 집에 없는데",6
"지금 집에 있어",6
"가진 무기",6
"물 내릴 때",6
"지금 집이야",6
"지금 집중하고",6
"지금 짜증",6
"위해 최선을 다해",6
"지금 찍는",6
"난 며칠 동안",6
"지금 차로",6
"지금 참",6
"물 따르는",6
"지금 찾아야",6
"물 때",6
"and killed",6
"지금 처리하고",6
"지금 촬영",6
"지금 추적하고",6
"난 명사수거든",6
"지금 출발할 거야",6
"지금 출발한다",6
"지금 출발해도",6
"물 마실 때",6
"지금 출발해야 해",6
"물 말고",6
"지금 취했어요",6
"지금 치료를",6
"지금 칼",6
"난 몇 년째",6
"범죄가 아니다",6
"지금 크리스마스",6
"난 몇 달간",6
"지금 큰입니다",6
"지금 택시",6
"지금 토스트가",6
"위해 토렌 스타크는 타르가르옌",6
"지금 토스트가 될",6
"물 밑에서",6
"난 몇몇",6
"지금 통화하고",6
"물 반",6
"지금 퇴근하는",6
"지금 통화할 수",6
"지금 평화를",6
"물 비린내가",6
"경기는 정말",6
"지금 포기할 순",6
"지금 포기해",6
"물 빼는",6
"난 모니터링",6
"하룻밤 내 보고서가 있습니다",6
"난 모니터링 요원이다",6
"지금 필요한 게",6
"지금 필요한건",6
"경기는 중단됩니다",6
"need these",6
"지금 하고 있는 일",6
"지금 하고 있다",6
"물 속에 피가 있어요",6
"난 모두와",6
"물 수 있습니까",6
"지금 하는 말을",6
"지금 하는 말 잘",6
"경기를 다",6
"지금 하는 중이에요",6
"지금 하라고",6
"지금 하려고요",6
"물 없는",6
"난 모든 걸 알아야",6
"지금 하시죠",6
"지금 하죠",6
"지금 한 말이",6
"가진 사람들과",6
"지금 할 일",6
"지금 할까",6
"난 모든 일을",6
"물 좀 가져올게요",6
"지금 해야돼",6
"지금 해치를",6
"난 모든게",6
"난 모르겠는걸",6
"지금 행동하지",6
"지금 혼자 있는",6
"I am trying",6
"지금 화면에",6
"가진 사람들의",6
"지금 회복",6
"물 좀 주시겠어요",6
"지금 회의 중이세요",6
"경기를 잘",6
"물 좋고",6
"지금 힘을",6
"지금과 같이",6
"need those",6
"경기를 하게",6
"지금까지 가지고",6
"물 주고 고양이",6
"난 모르는 일입니다",6
"물 주면",6
"지금까지 그걸",6
"지금까지 그들은",6
"물 첨벙거리는",6
"물 첨벙거리는 소리",6
"지금까지 내게",6
"가진 사람은 분명히 무기의",6
"가진 사람은 분명히",6
"지금까지 네가 한",6
"지금까지 니가",6
"지금까지 단 한",6
"지금까지 도와줘서",6
"물 한 잔 주시겠어요",6
"물 한 잔만 마실",6
"지금까지 몇 번이나",6
"난 모투누이의 모아나다",6
"경기를 할 수",6
"난 목 안",6
"지금까지 본 것 중에",6
"지금까지 본 것 중",6
"지금까지 산",6
"지금까지 살 수",6
"지금까지 살",6
"지금까지 살아 있는",6
"물감 같은",6
"지금까지 살아왔다는",6
"지금까지 살았던",6
"물거품이 돼요",6
"지금까지 수",6
"난 목숨이",6
"난 목숨을 걸고",6
"난 목적을",6
"지금까지 알려진",6
"물건 가져왔어",6
"물건 갖다",6
"난 몰라 내",6
"지금까지 온",6
"난 몰라 왜",6
"경기에 집중해",6
"need to break",6
"물건 그리",6
"물건 난",6
"물건 그리 갑니다",6
"물건 내",6
"물건 내려",6
"지금까지 자네가",6
"물건 누가",6
"지금까지 잘해",6
"난 몰라요 난",6
"지금까지 저지른",6
"가진 사람입니다",6
"지금까지 절",6
"지금까지 전부",6
"지금까지 준",6
"지금까지 죽은",6
"물건 때문에 너무 쉬워",6
"물건 때문에 너무",6
"지금까지 총",6
"지금까지 큰",6
"난 몰랐다고",6
"지금까지 한 일들",6
"물건 먼저",6
"지금까지 해 온",6
"지금까지 확인된",6
"물건 받고",6
"난 몰랐을",6
"지금까지는 모든",6
"경기하는 거야",6
"물건 산",6
"지금까진 그냥",6
"물건 손대지",6
"물건 숨기는",6
"물건 아니니",6
"경들은 무릎을",6
"물건 아니니 내 일",6
"물건 아니니 내",6
"경들은 무릎을 꿇으러",6
"물건 옮기라고",6
"물건 옮기라고 했잖아",6
"and let''s",6
"물건 있나요",6
"지금껏 어떤",6
"지금껏 우리",6
"물건 전달",6
"지금껏 이렇게",6
"경들은 무릎을 꿇으러 온",6
"가진 사부만이 막을",6
"지금도 갖고 계세요",6
"경력 때문에",6
"경력 쌓는",6
"지금도 괜찮아요",6
"지금도 그걸",6
"물건 찾기",6
"물건 찾으러",6
"지금도 그런 기분이 드나",6
"가진 사진",6
"가진 사부만이 막을 수",6
"지금도 그렇게 생각해",6
"난 못 들었거든",6
"지금도 그렇죠",6
"지금도 그렇고 앞으로도",6
"지금도 네가",6
"need to figure",6
"물건 훔친",6
"물건과 함께",6
"물건도 다",6
"하면 답이",6
"지금도 못",6
"지금도 봐요",6
"지금도 아니고",6
"물건도 없고",6
"지금도 아파",6
"가진 아가씨가",6
"지금도 예뻐요",6
"지금도 이미",6
"물건들 안",6
"난 못 살아",6
"가진 아이",6
"지금도 제",6
"지금도 좀",6
"지금도 정말",6
"지금도 좋아한다고",6
"하면 더 잘",6
"지금보다 더 나은",6
"난 못 찾았어",6
"물건들은 어떻게",6
"가진 않겠죠",6
"지금부터 너의",6
"경력에 있어",6
"지금부터 네가",6
"지금부터 당신을",6
"지금부터 더",6
"지금부터 들으실",6
"물건들이 모두",6
"위해서 그라운더들과 평화를",6
"지금부터 들으실 건 여러분의",6
"지금부터 들으실 건",6
"물건들이 우당탕",6
"지금부터 새로운",6
"지금부터 바로",6
"물건들을 좀",6
"경력에 있어서",6
"물건만 가져오면",6
"지금부터 잘 들어",6
"지금부터 하는 얘기는",6
"경력을 가진",6
"지금부터는 내가",6
"지금부턴 우리가",6
"경력을 다",6
"지금은 가만히",6
"물건은 못",6
"지금은 감옥에",6
"지금은 갈 수 없어요",6
"가진 아이들",6
"물건은 어디 있지",6
"물건은 어떻게",6
"물건은 여기",6
"경력을 망친",6
"지금은 그 타르가르옌 년에",6
"지금은 그 타르가르옌",6
"물건은 이제",6
"물건은 이게",6
"물건을 가져",6
"가진 않았겠지",6
"지금은 그런 거",6
"물건은 좀",6
"지금은 그런 얘기 할",6
"물건을 가져갔어요",6
"지금은 그럴 수 없어",6
"물건을 가져와",6
"지금은 그렇겠죠",6
"지금은 그렇습니다",6
"경력을 쌓기 위해",6
"지금은 그렇지 하지만",6
"지금은 그렇지 않다",6
"물건을 구할",6
"물건을 꺼내서",6
"지금은 날 위해",6
"난 무릎",6
"지금은 너와",6
"경력을 쌓은",6
"지금은 느끼는 것도",6
"지금은 느끼는",6
"지금은 느끼는 것도 보이는",6
"난 무서운 거",6
"지금은 당신과",6
"need to keep",6
"지금은 도움이",6
"물건을 보면",6
"지금은 돈",6
"물건을 사게",6
"물건을 사다",6
"물건을 사러",6
"하면 머리가",6
"물건을 사용해야합니다",6
"물건을 산",6
"물건을 상자에",6
"경련을 일으킬",6
"지금은 말 못해",6
"지금은 말씀드릴",6
"물건을 숨겨요",6
"물건을 얻은",6
"지금은 말할 수 없어",6
"물건을 얻은 곳이어야합니다",6
"Lord technology",6
"지금은 무슨 일을",6
"지금은 무엇보다",6
"지금은 문",6
"지금은 뭐 해",6
"물건을 찾아야",6
"물건을 찾아서",6
"지금은 바빠서요",6
"지금은 바빠서",6
"난 무죄예요",6
"지금은 보기",6
"지금은 별",6
"지금은 상황이 안",6
"혁명가라고 여기더군 그대",6
"지금은 생각할",6
"지금은 세상이",6
"지금은 시간을",6
"경로 전체가 결정되는",6
"경로 전체가 결정되는 순간들이",6
"지금은 싸울 때가",6
"지금은 아니고요",6
"물건이 내",6
"지금은 아마",6
"물건이 많아서",6
"지금은 아무것도 없어",6
"지금은 아빠",6
"지금은 아예",6
"지금은 아빠가",6
"지금은 안 돼 내가",6
"가진 어린",6
"난 물이",6
"법'' 스티븐 페트라넥 저",6
"경로가 있어요",6
"지금은 알",6
"지금은 어딨는지",6
"물건이 있다고",6
"난 뭐든 다",6
"가진 영국",6
"지금은 없네",6
"경로에 있는",6
"물건이 정말",6
"지금은 없는데",6
"물건이 참",6
"지금은 없죠",6
"지금은 여기 있잖아",6
"물건이 필요해요",6
"경로에 있어",6
"지금은 여러 방면에서 갈등을",6
"지금은 여러 방면에서",6
"지금은 여전히 친구",6
"지금은 여전히",6
"지금은 오직",6
"물건일 뿐이야",6
"물건일 수도",6
"경리부 윤하경",6
"and made",6
"지금은 우리를",6
"물게 할 것이다",6
"지금은 우린",6
"지금은 이건",6
"지금은 이러지",6
"지금은 이럴 시간",6
"지금은 이럴 때가",6
"난 뭔가 찾아낸 것",6
"지금은 이해가 안",6
"지금은 일하는",6
"지금은 일하러",6
"난 뭔가 찾아낸",6
"지금은 자신을",6
"물고기 잡으러",6
"물고기가 아니라",6
"난 뭔가를 발견했다",6
"물고기는 외로운 남자를",6
"물고기는 외로운",6
"지금은 전부 부분만",6
"지금은 전부 부분만 보여",6
"지금은 전쟁 중이야",6
"지금은 전투",6
"물고기를 잡는",6
"물고기를 잡을",6
"I am 난",6
"지금은 절",6
"지금은 정신",6
"지금은 조용히",6
"물과 피를",6
"물과 피를 흘린",6
"need to run",6
"물과 피를 흘린 것",6
"지금은 좋아",6
"지금은 좋은 때가 아니야",6
"물도 싫어한다",6
"난 뭘 할까요",6
"지금은 직업이",6
"지금은 축하할",6
"난 뭘 해야 하지",6
"경매에 부칠",6
"경목태자비의 위패",6
"지금은 타이밍이 안",6
"지금은 통화할",6
"난 미국 정부를",6
"지금은 평범한",6
"지금은 통화할 수",6
"지금은 하고",6
"물들이는 재료",6
"지금은 하지 마",6
"난 미국으로",6
"지금은 혼자 있고 싶어요",6
"지금은 혼자 있고 싶어",6
"Lost Stars",6
"지금은 회사",6
"난 미국인이",6
"지금은 훌륭한",6
"난 미국인입니다",6
"경범죄를 인정하여",6
"지금은요 대너리스 타르가르옌은",6
"지금은요 점령해도 지키진",6
"물러가라 미국은 물러가라",6
"물러가라 미국은",6
"지금은요 점령해도 지키진 못하겠죠",6
"난 미래가",6
"지금의 나도",6
"난 미래에서 왔어",6
"물러나 있을",6
"가진 자들을",6
"지금의 너를",6
"물러나 주시기",6
"지금의 당신을",6
"난 미시야",6
"물러나게 하는",6
"지금의 절",6
"지금의 저를",6
"물러나면 안",6
"지금이 그렇게",6
"경보 장치가",6
"지금이 기회에요",6
"물러나야 한다고",6
"물러나야 할 것",6
"지금이 난장판을",6
"지금이 난장판을 만든 똥꼬들이",6
"지금이 내가",6
"지금이 난장판을 만든",6
"지금이 네가",6
"물러나야 해요",6
"난 미처",6
"지금이 마지막 기회예요",6
"지금이 몇 년도죠",6
"지금이 몇 신지",6
"물러날 순",6
"지금이 바로 그때야",6
"하면 목에 음식을 쑤셔넣을",6
"난 미치지 않았소",6
"물러서 라",6
"물러서 모두",6
"지금이 아니어도",6
"난 미치지 않았어 통제할",6
"지금이 어떤 시대인데",6
"물러서 안",6
"지금이 우리의",6
"물러서 어서",6
"지금이 이",6
"and meet",6
"지금이 절호의 기회야",6
"지금이 좋을",6
"물러서 있어요",6
"지금이 좋지",6
"지금이 훨씬 더",6
"지금이나 똑같아",6
"난 미친듯이",6
"경보가 울렸습니다",6
"지금이라도 네",6
"지금이야 그렇죠",6
"물러서는 게 좋을 거야",6
"물러서라고 했다",6
"need to start",6
"지금쯤 다들",6
"지금쯤 돌아와야",6
"물러서요 물러서세요",6
"지금쯤 아마",6
"지금쯤 엄청",6
"하면 햄버거로 때우게",6
"지금쯤이면 분명히 경찰",6
"지금쯤이면 분명히 경찰 신발에",6
"지금쯤이면 분명히",6
"가진 적도",6
"지금처럼 누나도 아름다웠고 그",6
"지금처럼 누나도 아름다웠고",6
"지급해야 합니다",6
"지급할 수",6
"지긋지긋해 내가",6
"물레방아야 돌아라 돌아서",6
"지기 싫어요",6
"물레방아야 돌아라 돌아서 해님을",6
"난 믿을 수가",6
"지기 위해",6
"지기 전까진",6
"가진 전부",6
"지껄이는 거예요",6
"지껄일 수",6
"지나 집으로",6
"지나가게 해줘요",6
"난 밀고",6
"경비 대장을",6
"하면서 모른 척 지내자고",6
"난 밑에서",6
"지나가는 사람들이",6
"물론 가도",6
"경비 두",6
"지나가다가 잠깐",6
"물론 개인적으로",6
"난 바네사가",6
"지나간 게",6
"지나간 일",6
"지나간 일이고",6
"경비 둘이",6
"물론 그것은",6
"난 바람을",6
"지나갈 수가",6
"난 바람피운",6
"지나갈 줄",6
"난 바람피운 적",6
"난 바람났어",6
"지나갔나 봐",6
"지나갈게요 잠시만요",6
"물론 그때는",6
"지나갔다는 것을",6
"물론 그래도",6
"need to take a",6
"난 바로 그 사람이었다",6
"난 바로 밖에",6
"지나긴 했지만",6
"물론 그러겠죠",6
"물론 그러고",6
"물론 그러지",6
"난 바보가 아냐",6
"지나면 괜찮아",6
"지나면 네",6
"물론 그럴 일은",6
"경비 한",6
"지나면 또",6
"지나면 알게 될",6
"지나면 모든",6
"위해서라도 잘",6
"지나면서 스카로사",6
"지나면서 스카로사 박사님은 확신하셨죠",6
"물론 그렇겠지 하지만 서약은",6
"지나서 이제",6
"지나야 할",6
"가진 정보는",6
"물론 그렇지 하지만",6
"물론 그렇지 않아요",6
"지나지 않았어요",6
"가진 좋은",6
"물론 기꺼이",6
"물론 그를",6
"지나치기 어렵지",6
"하선의 옅은",6
"물론 끔찍한",6
"난 바쁘다고",6
"지나친 건",6
"I and",6
"물론 나도 알아",6
"난 바에서",6
"난 박사",6
"지나칠 정도로요",6
"지난 거지",6
"지난 것 같아",6
"물론 내가 먼저",6
"물론 내가 할",6
"지난 달에는",6
"지난 두달",6
"난 밖에서 기다릴게",6
"지난 며칠간의",6
"지난 며칠을",6
"난 반",6
"물론 누구나",6
"가진 증거는",6
"경비를 두",6
"지난 몇달",6
"물론 단점도",6
"지난 목요일",6
"경비대와 함께",6
"경비를 두 배로",6
"난 받아들일 수 없어",6
"지난 번 일은",6
"지난 번보다",6
"가진 첫",6
"지난 번에 그를",6
"지난 번에 우리가",6
"경비를 부를 거예요",6
"지난 삼",6
"물론 둘",6
"물론 드려야죠",6
"지난 세기 동안",6
"지난 세월동안",6
"지난 수년 동안",6
"지난 수십 년 동안",6
"지난 수십 년",6
"물론 뭐",6
"난 밥벌이로 거래를",6
"난 밥벌이로",6
"경비원 중 한",6
"물론 비용은",6
"경비원 한",6
"지난 오늘",6
"need to worry",6
"난 방법이",6
"지난 이야기 네가",6
"물론 시간이",6
"하면 목에 음식을",6
"지난 이야기 누군가",6
"지난 이야기 누가",6
"난 방아쇠를",6
"need to worry about",6
"경비탑 밑으로",6
"난 방에서 미쳐버릴",6
"난 방에서 미쳐버릴 테니까",6
"경비탑 밑으로 연결되는",6
"지난 이야기 자네가",6
"난 방으로",6
"지난 이야기 잭",6
"물론 아무것도 아니다",6
"경비탑 밑으로 연결되는 통로죠",6
"need two",6
"지난 이야기 필립",6
"물론 안 할",6
"지난 이틀 사이",6
"가진 확실해",6
"지난 일로",6
"지난 일요일에",6
"물론 알고 있습니다",6
"경사 드레이크",6
"지난 일이니",6
"Lost the way",6
"지난 일인데요",6
"경사 매니토웍 카운티",6
"지난 줄",6
"지난 줄거리를 알려드리죠",6
"지난 줄거리를",6
"물론 여기서",6
"난 배불러",6
"물론 우리 둘",6
"and mountain",6
"지난 추수감사절",6
"물론 우연의",6
"경사 이",6
"난 배울",6
"지난 회의",6
"and mountain rain",6
"난 뱀파이어",6
"물론 이쪽으로",6
"물론 이쪽으로 오시죠",6
"물론 이쪽으로 오시죠 어디서",6
"물론 이해합니다",6
"난 버디",6
"지난번에 널",6
"가진게 뭐지",6
"지난번에 본",6
"물론 재확인을",6
"물론 재확인을 해야겠죠",6
"지난번에 우리",6
"난 번식용",6
"난 번식용 암말처럼",6
"경심의 비명",6
"지난번에 준",6
"난 번식용 암말처럼 팔렸고",6
"물론 저희가",6
"난 번즈",6
"지난주에 이",6
"물론 지금 그게",6
"지날 거야",6
"물론 지금 그게 문제는",6
"지날 수",6
"난 범죄",6
"and move",6
"지났는데 그",6
"I answer",6
"물론 처음엔",6
"난 범죄와",6
"지내 괜찮아",6
"지내 그리고",6
"지내 난",6
"물론 항상",6
"물론 해야지",6
"물론 했지",6
"지내 왜",6
"가질 거라",6
"and mountain rain combining",6
"지내게 되겠지",6
"난 베니",6
"지내게 될 겁니다",6
"지내게 될 거예요",6
"물론이고 다른 사람까지",6
"물론이고 다른 사람까지 감염될",6
"지내게 해줘서 고마워요",6
"지내게 해줘서 고마워",6
"경영권 포기",6
"지내고 싶었어",6
"난 베이비",6
"경영진만이 열",6
"경영진만이 열 수",6
"가질 걸",6
"난 벽을",6
"물론이죠 그래도",6
"경영진만이 열 수 있습니다",6
"지내고 있소",6
"물론이죠 그러니까",6
"경영진의 선물입니다",6
"지내고 있었는데",6
"지내고 있었어요",6
"지내고 있었어",6
"경영할 수",6
"지내기 싫어요",6
"경영학 학위도",6
"지내기 위해서",6
"지내기로 했다",6
"지내길 바란다",6
"하셨잖아요 그랬지",6
"물론이죠 다",6
"경외심을 갖고",6
"지내는 것 같네",6
"물론이죠 다음",6
"물론이죠 다시",6
"지내는 것이",6
"물론이죠 당신은",6
"하셨죠 그 양반이",6
"경우 그것은",6
"가질 것 같아",6
"물론이죠 몇",6
"지내는 지",6
"need you to help",6
"지내는지 보려고",6
"지내다 가세요",6
"지내도 될까",6
"경우 그의",6
"지내도 좋아",6
"난 별로 한",6
"지내신 것",6
"난 별로예요",6
"난 병신이야",6
"하수관은 아버지가 만들지",6
"하수도를 지으며",6
"지내요 우린",6
"하수도를 지으며 작업을 했습니다",6
"지내요 정말",6
"물론이죠 잠시만요",6
"난 병원에서",6
"경우 네",6
"지낸 거예요",6
"지낸 사이야",6
"지낸 사이",6
"지낼 거라고",6
"물론이지 괜찮아",6
"지낼 건가요",6
"물론이지 그가",6
"경우 당신에게 불리하게",6
"가질 게",6
"지낼 만한",6
"지낼 만한가",6
"지낼 수 있겠어요",6
"지낼 수 있다는",6
"물론이지 글쎄",6
"난 보는",6
"물론이지 나도",6
"지낼 수 있잖아",6
"지낼 수는 없어",6
"지낼 순 없어요",6
"지낼 테니까",6
"물론이지 너",6
"지냈어 이",6
"지냈어요 그",6
"경우 대부분",6
"지냈으면 해요",6
"지냈을 거예요",6
"지네 커플이",6
"지는 거잖아",6
"물론이지 미안해",6
"물론이지 아니",6
"지는 꽤",6
"지는 데",6
"지는 나도",6
"난 보통 사람들 상식보다",6
"지는 상관 없어지겠죠 그게",6
"지는 상관 없어지겠죠",6
"난 복",6
"물론이지 우리는",6
"경우 무슨",6
"지는 잘",6
"지능이 있는",6
"물론이지 잘",6
"지니 댄스",6
"지니고 다니는",6
"지니고 있다고",6
"지니고 있어요",6
"지니고 있었어요",6
"지니를 다시",6
"물론입니다 그런데",6
"물론입니다 네",6
"가질 생각도",6
"지대한 관심을",6
"난 볼일 좀",6
"지도 때문에",6
"지도 꽤 됐는데",6
"물리력을 가할",6
"지도 모르겠다",6
"and my dad",6
"물리의 법칙이",6
"지도 모르셨고 전하껜",6
"지도 모르셨고",6
"지도 모르니",6
"지도 모르셨고 전하껜 아무",6
"지도 모르지 그럼",6
"물리적 증거도",6
"물리적 증거를",6
"가질 생각을",6
"물리적 차원으로",6
"지도 보고",6
"지도 알고",6
"지도 얼마 안 됐고",6
"need your love 난",6
"난 부른",6
"물리치고 다중우주를",6
"물리치고 다중우주를 구한",6
"지도 줘",6
"물리치고 다중우주를 구한 후",6
"난 부른 적",6
"지도가 있는",6
"물리치는 걸 돕고 함께",6
"물리치는 걸 돕고",6
"물리치십시오 심각한 소식입니다",6
"지도를 갖고",6
"물리치십시오 심각한",6
"물리치십시오 심각한 소식입니다 무례를",6
"지도를 만들 수",6
"물리치지 않는다면 그대가 아는",6
"물리치지 않는다면 그대가",6
"물리치지 않는다면 무덤을 다스리게",6
"물리치지 않는다면 무덤을",6
"난 부자",6
"경우 즉시 지구",6
"물리칠 때까지",6
"지도에도 안",6
"지도에 표시해",6
"지도에도 없는",6
"경우 즉시 지구 대통령이",6
"가질 수 없기",6
"난 부탁한 적",6
"지도자 중 한",6
"물리칠 수 있어요",6
"난 부하들을",6
"지도자가 제",6
"난 북쪽",6
"지도자가 제 아들을",6
"지도자가 필요해",6
"need your love 니",6
"지도자들 중",6
"지도자들은 생존을 위해서",6
"지도자들은 생존을",6
"지도자들은 생존을 위해서 그라운더들과",6
"지독한 경각심으로",6
"지랄 같은 걸",6
"지랄 같이",6
"물리학자인 Neils Bohr에",6
"물리학자인 Neils",6
"난 분명히 말했어",6
"물리학자인 Neils Bohr에 대해",6
"지랄 지랄",6
"경우가 많다",6
"지랄을 해라",6
"물린 건",6
"가질 수 없는 것을",6
"난 불가능한",6
"물린 상처",6
"물린 상처가",6
"난 불만 없어",6
"지렛대 역할을",6
"지렛대를 가지고",6
"지레 겁을",6
"지뢰 발견",6
"지뢰를 밟고",6
"지뢰 찾기",6
"물린 자국이야",6
"지루하게 할",6
"물릴 거예요",6
"지루하지 않았어",6
"물릴 수도",6
"지루한 부분은",6
"지루한 얘기를",6
"물밖에 없어",6
"물방울 떨어지는",6
"지루해서 못",6
"지루해서 죽을 것",6
"지르고 싶어요",6
"물살이 거칠어진다",6
"지르는 걸 들었어요",6
"물살이 너무",6
"난 비밀로",6
"지르면 안 돼",6
"물속에 얼마나",6
"지르지 말라고",6
"지르지 않을",6
"물속에 있다",6
"경우가 있다",6
"물속에 있었어",6
"난 비행",6
"물속에서 계속 같은",6
"물속에서 계속",6
"물속에서 계속 같은 소리가",6
"지름길은 없어",6
"물속을 헤맨다",6
"지름길을 타야 할",6
"물수제비 뜨는",6
"지름길을 타야 할 것",6
"물수제비 뜨는 소리",6
"난 비행기를 타야",6
"지리 숙제",6
"난 빅터",6
"경우가 있잖아요",6
"물어 보면",6
"지면 난",6
"난 빅터를",6
"지면 안돼",6
"물어 보죠",6
"지면인들이 우릴",6
"지면인들이 웰스를",6
"지명 수배자를",6
"지명수배 잭",6
"법정 최고형인 사형에 처할것을",6
"뵌 적은",6
"난 빌리",6
"needed to be",6
"지문 검사",6
"하십시오 캐스털리 록 세르",6
"지문 분석",6
"물어 봤어요",6
"지문 일부를",6
"지문 좀",6
"난 빚진 거",6
"지문 찍고 가둬",6
"물어도 되겠소",6
"물어뜯는 걸",6
"경우는 드문데",6
"물어뜯는 것 뿐이지",6
"지문은 없어요",6
"물어뜯는 것 뿐이지 있지",6
"물어뜯은 것",6
"지문을 채취했어요",6
"지문을 채취해서",6
"지문이 나왔습니다",6
"지문이 등록돼",6
"and neither",6
"지문이 발견됐어",6
"지문이 발견됐어요",6
"물어보고 싶습니다",6
"지문이 없어",6
"지문이 아니에요",6
"경우는 아니에요",6
"지문이 일치해",6
"지문이 있죠",6
"지문이 있어요",6
"지문이 찍혀",6
"지므로 중력",6
"지므로 중력 시간은 사인입니다",6
"물어보고 싶었지만",6
"하얀 웨딩드레스",6
"지미 그랄튼의",6
"물어보고 싶은 거",6
"And my love is",6
"가질 수 없을거야",6
"물어보고 싶은 게 있어서요",6
"물어보고 싶은 게 있어서",6
"지미 맥길 사무실입니다",6
"난 빵",6
"needed you",6
"지미 어디",6
"지미 삼촌이",6
"지미 이게",6
"지미 이제",6
"물어보고 있었어",6
"지미 페스토의",6
"물어보긴 했지만",6
"물어보기 좀",6
"물어보나 했어",6
"지미랑 같이",6
"지미를 줘요",6
"지미에 대해",6
"난 사과 안",6
"지바 데이비드",6
"지방 검사보가",6
"난 사기꾼이야",6
"지방 당국은",6
"물어보는 것도",6
"지방 법원의 명령에",6
"경우도 많이",6
"지방 법원의 명령에 의해",6
"물어보는 것을",6
"난 사라",6
"물어보는 게 어때요",6
"물어보는 사람도",6
"경우도 있거든요",6
"물어보도록 하죠",6
"경우도 있나요",6
"지배하는 거야",6
"물어보러 왔어",6
"난 사라질 거야",6
"난 사람 보는",6
"지배하는 위협 이성을",6
"지배하는 위협",6
"지배하는 위협 이성을 잃기",6
"물어보려고 온",6
"난 사람 보는 눈이",6
"경우도 있다",6
"지분을 갖고",6
"지분을 사들일",6
"지분을 팔",6
"물어보면 더",6
"지불 할 것이다",6
"물어보면 되겠네요",6
"물어보면 되잖아요",6
"지불하기 위해",6
"난 사람들을 돕고",6
"가질 수 있는 유일한",6
"지불하는 것을",6
"지불하지 않고",6
"지불하지 않은",6
"DNA 정보가",6
"지불해야 한다고",6
"물어보면 어떻게",6
"지불해야 해요",6
"난 사람을 잘",6
"지붕 아래에",6
"물어보세요 제가",6
"지붕 위",6
"지붕 위를",6
"경우도 있지만",6
"물어보자 왜",6
"경우를 대비한",6
"난 사람을 죽일",6
"지붕을 통해",6
"물어보지 내가",6
"지사장 동무",6
"지붕이 있는",6
"물어보지 말고",6
"지상에 혼란이 대단하겠어",6
"지상에 혼란이",6
"지상 패권을",6
"지상에서는 사람이 살 수",6
"지상에서는 사람이 살",6
"지속 가능",6
"지성을 가진",6
"지상에서는 사람이",6
"지속되는 젊음과 행복한",6
"지속되는 젊음과",6
"지속될 우리들의",6
"지속될 우리들의 보금자리를 만들어",6
"물어보지도 않았잖아요",6
"지수의 겁에",6
"지수의 겁에 질린",6
"경우를 대비해야",6
"물어본 거잖아",6
"지시 없이는",6
"지시대로 해",6
"난 사랑할",6
"지시를 내려주십쇼",6
"하이테크 무기를 파는 유일한",6
"지시를 내렸어요",6
"지시를 내렸다",6
"물어본 적 없잖아",6
"하인리히 사건과",6
"Love Way",6
"난 사소한",6
"난 사설",6
"물어볼 거 없어",6
"지시를 받을",6
"지시만 따르면",6
"물어볼 거라고",6
"물어볼 것이 있어요",6
"난 사양할게",6
"물어볼 게 너무",6
"지식 말이야",6
"지식 이",6
"물어볼 게 더",6
"물어볼 게 있거든",6
"지식을 가졌다",6
"물어볼 게 있는데 혹시",6
"경우에 따라 다르지",6
"지식이 없었다",6
"물어볼 게 있대요",6
"지안유가 내",6
"지어 라",6
"지어 준",6
"물어볼 게 있어서 왔어",6
"지어 줘",6
"지어 줄",6
"needs to go",6
"물어볼 게 정말",6
"가질 수 있었을 텐데",6
"지어낸 건",6
"난 사촌",6
"지어낸 말",6
"지어낸 얘기죠",6
"지어낸 이야기야",6
"난 사회에",6
"needs to leave",6
"물어볼 수 있겠구만",6
"물어볼 수 있겠구만 실수에서",6
"지었어 내",6
"난 산책",6
"and not my",6
"경우에는 다른",6
"지었지만 하수관은 아버지가 만들지",6
"지었지만 하수관은 아버지가",6
"난 산타",6
"경우에는 어떻게",6
"물어볼 줄 알았어요",6
"하자 아무도",6
"물어볼 필요도 없어",6
"지역 내의",6
"지역 뉴스에서 사랑하는",6
"지역 뉴스에서 사랑하는 퀸즈",6
"하자 어떤",6
"지역 방송국",6
"지역 방송",6
"지역 번호로",6
"nervous and",6
"가질 수 있을 것이다",6
"지역 사람들을",6
"지역 사업을",6
"가질 수 있을거야",6
"물어볼게요 저",6
"난 살아남기",6
"지역 예선에",6
"물어봐 그건",6
"난 살아남기 위해",6
"하자 이번엔",6
"난 살아남았어요",6
"하이파이브로 퉁칠까",6
"지역 주민들에게",6
"지역 주민들과",6
"지역 주민들의",6
"지역 주민들을",6
"경우의 수는",6
"물어봐 봐",6
"난 살아남지 못할",6
"물어봐 여기",6
"물어봐 우리는",6
"물어봐 이",6
"지역에서 저지 당했다",6
"지역에서 저지",6
"지역은 더",6
"and not you",6
"물어봐 줄 수",6
"물어봐 줄게",6
"난 살인마가",6
"지연되는 점",6
"지연되는 점 사과드립니다",6
"지오바니 드",6
"지오스톰 잔여",6
"지오스톰 잔여 시간",6
"경위님 말",6
"지옥 같을",6
"지옥 같은 곳에서",6
"가질 수 있지만",6
"물어봐도 되니",6
"지옥 훈련''을",6
"물어봐서 말인데",6
"물어봐도 됩니까",6
"지옥에 가라고",6
"물어봐서 미안한데",6
"지옥에 떨어져",6
"지옥에 있어요",6
"지옥에 잘",6
"nervous system",6
"경위에 대한",6
"물어봐야 할 거",6
"지옥에나 떨어져요",6
"지옥에서 불탈",6
"물어봐야 할 것이다",6
"물어봐야 할지",6
"지옥으로 가는 길이",6
"물어봐야 합니다",6
"물어봐요 그",6
"지옥으로 돌아가라",6
"지옥으로 돌아가지",6
"물어봐요 그런",6
"경위입니다 이쪽은",6
"물어봐요 내",6
"지옥으로 보내주지",6
"경의 가문에",6
"지옥을 탈출했어",6
"지옥의 개를",6
"경의 가문에 저지른",6
"물어봤어 난",6
"경의 가문에 저지른 죄악에",6
"지옥의 왕",6
"경의 도움이",6
"물어봤을 땐",6
"물어봤지 그랬더니",6
"지옥일 거야",6
"경의 도움이 필요한지",6
"경의 도움이 필요한지 아직도",6
"지우거나 보내는",6
"물어야 제대로 알아 피아베",6
"물어야 제대로 알아",6
"지우고 다시",6
"물어야 하는",6
"물어야 할지",6
"지우고 새로",6
"물었 니",6
"물어지지 않았다",6
"경의 부친은",6
"물었고 전",6
"지우는 거지",6
"지우는 거예요",6
"지우는 건",6
"경의 부친은 자기",6
"난 상상조차",6
"경의 부친은 자기 친구가",6
"지운 걸",6
"물었어 왜",6
"물었던 질문",6
"지울 수 있나",6
"경의 부친의 절친한 친구였지",6
"물었죠 그래서",6
"경의 부친의",6
"지워 줘요",6
"물에 닿으면",6
"물에 독을",6
"경의 선조가",6
"경의 부친의 절친한",6
"지워버릴 거야",6
"난 상태로",6
"경의 선조가 나의 선조에게",6
"지워지고 있어",6
"경의 선조가 나의",6
"물에 들어가면",6
"지원 그룹",6
"지원 가능",6
"지워질 거예요",6
"물에 들어갔다",6
"지원 부탁합니다",6
"가질 순 없지",6
"지원 수당",6
"물에 빠뜨리고",6
"난 새로운 사람이",6
"물에 빠져 죽은",6
"물에 빠져도",6
"지원 요청은",6
"난 새를",6
"지원 요청합니다",6
"물에 빠지지",6
"지원요청 지원요청",6
"지원에 대한",6
"지원을 기다려야",6
"지원을 요청해요",6
"물에서 나온",6
"물에서 태어나",6
"지원을 요청했습니다",6
"물에서 태어나 물로",6
"물에서 태어나 물로 돌아간다",6
"난 생각하기",6
"물으러 온",6
"지원이 올 때까지",6
"지원이 필요할지도",6
"물으면 이렇게",6
"지원이 흐느낀다",6
"난 생명을 구하려고",6
"지원자가 필요하다",6
"지원팀이 오고",6
"지원팀이 오고 있어",6
"지원하는 건",6
"경의를 표해",6
"지원할 수 있는",6
"지원해 주셔서",6
"물은 그",6
"and now I",6
"and now it",6
"지웠던 거야",6
"지위를 이용해",6
"지위를 이용해서",6
"지윤의 겁에",6
"물은 어때",6
"never been breached",6
"물은 없어",6
"지윤의 헛기침",6
"난 샤워하러 갈게",6
"난 샤워할게",6
"지으며 작업을 했습니다",6
"지으며 작업을",6
"지으며 작업을 했습니다 절",6
"난 섀도우",6
"지으면 될",6
"지은 거지",6
"물을 갖다",6
"위험합니다 너무 위험합니다 전하는",6
"지은 사람이",6
"물을 것이다",6
"지은 자를",6
"Love is all",6
"지은동 씨",6
"지은 죄를 생각해",6
"지은호 씨 책",6
"난 선",6
"경쟁은 재밌어요",6
"물을 넣고",6
"지을 땐",6
"지을 만한",6
"지을 때도",6
"지을 수 있어요",6
"물을 담을",6
"난 선물을",6
"난 선배",6
"경쟁을 할",6
"물을 땐",6
"난 선서를",6
"가질 테니까",6
"난 선생님이",6
"지장을 주고",6
"물을 마시러",6
"지장이 없도록",6
"난 선출식에서",6
"지저분한 거",6
"난 선택",6
"지저분한 일",6
"지저분해서 죄송해요",6
"물을 뿌려",6
"지적 장애",6
"지적 수준이",6
"물을 뿌리는",6
"난 선택을 해야 했어",6
"지적하는 거야",6
"지적하는 것도 정당하고",6
"물을 수 있는",6
"지적하는 것도 정당하고 전하",6
"지점 중",6
"지점에 도착합니다",6
"지점에 있어",6
"경쟁이 아니에요",6
"지점에서 접근",6
"물을 약간",6
"물을 얼마나",6
"물을 왜",6
"난 선택했어",6
"지점을 찾아서",6
"지점을 지나쳤다",6
"난 설탕",6
"지정된 장소에",6
"물을 주다",6
"난 성공한",6
"지주 회사를",6
"물을 찾아",6
"난 성공할 거야 아직",6
"경쟁자가 될",6
"지지 않습니다",6
"지지 않았다",6
"지지 않았고",6
"물을 테니",6
"경쟁자 중 한",6
"위험해요 네",6
"난 성인이",6
"지지가 필요해요",6
"경쟁이 치열한",6
"난 성인이고",6
"지지하고 있어",6
"지지하는 모든",6
"지지하지 않고",6
"물을 흔드실 거야",6
"물을 흔드실",6
"지지하지 않는다",6
"물을게요 왜",6
"지지하지 않으면",6
"난 세 번",6
"지지해 주고",6
"지지할 순",6
"지지해 주는",6
"지직거리는 소리가",6
"지진이 나서",6
"물이 따뜻해요",6
"지체 높으신",6
"지체 말고",6
"물이 들어와요",6
"지체할 시간이 없어요",6
"지쳐 보이는군",6
"지쳐서 그런",6
"경쟁하는 거야",6
"물이 솨",6
"경쟁할 수 있는",6
"지치게 해",6
"지치지도 않아",6
"지친 기색이",6
"물이 안 나와요",6
"지친 몸을",6
"지친 상태야",6
"경적 울리고",6
"물이 엄청",6
"물이 없는",6
"난 섹스할",6
"난 센",6
"지켜 낼",6
"지켜 무슨",6
"난 소금",6
"지켜 볼 거야",6
"and open",6
"지켜 주던",6
"물이 정말",6
"지켜 주실 거야",6
"경적을 울려요",6
"물이 차고",6
"난 소질이",6
"난 소방관",6
"지켜 줄 사람이",6
"물이 찰",6
"난 소파에서 잘",6
"물이 필요할",6
"난 속",6
"지켜 줬죠",6
"하지 그레이조이의 공격에",6
"지켜도 돼",6
"지켜달라고 부탁했어 스파이 기계",6
"지켜달라고 부탁했어 스파이",6
"지켜라 무릎을",6
"물이나 마셔",6
"지켜라 무릎을 꿇으면 북부의",6
"지켜보거나 그걸로",6
"지켜라 무릎을 꿇으면",6
"지켜보거나 그걸로 잠을",6
"물이나 한",6
"지켜보게 될 거고 평생을",6
"물이나 커피",6
"지켜보고 싶어요",6
"지켜보고 있다가",6
"경제 상황은",6
"never dreamed",6
"지켜보고 있었을",6
"난 손 안",6
"지켜보고 있으면",6
"물자를 보내게",6
"지켜보곤 했다",6
"지켜보기 위해서",6
"물자를 보내게 해서 곡창을",6
"물자를 보내게 해서",6
"가짜 수염",6
"물지 말라고",6
"경제 위기에",6
"지켜보면 돼",6
"물지 않아",6
"물질 같은",6
"물질 때문에",6
"물질에 넣는다",6
"물질에 넣는다 고 말합니다",6
"물질에 넣는다 고",6
"지켜볼 수 밖에",6
"never ends",6
"지켜볼 수는",6
"물질이 끝없이",6
"물질이 끝없이 팽창했습니다",6
"물질이 끝없이 팽창했습니다 신비롭고",6
"경제에 큰",6
"난 수",6
"물질이 흩어져 있습니다",6
"물질이 흩어져",6
"가짜 신분증도",6
"지켜봐야 한다고",6
"지켜봐야 한대",6
"뭉쳐야 한다는",6
"지켜야 할 게",6
"지켜야 할 것",6
"지켜야 할 명성이",6
"난 수술실에",6
"뭉치는 게",6
"난 수술 안 해요",6
"뭉치지 않는다면 우린",6
"위협하는 것",6
"지켜주고 싶었어",6
"뭉치지 않는다면 우린 죽을",6
"난 수업에",6
"지켜주는 건 아니죠",6
"뭉클 너한테 꽂히길",6
"뭉클 너한테",6
"지켜주는 건 아니죠 그래서",6
"뭍에 올라오면",6
"지켜주려고 한",6
"지켜주실 거야",6
"지켜주지 못했어",6
"난 수영장에",6
"뭐 가지고",6
"가짜 신호 전송기를",6
"난 수천",6
"지켜줄게 네",6
"지켜줄 필요 없어",6
"지켜질 거야",6
"경주를 해야",6
"경주에 나갈",6
"지크 문두스",6
"뭐 건진 거 있어",6
"지키게 되면 더욱",6
"가짜 신호",6
"지키게 될 줄은",6
"지키게 될 줄은 몰랐다",6
"난 술 좀",6
"경주에서 이길",6
"지키게 해줘",6
"never felt so",6
"지키고 싶습니다",6
"경주용 차",6
"난 술은",6
"지키고 있나",6
"지키고 있다가",6
"지키고 있는지",6
"경주판을 달구자",6
"뭐 그냥 기대한",6
"지키고 있었죠",6
"뭐 그냥 기대한 만큼은요",6
"지키고 있을게요",6
"뭐 그동안",6
"뭐 그때",6
"난 숨길 거",6
"지키기 위해 말",6
"지키기 위해 내가",6
"지키기 위해 말 못할",6
"경찰 간부",6
"뭐 그러는",6
"지키기 위해서라면 너도",6
"난 숫자에",6
"뭐 그런 거 있어",6
"지키기 위해서지",6
"지키기 위해서죠",6
"뭐 그런 거에",6
"경찰 같지",6
"지키는 거다",6
"지키는 거고",6
"지키는 거야 그럴 시간이",6
"지키는 거야 그럴",6
"지키는 것에",6
"지키는 것보다",6
"뭐 그런 것 같아",6
"지키는 그",6
"난 쉽게 겁먹지",6
"가짜 엘리너 양",6
"지키는 사람이고",6
"지키는 일은",6
"뭐 그런건가",6
"Love is amazing",6
"뭐 그런건가요",6
"난 스타",6
"뭐 그런것",6
"경찰 국장",6
"난 스타크",6
"지키려고 목숨을",6
"난 스타크가 아니야 익숙해질거라",6
"지키려고 했는데",6
"지키려고 했을 뿐이야",6
"지키려는 거야 자네처럼 그래서",6
"지키려는 거야 자네처럼",6
"뭐 그렇다",6
"지키려던 거야",6
"지키려면 이",6
"뭐 그리 대단한",6
"가짜 왕",6
"지키면 돼요",6
"지키면 안",6
"뭐 그리는",6
"난 스파이가 아니야",6
"뭐 글쎄",6
"지키지 못할 약속은 하지",6
"뭐 기억나는 거 있어",6
"지키지 못했고",6
"지키지 못해서",6
"지키지 못했습니다",6
"경찰 나으리",6
"지키지 못했어요",6
"난 스펜서야",6
"지키진 못하겠죠",6
"지키진 못하겠죠 유론 그레이조이의",6
"지키진 못하겠죠 유론",6
"지킨 거",6
"경찰 내",6
"뭐 나야",6
"뭐 나오는",6
"난 슬프지 않아",6
"never fully",6
"지킨 적이",6
"지킬 거에요",6
"난 슬플",6
"뭐 나왔나",6
"지킬 건 지켜야지",6
"난 슬픔에",6
"난 시간 많아",6
"지킬 것이다 이것 만한",6
"지킬 것이다 이것",6
"지킬 것인지",6
"지킬 게 명예밖에",6
"경찰 노릇을",6
"never fully dressed",6
"지킬 만큼",6
"지킬 박사와 하이드",6
"지킬 방법이",6
"윈터펠로 도망오게 되면",6
"지킬 수 없게",6
"지킬 수 없는 약속을",6
"윈터펠을 지키게",6
"지킬 수 없습니다",6
"난 시간의",6
"난 시간이 별로 없어",6
"지킬 수 있었어",6
"가짜 장기라든가",6
"지킬 수 있죠",6
"지킬 수 있을지도",6
"지킬 수 있지",6
"뭐 눈이",6
"지킬 순 없어",6
"난 시간이 필요해",6
"난 시애틀",6
"난 시신이",6
"지킬거라 생각했지 이제",6
"지킬거라 생각했지",6
"지킬거라 생각했지 이제 캐스털리",6
"뭐 다른 걸",6
"지킴이가 되세요",6
"지탱하는 건",6
"뭐 다음",6
"지팡이를 들고",6
"지팡이와 막대기가",6
"뭐 달라져",6
"지퍼 내려",6
"지퍼를 직 잠근다",6
"지평선 너머를 볼",6
"지평선 너머를 볼 수",6
"뭐 대단해",6
"뭐 대신",6
"난 신경 쓰여",6
"뭐 더 필요한 거",6
"지푸라기라도 잡는 심정으로",6
"지하 도시",6
"가짜가 아니라",6
"뭐 도와줘",6
"난 신경 안써",6
"지하 실험실에서",6
"지하 창고",6
"난 신경도 안 써",6
"지하 창고에",6
"뭐 됐나",6
"지하로 가서",6
"뭐 되고",6
"지하를 통해서",6
"지하보다 저급한 목적에",6
"지하보다 저급한",6
"지하보다 저급한 목적에 맞는",6
"지하실로 내려가",6
"뭐 드릴까",6
"지하실에 가둬",6
"지하실에 갇혀 있는",6
"뭐 드셨어요",6
"뭐 드시고",6
"지하실에 던졌다고 했어요",6
"지하실에 살면서",6
"난 신선한",6
"지하실에 있지",6
"지하에 비밀",6
"지하에 사는",6
"지하에서 나온",6
"뭐 딱",6
"뭐 딴 거",6
"윌리 넬슨",6
"하지 못하지 모든 일어날",6
"가짜로 만들",6
"난 실력이",6
"지하철이 들어오고",6
"뭐 때문에 이러는",6
"지하철이 들어오고 있어",6
"난 실망",6
"뭐 때문에 화가",6
"지현의 호응",6
"뭐 때문이야",6
"지혈해야 돼요",6
"지혜로 포장하고 싶은가",6
"지혜로 포장하고",6
"지혜를 좀",6
"뭐 때문일까",6
"난 실용적인",6
"지휘 본부로",6
"뭐 떠오르는",6
"지휘 체계가",6
"지휘 체계",6
"난 실패자야",6
"지휘관들은 당신을",6
"지휘를 맡고",6
"지휘하고 웨스테로스의",6
"지휘하고 웨스테로스의 아들 딸들이",6
"지휘하고 웨스테로스의 아들",6
"뭐 마실 것",6
"I asked you to",6
"직 뜯는다",6
"직감 때문에",6
"직감을 가지고",6
"직 잠근다",6
"경찰 모두",6
"직감이 있어요",6
"직계 가족",6
"난 싫었어",6
"경찰 모스",6
"직면한 가장",6
"직면하고 싶지",6
"하지 맞소 부친의",6
"뭐 말이오",6
"직면해 있다",6
"난 심각해요",6
"직무 윤리",6
"직성이 풀려",6
"직속 명령을",6
"난 심장을",6
"직업 교육을",6
"가짜일 가능성이 있어",6
"직업 정신",6
"직업도 없어",6
"직업에 대해 이야기하고 싶었다",6
"직업에 대해 이야기하고",6
"직업으로 이어질",6
"and put it",6
"직업으로 이어질 것입니다",6
"뭐 먹었는지",6
"난 십대",6
"직업을 가지고 있었다",6
"직업을 구해",6
"경찰 및 형사",6
"직업을 아나",6
"직업을 유지할",6
"직업을 위해 트럭을 샀다",6
"직업을 위해 트럭을",6
"직업을 잃고",6
"뭐 먹을 것",6
"직업이 뭔가요",6
"경찰 보고",6
"직업이 아니에요",6
"난 싸우러 온 게",6
"직업이 어떻게 작동하는지 모른다",6
"직업이 어떻게 작동하는지",6
"never guess",6
"직업이 좋아요",6
"직업이 있잖아",6
"직업이 있다고",6
"직업일 뿐이야",6
"직원 기록",6
"직원 말이야",6
"직원 명부",6
"뭐 문제라도 있어",6
"가책 없이",6
"직원 절반이",6
"가책을 느끼고",6
"직원 중에서",6
"경찰 보고서에 의하면",6
"직원 할인도",6
"직원들 모두",6
"직원들 앞에서",6
"직원들 중에",6
"뭐 받고",6
"직원들을 잘",6
"직원들을 위한",6
"난 씻고",6
"경찰 보고에 의하면",6
"난 아가씨가",6
"뭐 별건",6
"뭐 별거야",6
"직원이 아니야",6
"뭐 보고 싶어",6
"가책을 느끼지",6
"직원인 거",6
"직원이 있어요",6
"뭐 보고할",6
"뭐 보고 있었어",6
"직장 동료는",6
"경찰 부대가",6
"뭐 보니",6
"Love the",6
"난 아내를 사랑해",6
"직장 상사",6
"직장 밖에서",6
"직장 생활과",6
"직장 상사한테",6
"직장 잃기",6
"난 아냐 내",6
"never happen",6
"직장에 안",6
"난 아냐 내가",6
"뭐 부탁할",6
"직장에서 일어난",6
"뭐 빠뜨린 거",6
"직장을 구하고",6
"직장을 구해",6
"직장을 구할 수",6
"직장을 얻고",6
"직장을 그만두고",6
"직장을 얻을",6
"직장을 잃으면",6
"직장을 잃었어요",6
"뭐 빠진 거",6
"직장을 찾을",6
"난 아는데",6
"직장이 있어요",6
"뭐 사다 드릴까요",6
"never happened",6
"직전에 네가",6
"직전에 그리고",6
"뭐 사람이",6
"난 아니네",6
"가출한 거",6
"직접 가야 해",6
"직접 간",6
"직접 갈 거야",6
"직접 가지러",6
"직접 개발한",6
"경찰 부른다고",6
"직접 겪어",6
"난 아니야 그럼",6
"직접 골라",6
"직접 그걸",6
"뭐 신경",6
"뭐 쓰고 있어",6
"직접 꾸민",6
"뭐 쓸만한",6
"직접 나가서",6
"직접 나서지",6
"뭐 아냐",6
"난 아니오 불행하군",6
"직접 눈을",6
"뭐 아는 것",6
"난 아니오 불행하군 이",6
"난 아니오 세르세이를",6
"직접 대면하는",6
"난 아니오 세르세이를 철",6
"뭐 아마",6
"직접 데리고",6
"뭐 아니야",6
"직접 두",6
"직접 데리러",6
"가출한 것",6
"직접 듣고 싶었어",6
"직접 들어보시죠",6
"뭐 아시는",6
"직접 들었습니다",6
"난 아닌데요",6
"뭐 안 돼",6
"난 아담이야",6
"직접 만든 거",6
"뭐 알다시피",6
"직접 만들어야",6
"직접 만들어요",6
"난 아닐세",6
"뭐 알아냈나",6
"직접 만져보고",6
"never heard of",6
"직접 말씀하실",6
"뭐 알았어요",6
"뭐 암튼",6
"경찰 사건",6
"직접 말해 줘요",6
"난 아만다야",6
"직접 못 봐서",6
"never knew I",6
"직접 물어 봐",6
"직접 물어보는 게",6
"직접 물어보라고",6
"뭐 어떻게 된",6
"뭐 어떻게 해야",6
"직접 물어볼게",6
"뭐 어떻습니까",6
"직접 받은",6
"직접 발로",6
"난 아무 냄새",6
"직접 보고 싶어서",6
"직접 보고 싶었어",6
"직접 보고하고",6
"경찰 살해범을",6
"경찰 살해범",6
"직접 보내신",6
"뭐 어쩌게",6
"never knew I Would",6
"직접 보려고",6
"직접 보셔야 해요",6
"직접 보여드리죠",6
"뭐 어찌",6
"뭐 언제",6
"난 아무 상관 없어",6
"직접 볼 수 있는",6
"가치 있는 사람이",6
"난 아무 상관도",6
"뭐 없나요",6
"가치 있는 일",6
"뭐 없었어",6
"DNA 증거도",6
"직접 봤다",6
"and read",6
"직접 봤죠",6
"직접 봤지 저들이",6
"경찰 셋이",6
"직접 봤지 저들이 장벽을",6
"뭐 열심히",6
"직접 사람을",6
"뭐 오래",6
"뭐 온",6
"직접 써서",6
"난 아무것도 두렵지 않아",6
"직접 안고",6
"경찰 수사는",6
"직접 알아낼",6
"직접 안고 젖을 먹였어",6
"직접 얘기하게",6
"직접 알아봐",6
"직접 얘기하고 싶어요",6
"난 아무것도 모르는",6
"직접 얘기하세요",6
"난 아무것도 말",6
"직접 얘기해요",6
"난 아무것도 모른다",6
"직접 여기로",6
"직접 연결된",6
"직접 여기까지",6
"가치 있다는",6
"직접 연락해",6
"직접 오실",6
"직접 우리",6
"난 아무것도 못 들었어",6
"뭐 이런 경우가",6
"경찰 신문",6
"뭐 이런 일이",6
"직접 잡은",6
"경찰 신발에",6
"직접 저를",6
"난 아무것도 보지",6
"난 아무것도 보지 않았어",6
"유감이지만 네가",6
"뭐 이렇게까지",6
"직접 조사를",6
"경찰 신발에 짜부라졌을 테니까",6
"직접 주사를",6
"뭐 이렇게 오래 걸려",6
"난 아무것도 아니지",6
"직접 증거가",6
"직접 증거",6
"가치 있지",6
"경찰 신발에 짜부라졌을",6
"뭐 이상해",6
"뭐 일종의",6
"뭐 읽니",6
"직접 피를",6
"유감이지만 아닙니다",6
"유감이지만 우린",6
"유감이지만 이",6
"직접 하시게요",6
"뭐 입고있어",6
"가치가 높은",6
"직접 하실래요",6
"뭐 입었어",6
"뭐 입은",6
"직접 하지 그래",6
"직접 하진",6
"직접 한 번",6
"직접 할게요",6
"뭐 있겠나",6
"뭐 있겠니",6
"경찰 아닌",6
"경찰 아줌마",6
"직접 해야 해요",6
"직접 확인하려고",6
"뭐 있는데요",6
"직접 회사를",6
"직접 확인해 봐요",6
"직접 회수 한",6
"직접 회수",6
"직접 회수 한 Ultron",6
"난 아무것도 훔치지 않았어",6
"직접적인 사인은",6
"직접적인 영향을",6
"직통 전화로",6
"직후 그",6
"뭐 잊고",6
"진 겁니다",6
"never look",6
"never lose",6
"진 당신 덕에 난",6
"뭐 자랑이라고",6
"뭐 잘못됐나",6
"DNA 코드를",6
"난 아무도 믿지",6
"뭐 잘못된거",6
"진 양이",6
"진 적 없어",6
"진 진",6
"진 줄",6
"뭐 잠깐만",6
"가치가 없다면",6
"진공 봉인을",6
"진공 봉인을 디자인하는",6
"진공 상태에",6
"경찰 연결해",6
"난 아무도 필요 없어",6
"진공 청소기",6
"뭐 저런 게 다",6
"진군중이오 죽은자들의 군대",6
"진군중이오 죽은자들의",6
"진군하고 있습니다",6
"뭐 저렇게",6
"가치가 없습니다 나한테야",6
"경찰 연맹",6
"뭐 제대로",6
"진다고 해도",6
"진다는 건",6
"진단 프로그램을",6
"진단을 내릴",6
"진단을 받은 적이",6
"뭐 좀 갖다 줄까요",6
"경찰 옷",6
"가치가 없습니다 나한테야 가치있지만",6
"진도는 어디까지",6
"진도가 안",6
"가치가 없었다",6
"뭐 좀 나왔나",6
"진동음이 연신 울린다",6
"진동음이 연신",6
"진드기 조심하고 사람 살을",6
"진드기 조심하고 사람",6
"진드기 조심하고",6
"진땀 빼고",6
"진로를 정해",6
"난 아무짓도 안했어",6
"never loved",6
"경찰 인력",6
"하지만 가끔은 비극이 필요할",6
"진범은 그",6
"뭐 좀 만들어줄게",6
"진범을 찾던 중",6
"진범을 찾던",6
"진범일 수도",6
"가치가 없을",6
"경찰 인력을",6
"진보 된 기술",6
"진보에 대한",6
"진부한 것",6
"진상을 알 수",6
"경찰 일이야",6
"뭐 좀 먹으면",6
"진성대군이 성인이 되면",6
"진성대군이 성인이",6
"진소라 씨",6
"진술 내용을",6
"경찰 일이에요",6
"뭐 좀 묻자",6
"뭐 좀 먹지",6
"진술마저 거부하는",6
"진술마저 거부하는 경우",6
"진술서 좀",6
"진술서 쓰고",6
"하지만 감정을",6
"never meet",6
"뭐 좀 물어봐",6
"가치가 있기",6
"진술을 마칩니다",6
"Loving You 난",6
"뭐 좀 물읍시다",6
"뭐 좀 부탁해도",6
"진술할 수",6
"뭐 좀 보여요",6
"진실 아니면 벌칙",6
"진실 잘 알게",6
"진실 잘 알게 된",6
"진실 잘",6
"진실 하지만",6
"진실과 함께",6
"진실만을 말하겠습니다",6
"가치가 있기를",6
"가치가 있긴",6
"뭐 좀 찾아냈어",6
"Loving You 난 널",6
"진실에 대해서",6
"진실은 당신이",6
"진실은 네",6
"진실은 내",6
"진실은 따로 있죠",6
"진실은 알",6
"진실은 언젠가",6
"뭐 좋아서",6
"진실은 절대",6
"난 아이를 가질",6
"진실은 중요하지",6
"진실은 제가",6
"부디 용서해",6
"뭐 좋은 소식",6
"가치가 있네요",6
"뭐 좋은 일이라도",6
"never occurred",6
"경찰 좀 불러주세요",6
"진실을 말하고 있다는",6
"난 아주 나쁜",6
"진실을 말하기 위해",6
"난 아주 작은",6
