Item,Frequency,Formal_IPA,Casual_IPA
거예요 미래를 바꾸기 위해,8,[kʌ.je.jo.mi.ɾɛ.ɾɯl.pa.k͈u.ki.wi.hɛ],[gʌ.je.jo.mi.ɾɛ.ɾɯl.ba.k͈u.gi.wi.hɛ]
없다 그것이,8,[ʌp̚.ta.kɯ.kʌt̚.i],[ʌp̚.ta.gɯ.gʌt̚.i]
제 형제들을,8,[tʃe.hjʌŋ.tʃe.tɯl.ɯl],[dʒe.hjʌŋ.dʒe.dɯl.ɯl]
그러다 어느 날 밤,8,[kɯ.ɾʌ.ta.ʌ.nɯ.nal.pam],[gɯ.ɾʌ.da.ʌ.nɯ.nal.bam]
you remember the,8,,
없다 그래도,8,[ʌp̚.ta.kɯ.ɾɛ.to],[ʌp̚.ta.gɯ.ɾɛ.do]
you remember that,8,,
없다 그럴,8,[ʌp̚.ta.kɯ.ɾʌl],[ʌp̚.ta.gɯ.ɾʌl]
you remember when,8,,
없다 내 말은,8,[ʌp̚.ta.nɛ.mal.ɯn],[ʌp̚.ta.nɛ.mal.ɯn]
더 젊었을,8,[tʌ.tʃʌm.ʌt̚.ɯl],[dʌ.dʒʌm.ʌt̚.ɯl]
그러다 이런,8,[kɯ.ɾʌ.ta.i.ɾʌn],[gɯ.ɾʌ.da.i.ɾʌn]
없다 다만,8,[ʌp̚.ta.ta.man],[ʌp̚.ta.da.man]
없다 단지,8,[ʌp̚.ta.tan.tʃi],[ʌp̚.ta.dan.tʃi]
없다 당신을,8,[ʌp̚.ta.taŋ.sin.ɯl],[ʌp̚.ta.daŋ.sin.ɯl]
더 정확히 말하자면,8,[tʌ.tʃʌŋ.hwak̚.hi.mal.ha.tʃa.mjʌn],[dʌ.dʒʌŋ.hwak̚.hi.mal.ha.dʒa.mjʌn]
없다 또,8,[ʌp̚.ta.t͈o],[ʌp̚.ta.t͈o]
엄마를 만나게,8,[ʌm.ma.ɾɯl.man.na.ke],[ʌm.ma.ɾɯl.man.na.ge]
거예요 믿음을,8,[kʌ.je.jo.mit̚.ɯm.ɯl],[gʌ.je.jo.mit̚.ɯm.ɯl]
없다 방금,8,[ʌp̚.ta.paŋ.kɯm],[ʌp̚.ta.baŋ.gɯm]
엄마를 만나,8,[ʌm.ma.ɾɯl.man.na],[ʌm.ma.ɾɯl.man.na]
없다 아빠,8,[ʌp̚.ta.a.p͈a],[ʌp̚.ta.a.p͈a]
더 조심해서,8,[tʌ.tʃo.sim.hɛ.sʌ],[dʌ.dʒo.sim.hɛ.sʌ]
그러다 하루는,8,[kɯ.ɾʌ.ta.ha.ɾu.nɯn],[gɯ.ɾʌ.da.ha.ɾu.nɯn]
없다 전에,8,[ʌp̚.ta.tʃʌn.e],[ʌp̚.ta.dʒʌn.e]
없다 제가,8,[ʌp̚.ta.tʃe.ka],[ʌp̚.ta.dʒe.ga]
거예요 밤새,8,[kʌ.je.jo.pam.sɛ],[gʌ.je.jo.bam.sɛ]
더 좋다면,8,[tʌ.tʃot̚.ta.mjʌn],[dʌ.dʒot̚.ta.mjʌn]
I''ll pick,8,,
없다 항복도,8,[ʌp̚.ta.ham.pok̚.to],[ʌp̚.ta.haŋ.bok̚.to]
없다 항복도 없다,8,[ʌp̚.ta.ham.pok̚.to.ʌp̚.ta],[ʌp̚.ta.haŋ.bok̚.to.ʌp̚.ta]
그러다가 우리,8,[kɯ.ɾʌ.ta.ka.u.ɾi],[gɯ.ɾʌ.da.ga.u.ɾi]
없다고 그런,8,[ʌp̚.ta.ko.kɯ.ɾʌn],[ʌp̚.ta.go.gɯ.ɾʌn]
그러다가 이,8,[kɯ.ɾʌ.ta.ka.i],[gɯ.ɾʌ.da.ga.i]
가져와 지금,8,[ka.tʃjʌ.wa.tʃi.kɯm],[ga.dʒjʌ.wa.dʒi.gɯm]
그러더니 그,8,[kɯ.ɾʌ.tʌ.ni.kɯ],[gɯ.ɾʌ.dʌ.ni.gɯ]
나를 비난하는,8,[na.ɾɯl.pi.nan.ha.nɯn],[na.ɾɯl.bi.nan.ha.nɯn]
더 싫어하게,8,[tʌ.sil.ʌ.ha.ke],[dʌ.sil.ʌ.ha.ge]
없다고 말해요,8,[ʌp̚.ta.ko.mal.hɛ.jo],[ʌp̚.ta.go.mal.hɛ.jo]
그러더니 어느,8,[kɯ.ɾʌ.tʌ.ni.ʌ.nɯ],[gɯ.ɾʌ.dʌ.ni.ʌ.nɯ]
없다고 맞아,8,[ʌp̚.ta.ko.mat̚.a],[ʌp̚.ta.go.mat̚.a]
없다고 믿는,8,[ʌp̚.ta.ko.mit̚.nɯn],[ʌp̚.ta.go.mit̚.nɯn]
없다고 믿게,8,[ʌp̚.ta.ko.mit̚.ke],[ʌp̚.ta.go.mit̚.ke]
없다고 봐야,8,[ʌp̚.ta.ko.pwa.ja],[ʌp̚.ta.go.bwa.ja]
더 좋아했어,8,[tʌ.tʃot̚.a.hɛt̚.ʌ],[dʌ.dʒot̚.a.hɛt̚.ʌ]
제가 걔를,8,[tʃe.ka.kjɛ.ɾɯl],[dʒe.ga.gjɛ.ɾɯl]
그러도록 하죠,8,[kɯ.ɾʌ.to.ɾok̚.ha.tʃjo],[gɯ.ɾʌ.do.ɾok̚.ha.dʒjo]
없다고 생각해서,8,[ʌp̚.ta.ko.sɛŋ.kak̚.hɛ.sʌ],[ʌp̚.ta.go.sɛŋ.gak̚.hɛ.sʌ]
없다고 오늘,8,[ʌp̚.ta.ko.o.nɯl],[ʌp̚.ta.go.o.nɯl]
없다고 이런,8,[ʌp̚.ta.ko.i.ɾʌn],[ʌp̚.ta.go.i.ɾʌn]
더 좋았지,8,[tʌ.tʃot̚.at̚.tʃi],[dʌ.dʒot̚.at̚.tʃi]
없다고 하니,8,[ʌp̚.ta.ko.ha.ni],[ʌp̚.ta.go.ha.ni]
더 좋은 거로,8,[tʌ.tʃot̚.ɯŋ.kʌ.ɾo],[dʌ.dʒot̚.ɯn.gʌ.ɾo]
없다고 하셨어,8,[ʌp̚.ta.ko.ha.sjʌt̚.ʌ],[ʌp̚.ta.go.ha.sjʌt̚.ʌ]
더 좋은 건 없지,8,[tʌ.tʃot̚.ɯŋ.kʌn.ʌp̚.tʃi],[dʌ.dʒot̚.ɯn.gʌn.ʌp̚.tʃi]
없다고 하셨지만,8,[ʌp̚.ta.ko.ha.sjʌt̚.tʃi.man],[ʌp̚.ta.go.ha.sjʌt̚.tʃi.man]
got a good,8,,
더 좋은 것이,8,[tʌ.tʃot̚.ɯŋ.kʌt̚.i],[dʌ.dʒot̚.ɯn.gʌt̚.i]
없다고 확신할,8,[ʌp̚.ta.ko.hwak̚.sin.hal],[ʌp̚.ta.go.hwak̚.sin.hal]
없다고요 그럼,8,[ʌp̚.ta.ko.jo.kɯ.ɾʌm],[ʌp̚.ta.go.jo.gɯ.ɾʌm]
없다고요 내,8,[ʌp̚.ta.ko.jo.nɛ],[ʌp̚.ta.go.jo.nɛ]
없다고요 당신이,8,[ʌp̚.ta.ko.jo.taŋ.sin.i],[ʌp̚.ta.go.jo.daŋ.sin.i]
없다고요 이제,8,[ʌp̚.ta.ko.jo.i.tʃe],[ʌp̚.ta.go.jo.i.dʒe]
없다는 가정 하에,8,[ʌp̚.ta.nɯŋ.ka.tʃʌŋ.ha.e],[ʌp̚.ta.nɯn.ga.dʒʌŋ.ha.e]
더 좋은 방법이 있어,8,[tʌ.tʃot̚.ɯm.pam.pʌp̚.i.it̚.ʌ],[dʌ.dʒot̚.ɯn.baŋ.bʌp̚.i.it̚.ʌ]
더 좋은 방법이 있지,8,[tʌ.tʃot̚.ɯm.pam.pʌp̚.i.it̚.tʃi],[dʌ.dʒot̚.ɯn.baŋ.bʌp̚.i.it̚.tʃi]
없다는 거 알지만,8,[ʌp̚.ta.nɯŋ.kʌ.al.tʃi.man],[ʌp̚.ta.nɯn.gʌ.al.tʃi.man]
없다는 거고,8,[ʌp̚.ta.nɯŋ.kʌ.ko],[ʌp̚.ta.nɯn.gʌ.go]
더 좋은 상황에서,8,[tʌ.tʃot̚.ɯn.saŋ.hwaŋ.e.sʌ],[dʌ.dʒot̚.ɯn.saŋ.hwaŋ.e.sʌ]
거예요 부탁,8,[kʌ.je.jo.pu.tʰak̚],[gʌ.je.jo.bu.tʰak̚]
더 좋은 생각이 있는데,8,[tʌ.tʃot̚.ɯn.sɛŋ.kak̚.i.it̚.nɯn.te],[dʌ.dʒot̚.ɯn.sɛŋ.gak̚.i.it̚.nɯn.te]
없다는 걸 깨달았죠,8,[ʌp̚.ta.nɯŋ.kʌl.k͈ɛ.tal.at̚.tʃjo],[ʌp̚.ta.nɯn.gʌl.k͈ɛ.dal.at̚.tʃjo]
없다는 걸 깨달았지,8,[ʌp̚.ta.nɯŋ.kʌl.k͈ɛ.tal.at̚.tʃi],[ʌp̚.ta.nɯn.gʌl.k͈ɛ.dal.at̚.tʃi]
없다는 걸 알 텐데,8,[ʌp̚.ta.nɯŋ.kʌl.al.tʰen.te],[ʌp̚.ta.nɯn.gʌl.al.tʰen.te]
거예요 부탁드려요,8,[kʌ.je.jo.pu.tʰak̚.tɯ.ɾjʌ.jo],[gʌ.je.jo.bu.tʰak̚.tɯ.ɾjʌ.jo]
없다는 걸 알아냈어,8,[ʌp̚.ta.nɯŋ.kʌl.al.a.nɛt̚.ʌ],[ʌp̚.ta.nɯn.gʌl.al.a.nɛt̚.ʌ]
없다는 걸 알아요,8,[ʌp̚.ta.nɯŋ.kʌl.al.a.jo],[ʌp̚.ta.nɯn.gʌl.al.a.jo]
없다는 걸 잘,8,[ʌp̚.ta.nɯŋ.kʌl.tʃal],[ʌp̚.ta.nɯn.gʌl.dʒal]
제가 그 애를,8,[tʃe.ka.kɯ.ɛ.ɾɯl],[dʒe.ga.gɯ.ɛ.ɾɯl]
특별히 찾으시는,8,[tʰɯk̚.pjʌl.hi.tʃʰat̚.ɯ.si.nɯn],[tʰɯk̚.pjʌl.hi.tʃʰat̚.ɯ.si.nɯn]
그러려던 건 아니었어,8,[kɯ.ɾʌ.ɾjʌ.tʌŋ.kʌn.a.ni.ʌt̚.ʌ],[gɯ.ɾʌ.ɾjʌ.dʌn.gʌn.a.ni.ʌt̚.ʌ]
그러려던 건 아닌데,8,[kɯ.ɾʌ.ɾjʌ.tʌŋ.kʌn.a.nin.te],[gɯ.ɾʌ.ɾjʌ.dʌn.gʌn.a.nin.te]
더 좋은 집을,8,[tʌ.tʃot̚.ɯn.tʃip̚.ɯl],[dʌ.dʒot̚.ɯn.dʒip̚.ɯl]
없다는 것을 의미한다,8,[ʌp̚.ta.nɯŋ.kʌt̚.ɯl.ɯi.mi.han.ta],[ʌp̚.ta.nɯn.gʌt̚.ɯl.ɯi.mi.han.ta]
없다는 것을요,8,[ʌp̚.ta.nɯŋ.kʌt̚.ɯl.jo],[ʌp̚.ta.nɯn.gʌt̚.ɯl.jo]
없다는 것이 얼마나,8,[ʌp̚.ta.nɯŋ.kʌt̚.i.ʌl.ma.na],[ʌp̚.ta.nɯn.gʌt̚.i.ʌl.ma.na]
없다는 게 무슨,8,[ʌp̚.ta.nɯŋ.ke.mu.sɯn],[ʌp̚.ta.nɯn.ge.mu.sɯn]
그러려면 시간이,8,[kɯ.ɾʌ.ɾjʌ.mjʌn.si.kan.i],[gɯ.ɾʌ.ɾjʌ.mjʌn.si.gan.i]
더 좋을거,8,[tʌ.tʃot̚.ɯl.kʌ],[dʌ.dʒot̚.ɯl.kʌ]
그러려면 이,8,[kɯ.ɾʌ.ɾjʌ.mjʌn.i],[gɯ.ɾʌ.ɾjʌ.mjʌn.i]
없다는 점을,8,[ʌp̚.ta.nɯn.tʃʌm.ɯl],[ʌp̚.ta.nɯn.dʒʌm.ɯl]
더 좋을지도,8,[tʌ.tʃot̚.ɯl.tʃi.to],[dʌ.dʒot̚.ɯl.tʃi.do]
없다니 무슨 말이야,8,[ʌp̚.ta.ni.mu.sɯn.mal.i.ja],[ʌp̚.ta.ni.mu.sɯn.mal.i.ja]
없다면 그건,8,[ʌp̚.ta.mjʌŋ.kɯ.kʌn],[ʌp̚.ta.mjʌn.gɯ.gʌn]
더 주겠다고,8,[tʌ.tʃu.ket̚.ta.ko],[dʌ.dʒu.get̚.ta.go]
없다면 날,8,[ʌp̚.ta.mjʌn.nal],[ʌp̚.ta.mjʌn.nal]
없다면 너는,8,[ʌp̚.ta.mjʌn.nʌ.nɯn],[ʌp̚.ta.mjʌn.nʌ.nɯn]
you seen the,8,,
그러면 괜찮을,8,[kɯ.ɾʌ.mjʌŋ.kwɛn.tʃʰan.ɯl],[gɯ.ɾʌ.mjʌn.gwɛn.tʃʰan.ɯl]
없다면 아무,8,[ʌp̚.ta.mjʌn.a.mu],[ʌp̚.ta.mjʌn.a.mu]
없다면 어떤,8,[ʌp̚.ta.mjʌn.ʌ.t͈ʌn],[ʌp̚.ta.mjʌn.ʌ.t͈ʌn]
그러면 그걸,8,[kɯ.ɾʌ.mjʌŋ.kɯ.kʌl],[gɯ.ɾʌ.mjʌn.gɯ.gʌl]
더 주시겠습니까,8,[tʌ.tʃu.si.ket̚.sɯp̚.ni.k͈a],[dʌ.dʒu.si.get̚.sɯp̚.ni.k͈a]
없다면 전,8,[ʌp̚.ta.mjʌn.tʃʌn],[ʌp̚.ta.mjʌn.dʒʌn]
거예요 사건,8,[kʌ.je.jo.sa.kʌn],[gʌ.je.jo.sa.gʌn]
엄마의 사랑을,8,[ʌm.ma.ɯi.sa.ɾaŋ.ɯl],[ʌm.ma.ɯi.sa.ɾaŋ.ɯl]
거예요 너한테,8,[kʌ.je.jo.nʌ.han.tʰe],[gʌ.je.jo.nʌ.han.tʰe]
you set,8,,
없더라고 그,8,[ʌp̚.tʌ.ɾa.ko.kɯ],[ʌp̚.tʌ.ɾa.go.gɯ]
더 중요하고,8,[tʌ.tʃuŋ.jo.ha.ko],[dʌ.dʒuŋ.jo.ha.go]
없던 건데,8,[ʌp̚.tʌŋ.kʌn.te],[ʌp̚.tʌn.gʌn.te]
없던 내,8,[ʌp̚.tʌn.nɛ],[ʌp̚.tʌn.nɛ]
없던 듯이 살아,8,[ʌp̚.tʌn.tɯt̚.i.sal.a],[ʌp̚.tʌn.dɯt̚.i.sal.a]
그러면 나를,8,[kɯ.ɾʌ.mjʌn.na.ɾɯl],[gɯ.ɾʌ.mjʌn.na.ɾɯl]
없던 일로 해요,8,[ʌp̚.tʌn.il.ɾo.hɛ.jo],[ʌp̚.tʌn.il.ɾo.hɛ.jo]
제 편지를,8,[tʃe.pʰjʌn.tʃi.ɾɯl],[dʒe.pʰjʌn.tʃi.ɾɯl]
더 중요한 일들이,8,[tʌ.tʃuŋ.jo.han.il.tɯl.i],[dʌ.dʒuŋ.jo.han.il.tɯl.i]
got a thing for,8,,
없도록 하세요,8,[ʌp̚.to.ɾok̚.ha.se.jo],[ʌp̚.to.ɾok̚.ha.se.jo]
없도록 확실히,8,[ʌp̚.to.ɾok̚.hwak̚.sil.hi],[ʌp̚.to.ɾok̚.hwak̚.sil.hi]
그러면 내가 어떻게,8,[kɯ.ɾʌ.mjʌn.nɛ.ka.ʌ.t͈ʌt̚.ke],[gɯ.ɾʌ.mjʌn.nɛ.ga.ʌ.t͈ʌt̚.ke]
you should do,8,,
없소 그래서,8,[ʌp̚.so.kɯ.ɾɛ.sʌ],[ʌp̚.so.gɯ.ɾɛ.sʌ]
you should go,8,,
모든 비행,8,[mo.tɯm.pi.hɛŋ],[mo.dɯn.bi.hɛŋ]
없소 우리가,8,[ʌp̚.so.u.ɾi.ka],[ʌp̚.so.u.ɾi.ga]
제가 놓친,8,[tʃe.ka.not̚.tʃʰin],[dʒe.ga.not̚.tʃʰin]
그러면 너와,8,[kɯ.ɾʌ.mjʌn.nʌ.wa],[gɯ.ɾʌ.mjʌn.nʌ.wa]
me I''m just,8,,
없습니다 그게 무슨,8,[ʌp̚.sɯp̚.ni.ta.kɯ.ke.mu.sɯn],[ʌp̚.sɯp̚.ni.da.gɯ.ge.mu.sɯn]
더 지금,8,[tʌ.tʃi.kɯm],[dʌ.dʒi.gɯm]
없습니다 그러니까,8,[ʌp̚.sɯp̚.ni.ta.kɯ.ɾʌ.ni.k͈a],[ʌp̚.sɯp̚.ni.da.gɯ.ɾʌ.ni.k͈a]
거예요 네 말이,8,[kʌ.je.jo.ne.mal.i],[gʌ.je.jo.ne.mal.i]
없습니다 그의,8,[ʌp̚.sɯp̚.ni.ta.kɯ.ɯi],[ʌp̚.sɯp̚.ni.da.gɯ.ɯi]
그러면 누군가,8,[kɯ.ɾʌ.mjʌn.nu.kuŋ.ka],[gɯ.ɾʌ.mjʌn.nu.guŋ.ka]
더 지저분하게,8,[tʌ.tʃi.tʃʌ.pun.ha.ke],[dʌ.dʒi.dʒʌ.bun.ha.ge]
없습니다 내일,8,[ʌp̚.sɯp̚.ni.ta.nɛ.il],[ʌp̚.sɯp̚.ni.da.nɛ.il]
없습니다 당신의,8,[ʌp̚.sɯp̚.ni.ta.taŋ.sin.ɯi],[ʌp̚.sɯp̚.ni.da.daŋ.sin.ɯi]
더 질문이,8,[tʌ.tʃil.mun.i],[dʌ.dʒil.mun.i]
없습니다 따라서,8,[ʌp̚.sɯp̚.ni.ta.t͈a.ɾa.sʌ],[ʌp̚.sɯp̚.ni.da.t͈a.ɾa.sʌ]
가져왔는지 봐,8,[ka.tʃjʌ.wat̚.nɯn.tʃi.pwa],[ga.dʒjʌ.wat̚.nɯn.tʃi.bwa]
더 찍으면,8,[tʌ.tʃ͈ik̚.ɯ.mjʌn],[dʌ.tʃ͈ik̚.ɯ.mjʌn]
없습니다 아마,8,[ʌp̚.sɯp̚.ni.ta.a.ma],[ʌp̚.sɯp̚.ni.da.a.ma]
더 찍죠,8,[tʌ.tʃ͈ik̚.tʃjo],[dʌ.tʃ͈ik̚.tʃjo]
엄마한테 배운,8,[ʌm.ma.han.tʰe.pɛ.un],[ʌm.ma.han.tʰe.bɛ.un]
없습니다 어디,8,[ʌp̚.sɯp̚.ni.ta.ʌ.ti],[ʌp̚.sɯp̚.ni.da.ʌ.di]
없습니다 어느,8,[ʌp̚.sɯp̚.ni.ta.ʌ.nɯ],[ʌp̚.sɯp̚.ni.da.ʌ.nɯ]
거예요 서둘러,8,[kʌ.je.jo.sʌ.tul.ɾʌ],[gʌ.je.jo.sʌ.dul.ɾʌ]
없습니다 오직,8,[ʌp̚.sɯp̚.ni.ta.o.tʃik̚],[ʌp̚.sɯp̚.ni.da.o.dʒik̚]
없습니다 이걸,8,[ʌp̚.sɯp̚.ni.ta.i.kʌl],[ʌp̚.sɯp̚.ni.da.i.gʌl]
없습니다 자네,8,[ʌp̚.sɯp̚.ni.ta.tʃa.ne],[ʌp̚.sɯp̚.ni.da.dʒa.ne]
없습니다 잘,8,[ʌp̚.sɯp̚.ni.ta.tʃal],[ʌp̚.sɯp̚.ni.da.dʒal]
더 채워,8,[tʌ.tʃʰɛ.wʌ],[dʌ.tʃʰɛ.wʌ]
특이한 점을,8,[tʰɯk̚.i.han.tʃʌm.ɯl],[tʰɯk̚.i.han.dʒʌm.ɯl]
없습니다 죄송합니다,8,[ʌp̚.sɯp̚.ni.ta.tʃwe.soŋ.hap̚.ni.ta],[ʌp̚.sɯp̚.ni.da.dʒwe.soŋ.hap̚.ni.da]
그러면 둘이,8,[kɯ.ɾʌ.mjʌn.tul.i],[gɯ.ɾʌ.mjʌn.dul.i]
없습니다 혹시,8,[ʌp̚.sɯp̚.ni.ta.hok̚.si],[ʌp̚.sɯp̚.ni.da.hok̚.si]
그러면 많은,8,[kɯ.ɾʌ.mjʌn.man.ɯn],[gɯ.ɾʌ.mjʌn.man.ɯn]
더 충격적인,8,[tʌ.tʃʰuŋ.kjʌk̚.tʃʌk̚.in],[dʌ.tʃʰuŋ.gjʌk̚.tʃʌk̚.in]
더 치고,8,[tʌ.tʃʰi.ko],[dʌ.tʃʰi.go]
you smile,8,,
엄마한테 전화할,8,[ʌm.ma.han.tʰe.tʃʌn.hwa.hal],[ʌm.ma.han.tʰe.dʒʌn.hwa.hal]
없애고 싶은,8,[ʌp̚.ɛ.ko.sip̚.ɯn],[ʌp̚.ɛ.go.sip̚.ɯn]
더 친해,8,[tʌ.tʃʰin.hɛ],[dʌ.tʃʰin.hɛ]
없애는 거예요,8,[ʌp̚.ɛ.nɯŋ.kʌ.je.jo],[ʌp̚.ɛ.nɯn.gʌ.je.jo]
그러면 모든 걸,8,[kɯ.ɾʌ.mjʌn.mo.tɯŋ.kʌl],[gɯ.ɾʌ.mjʌn.mo.dɯn.gʌl]
제가 더 감사하죠,8,[tʃe.ka.tʌ.kam.sa.ha.tʃjo],[dʒe.ga.dʌ.gam.sa.ha.dʒjo]
더 커 보이게,8,[tʌ.kʰʌ.po.i.ke],[dʌ.kʰʌ.bo.i.ge]
없애는 유일한,8,[ʌp̚.ɛ.nɯn.ju.il.han],[ʌp̚.ɛ.nɯn.ju.il.han]
더 커야지,8,[tʌ.kʰʌ.ja.tʃi],[dʌ.kʰʌ.ja.dʒi]
없애야 한다고,8,[ʌp̚.ɛ.ja.han.ta.ko],[ʌp̚.ɛ.ja.han.ta.go]
특정 인물을,8,[tʰɯk̚.tʃʌŋ.in.mul.ɯl],[tʰɯk̚.tʃʌŋ.in.mul.ɯl]
없애줄 수 있어,8,[ʌp̚.ɛ.tʃul.su.it̚.ʌ],[ʌp̚.ɛ.dʒul.su.it̚.ʌ]
그러면 뭔가,8,[kɯ.ɾʌ.mjʌn.mwʌŋ.ka],[gɯ.ɾʌ.mjʌn.mwʌŋ.ka]
없앨 겁니다,8,[ʌp̚.ɛl.kʌp̚.ni.ta],[ʌp̚.ɛl.gʌp̚.ni.da]
제 생각은 이렇습니다,8,[tʃe.sɛŋ.kak̚.ɯn.i.ɾʌt̚.sɯp̚.ni.ta],[dʒe.sɛŋ.gak̚.ɯn.i.ɾʌt̚.sɯp̚.ni.da]
더 커질 거야,8,[tʌ.kʰʌ.tʃil.kʌ.ja],[dʌ.kʰʌ.dʒil.gʌ.ja]
그러면 상황이,8,[kɯ.ɾʌ.mjʌn.saŋ.hwaŋ.i],[gɯ.ɾʌ.mjʌn.saŋ.hwaŋ.i]
더 크게 말씀해,8,[tʌ.kʰɯ.ke.mal.s͈ɯm.hɛ],[dʌ.kʰɯ.ge.mal.s͈ɯm.hɛ]
없어 font,8,[ʌp̚.ʌ],[ʌp̚.ʌ]
없어 font color,8,[ʌp̚.ʌ],[ʌp̚.ʌ]
제가 돌봐,8,[tʃe.ka.tol.pwa],[dʒe.ga.dol.pwa]
더 악화시켰어요,8,[tʌ.ak̚.hwa.si.kʰjʌt̚.ʌ.jo],[dʌ.ak̚.hwa.si.kʰjʌt̚.ʌ.jo]
더 큰 것이,8,[tʌ.kʰɯŋ.kʌt̚.i],[dʌ.kʰɯn.gʌt̚.i]
그러면 아주,8,[kɯ.ɾʌ.mjʌn.a.tʃu],[gɯ.ɾʌ.mjʌn.a.dʒu]
그러면 안 됐어,8,[kɯ.ɾʌ.mjʌn.an.twɛt̚.ʌ],[gɯ.ɾʌ.mjʌn.an.dwɛt̚.ʌ]
없어 결코 얻을,8,[ʌp̚.ʌ.kjʌl.kʰo.ʌt̚.ɯl],[ʌp̚.ʌ.gjʌl.kʰo.ʌt̚.ɯl]
더 큰 꿈을,8,[tʌ.kʰɯŋ.k͈um.ɯl],[dʌ.kʰɯŋ.k͈um.ɯl]
그러면 안 되겠죠,8,[kɯ.ɾʌ.mjʌn.an.twe.ket̚.tʃjo],[gɯ.ɾʌ.mjʌn.an.dwe.get̚.tʃjo]
제가 둘 다,8,[tʃe.ka.tul.ta],[dʒe.ga.dul.da]
you son,8,,
없어 괜찮을 거야,8,[ʌp̚.ʌ.kwɛn.tʃʰan.ɯl.kʌ.ja],[ʌp̚.ʌ.gwɛn.tʃʰan.ɯl.gʌ.ja]
더 큰 문제가 있습니다,8,[tʌ.kʰɯn.mun.tʃe.ka.it̚.sɯp̚.ni.ta],[dʌ.kʰɯn.mun.tʃe.ga.it̚.sɯp̚.ni.da]
더 큰 문제에,8,[tʌ.kʰɯn.mun.tʃe.e],[dʌ.kʰɯn.mun.tʃe.e]
더 큰 사람이,8,[tʌ.kʰɯn.sa.ɾam.i],[dʌ.kʰɯn.sa.ɾam.i]
없어 그게 아니라,8,[ʌp̚.ʌ.kɯ.ke.a.ni.ɾa],[ʌp̚.ʌ.gɯ.ge.a.ni.ɾa]
없어 그냥 그렇게,8,[ʌp̚.ʌ.kɯ.njaŋ.kɯ.ɾʌt̚.ke],[ʌp̚.ʌ.gɯ.njaŋ.gɯ.ɾʌt̚.ke]
그러면 안 될 텐데,8,[kɯ.ɾʌ.mjʌn.an.twel.tʰen.te],[gɯ.ɾʌ.mjʌn.an.dwel.tʰen.te]
없어 그래 그럼,8,[ʌp̚.ʌ.kɯ.ɾɛ.kɯ.ɾʌm],[ʌp̚.ʌ.gɯ.ɾɛ.gɯ.ɾʌm]
제가 들어갈게요,8,[tʃe.ka.tɯl.ʌ.kal.ke.jo],[dʒe.ga.dɯl.ʌ.gal.ke.jo]
없어 그래서 온,8,[ʌp̚.ʌ.kɯ.ɾɛ.sʌ.on],[ʌp̚.ʌ.gɯ.ɾɛ.sʌ.on]
거예요 실제로,8,[kʌ.je.jo.sil.tʃe.ɾo],[gʌ.je.jo.sil.tʃe.ɾo]
그러니 진정해,8,[kɯ.ɾʌ.ni.tʃin.tʃʌŋ.hɛ],[gɯ.ɾʌ.ni.dʒin.tʃʌŋ.hɛ]
그러면 안되죠,8,[kɯ.ɾʌ.mjʌn.an.twe.tʃjo],[gɯ.ɾʌ.mjʌn.an.twe.dʒjo]
그러면 안될,8,[kɯ.ɾʌ.mjʌn.an.twel],[gɯ.ɾʌ.mjʌn.an.twel]
없어 그런 식으로,8,[ʌp̚.ʌ.kɯ.ɾʌn.sik̚.ɯ.ɾo],[ʌp̚.ʌ.gɯ.ɾʌn.sik̚.ɯ.ɾo]
더 클 줄,8,[tʌ.kʰɯl.tʃul],[dʌ.kʰɯl.dʒul]
그러면 안됩니다,8,[kɯ.ɾʌ.mjʌn.an.twep̚.ni.ta],[gɯ.ɾʌ.mjʌn.an.twep̚.ni.da]
없어 그럴 순 없다고,8,[ʌp̚.ʌ.kɯ.ɾʌl.sun.ʌp̚.ta.ko],[ʌp̚.ʌ.gɯ.ɾʌl.sun.ʌp̚.ta.go]
더 키울,8,[tʌ.kʰi.ul],[dʌ.kʰi.ul]
더 키워,8,[tʌ.kʰi.wʌ],[dʌ.kʰi.wʌ]
그러면 어느,8,[kɯ.ɾʌ.mjʌn.ʌ.nɯ],[gɯ.ɾʌ.mjʌn.ʌ.nɯ]
그러면 어디로,8,[kɯ.ɾʌ.mjʌn.ʌ.ti.ɾo],[gɯ.ɾʌ.mjʌn.ʌ.di.ɾo]
그러면 어때,8,[kɯ.ɾʌ.mjʌn.ʌ.t͈ɛ],[gɯ.ɾʌ.mjʌn.ʌ.t͈ɛ]
더 파야,8,[tʌ.pʰa.ja],[dʌ.pʰa.ja]
더 파면,8,[tʌ.pʰa.mjʌn],[dʌ.pʰa.mjʌn]
제가 떠나기 전에,8,[tʃe.ka.t͈ʌ.na.ki.tʃʌn.e],[dʒe.ga.t͈ʌ.na.gi.dʒʌn.e]
더 퍼지,8,[tʌ.pʰʌ.tʃi],[dʌ.pʰʌ.dʒi]
제가 똑똑히,8,[tʃe.ka.t͈ok̚.t͈ok̚.hi],[dʒe.ga.t͈ok̚.t͈ok̚.hi]
제가 마실,8,[tʃe.ka.ma.sil],[dʒe.ga.ma.sil]
We''re about,8,,
없어 그치만,8,[ʌp̚.ʌ.kɯ.tʃʰi.man],[ʌp̚.ʌ.gɯ.tʃʰi.man]
you started,8,,
없어 기분,8,[ʌp̚.ʌ.ki.pun],[ʌp̚.ʌ.gi.bun]
더 평범한,8,[tʌ.pʰjʌm.pʌm.han],[dʌ.pʰjʌŋ.bʌm.han]
더 평화로운,8,[tʌ.pʰjʌŋ.hwa.ɾo.un],[dʌ.pʰjʌŋ.hwa.ɾo.un]
없어 끔찍한,8,[ʌp̚.ʌ.k͈ɯn.tʃ͈ik̚.han],[ʌp̚.ʌ.k͈ɯn.tʃ͈ik̚.han]
제가 만난 사람 중,8,[tʃe.ka.man.nan.sa.ɾan.tʃuŋ],[dʒe.ga.man.nan.sa.ɾam.dʒuŋ]
없어 나 때문에,8,[ʌp̚.ʌ.na.t͈ɛ.mun.e],[ʌp̚.ʌ.na.t͈ɛ.mun.e]
더 퓨처,8,[tʌ.pʰju.tʃʰʌ],[dʌ.pʰju.tʃʰʌ]
더 필요 없어,8,[tʌ.pʰil.jo.ʌp̚.ʌ],[dʌ.pʰil.jo.ʌp̚.ʌ]
더 필요하단,8,[tʌ.pʰil.jo.ha.tan],[dʌ.pʰil.jo.ha.dan]
없어 난 속일 수,8,[ʌp̚.ʌ.nan.sok̚.il.su],[ʌp̚.ʌ.nan.sok̚.il.su]
더 필요하대,8,[tʌ.pʰil.jo.ha.tɛ],[dʌ.pʰil.jo.ha.dɛ]
없어 내 말 믿어,8,[ʌp̚.ʌ.nɛ.mal.mit̚.ʌ],[ʌp̚.ʌ.nɛ.mal.mit̚.ʌ]
gonna turn,8,,
더 필요한 거 있으세요,8,[tʌ.pʰil.jo.haŋ.kʌ.it̚.ɯ.se.jo],[dʌ.pʰil.jo.han.gʌ.it̚.ɯ.se.jo]
더 필요한 건 없어요,8,[tʌ.pʰil.jo.haŋ.kʌn.ʌp̚.ʌ.jo],[dʌ.pʰil.jo.han.gʌn.ʌp̚.ʌ.jo]
없어 내가 뭘,8,[ʌp̚.ʌ.nɛ.ka.mwʌl],[ʌp̚.ʌ.nɛ.ga.mwʌl]
없어 내가 어떤,8,[ʌp̚.ʌ.nɛ.ka.ʌ.t͈ʌn],[ʌp̚.ʌ.nɛ.ga.ʌ.t͈ʌn]
엄청 눈에,8,[ʌn.tʃʰʌŋ.nun.e],[ʌn.tʃʰʌŋ.nun.e]
더 필요할 거예요,8,[tʌ.pʰil.jo.hal.kʌ.je.jo],[dʌ.pʰil.jo.hal.gʌ.je.jo]
거예요 아들이,8,[kʌ.je.jo.a.tɯl.i],[gʌ.je.jo.a.dɯl.i]
선택한 삶을,8,[sʌn.tʰɛk̚.han.sam.ɯl],[sʌn.tʰɛk̚.han.sam.ɯl]
거예요 아름다운,8,[kʌ.je.jo.a.ɾɯn.ta.un],[gʌ.je.jo.a.ɾɯn.ta.un]
더 필요합니까,8,[tʌ.pʰil.jo.hap̚.ni.k͈a],[dʌ.pʰil.jo.hap̚.ni.k͈a]
엄청 도움,8,[ʌn.tʃʰʌŋ.to.um],[ʌn.tʃʰʌŋ.do.um]
모든 수술을,8,[mo.tɯn.su.sul.ɯl],[mo.dɯn.su.sul.ɯl]
없어 넌 할,8,[ʌp̚.ʌ.nʌn.hal],[ʌp̚.ʌ.nʌn.hal]
없어 넌 할 수,8,[ʌp̚.ʌ.nʌn.hal.su],[ʌp̚.ʌ.nʌn.hal.su]
더 하겠습니다,8,[tʌ.ha.ket̚.sɯp̚.ni.ta],[dʌ.ha.get̚.sɯp̚.ni.da]
더 하고 싶은 말,8,[tʌ.ha.ko.sip̚.ɯn.mal],[dʌ.ha.go.sip̚.ɯn.mal]
없어 누나,8,[ʌp̚.ʌ.nu.na],[ʌp̚.ʌ.nu.na]
그러면 자기,8,[kɯ.ɾʌ.mjʌn.tʃa.ki],[gɯ.ɾʌ.mjʌn.dʒa.gi]
더 하러,8,[tʌ.ha.ɾʌ],[dʌ.ha.ɾʌ]
없어 다른 방법을,8,[ʌp̚.ʌ.ta.ɾɯm.pam.pʌp̚.ɯl],[ʌp̚.ʌ.da.ɾɯn.baŋ.bʌp̚.ɯl]
없어 다른 사람,8,[ʌp̚.ʌ.ta.ɾɯn.sa.ɾam],[ʌp̚.ʌ.da.ɾɯn.sa.ɾam]
없어 다음에,8,[ʌp̚.ʌ.ta.ɯm.e],[ʌp̚.ʌ.da.ɯm.e]
없어 닥쳐,8,[ʌp̚.ʌ.tak̚.tʃʰjʌ],[ʌp̚.ʌ.dak̚.tʃʰjʌ]
더 하실 말씀 있나요,8,[tʌ.ha.sil.mal.s͈ɯm.it̚.na.jo],[dʌ.ha.sil.mal.s͈ɯm.it̚.na.jo]
없어 당신이 내,8,[ʌp̚.ʌ.taŋ.sin.i.nɛ],[ʌp̚.ʌ.daŋ.sin.i.nɛ]
없어 당신한테,8,[ʌp̚.ʌ.taŋ.sin.han.tʰe],[ʌp̚.ʌ.daŋ.sin.han.tʰe]
제가 먼저 갈게요,8,[tʃe.ka.mʌn.tʃʌ.kal.ke.jo],[dʒe.ga.mʌn.tʃʌ.gal.ke.jo]
그러면 저희는,8,[kɯ.ɾʌ.mjʌn.tʃʌ.hɯi.nɯn],[gɯ.ɾʌ.mjʌn.dʒʌ.hɯi.nɯn]
더 할 게,8,[tʌ.hal.ke],[dʌ.hal.ge]
그러면 절대 안,8,[kɯ.ɾʌ.mjʌn.tʃʌl.tɛ.an],[gɯ.ɾʌ.mjʌn.dʒʌl.tɛ.an]
없어 두고,8,[ʌp̚.ʌ.tu.ko],[ʌp̚.ʌ.du.go]
없어 드디어,8,[ʌp̚.ʌ.tɯ.ti.ʌ],[ʌp̚.ʌ.dɯ.di.ʌ]
you talk to,8,,
더 할 말도,8,[tʌ.hal.mal.to],[dʌ.hal.mal.to]
모든 시름,8,[mo.tɯn.si.ɾɯm],[mo.dɯn.si.ɾɯm]
없어 루시어스,8,[ʌp̚.ʌ.ɾu.si.ʌ.sɯ],[ʌp̚.ʌ.ɾu.si.ʌ.sɯ]
없어 루시,8,[ʌp̚.ʌ.ɾu.si],[ʌp̚.ʌ.ɾu.si]
없어 루시퍼,8,[ʌp̚.ʌ.ɾu.si.pʰʌ],[ʌp̚.ʌ.ɾu.si.pʰʌ]
없어 마음대로,8,[ʌp̚.ʌ.ma.ɯn.tɛ.ɾo],[ʌp̚.ʌ.ma.ɯn.tɛ.ɾo]
없어 마이클,8,[ʌp̚.ʌ.ma.i.kʰɯl],[ʌp̚.ʌ.ma.i.kʰɯl]
더 할 얘기가,8,[tʌ.hal.jɛ.ki.ka],[dʌ.hal.jɛ.gi.ga]
없어 만약에,8,[ʌp̚.ʌ.man.jak̚.e],[ʌp̚.ʌ.man.jak̚.e]
없어 말해,8,[ʌp̚.ʌ.mal.hɛ],[ʌp̚.ʌ.mal.hɛ]
없어 말할,8,[ʌp̚.ʌ.mal.hal],[ʌp̚.ʌ.mal.hal]
없어 말해봐,8,[ʌp̚.ʌ.mal.hɛ.pwa],[ʌp̚.ʌ.mal.hɛ.bwa]
제가 모은,8,[tʃe.ka.mo.ɯn],[dʒe.ga.mo.ɯn]
그러면 좋겠죠,8,[kɯ.ɾʌ.mjʌn.tʃot̚.ket̚.tʃjo],[gɯ.ɾʌ.mjʌn.dʒot̚.ket̚.tʃjo]
없어 며칠,8,[ʌp̚.ʌ.mjʌ.tʃʰil],[ʌp̚.ʌ.mjʌ.tʃʰil]
거예요 아셨죠,8,[kʌ.je.jo.a.sjʌt̚.tʃjo],[gʌ.je.jo.a.sjʌt̚.tʃjo]
더 해 줄까,8,[tʌ.hɛ.tʃul.k͈a],[dʌ.hɛ.dʒul.k͈a]
you telepathically,8,,
더 해라,8,[tʌ.hɛ.ɾa],[dʌ.hɛ.ɾa]
got his,8,,
거예요 다 같이,8,[kʌ.je.jo.ta.kat̚.i],[gʌ.je.jo.da.gat̚.i]
그러면 직접,8,[kɯ.ɾʌ.mjʌn.tʃik̚.tʃʌp̚],[gɯ.ɾʌ.mjʌn.dʒik̚.tʃʌp̚]
그러면 참,8,[kɯ.ɾʌ.mjʌn.tʃʰam],[gɯ.ɾʌ.mjʌn.tʃʰam]
없어 반드시,8,[ʌp̚.ʌ.pan.tɯ.si],[ʌp̚.ʌ.ban.tɯ.si]
없어 방법이,8,[ʌp̚.ʌ.pam.pʌp̚.i],[ʌp̚.ʌ.baŋ.bʌp̚.i]
없어 방법을,8,[ʌp̚.ʌ.pam.pʌp̚.ɯl],[ʌp̚.ʌ.baŋ.bʌp̚.ɯl]
없어 배,8,[ʌp̚.ʌ.pɛ],[ʌp̚.ʌ.bɛ]
없어 보였습니다,8,[ʌp̚.ʌ.po.jʌt̚.sɯp̚.ni.ta],[ʌp̚.ʌ.bo.jʌt̚.sɯp̚.ni.da]
더 했다간,8,[tʌ.hɛt̚.ta.kan],[dʌ.hɛt̚.ta.gan]
더 했어요,8,[tʌ.hɛt̚.ʌ.jo],[dʌ.hɛt̚.ʌ.jo]
더 했으면,8,[tʌ.hɛt̚.ɯ.mjʌn],[dʌ.hɛt̚.ɯ.mjʌn]
더 했죠,8,[tʌ.hɛt̚.tʃjo],[dʌ.hɛt̚.tʃjo]
틀렸던 것 같아,8,[tʰɯl.ɾjʌt̚.tʌŋ.kʌt̚.kat̚.a],[tʰɯl.ɾjʌt̚.tʌn.gʌt̚.gat̚.a]
없어 비켜,8,[ʌp̚.ʌ.pi.kʰjʌ],[ʌp̚.ʌ.bi.kʰjʌ]
제가 뭐라고 할,8,[tʃe.ka.mwʌ.ɾa.ko.hal],[dʒe.ga.mwʌ.ɾa.go.hal]
더 현대적인,8,[tʌ.hjʌn.tɛ.tʃʌk̚.in],[dʌ.hjʌn.tɛ.dʒʌk̚.in]
거예요 아주머니,8,[kʌ.je.jo.a.tʃu.mʌ.ni],[gʌ.je.jo.a.dʒu.mʌ.ni]
없어 사장님,8,[ʌp̚.ʌ.sa.tʃaŋ.nim],[ʌp̚.ʌ.sa.dʒaŋ.nim]
더 현실적으로,8,[tʌ.hjʌn.sil.tʃʌk̚.ɯ.ɾo],[dʌ.hjʌn.sil.tʃʌk̚.ɯ.ɾo]
그러세요 고마워요,8,[kɯ.ɾʌ.se.jo.ko.ma.wʌ.jo],[gɯ.ɾʌ.se.jo.go.ma.wʌ.jo]
그러므로 우리는,8,[kɯ.ɾʌ.mɯ.ɾo.u.ɾi.nɯn],[gɯ.ɾʌ.mɯ.ɾo.u.ɾi.nɯn]
없어 선택의 여지가,8,[ʌp̚.ʌ.sʌn.tʰɛk̚.ɯi.jʌ.tʃi.ka],[ʌp̚.ʌ.sʌn.tʰɛk̚.ɯi.jʌ.dʒi.ga]
없어 세상은,8,[ʌp̚.ʌ.se.saŋ.ɯn],[ʌp̚.ʌ.se.saŋ.ɯn]
없어 세상이,8,[ʌp̚.ʌ.se.saŋ.i],[ʌp̚.ʌ.se.saŋ.i]
더 화려하게,8,[tʌ.hwa.ɾjʌ.ha.ke],[dʌ.hwa.ɾjʌ.ha.ge]
그러세요 난,8,[kɯ.ɾʌ.se.jo.nan],[gɯ.ɾʌ.se.jo.nan]
모든 것이가,8,[mo.tɯŋ.kʌt̚.i.ka],[mo.dɯn.gʌt̚.i.ga]
없어 시간을,8,[ʌp̚.ʌ.si.kan.ɯl],[ʌp̚.ʌ.si.gan.ɯl]
got it from,8,,
제가 뭘 하길,8,[tʃe.ka.mwʌl.ha.kil],[dʒe.ga.mwʌl.ha.gil]
제가 뭘 해야 하죠,8,[tʃe.ka.mwʌl.hɛ.ja.ha.tʃjo],[dʒe.ga.mwʌl.hɛ.ja.ha.dʒjo]
없어 씨발,8,[ʌp̚.ʌ.s͈i.pal],[ʌp̚.ʌ.s͈i.bal]
더 황당한,8,[tʌ.hwaŋ.taŋ.han],[dʌ.hwaŋ.daŋ.han]
더 효과가,8,[tʌ.hjo.kwa.ka],[dʌ.hjo.gwa.ga]
그러셔야 합니다,8,[kɯ.ɾʌ.sjʌ.ja.hap̚.ni.ta],[gɯ.ɾʌ.sjʌ.ja.hap̚.ni.da]
그러셔야 해요,8,[kɯ.ɾʌ.sjʌ.ja.hɛ.jo],[gɯ.ɾʌ.sjʌ.ja.hɛ.jo]
I''ll see you tomorrow,8,,
없어 아버지는,8,[ʌp̚.ʌ.a.pʌ.tʃi.nɯn],[ʌp̚.ʌ.a.bʌ.dʒi.nɯn]
거예요 안녕히 계세요,8,[kʌ.je.jo.an.njʌŋ.hi.kje.se.jo],[gʌ.je.jo.an.njʌŋ.hi.gje.se.jo]
없어 아이,8,[ʌp̚.ʌ.a.i],[ʌp̚.ʌ.a.i]
없어 아저씨,8,[ʌp̚.ʌ.a.tʃʌ.s͈i],[ʌp̚.ʌ.a.dʒʌ.s͈i]
더 힘들 거야,8,[tʌ.hin.tɯl.kʌ.ja],[dʌ.hin.tɯl.gʌ.ja]
더 힘들 거예요,8,[tʌ.hin.tɯl.kʌ.je.jo],[dʌ.hin.tɯl.gʌ.je.jo]
모든 여성의,8,[mo.tɯn.jʌ.sʌŋ.ɯi],[mo.dɯn.jʌ.sʌŋ.ɯi]
더 약한,8,[tʌ.jak̚.han],[dʌ.jak̚.han]
더 힘들게 하지 마,8,[tʌ.hin.tɯl.ke.ha.tʃi.ma],[dʌ.hin.tɯl.ke.ha.dʒi.ma]
거예요 안전한,8,[kʌ.je.jo.an.tʃʌn.han],[gʌ.je.jo.an.tʃʌn.han]
그러신 거,8,[kɯ.ɾʌ.siŋ.kʌ],[gɯ.ɾʌ.sin.gʌ]
더그 스탬퍼가,8,[tʌ.kɯ.sɯ.tʰɛm.pʰʌ.ka],[dʌ.gɯ.sɯ.tʰɛm.pʰʌ.ga]
없어 얼마,8,[ʌp̚.ʌ.ʌl.ma],[ʌp̚.ʌ.ʌl.ma]
없어 엄마도,8,[ʌp̚.ʌ.ʌm.ma.to],[ʌp̚.ʌ.ʌm.ma.do]
없어 엄마한테,8,[ʌp̚.ʌ.ʌm.ma.han.tʰe],[ʌp̚.ʌ.ʌm.ma.han.tʰe]
더글러스 윈터,8,[tʌ.kɯl.ɾʌ.sɯ.win.tʰʌ],[dʌ.gɯl.ɾʌ.sɯ.win.tʰʌ]
없어 없다니,8,[ʌp̚.ʌ.ʌp̚.ta.ni],[ʌp̚.ʌ.ʌp̚.ta.ni]
없어 에,8,[ʌp̚.ʌ.e],[ʌp̚.ʌ.e]
you they,8,,
더는 감당,8,[tʌ.nɯŋ.kan.taŋ],[dʌ.nɯn.gan.taŋ]
없어 여기도,8,[ʌp̚.ʌ.jʌ.ki.to],[ʌp̚.ʌ.jʌ.gi.do]
더는 견딜 수가,8,[tʌ.nɯŋ.kjʌn.til.su.ka],[dʌ.nɯn.gjʌn.til.su.ga]
없어 열,8,[ʌp̚.ʌ.jʌl],[ʌp̚.ʌ.jʌl]
거예요 알아들었어요,8,[kʌ.je.jo.al.a.tɯl.ʌt̚.ʌ.jo],[gʌ.je.jo.al.a.dɯl.ʌt̚.ʌ.jo]
없어 오늘 밤에,8,[ʌp̚.ʌ.o.nɯl.pam.e],[ʌp̚.ʌ.o.nɯl.bam.e]
없어 온,8,[ʌp̚.ʌ.on],[ʌp̚.ʌ.on]
가져왔어요 정말,8,[ka.tʃjʌ.wat̚.ʌ.jo.tʃʌŋ.mal],[ga.dʒjʌ.wat̚.ʌ.jo.dʒʌŋ.mal]
본 거 같네요,8,[poŋ.kʌ.kat̚.ne.jo],[bon.gʌ.gat̚.ne.jo]
없어 왜 여기,8,[ʌp̚.ʌ.wɛ.jʌ.ki],[ʌp̚.ʌ.wɛ.jʌ.gi]
없어 우리끼리,8,[ʌp̚.ʌ.u.ɾi.k͈i.ɾi],[ʌp̚.ʌ.u.ɾi.k͈i.ɾi]
모든 올바른,8,[mo.tɯn.ol.pa.ɾɯn],[mo.dɯn.ol.pa.ɾɯn]
제가 보증합니다,8,[tʃe.ka.po.tʃɯŋ.hap̚.ni.ta],[dʒe.ga.bo.dʒɯŋ.hap̚.ni.da]
제가 본 최고의,8,[tʃe.ka.pon.tʃʰwe.ko.ɯi],[dʒe.ga.bon.tʃʰwe.go.ɯi]
거예요 애,8,[kʌ.je.jo.ɛ],[gʌ.je.jo.ɛ]
없어 우린 할,8,[ʌp̚.ʌ.u.ɾin.hal],[ʌp̚.ʌ.u.ɾin.hal]
더는 두고,8,[tʌ.nɯn.tu.ko],[dʌ.nɯn.du.go]
그러자 그녀는,8,[kɯ.ɾʌ.tʃa.kɯ.njʌ.nɯn],[gɯ.ɾʌ.dʒa.gɯ.njʌ.nɯn]
없어 월터,8,[ʌp̚.ʌ.wʌl.tʰʌ],[ʌp̚.ʌ.wʌl.tʰʌ]
없어 이걸로,8,[ʌp̚.ʌ.i.kʌl.ɾo],[ʌp̚.ʌ.i.gʌl.ɾo]
더는 못 기다리겠어,8,[tʌ.nɯn.mot̚.ki.ta.ɾi.ket̚.ʌ],[dʌ.nɯn.mot̚.gi.da.ɾi.get̚.ʌ]
없어 이곳은,8,[ʌp̚.ʌ.i.kot̚.ɯn],[ʌp̚.ʌ.i.got̚.ɯn]
없어 이러다,8,[ʌp̚.ʌ.i.ɾʌ.ta],[ʌp̚.ʌ.i.ɾʌ.da]
더는 못 버티겠어요,8,[tʌ.nɯn.mot̚.pʌ.tʰi.ket̚.ʌ.jo],[dʌ.nɯn.mot̚.bʌ.tʰi.get̚.ʌ.jo]
더는 못 보겠어요,8,[tʌ.nɯn.mot̚.po.ket̚.ʌ.jo],[dʌ.nɯn.mot̚.bo.get̚.ʌ.jo]
그러죠 그,8,[kɯ.ɾʌ.tʃjo.kɯ],[gɯ.ɾʌ.dʒjo.gɯ]
더는 못 봐줘,8,[tʌ.nɯn.mot̚.pwa.tʃwʌ],[dʌ.nɯn.mot̚.bwa.dʒwʌ]
틀린 말이야,8,[tʰɯl.ɾin.mal.i.ja],[tʰɯl.ɾin.mal.i.ja]
더는 못 참겠네,8,[tʌ.nɯn.mot̚.tʃʰam.ket̚.ne],[dʌ.nɯn.mot̚.tʃʰam.ket̚.ne]
설계되지 않았습니다,8,[sʌl.kje.twe.tʃi.an.at̚.sɯp̚.ni.ta],[sʌl.kje.dwe.dʒi.an.at̚.sɯp̚.ni.da]
없어 이제 막,8,[ʌp̚.ʌ.i.tʃe.mak̚],[ʌp̚.ʌ.i.dʒe.mak̚]
감당할 순,8,[kan.taŋ.hal.sun],[gan.taŋ.hal.sun]
그러죠 근데,8,[kɯ.ɾʌ.tʃjo.kɯn.te],[gɯ.ɾʌ.dʒjo.gɯn.te]
나를 쫓아왔다,8,[na.ɾɯl.tʃ͈ot̚.a.wat̚.ta],[na.ɾɯl.tʃ͈ot̚.a.wat̚.ta]
설계했다 테러 행위를,8,[sʌl.kje.hɛt̚.ta.tʰe.ɾʌ.hɛŋ.wi.ɾɯl],[sʌl.kje.hɛt̚.ta.tʰe.ɾʌ.hɛŋ.wi.ɾɯl]
그러죠 당신이,8,[kɯ.ɾʌ.tʃjo.taŋ.sin.i],[gɯ.ɾʌ.dʒjo.daŋ.sin.i]
더는 믿을 수,8,[tʌ.nɯn.mit̚.ɯl.su],[dʌ.nɯn.mit̚.ɯl.su]
그러니까 그게 무슨,8,[kɯ.ɾʌ.ni.k͈a.kɯ.ke.mu.sɯn],[gɯ.ɾʌ.ni.k͈a.gɯ.ge.mu.sɯn]
없어 잠시만,8,[ʌp̚.ʌ.tʃam.si.man],[ʌp̚.ʌ.dʒam.si.man]
없어 잭,8,[ʌp̚.ʌ.tʃɛk̚],[ʌp̚.ʌ.dʒɛk̚]
없어 저게,8,[ʌp̚.ʌ.tʃʌ.ke],[ʌp̚.ʌ.dʒʌ.ge]
you think we''re,8,,
없어 절대 얻을,8,[ʌp̚.ʌ.tʃʌl.tɛ.ʌt̚.ɯl],[ʌp̚.ʌ.dʒʌl.tɛ.ʌt̚.ɯl]
없어 절대 얻을 수,8,[ʌp̚.ʌ.tʃʌl.tɛ.ʌt̚.ɯl.su],[ʌp̚.ʌ.dʒʌl.tɛ.ʌt̚.ɯl.su]
그러죠 아니,8,[kɯ.ɾʌ.tʃjo.a.ni],[gɯ.ɾʌ.dʒjo.a.ni]
없어 정말요,8,[ʌp̚.ʌ.tʃʌŋ.mal.jo],[ʌp̚.ʌ.dʒʌŋ.mal.jo]
틀림없어 이,8,[tʰɯl.ɾim.ʌp̚.ʌ.i],[tʰɯl.ɾim.ʌp̚.ʌ.i]
더는 아닙니다,8,[tʌ.nɯn.a.nip̚.ni.ta],[dʌ.nɯn.a.nip̚.ni.da]
없어 제일,8,[ʌp̚.ʌ.tʃe.il],[ʌp̚.ʌ.dʒe.il]
없어 제임스,8,[ʌp̚.ʌ.tʃe.im.sɯ],[ʌp̚.ʌ.dʒe.im.sɯ]
got off the,8,,
그러죠 어떤,8,[kɯ.ɾʌ.tʃjo.ʌ.t͈ʌn],[gɯ.ɾʌ.dʒjo.ʌ.t͈ʌn]
더는 안 되겠어요,8,[tʌ.nɯn.an.twe.ket̚.ʌ.jo],[dʌ.nɯn.an.dwe.get̚.ʌ.jo]
더는 안돼,8,[tʌ.nɯn.an.twɛ],[dʌ.nɯn.an.twɛ]
더는 안돼요,8,[tʌ.nɯn.an.twɛ.jo],[dʌ.nɯn.an.twɛ.jo]
거예요 어디 보자,8,[kʌ.je.jo.ʌ.ti.po.tʃa],[gʌ.je.jo.ʌ.di.bo.dʒa]
본 거 있어요,8,[poŋ.kʌ.it̚.ʌ.jo],[bon.gʌ.it̚.ʌ.jo]
더는 용납 못,8,[tʌ.nɯn.joŋ.nap̚.mot̚],[dʌ.nɯn.joŋ.nap̚.mot̚]
그러죠 제가,8,[kɯ.ɾʌ.tʃjo.tʃe.ka],[gɯ.ɾʌ.dʒjo.dʒe.ga]
더는 우리,8,[tʌ.nɯn.u.ɾi],[dʌ.nɯn.u.ɾi]
그러죠 지금,8,[kɯ.ɾʌ.tʃjo.tʃi.kɯm],[gɯ.ɾʌ.dʒjo.dʒi.gɯm]
엄청나게 많은데,8,[ʌn.tʃʰʌŋ.na.ke.man.ɯn.te],[ʌn.tʃʰʌŋ.na.ge.man.ɯn.te]
더 얻으면,8,[tʌ.ʌt̚.ɯ.mjʌn],[dʌ.ʌt̚.ɯ.mjʌn]
없어 학교,8,[ʌp̚.ʌ.hak̚.kjo],[ʌp̚.ʌ.hak̚.kjo]
제가 시장,8,[tʃe.ka.si.tʃaŋ],[dʒe.ga.si.dʒaŋ]
거예요 어떻게 알아요,8,[kʌ.je.jo.ʌ.t͈ʌt̚.ke.al.a.jo],[gʌ.je.jo.ʌ.t͈ʌt̚.ke.al.a.jo]
더는 할 말 없어요,8,[tʌ.nɯn.hal.mal.ʌp̚.ʌ.jo],[dʌ.nɯn.hal.mal.ʌp̚.ʌ.jo]
없어 형을,8,[ʌp̚.ʌ.hjʌŋ.ɯl],[ʌp̚.ʌ.hjʌŋ.ɯl]
없어 형이,8,[ʌp̚.ʌ.hjʌŋ.i],[ʌp̚.ʌ.hjʌŋ.i]
밤새 밖에,8,[pam.sɛ.pak̚.e],[bam.sɛ.bak̚.e]
없어 회사,8,[ʌp̚.ʌ.hwe.sa],[ʌp̚.ʌ.hwe.sa]
그러지 마 그렇게,8,[kɯ.ɾʌ.tʃi.ma.kɯ.ɾʌt̚.ke],[gɯ.ɾʌ.dʒi.ma.gɯ.ɾʌt̚.ke]
없어 흠,8,[ʌp̚.ʌ.hɯm],[ʌp̚.ʌ.hɯm]
없어도 希望に寄り添えるか 희망에 기댈,8,[ʌp̚.ʌ.to.hɯi.maŋ.e.ki.tɛl],[ʌp̚.ʌ.do.hɯi.maŋ.e.gi.dɛl]
그러지 마 나도,8,[kɯ.ɾʌ.tʃi.ma.na.to],[gɯ.ɾʌ.dʒi.ma.na.do]
없어도 살 수,8,[ʌp̚.ʌ.to.sal.su],[ʌp̚.ʌ.do.sal.su]
없어서 그게,8,[ʌp̚.ʌ.sʌ.kɯ.ke],[ʌp̚.ʌ.sʌ.gɯ.ge]
더러운 꼴을,8,[tʌ.ɾʌ.uŋ.k͈ol.ɯl],[dʌ.ɾʌ.uŋ.k͈ol.ɯl]
없어서 그런가,8,[ʌp̚.ʌ.sʌ.kɯ.ɾʌŋ.ka],[ʌp̚.ʌ.sʌ.gɯ.ɾʌŋ.ka]
없어서 그럴,8,[ʌp̚.ʌ.sʌ.kɯ.ɾʌl],[ʌp̚.ʌ.sʌ.gɯ.ɾʌl]
없어서 나,8,[ʌp̚.ʌ.sʌ.na],[ʌp̚.ʌ.sʌ.na]
그러지 마 아니,8,[kɯ.ɾʌ.tʃi.ma.a.ni],[gɯ.ɾʌ.dʒi.ma.a.ni]
더러운 돈이,8,[tʌ.ɾʌ.un.ton.i],[dʌ.ɾʌ.un.don.i]
거예요 어머니는,8,[kʌ.je.jo.ʌ.mʌ.ni.nɯn],[gʌ.je.jo.ʌ.mʌ.ni.nɯn]
없어서 다시,8,[ʌp̚.ʌ.sʌ.ta.si],[ʌp̚.ʌ.sʌ.da.si]
없어서 뭐가,8,[ʌp̚.ʌ.sʌ.mwʌ.ka],[ʌp̚.ʌ.sʌ.mwʌ.ga]
더러운 세상을,8,[tʌ.ɾʌ.un.se.saŋ.ɯl],[dʌ.ɾʌ.un.se.saŋ.ɯl]
엄청나게 화낼,8,[ʌn.tʃʰʌŋ.na.ke.hwa.nɛl],[ʌn.tʃʰʌŋ.na.ge.hwa.nɛl]
거예요 어이,8,[kʌ.je.jo.ʌ.i],[gʌ.je.jo.ʌ.i]
없어서 오늘,8,[ʌp̚.ʌ.sʌ.o.nɯl],[ʌp̚.ʌ.sʌ.o.nɯl]
없어서 온,8,[ʌp̚.ʌ.sʌ.on],[ʌp̚.ʌ.sʌ.on]
게 아니라니,8,[ke.a.ni.ɾa.ni],[ge.a.ni.ɾa.ni]
더러운 옷을,8,[tʌ.ɾʌ.un.ot̚.ɯl],[dʌ.ɾʌ.un.ot̚.ɯl]
더러운 일을 하기 위해서,8,[tʌ.ɾʌ.un.il.ɯl.ha.ki.wi.hɛ.sʌ],[dʌ.ɾʌ.un.il.ɯl.ha.gi.wi.hɛ.sʌ]
그러니까 꺼져,8,[kɯ.ɾʌ.ni.k͈a.k͈ʌ.tʃjʌ],[gɯ.ɾʌ.ni.k͈a.k͈ʌ.dʒjʌ]
없어야 더,8,[ʌp̚.ʌ.ja.tʌ],[ʌp̚.ʌ.ja.dʌ]
you to Korean,8,,
got six,8,,
그러지 마세요 제가,8,[kɯ.ɾʌ.tʃi.ma.se.jo.tʃe.ka],[gɯ.ɾʌ.dʒi.ma.se.jo.dʒe.ga]
그러지 마세요 제발,8,[kɯ.ɾʌ.tʃi.ma.se.jo.tʃe.pal],[gɯ.ɾʌ.dʒi.ma.se.jo.dʒe.bal]
없어요 거짓말,8,[ʌp̚.ʌ.jo.kʌ.tʃit̚.mal],[ʌp̚.ʌ.jo.gʌ.dʒit̚.mal]
더럽게 재수,8,[tʌ.ɾʌp̚.ke.tʃɛ.su],[dʌ.ɾʌp̚.ke.dʒɛ.su]
더럽고 역겨운,8,[tʌ.ɾʌp̚.ko.jʌk̚.kjʌ.un],[dʌ.ɾʌp̚.ko.jʌk̚.kjʌ.un]
더럽지 않아,8,[tʌ.ɾʌp̚.tʃi.an.a],[dʌ.ɾʌp̚.tʃi.an.a]
없어요 그거야,8,[ʌp̚.ʌ.jo.kɯ.kʌ.ja],[ʌp̚.ʌ.jo.gɯ.gʌ.ja]
없어요 그건 안,8,[ʌp̚.ʌ.jo.kɯ.kʌn.an],[ʌp̚.ʌ.jo.gɯ.gʌn.an]
더럽히지 마,8,[tʌ.ɾʌp̚.hi.tʃi.ma],[dʌ.ɾʌp̚.hi.dʒi.ma]
더럽히면 안,8,[tʌ.ɾʌp̚.hi.mjʌn.an],[dʌ.ɾʌp̚.hi.mjʌn.an]
그러지 말고 가자,8,[kɯ.ɾʌ.tʃi.mal.ko.ka.tʃa],[gɯ.ɾʌ.dʒi.mal.ko.ga.dʒa]
더미 위에서,8,[tʌ.mi.wi.e.sʌ],[dʌ.mi.wi.e.sʌ]
더미에서 바늘을,8,[tʌ.mi.e.sʌ.pa.nɯl.ɯl],[dʌ.mi.e.sʌ.ba.nɯl.ɯl]
없어요 그래야,8,[ʌp̚.ʌ.jo.kɯ.ɾɛ.ja],[ʌp̚.ʌ.jo.gɯ.ɾɛ.ja]
그러지 말고 나,8,[kɯ.ɾʌ.tʃi.mal.ko.na],[gɯ.ɾʌ.dʒi.mal.ko.na]
없어요 그러나,8,[ʌp̚.ʌ.jo.kɯ.ɾʌ.na],[ʌp̚.ʌ.jo.gɯ.ɾʌ.na]
그러지 말고 말해,8,[kɯ.ɾʌ.tʃi.mal.ko.mal.hɛ],[gɯ.ɾʌ.dʒi.mal.ko.mal.hɛ]
없어요 그러시겠죠,8,[ʌp̚.ʌ.jo.kɯ.ɾʌ.si.ket̚.tʃjo],[ʌp̚.ʌ.jo.gɯ.ɾʌ.si.get̚.tʃjo]
me any,8,,
더블 초콜릿,8,[tʌ.pɯl.tʃʰo.kʰol.ɾit̚],[dʌ.bɯl.tʃʰo.kʰol.ɾit̚]
거예요 엄마도,8,[kʌ.je.jo.ʌm.ma.to],[gʌ.je.jo.ʌm.ma.do]
We''re gonna find,8,,
엄청난 우연이네요,8,[ʌn.tʃʰʌŋ.nan.u.jʌn.i.ne.jo],[ʌn.tʃʰʌŋ.nan.u.jʌn.i.ne.jo]
밤새 혼자,8,[pam.sɛ.hon.tʃa],[bam.sɛ.hon.tʃa]
더요 이,8,[tʌ.jo.i],[dʌ.jo.i]
거예요 엄청나게,8,[kʌ.je.jo.ʌn.tʃʰʌŋ.na.ke],[gʌ.je.jo.ʌn.tʃʰʌŋ.na.ge]
그러지 말라는,8,[kɯ.ɾʌ.tʃi.mal.ɾa.nɯn],[gɯ.ɾʌ.dʒi.mal.ɾa.nɯn]
그러지 말아라,8,[kɯ.ɾʌ.tʃi.mal.a.ɾa],[gɯ.ɾʌ.dʒi.mal.a.ɾa]
거예요 에드,8,[kʌ.je.jo.e.tɯ],[gʌ.je.jo.e.dɯ]
더욱 안,8,[tʌ.uk̚.an],[dʌ.uk̚.an]
없어요 놈들이,8,[ʌp̚.ʌ.jo.non.tɯl.i],[ʌp̚.ʌ.jo.non.tɯl.i]
거예요 엘리자베스,8,[kʌ.je.jo.el.ɾi.tʃa.pe.sɯ],[gʌ.je.jo.el.ɾi.dʒa.be.sɯ]
그러지 말았어야 하는데,8,[kɯ.ɾʌ.tʃi.mal.at̚.ʌ.ja.ha.nɯn.te],[gɯ.ɾʌ.dʒi.mal.at̚.ʌ.ja.ha.nɯn.te]
없어요 다른 방법이,8,[ʌp̚.ʌ.jo.ta.ɾɯm.pam.pʌp̚.i],[ʌp̚.ʌ.jo.da.ɾɯn.baŋ.bʌp̚.i]
제가 알죠,8,[tʃe.ka.al.tʃjo],[dʒe.ga.al.tʃjo]
더워 죽겠어,8,[tʌ.wʌ.tʃuk̚.ket̚.ʌ],[dʌ.wʌ.dʒuk̚.ket̚.ʌ]
더워서 못,8,[tʌ.wʌ.sʌ.mot̚],[dʌ.wʌ.sʌ.mot̚]
더워서 그래,8,[tʌ.wʌ.sʌ.kɯ.ɾɛ],[dʌ.wʌ.sʌ.gɯ.ɾɛ]
제가 얘기해보죠,8,[tʃe.ka.jɛ.ki.hɛ.po.tʃjo],[dʒe.ga.jɛ.gi.hɛ.bo.dʒjo]
없어요 당신 말이,8,[ʌp̚.ʌ.jo.taŋ.sin.mal.i],[ʌp̚.ʌ.jo.daŋ.sin.mal.i]
you to meet,8,,
없어요 당연하죠,8,[ʌp̚.ʌ.jo.taŋ.jʌn.ha.tʃjo],[ʌp̚.ʌ.jo.daŋ.jʌn.ha.dʒjo]
더이상 그를,8,[tʌ.i.saŋ.kɯ.ɾɯl],[dʌ.i.saŋ.gɯ.ɾɯl]
더 오래요,8,[tʌ.o.ɾɛ.jo],[dʌ.o.ɾɛ.jo]
엄한 데,8,[ʌm.han.te],[ʌm.han.de]
더 오른쪽,8,[tʌ.o.ɾɯn.tʃ͈ok̚],[dʌ.o.ɾɯn.tʃ͈ok̚]
없어요 말할,8,[ʌp̚.ʌ.jo.mal.hal],[ʌp̚.ʌ.jo.mal.hal]
We''re gonna go all,8,,
업 그레,8,[ʌp̚.kɯ.ɾe],[ʌp̚.gɯ.ɾe]
없어요 물,8,[ʌp̚.ʌ.jo.mul],[ʌp̚.ʌ.jo.mul]
그러지 않고,8,[kɯ.ɾʌ.tʃi.aŋ.ko],[gɯ.ɾʌ.dʒi.aŋ.ko]
없어요 미국,8,[ʌp̚.ʌ.jo.mi.kuk̚],[ʌp̚.ʌ.jo.mi.guk̚]
더이상 여기서,8,[tʌ.i.saŋ.jʌ.ki.sʌ],[dʌ.i.saŋ.jʌ.gi.sʌ]
없어요 범인을,8,[ʌp̚.ʌ.jo.pʌm.in.ɯl],[ʌp̚.ʌ.jo.bʌm.in.ɯl]
업데이트될 때마다,8,[ʌp̚.te.i.tʰɯ.twel.t͈ɛ.ma.ta],[ʌp̚.te.i.tʰɯ.dwel.t͈ɛ.ma.da]
티를 내,8,[tʰi.ɾɯl.lɛ],[tʰi.ɾɯl.lɛ]
모든 전쟁,8,[mo.tɯn.tʃʌn.tʃɛŋ],[mo.dɯn.dʒʌn.tʃɛŋ]
없어요 비밀,8,[ʌp̚.ʌ.jo.pi.mil],[ʌp̚.ʌ.jo.bi.mil]
없어요 사건,8,[ʌp̚.ʌ.jo.sa.kʌn],[ʌp̚.ʌ.jo.sa.gʌn]
그러지 않는게,8,[kɯ.ɾʌ.tʃi.an.nɯŋ.ke],[gɯ.ɾʌ.dʒi.an.nɯŋ.ke]
없어요 사람을,8,[ʌp̚.ʌ.jo.sa.ɾam.ɯl],[ʌp̚.ʌ.jo.sa.ɾam.ɯl]
없어요 사람이,8,[ʌp̚.ʌ.jo.sa.ɾam.i],[ʌp̚.ʌ.jo.sa.ɾam.i]
그러니까 너는 나를 찾아야지,8,[kɯ.ɾʌ.ni.k͈a.nʌ.nɯn.na.ɾɯl.tʃʰat̚.a.ja.tʃi],[gɯ.ɾʌ.ni.k͈a.nʌ.nɯn.na.ɾɯl.tʃʰat̚.a.ja.dʒi]
없어요 사실은,8,[ʌp̚.ʌ.jo.sa.sil.ɯn],[ʌp̚.ʌ.jo.sa.sil.ɯn]
그러지 않도록,8,[kɯ.ɾʌ.tʃi.an.to.ɾok̚],[gɯ.ɾʌ.dʒi.an.to.ɾok̚]
got the wrong,8,,
없어요 술,8,[ʌp̚.ʌ.jo.sul],[ʌp̚.ʌ.jo.sul]
티리온 라니스터요,8,[tʰi.ɾi.ol.la.ni.sɯ.tʰʌ.jo],[tʰi.ɾi.ol.la.ni.sɯ.tʰʌ.jo]
더한 것도 봤어,8,[tʌ.haŋ.kʌt̚.to.pwat̚.ʌ],[dʌ.han.gʌt̚.to.bwat̚.ʌ]
업무 평가,8,[ʌp̚.mu.pʰjʌŋ.ka],[ʌp̚.mu.pʰjʌŋ.ga]
더할 나위 없는,8,[tʌ.hal.la.wi.ʌp̚.nɯn],[dʌ.hal.la.wi.ʌp̚.nɯn]
업무를 할,8,[ʌp̚.mu.ɾɯl.hal],[ʌp̚.mu.ɾɯl.hal]
없어요 안녕히,8,[ʌp̚.ʌ.jo.an.njʌŋ.hi],[ʌp̚.ʌ.jo.an.njʌŋ.hi]
없어요 알,8,[ʌp̚.ʌ.jo.al],[ʌp̚.ʌ.jo.al]
없어요 알겠죠,8,[ʌp̚.ʌ.jo.al.ket̚.tʃjo],[ʌp̚.ʌ.jo.al.ket̚.tʃjo]
덕망 높은,8,[tʌk̚.maŋ.nop̚.ɯn],[dʌk̚.maŋ.nop̚.ɯn]
덕분에 겨우,8,[tʌk̚.pun.e.kjʌ.u],[dʌk̚.pun.e.gjʌ.u]
없어요 애,8,[ʌp̚.ʌ.jo.ɛ],[ʌp̚.ʌ.jo.ɛ]
그러지 않았으니까,8,[kɯ.ɾʌ.tʃi.an.at̚.ɯ.ni.k͈a],[gɯ.ɾʌ.dʒi.an.at̚.ɯ.ni.k͈a]
없어요 얘기,8,[ʌp̚.ʌ.jo.jɛ.ki],[ʌp̚.ʌ.jo.jɛ.gi]
거예요 예를 들면,8,[kʌ.je.jo.je.ɾɯl.tɯl.mjʌn],[gʌ.je.jo.je.ɾɯl.dɯl.mjʌn]
제 어머니예요,8,[tʃe.ʌ.mʌ.ni.je.jo],[dʒe.ʌ.mʌ.ni.je.jo]
없어요 어디에,8,[ʌp̚.ʌ.jo.ʌ.ti.e],[ʌp̚.ʌ.jo.ʌ.di.e]
없어요 어머니가,8,[ʌp̚.ʌ.jo.ʌ.mʌ.ni.ka],[ʌp̚.ʌ.jo.ʌ.mʌ.ni.ga]
없어요 어머니,8,[ʌp̚.ʌ.jo.ʌ.mʌ.ni],[ʌp̚.ʌ.jo.ʌ.mʌ.ni]
없어요 어젯밤에,8,[ʌp̚.ʌ.jo.ʌ.tʃet̚.pam.e],[ʌp̚.ʌ.jo.ʌ.dʒet̚.pam.e]
덕분에 너무,8,[tʌk̚.pun.e.nʌ.mu],[dʌk̚.pun.e.nʌ.mu]
나만 그런 줄,8,[na.maŋ.kɯ.ɾʌn.tʃul],[na.man.gɯ.ɾʌn.dʒul]
없어요 없다고요,8,[ʌp̚.ʌ.jo.ʌp̚.ta.ko.jo],[ʌp̚.ʌ.jo.ʌp̚.ta.go.jo]
제가 옆에서,8,[tʃe.ka.jʌp̚.e.sʌ],[dʒe.ga.jʌp̚.e.sʌ]
got these,8,,
We''re gonna need,8,,
제가 오래,8,[tʃe.ka.o.ɾɛ],[dʒe.ga.o.ɾɛ]
그러지 않으려고,8,[kɯ.ɾʌ.tʃi.an.ɯ.ɾjʌ.ko],[gɯ.ɾʌ.dʒi.an.ɯ.ɾjʌ.go]
덕분에 돈,8,[tʌk̚.pun.e.ton],[dʌk̚.pun.e.don]
없어요 예전,8,[ʌp̚.ʌ.jo.je.tʃʌn],[ʌp̚.ʌ.jo.je.dʒʌn]
you touch,8,,
없거든 그럼,8,[ʌp̚.kʌ.tɯŋ.kɯ.ɾʌm],[ʌp̚.kʌ.dɯn.gɯ.ɾʌm]
제가 온 겁니다,8,[tʃe.ka.oŋ.kʌp̚.ni.ta],[dʒe.ga.on.gʌp̚.ni.da]
덕분에 모든 게,8,[tʌk̚.pun.e.mo.tɯŋ.ke],[dʌk̚.pun.e.mo.dɯn.ge]
덕분에 산,8,[tʌk̚.pun.e.san],[dʌk̚.pun.e.san]
없어요 우리한테,8,[ʌp̚.ʌ.jo.u.ɾi.han.tʰe],[ʌp̚.ʌ.jo.u.ɾi.han.tʰe]
없어요 우선,8,[ʌp̚.ʌ.jo.u.sʌn],[ʌp̚.ʌ.jo.u.sʌn]
그러지 않을 거란,8,[kɯ.ɾʌ.tʃi.an.ɯl.kʌ.ɾan],[gɯ.ɾʌ.dʒi.an.ɯl.gʌ.ɾan]
you trust me,8,,
덕분에 새,8,[tʌk̚.pun.e.sɛ],[dʌk̚.pun.e.sɛ]
설마 당신,8,[sʌl.ma.taŋ.sin],[sʌl.ma.daŋ.sin]
없어요 이건 내,8,[ʌp̚.ʌ.jo.i.kʌn.nɛ],[ʌp̚.ʌ.jo.i.gʌn.nɛ]
거예요 오빠,8,[kʌ.je.jo.o.p͈a],[gʌ.je.jo.o.p͈a]
없어요 이름이,8,[ʌp̚.ʌ.jo.i.ɾɯm.i],[ʌp̚.ʌ.jo.i.ɾɯm.i]
설마 무슨,8,[sʌl.ma.mu.sɯn],[sʌl.ma.mu.sɯn]
그러지 않을까,8,[kɯ.ɾʌ.tʃi.an.ɯl.k͈a],[gɯ.ɾʌ.dʒi.an.ɯl.k͈a]
덕분에 여기까지 왔어요,8,[tʌk̚.pun.e.jʌ.ki.k͈a.tʃi.wat̚.ʌ.jo],[dʌk̚.pun.e.jʌ.gi.k͈a.dʒi.wat̚.ʌ.jo]
From what,8,,
없어요 있어요,8,[ʌp̚.ʌ.jo.it̚.ʌ.jo],[ʌp̚.ʌ.jo.it̚.ʌ.jo]
거예요 옷,8,[kʌ.je.jo.ot̚],[gʌ.je.jo.ot̚]
없어요 잘못,8,[ʌp̚.ʌ.jo.tʃal.mot̚],[ʌp̚.ʌ.jo.dʒal.mot̚]
그러지 하지만,8,[kɯ.ɾʌ.tʃi.ha.tʃi.man],[gɯ.ɾʌ.dʒi.ha.dʒi.man]
팀 그리고,8,[tʰim.kɯ.ɾi.ko],[tʰim.gɯ.ɾi.go]
없어요 전 그냥,8,[ʌp̚.ʌ.jo.tʃʌŋ.kɯ.njaŋ],[ʌp̚.ʌ.jo.dʒʌn.gɯ.njaŋ]
그러지만 않았어도,8,[kɯ.ɾʌ.tʃi.man.an.at̚.ʌ.to],[gɯ.ɾʌ.dʒi.man.an.at̚.ʌ.do]
없어요 정신,8,[ʌp̚.ʌ.jo.tʃʌŋ.sin],[ʌp̚.ʌ.jo.dʒʌŋ.sin]
없어요 조금,8,[ʌp̚.ʌ.jo.tʃo.kɯm],[ʌp̚.ʌ.jo.dʒo.gɯm]
그러진 않았어,8,[kɯ.ɾʌ.tʃin.an.at̚.ʌ],[gɯ.ɾʌ.dʒin.an.at̚.ʌ]
덕분이라는 걸,8,[tʌk̚.pun.i.ɾa.nɯŋ.kʌl],[dʌk̚.pun.i.ɾa.nɯn.gʌl]
그러진 않았을,8,[kɯ.ɾʌ.tʃin.an.at̚.ɯl],[gɯ.ɾʌ.dʒin.an.at̚.ɯl]
없어요 지금 이,8,[ʌp̚.ʌ.jo.tʃi.kɯm.i],[ʌp̚.ʌ.jo.dʒi.gɯm.i]
덕에 겨우,8,[tʌk̚.e.kjʌ.u],[dʌk̚.e.gjʌ.u]
덕에 나도,8,[tʌk̚.e.na.to],[dʌk̚.e.na.do]
덕분인 줄,8,[tʌk̚.pun.in.tʃul],[dʌk̚.pun.in.dʒul]
거예요 왜 그래,8,[kʌ.je.jo.wɛ.kɯ.ɾɛ],[gʌ.je.jo.wɛ.gɯ.ɾɛ]
그러진 않을 걸,8,[kɯ.ɾʌ.tʃin.an.ɯl.kʌl],[gɯ.ɾʌ.dʒin.an.ɯl.gʌl]
덕에 다들,8,[tʌk̚.e.ta.tɯl],[dʌk̚.e.da.dɯl]
없어요 첫,8,[ʌp̚.ʌ.jo.tʃʰʌt̚],[ʌp̚.ʌ.jo.tʃʰʌt̚]
그러하지 않을,8,[kɯ.ɾʌ.ha.tʃi.an.ɯl],[gɯ.ɾʌ.ha.dʒi.an.ɯl]
덕에 먹고,8,[tʌk̚.e.mʌk̚.ko],[dʌk̚.e.mʌk̚.ko]
그러하지 않을 것이다,8,[kɯ.ɾʌ.ha.tʃi.an.ɯl.kʌt̚.i.ta],[gɯ.ɾʌ.ha.dʒi.an.ɯl.gʌt̚.i.da]
없어요 클레어,8,[ʌp̚.ʌ.jo.kʰɯl.ɾe.ʌ],[ʌp̚.ʌ.jo.kʰɯl.ɾe.ʌ]
그러한 이유로,8,[kɯ.ɾʌ.han.i.ju.ɾo],[gɯ.ɾʌ.han.i.ju.ɾo]
가졌을 거야,8,[ka.tʃjʌt̚.ɯl.kʌ.ja],[ga.dʒjʌt̚.ɯl.gʌ.ja]
you under,8,,
그럭저럭 괜찮아,8,[kɯ.ɾʌk̚.tʃʌ.ɾʌk̚.kwɛn.tʃʰan.a],[gɯ.ɾʌk̚.tʃʌ.ɾʌk̚.gwɛn.tʃʰan.a]
모든 직원,8,[mo.tɯn.tʃik̚.wʌn],[mo.dɯn.dʒik̚.wʌn]
없어요 피해자의,8,[ʌp̚.ʌ.jo.pʰi.hɛ.tʃa.ɯi],[ʌp̚.ʌ.jo.pʰi.hɛ.dʒa.ɯi]
덕에 여기까지,8,[tʌk̚.e.jʌ.ki.k͈a.tʃi],[dʌk̚.e.jʌ.gi.k͈a.dʒi]
없어요 하지만 내가,8,[ʌp̚.ʌ.jo.ha.tʃi.man.nɛ.ka],[ʌp̚.ʌ.jo.ha.dʒi.man.nɛ.ga]
없어요 한 시간,8,[ʌp̚.ʌ.jo.han.si.kan],[ʌp̚.ʌ.jo.han.si.gan]
없어요 할 수 있어요,8,[ʌp̚.ʌ.jo.hal.su.it̚.ʌ.jo],[ʌp̚.ʌ.jo.hal.su.it̚.ʌ.jo]
덕을 톡톡히,8,[tʌk̚.ɯl.tʰok̚.tʰok̚.hi],[dʌk̚.ɯl.tʰok̚.tʰok̚.hi]
그런 가능성을,8,[kɯ.ɾʌŋ.ka.nɯŋ.sʌŋ.ɯl],[gɯ.ɾʌn.ga.nɯŋ.sʌŋ.ɯl]
던 것,8,[tʌŋ.kʌt̚],[dʌn.gʌt̚]
없어진 것을,8,[ʌp̚.ʌ.tʃiŋ.kʌt̚.ɯl],[ʌp̚.ʌ.dʒin.gʌt̚.ɯl]
없어진 물건은,8,[ʌp̚.ʌ.tʃin.mul.kʌn.ɯn],[ʌp̚.ʌ.dʒin.mul.kʌn.ɯn]
없어진 줄도,8,[ʌp̚.ʌ.tʃin.tʃul.to],[ʌp̚.ʌ.dʒin.dʒul.to]
got to call,8,,
가졌을 땐,8,[ka.tʃjʌt̚.ɯl.t͈ɛn],[ga.dʒjʌt̚.ɯl.t͈ɛn]
제가 자꾸,8,[tʃe.ka.tʃa.k͈u],[dʒe.ga.dʒa.k͈u]
더 유능한,8,[tʌ.ju.nɯŋ.han],[dʌ.ju.nɯŋ.han]
제가 이번에,8,[tʃe.ka.i.pʌn.e],[dʒe.ga.i.bʌn.e]
없었겠죠 그래서,8,[ʌp̚.ʌt̚.ket̚.tʃjo.kɯ.ɾɛ.sʌ],[ʌp̚.ʌt̚.ket̚.tʃjo.gɯ.ɾɛ.sʌ]
없었겠지 내가,8,[ʌp̚.ʌt̚.ket̚.tʃi.nɛ.ka],[ʌp̚.ʌt̚.ket̚.tʃi.nɛ.ga]
없었고 근데,8,[ʌp̚.ʌt̚.ko.kɯn.te],[ʌp̚.ʌt̚.ko.gɯn.te]
던져 준,8,[tʌn.tʃjʌ.tʃun],[dʌn.tʃjʌ.dʒun]
던져 줄,8,[tʌn.tʃjʌ.tʃul],[dʌn.tʃjʌ.dʒul]
그런 거 같더라,8,[kɯ.ɾʌŋ.kʌ.kat̚.tʌ.ɾa],[gɯ.ɾʌn.gʌ.gat̚.tʌ.ɾa]
던져버리기 전에,8,[tʌn.tʃjʌ.pʌ.ɾi.ki.tʃʌn.e],[dʌn.tʃjʌ.bʌ.ɾi.gi.dʒʌn.e]
없었기 때문이에요,8,[ʌp̚.ʌt̚.ki.t͈ɛ.mun.i.e.jo],[ʌp̚.ʌt̚.ki.t͈ɛ.mun.i.e.jo]
없었기 때문입니다,8,[ʌp̚.ʌt̚.ki.t͈ɛ.mun.ip̚.ni.ta],[ʌp̚.ʌt̚.ki.t͈ɛ.mun.ip̚.ni.da]
없었나 보군요,8,[ʌp̚.ʌt̚.na.po.kun.jo],[ʌp̚.ʌt̚.na.bo.gun.jo]
던져야 한다,8,[tʌn.tʃjʌ.ja.han.ta],[dʌn.tʃjʌ.ja.han.ta]
없었는데 그냥,8,[ʌp̚.ʌt̚.nɯn.te.kɯ.njaŋ],[ʌp̚.ʌt̚.nɯn.te.gɯ.njaŋ]
없겠지 그래도,8,[ʌp̚.ket̚.tʃi.kɯ.ɾɛ.to],[ʌp̚.ket̚.tʃi.gɯ.ɾɛ.do]
그런 거 같진,8,[kɯ.ɾʌŋ.kʌ.kat̚.tʃin],[gɯ.ɾʌn.gʌ.gat̚.tʃin]
없었다 그가,8,[ʌp̚.ʌt̚.ta.kɯ.ka],[ʌp̚.ʌt̚.ta.gɯ.ga]
없었다 그녀는,8,[ʌp̚.ʌt̚.ta.kɯ.njʌ.nɯn],[ʌp̚.ʌt̚.ta.gɯ.njʌ.nɯn]
없었다 그녀가,8,[ʌp̚.ʌt̚.ta.kɯ.njʌ.ka],[ʌp̚.ʌt̚.ta.gɯ.njʌ.ga]
던지는 것도,8,[tʌn.tʃi.nɯŋ.kʌt̚.to],[dʌn.tʃi.nɯn.gʌt̚.to]
던지는 법을,8,[tʌn.tʃi.nɯm.pʌp̚.ɯl],[dʌn.tʃi.nɯn.bʌp̚.ɯl]
그런 거 때문에,8,[kɯ.ɾʌŋ.kʌ.t͈ɛ.mun.e],[gɯ.ɾʌn.gʌ.t͈ɛ.mun.e]
없었다 저,8,[ʌp̚.ʌt̚.ta.tʃʌ],[ʌp̚.ʌt̚.ta.dʒʌ]
던지지 말라고,8,[tʌn.tʃi.tʃi.mal.ɾa.ko],[dʌn.tʃi.dʒi.mal.ɾa.go]
없었다면 넌,8,[ʌp̚.ʌt̚.ta.mjʌn.nʌn],[ʌp̚.ʌt̚.ta.mjʌn.nʌn]
없었다면 우리가,8,[ʌp̚.ʌt̚.ta.mjʌn.u.ɾi.ka],[ʌp̚.ʌt̚.ta.mjʌn.u.ɾi.ga]
제가 전적으로,8,[tʃe.ka.tʃʌn.tʃʌk̚.ɯ.ɾo],[dʒe.ga.dʒʌn.tʃʌk̚.ɯ.ɾo]
없었던 건가요,8,[ʌp̚.ʌt̚.tʌŋ.kʌŋ.ka.jo],[ʌp̚.ʌt̚.tʌn.gʌŋ.ka.jo]
던피 타워,8,[tʌm.pʰi.tʰa.wʌ],[dʌm.pʰi.tʰa.wʌ]
From you,8,,
없었던 것이,8,[ʌp̚.ʌt̚.tʌŋ.kʌt̚.i],[ʌp̚.ʌt̚.tʌn.gʌt̚.i]
없었던 일로 하자,8,[ʌp̚.ʌt̚.tʌn.il.ɾo.ha.tʃa],[ʌp̚.ʌt̚.tʌn.il.ɾo.ha.dʒa]
제가 제안한,8,[tʃe.ka.tʃe.an.han],[dʒe.ga.dʒe.an.han]
없고 그걸,8,[ʌp̚.ko.kɯ.kʌl],[ʌp̚.ko.gɯ.gʌl]
제가 조금만,8,[tʃe.ka.tʃo.kɯm.man],[dʒe.ga.dʒo.gɯm.man]
없었어 같이,8,[ʌp̚.ʌt̚.ʌ.kat̚.i],[ʌp̚.ʌt̚.ʌ.gat̚.i]
덜 외로울,8,[tʌl.we.ɾo.ul],[dʌl.we.ɾo.ul]
없었어 결국,8,[ʌp̚.ʌt̚.ʌ.kjʌl.kuk̚],[ʌp̚.ʌt̚.ʌ.gjʌl.kuk̚]
you wanna do,8,,
없었어 그들이,8,[ʌp̚.ʌt̚.ʌ.kɯ.tɯl.i],[ʌp̚.ʌt̚.ʌ.gɯ.dɯl.i]
없었어 그땐,8,[ʌp̚.ʌt̚.ʌ.kɯ.t͈ɛn],[ʌp̚.ʌt̚.ʌ.gɯ.t͈ɛn]
덜덜 떠는,8,[tʌl.tʌl.t͈ʌ.nɯn],[dʌl.tʌl.t͈ʌ.nɯn]
제가 좀더,8,[tʃe.ka.tʃon.tʌ],[dʒe.ga.dʒon.tʌ]
없었어 너도,8,[ʌp̚.ʌt̚.ʌ.nʌ.to],[ʌp̚.ʌt̚.ʌ.nʌ.do]
I''ll take the,8,,
그러니까 만약에,8,[kɯ.ɾʌ.ni.k͈a.man.jak̚.e],[gɯ.ɾʌ.ni.k͈a.man.jak̚.e]
거예요 의원님,8,[kʌ.je.jo.ɯi.wʌn.nim],[gʌ.je.jo.ɯi.wʌn.nim]
없었어 당신도,8,[ʌp̚.ʌt̚.ʌ.taŋ.sin.to],[ʌp̚.ʌt̚.ʌ.daŋ.sin.to]
제가 주의를,8,[tʃe.ka.tʃu.ɯi.ɾɯl],[dʒe.ga.dʒu.ɯi.ɾɯl]
덜컥 연다,8,[tʌl.kʰʌk̚.jʌn.ta],[dʌl.kʰʌk̚.jʌn.ta]
없었어 어디,8,[ʌp̚.ʌt̚.ʌ.ʌ.ti],[ʌp̚.ʌt̚.ʌ.ʌ.di]
그런 거 아니죠,8,[kɯ.ɾʌŋ.kʌ.a.ni.tʃjo],[gɯ.ɾʌn.gʌ.a.ni.dʒjo]
없었어 어쨌든,8,[ʌp̚.ʌt̚.ʌ.ʌ.tʃ͈ɛt̚.tɯn],[ʌp̚.ʌt̚.ʌ.ʌ.tʃ͈ɛt̚.tɯn]
없었어 어쩔 수가,8,[ʌp̚.ʌt̚.ʌ.ʌ.tʃ͈ʌl.su.ka],[ʌp̚.ʌt̚.ʌ.ʌ.tʃ͈ʌl.su.ga]
모든 피가,8,[mo.tɯm.pʰi.ka],[mo.dɯm.pʰi.ga]
Frosty Swirl,8,,
you want from,8,,
덤비는 거야,8,[tʌm.pi.nɯŋ.kʌ.ja],[dʌm.pi.nɯn.gʌ.ja]
덤비라고 해,8,[tʌm.pi.ɾa.ko.hɛ],[dʌm.pi.ɾa.go.hɛ]
덤빌 거야,8,[tʌm.pil.kʌ.ja],[dʌm.pil.gʌ.ja]
없었어 하지만 넌,8,[ʌp̚.ʌt̚.ʌ.ha.tʃi.man.nʌn],[ʌp̚.ʌt̚.ʌ.ha.dʒi.man.nʌn]
없었어 할,8,[ʌp̚.ʌt̚.ʌ.hal],[ʌp̚.ʌt̚.ʌ.hal]
덧붙일 말씀,8,[tʌt̚.put̚.il.mal.s͈ɯm],[dʌt̚.put̚.il.mal.s͈ɯm]
덩 경위님,8,[tʌŋ.kjʌŋ.wi.nim],[dʌŋ.gjʌŋ.wi.nim]
없었어요 그때,8,[ʌp̚.ʌt̚.ʌ.jo.kɯ.t͈ɛ],[ʌp̚.ʌt̚.ʌ.jo.gɯ.t͈ɛ]
없었어요 그래요,8,[ʌp̚.ʌt̚.ʌ.jo.kɯ.ɾɛ.jo],[ʌp̚.ʌt̚.ʌ.jo.gɯ.ɾɛ.jo]
없었어요 그저,8,[ʌp̚.ʌt̚.ʌ.jo.kɯ.tʃʌ],[ʌp̚.ʌt̚.ʌ.jo.gɯ.dʒʌ]
없었어요 나도,8,[ʌp̚.ʌt̚.ʌ.jo.na.to],[ʌp̚.ʌt̚.ʌ.jo.na.do]
없었어요 네가,8,[ʌp̚.ʌt̚.ʌ.jo.ne.ka],[ʌp̚.ʌt̚.ʌ.jo.ne.ga]
그런 거 없어 그냥,8,[kɯ.ɾʌŋ.kʌ.ʌp̚.ʌ.kɯ.njaŋ],[gɯ.ɾʌn.gʌ.ʌp̚.ʌ.gɯ.njaŋ]
그러니까 말이죠,8,[kɯ.ɾʌ.ni.k͈a.mal.i.tʃjo],[gɯ.ɾʌ.ni.k͈a.mal.i.dʒjo]
없었어요 당연히,8,[ʌp̚.ʌt̚.ʌ.jo.taŋ.jʌn.hi],[ʌp̚.ʌt̚.ʌ.jo.daŋ.jʌn.hi]
그런 거 없잖아,8,[kɯ.ɾʌŋ.kʌ.ʌp̚.tʃan.a],[gɯ.ɾʌn.gʌ.ʌp̚.tʃan.a]
더 이상 나와,8,[tʌ.i.saŋ.na.wa],[dʌ.i.saŋ.na.wa]
I''ll take you to,8,,
없었어요 안,8,[ʌp̚.ʌt̚.ʌ.jo.an],[ʌp̚.ʌt̚.ʌ.jo.an]
제가 집에서,8,[tʃe.ka.tʃip̚.e.sʌ],[dʒe.ga.dʒip̚.e.sʌ]
없었어요 어제,8,[ʌp̚.ʌt̚.ʌ.jo.ʌ.tʃe],[ʌp̚.ʌt̚.ʌ.jo.ʌ.dʒe]
덫에 갇힌,8,[tʌt̚.e.kat̚.hin],[dʌt̚.e.gat̚.hin]
덫 설치,8,[tʌt̚.sʌl.tʃʰi],[dʌt̚.sʌl.tʃʰi]
그런 거 좋아하는,8,[kɯ.ɾʌŋ.kʌ.tʃot̚.a.ha.nɯn],[gɯ.ɾʌn.gʌ.dʒot̚.a.ha.nɯn]
you want this,8,,
거예요 이곳은,8,[kʌ.je.jo.i.kot̚.ɯn],[gʌ.je.jo.i.got̚.ɯn]
없었어요 적어도,8,[ʌp̚.ʌt̚.ʌ.jo.tʃʌk̚.ʌ.to],[ʌp̚.ʌt̚.ʌ.jo.dʒʌk̚.ʌ.do]
게 아니야 안,8,[ke.a.ni.ja.an],[ge.a.ni.ja.an]
덫을 놓을,8,[tʌt̚.ɯl.lot̚.ɯl],[dʌt̚.ɯl.lot̚.ɯl]
그런 거 하기,8,[kɯ.ɾʌŋ.kʌ.ha.ki],[gɯ.ɾʌn.gʌ.ha.gi]
그런 거 하나도,8,[kɯ.ɾʌŋ.kʌ.ha.na.to],[gɯ.ɾʌn.gʌ.ha.na.do]
그런 거 하지 마,8,[kɯ.ɾʌŋ.kʌ.ha.tʃi.ma],[gɯ.ɾʌn.gʌ.ha.dʒi.ma]
없었으면 좋겠어요,8,[ʌp̚.ʌt̚.ɯ.mjʌn.tʃot̚.ket̚.ʌ.jo],[ʌp̚.ʌt̚.ɯ.mjʌn.dʒot̚.ket̚.ʌ.jo]
덮을 순,8,[tʌp̚.ɯl.sun],[dʌp̚.ɯl.sun]
없었을 거야 네가,8,[ʌp̚.ʌt̚.ɯl.kʌ.ja.ne.ka],[ʌp̚.ʌt̚.ɯl.gʌ.ja.ne.ga]
없고 이게,8,[ʌp̚.ko.i.ke],[ʌp̚.ko.i.ge]
없었잖아 이건,8,[ʌp̚.ʌt̚.tʃan.a.i.kʌn],[ʌp̚.ʌt̚.tʃan.a.i.gʌn]
I''ll talk to,8,,
없었죠 lrm,8,[ʌp̚.ʌt̚.tʃjo],[ʌp̚.ʌt̚.tʃjo]
없었죠 나도,8,[ʌp̚.ʌt̚.tʃjo.na.to],[ʌp̚.ʌt̚.tʃjo.na.do]
없었죠 네,8,[ʌp̚.ʌt̚.tʃjo.ne],[ʌp̚.ʌt̚.tʃjo.ne]
그런 거라니까,8,[kɯ.ɾʌŋ.kʌ.ɾa.ni.k͈a],[gɯ.ɾʌn.gʌ.ɾa.ni.k͈a]
없었죠 저는,8,[ʌp̚.ʌt̚.tʃjo.tʃʌ.nɯn],[ʌp̚.ʌt̚.tʃjo.dʒʌ.nɯn]
you want to see,8,,
게 아니야 왜,8,[ke.a.ni.ja.wɛ],[ge.a.ni.ja.wɛ]
그런 거란,8,[kɯ.ɾʌŋ.kʌ.ɾan],[gɯ.ɾʌn.gʌ.ɾan]
없었지 그래,8,[ʌp̚.ʌt̚.tʃi.kɯ.ɾɛ],[ʌp̚.ʌt̚.tʃi.gɯ.ɾɛ]
데 겨우,8,[te.kjʌ.u],[de.gjʌ.u]
데 그 돈을,8,[te.kɯ.ton.ɯl],[de.gɯ.don.ɯl]
없고 이젠,8,[ʌp̚.ko.i.tʃen],[ʌp̚.ko.i.dʒen]
그런 거래를,8,[kɯ.ɾʌŋ.kʌ.ɾɛ.ɾɯl],[gɯ.ɾʌn.gʌ.ɾɛ.ɾɯl]
없었지 어떤,8,[ʌp̚.ʌt̚.tʃi.ʌ.t͈ʌn],[ʌp̚.ʌt̚.tʃi.ʌ.t͈ʌn]
모든것에 대해,8,[mo.tɯŋ.kʌt̚.e.tɛ.hɛ],[mo.dɯŋ.kʌt̚.e.dɛ.hɛ]
good hands,8,,
제가 폐하의,8,[tʃe.ka.pʰje.ha.ɯi],[dʒe.ga.pʰje.ha.ɯi]
나머지 부분에서,8,[na.mʌ.tʃi.pu.pun.e.sʌ],[na.mʌ.dʒi.bu.bun.e.sʌ]
모든것을 다,8,[mo.tɯŋ.kʌt̚.ɯl.ta],[mo.dɯŋ.kʌt̚.ɯl.da]
그런 거야 그게,8,[kɯ.ɾʌŋ.kʌ.ja.kɯ.ke],[gɯ.ɾʌn.gʌ.ja.gɯ.ge]
없으니 그런,8,[ʌp̚.ɯ.ni.kɯ.ɾʌn],[ʌp̚.ɯ.ni.gɯ.ɾʌn]
없으니 네가,8,[ʌp̚.ɯ.ni.ne.ka],[ʌp̚.ɯ.ni.ne.ga]
데 도가,8,[te.to.ka],[de.do.ga]
없으니 다른,8,[ʌp̚.ɯ.ni.ta.ɾɯn],[ʌp̚.ɯ.ni.da.ɾɯn]
모든게 계획대로,8,[mo.tɯŋ.ke.kje.hwek̚.tɛ.ɾo],[mo.dɯŋ.ke.gje.hwek̚.tɛ.ɾo]
없으니 당신이,8,[ʌp̚.ɯ.ni.taŋ.sin.i],[ʌp̚.ɯ.ni.daŋ.sin.i]
그런 거야 나는,8,[kɯ.ɾʌŋ.kʌ.ja.na.nɯn],[gɯ.ɾʌn.gʌ.ja.na.nɯn]
데 도움을 줄 수,8,[te.to.um.ɯl.tʃul.su],[de.do.um.ɯl.dʒul.su]
거예요 이제는,8,[kʌ.je.jo.i.tʃe.nɯn],[gʌ.je.jo.i.dʒe.nɯn]
데 도움이 되겠죠,8,[te.to.um.i.twe.ket̚.tʃjo],[de.do.um.i.dwe.get̚.tʃjo]
없으니 어쩔 수,8,[ʌp̚.ɯ.ni.ʌ.tʃ͈ʌl.su],[ʌp̚.ɯ.ni.ʌ.tʃ͈ʌl.su]
없으니 어쩔,8,[ʌp̚.ɯ.ni.ʌ.tʃ͈ʌl],[ʌp̚.ɯ.ni.ʌ.tʃ͈ʌl]
그런 거야 널,8,[kɯ.ɾʌŋ.kʌ.ja.nʌl],[gɯ.ɾʌn.gʌ.ja.nʌl]
데 도움이 된다,8,[te.to.um.i.twen.ta],[de.do.um.i.dwen.ta]
데 도움이 될 것이다,8,[te.to.um.i.twel.kʌt̚.i.ta],[de.do.um.i.dwel.gʌt̚.i.da]
없고요 그래서,8,[ʌp̚.ko.jo.kɯ.ɾɛ.sʌ],[ʌp̚.ko.jo.gɯ.ɾɛ.sʌ]
나를 멈추게,8,[na.ɾɯl.mʌn.tʃʰu.ke],[na.ɾɯl.mʌn.tʃʰu.ge]
그런 거야 하지만,8,[kɯ.ɾʌŋ.kʌ.ja.ha.tʃi.man],[gɯ.ɾʌn.gʌ.ja.ha.dʒi.man]
모든게 끝날,8,[mo.tɯŋ.ke.k͈ɯt̚.nal],[mo.dɯŋ.ke.k͈ɯt̚.nal]
없으니까 난 플래시예요,8,[ʌp̚.ɯ.ni.k͈a.nam.pʰɯl.ɾɛ.si.je.jo],[ʌp̚.ɯ.ni.k͈a.nam.pʰɯl.ɾɛ.si.je.jo]
없으니까 난 플래시예요 플래시,8,[ʌp̚.ɯ.ni.k͈a.nam.pʰɯl.ɾɛ.si.je.jo.pʰɯl.ɾɛ.si],[ʌp̚.ɯ.ni.k͈a.nam.pʰɯl.ɾɛ.si.je.jo.pʰɯl.ɾɛ.si]
데 도움이 안,8,[te.to.um.i.an],[de.do.um.i.an]
없고요 무슨,8,[ʌp̚.ko.jo.mu.sɯn],[ʌp̚.ko.jo.mu.sɯn]
없고요 왜,8,[ʌp̚.ko.jo.wɛ],[ʌp̚.ko.jo.wɛ]
나머지 사람들도,8,[na.mʌ.tʃi.sa.ɾan.tɯl.to],[na.mʌ.dʒi.sa.ɾan.tɯl.to]
없으니까 당신이,8,[ʌp̚.ɯ.ni.k͈a.taŋ.sin.i],[ʌp̚.ɯ.ni.k͈a.daŋ.sin.i]
없고요 이제,8,[ʌp̚.ko.jo.i.tʃe],[ʌp̚.ko.jo.i.dʒe]
데 동의했잖아,8,[te.toŋ.ɯi.hɛt̚.tʃan.a],[de.doŋ.ɯi.hɛt̚.tʃan.a]
없으니까 무슨,8,[ʌp̚.ɯ.ni.k͈a.mu.sɯn],[ʌp̚.ɯ.ni.k͈a.mu.sɯn]
없으니까 아무도,8,[ʌp̚.ɯ.ni.k͈a.a.mu.to],[ʌp̚.ɯ.ni.k͈a.a.mu.do]
없으니까 우리가,8,[ʌp̚.ɯ.ni.k͈a.u.ɾi.ka],[ʌp̚.ɯ.ni.k͈a.u.ɾi.ga]
없으니까 이렇게,8,[ʌp̚.ɯ.ni.k͈a.i.ɾʌt̚.ke],[ʌp̚.ɯ.ni.k͈a.i.ɾʌt̚.ke]
없으니까 지금,8,[ʌp̚.ɯ.ni.k͈a.tʃi.kɯm],[ʌp̚.ɯ.ni.k͈a.dʒi.gɯm]
데 리온에,8,[te.ɾi.on.e],[de.ɾi.on.e]
모든게 시작된,8,[mo.tɯŋ.ke.si.tʃak̚.twen],[mo.dɯŋ.ke.si.dʒak̚.twen]
게 아니야 이런,8,[ke.a.ni.ja.i.ɾʌn],[ge.a.ni.ja.i.ɾʌn]
없으니까요 난,8,[ʌp̚.ɯ.ni.k͈a.jo.nan],[ʌp̚.ɯ.ni.k͈a.jo.nan]
없으니까요 이제,8,[ʌp̚.ɯ.ni.k͈a.jo.i.tʃe],[ʌp̚.ɯ.ni.k͈a.jo.i.dʒe]
데 며칠,8,[te.mjʌ.tʃʰil],[de.mjʌ.tʃʰil]
그런 거지 같은,8,[kɯ.ɾʌŋ.kʌ.tʃi.kat̚.ɯn],[gɯ.ɾʌn.gʌ.dʒi.gat̚.ɯn]
그런 거지 뭐,8,[kɯ.ɾʌŋ.kʌ.tʃi.mwʌ],[gɯ.ɾʌn.gʌ.dʒi.mwʌ]
없으면 모든,8,[ʌp̚.ɯ.mjʌn.mo.tɯn],[ʌp̚.ɯ.mjʌn.mo.dɯn]
you were being,8,,
제가 한잔 사도,8,[tʃe.ka.han.tʃan.sa.to],[dʒe.ga.han.tʃan.sa.do]
제가 한잔 사도 될까요,8,[tʃe.ka.han.tʃan.sa.to.twel.k͈a.jo],[dʒe.ga.han.tʃan.sa.do.dwel.k͈a.jo]
그런 거짓말을 했어,8,[kɯ.ɾʌŋ.kʌ.tʃit̚.mal.ɯl.hɛt̚.ʌ],[gɯ.ɾʌn.gʌ.dʒit̚.mal.ɯl.hɛt̚.ʌ]
없으면 어떡해요,8,[ʌp̚.ɯ.mjʌn.ʌ.t͈ʌk̚.hɛ.jo],[ʌp̚.ɯ.mjʌn.ʌ.t͈ʌk̚.hɛ.jo]
그런 걱정 하지 마,8,[kɯ.ɾʌŋ.kʌk̚.tʃʌŋ.ha.tʃi.ma],[gɯ.ɾʌn.gʌk̚.tʃʌŋ.ha.dʒi.ma]
you were doing,8,,
없으면 제,8,[ʌp̚.ɯ.mjʌn.tʃe],[ʌp̚.ɯ.mjʌn.dʒe]
없으면 좋겠네,8,[ʌp̚.ɯ.mjʌn.tʃot̚.ket̚.ne],[ʌp̚.ɯ.mjʌn.dʒot̚.ket̚.ne]
팁을 좀,8,[tʰip̚.ɯl.tʃom],[tʰip̚.ɯl.dʒom]
거예요 자넨,8,[kʌ.je.jo.tʃa.nen],[gʌ.je.jo.dʒa.nen]
없을 거 같네요,8,[ʌp̚.ɯl.kʌ.kat̚.ne.jo],[ʌp̚.ɯl.gʌ.gat̚.ne.jo]
더 이상 보지,8,[tʌ.i.sam.po.tʃi],[dʌ.i.saŋ.bo.dʒi]
데 써요,8,[te.s͈ʌ.jo],[de.s͈ʌ.jo]
없을 거라고 했잖아,8,[ʌp̚.ɯl.kʌ.ɾa.ko.hɛt̚.tʃan.a],[ʌp̚.ɯl.gʌ.ɾa.go.hɛt̚.tʃan.a]
없군요 그,8,[ʌp̚.kun.jo.kɯ],[ʌp̚.kun.jo.gɯ]
없을 거라며,8,[ʌp̚.ɯl.kʌ.ɾa.mjʌ],[ʌp̚.ɯl.gʌ.ɾa.mjʌ]
없을 거야 그는,8,[ʌp̚.ɯl.kʌ.ja.kɯ.nɯn],[ʌp̚.ɯl.gʌ.ja.gɯ.nɯn]
없을 거야 그러니,8,[ʌp̚.ɯl.kʌ.ja.kɯ.ɾʌ.ni],[ʌp̚.ɯl.gʌ.ja.gɯ.ɾʌ.ni]
그런 건 다른,8,[kɯ.ɾʌŋ.kʌn.ta.ɾɯn],[gɯ.ɾʌn.gʌn.da.ɾɯn]
없을 거야 너,8,[ʌp̚.ɯl.kʌ.ja.nʌ],[ʌp̚.ɯl.gʌ.ja.nʌ]
없을 거야 네가,8,[ʌp̚.ɯl.kʌ.ja.ne.ka],[ʌp̚.ɯl.gʌ.ja.ne.ga]
없을 거야 다른,8,[ʌp̚.ɯl.kʌ.ja.ta.ɾɯn],[ʌp̚.ɯl.gʌ.ja.da.ɾɯn]
데 아무,8,[te.a.mu],[de.a.mu]
그런 건 몰라도,8,[kɯ.ɾʌŋ.kʌn.mol.ɾa.to],[gɯ.ɾʌn.gʌn.mol.ɾa.do]
없을 거야 우린,8,[ʌp̚.ɯl.kʌ.ja.u.ɾin],[ʌp̚.ɯl.gʌ.ja.u.ɾin]
그런 건 몰라,8,[kɯ.ɾʌŋ.kʌn.mol.ɾa],[gɯ.ɾʌn.gʌn.mol.ɾa]
데 앉으세요,8,[te.an.ɯ.se.jo],[de.an.ɯ.se.jo]
그런 건 몰라요,8,[kɯ.ɾʌŋ.kʌn.mol.ɾa.jo],[gɯ.ɾʌn.gʌn.mol.ɾa.jo]
없을 거야 저,8,[ʌp̚.ɯl.kʌ.ja.tʃʌ],[ʌp̚.ɯl.gʌ.ja.dʒʌ]
거예요 잘 가요,8,[kʌ.je.jo.tʃal.ka.jo],[gʌ.je.jo.dʒal.ga.jo]
없을 거예요 내,8,[ʌp̚.ɯl.kʌ.je.jo.nɛ],[ʌp̚.ɯl.gʌ.je.jo.nɛ]
you were saying,8,,
모르게 그런,8,[mo.ɾɯ.ke.kɯ.ɾʌn],[mo.ɾɯ.ge.gɯ.ɾʌn]
데 얼마나 걸리지,8,[te.ʌl.ma.na.kʌl.ɾi.tʃi],[de.ʌl.ma.na.gʌl.ɾi.dʒi]
그런 건 상관 없어,8,[kɯ.ɾʌŋ.kʌn.saŋ.kwan.ʌp̚.ʌ],[gɯ.ɾʌn.gʌn.saŋ.gwan.ʌp̚.ʌ]
없을 겁니다 내가,8,[ʌp̚.ɯl.kʌp̚.ni.ta.nɛ.ka],[ʌp̚.ɯl.gʌp̚.ni.da.nɛ.ga]
없긴 뭐가,8,[ʌp̚.kin.mwʌ.ka],[ʌp̚.kin.mwʌ.ga]
you were there,8,,
데 엄청,8,[te.ʌn.tʃʰʌŋ],[de.ʌn.tʃʰʌŋ]
그런 건 생각도,8,[kɯ.ɾʌŋ.kʌn.sɛŋ.kak̚.to],[gɯ.ɾʌn.gʌn.sɛŋ.gak̚.to]
데 없다,8,[te.ʌp̚.ta],[de.ʌp̚.ta]
데 없으세요,8,[te.ʌp̚.ɯ.se.jo],[de.ʌp̚.ɯ.se.jo]
모르게 이,8,[mo.ɾɯ.ke.i],[mo.ɾɯ.ge.i]
없을 게,8,[ʌp̚.ɯl.ke],[ʌp̚.ɯl.ge]
없군 무슨,8,[ʌp̚.kun.mu.sɯn],[ʌp̚.kun.mu.sɯn]
데 왜 이렇게 오래,8,[te.wɛ.i.ɾʌt̚.ke.o.ɾɛ],[de.wɛ.i.ɾʌt̚.ke.o.ɾɛ]
데 의미가,8,[te.ɯi.mi.ka],[de.ɯi.mi.ga]
없을 때요,8,[ʌp̚.ɯl.t͈ɛ.jo],[ʌp̚.ɯl.t͈ɛ.jo]
데 이렇게,8,[te.i.ɾʌt̚.ke],[de.i.ɾʌt̚.ke]
그런 건 아니다,8,[kɯ.ɾʌŋ.kʌn.a.ni.ta],[gɯ.ɾʌn.gʌn.a.ni.da]
게 아니어야 할 텐데,8,[ke.a.ni.ʌ.ja.hal.tʰen.te],[ge.a.ni.ʌ.ja.hal.tʰen.te]
데 익숙한,8,[te.ik̚.suk̚.han],[de.ik̚.suk̚.han]
없을 줄 알았지,8,[ʌp̚.ɯl.tʃul.al.at̚.tʃi],[ʌp̚.ɯl.dʒul.al.at̚.tʃi]
없을 테고요,8,[ʌp̚.ɯl.tʰe.ko.jo],[ʌp̚.ɯl.tʰe.go.jo]
데 있었어,8,[te.it̚.ʌt̚.ʌ],[de.it̚.ʌt̚.ʌ]
거예요 재밌는,8,[kʌ.je.jo.tʃɛ.mit̚.nɯn],[gʌ.je.jo.dʒɛ.mit̚.nɯn]
you needed,8,,
그런 건 아닌 것,8,[kɯ.ɾʌŋ.kʌn.a.niŋ.kʌt̚],[gɯ.ɾʌn.gʌn.a.nin.gʌt̚]
모르게 해야 해,8,[mo.ɾɯ.ke.hɛ.ja.hɛ],[mo.ɾɯ.ge.hɛ.ja.hɛ]
없을 테지,8,[ʌp̚.ɯl.tʰe.tʃi],[ʌp̚.ɯl.tʰe.dʒi]
We''re out of,8,,
없네 lrm,8,[ʌp̚.ne],[ʌp̚.ne]
없을거야 우리가,8,[ʌp̚.ɯl.kʌ.ja.u.ɾi.ka],[ʌp̚.ɯl.kʌ.ja.u.ɾi.ga]
거예요 저 사람,8,[kʌ.je.jo.tʃʌ.sa.ɾam],[gʌ.je.jo.dʒʌ.sa.ɾam]
그런 건 아무래도 좋아,8,[kɯ.ɾʌŋ.kʌn.a.mu.ɾɛ.to.tʃot̚.a],[gɯ.ɾʌn.gʌn.a.mu.ɾɛ.do.dʒot̚.a]
거예요 저 사람은,8,[kʌ.je.jo.tʃʌ.sa.ɾam.ɯn],[gʌ.je.jo.dʒʌ.sa.ɾam.ɯn]
더 이상 알고,8,[tʌ.i.saŋ.al.ko],[dʌ.i.saŋ.al.ko]
더 이상 어린애가 아니야,8,[tʌ.i.saŋ.ʌ.ɾin.ɛ.ka.a.ni.ja],[dʌ.i.saŋ.ʌ.ɾin.ɛ.ga.a.ni.ja]
없이 거짓말을,8,[ʌp̚.i.kʌ.tʃit̚.mal.ɯl],[ʌp̚.i.gʌ.dʒit̚.mal.ɯl]
그러니까 실제로,8,[kɯ.ɾʌ.ni.k͈a.sil.tʃe.ɾo],[gɯ.ɾʌ.ni.k͈a.sil.tʃe.ɾo]
없이 그는,8,[ʌp̚.i.kɯ.nɯn],[ʌp̚.i.gɯ.nɯn]
없이 그래,8,[ʌp̚.i.kɯ.ɾɛ],[ʌp̚.i.gɯ.ɾɛ]
없이 그랬던,8,[ʌp̚.i.kɯ.ɾɛt̚.tʌn],[ʌp̚.i.gɯ.ɾɛt̚.tʌn]
없이 깔끔하게,8,[ʌp̚.i.k͈al.k͈ɯm.ha.ke],[ʌp̚.i.k͈al.k͈ɯm.ha.ge]
거예요 저들은,8,[kʌ.je.jo.tʃʌ.tɯl.ɯn],[gʌ.je.jo.dʒʌ.dɯl.ɯn]
데 하나,8,[te.ha.na],[de.ha.na]
그런 건 정말,8,[kɯ.ɾʌŋ.kʌn.tʃʌŋ.mal],[gɯ.ɾʌn.gʌn.dʒʌŋ.mal]
데 혼자,8,[te.hon.tʃa],[de.hon.tʃa]
없이 누굴,8,[ʌp̚.i.nu.kul],[ʌp̚.i.nu.gul]
제거해야 돼,8,[tʃe.kʌ.hɛ.ja.twɛ],[dʒe.gʌ.hɛ.ja.dwɛ]
거예요 저렇게,8,[kʌ.je.jo.tʃʌ.ɾʌt̚.ke],[gʌ.je.jo.dʒʌ.ɾʌt̚.ke]
데가 더,8,[te.ka.tʌ],[de.ga.dʌ]
없이 당신이,8,[ʌp̚.i.taŋ.sin.i],[ʌp̚.i.daŋ.sin.i]
없이 돌아가는,8,[ʌp̚.i.tol.a.ka.nɯn],[ʌp̚.i.dol.a.ga.nɯn]
없이 떠나려고,8,[ʌp̚.i.t͈ʌ.na.ɾjʌ.ko],[ʌp̚.i.t͈ʌ.na.ɾjʌ.go]
you who I,8,,
데가 어디 있어,8,[te.ka.ʌ.ti.it̚.ʌ],[de.ga.ʌ.di.it̚.ʌ]
없네 미안해,8,[ʌp̚.ne.mi.an.hɛ],[ʌp̚.ne.mi.an.hɛ]
거예요 저에게,8,[kʌ.je.jo.tʃʌ.e.ke],[gʌ.je.jo.dʒʌ.e.ge]
없이 말을,8,[ʌp̚.i.mal.ɯl],[ʌp̚.i.mal.ɯl]
데가 없네,8,[te.ka.ʌp̚.ne],[de.ga.ʌp̚.ne]
그런 건 처음이었어요,8,[kɯ.ɾʌŋ.kʌn.tʃʰʌ.ɯm.i.ʌt̚.ʌ.jo],[gɯ.ɾʌn.gʌn.tʃʰʌ.ɯm.i.ʌt̚.ʌ.jo]
데가 없다고,8,[te.ka.ʌp̚.ta.ko],[de.ga.ʌp̚.ta.go]
없이 매일,8,[ʌp̚.i.mɛ.il],[ʌp̚.i.mɛ.il]
없이 몰래,8,[ʌp̚.i.mol.ɾɛ],[ʌp̚.i.mol.ɾɛ]
you who I am,8,,
on top of me,8,,
없이 빨리,8,[ʌp̚.i.p͈al.ɾi],[ʌp̚.i.p͈al.ɾi]
없이 사라졌다고,8,[ʌp̚.i.sa.ɾa.tʃjʌt̚.ta.ko],[ʌp̚.i.sa.ɾa.dʒjʌt̚.ta.go]
없이 사라지고,8,[ʌp̚.i.sa.ɾa.tʃi.ko],[ʌp̚.i.sa.ɾa.dʒi.go]
데가 있나요,8,[te.ka.it̚.na.jo],[de.ga.it̚.na.jo]
없이 살아남을,8,[ʌp̚.i.sal.a.nam.ɯl],[ʌp̚.i.sal.a.nam.ɯl]
없이 살아야,8,[ʌp̚.i.sal.a.ja],[ʌp̚.i.sal.a.ja]
없이 살지,8,[ʌp̚.i.sal.tʃi],[ʌp̚.i.sal.tʃi]
없이 얻을,8,[ʌp̚.i.ʌt̚.ɯl],[ʌp̚.i.ʌt̚.ɯl]
데나 막,8,[te.na.mak̚],[de.na.mak̚]
제게 부여된,8,[tʃe.ke.pu.jʌ.twen],[dʒe.ge.bu.jʌ.dwen]
나머지는 이,8,[na.mʌ.tʃi.nɯn.i],[na.mʌ.dʒi.nɯn.i]
없이 원하는 만큼,8,[ʌp̚.i.wʌn.ha.nɯn.maŋ.kʰɯm],[ʌp̚.i.wʌn.ha.nɯn.maŋ.kʰɯm]
없이 원하는 만큼 NZT를,8,[ʌp̚.i.wʌn.ha.nɯn.maŋ.kʰɯm.ɾɯl],[ʌp̚.i.wʌn.ha.nɯn.maŋ.kʰɯm.ɾɯl]
더 이상 인간이,8,[tʌ.i.saŋ.iŋ.kan.i],[dʌ.i.saŋ.iŋ.kan.i]
더 이상 일을,8,[tʌ.i.saŋ.il.ɯl],[dʌ.i.saŋ.il.ɯl]
없이 일하고,8,[ʌp̚.i.il.ha.ko],[ʌp̚.i.il.ha.go]
없이 있고,8,[ʌp̚.i.it̚.ko],[ʌp̚.i.it̚.ko]
데는 없니,8,[te.nɯn.ʌp̚.ni],[de.nɯn.ʌp̚.ni]
그런 걸 생각할,8,[kɯ.ɾʌŋ.kʌl.sɛŋ.kak̚.hal],[gɯ.ɾʌn.gʌl.sɛŋ.gak̚.hal]
없이 작전을,8,[ʌp̚.i.tʃak̚.tʃʌn.ɯl],[ʌp̚.i.dʒak̚.tʃʌn.ɯl]
데는 이유가 있다,8,[te.nɯn.i.ju.ka.it̚.ta],[de.nɯn.i.ju.ga.it̚.ta]
없이 죽고,8,[ʌp̚.i.tʃuk̚.ko],[ʌp̚.i.dʒuk̚.ko]
없네 오늘,8,[ʌp̚.ne.o.nɯl],[ʌp̚.ne.o.nɯl]
거예요 절대로요,8,[kʌ.je.jo.tʃʌl.tɛ.ɾo.jo],[gʌ.je.jo.dʒʌl.tɛ.ɾo.jo]
없네요 다른,8,[ʌp̚.ne.jo.ta.ɾɯn],[ʌp̚.ne.jo.da.ɾɯn]
거예요 젊은,8,[kʌ.je.jo.tʃʌm.ɯn],[gʌ.je.jo.dʒʌm.ɯn]
그런 걸 원하는,8,[kɯ.ɾʌŋ.kʌl.wʌn.ha.nɯn],[gɯ.ɾʌn.gʌl.wʌn.ha.nɯn]
그런 걸 원해,8,[kɯ.ɾʌŋ.kʌl.wʌn.hɛ],[gɯ.ɾʌn.gʌl.wʌn.hɛ]
me find,8,,
없이는 Without,8,[ʌp̚.i.nɯn],[ʌp̚.i.nɯn]
제게 화를,8,[tʃe.ke.hwa.ɾɯl],[dʒe.ge.hwa.ɾɯl]
없이는 Without you,8,[ʌp̚.i.nɯn],[ʌp̚.i.nɯn]
없이는 살 수 없어요,8,[ʌp̚.i.nɯn.sal.su.ʌp̚.ʌ.jo],[ʌp̚.i.nɯn.sal.su.ʌp̚.ʌ.jo]
없이는 아무것도 안,8,[ʌp̚.i.nɯn.a.mu.kʌt̚.to.an],[ʌp̚.i.nɯn.a.mu.gʌt̚.to.an]
데도 안 가 이,8,[te.to.aŋ.ka.i],[de.do.an.ga.i]
제 일행이에요,8,[tʃe.il.hɛŋ.i.e.jo],[dʒe.il.hɛŋ.i.e.jo]
없이는 평화도,8,[ʌp̚.i.nɯm.pʰjʌŋ.hwa.to],[ʌp̚.i.nɯm.pʰjʌŋ.hwa.do]
없이도 잘만,8,[ʌp̚.i.to.tʃal.man],[ʌp̚.i.do.dʒal.man]
you would always,8,,
데도 있고,8,[te.to.it̚.ko],[de.do.it̚.ko]
게 아니었어요 그,8,[ke.a.ni.ʌt̚.ʌ.jo.kɯ],[ge.a.ni.ʌt̚.ʌ.jo.gɯ]
제공하는 게,8,[tʃe.koŋ.ha.nɯŋ.ke],[dʒe.goŋ.ha.nɯn.ge]
그런 것 같니,8,[kɯ.ɾʌŋ.kʌt̚.kat̚.ni],[gɯ.ɾʌn.gʌt̚.gat̚.ni]
없인 안 가,8,[ʌp̚.in.aŋ.ka],[ʌp̚.in.an.ga]
없인 안돼,8,[ʌp̚.in.an.twɛ],[ʌp̚.in.an.twɛ]
grateful for,8,,
모르겠네요 아직,8,[mo.ɾɯ.ket̚.ne.jo.a.tʃik̚],[mo.ɾɯ.get̚.ne.jo.a.dʒik̚]
그런 것 같더군요,8,[kɯ.ɾʌŋ.kʌt̚.kat̚.tʌ.kun.jo],[gɯ.ɾʌn.gʌt̚.gat̚.tʌ.gun.jo]
없잖아 그럴,8,[ʌp̚.tʃan.a.kɯ.ɾʌl],[ʌp̚.tʃan.a.gɯ.ɾʌl]
없잖아 너도,8,[ʌp̚.tʃan.a.nʌ.to],[ʌp̚.tʃan.a.nʌ.do]
없잖아 너희,8,[ʌp̚.tʃan.a.nʌ.hɯi],[ʌp̚.tʃan.a.nʌ.hɯi]
없잖아 당신은,8,[ʌp̚.tʃan.a.taŋ.sin.ɯn],[ʌp̚.tʃan.a.daŋ.sin.ɯn]
그런 것 같아 난,8,[kɯ.ɾʌŋ.kʌt̚.kat̚.a.nan],[gɯ.ɾʌn.gʌt̚.gat̚.a.nan]
가서 어떻게 된,8,[ka.sʌ.ʌ.t͈ʌt̚.ke.twen],[ga.sʌ.ʌ.t͈ʌt̚.ke.dwen]
없잖아 당연히,8,[ʌp̚.tʃan.a.taŋ.jʌn.hi],[ʌp̚.tʃan.a.daŋ.jʌn.hi]
그런 것 같아 내,8,[kɯ.ɾʌŋ.kʌt̚.kat̚.a.nɛ],[gɯ.ɾʌn.gʌt̚.gat̚.a.nɛ]
설치하는 걸,8,[sʌl.tʃʰi.ha.nɯŋ.kʌl],[sʌl.tʃʰi.ha.nɯn.gʌl]
없잖아 두,8,[ʌp̚.tʃan.a.tu],[ʌp̚.tʃan.a.du]
없잖아 만약,8,[ʌp̚.tʃan.a.man.jak̚],[ʌp̚.tʃan.a.man.jak̚]
없잖아 뭐가,8,[ʌp̚.tʃan.a.mwʌ.ka],[ʌp̚.tʃan.a.mwʌ.ga]
데려 갈까요,8,[te.ɾjʌ.kal.k͈a.jo],[de.ɾjʌ.gal.k͈a.jo]
없잖아 앞으로,8,[ʌp̚.tʃan.a.ap̚.ɯ.ɾo],[ʌp̚.tʃan.a.ap̚.ɯ.ɾo]
거예요 제길,8,[kʌ.je.jo.tʃe.kil],[gʌ.je.jo.dʒe.gil]
없잖아 어서,8,[ʌp̚.tʃan.a.ʌ.sʌ],[ʌp̚.tʃan.a.ʌ.sʌ]
데려 올거야,8,[te.ɾjʌ.ol.kʌ.ja],[de.ɾjʌ.ol.kʌ.ja]
없잖아 엄마,8,[ʌp̚.tʃan.a.ʌm.ma],[ʌp̚.tʃan.a.ʌm.ma]
없잖아 왜 그래,8,[ʌp̚.tʃan.a.wɛ.kɯ.ɾɛ],[ʌp̚.tʃan.a.wɛ.gɯ.ɾɛ]
데려가 가,8,[te.ɾjʌ.ka.ka],[de.ɾjʌ.ga.ga]
CSETI 원로,8,[wʌl.lo],[wʌl.lo]
없잖아 이게,8,[ʌp̚.tʃan.a.i.ke],[ʌp̚.tʃan.a.i.ge]
데려가 그리고,8,[te.ɾjʌ.ka.kɯ.ɾi.ko],[de.ɾjʌ.ga.gɯ.ɾi.go]
없잖아 이봐,8,[ʌp̚.tʃan.a.i.pwa],[ʌp̚.tʃan.a.i.bwa]
없잖아 저기,8,[ʌp̚.tʃan.a.tʃʌ.ki],[ʌp̚.tʃan.a.dʒʌ.gi]
데려가 라,8,[te.ɾjʌ.ka.ɾa],[de.ɾjʌ.ga.ɾa]
없잖아 젠장,8,[ʌp̚.tʃan.a.tʃen.tʃaŋ],[ʌp̚.tʃan.a.dʒen.tʃaŋ]
We''re the outcast,8,,
데려가 안 돼,8,[te.ɾjʌ.ka.an.twɛ],[de.ɾjʌ.ga.an.dwɛ]
없잖아요 그런,8,[ʌp̚.tʃan.a.jo.kɯ.ɾʌn],[ʌp̚.tʃan.a.jo.gɯ.ɾʌn]
데려가 주면,8,[te.ɾjʌ.ka.tʃu.mjʌn],[de.ɾjʌ.ga.dʒu.mjʌn]
데려가 주마,8,[te.ɾjʌ.ka.tʃu.ma],[de.ɾjʌ.ga.dʒu.ma]
데려가 주실,8,[te.ɾjʌ.ka.tʃu.sil],[de.ɾjʌ.ga.dʒu.sil]
you your,8,,
데려가 준대,8,[te.ɾjʌ.ka.tʃun.tɛ],[de.ɾjʌ.ga.dʒun.tɛ]
거예요 조심해,8,[kʌ.je.jo.tʃo.sim.hɛ],[gʌ.je.jo.dʒo.sim.hɛ]
그런 것과는,8,[kɯ.ɾʌŋ.kʌt̚.kwa.nɯn],[gɯ.ɾʌn.gʌt̚.kwa.nɯn]
없잖아요 우린,8,[ʌp̚.tʃan.a.jo.u.ɾin],[ʌp̚.tʃan.a.jo.u.ɾin]
없잖아요 이젠,8,[ʌp̚.tʃan.a.jo.i.tʃen],[ʌp̚.tʃan.a.jo.i.dʒen]
없잖아요 저는,8,[ʌp̚.tʃan.a.jo.tʃʌ.nɯn],[ʌp̚.tʃan.a.jo.dʒʌ.nɯn]
없잖아요 정말,8,[ʌp̚.tʃan.a.jo.tʃʌŋ.mal],[ʌp̚.tʃan.a.jo.dʒʌŋ.mal]
그런 것도 아니다,8,[kɯ.ɾʌŋ.kʌt̚.to.a.ni.ta],[gɯ.ɾʌn.gʌt̚.to.a.ni.da]
없죠 계속,8,[ʌp̚.tʃjo.kje.sok̚],[ʌp̚.tʃjo.gje.sok̚]
데려가고 싶다,8,[te.ɾjʌ.ka.ko.sip̚.ta],[de.ɾjʌ.ga.go.sip̚.ta]
데려가고 싶으면,8,[te.ɾjʌ.ka.ko.sip̚.ɯ.mjʌn],[de.ɾjʌ.ga.go.sip̚.ɯ.mjʌn]
그런 것도 있고,8,[kɯ.ɾʌŋ.kʌt̚.to.it̚.ko],[gɯ.ɾʌn.gʌt̚.to.it̚.ko]
모르겠는데 우린,8,[mo.ɾɯ.ket̚.nɯn.te.u.ɾin],[mo.ɾɯ.get̚.nɯn.te.u.ɾin]
그런 것도 있지만,8,[kɯ.ɾʌŋ.kʌt̚.to.it̚.tʃi.man],[gɯ.ɾʌn.gʌt̚.to.it̚.tʃi.man]
제다에 오신 걸,8,[tʃe.ta.e.o.siŋ.kʌl],[dʒe.da.e.o.sin.gʌl]
없죠 넌,8,[ʌp̚.tʃjo.nʌn],[ʌp̚.tʃjo.nʌn]
없죠 당신의,8,[ʌp̚.tʃjo.taŋ.sin.ɯi],[ʌp̚.tʃjo.daŋ.sin.ɯi]
밤의 경비대,8,[pam.ɯi.kjʌm.pi.tɛ],[bam.ɯi.gjʌŋ.bi.dɛ]
없죠 물론,8,[ʌp̚.tʃjo.mul.ɾon],[ʌp̚.tʃjo.mul.ɾon]
데려가려고 왔다,8,[te.ɾjʌ.ka.ɾjʌ.ko.wat̚.ta],[de.ɾjʌ.ga.ɾjʌ.go.wat̚.ta]
더 이상은 아니지,8,[tʌ.i.saŋ.ɯn.a.ni.tʃi],[dʌ.i.saŋ.ɯn.a.ni.dʒi]
없죠 오,8,[ʌp̚.tʃjo.o],[ʌp̚.tʃjo.o]
그런 것뿐이에요,8,[kɯ.ɾʌŋ.kʌt̚.p͈un.i.e.jo],[gɯ.ɾʌn.gʌt̚.p͈un.i.e.jo]
데려가면 돼,8,[te.ɾjʌ.ka.mjʌn.twɛ],[de.ɾjʌ.ga.mjʌn.dwɛ]
없죠 잠깐,8,[ʌp̚.tʃjo.tʃam.k͈an],[ʌp̚.tʃjo.dʒam.k͈an]
파란 옷을 입혔지,8,[pʰa.ɾan.ot̚.ɯl.ip̚.hjʌt̚.tʃi],[pʰa.ɾan.ot̚.ɯl.ip̚.hjʌt̚.tʃi]
데려가서 그,8,[te.ɾjʌ.ka.sʌ.kɯ],[de.ɾjʌ.ga.sʌ.gɯ]
green glow,8,,
없지 결코 얻을 수,8,[ʌp̚.tʃi.kjʌl.kʰo.ʌt̚.ɯl.su],[ʌp̚.tʃi.gjʌl.kʰo.ʌt̚.ɯl.su]
없지 결코 얻을,8,[ʌp̚.tʃi.kjʌl.kʰo.ʌt̚.ɯl],[ʌp̚.tʃi.gjʌl.kʰo.ʌt̚.ɯl]
게 아니에요 난 그냥,8,[ke.a.ni.e.jo.naŋ.kɯ.njaŋ],[ge.a.ni.e.jo.nan.gɯ.njaŋ]
없지 그가,8,[ʌp̚.tʃi.kɯ.ka],[ʌp̚.tʃi.gɯ.ga]
없지 그럴,8,[ʌp̚.tʃi.kɯ.ɾʌl],[ʌp̚.tʃi.gɯ.ɾʌl]
없지 그렇죠,8,[ʌp̚.tʃi.kɯ.ɾʌt̚.tʃjo],[ʌp̚.tʃi.gɯ.ɾʌt̚.tʃjo]
없지 너희,8,[ʌp̚.tʃi.nʌ.hɯi],[ʌp̚.tʃi.nʌ.hɯi]
데려가지 않았다,8,[te.ɾjʌ.ka.tʃi.an.at̚.ta],[de.ɾjʌ.ga.dʒi.an.at̚.ta]
없지 다시,8,[ʌp̚.tʃi.ta.si],[ʌp̚.tʃi.da.si]
없지 다들,8,[ʌp̚.tʃi.ta.tɯl],[ʌp̚.tʃi.da.dɯl]
데려가지 않을 거야,8,[te.ɾjʌ.ka.tʃi.an.ɯl.kʌ.ja],[de.ɾjʌ.ga.dʒi.an.ɯl.gʌ.ja]
you 너 없이는 Without,8,[nʌ.ʌp̚.i.nɯn],[nʌ.ʌp̚.i.nɯn]
없지 모든,8,[ʌp̚.tʃi.mo.tɯn],[ʌp̚.tʃi.mo.dɯn]
데려간 걸,8,[te.ɾjʌ.kaŋ.kʌl],[de.ɾjʌ.gan.gʌl]
데려간 것 같아요,8,[te.ɾjʌ.kaŋ.kʌt̚.kat̚.a.jo],[de.ɾjʌ.gan.gʌt̚.gat̚.a.jo]
데려간 남자는,8,[te.ɾjʌ.kan.nan.tʃa.nɯn],[de.ɾjʌ.gan.nan.tʃa.nɯn]
그런 게 아니라 그냥,8,[kɯ.ɾʌŋ.ke.a.ni.ɾa.kɯ.njaŋ],[gɯ.ɾʌn.ge.a.ni.ɾa.gɯ.njaŋ]
그런 게 아니라는,8,[kɯ.ɾʌŋ.ke.a.ni.ɾa.nɯn],[gɯ.ɾʌn.ge.a.ni.ɾa.nɯn]
거예요 지금 이,8,[kʌ.je.jo.tʃi.kɯm.i],[gʌ.je.jo.dʒi.gɯm.i]
없지 여긴,8,[ʌp̚.tʃi.jʌ.kin],[ʌp̚.tʃi.jʌ.gin]
없지 오,8,[ʌp̚.tʃi.o],[ʌp̚.tʃi.o]
제대로 받아,8,[tʃe.tɛ.ɾo.pat̚.a],[dʒe.dɛ.ɾo.bat̚.a]
데려갈 때까지,8,[te.ɾjʌ.kal.t͈ɛ.k͈a.tʃi],[de.ɾjʌ.gal.t͈ɛ.k͈a.dʒi]
데려갈 만한,8,[te.ɾjʌ.kal.man.han],[de.ɾjʌ.gal.man.han]
없지 자네가,8,[ʌp̚.tʃi.tʃa.ne.ka],[ʌp̚.tʃi.dʒa.ne.ga]
그런 게 아니면,8,[kɯ.ɾʌŋ.ke.a.ni.mjʌn],[gɯ.ɾʌn.ge.a.ni.mjʌn]
없지 좋아요,8,[ʌp̚.tʃi.tʃot̚.a.jo],[ʌp̚.tʃi.dʒot̚.a.jo]
거예요 지난번,8,[kʌ.je.jo.tʃi.nam.pʌn],[gʌ.je.jo.dʒi.nam.pʌn]
없지만 c,8,[ʌp̚.tʃi.man],[ʌp̚.tʃi.man]
없지만 그가,8,[ʌp̚.tʃi.maŋ.kɯ.ka],[ʌp̚.tʃi.man.gɯ.ga]
you 당신과,8,[taŋ.siŋ.kwa],[daŋ.siŋ.kwa]
제대로 사고,8,[tʃe.tɛ.ɾo.sa.ko],[dʒe.dɛ.ɾo.sa.go]
you 당신을,8,[taŋ.sin.ɯl],[daŋ.sin.ɯl]
없는 것도 아니고,8,[ʌp̚.nɯŋ.kʌt̚.to.a.ni.ko],[ʌp̚.nɯn.gʌt̚.to.a.ni.go]
그러니까 음,8,[kɯ.ɾʌ.ni.k͈a.ɯm],[gɯ.ɾʌ.ni.k͈a.ɯm]
데려갔을 거예요,8,[te.ɾjʌ.kat̚.ɯl.kʌ.je.jo],[de.ɾjʌ.gat̚.ɯl.gʌ.je.jo]
데려갔을 테니까,8,[te.ɾjʌ.kat̚.ɯl.tʰe.ni.k͈a],[de.ɾjʌ.gat̚.ɯl.tʰe.ni.k͈a]
없지만 분명히,8,[ʌp̚.tʃi.mam.pun.mjʌŋ.hi],[ʌp̚.tʃi.man.bun.mjʌŋ.hi]
없지만 아무튼,8,[ʌp̚.tʃi.man.a.mu.tʰɯn],[ʌp̚.tʃi.man.a.mu.tʰɯn]
제대로 싸워,8,[tʃe.tɛ.ɾo.s͈a.wʌ],[dʒe.dɛ.ɾo.s͈a.wʌ]
데려다 주겠다고,8,[te.ɾjʌ.ta.tʃu.ket̚.ta.ko],[de.ɾjʌ.da.dʒu.get̚.ta.go]
없지만 이걸,8,[ʌp̚.tʃi.man.i.kʌl],[ʌp̚.tʃi.man.i.gʌl]
데려다 주겠소,8,[te.ɾjʌ.ta.tʃu.ket̚.so],[de.ɾjʌ.da.dʒu.get̚.so]
거예요 진정해요,8,[kʌ.je.jo.tʃin.tʃʌŋ.hɛ.jo],[gʌ.je.jo.dʒin.tʃʌŋ.hɛ.jo]
데려다 주기,8,[te.ɾjʌ.ta.tʃu.ki],[de.ɾjʌ.da.dʒu.gi]
데려다 주러,8,[te.ɾjʌ.ta.tʃu.ɾʌ],[de.ɾjʌ.da.dʒu.ɾʌ]
없는 것이었다,8,[ʌp̚.nɯŋ.kʌt̚.i.ʌt̚.ta],[ʌp̚.nɯn.gʌt̚.i.ʌt̚.ta]
없지만 하지만 나는,8,[ʌp̚.tʃi.man.ha.tʃi.man.na.nɯn],[ʌp̚.tʃi.man.ha.dʒi.man.na.nɯn]
you 우리가 널,8,[u.ɾi.ka.nʌl],[u.ɾi.ga.nʌl]
거예요 진짜로,8,[kʌ.je.jo.tʃin.tʃ͈a.ɾo],[gʌ.je.jo.dʒin.tʃ͈a.ɾo]
없지만 항상,8,[ʌp̚.tʃi.man.haŋ.saŋ],[ʌp̚.tʃi.man.haŋ.saŋ]
group of,8,,
you 우리가 널 흔들어,8,[u.ɾi.ka.nʌl.hɯn.tɯl.ʌ],[u.ɾi.ga.nʌl.hɯn.tɯl.ʌ]
엉덩이 냄새가,8,[ʌŋ.tʌŋ.i.nɛm.sɛ.ka],[ʌŋ.dʌŋ.i.nɛm.sɛ.ga]
엉덩이 다,8,[ʌŋ.tʌŋ.i.ta],[ʌŋ.dʌŋ.i.da]
엉덩이 들고,8,[ʌŋ.tʌŋ.i.tɯl.ko],[ʌŋ.dʌŋ.i.dɯl.ko]
엉덩이 만지는 걸,8,[ʌŋ.tʌŋ.i.man.tʃi.nɯŋ.kʌl],[ʌŋ.dʌŋ.i.man.tʃi.nɯn.gʌl]
엉덩이 사이에,8,[ʌŋ.tʌŋ.i.sa.i.e],[ʌŋ.dʌŋ.i.sa.i.e]
엉덩이 조심해,8,[ʌŋ.tʌŋ.i.tʃo.sim.hɛ],[ʌŋ.dʌŋ.i.dʒo.sim.hɛ]
데려다 줄 수 있어요,8,[te.ɾjʌ.ta.tʃul.su.it̚.ʌ.jo],[de.ɾjʌ.da.dʒul.su.it̚.ʌ.jo]
엉덩이를 가진,8,[ʌŋ.tʌŋ.i.ɾɯl.ka.tʃin],[ʌŋ.dʌŋ.i.ɾɯl.ga.dʒin]
엉덩이를 걷어차고,8,[ʌŋ.tʌŋ.i.ɾɯl.kʌt̚.ʌ.tʃʰa.ko],[ʌŋ.dʌŋ.i.ɾɯl.gʌt̚.ʌ.tʃʰa.go]
그런 게 있을 리가,8,[kɯ.ɾʌŋ.ke.it̚.ɯl.ɾi.ka],[gɯ.ɾʌn.ge.it̚.ɯl.ɾi.ga]
데려다 줄수,8,[te.ɾjʌ.ta.tʃul.su],[de.ɾjʌ.da.dʒul.su]
섭정 왕후 전하,8,[sʌp̚.tʃʌŋ.waŋ.hu.tʃʌn.ha],[sʌp̚.tʃʌŋ.waŋ.hu.dʒʌn.ha]
엉덩이를 다시,8,[ʌŋ.tʌŋ.i.ɾɯl.ta.si],[ʌŋ.dʌŋ.i.ɾɯl.da.si]
엉덩이를 보고,8,[ʌŋ.tʌŋ.i.ɾɯl.po.ko],[ʌŋ.dʌŋ.i.ɾɯl.bo.go]
데려다 줬으면,8,[te.ɾjʌ.ta.tʃwʌt̚.ɯ.mjʌn],[de.ɾjʌ.da.dʒwʌt̚.ɯ.mjʌn]
그런 게 좋아,8,[kɯ.ɾʌŋ.ke.tʃot̚.a],[gɯ.ɾʌn.ge.dʒot̚.a]
엉덩이를 흔들어요,8,[ʌŋ.tʌŋ.i.ɾɯl.hɯn.tɯl.ʌ.jo],[ʌŋ.dʌŋ.i.ɾɯl.hɯn.tɯl.ʌ.jo]
그런 게임은,8,[kɯ.ɾʌŋ.ke.im.ɯn],[gɯ.ɾʌn.ge.im.ɯn]
데려다준 거야,8,[te.ɾjʌ.ta.tʃuŋ.kʌ.ja],[de.ɾjʌ.da.dʒun.gʌ.ja]
그런 게임을,8,[kɯ.ɾʌŋ.ke.im.ɯl],[gɯ.ɾʌn.ge.im.ɯl]
엉뚱한 생각,8,[ʌŋ.t͈uŋ.han.sɛŋ.kak̚],[ʌŋ.t͈uŋ.han.sɛŋ.gak̚]
데려다줄 수 있어요,8,[te.ɾjʌ.ta.tʃul.su.it̚.ʌ.jo],[de.ɾjʌ.da.dʒul.su.it̚.ʌ.jo]
엉뚱한 음악,8,[ʌŋ.t͈uŋ.han.ɯm.ak̚],[ʌŋ.t͈uŋ.han.ɯm.ak̚]
엉망 됐어,8,[ʌŋ.maŋ.twɛt̚.ʌ],[ʌŋ.maŋ.dwɛt̚.ʌ]
엉망으로 만들었다,8,[ʌŋ.maŋ.ɯ.ɾo.man.tɯl.ʌt̚.ta],[ʌŋ.maŋ.ɯ.ɾo.man.tɯl.ʌt̚.ta]
엉망으로 만들었지,8,[ʌŋ.maŋ.ɯ.ɾo.man.tɯl.ʌt̚.tʃi],[ʌŋ.maŋ.ɯ.ɾo.man.tɯl.ʌt̚.tʃi]
거예요 착한,8,[kʌ.je.jo.tʃʰak̚.han],[gʌ.je.jo.tʃʰak̚.han]
데려오고 싶었어,8,[te.ɾjʌ.o.ko.sip̚.ʌt̚.ʌ],[de.ɾjʌ.o.go.sip̚.ʌt̚.ʌ]
제대로 하는 게 없어,8,[tʃe.tɛ.ɾo.ha.nɯŋ.ke.ʌp̚.ʌ],[dʒe.dɛ.ɾo.ha.nɯn.ge.ʌp̚.ʌ]
엉망이 되어,8,[ʌŋ.maŋ.i.twe.ʌ],[ʌŋ.maŋ.i.dwe.ʌ]
그런 경우엔,8,[kɯ.ɾʌŋ.kjʌŋ.u.en],[gɯ.ɾʌn.gjʌŋ.u.en]
게 아니에요 저도,8,[ke.a.ni.e.jo.tʃʌ.to],[ge.a.ni.e.jo.dʒʌ.do]
엉망진창이 됐어,8,[ʌŋ.maŋ.tʃin.tʃʰaŋ.i.twɛt̚.ʌ],[ʌŋ.maŋ.dʒin.tʃʰaŋ.i.dwɛt̚.ʌ]
거예요 책을,8,[kʌ.je.jo.tʃʰɛk̚.ɯl],[gʌ.je.jo.tʃʰɛk̚.ɯl]
엉망진창이 된,8,[ʌŋ.maŋ.tʃin.tʃʰaŋ.i.twen],[ʌŋ.maŋ.dʒin.tʃʰaŋ.i.dwen]
엉클 머스의,8,[ʌŋ.kʰɯl.mʌ.sɯ.ɯi],[ʌŋ.kʰɯl.mʌ.sɯ.ɯi]
그런 고민,8,[kɯ.ɾʌŋ.ko.min],[gɯ.ɾʌn.go.min]
엎드리자 준비,8,[ʌp̚.tɯ.ɾi.tʃa.tʃum.pi],[ʌp̚.tɯ.ɾi.dʒa.dʒum.pi]
그런 고생을,8,[kɯ.ɾʌŋ.ko.sɛŋ.ɯl],[gɯ.ɾʌn.go.sɛŋ.ɯl]
에 가까운,8,[e.ka.k͈a.un],[e.ga.k͈a.un]
데려오면 어떡해,8,[te.ɾjʌ.o.mjʌn.ʌ.t͈ʌk̚.hɛ],[de.ɾjʌ.o.mjʌn.ʌ.t͈ʌk̚.hɛ]
에 관심이,8,[e.kwan.sim.i],[e.gwan.sim.i]
데려오지 못하면,8,[te.ɾjʌ.o.tʃi.mot̚.ha.mjʌn],[de.ɾjʌ.o.dʒi.mot̚.ha.mjʌn]
데려온 거잖아요,8,[te.ɾjʌ.oŋ.kʌ.tʃan.a.jo],[de.ɾjʌ.on.gʌ.dʒan.a.jo]
제 정치적,8,[tʃe.tʃʌŋ.tʃʰi.tʃʌk̚],[dʒe.dʒʌŋ.tʃʰi.dʒʌk̚]
제대로 했네요,8,[tʃe.tɛ.ɾo.hɛt̚.ne.jo],[dʒe.dɛ.ɾo.hɛt̚.ne.jo]
데려온 겁니다,8,[te.ɾjʌ.oŋ.kʌp̚.ni.ta],[de.ɾjʌ.on.gʌp̚.ni.da]
에 대해 알,8,[e.tɛ.hɛ.al],[e.dɛ.hɛ.al]
에 대해 아는 것이,8,[e.tɛ.hɛ.a.nɯŋ.kʌt̚.i],[e.dɛ.hɛ.a.nɯn.gʌt̚.i]
에 등록되어 있다,8,[e.tɯŋ.ɾok̚.twe.ʌ.it̚.ta],[e.dɯŋ.ɾok̚.twe.ʌ.it̚.ta]
데려온 사람들은,8,[te.ɾjʌ.on.sa.ɾan.tɯl.ɯn],[de.ɾjʌ.on.sa.ɾan.tɯl.ɯn]
그런 광경을,8,[kɯ.ɾʌŋ.kwaŋ.kjʌŋ.ɯl],[gɯ.ɾʌn.gwaŋ.gjʌŋ.ɯl]
에 무슨 일이,8,[e.mu.sɯn.il.i],[e.mu.sɯn.il.i]
모르겠어 미안,8,[mo.ɾɯ.ket̚.ʌ.mi.an],[mo.ɾɯ.get̚.ʌ.mi.an]
에 신고,8,[e.siŋ.ko],[e.siŋ.ko]
데려온 적,8,[te.ɾjʌ.on.tʃʌk̚],[de.ɾjʌ.on.dʒʌk̚]
에 신고한,8,[e.siŋ.ko.han],[e.siŋ.ko.han]
에 연락해,8,[e.jʌl.lak̚.hɛ],[e.jʌl.lak̚.hɛ]
그런 그를,8,[kɯ.ɾʌŋ.kɯ.ɾɯl],[gɯ.ɾʌn.gɯ.ɾɯl]
에 있을 때,8,[e.it̚.ɯl.t͈ɛ],[e.it̚.ɯl.t͈ɛ]
데려올 수 있다고,8,[te.ɾjʌ.ol.su.it̚.ta.ko],[de.ɾjʌ.ol.su.it̚.ta.go]
데려올 수 있다면,8,[te.ɾjʌ.ol.su.it̚.ta.mjʌn],[de.ɾjʌ.ol.su.it̚.ta.mjʌn]
D'' Avin,8,,
없는 놈을,8,[ʌp̚.nɯn.nom.ɯl],[ʌp̚.nɯn.nom.ɯl]
에그 베네딕트,8,[e.kɯ.pe.ne.tik̚.tʰɯ],[e.gɯ.be.ne.dik̚.tʰɯ]
제리 씨,8,[tʃe.ɾi.s͈i],[dʒe.ɾi.s͈i]
데려올게요 그,8,[te.ɾjʌ.ol.ke.jo.kɯ],[de.ɾjʌ.ol.ke.jo.gɯ]
you''ll have,8,,
에너지 분야,8,[e.nʌ.tʃi.pun.ja],[e.nʌ.dʒi.bun.ja]
에너지 펄스가,8,[e.nʌ.tʃi.pʰʌl.sɯ.ka],[e.nʌ.dʒi.pʰʌl.sɯ.ga]
그런 기분이 들어요,8,[kɯ.ɾʌŋ.ki.pun.i.tɯl.ʌ.jo],[gɯ.ɾʌn.gi.bun.i.dɯl.ʌ.jo]
데려와 달라고,8,[te.ɾjʌ.wa.tal.ɾa.ko],[de.ɾjʌ.wa.dal.ɾa.go]
그러니까 저리,8,[kɯ.ɾʌ.ni.k͈a.tʃʌ.ɾi],[gɯ.ɾʌ.ni.k͈a.dʒʌ.ɾi]
에너지를 공급하고,8,[e.nʌ.tʃi.ɾɯl.koŋ.kɯp̚.ha.ko],[e.nʌ.dʒi.ɾɯl.goŋ.gɯp̚.ha.go]
We''ve had a,8,,
에니스 스투시,8,[e.ni.sɯ.sɯ.tʰu.si],[e.ni.sɯ.sɯ.tʰu.si]
에단 헌트는,8,[e.tan.hʌn.tʰɯ.nɯn],[e.dan.hʌn.tʰɯ.nɯn]
데려와 잘,8,[te.ɾjʌ.wa.tʃal],[de.ɾjʌ.wa.dʒal]
에드 첸이,8,[e.tɯ.tʃʰen.i],[e.dɯ.tʃʰen.i]
에드 오빠,8,[e.tɯ.o.p͈a],[e.dɯ.o.p͈a]
에드가 케이시,8,[e.tɯ.ka.kʰe.i.si],[e.dɯ.ga.kʰe.i.si]
에드거 리드,8,[e.tɯ.kʌ.ɾi.tɯ],[e.dɯ.gʌ.ɾi.dɯ]
게 아니잖아 난,8,[ke.a.ni.tʃan.a.nan],[ge.a.ni.dʒan.a.nan]
에드거 앨런 포,8,[e.tɯ.kʌ.ɛl.ɾʌm.pʰo],[e.dɯ.gʌ.ɛl.ɾʌm.pʰo]
에드먼드 리드는,8,[e.tɯ.mʌn.tɯ.ɾi.tɯ.nɯn],[e.dɯ.mʌn.tɯ.ɾi.dɯ.nɯn]
제발 가라고,8,[tʃe.pal.ka.ɾa.ko],[dʒe.bal.ga.ɾa.go]
데려와 줘서 고마워요,8,[te.ɾjʌ.wa.tʃwʌ.sʌ.ko.ma.wʌ.jo],[de.ɾjʌ.wa.dʒwʌ.sʌ.go.ma.wʌ.jo]
데려와도 돼요,8,[te.ɾjʌ.wa.to.twɛ.jo],[de.ɾjʌ.wa.do.dwɛ.jo]
데려와라 네,8,[te.ɾjʌ.wa.ɾa.ne],[de.ɾjʌ.wa.ɾa.ne]
you out there,8,,
제발 걱정,8,[tʃe.pal.kʌk̚.tʃʌŋ],[dʒe.bal.gʌk̚.tʃʌŋ]
없는 땅,8,[ʌp̚.nɯn.t͈aŋ],[ʌp̚.nɯn.t͈aŋ]
에드와 로레인,8,[e.tɯ.wa.ɾo.ɾe.in],[e.dɯ.wa.ɾo.ɾe.in]
에든버러 공작의,8,[e.tɯm.pʌ.ɾʌ.koŋ.tʃak̚.ɯi],[e.dɯm.pʌ.ɾʌ.goŋ.dʒak̚.ɯi]
에디 달,8,[e.ti.tal],[e.di.dal]
데려왔어 내가,8,[te.ɾjʌ.wat̚.ʌ.nɛ.ka],[de.ɾjʌ.wat̚.ʌ.nɛ.ga]
에디랑 같이,8,[e.ti.ɾaŋ.kat̚.i],[e.di.ɾaŋ.gat̚.i]
에르마노스에 잘 오셨습니다,8,[e.ɾɯ.ma.no.sɯ.e.tʃal.o.sjʌt̚.sɯp̚.ni.ta],[e.ɾɯ.ma.no.sɯ.e.dʒal.o.sjʌt̚.sɯp̚.ni.da]
에르마노스에 잘,8,[e.ɾɯ.ma.no.sɯ.e.tʃal],[e.ɾɯ.ma.no.sɯ.e.dʒal]
에리카의 목숨을,8,[e.ɾi.kʰa.ɯi.mok̚.sum.ɯl],[e.ɾi.kʰa.ɯi.mok̚.sum.ɯl]
그런 날이 오면,8,[kɯ.ɾʌn.nal.i.o.mjʌn],[gɯ.ɾʌn.nal.i.o.mjʌn]
데로 가면,8,[te.ɾo.ka.mjʌn],[de.ɾo.ga.mjʌn]
에릭 네가,8,[e.ɾik̚.ne.ka],[e.ɾik̚.ne.ga]
제발 그렇게 부르지,8,[tʃe.pal.kɯ.ɾʌt̚.ke.pu.ɾɯ.tʃi],[dʒe.bal.gɯ.ɾʌt̚.ke.bu.ɾɯ.dʒi]
에릭 오배넌은,8,[e.ɾik̚.o.pɛ.nʌn.ɯn],[e.ɾik̚.o.bɛ.nʌn.ɯn]
데로 돌리는,8,[te.ɾo.tol.ɾi.nɯn],[de.ɾo.dol.ɾi.nɯn]
네 검사,8,[ne.kʌm.sa],[ne.gʌm.sa]
데로 돌리려고,8,[te.ɾo.tol.ɾi.ɾjʌ.ko],[de.ɾo.dol.ɾi.ɾjʌ.go]
그런 남자가 되고,8,[kɯ.ɾʌn.nan.tʃa.ka.twe.ko],[gɯ.ɾʌn.nan.tʃa.ga.dwe.go]
데로 모실게요,8,[te.ɾo.mo.sil.ke.jo],[de.ɾo.mo.sil.ke.jo]
없는 밤,8,[ʌp̚.nɯm.pam],[ʌp̚.nɯn.bam]
그런 남자라면,8,[kɯ.ɾʌn.nan.tʃa.ɾa.mjʌn],[gɯ.ɾʌn.nan.tʃa.ɾa.mjʌn]
거예요 평범한,8,[kʌ.je.jo.pʰjʌm.pʌm.han],[gʌ.je.jo.pʰjʌŋ.bʌm.han]
에밀리 오늘,8,[e.mil.ɾi.o.nɯl],[e.mil.ɾi.o.nɯl]
데를 왜,8,[te.ɾɯl.wɛ],[de.ɾɯl.wɛ]
데리고 가거라,8,[te.ɾi.ko.ka.kʌ.ɾa],[de.ɾi.go.ga.gʌ.ɾa]
모르겠어 집에,8,[mo.ɾɯ.ket̚.ʌ.tʃip̚.e],[mo.ɾɯ.get̚.ʌ.dʒip̚.e]
없는 방에,8,[ʌp̚.nɯm.paŋ.e],[ʌp̚.nɯn.baŋ.e]
에밀리오 삼촌,8,[e.mil.ɾi.o.san.tʃʰon],[e.mil.ɾi.o.san.tʃʰon]
그런 내게,8,[kɯ.ɾʌn.nɛ.ke],[gɯ.ɾʌn.nɛ.ge]
에밀리오 씨,8,[e.mil.ɾi.o.s͈i],[e.mil.ɾi.o.s͈i]
에번스 씨,8,[e.pʌn.sɯ.s͈i],[e.bʌn.sɯ.s͈i]
데리고 갈 거예요,8,[te.ɾi.ko.kal.kʌ.je.jo],[de.ɾi.go.gal.gʌ.je.jo]
제발 내버려,8,[tʃe.pal.lɛ.pʌ.ɾjʌ],[dʒe.bal.lɛ.bʌ.ɾjʌ]
그런 노력을,8,[kɯ.ɾʌn.no.ɾjʌk̚.ɯl],[gɯ.ɾʌn.no.ɾjʌk̚.ɯl]
모르겠어요 그는,8,[mo.ɾɯ.ket̚.ʌ.jo.kɯ.nɯn],[mo.ɾɯ.get̚.ʌ.jo.gɯ.nɯn]
에스더 이,8,[e.sɯ.tʌ.i],[e.sɯ.dʌ.i]
에스더 할머니,8,[e.sɯ.tʌ.hal.mʌ.ni],[e.sɯ.dʌ.hal.mʌ.ni]
거예요 필립,8,[kʌ.je.jo.pʰil.ɾip̚],[gʌ.je.jo.pʰil.ɾip̚]
에스코트 서비스를,8,[e.sɯ.kʰo.tʰɯ.sʌ.pi.sɯ.ɾɯl],[e.sɯ.kʰo.tʰɯ.sʌ.bi.sɯ.ɾɯl]
그런 놈들과,8,[kɯ.ɾʌn.non.tɯl.kwa],[gɯ.ɾʌn.non.tɯl.kwa]
모르겠어요 그런데,8,[mo.ɾɯ.ket̚.ʌ.jo.kɯ.ɾʌn.te],[mo.ɾɯ.get̚.ʌ.jo.gɯ.ɾʌn.te]
에어 포스베이스,8,[e.ʌ.pʰo.sɯ.pe.i.sɯ],[e.ʌ.pʰo.sɯ.be.i.sɯ]
모르겠어요 그렇게,8,[mo.ɾɯ.ket̚.ʌ.jo.kɯ.ɾʌt̚.ke],[mo.ɾɯ.get̚.ʌ.jo.gɯ.ɾʌt̚.ke]
gun in,8,,
에어버스 시뮬레이션,8,[e.ʌ.pʌ.sɯ.si.mjul.ɾe.i.sjʌn],[e.ʌ.bʌ.sɯ.si.mjul.ɾe.i.sjʌn]
에어컨 바람,8,[e.ʌ.kʰʌm.pa.ɾam],[e.ʌ.kʰʌn.ba.ɾam]
에어컨이 고장,8,[e.ʌ.kʰʌn.i.ko.tʃaŋ],[e.ʌ.kʰʌn.i.go.dʒaŋ]
그런 놈이랑,8,[kɯ.ɾʌn.nom.i.ɾaŋ],[gɯ.ɾʌn.nom.i.ɾaŋ]
데리고 나갈거야,8,[te.ɾi.ko.na.kal.kʌ.ja],[de.ɾi.go.na.gal.kʌ.ja]
에이 진짜,8,[e.i.tʃin.tʃ͈a],[e.i.dʒin.tʃ͈a]
에이드리언과 사진,8,[e.i.tɯ.ɾi.ʌŋ.kwa.sa.tʃin],[e.i.dɯ.ɾi.ʌŋ.kwa.sa.dʒin]
에이미 내가,8,[e.i.mi.nɛ.ka],[e.i.mi.nɛ.ga]
에이미 안녕,8,[e.i.mi.an.njʌŋ],[e.i.mi.an.njʌŋ]
에이바 크라우더,8,[e.i.pa.kʰɯ.ɾa.u.tʌ],[e.i.ba.kʰɯ.ɾa.u.dʌ]
데리고 나올 수,8,[te.ɾi.ko.na.ol.su],[de.ɾi.go.na.ol.su]
데리고 나와요,8,[te.ɾi.ko.na.wa.jo],[de.ɾi.go.na.wa.jo]
데리고 다녀야,8,[te.ɾi.ko.ta.njʌ.ja],[de.ɾi.go.da.njʌ.ja]
데리고 다니고,8,[te.ɾi.ko.ta.ni.ko],[de.ɾi.go.da.ni.go]
거예요 하지만 다른,8,[kʌ.je.jo.ha.tʃi.man.ta.ɾɯn],[gʌ.je.jo.ha.dʒi.man.da.ɾɯn]
데리고 다니면서,8,[te.ɾi.ko.ta.ni.mjʌn.sʌ],[de.ɾi.go.da.ni.mjʌn.sʌ]
제발 머리,8,[tʃe.pal.mʌ.ɾi],[dʒe.bal.mʌ.ɾi]
에이하브 웨이브 반응,8,[e.i.ha.pɯ.we.i.pɯ.pan.ɯŋ],[e.i.ha.bɯ.we.i.bɯ.ban.ɯŋ]
에인션트 원은,8,[e.in.sjʌn.tʰɯ.wʌn.ɯn],[e.in.sjʌn.tʰɯ.wʌn.ɯn]
에인션트 원을,8,[e.in.sjʌn.tʰɯ.wʌn.ɯl],[e.in.sjʌn.tʰɯ.wʌn.ɯl]
에인션트 원처럼,8,[e.in.sjʌn.tʰɯ.wʌn.tʃʰʌ.ɾʌm],[e.in.sjʌn.tʰɯ.wʌn.tʃʰʌ.ɾʌm]
에코 원이,8,[e.kʰo.wʌn.i],[e.kʰo.wʌn.i]
you''re feeling,8,,
데리고 뭐,8,[te.ɾi.ko.mwʌ],[de.ɾi.go.mwʌ]
guy I,8,,
엑소시스트 지난,8,[ek̚.so.si.sɯ.tʰɯ.tʃi.nan],[ek̚.so.si.sɯ.tʰɯ.dʒi.nan]
엑소시스트 지난 이야기,8,[ek̚.so.si.sɯ.tʰɯ.tʃi.nan.i.ja.ki],[ek̚.so.si.sɯ.tʰɯ.dʒi.nan.i.ja.gi]
데리고 어떻게,8,[te.ɾi.ko.ʌ.t͈ʌt̚.ke],[de.ɾi.go.ʌ.t͈ʌt̚.ke]
그런 능력,8,[kɯ.ɾʌn.nɯŋ.ɾjʌk̚],[gɯ.ɾʌn.nɯŋ.ɾjʌk̚]
그런 능력이 있는,8,[kɯ.ɾʌn.nɯŋ.ɾjʌk̚.i.it̚.nɯn],[gɯ.ɾʌn.nɯŋ.ɾjʌk̚.i.it̚.nɯn]
엔리코 단돌로,8,[el.li.kʰo.tan.tol.ɾo],[el.li.kʰo.dan.tol.ɾo]
거예요 한 가지,8,[kʌ.je.jo.haŋ.ka.tʃi],[gʌ.je.jo.han.ga.dʒi]
데리고 올 때,8,[te.ɾi.ko.ol.t͈ɛ],[de.ɾi.go.ol.t͈ɛ]
그런 다음 우리는,8,[kɯ.ɾʌn.ta.ɯm.u.ɾi.nɯn],[gɯ.ɾʌn.da.ɯm.u.ɾi.nɯn]
없는 살림에,8,[ʌp̚.nɯn.sal.ɾim.e],[ʌp̚.nɯn.sal.ɾim.e]
데리고 와야지,8,[te.ɾi.ko.wa.ja.tʃi],[de.ɾi.go.wa.ja.dʒi]
엔진 작동,8,[en.tʃin.tʃak̚.toŋ],[en.tʃin.dʒak̚.toŋ]
데리고 왔네,8,[te.ɾi.ko.wat̚.ne],[de.ɾi.go.wat̚.ne]
그런 다음엔요,8,[kɯ.ɾʌn.ta.ɯm.en.jo],[gɯ.ɾʌn.da.ɯm.en.jo]
엔진 추진력을 잃고,8,[en.tʃin.tʃʰu.tʃil.ljʌk̚.ɯl.il.ko],[en.tʃin.tʃʰu.dʒil.ljʌk̚.ɯl.il.ko]
엔진 추진력을 잃고 있다,8,[en.tʃin.tʃʰu.tʃil.ljʌk̚.ɯl.il.ko.it̚.ta],[en.tʃin.tʃʰu.dʒil.ljʌk̚.ɯl.il.ko.it̚.ta]
엔진 출력,8,[en.tʃin.tʃʰul.ɾjʌk̚],[en.tʃin.tʃʰul.ɾjʌk̚]
엔진 추진력을 잃었다 라과디아로,8,[en.tʃin.tʃʰu.tʃil.ljʌk̚.ɯl.il.ʌt̚.ta.ɾa.kwa.ti.a.ɾo],[en.tʃin.tʃʰu.dʒil.ljʌk̚.ɯl.il.ʌt̚.ta.ɾa.gwa.di.a.ɾo]
데리고 왔을 때,8,[te.ɾi.ko.wat̚.ɯl.t͈ɛ],[de.ɾi.go.wat̚.ɯl.t͈ɛ]
데리고 왔죠,8,[te.ɾi.ko.wat̚.tʃjo],[de.ɾi.go.wat̚.tʃjo]
나밖에 없으니까 난,8,[na.pak̚.e.ʌp̚.ɯ.ni.k͈a.nan],[na.bak̚.e.ʌp̚.ɯ.ni.k͈a.nan]
데리고 우리,8,[te.ɾi.ko.u.ɾi],[de.ɾi.go.u.ɾi]
데리고 있겠다고,8,[te.ɾi.ko.it̚.ket̚.ta.ko],[de.ɾi.go.it̚.ket̚.ta.go]
나밖에 없으니까 난 플래시예요,8,[na.pak̚.e.ʌp̚.ɯ.ni.k͈a.nam.pʰɯl.ɾɛ.si.je.jo],[na.bak̚.e.ʌp̚.ɯ.ni.k͈a.nam.pʰɯl.ɾɛ.si.je.jo]
없는 상황이었어요,8,[ʌp̚.nɯn.saŋ.hwaŋ.i.ʌt̚.ʌ.jo],[ʌp̚.nɯn.saŋ.hwaŋ.i.ʌt̚.ʌ.jo]
엔진을 잃었나,8,[en.tʃin.ɯl.il.ʌt̚.na],[en.tʃin.ɯl.il.ʌt̚.na]
엔진이 고장,8,[en.tʃin.i.ko.tʃaŋ],[en.tʃin.i.go.dʒaŋ]
파크 챈서리,8,[pʰa.kʰɯ.tʃʰɛn.sʌ.ɾi],[pʰa.kʰɯ.tʃʰɛn.sʌ.ɾi]
엔진점화장치 가동,8,[en.tʃin.tʃʌm.hwa.tʃaŋ.tʃʰi.ka.toŋ],[en.tʃin.tʃʌm.hwa.dʒaŋ.tʃʰi.ga.doŋ]
엘 마즈리,8,[el.ma.tʃɯ.ɾi],[el.ma.dʒɯ.ɾi]
데리고 있어 그리고,8,[te.ɾi.ko.it̚.ʌ.kɯ.ɾi.ko],[de.ɾi.go.it̚.ʌ.gɯ.ɾi.go]
엘 프사이,8,[el.pʰɯ.sa.i],[el.pʰɯ.sa.i]
엘드리치 팔머를,8,[el.tɯ.ɾi.tʃʰi.pʰal.mʌ.ɾɯl],[el.tɯ.ɾi.tʃʰi.pʰal.mʌ.ɾɯl]
엘런 예거,8,[el.ɾʌn.je.kʌ],[el.ɾʌn.je.gʌ]
엘런 예거를,8,[el.ɾʌn.je.kʌ.ɾɯl],[el.ɾʌn.je.gʌ.ɾɯl]
없는 소리야,8,[ʌp̚.nɯn.so.ɾi.ja],[ʌp̚.nɯn.so.ɾi.ja]
거예요 행운을 빌어요,8,[kʌ.je.jo.hɛŋ.un.ɯl.pil.ʌ.jo],[gʌ.je.jo.hɛŋ.un.ɯl.bil.ʌ.jo]
엘론 머스크,8,[el.ɾon.mʌ.sɯ.kʰɯ],[el.ɾon.mʌ.sɯ.kʰɯ]
그러니까 총,8,[kɯ.ɾʌ.ni.k͈a.tʃʰoŋ],[gɯ.ɾʌ.ni.k͈a.tʃʰoŋ]
없는 시간을,8,[ʌp̚.nɯn.si.kan.ɯl],[ʌp̚.nɯn.si.gan.ɯl]
제발 열어줘,8,[tʃe.pal.jʌl.ʌ.tʃwʌ],[dʒe.bal.jʌl.ʌ.dʒwʌ]
데리러 가다,8,[te.ɾi.ɾʌ.ka.ta],[de.ɾi.ɾʌ.ga.da]
그런 도움은,8,[kɯ.ɾʌn.to.um.ɯn],[gɯ.ɾʌn.do.um.ɯn]
그런 돈 없어,8,[kɯ.ɾʌn.ton.ʌp̚.ʌ],[gɯ.ɾʌn.don.ʌp̚.ʌ]
모든 꿈,8,[mo.tɯŋ.k͈um],[mo.dɯŋ.k͈um]
엘리베이터 타는,8,[el.ɾi.pe.i.tʰʌ.tʰa.nɯn],[el.ɾi.be.i.tʰʌ.tʰa.nɯn]
데리러 가야지,8,[te.ɾi.ɾʌ.ka.ja.tʃi],[de.ɾi.ɾʌ.ga.ja.dʒi]
데리러 가죠,8,[te.ɾi.ɾʌ.ka.tʃjo],[de.ɾi.ɾʌ.ga.dʒjo]
엘리아 씨의,8,[el.ɾi.a.s͈i.ɯi],[el.ɾi.a.s͈i.ɯi]
제발 이 연설 좀,8,[tʃe.pal.i.jʌn.sʌl.tʃom],[dʒe.bal.i.jʌn.sʌl.dʒom]
엘리엇 씨,8,[el.ɾi.ʌt̚.s͈i],[el.ɾi.ʌt̚.s͈i]
엘리자베스 킨과,8,[el.ɾi.tʃa.pe.sɯ.kʰiŋ.kwa],[el.ɾi.dʒa.be.sɯ.kʰiŋ.kwa]
데리러 공항에,8,[te.ɾi.ɾʌ.koŋ.haŋ.e],[de.ɾi.ɾʌ.goŋ.haŋ.e]
그런 뜻 아냐,8,[kɯ.ɾʌn.t͈ɯt̚.a.nja],[gɯ.ɾʌn.t͈ɯt̚.a.nja]
데리러 오라고 해,8,[te.ɾi.ɾʌ.o.ɾa.ko.hɛ],[de.ɾi.ɾʌ.o.ɾa.go.hɛ]
엘립시스 슈미어'',8,[el.ɾip̚.si.sɯ.sju.mi.ʌ],[el.ɾip̚.si.sɯ.sju.mi.ʌ]
거예요 회의,8,[kʌ.je.jo.hwe.ɯi],[gʌ.je.jo.hwe.ɯi]
그런 뜻으로 말한 게,8,[kɯ.ɾʌn.t͈ɯt̚.ɯ.ɾo.mal.haŋ.ke],[gɯ.ɾʌn.t͈ɯt̚.ɯ.ɾo.mal.han.ge]
guy with,8,,
you''re home,8,,
그런 뜻으로 한 말이,8,[kɯ.ɾʌn.t͈ɯt̚.ɯ.ɾo.han.mal.i],[gɯ.ɾʌn.t͈ɯt̚.ɯ.ɾo.han.mal.i]
데리러 와야,8,[te.ɾi.ɾʌ.wa.ja],[de.ɾi.ɾʌ.wa.ja]
제발 자리에,8,[tʃe.pal.tʃa.ɾi.e],[dʒe.bal.dʒa.ɾi.e]
거요 가자,8,[kʌ.jo.ka.tʃa],[gʌ.jo.ga.dʒa]
데리러 왔는데요,8,[te.ɾi.ɾʌ.wat̚.nɯn.te.jo],[de.ɾi.ɾʌ.wat̚.nɯn.te.jo]
여기 가끔,8,[jʌ.ki.ka.k͈ɯm],[jʌ.gi.ga.k͈ɯm]
데릭 지터,8,[te.ɾik̚.tʃi.tʰʌ],[de.ɾik̚.dʒi.tʰʌ]
데만 관심이,8,[te.maŋ.kwan.sim.i],[de.man.gwan.sim.i]
거요 계속,8,[kʌ.jo.kje.sok̚],[gʌ.jo.gje.sok̚]
여기 갖고,8,[jʌ.ki.kat̚.ko],[jʌ.gi.gat̚.ko]
여기 경찰들은,8,[jʌ.ki.kjʌŋ.tʃʰal.tɯl.ɯn],[jʌ.gi.gjʌŋ.tʃʰal.tɯl.ɯn]
데보라 있나요,8,[te.po.ɾa.it̚.na.jo],[de.bo.ɾa.it̚.na.jo]
여기 계세요 제가,8,[jʌ.ki.kje.se.jo.tʃe.ka],[jʌ.gi.gje.se.jo.dʒe.ga]
데뷔할 수,8,[te.pwi.hal.su],[de.bwi.hal.su]
그런 뜻이지,8,[kɯ.ɾʌn.t͈ɯt̚.i.tʃi],[gɯ.ɾʌn.t͈ɯt̚.i.dʒi]
여기 계셨던,8,[jʌ.ki.kje.sjʌt̚.tʌn],[jʌ.gi.gje.sjʌt̚.tʌn]
여기 계셨어,8,[jʌ.ki.kje.sjʌt̚.ʌ],[jʌ.gi.gje.sjʌt̚.ʌ]
데비 랄,8,[te.pi.ɾal],[de.bi.ɾal]
데비랑 칼은,8,[te.pi.ɾaŋ.kʰal.ɯn],[de.bi.ɾaŋ.kʰal.ɯn]
데서 다,8,[te.sʌ.ta],[de.sʌ.da]
you''re keeping,8,,
데서 사는,8,[te.sʌ.sa.nɯn],[de.sʌ.sa.nɯn]
데서 살고,8,[te.sʌ.sal.ko],[de.sʌ.sal.ko]
여기 계실 줄,8,[jʌ.ki.kje.sil.tʃul],[jʌ.gi.gje.sil.dʒul]
여기 계십니다,8,[jʌ.ki.kje.sip̚.ni.ta],[jʌ.gi.gje.sip̚.ni.da]
데서 자,8,[te.sʌ.tʃa],[de.sʌ.dʒa]
데서 할,8,[te.sʌ.hal],[de.sʌ.hal]
여기 규칙은,8,[jʌ.ki.kju.tʃʰik̚.ɯn],[jʌ.gi.gju.tʃʰik̚.ɯn]
여기 규칙을,8,[jʌ.ki.kju.tʃʰik̚.ɯl],[jʌ.gi.gju.tʃʰik̚.ɯl]
데우고 있어,8,[te.u.ko.it̚.ʌ],[de.u.go.it̚.ʌ]
제발 하느님,8,[tʃe.pal.ha.nɯ.nim],[dʒe.bal.ha.nɯ.nim]
데우기만 하면,8,[te.u.ki.man.ha.mjʌn],[de.u.gi.man.ha.mjʌn]
여기 끌고,8,[jʌ.ki.k͈ɯl.ko],[jʌ.gi.k͈ɯl.ko]
거요 그래야,8,[kʌ.jo.kɯ.ɾɛ.ja],[gʌ.jo.gɯ.ɾɛ.ja]
파트너와 춤을,8,[pʰa.tʰɯ.nʌ.wa.tʃʰum.ɯl],[pʰa.tʰɯ.nʌ.wa.tʃʰum.ɯl]
여기 나가서,8,[jʌ.ki.na.ka.sʌ],[jʌ.gi.na.ga.sʌ]
제발 하지마요,8,[tʃe.pal.ha.tʃi.ma.jo],[dʒe.bal.ha.dʒi.ma.jo]
여기 나쁜,8,[jʌ.ki.na.p͈ɯn],[jʌ.gi.na.p͈ɯn]
여기 나타나다니,8,[jʌ.ki.na.tʰa.na.ta.ni],[jʌ.gi.na.tʰa.na.da.ni]
그런 말 쓰지 마,8,[kɯ.ɾʌn.mal.s͈ɯ.tʃi.ma],[gɯ.ɾʌn.mal.s͈ɯ.dʒi.ma]
파티 가지,8,[pʰa.tʰi.ka.tʃi],[pʰa.tʰi.ga.dʒi]
여기 남아있어,8,[jʌ.ki.nam.a.it̚.ʌ],[jʌ.gi.nam.a.it̚.ʌ]
여기 남을 수,8,[jʌ.ki.nam.ɯl.su],[jʌ.gi.nam.ɯl.su]
여기 남은 건,8,[jʌ.ki.nam.ɯŋ.kʌn],[jʌ.gi.nam.ɯn.gʌn]
없는 저,8,[ʌp̚.nɯn.tʃʌ],[ʌp̚.nɯn.dʒʌ]
데이브 내가,8,[te.i.pɯ.nɛ.ka],[de.i.bɯ.nɛ.ga]
데이브 슐츠,8,[te.i.pɯ.sjul.tʃʰɯ],[de.i.bɯ.sjul.tʃʰɯ]
제발요 넌,8,[tʃe.pal.jo.nʌn],[dʒe.bal.jo.nʌn]
여기 너무 좋아,8,[jʌ.ki.nʌ.mu.tʃot̚.a],[jʌ.gi.nʌ.mu.dʒot̚.a]
여기 너와,8,[jʌ.ki.nʌ.wa],[jʌ.gi.nʌ.wa]
제발요 우리,8,[tʃe.pal.jo.u.ɾi],[dʒe.bal.jo.u.ɾi]
데이비드 내가,8,[te.i.pi.tɯ.nɛ.ka],[de.i.bi.dɯ.nɛ.ga]
여기 누구 없어,8,[jʌ.ki.nu.ku.ʌp̚.ʌ],[jʌ.gi.nu.gu.ʌp̚.ʌ]
데이비드 리,8,[te.i.pi.tɯ.ɾi],[de.i.bi.dɯ.ɾi]
거요 그렇죠,8,[kʌ.jo.kɯ.ɾʌt̚.tʃjo],[gʌ.jo.gɯ.ɾʌt̚.tʃjo]
여기 누워있는,8,[jʌ.ki.nu.wʌ.it̚.nɯn],[jʌ.gi.nu.wʌ.it̚.nɯn]
여기 느낌이,8,[jʌ.ki.nɯ.k͈im.i],[jʌ.gi.nɯ.k͈im.i]
여기 다 있네,8,[jʌ.ki.ta.it̚.ne],[jʌ.gi.da.it̚.ne]
여기 다녀,8,[jʌ.ki.ta.njʌ],[jʌ.gi.da.njʌ]
그런 말 하지 마라,8,[kɯ.ɾʌn.mal.ha.tʃi.ma.ɾa],[gɯ.ɾʌn.mal.ha.dʒi.ma.ɾa]
데이비드 크롤리,8,[te.i.pi.tɯ.kʰɯ.ɾol.ɾi],[de.i.bi.dɯ.kʰɯ.ɾol.ɾi]
없는 짓,8,[ʌp̚.nɯn.tʃit̚],[ʌp̚.nɯn.dʒit̚]
여기 더 있다간,8,[jʌ.ki.tʌ.it̚.ta.kan],[jʌ.gi.dʌ.it̚.ta.gan]
그런 말 하지도,8,[kɯ.ɾʌn.mal.ha.tʃi.to],[gɯ.ɾʌn.mal.ha.dʒi.do]
여기 더는,8,[jʌ.ki.tʌ.nɯn],[jʌ.gi.dʌ.nɯn]
그런 말 하지도 마,8,[kɯ.ɾʌn.mal.ha.tʃi.to.ma],[gɯ.ɾʌn.mal.ha.dʒi.do.ma]
없는 증거를,8,[ʌp̚.nɯn.tʃɯŋ.kʌ.ɾɯl],[ʌp̚.nɯn.dʒɯŋ.gʌ.ɾɯl]
데이비드 테이트가,8,[te.i.pi.tɯ.tʰe.i.tʰɯ.ka],[de.i.bi.dɯ.tʰe.i.tʰɯ.ga]
여기 데려온 거죠,8,[jʌ.ki.te.ɾjʌ.oŋ.kʌ.tʃjo],[jʌ.gi.de.ɾjʌ.on.gʌ.dʒjo]
거요 나한테,8,[kʌ.jo.na.han.tʰe],[gʌ.jo.na.han.tʰe]
여기 데려와야,8,[jʌ.ki.te.ɾjʌ.wa.ja],[jʌ.gi.de.ɾjʌ.wa.ja]
데이비스 같아요,8,[te.i.pi.sɯ.kat̚.a.jo],[de.i.bi.sɯ.gat̚.a.jo]
그런 말 할 필요,8,[kɯ.ɾʌn.mal.hal.pʰil.jo],[gɯ.ɾʌn.mal.hal.pʰil.jo]
데이비스 앤 메인의,8,[te.i.pi.sɯ.ɛn.me.in.ɯi],[de.i.bi.sɯ.ɛn.me.in.ɯi]
없는 자들은,8,[ʌp̚.nɯn.tʃa.tɯl.ɯn],[ʌp̚.nɯn.dʒa.dɯl.ɯn]
데이비스 집안일을,8,[te.i.pi.sɯ.tʃip̚.an.il.ɯl],[de.i.bi.sɯ.dʒip̚.an.il.ɯl]
여기 두고 가면 안,8,[jʌ.ki.tu.ko.ka.mjʌn.an],[jʌ.gi.du.go.ga.mjʌn.an]
데이비스 집안일을 감당하기 벅차십니까,8,[te.i.pi.sɯ.tʃip̚.an.il.ɯl.kan.taŋ.ha.ki.pʌk̚.tʃʰa.sip̚.ni.k͈a],[de.i.bi.sɯ.dʒip̚.an.il.ɯl.gan.taŋ.ha.gi.bʌk̚.tʃʰa.sip̚.ni.k͈a]
데이비스 집안일을 감당하기,8,[te.i.pi.sɯ.tʃip̚.an.il.ɯl.kan.taŋ.ha.ki],[de.i.bi.sɯ.dʒip̚.an.il.ɯl.gan.taŋ.ha.gi]
그런 말까지,8,[kɯ.ɾʌn.mal.k͈a.tʃi],[gɯ.ɾʌn.mal.k͈a.dʒi]
데이빗 굿바디,8,[te.i.pit̚.kut̚.pa.ti],[de.i.bit̚.gut̚.pa.di]
여기 두는 게,8,[jʌ.ki.tu.nɯŋ.ke],[jʌ.gi.du.nɯn.ge]
데이빗 데이빗,8,[te.i.pit̚.te.i.pit̚],[de.i.bit̚.de.i.bit̚]
모르겠지만 좋은,8,[mo.ɾɯ.ket̚.tʃi.man.tʃot̚.ɯn],[mo.ɾɯ.get̚.tʃi.man.dʒot̚.ɯn]
데이빗 보위,8,[te.i.pit̚.po.wi],[de.i.bit̚.bo.wi]
거요 너무,8,[kʌ.jo.nʌ.mu],[gʌ.jo.nʌ.mu]
데이지 존슨,8,[te.i.tʃi.tʃon.sɯn],[de.i.dʒi.dʒon.sɯn]
여기 들어오기 전에,8,[jʌ.ki.tɯl.ʌ.o.ki.tʃʌn.e],[jʌ.gi.dɯl.ʌ.o.gi.dʒʌn.e]
What about your,8,,
여기 들어오지,8,[jʌ.ki.tɯl.ʌ.o.tʃi],[jʌ.gi.dɯl.ʌ.o.dʒi]
CT 찍어,8,[tʃ͈ik̚.ʌ],[tʃ͈ik̚.ʌ]
그런 말씀 하지 마세요,8,[kɯ.ɾʌn.mal.s͈ɯm.ha.tʃi.ma.se.jo],[gɯ.ɾʌn.mal.s͈ɯm.ha.dʒi.ma.se.jo]
여기 떠나는,8,[jʌ.ki.t͈ʌ.na.nɯn],[jʌ.gi.t͈ʌ.na.nɯn]
모르겠지만 확실한,8,[mo.ɾɯ.ket̚.tʃi.man.hwak̚.sil.han],[mo.ɾɯ.get̚.tʃi.man.hwak̚.sil.han]
여기 또 하나,8,[jʌ.ki.t͈o.ha.na],[jʌ.gi.t͈o.ha.na]
그런 말씀을 하십니까,8,[kɯ.ɾʌn.mal.s͈ɯm.ɯl.ha.sip̚.ni.k͈a],[gɯ.ɾʌn.mal.s͈ɯm.ɯl.ha.sip̚.ni.k͈a]
데이터 파일을,8,[te.i.tʰʌ.pʰa.il.ɯl],[de.i.tʰʌ.pʰa.il.ɯl]
데이터가 잘못된,8,[te.i.tʰʌ.ka.tʃal.mot̚.twen],[de.i.tʰʌ.ga.dʒal.mot̚.twen]
데이터가 잘못된 겁니다,8,[te.i.tʰʌ.ka.tʃal.mot̚.tweŋ.kʌp̚.ni.ta],[de.i.tʰʌ.ga.dʒal.mot̚.twen.gʌp̚.ni.da]
거요 당신들,8,[kʌ.jo.taŋ.sin.tɯl],[gʌ.jo.daŋ.sin.tɯl]
you''re on your,8,,
여기 머물렀으면,8,[jʌ.ki.mʌ.mul.ɾʌt̚.ɯ.mjʌn],[jʌ.gi.mʌ.mul.ɾʌt̚.ɯ.mjʌn]
성명 발표를,8,[sʌŋ.mjʌm.pal.pʰjo.ɾɯl],[sʌŋ.mjʌŋ.bal.pʰjo.ɾɯl]
없는것 같네요,8,[ʌp̚.nɯŋ.kʌt̚.kat̚.ne.jo],[ʌp̚.nɯŋ.kʌt̚.gat̚.ne.jo]
여기 멋지다,8,[jʌ.ki.mʌt̚.tʃi.ta],[jʌ.gi.mʌt̚.tʃi.da]
여기 몇 년,8,[jʌ.ki.mjʌt̚.njʌn],[jʌ.gi.mjʌt̚.njʌn]
제안 하나 할게요,8,[tʃe.an.ha.na.hal.ke.jo],[dʒe.an.ha.na.hal.ke.jo]
I''m a man of,8,,
여기 못 있어요,8,[jʌ.ki.mot̚.it̚.ʌ.jo],[jʌ.gi.mot̚.it̚.ʌ.jo]
거요 더,8,[kʌ.jo.tʌ],[gʌ.jo.dʌ]
데이터베이스 검색,8,[te.i.tʰʌ.pe.i.sɯ.kʌm.sɛk̚],[de.i.tʰʌ.be.i.sɯ.gʌm.sɛk̚]
그런 말은 하는,8,[kɯ.ɾʌn.mal.ɯn.ha.nɯn],[gɯ.ɾʌn.mal.ɯn.ha.nɯn]
여기 문제가 생겼어,8,[jʌ.ki.mun.tʃe.ka.sɛŋ.kjʌt̚.ʌ],[jʌ.gi.mun.tʃe.ga.sɛŋ.gjʌt̚.ʌ]
그런 말은 하면 안,8,[kɯ.ɾʌn.mal.ɯn.ha.mjʌn.an],[gɯ.ɾʌn.mal.ɯn.ha.mjʌn.an]
여기 묻혀,8,[jʌ.ki.mut̚.hjʌ],[jʌ.gi.mut̚.hjʌ]
had a date,8,,
거예요 뭐 좀,8,[kʌ.je.jo.mwʌ.tʃom],[gʌ.je.jo.mwʌ.dʒom]
여기 물은 거기서,8,[jʌ.ki.mul.ɯŋ.kʌ.ki.sʌ],[jʌ.gi.mul.ɯn.gʌ.gi.sʌ]
그런 말은 한 적,8,[kɯ.ɾʌn.mal.ɯn.han.tʃʌk̚],[gɯ.ɾʌn.mal.ɯn.han.dʒʌk̚]
여기 뭔가 있다,8,[jʌ.ki.mwʌŋ.ka.it̚.ta],[jʌ.gi.mwʌŋ.ka.it̚.ta]
여기 뭔가 있을 거야,8,[jʌ.ki.mwʌŋ.ka.it̚.ɯl.kʌ.ja],[jʌ.gi.mwʌŋ.ka.it̚.ɯl.gʌ.ja]
여기 미국,8,[jʌ.ki.mi.kuk̚],[jʌ.gi.mi.guk̚]
여기 바닥에,8,[jʌ.ki.pa.tak̚.e],[jʌ.gi.ba.dak̚.e]
데이트 사이트에,8,[te.i.tʰɯ.sa.i.tʰɯ.e],[de.i.tʰɯ.sa.i.tʰɯ.e]
여기 방금,8,[jʌ.ki.paŋ.kɯm],[jʌ.gi.baŋ.gɯm]
여기 버려진,8,[jʌ.ki.pʌ.ɾjʌ.tʃin],[jʌ.gi.bʌ.ɾjʌ.dʒin]
거요 모두,8,[kʌ.jo.mo.tu],[gʌ.jo.mo.du]
여기 보관하고,8,[jʌ.ki.po.kwan.ha.ko],[jʌ.gi.bo.gwan.ha.go]
you''re running,8,,
데이트 신청을 했어요,8,[te.i.tʰɯ.sin.tʃʰʌŋ.ɯl.hɛt̚.ʌ.jo],[de.i.tʰɯ.sin.tʃʰʌŋ.ɯl.hɛt̚.ʌ.jo]
여기 볼일이,8,[jʌ.ki.pol.il.i],[jʌ.gi.bol.il.i]
데이트 신청하는 거야,8,[te.i.tʰɯ.sin.tʃʰʌŋ.ha.nɯŋ.kʌ.ja],[de.i.tʰɯ.sin.tʃʰʌŋ.ha.nɯn.gʌ.ja]
여기 봐주세요,8,[jʌ.ki.pwa.tʃu.se.jo],[jʌ.gi.bwa.dʒu.se.jo]
그런 말을 하는지,8,[kɯ.ɾʌn.mal.ɯl.ha.nɯn.tʃi],[gɯ.ɾʌn.mal.ɯl.ha.nɯn.tʃi]
여기 붙잡아 둘,8,[jʌ.ki.put̚.tʃap̚.a.tul],[jʌ.gi.but̚.tʃap̚.a.dul]
had a good,8,,
데이트 아니야,8,[te.i.tʰɯ.a.ni.ja],[de.i.tʰɯ.a.ni.ja]
여기 뿌려 달라더라,8,[jʌ.ki.p͈u.ɾjʌ.tal.ɾa.tʌ.ɾa],[jʌ.gi.p͈u.ɾjʌ.dal.ɾa.dʌ.ɾa]
여기 뿌려,8,[jʌ.ki.p͈u.ɾjʌ],[jʌ.gi.p͈u.ɾjʌ]
거요 미안해요,8,[kʌ.jo.mi.an.hɛ.jo],[gʌ.jo.mi.an.hɛ.jo]
여기 사는 사람들,8,[jʌ.ki.sa.nɯn.sa.ɾan.tɯl],[jʌ.gi.sa.nɯn.sa.ɾan.tɯl]
그런 말을 한 건,8,[kɯ.ɾʌn.mal.ɯl.haŋ.kʌn],[gɯ.ɾʌn.mal.ɯl.han.gʌn]
여기 사람들 중에서,8,[jʌ.ki.sa.ɾan.tɯl.tʃuŋ.e.sʌ],[jʌ.gi.sa.ɾan.tɯl.dʒuŋ.e.sʌ]
여기 사람들도,8,[jʌ.ki.sa.ɾan.tɯl.to],[jʌ.gi.sa.ɾan.tɯl.to]
여기 사람들은 그렇게,8,[jʌ.ki.sa.ɾan.tɯl.ɯŋ.kɯ.ɾʌt̚.ke],[jʌ.gi.sa.ɾan.tɯl.ɯn.gɯ.ɾʌt̚.ke]
데이트 중에,8,[te.i.tʰɯ.tʃuŋ.e],[de.i.tʰɯ.dʒuŋ.e]
여기 사람이야,8,[jʌ.ki.sa.ɾam.i.ja],[jʌ.gi.sa.ɾam.i.ja]
여기 사인하세요,8,[jʌ.ki.sa.in.ha.se.jo],[jʌ.gi.sa.in.ha.se.jo]
데이트 하자고,8,[te.i.tʰɯ.ha.tʃa.ko],[de.i.tʰɯ.ha.dʒa.go]
여기 살 수,8,[jʌ.ki.sal.su],[jʌ.gi.sal.su]
데이트 한번,8,[te.i.tʰɯ.ham.pʌn],[de.i.tʰɯ.ham.pʌn]
여기 생활,8,[jʌ.ki.sɛŋ.hwal],[jʌ.gi.sɛŋ.hwal]
여기 생활이,8,[jʌ.ki.sɛŋ.hwal.i],[jʌ.gi.sɛŋ.hwal.i]
여기 생활은,8,[jʌ.ki.sɛŋ.hwal.ɯn],[jʌ.gi.sɛŋ.hwal.ɯn]
데이트는 무슨,8,[te.i.tʰɯ.nɯn.mu.sɯn],[de.i.tʰɯ.nɯn.mu.sɯn]
성모 마리아시여,8,[sʌŋ.mo.ma.ɾi.a.si.jʌ],[sʌŋ.mo.ma.ɾi.a.si.jʌ]
데이트는 어땠어요,8,[te.i.tʰɯ.nɯn.ʌ.t͈ɛt̚.ʌ.jo],[de.i.tʰɯ.nɯn.ʌ.t͈ɛt̚.ʌ.jo]
여기 서 있지,8,[jʌ.ki.sʌ.it̚.tʃi],[jʌ.gi.sʌ.it̚.tʃi]
여기 서명하시면,8,[jʌ.ki.sʌ.mjʌŋ.ha.si.mjʌn],[jʌ.gi.sʌ.mjʌŋ.ha.si.mjʌn]
그런 말이 아냐,8,[kɯ.ɾʌn.mal.i.a.nja],[gɯ.ɾʌn.mal.i.a.nja]
여기 서명해주세요,8,[jʌ.ki.sʌ.mjʌŋ.hɛ.tʃu.se.jo],[jʌ.gi.sʌ.mjʌŋ.hɛ.dʒu.se.jo]
데이트를 해,8,[te.i.tʰɯ.ɾɯl.hɛ],[de.i.tʰɯ.ɾɯl.hɛ]
데이트를 했어요,8,[te.i.tʰɯ.ɾɯl.hɛt̚.ʌ.jo],[de.i.tʰɯ.ɾɯl.hɛt̚.ʌ.jo]
그런 말이 있잖아요,8,[kɯ.ɾʌn.mal.i.it̚.tʃan.a.jo],[gɯ.ɾʌn.mal.i.it̚.tʃan.a.jo]
여기 시체가 있어,8,[jʌ.ki.si.tʃʰe.ka.it̚.ʌ],[jʌ.gi.si.tʃʰe.ga.it̚.ʌ]
거요 알겠습니다,8,[kʌ.jo.al.ket̚.sɯp̚.ni.ta],[gʌ.jo.al.ket̚.sɯp̚.ni.da]
데이트하고 싶으면,8,[te.i.tʰɯ.ha.ko.sip̚.ɯ.mjʌn],[de.i.tʰɯ.ha.go.sip̚.ɯ.mjʌn]
그런 말이 있지,8,[kɯ.ɾʌn.mal.i.it̚.tʃi],[gɯ.ɾʌn.mal.i.it̚.tʃi]
그러다 보니까,8,[kɯ.ɾʌ.ta.po.ni.k͈a],[gɯ.ɾʌ.da.bo.ni.k͈a]
여기 아는 사람,8,[jʌ.ki.a.nɯn.sa.ɾam],[jʌ.gi.a.nɯn.sa.ɾam]
여기 아니야,8,[jʌ.ki.a.ni.ja],[jʌ.gi.a.ni.ja]
거요 알았어요,8,[kʌ.jo.al.at̚.ʌ.jo],[gʌ.jo.al.at̚.ʌ.jo]
데이트한 적이,8,[te.i.tʰɯ.han.tʃʌk̚.i],[de.i.tʰɯ.han.dʒʌk̚.i]
여기 아저씨,8,[jʌ.ki.a.tʃʌ.s͈i],[jʌ.gi.a.dʒʌ.s͈i]
거요 어디,8,[kʌ.jo.ʌ.ti],[gʌ.jo.ʌ.di]
여기 안 와요,8,[jʌ.ki.an.wa.jo],[jʌ.gi.an.wa.jo]
데이팅 앱을,8,[te.i.tʰiŋ.ɛp̚.ɯl],[de.i.tʰiŋ.ɛp̚.ɯl]
여기 안 있어도,8,[jʌ.ki.an.it̚.ʌ.to],[jʌ.gi.an.it̚.ʌ.do]
나를 본다 나를 본다,8,[na.ɾɯl.pon.ta.na.ɾɯl.pon.ta],[na.ɾɯl.bon.ta.na.ɾɯl.bon.ta]
그런 면도,8,[kɯ.ɾʌn.mjʌn.to],[gɯ.ɾʌn.mjʌn.to]
거요 얼마나,8,[kʌ.jo.ʌl.ma.na],[gʌ.jo.ʌl.ma.na]
여기 앉아 있었어,8,[jʌ.ki.an.a.it̚.ʌt̚.ʌ],[jʌ.gi.an.a.it̚.ʌt̚.ʌ]
그런 메시지를,8,[kɯ.ɾʌn.me.si.tʃi.ɾɯl],[gɯ.ɾʌn.me.si.dʒi.ɾɯl]
거요 여기서,8,[kʌ.jo.jʌ.ki.sʌ],[gʌ.jo.jʌ.gi.sʌ]
없는데요 여기,8,[ʌp̚.nɯn.te.jo.jʌ.ki],[ʌp̚.nɯn.te.jo.jʌ.gi]
여기 앉아도 될까요,8,[jʌ.ki.an.a.to.twel.k͈a.jo],[jʌ.gi.an.a.do.dwel.k͈a.jo]
여기 앉아야,8,[jʌ.ki.an.a.ja],[jʌ.gi.an.a.ja]
여기 앉으면 안,8,[jʌ.ki.an.ɯ.mjʌn.an],[jʌ.gi.an.ɯ.mjʌn.an]
그런 명령은,8,[kɯ.ɾʌn.mjʌŋ.ɾjʌŋ.ɯn],[gɯ.ɾʌn.mjʌŋ.ɾjʌŋ.ɯn]
희생할 순,8,[hɯi.sɛŋ.hal.sun],[hɯi.sɛŋ.hal.sun]
여기 앉을게요,8,[jʌ.ki.an.ɯl.ke.jo],[jʌ.gi.an.ɯl.ke.jo]
더 재미있을 거야,8,[tʌ.tʃɛ.mi.it̚.ɯl.kʌ.ja],[dʌ.dʒɛ.mi.it̚.ɯl.gʌ.ja]
더 재미있는 게,8,[tʌ.tʃɛ.mi.it̚.nɯŋ.ke],[dʌ.dʒɛ.mi.it̚.nɯn.ge]
그런 명예를,8,[kɯ.ɾʌn.mjʌŋ.je.ɾɯl],[gɯ.ɾʌn.mjʌŋ.je.ɾɯl]
없는지 확실히,8,[ʌp̚.nɯn.tʃi.hwak̚.sil.hi],[ʌp̚.nɯn.tʃi.hwak̚.sil.hi]
데프 제약의,8,[te.pʰɯ.tʃe.jak̚.ɯi],[de.pʰɯ.dʒe.jak̚.ɯi]
그러다 모든,8,[kɯ.ɾʌ.ta.mo.tɯn],[gɯ.ɾʌ.da.mo.dɯn]
거예요 미래를 바꾸기,8,[kʌ.je.jo.mi.ɾɛ.ɾɯl.pa.k͈u.ki],[gʌ.je.jo.mi.ɾɛ.ɾɯl.ba.k͈u.gi]
여기 어딘가에 있는,8,[jʌ.ki.ʌ.tiŋ.ka.e.it̚.nɯn],[jʌ.gi.ʌ.diŋ.ka.e.it̚.nɯn]
덱스터 이,8,[tek̚.sɯ.tʰʌ.i],[dek̚.sɯ.tʰʌ.i]
제의는 고맙지만,8,[tʃe.ɯi.nɯŋ.ko.map̚.tʃi.man],[dʒe.ɯi.nɯn.go.map̚.tʃi.man]
덴 관심,8,[teŋ.kwan.sim],[den.gwan.sim]
여기 어쩐 일이세요,8,[jʌ.ki.ʌ.tʃ͈ʌn.il.i.se.jo],[jʌ.gi.ʌ.tʃ͈ʌn.il.i.se.jo]
여기 언제부터,8,[jʌ.ki.ʌn.tʃe.pu.tʰʌ],[jʌ.gi.ʌn.tʃe.bu.tʰʌ]
게 안타까워요,8,[ke.an.tʰa.k͈a.wʌ.jo],[ge.an.tʰa.k͈a.wʌ.jo]
덴 줄,8,[ten.tʃul],[den.dʒul]
여기 없거든,8,[jʌ.ki.ʌp̚.kʌ.tɯn],[jʌ.gi.ʌp̚.kʌ.dɯn]
덴버로 가는 길에,8,[tem.pʌ.ɾo.ka.nɯŋ.kil.e],[dem.pʌ.ɾo.ga.nɯn.gil.e]
거예요 미리,8,[kʌ.je.jo.mi.ɾi],[gʌ.je.jo.mi.ɾi]
그런 몹쓸,8,[kɯ.ɾʌn.mop̚.s͈ɯl],[gɯ.ɾʌn.mop̚.s͈ɯl]
덴턴 경위의,8,[ten.tʰʌŋ.kjʌŋ.wi.ɯi],[den.tʰʌn.gjʌŋ.wi.ɯi]
덴턴 경위입니다,8,[ten.tʰʌŋ.kjʌŋ.wi.ip̚.ni.ta],[den.tʰʌn.gjʌŋ.wi.ip̚.ni.da]
덴턴 씨,8,[ten.tʰʌn.s͈i],[den.tʰʌn.s͈i]
여기 없어 여기,8,[jʌ.ki.ʌp̚.ʌ.jʌ.ki],[jʌ.gi.ʌp̚.ʌ.jʌ.gi]
제 형제를,8,[tʃe.hjʌŋ.tʃe.ɾɯl],[dʒe.hjʌŋ.dʒe.ɾɯl]
모르는 것 같네요,8,[mo.ɾɯ.nɯŋ.kʌt̚.kat̚.ne.jo],[mo.ɾɯ.nɯn.gʌt̚.gat̚.ne.jo]
여기 없을거야,8,[jʌ.ki.ʌp̚.ɯl.kʌ.ja],[jʌ.gi.ʌp̚.ɯl.kʌ.ja]
그런 문제가 아니라,8,[kɯ.ɾʌn.mun.tʃe.ka.a.ni.ɾa],[gɯ.ɾʌn.mun.tʃe.ga.a.ni.ɾa]
델레 세야를,8,[tel.ɾe.se.ja.ɾɯl],[del.ɾe.se.ja.ɾɯl]
여기 오게 됐어요,8,[jʌ.ki.o.ke.twɛt̚.ʌ.jo],[jʌ.gi.o.ge.dwɛt̚.ʌ.jo]
나빠질까 봐,8,[na.p͈a.tʃil.k͈a.pwa],[na.p͈a.dʒil.k͈a.bwa]
델타 수면,8,[tel.tʰa.su.mjʌn],[del.tʰa.su.mjʌn]
여기 오기 전에는,8,[jʌ.ki.o.ki.tʃʌn.e.nɯn],[jʌ.gi.o.gi.dʒʌn.e.nɯn]
그런 미친 짓을,8,[kɯ.ɾʌn.mi.tʃʰin.tʃit̚.ɯl],[gɯ.ɾʌn.mi.tʃʰin.dʒit̚.ɯl]
제이슨 같은,8,[tʃe.i.sɯŋ.kat̚.ɯn],[dʒe.i.sɯn.gat̚.ɯn]
제이스 웨이랜드,8,[tʃe.i.sɯ.we.i.ɾɛn.tɯ],[dʒe.i.sɯ.we.i.ɾɛn.tɯ]
여기 오는걸,8,[jʌ.ki.o.nɯŋ.kʌl],[jʌ.gi.o.nɯŋ.kʌl]
여기 오늘,8,[jʌ.ki.o.nɯl],[jʌ.gi.o.nɯl]
D'' avin은,8,[ɯn],[ɯn]
여기 오면 안 되는,8,[jʌ.ki.o.mjʌn.an.twe.nɯn],[jʌ.gi.o.mjʌn.an.dwe.nɯn]
도 못,8,[to.mot̚],[do.mot̚]
여기 오면 안 되는데,8,[jʌ.ki.o.mjʌn.an.twe.nɯn.te],[jʌ.gi.o.mjʌn.an.dwe.nɯn.te]
you''re upset,8,,
여기 오시면 안 돼요,8,[jʌ.ki.o.si.mjʌn.an.twɛ.jo],[jʌ.gi.o.si.mjʌn.an.dwɛ.jo]
여기 오신 김에,8,[jʌ.ki.o.siŋ.kim.e],[jʌ.gi.o.sin.gim.e]
여기 오신 건,8,[jʌ.ki.o.siŋ.kʌn],[jʌ.gi.o.sin.gʌn]
여기 오지 말고,8,[jʌ.ki.o.tʃi.mal.ko],[jʌ.gi.o.dʒi.mal.ko]
여기 오지 않았어,8,[jʌ.ki.o.tʃi.an.at̚.ʌ],[jʌ.gi.o.dʒi.an.at̚.ʌ]
여기 오지 않았을,8,[jʌ.ki.o.tʃi.an.at̚.ɯl],[jʌ.gi.o.dʒi.an.at̚.ɯl]
그런 배짱이,8,[kɯ.ɾʌm.pɛ.tʃ͈aŋ.i],[gɯ.ɾʌn.bɛ.tʃ͈aŋ.i]
여기 온 거고,8,[jʌ.ki.oŋ.kʌ.ko],[jʌ.gi.on.gʌ.go]
모르는 게 아주,8,[mo.ɾɯ.nɯŋ.ke.a.tʃu],[mo.ɾɯ.nɯn.ge.a.dʒu]
도 있죠,8,[to.it̚.tʃjo],[do.it̚.tʃjo]
그런 법을,8,[kɯ.ɾʌm.pʌp̚.ɯl],[gɯ.ɾʌn.bʌp̚.ɯl]
제이크 내가,8,[tʃe.i.kʰɯ.nɛ.ka],[dʒe.i.kʰɯ.nɛ.ga]
도가 아니라,8,[to.ka.a.ni.ɾa],[do.ga.a.ni.ɾa]
그런 변명,8,[kɯ.ɾʌm.pjʌn.mjʌŋ],[gɯ.ɾʌn.bjʌn.mjʌŋ]
도가 지나쳤다,8,[to.ka.tʃi.na.tʃʰjʌt̚.ta],[do.ga.dʒi.na.tʃʰjʌt̚.ta]
여기 온 유일한 이유는,8,[jʌ.ki.on.ju.il.han.i.ju.nɯn],[jʌ.gi.on.ju.il.han.i.ju.nɯn]
여기 온 이유가 뭐야,8,[jʌ.ki.on.i.ju.ka.mwʌ.ja],[jʌ.gi.on.i.ju.ga.mwʌ.ja]
그런 부류가,8,[kɯ.ɾʌm.pu.ɾju.ka],[gɯ.ɾʌn.bu.ɾju.ga]
you''ve always,8,,
여기 온겁니다,8,[jʌ.ki.oŋ.kʌp̚.ni.ta],[jʌ.gi.oŋ.kʌp̚.ni.da]
여기 온게 아니야,8,[jʌ.ki.oŋ.ke.a.ni.ja],[jʌ.gi.oŋ.ke.a.ni.ja]
여기 온종일,8,[jʌ.ki.on.tʃoŋ.il],[jʌ.gi.on.tʃoŋ.il]
여기 온지도,8,[jʌ.ki.on.tʃi.to],[jʌ.gi.on.tʃi.do]
여기 올 거예요,8,[jʌ.ki.ol.kʌ.je.jo],[jʌ.gi.ol.gʌ.je.jo]
도깨비 같은,8,[to.k͈ɛ.pi.kat̚.ɯn],[do.k͈ɛ.bi.gat̚.ɯn]
여기 올 줄 알았어,8,[jʌ.ki.ol.tʃul.al.at̚.ʌ],[jʌ.gi.ol.dʒul.al.at̚.ʌ]
도끼 들고,8,[to.k͈i.tɯl.ko],[do.k͈i.dɯl.ko]
여기 올라올,8,[jʌ.ki.ol.ɾa.ol],[jʌ.gi.ol.ɾa.ol]
여기 와 봤어,8,[jʌ.ki.wa.pwat̚.ʌ],[jʌ.gi.wa.bwat̚.ʌ]
I''m a soldier,8,,
여기 와봤어,8,[jʌ.ki.wa.pwat̚.ʌ],[jʌ.gi.wa.bwat̚.ʌ]
여기 와봤어요,8,[jʌ.ki.wa.pwat̚.ʌ.jo],[jʌ.gi.wa.bwat̚.ʌ.jo]
여기 와봐,8,[jʌ.ki.wa.pwa],[jʌ.gi.wa.bwa]
여기 와서 나한테,8,[jʌ.ki.wa.sʌ.na.han.tʰe],[jʌ.gi.wa.sʌ.na.han.tʰe]
여기 와서 내게,8,[jʌ.ki.wa.sʌ.nɛ.ke],[jʌ.gi.wa.sʌ.nɛ.ge]
도난 신고된,8,[to.nan.siŋ.ko.twen],[do.nan.siŋ.ko.dwen]
여기 와서 책을,8,[jʌ.ki.wa.sʌ.tʃʰɛk̚.ɯl],[jʌ.gi.wa.sʌ.tʃʰɛk̚.ɯl]
거울 보면서,8,[kʌ.ul.po.mjʌn.sʌ],[gʌ.ul.bo.mjʌn.sʌ]
도내저 호를,8,[to.nɛ.tʃʌ.ho.ɾɯl],[do.nɛ.dʒʌ.ho.ɾɯl]
그런 비극이,8,[kɯ.ɾʌm.pi.kɯk̚.i],[gɯ.ɾʌn.bi.gɯk̚.i]
여기 왔다가,8,[jʌ.ki.wat̚.ta.ka],[jʌ.gi.wat̚.ta.ga]
도널드 트럼프는,8,[to.nʌl.tɯ.tʰɯ.ɾʌm.pʰɯ.nɯn],[do.nʌl.tɯ.tʰɯ.ɾʌm.pʰɯ.nɯn]
나쁘게 말하는,8,[na.p͈ɯ.ke.mal.ha.nɯn],[na.p͈ɯ.ge.mal.ha.nɯn]
여기 왔던 거,8,[jʌ.ki.wat̚.tʌŋ.kʌ],[jʌ.gi.wat̚.tʌn.gʌ]
도넛 가게에,8,[to.nʌt̚.ka.ke.e],[do.nʌt̚.ga.ge.e]
도넛 가게에서,8,[to.nʌt̚.ka.ke.e.sʌ],[do.nʌt̚.ga.ge.e.sʌ]
나를 부를,8,[na.ɾɯl.pu.ɾɯl],[na.ɾɯl.bu.ɾɯl]
도넛 한,8,[to.nʌt̚.han],[do.nʌt̚.han]
그런 사람 몰라,8,[kɯ.ɾʌn.sa.ɾam.mol.ɾa],[gɯ.ɾʌn.sa.ɾam.mol.ɾa]
여기 왔을까요,8,[jʌ.ki.wat̚.ɯl.k͈a.jo],[jʌ.gi.wat̚.ɯl.k͈a.jo]
도는 걸,8,[to.nɯŋ.kʌl],[do.nɯn.gʌl]
여기 왜 왔죠,8,[jʌ.ki.wɛ.wat̚.tʃjo],[jʌ.gi.wɛ.wat̚.tʃjo]
도니 도니,8,[to.ni.to.ni],[do.ni.do.ni]
여기 웬일이냐,8,[jʌ.ki.wen.il.i.nja],[jʌ.gi.wen.il.i.nja]
여기 위로,8,[jʌ.ki.wi.ɾo],[jʌ.gi.wi.ɾo]
여기 이 사람이,8,[jʌ.ki.i.sa.ɾam.i],[jʌ.gi.i.sa.ɾam.i]
여기 이 작은,8,[jʌ.ki.i.tʃak̚.ɯn],[jʌ.gi.i.dʒak̚.ɯn]
CT 촬영 결과,8,[tʃʰwal.jʌŋ.kjʌl.kwa],[tʃʰwal.jʌŋ.gjʌl.kwa]
도달한 것,8,[to.tal.haŋ.kʌt̚],[do.dal.han.gʌt̚]
여기 이사 온,8,[jʌ.ki.i.sa.on],[jʌ.gi.i.sa.on]
그런 사람들의,8,[kɯ.ɾʌn.sa.ɾan.tɯl.ɯi],[gɯ.ɾʌn.sa.ɾan.tɯl.ɯi]
여기 있게 해줘서,8,[jʌ.ki.it̚.ke.hɛ.tʃwʌ.sʌ],[jʌ.gi.it̚.ke.hɛ.dʒwʌ.sʌ]
그런 사람은 없었어요,8,[kɯ.ɾʌn.sa.ɾam.ɯn.ʌp̚.ʌt̚.ʌ.jo],[gɯ.ɾʌn.sa.ɾam.ɯn.ʌp̚.ʌt̚.ʌ.jo]
여기 있구요,8,[jʌ.ki.it̚.ku.jo],[jʌ.gi.it̚.ku.jo]
여기 있네 내,8,[jʌ.ki.it̚.ne.nɛ],[jʌ.gi.it̚.ne.nɛ]
여기 있는 거니까,8,[jʌ.ki.it̚.nɯŋ.kʌ.ni.k͈a],[jʌ.gi.it̚.nɯn.gʌ.ni.k͈a]
제일 웃긴,8,[tʃe.il.ut̚.kin],[dʒe.il.ut̚.kin]
여기 있는 걸 알면,8,[jʌ.ki.it̚.nɯŋ.kʌl.al.mjʌn],[jʌ.gi.it̚.nɯn.gʌl.al.mjʌn]
도대체 당신은 누구,8,[to.tɛ.tʃʰe.taŋ.sin.ɯn.nu.ku],[do.dɛ.tʃʰe.daŋ.sin.ɯn.nu.gu]
도대체 당신이,8,[to.tɛ.tʃʰe.taŋ.sin.i],[do.dɛ.tʃʰe.daŋ.sin.i]
도대체 당신은 누구 요,8,[to.tɛ.tʃʰe.taŋ.sin.ɯn.nu.ku.jo],[do.dɛ.tʃʰe.daŋ.sin.ɯn.nu.gu.jo]
도대체 몇 번이나,8,[to.tɛ.tʃʰe.mjʌt̚.pʌn.i.na],[do.dɛ.tʃʰe.mjʌt̚.bʌn.i.na]
그런 사람이 아니었어,8,[kɯ.ɾʌn.sa.ɾam.i.a.ni.ʌt̚.ʌ],[gɯ.ɾʌn.sa.ɾam.i.a.ni.ʌt̚.ʌ]
여기 있는 게 나아,8,[jʌ.ki.it̚.nɯŋ.ke.na.a],[jʌ.gi.it̚.nɯn.ge.na.a]
여기 있는 게 안전해,8,[jʌ.ki.it̚.nɯŋ.ke.an.tʃʌn.hɛ],[jʌ.gi.it̚.nɯn.ge.an.tʃʌn.hɛ]
여기 있는 게 좋아,8,[jʌ.ki.it̚.nɯŋ.ke.tʃot̚.a],[jʌ.gi.it̚.nɯn.ge.dʒot̚.a]
여기 있는 그의,8,[jʌ.ki.it̚.nɯŋ.kɯ.ɯi],[jʌ.gi.it̚.nɯn.gɯ.ɯi]
없다 코너,8,[ʌp̚.ta.kʰo.nʌ],[ʌp̚.ta.kʰo.nʌ]
도대체 무슨 일을,8,[to.tɛ.tʃʰe.mu.sɯn.il.ɯl],[do.dɛ.tʃʰe.mu.sɯn.il.ɯl]
여기 있는 사람 모두,8,[jʌ.ki.it̚.nɯn.sa.ɾam.mo.tu],[jʌ.gi.it̚.nɯn.sa.ɾam.mo.du]
여기 있는 사람들 모두,8,[jʌ.ki.it̚.nɯn.sa.ɾan.tɯl.mo.tu],[jʌ.gi.it̚.nɯn.sa.ɾan.tɯl.mo.du]
여기 있는 애들은,8,[jʌ.ki.it̚.nɯn.ɛ.tɯl.ɯn],[jʌ.gi.it̚.nɯn.ɛ.dɯl.ɯn]
그런 사람이라는 것을,8,[kɯ.ɾʌn.sa.ɾam.i.ɾa.nɯŋ.kʌt̚.ɯl],[gɯ.ɾʌn.sa.ɾam.i.ɾa.nɯn.gʌt̚.ɯl]
여기 있는 이유죠,8,[jʌ.ki.it̚.nɯn.i.ju.tʃjo],[jʌ.gi.it̚.nɯn.i.ju.dʒjo]
도대체 무슨일이야,8,[to.tɛ.tʃʰe.mu.sɯn.il.i.ja],[do.dɛ.tʃʰe.mu.sɯn.il.i.ja]
도대체 문제가 뭐야,8,[to.tɛ.tʃʰe.mun.tʃe.ka.mwʌ.ja],[do.dɛ.tʃʰe.mun.tʃe.ga.mwʌ.ja]
여기 있는지는,8,[jʌ.ki.it̚.nɯn.tʃi.nɯn],[jʌ.gi.it̚.nɯn.tʃi.nɯn]
여기 있다고 들었어요,8,[jʌ.ki.it̚.ta.ko.tɯl.ʌt̚.ʌ.jo],[jʌ.gi.it̚.ta.go.dɯl.ʌt̚.ʌ.jo]
여기 있다고 해서,8,[jʌ.ki.it̚.ta.ko.hɛ.sʌ],[jʌ.gi.it̚.ta.go.hɛ.sʌ]
그런 사람입니다,8,[kɯ.ɾʌn.sa.ɾam.ip̚.ni.ta],[gɯ.ɾʌn.sa.ɾam.ip̚.ni.da]
여기 있다는 걸 알아,8,[jʌ.ki.it̚.ta.nɯŋ.kʌl.al.a],[jʌ.gi.it̚.ta.nɯn.gʌl.al.a]
파파고 번역 넌,8,[pʰa.pʰa.ko.pʌn.jʌk̚.nʌn],[pʰa.pʰa.go.bʌn.jʌk̚.nʌn]
거의 그것을,8,[kʌ.ɯi.kɯ.kʌt̚.ɯl],[gʌ.ɯi.gɯ.gʌt̚.ɯl]
여기 있던 거야,8,[jʌ.ki.it̚.tʌŋ.kʌ.ja],[jʌ.gi.it̚.tʌn.gʌ.ja]
young lady,8,,
거의 그래요,8,[kʌ.ɯi.kɯ.ɾɛ.jo],[gʌ.ɯi.gɯ.ɾɛ.jo]
도대체 뭔 짓을,8,[to.tɛ.tʃʰe.mwʌn.tʃit̚.ɯl],[do.dɛ.tʃʰe.mwʌn.dʒit̚.ɯl]
거의 그랬다,8,[kʌ.ɯi.kɯ.ɾɛt̚.ta],[gʌ.ɯi.gɯ.ɾɛt̚.ta]
여기 있어 그게,8,[jʌ.ki.it̚.ʌ.kɯ.ke],[jʌ.gi.it̚.ʌ.gɯ.ge]
도대체 뭘 한,8,[to.tɛ.tʃʰe.mwʌl.han],[do.dɛ.tʃʰe.mwʌl.han]
도대체 뭘까요,8,[to.tɛ.tʃʰe.mwʌl.k͈a.jo],[do.dɛ.tʃʰe.mwʌl.k͈a.jo]
여기 있어 나도,8,[jʌ.ki.it̚.ʌ.na.to],[jʌ.gi.it̚.ʌ.na.do]
게 어떤 건지도,8,[ke.ʌ.t͈ʌŋ.kʌn.tʃi.to],[ge.ʌ.t͈ʌn.gʌn.tʃi.do]
더 조심했어야,8,[tʌ.tʃo.sim.hɛt̚.ʌ.ja],[dʌ.dʒo.sim.hɛt̚.ʌ.ja]
도대체 생각이,8,[to.tɛ.tʃʰe.sɛŋ.kak̚.i],[do.dɛ.tʃʰe.sɛŋ.gak̚.i]
여기 있어 당신,8,[jʌ.ki.it̚.ʌ.taŋ.sin],[jʌ.gi.it̚.ʌ.daŋ.sin]
도대체 어디 갔었어,8,[to.tɛ.tʃʰe.ʌ.ti.kat̚.ʌt̚.ʌ],[do.dɛ.tʃʰe.ʌ.di.gat̚.ʌt̚.ʌ]
거의 그를,8,[kʌ.ɯi.kɯ.ɾɯl],[gʌ.ɯi.gɯ.ɾɯl]
도대체 어디로 간,8,[to.tɛ.tʃʰe.ʌ.ti.ɾo.kan],[do.dɛ.tʃʰe.ʌ.di.ɾo.gan]
그런 삶이,8,[kɯ.ɾʌn.sam.i],[gɯ.ɾʌn.sam.i]
여기 있어 움직이지,8,[jʌ.ki.it̚.ʌ.un.tʃik̚.i.tʃi],[jʌ.gi.it̚.ʌ.un.tʃik̚.i.dʒi]
그 시간들,8,[kɯ.si.kan.tɯl],[gɯ.si.gan.tɯl]
도대체 어딨는,8,[to.tɛ.tʃʰe.ʌ.tit̚.nɯn],[do.dɛ.tʃʰe.ʌ.dit̚.nɯn]
여기 있어 잘,8,[jʌ.ki.it̚.ʌ.tʃal],[jʌ.gi.it̚.ʌ.dʒal]
여기 있어 줘,8,[jʌ.ki.it̚.ʌ.tʃwʌ],[jʌ.gi.it̚.ʌ.dʒwʌ]
모르는 일이고,8,[mo.ɾɯ.nɯn.il.i.ko],[mo.ɾɯ.nɯn.il.i.go]
도대체 어떻게 된 거지,8,[to.tɛ.tʃʰe.ʌ.t͈ʌt̚.ke.tweŋ.kʌ.tʃi],[do.dɛ.tʃʰe.ʌ.t͈ʌt̚.ke.dwen.gʌ.dʒi]
여기 있어요 그,8,[jʌ.ki.it̚.ʌ.jo.kɯ],[jʌ.gi.it̚.ʌ.jo.gɯ]
여기 있어요 난,8,[jʌ.ki.it̚.ʌ.jo.nan],[jʌ.gi.it̚.ʌ.jo.nan]
그런 상황이에요,8,[kɯ.ɾʌn.saŋ.hwaŋ.i.e.jo],[gɯ.ɾʌn.saŋ.hwaŋ.i.e.jo]
여기 있어요 제가,8,[jʌ.ki.it̚.ʌ.jo.tʃe.ka],[jʌ.gi.it̚.ʌ.jo.dʒe.ga]
성취 할,8,[sʌŋ.tʃʰwi.hal],[sʌŋ.tʃʰwi.hal]
도대체 왜 그렇게,8,[to.tɛ.tʃʰe.wɛ.kɯ.ɾʌt̚.ke],[do.dɛ.tʃʰe.wɛ.gɯ.ɾʌt̚.ke]
여기 있었,8,[jʌ.ki.it̚.ʌt̚],[jʌ.gi.it̚.ʌt̚]
도대체 왜 날,8,[to.tɛ.tʃʰe.wɛ.nal],[do.dɛ.tʃʰe.wɛ.nal]
도대체 왜 내가,8,[to.tɛ.tʃʰe.wɛ.nɛ.ka],[do.dɛ.tʃʰe.wɛ.nɛ.ga]
여기 있었군요 많이,8,[jʌ.ki.it̚.ʌt̚.kun.jo.man.i],[jʌ.gi.it̚.ʌt̚.kun.jo.man.i]
도대체 왜들,8,[to.tɛ.tʃʰe.wɛ.tɯl],[do.dɛ.tʃʰe.wɛ.dɯl]
그런 생각 말아요,8,[kɯ.ɾʌn.sɛŋ.kak̚.mal.a.jo],[gɯ.ɾʌn.sɛŋ.gak̚.mal.a.jo]
여기 있었단 걸,8,[jʌ.ki.it̚.ʌt̚.taŋ.kʌl],[jʌ.gi.it̚.ʌt̚.tan.gʌl]
여기 있었던 거,8,[jʌ.ki.it̚.ʌt̚.tʌŋ.kʌ],[jʌ.gi.it̚.ʌt̚.tʌn.gʌ]
여기 있었던 게,8,[jʌ.ki.it̚.ʌt̚.tʌŋ.ke],[jʌ.gi.it̚.ʌt̚.tʌn.ge]
도대체 이게 다,8,[to.tɛ.tʃʰe.i.ke.ta],[do.dɛ.tʃʰe.i.ge.da]
도대체 이유가,8,[to.tɛ.tʃʰe.i.ju.ka],[do.dɛ.tʃʰe.i.ju.ga]
your back on him,8,,
그런 생각 한 적,8,[kɯ.ɾʌn.sɛŋ.kak̚.han.tʃʌk̚],[gɯ.ɾʌn.sɛŋ.gak̚.han.dʒʌk̚]
여기 있으면 안 되잖아,8,[jʌ.ki.it̚.ɯ.mjʌn.an.twe.tʃan.a],[jʌ.gi.it̚.ɯ.mjʌn.an.dwe.dʒan.a]
여기 있으면 안 됩니다,8,[jʌ.ki.it̚.ɯ.mjʌn.an.twep̚.ni.ta],[jʌ.gi.it̚.ɯ.mjʌn.an.dwep̚.ni.da]
없다고 생각하는데,8,[ʌp̚.ta.ko.sɛŋ.kak̚.ha.nɯn.te],[ʌp̚.ta.go.sɛŋ.gak̚.ha.nɯn.te]
여기 있을 거,8,[jʌ.ki.it̚.ɯl.kʌ],[jʌ.gi.it̚.ɯl.gʌ]
여기 있을 거지,8,[jʌ.ki.it̚.ɯl.kʌ.tʃi],[jʌ.gi.it̚.ɯl.gʌ.dʒi]
모르는 척하는 거야,8,[mo.ɾɯ.nɯn.tʃʰʌk̚.ha.nɯŋ.kʌ.ja],[mo.ɾɯ.nɯn.tʃʰʌk̚.ha.nɯn.gʌ.ja]
게 어떻겠냐고,8,[ke.ʌ.t͈ʌt̚.ket̚.nja.ko],[ge.ʌ.t͈ʌt̚.ket̚.nja.go]
도둑이 아니라,8,[to.tuk̚.i.a.ni.ɾa],[do.duk̚.i.a.ni.ɾa]
거의 눈에,8,[kʌ.ɯi.nun.e],[gʌ.ɯi.nun.e]
그런 생각은 하지 마,8,[kɯ.ɾʌn.sɛŋ.kak̚.ɯn.ha.tʃi.ma],[gɯ.ɾʌn.sɛŋ.gak̚.ɯn.ha.dʒi.ma]
your blood,8,,
여기 있을거라고,8,[jʌ.ki.it̚.ɯl.kʌ.ɾa.ko],[jʌ.gi.it̚.ɯl.kʌ.ɾa.go]
없다고 저,8,[ʌp̚.ta.ko.tʃʌ],[ʌp̚.ta.go.dʒʌ]
거의 다 끝났다,8,[kʌ.ɯi.ta.k͈ɯt̚.nat̚.ta],[gʌ.ɯi.da.k͈ɯt̚.nat̚.ta]
없다고 주장하는,8,[ʌp̚.ta.ko.tʃu.tʃaŋ.ha.nɯn],[ʌp̚.ta.go.dʒu.dʒaŋ.ha.nɯn]
그런 생각을 하면서,8,[kɯ.ɾʌn.sɛŋ.kak̚.ɯl.ha.mjʌn.sʌ],[gɯ.ɾʌn.sɛŋ.gak̚.ɯl.ha.mjʌn.sʌ]
제임스 브로드가,8,[tʃe.im.sɯ.pɯ.ɾo.tɯ.ka],[dʒe.im.sɯ.bɯ.ɾo.dɯ.ga]
도로 내놔,8,[to.ɾo.nɛ.nwa],[do.ɾo.nɛ.nwa]
거의 다 나왔어요,8,[kʌ.ɯi.ta.na.wat̚.ʌ.jo],[gʌ.ɯi.da.na.wat̚.ʌ.jo]
도로 봉쇄를 해제 바랍니다,8,[to.ɾo.poŋ.swɛ.ɾɯl.hɛ.tʃe.pa.ɾap̚.ni.ta],[do.ɾo.boŋ.swɛ.ɾɯl.hɛ.dʒe.ba.ɾap̚.ni.da]
도로 봉쇄를 해제,8,[to.ɾo.poŋ.swɛ.ɾɯl.hɛ.tʃe],[do.ɾo.boŋ.swɛ.ɾɯl.hɛ.dʒe]
I''m alive,8,,
도로 여행을,8,[to.ɾo.jʌ.hɛŋ.ɯl],[do.ɾo.jʌ.hɛŋ.ɯl]
도로 위의,8,[to.ɾo.wi.ɯi],[do.ɾo.wi.ɯi]
게 어렵다는,8,[ke.ʌ.ɾjʌp̚.ta.nɯn],[ge.ʌ.ɾjʌp̚.ta.nɯn]
여기 정리하고,8,[jʌ.ki.tʃʌŋ.ɾi.ha.ko],[jʌ.gi.dʒʌŋ.ɾi.ha.go]
도로 폐쇄,8,[to.ɾo.pʰje.swɛ],[do.ɾo.pʰje.swɛ]
그런 생각이 드는,8,[kɯ.ɾʌn.sɛŋ.kak̚.i.tɯ.nɯn],[gɯ.ɾʌn.sɛŋ.gak̚.i.dɯ.nɯn]
도로를 따라,8,[to.ɾo.ɾɯl.t͈a.ɾa],[do.ɾo.ɾɯl.t͈a.ɾa]
모르니 계속,8,[mo.ɾɯ.ni.kje.sok̚],[mo.ɾɯ.ni.gje.sok̚]
도로의 소음,8,[to.ɾo.ɯi.so.ɯm],[do.ɾo.ɯi.so.ɯm]
그런 생각이 들더라고,8,[kɯ.ɾʌn.sɛŋ.kak̚.i.tɯl.tʌ.ɾa.ko],[gɯ.ɾʌn.sɛŋ.gak̚.i.dɯl.tʌ.ɾa.go]
여기 주인은,8,[jʌ.ki.tʃu.in.ɯn],[jʌ.gi.dʒu.in.ɯn]
그런 생각이 안,8,[kɯ.ɾʌn.sɛŋ.kak̚.i.an],[gɯ.ɾʌn.sɛŋ.gak̚.i.an]
여기 주차하시면,8,[jʌ.ki.tʃu.tʃʰa.ha.si.mjʌn],[jʌ.gi.dʒu.tʃʰa.ha.si.mjʌn]
도리가 없네,8,[to.ɾi.ka.ʌp̚.ne],[do.ɾi.ga.ʌp̚.ne]
그런 생각이면,8,[kɯ.ɾʌn.sɛŋ.kak̚.i.mjʌn],[gɯ.ɾʌn.sɛŋ.gak̚.i.mjʌn]
도리가 없다고요,8,[to.ɾi.ka.ʌp̚.ta.ko.jo],[do.ɾi.ga.ʌp̚.ta.go.jo]
여기 중요한,8,[jʌ.ki.tʃuŋ.jo.han],[jʌ.gi.dʒuŋ.jo.han]
도리가 없었어요,8,[to.ɾi.ka.ʌp̚.ʌt̚.ʌ.jo],[do.ɾi.ga.ʌp̚.ʌt̚.ʌ.jo]
여기 쭉,8,[jʌ.ki.tʃ͈uk̚],[jʌ.gi.tʃ͈uk̚]
여기 차에,8,[jʌ.ki.tʃʰa.e],[jʌ.gi.tʃʰa.e]
도망 가고,8,[to.maŋ.ka.ko],[do.maŋ.ga.go]
도망 갔다,8,[to.maŋ.kat̚.ta],[do.maŋ.gat̚.ta]
여기 책임자야,8,[jʌ.ki.tʃʰɛk̚.in.tʃa.ja],[jʌ.gi.tʃʰɛk̚.in.tʃa.ja]
도망 다니면서,8,[to.maŋ.ta.ni.mjʌn.sʌ],[do.maŋ.da.ni.mjʌn.sʌ]
여기 총이,8,[jʌ.ki.tʃʰoŋ.i],[jʌ.gi.tʃʰoŋ.i]
여기 출신이야,8,[jʌ.ki.tʃʰul.sin.i.ja],[jʌ.gi.tʃʰul.sin.i.ja]
your breath,8,,
그런 세상을,8,[kɯ.ɾʌn.se.saŋ.ɯl],[gɯ.ɾʌn.se.saŋ.ɯl]
도망 못 가게 해,8,[to.maŋ.mot̚.ka.ke.hɛ],[do.maŋ.mot̚.ga.ge.hɛ]
그런 세상이,8,[kɯ.ɾʌn.se.saŋ.i],[gɯ.ɾʌn.se.saŋ.i]
거의 다 떨어졌어,8,[kʌ.ɯi.ta.t͈ʌl.ʌ.tʃjʌt̚.ʌ],[gʌ.ɯi.da.t͈ʌl.ʌ.dʒjʌt̚.ʌ]
그런 세세한,8,[kɯ.ɾʌn.se.se.han],[gɯ.ɾʌn.se.se.han]
had to go,8,,
그런 셈,8,[kɯ.ɾʌn.sem],[gɯ.ɾʌn.sem]
여기 특별한,8,[jʌ.ki.tʰɯk̚.pjʌl.han],[jʌ.gi.tʰɯk̚.pjʌl.han]
도망가 어서,8,[to.maŋ.ka.ʌ.sʌ],[do.maŋ.ga.ʌ.sʌ]
여기 할,8,[jʌ.ki.hal],[jʌ.gi.hal]
도망가게 놔둘,8,[to.maŋ.ka.ke.nwa.tul],[do.maŋ.ga.ge.nwa.dul]
여기 호텔,8,[jʌ.ki.ho.tʰel],[jʌ.gi.ho.tʰel]
What can you,8,,
여기 혼자 있으면,8,[jʌ.ki.hon.tʃa.it̚.ɯ.mjʌn],[jʌ.gi.hon.tʃa.it̚.ɯ.mjʌn]
게 언제였나요,8,[ke.ʌn.tʃe.jʌt̚.na.jo],[ge.ʌn.tʃe.jʌt̚.na.jo]
여기가 가장 안전한,8,[jʌ.ki.ka.ka.tʃaŋ.an.tʃʌn.han],[jʌ.gi.ga.ga.dʒaŋ.an.tʃʌn.han]
여기가 그들의,8,[jʌ.ki.ka.kɯ.tɯl.ɯi],[jʌ.gi.ga.gɯ.dɯl.ɯi]
여기가 내 자리야,8,[jʌ.ki.ka.nɛ.tʃa.ɾi.ja],[jʌ.gi.ga.nɛ.dʒa.ɾi.ja]
도망가려는 거야,8,[to.maŋ.ka.ɾjʌ.nɯŋ.kʌ.ja],[do.maŋ.ga.ɾjʌ.nɯn.gʌ.ja]
그런 소리 하는,8,[kɯ.ɾʌn.so.ɾi.ha.nɯn],[gɯ.ɾʌn.so.ɾi.ha.nɯn]
여기가 네 방이야,8,[jʌ.ki.ka.ne.paŋ.i.ja],[jʌ.gi.ga.ne.baŋ.i.ja]
도망가지 말고,8,[to.maŋ.ka.tʃi.mal.ko],[do.maŋ.ga.dʒi.mal.ko]
여기가 더 안전해,8,[jʌ.ki.ka.tʌ.an.tʃʌn.hɛ],[jʌ.gi.ga.dʌ.an.tʃʌn.hɛ]
그런 소리를 하는,8,[kɯ.ɾʌn.so.ɾi.ɾɯl.ha.nɯn],[gɯ.ɾʌn.so.ɾi.ɾɯl.ha.nɯn]
그런 소릴 하다니,8,[kɯ.ɾʌn.so.ɾil.ha.ta.ni],[gɯ.ɾʌn.so.ɾil.ha.da.ni]
여기가 안전해요,8,[jʌ.ki.ka.an.tʃʌn.hɛ.jo],[jʌ.gi.ga.an.tʃʌn.hɛ.jo]
그런 소릴 해요,8,[kɯ.ɾʌn.so.ɾil.hɛ.jo],[gɯ.ɾʌn.so.ɾil.hɛ.jo]
거의 다 왔어 이제,8,[kʌ.ɯi.ta.wat̚.ʌ.i.tʃe],[gʌ.ɯi.da.wat̚.ʌ.i.dʒe]
그런 소문,8,[kɯ.ɾʌn.so.mun],[gɯ.ɾʌn.so.mun]
여기가 어딘데,8,[jʌ.ki.ka.ʌ.tin.te],[jʌ.gi.ga.ʌ.din.te]
hadn''t been,8,,
여기가 어딘지 모르겠어요,8,[jʌ.ki.ka.ʌ.tin.tʃi.mo.ɾɯ.ket̚.ʌ.jo],[jʌ.gi.ga.ʌ.din.tʃi.mo.ɾɯ.get̚.ʌ.jo]
도망갈 줄,8,[to.maŋ.kal.tʃul],[do.maŋ.gal.dʒul]
여기가 오수 씨,8,[jʌ.ki.ka.o.su.s͈i],[jʌ.gi.ga.o.su.s͈i]
도망갔을 때,8,[to.maŋ.kat̚.ɯl.t͈ɛ],[do.maŋ.gat̚.ɯl.t͈ɛ]
여기가 잘,8,[jʌ.ki.ka.tʃal],[jʌ.gi.ga.dʒal]
your children,8,,
거의 다 왔지,8,[kʌ.ɯi.ta.wat̚.tʃi],[gʌ.ɯi.da.wat̚.tʃi]
거의 다 잡았는데,8,[kʌ.ɯi.ta.tʃap̚.at̚.nɯn.te],[gʌ.ɯi.da.dʒap̚.at̚.nɯn.te]
여기가 침실이에요,8,[jʌ.ki.ka.tʃʰim.sil.i.e.jo],[jʌ.gi.ga.tʃʰim.sil.i.e.jo]
그런 슬픈,8,[kɯ.ɾʌn.sɯl.pʰɯn],[gɯ.ɾʌn.sɯl.pʰɯn]
여기까지 무슨,8,[jʌ.ki.k͈a.tʃi.mu.sɯn],[jʌ.gi.k͈a.dʒi.mu.sɯn]
여기까지 부른,8,[jʌ.ki.k͈a.tʃi.pu.ɾɯn],[jʌ.gi.k͈a.dʒi.bu.ɾɯn]
How long have,8,,
여기까지 오게 한,8,[jʌ.ki.k͈a.tʃi.o.ke.han],[jʌ.gi.k͈a.dʒi.o.ge.han]
여기까지 오고,8,[jʌ.ki.k͈a.tʃi.o.ko],[jʌ.gi.k͈a.dʒi.o.go]
도망쳐야 하는,8,[to.maŋ.tʃʰjʌ.ja.ha.nɯn],[do.maŋ.tʃʰjʌ.ja.ha.nɯn]
제프가 내,8,[tʃe.pʰɯ.ka.nɛ],[dʒe.pʰɯ.ga.nɛ]
제프리 미치너,8,[tʃe.pʰɯ.ɾi.mi.tʃʰi.nʌ],[dʒe.pʰɯ.ɾi.mi.tʃʰi.nʌ]
더 좋은 소식이,8,[tʌ.tʃot̚.ɯn.so.sik̚.i],[dʌ.dʒot̚.ɯn.so.sik̚.i]
여기까지 와야,8,[jʌ.ki.k͈a.tʃi.wa.ja],[jʌ.gi.k͈a.dʒi.wa.ja]
여기까지 와줘서 고마워,8,[jʌ.ki.k͈a.tʃi.wa.tʃwʌ.sʌ.ko.ma.wʌ],[jʌ.gi.k͈a.dʒi.wa.dʒwʌ.sʌ.go.ma.wʌ]
도망치게 두지,8,[to.maŋ.tʃʰi.ke.tu.tʃi],[do.maŋ.tʃʰi.ge.du.dʒi]
여기까지 왔단,8,[jʌ.ki.k͈a.tʃi.wat̚.tan],[jʌ.gi.k͈a.dʒi.wat̚.tan]
그런 식으로 말하지 마세요,8,[kɯ.ɾʌn.sik̚.ɯ.ɾo.mal.ha.tʃi.ma.se.jo],[gɯ.ɾʌn.sik̚.ɯ.ɾo.mal.ha.dʒi.ma.se.jo]
도망치는 거죠,8,[to.maŋ.tʃʰi.nɯŋ.kʌ.tʃjo],[do.maŋ.tʃʰi.nɯn.gʌ.dʒjo]
제혁이 형,8,[tʃe.hjʌk̚.i.hjʌŋ],[dʒe.hjʌk̚.i.hjʌŋ]
나쁜 곳이,8,[na.p͈ɯŋ.kot̚.i],[na.p͈ɯn.got̚.i]
도망치는 게 좋을걸,8,[to.maŋ.tʃʰi.nɯŋ.ke.tʃot̚.ɯl.kʌl],[do.maŋ.tʃʰi.nɯn.ge.dʒot̚.ɯl.kʌl]
그런 식으로 보지,8,[kɯ.ɾʌn.sik̚.ɯ.ɾo.po.tʃi],[gɯ.ɾʌn.sik̚.ɯ.ɾo.bo.dʒi]
모르잖아 넌,8,[mo.ɾɯ.tʃan.a.nʌn],[mo.ɾɯ.dʒan.a.nʌn]
모르잖아 네,8,[mo.ɾɯ.tʃan.a.ne],[mo.ɾɯ.dʒan.a.ne]
여기는 그런,8,[jʌ.ki.nɯŋ.kɯ.ɾʌn],[jʌ.gi.nɯn.gɯ.ɾʌn]
half your,8,,
여기는 다른,8,[jʌ.ki.nɯn.ta.ɾɯn],[jʌ.gi.nɯn.da.ɾɯn]
판카실라 청년,8,[pʰaŋ.kʰa.sil.ɾa.tʃʰʌŋ.njʌn],[pʰaŋ.kʰa.sil.ɾa.tʃʰʌŋ.njʌn]
도망치려 했지만,8,[to.maŋ.tʃʰi.ɾjʌ.hɛt̚.tʃi.man],[do.maŋ.tʃʰi.ɾjʌ.hɛt̚.tʃi.man]
모르잖아 무슨,8,[mo.ɾɯ.tʃan.a.mu.sɯn],[mo.ɾɯ.dʒan.a.mu.sɯn]
거의 똑같아요,8,[kʌ.ɯi.t͈ok̚.kat̚.a.jo],[gʌ.ɯi.t͈ok̚.kat̚.a.jo]
세 군데서,8,[se.kun.te.sʌ],[se.gun.te.sʌ]
여기는 미,8,[jʌ.ki.nɯn.mi],[jʌ.gi.nɯn.mi]
여기는 미 해군,8,[jʌ.ki.nɯn.mi.hɛ.kun],[jʌ.gi.nɯn.mi.hɛ.gun]
여기는 벌처,8,[jʌ.ki.nɯm.pʌl.tʃʰʌ],[jʌ.gi.nɯn.bʌl.tʃʰʌ]
여기는 범죄,8,[jʌ.ki.nɯm.pʌn.tʃwe],[jʌ.gi.nɯn.bʌn.tʃwe]
도망치면 안 돼,8,[to.maŋ.tʃʰi.mjʌn.an.twɛ],[do.maŋ.tʃʰi.mjʌn.an.dwɛ]
여기는 세이버호크,8,[jʌ.ki.nɯn.se.i.pʌ.ho.kʰɯ],[jʌ.gi.nɯn.se.i.bʌ.ho.kʰɯ]
없다는 게 말이,8,[ʌp̚.ta.nɯŋ.ke.mal.i],[ʌp̚.ta.nɯn.ge.mal.i]
여기는 어떻게 알고,8,[jʌ.ki.nɯn.ʌ.t͈ʌt̚.ke.al.ko],[jʌ.gi.nɯn.ʌ.t͈ʌt̚.ke.al.ko]
거의 똑같이,8,[kʌ.ɯi.t͈ok̚.kat̚.i],[gʌ.ɯi.t͈ok̚.kat̚.i]
여기는 연방 우주선 선저우다,8,[jʌ.ki.nɯn.jʌm.paŋ.u.tʃu.sʌn.sʌn.tʃʌ.u.ta],[jʌ.gi.nɯn.jʌm.paŋ.u.dʒu.sʌn.sʌn.tʃʌ.u.da]
여기는 연방 우주선,8,[jʌ.ki.nɯn.jʌm.paŋ.u.tʃu.sʌn],[jʌ.gi.nɯn.jʌm.paŋ.u.dʒu.sʌn]
도망친 것 같아,8,[to.maŋ.tʃʰiŋ.kʌt̚.kat̚.a],[do.maŋ.tʃʰin.gʌt̚.gat̚.a]
여기는 제가,8,[jʌ.ki.nɯn.tʃe.ka],[jʌ.gi.nɯn.dʒe.ga]
여기는 카오스,8,[jʌ.ki.nɯŋ.kʰa.o.sɯ],[jʌ.gi.nɯŋ.kʰa.o.sɯ]
여기는 카오스 식스,8,[jʌ.ki.nɯŋ.kʰa.o.sɯ.sik̚.sɯ],[jʌ.gi.nɯŋ.kʰa.o.sɯ.sik̚.sɯ]
What did they,8,,
더 좋을 것 같은데,8,[tʌ.tʃot̚.ɯl.kʌt̚.kat̚.ɯn.te],[dʌ.dʒot̚.ɯl.gʌt̚.gat̚.ɯn.te]
여기도 없네,8,[jʌ.ki.to.ʌp̚.ne],[jʌ.gi.do.ʌp̚.ne]
여기로 가,8,[jʌ.ki.ɾo.ka],[jʌ.gi.ɾo.ga]
젠장 맞아,8,[tʃen.tʃaŋ.mat̚.a],[dʒen.tʃaŋ.mat̚.a]
도망칠 수 없어요,8,[to.maŋ.tʃʰil.su.ʌp̚.ʌ.jo],[do.maŋ.tʃʰil.su.ʌp̚.ʌ.jo]
여기로 던져,8,[jʌ.ki.ɾo.tʌn.tʃjʌ],[jʌ.gi.ɾo.dʌn.tʃjʌ]
Frank Sinatra,8,,
도망칠 수가 없어,8,[to.maŋ.tʃʰil.su.ka.ʌp̚.ʌ],[do.maŋ.tʃʰil.su.ga.ʌp̚.ʌ]
And I should,8,,
도망칠 수도 있어,8,[to.maŋ.tʃʰil.su.to.it̚.ʌ],[do.maŋ.tʃʰil.su.do.it̚.ʌ]
여기로 데려와요,8,[jʌ.ki.ɾo.te.ɾjʌ.wa.jo],[jʌ.gi.ɾo.de.ɾjʌ.wa.jo]
도망칠 순 없어요,8,[to.maŋ.tʃʰil.sun.ʌp̚.ʌ.jo],[do.maŋ.tʃʰil.sun.ʌp̚.ʌ.jo]
도망칠 시간을,8,[to.maŋ.tʃʰil.si.kan.ɯl],[do.maŋ.tʃʰil.si.gan.ɯl]
여기로 데리고 온,8,[jʌ.ki.ɾo.te.ɾi.ko.on],[jʌ.gi.ɾo.de.ɾi.go.on]
그런 아이디어를,8,[kɯ.ɾʌn.a.i.ti.ʌ.ɾɯl],[gɯ.ɾʌn.a.i.di.ʌ.ɾɯl]
그런 아이를,8,[kɯ.ɾʌn.a.i.ɾɯl],[gɯ.ɾʌn.a.i.ɾɯl]
도망칠 필요가,8,[to.maŋ.tʃʰil.pʰil.jo.ka],[do.maŋ.tʃʰil.pʰil.jo.ga]
그런 악몽을,8,[kɯ.ɾʌn.ak̚.moŋ.ɯl],[gɯ.ɾʌn.ak̚.moŋ.ɯl]
your enemy,8,,
그런 애가 아니야,8,[kɯ.ɾʌn.ɛ.ka.a.ni.ja],[gɯ.ɾʌn.ɛ.ga.a.ni.ja]
여기로 보냈다고,8,[jʌ.ki.ɾo.po.nɛt̚.ta.ko],[jʌ.gi.ɾo.bo.nɛt̚.ta.go]
그런 애가 아니에요,8,[kɯ.ɾʌn.ɛ.ka.a.ni.e.jo],[gɯ.ɾʌn.ɛ.ga.a.ni.e.jo]
여기로 보냈지,8,[jʌ.ki.ɾo.po.nɛt̚.tʃi],[jʌ.gi.ɾo.bo.nɛt̚.tʃi]
hand on,8,,
여기로 부른 이유가,8,[jʌ.ki.ɾo.pu.ɾɯn.i.ju.ka],[jʌ.gi.ɾo.bu.ɾɯn.i.ju.ga]
여기로 불러서,8,[jʌ.ki.ɾo.pul.ɾʌ.sʌ],[jʌ.gi.ɾo.bul.ɾʌ.sʌ]
도미니카 공화국에,8,[to.mi.ni.kʰa.koŋ.hwa.kuk̚.e],[do.mi.ni.kʰa.goŋ.hwa.guk̚.e]
그런 애매한,8,[kɯ.ɾʌn.ɛ.mɛ.han],[gɯ.ɾʌn.ɛ.mɛ.han]
그런 약,8,[kɯ.ɾʌn.jak̚],[gɯ.ɾʌn.jak̚]
더 좋지 않을까요,8,[tʌ.tʃot̚.tʃi.an.ɯl.k͈a.jo],[dʌ.dʒot̚.tʃi.an.ɯl.k͈a.jo]
그런 약이,8,[kɯ.ɾʌn.jak̚.i],[gɯ.ɾʌn.jak̚.i]
여기를 다,8,[jʌ.ki.ɾɯl.ta],[jʌ.gi.ɾɯl.da]
도사리고 있는,8,[to.sa.ɾi.ko.it̚.nɯn],[do.sa.ɾi.go.it̚.nɯn]
없다면 널,8,[ʌp̚.ta.mjʌn.nʌl],[ʌp̚.ta.mjʌn.nʌl]
여기를 떠나요,8,[jʌ.ki.ɾɯl.t͈ʌ.na.jo],[jʌ.gi.ɾɯl.t͈ʌ.na.jo]
그런 얘기 하려고,8,[kɯ.ɾʌn.jɛ.ki.ha.ɾjʌ.ko],[gɯ.ɾʌn.jɛ.gi.ha.ɾjʌ.go]
여기를 뜰,8,[jʌ.ki.ɾɯl.t͈ɯl],[jʌ.gi.ɾɯl.t͈ɯl]
그런 얘기 하면,8,[kɯ.ɾʌn.jɛ.ki.ha.mjʌn],[gɯ.ɾʌn.jɛ.gi.ha.mjʌn]
여기를 벗어나야 해,8,[jʌ.ki.ɾɯl.pʌt̚.ʌ.na.ja.hɛ],[jʌ.gi.ɾɯl.bʌt̚.ʌ.na.ja.hɛ]
거의 믿을,8,[kʌ.ɯi.mit̚.ɯl],[gʌ.ɯi.mit̚.ɯl]
팔 올리고,8,[pʰal.ol.ɾi.ko],[pʰal.ol.ɾi.go]
도서관 카드,8,[to.sʌ.kwaŋ.kʰa.tɯ],[do.sʌ.gwaŋ.kʰa.dɯ]
여기를 이렇게,8,[jʌ.ki.ɾɯl.i.ɾʌt̚.ke],[jʌ.gi.ɾɯl.i.ɾʌt̚.ke]
그런 얘기 한적,8,[kɯ.ɾʌn.jɛ.ki.han.tʃʌk̚],[gɯ.ɾʌn.jɛ.gi.han.tʃʌk̚]
도승지 신수근의,8,[to.sɯŋ.tʃi.sin.su.kɯn.ɯi],[do.sɯŋ.dʒi.sin.su.gɯn.ɯi]
your favorite,8,,
여기부턴 내가,8,[jʌ.ki.pu.tʰʌn.nɛ.ka],[jʌ.gi.bu.tʰʌn.nɛ.ga]
더 주셔야,8,[tʌ.tʃu.sjʌ.ja],[dʌ.dʒu.sjʌ.ja]
그런 얘기까지,8,[kɯ.ɾʌn.jɛ.ki.k͈a.tʃi],[gɯ.ɾʌn.jɛ.gi.k͈a.dʒi]
거의 밤을,8,[kʌ.ɯi.pam.ɯl],[gʌ.ɯi.bam.ɯl]
도시 밖,8,[to.si.pak̚],[do.si.bak̚]
도시 밖에,8,[to.si.pak̚.e],[do.si.bak̚.e]
여기서 공짜로,8,[jʌ.ki.sʌ.koŋ.tʃ͈a.ɾo],[jʌ.gi.sʌ.goŋ.tʃ͈a.ɾo]
모든 부모가,8,[mo.tɯm.pu.mo.ka],[mo.dɯn.bu.mo.ga]
도시 사람들을,8,[to.si.sa.ɾan.tɯl.ɯl],[do.si.sa.ɾan.tɯl.ɯl]
여기서 그녀는,8,[jʌ.ki.sʌ.kɯ.njʌ.nɯn],[jʌ.gi.sʌ.gɯ.njʌ.nɯn]
그런 얘기로,8,[kɯ.ɾʌn.jɛ.ki.ɾo],[gɯ.ɾʌn.jɛ.gi.ɾo]
여기서 기다려 내가,8,[jʌ.ki.sʌ.ki.ta.ɾjʌ.nɛ.ka],[jʌ.gi.sʌ.gi.da.ɾjʌ.nɛ.ga]
도시 이야기'',8,[to.si.i.ja.ki],[do.si.i.ja.gi]
your filth,8,,
도시 인구를,8,[to.si.iŋ.ku.ɾɯl],[do.si.iŋ.ku.ɾɯl]
없단 건가요,8,[ʌp̚.taŋ.kʌŋ.ka.jo],[ʌp̚.tan.gʌŋ.ka.jo]
거의 볼,8,[kʌ.ɯi.pol],[gʌ.ɯi.bol]
여기서 길이,8,[jʌ.ki.sʌ.kil.i],[jʌ.gi.sʌ.gil.i]
도시 절반이,8,[to.si.tʃʌl.pan.i],[do.si.dʒʌl.pan.i]
거의 불가능에,8,[kʌ.ɯi.pul.ka.nɯŋ.e],[gʌ.ɯi.bul.ka.nɯŋ.e]
그런 얘기하는,8,[kɯ.ɾʌn.jɛ.ki.ha.nɯn],[gɯ.ɾʌn.jɛ.gi.ha.nɯn]
도시 한복판에서,8,[to.si.ham.pok̚.pʰan.e.sʌ],[do.si.ham.pok̚.pʰan.e.sʌ]
없단 뜻이야,8,[ʌp̚.tan.t͈ɯt̚.i.ja],[ʌp̚.tan.t͈ɯt̚.i.ja]
여기서 꼼짝도,8,[jʌ.ki.sʌ.k͈on.tʃ͈ak̚.to],[jʌ.gi.sʌ.k͈on.tʃ͈ak̚.to]
여기서 끌고,8,[jʌ.ki.sʌ.k͈ɯl.ko],[jʌ.gi.sʌ.k͈ɯl.ko]
여기서 끔찍한,8,[jʌ.ki.sʌ.k͈ɯn.tʃ͈ik̚.han],[jʌ.gi.sʌ.k͈ɯn.tʃ͈ik̚.han]
도시는 내가,8,[to.si.nɯn.nɛ.ka],[do.si.nɯn.nɛ.ga]
도시는 우리,8,[to.si.nɯn.u.ɾi],[do.si.nɯn.u.ɾi]
여기서 끝난 것 같다,8,[jʌ.ki.sʌ.k͈ɯt̚.naŋ.kʌt̚.kat̚.ta],[jʌ.gi.sʌ.k͈ɯt̚.nan.gʌt̚.gat̚.ta]
도시는 절대 가라앉지 않아,8,[to.si.nɯn.tʃʌl.tɛ.ka.ɾa.an.tʃi.an.a],[do.si.nɯn.dʒʌl.tɛ.ga.ɾa.an.tʃi.an.a]
도시는 절대 가라앉지,8,[to.si.nɯn.tʃʌl.tɛ.ka.ɾa.an.tʃi],[do.si.nɯn.dʒʌl.tɛ.ga.ɾa.an.tʃi]
여기서 끝이에요,8,[jʌ.ki.sʌ.k͈ɯt̚.i.e.jo],[jʌ.gi.sʌ.k͈ɯt̚.i.e.jo]
도시락을 싸,8,[to.si.ɾak̚.ɯl.s͈a],[do.si.ɾak̚.ɯl.s͈a]
여기서 나가기 전에,8,[jʌ.ki.sʌ.na.ka.ki.tʃʌn.e],[jʌ.gi.sʌ.na.ga.gi.dʒʌn.e]
여기서 나가기만 하면,8,[jʌ.ki.sʌ.na.ka.ki.man.ha.mjʌn],[jʌ.gi.sʌ.na.ga.gi.man.ha.mjʌn]
도시를 구한,8,[to.si.ɾɯl.ku.han],[do.si.ɾɯl.gu.han]
여기서 나가는 걸,8,[jʌ.ki.sʌ.na.ka.nɯŋ.kʌl],[jʌ.gi.sʌ.na.ga.nɯn.gʌl]
그런 얼굴 하지 마,8,[kɯ.ɾʌn.ʌl.kul.ha.tʃi.ma],[gɯ.ɾʌn.ʌl.kul.ha.dʒi.ma]
도시를 다시,8,[to.si.ɾɯl.ta.si],[do.si.ɾɯl.da.si]
여기서 나가라구,8,[jʌ.ki.sʌ.na.ka.ɾa.ku],[jʌ.gi.sʌ.na.ga.ɾa.gu]
도시를 더,8,[to.si.ɾɯl.tʌ],[do.si.ɾɯl.dʌ]
도시를 떠났고,8,[to.si.ɾɯl.t͈ʌ.nat̚.ko],[do.si.ɾɯl.t͈ʌ.nat̚.ko]
그런 엄마가,8,[kɯ.ɾʌn.ʌm.ma.ka],[gɯ.ɾʌn.ʌm.ma.ga]
도시를 망쳤어,8,[to.si.ɾɯl.maŋ.tʃʰjʌt̚.ʌ],[do.si.ɾɯl.maŋ.tʃʰjʌt̚.ʌ]
거의 새,8,[kʌ.ɯi.sɛ],[gʌ.ɯi.sɛ]
여기서 나가야해요,8,[jʌ.ki.sʌ.na.ka.ja.hɛ.jo],[jʌ.gi.sʌ.na.ga.ja.hɛ.jo]
여기서 나가자구,8,[jʌ.ki.sʌ.na.ka.tʃa.ku],[jʌ.gi.sʌ.na.ga.dʒa.gu]
그런 여자가 아니야,8,[kɯ.ɾʌn.jʌ.tʃa.ka.a.ni.ja],[gɯ.ɾʌn.jʌ.dʒa.ga.a.ni.ja]
여기서 나갈 거예요,8,[jʌ.ki.sʌ.na.kal.kʌ.je.jo],[jʌ.gi.sʌ.na.gal.gʌ.je.jo]
여기서 나갈 때,8,[jʌ.ki.sʌ.na.kal.t͈ɛ],[jʌ.gi.sʌ.na.gal.t͈ɛ]
도시를 잘,8,[to.si.ɾɯl.tʃal],[do.si.ɾɯl.dʒal]
여기서 나고,8,[jʌ.ki.sʌ.na.ko],[jʌ.gi.sʌ.na.go]
여기서 나는 생각했다,8,[jʌ.ki.sʌ.na.nɯn.sɛŋ.kak̚.hɛt̚.ta],[jʌ.gi.sʌ.na.nɯn.sɛŋ.gak̚.hɛt̚.ta]
여기서 나와 함께,8,[jʌ.ki.sʌ.na.wa.ham.k͈e],[jʌ.gi.sʌ.na.wa.ham.k͈e]
도시에 관한,8,[to.si.e.kwan.han],[do.si.e.gwan.han]
여기서 내 보내,8,[jʌ.ki.sʌ.nɛ.po.nɛ],[jʌ.gi.sʌ.nɛ.bo.nɛ]
거의 섹스,8,[kʌ.ɯi.sek̚.sɯ],[gʌ.ɯi.sek̚.sɯ]
조 달러를,8,[tʃo.tal.ɾʌ.ɾɯl],[dʒo.dal.ɾʌ.ɾɯl]
여기서 내려야,8,[jʌ.ki.sʌ.nɛ.ɾjʌ.ja],[jʌ.gi.sʌ.nɛ.ɾjʌ.ja]
더 중요하거든,8,[tʌ.tʃuŋ.jo.ha.kʌ.tɯn],[dʌ.dʒuŋ.jo.ha.gʌ.dɯn]
그런 여자와,8,[kɯ.ɾʌn.jʌ.tʃa.wa],[gɯ.ɾʌn.jʌ.dʒa.wa]
조 당신,8,[tʃo.taŋ.sin],[dʒo.daŋ.sin]
그런 역할을,8,[kɯ.ɾʌn.jʌk̚.hal.ɯl],[gɯ.ɾʌn.jʌk̚.hal.ɯl]
여기서 놀아,8,[jʌ.ki.sʌ.nol.a],[jʌ.gi.sʌ.nol.a]
그런 영광을,8,[kɯ.ɾʌn.jʌŋ.kwaŋ.ɯl],[gɯ.ɾʌn.jʌŋ.gwaŋ.ɯl]
여기서 담배 피우면,8,[jʌ.ki.sʌ.tam.pɛ.pʰi.u.mjʌn],[jʌ.gi.sʌ.dam.pɛ.pʰi.u.mjʌn]
도어 버즈,8,[to.ʌ.pʌ.tʃɯ],[do.ʌ.bʌ.dʒɯ]
여기서 대기하고,8,[jʌ.ki.sʌ.tɛ.ki.ha.ko],[jʌ.gi.sʌ.dɛ.gi.ha.go]
여기서 더 이상,8,[jʌ.ki.sʌ.tʌ.i.saŋ],[jʌ.gi.sʌ.dʌ.i.saŋ]
여기서 더는,8,[jʌ.ki.sʌ.tʌ.nɯn],[jʌ.gi.sʌ.dʌ.nɯn]
그런 옷은,8,[kɯ.ɾʌn.ot̚.ɯn],[gɯ.ɾʌn.ot̚.ɯn]
me sleep,8,,
조 샌드위치 먹을 거야,8,[tʃo.sɛn.tɯ.wi.tʃʰi.mʌk̚.ɯl.kʌ.ja],[dʒo.sɛn.tɯ.wi.tʃʰi.mʌk̚.ɯl.gʌ.ja]
도연 조부,8,[to.jʌn.tʃo.pu],[do.jʌn.dʒo.bu]
여기서 둘이,8,[jʌ.ki.sʌ.tul.i],[jʌ.gi.sʌ.dul.i]
가져 오십시오,8,[ka.tʃjʌ.o.sip̚.si.o],[ga.dʒjʌ.o.sip̚.si.o]
여기서 떠들고,8,[jʌ.ki.sʌ.t͈ʌ.tɯl.ko],[jʌ.gi.sʌ.t͈ʌ.dɯl.ko]
조 왜,8,[tʃo.wɛ],[dʒo.wɛ]
없고 아직,8,[ʌp̚.ko.a.tʃik̚],[ʌp̚.ko.a.dʒik̚]
도와 드리려고 하고,8,[to.wa.tɯ.ɾi.ɾjʌ.ko.ha.ko],[do.wa.dɯ.ɾi.ɾjʌ.go.ha.go]
도와 드리려고 하고 있어요,8,[to.wa.tɯ.ɾi.ɾjʌ.ko.ha.ko.it̚.ʌ.jo],[do.wa.dɯ.ɾi.ɾjʌ.go.ha.go.it̚.ʌ.jo]
없던 듯이,8,[ʌp̚.tʌn.tɯt̚.i],[ʌp̚.tʌn.dɯt̚.i]
여기서 만나니,8,[jʌ.ki.sʌ.man.na.ni],[jʌ.gi.sʌ.man.na.ni]
조각 갖다,8,[tʃo.kak̚.kat̚.ta],[dʒo.gak̚.gat̚.ta]
여기서 매일,8,[jʌ.ki.sʌ.mɛ.il],[jʌ.gi.sʌ.mɛ.il]
모르지 이게,8,[mo.ɾɯ.tʃi.i.ke],[mo.ɾɯ.dʒi.i.ge]
모르지 이런,8,[mo.ɾɯ.tʃi.i.ɾʌn],[mo.ɾɯ.dʒi.i.ɾʌn]
hanging on,8,,
도와 준,8,[to.wa.tʃun],[do.wa.dʒun]
여기서 멈출 수,8,[jʌ.ki.sʌ.mʌn.tʃʰul.su],[jʌ.gi.sʌ.mʌn.tʃʰul.su]
I''m an omelet,8,,
여기서 못 나가면,8,[jʌ.ki.sʌ.mot̚.na.ka.mjʌn],[jʌ.gi.sʌ.mot̚.na.ga.mjʌn]
도와 줄수,8,[to.wa.tʃul.su],[do.wa.dʒul.su]
모르지 지금,8,[mo.ɾɯ.tʃi.tʃi.kɯm],[mo.ɾɯ.dʒi.dʒi.gɯm]
도와달라고 하세요,8,[to.wa.tal.ɾa.ko.ha.se.jo],[do.wa.dal.ɾa.go.ha.se.jo]
없든 난,8,[ʌp̚.tɯn.nan],[ʌp̚.tɯn.nan]
여기서 뭐 하는 거에요,8,[jʌ.ki.sʌ.mwʌ.ha.nɯŋ.kʌ.e.jo],[jʌ.gi.sʌ.mwʌ.ha.nɯn.gʌ.e.jo]
그런 의사,8,[kɯ.ɾʌn.ɯi.sa],[gɯ.ɾʌn.ɯi.sa]
여기서 뭐 하는 건데,8,[jʌ.ki.sʌ.mwʌ.ha.nɯŋ.kʌn.te],[jʌ.gi.sʌ.mwʌ.ha.nɯn.gʌn.te]
여기서 뭐 하려고,8,[jʌ.ki.sʌ.mwʌ.ha.ɾjʌ.ko],[jʌ.gi.sʌ.mwʌ.ha.ɾjʌ.go]
여기서 뭐 하십니까,8,[jʌ.ki.sʌ.mwʌ.ha.sip̚.ni.k͈a],[jʌ.gi.sʌ.mwʌ.ha.sip̚.ni.k͈a]
그런 이름 몰라요,8,[kɯ.ɾʌn.i.ɾɯm.mol.ɾa.jo],[gɯ.ɾʌn.i.ɾɯm.mol.ɾa.jo]
여기서 뭐 했어,8,[jʌ.ki.sʌ.mwʌ.hɛt̚.ʌ],[jʌ.gi.sʌ.mwʌ.hɛt̚.ʌ]
도와드려야 할지,8,[to.wa.tɯ.ɾjʌ.ja.hal.tʃi],[do.wa.dɯ.ɾjʌ.ja.hal.tʃi]
여기서 뭐하고 있지,8,[jʌ.ki.sʌ.mwʌ.ha.ko.it̚.tʃi],[jʌ.gi.sʌ.mwʌ.ha.go.it̚.tʃi]
여기서 뭐하냐고,8,[jʌ.ki.sʌ.mwʌ.ha.nja.ko],[jʌ.gi.sʌ.mwʌ.ha.nja.go]
여기서 뭐하는거니,8,[jʌ.ki.sʌ.mwʌ.ha.nɯŋ.kʌ.ni],[jʌ.gi.sʌ.mwʌ.ha.nɯŋ.kʌ.ni]
도와드리면 되죠,8,[to.wa.tɯ.ɾi.mjʌn.twe.tʃjo],[do.wa.dɯ.ɾi.mjʌn.dwe.dʒjo]
도와드리려는 거예요,8,[to.wa.tɯ.ɾi.ɾjʌ.nɯŋ.kʌ.je.jo],[do.wa.dɯ.ɾi.ɾjʌ.nɯn.gʌ.je.jo]
여기서 뭐하지,8,[jʌ.ki.sʌ.mwʌ.ha.tʃi],[jʌ.gi.sʌ.mwʌ.ha.dʒi]
그런 이야긴,8,[kɯ.ɾʌn.i.ja.kin],[gɯ.ɾʌn.i.ja.gin]
거의 없어서요,8,[kʌ.ɯi.ʌp̚.ʌ.sʌ.jo],[gʌ.ɯi.ʌp̚.ʌ.sʌ.jo]
여기서 뭘 하는 건지,8,[jʌ.ki.sʌ.mwʌl.ha.nɯŋ.kʌn.tʃi],[jʌ.gi.sʌ.mwʌl.ha.nɯn.gʌn.tʃi]
여기서 뭘 할,8,[jʌ.ki.sʌ.mwʌl.hal],[jʌ.gi.sʌ.mwʌl.hal]
도와드릴 수가 없네요,8,[to.wa.tɯ.ɾil.su.ka.ʌp̚.ne.jo],[do.wa.dɯ.ɾil.su.ga.ʌp̚.ne.jo]
your heart a,8,,
여기서 바다를,8,[jʌ.ki.sʌ.pa.ta.ɾɯl],[jʌ.gi.sʌ.ba.da.ɾɯl]
여기서 바다를 건넙니다,8,[jʌ.ki.sʌ.pa.ta.ɾɯl.kʌn.nʌp̚.ni.ta],[jʌ.gi.sʌ.ba.da.ɾɯl.gʌn.nʌp̚.ni.da]
여기서 배울,8,[jʌ.ki.sʌ.pɛ.ul],[jʌ.gi.sʌ.bɛ.ul]
도와드릴 테니,8,[to.wa.tɯ.ɾil.tʰe.ni],[do.wa.dɯ.ɾil.tʰe.ni]
여기서 벗어나면,8,[jʌ.ki.sʌ.pʌt̚.ʌ.na.mjʌn],[jʌ.gi.sʌ.bʌt̚.ʌ.na.mjʌn]
도와서 이,8,[to.wa.sʌ.i],[do.wa.sʌ.i]
그런 일 겪게,8,[kɯ.ɾʌn.il.kjʌk̚.ke],[gɯ.ɾʌn.il.gjʌk̚.ke]
여기서 뵙게,8,[jʌ.ki.sʌ.pwep̚.ke],[jʌ.gi.sʌ.bwep̚.ke]
도와주겠다는 거야,8,[to.wa.tʃu.ket̚.ta.nɯŋ.kʌ.ja],[do.wa.dʒu.get̚.ta.nɯn.gʌ.ja]
도와주겠다고 했어요,8,[to.wa.tʃu.ket̚.ta.ko.hɛt̚.ʌ.jo],[do.wa.dʒu.get̚.ta.go.hɛt̚.ʌ.jo]
조건을 말해,8,[tʃo.kʌn.ɯl.mal.hɛ],[dʒo.gʌn.ɯl.mal.hɛ]
도와주고 싶다면,8,[to.wa.tʃu.ko.sip̚.ta.mjʌn],[do.wa.dʒu.go.sip̚.ta.mjʌn]
여기서 빠져나가려면,8,[jʌ.ki.sʌ.p͈a.tʃjʌ.na.ka.ɾjʌ.mjʌn],[jʌ.gi.sʌ.p͈a.dʒjʌ.na.ga.ɾjʌ.mjʌn]
거의 없으니까요,8,[kʌ.ɯi.ʌp̚.ɯ.ni.k͈a.jo],[gʌ.ɯi.ʌp̚.ɯ.ni.k͈a.jo]
그런 일 없습니다,8,[kɯ.ɾʌn.il.ʌp̚.sɯp̚.ni.ta],[gɯ.ɾʌn.il.ʌp̚.sɯp̚.ni.da]
여기서 빠져나가요,8,[jʌ.ki.sʌ.p͈a.tʃjʌ.na.ka.jo],[jʌ.gi.sʌ.p͈a.dʒjʌ.na.ga.jo]
여기서 빨리 나가야,8,[jʌ.ki.sʌ.p͈al.ɾi.na.ka.ja],[jʌ.gi.sʌ.p͈al.ɾi.na.ga.ja]
도와주고 있었어요,8,[to.wa.tʃu.ko.it̚.ʌt̚.ʌ.jo],[do.wa.dʒu.go.it̚.ʌt̚.ʌ.jo]
그러면 너희,8,[kɯ.ɾʌ.mjʌn.nʌ.hɯi],[gɯ.ɾʌ.mjʌn.nʌ.hɯi]
여기서 새로,8,[jʌ.ki.sʌ.sɛ.ɾo],[jʌ.gi.sʌ.sɛ.ɾo]
거의 완벽하게,8,[kʌ.ɯi.wam.pjʌk̚.ha.ke],[gʌ.ɯi.wam.pjʌk̚.ha.ge]
여기서 소리가,8,[jʌ.ki.sʌ.so.ɾi.ka],[jʌ.gi.sʌ.so.ɾi.ga]
여기서 술을,8,[jʌ.ki.sʌ.sul.ɯl],[jʌ.gi.sʌ.sul.ɯl]
도와주는 것,8,[to.wa.tʃu.nɯŋ.kʌt̚],[do.wa.dʒu.nɯn.gʌt̚]
여기서 시간을 많이,8,[jʌ.ki.sʌ.si.kan.ɯl.man.i],[jʌ.gi.sʌ.si.gan.ɯl.man.i]
여기서 식사를,8,[jʌ.ki.sʌ.sik̚.sa.ɾɯl],[jʌ.gi.sʌ.sik̚.sa.ɾɯl]
도와주는 사람은,8,[to.wa.tʃu.nɯn.sa.ɾam.ɯn],[do.wa.dʒu.nɯn.sa.ɾam.ɯn]
조금 과하다,8,[tʃo.kɯm.kwa.ha.ta],[dʒo.gɯm.gwa.ha.da]
여기서 안 나가,8,[jʌ.ki.sʌ.an.na.ka],[jʌ.gi.sʌ.an.na.ga]
여기서 안전하지,8,[jʌ.ki.sʌ.an.tʃʌn.ha.tʃi],[jʌ.gi.sʌ.an.tʃʌn.ha.dʒi]
더 지껄여봐,8,[tʌ.tʃi.k͈ʌl.jʌ.pwa],[dʌ.dʒi.k͈ʌl.jʌ.bwa]
여기서 얘기하는 거야,8,[jʌ.ki.sʌ.jɛ.ki.ha.nɯŋ.kʌ.ja],[jʌ.gi.sʌ.jɛ.gi.ha.nɯn.gʌ.ja]
없습니다 그를,8,[ʌp̚.sɯp̚.ni.ta.kɯ.ɾɯl],[ʌp̚.sɯp̚.ni.da.gɯ.ɾɯl]
여기서 얼마,8,[jʌ.ki.sʌ.ʌl.ma],[jʌ.gi.sʌ.ʌl.ma]
조금 놀란,8,[tʃo.kɯm.nol.ɾan],[dʒo.gɯm.nol.ɾan]
여기서 온종일,8,[jʌ.ki.sʌ.on.tʃoŋ.il],[jʌ.gi.sʌ.on.tʃoŋ.il]
도와주려는 건데,8,[to.wa.tʃu.ɾjʌ.nɯŋ.kʌn.te],[do.wa.dʒu.ɾjʌ.nɯn.gʌn.te]
여기서 이러고 있을,8,[jʌ.ki.sʌ.i.ɾʌ.ko.it̚.ɯl],[jʌ.gi.sʌ.i.ɾʌ.go.it̚.ɯl]
그런 일은 없을 거요,8,[kɯ.ɾʌn.il.ɯn.ʌp̚.ɯl.kʌ.jo],[gɯ.ɾʌn.il.ɯn.ʌp̚.ɯl.gʌ.jo]
여기서 이러지 말자,8,[jʌ.ki.sʌ.i.ɾʌ.tʃi.mal.tʃa],[jʌ.gi.sʌ.i.ɾʌ.dʒi.mal.tʃa]
그런 일은 없을 것,8,[kɯ.ɾʌn.il.ɯn.ʌp̚.ɯl.kʌt̚],[gɯ.ɾʌn.il.ɯn.ʌp̚.ɯl.gʌt̚]
도와주면 내,8,[to.wa.tʃu.mjʌn.nɛ],[do.wa.dʒu.mjʌn.nɛ]
네 뇌의,8,[ne.nwe.ɯi],[ne.nwe.ɯi]
여기서 일단,8,[jʌ.ki.sʌ.il.tan],[jʌ.gi.sʌ.il.tan]
없습니다 너,8,[ʌp̚.sɯp̚.ni.ta.nʌ],[ʌp̚.sɯp̚.ni.da.nʌ]
모르지만 혹시,8,[mo.ɾɯ.tʃi.man.hok̚.si],[mo.ɾɯ.dʒi.man.hok̚.si]
여기서 일하는 건,8,[jʌ.ki.sʌ.il.ha.nɯŋ.kʌn],[jʌ.gi.sʌ.il.ha.nɯn.gʌn]
더 직접적으로,8,[tʌ.tʃik̚.tʃʌp̚.tʃʌk̚.ɯ.ɾo],[dʌ.dʒik̚.tʃʌp̚.tʃʌk̚.ɯ.ɾo]
여기서 일하잖아,8,[jʌ.ki.sʌ.il.ha.tʃan.a],[jʌ.gi.sʌ.il.ha.dʒan.a]
그런 일은 절대로,8,[kɯ.ɾʌn.il.ɯn.tʃʌl.tɛ.ɾo],[gɯ.ɾʌn.il.ɯn.dʒʌl.tɛ.ɾo]
도와주세요 그럼,8,[to.wa.tʃu.se.jo.kɯ.ɾʌm],[do.wa.dʒu.se.jo.gɯ.ɾʌm]
팔리는 게,8,[pʰal.ɾi.nɯŋ.ke],[pʰal.ɾi.nɯn.ge]
여기서 일해야,8,[jʌ.ki.sʌ.il.hɛ.ja],[jʌ.gi.sʌ.il.hɛ.ja]
그런 일은 한,8,[kɯ.ɾʌn.il.ɯn.han],[gɯ.ɾʌn.il.ɯn.han]
거의 전,8,[kʌ.ɯi.tʃʌn],[gʌ.ɯi.dʒʌn]
더 직접적인,8,[tʌ.tʃik̚.tʃʌp̚.tʃʌk̚.in],[dʌ.dʒik̚.tʃʌp̚.tʃʌk̚.in]
도와주세요 당신이,8,[to.wa.tʃu.se.jo.taŋ.sin.i],[do.wa.dʒu.se.jo.daŋ.sin.i]
여기서 있었던 일,8,[jʌ.ki.sʌ.it̚.ʌt̚.tʌn.il],[jʌ.gi.sʌ.it̚.ʌt̚.tʌn.il]
도와주세요 살려 주세요,8,[to.wa.tʃu.se.jo.sal.ɾjʌ.tʃu.se.jo],[do.wa.dʒu.se.jo.sal.ɾjʌ.dʒu.se.jo]
도와주세요 안,8,[to.wa.tʃu.se.jo.an],[do.wa.dʒu.se.jo.an]
도와주세요 어디,8,[to.wa.tʃu.se.jo.ʌ.ti],[do.wa.dʒu.se.jo.ʌ.di]
도와주세요 어떻게,8,[to.wa.tʃu.se.jo.ʌ.t͈ʌt̚.ke],[do.wa.dʒu.se.jo.ʌ.t͈ʌt̚.ke]
그런 일을 겪었는데,8,[kɯ.ɾʌn.il.ɯl.kjʌk̚.ʌt̚.nɯn.te],[gɯ.ɾʌn.il.ɯl.gjʌk̚.ʌt̚.nɯn.te]
도와주세요 우리,8,[to.wa.tʃu.se.jo.u.ɾi],[do.wa.dʒu.se.jo.u.ɾi]
그런 일을 겪었으니,8,[kɯ.ɾʌn.il.ɯl.kjʌk̚.ʌt̚.ɯ.ni],[gɯ.ɾʌn.il.ɯl.gjʌk̚.ʌt̚.ɯ.ni]
여기서 잠깐만 기다려,8,[jʌ.ki.sʌ.tʃam.k͈an.maŋ.ki.ta.ɾjʌ],[jʌ.gi.sʌ.dʒam.k͈an.man.gi.da.ɾjʌ]
그런 일을 당하면,8,[kɯ.ɾʌn.il.ɯl.taŋ.ha.mjʌn],[gɯ.ɾʌn.il.ɯl.daŋ.ha.mjʌn]
여기서 저기로,8,[jʌ.ki.sʌ.tʃʌ.ki.ɾo],[jʌ.gi.sʌ.dʒʌ.gi.ɾo]
그런 일을 당할,8,[kɯ.ɾʌn.il.ɯl.taŋ.hal],[gɯ.ɾʌn.il.ɯl.daŋ.hal]
여기서 절,8,[jʌ.ki.sʌ.tʃʌl],[jʌ.gi.sʌ.dʒʌl]
도와주셨으면 해요,8,[to.wa.tʃu.sjʌt̚.ɯ.mjʌn.hɛ.jo],[do.wa.dʒu.sjʌt̚.ɯ.mjʌn.hɛ.jo]
your lips,8,,
여기서 제일 좋은,8,[jʌ.ki.sʌ.tʃe.il.tʃot̚.ɯn],[jʌ.gi.sʌ.dʒe.il.dʒot̚.ɯn]
여기서 조금만 더,8,[jʌ.ki.sʌ.tʃo.kɯm.man.tʌ],[jʌ.gi.sʌ.dʒo.gɯm.man.dʌ]
가족들을 위한,8,[ka.tʃok̚.tɯl.ɯl.wi.han],[ga.dʒok̚.tɯl.ɯl.wi.han]
여기서 주무시면 안,8,[jʌ.ki.sʌ.tʃu.mu.si.mjʌn.an],[jʌ.gi.sʌ.dʒu.mu.si.mjʌn.an]
그런 일을 하고,8,[kɯ.ɾʌn.il.ɯl.ha.ko],[gɯ.ɾʌn.il.ɯl.ha.go]
여기서 죽긴,8,[jʌ.ki.sʌ.tʃuk̚.kin],[jʌ.gi.sʌ.dʒuk̚.kin]
여기서 죽는다고,8,[jʌ.ki.sʌ.tʃuk̚.nɯn.ta.ko],[jʌ.gi.sʌ.dʒuk̚.nɯn.ta.go]
여기서 죽든가,8,[jʌ.ki.sʌ.tʃuk̚.tɯŋ.ka],[jʌ.gi.sʌ.dʒuk̚.tɯŋ.ka]
여기서 죽도록,8,[jʌ.ki.sʌ.tʃuk̚.to.ɾok̚],[jʌ.gi.sʌ.dʒuk̚.to.ɾok̚]
여기서 죽을 수도,8,[jʌ.ki.sʌ.tʃuk̚.ɯl.su.to],[jʌ.gi.sʌ.dʒuk̚.ɯl.su.do]
도와주지 못해,8,[to.wa.tʃu.tʃi.mot̚.hɛ],[do.wa.dʒu.dʒi.mot̚.hɛ]
거의 죽을 뻔 했어요,8,[kʌ.ɯi.tʃuk̚.ɯl.p͈ʌn.hɛt̚.ʌ.jo],[gʌ.ɯi.dʒuk̚.ɯl.p͈ʌn.hɛt̚.ʌ.jo]
여기서 지내기로,8,[jʌ.ki.sʌ.tʃi.nɛ.ki.ɾo],[jʌ.gi.sʌ.dʒi.nɛ.gi.ɾo]
없습니다 아뇨,8,[ʌp̚.sɯp̚.ni.ta.a.njo],[ʌp̚.sɯp̚.ni.da.a.njo]
여기서 지내라고,8,[jʌ.ki.sʌ.tʃi.nɛ.ɾa.ko],[jʌ.gi.sʌ.dʒi.nɛ.ɾa.go]
여기서 지내야,8,[jʌ.ki.sʌ.tʃi.nɛ.ja],[jʌ.gi.sʌ.dʒi.nɛ.ja]
조금 이상하다고,8,[tʃo.kɯm.i.saŋ.ha.ta.ko],[dʒo.gɯm.i.saŋ.ha.da.go]
여기서 첫,8,[jʌ.ki.sʌ.tʃʰʌt̚],[jʌ.gi.sʌ.tʃʰʌt̚]
도와준 것처럼,8,[to.wa.tʃuŋ.kʌt̚.tʃʰʌ.ɾʌm],[do.wa.dʒun.gʌt̚.tʃʰʌ.ɾʌm]
도와준 적,8,[to.wa.tʃun.tʃʌk̚],[do.wa.dʒun.dʒʌk̚]
그런 일이 없기를,8,[kɯ.ɾʌn.il.i.ʌp̚.ki.ɾɯl],[gɯ.ɾʌn.il.i.ʌp̚.ki.ɾɯl]
여기서 하려고,8,[jʌ.ki.sʌ.ha.ɾjʌ.ko],[jʌ.gi.sʌ.ha.ɾjʌ.go]
여기서 하면 돼요,8,[jʌ.ki.sʌ.ha.mjʌn.twɛ.jo],[jʌ.gi.sʌ.ha.mjʌn.dwɛ.jo]
여기서 한 시간,8,[jʌ.ki.sʌ.han.si.kan],[jʌ.gi.sʌ.han.si.gan]
여기서 할 거야,8,[jʌ.ki.sʌ.hal.kʌ.ja],[jʌ.gi.sʌ.hal.gʌ.ja]
그런 일이 없었으면,8,[kɯ.ɾʌn.il.i.ʌp̚.ʌt̚.ɯ.mjʌn],[gɯ.ɾʌn.il.i.ʌp̚.ʌt̚.ɯ.mjʌn]
나쁜 사람이란,8,[na.p͈ɯn.sa.ɾam.i.ɾan],[na.p͈ɯn.sa.ɾam.i.ɾan]
그런 일이 없을 겁니다,8,[kɯ.ɾʌn.il.i.ʌp̚.ɯl.kʌp̚.ni.ta],[gɯ.ɾʌn.il.i.ʌp̚.ɯl.gʌp̚.ni.da]
여기서 항상,8,[jʌ.ki.sʌ.haŋ.saŋ],[jʌ.gi.sʌ.haŋ.saŋ]
여기서 했던,8,[jʌ.ki.sʌ.hɛt̚.tʌn],[jʌ.gi.sʌ.hɛt̚.tʌn]
그런 일이 일어나게 놔둘,8,[kɯ.ɾʌn.il.i.il.ʌ.na.ke.nwa.tul],[gɯ.ɾʌn.il.i.il.ʌ.na.ge.nwa.dul]
도와줄 건가요,8,[to.wa.tʃul.kʌŋ.ka.jo],[do.wa.dʒul.gʌŋ.ka.jo]
더 창의적인,8,[tʌ.tʃʰaŋ.ɯi.tʃʌk̚.in],[dʌ.tʃʰaŋ.ɯi.dʒʌk̚.in]
도와줄 걸,8,[to.wa.tʃul.kʌl],[do.wa.dʒul.gʌl]
여기서도 할 수 있어,8,[jʌ.ki.sʌ.to.hal.su.it̚.ʌ],[jʌ.gi.sʌ.do.hal.su.it̚.ʌ]
그런 일이 일어나도록 내버려,8,[kɯ.ɾʌn.il.i.il.ʌ.na.to.ɾok̚.nɛ.pʌ.ɾjʌ],[gɯ.ɾʌn.il.i.il.ʌ.na.do.ɾok̚.nɛ.bʌ.ɾjʌ]
여기서부터 우리가 맡을게,8,[jʌ.ki.sʌ.pu.tʰʌ.u.ɾi.ka.mat̚.ɯl.ke],[jʌ.gi.sʌ.bu.tʰʌ.u.ɾi.ga.mat̚.ɯl.ke]
도와줄 사람이 필요해,8,[to.wa.tʃul.sa.ɾam.i.pʰil.jo.hɛ],[do.wa.dʒul.sa.ɾam.i.pʰil.jo.hɛ]
여기선 말고요,8,[jʌ.ki.sʌn.mal.ko.jo],[jʌ.gi.sʌn.mal.ko.jo]
거의 토할,8,[kʌ.ɯi.tʰo.hal],[gʌ.ɯi.tʰo.hal]
여기선 모두,8,[jʌ.ki.sʌn.mo.tu],[jʌ.gi.sʌn.mo.du]
조금도 신경,8,[tʃo.kɯn.to.siŋ.kjʌŋ],[dʒo.gɯn.to.siŋ.kjʌŋ]
도와줄 수 있겠니,8,[to.wa.tʃul.su.it̚.ket̚.ni],[do.wa.dʒul.su.it̚.ket̚.ni]
도와줄 수 있겠어요,8,[to.wa.tʃul.su.it̚.ket̚.ʌ.jo],[do.wa.dʒul.su.it̚.ket̚.ʌ.jo]
여기선 우리가,8,[jʌ.ki.sʌn.u.ɾi.ka],[jʌ.gi.sʌn.u.ɾi.ga]
거의 평생,8,[kʌ.ɯi.pʰjʌŋ.sɛŋ],[gʌ.ɯi.pʰjʌŋ.sɛŋ]
그런 일이 있었군요,8,[kɯ.ɾʌn.il.i.it̚.ʌt̚.kun.jo],[gɯ.ɾʌn.il.i.it̚.ʌt̚.kun.jo]
여기선 항상,8,[jʌ.ki.sʌn.haŋ.saŋ],[jʌ.gi.sʌn.haŋ.saŋ]
여기야 바로,8,[jʌ.ki.ja.pa.ɾo],[jʌ.gi.ja.ba.ɾo]
여기야 우리,8,[jʌ.ki.ja.u.ɾi],[jʌ.gi.ja.u.ɾi]
도와줄 수 있는데,8,[to.wa.tʃul.su.it̚.nɯn.te],[do.wa.dʒul.su.it̚.nɯn.te]
여기에 꼭,8,[jʌ.ki.e.k͈ok̚],[jʌ.gi.e.k͈ok̚]
그런 일이 있었으니,8,[kɯ.ɾʌn.il.i.it̚.ʌt̚.ɯ.ni],[gɯ.ɾʌn.il.i.it̚.ʌt̚.ɯ.ni]
여기에 너무 오래,8,[jʌ.ki.e.nʌ.mu.o.ɾɛ],[jʌ.gi.e.nʌ.mu.o.ɾɛ]
조금만 기다리면 돼,8,[tʃo.kɯm.maŋ.ki.ta.ɾi.mjʌn.twɛ],[dʒo.gɯm.man.gi.da.ɾi.mjʌn.dwɛ]
여기에 당신이,8,[jʌ.ki.e.taŋ.sin.i],[jʌ.gi.e.daŋ.sin.i]
그런 일이야,8,[kɯ.ɾʌn.il.i.ja],[gɯ.ɾʌn.il.i.ja]
여기에 돈을,8,[jʌ.ki.e.ton.ɯl],[jʌ.gi.e.don.ɯl]
여기에 돈,8,[jʌ.ki.e.ton],[jʌ.gi.e.don]
여기에 둬,8,[jʌ.ki.e.twʌ],[jʌ.gi.e.dwʌ]
여기에 머물고,8,[jʌ.ki.e.mʌ.mul.ko],[jʌ.gi.e.mʌ.mul.ko]
여기에 모였습니다,8,[jʌ.ki.e.mo.jʌt̚.sɯp̚.ni.ta],[jʌ.gi.e.mo.jʌt̚.sɯp̚.ni.da]
도와줄 줄 알았어,8,[to.wa.tʃul.tʃul.al.at̚.ʌ],[do.wa.dʒul.dʒul.al.at̚.ʌ]
여기에 사인해,8,[jʌ.ki.e.sa.in.hɛ],[jʌ.gi.e.sa.in.hɛ]
도와줄 필요 없어,8,[to.wa.tʃul.pʰil.jo.ʌp̚.ʌ],[do.wa.dʒul.pʰil.jo.ʌp̚.ʌ]
도와줄게 괜찮아,8,[to.wa.tʃul.ke.kwɛn.tʃʰan.a],[do.wa.dʒul.ke.gwɛn.tʃʰan.a]
여기에 속하지 않아,8,[jʌ.ki.e.sok̚.ha.tʃi.an.a],[jʌ.gi.e.sok̚.ha.dʒi.an.a]
내 갈 길을,8,[nɛ.kal.kil.ɯl],[nɛ.gal.gil.ɯl]
여기에 아주,8,[jʌ.ki.e.a.tʃu],[jʌ.gi.e.a.dʒu]
도와줄게 날,8,[to.wa.tʃul.ke.nal],[do.wa.dʒul.ke.nal]
거의 확실합니다,8,[kʌ.ɯi.hwak̚.sil.hap̚.ni.ta],[gʌ.ɯi.hwak̚.sil.hap̚.ni.da]
더 충격적이야,8,[tʌ.tʃʰuŋ.kjʌk̚.tʃʌk̚.i.ja],[dʌ.tʃʰuŋ.gjʌk̚.tʃʌk̚.i.ja]
거인 OAD,8,[kʌ.in],[gʌ.in]
도와줄게 우린,8,[to.wa.tʃul.ke.u.ɾin],[do.wa.dʒul.ke.u.ɾin]
여기에 오려고,8,[jʌ.ki.e.o.ɾjʌ.ko],[jʌ.gi.e.o.ɾjʌ.go]
그런 적 없거든요,8,[kɯ.ɾʌn.tʃʌk̚.ʌp̚.kʌ.tɯn.jo],[gɯ.ɾʌn.dʒʌk̚.ʌp̚.kʌ.dɯn.jo]
그런 적 없고,8,[kɯ.ɾʌn.tʃʌk̚.ʌp̚.ko],[gɯ.ɾʌn.dʒʌk̚.ʌp̚.ko]
여기에 온 거지,8,[jʌ.ki.e.oŋ.kʌ.tʃi],[jʌ.gi.e.on.gʌ.dʒi]
여기에 온다,8,[jʌ.ki.e.on.ta],[jʌ.gi.e.on.ta]
여기에 올 것이다,8,[jʌ.ki.e.ol.kʌt̚.i.ta],[jʌ.gi.e.ol.gʌt̚.i.da]
도와줄수 있어,8,[to.wa.tʃul.su.it̚.ʌ],[do.wa.dʒul.su.it̚.ʌ]
여기에 왔고,8,[jʌ.ki.e.wat̚.ko],[jʌ.gi.e.wat̚.ko]
happens now,8,,
여기에 왔는데,8,[jʌ.ki.e.wat̚.nɯn.te],[jʌ.gi.e.wat̚.nɯn.te]
세계 대전 중에,8,[se.kje.tɛ.tʃʌn.tʃuŋ.e],[se.gje.dɛ.dʒʌn.dʒuŋ.e]
your mother''s,8,,
도와줘 그게 내가,8,[to.wa.tʃwʌ.kɯ.ke.nɛ.ka],[do.wa.dʒwʌ.gɯ.ge.nɛ.ga]
도와줘 그게 내가 가게,8,[to.wa.tʃwʌ.kɯ.ke.nɛ.ka.ka.ke],[do.wa.dʒwʌ.gɯ.ge.nɛ.ga.ga.ge]
그런 적 없소,8,[kɯ.ɾʌn.tʃʌk̚.ʌp̚.so],[gɯ.ɾʌn.dʒʌk̚.ʌp̚.so]
없애는 겁니다,8,[ʌp̚.ɛ.nɯŋ.kʌp̚.ni.ta],[ʌp̚.ɛ.nɯn.gʌp̚.ni.da]
여기에 있는 거죠,8,[jʌ.ki.e.it̚.nɯŋ.kʌ.tʃjo],[jʌ.gi.e.it̚.nɯn.gʌ.dʒjo]
여기에 있니,8,[jʌ.ki.e.it̚.ni],[jʌ.gi.e.it̚.ni]
여기에 있다는 걸,8,[jʌ.ki.e.it̚.ta.nɯŋ.kʌl],[jʌ.gi.e.it̚.ta.nɯn.gʌl]
도와줘 부탁이야,8,[to.wa.tʃwʌ.pu.tʰak̚.i.ja],[do.wa.dʒwʌ.bu.tʰak̚.i.ja]
거인에 대한,8,[kʌ.in.e.tɛ.han],[gʌ.in.e.dɛ.han]
그런 적은 없었다,8,[kɯ.ɾʌn.tʃʌk̚.ɯn.ʌp̚.ʌt̚.ta],[gɯ.ɾʌn.dʒʌk̚.ɯn.ʌp̚.ʌt̚.ta]
없애려는 거야,8,[ʌp̚.ɛ.ɾjʌ.nɯŋ.kʌ.ja],[ʌp̚.ɛ.ɾjʌ.nɯn.gʌ.ja]
여기에 있을게,8,[jʌ.ki.e.it̚.ɯl.ke],[jʌ.gi.e.it̚.ɯl.ke]
그런 적이 없어요,8,[kɯ.ɾʌn.tʃʌk̚.i.ʌp̚.ʌ.jo],[gɯ.ɾʌn.dʒʌk̚.i.ʌp̚.ʌ.jo]
조금요 난,8,[tʃo.kɯm.jo.nan],[dʒo.gɯm.jo.nan]
여기에 제가,8,[jʌ.ki.e.tʃe.ka],[jʌ.gi.e.dʒe.ga]
도와줘 우린,8,[to.wa.tʃwʌ.u.ɾin],[do.wa.dʒwʌ.u.ɾin]
거인을 이길 수,8,[kʌ.in.ɯl.i.kil.su],[gʌ.in.ɯl.i.gil.su]
도와줘 이게,8,[to.wa.tʃwʌ.i.ke],[do.wa.dʒwʌ.i.ge]
그런 전화,8,[kɯ.ɾʌn.tʃʌn.hwa],[gɯ.ɾʌn.dʒʌn.hwa]
그런 전화가,8,[kɯ.ɾʌn.tʃʌn.hwa.ka],[gɯ.ɾʌn.dʒʌn.hwa.ga]
여기에서 뭐 하는,8,[jʌ.ki.e.sʌ.mwʌ.ha.nɯn],[jʌ.gi.e.sʌ.mwʌ.ha.nɯn]
여기엔 아무,8,[jʌ.ki.en.a.mu],[jʌ.gi.en.a.mu]
여기요 그럼,8,[jʌ.ki.jo.kɯ.ɾʌm],[jʌ.gi.jo.gɯ.ɾʌm]
나쁜 소식인가요,8,[na.p͈ɯn.so.sik̚.iŋ.ka.jo],[na.p͈ɯn.so.sik̚.iŋ.ka.jo]
조깅을 하고,8,[tʃo.kiŋ.ɯl.ha.ko],[dʒo.giŋ.ɯl.ha.go]
여기요 내가,8,[jʌ.ki.jo.nɛ.ka],[jʌ.gi.jo.nɛ.ga]
여기요 됐어요,8,[jʌ.ki.jo.twɛt̚.ʌ.jo],[jʌ.gi.jo.dwɛt̚.ʌ.jo]
여기요 당신이,8,[jʌ.ki.jo.taŋ.sin.i],[jʌ.gi.jo.daŋ.sin.i]
조나 라이언 의원,8,[tʃo.na.ɾa.i.ʌn.ɯi.wʌn],[dʒo.na.ɾa.i.ʌn.ɯi.wʌn]
여기요 안녕하세요,8,[jʌ.ki.jo.an.njʌŋ.ha.se.jo],[jʌ.gi.jo.an.njʌŋ.ha.se.jo]
더 컸을,8,[tʌ.kʰʌt̚.ɯl],[dʌ.kʰʌt̚.ɯl]
your other,8,,
여기인 것,8,[jʌ.ki.iŋ.kʌt̚],[jʌ.gi.in.gʌt̚]
여기일 거야,8,[jʌ.ki.il.kʌ.ja],[jʌ.gi.il.gʌ.ja]
없어 But,8,[ʌp̚.ʌ],[ʌp̚.ʌ]
조나단 팽본,8,[tʃo.na.tam.pʰɛm.pon],[dʒo.na.dam.pʰɛŋ.bon]
도와줘요 누가,8,[to.wa.tʃwʌ.jo.nu.ka],[do.wa.dʒwʌ.jo.nu.ga]
도와줘요 맙소사,8,[to.wa.tʃwʌ.jo.map̚.so.sa],[do.wa.dʒwʌ.jo.map̚.so.sa]
도와줘요 안,8,[to.wa.tʃwʌ.jo.an],[do.wa.dʒwʌ.jo.an]
여기지 않아요,8,[jʌ.ki.tʃi.an.a.jo],[jʌ.gi.dʒi.an.a.jo]
여긴 SF,8,[jʌ.kin],[jʌ.gin]
도와줘요 왜,8,[to.wa.tʃwʌ.jo.wɛ],[do.wa.dʒwʌ.jo.wɛ]
여긴 거의,8,[jʌ.kiŋ.kʌ.ɯi],[jʌ.gin.gʌ.ɯi]
도와줘요 전,8,[to.wa.tʃwʌ.jo.tʃʌn],[do.wa.dʒwʌ.jo.dʒʌn]
도와줘요 제가,8,[to.wa.tʃwʌ.jo.tʃe.ka],[do.wa.dʒwʌ.jo.dʒe.ga]
여긴 꽃이 없는데,8,[jʌ.kiŋ.k͈ot̚.i.ʌp̚.nɯn.te],[jʌ.giŋ.k͈ot̚.i.ʌp̚.nɯn.te]
여긴 꽃이 없는데 그대밖에,8,[jʌ.kiŋ.k͈ot̚.i.ʌp̚.nɯn.te.kɯ.tɛ.pak̚.e],[jʌ.giŋ.k͈ot̚.i.ʌp̚.nɯn.te.gɯ.dɛ.bak̚.e]
거잖아 그거,8,[kʌ.tʃan.a.kɯ.kʌ],[gʌ.dʒan.a.gɯ.gʌ]
도와줬어요 그,8,[to.wa.tʃwʌt̚.ʌ.jo.kɯ],[do.wa.dʒwʌt̚.ʌ.jo.gɯ]
여긴 내 영역이야,8,[jʌ.kin.nɛ.jʌŋ.jʌk̚.i.ja],[jʌ.gin.nɛ.jʌŋ.jʌk̚.i.ja]
조디악 킬러,8,[tʃo.ti.ak̚.kʰil.ɾʌ],[dʒo.di.ak̚.kʰil.ɾʌ]
여긴 내 집인데,8,[jʌ.kin.nɛ.tʃip̚.in.te],[jʌ.gin.nɛ.dʒip̚.in.te]
여긴 내 집이야 썩,8,[jʌ.kin.nɛ.tʃip̚.i.ja.s͈ʌk̚],[jʌ.gin.nɛ.dʒip̚.i.ja.s͈ʌk̚]
도와줬을 때,8,[to.wa.tʃwʌt̚.ɯl.t͈ɛ],[do.wa.dʒwʌt̚.ɯl.t͈ɛ]
도와줬을 뿐이야,8,[to.wa.tʃwʌt̚.ɯl.p͈un.i.ja],[do.wa.dʒwʌt̚.ɯl.p͈un.i.ja]
도왔던 것처럼,8,[to.wat̚.tʌŋ.kʌt̚.tʃʰʌ.ɾʌm],[do.wat̚.tʌn.gʌt̚.tʃʰʌ.ɾʌm]
여긴 네 집이 아냐,8,[jʌ.kin.ne.tʃip̚.i.a.nja],[jʌ.gin.ne.dʒip̚.i.a.nja]
도우려 했던,8,[to.u.ɾjʌ.hɛt̚.tʌn],[do.u.ɾjʌ.hɛt̚.tʌn]
여긴 모든 게,8,[jʌ.kin.mo.tɯŋ.ke],[jʌ.gin.mo.dɯn.ge]
도우려 했을,8,[to.u.ɾjʌ.hɛt̚.ɯl],[do.u.ɾjʌ.hɛt̚.ɯl]
그런 질문을 하는,8,[kɯ.ɾʌn.tʃil.mun.ɯl.ha.nɯn],[gɯ.ɾʌn.dʒil.mun.ɯl.ha.nɯn]
여긴 무슨 일로 왔어,8,[jʌ.kin.mu.sɯn.il.ɾo.wat̚.ʌ],[jʌ.gin.mu.sɯn.il.ɾo.wat̚.ʌ]
도우려고 그런 거야,8,[to.u.ɾjʌ.ko.kɯ.ɾʌŋ.kʌ.ja],[do.u.ɾjʌ.go.gɯ.ɾʌn.gʌ.ja]
여긴 무슨 일인가,8,[jʌ.kin.mu.sɯn.il.iŋ.ka],[jʌ.gin.mu.sɯn.il.iŋ.ka]
your point,8,,
여긴 뭐 하는 곳이죠,8,[jʌ.kin.mwʌ.ha.nɯŋ.kot̚.i.tʃjo],[jʌ.gin.mwʌ.ha.nɯn.got̚.i.dʒjo]
도우려고 하는데,8,[to.u.ɾjʌ.ko.ha.nɯn.te],[do.u.ɾjʌ.go.ha.nɯn.te]
그런 짐을,8,[kɯ.ɾʌn.tʃim.ɯl],[gɯ.ɾʌn.dʒim.ɯl]
도우려고 한 거야,8,[to.u.ɾjʌ.ko.haŋ.kʌ.ja],[do.u.ɾjʌ.go.han.gʌ.ja]
여긴 버지니아 진 구조,8,[jʌ.kim.pʌ.tʃi.ni.a.tʃiŋ.ku.tʃo],[jʌ.gin.bʌ.dʒi.ni.a.dʒin.gu.dʒo]
여긴 버지니아 진,8,[jʌ.kim.pʌ.tʃi.ni.a.tʃin],[jʌ.gin.bʌ.dʒi.ni.a.dʒin]
여긴 범죄 현장이야,8,[jʌ.kim.pʌn.tʃwe.hjʌn.tʃaŋ.i.ja],[jʌ.gin.bʌn.tʃwe.hjʌn.tʃaŋ.i.ja]
도우려고 했지만,8,[to.u.ɾjʌ.ko.hɛt̚.tʃi.man],[do.u.ɾjʌ.go.hɛt̚.tʃi.man]
도우려는 거에요,8,[to.u.ɾjʌ.nɯŋ.kʌ.e.jo],[do.u.ɾjʌ.nɯn.gʌ.e.jo]
your problem,8,,
도우려는 거죠,8,[to.u.ɾjʌ.nɯŋ.kʌ.tʃjo],[do.u.ɾjʌ.nɯn.gʌ.dʒjo]
여긴 샌프란시스코,8,[jʌ.kin.sɛm.pʰɯ.ɾan.si.sɯ.kʰo],[jʌ.gin.sɛm.pʰɯ.ɾan.si.sɯ.kʰo]
도우려던 거였어,8,[to.u.ɾjʌ.tʌŋ.kʌ.jʌt̚.ʌ],[do.u.ɾjʌ.dʌn.gʌ.jʌt̚.ʌ]
도우려던 거예요,8,[to.u.ɾjʌ.tʌŋ.kʌ.je.jo],[do.u.ɾjʌ.dʌn.gʌ.je.jo]
조막만 한,8,[tʃo.mak̚.man.han],[dʒo.mak̚.man.han]
그런 짓 절대 안,8,[kɯ.ɾʌn.tʃit̚.tʃʌl.tɛ.an],[gɯ.ɾʌn.dʒit̚.dʒʌl.tɛ.an]
도우면 될까요,8,[to.u.mjʌn.twel.k͈a.jo],[do.u.mjʌn.dwel.k͈a.jo]
여긴 안전할 거예요,8,[jʌ.kin.an.tʃʌn.hal.kʌ.je.jo],[jʌ.gin.an.tʃʌn.hal.gʌ.je.jo]
여긴 알파,8,[jʌ.kin.al.pʰa],[jʌ.gin.al.pʰa]
도운 것처럼,8,[to.uŋ.kʌt̚.tʃʰʌ.ɾʌm],[do.un.gʌt̚.tʃʰʌ.ɾʌm]
여긴 어떻게 오셨죠,8,[jʌ.kin.ʌ.t͈ʌt̚.ke.o.sjʌt̚.tʃjo],[jʌ.gin.ʌ.t͈ʌt̚.ke.o.sjʌt̚.tʃjo]
여긴 어쩐 일이시죠,8,[jʌ.kin.ʌ.tʃ͈ʌn.il.i.si.tʃjo],[jʌ.gin.ʌ.tʃ͈ʌn.il.i.si.dʒjo]
도울 거라,8,[to.ul.kʌ.ɾa],[do.ul.gʌ.ɾa]
도울 거면,8,[to.ul.kʌ.mjʌn],[do.ul.gʌ.mjʌn]
여긴 언제,8,[jʌ.kin.ʌn.tʃe],[jʌ.gin.ʌn.tʃe]
없어 결코 얻을 수,8,[ʌp̚.ʌ.kjʌl.kʰo.ʌt̚.ɯl.su],[ʌp̚.ʌ.gjʌl.kʰo.ʌt̚.ɯl.su]
패티 내가,8,[pʰɛ.tʰi.nɛ.ka],[pʰɛ.tʰi.nɛ.ga]
그런 짓을 왜 해요,8,[kɯ.ɾʌn.tʃit̚.ɯl.wɛ.hɛ.jo],[gɯ.ɾʌn.dʒit̚.ɯl.wɛ.hɛ.jo]
여긴 완벽한,8,[jʌ.kin.wam.pjʌk̚.han],[jʌ.gin.wam.pjʌk̚.han]
여긴 완벽해,8,[jʌ.kin.wam.pjʌk̚.hɛ],[jʌ.gin.wam.pjʌk̚.hɛ]
그런 짓을 저지른,8,[kɯ.ɾʌn.tʃit̚.ɯl.tʃʌ.tʃi.ɾɯn],[gɯ.ɾʌn.dʒit̚.ɯl.dʒʌ.dʒi.ɾɯn]
그런 짓을 하게,8,[kɯ.ɾʌn.tʃit̚.ɯl.ha.ke],[gɯ.ɾʌn.dʒit̚.ɯl.ha.ge]
도울 때,8,[to.ul.t͈ɛ],[do.ul.t͈ɛ]
거잖아 다들,8,[kʌ.tʃan.a.ta.tɯl],[gʌ.dʒan.a.da.dɯl]
도울 방법이 없어,8,[to.ul.pam.pʌp̚.i.ʌp̚.ʌ],[do.ul.baŋ.bʌp̚.i.ʌp̚.ʌ]
여긴 우리한테,8,[jʌ.kin.u.ɾi.han.tʰe],[jʌ.gin.u.ɾi.han.tʰe]
도울 생각이,8,[to.ul.sɛŋ.kak̚.i],[do.ul.sɛŋ.gak̚.i]
you son of,8,,
여긴 웬일이오,8,[jʌ.kin.wen.il.i.o],[jʌ.gin.wen.il.i.o]
거잖아 더,8,[kʌ.tʃan.a.tʌ],[gʌ.dʒan.a.dʌ]
그 씨앗을,8,[kɯ.s͈i.at̚.ɯl],[gɯ.s͈i.at̚.ɯl]
도울 수 있고,8,[to.ul.su.it̚.ko],[do.ul.su.it̚.ko]
조사 다,8,[tʃo.sa.ta],[dʒo.sa.da]
그런 짓을 한 건,8,[kɯ.ɾʌn.tʃit̚.ɯl.haŋ.kʌn],[gɯ.ɾʌn.dʒit̚.ɯl.han.gʌn]
you son of a,8,,
여긴 존,8,[jʌ.kin.tʃon],[jʌ.gin.dʒon]
여긴 좋은 곳이잖아요,8,[jʌ.kin.tʃot̚.ɯŋ.kot̚.i.tʃan.a.jo],[jʌ.gin.dʒot̚.ɯn.got̚.i.dʒan.a.jo]
거잖아 모든,8,[kʌ.tʃan.a.mo.tɯn],[gʌ.dʒan.a.mo.dɯn]
여긴 지금,8,[jʌ.kin.tʃi.kɯm],[jʌ.gin.dʒi.gɯm]
여긴 타워,8,[jʌ.kin.tʰa.wʌ],[jʌ.gin.tʰa.wʌ]
거잖아 뭐가,8,[kʌ.tʃan.a.mwʌ.ka],[gʌ.dʒan.a.mwʌ.ga]
여긴 학교예요,8,[jʌ.kin.hak̚.kjo.je.jo],[jʌ.gin.hak̚.kjo.je.jo]
여긴 현실이야,8,[jʌ.kin.hjʌn.sil.i.ja],[jʌ.gin.hjʌn.sil.i.ja]
그런 짓을 할까요,8,[kɯ.ɾʌn.tʃit̚.ɯl.hal.k͈a.jo],[gɯ.ɾʌn.dʒit̚.ɯl.hal.k͈a.jo]
도울 수 있었다,8,[to.ul.su.it̚.ʌt̚.ta],[do.ul.su.it̚.ʌt̚.ta]
여길 겁니다,8,[jʌ.kil.kʌp̚.ni.ta],[jʌ.gil.gʌp̚.ni.da]
여길 꽉,8,[jʌ.kil.k͈wak̚],[jʌ.gil.k͈wak̚]
여길 나갈 때,8,[jʌ.kil.la.kal.t͈ɛ],[jʌ.gil.la.gal.t͈ɛ]
거잖아 뭘,8,[kʌ.tʃan.a.mwʌl],[gʌ.dʒan.a.mwʌl]
여길 더,8,[jʌ.kil.tʌ],[jʌ.gil.dʌ]
여길 떠나는 게,8,[jʌ.kil.t͈ʌ.na.nɯŋ.ke],[jʌ.gil.t͈ʌ.na.nɯn.ge]
조사 중이래요,8,[tʃo.sa.tʃuŋ.i.ɾɛ.jo],[dʒo.sa.dʒuŋ.i.ɾɛ.jo]
여길 떠나세요,8,[jʌ.kil.t͈ʌ.na.se.jo],[jʌ.gil.t͈ʌ.na.se.jo]
여길 떠나요,8,[jʌ.kil.t͈ʌ.na.jo],[jʌ.gil.t͈ʌ.na.jo]
도울 수 있지만,8,[to.ul.su.it̚.tʃi.man],[do.ul.su.it̚.tʃi.man]
그런 짓을 했다는 걸,8,[kɯ.ɾʌn.tʃit̚.ɯl.hɛt̚.ta.nɯŋ.kʌl],[gɯ.ɾʌn.dʒit̚.ɯl.hɛt̚.ta.nɯn.gʌl]
도울 수도 있다고,8,[to.ul.su.to.it̚.ta.ko],[do.ul.su.do.it̚.ta.go]
거잖아 아니면,8,[kʌ.tʃan.a.a.ni.mjʌn],[gʌ.dʒan.a.a.ni.mjʌn]
여길 떠야 돼,8,[jʌ.kil.t͈ʌ.ja.twɛ],[jʌ.gil.t͈ʌ.ja.dwɛ]
그런 짓을 했으니,8,[kɯ.ɾʌn.tʃit̚.ɯl.hɛt̚.ɯ.ni],[gɯ.ɾʌn.dʒit̚.ɯl.hɛt̚.ɯ.ni]
도울 의무가,8,[to.ul.ɯi.mu.ka],[do.ul.ɯi.mu.ga]
도울 이유가,8,[to.ul.i.ju.ka],[do.ul.i.ju.ga]
그런 짓을 했지,8,[kɯ.ɾʌn.tʃit̚.ɯl.hɛt̚.tʃi],[gɯ.ɾʌn.dʒit̚.ɯl.hɛt̚.tʃi]
도울 일은 없어,8,[to.ul.il.ɯn.ʌp̚.ʌ],[do.ul.il.ɯn.ʌp̚.ʌ]
여길 벗어나자,8,[jʌ.kil.pʌt̚.ʌ.na.tʃa],[jʌ.gil.bʌt̚.ʌ.na.dʒa]
여길 벗어나요,8,[jʌ.kil.pʌt̚.ʌ.na.jo],[jʌ.gil.bʌt̚.ʌ.na.jo]
hard time,8,,
도울 일이 있나요,8,[to.ul.il.i.it̚.na.jo],[do.ul.il.i.it̚.na.jo]
여길 빠져나가야 돼,8,[jʌ.kil.p͈a.tʃjʌ.na.ka.ja.twɛ],[jʌ.gil.p͈a.dʒjʌ.na.ga.ja.dwɛ]
여길 빠져나가자,8,[jʌ.kil.p͈a.tʃjʌ.na.ka.tʃa],[jʌ.gil.p͈a.dʒjʌ.na.ga.dʒa]
여길 샅샅이,8,[jʌ.kil.sat̚.sat̚.i],[jʌ.gil.sat̚.sat̚.i]
그런 차를,8,[kɯ.ɾʌn.tʃʰa.ɾɯl],[gɯ.ɾʌn.tʃʰa.ɾɯl]
도울 필요,8,[to.ul.pʰil.jo],[do.ul.pʰil.jo]
여길 온 거야,8,[jʌ.kil.oŋ.kʌ.ja],[jʌ.gil.on.gʌ.ja]
그런 책을,8,[kɯ.ɾʌn.tʃʰɛk̚.ɯl],[gɯ.ɾʌn.tʃʰɛk̚.ɯl]
your stupid,8,,
그런 척 하지,8,[kɯ.ɾʌn.tʃʰʌk̚.ha.tʃi],[gɯ.ɾʌn.tʃʰʌk̚.ha.dʒi]
여길 지나갈,8,[jʌ.kil.tʃi.na.kal],[jʌ.gil.dʒi.na.gal]
거잖아 엄마,8,[kʌ.tʃan.a.ʌm.ma],[gʌ.dʒan.a.ʌm.ma]
조사를 좀 해봤죠,8,[tʃo.sa.ɾɯl.tʃom.hɛ.pwat̚.tʃjo],[dʒo.sa.ɾɯl.dʒom.hɛ.bwat̚.tʃjo]
그런 척 할,8,[kɯ.ɾʌn.tʃʰʌk̚.hal],[gɯ.ɾʌn.tʃʰʌk̚.hal]
여길까 봐,8,[jʌ.kil.k͈a.pwa],[jʌ.gil.k͈a.bwa]
도움 되는 게,8,[to.un.twe.nɯŋ.ke],[do.um.dwe.nɯn.ge]
그런 척한,8,[kɯ.ɾʌn.tʃʰʌk̚.han],[gɯ.ɾʌn.tʃʰʌk̚.han]
여깄는 줄,8,[jʌ.kit̚.nɯn.tʃul],[jʌ.git̚.nɯn.dʒul]
그런 천박한,8,[kɯ.ɾʌn.tʃʰʌm.pak̚.han],[gɯ.ɾʌn.tʃʰʌm.pak̚.han]
그런 추잡한,8,[kɯ.ɾʌn.tʃʰu.tʃap̚.han],[gɯ.ɾʌn.tʃʰu.dʒap̚.han]
여는 것도,8,[jʌ.nɯŋ.kʌt̚.to],[jʌ.nɯn.gʌt̚.to]
여는 게 좋을 거야,8,[jʌ.nɯŋ.ke.tʃot̚.ɯl.kʌ.ja],[jʌ.nɯn.ge.dʒot̚.ɯl.gʌ.ja]
조사를 했을,8,[tʃo.sa.ɾɯl.hɛt̚.ɯl],[dʒo.sa.ɾɯl.hɛt̚.ɯl]
여덟 둘,8,[jʌ.tʌl.tul],[jʌ.dʌl.dul]
여덟 마리,8,[jʌ.tʌl.ma.ɾi],[jʌ.dʌl.ma.ɾi]
도움 안돼,8,[to.um.an.twɛ],[do.um.an.twɛ]
조사에 협조해,8,[tʃo.sa.e.hjʌp̚.tʃo.hɛ],[dʒo.sa.e.hjʌp̚.tʃo.hɛ]
hard work,8,,
ask me to,8,,
여동생 집에,8,[jʌ.toŋ.sɛŋ.tʃip̚.e],[jʌ.doŋ.sɛŋ.dʒip̚.e]
도움 필요없어,8,[to.um.pʰil.jo.ʌp̚.ʌ],[do.um.pʰil.jo.ʌp̚.ʌ]
여러 가지 의미로,8,[jʌ.ɾʌ.ka.tʃi.ɯi.mi.ɾo],[jʌ.ɾʌ.ga.dʒi.ɯi.mi.ɾo]
도움 필요하세요,8,[to.um.pʰil.jo.ha.se.jo],[do.um.pʰil.jo.ha.se.jo]
거잖아 이미,8,[kʌ.tʃan.a.i.mi],[gʌ.dʒan.a.i.mi]
그런 특별한,8,[kɯ.ɾʌn.tʰɯk̚.pjʌl.han],[gɯ.ɾʌn.tʰɯk̚.pjʌl.han]
더 탈,8,[tʌ.tʰal],[dʌ.tʰal]
도움도 받을,8,[to.un.to.pat̚.ɯl],[do.un.to.bat̚.ɯl]
거잖아 자기,8,[kʌ.tʃan.a.tʃa.ki],[gʌ.dʒan.a.dʒa.gi]
여러 나라를,8,[jʌ.ɾʌ.na.ɾa.ɾɯl],[jʌ.ɾʌ.na.ɾa.ɾɯl]
도움도 안 된다고,8,[to.un.to.an.twen.ta.ko],[do.un.to.an.dwen.ta.go]
여러 대의,8,[jʌ.ɾʌ.tɛ.ɯi],[jʌ.ɾʌ.dɛ.ɯi]
조사하러 온,8,[tʃo.sa.ha.ɾʌ.on],[dʒo.sa.ha.ɾʌ.on]
모빌슈트 부대,8,[mo.pil.sju.tʰɯ.pu.tɛ],[mo.bil.sju.tʰɯ.bu.dɛ]
거잖아 제발,8,[kʌ.tʃan.a.tʃe.pal],[gʌ.dʒan.a.dʒe.bal]
조사한 걸,8,[tʃo.sa.haŋ.kʌl],[dʒo.sa.han.gʌl]
여러 번 말했잖아,8,[jʌ.ɾʌ.pʌn.mal.hɛt̚.tʃan.a],[jʌ.ɾʌ.bʌn.mal.hɛt̚.tʃan.a]
거잖아 좋아,8,[kʌ.tʃan.a.tʃot̚.a],[gʌ.dʒan.a.dʒot̚.a]
도움은 되겠지만,8,[to.um.ɯn.twe.ket̚.tʃi.man],[do.um.ɯn.dwe.get̚.tʃi.man]
여러 여자를,8,[jʌ.ɾʌ.jʌ.tʃa.ɾɯl],[jʌ.ɾʌ.jʌ.dʒa.ɾɯl]
도움은 안 되겠지만,8,[to.um.ɯn.an.twe.ket̚.tʃi.man],[do.um.ɯn.an.dwe.get̚.tʃi.man]
도움을 구하고,8,[to.um.ɯl.ku.ha.ko],[do.um.ɯl.gu.ha.go]
여러 차례의,8,[jʌ.ɾʌ.tʃʰa.ɾje.ɯi],[jʌ.ɾʌ.tʃʰa.ɾje.ɯi]
세계에서 가장 높은,8,[se.kje.e.sʌ.ka.tʃaŋ.nop̚.ɯn],[se.gje.e.sʌ.ga.dʒaŋ.nop̚.ɯn]
없어 그럼 이제,8,[ʌp̚.ʌ.kɯ.ɾʌm.i.tʃe],[ʌp̚.ʌ.gɯ.ɾʌm.i.dʒe]
도움을 기다리는,8,[to.um.ɯl.ki.ta.ɾi.nɯn],[do.um.ɯl.gi.da.ɾi.nɯn]
여러분 고맙습니다,8,[jʌ.ɾʌ.puŋ.ko.map̚.sɯp̚.ni.ta],[jʌ.ɾʌ.bun.go.map̚.sɯp̚.ni.da]
도움을 많이 받았어요,8,[to.um.ɯl.man.i.pat̚.at̚.ʌ.jo],[do.um.ɯl.man.i.bat̚.at̚.ʌ.jo]
도움을 바라지,8,[to.um.ɯl.pa.ɾa.tʃi],[do.um.ɯl.ba.ɾa.dʒi]
여러분 나,8,[jʌ.ɾʌ.pun.na],[jʌ.ɾʌ.bun.na]
도움을 받고 있어요,8,[to.um.ɯl.pat̚.ko.it̚.ʌ.jo],[do.um.ɯl.bat̚.ko.it̚.ʌ.jo]
도움을 받는 건,8,[to.um.ɯl.pat̚.nɯŋ.kʌn],[do.um.ɯl.bat̚.nɯn.gʌn]
나쁜 짓 하고,8,[na.p͈ɯn.tʃit̚.ha.ko],[na.p͈ɯn.dʒit̚.ha.go]
여러분 덕에,8,[jʌ.ɾʌ.pun.tʌk̚.e],[jʌ.ɾʌ.bun.dʌk̚.e]
여러분 또,8,[jʌ.ɾʌ.pun.t͈o],[jʌ.ɾʌ.bun.t͈o]
도움을 받아야 할 것,8,[to.um.ɯl.pat̚.a.ja.hal.kʌt̚],[do.um.ɯl.bat̚.a.ja.hal.gʌt̚]
여러분 모두의 도움이,8,[jʌ.ɾʌ.pun.mo.tu.ɯi.to.um.i],[jʌ.ɾʌ.bun.mo.du.ɯi.do.um.i]
여러분 무슨,8,[jʌ.ɾʌ.pun.mu.sɯn],[jʌ.ɾʌ.bun.mu.sɯn]
여러분 반갑습니다,8,[jʌ.ɾʌ.pum.paŋ.kap̚.sɯp̚.ni.ta],[jʌ.ɾʌ.bun.baŋ.kap̚.sɯp̚.ni.da]
세계에서 제일 큰,8,[se.kje.e.sʌ.tʃe.il.kʰɯn],[se.gje.e.sʌ.dʒe.il.kʰɯn]
그런 현상이,8,[kɯ.ɾʌn.hjʌn.saŋ.i],[gɯ.ɾʌn.hjʌn.saŋ.i]
도움을 받을 수 있어요,8,[to.um.ɯl.pat̚.ɯl.su.it̚.ʌ.jo],[do.um.ɯl.bat̚.ɯl.su.it̚.ʌ.jo]
거잖아요 그런데,8,[kʌ.tʃan.a.jo.kɯ.ɾʌn.te],[gʌ.dʒan.a.jo.gɯ.ɾʌn.te]
여러분 여기서,8,[jʌ.ɾʌ.pun.jʌ.ki.sʌ],[jʌ.ɾʌ.bun.jʌ.gi.sʌ]
여러분 여러분이,8,[jʌ.ɾʌ.pun.jʌ.ɾʌ.pun.i],[jʌ.ɾʌ.bun.jʌ.ɾʌ.bun.i]
그런 호의를,8,[kɯ.ɾʌn.ho.ɯi.ɾɯl],[gɯ.ɾʌn.ho.ɯi.ɾɯl]
여러분 와주셔서,8,[jʌ.ɾʌ.pun.wa.tʃu.sjʌ.sʌ],[jʌ.ɾʌ.bun.wa.dʒu.sjʌ.sʌ]
도움을 요청하기,8,[to.um.ɯl.jo.tʃʰʌŋ.ha.ki],[do.um.ɯl.jo.tʃʰʌŋ.ha.gi]
거잖아요 그렇지,8,[kʌ.tʃan.a.jo.kɯ.ɾʌt̚.tʃi],[gʌ.dʒan.a.jo.gɯ.ɾʌt̚.tʃi]
여러분 자,8,[jʌ.ɾʌ.pun.tʃa],[jʌ.ɾʌ.bun.dʒa]
여러분 자신을,8,[jʌ.ɾʌ.pun.tʃa.sin.ɯl],[jʌ.ɾʌ.bun.dʒa.sin.ɯl]
여러분 잠시만,8,[jʌ.ɾʌ.pun.tʃam.si.man],[jʌ.ɾʌ.bun.dʒam.si.man]
도움을 요청한다,8,[to.um.ɯl.jo.tʃʰʌŋ.han.ta],[do.um.ɯl.jo.tʃʰʌŋ.han.ta]
여러분 저희는,8,[jʌ.ɾʌ.pun.tʃʌ.hɯi.nɯn],[jʌ.ɾʌ.bun.dʒʌ.hɯi.nɯn]
없어 나는 그것을,8,[ʌp̚.ʌ.na.nɯŋ.kɯ.kʌt̚.ɯl],[ʌp̚.ʌ.na.nɯn.gɯ.gʌt̚.ɯl]
여러분 제 이름은,8,[jʌ.ɾʌ.pun.tʃe.i.ɾɯm.ɯn],[jʌ.ɾʌ.bun.dʒe.i.ɾɯm.ɯn]
여러분 조용히 해 주세요,8,[jʌ.ɾʌ.pun.tʃo.joŋ.hi.hɛ.tʃu.se.jo],[jʌ.ɾʌ.bun.dʒo.joŋ.hi.hɛ.dʒu.se.jo]
도움을 요청했습니다,8,[to.um.ɯl.jo.tʃʰʌŋ.hɛt̚.sɯp̚.ni.ta],[do.um.ɯl.jo.tʃʰʌŋ.hɛt̚.sɯp̚.ni.da]
도움을 원하면,8,[to.um.ɯl.wʌn.ha.mjʌn],[do.um.ɯl.wʌn.ha.mjʌn]
여러분 편이기를,8,[jʌ.ɾʌ.pum.pʰjʌn.i.ki.ɾɯl],[jʌ.ɾʌ.bum.pʰjʌn.i.gi.ɾɯl]
여러분과 이,8,[jʌ.ɾʌ.puŋ.kwa.i],[jʌ.ɾʌ.buŋ.kwa.i]
GPS 위치를,8,[wi.tʃʰi.ɾɯl],[wi.tʃʰi.ɾɯl]
여러분들 앞에서,8,[jʌ.ɾʌ.pun.tɯl.ap̚.e.sʌ],[jʌ.ɾʌ.bun.tɯl.ap̚.e.sʌ]
거잖아요 당신,8,[kʌ.tʃan.a.jo.taŋ.sin],[gʌ.dʒan.a.jo.daŋ.sin]
여러분들을 위한,8,[jʌ.ɾʌ.pun.tɯl.ɯl.wi.han],[jʌ.ɾʌ.bun.tɯl.ɯl.wi.han]
조심성 있는,8,[tʃo.sim.sʌŋ.it̚.nɯn],[dʒo.sim.sʌŋ.it̚.nɯn]
거잖아요 당신이,8,[kʌ.tʃan.a.jo.taŋ.sin.i],[gʌ.dʒan.a.jo.daŋ.sin.i]
yours now,8,,
도움을 청하기 위해,8,[to.um.ɯl.tʃʰʌŋ.ha.ki.wi.hɛ],[do.um.ɯl.tʃʰʌŋ.ha.gi.wi.hɛ]
여러분은 오늘,8,[jʌ.ɾʌ.pun.ɯn.o.nɯl],[jʌ.ɾʌ.bun.ɯn.o.nɯl]
없어 난 속일,8,[ʌp̚.ʌ.nan.sok̚.il],[ʌp̚.ʌ.nan.sok̚.il]
그런거 몰라,8,[kɯ.ɾʌŋ.kʌ.mol.ɾa],[gɯ.ɾʌŋ.kʌ.mol.ɾa]
여러분을 기다리고,8,[jʌ.ɾʌ.pun.ɯl.ki.ta.ɾi.ko],[jʌ.ɾʌ.bun.ɯl.gi.da.ɾi.go]
도움을 청했고,8,[to.um.ɯl.tʃʰʌŋ.hɛt̚.ko],[do.um.ɯl.tʃʰʌŋ.hɛt̚.ko]
도움을 청했을,8,[to.um.ɯl.tʃʰʌŋ.hɛt̚.ɯl],[do.um.ɯl.tʃʰʌŋ.hɛt̚.ɯl]
여러분의 생각을,8,[jʌ.ɾʌ.pun.ɯi.sɛŋ.kak̚.ɯl],[jʌ.ɾʌ.bun.ɯi.sɛŋ.gak̚.ɯl]
여러분의 인생을,8,[jʌ.ɾʌ.pun.ɯi.in.sɛŋ.ɯl],[jʌ.ɾʌ.bun.ɯi.in.sɛŋ.ɯl]
나쁜 짓을 했다는,8,[na.p͈ɯn.tʃit̚.ɯl.hɛt̚.ta.nɯn],[na.p͈ɯn.dʒit̚.ɯl.hɛt̚.ta.nɯn]
도움의 손길이 오고,8,[to.um.ɯi.soŋ.kil.i.o.ko],[do.um.ɯi.soŋ.kil.i.o.go]
그런거 전혀,8,[kɯ.ɾʌŋ.kʌ.tʃʌn.hjʌ],[gɯ.ɾʌŋ.kʌ.dʒʌn.hjʌ]
조심해 날,8,[tʃo.sim.hɛ.nal],[dʒo.sim.hɛ.nal]
없어 내 사랑을,8,[ʌp̚.ʌ.nɛ.sa.ɾaŋ.ɯl],[ʌp̚.ʌ.nɛ.sa.ɾaŋ.ɯl]
없어 내 생각엔,8,[ʌp̚.ʌ.nɛ.sɛŋ.kak̚.en],[ʌp̚.ʌ.nɛ.sɛŋ.gak̚.en]
도움이 됐는지,8,[to.um.i.twɛt̚.nɯn.tʃi],[do.um.i.dwɛt̚.nɯn.tʃi]
여론이 안,8,[jʌ.ɾon.i.an],[jʌ.ɾon.i.an]
여름 가을,8,[jʌ.ɾɯm.ka.ɯl],[jʌ.ɾɯm.ga.ɯl]
조심해 어서,8,[tʃo.sim.hɛ.ʌ.sʌ],[dʒo.sim.hɛ.ʌ.sʌ]
여름 잘,8,[jʌ.ɾɯn.tʃal],[jʌ.ɾɯm.dʒal]
조심해 알았어요,8,[tʃo.sim.hɛ.al.at̚.ʌ.jo],[dʒo.sim.hɛ.al.at̚.ʌ.jo]
거잖아요 이제,8,[kʌ.tʃan.a.jo.i.tʃe],[gʌ.dʒan.a.jo.i.dʒe]
없어 내가 도와줄게,8,[ʌp̚.ʌ.nɛ.ka.to.wa.tʃul.ke],[ʌp̚.ʌ.nɛ.ga.do.wa.dʒul.ke]
여름을 보내곤,8,[jʌ.ɾɯm.ɯl.po.nɛ.kon],[jʌ.ɾɯm.ɯl.bo.nɛ.gon]
여름을 함께,8,[jʌ.ɾɯm.ɯl.ham.k͈e],[jʌ.ɾɯm.ɯl.ham.k͈e]
여름이 끝나면,8,[jʌ.ɾɯm.i.k͈ɯt̚.na.mjʌn],[jʌ.ɾɯm.i.k͈ɯt̚.na.mjʌn]
you stronger,8,,
여보 또,8,[jʌ.po.t͈o],[jʌ.bo.t͈o]
여보 미안,8,[jʌ.po.mi.an],[jʌ.bo.mi.an]
없어 내가 있잖아,8,[ʌp̚.ʌ.nɛ.ka.it̚.tʃan.a],[ʌp̚.ʌ.nɛ.ga.it̚.tʃan.a]
그런게 바로,8,[kɯ.ɾʌŋ.ke.pa.ɾo],[gɯ.ɾʌŋ.ke.ba.ɾo]
여보 여기,8,[jʌ.po.jʌ.ki],[jʌ.bo.jʌ.gi]
여보 영감,8,[jʌ.po.jʌŋ.kam],[jʌ.bo.jʌŋ.gam]
도움이 되니까,8,[to.um.i.twe.ni.k͈a],[do.um.i.dwe.ni.k͈a]
도움이 되니까요,8,[to.um.i.twe.ni.k͈a.jo],[do.um.i.dwe.ni.k͈a.jo]
도움이 되던가요,8,[to.um.i.twe.tʌŋ.ka.jo],[do.um.i.dwe.dʌŋ.ka.jo]
여보세요 나,8,[jʌ.po.se.jo.na],[jʌ.bo.se.jo.na]
여보세요 난,8,[jʌ.po.se.jo.nan],[jʌ.bo.se.jo.nan]
여보세요 나예요,8,[jʌ.po.se.jo.na.je.jo],[jʌ.bo.se.jo.na.je.jo]
여보세요 무슨,8,[jʌ.po.se.jo.mu.sɯn],[jʌ.bo.se.jo.mu.sɯn]
여보세요 아뇨,8,[jʌ.po.se.jo.a.njo],[jʌ.bo.se.jo.a.njo]
여보세요 야,8,[jʌ.po.se.jo.ja],[jʌ.bo.se.jo.ja]
여보세요 오,8,[jʌ.po.se.jo.o],[jʌ.bo.se.jo.o]
여보세요 우리,8,[jʌ.po.se.jo.u.ɾi],[jʌ.bo.se.jo.u.ɾi]
여보세요 저기,8,[jʌ.po.se.jo.tʃʌ.ki],[jʌ.bo.se.jo.dʒʌ.gi]
그런다고 내,8,[kɯ.ɾʌn.ta.ko.nɛ],[gɯ.ɾʌn.ta.go.nɛ]
여부를 결정할,8,[jʌ.pu.ɾɯl.kjʌl.tʃʌŋ.hal],[jʌ.bu.ɾɯl.gjʌl.tʃʌŋ.hal]
도움이 되지만,8,[to.um.i.twe.tʃi.man],[do.um.i.dwe.dʒi.man]
여부에 상관없이,8,[jʌ.pu.e.saŋ.kwan.ʌp̚.i],[jʌ.bu.e.saŋ.gwan.ʌp̚.i]
여부와 상관없이,8,[jʌ.pu.wa.saŋ.kwan.ʌp̚.i],[jʌ.bu.wa.saŋ.gwan.ʌp̚.i]
여사님 lrm,8,[jʌ.sa.nim],[jʌ.sa.nim]
도움이 된다고 생각해,8,[to.um.i.twen.ta.ko.sɛŋ.kak̚.hɛ],[do.um.i.dwen.ta.go.sɛŋ.gak̚.hɛ]
도움이 된다고요,8,[to.um.i.twen.ta.ko.jo],[do.um.i.dwen.ta.go.jo]
도움이 된다는 거야,8,[to.um.i.twen.ta.nɯŋ.kʌ.ja],[do.um.i.dwen.ta.nɯn.gʌ.ja]
조심해요 알았어요,8,[tʃo.sim.hɛ.jo.al.at̚.ʌ.jo],[dʒo.sim.hɛ.jo.al.at̚.ʌ.jo]
여생을 보내는,8,[jʌ.sɛŋ.ɯl.po.nɛ.nɯn],[jʌ.sɛŋ.ɯl.bo.nɛ.nɯn]
도움이 된대요,8,[to.um.i.twen.tɛ.jo],[do.um.i.dwen.tɛ.jo]
조심해요 천천히,8,[tʃo.sim.hɛ.jo.tʃʰʌn.tʃʰʌn.hi],[dʒo.sim.hɛ.jo.tʃʰʌn.tʃʰʌn.hi]
방대한 양의,8,[paŋ.tɛ.han.jaŋ.ɯi],[baŋ.dɛ.han.jaŋ.ɯi]
없어 넌 그냥,8,[ʌp̚.ʌ.nʌŋ.kɯ.njaŋ],[ʌp̚.ʌ.nʌn.gɯ.njaŋ]
도움이 될 거고요,8,[to.um.i.twel.kʌ.ko.jo],[do.um.i.dwel.gʌ.go.jo]
거절은 못,8,[kʌ.tʃʌl.ɯn.mot̚],[gʌ.dʒʌl.ɯn.mot̚]
도움이 될 거야 난,8,[to.um.i.twel.kʌ.ja.nan],[do.um.i.dwel.gʌ.ja.nan]
도움이 될 거야 내가,8,[to.um.i.twel.kʌ.ja.nɛ.ka],[do.um.i.dwel.gʌ.ja.nɛ.ga]
그런다고 했잖아,8,[kɯ.ɾʌn.ta.ko.hɛt̚.tʃan.a],[gɯ.ɾʌn.ta.go.hɛt̚.tʃan.a]
여섯 살이에요,8,[jʌ.sʌt̚.sal.i.e.jo],[jʌ.sʌt̚.sal.i.e.jo]
여섯 잔,8,[jʌ.sʌt̚.tʃan],[jʌ.sʌt̚.dʒan]
그런대로 괜찮아,8,[kɯ.ɾʌn.tɛ.ɾo.kwɛn.tʃʰan.a],[gɯ.ɾʌn.tɛ.ɾo.gwɛn.tʃʰan.a]
페랑디 중사,8,[pʰe.ɾaŋ.ti.tʃuŋ.sa],[pʰe.ɾaŋ.di.dʒuŋ.sa]
What in the,8,,
여성 참정권,8,[jʌ.sʌŋ.tʃʰan.tʃʌŋ.kwʌn],[jʌ.sʌŋ.tʃʰan.tʃʌŋ.gwʌn]
여성 피해자는,8,[jʌ.sʌm.pʰi.hɛ.tʃa.nɯn],[jʌ.sʌm.pʰi.hɛ.dʒa.nɯn]
여성들을 위한,8,[jʌ.sʌŋ.tɯl.ɯl.wi.han],[jʌ.sʌŋ.dɯl.ɯl.wi.han]
도움이 될 수 있을까,8,[to.um.i.twel.su.it̚.ɯl.k͈a],[do.um.i.dwel.su.it̚.ɯl.k͈a]
내 거울,8,[nɛ.kʌ.ul],[nɛ.gʌ.ul]
도움이 될 테니,8,[to.um.i.twel.tʰe.ni],[do.um.i.dwel.tʰe.ni]
여성이 더,8,[jʌ.sʌŋ.i.tʌ],[jʌ.sʌŋ.i.dʌ]
여성이 된,8,[jʌ.sʌŋ.i.twen],[jʌ.sʌŋ.i.dwen]
도움이 될거라,8,[to.um.i.twel.kʌ.ɾa],[do.um.i.dwel.kʌ.ɾa]
ᅳ 팅,8,[tʰiŋ],[tʰiŋ]
그런데 경찰은,8,[kɯ.ɾʌn.te.kjʌŋ.tʃʰal.ɯn],[gɯ.ɾʌn.te.gjʌŋ.tʃʰal.ɯn]
여왕 폐하께,8,[jʌ.wam.pʰje.ha.k͈e],[jʌ.wam.pʰje.ha.k͈e]
도움이 될꺼야,8,[to.um.i.twel.k͈ʌ.ja],[do.um.i.dwel.k͈ʌ.ja]
여왕은 마녀가,8,[jʌ.waŋ.ɯn.ma.njʌ.ka],[jʌ.waŋ.ɯn.ma.njʌ.ga]
도움이 될지 몰라요,8,[to.um.i.twel.tʃi.mol.ɾa.jo],[do.um.i.dwel.tʃi.mol.ɾa.jo]
그런데 그 남자가,8,[kɯ.ɾʌn.te.kɯ.nan.tʃa.ka],[gɯ.ɾʌn.te.gɯ.nan.tʃa.ga]
여왕이 날,8,[jʌ.waŋ.i.nal],[jʌ.waŋ.i.nal]
고마워해도 돼,8,[ko.ma.wʌ.hɛ.to.twɛ],[go.ma.wʌ.hɛ.do.dwɛ]
그런데 그 여자,8,[kɯ.ɾʌn.te.kɯ.jʌ.tʃa],[gɯ.ɾʌn.te.gɯ.jʌ.dʒa]
여유가 없다고,8,[jʌ.ju.ka.ʌp̚.ta.ko],[jʌ.ju.ga.ʌp̚.ta.go]
도움이 안 돼 내가,8,[to.um.i.an.twɛ.nɛ.ka],[do.um.i.an.dwɛ.nɛ.ga]
여유가 없을,8,[jʌ.ju.ka.ʌp̚.ɯl],[jʌ.ju.ga.ʌp̚.ɯl]
여유가 있다,8,[jʌ.ju.ka.it̚.ta],[jʌ.ju.ga.it̚.ta]
거절한 적,8,[kʌ.tʃʌl.han.tʃʌk̚],[gʌ.dʒʌl.han.dʒʌk̚]
여유가 있을,8,[jʌ.ju.ka.it̚.ɯl],[jʌ.ju.ga.it̚.ɯl]
여유도 없어,8,[jʌ.ju.to.ʌp̚.ʌ],[jʌ.ju.do.ʌp̚.ʌ]
여유를 가져,8,[jʌ.ju.ɾɯl.ka.tʃjʌ],[jʌ.ju.ɾɯl.ga.dʒjʌ]
본적도 없어요,8,[pon.tʃʌk̚.to.ʌp̚.ʌ.jo],[bon.tʃʌk̚.to.ʌp̚.ʌ.jo]
거절할 걸,8,[kʌ.tʃʌl.hal.kʌl],[gʌ.dʒʌl.hal.gʌl]
여자 가슴에,8,[jʌ.tʃa.ka.sɯm.e],[jʌ.dʒa.ga.sɯm.e]
여자 같네,8,[jʌ.tʃa.kat̚.ne],[jʌ.dʒa.gat̚.ne]
여자 같다,8,[jʌ.tʃa.kat̚.ta],[jʌ.dʒa.gat̚.ta]
あなたのせいで 너 때문에 パリラ,8,[nʌ.t͈ɛ.mun.e],[nʌ.t͈ɛ.mun.e]
여자 같으니라고,8,[jʌ.tʃa.kat̚.ɯ.ni.ɾa.ko],[jʌ.dʒa.gat̚.ɯ.ni.ɾa.go]
여자 같지,8,[jʌ.tʃa.kat̚.tʃi],[jʌ.dʒa.gat̚.tʃi]
없어 더 이상은,8,[ʌp̚.ʌ.tʌ.i.saŋ.ɯn],[ʌp̚.ʌ.dʌ.i.saŋ.ɯn]
도움이 있다면,8,[to.um.i.it̚.ta.mjʌn],[do.um.i.it̚.ta.mjʌn]
도움이 전혀,8,[to.um.i.tʃʌn.hjʌ],[do.um.i.dʒʌn.hjʌ]
도움이 절실히,8,[to.um.i.tʃʌl.sil.hi],[do.um.i.dʒʌl.sil.hi]
도움이 좀 필요한데,8,[to.um.i.tʃom.pʰil.jo.han.te],[do.um.i.dʒom.pʰil.jo.han.te]
거절할 수 있는,8,[kʌ.tʃʌl.hal.su.it̚.nɯn],[gʌ.dʒʌl.hal.su.it̚.nɯn]
여자 누군지,8,[jʌ.tʃa.nu.kun.tʃi],[jʌ.dʒa.nu.gun.tʃi]
여자 당장,8,[jʌ.tʃa.taŋ.tʃaŋ],[jʌ.dʒa.daŋ.dʒaŋ]
여자 대신,8,[jʌ.tʃa.tɛ.sin],[jʌ.dʒa.dɛ.sin]
도움이 필요하겠어요,8,[to.um.i.pʰil.jo.ha.ket̚.ʌ.jo],[do.um.i.pʰil.jo.ha.get̚.ʌ.jo]
여자 뒤를,8,[jʌ.tʃa.twi.ɾɯl],[jʌ.dʒa.dwi.ɾɯl]
여자 때문에 날,8,[jʌ.tʃa.t͈ɛ.mun.e.nal],[jʌ.dʒa.t͈ɛ.mun.e.nal]
여자 때문에요,8,[jʌ.tʃa.t͈ɛ.mun.e.jo],[jʌ.dʒa.t͈ɛ.mun.e.jo]
여자 때문이에요,8,[jʌ.tʃa.t͈ɛ.mun.i.e.jo],[jʌ.dʒa.t͈ɛ.mun.i.e.jo]
여자 만나면,8,[jʌ.tʃa.man.na.mjʌn],[jʌ.dʒa.man.na.mjʌn]
도움이 필요하면 말해,8,[to.um.i.pʰil.jo.ha.mjʌn.mal.hɛ],[do.um.i.pʰil.jo.ha.mjʌn.mal.hɛ]
여자 말대로,8,[jʌ.tʃa.mal.tɛ.ɾo],[jʌ.dʒa.mal.tɛ.ɾo]
What is it that,8,,
거절할까 봐,8,[kʌ.tʃʌl.hal.k͈a.pwa],[gʌ.dʒʌl.hal.k͈a.bwa]
도움이 필요하잖아,8,[to.um.i.pʰil.jo.ha.tʃan.a],[do.um.i.pʰil.jo.ha.dʒan.a]
그런데 난 안,8,[kɯ.ɾʌn.te.nan.an],[gɯ.ɾʌn.te.nan.an]
도움이 필요한 게,8,[to.um.i.pʰil.jo.haŋ.ke],[do.um.i.pʰil.jo.han.ge]
여자 물건,8,[jʌ.tʃa.mul.kʌn],[jʌ.dʒa.mul.kʌn]
거절해야 할 것,8,[kʌ.tʃʌl.hɛ.ja.hal.kʌt̚],[gʌ.dʒʌl.hɛ.ja.hal.gʌt̚]
has that,8,,
도움이 필요할 것 같아요,8,[to.um.i.pʰil.jo.hal.kʌt̚.kat̚.a.jo],[do.um.i.pʰil.jo.hal.gʌt̚.gat̚.a.jo]
그런데 너랑,8,[kɯ.ɾʌn.te.nʌ.ɾaŋ],[gɯ.ɾʌn.te.nʌ.ɾaŋ]
여자 손,8,[jʌ.tʃa.son],[jʌ.dʒa.son]
여자 시체가,8,[jʌ.tʃa.si.tʃʰe.ka],[jʌ.dʒa.si.tʃʰe.ga]
여자 신원을,8,[jʌ.tʃa.sin.wʌn.ɯl],[jʌ.dʒa.sin.wʌn.ɯl]
여자 싫어,8,[jʌ.tʃa.sil.ʌ],[jʌ.dʒa.sil.ʌ]
거죠 같은,8,[kʌ.tʃjo.kat̚.ɯn],[gʌ.dʒjo.gat̚.ɯn]
그런데 넌 누구냐,8,[kɯ.ɾʌn.te.nʌn.nu.ku.nja],[gɯ.ɾʌn.te.nʌn.nu.gu.nja]
여자 애,8,[jʌ.tʃa.ɛ],[jʌ.dʒa.ɛ]
여자 얘기가,8,[jʌ.tʃa.jɛ.ki.ka],[jʌ.dʒa.jɛ.gi.ga]
여자 얘기도,8,[jʌ.tʃa.jɛ.ki.to],[jʌ.dʒa.jɛ.gi.do]
도움이 필요해 무슨,8,[to.um.i.pʰil.jo.hɛ.mu.sɯn],[do.um.i.pʰil.jo.hɛ.mu.sɯn]
도움이 필요해 여기,8,[to.um.i.pʰil.jo.hɛ.jʌ.ki],[do.um.i.pʰil.jo.hɛ.jʌ.gi]
도움이 필요해 이봐,8,[to.um.i.pʰil.jo.hɛ.i.pwa],[do.um.i.pʰil.jo.hɛ.i.bwa]
도움이 필요해요 그,8,[to.um.i.pʰil.jo.hɛ.jo.kɯ],[do.um.i.pʰil.jo.hɛ.jo.gɯ]
여자 이름이 뭐야,8,[jʌ.tʃa.i.ɾɯm.i.mwʌ.ja],[jʌ.dʒa.i.ɾɯm.i.mwʌ.ja]
그런데 누구,8,[kɯ.ɾʌn.te.nu.ku],[gɯ.ɾʌn.te.nu.gu]
도움이 필요해요 내,8,[to.um.i.pʰil.jo.hɛ.jo.nɛ],[do.um.i.pʰil.jo.hɛ.jo.nɛ]
has their own,8,,
도움이 필요해요 당신이,8,[to.um.i.pʰil.jo.hɛ.jo.taŋ.sin.i],[do.um.i.pʰil.jo.hɛ.jo.daŋ.sin.i]
도움이 필요해요 도움이,8,[to.um.i.pʰil.jo.hɛ.jo.to.um.i],[do.um.i.pʰil.jo.hɛ.jo.do.um.i]
도움이 필요해요 도움이 필요해요,8,[to.um.i.pʰil.jo.hɛ.jo.to.um.i.pʰil.jo.hɛ.jo],[do.um.i.pʰil.jo.hɛ.jo.do.um.i.pʰil.jo.hɛ.jo]
그런데 누굴,8,[kɯ.ɾʌn.te.nu.kul],[gɯ.ɾʌn.te.nu.gul]
그런데 누군가가,8,[kɯ.ɾʌn.te.nu.kuŋ.ka.ka],[gɯ.ɾʌn.te.nu.guŋ.ka.ga]
여자 저,8,[jʌ.tʃa.tʃʌ],[jʌ.dʒa.dʒʌ]
도움이 필요해요 지금,8,[to.um.i.pʰil.jo.hɛ.jo.tʃi.kɯm],[do.um.i.pʰil.jo.hɛ.jo.dʒi.gɯm]
도움이 필요했고,8,[to.um.i.pʰil.jo.hɛt̚.ko],[do.um.i.pʰil.jo.hɛt̚.ko]
여자 좋아해요,8,[jʌ.tʃa.tʃot̚.a.hɛ.jo],[jʌ.dʒa.dʒot̚.a.hɛ.jo]
What is she,8,,
여자 주제에,8,[jʌ.tʃa.tʃu.tʃe.e],[jʌ.dʒa.dʒu.dʒe.e]
여자 집에서,8,[jʌ.tʃa.tʃip̚.e.sʌ],[jʌ.dʒa.dʒip̚.e.sʌ]
Call it,8,,
도윤이 형이,8,[to.jun.i.hjʌŋ.i],[do.jun.i.hjʌŋ.i]
여자 취향이,8,[jʌ.tʃa.tʃʰwi.hjaŋ.i],[jʌ.dʒa.tʃʰwi.hjaŋ.i]
여자 친구가 있어요,8,[jʌ.tʃa.tʃʰiŋ.ku.ka.it̚.ʌ.jo],[jʌ.dʒa.tʃʰiŋ.ku.ga.it̚.ʌ.jo]
모시고 가겠습니다,8,[mo.si.ko.ka.ket̚.sɯp̚.ni.ta],[mo.si.go.ga.get̚.sɯp̚.ni.da]
도장 좀,8,[to.tʃaŋ.tʃom],[do.dʒaŋ.dʒom]
도장 찍어,8,[to.tʃaŋ.tʃ͈ik̚.ʌ],[do.dʒaŋ.tʃ͈ik̚.ʌ]
여자 친구와 함께,8,[jʌ.tʃa.tʃʰiŋ.ku.wa.ham.k͈e],[jʌ.dʒa.tʃʰiŋ.ku.wa.ham.k͈e]
그런데 도대체 왜,8,[kɯ.ɾʌn.te.to.tɛ.tʃʰe.wɛ],[gɯ.ɾʌn.te.do.dɛ.tʃʰe.wɛ]
도저히 말이 안,8,[to.tʃʌ.hi.mal.i.an],[do.dʒʌ.hi.mal.i.an]
도저히 모르겠는데요,8,[to.tʃʌ.hi.mo.ɾɯ.ket̚.nɯn.te.jo],[do.dʒʌ.hi.mo.ɾɯ.get̚.nɯn.te.jo]
여자 향수,8,[jʌ.tʃa.hjaŋ.su],[jʌ.dʒa.hjaŋ.su]
여자 한테,8,[jʌ.tʃa.han.tʰe],[jʌ.dʒa.han.tʰe]
여자 형제가,8,[jʌ.tʃa.hjʌŋ.tʃe.ka],[jʌ.dʒa.hjʌŋ.dʒe.ga]
그런데 돈이,8,[kɯ.ɾʌn.te.ton.i],[gɯ.ɾʌn.te.don.i]
여자가 그냥,8,[jʌ.tʃa.ka.kɯ.njaŋ],[jʌ.dʒa.ga.gɯ.njaŋ]
조용히 해 그래,8,[tʃo.joŋ.hi.hɛ.kɯ.ɾɛ],[dʒo.joŋ.hi.hɛ.gɯ.ɾɛ]
도저히 믿을 수,8,[to.tʃʌ.hi.mit̚.ɯl.su],[do.dʒʌ.hi.mit̚.ɯl.su]
여자가 그를,8,[jʌ.tʃa.ka.kɯ.ɾɯl],[jʌ.dʒa.ga.gɯ.ɾɯl]
게 우린,8,[ke.u.ɾin],[ge.u.ɾin]
여자가 너에게,8,[jʌ.tʃa.ka.nʌ.e.ke],[jʌ.dʒa.ga.nʌ.e.ge]
그런데 말을 안,8,[kɯ.ɾʌn.te.mal.ɯl.an],[gɯ.ɾʌn.te.mal.ɯl.an]
여자가 되기,8,[jʌ.tʃa.ka.twe.ki],[jʌ.dʒa.ga.dwe.gi]
도적 홍가,8,[to.tʃʌk̚.hoŋ.ka],[do.dʒʌk̚.hoŋ.ga]
도전 과제는,8,[to.tʃʌŋ.kwa.tʃe.nɯn],[do.dʒʌn.gwa.dʒe.nɯn]
도전 완수,8,[to.tʃʌn.wan.su],[do.dʒʌn.wan.su]
모실 분은,8,[mo.sil.pun.ɯn],[mo.sil.bun.ɯn]
여자가 미인이면,8,[jʌ.tʃa.ka.mi.in.i.mjʌn],[jʌ.dʒa.ga.mi.in.i.mjʌn]
제가 물어볼게요,8,[tʃe.ka.mul.ʌ.pol.ke.jo],[dʒe.ga.mul.ʌ.bol.ke.jo]
더 해줄까,8,[tʌ.hɛ.tʃul.k͈a],[dʌ.hɛ.dʒul.k͈a]
여자가 생겼다,8,[jʌ.tʃa.ka.sɛŋ.kjʌt̚.ta],[jʌ.dʒa.ga.sɛŋ.gjʌt̚.ta]
여자가 아는,8,[jʌ.tʃa.ka.a.nɯn],[jʌ.dʒa.ga.a.nɯn]
여자가 아니니까,8,[jʌ.tʃa.ka.a.ni.ni.k͈a],[jʌ.dʒa.ga.a.ni.ni.k͈a]
여자가 아니었어,8,[jʌ.tʃa.ka.a.ni.ʌt̚.ʌ],[jʌ.dʒa.ga.a.ni.ʌt̚.ʌ]
From now on,8,,
여자가 아무리,8,[jʌ.tʃa.ka.a.mu.ɾi],[jʌ.dʒa.ga.a.mu.ɾi]
조의를 표하려고,8,[tʃo.ɯi.ɾɯl.pʰjo.ha.ɾjʌ.ko],[dʒo.ɯi.ɾɯl.pʰjo.ha.ɾjʌ.go]
조의를 표해요,8,[tʃo.ɯi.ɾɯl.pʰjo.hɛ.jo],[dʒo.ɯi.ɾɯl.pʰjo.hɛ.jo]
여자가 위험한,8,[jʌ.tʃa.ka.wi.hʌm.han],[jʌ.dʒa.ga.wi.hʌm.han]
여자가 있는 것,8,[jʌ.tʃa.ka.it̚.nɯŋ.kʌt̚],[jʌ.dʒa.ga.it̚.nɯn.gʌt̚]
여자가 있나요,8,[jʌ.tʃa.ka.it̚.na.jo],[jʌ.dʒa.ga.it̚.na.jo]
그 아이요,8,[kɯ.a.i.jo],[gɯ.a.i.jo]
조이가 찾아갑니다,8,[tʃo.i.ka.tʃʰat̚.a.kap̚.ni.ta],[dʒo.i.ga.tʃʰat̚.a.gap̚.ni.da]
도착 시간,8,[to.tʃʰak̚.si.kan],[do.tʃʰak̚.si.gan]
여자가 있었던,8,[jʌ.tʃa.ka.it̚.ʌt̚.tʌn],[jʌ.dʒa.ga.it̚.ʌt̚.tʌn]
그런데 방법이,8,[kɯ.ɾʌn.te.pam.pʌp̚.i],[gɯ.ɾʌn.te.baŋ.bʌp̚.i]
여자가 죽는 걸 목격하게,8,[jʌ.tʃa.ka.tʃuk̚.nɯŋ.kʌl.mok̚.kjʌk̚.ha.ke],[jʌ.dʒa.ga.dʒuk̚.nɯn.gʌl.mok̚.kjʌk̚.ha.ge]
도착하고 나서,8,[to.tʃʰak̚.ha.ko.na.sʌ],[do.tʃʰak̚.ha.go.na.sʌ]
여자가 죽였어요,8,[jʌ.tʃa.ka.tʃuk̚.jʌt̚.ʌ.jo],[jʌ.dʒa.ga.dʒuk̚.jʌt̚.ʌ.jo]
그런데 사람들은,8,[kɯ.ɾʌn.te.sa.ɾan.tɯl.ɯn],[gɯ.ɾʌn.te.sa.ɾan.tɯl.ɯn]
여자가 필요한,8,[jʌ.tʃa.ka.pʰil.jo.han],[jʌ.dʒa.ga.pʰil.jo.han]
I''m dead,8,,
그런데 생각해 보니,8,[kɯ.ɾʌn.te.sɛŋ.kak̚.hɛ.po.ni],[gɯ.ɾʌn.te.sɛŋ.gak̚.hɛ.bo.ni]
여자는 그렇지,8,[jʌ.tʃa.nɯŋ.kɯ.ɾʌt̚.tʃi],[jʌ.dʒa.nɯn.gɯ.ɾʌt̚.tʃi]
여자는 남자,8,[jʌ.tʃa.nɯn.nan.tʃa],[jʌ.dʒa.nɯn.nan.tʃa]
여자는 날 미치게,8,[jʌ.tʃa.nɯn.nal.mi.tʃʰi.ke],[jʌ.dʒa.nɯn.nal.mi.tʃʰi.ge]
여자는 남자를,8,[jʌ.tʃa.nɯn.nan.tʃa.ɾɯl],[jʌ.dʒa.nɯn.nan.tʃa.ɾɯl]
도착하면 어떻게,8,[to.tʃʰak̚.ha.mjʌn.ʌ.t͈ʌt̚.ke],[do.tʃʰak̚.ha.mjʌn.ʌ.t͈ʌt̚.ke]
조절을 못,8,[tʃo.tʃʌl.ɯl.mot̚],[dʒo.dʒʌl.ɯl.mot̚]
그런데 아니야,8,[kɯ.ɾʌn.te.a.ni.ja],[gɯ.ɾʌn.te.a.ni.ja]
여자는 모두,8,[jʌ.tʃa.nɯn.mo.tu],[jʌ.dʒa.nɯn.mo.du]
거죠 그린,8,[kʌ.tʃjo.kɯ.ɾin],[gʌ.dʒjo.gɯ.ɾin]
제가 뭘 놓쳤죠,8,[tʃe.ka.mwʌl.lot̚.tʃʰjʌt̚.tʃjo],[dʒe.ga.mwʌl.lot̚.tʃʰjʌt̚.tʃjo]
여자는 아마,8,[jʌ.tʃa.nɯn.a.ma],[jʌ.dʒa.nɯn.a.ma]
도착하지 않았어,8,[to.tʃʰak̚.ha.tʃi.an.at̚.ʌ],[do.tʃʰak̚.ha.dʒi.an.at̚.ʌ]
거죠 그만,8,[kʌ.tʃjo.kɯ.man],[gʌ.dʒjo.gɯ.man]
도착한 걸,8,[to.tʃʰak̚.haŋ.kʌl],[do.tʃʰak̚.han.gʌl]
여자는 없었어,8,[jʌ.tʃa.nɯn.ʌp̚.ʌt̚.ʌ],[jʌ.dʒa.nɯn.ʌp̚.ʌt̚.ʌ]
여자는 제가,8,[jʌ.tʃa.nɯn.tʃe.ka],[jʌ.dʒa.nɯn.dʒe.ga]
여자는 제,8,[jʌ.tʃa.nɯn.tʃe],[jʌ.dʒa.nɯn.dʒe]
여자는 죽었어,8,[jʌ.tʃa.nɯn.tʃuk̚.ʌt̚.ʌ],[jʌ.dʒa.nɯn.dʒuk̚.ʌt̚.ʌ]
제가 뭘 하는지,8,[tʃe.ka.mwʌl.ha.nɯn.tʃi],[dʒe.ga.mwʌl.ha.nɯn.tʃi]
여자도 같이,8,[jʌ.tʃa.to.kat̚.i],[jʌ.dʒa.do.gat̚.i]
여자도 마찬가지야,8,[jʌ.tʃa.to.ma.tʃʰaŋ.ka.tʃi.ja],[jʌ.dʒa.do.ma.tʃʰaŋ.ka.dʒi.ja]
여자도 만나고,8,[jʌ.tʃa.to.man.na.ko],[jʌ.dʒa.do.man.na.go]
그런데 얘는,8,[kɯ.ɾʌn.te.jɛ.nɯn],[gɯ.ɾʌn.te.jɛ.nɯn]
도착할 때까지요,8,[to.tʃʰak̚.hal.t͈ɛ.k͈a.tʃi.jo],[do.tʃʰak̚.hal.t͈ɛ.k͈a.dʒi.jo]
도착할 때쯤이면,8,[to.tʃʰak̚.hal.t͈ɛ.tʃ͈ɯm.i.mjʌn],[do.tʃʰak̚.hal.t͈ɛ.tʃ͈ɯm.i.mjʌn]
여자들 얘기,8,[jʌ.tʃa.tɯl.jɛ.ki],[jʌ.dʒa.dɯl.jɛ.gi]
그런데 어디서,8,[kɯ.ɾʌn.te.ʌ.ti.sʌ],[gɯ.ɾʌn.te.ʌ.di.sʌ]
모여 있을,8,[mo.jʌ.it̚.ɯl],[mo.jʌ.it̚.ɯl]
여자들은 그런 거,8,[jʌ.tʃa.tɯl.ɯŋ.kɯ.ɾʌŋ.kʌ],[jʌ.dʒa.dɯl.ɯn.gɯ.ɾʌn.gʌ]
그런데 어떤 남자가,8,[kɯ.ɾʌn.te.ʌ.t͈ʌn.nan.tʃa.ka],[gɯ.ɾʌn.te.ʌ.t͈ʌn.nan.tʃa.ga]
여자들은 어디,8,[jʌ.tʃa.tɯl.ɯn.ʌ.ti],[jʌ.dʒa.dɯl.ɯn.ʌ.di]
그런데 어떻게 됐죠,8,[kɯ.ɾʌn.te.ʌ.t͈ʌt̚.ke.twɛt̚.tʃjo],[gɯ.ɾʌn.te.ʌ.t͈ʌt̚.ke.dwɛt̚.tʃjo]
여자들은 이런,8,[jʌ.tʃa.tɯl.ɯn.i.ɾʌn],[jʌ.dʒa.dɯl.ɯn.i.ɾʌn]
여자들은 전부,8,[jʌ.tʃa.tɯl.ɯn.tʃʌm.pu],[jʌ.dʒa.dɯl.ɯn.dʒʌm.pu]
조종한 거예요,8,[tʃo.tʃoŋ.haŋ.kʌ.je.jo],[dʒo.dʒoŋ.han.gʌ.je.jo]
조종할 수 있는 건,8,[tʃo.tʃoŋ.hal.su.it̚.nɯŋ.kʌn],[dʒo.dʒoŋ.hal.su.it̚.nɯn.gʌn]
편은 아니야,8,[pʰjʌn.ɯn.a.ni.ja],[pʰjʌn.ɯn.a.ni.ja]
거죠 내일,8,[kʌ.tʃjo.nɛ.il],[gʌ.dʒjo.nɛ.il]
여자들의 웃음,8,[jʌ.tʃa.tɯl.ɯi.ut̚.ɯm],[jʌ.dʒa.dɯl.ɯi.ut̚.ɯm]
여자들이 그렇게,8,[jʌ.tʃa.tɯl.i.kɯ.ɾʌt̚.ke],[jʌ.dʒa.dɯl.i.gɯ.ɾʌt̚.ke]
여자들이 그,8,[jʌ.tʃa.tɯl.i.kɯ],[jʌ.dʒa.dɯl.i.gɯ]
그런데 언제,8,[kɯ.ɾʌn.te.ʌn.tʃe],[gɯ.ɾʌn.te.ʌn.tʃe]
여자들이 많이,8,[jʌ.tʃa.tɯl.i.man.i],[jʌ.dʒa.dɯl.i.man.i]
도착했을 때부터,8,[to.tʃʰak̚.hɛt̚.ɯl.t͈ɛ.pu.tʰʌ],[do.tʃʰak̚.hɛt̚.ɯl.t͈ɛ.bu.tʰʌ]
그런데 얼마,8,[kɯ.ɾʌn.te.ʌl.ma],[gɯ.ɾʌn.te.ʌl.ma]
여자들이 어떻게,8,[jʌ.tʃa.tɯl.i.ʌ.t͈ʌt̚.ke],[jʌ.dʒa.dɯl.i.ʌ.t͈ʌt̚.ke]
여자들이 좀,8,[jʌ.tʃa.tɯl.i.tʃom],[jʌ.dʒa.dɯl.i.dʒom]
여자들이 한,8,[jʌ.tʃa.tɯl.i.han],[jʌ.dʒa.dɯl.i.han]
여자라는 것을,8,[jʌ.tʃa.ɾa.nɯŋ.kʌt̚.ɯl],[jʌ.dʒa.ɾa.nɯn.gʌt̚.ɯl]
여자라는 이유로,8,[jʌ.tʃa.ɾa.nɯn.i.ju.ɾo],[jʌ.dʒa.ɾa.nɯn.i.ju.ɾo]
여자라면 더더욱,8,[jʌ.tʃa.ɾa.mjʌn.tʌ.tʌ.uk̚],[jʌ.dʒa.ɾa.mjʌn.dʌ.dʌ.uk̚]
여자란 건,8,[jʌ.tʃa.ɾaŋ.kʌn],[jʌ.dʒa.ɾan.gʌn]
그런데 여기서 뭐,8,[kɯ.ɾʌn.te.jʌ.ki.sʌ.mwʌ],[gɯ.ɾʌn.te.jʌ.gi.sʌ.mwʌ]
조지 엘리엇,8,[tʃo.tʃi.el.ɾi.ʌt̚],[dʒo.dʒi.el.ɾi.ʌt̚]
여자랑 놀고,8,[jʌ.tʃa.ɾaŋ.nol.ko],[jʌ.dʒa.ɾaŋ.nol.ko]
여자랑 데이트,8,[jʌ.tʃa.ɾaŋ.te.i.tʰɯ],[jʌ.dʒa.ɾaŋ.de.i.tʰɯ]
도쿄 양,8,[to.kʰjo.jaŋ],[do.kʰjo.jaŋ]
여자랑 못,8,[jʌ.tʃa.ɾaŋ.mot̚],[jʌ.dʒa.ɾaŋ.mot̚]
여자랑 사랑에,8,[jʌ.tʃa.ɾaŋ.sa.ɾaŋ.e],[jʌ.dʒa.ɾaŋ.sa.ɾaŋ.e]
도쿄 중앙 은행 오사카,8,[to.kʰjo.tʃuŋ.aŋ.ɯn.hɛŋ.o.sa.kʰa],[do.kʰjo.dʒuŋ.aŋ.ɯn.hɛŋ.o.sa.kʰa]
더 흥미롭다,8,[tʌ.hɯŋ.mi.ɾop̚.ta],[dʌ.hɯŋ.mi.ɾop̚.ta]
도쿠에 씨,8,[to.kʰu.e.s͈i],[do.kʰu.e.s͈i]
여자로 보여,8,[jʌ.tʃa.ɾo.po.jʌ],[jʌ.dʒa.ɾo.bo.jʌ]
거죠 다음,8,[kʌ.tʃjo.ta.ɯm],[gʌ.dʒjo.da.ɯm]
도킹 절차를,8,[to.kʰiŋ.tʃʌl.tʃʰa.ɾɯl],[do.kʰiŋ.dʒʌl.tʃʰa.ɾɯl]
여자를 그냥,8,[jʌ.tʃa.ɾɯl.kɯ.njaŋ],[jʌ.dʒa.ɾɯl.gɯ.njaŋ]
여자를 꼬실,8,[jʌ.tʃa.ɾɯl.k͈o.sil],[jʌ.dʒa.ɾɯl.k͈o.sil]
그런데 왜 그런,8,[kɯ.ɾʌn.te.wɛ.kɯ.ɾʌn],[gɯ.ɾʌn.te.wɛ.gɯ.ɾʌn]
도통 모르겠네,8,[to.tʰoŋ.mo.ɾɯ.ket̚.ne],[do.tʰoŋ.mo.ɾɯ.get̚.ne]
조지 해리슨은,8,[tʃo.tʃi.hɛ.ɾi.sɯn.ɯn],[dʒo.dʒi.hɛ.ɾi.sɯn.ɯn]
여자를 데려올,8,[jʌ.tʃa.ɾɯl.te.ɾjʌ.ol],[jʌ.dʒa.ɾɯl.de.ɾjʌ.ol]
없어 안으로,8,[ʌp̚.ʌ.an.ɯ.ɾo],[ʌp̚.ʌ.an.ɯ.ɾo]
도통 이해가 안,8,[to.tʰoŋ.i.hɛ.ka.an],[do.tʰoŋ.i.hɛ.ga.an]
여자를 만날 수도,8,[jʌ.tʃa.ɾɯl.man.nal.su.to],[jʌ.dʒa.ɾɯl.man.nal.su.do]
그런데 왜 여기 있는,8,[kɯ.ɾʌn.te.wɛ.jʌ.ki.it̚.nɯn],[gɯ.ɾʌn.te.wɛ.jʌ.gi.it̚.nɯn]
그런데 왜 이걸,8,[kɯ.ɾʌn.te.wɛ.i.kʌl],[gɯ.ɾʌn.te.wɛ.i.gʌl]
여자를 사랑할,8,[jʌ.tʃa.ɾɯl.sa.ɾaŋ.hal],[jʌ.dʒa.ɾɯl.sa.ɾaŋ.hal]
독감 주사,8,[tok̚.kan.tʃu.sa],[dok̚.kam.dʒu.sa]
그런데 왜 하필,8,[kɯ.ɾʌn.te.wɛ.ha.pʰil],[gɯ.ɾʌn.te.wɛ.ha.pʰil]
조직 범죄의,8,[tʃo.tʃik̚.pʌn.tʃwe.ɯi],[dʒo.dʒik̚.bʌn.tʃwe.ɯi]
여자를 제대로,8,[jʌ.tʃa.ɾɯl.tʃe.tɛ.ɾo],[jʌ.dʒa.ɾɯl.dʒe.dɛ.ɾo]
모은 거예요,8,[mo.ɯŋ.kʌ.je.jo],[mo.ɯn.gʌ.je.jo]
여자를 좋아할,8,[jʌ.tʃa.ɾɯl.tʃot̚.a.hal],[jʌ.dʒa.ɾɯl.dʒot̚.a.hal]
거죠 덕분에,8,[kʌ.tʃjo.tʌk̚.pun.e],[gʌ.dʒjo.dʌk̚.pun.e]
여자를 찾게,8,[jʌ.tʃa.ɾɯl.tʃʰat̚.ke],[jʌ.dʒa.ɾɯl.tʃʰat̚.ke]
그런데 웃긴,8,[kɯ.ɾʌn.te.ut̚.kin],[gɯ.ɾʌn.te.ut̚.kin]
여자를 찾고 있어,8,[jʌ.tʃa.ɾɯl.tʃʰat̚.ko.it̚.ʌ],[jʌ.dʒa.ɾɯl.tʃʰat̚.ko.it̚.ʌ]
여자를 풀어,8,[jʌ.tʃa.ɾɯl.pʰul.ʌ],[jʌ.dʒa.ɾɯl.pʰul.ʌ]
여자를 행복하게,8,[jʌ.tʃa.ɾɯl.hɛm.pok̚.ha.ke],[jʌ.dʒa.ɾɯl.hɛŋ.bok̚.ha.ge]
여자를 혼자,8,[jʌ.tʃa.ɾɯl.hon.tʃa],[jʌ.dʒa.ɾɯl.hon.tʃa]
독수리처럼 높이,8,[tok̚.su.ɾi.tʃʰʌ.ɾʌm.nop̚.i],[dok̚.su.ɾi.tʃʰʌ.ɾʌm.nop̚.i]
거죠 둘,8,[kʌ.tʃjo.tul],[gʌ.dʒjo.dul]
독실한 기독교,8,[tok̚.sil.haŋ.ki.tok̚.kjo],[dok̚.sil.han.gi.dok̚.kjo]
독안에 든,8,[tok̚.an.e.tɯn],[dok̚.an.e.dɯn]
여자애가 있었어,8,[jʌ.tʃa.ɛ.ka.it̚.ʌt̚.ʌ],[jʌ.dʒa.ɛ.ga.it̚.ʌt̚.ʌ]
여자애들 한 무리 가족들도,8,[jʌ.tʃa.ɛ.tɯl.han.mu.ɾi.ka.tʃok̚.tɯl.to],[jʌ.dʒa.ɛ.dɯl.han.mu.ɾi.ga.dʒok̚.tɯl.to]
그런데 이상한 건,8,[kɯ.ɾʌn.te.i.saŋ.haŋ.kʌn],[gɯ.ɾʌn.te.i.saŋ.han.gʌn]
여자애를 어떻게,8,[jʌ.tʃa.ɛ.ɾɯl.ʌ.t͈ʌt̚.ke],[jʌ.dʒa.ɛ.ɾɯl.ʌ.t͈ʌt̚.ke]
여자애를 찾고,8,[jʌ.tʃa.ɛ.ɾɯl.tʃʰat̚.ko],[jʌ.dʒa.ɛ.ɾɯl.tʃʰat̚.ko]
독을 먹이고,8,[tok̚.ɯl.mʌk̚.i.ko],[dok̚.ɯl.mʌk̚.i.go]
여자야 그게,8,[jʌ.tʃa.ja.kɯ.ke],[jʌ.dʒa.ja.gɯ.ge]
독을 먹인 거야,8,[tok̚.ɯl.mʌk̚.iŋ.kʌ.ja],[dok̚.ɯl.mʌk̚.in.gʌ.ja]
여자야 나는,8,[jʌ.tʃa.ja.na.nɯn],[jʌ.dʒa.ja.na.nɯn]
여자야 날,8,[jʌ.tʃa.ja.nal],[jʌ.dʒa.ja.nal]
독을 쓴,8,[tok̚.ɯl.s͈ɯn],[dok̚.ɯl.s͈ɯn]
여자야 하지만,8,[jʌ.tʃa.ja.ha.tʃi.man],[jʌ.dʒa.ja.ha.dʒi.man]
여자에 대해 아는,8,[jʌ.tʃa.e.tɛ.hɛ.a.nɯn],[jʌ.dʒa.e.dɛ.hɛ.a.nɯn]
여자에게 가장,8,[jʌ.tʃa.e.ke.ka.tʃaŋ],[jʌ.dʒa.e.ge.ga.dʒaŋ]
독일 사람,8,[tok̚.il.sa.ɾam],[dok̚.il.sa.ɾam]
그러실 건,8,[kɯ.ɾʌ.sil.kʌn],[gɯ.ɾʌ.sil.gʌn]
모이타바이 요원,8,[mo.i.tʰa.pa.i.jo.wʌn],[mo.i.tʰa.ba.i.jo.wʌn]
모이고 있습니다,8,[mo.i.ko.it̚.sɯp̚.ni.ta],[mo.i.go.it̚.sɯp̚.ni.da]
그런데 잠깐,8,[kɯ.ɾʌn.te.tʃam.k͈an],[gɯ.ɾʌn.te.dʒam.k͈an]
여자와 잠자리를,8,[jʌ.tʃa.wa.tʃan.tʃa.ɾi.ɾɯl],[jʌ.dʒa.wa.dʒan.tʃa.ɾi.ɾɯl]
여자의 사랑,8,[jʌ.tʃa.ɯi.sa.ɾaŋ],[jʌ.dʒa.ɯi.sa.ɾaŋ]
그런데 저한테,8,[kɯ.ɾʌn.te.tʃʌ.han.tʰe],[gɯ.ɾʌn.te.dʒʌ.han.tʰe]
거죠 멋진,8,[kʌ.tʃjo.mʌt̚.tʃin],[gʌ.dʒjo.mʌt̚.tʃin]
세상에 감사합니다,8,[se.saŋ.e.kam.sa.hap̚.ni.ta],[se.saŋ.e.gam.sa.hap̚.ni.da]
독한 거,8,[tok̚.haŋ.kʌ],[dok̚.han.gʌ]
여자일 수도 있죠,8,[jʌ.tʃa.il.su.to.it̚.tʃjo],[jʌ.dʒa.il.su.do.it̚.tʃjo]
그런데 점점,8,[kɯ.ɾʌn.te.tʃʌn.tʃʌm],[gɯ.ɾʌn.te.dʒʌn.tʃʌm]
그런데 정작,8,[kɯ.ɾʌn.te.tʃʌŋ.tʃak̚],[gɯ.ɾʌn.te.dʒʌŋ.dʒak̚]
여자친구 있는,8,[jʌ.tʃa.tʃʰiŋ.ku.it̚.nɯn],[jʌ.dʒa.tʃʰiŋ.ku.it̚.nɯn]
그런데 정확히,8,[kɯ.ɾʌn.te.tʃʌŋ.hwak̚.hi],[gɯ.ɾʌn.te.dʒʌŋ.hwak̚.hi]
여자친구도 없고,8,[jʌ.tʃa.tʃʰiŋ.ku.to.ʌp̚.ko],[jʌ.dʒa.tʃʰiŋ.ku.do.ʌp̚.ko]
여자친구도 있고,8,[jʌ.tʃa.tʃʰiŋ.ku.to.it̚.ko],[jʌ.dʒa.tʃʰiŋ.ku.do.it̚.ko]
여자친구를 죽인,8,[jʌ.tʃa.tʃʰiŋ.ku.ɾɯl.tʃuk̚.in],[jʌ.dʒa.tʃʰiŋ.ku.ɾɯl.dʒuk̚.in]
돈 값을,8,[toŋ.kap̚.ɯl],[don.gap̚.ɯl]
여자한테 관심이,8,[jʌ.tʃa.han.tʰe.kwan.sim.i],[jʌ.dʒa.han.tʰe.gwan.sim.i]
여자한테 인기,8,[jʌ.tʃa.han.tʰe.iŋ.ki],[jʌ.dʒa.han.tʰe.iŋ.ki]
여잔 누구예요,8,[jʌ.tʃan.nu.ku.je.jo],[jʌ.dʒan.nu.gu.je.jo]
여잔 없겠지,8,[jʌ.tʃan.ʌp̚.ket̚.tʃi],[jʌ.dʒan.ʌp̚.ket̚.tʃi]
돈 것,8,[toŋ.kʌt̚],[don.gʌt̚]
돈 걸지,8,[toŋ.kʌl.tʃi],[don.gʌl.tʃi]
그런데 차,8,[kɯ.ɾʌn.te.tʃʰa],[gɯ.ɾʌn.te.tʃʰa]
돈 구하러,8,[toŋ.ku.ha.ɾʌ],[don.gu.ha.ɾʌ]
여잘 안,8,[jʌ.tʃal.an],[jʌ.dʒal.an]
돈 꽤나,8,[toŋ.k͈wɛ.na],[doŋ.k͈wɛ.na]
돈 낭비,8,[ton.nam.pi],[don.naŋ.bi]
여전히 그래요,8,[jʌ.tʃʌn.hi.kɯ.ɾɛ.jo],[jʌ.dʒʌn.hi.gɯ.ɾɛ.jo]
여전히 그럴 것이다,8,[jʌ.tʃʌn.hi.kɯ.ɾʌl.kʌt̚.i.ta],[jʌ.dʒʌn.hi.gɯ.ɾʌl.gʌt̚.i.da]
그런데 하루는,8,[kɯ.ɾʌn.te.ha.ɾu.nɯn],[gɯ.ɾʌn.te.ha.ɾu.nɯn]
돈 내고 보는,8,[ton.nɛ.ko.po.nɯn],[don.nɛ.go.bo.nɯn]
have a gun,8,,
나실 때,8,[na.sil.t͈ɛ],[na.sil.t͈ɛ]
How often,8,,
여전히 똑같은,8,[jʌ.tʃʌn.hi.t͈ok̚.kat̚.ɯn],[jʌ.dʒʌn.hi.t͈ok̚.kat̚.ɯn]
그런데도 그는,8,[kɯ.ɾʌn.te.to.kɯ.nɯn],[gɯ.ɾʌn.te.do.gɯ.nɯn]
존 씨,8,[tʃon.s͈i],[dʒon.s͈i]
여전히 믿고,8,[jʌ.tʃʌn.hi.mit̚.ko],[jʌ.dʒʌn.hi.mit̚.ko]
여전히 사랑해,8,[jʌ.tʃʌn.hi.sa.ɾaŋ.hɛ],[jʌ.dʒʌn.hi.sa.ɾaŋ.hɛ]
존 스노우와,8,[tʃon.sɯ.no.u.wa],[dʒon.sɯ.no.u.wa]
여전히 서로를,8,[jʌ.tʃʌn.hi.sʌ.ɾo.ɾɯl],[jʌ.dʒʌn.hi.sʌ.ɾo.ɾɯl]
여전히 세계,8,[jʌ.tʃʌn.hi.se.kje],[jʌ.dʒʌn.hi.se.gje]
여전히 숨을,8,[jʌ.tʃʌn.hi.sum.ɯl],[jʌ.dʒʌn.hi.sum.ɯl]
그러자 그럼,8,[kɯ.ɾʌ.tʃa.kɯ.ɾʌm],[gɯ.ɾʌ.dʒa.gɯ.ɾʌm]
여전히 어떤,8,[jʌ.tʃʌn.hi.ʌ.t͈ʌn],[jʌ.dʒʌn.hi.ʌ.t͈ʌn]
여전히 오늘,8,[jʌ.tʃʌn.hi.o.nɯl],[jʌ.dʒʌn.hi.o.nɯl]
그런데도 사람들은,8,[kɯ.ɾʌn.te.to.sa.ɾan.tɯl.ɯn],[gɯ.ɾʌn.te.do.sa.ɾan.tɯl.ɯn]
돈 드는 것도,8,[ton.tɯ.nɯŋ.kʌt̚.to],[don.dɯ.nɯn.gʌt̚.to]
돈 드려,8,[ton.tɯ.ɾjʌ],[don.dɯ.ɾjʌ]
여전히 있습니다,8,[jʌ.tʃʌn.hi.it̚.sɯp̚.ni.ta],[jʌ.dʒʌn.hi.it̚.sɯp̚.ni.da]
여전히 있을,8,[jʌ.tʃʌn.hi.it̚.ɯl],[jʌ.dʒʌn.hi.it̚.ɯl]
여전히 자기,8,[jʌ.tʃʌn.hi.tʃa.ki],[jʌ.dʒʌn.hi.dʒa.gi]
존 이게,8,[tʃon.i.ke],[dʒon.i.ge]
여전히 저,8,[jʌ.tʃʌn.hi.tʃʌ],[jʌ.dʒʌn.hi.dʒʌ]
여전히 좋아,8,[jʌ.tʃʌn.hi.tʃot̚.a],[jʌ.dʒʌn.hi.dʒot̚.a]
여전히 집에,8,[jʌ.tʃʌn.hi.tʃip̚.e],[jʌ.dʒʌn.hi.dʒip̚.e]
돈 때문에 사람을,8,[ton.t͈ɛ.mun.e.sa.ɾam.ɯl],[don.t͈ɛ.mun.e.sa.ɾam.ɯl]
거죠 빨리,8,[kʌ.tʃjo.p͈al.ɾi],[gʌ.dʒjo.p͈al.ɾi]
그런디는 월요일에,8,[kɯ.ɾʌn.ti.nɯn.wʌl.jo.il.e],[gɯ.ɾʌn.ti.nɯn.wʌl.jo.il.e]
그런디는 월요일에 태어나,8,[kɯ.ɾʌn.ti.nɯn.wʌl.jo.il.e.tʰɛ.ʌ.na],[gɯ.ɾʌn.ti.nɯn.wʌl.jo.il.e.tʰɛ.ʌ.na]
거죠 분명히,8,[kʌ.tʃjo.pun.mjʌŋ.hi],[gʌ.dʒjo.bun.mjʌŋ.hi]
존 케넥스,8,[tʃoŋ.kʰe.nek̚.sɯ],[dʒoŋ.kʰe.nek̚.sɯ]
여지 없는,8,[jʌ.tʃi.ʌp̚.nɯn],[jʌ.dʒi.ʌp̚.nɯn]
그러죠 고맙습니다,8,[kɯ.ɾʌ.tʃjo.ko.map̚.sɯp̚.ni.ta],[gɯ.ɾʌ.dʒjo.go.map̚.sɯp̚.ni.da]
그런말 한,8,[kɯ.ɾʌn.mal.han],[gɯ.ɾʌn.mal.han]
여지가 없소,8,[jʌ.tʃi.ka.ʌp̚.so],[jʌ.dʒi.ga.ʌp̚.so]
여지가 없었던,8,[jʌ.tʃi.ka.ʌp̚.ʌt̚.tʌn],[jʌ.dʒi.ga.ʌp̚.ʌt̚.tʌn]
여지가 없을 거야,8,[jʌ.tʃi.ka.ʌp̚.ɯl.kʌ.ja],[jʌ.dʒi.ga.ʌp̚.ɯl.gʌ.ja]
여지가 없을 수도,8,[jʌ.tʃi.ka.ʌp̚.ɯl.su.to],[jʌ.dʒi.ga.ʌp̚.ɯl.su.do]
돈 많으면,8,[ton.man.ɯ.mjʌn],[don.man.ɯ.mjʌn]
그런적 없어요,8,[kɯ.ɾʌn.tʃʌk̚.ʌp̚.ʌ.jo],[gɯ.ɾʌn.tʃʌk̚.ʌp̚.ʌ.jo]
돈 많은 놈,8,[ton.man.ɯn.nom],[don.man.ɯn.nom]
존 형이,8,[tʃon.hjʌŋ.i],[dʒon.hjʌŋ.i]
그런줄 알았는데,8,[kɯ.ɾʌn.tʃul.al.at̚.nɯn.te],[gɯ.ɾʌn.tʃul.al.at̚.nɯn.te]
거죠 서로,8,[kʌ.tʃjo.sʌ.ɾo],[gʌ.dʒjo.sʌ.ɾo]
돈 많이 벌어,8,[ton.man.i.pʌl.ʌ],[don.man.i.bʌl.ʌ]
여쭙고 싶은,8,[jʌ.tʃ͈up̚.ko.sip̚.ɯn],[jʌ.tʃ͈up̚.ko.sip̚.ɯn]
여쭤 볼게요,8,[jʌ.tʃ͈wʌ.pol.ke.jo],[jʌ.tʃ͈wʌ.bol.ke.jo]
돈 먹은,8,[ton.mʌk̚.ɯn],[don.mʌk̚.ɯn]
존경하는 동료,8,[tʃoŋ.kjʌŋ.ha.nɯn.toŋ.ɾjo],[dʒoŋ.kjʌŋ.ha.nɯn.doŋ.ɾjo]
여쭤보는 거예요,8,[jʌ.tʃ͈wʌ.po.nɯŋ.kʌ.je.jo],[jʌ.tʃ͈wʌ.bo.nɯn.gʌ.je.jo]
나아가야 하나요,8,[na.a.ka.ja.ha.na.jo],[na.a.ga.ja.ha.na.jo]
그런지 설명이,8,[kɯ.ɾʌn.tʃi.sʌl.mjʌŋ.i],[gɯ.ɾʌn.tʃi.sʌl.mjʌŋ.i]
거죠 실제로,8,[kʌ.tʃjo.sil.tʃe.ɾo],[gʌ.dʒjo.sil.tʃe.ɾo]
ask yourself,8,,
여태 갖고,8,[jʌ.tʰɛ.kat̚.ko],[jʌ.tʰɛ.gat̚.ko]
돈 문제야,8,[ton.mun.tʃe.ja],[don.mun.tʃe.ja]
여태 잘,8,[jʌ.tʰɛ.tʃal],[jʌ.tʰɛ.dʒal]
여하튼 그,8,[jʌ.ha.tʰɯŋ.kɯ],[jʌ.ha.tʰɯn.gɯ]
여행 가기 전에,8,[jʌ.hɛŋ.ka.ki.tʃʌn.e],[jʌ.hɛŋ.ga.gi.dʒʌn.e]
여행 가,8,[jʌ.hɛŋ.ka],[jʌ.hɛŋ.ga]
존스 씨를,8,[tʃon.sɯ.s͈i.ɾɯl],[dʒon.sɯ.s͈i.ɾɯl]
존스 양,8,[tʃon.sɯ.jaŋ],[dʒon.sɯ.jaŋ]
돈 받아낼,8,[tom.pat̚.a.nɛl],[don.bat̚.a.nɛl]
여행 계획,8,[jʌ.hɛŋ.kje.hwek̚],[jʌ.hɛŋ.gje.hwek̚]
여행 기록을,8,[jʌ.hɛŋ.ki.ɾok̚.ɯl],[jʌ.hɛŋ.gi.ɾok̚.ɯl]
그런지 이해하지 않아요,8,[kɯ.ɾʌn.tʃi.i.hɛ.ha.tʃi.an.a.jo],[gɯ.ɾʌn.tʃi.i.hɛ.ha.dʒi.an.a.jo]
없어 장난해,8,[ʌp̚.ʌ.tʃaŋ.nan.hɛ],[ʌp̚.ʌ.dʒaŋ.nan.hɛ]
세상에 단 한,8,[se.saŋ.e.tan.han],[se.saŋ.e.dan.han]
존 해미쉬,8,[tʃon.hɛ.mi.swi],[dʒon.hɛ.mi.swi]
여행도 못,8,[jʌ.hɛŋ.to.mot̚],[jʌ.hɛŋ.do.mot̚]
그런진 몰라도,8,[kɯ.ɾʌn.tʃin.mol.ɾa.to],[gɯ.ɾʌn.tʃin.mol.ɾa.do]
여행은 실존한다 모든,8,[jʌ.hɛŋ.ɯn.sil.tʃon.han.ta.mo.tɯn],[jʌ.hɛŋ.ɯn.sil.tʃon.han.ta.mo.dɯn]
돈 벌어요,8,[tom.pʌl.ʌ.jo],[don.bʌl.ʌ.jo]
존은 안,8,[tʃon.ɯn.an],[dʒon.ɯn.an]
그럴 가능성이 높지,8,[kɯ.ɾʌl.ka.nɯŋ.sʌŋ.i.nop̚.tʃi],[gɯ.ɾʌl.ga.nɯŋ.sʌŋ.i.nop̚.tʃi]
여행을 떠난,8,[jʌ.hɛŋ.ɯl.t͈ʌ.nan],[jʌ.hɛŋ.ɯl.t͈ʌ.nan]
존은 내가,8,[tʃon.ɯn.nɛ.ka],[dʒon.ɯn.nɛ.ga]
여행을 하지,8,[jʌ.hɛŋ.ɯl.ha.tʃi],[jʌ.hɛŋ.ɯl.ha.dʒi]
여행을 한다,8,[jʌ.hɛŋ.ɯl.han.ta],[jʌ.hɛŋ.ɯl.han.ta]
여행이 될 거야,8,[jʌ.hɛŋ.i.twel.kʌ.ja],[jʌ.hɛŋ.i.dwel.gʌ.ja]
돈 쓸 데가,8,[ton.s͈ɯl.te.ka],[don.s͈ɯl.de.ga]
여행하고 있어요,8,[jʌ.hɛŋ.ha.ko.it̚.ʌ.jo],[jʌ.hɛŋ.ha.go.it̚.ʌ.jo]
여행하는 거야,8,[jʌ.hɛŋ.ha.nɯŋ.kʌ.ja],[jʌ.hɛŋ.ha.nɯn.gʌ.ja]
돈 아니야,8,[ton.a.ni.ja],[don.a.ni.ja]
나아요 그럼,8,[na.a.jo.kɯ.ɾʌm],[na.a.jo.gɯ.ɾʌm]
여행하며 타임 애버레이션과,8,[jʌ.hɛŋ.ha.mjʌ.tʰa.im.ɛ.pʌ.ɾe.i.sjʌŋ.kwa],[jʌ.hɛŋ.ha.mjʌ.tʰa.im.ɛ.bʌ.ɾe.i.sjʌŋ.kwa]
존재 했습니까,8,[tʃon.tʃɛ.hɛt̚.sɯp̚.ni.k͈a],[dʒon.tʃɛ.hɛt̚.sɯp̚.ni.k͈a]
여호와는 나의 목자시니,8,[jʌ.ho.wa.nɯn.na.ɯi.mok̚.tʃa.si.ni],[jʌ.ho.wa.nɯn.na.ɯi.mok̚.tʃa.si.ni]
여호와는 나의,8,[jʌ.ho.wa.nɯn.na.ɯi],[jʌ.ho.wa.nɯn.na.ɯi]
역 앞에서,8,[jʌk̚.ap̚.e.sʌ],[jʌk̚.ap̚.e.sʌ]
돈 안 받을,8,[ton.am.pat̚.ɯl],[don.an.bat̚.ɯl]
거죠 어릴,8,[kʌ.tʃjo.ʌ.ɾil],[gʌ.dʒjo.ʌ.ɾil]
존재가 되어야,8,[tʃon.tʃɛ.ka.twe.ʌ.ja],[dʒon.tʃɛ.ga.dwe.ʌ.ja]
돈 얘기 좀,8,[ton.jɛ.ki.tʃom],[don.jɛ.gi.dʒom]
거죠 어머니,8,[kʌ.tʃjo.ʌ.mʌ.ni],[gʌ.dʒjo.ʌ.mʌ.ni]
역경은 널,8,[jʌk̚.kjʌŋ.ɯn.nʌl],[jʌk̚.kjʌŋ.ɯn.nʌl]
돈 어떻게,8,[ton.ʌ.t͈ʌt̚.ke],[don.ʌ.t͈ʌt̚.ke]
그럴 거 같네요,8,[kɯ.ɾʌl.kʌ.kat̚.ne.jo],[gɯ.ɾʌl.gʌ.gat̚.ne.jo]
돈 얼마,8,[ton.ʌl.ma],[don.ʌl.ma]
역사 같은,8,[jʌk̚.sa.kat̚.ɯn],[jʌk̚.sa.gat̚.ɯn]
역사 공부,8,[jʌk̚.sa.kom.pu],[jʌk̚.sa.goŋ.bu]
그럴 거 같았어,8,[kɯ.ɾʌl.kʌ.kat̚.at̚.ʌ],[gɯ.ɾʌl.gʌ.gat̚.at̚.ʌ]
역사 선생,8,[jʌk̚.sa.sʌn.sɛŋ],[jʌk̚.sa.sʌn.sɛŋ]
역사 속에,8,[jʌk̚.sa.sok̚.e],[jʌk̚.sa.sok̚.e]
거죠 여기가,8,[kʌ.tʃjo.jʌ.ki.ka],[gʌ.dʒjo.jʌ.gi.ga]
역사 수업은,8,[jʌk̚.sa.su.ʌp̚.ɯn],[jʌk̚.sa.su.ʌp̚.ɯn]
역사 협회,8,[jʌk̚.sa.hjʌp̚.hwe],[jʌk̚.sa.hjʌp̚.hwe]
역사가 위험에 처한,8,[jʌk̚.sa.ka.wi.hʌm.e.tʃʰʌ.han],[jʌk̚.sa.ga.wi.hʌm.e.tʃʰʌ.han]
역사가 있습니다,8,[jʌk̚.sa.ka.it̚.sɯp̚.ni.ta],[jʌk̚.sa.ga.it̚.sɯp̚.ni.da]
역사가 있어요,8,[jʌk̚.sa.ka.it̚.ʌ.jo],[jʌk̚.sa.ga.it̚.ʌ.jo]
돈 이리,8,[ton.i.ɾi],[don.i.ɾi]
존재를 어떻게 믿을 수,8,[tʃon.tʃɛ.ɾɯl.ʌ.t͈ʌt̚.ke.mit̚.ɯl.su],[dʒon.tʃɛ.ɾɯl.ʌ.t͈ʌt̚.ke.mit̚.ɯl.su]
돈 있니,8,[ton.it̚.ni],[don.it̚.ni]
역사를 지키는,8,[jʌk̚.sa.ɾɯl.tʃi.kʰi.nɯn],[jʌk̚.sa.ɾɯl.dʒi.kʰi.nɯn]
돈 있을,8,[ton.it̚.ɯl],[don.it̚.ɯl]
We''re fine,8,,
존재를 믿을,8,[tʃon.tʃɛ.ɾɯl.mit̚.ɯl],[dʒon.tʃɛ.ɾɯl.mit̚.ɯl]
역사상 가장 많은,8,[jʌk̚.sa.saŋ.ka.tʃaŋ.man.ɯn],[jʌk̚.sa.saŋ.ga.dʒaŋ.man.ɯn]
돈 전부야,8,[ton.tʃʌm.pu.ja],[don.dʒʌm.pu.ja]
존재의 증거,8,[tʃon.tʃɛ.ɯi.tʃɯŋ.kʌ],[dʒon.tʃɛ.ɯi.dʒɯŋ.gʌ]
역사상 전례가,8,[jʌk̚.sa.saŋ.tʃʌl.lje.ka],[jʌk̚.sa.saŋ.dʒʌl.lje.ga]
돈 좀 빌려주세요,8,[ton.tʃom.pil.ɾjʌ.tʃu.se.jo],[don.dʒom.bil.ɾjʌ.dʒu.se.jo]
거죠 오,8,[kʌ.tʃjo.o],[gʌ.dʒjo.o]
역사의 일부가,8,[jʌk̚.sa.ɯi.il.pu.ka],[jʌk̚.sa.ɯi.il.pu.ga]
역사의 뒤안길로,8,[jʌk̚.sa.ɯi.twi.aŋ.kil.ɾo],[jʌk̚.sa.ɯi.dwi.aŋ.kil.ɾo]
역사적 사실에,8,[jʌk̚.sa.tʃʌk̚.sa.sil.e],[jʌk̚.sa.dʒʌk̚.sa.sil.e]
거죠 오늘은,8,[kʌ.tʃjo.o.nɯl.ɯn],[gʌ.dʒjo.o.nɯl.ɯn]
돈 주기,8,[ton.tʃu.ki],[don.dʒu.gi]
역시 그건,8,[jʌk̚.si.kɯ.kʌn],[jʌk̚.si.gɯ.gʌn]
역시 내 여자야,8,[jʌk̚.si.nɛ.jʌ.tʃa.ja],[jʌk̚.si.nɛ.jʌ.dʒa.ja]
돈 중에,8,[ton.tʃuŋ.e],[don.dʒuŋ.e]
돈 줘야,8,[ton.tʃwʌ.ja],[don.dʒwʌ.ja]
역시 똑같이,8,[jʌk̚.si.t͈ok̚.kat̚.i],[jʌk̚.si.t͈ok̚.kat̚.i]
역시 마찬가지죠,8,[jʌk̚.si.ma.tʃʰaŋ.ka.tʃi.tʃjo],[jʌk̚.si.ma.tʃʰaŋ.ka.dʒi.dʒjo]
역시 뭔가,8,[jʌk̚.si.mwʌŋ.ka],[jʌk̚.si.mwʌŋ.ka]
역시 수프,8,[jʌk̚.si.su.pʰɯ],[jʌk̚.si.su.pʰɯ]
없어 커피,8,[ʌp̚.ʌ.kʰʌ.pʰi],[ʌp̚.ʌ.kʰʌ.pʰi]
돈 펑펑,8,[tom.pʰʌm.pʰʌŋ],[dom.pʰʌm.pʰʌŋ]
존재를 믿는,8,[tʃon.tʃɛ.ɾɯl.mit̚.nɯn],[dʒon.tʃɛ.ɾɯl.mit̚.nɯn]
그럴 거야 네,8,[kɯ.ɾʌl.kʌ.ja.ne],[gɯ.ɾʌl.gʌ.ja.ne]
역시 이건,8,[jʌk̚.si.i.kʌn],[jʌk̚.si.i.gʌn]
존재하지도 않은,8,[tʃon.tʃɛ.ha.tʃi.to.an.ɯn],[dʒon.tʃɛ.ha.dʒi.do.an.ɯn]
목 매달아,8,[mok̚.mɛ.tal.a],[mok̚.mɛ.dal.a]
역시 한,8,[jʌk̚.si.han],[jʌk̚.si.han]
역에 있어요,8,[jʌk̚.e.it̚.ʌ.jo],[jʌk̚.e.it̚.ʌ.jo]
없어 클레어,8,[ʌp̚.ʌ.kʰɯl.ɾe.ʌ],[ʌp̚.ʌ.kʰɯl.ɾe.ʌ]
그럴 거야 이,8,[kɯ.ɾʌl.kʌ.ja.i],[gɯ.ɾʌl.gʌ.ja.i]
그럴 거야 정말,8,[kɯ.ɾʌl.kʌ.ja.tʃʌŋ.mal],[gɯ.ɾʌl.gʌ.ja.dʒʌŋ.mal]
역의 괴로운,8,[jʌk̚.ɯi.kwe.ɾo.un],[jʌk̚.ɯi.gwe.ɾo.un]
돈과 권력이,8,[toŋ.kwa.kwʌl.ljʌk̚.i],[doŋ.kwa.gwʌl.ljʌk̚.i]
역의 다급한 숨소리,8,[jʌk̚.ɯi.ta.kɯp̚.han.sum.so.ɾi],[jʌk̚.ɯi.da.gɯp̚.han.sum.so.ɾi]
역이 그 녀석이,8,[jʌk̚.i.kɯ.njʌ.sʌk̚.i],[jʌk̚.i.gɯ.njʌ.sʌk̚.i]
돈도 더 많이,8,[ton.to.tʌ.man.i],[don.to.dʌ.man.i]
돈도 많아,8,[ton.to.man.a],[don.to.man.a]
그럴 거예요 내가,8,[kɯ.ɾʌl.kʌ.je.jo.nɛ.ka],[gɯ.ɾʌl.gʌ.je.jo.nɛ.ga]
I''ll start again,8,,
돈도 많이 벌,8,[ton.to.man.i.pʌl],[don.to.man.i.bʌl]
그럴 거예요 이,8,[kɯ.ɾʌl.kʌ.je.jo.i],[gɯ.ɾʌl.gʌ.je.jo.i]
역할 할,8,[jʌk̚.hal.hal],[jʌk̚.hal.hal]
더는 제,8,[tʌ.nɯn.tʃe],[dʌ.nɯn.dʒe]
돈도 벌 수,8,[ton.to.pʌl.su],[don.to.bʌl.su]
존중하는 거야,8,[tʃon.tʃuŋ.ha.nɯŋ.kʌ.ja],[dʒon.tʃuŋ.ha.nɯn.gʌ.ja]
그럴 거잖아요,8,[kɯ.ɾʌl.kʌ.tʃan.a.jo],[gɯ.ɾʌl.gʌ.dʒan.a.jo]
없어 하나만,8,[ʌp̚.ʌ.ha.na.man],[ʌp̚.ʌ.ha.na.man]
목 졸라서,8,[mok̚.tʃol.ɾa.sʌ],[mok̚.dʒol.ɾa.sʌ]
역할을 하는 거죠,8,[jʌk̚.hal.ɯl.ha.nɯŋ.kʌ.tʃjo],[jʌk̚.hal.ɯl.ha.nɯn.gʌ.dʒjo]
역할을 하려고,8,[jʌk̚.hal.ɯl.ha.ɾjʌ.ko],[jʌk̚.hal.ɯl.ha.ɾjʌ.go]
나아질 거라는,8,[na.a.tʃil.kʌ.ɾa.nɯn],[na.a.dʒil.gʌ.ɾa.nɯn]
돈도 없었고,8,[ton.to.ʌp̚.ʌt̚.ko],[don.to.ʌp̚.ʌt̚.ko]
돈도 없잖아요,8,[ton.to.ʌp̚.tʃan.a.jo],[don.to.ʌp̚.tʃan.a.jo]
역할을 했다고,8,[jʌk̚.hal.ɯl.hɛt̚.ta.ko],[jʌk̚.hal.ɯl.hɛt̚.ta.go]
역할을 했습니다,8,[jʌk̚.hal.ɯl.hɛt̚.sɯp̚.ni.ta],[jʌk̚.hal.ɯl.hɛt̚.sɯp̚.ni.da]
have an appointment,8,,
그럴 것 같구나,8,[kɯ.ɾʌl.kʌt̚.kat̚.ku.na],[gɯ.ɾʌl.gʌt̚.gat̚.ku.na]
돈도 한,8,[ton.to.han],[don.to.han]
돈만 가지고,8,[ton.maŋ.ka.tʃi.ko],[don.man.ga.dʒi.go]
엮이는 거,8,[jʌk̚.i.nɯŋ.kʌ],[jʌk̚.i.nɯn.gʌ]
그럴 것 같다고,8,[kɯ.ɾʌl.kʌt̚.kat̚.ta.ko],[gɯ.ɾʌl.gʌt̚.gat̚.ta.go]
없어 할리우드,8,[ʌp̚.ʌ.hal.ɾi.u.tɯ],[ʌp̚.ʌ.hal.ɾi.u.dɯ]
없어 할머니,8,[ʌp̚.ʌ.hal.mʌ.ni],[ʌp̚.ʌ.hal.mʌ.ni]
돈만 있으면 돼,8,[ton.man.it̚.ɯ.mjʌn.twɛ],[don.man.it̚.ɯ.mjʌn.dwɛ]
돈방석에 곱게,8,[tom.paŋ.sʌk̚.e.kop̚.ke],[dom.paŋ.sʌk̚.e.gop̚.ke]
돈방석에 곱게 앉아,8,[tom.paŋ.sʌk̚.e.kop̚.ke.an.a],[dom.paŋ.sʌk̚.e.gop̚.ke.an.a]
돈방석에 곱게 앉아 있지,8,[tom.paŋ.sʌk̚.e.kop̚.ke.an.a.it̚.tʃi],[dom.paŋ.sʌk̚.e.gop̚.ke.an.a.it̚.tʃi]
연결 이,8,[jʌŋ.kjʌl.i],[jʌŋ.kjʌl.i]
연결 중이야,8,[jʌŋ.kjʌl.tʃuŋ.i.ja],[jʌŋ.kjʌl.dʒuŋ.i.ja]
없어 행복할 시간이니까 기분이,8,[ʌp̚.ʌ.hɛm.pok̚.hal.si.kan.i.ni.k͈a.ki.pun.i],[ʌp̚.ʌ.hɛŋ.bok̚.hal.si.gan.i.ni.k͈a.gi.bun.i]
연결 지을,8,[jʌŋ.kjʌl.tʃi.ɯl],[jʌŋ.kjʌl.dʒi.ɯl]
연결돼 있네,8,[jʌŋ.kjʌl.twɛ.it̚.ne],[jʌŋ.kjʌl.twɛ.it̚.ne]
연결돼 있다고,8,[jʌŋ.kjʌl.twɛ.it̚.ta.ko],[jʌŋ.kjʌl.twɛ.it̚.ta.go]
그럴 것 같지는,8,[kɯ.ɾʌl.kʌt̚.kat̚.tʃi.nɯn],[gɯ.ɾʌl.gʌt̚.gat̚.tʃi.nɯn]
연결돼 있죠,8,[jʌŋ.kjʌl.twɛ.it̚.tʃjo],[jʌŋ.kjʌl.twɛ.it̚.tʃjo]
돈으로 그,8,[ton.ɯ.ɾo.kɯ],[don.ɯ.ɾo.gɯ]
돈으로 날,8,[ton.ɯ.ɾo.nal],[don.ɯ.ɾo.nal]
돈으로 못,8,[ton.ɯ.ɾo.mot̚],[don.ɯ.ɾo.mot̚]
연결된 것 같아,8,[jʌŋ.kjʌl.tweŋ.kʌt̚.kat̚.a],[jʌŋ.kjʌl.twen.gʌt̚.gat̚.a]
연결될 겁니다,8,[jʌŋ.kjʌl.twel.kʌp̚.ni.ta],[jʌŋ.kjʌl.twel.gʌp̚.ni.da]
돈으로 사,8,[ton.ɯ.ɾo.sa],[don.ɯ.ɾo.sa]
졸업 작품,8,[tʃol.ʌp̚.tʃak̚.pʰum],[dʒol.ʌp̚.dʒak̚.pʰum]
연결시킬 수 있는,8,[jʌŋ.kjʌl.si.kʰil.su.it̚.nɯn],[jʌŋ.kjʌl.si.kʰil.su.it̚.nɯn]
돈으로 살 순,8,[ton.ɯ.ɾo.sal.sun],[don.ɯ.ɾo.sal.sun]
연결이 돼,8,[jʌŋ.kjʌl.i.twɛ],[jʌŋ.kjʌl.i.dwɛ]
돈으로 샀어요,8,[ton.ɯ.ɾo.sat̚.ʌ.jo],[don.ɯ.ɾo.sat̚.ʌ.jo]
그럴 것이라는 것을,8,[kɯ.ɾʌl.kʌt̚.i.ɾa.nɯŋ.kʌt̚.ɯl],[gɯ.ɾʌl.gʌt̚.i.ɾa.nɯn.gʌt̚.ɯl]
졸업생 여러분,8,[tʃol.ʌp̚.sɛŋ.jʌ.ɾʌ.pun],[dʒol.ʌp̚.sɛŋ.jʌ.ɾʌ.bun]
have any idea how,8,,
연결하면 돼,8,[jʌŋ.kjʌl.ha.mjʌn.twɛ],[jʌŋ.kjʌl.ha.mjʌn.dwɛ]
세상에 이상한,8,[se.saŋ.e.i.saŋ.han],[se.saŋ.e.i.saŋ.han]
연결할 수 있어요,8,[jʌŋ.kjʌl.hal.su.it̚.ʌ.jo],[jʌŋ.kjʌl.hal.su.it̚.ʌ.jo]
연결해 달라고,8,[jʌŋ.kjʌl.hɛ.tal.ɾa.ko],[jʌŋ.kjʌl.hɛ.dal.ɾa.go]
졸지 마,8,[tʃol.tʃi.ma],[dʒol.tʃi.ma]
없어도 우린,8,[ʌp̚.ʌ.to.u.ɾin],[ʌp̚.ʌ.do.u.ɾin]
연고 좀,8,[jʌŋ.ko.tʃom],[jʌŋ.ko.dʒom]
그럴 권리 없어요,8,[kɯ.ɾʌl.kwʌl.li.ʌp̚.ʌ.jo],[gɯ.ɾʌl.gwʌl.li.ʌp̚.ʌ.jo]
연관되어 있습니다,8,[jʌŋ.kwan.twe.ʌ.it̚.sɯp̚.ni.ta],[jʌŋ.kwan.twe.ʌ.it̚.sɯp̚.ni.da]
돈은 다 어디서,8,[ton.ɯn.ta.ʌ.ti.sʌ],[don.ɯn.da.ʌ.di.sʌ]
돈은 당신,8,[ton.ɯn.taŋ.sin],[don.ɯn.daŋ.sin]
연관성을 찾을,8,[jʌŋ.kwan.sʌŋ.ɯl.tʃʰat̚.ɯl],[jʌŋ.kwan.sʌŋ.ɯl.tʃʰat̚.ɯl]
거죠 적어도,8,[kʌ.tʃjo.tʃʌk̚.ʌ.to],[gʌ.dʒjo.dʒʌk̚.ʌ.do]
연관이 없어,8,[jʌŋ.kwan.i.ʌp̚.ʌ],[jʌŋ.kwan.i.ʌp̚.ʌ]
그럴 기분이 아냐,8,[kɯ.ɾʌl.ki.pun.i.a.nja],[gɯ.ɾʌl.gi.bun.i.a.nja]
연관이 있나,8,[jʌŋ.kwan.i.it̚.na],[jʌŋ.kwan.i.it̚.na]
더러운 돼지,8,[tʌ.ɾʌ.un.twɛ.tʃi],[dʌ.ɾʌ.un.dwɛ.dʒi]
나를 포기하지,8,[na.ɾɯl.pʰo.ki.ha.tʃi],[na.ɾɯl.pʰo.gi.ha.dʒi]
돈은 받을 수,8,[ton.ɯm.pat̚.ɯl.su],[don.ɯn.bat̚.ɯl.su]
돈은 신경,8,[ton.ɯn.siŋ.kjʌŋ],[don.ɯn.siŋ.kjʌŋ]
그러지 마 안돼,8,[kɯ.ɾʌ.tʃi.ma.an.twɛ],[gɯ.ɾʌ.dʒi.ma.an.twɛ]
목격자를 찾을,8,[mok̚.kjʌk̚.tʃa.ɾɯl.tʃʰat̚.ɯl],[mok̚.kjʌk̚.tʃa.ɾɯl.tʃʰat̚.ɯl]
연구 자료가,8,[jʌŋ.ku.tʃa.ɾjo.ka],[jʌŋ.ku.dʒa.ɾjo.ga]
연구 중입니다,8,[jʌŋ.ku.tʃuŋ.ip̚.ni.ta],[jʌŋ.ku.dʒuŋ.ip̚.ni.da]
돈은 어디서 난,8,[ton.ɯn.ʌ.ti.sʌ.nan],[don.ɯn.ʌ.di.sʌ.nan]
연구를 진행,8,[jʌŋ.ku.ɾɯl.tʃin.hɛŋ],[jʌŋ.ku.ɾɯl.dʒin.hɛŋ]
돈은 얼마,8,[ton.ɯn.ʌl.ma],[don.ɯn.ʌl.ma]
그럴 돈도,8,[kɯ.ɾʌl.ton.to],[gɯ.ɾʌl.don.to]
연구를 하면서,8,[jʌŋ.ku.ɾɯl.ha.mjʌn.sʌ],[jʌŋ.ku.ɾɯl.ha.mjʌn.sʌ]
연구소에 가서,8,[jʌŋ.ku.so.e.ka.sʌ],[jʌŋ.ku.so.e.ga.sʌ]
돈은 우리,8,[ton.ɯn.u.ɾi],[don.ɯn.u.ɾi]
연구실에 있던,8,[jʌŋ.ku.sil.e.it̚.tʌn],[jʌŋ.ku.sil.e.it̚.tʌn]
좀 가져다줄게,8,[tʃom.ka.tʃjʌ.ta.tʃul.ke],[dʒom.ga.dʒjʌ.da.dʒul.ke]
연구하기 위해,8,[jʌŋ.ku.ha.ki.wi.hɛ],[jʌŋ.ku.ha.gi.wi.hɛ]
연구한 결과,8,[jʌŋ.ku.haŋ.kjʌl.kwa],[jʌŋ.ku.han.gjʌl.kwa]
연구해 온,8,[jʌŋ.ku.hɛ.on],[jʌŋ.ku.hɛ.on]
연극 말이야,8,[jʌŋ.kɯk̚.mal.i.ja],[jʌŋ.kɯk̚.mal.i.ja]
그럴 때가 있어요,8,[kɯ.ɾʌl.t͈ɛ.ka.it̚.ʌ.jo],[gɯ.ɾʌl.t͈ɛ.ga.it̚.ʌ.jo]
연극 좀,8,[jʌŋ.kɯk̚.tʃom],[jʌŋ.kɯk̚.dʒom]
연극은 안,8,[jʌŋ.kɯk̚.ɯn.an],[jʌŋ.kɯk̚.ɯn.an]
그럴 때가 있죠,8,[kɯ.ɾʌl.t͈ɛ.ka.it̚.tʃjo],[gɯ.ɾʌl.t͈ɛ.ga.it̚.tʃjo]
돈은 항상,8,[ton.ɯn.haŋ.saŋ],[don.ɯn.haŋ.saŋ]
세상에 참,8,[se.saŋ.e.tʃʰam],[se.saŋ.e.tʃʰam]
그럴 때도 있어,8,[kɯ.ɾʌl.t͈ɛ.to.it̚.ʌ],[gɯ.ɾʌl.t͈ɛ.do.it̚.ʌ]
돈을 갖고 있는,8,[ton.ɯl.kat̚.ko.it̚.nɯn],[don.ɯl.gat̚.ko.it̚.nɯn]
게 있는데 네가,8,[ke.it̚.nɯn.te.ne.ka],[ge.it̚.nɯn.te.ne.ga]
돈을 건,8,[ton.ɯl.kʌn],[don.ɯl.gʌn]
그럴 리 없겠지,8,[kɯ.ɾʌl.ɾi.ʌp̚.ket̚.tʃi],[gɯ.ɾʌl.ɾi.ʌp̚.ket̚.tʃi]
돈을 걸어도,8,[ton.ɯl.kʌl.ʌ.to],[don.ɯl.gʌl.ʌ.do]
거죠 하나,8,[kʌ.tʃjo.ha.na],[gʌ.dʒjo.ha.na]
돈을 계속,8,[ton.ɯl.kje.sok̚],[don.ɯl.gje.sok̚]
연대감이 증진될,8,[jʌn.tɛ.kam.i.tʃɯŋ.tʃin.twel],[jʌn.tɛ.gam.i.dʒɯŋ.dʒin.twel]
연대감이 증진될 것입니다,8,[jʌn.tɛ.kam.i.tʃɯŋ.tʃin.twel.kʌt̚.ip̚.ni.ta],[jʌn.tɛ.gam.i.dʒɯŋ.dʒin.twel.gʌt̚.ip̚.ni.da]
연대기'' 지난,8,[jʌn.tɛ.ki.tʃi.nan],[jʌn.tɛ.gi.dʒi.nan]
연대기'' 지난 이야기,8,[jʌn.tɛ.ki.tʃi.nan.i.ja.ki],[jʌn.tɛ.gi.dʒi.nan.i.ja.gi]
없어요 가,8,[ʌp̚.ʌ.jo.ka],[ʌp̚.ʌ.jo.ga]
연락 두절이에요,8,[jʌl.lak̚.tu.tʃʌl.i.e.jo],[jʌl.lak̚.du.dʒʌl.i.e.jo]
연락 받았는데,8,[jʌl.lak̚.pat̚.at̚.nɯn.te],[jʌl.lak̚.bat̚.at̚.nɯn.te]
연락 받았어요,8,[jʌl.lak̚.pat̚.at̚.ʌ.jo],[jʌl.lak̚.bat̚.at̚.ʌ.jo]
돈을 내야죠,8,[ton.ɯl.lɛ.ja.tʃjo],[don.ɯl.lɛ.ja.dʒjo]
그럴 리가 그럼,8,[kɯ.ɾʌl.ɾi.ka.kɯ.ɾʌm],[gɯ.ɾʌl.ɾi.ga.gɯ.ɾʌm]
그럴 리가 난,8,[kɯ.ɾʌl.ɾi.ka.nan],[gɯ.ɾʌl.ɾi.ga.nan]
그럴 리가 내가,8,[kɯ.ɾʌl.ɾi.ka.nɛ.ka],[gɯ.ɾʌl.ɾi.ga.nɛ.ga]
연락 있었어,8,[jʌl.lak̚.it̚.ʌt̚.ʌ],[jʌl.lak̚.it̚.ʌt̚.ʌ]
연락 주세요 감사합니다,8,[jʌl.lak̚.tʃu.se.jo.kam.sa.hap̚.ni.ta],[jʌl.lak̚.dʒu.se.jo.gam.sa.hap̚.ni.da]
연락 줄게요,8,[jʌl.lak̚.tʃul.ke.jo],[jʌl.lak̚.dʒul.ke.jo]
연락 할 수,8,[jʌl.lak̚.hal.su],[jʌl.lak̚.hal.su]
돈을 대고,8,[ton.ɯl.tɛ.ko],[don.ɯl.dɛ.go]
돈을 대는,8,[ton.ɯl.tɛ.nɯn],[don.ɯl.dɛ.nɯn]
연락도 안 했어요,8,[jʌl.lak̚.to.an.hɛt̚.ʌ.jo],[jʌl.lak̚.to.an.hɛt̚.ʌ.jo]
세상에서 가장 운이,8,[se.saŋ.e.sʌ.ka.tʃaŋ.un.i],[se.saŋ.e.sʌ.ga.dʒaŋ.un.i]
got so,8,,
연락은 해,8,[jʌl.lak̚.ɯn.hɛ],[jʌl.lak̚.ɯn.hɛ]
연락을 기다리는,8,[jʌl.lak̚.ɯl.ki.ta.ɾi.nɯn],[jʌl.lak̚.ɯl.gi.da.ɾi.nɯn]
그럴 리가요 이,8,[kɯ.ɾʌl.ɾi.ka.jo.i],[gɯ.ɾʌl.ɾi.ga.jo.i]
그럴 리는 없겠죠,8,[kɯ.ɾʌl.ɾi.nɯn.ʌp̚.ket̚.tʃjo],[gɯ.ɾʌl.ɾi.nɯn.ʌp̚.ket̚.tʃjo]
그럴 리는 없어요,8,[kɯ.ɾʌl.ɾi.nɯn.ʌp̚.ʌ.jo],[gɯ.ɾʌl.ɾi.nɯn.ʌp̚.ʌ.jo]
연락을 잘,8,[jʌl.lak̚.ɯl.tʃal],[jʌl.lak̚.ɯl.dʒal]
연락을 취해,8,[jʌl.lak̚.ɯl.tʃʰwi.hɛ],[jʌl.lak̚.ɯl.tʃʰwi.hɛ]
없어요 그 사람이,8,[ʌp̚.ʌ.jo.kɯ.sa.ɾam.i],[ʌp̚.ʌ.jo.gɯ.sa.ɾam.i]
연락을 하려고,8,[jʌl.lak̚.ɯl.ha.ɾjʌ.ko],[jʌl.lak̚.ɯl.ha.ɾjʌ.go]
없어요 굳이,8,[ʌp̚.ʌ.jo.kut̚.i],[ʌp̚.ʌ.jo.gut̚.i]
돈을 많이 벌 수,8,[ton.ɯl.man.i.pʌl.su],[don.ɯl.man.i.bʌl.su]
거지 가끔,8,[kʌ.tʃi.ka.k͈ɯm],[gʌ.dʒi.ga.k͈ɯm]
돈을 모아야,8,[ton.ɯl.mo.a.ja],[don.ɯl.mo.a.ja]
좀 계속,8,[tʃom.kje.sok̚],[dʒom.gje.sok̚]
연락이 닿으면,8,[jʌl.lak̚.i.tat̚.ɯ.mjʌn],[jʌl.lak̚.i.dat̚.ɯ.mjʌn]
그럴 만큼,8,[kɯ.ɾʌl.maŋ.kʰɯm],[gɯ.ɾʌl.maŋ.kʰɯm]
연락이 닿을,8,[jʌl.lak̚.i.tat̚.ɯl],[jʌl.lak̚.i.dat̚.ɯl]
연락이 됐어,8,[jʌl.lak̚.i.twɛt̚.ʌ],[jʌl.lak̚.i.dwɛt̚.ʌ]
And I thought,8,,
돈을 모으면,8,[ton.ɯl.mo.ɯ.mjʌn],[don.ɯl.mo.ɯ.mjʌn]
돈을 바라는,8,[ton.ɯl.pa.ɾa.nɯn],[don.ɯl.ba.ɾa.nɯn]
돈을 받게 될,8,[ton.ɯl.pat̚.ke.twel],[don.ɯl.bat̚.ke.dwel]
없어요 그것도,8,[ʌp̚.ʌ.jo.kɯ.kʌt̚.to],[ʌp̚.ʌ.jo.gɯ.gʌt̚.to]
연락이 없었어,8,[jʌl.lak̚.i.ʌp̚.ʌt̚.ʌ],[jʌl.lak̚.i.ʌp̚.ʌt̚.ʌ]
그럴 만한 사정이,8,[kɯ.ɾʌl.man.han.sa.tʃʌŋ.i],[gɯ.ɾʌl.man.han.sa.dʒʌŋ.i]
연락이 온,8,[jʌl.lak̚.i.on],[jʌl.lak̚.i.on]
연락이 올 거예요,8,[jʌl.lak̚.i.ol.kʌ.je.jo],[jʌl.lak̚.i.ol.gʌ.je.jo]
연락이 왔었어,8,[jʌl.lak̚.i.wat̚.ʌt̚.ʌ],[jʌl.lak̚.i.wat̚.ʌt̚.ʌ]
연락이 왔을,8,[jʌl.lak̚.i.wat̚.ɯl],[jʌl.lak̚.i.wat̚.ɯl]
연락이 잘 안,8,[jʌl.lak̚.i.tʃal.an],[jʌl.lak̚.i.dʒal.an]
you to have,8,,
연락하고 싶으면,8,[jʌl.lak̚.ha.ko.sip̚.ɯ.mjʌn],[jʌl.lak̚.ha.go.sip̚.ɯ.mjʌn]
더블 에스프레소,8,[tʌ.pɯl.e.sɯ.pʰɯ.ɾe.so],[dʌ.bɯl.e.sɯ.pʰɯ.ɾe.so]
연락하도록 하지,8,[jʌl.lak̚.ha.to.ɾok̚.ha.tʃi],[jʌl.lak̚.ha.do.ɾok̚.ha.dʒi]
연락하라고 했어요,8,[jʌl.lak̚.ha.ɾa.ko.hɛt̚.ʌ.jo],[jʌl.lak̚.ha.ɾa.go.hɛt̚.ʌ.jo]
거지 같은 거,8,[kʌ.tʃi.kat̚.ɯŋ.kʌ],[gʌ.dʒi.gat̚.ɯn.gʌ]
연락하실 거예요,8,[jʌl.lak̚.ha.sil.kʌ.je.jo],[jʌl.lak̚.ha.sil.gʌ.je.jo]
연락하지 않았다,8,[jʌl.lak̚.ha.tʃi.an.at̚.ta],[jʌl.lak̚.ha.dʒi.an.at̚.ta]
연락하지 않았어,8,[jʌl.lak̚.ha.tʃi.an.at̚.ʌ],[jʌl.lak̚.ha.dʒi.an.at̚.ʌ]
연락한 걸,8,[jʌl.lak̚.haŋ.kʌl],[jʌl.lak̚.han.gʌl]
좀 궁금해서요,8,[tʃom.kuŋ.kɯm.hɛ.sʌ.jo],[dʒom.guŋ.gɯm.hɛ.sʌ.jo]
have eyes,8,,
돈을 벌러,8,[ton.ɯl.pʌl.ɾʌ],[don.ɯl.bʌl.ɾʌ]
연락할 사람은,8,[jʌl.lak̚.hal.sa.ɾam.ɯn],[jʌl.lak̚.hal.sa.ɾam.ɯn]
연락할 수 있다,8,[jʌl.lak̚.hal.su.it̚.ta],[jʌl.lak̚.hal.su.it̚.ta]
거지 같은데,8,[kʌ.tʃi.kat̚.ɯn.te],[gʌ.dʒi.gat̚.ɯn.te]
더블유 그 주인공 강철은,8,[tʌ.pɯl.ju.kɯ.tʃu.iŋ.koŋ.kaŋ.tʃʰʌl.ɯn],[dʌ.bɯl.ju.gɯ.dʒu.iŋ.koŋ.gaŋ.tʃʰʌl.ɯn]
연락할게요 그래,8,[jʌl.lak̚.hal.ke.jo.kɯ.ɾɛ],[jʌl.lak̚.hal.ke.jo.gɯ.ɾɛ]
연락해 달라고,8,[jʌl.lak̚.hɛ.tal.ɾa.ko],[jʌl.lak̚.hɛ.dal.ɾa.go]
연락해 볼,8,[jʌl.lak̚.hɛ.pol],[jʌl.lak̚.hɛ.bol]
돈을 보낼,8,[ton.ɯl.po.nɛl],[don.ɯl.bo.nɛl]
돈을 빌려줄,8,[ton.ɯl.pil.ɾjʌ.tʃul],[don.ɯl.bil.ɾjʌ.dʒul]
돈을 빌렸다고,8,[ton.ɯl.pil.ɾjʌt̚.ta.ko],[don.ɯl.bil.ɾjʌt̚.ta.go]
그럴 생각은 전혀,8,[kɯ.ɾʌl.sɛŋ.kak̚.ɯn.tʃʌn.hjʌ],[gɯ.ɾʌl.sɛŋ.gak̚.ɯn.dʒʌn.hjʌ]
have finally,8,,
연료가 공급되고,8,[jʌl.ljo.ka.koŋ.kɯp̚.twe.ko],[jʌl.ljo.ga.goŋ.gɯp̚.twe.go]
좀 그만 내,8,[tʃom.kɯ.man.nɛ],[dʒom.gɯ.man.nɛ]
그 애가 그,8,[kɯ.ɛ.ka.kɯ],[gɯ.ɛ.ga.gɯ]
돈을 숨길,8,[ton.ɯl.sum.kil],[don.ɯl.sum.kil]
그러지 마요 난,8,[kɯ.ɾʌ.tʃi.ma.jo.nan],[gɯ.ɾʌ.dʒi.ma.jo.nan]
연루되고 싶지,8,[jʌl.lu.twe.ko.sip̚.tʃi],[jʌl.lu.dwe.go.sip̚.tʃi]
연루되어 있습니다,8,[jʌl.lu.twe.ʌ.it̚.sɯp̚.ni.ta],[jʌl.lu.dwe.ʌ.it̚.sɯp̚.ni.da]
좀 그만해 나도,8,[tʃom.kɯ.man.hɛ.na.to],[dʒom.gɯ.man.hɛ.na.do]
돈을 아끼려고,8,[ton.ɯl.a.k͈i.ɾjʌ.ko],[don.ɯl.a.k͈i.ɾjʌ.go]
그러지 말라니까,8,[kɯ.ɾʌ.tʃi.mal.ɾa.ni.k͈a],[gɯ.ɾʌ.dʒi.mal.ɾa.ni.k͈a]
연방 공무원,8,[jʌm.paŋ.koŋ.mu.wʌn],[jʌm.paŋ.goŋ.mu.wʌn]
연방 기관,8,[jʌm.paŋ.ki.kwan],[jʌm.paŋ.gi.gwan]
연방 법원에,8,[jʌm.pam.pʌp̚.wʌn.e],[jʌm.paŋ.bʌp̚.wʌn.e]
연방 법원에서,8,[jʌm.pam.pʌp̚.wʌn.e.sʌ],[jʌm.paŋ.bʌp̚.wʌn.e.sʌ]
좀 기다려봐요,8,[tʃom.ki.ta.ɾjʌ.pwa.jo],[dʒom.gi.da.ɾjʌ.bwa.jo]
돈을 얻을,8,[ton.ɯl.ʌt̚.ɯl],[don.ɯl.ʌt̚.ɯl]
연방 우주선,8,[jʌm.paŋ.u.tʃu.sʌn],[jʌm.paŋ.u.dʒu.sʌn]
연방 우주선 선저우다 응답하라,8,[jʌm.paŋ.u.tʃu.sʌn.sʌn.tʃʌ.u.ta.ɯŋ.tap̚.ha.ɾa],[jʌm.paŋ.u.dʒu.sʌn.sʌn.tʃʌ.u.da.ɯŋ.dap̚.ha.ɾa]
그럴 수 없어 내,8,[kɯ.ɾʌl.su.ʌp̚.ʌ.nɛ],[gɯ.ɾʌl.su.ʌp̚.ʌ.nɛ]
연방 정부를,8,[jʌm.paŋ.tʃʌm.pu.ɾɯl],[jʌm.paŋ.dʒʌŋ.bu.ɾɯl]
연방 정부와,8,[jʌm.paŋ.tʃʌm.pu.wa],[jʌm.paŋ.dʒʌŋ.bu.wa]
연방 총괄팀,8,[jʌm.paŋ.tʃʰoŋ.kwal.tʰim],[jʌm.paŋ.tʃʰoŋ.gwal.tʰim]
I''m flying,8,,
연설 좀 안,8,[jʌn.sʌl.tʃom.an],[jʌn.sʌl.dʒom.an]
연설 좀 안 하게,8,[jʌn.sʌl.tʃom.an.ha.ke],[jʌn.sʌl.dʒom.an.ha.ge]
돈을 원한다면,8,[ton.ɯl.wʌn.han.ta.mjʌn],[don.ɯl.wʌn.han.ta.mjʌn]
그럴 수 없었죠,8,[kɯ.ɾʌl.su.ʌp̚.ʌt̚.tʃjo],[gɯ.ɾʌl.su.ʌp̚.ʌt̚.tʃjo]
그럴 수 없었지,8,[kɯ.ɾʌl.su.ʌp̚.ʌt̚.tʃi],[gɯ.ɾʌl.su.ʌp̚.ʌt̚.tʃi]
연설을 통해,8,[jʌn.sʌl.ɯl.tʰoŋ.hɛ],[jʌn.sʌl.ɯl.tʰoŋ.hɛ]
거지 그녀는,8,[kʌ.tʃi.kɯ.njʌ.nɯn],[gʌ.dʒi.gɯ.njʌ.nɯn]
have gotten,8,,
거지 그래서 내가,8,[kʌ.tʃi.kɯ.ɾɛ.sʌ.nɛ.ka],[gʌ.dʒi.gɯ.ɾɛ.sʌ.nɛ.ga]
돈을 주고 있어,8,[ton.ɯl.tʃu.ko.it̚.ʌ],[don.ɯl.dʒu.go.it̚.ʌ]
돈을 주는 게,8,[ton.ɯl.tʃu.nɯŋ.ke],[don.ɯl.dʒu.nɯn.ge]
연습 더,8,[jʌn.sɯp̚.tʌ],[jʌn.sɯp̚.dʌ]
돈을 주라고,8,[ton.ɯl.tʃu.ɾa.ko],[don.ɯl.dʒu.ɾa.go]
돈을 주려는,8,[ton.ɯl.tʃu.ɾjʌ.nɯn],[don.ɯl.dʒu.ɾjʌ.nɯn]
연습 좀 하고,8,[jʌn.sɯp̚.tʃom.ha.ko],[jʌn.sɯp̚.dʒom.ha.go]
없어요 누굴,8,[ʌp̚.ʌ.jo.nu.kul],[ʌp̚.ʌ.jo.nu.gul]
연습 한,8,[jʌn.sɯp̚.han],[jʌn.sɯp̚.han]
연습 해,8,[jʌn.sɯp̚.hɛ],[jʌn.sɯp̚.hɛ]
연습 후에,8,[jʌn.sɯp̚.hu.e],[jʌn.sɯp̚.hu.e]
연습도 안,8,[jʌn.sɯp̚.to.an],[jʌn.sɯp̚.to.an]
돈을 주진,8,[ton.ɯl.tʃu.tʃin],[don.ɯl.dʒu.dʒin]
돈을 줄 수 있어,8,[ton.ɯl.tʃul.su.it̚.ʌ],[don.ɯl.dʒul.su.it̚.ʌ]
연습하고 있는,8,[jʌn.sɯp̚.ha.ko.it̚.nɯn],[jʌn.sɯp̚.ha.go.it̚.nɯn]
연습한 거예요,8,[jʌn.sɯp̚.haŋ.kʌ.je.jo],[jʌn.sɯp̚.han.gʌ.je.jo]
그럴 수 있단,8,[kɯ.ɾʌl.su.it̚.tan],[gɯ.ɾʌl.su.it̚.tan]
돈을 줬나요,8,[ton.ɯl.tʃwʌt̚.na.jo],[don.ɯl.dʒwʌt̚.na.jo]
연습해야 돼,8,[jʌn.sɯp̚.hɛ.ja.twɛ],[jʌn.sɯp̚.hɛ.ja.dwɛ]
연애 사업은,8,[jʌn.ɛ.sa.ʌp̚.ɯn],[jʌn.ɛ.sa.ʌp̚.ɯn]
연애는 안,8,[jʌn.ɛ.nɯn.an],[jʌn.ɛ.nɯn.an]
돈을 지불해,8,[ton.ɯl.tʃi.pul.hɛ],[don.ɯl.dʒi.bul.hɛ]
연연하지 마,8,[jʌn.jʌn.ha.tʃi.ma],[jʌn.jʌn.ha.dʒi.ma]
돈을 지불했어,8,[ton.ɯl.tʃi.pul.hɛt̚.ʌ],[don.ɯl.dʒi.bul.hɛt̚.ʌ]
그럴 수 있을지 모르겠어요,8,[kɯ.ɾʌl.su.it̚.ɯl.tʃi.mo.ɾɯ.ket̚.ʌ.jo],[gɯ.ɾʌl.su.it̚.ɯl.tʃi.mo.ɾɯ.get̚.ʌ.jo]
좀 나갔다 올게요,8,[tʃom.na.kat̚.ta.ol.ke.jo],[dʒom.na.gat̚.ta.ol.ke.jo]
돈을 찾아서,8,[ton.ɯl.tʃʰat̚.a.sʌ],[don.ɯl.tʃʰat̚.a.sʌ]
연인 사이가,8,[jʌn.in.sa.i.ka],[jʌn.in.sa.i.ga]
돈을 찾을 수,8,[ton.ɯl.tʃʰat̚.ɯl.su],[don.ɯl.tʃʰat̚.ɯl.su]
목소리에 집중해요,8,[mok̚.so.ɾi.e.tʃip̚.tʃuŋ.hɛ.jo],[mok̚.so.ɾi.e.dʒip̚.tʃuŋ.hɛ.jo]
그럴 수가 없는,8,[kɯ.ɾʌl.su.ka.ʌp̚.nɯn],[gɯ.ɾʌl.su.ga.ʌp̚.nɯn]
연주 중,8,[jʌn.tʃu.tʃuŋ],[jʌn.tʃu.dʒuŋ]
연주는 안,8,[jʌn.tʃu.nɯn.an],[jʌn.tʃu.nɯn.an]
연주도 하고,8,[jʌn.tʃu.to.ha.ko],[jʌn.tʃu.do.ha.go]
연주를 못,8,[jʌn.tʃu.ɾɯl.mot̚],[jʌn.tʃu.ɾɯl.mot̚]
연주를 한다,8,[jʌn.tʃu.ɾɯl.han.ta],[jʌn.tʃu.ɾɯl.han.ta]
연주를 할,8,[jʌn.tʃu.ɾɯl.hal],[jʌn.tʃu.ɾɯl.hal]
연주하는 거야,8,[jʌn.tʃu.ha.nɯŋ.kʌ.ja],[jʌn.tʃu.ha.nɯn.gʌ.ja]
연주하는 건,8,[jʌn.tʃu.ha.nɯŋ.kʌn],[jʌn.tʃu.ha.nɯn.gʌn]
평생을 알고,8,[pʰjʌŋ.sɛŋ.ɯl.al.ko],[pʰjʌŋ.sɛŋ.ɯl.al.ko]
연주하는 법을,8,[jʌn.tʃu.ha.nɯm.pʌp̚.ɯl],[jʌn.tʃu.ha.nɯn.bʌp̚.ɯl]
좀 나온,8,[tʃom.na.on],[dʒom.na.on]
연줄이 있나,8,[jʌn.tʃul.i.it̚.na],[jʌn.tʃul.i.it̚.na]
돈이 남아,8,[ton.i.nam.a],[don.i.nam.a]
연필 좀,8,[jʌm.pʰil.tʃom],[jʌm.pʰil.dʒom]
돈이 내,8,[ton.i.nɛ],[don.i.nɛ]
연희의 겁먹은 숨소리,8,[jʌn.hɯi.ɯi.kʌp̚.mʌk̚.ɯn.sum.so.ɾi],[jʌn.hɯi.ɯi.gʌp̚.mʌk̚.ɯn.sum.so.ɾi]
돈이 다가,8,[ton.i.ta.ka],[don.i.da.ga]
세상을 구했잖아요,8,[se.saŋ.ɯl.ku.hɛt̚.tʃan.a.jo],[se.saŋ.ɯl.gu.hɛt̚.tʃan.a.jo]
연희의 성난,8,[jʌn.hɯi.ɯi.sʌŋ.nan],[jʌn.hɯi.ɯi.sʌŋ.nan]
돈이 돈을,8,[ton.i.ton.ɯl],[don.i.don.ɯl]
열 개라도 할,8,[jʌl.kɛ.ɾa.to.hal],[jʌl.gɛ.ɾa.do.hal]
그럴 수도 있나,8,[kɯ.ɾʌl.su.to.it̚.na],[gɯ.ɾʌl.su.do.it̚.na]
돈이 들어가고,8,[ton.i.tɯl.ʌ.ka.ko],[don.i.dɯl.ʌ.ga.go]
거지 나를,8,[kʌ.tʃi.na.ɾɯl],[gʌ.dʒi.na.ɾɯl]
돈이 떨어질,8,[ton.i.t͈ʌl.ʌ.tʃil],[don.i.t͈ʌl.ʌ.dʒil]
돈이 떨어져서,8,[ton.i.t͈ʌl.ʌ.tʃjʌ.sʌ],[don.i.t͈ʌl.ʌ.dʒjʌ.sʌ]
열 명 중,8,[jʌl.mjʌŋ.tʃuŋ],[jʌl.mjʌŋ.dʒuŋ]
돈이 많다고,8,[ton.i.man.ta.ko],[don.i.man.ta.go]
목숨도 맡길,8,[mok̚.sun.to.mat̚.kil],[mok̚.sun.to.mat̚.kil]
좀 낫나요,8,[tʃom.nat̚.na.jo],[dʒom.nat̚.na.jo]
열 받게 하면,8,[jʌl.pat̚.ke.ha.mjʌn],[jʌl.bat̚.ke.ha.mjʌn]
열 받게 했어,8,[jʌl.pat̚.ke.hɛt̚.ʌ],[jʌl.bat̚.ke.hɛt̚.ʌ]
돈이 많을,8,[ton.i.man.ɯl],[don.i.man.ɯl]
좀 났다고,8,[tʃom.nat̚.ta.ko],[dʒom.nat̚.ta.go]
열 배 더,8,[jʌl.pɛ.tʌ],[jʌl.bɛ.dʌ]
그러지 않겠어,8,[kɯ.ɾʌ.tʃi.aŋ.ket̚.ʌ],[gɯ.ɾʌ.dʒi.aŋ.ket̚.ʌ]
열 번도 넘게,8,[jʌl.pʌn.to.nʌm.ke],[jʌl.bʌn.to.nʌm.ke]
돈이 썩어,8,[ton.i.s͈ʌk̚.ʌ],[don.i.s͈ʌk̚.ʌ]
돈이 아니라요,8,[ton.i.a.ni.ɾa.jo],[don.i.a.ni.ɾa.jo]
좀 나아질 것,8,[tʃom.na.a.tʃil.kʌt̚],[dʒom.na.a.dʒil.gʌt̚]
열 수 있죠,8,[jʌl.su.it̚.tʃjo],[jʌl.su.it̚.tʃjo]
열 신호도,8,[jʌl.sin.ho.to],[jʌl.sin.ho.do]
열 신호가,8,[jʌl.sin.ho.ka],[jʌl.sin.ho.ga]
열 열하나,8,[jʌl.jʌl.ha.na],[jʌl.jʌl.ha.na]
you to take,8,,
열게 된,8,[jʌl.ke.twen],[jʌl.ke.dwen]
그럴 수밖에 없지,8,[kɯ.ɾʌl.su.pak̚.e.ʌp̚.tʃi],[gɯ.ɾʌl.su.bak̚.e.ʌp̚.tʃi]
더이상 하지,8,[tʌ.i.saŋ.ha.tʃi],[dʌ.i.saŋ.ha.dʒi]
그럴 수야,8,[kɯ.ɾʌl.su.ja],[gɯ.ɾʌl.su.ja]
그럴 수있는,8,[kɯ.ɾʌl.su.it̚.nɯn],[gɯ.ɾʌl.su.it̚.nɯn]
더이상 할 수,8,[tʌ.i.saŋ.hal.su],[dʌ.i.saŋ.hal.su]
열기 및,8,[jʌl.ki.mit̚],[jʌl.ki.mit̚]
열기 위해서,8,[jʌl.ki.wi.hɛ.sʌ],[jʌl.ki.wi.hɛ.sʌ]
거지 네 세상은 이제,8,[kʌ.tʃi.ne.se.saŋ.ɯn.i.tʃe],[gʌ.dʒi.ne.se.saŋ.ɯn.i.dʒe]
목숨을 걸 만큼,8,[mok̚.sum.ɯl.kʌl.maŋ.kʰɯm],[mok̚.sum.ɯl.gʌl.maŋ.kʰɯm]
돈이 없었죠,8,[ton.i.ʌp̚.ʌt̚.tʃjo],[don.i.ʌp̚.ʌt̚.tʃjo]
거지 네 세상은,8,[kʌ.tʃi.ne.se.saŋ.ɯn],[gʌ.dʒi.ne.se.saŋ.ɯn]
열다섯 살 때,8,[jʌl.ta.sʌt̚.sal.t͈ɛ],[jʌl.ta.sʌt̚.sal.t͈ɛ]
좀 내요,8,[tʃom.nɛ.jo],[dʒom.nɛ.jo]
열대 우림을,8,[jʌl.tɛ.u.ɾim.ɯl],[jʌl.tɛ.u.ɾim.ɯl]
열두 번도 더 오가며,8,[jʌl.tu.pʌn.to.tʌ.o.ka.mjʌ],[jʌl.tu.bʌn.to.dʌ.o.ga.mjʌ]
목숨을 걸게,8,[mok̚.sum.ɯl.kʌl.ke],[mok̚.sum.ɯl.gʌl.ke]
거지 놈이,8,[kʌ.tʃi.nom.i],[gʌ.dʒi.nom.i]
돈이 있는 곳을,8,[ton.i.it̚.nɯŋ.kot̚.ɯl],[don.i.it̚.nɯn.got̚.ɯl]
I''m getting a,8,,
열려 있잖아,8,[jʌl.ɾjʌ.it̚.tʃan.a],[jʌl.ɾjʌ.it̚.tʃan.a]
have it all,8,,
돈이 있어도,8,[ton.i.it̚.ʌ.to],[don.i.it̚.ʌ.do]
열렬한 팬입니다,8,[jʌl.ɾjʌl.ham.pʰɛn.ip̚.ni.ta],[jʌl.ɾjʌl.ham.pʰɛn.ip̚.ni.da]
열렬히 환영해,8,[jʌl.ɾjʌl.hi.hwan.jʌŋ.hɛ],[jʌl.ɾjʌl.hi.hwan.jʌŋ.hɛ]
없어요 사랑하는,8,[ʌp̚.ʌ.jo.sa.ɾaŋ.ha.nɯn],[ʌp̚.ʌ.jo.sa.ɾaŋ.ha.nɯn]
돈이 있으니,8,[ton.i.it̚.ɯ.ni],[don.i.it̚.ɯ.ni]
그럴 시간이 없소,8,[kɯ.ɾʌl.si.kan.i.ʌp̚.so],[gɯ.ɾʌl.si.gan.i.ʌp̚.so]
돈이 있지,8,[ton.i.it̚.tʃi],[don.i.it̚.tʃi]
열리지 않는다,8,[jʌl.ɾi.tʃi.an.nɯn.ta],[jʌl.ɾi.dʒi.an.nɯn.ta]
좀 놀고,8,[tʃom.nol.ko],[dʒom.nol.ko]
열린 건,8,[jʌl.ɾiŋ.kʌn],[jʌl.ɾin.gʌn]
have kids,8,,
돈이 최고야,8,[ton.i.tʃʰwe.ko.ja],[don.i.tʃʰwe.go.ja]
좀 내주실,8,[tʃom.nɛ.tʃu.sil],[dʒom.nɛ.dʒu.sil]
그럴 애,8,[kɯ.ɾʌl.ɛ],[gɯ.ɾʌl.ɛ]
돈이 필요하대,8,[ton.i.pʰil.jo.ha.tɛ],[don.i.pʰil.jo.ha.dɛ]
돈이 필요하잖아요,8,[ton.i.pʰil.jo.ha.tʃan.a.jo],[don.i.pʰil.jo.ha.dʒan.a.jo]
그럴 애가 아니에요,8,[kɯ.ɾʌl.ɛ.ka.a.ni.e.jo],[gɯ.ɾʌl.ɛ.ga.a.ni.e.jo]
그럴 여력이,8,[kɯ.ɾʌl.jʌ.ɾjʌk̚.i],[gɯ.ɾʌl.jʌ.ɾjʌk̚.i]
거지 당신의,8,[kʌ.tʃi.taŋ.sin.ɯi],[gʌ.dʒi.daŋ.sin.ɯi]
열상이 있어요,8,[jʌl.saŋ.i.it̚.ʌ.jo],[jʌl.saŋ.i.it̚.ʌ.jo]
없어요 설마,8,[ʌp̚.ʌ.jo.sʌl.ma],[ʌp̚.ʌ.jo.sʌl.ma]
돈이나 줘요,8,[ton.i.na.tʃwʌ.jo],[don.i.na.dʒwʌ.jo]
열쇠 가져올게,8,[jʌl.swe.ka.tʃjʌ.ol.ke],[jʌl.swe.ga.dʒjʌ.ol.ke]
열쇠 가져올게요,8,[jʌl.swe.ka.tʃjʌ.ol.ke.jo],[jʌl.swe.ga.dʒjʌ.ol.ke.jo]
돈이면 뭐든,8,[ton.i.mjʌn.mwʌ.tɯn],[don.i.mjʌn.mwʌ.dɯn]
게 있어 나도,8,[ke.it̚.ʌ.na.to],[ge.it̚.ʌ.na.do]
돈이에요 그,8,[ton.i.e.jo.kɯ],[don.i.e.jo.gɯ]
열쇠 말이야,8,[jʌl.swe.mal.i.ja],[jʌl.swe.mal.i.ja]
열쇠 받으세요,8,[jʌl.swe.pat̚.ɯ.se.jo],[jʌl.swe.bat̚.ɯ.se.jo]
돈일 뿐이야,8,[ton.il.p͈un.i.ja],[don.il.p͈un.i.ja]
돌 거예요,8,[tol.kʌ.je.jo],[dol.gʌ.je.jo]
돌 것이다,8,[tol.kʌt̚.i.ta],[dol.gʌt̚.i.da]
열쇠가 될 수,8,[jʌl.swe.ka.twel.su],[jʌl.swe.ga.dwel.su]
열쇠가 있나,8,[jʌl.swe.ka.it̚.na],[jʌl.swe.ga.it̚.na]
돌 맞아,8,[tol.mat̚.a],[dol.mat̚.a]
열쇠가 필요해요,8,[jʌl.swe.ka.pʰil.jo.hɛ.jo],[jʌl.swe.ga.pʰil.jo.hɛ.jo]
세상을 보여주고,8,[se.saŋ.ɯl.po.jʌ.tʃu.ko],[se.saŋ.ɯl.bo.jʌ.dʒu.go]
돌 볼,8,[tol.pol],[dol.bol]
그럴 일 없어 난,8,[kɯ.ɾʌl.il.ʌp̚.ʌ.nan],[gɯ.ɾʌl.il.ʌp̚.ʌ.nan]
열쇠는 여기,8,[jʌl.swe.nɯn.jʌ.ki],[jʌl.swe.nɯn.jʌ.gi]
열쇠도 있고,8,[jʌl.swe.to.it̚.ko],[jʌl.swe.do.it̚.ko]
열쇠도 있어요,8,[jʌl.swe.to.it̚.ʌ.jo],[jʌl.swe.do.it̚.ʌ.jo]
좀 다녀와야겠어,8,[tʃon.ta.njʌ.wa.ja.ket̚.ʌ],[dʒom.da.njʌ.wa.ja.get̚.ʌ]
좀 다녀올,8,[tʃon.ta.njʌ.ol],[dʒom.da.njʌ.ol]
have let,8,,
열쇠를 가지고 있어,8,[jʌl.swe.ɾɯl.ka.tʃi.ko.it̚.ʌ],[jʌl.swe.ɾɯl.ga.dʒi.go.it̚.ʌ]
열쇠를 꺼내,8,[jʌl.swe.ɾɯl.k͈ʌ.nɛ],[jʌl.swe.ɾɯl.k͈ʌ.nɛ]
돌고 가게 해주세요,8,[tol.ko.ka.ke.hɛ.tʃu.se.jo],[dol.ko.ga.ge.hɛ.dʒu.se.jo]
열쇠를 줄,8,[jʌl.swe.ɾɯl.tʃul],[jʌl.swe.ɾɯl.dʒul]
열쇠를 찾는,8,[jʌl.swe.ɾɯl.tʃʰat̚.nɯn],[jʌl.swe.ɾɯl.tʃʰat̚.nɯn]
열쇠를 찾아야,8,[jʌl.swe.ɾɯl.tʃʰat̚.a.ja],[jʌl.swe.ɾɯl.tʃʰat̚.a.ja]
열쇠를 찾으시는,8,[jʌl.swe.ɾɯl.tʃʰat̚.ɯ.si.nɯn],[jʌl.swe.ɾɯl.tʃʰat̚.ɯ.si.nɯn]
돌고 또,8,[tol.ko.t͈o],[dol.ko.t͈o]
열쇠를 찾으시는 동안,8,[jʌl.swe.ɾɯl.tʃʰat̚.ɯ.si.nɯn.toŋ.an],[jʌl.swe.ɾɯl.tʃʰat̚.ɯ.si.nɯn.doŋ.an]
돌고 올게,8,[tol.ko.ol.ke],[dol.ko.ol.ke]
돌고 있다고,8,[tol.ko.it̚.ta.ko],[dol.ko.it̚.ta.go]
그럴 일은 없겠지,8,[kɯ.ɾʌl.il.ɯn.ʌp̚.ket̚.tʃi],[gɯ.ɾʌl.il.ɯn.ʌp̚.ket̚.tʃi]
그럴 일은 없을 거다,8,[kɯ.ɾʌl.il.ɯn.ʌp̚.ɯl.kʌ.ta],[gɯ.ɾʌl.il.ɯn.ʌp̚.ɯl.gʌ.da]
열심히 노력할,8,[jʌl.sim.hi.no.ɾjʌk̚.hal],[jʌl.sim.hi.no.ɾjʌk̚.hal]
돌고 있을,8,[tol.ko.it̚.ɯl],[dol.ko.it̚.ɯl]
열심히 노력했는데,8,[jʌl.sim.hi.no.ɾjʌk̚.hɛt̚.nɯn.te],[jʌl.sim.hi.no.ɾjʌk̚.hɛt̚.nɯn.te]
거지 말도 안 돼,8,[kʌ.tʃi.mal.to.an.twɛ],[gʌ.dʒi.mal.to.an.dwɛ]
열심히 살아야지,8,[jʌl.sim.hi.sal.a.ja.tʃi],[jʌl.sim.hi.sal.a.ja.dʒi]
돌기 시작했어요,8,[tol.ki.si.tʃak̚.hɛt̚.ʌ.jo],[dol.ki.si.dʒak̚.hɛt̚.ʌ.jo]
열심히 일하게,8,[jʌl.sim.hi.il.ha.ke],[jʌl.sim.hi.il.ha.ge]
열심히 일하시네요,8,[jʌl.sim.hi.il.ha.si.ne.jo],[jʌl.sim.hi.il.ha.si.ne.jo]
열심히 일하잖아요,8,[jʌl.sim.hi.il.ha.tʃan.a.jo],[jʌl.sim.hi.il.ha.dʒan.a.jo]
열심히 일하면서,8,[jʌl.sim.hi.il.ha.mjʌn.sʌ],[jʌl.sim.hi.il.ha.mjʌn.sʌ]
그럴 자격 없어요,8,[kɯ.ɾʌl.tʃa.kjʌk̚.ʌp̚.ʌ.jo],[gɯ.ɾʌl.dʒa.gjʌk̚.ʌp̚.ʌ.jo]
I''m giving you,8,,
돌려 보세요,8,[tol.ɾjʌ.po.se.jo],[dol.ɾjʌ.bo.se.jo]
거지 무슨 말인지,8,[kʌ.tʃi.mu.sɯn.mal.in.tʃi],[gʌ.dʒi.mu.sɯn.mal.in.tʃi]
열심히 하자고,8,[jʌl.sim.hi.ha.tʃa.ko],[jʌl.sim.hi.ha.dʒa.go]
열심히 한번,8,[jʌl.sim.hi.ham.pʌn],[jʌl.sim.hi.ham.pʌn]
열심히 할 수,8,[jʌl.sim.hi.hal.su],[jʌl.sim.hi.hal.su]
돌려 봤는데,8,[tol.ɾjʌ.pwat̚.nɯn.te],[dol.ɾjʌ.bwat̚.nɯn.te]
열심히 해봅시다,8,[jʌl.sim.hi.hɛ.pop̚.si.ta],[jʌl.sim.hi.hɛ.bop̚.si.da]
돌려 줄거야,8,[tol.ɾjʌ.tʃul.kʌ.ja],[dol.ɾjʌ.dʒul.kʌ.ja]
그럴 자격이 없으니까,8,[kɯ.ɾʌl.tʃa.kjʌk̚.i.ʌp̚.ɯ.ni.k͈a],[gɯ.ɾʌl.dʒa.gjʌk̚.i.ʌp̚.ɯ.ni.k͈a]
열심히 했구나,8,[jʌl.sim.hi.hɛt̚.ku.na],[jʌl.sim.hi.hɛt̚.ku.na]
열심히 했는지,8,[jʌl.sim.hi.hɛt̚.nɯn.tʃi],[jʌl.sim.hi.hɛt̚.nɯn.tʃi]
열심히 했다,8,[jʌl.sim.hi.hɛt̚.ta],[jʌl.sim.hi.hɛt̚.ta]
열심히 했으니까,8,[jʌl.sim.hi.hɛt̚.ɯ.ni.k͈a],[jʌl.sim.hi.hɛt̚.ɯ.ni.k͈a]
열심히 했으니,8,[jʌl.sim.hi.hɛt̚.ɯ.ni],[jʌl.sim.hi.hɛt̚.ɯ.ni]
돌려놓지 않으면,8,[tol.ɾjʌ.not̚.tʃi.an.ɯ.mjʌn],[dol.ɾjʌ.not̚.tʃi.an.ɯ.mjʌn]
그럴 자격이 있으니까,8,[kɯ.ɾʌl.tʃa.kjʌk̚.i.it̚.ɯ.ni.k͈a],[gɯ.ɾʌl.dʒa.gjʌk̚.i.it̚.ɯ.ni.k͈a]
돌려달라고 해,8,[tol.ɾjʌ.tal.ɾa.ko.hɛ],[dol.ɾjʌ.dal.ɾa.go.hɛ]
열어 난,8,[jʌl.ʌ.nan],[jʌl.ʌ.nan]
돌려받고 싶다면,8,[tol.ɾjʌ.pat̚.ko.sip̚.ta.mjʌn],[dol.ɾjʌ.bat̚.ko.sip̚.ta.mjʌn]
열어 놨어요,8,[jʌl.ʌ.nwat̚.ʌ.jo],[jʌl.ʌ.nwat̚.ʌ.jo]
거지 방금,8,[kʌ.tʃi.paŋ.kɯm],[gʌ.dʒi.baŋ.gɯm]
열어 보자,8,[jʌl.ʌ.po.tʃa],[jʌl.ʌ.bo.dʒa]
열어 본,8,[jʌl.ʌ.pon],[jʌl.ʌ.bon]
열어 볼게요,8,[jʌl.ʌ.pol.ke.jo],[jʌl.ʌ.bol.ke.jo]
돌려받지 못할,8,[tol.ɾjʌ.pat̚.tʃi.mot̚.hal],[dol.ɾjʌ.bat̚.tʃi.mot̚.hal]
열어 봤어,8,[jʌl.ʌ.pwat̚.ʌ],[jʌl.ʌ.bwat̚.ʌ]
열어 빨리,8,[jʌl.ʌ.p͈al.ɾi],[jʌl.ʌ.p͈al.ɾi]
돌려보내 줘요,8,[tol.ɾjʌ.po.nɛ.tʃwʌ.jo],[dol.ɾjʌ.bo.nɛ.dʒwʌ.jo]
열어 안에,8,[jʌl.ʌ.an.e],[jʌl.ʌ.an.e]
돌려보내는 건,8,[tol.ɾjʌ.po.nɛ.nɯŋ.kʌn],[dol.ɾjʌ.bo.nɛ.nɯn.gʌn]
열어 어떻게,8,[jʌl.ʌ.ʌ.t͈ʌt̚.ke],[jʌl.ʌ.ʌ.t͈ʌt̚.ke]
열어 엄마,8,[jʌl.ʌ.ʌm.ma],[jʌl.ʌ.ʌm.ma]
좀 더 내,8,[tʃon.tʌ.nɛ],[dʒom.dʌ.nɛ]
열어 왜,8,[jʌl.ʌ.wɛ],[jʌl.ʌ.wɛ]
열어 이게,8,[jʌl.ʌ.i.ke],[jʌl.ʌ.i.ge]
그럴 줄 알았다는,8,[kɯ.ɾʌl.tʃul.al.at̚.ta.nɯn],[gɯ.ɾʌl.dʒul.al.at̚.ta.nɯn]
열어 주시죠,8,[jʌl.ʌ.tʃu.si.tʃjo],[jʌl.ʌ.dʒu.si.dʒjo]
그러지 않았을 때,8,[kɯ.ɾʌ.tʃi.an.at̚.ɯl.t͈ɛ],[gɯ.ɾʌ.dʒi.an.at̚.ɯl.t͈ɛ]
열어 주십시오,8,[jʌl.ʌ.tʃu.sip̚.si.o],[jʌl.ʌ.dʒu.sip̚.si.o]
세상의 끝에서,8,[se.saŋ.ɯi.k͈ɯt̚.e.sʌ],[se.saŋ.ɯi.k͈ɯt̚.e.sʌ]
돌려보낼 수도,8,[tol.ɾjʌ.po.nɛl.su.to],[dol.ɾjʌ.bo.nɛl.su.do]
돌려서 말하지,8,[tol.ɾjʌ.sʌ.mal.ha.tʃi],[dol.ɾjʌ.sʌ.mal.ha.dʒi]
열어도 될까요,8,[jʌl.ʌ.to.twel.k͈a.jo],[jʌl.ʌ.do.dwel.k͈a.jo]
열어도 돼요,8,[jʌl.ʌ.to.twɛ.jo],[jʌl.ʌ.do.dwɛ.jo]
열어보지 마,8,[jʌl.ʌ.po.tʃi.ma],[jʌl.ʌ.bo.dʒi.ma]
열어라 용기를 내라 진실을,8,[jʌl.ʌ.ɾa.joŋ.ki.ɾɯl.lɛ.ɾa.tʃin.sil.ɯl],[jʌl.ʌ.ɾa.joŋ.gi.ɾɯl.lɛ.ɾa.dʒin.sil.ɯl]
열어야 한다,8,[jʌl.ʌ.ja.han.ta],[jʌl.ʌ.ja.han.ta]
그럴 줄 알았어 내,8,[kɯ.ɾʌl.tʃul.al.at̚.ʌ.nɛ],[gɯ.ɾʌl.dʒul.al.at̚.ʌ.nɛ]
돌려주고 싶어,8,[tol.ɾjʌ.tʃu.ko.sip̚.ʌ],[dol.ɾjʌ.dʒu.go.sip̚.ʌ]
돌려주고 싶어요,8,[tol.ɾjʌ.tʃu.ko.sip̚.ʌ.jo],[dol.ɾjʌ.dʒu.go.sip̚.ʌ.jo]
열어줘야 해,8,[jʌl.ʌ.tʃwʌ.ja.hɛ],[jʌl.ʌ.dʒwʌ.ja.hɛ]
돌려주기 전에,8,[tol.ɾjʌ.tʃu.ki.tʃʌn.e],[dol.ɾjʌ.dʒu.gi.dʒʌn.e]
열여섯 살 때,8,[jʌl.jʌ.sʌt̚.sal.t͈ɛ],[jʌl.jʌ.sʌt̚.sal.t͈ɛ]
나에게 말했던,8,[na.e.ke.mal.hɛt̚.tʌn],[na.e.ge.mal.hɛt̚.tʌn]
열이 나고 아파서 밤새,8,[jʌl.i.na.ko.a.pʰa.sʌ.pam.sɛ],[jʌl.i.na.go.a.pʰa.sʌ.bam.sɛ]
돌려주려고 했어,8,[tol.ɾjʌ.tʃu.ɾjʌ.ko.hɛt̚.ʌ],[dol.ɾjʌ.dʒu.ɾjʌ.go.hɛt̚.ʌ]
그럴 줄 알았지만,8,[kɯ.ɾʌl.tʃul.al.at̚.tʃi.man],[gɯ.ɾʌl.dʒul.al.at̚.tʃi.man]
거지 소굴 같은,8,[kʌ.tʃi.so.kul.kat̚.ɯn],[gʌ.dʒi.so.gul.gat̚.ɯn]
열정 때문에,8,[jʌl.tʃʌŋ.t͈ɛ.mun.e],[jʌl.tʃʌŋ.t͈ɛ.mun.e]
열정은 높이,8,[jʌl.tʃʌŋ.ɯn.nop̚.i],[jʌl.tʃʌŋ.ɯn.nop̚.i]
General Ludd,8,,
게 있어 오늘,8,[ke.it̚.ʌ.o.nɯl],[ge.it̚.ʌ.o.nɯl]
돌려줄 수도,8,[tol.ɾjʌ.tʃul.su.to],[dol.ɾjʌ.dʒul.su.do]
없어요 여기도,8,[ʌp̚.ʌ.jo.jʌ.ki.to],[ʌp̚.ʌ.jo.jʌ.gi.do]
열차 운행을,8,[jʌl.tʃʰa.un.hɛŋ.ɯl],[jʌl.tʃʰa.un.hɛŋ.ɯl]
거지 아니요,8,[kʌ.tʃi.a.ni.jo],[gʌ.dʒi.a.ni.jo]
그럴 필요 없단다,8,[kɯ.ɾʌl.pʰil.jo.ʌp̚.tan.ta],[gɯ.ɾʌl.pʰil.jo.ʌp̚.tan.ta]
없어요 여보,8,[ʌp̚.ʌ.jo.jʌ.po],[ʌp̚.ʌ.jo.jʌ.bo]
염기 서열,8,[jʌm.ki.sʌ.jʌl],[jʌm.ki.sʌ.jʌl]
좀 더 자세히 설명해,8,[tʃon.tʌ.tʃa.se.hi.sʌl.mjʌŋ.hɛ],[dʒom.dʌ.dʒa.se.hi.sʌl.mjʌŋ.hɛ]
그럴 필요 없어 나는,8,[kɯ.ɾʌl.pʰil.jo.ʌp̚.ʌ.na.nɯn],[gɯ.ɾʌl.pʰil.jo.ʌp̚.ʌ.na.nɯn]
돌리기 위해서,8,[tol.ɾi.ki.wi.hɛ.sʌ],[dol.ɾi.gi.wi.hɛ.sʌ]
염려하는 건,8,[jʌm.ɾjʌ.ha.nɯŋ.kʌn],[jʌm.ɾjʌ.ha.nɯn.gʌn]
거지 아무튼,8,[kʌ.tʃi.a.mu.tʰɯn],[gʌ.dʒi.a.mu.tʰɯn]
덕분에 돈을,8,[tʌk̚.pun.e.ton.ɯl],[dʌk̚.pun.e.don.ɯl]
돌리는 것,8,[tol.ɾi.nɯŋ.kʌt̚],[dol.ɾi.nɯn.gʌt̚]
염색한 거야,8,[jʌm.sɛk̚.haŋ.kʌ.ja],[jʌm.sɛk̚.han.gʌ.ja]
그럴 필요 없어 우리,8,[kɯ.ɾʌl.pʰil.jo.ʌp̚.ʌ.u.ɾi],[gɯ.ɾʌl.pʰil.jo.ʌp̚.ʌ.u.ɾi]
거지 아버지,8,[kʌ.tʃi.a.pʌ.tʃi],[gʌ.dʒi.a.bʌ.dʒi]
돌리라고 해요,8,[tol.ɾi.ɾa.ko.hɛ.jo],[dol.ɾi.ɾa.go.hɛ.jo]
거지 아빠는,8,[kʌ.tʃi.a.p͈a.nɯn],[gʌ.dʒi.a.p͈a.nɯn]
좀 더 파,8,[tʃon.tʌ.pʰa],[dʒom.dʌ.pʰa]
좀 더 필요한,8,[tʃon.tʌ.pʰil.jo.han],[dʒom.dʌ.pʰil.jo.han]
돌리지 않고,8,[tol.ɾi.tʃi.aŋ.ko],[dol.ɾi.dʒi.aŋ.ko]
엿 먹고 다 엿,8,[jʌt̚.mʌk̚.ko.ta.jʌt̚],[jʌt̚.mʌk̚.ko.da.jʌt̚]
엿 먹고 다,8,[jʌt̚.mʌk̚.ko.ta],[jʌt̚.mʌk̚.ko.da]
엿 먹고 쟤도 엿,8,[jʌt̚.mʌk̚.ko.tʃjɛ.to.jʌt̚],[jʌt̚.mʌk̚.ko.dʒjɛ.do.jʌt̚]
엿 먹고 쟤도,8,[jʌt̚.mʌk̚.ko.tʃjɛ.to],[jʌt̚.mʌk̚.ko.dʒjɛ.do]
I''m glad you came,8,,
엿 먹어 난,8,[jʌt̚.mʌk̚.ʌ.nan],[jʌt̚.mʌk̚.ʌ.nan]
그럴 필요 없을 거야,8,[kɯ.ɾʌl.pʰil.jo.ʌp̚.ɯl.kʌ.ja],[gɯ.ɾʌl.pʰil.jo.ʌp̚.ɯl.gʌ.ja]
엿 먹었어,8,[jʌt̚.mʌk̚.ʌt̚.ʌ],[jʌt̚.mʌk̚.ʌt̚.ʌ]
엿 먹이는 건,8,[jʌt̚.mʌk̚.i.nɯŋ.kʌn],[jʌt̚.mʌk̚.i.nɯn.gʌn]
돌릴 것이다,8,[tol.ɾil.kʌt̚.i.ta],[dol.ɾil.gʌt̚.i.da]
났던 게,8,[nat̚.tʌŋ.ke],[nat̚.tʌn.ge]
그럴 필요 있어,8,[kɯ.ɾʌl.pʰil.jo.it̚.ʌ],[gɯ.ɾʌl.pʰil.jo.it̚.ʌ]
돌릴 수 있습니다,8,[tol.ɾil.su.it̚.sɯp̚.ni.ta],[dol.ɾil.su.it̚.sɯp̚.ni.da]
돌릴 수 있을 거야,8,[tol.ɾil.su.it̚.ɯl.kʌ.ja],[dol.ɾil.su.it̚.ɯl.gʌ.ja]
엿들은 게,8,[jʌt̚.tɯl.ɯŋ.ke],[jʌt̚.tɯl.ɯn.ge]
돌릴 수가,8,[tol.ɾil.su.ka],[dol.ɾil.su.ga]
엿이나 쳐먹어,8,[jʌt̚.i.na.tʃʰjʌ.mʌk̚.ʌ],[jʌt̚.i.na.tʃʰjʌ.mʌk̚.ʌ]
돌멩이 하나로,8,[tol.meŋ.i.ha.na.ɾo],[dol.meŋ.i.ha.na.ɾo]
돌면 돼요,8,[tol.mjʌn.twɛ.jo],[dol.mjʌn.dwɛ.jo]
없어요 윌은,8,[ʌp̚.ʌ.jo.wil.ɯn],[ʌp̚.ʌ.jo.wil.ɯn]
돌면서 그러게 내가 뭐랬어,8,[tol.mjʌn.sʌ.kɯ.ɾʌ.ke.nɛ.ka.mwʌ.ɾɛt̚.ʌ],[dol.mjʌn.sʌ.gɯ.ɾʌ.ge.nɛ.ga.mwʌ.ɾɛt̚.ʌ]
거지 어때,8,[kʌ.tʃi.ʌ.t͈ɛ],[gʌ.dʒi.ʌ.t͈ɛ]
영 불편해,8,[jʌm.pul.pʰjʌn.hɛ],[jʌŋ.bul.pʰjʌn.hɛ]
가족을 안전하게,8,[ka.tʃok̚.ɯl.an.tʃʌn.ha.ke],[ga.dʒok̚.ɯl.an.tʃʌn.ha.ge]
그럴 필요가 있다,8,[kɯ.ɾʌl.pʰil.jo.ka.it̚.ta],[gɯ.ɾʌl.pʰil.jo.ga.it̚.ta]
거지 어이,8,[kʌ.tʃi.ʌ.i],[gʌ.dʒi.ʌ.i]
영감을 받았죠,8,[jʌŋ.kam.ɯl.pat̚.at̚.tʃjo],[jʌŋ.gam.ɯl.bat̚.at̚.tʃjo]
돌보는 거예요,8,[tol.po.nɯŋ.kʌ.je.jo],[dol.po.nɯn.gʌ.je.jo]
영감을 주었다,8,[jʌŋ.kam.ɯl.tʃu.ʌt̚.ta],[jʌŋ.gam.ɯl.dʒu.ʌt̚.ta]
돌보는 동안,8,[tol.po.nɯn.toŋ.an],[dol.po.nɯn.doŋ.an]
돌보는 일을,8,[tol.po.nɯn.il.ɯl],[dol.po.nɯn.il.ɯl]
돌본 건,8,[tol.poŋ.kʌn],[dol.pon.gʌn]
영광을 람,8,[jʌŋ.kwaŋ.ɯl.ɾam],[jʌŋ.gwaŋ.ɯl.ɾam]
돌볼 수 있다는,8,[tol.pol.su.it̚.ta.nɯn],[dol.pol.su.it̚.ta.nɯn]
영광이 아버지께 영원히 있사옵나이다,8,[jʌŋ.kwaŋ.i.a.pʌ.tʃi.k͈e.jʌŋ.wʌn.hi.it̚.sa.op̚.na.i.ta],[jʌŋ.gwaŋ.i.a.bʌ.dʒi.k͈e.jʌŋ.wʌn.hi.it̚.sa.op̚.na.i.da]
영광일 것이다,8,[jʌŋ.kwaŋ.il.kʌt̚.i.ta],[jʌŋ.gwaŋ.il.gʌt̚.i.da]
영국 교회의,8,[jʌŋ.kuk̚.kjo.hwe.ɯi],[jʌŋ.guk̚.gjo.hwe.ɯi]
그럴 필요도 없었죠,8,[kɯ.ɾʌl.pʰil.jo.to.ʌp̚.ʌt̚.tʃjo],[gɯ.ɾʌl.pʰil.jo.do.ʌp̚.ʌt̚.tʃjo]
돌봐 줄 수,8,[tol.pwa.tʃul.su],[dol.pwa.dʒul.su]
영국 땅에서,8,[jʌŋ.kuk̚.t͈aŋ.e.sʌ],[jʌŋ.guk̚.t͈aŋ.e.sʌ]
영국 사람,8,[jʌŋ.kuk̚.sa.ɾam],[jʌŋ.guk̚.sa.ɾam]
돌봐 줬어,8,[tol.pwa.tʃwʌt̚.ʌ],[dol.pwa.dʒwʌt̚.ʌ]
그럴 형편이 안,8,[kɯ.ɾʌl.hjʌm.pʰjʌn.i.an],[gɯ.ɾʌl.hjʌm.pʰjʌn.i.an]
영국 해군,8,[jʌŋ.kuk̚.hɛ.kun],[jʌŋ.guk̚.hɛ.gun]
영국에 온,8,[jʌŋ.kuk̚.e.on],[jʌŋ.guk̚.e.on]
돌봐야 할 의무가,8,[tol.pwa.ja.hal.ɯi.mu.ka],[dol.pwa.ja.hal.ɯi.mu.ga]
영국을 위해,8,[jʌŋ.kuk̚.ɯl.wi.hɛ],[jʌŋ.guk̚.ɯl.wi.hɛ]
have people,8,,
좀 도와줘요 내가,8,[tʃon.to.wa.tʃwʌ.jo.nɛ.ka],[dʒom.do.wa.dʒwʌ.jo.nɛ.ga]
돌봐주는 게,8,[tol.pwa.tʃu.nɯŋ.ke],[dol.pwa.dʒu.nɯn.ge]
영리한 게,8,[jʌŋ.ɾi.haŋ.ke],[jʌŋ.ɾi.han.ge]
영문은 모르겠지만,8,[jʌŋ.mun.ɯn.mo.ɾɯ.ket̚.tʃi.man],[jʌŋ.mun.ɯn.mo.ɾɯ.get̚.tʃi.man]
그럴거야 내가,8,[kɯ.ɾʌl.kʌ.ja.nɛ.ka],[gɯ.ɾʌl.kʌ.ja.nɛ.ga]
영배의 떨리는,8,[jʌm.pɛ.ɯi.t͈ʌl.ɾi.nɯn],[jʌŋ.bɛ.ɯi.t͈ʌl.ɾi.nɯn]
영상 되감는,8,[jʌŋ.saŋ.twe.kam.nɯn],[jʌŋ.saŋ.dwe.gam.nɯn]
영상 되감는 소리,8,[jʌŋ.saŋ.twe.kam.nɯn.so.ɾi],[jʌŋ.saŋ.dwe.gam.nɯn.so.ɾi]
돌봐줘서 정말,8,[tol.pwa.tʃwʌ.sʌ.tʃʌŋ.mal],[dol.pwa.dʒwʌ.sʌ.dʒʌŋ.mal]
영상 전부,8,[jʌŋ.saŋ.tʃʌm.pu],[jʌŋ.saŋ.dʒʌm.pu]
거지 우리의,8,[kʌ.tʃi.u.ɾi.ɯi],[gʌ.dʒi.u.ɾi.ɯi]
그럴게 사랑해,8,[kɯ.ɾʌl.ke.sa.ɾaŋ.hɛ],[gɯ.ɾʌl.ke.sa.ɾaŋ.hɛ]
그럴게 이제,8,[kɯ.ɾʌl.ke.i.tʃe],[gɯ.ɾʌl.ke.i.dʒe]
돌아 버릴 것,8,[tol.a.pʌ.ɾil.kʌt̚],[dol.a.bʌ.ɾil.gʌt̚]
今や華やかささえも 지금은 화려함조차도 影をひそめ交わる,8,[tʃi.kɯm.ɯn.hwa.ɾjʌ.han.tʃo.tʃʰa.to],[dʒi.gɯm.ɯn.hwa.ɾjʌ.han.tʃo.tʃʰa.do]
영상을 누가,8,[jʌŋ.saŋ.ɯl.lu.ka],[jʌŋ.saŋ.ɯl.lu.ga]
좀 되나,8,[tʃon.twe.na],[dʒom.dwe.na]
그럴게요 그,8,[kɯ.ɾʌl.ke.jo.kɯ],[gɯ.ɾʌl.ke.jo.gɯ]
영상을 얻을,8,[jʌŋ.saŋ.ɯl.ʌt̚.ɯl],[jʌŋ.saŋ.ɯl.ʌt̚.ɯl]
영상을 안,8,[jʌŋ.saŋ.ɯl.an],[jʌŋ.saŋ.ɯl.an]
영상을 얻을 수,8,[jʌŋ.saŋ.ɯl.ʌt̚.ɯl.su],[jʌŋ.saŋ.ɯl.ʌt̚.ɯl.su]
돌아 오라고,8,[tol.a.o.ɾa.ko],[dol.a.o.ɾa.go]
없어요 정확히,8,[ʌp̚.ʌ.jo.tʃʌŋ.hwak̚.hi],[ʌp̚.ʌ.jo.dʒʌŋ.hwak̚.hi]
제가 원했던 건,8,[tʃe.ka.wʌn.hɛt̚.tʌŋ.kʌn],[dʒe.ga.wʌn.hɛt̚.tʌn.gʌn]
그러진 않겠죠,8,[kɯ.ɾʌ.tʃin.aŋ.ket̚.tʃjo],[gɯ.ɾʌ.dʒin.aŋ.ket̚.tʃjo]
덕분에 한,8,[tʌk̚.pun.e.han],[dʌk̚.pun.e.han]
그럴게요 엄마,8,[kɯ.ɾʌl.ke.jo.ʌm.ma],[gɯ.ɾʌl.ke.jo.ʌm.ma]
그럴게요 여기,8,[kɯ.ɾʌl.ke.jo.jʌ.ki],[gɯ.ɾʌl.ke.jo.jʌ.gi]
영생을 얻을,8,[jʌŋ.sɛŋ.ɯl.ʌt̚.ɯl],[jʌŋ.sɛŋ.ɯl.ʌt̚.ɯl]
영수증 좀,8,[jʌŋ.su.tʃɯŋ.tʃom],[jʌŋ.su.dʒɯŋ.dʒom]
돌아 와서,8,[tol.a.wa.sʌ],[dol.a.wa.sʌ]
영어 할 줄 아나,8,[jʌŋ.ʌ.hal.tʃul.a.na],[jʌŋ.ʌ.hal.dʒul.a.na]
돌아 전달,8,[tol.a.tʃʌn.tal],[dol.a.dʒʌn.tal]
영어는 할 줄,8,[jʌŋ.ʌ.nɯn.hal.tʃul],[jʌŋ.ʌ.nɯn.hal.dʒul]
영어로 말하는 라이언,8,[jʌŋ.ʌ.ɾo.mal.ha.nɯl.la.i.ʌn],[jʌŋ.ʌ.ɾo.mal.ha.nɯl.la.i.ʌn]
영어로 말하는 요원,8,[jʌŋ.ʌ.ɾo.mal.ha.nɯn.jo.wʌn],[jʌŋ.ʌ.ɾo.mal.ha.nɯn.jo.wʌn]
영어로 뭐라고,8,[jʌŋ.ʌ.ɾo.mwʌ.ɾa.ko],[jʌŋ.ʌ.ɾo.mwʌ.ɾa.go]
그럴듯한 이야기를,8,[kɯ.ɾʌl.tɯt̚.han.i.ja.ki.ɾɯl],[gɯ.ɾʌl.tɯt̚.han.i.ja.gi.ɾɯl]
좀 듣고 싶은데,8,[tʃon.tɯt̚.ko.sip̚.ɯn.te],[dʒom.dɯt̚.ko.sip̚.ɯn.te]
없어요 죽을,8,[ʌp̚.ʌ.jo.tʃuk̚.ɯl],[ʌp̚.ʌ.jo.dʒuk̚.ɯl]
그럴듯한 이유가,8,[kɯ.ɾʌl.tɯt̚.han.i.ju.ka],[gɯ.ɾʌl.tɯt̚.han.i.ju.ga]
거지 있잖아,8,[kʌ.tʃi.it̚.tʃan.a],[gʌ.dʒi.it̚.tʃan.a]
돌아가 볼까,8,[tol.a.ka.pol.k͈a],[dol.a.ga.bol.k͈a]
그럴려고 여기,8,[kɯ.ɾʌl.ɾjʌ.ko.jʌ.ki],[gɯ.ɾʌl.ɾjʌ.go.jʌ.gi]
영역 표시,8,[jʌŋ.jʌk̚.pʰjo.si],[jʌŋ.jʌk̚.pʰjo.si]
돌아가 봐야 해요,8,[tol.a.ka.pwa.ja.hɛ.jo],[dol.a.ga.bwa.ja.hɛ.jo]
have saved,8,,
돌아가 왜,8,[tol.a.ka.wɛ],[dol.a.ga.wɛ]
돌아가 이건,8,[tol.a.ka.i.kʌn],[dol.a.ga.i.gʌn]
돌아가 있어,8,[tol.a.ka.it̚.ʌ],[dol.a.ga.it̚.ʌ]
have seen it,8,,
영웅 노릇,8,[jʌŋ.uŋ.no.ɾɯt̚],[jʌŋ.uŋ.no.ɾɯt̚]
영웅 노릇을,8,[jʌŋ.uŋ.no.ɾɯt̚.ɯl],[jʌŋ.uŋ.no.ɾɯt̚.ɯl]
거지 자넨,8,[kʌ.tʃi.tʃa.nen],[gʌ.dʒi.dʒa.nen]
영웅도 아니고,8,[jʌŋ.uŋ.to.a.ni.ko],[jʌŋ.uŋ.do.a.ni.go]
좀 들어야,8,[tʃon.tɯl.ʌ.ja],[dʒom.dɯl.ʌ.ja]
What''s not,8,,
그러질 못했죠,8,[kɯ.ɾʌ.tʃil.mot̚.hɛt̚.tʃjo],[gɯ.ɾʌ.dʒil.mot̚.hɛt̚.tʃjo]
돌아가게 하는,8,[tol.a.ka.ke.ha.nɯn],[dol.a.ga.ge.ha.nɯn]
영웅을 만드는 뜨겁게 달궈진,8,[jʌŋ.uŋ.ɯl.man.tɯ.nɯn.t͈ɯ.kʌp̚.ke.tal.kwʌ.tʃin],[jʌŋ.uŋ.ɯl.man.tɯ.nɯn.t͈ɯ.gʌp̚.ke.dal.kwʌ.dʒin]
영웅을 위해,8,[jʌŋ.uŋ.ɯl.wi.hɛ],[jʌŋ.uŋ.ɯl.wi.hɛ]
영웅의 이름을,8,[jʌŋ.uŋ.ɯi.i.ɾɯm.ɯl],[jʌŋ.uŋ.ɯi.i.ɾɯm.ɯl]
없어요 커피,8,[ʌp̚.ʌ.jo.kʰʌ.pʰi],[ʌp̚.ʌ.jo.kʰʌ.pʰi]
돌아가고 싶어 다시,8,[tol.a.ka.ko.sip̚.ʌ.ta.si],[dol.a.ga.go.sip̚.ʌ.da.si]
돌아가고 싶어 다시 한,8,[tol.a.ka.ko.sip̚.ʌ.ta.si.han],[dol.a.ga.go.sip̚.ʌ.da.si.han]
그럴수 밖에,8,[kɯ.ɾʌl.su.pak̚.e],[gɯ.ɾʌl.su.bak̚.e]
have sex,8,,
좀 따끔할 거야,8,[tʃon.t͈a.k͈ɯm.hal.kʌ.ja],[dʒon.t͈a.k͈ɯm.hal.gʌ.ja]
영웅이 만들어지는 불의 도가니니까,8,[jʌŋ.uŋ.i.man.tɯl.ʌ.tʃi.nɯm.pul.ɯi.to.ka.ni.ni.k͈a],[jʌŋ.uŋ.i.man.tɯl.ʌ.dʒi.nɯn.bul.ɯi.do.ga.ni.ni.k͈a]
돌아가고 싶을 뿐이야,8,[tol.a.ka.ko.sip̚.ɯl.p͈un.i.ja],[dol.a.ga.go.sip̚.ɯl.p͈un.i.ja]
영웅이 하는,8,[jʌŋ.uŋ.i.ha.nɯn],[jʌŋ.uŋ.i.ha.nɯn]
영웅이라도 된,8,[jʌŋ.uŋ.i.ɾa.to.twen],[jʌŋ.uŋ.i.ɾa.do.dwen]
거지 전장은,8,[kʌ.tʃi.tʃʌn.tʃaŋ.ɯn],[gʌ.dʒi.dʒʌn.tʃaŋ.ɯn]
목을 베겠다,8,[mok̚.ɯl.pe.ket̚.ta],[mok̚.ɯl.be.get̚.ta]
거지 전장은 진짜,8,[kʌ.tʃi.tʃʌn.tʃaŋ.ɯn.tʃin.tʃ͈a],[gʌ.dʒi.dʒʌn.tʃaŋ.ɯn.dʒin.tʃ͈a]
덕에 아주,8,[tʌk̚.e.a.tʃu],[dʌk̚.e.a.dʒu]
영원한 생명에,8,[jʌŋ.wʌn.han.sɛŋ.mjʌŋ.e],[jʌŋ.wʌn.han.sɛŋ.mjʌŋ.e]
영원한 생명에 이르게 하소서,8,[jʌŋ.wʌn.han.sɛŋ.mjʌŋ.e.i.ɾɯ.ke.ha.so.sʌ],[jʌŋ.wʌn.han.sɛŋ.mjʌŋ.e.i.ɾɯ.ge.ha.so.sʌ]
영원한 생명에 이르게,8,[jʌŋ.wʌn.han.sɛŋ.mjʌŋ.e.i.ɾɯ.ke],[jʌŋ.wʌn.han.sɛŋ.mjʌŋ.e.i.ɾɯ.ge]
그럴순 없어,8,[kɯ.ɾʌl.sun.ʌp̚.ʌ],[gɯ.ɾʌl.sun.ʌp̚.ʌ]
좀 똑똑한,8,[tʃon.t͈ok̚.t͈ok̚.han],[dʒon.t͈ok̚.t͈ok̚.han]
영원한 평화를,8,[jʌŋ.wʌn.ham.pʰjʌŋ.hwa.ɾɯl],[jʌŋ.wʌn.ham.pʰjʌŋ.hwa.ɾɯl]
목을 안,8,[mok̚.ɯl.an],[mok̚.ɯl.an]
돌아가는 것을,8,[tol.a.ka.nɯŋ.kʌt̚.ɯl],[dol.a.ga.nɯn.gʌt̚.ɯl]
거지 좋게,8,[kʌ.tʃi.tʃot̚.ke],[gʌ.dʒi.dʒot̚.ke]
영원히 모를,8,[jʌŋ.wʌn.hi.mo.ɾɯl],[jʌŋ.wʌn.hi.mo.ɾɯl]
영원히 바뀔,8,[jʌŋ.wʌn.hi.pa.k͈wil],[jʌŋ.wʌn.hi.ba.k͈wil]
영원히 변치,8,[jʌŋ.wʌn.hi.pjʌn.tʃʰi],[jʌŋ.wʌn.hi.bjʌn.tʃʰi]
영원히 사라지게,8,[jʌŋ.wʌn.hi.sa.ɾa.tʃi.ke],[jʌŋ.wʌn.hi.sa.ɾa.dʒi.ge]
돌아가는지 전혀,8,[tol.a.ka.nɯn.tʃi.tʃʌn.hjʌ],[dol.a.ga.nɯn.tʃi.dʒʌn.hjʌ]
영원히 사라질 거야,8,[jʌŋ.wʌn.hi.sa.ɾa.tʃil.kʌ.ja],[jʌŋ.wʌn.hi.sa.ɾa.dʒil.gʌ.ja]
돌아가도 될까요,8,[tol.a.ka.to.twel.k͈a.jo],[dol.a.ga.do.dwel.k͈a.jo]
何もなくても 아무것도 없어도 希望に寄り添えるか,8,[a.mu.kʌt̚.to.ʌp̚.ʌ.to],[a.mu.gʌt̚.to.ʌp̚.ʌ.do]
목을 조를 때,8,[mok̚.ɯl.tʃo.ɾɯl.t͈ɛ],[mok̚.ɯl.dʒo.ɾɯl.t͈ɛ]
돌아가라고 해,8,[tol.a.ka.ɾa.ko.hɛ],[dol.a.ga.ɾa.go.hɛ]
영원히 알 수,8,[jʌŋ.wʌn.hi.al.su],[jʌŋ.wʌn.hi.al.su]
돌아가면 그리고,8,[tol.a.ka.mjʌŋ.kɯ.ɾi.ko],[dol.a.ga.mjʌn.gɯ.ɾi.go]
영원히 이어질,8,[jʌŋ.wʌn.hi.i.ʌ.tʃil],[jʌŋ.wʌn.hi.i.ʌ.dʒil]
have someone,8,,
영원히 젊게,8,[jʌŋ.wʌn.hi.tʃʌm.ke],[jʌŋ.wʌn.hi.dʒʌm.ke]
영원히 하지만,8,[jʌŋ.wʌn.hi.ha.tʃi.man],[jʌŋ.wʌn.hi.ha.dʒi.man]
영원히 함께하는,8,[jʌŋ.wʌn.hi.ham.k͈e.ha.nɯn],[jʌŋ.wʌn.hi.ham.k͈e.ha.nɯn]
have something to,8,,
돌아가서 내가,8,[tol.a.ka.sʌ.nɛ.ka],[dol.a.ga.sʌ.nɛ.ga]
영이를 사랑하는,8,[jʌŋ.i.ɾɯl.sa.ɾaŋ.ha.nɯn],[jʌŋ.i.ɾɯl.sa.ɾaŋ.ha.nɯn]
없어질 겁니다,8,[ʌp̚.ʌ.tʃil.kʌp̚.ni.ta],[ʌp̚.ʌ.dʒil.gʌp̚.ni.da]
I''m going to be,8,,
그럼 가는 길에,8,[kɯ.ɾʌm.ka.nɯŋ.kil.e],[gɯ.ɾʌm.ga.nɯn.gil.e]
돌아가선 안,8,[tol.a.ka.sʌn.an],[dol.a.ga.sʌn.an]
좀 말려줘요,8,[tʃom.mal.ɾjʌ.tʃwʌ.jo],[dʒom.mal.ɾjʌ.dʒwʌ.jo]
영장 청구해,8,[jʌŋ.tʃaŋ.tʃʰʌŋ.ku.hɛ],[jʌŋ.dʒaŋ.tʃʰʌŋ.gu.hɛ]
영장을 들고,8,[jʌŋ.tʃaŋ.ɯl.tɯl.ko],[jʌŋ.dʒaŋ.ɯl.dɯl.ko]
돌아가셨어 그래서,8,[tol.a.ka.sjʌt̚.ʌ.kɯ.ɾɛ.sʌ],[dol.a.ga.sjʌt̚.ʌ.gɯ.ɾɛ.sʌ]
영장을 발부했습니다,8,[jʌŋ.tʃaŋ.ɯl.pal.pu.hɛt̚.sɯp̚.ni.ta],[jʌŋ.dʒaŋ.ɯl.bal.pu.hɛt̚.sɯp̚.ni.da]
영장이 있어야,8,[jʌŋ.tʃaŋ.i.it̚.ʌ.ja],[jʌŋ.dʒaŋ.i.it̚.ʌ.ja]
What''s the most interesting,8,,
영장이 필요,8,[jʌŋ.tʃaŋ.i.pʰil.jo],[jʌŋ.dʒaŋ.i.pʰil.jo]
그럼 가볼까요,8,[kɯ.ɾʌm.ka.pol.k͈a.jo],[gɯ.ɾʌm.ga.bol.k͈a.jo]
가족을 잃었다,8,[ka.tʃok̚.ɯl.il.ʌt̚.ta],[ga.dʒok̚.ɯl.il.ʌt̚.ta]
그런 거 같군요,8,[kɯ.ɾʌŋ.kʌ.kat̚.kun.jo],[gɯ.ɾʌn.gʌ.gat̚.kun.jo]
좀 먹어 봐,8,[tʃom.mʌk̚.ʌ.pwa],[dʒom.mʌk̚.ʌ.bwa]
돌아가시기 전날,8,[tol.a.ka.si.ki.tʃʌn.nal],[dol.a.ga.si.gi.dʒʌn.nal]
영향을 끼쳤어요,8,[jʌŋ.hjaŋ.ɯl.k͈i.tʃʰjʌt̚.ʌ.jo],[jʌŋ.hjaŋ.ɯl.k͈i.tʃʰjʌt̚.ʌ.jo]
그럼 가족,8,[kɯ.ɾʌm.ka.tʃok̚],[gɯ.ɾʌm.ga.dʒok̚]
없었고 난,8,[ʌp̚.ʌt̚.ko.nan],[ʌp̚.ʌt̚.ko.nan]
그럼 가족은,8,[kɯ.ɾʌm.ka.tʃok̚.ɯn],[gɯ.ɾʌm.ga.dʒok̚.ɯn]
돌아가시는 줄,8,[tol.a.ka.si.nɯn.tʃul],[dol.a.ga.si.nɯn.dʒul]
영향을 못,8,[jʌŋ.hjaŋ.ɯl.mot̚],[jʌŋ.hjaŋ.ɯl.mot̚]
돌아가시면 안 돼요,8,[tol.a.ka.si.mjʌn.an.twɛ.jo],[dol.a.ga.si.mjʌn.an.dwɛ.jo]
영향을 미쳤을,8,[jʌŋ.hjaŋ.ɯl.mi.tʃʰjʌt̚.ɯl],[jʌŋ.hjaŋ.ɯl.mi.tʃʰjʌt̚.ɯl]
돌아가신 거예요,8,[tol.a.ka.siŋ.kʌ.je.jo],[dol.a.ga.sin.gʌ.je.jo]
돌아가신 것,8,[tol.a.ka.siŋ.kʌt̚],[dol.a.ga.sin.gʌt̚]
영향을 미치기도,8,[jʌŋ.hjaŋ.ɯl.mi.tʃʰi.ki.to],[jʌŋ.hjaŋ.ɯl.mi.tʃʰi.gi.do]
그럼 갈 수,8,[kɯ.ɾʌm.kal.su],[gɯ.ɾʌm.gal.su]
돌아가신 내,8,[tol.a.ka.sin.nɛ],[dol.a.ga.sin.nɛ]
영향을 받았는지,8,[jʌŋ.hjaŋ.ɯl.pat̚.at̚.nɯn.tʃi],[jʌŋ.hjaŋ.ɯl.bat̚.at̚.nɯn.tʃi]
영향을 받지 않는,8,[jʌŋ.hjaŋ.ɯl.pat̚.tʃi.an.nɯn],[jʌŋ.hjaŋ.ɯl.bat̚.tʃi.an.nɯn]
영향을 주고 있어,8,[jʌŋ.hjaŋ.ɯl.tʃu.ko.it̚.ʌ],[jʌŋ.hjaŋ.ɯl.dʒu.go.it̚.ʌ]
그럼 강제로,8,[kɯ.ɾʌm.kaŋ.tʃe.ɾo],[gɯ.ɾʌm.gaŋ.dʒe.ɾo]
돌아가실 것,8,[tol.a.ka.sil.kʌt̚],[dol.a.ga.sil.gʌt̚]
돌아가야 하고,8,[tol.a.ka.ja.ha.ko],[dol.a.ga.ja.ha.go]
영향을 줄 수 있어,8,[jʌŋ.hjaŋ.ɯl.tʃul.su.it̚.ʌ],[jʌŋ.hjaŋ.ɯl.dʒul.su.it̚.ʌ]
목적 달성을,8,[mok̚.tʃʌk̚.tal.sʌŋ.ɯl],[mok̚.tʃʌk̚.dal.sʌŋ.ɯl]
영향을 줄지도,8,[jʌŋ.hjaŋ.ɯl.tʃul.tʃi.to],[jʌŋ.hjaŋ.ɯl.dʒul.tʃi.do]
좀 모자라요,8,[tʃom.mo.tʃa.ɾa.jo],[dʒom.mo.dʒa.ɾa.jo]
없었네 근데,8,[ʌp̚.ʌt̚.ne.kɯn.te],[ʌp̚.ʌt̚.ne.gɯn.te]
영향이 있을,8,[jʌŋ.hjaŋ.i.it̚.ɯl],[jʌŋ.hjaŋ.i.it̚.ɯl]
영향이 있을까요,8,[jʌŋ.hjaŋ.i.it̚.ɯl.k͈a.jo],[jʌŋ.hjaŋ.i.it̚.ɯl.k͈a.jo]
거짓 위에,8,[kʌ.tʃit̚.wi.e],[gʌ.dʒit̚.wi.e]
영혼을 구하는,8,[jʌŋ.hon.ɯl.ku.ha.nɯn],[jʌŋ.hon.ɯl.gu.ha.nɯn]
영혼을 달래줘요,8,[jʌŋ.hon.ɯl.tal.ɾɛ.tʃwʌ.jo],[jʌŋ.hon.ɯl.dal.ɾɛ.dʒwʌ.jo]
영혼을 볼 수,8,[jʌŋ.hon.ɯl.pol.su],[jʌŋ.hon.ɯl.bol.su]
돌아가자 네,8,[tol.a.ka.tʃa.ne],[dol.a.ga.dʒa.ne]
본 것 보다 훨씬,8,[poŋ.kʌt̚.po.ta.hwʌl.s͈in],[bon.gʌt̚.bo.da.hwʌl.s͈in]
게 있었는데요,8,[ke.it̚.ʌt̚.nɯn.te.jo],[ge.it̚.ʌt̚.nɯn.te.jo]
영혼을 지옥에서,8,[jʌŋ.hon.ɯl.tʃi.ok̚.e.sʌ],[jʌŋ.hon.ɯl.dʒi.ok̚.e.sʌ]
영혼이 없어요,8,[jʌŋ.hon.i.ʌp̚.ʌ.jo],[jʌŋ.hon.i.ʌp̚.ʌ.jo]
영혼이 있는,8,[jʌŋ.hon.i.it̚.nɯn],[jʌŋ.hon.i.it̚.nɯn]
그럼 결과는,8,[kɯ.ɾʌm.kjʌl.kwa.nɯn],[gɯ.ɾʌm.gjʌl.kwa.nɯn]
좀 물어봐요,8,[tʃom.mul.ʌ.pwa.jo],[dʒom.mul.ʌ.bwa.jo]
돌아가지 않았어,8,[tol.a.ka.tʃi.an.at̚.ʌ],[dol.a.ga.dʒi.an.at̚.ʌ]
해요 하지만 난,8,[hɛ.jo.ha.tʃi.man.nan],[hɛ.jo.ha.dʒi.man.nan]
세월이 있는데,8,[se.wʌl.i.it̚.nɯn.te],[se.wʌl.i.it̚.nɯn.te]
그럼 결정된,8,[kɯ.ɾʌm.kjʌl.tʃʌŋ.twen],[gɯ.ɾʌm.gjʌl.tʃʌŋ.dwen]
have their,8,,
영화 두,8,[jʌŋ.hwa.tu],[jʌŋ.hwa.du]
없었다 만약,8,[ʌp̚.ʌt̚.ta.man.jak̚],[ʌp̚.ʌt̚.ta.man.jak̚]
영화 몇,8,[jʌŋ.hwa.mjʌt̚],[jʌŋ.hwa.mjʌt̚]
났어 이제,8,[nat̚.ʌ.i.tʃe],[nat̚.ʌ.i.dʒe]
영화 보다가,8,[jʌŋ.hwa.po.ta.ka],[jʌŋ.hwa.bo.da.ga]
영화 보는데,8,[jʌŋ.hwa.po.nɯn.te],[jʌŋ.hwa.bo.nɯn.te]
영화 보러 가는,8,[jʌŋ.hwa.po.ɾʌ.ka.nɯn],[jʌŋ.hwa.bo.ɾʌ.ga.nɯn]
돌아간 걸,8,[tol.a.kaŋ.kʌl],[dol.a.gan.gʌl]
영화 보러 가서,8,[jʌŋ.hwa.po.ɾʌ.ka.sʌ],[jʌŋ.hwa.bo.ɾʌ.ga.sʌ]
영화 보러 갈래요,8,[jʌŋ.hwa.po.ɾʌ.kal.ɾɛ.jo],[jʌŋ.hwa.bo.ɾʌ.gal.ɾɛ.jo]
좀 미뤄야,8,[tʃom.mi.ɾwʌ.ja],[dʒom.mi.ɾwʌ.ja]
영화 볼 수,8,[jʌŋ.hwa.pol.su],[jʌŋ.hwa.bol.su]
영화 봐도,8,[jʌŋ.hwa.pwa.to],[jʌŋ.hwa.bwa.do]
그럼 계획대로,8,[kɯ.ɾʌm.kje.hwek̚.tɛ.ɾo],[gɯ.ɾʌm.gje.hwek̚.tɛ.ɾo]
영화 속에 있는,8,[jʌŋ.hwa.sok̚.e.it̚.nɯn],[jʌŋ.hwa.sok̚.e.it̚.nɯn]
영화 소품,8,[jʌŋ.hwa.so.pʰum],[jʌŋ.hwa.so.pʰum]
돌아갈 거란,8,[tol.a.kal.kʌ.ɾan],[dol.a.gal.gʌ.ɾan]
거짓말 난,8,[kʌ.tʃit̚.mal.lan],[gʌ.dʒit̚.mal.lan]
그럼 계획이 뭐야,8,[kɯ.ɾʌm.kje.hwek̚.i.mwʌ.ja],[gɯ.ɾʌm.gje.hwek̚.i.mwʌ.ja]
세월이 지난,8,[se.wʌl.i.tʃi.nan],[se.wʌl.i.dʒi.nan]
영화 얘기를,8,[jʌŋ.hwa.jɛ.ki.ɾɯl],[jʌŋ.hwa.jɛ.gi.ɾɯl]
영화 얘기가,8,[jʌŋ.hwa.jɛ.ki.ka],[jʌŋ.hwa.jɛ.gi.ga]
have time for this,8,,
영화 찍어요,8,[jʌŋ.hwa.tʃ͈ik̚.ʌ.jo],[jʌŋ.hwa.tʃ͈ik̚.ʌ.jo]
돌아갈 길은 없어,8,[tol.a.kal.kil.ɯn.ʌp̚.ʌ],[dol.a.gal.gil.ɯn.ʌp̚.ʌ]
거짓말 마 거짓말,8,[kʌ.tʃit̚.mal.ma.kʌ.tʃit̚.mal],[gʌ.dʒit̚.mal.ma.gʌ.dʒit̚.mal]
돌아갈 생각은,8,[tol.a.kal.sɛŋ.kak̚.ɯn],[dol.a.gal.sɛŋ.gak̚.ɯn]
영화도 보러,8,[jʌŋ.hwa.to.po.ɾʌ],[jʌŋ.hwa.do.bo.ɾʌ]
거짓말 못하는,8,[kʌ.tʃit̚.mal.mot̚.ha.nɯn],[gʌ.dʒit̚.mal.mot̚.ha.nɯn]
영화를 만들려고,8,[jʌŋ.hwa.ɾɯl.man.tɯl.ɾjʌ.ko],[jʌŋ.hwa.ɾɯl.man.tɯl.ɾjʌ.go]
좀 받아들여,8,[tʃom.pat̚.a.tɯl.jʌ],[dʒom.bat̚.a.dɯl.jʌ]
영화를 보는 것,8,[jʌŋ.hwa.ɾɯl.po.nɯŋ.kʌt̚],[jʌŋ.hwa.ɾɯl.bo.nɯn.gʌt̚]
영화를 보며,8,[jʌŋ.hwa.ɾɯl.po.mjʌ],[jʌŋ.hwa.ɾɯl.bo.mjʌ]
영화를 보려고,8,[jʌŋ.hwa.ɾɯl.po.ɾjʌ.ko],[jʌŋ.hwa.ɾɯl.bo.ɾjʌ.go]
그럼 그 돈은,8,[kɯ.ɾʌm.kɯ.ton.ɯn],[gɯ.ɾʌm.gɯ.don.ɯn]
돌아갈 수 있을지,8,[tol.a.kal.su.it̚.ɯl.tʃi],[dol.a.gal.su.it̚.ɯl.tʃi]
없었던 거군,8,[ʌp̚.ʌt̚.tʌŋ.kʌ.kun],[ʌp̚.ʌt̚.tʌn.gʌ.gun]
영화를 통해,8,[jʌŋ.hwa.ɾɯl.tʰoŋ.hɛ],[jʌŋ.hwa.ɾɯl.tʰoŋ.hɛ]
좀 받으려고,8,[tʃom.pat̚.ɯ.ɾjʌ.ko],[dʒom.bat̚.ɯ.ɾjʌ.go]
던컨 씨,8,[tʌŋ.kʰʌn.s͈i],[dʌŋ.kʰʌn.s͈i]
돌아갈 시간이다,8,[tol.a.kal.si.kan.i.ta],[dol.a.gal.si.gan.i.da]
영화의 밤,8,[jʌŋ.hwa.ɯi.pam],[jʌŋ.hwa.ɯi.bam]
영화인 줄,8,[jʌŋ.hwa.in.tʃul],[jʌŋ.hwa.in.dʒul]
좀 밟아,8,[tʃom.pal.a],[dʒom.bal.a]
없었다고 했어요,8,[ʌp̚.ʌt̚.ta.ko.hɛt̚.ʌ.jo],[ʌp̚.ʌt̚.ta.go.hɛt̚.ʌ.jo]
돌아갈 집이,8,[tol.a.kal.tʃip̚.i],[dol.a.gal.dʒip̚.i]
옅은 숨을 내쉬며,8,[jʌt̚.ɯn.sum.ɯl.lɛ.swi.mjʌ],[jʌt̚.ɯn.sum.ɯl.lɛ.swi.mjʌ]
그럼 그걸 어떻게,8,[kɯ.ɾʌm.kɯ.kʌl.ʌ.t͈ʌt̚.ke],[gɯ.ɾʌm.gɯ.gʌl.ʌ.t͈ʌt̚.ke]
옆 사람,8,[jʌp̚.sa.ɾam],[jʌp̚.sa.ɾam]
그럼 그게 무슨,8,[kɯ.ɾʌm.kɯ.ke.mu.sɯn],[gɯ.ɾʌm.gɯ.ge.mu.sɯn]
포르노는 안,8,[pʰo.ɾɯ.no.nɯn.an],[pʰo.ɾɯ.no.nɯn.an]
옆에 놓고,8,[jʌp̚.e.not̚.ko],[jʌp̚.e.not̚.ko]
옆에 놓인 가방에 담아,8,[jʌp̚.e.not̚.iŋ.ka.paŋ.e.tam.a],[jʌp̚.e.not̚.in.ga.baŋ.e.dam.a]
옆에 누구야,8,[jʌp̚.e.nu.ku.ja],[jʌp̚.e.nu.gu.ja]
좀 벌었어,8,[tʃom.pʌl.ʌt̚.ʌ],[dʒom.bʌl.ʌt̚.ʌ]
옆에 두는,8,[jʌp̚.e.tu.nɯn],[jʌp̚.e.du.nɯn]
옆에 딱 붙어서,8,[jʌp̚.e.t͈ak̚.put̚.ʌ.sʌ],[jʌp̚.e.t͈ak̚.but̚.ʌ.sʌ]
돌아다니면 안 돼요,8,[tol.a.ta.ni.mjʌn.an.twɛ.jo],[dol.a.da.ni.mjʌn.an.dwɛ.jo]
목표 지점,8,[mok̚.pʰjo.tʃi.tʃʌm],[mok̚.pʰjo.dʒi.dʒʌm]
옆에 붙어 있을,8,[jʌp̚.e.put̚.ʌ.it̚.ɯl],[jʌp̚.e.but̚.ʌ.it̚.ɯl]
게 있으면 내,8,[ke.it̚.ɯ.mjʌn.nɛ],[ge.it̚.ɯ.mjʌn.nɛ]
옆에 사는,8,[jʌp̚.e.sa.nɯn],[jʌp̚.e.sa.nɯn]
그럼 그녀에게,8,[kɯ.ɾʌm.kɯ.njʌ.e.ke],[gɯ.ɾʌm.gɯ.njʌ.e.ge]
옆에 서있는,8,[jʌp̚.e.sʌ.it̚.nɯn],[jʌp̚.e.sʌ.it̚.nɯn]
포섭할 수,8,[pʰo.sʌp̚.hal.su],[pʰo.sʌp̚.hal.su]
돌아라 돌아라,8,[tol.a.ɾa.tol.a.ɾa],[dol.a.ɾa.dol.a.ɾa]
돌아버릴 거,8,[tol.a.pʌ.ɾil.kʌ],[dol.a.bʌ.ɾil.gʌ]
나오게 해요,8,[na.o.ke.hɛ.jo],[na.o.ge.hɛ.jo]
옆에 앉지,8,[jʌp̚.e.an.tʃi],[jʌp̚.e.an.tʃi]
옆에 없는,8,[jʌp̚.e.ʌp̚.nɯn],[jʌp̚.e.ʌp̚.nɯn]
옆에 이,8,[jʌp̚.e.i],[jʌp̚.e.i]
옆에 없을,8,[jʌp̚.e.ʌp̚.ɯl],[jʌp̚.e.ʌp̚.ɯl]
그럼 그들의,8,[kɯ.ɾʌm.kɯ.tɯl.ɯi],[gɯ.ɾʌm.gɯ.dɯl.ɯi]
옆에 있기,8,[jʌp̚.e.it̚.ki],[jʌp̚.e.it̚.ki]
없었습니다 그래,8,[ʌp̚.ʌt̚.sɯp̚.ni.ta.kɯ.ɾɛ],[ʌp̚.ʌt̚.sɯp̚.ni.da.gɯ.ɾɛ]
옆에 있는 사람은,8,[jʌp̚.e.it̚.nɯn.sa.ɾam.ɯn],[jʌp̚.e.it̚.nɯn.sa.ɾam.ɯn]
옆에 있다고,8,[jʌp̚.e.it̚.ta.ko],[jʌp̚.e.it̚.ta.go]
have to be the,8,,
옆에 있어 주고,8,[jʌp̚.e.it̚.ʌ.tʃu.ko],[jʌp̚.e.it̚.ʌ.dʒu.go]
you wanna dance,8,,
없었습니다 아니,8,[ʌp̚.ʌt̚.sɯp̚.ni.ta.a.ni],[ʌp̚.ʌt̚.sɯp̚.ni.da.a.ni]
옆에 있어주는,8,[jʌp̚.e.it̚.ʌ.tʃu.nɯn],[jʌp̚.e.it̚.ʌ.dʒu.nɯn]
돌아서 해님을 불러오렴,8,[tol.a.sʌ.hɛ.nim.ɯl.pul.ɾʌ.o.ɾjʌm],[dol.a.sʌ.hɛ.nim.ɯl.bul.ɾʌ.o.ɾjʌm]
돌아서면서 맥더못이,8,[tol.a.sʌ.mjʌn.sʌ.mɛk̚.tʌ.mot̚.i],[dol.a.sʌ.mjʌn.sʌ.mɛk̚.tʌ.mot̚.i]
돌아서면서 맥더못이 낸시를,8,[tol.a.sʌ.mjʌn.sʌ.mɛk̚.tʌ.mot̚.i.nɛn.si.ɾɯl],[dol.a.sʌ.mjʌn.sʌ.mɛk̚.tʌ.mot̚.i.nɛn.si.ɾɯl]
돌아서면서 맥더못이 낸시를 끌고,8,[tol.a.sʌ.mjʌn.sʌ.mɛk̚.tʌ.mot̚.i.nɛn.si.ɾɯl.k͈ɯl.ko],[dol.a.sʌ.mjʌn.sʌ.mɛk̚.tʌ.mot̚.i.nɛn.si.ɾɯl.k͈ɯl.ko]
그럼 그러죠,8,[kɯ.ɾʌm.kɯ.ɾʌ.tʃjo],[gɯ.ɾʌm.gɯ.ɾʌ.dʒjo]
돌아설 거야,8,[tol.a.sʌl.kʌ.ja],[dol.a.sʌl.gʌ.ja]
옆에 있을 수,8,[jʌp̚.e.it̚.ɯl.su],[jʌp̚.e.it̚.ɯl.su]
옆에 있지도,8,[jʌp̚.e.it̚.tʃi.to],[jʌp̚.e.it̚.tʃi.do]
돌아오게 되면,8,[tol.a.o.ke.twe.mjʌn],[dol.a.o.ge.dwe.mjʌn]
옆에 차를,8,[jʌp̚.e.tʃʰa.ɾɯl],[jʌp̚.e.tʃʰa.ɾɯl]
돌아오게 하는,8,[tol.a.o.ke.ha.nɯn],[dol.a.o.ge.ha.nɯn]
방법일 것,8,[pam.pʌp̚.il.kʌt̚],[baŋ.bʌp̚.il.gʌt̚]
옆으로 가 봐,8,[jʌp̚.ɯ.ɾo.ka.pwa],[jʌp̚.ɯ.ɾo.ga.bwa]
옆집 사람이,8,[jʌp̚.tʃip̚.sa.ɾam.i],[jʌp̚.tʃip̚.sa.ɾam.i]
옆집 살던,8,[jʌp̚.tʃip̚.sal.tʌn],[jʌp̚.tʃip̚.sal.tʌn]
옆집 여자,8,[jʌp̚.tʃip̚.jʌ.tʃa],[jʌp̚.tʃip̚.jʌ.dʒa]
옆집에 살고,8,[jʌp̚.tʃip̚.e.sal.ko],[jʌp̚.tʃip̚.e.sal.ko]
좀 보여 주시죠,8,[tʃom.po.jʌ.tʃu.si.tʃjo],[dʒom.bo.jʌ.dʒu.si.dʒjo]
거짓말 하나,8,[kʌ.tʃit̚.mal.ha.na],[gʌ.dʒit̚.mal.ha.na]
예 그렇죠,8,[je.kɯ.ɾʌt̚.tʃjo],[je.gɯ.ɾʌt̚.tʃjo]
예 당신,8,[je.taŋ.sin],[je.daŋ.sin]
예 두,8,[je.tu],[je.du]
그럼 기다려,8,[kɯ.ɾʌm.ki.ta.ɾjʌ],[gɯ.ɾʌm.gi.da.ɾjʌ]
거짓말 하는 게,8,[kʌ.tʃit̚.mal.ha.nɯŋ.ke],[gʌ.dʒit̚.mal.ha.nɯn.ge]
예 여기서,8,[je.jʌ.ki.sʌ],[je.jʌ.gi.sʌ]
덜어 주고,8,[tʌl.ʌ.tʃu.ko],[dʌl.ʌ.dʒu.go]
그럼 기분이 좀,8,[kɯ.ɾʌm.ki.pun.i.tʃom],[gɯ.ɾʌm.gi.bun.i.dʒom]
돌아오면 그,8,[tol.a.o.mjʌŋ.kɯ],[dol.a.o.mjʌn.gɯ]
예 자막,8,[je.tʃa.mak̚],[je.dʒa.mak̚]
예 저희가,8,[je.tʃʌ.hɯi.ka],[je.dʒʌ.hɯi.ga]
예 좋습니다,8,[je.tʃot̚.sɯp̚.ni.ta],[je.dʒot̚.sɯp̚.ni.da]
예 참,8,[je.tʃʰam],[je.tʃʰam]
예 한데,8,[je.han.te],[je.han.te]
없었어 다들,8,[ʌp̚.ʌt̚.ʌ.ta.tɯl],[ʌp̚.ʌt̚.ʌ.da.dɯl]
돌아오면 모든,8,[tol.a.o.mjʌn.mo.tɯn],[dol.a.o.mjʌn.mo.dɯn]
돌아오면 안 돼,8,[tol.a.o.mjʌn.an.twɛ],[dol.a.o.mjʌn.an.dwɛ]
돌아오면 어떡해,8,[tol.a.o.mjʌn.ʌ.t͈ʌk̚.hɛ],[dol.a.o.mjʌn.ʌ.t͈ʌk̚.hɛ]
예레미아 질 하프페니,8,[je.ɾe.mi.a.tʃil.ha.pʰɯ.pʰe.ni],[je.ɾe.mi.a.dʒil.ha.pʰɯ.pʰe.ni]
예레미아 질,8,[je.ɾe.mi.a.tʃil],[je.ɾe.mi.a.dʒil]
예레미아 질 하프페니 편안한,8,[je.ɾe.mi.a.tʃil.ha.pʰɯ.pʰe.ni.pʰjʌn.an.han],[je.ɾe.mi.a.dʒil.ha.pʰɯ.pʰe.ni.pʰjʌn.an.han]
돌아오면 우리,8,[tol.a.o.mjʌn.u.ɾi],[dol.a.o.mjʌn.u.ɾi]
돌아오면 여기,8,[tol.a.o.mjʌn.jʌ.ki],[dol.a.o.mjʌn.jʌ.gi]
예루살렘에 들어가나요,8,[je.ɾu.sal.ɾem.e.tɯl.ʌ.ka.na.jo],[je.ɾu.sal.ɾem.e.dɯl.ʌ.ga.na.jo]
없었어 둘,8,[ʌp̚.ʌt̚.ʌ.tul],[ʌp̚.ʌt̚.ʌ.dul]
예를 갖춰,8,[je.ɾɯl.kat̚.tʃʰwʌ],[je.ɾɯl.gat̚.tʃʰwʌ]
Get going,8,,
돌아오면 함께,8,[tol.a.o.mjʌn.ham.k͈e],[dol.a.o.mjʌn.ham.k͈e]
제가 주인이에요,8,[tʃe.ka.tʃu.in.i.e.jo],[dʒe.ga.dʒu.in.i.e.jo]
그럼 끝나는,8,[kɯ.ɾʌm.k͈ɯt̚.na.nɯn],[gɯ.ɾʌm.k͈ɯt̚.na.nɯn]
그럼 끝나,8,[kɯ.ɾʌm.k͈ɯt̚.na],[gɯ.ɾʌm.k͈ɯt̚.na]
거짓말 한 적 없어,8,[kʌ.tʃit̚.mal.han.tʃʌk̚.ʌp̚.ʌ],[gʌ.dʒit̚.mal.han.dʒʌk̚.ʌp̚.ʌ]
돌아오실 줄 알았어요,8,[tol.a.o.sil.tʃul.al.at̚.ʌ.jo],[dol.a.o.sil.dʒul.al.at̚.ʌ.jo]
예비 검사,8,[je.pi.kʌm.sa],[je.bi.gʌm.sa]
예비 발전기,8,[je.pi.pal.tʃʌŋ.ki],[je.bi.bal.tʃʌŋ.ki]
그럼 나 이제,8,[kɯ.ɾʌm.na.i.tʃe],[gɯ.ɾʌm.na.i.dʒe]
덜할 거야,8,[tʌl.hal.kʌ.ja],[dʌl.hal.gʌ.ja]
그런 거 아니잖아,8,[kɯ.ɾʌŋ.kʌ.a.ni.tʃan.a],[gɯ.ɾʌn.gʌ.a.ni.dʒan.a]
없었어 어떤,8,[ʌp̚.ʌt̚.ʌ.ʌ.t͈ʌn],[ʌp̚.ʌt̚.ʌ.ʌ.t͈ʌn]
세포가 다,8,[se.pʰo.ka.ta],[se.pʰo.ga.da]
좀 봐 뭔데,8,[tʃom.pwa.mwʌn.te],[dʒom.bwa.mwʌn.te]
예뻐요 네,8,[je.p͈ʌ.jo.ne],[je.p͈ʌ.jo.ne]
없었어 아직,8,[ʌp̚.ʌt̚.ʌ.a.tʃik̚],[ʌp̚.ʌt̚.ʌ.a.dʒik̚]
예쁘게 꾸미고,8,[je.p͈ɯ.ke.k͈u.mi.ko],[je.p͈ɯ.ge.k͈u.mi.go]
게 있으면 저한테,8,[ke.it̚.ɯ.mjʌn.tʃʌ.han.tʰe],[ge.it̚.ɯ.mjʌn.dʒʌ.han.tʰe]
볼 수없는,8,[pol.su.ʌp̚.nɯn],[bol.su.ʌp̚.nɯn]
예쁘고 멋진,8,[je.p͈ɯ.ko.mʌt̚.tʃin],[je.p͈ɯ.go.mʌt̚.tʃin]
돌아오지 않는다고,8,[tol.a.o.tʃi.an.nɯn.ta.ko],[dol.a.o.dʒi.an.nɯn.ta.go]
예쁘고 좋은,8,[je.p͈ɯ.ko.tʃot̚.ɯn],[je.p͈ɯ.go.dʒot̚.ɯn]
포켓 스퀘어,8,[pʰo.kʰet̚.sɯ.kʰwe.ʌ],[pʰo.kʰet̚.sɯ.kʰwe.ʌ]
좀 봐 엄마가,8,[tʃom.pwa.ʌm.ma.ka],[dʒom.bwa.ʌm.ma.ga]
돌아오지 않아서,8,[tol.a.o.tʃi.an.a.sʌ],[dol.a.o.dʒi.an.a.sʌ]
예쁘긴 해,8,[je.p͈ɯ.kin.hɛ],[je.p͈ɯ.gin.hɛ]
그럼 나도 여기,8,[kɯ.ɾʌm.na.to.jʌ.ki],[gɯ.ɾʌm.na.do.jʌ.gi]
돌아오지 않았으면,8,[tol.a.o.tʃi.an.at̚.ɯ.mjʌn],[dol.a.o.dʒi.an.at̚.ɯ.mjʌn]
같이 있어야죠,8,[kat̚.i.it̚.ʌ.ja.tʃjo],[gat̚.i.it̚.ʌ.ja.dʒjo]
포터 렌,8,[pʰo.tʰʌ.ɾen],[pʰo.tʰʌ.ɾen]
예쁜 거야,8,[je.p͈ɯŋ.kʌ.ja],[je.p͈ɯn.gʌ.ja]
좀 봐 잠깐만,8,[tʃom.pwa.tʃam.k͈an.man],[dʒom.bwa.dʒam.k͈an.man]
예쁜 데다가,8,[je.p͈ɯn.te.ta.ka],[je.p͈ɯn.de.da.ga]
돌아온 거요,8,[tol.a.oŋ.kʌ.jo],[dol.a.on.gʌ.jo]
예쁜 소녀,8,[je.p͈ɯn.so.njʌ],[je.p͈ɯn.so.njʌ]
예쁜 아이가,8,[je.p͈ɯn.a.i.ka],[je.p͈ɯn.a.i.ga]
그럼 나하고,8,[kɯ.ɾʌm.na.ha.ko],[gɯ.ɾʌm.na.ha.go]
그럼 난 가,8,[kɯ.ɾʌm.naŋ.ka],[gɯ.ɾʌm.nan.ga]
거짓말에 소질,8,[kʌ.tʃit̚.mal.e.so.tʃil],[gʌ.dʒit̚.mal.e.so.dʒil]
예쁜이 왜,8,[je.p͈ɯn.i.wɛ],[je.p͈ɯn.i.wɛ]
돌아온 자,8,[tol.a.on.tʃa],[dol.a.on.dʒa]
거짓말은 그만,8,[kʌ.tʃit̚.mal.ɯŋ.kɯ.man],[gʌ.dʒit̚.mal.ɯn.gɯ.man]
돌아온 지 얼마나,8,[tol.a.on.tʃi.ʌl.ma.na],[dol.a.on.dʒi.ʌl.ma.na]
예사롭지 않아,8,[je.sa.ɾop̚.tʃi.an.a],[je.sa.ɾop̚.tʃi.an.a]
돌아온다고 했어요,8,[tol.a.on.ta.ko.hɛt̚.ʌ.jo],[dol.a.on.ta.go.hɛt̚.ʌ.jo]
그럼 난 여기,8,[kɯ.ɾʌm.nan.jʌ.ki],[gɯ.ɾʌm.nan.jʌ.gi]
돌아올 거야 그래,8,[tol.a.ol.kʌ.ja.kɯ.ɾɛ],[dol.a.ol.gʌ.ja.gɯ.ɾɛ]
예상하지 못했을,8,[je.saŋ.ha.tʃi.mot̚.hɛt̚.ɯl],[je.saŋ.ha.dʒi.mot̚.hɛt̚.ɯl]
예상한 대로군,8,[je.saŋ.han.tɛ.ɾo.kun],[je.saŋ.han.dɛ.ɾo.gun]
예상할 수 있다,8,[je.saŋ.hal.su.it̚.ta],[je.saŋ.hal.su.it̚.ta]
거짓말은 안 할 거야,8,[kʌ.tʃit̚.mal.ɯn.an.hal.kʌ.ja],[gʌ.dʒit̚.mal.ɯn.an.hal.gʌ.ja]
예상했던 것보다 훨씬 더,8,[je.saŋ.hɛt̚.tʌŋ.kʌt̚.po.ta.hwʌl.s͈in.tʌ],[je.saŋ.hɛt̚.tʌn.gʌt̚.po.da.hwʌl.s͈in.dʌ]
돌아올 것이라고,8,[tol.a.ol.kʌt̚.i.ɾa.ko],[dol.a.ol.gʌt̚.i.ɾa.go]
돌아올 게,8,[tol.a.ol.ke],[dol.a.ol.ge]
Whatever they,8,,
포함하고 있어,8,[pʰo.ham.ha.ko.it̚.ʌ],[pʰo.ham.ha.go.it̚.ʌ]
예수 그리스도가,8,[je.su.kɯ.ɾi.sɯ.to.ka],[je.su.gɯ.ɾi.sɯ.do.ga]
예수님 또한 복되시나이다 천주의,8,[je.su.nin.t͈o.ham.pok̚.twe.si.na.i.ta.tʃʰʌn.tʃu.ɯi],[je.su.nin.t͈o.han.bok̚.twe.si.na.i.da.tʃʰʌn.tʃu.ɯi]
그럼 남은 건,8,[kɯ.ɾʌm.nam.ɯŋ.kʌn],[gɯ.ɾʌm.nam.ɯn.gʌn]
have to kill,8,,
좀 부탁하지,8,[tʃom.pu.tʰak̚.ha.tʃi],[dʒom.bu.tʰak̚.ha.dʒi]
돌아올 때쯤이면,8,[tol.a.ol.t͈ɛ.tʃ͈ɯm.i.mjʌn],[dol.a.ol.t͈ɛ.tʃ͈ɯm.i.mjʌn]
그럼 남편이,8,[kɯ.ɾʌm.nam.pʰjʌn.i],[gɯ.ɾʌm.nam.pʰjʌn.i]
나오는 나쁜,8,[na.o.nɯn.na.p͈ɯn],[na.o.nɯn.na.p͈ɯn]
돌아올 방법을,8,[tol.a.ol.pam.pʌp̚.ɯl],[dol.a.ol.baŋ.bʌp̚.ɯl]
예술가는 조금씩이나마,8,[je.sul.ka.nɯn.tʃo.kɯm.s͈ik̚.i.na.ma],[je.sul.ka.nɯn.dʒo.gɯm.s͈ik̚.i.na.ma]
예술가는 조금씩이나마 자신을 작품에,8,[je.sul.ka.nɯn.tʃo.kɯm.s͈ik̚.i.na.ma.tʃa.sin.ɯl.tʃak̚.pʰum.e],[je.sul.ka.nɯn.dʒo.gɯm.s͈ik̚.i.na.ma.dʒa.sin.ɯl.dʒak̚.pʰum.e]
섹스를 했고,8,[sek̚.sɯ.ɾɯl.hɛt̚.ko],[sek̚.sɯ.ɾɯl.hɛt̚.ko]
몰라 결국,8,[mol.ɾa.kjʌl.kuk̚],[mol.ɾa.gjʌl.kuk̚]
그럼 내가 그,8,[kɯ.ɾʌm.nɛ.ka.kɯ],[gɯ.ɾʌm.nɛ.ga.gɯ]
없었어요 아,8,[ʌp̚.ʌt̚.ʌ.jo.a],[ʌp̚.ʌt̚.ʌ.jo.a]
없었어요 아무도,8,[ʌp̚.ʌt̚.ʌ.jo.a.mu.to],[ʌp̚.ʌt̚.ʌ.jo.a.mu.do]
돌아올 수 있을까,8,[tol.a.ol.su.it̚.ɯl.k͈a],[dol.a.ol.su.it̚.ɯl.k͈a]
그럼 내가 누군지,8,[kɯ.ɾʌm.nɛ.ka.nu.kun.tʃi],[gɯ.ɾʌm.nɛ.ga.nu.gun.tʃi]
섹스에 관해,8,[sek̚.sɯ.e.kwan.hɛ],[sek̚.sɯ.e.gwan.hɛ]
예의가 없네,8,[je.ɯi.ka.ʌp̚.ne],[je.ɯi.ga.ʌp̚.ne]
그럼 내가 뭐가,8,[kɯ.ɾʌm.nɛ.ka.mwʌ.ka],[gɯ.ɾʌm.nɛ.ga.mwʌ.ga]
그럼 내가 알아서,8,[kɯ.ɾʌm.nɛ.ka.al.a.sʌ],[gɯ.ɾʌm.nɛ.ga.al.a.sʌ]
Whatever you want,8,,
돌아올지 몰라,8,[tol.a.ol.tʃi.mol.ɾa],[dol.a.ol.tʃi.mol.ɾa]
덩컨 씨,8,[tʌŋ.kʰʌn.s͈i],[dʌŋ.kʰʌn.s͈i]
예전 같진,8,[je.tʃʌŋ.kat̚.tʃin],[je.dʒʌn.gat̚.tʃin]
예전 그,8,[je.tʃʌŋ.kɯ],[je.dʒʌn.gɯ]
없었어요 여기서,8,[ʌp̚.ʌt̚.ʌ.jo.jʌ.ki.sʌ],[ʌp̚.ʌt̚.ʌ.jo.jʌ.gi.sʌ]
돌아올지도 몰라요,8,[tol.a.ol.tʃi.to.mol.ɾa.jo],[dol.a.ol.tʃi.do.mol.ɾa.jo]
We''re looking for a,8,,
거짓말을 믿을,8,[kʌ.tʃit̚.mal.ɯl.mit̚.ɯl],[gʌ.dʒit̚.mal.ɯl.mit̚.ɯl]
돌아와 그,8,[tol.a.wa.kɯ],[dol.a.wa.gɯ]
예전 우리,8,[je.tʃʌn.u.ɾi],[je.dʒʌn.u.ɾi]
예전 일을,8,[je.tʃʌn.il.ɯl],[je.dʒʌn.il.ɯl]
돌아와 네가,8,[tol.a.wa.ne.ka],[dol.a.wa.ne.ga]
방송되지 않다 재방송은 없을,8,[paŋ.soŋ.twe.tʃi.an.ta.tʃɛ.paŋ.soŋ.ɯn.ʌp̚.ɯl],[baŋ.soŋ.dwe.dʒi.an.ta.dʒɛ.baŋ.soŋ.ɯn.ʌp̚.ɯl]
좀 빌렸어,8,[tʃom.pil.ɾjʌt̚.ʌ],[dʒom.bil.ɾjʌt̚.ʌ]
예전 학교,8,[je.tʃʌn.hak̚.kjo],[je.dʒʌn.hak̚.kjo]
거짓말을 안 해요,8,[kʌ.tʃit̚.mal.ɯl.an.hɛ.jo],[gʌ.dʒit̚.mal.ɯl.an.hɛ.jo]
예전에 나랑,8,[je.tʃʌn.e.na.ɾaŋ],[je.dʒʌn.e.na.ɾaŋ]
거짓말을 지켜볼,8,[kʌ.tʃit̚.mal.ɯl.tʃi.kʰjʌ.pol],[gʌ.dʒit̚.mal.ɯl.dʒi.kʰjʌ.bol]
그럼 내게도,8,[kɯ.ɾʌm.nɛ.ke.to],[gɯ.ɾʌm.nɛ.ge.do]
예전에 너,8,[je.tʃʌn.e.nʌ],[je.dʒʌn.e.nʌ]
예전에 다,8,[je.tʃʌn.e.ta],[je.dʒʌn.e.da]
예전에 만났던,8,[je.tʃʌn.e.man.nat̚.tʌn],[je.dʒʌn.e.man.nat̚.tʌn]
거짓말을 지켜볼 때,8,[kʌ.tʃit̚.mal.ɯl.tʃi.kʰjʌ.pol.t͈ɛ],[gʌ.dʒit̚.mal.ɯl.dʒi.kʰjʌ.bol.t͈ɛ]
예전에 어땠는지,8,[je.tʃʌn.e.ʌ.t͈ɛt̚.nɯn.tʃi],[je.dʒʌn.e.ʌ.t͈ɛt̚.nɯn.tʃi]
그럼 내일 봅시다,8,[kɯ.ɾʌm.nɛ.il.pop̚.si.ta],[gɯ.ɾʌm.nɛ.il.bop̚.si.da]
돌아와서 네,8,[tol.a.wa.sʌ.ne],[dol.a.wa.sʌ.ne]
그럼 내일부터,8,[kɯ.ɾʌm.nɛ.il.pu.tʰʌ],[gɯ.ɾʌm.nɛ.il.pu.tʰʌ]
방송에 나온,8,[paŋ.soŋ.e.na.on],[baŋ.soŋ.e.na.on]
예전에도 그랬고,8,[je.tʃʌn.e.to.kɯ.ɾɛt̚.ko],[je.dʒʌn.e.do.gɯ.ɾɛt̚.ko]
좀 사 왔는데,8,[tʃom.sa.wat̚.nɯn.te],[dʒom.sa.wat̚.nɯn.te]
예전엔 그랬었다 까지 간첩,8,[je.tʃʌn.eŋ.kɯ.ɾɛt̚.ʌt̚.ta.k͈a.tʃi.kan.tʃʰʌp̚],[je.dʒʌn.en.gɯ.ɾɛt̚.ʌt̚.ta.k͈a.dʒi.gan.tʃʰʌp̚]
예전엔 그랬었다 까지,8,[je.tʃʌn.eŋ.kɯ.ɾɛt̚.ʌt̚.ta.k͈a.tʃi],[je.dʒʌn.en.gɯ.ɾɛt̚.ʌt̚.ta.k͈a.dʒi]
나오는 집,8,[na.o.nɯn.tʃip̚],[na.o.nɯn.dʒip̚]
좀 사람답게,8,[tʃom.sa.ɾan.tap̚.ke],[dʒom.sa.ɾan.tap̚.ke]
나오는 즉시,8,[na.o.nɯn.tʃɯk̚.si],[na.o.nɯn.dʒɯk̚.si]
돌아와서 얼마나,8,[tol.a.wa.sʌ.ʌl.ma.na],[dol.a.wa.sʌ.ʌl.ma.na]
거짓말을 하고 있다는 걸,8,[kʌ.tʃit̚.mal.ɯl.ha.ko.it̚.ta.nɯŋ.kʌl],[gʌ.dʒit̚.mal.ɯl.ha.go.it̚.ta.nɯn.gʌl]
폭력을 멈춰요,8,[pʰok̚.ɾjʌk̚.ɯl.mʌn.tʃʰwʌ.jo],[pʰok̚.ɾjʌk̚.ɯl.mʌn.tʃʰwʌ.jo]
돌아와서 저도,8,[tol.a.wa.sʌ.tʃʌ.to],[dol.a.wa.sʌ.dʒʌ.do]
그럼 너부터,8,[kɯ.ɾʌm.nʌ.pu.tʰʌ],[gɯ.ɾʌm.nʌ.bu.tʰʌ]
그럼 너희 둘,8,[kɯ.ɾʌm.nʌ.hɯi.tul],[gɯ.ɾʌm.nʌ.hɯi.dul]
그럼 너희 둘은,8,[kɯ.ɾʌm.nʌ.hɯi.tul.ɯn],[gɯ.ɾʌm.nʌ.hɯi.dul.ɯn]
폭력을 써서,8,[pʰok̚.ɾjʌk̚.ɯl.s͈ʌ.sʌ],[pʰok̚.ɾjʌk̚.ɯl.s͈ʌ.sʌ]
예전처럼 돌아가고,8,[je.tʃʌn.tʃʰʌ.ɾʌn.tol.a.ka.ko],[je.dʒʌn.tʃʰʌ.ɾʌm.dol.a.ga.go]
예정되어 있는,8,[je.tʃʌŋ.twe.ʌ.it̚.nɯn],[je.dʒʌŋ.dwe.ʌ.it̚.nɯn]
그럼 너흰,8,[kɯ.ɾʌm.nʌ.hɯin],[gɯ.ɾʌm.nʌ.hɯin]
예진 씨는,8,[je.tʃin.s͈i.nɯn],[je.dʒin.s͈i.nɯn]
그럼 넌 네,8,[kɯ.ɾʌm.nʌn.ne],[gɯ.ɾʌm.nʌn.ne]
그럼 넌 누구야,8,[kɯ.ɾʌm.nʌn.nu.ku.ja],[gɯ.ɾʌm.nʌn.nu.gu.ja]
몰라 내게,8,[mol.ɾa.nɛ.ke],[mol.ɾa.nɛ.ge]
예측하기 힘든,8,[je.tʃʰɯk̚.ha.ki.hin.tɯn],[je.tʃʰɯk̚.ha.gi.hin.tɯn]
돌아왔어 내,8,[tol.a.wat̚.ʌ.nɛ],[dol.a.wat̚.ʌ.nɛ]
옌하오 아저씨,8,[jen.ha.o.a.tʃʌ.s͈i],[jen.ha.o.a.dʒʌ.s͈i]
옌하오 오빠도,8,[jen.ha.o.o.p͈a.to],[jen.ha.o.o.p͈a.do]
그럼 넌 지금,8,[kɯ.ɾʌm.nʌn.tʃi.kɯm],[gɯ.ɾʌm.nʌn.dʒi.gɯm]
돌아왔어 이제,8,[tol.a.wat̚.ʌ.i.tʃe],[dol.a.wat̚.ʌ.i.dʒe]
돌아왔어 지금,8,[tol.a.wat̚.ʌ.tʃi.kɯm],[dol.a.wat̚.ʌ.dʒi.gɯm]
그럼 네가 내,8,[kɯ.ɾʌm.ne.ka.nɛ],[gɯ.ɾʌm.ne.ga.nɛ]
옛 여자,8,[jet̚.jʌ.tʃa],[jet̚.jʌ.dʒa]
나오라고 했어,8,[na.o.ɾa.ko.hɛt̚.ʌ],[na.o.ɾa.go.hɛt̚.ʌ]
돌아왔을 때 나는,8,[tol.a.wat̚.ɯl.t͈ɛ.na.nɯn],[dol.a.wat̚.ɯl.t͈ɛ.na.nɯn]
옛 친구야,8,[jet̚.tʃʰiŋ.ku.ja],[jet̚.tʃʰiŋ.ku.ja]
거짓말을 하는군요,8,[kʌ.tʃit̚.mal.ɯl.ha.nɯŋ.kun.jo],[gʌ.dʒit̚.mal.ɯl.ha.nɯŋ.kun.jo]
몰라 누군가,8,[mol.ɾa.nu.kuŋ.ka],[mol.ɾa.nu.guŋ.ka]
돌아왔을 때도,8,[tol.a.wat̚.ɯl.t͈ɛ.to],[dol.a.wat̚.ɯl.t͈ɛ.do]
돌아왔을 때요,8,[tol.a.wat̚.ɯl.t͈ɛ.jo],[dol.a.wat̚.ɯl.t͈ɛ.jo]
거짓말을 하도록,8,[kʌ.tʃit̚.mal.ɯl.ha.to.ɾok̚],[gʌ.dʒit̚.mal.ɯl.ha.do.ɾok̚]
나오려나 봐요,8,[na.o.ɾjʌ.na.pwa.jo],[na.o.ɾjʌ.na.bwa.jo]
그럼 놈이,8,[kɯ.ɾʌm.nom.i],[gɯ.ɾʌm.nom.i]
돌연변이 인간,8,[tol.jʌm.pjʌn.i.iŋ.kan],[dol.jʌm.pjʌn.i.iŋ.kan]
옛날 얘기는,8,[jet̚.nal.jɛ.ki.nɯn],[jet̚.nal.jɛ.gi.nɯn]
옛날 옷,8,[jet̚.nal.ot̚],[jet̚.nal.ot̚]
돌을 던지고,8,[tol.ɯl.tʌn.tʃi.ko],[dol.ɯl.dʌn.tʃi.go]
없었을 테니,8,[ʌp̚.ʌt̚.ɯl.tʰe.ni],[ʌp̚.ʌt̚.ɯl.tʰe.ni]
돌이 아니라,8,[tol.i.a.ni.ɾa],[dol.i.a.ni.ɾa]
옛날로 돌아간,8,[jet̚.nal.ɾo.tol.a.kan],[jet̚.nal.ɾo.dol.a.gan]
돌이켜 생각해보면,8,[tol.i.kʰjʌ.sɛŋ.kak̚.hɛ.po.mjʌn],[dol.i.kʰjʌ.sɛŋ.gak̚.hɛ.bo.mjʌn]
옛날에 네가,8,[jet̚.nal.e.ne.ka],[jet̚.nal.e.ne.ga]
옛날에 살던,8,[jet̚.nal.e.sal.tʌn],[jet̚.nal.e.sal.tʌn]
옛날에 했던,8,[jet̚.nal.e.hɛt̚.tʌn],[jet̚.nal.e.hɛt̚.tʌn]
돌이킬 수 없는 피해를,8,[tol.i.kʰil.su.ʌp̚.nɯm.pʰi.hɛ.ɾɯl],[dol.i.kʰil.su.ʌp̚.nɯm.pʰi.hɛ.ɾɯl]
옛날의 그,8,[jet̚.nal.ɯi.kɯ],[jet̚.nal.ɯi.gɯ]
돌이킬 수 없이,8,[tol.i.kʰil.su.ʌp̚.i],[dol.i.kʰil.su.ʌp̚.i]
그럼 누구든,8,[kɯ.ɾʌm.nu.ku.tɯn],[gɯ.ɾʌm.nu.gu.dɯn]
옛정을 봐서,8,[jet̚.tʃʌŋ.ɯl.pwa.sʌ],[jet̚.tʃʌŋ.ɯl.bwa.sʌ]
돌지 마,8,[tol.tʃi.ma],[dol.tʃi.ma]
오 거기,8,[o.kʌ.ki],[o.gʌ.gi]
그럼 누구라고,8,[kɯ.ɾʌm.nu.ku.ɾa.ko],[gɯ.ɾʌm.nu.gu.ɾa.go]
돌체 앤,8,[tol.tʃʰe.ɛn],[dol.tʃʰe.ɛn]
돌파구가 될,8,[tol.pʰa.ku.ka.twel],[dol.pʰa.gu.ga.dwel]
오 그렇지,8,[o.kɯ.ɾʌt̚.tʃi],[o.gɯ.ɾʌt̚.tʃi]
오 넌,8,[o.nʌn],[o.nʌn]
오 노,8,[o.no],[o.no]
오 다행이다,8,[o.ta.hɛŋ.i.ta],[o.da.hɛŋ.i.da]
오 당신이,8,[o.taŋ.sin.i],[o.daŋ.sin.i]
오 당신은,8,[o.taŋ.sin.ɯn],[o.daŋ.sin.ɯn]
돌프 룬드그렌,8,[tol.pʰɯ.ɾun.tɯ.kɯ.ɾen],[dol.pʰɯ.ɾun.tɯ.gɯ.ɾen]
돔 때문에,8,[ton.t͈ɛ.mun.e],[don.t͈ɛ.mun.e]
돔 안에,8,[tom.an.e],[dom.an.e]
돔 페리뇽,8,[tom.pʰe.ɾi.njoŋ],[dom.pʰe.ɾi.njoŋ]
오 미안해요,8,[o.mi.an.hɛ.jo],[o.mi.an.hɛ.jo]
오 분,8,[o.pun],[o.bun]
오 상궁의,8,[o.saŋ.kuŋ.ɯi],[o.saŋ.guŋ.ɯi]
그럼 누나,8,[kɯ.ɾʌm.nu.na],[gɯ.ɾʌm.nu.na]
돕고 싶다는,8,[top̚.ko.sip̚.ta.nɯn],[dop̚.ko.sip̚.ta.nɯn]
좀 쉬지 그래요,8,[tʃom.swi.tʃi.kɯ.ɾɛ.jo],[dʒom.swi.dʒi.gɯ.ɾɛ.jo]
오 우린,8,[o.u.ɾin],[o.u.ɾin]
돕고 싶대,8,[top̚.ko.sip̚.tɛ],[dop̚.ko.sip̚.tɛ]
오 잘됐네,8,[o.tʃal.twɛt̚.ne],[o.dʒal.twɛt̚.ne]
돕고 싶어도,8,[top̚.ko.sip̚.ʌ.to],[dop̚.ko.sip̚.ʌ.do]
그럼 다녀오겠습니다,8,[kɯ.ɾʌn.ta.njʌ.o.ket̚.sɯp̚.ni.ta],[gɯ.ɾʌm.da.njʌ.o.get̚.sɯp̚.ni.da]
오 죄송해요,8,[o.tʃwe.soŋ.hɛ.jo],[o.dʒwe.soŋ.hɛ.jo]
오 캐나다,8,[o.kʰɛ.na.ta],[o.kʰɛ.na.da]
오 회장,8,[o.hwe.tʃaŋ],[o.hwe.dʒaŋ]
have to worry,8,,
그럼 다른 거,8,[kɯ.ɾʌn.ta.ɾɯŋ.kʌ],[gɯ.ɾʌm.da.ɾɯn.gʌ]
데 걸죠,8,[te.kʌl.tʃjo],[de.gʌl.tʃjo]
그럼 다른 건,8,[kɯ.ɾʌn.ta.ɾɯŋ.kʌn],[gɯ.ɾʌm.da.ɾɯn.gʌn]
have to worry about,8,,
오게 되었다,8,[o.ke.twe.ʌt̚.ta],[o.ge.dwe.ʌt̚.ta]
돕고 있는 거야,8,[top̚.ko.it̚.nɯŋ.kʌ.ja],[dop̚.ko.it̚.nɯn.gʌ.ja]
오게 된 거예요,8,[o.ke.tweŋ.kʌ.je.jo],[o.ge.dwen.gʌ.je.jo]
오게 어서,8,[o.ke.ʌ.sʌ],[o.ge.ʌ.sʌ]
오게 하지마,8,[o.ke.ha.tʃi.ma],[o.ge.ha.dʒi.ma]
오게 하려면,8,[o.ke.ha.ɾjʌ.mjʌn],[o.ge.ha.ɾjʌ.mjʌn]
돕고는 싶지만,8,[top̚.ko.nɯn.sip̚.tʃi.man],[dop̚.ko.nɯn.sip̚.tʃi.man]
오게 해줘요,8,[o.ke.hɛ.tʃwʌ.jo],[o.ge.hɛ.dʒwʌ.jo]
돕기 위해 여기,8,[top̚.ki.wi.hɛ.jʌ.ki],[dop̚.ki.wi.hɛ.jʌ.gi]
돕기 위해 여기에,8,[top̚.ki.wi.hɛ.jʌ.ki.e],[dop̚.ki.wi.hɛ.jʌ.gi.e]
돕기 위해 최선을,8,[top̚.ki.wi.hɛ.tʃʰwe.sʌn.ɯl],[dop̚.ki.wi.hɛ.tʃʰwe.sʌn.ɯl]
돕기 위해서야,8,[top̚.ki.wi.hɛ.sʌ.ja],[dop̚.ki.wi.hɛ.sʌ.ja]
돕기나 해,8,[top̚.ki.na.hɛ],[dop̚.ki.na.hɛ]
돕길 원해,8,[top̚.kil.wʌn.hɛ],[dop̚.kil.wʌn.hɛ]
오고 싶어 했어요,8,[o.ko.sip̚.ʌ.hɛt̚.ʌ.jo],[o.go.sip̚.ʌ.hɛt̚.ʌ.jo]
오고 싶어서 온,8,[o.ko.sip̚.ʌ.sʌ.on],[o.go.sip̚.ʌ.sʌ.on]
오고 싶지 않았어,8,[o.ko.sip̚.tʃi.an.at̚.ʌ],[o.go.sip̚.tʃi.an.at̚.ʌ]
그럼 다음에 봐요,8,[kɯ.ɾʌn.ta.ɯm.e.pwa.jo],[gɯ.ɾʌm.da.ɯm.e.bwa.jo]
없었지만 그래도,8,[ʌp̚.ʌt̚.tʃi.maŋ.kɯ.ɾɛ.to],[ʌp̚.ʌt̚.tʃi.man.gɯ.ɾɛ.do]
A 구역,8,[ku.jʌk̚],[gu.jʌk̚]
오고 있고요,8,[o.ko.it̚.ko.jo],[o.go.it̚.ko.jo]
돕는 것에,8,[top̚.nɯŋ.kʌt̚.e],[dop̚.nɯn.gʌt̚.e]
돕는 게 아니야,8,[top̚.nɯŋ.ke.a.ni.ja],[dop̚.nɯn.ge.a.ni.ja]
오고 있어 그,8,[o.ko.it̚.ʌ.kɯ],[o.go.it̚.ʌ.gɯ]
오고 있어 그리고,8,[o.ko.it̚.ʌ.kɯ.ɾi.ko],[o.go.it̚.ʌ.gɯ.ɾi.go]
오고 있어 우린,8,[o.ko.it̚.ʌ.u.ɾin],[o.go.it̚.ʌ.u.ɾin]
거짓말을 했기,8,[kʌ.tʃit̚.mal.ɯl.hɛt̚.ki],[gʌ.dʒit̚.mal.ɯl.hɛt̚.ki]
오고 있었어요,8,[o.ko.it̚.ʌt̚.ʌ.jo],[o.go.it̚.ʌt̚.ʌ.jo]
돕는 자를,8,[top̚.nɯn.tʃa.ɾɯl],[dop̚.nɯn.dʒa.ɾɯl]
돕는다는 게,8,[top̚.nɯn.ta.nɯŋ.ke],[dop̚.nɯn.ta.nɯn.ge]
오곤 했는데,8,[o.kon.hɛt̚.nɯn.te],[o.gon.hɛt̚.nɯn.te]
오구라 박사를,8,[o.ku.ɾa.pak̚.sa.ɾɯl],[o.gu.ɾa.bak̚.sa.ɾɯl]
오기 때문이다,8,[o.ki.t͈ɛ.mun.i.ta],[o.gi.t͈ɛ.mun.i.da]
오기 싫다고,8,[o.ki.sil.ta.ko],[o.gi.sil.ta.go]
돕지 않고,8,[top̚.tʃi.aŋ.ko],[dop̚.tʃi.aŋ.ko]
오기 싫은,8,[o.ki.sil.ɯn],[o.gi.sil.ɯn]
돕지 않는,8,[top̚.tʃi.an.nɯn],[dop̚.tʃi.an.nɯn]
돕지 않았어,8,[top̚.tʃi.an.at̚.ʌ],[dop̚.tʃi.an.at̚.ʌ]
돕지 않을 거예요,8,[top̚.tʃi.an.ɯl.kʌ.je.jo],[dop̚.tʃi.an.ɯl.gʌ.je.jo]
좀 쐐야겠어요,8,[tʃom.s͈wɛ.ja.ket̚.ʌ.jo],[dʒom.s͈wɛ.ja.get̚.ʌ.jo]
오기 전에 여기서,8,[o.ki.tʃʌn.e.jʌ.ki.sʌ],[o.gi.dʒʌn.e.jʌ.gi.sʌ]
오기가 쉽지,8,[o.ki.ka.swip̚.tʃi],[o.gi.ga.swip̚.tʃi]
가족이 같이,8,[ka.tʃok̚.i.kat̚.i],[ga.dʒok̚.i.gat̚.i]
오기로 해서,8,[o.ki.ɾo.hɛ.sʌ],[o.gi.ɾo.hɛ.sʌ]
오기를 원한다,8,[o.ki.ɾɯl.wʌn.han.ta],[o.gi.ɾɯl.wʌn.han.ta]
없으니 메시지를 남겨,8,[ʌp̚.ɯ.ni.me.si.tʃi.ɾɯl.lam.kjʌ],[ʌp̚.ɯ.ni.me.si.dʒi.ɾɯl.lam.kjʌ]
오길 바라,8,[o.kil.pa.ɾa],[o.gil.ba.ɾa]
몰라 알겠습니다,8,[mol.ɾa.al.ket̚.sɯp̚.ni.ta],[mol.ɾa.al.ket̚.sɯp̚.ni.da]
동굴 밖으로,8,[toŋ.kul.pak̚.ɯ.ɾo],[doŋ.gul.bak̚.ɯ.ɾo]
오나 봐라,8,[o.na.pwa.ɾa],[o.na.bwa.ɾa]
그럼 당신한테,8,[kɯ.ɾʌn.taŋ.sin.han.tʰe],[gɯ.ɾʌm.daŋ.sin.han.tʰe]
데 도움이 되다,8,[te.to.um.i.twe.ta],[de.do.um.i.dwe.da]
동굴 탐험을,8,[toŋ.kul.tʰam.hʌm.ɯl],[doŋ.gul.tʰam.hʌm.ɯl]
오뉴월에도 서리가,8,[o.nju.wʌl.e.to.sʌ.ɾi.ka],[o.nju.wʌl.e.do.sʌ.ɾi.ga]
동굴이 있어,8,[toŋ.kul.i.it̚.ʌ],[doŋ.gul.i.it̚.ʌ]
오는 거냐,8,[o.nɯŋ.kʌ.nja],[o.nɯn.gʌ.nja]
그럼 대신에,8,[kɯ.ɾʌn.tɛ.sin.e],[gɯ.ɾʌm.dɛ.sin.e]
오는 거에요,8,[o.nɯŋ.kʌ.e.jo],[o.nɯn.gʌ.e.jo]
오는 거잖아요,8,[o.nɯŋ.kʌ.tʃan.a.jo],[o.nɯn.gʌ.dʒan.a.jo]
동글동글 구슬아이스크림 맛있는,8,[toŋ.kɯl.toŋ.kɯl.ku.sɯl.a.i.sɯ.kʰɯ.ɾim.mat̚.it̚.nɯn],[doŋ.gɯl.toŋ.gɯl.gu.sɯl.a.i.sɯ.kʰɯ.ɾim.mat̚.it̚.nɯn]
동글동글 구슬아이스크림,8,[toŋ.kɯl.toŋ.kɯl.ku.sɯl.a.i.sɯ.kʰɯ.ɾim],[doŋ.gɯl.toŋ.gɯl.gu.sɯl.a.i.sɯ.kʰɯ.ɾim]
동글동글 구슬아이스크림 맛있는 트리핑,8,[toŋ.kɯl.toŋ.kɯl.ku.sɯl.a.i.sɯ.kʰɯ.ɾim.mat̚.it̚.nɯn.tʰɯ.ɾi.pʰiŋ],[doŋ.gɯl.toŋ.gɯl.gu.sɯl.a.i.sɯ.kʰɯ.ɾim.mat̚.it̚.nɯn.tʰɯ.ɾi.pʰiŋ]
그럼 대답해 봐,8,[kɯ.ɾʌn.tɛ.tap̚.hɛ.pwa],[gɯ.ɾʌm.dɛ.dap̚.hɛ.bwa]
동기가 되죠,8,[toŋ.ki.ka.twe.tʃjo],[doŋ.gi.ga.dwe.dʒjo]
그럼 대체 어떻게 된,8,[kɯ.ɾʌn.tɛ.tʃʰe.ʌ.t͈ʌt̚.ke.twen],[gɯ.ɾʌm.dɛ.tʃʰe.ʌ.t͈ʌt̚.ke.dwen]
데 도움이 될 것,8,[te.to.um.i.twel.kʌt̚],[de.do.um.i.dwel.gʌt̚]
When can,8,,
When can I,8,,
거짓말이 아니다,8,[kʌ.tʃit̚.mal.i.a.ni.ta],[gʌ.dʒit̚.mal.i.a.ni.da]
동기가 있지,8,[toŋ.ki.ka.it̚.tʃi],[doŋ.gi.ga.it̚.tʃi]
거짓말이 아니라고,8,[kʌ.tʃit̚.mal.i.a.ni.ɾa.ko],[gʌ.dʒit̚.mal.i.a.ni.ɾa.go]
오는 길이라고,8,[o.nɯŋ.kil.i.ɾa.ko],[o.nɯn.gil.i.ɾa.go]
오는 길이다,8,[o.nɯŋ.kil.i.ta],[o.nɯn.gil.i.da]
오는 길이었어,8,[o.nɯŋ.kil.i.ʌt̚.ʌ],[o.nɯn.gil.i.ʌt̚.ʌ]
When can I go,8,,
동기화및 자막by,8,[toŋ.ki.hwa.mit̚.tʃa.mak̚],[doŋ.gi.hwa.mit̚.dʒa.mak̚]
동기화및 자막by TheShopaholicsTeam,8,[toŋ.ki.hwa.mit̚.tʃa.mak̚],[doŋ.gi.hwa.mit̚.dʒa.mak̚]
동남 아시아,8,[toŋ.nam.a.si.a],[doŋ.nam.a.si.a]
그럼 데이트,8,[kɯ.ɾʌn.te.i.tʰɯ],[gɯ.ɾʌm.de.i.tʰɯ]
방식이 맘에 안 들면,8,[paŋ.sik̚.i.mam.e.an.tɯl.mjʌn],[baŋ.sik̚.i.mam.e.an.dɯl.mjʌn]
거짓말이 아니지,8,[kʌ.tʃit̚.mal.i.a.ni.tʃi],[gʌ.dʒit̚.mal.i.a.ni.dʒi]
몰라 여보,8,[mol.ɾa.jʌ.po],[mol.ɾa.jʌ.bo]
그럼 도울,8,[kɯ.ɾʌn.to.ul],[gɯ.ɾʌm.do.ul]
동네 술집에서,8,[toŋ.ne.sul.tʃip̚.e.sʌ],[doŋ.ne.sul.tʃip̚.e.sʌ]
동네 정말,8,[toŋ.ne.tʃʌŋ.mal],[doŋ.ne.dʒʌŋ.mal]
가족이 그런,8,[ka.tʃok̚.i.kɯ.ɾʌn],[ga.dʒok̚.i.gɯ.ɾʌn]
오늘 같은 날에,8,[o.nɯl.kat̚.ɯn.nal.e],[o.nɯl.gat̚.ɯn.nal.e]
오늘 같은 일은,8,[o.nɯl.kat̚.ɯn.il.ɯn],[o.nɯl.gat̚.ɯn.il.ɯn]
오늘 같은 날을,8,[o.nɯl.kat̚.ɯn.nal.ɯl],[o.nɯl.gat̚.ɯn.nal.ɯl]
동네 최고,8,[toŋ.ne.tʃʰwe.ko],[doŋ.ne.tʃʰwe.go]
have you had,8,,
좀 안 하게 도와주세요,8,[tʃom.an.ha.ke.to.wa.tʃu.se.jo],[dʒom.an.ha.ge.do.wa.dʒu.se.jo]
오늘 게임,8,[o.nɯl.ke.im],[o.nɯl.ge.im]
그럼 돌아와서,8,[kɯ.ɾʌn.tol.a.wa.sʌ],[gɯ.ɾʌm.dol.a.wa.sʌ]
오늘 경찰,8,[o.nɯl.kjʌŋ.tʃʰal],[o.nɯl.gjʌŋ.tʃʰal]
오늘 경찰이,8,[o.nɯl.kjʌŋ.tʃʰal.i],[o.nɯl.gjʌŋ.tʃʰal.i]
오늘 계획,8,[o.nɯl.kje.hwek̚],[o.nɯl.gje.hwek̚]
오늘 공격에,8,[o.nɯl.koŋ.kjʌk̚.e],[o.nɯl.goŋ.gjʌk̚.e]
동네를 벗어난,8,[toŋ.ne.ɾɯl.pʌt̚.ʌ.nan],[doŋ.ne.ɾɯl.bʌt̚.ʌ.nan]
동네방네 소문,8,[toŋ.ne.paŋ.ne.so.mun],[doŋ.ne.baŋ.ne.so.mun]
오늘 그녀의,8,[o.nɯl.kɯ.njʌ.ɯi],[o.nɯl.gɯ.njʌ.ɯi]
have you never,8,,
오늘 나도,8,[o.nɯl.la.to],[o.nɯl.la.do]
거짓말이야 이제,8,[kʌ.tʃit̚.mal.i.ja.i.tʃe],[gʌ.dʒit̚.mal.i.ja.i.dʒe]
제가 하면 안,8,[tʃe.ka.ha.mjʌn.an],[dʒe.ga.ha.mjʌn.an]
동등한 대우를,8,[toŋ.tɯŋ.han.tɛ.u.ɾɯl],[doŋ.dɯŋ.han.dɛ.u.ɾɯl]
동래의 겁먹은,8,[toŋ.ɾɛ.ɯi.kʌp̚.mʌk̚.ɯn],[doŋ.ɾɛ.ɯi.gʌp̚.mʌk̚.ɯn]
동래의 놀란,8,[toŋ.ɾɛ.ɯi.nol.ɾan],[doŋ.ɾɛ.ɯi.nol.ɾan]
동래의 놀란 신음,8,[toŋ.ɾɛ.ɯi.nol.ɾan.sin.ɯm],[doŋ.ɾɛ.ɯi.nol.ɾan.sin.ɯm]
오늘 너무 많이,8,[o.nɯl.lʌ.mu.man.i],[o.nɯl.lʌ.mu.man.i]
오늘 니가,8,[o.nɯl.li.ka],[o.nɯl.li.ga]
오늘 다섯,8,[o.nɯl.ta.sʌt̚],[o.nɯl.da.sʌt̚]
동료 한 명이,8,[toŋ.ɾjo.han.mjʌŋ.i],[doŋ.ɾjo.han.mjʌŋ.i]
그럼 두 분 다,8,[kɯ.ɾʌn.tu.pun.ta],[gɯ.ɾʌm.du.bun.da]
그럼 두 분이,8,[kɯ.ɾʌn.tu.pun.i],[gɯ.ɾʌm.du.bun.i]
동료가 아니야,8,[toŋ.ɾjo.ka.a.ni.ja],[doŋ.ɾjo.ga.a.ni.ja]
오늘 두 번째,8,[o.nɯl.tu.pʌn.tʃ͈ɛ],[o.nɯl.du.bʌn.tʃ͈ɛ]
동료들은 당신을,8,[toŋ.ɾjo.tɯl.ɯn.taŋ.sin.ɯl],[doŋ.ɾjo.dɯl.ɯn.daŋ.sin.ɯl]
Get in here,8,,
When is,8,,
동료랑 같이,8,[toŋ.ɾjo.ɾaŋ.kat̚.i],[doŋ.ɾjo.ɾaŋ.gat̚.i]
좀 알아볼게,8,[tʃom.al.a.pol.ke],[dʒom.al.a.bol.ke]
오늘 말이야,8,[o.nɯl.mal.i.ja],[o.nɯl.mal.i.ja]
거짓말일 거예요,8,[kʌ.tʃit̚.mal.il.kʌ.je.jo],[gʌ.dʒit̚.mal.il.gʌ.je.jo]
오늘 며칠이죠,8,[o.nɯl.mjʌ.tʃʰil.i.tʃjo],[o.nɯl.mjʌ.tʃʰil.i.dʒjo]
좀 앞으로,8,[tʃom.ap̚.ɯ.ɾo],[dʒom.ap̚.ɯ.ɾo]
오늘 몸이 좀,8,[o.nɯl.mom.i.tʃom],[o.nɯl.mom.i.dʒom]
그럼 따라와,8,[kɯ.ɾʌn.t͈a.ɾa.wa],[gɯ.ɾʌn.t͈a.ɾa.wa]
좀 약해요,8,[tʃom.jak̚.hɛ.jo],[dʒom.jak̚.hɛ.jo]
오늘 물,8,[o.nɯl.mul],[o.nɯl.mul]
그럼 딱 한,8,[kɯ.ɾʌn.t͈ak̚.han],[gɯ.ɾʌn.t͈ak̚.han]
동맹을 맺을,8,[toŋ.mɛŋ.ɯl.mɛt̚.ɯl],[doŋ.mɛŋ.ɯl.mɛt̚.ɯl]
오늘 뭐가,8,[o.nɯl.mwʌ.ka],[o.nɯl.mwʌ.ga]
팁은 없을,8,[tʰip̚.ɯn.ʌp̚.ɯl],[tʰip̚.ɯn.ʌp̚.ɯl]
그럼 떠나,8,[kɯ.ɾʌn.t͈ʌ.na],[gɯ.ɾʌn.t͈ʌ.na]
오늘 밤 나는,8,[o.nɯl.pam.na.nɯn],[o.nɯl.bam.na.nɯn]
그럼 또 누가,8,[kɯ.ɾʌn.t͈o.nu.ka],[gɯ.ɾʌn.t͈o.nu.ga]
오늘 밤 너무,8,[o.nɯl.pam.nʌ.mu],[o.nɯl.bam.nʌ.mu]
오늘 밤 당장,8,[o.nɯl.pan.taŋ.tʃaŋ],[o.nɯl.bam.daŋ.dʒaŋ]
나온 거 같아요,8,[na.oŋ.kʌ.kat̚.a.jo],[na.on.gʌ.gat̚.a.jo]
오늘 밤 두,8,[o.nɯl.pan.tu],[o.nɯl.bam.du]
동물 공연을,8,[toŋ.mul.koŋ.jʌn.ɯl],[doŋ.mul.goŋ.jʌn.ɯl]
오늘 밤 모든,8,[o.nɯl.pam.mo.tɯn],[o.nɯl.bam.mo.dɯn]
오늘 밤 뭘,8,[o.nɯl.pam.mwʌl],[o.nɯl.bam.mwʌl]
오늘 밤 사랑에 빠질래요,8,[o.nɯl.pam.sa.ɾaŋ.e.p͈a.tʃil.ɾɛ.jo],[o.nɯl.bam.sa.ɾaŋ.e.p͈a.dʒil.ɾɛ.jo]
오늘 밤 안,8,[o.nɯl.pam.an],[o.nɯl.bam.an]
오늘 밤 어때,8,[o.nɯl.pam.ʌ.t͈ɛ],[o.nɯl.bam.ʌ.t͈ɛ]
몰라 지금 당장,8,[mol.ɾa.tʃi.kɯn.taŋ.tʃaŋ],[mol.ɾa.dʒi.gɯm.daŋ.dʒaŋ]
동물 실험을,8,[toŋ.mul.sil.hʌm.ɯl],[doŋ.mul.sil.hʌm.ɯl]
데 사흘,8,[te.sa.hɯl],[de.sa.hɯl]
그럼 마음대로 해요,8,[kɯ.ɾʌm.ma.ɯn.tɛ.ɾo.hɛ.jo],[gɯ.ɾʌm.ma.ɯn.tɛ.ɾo.hɛ.jo]
나온 거고요,8,[na.oŋ.kʌ.ko.jo],[na.on.gʌ.go.jo]
그럼 마저,8,[kɯ.ɾʌm.ma.tʃʌ],[gɯ.ɾʌm.ma.dʒʌ]
오늘 밤 환영 파티에서,8,[o.nɯl.pam.hwan.jʌm.pʰa.tʰi.e.sʌ],[o.nɯl.bam.hwan.jʌm.pʰa.tʰi.e.sʌ]
동물들과 함께,8,[toŋ.mul.tɯl.kwa.ham.k͈e],[doŋ.mul.tɯl.kwa.ham.k͈e]
나온 거네,8,[na.oŋ.kʌ.ne],[na.on.gʌ.ne]
오늘 밤에 꼭,8,[o.nɯl.pam.e.k͈ok̚],[o.nɯl.bam.e.k͈ok̚]
오늘 밤에 내,8,[o.nɯl.pam.e.nɛ],[o.nɯl.bam.e.nɛ]
오늘 밤에 놀러,8,[o.nɯl.pam.e.nol.ɾʌ],[o.nɯl.bam.e.nol.ɾʌ]
거짓말하는 거라고,8,[kʌ.tʃit̚.mal.ha.nɯŋ.kʌ.ɾa.ko],[gʌ.dʒit̚.mal.ha.nɯn.gʌ.ɾa.go]
오늘 밤에 만나,8,[o.nɯl.pam.e.man.na],[o.nɯl.bam.e.man.na]
오늘 밤에 떠날 거야,8,[o.nɯl.pam.e.t͈ʌ.nal.kʌ.ja],[o.nɯl.bam.e.t͈ʌ.nal.gʌ.ja]
거짓말하는 거요,8,[kʌ.tʃit̚.mal.ha.nɯŋ.kʌ.jo],[gʌ.dʒit̚.mal.ha.nɯn.gʌ.jo]
오늘 밤에 뭐 해,8,[o.nɯl.pam.e.mwʌ.hɛ],[o.nɯl.bam.e.mwʌ.hɛ]
동물에 대해,8,[toŋ.mul.e.tɛ.hɛ],[doŋ.mul.e.dɛ.hɛ]
그럼 말씀해,8,[kɯ.ɾʌm.mal.s͈ɯm.hɛ],[gɯ.ɾʌm.mal.s͈ɯm.hɛ]
없으면서 어떻게,8,[ʌp̚.ɯ.mjʌn.sʌ.ʌ.t͈ʌt̚.ke],[ʌp̚.ɯ.mjʌn.sʌ.ʌ.t͈ʌt̚.ke]
오늘 밤에 안,8,[o.nɯl.pam.e.an],[o.nɯl.bam.e.an]
오늘 밤에 약속,8,[o.nɯl.pam.e.jak̚.sok̚],[o.nɯl.bam.e.jak̚.sok̚]
오늘 밤에 와,8,[o.nɯl.pam.e.wa],[o.nɯl.bam.e.wa]
동물을 모두,8,[toŋ.mul.ɯl.mo.tu],[doŋ.mul.ɯl.mo.du]
오늘 밤은 어때,8,[o.nɯl.pam.ɯn.ʌ.t͈ɛ],[o.nɯl.bam.ɯn.ʌ.t͈ɛ]
오늘 밤은 여기,8,[o.nɯl.pam.ɯn.jʌ.ki],[o.nɯl.bam.ɯn.jʌ.gi]
오늘 밤을 못,8,[o.nɯl.pam.ɯl.mot̚],[o.nɯl.bam.ɯl.mot̚]
동부 시각,8,[tom.pu.si.kak̚],[doŋ.bu.si.gak̚]
When it''s watching for,8,,
오늘 밤처럼,8,[o.nɯl.pan.tʃʰʌ.ɾʌm],[o.nɯl.ban.tʃʰʌ.ɾʌm]
없을 거라면서요,8,[ʌp̚.ɯl.kʌ.ɾa.mjʌn.sʌ.jo],[ʌp̚.ɯl.gʌ.ɾa.mjʌn.sʌ.jo]
오늘 비행,8,[o.nɯl.pi.hɛŋ],[o.nɯl.bi.hɛŋ]
I''m gonna make it,8,,
동생 만나러,8,[toŋ.sɛŋ.man.na.ɾʌ],[doŋ.sɛŋ.man.na.ɾʌ]
그럼 먼저 갈게,8,[kɯ.ɾʌm.mʌn.tʃʌ.kal.ke],[gɯ.ɾʌm.mʌn.tʃʌ.gal.ke]
방아쇠를 당긴다,8,[paŋ.a.swe.ɾɯl.taŋ.kin.ta],[baŋ.a.swe.ɾɯl.daŋ.gin.ta]
좀 움직여라,8,[tʃom.un.tʃik̚.jʌ.ɾa],[dʒom.un.tʃik̚.jʌ.ɾa]
그럼 며칠,8,[kɯ.ɾʌm.mjʌ.tʃʰil],[gɯ.ɾʌm.mjʌ.tʃʰil]
오늘 스케줄,8,[o.nɯl.sɯ.kʰe.tʃul],[o.nɯl.sɯ.kʰe.dʒul]
오늘 시내로,8,[o.nɯl.si.nɛ.ɾo],[o.nɯl.si.nɛ.ɾo]
오늘 아기를,8,[o.nɯl.a.ki.ɾɯl],[o.nɯl.a.gi.ɾɯl]
I''m gonna miss,8,,
오늘 아주 중요한,8,[o.nɯl.a.tʃu.tʃuŋ.jo.han],[o.nɯl.a.dʒu.dʒuŋ.jo.han]
오늘 아침 당신,8,[o.nɯl.a.tʃʰin.taŋ.sin],[o.nɯl.a.tʃʰim.daŋ.sin]
오늘 아침 일을,8,[o.nɯl.a.tʃʰim.il.ɯl],[o.nɯl.a.tʃʰim.il.ɯl]
오늘 아침 한,8,[o.nɯl.a.tʃʰim.han],[o.nɯl.a.tʃʰim.han]
동생에 관한,8,[toŋ.sɛŋ.e.kwan.han],[doŋ.sɛŋ.e.gwan.han]
오늘 아침도 별일 없나,8,[o.nɯl.a.tʃʰin.to.pjʌl.il.ʌp̚.na],[o.nɯl.a.tʃʰin.to.bjʌl.il.ʌp̚.na]
오늘 아침도 별일,8,[o.nɯl.a.tʃʰin.to.pjʌl.il],[o.nɯl.a.tʃʰin.to.bjʌl.il]
동생에게 무슨,8,[toŋ.sɛŋ.e.ke.mu.sɯn],[doŋ.sɛŋ.e.ge.mu.sɯn]
오늘 아침에 내,8,[o.nɯl.a.tʃʰim.e.nɛ],[o.nɯl.a.tʃʰim.e.nɛ]
오늘 아침에 다,8,[o.nɯl.a.tʃʰim.e.ta],[o.nɯl.a.tʃʰim.e.da]
오늘 아침에 당신,8,[o.nɯl.a.tʃʰim.e.taŋ.sin],[o.nɯl.a.tʃʰim.e.daŋ.sin]
오늘 아침에 어디,8,[o.nɯl.a.tʃʰim.e.ʌ.ti],[o.nɯl.a.tʃʰim.e.ʌ.di]
좀 이르지 않나,8,[tʃom.i.ɾɯ.tʃi.an.na],[dʒom.i.ɾɯ.dʒi.an.na]
없을 거야 약속할게,8,[ʌp̚.ɯl.kʌ.ja.jak̚.sok̚.hal.ke],[ʌp̚.ɯl.gʌ.ja.jak̚.sok̚.hal.ke]
오늘 아침요,8,[o.nɯl.a.tʃʰim.jo],[o.nɯl.a.tʃʰim.jo]
오늘 아침을,8,[o.nɯl.a.tʃʰim.ɯl],[o.nɯl.a.tʃʰim.ɯl]
동생을 구해야,8,[toŋ.sɛŋ.ɯl.ku.hɛ.ja],[doŋ.sɛŋ.ɯl.gu.hɛ.ja]
그럼 무엇이,8,[kɯ.ɾʌm.mu.ʌt̚.i],[gɯ.ɾʌm.mu.ʌt̚.i]
오늘 약속을,8,[o.nɯl.jak̚.sok̚.ɯl],[o.nɯl.jak̚.sok̚.ɯl]
거짓말하지 않죠,8,[kʌ.tʃit̚.mal.ha.tʃi.an.tʃjo],[gʌ.dʒit̚.mal.ha.dʒi.an.tʃjo]
오늘 얘기를,8,[o.nɯl.jɛ.ki.ɾɯl],[o.nɯl.jɛ.gi.ɾɯl]
We''re on our way,8,,
동생을 두고,8,[toŋ.sɛŋ.ɯl.tu.ko],[doŋ.sɛŋ.ɯl.du.go]
오늘 어떠세요,8,[o.nɯl.ʌ.t͈ʌ.se.jo],[o.nɯl.ʌ.t͈ʌ.se.jo]
오늘 어머니,8,[o.nɯl.ʌ.mʌ.ni],[o.nɯl.ʌ.mʌ.ni]
동생을 죽였다고,8,[toŋ.sɛŋ.ɯl.tʃuk̚.jʌt̚.ta.ko],[doŋ.sɛŋ.ɯl.dʒuk̚.jʌt̚.ta.go]
오늘 여자,8,[o.nɯl.jʌ.tʃa],[o.nɯl.jʌ.dʒa]
동생을 죽이지,8,[toŋ.sɛŋ.ɯl.tʃuk̚.i.tʃi],[doŋ.sɛŋ.ɯl.dʒuk̚.i.dʒi]
오늘 오실,8,[o.nɯl.o.sil],[o.nɯl.o.sil]
셋이 여기서,8,[set̚.i.jʌ.ki.sʌ],[set̚.i.jʌ.gi.sʌ]
오늘 오후로,8,[o.nɯl.o.hu.ɾo],[o.nɯl.o.hu.ɾo]
동생의 죽음에,8,[toŋ.sɛŋ.ɯi.tʃuk̚.ɯm.e],[doŋ.sɛŋ.ɯi.dʒuk̚.ɯm.e]
그럼 뭐 할 건데,8,[kɯ.ɾʌm.mwʌ.hal.kʌn.te],[gɯ.ɾʌm.mwʌ.hal.gʌn.te]
I''m gonna need to,8,,
동생이 널,8,[toŋ.sɛŋ.i.nʌl],[doŋ.sɛŋ.i.nʌl]
거짓말한 거지,8,[kʌ.tʃit̚.mal.haŋ.kʌ.tʃi],[gʌ.dʒit̚.mal.han.gʌ.dʒi]
동생이 당신을,8,[toŋ.sɛŋ.i.taŋ.sin.ɯl],[doŋ.sɛŋ.i.daŋ.sin.ɯl]
거짓말한 겁니다,8,[kʌ.tʃit̚.mal.haŋ.kʌp̚.ni.ta],[gʌ.dʒit̚.mal.han.gʌp̚.ni.da]
동생이 살아,8,[toŋ.sɛŋ.i.sal.a],[doŋ.sɛŋ.i.sal.a]
동생이 아냐,8,[toŋ.sɛŋ.i.a.nja],[doŋ.sɛŋ.i.a.nja]
그럼 뭐가 문제인데,8,[kɯ.ɾʌm.mwʌ.ka.mun.tʃe.in.te],[gɯ.ɾʌm.mwʌ.ga.mun.tʃe.in.te]
동생이 아니에요,8,[toŋ.sɛŋ.i.a.ni.e.jo],[doŋ.sɛŋ.i.a.ni.e.jo]
거짓말한 것도,8,[kʌ.tʃit̚.mal.haŋ.kʌt̚.to],[gʌ.dʒit̚.mal.han.gʌt̚.to]
오늘 우리에게 일용할 양식을,8,[o.nɯl.u.ɾi.e.ke.il.joŋ.hal.jaŋ.sik̚.ɯl],[o.nɯl.u.ɾi.e.ge.il.joŋ.hal.jaŋ.sik̚.ɯl]
오늘 우리에게 일용할,8,[o.nɯl.u.ɾi.e.ke.il.joŋ.hal],[o.nɯl.u.ɾi.e.ge.il.joŋ.hal]
거짓말한 게 아니야,8,[kʌ.tʃit̚.mal.haŋ.ke.a.ni.ja],[gʌ.dʒit̚.mal.han.ge.a.ni.ja]
동생이 있는,8,[toŋ.sɛŋ.i.it̚.nɯn],[doŋ.sɛŋ.i.it̚.nɯn]
그럼 뭐라고 하죠,8,[kɯ.ɾʌm.mwʌ.ɾa.ko.ha.tʃjo],[gɯ.ɾʌm.mwʌ.ɾa.go.ha.dʒjo]
게 정상이죠,8,[ke.tʃʌŋ.saŋ.i.tʃjo],[ge.dʒʌŋ.saŋ.i.dʒjo]
동생이 하는,8,[toŋ.sɛŋ.i.ha.nɯn],[doŋ.sɛŋ.i.ha.nɯn]
오늘 일 끝나고,8,[o.nɯl.il.k͈ɯt̚.na.ko],[o.nɯl.il.k͈ɯt̚.na.go]
오늘 일어난 모든,8,[o.nɯl.il.ʌ.nan.mo.tɯn],[o.nɯl.il.ʌ.nan.mo.dɯn]
그럼 뭐였는데,8,[kɯ.ɾʌm.mwʌ.jʌt̚.nɯn.te],[gɯ.ɾʌm.mwʌ.jʌt̚.nɯn.te]
오늘 일이 잘,8,[o.nɯl.il.i.tʃal],[o.nɯl.il.i.dʒal]
동성애 혐오,8,[toŋ.sʌŋ.ɛ.hjʌm.o],[doŋ.sʌŋ.ɛ.hjʌm.o]
오늘 일진이 안,8,[o.nɯl.il.tʃin.i.an],[o.nɯl.il.tʃin.i.an]
동성애 혐오자,8,[toŋ.sʌŋ.ɛ.hjʌm.o.tʃa],[doŋ.sʌŋ.ɛ.hjʌm.o.dʒa]
오늘 입은,8,[o.nɯl.ip̚.ɯn],[o.nɯl.ip̚.ɯn]
동성애자 아니에요,8,[toŋ.sʌŋ.ɛ.tʃa.a.ni.e.jo],[doŋ.sʌŋ.ɛ.dʒa.a.ni.e.jo]
오늘 있었던 일을,8,[o.nɯl.it̚.ʌt̚.tʌn.il.ɯl],[o.nɯl.it̚.ʌt̚.tʌn.il.ɯl]
동성애자라는 걸,8,[toŋ.sʌŋ.ɛ.tʃa.ɾa.nɯŋ.kʌl],[doŋ.sʌŋ.ɛ.dʒa.ɾa.nɯn.gʌl]
I''m gonna put,8,,
거짓말할 땐,8,[kʌ.tʃit̚.mal.hal.t͈ɛn],[gʌ.dʒit̚.mal.hal.t͈ɛn]
오늘 잘했다,8,[o.nɯl.tʃal.hɛt̚.ta],[o.nɯl.dʒal.hɛt̚.ta]
오늘 잠,8,[o.nɯl.tʃam],[o.nɯl.dʒam]
거예요 잠시만,8,[kʌ.je.jo.tʃam.si.man],[gʌ.je.jo.dʒam.si.man]
동시에 내,8,[toŋ.si.e.nɛ],[doŋ.si.e.nɛ]
데 우리,8,[te.u.ɾi],[de.u.ɾi]
없을 리,8,[ʌp̚.ɯl.ɾi],[ʌp̚.ɯl.ɾi]
동시에 이,8,[toŋ.si.e.i],[doŋ.si.e.i]
동시에 하는,8,[toŋ.si.e.ha.nɯn],[doŋ.si.e.ha.nɯn]
그럼 뭘 하고,8,[kɯ.ɾʌm.mwʌl.ha.ko],[gɯ.ɾʌm.mwʌl.ha.go]
오늘 전화를,8,[o.nɯl.tʃʌn.hwa.ɾɯl],[o.nɯl.dʒʌn.hwa.ɾɯl]
동안 가만히,8,[toŋ.aŋ.ka.man.hi],[doŋ.an.ga.man.hi]
I''m gonna say,8,,
동안 가지고,8,[toŋ.aŋ.ka.tʃi.ko],[doŋ.an.ga.dʒi.go]
그럼 미안,8,[kɯ.ɾʌm.mi.an],[gɯ.ɾʌm.mi.an]
거짓말할 필요 없어요,8,[kʌ.tʃit̚.mal.hal.pʰil.jo.ʌp̚.ʌ.jo],[gʌ.dʒit̚.mal.hal.pʰil.jo.ʌp̚.ʌ.jo]
동안 거기서,8,[toŋ.aŋ.kʌ.ki.sʌ],[doŋ.an.gʌ.gi.sʌ]
Can I get a,8,,
동안 겨우,8,[toŋ.aŋ.kjʌ.u],[doŋ.an.gjʌ.u]
오늘 죽는다,8,[o.nɯl.tʃuk̚.nɯn.ta],[o.nɯl.dʒuk̚.nɯn.ta]
동안 고작,8,[toŋ.aŋ.ko.tʃak̚],[doŋ.an.go.dʒak̚]
오늘 차,8,[o.nɯl.tʃʰa],[o.nɯl.tʃʰa]
그럼 바닥에,8,[kɯ.ɾʌm.pa.tak̚.e],[gɯ.ɾʌm.ba.dak̚.e]
그럼 박사님이,8,[kɯ.ɾʌm.pak̚.sa.nim.i],[gɯ.ɾʌm.bak̚.sa.nim.i]
동안 그들에게,8,[toŋ.aŋ.kɯ.tɯl.e.ke],[doŋ.an.gɯ.dɯl.e.ge]
좀 있을게,8,[tʃom.it̚.ɯl.ke],[dʒom.it̚.ɯl.ke]
그럼 밖으로,8,[kɯ.ɾʌm.pak̚.ɯ.ɾo],[gɯ.ɾʌm.bak̚.ɯ.ɾo]
오늘 촬영은,8,[o.nɯl.tʃʰwal.jʌŋ.ɯn],[o.nɯl.tʃʰwal.jʌŋ.ɯn]
없을 지도,8,[ʌp̚.ɯl.tʃi.to],[ʌp̚.ɯl.dʒi.do]
동안 그리고 나서,8,[toŋ.aŋ.kɯ.ɾi.ko.na.sʌ],[doŋ.an.gɯ.ɾi.go.na.sʌ]
오늘 파티가,8,[o.nɯl.pʰa.tʰi.ka],[o.nɯl.pʰa.tʰi.ga]
거짓으로 가득,8,[kʌ.tʃit̚.ɯ.ɾo.ka.tɯk̚],[gʌ.dʒit̚.ɯ.ɾo.ga.dɯk̚]
동안 기다려,8,[toŋ.aŋ.ki.ta.ɾjʌ],[doŋ.an.gi.da.ɾjʌ]
동안 기다렸어,8,[toŋ.aŋ.ki.ta.ɾjʌt̚.ʌ],[doŋ.an.gi.da.ɾjʌt̚.ʌ]
거짓을 말하는,8,[kʌ.tʃit̚.ɯl.mal.ha.nɯn],[gʌ.dʒit̚.ɯl.mal.ha.nɯn]
거짓을 말하지,8,[kʌ.tʃit̚.ɯl.mal.ha.tʃi],[gʌ.dʒit̚.ɯl.mal.ha.dʒi]
오늘 할 수,8,[o.nɯl.hal.su],[o.nɯl.hal.su]
좀 작네요,8,[tʃon.tʃak̚.ne.jo],[dʒom.dʒak̚.ne.jo]
오늘 행사가,8,[o.nɯl.hɛŋ.sa.ka],[o.nɯl.hɛŋ.sa.ga]
오늘 행사,8,[o.nɯl.hɛŋ.sa],[o.nɯl.hɛŋ.sa]
없을거야 그럼,8,[ʌp̚.ɯl.kʌ.ja.kɯ.ɾʌm],[ʌp̚.ɯl.kʌ.ja.gɯ.ɾʌm]
오늘 힘들었나,8,[o.nɯl.hin.tɯl.ʌt̚.na],[o.nɯl.hin.tɯl.ʌt̚.na]
동안 너와,8,[toŋ.an.nʌ.wa],[doŋ.an.nʌ.wa]
오늘날에도 여전히,8,[o.nɯl.lal.e.to.jʌ.tʃʌn.hi],[o.nɯl.lal.e.do.jʌ.dʒʌn.hi]
해봐요 무슨,8,[hɛ.pwa.jo.mu.sɯn],[hɛ.bwa.jo.mu.sɯn]
오늘도 난,8,[o.nɯl.to.nan],[o.nɯl.to.nan]
그럼 별일,8,[kɯ.ɾʌm.pjʌl.il],[gɯ.ɾʌm.bjʌl.il]
그럼 병원에서,8,[kɯ.ɾʌm.pjʌŋ.wʌn.e.sʌ],[gɯ.ɾʌm.bjʌŋ.wʌn.e.sʌ]
없을것 같아요,8,[ʌp̚.ɯl.kʌt̚.kat̚.a.jo],[ʌp̚.ɯl.kʌt̚.gat̚.a.jo]
동안 노력했어,8,[toŋ.an.no.ɾjʌk̚.hɛt̚.ʌ],[doŋ.an.no.ɾjʌk̚.hɛt̚.ʌ]
없을것 같은데,8,[ʌp̚.ɯl.kʌt̚.kat̚.ɯn.te],[ʌp̚.ɯl.kʌt̚.gat̚.ɯn.te]
동안 누군가,8,[toŋ.an.nu.kuŋ.ka],[doŋ.an.nu.guŋ.ka]
나온 적은,8,[na.on.tʃʌk̚.ɯn],[na.on.dʒʌk̚.ɯn]
오늘로 끝이야,8,[o.nɯl.ɾo.k͈ɯt̚.i.ja],[o.nɯl.ɾo.k͈ɯt̚.i.ja]
동안 다양한,8,[toŋ.an.ta.jaŋ.han],[doŋ.an.da.jaŋ.han]
I''m gonna send a,8,,
오늘밤 나와,8,[o.nɯl.pam.na.wa],[o.nɯl.pam.na.wa]
좀 잘못된,8,[tʃon.tʃal.mot̚.twen],[dʒom.dʒal.mot̚.twen]
오늘밤은 안,8,[o.nɯl.pam.ɯn.an],[o.nɯl.pam.ɯn.an]
you what''s,8,,
없음 내,8,[ʌp̚.ɯm.nɛ],[ʌp̚.ɯm.nɛ]
동안 둘이,8,[toŋ.an.tul.i],[doŋ.an.dul.i]
동안 떠나,8,[toŋ.an.t͈ʌ.na],[doŋ.an.t͈ʌ.na]
오늘아침 나는,8,[o.nɯl.a.tʃʰim.na.nɯn],[o.nɯl.a.tʃʰim.na.nɯn]
동안 똑같은,8,[toŋ.an.t͈ok̚.kat̚.ɯn],[doŋ.an.t͈ok̚.kat̚.ɯn]
거쳐야 해요,8,[kʌ.tʃʰjʌ.ja.hɛ.jo],[gʌ.tʃʰjʌ.ja.hɛ.jo]
오늘은 그만하지,8,[o.nɯl.ɯŋ.kɯ.man.ha.tʃi],[o.nɯl.ɯn.gɯ.man.ha.dʒi]
I don''t like this,8,,
오늘은 내가 운전할게,8,[o.nɯl.ɯn.nɛ.ka.un.tʃʌn.hal.ke],[o.nɯl.ɯn.nɛ.ga.un.tʃʌn.hal.ke]
동안 매년,8,[toŋ.an.mɛ.njʌn],[doŋ.an.mɛ.njʌn]
동안 말이지,8,[toŋ.an.mal.i.tʃi],[doŋ.an.mal.i.dʒi]
그럼 비밀로,8,[kɯ.ɾʌm.pi.mil.ɾo],[gɯ.ɾʌm.bi.mil.ɾo]
동안 머물,8,[toŋ.an.mʌ.mul],[doŋ.an.mʌ.mul]
동안 모든 게,8,[toŋ.an.mo.tɯŋ.ke],[doŋ.an.mo.dɯn.ge]
오늘은 또 무슨,8,[o.nɯl.ɯn.t͈o.mu.sɯn],[o.nɯl.ɯn.t͈o.mu.sɯn]
고맙습니다 안녕히 가세요,8,[ko.map̚.sɯp̚.ni.ta.an.njʌŋ.hi.ka.se.jo],[go.map̚.sɯp̚.ni.da.an.njʌŋ.hi.ga.se.jo]
그럼 사람,8,[kɯ.ɾʌm.sa.ɾam],[gɯ.ɾʌm.sa.ɾam]
오늘은 문,8,[o.nɯl.ɯn.mun],[o.nɯl.ɯn.mun]
오늘은 뭔가,8,[o.nɯl.ɯn.mwʌŋ.ka],[o.nɯl.ɯn.mwʌŋ.ka]
좀 제,8,[tʃon.tʃe],[dʒom.dʒe]
그런 건 없었어요,8,[kɯ.ɾʌŋ.kʌn.ʌp̚.ʌt̚.ʌ.jo],[gɯ.ɾʌn.gʌn.ʌp̚.ʌt̚.ʌ.jo]
오늘은 손님이,8,[o.nɯl.ɯn.son.nim.i],[o.nɯl.ɯn.son.nim.i]
동안 벌써,8,[toŋ.am.pʌl.s͈ʌ],[doŋ.an.bʌl.s͈ʌ]
좀 존중해,8,[tʃon.tʃon.tʃuŋ.hɛ],[dʒom.dʒon.tʃuŋ.hɛ]
오늘은 아주 중요한,8,[o.nɯl.ɯn.a.tʃu.tʃuŋ.jo.han],[o.nɯl.ɯn.a.dʒu.dʒuŋ.jo.han]
동안 보지 못했다,8,[toŋ.am.po.tʃi.mot̚.hɛt̚.ta],[doŋ.an.bo.dʒi.mot̚.hɛt̚.ta]
그럼 사진,8,[kɯ.ɾʌm.sa.tʃin],[gɯ.ɾʌm.sa.dʒin]
오늘은 안 돼 병원,8,[o.nɯl.ɯn.an.twɛ.pjʌŋ.wʌn],[o.nɯl.ɯn.an.dwɛ.bjʌŋ.wʌn]
오늘은 안 되겠어,8,[o.nɯl.ɯn.an.twe.ket̚.ʌ],[o.nɯl.ɯn.an.dwe.get̚.ʌ]
동안 살았다,8,[toŋ.an.sal.at̚.ta],[doŋ.an.sal.at̚.ta]
동안 살인,8,[toŋ.an.sal.in],[doŋ.an.sal.in]
오늘은 어쩐,8,[o.nɯl.ɯn.ʌ.tʃ͈ʌn],[o.nɯl.ɯn.ʌ.tʃ͈ʌn]
동안 새로운,8,[toŋ.an.sɛ.ɾo.un],[doŋ.an.sɛ.ɾo.un]
그럼 살인이,8,[kɯ.ɾʌm.sal.in.i],[gɯ.ɾʌm.sal.in.i]
오늘은 여기서 자고,8,[o.nɯl.ɯn.jʌ.ki.sʌ.tʃa.ko],[o.nɯl.ɯn.jʌ.gi.sʌ.dʒa.go]
데 혈안이,8,[te.hjʌl.an.i],[de.hjʌl.an.i]
오늘은 음식이,8,[o.nɯl.ɯn.ɯm.sik̚.i],[o.nɯl.ɯn.ɯm.sik̚.i]
오늘은 이게,8,[o.nɯl.ɯn.i.ke],[o.nɯl.ɯn.i.ge]
오늘은 이러면,8,[o.nɯl.ɯn.i.ɾʌ.mjʌn],[o.nɯl.ɯn.i.ɾʌ.mjʌn]
gotta know,8,,
동안 아빠,8,[toŋ.an.a.p͈a],[doŋ.an.a.p͈a]
동안 아이를,8,[toŋ.an.a.i.ɾɯl],[doŋ.an.a.i.ɾɯl]
몰라요 만난,8,[mol.ɾa.jo.man.nan],[mol.ɾa.jo.man.nan]
나올 거란,8,[na.ol.kʌ.ɾan],[na.ol.gʌ.ɾan]
오늘은 제대로,8,[o.nɯl.ɯn.tʃe.tɛ.ɾo],[o.nɯl.ɯn.dʒe.dɛ.ɾo]
오늘은 좀 더,8,[o.nɯl.ɯn.tʃon.tʌ],[o.nɯl.ɯn.dʒom.dʌ]
그럼 설명을,8,[kɯ.ɾʌm.sʌl.mjʌŋ.ɯl],[gɯ.ɾʌm.sʌl.mjʌŋ.ɯl]
동안 얘기를,8,[toŋ.an.jɛ.ki.ɾɯl],[doŋ.an.jɛ.gi.ɾɯl]
오늘은 할 만큼,8,[o.nɯl.ɯn.hal.maŋ.kʰɯm],[o.nɯl.ɯn.hal.maŋ.kʰɯm]
오늘의 계획은,8,[o.nɯl.ɯi.kje.hwek̚.ɯn],[o.nɯl.ɯi.gje.hwek̚.ɯn]
오늘의 교훈은,8,[o.nɯl.ɯi.kjo.hun.ɯn],[o.nɯl.ɯi.gjo.hun.ɯn]
오늘의 뉴스입니다,8,[o.nɯl.ɯi.nju.sɯ.ip̚.ni.ta],[o.nɯl.ɯi.nju.sɯ.ip̚.ni.da]
그럼 세상이,8,[kɯ.ɾʌm.se.saŋ.i],[gɯ.ɾʌm.se.saŋ.i]
오늘의 승자는,8,[o.nɯl.ɯi.sɯŋ.tʃa.nɯn],[o.nɯl.ɯi.sɯŋ.dʒa.nɯn]
그럼 셋이,8,[kɯ.ɾʌm.set̚.i],[gɯ.ɾʌm.set̚.i]
동안 여러 번,8,[toŋ.an.jʌ.ɾʌ.pʌn],[doŋ.an.jʌ.ɾʌ.bʌn]
그럼 수고,8,[kɯ.ɾʌm.su.ko],[gɯ.ɾʌm.su.go]
동안 우리와 함께,8,[toŋ.an.u.ɾi.wa.ham.k͈e],[doŋ.an.u.ɾi.wa.ham.k͈e]
나올 건,8,[na.ol.kʌn],[na.ol.gʌn]
오늘이 우리가,8,[o.nɯl.i.u.ɾi.ka],[o.nɯl.i.u.ɾi.ga]
오늘이 제 마지막,8,[o.nɯl.i.tʃe.ma.tʃi.mak̚],[o.nɯl.i.dʒe.ma.dʒi.mak̚]
그럼 수술을,8,[kɯ.ɾʌm.su.sul.ɯl],[gɯ.ɾʌm.su.sul.ɯl]
오니 어린,8,[o.ni.ʌ.ɾin],[o.ni.ʌ.ɾin]
오니 어린 양이,8,[o.ni.ʌ.ɾin.jaŋ.i],[o.ni.ʌ.ɾin.jaŋ.i]
오니 어린 양이 뛰어요,8,[o.ni.ʌ.ɾin.jaŋ.i.t͈wi.ʌ.jo],[o.ni.ʌ.ɾin.jaŋ.i.t͈wi.ʌ.jo]
오니 좋군,8,[o.ni.tʃot̚.kun],[o.ni.dʒot̚.kun]
동안 이거,8,[toŋ.an.i.kʌ],[doŋ.an.i.gʌ]
오니까 좀,8,[o.ni.k͈a.tʃom],[o.ni.k͈a.dʒom]
그럼 숨을,8,[kɯ.ɾʌm.sum.ɯl],[gɯ.ɾʌm.sum.ɯl]
오도 가도 못하게,8,[o.to.ka.to.mot̚.ha.ke],[o.do.ga.do.mot̚.ha.ge]
동안 인류의 생명을,8,[toŋ.an.il.lju.ɯi.sɛŋ.mjʌŋ.ɯl],[doŋ.an.il.lju.ɯi.sɛŋ.mjʌŋ.ɯl]
동안 인류의 생명을 지켜줬지만,8,[toŋ.an.il.lju.ɯi.sɛŋ.mjʌŋ.ɯl.tʃi.kʰjʌ.tʃwʌt̚.tʃi.man],[doŋ.an.il.lju.ɯi.sɛŋ.mjʌŋ.ɯl.dʒi.kʰjʌ.dʒwʌt̚.tʃi.man]
동안 일,8,[toŋ.an.il],[doŋ.an.il]
거품 좀,8,[kʌ.pʰun.tʃom],[gʌ.pʰum.dʒom]
he could be,8,,
오드리 헵번,8,[o.tɯ.ɾi.hep̚.pʌn],[o.dɯ.ɾi.hep̚.pʌn]
오디션 때문에,8,[o.ti.sjʌn.t͈ɛ.mun.e],[o.di.sjʌn.t͈ɛ.mun.e]
오디션 보고,8,[o.ti.sjʌm.po.ko],[o.di.sjʌn.bo.go]
좀 진정할,8,[tʃon.tʃin.tʃʌŋ.hal],[dʒom.dʒin.tʃʌŋ.hal]
그럼 시간을 좀,8,[kɯ.ɾʌm.si.kan.ɯl.tʃom],[gɯ.ɾʌm.si.gan.ɯl.dʒom]
오디션 프로그램,8,[o.ti.sjʌm.pʰɯ.ɾo.kɯ.ɾɛm],[o.di.sjʌm.pʰɯ.ɾo.gɯ.ɾɛm]
And I won''t,8,,
오딘 퀸캐넌,8,[o.tiŋ.kʰwiŋ.kʰɛ.nʌn],[o.diŋ.kʰwiŋ.kʰɛ.nʌn]
오딘의 아들,8,[o.tin.ɯi.a.tɯl],[o.din.ɯi.a.dɯl]
오라 불가능하다,8,[o.ɾa.pul.ka.nɯŋ.ha.ta],[o.ɾa.bul.ka.nɯŋ.ha.da]
오라 가라야,8,[o.ɾa.ka.ɾa.ja],[o.ɾa.ga.ɾa.ja]
오라고 연락해,8,[o.ɾa.ko.jʌl.lak̚.hɛ],[o.ɾa.go.jʌl.lak̚.hɛ]
오라고 문자,8,[o.ɾa.ko.mun.tʃa],[o.ɾa.go.mun.tʃa]
오라고 하게,8,[o.ɾa.ko.ha.ke],[o.ɾa.go.ha.ge]
오라고 하셨잖아요,8,[o.ɾa.ko.ha.sjʌt̚.tʃan.a.jo],[o.ɾa.go.ha.sjʌt̚.tʃan.a.jo]
걱정 그만하고,8,[kʌk̚.tʃʌŋ.kɯ.man.ha.ko],[gʌk̚.tʃʌŋ.gɯ.man.ha.go]
그럼 시작합니다,8,[kɯ.ɾʌm.si.tʃak̚.hap̚.ni.ta],[gɯ.ɾʌm.si.dʒak̚.hap̚.ni.da]
오라고 했습니다,8,[o.ɾa.ko.hɛt̚.sɯp̚.ni.ta],[o.ɾa.go.hɛt̚.sɯp̚.ni.da]
그럼 시작해보죠,8,[kɯ.ɾʌm.si.tʃak̚.hɛ.po.tʃjo],[gɯ.ɾʌm.si.dʒak̚.hɛ.bo.dʒjo]
오라고 했죠,8,[o.ɾa.ko.hɛt̚.tʃjo],[o.ɾa.go.hɛt̚.tʃjo]
그럼 시작해볼까요,8,[kɯ.ɾʌm.si.tʃak̚.hɛ.pol.k͈a.jo],[gɯ.ɾʌm.si.dʒak̚.hɛ.bol.k͈a.jo]
그럼 시체는,8,[kɯ.ɾʌm.si.tʃʰe.nɯn],[gɯ.ɾʌm.si.tʃʰe.nɯn]
동안 죽은,8,[toŋ.an.tʃuk̚.ɯn],[doŋ.an.dʒuk̚.ɯn]
오래 갈지,8,[o.ɾɛ.kal.tʃi],[o.ɾɛ.gal.tʃi]
오래 걸려서 미안,8,[o.ɾɛ.kʌl.ɾjʌ.sʌ.mi.an],[o.ɾɛ.gʌl.ɾjʌ.sʌ.mi.an]
동안 지금,8,[toŋ.an.tʃi.kɯm],[doŋ.an.dʒi.gɯm]
he did it,8,,
오래 걸리는 거죠,8,[o.ɾɛ.kʌl.ɾi.nɯŋ.kʌ.tʃjo],[o.ɾɛ.gʌl.ɾi.nɯn.gʌ.dʒjo]
그럼 싸울,8,[kɯ.ɾʌm.s͈a.ul],[gɯ.ɾʌm.s͈a.ul]
오래 걸리든,8,[o.ɾɛ.kʌl.ɾi.tɯn],[o.ɾɛ.gʌl.ɾi.dɯn]
오래 걸리잖아요,8,[o.ɾɛ.kʌl.ɾi.tʃan.a.jo],[o.ɾɛ.gʌl.ɾi.dʒan.a.jo]
When you''re with,8,,
동안 코빼기도,8,[toŋ.aŋ.kʰo.p͈ɛ.ki.to],[doŋ.aŋ.kʰo.p͈ɛ.gi.do]
오래 걸리지는 않을,8,[o.ɾɛ.kʌl.ɾi.tʃi.nɯn.an.ɯl],[o.ɾɛ.gʌl.ɾi.dʒi.nɯn.an.ɯl]
동안 특이한,8,[toŋ.an.tʰɯk̚.i.han],[doŋ.an.tʰɯk̚.i.han]
동안 특이한 점이 있다면,8,[toŋ.an.tʰɯk̚.i.han.tʃʌm.i.it̚.ta.mjʌn],[doŋ.an.tʰɯk̚.i.han.dʒʌm.i.it̚.ta.mjʌn]
좀 창피하네,8,[tʃon.tʃʰam.pʰi.ha.ne],[dʒon.tʃʰam.pʰi.ha.ne]
동안 하는,8,[toŋ.an.ha.nɯn],[doŋ.an.ha.nɯn]
좀 찾아서,8,[tʃon.tʃʰat̚.a.sʌ],[dʒon.tʃʰat̚.a.sʌ]
좀 찾아봤어,8,[tʃon.tʃʰat̚.a.pwat̚.ʌ],[dʒon.tʃʰat̚.a.bwat̚.ʌ]
오래 끌면,8,[o.ɾɛ.k͈ɯl.mjʌn],[o.ɾɛ.k͈ɯl.mjʌn]
오래 끌수록,8,[o.ɾɛ.k͈ɯl.su.ɾok̚],[o.ɾɛ.k͈ɯl.su.ɾok̚]
없이 시작해,8,[ʌp̚.i.si.tʃak̚.hɛ],[ʌp̚.i.si.dʒak̚.hɛ]
동안에 말야,8,[toŋ.an.e.mal.ja],[doŋ.an.e.mal.ja]
동안에 내,8,[toŋ.an.e.nɛ],[doŋ.an.e.nɛ]
데까지 가,8,[te.k͈a.tʃi.ka],[de.k͈a.dʒi.ga]
걱정 마 그냥,8,[kʌk̚.tʃʌŋ.ma.kɯ.njaŋ],[gʌk̚.tʃʌŋ.ma.gɯ.njaŋ]
오래 머물게,8,[o.ɾɛ.mʌ.mul.ke],[o.ɾɛ.mʌ.mul.ke]
동안은 내가,8,[toŋ.an.ɯn.nɛ.ka],[doŋ.an.ɯn.nɛ.ga]
When your,8,,
오래 못 갈 거야,8,[o.ɾɛ.mot̚.kal.kʌ.ja],[o.ɾɛ.mot̚.gal.gʌ.ja]
오래 못 버텨요,8,[o.ɾɛ.mot̚.pʌ.tʰjʌ.jo],[o.ɾɛ.mot̚.bʌ.tʰjʌ.jo]
동안은 안 돼,8,[toŋ.an.ɯn.an.twɛ],[doŋ.an.ɯn.an.dwɛ]
좀 챙기고요,8,[tʃon.tʃʰɛŋ.ki.ko.jo],[dʒon.tʃʰɛŋ.gi.go.jo]
오래 버티기,8,[o.ɾɛ.pʌ.tʰi.ki],[o.ɾɛ.bʌ.tʰi.gi]
동안의 일을,8,[toŋ.an.ɯi.il.ɯl],[doŋ.an.ɯi.il.ɯl]
오래 버티진 못할,8,[o.ɾɛ.pʌ.tʰi.tʃin.mot̚.hal],[o.ɾɛ.bʌ.tʰi.dʒin.mot̚.hal]
동영상 좀,8,[toŋ.jʌŋ.saŋ.tʃom],[doŋ.jʌŋ.saŋ.dʒom]
오래 살았잖아요,8,[o.ɾɛ.sal.at̚.tʃan.a.jo],[o.ɾɛ.sal.at̚.tʃan.a.jo]
동영상에 나온,8,[toŋ.jʌŋ.saŋ.e.na.on],[doŋ.jʌŋ.saŋ.e.na.on]
동영상을 보고,8,[toŋ.jʌŋ.saŋ.ɯl.po.ko],[doŋ.jʌŋ.saŋ.ɯl.bo.go]
좀 추고,8,[tʃon.tʃʰu.ko],[dʒon.tʃʰu.go]
오래 알았어,8,[o.ɾɛ.al.at̚.ʌ],[o.ɾɛ.al.at̚.ʌ]
동의 못 합니다,8,[toŋ.ɯi.mot̚.hap̚.ni.ta],[doŋ.ɯi.mot̚.hap̚.ni.da]
오래 있어도,8,[o.ɾɛ.it̚.ʌ.to],[o.ɾɛ.it̚.ʌ.do]
오래 있었고,8,[o.ɾɛ.it̚.ʌt̚.ko],[o.ɾɛ.it̚.ʌt̚.ko]
오래 있었는데,8,[o.ɾɛ.it̚.ʌt̚.nɯn.te],[o.ɾɛ.it̚.ʌt̚.nɯn.te]
표정 지어,8,[pʰjo.tʃʌŋ.tʃi.ʌ],[pʰjo.dʒʌŋ.dʒi.ʌ]
오래 있었지,8,[o.ɾɛ.it̚.ʌt̚.tʃi],[o.ɾɛ.it̚.ʌt̚.tʃi]
오래 있으면 안,8,[o.ɾɛ.it̚.ɯ.mjʌn.an],[o.ɾɛ.it̚.ɯ.mjʌn.an]
동의만 하면,8,[toŋ.ɯi.man.ha.mjʌn],[doŋ.ɯi.man.ha.mjʌn]
오래 잠들어,8,[o.ɾɛ.tʃan.tɯl.ʌ],[o.ɾɛ.dʒan.tɯl.ʌ]
오래 잡고,8,[o.ɾɛ.tʃap̚.ko],[o.ɾɛ.dʒap̚.ko]
오래 잘,8,[o.ɾɛ.tʃal],[o.ɾɛ.dʒal]
해줬으면 좋겠어요,8,[hɛ.tʃwʌt̚.ɯ.mjʌn.tʃot̚.ket̚.ʌ.jo],[hɛ.dʒwʌt̚.ɯ.mjʌn.dʒot̚.ket̚.ʌ.jo]
오래 참고,8,[o.ɾɛ.tʃʰam.ko],[o.ɾɛ.tʃʰam.ko]
동의하지 않는가,8,[toŋ.ɯi.ha.tʃi.an.nɯŋ.ka],[doŋ.ɯi.ha.dʒi.an.nɯŋ.ka]
오래 하다 보면,8,[o.ɾɛ.ha.ta.po.mjʌn],[o.ɾɛ.ha.da.bo.mjʌn]
그럼 안돼지,8,[kɯ.ɾʌm.an.twɛ.tʃi],[gɯ.ɾʌm.an.twɛ.dʒi]
오래 혼자,8,[o.ɾɛ.hon.tʃa],[o.ɾɛ.hon.tʃa]
오래가지 못할 거야,8,[o.ɾɛ.ka.tʃi.mot̚.hal.kʌ.ja],[o.ɾɛ.ga.dʒi.mot̚.hal.gʌ.ja]
동의하지 않은,8,[toŋ.ɯi.ha.tʃi.an.ɯn],[doŋ.ɯi.ha.dʒi.an.ɯn]
동의하지 않을 수,8,[toŋ.ɯi.ha.tʃi.an.ɯl.su],[doŋ.ɯi.ha.dʒi.an.ɯl.su]
그럼 안전할,8,[kɯ.ɾʌm.an.tʃʌn.hal],[gɯ.ɾʌm.an.tʃʌn.hal]
오래도 걸렸네,8,[o.ɾɛ.to.kʌl.ɾjʌt̚.ne],[o.ɾɛ.do.gʌl.ɾjʌt̚.ne]
오래돼서 그래,8,[o.ɾɛ.twɛ.sʌ.kɯ.ɾɛ],[o.ɾɛ.dwɛ.sʌ.gɯ.ɾɛ]
동의한 거예요,8,[toŋ.ɯi.haŋ.kʌ.je.jo],[doŋ.ɯi.han.gʌ.je.jo]
오래된 건데,8,[o.ɾɛ.tweŋ.kʌn.te],[o.ɾɛ.dwen.gʌn.te]
동의한 적 없어요,8,[toŋ.ɯi.han.tʃʌk̚.ʌp̚.ʌ.jo],[doŋ.ɯi.han.dʒʌk̚.ʌp̚.ʌ.jo]
오래된 상처를,8,[o.ɾɛ.twen.saŋ.tʃʰʌ.ɾɯl],[o.ɾɛ.dwen.saŋ.tʃʰʌ.ɾɯl]
오래된 일이야,8,[o.ɾɛ.twen.il.i.ja],[o.ɾɛ.dwen.il.i.ja]
그럼 알려,8,[kɯ.ɾʌm.al.ɾjʌ],[gɯ.ɾʌm.al.ɾjʌ]
그럼 알았어요,8,[kɯ.ɾʌm.al.at̚.ʌ.jo],[gɯ.ɾʌm.al.at̚.ʌ.jo]
동의합니다 제가,8,[toŋ.ɯi.hap̚.ni.ta.tʃe.ka],[doŋ.ɯi.hap̚.ni.da.dʒe.ga]
좀 풀어줘야,8,[tʃom.pʰul.ʌ.tʃwʌ.ja],[dʒom.pʰul.ʌ.dʒwʌ.ja]
데는 한계가,8,[te.nɯn.haŋ.kje.ka],[de.nɯn.haŋ.kje.ga]
오랜 기간동안,8,[o.ɾɛŋ.ki.kan.toŋ.an],[o.ɾɛn.gi.gan.toŋ.an]
동이 트기 전에,8,[toŋ.i.tʰɯ.ki.tʃʌn.e],[doŋ.i.tʰɯ.gi.dʒʌn.e]
그럼 약속해,8,[kɯ.ɾʌm.jak̚.sok̚.hɛ],[gɯ.ɾʌm.jak̚.sok̚.hɛ]
동일이 형,8,[toŋ.il.i.hjʌŋ],[doŋ.il.i.hjʌŋ]
좀 필요하거든,8,[tʃom.pʰil.jo.ha.kʌ.tɯn],[dʒom.pʰil.jo.ha.gʌ.dɯn]
오랜 시간이 지난,8,[o.ɾɛn.si.kan.i.tʃi.nan],[o.ɾɛn.si.gan.i.dʒi.nan]
오랜 친구고,8,[o.ɾɛn.tʃʰiŋ.ku.ko],[o.ɾɛn.tʃʰiŋ.ku.go]
동장군이 노할까,8,[toŋ.tʃaŋ.kun.i.no.hal.k͈a],[doŋ.dʒaŋ.gun.i.no.hal.k͈a]
동장군이 노할까 숨죽여 웃는다,8,[toŋ.tʃaŋ.kun.i.no.hal.k͈a.sun.tʃuk̚.jʌ.ut̚.nɯn.ta],[doŋ.dʒaŋ.gun.i.no.hal.k͈a.sun.tʃuk̚.jʌ.ut̚.nɯn.ta]
동장군이 노할까 숨죽여,8,[toŋ.tʃaŋ.kun.i.no.hal.k͈a.sun.tʃuk̚.jʌ],[doŋ.dʒaŋ.gun.i.no.hal.k͈a.sun.tʃuk̚.jʌ]
오랜만에 듣네,8,[o.ɾɛn.man.e.tɯt̚.ne],[o.ɾɛn.man.e.dɯt̚.ne]
동전 하나까지,8,[toŋ.tʃʌn.ha.na.k͈a.tʃi],[doŋ.dʒʌn.ha.na.k͈a.dʒi]
걱정 마세요 곧,8,[kʌk̚.tʃʌŋ.ma.se.jo.kot̚],[gʌk̚.tʃʌŋ.ma.se.jo.got̚]
그럼 어디 있는데,8,[kɯ.ɾʌm.ʌ.ti.it̚.nɯn.te],[gɯ.ɾʌm.ʌ.di.it̚.nɯn.te]
오랜만이야 안녕,8,[o.ɾɛn.man.i.ja.an.njʌŋ],[o.ɾɛn.man.i.ja.an.njʌŋ]
오랫동안 For,8,[o.ɾɛt̚.toŋ.an],[o.ɾɛt̚.toŋ.an]
몰랐는데 그럼,8,[mol.ɾat̚.nɯn.te.kɯ.ɾʌm],[mol.ɾat̚.nɯn.te.gɯ.ɾʌm]
오랫동안 감옥에서,8,[o.ɾɛt̚.toŋ.aŋ.kam.ok̚.e.sʌ],[o.ɾɛt̚.toŋ.an.gam.ok̚.e.sʌ]
걱정 마세요 그,8,[kʌk̚.tʃʌŋ.ma.se.jo.kɯ],[gʌk̚.tʃʌŋ.ma.se.jo.gɯ]
그럼 어디 있죠,8,[kɯ.ɾʌm.ʌ.ti.it̚.tʃjo],[gɯ.ɾʌm.ʌ.di.it̚.tʃjo]
동정은 필요 없어요,8,[toŋ.tʃʌŋ.ɯm.pʰil.jo.ʌp̚.ʌ.jo],[doŋ.dʒʌŋ.ɯm.pʰil.jo.ʌp̚.ʌ.jo]
그런 걸 좋아해,8,[kɯ.ɾʌŋ.kʌl.tʃot̚.a.hɛ],[gɯ.ɾʌn.gʌl.dʒot̚.a.hɛ]
걱정 마세요 그래,8,[kʌk̚.tʃʌŋ.ma.se.jo.kɯ.ɾɛ],[gʌk̚.tʃʌŋ.ma.se.jo.gɯ.ɾɛ]
오랫동안 네가,8,[o.ɾɛt̚.toŋ.an.ne.ka],[o.ɾɛt̚.toŋ.an.ne.ga]
동종 업계,8,[toŋ.tʃoŋ.ʌp̚.kje],[doŋ.dʒoŋ.ʌp̚.kje]
오랫동안 말이야,8,[o.ɾɛt̚.toŋ.an.mal.i.ja],[o.ɾɛt̚.toŋ.an.mal.i.ja]
모르겠네요 그럴,8,[mo.ɾɯ.ket̚.ne.jo.kɯ.ɾʌl],[mo.ɾɯ.get̚.ne.jo.gɯ.ɾʌl]
그럼 어디서부터,8,[kɯ.ɾʌm.ʌ.ti.sʌ.pu.tʰʌ],[gɯ.ɾʌm.ʌ.di.sʌ.bu.tʰʌ]
동쪽 건물,8,[toŋ.tʃ͈ok̚.kʌn.mul],[doŋ.tʃ͈ok̚.gʌn.mul]
동쪽 건물로,8,[toŋ.tʃ͈ok̚.kʌn.mul.ɾo],[doŋ.tʃ͈ok̚.gʌn.mul.ɾo]
오랫동안 이 순간을,8,[o.ɾɛt̚.toŋ.an.i.suŋ.kan.ɯl],[o.ɾɛt̚.toŋ.an.i.suŋ.kan.ɯl]
오랫동안 이걸,8,[o.ɾɛt̚.toŋ.an.i.kʌl],[o.ɾɛt̚.toŋ.an.i.gʌl]
오랫동안 이렇게,8,[o.ɾɛt̚.toŋ.an.i.ɾʌt̚.ke],[o.ɾɛt̚.toŋ.an.i.ɾʌt̚.ke]
오랫동안 잊고,8,[o.ɾɛt̚.toŋ.an.it̚.ko],[o.ɾɛt̚.toŋ.an.it̚.ko]
그럼 어때서,8,[kɯ.ɾʌm.ʌ.t͈ɛ.sʌ],[gɯ.ɾʌm.ʌ.t͈ɛ.sʌ]
동쪽에서 온,8,[toŋ.tʃ͈ok̚.e.sʌ.on],[doŋ.tʃ͈ok̚.e.sʌ.on]
동쪽으로 가는,8,[toŋ.tʃ͈ok̚.ɯ.ɾo.ka.nɯn],[doŋ.tʃ͈ok̚.ɯ.ɾo.ga.nɯn]
동쪽으로 가지,8,[toŋ.tʃ͈ok̚.ɯ.ɾo.ka.tʃi],[doŋ.tʃ͈ok̚.ɯ.ɾo.ga.dʒi]
그런 걸 할 수,8,[kɯ.ɾʌŋ.kʌl.hal.su],[gɯ.ɾʌn.gʌl.hal.su]
오렌지 주스가,8,[o.ɾen.tʃi.tʃu.sɯ.ka],[o.ɾen.tʃi.dʒu.sɯ.ga]
오렌지 쥬스,8,[o.ɾen.tʃi.tʃju.sɯ],[o.ɾen.tʃi.dʒju.sɯ]
그럼 어떨,8,[kɯ.ɾʌm.ʌ.t͈ʌl],[gɯ.ɾʌm.ʌ.t͈ʌl]
오렴 이제,8,[o.ɾjʌm.i.tʃe],[o.ɾjʌm.i.dʒe]
오로지 널,8,[o.ɾo.tʃi.nʌl],[o.ɾo.dʒi.nʌl]
동키 콩,8,[toŋ.kʰi.kʰoŋ],[doŋ.kʰi.kʰoŋ]
오로지 진실만을,8,[o.ɾo.tʃi.tʃin.sil.man.ɯl],[o.ɾo.dʒi.dʒin.sil.man.ɯl]
오르가즘 느끼는,8,[o.ɾɯ.ka.tʃɯm.nɯ.k͈i.nɯn],[o.ɾɯ.ga.dʒɯm.nɯ.k͈i.nɯn]
오르고 싶어,8,[o.ɾɯ.ko.sip̚.ʌ],[o.ɾɯ.go.sip̚.ʌ]
동풍이 오고,8,[tom.pʰuŋ.i.o.ko],[dom.pʰuŋ.i.o.go]
그럼 어떻게 되는데요,8,[kɯ.ɾʌm.ʌ.t͈ʌt̚.ke.twe.nɯn.te.jo],[gɯ.ɾʌm.ʌ.t͈ʌt̚.ke.dwe.nɯn.te.jo]
동호의 아파하는 신음,8,[toŋ.ho.ɯi.a.pʰa.ha.nɯn.sin.ɯm],[doŋ.ho.ɯi.a.pʰa.ha.nɯn.sin.ɯm]
오르트 성운,8,[o.ɾɯ.tʰɯ.sʌŋ.un],[o.ɾɯ.tʰɯ.sʌŋ.un]
오르트 성운의,8,[o.ɾɯ.tʰɯ.sʌŋ.un.ɯi],[o.ɾɯ.tʰɯ.sʌŋ.un.ɯi]
동화에 나오는,8,[toŋ.hwa.e.na.o.nɯn],[doŋ.hwa.e.na.o.nɯn]
좀 하자 우리,8,[tʃom.ha.tʃa.u.ɾi],[dʒom.ha.dʒa.u.ɾi]
그럼 어떻게 될,8,[kɯ.ɾʌm.ʌ.t͈ʌt̚.ke.twel],[gɯ.ɾʌm.ʌ.t͈ʌt̚.ke.dwel]
좀 하자 응,8,[tʃom.ha.tʃa.ɯŋ],[dʒom.ha.dʒa.ɯŋ]
그럼 어떻게 하라고,8,[kɯ.ɾʌm.ʌ.t͈ʌt̚.ke.ha.ɾa.ko],[gɯ.ɾʌm.ʌ.t͈ʌt̚.ke.ha.ɾa.go]
돼 You,8,[twɛ],[dwɛ]
오른쪽 문,8,[o.ɾɯn.tʃ͈ok̚.mun],[o.ɾɯn.tʃ͈ok̚.mun]
오른쪽 아래,8,[o.ɾɯn.tʃ͈ok̚.a.ɾɛ],[o.ɾɯn.tʃ͈ok̚.a.ɾɛ]
오른쪽 어깨,8,[o.ɾɯn.tʃ͈ok̚.ʌ.k͈ɛ],[o.ɾɯn.tʃ͈ok̚.ʌ.k͈ɛ]
돼 가까이,8,[twɛ.ka.k͈a.i],[dwɛ.ga.k͈a.i]
몰랐어 그녀가,8,[mol.ɾat̚.ʌ.kɯ.njʌ.ka],[mol.ɾat̚.ʌ.gɯ.njʌ.ga]
오른쪽엔 뭐가 있나,8,[o.ɾɯn.tʃ͈ok̚.en.mwʌ.ka.it̚.na],[o.ɾɯn.tʃ͈ok̚.en.mwʌ.ga.it̚.na]
오른쪽엔 뭐가,8,[o.ɾɯn.tʃ͈ok̚.en.mwʌ.ka],[o.ɾɯn.tʃ͈ok̚.en.mwʌ.ga]
오를 것,8,[o.ɾɯl.kʌt̚],[o.ɾɯl.gʌt̚]
오를 때까지,8,[o.ɾɯl.t͈ɛ.k͈a.tʃi],[o.ɾɯl.t͈ɛ.k͈a.dʒi]
없이 죽일,8,[ʌp̚.i.tʃuk̚.il],[ʌp̚.i.dʒuk̚.il]
오리 새끼가,8,[o.ɾi.sɛ.k͈i.ka],[o.ɾi.sɛ.k͈i.ga]
그럼 어서 가,8,[kɯ.ɾʌm.ʌ.sʌ.ka],[gɯ.ɾʌm.ʌ.sʌ.ga]
돼 걔가,8,[twɛ.kjɛ.ka],[dwɛ.gjɛ.ga]
좀 할까 해서,8,[tʃom.hal.k͈a.hɛ.sʌ],[dʒom.hal.k͈a.hɛ.sʌ]
돼 거긴,8,[twɛ.kʌ.kin],[dwɛ.gʌ.gin]
오마이갓 내,8,[o.ma.i.kat̚.nɛ],[o.ma.i.gat̚.nɛ]
오면 그렇게,8,[o.mjʌŋ.kɯ.ɾʌt̚.ke],[o.mjʌn.gɯ.ɾʌt̚.ke]
걱정 말게나,8,[kʌk̚.tʃʌŋ.mal.ke.na],[gʌk̚.tʃʌŋ.mal.ke.na]
오면 말이야,8,[o.mjʌn.mal.i.ja],[o.mjʌn.mal.i.ja]
돼 그 사람이,8,[twɛ.kɯ.sa.ɾam.i],[dwɛ.gɯ.sa.ɾam.i]
오면 뭐라고,8,[o.mjʌn.mwʌ.ɾa.ko],[o.mjʌn.mwʌ.ɾa.go]
오면 안 되는 거,8,[o.mjʌn.an.twe.nɯŋ.kʌ],[o.mjʌn.an.dwe.nɯn.gʌ]
돼 그건 내,8,[twɛ.kɯ.kʌn.nɛ],[dwɛ.gɯ.gʌn.nɛ]
좀 해 뭐,8,[tʃom.hɛ.mwʌ],[dʒom.hɛ.mwʌ]
오면 어떨까,8,[o.mjʌn.ʌ.t͈ʌl.k͈a],[o.mjʌn.ʌ.t͈ʌl.k͈a]
오면 어쩌려고,8,[o.mjʌn.ʌ.tʃ͈ʌ.ɾjʌ.ko],[o.mjʌn.ʌ.tʃ͈ʌ.ɾjʌ.go]
돼 그것,8,[twɛ.kɯ.kʌt̚],[dwɛ.gɯ.gʌt̚]
그럼 어쩔 수 없이,8,[kɯ.ɾʌm.ʌ.tʃ͈ʌl.su.ʌp̚.i],[gɯ.ɾʌm.ʌ.tʃ͈ʌl.su.ʌp̚.i]
오면 전,8,[o.mjʌn.tʃʌn],[o.mjʌn.dʒʌn]
그럼 어쩔래,8,[kɯ.ɾʌm.ʌ.tʃ͈ʌl.ɾɛ],[gɯ.ɾʌm.ʌ.tʃ͈ʌl.ɾɛ]
오면 절대,8,[o.mjʌn.tʃʌl.tɛ],[o.mjʌn.dʒʌl.tɛ]
걱정 말렴,8,[kʌk̚.tʃʌŋ.mal.ɾjʌm],[gʌk̚.tʃʌŋ.mal.ɾjʌm]
오믈렛을 만들려면,8,[o.mɯl.ɾet̚.ɯl.man.tɯl.ɾjʌ.mjʌn],[o.mɯl.ɾet̚.ɯl.man.tɯl.ɾjʌ.mjʌn]
돼 그러는,8,[twɛ.kɯ.ɾʌ.nɯn],[dwɛ.gɯ.ɾʌ.nɯn]
오바마 대통령의,8,[o.pa.ma.tɛ.tʰoŋ.ɾjʌŋ.ɯi],[o.ba.ma.dɛ.tʰoŋ.ɾjʌŋ.ɯi]
좀 해 봤어요,8,[tʃom.hɛ.pwat̚.ʌ.jo],[dʒom.hɛ.bwat̚.ʌ.jo]
게 좋아 안,8,[ke.tʃot̚.a.an],[ge.dʒot̚.a.an]
오버 알겠다,8,[o.pʌ.al.ket̚.ta],[o.bʌ.al.ket̚.ta]
돼 그런 거,8,[twɛ.kɯ.ɾʌŋ.kʌ],[dwɛ.gɯ.ɾʌn.gʌ]
오버 좀 하지 마,8,[o.pʌ.tʃom.ha.tʃi.ma],[o.bʌ.dʒom.ha.dʒi.ma]
돼 그럴 리가,8,[twɛ.kɯ.ɾʌl.ɾi.ka],[dwɛ.gɯ.ɾʌl.ɾi.ga]
돼 그럼 그,8,[twɛ.kɯ.ɾʌm.kɯ],[dwɛ.gɯ.ɾʌm.gɯ]
돼 그럼 난,8,[twɛ.kɯ.ɾʌm.nan],[dwɛ.gɯ.ɾʌm.nan]
돼 그럼 내,8,[twɛ.kɯ.ɾʌm.nɛ],[dwɛ.gɯ.ɾʌm.nɛ]
돼 그렇게 하면,8,[twɛ.kɯ.ɾʌt̚.ke.ha.mjʌn],[dwɛ.gɯ.ɾʌt̚.ke.ha.mjʌn]
오브 듀티,8,[o.pɯ.tju.tʰi],[o.bɯ.dju.tʰi]
오브 뮤직,8,[o.pɯ.mju.tʃik̚],[o.bɯ.mju.dʒik̚]
돼 그렇구나,8,[twɛ.kɯ.ɾʌt̚.ku.na],[dwɛ.gɯ.ɾʌt̚.ku.na]
오브 쉴드,8,[o.pɯ.swil.tɯ],[o.bɯ.swil.tɯ]
he has to,8,,
오브 잇,8,[o.pɯ.it̚],[o.bɯ.it̚]
오브라이언 양,8,[o.pɯ.ɾa.i.ʌn.jaŋ],[o.bɯ.ɾa.i.ʌn.jaŋ]
he hasn''t,8,,
오빠 거야,8,[o.p͈a.kʌ.ja],[o.p͈a.gʌ.ja]
돼 글쎄요,8,[twɛ.kɯl.s͈e.jo],[dwɛ.gɯl.s͈e.jo]
오빠 날,8,[o.p͈a.nal],[o.p͈a.nal]
그럼 여기를,8,[kɯ.ɾʌm.jʌ.ki.ɾɯl],[gɯ.ɾʌm.jʌ.gi.ɾɯl]
돼 기부할,8,[twɛ.ki.pu.hal],[dwɛ.gi.bu.hal]
돼 기부할 곳도,8,[twɛ.ki.pu.hal.kot̚.to],[dwɛ.gi.bu.hal.got̚.to]
오빠 네,8,[o.p͈a.ne],[o.p͈a.ne]
돼 기부할 곳도 정해야,8,[twɛ.ki.pu.hal.kot̚.to.tʃʌŋ.hɛ.ja],[dwɛ.gi.bu.hal.got̚.to.dʒʌŋ.hɛ.ja]
오빠 대신,8,[o.p͈a.tɛ.sin],[o.p͈a.dɛ.sin]
오빠 말이 맞아,8,[o.p͈a.mal.i.mat̚.a],[o.p͈a.mal.i.mat̚.a]
오빠 못,8,[o.p͈a.mot̚],[o.p͈a.mot̚]
I''m hearing,8,,
돼 나더러,8,[twɛ.na.tʌ.ɾʌ],[dwɛ.na.dʌ.ɾʌ]
오빠 얼굴,8,[o.p͈a.ʌl.kul],[o.p͈a.ʌl.kul]
오빠 요즘,8,[o.p͈a.jo.tʃɯm],[o.p͈a.jo.dʒɯm]
오빠 이거,8,[o.p͈a.i.kʌ],[o.p͈a.i.gʌ]
돼 나에,8,[twɛ.na.e],[dwɛ.na.e]
오빠 저기,8,[o.p͈a.tʃʌ.ki],[o.p͈a.dʒʌ.gi]
돼 나의,8,[twɛ.na.ɯi],[dwɛ.na.ɯi]
오빠 친구,8,[o.p͈a.tʃʰiŋ.ku],[o.p͈a.tʃʰiŋ.ku]
돼 난 그런,8,[twɛ.naŋ.kɯ.ɾʌn],[dwɛ.nan.gɯ.ɾʌn]
돼 난 내,8,[twɛ.nan.nɛ],[dwɛ.nan.nɛ]
그럼 영장,8,[kɯ.ɾʌm.jʌŋ.tʃaŋ],[gɯ.ɾʌm.jʌŋ.dʒaŋ]
그럼 영화,8,[kɯ.ɾʌm.jʌŋ.hwa],[gɯ.ɾʌm.jʌŋ.hwa]
없잖아 알아,8,[ʌp̚.tʃan.a.al.a],[ʌp̚.tʃan.a.al.a]
걱정 안 해도 되는,8,[kʌk̚.tʃʌŋ.an.hɛ.to.twe.nɯn],[gʌk̚.tʃʌŋ.an.hɛ.do.dwe.nɯn]
오빠가 미안해,8,[o.p͈a.ka.mi.an.hɛ],[o.p͈a.ga.mi.an.hɛ]
그럼 예쁜,8,[kɯ.ɾʌm.je.p͈ɯn],[gɯ.ɾʌm.je.p͈ɯn]
오빠가 오면,8,[o.p͈a.ka.o.mjʌn],[o.p͈a.ga.o.mjʌn]
걱정 안 했어요,8,[kʌk̚.tʃʌŋ.an.hɛt̚.ʌ.jo],[gʌk̚.tʃʌŋ.an.hɛt̚.ʌ.jo]
오빠가 이렇게,8,[o.p͈a.ka.i.ɾʌt̚.ke],[o.p͈a.ga.i.ɾʌt̚.ke]
오빠가 좋아하는,8,[o.p͈a.ka.tʃot̚.a.ha.nɯn],[o.p͈a.ga.dʒot̚.a.ha.nɯn]
걱정 안돼,8,[kʌk̚.tʃʌŋ.an.twɛ],[gʌk̚.tʃʌŋ.an.twɛ]
오빠는 그,8,[o.p͈a.nɯŋ.kɯ],[o.p͈a.nɯn.gɯ]
그럼 오늘은 여기까지,8,[kɯ.ɾʌm.o.nɯl.ɯn.jʌ.ki.k͈a.tʃi],[gɯ.ɾʌm.o.nɯl.ɯn.jʌ.gi.k͈a.dʒi]
오빠는 안,8,[o.p͈a.nɯn.an],[o.p͈a.nɯn.an]
오빠는 여기,8,[o.p͈a.nɯn.jʌ.ki],[o.p͈a.nɯn.jʌ.gi]
돼 너를,8,[twɛ.nʌ.ɾɯl],[dwɛ.nʌ.ɾɯl]
might be a little,8,,
오빠랑 나랑,8,[o.p͈a.ɾaŋ.na.ɾaŋ],[o.p͈a.ɾaŋ.na.ɾaŋ]
오빠랑 이름이 같은,8,[o.p͈a.ɾaŋ.i.ɾɯm.i.kat̚.ɯn],[o.p͈a.ɾaŋ.i.ɾɯm.i.gat̚.ɯn]
오빠를 더,8,[o.p͈a.ɾɯl.tʌ],[o.p͈a.ɾɯl.dʌ]
돼 넌 그냥,8,[twɛ.nʌŋ.kɯ.njaŋ],[dwɛ.nʌn.gɯ.njaŋ]
그럼 옳은,8,[kɯ.ɾʌm.ol.ɯn],[gɯ.ɾʌm.ol.ɯn]
돼 네게,8,[twɛ.ne.ke],[dwɛ.ne.ge]
돼 놈들을,8,[twɛ.non.tɯl.ɯl],[dwɛ.non.tɯl.ɯl]
돼 놈은,8,[twɛ.nom.ɯn],[dwɛ.nom.ɯn]
걱정 없어요,8,[kʌk̚.tʃʌŋ.ʌp̚.ʌ.jo],[gʌk̚.tʃʌŋ.ʌp̚.ʌ.jo]
그럼 왜 거짓말을,8,[kɯ.ɾʌm.wɛ.kʌ.tʃit̚.mal.ɯl],[gɯ.ɾʌm.wɛ.gʌ.dʒit̚.mal.ɯl]
돼 누구든,8,[twɛ.nu.ku.tɯn],[dwɛ.nu.gu.dɯn]
그럼 왜 계속,8,[kɯ.ɾʌm.wɛ.kje.sok̚],[gɯ.ɾʌm.wɛ.gje.sok̚]
돼 누군가는,8,[twɛ.nu.kuŋ.ka.nɯn],[dwɛ.nu.guŋ.ka.nɯn]
돼 누굴,8,[twɛ.nu.kul],[dwɛ.nu.gul]
돼 눈,8,[twɛ.nun],[dwɛ.nun]
오세요 그럼,8,[o.se.jo.kɯ.ɾʌm],[o.se.jo.gɯ.ɾʌm]
오세요 이런,8,[o.se.jo.i.ɾʌn],[o.se.jo.i.ɾʌn]
그럼 왜 나랑,8,[kɯ.ɾʌm.wɛ.na.ɾaŋ],[gɯ.ɾʌm.wɛ.na.ɾaŋ]
그럼 왜 그를,8,[kɯ.ɾʌm.wɛ.kɯ.ɾɯl],[gɯ.ɾʌm.wɛ.gɯ.ɾɯl]
오세요 정말,8,[o.se.jo.tʃʌŋ.mal],[o.se.jo.dʒʌŋ.mal]
돼 대체 왜,8,[twɛ.tɛ.tʃʰe.wɛ],[dwɛ.dɛ.tʃʰe.wɛ]
몰랐죠 그,8,[mol.ɾat̚.tʃjo.kɯ],[mol.ɾat̚.tʃjo.gɯ]
돼 데이비드,8,[twɛ.te.i.pi.tɯ],[dwɛ.de.i.bi.dɯ]
오셨나 봐,8,[o.sjʌt̚.na.pwa],[o.sjʌt̚.na.bwa]
데려가 주실래요,8,[te.ɾjʌ.ka.tʃu.sil.ɾɛ.jo],[de.ɾjʌ.ga.dʒu.sil.ɾɛ.jo]
걱정 할 필요 없어,8,[kʌk̚.tʃʌŋ.hal.pʰil.jo.ʌp̚.ʌ],[gʌk̚.tʃʌŋ.hal.pʰil.jo.ʌp̚.ʌ]
돼 돼,8,[twɛ.twɛ],[dwɛ.dwɛ]
좀 헷갈려서요,8,[tʃom.het̚.kal.ɾjʌ.sʌ.jo],[dʒom.het̚.kal.ɾjʌ.sʌ.jo]
돼 됐지,8,[twɛ.twɛt̚.tʃi],[dwɛ.dwɛt̚.tʃi]
돼 두고,8,[twɛ.tu.ko],[dwɛ.du.go]
오솔길을 따라,8,[o.sol.kil.ɯl.t͈a.ɾa],[o.sol.kil.ɯl.t͈a.ɾa]
오수 씨는,8,[o.su.s͈i.nɯn],[o.su.s͈i.nɯn]
그럼 왜 온 거야,8,[kɯ.ɾʌm.wɛ.oŋ.kʌ.ja],[gɯ.ɾʌm.wɛ.on.gʌ.ja]
그럼 왜 온 거죠,8,[kɯ.ɾʌm.wɛ.oŋ.kʌ.tʃjo],[gɯ.ɾʌm.wɛ.on.gʌ.dʒjo]
오스틴 랭햄,8,[o.sɯ.tʰil.lɛŋ.hɛm],[o.sɯ.tʰil.lɛŋ.hɛm]
돼 또 그,8,[twɛ.t͈o.kɯ],[dwɛ.t͈o.gɯ]
돼 뛰어,8,[twɛ.t͈wi.ʌ],[dwɛ.t͈wi.ʌ]
오시는 걸,8,[o.si.nɯŋ.kʌl],[o.si.nɯn.gʌl]
그럼 왜 우리를,8,[kɯ.ɾʌm.wɛ.u.ɾi.ɾɯl],[gɯ.ɾʌm.wɛ.u.ɾi.ɾɯl]
걱정도 하고,8,[kʌk̚.tʃʌŋ.to.ha.ko],[gʌk̚.tʃʌŋ.do.ha.go]
오시면 정말,8,[o.si.mjʌn.tʃʌŋ.mal],[o.si.mjʌn.dʒʌŋ.mal]
오신 거군요,8,[o.siŋ.kʌ.kun.jo],[o.sin.gʌ.gun.jo]
돼 말해,8,[twɛ.mal.hɛ],[dwɛ.mal.hɛ]
오신 걸 환영합니다 이,8,[o.siŋ.kʌl.hwan.jʌŋ.hap̚.ni.ta.i],[o.sin.gʌl.hwan.jʌŋ.hap̚.ni.da.i]
오신 걸 환영합니다 전,8,[o.siŋ.kʌl.hwan.jʌŋ.hap̚.ni.ta.tʃʌn],[o.sin.gʌl.hwan.jʌŋ.hap̚.ni.da.dʒʌn]
돼 매기,8,[twɛ.mɛ.ki],[dwɛ.mɛ.gi]
오신 것 같네요,8,[o.siŋ.kʌt̚.kat̚.ne.jo],[o.sin.gʌt̚.gat̚.ne.jo]
없죠 c,8,[ʌp̚.tʃjo],[ʌp̚.tʃjo]
As far as,8,,
좀 힘이,8,[tʃom.him.i],[dʒom.him.i]
돼 못 하겠어,8,[twɛ.mot̚.ha.ket̚.ʌ],[dwɛ.mot̚.ha.get̚.ʌ]
돼 못 해,8,[twɛ.mot̚.hɛ],[dwɛ.mot̚.hɛ]
걱정돼 죽겠어요,8,[kʌk̚.tʃʌŋ.twɛ.tʃuk̚.ket̚.ʌ.jo],[gʌk̚.tʃʌŋ.dwɛ.dʒuk̚.ket̚.ʌ.jo]
오실 때마다,8,[o.sil.t͈ɛ.ma.ta],[o.sil.t͈ɛ.ma.da]
그럼 우리 그냥,8,[kɯ.ɾʌm.u.ɾi.kɯ.njaŋ],[gɯ.ɾʌm.u.ɾi.gɯ.njaŋ]
돼 문제,8,[twɛ.mun.tʃe],[dwɛ.mun.tʃe]
돼 물러서,8,[twɛ.mul.ɾʌ.sʌ],[dwɛ.mul.ɾʌ.sʌ]
오어 트릿 트릭,8,[o.ʌ.tʰɯ.ɾit̚.tʰɯ.ɾik̚],[o.ʌ.tʰɯ.ɾit̚.tʰɯ.ɾik̚]
오어 트릿 트릭 오어,8,[o.ʌ.tʰɯ.ɾit̚.tʰɯ.ɾik̚.o.ʌ],[o.ʌ.tʰɯ.ɾit̚.tʰɯ.ɾik̚.o.ʌ]
오역 난무,8,[o.jʌk̚.nan.mu],[o.jʌk̚.nan.mu]
돼 물론입니다,8,[twɛ.mul.ɾon.ip̚.ni.ta],[dwɛ.mul.ɾon.ip̚.ni.da]
오역 의역 다수,8,[o.jʌk̚.ɯi.jʌk̚.ta.su],[o.jʌk̚.ɯi.jʌk̚.da.su]
돼 뭐가 안,8,[twɛ.mwʌ.ka.an],[dwɛ.mwʌ.ga.an]
오역이 있을,8,[o.jʌk̚.i.it̚.ɯl],[o.jʌk̚.i.it̚.ɯl]
오역이 있을 수,8,[o.jʌk̚.i.it̚.ɯl.su],[o.jʌk̚.i.it̚.ɯl.su]
나와 안 돼,8,[na.wa.an.twɛ],[na.wa.an.dwɛ]
오웬스 선수가,8,[o.wen.sɯ.sʌn.su.ka],[o.wen.sɯ.sʌn.su.ga]
돼 믿을,8,[twɛ.mit̚.ɯl],[dwɛ.mit̚.ɯl]
나와 야,8,[na.wa.ja],[na.wa.ja]
오자고 한 거야,8,[o.tʃa.ko.haŋ.kʌ.ja],[o.dʒa.go.han.gʌ.ja]
오줌 같은,8,[o.tʃum.kat̚.ɯn],[o.dʒum.gat̚.ɯn]
걱정돼서 왔어요,8,[kʌk̚.tʃʌŋ.twɛ.sʌ.wat̚.ʌ.jo],[gʌk̚.tʃʌŋ.dwɛ.sʌ.wat̚.ʌ.jo]
돼 버려,8,[twɛ.pʌ.ɾjʌ],[dwɛ.bʌ.ɾjʌ]
돼 버려서,8,[twɛ.pʌ.ɾjʌ.sʌ],[dwɛ.bʌ.ɾjʌ.sʌ]
그럼 우리에겐,8,[kɯ.ɾʌm.u.ɾi.e.ken],[gɯ.ɾʌm.u.ɾi.e.gen]
오줌 마려워요,8,[o.tʃum.ma.ɾjʌ.wʌ.jo],[o.dʒum.ma.ɾjʌ.wʌ.jo]
오줌 싸지,8,[o.tʃum.s͈a.tʃi],[o.dʒum.s͈a.dʒi]
돼 버렸죠,8,[twɛ.pʌ.ɾjʌt̚.tʃjo],[dwɛ.bʌ.ɾjʌt̚.tʃjo]
오줌 쌀 것,8,[o.tʃum.s͈al.kʌt̚],[o.dʒum.s͈al.gʌt̚]
오줌 쌌잖아,8,[o.tʃum.s͈at̚.tʃan.a],[o.dʒum.s͈at̚.tʃan.a]
오줌을 누고,8,[o.tʃum.ɯl.lu.ko],[o.dʒum.ɯl.lu.go]
돼 보면,8,[twɛ.po.mjʌn],[dwɛ.bo.mjʌn]
돼 보세요,8,[twɛ.po.se.jo],[dwɛ.bo.se.jo]
종교에 대한,8,[tʃoŋ.kjo.e.tɛ.han],[dʒoŋ.gjo.e.dɛ.han]
돼 보스,8,[twɛ.po.sɯ],[dwɛ.bo.sɯ]
내 눈동자,8,[nɛ.nun.toŋ.tʃa],[nɛ.nun.toŋ.dʒa]
종료 항행 지시기 종료,8,[tʃoŋ.ɾjo.haŋ.hɛŋ.tʃi.si.ki.tʃoŋ.ɾjo],[dʒoŋ.ɾjo.haŋ.hɛŋ.dʒi.si.gi.dʒoŋ.ɾjo]
오지 마 오지,8,[o.tʃi.ma.o.tʃi],[o.dʒi.ma.o.dʒi]
오지 마 오지 마,8,[o.tʃi.ma.o.tʃi.ma],[o.dʒi.ma.o.dʒi.ma]
오지 마래이,8,[o.tʃi.ma.ɾɛ.i],[o.dʒi.ma.ɾɛ.i]
나와 영원히,8,[na.wa.jʌŋ.wʌn.hi],[na.wa.jʌŋ.wʌn.hi]
오지 마시오,8,[o.tʃi.ma.si.o],[o.dʒi.ma.si.o]
오지 말라,8,[o.tʃi.mal.ɾa],[o.dʒi.mal.ɾa]
돼 비켜,8,[twɛ.pi.kʰjʌ],[dwɛ.bi.kʰjʌ]
오지 말았어야 했어요,8,[o.tʃi.mal.at̚.ʌ.ja.hɛt̚.ʌ.jo],[o.dʒi.mal.at̚.ʌ.ja.hɛt̚.ʌ.jo]
돼 사람들은,8,[twɛ.sa.ɾan.tɯl.ɯn],[dwɛ.sa.ɾan.tɯl.ɯn]
해칠 순 없어,8,[hɛ.tʃʰil.sun.ʌp̚.ʌ],[hɛ.tʃʰil.sun.ʌp̚.ʌ]
오지 못해서,8,[o.tʃi.mot̚.hɛ.sʌ],[o.dʒi.mot̚.hɛ.sʌ]
오지 않기로,8,[o.tʃi.aŋ.ki.ɾo],[o.dʒi.aŋ.ki.ɾo]
돼 살아,8,[twɛ.sal.a],[dwɛ.sal.a]
그럼 원하는 게 뭔데,8,[kɯ.ɾʌm.wʌn.ha.nɯŋ.ke.mwʌn.te],[gɯ.ɾʌm.wʌn.ha.nɯn.ge.mwʌn.te]
걱정되는 게 있어,8,[kʌk̚.tʃʌŋ.twe.nɯŋ.ke.it̚.ʌ],[gʌk̚.tʃʌŋ.dwe.nɯn.ge.it̚.ʌ]
오지 않았겠지,8,[o.tʃi.an.at̚.ket̚.tʃi],[o.dʒi.an.at̚.ket̚.tʃi]
오지 않았니,8,[o.tʃi.an.at̚.ni],[o.dʒi.an.at̚.ni]
종류의 사람들이,8,[tʃoŋ.ɾju.ɯi.sa.ɾan.tɯl.i],[dʒoŋ.ɾju.ɯi.sa.ɾan.tɯl.i]
돼 세,8,[twɛ.se],[dwɛ.se]
오지 않을 겁니다,8,[o.tʃi.an.ɯl.kʌp̚.ni.ta],[o.dʒi.an.ɯl.gʌp̚.ni.da]
he needed,8,,
돼 술,8,[twɛ.sul],[dwɛ.sul]
돼 숨,8,[twɛ.sum],[dwɛ.sum]
데려가려 했어요,8,[te.ɾjʌ.ka.ɾjʌ.hɛt̚.ʌ.jo],[de.ɾjʌ.ga.ɾjʌ.hɛt̚.ʌ.jo]
종류의 일이,8,[tʃoŋ.ɾju.ɯi.il.i],[dʒoŋ.ɾju.ɯi.il.i]
돼 시간을,8,[twɛ.si.kan.ɯl],[dwɛ.si.gan.ɯl]
종말에 대한,8,[tʃoŋ.mal.e.tɛ.han],[dʒoŋ.mal.e.dɛ.han]
데려가려고 했어요,8,[te.ɾjʌ.ka.ɾjʌ.ko.hɛt̚.ʌ.jo],[de.ɾjʌ.ga.ɾjʌ.go.hɛt̚.ʌ.jo]
몰릴 거야,8,[mol.ɾil.kʌ.ja],[mol.ɾil.gʌ.ja]
돼 아가씨,8,[twɛ.a.ka.s͈i],[dwɛ.a.ga.s͈i]
오직 너와,8,[o.tʃik̚.nʌ.wa],[o.dʒik̚.nʌ.wa]
오직 단,8,[o.tʃik̚.tan],[o.dʒik̚.dan]
오직 당신과,8,[o.tʃik̚.taŋ.siŋ.kwa],[o.dʒik̚.daŋ.siŋ.kwa]
오직 인간만이,8,[o.tʃik̚.iŋ.kan.man.i],[o.dʒik̚.iŋ.kan.man.i]
돼 아마도,8,[twɛ.a.ma.to],[dwɛ.a.ma.do]
종성의 옅은 웃음,8,[tʃoŋ.sʌŋ.ɯi.jʌt̚.ɯn.ut̚.ɯm],[dʒoŋ.sʌŋ.ɯi.jʌt̚.ɯn.ut̚.ɯm]
종신 교수가,8,[tʃoŋ.siŋ.kjo.su.ka],[dʒoŋ.sin.gjo.su.ga]
돼 아무튼,8,[twɛ.a.mu.tʰɯn],[dwɛ.a.mu.tʰɯn]
그럼 이건 뭐지,8,[kɯ.ɾʌm.i.kʌn.mwʌ.tʃi],[gɯ.ɾʌm.i.gʌn.mwʌ.dʒi]
오질 않아,8,[o.tʃil.an.a],[o.dʒil.an.a]
몰아 넣었어,8,[mol.a.nʌt̚.ʌt̚.ʌ],[mol.a.nʌt̚.ʌt̚.ʌ]
방을 나눠,8,[paŋ.ɯl.la.nwʌ],[baŋ.ɯl.la.nwʌ]
돼 아빠랑,8,[twɛ.a.p͈a.ɾaŋ],[dwɛ.a.p͈a.ɾaŋ]
오카자키 씨가,8,[o.kʰa.tʃa.kʰi.s͈i.ka],[o.kʰa.dʒa.kʰi.s͈i.ga]
돼 아저씨,8,[twɛ.a.tʃʌ.s͈i],[dwɛ.a.dʒʌ.s͈i]
돼 아직 안,8,[twɛ.a.tʃik̚.an],[dwɛ.a.dʒik̚.an]
오케이 야,8,[o.kʰe.i.ja],[o.kʰe.i.ja]
오케이 어,8,[o.kʰe.i.ʌ],[o.kʰe.i.ʌ]
오케이 이제,8,[o.kʰe.i.i.tʃe],[o.kʰe.i.i.dʒe]
돼 안 그래,8,[twɛ.aŋ.kɯ.ɾɛ],[dwɛ.an.gɯ.ɾɛ]
걱정만 하고,8,[kʌk̚.tʃʌŋ.man.ha.ko],[gʌk̚.tʃʌŋ.man.ha.go]
없지 결코,8,[ʌp̚.tʃi.kjʌl.kʰo],[ʌp̚.tʃi.gjʌl.kʰo]
그럼 이것,8,[kɯ.ɾʌm.i.kʌt̚],[gɯ.ɾʌm.i.gʌt̚]
그럼 이것 좀,8,[kɯ.ɾʌm.i.kʌt̚.tʃom],[gɯ.ɾʌm.i.gʌt̚.dʒom]
오키 씨,8,[o.kʰi.s͈i],[o.kʰi.s͈i]
돼 안 되지,8,[twɛ.an.twe.tʃi],[dwɛ.an.dwe.dʒi]
그럼 이게 내,8,[kɯ.ɾʌm.i.ke.nɛ],[gɯ.ɾʌm.i.ge.nɛ]
오토바이 경적,8,[o.tʰo.pa.i.kjʌŋ.tʃʌk̚],[o.tʰo.ba.i.gjʌŋ.dʒʌk̚]
그럼 이게 뭐야,8,[kɯ.ɾʌm.i.ke.mwʌ.ja],[gɯ.ɾʌm.i.ge.mwʌ.ja]
그럼 이게 무슨,8,[kɯ.ɾʌm.i.ke.mu.sɯn],[gɯ.ɾʌm.i.ge.mu.sɯn]
돼 알고,8,[twɛ.al.ko],[dwɛ.al.ko]
돼 알지,8,[twɛ.al.tʃi],[dwɛ.al.tʃi]
he now,8,,
오프 더 보트야,8,[o.pʰɯ.tʌ.po.tʰɯ.ja],[o.pʰɯ.dʌ.bo.tʰɯ.ja]
그럼 이러면,8,[kɯ.ɾʌm.i.ɾʌ.mjʌn],[gɯ.ɾʌm.i.ɾʌ.mjʌn]
돼 애가,8,[twɛ.ɛ.ka],[dwɛ.ɛ.ga]
오픈 케이스,8,[o.pʰɯŋ.kʰe.i.sɯ],[o.pʰɯŋ.kʰe.i.sɯ]
종이 울리고,8,[tʃoŋ.i.ul.ɾi.ko],[dʒoŋ.i.ul.ɾi.go]
종이 위에,8,[tʃoŋ.i.wi.e],[dʒoŋ.i.wi.e]
오해 때문에,8,[o.hɛ.t͈ɛ.mun.e],[o.hɛ.t͈ɛ.mun.e]
오해가 있나 본데,8,[o.hɛ.ka.it̚.na.pon.te],[o.hɛ.ga.it̚.na.bon.te]
After wave,8,,
오해를 좀,8,[o.hɛ.ɾɯl.tʃom],[o.hɛ.ɾɯl.dʒom]
몸 사리고 있어,8,[mom.sa.ɾi.ko.it̚.ʌ],[mom.sa.ɾi.go.it̚.ʌ]
돼 어째서,8,[twɛ.ʌ.tʃ͈ɛ.sʌ],[dwɛ.ʌ.tʃ͈ɛ.sʌ]
돼 어쩌면,8,[twɛ.ʌ.tʃ͈ʌ.mjʌn],[dwɛ.ʌ.tʃ͈ʌ.mjʌn]
돼 언니가,8,[twɛ.ʌn.ni.ka],[dwɛ.ʌn.ni.ga]
오해하시는 거예요,8,[o.hɛ.ha.si.nɯŋ.kʌ.je.jo],[o.hɛ.ha.si.nɯn.gʌ.je.jo]
돼 언제든,8,[twɛ.ʌn.tʃe.tɯn],[dwɛ.ʌn.tʃe.dɯn]
오해하지 않았으면,8,[o.hɛ.ha.tʃi.an.at̚.ɯ.mjʌn],[o.hɛ.ha.dʒi.an.at̚.ɯ.mjʌn]
오해한 것 같은데,8,[o.hɛ.haŋ.kʌt̚.kat̚.ɯn.te],[o.hɛ.han.gʌt̚.gat̚.ɯn.te]
그럼 이유를,8,[kɯ.ɾʌm.i.ju.ɾɯl],[gɯ.ɾʌm.i.ju.ɾɯl]
돼 에,8,[twɛ.e],[dwɛ.e]
오후 네,8,[o.hu.ne],[o.hu.ne]
오후 한,8,[o.hu.han],[o.hu.han]
그럼 이제 가볼게요,8,[kɯ.ɾʌm.i.tʃe.ka.pol.ke.jo],[gɯ.ɾʌm.i.dʒe.ga.bol.ke.jo]
오후에 같이,8,[o.hu.e.kat̚.i],[o.hu.e.gat̚.i]
오후에 그,8,[o.hu.e.kɯ],[o.hu.e.gɯ]
오후에 당신,8,[o.hu.e.taŋ.sin],[o.hu.e.daŋ.sin]
종이를 사락 넘긴다,8,[tʃoŋ.i.ɾɯl.sa.ɾak̚.nʌm.kin.ta],[dʒoŋ.i.ɾɯl.sa.ɾak̚.nʌm.kin.ta]
오후에 집에,8,[o.hu.e.tʃip̚.e],[o.hu.e.dʒip̚.e]
오히려 그게,8,[o.hi.ɾjʌ.kɯ.ke],[o.hi.ɾjʌ.gɯ.ge]
데려간 거 알아,8,[te.ɾjʌ.kaŋ.kʌ.al.a],[de.ɾjʌ.gan.gʌ.al.a]
없지 대체,8,[ʌp̚.tʃi.tɛ.tʃʰe],[ʌp̚.tʃi.dɛ.tʃʰe]
그럼 이제 네가,8,[kɯ.ɾʌm.i.tʃe.ne.ka],[gɯ.ɾʌm.i.dʒe.ne.ga]
돼 오늘 밤,8,[twɛ.o.nɯl.pam],[dwɛ.o.nɯl.bam]
오히려 이,8,[o.hi.ɾjʌ.i],[o.hi.ɾjʌ.i]
돼 오빠가,8,[twɛ.o.p͈a.ka],[dwɛ.o.p͈a.ga]
나와 정말,8,[na.wa.tʃʌŋ.mal],[na.wa.dʒʌŋ.mal]
옥상에 있다,8,[ok̚.saŋ.e.it̚.ta],[ok̚.saŋ.e.it̚.ta]
옥상으로 와,8,[ok̚.saŋ.ɯ.ɾo.wa],[ok̚.saŋ.ɯ.ɾo.wa]
제대로 맞았어,8,[tʃe.tɛ.ɾo.mat̚.at̚.ʌ],[dʒe.dɛ.ɾo.mat̚.at̚.ʌ]
해피 밸런타인,8,[hɛ.pʰi.pɛl.ɾʌn.tʰa.in],[hɛ.pʰi.bɛl.ɾʌn.tʰa.in]
걱정은 안 하셔도 돼요,8,[kʌk̚.tʃʌŋ.ɯn.an.ha.sjʌ.to.twɛ.jo],[gʌk̚.tʃʌŋ.ɯn.an.ha.sjʌ.do.dwɛ.jo]
돼 왜 이러는,8,[twɛ.wɛ.i.ɾʌ.nɯn],[dwɛ.wɛ.i.ɾʌ.nɯn]
옥현의 놀라는 숨소리,8,[ok̚.hjʌn.ɯi.nol.ɾa.nɯn.sum.so.ɾi],[ok̚.hjʌn.ɯi.nol.ɾa.nɯn.sum.so.ɾi]
온 가족의,8,[oŋ.ka.tʃok̚.ɯi],[on.ga.dʒok̚.ɯi]
몸 푸는,8,[mom.pʰu.nɯn],[mom.pʰu.nɯn]
돼 우린 그냥,8,[twɛ.u.ɾiŋ.kɯ.njaŋ],[dwɛ.u.ɾin.gɯ.njaŋ]
그럼 이제 어쩔 거야,8,[kɯ.ɾʌm.i.tʃe.ʌ.tʃ͈ʌl.kʌ.ja],[gɯ.ɾʌm.i.dʒe.ʌ.tʃ͈ʌl.gʌ.ja]
온 거 알면,8,[oŋ.kʌ.al.mjʌn],[on.gʌ.al.mjʌn]
돼 웃기지,8,[twɛ.ut̚.ki.tʃi],[dwɛ.ut̚.ki.dʒi]
그럼 이제 집에,8,[kɯ.ɾʌm.i.tʃe.tʃip̚.e],[gɯ.ɾʌm.i.dʒe.dʒip̚.e]
그럼 이쯤에서,8,[kɯ.ɾʌm.i.tʃ͈ɯm.e.sʌ],[gɯ.ɾʌm.i.tʃ͈ɯm.e.sʌ]
걱정은 하지 마라,8,[kʌk̚.tʃʌŋ.ɯn.ha.tʃi.ma.ɾa],[gʌk̚.tʃʌŋ.ɯn.ha.dʒi.ma.ɾa]
온 거야 잘,8,[oŋ.kʌ.ja.tʃal],[on.gʌ.ja.dʒal]
온 거예요 그래,8,[oŋ.kʌ.je.jo.kɯ.ɾɛ],[on.gʌ.je.jo.gɯ.ɾɛ]
돼 이러다,8,[twɛ.i.ɾʌ.ta],[dwɛ.i.ɾʌ.da]
온 거예요 당신이,8,[oŋ.kʌ.je.jo.taŋ.sin.i],[on.gʌ.je.jo.daŋ.sin.i]
온 거예요 당신,8,[oŋ.kʌ.je.jo.taŋ.sin],[on.gʌ.je.jo.daŋ.sin]
온 거예요 제가,8,[oŋ.kʌ.je.jo.tʃe.ka],[on.gʌ.je.jo.dʒe.ga]
온 거잖니,8,[oŋ.kʌ.tʃan.ni],[on.gʌ.dʒan.ni]
온 거지 네 세상은,8,[oŋ.kʌ.tʃi.ne.se.saŋ.ɯn],[on.gʌ.dʒi.ne.se.saŋ.ɯn]
걱정은 하지 않아도 돼,8,[kʌk̚.tʃʌŋ.ɯn.ha.tʃi.an.a.to.twɛ],[gʌk̚.tʃʌŋ.ɯn.ha.dʒi.an.a.do.dwɛ]
온 건 네가,8,[oŋ.kʌn.ne.ka],[on.gʌn.ne.ga]
없지 어쨌든,8,[ʌp̚.tʃi.ʌ.tʃ͈ɛt̚.tɯn],[ʌp̚.tʃi.ʌ.tʃ͈ɛt̚.tɯn]
온 건 당신,8,[oŋ.kʌn.taŋ.sin],[on.gʌn.daŋ.sin]
걱정을 너무,8,[kʌk̚.tʃʌŋ.ɯl.lʌ.mu],[gʌk̚.tʃʌŋ.ɯl.lʌ.mu]
온 건 우연이,8,[oŋ.kʌn.u.jʌn.i],[on.gʌn.u.jʌn.i]
온 걸 본,8,[oŋ.kʌl.pon],[on.gʌl.bon]
온 걸 어떻게,8,[oŋ.kʌl.ʌ.t͈ʌt̚.ke],[on.gʌl.ʌ.t͈ʌt̚.ke]
돼 일은,8,[twɛ.il.ɯn],[dwɛ.il.ɯn]
없지 이봐,8,[ʌp̚.tʃi.i.pwa],[ʌp̚.tʃi.i.bwa]
he takes,8,,
온 겁니다 무슨,8,[oŋ.kʌp̚.ni.ta.mu.sɯn],[on.gʌp̚.ni.da.mu.sɯn]
그럼 자네를,8,[kɯ.ɾʌn.tʃa.ne.ɾɯl],[gɯ.ɾʌm.dʒa.ne.ɾɯl]
돼 있군요,8,[twɛ.it̚.kun.jo],[dwɛ.it̚.kun.jo]
풀었을 때,8,[pʰul.ʌt̚.ɯl.t͈ɛ],[pʰul.ʌt̚.ɯl.t͈ɛ]
온 것 뿐이에요,8,[oŋ.kʌt̚.p͈un.i.e.jo],[on.gʌt̚.p͈un.i.e.jo]
돼 있다면,8,[twɛ.it̚.ta.mjʌn],[dwɛ.it̚.ta.mjʌn]
걱정을 좀,8,[kʌk̚.tʃʌŋ.ɯl.tʃom],[gʌk̚.tʃʌŋ.ɯl.dʒom]
돼 있더군요,8,[twɛ.it̚.tʌ.kun.jo],[dwɛ.it̚.tʌ.gun.jo]
온 것에 대해,8,[oŋ.kʌt̚.e.tɛ.hɛ],[on.gʌt̚.e.dɛ.hɛ]
온 것이 아니라,8,[oŋ.kʌt̚.i.a.ni.ɾa],[on.gʌt̚.i.a.ni.ɾa]
온 것이야,8,[oŋ.kʌt̚.i.ja],[on.gʌt̚.i.ja]
돼 있던데,8,[twɛ.it̚.tʌn.te],[dwɛ.it̚.tʌn.te]
게 좋을 수도,8,[ke.tʃot̚.ɯl.su.to],[ge.dʒot̚.ɯl.su.do]
온 게 아니고요,8,[oŋ.ke.a.ni.ko.jo],[on.ge.a.ni.go.jo]
온 게 아니네,8,[oŋ.ke.a.ni.ne],[on.ge.a.ni.ne]
돼 있었다,8,[twɛ.it̚.ʌt̚.ta],[dwɛ.it̚.ʌt̚.ta]
온 게 아니라는,8,[oŋ.ke.a.ni.ɾa.nɯn],[on.ge.a.ni.ɾa.nɯn]
온 게 아니야 내가,8,[oŋ.ke.a.ni.ja.nɛ.ka],[on.ge.a.ni.ja.nɛ.ga]
그럼 잘 지내,8,[kɯ.ɾʌn.tʃal.tʃi.nɛ],[gɯ.ɾʌm.dʒal.dʒi.nɛ]
온 게 아닐,8,[oŋ.ke.a.nil],[on.ge.a.nil]
없지 지금은,8,[ʌp̚.tʃi.tʃi.kɯm.ɯn],[ʌp̚.tʃi.dʒi.gɯm.ɯn]
온 곳에,8,[oŋ.kot̚.e],[on.got̚.e]
그럼 잘됐네요,8,[kɯ.ɾʌn.tʃal.twɛt̚.ne.jo],[gɯ.ɾʌm.dʒal.twɛt̚.ne.jo]
Where we,8,,
그럼 잘못,8,[kɯ.ɾʌn.tʃal.mot̚],[gɯ.ɾʌm.dʒal.mot̚]
온 길,8,[oŋ.kil],[on.gil]
그럼 잘못된,8,[kɯ.ɾʌn.tʃal.mot̚.twen],[gɯ.ɾʌm.dʒal.mot̚.twen]
그럼 잘해 봐,8,[kɯ.ɾʌn.tʃal.hɛ.pwa],[gɯ.ɾʌm.dʒal.hɛ.bwa]
온 날부터,8,[on.nal.pu.tʰʌ],[on.nal.pu.tʰʌ]
온 내가,8,[on.nɛ.ka],[on.nɛ.ga]
온 놈들,8,[on.non.tɯl],[on.non.tɯl]
돼 잠시만,8,[twɛ.tʃam.si.man],[dwɛ.dʒam.si.man]
온 데는,8,[on.te.nɯn],[on.de.nɯn]
좋게 보이진,8,[tʃot̚.ke.po.i.tʃin],[dʒot̚.ke.bo.i.dʒin]
돼 저녁,8,[twɛ.tʃʌ.njʌk̚],[dwɛ.dʒʌ.njʌk̚]
데려갈 수도 있어,8,[te.ɾjʌ.kal.su.to.it̚.ʌ],[de.ɾjʌ.gal.su.do.it̚.ʌ]
온 메시지를,8,[on.me.si.tʃi.ɾɯl],[on.me.si.dʒi.ɾɯl]
그럼 잭,8,[kɯ.ɾʌn.tʃɛk̚],[gɯ.ɾʌm.dʒɛk̚]
돼 전에,8,[twɛ.tʃʌn.e],[dwɛ.dʒʌn.e]
온 모양이에요,8,[on.mo.jaŋ.i.e.jo],[on.mo.jaŋ.i.e.jo]
돼 전화,8,[twɛ.tʃʌn.hwa],[dwɛ.dʒʌn.hwa]
그럼 쟤,8,[kɯ.ɾʌn.tʃjɛ],[gɯ.ɾʌm.dʒjɛ]
그럼 재밌게,8,[kɯ.ɾʌn.tʃɛ.mit̚.ke],[gɯ.ɾʌm.dʒɛ.mit̚.ke]
걱정이 되기,8,[kʌk̚.tʃʌŋ.i.twe.ki],[gʌk̚.tʃʌŋ.i.dwe.gi]
온 배가,8,[om.pɛ.ka],[on.bɛ.ga]
좋게 해 줄,8,[tʃot̚.ke.hɛ.tʃul],[dʒot̚.ke.hɛ.dʒul]
온 사람들이에요,8,[on.sa.ɾan.tɯl.i.e.jo],[on.sa.ɾan.tɯl.i.e.jo]
그럼 저 여자,8,[kɯ.ɾʌn.tʃʌ.jʌ.tʃa],[gɯ.ɾʌm.dʒʌ.jʌ.dʒa]
온 사람들이죠,8,[on.sa.ɾan.tɯl.i.tʃjo],[on.sa.ɾan.tɯl.i.dʒjo]
좋게 해줄,8,[tʃot̚.ke.hɛ.tʃul],[dʒot̚.ke.hɛ.dʒul]
I''m in charge,8,,
돼 제시,8,[twɛ.tʃe.si],[dwɛ.dʒe.si]
봄이 온다 말을,8,[pom.i.on.ta.mal.ɯl],[bom.i.on.ta.mal.ɯl]
he thought,8,,
몸에 무리가,8,[mom.e.mu.ɾi.ka],[mom.e.mu.ɾi.ga]
온 소식,8,[on.so.sik̚],[on.so.sik̚]
온 어 스틱,8,[on.ʌ.sɯ.tʰik̚],[on.ʌ.sɯ.tʰik̚]
돼 죄송합니다,8,[twɛ.tʃwe.soŋ.hap̚.ni.ta],[dwɛ.dʒwe.soŋ.hap̚.ni.da]
온 여자요,8,[on.jʌ.tʃa.jo],[on.jʌ.dʒa.jo]
그럼 저들을,8,[kɯ.ɾʌn.tʃʌ.tɯl.ɯl],[gɯ.ɾʌm.dʒʌ.dɯl.ɯl]
Where you at,8,,
좋겠네 좋아,8,[tʃot̚.ket̚.ne.tʃot̚.a],[dʒot̚.ket̚.ne.dʒot̚.a]
좋겠네요 그,8,[tʃot̚.ket̚.ne.jo.kɯ],[dʒot̚.ket̚.ne.jo.gɯ]
데려갔어요 그,8,[te.ɾjʌ.kat̚.ʌ.jo.kɯ],[de.ɾjʌ.gat̚.ʌ.jo.gɯ]
온 이유를 말해줄게,8,[on.i.ju.ɾɯl.mal.hɛ.tʃul.ke],[on.i.ju.ɾɯl.mal.hɛ.dʒul.ke]
돼 줄게요,8,[twɛ.tʃul.ke.jo],[dwɛ.dʒul.ke.jo]
몸에 붙어,8,[mom.e.put̚.ʌ],[mom.e.but̚.ʌ]
좋겠네요 그리고,8,[tʃot̚.ket̚.ne.jo.kɯ.ɾi.ko],[dʒot̚.ket̚.ne.jo.gɯ.ɾi.go]
그럼 저와,8,[kɯ.ɾʌn.tʃʌ.wa],[gɯ.ɾʌm.dʒʌ.wa]
돼 중요한 건,8,[twɛ.tʃuŋ.jo.haŋ.kʌn],[dwɛ.dʒuŋ.jo.han.gʌn]
온 일을,8,[on.il.ɯl],[on.il.ɯl]
온 작은,8,[on.tʃak̚.ɯn],[on.dʒak̚.ɯn]
돼 지금도,8,[twɛ.tʃi.kɯn.to],[dwɛ.dʒi.gɯn.to]
he turned,8,,
온 전화예요,8,[on.tʃʌn.hwa.je.jo],[on.dʒʌn.hwa.je.jo]
온 존,8,[on.tʃon],[on.dʒon]
온 줄 몰랐네,8,[on.tʃul.mol.ɾat̚.ne],[on.dʒul.mol.ɾat̚.ne]
좋겠네요 무슨,8,[tʃot̚.ket̚.ne.jo.mu.sɯn],[dʒot̚.ket̚.ne.jo.mu.sɯn]
돼 지미,8,[twɛ.tʃi.mi],[dwɛ.dʒi.mi]
온 줄 알고,8,[on.tʃul.al.ko],[on.dʒul.al.ko]
온 지 두,8,[on.tʃi.tu],[on.dʒi.du]
온 지 며칠,8,[on.tʃi.mjʌ.tʃʰil],[on.dʒi.mjʌ.tʃʰil]
돼 집에서,8,[twɛ.tʃip̚.e.sʌ],[dwɛ.dʒip̚.e.sʌ]
he used to,8,,
그럼 전쟁,8,[kɯ.ɾʌn.tʃʌn.tʃɛŋ],[gɯ.ɾʌm.dʒʌn.tʃɛŋ]
온 첫 날에,8,[on.tʃʰʌt̚.nal.e],[on.tʃʰʌt̚.nal.e]
돼 참고로,8,[twɛ.tʃʰam.ko.ɾo],[dwɛ.tʃʰam.ko.ɾo]
걱정이나 해요,8,[kʌk̚.tʃʌŋ.i.na.hɛ.jo],[gʌk̚.tʃʌŋ.i.na.hɛ.jo]
좋겠네요 좋은,8,[tʃot̚.ket̚.ne.jo.tʃot̚.ɯn],[dʒot̚.ket̚.ne.jo.dʒot̚.ɯn]
온 편지가,8,[om.pʰjʌn.tʃi.ka],[om.pʰjʌn.tʃi.ga]
그럼 전화로,8,[kɯ.ɾʌn.tʃʌn.hwa.ɾo],[gɯ.ɾʌm.dʒʌn.hwa.ɾo]
그럼 전화를,8,[kɯ.ɾʌn.tʃʌn.hwa.ɾɯl],[gɯ.ɾʌm.dʒʌn.hwa.ɾɯl]
몸에 얼마나,8,[mom.e.ʌl.ma.na],[mom.e.ʌl.ma.na]
온 힘을 다하고,8,[on.him.ɯl.ta.ha.ko],[on.him.ɯl.da.ha.go]
돼 칼,8,[twɛ.kʰal],[dwɛ.kʰal]
온갖 곳에,8,[oŋ.kat̚.kot̚.e],[oŋ.kat̚.got̚.e]
나와는 달리,8,[na.wa.nɯn.tal.ɾi],[na.wa.nɯn.dal.ɾi]
온갖 말썽을,8,[oŋ.kat̚.mal.s͈ʌŋ.ɯl],[oŋ.kat̚.mal.s͈ʌŋ.ɯl]
he wanted to,8,,
온갖 얘기를,8,[oŋ.kat̚.jɛ.ki.ɾɯl],[oŋ.kat̚.jɛ.gi.ɾɯl]
온갖 일이,8,[oŋ.kat̚.il.i],[oŋ.kat̚.il.i]
돼 피터,8,[twɛ.pʰi.tʰʌ],[dwɛ.pʰi.tʰʌ]
나와는 달라,8,[na.wa.nɯn.tal.ɾa],[na.wa.nɯn.dal.ɾa]
데려갔어 내,8,[te.ɾjʌ.kat̚.ʌ.nɛ],[de.ɾjʌ.gat̚.ʌ.nɛ]
온다 그래서,8,[on.ta.kɯ.ɾɛ.sʌ],[on.ta.gɯ.ɾɛ.sʌ]
온다 난,8,[on.ta.nan],[on.ta.nan]
온다 말을,8,[on.ta.mal.ɯl],[on.ta.mal.ɯl]
온다 젠장,8,[on.ta.tʃen.tʃaŋ],[on.ta.dʒen.tʃaŋ]
그럼 제가 이,8,[kɯ.ɾʌn.tʃe.ka.i],[gɯ.ɾʌm.dʒe.ga.i]
좋겠다 응,8,[tʃot̚.ket̚.ta.ɯŋ],[dʒot̚.ket̚.ta.ɯŋ]
온다고 해도,8,[on.ta.ko.hɛ.to],[on.ta.go.hɛ.do]
온다는 얘기,8,[on.ta.nɯn.jɛ.ki],[on.ta.nɯn.jɛ.gi]
Get out of the,8,,
돼버린 거야,8,[twɛ.pʌ.ɾiŋ.kʌ.ja],[dwɛ.bʌ.ɾin.gʌ.ja]
그럼 조용히 해,8,[kɯ.ɾʌn.tʃo.joŋ.hi.hɛ],[gɯ.ɾʌm.dʒo.joŋ.hi.hɛ]
좋겠다 저,8,[tʃot̚.ket̚.ta.tʃʌ],[dʒot̚.ket̚.ta.dʒʌ]
온디맨드코리아 자막 제공,8,[on.ti.mɛn.tɯ.kʰo.ɾi.a.tʃa.mak̚.tʃe.koŋ],[on.ti.mɛn.tɯ.kʰo.ɾi.a.dʒa.mak̚.dʒe.goŋ]
온디맨드코리아 자막,8,[on.ti.mɛn.tɯ.kʰo.ɾi.a.tʃa.mak̚],[on.ti.mɛn.tɯ.kʰo.ɾi.a.dʒa.mak̚]
돼서 나도,8,[twɛ.sʌ.na.to],[dwɛ.sʌ.na.do]
온수 욕조가,8,[on.su.jok̚.tʃo.ka],[on.su.jok̚.tʃo.ga]
좋겠어 너,8,[tʃot̚.ket̚.ʌ.nʌ],[dʒot̚.ket̚.ʌ.nʌ]
온종일 안,8,[on.tʃoŋ.il.an],[on.tʃoŋ.il.an]
돼서 다행입니다,8,[twɛ.sʌ.ta.hɛŋ.ip̚.ni.ta],[dwɛ.sʌ.da.hɛŋ.ip̚.ni.da]
온종일 이,8,[on.tʃoŋ.il.i],[on.tʃoŋ.il.i]
게 중요하니까요,8,[ke.tʃuŋ.jo.ha.ni.k͈a.jo],[ge.dʒuŋ.jo.ha.ni.k͈a.jo]
올 거거든요,8,[ol.kʌ.kʌ.tɯn.jo],[ol.gʌ.gʌ.dɯn.jo]
올 거냐고,8,[ol.kʌ.nja.ko],[ol.gʌ.nja.go]
풍연의 한숨,8,[pʰuŋ.jʌn.ɯi.han.sum],[pʰuŋ.jʌn.ɯi.han.sum]
올 거니까요,8,[ol.kʌ.ni.k͈a.jo],[ol.gʌ.ni.k͈a.jo]
좋겠어 사랑해,8,[tʃot̚.ket̚.ʌ.sa.ɾaŋ.hɛ],[dʒot̚.ket̚.ʌ.sa.ɾaŋ.hɛ]
돼서 여기,8,[twɛ.sʌ.jʌ.ki],[dwɛ.sʌ.jʌ.gi]
올 거라고 했잖아,8,[ol.kʌ.ɾa.ko.hɛt̚.tʃan.a],[ol.gʌ.ɾa.go.hɛt̚.tʃan.a]
그럼 주말에,8,[kɯ.ɾʌn.tʃu.mal.e],[gɯ.ɾʌm.dʒu.mal.e]
돼서 유감이지만,8,[twɛ.sʌ.ju.kam.i.tʃi.man],[dwɛ.sʌ.ju.gam.i.dʒi.man]
돼서 이렇게,8,[twɛ.sʌ.i.ɾʌt̚.ke],[dwɛ.sʌ.i.ɾʌt̚.ke]
좋겠어 응,8,[tʃot̚.ket̚.ʌ.ɯŋ],[dʒot̚.ket̚.ʌ.ɯŋ]
As it,8,,
올 거야 나,8,[ol.kʌ.ja.na],[ol.gʌ.ja.na]
돼서 정말 미안해,8,[twɛ.sʌ.tʃʌŋ.mal.mi.an.hɛ],[dwɛ.sʌ.dʒʌŋ.mal.mi.an.hɛ]
I''m in trouble,8,,
올 거야 안녕,8,[ol.kʌ.ja.an.njʌŋ],[ol.gʌ.ja.an.njʌŋ]
올 거야 왜,8,[ol.kʌ.ja.wɛ],[ol.gʌ.ja.wɛ]
돼서 집에,8,[twɛ.sʌ.tʃip̚.e],[dwɛ.sʌ.dʒip̚.e]
봅시다 감사합니다,8,[pop̚.si.ta.kam.sa.hap̚.ni.ta],[bop̚.si.da.gam.sa.hap̚.ni.da]
엉덩이를 더,8,[ʌŋ.tʌŋ.i.ɾɯl.tʌ],[ʌŋ.dʌŋ.i.ɾɯl.dʌ]
올 거예요 그래,8,[ol.kʌ.je.jo.kɯ.ɾɛ],[ol.gʌ.je.jo.gɯ.ɾɛ]
그럼 줄,8,[kɯ.ɾʌn.tʃul],[gɯ.ɾʌm.dʒul]
돼야 말이지,8,[twɛ.ja.mal.i.tʃi],[dwɛ.ja.mal.i.dʒi]
올 건,8,[ol.kʌn],[ol.gʌn]
그럼 즐겁게,8,[kɯ.ɾʌn.tʃɯl.kʌp̚.ke],[gɯ.ɾʌm.dʒɯl.kʌp̚.ke]
올 걸 그랬네요,8,[ol.kʌl.kɯ.ɾɛt̚.ne.jo],[ol.gʌl.gɯ.ɾɛt̚.ne.jo]
올 걸 그랬나,8,[ol.kʌl.kɯ.ɾɛt̚.na],[ol.gʌl.gɯ.ɾɛt̚.na]
올 걸 그랬어,8,[ol.kʌl.kɯ.ɾɛt̚.ʌ],[ol.gʌl.gɯ.ɾɛt̚.ʌ]
돼야 하니까,8,[twɛ.ja.ha.ni.k͈a],[dwɛ.ja.ha.ni.k͈a]
올 것 같습니다,8,[ol.kʌt̚.kat̚.sɯp̚.ni.ta],[ol.gʌt̚.gat̚.sɯp̚.ni.da]
좋겠어요 모든,8,[tʃot̚.ket̚.ʌ.jo.mo.tɯn],[dʒot̚.ket̚.ʌ.jo.mo.dɯn]
걱정하는 건 그게,8,[kʌk̚.tʃʌŋ.ha.nɯŋ.kʌŋ.kɯ.ke],[gʌk̚.tʃʌŋ.ha.nɯn.gʌn.gɯ.ge]
엉덩이를 찰싹,8,[ʌŋ.tʌŋ.i.ɾɯl.tʃʰal.s͈ak̚],[ʌŋ.dʌŋ.i.ɾɯl.tʃʰal.s͈ak̚]
올 것이라는,8,[ol.kʌt̚.i.ɾa.nɯn],[ol.gʌt̚.i.ɾa.nɯn]
좋겠어요 안,8,[tʃot̚.ket̚.ʌ.jo.an],[dʒot̚.ket̚.ʌ.jo.an]
데려다주기만 하면,8,[te.ɾjʌ.ta.tʃu.ki.man.ha.mjʌn],[de.ɾjʌ.da.dʒu.gi.man.ha.mjʌn]
좋겠어요 알겠습니다,8,[tʃot̚.ket̚.ʌ.jo.al.ket̚.sɯp̚.ni.ta],[dʒot̚.ket̚.ʌ.jo.al.ket̚.sɯp̚.ni.da]
올 때까지 기다릴게,8,[ol.t͈ɛ.k͈a.tʃi.ki.ta.ɾil.ke],[ol.t͈ɛ.k͈a.dʒi.gi.da.ɾil.ke]
올 때까지 말이야,8,[ol.t͈ɛ.k͈a.tʃi.mal.i.ja],[ol.t͈ɛ.k͈a.dʒi.mal.i.ja]
올 때까지만,8,[ol.t͈ɛ.k͈a.tʃi.man],[ol.t͈ɛ.k͈a.dʒi.man]
올 때를 대비해,8,[ol.t͈ɛ.ɾɯl.tɛ.pi.hɛ],[ol.t͈ɛ.ɾɯl.dɛ.bi.hɛ]
그럼 지금은요,8,[kɯ.ɾʌn.tʃi.kɯm.ɯn.jo],[gɯ.ɾʌm.dʒi.gɯm.ɯn.jo]
게 중요한 것,8,[ke.tʃuŋ.jo.haŋ.kʌt̚],[ge.dʒuŋ.jo.han.gʌt̚]
올 때쯤엔,8,[ol.t͈ɛ.tʃ͈ɯm.en],[ol.t͈ɛ.tʃ͈ɯm.en]
올 만큼,8,[ol.maŋ.kʰɯm],[ol.maŋ.kʰɯm]
걱정하는 것 같아,8,[kʌk̚.tʃʌŋ.ha.nɯŋ.kʌt̚.kat̚.a],[gʌk̚.tʃʌŋ.ha.nɯn.gʌt̚.gat̚.a]
올 방법이,8,[ol.pam.pʌp̚.i],[ol.baŋ.bʌp̚.i]
올 사람이 없는데,8,[ol.sa.ɾam.i.ʌp̚.nɯn.te],[ol.sa.ɾam.i.ʌp̚.nɯn.te]
돼요 그 사람은,8,[twɛ.jo.kɯ.sa.ɾam.ɯn],[dwɛ.jo.gɯ.sa.ɾam.ɯn]
올 수 없다,8,[ol.su.ʌp̚.ta],[ol.su.ʌp̚.ta]
좋겠죠 하지만,8,[tʃot̚.ket̚.tʃjo.ha.tʃi.man],[dʒot̚.ket̚.tʃjo.ha.dʒi.man]
좋겠지 내,8,[tʃot̚.ket̚.tʃi.nɛ],[dʒot̚.ket̚.tʃi.nɛ]
그럼 진짜 좋겠다,8,[kɯ.ɾʌn.tʃin.tʃ͈a.tʃot̚.ket̚.ta],[gɯ.ɾʌm.dʒin.tʃ͈a.dʒot̚.ket̚.ta]
올 수 있을 거야,8,[ol.su.it̚.ɯl.kʌ.ja],[ol.su.it̚.ɯl.gʌ.ja]
돼요 그러죠,8,[twɛ.jo.kɯ.ɾʌ.tʃjo],[dwɛ.jo.gɯ.ɾʌ.dʒjo]
올 수도 있었잖아,8,[ol.su.to.it̚.ʌt̚.tʃan.a],[ol.su.do.it̚.ʌt̚.tʃan.a]
좋고 나쁨은,8,[tʃot̚.ko.na.p͈ɯm.ɯn],[dʒot̚.ko.na.p͈ɯm.ɯn]
돼요 그럴 순,8,[twɛ.jo.kɯ.ɾʌl.sun],[dwɛ.jo.gɯ.ɾʌl.sun]
걱정하는 사람,8,[kʌk̚.tʃʌŋ.ha.nɯn.sa.ɾam],[gʌk̚.tʃʌŋ.ha.nɯn.sa.ɾam]
Wherever you are,8,,
몸을 봐요 내 몸을,8,[mom.ɯl.pwa.jo.nɛ.mom.ɯl],[mom.ɯl.bwa.jo.nɛ.mom.ɯl]
그럼 차는,8,[kɯ.ɾʌn.tʃʰa.nɯn],[gɯ.ɾʌn.tʃʰa.nɯn]
he''d be,8,,
올 줄은 몰랐다,8,[ol.tʃul.ɯn.mol.ɾat̚.ta],[ol.dʒul.ɯn.mol.ɾat̚.ta]
그럼 차에,8,[kɯ.ɾʌn.tʃʰa.e],[gɯ.ɾʌn.tʃʰa.e]
돼요 남편이,8,[twɛ.jo.nam.pʰjʌn.i],[dwɛ.jo.nam.pʰjʌn.i]
돼요 내 말,8,[twɛ.jo.nɛ.mal],[dwɛ.jo.nɛ.mal]
걱정하는 척하지,8,[kʌk̚.tʃʌŋ.ha.nɯn.tʃʰʌk̚.ha.tʃi],[gʌk̚.tʃʌŋ.ha.nɯn.tʃʰʌk̚.ha.dʒi]
올거야 그,8,[ol.kʌ.ja.kɯ],[ol.kʌ.ja.gɯ]
몸을 숨겨야,8,[mom.ɯl.sum.kjʌ.ja],[mom.ɯl.sum.kjʌ.ja]
Get over here,8,,
올게 아냐,8,[ol.ke.a.nja],[ol.ke.a.nja]
올게 어서,8,[ol.ke.ʌ.sʌ],[ol.ke.ʌ.sʌ]
올게 이게,8,[ol.ke.i.ke],[ol.ke.i.ge]
돼요 당신한테,8,[twɛ.jo.taŋ.sin.han.tʰe],[dwɛ.jo.daŋ.sin.han.tʰe]
그럼 최대한 빨리,8,[kɯ.ɾʌn.tʃʰwe.tɛ.ham.p͈al.ɾi],[gɯ.ɾʌn.tʃʰwe.dɛ.ham.p͈al.ɾi]
올게 제가,8,[ol.ke.tʃe.ka],[ol.ke.dʒe.ga]
걱정하실 거 없습니다,8,[kʌk̚.tʃʌŋ.ha.sil.kʌ.ʌp̚.sɯp̚.ni.ta],[gʌk̚.tʃʌŋ.ha.sil.gʌ.ʌp̚.sɯp̚.ni.da]
올게요 그,8,[ol.ke.jo.kɯ],[ol.ke.jo.gɯ]
올게요 난,8,[ol.ke.jo.nan],[ol.ke.jo.nan]
돼요 둘이,8,[twɛ.jo.tul.i],[dwɛ.jo.dul.i]
올게요 아,8,[ol.ke.jo.a],[ol.ke.jo.a]
그럼 출발,8,[kɯ.ɾʌn.tʃʰul.pal],[gɯ.ɾʌn.tʃʰul.pal]
걱정하실 것 없어요,8,[kʌk̚.tʃʌŋ.ha.sil.kʌt̚.ʌp̚.ʌ.jo],[gʌk̚.tʃʌŋ.ha.sil.gʌt̚.ʌp̚.ʌ.jo]
돼요 말,8,[twɛ.jo.mal],[dwɛ.jo.mal]
올게요 지금,8,[ol.ke.jo.tʃi.kɯm],[ol.ke.jo.dʒi.gɯm]
좋나 보네,8,[tʃot̚.na.po.ne],[dʒot̚.na.bo.ne]
그럼 칼은,8,[kɯ.ɾʌm.kʰal.ɯn],[gɯ.ɾʌm.kʰal.ɯn]
올라 가,8,[ol.ɾa.ka],[ol.ɾa.ga]
방해하기 위해,8,[paŋ.hɛ.ha.ki.wi.hɛ],[baŋ.hɛ.ha.gi.wi.hɛ]
방해하는 걸,8,[paŋ.hɛ.ha.nɯŋ.kʌl],[baŋ.hɛ.ha.nɯn.gʌl]
올라가 계속,8,[ol.ɾa.ka.kje.sok̚],[ol.ɾa.ga.gje.sok̚]
돼요 문,8,[twɛ.jo.mun],[dwɛ.jo.mun]
그럼 택시,8,[kɯ.ɾʌn.tʰɛk̚.si],[gɯ.ɾʌn.tʰɛk̚.si]
걱정하지 마 괜찮아,8,[kʌk̚.tʃʌŋ.ha.tʃi.ma.kwɛn.tʃʰan.a],[gʌk̚.tʃʌŋ.ha.dʒi.ma.gwɛn.tʃʰan.a]
올라가서 옷,8,[ol.ɾa.ka.sʌ.ot̚],[ol.ɾa.ga.sʌ.ot̚]
좋네 안녕,8,[tʃot̚.ne.an.njʌŋ],[dʒot̚.ne.an.njʌŋ]
몸을 웅크리고,8,[mom.ɯl.uŋ.kʰɯ.ɾi.ko],[mom.ɯl.uŋ.kʰɯ.ɾi.go]
좋네 안녕하세요,8,[tʃot̚.ne.an.njʌŋ.ha.se.jo],[dʒot̚.ne.an.njʌŋ.ha.se.jo]
돼요 분명히,8,[twɛ.jo.pun.mjʌŋ.hi],[dwɛ.jo.bun.mjʌŋ.hi]
올라갈 것이다,8,[ol.ɾa.kal.kʌt̚.i.ta],[ol.ɾa.gal.gʌt̚.i.da]
방해하려던 건 아니었어,8,[paŋ.hɛ.ha.ɾjʌ.tʌŋ.kʌn.a.ni.ʌt̚.ʌ],[baŋ.hɛ.ha.ɾjʌ.dʌn.gʌn.a.ni.ʌt̚.ʌ]
올라갈 수 있어요,8,[ol.ɾa.kal.su.it̚.ʌ.jo],[ol.ɾa.gal.su.it̚.ʌ.jo]
돼요 실은,8,[twɛ.jo.sil.ɯn],[dwɛ.jo.sil.ɯn]
올라온 거,8,[ol.ɾa.oŋ.kʌ],[ol.ɾa.on.gʌ]
올라온 건,8,[ol.ɾa.oŋ.kʌn],[ol.ɾa.on.gʌn]
올라온 지,8,[ol.ɾa.on.tʃi],[ol.ɾa.on.dʒi]
걱정하지 마 나는,8,[kʌk̚.tʃʌŋ.ha.tʃi.ma.na.nɯn],[gʌk̚.tʃʌŋ.ha.dʒi.ma.na.nɯn]
올랜도 갤러리아,8,[ol.ɾɛn.to.kɛl.ɾʌ.ɾi.a],[ol.ɾɛn.to.gɛl.ɾʌ.ɾi.a]
올랜도에 오신 것을 환영합니다,8,[ol.ɾɛn.to.e.o.siŋ.kʌt̚.ɯl.hwan.jʌŋ.hap̚.ni.ta],[ol.ɾɛn.to.e.o.sin.gʌt̚.ɯl.hwan.jʌŋ.hap̚.ni.da]
올랜도에 오신 것을,8,[ol.ɾɛn.to.e.o.siŋ.kʌt̚.ɯl],[ol.ɾɛn.to.e.o.sin.gʌt̚.ɯl]
올려 난,8,[ol.ɾjʌ.nan],[ol.ɾjʌ.nan]
올려 네,8,[ol.ɾjʌ.ne],[ol.ɾjʌ.ne]
돼요 아이,8,[twɛ.jo.a.i],[dwɛ.jo.a.i]
올려 놓으십시오,8,[ol.ɾjʌ.not̚.ɯ.sip̚.si.o],[ol.ɾjʌ.not̚.ɯ.sip̚.si.o]
올려 더,8,[ol.ɾjʌ.tʌ],[ol.ɾjʌ.dʌ]
올려 보내요,8,[ol.ɾjʌ.po.nɛ.jo],[ol.ɾjʌ.bo.nɛ.jo]
올려 봐요,8,[ol.ɾjʌ.pwa.jo],[ol.ɾjʌ.bwa.jo]
돼요 안돼,8,[twɛ.jo.an.twɛ],[dwɛ.jo.an.twɛ]
올려다 보면서,8,[ol.ɾjʌ.ta.po.mjʌn.sʌ],[ol.ɾjʌ.da.bo.mjʌn.sʌ]
그럼 학교에,8,[kɯ.ɾʌm.hak̚.kjo.e],[gɯ.ɾʌm.hak̚.kjo.e]
올려도 되겠습니까,8,[ol.ɾjʌ.to.twe.ket̚.sɯp̚.ni.k͈a],[ol.ɾjʌ.do.dwe.get̚.sɯp̚.ni.k͈a]
올려봤어 未来を今に感じた,8,[ol.ɾjʌ.pwat̚.ʌ],[ol.ɾjʌ.bwat̚.ʌ]
올려봤어 未来を今に感じた 미래가 지금처럼,8,[ol.ɾjʌ.pwat̚.ʌ.mi.ɾɛ.ka.tʃi.kɯn.tʃʰʌ.ɾʌm],[ol.ɾjʌ.bwat̚.ʌ.mi.ɾɛ.ga.dʒi.gɯn.tʃʰʌ.ɾʌm]
올려봤어 未来を今に感じた 미래가,8,[ol.ɾjʌ.pwat̚.ʌ.mi.ɾɛ.ka],[ol.ɾjʌ.bwat̚.ʌ.mi.ɾɛ.ga]
엎어지면 코,8,[ʌp̚.ʌ.tʃi.mjʌŋ.kʰo],[ʌp̚.ʌ.dʒi.mjʌŋ.kʰo]
돼요 어,8,[twɛ.jo.ʌ],[dwɛ.jo.ʌ]
올리고 싶은,8,[ol.ɾi.ko.sip̚.ɯn],[ol.ɾi.go.sip̚.ɯn]
게 아니에요 정말,8,[ke.a.ni.e.jo.tʃʌŋ.mal],[ge.a.ni.e.jo.dʒʌŋ.mal]
그럼 한 시간,8,[kɯ.ɾʌm.han.si.kan],[gɯ.ɾʌm.han.si.gan]
돼요 어제,8,[twɛ.jo.ʌ.tʃe],[dwɛ.jo.ʌ.dʒe]
올리는 것도,8,[ol.ɾi.nɯŋ.kʌt̚.to],[ol.ɾi.nɯn.gʌt̚.to]
돼요 언제,8,[twɛ.jo.ʌn.tʃe],[dwɛ.jo.ʌn.tʃe]
좋네요 한,8,[tʃot̚.ne.jo.han],[dʒot̚.ne.jo.han]
돼요 여기 있는,8,[twɛ.jo.jʌ.ki.it̚.nɯn],[dwɛ.jo.jʌ.gi.it̚.nɯn]
돼요 여러분,8,[twɛ.jo.jʌ.ɾʌ.pun],[dwɛ.jo.jʌ.ɾʌ.bun]
그럼 해봐요,8,[kɯ.ɾʌm.hɛ.pwa.jo],[gɯ.ɾʌm.hɛ.bwa.jo]
돼요 왜냐하면,8,[twɛ.jo.wɛ.nja.ha.mjʌn],[dwɛ.jo.wɛ.nja.ha.mjʌn]
돼요 우리를,8,[twɛ.jo.u.ɾi.ɾɯl],[dwɛ.jo.u.ɾi.ɾɯl]
돼요 이것도,8,[twɛ.jo.i.kʌt̚.to],[dwɛ.jo.i.gʌt̚.to]
올릴 수 없어,8,[ol.ɾil.su.ʌp̚.ʌ],[ol.ɾil.su.ʌp̚.ʌ]
나왔습니다 그럼,8,[na.wat̚.sɯp̚.ni.ta.kɯ.ɾʌm],[na.wat̚.sɯp̚.ni.da.gɯ.ɾʌm]
올바른 선택을 할,8,[ol.pa.ɾɯn.sʌn.tʰɛk̚.ɯl.hal],[ol.pa.ɾɯn.sʌn.tʰɛk̚.ɯl.hal]
돼요 자네가,8,[twɛ.jo.tʃa.ne.ka],[dwɛ.jo.dʒa.ne.ga]
올지 안,8,[ol.tʃi.an],[ol.tʃi.an]
올지도 모르고,8,[ol.tʃi.to.mo.ɾɯ.ko],[ol.tʃi.do.mo.ɾɯ.go]
그럼 훨씬 더,8,[kɯ.ɾʌm.hwʌl.s͈in.tʌ],[gɯ.ɾʌm.hwʌl.s͈in.dʌ]
에 대해 알 수,8,[e.tɛ.hɛ.al.su],[e.dɛ.hɛ.al.su]
좋다고 했는데,8,[tʃot̚.ta.ko.hɛt̚.nɯn.te],[dʒot̚.ta.go.hɛt̚.nɯn.te]
그럼 희생자는,8,[kɯ.ɾʌm.hɯi.sɛŋ.tʃa.nɯn],[gɯ.ɾʌm.hɯi.sɛŋ.dʒa.nɯn]
올해 내가,8,[ol.hɛ.nɛ.ka],[ol.hɛ.nɛ.ga]
올해 내,8,[ol.hɛ.nɛ],[ol.hɛ.nɛ]
그럼 힘이,8,[kɯ.ɾʌm.him.i],[gɯ.ɾʌm.him.i]
돼요 절대 안 돼요,8,[twɛ.jo.tʃʌl.tɛ.an.twɛ.jo],[dwɛ.jo.dʒʌl.tɛ.an.dwɛ.jo]
그럼에도 불구하고 그는,8,[kɯ.ɾʌm.e.to.pul.ku.ha.ko.kɯ.nɯn],[gɯ.ɾʌm.e.do.bul.ku.ha.go.gɯ.nɯn]
올해는 우리의,8,[ol.hɛ.nɯn.u.ɾi.ɯi],[ol.hɛ.nɯn.u.ɾi.ɯi]
좋다니 나도,8,[tʃot̚.ta.ni.na.to],[dʒot̚.ta.ni.na.do]
에 들어가는,8,[e.tɯl.ʌ.ka.nɯn],[e.dɯl.ʌ.ga.nɯn]
좋다면 말이야,8,[tʃot̚.ta.mjʌn.mal.i.ja],[dʒot̚.ta.mjʌn.mal.i.ja]
제도에 대한,8,[tʃe.to.e.tɛ.han],[dʒe.do.e.dɛ.han]
돼요 조금만,8,[twɛ.jo.tʃo.kɯm.man],[dwɛ.jo.dʒo.gɯm.man]
몸조리 잘해,8,[mon.tʃo.ɾi.tʃal.hɛ],[mon.tʃo.ɾi.dʒal.hɛ]
내 덕분이야,8,[nɛ.tʌk̚.pun.i.ja],[nɛ.dʌk̚.pun.i.ja]
그럼요 그건,8,[kɯ.ɾʌm.jo.kɯ.kʌn],[gɯ.ɾʌm.jo.gɯ.gʌn]
옮겨요 하나,8,[om.kjʌ.jo.ha.na],[om.kjʌ.jo.ha.na]
옮겼을 거예요,8,[om.kjʌt̚.ɯl.kʌ.je.jo],[om.kjʌt̚.ɯl.gʌ.je.jo]
방해할 수 있는 건,8,[paŋ.hɛ.hal.su.it̚.nɯŋ.kʌn],[baŋ.hɛ.hal.su.it̚.nɯn.gʌn]
옮기고 싶어요,8,[om.ki.ko.sip̚.ʌ.jo],[om.ki.go.sip̚.ʌ.jo]
돼요 지난,8,[twɛ.jo.tʃi.nan],[dwɛ.jo.dʒi.nan]
옮기기 위해,8,[om.ki.ki.wi.hɛ],[om.ki.gi.wi.hɛ]
좋든 싫든 넌,8,[tʃot̚.tɯn.sil.tɯn.nʌn],[dʒot̚.tɯn.sil.tɯn.nʌn]
좋소 그럼,8,[tʃot̚.so.kɯ.ɾʌm],[dʒot̚.so.gɯ.ɾʌm]
옮기지 마,8,[om.ki.tʃi.ma],[om.ki.dʒi.ma]
옮긴 게,8,[om.kiŋ.ke],[om.kin.ge]
그럼요 금방,8,[kɯ.ɾʌm.jo.kɯm.paŋ],[gɯ.ɾʌm.jo.gɯm.paŋ]
그럼요 나,8,[kɯ.ɾʌm.jo.na],[gɯ.ɾʌm.jo.na]
걱정하지 마요 내가,8,[kʌk̚.tʃʌŋ.ha.tʃi.ma.jo.nɛ.ka],[gʌk̚.tʃʌŋ.ha.dʒi.ma.jo.nɛ.ga]
거예요 충분히,8,[kʌ.je.jo.tʃʰum.pun.hi],[gʌ.je.jo.tʃʰuŋ.bun.hi]
옮으면 안,8,[om.ɯ.mjʌn.an],[om.ɯ.mjʌn.an]
옮은 것,8,[om.ɯŋ.kʌt̚],[om.ɯn.gʌt̚]
옮은 거야,8,[om.ɯŋ.kʌ.ja],[om.ɯn.gʌ.ja]
모르겠어 빨리,8,[mo.ɾɯ.ket̚.ʌ.p͈al.ɾi],[mo.ɾɯ.get̚.ʌ.p͈al.ɾi]
옳고 그른 건,8,[ol.ko.kɯ.ɾɯŋ.kʌn],[ol.ko.gɯ.ɾɯn.gʌn]
그럼요 내일,8,[kɯ.ɾʌm.jo.nɛ.il],[gɯ.ɾʌm.jo.nɛ.il]
돼줄 수,8,[twɛ.tʃul.su],[dwɛ.dʒul.su]
그럼요 넌,8,[kɯ.ɾʌm.jo.nʌn],[gɯ.ɾʌm.jo.nʌn]
그럼요 다,8,[kɯ.ɾʌm.jo.ta],[gɯ.ɾʌm.jo.da]
옳다고 생각합니다,8,[ol.ta.ko.sɛŋ.kak̚.hap̚.ni.ta],[ol.ta.go.sɛŋ.gak̚.hap̚.ni.da]
그럼요 다들,8,[kɯ.ɾʌm.jo.ta.tɯl],[gɯ.ɾʌm.jo.da.dɯl]
돼지 달,8,[twɛ.tʃi.tal],[dwɛ.dʒi.dal]
옳다는 건 아니지만,8,[ol.ta.nɯŋ.kʌn.a.ni.tʃi.man],[ol.ta.nɯn.gʌn.a.ni.dʒi.man]
돼지 똥,8,[twɛ.tʃi.t͈oŋ],[dwɛ.dʒi.t͈oŋ]
돼지 두,8,[twɛ.tʃi.tu],[dwɛ.dʒi.du]
옳다는 게,8,[ol.ta.nɯŋ.ke],[ol.ta.nɯn.ge]
그럼요 당신이,8,[kɯ.ɾʌm.jo.taŋ.sin.i],[gɯ.ɾʌm.jo.daŋ.sin.i]
옳아요 난,8,[ol.a.jo.nan],[ol.a.jo.nan]
옳았 어,8,[ol.at̚.ʌ],[ol.at̚.ʌ]
옳았다는 거야,8,[ol.at̚.ta.nɯŋ.kʌ.ja],[ol.at̚.ta.nɯn.gʌ.ja]
옳았단 걸,8,[ol.at̚.taŋ.kʌl],[ol.at̚.tan.gʌl]
옳았던 것 같다,8,[ol.at̚.tʌŋ.kʌt̚.kat̚.ta],[ol.at̚.tʌn.gʌt̚.gat̚.ta]
돼지 세,8,[twɛ.tʃi.se],[dwɛ.dʒi.se]
옳았던 것 같아,8,[ol.at̚.tʌŋ.kʌt̚.kat̚.a],[ol.at̚.tʌn.gʌt̚.gat̚.a]
그럼요 더,8,[kɯ.ɾʌm.jo.tʌ],[gɯ.ɾʌm.jo.dʌ]
제로 물질,8,[tʃe.ɾo.mul.tʃil],[dʒe.ɾo.mul.tʃil]
옳으신 말씀입니다,8,[ol.ɯ.sin.mal.s͈ɯm.ip̚.ni.ta],[ol.ɯ.sin.mal.s͈ɯm.ip̚.ni.da]
Which side,8,,
돼지도 아니고,8,[twɛ.tʃi.to.a.ni.ko],[dwɛ.dʒi.do.a.ni.go]
옳은 것 같아,8,[ol.ɯŋ.kʌt̚.kat̚.a],[ol.ɯn.gʌt̚.gat̚.a]
거예요 카메라,8,[kʌ.je.jo.kʰa.me.ɾa],[gʌ.je.jo.kʰa.me.ɾa]
그럼요 뭐,8,[kɯ.ɾʌm.jo.mwʌ],[gɯ.ɾʌm.jo.mwʌ]
됐고 그게,8,[twɛt̚.ko.kɯ.ke],[dwɛt̚.ko.gɯ.ge]
옳은 결정을 한,8,[ol.ɯŋ.kjʌl.tʃʌŋ.ɯl.han],[ol.ɯn.gjʌl.tʃʌŋ.ɯl.han]
옳은 결정이라고,8,[ol.ɯŋ.kjʌl.tʃʌŋ.i.ɾa.ko],[ol.ɯn.gjʌl.tʃʌŋ.i.ɾa.go]
됐고 나도,8,[twɛt̚.ko.na.to],[dwɛt̚.ko.na.do]
옳은 말만,8,[ol.ɯn.mal.man],[ol.ɯn.mal.man]
그럼요 사실,8,[kɯ.ɾʌm.jo.sa.sil],[gɯ.ɾʌm.jo.sa.sil]
그럼요 아빠,8,[kɯ.ɾʌm.jo.a.p͈a],[gɯ.ɾʌm.jo.a.p͈a]
옳은 일을 위해 죽는,8,[ol.ɯn.il.ɯl.wi.hɛ.tʃuk̚.nɯn],[ol.ɯn.il.ɯl.wi.hɛ.dʒuk̚.nɯn]
됐고 사랑하는 여자가,8,[twɛt̚.ko.sa.ɾaŋ.ha.nɯn.jʌ.tʃa.ka],[dwɛt̚.ko.sa.ɾaŋ.ha.nɯn.jʌ.dʒa.ga]
됐고 사랑하는,8,[twɛt̚.ko.sa.ɾaŋ.ha.nɯn],[dwɛt̚.ko.sa.ɾaŋ.ha.nɯn]
그럼요 안녕,8,[kɯ.ɾʌm.jo.an.njʌŋ],[gɯ.ɾʌm.jo.an.njʌŋ]
됐고 사랑하는 여자가 죽는,8,[twɛt̚.ko.sa.ɾaŋ.ha.nɯn.jʌ.tʃa.ka.tʃuk̚.nɯn],[dwɛt̚.ko.sa.ɾaŋ.ha.nɯn.jʌ.dʒa.ga.dʒuk̚.nɯn]
옳은 일을 하다,8,[ol.ɯn.il.ɯl.ha.ta],[ol.ɯn.il.ɯl.ha.da]
옳은 일을 하라,8,[ol.ɯn.il.ɯl.ha.ɾa],[ol.ɯn.il.ɯl.ha.ɾa]
걱정하지 않도록,8,[kʌk̚.tʃʌŋ.ha.tʃi.an.to.ɾok̚],[gʌk̚.tʃʌŋ.ha.dʒi.an.to.ɾok̚]
그럼요 어서,8,[kɯ.ɾʌm.jo.ʌ.sʌ],[gɯ.ɾʌm.jo.ʌ.sʌ]
옳은 일을 할 거야,8,[ol.ɯn.il.ɯl.hal.kʌ.ja],[ol.ɯn.il.ɯl.hal.gʌ.ja]
에 전화한,8,[e.tʃʌn.hwa.han],[e.dʒʌn.hwa.han]
좋아 괜찮을,8,[tʃot̚.a.kwɛn.tʃʰan.ɯl],[dʒot̚.a.gwɛn.tʃʰan.ɯl]
옳은 일을 했을,8,[ol.ɯn.il.ɯl.hɛt̚.ɯl],[ol.ɯn.il.ɯl.hɛt̚.ɯl]
옳은 일이란,8,[ol.ɯn.il.i.ɾan],[ol.ɯn.il.i.ɾan]
걱정하지 않아요,8,[kʌk̚.tʃʌŋ.ha.tʃi.an.a.jo],[gʌk̚.tʃʌŋ.ha.dʒi.an.a.jo]
됐나 보죠,8,[twɛt̚.na.po.tʃjo],[dwɛt̚.na.bo.dʒjo]
됐나 본데,8,[twɛt̚.na.pon.te],[dwɛt̚.na.bon.te]
옳지 않다는 건,8,[ol.tʃi.an.ta.nɯŋ.kʌn],[ol.tʃi.an.ta.nɯn.gʌn]
됐네 나도,8,[twɛt̚.ne.na.to],[dwɛt̚.ne.na.do]
됐네 내,8,[twɛt̚.ne.nɛ],[dwɛt̚.ne.nɛ]
옳진 않지만,8,[ol.tʃin.an.tʃi.man],[ol.tʃin.an.tʃi.man]
옴짝달싹 못,8,[on.tʃ͈ak̚.tal.s͈ak̚.mot̚],[on.tʃ͈ak̚.tal.s͈ak̚.mot̚]
에 초점을,8,[e.tʃʰo.tʃʌm.ɯl],[e.tʃʰo.dʒʌm.ɯl]
됐네 왜,8,[twɛt̚.ne.wɛ],[dwɛt̚.ne.wɛ]
I''m just like my,8,,
옷 갈아입고 올게요,8,[ot̚.kal.a.ip̚.ko.ol.ke.jo],[ot̚.gal.a.ip̚.ko.ol.ke.jo]
그럼요 진짜,8,[kɯ.ɾʌm.jo.tʃin.tʃ͈a],[gɯ.ɾʌm.jo.dʒin.tʃ͈a]
옷 버린 거 다시,8,[ot̚.pʌ.ɾiŋ.kʌ.ta.si],[ot̚.bʌ.ɾin.gʌ.da.si]
옷 벗겨,8,[ot̚.pʌt̚.kjʌ],[ot̚.bʌt̚.kjʌ]
에너지를 다,8,[e.nʌ.tʃi.ɾɯl.ta],[e.nʌ.dʒi.ɾɯl.da]
옷 벗을까요,8,[ot̚.pʌt̚.ɯl.k͈a.jo],[ot̚.bʌt̚.ɯl.k͈a.jo]
그런 기술은,8,[kɯ.ɾʌŋ.ki.sul.ɯn],[gɯ.ɾʌn.gi.sul.ɯn]
옷 안 입어,8,[ot̚.an.ip̚.ʌ],[ot̚.an.ip̚.ʌ]
옷 어때요,8,[ot̚.ʌ.t͈ɛ.jo],[ot̚.ʌ.t͈ɛ.jo]
됐는데 네가,8,[twɛt̚.nɯn.te.ne.ka],[dwɛt̚.nɯn.te.ne.ga]
됐는데 당신이,8,[twɛt̚.nɯn.te.taŋ.sin.i],[dwɛt̚.nɯn.te.daŋ.sin.i]
됐는데 말이야,8,[twɛt̚.nɯn.te.mal.i.ja],[dwɛt̚.nɯn.te.mal.i.ja]
옷 입는 것도,8,[ot̚.ip̚.nɯŋ.kʌt̚.to],[ot̚.ip̚.nɯn.gʌt̚.to]
옷 입는 게,8,[ot̚.ip̚.nɯŋ.ke],[ot̚.ip̚.nɯn.ge]
옷 입으니까,8,[ot̚.ip̚.ɯ.ni.k͈a],[ot̚.ip̚.ɯ.ni.k͈a]
옷 입으신,8,[ot̚.ip̚.ɯ.sin],[ot̚.ip̚.ɯ.sin]
그렇게 간단하면,8,[kɯ.ɾʌt̚.ke.kan.tan.ha.mjʌn],[gɯ.ɾʌt̚.ke.gan.tan.ha.mjʌn]
에덴 프레리,8,[e.tem.pʰɯ.ɾe.ɾi],[e.dem.pʰɯ.ɾe.ɾi]
옷 줘,8,[ot̚.tʃwʌ],[ot̚.dʒwʌ]
못 가져가요,8,[mot̚.ka.tʃjʌ.ka.jo],[mot̚.ga.dʒjʌ.ga.jo]
그렇게 간단한 게 아니에요,8,[kɯ.ɾʌt̚.ke.kan.tan.haŋ.ke.a.ni.e.jo],[gɯ.ɾʌt̚.ke.gan.tan.han.ge.a.ni.e.jo]
가죽 바지를,8,[ka.tʃuk̚.pa.tʃi.ɾɯl],[ga.dʒuk̚.ba.dʒi.ɾɯl]
됐는지 알려줘,8,[twɛt̚.nɯn.tʃi.al.ɾjʌ.tʃwʌ],[dwɛt̚.nɯn.tʃi.al.ɾjʌ.dʒwʌ]
옷도 안 입고,8,[ot̚.to.an.ip̚.ko],[ot̚.to.an.ip̚.ko]
옷도 입고,8,[ot̚.to.ip̚.ko],[ot̚.to.ip̚.ko]
됐는지 알잖아,8,[twɛt̚.nɯn.tʃi.al.tʃan.a],[dwɛt̚.nɯn.tʃi.al.tʃan.a]
그렇게 간단한 일이 아니야,8,[kɯ.ɾʌt̚.ke.kan.tan.han.il.i.a.ni.ja],[gɯ.ɾʌt̚.ke.gan.tan.han.il.i.a.ni.ja]
he''s out,8,,
됐는지 잘,8,[twɛt̚.nɯn.tʃi.tʃal],[dwɛt̚.nɯn.tʃi.dʒal]
됐는지도 몰라,8,[twɛt̚.nɯn.tʃi.to.mol.ɾa],[dwɛt̚.nɯn.tʃi.do.mol.ɾa]
I''m just not,8,,
게 최악의,8,[ke.tʃʰwe.ak̚.ɯi],[ge.tʃʰwe.ak̚.ɯi]
옷은 필요,8,[ot̚.ɯm.pʰil.jo],[ot̚.ɯm.pʰil.jo]
그렇게 강하게,8,[kɯ.ɾʌt̚.ke.kaŋ.ha.ke],[gɯ.ɾʌt̚.ke.gaŋ.ha.ge]
옷을 너무,8,[ot̚.ɯl.lʌ.mu],[ot̚.ɯl.lʌ.mu]
옷을 두고,8,[ot̚.ɯl.tu.ko],[ot̚.ɯl.du.go]
옷을 몇,8,[ot̚.ɯl.mjʌt̚],[ot̚.ɯl.mjʌt̚]
옷을 벗게,8,[ot̚.ɯl.pʌt̚.ke],[ot̚.ɯl.bʌt̚.ke]
옷을 벗기,8,[ot̚.ɯl.pʌt̚.ki],[ot̚.ɯl.bʌt̚.ki]
됐다 아,8,[twɛt̚.ta.a],[dwɛt̚.ta.a]
옷을 벗는다,8,[ot̚.ɯl.pʌt̚.nɯn.ta],[ot̚.ɯl.bʌt̚.nɯn.ta]
좋아 다른 걸,8,[tʃot̚.a.ta.ɾɯŋ.kʌl],[dʒot̚.a.da.ɾɯn.gʌl]
옷을 사고,8,[ot̚.ɯl.sa.ko],[ot̚.ɯl.sa.go]
옷을 사러,8,[ot̚.ɯl.sa.ɾʌ],[ot̚.ɯl.sa.ɾʌ]
옷을 입기,8,[ot̚.ɯl.ip̚.ki],[ot̚.ɯl.ip̚.ki]
옷을 입고요,8,[ot̚.ɯl.ip̚.ko.jo],[ot̚.ɯl.ip̚.ko.jo]
옷을 입는다고,8,[ot̚.ɯl.ip̚.nɯn.ta.ko],[ot̚.ɯl.ip̚.nɯn.ta.go]
옷을 입다,8,[ot̚.ɯl.ip̚.ta],[ot̚.ɯl.ip̚.ta]
옷을 입어라,8,[ot̚.ɯl.ip̚.ʌ.ɾa],[ot̚.ɯl.ip̚.ʌ.ɾa]
옷을 입었고,8,[ot̚.ɯl.ip̚.ʌt̚.ko],[ot̚.ɯl.ip̚.ʌt̚.ko]
됐다고 그래,8,[twɛt̚.ta.ko.kɯ.ɾɛ],[dwɛt̚.ta.go.gɯ.ɾɛ]
옷을 입었죠,8,[ot̚.ɯl.ip̚.ʌt̚.tʃjo],[ot̚.ɯl.ip̚.ʌt̚.tʃjo]
옷을 입었을,8,[ot̚.ɯl.ip̚.ʌt̚.ɯl],[ot̚.ɯl.ip̚.ʌt̚.ɯl]
옷을 입으려고,8,[ot̚.ɯl.ip̚.ɯ.ɾjʌ.ko],[ot̚.ɯl.ip̚.ɯ.ɾjʌ.go]
됐다고 생각합니다,8,[twɛt̚.ta.ko.sɛŋ.kak̚.hap̚.ni.ta],[dwɛt̚.ta.go.sɛŋ.gak̚.hap̚.ni.da]
옷을 잘못,8,[ot̚.ɯl.tʃal.mot̚],[ot̚.ɯl.dʒal.mot̚]
he''s right,8,,
옷을 제대로,8,[ot̚.ɯl.tʃe.tɛ.ɾo],[ot̚.ɯl.dʒe.dɛ.ɾo]
됐다고 전해,8,[twɛt̚.ta.ko.tʃʌn.hɛ],[dwɛt̚.ta.go.dʒʌn.hɛ]
그렇게 굴지,8,[kɯ.ɾʌt̚.ke.kul.tʃi],[gɯ.ɾʌt̚.ke.gul.tʃi]
됐다고 해요,8,[twɛt̚.ta.ko.hɛ.jo],[dwɛt̚.ta.go.hɛ.jo]
그렇게 궁금한,8,[kɯ.ɾʌt̚.ke.kuŋ.kɯm.han],[gɯ.ɾʌt̚.ke.guŋ.gɯm.han]
됐다고 했잖아요,8,[twɛt̚.ta.ko.hɛt̚.tʃan.a.jo],[dwɛt̚.ta.go.hɛt̚.tʃan.a.jo]
됐다고 했지,8,[twɛt̚.ta.ko.hɛt̚.tʃi],[dwɛt̚.ta.go.hɛt̚.tʃi]
에드워드 왕자를,8,[e.tɯ.wʌ.tɯ.waŋ.tʃa.ɾɯl],[e.dɯ.wʌ.dɯ.waŋ.dʒa.ɾɯl]
옷장 뒤에,8,[ot̚.tʃaŋ.twi.e],[ot̚.tʃaŋ.dwi.e]
옷장 뒤에서,8,[ot̚.tʃaŋ.twi.e.sʌ],[ot̚.tʃaŋ.dwi.e.sʌ]
옷장 속,8,[ot̚.tʃaŋ.sok̚],[ot̚.tʃaŋ.sok̚]
옷장 속에서,8,[ot̚.tʃaŋ.sok̚.e.sʌ],[ot̚.tʃaŋ.sok̚.e.sʌ]
그렇게 그들은,8,[kɯ.ɾʌt̚.ke.kɯ.tɯl.ɯn],[gɯ.ɾʌt̚.ke.gɯ.dɯl.ɯn]
와 c,8,[wa],[wa]
됐든 내가,8,[twɛt̚.tɯn.nɛ.ka],[dwɛt̚.tɯn.nɛ.ga]
걱정할 일은 아니야,8,[kʌk̚.tʃʌŋ.hal.il.ɯn.a.ni.ja],[gʌk̚.tʃʌŋ.hal.il.ɯn.a.ni.ja]
됐든 안 됐든,8,[twɛt̚.tɯn.an.twɛt̚.tɯn],[dwɛt̚.tɯn.an.dwɛt̚.tɯn]
그렇게 급히,8,[kɯ.ɾʌt̚.ke.kɯp̚.hi],[gɯ.ɾʌt̚.ke.gɯp̚.hi]
와 고마워요,8,[wa.ko.ma.wʌ.jo],[wa.go.ma.wʌ.jo]
에디 네,8,[e.ti.ne],[e.di.ne]
와 괜찮아요,8,[wa.kwɛn.tʃʰan.a.jo],[wa.gwɛn.tʃʰan.a.jo]
와 괜찮을,8,[wa.kwɛn.tʃʰan.ɯl],[wa.gwɛn.tʃʰan.ɯl]
됐습니다 그럼,8,[twɛt̚.sɯp̚.ni.ta.kɯ.ɾʌm],[dwɛt̚.sɯp̚.ni.da.gɯ.ɾʌm]
와 그럴,8,[wa.kɯ.ɾʌl],[wa.gɯ.ɾʌl]
I''m just so,8,,
됐습니다 아니,8,[twɛt̚.sɯp̚.ni.ta.a.ni],[dwɛt̚.sɯp̚.ni.da.a.ni]
됐습니다 오늘,8,[twɛt̚.sɯp̚.ni.ta.o.nɯl],[dwɛt̚.sɯp̚.ni.da.o.nɯl]
됐습니다 이게,8,[twɛt̚.sɯp̚.ni.ta.i.ke],[dwɛt̚.sɯp̚.ni.da.i.ge]
됐습니다 이건,8,[twɛt̚.sɯp̚.ni.ta.i.kʌn],[dwɛt̚.sɯp̚.ni.da.i.gʌn]
와 놓고,8,[wa.not̚.ko],[wa.not̚.ko]
와 달라고 했어,8,[wa.tal.ɾa.ko.hɛt̚.ʌ],[wa.dal.ɾa.go.hɛt̚.ʌ]
와 닿는,8,[wa.tat̚.nɯn],[wa.dat̚.nɯn]
됐습니다 지금,8,[twɛt̚.sɯp̚.ni.ta.tʃi.kɯm],[dwɛt̚.sɯp̚.ni.da.dʒi.gɯm]
와 들어와,8,[wa.tɯl.ʌ.wa],[wa.dɯl.ʌ.wa]
데로 가는,8,[te.ɾo.ka.nɯn],[de.ɾo.ga.nɯn]
됐어 가서,8,[twɛt̚.ʌ.ka.sʌ],[dwɛt̚.ʌ.ga.sʌ]
와 뭐라고,8,[wa.mwʌ.ɾa.ko],[wa.mwʌ.ɾa.go]
와 바로,8,[wa.pa.ɾo],[wa.ba.ɾo]
됐어 곧,8,[twɛt̚.ʌ.kot̚],[dwɛt̚.ʌ.got̚]
와 보면,8,[wa.po.mjʌn],[wa.bo.mjʌn]
와 보지,8,[wa.po.tʃi],[wa.bo.dʒi]
와 본 적 있어요,8,[wa.pon.tʃʌk̚.it̚.ʌ.jo],[wa.bon.dʒʌk̚.it̚.ʌ.jo]
됐어 그걸,8,[twɛt̚.ʌ.kɯ.kʌl],[dwɛt̚.ʌ.gɯ.gʌl]
데로 갈게,8,[te.ɾo.kal.ke],[de.ɾo.gal.ke]
와 봤는데,8,[wa.pwat̚.nɯn.te],[wa.bwat̚.nɯn.te]
그렇게 나쁘진 않네,8,[kɯ.ɾʌt̚.ke.na.p͈ɯ.tʃin.an.ne],[gɯ.ɾʌt̚.ke.na.p͈ɯ.dʒin.an.ne]
됐어 그러면,8,[twɛt̚.ʌ.kɯ.ɾʌ.mjʌn],[dwɛt̚.ʌ.gɯ.ɾʌ.mjʌn]
좋아 시간이,8,[tʃot̚.a.si.kan.i],[dʒot̚.a.si.gan.i]
그렇게 나쁘진 않을,8,[kɯ.ɾʌt̚.ke.na.p͈ɯ.tʃin.an.ɯl],[gɯ.ɾʌt̚.ke.na.p͈ɯ.dʒin.an.ɯl]
에린의 자부심,8,[e.ɾin.ɯi.tʃa.pu.sim],[e.ɾin.ɯi.dʒa.bu.sim]
됐어 나중에,8,[twɛt̚.ʌ.na.tʃuŋ.e],[dwɛt̚.ʌ.na.dʒuŋ.e]
와 얘들아,8,[wa.jɛ.tɯl.a],[wa.jɛ.dɯl.a]
에린의 자부심 주홍색 머리의,8,[e.ɾin.ɯi.tʃa.pu.sin.tʃu.hoŋ.sɛk̚.mʌ.ɾi.ɯi],[e.ɾin.ɯi.dʒa.bu.sim.dʒu.hoŋ.sɛk̚.mʌ.ɾi.ɯi]
에린의 자부심 주홍색,8,[e.ɾin.ɯi.tʃa.pu.sin.tʃu.hoŋ.sɛk̚],[e.ɾin.ɯi.dʒa.bu.sim.dʒu.hoŋ.sɛk̚]
걱정할거 없어,8,[kʌk̚.tʃʌŋ.hal.kʌ.ʌp̚.ʌ],[gʌk̚.tʃʌŋ.hal.kʌ.ʌp̚.ʌ]
와 엄청,8,[wa.ʌn.tʃʰʌŋ],[wa.ʌn.tʃʰʌŋ]
에밀 커츠를,8,[e.mil.kʰʌ.tʃʰɯ.ɾɯl],[e.mil.kʰʌ.tʃʰɯ.ɾɯl]
에밀리 그리고,8,[e.mil.ɾi.kɯ.ɾi.ko],[e.mil.ɾi.gɯ.ɾi.go]
됐어 다 됐어,8,[twɛt̚.ʌ.ta.twɛt̚.ʌ],[dwɛt̚.ʌ.da.dwɛt̚.ʌ]
와 이것,8,[wa.i.kʌt̚],[wa.i.gʌt̚]
와 이래,8,[wa.i.ɾɛ],[wa.i.ɾɛ]
와 이미,8,[wa.i.mi],[wa.i.mi]
와 이쪽으로 와,8,[wa.i.tʃ͈ok̚.ɯ.ɾo.wa],[wa.i.tʃ͈ok̚.ɯ.ɾo.wa]
됐어 됐다고,8,[twɛt̚.ʌ.twɛt̚.ta.ko],[dwɛt̚.ʌ.dwɛt̚.ta.go]
됐어 두,8,[twɛt̚.ʌ.tu],[dwɛt̚.ʌ.du]
와 있었구나,8,[wa.it̚.ʌt̚.ku.na],[wa.it̚.ʌt̚.ku.na]
그렇게 너무,8,[kɯ.ɾʌt̚.ke.nʌ.mu],[gɯ.ɾʌt̚.ke.nʌ.mu]
와 저게,8,[wa.tʃʌ.ke],[wa.dʒʌ.ge]
됐어 뭔가,8,[twɛt̚.ʌ.mwʌŋ.ka],[dwɛt̚.ʌ.mwʌŋ.ka]
그렇게 네가,8,[kɯ.ɾʌt̚.ke.ne.ka],[gɯ.ɾʌt̚.ke.ne.ga]
와 저희 죽을,8,[wa.tʃʌ.hɯi.tʃuk̚.ɯl],[wa.dʒʌ.hɯi.dʒuk̚.ɯl]
걱정해야 되는,8,[kʌk̚.tʃʌŋ.hɛ.ja.twe.nɯn],[gʌk̚.tʃʌŋ.hɛ.ja.dwe.nɯn]
와 주다니,8,[wa.tʃu.ta.ni],[wa.dʒu.da.ni]
됐어 빌어먹을,8,[twɛt̚.ʌ.pil.ʌ.mʌk̚.ɯl],[dwɛt̚.ʌ.bil.ʌ.mʌk̚.ɯl]
와 주셔서 기뻐요,8,[wa.tʃu.sjʌ.sʌ.ki.p͈ʌ.jo],[wa.dʒu.sjʌ.sʌ.gi.p͈ʌ.jo]
와 주셨네요,8,[wa.tʃu.sjʌt̚.ne.jo],[wa.dʒu.sjʌt̚.ne.jo]
Who could,8,,
에밀리는 내가,8,[e.mil.ɾi.nɯn.nɛ.ka],[e.mil.ɾi.nɯn.nɛ.ga]
에밀리를 위해,8,[e.mil.ɾi.ɾɯl.wi.hɛ],[e.mil.ɾi.ɾɯl.wi.hɛ]
와 집에,8,[wa.tʃip̚.e],[wa.dʒip̚.e]
그렇게 놔두면,8,[kɯ.ɾʌt̚.ke.nwa.tu.mjʌn],[gɯ.ɾʌt̚.ke.nwa.du.mjʌn]
와 혼자,8,[wa.hon.tʃa],[wa.hon.tʃa]
좋아 움직여,8,[tʃot̚.a.un.tʃik̚.jʌ],[dʒot̚.a.un.tʃik̚.jʌ]
와도 되죠,8,[wa.to.twe.tʃjo],[wa.do.dwe.dʒjo]
와도 봄이 온다,8,[wa.to.pom.i.on.ta],[wa.do.bom.i.on.ta]
와도 봄이,8,[wa.to.pom.i],[wa.do.bom.i]
됐어 여긴,8,[twɛt̚.ʌ.jʌ.kin],[dwɛt̚.ʌ.jʌ.gin]
에밋 스투시는,8,[e.mit̚.sɯ.tʰu.si.nɯn],[e.mit̚.sɯ.tʰu.si.nɯn]
와본 적 있어요,8,[wa.pon.tʃʌk̚.it̚.ʌ.jo],[wa.bon.dʒʌk̚.it̚.ʌ.jo]
걱정해주는 건 고맙지만,8,[kʌk̚.tʃʌŋ.hɛ.tʃu.nɯŋ.kʌŋ.ko.map̚.tʃi.man],[gʌk̚.tʃʌŋ.hɛ.dʒu.nɯn.gʌn.go.map̚.tʃi.man]
걱정해주는 사람이,8,[kʌk̚.tʃʌŋ.hɛ.tʃu.nɯn.sa.ɾam.i],[gʌk̚.tʃʌŋ.hɛ.dʒu.nɯn.sa.ɾam.i]
와봐 무슨,8,[wa.pwa.mu.sɯn],[wa.bwa.mu.sɯn]
와봐 보여줄,8,[wa.pwa.po.jʌ.tʃul],[wa.bwa.bo.jʌ.dʒul]
와봐 어서,8,[wa.pwa.ʌ.sʌ],[wa.bwa.ʌ.sʌ]
와봐 이리,8,[wa.pwa.i.ɾi],[wa.bwa.i.ɾi]
걱정해주셔서 감사합니다,8,[kʌk̚.tʃʌŋ.hɛ.tʃu.sjʌ.sʌ.kam.sa.hap̚.ni.ta],[gʌk̚.tʃʌŋ.hɛ.dʒu.sjʌ.sʌ.gam.sa.hap̚.ni.da]
와서 가져,8,[wa.sʌ.ka.tʃjʌ],[wa.sʌ.ga.dʒjʌ]
그렇게 느끼는 거야,8,[kɯ.ɾʌt̚.ke.nɯ.k͈i.nɯŋ.kʌ.ja],[gɯ.ɾʌt̚.ke.nɯ.k͈i.nɯn.gʌ.ja]
와서 그리고,8,[wa.sʌ.kɯ.ɾi.ko],[wa.sʌ.gɯ.ɾi.go]
됐어 잘됐네,8,[twɛt̚.ʌ.tʃal.twɛt̚.ne],[dwɛt̚.ʌ.dʒal.twɛt̚.ne]
그렇게 느낀다면,8,[kɯ.ɾʌt̚.ke.nɯ.k͈in.ta.mjʌn],[gɯ.ɾʌt̚.ke.nɯ.k͈in.ta.mjʌn]
됐어 저기요,8,[twɛt̚.ʌ.tʃʌ.ki.jo],[dwɛt̚.ʌ.dʒʌ.gi.jo]
I don''t make,8,,
와서 다행이네요,8,[wa.sʌ.ta.hɛŋ.i.ne.jo],[wa.sʌ.da.hɛŋ.i.ne.jo]
됐어 제,8,[twɛt̚.ʌ.tʃe],[dwɛt̚.ʌ.dʒe]
Get this,8,,
그렇게 늙지,8,[kɯ.ɾʌt̚.ke.nɯk̚.tʃi],[gɯ.ɾʌt̚.ke.nɯk̚.tʃi]
됐어 조금만 더,8,[twɛt̚.ʌ.tʃo.kɯm.man.tʌ],[dwɛt̚.ʌ.dʒo.gɯm.man.dʌ]
와서 데리고,8,[wa.sʌ.te.ɾi.ko],[wa.sʌ.de.ɾi.go]
됐어 좋았어,8,[twɛt̚.ʌ.tʃot̚.at̚.ʌ],[dwɛt̚.ʌ.dʒot̚.at̚.ʌ]
와서 모두,8,[wa.sʌ.mo.tu],[wa.sʌ.mo.du]
좋아 적어도,8,[tʃot̚.a.tʃʌk̚.ʌ.to],[dʒot̚.a.dʒʌk̚.ʌ.do]
그렇게 단순하지 않아요,8,[kɯ.ɾʌt̚.ke.tan.sun.ha.tʃi.an.a.jo],[gɯ.ɾʌt̚.ke.dan.sun.ha.dʒi.an.a.jo]
좋아 전에,8,[tʃot̚.a.tʃʌn.e],[dʒot̚.a.dʒʌn.e]
건 FBI,8,[kʌn],[gʌn]
못 나가죠,8,[mot̚.na.ka.tʃjo],[mot̚.na.ga.dʒjo]
됐어야 했는데,8,[twɛt̚.ʌ.ja.hɛt̚.nɯn.te],[dwɛt̚.ʌ.ja.hɛt̚.nɯn.te]
head over heels,8,,
못 나가지,8,[mot̚.na.ka.tʃi],[mot̚.na.ga.dʒi]
와서 서로,8,[wa.sʌ.sʌ.ɾo],[wa.sʌ.sʌ.ɾo]
와서 술,8,[wa.sʌ.sul],[wa.sʌ.sul]
와서 아버지를,8,[wa.sʌ.a.pʌ.tʃi.ɾɯl],[wa.sʌ.a.bʌ.dʒi.ɾɯl]
와서 아주,8,[wa.sʌ.a.tʃu],[wa.sʌ.a.dʒu]
그렇게 당하고도,8,[kɯ.ɾʌt̚.ke.taŋ.ha.ko.to],[gɯ.ɾʌt̚.ke.daŋ.ha.go.do]
와서 앉으렴,8,[wa.sʌ.an.ɯ.ɾjʌm],[wa.sʌ.an.ɯ.ɾjʌm]
와서 여기서,8,[wa.sʌ.jʌ.ki.sʌ],[wa.sʌ.jʌ.gi.sʌ]
와서 이거 좀 봐,8,[wa.sʌ.i.kʌ.tʃom.pwa],[wa.sʌ.i.gʌ.dʒom.bwa]
그렇게 대하지,8,[kɯ.ɾʌt̚.ke.tɛ.ha.tʃi],[gɯ.ɾʌt̚.ke.dɛ.ha.dʒi]
그렇게 대한,8,[kɯ.ɾʌt̚.ke.tɛ.han],[gɯ.ɾʌt̚.ke.dɛ.han]
head that wears a,8,,
건 가족,8,[kʌŋ.ka.tʃok̚],[gʌn.ga.dʒok̚]
건 간단한,8,[kʌŋ.kan.tan.han],[gʌn.gan.tan.han]
됐어요 네가,8,[twɛt̚.ʌ.jo.ne.ka],[dwɛt̚.ʌ.jo.ne.ga]
와서 정말 좋아,8,[wa.sʌ.tʃʌŋ.mal.tʃot̚.a],[wa.sʌ.dʒʌŋ.mal.dʒot̚.a]
와서 좀 도와줘요,8,[wa.sʌ.tʃon.to.wa.tʃwʌ.jo],[wa.sʌ.dʒom.do.wa.dʒwʌ.jo]
됐어요 당신을,8,[twɛt̚.ʌ.jo.taŋ.sin.ɯl],[dwɛt̚.ʌ.jo.daŋ.sin.ɯl]
건 감사해요,8,[kʌŋ.kam.sa.hɛ.jo],[gʌn.gam.sa.hɛ.jo]
됐어요 됐어,8,[twɛt̚.ʌ.jo.twɛt̚.ʌ],[dwɛt̚.ʌ.jo.dwɛt̚.ʌ]
건 같아요,8,[kʌŋ.kat̚.a.jo],[gʌn.gat̚.a.jo]
됐어요 둘,8,[twɛt̚.ʌ.jo.tul],[dwɛt̚.ʌ.jo.dul]
에스테판 콘서트,8,[e.sɯ.tʰe.pʰaŋ.kʰon.sʌ.tʰɯ],[e.sɯ.tʰe.pʰaŋ.kʰon.sʌ.tʰɯ]
됐어요 둘 다,8,[twɛt̚.ʌ.jo.tul.ta],[dwɛt̚.ʌ.jo.dul.da]
에스트라다의 가석방,8,[e.sɯ.tʰɯ.ɾa.ta.ɯi.ka.sʌk̚.paŋ],[e.sɯ.tʰɯ.ɾa.da.ɯi.ga.sʌk̚.paŋ]
와야 하나,8,[wa.ja.ha.na],[wa.ja.ha.na]
그렇게 됐고요,8,[kɯ.ɾʌt̚.ke.twɛt̚.ko.jo],[gɯ.ɾʌt̚.ke.dwɛt̚.ko.jo]
그렇게 됐군,8,[kɯ.ɾʌt̚.ke.twɛt̚.kun],[gɯ.ɾʌt̚.ke.dwɛt̚.kun]
와요 같이,8,[wa.jo.kat̚.i],[wa.jo.gat̚.i]
와요 그냥,8,[wa.jo.kɯ.njaŋ],[wa.jo.gɯ.njaŋ]
그렇게 됐는지 모르겠어,8,[kɯ.ɾʌt̚.ke.twɛt̚.nɯn.tʃi.mo.ɾɯ.ket̚.ʌ],[gɯ.ɾʌt̚.ke.dwɛt̚.nɯn.tʃi.mo.ɾɯ.get̚.ʌ]
와요 몇,8,[wa.jo.mjʌt̚],[wa.jo.mjʌt̚]
와요 또,8,[wa.jo.t͈o],[wa.jo.t͈o]
와요 뭐,8,[wa.jo.mwʌ],[wa.jo.mwʌ]
됐어요 아무도,8,[twɛt̚.ʌ.jo.a.mu.to],[dwɛt̚.ʌ.jo.a.mu.do]
됐어요 아빠가,8,[twɛt̚.ʌ.jo.a.p͈a.ka],[dwɛt̚.ʌ.jo.a.p͈a.ga]
와요 오늘은,8,[wa.jo.o.nɯl.ɯn],[wa.jo.o.nɯl.ɯn]
와요 우리가,8,[wa.jo.u.ɾi.ka],[wa.jo.u.ɾi.ga]
됐어요 어느,8,[twɛt̚.ʌ.jo.ʌ.nɯ],[dwɛt̚.ʌ.jo.ʌ.nɯ]
와요 전,8,[wa.jo.tʃʌn],[wa.jo.dʒʌn]
그렇게 됐으니,8,[kɯ.ɾʌt̚.ke.twɛt̚.ɯ.ni],[gɯ.ɾʌt̚.ke.dwɛt̚.ɯ.ni]
됐어요 어차피,8,[twɛt̚.ʌ.jo.ʌ.tʃʰa.pʰi],[dwɛt̚.ʌ.jo.ʌ.tʃʰa.pʰi]
됐어요 엄마,8,[twɛt̚.ʌ.jo.ʌm.ma],[dwɛt̚.ʌ.jo.ʌm.ma]
됐어요 여긴,8,[twɛt̚.ʌ.jo.jʌ.kin],[dwɛt̚.ʌ.jo.jʌ.gin]
됐어요 이리,8,[twɛt̚.ʌ.jo.i.ɾi],[dwɛt̚.ʌ.jo.i.ɾi]
됐어요 이미,8,[twɛt̚.ʌ.jo.i.mi],[dwɛt̚.ʌ.jo.i.mi]
와이퍼 플루이드의,8,[wa.i.pʰʌ.pʰɯl.ɾu.i.tɯ.ɯi],[wa.i.pʰʌ.pʰɯl.ɾu.i.dɯ.ɯi]
와인 다,8,[wa.in.ta],[wa.in.da]
에이 제이 쿡 키얼스틴,8,[e.i.tʃe.i.kʰuk̚.kʰi.ʌl.sɯ.tʰin],[e.i.dʒe.i.kʰuk̚.kʰi.ʌl.sɯ.tʰin]
에이 제이 쿡,8,[e.i.tʃe.i.kʰuk̚],[e.i.dʒe.i.kʰuk̚]
와인 마시면서,8,[wa.in.ma.si.mjʌn.sʌ],[wa.in.ma.si.mjʌn.sʌ]
됐어요 잘했어요,8,[twɛt̚.ʌ.jo.tʃal.hɛt̚.ʌ.jo],[dwɛt̚.ʌ.jo.dʒal.hɛt̚.ʌ.jo]
와인 스타,8,[wa.in.sɯ.tʰa],[wa.in.sɯ.tʰa]
와인 시음,8,[wa.in.si.ɯm],[wa.in.si.ɯm]
그렇게 되는 거죠,8,[kɯ.ɾʌt̚.ke.twe.nɯŋ.kʌ.tʃjo],[gɯ.ɾʌt̚.ke.dwe.nɯn.gʌ.dʒjo]
됐어요 전부,8,[twɛt̚.ʌ.jo.tʃʌm.pu],[dwɛt̚.ʌ.jo.dʒʌm.pu]
와인 한 잔을,8,[wa.in.han.tʃan.ɯl],[wa.in.han.dʒan.ɯl]
와인 한 잔 주세요,8,[wa.in.han.tʃan.tʃu.se.jo],[wa.in.han.dʒan.dʒu.se.jo]
좋아서 집에,8,[tʃot̚.a.sʌ.tʃip̚.e],[dʒot̚.a.sʌ.dʒip̚.e]
좋아서가 아니라,8,[tʃot̚.a.sʌ.ka.a.ni.ɾa],[dʒot̚.a.sʌ.ga.a.ni.ɾa]
와인에 대한,8,[wa.in.e.tɛ.han],[wa.in.e.dɛ.han]
와인을 마시며,8,[wa.in.ɯl.ma.si.mjʌ],[wa.in.ɯl.ma.si.mjʌ]
와인을 마시면서,8,[wa.in.ɯl.ma.si.mjʌn.sʌ],[wa.in.ɯl.ma.si.mjʌn.sʌ]
와인이 좀,8,[wa.in.i.tʃom],[wa.in.i.dʒom]
와일드 미디어''의,8,[wa.il.tɯ.mi.ti.ʌ.ɯi],[wa.il.tɯ.mi.di.ʌ.ɯi]
됐어요 하지만 난,8,[twɛt̚.ʌ.jo.ha.tʃi.man.nan],[dwɛt̚.ʌ.jo.ha.dʒi.man.nan]
됐어요 하지만 난 막을,8,[twɛt̚.ʌ.jo.ha.tʃi.man.nan.mak̚.ɯl],[dwɛt̚.ʌ.jo.ha.dʒi.man.nan.mak̚.ɯl]
와있는 것,8,[wa.it̚.nɯŋ.kʌt̚],[wa.it̚.nɯn.gʌt̚]
건 건드리지,8,[kʌŋ.kʌn.tɯ.ɾi.tʃi],[gʌn.gʌn.tɯ.ɾi.dʒi]
그렇게 되면 내가,8,[kɯ.ɾʌt̚.ke.twe.mjʌn.nɛ.ka],[gɯ.ɾʌt̚.ke.dwe.mjʌn.nɛ.ga]
됐으니까 나가,8,[twɛt̚.ɯ.ni.k͈a.na.ka],[dwɛt̚.ɯ.ni.k͈a.na.ga]
소문이 빨리,8,[so.mun.i.p͈al.ɾi],[so.mun.i.p͈al.ɾi]
됐으니까 내,8,[twɛt̚.ɯ.ni.k͈a.nɛ],[dwɛt̚.ɯ.ni.k͈a.nɛ]
와줘서 고마워 그래,8,[wa.tʃwʌ.sʌ.ko.ma.wʌ.kɯ.ɾɛ],[wa.dʒwʌ.sʌ.go.ma.wʌ.gɯ.ɾɛ]
그렇게 되실,8,[kɯ.ɾʌt̚.ke.twe.sil],[gɯ.ɾʌt̚.ke.dwe.sil]
됐으면 좋겠네요,8,[twɛt̚.ɯ.mjʌn.tʃot̚.ket̚.ne.jo],[dwɛt̚.ɯ.mjʌn.dʒot̚.ket̚.ne.jo]
그렇게 되어야,8,[kɯ.ɾʌt̚.ke.twe.ʌ.ja],[gɯ.ɾʌt̚.ke.dwe.ʌ.ja]
됐으면 합니다,8,[twɛt̚.ɯ.mjʌn.hap̚.ni.ta],[dwɛt̚.ɯ.mjʌn.hap̚.ni.da]
에이전트 오브,8,[e.i.tʃʌn.tʰɯ.o.pɯ],[e.i.dʒʌn.tʰɯ.o.bɯ]
와플 먹으러,8,[wa.pʰɯl.mʌk̚.ɯ.ɾʌ],[wa.pʰɯl.mʌk̚.ɯ.ɾʌ]
됐을 거야 난,8,[twɛt̚.ɯl.kʌ.ja.nan],[dwɛt̚.ɯl.gʌ.ja.nan]
건 경찰,8,[kʌŋ.kjʌŋ.tʃʰal],[gʌn.gjʌŋ.tʃʰal]
그렇게 되지 않을 것이다,8,[kɯ.ɾʌt̚.ke.twe.tʃi.an.ɯl.kʌt̚.i.ta],[gɯ.ɾʌt̚.ke.dwe.dʒi.an.ɯl.gʌt̚.i.da]
완벽하게 준비해야,8,[wam.pjʌk̚.ha.ke.tʃum.pi.hɛ.ja],[wam.pjʌk̚.ha.ge.dʒum.pi.hɛ.ja]
됐을 수도 있죠,8,[twɛt̚.ɯl.su.to.it̚.tʃjo],[dwɛt̚.ɯl.su.do.it̚.tʃjo]
완벽하진 않았지만,8,[wam.pjʌk̚.ha.tʃin.an.at̚.tʃi.man],[wam.pjʌk̚.ha.dʒin.an.at̚.tʃi.man]
됐을 테니까,8,[twɛt̚.ɯl.tʰe.ni.k͈a],[dwɛt̚.ɯl.tʰe.ni.k͈a]
완벽한 건 아니지만,8,[wam.pjʌk̚.haŋ.kʌn.a.ni.tʃi.man],[wam.pjʌk̚.han.gʌn.a.ni.dʒi.man]
됐을지 몰라요,8,[twɛt̚.ɯl.tʃi.mol.ɾa.jo],[dwɛt̚.ɯl.tʃi.mol.ɾa.jo]
완벽한 기록을,8,[wam.pjʌk̚.haŋ.ki.ɾok̚.ɯl],[wam.pjʌk̚.han.gi.ɾok̚.ɯl]
에인션트 원의,8,[e.in.sjʌn.tʰɯ.wʌn.ɯi],[e.in.sjʌn.tʰɯ.wʌn.ɯi]
완벽한 사람을,8,[wam.pjʌk̚.han.sa.ɾam.ɯl],[wam.pjʌk̚.han.sa.ɾam.ɯl]
건 고등학교,8,[kʌŋ.ko.tɯŋ.hak̚.kjo],[gʌn.go.dɯŋ.hak̚.kjo]
완벽한 상태로,8,[wam.pjʌk̚.han.saŋ.tʰɛ.ɾo],[wam.pjʌk̚.han.saŋ.tʰɛ.ɾo]
완벽한 여자,8,[wam.pjʌk̚.han.jʌ.tʃa],[wam.pjʌk̚.han.jʌ.dʒa]
그렇게 된 것이다,8,[kɯ.ɾʌt̚.ke.tweŋ.kʌt̚.i.ta],[gɯ.ɾʌt̚.ke.dwen.gʌt̚.i.da]
완벽한 인간은,8,[wam.pjʌk̚.han.iŋ.kan.ɯn],[wam.pjʌk̚.han.iŋ.kan.ɯn]
못 돌아,8,[mot̚.tol.a],[mot̚.dol.a]
됐죠 그건,8,[twɛt̚.tʃjo.kɯ.kʌn],[dwɛt̚.tʃjo.gɯ.gʌn]
완벽한 짝을,8,[wam.pjʌk̚.han.tʃ͈ak̚.ɯl],[wam.pjʌk̚.han.tʃ͈ak̚.ɯl]
됐죠 그는,8,[twɛt̚.tʃjo.kɯ.nɯn],[dwɛt̚.tʃjo.gɯ.nɯn]
완벽해 난,8,[wam.pjʌk̚.hɛ.nan],[wam.pjʌk̚.hɛ.nan]
됐죠 네,8,[twɛt̚.tʃjo.ne],[dwɛt̚.tʃjo.ne]
그렇게 된다고,8,[kɯ.ɾʌt̚.ke.twen.ta.ko],[gɯ.ɾʌt̚.ke.dwen.ta.go]
自由も平和も 자유도 평화도,8,[tʃa.ju.to.pʰjʌŋ.hwa.to],[dʒa.ju.do.pʰjʌŋ.hwa.do]
완벽해야 한다고,8,[wam.pjʌk̚.hɛ.ja.han.ta.ko],[wam.pjʌk̚.hɛ.ja.han.ta.go]
완벽해요 고마워요,8,[wam.pjʌk̚.hɛ.jo.ko.ma.wʌ.jo],[wam.pjʌk̚.hɛ.jo.go.ma.wʌ.jo]
됐죠 무슨,8,[twɛt̚.tʃjo.mu.sɯn],[dwɛt̚.tʃjo.mu.sɯn]
됐죠 모든,8,[twɛt̚.tʃjo.mo.tɯn],[dwɛt̚.tʃjo.mo.dɯn]
완성되지 않은,8,[wan.sʌŋ.twe.tʃi.an.ɯn],[wan.sʌŋ.dwe.dʒi.an.ɯn]
엑스 짓,8,[ek̚.sɯ.tʃit̚],[ek̚.sɯ.dʒit̚]
그렇게 될 거야 내가,8,[kɯ.ɾʌt̚.ke.twel.kʌ.ja.nɛ.ka],[gɯ.ɾʌt̚.ke.dwel.gʌ.ja.nɛ.ga]
됐지 그래,8,[twɛt̚.tʃi.kɯ.ɾɛ],[dwɛt̚.tʃi.gɯ.ɾɛ]
됐지 그리고,8,[twɛt̚.tʃi.kɯ.ɾi.ko],[dwɛt̚.tʃi.gɯ.ɾi.go]
완전 귀엽지,8,[wan.tʃʌŋ.kwi.jʌp̚.tʃi],[wan.tʃʌn.gwi.jʌp̚.tʃi]
데리고 밖으로,8,[te.ɾi.ko.pak̚.ɯ.ɾo],[de.ɾi.go.bak̚.ɯ.ɾo]
완전 끔찍해,8,[wan.tʃʌŋ.k͈ɯn.tʃ͈ik̚.hɛ],[wan.tʃʌŋ.k͈ɯn.tʃ͈ik̚.hɛ]
완전 꽉,8,[wan.tʃʌŋ.k͈wak̚],[wan.tʃʌŋ.k͈wak̚]
건 관심 없고,8,[kʌŋ.kwan.sim.ʌp̚.ko],[gʌn.gwan.sim.ʌp̚.ko]
그렇게 될 것입니다,8,[kɯ.ɾʌt̚.ke.twel.kʌt̚.ip̚.ni.ta],[gɯ.ɾʌt̚.ke.dwel.gʌt̚.ip̚.ni.da]
완전 늦었다,8,[wan.tʃʌn.nɯt̚.ʌt̚.ta],[wan.tʃʌn.nɯt̚.ʌt̚.ta]
완전 달라요,8,[wan.tʃʌn.tal.ɾa.jo],[wan.tʃʌn.dal.ɾa.jo]
됐지만 그,8,[twɛt̚.tʃi.maŋ.kɯ],[dwɛt̚.tʃi.man.gɯ]
그렇게 될 순,8,[kɯ.ɾʌt̚.ke.twel.sun],[gɯ.ɾʌt̚.ke.dwel.sun]
피가 멈추질,8,[pʰi.ka.mʌn.tʃʰu.tʃil],[pʰi.ga.mʌn.tʃʰu.dʒil]
됐지만 이젠,8,[twɛt̚.tʃi.man.i.tʃen],[dwɛt̚.tʃi.man.i.dʒen]
데리고 여기를,8,[te.ɾi.ko.jʌ.ki.ɾɯl],[de.ɾi.go.jʌ.gi.ɾɯl]
건 관심도,8,[kʌŋ.kwan.sin.to],[gʌn.gwan.sin.to]
되가고 있나요,8,[twe.ka.ko.it̚.na.jo],[dwe.ga.go.it̚.na.jo]
그렇게 될 줄 알았어,8,[kɯ.ɾʌt̚.ke.twel.tʃul.al.at̚.ʌ],[gɯ.ɾʌt̚.ke.dwel.dʒul.al.at̚.ʌ]
완전 멋졌어요,8,[wan.tʃʌn.mʌt̚.tʃjʌt̚.ʌ.jo],[wan.tʃʌn.mʌt̚.tʃjʌt̚.ʌ.jo]
완전 멍청한,8,[wan.tʃʌn.mʌŋ.tʃʰʌŋ.han],[wan.tʃʌn.mʌŋ.tʃʰʌŋ.han]
되거나 네,8,[twe.kʌ.na.ne],[dwe.gʌ.na.ne]
완전 무슨,8,[wan.tʃʌn.mu.sɯn],[wan.tʃʌn.mu.sɯn]
완전 무장,8,[wan.tʃʌn.mu.tʃaŋ],[wan.tʃʌn.mu.dʒaŋ]
좋아요 오늘 밤,8,[tʃot̚.a.jo.o.nɯl.pam],[dʒot̚.a.jo.o.nɯl.bam]
되거든 그리고,8,[twe.kʌ.tɯŋ.kɯ.ɾi.ko],[dwe.gʌ.dɯn.gɯ.ɾi.go]
되거든 난,8,[twe.kʌ.tɯn.nan],[dwe.gʌ.dɯn.nan]
완전 반대,8,[wan.tʃʌm.pan.tɛ],[wan.tʃʌn.ban.tɛ]
완전 범죄,8,[wan.tʃʌm.pʌn.tʃwe],[wan.tʃʌn.bʌn.tʃwe]
엔딩 크레딧,8,[en.tiŋ.kʰɯ.ɾe.tit̚],[en.tiŋ.kʰɯ.ɾe.dit̚]
완전 부럽다,8,[wan.tʃʌm.pu.ɾʌp̚.ta],[wan.tʃʌn.bu.ɾʌp̚.ta]
되거든 왜,8,[twe.kʌ.tɯn.wɛ],[dwe.gʌ.dɯn.wɛ]
그렇게 될지도,8,[kɯ.ɾʌt̚.ke.twel.tʃi.to],[gɯ.ɾʌt̚.ke.dwel.tʃi.do]
완전 신난다,8,[wan.tʃʌn.sin.nan.ta],[wan.tʃʌn.sin.nan.ta]
완전 엉망이잖아,8,[wan.tʃʌn.ʌŋ.maŋ.i.tʃan.a],[wan.tʃʌn.ʌŋ.maŋ.i.dʒan.a]
완전 옛날,8,[wan.tʃʌn.jet̚.nal],[wan.tʃʌn.jet̚.nal]
건 괜찮잖아,8,[kʌŋ.kwɛn.tʃʰan.tʃan.a],[gʌn.gwɛn.tʃʰan.tʃan.a]
되게 두지 않을,8,[twe.ke.tu.tʃi.an.ɯl],[dwe.ge.du.dʒi.an.ɯl]
見つけちゃったよ 자리를 발견했어 だからもう,8,[tʃa.ɾi.ɾɯl.pal.kjʌn.hɛt̚.ʌ],[dʒa.ɾi.ɾɯl.bal.kjʌn.hɛt̚.ʌ]
완전 이상해요,8,[wan.tʃʌn.i.saŋ.hɛ.jo],[wan.tʃʌn.i.saŋ.hɛ.jo]
못 둬요,8,[mot̚.twʌ.jo],[mot̚.dwʌ.jo]
완전 잊고,8,[wan.tʃʌn.it̚.ko],[wan.tʃʌn.it̚.ko]
그렇게 두지 않을거야,8,[kɯ.ɾʌt̚.ke.tu.tʃi.an.ɯl.kʌ.ja],[gɯ.ɾʌt̚.ke.du.dʒi.an.ɯl.kʌ.ja]
되게 맛있어,8,[twe.ke.mat̚.it̚.ʌ],[dwe.ge.mat̚.it̚.ʌ]
완전 제,8,[wan.tʃʌn.tʃe],[wan.tʃʌn.dʒe]
되게 비싸,8,[twe.ke.pi.s͈a],[dwe.ge.bi.s͈a]
그렇게 두진 않을 거예요,8,[kɯ.ɾʌt̚.ke.tu.tʃin.an.ɯl.kʌ.je.jo],[gɯ.ɾʌt̚.ke.du.dʒin.an.ɯl.gʌ.je.jo]
완전 좋았어,8,[wan.tʃʌn.tʃot̚.at̚.ʌ],[wan.tʃʌn.dʒot̚.at̚.ʌ]
되게 오랜만에,8,[twe.ke.o.ɾɛn.man.e],[dwe.ge.o.ɾɛn.man.e]
완전 쩔어,8,[wan.tʃʌn.tʃ͈ʌl.ʌ],[wan.tʃʌn.tʃ͈ʌl.ʌ]
완전 쪼다네,8,[wan.tʃʌn.tʃ͈o.ta.ne],[wan.tʃʌn.tʃ͈o.da.ne]
그렇게 둘 순 없지,8,[kɯ.ɾʌt̚.ke.tul.sun.ʌp̚.tʃi],[gɯ.ɾʌt̚.ke.dul.sun.ʌp̚.tʃi]
되게 잘하시네요,8,[twe.ke.tʃal.ha.si.ne.jo],[dwe.ge.dʒal.ha.si.ne.jo]
되게 잘해,8,[twe.ke.tʃal.hɛ],[dwe.ge.dʒal.hɛ]
그렇게 들려,8,[kɯ.ɾʌt̚.ke.tɯl.ɾjʌ],[gɯ.ɾʌt̚.ke.dɯl.ɾjʌ]
완전 통제,8,[wan.tʃʌn.tʰoŋ.tʃe],[wan.tʃʌn.tʰoŋ.dʒe]
그렇게 들려요,8,[kɯ.ɾʌt̚.ke.tɯl.ɾjʌ.jo],[gɯ.ɾʌt̚.ke.dɯl.ɾjʌ.jo]
완전 행복해,8,[wan.tʃʌn.hɛm.pok̚.hɛ],[wan.tʃʌn.hɛŋ.bok̚.hɛ]
건 그 애가,8,[kʌŋ.kɯ.ɛ.ka],[gʌn.gɯ.ɛ.ga]
그렇게 들었소,8,[kɯ.ɾʌt̚.ke.tɯl.ʌt̚.so],[gɯ.ɾʌt̚.ke.dɯl.ʌt̚.so]
되게 하소서,8,[twe.ke.ha.so.sʌ],[dwe.ge.ha.so.sʌ]
완전히 끝난,8,[wan.tʃʌn.hi.k͈ɯt̚.nan],[wan.tʃʌn.hi.k͈ɯt̚.nan]
되게 해 줄,8,[twe.ke.hɛ.tʃul],[dwe.ge.hɛ.dʒul]
완전히 낯선,8,[wan.tʃʌn.hi.nat̚.sʌn],[wan.tʃʌn.hi.nat̚.sʌn]
완전히 다르잖아,8,[wan.tʃʌn.hi.ta.ɾɯ.tʃan.a],[wan.tʃʌn.hi.da.ɾɯ.dʒan.a]
완전히 다른 사람으로,8,[wan.tʃʌn.hi.ta.ɾɯn.sa.ɾam.ɯ.ɾo],[wan.tʃʌn.hi.da.ɾɯn.sa.ɾam.ɯ.ɾo]
완전히 다를,8,[wan.tʃʌn.hi.ta.ɾɯl],[wan.tʃʌn.hi.da.ɾɯl]
좋아요 좋아요 좋아요,8,[tʃot̚.a.jo.tʃot̚.a.jo.tʃot̚.a.jo],[dʒot̚.a.jo.dʒot̚.a.jo.dʒot̚.a.jo]
되겠네 네,8,[twe.ket̚.ne.ne],[dwe.get̚.ne.ne]
완전히 동의해,8,[wan.tʃʌn.hi.toŋ.ɯi.hɛ],[wan.tʃʌn.hi.doŋ.ɯi.hɛ]
완전히 딴사람이,8,[wan.tʃʌn.hi.t͈an.sa.ɾam.i],[wan.tʃʌn.hi.t͈an.sa.ɾam.i]
완전히 마음을,8,[wan.tʃʌn.hi.ma.ɯm.ɯl],[wan.tʃʌn.hi.ma.ɯm.ɯl]
되겠네 왜,8,[twe.ket̚.ne.wɛ],[dwe.get̚.ne.wɛ]
좋아요 제일,8,[tʃot̚.a.jo.tʃe.il],[dʒot̚.a.jo.dʒe.il]
완전히 망쳤어요,8,[wan.tʃʌn.hi.maŋ.tʃʰjʌt̚.ʌ.jo],[wan.tʃʌn.hi.maŋ.tʃʰjʌt̚.ʌ.jo]
되겠네 이제,8,[twe.ket̚.ne.i.tʃe],[dwe.get̚.ne.i.dʒe]
완전히 망했다고,8,[wan.tʃʌn.hi.maŋ.hɛt̚.ta.ko],[wan.tʃʌn.hi.maŋ.hɛt̚.ta.go]
hear your voice,8,,
완전히 믿지,8,[wan.tʃʌn.hi.mit̚.tʃi],[wan.tʃʌn.hi.mit̚.tʃi]
완전히 믿을,8,[wan.tʃʌn.hi.mit̚.ɯl],[wan.tʃʌn.hi.mit̚.ɯl]
건 그것 뿐이야,8,[kʌŋ.kɯ.kʌt̚.p͈un.i.ja],[gʌn.gɯ.gʌt̚.p͈un.i.ja]
완전히 반대로,8,[wan.tʃʌn.hi.pan.tɛ.ɾo],[wan.tʃʌn.hi.ban.tɛ.ɾo]
건 그것밖에,8,[kʌŋ.kɯ.kʌt̚.pak̚.e],[gʌn.gɯ.gʌt̚.pak̚.e]
되겠다 무슨,8,[twe.ket̚.ta.mu.sɯn],[dwe.get̚.ta.mu.sɯn]
되겠다 싶어서,8,[twe.ket̚.ta.sip̚.ʌ.sʌ],[dwe.get̚.ta.sip̚.ʌ.sʌ]
완전히 새로운 삶을,8,[wan.tʃʌn.hi.sɛ.ɾo.un.sam.ɯl],[wan.tʃʌn.hi.sɛ.ɾo.un.sam.ɯl]
그렇게 만들기,8,[kɯ.ɾʌt̚.ke.man.tɯl.ki],[gɯ.ɾʌt̚.ke.man.tɯl.ki]
완전히 실패한,8,[wan.tʃʌn.hi.sil.pʰɛ.han],[wan.tʃʌn.hi.sil.pʰɛ.han]
완전히 안전하다고,8,[wan.tʃʌn.hi.an.tʃʌn.ha.ta.ko],[wan.tʃʌn.hi.an.tʃʌn.ha.da.go]
되겠어 난,8,[twe.ket̚.ʌ.nan],[dwe.get̚.ʌ.nan]
그렇게 만들어진,8,[kɯ.ɾʌt̚.ke.man.tɯl.ʌ.tʃin],[gɯ.ɾʌt̚.ke.man.tɯl.ʌ.dʒin]
완전히 이해할,8,[wan.tʃʌn.hi.i.hɛ.hal],[wan.tʃʌn.hi.i.hɛ.hal]
되겠어 네,8,[twe.ket̚.ʌ.ne],[dwe.get̚.ʌ.ne]
완전히 잘,8,[wan.tʃʌn.hi.tʃal],[wan.tʃʌn.hi.dʒal]
데리고 있대,8,[te.ɾi.ko.it̚.tɛ],[de.ɾi.go.it̚.tɛ]
엔필드 초등학교,8,[em.pʰil.tɯ.tʃʰo.tɯŋ.hak̚.kjo],[em.pʰil.tɯ.tʃʰo.dɯŋ.hak̚.kjo]
좋아질 거,8,[tʃot̚.a.tʃil.kʌ],[dʒot̚.a.dʒil.gʌ]
되겠어요 이,8,[twe.ket̚.ʌ.jo.i],[dwe.get̚.ʌ.jo.i]
완전히는 아니에요,8,[wan.tʃʌn.hi.nɯn.a.ni.e.jo],[wan.tʃʌn.hi.nɯn.a.ni.e.jo]
그렇게 많은 걸,8,[kɯ.ɾʌt̚.ke.man.ɯŋ.kʌl],[gɯ.ɾʌt̚.ke.man.ɯn.gʌl]
왈츠를 출,8,[wal.tʃʰɯ.ɾɯl.tʃʰul],[wal.tʃʰɯ.ɾɯl.tʃʰul]
그렇게 많은 사람들을,8,[kɯ.ɾʌt̚.ke.man.ɯn.sa.ɾan.tɯl.ɯl],[gɯ.ɾʌt̚.ke.man.ɯn.sa.ɾan.tɯl.ɯl]
왓킨스 씨,8,[wat̚.kʰin.sɯ.s͈i],[wat̚.kʰin.sɯ.s͈i]
왓킨스 여사님,8,[wat̚.kʰin.sɯ.jʌ.sa.nim],[wat̚.kʰin.sɯ.jʌ.sa.nim]
엘라 드,8,[el.ɾa.tɯ],[el.ɾa.dɯ]
왔 어,8,[wat̚.ʌ],[wat̚.ʌ]
되겠죠 좋아요,8,[twe.ket̚.tʃjo.tʃot̚.a.jo],[dwe.get̚.tʃjo.dʒot̚.a.jo]
왔고 이,8,[wat̚.ko.i],[wat̚.ko.i]
되겠지 그게,8,[twe.ket̚.tʃi.kɯ.ke],[dwe.get̚.tʃi.gɯ.ge]
왔구나 왜,8,[wat̚.ku.na.wɛ],[wat̚.ku.na.wɛ]
heard something,8,,
되겠지 아니,8,[twe.ket̚.tʃi.a.ni],[dwe.get̚.tʃi.a.ni]
되겠지 우리,8,[twe.ket̚.tʃi.u.ɾi],[dwe.get̚.tʃi.u.ɾi]
왔네 뭐,8,[wat̚.ne.mwʌ],[wat̚.ne.mwʌ]
왔네 아,8,[wat̚.ne.a],[wat̚.ne.a]
되겠지 이젠,8,[twe.ket̚.tʃi.i.tʃen],[dwe.get̚.tʃi.i.dʒen]
좋아하는 거 아니에요,8,[tʃot̚.a.ha.nɯŋ.kʌ.a.ni.e.jo],[dʒot̚.a.ha.nɯn.gʌ.a.ni.e.jo]
그렇게 말고요,8,[kɯ.ɾʌt̚.ke.mal.ko.jo],[gɯ.ɾʌt̚.ke.mal.ko.jo]
heard you were,8,,
왔네 우리,8,[wat̚.ne.u.ɾi],[wat̚.ne.u.ɾi]
그렇게 말도 안 되는,8,[kɯ.ɾʌt̚.ke.mal.to.an.twe.nɯn],[gɯ.ɾʌt̚.ke.mal.to.an.dwe.nɯn]
되고 c,8,[twe.ko],[dwe.go]
되겠지만 내가,8,[twe.ket̚.tʃi.man.nɛ.ka],[dwe.get̚.tʃi.man.nɛ.ga]
왔네요 안녕하세요,8,[wat̚.ne.jo.an.njʌŋ.ha.se.jo],[wat̚.ne.jo.an.njʌŋ.ha.se.jo]
왔네요 우리,8,[wat̚.ne.jo.u.ɾi],[wat̚.ne.jo.u.ɾi]
왔는데 계속,8,[wat̚.nɯn.te.kje.sok̚],[wat̚.nɯn.te.gje.sok̚]
데리러 가기,8,[te.ɾi.ɾʌ.ka.ki],[de.ɾi.ɾʌ.ga.gi]
CT 스캔,8,[sɯ.kʰɛn],[sɯ.kʰɛn]
되고 그러면,8,[twe.ko.kɯ.ɾʌ.mjʌn],[dwe.go.gɯ.ɾʌ.mjʌn]
왔는데 또,8,[wat̚.nɯn.te.t͈o],[wat̚.nɯn.te.t͈o]
왔는데 뭘,8,[wat̚.nɯn.te.mwʌl],[wat̚.nɯn.te.mwʌl]
왔는데 아,8,[wat̚.nɯn.te.a],[wat̚.nɯn.te.a]
되고 나도,8,[twe.ko.na.to],[dwe.go.na.do]
왔는데 어디,8,[wat̚.nɯn.te.ʌ.ti],[wat̚.nɯn.te.ʌ.di]
왔는데 이제 와서,8,[wat̚.nɯn.te.i.tʃe.wa.sʌ],[wat̚.nɯn.te.i.dʒe.wa.sʌ]
왔는데 이젠 이곳에 없어,8,[wat̚.nɯn.te.i.tʃen.i.kot̚.e.ʌp̚.ʌ],[wat̚.nɯn.te.i.dʒen.i.got̚.e.ʌp̚.ʌ]
왔는데 이젠 이곳에,8,[wat̚.nɯn.te.i.tʃen.i.kot̚.e],[wat̚.nɯn.te.i.dʒen.i.got̚.e]
거예요 혈액,8,[kʌ.je.jo.hjʌl.ɛk̚],[gʌ.je.jo.hjʌl.ɛk̚]
왔는데요 아,8,[wat̚.nɯn.te.jo.a],[wat̚.nɯn.te.jo.a]
내 동생이지,8,[nɛ.toŋ.sɛŋ.i.tʃi],[nɛ.doŋ.sɛŋ.i.dʒi]
왔는지 그리고,8,[wat̚.nɯn.tʃi.kɯ.ɾi.ko],[wat̚.nɯn.tʃi.gɯ.ɾi.go]
왔는지 모르겠네,8,[wat̚.nɯn.tʃi.mo.ɾɯ.ket̚.ne],[wat̚.nɯn.tʃi.mo.ɾɯ.get̚.ne]
되고 말 거예요,8,[twe.ko.mal.kʌ.je.jo],[dwe.go.mal.gʌ.je.jo]
되고 말았죠,8,[twe.ko.mal.at̚.tʃjo],[dwe.go.mal.at̚.tʃjo]
되고 말야,8,[twe.ko.mal.ja],[dwe.go.mal.ja]
왔는지 아시죠,8,[wat̚.nɯn.tʃi.a.si.tʃjo],[wat̚.nɯn.tʃi.a.si.dʒjo]
왔는지 아세요,8,[wat̚.nɯn.tʃi.a.se.jo],[wat̚.nɯn.tʃi.a.se.jo]
되고 뭐,8,[twe.ko.mwʌ],[dwe.go.mwʌ]
그렇게 말하게,8,[kɯ.ɾʌt̚.ke.mal.ha.ke],[gɯ.ɾʌt̚.ke.mal.ha.ge]
왔는지 왜,8,[wat̚.nɯn.tʃi.wɛ],[wat̚.nɯn.tʃi.wɛ]
왔는지 하지만,8,[wat̚.nɯn.tʃi.ha.tʃi.man],[wat̚.nɯn.tʃi.ha.dʒi.man]
왔는지 확인해,8,[wat̚.nɯn.tʃi.hwak̚.in.hɛ],[wat̚.nɯn.tʃi.hwak̚.in.hɛ]
왔는지도 전혀 몰라요,8,[wat̚.nɯn.tʃi.to.tʃʌn.hjʌ.mol.ɾa.jo],[wat̚.nɯn.tʃi.do.dʒʌn.hjʌ.mol.ɾa.jo]
그렇게 말하겠지만,8,[kɯ.ɾʌt̚.ke.mal.ha.ket̚.tʃi.man],[gɯ.ɾʌt̚.ke.mal.ha.get̚.tʃi.man]
왔다 갔는데,8,[wat̚.ta.kat̚.nɯn.te],[wat̚.ta.gat̚.nɯn.te]
왔다 갔다 하면,8,[wat̚.ta.kat̚.ta.ha.mjʌn],[wat̚.ta.gat̚.ta.ha.mjʌn]
왔다 그래서,8,[wat̚.ta.kɯ.ɾɛ.sʌ],[wat̚.ta.gɯ.ɾɛ.sʌ]
되고 싶어 했어,8,[twe.ko.sip̚.ʌ.hɛt̚.ʌ],[dwe.go.sip̚.ʌ.hɛt̚.ʌ]
guy was,8,,
왔다 우리는,8,[wat̚.ta.u.ɾi.nɯn],[wat̚.ta.u.ɾi.nɯn]
되고 싶어한다,8,[twe.ko.sip̚.ʌ.han.ta],[dwe.go.sip̚.ʌ.han.ta]
좋아하는 남자도,8,[tʃot̚.a.ha.nɯn.nan.tʃa.to],[dʒot̚.a.ha.nɯn.nan.tʃa.do]
되고 싶었거든요,8,[twe.ko.sip̚.ʌt̚.kʌ.tɯn.jo],[dwe.go.sip̚.ʌt̚.kʌ.dɯn.jo]
왔다 죽으러 온,8,[wat̚.ta.tʃuk̚.ɯ.ɾʌ.on],[wat̚.ta.dʒuk̚.ɯ.ɾʌ.on]
왔다 지금,8,[wat̚.ta.tʃi.kɯm],[wat̚.ta.dʒi.gɯm]
나의 귀여운,8,[na.ɯi.kwi.jʌ.un],[na.ɯi.gwi.jʌ.un]
왔다고 말했다,8,[wat̚.ta.ko.mal.hɛt̚.ta],[wat̚.ta.go.mal.hɛt̚.ta]
왔다고 생각하나,8,[wat̚.ta.ko.sɛŋ.kak̚.ha.na],[wat̚.ta.go.sɛŋ.gak̚.ha.na]
heart a,8,,
왔다는 거지,8,[wat̚.ta.nɯŋ.kʌ.tʃi],[wat̚.ta.nɯn.gʌ.dʒi]
데리러 갈거야,8,[te.ɾi.ɾʌ.kal.kʌ.ja],[de.ɾi.ɾʌ.gal.kʌ.ja]
거예요 호텔,8,[kʌ.je.jo.ho.tʰel],[gʌ.je.jo.ho.tʰel]
왔단 말야,8,[wat̚.tan.mal.ja],[wat̚.tan.mal.ja]
되고 싶죠,8,[twe.ko.sip̚.tʃjo],[dwe.go.sip̚.tʃjo]
heart a break,8,,
왔던 거군요,8,[wat̚.tʌŋ.kʌ.kun.jo],[wat̚.tʌn.gʌ.gun.jo]
왔던 걸,8,[wat̚.tʌŋ.kʌl],[wat̚.tʌn.gʌl]
되고 싶지 않았어,8,[twe.ko.sip̚.tʃi.an.at̚.ʌ],[dwe.go.sip̚.tʃi.an.at̚.ʌ]
되고 싶지는 않아,8,[twe.ko.sip̚.tʃi.nɯn.an.a],[dwe.go.sip̚.tʃi.nɯn.an.a]
왔던 사람이,8,[wat̚.tʌn.sa.ɾam.i],[wat̚.tʌn.sa.ɾam.i]
되고 싶진 않지만,8,[twe.ko.sip̚.tʃin.an.tʃi.man],[dwe.go.sip̚.tʃin.an.tʃi.man]
좋아하는 사람이 날,8,[tʃot̚.a.ha.nɯn.sa.ɾam.i.nal],[dʒot̚.a.ha.nɯn.sa.ɾam.i.nal]
그 여파가,8,[kɯ.jʌ.pʰa.ka],[gɯ.jʌ.pʰa.ga]
왔습니다 나는,8,[wat̚.sɯp̚.ni.ta.na.nɯn],[wat̚.sɯp̚.ni.da.na.nɯn]
왔습니다 누가,8,[wat̚.sɯp̚.ni.ta.nu.ka],[wat̚.sɯp̚.ni.da.nu.ga]
왔습니다 여긴,8,[wat̚.sɯp̚.ni.ta.jʌ.kin],[wat̚.sɯp̚.ni.da.jʌ.gin]
왔습니다 왜,8,[wat̚.sɯp̚.ni.ta.wɛ],[wat̚.sɯp̚.ni.da.wɛ]
왔습니다 우리가,8,[wat̚.sɯp̚.ni.ta.u.ɾi.ka],[wat̚.sɯp̚.ni.da.u.ɾi.ga]
건 그쪽이야,8,[kʌŋ.kɯ.tʃ͈ok̚.i.ja],[gʌn.gɯ.tʃ͈ok̚.i.ja]
좋아하는 색깔이,8,[tʃot̚.a.ha.nɯn.sɛk̚.k͈al.i],[dʒot̚.a.ha.nɯn.sɛk̚.k͈al.i]
되고 있는 것,8,[twe.ko.it̚.nɯŋ.kʌt̚],[dwe.go.it̚.nɯn.gʌt̚]
On my way,8,,
왔어 거의,8,[wat̚.ʌ.kʌ.ɯi],[wat̚.ʌ.gʌ.ɯi]
왔어 걱정,8,[wat̚.ʌ.kʌk̚.tʃʌŋ],[wat̚.ʌ.gʌk̚.tʃʌŋ]
heart going,8,,
나의 달콤한,8,[na.ɯi.tal.kʰom.han],[na.ɯi.dal.kʰom.han]
왔어 그녀는,8,[wat̚.ʌ.kɯ.njʌ.nɯn],[wat̚.ʌ.gɯ.njʌ.nɯn]
왔어 그들이,8,[wat̚.ʌ.kɯ.tɯl.i],[wat̚.ʌ.gɯ.dɯl.i]
그렇게 말한 것,8,[kɯ.ɾʌt̚.ke.mal.haŋ.kʌt̚],[gɯ.ɾʌt̚.ke.mal.han.gʌt̚]
왔어 너희,8,[wat̚.ʌ.nʌ.hɯi],[wat̚.ʌ.nʌ.hɯi]
되고자 했던,8,[twe.ko.tʃa.hɛt̚.tʌn],[dwe.go.dʒa.hɛt̚.tʌn]
그렇게 말한 적 없어요,8,[kɯ.ɾʌt̚.ke.mal.han.tʃʌk̚.ʌp̚.ʌ.jo],[gɯ.ɾʌt̚.ke.mal.han.dʒʌk̚.ʌp̚.ʌ.jo]
되기 때문이다,8,[twe.ki.t͈ɛ.mun.i.ta],[dwe.gi.t͈ɛ.mun.i.da]
왔어 몇 시간,8,[wat̚.ʌ.mjʌt̚.si.kan],[wat̚.ʌ.mjʌt̚.si.gan]
왔어 무슨 일,8,[wat̚.ʌ.mu.sɯn.il],[wat̚.ʌ.mu.sɯn.il]
왔어 빨리,8,[wat̚.ʌ.p͈al.ɾi],[wat̚.ʌ.p͈al.ɾi]
왔어 아주,8,[wat̚.ʌ.a.tʃu],[wat̚.ʌ.a.dʒu]
왔어 여기야,8,[wat̚.ʌ.jʌ.ki.ja],[wat̚.ʌ.jʌ.gi.ja]
왔어 여보세요,8,[wat̚.ʌ.jʌ.po.se.jo],[wat̚.ʌ.jʌ.bo.se.jo]
왔어 와,8,[wat̚.ʌ.wa],[wat̚.ʌ.wa]
건 기억해요,8,[kʌŋ.ki.ʌk̚.hɛ.jo],[gʌn.gi.ʌk̚.hɛ.jo]
왔어 이번,8,[wat̚.ʌ.i.pʌn],[wat̚.ʌ.i.bʌn]
되기로 했죠,8,[twe.ki.ɾo.hɛt̚.tʃjo],[dwe.gi.ɾo.hɛt̚.tʃjo]
좋아하는지 모르겠어,8,[tʃot̚.a.ha.nɯn.tʃi.mo.ɾɯ.ket̚.ʌ],[dʒot̚.a.ha.nɯn.tʃi.mo.ɾɯ.get̚.ʌ]
왔어 잘 지냈어,8,[wat̚.ʌ.tʃal.tʃi.nɛt̚.ʌ],[wat̚.ʌ.dʒal.dʒi.nɛt̚.ʌ]
되기만 하면,8,[twe.ki.man.ha.mjʌn],[dwe.gi.man.ha.mjʌn]
피라미드 텍스트,8,[pʰi.ɾa.mi.tɯ.tʰek̚.sɯ.tʰɯ],[pʰi.ɾa.mi.dɯ.tʰek̚.sɯ.tʰɯ]
되기를 원한다,8,[twe.ki.ɾɯl.wʌn.han.ta],[dwe.gi.ɾɯl.wʌn.han.ta]
왔어 조금만,8,[wat̚.ʌ.tʃo.kɯm.man],[wat̚.ʌ.dʒo.gɯm.man]
왔어 좋은,8,[wat̚.ʌ.tʃot̚.ɯn],[wat̚.ʌ.dʒot̚.ɯn]
왔어 좋아요,8,[wat̚.ʌ.tʃot̚.a.jo],[wat̚.ʌ.dʒot̚.a.jo]
왔어 차,8,[wat̚.ʌ.tʃʰa],[wat̚.ʌ.tʃʰa]
왔어야 해,8,[wat̚.ʌ.ja.hɛ],[wat̚.ʌ.ja.hɛ]
되긴 해요,8,[twe.kin.hɛ.jo],[dwe.gin.hɛ.jo]
왔어요 계속,8,[wat̚.ʌ.jo.kje.sok̚],[wat̚.ʌ.jo.gje.sok̚]
여 개의,8,[jʌ.kɛ.ɯi],[jʌ.gɛ.ɯi]
그렇게 말해야 해,8,[kɯ.ɾʌt̚.ke.mal.hɛ.ja.hɛ],[gɯ.ɾʌt̚.ke.mal.hɛ.ja.hɛ]
왔어요 그러니까,8,[wat̚.ʌ.jo.kɯ.ɾʌ.ni.k͈a],[wat̚.ʌ.jo.gɯ.ɾʌ.ni.k͈a]
되길 바라지 않아,8,[twe.kil.pa.ɾa.tʃi.an.a],[dwe.gil.ba.ɾa.dʒi.an.a]
여 년 동안,8,[jʌ.njʌn.toŋ.an],[jʌ.njʌn.doŋ.an]
왔어요 나는,8,[wat̚.ʌ.jo.na.nɯn],[wat̚.ʌ.jo.na.nɯn]
나의 모든 것이야,8,[na.ɯi.mo.tɯŋ.kʌt̚.i.ja],[na.ɯi.mo.dɯn.gʌt̚.i.ja]
왔어요 대체,8,[wat̚.ʌ.jo.tɛ.tʃʰe],[wat̚.ʌ.jo.dɛ.tʃʰe]
그렇게 말했거든,8,[kɯ.ɾʌt̚.ke.mal.hɛt̚.kʌ.tɯn],[gɯ.ɾʌt̚.ke.mal.hɛt̚.kʌ.dɯn]
되나 모르겠네,8,[twe.na.mo.ɾɯ.ket̚.ne],[dwe.na.mo.ɾɯ.get̚.ne]
as well be,8,,
왔어요 어,8,[wat̚.ʌ.jo.ʌ],[wat̚.ʌ.jo.ʌ]
되네 그,8,[twe.ne.kɯ],[dwe.ne.gɯ]
못 만날까,8,[mot̚.man.nal.k͈a],[mot̚.man.nal.k͈a]
왔어요 여보세요,8,[wat̚.ʌ.jo.jʌ.po.se.jo],[wat̚.ʌ.jo.jʌ.bo.se.jo]
왔어요 왜요,8,[wat̚.ʌ.jo.wɛ.jo],[wat̚.ʌ.jo.wɛ.jo]
되네 내,8,[twe.ne.nɛ],[dwe.ne.nɛ]
왔어요 이걸,8,[wat̚.ʌ.jo.i.kʌl],[wat̚.ʌ.jo.i.gʌl]
왔어요 이봐요,8,[wat̚.ʌ.jo.i.pwa.jo],[wat̚.ʌ.jo.i.bwa.jo]
왔어요 잠깐만,8,[wat̚.ʌ.jo.tʃam.k͈an.man],[wat̚.ʌ.jo.dʒam.k͈an.man]
되네 이제,8,[twe.ne.i.tʃe],[dwe.ne.i.dʒe]
I''m making now,8,,
왔었어요 그,8,[wat̚.ʌt̚.ʌ.jo.kɯ],[wat̚.ʌt̚.ʌ.jo.gɯ]
왔었어요 하지만,8,[wat̚.ʌt̚.ʌ.jo.ha.tʃi.man],[wat̚.ʌt̚.ʌ.jo.ha.dʒi.man]
되는 거 같은데,8,[twe.nɯŋ.kʌ.kat̚.ɯn.te],[dwe.nɯn.gʌ.gat̚.ɯn.te]
그렇게 맛있는,8,[kɯ.ɾʌt̚.ke.mat̚.it̚.nɯn],[gɯ.ɾʌt̚.ke.mat̚.it̚.nɯn]
되는 거 맞지,8,[twe.nɯŋ.kʌ.mat̚.tʃi],[dwe.nɯn.gʌ.mat̚.tʃi]
왔을 거에요,8,[wat̚.ɯl.kʌ.e.jo],[wat̚.ɯl.gʌ.e.jo]
왔을 것이다,8,[wat̚.ɯl.kʌt̚.i.ta],[wat̚.ɯl.gʌt̚.i.da]
왔을 때 기억나,8,[wat̚.ɯl.t͈ɛ.ki.ʌk̚.na],[wat̚.ɯl.t͈ɛ.gi.ʌk̚.na]
왔을 때 당신,8,[wat̚.ɯl.t͈ɛ.taŋ.sin],[wat̚.ɯl.t͈ɛ.daŋ.sin]
되는 거 아니오,8,[twe.nɯŋ.kʌ.a.ni.o],[dwe.nɯn.gʌ.a.ni.o]
그렇게 먹고,8,[kɯ.ɾʌt̚.ke.mʌk̚.ko],[gɯ.ɾʌt̚.ke.mʌk̚.ko]
왔을 때 이미,8,[wat̚.ɯl.t͈ɛ.i.mi],[wat̚.ɯl.t͈ɛ.i.mi]
왔을 때가,8,[wat̚.ɯl.t͈ɛ.ka],[wat̚.ɯl.t͈ɛ.ga]
왔을 리,8,[wat̚.ɯl.ɾi],[wat̚.ɯl.ɾi]
데만 집중해,8,[te.man.tʃip̚.tʃuŋ.hɛ],[de.man.dʒip̚.tʃuŋ.hɛ]
되는 거군,8,[twe.nɯŋ.kʌ.kun],[dwe.nɯn.gʌ.gun]
왔을 줄,8,[wat̚.ɯl.tʃul],[wat̚.ɯl.dʒul]
왔을 테니까,8,[wat̚.ɯl.tʰe.ni.k͈a],[wat̚.ɯl.tʰe.ni.k͈a]
Who''s to,8,,
되는 거란다,8,[twe.nɯŋ.kʌ.ɾan.ta],[dwe.nɯn.gʌ.ɾan.ta]
왔죠 그래서,8,[wat̚.tʃjo.kɯ.ɾɛ.sʌ],[wat̚.tʃjo.gɯ.ɾɛ.sʌ]
여기 갑니다,8,[jʌ.ki.kap̚.ni.ta],[jʌ.gi.gap̚.ni.da]
왔죠 그리고,8,[wat̚.tʃjo.kɯ.ɾi.ko],[wat̚.tʃjo.gɯ.ɾi.go]
왔죠 내가,8,[wat̚.tʃjo.nɛ.ka],[wat̚.tʃjo.nɛ.ga]
왔죠 네,8,[wat̚.tʃjo.ne],[wat̚.tʃjo.ne]
좋아하지 않을까,8,[tʃot̚.a.ha.tʃi.an.ɯl.k͈a],[dʒot̚.a.ha.dʒi.an.ɯl.k͈a]
건 나밖에 없으니까 난,8,[kʌn.na.pak̚.e.ʌp̚.ɯ.ni.k͈a.nan],[gʌn.na.bak̚.e.ʌp̚.ɯ.ni.k͈a.nan]
왔죠 우리,8,[wat̚.tʃjo.u.ɾi],[wat̚.tʃjo.u.ɾi]
되는 거야 넌,8,[twe.nɯŋ.kʌ.ja.nʌn],[dwe.nɯn.gʌ.ja.nʌn]
왔지 고마워,8,[wat̚.tʃi.ko.ma.wʌ],[wat̚.tʃi.go.ma.wʌ]
여기 경찰,8,[jʌ.ki.kjʌŋ.tʃʰal],[jʌ.gi.gjʌŋ.tʃʰal]
되는 거야 우린,8,[twe.nɯŋ.kʌ.ja.u.ɾin],[dwe.nɯn.gʌ.ja.u.ɾin]
왔지 좋아,8,[wat̚.tʃi.tʃot̚.a],[wat̚.tʃi.dʒot̚.a]
배드 플레이스의,8,[pɛ.tɯ.pʰɯl.ɾe.i.sɯ.ɯi],[bɛ.dɯ.pʰɯl.ɾe.i.sɯ.ɯi]
좋아한다고 생각해요,8,[tʃot̚.a.han.ta.ko.sɛŋ.kak̚.hɛ.jo],[dʒot̚.a.han.ta.go.sɛŋ.gak̚.hɛ.jo]
왔지만 이제,8,[wat̚.tʃi.man.i.tʃe],[wat̚.tʃi.man.i.dʒe]
왕 같은,8,[waŋ.kat̚.ɯn],[waŋ.gat̚.ɯn]
되는 거죠 그,8,[twe.nɯŋ.kʌ.tʃjo.kɯ],[dwe.nɯn.gʌ.dʒjo.gɯ]
왕가 강도 살인 사건,8,[waŋ.ka.kaŋ.to.sal.in.sa.kʌn],[waŋ.ga.gaŋ.do.sal.in.sa.gʌn]
건 나뿐인,8,[kʌn.na.p͈un.in],[gʌn.na.p͈un.in]
왕건의 옅은 한숨,8,[waŋ.kʌn.ɯi.jʌt̚.ɯn.han.sum],[waŋ.gʌn.ɯi.jʌt̚.ɯn.han.sum]
왕건의 웃음,8,[waŋ.kʌn.ɯi.ut̚.ɯm],[waŋ.gʌn.ɯi.ut̚.ɯm]
되는 거지 난,8,[twe.nɯŋ.kʌ.tʃi.nan],[dwe.nɯn.gʌ.dʒi.nan]
Who''s to say,8,,
되는 거지만,8,[twe.nɯŋ.kʌ.tʃi.man],[dwe.nɯn.gʌ.dʒi.man]
되는 건 싫어요,8,[twe.nɯŋ.kʌn.sil.ʌ.jo],[dwe.nɯn.gʌn.sil.ʌ.jo]
왕국에 대해,8,[waŋ.kuk̚.e.tɛ.hɛ],[waŋ.guk̚.e.dɛ.hɛ]
나의 삶은,8,[na.ɯi.sam.ɯn],[na.ɯi.sam.ɯn]
왕국의 수호자,8,[waŋ.kuk̚.ɯi.su.ho.tʃa],[waŋ.guk̚.ɯi.su.ho.dʒa]
건 나에게,8,[kʌn.na.e.ke],[gʌn.na.e.ge]
여기 계신 분,8,[jʌ.ki.kje.sim.pun],[jʌ.gi.gje.sin.bun]
그렇게 무례하게,8,[kɯ.ɾʌt̚.ke.mu.ɾje.ha.ke],[gɯ.ɾʌt̚.ke.mu.ɾje.ha.ge]
피를 컥,8,[pʰi.ɾɯl.kʰʌk̚],[pʰi.ɾɯl.kʰʌk̚]
왕욱과 왕소의,8,[waŋ.uk̚.kwa.waŋ.so.ɯi],[waŋ.uk̚.kwa.waŋ.so.ɯi]
그렇게 무섭게,8,[kɯ.ɾʌt̚.ke.mu.sʌp̚.ke],[gɯ.ɾʌt̚.ke.mu.sʌp̚.ke]
왕으로 만들,8,[waŋ.ɯ.ɾo.man.tɯl],[waŋ.ɯ.ɾo.man.tɯl]
그렇게 무책임한,8,[kɯ.ɾʌt̚.ke.mu.tʃʰɛk̚.im.han],[gɯ.ɾʌt̚.ke.mu.tʃʰɛk̚.im.han]
건 나요,8,[kʌn.na.jo],[gʌn.na.jo]
되는 것 같았어요,8,[twe.nɯŋ.kʌt̚.kat̚.at̚.ʌ.jo],[dwe.nɯn.gʌt̚.gat̚.at̚.ʌ.jo]
왕은 절대,8,[waŋ.ɯn.tʃʌl.tɛ],[waŋ.ɯn.dʒʌl.tɛ]
그런 말 듣고,8,[kɯ.ɾʌn.mal.tɯt̚.ko],[gɯ.ɾʌn.mal.dɯt̚.ko]
왕은의 힘주는,8,[waŋ.ɯn.ɯi.hin.tʃu.nɯn],[waŋ.ɯn.ɯi.hin.tʃu.nɯn]
되는 것들,8,[twe.nɯŋ.kʌt̚.tɯl],[dwe.nɯn.gʌt̚.tɯl]
왕을 죽인,8,[waŋ.ɯl.tʃuk̚.in],[waŋ.ɯl.dʒuk̚.in]
hell did you,8,,
좋아할지 몰라서,8,[tʃot̚.a.hal.tʃi.mol.ɾa.sʌ],[dʒot̚.a.hal.tʃi.mol.ɾa.sʌ]
왕의 핸드를,8,[waŋ.ɯi.hɛn.tɯ.ɾɯl],[waŋ.ɯi.hɛn.tɯ.ɾɯl]
왕이 그,8,[waŋ.i.kɯ],[waŋ.i.gɯ]
왕이 되셔야,8,[waŋ.i.twe.sjʌ.ja],[waŋ.i.dwe.sjʌ.ja]
그렇게 믿는 게,8,[kɯ.ɾʌt̚.ke.mit̚.nɯŋ.ke],[gɯ.ɾʌt̚.ke.mit̚.nɯn.ge]
건 나한테는,8,[kʌn.na.han.tʰe.nɯn],[gʌn.na.han.tʰe.nɯn]
왕이 된 건,8,[waŋ.i.tweŋ.kʌn],[waŋ.i.dwen.gʌn]
좋아해 그런,8,[tʃot̚.a.hɛ.kɯ.ɾʌn],[dʒot̚.a.hɛ.gɯ.ɾʌn]
그렇게 믿어야,8,[kɯ.ɾʌt̚.ke.mit̚.ʌ.ja],[gɯ.ɾʌt̚.ke.mit̚.ʌ.ja]
되는 게 아니잖아요,8,[twe.nɯŋ.ke.a.ni.tʃan.a.jo],[dwe.nɯn.ge.a.ni.dʒan.a.jo]
데워 올게,8,[te.wʌ.ol.ke],[de.wʌ.ol.ke]
되는 경우가,8,[twe.nɯŋ.kjʌŋ.u.ka],[dwe.nɯn.gjʌŋ.u.ga]
데이 때,8,[te.i.t͈ɛ],[de.i.t͈ɛ]
못 믿겠소,8,[mot̚.mit̚.ket̚.so],[mot̚.mit̚.ket̚.so]
좋아해서 다행이야,8,[tʃot̚.a.hɛ.sʌ.ta.hɛŋ.i.ja],[dʒot̚.a.hɛ.sʌ.da.hɛŋ.i.ja]
못 믿겠어 내가,8,[mot̚.mit̚.ket̚.ʌ.nɛ.ka],[mot̚.mit̚.ket̚.ʌ.nɛ.ga]
왕후 전하,8,[waŋ.hu.tʃʌn.ha],[waŋ.hu.dʒʌn.ha]
왜 CIA에,8,[wɛ.e],[wɛ.e]
왜 TV에,8,[wɛ.e],[wɛ.e]
I''m married,8,,
왜 가는데요,8,[wɛ.ka.nɯn.te.jo],[wɛ.ga.nɯn.te.jo]
여기 남아 있어,8,[jʌ.ki.nam.a.it̚.ʌ],[jʌ.gi.nam.a.it̚.ʌ]
왜 가져가지,8,[wɛ.ka.tʃjʌ.ka.tʃi],[wɛ.ga.dʒjʌ.ga.dʒi]
왜 가져온,8,[wɛ.ka.tʃjʌ.on],[wɛ.ga.dʒjʌ.on]
되는 듯이,8,[twe.nɯn.tɯt̚.i],[dwe.nɯn.dɯt̚.i]
그렇게 보냐,8,[kɯ.ɾʌt̚.ke.po.nja],[gɯ.ɾʌt̚.ke.bo.nja]
그렇게 보십니까,8,[kɯ.ɾʌt̚.ke.po.sip̚.ni.k͈a],[gɯ.ɾʌt̚.ke.bo.sip̚.ni.k͈a]
여기 남을게요,8,[jʌ.ki.nam.ɯl.ke.jo],[jʌ.gi.nam.ɯl.ke.jo]
왜 갔습니까,8,[wɛ.kat̚.sɯp̚.ni.k͈a],[wɛ.gat̚.sɯp̚.ni.k͈a]
되는 방법은,8,[twe.nɯm.pam.pʌp̚.ɯn],[dwe.nɯn.baŋ.bʌp̚.ɯn]
건 내 알 바,8,[kʌn.nɛ.al.pa],[gʌn.nɛ.al.ba]
되는 법이죠,8,[twe.nɯm.pʌp̚.i.tʃjo],[dwe.nɯn.bʌp̚.i.dʒjo]
왜 같이 안 왔어요,8,[wɛ.kat̚.i.an.wat̚.ʌ.jo],[wɛ.gat̚.i.an.wat̚.ʌ.jo]
왜 걔,8,[wɛ.kjɛ],[wɛ.gjɛ]
왜 걔랑,8,[wɛ.kjɛ.ɾaŋ],[wɛ.gjɛ.ɾaŋ]
그렇게 보이고,8,[kɯ.ɾʌt̚.ke.po.i.ko],[gɯ.ɾʌt̚.ke.bo.i.go]
왜 거기서 나와,8,[wɛ.kʌ.ki.sʌ.na.wa],[wɛ.gʌ.gi.sʌ.na.wa]
왜 거짓말 했어,8,[wɛ.kʌ.tʃit̚.mal.hɛt̚.ʌ],[wɛ.gʌ.dʒit̚.mal.hɛt̚.ʌ]
왜 거짓말을 하는,8,[wɛ.kʌ.tʃit̚.mal.ɯl.ha.nɯn],[wɛ.gʌ.dʒit̚.mal.ɯl.ha.nɯn]
왜 거짓말을 하겠어요,8,[wɛ.kʌ.tʃit̚.mal.ɯl.ha.ket̚.ʌ.jo],[wɛ.gʌ.dʒit̚.mal.ɯl.ha.get̚.ʌ.jo]
되는 생각이야,8,[twe.nɯn.sɛŋ.kak̚.i.ja],[dwe.nɯn.sɛŋ.gak̚.i.ja]
왜 거짓말했죠,8,[wɛ.kʌ.tʃit̚.mal.hɛt̚.tʃjo],[wɛ.gʌ.dʒit̚.mal.hɛt̚.tʃjo]
왜 걱정을,8,[wɛ.kʌk̚.tʃʌŋ.ɯl],[wɛ.gʌk̚.tʃʌŋ.ɯl]
되는 소리 마요,8,[twe.nɯn.so.ɾi.ma.jo],[dwe.nɯn.so.ɾi.ma.jo]
왜 게임을,8,[wɛ.ke.im.ɯl],[wɛ.ge.im.ɯl]
되는 소리를 하고 있어,8,[twe.nɯn.so.ɾi.ɾɯl.ha.ko.it̚.ʌ],[dwe.nɯn.so.ɾi.ɾɯl.ha.go.it̚.ʌ]
그런 말 없었잖아,8,[kɯ.ɾʌn.mal.ʌp̚.ʌt̚.tʃan.a],[gɯ.ɾʌn.mal.ʌp̚.ʌt̚.tʃan.a]
나의 오빠였다,8,[na.ɯi.o.p͈a.jʌt̚.ta],[na.ɯi.o.p͈a.jʌt̚.ta]
왜 공격을,8,[wɛ.koŋ.kjʌk̚.ɯl],[wɛ.goŋ.gjʌk̚.ɯl]
건 내가 더,8,[kʌn.nɛ.ka.tʌ],[gʌn.nɛ.ga.dʌ]
왜 그 사람들을,8,[wɛ.kɯ.sa.ɾan.tɯl.ɯl],[wɛ.gɯ.sa.ɾan.tɯl.ɯl]
되는 얘긴,8,[twe.nɯn.jɛ.kin],[dwe.nɯn.jɛ.gin]
거요 그렇다면,8,[kʌ.jo.kɯ.ɾʌt̚.ta.mjʌn],[gʌ.jo.gɯ.ɾʌt̚.ta.mjʌn]
왜 그 얘길,8,[wɛ.kɯ.jɛ.kil],[wɛ.gɯ.jɛ.gil]
건 내가 아니라 너야,8,[kʌn.nɛ.ka.a.ni.ɾa.nʌ.ja],[gʌn.nɛ.ga.a.ni.ɾa.nʌ.ja]
왜 그걸 갖고,8,[wɛ.kɯ.kʌl.kat̚.ko],[wɛ.gɯ.gʌl.gat̚.ko]
왜 그걸 몰라,8,[wɛ.kɯ.kʌl.mol.ɾa],[wɛ.gɯ.gʌl.mol.ɾa]
되는 일로,8,[twe.nɯn.il.ɾo],[dwe.nɯn.il.ɾo]
못 믿지만,8,[mot̚.mit̚.tʃi.man],[mot̚.mit̚.tʃi.man]
왜 그냥 죽이지,8,[wɛ.kɯ.njaŋ.tʃuk̚.i.tʃi],[wɛ.gɯ.njaŋ.dʒuk̚.i.dʒi]
거요 그렇지,8,[kʌ.jo.kɯ.ɾʌt̚.tʃi],[gʌ.jo.gɯ.ɾʌt̚.tʃi]
여기 누르고,8,[jʌ.ki.nu.ɾɯ.ko],[jʌ.gi.nu.ɾɯ.go]
왜 그땐,8,[wɛ.kɯ.t͈ɛn],[wɛ.gɯ.t͈ɛn]
건 내가 알아서,8,[kʌn.nɛ.ka.al.a.sʌ],[gʌn.nɛ.ga.al.a.sʌ]
되는 줄 아나 봐,8,[twe.nɯn.tʃul.a.na.pwa],[dwe.nɯn.dʒul.a.na.bwa]
되는 줄 알아요,8,[twe.nɯn.tʃul.al.a.jo],[dwe.nɯn.dʒul.al.a.jo]
왜 그랬나 몰라,8,[wɛ.kɯ.ɾɛt̚.na.mol.ɾa],[wɛ.gɯ.ɾɛt̚.na.mol.ɾa]
왜 그랬는데요,8,[wɛ.kɯ.ɾɛt̚.nɯn.te.jo],[wɛ.gɯ.ɾɛt̚.nɯn.te.jo]
왜 그랬는지 모르겠네요,8,[wɛ.kɯ.ɾɛt̚.nɯn.tʃi.mo.ɾɯ.ket̚.ne.jo],[wɛ.gɯ.ɾɛt̚.nɯn.tʃi.mo.ɾɯ.get̚.ne.jo]
되는 쪽으로,8,[twe.nɯn.tʃ͈ok̚.ɯ.ɾo],[dwe.nɯn.tʃ͈ok̚.ɯ.ɾo]
왜 그랬는지 이해가,8,[wɛ.kɯ.ɾɛt̚.nɯn.tʃi.i.hɛ.ka],[wɛ.gɯ.ɾɛt̚.nɯn.tʃi.i.hɛ.ga]
왜 그랬는지도,8,[wɛ.kɯ.ɾɛt̚.nɯn.tʃi.to],[wɛ.gɯ.ɾɛt̚.nɯn.tʃi.do]
그렇게 부르는데,8,[kɯ.ɾʌt̚.ke.pu.ɾɯ.nɯn.te],[gɯ.ɾʌt̚.ke.bu.ɾɯ.nɯn.te]
네 요새,8,[ne.jo.sɛ],[ne.jo.sɛ]
되는거 알아,8,[twe.nɯŋ.kʌ.al.a],[dwe.nɯŋ.kʌ.al.a]
되는거 아닙니까,8,[twe.nɯŋ.kʌ.a.nip̚.ni.k͈a],[dwe.nɯŋ.kʌ.a.nip̚.ni.k͈a]
왜 그러고 있어요,8,[wɛ.kɯ.ɾʌ.ko.it̚.ʌ.jo],[wɛ.gɯ.ɾʌ.go.it̚.ʌ.jo]
되는걸 원치,8,[twe.nɯŋ.kʌl.wʌn.tʃʰi],[dwe.nɯŋ.kʌl.wʌn.tʃʰi]
되는데 괜찮아,8,[twe.nɯn.te.kwɛn.tʃʰan.a],[dwe.nɯn.te.gwɛn.tʃʰan.a]
그렇게 부르면 안,8,[kɯ.ɾʌt̚.ke.pu.ɾɯ.mjʌn.an],[gɯ.ɾʌt̚.ke.bu.ɾɯ.mjʌn.an]
건 너 뿐이야,8,[kʌn.nʌ.p͈un.i.ja],[gʌn.nʌ.p͈un.i.ja]
왜 그러는지 알겠다,8,[wɛ.kɯ.ɾʌ.nɯn.tʃi.al.ket̚.ta],[wɛ.gɯ.ɾʌ.nɯn.tʃi.al.ket̚.ta]
왜 그러면,8,[wɛ.kɯ.ɾʌ.mjʌn],[wɛ.gɯ.ɾʌ.mjʌn]
되는데 나,8,[twe.nɯn.te.na],[dwe.nɯn.te.na]
왜 그러시나요,8,[wɛ.kɯ.ɾʌ.si.na.jo],[wɛ.gɯ.ɾʌ.si.na.jo]
왜 그러시는 거죠,8,[wɛ.kɯ.ɾʌ.si.nɯŋ.kʌ.tʃjo],[wɛ.gɯ.ɾʌ.si.nɯn.gʌ.dʒjo]
왜 그러신 거죠,8,[wɛ.kɯ.ɾʌ.siŋ.kʌ.tʃjo],[wɛ.gɯ.ɾʌ.sin.gʌ.dʒjo]
되는데 넌,8,[twe.nɯn.te.nʌn],[dwe.nɯn.te.nʌn]
왜 그런 거니,8,[wɛ.kɯ.ɾʌŋ.kʌ.ni],[wɛ.gɯ.ɾʌn.gʌ.ni]
되는데 당신은,8,[twe.nɯn.te.taŋ.sin.ɯn],[dwe.nɯn.te.daŋ.sin.ɯn]
되는데 말이죠,8,[twe.nɯn.te.mal.i.tʃjo],[dwe.nɯn.te.mal.i.dʒjo]
되는데 미안해,8,[twe.nɯn.te.mi.an.hɛ],[dwe.nɯn.te.mi.an.hɛ]
나의 전부,8,[na.ɯi.tʃʌm.pu],[na.ɯi.dʒʌm.pu]
왜 그런 눈으로 봐,8,[wɛ.kɯ.ɾʌn.nun.ɯ.ɾo.pwa],[wɛ.gɯ.ɾʌn.nun.ɯ.ɾo.bwa]
왜 그런 말씀을 하시는,8,[wɛ.kɯ.ɾʌn.mal.s͈ɯm.ɯl.ha.si.nɯn],[wɛ.gɯ.ɾʌn.mal.s͈ɯm.ɯl.ha.si.nɯn]
여기 더 있어야 돼요,8,[jʌ.ki.tʌ.it̚.ʌ.ja.twɛ.jo],[jʌ.gi.dʌ.it̚.ʌ.ja.dwɛ.jo]
왜 그런 생각이,8,[wɛ.kɯ.ɾʌn.sɛŋ.kak̚.i],[wɛ.gɯ.ɾʌn.sɛŋ.gak̚.i]
왜 그런 생각을 해요,8,[wɛ.kɯ.ɾʌn.sɛŋ.kak̚.ɯl.hɛ.jo],[wɛ.gɯ.ɾʌn.sɛŋ.gak̚.ɯl.hɛ.jo]
건 너를,8,[kʌn.nʌ.ɾɯl],[gʌn.nʌ.ɾɯl]
그렇게 불러야,8,[kɯ.ɾʌt̚.ke.pul.ɾʌ.ja],[gɯ.ɾʌt̚.ke.bul.ɾʌ.ja]
왜 그런 짓을 하지,8,[wɛ.kɯ.ɾʌn.tʃit̚.ɯl.ha.tʃi],[wɛ.gɯ.ɾʌn.dʒit̚.ɯl.ha.dʒi]
되는데 저,8,[twe.nɯn.te.tʃʌ],[dwe.nɯn.te.dʒʌ]
그렇게 불렀다,8,[kɯ.ɾʌt̚.ke.pul.ɾʌt̚.ta],[gɯ.ɾʌt̚.ke.bul.ɾʌt̚.ta]
왜 그런대요,8,[wɛ.kɯ.ɾʌn.tɛ.jo],[wɛ.gɯ.ɾʌn.tɛ.jo]
되는데 혹시,8,[twe.nɯn.te.hok̚.si],[dwe.nɯn.te.hok̚.si]
되는데 한,8,[twe.nɯn.te.han],[dwe.nɯn.te.han]
왜 그런지 모르겠네요,8,[wɛ.kɯ.ɾʌn.tʃi.mo.ɾɯ.ket̚.ne.jo],[wɛ.gɯ.ɾʌn.tʃi.mo.ɾɯ.get̚.ne.jo]
왜 그런지 이해하지 않아요,8,[wɛ.kɯ.ɾʌn.tʃi.i.hɛ.ha.tʃi.an.a.jo],[wɛ.gɯ.ɾʌn.tʃi.i.hɛ.ha.dʒi.an.a.jo]
건 너무나,8,[kʌn.nʌ.mu.na],[gʌn.nʌ.mu.na]
그렇게 비참하게,8,[kɯ.ɾʌt̚.ke.pi.tʃʰam.ha.ke],[gɯ.ɾʌt̚.ke.bi.tʃʰam.ha.ge]
되는지 보여,8,[twe.nɯn.tʃi.po.jʌ],[dwe.nɯn.tʃi.bo.jʌ]
왜 그럽니까,8,[wɛ.kɯ.ɾʌp̚.ni.k͈a],[wɛ.gɯ.ɾʌp̚.ni.k͈a]
되는지 보죠,8,[twe.nɯn.tʃi.po.tʃjo],[dwe.nɯn.tʃi.bo.dʒjo]
여기 도착하기,8,[jʌ.ki.to.tʃʰak̚.ha.ki],[jʌ.gi.do.tʃʰak̚.ha.gi]
왜 그렇게 그,8,[wɛ.kɯ.ɾʌt̚.ke.kɯ],[wɛ.gɯ.ɾʌt̚.ke.gɯ]
되는지 아나,8,[twe.nɯn.tʃi.a.na],[dwe.nɯn.tʃi.a.na]
되는지 아시죠,8,[twe.nɯn.tʃi.a.si.tʃjo],[dwe.nɯn.tʃi.a.si.dʒjo]
못 받으니까,8,[mot̚.pat̚.ɯ.ni.k͈a],[mot̚.bat̚.ɯ.ni.k͈a]
되는지 알죠,8,[twe.nɯn.tʃi.al.tʃjo],[dwe.nɯn.tʃi.al.tʃjo]
건 너뿐이다,8,[kʌn.nʌ.p͈un.i.ta],[gʌn.nʌ.p͈un.i.da]
그렇게 빨리해,8,[kɯ.ɾʌt̚.ke.p͈al.ɾi.hɛ],[gɯ.ɾʌt̚.ke.p͈al.ɾi.hɛ]
되니 기분이,8,[twe.ni.ki.pun.i],[dwe.ni.gi.bun.i]
왜 그렇게 신경을,8,[wɛ.kɯ.ɾʌt̚.ke.siŋ.kjʌŋ.ɯl],[wɛ.gɯ.ɾʌt̚.ke.siŋ.kjʌŋ.ɯl]
왜 그렇게 싫어해,8,[wɛ.kɯ.ɾʌt̚.ke.sil.ʌ.hɛ],[wɛ.gɯ.ɾʌt̚.ke.sil.ʌ.hɛ]
되니까 너,8,[twe.ni.k͈a.nʌ],[dwe.ni.k͈a.nʌ]
왜 그렇게 힘들게,8,[wɛ.kɯ.ɾʌt̚.ke.hin.tɯl.ke],[wɛ.gɯ.ɾʌt̚.ke.hin.tɯl.ke]
되니까 빨리,8,[twe.ni.k͈a.p͈al.ɾi],[dwe.ni.k͈a.p͈al.ɾi]
좋은 가격을,8,[tʃot̚.ɯŋ.ka.kjʌk̚.ɯl],[dʒot̚.ɯn.ga.gjʌk̚.ɯl]
건 너에게,8,[kʌn.nʌ.e.ke],[gʌn.nʌ.e.ge]
그렇게 살 순,8,[kɯ.ɾʌt̚.ke.sal.sun],[gɯ.ɾʌt̚.ke.sal.sun]
왜 그리움은,8,[wɛ.kɯ.ɾi.um.ɯn],[wɛ.gɯ.ɾi.um.ɯn]
왜 그만둬,8,[wɛ.kɯ.man.twʌ],[wɛ.gɯ.man.twʌ]
왜 그와,8,[wɛ.kɯ.wa],[wɛ.gɯ.wa]
그렇게 살고 싶어요,8,[kɯ.ɾʌt̚.ke.sal.ko.sip̚.ʌ.jo],[gɯ.ɾʌt̚.ke.sal.ko.sip̚.ʌ.jo]
왜 그쪽을,8,[wɛ.kɯ.tʃ͈ok̚.ɯl],[wɛ.gɯ.tʃ͈ok̚.ɯl]
그렇게 살기,8,[kɯ.ɾʌt̚.ke.sal.ki],[gɯ.ɾʌt̚.ke.sal.ki]
되니까요 이,8,[twe.ni.k͈a.jo.i],[dwe.ni.k͈a.jo.i]
왜 길을,8,[wɛ.kil.ɯl],[wɛ.gil.ɯl]
왜 꺼내요,8,[wɛ.k͈ʌ.nɛ.jo],[wɛ.k͈ʌ.nɛ.jo]
왜 나 같은,8,[wɛ.na.kat̚.ɯn],[wɛ.na.gat̚.ɯn]
왜 나 혼자,8,[wɛ.na.hon.tʃa],[wɛ.na.hon.tʃa]
help the,8,,
피에르 베주코프,8,[pʰi.e.ɾɯ.pe.tʃu.kʰo.pʰɯ],[pʰi.e.ɾɯ.be.dʒu.kʰo.pʰɯ]
왜 나랑 같이,8,[wɛ.na.ɾaŋ.kat̚.i],[wɛ.na.ɾaŋ.gat̚.i]
왜 나를 그냥,8,[wɛ.na.ɾɯl.kɯ.njaŋ],[wɛ.na.ɾɯl.gɯ.njaŋ]
되다니 믿을 수가,8,[twe.ta.ni.mit̚.ɯl.su.ka],[dwe.da.ni.mit̚.ɯl.su.ga]
왜 나를 안,8,[wɛ.na.ɾɯl.an],[wɛ.na.ɾɯl.an]
좋은 거래야,8,[tʃot̚.ɯŋ.kʌ.ɾɛ.ja],[dʒot̚.ɯn.gʌ.ɾɛ.ja]
왜 나온 거야,8,[wɛ.na.oŋ.kʌ.ja],[wɛ.na.on.gʌ.ja]
왜 나한테 그,8,[wɛ.na.han.tʰe.kɯ],[wɛ.na.han.tʰe.gɯ]
왜 나한테 말하는,8,[wɛ.na.han.tʰe.mal.ha.nɯn],[wɛ.na.han.tʰe.mal.ha.nɯn]
되돌려 놓고,8,[twe.tol.ɾjʌ.not̚.ko],[dwe.dol.ɾjʌ.not̚.ko]
소원 들어주는,8,[so.wʌn.tɯl.ʌ.tʃu.nɯn],[so.wʌn.dɯl.ʌ.dʒu.nɯn]
왜 나한테 물어보는,8,[wɛ.na.han.tʰe.mul.ʌ.po.nɯn],[wɛ.na.han.tʰe.mul.ʌ.bo.nɯn]
그렇게 생각안해요,8,[kɯ.ɾʌt̚.ke.sɛŋ.kak̚.an.hɛ.jo],[gɯ.ɾʌt̚.ke.sɛŋ.gak̚.an.hɛ.jo]
왜 나한테 이러는 거야,8,[wɛ.na.han.tʰe.i.ɾʌ.nɯŋ.kʌ.ja],[wɛ.na.han.tʰe.i.ɾʌ.nɯn.gʌ.ja]
좋았어 좀,8,[tʃot̚.at̚.ʌ.tʃom],[dʒot̚.at̚.ʌ.dʒom]
되돌리고 싶어요,8,[twe.tol.ɾi.ko.sip̚.ʌ.jo],[dwe.dol.ɾi.go.sip̚.ʌ.jo]
되돌리고 싶지,8,[twe.tol.ɾi.ko.sip̚.tʃi],[dwe.dol.ɾi.go.sip̚.tʃi]
되돌리고 싶지만,8,[twe.tol.ɾi.ko.sip̚.tʃi.man],[dwe.dol.ɾi.go.sip̚.tʃi.man]
왜 난 안 돼,8,[wɛ.nan.an.twɛ],[wɛ.nan.an.dwɛ]
되돌리는 게,8,[twe.tol.ɾi.nɯŋ.ke],[dwe.dol.ɾi.nɯn.ge]
되돌리는 데,8,[twe.tol.ɾi.nɯn.te],[dwe.dol.ɾi.nɯn.de]
그렇게 생각하고 있어,8,[kɯ.ɾʌt̚.ke.sɛŋ.kak̚.ha.ko.it̚.ʌ],[gɯ.ɾʌt̚.ke.sɛŋ.gak̚.ha.go.it̚.ʌ]
되돌릴 거야,8,[twe.tol.ɾil.kʌ.ja],[dwe.dol.ɾil.gʌ.ja]
데이터 업로드,8,[te.i.tʰʌ.ʌp̚.ɾo.tɯ],[de.i.tʰʌ.ʌp̚.ɾo.dɯ]
왜 날 돕는 거야,8,[wɛ.nal.top̚.nɯŋ.kʌ.ja],[wɛ.nal.dop̚.nɯn.gʌ.ja]
거요 다,8,[kʌ.jo.ta],[gʌ.jo.da]
피우고 올게요,8,[pʰi.u.ko.ol.ke.jo],[pʰi.u.go.ol.ke.jo]
왜 날 못 죽였어,8,[wɛ.nal.mot̚.tʃuk̚.jʌt̚.ʌ],[wɛ.nal.mot̚.dʒuk̚.jʌt̚.ʌ]
왜 날 보자고,8,[wɛ.nal.po.tʃa.ko],[wɛ.nal.bo.dʒa.go]
왜 날 보러,8,[wɛ.nal.po.ɾʌ],[wɛ.nal.bo.ɾʌ]
왜 날 여기로 데려온,8,[wɛ.nal.jʌ.ki.ɾo.te.ɾjʌ.on],[wɛ.nal.jʌ.gi.ɾo.de.ɾjʌ.on]
왜 날 위해,8,[wɛ.nal.wi.hɛ],[wɛ.nal.wi.hɛ]
그렇게 생각하냐,8,[kɯ.ɾʌt̚.ke.sɛŋ.kak̚.ha.nja],[gɯ.ɾʌt̚.ke.sɛŋ.gak̚.ha.nja]
왜 날 찾아,8,[wɛ.nal.tʃʰat̚.a],[wɛ.nal.tʃʰat̚.a]
왜 날 쳐다봐,8,[wɛ.nal.tʃʰjʌ.ta.pwa],[wɛ.nal.tʃʰjʌ.da.bwa]
왜 남,8,[wɛ.nam],[wɛ.nam]
되돌릴 수 있으면,8,[twe.tol.ɾil.su.it̚.ɯ.mjʌn],[dwe.dol.ɾil.su.it̚.ɯ.mjʌn]
왜 낯이,8,[wɛ.nat̚.i],[wɛ.nat̚.i]
되돌릴 순 없어요,8,[twe.tol.ɾil.sun.ʌp̚.ʌ.jo],[dwe.dol.ɾil.sun.ʌp̚.ʌ.jo]
왜 내 인생을,8,[wɛ.nɛ.in.sɛŋ.ɯl],[wɛ.nɛ.in.sɛŋ.ɯl]
왜 내 전화를,8,[wɛ.nɛ.tʃʌn.hwa.ɾɯl],[wɛ.nɛ.dʒʌn.hwa.ɾɯl]
왜 내가 널 믿어야,8,[wɛ.nɛ.ka.nʌl.mit̚.ʌ.ja],[wɛ.nɛ.ga.nʌl.mit̚.ʌ.ja]
왜 내가 아직,8,[wɛ.nɛ.ka.a.tʃik̚],[wɛ.nɛ.ga.a.dʒik̚]
Why did I,8,,
왜 내가 해,8,[wɛ.nɛ.ka.hɛ],[wɛ.nɛ.ga.hɛ]
건 누구나 다,8,[kʌn.nu.ku.na.ta],[gʌn.nu.gu.na.da]
왜 너같은,8,[wɛ.nʌ.kat̚.ɯn],[wɛ.nʌ.gat̚.ɯn]
되든지 아니면,8,[twe.tɯn.tʃi.a.ni.mjʌn],[dwe.dɯn.tʃi.a.ni.mjʌn]
왜 너희들을,8,[wɛ.nʌ.hɯi.tɯl.ɯl],[wɛ.nʌ.hɯi.dɯl.ɯl]
왜 너희를,8,[wɛ.nʌ.hɯi.ɾɯl],[wɛ.nʌ.hɯi.ɾɯl]
왜 넌 항상,8,[wɛ.nʌn.haŋ.saŋ],[wɛ.nʌn.haŋ.saŋ]
되라는 거야,8,[twe.ɾa.nɯŋ.kʌ.ja],[dwe.ɾa.nɯn.gʌ.ja]
여기 머무르게,8,[jʌ.ki.mʌ.mu.ɾɯ.ke],[jʌ.gi.mʌ.mu.ɾɯ.ge]
좋은 결과는,8,[tʃot̚.ɯŋ.kjʌl.kwa.nɯn],[dʒot̚.ɯn.gjʌl.kwa.nɯn]
I''m never giving up,8,,
왜 누가 그랬을까,8,[wɛ.nu.ka.kɯ.ɾɛt̚.ɯl.k͈a],[wɛ.nu.ga.gɯ.ɾɛt̚.ɯl.k͈a]
왜 누군가를,8,[wɛ.nu.kuŋ.ka.ɾɯl],[wɛ.nu.guŋ.ka.ɾɯl]
그렇게 생각하시나요,8,[kɯ.ɾʌt̚.ke.sɛŋ.kak̚.ha.si.na.jo],[gɯ.ɾʌt̚.ke.sɛŋ.gak̚.ha.si.na.jo]
왜 누나가,8,[wɛ.nu.na.ka],[wɛ.nu.na.ga]
왜 누워,8,[wɛ.nu.wʌ],[wɛ.nu.wʌ]
그렇게 생각하신다면,8,[kɯ.ɾʌt̚.ke.sɛŋ.kak̚.ha.sin.ta.mjʌn],[gɯ.ɾʌt̚.ke.sɛŋ.gak̚.ha.sin.ta.mjʌn]
그렇게 생각하실,8,[kɯ.ɾʌt̚.ke.sɛŋ.kak̚.ha.sil],[gɯ.ɾʌt̚.ke.sɛŋ.gak̚.ha.sil]
왜 다들 내,8,[wɛ.ta.tɯl.lɛ],[wɛ.da.dɯl.lɛ]
I''m never giving,8,,
왜 당신만,8,[wɛ.taŋ.sin.man],[wɛ.daŋ.sin.man]
되면 그 때,8,[twe.mjʌŋ.kɯ.t͈ɛ],[dwe.mjʌn.gɯ.t͈ɛ]
왜 당장,8,[wɛ.taŋ.tʃaŋ],[wɛ.daŋ.dʒaŋ]
가 감사합니다,8,[ka.kam.sa.hap̚.ni.ta],[ga.gam.sa.hap̚.ni.da]
좋은 곳이 될,8,[tʃot̚.ɯŋ.kot̚.i.twel],[dʒot̚.ɯn.got̚.i.dwel]
왜 데리고 온 거야,8,[wɛ.te.ɾi.ko.oŋ.kʌ.ja],[wɛ.de.ɾi.go.on.gʌ.ja]
왜 도망가요,8,[wɛ.to.maŋ.ka.jo],[wɛ.do.maŋ.ga.jo]
왜 도망치는,8,[wɛ.to.maŋ.tʃʰi.nɯn],[wɛ.do.maŋ.tʃʰi.nɯn]
왜 도움이,8,[wɛ.to.um.i],[wɛ.do.um.i]
그렇게 생각한다는,8,[kɯ.ɾʌt̚.ke.sɛŋ.kak̚.han.ta.nɯn],[gɯ.ɾʌt̚.ke.sɛŋ.gak̚.han.ta.nɯn]
좋은 구경거리를,8,[tʃot̚.ɯŋ.ku.kjʌŋ.kʌ.ɾi.ɾɯl],[dʒot̚.ɯn.gu.gjʌŋ.gʌ.ɾi.ɾɯl]
왜 돌아온 거죠,8,[wɛ.tol.a.oŋ.kʌ.tʃjo],[wɛ.dol.a.on.gʌ.dʒjo]
나이 때부터,8,[na.i.t͈ɛ.pu.tʰʌ],[na.i.t͈ɛ.bu.tʰʌ]
왜 뒤져요,8,[wɛ.twi.tʃjʌ.jo],[wɛ.dwi.dʒjʌ.jo]
왜 듣고,8,[wɛ.tɯt̚.ko],[wɛ.dɯt̚.ko]
좋은 그런,8,[tʃot̚.ɯŋ.kɯ.ɾʌn],[dʒot̚.ɯn.gɯ.ɾʌn]
왜 들여보낸,8,[wɛ.tɯl.jʌ.po.nɛn],[wɛ.dɯl.jʌ.bo.nɛn]
왜 따라오는,8,[wɛ.t͈a.ɾa.o.nɯn],[wɛ.t͈a.ɾa.o.nɯn]
왜 때렸어,8,[wɛ.t͈ɛ.ɾjʌt̚.ʌ],[wɛ.t͈ɛ.ɾjʌt̚.ʌ]
왜 또 날,8,[wɛ.t͈o.nal],[wɛ.t͈o.nal]
왜 또 이렇게,8,[wɛ.t͈o.i.ɾʌt̚.ke],[wɛ.t͈o.i.ɾʌt̚.ke]
왜 똥,8,[wɛ.t͈oŋ],[wɛ.t͈oŋ]
왜 뛰어,8,[wɛ.t͈wi.ʌ],[wɛ.t͈wi.ʌ]
게리 쿠퍼,8,[ke.ɾi.kʰu.pʰʌ],[ge.ɾi.kʰu.pʰʌ]
여기 못 오게,8,[jʌ.ki.mot̚.o.ke],[jʌ.gi.mot̚.o.ge]
되면 뭐가,8,[twe.mjʌn.mwʌ.ka],[dwe.mjʌn.mwʌ.ga]
되면 뭐든,8,[twe.mjʌn.mwʌ.tɯn],[dwe.mjʌn.mwʌ.dɯn]
그렇게 생각해본,8,[kɯ.ɾʌt̚.ke.sɛŋ.kak̚.hɛ.pon],[gɯ.ɾʌt̚.ke.sɛŋ.gak̚.hɛ.bon]
왜 마이크를,8,[wɛ.ma.i.kʰɯ.ɾɯl],[wɛ.ma.i.kʰɯ.ɾɯl]
그렇게 생각해서,8,[kɯ.ɾʌt̚.ke.sɛŋ.kak̚.hɛ.sʌ],[gɯ.ɾʌt̚.ke.sɛŋ.gak̚.hɛ.sʌ]
되면 반드시,8,[twe.mjʌm.pan.tɯ.si],[dwe.mjʌn.ban.tɯ.si]
데이터베이스에 있는,8,[te.i.tʰʌ.pe.i.sɯ.e.it̚.nɯn],[de.i.tʰʌ.be.i.sɯ.e.it̚.nɯn]
제안은 이거야,8,[tʃe.an.ɯn.i.kʌ.ja],[dʒe.an.ɯn.i.gʌ.ja]
왜 만났어,8,[wɛ.man.nat̚.ʌ],[wɛ.man.nat̚.ʌ]
왜 만든,8,[wɛ.man.tɯn],[wɛ.man.tɯn]
왜 말 안 하셨어요,8,[wɛ.mal.an.ha.sjʌt̚.ʌ.jo],[wɛ.mal.an.ha.sjʌt̚.ʌ.jo]
왜 말귀를,8,[wɛ.mal.kwi.ɾɯl],[wɛ.mal.kwi.ɾɯl]
왜 말귀를 못,8,[wɛ.mal.kwi.ɾɯl.mot̚],[wɛ.mal.kwi.ɾɯl.mot̚]
되면 아주,8,[twe.mjʌn.a.tʃu],[dwe.mjʌn.a.dʒu]
왜 말하는,8,[wɛ.mal.ha.nɯn],[wɛ.mal.ha.nɯn]
그렇게 생각했어 하지만,8,[kɯ.ɾʌt̚.ke.sɛŋ.kak̚.hɛt̚.ʌ.ha.tʃi.man],[gɯ.ɾʌt̚.ke.sɛŋ.gak̚.hɛt̚.ʌ.ha.dʒi.man]
그렇게 생각했어요 그래서,8,[kɯ.ɾʌt̚.ke.sɛŋ.kak̚.hɛt̚.ʌ.jo.kɯ.ɾɛ.sʌ],[gɯ.ɾʌt̚.ke.sɛŋ.gak̚.hɛt̚.ʌ.jo.gɯ.ɾɛ.sʌ]
좋은 날이잖아,8,[tʃot̚.ɯn.nal.i.tʃan.a],[dʒot̚.ɯn.nal.i.dʒan.a]
되면 어느,8,[twe.mjʌn.ʌ.nɯ],[dwe.mjʌn.ʌ.nɯ]
가 계시면,8,[ka.kje.si.mjʌn],[ga.gje.si.mjʌn]
왜 멈춘거지,8,[wɛ.mʌn.tʃʰuŋ.kʌ.tʃi],[wɛ.mʌn.tʃʰuŋ.kʌ.dʒi]
그렇게 생각했죠 하지만,8,[kɯ.ɾʌt̚.ke.sɛŋ.kak̚.hɛt̚.tʃjo.ha.tʃi.man],[gɯ.ɾʌt̚.ke.sɛŋ.gak̚.hɛt̚.tʃjo.ha.dʒi.man]
왜 명령을,8,[wɛ.mjʌŋ.ɾjʌŋ.ɯl],[wɛ.mjʌŋ.ɾjʌŋ.ɯl]
여기 뭔가를,8,[jʌ.ki.mwʌŋ.ka.ɾɯl],[jʌ.gi.mwʌŋ.ka.ɾɯl]
되면 엄마가,8,[twe.mjʌn.ʌm.ma.ka],[dwe.mjʌn.ʌm.ma.ga]
좋은 남편,8,[tʃot̚.ɯn.nam.pʰjʌn],[dʒot̚.ɯn.nam.pʰjʌn]
왜 몰랐죠,8,[wɛ.mol.ɾat̚.tʃjo],[wɛ.mol.ɾat̚.tʃjo]
그렇게 서 있으면,8,[kɯ.ɾʌt̚.ke.sʌ.it̚.ɯ.mjʌn],[gɯ.ɾʌt̚.ke.sʌ.it̚.ɯ.mjʌn]
되면 왜,8,[twe.mjʌn.wɛ],[dwe.mjʌn.wɛ]
왜 무서운,8,[wɛ.mu.sʌ.un],[wɛ.mu.sʌ.un]
had a few,8,,
그렇게 서두를,8,[kɯ.ɾʌt̚.ke.sʌ.tu.ɾɯl],[gɯ.ɾʌt̚.ke.sʌ.du.ɾɯl]
되면 우리도,8,[twe.mjʌn.u.ɾi.to],[dwe.mjʌn.u.ɾi.do]
그렇게 서둘러서,8,[kɯ.ɾʌt̚.ke.sʌ.tul.ɾʌ.sʌ],[gɯ.ɾʌt̚.ke.sʌ.dul.ɾʌ.sʌ]
왜 문제야,8,[wɛ.mun.tʃe.ja],[wɛ.mun.tʃe.ja]
되면 이제,8,[twe.mjʌn.i.tʃe],[dwe.mjʌn.i.dʒe]
그렇게 세,8,[kɯ.ɾʌt̚.ke.se],[gɯ.ɾʌt̚.ke.se]
her all,8,,
되면 저는,8,[twe.mjʌn.tʃʌ.nɯn],[dwe.mjʌn.dʒʌ.nɯn]
그렇게 세월이,8,[kɯ.ɾʌt̚.ke.se.wʌl.i],[gɯ.ɾʌt̚.ke.se.wʌl.i]
되면 전화,8,[twe.mjʌn.tʃʌn.hwa],[dwe.mjʌn.dʒʌn.hwa]
그렇게 속,8,[kɯ.ɾʌt̚.ke.sok̚],[gɯ.ɾʌt̚.ke.sok̚]
her as,8,,
그렇게 속이,8,[kɯ.ɾʌt̚.ke.sok̚.i],[gɯ.ɾʌt̚.ke.sok̚.i]
왜 방해하는,8,[wɛ.paŋ.hɛ.ha.nɯn],[wɛ.baŋ.hɛ.ha.nɯn]
소중하게 생각해,8,[so.tʃuŋ.ha.ke.sɛŋ.kak̚.hɛ],[so.dʒuŋ.ha.ge.sɛŋ.gak̚.hɛ]
여기 병원이야,8,[jʌ.ki.pjʌŋ.wʌn.i.ja],[jʌ.gi.bjʌŋ.wʌn.i.ja]
되면 항상,8,[twe.mjʌn.haŋ.saŋ],[dwe.mjʌn.haŋ.saŋ]
가 교차로에서,8,[ka.kjo.tʃʰa.ɾo.e.sʌ],[ga.gjo.tʃʰa.ɾo.e.sʌ]
되면요 안,8,[twe.mjʌn.jo.an],[dwe.mjʌn.jo.an]
왜 보통,8,[wɛ.po.tʰoŋ],[wɛ.bo.tʰoŋ]
좋은 데 가서,8,[tʃot̚.ɯn.te.ka.sʌ],[dʒot̚.ɯn.de.ga.sʌ]
건 다 했잖아,8,[kʌn.ta.hɛt̚.tʃan.a],[gʌn.da.hɛt̚.tʃan.a]
되살아날 수,8,[twe.sal.a.nal.su],[dwe.sal.a.nal.su]
그렇게 쉬웠으면,8,[kɯ.ɾʌt̚.ke.swi.wʌt̚.ɯ.mjʌn],[gɯ.ɾʌt̚.ke.swi.wʌt̚.ɯ.mjʌn]
왜 불렀지,8,[wɛ.pul.ɾʌt̚.tʃi],[wɛ.bul.ɾʌt̚.tʃi]
her baby,8,,
되서 좋다,8,[twe.sʌ.tʃot̚.ta],[dwe.sʌ.dʒot̚.ta]
건 다들 알아,8,[kʌn.ta.tɯl.al.a],[gʌn.da.dɯl.al.a]
그렇게 쉽지 않아,8,[kɯ.ɾʌt̚.ke.swip̚.tʃi.an.a],[gɯ.ɾʌt̚.ke.swip̚.tʃi.an.a]
왜 사람은,8,[wɛ.sa.ɾam.ɯn],[wɛ.sa.ɾam.ɯn]
왜 사사건건,8,[wɛ.sa.sa.kʌŋ.kʌn],[wɛ.sa.sa.gʌŋ.kʌn]
왜 사서,8,[wɛ.sa.sʌ],[wɛ.sa.sʌ]
왜 산 거야,8,[wɛ.saŋ.kʌ.ja],[wɛ.san.gʌ.ja]
Why do you ask,8,,
되신 거,8,[twe.siŋ.kʌ],[dwe.sin.gʌ]
데이트 앱에서,8,[te.i.tʰɯ.ɛp̚.e.sʌ],[de.i.tʰɯ.ɛp̚.e.sʌ]
되실 거야,8,[twe.sil.kʌ.ja],[dwe.sil.gʌ.ja]
그렇게 시간을,8,[kɯ.ɾʌt̚.ke.si.kan.ɯl],[gɯ.ɾʌt̚.ke.si.gan.ɯl]
왜 소리는,8,[wɛ.so.ɾi.nɯn],[wɛ.so.ɾi.nɯn]
왜 소리를 지르고,8,[wɛ.so.ɾi.ɾɯl.tʃi.ɾɯ.ko],[wɛ.so.ɾi.ɾɯl.dʒi.ɾɯ.go]
왜 속도를,8,[wɛ.sok̚.to.ɾɯl],[wɛ.sok̚.to.ɾɯl]
왜 소식이,8,[wɛ.so.sik̚.i],[wɛ.so.sik̚.i]
왜 속삭여요,8,[wɛ.sok̚.sak̚.jʌ.jo],[wɛ.sok̚.sak̚.jʌ.jo]
왜 속삭이는 거야,8,[wɛ.sok̚.sak̚.i.nɯŋ.kʌ.ja],[wɛ.sok̚.sak̚.i.nɯn.gʌ.ja]
그렇게 시작된,8,[kɯ.ɾʌt̚.ke.si.tʃak̚.twen],[gɯ.ɾʌt̚.ke.si.dʒak̚.twen]
되어 기뻐,8,[twe.ʌ.ki.p͈ʌ],[dwe.ʌ.gi.p͈ʌ]
그렇게 시작하는 거죠,8,[kɯ.ɾʌt̚.ke.si.tʃak̚.ha.nɯŋ.kʌ.tʃjo],[gɯ.ɾʌt̚.ke.si.dʒak̚.ha.nɯn.gʌ.dʒjo]
그렇게 시작하는 거야,8,[kɯ.ɾʌt̚.ke.si.tʃak̚.ha.nɯŋ.kʌ.ja],[gɯ.ɾʌt̚.ke.si.dʒak̚.ha.nɯn.gʌ.ja]
건 단 한 가지,8,[kʌn.tan.haŋ.ka.tʃi],[gʌn.dan.han.ga.dʒi]
좋은 방법도,8,[tʃot̚.ɯm.pam.pʌp̚.to],[dʒot̚.ɯn.baŋ.bʌp̚.to]
왜 신경쓰는데,8,[wɛ.siŋ.kjʌŋ.s͈ɯ.nɯn.te],[wɛ.siŋ.kjʌŋ.s͈ɯ.nɯn.te]
왜 신고 안,8,[wɛ.siŋ.ko.an],[wɛ.siŋ.ko.an]
왜 신고하지,8,[wɛ.siŋ.ko.ha.tʃi],[wɛ.siŋ.ko.ha.dʒi]
그렇게 신경써,8,[kɯ.ɾʌt̚.ke.siŋ.kjʌŋ.s͈ʌ],[gɯ.ɾʌt̚.ke.siŋ.kjʌŋ.s͈ʌ]
왜 실종 신고를,8,[wɛ.sil.tʃoŋ.siŋ.ko.ɾɯl],[wɛ.sil.tʃoŋ.siŋ.ko.ɾɯl]
가 그래요,8,[ka.kɯ.ɾɛ.jo],[ga.gɯ.ɾɛ.jo]
되어 버렸다,8,[twe.ʌ.pʌ.ɾjʌt̚.ta],[dwe.ʌ.bʌ.ɾjʌt̚.ta]
왜 싸우고,8,[wɛ.s͈a.u.ko],[wɛ.s͈a.u.go]
되어 유감이에요,8,[twe.ʌ.ju.kam.i.e.jo],[dwe.ʌ.ju.gam.i.e.jo]
되어 우리,8,[twe.ʌ.u.ɾi],[dwe.ʌ.u.ɾi]
나이가 어떻게 되세요,8,[na.i.ka.ʌ.t͈ʌt̚.ke.twe.se.jo],[na.i.ga.ʌ.t͈ʌt̚.ke.dwe.se.jo]
되어 있거든,8,[twe.ʌ.it̚.kʌ.tɯn],[dwe.ʌ.it̚.kʌ.dɯn]
되어 있나,8,[twe.ʌ.it̚.na],[dwe.ʌ.it̚.na]
왜 아무 말도 안했어,8,[wɛ.a.mu.mal.to.an.hɛt̚.ʌ],[wɛ.a.mu.mal.to.an.hɛt̚.ʌ]
왜 아무도 말이,8,[wɛ.a.mu.to.mal.i],[wɛ.a.mu.do.mal.i]
왜 아무도 말이 없죠,8,[wɛ.a.mu.to.mal.i.ʌp̚.tʃjo],[wɛ.a.mu.do.mal.i.ʌp̚.tʃjo]
그렇게 싸우는,8,[kɯ.ɾʌt̚.ke.s͈a.u.nɯn],[gɯ.ɾʌt̚.ke.s͈a.u.nɯn]
소중한 에린의,8,[so.tʃuŋ.han.e.ɾin.ɯi],[so.dʒuŋ.han.e.ɾin.ɯi]
왜 아직 안 자,8,[wɛ.a.tʃik̚.an.tʃa],[wɛ.a.dʒik̚.an.dʒa]
되어 있을 거야,8,[twe.ʌ.it̚.ɯl.kʌ.ja],[dwe.ʌ.it̚.ɯl.gʌ.ja]
되어 있잖아,8,[twe.ʌ.it̚.tʃan.a],[dwe.ʌ.it̚.tʃan.a]
되어 있지 않다,8,[twe.ʌ.it̚.tʃi.an.ta],[dwe.ʌ.it̚.tʃi.an.ta]
건 당신만이,8,[kʌn.taŋ.sin.man.i],[gʌn.daŋ.sin.man.i]
왜 안 갔어요,8,[wɛ.aŋ.kat̚.ʌ.jo],[wɛ.an.gat̚.ʌ.jo]
되어 정말 기뻐요,8,[twe.ʌ.tʃʌŋ.mal.ki.p͈ʌ.jo],[dwe.ʌ.dʒʌŋ.mal.gi.p͈ʌ.jo]
여기 살거든,8,[jʌ.ki.sal.kʌ.tɯn],[jʌ.gi.sal.kʌ.dɯn]
왜 안 나오지,8,[wɛ.an.na.o.tʃi],[wɛ.an.na.o.dʒi]
피터 안녕,8,[pʰi.tʰʌ.an.njʌŋ],[pʰi.tʰʌ.an.njʌŋ]
왜 안 되는 거야,8,[wɛ.an.twe.nɯŋ.kʌ.ja],[wɛ.an.dwe.nɯn.gʌ.ja]
왜 안 들어와,8,[wɛ.an.tɯl.ʌ.wa],[wɛ.an.dɯl.ʌ.wa]
가지 말고요,8,[ka.tʃi.mal.ko.jo],[ga.dʒi.mal.ko.jo]
왜 안 왔죠,8,[wɛ.an.wat̚.tʃjo],[wɛ.an.wat̚.tʃjo]
그렇게 안 보이겠지만,8,[kɯ.ɾʌt̚.ke.am.po.i.ket̚.tʃi.man],[gɯ.ɾʌt̚.ke.an.bo.i.get̚.tʃi.man]
그렇게 안 불러요,8,[kɯ.ɾʌt̚.ke.am.pul.ɾʌ.jo],[gɯ.ɾʌt̚.ke.an.bul.ɾʌ.jo]
그렇게 안 살아,8,[kɯ.ɾʌt̚.ke.an.sal.a],[gɯ.ɾʌt̚.ke.an.sal.a]
왜 알고 싶은,8,[wɛ.al.ko.sip̚.ɯn],[wɛ.al.ko.sip̚.ɯn]
그렇게 안 좋은,8,[kɯ.ɾʌt̚.ke.an.tʃot̚.ɯn],[gɯ.ɾʌt̚.ke.an.dʒot̚.ɯn]
왜 애,8,[wɛ.ɛ],[wɛ.ɛ]
못 봤을 수도,8,[mot̚.pwat̚.ɯl.su.to],[mot̚.bwat̚.ɯl.su.do]
왜 애초에,8,[wɛ.ɛ.tʃʰo.e],[wɛ.ɛ.tʃʰo.e]
왜 얘기를 안,8,[wɛ.jɛ.ki.ɾɯl.an],[wɛ.jɛ.gi.ɾɯl.an]
데이트라도 해,8,[te.i.tʰɯ.ɾa.to.hɛ],[de.i.tʰɯ.ɾa.do.hɛ]
되었다 Almost Human S,8,[twe.ʌt̚.ta],[dwe.ʌt̚.ta]
되었다 그,8,[twe.ʌt̚.ta.kɯ],[dwe.ʌt̚.ta.gɯ]
그렇게 안하면,8,[kɯ.ɾʌt̚.ke.an.ha.mjʌn],[gɯ.ɾʌt̚.ke.an.ha.mjʌn]
그런 말이 아니었어,8,[kɯ.ɾʌn.mal.i.a.ni.ʌt̚.ʌ],[gɯ.ɾʌn.mal.i.a.ni.ʌt̚.ʌ]
왜 엄마랑,8,[wɛ.ʌm.ma.ɾaŋ],[wɛ.ʌm.ma.ɾaŋ]
되었다 기술의,8,[twe.ʌt̚.ta.ki.sul.ɯi],[dwe.ʌt̚.ta.gi.sul.ɯi]
되었다 기술의 위험한,8,[twe.ʌt̚.ta.ki.sul.ɯi.wi.hʌm.han],[dwe.ʌt̚.ta.gi.sul.ɯi.wi.hʌm.han]
왜 없겠어,8,[wɛ.ʌp̚.ket̚.ʌ],[wɛ.ʌp̚.ket̚.ʌ]
되었다 기술의 위험한 발전은,8,[twe.ʌt̚.ta.ki.sul.ɯi.wi.hʌm.ham.pal.tʃʌn.ɯn],[dwe.ʌt̚.ta.gi.sul.ɯi.wi.hʌm.han.bal.tʃʌn.ɯn]
되었다 내가,8,[twe.ʌt̚.ta.nɛ.ka],[dwe.ʌt̚.ta.nɛ.ga]
Why does he have,8,,
그렇게 알아요,8,[kɯ.ɾʌt̚.ke.al.a.jo],[gɯ.ɾʌt̚.ke.al.a.jo]
되었든 간에,8,[twe.ʌt̚.tɯŋ.kan.e],[dwe.ʌt̚.tɯn.gan.e]
되었습니다 그리고,8,[twe.ʌt̚.sɯp̚.ni.ta.kɯ.ɾi.ko],[dwe.ʌt̚.sɯp̚.ni.da.gɯ.ɾi.go]
되었습니다 저는,8,[twe.ʌt̚.sɯp̚.ni.ta.tʃʌ.nɯn],[dwe.ʌt̚.sɯp̚.ni.da.dʒʌ.nɯn]
왜 여기 있는지 알아,8,[wɛ.jʌ.ki.it̚.nɯn.tʃi.al.a],[wɛ.jʌ.gi.it̚.nɯn.tʃi.al.a]
그렇게 약하지 않아,8,[kɯ.ɾʌt̚.ke.jak̚.ha.tʃi.an.a],[gɯ.ɾʌt̚.ke.jak̚.ha.dʒi.an.a]
왜 여기까지 온,8,[wɛ.jʌ.ki.k͈a.tʃi.on],[wɛ.jʌ.gi.k͈a.dʒi.on]
했다 해도,8,[hɛt̚.ta.hɛ.to],[hɛt̚.ta.hɛ.do]
왜 여기서 자고,8,[wɛ.jʌ.ki.sʌ.tʃa.ko],[wɛ.jʌ.gi.sʌ.dʒa.go]
her heart,8,,
그렇게 얘기하죠,8,[kɯ.ɾʌt̚.ke.jɛ.ki.ha.tʃjo],[gɯ.ɾʌt̚.ke.jɛ.gi.ha.dʒjo]
왜 여기있는지,8,[wɛ.jʌ.ki.it̚.nɯn.tʃi],[wɛ.jʌ.gi.it̚.nɯn.tʃi]
왜 여기죠,8,[wɛ.jʌ.ki.tʃjo],[wɛ.jʌ.gi.dʒjo]
her here,8,,
되었죠 하지만,8,[twe.ʌt̚.tʃjo.ha.tʃi.man],[dwe.ʌt̚.tʃjo.ha.dʒi.man]
여기 손을,8,[jʌ.ki.son.ɯl],[jʌ.gi.son.ɯl]
피터슨 와이어트의,8,[pʰi.tʰʌ.sɯn.wa.i.ʌ.tʰɯ.ɯi],[pʰi.tʰʌ.sɯn.wa.i.ʌ.tʰɯ.ɯi]
왜 여자한테,8,[wɛ.jʌ.tʃa.han.tʰe],[wɛ.jʌ.dʒa.han.tʰe]
되요 그럼,8,[twe.jo.kɯ.ɾʌm],[dwe.jo.gɯ.ɾʌm]
왜 여태껏,8,[wɛ.jʌ.tʰɛ.k͈ʌt̚],[wɛ.jʌ.tʰɛ.k͈ʌt̚]
가 나를,8,[ka.na.ɾɯl],[ga.na.ɾɯl]
되요 네,8,[twe.jo.ne],[dwe.jo.ne]
왜 연락도,8,[wɛ.jʌl.lak̚.to],[wɛ.jʌl.lak̚.to]
왜 열려 있지,8,[wɛ.jʌl.ɾjʌ.it̚.tʃi],[wɛ.jʌl.ɾjʌ.it̚.tʃi]
여기 숨어있어,8,[jʌ.ki.sum.ʌ.it̚.ʌ],[jʌ.gi.sum.ʌ.it̚.ʌ]
왜 오랫동안,8,[wɛ.o.ɾɛt̚.toŋ.an],[wɛ.o.ɾɛt̚.toŋ.an]
되잖아 그러면,8,[twe.tʃan.a.kɯ.ɾʌ.mjʌn],[dwe.dʒan.a.gɯ.ɾʌ.mjʌn]
되잖아 나도,8,[twe.tʃan.a.na.to],[dwe.dʒan.a.na.do]
데이트를 했어,8,[te.i.tʰɯ.ɾɯl.hɛt̚.ʌ],[de.i.tʰɯ.ɾɯl.hɛt̚.ʌ]
그렇게 어렵지 않아,8,[kɯ.ɾʌt̚.ke.ʌ.ɾjʌp̚.tʃi.an.a],[gɯ.ɾʌt̚.ke.ʌ.ɾjʌp̚.tʃi.an.a]
그렇게 어렵지는,8,[kɯ.ɾʌt̚.ke.ʌ.ɾjʌp̚.tʃi.nɯn],[gɯ.ɾʌt̚.ke.ʌ.ɾjʌp̚.tʃi.nɯn]
왜 왔는가,8,[wɛ.wat̚.nɯŋ.ka],[wɛ.wat̚.nɯŋ.ka]
왜 왔는지 알잖아,8,[wɛ.wat̚.nɯn.tʃi.al.tʃan.a],[wɛ.wat̚.nɯn.tʃi.al.tʃan.a]
왜 왔던,8,[wɛ.wat̚.tʌn],[wɛ.wat̚.tʌn]
그렇게 얻은,8,[kɯ.ɾʌt̚.ke.ʌt̚.ɯn],[gɯ.ɾʌt̚.ke.ʌt̚.ɯn]
왜 우냐,8,[wɛ.u.nja],[wɛ.u.nja]
되잖아 지금,8,[twe.tʃan.a.tʃi.kɯm],[dwe.dʒan.a.dʒi.gɯm]
가 난 여기,8,[ka.nan.jʌ.ki],[ga.nan.jʌ.gi]
왜 우리가 당신,8,[wɛ.u.ɾi.ka.taŋ.sin],[wɛ.u.ɾi.ga.daŋ.sin]
왜 우리까지,8,[wɛ.u.ɾi.k͈a.tʃi],[wɛ.u.ɾi.k͈a.dʒi]
그렇게 예의,8,[kɯ.ɾʌt̚.ke.je.ɯi],[gɯ.ɾʌt̚.ke.je.ɯi]
했다고 말이야,8,[hɛt̚.ta.ko.mal.i.ja],[hɛt̚.ta.go.mal.i.ja]
그렇게 오래 걸리지,8,[kɯ.ɾʌt̚.ke.o.ɾɛ.kʌl.ɾi.tʃi],[gɯ.ɾʌt̚.ke.o.ɾɛ.gʌl.ɾi.dʒi]
왜 우릴 여기로,8,[wɛ.u.ɾil.jʌ.ki.ɾo],[wɛ.u.ɾil.jʌ.gi.ɾo]
왜 우릴 죽이려,8,[wɛ.u.ɾil.tʃuk̚.i.ɾjʌ],[wɛ.u.ɾil.dʒuk̚.i.ɾjʌ]
되잖아요 당신이,8,[twe.tʃan.a.jo.taŋ.sin.i],[dwe.dʒan.a.jo.daŋ.sin.i]
건 더욱,8,[kʌn.tʌ.uk̚],[gʌn.dʌ.uk̚]
그렇게 오래 기다릴,8,[kɯ.ɾʌt̚.ke.o.ɾɛ.ki.ta.ɾil],[gɯ.ɾʌt̚.ke.o.ɾɛ.gi.da.ɾil]
왜 울지,8,[wɛ.ul.tʃi],[wɛ.ul.tʃi]
Why don''t you go,8,,
되잖아요 우리,8,[twe.tʃan.a.jo.u.ɾi],[dwe.dʒan.a.jo.u.ɾi]
건 더이상,8,[kʌn.tʌ.i.saŋ],[gʌn.dʌ.i.saŋ]
되잖아요 전,8,[twe.tʃan.a.jo.tʃʌn],[dwe.dʒan.a.jo.dʒʌn]
되잖아요 제가,8,[twe.tʃan.a.jo.tʃe.ka],[dwe.dʒan.a.jo.dʒe.ga]
되잖아요 지금,8,[twe.tʃan.a.jo.tʃi.kɯm],[dwe.dʒan.a.jo.dʒi.gɯm]
그렇게 오래 안,8,[kɯ.ɾʌt̚.ke.o.ɾɛ.an],[gɯ.ɾʌt̚.ke.o.ɾɛ.an]
왜 이 길로,8,[wɛ.i.kil.ɾo],[wɛ.i.gil.ɾo]
건 도움 안,8,[kʌn.to.um.an],[gʌn.do.um.an]
왜 이걸 못,8,[wɛ.i.kʌl.mot̚],[wɛ.i.gʌl.mot̚]
왜 이래 나,8,[wɛ.i.ɾɛ.na],[wɛ.i.ɾɛ.na]
왜 이랬어,8,[wɛ.i.ɾɛt̚.ʌ],[wɛ.i.ɾɛt̚.ʌ]
되죠 다들,8,[twe.tʃjo.ta.tɯl],[dwe.dʒjo.da.dɯl]
왜 이러는 거냐,8,[wɛ.i.ɾʌ.nɯŋ.kʌ.nja],[wɛ.i.ɾʌ.nɯn.gʌ.nja]
되죠 모든,8,[twe.tʃjo.mo.tɯn],[dwe.dʒjo.mo.dɯn]
왜 이러는지 모르겠네,8,[wɛ.i.ɾʌ.nɯn.tʃi.mo.ɾɯ.ket̚.ne],[wɛ.i.ɾʌ.nɯn.tʃi.mo.ɾɯ.get̚.ne]
되죠 아니,8,[twe.tʃjo.a.ni],[dwe.dʒjo.a.ni]
되죠 어쨌든,8,[twe.tʃjo.ʌ.tʃ͈ɛt̚.tɯn],[dwe.dʒjo.ʌ.tʃ͈ɛt̚.tɯn]
왜 이런 거지,8,[wɛ.i.ɾʌŋ.kʌ.tʃi],[wɛ.i.ɾʌn.gʌ.dʒi]
되죠 여기서,8,[twe.tʃjo.jʌ.ki.sʌ],[dwe.dʒjo.jʌ.gi.sʌ]
그렇게 웃어요,8,[kɯ.ɾʌt̚.ke.ut̚.ʌ.jo],[gɯ.ɾʌt̚.ke.ut̚.ʌ.jo]
그렇게 웃을,8,[kɯ.ɾʌt̚.ke.ut̚.ɯl],[gɯ.ɾʌt̚.ke.ut̚.ɯl]
되죠 우리는,8,[twe.tʃjo.u.ɾi.nɯn],[dwe.dʒjo.u.ɾi.nɯn]
그렇게 원하는,8,[kɯ.ɾʌt̚.ke.wʌn.ha.nɯn],[gɯ.ɾʌt̚.ke.wʌn.ha.nɯn]
왜 이런 일이 생기는지,8,[wɛ.i.ɾʌn.il.i.sɛŋ.ki.nɯn.tʃi],[wɛ.i.ɾʌn.il.i.sɛŋ.gi.nɯn.tʃi]
되죠 이봐요,8,[twe.tʃjo.i.pwa.jo],[dwe.dʒjo.i.bwa.jo]
되죠 자,8,[twe.tʃjo.tʃa],[dwe.dʒjo.dʒa]
그렇게 원한다면,8,[kɯ.ɾʌt̚.ke.wʌn.han.ta.mjʌn],[gɯ.ɾʌt̚.ke.wʌn.han.ta.mjʌn]
여기 앉아 있으면,8,[jʌ.ki.an.a.it̚.ɯ.mjʌn],[jʌ.gi.an.a.it̚.ɯ.mjʌn]
가 너한테,8,[ka.nʌ.han.tʰe],[ga.nʌ.han.tʰe]
왜 이런 짓을 해요,8,[wɛ.i.ɾʌn.tʃit̚.ɯl.hɛ.jo],[wɛ.i.ɾʌn.dʒit̚.ɯl.hɛ.jo]
왜 이런일을,8,[wɛ.i.ɾʌn.il.ɯl],[wɛ.i.ɾʌn.il.ɯl]
건 두 분이,8,[kʌn.tu.pun.i],[gʌn.du.bun.i]
그렇게 위험한 짓,8,[kɯ.ɾʌt̚.ke.wi.hʌm.han.tʃit̚],[gɯ.ɾʌt̚.ke.wi.hʌm.han.dʒit̚]
그렇게 위험한 짓 한,8,[kɯ.ɾʌt̚.ke.wi.hʌm.han.tʃit̚.han],[gɯ.ɾʌt̚.ke.wi.hʌm.han.dʒit̚.han]
왜 이렇게 관심이,8,[wɛ.i.ɾʌt̚.ke.kwan.sim.i],[wɛ.i.ɾʌt̚.ke.gwan.sim.i]
왜 이렇게 까칠해,8,[wɛ.i.ɾʌt̚.ke.k͈a.tʃʰil.hɛ],[wɛ.i.ɾʌt̚.ke.k͈a.tʃʰil.hɛ]
왜 이렇게 낯이,8,[wɛ.i.ɾʌt̚.ke.nat̚.i],[wɛ.i.ɾʌt̚.ke.nat̚.i]
그렇게 이기는 거야,8,[kɯ.ɾʌt̚.ke.i.ki.nɯŋ.kʌ.ja],[gɯ.ɾʌt̚.ke.i.gi.nɯn.gʌ.ja]
왜 이렇게 늦으셨어요,8,[wɛ.i.ɾʌt̚.ke.nɯt̚.ɯ.sjʌt̚.ʌ.jo],[wɛ.i.ɾʌt̚.ke.nɯt̚.ɯ.sjʌt̚.ʌ.jo]
되지 그러다,8,[twe.tʃi.kɯ.ɾʌ.ta],[dwe.dʒi.gɯ.ɾʌ.da]
왜 이렇게 많아요,8,[wɛ.i.ɾʌt̚.ke.man.a.jo],[wɛ.i.ɾʌt̚.ke.man.a.jo]
건 둘 다에게,8,[kʌn.tul.ta.e.ke],[gʌn.dul.da.e.ge]
제어할 수 있어,8,[tʃe.ʌ.hal.su.it̚.ʌ],[dʒe.ʌ.hal.su.it̚.ʌ]
되지 그렇게,8,[twe.tʃi.kɯ.ɾʌt̚.ke],[dwe.dʒi.gɯ.ɾʌt̚.ke]
그렇게 이해하기,8,[kɯ.ɾʌt̚.ke.i.hɛ.ha.ki],[gɯ.ɾʌt̚.ke.i.hɛ.ha.gi]
왜 이렇게 안 오는,8,[wɛ.i.ɾʌt̚.ke.an.o.nɯn],[wɛ.i.ɾʌt̚.ke.an.o.nɯn]
왜 이렇게 안와,8,[wɛ.i.ɾʌt̚.ke.an.wa],[wɛ.i.ɾʌt̚.ke.an.wa]
왜 이렇게 오래 걸리죠,8,[wɛ.i.ɾʌt̚.ke.o.ɾɛ.kʌl.ɾi.tʃjo],[wɛ.i.ɾʌt̚.ke.o.ɾɛ.gʌl.ɾi.dʒjo]
왜 이렇게 이상하게,8,[wɛ.i.ɾʌt̚.ke.i.saŋ.ha.ke],[wɛ.i.ɾʌt̚.ke.i.saŋ.ha.ge]
여기 앉을래,8,[jʌ.ki.an.ɯl.ɾɛ],[jʌ.gi.an.ɯl.ɾɛ]
왜 이렇게 차가워,8,[wɛ.i.ɾʌt̚.ke.tʃʰa.ka.wʌ],[wɛ.i.ɾʌt̚.ke.tʃʰa.ga.wʌ]
좋은 샴페인을 터트리지,8,[tʃot̚.ɯn.sjam.pʰe.in.ɯl.tʰʌ.tʰɯ.ɾi.tʃi],[dʒot̚.ɯn.sjam.pʰe.in.ɯl.tʰʌ.tʰɯ.ɾi.dʒi]
되지 말자고,8,[twe.tʃi.mal.tʃa.ko],[dwe.dʒi.mal.tʃa.go]
왜 이렇지,8,[wɛ.i.ɾʌt̚.tʃi],[wɛ.i.ɾʌt̚.tʃi]
왜 이름,8,[wɛ.i.ɾɯm],[wɛ.i.ɾɯm]
데클란 하프를,8,[te.kʰɯl.ɾan.ha.pʰɯ.ɾɯl],[de.kʰɯl.ɾan.ha.pʰɯ.ɾɯl]
왜 이리 늦어,8,[wɛ.i.ɾi.nɯt̚.ʌ],[wɛ.i.ɾi.nɯt̚.ʌ]
되지 못했던,8,[twe.tʃi.mot̚.hɛt̚.tʌn],[dwe.dʒi.mot̚.hɛt̚.tʌn]
왜 이제 얘기해,8,[wɛ.i.tʃe.jɛ.ki.hɛ],[wɛ.i.dʒe.jɛ.gi.hɛ]
왜 이제 와서 이런,8,[wɛ.i.tʃe.wa.sʌ.i.ɾʌn],[wɛ.i.dʒe.wa.sʌ.i.ɾʌn]
그렇게 자연스럽게,8,[kɯ.ɾʌt̚.ke.tʃa.jʌn.sɯ.ɾʌp̚.ke],[gɯ.ɾʌt̚.ke.dʒa.jʌn.sɯ.ɾʌp̚.ke]
왜 이쪽,8,[wɛ.i.tʃ͈ok̚],[wɛ.i.tʃ͈ok̚]
그렇게 잔인하게,8,[kɯ.ɾʌt̚.ke.tʃan.in.ha.ke],[gɯ.ɾʌt̚.ke.dʒan.in.ha.ge]
그렇게 잘 알면,8,[kɯ.ɾʌt̚.ke.tʃal.al.mjʌn],[gɯ.ɾʌt̚.ke.dʒal.al.mjʌn]
건 따로 있어요,8,[kʌn.t͈a.ɾo.it̚.ʌ.jo],[gʌn.t͈a.ɾo.it̚.ʌ.jo]
왜 자꾸 날 그렇게,8,[wɛ.tʃa.k͈u.nal.kɯ.ɾʌt̚.ke],[wɛ.dʒa.k͈u.nal.gɯ.ɾʌt̚.ke]
왜 자꾸 따라와,8,[wɛ.tʃa.k͈u.t͈a.ɾa.wa],[wɛ.dʒa.k͈u.t͈a.ɾa.wa]
왜 자꾸 일을,8,[wɛ.tʃa.k͈u.il.ɯl],[wɛ.dʒa.k͈u.il.ɯl]
왜 자신이,8,[wɛ.tʃa.sin.i],[wɛ.dʒa.sin.i]
되지 않았다고,8,[twe.tʃi.an.at̚.ta.ko],[dwe.dʒi.an.at̚.ta.go]
왜 잘못된,8,[wɛ.tʃal.mot̚.twen],[wɛ.dʒal.mot̚.twen]
그렇게 잡으면,8,[kɯ.ɾʌt̚.ke.tʃap̚.ɯ.mjʌn],[gɯ.ɾʌt̚.ke.dʒap̚.ɯ.mjʌn]
왜 장갑을,8,[wɛ.tʃaŋ.kap̚.ɯl],[wɛ.dʒaŋ.gap̚.ɯl]
그렇게 재밌는,8,[kɯ.ɾʌt̚.ke.tʃɛ.mit̚.nɯn],[gɯ.ɾʌt̚.ke.dʒɛ.mit̚.nɯn]
왜 쟤가,8,[wɛ.tʃjɛ.ka],[wɛ.dʒjɛ.ga]
왜 저녁,8,[wɛ.tʃʌ.njʌk̚],[wɛ.dʒʌ.njʌk̚]
되지 않으려고요,8,[twe.tʃi.an.ɯ.ɾjʌ.ko.jo],[dwe.dʒi.an.ɯ.ɾjʌ.go.jo]
가 닉,8,[ka.nik̚],[ga.nik̚]
되지 않을 거라고,8,[twe.tʃi.an.ɯl.kʌ.ɾa.ko],[dwe.dʒi.an.ɯl.gʌ.ɾa.go]
되지 않을 수도,8,[twe.tʃi.an.ɯl.su.to],[dwe.dʒi.an.ɯl.su.do]
왜 저런대요,8,[wɛ.tʃʌ.ɾʌn.tɛ.jo],[wɛ.dʒʌ.ɾʌn.tɛ.jo]
왜 저런데,8,[wɛ.tʃʌ.ɾʌn.te],[wɛ.dʒʌ.ɾʌn.te]
왜 저렇게 됐는지,8,[wɛ.tʃʌ.ɾʌt̚.ke.twɛt̚.nɯn.tʃi],[wɛ.dʒʌ.ɾʌt̚.ke.dwɛt̚.nɯn.tʃi]
되지 않지,8,[twe.tʃi.an.tʃi],[dwe.dʒi.an.tʃi]
그렇게 전하겠습니다,8,[kɯ.ɾʌt̚.ke.tʃʌn.ha.ket̚.sɯp̚.ni.ta],[gɯ.ɾʌt̚.ke.dʒʌn.ha.get̚.sɯp̚.ni.da]
되지 어떤,8,[twe.tʃi.ʌ.t͈ʌn],[dwe.dʒi.ʌ.t͈ʌn]
그렇게 전할게,8,[kɯ.ɾʌt̚.ke.tʃʌn.hal.ke],[gɯ.ɾʌt̚.ke.dʒʌn.hal.ke]
그렇게 절박한,8,[kɯ.ɾʌt̚.ke.tʃʌl.pak̚.han],[gɯ.ɾʌt̚.ke.dʒʌl.pak̚.han]
되지 이리,8,[twe.tʃi.i.ɾi],[dwe.dʒi.i.ɾi]
왜 전화하는 거야,8,[wɛ.tʃʌn.hwa.ha.nɯŋ.kʌ.ja],[wɛ.dʒʌn.hwa.ha.nɯn.gʌ.ja]
Why have you never,8,,
건 똑같잖아,8,[kʌn.t͈ok̚.kat̚.tʃan.a],[gʌn.t͈ok̚.kat̚.tʃan.a]
왜 젊음은 젊은이에게 주기,8,[wɛ.tʃʌm.ɯm.ɯn.tʃʌm.ɯn.i.e.ke.tʃu.ki],[wɛ.dʒʌm.ɯm.ɯn.dʒʌm.ɯn.i.e.ge.dʒu.gi]
되지 젠장,8,[twe.tʃi.tʃen.tʃaŋ],[dwe.dʒi.dʒen.tʃaŋ]
왜 제대로,8,[wɛ.tʃe.tɛ.ɾo],[wɛ.dʒe.dɛ.ɾo]
되지 진짜,8,[twe.tʃi.tʃin.tʃ͈a],[dwe.dʒi.dʒin.tʃ͈a]
왜 제임스,8,[wɛ.tʃe.im.sɯ],[wɛ.dʒe.im.sɯ]
her phone number,8,,
되지는 않아,8,[twe.tʃi.nɯn.an.a],[dwe.dʒi.nɯn.an.a]
왜 좋아하는지 알아요,8,[wɛ.tʃot̚.a.ha.nɯn.tʃi.al.a.jo],[wɛ.dʒot̚.a.ha.nɯn.tʃi.al.a.jo]
왜 좋아해,8,[wɛ.tʃot̚.a.hɛ],[wɛ.dʒot̚.a.hɛ]
되지는 않을 것이다,8,[twe.tʃi.nɯn.an.ɯl.kʌt̚.i.ta],[dwe.dʒi.nɯn.an.ɯl.gʌt̚.i.da]
왜 죽어요,8,[wɛ.tʃuk̚.ʌ.jo],[wɛ.dʒuk̚.ʌ.jo]
되지도 않은,8,[twe.tʃi.to.an.ɯn],[dwe.dʒi.do.an.ɯn]
왜 죽었어요,8,[wɛ.tʃuk̚.ʌt̚.ʌ.jo],[wɛ.dʒuk̚.ʌt̚.ʌ.jo]
왜 죽었어,8,[wɛ.tʃuk̚.ʌt̚.ʌ],[wɛ.dʒuk̚.ʌt̚.ʌ]
건 마찬가지예요,8,[kʌn.ma.tʃʰaŋ.ka.tʃi.je.jo],[gʌn.ma.tʃʰaŋ.ka.dʒi.je.jo]
왜 죽여야,8,[wɛ.tʃuk̚.jʌ.ja],[wɛ.dʒuk̚.jʌ.ja]
her right,8,,
되지만 내가,8,[twe.tʃi.man.nɛ.ka],[dwe.dʒi.man.nɛ.ga]
왜 죽인 거야,8,[wɛ.tʃuk̚.iŋ.kʌ.ja],[wɛ.dʒuk̚.in.gʌ.ja]
왜 죽인 거지,8,[wɛ.tʃuk̚.iŋ.kʌ.tʃi],[wɛ.dʒuk̚.in.gʌ.dʒi]
속 율의 목소리,8,[sok̚.jul.ɯi.mok̚.so.ɾi],[sok̚.jul.ɯi.mok̚.so.ɾi]
왜 지금 얘기해,8,[wɛ.tʃi.kɯm.jɛ.ki.hɛ],[wɛ.dʒi.gɯm.jɛ.gi.hɛ]
되진 않겠지,8,[twe.tʃin.aŋ.ket̚.tʃi],[dwe.dʒin.aŋ.ket̚.tʃi]
그렇게 좋을,8,[kɯ.ɾʌt̚.ke.tʃot̚.ɯl],[gɯ.ɾʌt̚.ke.dʒot̚.ɯl]
가지 말았어야지,8,[ka.tʃi.mal.at̚.ʌ.ja.tʃi],[ga.dʒi.mal.at̚.ʌ.ja.dʒi]
그렇게 죽게,8,[kɯ.ɾʌt̚.ke.tʃuk̚.ke],[gɯ.ɾʌt̚.ke.dʒuk̚.ke]
Give him,8,,
되진 않을거야,8,[twe.tʃin.an.ɯl.kʌ.ja],[dwe.dʒin.an.ɯl.kʌ.ja]
그런 문제가 아니에요,8,[kɯ.ɾʌn.mun.tʃe.ka.a.ni.e.jo],[gɯ.ɾʌn.mun.tʃe.ga.a.ni.e.jo]
왜 찾는 거죠,8,[wɛ.tʃʰat̚.nɯŋ.kʌ.tʃjo],[wɛ.tʃʰat̚.nɯn.gʌ.dʒjo]
왜 찾죠,8,[wɛ.tʃʰat̚.tʃjo],[wɛ.tʃʰat̚.tʃjo]
그렇게 중요하죠,8,[kɯ.ɾʌt̚.ke.tʃuŋ.jo.ha.tʃjo],[gɯ.ɾʌt̚.ke.dʒuŋ.jo.ha.dʒjo]
여기 없을지도,8,[jʌ.ki.ʌp̚.ɯl.tʃi.to],[jʌ.gi.ʌp̚.ɯl.tʃi.do]
가 도착하면,8,[ka.to.tʃʰak̚.ha.mjʌn],[ga.do.tʃʰak̚.ha.mjʌn]
그렇게 중요한 걸,8,[kɯ.ɾʌt̚.ke.tʃuŋ.jo.haŋ.kʌl],[gɯ.ɾʌt̚.ke.dʒuŋ.jo.han.gʌl]
되찾기 위해서라면,8,[twe.tʃʰat̚.ki.wi.hɛ.sʌ.ɾa.mjʌn],[dwe.tʃʰat̚.ki.wi.hɛ.sʌ.ɾa.mjʌn]
좋은 아빠였어요,8,[tʃot̚.ɯn.a.p͈a.jʌt̚.ʌ.jo],[dʒot̚.ɯn.a.p͈a.jʌt̚.ʌ.jo]
여기 오고 나서,8,[jʌ.ki.o.ko.na.sʌ],[jʌ.gi.o.go.na.sʌ]
되찾는 거지,8,[twe.tʃʰat̚.nɯŋ.kʌ.tʃi],[dwe.tʃʰat̚.nɯn.gʌ.dʒi]
왜 특별한,8,[wɛ.tʰɯk̚.pjʌl.han],[wɛ.tʰɯk̚.pjʌl.han]
왜 편지를,8,[wɛ.pʰjʌn.tʃi.ɾɯl],[wɛ.pʰjʌn.tʃi.ɾɯl]
되찾아 줄,8,[twe.tʃʰat̚.a.tʃul],[dwe.tʃʰat̚.a.dʒul]
왜 폭탄을,8,[wɛ.pʰok̚.tʰan.ɯl],[wɛ.pʰok̚.tʰan.ɯl]
좋은 아침 아침,8,[tʃot̚.ɯn.a.tʃʰim.a.tʃʰim],[dʒot̚.ɯn.a.tʃʰim.a.tʃʰim]
피해가 갈,8,[pʰi.hɛ.ka.kal],[pʰi.hɛ.ga.gal]
건 말씀,8,[kʌn.mal.s͈ɯm],[gʌn.mal.s͈ɯm]
왜 필요한 거죠,8,[wɛ.pʰil.jo.haŋ.kʌ.tʃjo],[wɛ.pʰil.jo.han.gʌ.dʒjo]
델타 포스,8,[tel.tʰa.pʰo.sɯ],[del.tʰa.pʰo.sɯ]
왜 하는 겁니까,8,[wɛ.ha.nɯŋ.kʌp̚.ni.k͈a],[wɛ.ha.nɯn.gʌp̚.ni.k͈a]
왜 하는거야,8,[wɛ.ha.nɯŋ.kʌ.ja],[wɛ.ha.nɯŋ.kʌ.ja]
왜 하는지도,8,[wɛ.ha.nɯn.tʃi.to],[wɛ.ha.nɯn.tʃi.do]
되찾을 때가,8,[twe.tʃʰat̚.ɯl.t͈ɛ.ka],[dwe.tʃʰat̚.ɯl.t͈ɛ.ga]
건 말이 안 되죠,8,[kʌn.mal.i.an.twe.tʃjo],[gʌn.mal.i.an.dwe.dʒjo]
피해를 보는,8,[pʰi.hɛ.ɾɯl.po.nɯn],[pʰi.hɛ.ɾɯl.bo.nɯn]
좋은 애라고,8,[tʃot̚.ɯn.ɛ.ɾa.ko],[dʒot̚.ɯn.ɛ.ɾa.go]
왜 할머니,8,[wɛ.hal.mʌ.ni],[wɛ.hal.mʌ.ni]
되찾을 수만,8,[twe.tʃʰat̚.ɯl.su.man],[dwe.tʃʰat̚.ɯl.su.man]
되찾을 수만 있다면,8,[twe.tʃʰat̚.ɯl.su.man.it̚.ta.mjʌn],[dwe.tʃʰat̚.ɯl.su.man.it̚.ta.mjʌn]
가 되면,8,[ka.twe.mjʌn],[ga.dwe.mjʌn]
가지 맛을,8,[ka.tʃi.mat̚.ɯl],[ga.dʒi.mat̚.ɯl]
왜 했냐고,8,[wɛ.hɛt̚.nja.ko],[wɛ.hɛt̚.nja.go]
가 되지,8,[ka.twe.tʃi],[ga.dwe.dʒi]
왜 했죠,8,[wɛ.hɛt̚.tʃjo],[wɛ.hɛt̚.tʃjo]
된 UFO,8,[twen],[dwen]
왜 헤어졌어,8,[wɛ.he.ʌ.tʃjʌt̚.ʌ],[wɛ.he.ʌ.dʒjʌt̚.ʌ]
왜 협상을,8,[wɛ.hjʌp̚.saŋ.ɯl],[wɛ.hjʌp̚.saŋ.ɯl]
왜 혼자 여기,8,[wɛ.hon.tʃa.jʌ.ki],[wɛ.hon.tʃa.jʌ.gi]
왜 화가 나는데,8,[wɛ.hwa.ka.na.nɯn.te],[wɛ.hwa.ga.na.nɯn.te]
된 거 같은데요,8,[tweŋ.kʌ.kat̚.ɯn.te.jo],[dwen.gʌ.gat̚.ɯn.te.jo]
Why not just,8,,
그렇게 크지는,8,[kɯ.ɾʌt̚.ke.kʰɯ.tʃi.nɯn],[gɯ.ɾʌt̚.ke.kʰɯ.dʒi.nɯn]
왜 훔쳐,8,[wɛ.hun.tʃʰjʌ],[wɛ.hun.tʃʰjʌ]
도 방향,8,[to.paŋ.hjaŋ],[do.baŋ.hjaŋ]
her to the,8,,
왜냐면 그건 내가,8,[wɛ.nja.mjʌŋ.kɯ.kʌn.nɛ.ka],[wɛ.nja.mjʌn.gɯ.gʌn.nɛ.ga]
왜냐면 그렇게,8,[wɛ.nja.mjʌŋ.kɯ.ɾʌt̚.ke],[wɛ.nja.mjʌn.gɯ.ɾʌt̚.ke]
왜냐면 나,8,[wɛ.nja.mjʌn.na],[wɛ.nja.mjʌn.na]
된 거라,8,[tweŋ.kʌ.ɾa],[dwen.gʌ.ɾa]
왜냐면 난 그냥,8,[wɛ.nja.mjʌn.naŋ.kɯ.njaŋ],[wɛ.nja.mjʌn.nan.gɯ.njaŋ]
그렇게 특별하지,8,[kɯ.ɾʌt̚.ke.tʰɯk̚.pjʌl.ha.tʃi],[gɯ.ɾʌt̚.ke.tʰɯk̚.pjʌl.ha.dʒi]
된 거야 그,8,[tweŋ.kʌ.ja.kɯ],[dwen.gʌ.ja.gɯ]
여기 오셨네요,8,[jʌ.ki.o.sjʌt̚.ne.jo],[jʌ.gi.o.sjʌt̚.ne.jo]
된 거야 그럼,8,[tweŋ.kʌ.ja.kɯ.ɾʌm],[dwen.gʌ.ja.gɯ.ɾʌm]
왜냐면 넌 날 피할,8,[wɛ.nja.mjʌn.nʌn.nal.pʰi.hal],[wɛ.nja.mjʌn.nʌn.nal.pʰi.hal]
된 거야 난,8,[tweŋ.kʌ.ja.nan],[dwen.gʌ.ja.nan]
된 거야 그리고,8,[tweŋ.kʌ.ja.kɯ.ɾi.ko],[dwen.gʌ.ja.gɯ.ɾi.go]
된 거야 네,8,[tweŋ.kʌ.ja.ne],[dwen.gʌ.ja.ne]
피해를 입힌,8,[pʰi.hɛ.ɾɯl.ip̚.hin],[pʰi.hɛ.ɾɯl.ip̚.hin]
왜냐면 엄마가,8,[wɛ.nja.mjʌn.ʌm.ma.ka],[wɛ.nja.mjʌn.ʌm.ma.ga]
왜냐면 여긴,8,[wɛ.nja.mjʌn.jʌ.kin],[wɛ.nja.mjʌn.jʌ.gin]
왜냐면 오늘,8,[wɛ.nja.mjʌn.o.nɯl],[wɛ.nja.mjʌn.o.nɯl]
좋은 음식과,8,[tʃot̚.ɯn.ɯm.sik̚.kwa],[dʒot̚.ɯn.ɯm.sik̚.kwa]
좋은 웃음,8,[tʃot̚.ɯn.ut̚.ɯm],[dʒot̚.ɯn.ut̚.ɯm]
her with,8,,
왜냐하면 그는 알고,8,[wɛ.nja.ha.mjʌŋ.kɯ.nɯn.al.ko],[wɛ.nja.ha.mjʌn.gɯ.nɯn.al.ko]
왜냐하면 그들,8,[wɛ.nja.ha.mjʌŋ.kɯ.tɯl],[wɛ.nja.ha.mjʌn.gɯ.dɯl]
왜냐하면 내가 그렇게,8,[wɛ.nja.ha.mjʌn.nɛ.ka.kɯ.ɾʌt̚.ke],[wɛ.nja.ha.mjʌn.nɛ.ga.gɯ.ɾʌt̚.ke]
왜냐하면 너무,8,[wɛ.nja.ha.mjʌn.nʌ.mu],[wɛ.nja.ha.mjʌn.nʌ.mu]
here I come,8,,
여기 오지마,8,[jʌ.ki.o.tʃi.ma],[jʌ.gi.o.dʒi.ma]
된 건지 모르겠지만,8,[tweŋ.kʌn.tʃi.mo.ɾɯ.ket̚.tʃi.man],[dwen.gʌn.tʃi.mo.ɾɯ.get̚.tʃi.man]
그렇게 하고 싶으면,8,[kɯ.ɾʌt̚.ke.ha.ko.sip̚.ɯ.mjʌn],[gɯ.ɾʌt̚.ke.ha.go.sip̚.ɯ.mjʌn]
여기 온 거고요,8,[jʌ.ki.oŋ.kʌ.ko.jo],[jʌ.gi.on.gʌ.go.jo]
그렇게 하고 있어요,8,[kɯ.ɾʌt̚.ke.ha.ko.it̚.ʌ.jo],[gɯ.ɾʌt̚.ke.ha.go.it̚.ʌ.jo]
왜냐하면 오직,8,[wɛ.nja.ha.mjʌn.o.tʃik̚],[wɛ.nja.ha.mjʌn.o.dʒik̚]
된 건진 모르겠지만,8,[tweŋ.kʌn.tʃin.mo.ɾɯ.ket̚.tʃi.man],[dwen.gʌn.tʃin.mo.ɾɯ.get̚.tʃi.man]
된 걸 축하한다,8,[tweŋ.kʌl.tʃʰuk̚.ha.han.ta],[dwen.gʌl.tʃʰuk̚.ha.han.ta]
왜냐하면 지금은,8,[wɛ.nja.ha.mjʌn.tʃi.kɯm.ɯn],[wɛ.nja.ha.mjʌn.dʒi.gɯm.ɯn]
왜들 그러는,8,[wɛ.tɯl.kɯ.ɾʌ.nɯn],[wɛ.dɯl.gɯ.ɾʌ.nɯn]
왜들 저래,8,[wɛ.tɯl.tʃʌ.ɾɛ],[wɛ.dɯl.dʒʌ.ɾɛ]
그렇게 하나,8,[kɯ.ɾʌt̚.ke.ha.na],[gɯ.ɾʌt̚.ke.ha.na]
왜인지 알겠다,8,[wɛ.in.tʃi.al.ket̚.ta],[wɛ.in.tʃi.al.ket̚.ta]
왜인지는 모르지만,8,[wɛ.in.tʃi.nɯn.mo.ɾɯ.tʃi.man],[wɛ.in.tʃi.nɯn.mo.ɾɯ.dʒi.man]
된 것 같나,8,[tweŋ.kʌt̚.kat̚.na],[dwen.gʌt̚.gat̚.na]
좋은 일들,8,[tʃot̚.ɯn.il.tɯl],[dʒot̚.ɯn.il.tɯl]
그렇게 하는 거 아냐,8,[kɯ.ɾʌt̚.ke.ha.nɯŋ.kʌ.a.nja],[gɯ.ɾʌt̚.ke.ha.nɯn.gʌ.a.nja]
된 것 같아 그래,8,[tweŋ.kʌt̚.kat̚.a.kɯ.ɾɛ],[dwen.gʌt̚.gat̚.a.gɯ.ɾɛ]
왠지 내,8,[wɛn.tʃi.nɛ],[wɛn.tʃi.nɛ]
건 몇 가지,8,[kʌn.mjʌt̚.ka.tʃi],[gʌn.mjʌt̚.ga.dʒi]
건 몇 달,8,[kʌn.mjʌt̚.tal],[gʌn.mjʌt̚.dal]
된 것과,8,[tweŋ.kʌt̚.kwa],[dwen.gʌt̚.kwa]
왠지 이상한,8,[wɛn.tʃi.i.saŋ.han],[wɛn.tʃi.i.saŋ.han]
가 만약,8,[ka.man.jak̚],[ga.man.jak̚]
왠지 제,8,[wɛn.tʃi.tʃe],[wɛn.tʃi.dʒe]
왠진 모르지만,8,[wɛn.tʃin.mo.ɾɯ.tʃi.man],[wɛn.tʃin.mo.ɾɯ.dʒi.man]
왠지는 몰라도,8,[wɛn.tʃi.nɯn.mol.ɾa.to],[wɛn.tʃi.nɯn.mol.ɾa.do]
왠진 몰라도,8,[wɛn.tʃin.mol.ɾa.to],[wɛn.tʃin.mol.ɾa.do]
외 출입금지'',8,[we.tʃʰul.ip̚.kɯn.tʃi],[we.tʃʰul.ip̚.kɯn.tʃi]
가 말도,8,[ka.mal.to],[ga.mal.to]
외계 문명이,8,[we.kje.mun.mjʌŋ.i],[we.gje.mun.mjʌŋ.i]
외계 문명을,8,[we.kje.mun.mjʌŋ.ɯl],[we.gje.mun.mjʌŋ.ɯl]
외계 생명체들에,8,[we.kje.sɛŋ.mjʌŋ.tʃʰe.tɯl.e],[we.gje.sɛŋ.mjʌŋ.tʃʰe.dɯl.e]
외계 생명체들에 의해,8,[we.kje.sɛŋ.mjʌŋ.tʃʰe.tɯl.e.ɯi.hɛ],[we.gje.sɛŋ.mjʌŋ.tʃʰe.dɯl.e.ɯi.hɛ]
된 것입니까,8,[tweŋ.kʌt̚.ip̚.ni.k͈a],[dwen.gʌt̚.ip̚.ni.k͈a]
외계 행성,8,[we.kje.hɛŋ.sʌŋ],[we.gje.hɛŋ.sʌŋ]
된 게 아니에요,8,[tweŋ.ke.a.ni.e.jo],[dwen.ge.a.ni.e.jo]
외계인 DNA를,8,[we.kje.il.lɯl],[we.gje.il.lɯl]
외계인 기술을,8,[we.kje.iŋ.ki.sul.ɯl],[we.gje.in.gi.sul.ɯl]
가 맞다,8,[ka.mat̚.ta],[ga.mat̚.ta]
외계인 기원을,8,[we.kje.iŋ.ki.wʌn.ɯl],[we.gje.in.gi.wʌn.ɯl]
여기 온 적 없는,8,[jʌ.ki.on.tʃʌk̚.ʌp̚.nɯn],[jʌ.gi.on.dʒʌk̚.ʌp̚.nɯn]
가지 못한,8,[ka.tʃi.mot̚.han],[ga.dʒi.mot̚.han]
건 모르겠어,8,[kʌn.mo.ɾɯ.ket̚.ʌ],[gʌn.mo.ɾɯ.get̚.ʌ]
된 기분이죠,8,[tweŋ.ki.pun.i.tʃjo],[dwen.gi.bun.i.dʒjo]
건 모르잖아,8,[kʌn.mo.ɾɯ.tʃan.a],[gʌn.mo.ɾɯ.dʒan.a]
외계인이 될,8,[we.kje.in.i.twel],[we.gje.in.i.dwel]
I''m not gonna let,8,,
건 모르지,8,[kʌn.mo.ɾɯ.tʃi],[gʌn.mo.ɾɯ.dʒi]
외과 의사를,8,[we.kwa.ɯi.sa.ɾɯl],[we.gwa.ɯi.sa.ɾɯl]
외과병동으로 오세요,8,[we.kwa.pjʌŋ.toŋ.ɯ.ɾo.o.se.jo],[we.gwa.bjʌŋ.doŋ.ɯ.ɾo.o.se.jo]
외과의가 되고,8,[we.kwa.ɯi.ka.twe.ko],[we.gwa.ɯi.ga.dwe.go]
된 느낌,8,[twen.nɯ.k͈im],[dwen.nɯ.k͈im]
가 멈춰,8,[ka.mʌn.tʃʰwʌ],[ga.mʌn.tʃʰwʌ]
외곽의 작은,8,[we.kwak̚.ɯi.tʃak̚.ɯn],[we.gwak̚.ɯi.dʒak̚.ɯn]
된 느낌이에요,8,[twen.nɯ.k͈im.i.e.jo],[dwen.nɯ.k͈im.i.e.jo]
좋은 자리로,8,[tʃot̚.ɯn.tʃa.ɾi.ɾo],[dʒot̚.ɯn.dʒa.ɾi.ɾo]
건 모릅니다,8,[kʌn.mo.ɾɯp̚.ni.ta],[gʌn.mo.ɾɯp̚.ni.da]
그렇게 하셔야,8,[kɯ.ɾʌt̚.ke.ha.sjʌ.ja],[gɯ.ɾʌt̚.ke.ha.sjʌ.ja]
외로운 남자를,8,[we.ɾo.un.nan.tʃa.ɾɯl],[we.ɾo.un.nan.tʃa.ɾɯl]
나중에 데리러 올게,8,[na.tʃuŋ.e.te.ɾi.ɾʌ.ol.ke],[na.dʒuŋ.e.de.ɾi.ɾʌ.ol.ke]
외로운 별,8,[we.ɾo.um.pjʌl],[we.ɾo.un.bjʌl]
건 몰랐나,8,[kʌn.mol.ɾat̚.na],[gʌn.mol.ɾat̚.na]
그렇게 하잖아요,8,[kɯ.ɾʌt̚.ke.ha.tʃan.a.jo],[gɯ.ɾʌt̚.ke.ha.dʒan.a.jo]
외로워 보여,8,[we.ɾo.wʌ.po.jʌ],[we.ɾo.wʌ.bo.jʌ]
외로워 보여요,8,[we.ɾo.wʌ.po.jʌ.jo],[we.ɾo.wʌ.bo.jʌ.jo]
좋은 점이 있다,8,[tʃot̚.ɯn.tʃʌm.i.it̚.ta],[dʒot̚.ɯn.dʒʌm.i.it̚.ta]
좋은 정보가,8,[tʃot̚.ɯn.tʃʌm.po.ka],[dʒot̚.ɯn.dʒʌŋ.bo.ga]
했대요 그리고,8,[hɛt̚.tɛ.jo.kɯ.ɾi.ko],[hɛt̚.tɛ.jo.gɯ.ɾi.go]
된 삶을,8,[twen.sam.ɯl],[dwen.sam.ɯl]
그런 분위기가,8,[kɯ.ɾʌm.pun.wi.ki.ka],[gɯ.ɾʌn.bun.wi.gi.ga]
외부 차원을,8,[we.pu.tʃʰa.wʌn.ɯl],[we.bu.tʃʰa.wʌn.ɯl]
외부 차원을 빨아들이고,8,[we.pu.tʃʰa.wʌn.ɯl.p͈al.a.tɯl.i.ko],[we.bu.tʃʰa.wʌn.ɯl.p͈al.a.dɯl.i.go]
here as,8,,
내가 못 할 줄,8,[nɛ.ka.mot̚.hal.tʃul],[nɛ.ga.mot̚.hal.dʒul]
그렇게 하지는,8,[kɯ.ɾʌt̚.ke.ha.tʃi.nɯn],[gɯ.ɾʌt̚.ke.ha.dʒi.nɯn]
외에 아무도,8,[we.e.a.mu.to],[we.e.a.mu.do]
외에는 다,8,[we.e.nɯn.ta],[we.e.nɯn.da]
I''m not here,8,,
그렇게 한 거예요,8,[kɯ.ɾʌt̚.ke.haŋ.kʌ.je.jo],[gɯ.ɾʌt̚.ke.han.gʌ.je.jo]
그렇게 한 겁니다,8,[kɯ.ɾʌt̚.ke.haŋ.kʌp̚.ni.ta],[gɯ.ɾʌt̚.ke.han.gʌp̚.ni.da]
모르는 놈,8,[mo.ɾɯ.nɯn.nom],[mo.ɾɯ.nɯn.nom]
외엔 설명이,8,[we.en.sʌl.mjʌŋ.i],[we.en.sʌl.mjʌŋ.i]
외우고 있어요,8,[we.u.ko.it̚.ʌ.jo],[we.u.go.it̚.ʌ.jo]
했더니 이,8,[hɛt̚.tʌ.ni.i],[hɛt̚.tʌ.ni.i]
그렇게 한 이유는,8,[kɯ.ɾʌt̚.ke.han.i.ju.nɯn],[gɯ.ɾʌt̚.ke.han.i.ju.nɯn]
외운 거야,8,[we.uŋ.kʌ.ja],[we.un.gʌ.ja]
그렇게 한거야,8,[kɯ.ɾʌt̚.ke.haŋ.kʌ.ja],[gɯ.ɾʌt̚.ke.haŋ.kʌ.ja]
외워야 해요,8,[we.wʌ.ja.hɛ.jo],[we.wʌ.ja.hɛ.jo]
건 못 해요,8,[kʌn.mot̚.hɛ.jo],[gʌn.mot̚.hɛ.jo]
못 잡아먹어 안달이야,8,[mot̚.tʃap̚.a.mʌk̚.ʌ.an.tal.i.ja],[mot̚.dʒap̚.a.mʌk̚.ʌ.an.tal.i.ja]
외출 금지다,8,[we.tʃʰul.kɯn.tʃi.ta],[we.tʃʰul.gɯn.tʃi.da]
건 무리라고,8,[kʌn.mu.ɾi.ɾa.ko],[gʌn.mu.ɾi.ɾa.go]
외출도 하고,8,[we.tʃʰul.to.ha.ko],[we.tʃʰul.to.ha.go]
외치는 걸,8,[we.tʃʰi.nɯŋ.kʌl],[we.tʃʰi.nɯn.gʌl]
Why would anyone,8,,
외치는 남자,8,[we.tʃʰi.nɯn.nan.tʃa],[we.tʃʰi.nɯn.nan.tʃa]
그런 비밀을,8,[kɯ.ɾʌm.pi.mil.ɯl],[gɯ.ɾʌn.bi.mil.ɯl]
건 무슨 뜻이죠,8,[kʌn.mu.sɯn.t͈ɯt̚.i.tʃjo],[gʌn.mu.sɯn.t͈ɯt̚.i.dʒjo]
왼쪽 끝,8,[wen.tʃ͈ok̚.k͈ɯt̚],[wen.tʃ͈ok̚.k͈ɯt̚]
왼쪽 눈은,8,[wen.tʃ͈ok̚.nun.ɯn],[wen.tʃ͈ok̚.nun.ɯn]
건 무슨 일이,8,[kʌn.mu.sɯn.il.i],[gʌn.mu.sɯn.il.i]
왼쪽 엔진을,8,[wen.tʃ͈ok̚.en.tʃin.ɯl],[wen.tʃ͈ok̚.en.tʃin.ɯl]
왼쪽 엔진은,8,[wen.tʃ͈ok̚.en.tʃin.ɯn],[wen.tʃ͈ok̚.en.tʃin.ɯn]
왼쪽 엔진이 작동,8,[wen.tʃ͈ok̚.en.tʃin.i.tʃak̚.toŋ],[wen.tʃ͈ok̚.en.tʃin.i.dʒak̚.toŋ]
그렇게 할 수 있도록,8,[kɯ.ɾʌt̚.ke.hal.su.it̚.to.ɾok̚],[gɯ.ɾʌt̚.ke.hal.su.it̚.to.ɾok̚]
왼쪽 주머니,8,[wen.tʃ͈ok̚.tʃu.mʌ.ni],[wen.tʃ͈ok̚.dʒu.mʌ.ni]
좋은 출발이,8,[tʃot̚.ɯn.tʃʰul.pal.i],[dʒot̚.ɯn.tʃʰul.pal.i]
게임 하는 거,8,[ke.im.ha.nɯŋ.kʌ],[ge.im.ha.nɯn.gʌ]
here for a,8,,
게임 하는 거야,8,[ke.im.ha.nɯŋ.kʌ.ja],[ge.im.ha.nɯn.gʌ.ja]
왼쪽으로 꺾어서,8,[wen.tʃ͈ok̚.ɯ.ɾo.k͈ʌk̚.ʌ.sʌ],[wen.tʃ͈ok̚.ɯ.ɾo.k͈ʌk̚.ʌ.sʌ]
된 치료를,8,[twen.tʃʰi.ɾjo.ɾɯl],[dwen.tʃʰi.ɾjo.ɾɯl]
좋은 친구네요,8,[tʃot̚.ɯn.tʃʰiŋ.ku.ne.jo],[dʒot̚.ɯn.tʃʰiŋ.ku.ne.jo]
Why would anyone go,8,,
여기 왔나요,8,[jʌ.ki.wat̚.na.jo],[jʌ.gi.wat̚.na.jo]
요 새끼,8,[jo.sɛ.k͈i],[jo.sɛ.k͈i]
I''m not in,8,,
요 요,8,[jo.jo],[jo.jo]
그렇게 할겁니다,8,[kɯ.ɾʌt̚.ke.hal.kʌp̚.ni.ta],[gɯ.ɾʌt̚.ke.hal.kʌp̚.ni.da]
요가 펫,8,[jo.ka.pʰet̚],[jo.ga.pʰet̚]
좋은 친구이자,8,[tʃot̚.ɯn.tʃʰiŋ.ku.i.tʃa],[dʒot̚.ɯn.tʃʰiŋ.ku.i.dʒa]
요광의 가쁜,8,[jo.kwaŋ.ɯi.ka.p͈ɯn],[jo.gwaŋ.ɯi.ga.p͈ɯn]
픽처 뉴스,8,[pʰik̚.tʃʰʌ.nju.sɯ],[pʰik̚.tʃʰʌ.nju.sɯ]
요광의 아파하는 신음,8,[jo.kwaŋ.ɯi.a.pʰa.ha.nɯn.sin.ɯm],[jo.gwaŋ.ɯi.a.pʰa.ha.nɯn.sin.ɯm]
못 죽어요,8,[mot̚.tʃuk̚.ʌ.jo],[mot̚.dʒuk̚.ʌ.jo]
요구를 들어줘야,8,[jo.ku.ɾɯl.tɯl.ʌ.tʃwʌ.ja],[jo.gu.ɾɯl.dɯl.ʌ.dʒwʌ.ja]
요구를 하고,8,[jo.ku.ɾɯl.ha.ko],[jo.gu.ɾɯl.ha.go]
요구에 응하지,8,[jo.ku.e.ɯŋ.ha.tʃi],[jo.gu.e.ɯŋ.ha.dʒi]
그렇게 해 내,8,[kɯ.ɾʌt̚.ke.hɛ.nɛ],[gɯ.ɾʌt̚.ke.hɛ.nɛ]
그렇게 해 내가,8,[kɯ.ɾʌt̚.ke.hɛ.nɛ.ka],[gɯ.ɾʌt̚.ke.hɛ.nɛ.ga]
요구하는 것,8,[jo.ku.ha.nɯŋ.kʌt̚],[jo.gu.ha.nɯn.gʌt̚]
요구할 때,8,[jo.ku.hal.t͈ɛ],[jo.gu.hal.t͈ɛ]
그렇게 해 주고,8,[kɯ.ɾʌt̚.ke.hɛ.tʃu.ko],[gɯ.ɾʌt̚.ke.hɛ.dʒu.go]
건 뭐든 하게,8,[kʌn.mwʌ.tɯn.ha.ke],[gʌn.mwʌ.dɯn.ha.ge]
요구했을 때,8,[jo.ku.hɛt̚.ɯl.t͈ɛ],[jo.gu.hɛt̚.ɯl.t͈ɛ]
봐 말 안 했는데,8,[pwa.mal.an.hɛt̚.nɯn.te],[bwa.mal.an.hɛt̚.nɯn.te]
된다 좋아,8,[twen.ta.tʃot̚.a],[dwen.ta.dʒot̚.a]
요다 사부님은,8,[jo.ta.sa.pu.nim.ɯn],[jo.da.sa.bu.nim.ɯn]
요래 요래,8,[jo.ɾɛ.jo.ɾɛ],[jo.ɾɛ.jo.ɾɛ]
된다고 그런,8,[twen.ta.ko.kɯ.ɾʌn],[dwen.ta.go.gɯ.ɾʌn]
Why would you do,8,,
여기 왜 이래요,8,[jʌ.ki.wɛ.i.ɾɛ.jo],[jʌ.gi.wɛ.i.ɾɛ.jo]
요리 잘해,8,[jo.ɾi.tʃal.hɛ],[jo.ɾi.dʒal.hɛ]
된다고 들었어,8,[twen.ta.ko.tɯl.ʌt̚.ʌ],[dwen.ta.go.dɯl.ʌt̚.ʌ]
I''m not interested,8,,
좋은 학교도,8,[tʃot̚.ɯn.hak̚.kjo.to],[dʒot̚.ɯn.hak̚.kjo.do]
요리도 잘하고,8,[jo.ɾi.to.tʃal.ha.ko],[jo.ɾi.do.dʒal.ha.go]
그렇게 해보자,8,[kɯ.ɾʌt̚.ke.hɛ.po.tʃa],[gɯ.ɾʌt̚.ke.hɛ.bo.dʒa]
요리를 좋아해요,8,[jo.ɾi.ɾɯl.tʃot̚.a.hɛ.jo],[jo.ɾi.ɾɯl.dʒot̚.a.hɛ.jo]
요리하는 거야,8,[jo.ɾi.ha.nɯŋ.kʌ.ja],[jo.ɾi.ha.nɯn.gʌ.ja]
요새 같은,8,[jo.sɛ.kat̚.ɯn],[jo.sɛ.gat̚.ɯn]
요새 그런,8,[jo.sɛ.kɯ.ɾʌn],[jo.sɛ.gɯ.ɾʌn]
그렇게 해야 돼,8,[kɯ.ɾʌt̚.ke.hɛ.ja.twɛ],[gɯ.ɾʌt̚.ke.hɛ.ja.dwɛ]
요새 어떻게,8,[jo.sɛ.ʌ.t͈ʌt̚.ke],[jo.sɛ.ʌ.t͈ʌt̚.ke]
요새 완전,8,[jo.sɛ.wan.tʃʌn],[jo.sɛ.wan.tʃʌn]
요새 왜 그래,8,[jo.sɛ.wɛ.kɯ.ɾɛ],[jo.sɛ.wɛ.gɯ.ɾɛ]
된다고 생각했지,8,[twen.ta.ko.sɛŋ.kak̚.hɛt̚.tʃi],[dwen.ta.go.sɛŋ.gak̚.hɛt̚.tʃi]
요새 진짜,8,[jo.sɛ.tʃin.tʃ͈a],[jo.sɛ.dʒin.tʃ͈a]
그렇게 해야만 해,8,[kɯ.ɾʌt̚.ke.hɛ.ja.man.hɛ],[gɯ.ɾʌt̚.ke.hɛ.ja.man.hɛ]
요아킨 페레야,8,[jo.a.kʰim.pʰe.ɾe.ja],[jo.a.kʰim.pʰe.ɾe.ja]
요약할 수,8,[jo.jak̚.hal.su],[jo.jak̚.hal.su]
건 뭐랄까,8,[kʌn.mwʌ.ɾal.k͈a],[gʌn.mwʌ.ɾal.k͈a]
된다고 하셨어,8,[twen.ta.ko.ha.sjʌt̚.ʌ],[dwen.ta.go.ha.sjʌt̚.ʌ]
요원 깁스,8,[jo.wʌŋ.kip̚.sɯ],[jo.wʌn.gip̚.sɯ]
못 지킬 것,8,[mot̚.tʃi.kʰil.kʌt̚],[mot̚.dʒi.kʰil.gʌt̚]
그렇게 해주시면,8,[kɯ.ɾʌt̚.ke.hɛ.tʃu.si.mjʌn],[gɯ.ɾʌt̚.ke.hɛ.dʒu.si.mjʌn]
요원 말이,8,[jo.wʌn.mal.i],[jo.wʌn.mal.i]
그 위에 있어,8,[kɯ.wi.e.it̚.ʌ],[gɯ.wi.e.it̚.ʌ]
요원 살해,8,[jo.wʌn.sal.hɛ],[jo.wʌn.sal.hɛ]
요원 안녕하세요,8,[jo.wʌn.an.njʌŋ.ha.se.jo],[jo.wʌn.an.njʌŋ.ha.se.jo]
요원 어떻게,8,[jo.wʌn.ʌ.t͈ʌt̚.ke],[jo.wʌn.ʌ.t͈ʌt̚.ke]
요원 우리는,8,[jo.wʌn.u.ɾi.nɯn],[jo.wʌn.u.ɾi.nɯn]
그렇게 해줬으면,8,[kɯ.ɾʌt̚.ke.hɛ.tʃwʌt̚.ɯ.mjʌn],[gɯ.ɾʌt̚.ke.hɛ.dʒwʌt̚.ɯ.mjʌn]
된다는 거네,8,[twen.ta.nɯŋ.kʌ.ne],[dwen.ta.nɯn.gʌ.ne]
요원들은 정문으로,8,[jo.wʌn.tɯl.ɯn.tʃʌŋ.mun.ɯ.ɾo],[jo.wʌn.tɯl.ɯn.dʒʌŋ.mun.ɯ.ɾo]
필라델피아 경찰,8,[pʰil.ɾa.tel.pʰi.a.kjʌŋ.tʃʰal],[pʰil.ɾa.del.pʰi.a.gjʌŋ.tʃʰal]
된다는 거잖아,8,[twen.ta.nɯŋ.kʌ.tʃan.a],[dwen.ta.nɯn.gʌ.dʒan.a]
요원에 대해서,8,[jo.wʌn.e.tɛ.hɛ.sʌ],[jo.wʌn.e.dɛ.hɛ.sʌ]
요원을 죽일 거야,8,[jo.wʌn.ɯl.tʃuk̚.il.kʌ.ja],[jo.wʌn.ɯl.dʒuk̚.il.gʌ.ja]
된다는 것만,8,[twen.ta.nɯŋ.kʌt̚.man],[dwen.ta.nɯn.gʌt̚.man]
요원이 아니에요,8,[jo.wʌn.i.a.ni.e.jo],[jo.wʌn.i.a.ni.e.jo]
I''m not kidding,8,,
그렇게 했으면,8,[kɯ.ɾʌt̚.ke.hɛt̚.ɯ.mjʌn],[gɯ.ɾʌt̚.ke.hɛt̚.ɯ.mjʌn]
more like a,8,,
가 버리라고,8,[ka.pʌ.ɾi.ɾa.ko],[ga.bʌ.ɾi.ɾa.go]
요전날 밤에,8,[jo.tʃʌn.nal.pam.e],[jo.dʒʌn.nal.bam.e]
된다는 생각에,8,[twen.ta.nɯn.sɛŋ.kak̚.e],[dwen.ta.nɯn.sɛŋ.gak̚.e]
요점이 뭐냐,8,[jo.tʃʌm.i.mwʌ.nja],[jo.dʒʌm.i.mwʌ.nja]
요점이 아니야,8,[jo.tʃʌm.i.a.ni.ja],[jo.dʒʌm.i.a.ni.ja]
요점이 아닙니다,8,[jo.tʃʌm.i.a.nip̚.ni.ta],[jo.dʒʌm.i.a.nip̚.ni.da]
요정 가루를,8,[jo.tʃʌŋ.ka.ɾu.ɾɯl],[jo.dʒʌŋ.ga.ɾu.ɾɯl]
요주의 인물이에요,8,[jo.tʃu.ɯi.in.mul.i.e.jo],[jo.dʒu.ɯi.in.mul.i.e.jo]
된다면 나도,8,[twen.ta.mjʌn.na.to],[dwen.ta.mjʌn.na.do]
된다면 넌,8,[twen.ta.mjʌn.nʌn],[dwen.ta.mjʌn.nʌn]
요즘 너무 많은,8,[jo.tʃɯm.nʌ.mu.man.ɯn],[jo.dʒɯm.nʌ.mu.man.ɯn]
요즘 다시,8,[jo.tʃɯn.ta.si],[jo.dʒɯm.da.si]
요즘 당신이,8,[jo.tʃɯn.taŋ.sin.i],[jo.dʒɯm.daŋ.sin.i]
요즘 뜨는,8,[jo.tʃɯn.t͈ɯ.nɯn],[jo.dʒɯn.t͈ɯ.nɯn]
요즘 뭐 하고,8,[jo.tʃɯm.mwʌ.ha.ko],[jo.dʒɯm.mwʌ.ha.go]
된다면 우린,8,[twen.ta.mjʌn.u.ɾin],[dwen.ta.mjʌn.u.ɾin]
된다면 전,8,[twen.ta.mjʌn.tʃʌn],[dwen.ta.mjʌn.dʒʌn]
요즘 생각이,8,[jo.tʃɯm.sɛŋ.kak̚.i],[jo.dʒɯm.sɛŋ.gak̚.i]
그렇게 화를 내는,8,[kɯ.ɾʌt̚.ke.hwa.ɾɯl.lɛ.nɯn],[gɯ.ɾʌt̚.ke.hwa.ɾɯl.lɛ.nɯn]
요즘 세상이 얼마나,8,[jo.tʃɯm.se.saŋ.i.ʌl.ma.na],[jo.dʒɯm.se.saŋ.i.ʌl.ma.na]
된단 거죠,8,[twen.taŋ.kʌ.tʃjo],[dwen.tan.gʌ.dʒjo]
here that,8,,
그렇게 확신하세요,8,[kɯ.ɾʌt̚.ke.hwak̚.sin.ha.se.jo],[gɯ.ɾʌt̚.ke.hwak̚.sin.ha.se.jo]
건 바로 너잖아,8,[kʌm.pa.ɾo.nʌ.tʃan.a],[gʌn.ba.ɾo.nʌ.dʒan.a]
요즘 이상하게,8,[jo.tʃɯm.i.saŋ.ha.ke],[jo.dʒɯm.i.saŋ.ha.ge]
요즘 일,8,[jo.tʃɯm.il],[jo.dʒɯm.il]
요즘 잘 안,8,[jo.tʃɯn.tʃal.an],[jo.dʒɯm.dʒal.an]
요즘 잠을 잘 못,8,[jo.tʃɯn.tʃam.ɯl.tʃal.mot̚],[jo.dʒɯm.dʒam.ɯl.dʒal.mot̚]
가 보고 싶었어,8,[ka.po.ko.sip̚.ʌt̚.ʌ],[ga.bo.go.sip̚.ʌt̚.ʌ]
요즘 제일,8,[jo.tʃɯn.tʃe.il],[jo.dʒɯm.dʒe.il]
요즘 집에,8,[jo.tʃɯn.tʃip̚.e],[jo.dʒɯm.dʒip̚.e]
좋을 지도,8,[tʃot̚.ɯl.tʃi.to],[dʒot̚.ɯl.dʒi.do]
여기 있는 거 싫어,8,[jʌ.ki.it̚.nɯŋ.kʌ.sil.ʌ],[jʌ.gi.it̚.nɯn.gʌ.sil.ʌ]
요즘엔 뭐,8,[jo.tʃɯm.en.mwʌ],[jo.dʒɯm.en.mwʌ]
될 거 있나요,8,[twel.kʌ.it̚.na.jo],[dwel.gʌ.it̚.na.jo]
요즘은 뭐,8,[jo.tʃɯm.ɯn.mwʌ],[jo.dʒɯm.ɯn.mwʌ]
좋을것 같습니다,8,[tʃot̚.ɯl.kʌt̚.kat̚.sɯp̚.ni.ta],[dʒot̚.ɯl.kʌt̚.gat̚.sɯp̚.ni.da]
요청 바람,8,[jo.tʃʰʌm.pa.ɾam],[jo.tʃʰʌŋ.ba.ɾam]
요청 바란다,8,[jo.tʃʰʌm.pa.ɾan.ta],[jo.tʃʰʌŋ.ba.ɾan.ta]
요청 중,8,[jo.tʃʰʌŋ.tʃuŋ],[jo.tʃʰʌŋ.dʒuŋ]
I''m not mad,8,,
그렇게까지 말할,8,[kɯ.ɾʌt̚.ke.k͈a.tʃi.mal.hal],[gɯ.ɾʌt̚.ke.k͈a.dʒi.mal.hal]
요청을 받았다,8,[jo.tʃʰʌŋ.ɯl.pat̚.at̚.ta],[jo.tʃʰʌŋ.ɯl.bat̚.at̚.ta]
요청을 안,8,[jo.tʃʰʌŋ.ɯl.an],[jo.tʃʰʌŋ.ɯl.an]
가 보는 건 어때,8,[ka.po.nɯŋ.kʌn.ʌ.t͈ɛ],[ga.bo.nɯn.gʌn.ʌ.t͈ɛ]
될 거라 생각해,8,[twel.kʌ.ɾa.sɛŋ.kak̚.hɛ],[dwel.gʌ.ɾa.sɛŋ.gak̚.hɛ]
될 거라고 생각한,8,[twel.kʌ.ɾa.ko.sɛŋ.kak̚.han],[dwel.gʌ.ɾa.go.sɛŋ.gak̚.han]
나중에 엄마가,8,[na.tʃuŋ.e.ʌm.ma.ka],[na.dʒuŋ.e.ʌm.ma.ga]
요청한 것,8,[jo.tʃʰʌŋ.haŋ.kʌt̚],[jo.tʃʰʌŋ.han.gʌt̚]
될 거라고 생각했는데,8,[twel.kʌ.ɾa.ko.sɛŋ.kak̚.hɛt̚.nɯn.te],[dwel.gʌ.ɾa.go.sɛŋ.gak̚.hɛt̚.nɯn.te]
가 보는 게 좋을,8,[ka.po.nɯŋ.ke.tʃot̚.ɯl],[ga.bo.nɯn.ge.dʒot̚.ɯl]
건 변함없어,8,[kʌm.pjʌn.ham.ʌp̚.ʌ],[gʌn.bjʌn.ham.ʌp̚.ʌ]
그렇게나 많이요,8,[kɯ.ɾʌt̚.ke.na.man.i.jo],[gɯ.ɾʌt̚.ke.na.man.i.jo]
내 말 듣고 있니,8,[nɛ.mal.tɯt̚.ko.it̚.ni],[nɛ.mal.dɯt̚.ko.it̚.ni]
요청했을 때,8,[jo.tʃʰʌŋ.hɛt̚.ɯl.t͈ɛ],[jo.tʃʰʌŋ.hɛt̚.ɯl.t͈ɛ]
요추 천자,8,[jo.tʃʰu.tʃʰʌn.tʃa],[jo.tʃʰu.tʃʰʌn.tʃa]
요트 타고,8,[jo.tʰɯ.tʰa.ko],[jo.tʰɯ.tʰa.go]
욕 하는,8,[jok̚.ha.nɯn],[jok̚.ha.nɯn]
욕구 때문에,8,[jok̚.ku.t͈ɛ.mun.e],[jok̚.ku.t͈ɛ.mun.e]
욕되게 하지,8,[jok̚.twe.ke.ha.tʃi],[jok̚.twe.ge.ha.dʒi]
될 거야 같이,8,[twel.kʌ.ja.kat̚.i],[dwel.gʌ.ja.gat̚.i]
될 거야 고마워요,8,[twel.kʌ.ja.ko.ma.wʌ.jo],[dwel.gʌ.ja.go.ma.wʌ.jo]
욕심내면 안,8,[jok̚.sim.nɛ.mjʌn.an],[jok̚.sim.nɛ.mjʌn.an]
좋지 그,8,[tʃot̚.tʃi.kɯ],[dʒot̚.tʃi.gɯ]
욕심이 많아,8,[jok̚.sim.i.man.a],[jok̚.sim.i.man.a]
도대체 무슨 생각을 하는,8,[to.tɛ.tʃʰe.mu.sɯn.sɛŋ.kak̚.ɯl.ha.nɯn],[do.dɛ.tʃʰe.mu.sɯn.sɛŋ.gak̚.ɯl.ha.nɯn]
욕이 아니라,8,[jok̚.i.a.ni.ɾa],[jok̚.i.a.ni.ɾa]
욕정의 노예가,8,[jok̚.tʃʌŋ.ɯi.no.je.ka],[jok̚.tʃʌŋ.ɯi.no.je.ga]
좋지 당신,8,[tʃot̚.tʃi.taŋ.sin],[dʒot̚.tʃi.daŋ.sin]
게임을 시작해 볼까,8,[ke.im.ɯl.si.tʃak̚.hɛ.pol.k͈a],[ge.im.ɯl.si.dʒak̚.hɛ.bol.k͈a]
될 거야 그리고 나는,8,[twel.kʌ.ja.kɯ.ɾi.ko.na.nɯn],[dwel.gʌ.ja.gɯ.ɾi.go.na.nɯn]
건 보고 싶지 않아,8,[kʌm.po.ko.sip̚.tʃi.an.a],[gʌn.bo.go.sip̚.tʃi.an.a]
욕한 건,8,[jok̚.haŋ.kʌn],[jok̚.han.gʌn]
될 거야 그리고 넌,8,[twel.kʌ.ja.kɯ.ɾi.ko.nʌn],[dwel.gʌ.ja.gɯ.ɾi.go.nʌn]
욕해서 미안해요,8,[jok̚.hɛ.sʌ.mi.an.hɛ.jo],[jok̚.hɛ.sʌ.mi.an.hɛ.jo]
용 브레스,8,[jom.pɯ.ɾe.sɯ],[joŋ.bɯ.ɾe.sɯ]
그렇게만 된다면,8,[kɯ.ɾʌt̚.ke.man.twen.ta.mjʌn],[gɯ.ɾʌt̚.ke.man.dwen.ta.mjʌn]
용감하다고 생각해요,8,[joŋ.kam.ha.ta.ko.sɛŋ.kak̚.hɛ.jo],[joŋ.gam.ha.da.go.sɛŋ.gak̚.hɛ.jo]
용감한 사람은,8,[joŋ.kam.han.sa.ɾam.ɯn],[joŋ.gam.han.sa.ɾam.ɯn]
용감한 시민상을,8,[joŋ.kam.han.si.min.saŋ.ɯl],[joŋ.gam.han.si.min.saŋ.ɯl]
될 거야 내가 널,8,[twel.kʌ.ja.nɛ.ka.nʌl],[dwel.gʌ.ja.nɛ.ga.nʌl]
용감해야 해,8,[joŋ.kam.hɛ.ja.hɛ],[joŋ.gam.hɛ.ja.hɛ]
될 거야 너와,8,[twel.kʌ.ja.nʌ.wa],[dwel.gʌ.ja.nʌ.wa]
될 거야 누가,8,[twel.kʌ.ja.nu.ka],[dwel.gʌ.ja.nu.ga]
그렇겐 못하지,8,[kɯ.ɾʌt̚.ken.mot̚.ha.tʃi],[gɯ.ɾʌt̚.ken.mot̚.ha.dʒi]
용기가 있어,8,[joŋ.ki.ka.it̚.ʌ],[joŋ.gi.ga.it̚.ʌ]
될 거야 두,8,[twel.kʌ.ja.tu],[dwel.gʌ.ja.du]
here to witness,8,,
용기를 낸,8,[joŋ.ki.ɾɯl.lɛn],[joŋ.gi.ɾɯl.lɛn]
될 거야 뭐라고,8,[twel.kʌ.ja.mwʌ.ɾa.ko],[dwel.gʌ.ja.mwʌ.ɾa.go]
용기를 북돋아,8,[joŋ.ki.ɾɯl.puk̚.tot̚.a],[joŋ.gi.ɾɯl.buk̚.tot̚.a]
용기를 주고,8,[joŋ.ki.ɾɯl.tʃu.ko],[joŋ.gi.ɾɯl.dʒu.go]
용기를 주시고,8,[joŋ.ki.ɾɯl.tʃu.si.ko],[joŋ.gi.ɾɯl.dʒu.si.go]
용기만 있으면,8,[joŋ.ki.man.it̚.ɯ.mjʌn],[joŋ.gi.man.it̚.ɯ.mjʌn]
좋지 않으세요,8,[tʃot̚.tʃi.an.ɯ.se.jo],[dʒot̚.tʃi.an.ɯ.se.jo]
속에서 살아야,8,[sok̚.e.sʌ.sal.a.ja],[sok̚.e.sʌ.sal.a.ja]
용납 못해요,8,[joŋ.nap̚.mot̚.hɛ.jo],[joŋ.nap̚.mot̚.hɛ.jo]
여기 있는 줄은,8,[jʌ.ki.it̚.nɯn.tʃul.ɯn],[jʌ.gi.it̚.nɯn.dʒul.ɯn]
용납하지 않을 것이다,8,[joŋ.nap̚.ha.tʃi.an.ɯl.kʌt̚.i.ta],[joŋ.nap̚.ha.dʒi.an.ɯl.gʌt̚.i.da]
그렇겠죠 당신,8,[kɯ.ɾʌt̚.ket̚.tʃjo.taŋ.sin],[gɯ.ɾʌt̚.ket̚.tʃjo.daŋ.sin]
될 거야 어떤,8,[twel.kʌ.ja.ʌ.t͈ʌn],[dwel.gʌ.ja.ʌ.t͈ʌn]
용맹히 싸워서,8,[joŋ.mɛŋ.hi.s͈a.wʌ.sʌ],[joŋ.mɛŋ.hi.s͈a.wʌ.sʌ]
될 거야 엄마,8,[twel.kʌ.ja.ʌm.ma],[dwel.gʌ.ja.ʌm.ma]
here tonight,8,,
용서 해줘,8,[joŋ.sʌ.hɛ.tʃwʌ],[joŋ.sʌ.hɛ.dʒwʌ]
용서를 구하려고,8,[joŋ.sʌ.ɾɯl.ku.ha.ɾjʌ.ko],[joŋ.sʌ.ɾɯl.gu.ha.ɾjʌ.go]
여기 있다 내,8,[jʌ.ki.it̚.ta.nɛ],[jʌ.gi.it̚.ta.nɛ]
될 거야 이번,8,[twel.kʌ.ja.i.pʌn],[dwel.gʌ.ja.i.bʌn]
제일 적은,8,[tʃe.il.tʃʌk̚.ɯn],[dʒe.il.dʒʌk̚.ɯn]
용서받지 못,8,[joŋ.sʌ.pat̚.tʃi.mot̚],[joŋ.sʌ.bat̚.tʃi.mot̚]
될 거야 잠깐,8,[twel.kʌ.ja.tʃam.k͈an],[dwel.gʌ.ja.dʒam.k͈an]
용서치 않을 것이다,8,[joŋ.sʌ.tʃʰi.an.ɯl.kʌt̚.i.ta],[joŋ.sʌ.tʃʰi.an.ɯl.gʌt̚.i.da]
an amazing,8,,
용서하지 않을 거다,8,[joŋ.sʌ.ha.tʃi.an.ɯl.kʌ.ta],[joŋ.sʌ.ha.dʒi.an.ɯl.gʌ.da]
용서할 순,8,[joŋ.sʌ.hal.sun],[joŋ.sʌ.hal.sun]
그렇겠지 뭐,8,[kɯ.ɾʌt̚.ket̚.tʃi.mwʌ],[gɯ.ɾʌt̚.ket̚.tʃi.mwʌ]
용서해 주게,8,[joŋ.sʌ.hɛ.tʃu.ke],[joŋ.sʌ.hɛ.dʒu.ge]
될 거예요 그게,8,[twel.kʌ.je.jo.kɯ.ke],[dwel.gʌ.je.jo.gɯ.ge]
될 거예요 그래서,8,[twel.kʌ.je.jo.kɯ.ɾɛ.sʌ],[dwel.gʌ.je.jo.gɯ.ɾɛ.sʌ]
될 거예요 날,8,[twel.kʌ.je.jo.nal],[dwel.gʌ.je.jo.nal]
용암 동굴,8,[joŋ.an.toŋ.kul],[joŋ.am.doŋ.gul]
좋지 그냥,8,[tʃot̚.tʃi.kɯ.njaŋ],[dʒot̚.tʃi.gɯ.njaŋ]
될 거예요 다른,8,[twel.kʌ.je.jo.ta.ɾɯn],[dwel.gʌ.je.jo.da.ɾɯn]
그렇겠지만 난,8,[kɯ.ɾʌt̚.ket̚.tʃi.man.nan],[gɯ.ɾʌt̚.ket̚.tʃi.man.nan]
용의가 있어요,8,[joŋ.ɯi.ka.it̚.ʌ.jo],[joŋ.ɯi.ga.it̚.ʌ.jo]
용의자 도주,8,[joŋ.ɯi.tʃa.to.tʃu],[joŋ.ɯi.dʒa.do.dʒu]
용의자 명단을,8,[joŋ.ɯi.tʃa.mjʌŋ.tan.ɯl],[joŋ.ɯi.dʒa.mjʌŋ.dan.ɯl]
용의자 목록이,8,[joŋ.ɯi.tʃa.mok̚.ɾok̚.i],[joŋ.ɯi.dʒa.mok̚.ɾok̚.i]
용의자 수배,8,[joŋ.ɯi.tʃa.su.pɛ],[joŋ.ɯi.dʒa.su.bɛ]
그렇고 그게,8,[kɯ.ɾʌt̚.ko.kɯ.ke],[gɯ.ɾʌt̚.ko.gɯ.ge]
용의자가 아닙니다,8,[joŋ.ɯi.tʃa.ka.a.nip̚.ni.ta],[joŋ.ɯi.dʒa.ga.a.nip̚.ni.da]
그렇고 그럼,8,[kɯ.ɾʌt̚.ko.kɯ.ɾʌm],[gɯ.ɾʌt̚.ko.gɯ.ɾʌm]
될 거예요 한,8,[twel.kʌ.je.jo.han],[dwel.gʌ.je.jo.han]
배짱이 있어,8,[pɛ.tʃ͈aŋ.i.it̚.ʌ],[bɛ.tʃ͈aŋ.i.it̚.ʌ]
용의자는 없어,8,[joŋ.ɯi.tʃa.nɯn.ʌp̚.ʌ],[joŋ.ɯi.dʒa.nɯn.ʌp̚.ʌ]
그렇고 그리고,8,[kɯ.ɾʌt̚.ko.kɯ.ɾi.ko],[gɯ.ɾʌt̚.ko.gɯ.ɾi.go]
here you are,8,,
Will you love me,8,,
용의자를 찾을,8,[joŋ.ɯi.tʃa.ɾɯl.tʃʰat̚.ɯl],[joŋ.ɯi.dʒa.ɾɯl.tʃʰat̚.ɯl]
용의자와 함께,8,[joŋ.ɯi.tʃa.wa.ham.k͈e],[joŋ.ɯi.dʒa.wa.ham.k͈e]
될 겁니다 그들이,8,[twel.kʌp̚.ni.ta.kɯ.tɯl.i],[dwel.gʌp̚.ni.da.gɯ.dɯl.i]
그렇고 누가,8,[kɯ.ɾʌt̚.ko.nu.ka],[gɯ.ɾʌt̚.ko.nu.ga]
그렇고 다른,8,[kɯ.ɾʌt̚.ko.ta.ɾɯn],[gɯ.ɾʌt̚.ko.da.ɾɯn]
여기 있어 뭐,8,[jʌ.ki.it̚.ʌ.mwʌ],[jʌ.gi.it̚.ʌ.mwʌ]
우는 거 아니야,8,[u.nɯŋ.kʌ.a.ni.ja],[u.nɯn.gʌ.a.ni.ja]
우는 거니,8,[u.nɯŋ.kʌ.ni],[u.nɯn.gʌ.ni]
건 비밀도,8,[kʌm.pi.mil.to],[gʌn.bi.mil.to]
그렇고 또,8,[kɯ.ɾʌt̚.ko.t͈o],[gɯ.ɾʌt̚.ko.t͈o]
여기 있어 다음 화,8,[jʌ.ki.it̚.ʌ.ta.ɯm.hwa],[jʌ.gi.it̚.ʌ.da.ɯm.hwa]
우는 걸 봤어,8,[u.nɯŋ.kʌl.pwat̚.ʌ],[u.nɯn.gʌl.bwat̚.ʌ]
우는 것을,8,[u.nɯŋ.kʌt̚.ɯl],[u.nɯn.gʌt̚.ɯl]
가 본 지,8,[ka.pon.tʃi],[ga.bon.dʒi]
우당탕 소리가,8,[u.taŋ.tʰaŋ.so.ɾi.ka],[u.daŋ.tʰaŋ.so.ɾi.ga]
여기 있어 바로,8,[jʌ.ki.it̚.ʌ.pa.ɾo],[jʌ.gi.it̚.ʌ.ba.ɾo]
될 겁니다 어떻게,8,[twel.kʌp̚.ni.ta.ʌ.t͈ʌt̚.ke],[dwel.gʌp̚.ni.da.ʌ.t͈ʌt̚.ke]
될 겁니다 우리가,8,[twel.kʌp̚.ni.ta.u.ɾi.ka],[dwel.gʌp̚.ni.da.u.ɾi.ga]
될 겁니다 우리는,8,[twel.kʌp̚.ni.ta.u.ɾi.nɯn],[dwel.gʌp̚.ni.da.u.ɾi.nɯn]
Will you love,8,,
될 겁니다 이게,8,[twel.kʌp̚.ni.ta.i.ke],[dwel.gʌp̚.ni.da.i.ge]
될 겁니다 전,8,[twel.kʌp̚.ni.ta.tʃʌn],[dwel.gʌp̚.ni.da.dʒʌn]
그렇고 우리가,8,[kɯ.ɾʌt̚.ko.u.ɾi.ka],[gɯ.ɾʌt̚.ko.u.ɾi.ga]
우리 가게로,8,[u.ɾi.ka.ke.ɾo],[u.ɾi.ga.ge.ɾo]
건 사고가,8,[kʌn.sa.ko.ka],[gʌn.sa.go.ga]
그렇고 저,8,[kɯ.ɾʌt̚.ko.tʃʌ],[gɯ.ɾʌt̚.ko.dʒʌ]
그렇고 저도,8,[kɯ.ɾʌt̚.ko.tʃʌ.to],[gɯ.ɾʌt̚.ko.dʒʌ.do]
우리 가문과,8,[u.ɾi.ka.muŋ.kwa],[u.ɾi.ga.muŋ.kwa]
여기 있어 이게,8,[jʌ.ki.it̚.ʌ.i.ke],[jʌ.gi.it̚.ʌ.i.ge]
우리 가야해,8,[u.ɾi.ka.ja.hɛ],[u.ɾi.ga.ja.hɛ]
우리 가족 모두를,8,[u.ɾi.ka.tʃok̚.mo.tu.ɾɯl],[u.ɾi.ga.dʒok̚.mo.du.ɾɯl]
못 하겠어 너무,8,[mot̚.ha.ket̚.ʌ.nʌ.mu],[mot̚.ha.get̚.ʌ.nʌ.mu]
될 것 같았습니다,8,[twel.kʌt̚.kat̚.at̚.sɯp̚.ni.ta],[dwel.gʌt̚.gat̚.at̚.sɯp̚.ni.da]
그렇고요 그,8,[kɯ.ɾʌt̚.ko.jo.kɯ],[gɯ.ɾʌt̚.ko.jo.gɯ]
될 것 같았죠,8,[twel.kʌt̚.kat̚.at̚.tʃjo],[dwel.gʌt̚.gat̚.at̚.tʃjo]
우리 가족에게서,8,[u.ɾi.ka.tʃok̚.e.ke.sʌ],[u.ɾi.ga.dʒok̚.e.ge.sʌ]
죄를 용서하시고 저희를,8,[tʃwe.ɾɯl.joŋ.sʌ.ha.si.ko.tʃʌ.hɯi.ɾɯl],[dʒwe.ɾɯl.joŋ.sʌ.ha.si.go.dʒʌ.hɯi.ɾɯl]
우리 가족은 내가,8,[u.ɾi.ka.tʃok̚.ɯn.nɛ.ka],[u.ɾi.ga.dʒok̚.ɯn.nɛ.ga]
우리 가족은 이,8,[u.ɾi.ka.tʃok̚.ɯn.i],[u.ɾi.ga.dʒok̚.ɯn.i]
그렇고요 하지만,8,[kɯ.ɾʌt̚.ko.jo.ha.tʃi.man],[gɯ.ɾʌt̚.ko.jo.ha.dʒi.man]
가지 방법이다,8,[ka.tʃi.pam.pʌp̚.i.ta],[ga.dʒi.baŋ.bʌp̚.i.da]
과연 그랬을까,8,[kwa.jʌŋ.kɯ.ɾɛt̚.ɯl.k͈a],[gwa.jʌn.gɯ.ɾɛt̚.ɯl.k͈a]
우리 가족을 보러 왔는데,8,[u.ɾi.ka.tʃok̚.ɯl.po.ɾʌ.wat̚.nɯn.te],[u.ɾi.ga.dʒok̚.ɯl.bo.ɾʌ.wat̚.nɯn.te]
건 사람의,8,[kʌn.sa.ɾam.ɯi],[gʌn.sa.ɾam.ɯi]
될 것 입니다,8,[twel.kʌt̚.ip̚.ni.ta],[dwel.gʌt̚.ip̚.ni.da]
우리 가족처럼,8,[u.ɾi.ka.tʃok̚.tʃʰʌ.ɾʌm],[u.ɾi.ga.dʒok̚.tʃʰʌ.ɾʌm]
우리 가치를,8,[u.ɾi.ka.tʃʰi.ɾɯl],[u.ɾi.ga.tʃʰi.ɾɯl]
될 것으로 보입니다,8,[twel.kʌt̚.ɯ.ɾo.po.ip̚.ni.ta],[dwel.gʌt̚.ɯ.ɾo.bo.ip̚.ni.da]
우리 갈 거야,8,[u.ɾi.kal.kʌ.ja],[u.ɾi.gal.gʌ.ja]
가 볼게요 그래,8,[ka.pol.ke.jo.kɯ.ɾɛ],[ga.bol.ke.jo.gɯ.ɾɛ]
우리 감정을,8,[u.ɾi.kan.tʃʌŋ.ɯl],[u.ɾi.gan.tʃʌŋ.ɯl]
될 것이다 그리고,8,[twel.kʌt̚.i.ta.kɯ.ɾi.ko],[dwel.gʌt̚.i.da.gɯ.ɾi.go]
될 것이다 난,8,[twel.kʌt̚.i.ta.nan],[dwel.gʌt̚.i.da.nan]
될 것이다 우리,8,[twel.kʌt̚.i.ta.u.ɾi],[dwel.gʌt̚.i.da.u.ɾi]
도대체 어떻게 한,8,[to.tɛ.tʃʰe.ʌ.t͈ʌt̚.ke.han],[do.dɛ.tʃʰe.ʌ.t͈ʌt̚.ke.han]
될 것이다 우리의,8,[twel.kʌt̚.i.ta.u.ɾi.ɯi],[dwel.gʌt̚.i.da.u.ɾi.ɯi]
될 것이다 이,8,[twel.kʌt̚.i.ta.i],[dwel.gʌt̚.i.da.i]
그렇구나 무슨,8,[kɯ.ɾʌt̚.ku.na.mu.sɯn],[gɯ.ɾʌt̚.ku.na.mu.sɯn]
될 것이라고 생각한다,8,[twel.kʌt̚.i.ɾa.ko.sɛŋ.kak̚.han.ta],[dwel.gʌt̚.i.ɾa.go.sɛŋ.gak̚.han.ta]
죄를 지은 것도,8,[tʃwe.ɾɯl.tʃi.ɯŋ.kʌt̚.to],[dʒwe.ɾɯl.dʒi.ɯn.gʌt̚.to]
못 하겠어요 제가,8,[mot̚.ha.ket̚.ʌ.jo.tʃe.ka],[mot̚.ha.get̚.ʌ.jo.dʒe.ga]
우리 걸로,8,[u.ɾi.kʌl.ɾo],[u.ɾi.gʌl.ɾo]
될 게 있어,8,[twel.ke.it̚.ʌ],[dwel.ge.it̚.ʌ]
그렇구나 이제,8,[kɯ.ɾʌt̚.ku.na.i.tʃe],[gɯ.ɾʌt̚.ku.na.i.dʒe]
그렇구나 저,8,[kɯ.ɾʌt̚.ku.na.tʃʌ],[gɯ.ɾʌt̚.ku.na.dʒʌ]
죄송하다고 했잖아요,8,[tʃwe.soŋ.ha.ta.ko.hɛt̚.tʃan.a.jo],[dʒwe.soŋ.ha.da.go.hɛt̚.tʃan.a.jo]
될 곳을,8,[twel.kot̚.ɯl],[dwel.got̚.ɯl]
우리 결정을,8,[u.ɾi.kjʌl.tʃʌŋ.ɯl],[u.ɾi.gjʌl.tʃʌŋ.ɯl]
우리 결혼식에서,8,[u.ɾi.kjʌl.hon.sik̚.e.sʌ],[u.ɾi.gjʌl.hon.sik̚.e.sʌ]
될 놈은,8,[twel.lom.ɯn],[dwel.lom.ɯn]
우리 경찰들은,8,[u.ɾi.kjʌŋ.tʃʰal.tɯl.ɯn],[u.ɾi.gjʌŋ.tʃʰal.tɯl.ɯn]
우리 계좌에,8,[u.ɾi.kje.tʃwa.e],[u.ɾi.gje.dʒwa.e]
될 때 옳은,8,[twel.t͈ɛ.ol.ɯn],[dwel.t͈ɛ.ol.ɯn]
될 때 옳은 일을,8,[twel.t͈ɛ.ol.ɯn.il.ɯl],[dwel.t͈ɛ.ol.ɯn.il.ɯl]
될 때까지 계속,8,[twel.t͈ɛ.k͈a.tʃi.kje.sok̚],[dwel.t͈ɛ.k͈a.dʒi.gje.sok̚]
될 때는,8,[twel.t͈ɛ.nɯn],[dwel.t͈ɛ.nɯn]
될 때도 있어요,8,[twel.t͈ɛ.to.it̚.ʌ.jo],[dwel.t͈ɛ.do.it̚.ʌ.jo]
우리 공,8,[u.ɾi.koŋ],[u.ɾi.goŋ]
될 때면,8,[twel.t͈ɛ.mjʌn],[dwel.t͈ɛ.mjʌn]
될 땐,8,[twel.t͈ɛn],[dwel.t͈ɛn]
속이 더,8,[sok̚.i.tʌ],[sok̚.i.dʌ]
우리 공연,8,[u.ɾi.koŋ.jʌn],[u.ɾi.goŋ.jʌn]
우리 공주님이,8,[u.ɾi.koŋ.tʃu.nim.i],[u.ɾi.goŋ.dʒu.nim.i]
그렇군 좋아,8,[kɯ.ɾʌt̚.kun.tʃot̚.a],[gɯ.ɾʌt̚.kun.dʒot̚.a]
우리 과장님,8,[u.ɾi.kwa.tʃaŋ.nim],[u.ɾi.gwa.dʒaŋ.nim]
우리 관계에 대해서,8,[u.ɾi.kwaŋ.kje.e.tɛ.hɛ.sʌ],[u.ɾi.gwaŋ.kje.e.dɛ.hɛ.sʌ]
우리 괜찮아요,8,[u.ɾi.kwɛn.tʃʰan.a.jo],[u.ɾi.gwɛn.tʃʰan.a.jo]
될 말이죠,8,[twel.mal.i.tʃjo],[dwel.mal.i.dʒjo]
우리 괜찮지,8,[u.ɾi.kwɛn.tʃʰan.tʃi],[u.ɾi.gwɛn.tʃʰan.tʃi]
우리 교회를,8,[u.ɾi.kjo.hwe.ɾɯl],[u.ɾi.gjo.hwe.ɾɯl]
우리 구면이죠,8,[u.ɾi.ku.mjʌn.i.tʃjo],[u.ɾi.gu.mjʌn.i.dʒjo]
우리 국민,8,[u.ɾi.kuk̚.min],[u.ɾi.guk̚.min]
될 뻔했지,8,[twel.p͈ʌn.hɛt̚.tʃi],[dwel.p͈ʌn.hɛt̚.tʃi]
우리 국민들이,8,[u.ɾi.kuk̚.min.tɯl.i],[u.ɾi.guk̚.min.tɯl.i]
될 뿐 아니라,8,[twel.p͈un.a.ni.ɾa],[dwel.p͈un.a.ni.ɾa]
그런 생각 마,8,[kɯ.ɾʌn.sɛŋ.kak̚.ma],[gɯ.ɾʌn.sɛŋ.gak̚.ma]
그렇군요 그렇게,8,[kɯ.ɾʌt̚.kun.jo.kɯ.ɾʌt̚.ke],[gɯ.ɾʌt̚.kun.jo.gɯ.ɾʌt̚.ke]
건 상상할 수,8,[kʌn.saŋ.saŋ.hal.su],[gʌn.saŋ.saŋ.hal.su]
건 상상할 수도,8,[kʌn.saŋ.saŋ.hal.su.to],[gʌn.saŋ.saŋ.hal.su.do]
여기 있었소,8,[jʌ.ki.it̚.ʌt̚.so],[jʌ.gi.it̚.ʌt̚.so]
우리 그럼,8,[u.ɾi.kɯ.ɾʌm],[u.ɾi.gɯ.ɾʌm]
그렇군요 다른,8,[kɯ.ɾʌt̚.kun.jo.ta.ɾɯn],[gɯ.ɾʌt̚.kun.jo.da.ɾɯn]
우리 기관은,8,[u.ɾi.ki.kwan.ɯn],[u.ɾi.gi.gwan.ɯn]
우리 기분을,8,[u.ɾi.ki.pun.ɯl],[u.ɾi.gi.bun.ɯl]
될 수 없다는 거,8,[twel.su.ʌp̚.ta.nɯŋ.kʌ],[dwel.su.ʌp̚.ta.nɯn.gʌ]
우리 기술자가,8,[u.ɾi.ki.sul.tʃa.ka],[u.ɾi.gi.sul.tʃa.ga]
우리 길,8,[u.ɾi.kil],[u.ɾi.gil]
우리 길동이,8,[u.ɾi.kil.toŋ.i],[u.ɾi.gil.toŋ.i]
여기 있었을 텐데,8,[jʌ.ki.it̚.ʌt̚.ɯl.tʰen.te],[jʌ.gi.it̚.ʌt̚.ɯl.tʰen.te]
될 수 없을 거야,8,[twel.su.ʌp̚.ɯl.kʌ.ja],[dwel.su.ʌp̚.ɯl.gʌ.ja]
우리 꼴을 봐,8,[u.ɾi.k͈ol.ɯl.pwa],[u.ɾi.k͈ol.ɯl.bwa]
우리 꿈꿔,8,[u.ɾi.k͈um.k͈wʌ],[u.ɾi.k͈um.k͈wʌ]
우리 꿈꿔 잭,8,[u.ɾi.k͈um.k͈wʌ.tʃɛk̚],[u.ɾi.k͈um.k͈wʌ.dʒɛk̚]
우리 나갈 수,8,[u.ɾi.na.kal.su],[u.ɾi.na.gal.su]
그렇군요 알았어요,8,[kɯ.ɾʌt̚.kun.jo.al.at̚.ʌ.jo],[gɯ.ɾʌt̚.kun.jo.al.at̚.ʌ.jo]
우리 나이엔,8,[u.ɾi.na.i.en],[u.ɾi.na.i.en]
건 생각만,8,[kʌn.sɛŋ.kak̚.man],[gʌn.sɛŋ.gak̚.man]
우리 내부,8,[u.ɾi.nɛ.pu],[u.ɾi.nɛ.bu]
With that old,8,,
우리 노는 방식,8,[u.ɾi.no.nɯm.paŋ.sik̚],[u.ɾi.no.nɯn.baŋ.sik̚]
그렇군요 음,8,[kɯ.ɾʌt̚.kun.jo.ɯm],[gɯ.ɾʌt̚.kun.jo.ɯm]
우리 노래야,8,[u.ɾi.no.ɾɛ.ja],[u.ɾi.no.ɾɛ.ja]
우리 놈이야,8,[u.ɾi.nom.i.ja],[u.ɾi.nom.i.ja]
가 봐도 될까요,8,[ka.pwa.to.twel.k͈a.jo],[ga.bwa.do.dwel.k͈a.jo]
high and,8,,
그렇군요 잘됐네요,8,[kɯ.ɾʌt̚.kun.jo.tʃal.twɛt̚.ne.jo],[gɯ.ɾʌt̚.kun.jo.dʒal.twɛt̚.ne.jo]
여기 있으면 안된다,8,[jʌ.ki.it̚.ɯ.mjʌn.an.twen.ta],[jʌ.gi.it̚.ɯ.mjʌn.an.twen.ta]
될 수 있어 내가,8,[twel.su.it̚.ʌ.nɛ.ka],[dwel.su.it̚.ʌ.nɛ.ga]
가 봐서,8,[ka.pwa.sʌ],[ga.bwa.sʌ]
그렇군요 정말,8,[kɯ.ɾʌt̚.kun.jo.tʃʌŋ.mal],[gɯ.ɾʌt̚.kun.jo.dʒʌŋ.mal]
건 생전 처음,8,[kʌn.sɛŋ.tʃʌn.tʃʰʌ.ɯm],[gʌn.sɛŋ.dʒʌn.tʃʰʌ.ɯm]
그런 생각까지,8,[kɯ.ɾʌn.sɛŋ.kak̚.k͈a.tʃi],[gɯ.ɾʌn.sɛŋ.gak̚.k͈a.dʒi]
With this,8,,
될 수 있으며,8,[twel.su.it̚.ɯ.mjʌ],[dwel.su.it̚.ɯ.mjʌ]
네 지금까지,8,[ne.tʃi.kɯm.k͈a.tʃi],[ne.dʒi.gɯm.k͈a.dʒi]
그렇군요 좋은,8,[kɯ.ɾʌt̚.kun.jo.tʃot̚.ɯn],[gɯ.ɾʌt̚.kun.jo.dʒot̚.ɯn]
우리 단체는,8,[u.ɾi.tan.tʃʰe.nɯn],[u.ɾi.dan.tʃʰe.nɯn]
그렇군요 진짜,8,[kɯ.ɾʌt̚.kun.jo.tʃin.tʃ͈a],[gɯ.ɾʌt̚.kun.jo.dʒin.tʃ͈a]
우리 당은,8,[u.ɾi.taŋ.ɯn],[u.ɾi.daŋ.ɯn]
그렇군요 한,8,[kɯ.ɾʌt̚.kun.jo.han],[gɯ.ɾʌt̚.kun.jo.han]
higher than,8,,
죄송합니다 아휴,8,[tʃwe.soŋ.hap̚.ni.ta.a.hju],[dʒwe.soŋ.hap̚.ni.da.a.hju]
우리 대원들이,8,[u.ɾi.tɛ.wʌn.tɯl.i],[u.ɾi.dɛ.wʌn.tɯl.i]
될 수가 없어요,8,[twel.su.ka.ʌp̚.ʌ.jo],[dwel.su.ga.ʌp̚.ʌ.jo]
될 수가 있어,8,[twel.su.ka.it̚.ʌ],[dwel.su.ga.it̚.ʌ]
우리 도시는,8,[u.ɾi.to.si.nɯn],[u.ɾi.do.si.nɯn]
우리 도시에서,8,[u.ɾi.to.si.e.sʌ],[u.ɾi.do.si.e.sʌ]
건 세상을,8,[kʌn.se.saŋ.ɯl],[gʌn.se.saŋ.ɯl]
될 수도 있었다,8,[twel.su.to.it̚.ʌt̚.ta],[dwel.su.do.it̚.ʌt̚.ta]
him I''m,8,,
가 봐야 하지,8,[ka.pwa.ja.ha.tʃi],[ga.bwa.ja.ha.dʒi]
우리 동생을,8,[u.ɾi.toŋ.sɛŋ.ɯl],[u.ɾi.doŋ.sɛŋ.ɯl]
그렇긴 하지 하지만,8,[kɯ.ɾʌt̚.kin.ha.tʃi.ha.tʃi.man],[gɯ.ɾʌt̚.kin.ha.dʒi.ha.dʒi.man]
여기 있을 게,8,[jʌ.ki.it̚.ɯl.ke],[jʌ.gi.it̚.ɯl.ge]
우리 둘 다 안,8,[u.ɾi.tul.ta.an],[u.ɾi.dul.da.an]
죄송합니다 지금은,8,[tʃwe.soŋ.hap̚.ni.ta.tʃi.kɯm.ɯn],[dʒwe.soŋ.hap̚.ni.da.dʒi.gɯm.ɯn]
우리 둘 다 알죠,8,[u.ɾi.tul.ta.al.tʃjo],[u.ɾi.dul.da.al.tʃjo]
될 운명이라고,8,[twel.un.mjʌŋ.i.ɾa.ko],[dwel.un.mjʌŋ.i.ɾa.go]
될 위험이,8,[twel.wi.hʌm.i],[dwel.wi.hʌm.i]
건 술,8,[kʌn.sul],[gʌn.sul]
될 이유는,8,[twel.i.ju.nɯn],[dwel.i.ju.nɯn]
우리 둘 다 평범한,8,[u.ɾi.tul.ta.pʰjʌm.pʌm.han],[u.ɾi.dul.da.pʰjʌŋ.bʌm.han]
우리 둘 다한테,8,[u.ɾi.tul.ta.han.tʰe],[u.ɾi.dul.da.han.tʰe]
가 봐야 해서,8,[ka.pwa.ja.hɛ.sʌ],[ga.bwa.ja.hɛ.sʌ]
우리 둘 사이,8,[u.ɾi.tul.sa.i],[u.ɾi.dul.sa.i]
될 일이다,8,[twel.il.i.ta],[dwel.il.i.da]
우리 둘만 있게,8,[u.ɾi.tul.man.it̚.ke],[u.ɾi.dul.man.it̚.ke]
우리 둘만 있으면,8,[u.ɾi.tul.man.it̚.ɯ.mjʌn],[u.ɾi.dul.man.it̚.ɯ.mjʌn]
him about,8,,
우리 둘만의 시간을,8,[u.ɾi.tul.man.ɯi.si.kan.ɯl],[u.ɾi.dul.man.ɯi.si.gan.ɯl]
될 정도예요,8,[twel.tʃʌŋ.to.je.jo],[dwel.dʒʌŋ.do.je.jo]
될 정보가,8,[twel.tʃʌm.po.ka],[dwel.dʒʌŋ.bo.ga]
우리 둘을 위한,8,[u.ɾi.tul.ɯl.wi.han],[u.ɾi.dul.ɯl.wi.han]
그렇다 그래서,8,[kɯ.ɾʌt̚.ta.kɯ.ɾɛ.sʌ],[gɯ.ɾʌt̚.ta.gɯ.ɾɛ.sʌ]
그렇다 그렇다,8,[kɯ.ɾʌt̚.ta.kɯ.ɾʌt̚.ta],[gɯ.ɾʌt̚.ta.gɯ.ɾʌt̚.ta]
우리 둘이 이렇게,8,[u.ɾi.tul.i.i.ɾʌt̚.ke],[u.ɾi.dul.i.i.ɾʌt̚.ke]
죄송해요 다시는 안,8,[tʃwe.soŋ.hɛ.jo.ta.si.nɯn.an],[dʒwe.soŋ.hɛ.jo.da.si.nɯn.an]
우리 뒤에서,8,[u.ɾi.twi.e.sʌ],[u.ɾi.dwi.e.sʌ]
우리 드디어,8,[u.ɾi.tɯ.ti.ʌ],[u.ɾi.dɯ.di.ʌ]
우리 뒷마당에서,8,[u.ɾi.twit̚.ma.taŋ.e.sʌ],[u.ɾi.dwit̚.ma.daŋ.e.sʌ]
될 줄 알았거든,8,[twel.tʃul.al.at̚.kʌ.tɯn],[dwel.dʒul.al.at̚.kʌ.dɯn]
우리 딱,8,[u.ɾi.t͈ak̚],[u.ɾi.t͈ak̚]
우리 따로,8,[u.ɾi.t͈a.ɾo],[u.ɾi.t͈a.ɾo]
건 쉽지 않죠,8,[kʌn.swip̚.tʃi.an.tʃjo],[gʌn.swip̚.tʃi.an.tʃjo]
우리 딸만,8,[u.ɾi.t͈al.man],[u.ɾi.t͈al.man]
그렇다 한들,8,[kɯ.ɾʌt̚.ta.han.tɯl],[gɯ.ɾʌt̚.ta.han.tɯl]
우리 때가,8,[u.ɾi.t͈ɛ.ka],[u.ɾi.t͈ɛ.ga]
우리 땅이야,8,[u.ɾi.t͈aŋ.i.ja],[u.ɾi.t͈aŋ.i.ja]
그렇다 해도 내,8,[kɯ.ɾʌt̚.ta.hɛ.to.nɛ],[gɯ.ɾʌt̚.ta.hɛ.do.nɛ]
될 줄은 생각도,8,[twel.tʃul.ɯn.sɛŋ.kak̚.to],[dwel.dʒul.ɯn.sɛŋ.gak̚.to]
못 한다는 거예요,8,[mot̚.han.ta.nɯŋ.kʌ.je.jo],[mot̚.han.ta.nɯn.gʌ.je.jo]
될 진,8,[twel.tʃin],[dwel.dʒin]
우리 루이,8,[u.ɾi.ɾu.i],[u.ɾi.ɾu.i]
여기 있지만 신은 가까이,8,[jʌ.ki.it̚.tʃi.man.sin.ɯŋ.ka.k͈a.i],[jʌ.gi.it̚.tʃi.man.sin.ɯn.ga.k͈a.i]
그렇다고 네,8,[kɯ.ɾʌt̚.ta.ko.ne],[gɯ.ɾʌt̚.ta.go.ne]
우리 만난 지,8,[u.ɾi.man.nan.tʃi],[u.ɾi.man.nan.dʒi]
우리 만난적,8,[u.ɾi.man.nan.tʃʌk̚],[u.ɾi.man.nan.tʃʌk̚]
될 필요 없어,8,[twel.pʰil.jo.ʌp̚.ʌ],[dwel.pʰil.jo.ʌp̚.ʌ]
우리 말 좀,8,[u.ɾi.mal.tʃom],[u.ɾi.mal.dʒom]
우리 말야,8,[u.ɾi.mal.ja],[u.ɾi.mal.ja]
우리 말이에요,8,[u.ɾi.mal.i.e.jo],[u.ɾi.mal.i.e.jo]
우리 매장,8,[u.ɾi.mɛ.tʃaŋ],[u.ɾi.mɛ.dʒaŋ]
그렇다고 말하면,8,[kɯ.ɾʌt̚.ta.ko.mal.ha.mjʌn],[gɯ.ɾʌt̚.ta.go.mal.ha.mjʌn]
그렇다고 말할 수,8,[kɯ.ɾʌt̚.ta.ko.mal.hal.su],[gɯ.ɾʌt̚.ta.go.mal.hal.su]
될거야 그게,8,[twel.kʌ.ja.kɯ.ke],[dwel.kʌ.ja.gɯ.ge]
우리 모두 괜찮을 거야,8,[u.ɾi.mo.tu.kwɛn.tʃʰan.ɯl.kʌ.ja],[u.ɾi.mo.du.gwɛn.tʃʰan.ɯl.gʌ.ja]
건 시간문제일,8,[kʌn.si.kan.mun.tʃe.il],[gʌn.si.gan.mun.tʃe.il]
우리 모두 그냥,8,[u.ɾi.mo.tu.kɯ.njaŋ],[u.ɾi.mo.du.gɯ.njaŋ]
도로 서쪽으로,8,[to.ɾo.sʌ.tʃ͈ok̚.ɯ.ɾo],[do.ɾo.sʌ.tʃ͈ok̚.ɯ.ɾo]
건 시간문제죠,8,[kʌn.si.kan.mun.tʃe.tʃjo],[gʌn.si.gan.mun.tʃe.dʒjo]
우리 모두 그렇죠,8,[u.ɾi.mo.tu.kɯ.ɾʌt̚.tʃjo],[u.ɾi.mo.du.gɯ.ɾʌt̚.tʃjo]
우리 모두 그렇지 않나요,8,[u.ɾi.mo.tu.kɯ.ɾʌt̚.tʃi.an.na.jo],[u.ɾi.mo.du.gɯ.ɾʌt̚.tʃi.an.na.jo]
모르는데 내,8,[mo.ɾɯ.nɯn.te.nɛ],[mo.ɾɯ.nɯn.te.nɛ]
될거야 아주,8,[twel.kʌ.ja.a.tʃu],[dwel.kʌ.ja.a.dʒu]
우리 모두 마찬가지야,8,[u.ɾi.mo.tu.ma.tʃʰaŋ.ka.tʃi.ja],[u.ɾi.mo.du.ma.tʃʰaŋ.ka.dʒi.ja]
그렇다고 믿는다,8,[kɯ.ɾʌt̚.ta.ko.mit̚.nɯn.ta],[gɯ.ɾʌt̚.ta.go.mit̚.nɯn.ta]
우리 모두 우리,8,[u.ɾi.mo.tu.u.ɾi],[u.ɾi.mo.du.u.ɾi]
될거야 좋아,8,[twel.kʌ.ja.tʃot̚.a],[dwel.kʌ.ja.dʒot̚.a]
우리 모두 자네가,8,[u.ɾi.mo.tu.tʃa.ne.ka],[u.ɾi.mo.du.dʒa.ne.ga]
우리 모두 해야 할,8,[u.ɾi.mo.tu.hɛ.ja.hal],[u.ɾi.mo.du.hɛ.ja.hal]
우리 모두가 한,8,[u.ɾi.mo.tu.ka.han],[u.ɾi.mo.du.ga.han]
될까 봐 두려워,8,[twel.k͈a.pwa.tu.ɾjʌ.wʌ],[dwel.k͈a.bwa.du.ɾjʌ.wʌ]
우리 모두를 위해서요,8,[u.ɾi.mo.tu.ɾɯl.wi.hɛ.sʌ.jo],[u.ɾi.mo.du.ɾɯl.wi.hɛ.sʌ.jo]
우리 모두를 죽이려,8,[u.ɾi.mo.tu.ɾɯl.tʃuk̚.i.ɾjʌ],[u.ɾi.mo.du.ɾɯl.dʒuk̚.i.ɾjʌ]
될수 있는,8,[twel.su.it̚.nɯn],[dwel.su.it̚.nɯn]
우리 모두를 파괴할,8,[u.ɾi.mo.tu.ɾɯl.pʰa.kwe.hal],[u.ɾi.mo.du.ɾɯl.pʰa.gwe.hal]
우리 모두에게 도움이 될,8,[u.ɾi.mo.tu.e.ke.to.um.i.twel],[u.ɾi.mo.du.e.ge.do.um.i.dwel]
우리 모두에게 중요한,8,[u.ɾi.mo.tu.e.ke.tʃuŋ.jo.han],[u.ɾi.mo.du.e.ge.dʒuŋ.jo.han]
우리 모두에게 이,8,[u.ɾi.mo.tu.e.ke.i],[u.ɾi.mo.du.e.ge.i]
우리 모두에게도,8,[u.ɾi.mo.tu.e.ke.to],[u.ɾi.mo.du.e.ge.do]
him calling,8,,
겨냥하고 있어,8,[kjʌ.njaŋ.ha.ko.it̚.ʌ],[gjʌ.njaŋ.ha.go.it̚.ʌ]
건 실수가,8,[kʌn.sil.su.ka],[gʌn.sil.su.ga]
그렇다고 이런,8,[kɯ.ɾʌt̚.ta.ko.i.ɾʌn],[gɯ.ɾʌt̚.ta.go.i.ɾʌn]
우리 목숨도,8,[u.ɾi.mok̚.sun.to],[u.ɾi.mok̚.sun.to]
우리 목표를,8,[u.ɾi.mok̚.pʰjo.ɾɯl],[u.ɾi.mok̚.pʰjo.ɾɯl]
우리 몫,8,[u.ɾi.mok̚],[u.ɾi.mok̚]
죄인을 위하여 빌어 주소서,8,[tʃwe.in.ɯl.wi.ha.jʌ.pil.ʌ.tʃu.so.sʌ],[dʒwe.in.ɯl.wi.ha.jʌ.bil.ʌ.dʒu.so.sʌ]
우리 몸에서,8,[u.ɾi.mom.e.sʌ],[u.ɾi.mom.e.sʌ]
우리 무기,8,[u.ɾi.mu.ki],[u.ɾi.mu.gi]
될지 모르는데,8,[twel.tʃi.mo.ɾɯ.nɯn.te],[dwel.tʃi.mo.ɾɯ.nɯn.te]
우리 무슨 얘기,8,[u.ɾi.mu.sɯn.jɛ.ki],[u.ɾi.mu.sɯn.jɛ.gi]
우리 문,8,[u.ɾi.mun],[u.ɾi.mun]
될지 모르지,8,[twel.tʃi.mo.ɾɯ.tʃi],[dwel.tʃi.mo.ɾɯ.dʒi]
가 사이에,8,[ka.sa.i.e],[ga.sa.i.e]
우리 물건들을,8,[u.ɾi.mul.kʌn.tɯl.ɯl],[u.ɾi.mul.kʌn.tɯl.ɯl]
우리 뭐 하는 거죠,8,[u.ɾi.mwʌ.ha.nɯŋ.kʌ.tʃjo],[u.ɾi.mwʌ.ha.nɯn.gʌ.dʒjo]
우리 뭐하는 거에요,8,[u.ɾi.mwʌ.ha.nɯŋ.kʌ.e.jo],[u.ɾi.mwʌ.ha.nɯn.gʌ.e.jo]
가 살짝 웃는다,8,[ka.sal.tʃ͈ak̚.ut̚.nɯn.ta],[ga.sal.tʃ͈ak̚.ut̚.nɯn.ta]
될지 안 될지는,8,[twel.tʃi.an.twel.tʃi.nɯn],[dwel.tʃi.an.dwel.tʃi.nɯn]
우리 민,8,[u.ɾi.min],[u.ɾi.min]
그렇다고 한다면,8,[kɯ.ɾʌt̚.ta.ko.han.ta.mjʌn],[gɯ.ɾʌt̚.ta.go.han.ta.mjʌn]
건 싫다고요,8,[kʌn.sil.ta.ko.jo],[gʌn.sil.ta.go.jo]
우리 민족에게,8,[u.ɾi.min.tʃok̚.e.ke],[u.ɾi.min.tʃok̚.e.ge]
될지 알잖아요,8,[twel.tʃi.al.tʃan.a.jo],[dwel.tʃi.al.tʃan.a.jo]
우리 믿음을,8,[u.ɾi.mit̚.ɯm.ɯl],[u.ɾi.mit̚.ɯm.ɯl]
제자 테레사 아나,8,[tʃe.tʃa.tʰe.ɾe.sa.a.na],[dʒe.dʒa.tʰe.ɾe.sa.a.na]
그렇다고 할 순,8,[kɯ.ɾʌt̚.ta.ko.hal.sun],[gɯ.ɾʌt̚.ta.go.hal.sun]
우리 발밑에,8,[u.ɾi.pal.mit̚.e],[u.ɾi.bal.mit̚.e]
죄송합니다 아이,8,[tʃwe.soŋ.hap̚.ni.ta.a.i],[dʒwe.soŋ.hap̚.ni.da.a.i]
우리 밤을 지새워요,8,[u.ɾi.pam.ɯl.tʃi.sɛ.wʌ.jo],[u.ɾi.bam.ɯl.dʒi.sɛ.wʌ.jo]
될지도 모르겠다,8,[twel.tʃi.to.mo.ɾɯ.ket̚.ta],[dwel.tʃi.do.mo.ɾɯ.get̚.ta]
우리 방식이지,8,[u.ɾi.paŋ.sik̚.i.tʃi],[u.ɾi.baŋ.sik̚.i.dʒi]
될지도 모르지만,8,[twel.tʃi.to.mo.ɾɯ.tʃi.man],[dwel.tʃi.do.mo.ɾɯ.dʒi.man]
여기 주소를,8,[jʌ.ki.tʃu.so.ɾɯl],[jʌ.gi.dʒu.so.ɾɯl]
우리 배에서,8,[u.ɾi.pɛ.e.sʌ],[u.ɾi.bɛ.e.sʌ]
우리 버스,8,[u.ɾi.pʌ.sɯ],[u.ɾi.bʌ.sɯ]
필요는 없었지,8,[pʰil.jo.nɯn.ʌp̚.ʌt̚.tʃi],[pʰil.jo.nɯn.ʌp̚.ʌt̚.tʃi]
그렇다고 했어,8,[kɯ.ɾʌt̚.ta.ko.hɛt̚.ʌ],[gɯ.ɾʌt̚.ta.go.hɛt̚.ʌ]
우리 병사,8,[u.ɾi.pjʌŋ.sa],[u.ɾi.bjʌŋ.sa]
됩니다 c,8,[twep̚.ni.ta],[dwep̚.ni.da]
우리 보물을,8,[u.ɾi.po.mul.ɯl],[u.ɾi.bo.mul.ɯl]
됩니다 고마워요,8,[twep̚.ni.ta.ko.ma.wʌ.jo],[dwep̚.ni.da.go.ma.wʌ.jo]
됩니다 고맙습니다,8,[twep̚.ni.ta.ko.map̚.sɯp̚.ni.ta],[dwep̚.ni.da.go.map̚.sɯp̚.ni.da]
우리 보통이,8,[u.ɾi.po.tʰoŋ.i],[u.ɾi.bo.tʰoŋ.i]
우리 보호,8,[u.ɾi.po.ho],[u.ɾi.bo.ho]
됩니다 그러니,8,[twep̚.ni.ta.kɯ.ɾʌ.ni],[dwep̚.ni.da.gɯ.ɾʌ.ni]
우리 부모님들은,8,[u.ɾi.pu.mo.nin.tɯl.ɯn],[u.ɾi.bu.mo.nin.tɯl.ɯn]
주 같은,8,[tʃu.kat̚.ɯn],[dʒu.gat̚.ɯn]
우리 부부를,8,[u.ɾi.pu.pu.ɾɯl],[u.ɾi.bu.bu.ɾɯl]
그런 생각할,8,[kɯ.ɾʌn.sɛŋ.kak̚.hal],[gɯ.ɾʌn.sɛŋ.gak̚.hal]
됩니다 누가,8,[twep̚.ni.ta.nu.ka],[dwep̚.ni.da.nu.ga]
우리 뿐이에요,8,[u.ɾi.p͈un.i.e.jo],[u.ɾi.p͈un.i.e.jo]
그렇다는 것,8,[kɯ.ɾʌt̚.ta.nɯŋ.kʌt̚],[gɯ.ɾʌt̚.ta.nɯn.gʌt̚]
가 숨을,8,[ka.sum.ɯl],[ga.sum.ɯl]
건 싹,8,[kʌn.s͈ak̚],[gʌn.s͈ak̚]
그렇다는 말은,8,[kɯ.ɾʌt̚.ta.nɯn.mal.ɯn],[gɯ.ɾʌt̚.ta.nɯn.mal.ɯn]
우리 사랑에,8,[u.ɾi.sa.ɾaŋ.e],[u.ɾi.sa.ɾaŋ.e]
그렇다니 정말,8,[kɯ.ɾʌt̚.ta.ni.tʃʌŋ.mal],[gɯ.ɾʌt̚.ta.ni.dʒʌŋ.mal]
him how,8,,
그렇다니까 난,8,[kɯ.ɾʌt̚.ta.ni.k͈a.nan],[gɯ.ɾʌt̚.ta.ni.k͈a.nan]
여기 책임자,8,[jʌ.ki.tʃʰɛk̚.in.tʃa],[jʌ.gi.tʃʰɛk̚.in.tʃa]
여기 찾았어,8,[jʌ.ki.tʃʰat̚.at̚.ʌ],[jʌ.gi.tʃʰat̚.at̚.ʌ]
건 아내가,8,[kʌn.a.nɛ.ka],[gʌn.a.nɛ.ga]
우리 사이에 그런,8,[u.ɾi.sa.i.e.kɯ.ɾʌn],[u.ɾi.sa.i.e.gɯ.ɾʌn]
우리 사이에 더,8,[u.ɾi.sa.i.e.tʌ],[u.ɾi.sa.i.e.dʌ]
됩니다 어서,8,[twep̚.ni.ta.ʌ.sʌ],[dwep̚.ni.da.ʌ.sʌ]
됩니다 여러분이,8,[twep̚.ni.ta.jʌ.ɾʌ.pun.i],[dwep̚.ni.da.jʌ.ɾʌ.bun.i]
그렇다면 그게,8,[kɯ.ɾʌt̚.ta.mjʌŋ.kɯ.ke],[gɯ.ɾʌt̚.ta.mjʌn.gɯ.ge]
우리 사이에 어떤,8,[u.ɾi.sa.i.e.ʌ.t͈ʌn],[u.ɾi.sa.i.e.ʌ.t͈ʌn]
우리 사이에 있는,8,[u.ɾi.sa.i.e.it̚.nɯn],[u.ɾi.sa.i.e.it̚.nɯn]
됩니다 이게,8,[twep̚.ni.ta.i.ke],[dwep̚.ni.da.i.ge]
건 아냐 넌,8,[kʌn.a.nja.nʌn],[gʌn.a.nja.nʌn]
우리 살,8,[u.ɾi.sal],[u.ɾi.sal]
그렇다면 그의,8,[kɯ.ɾʌt̚.ta.mjʌŋ.kɯ.ɯi],[gɯ.ɾʌt̚.ta.mjʌn.gɯ.ɯi]
됩니다 좋은,8,[twep̚.ni.ta.tʃot̚.ɯn],[dwep̚.ni.da.dʒot̚.ɯn]
우리 삶의 방식이,8,[u.ɾi.sam.ɯi.paŋ.sik̚.i],[u.ɾi.sam.ɯi.baŋ.sik̚.i]
그렇다면 나를,8,[kɯ.ɾʌt̚.ta.mjʌn.na.ɾɯl],[gɯ.ɾʌt̚.ta.mjʌn.na.ɾɯl]
됩니다 폐하,8,[twep̚.ni.ta.pʰje.ha],[dwep̚.ni.da.pʰje.ha]
여기 카메라가,8,[jʌ.ki.kʰa.me.ɾa.ka],[jʌ.gi.kʰa.me.ɾa.ga]
건 아네만,8,[kʌn.a.ne.man],[gʌn.a.ne.man]
우리 생각보다 훨씬,8,[u.ɾi.sɛŋ.kak̚.po.ta.hwʌl.s͈in],[u.ɾi.sɛŋ.gak̚.po.da.hwʌl.s͈in]
우리 생일 축하합니다,8,[u.ɾi.sɛŋ.il.tʃʰuk̚.ha.hap̚.ni.ta],[u.ɾi.sɛŋ.il.tʃʰuk̚.ha.hap̚.ni.da]
우리 생활,8,[u.ɾi.sɛŋ.hwal],[u.ɾi.sɛŋ.hwal]
두 가지 방법,8,[tu.ka.tʃi.pam.pʌp̚],[du.ga.dʒi.baŋ.bʌp̚]
그렇다면 다시,8,[kɯ.ɾʌt̚.ta.mjʌn.ta.si],[gɯ.ɾʌt̚.ta.mjʌn.da.si]
못 해 더는,8,[mot̚.hɛ.tʌ.nɯn],[mot̚.hɛ.dʌ.nɯn]
우리 서방,8,[u.ɾi.sʌ.paŋ],[u.ɾi.sʌ.baŋ]
손 뗀 줄,8,[son.t͈en.tʃul],[son.t͈en.dʒul]
그렇다면 다행이군,8,[kɯ.ɾʌt̚.ta.mjʌn.ta.hɛŋ.i.kun],[gɯ.ɾʌt̚.ta.mjʌn.da.hɛŋ.i.gun]
두 가지 방법이 있어요,8,[tu.ka.tʃi.pam.pʌp̚.i.it̚.ʌ.jo],[du.ga.dʒi.baŋ.bʌp̚.i.it̚.ʌ.jo]
우리 선생님이,8,[u.ɾi.sʌn.sɛŋ.nim.i],[u.ɾi.sʌn.sɛŋ.nim.i]
우리 선수,8,[u.ɾi.sʌn.su],[u.ɾi.sʌn.su]
두 가지 선택권을,8,[tu.ka.tʃi.sʌn.tʰɛk̚.kwʌn.ɯl],[du.ga.dʒi.sʌn.tʰɛk̚.kwʌn.ɯl]
그렇다면 당신의,8,[kɯ.ɾʌt̚.ta.mjʌn.taŋ.sin.ɯi],[gɯ.ɾʌt̚.ta.mjʌn.daŋ.sin.ɯi]
우리 세 사람의,8,[u.ɾi.se.sa.ɾam.ɯi],[u.ɾi.se.sa.ɾam.ɯi]
우리 세계는,8,[u.ɾi.se.kje.nɯn],[u.ɾi.se.gje.nɯn]
우리 세금,8,[u.ɾi.se.kɯm],[u.ɾi.se.gɯm]
도망 못 간다,8,[to.maŋ.mot̚.kan.ta],[do.maŋ.mot̚.gan.ta]
우리 세상,8,[u.ɾi.se.saŋ],[u.ɾi.se.saŋ]
우리 세자가,8,[u.ɾi.se.tʃa.ka],[u.ɾi.se.dʒa.ga]
him know,8,,
우리 셋다,8,[u.ɾi.set̚.ta],[u.ɾi.set̚.ta]
우리 셋과,8,[u.ɾi.set̚.kwa],[u.ɾi.set̚.kwa]
두 갈래,8,[tu.kal.ɾɛ],[du.gal.ɾɛ]
우리 소유의,8,[u.ɾi.so.ju.ɯi],[u.ɾi.so.ju.ɯi]
우리 소장님,8,[u.ɾi.so.tʃaŋ.nim],[u.ɾi.so.dʒaŋ.nim]
우리 소파에서,8,[u.ɾi.so.pʰa.e.sʌ],[u.ɾi.so.pʰa.e.sʌ]
두 개 남았어,8,[tu.kɛ.nam.at̚.ʌ],[du.gɛ.nam.at̚.ʌ]
두 개 달린,8,[tu.kɛ.tal.ɾin],[du.gɛ.dal.ɾin]
두 개 이상의,8,[tu.kɛ.i.saŋ.ɯi],[du.gɛ.i.saŋ.ɯi]
두 개 있는데,8,[tu.kɛ.it̚.nɯn.te],[du.gɛ.it̚.nɯn.te]
우리 손을 떠난,8,[u.ɾi.son.ɯl.t͈ʌ.nan],[u.ɾi.son.ɯl.t͈ʌ.nan]
그렇다면 어떤,8,[kɯ.ɾʌt̚.ta.mjʌn.ʌ.t͈ʌn],[gɯ.ɾʌt̚.ta.mjʌn.ʌ.t͈ʌn]
두 개 중,8,[tu.kɛ.tʃuŋ],[du.gɛ.dʒuŋ]
두 개 줘,8,[tu.kɛ.tʃwʌ],[du.gɛ.dʒwʌ]
I''m on a,8,,
가 아니지,8,[ka.a.ni.tʃi],[ga.a.ni.dʒi]
건 아니고 내,8,[kʌn.a.ni.ko.nɛ],[gʌn.a.ni.go.nɛ]
him next to,8,,
우리 시,8,[u.ɾi.si],[u.ɾi.si]
우리 시간 없어,8,[u.ɾi.si.kan.ʌp̚.ʌ],[u.ɾi.si.gan.ʌp̚.ʌ]
건 아니고 내가,8,[kʌn.a.ni.ko.nɛ.ka],[gʌn.a.ni.go.nɛ.ga]
가지 아,8,[ka.tʃi.a],[ga.dʒi.a]
주 전에 내,8,[tʃu.tʃʌn.e.nɛ],[dʒu.dʒʌn.e.nɛ]
him next to me,8,,
못 해 자,8,[mot̚.hɛ.tʃa],[mot̚.hɛ.dʒa]
그렇다면 이런,8,[kɯ.ɾʌt̚.ta.mjʌn.i.ɾʌn],[gɯ.ɾʌt̚.ta.mjʌn.i.ɾʌn]
우리 식량을,8,[u.ɾi.sik̚.ɾjaŋ.ɯl],[u.ɾi.sik̚.ɾjaŋ.ɯl]
두 개의 거대한,8,[tu.kɛ.ɯi.kʌ.tɛ.han],[du.gɛ.ɯi.gʌ.dɛ.han]
그렇다면 이번,8,[kɯ.ɾʌt̚.ta.mjʌn.i.pʌn],[gɯ.ɾʌt̚.ta.mjʌn.i.bʌn]
여기가 그가,8,[jʌ.ki.ka.kɯ.ka],[jʌ.gi.ga.gɯ.ga]
우리 신랑,8,[u.ɾi.sil.laŋ],[u.ɾi.sil.laŋ]
우리 신입,8,[u.ɾi.sin.ip̚],[u.ɾi.sin.ip̚]
우리 신혼여행,8,[u.ɾi.sin.hon.jʌ.hɛŋ],[u.ɾi.sin.hon.jʌ.hɛŋ]
가 아무도,8,[ka.a.mu.to],[ga.a.mu.do]
우리 싸운,8,[u.ɾi.s͈a.un],[u.ɾi.s͈a.un]
우리 싸움이,8,[u.ɾi.s͈a.um.i],[u.ɾi.s͈a.um.i]
우리 아가 잘,8,[u.ɾi.a.ka.tʃal],[u.ɾi.a.ga.dʒal]
우리 아가씨를,8,[u.ɾi.a.ka.s͈i.ɾɯl],[u.ɾi.a.ga.s͈i.ɾɯl]
우리 아기들은,8,[u.ɾi.a.ki.tɯl.ɯn],[u.ɾi.a.gi.dɯl.ɯn]
우리 아기들,8,[u.ɾi.a.ki.tɯl],[u.ɾi.a.gi.dɯl]
우리 아기요,8,[u.ɾi.a.ki.jo],[u.ɾi.a.gi.jo]
두 경기,8,[tu.kjʌŋ.ki],[du.gjʌŋ.gi]
우리 아내가,8,[u.ɾi.a.nɛ.ka],[u.ɾi.a.nɛ.ga]
가 아저씨,8,[ka.a.tʃʌ.s͈i],[ga.a.dʒʌ.s͈i]
우리 아들 정말,8,[u.ɾi.a.tɯl.tʃʌŋ.mal],[u.ɾi.a.dɯl.dʒʌŋ.mal]
두 골을,8,[tu.kol.ɯl],[du.gol.ɯl]
그렇다면 좋은,8,[kɯ.ɾʌt̚.ta.mjʌn.tʃot̚.ɯn],[gɯ.ɾʌt̚.ta.mjʌn.dʒot̚.ɯn]
우리 아들을 죽였어,8,[u.ɾi.a.tɯl.ɯl.tʃuk̚.jʌt̚.ʌ],[u.ɾi.a.dɯl.ɯl.dʒuk̚.jʌt̚.ʌ]
가 아직도,8,[ka.a.tʃik̚.to],[ga.a.dʒik̚.to]
건 아니다 하지만,8,[kʌn.a.ni.ta.ha.tʃi.man],[gʌn.a.ni.da.ha.dʒi.man]
우리 아래에,8,[u.ɾi.a.ɾɛ.e],[u.ɾi.a.ɾɛ.e]
가지 아이디어가,8,[ka.tʃi.a.i.ti.ʌ.ka],[ga.dʒi.a.i.di.ʌ.ga]
두 군데서,8,[tu.kun.te.sʌ],[du.gun.te.sʌ]
him on the,8,,
건 아니라고 생각해,8,[kʌn.a.ni.ɾa.ko.sɛŋ.kak̚.hɛ],[gʌn.a.ni.ɾa.go.sɛŋ.gak̚.hɛ]
두 그룹,8,[tu.kɯ.ɾup̚],[du.gɯ.ɾup̚]
우리 아버지를 죽였어,8,[u.ɾi.a.pʌ.tʃi.ɾɯl.tʃuk̚.jʌt̚.ʌ],[u.ɾi.a.bʌ.dʒi.ɾɯl.dʒuk̚.jʌt̚.ʌ]
여기가 네 자리야,8,[jʌ.ki.ka.ne.tʃa.ɾi.ja],[jʌ.gi.ga.ne.dʒa.ɾi.ja]
우리 아빠 때문에,8,[u.ɾi.a.p͈a.t͈ɛ.mun.e],[u.ɾi.a.p͈a.t͈ɛ.mun.e]
우리 아빠 차를,8,[u.ɾi.a.p͈a.tʃʰa.ɾɯl],[u.ɾi.a.p͈a.tʃʰa.ɾɯl]
우리 아빠가 이걸,8,[u.ɾi.a.p͈a.ka.i.kʌl],[u.ɾi.a.p͈a.ga.i.gʌl]
우리 아빠는 절대,8,[u.ɾi.a.p͈a.nɯn.tʃʌl.tɛ],[u.ɾi.a.p͈a.nɯn.dʒʌl.tɛ]
두 녀석을,8,[tu.njʌ.sʌk̚.ɯl],[du.njʌ.sʌk̚.ɯl]
두 눈 똑바로,8,[tu.nun.t͈ok̚.pa.ɾo],[du.nun.t͈ok̚.pa.ɾo]
나타난 그,8,[na.tʰa.naŋ.kɯ],[na.tʰa.nan.gɯ]
우리 아직 얘기,8,[u.ɾi.a.tʃik̚.jɛ.ki],[u.ɾi.a.dʒik̚.jɛ.gi]
두 눈을 감은,8,[tu.nun.ɯl.kam.ɯn],[du.nun.ɯl.gam.ɯn]
두 눈을 감은 채,8,[tu.nun.ɯl.kam.ɯn.tʃʰɛ],[du.nun.ɯl.gam.ɯn.tʃʰɛ]
두 눈을 똑바로,8,[tu.nun.ɯl.t͈ok̚.pa.ɾo],[du.nun.ɯl.t͈ok̚.pa.ɾo]
우리 앉아서,8,[u.ɾi.an.a.sʌ],[u.ɾi.an.a.sʌ]
여기가 바로 이,8,[jʌ.ki.ka.pa.ɾo.i],[jʌ.gi.ga.ba.ɾo.i]
여기가 바로 그곳이다,8,[jʌ.ki.ka.pa.ɾo.kɯ.kot̚.i.ta],[jʌ.gi.ga.ba.ɾo.gɯ.got̚.i.da]
두 단어가,8,[tu.tan.ʌ.ka],[du.dan.ʌ.ga]
못 해요 당신이,8,[mot̚.hɛ.jo.taŋ.sin.i],[mot̚.hɛ.jo.daŋ.sin.i]
못 해요 더,8,[mot̚.hɛ.jo.tʌ],[mot̚.hɛ.jo.dʌ]
우리 애 좀,8,[u.ɾi.ɛ.tʃom],[u.ɾi.ɛ.dʒom]
필요하게 될거야,8,[pʰil.jo.ha.ke.twel.kʌ.ja],[pʰil.jo.ha.ge.dwel.kʌ.ja]
가 알겠습니다,8,[ka.al.ket̚.sɯp̚.ni.ta],[ga.al.ket̚.sɯp̚.ni.da]
우리 애들과,8,[u.ɾi.ɛ.tɯl.kwa],[u.ɾi.ɛ.dɯl.kwa]
우리 애들이야,8,[u.ɾi.ɛ.tɯl.i.ja],[u.ɾi.ɛ.dɯl.i.ja]
내 말 한,8,[nɛ.mal.han],[nɛ.mal.han]
그렇습니다 내,8,[kɯ.ɾʌt̚.sɯp̚.ni.ta.nɛ],[gɯ.ɾʌt̚.sɯp̚.ni.da.nɛ]
우리 야,8,[u.ɾi.ja],[u.ɾi.ja]
가 알겠어요,8,[ka.al.ket̚.ʌ.jo],[ga.al.ket̚.ʌ.jo]
우리 약속한,8,[u.ɾi.jak̚.sok̚.han],[u.ɾi.jak̚.sok̚.han]
주겠어 내,8,[tʃu.ket̚.ʌ.nɛ],[dʒu.get̚.ʌ.nɛ]
건 아니야 그게,8,[kʌn.a.ni.ja.kɯ.ke],[gʌn.a.ni.ja.gɯ.ge]
우리 얘기 다,8,[u.ɾi.jɛ.ki.ta],[u.ɾi.jɛ.gi.da]
그렇습니다 당신은,8,[kɯ.ɾʌt̚.sɯp̚.ni.ta.taŋ.sin.ɯn],[gɯ.ɾʌt̚.sɯp̚.ni.da.daŋ.sin.ɯn]
우리 얘기 하는 거야,8,[u.ɾi.jɛ.ki.ha.nɯŋ.kʌ.ja],[u.ɾi.jɛ.gi.ha.nɯn.gʌ.ja]
우리 얘기하는,8,[u.ɾi.jɛ.ki.ha.nɯn],[u.ɾi.jɛ.gi.ha.nɯn]
여기가 어디냐,8,[jʌ.ki.ka.ʌ.ti.nja],[jʌ.gi.ga.ʌ.di.nja]
건 아니야 그렇게,8,[kʌn.a.ni.ja.kɯ.ɾʌt̚.ke],[gʌn.a.ni.ja.gɯ.ɾʌt̚.ke]
여기가 어디냐면,8,[jʌ.ki.ka.ʌ.ti.nja.mjʌn],[jʌ.gi.ga.ʌ.di.nja.mjʌn]
두 도시,8,[tu.to.si],[du.do.si]
우리 어머니야,8,[u.ɾi.ʌ.mʌ.ni.ja],[u.ɾi.ʌ.mʌ.ni.ja]
우리 어쩌면,8,[u.ɾi.ʌ.tʃ͈ʌ.mjʌn],[u.ɾi.ʌ.tʃ͈ʌ.mjʌn]
그렇습니다 저는,8,[kɯ.ɾʌt̚.sɯp̚.ni.ta.tʃʌ.nɯn],[gɯ.ɾʌt̚.sɯp̚.ni.da.dʒʌ.nɯn]
그렇습니다 제,8,[kɯ.ɾʌt̚.sɯp̚.ni.ta.tʃe],[gɯ.ɾʌt̚.sɯp̚.ni.da.dʒe]
우리 엄마 집에,8,[u.ɾi.ʌm.ma.tʃip̚.e],[u.ɾi.ʌm.ma.dʒip̚.e]
우리 엄마가 그렇게,8,[u.ɾi.ʌm.ma.ka.kɯ.ɾʌt̚.ke],[u.ɾi.ʌm.ma.ga.gɯ.ɾʌt̚.ke]
그렇습니다 지금,8,[kɯ.ɾʌt̚.sɯp̚.ni.ta.tʃi.kɯm],[gɯ.ɾʌt̚.sɯp̚.ni.da.dʒi.gɯm]
우리 엄마는 어디,8,[u.ɾi.ʌm.ma.nɯn.ʌ.ti],[u.ɾi.ʌm.ma.nɯn.ʌ.di]
우리 엄마를 죽였어,8,[u.ɾi.ʌm.ma.ɾɯl.tʃuk̚.jʌt̚.ʌ],[u.ɾi.ʌm.ma.ɾɯl.dʒuk̚.jʌt̚.ʌ]
두 명 더 있어,8,[tu.mjʌŋ.tʌ.it̚.ʌ],[du.mjʌŋ.dʌ.it̚.ʌ]
우리 엄마에요,8,[u.ɾi.ʌm.ma.e.jo],[u.ɾi.ʌm.ma.e.jo]
두 명 사망,8,[tu.mjʌŋ.sa.maŋ],[du.mjʌŋ.sa.maŋ]
우리 엄마한테도,8,[u.ɾi.ʌm.ma.han.tʰe.to],[u.ɾi.ʌm.ma.han.tʰe.do]
him that 그에게 전해,8,[kɯ.e.ke.tʃʌn.hɛ],[gɯ.e.ge.dʒʌn.hɛ]
him that 그에게,8,[kɯ.e.ke],[gɯ.e.ge]
우리 없이는,8,[u.ɾi.ʌp̚.i.nɯn],[u.ɾi.ʌp̚.i.nɯn]
우리 엉덩이,8,[u.ɾi.ʌŋ.tʌŋ.i],[u.ɾi.ʌŋ.dʌŋ.i]
그렇죠 감사합니다,8,[kɯ.ɾʌt̚.tʃjo.kam.sa.hap̚.ni.ta],[gɯ.ɾʌt̚.tʃjo.gam.sa.hap̚.ni.da]
그렇죠 같이,8,[kɯ.ɾʌt̚.tʃjo.kat̚.i],[gɯ.ɾʌt̚.tʃjo.gat̚.i]
우리 여기 있잖아,8,[u.ɾi.jʌ.ki.it̚.tʃan.a],[u.ɾi.jʌ.gi.it̚.tʃan.a]
두 명을 더,8,[tu.mjʌŋ.ɯl.tʌ],[du.mjʌŋ.ɯl.dʌ]
우리 여기서 나가자,8,[u.ɾi.jʌ.ki.sʌ.na.ka.tʃa],[u.ɾi.jʌ.gi.sʌ.na.ga.dʒa]
두 명의 남자가,8,[tu.mjʌŋ.ɯi.nan.tʃa.ka],[du.mjʌŋ.ɯi.nan.tʃa.ga]
두 명의 알렉,8,[tu.mjʌŋ.ɯi.al.ɾek̚],[du.mjʌŋ.ɯi.al.ɾek̚]
건 아니야 우린,8,[kʌn.a.ni.ja.u.ɾin],[gʌn.a.ni.ja.u.ɾin]
우리 역도부가,8,[u.ɾi.jʌk̚.to.pu.ka],[u.ɾi.jʌk̚.to.bu.ga]
두 명이 있다,8,[tu.mjʌŋ.i.it̚.ta],[du.mjʌŋ.i.it̚.ta]
두 명이 있어요,8,[tu.mjʌŋ.i.it̚.ʌ.jo],[du.mjʌŋ.i.it̚.ʌ.jo]
우리 영상,8,[u.ɾi.jʌŋ.saŋ],[u.ɾi.jʌŋ.saŋ]
두 명이다,8,[tu.mjʌŋ.i.ta],[du.mjʌŋ.i.da]
우리 영혼이,8,[u.ɾi.jʌŋ.hon.i],[u.ɾi.jʌŋ.hon.i]
두 명이면,8,[tu.mjʌŋ.i.mjʌn],[du.mjʌŋ.i.mjʌn]
우리 영화 보러,8,[u.ɾi.jʌŋ.hwa.po.ɾʌ],[u.ɾi.jʌŋ.hwa.bo.ɾʌ]
우리 영화는,8,[u.ɾi.jʌŋ.hwa.nɯn],[u.ɾi.jʌŋ.hwa.nɯn]
건 아니었네,8,[kʌn.a.ni.ʌt̚.ne],[gʌn.a.ni.ʌt̚.ne]
우리 예쁜이들,8,[u.ɾi.je.p͈ɯn.i.tɯl],[u.ɾi.je.p͈ɯn.i.dɯl]
우리 오랜만에,8,[u.ɾi.o.ɾɛn.man.e],[u.ɾi.o.ɾɛn.man.e]
우리 오빠야,8,[u.ɾi.o.p͈a.ja],[u.ɾi.o.p͈a.ja]
우리 올,8,[u.ɾi.ol],[u.ɾi.ol]
두 발로 걷는,8,[tu.pal.ɾo.kʌt̚.nɯn],[du.bal.ɾo.gʌt̚.nɯn]
Wyatt Earp,8,,
두 배가 될,8,[tu.pɛ.ka.twel],[du.bɛ.ga.dwel]
우리 용의자는,8,[u.ɾi.joŋ.ɯi.tʃa.nɯn],[u.ɾi.joŋ.ɯi.dʒa.nɯn]
우리 우리가,8,[u.ɾi.u.ɾi.ka],[u.ɾi.u.ɾi.ga]
두 배로 올릴,8,[tu.pɛ.ɾo.ol.ɾil],[du.bɛ.ɾo.ol.ɾil]
그렇죠 두,8,[kɯ.ɾʌt̚.tʃjo.tu],[gɯ.ɾʌt̚.tʃjo.du]
그렇죠 또,8,[kɯ.ɾʌt̚.tʃjo.t͈o],[gɯ.ɾʌt̚.tʃjo.t͈o]
우리 위로,8,[u.ɾi.wi.ɾo],[u.ɾi.wi.ɾo]
우리 위원회를,8,[u.ɾi.wi.wʌn.hwe.ɾɯl],[u.ɾi.wi.wʌn.hwe.ɾɯl]
주고 있네,8,[tʃu.ko.it̚.ne],[dʒu.go.it̚.ne]
그렇죠 아니면,8,[kɯ.ɾʌt̚.tʃjo.a.ni.mjʌn],[gɯ.ɾʌt̚.tʃjo.a.ni.mjʌn]
우리 은행에,8,[u.ɾi.ɯn.hɛŋ.e],[u.ɾi.ɯn.hɛŋ.e]
그렇죠 아버지,8,[kɯ.ɾʌt̚.tʃjo.a.pʌ.tʃi],[gɯ.ɾʌt̚.tʃjo.a.bʌ.dʒi]
우리 의견은,8,[u.ɾi.ɯi.kjʌn.ɯn],[u.ɾi.ɯi.gjʌn.ɯn]
우리 의도를,8,[u.ɾi.ɯi.to.ɾɯl],[u.ɾi.ɯi.do.ɾɯl]
우리 의뢰인을,8,[u.ɾi.ɯi.ɾwe.in.ɯl],[u.ɾi.ɯi.ɾwe.in.ɯl]
그렇죠 안,8,[kɯ.ɾʌt̚.tʃjo.an],[gɯ.ɾʌt̚.tʃjo.an]
우리 이대로,8,[u.ɾi.i.tɛ.ɾo],[u.ɾi.i.dɛ.ɾo]
여기까지 들려,8,[jʌ.ki.k͈a.tʃi.tɯl.ɾjʌ],[jʌ.gi.k͈a.dʒi.dɯl.ɾjʌ]
우리 이러면 안 돼,8,[u.ɾi.i.ɾʌ.mjʌn.an.twɛ],[u.ɾi.i.ɾʌ.mjʌn.an.dwɛ]
우리 이렇게 하자,8,[u.ɾi.i.ɾʌt̚.ke.ha.tʃa],[u.ɾi.i.ɾʌt̚.ke.ha.dʒa]
우리 이사님,8,[u.ɾi.i.sa.nim],[u.ɾi.i.sa.nim]
우리 이야기가,8,[u.ɾi.i.ja.ki.ka],[u.ɾi.i.ja.gi.ga]
못 했어 그래서,8,[mot̚.hɛt̚.ʌ.kɯ.ɾɛ.sʌ],[mot̚.hɛt̚.ʌ.gɯ.ɾɛ.sʌ]
우리 이전에,8,[u.ɾi.i.tʃʌn.e],[u.ɾi.i.dʒʌn.e]
두 번 후,8,[tu.pʌn.hu],[du.bʌn.hu]
우리 이제 다,8,[u.ɾi.i.tʃe.ta],[u.ɾi.i.dʒe.da]
그렇죠 이게,8,[kɯ.ɾʌt̚.tʃjo.i.ke],[gɯ.ɾʌt̚.tʃjo.i.ge]
우리 인생에서 가장,8,[u.ɾi.in.sɛŋ.e.sʌ.ka.tʃaŋ],[u.ɾi.in.sɛŋ.e.sʌ.ga.dʒaŋ]
그렇죠 자,8,[kɯ.ɾʌt̚.tʃjo.tʃa],[gɯ.ɾʌt̚.tʃjo.dʒa]
손가락 끝에,8,[soŋ.ka.ɾak̚.k͈ɯt̚.e],[soŋ.ka.ɾak̚.k͈ɯt̚.e]
두 번이나 날,8,[tu.pʌn.i.na.nal],[du.bʌn.i.na.nal]
우리 일이고,8,[u.ɾi.il.i.ko],[u.ɾi.il.i.go]
him where,8,,
두 번째 것은,8,[tu.pʌn.tʃ͈ɛ.kʌt̚.ɯn],[du.bʌn.tʃ͈ɛ.gʌt̚.ɯn]
우리 일정이,8,[u.ɾi.il.tʃʌŋ.i],[u.ɾi.il.tʃʌŋ.i]
주기도 해요,8,[tʃu.ki.to.hɛ.jo],[dʒu.gi.do.hɛ.jo]
두 번째 기회야,8,[tu.pʌn.tʃ͈ɛ.ki.hwe.ja],[du.bʌn.tʃ͈ɛ.gi.hwe.ja]
두 번째 단계,8,[tu.pʌn.tʃ͈ɛ.taŋ.kje],[du.bʌn.tʃ͈ɛ.daŋ.kje]
두 번째 문제는,8,[tu.pʌn.tʃ͈ɛ.mun.tʃe.nɯn],[du.bʌn.tʃ͈ɛ.mun.tʃe.nɯn]
그렇죠 지금은,8,[kɯ.ɾʌt̚.tʃjo.tʃi.kɯm.ɯn],[gɯ.ɾʌt̚.tʃjo.dʒi.gɯm.ɯn]
주기를 바라는,8,[tʃu.ki.ɾɯl.pa.ɾa.nɯn],[dʒu.gi.ɾɯl.ba.ɾa.nɯn]
두 번째 일,8,[tu.pʌn.tʃ͈ɛ.il],[du.bʌn.tʃ͈ɛ.il]
우리 자신을 보호하기,8,[u.ɾi.tʃa.sin.ɯl.po.ho.ha.ki],[u.ɾi.dʒa.sin.ɯl.bo.ho.ha.gi]
주기만 해,8,[tʃu.ki.man.hɛ],[dʒu.gi.man.hɛ]
건 아니에요 이,8,[kʌn.a.ni.e.jo.i],[gʌn.a.ni.e.jo.i]
우리 잘못도,8,[u.ɾi.tʃal.mot̚.to],[u.ɾi.dʒal.mot̚.to]
두 번째 피해자가,8,[tu.pʌn.tʃ͈ɛ.pʰi.hɛ.tʃa.ka],[du.bʌn.tʃ͈ɛ.pʰi.hɛ.dʒa.ga]
우리 잘못이에요,8,[u.ɾi.tʃal.mot̚.i.e.jo],[u.ɾi.dʒal.mot̚.i.e.jo]
우리 잘해,8,[u.ɾi.tʃal.hɛ],[u.ɾi.dʒal.hɛ]
두 번째네요,8,[tu.pʌn.tʃ͈ɛ.ne.jo],[du.bʌn.tʃ͈ɛ.ne.jo]
가 예,8,[ka.je],[ga.je]
건 아니였어,8,[kʌn.a.ni.jʌt̚.ʌ],[gʌn.a.ni.jʌt̚.ʌ]
우리 전략을,8,[u.ɾi.tʃʌl.ljak̚.ɯl],[u.ɾi.dʒʌl.ljak̚.ɯl]
그렇지 그러니,8,[kɯ.ɾʌt̚.tʃi.kɯ.ɾʌ.ni],[gɯ.ɾʌt̚.tʃi.gɯ.ɾʌ.ni]
주긴 했는데,8,[tʃu.kin.hɛt̚.nɯn.te],[dʒu.gin.hɛt̚.nɯn.te]
내 말부터 들어요,8,[nɛ.mal.pu.tʰʌ.tɯl.ʌ.jo],[nɛ.mal.pu.tʰʌ.dɯl.ʌ.jo]
그렇지 그럴,8,[kɯ.ɾʌt̚.tʃi.kɯ.ɾʌl],[gɯ.ɾʌt̚.tʃi.gɯ.ɾʌl]
필요하신 거 있으세요,8,[pʰil.jo.ha.siŋ.kʌ.it̚.ɯ.se.jo],[pʰil.jo.ha.sin.gʌ.it̚.ɯ.se.jo]
우리 정보원은,8,[u.ɾi.tʃʌm.po.wʌn.ɯn],[u.ɾi.dʒʌŋ.bo.wʌn.ɯn]
손가락만 까딱해도,8,[soŋ.ka.ɾak̚.maŋ.k͈a.t͈ak̚.hɛ.to],[soŋ.ka.ɾak̚.maŋ.k͈a.t͈ak̚.hɛ.do]
우리 정부에서,8,[u.ɾi.tʃʌm.pu.e.sʌ],[u.ɾi.dʒʌŋ.bu.e.sʌ]
그렇지 그렇고,8,[kɯ.ɾʌt̚.tʃi.kɯ.ɾʌt̚.ko],[gɯ.ɾʌt̚.tʃi.gɯ.ɾʌt̚.ko]
우리 정신을,8,[u.ɾi.tʃʌŋ.sin.ɯl],[u.ɾi.dʒʌŋ.sin.ɯl]
두 부류의,8,[tu.pu.ɾju.ɯi],[du.bu.ɾju.ɯi]
우리 조국을,8,[u.ɾi.tʃo.kuk̚.ɯl],[u.ɾi.dʒo.guk̚.ɯl]
우리 조금만 더,8,[u.ɾi.tʃo.kɯm.man.tʌ],[u.ɾi.dʒo.gɯm.man.dʌ]
우리 조상은,8,[u.ɾi.tʃo.saŋ.ɯn],[u.ɾi.dʒo.saŋ.ɯn]
두 분 다 돌아가셨어요,8,[tu.pun.ta.tol.a.ka.sjʌt̚.ʌ.jo],[du.bun.da.dol.a.ga.sjʌt̚.ʌ.jo]
우리 조카사위,8,[u.ɾi.tʃo.kʰa.sa.wi],[u.ɾi.dʒo.kʰa.sa.wi]
그렇지 날,8,[kɯ.ɾʌt̚.tʃi.nal],[gɯ.ɾʌt̚.tʃi.nal]
우리 졸라,8,[u.ɾi.tʃol.ɾa],[u.ɾi.dʒol.ɾa]
우리 좀 도와줄래,8,[u.ɾi.tʃon.to.wa.tʃul.ɾɛ],[u.ɾi.dʒom.do.wa.dʒul.ɾɛ]
우리 좀 도와주세요,8,[u.ɾi.tʃon.to.wa.tʃu.se.jo],[u.ɾi.dʒom.do.wa.dʒu.se.jo]
우리 좀 봐요,8,[u.ɾi.tʃom.pwa.jo],[u.ɾi.dʒom.bwa.jo]
두 분 사이에 무슨,8,[tu.pun.sa.i.e.mu.sɯn],[du.bun.sa.i.e.mu.sɯn]
두 분 오늘,8,[tu.pun.o.nɯl],[du.bun.o.nɯl]
두 분 중 누가,8,[tu.pun.tʃuŋ.nu.ka],[du.bun.dʒuŋ.nu.ga]
우리 주님,8,[u.ɾi.tʃu.nim],[u.ɾi.dʒu.nim]
두 분 참,8,[tu.pun.tʃʰam],[du.bun.tʃʰam]
우리 주변엔,8,[u.ɾi.tʃu.pjʌn.en],[u.ɾi.dʒu.bjʌn.en]
우리 죽어,8,[u.ɾi.tʃuk̚.ʌ],[u.ɾi.dʒuk̚.ʌ]
도망치기 위해서,8,[to.maŋ.tʃʰi.ki.wi.hɛ.sʌ],[do.maŋ.tʃʰi.gi.wi.hɛ.sʌ]
두 분은 서로,8,[tu.pun.ɯn.sʌ.ɾo],[du.bun.ɯn.sʌ.ɾo]
그렇지 또,8,[kɯ.ɾʌt̚.tʃi.t͈o],[gɯ.ɾʌt̚.tʃi.t͈o]
우리 중에 배신자가,8,[u.ɾi.tʃuŋ.e.pɛ.sin.tʃa.ka],[u.ɾi.dʒuŋ.e.bɛ.sin.tʃa.ga]
우리 중에는,8,[u.ɾi.tʃuŋ.e.nɯn],[u.ɾi.dʒuŋ.e.nɯn]
우리 중의,8,[u.ɾi.tʃuŋ.ɯi],[u.ɾi.dʒuŋ.ɯi]
우리 지구로,8,[u.ɾi.tʃi.ku.ɾo],[u.ɾi.dʒi.gu.ɾo]
두 분이 우리,8,[tu.pun.i.u.ɾi],[du.bun.i.u.ɾi]
여기까지인 것,8,[jʌ.ki.k͈a.tʃi.iŋ.kʌt̚],[jʌ.gi.k͈a.dʒi.in.gʌt̚]
두 분이 정말,8,[tu.pun.i.tʃʌŋ.mal],[du.bun.i.dʒʌŋ.mal]
주길 원했다,8,[tʃu.kil.wʌn.hɛt̚.ta],[dʒu.gil.wʌn.hɛt̚.ta]
그렇지 뭐가,8,[kɯ.ɾʌt̚.tʃi.mwʌ.ka],[gɯ.ɾʌt̚.tʃi.mwʌ.ga]
그렇지 미안,8,[kɯ.ɾʌt̚.tʃi.mi.an],[gɯ.ɾʌt̚.tʃi.mi.an]
두 분이세요,8,[tu.pun.i.se.jo],[du.bun.i.se.jo]
두 분이에요,8,[tu.pun.i.e.jo],[du.bun.i.e.jo]
우리 직업은,8,[u.ɾi.tʃik̚.ʌp̚.ɯn],[u.ɾi.dʒik̚.ʌp̚.ɯn]
건 아니지 않습니까,8,[kʌn.a.ni.tʃi.an.sɯp̚.ni.k͈a],[gʌn.a.ni.dʒi.an.sɯp̚.ni.k͈a]
그렇지 벌써,8,[kɯ.ɾʌt̚.tʃi.pʌl.s͈ʌ],[gɯ.ɾʌt̚.tʃi.bʌl.s͈ʌ]
우리 직접,8,[u.ɾi.tʃik̚.tʃʌp̚],[u.ɾi.dʒik̚.tʃʌp̚]
우리 진짜로,8,[u.ɾi.tʃin.tʃ͈a.ɾo],[u.ɾi.dʒin.tʃ͈a.ɾo]
주는 게 좋겠어,8,[tʃu.nɯŋ.ke.tʃot̚.ket̚.ʌ],[dʒu.nɯn.ge.dʒot̚.ket̚.ʌ]
여기는 USS,8,[jʌ.ki.nɯn],[jʌ.gi.nɯn]
우리 집사람은,8,[u.ɾi.tʃip̚.sa.ɾam.ɯn],[u.ɾi.dʒip̚.sa.ɾam.ɯn]
우리 집사람도,8,[u.ɾi.tʃip̚.sa.ɾan.to],[u.ɾi.dʒip̚.sa.ɾan.to]
건 아니지만 그냥,8,[kʌn.a.ni.tʃi.maŋ.kɯ.njaŋ],[gʌn.a.ni.dʒi.man.gɯ.njaŋ]
우리 집에 가,8,[u.ɾi.tʃip̚.e.ka],[u.ɾi.dʒip̚.e.ga]
우리 집에 가는,8,[u.ɾi.tʃip̚.e.ka.nɯn],[u.ɾi.dʒip̚.e.ga.nɯn]
모르잖아 당신이,8,[mo.ɾɯ.tʃan.a.taŋ.sin.i],[mo.ɾɯ.dʒan.a.daŋ.sin.i]
두 사람 다요,8,[tu.sa.ɾan.ta.jo],[du.sa.ɾam.da.jo]
Ask your,8,,
우리 집에 누가,8,[u.ɾi.tʃip̚.e.nu.ka],[u.ɾi.dʒip̚.e.nu.ga]
우리 집에 몰래,8,[u.ɾi.tʃip̚.e.mol.ɾɛ],[u.ɾi.dʒip̚.e.mol.ɾɛ]
우리 집에 오는,8,[u.ɾi.tʃip̚.e.o.nɯn],[u.ɾi.dʒip̚.e.o.nɯn]
우리 집에 올래,8,[u.ɾi.tʃip̚.e.ol.ɾɛ],[u.ɾi.dʒip̚.e.ol.ɾɛ]
두 사람 아는,8,[tu.sa.ɾam.a.nɯn],[du.sa.ɾam.a.nɯn]
그렇지 않,8,[kɯ.ɾʌt̚.tʃi.an],[gɯ.ɾʌt̚.tʃi.an]
YES NO,8,,
그렇지 않거든,8,[kɯ.ɾʌt̚.tʃi.aŋ.kʌ.tɯn],[gɯ.ɾʌt̚.tʃi.aŋ.kʌ.dɯn]
우리 집에서 지내,8,[u.ɾi.tʃip̚.e.sʌ.tʃi.nɛ],[u.ɾi.dʒip̚.e.sʌ.dʒi.nɛ]
나한테 거짓말 한,8,[na.han.tʰe.kʌ.tʃit̚.mal.han],[na.han.tʰe.gʌ.dʒit̚.mal.han]
우리 집에요,8,[u.ɾi.tʃip̚.e.jo],[u.ɾi.dʒip̚.e.jo]
우리 집으로 가,8,[u.ɾi.tʃip̚.ɯ.ɾo.ka],[u.ɾi.dʒip̚.ɯ.ɾo.ga]
두 사람만의,8,[tu.sa.ɾam.man.ɯi],[du.sa.ɾam.man.ɯi]
두 사람씩,8,[tu.sa.ɾam.s͈ik̚],[du.sa.ɾam.s͈ik̚]
우리 집이 아니야,8,[u.ɾi.tʃip̚.i.a.ni.ja],[u.ɾi.dʒip̚.i.a.ni.ja]
나한테 거짓말만,8,[na.han.tʰe.kʌ.tʃit̚.mal.man],[na.han.tʰe.gʌ.dʒit̚.mal.man]
우리 집이랑,8,[u.ɾi.tʃip̚.i.ɾaŋ],[u.ɾi.dʒip̚.i.ɾaŋ]
우리 쪽 사람을,8,[u.ɾi.tʃ͈ok̚.sa.ɾam.ɯl],[u.ɾi.tʃ͈ok̚.sa.ɾam.ɯl]
우리 쪽 사람이야,8,[u.ɾi.tʃ͈ok̚.sa.ɾam.i.ja],[u.ɾi.tʃ͈ok̚.sa.ɾam.i.ja]
우리 쪽의,8,[u.ɾi.tʃ͈ok̚.ɯi],[u.ɾi.tʃ͈ok̚.ɯi]
우리 차례예요,8,[u.ɾi.tʃʰa.ɾje.je.jo],[u.ɾi.tʃʰa.ɾje.je.jo]
우리 착한 아들,8,[u.ɾi.tʃʰak̚.han.a.tɯl],[u.ɾi.tʃʰak̚.han.a.dɯl]
his chest,8,,
우리 천사들,8,[u.ɾi.tʃʰʌn.sa.tɯl],[u.ɾi.tʃʰʌn.sa.dɯl]
두 사람이 날,8,[tu.sa.ɾam.i.nal],[du.sa.ɾam.i.nal]
우리 추억을,8,[u.ɾi.tʃʰu.ʌk̚.ɯl],[u.ɾi.tʃʰu.ʌk̚.ɯl]
그렇지 않다고 해도,8,[kɯ.ɾʌt̚.tʃi.an.ta.ko.hɛ.to],[gɯ.ɾʌt̚.tʃi.an.ta.go.hɛ.do]
그렇지 않다는 거 알아,8,[kɯ.ɾʌt̚.tʃi.an.ta.nɯŋ.kʌ.al.a],[gɯ.ɾʌt̚.tʃi.an.ta.nɯn.gʌ.al.a]
우리 친구도,8,[u.ɾi.tʃʰiŋ.ku.to],[u.ɾi.tʃʰiŋ.ku.do]
나한테 거짓말하면 안,8,[na.han.tʰe.kʌ.tʃit̚.mal.ha.mjʌn.an],[na.han.tʰe.gʌ.dʒit̚.mal.ha.mjʌn.an]
우리 친구잖아요,8,[u.ɾi.tʃʰiŋ.ku.tʃan.a.jo],[u.ɾi.tʃʰiŋ.ku.dʒan.a.jo]
건 아닌 것 같네,8,[kʌn.a.niŋ.kʌt̚.kat̚.ne],[gʌn.a.nin.gʌt̚.gat̚.ne]
가 이상 무,8,[ka.i.saŋ.mu],[ga.i.saŋ.mu]
우리 카페,8,[u.ɾi.kʰa.pʰe],[u.ɾi.kʰa.pʰe]
그렇지 않다는 것이다,8,[kɯ.ɾʌt̚.tʃi.an.ta.nɯŋ.kʌt̚.i.ta],[gɯ.ɾʌt̚.tʃi.an.ta.nɯn.gʌt̚.i.da]
주니 고맙네요,8,[tʃu.ni.ko.map̚.ne.jo],[dʒu.ni.go.map̚.ne.jo]
두 세계가,8,[tu.se.kje.ka],[du.se.gje.ga]
우리 탓,8,[u.ɾi.tʰat̚],[u.ɾi.tʰat̚]
두 세트의,8,[tu.se.tʰɯ.ɯi],[du.se.tʰɯ.ɯi]
두 손 두 발,8,[tu.son.tu.pal],[du.son.du.bal]
젠장 너희,8,[tʃen.tʃaŋ.nʌ.hɯi],[dʒen.tʃaŋ.nʌ.hɯi]
우리 파일에,8,[u.ɾi.pʰa.il.e],[u.ɾi.pʰa.il.e]
두 수,8,[tu.su],[du.su]
그렇지 않아 그건,8,[kɯ.ɾʌt̚.tʃi.an.a.kɯ.kʌn],[gɯ.ɾʌt̚.tʃi.an.a.gɯ.gʌn]
우리 편이 될,8,[u.ɾi.pʰjʌn.i.twel],[u.ɾi.pʰjʌn.i.dwel]
두 시간 남았어,8,[tu.si.kan.nam.at̚.ʌ],[du.si.gan.nam.at̚.ʌ]
그렇지 않아 그냥,8,[kɯ.ɾʌt̚.tʃi.an.a.kɯ.njaŋ],[gɯ.ɾʌt̚.tʃi.an.a.gɯ.njaŋ]
우리 편이라,8,[u.ɾi.pʰjʌn.i.ɾa],[u.ɾi.pʰjʌn.i.ɾa]
우리 편이라는,8,[u.ɾi.pʰjʌn.i.ɾa.nɯn],[u.ɾi.pʰjʌn.i.ɾa.nɯn]
두 시간 뒤,8,[tu.si.kan.twi],[du.si.gan.dwi]
우리 편인 것,8,[u.ɾi.pʰjʌn.iŋ.kʌt̚],[u.ɾi.pʰjʌn.in.gʌt̚]
우리 편인가,8,[u.ɾi.pʰjʌn.iŋ.ka],[u.ɾi.pʰjʌn.iŋ.ka]
우리 편일,8,[u.ɾi.pʰjʌn.il],[u.ɾi.pʰjʌn.il]
우리 프로그램에,8,[u.ɾi.pʰɯ.ɾo.kɯ.ɾɛm.e],[u.ɾi.pʰɯ.ɾo.gɯ.ɾɛm.e]
여기는 함교,8,[jʌ.ki.nɯn.ham.kjo],[jʌ.gi.nɯn.ham.kjo]
건 아닌거,8,[kʌn.a.niŋ.kʌ],[gʌn.a.niŋ.kʌ]
그렇지 않아 날,8,[kɯ.ɾʌt̚.tʃi.an.a.nal],[gɯ.ɾʌt̚.tʃi.an.a.nal]
여기도 곧,8,[jʌ.ki.to.kot̚],[jʌ.gi.do.got̚]
우리 할 얘기,8,[u.ɾi.hal.jɛ.ki],[u.ɾi.hal.jɛ.gi]
그렇지 않아 당신은,8,[kɯ.ɾʌt̚.tʃi.an.a.taŋ.sin.ɯn],[gɯ.ɾʌt̚.tʃi.an.a.daŋ.sin.ɯn]
두 아들은,8,[tu.a.tɯl.ɯn],[du.a.dɯl.ɯn]
여기도 그렇고,8,[jʌ.ki.to.kɯ.ɾʌt̚.ko],[jʌ.gi.do.gɯ.ɾʌt̚.ko]
두 아이도,8,[tu.a.i.to],[du.a.i.do]
도망칠 것,8,[to.maŋ.tʃʰil.kʌt̚],[do.maŋ.tʃʰil.gʌt̚]
우리 합의,8,[u.ɾi.hap̚.ɯi],[u.ɾi.hap̚.ɯi]
우리 행동을,8,[u.ɾi.hɛŋ.toŋ.ɯl],[u.ɾi.hɛŋ.doŋ.ɯl]
우리 행성이,8,[u.ɾi.hɛŋ.sʌŋ.i],[u.ɾi.hɛŋ.sʌŋ.i]
우리 헤어져요,8,[u.ɾi.he.ʌ.tʃjʌ.jo],[u.ɾi.he.ʌ.dʒjʌ.jo]
우리 허락 없이,8,[u.ɾi.hʌ.ɾak̚.ʌp̚.i],[u.ɾi.hʌ.ɾak̚.ʌp̚.i]
그렇지 않아 이건,8,[kɯ.ɾʌt̚.tʃi.an.a.i.kʌn],[gɯ.ɾʌt̚.tʃi.an.a.i.gʌn]
우리 형과,8,[u.ɾi.hjʌŋ.kwa],[u.ɾi.hjʌŋ.gwa]
그렇지 않아 평생,8,[kɯ.ɾʌt̚.tʃi.an.a.pʰjʌŋ.sɛŋ],[gɯ.ɾʌt̚.tʃi.an.a.pʰjʌŋ.sɛŋ]
우리 형제들,8,[u.ɾi.hjʌŋ.tʃe.tɯl],[u.ɾi.hjʌŋ.dʒe.dɯl]
우리 환자,8,[u.ɾi.hwan.tʃa],[u.ɾi.hwan.tʃa]
두 잔 부탁해요,8,[tu.tʃam.pu.tʰak̚.hɛ.jo],[du.dʒan.bu.tʰak̚.hɛ.jo]
우리 회의,8,[u.ɾi.hwe.ɯi],[u.ɾi.hwe.ɯi]
건 아닐지,8,[kʌn.a.nil.tʃi],[gʌn.a.nil.tʃi]
두 잔은,8,[tu.tʃan.ɯn],[du.dʒan.ɯn]
건 아닐지도 몰라,8,[kʌn.a.nil.tʃi.to.mol.ɾa],[gʌn.a.nil.tʃi.do.mol.ɾa]
우리가 We,8,[u.ɾi.ka],[u.ɾi.ga]
우리가 We will,8,[u.ɾi.ka],[u.ɾi.ga]
우리가 가,8,[u.ɾi.ka.ka],[u.ɾi.ga.ga]
우리가 가까운,8,[u.ɾi.ka.ka.k͈a.un],[u.ɾi.ga.ga.k͈a.un]
건 아닐테고,8,[kʌn.a.nil.tʰe.ko],[gʌn.a.nil.tʰe.go]
그렇지 않아요 전,8,[kɯ.ɾʌt̚.tʃi.an.a.jo.tʃʌn],[gɯ.ɾʌt̚.tʃi.an.a.jo.dʒʌn]
우리가 가는 거야,8,[u.ɾi.ka.ka.nɯŋ.kʌ.ja],[u.ɾi.ga.ga.nɯn.gʌ.ja]
우리가 가야 한다고,8,[u.ɾi.ka.ka.ja.han.ta.ko],[u.ɾi.ga.ga.ja.han.ta.go]
그렇지 않아요 하지만,8,[kɯ.ɾʌt̚.tʃi.an.a.jo.ha.tʃi.man],[gɯ.ɾʌt̚.tʃi.an.a.jo.ha.dʒi.man]
그렇지 않았기,8,[kɯ.ɾʌt̚.tʃi.an.at̚.ki],[gɯ.ɾʌt̚.tʃi.an.at̚.ki]
Yeah yeah,8,,
여기로 데려다,8,[jʌ.ki.ɾo.te.ɾjʌ.ta],[jʌ.gi.ɾo.de.ɾjʌ.da]
도망칠 수 있어요,8,[to.maŋ.tʃʰil.su.it̚.ʌ.jo],[do.maŋ.tʃʰil.su.it̚.ʌ.jo]
우리가 가져갈 수,8,[u.ɾi.ka.ka.tʃjʌ.kal.su],[u.ɾi.ga.ga.dʒjʌ.gal.su]
우리가 가족이 된,8,[u.ɾi.ka.ka.tʃok̚.i.twen],[u.ɾi.ga.ga.dʒok̚.i.dwen]
우리가 가지고 있는 것은,8,[u.ɾi.ka.ka.tʃi.ko.it̚.nɯŋ.kʌt̚.ɯn],[u.ɾi.ga.ga.dʒi.go.it̚.nɯn.gʌt̚.ɯn]
우리가 가지고 있지 않은,8,[u.ɾi.ka.ka.tʃi.ko.it̚.tʃi.an.ɯn],[u.ɾi.ga.ga.dʒi.go.it̚.tʃi.an.ɯn]
두 집안이,8,[tu.tʃip̚.an.i],[du.dʒip̚.an.i]
두 집을,8,[tu.tʃip̚.ɯl],[du.dʒip̚.ɯl]
그렇지 않으니,8,[kɯ.ɾʌt̚.tʃi.an.ɯ.ni],[gɯ.ɾʌt̚.tʃi.an.ɯ.ni]
우리가 감수해야,8,[u.ɾi.ka.kam.su.hɛ.ja],[u.ɾi.ga.gam.su.hɛ.ja]
우리가 감옥에서,8,[u.ɾi.ka.kam.ok̚.e.sʌ],[u.ɾi.ga.gam.ok̚.e.sʌ]
두 추를,8,[tu.tʃʰu.ɾɯl],[du.tʃʰu.ɾɯl]
우리가 같은 걸,8,[u.ɾi.ka.kat̚.ɯŋ.kʌl],[u.ɾi.ga.gat̚.ɯn.gʌl]
그렇지 않으면 그,8,[kɯ.ɾʌt̚.tʃi.an.ɯ.mjʌŋ.kɯ],[gɯ.ɾʌt̚.tʃi.an.ɯ.mjʌn.gɯ]
그렇지 않으면 그들은,8,[kɯ.ɾʌt̚.tʃi.an.ɯ.mjʌŋ.kɯ.tɯl.ɯn],[gɯ.ɾʌt̚.tʃi.an.ɯ.mjʌn.gɯ.dɯl.ɯn]
우리가 같은 생각을,8,[u.ɾi.ka.kat̚.ɯn.sɛŋ.kak̚.ɯl],[u.ɾi.ga.gat̚.ɯn.sɛŋ.gak̚.ɯl]
우리가 개발한,8,[u.ɾi.ka.kɛ.pal.han],[u.ɾi.ga.gɛ.bal.han]
못하겠어 네가,8,[mot̚.ha.ket̚.ʌ.ne.ka],[mot̚.ha.get̚.ʌ.ne.ga]
도망칠 필요,8,[to.maŋ.tʃʰil.pʰil.jo],[do.maŋ.tʃʰil.pʰil.jo]
건 아무 도움도,8,[kʌn.a.mu.to.un.to],[gʌn.a.mu.do.un.to]
우리가 거절하면,8,[u.ɾi.ka.kʌ.tʃʌl.ha.mjʌn],[u.ɾi.ga.gʌ.dʒʌl.ha.mjʌn]
주려고 가져온,8,[tʃu.ɾjʌ.ko.ka.tʃjʌ.on],[dʒu.ɾjʌ.go.ga.dʒjʌ.on]
그렇지 않으면 당신은,8,[kɯ.ɾʌt̚.tʃi.an.ɯ.mjʌn.taŋ.sin.ɯn],[gɯ.ɾʌt̚.tʃi.an.ɯ.mjʌn.daŋ.sin.ɯn]
그렇지 않으면 여기,8,[kɯ.ɾʌt̚.tʃi.an.ɯ.mjʌn.jʌ.ki],[gɯ.ɾʌt̚.tʃi.an.ɯ.mjʌn.jʌ.gi]
두 피해자와,8,[tu.pʰi.hɛ.tʃa.wa],[du.pʰi.hɛ.dʒa.wa]
그렇지 않으면 우린,8,[kɯ.ɾʌt̚.tʃi.an.ɯ.mjʌn.u.ɾin],[gɯ.ɾʌt̚.tʃi.an.ɯ.mjʌn.u.ɾin]
우리가 계속해서,8,[u.ɾi.ka.kje.sok̚.hɛ.sʌ],[u.ɾi.ga.gje.sok̚.hɛ.sʌ]
your entire,8,,
네 파일에,8,[ne.pʰa.il.e],[ne.pʰa.il.e]
여기로 모두,8,[jʌ.ki.ɾo.mo.tu],[jʌ.gi.ɾo.mo.du]
그렇지 않으면요,8,[kɯ.ɾʌt̚.tʃi.an.ɯ.mjʌn.jo],[gɯ.ɾʌt̚.tʃi.an.ɯ.mjʌn.jo]
두 희생자는,8,[tu.hɯi.sɛŋ.tʃa.nɯn],[du.hɯi.sɛŋ.dʒa.nɯn]
못하겠어요 할,8,[mot̚.ha.ket̚.ʌ.jo.hal],[mot̚.ha.get̚.ʌ.jo.hal]
못하겠지만 난,8,[mot̚.ha.ket̚.tʃi.man.nan],[mot̚.ha.get̚.tʃi.man.nan]
우리가 과거를,8,[u.ɾi.ka.kwa.kʌ.ɾɯl],[u.ɾi.ga.gwa.gʌ.ɾɯl]
못하고 그냥,8,[mot̚.ha.ko.kɯ.njaŋ],[mot̚.ha.go.gɯ.njaŋ]
그렇지 않은 사람들은,8,[kɯ.ɾʌt̚.tʃi.an.ɯn.sa.ɾan.tɯl.ɯn],[gɯ.ɾʌt̚.tʃi.an.ɯn.sa.ɾan.tɯl.ɯn]
우리가 구하러,8,[u.ɾi.ka.ku.ha.ɾʌ],[u.ɾi.ga.gu.ha.ɾʌ]
우리가 국경을,8,[u.ɾi.ka.kuk̚.kjʌŋ.ɯl],[u.ɾi.ga.guk̚.kjʌŋ.ɯl]
우리가 그 정도,8,[u.ɾi.ka.kɯ.tʃʌŋ.to],[u.ɾi.ga.gɯ.dʒʌŋ.do]
우리가 그걸 할,8,[u.ɾi.ka.kɯ.kʌl.hal],[u.ɾi.ga.gɯ.gʌl.hal]
그렇지 않을 때,8,[kɯ.ɾʌt̚.tʃi.an.ɯl.t͈ɛ],[gɯ.ɾʌt̚.tʃi.an.ɯl.t͈ɛ]
두고 가긴,8,[tu.ko.ka.kin],[du.go.ga.gin]
건 아무것도 없죠,8,[kʌn.a.mu.kʌt̚.to.ʌp̚.tʃjo],[gʌn.a.mu.gʌt̚.to.ʌp̚.tʃjo]
그렇지 않을까요,8,[kɯ.ɾʌt̚.tʃi.an.ɯl.k͈a.jo],[gɯ.ɾʌt̚.tʃi.an.ɯl.k͈a.jo]
두고 가려니,8,[tu.ko.ka.ɾjʌ.ni],[du.go.ga.ɾjʌ.ni]
우리가 그런 짓을,8,[u.ɾi.ka.kɯ.ɾʌn.tʃit̚.ɯl],[u.ɾi.ga.gɯ.ɾʌn.dʒit̚.ɯl]
우리가 그런 일을,8,[u.ɾi.ka.kɯ.ɾʌn.il.ɯl],[u.ɾi.ga.gɯ.ɾʌn.il.ɯl]
두고 가서요,8,[tu.ko.ka.sʌ.jo],[du.go.ga.sʌ.jo]
두고 가시면,8,[tu.ko.ka.si.mjʌn],[du.go.ga.si.mjʌn]
주로 무슨,8,[tʃu.ɾo.mu.sɯn],[dʒu.ɾo.mu.sɯn]
우리가 그를 잡을 수,8,[u.ɾi.ka.kɯ.ɾɯl.tʃap̚.ɯl.su],[u.ɾi.ga.gɯ.ɾɯl.dʒap̚.ɯl.su]
우리가 그를 쫓고 있다는,8,[u.ɾi.ka.kɯ.ɾɯl.tʃ͈ot̚.ko.it̚.ta.nɯn],[u.ɾi.ga.gɯ.ɾɯl.tʃ͈ot̚.ko.it̚.ta.nɯn]
우리가 그리,8,[u.ɾi.ka.kɯ.ɾi],[u.ɾi.ga.gɯ.ɾi]
I''m putting,8,,
그렇지 어떤,8,[kɯ.ɾʌt̚.tʃi.ʌ.t͈ʌn],[gɯ.ɾʌt̚.tʃi.ʌ.t͈ʌn]
건 아무도 못,8,[kʌn.a.mu.to.mot̚],[gʌn.a.mu.do.mot̚]
여기로 온 거네,8,[jʌ.ki.ɾo.oŋ.kʌ.ne],[jʌ.gi.ɾo.on.gʌ.ne]
가 있었죠,8,[ka.it̚.ʌt̚.tʃjo],[ga.it̚.ʌt̚.tʃjo]
건 아무도 신경,8,[kʌn.a.mu.to.siŋ.kjʌŋ],[gʌn.a.mu.do.siŋ.kjʌŋ]
우리가 기다리는,8,[u.ɾi.ka.ki.ta.ɾi.nɯn],[u.ɾi.ga.gi.da.ɾi.nɯn]
여기로 온다고,8,[jʌ.ki.ɾo.on.ta.ko],[jʌ.gi.ɾo.on.ta.go]
건 아무도 신경 안,8,[kʌn.a.mu.to.siŋ.kjʌŋ.an],[gʌn.a.mu.do.siŋ.kjʌŋ.an]
우리가 꺼내줄게,8,[u.ɾi.ka.k͈ʌ.nɛ.tʃul.ke],[u.ɾi.ga.k͈ʌ.nɛ.dʒul.ke]
그렇지 엄마,8,[kɯ.ɾʌt̚.tʃi.ʌm.ma],[gɯ.ɾʌt̚.tʃi.ʌm.ma]
우리가 끝난,8,[u.ɾi.ka.k͈ɯt̚.nan],[u.ɾi.ga.k͈ɯt̚.nan]
우리가 끝낼 수 있어,8,[u.ɾi.ka.k͈ɯt̚.nɛl.su.it̚.ʌ],[u.ɾi.ga.k͈ɯt̚.nɛl.su.it̚.ʌ]
그렇지 여기서,8,[kɯ.ɾʌt̚.tʃi.jʌ.ki.sʌ],[gɯ.ɾʌt̚.tʃi.jʌ.gi.sʌ]
두고 갈 수는 없어요,8,[tu.ko.kal.su.nɯn.ʌp̚.ʌ.jo],[du.go.gal.su.nɯn.ʌp̚.ʌ.jo]
두고 갈 테니,8,[tu.ko.kal.tʰe.ni],[du.go.gal.tʰe.ni]
우리가 너랑,8,[u.ɾi.ka.nʌ.ɾaŋ],[u.ɾi.ga.nʌ.ɾaŋ]
나한테 그런식으로,8,[na.han.tʰe.kɯ.ɾʌn.sik̚.ɯ.ɾo],[na.han.tʰe.gɯ.ɾʌn.sik̚.ɯ.ɾo]
우리가 너무 늦었어,8,[u.ɾi.ka.nʌ.mu.nɯt̚.ʌt̚.ʌ],[u.ɾi.ga.nʌ.mu.nɯt̚.ʌt̚.ʌ]
가 있을 거예요,8,[ka.it̚.ɯl.kʌ.je.jo],[ga.it̚.ɯl.gʌ.je.jo]
우리가 너흴,8,[u.ɾi.ka.nʌ.hɯil],[u.ɾi.ga.nʌ.hɯil]
그렇지 응,8,[kɯ.ɾʌt̚.tʃi.ɯŋ],[gɯ.ɾʌt̚.tʃi.ɯŋ]
두고 갔다,8,[tu.ko.kat̚.ta],[du.go.gat̚.ta]
두고 갔습니다,8,[tu.ko.kat̚.sɯp̚.ni.ta],[du.go.gat̚.sɯp̚.ni.da]
우리가 널 집에,8,[u.ɾi.ka.nʌl.tʃip̚.e],[u.ɾi.ga.nʌl.dʒip̚.e]
우리가 널 흔들어,8,[u.ɾi.ka.nʌl.hɯn.tɯl.ʌ],[u.ɾi.ga.nʌl.hɯn.tɯl.ʌ]
우리가 널 흔들어 줄게,8,[u.ɾi.ka.nʌl.hɯn.tɯl.ʌ.tʃul.ke],[u.ɾi.ga.nʌl.hɯn.tɯl.ʌ.dʒul.ke]
그렇지 이봐,8,[kɯ.ɾʌt̚.tʃi.i.pwa],[gɯ.ɾʌt̚.tʃi.i.bwa]
우리가 놓친 게 있을,8,[u.ɾi.ka.not̚.tʃʰiŋ.ke.it̚.ɯl],[u.ɾi.ga.not̚.tʃʰin.ge.it̚.ɯl]
his neck,8,,
두고 다시,8,[tu.ko.ta.si],[du.go.da.si]
주말에 가자,8,[tʃu.mal.e.ka.tʃa],[dʒu.mal.e.ga.dʒa]
우리가 다시는,8,[u.ɾi.ka.ta.si.nɯn],[u.ɾi.ga.da.si.nɯn]
두고 떠났지,8,[tu.ko.t͈ʌ.nat̚.tʃi],[du.go.t͈ʌ.nat̚.tʃi]
두고 또,8,[tu.ko.t͈o],[du.go.t͈o]
필요한 때야,8,[pʰil.jo.han.t͈ɛ.ja],[pʰil.jo.han.t͈ɛ.ja]
두고 문을,8,[tu.ko.mun.ɯl],[du.go.mun.ɯl]
내가 물어보고,8,[nɛ.ka.mul.ʌ.po.ko],[nɛ.ga.mul.ʌ.bo.go]
건 아예,8,[kʌn.a.je],[gʌn.a.je]
우리가 덫을,8,[u.ɾi.ka.tʌt̚.ɯl],[u.ɾi.ga.dʌt̚.ɯl]
여기를 떠나지,8,[jʌ.ki.ɾɯl.t͈ʌ.na.tʃi],[jʌ.gi.ɾɯl.t͈ʌ.na.dʒi]
우리가 데려간다,8,[u.ɾi.ka.te.ɾjʌ.kan.ta],[u.ɾi.ga.de.ɾjʌ.gan.ta]
주말을 위해,8,[tʃu.mal.ɯl.wi.hɛ],[dʒu.mal.ɯl.wi.hɛ]
우리가 도망치는,8,[u.ɾi.ka.to.maŋ.tʃʰi.nɯn],[u.ɾi.ga.do.maŋ.tʃʰi.nɯn]
우리가 도와야 해요,8,[u.ɾi.ka.to.wa.ja.hɛ.jo],[u.ɾi.ga.do.wa.ja.hɛ.jo]
우리가 도와줄까,8,[u.ɾi.ka.to.wa.tʃul.k͈a],[u.ɾi.ga.do.wa.dʒul.k͈a]
우리가 도울 일이,8,[u.ɾi.ka.to.ul.il.i],[u.ɾi.ga.do.ul.il.i]
네 편지는,8,[ne.pʰjʌn.tʃi.nɯn],[ne.pʰjʌn.tʃi.nɯn]
우리가 도착할 때까지,8,[u.ɾi.ka.to.tʃʰak̚.hal.t͈ɛ.k͈a.tʃi],[u.ɾi.ga.do.tʃʰak̚.hal.t͈ɛ.k͈a.dʒi]
우리가 돈을 얼마나,8,[u.ɾi.ka.ton.ɯl.ʌl.ma.na],[u.ɾi.ga.don.ɯl.ʌl.ma.na]
두고 봐 난,8,[tu.ko.pwa.nan],[du.go.bwa.nan]
건 안 되는 거야,8,[kʌn.an.twe.nɯŋ.kʌ.ja],[gʌn.an.dwe.nɯn.gʌ.ja]
우리가 두려워,8,[u.ɾi.ka.tu.ɾjʌ.wʌ],[u.ɾi.ga.du.ɾjʌ.wʌ]
두고 싶어서요,8,[tu.ko.sip̚.ʌ.sʌ.jo],[du.go.sip̚.ʌ.sʌ.jo]
his plate,8,,
우리가 들어가면,8,[u.ɾi.ka.tɯl.ʌ.ka.mjʌn],[u.ɾi.ga.dɯl.ʌ.ga.mjʌn]
두고 싶은데,8,[tu.ko.sip̚.ɯn.te],[du.go.sip̚.ɯn.te]
우리가 땅을,8,[u.ɾi.ka.t͈aŋ.ɯl],[u.ɾi.ga.t͈aŋ.ɯl]
두고 안 가요,8,[tu.ko.aŋ.ka.jo],[du.go.an.ga.jo]
여기를 잘,8,[jʌ.ki.ɾɯl.tʃal],[jʌ.gi.ɾɯl.dʒal]
그렇지만 곧,8,[kɯ.ɾʌt̚.tʃi.maŋ.kot̚],[gɯ.ɾʌt̚.tʃi.man.got̚]
우리가 마을을,8,[u.ɾi.ka.ma.ɯl.ɯl],[u.ɾi.ga.ma.ɯl.ɯl]
그렇지만 그냥,8,[kɯ.ɾʌt̚.tʃi.maŋ.kɯ.njaŋ],[gɯ.ɾʌt̚.tʃi.man.gɯ.njaŋ]
우리가 마주친,8,[u.ɾi.ka.ma.tʃu.tʃʰin],[u.ɾi.ga.ma.dʒu.tʃʰin]
your father and,8,,
우리가 막아야 해요,8,[u.ɾi.ka.mak̚.a.ja.hɛ.jo],[u.ɾi.ga.mak̚.a.ja.hɛ.jo]
건 안 좋아요,8,[kʌn.an.tʃot̚.a.jo],[gʌn.an.dʒot̚.a.jo]
우리가 막을게,8,[u.ɾi.ka.mak̚.ɯl.ke],[u.ɾi.ga.mak̚.ɯl.ke]
두고 올 수,8,[tu.ko.ol.su],[du.go.ol.su]
건 안 통해,8,[kʌn.an.tʰoŋ.hɛ],[gʌn.an.tʰoŋ.hɛ]
못하면 내,8,[mot̚.ha.mjʌn.nɛ],[mot̚.ha.mjʌn.nɛ]
우리가 만난 적이 있나요,8,[u.ɾi.ka.man.nan.tʃʌk̚.i.it̚.na.jo],[u.ɾi.ga.man.nan.dʒʌk̚.i.it̚.na.jo]
우리가 만난 이후,8,[u.ɾi.ka.man.nan.i.hu],[u.ɾi.ga.man.nan.i.hu]
우리가 만드는 건,8,[u.ɾi.ka.man.tɯ.nɯŋ.kʌn],[u.ɾi.ga.man.tɯ.nɯn.gʌn]
겪게 돼,8,[kjʌk̚.ke.twɛ],[gjʌk̚.ke.dwɛ]
두고 왔어야,8,[tu.ko.wat̚.ʌ.ja],[du.go.wat̚.ʌ.ja]
우리가 만든 거야,8,[u.ɾi.ka.man.tɯŋ.kʌ.ja],[u.ɾi.ga.man.tɯn.gʌ.ja]
못하면 다,8,[mot̚.ha.mjʌn.ta],[mot̚.ha.mjʌn.da]
우리가 만약에,8,[u.ɾi.ka.man.jak̚.e],[u.ɾi.ga.man.jak̚.e]
건 안 합니다,8,[kʌn.an.hap̚.ni.ta],[gʌn.an.hap̚.ni.da]
그렇지만 당신이,8,[kɯ.ɾʌt̚.tʃi.man.taŋ.sin.i],[gɯ.ɾʌt̚.tʃi.man.daŋ.sin.i]
우리가 말할 수,8,[u.ɾi.ka.mal.hal.su],[u.ɾi.ga.mal.hal.su]
우리가 망쳤어,8,[u.ɾi.ka.maŋ.tʃʰjʌt̚.ʌ],[u.ɾi.ga.maŋ.tʃʰjʌt̚.ʌ]
우리가 맡는다,8,[u.ɾi.ka.mat̚.nɯn.ta],[u.ɾi.ga.mat̚.nɯn.ta]
그렇지만 솔직히,8,[kɯ.ɾʌt̚.tʃi.man.sol.tʃik̚.hi],[gɯ.ɾʌt̚.tʃi.man.sol.tʃik̚.hi]
우리가 머리를,8,[u.ɾi.ka.mʌ.ɾi.ɾɯl],[u.ɾi.ga.mʌ.ɾi.ɾɯl]
두곤 안 가,8,[tu.kon.aŋ.ka],[du.gon.an.ga]
두근두근 여름날,8,[tu.kɯn.tu.kɯn.jʌ.ɾɯm.nal],[du.gɯn.tu.gɯn.jʌ.ɾɯm.nal]
여기서 그가,8,[jʌ.ki.sʌ.kɯ.ka],[jʌ.gi.sʌ.gɯ.ga]
우리가 못 본,8,[u.ɾi.ka.mot̚.pon],[u.ɾi.ga.mot̚.bon]
건 알 거야,8,[kʌn.al.kʌ.ja],[gʌn.al.gʌ.ja]
가 저녁,8,[ka.tʃʌ.njʌk̚],[ga.dʒʌ.njʌk̚]
우리가 무언가를,8,[u.ɾi.ka.mu.ʌŋ.ka.ɾɯl],[u.ɾi.ga.mu.ʌŋ.ka.ɾɯl]
그렇지만 저,8,[kɯ.ɾʌt̚.tʃi.man.tʃʌ],[gɯ.ɾʌt̚.tʃi.man.dʒʌ]
우리가 뭉치면,8,[u.ɾi.ka.muŋ.tʃʰi.mjʌn],[u.ɾi.ga.muŋ.tʃʰi.mjʌn]
건 알 텐데,8,[kʌn.al.tʰen.te],[gʌn.al.tʰen.te]
주면 당신을,8,[tʃu.mjʌn.taŋ.sin.ɯl],[dʒu.mjʌn.daŋ.sin.ɯl]
우리가 뭔가를 해야,8,[u.ɾi.ka.mwʌŋ.ka.ɾɯl.hɛ.ja],[u.ɾi.ga.mwʌŋ.ka.ɾɯl.hɛ.ja]
건 알겠군,8,[kʌn.al.ket̚.kun],[gʌn.al.ket̚.kun]
건 알겠고,8,[kʌn.al.ket̚.ko],[gʌn.al.ket̚.ko]
his work,8,,
우리가 뭘 하는지도,8,[u.ɾi.ka.mwʌl.ha.nɯn.tʃi.to],[u.ɾi.ga.mwʌl.ha.nɯn.tʃi.do]
hit a,8,,
우리가 뭘 하면,8,[u.ɾi.ka.mwʌl.ha.mjʌn],[u.ɾi.ga.mwʌl.ha.mjʌn]
가지 않을꺼야,8,[ka.tʃi.an.ɯl.k͈ʌ.ja],[ga.dʒi.an.ɯl.k͈ʌ.ja]
두는 사람이,8,[tu.nɯn.sa.ɾam.i],[du.nɯn.sa.ɾam.i]
두도록 해요,8,[tu.to.ɾok̚.hɛ.jo],[du.do.ɾok̚.hɛ.jo]
우리가 바랬던,8,[u.ɾi.ka.pa.ɾɛt̚.tʌn],[u.ɾi.ga.ba.ɾɛt̚.tʌn]
두드렸을 때,8,[tu.tɯ.ɾjʌt̚.ɯl.t͈ɛ],[du.dɯ.ɾjʌt̚.ɯl.t͈ɛ]
우리가 밖에서,8,[u.ɾi.ka.pak̚.e.sʌ],[u.ɾi.ga.bak̚.e.sʌ]
두드리는 소리가 들린다,8,[tu.tɯ.ɾi.nɯn.so.ɾi.ka.tɯl.ɾin.ta],[du.dɯ.ɾi.nɯn.so.ɾi.ga.dɯl.ɾin.ta]
그렇진 않은,8,[kɯ.ɾʌt̚.tʃin.an.ɯn],[gɯ.ɾʌt̚.tʃin.an.ɯn]
우리가 밤낮으로,8,[u.ɾi.ka.pam.nat̚.ɯ.ɾo],[u.ɾi.ga.bam.nat̚.ɯ.ɾo]
두들겨 맞을,8,[tu.tɯl.kjʌ.mat̚.ɯl],[du.dɯl.kjʌ.mat̚.ɯl]
우리가 병원에,8,[u.ɾi.ka.pjʌŋ.wʌn.e],[u.ɾi.ga.bjʌŋ.wʌn.e]
우리가 보내는,8,[u.ɾi.ka.po.nɛ.nɯn],[u.ɾi.ga.bo.nɛ.nɯn]
여기서 꺼내 줄게,8,[jʌ.ki.sʌ.k͈ʌ.nɛ.tʃul.ke],[jʌ.gi.sʌ.k͈ʌ.nɛ.dʒul.ke]
두라고 해,8,[tu.ɾa.ko.hɛ],[du.ɾa.go.hɛ]
두라고 했어요,8,[tu.ɾa.ko.hɛt̚.ʌ.jo],[du.ɾa.go.hɛt̚.ʌ.jo]
건 알겠어요 하지만,8,[kʌn.al.ket̚.ʌ.jo.ha.tʃi.man],[gʌn.al.ket̚.ʌ.jo.ha.dʒi.man]
우리가 본 것은,8,[u.ɾi.ka.poŋ.kʌt̚.ɯn],[u.ɾi.ga.bon.gʌt̚.ɯn]
두려운 겁니다,8,[tu.ɾjʌ.uŋ.kʌp̚.ni.ta],[du.ɾjʌ.un.gʌp̚.ni.da]
우리가 부를,8,[u.ɾi.ka.pu.ɾɯl],[u.ɾi.ga.bu.ɾɯl]
두려운 것은,8,[tu.ɾjʌ.uŋ.kʌt̚.ɯn],[du.ɾjʌ.un.gʌt̚.ɯn]
겪고 나서,8,[kjʌk̚.ko.na.sʌ],[gjʌk̚.ko.na.sʌ]
우리가 비행기를,8,[u.ɾi.ka.pi.hɛŋ.ki.ɾɯl],[u.ɾi.ga.bi.hɛŋ.gi.ɾɯl]
우리가 뽑은,8,[u.ɾi.ka.p͈op̚.ɯn],[u.ɾi.ga.p͈op̚.ɯn]
못한 것들을,8,[mot̚.haŋ.kʌt̚.tɯl.ɯl],[mot̚.han.gʌt̚.tɯl.ɯl]
우리가 사귀기,8,[u.ɾi.ka.sa.kwi.ki],[u.ɾi.ga.sa.gwi.gi]
우리가 사귀는 걸,8,[u.ɾi.ka.sa.kwi.nɯŋ.kʌl],[u.ɾi.ga.sa.gwi.nɯn.gʌl]
했어 어쩔,8,[hɛt̚.ʌ.ʌ.tʃ͈ʌl],[hɛt̚.ʌ.ʌ.tʃ͈ʌl]
그레이 구스,8,[kɯ.ɾe.i.ku.sɯ],[gɯ.ɾe.i.gu.sɯ]
우리가 사랑하는 사람들,8,[u.ɾi.ka.sa.ɾaŋ.ha.nɯn.sa.ɾan.tɯl],[u.ɾi.ga.sa.ɾaŋ.ha.nɯn.sa.ɾan.tɯl]
우리가 사업을,8,[u.ɾi.ka.sa.ʌp̚.ɯl],[u.ɾi.ga.sa.ʌp̚.ɯl]
필요한데 내가,8,[pʰil.jo.han.te.nɛ.ka],[pʰil.jo.han.te.nɛ.ga]
우리가 살게,8,[u.ɾi.ka.sal.ke],[u.ɾi.ga.sal.ke]
두려움에 떨,8,[tu.ɾjʌ.um.e.t͈ʌl],[du.ɾjʌ.um.e.t͈ʌl]
그레이가 네,8,[kɯ.ɾe.i.ka.ne],[gɯ.ɾe.i.ga.ne]
그레이가 네 동생을,8,[kɯ.ɾe.i.ka.ne.toŋ.sɛŋ.ɯl],[gɯ.ɾe.i.ga.ne.doŋ.sɛŋ.ɯl]
그레이가 네 동생을 쐈어,8,[kɯ.ɾe.i.ka.ne.toŋ.sɛŋ.ɯl.s͈wat̚.ʌ],[gɯ.ɾe.i.ga.ne.doŋ.sɛŋ.ɯl.s͈wat̚.ʌ]
두려움에 떨지,8,[tu.ɾjʌ.um.e.t͈ʌl.tʃi],[du.ɾjʌ.um.e.t͈ʌl.tʃi]
우리가 살아있다는 걸,8,[u.ɾi.ka.sal.a.it̚.ta.nɯŋ.kʌl],[u.ɾi.ga.sal.a.it̚.ta.nɯn.gʌl]
필요한지 아직도,8,[pʰil.jo.han.tʃi.a.tʃik̚.to],[pʰil.jo.han.tʃi.a.dʒik̚.to]
주무세요 안녕히,8,[tʃu.mu.se.jo.an.njʌŋ.hi],[dʒu.mu.se.jo.an.njʌŋ.hi]
뱀 선생,8,[pɛm.sʌn.sɛŋ],[bɛm.sʌn.sɛŋ]
두려움을 가지고,8,[tu.ɾjʌ.um.ɯl.ka.tʃi.ko],[du.ɾjʌ.um.ɯl.ga.dʒi.go]
못한 말이,8,[mot̚.han.mal.i],[mot̚.han.mal.i]
우리가 상상할 수,8,[u.ɾi.ka.saŋ.saŋ.hal.su],[u.ɾi.ga.saŋ.saŋ.hal.su]
우리가 새로,8,[u.ɾi.ka.sɛ.ɾo],[u.ɾi.ga.sɛ.ɾo]
주무실 거야,8,[tʃu.mu.sil.kʌ.ja],[dʒu.mu.sil.gʌ.ja]
우리가 생각하는 것,8,[u.ɾi.ka.sɛŋ.kak̚.ha.nɯŋ.kʌt̚],[u.ɾi.ga.sɛŋ.gak̚.ha.nɯn.gʌt̚]
두려워 나도,8,[tu.ɾjʌ.wʌ.na.to],[du.ɾjʌ.wʌ.na.do]
우리가 서로 도울,8,[u.ɾi.ka.sʌ.ɾo.to.ul],[u.ɾi.ga.sʌ.ɾo.do.ul]
우리가 서로 도울 수,8,[u.ɾi.ka.sʌ.ɾo.to.ul.su],[u.ɾi.ga.sʌ.ɾo.do.ul.su]
그레이스 순경,8,[kɯ.ɾe.i.sɯ.suŋ.kjʌŋ],[gɯ.ɾe.i.sɯ.suŋ.kjʌŋ]
나한테 돌아오지,8,[na.han.tʰe.tol.a.o.tʃi],[na.han.tʰe.dol.a.o.dʒi]
우리가 선을,8,[u.ɾi.ka.sʌn.ɯl],[u.ɾi.ga.sʌn.ɯl]
우리가 선택할 수 있는,8,[u.ɾi.ka.sʌn.tʰɛk̚.hal.su.it̚.nɯn],[u.ɾi.ga.sʌn.tʰɛk̚.hal.su.it̚.nɯn]
여기서 끝내요,8,[jʌ.ki.sʌ.k͈ɯt̚.nɛ.jo],[jʌ.gi.sʌ.k͈ɯt̚.nɛ.jo]
우리가 성공한다면,8,[u.ɾi.ka.sʌŋ.koŋ.han.ta.mjʌn],[u.ɾi.ga.sʌŋ.goŋ.han.ta.mjʌn]
우리가 소중히,8,[u.ɾi.ka.so.tʃuŋ.hi],[u.ɾi.ga.so.dʒuŋ.hi]
두려워서 그래요,8,[tu.ɾjʌ.wʌ.sʌ.kɯ.ɾɛ.jo],[du.ɾjʌ.wʌ.sʌ.gɯ.ɾɛ.jo]
우리가 손에,8,[u.ɾi.ka.son.e],[u.ɾi.ga.son.e]
건 알아 그게,8,[kʌn.al.a.kɯ.ke],[gʌn.al.a.gɯ.ge]
주문을 걸어서,8,[tʃu.mun.ɯl.kʌl.ʌ.sʌ],[dʒu.mun.ɯl.gʌl.ʌ.sʌ]
두려워하고 있는,8,[tu.ɾjʌ.wʌ.ha.ko.it̚.nɯn],[du.ɾjʌ.wʌ.ha.go.it̚.nɯn]
hold him,8,,
두려워하고 있습니다,8,[tu.ɾjʌ.wʌ.ha.ko.it̚.sɯp̚.ni.ta],[du.ɾjʌ.wʌ.ha.go.it̚.sɯp̚.ni.da]
주문을 외워야,8,[tʃu.mun.ɯl.we.wʌ.ja],[dʒu.mun.ɯl.we.wʌ.ja]
여기서 끝내야 해,8,[jʌ.ki.sʌ.k͈ɯt̚.nɛ.ja.hɛ],[jʌ.gi.sʌ.k͈ɯt̚.nɛ.ja.hɛ]
건 알아 그래서,8,[kʌn.al.a.kɯ.ɾɛ.sʌ],[gʌn.al.a.gɯ.ɾɛ.sʌ]
그레이슨 매너에서,8,[kɯ.ɾe.i.sɯn.mɛ.nʌ.e.sʌ],[gɯ.ɾe.i.sɯn.mɛ.nʌ.e.sʌ]
우리가 신의,8,[u.ɾi.ka.sin.ɯi],[u.ɾi.ga.sin.ɯi]
우리가 실패한,8,[u.ɾi.ka.sil.pʰɛ.han],[u.ɾi.ga.sil.pʰɛ.han]
우리가 싸우고 있는,8,[u.ɾi.ka.s͈a.u.ko.it̚.nɯn],[u.ɾi.ga.s͈a.u.go.it̚.nɯn]
우리가 싸우지,8,[u.ɾi.ka.s͈a.u.tʃi],[u.ɾi.ga.s͈a.u.dʒi]
우리가 싸워야,8,[u.ɾi.ka.s͈a.wʌ.ja],[u.ɾi.ga.s͈a.wʌ.ja]
우리가 쌓은,8,[u.ɾi.ka.s͈at̚.ɯn],[u.ɾi.ga.s͈at̚.ɯn]
두려워하지 않죠,8,[tu.ɾjʌ.wʌ.ha.tʃi.an.tʃjo],[du.ɾjʌ.wʌ.ha.dʒi.an.tʃjo]
우리가 아는 모든 것,8,[u.ɾi.ka.a.nɯn.mo.tɯŋ.kʌt̚],[u.ɾi.ga.a.nɯn.mo.dɯn.gʌt̚]
주민들 만나서 얘기 나누고,8,[tʃu.min.tɯl.man.na.sʌ.jɛ.ki.na.nu.ko],[dʒu.min.tɯl.man.na.sʌ.jɛ.gi.na.nu.go]
여기서 나가야 할,8,[jʌ.ki.sʌ.na.ka.ja.hal],[jʌ.gi.sʌ.na.ga.ja.hal]
우리가 아버지의,8,[u.ɾi.ka.a.pʌ.tʃi.ɯi],[u.ɾi.ga.a.bʌ.dʒi.ɯi]
우리가 아이들을,8,[u.ɾi.ka.a.i.tɯl.ɯl],[u.ɾi.ga.a.i.dɯl.ɯl]
우리가 아직 모르는,8,[u.ɾi.ka.a.tʃik̚.mo.ɾɯ.nɯn],[u.ɾi.ga.a.dʒik̚.mo.ɾɯ.nɯn]
우리가 안다는 걸,8,[u.ɾi.ka.an.ta.nɯŋ.kʌl],[u.ɾi.ga.an.ta.nɯn.gʌl]
그레이조이의 함대가,8,[kɯ.ɾe.i.tʃo.i.ɯi.han.tɛ.ka],[gɯ.ɾe.i.dʒo.i.ɯi.han.tɛ.ga]
두렵기 때문이야,8,[tu.ɾjʌp̚.ki.t͈ɛ.mun.i.ja],[du.ɾjʌp̚.ki.t͈ɛ.mun.i.ja]
우리가 알게 된,8,[u.ɾi.ka.al.ke.twen],[u.ɾi.ga.al.ke.dwen]
졌어 내가,8,[tʃjʌt̚.ʌ.nɛ.ka],[dʒjʌt̚.ʌ.nɛ.ga]
우리가 알아내는,8,[u.ɾi.ka.al.a.nɛ.nɯn],[u.ɾi.ga.al.a.nɛ.nɯn]
그레이트 노던,8,[kɯ.ɾe.i.tʰɯ.no.tʌn],[gɯ.ɾe.i.tʰɯ.no.dʌn]
우리가 알아낼 수 있을,8,[u.ɾi.ka.al.a.nɛl.su.it̚.ɯl],[u.ɾi.ga.al.a.nɛl.su.it̚.ɯl]
우리가 알아야 할 게,8,[u.ɾi.ka.al.a.ja.hal.ke],[u.ɾi.ga.al.a.ja.hal.ge]
여기서 나가야만,8,[jʌ.ki.sʌ.na.ka.ja.man],[jʌ.gi.sʌ.na.ga.ja.man]
우리가 애를,8,[u.ɾi.ka.ɛ.ɾɯl],[u.ɾi.ga.ɛ.ɾɯl]
두리와 현우의,8,[tu.ɾi.wa.hjʌn.u.ɯi],[du.ɾi.wa.hjʌn.u.ɯi]
두리의 걱정하는,8,[tu.ɾi.ɯi.kʌk̚.tʃʌŋ.ha.nɯn],[du.ɾi.ɯi.gʌk̚.tʃʌŋ.ha.nɯn]
두리의 비명,8,[tu.ɾi.ɯi.pi.mjʌŋ],[du.ɾi.ɯi.bi.mjʌŋ]
우리가 어디에서 왔는지,8,[u.ɾi.ka.ʌ.ti.e.sʌ.wat̚.nɯn.tʃi],[u.ɾi.ga.ʌ.di.e.sʌ.wat̚.nɯn.tʃi]
그려야 돼,8,[kɯ.ɾjʌ.ja.twɛ],[gɯ.ɾjʌ.ja.dwɛ]
우리가 어떻게 그를,8,[u.ɾi.ka.ʌ.t͈ʌt̚.ke.kɯ.ɾɯl],[u.ɾi.ga.ʌ.t͈ʌt̚.ke.gɯ.ɾɯl]
우리가 어떻게 도울 수,8,[u.ɾi.ka.ʌ.t͈ʌt̚.ke.to.ul.su],[u.ɾi.ga.ʌ.t͈ʌt̚.ke.do.ul.su]
우리가 어떻게 도울,8,[u.ɾi.ka.ʌ.t͈ʌt̚.ke.to.ul],[u.ɾi.ga.ʌ.t͈ʌt̚.ke.do.ul]
그려져 있었어요,8,[kɯ.ɾjʌ.tʃjʌ.it̚.ʌt̚.ʌ.jo],[gɯ.ɾjʌ.dʒjʌ.it̚.ʌt̚.ʌ.jo]
가 줘야,8,[ka.tʃwʌ.ja],[ga.dʒwʌ.ja]
그려줄 수,8,[kɯ.ɾjʌ.tʃul.su],[gɯ.ɾjʌ.dʒul.su]
그렸다 생존자들의 요청으로가명으로,8,[kɯ.ɾjʌt̚.ta.sɛŋ.tʃon.tʃa.tɯl.ɯi.jo.tʃʰʌŋ.ɯ.ɾo.ka.mjʌŋ.ɯ.ɾo],[gɯ.ɾjʌt̚.ta.sɛŋ.dʒon.tʃa.dɯl.ɯi.jo.tʃʰʌŋ.ɯ.ɾo.ga.mjʌŋ.ɯ.ɾo]
우리가 엄청난,8,[u.ɾi.ka.ʌn.tʃʰʌŋ.nan],[u.ɾi.ga.ʌn.tʃʰʌŋ.nan]
우리가 없는 동안,8,[u.ɾi.ka.ʌp̚.nɯn.toŋ.an],[u.ɾi.ga.ʌp̚.nɯn.doŋ.an]
건 알지만 그런,8,[kʌn.al.tʃi.maŋ.kɯ.ɾʌn],[gʌn.al.tʃi.man.gɯ.ɾʌn]
건 알지만 그렇다고,8,[kʌn.al.tʃi.maŋ.kɯ.ɾʌt̚.ta.ko],[gʌn.al.tʃi.man.gɯ.ɾʌt̚.ta.go]
그로 하여금,8,[kɯ.ɾo.ha.jʌ.kɯm],[gɯ.ɾo.ha.jʌ.gɯm]
그 일 있고 나서,8,[kɯ.il.it̚.ko.na.sʌ],[gɯ.il.it̚.ko.na.sʌ]
두명 다,8,[tu.mjʌŋ.ta],[du.mjʌŋ.da]
두명 더,8,[tu.mjʌŋ.tʌ],[du.mjʌŋ.dʌ]
두바이에 있는,8,[tu.pa.i.e.it̚.nɯn],[du.ba.i.e.it̚.nɯn]
우리가 여기 있는 이유야,8,[u.ɾi.ka.jʌ.ki.it̚.nɯn.i.ju.ja],[u.ɾi.ga.jʌ.gi.it̚.nɯn.i.ju.ja]
그로스 씨가,8,[kɯ.ɾo.sɯ.s͈i.ka],[gɯ.ɾo.sɯ.s͈i.ga]
건 알지만 나도,8,[kʌn.al.tʃi.man.na.to],[gʌn.al.tʃi.man.na.do]
우리가 여기에 온,8,[u.ɾi.ka.jʌ.ki.e.on],[u.ɾi.ga.jʌ.gi.e.on]
두번째 A.I. 를,8,[tu.pʌn.tʃ͈ɛ.ɾɯl],[du.bʌn.tʃ͈ɛ.ɾɯl]
우리가 예상했던 것보다,8,[u.ɾi.ka.je.saŋ.hɛt̚.tʌŋ.kʌt̚.po.ta],[u.ɾi.ga.je.saŋ.hɛt̚.tʌn.gʌt̚.po.da]
두산 베어스의,8,[tu.sam.pe.ʌ.sɯ.ɯi],[du.san.be.ʌ.sɯ.ɯi]
두세 개,8,[tu.se.kɛ],[du.se.gɛ]
도시의 가장,8,[to.si.ɯi.ka.tʃaŋ],[do.si.ɯi.ga.dʒaŋ]
우리가 온다고,8,[u.ɾi.ka.on.ta.ko],[u.ɾi.ga.on.ta.go]
우리가 옳다고,8,[u.ɾi.ka.ol.ta.ko],[u.ɾi.ga.ol.ta.go]
도시의 다른,8,[to.si.ɯi.ta.ɾɯn],[do.si.ɯi.da.ɾɯn]
두세 번은,8,[tu.se.pʌn.ɯn],[du.se.bʌn.ɯn]
건 알지만 우리가,8,[kʌn.al.tʃi.man.u.ɾi.ka],[gʌn.al.tʃi.man.u.ɾi.ga]
그룹에 속해,8,[kɯ.ɾup̚.e.sok̚.hɛ],[gɯ.ɾup̚.e.sok̚.hɛ]
우리가 왔어요,8,[u.ɾi.ka.wat̚.ʌ.jo],[u.ɾi.ga.wat̚.ʌ.jo]
우리가 왔으니까,8,[u.ɾi.ka.wat̚.ɯ.ni.k͈a],[u.ɾi.ga.wat̚.ɯ.ni.k͈a]
두셔도 돼요,8,[tu.sjʌ.to.twɛ.jo],[du.sjʌ.do.dwɛ.jo]
그 일과는,8,[kɯ.il.kwa.nɯn],[gɯ.il.kwa.nɯn]
거의 쏠,8,[kʌ.ɯi.s͈ol],[gʌ.ɯi.s͈ol]
주사를 안,8,[tʃu.sa.ɾɯl.an],[dʒu.sa.ɾɯl.an]
네 헛소리를,8,[ne.hʌt̚.so.ɾi.ɾɯl],[ne.hʌt̚.so.ɾi.ɾɯl]
우리가 원하는 걸 얻을,8,[u.ɾi.ka.wʌn.ha.nɯŋ.kʌl.ʌt̚.ɯl],[u.ɾi.ga.wʌn.ha.nɯn.gʌl.ʌt̚.ɯl]
두어 블록,8,[tu.ʌ.pɯl.ɾok̚],[du.ʌ.bɯl.ɾok̚]
우리가 원하지 않는,8,[u.ɾi.ka.wʌn.ha.tʃi.an.nɯn],[u.ɾi.ga.wʌn.ha.dʒi.an.nɯn]
건 알지만 좀,8,[kʌn.al.tʃi.man.tʃom],[gʌn.al.tʃi.man.dʒom]
그를 감시하고,8,[kɯ.ɾɯl.kam.si.ha.ko],[gɯ.ɾɯl.gam.si.ha.go]
두어야 한다,8,[tu.ʌ.ja.han.ta],[du.ʌ.ja.han.ta]
그를 감싸고,8,[kɯ.ɾɯl.kam.s͈a.ko],[gɯ.ɾɯl.gam.s͈a.go]
못할 문제는,8,[mot̚.hal.mun.tʃe.nɯn],[mot̚.hal.mun.tʃe.nɯn]
가 차,8,[ka.tʃʰa],[ga.tʃʰa]
두에인 리드,8,[tu.e.il.li.tɯ],[du.e.il.li.dɯ]
건 알지만 하지만 나는,8,[kʌn.al.tʃi.man.ha.tʃi.man.na.nɯn],[gʌn.al.tʃi.man.ha.dʒi.man.na.nɯn]
우리가 이걸 어떻게,8,[u.ɾi.ka.i.kʌl.ʌ.t͈ʌt̚.ke],[u.ɾi.ga.i.gʌl.ʌ.t͈ʌt̚.ke]
우리가 이걸 할,8,[u.ɾi.ka.i.kʌl.hal],[u.ɾi.ga.i.gʌl.hal]
두영의 아파하는 신음,8,[tu.jʌŋ.ɯi.a.pʰa.ha.nɯn.sin.ɯm],[du.jʌŋ.ɯi.a.pʰa.ha.nɯn.sin.ɯm]
건 알지만 한,8,[kʌn.al.tʃi.man.han],[gʌn.al.tʃi.man.han]
우리가 이긴 거야,8,[u.ɾi.ka.i.kiŋ.kʌ.ja],[u.ɾi.ga.i.gin.gʌ.ja]
건 알지만요,8,[kʌn.al.tʃi.man.jo],[gʌn.al.tʃi.man.jo]
우리가 이러는 게,8,[u.ɾi.ka.i.ɾʌ.nɯŋ.ke],[u.ɾi.ga.i.ɾʌ.nɯn.ge]
두지 않는 거야,8,[tu.tʃi.an.nɯŋ.kʌ.ja],[du.dʒi.an.nɯn.gʌ.ja]
우리가 이미 가지고,8,[u.ɾi.ka.i.mi.ka.tʃi.ko],[u.ɾi.ga.i.mi.ga.dʒi.go]
두지 않았어요,8,[tu.tʃi.an.at̚.ʌ.jo],[du.dʒi.an.at̚.ʌ.jo]
그를 교수형에,8,[kɯ.ɾɯl.kjo.su.hjʌŋ.e],[gɯ.ɾɯl.gjo.su.hjʌŋ.e]
우리가 이해하지 못하는,8,[u.ɾi.ka.i.hɛ.ha.tʃi.mot̚.ha.nɯn],[u.ɾi.ga.i.hɛ.ha.dʒi.mot̚.ha.nɯn]
겪어 보지,8,[kjʌk̚.ʌ.po.tʃi],[gjʌk̚.ʌ.bo.dʒi]
주세요 돈은,8,[tʃu.se.jo.ton.ɯn],[dʒu.se.jo.don.ɯn]
두지 않을거에요,8,[tu.tʃi.an.ɯl.kʌ.e.jo],[du.dʒi.an.ɯl.kʌ.e.jo]
두지 않을게요,8,[tu.tʃi.an.ɯl.ke.jo],[du.dʒi.an.ɯl.ke.jo]
우리가 읽은,8,[u.ɾi.ka.ik̚.ɯn],[u.ɾi.ga.ik̚.ɯn]
건 약간의,8,[kʌn.jak̚.kan.ɯi],[gʌn.jak̚.kan.ɯi]
겪어 본 적이,8,[kjʌk̚.ʌ.pon.tʃʌk̚.i],[gjʌk̚.ʌ.bon.dʒʌk̚.i]
우리가 있고,8,[u.ɾi.ka.it̚.ko],[u.ɾi.ga.it̚.ko]
우리가 있는 걸,8,[u.ɾi.ka.it̚.nɯŋ.kʌl],[u.ɾi.ga.it̚.nɯn.gʌl]
두지는 않을 거야,8,[tu.tʃi.nɯn.an.ɯl.kʌ.ja],[du.dʒi.nɯn.an.ɯl.gʌ.ja]
우리가 있는 곳,8,[u.ɾi.ka.it̚.nɯŋ.kot̚],[u.ɾi.ga.it̚.nɯn.got̚]
두진의 가쁜,8,[tu.tʃin.ɯi.ka.p͈ɯn],[du.dʒin.ɯi.ga.p͈ɯn]
주세요 모든,8,[tʃu.se.jo.mo.tɯn],[dʒu.se.jo.mo.dɯn]
우리가 자길,8,[u.ɾi.ka.tʃa.kil],[u.ɾi.ga.dʒa.gil]
주세요 뭔가,8,[tʃu.se.jo.mwʌŋ.ka],[dʒu.se.jo.mwʌŋ.ka]
우리가 잠시,8,[u.ɾi.ka.tʃam.si],[u.ɾi.ga.dʒam.si]
주세요 벌써,8,[tʃu.se.jo.pʌl.s͈ʌ],[dʒu.se.jo.bʌl.s͈ʌ]
우리가 잡고,8,[u.ɾi.ka.tʃap̚.ko],[u.ɾi.ga.dʒap̚.ko]
우리가 잡을 수,8,[u.ɾi.ka.tʃap̚.ɯl.su],[u.ɾi.ga.dʒap̚.ɯl.su]
둔 게 있어,8,[tuŋ.ke.it̚.ʌ],[dun.ge.it̚.ʌ]
못할 짓이야,8,[mot̚.hal.tʃit̚.i.ja],[mot̚.hal.dʒit̚.i.ja]
그를 꺼내야,8,[kɯ.ɾɯl.k͈ʌ.nɛ.ja],[gɯ.ɾɯl.k͈ʌ.nɛ.ja]
그를 꺼내야 해,8,[kɯ.ɾɯl.k͈ʌ.nɛ.ja.hɛ],[gɯ.ɾɯl.k͈ʌ.nɛ.ja.hɛ]
우리가 저번에,8,[u.ɾi.ka.tʃʌ.pʌn.e],[u.ɾi.ga.dʒʌ.bʌn.e]
그를 끌어낼,8,[kɯ.ɾɯl.k͈ɯl.ʌ.nɛl],[gɯ.ɾɯl.k͈ɯl.ʌ.nɛl]
건 어디서 배웠어요,8,[kʌn.ʌ.ti.sʌ.pɛ.wʌt̚.ʌ.jo],[gʌn.ʌ.di.sʌ.bɛ.wʌt̚.ʌ.jo]
둔기 외상으로,8,[tuŋ.ki.we.saŋ.ɯ.ɾo],[duŋ.ki.we.saŋ.ɯ.ɾo]
우리가 제공한,8,[u.ɾi.ka.tʃe.koŋ.han],[u.ɾi.ga.dʒe.goŋ.han]
우리가 제공할 수,8,[u.ɾi.ka.tʃe.koŋ.hal.su],[u.ɾi.ga.dʒe.goŋ.hal.su]
둘 거고,8,[tul.kʌ.ko],[dul.gʌ.go]
우리가 주의를,8,[u.ɾi.ka.tʃu.ɯi.ɾɯl],[u.ɾi.ga.dʒu.ɯi.ɾɯl]
둘 게 있어요,8,[tul.ke.it̚.ʌ.jo],[dul.ge.it̚.ʌ.jo]
우리가 죽음의,8,[u.ɾi.ka.tʃuk̚.ɯm.ɯi],[u.ɾi.ga.dʒuk̚.ɯm.ɯi]
둘 그리고,8,[tul.kɯ.ɾi.ko],[dul.gɯ.ɾi.go]
둘 낳고,8,[tul.lat̚.ko],[dul.lat̚.ko]
둘 다 각자의,8,[tul.ta.kak̚.tʃa.ɯi],[dul.da.gak̚.tʃa.ɯi]
우리가 지금 하고,8,[u.ɾi.ka.tʃi.kɯm.ha.ko],[u.ɾi.ga.dʒi.gɯm.ha.go]
가 허드슨,8,[ka.hʌ.tɯ.sɯn],[ga.hʌ.dɯ.sɯn]
주세요 어서요,8,[tʃu.se.jo.ʌ.sʌ.jo],[dʒu.se.jo.ʌ.sʌ.jo]
둘 다 갖고,8,[tul.ta.kat̚.ko],[dul.da.gat̚.ko]
우리가 지낼,8,[u.ɾi.ka.tʃi.nɛl],[u.ɾi.ga.dʒi.nɛl]
우리가 지역,8,[u.ɾi.ka.tʃi.jʌk̚],[u.ɾi.ga.dʒi.jʌk̚]
우리가 지키는,8,[u.ɾi.ka.tʃi.kʰi.nɯn],[u.ɾi.ga.dʒi.kʰi.nɯn]
못해 그러니까,8,[mot̚.hɛ.kɯ.ɾʌ.ni.k͈a],[mot̚.hɛ.gɯ.ɾʌ.ni.k͈a]
우리가 질문을,8,[u.ɾi.ka.tʃil.mun.ɯl],[u.ɾi.ga.dʒil.mun.ɯl]
건 어떻게 아세요,8,[kʌn.ʌ.t͈ʌt̚.ke.a.se.jo],[gʌn.ʌ.t͈ʌt̚.ke.a.se.jo]
우리가 쫓고 있는,8,[u.ɾi.ka.tʃ͈ot̚.ko.it̚.nɯn],[u.ɾi.ga.tʃ͈ot̚.ko.it̚.nɯn]
둘 다 그런 것,8,[tul.ta.kɯ.ɾʌŋ.kʌt̚],[dul.da.gɯ.ɾʌn.gʌt̚]
그를 데려가지,8,[kɯ.ɾɯl.te.ɾjʌ.ka.tʃi],[gɯ.ɾɯl.de.ɾjʌ.ga.dʒi]
우리가 찾길,8,[u.ɾi.ka.tʃʰat̚.kil],[u.ɾi.ga.tʃʰat̚.kil]
우리가 찾아야 해요,8,[u.ɾi.ka.tʃʰat̚.a.ja.hɛ.jo],[u.ɾi.ga.tʃʰat̚.a.ja.hɛ.jo]
둘 다 난,8,[tul.ta.nan],[dul.da.nan]
그를 데려오지,8,[kɯ.ɾɯl.te.ɾjʌ.o.tʃi],[gɯ.ɾɯl.de.ɾjʌ.o.dʒi]
가 흐느낀다,8,[ka.hɯ.nɯ.k͈in.ta],[ga.hɯ.nɯ.k͈in.ta]
그를 데려온,8,[kɯ.ɾɯl.te.ɾjʌ.on],[gɯ.ɾɯl.de.ɾjʌ.on]
우리가 찾을게,8,[u.ɾi.ka.tʃʰat̚.ɯl.ke],[u.ɾi.ga.tʃʰat̚.ɯl.ke]
둘 다 널,8,[tul.ta.nʌl],[dul.da.nʌl]
가거나 아니면,8,[ka.kʌ.na.a.ni.mjʌn],[ga.gʌ.na.a.ni.mjʌn]
우리가 책임져야,8,[u.ɾi.ka.tʃʰɛk̚.in.tʃjʌ.ja],[u.ɾi.ga.tʃʰɛk̚.in.tʃjʌ.ja]
우리가 총에,8,[u.ɾi.ka.tʃʰoŋ.e],[u.ɾi.ga.tʃʰoŋ.e]
네 힘의,8,[ne.him.ɯi],[ne.him.ɯi]
우리가 추적할 수,8,[u.ɾi.ka.tʃʰu.tʃʌk̚.hal.su],[u.ɾi.ga.tʃʰu.dʒʌk̚.hal.su]
우리가 추측할 수,8,[u.ɾi.ka.tʃʰu.tʃʰɯk̚.hal.su],[u.ɾi.ga.tʃʰu.tʃʰɯk̚.hal.su]
건 어떻니,8,[kʌn.ʌ.t͈ʌt̚.ni],[gʌn.ʌ.t͈ʌt̚.ni]
우리가 치료한 게,8,[u.ɾi.ka.tʃʰi.ɾjo.haŋ.ke],[u.ɾi.ga.tʃʰi.ɾjo.han.ge]
둘 다 무사해,8,[tul.ta.mu.sa.hɛ],[dul.da.mu.sa.hɛ]
우리가 친구가 될 수,8,[u.ɾi.ka.tʃʰiŋ.ku.ka.twel.su],[u.ɾi.ga.tʃʰiŋ.ku.ga.dwel.su]
우리가 친구라는,8,[u.ɾi.ka.tʃʰiŋ.ku.ɾa.nɯn],[u.ɾi.ga.tʃʰiŋ.ku.ɾa.nɯn]
못해 만약 내가,8,[mot̚.hɛ.man.jak̚.nɛ.ka],[mot̚.hɛ.man.jak̚.nɛ.ga]
건 어려울,8,[kʌn.ʌ.ɾjʌ.ul],[gʌn.ʌ.ɾjʌ.ul]
버는 데,8,[pʌ.nɯn.te],[bʌ.nɯn.de]
우리가 탈,8,[u.ɾi.ka.tʰal],[u.ɾi.ga.tʰal]
둘 다 새로운,8,[tul.ta.sɛ.ɾo.un],[dul.da.sɛ.ɾo.un]
우리가 틀렸어요,8,[u.ɾi.ka.tʰɯl.ɾjʌt̚.ʌ.jo],[u.ɾi.ga.tʰɯl.ɾjʌt̚.ʌ.jo]
여기서 무엇을 하고,8,[jʌ.ki.sʌ.mu.ʌt̚.ɯl.ha.ko],[jʌ.gi.sʌ.mu.ʌt̚.ɯl.ha.go]
나쁜 놈한테,8,[na.p͈ɯn.nom.han.tʰe],[na.p͈ɯn.nom.han.tʰe]
주셔서 감사하고,8,[tʃu.sjʌ.sʌ.kam.sa.ha.ko],[dʒu.sjʌ.sʌ.gam.sa.ha.go]
우리가 평소에,8,[u.ɾi.ka.pʰjʌŋ.so.e],[u.ɾi.ga.pʰjʌŋ.so.e]
우리가 풀어야,8,[u.ɾi.ka.pʰul.ʌ.ja],[u.ɾi.ga.pʰul.ʌ.ja]
우리가 필요하지,8,[u.ɾi.ka.pʰil.jo.ha.tʃi],[u.ɾi.ga.pʰil.jo.ha.dʒi]
둘 다 안녕,8,[tul.ta.an.njʌŋ],[dul.da.an.njʌŋ]
우리가 필요할 때,8,[u.ɾi.ka.pʰil.jo.hal.t͈ɛ],[u.ɾi.ga.pʰil.jo.hal.t͈ɛ]
가게 난,8,[ka.ke.nan],[ga.ge.nan]
주셔서 감사했어요,8,[tʃu.sjʌ.sʌ.kam.sa.hɛt̚.ʌ.jo],[dʒu.sjʌ.sʌ.gam.sa.hɛt̚.ʌ.jo]
home to you,8,,
못해 여기,8,[mot̚.hɛ.jʌ.ki],[mot̚.hɛ.jʌ.gi]
우리가 하는 말을,8,[u.ɾi.ka.ha.nɯn.mal.ɯl],[u.ɾi.ga.ha.nɯn.mal.ɯl]
우리가 하는 일이지,8,[u.ɾi.ka.ha.nɯn.il.i.tʃi],[u.ɾi.ga.ha.nɯn.il.i.dʒi]
우리가 하죠,8,[u.ɾi.ka.ha.tʃjo],[u.ɾi.ga.ha.dʒjo]
주셔서 정말 기뻐요,8,[tʃu.sjʌ.sʌ.tʃʌŋ.mal.ki.p͈ʌ.jo],[dʒu.sjʌ.sʌ.dʒʌŋ.mal.gi.p͈ʌ.jo]
그를 들여보내라,8,[kɯ.ɾɯl.tɯl.jʌ.po.nɛ.ɾa],[gɯ.ɾɯl.dɯl.jʌ.bo.nɛ.ɾa]
둘 다 완전히,8,[tul.ta.wan.tʃʌn.hi],[dul.da.wan.tʃʌn.hi]
도와달라는 거야,8,[to.wa.tal.ɾa.nɯŋ.kʌ.ja],[do.wa.dal.ɾa.nɯn.gʌ.ja]
home tonight,8,,
못해 전,8,[mot̚.hɛ.tʃʌn],[mot̚.hɛ.dʒʌn]
둘 다 원하는 걸,8,[tul.ta.wʌn.ha.nɯŋ.kʌl],[dul.da.wʌn.ha.nɯn.gʌl]
둘 다 원해,8,[tul.ta.wʌn.hɛ],[dul.da.wʌn.hɛ]
우리가 할 수 없다고,8,[u.ɾi.ka.hal.su.ʌp̚.ta.ko],[u.ɾi.ga.hal.su.ʌp̚.ta.go]
둘 다 이리,8,[tul.ta.i.ɾi],[dul.da.i.ɾi]
우리가 할 일이죠,8,[u.ɾi.ka.hal.il.i.tʃjo],[u.ɾi.ga.hal.il.i.dʒjo]
둘 다 있어요,8,[tul.ta.it̚.ʌ.jo],[dul.da.it̚.ʌ.jo]
그를 떠났다,8,[kɯ.ɾɯl.t͈ʌ.nat̚.ta],[gɯ.ɾɯl.t͈ʌ.nat̚.ta]
우리가 해 온,8,[u.ɾi.ka.hɛ.on],[u.ɾi.ga.hɛ.on]
우리가 해 줄,8,[u.ɾi.ka.hɛ.tʃul],[u.ɾi.ga.hɛ.dʒul]
가게 놔뒀어요,8,[ka.ke.nwa.twʌt̚.ʌ.jo],[ga.ge.nwa.dwʌt̚.ʌ.jo]
우리가 해결할거야,8,[u.ɾi.ka.hɛ.kjʌl.hal.kʌ.ja],[u.ɾi.ga.hɛ.gjʌl.hal.kʌ.ja]
그를 막아야만,8,[kɯ.ɾɯl.mak̚.a.ja.man],[gɯ.ɾɯl.mak̚.a.ja.man]
가게 놔주질 않아,8,[ka.ke.nwa.tʃu.tʃil.an.a],[ga.ge.nwa.dʒu.dʒil.an.a]
우리가 해낼 수 있을까,8,[u.ɾi.ka.hɛ.nɛl.su.it̚.ɯl.k͈a],[u.ɾi.ga.hɛ.nɛl.su.it̚.ɯl.k͈a]
둘 다 죽을 수도,8,[tul.ta.tʃuk̚.ɯl.su.to],[dul.da.dʒuk̚.ɯl.su.do]
둘 다 죽일거야,8,[tul.ta.tʃuk̚.il.kʌ.ja],[dul.da.dʒuk̚.il.kʌ.ja]
건 얼마든지,8,[kʌn.ʌl.ma.tɯn.tʃi],[gʌn.ʌl.ma.dɯn.tʃi]
우리가 해야 할 일이야,8,[u.ɾi.ka.hɛ.ja.hal.il.i.ja],[u.ɾi.ga.hɛ.ja.hal.il.i.ja]
우리가 해야지,8,[u.ɾi.ka.hɛ.ja.tʃi],[u.ɾi.ga.hɛ.ja.dʒi]
우리가 해야만 하는,8,[u.ɾi.ka.hɛ.ja.man.ha.nɯn],[u.ɾi.ga.hɛ.ja.man.ha.nɯn]
둘 다 진짜,8,[tul.ta.tʃin.tʃ͈a],[dul.da.dʒin.tʃ͈a]
가게 놔주질,8,[ka.ke.nwa.tʃu.tʃil],[ga.ge.nwa.dʒu.dʒil]
우리가 해줄 수,8,[u.ɾi.ka.hɛ.tʃul.su],[u.ɾi.ga.hɛ.dʒul.su]
둘 다 총을,8,[tul.ta.tʃʰoŋ.ɯl],[dul.da.tʃʰoŋ.ɯl]
둘 다 취해서,8,[tul.ta.tʃʰwi.hɛ.sʌ],[dul.da.tʃʰwi.hɛ.sʌ]
우리가 헤어지기,8,[u.ɾi.ka.he.ʌ.tʃi.ki],[u.ɾi.ga.he.ʌ.dʒi.gi]
우리가 현장에,8,[u.ɾi.ka.hjʌn.tʃaŋ.e],[u.ɾi.ga.hjʌn.tʃaŋ.e]
둘 다 하면 안,8,[tul.ta.ha.mjʌn.an],[dul.da.ha.mjʌn.an]
우리가 협력하면,8,[u.ɾi.ka.hjʌp̚.ɾjʌk̚.ha.mjʌn],[u.ɾi.ga.hjʌp̚.ɾjʌk̚.ha.mjʌn]
못해서 죄송합니다,8,[mot̚.hɛ.sʌ.tʃwe.soŋ.hap̚.ni.ta],[mot̚.hɛ.sʌ.dʒwe.soŋ.hap̚.ni.da]
우리가 혹시,8,[u.ɾi.ka.hok̚.si],[u.ɾi.ga.hok̚.si]
우리가 혼자가 아니라는,8,[u.ɾi.ka.hon.tʃa.ka.a.ni.ɾa.nɯn],[u.ɾi.ga.hon.tʃa.ga.a.ni.ɾa.nɯn]
둘 다 해,8,[tul.ta.hɛ],[dul.da.hɛ]
honor to,8,,
가게 됐고 사랑하는,8,[ka.ke.twɛt̚.ko.sa.ɾaŋ.ha.nɯn],[ga.ge.dwɛt̚.ko.sa.ɾaŋ.ha.nɯn]
둘 다거나,8,[tul.ta.kʌ.na],[dul.da.gʌ.na]
우리가 힘들게,8,[u.ɾi.ka.hin.tɯl.ke],[u.ɾi.ga.hin.tɯl.ke]
둘 다겠지,8,[tul.ta.ket̚.tʃi],[dul.da.get̚.tʃi]
둘 다는 안,8,[tul.ta.nɯn.an],[dul.da.nɯn.an]
가게 됐고 사랑하는 여자가,8,[ka.ke.twɛt̚.ko.sa.ɾaŋ.ha.nɯn.jʌ.tʃa.ka],[ga.ge.dwɛt̚.ko.sa.ɾaŋ.ha.nɯn.jʌ.dʒa.ga]
우리같은 사람들을,8,[u.ɾi.kat̚.ɯn.sa.ɾan.tɯl.ɯl],[u.ɾi.gat̚.ɯn.sa.ɾan.tɯl.ɯl]
둘 다를 위해,8,[tul.ta.ɾɯl.wi.hɛ],[dul.da.ɾɯl.wi.hɛ]
우리끼리 비밀로 하자,8,[u.ɾi.k͈i.ɾi.pi.mil.ɾo.ha.tʃa],[u.ɾi.k͈i.ɾi.bi.mil.ɾo.ha.dʒa]
우리끼리 얘기인데,8,[u.ɾi.k͈i.ɾi.jɛ.ki.in.te],[u.ɾi.k͈i.ɾi.jɛ.gi.in.te]
못해요 나,8,[mot̚.hɛ.jo.na],[mot̚.hɛ.jo.na]
둘 다의,8,[tul.ta.ɯi],[dul.da.ɯi]
그를 만질,8,[kɯ.ɾɯl.man.tʃil],[gɯ.ɾɯl.man.tʃil]
둘 다일 수도 있지,8,[tul.ta.il.su.to.it̚.tʃi],[dul.da.il.su.do.it̚.tʃi]
우리끼리만 알고 있으면,8,[u.ɾi.k͈i.ɾi.man.al.ko.it̚.ɯ.mjʌn],[u.ɾi.k͈i.ɾi.man.al.ko.it̚.ɯ.mjʌn]
우리나라에서 제일,8,[u.ɾi.na.ɾa.e.sʌ.tʃe.il],[u.ɾi.na.ɾa.e.sʌ.dʒe.il]
hope not,8,,
가게 됐습니다,8,[ka.ke.twɛt̚.sɯp̚.ni.ta],[ga.ge.dwɛt̚.sɯp̚.ni.da]
우리는 가지고 있지 않다,8,[u.ɾi.nɯŋ.ka.tʃi.ko.it̚.tʃi.an.ta],[u.ɾi.nɯn.ga.dʒi.go.it̚.tʃi.an.ta]
둘 모두와,8,[tul.mo.tu.wa],[dul.mo.du.wa]
우리는 갇혔다,8,[u.ɾi.nɯŋ.kat̚.hjʌt̚.ta],[u.ɾi.nɯn.gat̚.hjʌt̚.ta]
필요해요 lrm,8,[pʰil.jo.hɛ.jo],[pʰil.jo.hɛ.jo]
둘 바를 모르겠네요,8,[tul.pa.ɾɯl.mo.ɾɯ.ket̚.ne.jo],[dul.ba.ɾɯl.mo.ɾɯ.get̚.ne.jo]
가게 됐잖아요,8,[ka.ke.twɛt̚.tʃan.a.jo],[ga.ge.dwɛt̚.tʃan.a.jo]
그를 믿나,8,[kɯ.ɾɯl.mit̚.na],[gɯ.ɾɯl.mit̚.na]
your heart a break,8,,
우리는 결혼을,8,[u.ɾi.nɯŋ.kjʌl.hon.ɯl],[u.ɾi.nɯn.gjʌl.hon.ɯl]
You belong,8,,
우리는 고려해야,8,[u.ɾi.nɯŋ.ko.ɾjʌ.hɛ.ja],[u.ɾi.nɯn.go.ɾjʌ.hɛ.ja]
우리는 고통을,8,[u.ɾi.nɯŋ.ko.tʰoŋ.ɯl],[u.ɾi.nɯn.go.tʰoŋ.ɯl]
둘 생각은,8,[tul.sɛŋ.kak̚.ɯn],[dul.sɛŋ.gak̚.ɯn]
그를 믿으면,8,[kɯ.ɾɯl.mit̚.ɯ.mjʌn],[gɯ.ɾɯl.mit̚.ɯ.mjʌn]
둘 생각이야,8,[tul.sɛŋ.kak̚.i.ja],[dul.sɛŋ.gak̚.i.ja]
둘 셋 하나 둘,8,[tul.set̚.ha.na.tul],[dul.set̚.ha.na.dul]
가게 되고,8,[ka.ke.twe.ko],[ga.ge.dwe.go]
우리는 그 이유를,8,[u.ɾi.nɯŋ.kɯ.i.ju.ɾɯl],[u.ɾi.nɯn.gɯ.i.ju.ɾɯl]
둘 수 없어서,8,[tul.su.ʌp̚.ʌ.sʌ],[dul.su.ʌp̚.ʌ.sʌ]
You belong to,8,,
그를 믿지 않아요,8,[kɯ.ɾɯl.mit̚.tʃi.an.a.jo],[gɯ.ɾɯl.mit̚.tʃi.an.a.jo]
못해요 제가,8,[mot̚.hɛ.jo.tʃe.ka],[mot̚.hɛ.jo.dʒe.ga]
건 없던,8,[kʌn.ʌp̚.tʌn],[gʌn.ʌp̚.tʌn]
우리는 그것을 어떻게,8,[u.ɾi.nɯŋ.kɯ.kʌt̚.ɯl.ʌ.t͈ʌt̚.ke],[u.ɾi.nɯn.gɯ.gʌt̚.ɯl.ʌ.t͈ʌt̚.ke]
우리는 그냥 할,8,[u.ɾi.nɯŋ.kɯ.njaŋ.hal],[u.ɾi.nɯn.gɯ.njaŋ.hal]
우리는 그냥 할 수,8,[u.ɾi.nɯŋ.kɯ.njaŋ.hal.su],[u.ɾi.nɯn.gɯ.njaŋ.hal.su]
그를 밖으로 내,8,[kɯ.ɾɯl.pak̚.ɯ.ɾo.nɛ],[gɯ.ɾɯl.bak̚.ɯ.ɾo.nɛ]
우리는 그들보다,8,[u.ɾi.nɯŋ.kɯ.tɯl.po.ta],[u.ɾi.nɯn.gɯ.dɯl.po.da]
우리는 그들을 찾을,8,[u.ɾi.nɯŋ.kɯ.tɯl.ɯl.tʃʰat̚.ɯl],[u.ɾi.nɯn.gɯ.dɯl.ɯl.tʃʰat̚.ɯl]
우리는 그럭저럭,8,[u.ɾi.nɯŋ.kɯ.ɾʌk̚.tʃʌ.ɾʌk̚],[u.ɾi.nɯn.gɯ.ɾʌk̚.tʃʌ.ɾʌk̚]
우리는 그럴 것이다,8,[u.ɾi.nɯŋ.kɯ.ɾʌl.kʌt̚.i.ta],[u.ɾi.nɯn.gɯ.ɾʌl.gʌt̚.i.da]
그를 발견했을,8,[kɯ.ɾɯl.pal.kjʌn.hɛt̚.ɯl],[gɯ.ɾɯl.bal.kjʌn.hɛt̚.ɯl]
우리는 그렇다,8,[u.ɾi.nɯŋ.kɯ.ɾʌt̚.ta],[u.ɾi.nɯn.gɯ.ɾʌt̚.ta]
나한테 묻는다면,8,[na.han.tʰe.mut̚.nɯn.ta.mjʌn],[na.han.tʰe.mut̚.nɯn.ta.mjʌn]
우리는 그렇지 않다 하지만,8,[u.ɾi.nɯŋ.kɯ.ɾʌt̚.tʃi.an.ta.ha.tʃi.man],[u.ɾi.nɯn.gɯ.ɾʌt̚.tʃi.an.ta.ha.dʒi.man]
둘 여기서,8,[tul.jʌ.ki.sʌ],[dul.jʌ.gi.sʌ]
우리는 그를 데리고,8,[u.ɾi.nɯŋ.kɯ.ɾɯl.te.ɾi.ko],[u.ɾi.nɯn.gɯ.ɾɯl.de.ɾi.go]
둘 이,8,[tul.i],[dul.i]
그를 버렸어,8,[kɯ.ɾɯl.pʌ.ɾjʌt̚.ʌ],[gɯ.ɾɯl.bʌ.ɾjʌt̚.ʌ]
그를 버리고,8,[kɯ.ɾɯl.pʌ.ɾi.ko],[gɯ.ɾɯl.bʌ.ɾi.go]
우리는 기다려야,8,[u.ɾi.nɯŋ.ki.ta.ɾjʌ.ja],[u.ɾi.nɯn.gi.da.ɾjʌ.ja]
그를 보게,8,[kɯ.ɾɯl.po.ke],[gɯ.ɾɯl.bo.ge]
우리는 나가서,8,[u.ɾi.nɯn.na.ka.sʌ],[u.ɾi.nɯn.na.ga.sʌ]
우리는 끝장이야,8,[u.ɾi.nɯŋ.k͈ɯt̚.tʃaŋ.i.ja],[u.ɾi.nɯŋ.k͈ɯt̚.tʃaŋ.i.ja]
건 없어 나도,8,[kʌn.ʌp̚.ʌ.na.to],[gʌn.ʌp̚.ʌ.na.do]
우리는 노력하고,8,[u.ɾi.nɯn.no.ɾjʌk̚.ha.ko],[u.ɾi.nɯn.no.ɾjʌk̚.ha.go]
그를 보호하는,8,[kɯ.ɾɯl.po.ho.ha.nɯn],[gɯ.ɾɯl.bo.ho.ha.nɯn]
그런 일 절대,8,[kɯ.ɾʌn.il.tʃʌl.tɛ],[gɯ.ɾʌn.il.dʒʌl.tɛ]
둘 중에 누가 더,8,[tul.tʃuŋ.e.nu.ka.tʌ],[dul.dʒuŋ.e.nu.ga.dʌ]
우리는 답을,8,[u.ɾi.nɯn.tap̚.ɯl],[u.ɾi.nɯn.dap̚.ɯl]
우리는 당신을 위해,8,[u.ɾi.nɯn.taŋ.sin.ɯl.wi.hɛ],[u.ɾi.nɯn.daŋ.sin.ɯl.wi.hɛ]
둘 중에 하나,8,[tul.tʃuŋ.e.ha.na],[dul.dʒuŋ.e.ha.na]
그를 보호해야,8,[kɯ.ɾɯl.po.ho.hɛ.ja],[gɯ.ɾɯl.bo.ho.hɛ.ja]
둘 중에 하나만,8,[tul.tʃuŋ.e.ha.na.man],[dul.dʒuŋ.e.ha.na.man]
도와주기로 했잖아,8,[to.wa.tʃu.ki.ɾo.hɛt̚.tʃan.a],[do.wa.dʒu.gi.ɾo.hɛt̚.tʃan.a]
가게 될 거다,8,[ka.ke.twel.kʌ.ta],[ga.ge.dwel.gʌ.da]
우리는 동의했다,8,[u.ɾi.nɯn.toŋ.ɯi.hɛt̚.ta],[u.ɾi.nɯn.doŋ.ɯi.hɛt̚.ta]
우리는 될 수,8,[u.ɾi.nɯn.twel.su],[u.ɾi.nɯn.dwel.su]
둘 필요는,8,[tul.pʰil.jo.nɯn],[dul.pʰil.jo.nɯn]
우리는 둘다,8,[u.ɾi.nɯn.tul.ta],[u.ɾi.nɯn.dul.ta]
우리는 뒤에,8,[u.ɾi.nɯn.twi.e],[u.ɾi.nɯn.dwi.e]
우리는 들어갈,8,[u.ɾi.nɯn.tɯl.ʌ.kal],[u.ɾi.nɯn.dɯl.ʌ.gal]
둘다 내가,8,[tul.ta.nɛ.ka],[dul.ta.nɛ.ga]
그런 일만,8,[kɯ.ɾʌn.il.man],[gɯ.ɾʌn.il.man]
우리는 마지막,8,[u.ɾi.nɯn.ma.tʃi.mak̚],[u.ɾi.nɯn.ma.dʒi.mak̚]
우리는 마치,8,[u.ɾi.nɯn.ma.tʃʰi],[u.ɾi.nɯn.ma.tʃʰi]
둘러 보세요,8,[tul.ɾʌ.po.se.jo],[dul.ɾʌ.bo.se.jo]
우리는 많은 시간을,8,[u.ɾi.nɯn.man.ɯn.si.kan.ɯl],[u.ɾi.nɯn.man.ɯn.si.gan.ɯl]
둘러 싸여,8,[tul.ɾʌ.s͈a.jʌ],[dul.ɾʌ.s͈a.jʌ]
우리는 말을,8,[u.ɾi.nɯn.mal.ɯl],[u.ɾi.nɯn.mal.ɯl]
건 없어요 그건,8,[kʌn.ʌp̚.ʌ.jo.kɯ.kʌn],[gʌn.ʌp̚.ʌ.jo.gɯ.gʌn]
우리는 모릅니다,8,[u.ɾi.nɯn.mo.ɾɯp̚.ni.ta],[u.ɾi.nɯn.mo.ɾɯp̚.ni.da]
그를 비난할,8,[kɯ.ɾɯl.pi.nan.hal],[gɯ.ɾɯl.bi.nan.hal]
둘러싸여 있어요,8,[tul.ɾʌ.s͈a.jʌ.it̚.ʌ.jo],[dul.ɾʌ.s͈a.jʌ.it̚.ʌ.jo]
그를 사라지게,8,[kɯ.ɾɯl.sa.ɾa.tʃi.ke],[gɯ.ɾɯl.sa.ɾa.dʒi.ge]
둘리 국장님,8,[tul.ɾi.kuk̚.tʃaŋ.nim],[dul.ɾi.guk̚.tʃaŋ.nim]
주십시오 전,8,[tʃu.sip̚.si.o.tʃʌn],[dʒu.sip̚.si.o.dʒʌn]
I''m so proud,8,,
우리는 미래를,8,[u.ɾi.nɯn.mi.ɾɛ.ɾɯl],[u.ɾi.nɯn.mi.ɾɛ.ɾɯl]
주십시오 이것만 있으면 자유,8,[tʃu.sip̚.si.o.i.kʌt̚.man.it̚.ɯ.mjʌn.tʃa.ju],[dʒu.sip̚.si.o.i.gʌt̚.man.it̚.ɯ.mjʌn.dʒa.ju]
못했어 나도,8,[mot̚.hɛt̚.ʌ.na.to],[mot̚.hɛt̚.ʌ.na.do]
가게 될지도,8,[ka.ke.twel.tʃi.to],[ga.ge.dwel.tʃi.do]
둘만 있을 수,8,[tul.man.it̚.ɯl.su],[dul.man.it̚.ɯl.su]
둘만 한,8,[tul.man.han],[dul.man.han]
둘만의 시간,8,[tul.man.ɯi.si.kan],[dul.man.ɯi.si.gan]
우리는 보고,8,[u.ɾi.nɯm.po.ko],[u.ɾi.nɯn.bo.go]
우리는 본다,8,[u.ɾi.nɯm.pon.ta],[u.ɾi.nɯn.bon.ta]
그를 살려,8,[kɯ.ɾɯl.sal.ɾjʌ],[gɯ.ɾɯl.sal.ɾjʌ]
우리는 불을,8,[u.ɾi.nɯm.pul.ɯl],[u.ɾi.nɯn.bul.ɯl]
우리는 사람들에게,8,[u.ɾi.nɯn.sa.ɾan.tɯl.e.ke],[u.ɾi.nɯn.sa.ɾan.tɯl.e.ge]
우리는 사실상,8,[u.ɾi.nɯn.sa.sil.saŋ],[u.ɾi.nɯn.sa.sil.saŋ]
둘은 계속,8,[tul.ɯŋ.kje.sok̚],[dul.ɯn.gje.sok̚]
그를 생각나게,8,[kɯ.ɾɯl.sɛŋ.kak̚.na.ke],[gɯ.ɾɯl.sɛŋ.gak̚.na.ge]
둘은 나가,8,[tul.ɯn.na.ka],[dul.ɯn.na.ga]
우리는 새로운 전략이,8,[u.ɾi.nɯn.sɛ.ɾo.un.tʃʌl.ljak̚.i],[u.ɾi.nɯn.sɛ.ɾo.un.dʒʌl.ljak̚.i]
우리는 새로운 전략이 필요하다,8,[u.ɾi.nɯn.sɛ.ɾo.un.tʃʌl.ljak̚.i.pʰil.jo.ha.ta],[u.ɾi.nɯn.sɛ.ɾo.un.dʒʌl.ljak̚.i.pʰil.jo.ha.da]
우리는 생각하고,8,[u.ɾi.nɯn.sɛŋ.kak̚.ha.ko],[u.ɾi.nɯn.sɛŋ.gak̚.ha.go]
우리는 생명을,8,[u.ɾi.nɯn.sɛŋ.mjʌŋ.ɯl],[u.ɾi.nɯn.sɛŋ.mjʌŋ.ɯl]
우리는 서둘러,8,[u.ɾi.nɯn.sʌ.tul.ɾʌ],[u.ɾi.nɯn.sʌ.dul.ɾʌ]
그를 설득해야,8,[kɯ.ɾɯl.sʌl.tɯk̚.hɛ.ja],[gɯ.ɾɯl.sʌl.tɯk̚.hɛ.ja]
우리는 서로를 잘,8,[u.ɾi.nɯn.sʌ.ɾo.ɾɯl.tʃal],[u.ɾi.nɯn.sʌ.ɾo.ɾɯl.dʒal]
우리는 세계,8,[u.ɾi.nɯn.se.kje],[u.ɾi.nɯn.se.gje]
겪을 수도,8,[kjʌk̚.ɯl.su.to],[gjʌk̚.ɯl.su.do]
우리는 시간을 여행하며 타임,8,[u.ɾi.nɯn.si.kan.ɯl.jʌ.hɛŋ.ha.mjʌ.tʰa.im],[u.ɾi.nɯn.si.gan.ɯl.jʌ.hɛŋ.ha.mjʌ.tʰa.im]
우리는 시간을 여행하며,8,[u.ɾi.nɯn.si.kan.ɯl.jʌ.hɛŋ.ha.mjʌ],[u.ɾi.nɯn.si.gan.ɯl.jʌ.hɛŋ.ha.mjʌ]
둘은 여전히,8,[tul.ɯn.jʌ.tʃʌn.hi],[dul.ɯn.jʌ.dʒʌn.hi]
그를 쓰러뜨려라,8,[kɯ.ɾɯl.s͈ɯ.ɾʌ.t͈ɯ.ɾjʌ.ɾa],[gɯ.ɾɯl.s͈ɯ.ɾʌ.t͈ɯ.ɾjʌ.ɾa]
우리는 실제,8,[u.ɾi.nɯn.sil.tʃe],[u.ɾi.nɯn.sil.tʃe]
그를 아세요,8,[kɯ.ɾɯl.a.se.jo],[gɯ.ɾɯl.a.se.jo]
둘은 한,8,[tul.ɯn.han],[dul.ɯn.han]
우리는 아직 모른다,8,[u.ɾi.nɯn.a.tʃik̚.mo.ɾɯn.ta],[u.ɾi.nɯn.a.dʒik̚.mo.ɾɯn.ta]
건 없을 것,8,[kʌn.ʌp̚.ɯl.kʌt̚],[gʌn.ʌp̚.ɯl.gʌt̚]
우리는 알아내야 한다,8,[u.ɾi.nɯn.al.a.nɛ.ja.han.ta],[u.ɾi.nɯn.al.a.nɛ.ja.han.ta]
둘을 모두,8,[tul.ɯl.mo.tu],[dul.ɯl.mo.du]
둘을 잘,8,[tul.ɯl.tʃal],[dul.ɯl.dʒal]
둘을 죽였어요,8,[tul.ɯl.tʃuk̚.jʌt̚.ʌ.jo],[dul.ɯl.dʒuk̚.jʌt̚.ʌ.jo]
그를 알아보지,8,[kɯ.ɾɯl.al.a.po.tʃi],[gɯ.ɾɯl.al.a.bo.dʒi]
You bring,8,,
우리는 얻고,8,[u.ɾi.nɯn.ʌt̚.ko],[u.ɾi.nɯn.ʌt̚.ko]
우리는 얻었다,8,[u.ɾi.nɯn.ʌt̚.ʌt̚.ta],[u.ɾi.nɯn.ʌt̚.ʌt̚.ta]
핌멜 라게르사 캐서린,8,[pʰim.mel.ɾa.ke.ɾɯ.sa.kʰɛ.sʌ.ɾin],[pʰim.mel.ɾa.ge.ɾɯ.sa.kʰɛ.sʌ.ɾin]
You broke,8,,
둘이 가장,8,[tul.i.ka.tʃaŋ],[dul.i.ga.dʒaŋ]
우리는 오늘 이,8,[u.ɾi.nɯn.o.nɯl.i],[u.ɾi.nɯn.o.nɯl.i]
우리는 오래,8,[u.ɾi.nɯn.o.ɾɛ],[u.ɾi.nɯn.o.ɾɛ]
둘이 같이 있으면,8,[tul.i.kat̚.i.it̚.ɯ.mjʌn],[dul.i.gat̚.i.it̚.ɯ.mjʌn]
그를 얻을,8,[kɯ.ɾɯl.ʌt̚.ɯl],[gɯ.ɾɯl.ʌt̚.ɯl]
둘이 거기서,8,[tul.i.kʌ.ki.sʌ],[dul.i.gʌ.gi.sʌ]
감사해요 여기,8,[kam.sa.hɛ.jo.jʌ.ki],[gam.sa.hɛ.jo.jʌ.gi]
우리는 우리가 무엇을,8,[u.ɾi.nɯn.u.ɾi.ka.mu.ʌt̚.ɯl],[u.ɾi.nɯn.u.ɾi.ga.mu.ʌt̚.ɯl]
여기서 일한다,8,[jʌ.ki.sʌ.il.han.ta],[jʌ.gi.sʌ.il.han.ta]
우리는 우리만의,8,[u.ɾi.nɯn.u.ɾi.man.ɯi],[u.ɾi.nɯn.u.ɾi.man.ɯi]
건 여기 다 있어,8,[kʌn.jʌ.ki.ta.it̚.ʌ],[gʌn.jʌ.gi.da.it̚.ʌ]
우리는 우리의 모든,8,[u.ɾi.nɯn.u.ɾi.ɯi.mo.tɯn],[u.ɾi.nɯn.u.ɾi.ɯi.mo.dɯn]
건 여기 있어,8,[kʌn.jʌ.ki.it̚.ʌ],[gʌn.jʌ.gi.it̚.ʌ]
둘이 나가서,8,[tul.i.na.ka.sʌ],[dul.i.na.ga.sʌ]
둘이 나란히,8,[tul.i.na.ɾan.hi],[dul.i.na.ɾan.hi]
hour and a,8,,
우리는 이곳을,8,[u.ɾi.nɯn.i.kot̚.ɯl],[u.ɾi.nɯn.i.got̚.ɯl]
가게 밖에서,8,[ka.ke.pak̚.e.sʌ],[ga.ge.bak̚.e.sʌ]
우리는 이미 알고 있다,8,[u.ɾi.nɯn.i.mi.al.ko.it̚.ta],[u.ɾi.nɯn.i.mi.al.ko.it̚.ta]
나한테 보여줄,8,[na.han.tʰe.po.jʌ.tʃul],[na.han.tʰe.bo.jʌ.dʒul]
손을 잡아주세요,8,[son.ɯl.tʃap̚.a.tʃu.se.jo],[son.ɯl.dʒap̚.a.dʒu.se.jo]
우리는 인류,8,[u.ɾi.nɯn.il.lju],[u.ɾi.nɯn.il.lju]
그를 원했다,8,[kɯ.ɾɯl.wʌn.hɛt̚.ta],[gɯ.ɾɯl.wʌn.hɛt̚.ta]
여기서 자라고,8,[jʌ.ki.sʌ.tʃa.ɾa.ko],[jʌ.gi.sʌ.dʒa.ɾa.go]
나한테 볼일,8,[na.han.tʰe.pol.il],[na.han.tʰe.bol.il]
우리는 잘 알겠니,8,[u.ɾi.nɯn.tʃal.al.ket̚.ni],[u.ɾi.nɯn.dʒal.al.ket̚.ni]
둘이 몇,8,[tul.i.mjʌt̚],[dul.i.mjʌt̚]
여기서 자란,8,[jʌ.ki.sʌ.tʃa.ɾan],[jʌ.gi.sʌ.dʒa.ɾan]
둘이 문제가,8,[tul.i.mun.tʃe.ka],[dul.i.mun.tʃe.ga]
우리는 제,8,[u.ɾi.nɯn.tʃe],[u.ɾi.nɯn.dʒe]
우리는 조금 더,8,[u.ɾi.nɯn.tʃo.kɯn.tʌ],[u.ɾi.nɯn.dʒo.gɯm.dʌ]
주의 지상 충돌,8,[tʃu.ɯi.tʃi.saŋ.tʃʰuŋ.tol],[dʒu.ɯi.dʒi.saŋ.tʃʰuŋ.dol]
주의 충돌 주의 충돌,8,[tʃu.ɯi.tʃʰuŋ.tol.tʃu.ɯi.tʃʰuŋ.tol],[dʒu.ɯi.tʃʰuŋ.dol.dʒu.ɯi.tʃʰuŋ.dol]
우리는 준비가되어,8,[u.ɾi.nɯn.tʃum.pi.ka.twe.ʌ],[u.ɾi.nɯn.dʒum.pi.ga.dwe.ʌ]
여기서 잘 수,8,[jʌ.ki.sʌ.tʃal.su],[jʌ.gi.sʌ.dʒal.su]
둘이 사귀는 거야,8,[tul.i.sa.kwi.nɯŋ.kʌ.ja],[dul.i.sa.gwi.nɯn.gʌ.ja]
주의 팔에,8,[tʃu.ɯi.pʰal.e],[dʒu.ɯi.pʰal.e]
둘이 사귀는 줄,8,[tul.i.sa.kwi.nɯn.tʃul],[dul.i.sa.gwi.nɯn.dʒul]
우리는 지구,8,[u.ɾi.nɯn.tʃi.ku],[u.ɾi.nɯn.dʒi.gu]
건 영리한,8,[kʌn.jʌŋ.ɾi.han],[gʌn.jʌŋ.ɾi.han]
우리는 지역,8,[u.ɾi.nɯn.tʃi.jʌk̚],[u.ɾi.nɯn.dʒi.jʌk̚]
우리는 집,8,[u.ɾi.nɯn.tʃip̚],[u.ɾi.nɯn.dʒip̚]
우리는 집에서,8,[u.ɾi.nɯn.tʃip̚.e.sʌ],[u.ɾi.nɯn.dʒip̚.e.sʌ]
둘이 살아,8,[tul.i.sal.a],[dul.i.sal.a]
우리는 집중해야,8,[u.ɾi.nɯn.tʃip̚.tʃuŋ.hɛ.ja],[u.ɾi.nɯn.dʒip̚.tʃuŋ.hɛ.ja]
둘이 서로 아는,8,[tul.i.sʌ.ɾo.a.nɯn],[dul.i.sʌ.ɾo.a.nɯn]
Can''t Stop Loving You,8,,
그를 잡기,8,[kɯ.ɾɯl.tʃap̚.ki],[gɯ.ɾɯl.dʒap̚.ki]
여기서 절대 못,8,[jʌ.ki.sʌ.tʃʌl.tɛ.mot̚],[jʌ.gi.sʌ.dʒʌl.tɛ.mot̚]
주의를 돌리는,8,[tʃu.ɯi.ɾɯl.tol.ɾi.nɯn],[dʒu.ɯi.ɾɯl.dol.ɾi.nɯn]
주의를 다른,8,[tʃu.ɯi.ɾɯl.ta.ɾɯn],[dʒu.ɯi.ɾɯl.da.ɾɯn]
God I,8,,
도와주셔서 정말 고마워요,8,[to.wa.tʃu.sjʌ.sʌ.tʃʌŋ.mal.ko.ma.wʌ.jo],[do.wa.dʒu.sjʌ.sʌ.dʒʌŋ.mal.go.ma.wʌ.jo]
그를 잡아야 한다,8,[kɯ.ɾɯl.tʃap̚.a.ja.han.ta],[gɯ.ɾɯl.dʒap̚.a.ja.han.ta]
둘이 앉아서,8,[tul.i.an.a.sʌ],[dul.i.an.a.sʌ]
우리는 하기로,8,[u.ɾi.nɯn.ha.ki.ɾo],[u.ɾi.nɯn.ha.gi.ɾo]
둘이 얘기를,8,[tul.i.jɛ.ki.ɾɯl],[dul.i.jɛ.gi.ɾɯl]
우리는 하지 않았어,8,[u.ɾi.nɯn.ha.tʃi.an.at̚.ʌ],[u.ɾi.nɯn.ha.dʒi.an.at̚.ʌ]
묘사되어 있습니다,8,[mjo.sa.twe.ʌ.it̚.sɯp̚.ni.ta],[mjo.sa.dwe.ʌ.it̚.sɯp̚.ni.da]
둘이 얘기할 수 있게,8,[tul.i.jɛ.ki.hal.su.it̚.ke],[dul.i.jɛ.gi.hal.su.it̚.ke]
우리는 한동안,8,[u.ɾi.nɯn.han.toŋ.an],[u.ɾi.nɯn.han.toŋ.an]
건 오빠,8,[kʌn.o.p͈a],[gʌn.o.p͈a]
우리는 할 수있다,8,[u.ɾi.nɯn.hal.su.it̚.ta],[u.ɾi.nɯn.hal.su.it̚.ta]
둘이 어제,8,[tul.i.ʌ.tʃe],[dul.i.ʌ.dʒe]
그를 잡을 거야,8,[kɯ.ɾɯl.tʃap̚.ɯl.kʌ.ja],[gɯ.ɾɯl.dʒap̚.ɯl.gʌ.ja]
우리는 합의를,8,[u.ɾi.nɯn.hap̚.ɯi.ɾɯl],[u.ɾi.nɯn.hap̚.ɯi.ɾɯl]
우리는 해낼 수,8,[u.ɾi.nɯn.hɛ.nɛl.su],[u.ɾi.nɯn.hɛ.nɛl.su]
둘이 연인,8,[tul.i.jʌn.in],[dul.i.jʌn.in]
게 없다면 왜,8,[ke.ʌp̚.ta.mjʌn.wɛ],[ge.ʌp̚.ta.mjʌn.wɛ]
여기서 제일 가까운,8,[jʌ.ki.sʌ.tʃe.il.ka.k͈a.un],[jʌ.gi.sʌ.dʒe.il.ga.k͈a.un]
우리는 현장,8,[u.ɾi.nɯn.hjʌn.tʃaŋ],[u.ɾi.nɯn.hjʌn.tʃaŋ]
우리는 현실을,8,[u.ɾi.nɯn.hjʌn.sil.ɯl],[u.ɾi.nɯn.hjʌn.sil.ɯl]
묘사해 보세요,8,[mjo.sa.hɛ.po.se.jo],[mjo.sa.hɛ.bo.se.jo]
둘이 완전히,8,[tul.i.wan.tʃʌn.hi],[dul.i.wan.tʃʌn.hi]
그를 절대,8,[kɯ.ɾɯl.tʃʌl.tɛ],[gɯ.ɾɯl.dʒʌl.tɛ]
우리도 가야지,8,[u.ɾi.to.ka.ja.tʃi],[u.ɾi.do.ga.ja.dʒi]
우리도 간다,8,[u.ɾi.to.kan.ta],[u.ɾi.do.gan.ta]
우리도 그건,8,[u.ɾi.to.kɯ.kʌn],[u.ɾi.do.gɯ.gʌn]
그를 좋아하고,8,[kɯ.ɾɯl.tʃot̚.a.ha.ko],[gɯ.ɾɯl.dʒot̚.a.ha.go]
우리도 그랬어,8,[u.ɾi.to.kɯ.ɾɛt̚.ʌ],[u.ɾi.do.gɯ.ɾɛt̚.ʌ]
music just soothes,8,,
우리도 그럴 거야,8,[u.ɾi.to.kɯ.ɾʌl.kʌ.ja],[u.ɾi.do.gɯ.ɾʌl.gʌ.ja]
우리도 그의,8,[u.ɾi.to.kɯ.ɯi],[u.ɾi.do.gɯ.ɯi]
주인은 어디 있지,8,[tʃu.in.ɯn.ʌ.ti.it̚.tʃi],[dʒu.in.ɯn.ʌ.di.it̚.tʃi]
여기서 죽인,8,[jʌ.ki.sʌ.tʃuk̚.in],[jʌ.gi.sʌ.dʒuk̚.in]
그를 좋아해요,8,[kɯ.ɾɯl.tʃot̚.a.hɛ.jo],[gɯ.ɾɯl.dʒot̚.a.hɛ.jo]
둘이 조용히,8,[tul.i.tʃo.joŋ.hi],[dul.i.dʒo.joŋ.hi]
주인이 누구죠,8,[tʃu.in.i.nu.ku.tʃjo],[dʒu.in.i.nu.gu.dʒjo]
우리도 돈,8,[u.ɾi.to.ton],[u.ɾi.do.don]
그를 죽여야 해,8,[kɯ.ɾɯl.tʃuk̚.jʌ.ja.hɛ],[gɯ.ɾɯl.dʒuk̚.jʌ.ja.hɛ]
우리도 모르게,8,[u.ɾi.to.mo.ɾɯ.ke],[u.ɾi.do.mo.ɾɯ.ge]
우리도 문제가,8,[u.ɾi.to.mun.tʃe.ka],[u.ɾi.do.mun.tʃe.ga]
둘이 친해,8,[tul.i.tʃʰin.hɛ],[dul.i.tʃʰin.hɛ]
우리도 아는 게,8,[u.ɾi.to.a.nɯŋ.ke],[u.ɾi.do.a.nɯn.ge]
둘이 친했잖아,8,[tul.i.tʃʰin.hɛt̚.tʃan.a],[dul.i.tʃʰin.hɛt̚.tʃan.a]
그를 죽였다는,8,[kɯ.ɾɯl.tʃuk̚.jʌt̚.ta.nɯn],[gɯ.ɾɯl.dʒuk̚.jʌt̚.ta.nɯn]
둘이 키스하는,8,[tul.i.kʰi.sɯ.ha.nɯn],[dul.i.kʰi.sɯ.ha.nɯn]
우리도 알고 있어,8,[u.ɾi.to.al.ko.it̚.ʌ],[u.ɾi.do.al.ko.it̚.ʌ]
우리도 왔어,8,[u.ɾi.to.wat̚.ʌ],[u.ɾi.do.wat̚.ʌ]
건 용감한,8,[kʌn.joŋ.kam.han],[gʌn.joŋ.gam.han]
우리도 이렇게,8,[u.ɾi.to.i.ɾʌt̚.ke],[u.ɾi.do.i.ɾʌt̚.ke]
house that,8,,
우리도 저런,8,[u.ɾi.to.tʃʌ.ɾʌn],[u.ɾi.do.dʒʌ.ɾʌn]
둘이 해결할,8,[tul.i.hɛ.kjʌl.hal],[dul.i.hɛ.gjʌl.hal]
그를 죽이겠다고,8,[kɯ.ɾɯl.tʃuk̚.i.ket̚.ta.ko],[gɯ.ɾɯl.dʒuk̚.i.get̚.ta.go]
우리도 죽일 거야,8,[u.ɾi.to.tʃuk̚.il.kʌ.ja],[u.ɾi.do.dʒuk̚.il.gʌ.ja]
그를 죽이고 싶어,8,[kɯ.ɾɯl.tʃuk̚.i.ko.sip̚.ʌ],[gɯ.ɾɯl.dʒuk̚.i.go.sip̚.ʌ]
거의 죽을 뻔했는데,8,[kʌ.ɯi.tʃuk̚.ɯl.p͈ʌn.hɛt̚.nɯn.te],[gʌ.ɯi.dʒuk̚.ɯl.p͈ʌn.hɛt̚.nɯn.te]
우리도 처음엔,8,[u.ɾi.to.tʃʰʌ.ɯm.en],[u.ɾi.do.tʃʰʌ.ɯm.en]
house with,8,,
도와준 거죠,8,[to.wa.tʃuŋ.kʌ.tʃjo],[do.wa.dʒun.gʌ.dʒjo]
God bless,8,,
우리들 각자들은,8,[u.ɾi.tɯl.kak̚.tʃa.tɯl.ɯn],[u.ɾi.dɯl.gak̚.tʃa.dɯl.ɯn]
우리들 각자들은 법을,8,[u.ɾi.tɯl.kak̚.tʃa.tɯl.ɯm.pʌp̚.ɯl],[u.ɾi.dɯl.gak̚.tʃa.dɯl.ɯn.bʌp̚.ɯl]
우리들 중 아무도 Ark가,8,[u.ɾi.tɯl.tʃuŋ.a.mu.to.ka],[u.ɾi.dɯl.dʒuŋ.a.mu.do.ga]
그를 죽이려는,8,[kɯ.ɾɯl.tʃuk̚.i.ɾjʌ.nɯn],[gɯ.ɾɯl.dʒuk̚.i.ɾjʌ.nɯn]
둘이서 얘기해,8,[tul.i.sʌ.jɛ.ki.hɛ],[dul.i.sʌ.jɛ.gi.hɛ]
둘이서 얼마나,8,[tul.i.sʌ.ʌl.ma.na],[dul.i.sʌ.ʌl.ma.na]
나한테 선물을,8,[na.han.tʰe.sʌn.mul.ɯl],[na.han.tʰe.sʌn.mul.ɯl]
우리랑 같이 가는,8,[u.ɾi.ɾaŋ.kat̚.i.ka.nɯn],[u.ɾi.ɾaŋ.gat̚.i.ga.nɯn]
둘이서 하는,8,[tul.i.sʌ.ha.nɯn],[dul.i.sʌ.ha.nɯn]
가게 주인은,8,[ka.ke.tʃu.in.ɯn],[ga.ge.dʒu.in.ɯn]
둘이서 저녁,8,[tul.i.sʌ.tʃʌ.njʌk̚],[dul.i.sʌ.dʒʌ.njʌk̚]
둘이서만 얘기,8,[tul.i.sʌ.man.jɛ.ki],[dul.i.sʌ.man.jɛ.gi]
우리랑 같이 있어요,8,[u.ɾi.ɾaŋ.kat̚.i.it̚.ʌ.jo],[u.ɾi.ɾaŋ.gat̚.i.it̚.ʌ.jo]
우리랑 다른,8,[u.ɾi.ɾaŋ.ta.ɾɯn],[u.ɾi.ɾaŋ.da.ɾɯn]
우리랑 똑같아,8,[u.ɾi.ɾaŋ.t͈ok̚.kat̚.a],[u.ɾi.ɾaŋ.t͈ok̚.kat̚.a]
가게 주인의,8,[ka.ke.tʃu.in.ɯi],[ga.ge.dʒu.in.ɯi]
나한테 설명할,8,[na.han.tʰe.sʌl.mjʌŋ.hal],[na.han.tʰe.sʌl.mjʌŋ.hal]
여기서 편하게,8,[jʌ.ki.sʌ.pʰjʌn.ha.ke],[jʌ.gi.sʌ.pʰjʌn.ha.ge]
여기서 편히,8,[jʌ.ki.sʌ.pʰjʌn.hi],[jʌ.gi.sʌ.pʰjʌn.hi]
건 우리 모두 알고,8,[kʌn.u.ɾi.mo.tu.al.ko],[gʌn.u.ɾi.mo.du.al.ko]
우리를 공격하기,8,[u.ɾi.ɾɯl.koŋ.kjʌk̚.ha.ki],[u.ɾi.ɾɯl.goŋ.gjʌk̚.ha.gi]
우리를 괴롭히는,8,[u.ɾi.ɾɯl.kwe.ɾop̚.hi.nɯn],[u.ɾi.ɾɯl.gwe.ɾop̚.hi.nɯn]
우리를 구하기,8,[u.ɾi.ɾɯl.ku.ha.ki],[u.ɾi.ɾɯl.gu.ha.gi]
우리를 구하기 위해,8,[u.ɾi.ɾɯl.ku.ha.ki.wi.hɛ],[u.ɾi.ɾɯl.gu.ha.gi.wi.hɛ]
우리를 기다리고 있어,8,[u.ɾi.ɾɯl.ki.ta.ɾi.ko.it̚.ʌ],[u.ɾi.ɾɯl.gi.da.ɾi.go.it̚.ʌ]
그를 지켜보고,8,[kɯ.ɾɯl.tʃi.kʰjʌ.po.ko],[gɯ.ɾɯl.dʒi.kʰjʌ.bo.go]
건 우리니까,8,[kʌn.u.ɾi.ni.k͈a],[gʌn.u.ɾi.ni.k͈a]
우리를 끌어,8,[u.ɾi.ɾɯl.k͈ɯl.ʌ],[u.ɾi.ɾɯl.k͈ɯl.ʌ]
둬 그리고,8,[twʌ.kɯ.ɾi.ko],[dwʌ.gɯ.ɾi.go]
우리를 다 죽일,8,[u.ɾi.ɾɯl.ta.tʃuk̚.il],[u.ɾi.ɾɯl.da.dʒuk̚.il]
우리를 도와주면,8,[u.ɾi.ɾɯl.to.wa.tʃu.mjʌn],[u.ɾi.ɾɯl.do.wa.dʒu.mjʌn]
우리를 도와주지,8,[u.ɾi.ɾɯl.to.wa.tʃu.tʃi],[u.ɾi.ɾɯl.do.wa.dʒu.dʒi]
우리를 도와줬어요,8,[u.ɾi.ɾɯl.to.wa.tʃwʌt̚.ʌ.jo],[u.ɾi.ɾɯl.do.wa.dʒwʌt̚.ʌ.jo]
둬 뭐,8,[twʌ.mwʌ],[dwʌ.mwʌ]
그를 찾게,8,[kɯ.ɾɯl.tʃʰat̚.ke],[gɯ.ɾɯl.tʃʰat̚.ke]
우리를 떠날,8,[u.ɾi.ɾɯl.t͈ʌ.nal],[u.ɾi.ɾɯl.t͈ʌ.nal]
우리를 막을 순,8,[u.ɾi.ɾɯl.mak̚.ɯl.sun],[u.ɾi.ɾɯl.mak̚.ɯl.sun]
우리를 만나,8,[u.ɾi.ɾɯl.man.na],[u.ɾi.ɾɯl.man.na]
둬 이제,8,[twʌ.i.tʃe],[dwʌ.i.dʒe]
둬 정말,8,[twʌ.tʃʌŋ.mal],[dwʌ.dʒʌŋ.mal]
둬 젠장,8,[twʌ.tʃen.tʃaŋ],[dwʌ.dʒen.tʃaŋ]
우리를 먼저,8,[u.ɾi.ɾɯl.mʌn.tʃʌ],[u.ɾi.ɾɯl.mʌn.tʃʌ]
둬 좋아,8,[twʌ.tʃot̚.a],[dwʌ.dʒot̚.a]
우리를 믿는,8,[u.ɾi.ɾɯl.mit̚.nɯn],[u.ɾi.ɾɯl.mit̚.nɯn]
둬 혼자,8,[twʌ.hon.tʃa],[dwʌ.hon.tʃa]
둬 하지만,8,[twʌ.ha.tʃi.man],[dwʌ.ha.dʒi.man]
그를 찾아가,8,[kɯ.ɾɯl.tʃʰat̚.a.ka],[gɯ.ɾɯl.tʃʰat̚.a.ga]
둬서는 안,8,[twʌ.sʌ.nɯn.an],[dwʌ.sʌ.nɯn.an]
도와줄 거야 내가,8,[to.wa.tʃul.kʌ.ja.nɛ.ka],[do.wa.dʒul.gʌ.ja.nɛ.ga]
우리를 봤어,8,[u.ɾi.ɾɯl.pwat̚.ʌ],[u.ɾi.ɾɯl.bwat̚.ʌ]
둬요 그냥,8,[twʌ.jo.kɯ.njaŋ],[dwʌ.jo.gɯ.njaŋ]
무관하다는 걸,8,[mu.kwan.ha.ta.nɯŋ.kʌl],[mu.gwan.ha.da.nɯn.gʌl]
우리를 속였어요,8,[u.ɾi.ɾɯl.sok̚.jʌt̚.ʌ.jo],[u.ɾi.ɾɯl.sok̚.jʌt̚.ʌ.jo]
뒀는지 알아,8,[twʌt̚.nɯn.tʃi.al.a],[dwʌt̚.nɯn.tʃi.al.a]
뒀다 뭐 해,8,[twʌt̚.ta.mwʌ.hɛ],[dwʌt̚.ta.mwʌ.hɛ]
그런 일이 일어나기,8,[kɯ.ɾʌn.il.i.il.ʌ.na.ki],[gɯ.ɾʌn.il.i.il.ʌ.na.gi]
뒀다가 뭐,8,[twʌt̚.ta.ka.mwʌ],[dwʌt̚.ta.ga.mwʌ]
뒀던 거야,8,[twʌt̚.tʌŋ.kʌ.ja],[dwʌt̚.tʌn.gʌ.ja]
조금 주고,8,[tʃo.kɯn.tʃu.ko],[dʒo.gɯm.dʒu.go]
그를 찾았을 때,8,[kɯ.ɾɯl.tʃʰat̚.at̚.ɯl.t͈ɛ],[gɯ.ɾɯl.tʃʰat̚.at̚.ɯl.t͈ɛ]
그를 찾았을,8,[kɯ.ɾɯl.tʃʰat̚.at̚.ɯl],[gɯ.ɾɯl.tʃʰat̚.at̚.ɯl]
우리를 얻을,8,[u.ɾi.ɾɯl.ʌt̚.ɯl],[u.ɾi.ɾɯl.ʌt̚.ɯl]
주지 않겠다고,8,[tʃu.tʃi.aŋ.ket̚.ta.ko],[dʒu.dʒi.aŋ.ket̚.ta.go]
무기 그리고,8,[mu.ki.kɯ.ɾi.ko],[mu.gi.gɯ.ɾi.go]
우리를 원해,8,[u.ɾi.ɾɯl.wʌn.hɛ],[u.ɾi.ɾɯl.wʌn.hɛ]
뒈질 줄,8,[twe.tʃil.tʃul],[dwe.dʒil.dʒul]
뒤 c,8,[twi],[dwi]
나한테 신세를,8,[na.han.tʰe.sin.se.ɾɯl],[na.han.tʰe.sin.se.ɾɯl]
우리를 위해서가,8,[u.ɾi.ɾɯl.wi.hɛ.sʌ.ka],[u.ɾi.ɾɯl.wi.hɛ.sʌ.ga]
우리를 위해서도,8,[u.ɾi.ɾɯl.wi.hɛ.sʌ.to],[u.ɾi.ɾɯl.wi.hɛ.sʌ.do]
우리를 의심할,8,[u.ɾi.ɾɯl.ɯi.sim.hal],[u.ɾi.ɾɯl.ɯi.sim.hal]
우리를 이곳에,8,[u.ɾi.ɾɯl.i.kot̚.e],[u.ɾi.ɾɯl.i.got̚.e]
우리를 이끌고,8,[u.ɾi.ɾɯl.i.k͈ɯl.ko],[u.ɾi.ɾɯl.i.k͈ɯl.ko]
뒤 또,8,[twi.t͈o],[dwi.t͈o]
D.A. 의,8,[ɯi],[ɯi]
주제에 왜,8,[tʃu.tʃe.e.wɛ],[dʒu.dʒe.e.wɛ]
우리를 좋아하는,8,[u.ɾi.ɾɯl.tʃot̚.a.ha.nɯn],[u.ɾi.ɾɯl.dʒot̚.a.ha.nɯn]
뒤 봐주는,8,[twi.pwa.tʃu.nɯn],[dwi.bwa.dʒu.nɯn]
가게 할 순 없어,8,[ka.ke.hal.sun.ʌp̚.ʌ],[ga.ge.hal.sun.ʌp̚.ʌ]
우리를 죽이는,8,[u.ɾi.ɾɯl.tʃuk̚.i.nɯn],[u.ɾi.ɾɯl.dʒuk̚.i.nɯn]
우리를 죽이면,8,[u.ɾi.ɾɯl.tʃuk̚.i.mjʌn],[u.ɾi.ɾɯl.dʒuk̚.i.mjʌn]
건 위험,8,[kʌn.wi.hʌm],[gʌn.wi.hʌm]
우리를 지킬,8,[u.ɾi.ɾɯl.tʃi.kʰil],[u.ɾi.ɾɯl.dʒi.kʰil]
우리를 집으로,8,[u.ɾi.ɾɯl.tʃip̚.ɯ.ɾo],[u.ɾi.ɾɯl.dʒip̚.ɯ.ɾo]
건 위험하고,8,[kʌn.wi.hʌm.ha.ko],[gʌn.wi.hʌm.ha.go]
그런 일이 일어난,8,[kɯ.ɾʌn.il.i.il.ʌ.nan],[gɯ.ɾʌn.il.i.il.ʌ.nan]
우리를 찾아와,8,[u.ɾi.ɾɯl.tʃʰat̚.a.wa],[u.ɾi.ɾɯl.tʃʰat̚.a.wa]
우리를 찾을거야,8,[u.ɾi.ɾɯl.tʃʰat̚.ɯl.kʌ.ja],[u.ɾi.ɾɯl.tʃʰat̚.ɯl.kʌ.ja]
Can''t Stop Me 부서진,8,[pu.sʌ.tʃin],[bu.sʌ.dʒin]
건 위험하다고,8,[kʌn.wi.hʌm.ha.ta.ko],[gʌn.wi.hʌm.ha.da.go]
우리를 통해,8,[u.ɾi.ɾɯl.tʰoŋ.hɛ],[u.ɾi.ɾɯl.tʰoŋ.hɛ]
우리를 칠,8,[u.ɾi.ɾɯl.tʃʰil],[u.ɾi.ɾɯl.tʃʰil]
우리를 피해,8,[u.ɾi.ɾɯl.pʰi.hɛ],[u.ɾi.ɾɯl.pʰi.hɛ]
우리를 해칠 수,8,[u.ɾi.ɾɯl.hɛ.tʃʰil.su],[u.ɾi.ɾɯl.hɛ.tʃʰil.su]
뒤도 안 보고,8,[twi.to.am.po.ko],[dwi.do.an.bo.go]
우리만 믿어요,8,[u.ɾi.man.mit̚.ʌ.jo],[u.ɾi.man.mit̚.ʌ.jo]
우리만 믿어,8,[u.ɾi.man.mit̚.ʌ],[u.ɾi.man.mit̚.ʌ]
뒤따라 갈게요,8,[twi.t͈a.ɾa.kal.ke.jo],[dwi.t͈a.ɾa.gal.ke.jo]
우리만의 비밀,8,[u.ɾi.man.ɯi.pi.mil],[u.ɾi.man.ɯi.bi.mil]
우리만의 비밀이에요,8,[u.ɾi.man.ɯi.pi.mil.i.e.jo],[u.ɾi.man.ɯi.bi.mil.i.e.jo]
가게 해서,8,[ka.ke.hɛ.sʌ],[ga.ge.hɛ.sʌ]
뒤따를 것이다,8,[twi.t͈a.ɾɯl.kʌt̚.i.ta],[dwi.t͈a.ɾɯl.gʌt̚.i.da]
그를 탓하지,8,[kɯ.ɾɯl.tʰat̚.ha.tʃi],[gɯ.ɾɯl.tʰat̚.ha.dʒi]
우리보다 잘,8,[u.ɾi.po.ta.tʃal],[u.ɾi.bo.da.dʒal]
우리뿐 아니라,8,[u.ɾi.p͈un.a.ni.ɾa],[u.ɾi.p͈un.a.ni.ɾa]
견딜 수 있습니다,8,[kjʌn.til.su.it̚.sɯp̚.ni.ta],[gjʌn.til.su.it̚.sɯp̚.ni.da]
You can go,8,,
우리에 의해,8,[u.ɾi.e.ɯi.hɛ],[u.ɾi.e.ɯi.hɛ]
뒤로 기대,8,[twi.ɾo.ki.tɛ],[dwi.ɾo.gi.dɛ]
우리에게 겁을,8,[u.ɾi.e.ke.kʌp̚.ɯl],[u.ɾi.e.ge.gʌp̚.ɯl]
우리에게 길을,8,[u.ɾi.e.ke.kil.ɯl],[u.ɾi.e.ge.gil.ɯl]
우리에게 꿈은 없어도,8,[u.ɾi.e.ke.k͈um.ɯn.ʌp̚.ʌ.to],[u.ɾi.e.ge.k͈um.ɯn.ʌp̚.ʌ.do]
우리에게 닥친,8,[u.ɾi.e.ke.tak̚.tʃʰin],[u.ɾi.e.ge.dak̚.tʃʰin]
우리에게 달려 있다,8,[u.ɾi.e.ke.tal.ɾjʌ.it̚.ta],[u.ɾi.e.ge.dal.ɾjʌ.it̚.ta]
그를 해고했다,8,[kɯ.ɾɯl.hɛ.ko.hɛt̚.ta],[gɯ.ɾɯl.hɛ.go.hɛt̚.ta]
우리에게 당신이,8,[u.ɾi.e.ke.taŋ.sin.i],[u.ɾi.e.ge.daŋ.sin.i]
그를 해치고,8,[kɯ.ɾɯl.hɛ.tʃʰi.ko],[gɯ.ɾɯl.hɛ.tʃʰi.go]
뒤로 돌아 전달,8,[twi.ɾo.tol.a.tʃʌn.tal],[dwi.ɾo.dol.a.dʒʌn.tal]
건 의심할 여지가,8,[kʌn.ɯi.sim.hal.jʌ.tʃi.ka],[gʌn.ɯi.sim.hal.jʌ.dʒi.ga]
그를 해치지 않을,8,[kɯ.ɾɯl.hɛ.tʃʰi.tʃi.an.ɯl],[gɯ.ɾɯl.hɛ.tʃʰi.dʒi.an.ɯl]
뒤로 들어가,8,[twi.ɾo.tɯl.ʌ.ka],[dwi.ɾo.dɯl.ʌ.ga]
우리에게 말하길,8,[u.ɾi.e.ke.mal.ha.kil],[u.ɾi.e.ge.mal.ha.gil]
뒤로 몇,8,[twi.ɾo.mjʌt̚],[dwi.ɾo.mjʌt̚]
건 이 세상에,8,[kʌn.i.se.saŋ.e],[gʌn.i.se.saŋ.e]
주택 단지에,8,[tʃu.tʰɛk̚.tan.tʃi.e],[dʒu.tʰɛk̚.dan.tʃi.e]
우리에게 말해주는,8,[u.ɾi.e.ke.mal.hɛ.tʃu.nɯn],[u.ɾi.e.ge.mal.hɛ.dʒu.nɯn]
버리곤 못,8,[pʌ.ɾi.kon.mot̚],[bʌ.ɾi.gon.mot̚]
우리에게 맞는,8,[u.ɾi.e.ke.mat̚.nɯn],[u.ɾi.e.ge.mat̚.nɯn]
우리에게 맡겨요,8,[u.ɾi.e.ke.mat̚.kjʌ.jo],[u.ɾi.e.ge.mat̚.kjʌ.jo]
주행 거리,8,[tʃu.hɛŋ.kʌ.ɾi],[dʒu.hɛŋ.gʌ.ɾi]
뒤로 물러서다,8,[twi.ɾo.mul.ɾʌ.sʌ.ta],[dwi.ɾo.mul.ɾʌ.sʌ.da]
그릇 주세요,8,[kɯ.ɾɯt̚.tʃu.se.jo],[gɯ.ɾɯt̚.dʒu.se.jo]
우리에게 보내는,8,[u.ɾi.e.ke.po.nɛ.nɯn],[u.ɾi.e.ge.bo.nɛ.nɯn]
그릇에 담긴,8,[kɯ.ɾɯt̚.e.tam.kin],[gɯ.ɾɯt̚.e.dam.kin]
우리에게 새,8,[u.ɾi.e.ke.sɛ],[u.ɾi.e.ge.sɛ]
그릇을 달그락 내려놓는다,8,[kɯ.ɾɯt̚.ɯl.tal.kɯ.ɾak̚.nɛ.ɾjʌ.not̚.nɯn.ta],[gɯ.ɾɯt̚.ɯl.dal.kɯ.ɾak̚.nɛ.ɾjʌ.not̚.nɯn.ta]
우리에게 시간이 얼마나,8,[u.ɾi.e.ke.si.kan.i.ʌl.ma.na],[u.ɾi.e.ge.si.gan.i.ʌl.ma.na]
우리에게 알려줘,8,[u.ɾi.e.ke.al.ɾjʌ.tʃwʌ],[u.ɾi.e.ge.al.ɾjʌ.dʒwʌ]
우리에게 약간의,8,[u.ɾi.e.ke.jak̚.kan.ɯi],[u.ɾi.e.ge.jak̚.kan.ɯi]
뒤로 우리,8,[twi.ɾo.u.ɾi],[dwi.ɾo.u.ɾi]
우리에게 어떤 영향을,8,[u.ɾi.e.ke.ʌ.t͈ʌn.jʌŋ.hjaŋ.ɯl],[u.ɾi.e.ge.ʌ.t͈ʌn.jʌŋ.hjaŋ.ɯl]
뒤로 잘,8,[twi.ɾo.tʃal],[dwi.ɾo.dʒal]
그릇일 뿐이야,8,[kɯ.ɾɯt̚.il.p͈un.i.ja],[gɯ.ɾɯt̚.il.p͈un.i.ja]
그리 가,8,[kɯ.ɾi.ka],[gɯ.ɾi.ga]
죽게 내버려 뒀어요,8,[tʃuk̚.ke.nɛ.pʌ.ɾjʌ.twʌt̚.ʌ.jo],[dʒuk̚.ke.nɛ.bʌ.ɾjʌ.dwʌt̚.ʌ.jo]
뒤로 조금만,8,[twi.ɾo.tʃo.kɯm.man],[dwi.ɾo.dʒo.gɯm.man]
우리에게 왔다,8,[u.ɾi.e.ke.wat̚.ta],[u.ɾi.e.ge.wat̚.ta]
뒤로 줄을,8,[twi.ɾo.tʃul.ɯl],[dwi.ɾo.dʒul.ɯl]
뒤로 한 번도,8,[twi.ɾo.ham.pʌn.to],[dwi.ɾo.han.bʌn.to]
그리 간단히,8,[kɯ.ɾi.kan.tan.hi],[gɯ.ɾi.gan.tan.hi]
뒤로 할,8,[twi.ɾo.hal],[dwi.ɾo.hal]
건 이게 전부예요,8,[kʌn.i.ke.tʃʌm.pu.je.jo],[gʌn.i.ge.dʒʌm.pu.je.jo]
그리 갈게요,8,[kɯ.ɾi.kal.ke.jo],[gɯ.ɾi.gal.ke.jo]
우리에게 주었다,8,[u.ɾi.e.ke.tʃu.ʌt̚.ta],[u.ɾi.e.ge.dʒu.ʌt̚.ta]
우리에게 준다,8,[u.ɾi.e.ke.tʃun.ta],[u.ɾi.e.ge.dʒun.ta]
뒤를 따라와,8,[twi.ɾɯl.t͈a.ɾa.wa],[dwi.ɾɯl.t͈a.ɾa.wa]
그리 급해요,8,[kɯ.ɾi.kɯp̚.hɛ.jo],[gɯ.ɾi.gɯp̚.hɛ.jo]
뒤를 따랐다,8,[twi.ɾɯl.t͈a.ɾat̚.ta],[dwi.ɾɯl.t͈a.ɾat̚.ta]
그리 급히,8,[kɯ.ɾi.kɯp̚.hi],[gɯ.ɾi.gɯp̚.hi]
우리에게 진짜,8,[u.ɾi.e.ke.tʃin.tʃ͈a],[u.ɾi.e.ge.dʒin.tʃ͈a]
우리에게 했던,8,[u.ɾi.e.ke.hɛt̚.tʌn],[u.ɾi.e.ge.hɛt̚.tʌn]
우리에게는 선택의 여지가 없습니다,8,[u.ɾi.e.ke.nɯn.sʌn.tʰɛk̚.ɯi.jʌ.tʃi.ka.ʌp̚.sɯp̚.ni.ta],[u.ɾi.e.ge.nɯn.sʌn.tʰɛk̚.ɯi.jʌ.dʒi.ga.ʌp̚.sɯp̚.ni.da]
죽게 될 테니,8,[tʃuk̚.ke.twel.tʰe.ni],[dʒuk̚.ke.dwel.tʰe.ni]
그리 나쁘지 않아요,8,[kɯ.ɾi.na.p͈ɯ.tʃi.an.a.jo],[gɯ.ɾi.na.p͈ɯ.dʒi.an.a.jo]
건 이미 알고 있어,8,[kʌn.i.mi.al.ko.it̚.ʌ],[gʌn.i.mi.al.ko.it̚.ʌ]
우리에겐 어떤,8,[u.ɾi.e.ken.ʌ.t͈ʌn],[u.ɾi.e.gen.ʌ.t͈ʌn]
뒤를 이은,8,[twi.ɾɯl.i.ɯn],[dwi.ɾɯl.i.ɯn]
뒤를 조심해요,8,[twi.ɾɯl.tʃo.sim.hɛ.jo],[dwi.ɾɯl.dʒo.sim.hɛ.jo]
우리와 더,8,[u.ɾi.wa.tʌ],[u.ɾi.wa.dʌ]
우리와 똑같아,8,[u.ɾi.wa.t͈ok̚.kat̚.a],[u.ɾi.wa.t͈ok̚.kat̚.a]
우리와 상관없는,8,[u.ɾi.wa.saŋ.kwan.ʌp̚.nɯn],[u.ɾi.wa.saŋ.gwan.ʌp̚.nɯn]
우리와 비슷한,8,[u.ɾi.wa.pi.sɯt̚.han],[u.ɾi.wa.bi.sɯt̚.han]
뒤를 캘,8,[twi.ɾɯl.kʰɛl],[dwi.ɾɯl.kʰɛl]
우리와 일하고,8,[u.ɾi.wa.il.ha.ko],[u.ɾi.wa.il.ha.go]
건 이상하지,8,[kʌn.i.saŋ.ha.tʃi],[gʌn.i.saŋ.ha.dʒi]
우리와 함께 간다,8,[u.ɾi.wa.ham.k͈e.kan.ta],[u.ɾi.wa.ham.k͈e.gan.ta]
하겠습니다 아,8,[ha.ket̚.sɯp̚.ni.ta.a],[ha.get̚.sɯp̚.ni.da.a]
우리와 함께 하시겠습니까,8,[u.ɾi.wa.ham.k͈e.ha.si.ket̚.sɯp̚.ni.k͈a],[u.ɾi.wa.ham.k͈e.ha.si.get̚.sɯp̚.ni.k͈a]
뒤에 계세요,8,[twi.e.kje.se.jo],[dwi.e.gje.se.jo]
뒤에 꼭,8,[twi.e.k͈ok̚],[dwi.e.k͈ok̚]
뒤에 나,8,[twi.e.na],[dwi.e.na]
뒤에 남겨두고,8,[twi.e.nam.kjʌ.tu.ko],[dwi.e.nam.kjʌ.du.go]
우리와는 상관없는,8,[u.ɾi.wa.nɯn.saŋ.kwan.ʌp̚.nɯn],[u.ɾi.wa.nɯn.saŋ.gwan.ʌp̚.nɯn]
뒤에 남는다,8,[twi.e.nam.nɯn.ta],[dwi.e.nam.nɯn.ta]
뒤에 남아서,8,[twi.e.nam.a.sʌ],[dwi.e.nam.a.sʌ]
우리의 감정을,8,[u.ɾi.ɯi.kan.tʃʌŋ.ɯl],[u.ɾi.ɯi.gan.tʃʌŋ.ɯl]
뒤에 넣어,8,[twi.e.nʌt̚.ʌ],[dwi.e.nʌt̚.ʌ]
우리의 것입니다,8,[u.ɾi.ɯi.kʌt̚.ip̚.ni.ta],[u.ɾi.ɯi.gʌt̚.ip̚.ni.da]
나한테 연락하지 마,8,[na.han.tʰe.jʌl.lak̚.ha.tʃi.ma],[na.han.tʰe.jʌl.lak̚.ha.dʒi.ma]
우리의 고향을,8,[u.ɾi.ɯi.ko.hjaŋ.ɯl],[u.ɾi.ɯi.go.hjaŋ.ɯl]
우리의 고통을,8,[u.ɾi.ɯi.ko.tʰoŋ.ɯl],[u.ɾi.ɯi.go.tʰoŋ.ɯl]
우리의 공통된,8,[u.ɾi.ɯi.koŋ.tʰoŋ.twen],[u.ɾi.ɯi.goŋ.tʰoŋ.dwen]
그리 생각 안,8,[kɯ.ɾi.sɛŋ.kak̚.an],[gɯ.ɾi.sɛŋ.gak̚.an]
우리의 관심사는,8,[u.ɾi.ɯi.kwan.sim.sa.nɯn],[u.ɾi.ɯi.gwan.sim.sa.nɯn]
우리의 기도를,8,[u.ɾi.ɯi.ki.to.ɾɯl],[u.ɾi.ɯi.gi.do.ɾɯl]
우리의 기원에,8,[u.ɾi.ɯi.ki.wʌn.e],[u.ɾi.ɯi.gi.wʌn.e]
우리의 기회야,8,[u.ɾi.ɯi.ki.hwe.ja],[u.ɾi.ɯi.gi.hwe.ja]
그리 쉬운 일이,8,[kɯ.ɾi.swi.un.il.i],[gɯ.ɾi.swi.un.il.i]
뒤에 무슨 일이,8,[twi.e.mu.sɯn.il.i],[dwi.e.mu.sɯn.il.i]
뒤에 문,8,[twi.e.mun],[dwi.e.mun]
우리의 눈과,8,[u.ɾi.ɯi.nuŋ.kwa],[u.ɾi.ɯi.nuŋ.kwa]
여기에 살아요,8,[jʌ.ki.e.sal.a.jo],[jʌ.gi.e.sal.a.jo]
우리의 대의에,8,[u.ɾi.ɯi.tɛ.ɯi.e],[u.ɾi.ɯi.dɛ.ɯi.e]
뒤에 뭔가 있어요,8,[twi.e.mwʌŋ.ka.it̚.ʌ.jo],[dwi.e.mwʌŋ.ka.it̚.ʌ.jo]
우리의 더,8,[u.ɾi.ɯi.tʌ],[u.ɾi.ɯi.dʌ]
뒤에 뭘,8,[twi.e.mwʌl],[dwi.e.mwʌl]
우리의 도움이 필요합니다,8,[u.ɾi.ɯi.to.um.i.pʰil.jo.hap̚.ni.ta],[u.ɾi.ɯi.do.um.i.pʰil.jo.hap̚.ni.da]
뒤에 바짝 붙어,8,[twi.e.pa.tʃ͈ak̚.put̚.ʌ],[dwi.e.ba.tʃ͈ak̚.but̚.ʌ]
건 이해하는데,8,[kʌn.i.hɛ.ha.nɯn.te],[gʌn.i.hɛ.ha.nɯn.te]
우리의 두 번째,8,[u.ɾi.ɯi.tu.pʌn.tʃ͈ɛ],[u.ɾi.ɯi.du.bʌn.tʃ͈ɛ]
우리의 또,8,[u.ɾi.ɯi.t͈o],[u.ɾi.ɯi.t͈o]
모른다는 거요,8,[mo.ɾɯn.ta.nɯŋ.kʌ.jo],[mo.ɾɯn.ta.nɯn.gʌ.jo]
우리의 모의,8,[u.ɾi.ɯi.mo.ɯi],[u.ɾi.ɯi.mo.ɯi]
가지 질문을 드리고,8,[ka.tʃi.tʃil.mun.ɯl.tɯ.ɾi.ko],[ga.dʒi.dʒil.mun.ɯl.dɯ.ɾi.go]
뒤에 숨겨져,8,[twi.e.sum.kjʌ.tʃjʌ],[dwi.e.sum.kjʌ.dʒjʌ]
그리 오래 걸려,8,[kɯ.ɾi.o.ɾɛ.kʌl.ɾjʌ],[gɯ.ɾi.o.ɾɛ.gʌl.ɾjʌ]
내 명령대로,8,[nɛ.mjʌŋ.ɾjʌŋ.tɛ.ɾo],[nɛ.mjʌŋ.ɾjʌŋ.dɛ.ɾo]
우리의 목표에,8,[u.ɾi.ɯi.mok̚.pʰjo.e],[u.ɾi.ɯi.mok̚.pʰjo.e]
뒤에 숨었다,8,[twi.e.sum.ʌt̚.ta],[dwi.e.sum.ʌt̚.ta]
우리의 범인은,8,[u.ɾi.ɯi.pʌm.in.ɯn],[u.ɾi.ɯi.bʌm.in.ɯn]
우리의 범인이,8,[u.ɾi.ɯi.pʌm.in.i],[u.ɾi.ɯi.bʌm.in.i]
뒤에 실어,8,[twi.e.sil.ʌ],[dwi.e.sil.ʌ]
뒤에 아무도,8,[twi.e.a.mu.to],[dwi.e.a.mu.do]
우리의 사명을,8,[u.ɾi.ɯi.sa.mjʌŋ.ɯl],[u.ɾi.ɯi.sa.mjʌŋ.ɯl]
건 이후로,8,[kʌn.i.hu.ɾo],[gʌn.i.hu.ɾo]
뒤에 여기,8,[twi.e.jʌ.ki],[dwi.e.jʌ.gi]
우리의 상호,8,[u.ɾi.ɯi.saŋ.ho],[u.ɾi.ɯi.saŋ.ho]
우리의 생존,8,[u.ɾi.ɯi.sɛŋ.tʃon],[u.ɾi.ɯi.sɛŋ.dʒon]
뒤에 있고,8,[twi.e.it̚.ko],[dwi.e.it̚.ko]
뒤에 있나,8,[twi.e.it̚.na],[dwi.e.it̚.na]
가게에 가야,8,[ka.ke.e.ka.ja],[ga.ge.e.ga.ja]
그리 중요해,8,[kɯ.ɾi.tʃuŋ.jo.hɛ],[gɯ.ɾi.dʒuŋ.jo.hɛ]
그런 적 없거든,8,[kɯ.ɾʌn.tʃʌk̚.ʌp̚.kʌ.tɯn],[gɯ.ɾʌn.dʒʌk̚.ʌp̚.kʌ.dɯn]
우리의 안전한,8,[u.ɾi.ɯi.an.tʃʌn.han],[u.ɾi.ɯi.an.tʃʌn.han]
뒤에 있어야,8,[twi.e.it̚.ʌ.ja],[dwi.e.it̚.ʌ.ja]
우리의 오래된,8,[u.ɾi.ɯi.o.ɾɛ.twen],[u.ɾi.ɯi.o.ɾɛ.dwen]
뒤에 있으니,8,[twi.e.it̚.ɯ.ni],[dwi.e.it̚.ɯ.ni]
우리의 원래,8,[u.ɾi.ɯi.wʌl.lɛ],[u.ɾi.ɯi.wʌl.lɛ]
그리고 B,8,[kɯ.ɾi.ko],[gɯ.ɾi.go]
우리의 유일한 희망이에요,8,[u.ɾi.ɯi.ju.il.han.hɯi.maŋ.i.e.jo],[u.ɾi.ɯi.ju.il.han.hɯi.maŋ.i.e.jo]
뒤에 있잖아,8,[twi.e.it̚.tʃan.a],[dwi.e.it̚.tʃan.a]
뒤에 있죠,8,[twi.e.it̚.tʃjo],[dwi.e.it̚.tʃjo]
그리고 DNA,8,[kɯ.ɾi.ko],[gɯ.ɾi.go]
그리고 FBI의,8,[kɯ.ɾi.ko.ɯi],[gɯ.ɾi.go.ɯi]
가게에 갔다가,8,[ka.ke.e.kat̚.ta.ka],[ga.ge.e.gat̚.ta.ga]
건 인정할게요,8,[kʌn.in.tʃʌŋ.hal.ke.jo],[gʌn.in.tʃʌŋ.hal.ke.jo]
우리의 이익을,8,[u.ɾi.ɯi.i.ik̚.ɯl],[u.ɾi.ɯi.i.ik̚.ɯl]
You can''t have,8,,
뒤에 진짜,8,[twi.e.tʃin.tʃ͈a],[dwi.e.dʒin.tʃ͈a]
여기에 없잖아,8,[jʌ.ki.e.ʌp̚.tʃan.a],[jʌ.gi.e.ʌp̚.tʃan.a]
우리의 임무에,8,[u.ɾi.ɯi.im.mu.e],[u.ɾi.ɯi.im.mu.e]
뒤에 태우고,8,[twi.e.tʰɛ.u.ko],[dwi.e.tʰɛ.u.go]
how it works,8,,
우리의 적이다,8,[u.ɾi.ɯi.tʃʌk̚.i.ta],[u.ɾi.ɯi.dʒʌk̚.i.da]
뒤에서 나를,8,[twi.e.sʌ.na.ɾɯl],[dwi.e.sʌ.na.ɾɯl]
그리고 가능하다면,8,[kɯ.ɾi.ko.ka.nɯŋ.ha.ta.mjʌn],[gɯ.ɾi.go.ga.nɯŋ.ha.da.mjʌn]
우리의 직업은,8,[u.ɾi.ɯi.tʃik̚.ʌp̚.ɯn],[u.ɾi.ɯi.dʒik̚.ʌp̚.ɯn]
뒤에서 뭘,8,[twi.e.sʌ.mwʌl],[dwi.e.sʌ.mwʌl]
죽기야 하겠어요,8,[tʃuk̚.ki.ja.ha.ket̚.ʌ.jo],[dʒuk̚.ki.ja.ha.get̚.ʌ.jo]
우리의 최근,8,[u.ɾi.ɯi.tʃʰwe.kɯn],[u.ɾi.ɯi.tʃʰwe.gɯn]
우리의 최대,8,[u.ɾi.ɯi.tʃʰwe.tɛ],[u.ɾi.ɯi.tʃʰwe.dɛ]
우리의 최우선 과제는,8,[u.ɾi.ɯi.tʃʰwe.u.sʌŋ.kwa.tʃe.nɯn],[u.ɾi.ɯi.tʃʰwe.u.sʌn.gwa.dʒe.nɯn]
뒤에서 좀,8,[twi.e.sʌ.tʃom],[dwi.e.sʌ.dʒom]
뒤엔 내가,8,[twi.en.nɛ.ka],[dwi.en.nɛ.ga]
뒤엔 어떻게,8,[twi.en.ʌ.t͈ʌt̚.ke],[dwi.en.ʌ.t͈ʌt̚.ke]
뒤져 보고,8,[twi.tʃjʌ.po.ko],[dwi.dʒjʌ.bo.go]
우리의 행복을,8,[u.ɾi.ɯi.hɛm.pok̚.ɯl],[u.ɾi.ɯi.hɛŋ.bok̚.ɯl]
무녀들의 기합,8,[mu.njʌ.tɯl.ɯi.ki.hap̚],[mu.njʌ.dɯl.ɯi.gi.hap̚]
우리의 희망은,8,[u.ɾi.ɯi.hɯi.maŋ.ɯn],[u.ɾi.ɯi.hɯi.maŋ.ɯn]
God in a,8,,
여기에 있나,8,[jʌ.ki.e.it̚.na],[jʌ.gi.e.it̚.na]
그리고 간단한,8,[kɯ.ɾi.ko.kan.tan.han],[gɯ.ɾi.go.gan.tan.han]
그리고 감옥에,8,[kɯ.ɾi.ko.kam.ok̚.e],[gɯ.ɾi.go.gam.ok̚.e]
뒤지고 있었어,8,[twi.tʃi.ko.it̚.ʌt̚.ʌ],[dwi.dʒi.go.it̚.ʌt̚.ʌ]
건 있나,8,[kʌn.it̚.na],[gʌn.it̚.na]
죽는 거보다,8,[tʃuk̚.nɯŋ.kʌ.po.ta],[dʒuk̚.nɯn.gʌ.bo.da]
뒤지는 거야,8,[twi.tʃi.nɯŋ.kʌ.ja],[dwi.dʒi.nɯn.gʌ.ja]
무대 감독,8,[mu.tɛ.kan.tok̚],[mu.dɛ.gan.tok̚]
무대 공포증이,8,[mu.tɛ.kom.pʰo.tʃɯŋ.i],[mu.dɛ.gom.pʰo.dʒɯŋ.i]
그리고 개인적인,8,[kɯ.ɾi.ko.kɛ.in.tʃʌk̚.in],[gɯ.ɾi.go.gɛ.in.tʃʌk̚.in]
우리한테 무슨 짓을 한,8,[u.ɾi.han.tʰe.mu.sɯn.tʃit̚.ɯl.han],[u.ɾi.han.tʰe.mu.sɯn.dʒit̚.ɯl.han]
건 있습니다,8,[kʌn.it̚.sɯp̚.ni.ta],[gʌn.it̚.sɯp̚.ni.da]
가지 질문할 게,8,[ka.tʃi.tʃil.mun.hal.ke],[ga.dʒi.dʒil.mun.hal.ge]
우리한테 아주,8,[u.ɾi.han.tʰe.a.tʃu],[u.ɾi.han.tʰe.a.dʒu]
뒤집어 씌울,8,[twi.tʃip̚.ʌ.s͈ɯi.ul],[dwi.dʒip̚.ʌ.s͈ɯi.ul]
그리고 거기에 다른,8,[kɯ.ɾi.ko.kʌ.ki.e.ta.ɾɯn],[gɯ.ɾi.go.gʌ.gi.e.da.ɾɯn]
여기에 있었고,8,[jʌ.ki.e.it̚.ʌt̚.ko],[jʌ.gi.e.it̚.ʌt̚.ko]
그리고 거기에 다른 시각으로,8,[kɯ.ɾi.ko.kʌ.ki.e.ta.ɾɯn.si.kak̚.ɯ.ɾo],[gɯ.ɾi.go.gʌ.gi.e.da.ɾɯn.si.gak̚.ɯ.ɾo]
뒤집어씌운 거죠,8,[twi.tʃip̚.ʌ.s͈ɯi.uŋ.kʌ.tʃjo],[dwi.dʒip̚.ʌ.s͈ɯi.un.gʌ.dʒjo]
뒤집을 만한,8,[twi.tʃip̚.ɯl.man.han],[dwi.dʒip̚.ɯl.man.han]
우리한테 있는,8,[u.ɾi.han.tʰe.it̚.nɯn],[u.ɾi.han.tʰe.it̚.nɯn]
뒤집힐 거야,8,[twi.tʃip̚.hil.kʌ.ja],[dwi.dʒip̚.hil.gʌ.ja]
우리한테 정보를,8,[u.ɾi.han.tʰe.tʃʌm.po.ɾɯl],[u.ɾi.han.tʰe.dʒʌŋ.bo.ɾɯl]
그리고 거짓말을,8,[kɯ.ɾi.ko.kʌ.tʃit̚.mal.ɯl],[gɯ.ɾi.go.gʌ.dʒit̚.mal.ɯl]
우리한테 주는,8,[u.ɾi.han.tʰe.tʃu.nɯn],[u.ɾi.han.tʰe.dʒu.nɯn]
그리고 걱정 마,8,[kɯ.ɾi.ko.kʌk̚.tʃʌŋ.ma],[gɯ.ɾi.go.gʌk̚.tʃʌŋ.ma]
우리한테 할 말,8,[u.ɾi.han.tʰe.hal.mal],[u.ɾi.han.tʰe.hal.mal]
가게에 좀,8,[ka.ke.e.tʃom],[ga.ge.e.dʒom]
우리한텐 너무,8,[u.ɾi.han.tʰen.nʌ.mu],[u.ɾi.han.tʰen.nʌ.mu]
우리한텐 언제나,8,[u.ɾi.han.tʰen.ʌn.tʃe.na],[u.ɾi.han.tʰen.ʌn.tʃe.na]
우리한텐 잘된,8,[u.ɾi.han.tʰen.tʃal.twen],[u.ɾi.han.tʰen.dʒal.twen]
how much you,8,,
뒤처지지 말고,8,[twi.tʃʰʌ.tʃi.tʃi.mal.ko],[dwi.tʃʰʌ.dʒi.dʒi.mal.ko]
우린 가끔,8,[u.ɾiŋ.ka.k͈ɯm],[u.ɾin.ga.k͈ɯm]
우린 가도,8,[u.ɾiŋ.ka.to],[u.ɾin.ga.do]
하고 고마워,8,[ha.ko.ko.ma.wʌ],[ha.go.go.ma.wʌ]
가게에서 만난,8,[ka.ke.e.sʌ.man.nan],[ga.ge.e.sʌ.man.nan]
그리고 경찰에,8,[kɯ.ɾi.ko.kjʌŋ.tʃʰal.e],[gɯ.ɾi.go.gjʌŋ.tʃʰal.e]
그리고 고대에,8,[kɯ.ɾi.ko.ko.tɛ.e],[gɯ.ɾi.go.go.dɛ.e]
뒤통수를 쳤어,8,[twi.tʰoŋ.su.ɾɯl.tʃʰjʌt̚.ʌ],[dwi.tʰoŋ.su.ɾɯl.tʃʰjʌt̚.ʌ]
죽는 순간까지 난 너와,8,[tʃuk̚.nɯn.suŋ.kaŋ.k͈a.tʃi.nan.nʌ.wa],[dʒuk̚.nɯn.suŋ.kaŋ.k͈a.dʒi.nan.nʌ.wa]
뒤통수를 치는,8,[twi.tʰoŋ.su.ɾɯl.tʃʰi.nɯn],[dwi.tʰoŋ.su.ɾɯl.tʃʰi.nɯn]
우린 강해,8,[u.ɾiŋ.kaŋ.hɛ],[u.ɾin.gaŋ.hɛ]
그리고 고대에 따르면,8,[kɯ.ɾi.ko.ko.tɛ.e.t͈a.ɾɯ.mjʌn],[gɯ.ɾi.go.go.dɛ.e.t͈a.ɾɯ.mjʌn]
how old,8,,
그리고 공식적으로,8,[kɯ.ɾi.ko.koŋ.sik̚.tʃʌk̚.ɯ.ɾo],[gɯ.ɾi.go.goŋ.sik̚.tʃʌk̚.ɯ.ɾo]
우린 게이다,8,[u.ɾiŋ.ke.i.ta],[u.ɾin.ge.i.da]
우린 게임을,8,[u.ɾiŋ.ke.im.ɯl],[u.ɾin.ge.im.ɯl]
우린 결혼했어,8,[u.ɾiŋ.kjʌl.hon.hɛt̚.ʌ],[u.ɾin.gjʌl.hon.hɛt̚.ʌ]
죽는걸 봤어,8,[tʃuk̚.nɯŋ.kʌl.pwat̚.ʌ],[dʒuk̚.nɯŋ.kʌl.bwat̚.ʌ]
도와줘 젠장,8,[to.wa.tʃwʌ.tʃen.tʃaŋ],[do.wa.dʒwʌ.dʒen.tʃaŋ]
우린 계획대로,8,[u.ɾiŋ.kje.hwek̚.tɛ.ɾo],[u.ɾin.gje.hwek̚.tɛ.ɾo]
무대에선 내려왔잖아요,8,[mu.tɛ.e.sʌn.nɛ.ɾjʌ.wat̚.tʃan.a.jo],[mu.dɛ.e.sʌn.nɛ.ɾjʌ.wat̚.tʃan.a.jo]
뒷문이 있어,8,[twit̚.mun.i.it̚.ʌ],[dwit̚.mun.i.it̚.ʌ]
거인의 습격으로,8,[kʌ.in.ɯi.sɯp̚.kjʌk̚.ɯ.ɾo],[gʌ.in.ɯi.sɯp̚.kjʌk̚.ɯ.ɾo]
뒷자리에 앉아,8,[twit̚.tʃa.ɾi.e.an.a],[dwit̚.tʃa.ɾi.e.an.a]
여기에서 볼,8,[jʌ.ki.e.sʌ.pol],[jʌ.gi.e.sʌ.bol]
죽는다고 해서,8,[tʃuk̚.nɯn.ta.ko.hɛ.sʌ],[dʒuk̚.nɯn.ta.go.hɛ.sʌ]
가게에서 일해요,8,[ka.ke.e.sʌ.il.hɛ.jo],[ga.ge.e.sʌ.il.hɛ.jo]
우린 괜찮을 겁니다,8,[u.ɾiŋ.kwɛn.tʃʰan.ɯl.kʌp̚.ni.ta],[u.ɾin.gwɛn.tʃʰan.ɯl.gʌp̚.ni.da]
그리고 그 남자,8,[kɯ.ɾi.ko.kɯ.nan.tʃa],[gɯ.ɾi.go.gɯ.nan.tʃa]
듀 클락,8,[tju.kʰɯl.ɾak̚],[dju.kʰɯl.ɾak̚]
우린 그 모든,8,[u.ɾiŋ.kɯ.mo.tɯn],[u.ɾin.gɯ.mo.dɯn]
우린 그거,8,[u.ɾiŋ.kɯ.kʌ],[u.ɾin.gɯ.gʌ]
죽다 살아났는데,8,[tʃuk̚.ta.sal.a.nat̚.nɯn.te],[dʒuk̚.ta.sal.a.nat̚.nɯn.te]
우린 그냥 그렇게,8,[u.ɾiŋ.kɯ.njaŋ.kɯ.ɾʌt̚.ke],[u.ɾin.gɯ.njaŋ.gɯ.ɾʌt̚.ke]
죽다 살았어,8,[tʃuk̚.ta.sal.at̚.ʌ],[dʒuk̚.ta.sal.at̚.ʌ]
드 보부아르가,8,[tɯ.po.pu.a.ɾɯ.ka],[dɯ.bo.bu.a.ɾɯ.ga]
하겠어 안,8,[ha.ket̚.ʌ.an],[ha.get̚.ʌ.an]
우린 그들보다,8,[u.ɾiŋ.kɯ.tɯl.po.ta],[u.ɾin.gɯ.dɯl.po.da]
했었는데 내가,8,[hɛt̚.ʌt̚.nɯn.te.nɛ.ka],[hɛt̚.ʌt̚.nɯn.te.nɛ.ga]
우린 그래야,8,[u.ɾiŋ.kɯ.ɾɛ.ja],[u.ɾin.gɯ.ɾɛ.ja]
우린 그러면,8,[u.ɾiŋ.kɯ.ɾʌ.mjʌn],[u.ɾin.gɯ.ɾʌ.mjʌn]
우린 그러지 않을 거야,8,[u.ɾiŋ.kɯ.ɾʌ.tʃi.an.ɯl.kʌ.ja],[u.ɾin.gɯ.ɾʌ.dʒi.an.ɯl.gʌ.ja]
그리고 그 많은,8,[kɯ.ɾi.ko.kɯ.man.ɯn],[gɯ.ɾi.go.gɯ.man.ɯn]
우린 그런 사람들이,8,[u.ɾiŋ.kɯ.ɾʌn.sa.ɾan.tɯl.i],[u.ɾin.gɯ.ɾʌn.sa.ɾan.tɯl.i]
우린 그런 짓 안,8,[u.ɾiŋ.kɯ.ɾʌn.tʃit̚.an],[u.ɾin.gɯ.ɾʌn.dʒit̚.an]
우린 그렇게 할,8,[u.ɾiŋ.kɯ.ɾʌt̚.ke.hal],[u.ɾin.gɯ.ɾʌt̚.ke.hal]
I''m sure it''s,8,,
드네요 그럼,8,[tɯ.ne.jo.kɯ.ɾʌm],[dɯ.ne.jo.gɯ.ɾʌm]
드네요 나도,8,[tɯ.ne.jo.na.to],[dɯ.ne.jo.na.do]
우린 나간다,8,[u.ɾin.na.kan.ta],[u.ɾin.na.gan.ta]
우린 나무를,8,[u.ɾin.na.mu.ɾɯl],[u.ɾin.na.mu.ɾɯl]
나한테 있지,8,[na.han.tʰe.it̚.tʃi],[na.han.tʰe.it̚.tʃi]
그리고 그 아이는,8,[kɯ.ɾi.ko.kɯ.a.i.nɯn],[gɯ.ɾi.go.gɯ.a.i.nɯn]
건 잘된,8,[kʌn.tʃal.twen],[gʌn.dʒal.twen]
그리고 그 애가,8,[kɯ.ɾi.ko.kɯ.ɛ.ka],[gɯ.ɾi.go.gɯ.ɛ.ga]
그리고 그 애는,8,[kɯ.ɾi.ko.kɯ.ɛ.nɯn],[gɯ.ɾi.go.gɯ.ɛ.nɯn]
우린 너 때문에,8,[u.ɾin.nʌ.t͈ɛ.mun.e],[u.ɾin.nʌ.t͈ɛ.mun.e]
우린 너무 많은,8,[u.ɾin.nʌ.mu.man.ɯn],[u.ɾin.nʌ.mu.man.ɯn]
죽어 다,8,[tʃuk̚.ʌ.ta],[dʒuk̚.ʌ.da]
건 잘못이지만,8,[kʌn.tʃal.mot̚.i.tʃi.man],[gʌn.dʒal.mot̚.i.dʒi.man]
우린 노력했어,8,[u.ɾin.no.ɾjʌk̚.hɛt̚.ʌ],[u.ɾin.no.ɾjʌk̚.hɛt̚.ʌ]
가겠습니다 좋아,8,[ka.ket̚.sɯp̚.ni.ta.tʃot̚.a],[ga.get̚.sɯp̚.ni.da.dʒot̚.a]
우린 누군가를,8,[u.ɾin.nu.kuŋ.ka.ɾɯl],[u.ɾin.nu.guŋ.ka.ɾɯl]
우린 누굴,8,[u.ɾin.nu.kul],[u.ɾin.nu.gul]
드는데 왜,8,[tɯ.nɯn.te.wɛ],[dɯ.nɯn.te.wɛ]
우린 다 괜찮아,8,[u.ɾin.ta.kwɛn.tʃʰan.a],[u.ɾin.da.gwɛn.tʃʰan.a]
드는데 이런,8,[tɯ.nɯn.te.i.ɾʌn],[dɯ.nɯn.te.i.ɾʌn]
우린 다 좋은,8,[u.ɾin.ta.tʃot̚.ɯn],[u.ɾin.da.dʒot̚.ɯn]
우린 다 죽게,8,[u.ɾin.ta.tʃuk̚.ke],[u.ɾin.da.dʒuk̚.ke]
우린 다 죽어요,8,[u.ɾin.ta.tʃuk̚.ʌ.jo],[u.ɾin.da.dʒuk̚.ʌ.jo]
죽어 있었고,8,[tʃuk̚.ʌ.it̚.ʌt̚.ko],[dʒuk̚.ʌ.it̚.ʌt̚.ko]
우린 다시 시작할,8,[u.ɾin.ta.si.si.tʃak̚.hal],[u.ɾin.da.si.si.dʒak̚.hal]
우린 다신,8,[u.ɾin.ta.sin],[u.ɾin.da.sin]
우린 다음에,8,[u.ɾin.ta.ɯm.e],[u.ɾin.da.ɯm.e]
우린 단짝,8,[u.ɾin.tan.tʃ͈ak̚],[u.ɾin.dan.tʃ͈ak̚]
드디어 나가떨어지네요,8,[tɯ.ti.ʌ.na.ka.t͈ʌl.ʌ.tʃi.ne.jo],[dɯ.di.ʌ.na.ga.t͈ʌl.ʌ.dʒi.ne.jo]
우린 당신과,8,[u.ɾin.taŋ.siŋ.kwa],[u.ɾin.daŋ.siŋ.kwa]
우린 당신네,8,[u.ɾin.taŋ.sin.ne],[u.ɾin.daŋ.sin.ne]
how to dougie,8,,
우린 대의를,8,[u.ɾin.tɛ.ɯi.ɾɯl],[u.ɾin.dɛ.ɯi.ɾɯl]
드디어 내게,8,[tɯ.ti.ʌ.nɛ.ke],[dɯ.di.ʌ.nɛ.ge]
건 재미,8,[kʌn.tʃɛ.mi],[gʌn.dʒɛ.mi]
드디어 누가,8,[tɯ.ti.ʌ.nu.ka],[dɯ.di.ʌ.nu.ga]
그런 죄책감을,8,[kɯ.ɾʌn.tʃwe.tʃʰɛk̚.kam.ɯl],[gɯ.ɾʌn.dʒwe.tʃʰɛk̚.kam.ɯl]
우린 도와주러 온,8,[u.ɾin.to.wa.tʃu.ɾʌ.on],[u.ɾin.do.wa.dʒu.ɾʌ.on]
우린 도우러,8,[u.ɾin.to.u.ɾʌ],[u.ɾin.do.u.ɾʌ]
우린 도움이 필요해요,8,[u.ɾin.to.um.i.pʰil.jo.hɛ.jo],[u.ɾin.do.um.i.pʰil.jo.hɛ.jo]
우린 돕고,8,[u.ɾin.top̚.ko],[u.ɾin.dop̚.ko]
우린 돌아올,8,[u.ɾin.tol.a.ol],[u.ɾin.dol.a.ol]
우린 동등한,8,[u.ɾin.toŋ.tɯŋ.han],[u.ɾin.doŋ.dɯŋ.han]
드디어 말이,8,[tɯ.ti.ʌ.mal.i],[dɯ.di.ʌ.mal.i]
죽어가면서 여기 뿌려,8,[tʃuk̚.ʌ.ka.mjʌn.sʌ.jʌ.ki.p͈u.ɾjʌ],[dʒuk̚.ʌ.ga.mjʌn.sʌ.jʌ.gi.p͈u.ɾjʌ]
그리고 그건 좋은,8,[kɯ.ɾi.ko.kɯ.kʌn.tʃot̚.ɯn],[gɯ.ɾi.go.gɯ.gʌn.dʒot̚.ɯn]
드디어 빛을,8,[tɯ.ti.ʌ.pit̚.ɯl],[dɯ.di.ʌ.bit̚.ɯl]
드디어 시간이,8,[tɯ.ti.ʌ.si.kan.i],[dɯ.di.ʌ.si.gan.i]
우린 똑같지,8,[u.ɾin.t͈ok̚.kat̚.tʃi],[u.ɾin.t͈ok̚.kat̚.tʃi]
우린 마을을,8,[u.ɾin.ma.ɯl.ɯl],[u.ɾin.ma.ɯl.ɯl]
우린 많은 일을,8,[u.ɾin.man.ɯn.il.ɯl],[u.ɾin.man.ɯn.il.ɯl]
건 저도 잘,8,[kʌn.tʃʌ.to.tʃal],[gʌn.dʒʌ.do.dʒal]
드디어 이런,8,[tɯ.ti.ʌ.i.ɾʌn],[dɯ.di.ʌ.i.ɾʌn]
우린 먹을,8,[u.ɾin.mʌk̚.ɯl],[u.ɾin.mʌk̚.ɯl]
우린 먼 길을,8,[u.ɾin.mʌŋ.kil.ɯl],[u.ɾin.mʌn.gil.ɯl]
우린 멈출 수,8,[u.ɾin.mʌn.tʃʰul.su],[u.ɾin.mʌn.tʃʰul.su]
드디어 잡았다,8,[tɯ.ti.ʌ.tʃap̚.at̚.ta],[dɯ.di.ʌ.dʒap̚.at̚.ta]
우린 명령을 받았어,8,[u.ɾin.mjʌŋ.ɾjʌŋ.ɯl.pat̚.at̚.ʌ],[u.ɾin.mjʌŋ.ɾjʌŋ.ɯl.bat̚.at̚.ʌ]
우린 몇 가지,8,[u.ɾin.mjʌt̚.ka.tʃi],[u.ɾin.mjʌt̚.ga.dʒi]
드디어 직접,8,[tɯ.ti.ʌ.tʃik̚.tʃʌp̚],[dɯ.di.ʌ.dʒik̚.tʃʌp̚]
여긴 꽃이,8,[jʌ.kiŋ.k͈ot̚.i],[jʌ.giŋ.k͈ot̚.i]
우린 모르고,8,[u.ɾin.mo.ɾɯ.ko],[u.ɾin.mo.ɾɯ.go]
우린 목적이,8,[u.ɾin.mok̚.tʃʌk̚.i],[u.ɾin.mok̚.tʃʌk̚.i]
나쁜 애들,8,[na.p͈ɯn.ɛ.tɯl],[na.p͈ɯn.ɛ.dɯl]
건 저와,8,[kʌn.tʃʌ.wa],[gʌn.dʒʌ.wa]
가격에 두,8,[ka.kjʌk̚.e.tu],[ga.gjʌk̚.e.du]
how was your,8,,
우린 못 해,8,[u.ɾin.mot̚.hɛ],[u.ɾin.mot̚.hɛ]
우린 무방비,8,[u.ɾin.mu.pam.pi],[u.ɾin.mu.baŋ.bi]
드디어 할,8,[tɯ.ti.ʌ.hal],[dɯ.di.ʌ.hal]
그리고 그것은 더,8,[kɯ.ɾi.ko.kɯ.kʌt̚.ɯn.tʌ],[gɯ.ɾi.go.gɯ.gʌt̚.ɯn.dʌ]
우린 문제를,8,[u.ɾin.mun.tʃe.ɾɯl],[u.ɾin.mun.tʃe.ɾɯl]
드디어 해냈어,8,[tɯ.ti.ʌ.hɛ.nɛt̚.ʌ],[dɯ.di.ʌ.hɛ.nɛt̚.ʌ]
건 저희가,8,[kʌn.tʃʌ.hɯi.ka],[gʌn.dʒʌ.hɯi.ga]
그리고 그것은 많은,8,[kɯ.ɾi.ko.kɯ.kʌt̚.ɯn.man.ɯn],[gɯ.ɾi.go.gɯ.gʌt̚.ɯn.man.ɯn]
I''m sure you''ve,8,,
그리고 그것은 보인다,8,[kɯ.ɾi.ko.kɯ.kʌt̚.ɯm.po.in.ta],[gɯ.ɾi.go.gɯ.gʌt̚.ɯn.bo.in.ta]
드라마 한,8,[tɯ.ɾa.ma.han],[dɯ.ɾa.ma.han]
무릎 꿇으라,8,[mu.ɾɯp̚.k͈ul.ɯ.ɾa],[mu.ɾɯp̚.k͈ul.ɯ.ɾa]
죽어야 하나,8,[tʃuk̚.ʌ.ja.ha.na],[dʒuk̚.ʌ.ja.ha.na]
건 적절치,8,[kʌn.tʃʌk̚.tʃʌl.tʃʰi],[gʌn.dʒʌk̚.tʃʌl.tʃʰi]
그리고 그것은 우리,8,[kɯ.ɾi.ko.kɯ.kʌt̚.ɯn.u.ɾi],[gɯ.ɾi.go.gɯ.gʌt̚.ɯn.u.ɾi]
무릎 꿇지 않을,8,[mu.ɾɯp̚.k͈ul.tʃi.an.ɯl],[mu.ɾɯp̚.k͈ul.tʃi.an.ɯl]
우린 방법을 찾을,8,[u.ɾim.pam.pʌp̚.ɯl.tʃʰat̚.ɯl],[u.ɾin.baŋ.bʌp̚.ɯl.tʃʰat̚.ɯl]
드라이브 갈까,8,[tɯ.ɾa.i.pɯ.kal.k͈a],[dɯ.ɾa.i.bɯ.gal.k͈a]
죽어요 안,8,[tʃuk̚.ʌ.jo.an],[dʒuk̚.ʌ.jo.an]
우린 부모가,8,[u.ɾim.pu.mo.ka],[u.ɾin.bu.mo.ga]
무릎까지 꿇고,8,[mu.ɾɯp̚.k͈a.tʃi.k͈ul.ko],[mu.ɾɯp̚.k͈a.dʒi.k͈ul.ko]
가격을 올릴,8,[ka.kjʌk̚.ɯl.ol.ɾil],[ga.gjʌk̚.ɯl.ol.ɾil]
우린 부자야,8,[u.ɾim.pu.tʃa.ja],[u.ɾin.bu.dʒa.ja]
우린 비긴,8,[u.ɾim.pi.kin],[u.ɾin.bi.gin]
우린 비밀이,8,[u.ɾim.pi.mil.i],[u.ɾin.bi.mil.i]
드라이브 중,8,[tɯ.ɾa.i.pɯ.tʃuŋ],[dɯ.ɾa.i.bɯ.dʒuŋ]
여긴 내가 처리할게,8,[jʌ.kin.nɛ.ka.tʃʰʌ.ɾi.hal.ke],[jʌ.gin.nɛ.ga.tʃʰʌ.ɾi.hal.ke]
드라이브가 있는 유일한 스타플릿,8,[tɯ.ɾa.i.pɯ.ka.it̚.nɯn.ju.il.han.sɯ.tʰa.pʰɯl.ɾit̚],[dɯ.ɾa.i.bɯ.ga.it̚.nɯn.ju.il.han.sɯ.tʰa.pʰɯl.ɾit̚]
드라이브도 하고,8,[tɯ.ɾa.i.pɯ.to.ha.ko],[dɯ.ɾa.i.bɯ.do.ha.go]
우린 사람들이,8,[u.ɾin.sa.ɾan.tɯl.i],[u.ɾin.sa.ɾan.tɯl.i]
드라이브를 다시,8,[tɯ.ɾa.i.pɯ.ɾɯl.ta.si],[dɯ.ɾa.i.bɯ.ɾɯl.da.si]
건 전에도,8,[kʌn.tʃʌn.e.to],[gʌn.dʒʌn.e.do]
가격이 두,8,[ka.kjʌk̚.i.tu],[ga.gjʌk̚.i.du]
우린 살인 사건을,8,[u.ɾin.sal.in.sa.kʌn.ɯl],[u.ɾin.sal.in.sa.gʌn.ɯl]
하고 매번,8,[ha.ko.mɛ.pʌn],[ha.go.mɛ.bʌn]
했었지 넌,8,[hɛt̚.ʌt̚.tʃi.nʌn],[hɛt̚.ʌt̚.tʃi.nʌn]
그리고 그게 다가,8,[kɯ.ɾi.ko.kɯ.ke.ta.ka],[gɯ.ɾi.go.gɯ.ge.da.ga]
드러나게 될,8,[tɯ.ɾʌ.na.ke.twel],[dɯ.ɾʌ.na.ge.dwel]
그리고 그게 다야,8,[kɯ.ɾi.ko.kɯ.ke.ta.ja],[gɯ.ɾi.go.gɯ.ge.da.ja]
우린 서로 사랑하고,8,[u.ɾin.sʌ.ɾo.sa.ɾaŋ.ha.ko],[u.ɾin.sʌ.ɾo.sa.ɾaŋ.ha.go]
우린 서로가 있잖아요,8,[u.ɾin.sʌ.ɾo.ka.it̚.tʃan.a.jo],[u.ɾin.sʌ.ɾo.ga.it̚.tʃan.a.jo]
드러나지 않을,8,[tɯ.ɾʌ.na.tʃi.an.ɯl],[dɯ.ɾʌ.na.dʒi.an.ɯl]
도우러 올,8,[to.u.ɾʌ.ol],[do.u.ɾʌ.ol]
우린 성공할,8,[u.ɾin.sʌŋ.koŋ.hal],[u.ɾin.sʌŋ.goŋ.hal]
우린 수가,8,[u.ɾin.su.ka],[u.ɾin.su.ga]
우린 수백,8,[u.ɾin.su.pɛk̚],[u.ɾin.su.bɛk̚]
우린 수적으로,8,[u.ɾin.su.tʃʌk̚.ɯ.ɾo],[u.ɾin.su.dʒʌk̚.ɯ.ɾo]
우린 숲,8,[u.ɾin.sup̚],[u.ɾin.sup̚]
우린 쉽게,8,[u.ɾin.swip̚.ke],[u.ɾin.swip̚.ke]
우린 슈퍼히어로가,8,[u.ɾin.sju.pʰʌ.hi.ʌ.ɾo.ka],[u.ɾin.sju.pʰʌ.hi.ʌ.ɾo.ga]
죽었다고 내가,8,[tʃuk̚.ʌt̚.ta.ko.nɛ.ka],[dʒuk̚.ʌt̚.ta.go.nɛ.ga]
드럼 소리를,8,[tɯ.ɾʌm.so.ɾi.ɾɯl],[dɯ.ɾʌm.so.ɾi.ɾɯl]
우린 승리할,8,[u.ɾin.sɯŋ.ɾi.hal],[u.ɾin.sɯŋ.ɾi.hal]
그리고 그녀는 그,8,[kɯ.ɾi.ko.kɯ.njʌ.nɯŋ.kɯ],[gɯ.ɾi.go.gɯ.njʌ.nɯn.gɯ]
그리고 그녀가 말하길,8,[kɯ.ɾi.ko.kɯ.njʌ.ka.mal.ha.kil],[gɯ.ɾi.go.gɯ.njʌ.ga.mal.ha.gil]
my big,8,,
우린 신경쓰지,8,[u.ɾin.siŋ.kjʌŋ.s͈ɯ.tʃi],[u.ɾin.siŋ.kjʌŋ.s͈ɯ.dʒi]
거잖아 그런데,8,[kʌ.tʃan.a.kɯ.ɾʌn.te],[gʌ.dʒan.a.gɯ.ɾʌn.te]
드레스 사러,8,[tɯ.ɾe.sɯ.sa.ɾʌ],[dɯ.ɾe.sɯ.sa.ɾʌ]
그리고 그녀는 그랬다,8,[kɯ.ɾi.ko.kɯ.njʌ.nɯŋ.kɯ.ɾɛt̚.ta],[gɯ.ɾi.go.gɯ.njʌ.nɯn.gɯ.ɾɛt̚.ta]
우린 싸우지,8,[u.ɾin.s͈a.u.tʃi],[u.ɾin.s͈a.u.dʒi]
우린 싸운다,8,[u.ɾin.s͈a.un.ta],[u.ɾin.s͈a.un.ta]
그리고 그녀는 그렇지 않다,8,[kɯ.ɾi.ko.kɯ.njʌ.nɯŋ.kɯ.ɾʌt̚.tʃi.an.ta],[gɯ.ɾi.go.gɯ.njʌ.nɯn.gɯ.ɾʌt̚.tʃi.an.ta]
무리가 있어요,8,[mu.ɾi.ka.it̚.ʌ.jo],[mu.ɾi.ga.it̚.ʌ.jo]
드레스가 정말,8,[tɯ.ɾe.sɯ.ka.tʃʌŋ.mal],[dɯ.ɾe.sɯ.ga.dʒʌŋ.mal]
건 절대 하지,8,[kʌn.tʃʌl.tɛ.ha.tʃi],[gʌn.dʒʌl.tɛ.ha.dʒi]
그리고 그녀는 우리에게,8,[kɯ.ɾi.ko.kɯ.njʌ.nɯn.u.ɾi.e.ke],[gɯ.ɾi.go.gɯ.njʌ.nɯn.u.ɾi.e.ge]
우린 아주 잘,8,[u.ɾin.a.tʃu.tʃal],[u.ɾin.a.dʒu.dʒal]
죽었다는 걸 알고,8,[tʃuk̚.ʌt̚.ta.nɯŋ.kʌl.al.ko],[dʒuk̚.ʌt̚.ta.nɯn.gʌl.al.ko]
드레이크 씨가,8,[tɯ.ɾe.i.kʰɯ.s͈i.ka],[dɯ.ɾe.i.kʰɯ.s͈i.ga]
드려 정말,8,[tɯ.ɾjʌ.tʃʌŋ.mal],[dɯ.ɾjʌ.dʒʌŋ.mal]
우린 안 될,8,[u.ɾin.an.twel],[u.ɾin.an.dwel]
죽었다는 소식을 듣고,8,[tʃuk̚.ʌt̚.ta.nɯn.so.sik̚.ɯl.tɯt̚.ko],[dʒuk̚.ʌt̚.ta.nɯn.so.sik̚.ɯl.dɯt̚.ko]
우린 알게,8,[u.ɾin.al.ke],[u.ɾin.al.ke]
우린 알고 있었어,8,[u.ɾin.al.ko.it̚.ʌt̚.ʌ],[u.ɾin.al.ko.it̚.ʌt̚.ʌ]
우린 알아내야 해,8,[u.ɾin.al.a.nɛ.ja.hɛ],[u.ɾin.al.a.nɛ.ja.hɛ]
건 정말 대단한,8,[kʌn.tʃʌŋ.mal.tɛ.tan.han],[gʌn.dʒʌŋ.mal.dɛ.dan.han]
우린 얘기 좀,8,[u.ɾin.jɛ.ki.tʃom],[u.ɾin.jɛ.gi.dʒom]
우린 얘기를,8,[u.ɾin.jɛ.ki.ɾɯl],[u.ɾin.jɛ.gi.ɾɯl]
우린 어느새,8,[u.ɾin.ʌ.nɯ.sɛ],[u.ɾin.ʌ.nɯ.sɛ]
huge mistake,8,,
우린 어둠을,8,[u.ɾin.ʌ.tum.ɯl],[u.ɾin.ʌ.dum.ɯl]
가고 나중에,8,[ka.ko.na.tʃuŋ.e],[ga.go.na.dʒuŋ.e]
우린 어릴 때부터,8,[u.ɾin.ʌ.ɾil.t͈ɛ.pu.tʰʌ],[u.ɾin.ʌ.ɾil.t͈ɛ.bu.tʰʌ]
my blood,8,,
우린 어쨌든,8,[u.ɾin.ʌ.tʃ͈ɛt̚.tɯn],[u.ɾin.ʌ.tʃ͈ɛt̚.tɯn]
그리고 그는 그를,8,[kɯ.ɾi.ko.kɯ.nɯŋ.kɯ.ɾɯl],[gɯ.ɾi.go.gɯ.nɯn.gɯ.ɾɯl]
우린 엄마가,8,[u.ɾin.ʌm.ma.ka],[u.ɾin.ʌm.ma.ga]
그리고 그는 너에게,8,[kɯ.ɾi.ko.kɯ.nɯn.nʌ.e.ke],[gɯ.ɾi.go.gɯ.nɯn.nʌ.e.ge]
드르륵 민다,8,[tɯ.ɾɯ.ɾɯk̚.min.ta],[dɯ.ɾɯ.ɾɯk̚.min.ta]
도우려는 거요,8,[to.u.ɾjʌ.nɯŋ.kʌ.jo],[do.u.ɾjʌ.nɯn.gʌ.jo]
우린 연결돼,8,[u.ɾin.jʌŋ.kjʌl.twɛ],[u.ɾin.jʌŋ.kjʌl.twɛ]
건 정신 나간,8,[kʌn.tʃʌŋ.sin.na.kan],[gʌn.dʒʌŋ.sin.na.gan]
우린 영원히 함께,8,[u.ɾin.jʌŋ.wʌn.hi.ham.k͈e],[u.ɾin.jʌŋ.wʌn.hi.ham.k͈e]
우린 오래전부터,8,[u.ɾin.o.ɾɛ.tʃʌm.pu.tʰʌ],[u.ɾin.o.ɾɛ.dʒʌm.pu.tʰʌ]
건 정확히,8,[kʌn.tʃʌŋ.hwak̚.hi],[gʌn.dʒʌŋ.hwak̚.hi]
그리고 그는 무엇을,8,[kɯ.ɾi.ko.kɯ.nɯn.mu.ʌt̚.ɯl],[gɯ.ɾi.go.gɯ.nɯn.mu.ʌt̚.ɯl]
그리고 그는 분명히,8,[kɯ.ɾi.ko.kɯ.nɯm.pun.mjʌŋ.hi],[gɯ.ɾi.go.gɯ.nɯn.bun.mjʌŋ.hi]
건 제가 아니라,8,[kʌn.tʃe.ka.a.ni.ɾa],[gʌn.dʒe.ga.a.ni.ɾa]
우린 우리를,8,[u.ɾin.u.ɾi.ɾɯl],[u.ɾin.u.ɾi.ɾɯl]
여긴 아니에요,8,[jʌ.kin.a.ni.e.jo],[jʌ.gin.a.ni.e.jo]
죽었어 알아,8,[tʃuk̚.ʌt̚.ʌ.al.a],[dʒuk̚.ʌt̚.ʌ.al.a]
우린 위험하지,8,[u.ɾin.wi.hʌm.ha.tʃi],[u.ɾin.wi.hʌm.ha.dʒi]
우린 음식이,8,[u.ɾin.ɯm.sik̚.i],[u.ɾin.ɯm.sik̚.i]
우린 이 사람들을,8,[u.ɾin.i.sa.ɾan.tɯl.ɯl],[u.ɾin.i.sa.ɾan.tɯl.ɯl]
그리고 그는 정말로,8,[kɯ.ɾi.ko.kɯ.nɯn.tʃʌŋ.mal.ɾo],[gɯ.ɾi.go.gɯ.nɯn.dʒʌŋ.mal.ɾo]
우린 이 상황을,8,[u.ɾin.i.saŋ.hwaŋ.ɯl],[u.ɾin.i.saŋ.hwaŋ.ɯl]
드리려 합니다,8,[tɯ.ɾi.ɾjʌ.hap̚.ni.ta],[dɯ.ɾi.ɾjʌ.hap̚.ni.da]
드리려고 하고,8,[tɯ.ɾi.ɾjʌ.ko.ha.ko],[dɯ.ɾi.ɾjʌ.go.ha.go]
드리려고 하고 있어요,8,[tɯ.ɾi.ɾjʌ.ko.ha.ko.it̚.ʌ.jo],[dɯ.ɾi.ɾjʌ.go.ha.go.it̚.ʌ.jo]
드리려고 합니다,8,[tɯ.ɾi.ɾjʌ.ko.hap̚.ni.ta],[dɯ.ɾi.ɾjʌ.go.hap̚.ni.da]
우린 이만 가,8,[u.ɾin.i.maŋ.ka],[u.ɾin.i.man.ga]
건 존재하지 않아,8,[kʌn.tʃon.tʃɛ.ha.tʃi.an.a],[gʌn.dʒon.tʃɛ.ha.dʒi.an.a]
그리고 그들 중 한,8,[kɯ.ɾi.ko.kɯ.tɯl.tʃuŋ.han],[gɯ.ɾi.go.gɯ.dɯl.dʒuŋ.han]
우린 이제 끝이야,8,[u.ɾin.i.tʃe.k͈ɯt̚.i.ja],[u.ɾin.i.dʒe.k͈ɯt̚.i.ja]
여긴 어떻게 알게,8,[jʌ.kin.ʌ.t͈ʌt̚.ke.al.ke],[jʌ.gin.ʌ.t͈ʌt̚.ke.al.ke]
건 좀 그런데,8,[kʌn.tʃom.kɯ.ɾʌn.te],[gʌn.dʒom.gɯ.ɾʌn.te]
여긴 어떻게 들어왔지,8,[jʌ.kin.ʌ.t͈ʌt̚.ke.tɯl.ʌ.wat̚.tʃi],[jʌ.gin.ʌ.t͈ʌt̚.ke.dɯl.ʌ.wat̚.tʃi]
우린 인류를,8,[u.ɾin.il.lju.ɾɯl],[u.ɾin.il.lju.ɾɯl]
하고 싶었던 거,8,[ha.ko.sip̚.ʌt̚.tʌŋ.kʌ],[ha.go.sip̚.ʌt̚.tʌn.gʌ]
우린 자네에게,8,[u.ɾin.tʃa.ne.e.ke],[u.ɾin.dʒa.ne.e.ge]
드리죠 무슨,8,[tɯ.ɾi.tʃjo.mu.sɯn],[dɯ.ɾi.dʒjo.mu.sɯn]
우린 자주,8,[u.ɾin.tʃa.tʃu],[u.ɾin.dʒa.dʒu]
드리죠 우리,8,[tɯ.ɾi.tʃjo.u.ɾi],[dɯ.ɾi.dʒjo.u.ɾi]
우린 잘 지내요,8,[u.ɾin.tʃal.tʃi.nɛ.jo],[u.ɾin.dʒal.dʒi.nɛ.jo]
우린 잘 지낼 수,8,[u.ɾin.tʃal.tʃi.nɛl.su],[u.ɾin.dʒal.dʒi.nɛl.su]
그리고 그들은 다시,8,[kɯ.ɾi.ko.kɯ.tɯl.ɯn.ta.si],[gɯ.ɾi.go.gɯ.dɯl.ɯn.da.si]
우린 잘못된,8,[u.ɾin.tʃal.mot̚.twen],[u.ɾin.dʒal.mot̚.twen]
드리죠 제가,8,[tɯ.ɾi.tʃjo.tʃe.ka],[dɯ.ɾi.dʒjo.dʒe.ga]
우린 저걸,8,[u.ɾin.tʃʌ.kʌl],[u.ɾin.dʒʌ.gʌl]
그리고 그들은 더,8,[kɯ.ɾi.ko.kɯ.tɯl.ɯn.tʌ],[gɯ.ɾi.go.gɯ.dɯl.ɯn.dʌ]
과학 수업,8,[kwa.hak̚.su.ʌp̚],[gwa.hak̚.su.ʌp̚]
건 좀 어때,8,[kʌn.tʃom.ʌ.t͈ɛ],[gʌn.dʒom.ʌ.t͈ɛ]
우린 저쪽으로,8,[u.ɾin.tʃʌ.tʃ͈ok̚.ɯ.ɾo],[u.ɾin.dʒʌ.tʃ͈ok̚.ɯ.ɾo]
우린 전쟁 중입니다,8,[u.ɾin.tʃʌn.tʃɛŋ.tʃuŋ.ip̚.ni.ta],[u.ɾin.dʒʌn.tʃɛŋ.dʒuŋ.ip̚.ni.da]
우린 절친한,8,[u.ɾin.tʃʌl.tʃʰin.han],[u.ɾin.dʒʌl.tʃʰin.han]
죽었으면 하고,8,[tʃuk̚.ʌt̚.ɯ.mjʌn.ha.ko],[dʒuk̚.ʌt̚.ɯ.mjʌn.ha.go]
드릴 걸,8,[tɯ.ɾil.kʌl],[dɯ.ɾil.gʌl]
우린 조금,8,[u.ɾin.tʃo.kɯm],[u.ɾin.dʒo.gɯm]
그리고 그들은 이,8,[kɯ.ɾi.ko.kɯ.tɯl.ɯn.i],[gɯ.ɾi.go.gɯ.dɯl.ɯn.i]
그리고 그들은 이것을,8,[kɯ.ɾi.ko.kɯ.tɯl.ɯn.i.kʌt̚.ɯl],[gɯ.ɾi.go.gɯ.dɯl.ɯn.i.gʌt̚.ɯl]
우린 종종,8,[u.ɾin.tʃoŋ.tʃoŋ],[u.ɾin.dʒoŋ.dʒoŋ]
가고 싶겠죠,8,[ka.ko.sip̚.ket̚.tʃjo],[ga.go.sip̚.ket̚.tʃjo]
우린 좋은 샴페인을 터트리지,8,[u.ɾin.tʃot̚.ɯn.sjam.pʰe.in.ɯl.tʰʌ.tʰɯ.ɾi.tʃi],[u.ɾin.dʒot̚.ɯn.sjam.pʰe.in.ɯl.tʰʌ.tʰɯ.ɾi.dʒi]
우린 좋은 샴페인을,8,[u.ɾin.tʃot̚.ɯn.sjam.pʰe.in.ɯl],[u.ɾin.dʒot̚.ɯn.sjam.pʰe.in.ɯl]
우린 죽는 거야,8,[u.ɾin.tʃuk̚.nɯŋ.kʌ.ja],[u.ɾin.dʒuk̚.nɯn.gʌ.ja]
드릴 말씀이 있다고,8,[tɯ.ɾil.mal.s͈ɯm.i.it̚.ta.ko],[dɯ.ɾil.mal.s͈ɯm.i.it̚.ta.go]
드릴 말씀이 있대요,8,[tɯ.ɾil.mal.s͈ɯm.i.it̚.tɛ.jo],[dɯ.ɾil.mal.s͈ɯm.i.it̚.tɛ.jo]
우린 죽을 겁니다,8,[u.ɾin.tʃuk̚.ɯl.kʌp̚.ni.ta],[u.ɾin.dʒuk̚.ɯl.gʌp̚.ni.da]
무사히 돌아오길,8,[mu.sa.hi.tol.a.o.kil],[mu.sa.hi.dol.a.o.gil]
그리고 그들이 그럴,8,[kɯ.ɾi.ko.kɯ.tɯl.i.kɯ.ɾʌl],[gɯ.ɾi.go.gɯ.dɯl.i.gɯ.ɾʌl]
그리고 그들이 그럴 때,8,[kɯ.ɾi.ko.kɯ.tɯl.i.kɯ.ɾʌl.t͈ɛ],[gɯ.ɾi.go.gɯ.dɯl.i.gɯ.ɾʌl.t͈ɛ]
그리고 그들이 어떻게,8,[kɯ.ɾi.ko.kɯ.tɯl.i.ʌ.t͈ʌt̚.ke],[gɯ.ɾi.go.gɯ.dɯl.i.ʌ.t͈ʌt̚.ke]
여긴 온통,8,[jʌ.kin.on.tʰoŋ],[jʌ.gin.on.tʰoŋ]
우린 줄곧,8,[u.ɾin.tʃul.kot̚],[u.ɾin.dʒul.kot̚]
건 좋은 거지,8,[kʌn.tʃot̚.ɯŋ.kʌ.tʃi],[gʌn.dʒot̚.ɯn.gʌ.dʒi]
우린 지고,8,[u.ɾin.tʃi.ko],[u.ɾin.dʒi.go]
우린 지구를,8,[u.ɾin.tʃi.ku.ɾɯl],[u.ɾin.dʒi.gu.ɾɯl]
그리고 그때 나는,8,[kɯ.ɾi.ko.kɯ.t͈ɛ.na.nɯn],[gɯ.ɾi.go.gɯ.t͈ɛ.na.nɯn]
건 좋은 생각이 아니야,8,[kʌn.tʃot̚.ɯn.sɛŋ.kak̚.i.a.ni.ja],[gʌn.dʒot̚.ɯn.sɛŋ.gak̚.i.a.ni.ja]
우린 지금 막,8,[u.ɾin.tʃi.kɯm.mak̚],[u.ɾin.dʒi.gɯm.mak̚]
우린 지옥에,8,[u.ɾin.tʃi.ok̚.e],[u.ɾin.dʒi.ok̚.e]
I''m terribly,8,,
드릴 수가 없어요,8,[tɯ.ɾil.su.ka.ʌp̚.ʌ.jo],[dɯ.ɾil.su.ga.ʌp̚.ʌ.jo]
죽었잖아 이제,8,[tʃuk̚.ʌt̚.tʃan.a.i.tʃe],[dʒuk̚.ʌt̚.tʃan.a.i.dʒe]
우린 질 거야,8,[u.ɾin.tʃil.kʌ.ja],[u.ɾin.dʒil.gʌ.ja]
그리고 그땐,8,[kɯ.ɾi.ko.kɯ.t͈ɛn],[gɯ.ɾi.go.gɯ.t͈ɛn]
우린 집이,8,[u.ɾin.tʃip̚.i],[u.ɾin.dʒip̚.i]
건 좋은 일이,8,[kʌn.tʃot̚.ɯn.il.i],[gʌn.dʒot̚.ɯn.il.i]
우린 착륙한,8,[u.ɾin.tʃʰak̚.ɾjuk̚.han],[u.ɾin.tʃʰak̚.ɾjuk̚.han]
우린 책임이,8,[u.ɾin.tʃʰɛk̚.im.i],[u.ɾin.tʃʰɛk̚.im.i]
우린 천생연분이야,8,[u.ɾin.tʃʰʌn.sɛŋ.jʌm.pun.i.ja],[u.ɾin.tʃʰʌn.sɛŋ.jʌm.pun.i.ja]
우린 총,8,[u.ɾin.tʃʰoŋ],[u.ɾin.tʃʰoŋ]
드릴 테니까요,8,[tɯ.ɾil.tʰe.ni.k͈a.jo],[dɯ.ɾil.tʰe.ni.k͈a.jo]
드릴게 있어요,8,[tɯ.ɾil.ke.it̚.ʌ.jo],[dɯ.ɾil.ke.it̚.ʌ.jo]
가고 싶긴 한데,8,[ka.ko.sip̚.kin.han.te],[ga.go.sip̚.kin.han.te]
우린 친구가 아니에요,8,[u.ɾin.tʃʰiŋ.ku.ka.a.ni.e.jo],[u.ɾin.tʃʰiŋ.ku.ga.a.ni.e.jo]
우린 친구고,8,[u.ɾin.tʃʰiŋ.ku.ko],[u.ɾin.tʃʰiŋ.ku.go]
우린 친구인 줄,8,[u.ɾin.tʃʰiŋ.ku.in.tʃul],[u.ɾin.tʃʰiŋ.ku.in.dʒul]
죽여 그냥 날 죽여,8,[tʃuk̚.jʌ.kɯ.njaŋ.nal.tʃuk̚.jʌ],[dʒuk̚.jʌ.gɯ.njaŋ.nal.dʒuk̚.jʌ]
우린 커플이,8,[u.ɾiŋ.kʰʌ.pʰɯl.i],[u.ɾiŋ.kʰʌ.pʰɯl.i]
죽여 놓을,8,[tʃuk̚.jʌ.not̚.ɯl],[dʒuk̚.jʌ.not̚.ɯl]
무서운 게 뭔지,8,[mu.sʌ.uŋ.ke.mwʌn.tʃi],[mu.sʌ.un.ge.mwʌn.tʃi]
그리고 그렇지 않은,8,[kɯ.ɾi.ko.kɯ.ɾʌt̚.tʃi.an.ɯn],[gɯ.ɾi.go.gɯ.ɾʌt̚.tʃi.an.ɯn]
우린 테러범과,8,[u.ɾin.tʰe.ɾʌ.pʌm.kwa],[u.ɾin.tʰe.ɾʌ.bʌm.kwa]
여긴 얼씬도,8,[jʌ.kin.ʌl.s͈in.to],[jʌ.gin.ʌl.s͈in.to]
봐 필요한,8,[pwa.pʰil.jo.han],[bwa.pʰil.jo.han]
드릴게요 이건,8,[tɯ.ɾil.ke.jo.i.kʌn],[dɯ.ɾil.ke.jo.i.gʌn]
건 죄송합니다,8,[kʌn.tʃwe.soŋ.hap̚.ni.ta],[gʌn.dʒwe.soŋ.hap̚.ni.da]
우린 평화롭게,8,[u.ɾim.pʰjʌŋ.hwa.ɾop̚.ke],[u.ɾim.pʰjʌŋ.hwa.ɾop̚.ke]
드릴게요 이런,8,[tɯ.ɾil.ke.jo.i.ɾʌn],[dɯ.ɾil.ke.jo.i.ɾʌn]
건 죄송하지만,8,[kʌn.tʃwe.soŋ.ha.tʃi.man],[gʌn.dʒwe.soŋ.ha.dʒi.man]
우린 필요한,8,[u.ɾim.pʰil.jo.han],[u.ɾim.pʰil.jo.han]
죽여 버릴 테니까,8,[tʃuk̚.jʌ.pʌ.ɾil.tʰe.ni.k͈a],[dʒuk̚.jʌ.bʌ.ɾil.tʰe.ni.k͈a]
우린 필요할거야,8,[u.ɾim.pʰil.jo.hal.kʌ.ja],[u.ɾim.pʰil.jo.hal.kʌ.ja]
여긴 웬일,8,[jʌ.kin.wen.il],[jʌ.gin.wen.il]
드릴까 합니다,8,[tɯ.ɾil.k͈a.hap̚.ni.ta],[dɯ.ɾil.k͈a.hap̚.ni.da]
우린 한 팀이니까,8,[u.ɾin.han.tʰim.i.ni.k͈a],[u.ɾin.han.tʰim.i.ni.k͈a]
그리고 그의 아내,8,[kɯ.ɾi.ko.kɯ.ɯi.a.nɛ],[gɯ.ɾi.go.gɯ.ɯi.a.nɛ]
우린 할 수 있다,8,[u.ɾin.hal.su.it̚.ta],[u.ɾin.hal.su.it̚.ta]
우린 할 수 있을,8,[u.ɾin.hal.su.it̚.ɯl],[u.ɾin.hal.su.it̚.ɯl]
그리고 그쪽,8,[kɯ.ɾi.ko.kɯ.tʃ͈ok̚],[gɯ.ɾi.go.gɯ.tʃ͈ok̚]
그리고 그쪽은,8,[kɯ.ɾi.ko.kɯ.tʃ͈ok̚.ɯn],[gɯ.ɾi.go.gɯ.tʃ͈ok̚.ɯn]
건 죽을,8,[kʌn.tʃuk̚.ɯl],[gʌn.dʒuk̚.ɯl]
우린 함께 이,8,[u.ɾin.ham.k͈e.i],[u.ɾin.ham.k͈e.i]
우린 함께하는,8,[u.ɾin.ham.k͈e.ha.nɯn],[u.ɾin.ham.k͈e.ha.nɯn]
죽여 이,8,[tʃuk̚.jʌ.i],[dʒuk̚.jʌ.i]
우린 항상 같이,8,[u.ɾin.haŋ.saŋ.kat̚.i],[u.ɾin.haŋ.saŋ.gat̚.i]
드문 일이야,8,[tɯ.mun.il.i.ja],[dɯ.mun.il.i.ja]
죽여도 되는,8,[tʃuk̚.jʌ.to.twe.nɯn],[dʒuk̚.jʌ.do.dwe.nɯn]
우린 해결책을,8,[u.ɾin.hɛ.kjʌl.tʃʰɛk̚.ɯl],[u.ɾin.hɛ.gjʌl.tʃʰɛk̚.ɯl]
우린 해낼 거예요,8,[u.ɾin.hɛ.nɛl.kʌ.je.jo],[u.ɾin.hɛ.nɛl.gʌ.je.jo]
You don''t have a,8,,
우린 헤어졌어,8,[u.ɾin.he.ʌ.tʃjʌt̚.ʌ],[u.ɾin.he.ʌ.dʒjʌt̚.ʌ]
여긴 자네,8,[jʌ.kin.tʃa.ne],[jʌ.gin.dʒa.ne]
가고 싶다며,8,[ka.ko.sip̚.ta.mjʌ],[ga.go.sip̚.ta.mjʌ]
우린 혼자가 아니야,8,[u.ɾin.hon.tʃa.ka.a.ni.ja],[u.ɾin.hon.tʃa.ga.a.ni.ja]
드세요 안녕하세요,8,[tɯ.se.jo.an.njʌŋ.ha.se.jo],[dɯ.se.jo.an.njʌŋ.ha.se.jo]
그리고 기회를,8,[kɯ.ɾi.ko.ki.hwe.ɾɯl],[gɯ.ɾi.go.gi.hwe.ɾɯl]
무서울 거 없어,8,[mu.sʌ.ul.kʌ.ʌp̚.ʌ],[mu.sʌ.ul.gʌ.ʌp̚.ʌ]
드세요 왜,8,[tɯ.se.jo.wɛ],[dɯ.se.jo.wɛ]
우릴 갈라놓을 순,8,[u.ɾil.kal.ɾa.not̚.ɯl.sun],[u.ɾil.gal.ɾa.not̚.ɯl.sun]
거잖아 맞지,8,[kʌ.tʃan.a.mat̚.tʃi],[gʌ.dʒan.a.mat̚.tʃi]
도울 수 있는 모든,8,[to.ul.su.it̚.nɯn.mo.tɯn],[do.ul.su.it̚.nɯn.mo.dɯn]
도울 수 있는 방법,8,[to.ul.su.it̚.nɯm.pam.pʌp̚],[do.ul.su.it̚.nɯn.baŋ.bʌp̚]
우릴 고문하고,8,[u.ɾil.ko.mun.ha.ko],[u.ɾil.go.mun.ha.go]
여긴 지구야,8,[jʌ.kin.tʃi.ku.ja],[jʌ.gin.dʒi.gu.ja]
드시는 건,8,[tɯ.si.nɯŋ.kʌn],[dɯ.si.nɯn.gʌn]
우릴 구해줄 거야,8,[u.ɾil.ku.hɛ.tʃul.kʌ.ja],[u.ɾil.gu.hɛ.dʒul.gʌ.ja]
드시면 됩니다,8,[tɯ.si.mjʌn.twep̚.ni.ta],[dɯ.si.mjʌn.dwep̚.ni.da]
드시면 좋겠네요,8,[tɯ.si.mjʌn.tʃot̚.ket̚.ne.jo],[dɯ.si.mjʌn.dʒot̚.ket̚.ne.jo]
우릴 기다리는,8,[u.ɾil.ki.ta.ɾi.nɯn],[u.ɾil.gi.da.ɾi.nɯn]
드신 게,8,[tɯ.siŋ.ke],[dɯ.sin.ge]
우릴 노리고 있어,8,[u.ɾil.lo.ɾi.ko.it̚.ʌ],[u.ɾil.lo.ɾi.go.it̚.ʌ]
우릴 노린,8,[u.ɾil.lo.ɾin],[u.ɾil.lo.ɾin]
우릴 다른,8,[u.ɾil.ta.ɾɯn],[u.ɾil.da.ɾɯn]
죽였고 내가,8,[tʃuk̚.jʌt̚.ko.nɛ.ka],[dʒuk̚.jʌt̚.ko.nɛ.ga]
드와이트 워커,8,[tɯ.wa.i.tʰɯ.wʌ.kʰʌ],[dɯ.wa.i.tʰɯ.wʌ.kʰʌ]
우릴 데리러 와,8,[u.ɾil.te.ɾi.ɾʌ.wa],[u.ɾil.de.ɾi.ɾʌ.wa]
우릴 도와주려고,8,[u.ɾil.to.wa.tʃu.ɾjʌ.ko],[u.ɾil.do.wa.dʒu.ɾjʌ.go]
그리고 나는 그들의,8,[kɯ.ɾi.ko.na.nɯŋ.kɯ.tɯl.ɯi],[gɯ.ɾi.go.na.nɯn.gɯ.dɯl.ɯi]
I''m terribly sorry,8,,
우릴 도와줄거야,8,[u.ɾil.to.wa.tʃul.kʌ.ja],[u.ɾil.do.wa.dʒul.kʌ.ja]
득을 보는,8,[tɯk̚.ɯl.po.nɯn],[dɯk̚.ɯl.bo.nɯn]
그리고 나는 그러지,8,[kɯ.ɾi.ko.na.nɯŋ.kɯ.ɾʌ.tʃi],[gɯ.ɾi.go.na.nɯn.gɯ.ɾʌ.dʒi]
우릴 도울 수 있는,8,[u.ɾil.to.ul.su.it̚.nɯn],[u.ɾil.do.ul.su.it̚.nɯn]
했을 때 전,8,[hɛt̚.ɯl.t͈ɛ.tʃʌn],[hɛt̚.ɯl.t͈ɛ.dʒʌn]
든 가방을 들고,8,[tɯŋ.ka.paŋ.ɯl.tɯl.ko],[dɯn.ga.baŋ.ɯl.dɯl.ko]
든 거 뭐야,8,[tɯŋ.kʌ.mwʌ.ja],[dɯn.gʌ.mwʌ.ja]
우릴 따라,8,[u.ɾil.t͈a.ɾa],[u.ɾil.t͈a.ɾa]
우릴 따라와요,8,[u.ɾil.t͈a.ɾa.wa.jo],[u.ɾil.t͈a.ɾa.wa.jo]
우릴 떠났어,8,[u.ɾil.t͈ʌ.nat̚.ʌ],[u.ɾil.t͈ʌ.nat̚.ʌ]
우릴 막을 순,8,[u.ɾil.mak̚.ɯl.sun],[u.ɾil.mak̚.ɯl.sun]
가고 싶어 하는데,8,[ka.ko.sip̚.ʌ.ha.nɯn.te],[ga.go.sip̚.ʌ.ha.nɯn.te]
우릴 만나러,8,[u.ɾil.man.na.ɾʌ],[u.ɾil.man.na.ɾʌ]
우릴 많이,8,[u.ɾil.man.i],[u.ɾil.man.i]
우릴 먼저,8,[u.ɾil.mʌn.tʃʌ],[u.ɾil.mʌn.tʃʌ]
건 지쳤어,8,[kʌn.tʃi.tʃʰjʌt̚.ʌ],[gʌn.dʒi.tʃʰjʌt̚.ʌ]
우릴 뭘로,8,[u.ɾil.mwʌl.ɾo],[u.ɾil.mwʌl.ɾo]
husband is,8,,
든 남자를,8,[tɯn.nan.tʃa.ɾɯl],[dɯn.nan.tʃa.ɾɯl]
우릴 믿을 수,8,[u.ɾil.mit̚.ɯl.su],[u.ɾil.mit̚.ɯl.su]
우릴 버리지 마,8,[u.ɾil.pʌ.ɾi.tʃi.ma],[u.ɾil.bʌ.ɾi.dʒi.ma]
그리고 나는 당신의,8,[kɯ.ɾi.ko.na.nɯn.taŋ.sin.ɯi],[gɯ.ɾi.go.na.nɯn.daŋ.sin.ɯi]
가고 싶어 해,8,[ka.ko.sip̚.ʌ.hɛ],[ga.go.sip̚.ʌ.hɛ]
그리고 나는 또한,8,[kɯ.ɾi.ko.na.nɯn.t͈o.han],[gɯ.ɾi.go.na.nɯn.t͈o.han]
든 쥐야,8,[tɯn.tʃwi.ja],[dɯn.dʒwi.ja]
우릴 살렸어,8,[u.ɾil.sal.ɾjʌt̚.ʌ],[u.ɾil.sal.ɾjʌt̚.ʌ]
든다 고마워,8,[tɯn.ta.ko.ma.wʌ],[dɯn.ta.go.ma.wʌ]
든다 내,8,[tɯn.ta.nɛ],[dɯn.ta.nɛ]
우릴 속이려고,8,[u.ɾil.sok̚.i.ɾjʌ.ko],[u.ɾil.sok̚.i.ɾjʌ.go]
든다는 거야,8,[tɯn.ta.nɯŋ.kʌ.ja],[dɯn.ta.nɯn.gʌ.ja]
그리고 나는 모른다,8,[kɯ.ɾi.ko.na.nɯn.mo.ɾɯn.ta],[gɯ.ɾi.go.na.nɯn.mo.ɾɯn.ta]
우릴 쏘는,8,[u.ɾil.s͈o.nɯn],[u.ɾil.s͈o.nɯn]
우릴 쏘고 있어,8,[u.ɾil.s͈o.ko.it̚.ʌ],[u.ɾil.s͈o.go.it̚.ʌ]
든든히 먹고,8,[tɯn.tɯn.hi.mʌk̚.ko],[dɯn.tɯn.hi.mʌk̚.ko]
듣게 돼서,8,[tɯt̚.ke.twɛ.sʌ],[dɯt̚.ke.dwɛ.sʌ]
우릴 여기로 데려온 게,8,[u.ɾil.jʌ.ki.ɾo.te.ɾjʌ.oŋ.ke],[u.ɾil.jʌ.gi.ɾo.de.ɾjʌ.on.ge]
듣게 되다니,8,[tɯt̚.ke.twe.ta.ni],[dɯt̚.ke.dwe.da.ni]
우릴 여기서 꺼내줄,8,[u.ɾil.jʌ.ki.sʌ.k͈ʌ.nɛ.tʃul],[u.ɾil.jʌ.gi.sʌ.k͈ʌ.nɛ.dʒul]
듣게 되어 유감이에요,8,[tɯt̚.ke.twe.ʌ.ju.kam.i.e.jo],[dɯt̚.ke.dwe.ʌ.ju.gam.i.e.jo]
우릴 원하지,8,[u.ɾil.wʌn.ha.tʃi],[u.ɾil.wʌn.ha.dʒi]
듣게 된다면,8,[tɯt̚.ke.twen.ta.mjʌn],[dɯt̚.ke.dwen.ta.mjʌn]
우릴 이길 수,8,[u.ɾil.i.kil.su],[u.ɾil.i.gil.su]
우릴 이끌어,8,[u.ɾil.i.k͈ɯl.ʌ],[u.ɾil.i.k͈ɯl.ʌ]
그리고 나는 여기에,8,[kɯ.ɾi.ko.na.nɯn.jʌ.ki.e],[gɯ.ɾi.go.na.nɯn.jʌ.gi.e]
그리고 나는 원하지 않는다,8,[kɯ.ɾi.ko.na.nɯn.wʌn.ha.tʃi.an.nɯn.ta],[gɯ.ɾi.go.na.nɯn.wʌn.ha.dʒi.an.nɯn.ta]
듣고 가,8,[tɯt̚.ko.ka],[dɯt̚.ko.ga]
You don''t like,8,,
듣고 그런,8,[tɯt̚.ko.kɯ.ɾʌn],[dɯt̚.ko.gɯ.ɾʌn]
여길 뜨고,8,[jʌ.kil.t͈ɯ.ko],[jʌ.gil.t͈ɯ.go]
그리고 나는 이해한다,8,[kɯ.ɾi.ko.na.nɯn.i.hɛ.han.ta],[gɯ.ɾi.go.na.nɯn.i.hɛ.han.ta]
우릴 죽일 셈이야,8,[u.ɾil.tʃuk̚.il.sem.i.ja],[u.ɾil.dʒuk̚.il.sem.i.ja]
우릴 지켜보고 있을,8,[u.ɾil.tʃi.kʰjʌ.po.ko.it̚.ɯl],[u.ɾil.dʒi.kʰjʌ.bo.go.it̚.ɯl]
우릴 지켜보고 있었어,8,[u.ɾil.tʃi.kʰjʌ.po.ko.it̚.ʌt̚.ʌ],[u.ɾil.dʒi.kʰjʌ.bo.go.it̚.ʌt̚.ʌ]
그리고 나는 정말로,8,[kɯ.ɾi.ko.na.nɯn.tʃʌŋ.mal.ɾo],[gɯ.ɾi.go.na.nɯn.dʒʌŋ.mal.ɾo]
무서워해도 괜찮다는,8,[mu.sʌ.wʌ.hɛ.to.kwɛn.tʃʰan.ta.nɯn],[mu.sʌ.wʌ.hɛ.do.gwɛn.tʃʰan.ta.nɯn]
우릴 쫓아온,8,[u.ɾil.tʃ͈ot̚.a.on],[u.ɾil.tʃ͈ot̚.a.on]
듣고 다시,8,[tɯt̚.ko.ta.si],[dɯt̚.ko.da.si]
죽였어요 이,8,[tʃuk̚.jʌt̚.ʌ.jo.i],[dʒuk̚.jʌt̚.ʌ.jo.i]
우릴 찍고,8,[u.ɾil.tʃ͈ik̚.ko],[u.ɾil.tʃ͈ik̚.ko]
건 처음 들어,8,[kʌn.tʃʰʌ.ɯn.tɯl.ʌ],[gʌn.tʃʰʌ.ɯm.dɯl.ʌ]
우릴 찾았어요,8,[u.ɾil.tʃʰat̚.at̚.ʌ.jo],[u.ɾil.tʃʰat̚.at̚.ʌ.jo]
우릴 찾으러 올 거야,8,[u.ɾil.tʃʰat̚.ɯ.ɾʌ.ol.kʌ.ja],[u.ɾil.tʃʰat̚.ɯ.ɾʌ.ol.gʌ.ja]
우릴 찾으면,8,[u.ɾil.tʃʰat̚.ɯ.mjʌn],[u.ɾil.tʃʰat̚.ɯ.mjʌn]
그리고 나는이,8,[kɯ.ɾi.ko.na.nɯn.i],[gɯ.ɾi.go.na.nɯn.i]
건 처음 보는군,8,[kʌn.tʃʰʌ.ɯm.po.nɯŋ.kun],[gʌn.tʃʰʌ.ɯm.bo.nɯŋ.kun]
결과에 대해서,8,[kjʌl.kwa.e.tɛ.hɛ.sʌ],[gjʌl.kwa.e.dɛ.hɛ.sʌ]
우릴 풀어,8,[u.ɾil.pʰul.ʌ],[u.ɾil.pʰul.ʌ]
우릴 풀어줘,8,[u.ɾil.pʰul.ʌ.tʃwʌ],[u.ɾil.pʰul.ʌ.dʒwʌ]
우릴 해치고,8,[u.ɾil.hɛ.tʃʰi.ko],[u.ɾil.hɛ.tʃʰi.go]
그리고 나보다,8,[kɯ.ɾi.ko.na.po.ta],[gɯ.ɾi.go.na.bo.da]
우산을 쓰고,8,[u.san.ɯl.s͈ɯ.ko],[u.san.ɯl.s͈ɯ.go]
우선 우리가,8,[u.sʌn.u.ɾi.ka],[u.sʌn.u.ɾi.ga]
듣고 싶었던 말이야,8,[tɯt̚.ko.sip̚.ʌt̚.tʌn.mal.i.ja],[dɯt̚.ko.sip̚.ʌt̚.tʌn.mal.i.ja]
우선 저,8,[u.sʌn.tʃʌ],[u.sʌn.dʒʌ]
죽으려고 작정했어,8,[tʃuk̚.ɯ.ɾjʌ.ko.tʃak̚.tʃʌŋ.hɛt̚.ʌ],[dʒuk̚.ɯ.ɾjʌ.go.dʒak̚.tʃʌŋ.hɛt̚.ʌ]
듣고 싶으시면,8,[tɯt̚.ko.sip̚.ɯ.si.mjʌn],[dɯt̚.ko.sip̚.ɯ.si.mjʌn]
우습게 보고,8,[u.sɯp̚.ke.po.ko],[u.sɯp̚.ke.bo.go]
게 없었지만,8,[ke.ʌp̚.ʌt̚.tʃi.man],[ge.ʌp̚.ʌt̚.tʃi.man]
죽으러 온 거지 네,8,[tʃuk̚.ɯ.ɾʌ.oŋ.kʌ.tʃi.ne],[dʒuk̚.ɯ.ɾʌ.on.gʌ.dʒi.ne]
우승을 차지했습니다,8,[u.sɯŋ.ɯl.tʃʰa.tʃi.hɛt̚.sɯp̚.ni.ta],[u.sɯŋ.ɯl.tʃʰa.dʒi.hɛt̚.sɯp̚.ni.da]
우승의 웃음,8,[u.sɯŋ.ɯi.ut̚.ɯm],[u.sɯŋ.ɯi.ut̚.ɯm]
우승했을 때,8,[u.sɯŋ.hɛt̚.ɯl.t͈ɛ],[u.sɯŋ.hɛt̚.ɯl.t͈ɛ]
우시로다 바쿠,8,[u.si.ɾo.ta.pa.kʰu],[u.si.ɾo.da.ba.kʰu]
우식의 아파하는 숨소리,8,[u.sik̚.ɯi.a.pʰa.ha.nɯn.sum.so.ɾi],[u.sik̚.ɯi.a.pʰa.ha.nɯn.sum.so.ɾi]
우식이 살짝 웃는다,8,[u.sik̚.i.sal.tʃ͈ak̚.ut̚.nɯn.ta],[u.sik̚.i.sal.tʃ͈ak̚.ut̚.nɯn.ta]
듣고 싶지 않으니까,8,[tɯt̚.ko.sip̚.tʃi.an.ɯ.ni.k͈a],[dɯt̚.ko.sip̚.tʃi.an.ɯ.ni.k͈a]
우에야마 군,8,[u.e.ja.ma.kun],[u.e.ja.ma.gun]
그리고 나에 대한,8,[kɯ.ɾi.ko.na.e.tɛ.han],[gɯ.ɾi.go.na.e.dɛ.han]
듣고 싶지 않을 거야,8,[tɯt̚.ko.sip̚.tʃi.an.ɯl.kʌ.ja],[dɯt̚.ko.sip̚.tʃi.an.ɯl.gʌ.ja]
우연을 믿지,8,[u.jʌn.ɯl.mit̚.tʃi],[u.jʌn.ɯl.mit̚.tʃi]
우연의 일치가 아니야,8,[u.jʌn.ɯi.il.tʃʰi.ka.a.ni.ja],[u.jʌn.ɯi.il.tʃʰi.ga.a.ni.ja]
건 처음이었죠,8,[kʌn.tʃʰʌ.ɯm.i.ʌt̚.tʃjo],[gʌn.tʃʰʌ.ɯm.i.ʌt̚.tʃjo]
죽으면 아무것도,8,[tʃuk̚.ɯ.mjʌn.a.mu.kʌt̚.to],[dʒuk̚.ɯ.mjʌn.a.mu.gʌt̚.to]
듣고 엄청,8,[tɯt̚.ko.ʌn.tʃʰʌŋ],[dɯt̚.ko.ʌn.tʃʰʌŋ]
우연이 너무,8,[u.jʌn.i.nʌ.mu],[u.jʌn.i.nʌ.mu]
우연이 다 있나,8,[u.jʌn.i.ta.it̚.na],[u.jʌn.i.da.it̚.na]
우연이 아닌 것,8,[u.jʌn.i.a.niŋ.kʌt̚],[u.jʌn.i.a.nin.gʌt̚]
가고 싶으면 가도,8,[ka.ko.sip̚.ɯ.mjʌŋ.ka.to],[ga.go.sip̚.ɯ.mjʌn.ga.do]
우연이라고 생각해,8,[u.jʌn.i.ɾa.ko.sɛŋ.kak̚.hɛ],[u.jʌn.i.ɾa.go.sɛŋ.gak̚.hɛ]
우연이라고 하기엔,8,[u.jʌn.i.ɾa.ko.ha.ki.en],[u.jʌn.i.ɾa.go.ha.gi.en]
우연일 수도 있지만,8,[u.jʌn.il.su.to.it̚.tʃi.man],[u.jʌn.il.su.do.it̚.tʃi.man]
우연히 같은,8,[u.jʌn.hi.kat̚.ɯn],[u.jʌn.hi.gat̚.ɯn]
우연히 네,8,[u.jʌn.hi.ne],[u.jʌn.hi.ne]
I''m the new caretaker,8,,
우연히 만나,8,[u.jʌn.hi.man.na],[u.jʌn.hi.man.na]
우연히 만났다고,8,[u.jʌn.hi.man.nat̚.ta.ko],[u.jʌn.hi.man.nat̚.ta.go]
우연히 만났을,8,[u.jʌn.hi.man.nat̚.ɯl],[u.jʌn.hi.man.nat̚.ɯl]
우연히 미래에 가게,8,[u.jʌn.hi.mi.ɾɛ.e.ka.ke],[u.jʌn.hi.mi.ɾɛ.e.ga.ge]
idea where,8,,
그리고 난 너,8,[kɯ.ɾi.ko.nan.nʌ],[gɯ.ɾi.go.nan.nʌ]
나한테는 항상,8,[na.han.tʰe.nɯn.haŋ.saŋ],[na.han.tʰe.nɯn.haŋ.saŋ]
우연히 지나가는,8,[u.jʌn.hi.tʃi.na.ka.nɯn],[u.jʌn.hi.dʒi.na.ga.nɯn]
우연히 함께,8,[u.jʌn.hi.ham.k͈e],[u.jʌn.hi.ham.k͈e]
우연히도 내가,8,[u.jʌn.hi.to.nɛ.ka],[u.jʌn.hi.do.nɛ.ga]
죽은 거야 내가,8,[tʃuk̚.ɯŋ.kʌ.ja.nɛ.ka],[dʒuk̚.ɯn.gʌ.ja.nɛ.ga]
우울한 거,8,[u.ul.haŋ.kʌ],[u.ul.han.gʌ]
그리고 난 다른,8,[kɯ.ɾi.ko.nan.ta.ɾɯn],[gɯ.ɾi.go.nan.da.ɾɯn]
그리고 난 당신,8,[kɯ.ɾi.ko.nan.taŋ.sin],[gɯ.ɾi.go.nan.daŋ.sin]
죽은 건 내,8,[tʃuk̚.ɯŋ.kʌn.nɛ],[dʒuk̚.ɯn.gʌn.nɛ]
우위를 점한,8,[u.wi.ɾɯl.tʃʌm.han],[u.wi.ɾɯl.dʒʌm.han]
우유 두 잔,8,[u.ju.tu.tʃan],[u.ju.du.dʒan]
듣고 있잖아요,8,[tɯt̚.ko.it̚.tʃan.a.jo],[dɯt̚.ko.it̚.tʃan.a.jo]
우유 두 잔 줘요,8,[u.ju.tu.tʃan.tʃwʌ.jo],[u.ju.du.dʒan.dʒwʌ.jo]
우유 사,8,[u.ju.sa],[u.ju.sa]
우유 한 잔,8,[u.ju.han.tʃan],[u.ju.han.dʒan]
듣고 정말 기뻤어요,8,[tɯt̚.ko.tʃʌŋ.mal.ki.p͈ʌt̚.ʌ.jo],[dɯt̚.ko.dʒʌŋ.mal.gi.p͈ʌt̚.ʌ.jo]
듣고 한 귀로,8,[tɯt̚.ko.haŋ.kwi.ɾo],[dɯt̚.ko.han.gwi.ɾo]
우정을 나눌,8,[u.tʃʌŋ.ɯl.la.nul],[u.dʒʌŋ.ɯl.la.nul]
우정이 가장,8,[u.tʃʌŋ.i.ka.tʃaŋ],[u.dʒʌŋ.i.ga.dʒaŋ]
그리고 난 오늘,8,[kɯ.ɾi.ko.nan.o.nɯl],[gɯ.ɾi.go.nan.o.nɯl]
우주 공간에,8,[u.tʃu.koŋ.kan.e],[u.dʒu.goŋ.gan.e]
듣기 싫을,8,[tɯt̚.ki.sil.ɯl],[dɯt̚.ki.sil.ɯl]
우주 밖으로,8,[u.tʃu.pak̚.ɯ.ɾo],[u.dʒu.bak̚.ɯ.ɾo]
도움 요청하러,8,[to.um.jo.tʃʰʌŋ.ha.ɾʌ],[do.um.jo.tʃʰʌŋ.ha.ɾʌ]
우주 비행사 이론가들이 제안한,8,[u.tʃu.pi.hɛŋ.sa.i.ɾoŋ.ka.tɯl.i.tʃe.an.han],[u.dʒu.bi.hɛŋ.sa.i.ɾoŋ.ka.dɯl.i.dʒe.an.han]
듣기 좋은 말,8,[tɯt̚.ki.tʃot̚.ɯn.mal],[dɯt̚.ki.dʒot̚.ɯn.mal]
듣기 좋은데요,8,[tɯt̚.ki.tʃot̚.ɯn.te.jo],[dɯt̚.ki.dʒot̚.ɯn.te.jo]
그리고 남자가,8,[kɯ.ɾi.ko.nan.tʃa.ka],[gɯ.ɾi.go.nan.tʃa.ga]
듣기론 이,8,[tɯt̚.ki.ɾon.i],[dɯt̚.ki.ɾon.i]
우주 유영,8,[u.tʃu.ju.jʌŋ],[u.dʒu.ju.jʌŋ]
듣기만 했어,8,[tɯt̚.ki.man.hɛt̚.ʌ],[dɯt̚.ki.man.hɛt̚.ʌ]
우주 정거장으로,8,[u.tʃu.tʃʌŋ.kʌ.tʃaŋ.ɯ.ɾo],[u.dʒu.dʒʌŋ.gʌ.dʒaŋ.ɯ.ɾo]
듣기엔 너무,8,[tɯt̚.ki.en.nʌ.mu],[dɯt̚.ki.en.nʌ.mu]
우주 최고의,8,[u.tʃu.tʃʰwe.ko.ɯi],[u.dʒu.tʃʰwe.go.ɯi]
듣긴 한 거야,8,[tɯt̚.kin.haŋ.kʌ.ja],[dɯt̚.kin.han.gʌ.ja]
그리고 내 마음은,8,[kɯ.ɾi.ko.nɛ.ma.ɯm.ɯn],[gɯ.ɾi.go.nɛ.ma.ɯm.ɯn]
우주 프로그램에,8,[u.tʃu.pʰɯ.ɾo.kɯ.ɾɛm.e],[u.dʒu.pʰɯ.ɾo.gɯ.ɾɛm.e]
우주 함대,8,[u.tʃu.han.tɛ],[u.dʒu.han.tɛ]
우주가 어떻게,8,[u.tʃu.ka.ʌ.t͈ʌt̚.ke],[u.dʒu.ga.ʌ.t͈ʌt̚.ke]
건 필요 없고,8,[kʌm.pʰil.jo.ʌp̚.ko],[gʌm.pʰil.jo.ʌp̚.ko]
여동생이랑 같이,8,[jʌ.toŋ.sɛŋ.i.ɾaŋ.kat̚.i],[jʌ.doŋ.sɛŋ.i.ɾaŋ.gat̚.i]
듣는 걸 좋아해요,8,[tɯt̚.nɯŋ.kʌl.tʃot̚.a.hɛ.jo],[dɯt̚.nɯn.gʌl.dʒot̚.a.hɛ.jo]
듣는 것 같아요,8,[tɯt̚.nɯŋ.kʌt̚.kat̚.a.jo],[dɯt̚.nɯn.gʌt̚.gat̚.a.jo]
우주로 보낸,8,[u.tʃu.ɾo.po.nɛn],[u.dʒu.ɾo.bo.nɛn]
우주를 건너,8,[u.tʃu.ɾɯl.kʌn.nʌ],[u.dʒu.ɾɯl.gʌn.nʌ]
가고 싶은 마음이,8,[ka.ko.sip̚.ɯn.ma.ɯm.i],[ga.go.sip̚.ɯn.ma.ɯm.i]
우주보다 크게 끌어안아줘,8,[u.tʃu.po.ta.kʰɯ.ke.k͈ɯl.ʌ.an.a.tʃwʌ],[u.dʒu.bo.da.kʰɯ.ge.k͈ɯl.ʌ.an.a.dʒwʌ]
우주비행사 마크,8,[u.tʃu.pi.hɛŋ.sa.ma.kʰɯ],[u.dʒu.bi.hɛŋ.sa.ma.kʰɯ]
우주선 선저우다 응답하라,8,[u.tʃu.sʌn.sʌn.tʃʌ.u.ta.ɯŋ.tap̚.ha.ɾa],[u.dʒu.sʌn.sʌn.tʃʌ.u.da.ɯŋ.dap̚.ha.ɾa]
우주선 선저우다,8,[u.tʃu.sʌn.sʌn.tʃʌ.u.ta],[u.dʒu.sʌn.sʌn.tʃʌ.u.da]
죽은 목숨이나,8,[tʃuk̚.ɯn.mok̚.sum.i.na],[dʒuk̚.ɯn.mok̚.sum.i.na]
듣는 대로 전화,8,[tɯt̚.nɯn.tɛ.ɾo.tʃʌn.hwa],[dɯt̚.nɯn.dɛ.ɾo.dʒʌn.hwa]
우주에 갔을 때,8,[u.tʃu.e.kat̚.ɯl.t͈ɛ],[u.dʒu.e.gat̚.ɯl.t͈ɛ]
우주에 걸쳐,8,[u.tʃu.e.kʌl.tʃʰjʌ],[u.dʒu.e.gʌl.tʃʰjʌ]
그리고 내가 가진,8,[kɯ.ɾi.ko.nɛ.ka.ka.tʃin],[gɯ.ɾi.go.nɛ.ga.ga.dʒin]
우주에 대한 지식,8,[u.tʃu.e.tɛ.han.tʃi.sik̚],[u.dʒu.e.dɛ.han.dʒi.sik̚]
우주에 떠,8,[u.tʃu.e.t͈ʌ],[u.dʒu.e.t͈ʌ]
그리고 내가 그녀를,8,[kɯ.ɾi.ko.nɛ.ka.kɯ.njʌ.ɾɯl],[gɯ.ɾi.go.nɛ.ga.gɯ.njʌ.ɾɯl]
우주에서 가장 큰,8,[u.tʃu.e.sʌ.ka.tʃaŋ.kʰɯn],[u.dʒu.e.sʌ.ga.dʒaŋ.kʰɯn]
듣는 얘기네요,8,[tɯt̚.nɯn.jɛ.ki.ne.jo],[dɯt̚.nɯn.jɛ.gi.ne.jo]
우주에서 태어났다 내 얼굴의,8,[u.tʃu.e.sʌ.tʰɛ.ʌ.nat̚.ta.nɛ.ʌl.kul.ɯi],[u.dʒu.e.sʌ.tʰɛ.ʌ.nat̚.ta.nɛ.ʌl.kul.ɯi]
우주의 끝까지,8,[u.tʃu.ɯi.k͈ɯt̚.k͈a.tʃi],[u.dʒu.ɯi.k͈ɯt̚.k͈a.dʒi]
듣는 이름입니다,8,[tɯt̚.nɯn.i.ɾɯm.ip̚.ni.ta],[dɯt̚.nɯn.i.ɾɯm.ip̚.ni.da]
죽은 사람으로,8,[tʃuk̚.ɯn.sa.ɾam.ɯ.ɾo],[dʒuk̚.ɯn.sa.ɾam.ɯ.ɾo]
나한텐 그,8,[na.han.tʰeŋ.kɯ],[na.han.tʰen.gɯ]
우즈 지방,8,[u.tʃɯ.tʃi.paŋ],[u.dʒɯ.dʒi.baŋ]
듣던 그,8,[tɯt̚.tʌŋ.kɯ],[dɯt̚.tʌn.gɯ]
그리고 내가 당신을,8,[kɯ.ɾi.ko.nɛ.ka.taŋ.sin.ɯl],[gɯ.ɾi.go.nɛ.ga.daŋ.sin.ɯl]
도움도 없이,8,[to.un.to.ʌp̚.i],[do.un.to.ʌp̚.i]
무슨 관계가 있지,8,[mu.sɯŋ.kwaŋ.kje.ka.it̚.tʃi],[mu.sɯn.gwaŋ.kje.ga.it̚.tʃi]
여러 나라의,8,[jʌ.ɾʌ.na.ɾa.ɯi],[jʌ.ɾʌ.na.ɾa.ɯi]
우측 이상,8,[u.tʃʰɯk̚.i.saŋ],[u.tʃʰɯk̚.i.saŋ]
건 하나밖에,8,[kʌn.ha.na.pak̚.e],[gʌn.ha.na.bak̚.e]
죽은 아내의,8,[tʃuk̚.ɯn.a.nɛ.ɯi],[dʒuk̚.ɯn.a.nɛ.ɯi]
듣자마자 바로,8,[tɯt̚.tʃa.ma.tʃa.pa.ɾo],[dɯt̚.tʃa.ma.dʒa.ba.ɾo]
우편으로 보내,8,[u.pʰjʌn.ɯ.ɾo.po.nɛ],[u.pʰjʌn.ɯ.ɾo.bo.nɛ]
듣지 마 난,8,[tɯt̚.tʃi.ma.nan],[dɯt̚.tʃi.ma.nan]
그리고 내가 무슨,8,[kɯ.ɾi.ko.nɛ.ka.mu.sɯn],[gɯ.ɾi.go.nɛ.ga.mu.sɯn]
우현 전개,8,[u.hjʌn.tʃʌŋ.kɛ],[u.hjʌn.dʒʌŋ.kɛ]
결국 남는,8,[kjʌl.kuk̚.nam.nɯn],[gjʌl.kuk̚.nam.nɯn]
그리고 내가 사랑하는,8,[kɯ.ɾi.ko.nɛ.ka.sa.ɾaŋ.ha.nɯn],[gɯ.ɾi.go.nɛ.ga.sa.ɾaŋ.ha.nɯn]
운 나쁘게,8,[un.na.p͈ɯ.ke],[un.na.p͈ɯ.ge]
그리고 내가 알기로는,8,[kɯ.ɾi.ko.nɛ.ka.al.ki.ɾo.nɯn],[gɯ.ɾi.go.nɛ.ga.al.ki.ɾo.nɯn]
듣지 못하면,8,[tɯt̚.tʃi.mot̚.ha.mjʌn],[dɯt̚.tʃi.mot̚.ha.mjʌn]
조사한 건,8,[tʃo.sa.haŋ.kʌn],[dʒo.sa.han.gʌn]
듣지 못할 것이다,8,[tɯt̚.tʃi.mot̚.hal.kʌt̚.i.ta],[dɯt̚.tʃi.mot̚.hal.gʌt̚.i.da]
여러 나라에서,8,[jʌ.ɾʌ.na.ɾa.e.sʌ],[jʌ.ɾʌ.na.ɾa.e.sʌ]
건 학교,8,[kʌn.hak̚.kjo],[gʌn.hak̚.kjo]
운 좋은데,8,[un.tʃot̚.ɯn.te],[un.dʒot̚.ɯn.te]
거잖아 좀,8,[kʌ.tʃan.a.tʃom],[gʌ.dʒan.a.dʒom]
듣지 않아서,8,[tɯt̚.tʃi.an.a.sʌ],[dɯt̚.tʃi.an.a.sʌ]
도움에 감사한다,8,[to.um.e.kam.sa.han.ta],[do.um.e.gam.sa.han.ta]
운동 삼아,8,[un.toŋ.sam.a],[un.toŋ.sam.a]
그리고 내가 필요한,8,[kɯ.ɾi.ko.nɛ.ka.pʰil.jo.han],[gɯ.ɾi.go.nɛ.ga.pʰil.jo.han]
여러 번 해,8,[jʌ.ɾʌ.pʌn.hɛ],[jʌ.ɾʌ.bʌn.hɛ]
운동도 되고,8,[un.toŋ.to.twe.ko],[un.toŋ.do.dwe.go]
듣지도 못했어,8,[tɯt̚.tʃi.to.mot̚.hɛt̚.ʌ],[dɯt̚.tʃi.do.mot̚.hɛt̚.ʌ]
운동을 안,8,[un.toŋ.ɯl.an],[un.toŋ.ɯl.an]
듣지도 않았어요,8,[tɯt̚.tʃi.to.an.at̚.ʌ.jo],[dɯt̚.tʃi.do.an.at̚.ʌ.jo]
운동을 해야,8,[un.toŋ.ɯl.hɛ.ja],[un.toŋ.ɯl.hɛ.ja]
듣진 마,8,[tɯt̚.tʃin.ma],[dɯt̚.tʃin.ma]
네가 노력한,8,[ne.ka.no.ɾjʌk̚.han],[ne.ga.no.ɾjʌk̚.han]
듣진 못했지만,8,[tɯt̚.tʃin.mot̚.hɛt̚.tʃi.man],[dɯt̚.tʃin.mot̚.hɛt̚.tʃi.man]
운명에 대한,8,[un.mjʌŋ.e.tɛ.han],[un.mjʌŋ.e.dɛ.han]
운명은 당신과,8,[un.mjʌŋ.ɯn.taŋ.siŋ.kwa],[un.mjʌŋ.ɯn.daŋ.siŋ.kwa]
들 거에요,8,[tɯl.kʌ.e.jo],[dɯl.gʌ.e.jo]
운명을 맞게,8,[un.mjʌŋ.ɯl.mat̚.ke],[un.mjʌŋ.ɯl.mat̚.ke]
운명을 바꿀 순,8,[un.mjʌŋ.ɯl.pa.k͈ul.sun],[un.mjʌŋ.ɯl.ba.k͈ul.sun]
들 땐 뒤로,8,[tɯl.t͈ɛn.twi.ɾo],[dɯl.t͈ɛn.dwi.ɾo]
퍼즐을 푸는,8,[pʰʌ.tʃɯl.ɯl.pʰu.nɯn],[pʰʌ.dʒɯl.ɯl.pʰu.nɯn]
들 만한,8,[tɯl.man.han],[dɯl.man.han]
운명의 창이,8,[un.mjʌŋ.ɯi.tʃʰaŋ.i],[un.mjʌŋ.ɯi.tʃʰaŋ.i]
하고 있답니다,8,[ha.ko.it̚.tap̚.ni.ta],[ha.go.it̚.tap̚.ni.da]
운명이 날,8,[un.mjʌŋ.i.nal],[un.mjʌŋ.i.nal]
운명인 거야,8,[un.mjʌŋ.iŋ.kʌ.ja],[un.mjʌŋ.in.gʌ.ja]
죽은 척하고,8,[tʃuk̚.ɯn.tʃʰʌk̚.ha.ko],[dʒuk̚.ɯn.tʃʰʌk̚.ha.go]
운반할 때,8,[um.pan.hal.t͈ɛ],[um.pan.hal.t͈ɛ]
들것 좀,8,[tɯl.kʌt̚.tʃom],[dɯl.kʌt̚.dʒom]
운송 회사,8,[un.soŋ.hwe.sa],[un.soŋ.hwe.sa]
운에 맡겨,8,[un.e.mat̚.kjʌ],[un.e.mat̚.kjʌ]
운에 맡기지,8,[un.e.mat̚.ki.tʃi],[un.e.mat̚.ki.dʒi]
운영 방식이,8,[un.jʌm.paŋ.sik̚.i],[un.jʌŋ.baŋ.sik̚.i]
도움을 받아서요,8,[to.um.ɯl.pat̚.a.sʌ.jo],[do.um.ɯl.bat̚.a.sʌ.jo]
운영하는 것,8,[un.jʌŋ.ha.nɯŋ.kʌt̚],[un.jʌŋ.ha.nɯn.gʌt̚]
운영하는 것도,8,[un.jʌŋ.ha.nɯŋ.kʌt̚.to],[un.jʌŋ.ha.nɯn.gʌt̚.to]
죽을 각오,8,[tʃuk̚.ɯl.kak̚.o],[dʒuk̚.ɯl.gak̚.o]
그리고 너처럼,8,[kɯ.ɾi.ko.nʌ.tʃʰʌ.ɾʌm],[gɯ.ɾi.go.nʌ.tʃʰʌ.ɾʌm]
운영할 수 있는,8,[un.jʌŋ.hal.su.it̚.nɯn],[un.jʌŋ.hal.su.it̚.nɯn]
들고 간,8,[tɯl.ko.kan],[dɯl.ko.gan]
들고 갈 거야,8,[tɯl.ko.kal.kʌ.ja],[dɯl.ko.gal.gʌ.ja]
운이 나빠,8,[un.i.na.p͈a],[un.i.na.p͈a]
건 허락할 수,8,[kʌn.hʌ.ɾak̚.hal.su],[gʌn.hʌ.ɾak̚.hal.su]
들고 갔어,8,[tɯl.ko.kat̚.ʌ],[dɯl.ko.gat̚.ʌ]
운이 억세게,8,[un.i.ʌk̚.se.ke],[un.i.ʌk̚.se.ge]
운이 없네,8,[un.i.ʌp̚.ne],[un.i.ʌp̚.ne]
그리고 넌 계속,8,[kɯ.ɾi.ko.nʌŋ.kje.sok̚],[gɯ.ɾi.go.nʌn.gje.sok̚]
들고 나온,8,[tɯl.ko.na.on],[dɯl.ko.na.on]
그리고 넌 그들을,8,[kɯ.ɾi.ko.nʌŋ.kɯ.tɯl.ɯl],[gɯ.ɾi.go.nʌn.gɯ.dɯl.ɯl]
그리고 넌 나의,8,[kɯ.ɾi.ko.nʌn.na.ɯi],[gɯ.ɾi.go.nʌn.na.ɯi]
들고 다니나,8,[tɯl.ko.ta.ni.na],[dɯl.ko.da.ni.na]
들고 다니는 거야,8,[tɯl.ko.ta.ni.nɯŋ.kʌ.ja],[dɯl.ko.da.ni.nɯn.gʌ.ja]
운이 좋으셨네요,8,[un.i.tʃot̚.ɯ.sjʌt̚.ne.jo],[un.i.dʒot̚.ɯ.sjʌt̚.ne.jo]
들고 다니면,8,[tɯl.ko.ta.ni.mjʌn],[dɯl.ko.da.ni.mjʌn]
운이 좋은 게,8,[un.i.tʃot̚.ɯŋ.ke],[un.i.dʒot̚.ɯn.ge]
들고 다닐 수가,8,[tɯl.ko.ta.nil.su.ka],[dɯl.ko.da.nil.su.ga]
들고 다른,8,[tɯl.ko.ta.ɾɯn],[dɯl.ko.da.ɾɯn]
그리고 넌 더,8,[kɯ.ɾi.ko.nʌn.tʌ],[gɯ.ɾi.go.nʌn.dʌ]
그리고 넌 모든,8,[kɯ.ɾi.ko.nʌn.mo.tɯn],[gɯ.ɾi.go.nʌn.mo.dɯn]
들고 뛰어,8,[tɯl.ko.t͈wi.ʌ],[dɯl.ko.t͈wi.ʌ]
들고 뭐,8,[tɯl.ko.mwʌ],[dɯl.ko.mwʌ]
그런 협박을,8,[kɯ.ɾʌn.hjʌp̚.pak̚.ɯl],[gɯ.ɾʌn.hjʌp̚.pak̚.ɯl]
You give,8,,
운전 실력이,8,[un.tʃʌn.sil.ɾjʌk̚.i],[un.tʃʌn.sil.ɾjʌk̚.i]
운전 안 해요,8,[un.tʃʌn.an.hɛ.jo],[un.tʃʌn.an.hɛ.jo]
들고 오고,8,[tɯl.ko.o.ko],[dɯl.ko.o.go]
운전 연습,8,[un.tʃʌn.jʌn.sɯp̚],[un.tʃʌn.jʌn.sɯp̚]
운전 조심해라,8,[un.tʃʌn.tʃo.sim.hɛ.ɾa],[un.tʃʌn.dʒo.sim.hɛ.ɾa]
운전 중이잖아,8,[un.tʃʌn.tʃuŋ.i.tʃan.a],[un.tʃʌn.dʒuŋ.i.dʒan.a]
들고 왔습니다,8,[tɯl.ko.wat̚.sɯp̚.ni.ta],[dɯl.ko.wat̚.sɯp̚.ni.da]
들고 왔죠,8,[tɯl.ko.wat̚.tʃjo],[dɯl.ko.wat̚.tʃjo]
낙오자와 부적응자로,8,[nak̚.o.tʃa.wa.pu.tʃʌk̚.ɯŋ.tʃa.ɾo],[nak̚.o.dʒa.wa.bu.dʒʌk̚.ɯŋ.dʒa.ɾo]
운전은 귀신,8,[un.tʃʌn.ɯŋ.kwi.sin],[un.tʃʌn.ɯn.gwi.sin]
운전은 귀신 같지,8,[un.tʃʌn.ɯŋ.kwi.siŋ.kat̚.tʃi],[un.tʃʌn.ɯn.gwi.sin.gat̚.tʃi]
들고 있게,8,[tɯl.ko.it̚.ke],[dɯl.ko.it̚.ke]
운전을 그렇게 빨리해,8,[un.tʃʌn.ɯl.kɯ.ɾʌt̚.ke.p͈al.ɾi.hɛ],[un.tʃʌn.ɯl.gɯ.ɾʌt̚.ke.p͈al.ɾi.hɛ]
운전을 하지,8,[un.tʃʌn.ɯl.ha.tʃi],[un.tʃʌn.ɯl.ha.dʒi]
가고 있는 거지,8,[ka.ko.it̚.nɯŋ.kʌ.tʃi],[ga.go.it̚.nɯn.gʌ.dʒi]
운전을 했어요,8,[un.tʃʌn.ɯl.hɛt̚.ʌ.jo],[un.tʃʌn.ɯl.hɛt̚.ʌ.jo]
운전을 했어,8,[un.tʃʌn.ɯl.hɛt̚.ʌ],[un.tʃʌn.ɯl.hɛt̚.ʌ]
그리고 네 아빠가,8,[kɯ.ɾi.ko.ne.a.p͈a.ka],[gɯ.ɾi.go.ne.a.p͈a.ga]
죽을 때까지 안,8,[tʃuk̚.ɯl.t͈ɛ.k͈a.tʃi.an],[dʒuk̚.ɯl.t͈ɛ.k͈a.dʒi.an]
들고 있어 봐,8,[tɯl.ko.it̚.ʌ.pwa],[dɯl.ko.it̚.ʌ.bwa]
죽을 때까지 여기,8,[tʃuk̚.ɯl.t͈ɛ.k͈a.tʃi.jʌ.ki],[dʒuk̚.ɯl.t͈ɛ.k͈a.dʒi.jʌ.gi]
운전하면 안 돼요,8,[un.tʃʌn.ha.mjʌn.an.twɛ.jo],[un.tʃʌn.ha.mjʌn.an.dwɛ.jo]
들고 있었잖아,8,[tɯl.ko.it̚.ʌt̚.tʃan.a],[dɯl.ko.it̚.ʌt̚.tʃan.a]
수 없다는 거군요,8,[su.ʌp̚.ta.nɯŋ.kʌ.kun.jo],[su.ʌp̚.ta.nɯn.gʌ.gun.jo]
건가 何もなくても 아무것도,8,[kʌŋ.ka.a.mu.kʌt̚.to],[gʌŋ.ka.a.mu.gʌt̚.to]
조셉 스미스에게,8,[tʃo.sep̚.sɯ.mi.sɯ.e.ke],[dʒo.sep̚.sɯ.mi.sɯ.e.ge]
건가 何もなくても 아무것도 없어도,8,[kʌŋ.ka.a.mu.kʌt̚.to.ʌp̚.ʌ.to],[gʌŋ.ka.a.mu.gʌt̚.to.ʌp̚.ʌ.do]
여러분 이쪽은,8,[jʌ.ɾʌ.pun.i.tʃ͈ok̚.ɯn],[jʌ.ɾʌ.bun.i.tʃ͈ok̚.ɯn]
운항정보교신 데이터가,8,[un.haŋ.tʃʌm.po.kjo.sin.te.i.tʰʌ.ka],[un.haŋ.dʒʌŋ.bo.gjo.sin.de.i.tʰʌ.ga]
죽을 뻔해서,8,[tʃuk̚.ɯl.p͈ʌn.hɛ.sʌ],[dʒuk̚.ɯl.p͈ʌn.hɛ.sʌ]
들긴 하는데,8,[tɯl.kin.ha.nɯn.te],[dɯl.kin.ha.nɯn.te]
울 엄마는,8,[ul.ʌm.ma.nɯn],[ul.ʌm.ma.nɯn]
울 엄마도,8,[ul.ʌm.ma.to],[ul.ʌm.ma.do]
건가 그래,8,[kʌŋ.ka.kɯ.ɾɛ],[gʌŋ.ka.gɯ.ɾɛ]
들락 날락,8,[tɯl.ɾak̚.nal.ɾak̚],[dɯl.ɾak̚.nal.ɾak̚]
울고 싶지,8,[ul.ko.sip̚.tʃi],[ul.ko.sip̚.tʃi]
들러도 돼,8,[tɯl.ɾʌ.to.twɛ],[dɯl.ɾʌ.do.dwɛ]
건가 네,8,[kʌŋ.ka.ne],[gʌŋ.ka.ne]
울고 있던,8,[ul.ko.it̚.tʌn],[ul.ko.it̚.tʌn]
울고 있었는데,8,[ul.ko.it̚.ʌt̚.nɯn.te],[ul.ko.it̚.ʌt̚.nɯn.te]
울고 있었다,8,[ul.ko.it̚.ʌt̚.ta],[ul.ko.it̚.ʌt̚.ta]
건가 보네요,8,[kʌŋ.ka.po.ne.jo],[gʌŋ.ka.bo.ne.jo]
들러서 인사나,8,[tɯl.ɾʌ.sʌ.in.sa.na],[dɯl.ɾʌ.sʌ.in.sa.na]
if it gets,8,,
울긴 왜 울어,8,[ul.kin.wɛ.ul.ʌ],[ul.kin.wɛ.ul.ʌ]
들렀다 가자,8,[tɯl.ɾʌt̚.ta.ka.tʃa],[dɯl.ɾʌt̚.ta.ga.dʒa]
그리고 누군가의,8,[kɯ.ɾi.ko.nu.kuŋ.ka.ɯi],[gɯ.ɾi.go.nu.guŋ.ka.ɯi]
your work,8,,
울려 퍼질 겁니다,8,[ul.ɾjʌ.pʰʌ.tʃil.kʌp̚.ni.ta],[ul.ɾjʌ.pʰʌ.dʒil.gʌp̚.ni.da]
도움을 주려는,8,[to.um.ɯl.tʃu.ɾjʌ.nɯn],[do.um.ɯl.dʒu.ɾjʌ.nɯn]
울리는 거죠,8,[ul.ɾi.nɯŋ.kʌ.tʃjo],[ul.ɾi.nɯn.gʌ.dʒjo]
울리지 않는다,8,[ul.ɾi.tʃi.an.nɯn.ta],[ul.ɾi.dʒi.an.nɯn.ta]
그리고 능력,8,[kɯ.ɾi.ko.nɯŋ.ɾjʌk̚],[gɯ.ɾi.go.nɯŋ.ɾjʌk̚]
울릴 거예요,8,[ul.ɾil.kʌ.je.jo],[ul.ɾil.gʌ.je.jo]
울릴 것이다,8,[ul.ɾil.kʌt̚.i.ta],[ul.ɾil.gʌt̚.i.da]
울먹이는 소리,8,[ul.mʌk̚.i.nɯn.so.ɾi],[ul.mʌk̚.i.nɯn.so.ɾi]
울면 나도,8,[ul.mjʌn.na.to],[ul.mjʌn.na.do]
울부짖는 소리,8,[ul.pu.tʃit̚.nɯn.so.ɾi],[ul.pu.dʒit̚.nɯn.so.ɾi]
울어도 괜찮아,8,[ul.ʌ.to.kwɛn.tʃʰan.a],[ul.ʌ.do.gwɛn.tʃʰan.a]
여러분께 진심으로,8,[jʌ.ɾʌ.puŋ.k͈e.tʃin.sim.ɯ.ɾo],[jʌ.ɾʌ.buŋ.k͈e.dʒin.sim.ɯ.ɾo]
울음 섞인 숨을 내뱉는다,8,[ul.ɯm.sʌk̚.in.sum.ɯl.lɛ.pɛt̚.nɯn.ta],[ul.ɯm.sʌk̚.in.sum.ɯl.lɛ.bɛt̚.nɯn.ta]
울음 소리가,8,[ul.ɯm.so.ɾi.ka],[ul.ɯm.so.ɾi.ga]
울음 섞인 한숨,8,[ul.ɯm.sʌk̚.in.han.sum],[ul.ɯm.sʌk̚.in.han.sum]
그리고 다른 것들도,8,[kɯ.ɾi.ko.ta.ɾɯŋ.kʌt̚.tɯl.to],[gɯ.ɾi.go.da.ɾɯn.gʌt̚.tɯl.to]
울음이 터진다,8,[ul.ɯm.i.tʰʌ.tʃin.ta],[ul.ɯm.i.tʰʌ.dʒin.ta]
울지 말자,8,[ul.tʃi.mal.tʃa],[ul.tʃi.mal.tʃa]
그리고 다른 사람들,8,[kɯ.ɾi.ko.ta.ɾɯn.sa.ɾan.tɯl],[gɯ.ɾi.go.da.ɾɯn.sa.ɾan.tɯl]
울타리 밖으로,8,[ul.tʰa.ɾi.pak̚.ɯ.ɾo],[ul.tʰa.ɾi.bak̚.ɯ.ɾo]
건강 문제,8,[kʌŋ.kaŋ.mun.tʃe],[gʌŋ.kaŋ.mun.tʃe]
울타리를 넘어,8,[ul.tʰa.ɾi.ɾɯl.lʌm.ʌ],[ul.tʰa.ɾi.ɾɯl.lʌm.ʌ]
그리고 다른 사람이,8,[kɯ.ɾi.ko.ta.ɾɯn.sa.ɾam.i],[gɯ.ɾi.go.da.ɾɯn.sa.ɾam.i]
들려줘요 내,8,[tɯl.ɾjʌ.tʃwʌ.jo.nɛ],[dɯl.ɾjʌ.dʒwʌ.jo.nɛ]
들려줘요 내 영혼을 달래줘요,8,[tɯl.ɾjʌ.tʃwʌ.jo.nɛ.jʌŋ.hon.ɯl.tal.ɾɛ.tʃwʌ.jo],[dɯl.ɾjʌ.dʒwʌ.jo.nɛ.jʌŋ.hon.ɯl.dal.ɾɛ.dʒwʌ.jo]
들려줘요 내 영혼을,8,[tɯl.ɾjʌ.tʃwʌ.jo.nɛ.jʌŋ.hon.ɯl],[dɯl.ɾjʌ.dʒwʌ.jo.nɛ.jʌŋ.hon.ɯl]
그리고 다섯,8,[kɯ.ɾi.ko.ta.sʌt̚],[gɯ.ɾi.go.da.sʌt̚]
움직여 시간이,8,[un.tʃik̚.jʌ.si.kan.i],[un.tʃik̚.jʌ.si.gan.i]
들렸어요 그래서,8,[tɯl.ɾjʌt̚.ʌ.jo.kɯ.ɾɛ.sʌ],[dɯl.ɾjʌt̚.ʌ.jo.gɯ.ɾɛ.sʌ]
들르기로 했어,8,[tɯl.ɾɯ.ki.ɾo.hɛt̚.ʌ],[dɯl.ɾɯ.gi.ɾo.hɛt̚.ʌ]
그리고 다시 한,8,[kɯ.ɾi.ko.ta.si.han],[gɯ.ɾi.go.da.si.han]
도움을 줬죠,8,[to.um.ɯl.tʃwʌt̚.tʃjo],[do.um.ɯl.dʒwʌt̚.tʃjo]
그리고 다양한,8,[kɯ.ɾi.ko.ta.jaŋ.han],[gɯ.ɾi.go.da.jaŋ.han]
움직이고 있니,8,[un.tʃik̚.i.ko.it̚.ni],[un.tʃik̚.i.go.it̚.ni]
움직이고 있었어요,8,[un.tʃik̚.i.ko.it̚.ʌt̚.ʌ.jo],[un.tʃik̚.i.go.it̚.ʌt̚.ʌ.jo]
움직이고 있죠,8,[un.tʃik̚.i.ko.it̚.tʃjo],[un.tʃik̚.i.go.it̚.tʃjo]
들리겠지만 내,8,[tɯl.ɾi.ket̚.tʃi.man.nɛ],[dɯl.ɾi.get̚.tʃi.man.nɛ]
그리고 다음번엔,8,[kɯ.ɾi.ko.ta.ɯm.pʌn.en],[gɯ.ɾi.go.da.ɯm.pʌn.en]
죽을거야 그리고,8,[tʃuk̚.ɯl.kʌ.ja.kɯ.ɾi.ko],[dʒuk̚.ɯl.kʌ.ja.gɯ.ɾi.go]
무슨 뜻인지 모르지만,8,[mu.sɯn.t͈ɯt̚.in.tʃi.mo.ɾɯ.tʃi.man],[mu.sɯn.t͈ɯt̚.in.tʃi.mo.ɾɯ.dʒi.man]
if it''s the,8,,
움직이는 모든,8,[un.tʃik̚.i.nɯn.mo.tɯn],[un.tʃik̚.i.nɯn.mo.dɯn]
가지고 논 거야,8,[ka.tʃi.ko.noŋ.kʌ.ja],[ga.dʒi.go.non.gʌ.ja]
들리는 것 같다,8,[tɯl.ɾi.nɯŋ.kʌt̚.kat̚.ta],[dɯl.ɾi.nɯn.gʌt̚.gat̚.ta]
들리는 것 같아요,8,[tɯl.ɾi.nɯŋ.kʌt̚.kat̚.a.jo],[dɯl.ɾi.nɯn.gʌt̚.gat̚.a.jo]
움직이면 더,8,[un.tʃik̚.i.mjʌn.tʌ],[un.tʃik̚.i.mjʌn.dʌ]
들리는 바로는,8,[tɯl.ɾi.nɯm.pa.ɾo.nɯn],[dɯl.ɾi.nɯn.ba.ɾo.nɯn]
들리는 사이렌,8,[tɯl.ɾi.nɯn.sa.i.ɾen],[dɯl.ɾi.nɯn.sa.i.ɾen]
들리는 소리,8,[tɯl.ɾi.nɯn.so.ɾi],[dɯl.ɾi.nɯn.so.ɾi]
움직이지 마 내,8,[un.tʃik̚.i.tʃi.ma.nɛ],[un.tʃik̚.i.dʒi.ma.nɛ]
들리는 지,8,[tɯl.ɾi.nɯn.tʃi],[dɯl.ɾi.nɯn.dʒi]
들리면 응답하라,8,[tɯl.ɾi.mjʌn.ɯŋ.tap̚.ha.ɾa],[dɯl.ɾi.mjʌn.ɯŋ.dap̚.ha.ɾa]
움직이지 않았어요,8,[un.tʃik̚.i.tʃi.an.at̚.ʌ.jo],[un.tʃik̚.i.dʒi.an.at̚.ʌ.jo]
움직이지 않을 것이다,8,[un.tʃik̚.i.tʃi.an.ɯl.kʌt̚.i.ta],[un.tʃik̚.i.dʒi.an.ɯl.gʌt̚.i.da]
들리지 않는데,8,[tɯl.ɾi.tʃi.an.nɯn.te],[dɯl.ɾi.dʒi.an.nɯn.te]
들리지 않아 아무런,8,[tɯl.ɾi.tʃi.an.a.a.mu.ɾʌn],[dɯl.ɾi.dʒi.an.a.a.mu.ɾʌn]
has begun,8,,
들리지 않아 아무런 소리도,8,[tɯl.ɾi.tʃi.an.a.a.mu.ɾʌn.so.ɾi.to],[dɯl.ɾi.dʒi.an.a.a.mu.ɾʌn.so.ɾi.do]
그리고 당신은 그것에,8,[kɯ.ɾi.ko.taŋ.sin.ɯŋ.kɯ.kʌt̚.e],[gɯ.ɾi.go.daŋ.sin.ɯn.gɯ.gʌt̚.e]
들리지 않을,8,[tɯl.ɾi.tʃi.an.ɯl],[dɯl.ɾi.dʒi.an.ɯl]
들리지만 하지만,8,[tɯl.ɾi.tʃi.man.ha.tʃi.man],[dɯl.ɾi.dʒi.man.ha.dʒi.man]
움직일 수 있나,8,[un.tʃik̚.il.su.it̚.na],[un.tʃik̚.il.su.it̚.na]
들린 거야,8,[tɯl.ɾiŋ.kʌ.ja],[dɯl.ɾin.gʌ.ja]
난 가겠어요,8,[naŋ.ka.ket̚.ʌ.jo],[nan.ga.get̚.ʌ.jo]
가지고 놀고 있어,8,[ka.tʃi.ko.nol.ko.it̚.ʌ],[ga.dʒi.go.nol.ko.it̚.ʌ]
들린다 이,8,[tɯl.ɾin.ta.i],[dɯl.ɾin.ta.i]
그리고 당신은 그의,8,[kɯ.ɾi.ko.taŋ.sin.ɯŋ.kɯ.ɯi],[gɯ.ɾi.go.daŋ.sin.ɯn.gɯ.ɯi]
움직일 힘이,8,[un.tʃik̚.il.him.i],[un.tʃik̚.il.him.i]
건강에 좋아요,8,[kʌŋ.kaŋ.e.tʃot̚.a.jo],[gʌŋ.kaŋ.e.dʒot̚.a.jo]
움직임이 없어,8,[un.tʃik̚.im.i.ʌp̚.ʌ],[un.tʃik̚.im.i.ʌp̚.ʌ]
움직임이 있어요,8,[un.tʃik̚.im.i.it̚.ʌ.jo],[un.tʃik̚.im.i.it̚.ʌ.jo]
도움을 청했지만,8,[to.um.ɯl.tʃʰʌŋ.hɛt̚.tʃi.man],[do.um.ɯl.tʃʰʌŋ.hɛt̚.tʃi.man]
if not,8,,
들릴지 알아,8,[tɯl.ɾil.tʃi.al.a],[dɯl.ɾil.tʃi.al.a]
죽음으로 내몬,8,[tʃuk̚.ɯm.ɯ.ɾo.nɛ.mon],[dʒuk̚.ɯm.ɯ.ɾo.nɛ.mon]
들릴지 알지만,8,[tɯl.ɾil.tʃi.al.tʃi.man],[dɯl.ɾil.tʃi.al.tʃi.man]
들릴지도 모르겠지만,8,[tɯl.ɾil.tʃi.to.mo.ɾɯ.ket̚.tʃi.man],[dɯl.ɾil.tʃi.do.mo.ɾɯ.get̚.tʃi.man]
and I have to,8,,
가고 있어요'',8,[ka.ko.it̚.ʌ.jo],[ga.go.it̚.ʌ.jo]
웃겨 죽겠네요,8,[ut̚.kjʌ.tʃuk̚.ket̚.ne.jo],[ut̚.kjʌ.dʒuk̚.ket̚.ne.jo]
죽음은 없나니,8,[tʃuk̚.ɯm.ɯn.ʌp̚.na.ni],[dʒuk̚.ɯm.ɯn.ʌp̚.na.ni]
I''m told,8,,
if people,8,,
웃고 있습니다,8,[ut̚.ko.it̚.sɯp̚.ni.ta],[ut̚.ko.it̚.sɯp̚.ni.da]
죽음을 내,8,[tʃuk̚.ɯm.ɯl.lɛ],[dʒuk̚.ɯm.ɯl.lɛ]
웃고 있었지,8,[ut̚.ko.it̚.ʌt̚.tʃi],[ut̚.ko.it̚.ʌt̚.tʃi]
그리고 당신의 새로운,8,[kɯ.ɾi.ko.taŋ.sin.ɯi.sɛ.ɾo.un],[gɯ.ɾi.go.daŋ.sin.ɯi.sɛ.ɾo.un]
웃기는 거,8,[ut̚.ki.nɯŋ.kʌ],[ut̚.ki.nɯn.gʌ]
웃기는 놈이야,8,[ut̚.ki.nɯn.nom.i.ja],[ut̚.ki.nɯn.nom.i.ja]
웃기는 애네,8,[ut̚.ki.nɯn.ɛ.ne],[ut̚.ki.nɯn.ɛ.ne]
웃기려고 하는,8,[ut̚.ki.ɾjʌ.ko.ha.nɯn],[ut̚.ki.ɾjʌ.go.ha.nɯn]
웃기시네 난,8,[ut̚.ki.si.ne.nan],[ut̚.ki.si.ne.nan]
그리고 당신이 이,8,[kɯ.ɾi.ko.taŋ.sin.i.i],[gɯ.ɾi.go.daŋ.sin.i.i]
들어 가지고,8,[tɯl.ʌ.ka.tʃi.ko],[dɯl.ʌ.ga.dʒi.go]
그리고 당신이 할,8,[kɯ.ɾi.ko.taŋ.sin.i.hal],[gɯ.ɾi.go.daŋ.sin.i.hal]
죽음을 본,8,[tʃuk̚.ɯm.ɯl.pon],[dʒuk̚.ɯm.ɯl.bon]
그리고 당신이랑,8,[kɯ.ɾi.ko.taŋ.sin.i.ɾaŋ],[gɯ.ɾi.go.daŋ.sin.i.ɾaŋ]
그런건 신경,8,[kɯ.ɾʌŋ.kʌn.siŋ.kjʌŋ],[gɯ.ɾʌŋ.kʌn.siŋ.kjʌŋ]
들어 갑니다,8,[tɯl.ʌ.kap̚.ni.ta],[dɯl.ʌ.gap̚.ni.da]
건강하고 행복하게,8,[kʌŋ.kaŋ.ha.ko.hɛm.pok̚.ha.ke],[gʌŋ.kaŋ.ha.go.hɛŋ.bok̚.ha.ge]
무슨 말부터 해야,8,[mu.sɯn.mal.pu.tʰʌ.hɛ.ja],[mu.sɯn.mal.pu.tʰʌ.hɛ.ja]
그리고 대부분은,8,[kɯ.ɾi.ko.tɛ.pu.pun.ɯn],[gɯ.ɾi.go.dɛ.bu.bun.ɯn]
건강한 감량을,8,[kʌŋ.kaŋ.haŋ.kam.ɾjaŋ.ɯl],[gʌŋ.kaŋ.han.gam.ɾjaŋ.ɯl]
웃는 게 아니야,8,[ut̚.nɯŋ.ke.a.ni.ja],[ut̚.nɯn.ge.a.ni.ja]
웃는 법을,8,[ut̚.nɯm.pʌp̚.ɯl],[ut̚.nɯn.bʌp̚.ɯl]
그리고 더 많이,8,[kɯ.ɾi.ko.tʌ.man.i],[gɯ.ɾi.go.dʌ.man.i]
웃는 얼굴도,8,[ut̚.nɯn.ʌl.kul.to],[ut̚.nɯn.ʌl.kul.to]
무슨 말씀을 하시는 거죠,8,[mu.sɯn.mal.s͈ɯm.ɯl.ha.si.nɯŋ.kʌ.tʃjo],[mu.sɯn.mal.s͈ɯm.ɯl.ha.si.nɯn.gʌ.dʒjo]
죽음의 소원을,8,[tʃuk̚.ɯm.ɯi.so.wʌn.ɯl],[dʒuk̚.ɯm.ɯi.so.wʌn.ɯl]
웃어도 돼요,8,[ut̚.ʌ.to.twɛ.jo],[ut̚.ʌ.do.dwɛ.jo]
웃어도 돼,8,[ut̚.ʌ.to.twɛ],[ut̚.ʌ.do.dwɛ]
웃었던 것,8,[ut̚.ʌt̚.tʌŋ.kʌt̚],[ut̚.ʌt̚.tʌn.gʌt̚]
들어 내 말은,8,[tɯl.ʌ.nɛ.mal.ɯn],[dɯl.ʌ.nɛ.mal.ɯn]
그리고 더욱,8,[kɯ.ɾi.ko.tʌ.uk̚],[gɯ.ɾi.go.dʌ.uk̚]
죽음이 두렵지 않아,8,[tʃuk̚.ɯm.i.tu.ɾjʌp̚.tʃi.an.a],[dʒuk̚.ɯm.i.du.ɾjʌp̚.tʃi.an.a]
들어 누구,8,[tɯl.ʌ.nu.ku],[dɯl.ʌ.nu.gu]
웃을 줄도,8,[ut̚.ɯl.tʃul.to],[ut̚.ɯl.dʒul.to]
죽음이 두렵지 않아요,8,[tʃuk̚.ɯm.i.tu.ɾjʌp̚.tʃi.an.a.jo],[dʒuk̚.ɯm.i.du.ɾjʌp̚.tʃi.an.a.jo]
죽음의 위협을,8,[tʃuk̚.ɯm.ɯi.wi.hjʌp̚.ɯl],[dʒuk̚.ɯm.ɯi.wi.hjʌp̚.ɯl]
건강한 음식을,8,[kʌŋ.kaŋ.han.ɯm.sik̚.ɯl],[gʌŋ.kaŋ.han.ɯm.sik̚.ɯl]
웃음거리가 되는,8,[ut̚.ɯm.kʌ.ɾi.ka.twe.nɯn],[ut̚.ɯm.kʌ.ɾi.ga.dwe.nɯn]
웃음소리 효과음,8,[ut̚.ɯm.so.ɾi.hjo.kwa.ɯm],[ut̚.ɯm.so.ɾi.hjo.gwa.ɯm]
웃음을 잃지,8,[ut̚.ɯm.ɯl.il.tʃi],[ut̚.ɯm.ɯl.il.tʃi]
웃음을 지으며,8,[ut̚.ɯm.ɯl.tʃi.ɯ.mjʌ],[ut̚.ɯm.ɯl.dʒi.ɯ.mjʌ]
웃음이 나,8,[ut̚.ɯm.i.na],[ut̚.ɯm.i.na]
도움이 되겠나,8,[to.um.i.twe.ket̚.na],[do.um.i.dwe.get̚.na]
들어 둘이,8,[tɯl.ʌ.tul.i],[dɯl.ʌ.dul.i]
들어 둬,8,[tɯl.ʌ.twʌ],[dɯl.ʌ.dwʌ]
그리고 돌아서면서,8,[kɯ.ɾi.ko.tol.a.sʌ.mjʌn.sʌ],[gɯ.ɾi.go.dol.a.sʌ.mjʌn.sʌ]
들어 들어,8,[tɯl.ʌ.tɯl.ʌ],[dɯl.ʌ.dɯl.ʌ]
그리고 돌아서면서 맥더못이,8,[kɯ.ɾi.ko.tol.a.sʌ.mjʌn.sʌ.mɛk̚.tʌ.mot̚.i],[gɯ.ɾi.go.dol.a.sʌ.mjʌn.sʌ.mɛk̚.tʌ.mot̚.i]
건강해 보여,8,[kʌŋ.kaŋ.hɛ.po.jʌ],[gʌŋ.kaŋ.hɛ.bo.jʌ]
그리고 돌아서면서 맥더못이 낸시를,8,[kɯ.ɾi.ko.tol.a.sʌ.mjʌn.sʌ.mɛk̚.tʌ.mot̚.i.nɛn.si.ɾɯl],[gɯ.ɾi.go.dol.a.sʌ.mjʌn.sʌ.mɛk̚.tʌ.mot̚.i.nɛn.si.ɾɯl]
웃지 않을,8,[ut̚.tʃi.an.ɯl],[ut̚.tʃi.an.ɯl]
웃지도 말고,8,[ut̚.tʃi.to.mal.ko],[ut̚.tʃi.do.mal.ko]
들어 많이,8,[tɯl.ʌ.man.i],[dɯl.ʌ.man.i]
들어 맙소사,8,[tɯl.ʌ.map̚.so.sa],[dɯl.ʌ.map̚.so.sa]
그리고 동생,8,[kɯ.ɾi.ko.toŋ.sɛŋ],[gɯ.ɾi.go.doŋ.sɛŋ]
건강해 보이네요,8,[kʌŋ.kaŋ.hɛ.po.i.ne.jo],[gʌŋ.kaŋ.hɛ.bo.i.ne.jo]
도움이 되겠는데,8,[to.um.i.twe.ket̚.nɯn.te],[do.um.i.dwe.get̚.nɯn.te]
죽이게 하지,8,[tʃuk̚.i.ke.ha.tʃi],[dʒuk̚.i.ge.ha.dʒi]
네가 독수리처럼,8,[ne.ka.tok̚.su.ɾi.tʃʰʌ.ɾʌm],[ne.ga.dok̚.su.ɾi.tʃʰʌ.ɾʌm]
워낙 바빠서,8,[wʌ.nak̚.pa.p͈a.sʌ],[wʌ.nak̚.ba.p͈a.sʌ]
들어 못,8,[tɯl.ʌ.mot̚],[dɯl.ʌ.mot̚]
조심해 응,8,[tʃo.sim.hɛ.ɯŋ],[dʒo.sim.hɛ.ɯŋ]
죽이겠다고 한,8,[tʃuk̚.i.ket̚.ta.ko.han],[dʒuk̚.i.get̚.ta.go.han]
워드 대위,8,[wʌ.tɯ.tɛ.wi],[wʌ.dɯ.dɛ.wi]
워런 씨,8,[wʌ.ɾʌn.s͈i],[wʌ.ɾʌn.s͈i]
워렌 보이드,8,[wʌ.ɾem.po.i.tɯ],[wʌ.ɾen.bo.i.dɯ]
건국의 아버지들,8,[kʌŋ.kuk̚.ɯi.a.pʌ.tʃi.tɯl],[gʌŋ.kuk̚.ɯi.a.bʌ.dʒi.dɯl]
그리고 두 사람은,8,[kɯ.ɾi.ko.tu.sa.ɾam.ɯn],[gɯ.ɾi.go.du.sa.ɾam.ɯn]
워록 로드는,8,[wʌ.ɾok̚.ɾo.tɯ.nɯn],[wʌ.ɾok̚.ɾo.dɯ.nɯn]
들어 보는 게,8,[tɯl.ʌ.po.nɯŋ.ke],[dɯl.ʌ.bo.nɯn.ge]
그리고 둘은,8,[kɯ.ɾi.ko.tul.ɯn],[gɯ.ɾi.go.dul.ɯn]
워싱턴 DC'',8,[wʌ.siŋ.tʰʌn],[wʌ.siŋ.tʰʌn]
죽이고 머리를,8,[tʃuk̚.i.ko.mʌ.ɾi.ɾɯl],[dʒuk̚.i.go.mʌ.ɾi.ɾɯl]
워싱턴 하이츠에,8,[wʌ.siŋ.tʰʌn.ha.i.tʃʰɯ.e],[wʌ.siŋ.tʰʌn.ha.i.tʃʰɯ.e]
워싱턴 호수,8,[wʌ.siŋ.tʰʌn.ho.su],[wʌ.siŋ.tʰʌn.ho.su]
워싱턴에서 온,8,[wʌ.siŋ.tʰʌn.e.sʌ.on],[wʌ.siŋ.tʰʌn.e.sʌ.on]
워치 부인,8,[wʌ.tʃʰi.pu.in],[wʌ.tʃʰi.bu.in]
들어 볼게,8,[tɯl.ʌ.pol.ke],[dɯl.ʌ.bol.ke]
들어 봐 그,8,[tɯl.ʌ.pwa.kɯ],[dɯl.ʌ.bwa.gɯ]
그리고 또 있다,8,[kɯ.ɾi.ko.t͈o.it̚.ta],[gɯ.ɾi.go.t͈o.it̚.ta]
워터스 부인,8,[wʌ.tʰʌ.sɯ.pu.in],[wʌ.tʰʌ.sɯ.bu.in]
그리고 또 하나는,8,[kɯ.ɾi.ko.t͈o.ha.na.nɯn],[gɯ.ɾi.go.t͈o.ha.na.nɯn]
원 안에 서있다가,8,[wʌn.an.e.sʌ.it̚.ta.ka],[wʌn.an.e.sʌ.it̚.ta.ga]
들어 봐봐,8,[tɯl.ʌ.pwa.pwa],[dɯl.ʌ.bwa.bwa]
들어 봐야지,8,[tɯl.ʌ.pwa.ja.tʃi],[dɯl.ʌ.bwa.ja.dʒi]
그리고 또다른,8,[kɯ.ɾi.ko.t͈o.ta.ɾɯn],[gɯ.ɾi.go.t͈o.da.ɾɯn]
원 오빠,8,[wʌn.o.p͈a],[wʌn.o.p͈a]
원 이하의,8,[wʌn.i.ha.ɯi],[wʌn.i.ha.ɯi]
원 테이크,8,[wʌn.tʰe.i.kʰɯ],[wʌn.tʰe.i.kʰɯ]
들어 봤겠지,8,[tɯl.ʌ.pwat̚.ket̚.tʃi],[dɯl.ʌ.bwat̚.ket̚.tʃi]
들어 봤니,8,[tɯl.ʌ.pwat̚.ni],[dɯl.ʌ.bwat̚.ni]
원 플러스 원,8,[wʌm.pʰɯl.ɾʌ.sɯ.wʌn],[wʌm.pʰɯl.ɾʌ.sɯ.wʌn]
들어 서로,8,[tɯl.ʌ.sʌ.ɾo],[dɯl.ʌ.sʌ.ɾo]
들어 아,8,[tɯl.ʌ.a],[dɯl.ʌ.a]
들어 아무,8,[tɯl.ʌ.a.mu],[dɯl.ʌ.a.mu]
들어 안 돼,8,[tɯl.ʌ.an.twɛ],[dɯl.ʌ.an.dwɛ]
원래 그랬잖아,8,[wʌl.lɛ.kɯ.ɾɛt̚.tʃan.a],[wʌl.lɛ.gɯ.ɾɛt̚.tʃan.a]
그리고 마을,8,[kɯ.ɾi.ko.ma.ɯl],[gɯ.ɾi.go.ma.ɯl]
원래 그런 것,8,[wʌl.lɛ.kɯ.ɾʌŋ.kʌt̚],[wʌl.lɛ.gɯ.ɾʌn.gʌt̚]
그리고 마이크는,8,[kɯ.ɾi.ko.ma.i.kʰɯ.nɯn],[gɯ.ɾi.go.ma.i.kʰɯ.nɯn]
들어 오고,8,[tɯl.ʌ.o.ko],[dɯl.ʌ.o.go]
들어 오래,8,[tɯl.ʌ.o.ɾɛ],[dɯl.ʌ.o.ɾɛ]
들어 오면,8,[tɯl.ʌ.o.mjʌn],[dɯl.ʌ.o.mjʌn]
원래 모든,8,[wʌl.lɛ.mo.tɯn],[wʌl.lɛ.mo.dɯn]
원래 목적은,8,[wʌl.lɛ.mok̚.tʃʌk̚.ɯn],[wʌl.lɛ.mok̚.tʃʌk̚.ɯn]
원래 뭐,8,[wʌl.lɛ.mwʌ],[wʌl.lɛ.mwʌ]
원래 상태로,8,[wʌl.lɛ.saŋ.tʰɛ.ɾo],[wʌl.lɛ.saŋ.tʰɛ.ɾo]
들어 올리세요,8,[tɯl.ʌ.ol.ɾi.se.jo],[dɯl.ʌ.ol.ɾi.se.jo]
원래 쓰던,8,[wʌl.lɛ.s͈ɯ.tʌn],[wʌl.lɛ.s͈ɯ.dʌn]
원래 없던,8,[wʌl.lɛ.ʌp̚.tʌn],[wʌl.lɛ.ʌp̚.tʌn]
원래 없었어,8,[wʌl.lɛ.ʌp̚.ʌt̚.ʌ],[wʌl.lɛ.ʌp̚.ʌt̚.ʌ]
원래 이런 식으로,8,[wʌl.lɛ.i.ɾʌn.sik̚.ɯ.ɾo],[wʌl.lɛ.i.ɾʌn.sik̚.ɯ.ɾo]
들어 우리를,8,[tɯl.ʌ.u.ɾi.ɾɯl],[dɯl.ʌ.u.ɾi.ɾɯl]
건너서 눈이,8,[kʌn.nʌ.sʌ.nun.i],[gʌn.nʌ.sʌ.nun.i]
건너서 눈이 부신,8,[kʌn.nʌ.sʌ.nun.i.pu.sin],[gʌn.nʌ.sʌ.nun.i.bu.sin]
건너서 눈이 부신 그날에,8,[kʌn.nʌ.sʌ.nun.i.pu.siŋ.kɯ.nal.e],[gʌn.nʌ.sʌ.nun.i.bu.sin.gɯ.nal.e]
죽이는 방법은,8,[tʃuk̚.i.nɯm.pam.pʌp̚.ɯn],[dʒuk̚.i.nɯn.baŋ.bʌp̚.ɯn]
원래 항공 날짜,8,[wʌl.lɛ.haŋ.koŋ.nal.tʃ͈a],[wʌl.lɛ.haŋ.goŋ.nal.tʃ͈a]
원래 혼자,8,[wʌl.lɛ.hon.tʃa],[wʌl.lɛ.hon.tʃa]
들어 있다고요,8,[tɯl.ʌ.it̚.ta.ko.jo],[dɯl.ʌ.it̚.ta.go.jo]
원리를 설명해주지,8,[wʌl.li.ɾɯl.sʌl.mjʌŋ.hɛ.tʃu.tʃi],[wʌl.li.ɾɯl.sʌl.mjʌŋ.hɛ.dʒu.dʒi]
들어 있었고,8,[tɯl.ʌ.it̚.ʌt̚.ko],[dɯl.ʌ.it̚.ʌt̚.ko]
원망하면 안,8,[wʌn.maŋ.ha.mjʌn.an],[wʌn.maŋ.ha.mjʌn.an]
그리고 말하지,8,[kɯ.ɾi.ko.mal.ha.tʃi],[gɯ.ɾi.go.mal.ha.dʒi]
원생 중,8,[wʌn.sɛŋ.tʃuŋ],[wʌn.sɛŋ.dʒuŋ]
원샷 원샷,8,[wʌn.sjat̚.wʌn.sjat̚],[wʌn.sjat̚.wʌn.sjat̚]
원수를 갚고,8,[wʌn.su.ɾɯl.kap̚.ko],[wʌn.su.ɾɯl.gap̚.ko]
원수를 갚는,8,[wʌn.su.ɾɯl.kap̚.nɯn],[wʌn.su.ɾɯl.gap̚.nɯn]
그리고 말해줘,8,[kɯ.ɾi.ko.mal.hɛ.tʃwʌ],[gɯ.ɾi.go.mal.hɛ.dʒwʌ]
죽이라는 게,8,[tʃuk̚.i.ɾa.nɯŋ.ke],[dʒuk̚.i.ɾa.nɯn.ge]
원숭이 안아,8,[wʌn.suŋ.i.an.a],[wʌn.suŋ.i.an.a]
원숭이 코는,8,[wʌn.suŋ.i.kʰo.nɯn],[wʌn.suŋ.i.kʰo.nɯn]
죽이러 가자,8,[tʃuk̚.i.ɾʌ.ka.tʃa],[dʒuk̚.i.ɾʌ.ga.dʒa]
들어 주겠어,8,[tɯl.ʌ.tʃu.ket̚.ʌ],[dɯl.ʌ.dʒu.get̚.ʌ]
원인에 대한,8,[wʌn.in.e.tɛ.han],[wʌn.in.e.dɛ.han]
원인은 아직 밝혀지지,8,[wʌn.in.ɯn.a.tʃik̚.pak̚.hjʌ.tʃi.tʃi],[wʌn.in.ɯn.a.dʒik̚.bak̚.hjʌ.dʒi.dʒi]
들어 주소서,8,[tɯl.ʌ.tʃu.so.sʌ],[dɯl.ʌ.dʒu.so.sʌ]
들어 주시겠어요,8,[tɯl.ʌ.tʃu.si.ket̚.ʌ.jo],[dɯl.ʌ.dʒu.si.get̚.ʌ.jo]
그리고 맥주,8,[kɯ.ɾi.ko.mɛk̚.tʃu],[gɯ.ɾi.go.mɛk̚.tʃu]
그리고 맹세코,8,[kɯ.ɾi.ko.mɛŋ.se.kʰo],[gɯ.ɾi.go.mɛŋ.se.kʰo]
원인을 찾아야,8,[wʌn.in.ɯl.tʃʰat̚.a.ja],[wʌn.in.ɯl.tʃʰat̚.a.ja]
원인을 찾을,8,[wʌn.in.ɯl.tʃʰat̚.ɯl],[wʌn.in.ɯl.tʃʰat̚.ɯl]
그리고 머리도,8,[kɯ.ɾi.ko.mʌ.ɾi.to],[gɯ.ɾi.go.mʌ.ɾi.do]
건널 거야,8,[kʌn.nʌl.kʌ.ja],[gʌn.nʌl.gʌ.ja]
원인이 되어,8,[wʌn.in.i.twe.ʌ],[wʌn.in.i.dwe.ʌ]
원인이 된다,8,[wʌn.in.i.twen.ta],[wʌn.in.i.dwen.ta]
그리고 머리를,8,[kɯ.ɾi.ko.mʌ.ɾi.ɾɯl],[gɯ.ɾi.go.mʌ.ɾi.ɾɯl]
들어 줘서 고마워요,8,[tɯl.ʌ.tʃwʌ.sʌ.ko.ma.wʌ.jo],[dɯl.ʌ.dʒwʌ.sʌ.go.ma.wʌ.jo]
원작 소설,8,[wʌn.tʃak̚.so.sʌl],[wʌn.tʃak̚.so.sʌl]
원장 수녀님이,8,[wʌn.tʃaŋ.su.njʌ.nim.i],[wʌn.tʃaŋ.su.njʌ.nim.i]
원점으로 돌아왔군,8,[wʌn.tʃʌm.ɯ.ɾo.tol.a.wat̚.kun],[wʌn.tʃʌm.ɯ.ɾo.dol.a.wat̚.kun]
그리고 몇 시간,8,[kɯ.ɾi.ko.mjʌt̚.si.kan],[gɯ.ɾi.go.mjʌt̚.si.gan]
들어가 괜찮아,8,[tɯl.ʌ.ka.kwɛn.tʃʰan.a],[dɯl.ʌ.ga.gwɛn.tʃʰan.a]
들어가 그리고,8,[tɯl.ʌ.ka.kɯ.ɾi.ko],[dɯl.ʌ.ga.gɯ.ɾi.go]
들어가 나도,8,[tɯl.ʌ.ka.na.to],[dɯl.ʌ.ga.na.do]
원치 않았지,8,[wʌn.tʃʰi.an.at̚.tʃi],[wʌn.tʃʰi.an.at̚.tʃi]
건네 줄,8,[kʌn.ne.tʃul],[gʌn.ne.dʒul]
원치 않을 거예요,8,[wʌn.tʃʰi.an.ɯl.kʌ.je.jo],[wʌn.tʃʰi.an.ɯl.gʌ.je.jo]
그리고 모든 일이,8,[kɯ.ɾi.ko.mo.tɯn.il.i],[gɯ.ɾi.go.mo.dɯn.il.i]
원칙이 있는,8,[wʌn.tʃʰik̚.i.it̚.nɯn],[wʌn.tʃʰik̚.i.it̚.nɯn]
들어가 본 적이,8,[tɯl.ʌ.ka.pon.tʃʌk̚.i],[dɯl.ʌ.ga.bon.dʒʌk̚.i]
그리고 모르는,8,[kɯ.ɾi.ko.mo.ɾɯ.nɯn],[gɯ.ɾi.go.mo.ɾɯ.nɯn]
그리고 모호한,8,[kɯ.ɾi.ko.mo.ho.han],[gɯ.ɾi.go.mo.ho.han]
들어가 볼래,8,[tɯl.ʌ.ka.pol.ɾɛ],[dɯl.ʌ.ga.bol.ɾɛ]
도움이 될 것 같았어요,8,[to.um.i.twel.kʌt̚.kat̚.at̚.ʌ.jo],[do.um.i.dwel.gʌt̚.gat̚.at̚.ʌ.jo]
들어가 봤어요,8,[tɯl.ʌ.ka.pwat̚.ʌ.jo],[dɯl.ʌ.ga.bwat̚.ʌ.jo]
거절하는 거예요,8,[kʌ.tʃʌl.ha.nɯŋ.kʌ.je.jo],[gʌ.dʒʌl.ha.nɯn.gʌ.je.jo]
여성 쉼터,8,[jʌ.sʌŋ.swin.tʰʌ],[jʌ.sʌŋ.swin.tʰʌ]
원하는 거 아냐,8,[wʌn.ha.nɯŋ.kʌ.a.nja],[wʌn.ha.nɯn.gʌ.a.nja]
원하는 거겠지,8,[wʌn.ha.nɯŋ.kʌ.ket̚.tʃi],[wʌn.ha.nɯn.gʌ.get̚.tʃi]
원하는 거나,8,[wʌn.ha.nɯŋ.kʌ.na],[wʌn.ha.nɯn.gʌ.na]
여성 여러분,8,[jʌ.sʌŋ.jʌ.ɾʌ.pun],[jʌ.sʌŋ.jʌ.ɾʌ.bun]
도움이 될 때도,8,[to.um.i.twel.t͈ɛ.to],[do.um.i.dwel.t͈ɛ.do]
들어가 이제,8,[tɯl.ʌ.ka.i.tʃe],[dɯl.ʌ.ga.i.dʒe]
원하는 건 내,8,[wʌn.ha.nɯŋ.kʌn.nɛ],[wʌn.ha.nɯn.gʌn.nɛ]
원하는 건 모두,8,[wʌn.ha.nɯŋ.kʌn.mo.tu],[wʌn.ha.nɯn.gʌn.mo.du]
그리고 무엇보다도 서로에,8,[kɯ.ɾi.ko.mu.ʌt̚.po.ta.to.sʌ.ɾo.e],[gɯ.ɾi.go.mu.ʌt̚.po.da.do.sʌ.ɾo.e]
들어가 자,8,[tɯl.ʌ.ka.tʃa],[dɯl.ʌ.ga.dʒa]
그리고 무엇보다도 서로에 의해서,8,[kɯ.ɾi.ko.mu.ʌt̚.po.ta.to.sʌ.ɾo.e.ɯi.hɛ.sʌ],[gɯ.ɾi.go.mu.ʌt̚.po.da.do.sʌ.ɾo.e.ɯi.hɛ.sʌ]
원하는 건 우리가,8,[wʌn.ha.nɯŋ.kʌn.u.ɾi.ka],[wʌn.ha.nɯn.gʌn.u.ɾi.ga]
원하는 건 이거야,8,[wʌn.ha.nɯŋ.kʌn.i.kʌ.ja],[wʌn.ha.nɯn.gʌn.i.gʌ.ja]
원하는 걸 가질 수,8,[wʌn.ha.nɯŋ.kʌl.ka.tʃil.su],[wʌn.ha.nɯn.gʌl.ga.dʒil.su]
들어가게 됐어요,8,[tɯl.ʌ.ka.ke.twɛt̚.ʌ.jo],[dɯl.ʌ.ga.ge.dwɛt̚.ʌ.jo]
결국엔 그게,8,[kjʌl.kuk̚.eŋ.kɯ.ke],[gjʌl.kuk̚.en.gɯ.ge]
원하는 걸 말해요,8,[wʌn.ha.nɯŋ.kʌl.mal.hɛ.jo],[wʌn.ha.nɯn.gʌl.mal.hɛ.jo]
죽이려는 거,8,[tʃuk̚.i.ɾjʌ.nɯŋ.kʌ],[dʒuk̚.i.ɾjʌ.nɯn.gʌ]
원하는 걸 알,8,[wʌn.ha.nɯŋ.kʌl.al],[wʌn.ha.nɯn.gʌl.al]
Gonna make,8,,
들어가게 해요,8,[tɯl.ʌ.ka.ke.hɛ.jo],[dɯl.ʌ.ga.ge.hɛ.jo]
원하는 걸 하게,8,[wʌn.ha.nɯŋ.kʌl.ha.ke],[wʌn.ha.nɯn.gʌl.ha.ge]
그리고 뭐요,8,[kɯ.ɾi.ko.mwʌ.jo],[gɯ.ɾi.go.mwʌ.jo]
원하는 것 같으니까,8,[wʌn.ha.nɯŋ.kʌt̚.kat̚.ɯ.ni.k͈a],[wʌn.ha.nɯn.gʌt̚.gat̚.ɯ.ni.k͈a]
if we''re gonna,8,,
원하는 것들,8,[wʌn.ha.nɯŋ.kʌt̚.tɯl],[wʌn.ha.nɯn.gʌt̚.tɯl]
원하는 것보다 더,8,[wʌn.ha.nɯŋ.kʌt̚.po.ta.tʌ],[wʌn.ha.nɯn.gʌt̚.po.da.dʌ]
그리고 뭔가가,8,[kɯ.ɾi.ko.mwʌŋ.ka.ka],[gɯ.ɾi.go.mwʌŋ.ka.ga]
난 걔들,8,[naŋ.kjɛ.tɯl],[nan.gjɛ.dɯl]
원하는 것은 뭐든지,8,[wʌn.ha.nɯŋ.kʌt̚.ɯn.mwʌ.tɯn.tʃi],[wʌn.ha.nɯn.gʌt̚.ɯn.mwʌ.dɯn.tʃi]
죽이면 그,8,[tʃuk̚.i.mjʌŋ.kɯ],[dʒuk̚.i.mjʌn.gɯ]
원하는 것을 얻기 위해,8,[wʌn.ha.nɯŋ.kʌt̚.ɯl.ʌt̚.ki.wi.hɛ],[wʌn.ha.nɯn.gʌt̚.ɯl.ʌt̚.ki.wi.hɛ]
원하는 게 그런,8,[wʌn.ha.nɯŋ.ke.kɯ.ɾʌn],[wʌn.ha.nɯn.ge.gɯ.ɾʌn]
원하는 게 대체 뭐야,8,[wʌn.ha.nɯŋ.ke.tɛ.tʃʰe.mwʌ.ja],[wʌn.ha.nɯn.ge.dɛ.tʃʰe.mwʌ.ja]
조언 하나 할게요,8,[tʃo.ʌn.ha.na.hal.ke.jo],[dʒo.ʌn.ha.na.hal.ke.jo]
원하는 게 바로 그거야,8,[wʌn.ha.nɯŋ.ke.pa.ɾo.kɯ.kʌ.ja],[wʌn.ha.nɯn.ge.ba.ɾo.gɯ.gʌ.ja]
들어가는 걸 본,8,[tɯl.ʌ.ka.nɯŋ.kʌl.pon],[dɯl.ʌ.ga.nɯn.gʌl.bon]
무슨 말인지는 모르겠지만,8,[mu.sɯn.mal.in.tʃi.nɯn.mo.ɾɯ.ket̚.tʃi.man],[mu.sɯn.mal.in.tʃi.nɯn.mo.ɾɯ.get̚.tʃi.man]
들어가는 걸 봤어,8,[tɯl.ʌ.ka.nɯŋ.kʌl.pwat̚.ʌ],[dɯl.ʌ.ga.nɯn.gʌl.bwat̚.ʌ]
그리고 믿을,8,[kɯ.ɾi.ko.mit̚.ɯl],[gɯ.ɾi.go.mit̚.ɯl]
건데 그래서,8,[kʌn.te.kɯ.ɾɛ.sʌ],[gʌn.te.gɯ.ɾɛ.sʌ]
원하는 곳이,8,[wʌn.ha.nɯŋ.kot̚.i],[wʌn.ha.nɯn.got̚.i]
들어가는 길에,8,[tɯl.ʌ.ka.nɯŋ.kil.e],[dɯl.ʌ.ga.nɯn.gil.e]
들어가는 길,8,[tɯl.ʌ.ka.nɯŋ.kil],[dɯl.ʌ.ga.nɯn.gil]
들어가는 길을,8,[tɯl.ʌ.ka.nɯŋ.kil.ɯl],[dɯl.ʌ.ga.nɯn.gil.ɯl]
도움이 될만한 걸,8,[to.um.i.twel.man.haŋ.kʌl],[do.um.i.dwel.man.han.gʌl]
그리고 바로 여기,8,[kɯ.ɾi.ko.pa.ɾo.jʌ.ki],[gɯ.ɾi.go.ba.ɾo.jʌ.gi]
원하는 대로 하는,8,[wʌn.ha.nɯn.tɛ.ɾo.ha.nɯn],[wʌn.ha.nɯn.dɛ.ɾo.ha.nɯn]
원하는 대로 할게요,8,[wʌn.ha.nɯn.tɛ.ɾo.hal.ke.jo],[wʌn.ha.nɯn.dɛ.ɾo.hal.ke.jo]
거절하지 마세요,8,[kʌ.tʃʌl.ha.tʃi.ma.se.jo],[gʌ.dʒʌl.ha.dʒi.ma.se.jo]
도움이 될지 모르지만,8,[to.um.i.twel.tʃi.mo.ɾɯ.tʃi.man],[do.um.i.dwel.tʃi.mo.ɾɯ.dʒi.man]
원하는 마지막,8,[wʌn.ha.nɯn.ma.tʃi.mak̚],[wʌn.ha.nɯn.ma.dʒi.mak̚]
죽이지 못할,8,[tʃuk̚.i.tʃi.mot̚.hal],[dʒuk̚.i.dʒi.mot̚.hal]
원하는 만큼 있어도,8,[wʌn.ha.nɯn.maŋ.kʰɯm.it̚.ʌ.to],[wʌn.ha.nɯn.maŋ.kʰɯm.it̚.ʌ.do]
원하는 만큼은,8,[wʌn.ha.nɯn.maŋ.kʰɯm.ɯn],[wʌn.ha.nɯn.maŋ.kʰɯm.ɯn]
들어가라고 해,8,[tɯl.ʌ.ka.ɾa.ko.hɛ],[dɯl.ʌ.ga.ɾa.go.hɛ]
들어가면 난,8,[tɯl.ʌ.ka.mjʌn.nan],[dɯl.ʌ.ga.mjʌn.nan]
들어가면 내,8,[tɯl.ʌ.ka.mjʌn.nɛ],[dɯl.ʌ.ga.mjʌn.nɛ]
원하는 사람만,8,[wʌn.ha.nɯn.sa.ɾam.man],[wʌn.ha.nɯn.sa.ɾam.man]
들어가면 안 되는,8,[tɯl.ʌ.ka.mjʌn.an.twe.nɯn],[dɯl.ʌ.ga.mjʌn.an.dwe.nɯn]
들어가면 안돼요,8,[tɯl.ʌ.ka.mjʌn.an.twɛ.jo],[dɯl.ʌ.ga.mjʌn.an.twɛ.jo]
원하는 쪽으로,8,[wʌn.ha.nɯn.tʃ͈ok̚.ɯ.ɾo],[wʌn.ha.nɯn.tʃ͈ok̚.ɯ.ɾo]
들어가면 우린,8,[tɯl.ʌ.ka.mjʌn.u.ɾin],[dɯl.ʌ.ga.mjʌn.u.ɾin]
들어가면 절대,8,[tɯl.ʌ.ka.mjʌn.tʃʌl.tɛ],[dɯl.ʌ.ga.mjʌn.dʒʌl.tɛ]
건데 너도 같이,8,[kʌn.te.nʌ.to.kat̚.i],[gʌn.te.nʌ.do.gat̚.i]
여왕이야 내,8,[jʌ.waŋ.i.ja.nɛ],[jʌ.waŋ.i.ja.nɛ]
수 없어요 아니,8,[su.ʌp̚.ʌ.jo.a.ni],[su.ʌp̚.ʌ.jo.a.ni]
원하는게 아냐,8,[wʌn.ha.nɯŋ.ke.a.nja],[wʌn.ha.nɯŋ.ke.a.nja]
가기 전에 몇 가지,8,[ka.ki.tʃʌn.e.mjʌt̚.ka.tʃi],[ga.gi.dʒʌn.e.mjʌt̚.ga.dʒi]
원하는게 아니야,8,[wʌn.ha.nɯŋ.ke.a.ni.ja],[wʌn.ha.nɯŋ.ke.a.ni.ja]
건데 널,8,[kʌn.te.nʌl],[gʌn.te.nʌl]
들어가서 놈을,8,[tɯl.ʌ.ka.sʌ.nom.ɯl],[dɯl.ʌ.ga.sʌ.nom.ɯl]
건데 다,8,[kʌn.te.ta],[gʌn.te.da]
들어가서 몸,8,[tɯl.ʌ.ka.sʌ.mom],[dɯl.ʌ.ga.sʌ.mom]
그리고 부탁,8,[kɯ.ɾi.ko.pu.tʰak̚],[gɯ.ɾi.go.bu.tʰak̚]
그리고 부탁인데,8,[kɯ.ɾi.ko.pu.tʰak̚.in.te],[gɯ.ɾi.go.bu.tʰak̚.in.te]
들어가서 우리,8,[tɯl.ʌ.ka.sʌ.u.ɾi],[dɯl.ʌ.ga.sʌ.u.ɾi]
죽이진 마,8,[tʃuk̚.i.tʃin.ma],[dʒuk̚.i.dʒin.ma]
원하면 할,8,[wʌn.ha.mjʌn.hal],[wʌn.ha.mjʌn.hal]
원하면 할 수,8,[wʌn.ha.mjʌn.hal.su],[wʌn.ha.mjʌn.hal.su]
들어가서 잘,8,[tɯl.ʌ.ka.sʌ.tʃal],[dɯl.ʌ.ga.sʌ.dʒal]
원하시는 건 뭐든,8,[wʌn.ha.si.nɯŋ.kʌn.mwʌ.tɯn],[wʌn.ha.si.nɯn.gʌn.mwʌ.dɯn]
들어가서 저,8,[tɯl.ʌ.ka.sʌ.tʃʌ],[dɯl.ʌ.ga.sʌ.dʒʌ]
그리고 불을,8,[kɯ.ɾi.ko.pul.ɯl],[gɯ.ɾi.go.bul.ɯl]
들어가서 책,8,[tɯl.ʌ.ka.sʌ.tʃʰɛk̚],[dɯl.ʌ.ga.sʌ.tʃʰɛk̚]
my game,8,,
if you do,8,,
원하실 것 같아서요,8,[wʌn.ha.sil.kʌt̚.kat̚.a.sʌ.jo],[wʌn.ha.sil.gʌt̚.gat̚.a.sʌ.jo]
그리고 비행기,8,[kɯ.ɾi.ko.pi.hɛŋ.ki],[gɯ.ɾi.go.bi.hɛŋ.gi]
원하지 않나,8,[wʌn.ha.tʃi.an.na],[wʌn.ha.dʒi.an.na]
건데 만약,8,[kʌn.te.man.jak̚],[gʌn.te.man.jak̚]
원하지 않는 곳에,8,[wʌn.ha.tʃi.an.nɯŋ.kot̚.e],[wʌn.ha.dʒi.an.nɯn.got̚.e]
원하지 않는가,8,[wʌn.ha.tʃi.an.nɯŋ.ka],[wʌn.ha.dʒi.an.nɯŋ.ka]
무슨 문젠데,8,[mu.sɯn.mun.tʃen.te],[mu.sɯn.mun.tʃen.te]
원하지 않아 이,8,[wʌn.ha.tʃi.an.a.i],[wʌn.ha.dʒi.an.a.i]
원하지 않았고,8,[wʌn.ha.tʃi.an.at̚.ko],[wʌn.ha.dʒi.an.at̚.ko]
원하지 않았는데,8,[wʌn.ha.tʃi.an.at̚.nɯn.te],[wʌn.ha.dʒi.an.at̚.nɯn.te]
들어가요 내,8,[tɯl.ʌ.ka.jo.nɛ],[dɯl.ʌ.ga.jo.nɛ]
가기 전에 할 일이,8,[ka.ki.tʃʌn.e.hal.il.i],[ga.gi.dʒʌn.e.hal.il.i]
난 거의 모든,8,[naŋ.kʌ.ɯi.mo.tɯn],[nan.gʌ.ɯi.mo.dɯn]
들어가요 어서요,8,[tɯl.ʌ.ka.jo.ʌ.sʌ.jo],[dɯl.ʌ.ga.jo.ʌ.sʌ.jo]
들어가자 그래,8,[tɯl.ʌ.ka.tʃa.kɯ.ɾɛ],[dɯl.ʌ.ga.dʒa.gɯ.ɾɛ]
건데 못,8,[kʌn.te.mot̚],[gʌn.te.mot̚]
원하진 않을,8,[wʌn.ha.tʃin.an.ɯl],[wʌn.ha.dʒin.an.ɯl]
원한 겁니다,8,[wʌn.haŋ.kʌp̚.ni.ta],[wʌn.han.gʌp̚.ni.da]
그리고 사랑은,8,[kɯ.ɾi.ko.sa.ɾaŋ.ɯn],[gɯ.ɾi.go.sa.ɾaŋ.ɯn]
if you guys,8,,
원한 게 이런,8,[wʌn.haŋ.ke.i.ɾʌn],[wʌn.han.ge.i.ɾʌn]
그런데 그러면,8,[kɯ.ɾʌn.te.kɯ.ɾʌ.mjʌn],[gɯ.ɾʌn.te.gɯ.ɾʌ.mjʌn]
원한 있는,8,[wʌn.han.it̚.nɯn],[wʌn.han.it̚.nɯn]
그리고 사이먼,8,[kɯ.ɾi.ko.sa.i.mʌn],[gɯ.ɾi.go.sa.i.mʌn]
원한다 해도,8,[wʌn.han.ta.hɛ.to],[wʌn.han.ta.hɛ.do]
원한다고 다,8,[wʌn.han.ta.ko.ta],[wʌn.han.ta.go.da]
결단을 내릴,8,[kjʌl.tan.ɯl.lɛ.ɾil],[gjʌl.tan.ɯl.lɛ.ɾil]
가기 좋은,8,[ka.ki.tʃot̚.ɯn],[ga.gi.dʒot̚.ɯn]
죽인 년을,8,[tʃuk̚.in.njʌn.ɯl],[dʒuk̚.in.njʌn.ɯl]
도움 안 되네,8,[to.um.an.twe.ne],[do.um.an.dwe.ne]
건데 사실,8,[kʌn.te.sa.sil],[gʌn.te.sa.sil]
if you have,8,,
건데 설마,8,[kʌn.te.sʌl.ma],[gʌn.te.sʌl.ma]
원한다면 나도,8,[wʌn.han.ta.mjʌn.na.to],[wʌn.han.ta.mjʌn.na.do]
거절할 수 없었어,8,[kʌ.tʃʌl.hal.su.ʌp̚.ʌt̚.ʌ],[gʌ.dʒʌl.hal.su.ʌp̚.ʌt̚.ʌ]
하기에 달렸지,8,[ha.ki.e.tal.ɾjʌt̚.tʃi],[ha.gi.e.dal.ɾjʌt̚.tʃi]
원한다면 오늘,8,[wʌn.han.ta.mjʌn.o.nɯl],[wʌn.han.ta.mjʌn.o.nɯl]
원한다면 여기서,8,[wʌn.han.ta.mjʌn.jʌ.ki.sʌ],[wʌn.han.ta.mjʌn.jʌ.gi.sʌ]
원한다면 우리,8,[wʌn.han.ta.mjʌn.u.ɾi],[wʌn.han.ta.mjʌn.u.ɾi]
원한다면 제가,8,[wʌn.han.ta.mjʌn.tʃe.ka],[wʌn.han.ta.mjʌn.dʒe.ga]
난 거짓말하지,8,[naŋ.kʌ.tʃit̚.mal.ha.tʃi],[nan.gʌ.dʒit̚.mal.ha.dʒi]
들어갈 거고,8,[tɯl.ʌ.kal.kʌ.ko],[dɯl.ʌ.gal.gʌ.go]
죽인 유력한,8,[tʃuk̚.in.ju.ɾjʌk̚.han],[dʒuk̚.in.ju.ɾjʌk̚.han]
들어갈 거니까,8,[tɯl.ʌ.kal.kʌ.ni.k͈a],[dɯl.ʌ.gal.gʌ.ni.k͈a]
원할 때는,8,[wʌn.hal.t͈ɛ.nɯn],[wʌn.hal.t͈ɛ.nɯn]
원할 뿐,8,[wʌn.hal.p͈un],[wʌn.hal.p͈un]
원할 뿐이지,8,[wʌn.hal.p͈un.i.tʃi],[wʌn.hal.p͈un.i.dʒi]
가지고 사람,8,[ka.tʃi.ko.sa.ɾam],[ga.dʒi.go.sa.ɾam]
들어갈 때는,8,[tɯl.ʌ.kal.t͈ɛ.nɯn],[dɯl.ʌ.gal.t͈ɛ.nɯn]
그리고 설사,8,[kɯ.ɾi.ko.sʌl.sa],[gɯ.ɾi.go.sʌl.sa]
들어갈 방법이 없어,8,[tɯl.ʌ.kal.pam.pʌp̚.i.ʌp̚.ʌ],[dɯl.ʌ.gal.baŋ.bʌp̚.i.ʌp̚.ʌ]
그런데 그를,8,[kɯ.ɾʌn.te.kɯ.ɾɯl],[gɯ.ɾʌn.te.gɯ.ɾɯl]
가지고 살 수,8,[ka.tʃi.ko.sal.su],[ga.dʒi.go.sal.su]
원해 이제,8,[wʌn.hɛ.i.tʃe],[wʌn.hɛ.i.dʒe]
들어갈 수 있나요,8,[tɯl.ʌ.kal.su.it̚.na.jo],[dɯl.ʌ.gal.su.it̚.na.jo]
원해서 그런,8,[wʌn.hɛ.sʌ.kɯ.ɾʌn],[wʌn.hɛ.sʌ.gɯ.ɾʌn]
원해서 온,8,[wʌn.hɛ.sʌ.on],[wʌn.hɛ.sʌ.on]
도움이 필요하거나,8,[to.um.i.pʰil.jo.ha.kʌ.na],[do.um.i.pʰil.jo.ha.gʌ.na]
원해요 그래서,8,[wʌn.hɛ.jo.kɯ.ɾɛ.sʌ],[wʌn.hɛ.jo.gɯ.ɾɛ.sʌ]
원했다 그의,8,[wʌn.hɛt̚.ta.kɯ.ɯi],[wʌn.hɛt̚.ta.gɯ.ɯi]
들어갈 수 있을 것,8,[tɯl.ʌ.kal.su.it̚.ɯl.kʌt̚],[dɯl.ʌ.gal.su.it̚.ɯl.gʌt̚]
들어갈 수 있을까요,8,[tɯl.ʌ.kal.su.it̚.ɯl.k͈a.jo],[dɯl.ʌ.gal.su.it̚.ɯl.k͈a.jo]
원했던 거 알아,8,[wʌn.hɛt̚.tʌŋ.kʌ.al.a],[wʌn.hɛt̚.tʌn.gʌ.al.a]
원했던 거예요,8,[wʌn.hɛt̚.tʌŋ.kʌ.je.jo],[wʌn.hɛt̚.tʌn.gʌ.je.jo]
원했던 거지,8,[wʌn.hɛt̚.tʌŋ.kʌ.tʃi],[wʌn.hɛt̚.tʌn.gʌ.dʒi]
원했어 그리고,8,[wʌn.hɛt̚.ʌ.kɯ.ɾi.ko],[wʌn.hɛt̚.ʌ.gɯ.ɾi.go]
원했어요 그리고,8,[wʌn.hɛt̚.ʌ.jo.kɯ.ɾi.ko],[wʌn.hɛt̚.ʌ.jo.gɯ.ɾi.go]
들어갈 테니까요,8,[tɯl.ʌ.kal.tʰe.ni.k͈a.jo],[dɯl.ʌ.gal.tʰe.ni.k͈a.jo]
원했을 때,8,[wʌn.hɛt̚.ɯl.t͈ɛ],[wʌn.hɛt̚.ɯl.t͈ɛ]
들어갈게 그래,8,[tɯl.ʌ.kal.ke.kɯ.ɾɛ],[dɯl.ʌ.gal.ke.gɯ.ɾɛ]
그리고 숙녀,8,[kɯ.ɾi.ko.suk̚.njʌ],[gɯ.ɾi.go.suk̚.njʌ]
무슨 사진을,8,[mu.sɯn.sa.tʃin.ɯl],[mu.sɯn.sa.dʒin.ɯl]
죽일 거야 널,8,[tʃuk̚.il.kʌ.ja.nʌl],[dʒuk̚.il.gʌ.ja.nʌl]
들어갈까 봐,8,[tɯl.ʌ.kal.k͈a.pwa],[dɯl.ʌ.gal.k͈a.bwa]
들어갔다 나오면,8,[tɯl.ʌ.kat̚.ta.na.o.mjʌn],[dɯl.ʌ.gat̚.ta.na.o.mjʌn]
들어갔다 나왔다,8,[tɯl.ʌ.kat̚.ta.na.wat̚.ta],[dɯl.ʌ.gat̚.ta.na.wat̚.ta]
if you really want,8,,
가기로 했고,8,[ka.ki.ɾo.hɛt̚.ko],[ga.gi.ɾo.hɛt̚.ko]
난 검사,8,[naŋ.kʌm.sa],[nan.gʌm.sa]
그리고 스타크,8,[kɯ.ɾi.ko.sɯ.tʰa.kʰɯ],[gɯ.ɾi.go.sɯ.tʰa.kʰɯ]
가기로 했네,8,[ka.ki.ɾo.hɛt̚.ne],[ga.gi.ɾo.hɛt̚.ne]
죽일 거예요 그럼,8,[tʃuk̚.il.kʌ.je.jo.kɯ.ɾʌm],[dʒuk̚.il.gʌ.je.jo.gɯ.ɾʌm]
들어갔을 거야,8,[tɯl.ʌ.kat̚.ɯl.kʌ.ja],[dɯl.ʌ.gat̚.ɯl.gʌ.ja]
월급도 안,8,[wʌl.kɯp̚.to.an],[wʌl.kɯp̚.to.an]
건데 일단,8,[kʌn.te.il.tan],[gʌn.te.il.tan]
들어나 보죠,8,[tɯl.ʌ.na.po.tʃjo],[dɯl.ʌ.na.bo.dʒjo]
월급을 줄,8,[wʌl.kɯp̚.ɯl.tʃul],[wʌl.kɯp̚.ɯl.dʒul]
월드 시리즈,8,[wʌl.tɯ.si.ɾi.tʃɯ],[wʌl.tɯ.si.ɾi.dʒɯ]
월드 와일드,8,[wʌl.tɯ.wa.il.tɯ],[wʌl.tɯ.wa.il.tɯ]
건데 일이,8,[kʌn.te.il.i],[gʌn.te.il.i]
월드 와일드 미디어''의,8,[wʌl.tɯ.wa.il.tɯ.mi.ti.ʌ.ɯi],[wʌl.tɯ.wa.il.tɯ.mi.di.ʌ.ɯi]
월세 때문에,8,[wʌl.se.t͈ɛ.mun.e],[wʌl.se.t͈ɛ.mun.e]
들어라 네,8,[tɯl.ʌ.ɾa.ne],[dɯl.ʌ.ɾa.ne]
if you see,8,,
월에 그,8,[wʌl.e.kɯ],[wʌl.e.gɯ]
월에 한,8,[wʌl.e.han],[wʌl.e.han]
들어보고 말해,8,[tɯl.ʌ.po.ko.mal.hɛ],[dɯl.ʌ.bo.go.mal.hɛ]
그리고 심각한,8,[kɯ.ɾi.ko.sim.kak̚.han],[gɯ.ɾi.go.sim.kak̚.han]
건데 저도,8,[kʌn.te.tʃʌ.to],[gʌn.te.dʒʌ.do]
월터 의원이,8,[wʌl.tʰʌ.ɯi.wʌn.i],[wʌl.tʰʌ.ɯi.wʌn.i]
그리고 쓰레기,8,[kɯ.ɾi.ko.s͈ɯ.ɾe.ki],[gɯ.ɾi.go.s͈ɯ.ɾe.gi]
웨딩 플래너가,8,[we.tim.pʰɯl.ɾɛ.nʌ.ka],[we.dim.pʰɯl.ɾɛ.nʌ.ga]
그리고 아기도,8,[kɯ.ɾi.ko.a.ki.to],[gɯ.ɾi.go.a.gi.do]
죽일 수 없을,8,[tʃuk̚.il.su.ʌp̚.ɯl],[dʒuk̚.il.su.ʌp̚.ɯl]
웨버 씨,8,[we.pʌ.s͈i],[we.bʌ.s͈i]
웨버 선생님이,8,[we.pʌ.sʌn.sɛŋ.nim.i],[we.bʌ.sʌn.sɛŋ.nim.i]
가기로 했었는데,8,[ka.ki.ɾo.hɛt̚.ʌt̚.nɯn.te],[ga.gi.ɾo.hɛt̚.ʌt̚.nɯn.te]
그리고 아까 그,8,[kɯ.ɾi.ko.a.k͈a.kɯ],[gɯ.ɾi.go.a.k͈a.gɯ]
웨스턴 씨,8,[we.sɯ.tʰʌn.s͈i],[we.sɯ.tʰʌn.s͈i]
웨스턴이야 예전엔,8,[we.sɯ.tʰʌn.i.ja.je.tʃʌn.en],[we.sɯ.tʰʌn.i.ja.je.dʒʌn.en]
웨스턴이야 예전엔 그랬었다 까지,8,[we.sɯ.tʰʌn.i.ja.je.tʃʌn.eŋ.kɯ.ɾɛt̚.ʌt̚.ta.k͈a.tʃi],[we.sɯ.tʰʌn.i.ja.je.dʒʌn.en.gɯ.ɾɛt̚.ʌt̚.ta.k͈a.dʒi]
웨스턴이야 예전엔 그랬었다,8,[we.sɯ.tʰʌn.i.ja.je.tʃʌn.eŋ.kɯ.ɾɛt̚.ʌt̚.ta],[we.sɯ.tʰʌn.i.ja.je.dʒʌn.en.gɯ.ɾɛt̚.ʌt̚.ta]
그리고 아래로,8,[kɯ.ɾi.ko.a.ɾɛ.ɾo],[gɯ.ɾi.go.a.ɾɛ.ɾo]
웨스트 코스트,8,[we.sɯ.tʰɯ.kʰo.sɯ.tʰɯ],[we.sɯ.tʰɯ.kʰo.sɯ.tʰɯ]
들어본 적이 있나요,8,[tɯl.ʌ.pon.tʃʌk̚.i.it̚.na.jo],[dɯl.ʌ.bon.dʒʌk̚.i.it̚.na.jo]
들어봐 그래,8,[tɯl.ʌ.pwa.kɯ.ɾɛ],[dɯl.ʌ.bwa.gɯ.ɾɛ]
죽일 순 있지,8,[tʃuk̚.il.sun.it̚.tʃi],[dʒuk̚.il.sun.it̚.tʃi]
죽일 용기가,8,[tʃuk̚.il.joŋ.ki.ka],[dʒuk̚.il.joŋ.gi.ga]
그리고 아무한테도,8,[kɯ.ɾi.ko.a.mu.han.tʰe.to],[gɯ.ɾi.go.a.mu.han.tʰe.do]
웨이드에 대해,8,[we.i.tɯ.e.tɛ.hɛ],[we.i.dɯ.e.dɛ.hɛ]
들어봐 널,8,[tɯl.ʌ.pwa.nʌl],[dɯl.ʌ.bwa.nʌl]
웨이브 반응,8,[we.i.pɯ.pan.ɯŋ],[we.i.bɯ.ban.ɯŋ]
건데요 그게,8,[kʌn.te.jo.kɯ.ke],[gʌn.te.jo.gɯ.ge]
그리고 아버지의,8,[kɯ.ɾi.ko.a.pʌ.tʃi.ɯi],[gɯ.ɾi.go.a.bʌ.dʒi.ɯi]
들어봐 모든,8,[tɯl.ʌ.pwa.mo.tɯn],[dɯl.ʌ.bwa.mo.dɯn]
들어봐 아니,8,[tɯl.ʌ.pwa.a.ni],[dɯl.ʌ.bwa.a.ni]
웬 놈들이냐,8,[wen.non.tɯl.i.nja],[wen.non.tɯl.i.nja]
if you''ll,8,,
들어봐 왜,8,[tɯl.ʌ.pwa.wɛ],[dɯl.ʌ.bwa.wɛ]
건데요 이,8,[kʌn.te.jo.i],[gʌn.te.jo.i]
무슨 생각을 해야,8,[mu.sɯn.sɛŋ.kak̚.ɯl.hɛ.ja],[mu.sɯn.sɛŋ.gak̚.ɯl.hɛ.ja]
그리고 아빤,8,[kɯ.ɾi.ko.a.p͈an],[gɯ.ɾi.go.a.p͈an]
그리고 아서는,8,[kɯ.ɾi.ko.a.sʌ.nɯn],[gɯ.ɾi.go.a.sʌ.nɯn]
난 결정했어요,8,[naŋ.kjʌl.tʃʌŋ.hɛt̚.ʌ.jo],[nan.gjʌl.tʃʌŋ.hɛt̚.ʌ.jo]
그리고 아이가,8,[kɯ.ɾi.ko.a.i.ka],[gɯ.ɾi.go.a.i.ga]
웬일인지 그래,8,[wen.il.in.tʃi.kɯ.ɾɛ],[wen.il.in.tʃi.gɯ.ɾɛ]
들어봐요 당신은,8,[tɯl.ʌ.pwa.jo.taŋ.sin.ɯn],[dɯl.ʌ.bwa.jo.daŋ.sin.ɯn]
들어봐요 제,8,[tɯl.ʌ.pwa.jo.tʃe],[dɯl.ʌ.bwa.jo.dʒe]
건드렸나 봐요,8,[kʌn.tɯ.ɾjʌt̚.na.pwa.jo],[gʌn.tɯ.ɾjʌt̚.na.bwa.jo]
도움이 필요해 네가,8,[to.um.i.pʰil.jo.hɛ.ne.ka],[do.um.i.pʰil.jo.hɛ.ne.ga]
들어서 그런,8,[tɯl.ʌ.sʌ.kɯ.ɾʌn],[dɯl.ʌ.sʌ.gɯ.ɾʌn]
들어서 내,8,[tɯl.ʌ.sʌ.nɛ],[dɯl.ʌ.sʌ.nɛ]
건드리게 할,8,[kʌn.tɯ.ɾi.ke.hal],[gʌn.tɯ.ɾi.ge.hal]
위 좀,8,[wi.tʃom],[wi.dʒom]
들어야 돼요,8,[tɯl.ʌ.ja.twɛ.jo],[dɯl.ʌ.ja.dwɛ.jo]
들어야 하나,8,[tɯl.ʌ.ja.ha.na],[dɯl.ʌ.ja.ha.na]
도움이 필요해 지금,8,[to.um.i.pʰil.jo.hɛ.tʃi.kɯm],[do.um.i.pʰil.jo.hɛ.dʒi.gɯm]
Good enough,8,,
여자 역할을,8,[jʌ.tʃa.jʌk̚.hal.ɯl],[jʌ.dʒa.jʌk̚.hal.ɯl]
위기 대처,8,[wi.ki.tɛ.tʃʰʌ],[wi.gi.dɛ.tʃʰʌ]
위기 대응,8,[wi.ki.tɛ.ɯŋ],[wi.gi.dɛ.ɯŋ]
무슨 생각일까요,8,[mu.sɯn.sɛŋ.kak̚.il.k͈a.jo],[mu.sɯn.sɛŋ.gak̚.il.k͈a.jo]
그리고 애가,8,[kɯ.ɾi.ko.ɛ.ka],[gɯ.ɾi.go.ɛ.ga]
그리고 애도,8,[kɯ.ɾi.ko.ɛ.to],[gɯ.ɾi.go.ɛ.do]
건드리는 걸,8,[kʌn.tɯ.ɾi.nɯŋ.kʌl],[gʌn.tɯ.ɾi.nɯn.gʌl]
위노나 어프,8,[wi.no.na.ʌ.pʰɯ],[wi.no.na.ʌ.pʰɯ]
건드리는 게 좋아,8,[kʌn.tɯ.ɾi.nɯŋ.ke.tʃot̚.a],[gʌn.tɯ.ɾi.nɯn.ge.dʒot̚.a]
위대한 것을 구하라,8,[wi.tɛ.haŋ.kʌt̚.ɯl.ku.ha.ɾa],[wi.dɛ.han.gʌt̚.ɯl.gu.ha.ɾa]
위대한 국가를,8,[wi.tɛ.haŋ.kuk̚.ka.ɾɯl],[wi.dɛ.han.guk̚.ka.ɾɯl]
위대한 도시,8,[wi.tɛ.han.to.si],[wi.dɛ.han.do.si]
위대한 마술사,8,[wi.tɛ.han.ma.sul.sa],[wi.dɛ.han.ma.sul.sa]
들어오게 할 거야,8,[tɯl.ʌ.o.ke.hal.kʌ.ja],[dɯl.ʌ.o.ge.hal.gʌ.ja]
위대한 바람에 걸고,8,[wi.tɛ.ham.pa.ɾam.e.kʌl.ko],[wi.dɛ.han.ba.ɾam.e.gʌl.ko]
여자 엉덩이,8,[jʌ.tʃa.ʌŋ.tʌŋ.i],[jʌ.dʒa.ʌŋ.dʌŋ.i]
위대한 셜록,8,[wi.tɛ.han.sjʌl.ɾok̚],[wi.dɛ.han.sjʌl.ɾok̚]
들어오고 뭐,8,[tɯl.ʌ.o.ko.mwʌ],[dɯl.ʌ.o.go.mwʌ]
위대한 업적은,8,[wi.tɛ.han.ʌp̚.tʃʌk̚.ɯn],[wi.dɛ.han.ʌp̚.tʃʌk̚.ɯn]
I ain''t sorry,8,,
위대한 유산,8,[wi.tɛ.han.ju.san],[wi.dɛ.han.ju.san]
들어오기 직전에,8,[tɯl.ʌ.o.ki.tʃik̚.tʃʌn.e],[dɯl.ʌ.o.gi.dʒik̚.tʃʌn.e]
준 거 있어,8,[tʃuŋ.kʌ.it̚.ʌ],[dʒun.gʌ.it̚.ʌ]
들어오기만 하면,8,[tɯl.ʌ.o.ki.man.ha.mjʌn],[dɯl.ʌ.o.gi.man.ha.mjʌn]
위대한 한,8,[wi.tɛ.han.han],[wi.dɛ.han.han]
그리고 어디서,8,[kɯ.ɾi.ko.ʌ.ti.sʌ],[gɯ.ɾi.go.ʌ.di.sʌ]
준 거고요,8,[tʃuŋ.kʌ.ko.jo],[dʒun.gʌ.go.jo]
위력을 보여주마,8,[wi.ɾjʌk̚.ɯl.po.jʌ.tʃu.ma],[wi.ɾjʌk̚.ɯl.bo.jʌ.dʒu.ma]
건드리면 안 되는,8,[kʌn.tɯ.ɾi.mjʌn.an.twe.nɯn],[gʌn.tɯ.ɾi.mjʌn.an.dwe.nɯn]
위로 갈,8,[wi.ɾo.kal],[wi.ɾo.gal]
들어오는 것을,8,[tɯl.ʌ.o.nɯŋ.kʌt̚.ɯl],[dɯl.ʌ.o.nɯn.gʌt̚.ɯl]
위로 날아갈까,8,[wi.ɾo.nal.a.kal.k͈a],[wi.ɾo.nal.a.gal.k͈a]
위로 떨어져,8,[wi.ɾo.t͈ʌl.ʌ.tʃjʌ],[wi.ɾo.t͈ʌl.ʌ.dʒjʌ]
위로 손을,8,[wi.ɾo.son.ɯl],[wi.ɾo.son.ɯl]
위로 안,8,[wi.ɾo.an],[wi.ɾo.an]
무슨 소리 안 들려,8,[mu.sɯn.so.ɾi.an.tɯl.ɾjʌ],[mu.sɯn.so.ɾi.an.dɯl.ɾjʌ]
들어오는 알림음,8,[tɯl.ʌ.o.nɯn.al.ɾim.ɯm],[dɯl.ʌ.o.nɯn.al.ɾim.ɯm]
위로 좀,8,[wi.ɾo.tʃom],[wi.ɾo.dʒom]
들어오려고 해,8,[tɯl.ʌ.o.ɾjʌ.ko.hɛ],[dɯl.ʌ.o.ɾjʌ.go.hɛ]
위로가 되네,8,[wi.ɾo.ka.twe.ne],[wi.ɾo.ga.dwe.ne]
여자 찾는,8,[jʌ.tʃa.tʃʰat̚.nɯn],[jʌ.dʒa.tʃʰat̚.nɯn]
그리고 어젯밤엔,8,[kɯ.ɾi.ko.ʌ.tʃet̚.pam.en],[gɯ.ɾi.go.ʌ.dʒet̚.pam.en]
들어오면 안 되죠,8,[tɯl.ʌ.o.mjʌn.an.twe.tʃjo],[dɯl.ʌ.o.mjʌn.an.dwe.dʒjo]
들어오면 안 된다고,8,[tɯl.ʌ.o.mjʌn.an.twen.ta.ko],[dɯl.ʌ.o.mjʌn.an.dwen.ta.go]
위로해 줘야,8,[wi.ɾo.hɛ.tʃwʌ.ja],[wi.ɾo.hɛ.dʒwʌ.ja]
위를 걷던 우리,8,[wi.ɾɯl.kʌt̚.tʌn.u.ɾi],[wi.ɾɯl.gʌt̚.tʌn.u.ɾi]
들어오면 우린,8,[tɯl.ʌ.o.mjʌn.u.ɾin],[dɯl.ʌ.o.mjʌn.u.ɾin]
건드리지 마시오,8,[kʌn.tɯ.ɾi.tʃi.ma.si.o],[gʌn.tɯ.ɾi.dʒi.ma.si.o]
위를 걷던 우리 둘,8,[wi.ɾɯl.kʌt̚.tʌn.u.ɾi.tul],[wi.ɾɯl.gʌt̚.tʌn.u.ɾi.dul]
그리고 언니,8,[kɯ.ɾi.ko.ʌn.ni],[gɯ.ɾi.go.ʌn.ni]
건드리지 말게,8,[kʌn.tɯ.ɾi.tʃi.mal.ke],[gʌn.tɯ.ɾi.dʒi.mal.ke]
들어오세요 고맙습니다,8,[tɯl.ʌ.o.se.jo.ko.map̚.sɯp̚.ni.ta],[dɯl.ʌ.o.se.jo.go.map̚.sɯp̚.ni.da]
위를 떠본 적도,8,[wi.ɾɯl.t͈ʌ.pon.tʃʌk̚.to],[wi.ɾɯl.t͈ʌ.bon.dʒʌk̚.to]
위를 떠본,8,[wi.ɾɯl.t͈ʌ.pon],[wi.ɾɯl.t͈ʌ.bon]
위를 떠본 적도 없었다,8,[wi.ɾɯl.t͈ʌ.pon.tʃʌk̚.to.ʌp̚.ʌt̚.ta],[wi.ɾɯl.t͈ʌ.bon.dʒʌk̚.to.ʌp̚.ʌt̚.ta]
그리고 언제든지,8,[kɯ.ɾi.ko.ʌn.tʃe.tɯn.tʃi],[gɯ.ɾi.go.ʌn.tʃe.dɯn.tʃi]
들어오세요 아,8,[tɯl.ʌ.o.se.jo.a],[dɯl.ʌ.o.se.jo.a]
가까운 거,8,[ka.k͈a.uŋ.kʌ],[ga.k͈a.un.gʌ]
위법 행위입니다,8,[wi.pʌp̚.hɛŋ.wi.ip̚.ni.ta],[wi.bʌp̚.hɛŋ.wi.ip̚.ni.da]
들어오세요 여기,8,[tɯl.ʌ.o.se.jo.jʌ.ki],[dɯl.ʌ.o.se.jo.jʌ.gi]
그리고 얼마 지나지 않아,8,[kɯ.ɾi.ko.ʌl.ma.tʃi.na.tʃi.an.a],[gɯ.ɾi.go.ʌl.ma.dʒi.na.dʒi.an.a]
위성 라디오,8,[wi.sʌŋ.ɾa.ti.o],[wi.sʌŋ.ɾa.di.o]
위성 안테나,8,[wi.sʌŋ.an.tʰe.na],[wi.sʌŋ.an.tʰe.na]
그리고 얼마나 오래,8,[kɯ.ɾi.ko.ʌl.ma.na.o.ɾɛ],[gɯ.ɾi.go.ʌl.ma.na.o.ɾɛ]
들어오실 거예요,8,[tɯl.ʌ.o.sil.kʌ.je.jo],[dɯl.ʌ.o.sil.gʌ.je.jo]
my help,8,,
위스키 스트레이트,8,[wi.sɯ.kʰi.sɯ.tʰɯ.ɾe.i.tʰɯ],[wi.sɯ.kʰi.sɯ.tʰɯ.ɾe.i.tʰɯ]
위스키 사워,8,[wi.sɯ.kʰi.sa.wʌ],[wi.sɯ.kʰi.sa.wʌ]
위스키 안,8,[wi.sɯ.kʰi.an],[wi.sɯ.kʰi.an]
그리고 엄마를,8,[kɯ.ɾi.ko.ʌm.ma.ɾɯl],[gɯ.ɾi.go.ʌm.ma.ɾɯl]
그리고 엄마한테,8,[kɯ.ɾi.ko.ʌm.ma.han.tʰe],[gɯ.ɾi.go.ʌm.ma.han.tʰe]
무슨 소리였어요,8,[mu.sɯn.so.ɾi.jʌt̚.ʌ.jo],[mu.sɯn.so.ɾi.jʌt̚.ʌ.jo]
여자 팬티를,8,[jʌ.tʃa.pʰɛn.tʰi.ɾɯl],[jʌ.dʒa.pʰɛn.tʰi.ɾɯl]
건드리지 않았어요,8,[kʌn.tɯ.ɾi.tʃi.an.at̚.ʌ.jo],[gʌn.tɯ.ɾi.dʒi.an.at̚.ʌ.jo]
위에 그냥,8,[wi.e.kɯ.njaŋ],[wi.e.gɯ.njaŋ]
건드리지 않으면,8,[kʌn.tɯ.ɾi.tʃi.an.ɯ.mjʌn],[gʌn.tɯ.ɾi.dʒi.an.ɯ.mjʌn]
위에 놓여,8,[wi.e.not̚.jʌ],[wi.e.not̚.jʌ]
위에 다,8,[wi.e.ta],[wi.e.da]
그리고 여기를,8,[kɯ.ɾi.ko.jʌ.ki.ɾɯl],[gɯ.ɾi.go.jʌ.gi.ɾɯl]
들어온 순간부터,8,[tɯl.ʌ.on.suŋ.kam.pu.tʰʌ],[dɯl.ʌ.on.suŋ.kam.pu.tʰʌ]
들어온 이후로,8,[tɯl.ʌ.on.i.hu.ɾo],[dɯl.ʌ.on.i.hu.ɾo]
그리고 여기에서,8,[kɯ.ɾi.ko.jʌ.ki.e.sʌ],[gɯ.ɾi.go.jʌ.gi.e.sʌ]
위에 살아,8,[wi.e.sal.a],[wi.e.sal.a]
그리고 여덟,8,[kɯ.ɾi.ko.jʌ.tʌl],[gɯ.ɾi.go.jʌ.dʌl]
위에 손을 올리세요,8,[wi.e.son.ɯl.ol.ɾi.se.jo],[wi.e.son.ɯl.ol.ɾi.se.jo]
위에 썼던,8,[wi.e.s͈ʌt̚.tʌn],[wi.e.s͈ʌt̚.tʌn]
여자 화장실은,8,[jʌ.tʃa.hwa.tʃaŋ.sil.ɯn],[jʌ.dʒa.hwa.dʒaŋ.sil.ɯn]
위에 앉는,8,[wi.e.an.nɯn],[wi.e.an.nɯn]
위에 올려놨어,8,[wi.e.ol.ɾjʌ.nwat̚.ʌ],[wi.e.ol.ɾjʌ.nwat̚.ʌ]
위에 있게,8,[wi.e.it̚.ke],[wi.e.it̚.ke]
무슨 소리인지 전혀,8,[mu.sɯn.so.ɾi.in.tʃi.tʃʌn.hjʌ],[mu.sɯn.so.ɾi.in.tʃi.dʒʌn.hjʌ]
준다 그,8,[tʃun.ta.kɯ],[dʒun.ta.gɯ]
들어올 수는,8,[tɯl.ʌ.ol.su.nɯn],[dɯl.ʌ.ol.su.nɯn]
난 공원,8,[naŋ.koŋ.wʌn],[nan.goŋ.wʌn]
들어올 순 없어,8,[tɯl.ʌ.ol.sun.ʌp̚.ʌ],[dɯl.ʌ.ol.sun.ʌp̚.ʌ]
들어올 테니까,8,[tɯl.ʌ.ol.tʰe.ni.k͈a],[dɯl.ʌ.ol.tʰe.ni.k͈a]
들어올지도 몰라,8,[tɯl.ʌ.ol.tʃi.to.mol.ɾa],[dɯl.ʌ.ol.tʃi.do.mol.ɾa]
위에 있지 않다,8,[wi.e.it̚.tʃi.an.ta],[wi.e.it̚.tʃi.an.ta]
위에 집을,8,[wi.e.tʃip̚.ɯl],[wi.e.dʒip̚.ɯl]
위에 하나,8,[wi.e.ha.na],[wi.e.ha.na]
위에서 내,8,[wi.e.sʌ.nɛ],[wi.e.sʌ.nɛ]
위에서 뭘 하고,8,[wi.e.sʌ.mwʌl.ha.ko],[wi.e.sʌ.mwʌl.ha.go]
위에서 본,8,[wi.e.sʌ.pon],[wi.e.sʌ.bon]
들어와 무슨 일이야,8,[tɯl.ʌ.wa.mu.sɯn.il.i.ja],[dɯl.ʌ.wa.mu.sɯn.il.i.ja]
준다면 그,8,[tʃun.ta.mjʌŋ.kɯ],[dʒun.ta.mjʌn.gɯ]
하나 만드는,8,[ha.na.man.tɯ.nɯn],[ha.na.man.tɯ.nɯn]
위에서 잘,8,[wi.e.sʌ.tʃal],[wi.e.sʌ.dʒal]
그리고 오늘날까지,8,[kɯ.ɾi.ko.o.nɯl.lal.k͈a.tʃi],[gɯ.ɾi.go.o.nɯl.lal.k͈a.dʒi]
위엔 아무도,8,[wi.en.a.mu.to],[wi.en.a.mu.do]
그리고 오래된,8,[kɯ.ɾi.ko.o.ɾɛ.twen],[gɯ.ɾi.go.o.ɾɛ.dwen]
들어와 엄마,8,[tɯl.ʌ.wa.ʌm.ma],[dɯl.ʌ.wa.ʌm.ma]
위장 근무는,8,[wi.tʃaŋ.kɯn.mu.nɯn],[wi.dʒaŋ.gɯn.mu.nɯn]
위장 신분은,8,[wi.tʃaŋ.sim.pun.ɯn],[wi.dʒaŋ.sim.pun.ɯn]
위장을 하고,8,[wi.tʃaŋ.ɯl.ha.ko],[wi.dʒaŋ.ɯl.ha.go]
그리고 올,8,[kɯ.ɾi.ko.ol],[gɯ.ɾi.go.ol]
들어와 좋아,8,[tɯl.ʌ.wa.tʃot̚.a],[dɯl.ʌ.wa.dʒot̚.a]
들어와 주세요,8,[tɯl.ʌ.wa.tʃu.se.jo],[dɯl.ʌ.wa.dʒu.se.jo]
그리고 왜 그들은,8,[kɯ.ɾi.ko.wɛ.kɯ.tɯl.ɯn],[gɯ.ɾi.go.wɛ.gɯ.dɯl.ɯn]
건들지 않는,8,[kʌn.tɯl.tʃi.an.nɯn],[gʌn.tɯl.tʃi.an.nɯn]
들어와서 이,8,[tɯl.ʌ.wa.sʌ.i],[dɯl.ʌ.wa.sʌ.i]
들어와서 이렇게,8,[tɯl.ʌ.wa.sʌ.i.ɾʌt̚.ke],[dɯl.ʌ.wa.sʌ.i.ɾʌt̚.ke]
들어와서 좀,8,[tɯl.ʌ.wa.sʌ.tʃom],[dɯl.ʌ.wa.sʌ.dʒom]
하나 때문에 날,8,[ha.na.t͈ɛ.mun.e.nal],[ha.na.t͈ɛ.mun.e.nal]
들어와서 죄송합니다,8,[tɯl.ʌ.wa.sʌ.tʃwe.soŋ.hap̚.ni.ta],[dɯl.ʌ.wa.sʌ.dʒwe.soŋ.hap̚.ni.da]
건들지 않는 게,8,[kʌn.tɯl.tʃi.an.nɯŋ.ke],[gʌn.tɯl.tʃi.an.nɯn.ge]
위층으로 와,8,[wi.tʃʰɯŋ.ɯ.ɾo.wa],[wi.tʃʰɯŋ.ɯ.ɾo.wa]
위치 및,8,[wi.tʃʰi.mit̚],[wi.tʃʰi.mit̚]
들어와야 해요,8,[tɯl.ʌ.wa.ja.hɛ.jo],[dɯl.ʌ.wa.ja.hɛ.jo]
위치 잡아,8,[wi.tʃʰi.tʃap̚.a],[wi.tʃʰi.dʒap̚.a]
가까운 병원이,8,[ka.k͈a.um.pjʌŋ.wʌn.i],[ga.k͈a.un.bjʌŋ.wʌn.i]
들어와요 네,8,[tɯl.ʌ.wa.jo.ne],[dɯl.ʌ.wa.jo.ne]
들어와요 안녕,8,[tɯl.ʌ.wa.jo.an.njʌŋ],[dɯl.ʌ.wa.jo.an.njʌŋ]
위치가 어디지,8,[wi.tʃʰi.ka.ʌ.ti.tʃi],[wi.tʃʰi.ga.ʌ.di.dʒi]
위치가 어딘지,8,[wi.tʃʰi.ka.ʌ.tin.tʃi],[wi.tʃʰi.ga.ʌ.din.tʃi]
들어와요 여긴,8,[tɯl.ʌ.wa.jo.jʌ.kin],[dɯl.ʌ.wa.jo.jʌ.gin]
위치는 못,8,[wi.tʃʰi.nɯn.mot̚],[wi.tʃʰi.nɯn.mot̚]
그리고 우리 둘이,8,[kɯ.ɾi.ko.u.ɾi.tul.i],[gɯ.ɾi.go.u.ɾi.dul.i]
그런데 무슨 일,8,[kɯ.ɾʌn.te.mu.sɯn.il],[gɯ.ɾʌn.te.mu.sɯn.il]
준비 하렴,8,[tʃum.pi.ha.ɾjʌm],[dʒum.pi.ha.ɾjʌm]
위치를 보면,8,[wi.tʃʰi.ɾɯl.po.mjʌn],[wi.tʃʰi.ɾɯl.bo.mjʌn]
여자가 비명을,8,[jʌ.tʃa.ka.pi.mjʌŋ.ɯl],[jʌ.dʒa.ga.bi.mjʌŋ.ɯl]
준비 하자,8,[tʃum.pi.ha.tʃa],[dʒum.pi.ha.dʒa]
건물 뒤,8,[kʌn.mul.twi],[gʌn.mul.dwi]
위치를 알아내다,8,[wi.tʃʰi.ɾɯl.al.a.nɛ.ta],[wi.tʃʰi.ɾɯl.al.a.nɛ.da]
위치를 알아내야 해,8,[wi.tʃʰi.ɾɯl.al.a.nɛ.ja.hɛ],[wi.tʃʰi.ɾɯl.al.a.nɛ.ja.hɛ]
준비가 다 된,8,[tʃum.pi.ka.ta.twen],[dʒum.pi.ga.da.dwen]
건물 뒤쪽에,8,[kʌn.mul.twi.tʃ͈ok̚.e],[gʌn.mul.dwi.tʃ͈ok̚.e]
건물 몇,8,[kʌn.mul.mjʌt̚],[gʌn.mul.mjʌt̚]
들어요 그게,8,[tɯl.ʌ.jo.kɯ.ke],[dɯl.ʌ.jo.gɯ.ge]
들어요 그래,8,[tɯl.ʌ.jo.kɯ.ɾɛ],[dɯl.ʌ.jo.gɯ.ɾɛ]
들어요 그래요,8,[tɯl.ʌ.jo.kɯ.ɾɛ.jo],[dɯl.ʌ.jo.gɯ.ɾɛ.jo]
들어요 그럼,8,[tɯl.ʌ.jo.kɯ.ɾʌm],[dɯl.ʌ.jo.gɯ.ɾʌm]
그리고 우리가 더,8,[kɯ.ɾi.ko.u.ɾi.ka.tʌ],[gɯ.ɾi.go.u.ɾi.ga.dʌ]
도주 중에,8,[to.tʃu.tʃuŋ.e],[do.dʒu.dʒuŋ.e]
들어요 난 당신,8,[tɯl.ʌ.jo.nan.taŋ.sin],[dɯl.ʌ.jo.nan.daŋ.sin]
위치에 대해,8,[wi.tʃʰi.e.tɛ.hɛ],[wi.tʃʰi.e.dɛ.hɛ]
들어요 난 엘리너 셸스트롭이에요,8,[tɯl.ʌ.jo.nan.el.ɾi.nʌ.sjel.sɯ.tʰɯ.ɾop̚.i.e.jo],[dɯl.ʌ.jo.nan.el.ɾi.nʌ.sjel.sɯ.tʰɯ.ɾop̚.i.e.jo]
들어요 난 엘리너,8,[tɯl.ʌ.jo.nan.el.ɾi.nʌ],[dɯl.ʌ.jo.nan.el.ɾi.nʌ]
위치에 있다는,8,[wi.tʃʰi.e.it̚.ta.nɯn],[wi.tʃʰi.e.it̚.ta.nɯn]
위치에 있을,8,[wi.tʃʰi.e.it̚.ɯl],[wi.tʃʰi.e.it̚.ɯl]
그리고 우리가 찾은,8,[kɯ.ɾi.ko.u.ɾi.ka.tʃʰat̚.ɯn],[gɯ.ɾi.go.u.ɾi.ga.tʃʰat̚.ɯn]
위키드는 좋은,8,[wi.kʰi.tɯ.nɯn.tʃot̚.ɯn],[wi.kʰi.dɯ.nɯn.dʒot̚.ɯn]
조의를 표할,8,[tʃo.ɯi.ɾɯl.pʰjo.hal],[dʒo.ɯi.ɾɯl.pʰjo.hal]
위키드는 좋은 일을,8,[wi.kʰi.tɯ.nɯn.tʃot̚.ɯn.il.ɯl],[wi.kʰi.dɯ.nɯn.dʒot̚.ɯn.il.ɯl]
들어요 당장,8,[tɯl.ʌ.jo.taŋ.tʃaŋ],[dɯl.ʌ.jo.daŋ.dʒaŋ]
준비가 끝나면,8,[tʃum.pi.ka.k͈ɯt̚.na.mjʌn],[dʒum.pi.ga.k͈ɯt̚.na.mjʌn]
위탁 아동을,8,[wi.tʰak̚.a.toŋ.ɯl],[wi.tʰak̚.a.doŋ.ɯl]
위태로운 라인 ah 危ないライン,8,[wi.tʰɛ.ɾo.ul.la.in],[wi.tʰɛ.ɾo.ul.la.in]
들어요 아뇨,8,[tɯl.ʌ.jo.a.njo],[dɯl.ʌ.jo.a.njo]
가까운 사람일,8,[ka.k͈a.un.sa.ɾam.il],[ga.k͈a.un.sa.ɾam.il]
들어요 안,8,[tɯl.ʌ.jo.an],[dɯl.ʌ.jo.an]
들어요 어떤,8,[tɯl.ʌ.jo.ʌ.t͈ʌn],[dɯl.ʌ.jo.ʌ.t͈ʌn]
위하여 그래,8,[wi.ha.jʌ.kɯ.ɾɛ],[wi.ha.jʌ.gɯ.ɾɛ]
위하여 그래서,8,[wi.ha.jʌ.kɯ.ɾɛ.sʌ],[wi.ha.jʌ.gɯ.ɾɛ.sʌ]
그리고 우리는 그것이,8,[kɯ.ɾi.ko.u.ɾi.nɯŋ.kɯ.kʌt̚.i],[gɯ.ɾi.go.u.ɾi.nɯn.gɯ.gʌt̚.i]
들어요 오늘,8,[tɯl.ʌ.jo.o.nɯl],[dɯl.ʌ.jo.o.nɯl]
건물 안에 있습니다,8,[kʌn.mul.an.e.it̚.sɯp̚.ni.ta],[gʌn.mul.an.e.it̚.sɯp̚.ni.da]
위하여 빌어 주소서,8,[wi.ha.jʌ.pil.ʌ.tʃu.so.sʌ],[wi.ha.jʌ.bil.ʌ.dʒu.so.sʌ]
위하여 빌어,8,[wi.ha.jʌ.pil.ʌ],[wi.ha.jʌ.bil.ʌ]
그리고 우리는 단지,8,[kɯ.ɾi.ko.u.ɾi.nɯn.tan.tʃi],[gɯ.ɾi.go.u.ɾi.nɯn.dan.tʃi]
위한 거대한,8,[wi.haŋ.kʌ.tɛ.han],[wi.han.gʌ.dɛ.han]
가까운 사이도,8,[ka.k͈a.un.sa.i.to],[ga.k͈a.un.sa.i.do]
그리고 우리는 당신의,8,[kɯ.ɾi.ko.u.ɾi.nɯn.taŋ.sin.ɯi],[gɯ.ɾi.go.u.ɾi.nɯn.daŋ.sin.ɯi]
위한 거야 그리고,8,[wi.haŋ.kʌ.ja.kɯ.ɾi.ko],[wi.han.gʌ.ja.gɯ.ɾi.go]
들어요 좋아,8,[tɯl.ʌ.jo.tʃot̚.a],[dɯl.ʌ.jo.dʒot̚.a]
들어요 주르륵,8,[tɯl.ʌ.jo.tʃu.ɾɯ.ɾɯk̚],[dɯl.ʌ.jo.dʒu.ɾɯ.ɾɯk̚]
들어요 주르륵 똑똑,8,[tɯl.ʌ.jo.tʃu.ɾɯ.ɾɯk̚.t͈ok̚.t͈ok̚],[dɯl.ʌ.jo.dʒu.ɾɯ.ɾɯk̚.t͈ok̚.t͈ok̚]
그리고 우리는 모든 것을,8,[kɯ.ɾi.ko.u.ɾi.nɯn.mo.tɯŋ.kʌt̚.ɯl],[gɯ.ɾi.go.u.ɾi.nɯn.mo.dɯn.gʌt̚.ɯl]
들어있을 거야,8,[tɯl.ʌ.it̚.ɯl.kʌ.ja],[dɯl.ʌ.it̚.ɯl.gʌ.ja]
건물 옥상에,8,[kʌn.mul.ok̚.saŋ.e],[gʌn.mul.ok̚.saŋ.e]
그리고 우리는 어떻게,8,[kɯ.ɾi.ko.u.ɾi.nɯn.ʌ.t͈ʌt̚.ke],[gɯ.ɾi.go.u.ɾi.nɯn.ʌ.t͈ʌt̚.ke]
했지 자기,8,[hɛt̚.tʃi.tʃa.ki],[hɛt̚.tʃi.dʒa.gi]
위한 게 아니고,8,[wi.haŋ.ke.a.ni.ko],[wi.han.ge.a.ni.go]
가까운 사이였어,8,[ka.k͈a.un.sa.i.jʌt̚.ʌ],[ga.k͈a.un.sa.i.jʌt̚.ʌ]
위한 계획은,8,[wi.haŋ.kje.hwek̚.ɯn],[wi.han.gje.hwek̚.ɯn]
위한 곳이지,8,[wi.haŋ.kot̚.i.tʃi],[wi.han.got̚.i.dʒi]
in France,8,,
위한 길이,8,[wi.haŋ.kil.i],[wi.han.gil.i]
위한 나라는,8,[wi.han.na.ɾa.nɯn],[wi.han.na.ɾa.nɯn]
You know how l,8,,
그리고 우리는 항상,8,[kɯ.ɾi.ko.u.ɾi.nɯn.haŋ.saŋ],[gɯ.ɾi.go.u.ɾi.nɯn.haŋ.saŋ]
들어줄 수 있어요,8,[tɯl.ʌ.tʃul.su.it̚.ʌ.jo],[dɯl.ʌ.dʒul.su.it̚.ʌ.jo]
위한 노력으로,8,[wi.han.no.ɾjʌk̚.ɯ.ɾo],[wi.han.no.ɾjʌk̚.ɯ.ɾo]
들어줄 수도,8,[tɯl.ʌ.tʃul.su.to],[dɯl.ʌ.dʒul.su.do]
들어줄 순,8,[tɯl.ʌ.tʃul.sun],[dɯl.ʌ.dʒul.sun]
위한 방법은,8,[wi.ham.pam.pʌp̚.ɯn],[wi.han.baŋ.bʌp̚.ɯn]
그리고 우리의 모든,8,[kɯ.ɾi.ko.u.ɾi.ɯi.mo.tɯn],[gɯ.ɾi.go.u.ɾi.ɯi.mo.dɯn]
위한 서류,8,[wi.han.sʌ.ɾju],[wi.han.sʌ.ɾju]
그리고 우린 계속,8,[kɯ.ɾi.ko.u.ɾiŋ.kje.sok̚],[gɯ.ɾi.go.u.ɾin.gje.sok̚]
준비는 됐지,8,[tʃum.pi.nɯn.twɛt̚.tʃi],[dʒum.pi.nɯn.dwɛt̚.tʃi]
준비는 어떻게,8,[tʃum.pi.nɯn.ʌ.t͈ʌt̚.ke],[dʒum.pi.nɯn.ʌ.t͈ʌt̚.ke]
그리고 우린 모두,8,[kɯ.ɾi.ko.u.ɾin.mo.tu],[gɯ.ɾi.go.u.ɾin.mo.du]
하나 생겼다,8,[ha.na.sɛŋ.kjʌt̚.ta],[ha.na.sɛŋ.gjʌt̚.ta]
위한 약간의,8,[wi.han.jak̚.kan.ɯi],[wi.han.jak̚.kan.ɯi]
건물로 들어가는,8,[kʌn.mul.ɾo.tɯl.ʌ.ka.nɯn],[gʌn.mul.ɾo.dɯl.ʌ.ga.nɯn]
위한 일종의,8,[wi.han.il.tʃoŋ.ɯi],[wi.han.il.tʃoŋ.ɯi]
위한 작업을,8,[wi.han.tʃak̚.ʌp̚.ɯl],[wi.han.dʒak̚.ʌp̚.ɯl]
조작한 건,8,[tʃo.tʃak̚.haŋ.kʌn],[dʒo.dʒak̚.han.gʌn]
하나 승,8,[ha.na.sɯŋ],[ha.na.sɯŋ]
건물에 들어가,8,[kʌn.mul.e.tɯl.ʌ.ka],[gʌn.mul.e.dɯl.ʌ.ga]
들었는데 정말,8,[tɯl.ʌt̚.nɯn.te.tʃʌŋ.mal],[dɯl.ʌt̚.nɯn.te.dʒʌŋ.mal]
위한 첫 번째,8,[wi.han.tʃʰʌt̚.pʌn.tʃ͈ɛ],[wi.han.tʃʰʌt̚.bʌn.tʃ͈ɛ]
건물에 들어가서,8,[kʌn.mul.e.tɯl.ʌ.ka.sʌ],[gʌn.mul.e.dɯl.ʌ.ga.sʌ]
들었는지 말해,8,[tɯl.ʌt̚.nɯn.tʃi.mal.hɛ],[dɯl.ʌt̚.nɯn.tʃi.mal.hɛ]
가까운 줄,8,[ka.k͈a.un.tʃul],[ga.k͈a.un.dʒul]
들었는지 알고,8,[tɯl.ʌt̚.nɯn.tʃi.al.ko],[dɯl.ʌt̚.nɯn.tʃi.al.ko]
건물에 못,8,[kʌn.mul.e.mot̚],[gʌn.mul.e.mot̚]
수 있게 말이야 넌,8,[su.it̚.ke.mal.i.ja.nʌn],[su.it̚.ke.mal.i.ja.nʌn]
가까운 출구로,8,[ka.k͈a.un.tʃʰul.ku.ɾo],[ga.k͈a.un.tʃʰul.ku.ɾo]
들었는진 모르겠지만,8,[tɯl.ʌt̚.nɯn.tʃin.mo.ɾɯ.ket̚.tʃi.man],[dɯl.ʌt̚.nɯn.tʃin.mo.ɾɯ.get̚.tʃi.man]
위한 학교,8,[wi.han.hak̚.kjo],[wi.han.hak̚.kjo]
들었다 그는,8,[tɯl.ʌt̚.ta.kɯ.nɯn],[dɯl.ʌt̚.ta.gɯ.nɯn]
들었다 나는,8,[tɯl.ʌt̚.ta.na.nɯn],[dɯl.ʌt̚.ta.na.nɯn]
들었다 넌,8,[tɯl.ʌt̚.ta.nʌn],[dɯl.ʌt̚.ta.nʌn]
그리고 의사가,8,[kɯ.ɾi.ko.ɯi.sa.ka],[gɯ.ɾi.go.ɯi.sa.ga]
위해 거의,8,[wi.hɛ.kʌ.ɯi],[wi.hɛ.gʌ.ɯi]
건물에 있던,8,[kʌn.mul.e.it̚.tʌn],[gʌn.mul.e.it̚.tʌn]
그리고 이 멋진,8,[kɯ.ɾi.ko.i.mʌt̚.tʃin],[gɯ.ɾi.go.i.mʌt̚.tʃin]
위해 건배해요,8,[wi.hɛ.kʌm.pɛ.hɛ.jo],[wi.hɛ.gʌm.pɛ.hɛ.jo]
난 괴짜,8,[naŋ.kwe.tʃ͈a],[nan.gwe.tʃ͈a]
위해 고용되었다,8,[wi.hɛ.ko.joŋ.twe.ʌt̚.ta],[wi.hɛ.go.joŋ.dwe.ʌt̚.ta]
들었습니다 모두,8,[tɯl.ʌt̚.sɯp̚.ni.ta.mo.tu],[dɯl.ʌt̚.sɯp̚.ni.da.mo.du]
위해 곧,8,[wi.hɛ.kot̚],[wi.hɛ.got̚]
위해 그 일을,8,[wi.hɛ.kɯ.il.ɯl],[wi.hɛ.gɯ.il.ɯl]
들었습니다 이,8,[tɯl.ʌt̚.sɯp̚.ni.ta.i],[dɯl.ʌt̚.sɯp̚.ni.da.i]
들었어 c,8,[tɯl.ʌt̚.ʌ],[dɯl.ʌt̚.ʌ]
준비를 마친,8,[tʃum.pi.ɾɯl.ma.tʃʰin],[dʒum.pi.ɾɯl.ma.tʃʰin]
위해 그곳에 있다,8,[wi.hɛ.kɯ.kot̚.e.it̚.ta],[wi.hɛ.gɯ.got̚.e.it̚.ta]
들었어 곧,8,[tɯl.ʌt̚.ʌ.kot̚],[dɯl.ʌt̚.ʌ.got̚]
위해 그랬다는,8,[wi.hɛ.kɯ.ɾɛt̚.ta.nɯn],[wi.hɛ.gɯ.ɾɛt̚.ta.nɯn]
위해 그랬어,8,[wi.hɛ.kɯ.ɾɛt̚.ʌ],[wi.hɛ.gɯ.ɾɛt̚.ʌ]
위해 그러는 거야,8,[wi.hɛ.kɯ.ɾʌ.nɯŋ.kʌ.ja],[wi.hɛ.gɯ.ɾʌ.nɯn.gʌ.ja]
위해 그런 거예요,8,[wi.hɛ.kɯ.ɾʌŋ.kʌ.je.jo],[wi.hɛ.gɯ.ɾʌn.gʌ.je.jo]
난 교회,8,[naŋ.kjo.hwe],[nan.gjo.hwe]
위해 그런 짓을,8,[wi.hɛ.kɯ.ɾʌn.tʃit̚.ɯl],[wi.hɛ.gɯ.ɾʌn.dʒit̚.ɯl]
위해 그렇게 해,8,[wi.hɛ.kɯ.ɾʌt̚.ke.hɛ],[wi.hɛ.gɯ.ɾʌt̚.ke.hɛ]
위해 그리고 그는,8,[wi.hɛ.kɯ.ɾi.ko.kɯ.nɯn],[wi.hɛ.gɯ.ɾi.go.gɯ.nɯn]
위해 그리고 난,8,[wi.hɛ.kɯ.ɾi.ko.nan],[wi.hɛ.gɯ.ɾi.go.nan]
위해 그리고 이,8,[wi.hɛ.kɯ.ɾi.ko.i],[wi.hɛ.gɯ.ɾi.go.i]
위해 그와,8,[wi.hɛ.kɯ.wa],[wi.hɛ.gɯ.wa]
위해 글을,8,[wi.hɛ.kɯl.ɯl],[wi.hɛ.gɯl.ɯl]
들었어 누가,8,[tɯl.ʌt̚.ʌ.nu.ka],[dɯl.ʌt̚.ʌ.nu.ga]
위해 기다리는,8,[wi.hɛ.ki.ta.ɾi.nɯn],[wi.hɛ.gi.da.ɾi.nɯn]
수 있게 해드릴게요,8,[su.it̚.ke.hɛ.tɯ.ɾil.ke.jo],[su.it̚.ke.hɛ.dɯ.ɾil.ke.jo]
들었어 더,8,[tɯl.ʌt̚.ʌ.tʌ],[dɯl.ʌt̚.ʌ.dʌ]
위해 깜짝,8,[wi.hɛ.k͈an.tʃ͈ak̚],[wi.hɛ.k͈an.tʃ͈ak̚]
들었어 아까,8,[tɯl.ʌt̚.ʌ.a.k͈a],[dɯl.ʌt̚.ʌ.a.k͈a]
위해 나무를,8,[wi.hɛ.na.mu.ɾɯl],[wi.hɛ.na.mu.ɾɯl]
여자는 아무도,8,[jʌ.tʃa.nɯn.a.mu.to],[jʌ.dʒa.nɯn.a.mu.do]
들었어 아무튼,8,[tɯl.ʌt̚.ʌ.a.mu.tʰɯn],[dɯl.ʌt̚.ʌ.a.mu.tʰɯn]
들었어 어떤,8,[tɯl.ʌt̚.ʌ.ʌ.t͈ʌn],[dɯl.ʌt̚.ʌ.ʌ.t͈ʌn]
들었어 오늘,8,[tɯl.ʌt̚.ʌ.o.nɯl],[dɯl.ʌt̚.ʌ.o.nɯl]
들었어 이런,8,[tɯl.ʌt̚.ʌ.i.ɾʌn],[dɯl.ʌt̚.ʌ.i.ɾʌn]
그리고 이것에 대해,8,[kɯ.ɾi.ko.i.kʌt̚.e.tɛ.hɛ],[gɯ.ɾi.go.i.gʌt̚.e.dɛ.hɛ]
들었어 좀,8,[tɯl.ʌt̚.ʌ.tʃom],[dɯl.ʌt̚.ʌ.dʒom]
위해 노력하다,8,[wi.hɛ.no.ɾjʌk̚.ha.ta],[wi.hɛ.no.ɾjʌk̚.ha.da]
들었어 혹시,8,[tɯl.ʌt̚.ʌ.hok̚.si],[dɯl.ʌt̚.ʌ.hok̚.si]
위해 다들,8,[wi.hɛ.ta.tɯl],[wi.hɛ.da.dɯl]
그리고 이게 내,8,[kɯ.ɾi.ko.i.ke.nɛ],[gɯ.ɾi.go.i.ge.nɛ]
위해 똑같은,8,[wi.hɛ.t͈ok̚.kat̚.ɯn],[wi.hɛ.t͈ok̚.kat̚.ɯn]
in San Jose,8,,
들었어요 다들,8,[tɯl.ʌt̚.ʌ.jo.ta.tɯl],[dɯl.ʌt̚.ʌ.jo.da.dɯl]
위해 마약을,8,[wi.hɛ.ma.jak̚.ɯl],[wi.hɛ.ma.jak̚.ɯl]
위해 마이애미에서,8,[wi.hɛ.ma.i.ɛ.mi.e.sʌ],[wi.hɛ.ma.i.ɛ.mi.e.sʌ]
위해 만들어진 게,8,[wi.hɛ.man.tɯl.ʌ.tʃiŋ.ke],[wi.hɛ.man.tɯl.ʌ.dʒin.ge]
위해 많은 노력을,8,[wi.hɛ.man.ɯn.no.ɾjʌk̚.ɯl],[wi.hɛ.man.ɯn.no.ɾjʌk̚.ɯl]
위해 많이,8,[wi.hɛ.man.i],[wi.hɛ.man.i]
위해 말을,8,[wi.hɛ.mal.ɯl],[wi.hɛ.mal.ɯl]
위해 말이죠,8,[wi.hɛ.mal.i.tʃjo],[wi.hɛ.mal.i.dʒjo]
들었어요 유감이에요,8,[tɯl.ʌt̚.ʌ.jo.ju.kam.i.e.jo],[dɯl.ʌt̚.ʌ.jo.ju.gam.i.e.jo]
준비한 선물을,8,[tʃum.pi.han.sʌn.mul.ɯl],[dʒum.pi.han.sʌn.mul.ɯl]
무슨 의미가 있니,8,[mu.sɯn.ɯi.mi.ka.it̚.ni],[mu.sɯn.ɯi.mi.ga.it̚.ni]
위해 못할,8,[wi.hɛ.mot̚.hal],[wi.hɛ.mot̚.hal]
들었어요 좋아,8,[tɯl.ʌt̚.ʌ.jo.tʃot̚.a],[dɯl.ʌt̚.ʌ.jo.dʒot̚.a]
들었으면 좋겠네,8,[tɯl.ʌt̚.ɯ.mjʌn.tʃot̚.ket̚.ne],[dɯl.ʌt̚.ɯ.mjʌn.dʒot̚.ket̚.ne]
위해 뭐든지 할 수,8,[wi.hɛ.mwʌ.tɯn.tʃi.hal.su],[wi.hɛ.mwʌ.dɯn.tʃi.hal.su]
들었으면 해,8,[tɯl.ʌt̚.ɯ.mjʌn.hɛ],[dɯl.ʌt̚.ɯ.mjʌn.hɛ]
위해 뭔가 하고,8,[wi.hɛ.mwʌŋ.ka.ha.ko],[wi.hɛ.mwʌŋ.ka.ha.go]
들었을 거다,8,[tɯl.ʌt̚.ɯl.kʌ.ta],[dɯl.ʌt̚.ɯl.gʌ.da]
가까워지고 있다는,8,[ka.k͈a.wʌ.tʃi.ko.it̚.ta.nɯn],[ga.k͈a.wʌ.dʒi.go.it̚.ta.nɯn]
위해 바다를,8,[wi.hɛ.pa.ta.ɾɯl],[wi.hɛ.ba.da.ɾɯl]
위해 밤새,8,[wi.hɛ.pam.sɛ],[wi.hɛ.bam.sɛ]
위해 방역선을,8,[wi.hɛ.paŋ.jʌk̚.sʌn.ɯl],[wi.hɛ.baŋ.jʌk̚.sʌn.ɯl]
위해 부르는,8,[wi.hɛ.pu.ɾɯ.nɯn],[wi.hɛ.bu.ɾɯ.nɯn]
들었을 테니,8,[tɯl.ʌt̚.ɯl.tʰe.ni],[dɯl.ʌt̚.ɯl.tʰe.ni]
위해 불을,8,[wi.hɛ.pul.ɯl],[wi.hɛ.bul.ɯl]
들었을 텐데요,8,[tɯl.ʌt̚.ɯl.tʰen.te.jo],[dɯl.ʌt̚.ɯl.tʰen.te.jo]
그리고 이제 우린,8,[kɯ.ɾi.ko.i.tʃe.u.ɾin],[gɯ.ɾi.go.i.dʒe.u.ɾin]
위해 사람들은,8,[wi.hɛ.sa.ɾan.tɯl.ɯn],[wi.hɛ.sa.ɾan.tɯl.ɯn]
그리고 이제 전,8,[kɯ.ɾi.ko.i.tʃe.tʃʌn],[gɯ.ɾi.go.i.dʒe.dʒʌn]
위해 사용할 수,8,[wi.hɛ.sa.joŋ.hal.su],[wi.hɛ.sa.joŋ.hal.su]
위해 살아가는,8,[wi.hɛ.sal.a.ka.nɯn],[wi.hɛ.sal.a.ga.nɯn]
관계 개선을,8,[kwaŋ.kje.kɛ.sʌn.ɯl],[gwaŋ.kje.gɛ.sʌn.ɯl]
들었지 날,8,[tɯl.ʌt̚.tʃi.nal],[dɯl.ʌt̚.tʃi.nal]
들었지 내,8,[tɯl.ʌt̚.tʃi.nɛ],[dɯl.ʌt̚.tʃi.nɛ]
그리고 이쪽은 내,8,[kɯ.ɾi.ko.i.tʃ͈ok̚.ɯn.nɛ],[gɯ.ɾi.go.i.tʃ͈ok̚.ɯn.nɛ]
건배 그래서,8,[kʌm.pɛ.kɯ.ɾɛ.sʌ],[gʌm.pɛ.gɯ.ɾɛ.sʌ]
위해 시간,8,[wi.hɛ.si.kan],[wi.hɛ.si.gan]
위해 싸우고 있는,8,[wi.hɛ.s͈a.u.ko.it̚.nɯn],[wi.hɛ.s͈a.u.go.it̚.nɯn]
그리고 인터넷,8,[kɯ.ɾi.ko.in.tʰʌ.net̚],[gɯ.ɾi.go.in.tʰʌ.net̚]
들여다 보았다,8,[tɯl.jʌ.ta.po.at̚.ta],[dɯl.jʌ.da.bo.at̚.ta]
위해 싸우다 죽은,8,[wi.hɛ.s͈a.u.ta.tʃuk̚.ɯn],[wi.hɛ.s͈a.u.da.dʒuk̚.ɯn]
You know what you,8,,
위해 싸우러,8,[wi.hɛ.s͈a.u.ɾʌ],[wi.hɛ.s͈a.u.ɾʌ]
위해 싸우려고,8,[wi.hɛ.s͈a.u.ɾjʌ.ko],[wi.hɛ.s͈a.u.ɾjʌ.go]
위해 싸운다고,8,[wi.hɛ.s͈a.un.ta.ko],[wi.hɛ.s͈a.un.ta.go]
in Washington,8,,
위해 싸워야 할,8,[wi.hɛ.s͈a.wʌ.ja.hal],[wi.hɛ.s͈a.wʌ.ja.hal]
위해 싸워야지,8,[wi.hɛ.s͈a.wʌ.ja.tʃi],[wi.hɛ.s͈a.wʌ.ja.dʒi]
들여보내 줄 거예요,8,[tɯl.jʌ.po.nɛ.tʃul.kʌ.je.jo],[dɯl.jʌ.bo.nɛ.dʒul.gʌ.je.jo]
위해 아껴둬,8,[wi.hɛ.a.k͈jʌ.twʌ],[wi.hɛ.a.k͈jʌ.dwʌ]
위해 안녕,8,[wi.hɛ.an.njʌŋ],[wi.hɛ.an.njʌŋ]
들여보낸 거야,8,[tɯl.jʌ.po.nɛŋ.kʌ.ja],[dɯl.jʌ.bo.nɛn.gʌ.ja]
위해 애쓰고 있어,8,[wi.hɛ.ɛ.s͈ɯ.ko.it̚.ʌ],[wi.hɛ.ɛ.s͈ɯ.go.it̚.ʌ]
위해 애쓴,8,[wi.hɛ.ɛ.s͈ɯn],[wi.hɛ.ɛ.s͈ɯn]
위해 어느,8,[wi.hɛ.ʌ.nɯ],[wi.hɛ.ʌ.nɯ]
난 그 사람의,8,[naŋ.kɯ.sa.ɾam.ɯi],[nan.gɯ.sa.ɾam.ɯi]
건배 정말,8,[kʌm.pɛ.tʃʌŋ.mal],[gʌm.pɛ.dʒʌŋ.mal]
들으니 너무 좋다,8,[tɯl.ɯ.ni.nʌ.mu.tʃot̚.ta],[dɯl.ɯ.ni.nʌ.mu.dʒot̚.ta]
들으니 반갑네요,8,[tɯl.ɯ.ni.paŋ.kap̚.ne.jo],[dɯl.ɯ.ni.baŋ.kap̚.ne.jo]
들으니 반갑다,8,[tɯl.ɯ.ni.paŋ.kap̚.ta],[dɯl.ɯ.ni.baŋ.kap̚.ta]
난 그 사람이랑,8,[naŋ.kɯ.sa.ɾam.i.ɾaŋ],[nan.gɯ.sa.ɾam.i.ɾaŋ]
위해 여길,8,[wi.hɛ.jʌ.kil],[wi.hɛ.jʌ.gil]
조준을 못,8,[tʃo.tʃun.ɯl.mot̚],[dʒo.dʒun.ɯl.mot̚]
조준하고 있어요,8,[tʃo.tʃun.ha.ko.it̚.ʌ.jo],[dʒo.dʒun.ha.go.it̚.ʌ.jo]
위해 왜냐하면,8,[wi.hɛ.wɛ.nja.ha.mjʌn],[wi.hɛ.wɛ.nja.ha.mjʌn]
in a bit,8,,
위해 음악을,8,[wi.hɛ.ɯm.ak̚.ɯl],[wi.hɛ.ɯm.ak̚.ɯl]
건배를 제안하고,8,[kʌm.pɛ.ɾɯl.tʃe.an.ha.ko],[gʌm.pɛ.ɾɯl.dʒe.an.ha.go]
위해 이 일을 하는,8,[wi.hɛ.i.il.ɯl.ha.nɯn],[wi.hɛ.i.il.ɯl.ha.nɯn]
들으면 돼요,8,[tɯl.ɯ.mjʌn.twɛ.jo],[dɯl.ɯ.mjʌn.dwɛ.jo]
위해 이런 짓을,8,[wi.hɛ.i.ɾʌn.tʃit̚.ɯl],[wi.hɛ.i.ɾʌn.dʒit̚.ɯl]
위해 이럴,8,[wi.hɛ.i.ɾʌl],[wi.hɛ.i.ɾʌl]
You know who I,8,,
위해 이번,8,[wi.hɛ.i.pʌn],[wi.hɛ.i.bʌn]
줄 거예요 전,8,[tʃul.kʌ.je.jo.tʃʌn],[dʒul.gʌ.je.jo.dʒʌn]
들으면 우리,8,[tɯl.ɯ.mjʌn.u.ɾi],[dɯl.ɯ.mjʌn.u.ɾi]
위해 일하고 있습니다,8,[wi.hɛ.il.ha.ko.it̚.sɯp̚.ni.ta],[wi.hɛ.il.ha.go.it̚.sɯp̚.ni.da]
들으면 정말,8,[tɯl.ɯ.mjʌn.tʃʌŋ.mal],[dɯl.ɯ.mjʌn.dʒʌŋ.mal]
그리고 장,8,[kɯ.ɾi.ko.tʃaŋ],[gɯ.ɾi.go.dʒaŋ]
들으면 좋아할,8,[tɯl.ɯ.mjʌn.tʃot̚.a.hal],[dɯl.ɯ.mjʌn.dʒot̚.a.hal]
들으세요 그,8,[tɯl.ɯ.se.jo.kɯ],[dɯl.ɯ.se.jo.gɯ]
위해 일하라고,8,[wi.hɛ.il.ha.ɾa.ko],[wi.hɛ.il.ha.ɾa.go]
들으세요 제가,8,[tɯl.ɯ.se.jo.tʃe.ka],[dɯl.ɯ.se.jo.dʒe.ga]
들으세요 제,8,[tɯl.ɯ.se.jo.tʃe],[dɯl.ɯ.se.jo.dʒe]
건설 프로젝트,8,[kʌn.sʌl.pʰɯ.ɾo.tʃek̚.tʰɯ],[gʌn.sʌl.pʰɯ.ɾo.dʒek̚.tʰɯ]
그리고 재미있는,8,[kɯ.ɾi.ko.tʃɛ.mi.it̚.nɯn],[gɯ.ɾi.go.dʒɛ.mi.it̚.nɯn]
들으셨나 본데,8,[tɯl.ɯ.sjʌt̚.na.pon.te],[dɯl.ɯ.sjʌt̚.na.bon.te]
위해 일한다면,8,[wi.hɛ.il.han.ta.mjʌn],[wi.hɛ.il.han.ta.mjʌn]
그리고 쟤,8,[kɯ.ɾi.ko.tʃjɛ],[gɯ.ɾi.go.dʒjɛ]
건설 프로젝트를,8,[kʌn.sʌl.pʰɯ.ɾo.tʃek̚.tʰɯ.ɾɯl],[gʌn.sʌl.pʰɯ.ɾo.dʒek̚.tʰɯ.ɾɯl]
위해 일했지,8,[wi.hɛ.il.hɛt̚.tʃi],[wi.hɛ.il.hɛt̚.tʃi]
들은 거 같아요,8,[tɯl.ɯŋ.kʌ.kat̚.a.jo],[dɯl.ɯn.gʌ.gat̚.a.jo]
무슨 일 있으면 연락,8,[mu.sɯn.il.it̚.ɯ.mjʌn.jʌl.lak̚],[mu.sɯn.il.it̚.ɯ.mjʌn.jʌl.lak̚]
도쿄 중앙은행,8,[to.kʰjo.tʃuŋ.aŋ.ɯn.hɛŋ],[do.kʰjo.dʒuŋ.aŋ.ɯn.hɛŋ]
그리고 저걸,8,[kɯ.ɾi.ko.tʃʌ.kʌl],[gɯ.ɾi.go.dʒʌ.gʌl]
거죠 늘,8,[kʌ.tʃjo.nɯl],[gʌ.dʒjo.nɯl]
위해 저녁을,8,[wi.hɛ.tʃʌ.njʌk̚.ɯl],[wi.hɛ.dʒʌ.njʌk̚.ɯl]
위해 저희,8,[wi.hɛ.tʃʌ.hɯi],[wi.hɛ.dʒʌ.hɯi]
들은 거로 하죠,8,[tɯl.ɯŋ.kʌ.ɾo.ha.tʃjo],[dɯl.ɯn.gʌ.ɾo.ha.dʒjo]
들은 거로 할게요,8,[tɯl.ɯŋ.kʌ.ɾo.hal.ke.jo],[dɯl.ɯn.gʌ.ɾo.hal.ke.jo]
건설 회사를,8,[kʌn.sʌl.hwe.sa.ɾɯl],[gʌn.sʌl.hwe.sa.ɾɯl]
위해 절대,8,[wi.hɛ.tʃʌl.tɛ],[wi.hɛ.dʒʌl.tɛ]
줄 것이지,8,[tʃul.kʌt̚.i.tʃi],[dʒul.gʌt̚.i.dʒi]
위해 제대로,8,[wi.hɛ.tʃe.tɛ.ɾo],[wi.hɛ.dʒe.dɛ.ɾo]
들은 건지,8,[tɯl.ɯŋ.kʌn.tʃi],[dɯl.ɯn.gʌn.tʃi]
그리고 저는 그,8,[kɯ.ɾi.ko.tʃʌ.nɯŋ.kɯ],[gɯ.ɾi.go.dʒʌ.nɯn.gɯ]
여자랑 잤어요,8,[jʌ.tʃa.ɾaŋ.tʃat̚.ʌ.jo],[jʌ.dʒa.ɾaŋ.dʒat̚.ʌ.jo]
들은 걸로 할게요,8,[tɯl.ɯŋ.kʌl.ɾo.hal.ke.jo],[dɯl.ɯn.gʌl.ɾo.hal.ke.jo]
가까이 가지 마라,8,[ka.k͈a.i.ka.tʃi.ma.ɾa],[ga.k͈a.i.ga.dʒi.ma.ɾa]
들은 것 중,8,[tɯl.ɯŋ.kʌt̚.tʃuŋ],[dɯl.ɯn.gʌt̚.dʒuŋ]
위해 준비해,8,[wi.hɛ.tʃum.pi.hɛ],[wi.hɛ.dʒum.pi.hɛ]
위해 줄,8,[wi.hɛ.tʃul],[wi.hɛ.dʒul]
가까이 가지 말고,8,[ka.k͈a.i.ka.tʃi.mal.ko],[ga.k͈a.i.ga.dʒi.mal.ko]
위해 지구,8,[wi.hɛ.tʃi.ku],[wi.hɛ.dʒi.gu]
그리고 저쪽은,8,[kɯ.ɾi.ko.tʃʌ.tʃ͈ok̚.ɯn],[gɯ.ɾi.go.dʒʌ.tʃ͈ok̚.ɯn]
봐야겠어 이,8,[pwa.ja.ket̚.ʌ.i],[bwa.ja.get̚.ʌ.i]
위해 지어진,8,[wi.hɛ.tʃi.ʌ.tʃin],[wi.hɛ.dʒi.ʌ.dʒin]
me up when,8,,
건에 달하는,8,[kʌn.e.tal.ha.nɯn],[gʌn.e.dal.ha.nɯn]
들은 기억이,8,[tɯl.ɯŋ.ki.ʌk̚.i],[dɯl.ɯn.gi.ʌk̚.i]
위해 최선을 다하겠습니다,8,[wi.hɛ.tʃʰwe.sʌn.ɯl.ta.ha.ket̚.sɯp̚.ni.ta],[wi.hɛ.tʃʰwe.sʌn.ɯl.da.ha.get̚.sɯp̚.ni.da]
위해 최선을 다했어요,8,[wi.hɛ.tʃʰwe.sʌn.ɯl.ta.hɛt̚.ʌ.jo],[wi.hɛ.tʃʰwe.sʌn.ɯl.da.hɛt̚.ʌ.jo]
건에 대해선,8,[kʌn.e.tɛ.hɛ.sʌn],[gʌn.e.dɛ.hɛ.sʌn]
위해 태어났다,8,[wi.hɛ.tʰɛ.ʌ.nat̚.ta],[wi.hɛ.tʰɛ.ʌ.nat̚.ta]
들은 셈,8,[tɯl.ɯn.sem],[dɯl.ɯn.sem]
건은 네가,8,[kʌn.ɯn.ne.ka],[gʌn.ɯn.ne.ga]
위해 파견되었다,8,[wi.hɛ.pʰa.kjʌn.twe.ʌt̚.ta],[wi.hɛ.pʰa.gjʌn.twe.ʌt̚.ta]
들은 얘기랑,8,[tɯl.ɯn.jɛ.ki.ɾaŋ],[dɯl.ɯn.jɛ.gi.ɾaŋ]
위해 폭탄을,8,[wi.hɛ.pʰok̚.tʰan.ɯl],[wi.hɛ.pʰok̚.tʰan.ɯl]
위해 피,8,[wi.hɛ.pʰi],[wi.hɛ.pʰi]
들은 얘기예요,8,[tɯl.ɯn.jɛ.ki.je.jo],[dɯl.ɯn.jɛ.gi.je.jo]
위해 필요한 건,8,[wi.hɛ.pʰil.jo.haŋ.kʌn],[wi.hɛ.pʰil.jo.han.gʌn]
도통 이해가,8,[to.tʰoŋ.i.hɛ.ka],[do.tʰoŋ.i.hɛ.ga]
그리고 전쟁,8,[kɯ.ɾi.ko.tʃʌn.tʃɛŋ],[gɯ.ɾi.go.dʒʌn.tʃɛŋ]
수 있기만,8,[su.it̚.ki.man],[su.it̚.ki.man]
위해 하나를,8,[wi.hɛ.ha.na.ɾɯl],[wi.hɛ.ha.na.ɾɯl]
그리고 전혀,8,[kɯ.ɾi.ko.tʃʌn.hjʌ],[gɯ.ɾi.go.dʒʌn.hjʌ]
들은 적 있지,8,[tɯl.ɯn.tʃʌk̚.it̚.tʃi],[dɯl.ɯn.dʒʌk̚.it̚.tʃi]
들은 적이 없다,8,[tɯl.ɯn.tʃʌk̚.i.ʌp̚.ta],[dɯl.ɯn.dʒʌk̚.i.ʌp̚.ta]
위해 한 가지,8,[wi.hɛ.haŋ.ka.tʃi],[wi.hɛ.han.ga.dʒi]
위해 한 겁니다,8,[wi.hɛ.haŋ.kʌp̚.ni.ta],[wi.hɛ.han.gʌp̚.ni.da]
위해 한 일이,8,[wi.hɛ.han.il.i],[wi.hɛ.han.il.i]
그리고 젊은,8,[kɯ.ɾi.ko.tʃʌm.ɯn],[gɯ.ɾi.go.dʒʌm.ɯn]
들은 후에,8,[tɯl.ɯn.hu.e],[dɯl.ɯn.hu.e]
위해 해줄 게,8,[wi.hɛ.hɛ.tʃul.ke],[wi.hɛ.hɛ.dʒul.ge]
위해 희생해야,8,[wi.hɛ.hɯi.sɛŋ.hɛ.ja],[wi.hɛ.hɯi.sɛŋ.hɛ.ja]
그리고 제 생각에는,8,[kɯ.ɾi.ko.tʃe.sɛŋ.kak̚.e.nɯn],[gɯ.ɾi.go.dʒe.sɛŋ.gak̚.e.nɯn]
건의 살인 사건이,8,[kʌn.ɯi.sal.in.sa.kʌn.i],[gʌn.ɯi.sal.in.sa.gʌn.i]
위해서 거기,8,[wi.hɛ.sʌ.kʌ.ki],[wi.hɛ.sʌ.gʌ.gi]
위해서 고마워,8,[wi.hɛ.sʌ.ko.ma.wʌ],[wi.hɛ.sʌ.go.ma.wʌ]
위해서 그걸,8,[wi.hɛ.sʌ.kɯ.kʌl],[wi.hɛ.sʌ.gɯ.gʌl]
가까이 갈 수 있어,8,[ka.k͈a.i.kal.su.it̚.ʌ],[ga.k͈a.i.gal.su.it̚.ʌ]
위해서 그들이,8,[wi.hɛ.sʌ.kɯ.tɯl.i],[wi.hɛ.sʌ.gɯ.dɯl.i]
위해서 그랬지,8,[wi.hɛ.sʌ.kɯ.ɾɛt̚.tʃi],[wi.hɛ.sʌ.gɯ.ɾɛt̚.tʃi]
건의 살인으로,8,[kʌn.ɯi.sal.in.ɯ.ɾo],[gʌn.ɯi.sal.in.ɯ.ɾo]
들을 수 없었다,8,[tɯl.ɯl.su.ʌp̚.ʌt̚.ta],[dɯl.ɯl.su.ʌp̚.ʌt̚.ta]
위해서 나도,8,[wi.hɛ.sʌ.na.to],[wi.hɛ.sʌ.na.do]
들을 수 있고,8,[tɯl.ɯl.su.it̚.ko],[dɯl.ɯl.su.it̚.ko]
들을 수 있나요,8,[tɯl.ɯl.su.it̚.na.jo],[dɯl.ɯl.su.it̚.na.jo]
위해서 너는,8,[wi.hɛ.sʌ.nʌ.nɯn],[wi.hɛ.sʌ.nʌ.nɯn]
위해서 너무,8,[wi.hɛ.sʌ.nʌ.mu],[wi.hɛ.sʌ.nʌ.mu]
들을 수 있는지,8,[tɯl.ɯl.su.it̚.nɯn.tʃi],[dɯl.ɯl.su.it̚.nɯn.tʃi]
위해서 당신은,8,[wi.hɛ.sʌ.taŋ.sin.ɯn],[wi.hɛ.sʌ.daŋ.sin.ɯn]
위해서 말이야 그래,8,[wi.hɛ.sʌ.mal.i.ja.kɯ.ɾɛ],[wi.hɛ.sʌ.mal.i.ja.gɯ.ɾɛ]
위해서 말이야 그래서,8,[wi.hɛ.sʌ.mal.i.ja.kɯ.ɾɛ.sʌ],[wi.hɛ.sʌ.mal.i.ja.gɯ.ɾɛ.sʌ]
그리고 조심해,8,[kɯ.ɾi.ko.tʃo.sim.hɛ],[gɯ.ɾi.go.dʒo.sim.hɛ]
그리고 조지,8,[kɯ.ɾi.ko.tʃo.tʃi],[gɯ.ɾi.go.dʒo.dʒi]
여자를 쏴,8,[jʌ.tʃa.ɾɯl.s͈wa],[jʌ.dʒa.ɾɯl.s͈wa]
위해서 못,8,[wi.hɛ.sʌ.mot̚],[wi.hɛ.sʌ.mot̚]
위해서 뭐든지 할,8,[wi.hɛ.sʌ.mwʌ.tɯn.tʃi.hal],[wi.hɛ.sʌ.mwʌ.dɯn.tʃi.hal]
그리고 죄송해요,8,[kɯ.ɾi.ko.tʃwe.soŋ.hɛ.jo],[gɯ.ɾi.go.dʒwe.soŋ.hɛ.jo]
들을 시간 없어요,8,[tɯl.ɯl.si.kan.ʌp̚.ʌ.jo],[dɯl.ɯl.si.gan.ʌp̚.ʌ.jo]
들을 위해,8,[tɯl.ɯl.wi.hɛ],[dɯl.ɯl.wi.hɛ]
위해서 아무것도,8,[wi.hɛ.sʌ.a.mu.kʌt̚.to],[wi.hɛ.sʌ.a.mu.gʌt̚.to]
have a better,8,,
모욕적인 말을,8,[mo.jok̚.tʃʌk̚.in.mal.ɯl],[mo.jok̚.tʃʌk̚.in.mal.ɯl]
가까이 다가가다,8,[ka.k͈a.i.ta.ka.ka.ta],[ga.k͈a.i.da.ga.ga.da]
위해서 여기까지,8,[wi.hɛ.sʌ.jʌ.ki.k͈a.tʃi],[wi.hɛ.sʌ.jʌ.gi.k͈a.dʒi]
행 비행기를,8,[hɛm.pi.hɛŋ.ki.ɾɯl],[hɛŋ.bi.hɛŋ.gi.ɾɯl]
들을 필요도 없어,8,[tɯl.ɯl.pʰil.jo.to.ʌp̚.ʌ],[dɯl.ɯl.pʰil.jo.do.ʌp̚.ʌ]
가까이 다가가야,8,[ka.k͈a.i.ta.ka.ka.ja],[ga.k͈a.i.da.ga.ga.ja]
위해서 일하지,8,[wi.hɛ.sʌ.il.ha.tʃi],[wi.hɛ.sʌ.il.ha.dʒi]
들을수록 다정한 말투,8,[tɯl.ɯl.su.ɾok̚.ta.tʃʌŋ.han.mal.tʰu],[dɯl.ɯl.su.ɾok̚.da.dʒʌŋ.han.mal.tʰu]
들을수록 다정한,8,[tɯl.ɯl.su.ɾok̚.ta.tʃʌŋ.han],[dɯl.ɯl.su.ɾok̚.da.dʒʌŋ.han]
들을지도 몰라,8,[tɯl.ɯl.tʃi.to.mol.ɾa],[dɯl.ɯl.tʃi.do.mol.ɾa]
위해서 잘,8,[wi.hɛ.sʌ.tʃal],[wi.hɛ.sʌ.dʒal]
하나 혹시라도 이 안에,8,[ha.na.hok̚.si.ɾa.to.i.an.e],[ha.na.hok̚.si.ɾa.do.i.an.e]
위해서 좋은,8,[wi.hɛ.sʌ.tʃot̚.ɯn],[wi.hɛ.sʌ.dʒot̚.ɯn]
위해서 집에,8,[wi.hɛ.sʌ.tʃip̚.e],[wi.hɛ.sʌ.dʒip̚.e]
위해서 하나,8,[wi.hɛ.sʌ.ha.na],[wi.hɛ.sʌ.ha.na]
들이닥쳤을 때,8,[tɯl.i.tak̚.tʃʰjʌt̚.ɯl.t͈ɛ],[dɯl.i.dak̚.tʃʰjʌt̚.ɯl.t͈ɛ]
in a moment,8,,
위해서 하지만 나는,8,[wi.hɛ.sʌ.ha.tʃi.man.na.nɯn],[wi.hɛ.sʌ.ha.dʒi.man.na.nɯn]
위해서 한 게,8,[wi.hɛ.sʌ.haŋ.ke],[wi.hɛ.sʌ.han.ge]
들이대는 거,8,[tɯl.i.tɛ.nɯŋ.kʌ],[dɯl.i.dɛ.nɯn.gʌ]
위해서 했어,8,[wi.hɛ.sʌ.hɛt̚.ʌ],[wi.hɛ.sʌ.hɛt̚.ʌ]
들이마시고 내쉬고,8,[tɯl.i.ma.si.ko.nɛ.swi.ko],[dɯl.i.ma.si.go.nɛ.swi.go]
위해서는 강철,8,[wi.hɛ.sʌ.nɯŋ.kaŋ.tʃʰʌl],[wi.hɛ.sʌ.nɯn.gaŋ.tʃʰʌl]
위해서가 아닙니다,8,[wi.hɛ.sʌ.ka.a.nip̚.ni.ta],[wi.hɛ.sʌ.ga.a.nip̚.ni.da]
독립적 인,8,[tok̚.ɾip̚.tʃʌk̚.in],[dok̚.ɾip̚.tʃʌk̚.in]
하나 혹시라도,8,[ha.na.hok̚.si.ɾa.to],[ha.na.hok̚.si.ɾa.do]
그리고 지금 내,8,[kɯ.ɾi.ko.tʃi.kɯm.nɛ],[gɯ.ɾi.go.dʒi.gɯm.nɛ]
건지 궁금한,8,[kʌn.tʃi.kuŋ.kɯm.han],[gʌn.tʃi.guŋ.gɯm.han]
위해서도 아니야,8,[wi.hɛ.sʌ.to.a.ni.ja],[wi.hɛ.sʌ.do.a.ni.ja]
그리고 지금 네,8,[kɯ.ɾi.ko.tʃi.kɯm.ne],[gɯ.ɾi.go.dʒi.gɯm.ne]
건지 궁금해요,8,[kʌn.tʃi.kuŋ.kɯm.hɛ.jo],[gʌn.tʃi.guŋ.gɯm.hɛ.jo]
조직이 있어요,8,[tʃo.tʃik̚.i.it̚.ʌ.jo],[dʒo.dʒik̚.i.it̚.ʌ.jo]
줄 수 없었다,8,[tʃul.su.ʌp̚.ʌt̚.ta],[dʒul.su.ʌp̚.ʌt̚.ta]
들이지 않을,8,[tɯl.i.tʃi.an.ɯl],[dɯl.i.dʒi.an.ɯl]
위해서라면 못 할,8,[wi.hɛ.sʌ.ɾa.mjʌn.mot̚.hal],[wi.hɛ.sʌ.ɾa.mjʌn.mot̚.hal]
위해서라면 못할,8,[wi.hɛ.sʌ.ɾa.mjʌn.mot̚.hal],[wi.hɛ.sʌ.ɾa.mjʌn.mot̚.hal]
위해서라면 무엇이든 할,8,[wi.hɛ.sʌ.ɾa.mjʌn.mu.ʌt̚.i.tɯn.hal],[wi.hɛ.sʌ.ɾa.mjʌn.mu.ʌt̚.i.dɯn.hal]
위해서라면 뭐든 할 거예요,8,[wi.hɛ.sʌ.ɾa.mjʌn.mwʌ.tɯn.hal.kʌ.je.jo],[wi.hɛ.sʌ.ɾa.mjʌn.mwʌ.dɯn.hal.gʌ.je.jo]
위해서라면 뭐든 할 거야,8,[wi.hɛ.sʌ.ɾa.mjʌn.mwʌ.tɯn.hal.kʌ.ja],[wi.hɛ.sʌ.ɾa.mjʌn.mwʌ.dɯn.hal.gʌ.ja]
위해서라면 뭐든지 할 거야,8,[wi.hɛ.sʌ.ɾa.mjʌn.mwʌ.tɯn.tʃi.hal.kʌ.ja],[wi.hɛ.sʌ.ɾa.mjʌn.mwʌ.dɯn.tʃi.hal.gʌ.ja]
그리고 지금껏,8,[kɯ.ɾi.ko.tʃi.kɯm.k͈ʌt̚],[gɯ.ɾi.go.dʒi.gɯm.k͈ʌt̚]
들일 수는,8,[tɯl.il.su.nɯn],[dɯl.il.su.nɯn]
들일 수도,8,[tɯl.il.su.to],[dɯl.il.su.do]
위해서야 날,8,[wi.hɛ.sʌ.ja.nal],[wi.hɛ.sʌ.ja.nal]
그리고 지금은 내가,8,[kɯ.ɾi.ko.tʃi.kɯm.ɯn.nɛ.ka],[gɯ.ɾi.go.dʒi.gɯm.ɯn.nɛ.ga]
들지 마 I,8,[tɯl.tʃi.ma],[dɯl.tʃi.ma]
들지 마 I know,8,[tɯl.tʃi.ma],[dɯl.tʃi.ma]
줄 수 있는 사람이,8,[tʃul.su.it̚.nɯn.sa.ɾam.i],[dʒul.su.it̚.nɯn.sa.ɾam.i]
그리고 지금이,8,[kɯ.ɾi.ko.tʃi.kɯm.i],[gɯ.ɾi.go.dʒi.gɯm.i]
건지 나는,8,[kʌn.tʃi.na.nɯn],[gʌn.tʃi.na.nɯn]
난 그것보다 더,8,[naŋ.kɯ.kʌt̚.po.ta.tʌ],[nan.gɯ.gʌt̚.po.da.dʌ]
그리고 지난 몇,8,[kɯ.ɾi.ko.tʃi.nan.mjʌt̚],[gɯ.ɾi.go.dʒi.nan.mjʌt̚]
들지 않는다고,8,[tɯl.tʃi.an.nɯn.ta.ko],[dɯl.tʃi.an.nɯn.ta.go]
위해서요 우리가,8,[wi.hɛ.sʌ.jo.u.ɾi.ka],[wi.hɛ.sʌ.jo.u.ɾi.ga]
건지 나도 잘,8,[kʌn.tʃi.na.to.tʃal],[gʌn.tʃi.na.do.dʒal]
들지 않소,8,[tɯl.tʃi.an.so],[dɯl.tʃi.an.so]
위해서요 정말,8,[wi.hɛ.sʌ.jo.tʃʌŋ.mal],[wi.hɛ.sʌ.jo.dʒʌŋ.mal]
위해서요 제,8,[wi.hɛ.sʌ.jo.tʃe],[wi.hɛ.sʌ.jo.dʒe]
위해서죠 그게,8,[wi.hɛ.sʌ.tʃjo.kɯ.ke],[wi.hɛ.sʌ.dʒjo.gɯ.ge]
들지 않아서,8,[tɯl.tʃi.an.a.sʌ],[dɯl.tʃi.an.a.sʌ]
위해서죠 하지만,8,[wi.hɛ.sʌ.tʃjo.ha.tʃi.man],[wi.hɛ.sʌ.dʒjo.ha.dʒi.man]
모을 수 있게,8,[mo.ɯl.su.it̚.ke],[mo.ɯl.su.it̚.ke]
위해선 죽기라도,8,[wi.hɛ.sʌn.tʃuk̚.ki.ɾa.to],[wi.hɛ.sʌn.dʒuk̚.ki.ɾa.do]
위험 감지,8,[wi.hʌm.kan.tʃi],[wi.hʌm.gan.tʃi]
그리고 질문은,8,[kɯ.ɾi.ko.tʃil.mun.ɯn],[gɯ.ɾi.go.dʒil.mun.ɯn]
들추는 건,8,[tɯl.tʃʰu.nɯŋ.kʌn],[dɯl.tʃʰu.nɯn.gʌn]
위험 요소,8,[wi.hʌm.jo.so],[wi.hʌm.jo.so]
위험 위험 위험,8,[wi.hʌm.wi.hʌm.wi.hʌm],[wi.hʌm.wi.hʌm.wi.hʌm]
건지 네,8,[kʌn.tʃi.ne],[gʌn.tʃi.ne]
들키는 게,8,[tɯl.kʰi.nɯŋ.ke],[dɯl.kʰi.nɯn.ge]
여자애 좀,8,[jʌ.tʃa.ɛ.tʃom],[jʌ.dʒa.ɛ.dʒom]
독수리처럼 높이 오르며,8,[tok̚.su.ɾi.tʃʰʌ.ɾʌm.nop̚.i.o.ɾɯ.mjʌ],[dok̚.su.ɾi.tʃʰʌ.ɾʌm.nop̚.i.o.ɾɯ.mjʌ]
들키면 어떡해요,8,[tɯl.kʰi.mjʌn.ʌ.t͈ʌk̚.hɛ.jo],[dɯl.kʰi.mjʌn.ʌ.t͈ʌk̚.hɛ.jo]
들키면 어쩌려고,8,[tɯl.kʰi.mjʌn.ʌ.tʃ͈ʌ.ɾjʌ.ko],[dɯl.kʰi.mjʌn.ʌ.tʃ͈ʌ.ɾjʌ.go]
들키면 우리,8,[tɯl.kʰi.mjʌn.u.ɾi],[dɯl.kʰi.mjʌn.u.ɾi]
그리고 차도,8,[kɯ.ɾi.ko.tʃʰa.to],[gɯ.ɾi.go.tʃʰa.do]
들키지 마라,8,[tɯl.kʰi.tʃi.ma.ɾa],[dɯl.kʰi.dʒi.ma.ɾa]
You lied to me,8,,
위험에 빠뜨릴 수도,8,[wi.hʌm.e.p͈a.t͈ɯ.ɾil.su.to],[wi.hʌm.e.p͈a.t͈ɯ.ɾil.su.do]
들킨 거야,8,[tɯl.kʰiŋ.kʌ.ja],[dɯl.kʰin.gʌ.ja]
위험에 빠지게 할,8,[wi.hʌm.e.p͈a.tʃi.ke.hal],[wi.hʌm.e.p͈a.dʒi.ge.hal]
줄 수도 있다,8,[tʃul.su.to.it̚.ta],[dʒul.su.do.it̚.ta]
줄 수도 있는데,8,[tʃul.su.to.it̚.nɯn.te],[dʒul.su.do.it̚.nɯn.te]
건지 당장,8,[kʌn.tʃi.taŋ.tʃaŋ],[gʌn.tʃi.daŋ.dʒaŋ]
들킬 일,8,[tɯl.kʰil.il],[dɯl.kʰil.il]
위험에 처하는,8,[wi.hʌm.e.tʃʰʌ.ha.nɯn],[wi.hʌm.e.tʃʰʌ.ha.nɯn]
위험에 처한 사이,8,[wi.hʌm.e.tʃʰʌ.han.sa.i],[wi.hʌm.e.tʃʰʌ.han.sa.i]
들통 날,8,[tɯl.tʰoŋ.nal],[dɯl.tʰoŋ.nal]
위험에 처해 있어요,8,[wi.hʌm.e.tʃʰʌ.hɛ.it̚.ʌ.jo],[wi.hʌm.e.tʃʰʌ.hɛ.it̚.ʌ.jo]
건지 더,8,[kʌn.tʃi.tʌ],[gʌn.tʃi.dʌ]
들통날 텐데,8,[tɯl.tʰoŋ.nal.tʰen.te],[dɯl.tʰoŋ.nal.tʰen.te]
건지 말 건지,8,[kʌn.tʃi.mal.kʌn.tʃi],[gʌn.tʃi.mal.gʌn.tʃi]
그리고 총도,8,[kɯ.ɾi.ko.tʃʰoŋ.to],[gɯ.ɾi.go.tʃʰoŋ.do]
그리고 최,8,[kɯ.ɾi.ko.tʃʰwe],[gɯ.ɾi.go.tʃʰwe]
위험을 감수하며,8,[wi.hʌm.ɯl.kam.su.ha.mjʌ],[wi.hʌm.ɯl.gam.su.ha.mjʌ]
위험을 감수할 수 없었다,8,[wi.hʌm.ɯl.kam.su.hal.su.ʌp̚.ʌt̚.ta],[wi.hʌm.ɯl.gam.su.hal.su.ʌp̚.ʌt̚.ta]
듯 잘,8,[tɯt̚.tʃal],[dɯt̚.dʒal]
듯 하군요,8,[tɯt̚.ha.kun.jo],[dɯt̚.ha.gun.jo]
듯 하지만,8,[tɯt̚.ha.tʃi.man],[dɯt̚.ha.dʒi.man]
위험을 감수해야 할,8,[wi.hʌm.ɯl.kam.su.hɛ.ja.hal],[wi.hʌm.ɯl.gam.su.hɛ.ja.hal]
위험을 감수해야 한다,8,[wi.hʌm.ɯl.kam.su.hɛ.ja.han.ta],[wi.hʌm.ɯl.gam.su.hɛ.ja.han.ta]
in an hour,8,,
그리고 추가,8,[kɯ.ɾi.ko.tʃʰu.ka],[gɯ.ɾi.go.tʃʰu.ga]
가까이 오고 있어,8,[ka.k͈a.i.o.ko.it̚.ʌ],[ga.k͈a.i.o.go.it̚.ʌ]
위험을 무릅써야,8,[wi.hʌm.ɯl.mu.ɾɯp̚.s͈ʌ.ja],[wi.hʌm.ɯl.mu.ɾɯp̚.s͈ʌ.ja]
듯 했어,8,[tɯt̚.hɛt̚.ʌ],[dɯt̚.hɛt̚.ʌ]
건지 말해 줄,8,[kʌn.tʃi.mal.hɛ.tʃul],[gʌn.tʃi.mal.hɛ.dʒul]
위험을 무릎쓰고,8,[wi.hʌm.ɯl.mu.ɾɯp̚.s͈ɯ.ko],[wi.hʌm.ɯl.mu.ɾɯp̚.s͈ɯ.go]
듯이 말하지,8,[tɯt̚.i.mal.ha.tʃi],[dɯt̚.i.mal.ha.dʒi]
건지 말해요,8,[kʌn.tʃi.mal.hɛ.jo],[gʌn.tʃi.mal.hɛ.jo]
위험이 감지됐습니다,8,[wi.hʌm.i.kan.tʃi.twɛt̚.sɯp̚.ni.ta],[wi.hʌm.i.gan.tʃi.dwɛt̚.sɯp̚.ni.da]
위험이 있으니,8,[wi.hʌm.i.it̚.ɯ.ni],[wi.hʌm.i.it̚.ɯ.ni]
여자야 근데,8,[jʌ.tʃa.ja.kɯn.te],[jʌ.dʒa.ja.gɯn.te]
하나가 필요하다,8,[ha.na.ka.pʰil.jo.ha.ta],[ha.na.ga.pʰil.jo.ha.da]
등 다양한,8,[tɯŋ.ta.jaŋ.han],[dɯŋ.da.jaŋ.han]
위험하다는 거야,8,[wi.hʌm.ha.ta.nɯŋ.kʌ.ja],[wi.hʌm.ha.da.nɯn.gʌ.ja]
여자에 대해서 말이야,8,[jʌ.tʃa.e.tɛ.hɛ.sʌ.mal.i.ja],[jʌ.dʒa.e.dɛ.hɛ.sʌ.mal.i.ja]
위험한 거요,8,[wi.hʌm.haŋ.kʌ.jo],[wi.hʌm.han.gʌ.jo]
그리고 크리스마스,8,[kɯ.ɾi.ko.kʰɯ.ɾi.sɯ.ma.sɯ],[gɯ.ɾi.go.kʰɯ.ɾi.sɯ.ma.sɯ]
위험한 겁니다,8,[wi.hʌm.haŋ.kʌp̚.ni.ta],[wi.hʌm.han.gʌp̚.ni.da]
건지 모르겠습니다,8,[kʌn.tʃi.mo.ɾɯ.ket̚.sɯp̚.ni.ta],[gʌn.tʃi.mo.ɾɯ.get̚.sɯp̚.ni.da]
위험한 것을,8,[wi.hʌm.haŋ.kʌt̚.ɯl],[wi.hʌm.han.gʌt̚.ɯl]
위험한 게 뭔지,8,[wi.hʌm.haŋ.ke.mwʌn.tʃi],[wi.hʌm.han.ge.mwʌn.tʃi]
위험한 게임을 하고,8,[wi.hʌm.haŋ.ke.im.ɯl.ha.ko],[wi.hʌm.han.ge.im.ɯl.ha.go]
여자에게 무슨,8,[jʌ.tʃa.e.ke.mu.sɯn],[jʌ.dʒa.e.ge.mu.sɯn]
편지 때문에,8,[pʰjʌn.tʃi.t͈ɛ.mun.e],[pʰjʌn.tʃi.t͈ɛ.mun.e]
건지 모르겠어 내가,8,[kʌn.tʃi.mo.ɾɯ.ket̚.ʌ.nɛ.ka],[gʌn.tʃi.mo.ɾɯ.get̚.ʌ.nɛ.ga]
위험한 놈들이야,8,[wi.hʌm.han.non.tɯl.i.ja],[wi.hʌm.han.non.tɯl.i.ja]
그리고 톰,8,[kɯ.ɾi.ko.tʰom],[gɯ.ɾi.go.tʰom]
위험한 도박을,8,[wi.hʌm.han.to.pak̚.ɯl],[wi.hʌm.han.do.bak̚.ɯl]
위험한 무기를,8,[wi.hʌm.han.mu.ki.ɾɯl],[wi.hʌm.han.mu.gi.ɾɯl]
등 하는,8,[tɯŋ.ha.nɯn],[dɯŋ.ha.nɯn]
위험한 사람들이에요,8,[wi.hʌm.han.sa.ɾan.tɯl.i.e.jo],[wi.hʌm.han.sa.ɾan.tɯl.i.e.jo]
in any way,8,,
그리고 파괴,8,[kɯ.ɾi.ko.pʰa.kwe],[gɯ.ɾi.go.pʰa.gwe]
등등 그리고,8,[tɯŋ.tɯŋ.kɯ.ɾi.ko],[dɯŋ.dɯŋ.gɯ.ɾi.go]
등록 번호가,8,[tɯŋ.ɾok̚.pʌn.ho.ka],[dɯŋ.ɾok̚.bʌn.ho.ga]
위험한 일도,8,[wi.hʌm.han.il.to],[wi.hʌm.han.il.to]
위험한 일을 하는,8,[wi.hʌm.han.il.ɯl.ha.nɯn],[wi.hʌm.han.il.ɯl.ha.nɯn]
위험한 일이지,8,[wi.hʌm.han.il.i.tʃi],[wi.hʌm.han.il.i.dʒi]
등록되어 있습니다,8,[tɯŋ.ɾok̚.twe.ʌ.it̚.sɯp̚.ni.ta],[dɯŋ.ɾok̚.twe.ʌ.it̚.sɯp̚.ni.da]
위험한 짓 한,8,[wi.hʌm.han.tʃit̚.han],[wi.hʌm.han.dʒit̚.han]
위험한 짓 한 적,8,[wi.hʌm.han.tʃit̚.han.tʃʌk̚],[wi.hʌm.han.dʒit̚.han.dʒʌk̚]
등록되어 있어요,8,[tɯŋ.ɾok̚.twe.ʌ.it̚.ʌ.jo],[dɯŋ.ɾok̚.twe.ʌ.it̚.ʌ.jo]
그리고 필요하면,8,[kɯ.ɾi.ko.pʰil.jo.ha.mjʌn],[gɯ.ɾi.go.pʰil.jo.ha.mjʌn]
등록이 안 된,8,[tɯŋ.ɾok̚.i.an.twen],[dɯŋ.ɾok̚.i.an.dwen]
등록할 때,8,[tɯŋ.ɾok̚.hal.t͈ɛ],[dɯŋ.ɾok̚.hal.t͈ɛ]
위험할 수도 있다고,8,[wi.hʌm.hal.su.to.it̚.ta.ko],[wi.hʌm.hal.su.do.it̚.ta.go]
위험할 줄,8,[wi.hʌm.hal.tʃul],[wi.hʌm.hal.dʒul]
위험할 텐데요,8,[wi.hʌm.hal.tʰen.te.jo],[wi.hʌm.hal.tʰen.te.jo]
건지 무슨,8,[kʌn.tʃi.mu.sɯn],[gʌn.tʃi.mu.sɯn]
등신 같아,8,[tɯŋ.siŋ.kat̚.a],[dɯŋ.sin.gat̚.a]
줄 알아 어떻게,8,[tʃul.al.a.ʌ.t͈ʌt̚.ke],[dʒul.al.a.ʌ.t͈ʌt̚.ke]
위험해 그냥,8,[wi.hʌm.hɛ.kɯ.njaŋ],[wi.hʌm.hɛ.gɯ.njaŋ]
그리고 하지,8,[kɯ.ɾi.ko.ha.tʃi],[gɯ.ɾi.go.ha.dʒi]
그리고 학교에서,8,[kɯ.ɾi.ko.hak̚.kjo.e.sʌ],[gɯ.ɾi.go.hak̚.kjo.e.sʌ]
무슨 일이 일어날지 어떻게,8,[mu.sɯn.il.i.il.ʌ.nal.tʃi.ʌ.t͈ʌt̚.ke],[mu.sɯn.il.i.il.ʌ.nal.tʃi.ʌ.t͈ʌt̚.ke]
위험해 보이는데요,8,[wi.hʌm.hɛ.po.i.nɯn.te.jo],[wi.hʌm.hɛ.bo.i.nɯn.te.jo]
위험해 알았어,8,[wi.hʌm.hɛ.al.at̚.ʌ],[wi.hʌm.hɛ.al.at̚.ʌ]
가까이 올 수,8,[ka.k͈a.i.ol.su],[ga.k͈a.i.ol.su]
등에 총을 겨누고,8,[tɯŋ.e.tʃʰoŋ.ɯl.kjʌ.nu.ko],[dɯŋ.e.tʃʰoŋ.ɯl.gjʌ.nu.go]
위험해요 당장,8,[wi.hʌm.hɛ.jo.taŋ.tʃaŋ],[wi.hʌm.hɛ.jo.daŋ.dʒaŋ]
건지 뭔지,8,[kʌn.tʃi.mwʌn.tʃi],[gʌn.tʃi.mwʌn.tʃi]
