Item,Frequency,Formal_IPA,Casual_IPA
저녁이나 같이,21,[tʃʌ.njʌk̚.i.na.kat̚.i],[dʒʌ.njʌk̚.i.na.gat̚.i]
안 돼요 그러지,21,[an.twɛ.jo.kɯ.ɾʌ.tʃi],[an.dwɛ.jo.gɯ.ɾʌ.dʒi]
일어났던 모든,21,[il.ʌ.nat̚.tʌn.mo.tɯn],[il.ʌ.nat̚.tʌn.mo.dɯn]
오 네,21,[o.ne],[o.ne]
이유가 궁금해,21,[i.ju.ka.kuŋ.kɯm.hɛ],[i.ju.ga.guŋ.gɯm.hɛ]
직접 다,21,[tʃik̚.tʃʌp̚.ta],[dʒik̚.tʃʌp̚.da]
내가 말했나,21,[nɛ.ka.mal.hɛt̚.na],[nɛ.ga.mal.hɛt̚.na]
하지 않았지만,21,[ha.tʃi.an.at̚.tʃi.man],[ha.dʒi.an.at̚.tʃi.man]
to avoid,21,,
이유가 있을 텐데,21,[i.ju.ka.it̚.ɯl.tʰen.te],[i.ju.ga.it̚.ɯl.tʰen.te]
뭐 어,21,[mwʌ.ʌ],[mwʌ.ʌ]
이유는 뭐야,21,[i.ju.nɯn.mwʌ.ja],[i.ju.nɯn.mwʌ.ja]
이유는 아직,21,[i.ju.nɯn.a.tʃik̚],[i.ju.nɯn.a.dʒik̚]
그래도 난 널,21,[kɯ.ɾɛ.to.nan.nʌl],[gɯ.ɾɛ.do.nan.nʌl]
이유는 없잖아,21,[i.ju.nɯn.ʌp̚.tʃan.a],[i.ju.nɯn.ʌp̚.tʃan.a]
장소에 대해서,21,[tʃaŋ.so.e.tɛ.hɛ.sʌ],[dʒaŋ.so.e.dɛ.hɛ.sʌ]
이유를 말씀해,21,[i.ju.ɾɯl.mal.s͈ɯm.hɛ],[i.ju.ɾɯl.mal.s͈ɯm.hɛ]
정말 신나,21,[tʃʌŋ.mal.sin.na],[dʒʌŋ.mal.sin.na]
that about,21,,
내 얘기 하는,21,[nɛ.jɛ.ki.ha.nɯn],[nɛ.jɛ.gi.ha.nɯn]
직접 전해,21,[tʃik̚.tʃʌp̚.tʃʌn.hɛ],[dʒik̚.tʃʌp̚.dʒʌn.hɛ]
우주 비행사 이론가들 제안,21,[u.tʃu.pi.hɛŋ.sa.i.ɾoŋ.ka.tɯl.tʃe.an],[u.dʒu.bi.hɛŋ.sa.i.ɾoŋ.ka.dɯl.dʒe.an]
뭐 읽고,21,[mwʌ.ik̚.ko],[mwʌ.ik̚.ko]
기다려도 돼요,21,[ki.ta.ɾjʌ.to.twɛ.jo],[gi.da.ɾjʌ.do.dwɛ.jo]
리 없다는,21,[ɾi.ʌp̚.ta.nɯn],[ɾi.ʌp̚.ta.nɯn]
뭐 있겠어요,21,[mwʌ.it̚.ket̚.ʌ.jo],[mwʌ.it̚.ket̚.ʌ.jo]
봤어요 뭘,21,[pwat̚.ʌ.jo.mwʌl],[bwat̚.ʌ.jo.mwʌl]
했다는 거지,21,[hɛt̚.ta.nɯŋ.kʌ.tʃi],[hɛt̚.ta.nɯn.gʌ.dʒi]
괜찮으니까 걱정,21,[kwɛn.tʃʰan.ɯ.ni.k͈a.kʌk̚.tʃʌŋ],[gwɛn.tʃʰan.ɯ.ni.k͈a.gʌk̚.tʃʌŋ]
맥주 주세요,21,[mɛk̚.tʃu.tʃu.se.jo],[mɛk̚.tʃu.dʒu.se.jo]
특별한 것이,21,[tʰɯk̚.pjʌl.haŋ.kʌt̚.i],[tʰɯk̚.pjʌl.han.gʌt̚.i]
그런 더러운,21,[kɯ.ɾʌn.tʌ.ɾʌ.un],[gɯ.ɾʌn.dʌ.ɾʌ.un]
이제 가죠,21,[i.tʃe.ka.tʃjo],[i.dʒe.ga.dʒjo]
리가 있어,21,[ɾi.ka.it̚.ʌ],[ɾi.ga.it̚.ʌ]
with somebody,21,,
아직 확실치,21,[a.tʃik̚.hwak̚.sil.tʃʰi],[a.dʒik̚.hwak̚.sil.tʃʰi]
곧 아빠가,21,[kot̚.a.p͈a.ka],[got̚.a.p͈a.ga]
스스로 알아서,21,[sɯ.sɯ.ɾo.al.a.sʌ],[sɯ.sɯ.ɾo.al.a.sʌ]
이제 끝,21,[i.tʃe.k͈ɯt̚],[i.dʒe.k͈ɯt̚]
아직 무슨,21,[a.tʃik̚.mu.sɯn],[a.dʒik̚.mu.sɯn]
사람을 사랑해요,21,[sa.ɾam.ɯl.sa.ɾaŋ.hɛ.jo],[sa.ɾam.ɯl.sa.ɾaŋ.hɛ.jo]
기운 내라고,21,[ki.un.nɛ.ɾa.ko],[gi.un.nɛ.ɾa.go]
경찰 조사를,21,[kjʌŋ.tʃʰal.tʃo.sa.ɾɯl],[gjʌŋ.tʃʰal.dʒo.sa.ɾɯl]
리암 니슨,21,[ɾi.am.ni.sɯn],[ɾi.am.ni.sɯn]
놔두는 거야,21,[nwa.tu.nɯŋ.kʌ.ja],[nwa.du.nɯn.gʌ.ja]
기록이 필요해,21,[ki.ɾok̚.i.pʰil.jo.hɛ],[gi.ɾok̚.i.pʰil.jo.hɛ]
이제 내가 죽으면,21,[i.tʃe.nɛ.ka.tʃuk̚.ɯ.mjʌn],[i.dʒe.nɛ.ga.dʒuk̚.ɯ.mjʌn]
뭐 좋아요,21,[mwʌ.tʃot̚.a.jo],[mwʌ.dʒot̚.a.jo]
어느 순간엔가,21,[ʌ.nɯ.suŋ.kan.eŋ.ka],[ʌ.nɯ.suŋ.kan.eŋ.ka]
피로 맹세한,21,[pʰi.ɾo.mɛŋ.se.han],[pʰi.ɾo.mɛŋ.se.han]
말씀하실 수,21,[mal.s͈ɯm.ha.sil.su],[mal.s͈ɯm.ha.sil.su]
아직 살아 있을,21,[a.tʃik̚.sal.a.it̚.ɯl],[a.dʒik̚.sal.a.it̚.ɯl]
로건 씨,21,[ɾo.kʌn.s͈i],[ɾo.gʌn.s͈i]
없는 우리,21,[ʌp̚.nɯn.u.ɾi],[ʌp̚.nɯn.u.ɾi]
뭐 필요한거,21,[mwʌ.pʰil.jo.haŋ.kʌ],[mwʌ.pʰil.jo.haŋ.kʌ]
지금 지금,21,[tʃi.kɯn.tʃi.kɯm],[dʒi.gɯm.dʒi.gɯm]
부기맨이 필요해,21,[pu.ki.mɛn.i.pʰil.jo.hɛ],[bu.gi.mɛn.i.pʰil.jo.hɛ]
싸게 해,21,[s͈a.ke.hɛ],[s͈a.ge.hɛ]
부기맨이 필요해 존,21,[pu.ki.mɛn.i.pʰil.jo.hɛ.tʃon],[bu.gi.mɛn.i.pʰil.jo.hɛ.dʒon]
다들 다시,21,[ta.tɯl.ta.si],[da.dɯl.da.si]
아직 안 들어왔어,21,[a.tʃik̚.an.tɯl.ʌ.wat̚.ʌ],[a.dʒik̚.an.dɯl.ʌ.wat̚.ʌ]
벗어날 수 없다,21,[pʌt̚.ʌ.nal.su.ʌp̚.ta],[bʌt̚.ʌ.nal.su.ʌp̚.ta]
마 가,21,[ma.ka],[ma.ga]
거라고 정말,21,[kʌ.ɾa.ko.tʃʌŋ.mal],[gʌ.ɾa.go.dʒʌŋ.mal]
모든 단서를,21,[mo.tɯn.tan.sʌ.ɾɯl],[mo.dɯn.dan.sʌ.ɾɯl]
파트너가 되는,21,[pʰa.tʰɯ.nʌ.ka.twe.nɯn],[pʰa.tʰɯ.nʌ.ga.dwe.nɯn]
제발 젠장,21,[tʃe.pal.tʃen.tʃaŋ],[dʒe.bal.dʒen.tʃaŋ]
나누는 걸,21,[na.nu.nɯŋ.kʌl],[na.nu.nɯn.gʌl]
여기 갇혀 있는,21,[jʌ.ki.kat̚.hjʌ.it̚.nɯn],[jʌ.gi.gat̚.hjʌ.it̚.nɯn]
이제 사람들은,21,[i.tʃe.sa.ɾan.tɯl.ɯn],[i.dʒe.sa.ɾan.tɯl.ɯn]
괜찮은 남자,21,[kwɛn.tʃʰan.ɯn.nan.tʃa],[gwɛn.tʃʰan.ɯn.nan.tʃa]
이제 살인,21,[i.tʃe.sal.in],[i.dʒe.sal.in]
좋아한 거,21,[tʃot̚.a.haŋ.kʌ],[dʒot̚.a.han.gʌ]
it goes,21,,
이제 술,21,[i.tʃe.sul],[i.dʒe.sul]
마 그러다,21,[ma.kɯ.ɾʌ.ta],[ma.gɯ.ɾʌ.da]
집에 있어서,21,[tʃip̚.e.it̚.ʌ.sʌ],[dʒip̚.e.it̚.ʌ.sʌ]
빛나고 있어,21,[pit̚.na.ko.it̚.ʌ],[bit̚.na.go.it̚.ʌ]
삼촌 집에,21,[san.tʃʰon.tʃip̚.e],[san.tʃʰon.dʒip̚.e]
그래도 되고,21,[kɯ.ɾɛ.to.twe.ko],[gɯ.ɾɛ.do.dwe.go]
하지만 그게 무슨,21,[ha.tʃi.maŋ.kɯ.ke.mu.sɯn],[ha.dʒi.man.gɯ.ge.mu.sɯn]
마 너한테,21,[ma.nʌ.han.tʰe],[ma.nʌ.han.tʰe]
마 둘,21,[ma.tul],[ma.dul]
빛의 도시,21,[pit̚.ɯi.to.si],[bit̚.ɯi.do.si]
곧 여기로 올,21,[kot̚.jʌ.ki.ɾo.ol],[got̚.jʌ.gi.ɾo.ol]
난 알고 싶지,21,[nan.al.ko.sip̚.tʃi],[nan.al.ko.sip̚.tʃi]
일용할 양식을 주시고,21,[il.joŋ.hal.jaŋ.sik̚.ɯl.tʃu.si.ko],[il.joŋ.hal.jaŋ.sik̚.ɯl.dʒu.si.go]
모든 킬러가,21,[mo.tɯŋ.kʰil.ɾʌ.ka],[mo.dɯŋ.kʰil.ɾʌ.ga]
뭐 할 수,21,[mwʌ.hal.su],[mwʌ.hal.su]
네 눈에서,21,[ne.nun.e.sʌ],[ne.nun.e.sʌ]
같네요 당신이,21,[kat̚.ne.jo.taŋ.sin.i],[gat̚.ne.jo.daŋ.sin.i]
이제 준비가,21,[i.tʃe.tʃum.pi.ka],[i.dʒe.dʒum.pi.ga]
뭐가 가장,21,[mwʌ.ka.ka.tʃaŋ],[mwʌ.ga.ga.dʒaŋ]
이제 집,21,[i.tʃe.tʃip̚],[i.dʒe.dʒip̚]
다시 만나서 반갑습니다,21,[ta.si.man.na.sʌ.paŋ.kap̚.sɯp̚.ni.ta],[da.si.man.na.sʌ.baŋ.kap̚.sɯp̚.ni.da]
나보다 더 많이,21,[na.po.ta.tʌ.man.i],[na.bo.da.dʌ.man.i]
건 보고 싶지,21,[kʌm.po.ko.sip̚.tʃi],[gʌn.bo.go.sip̚.tʃi]
진정해요 난,21,[tʃin.tʃʌŋ.hɛ.jo.nan],[dʒin.tʃʌŋ.hɛ.jo.nan]
이제는 아니야,21,[i.tʃe.nɯn.a.ni.ja],[i.dʒe.nɯn.a.ni.ja]
이제는 제가,21,[i.tʃe.nɯn.tʃe.ka],[i.dʒe.nɯn.dʒe.ga]
아직도 그래요,21,[a.tʃik̚.to.kɯ.ɾɛ.jo],[a.dʒik̚.to.gɯ.ɾɛ.jo]
이제는 아니에요,21,[i.tʃe.nɯn.a.ni.e.jo],[i.dʒe.nɯn.a.ni.e.jo]
이제부터 이,21,[i.tʃe.pu.tʰʌ.i],[i.dʒe.bu.tʰʌ.i]
하지만 그렇지 않다,21,[ha.tʃi.maŋ.kɯ.ɾʌt̚.tʃi.an.ta],[ha.dʒi.man.gɯ.ɾʌt̚.tʃi.an.ta]
거라고 확신해요,21,[kʌ.ɾa.ko.hwak̚.sin.hɛ.jo],[gʌ.ɾa.go.hwak̚.sin.hɛ.jo]
저 여자 때문에,21,[tʃʌ.jʌ.tʃa.t͈ɛ.mun.e],[dʒʌ.jʌ.dʒa.t͈ɛ.mun.e]
진지한 관계는,21,[tʃin.tʃi.haŋ.kwaŋ.kje.nɯn],[dʒin.tʃi.han.gwaŋ.kje.nɯn]
남쪽으로 간다,21,[nan.tʃ͈ok̚.ɯ.ɾo.kan.ta],[nan.tʃ͈ok̚.ɯ.ɾo.gan.ta]
이젠 둘,21,[i.tʃen.tul],[i.dʒen.dul]
빠를 거야,21,[p͈a.ɾɯl.kʌ.ja],[p͈a.ɾɯl.gʌ.ja]
죽은 사람한테,21,[tʃuk̚.ɯn.sa.ɾam.han.tʰe],[dʒuk̚.ɯn.sa.ɾam.han.tʰe]
진짜 같지,21,[tʃin.tʃ͈a.kat̚.tʃi],[dʒin.tʃ͈a.gat̚.tʃi]
내가 모든걸,21,[nɛ.ka.mo.tɯŋ.kʌl],[nɛ.ga.mo.dɯŋ.kʌl]
기분이 들어서,21,[ki.pun.i.tɯl.ʌ.sʌ],[gi.bun.i.dɯl.ʌ.sʌ]
이쪽으로 가요,21,[i.tʃ͈ok̚.ɯ.ɾo.ka.jo],[i.tʃ͈ok̚.ɯ.ɾo.ga.jo]
오빠 안,21,[o.p͈a.an],[o.p͈a.an]
할까 했는데,21,[hal.k͈a.hɛt̚.nɯn.te],[hal.k͈a.hɛt̚.nɯn.te]
계획이 뭐든,21,[kje.hwek̚.i.mwʌ.tɯn],[gje.hwek̚.i.mwʌ.dɯn]
경고 했습니다,21,[kjʌŋ.ko.hɛt̚.sɯp̚.ni.ta],[gjʌŋ.go.hɛt̚.sɯp̚.ni.da]
부탁을 좀,21,[pu.tʰak̚.ɯl.tʃom],[bu.tʰak̚.ɯl.dʒom]
강한 인상을,21,[kaŋ.han.in.saŋ.ɯl],[gaŋ.han.in.saŋ.ɯl]
겉과 속이,21,[kʌt̚.kwa.sok̚.i],[gʌt̚.kwa.sok̚.i]
하죠 한,21,[ha.tʃjo.han],[ha.dʒjo.han]
갈 것도,21,[kal.kʌt̚.to],[gal.gʌt̚.to]
부모님은 어디 계셔,21,[pu.mo.nim.ɯn.ʌ.ti.kje.sjʌ],[bu.mo.nim.ɯn.ʌ.di.gje.sjʌ]
싸우고 있지,21,[s͈a.u.ko.it̚.tʃi],[s͈a.u.go.it̚.tʃi]
기분이 어떠신가요,21,[ki.pun.i.ʌ.t͈ʌ.siŋ.ka.jo],[gi.bun.i.ʌ.t͈ʌ.siŋ.ka.jo]
진짜 맛있겠다,21,[tʃin.tʃ͈a.mat̚.it̚.ket̚.ta],[dʒin.tʃ͈a.mat̚.it̚.ket̚.ta]
이해가 안 가는데,21,[i.hɛ.ka.aŋ.ka.nɯn.te],[i.hɛ.ga.an.ga.nɯn.te]
이해가 안 가는 게,21,[i.hɛ.ka.aŋ.ka.nɯŋ.ke],[i.hɛ.ga.an.ga.nɯn.ge]
내가 뭘요,21,[nɛ.ka.mwʌl.jo],[nɛ.ga.mwʌl.jo]
저 여자가 왜,21,[tʃʌ.jʌ.tʃa.ka.wɛ],[dʒʌ.jʌ.dʒa.ga.wɛ]
변하는 거,21,[pjʌn.ha.nɯŋ.kʌ],[bjʌn.ha.nɯn.gʌ]
나눠 먹을,21,[na.nwʌ.mʌk̚.ɯl],[na.nwʌ.mʌk̚.ɯl]
어디 갈 데,21,[ʌ.ti.kal.te],[ʌ.di.gal.de]
뭐가 어떻게 된 건지,21,[mwʌ.ka.ʌ.t͈ʌt̚.ke.tweŋ.kʌn.tʃi],[mwʌ.ga.ʌ.t͈ʌt̚.ke.dwen.gʌn.tʃi]
너한테 온 거야,21,[nʌ.han.tʰe.oŋ.kʌ.ja],[nʌ.han.tʰe.on.gʌ.ja]
기분이 참,21,[ki.pun.i.tʃʰam],[gi.bun.i.tʃʰam]
것 같아서 그,21,[kʌt̚.kat̚.a.sʌ.kɯ],[gʌt̚.gat̚.a.sʌ.gɯ]
마지막 기회일지도,21,[ma.tʃi.mak̚.ki.hwe.il.tʃi.to],[ma.dʒi.mak̚.gi.hwe.il.tʃi.do]
어디서 구하지,21,[ʌ.ti.sʌ.ku.ha.tʃi],[ʌ.di.sʌ.gu.ha.dʒi]
이해할 것이다,21,[i.hɛ.hal.kʌt̚.i.ta],[i.hɛ.hal.gʌt̚.i.da]
뭐가 옳은지,21,[mwʌ.ka.ol.ɯn.tʃi],[mwʌ.ga.ol.ɯn.tʃi]
저 좀 살려,21,[tʃʌ.tʃom.sal.ɾjʌ],[dʒʌ.dʒom.sal.ɾjʌ]
나는 가야 해,21,[na.nɯŋ.ka.ja.hɛ],[na.nɯn.ga.ja.hɛ]
곧 우리가,21,[kot̚.u.ɾi.ka],[got̚.u.ɾi.ga]
운동 열심히,21,[un.toŋ.jʌl.sim.hi],[un.toŋ.jʌl.sim.hi]
존재가 될 수,21,[tʃon.tʃɛ.ka.twel.su],[dʒon.tʃɛ.ga.dwel.su]
나는 가족을,21,[na.nɯŋ.ka.tʃok̚.ɯl],[na.nɯn.ga.dʒok̚.ɯl]
세금 내는,21,[se.kɯm.nɛ.nɯn],[se.gɯm.nɛ.nɯn]
이후로 모든,21,[i.hu.ɾo.mo.tɯn],[i.hu.ɾo.mo.dɯn]
놔두지 않을거야,21,[nwa.tu.tʃi.an.ɯl.kʌ.ja],[nwa.du.dʒi.an.ɯl.kʌ.ja]
내리는 소리,21,[nɛ.ɾi.nɯn.so.ɾi],[nɛ.ɾi.nɯn.so.ɾi]
어디 보자 이,21,[ʌ.ti.po.tʃa.i],[ʌ.di.bo.dʒa.i]
바보 취급하지,21,[pa.po.tʃʰwi.kɯp̚.ha.tʃi],[ba.bo.tʃʰwi.gɯp̚.ha.dʒi]
운동을 할,21,[un.toŋ.ɯl.hal],[un.toŋ.ɯl.hal]
것을 얻기,21,[kʌt̚.ɯl.ʌt̚.ki],[gʌt̚.ɯl.ʌt̚.ki]
남자 은퇴엔,21,[nan.tʃa.ɯn.tʰwe.en],[nan.tʃa.ɯn.tʰwe.en]
그러다 네가,21,[kɯ.ɾʌ.ta.ne.ka],[gɯ.ɾʌ.da.ne.ga]
일은 별로,21,[il.ɯm.pjʌl.ɾo],[il.ɯn.bjʌl.ɾo]
인간을 찾아내죠 어머니를 죽인,21,[iŋ.kan.ɯl.tʃʰat̚.a.nɛ.tʃjo.ʌ.mʌ.ni.ɾɯl.tʃuk̚.in],[iŋ.kan.ɯl.tʃʰat̚.a.nɛ.dʒjo.ʌ.mʌ.ni.ɾɯl.dʒuk̚.in]
인간을 찾아내죠 어머니를,21,[iŋ.kan.ɯl.tʃʰat̚.a.nɛ.tʃjo.ʌ.mʌ.ni.ɾɯl],[iŋ.kan.ɯl.tʃʰat̚.a.nɛ.dʒjo.ʌ.mʌ.ni.ɾɯl]
뻗을 수,21,[p͈ʌt̚.ɯl.su],[p͈ʌt̚.ɯl.su]
이번이 처음입니다,21,[i.pʌn.i.tʃʰʌ.ɯm.ip̚.ni.ta],[i.bʌn.i.tʃʰʌ.ɯm.ip̚.ni.da]
저거 내가,21,[tʃʌ.kʌ.nɛ.ka],[dʒʌ.gʌ.nɛ.ga]
인권 변호사,21,[iŋ.kwʌm.pjʌn.ho.sa],[iŋ.kwʌn.bjʌn.ho.sa]
아플 수,21,[a.pʰɯl.su],[a.pʰɯl.su]
안 되는 사람,21,[an.twe.nɯn.sa.ɾam],[an.dwe.nɯn.sa.ɾam]
피를 너무 많이 흘렸어요,21,[pʰi.ɾɯl.lʌ.mu.man.i.hɯl.ɾjʌt̚.ʌ.jo],[pʰi.ɾɯl.lʌ.mu.man.i.hɯl.ɾjʌt̚.ʌ.jo]
I can''t do this,21,,
저 예쁜,21,[tʃʌ.je.p͈ɯn],[dʒʌ.je.p͈ɯn]
갑자기 확,21,[kap̚.tʃa.ki.hwak̚],[gap̚.tʃa.gi.hwak̚]
나도 나중에,21,[na.to.na.tʃuŋ.e],[na.do.na.dʒuŋ.e]
확보하기 위해,21,[hwak̚.po.ha.ki.wi.hɛ],[hwak̚.po.ha.gi.wi.hɛ]
진짜로 하는,21,[tʃin.tʃ͈a.ɾo.ha.nɯn],[dʒin.tʃ͈a.ɾo.ha.nɯn]
이봐 거기,21,[i.pwa.kʌ.ki],[i.bwa.gʌ.gi]
폭탄 테러로,21,[pʰok̚.tʰan.tʰe.ɾʌ.ɾo],[pʰok̚.tʰan.tʰe.ɾʌ.ɾo]
곧 제,21,[kot̚.tʃe],[got̚.dʒe]
인생을 바쳤다,21,[in.sɛŋ.ɯl.pa.tʃʰjʌt̚.ta],[in.sɛŋ.ɯl.ba.tʃʰjʌt̚.ta]
다시 일어나지,21,[ta.si.il.ʌ.na.tʃi],[da.si.il.ʌ.na.dʒi]
진행하고 있어요,21,[tʃin.hɛŋ.ha.ko.it̚.ʌ.jo],[dʒin.hɛŋ.ha.go.it̚.ʌ.jo]
집에 먼저,21,[tʃip̚.e.mʌn.tʃʌ],[dʒip̚.e.mʌn.tʃʌ]
하지만 마음은,21,[ha.tʃi.man.ma.ɯm.ɯn],[ha.dʒi.man.ma.ɯm.ɯn]
진행해야 해,21,[tʃin.hɛŋ.hɛ.ja.hɛ],[dʒin.hɛŋ.hɛ.ja.hɛ]
그녀가 죽었다는,21,[kɯ.njʌ.ka.tʃuk̚.ʌt̚.ta.nɯn],[gɯ.njʌ.ga.dʒuk̚.ʌt̚.ta.nɯn]
거예요 약속할게요,21,[kʌ.je.jo.jak̚.sok̚.hal.ke.jo],[gʌ.je.jo.jak̚.sok̚.hal.ke.jo]
이봐 그,21,[i.pwa.kɯ],[i.bwa.gɯ]
안 가서요,21,[aŋ.ka.sʌ.jo],[an.ga.sʌ.jo]
일은 없도록,21,[il.ɯn.ʌp̚.to.ɾok̚],[il.ɯn.ʌp̚.to.ɾok̚]
어디 있는지 알 수,21,[ʌ.ti.it̚.nɯn.tʃi.al.su],[ʌ.di.it̚.nɯn.tʃi.al.su]
어디 있는지 알려,21,[ʌ.ti.it̚.nɯn.tʃi.al.ɾjʌ],[ʌ.di.it̚.nɯn.tʃi.al.ɾjʌ]
뭐라 그랬어요,21,[mwʌ.ɾa.kɯ.ɾɛt̚.ʌ.jo],[mwʌ.ɾa.gɯ.ɾɛt̚.ʌ.jo]
하지만 단지,21,[ha.tʃi.man.tan.tʃi],[ha.dʒi.man.dan.tʃi]
내 문제는 아니라고,21,[nɛ.mun.tʃe.nɯn.a.ni.ɾa.ko],[nɛ.mun.tʃe.nɯn.a.ni.ɾa.go]
안 가져오면,21,[aŋ.ka.tʃjʌ.o.mjʌn],[an.ga.dʒjʌ.o.mjʌn]
그렇군요 고마워요,21,[kɯ.ɾʌt̚.kun.jo.ko.ma.wʌ.jo],[gɯ.ɾʌt̚.kun.jo.go.ma.wʌ.jo]
마약에 취해,21,[ma.jak̚.e.tʃʰwi.hɛ],[ma.jak̚.e.tʃʰwi.hɛ]
그리고 너도 알다시피,21,[kɯ.ɾi.ko.nʌ.to.al.ta.si.pʰi],[gɯ.ɾi.go.nʌ.do.al.ta.si.pʰi]
안 간다고요,21,[aŋ.kan.ta.ko.jo],[an.gan.ta.go.jo]
이벳슨 양,21,[i.pet̚.sɯn.jaŋ],[i.bet̚.sɯn.jaŋ]
못 쓴다고,21,[mot̚.s͈ɯn.ta.ko],[mot̚.s͈ɯn.ta.go]
질문 있는 사람,21,[tʃil.mun.it̚.nɯn.sa.ɾam],[dʒil.mun.it̚.nɯn.sa.ɾam]
인정해 하지만,21,[in.tʃʌŋ.hɛ.ha.tʃi.man],[in.tʃʌŋ.hɛ.ha.dʒi.man]
질문 할,21,[tʃil.mun.hal],[dʒil.mun.hal]
할 일은 이,21,[hal.il.ɯn.i],[hal.il.ɯn.i]
같다 무슨,21,[kat̚.ta.mu.sɯn],[gat̚.ta.mu.sɯn]
뭐라고 말할 수,21,[mwʌ.ɾa.ko.mal.hal.su],[mwʌ.ɾa.go.mal.hal.su]
내가 몸이,21,[nɛ.ka.mom.i],[nɛ.ga.mom.i]
질문은 왜,21,[tʃil.mun.ɯn.wɛ],[dʒil.mun.ɯn.wɛ]
운영하는 건,21,[un.jʌŋ.ha.nɯŋ.kʌn],[un.jʌŋ.ha.nɯn.gʌn]
no doubt,21,,
일 그만두고,21,[il.kɯ.man.tu.ko],[il.gɯ.man.tu.go]
기억 안 나니,21,[ki.ʌk̚.an.na.ni],[gi.ʌk̚.an.na.ni]
일 내에,21,[il.lɛ.e],[il.lɛ.e]
일 너무,21,[il.lʌ.mu],[il.lʌ.mu]
뭐라고 생각하는지,21,[mwʌ.ɾa.ko.sɛŋ.kak̚.ha.nɯn.tʃi],[mwʌ.ɾa.go.sɛŋ.gak̚.ha.nɯn.tʃi]
안 되잖니,21,[an.twe.tʃan.ni],[an.dwe.dʒan.ni]
eyes on,21,,
방 밖에,21,[pam.pak̚.e],[baŋ.bak̚.e]
아빠는 우리,21,[a.p͈a.nɯn.u.ɾi],[a.p͈a.nɯn.u.ɾi]
기억도 못 할,21,[ki.ʌk̚.to.mot̚.hal],[gi.ʌk̚.to.mot̚.hal]
질서를 지켜,21,[tʃil.sʌ.ɾɯl.tʃi.kʰjʌ],[dʒil.sʌ.ɾɯl.dʒi.kʰjʌ]
그녀는 그것들을,21,[kɯ.njʌ.nɯŋ.kɯ.kʌt̚.tɯl.ɯl],[gɯ.njʌ.nɯn.gɯ.gʌt̚.tɯl.ɯl]
저기 왜,21,[tʃʌ.ki.wɛ],[dʒʌ.gi.wɛ]
일 이상,21,[il.i.saŋ],[il.i.saŋ]
뭐라고 하셔,21,[mwʌ.ɾa.ko.ha.sjʌ],[mwʌ.ɾa.go.ha.sjʌ]
뾰족한 수가,21,[p͈jo.tʃok̚.han.su.ka],[p͈jo.dʒok̚.han.su.ga]
Please tell me,21,,
일 있는 거야,21,[il.it̚.nɯŋ.kʌ.ja],[il.it̚.nɯn.gʌ.ja]
호의를 베풀어,21,[ho.ɯi.ɾɯl.pe.pʰul.ʌ],[ho.ɯi.ɾɯl.be.pʰul.ʌ]
아무것도 하지 않았어,21,[a.mu.kʌt̚.to.ha.tʃi.an.at̚.ʌ],[a.mu.gʌt̚.to.ha.dʒi.an.at̚.ʌ]
세상에 더,21,[se.saŋ.e.tʌ],[se.saŋ.e.dʌ]
거요 이게,21,[kʌ.jo.i.ke],[gʌ.jo.i.ge]
거란 사실을,21,[kʌ.ɾan.sa.sil.ɯl],[gʌ.ɾan.sa.sil.ɯl]
하지만 시간,21,[ha.tʃi.man.si.kan],[ha.dʒi.man.si.gan]
거야 왜 이래,21,[kʌ.ja.wɛ.i.ɾɛ],[gʌ.ja.wɛ.i.ɾɛ]
나중에 다시 얘기해,21,[na.tʃuŋ.e.ta.si.jɛ.ki.hɛ],[na.dʒuŋ.e.da.si.jɛ.gi.hɛ]
빨리 와 봐,21,[p͈al.ɾi.wa.pwa],[p͈al.ɾi.wa.bwa]
마지막으로 내,21,[ma.tʃi.mak̚.ɯ.ɾo.nɛ],[ma.dʒi.mak̚.ɯ.ɾo.nɛ]
마라 그리고,21,[ma.ɾa.kɯ.ɾi.ko],[ma.ɾa.gɯ.ɾi.go]
내가 제,21,[nɛ.ka.tʃe],[nɛ.ga.dʒe]
gift for,21,,
가는 거고,21,[ka.nɯŋ.kʌ.ko],[ga.nɯn.gʌ.go]
장난 좀 친 거야,21,[tʃaŋ.nan.tʃon.tʃʰiŋ.kʌ.ja],[dʒaŋ.nan.dʒon.tʃʰin.gʌ.ja]
이해 못 하실 거예요,21,[i.hɛ.mot̚.ha.sil.kʌ.je.jo],[i.hɛ.mot̚.ha.sil.gʌ.je.jo]
좋은 질문이군요,21,[tʃot̚.ɯn.tʃil.mun.i.kun.jo],[dʒot̚.ɯn.dʒil.mun.i.gun.jo]
기분이 어떨 것,21,[ki.pun.i.ʌ.t͈ʌl.kʌt̚],[gi.bun.i.ʌ.t͈ʌl.gʌt̚]
이해 못 할 거예요,21,[i.hɛ.mot̚.hal.kʌ.je.jo],[i.hɛ.mot̚.hal.gʌ.je.jo]
감사해요 제,21,[kam.sa.hɛ.jo.tʃe],[gam.sa.hɛ.jo.dʒe]
건 확실한,21,[kʌn.hwak̚.sil.han],[gʌn.hwak̚.sil.han]
붙을 수,21,[put̚.ɯl.su],[but̚.ɯl.su]
말아요 그럼,21,[mal.a.jo.kɯ.ɾʌm],[mal.a.jo.gɯ.ɾʌm]
운이 좋은 거죠,21,[un.i.tʃot̚.ɯŋ.kʌ.tʃjo],[un.i.dʒot̚.ɯn.gʌ.dʒjo]
뷰챔프 부인,21,[pju.tʃʰɛm.pʰɯ.pu.in],[bju.tʃʰɛm.pʰɯ.bu.in]
네 머리도,21,[ne.mʌ.ɾi.to],[ne.mʌ.ɾi.do]
of the universe,21,,
집 사는,21,[tʃip̚.sa.nɯn],[dʒip̚.sa.nɯn]
브룸스 광장,21,[pɯ.ɾum.sɯ.kwaŋ.tʃaŋ],[bɯ.ɾum.sɯ.gwaŋ.dʒaŋ]
운이 참,21,[un.i.tʃʰam],[un.i.tʃʰam]
빠져 나올,21,[p͈a.tʃjʌ.na.ol],[p͈a.dʒjʌ.na.ol]
뭐래는 거야,21,[mwʌ.ɾɛ.nɯŋ.kʌ.ja],[mwʌ.ɾɛ.nɯn.gʌ.ja]
smi by 블랙이글,21,[pɯl.ɾɛk̚.i.kɯl],[bɯl.ɾɛk̚.i.gɯl]
없다 더 이상,21,[ʌp̚.ta.tʌ.i.saŋ],[ʌp̚.ta.dʌ.i.saŋ]
그가 네게,21,[kɯ.ka.ne.ke],[gɯ.ga.ne.ge]
집 잘,21,[tʃip̚.tʃal],[dʒip̚.dʒal]
카모라가 현상금을,21,[kʰa.mo.ɾa.ka.hjʌn.saŋ.kɯm.ɯl],[kʰa.mo.ɾa.ga.hjʌn.saŋ.gɯm.ɯl]
일만 끝나면,21,[il.maŋ.k͈ɯt̚.na.mjʌn],[il.maŋ.k͈ɯt̚.na.mjʌn]
비교해 보면,21,[pi.kjo.hɛ.po.mjʌn],[bi.gjo.hɛ.bo.mjʌn]
마음이 놓인다,21,[ma.ɯm.i.not̚.in.ta],[ma.ɯm.i.not̚.in.ta]
내가 찾아서,21,[nɛ.ka.tʃʰat̚.a.sʌ],[nɛ.ga.tʃʰat̚.a.sʌ]
내가 찾았어요,21,[nɛ.ka.tʃʰat̚.at̚.ʌ.jo],[nɛ.ga.tʃʰat̚.at̚.ʌ.jo]
내가 처리하고,21,[nɛ.ka.tʃʰʌ.ɾi.ha.ko],[nɛ.ga.tʃʰʌ.ɾi.ha.go]
기분이 좋네요,21,[ki.pun.i.tʃot̚.ne.jo],[gi.bun.i.dʒot̚.ne.jo]
비록 그가,21,[pi.ɾok̚.kɯ.ka],[bi.ɾok̚.gɯ.ga]
so glad,21,,
내가 처리해야,21,[nɛ.ka.tʃʰʌ.ɾi.hɛ.ja],[nɛ.ga.tʃʰʌ.ɾi.hɛ.ja]
파티에 왔던,21,[pʰa.tʰi.e.wat̚.tʌn],[pʰa.tʰi.e.wat̚.tʌn]
호텔에 있어,21,[ho.tʰel.e.it̚.ʌ],[ho.tʰel.e.it̚.ʌ]
모두 주목하세요,21,[mo.tu.tʃu.mok̚.ha.se.jo],[mo.du.dʒu.mok̚.ha.se.jo]
일단 오늘,21,[il.tan.o.nɯl],[il.tan.o.nɯl]
최선을 다하면,21,[tʃʰwe.sʌn.ɯl.ta.ha.mjʌn],[tʃʰwe.sʌn.ɯl.da.ha.mjʌn]
아빤 내가,21,[a.p͈an.nɛ.ka],[a.p͈an.nɛ.ga]
비밀로 해 줘,21,[pi.mil.ɾo.hɛ.tʃwʌ],[bi.mil.ɾo.hɛ.dʒwʌ]
비밀리에 빠른,21,[pi.mil.ɾi.e.p͈a.ɾɯn],[bi.mil.ɾi.e.p͈a.ɾɯn]
나오지 않았습니다,21,[na.o.tʃi.an.at̚.sɯp̚.ni.ta],[na.o.dʒi.an.at̚.sɯp̚.ni.da]
결국 또,21,[kjʌl.kuk̚.t͈o],[gjʌl.kuk̚.t͈o]
없다 이건,21,[ʌp̚.ta.i.kʌn],[ʌp̚.ta.i.gʌn]
비밀을 지키려고,21,[pi.mil.ɯl.tʃi.kʰi.ɾjʌ.ko],[bi.mil.ɯl.dʒi.kʰi.ɾjʌ.go]
그때 엄마가,21,[kɯ.t͈ɛ.ʌm.ma.ka],[gɯ.t͈ɛ.ʌm.ma.ga]
마이애미에 있는,21,[ma.i.ɛ.mi.e.it̚.nɯn],[ma.i.ɛ.mi.e.it̚.nɯn]
이해를 못하겠어,21,[i.hɛ.ɾɯl.mot̚.ha.ket̚.ʌ],[i.hɛ.ɾɯl.mot̚.ha.get̚.ʌ]
마 다 잘될 거야,21,[ma.ta.tʃal.twel.kʌ.ja],[ma.da.dʒal.twel.gʌ.ja]
괜찮아요 됐어요,21,[kwɛn.tʃʰan.a.jo.twɛt̚.ʌ.jo],[gwɛn.tʃʰan.a.jo.dwɛt̚.ʌ.jo]
아침부터 왜,21,[a.tʃʰim.pu.tʰʌ.wɛ],[a.tʃʰim.pu.tʰʌ.wɛ]
and I got,21,,
다른 이상한,21,[ta.ɾɯn.i.saŋ.han],[da.ɾɯn.i.saŋ.han]
다 당신 탓이야,21,[ta.taŋ.sin.tʰat̚.i.ja],[da.daŋ.sin.tʰat̚.i.ja]
난 고등학교,21,[naŋ.ko.tɯŋ.hak̚.kjo],[nan.go.dɯŋ.hak̚.kjo]
동료 한,21,[toŋ.ɾjo.han],[doŋ.ɾjo.han]
비웃을 거야,21,[pi.ut̚.ɯl.kʌ.ja],[bi.ut̚.ɯl.gʌ.ja]
비웃지 마,21,[pi.ut̚.tʃi.ma],[bi.ut̚.tʃi.ma]
겁나지 않아요,21,[kʌp̚.na.tʃi.an.a.jo],[gʌp̚.na.dʒi.an.a.jo]
기대가 커요,21,[ki.tɛ.ka.kʰʌ.jo],[gi.dɛ.ga.kʰʌ.jo]
비켜 주겠나,21,[pi.kʰjʌ.tʃu.ket̚.na],[bi.kʰjʌ.dʒu.get̚.na]
괜찮아요 여기서,21,[kwɛn.tʃʰan.a.jo.jʌ.ki.sʌ],[gwɛn.tʃʰan.a.jo.jʌ.gi.sʌ]
다야 그래,21,[ta.ja.kɯ.ɾɛ],[da.ja.gɯ.ɾɛ]
별거 아닌데,21,[pjʌl.kʌ.a.nin.te],[bjʌl.kʌ.a.nin.te]
결국 모두,21,[kjʌl.kuk̚.mo.tu],[gjʌl.kuk̚.mo.du]
이해를 못하는,21,[i.hɛ.ɾɯl.mot̚.ha.nɯn],[i.hɛ.ɾɯl.mot̚.ha.nɯn]
무슨 도움,21,[mu.sɯn.to.um],[mu.sɯn.do.um]
비행사 이론가들 제안,21,[pi.hɛŋ.sa.i.ɾoŋ.ka.tɯl.tʃe.an],[bi.hɛŋ.sa.i.ɾoŋ.ka.dɯl.dʒe.an]
받아야 할 것을,21,[pat̚.a.ja.hal.kʌt̚.ɯl],[bat̚.a.ja.hal.gʌt̚.ɯl]
빈 손으로,21,[pin.son.ɯ.ɾo],[bin.son.ɯ.ɾo]
나는 그것을 볼 수,21,[na.nɯŋ.kɯ.kʌt̚.ɯl.pol.su],[na.nɯn.gɯ.gʌt̚.ɯl.bol.su]
일어났던 일들,21,[il.ʌ.nat̚.tʌn.il.tɯl],[il.ʌ.nat̚.tʌn.il.tɯl]
발도 안,21,[pal.to.an],[bal.to.an]
it''s all right,21,,
마일도 안,21,[ma.il.to.an],[ma.il.to.an]
it''s all the same,21,,
날이 오겠지,21,[nal.i.o.ket̚.tʃi],[nal.i.o.get̚.tʃi]
상관없어요 그,21,[saŋ.kwan.ʌp̚.ʌ.jo.kɯ],[saŋ.gwan.ʌp̚.ʌ.jo.gɯ]
내가 확신하는,21,[nɛ.ka.hwak̚.sin.ha.nɯn],[nɛ.ga.hwak̚.sin.ha.nɯn]
일에 대해 아는,21,[il.e.tɛ.hɛ.a.nɯn],[il.e.dɛ.hɛ.a.nɯn]
안에 모든,21,[an.e.mo.tɯn],[an.e.mo.dɯn]
경찰이 안,21,[kjʌŋ.tʃʰal.i.an],[gjʌŋ.tʃʰal.i.an]
죽을 생각,21,[tʃuk̚.ɯl.sɛŋ.kak̚],[dʒuk̚.ɯl.sɛŋ.gak̚]
봐 미안,21,[pwa.mi.an],[bwa.mi.an]
집에 거의,21,[tʃip̚.e.kʌ.ɯi],[dʒip̚.e.gʌ.ɯi]
일에 연루된,21,[il.e.jʌl.lu.twen],[il.e.jʌl.lu.dwen]
일에 연루되어,21,[il.e.jʌl.lu.twe.ʌ],[il.e.jʌl.lu.dwe.ʌ]
해줄 순,21,[hɛ.tʃul.sun],[hɛ.dʒul.sun]
동맹을 맺고,21,[toŋ.mɛŋ.ɯl.mɛt̚.ko],[doŋ.mɛŋ.ɯl.mɛt̚.ko]
내게 데려와,21,[nɛ.ke.te.ɾjʌ.wa],[nɛ.ge.de.ɾjʌ.wa]
괜찮은 여자야,21,[kwɛn.tʃʰan.ɯn.jʌ.tʃa.ja],[gwɛn.tʃʰan.ɯn.jʌ.dʒa.ja]
세상이 너무,21,[se.saŋ.i.nʌ.mu],[se.saŋ.i.nʌ.mu]
빠른 속력을 이용해서,21,[p͈a.ɾɯn.sok̚.ɾjʌk̚.ɯl.i.joŋ.hɛ.sʌ],[p͈a.ɾɯn.sok̚.ɾjʌk̚.ɯl.i.joŋ.hɛ.sʌ]
아침에 일어나자마자,21,[a.tʃʰim.e.il.ʌ.na.tʃa.ma.tʃa],[a.tʃʰim.e.il.ʌ.na.dʒa.ma.dʒa]
안 될 때도,21,[an.twel.t͈ɛ.to],[an.dwel.t͈ɛ.do]
하지만 이 남자는,21,[ha.tʃi.man.i.nan.tʃa.nɯn],[ha.dʒi.man.i.nan.tʃa.nɯn]
뭐든지 말만,21,[mwʌ.tɯn.tʃi.mal.man],[mwʌ.dɯn.tʃi.mal.man]
떠났을 거예요,21,[t͈ʌ.nat̚.ɯl.kʌ.je.jo],[t͈ʌ.nat̚.ɯl.gʌ.je.jo]
괜찮을 거라,21,[kwɛn.tʃʰan.ɯl.kʌ.ɾa],[gwɛn.tʃʰan.ɯl.gʌ.ɾa]
빠져나간 것,21,[p͈a.tʃjʌ.na.kaŋ.kʌt̚],[p͈a.dʒjʌ.na.gan.gʌt̚]
필요가 없으니까요,21,[pʰil.jo.ka.ʌp̚.ɯ.ni.k͈a.jo],[pʰil.jo.ga.ʌp̚.ɯ.ni.k͈a.jo]
그러던 어느 날 밤,21,[kɯ.ɾʌ.tʌn.ʌ.nɯ.nal.pam],[gɯ.ɾʌ.dʌn.ʌ.nɯ.nal.bam]
눈을 감은,21,[nun.ɯl.kam.ɯn],[nun.ɯl.gam.ɯn]
저는 당신과,21,[tʃʌ.nɯn.taŋ.siŋ.kwa],[dʒʌ.nɯn.daŋ.siŋ.kwa]
일은 날,21,[il.ɯn.nal],[il.ɯn.nal]
빠지지 않게 하시고,21,[p͈a.tʃi.tʃi.aŋ.ke.ha.si.ko],[p͈a.dʒi.dʒi.aŋ.ke.ha.si.go]
빠진 거예요,21,[p͈a.tʃiŋ.kʌ.je.jo],[p͈a.dʒin.gʌ.je.jo]
아침에 제일 먼저,21,[a.tʃʰim.e.tʃe.il.mʌn.tʃʌ],[a.tʃʰim.e.dʒe.il.mʌn.tʃʌ]
난 일찍,21,[nan.il.tʃ͈ik̚],[nan.il.tʃ͈ik̚]
빠질 수도,21,[p͈a.tʃil.su.to],[p͈a.dʒil.su.do]
빨간 옷,21,[p͈al.kan.ot̚],[p͈al.kan.ot̚]
안 되는 거 알죠,21,[an.twe.nɯŋ.kʌ.al.tʃjo],[an.dwe.nɯn.gʌ.al.tʃjo]
일은 불가능해,21,[il.ɯm.pul.ka.nɯŋ.hɛ],[il.ɯn.bul.ka.nɯŋ.hɛ]
맨해튼에 있는,21,[mɛn.hɛ.tʰɯn.e.it̚.nɯn],[mɛn.hɛ.tʰɯn.e.it̚.nɯn]
봤을 때 넌,21,[pwat̚.ɯl.t͈ɛ.nʌn],[bwat̚.ɯl.t͈ɛ.nʌn]
울음소리 효과음,21,[ul.ɯm.so.ɾi.hjo.kwa.ɯm],[ul.ɯm.so.ɾi.hjo.gwa.ɯm]
같다 난,21,[kat̚.ta.nan],[gat̚.ta.nan]
건 유감이지만,21,[kʌn.ju.kam.i.tʃi.man],[gʌn.ju.gam.i.dʒi.man]
대해선 뭐라고,21,[tɛ.hɛ.sʌn.mwʌ.ɾa.ko],[dɛ.hɛ.sʌn.mwʌ.ɾa.go]
일은 없었으면,21,[il.ɯn.ʌp̚.ʌt̚.ɯ.mjʌn],[il.ɯn.ʌp̚.ʌt̚.ɯ.mjʌn]
루시어스 라이온의,21,[ɾu.si.ʌ.sɯ.ɾa.i.on.ɯi],[ɾu.si.ʌ.sɯ.ɾa.i.on.ɯi]
그 나무를,21,[kɯ.na.mu.ɾɯl],[gɯ.na.mu.ɾɯl]
걸 후회하고,21,[kʌl.hu.hwe.ha.ko],[gʌl.hu.hwe.ha.go]
일은 당신이,21,[il.ɯn.taŋ.sin.i],[il.ɯn.daŋ.sin.i]
죽을 자격이,21,[tʃuk̚.ɯl.tʃa.kjʌk̚.i],[dʒuk̚.ɯl.dʒa.gjʌk̚.i]
백 년을,21,[pɛk̚.njʌn.ɯl],[bɛk̚.njʌn.ɯl]
빨리 아,21,[p͈al.ɾi.a],[p͈al.ɾi.a]
뭔가 끔찍한 일이,21,[mwʌŋ.ka.k͈ɯn.tʃ͈ik̚.han.il.i],[mwʌŋ.ka.k͈ɯn.tʃ͈ik̚.han.il.i]
내릴 수 있어,21,[nɛ.ɾil.su.it̚.ʌ],[nɛ.ɾil.su.it̚.ʌ]
좀 없어요,21,[tʃom.ʌp̚.ʌ.jo],[dʒom.ʌp̚.ʌ.jo]
난 잃을,21,[nan.il.ɯl],[nan.il.ɯl]
다음 학기에,21,[ta.ɯm.hak̚.ki.e],[da.ɯm.hak̚.ki.e]
빠진 것 같은데,21,[p͈a.tʃiŋ.kʌt̚.kat̚.ɯn.te],[p͈a.dʒin.gʌt̚.gat̚.ɯn.te]
후루룩 먹는다,21,[hu.ɾu.ɾuk̚.mʌk̚.nɯn.ta],[hu.ɾu.ɾuk̚.mʌk̚.nɯn.ta]
뭔가 냄새가,21,[mwʌŋ.ka.nɛm.sɛ.ka],[mwʌŋ.ka.nɛm.sɛ.ga]
하지만 내 말을,21,[ha.tʃi.man.nɛ.mal.ɯl],[ha.dʒi.man.nɛ.mal.ɯl]
want to talk to,21,,
별로 놀랍지,21,[pjʌl.ɾo.nol.ɾap̚.tʃi],[bjʌl.ɾo.nol.ɾap̚.tʃi]
갈까 했는데,21,[kal.k͈a.hɛt̚.nɯn.te],[gal.k͈a.hɛt̚.nɯn.te]
루이지애나 주,21,[ɾu.i.tʃi.ɛ.na.tʃu],[ɾu.i.dʒi.ɛ.na.dʒu]
없다고 하셨죠,21,[ʌp̚.ta.ko.ha.sjʌt̚.tʃjo],[ʌp̚.ta.go.ha.sjʌt̚.tʃjo]
빨리 찾을,21,[p͈al.ɾi.tʃʰat̚.ɯl],[p͈al.ɾi.tʃʰat̚.ɯl]
검찰 측이,21,[kʌn.tʃʰal.tʃʰɯk̚.i],[gʌn.tʃʰal.tʃʰɯk̚.i]
그럼 만약에,21,[kɯ.ɾʌm.man.jak̚.e],[gɯ.ɾʌm.man.jak̚.e]
가발 쓴,21,[ka.pal.s͈ɯn],[ga.bal.s͈ɯn]
아코니 씨가,21,[a.kʰo.ni.s͈i.ka],[a.kʰo.ni.s͈i.ga]
빼고 다른,21,[p͈ɛ.ko.ta.ɾɯn],[p͈ɛ.go.da.ɾɯn]
빼고 말야,21,[p͈ɛ.ko.mal.ja],[p͈ɛ.go.mal.ja]
칼러스 요원,21,[kʰal.ɾʌ.sɯ.jo.wʌn],[kʰal.ɾʌ.sɯ.jo.wʌn]
가방 가지고,21,[ka.paŋ.ka.tʃi.ko],[ga.baŋ.ga.dʒi.go]
더 좋은 계획이,21,[tʌ.tʃot̚.ɯŋ.kje.hwek̚.i],[dʌ.dʒot̚.ɯn.gje.hwek̚.i]
오늘 밤에 봐요,21,[o.nɯl.pam.e.pwa.jo],[o.nɯl.bam.e.bwa.jo]
그럼요 근데,21,[kɯ.ɾʌm.jo.kɯn.te],[gɯ.ɾʌm.jo.gɯn.te]
갖다 주지,21,[kat̚.ta.tʃu.tʃi],[gat̚.ta.dʒu.dʒi]
다음 주로,21,[ta.ɯn.tʃu.ɾo],[da.ɯm.dʒu.ɾo]
안 듣는구나,21,[an.tɯt̚.nɯŋ.ku.na],[an.dɯt̚.nɯŋ.ku.na]
그아갤 jembyeong,21,[kɯ.a.kɛl],[gɯ.a.gɛl]
마실 수 있을까요,21,[ma.sil.su.it̚.ɯl.k͈a.jo],[ma.sil.su.it̚.ɯl.k͈a.jo]
바보 멍청이,21,[pa.po.mʌŋ.tʃʰʌŋ.i],[ba.bo.mʌŋ.tʃʰʌŋ.i]
so close,21,,
말이야 감사합니다,21,[mal.i.ja.kam.sa.hap̚.ni.ta],[mal.i.ja.gam.sa.hap̚.ni.da]
같습니다 그래서,21,[kat̚.sɯp̚.ni.ta.kɯ.ɾɛ.sʌ],[gat̚.sɯp̚.ni.da.gɯ.ɾɛ.sʌ]
내리게 해,21,[nɛ.ɾi.ke.hɛ],[nɛ.ɾi.ge.hɛ]
같군요 무슨,21,[kat̚.kun.jo.mu.sɯn],[gat̚.kun.jo.mu.sɯn]
가방 두,21,[ka.paŋ.tu],[ga.baŋ.du]
뻔히 보이는,21,[p͈ʌn.hi.po.i.nɯn],[p͈ʌn.hi.bo.i.nɯn]
괴물이 있어,21,[kwe.mul.i.it̚.ʌ],[gwe.mul.i.it̚.ʌ]
해결되는 게,21,[hɛ.kjʌl.twe.nɯŋ.ke],[hɛ.gjʌl.twe.nɯn.ge]
난 일해야,21,[nan.il.hɛ.ja],[nan.il.hɛ.ja]
칼에 찔렸어요,21,[kʰal.e.tʃ͈il.ɾjʌt̚.ʌ.jo],[kʰal.e.tʃ͈il.ɾjʌt̚.ʌ.jo]
지칠 줄,21,[tʃi.tʃʰil.tʃul],[dʒi.tʃʰil.dʒul]
굉장히 화가,21,[kweŋ.tʃaŋ.hi.hwa.ka],[gweŋ.dʒaŋ.hi.hwa.ga]
일을 하고 있다는,21,[il.ɯl.ha.ko.it̚.ta.nɯn],[il.ɯl.ha.go.it̚.ta.nɯn]
거래하는 게,21,[kʌ.ɾɛ.ha.nɯŋ.ke],[gʌ.ɾɛ.ha.nɯn.ge]
했어 그를,21,[hɛt̚.ʌ.kɯ.ɾɯl],[hɛt̚.ʌ.gɯ.ɾɯl]
일을 하고 있는지,21,[il.ɯl.ha.ko.it̚.nɯn.tʃi],[il.ɯl.ha.go.it̚.nɯn.tʃi]
기회가 될 수,21,[ki.hwe.ka.twel.su],[gi.hwe.ga.dwel.su]
칼을 꺼내,21,[kʰal.ɯl.k͈ʌ.nɛ],[kʰal.ɯl.k͈ʌ.nɛ]
하지 이게,21,[ha.tʃi.i.ke],[ha.dʒi.i.ge]
없다는 거네,21,[ʌp̚.ta.nɯŋ.kʌ.ne],[ʌp̚.ta.nɯn.gʌ.ne]
큰 실수는,21,[kʰɯn.sil.su.nɯn],[kʰɯn.sil.su.nɯn]
혹시 어떤,21,[hok̚.si.ʌ.t͈ʌn],[hok̚.si.ʌ.t͈ʌn]
집에서 계속,21,[tʃip̚.e.sʌ.kje.sok̚],[dʒip̚.e.sʌ.gje.sok̚]
들리는 사람,21,[tɯl.ɾi.nɯn.sa.ɾam],[dɯl.ɾi.nɯn.sa.ɾam]
다음에 다른,21,[ta.ɯm.e.ta.ɾɯn],[da.ɯm.e.da.ɾɯn]
가방 안에 뭐가,21,[ka.paŋ.an.e.mwʌ.ka],[ga.baŋ.an.e.mwʌ.ga]
뿐이지 자네가,21,[p͈un.i.tʃi.tʃa.ne.ka],[p͈un.i.dʒi.dʒa.ne.ga]
오늘 병원에,21,[o.nɯl.pjʌŋ.wʌn.e],[o.nɯl.bjʌŋ.wʌn.e]
내시길 바랍니다,21,[nɛ.si.kil.pa.ɾap̚.ni.ta],[nɛ.si.gil.ba.ɾap̚.ni.da]
없는거 같은데,21,[ʌp̚.nɯŋ.kʌ.kat̚.ɯn.te],[ʌp̚.nɯŋ.kʌ.gat̚.ɯn.te]
일을 하기 전에,21,[il.ɯl.ha.ki.tʃʌn.e],[il.ɯl.ha.gi.dʒʌn.e]
일을 할 수 없어,21,[il.ɯl.hal.su.ʌp̚.ʌ],[il.ɯl.hal.su.ʌp̚.ʌ]
발견한 사람이,21,[pal.kjʌn.han.sa.ɾam.i],[bal.kjʌn.han.sa.ɾam.i]
섹스에 관한,21,[sek̚.sɯ.e.kwan.han],[sek̚.sɯ.e.gwan.han]
짓을 알아,21,[tʃit̚.ɯl.al.a],[dʒit̚.ɯl.al.a]
사건에서 말이야,21,[sa.kʌn.e.sʌ.mal.i.ja],[sa.gʌn.e.sʌ.mal.i.ja]
거의 다 했어요,21,[kʌ.ɯi.ta.hɛt̚.ʌ.jo],[gʌ.ɯi.da.hɛt̚.ʌ.jo]
기회가 생겨서,21,[ki.hwe.ka.sɛŋ.kjʌ.sʌ],[gi.hwe.ga.sɛŋ.gjʌ.sʌ]
맞을지도 모르지,21,[mat̚.ɯl.tʃi.to.mo.ɾɯ.tʃi],[mat̚.ɯl.tʃi.do.mo.ɾɯ.dʒi]
뭔가 알게 되면,21,[mwʌŋ.ka.al.ke.twe.mjʌn],[mwʌŋ.ka.al.ke.dwe.mjʌn]
It''s not that,21,,
그녀를 만난,21,[kɯ.njʌ.ɾɯl.man.nan],[gɯ.njʌ.ɾɯl.man.nan]
born to,21,,
집에 있을 수,21,[tʃip̚.e.it̚.ɯl.su],[dʒip̚.e.it̚.ɯl.su]
내일 시험,21,[nɛ.il.si.hʌm],[nɛ.il.si.hʌm]
알고 있었단,21,[al.ko.it̚.ʌt̚.tan],[al.ko.it̚.ʌt̚.tan]
사 와요,21,[sa.wa.jo],[sa.wa.jo]
스툴벤드 고등학교,21,[sɯ.tʰul.pen.tɯ.ko.tɯŋ.hak̚.kjo],[sɯ.tʰul.pen.tɯ.go.dɯŋ.hak̚.kjo]
교통 사고,21,[kjo.tʰoŋ.sa.ko],[gjo.tʰoŋ.sa.go]
집에 늦게 갈지도,21,[tʃip̚.e.nɯt̚.ke.kal.tʃi.to],[dʒip̚.e.nɯt̚.ke.gal.tʃi.do]
거기에 있었어요,21,[kʌ.ki.e.it̚.ʌt̚.ʌ.jo],[gʌ.gi.e.it̚.ʌt̚.ʌ.jo]
그리고 당신은 나에게,21,[kɯ.ɾi.ko.taŋ.sin.ɯn.na.e.ke],[gɯ.ɾi.go.daŋ.sin.ɯn.na.e.ge]
똑똑한 녀석,21,[t͈ok̚.t͈ok̚.han.njʌ.sʌk̚],[t͈ok̚.t͈ok̚.han.njʌ.sʌk̚]
사과를 해,21,[sa.kwa.ɾɯl.hɛ],[sa.gwa.ɾɯl.hɛ]
존재가 된,21,[tʃon.tʃɛ.ka.twen],[dʒon.tʃɛ.ga.dwen]
겁니다 그러나,21,[kʌp̚.ni.ta.kɯ.ɾʌ.na],[gʌp̚.ni.da.gɯ.ɾʌ.na]
일이 벌어질까요,21,[il.i.pʌl.ʌ.tʃil.k͈a.jo],[il.i.bʌl.ʌ.dʒil.k͈a.jo]
내생각엔 말이야,21,[nɛ.sɛŋ.kak̚.en.mal.i.ja],[nɛ.sɛŋ.gak̚.en.mal.i.ja]
내일이면 다,21,[nɛ.il.i.mjʌn.ta],[nɛ.il.i.mjʌn.da]
좋지 않죠,21,[tʃot̚.tʃi.an.tʃjo],[dʒot̚.tʃi.an.tʃjo]
교회에 가서,21,[kjo.hwe.e.ka.sʌ],[gjo.hwe.e.ga.sʌ]
그래서 계획을,21,[kɯ.ɾɛ.sʌ.kje.hwek̚.ɯl],[gɯ.ɾɛ.sʌ.gje.hwek̚.ɯl]
아이스크림 먹을래,21,[a.i.sɯ.kʰɯ.ɾim.mʌk̚.ɯl.ɾɛ],[a.i.sɯ.kʰɯ.ɾim.mʌk̚.ɯl.ɾɛ]
난 널 죽일,21,[nan.nʌl.tʃuk̚.il],[nan.nʌl.dʒuk̚.il]
내셔널 지오그래픽,21,[nɛ.sjʌ.nʌl.tʃi.o.kɯ.ɾɛ.pʰik̚],[nɛ.sjʌ.nʌl.dʒi.o.gɯ.ɾɛ.pʰik̚]
오늘 아무도,21,[o.nɯl.a.mu.to],[o.nɯl.a.mu.do]
테러 조직의,21,[tʰe.ɾʌ.tʃo.tʃik̚.ɯi],[tʰe.ɾʌ.dʒo.dʒik̚.ɯi]
더 좋을 것 같아,21,[tʌ.tʃot̚.ɯl.kʌt̚.kat̚.a],[dʌ.dʒot̚.ɯl.gʌt̚.gat̚.a]
네 나이 땐,21,[ne.na.i.t͈ɛn],[ne.na.i.t͈ɛn]
합니다 뭐,21,[hap̚.ni.ta.mwʌ],[hap̚.ni.da.mwʌ]
거라고 그건,21,[kʌ.ɾa.ko.kɯ.kʌn],[gʌ.ɾa.go.gɯ.gʌn]
집에서 당장 나가,21,[tʃip̚.e.sʌ.taŋ.tʃaŋ.na.ka],[dʒip̚.e.sʌ.daŋ.dʒaŋ.na.ga]
내야 하고,21,[nɛ.ja.ha.ko],[nɛ.ja.ha.go]
어디서 왔죠,21,[ʌ.ti.sʌ.wat̚.tʃjo],[ʌ.di.sʌ.wat̚.tʃjo]
진짜 영웅이,21,[tʃin.tʃ͈a.jʌŋ.uŋ.i],[dʒin.tʃ͈a.jʌŋ.uŋ.i]
매우 이상한,21,[mɛ.u.i.saŋ.han],[mɛ.u.i.saŋ.han]
태세를 갖추고,21,[tʰɛ.se.ɾɯl.kat̚.tʃʰu.ko],[tʰɛ.se.ɾɯl.gat̚.tʃʰu.go]
사람 날,21,[sa.ɾam.nal],[sa.ɾam.nal]
지켜 준다고,21,[tʃi.kʰjʌ.tʃun.ta.ko],[dʒi.kʰjʌ.dʒun.ta.go]
했잖아요 그런데,21,[hɛt̚.tʃan.a.jo.kɯ.ɾʌn.te],[hɛt̚.tʃan.a.jo.gɯ.ɾʌn.te]
안 따르면,21,[an.t͈a.ɾɯ.mjʌn],[an.t͈a.ɾɯ.mjʌn]
냉동 피자,21,[nɛŋ.tom.pʰi.tʃa],[nɛŋ.dom.pʰi.dʒa]
안 보게,21,[am.po.ke],[an.bo.ge]
미로 같은,21,[mi.ɾo.kat̚.ɯn],[mi.ɾo.gat̚.ɯn]
구름 위를,21,[ku.ɾɯm.wi.ɾɯl],[gu.ɾɯm.wi.ɾɯl]
사람 없는데,21,[sa.ɾam.ʌp̚.nɯn.te],[sa.ɾam.ʌp̚.nɯn.te]
사람 없으면,21,[sa.ɾam.ʌp̚.ɯ.mjʌn],[sa.ɾam.ʌp̚.ɯ.mjʌn]
저도 괜찮아요,21,[tʃʌ.to.kwɛn.tʃʰan.a.jo],[dʒʌ.do.gwɛn.tʃʰan.a.jo]
내용에 따르면,21,[nɛ.joŋ.e.t͈a.ɾɯ.mjʌn],[nɛ.joŋ.e.t͈a.ɾɯ.mjʌn]
있어 대신,21,[it̚.ʌ.tɛ.sin],[it̚.ʌ.dɛ.sin]
이해해야 한다,21,[i.hɛ.hɛ.ja.han.ta],[i.hɛ.hɛ.ja.han.ta]
대가로 내,21,[tɛ.ka.ɾo.nɛ],[dɛ.ga.ɾo.nɛ]
어떤 사람이 될지,21,[ʌ.t͈ʌn.sa.ɾam.i.twel.tʃi],[ʌ.t͈ʌn.sa.ɾam.i.dwel.tʃi]
접근하는 건,21,[tʃʌp̚.kɯn.ha.nɯŋ.kʌn],[dʒʌp̚.kɯn.ha.nɯn.gʌn]
구멍을 내고,21,[ku.mʌŋ.ɯl.lɛ.ko],[gu.mʌŋ.ɯl.lɛ.go]
너 기억,21,[nʌ.ki.ʌk̚],[nʌ.gi.ʌk̚]
구멍을 뚫는,21,[ku.mʌŋ.ɯl.t͈ul.lɯn],[gu.mʌŋ.ɯl.t͈ul.lɯn]
맹세하는데 난,21,[mɛŋ.se.ha.nɯn.te.nan],[mɛŋ.se.ha.nɯn.te.nan]
너 담배,21,[nʌ.tam.pɛ],[nʌ.dam.pɛ]
정도는 될,21,[tʃʌŋ.to.nɯn.twel],[dʒʌŋ.do.nɯn.dwel]
사건은 최고,21,[sa.kʌn.ɯn.tʃʰwe.ko],[sa.gʌn.ɯn.tʃʰwe.go]
Pussy Bang,21,,
일이 커질,21,[il.i.kʰʌ.tʃil],[il.i.kʰʌ.dʒil]
달러를 받고,21,[tal.ɾʌ.ɾɯl.pat̚.ko],[dal.ɾʌ.ɾɯl.bat̚.ko]
동생을 위해서,21,[toŋ.sɛŋ.ɯl.wi.hɛ.sʌ],[doŋ.sɛŋ.ɯl.wi.hɛ.sʌ]
저도 그랬죠,21,[tʃʌ.to.kɯ.ɾɛt̚.tʃjo],[dʒʌ.do.gɯ.ɾɛt̚.tʃjo]
거야 미안해요,21,[kʌ.ja.mi.an.hɛ.jo],[gʌ.ja.mi.an.hɛ.jo]
집에서 일어난,21,[tʃip̚.e.sʌ.il.ʌ.nan],[dʒip̚.e.sʌ.il.ʌ.nan]
이상 나를,21,[i.saŋ.na.ɾɯl],[i.saŋ.na.ɾɯl]
리처드 헨드릭스,21,[ɾi.tʃʰʌ.tɯ.hen.tɯ.ɾik̚.sɯ],[ɾi.tʃʰʌ.dɯ.hen.tɯ.ɾik̚.sɯ]
진짜 얘기,21,[tʃin.tʃ͈a.jɛ.ki],[dʒin.tʃ͈a.jɛ.gi]
썩 꺼져요,21,[s͈ʌk̚.k͈ʌ.tʃjʌ.jo],[s͈ʌk̚.k͈ʌ.dʒjʌ.jo]
오늘 왜 그래,21,[o.nɯl.wɛ.kɯ.ɾɛ],[o.nɯl.wɛ.gɯ.ɾɛ]
사건의 주요,21,[sa.kʌn.ɯi.tʃu.jo],[sa.gʌn.ɯi.dʒu.jo]
it''s not a,21,,
수집할 수,21,[su.tʃip̚.hal.su],[su.dʒip̚.hal.su]
너 시간,21,[nʌ.si.kan],[nʌ.si.gan]
혼란 속에서,21,[hol.lan.sok̚.e.sʌ],[hol.lan.sok̚.e.sʌ]
Pussy Pussy,21,,
감정을 느끼고,21,[kan.tʃʌŋ.ɯl.lɯ.k͈i.ko],[gan.tʃʌŋ.ɯl.lɯ.k͈i.go]
어디서 찾을 수 있지,21,[ʌ.ti.sʌ.tʃʰat̚.ɯl.su.it̚.tʃi],[ʌ.di.sʌ.tʃʰat̚.ɯl.su.it̚.tʃi]
일이에요 내,21,[il.i.e.jo.nɛ],[il.i.e.jo.nɛ]
너 알고,21,[nʌ.al.ko],[nʌ.al.ko]
소개시켜 줄,21,[so.kɛ.si.kʰjʌ.tʃul],[so.gɛ.si.kʰjʌ.dʒul]
집중 치료실에,21,[tʃip̚.tʃuŋ.tʃʰi.ɾjo.sil.e],[dʒip̚.tʃuŋ.tʃʰi.ɾjo.sil.e]
들어온 소식입니다,21,[tɯl.ʌ.on.so.sik̚.ip̚.ni.ta],[dɯl.ʌ.on.so.sik̚.ip̚.ni.da]
없다는 것에,21,[ʌp̚.ta.nɯŋ.kʌt̚.e],[ʌp̚.ta.nɯn.gʌt̚.e]
사건이 있던,21,[sa.kʌn.i.it̚.tʌn],[sa.gʌn.i.it̚.tʌn]
일을 하셨어요,21,[il.ɯl.ha.sjʌt̚.ʌ.jo],[il.ɯl.ha.sjʌt̚.ʌ.jo]
주세요 여기요,21,[tʃu.se.jo.jʌ.ki.jo],[dʒu.se.jo.jʌ.gi.jo]
일인 걸요,21,[il.iŋ.kʌl.jo],[il.in.gʌl.jo]
번 내,21,[pʌn.nɛ],[bʌn.nɛ]
Pussy Pussy Bang,21,,
또 나쁜 짓을 해버렸네,21,[t͈o.na.p͈ɯn.tʃit̚.ɯl.hɛ.pʌ.ɾjʌt̚.ne],[t͈o.na.p͈ɯn.dʒit̚.ɯl.hɛ.bʌ.ɾjʌt̚.ne]
기회가 있을 때마다,21,[ki.hwe.ka.it̚.ɯl.t͈ɛ.ma.ta],[gi.hwe.ga.it̚.ɯl.t͈ɛ.ma.da]
마틴 루터 킹,21,[ma.tʰil.lu.tʰʌ.kʰiŋ],[ma.tʰil.lu.tʰʌ.kʰiŋ]
저랑 안,21,[tʃʌ.ɾaŋ.an],[dʒʌ.ɾaŋ.an]
긴 하루,21,[kin.ha.ɾu],[gin.ha.ɾu]
구하고 있어,21,[ku.ha.ko.it̚.ʌ],[gu.ha.go.it̚.ʌ]
교장 선생님과,21,[kjo.tʃaŋ.sʌn.sɛŋ.nim.kwa],[gjo.dʒaŋ.sʌn.sɛŋ.nim.kwa]
것을 배울,21,[kʌt̚.ɯl.pɛ.ul],[gʌt̚.ɯl.bɛ.ul]
나는 그래,21,[na.nɯŋ.kɯ.ɾɛ],[na.nɯn.gɯ.ɾɛ]
너 우리가,21,[nʌ.u.ɾi.ka],[nʌ.u.ɾi.ga]
뭔가 알아냈나,21,[mwʌŋ.ka.al.a.nɛt̚.na],[mwʌŋ.ka.al.a.nɛt̚.na]
한 시간마다,21,[han.si.kan.ma.ta],[han.si.gan.ma.da]
죽이겠다고 했어,21,[tʃuk̚.i.ket̚.ta.ko.hɛt̚.ʌ],[dʒuk̚.i.get̚.ta.go.hɛt̚.ʌ]
어딘지 몰라,21,[ʌ.tin.tʃi.mol.ɾa],[ʌ.din.tʃi.mol.ɾa]
사람들이 웅성댄다,21,[sa.ɾan.tɯl.i.uŋ.sʌŋ.tɛn.ta],[sa.ɾan.tɯl.i.uŋ.sʌŋ.dɛn.ta]
최소한 난,21,[tʃʰwe.so.han.nan],[tʃʰwe.so.han.nan]
겁니다 그들의,21,[kʌp̚.ni.ta.kɯ.tɯl.ɯi],[gʌp̚.ni.da.gɯ.dɯl.ɯi]
집에서 파티를,21,[tʃip̚.e.sʌ.pʰa.tʰi.ɾɯl],[dʒip̚.e.sʌ.pʰa.tʰi.ɾɯl]
인생에서 최고의,21,[in.sɛŋ.e.sʌ.tʃʰwe.ko.ɯi],[in.sɛŋ.e.sʌ.tʃʰwe.go.ɯi]
the end of time,21,,
사람들이 참,21,[sa.ɾan.tɯl.i.tʃʰam],[sa.ɾan.tɯl.i.tʃʰam]
다음에 해요,21,[ta.ɯm.e.hɛ.jo],[da.ɯm.e.hɛ.jo]
정말 아,21,[tʃʌŋ.mal.a],[dʒʌŋ.mal.a]
저 검은,21,[tʃʌ.kʌm.ɯn],[dʒʌ.gʌm.ɯn]
오늘 자고,21,[o.nɯl.tʃa.ko],[o.nɯl.dʒa.go]
정복할 수,21,[tʃʌm.pok̚.hal.su],[dʒʌŋ.bok̚.hal.su]
세 병,21,[se.pjʌŋ],[se.bjʌŋ]
했어야 했어요,21,[hɛt̚.ʌ.ja.hɛt̚.ʌ.jo],[hɛt̚.ʌ.ja.hɛt̚.ʌ.jo]
워싱턴 DC로,21,[wʌ.siŋ.tʰʌl.lo],[wʌ.siŋ.tʰʌl.lo]
사고가 아니었어,21,[sa.ko.ka.a.ni.ʌt̚.ʌ],[sa.go.ga.a.ni.ʌt̚.ʌ]
꼴이 말이 아니네,21,[k͈ol.i.mal.i.a.ni.ne],[k͈ol.i.mal.i.a.ni.ne]
몇 개 안,21,[mjʌt̚.kɛ.an],[mjʌt̚.gɛ.an]
사람은 안 돼,21,[sa.ɾam.ɯn.an.twɛ],[sa.ɾam.ɯn.an.dwɛ]
전 아무 말도,21,[tʃʌn.a.mu.mal.to],[dʒʌn.a.mu.mal.to]
사람은 없을 거예요,21,[sa.ɾam.ɯn.ʌp̚.ɯl.kʌ.je.jo],[sa.ɾam.ɯn.ʌp̚.ɯl.gʌ.je.jo]
너 항상,21,[nʌ.haŋ.saŋ],[nʌ.haŋ.saŋ]
어딜 가면,21,[ʌ.til.ka.mjʌn],[ʌ.dil.ga.mjʌn]
만나고 있었어,21,[man.na.ko.it̚.ʌt̚.ʌ],[man.na.go.it̚.ʌt̚.ʌ]
관련이 없다는,21,[kwal.ljʌn.i.ʌp̚.ta.nɯn],[gwal.ljʌn.i.ʌp̚.ta.nɯn]
사고를 친,21,[sa.ko.ɾɯl.tʃʰin],[sa.go.ɾɯl.tʃʰin]
갔다 해,21,[kat̚.ta.hɛ],[gat̚.ta.hɛ]
나랑 같은 생각,21,[na.ɾaŋ.kat̚.ɯn.sɛŋ.kak̚],[na.ɾaŋ.gat̚.ɯn.sɛŋ.gak̚]
죽이고 싶다고,21,[tʃuk̚.i.ko.sip̚.ta.ko],[dʒuk̚.i.go.sip̚.ta.go]
일하러 가봐야,21,[il.ha.ɾʌ.ka.pwa.ja],[il.ha.ɾʌ.ga.bwa.ja]
크고 더,21,[kʰɯ.ko.tʌ],[kʰɯ.go.dʌ]
감시 시스템,21,[kam.si.si.sɯ.tʰem],[gam.si.si.sɯ.tʰem]
사람을 죽이진,21,[sa.ɾam.ɯl.tʃuk̚.i.tʃin],[sa.ɾam.ɯl.dʒuk̚.i.dʒin]
구해야 한다,21,[ku.hɛ.ja.han.ta],[gu.hɛ.ja.han.ta]
길 가는,21,[kil.ka.nɯn],[gil.ga.nɯn]
나도 생각해,21,[na.to.sɛŋ.kak̚.hɛ],[na.do.sɛŋ.gak̚.hɛ]
얘야 네가,21,[jɛ.ja.ne.ka],[jɛ.ja.ne.ga]
모든 사건,21,[mo.tɯn.sa.kʌn],[mo.dɯn.sa.gʌn]
사과의 의미로,21,[sa.kwa.ɯi.ɯi.mi.ɾo],[sa.gwa.ɯi.ɯi.mi.ɾo]
사과를 해야,21,[sa.kwa.ɾɯl.hɛ.ja],[sa.gwa.ɾɯl.hɛ.ja]
무슨 소린데,21,[mu.sɯn.so.ɾin.te],[mu.sɯn.so.ɾin.te]
뭐든 말만 해요,21,[mwʌ.tɯn.mal.man.hɛ.jo],[mwʌ.dɯn.mal.man.hɛ.jo]
사과하고 싶었어요,21,[sa.kwa.ha.ko.sip̚.ʌt̚.ʌ.jo],[sa.gwa.ha.go.sip̚.ʌt̚.ʌ.jo]
길 건너에서,21,[kil.kʌn.nʌ.e.sʌ],[gil.gʌn.nʌ.e.sʌ]
그가 몇,21,[kɯ.ka.mjʌt̚],[gɯ.ga.mjʌt̚]
차를 보고,21,[tʃʰa.ɾɯl.po.ko],[tʃʰa.ɾɯl.bo.go]
안 먹니,21,[an.mʌk̚.ni],[an.mʌk̚.ni]
날 붙잡고,21,[nal.put̚.tʃap̚.ko],[nal.but̚.tʃap̚.ko]
오늘 집에 늦게 갈지도,21,[o.nɯl.tʃip̚.e.nɯt̚.ke.kal.tʃi.to],[o.nɯl.dʒip̚.e.nɯt̚.ke.gal.tʃi.do]
사과해야 할 것 같아,21,[sa.kwa.hɛ.ja.hal.kʌt̚.kat̚.a],[sa.gwa.hɛ.ja.hal.gʌt̚.gat̚.a]
소리 들을,21,[so.ɾi.tɯl.ɯl],[so.ɾi.dɯl.ɯl]
하지만 다행히도,21,[ha.tʃi.man.ta.hɛŋ.hi.to],[ha.dʒi.man.da.hɛŋ.hi.do]
짓을 하면 안,21,[tʃit̚.ɯl.ha.mjʌn.an],[dʒit̚.ɯl.ha.mjʌn.an]
무슨 말을 하려는 거에요,21,[mu.sɯn.mal.ɯl.ha.ɾjʌ.nɯŋ.kʌ.e.jo],[mu.sɯn.mal.ɯl.ha.ɾjʌ.nɯn.gʌ.e.jo]
읽고 쓰는,21,[ik̚.ko.s͈ɯ.nɯn],[ik̚.ko.s͈ɯ.nɯn]
국가를 위한,21,[kuk̚.ka.ɾɯl.wi.han],[guk̚.ka.ɾɯl.wi.han]
사람이 아니라는 걸,21,[sa.ɾam.i.a.ni.ɾa.nɯŋ.kʌl],[sa.ɾam.i.a.ni.ɾa.nɯn.gʌl]
왜 나한테 말을,21,[wɛ.na.han.tʰe.mal.ɯl],[wɛ.na.han.tʰe.mal.ɯl]
레이건 경관,21,[ɾe.i.kʌŋ.kjʌŋ.kwan],[ɾe.i.gʌn.gjʌŋ.gwan]
다 믿을,21,[ta.mit̚.ɯl],[da.mit̚.ɯl]
사귀고 있는,21,[sa.kwi.ko.it̚.nɯn],[sa.gwi.go.it̚.nɯn]
이게 새,21,[i.ke.sɛ],[i.ge.sɛ]
뭔지 설명해,21,[mwʌn.tʃi.sʌl.mjʌŋ.hɛ],[mwʌn.tʃi.sʌl.mjʌŋ.hɛ]
교회 가는,21,[kjo.hwe.ka.nɯn],[gjo.hwe.ga.nɯn]
너도 그들,21,[nʌ.to.kɯ.tɯl],[nʌ.do.gɯ.dɯl]
이상 문제가,21,[i.saŋ.mun.tʃe.ka],[i.saŋ.mun.tʃe.ga]
사귀는 줄,21,[sa.kwi.nɯn.tʃul],[sa.gwi.nɯn.dʒul]
You want me to,21,,
사람이 죽게,21,[sa.ɾam.i.tʃuk̚.ke],[sa.ɾam.i.dʒuk̚.ke]
주장하고 있어,21,[tʃu.tʃaŋ.ha.ko.it̚.ʌ],[dʒu.dʒaŋ.ha.go.it̚.ʌ]
막 시작했는데,21,[mak̚.si.tʃak̚.hɛt̚.nɯn.te],[mak̚.si.dʒak̚.hɛt̚.nɯn.te]
너도 나를,21,[nʌ.to.na.ɾɯl],[nʌ.do.na.ɾɯl]
여기서 끝내야,21,[jʌ.ki.sʌ.k͈ɯt̚.nɛ.ja],[jʌ.gi.sʌ.k͈ɯt̚.nɛ.ja]
날을 보내고,21,[nal.ɯl.po.nɛ.ko],[nal.ɯl.bo.nɛ.go]
만나서 기뻐,21,[man.na.sʌ.ki.p͈ʌ],[man.na.sʌ.gi.p͈ʌ]
안 먹잖아,21,[an.mʌk̚.tʃan.a],[an.mʌk̚.tʃan.a]
했잖아요 우리,21,[hɛt̚.tʃan.a.jo.u.ɾi],[hɛt̚.tʃan.a.jo.u.ɾi]
가볼 데가,21,[ka.pol.te.ka],[ga.bol.de.ga]
뭐든 상관없어요,21,[mwʌ.tɯn.saŋ.kwan.ʌp̚.ʌ.jo],[mwʌ.dɯn.saŋ.gwan.ʌp̚.ʌ.jo]
있을 줄 알았다,21,[it̚.ɯl.tʃul.al.at̚.ta],[it̚.ɯl.dʒul.al.at̚.ta]
사기를 쳐,21,[sa.ki.ɾɯl.tʃʰjʌ],[sa.gi.ɾɯl.tʃʰjʌ]
집으로 데려올,21,[tʃip̚.ɯ.ɾo.te.ɾjʌ.ol],[dʒip̚.ɯ.ɾo.de.ɾjʌ.ol]
어떡하면 되죠,21,[ʌ.t͈ʌk̚.ha.mjʌn.twe.tʃjo],[ʌ.t͈ʌk̚.ha.mjʌn.dwe.dʒjo]
뭔가 이상한 점이,21,[mwʌŋ.ka.i.saŋ.han.tʃʌm.i],[mwʌŋ.ka.i.saŋ.han.dʒʌm.i]
막 집에,21,[mak̚.tʃip̚.e],[mak̚.dʒip̚.e]
But I know,21,,
저도 더,21,[tʃʌ.to.tʌ],[dʒʌ.do.dʌ]
What does it,21,,
같은 애들이,21,[kat̚.ɯn.ɛ.tɯl.i],[gat̚.ɯn.ɛ.dɯl.i]
너라면 할 수,21,[nʌ.ɾa.mjʌn.hal.su],[nʌ.ɾa.mjʌn.hal.su]
사랑에 빠진 거야,21,[sa.ɾaŋ.e.p͈a.tʃiŋ.kʌ.ja],[sa.ɾaŋ.e.p͈a.dʒin.gʌ.ja]
진짜 최악이야,21,[tʃin.tʃ͈a.tʃʰwe.ak̚.i.ja],[dʒin.tʃ͈a.tʃʰwe.ak̚.i.ja]
관해 내가,21,[kwan.hɛ.nɛ.ka],[gwan.hɛ.nɛ.ga]
부분이 좀,21,[pu.pun.i.tʃom],[bu.bun.i.dʒom]
박 차장님,21,[pak̚.tʃʰa.tʃaŋ.nim],[bak̚.tʃʰa.dʒaŋ.nim]
안 물어봐요,21,[an.mul.ʌ.pwa.jo],[an.mul.ʌ.bwa.jo]
내가 이곳에 왔을,21,[nɛ.ka.i.kot̚.e.wat̚.ɯl],[nɛ.ga.i.got̚.e.wat̚.ɯl]
오늘 힘들었어,21,[o.nɯl.hin.tɯl.ʌt̚.ʌ],[o.nɯl.hin.tɯl.ʌt̚.ʌ]
해 보니까,21,[hɛ.po.ni.k͈a],[hɛ.bo.ni.k͈a]
길에서 비켜,21,[kil.e.sʌ.pi.kʰjʌ],[gil.e.sʌ.bi.kʰjʌ]
나 때문에 네가,21,[na.t͈ɛ.mun.e.ne.ka],[na.t͈ɛ.mun.e.ne.ga]
내 이혼,21,[nɛ.i.hon],[nɛ.i.hon]
좀 잘게,21,[tʃon.tʃal.ke],[dʒom.dʒal.ke]
갖다 준,21,[kat̚.ta.tʃun],[gat̚.ta.dʒun]
사는 곳도,21,[sa.nɯŋ.kot̚.to],[sa.nɯn.got̚.to]
상상 속에서,21,[saŋ.saŋ.sok̚.e.sʌ],[saŋ.saŋ.sok̚.e.sʌ]
내 멍청한,21,[nɛ.mʌŋ.tʃʰʌŋ.han],[nɛ.mʌŋ.tʃʰʌŋ.han]
보세요 그럼,21,[po.se.jo.kɯ.ɾʌm],[bo.se.jo.gɯ.ɾʌm]
소리가 아니라,21,[so.ɾi.ka.a.ni.ɾa],[so.ɾi.ga.a.ni.ɾa]
무엇을 원했는가,21,[mu.ʌt̚.ɯl.wʌn.hɛt̚.nɯŋ.ka],[mu.ʌt̚.ɯl.wʌn.hɛt̚.nɯŋ.ka]
점 슛,21,[tʃʌm.sjut̚],[dʒʌm.sjut̚]
정리하는 데,21,[tʃʌŋ.ɾi.ha.nɯn.te],[dʒʌŋ.ɾi.ha.nɯn.de]
잔을 들어,21,[tʃan.ɯl.tɯl.ʌ],[dʒan.ɯl.dɯl.ʌ]
너를 많이,21,[nʌ.ɾɯl.man.i],[nʌ.ɾɯl.man.i]
보석 같은,21,[po.sʌk̚.kat̚.ɯn],[bo.sʌk̚.gat̚.ɯn]
내 바지를,21,[nɛ.pa.tʃi.ɾɯl],[nɛ.ba.dʒi.ɾɯl]
안 믿고,21,[an.mit̚.ko],[an.mit̚.ko]
낼 것이다,21,[nɛl.kʌt̚.i.ta],[nɛl.gʌt̚.i.da]
학자금 대출,21,[hak̚.tʃa.kɯn.tɛ.tʃʰul],[hak̚.tʃa.gɯm.dɛ.tʃʰul]
달러 그리고,21,[tal.ɾʌ.kɯ.ɾi.ko],[dal.ɾʌ.gɯ.ɾi.go]
나를 여기서,21,[na.ɾɯl.jʌ.ki.sʌ],[na.ɾɯl.jʌ.gi.sʌ]
학창 시절,21,[hak̚.tʃʰaŋ.si.tʃʌl],[hak̚.tʃʰaŋ.si.dʒʌl]
죽고 싶어 환장한,21,[tʃuk̚.ko.sip̚.ʌ.hwan.tʃaŋ.han],[dʒuk̚.ko.sip̚.ʌ.hwan.tʃaŋ.han]
내가 대체 뭘,21,[nɛ.ka.tɛ.tʃʰe.mwʌl],[nɛ.ga.dɛ.tʃʰe.mwʌl]
안 하마,21,[an.ha.ma],[an.ha.ma]
곳이 없었어요,21,[kot̚.i.ʌp̚.ʌt̚.ʌ.jo],[got̚.i.ʌp̚.ʌt̚.ʌ.jo]
사는지 알고,21,[sa.nɯn.tʃi.al.ko],[sa.nɯn.tʃi.al.ko]
낼 수 있다고,21,[nɛl.su.it̚.ta.ko],[nɛl.su.it̚.ta.go]
걸 아는 건,21,[kʌl.a.nɯŋ.kʌn],[gʌl.a.nɯn.gʌn]
find them,21,,
안 하면 재미없지,21,[an.ha.mjʌn.tʃɛ.mi.ʌp̚.tʃi],[an.ha.mjʌn.dʒɛ.mi.ʌp̚.tʃi]
진정한 의미를,21,[tʃin.tʃʌŋ.han.ɯi.mi.ɾɯl],[dʒin.tʃʌŋ.han.ɯi.mi.ɾɯl]
난 감옥에 갈,21,[naŋ.kam.ok̚.e.kal],[nan.gam.ok̚.e.gal]
곧 전쟁이,21,[kot̚.tʃʌn.tʃɛŋ.i],[got̚.dʒʌn.tʃɛŋ.i]
이 소녀를,21,[i.so.njʌ.ɾɯl],[i.so.njʌ.ɾɯl]
사라 랜스,21,[sa.ɾa.ɾɛn.sɯ],[sa.ɾa.ɾɛn.sɯ]
낼 줄,21,[nɛl.tʃul],[nɛl.dʒul]
나는 냄새,21,[na.nɯn.nɛm.sɛ],[na.nɯn.nɛm.sɛ]
while you,21,,
기회를 드리죠,21,[ki.hwe.ɾɯl.tɯ.ɾi.tʃjo],[gi.hwe.ɾɯl.dɯ.ɾi.dʒjo]
아저씨 그래,21,[a.tʃʌ.s͈i.kɯ.ɾɛ],[a.dʒʌ.s͈i.gɯ.ɾɛ]
원인을 알,21,[wʌn.in.ɯl.al],[wʌn.in.ɯl.al]
거로 하자,21,[kʌ.ɾo.ha.tʃa],[gʌ.ɾo.ha.dʒa]
뭘 깨달았는지,21,[mwʌl.k͈ɛ.tal.at̚.nɯn.tʃi],[mwʌl.k͈ɛ.dal.at̚.nɯn.tʃi]
같아 바로,21,[kat̚.a.pa.ɾo],[gat̚.a.ba.ɾo]
사상 최대의,21,[sa.saŋ.tʃʰwe.tɛ.ɯi],[sa.saŋ.tʃʰwe.dɛ.ɯi]
입도 뻥긋하지 마,21,[ip̚.to.p͈ʌŋ.kɯt̚.ha.tʃi.ma],[ip̚.to.p͈ʌŋ.gɯt̚.ha.dʒi.ma]
궁금하군 저 여자의,21,[kuŋ.kɯm.ha.kun.tʃʌ.jʌ.tʃa.ɯi],[guŋ.gɯm.ha.gun.dʒʌ.jʌ.dʒa.ɯi]
보러 여기,21,[po.ɾʌ.jʌ.ki],[bo.ɾʌ.jʌ.gi]
기다리고 있으면,21,[ki.ta.ɾi.ko.it̚.ɯ.mjʌn],[gi.da.ɾi.go.it̚.ɯ.mjʌn]
방법이 없었죠,21,[pam.pʌp̚.i.ʌp̚.ʌt̚.tʃjo],[baŋ.bʌp̚.i.ʌp̚.ʌt̚.tʃjo]
더 도움이 될,21,[tʌ.to.um.i.twel],[dʌ.do.um.i.dwel]
궁금한 것이,21,[kuŋ.kɯm.haŋ.kʌt̚.i],[guŋ.gɯm.han.gʌt̚.i]
보니 저,21,[po.ni.tʃʌ],[bo.ni.dʒʌ]
변기 물이,21,[pjʌŋ.ki.mul.i],[bjʌŋ.ki.mul.i]
사실 조금,21,[sa.sil.tʃo.kɯm],[sa.sil.dʒo.gɯm]
애가 있는,21,[ɛ.ka.it̚.nɯn],[ɛ.ga.it̚.nɯn]
매일 그렇게,21,[mɛ.il.kɯ.ɾʌt̚.ke],[mɛ.il.gɯ.ɾʌt̚.ke]
카드 좀,21,[kʰa.tɯ.tʃom],[kʰa.dɯ.dʒom]
네 제안을,21,[ne.tʃe.an.ɯl],[ne.dʒe.an.ɯl]
쏠 수 있어요,21,[s͈ol.su.it̚.ʌ.jo],[s͈ol.su.it̚.ʌ.jo]
가만 두지,21,[ka.man.tu.tʃi],[ga.man.du.dʒi]
내 입술에,21,[nɛ.ip̚.sul.e],[nɛ.ip̚.sul.e]
입으로 하는,21,[ip̚.ɯ.ɾo.ha.nɯn],[ip̚.ɯ.ɾo.ha.nɯn]
작은 일이,21,[tʃak̚.ɯn.il.i],[dʒak̚.ɯn.il.i]
단아의 옅은,21,[tan.a.ɯi.jʌt̚.ɯn],[dan.a.ɯi.jʌt̚.ɯn]
부모님 집,21,[pu.mo.nin.tʃip̚],[bu.mo.nim.dʒip̚]
집으로 이사,21,[tʃip̚.ɯ.ɾo.i.sa],[dʒip̚.ɯ.ɾo.i.sa]
몰라요 그럴,21,[mol.ɾa.jo.kɯ.ɾʌl],[mol.ɾa.jo.gɯ.ɾʌl]
뭔가 있으면,21,[mwʌŋ.ka.it̚.ɯ.mjʌn],[mwʌŋ.ka.it̚.ɯ.mjʌn]
입을 다물게 하려고,21,[ip̚.ɯl.ta.mul.ke.ha.ɾjʌ.ko],[ip̚.ɯl.da.mul.ke.ha.ɾjʌ.go]
해 나와,21,[hɛ.na.wa],[hɛ.na.wa]
뭘 말이냐,21,[mwʌl.mal.i.nja],[mwʌl.mal.i.nja]
입을 막고,21,[ip̚.ɯl.mak̚.ko],[ip̚.ɯl.mak̚.ko]
수상한 사람을,21,[su.saŋ.han.sa.ɾam.ɯl],[su.saŋ.han.sa.ɾam.ɯl]
사람 같군요,21,[sa.ɾam.kat̚.kun.jo],[sa.ɾam.gat̚.kun.jo]
내가 뭘 잘못했어,21,[nɛ.ka.mwʌl.tʃal.mot̚.hɛt̚.ʌ],[nɛ.ga.mwʌl.dʒal.mot̚.hɛt̚.ʌ]
나는 그것을 보았다,21,[na.nɯŋ.kɯ.kʌt̚.ɯl.po.at̚.ta],[na.nɯn.gɯ.gʌt̚.ɯl.bo.at̚.ta]
난 진정한,21,[nan.tʃin.tʃʌŋ.han],[nan.dʒin.tʃʌŋ.han]
긴 여행을,21,[kin.jʌ.hɛŋ.ɯl],[gin.jʌ.hɛŋ.ɯl]
일이 일어나는가,21,[il.i.il.ʌ.na.nɯŋ.ka],[il.i.il.ʌ.na.nɯŋ.ka]
세명을 죽인,21,[se.mjʌŋ.ɯl.tʃuk̚.in],[se.mjʌŋ.ɯl.dʒuk̚.in]
그리고 모든 것,21,[kɯ.ɾi.ko.mo.tɯŋ.kʌt̚],[gɯ.ɾi.go.mo.dɯn.gʌt̚]
구급차 보내,21,[ku.kɯp̚.tʃʰa.po.nɛ],[gu.gɯp̚.tʃʰa.bo.nɛ]
합니다 좋아요,21,[hap̚.ni.ta.tʃot̚.a.jo],[hap̚.ni.da.dʒot̚.a.jo]
입이 무거운,21,[ip̚.i.mu.kʌ.un],[ip̚.i.mu.gʌ.un]
이 셔츠를,21,[i.sjʌ.tʃʰɯ.ɾɯl],[i.sjʌ.tʃʰɯ.ɾɯl]
breaking up,21,,
사우디 아라비아,21,[sa.u.ti.a.ɾa.pi.a],[sa.u.di.a.ɾa.bi.a]
안 가 내가,21,[aŋ.ka.nɛ.ka],[an.ga.nɛ.ga]
사람 그래,21,[sa.ɾam.kɯ.ɾɛ],[sa.ɾam.gɯ.ɾɛ]
사람 그렇게,21,[sa.ɾam.kɯ.ɾʌt̚.ke],[sa.ɾam.gɯ.ɾʌt̚.ke]
몰라요 날,21,[mol.ɾa.jo.nal],[mol.ɾa.jo.nal]
난 집에 가서,21,[nan.tʃip̚.e.ka.sʌ],[nan.dʒip̚.e.ga.sʌ]
그릇 더,21,[kɯ.ɾɯt̚.tʌ],[gɯ.ɾɯt̚.dʌ]
한 거나,21,[haŋ.kʌ.na],[han.gʌ.na]
쭉 알고,21,[tʃ͈uk̚.al.ko],[tʃ͈uk̚.al.ko]
후 처음으로,21,[hu.tʃʰʌ.ɯm.ɯ.ɾo],[hu.tʃʰʌ.ɯm.ɯ.ɾo]
냄새는 안,21,[nɛm.sɛ.nɯn.an],[nɛm.sɛ.nɯn.an]
사람 뇌를,21,[sa.ɾam.nwe.ɾɯl],[sa.ɾam.nwe.ɾɯl]
별로 좋진,21,[pjʌl.ɾo.tʃot̚.tʃin],[bjʌl.ɾo.dʒot̚.tʃin]
궤도를 도는,21,[kwe.to.ɾɯl.to.nɯn],[gwe.do.ɾɯl.do.nɯn]
사람 당신,21,[sa.ɾan.taŋ.sin],[sa.ɾam.daŋ.sin]
번 돈은,21,[pʌn.ton.ɯn],[bʌn.don.ɯn]
겁니다 첫,21,[kʌp̚.ni.ta.tʃʰʌt̚],[gʌp̚.ni.da.tʃʰʌt̚]
있어서 다시,21,[it̚.ʌ.sʌ.ta.si],[it̚.ʌ.sʌ.da.si]
사적인 자리인가요,21,[sa.tʃʌk̚.in.tʃa.ɾi.iŋ.ka.jo],[sa.dʒʌk̚.in.dʒa.ɾi.iŋ.ka.jo]
어떤 남자야,21,[ʌ.t͈ʌn.nan.tʃa.ja],[ʌ.t͈ʌn.nan.tʃa.ja]
순 없단,21,[sun.ʌp̚.tan],[sun.ʌp̚.tan]
막아줄 거야,21,[mak̚.a.tʃul.kʌ.ja],[mak̚.a.dʒul.gʌ.ja]
사진 갖고,21,[sa.tʃiŋ.kat̚.ko],[sa.dʒin.gat̚.ko]
그것은 중요합니다,21,[kɯ.kʌt̚.ɯn.tʃuŋ.jo.hap̚.ni.ta],[gɯ.gʌt̚.ɯn.dʒuŋ.jo.hap̚.ni.da]
이젠 어디로,21,[i.tʃen.ʌ.ti.ɾo],[i.dʒen.ʌ.di.ɾo]
저한테 온,21,[tʃʌ.han.tʰe.on],[dʒʌ.han.tʰe.on]
경쾌한 드럼 소리,21,[kjʌŋ.kʰwɛ.han.tɯ.ɾʌm.so.ɾi],[gjʌŋ.kʰwɛ.han.dɯ.ɾʌm.so.ɾi]
년 전보다,21,[njʌn.tʃʌm.po.ta],[njʌn.dʒʌm.po.da]
귀신들과 함께하는,21,[kwi.sin.tɯl.kwa.ham.k͈e.ha.nɯn],[gwi.sin.tɯl.kwa.ham.k͈e.ha.nɯn]
귀신들과 함께하는 토크,21,[kwi.sin.tɯl.kwa.ham.k͈e.ha.nɯn.tʰo.kʰɯ],[gwi.sin.tɯl.kwa.ham.k͈e.ha.nɯn.tʰo.kʰɯ]
귀신이 곡할,21,[kwi.sin.i.kok̚.hal],[gwi.sin.i.gok̚.hal]
겁니다 하나,21,[kʌp̚.ni.ta.ha.na],[gʌp̚.ni.da.ha.na]
오늘은 여기까지 하자,21,[o.nɯl.ɯn.jʌ.ki.k͈a.tʃi.ha.tʃa],[o.nɯl.ɯn.jʌ.gi.k͈a.dʒi.ha.dʒa]
일이 있네,21,[il.i.it̚.ne],[il.i.it̚.ne]
너무 열,21,[nʌ.mu.jʌl],[nʌ.mu.jʌl]
아니야 그게 바로 내가,21,[a.ni.ja.kɯ.ke.pa.ɾo.nɛ.ka],[a.ni.ja.gɯ.ge.ba.ɾo.nɛ.ga]
나는 그렇지 않았다,21,[na.nɯŋ.kɯ.ɾʌt̚.tʃi.an.at̚.ta],[na.nɯn.gɯ.ɾʌt̚.tʃi.an.at̚.ta]
지켜봐야 할,21,[tʃi.kʰjʌ.pwa.ja.hal],[dʒi.kʰjʌ.bwa.ja.hal]
진행되고 있는,21,[tʃin.hɛŋ.twe.ko.it̚.nɯn],[dʒin.hɛŋ.dwe.go.it̚.nɯn]
안나의 거친 숨소리,21,[an.na.ɯi.kʌ.tʃʰin.sum.so.ɾi],[an.na.ɯi.gʌ.tʃʰin.sum.so.ɾi]
있고 그러니,21,[it̚.ko.kɯ.ɾʌ.ni],[it̚.ko.gɯ.ɾʌ.ni]
사람 본 적 있어요,21,[sa.ɾam.pon.tʃʌk̚.it̚.ʌ.jo],[sa.ɾam.bon.dʒʌk̚.it̚.ʌ.jo]
있을거야 그래,21,[it̚.ɯl.kʌ.ja.kɯ.ɾɛ],[it̚.ɯl.kʌ.ja.gɯ.ɾɛ]
귀찮게 안 할게요,21,[kwi.tʃʰaŋ.ke.an.hal.ke.jo],[gwi.tʃʰaŋ.ke.an.hal.ke.jo]
있고 놓아줄,21,[it̚.ko.not̚.a.tʃul],[it̚.ko.not̚.a.dʒul]
있고 놓아줄 수,21,[it̚.ko.not̚.a.tʃul.su],[it̚.ko.not̚.a.dʒul.su]
안내해 줄 거야,21,[an.nɛ.hɛ.tʃul.kʌ.ja],[an.nɛ.hɛ.dʒul.gʌ.ja]
사람 생각은,21,[sa.ɾam.sɛŋ.kak̚.ɯn],[sa.ɾam.sɛŋ.gak̚.ɯn]
세계 평화를,21,[se.kje.pʰjʌŋ.hwa.ɾɯl],[se.gje.pʰjʌŋ.hwa.ɾɯl]
on January,21,,
내가 아빠한테,21,[nɛ.ka.a.p͈a.han.tʰe],[nɛ.ga.a.p͈a.han.tʰe]
그는 괜찮은,21,[kɯ.nɯŋ.kwɛn.tʃʰan.ɯn],[gɯ.nɯn.gwɛn.tʃʰan.ɯn]
아직 못 봤습니다,21,[a.tʃik̚.mot̚.pwat̚.sɯp̚.ni.ta],[a.dʒik̚.mot̚.bwat̚.sɯp̚.ni.da]
다른 관점을,21,[ta.ɾɯŋ.kwan.tʃʌm.ɯl],[da.ɾɯn.gwan.tʃʌm.ɯl]
원하는 것보다,21,[wʌn.ha.nɯŋ.kʌt̚.po.ta],[wʌn.ha.nɯn.gʌt̚.po.da]
난 최대한,21,[nan.tʃʰwe.tɛ.han],[nan.tʃʰwe.dɛ.han]
걸린 현상금은,21,[kʌl.ɾin.hjʌn.saŋ.kɯm.ɯn],[gʌl.ɾin.hjʌn.saŋ.gɯm.ɯn]
살 거요,21,[sal.kʌ.jo],[sal.gʌ.jo]
안녕 무슨 일이야,21,[an.njʌŋ.mu.sɯn.il.i.ja],[an.njʌŋ.mu.sɯn.il.i.ja]
언제 할 거야,21,[ʌn.tʃe.hal.kʌ.ja],[ʌn.tʃe.hal.gʌ.ja]
너 같은 놈들이,21,[nʌ.kat̚.ɯn.non.tɯl.i],[nʌ.gat̚.ɯn.non.tɯl.i]
푸시 푸시 뱅,21,[pʰu.si.pʰu.si.pɛŋ],[pʰu.si.pʰu.si.bɛŋ]
기분이 별로 안,21,[ki.pun.i.pjʌl.ɾo.an],[gi.bun.i.bjʌl.ɾo.an]
살 소녀가,21,[sal.so.njʌ.ka],[sal.so.njʌ.ga]
그럼 설마,21,[kɯ.ɾʌm.sʌl.ma],[gɯ.ɾʌm.sʌl.ma]
어떤 식으로요,21,[ʌ.t͈ʌn.sik̚.ɯ.ɾo.jo],[ʌ.t͈ʌn.sik̚.ɯ.ɾo.jo]
있고요 네,21,[it̚.ko.jo.ne],[it̚.ko.jo.ne]
같아 어서,21,[kat̚.a.ʌ.sʌ],[gat̚.a.ʌ.sʌ]
일이 있었 니,21,[il.i.it̚.ʌt̚.ni],[il.i.it̚.ʌt̚.ni]
일이 있었게,21,[il.i.it̚.ʌt̚.ke],[il.i.it̚.ʌt̚.ke]
나쁜 일들이,21,[na.p͈ɯn.il.tɯl.i],[na.p͈ɯn.il.tɯl.i]
언급할 수,21,[ʌŋ.kɯp̚.hal.su],[ʌŋ.kɯp̚.hal.su]
것이 이,21,[kʌt̚.i.i],[gʌt̚.i.i]
가서 그의,21,[ka.sʌ.kɯ.ɯi],[ga.sʌ.gɯ.ɯi]
원하는 경우,21,[wʌn.ha.nɯŋ.kjʌŋ.u],[wʌn.ha.nɯn.gjʌŋ.u]
사람 있는,21,[sa.ɾam.it̚.nɯn],[sa.ɾam.it̚.nɯn]
있어서 좋아요,21,[it̚.ʌ.sʌ.tʃot̚.a.jo],[it̚.ʌ.sʌ.dʒot̚.a.jo]
난 걜,21,[naŋ.kjɛl],[nan.gjɛl]
같은 목표를,21,[kat̚.ɯn.mok̚.pʰjo.ɾɯl],[gat̚.ɯn.mok̚.pʰjo.ɾɯl]
너에게 말하는,21,[nʌ.e.ke.mal.ha.nɯn],[nʌ.e.ge.mal.ha.nɯn]
저도 저,21,[tʃʌ.to.tʃʌ],[dʒʌ.do.dʒʌ]
너에게 묻고,21,[nʌ.e.ke.mut̚.ko],[nʌ.e.ge.mut̚.ko]
그 개새끼,21,[kɯ.kɛ.sɛ.k͈i],[gɯ.gɛ.sɛ.k͈i]
결국 그를,21,[kjʌl.kuk̚.kɯ.ɾɯl],[gjʌl.kuk̚.gɯ.ɾɯl]
내가 저런,21,[nɛ.ka.tʃʌ.ɾʌn],[nɛ.ga.dʒʌ.ɾʌn]
차리는 게,21,[tʃʰa.ɾi.nɯŋ.ke],[tʃʰa.ɾi.nɯn.ge]
안 가져가,21,[aŋ.ka.tʃjʌ.ka],[an.ga.dʒjʌ.ga]
이해 못 하겠지,21,[i.hɛ.mot̚.ha.ket̚.tʃi],[i.hɛ.mot̚.ha.get̚.tʃi]
그녀를 잃을,21,[kɯ.njʌ.ɾɯl.il.ɯl],[gɯ.njʌ.ɾɯl.il.ɯl]
너에게 주는,21,[nʌ.e.ke.tʃu.nɯn],[nʌ.e.ge.dʒu.nɯn]
그리고 반드시,21,[kɯ.ɾi.ko.pan.tɯ.si],[gɯ.ɾi.go.ban.tɯ.si]
고맙습니다 여기,21,[ko.map̚.sɯp̚.ni.ta.jʌ.ki],[go.map̚.sɯp̚.ni.da.jʌ.gi]
살아야 하니까,21,[sal.a.ja.ha.ni.k͈a],[sal.a.ja.ha.ni.k͈a]
없어 그래서 내가,21,[ʌp̚.ʌ.kɯ.ɾɛ.sʌ.nɛ.ka],[ʌp̚.ʌ.gɯ.ɾɛ.sʌ.nɛ.ga]
사람 집,21,[sa.ɾan.tʃip̚],[sa.ɾam.dʒip̚]
절대 싫어요,21,[tʃʌl.tɛ.sil.ʌ.jo],[dʒʌl.tɛ.sil.ʌ.jo]
그럼 쉬세요,21,[kɯ.ɾʌm.swi.se.jo],[gɯ.ɾʌm.swi.se.jo]
Do what you,21,,
엄마 노릇을,21,[ʌm.ma.no.ɾɯt̚.ɯl],[ʌm.ma.no.ɾɯt̚.ɯl]
나올 것 같은데,21,[na.ol.kʌt̚.kat̚.ɯn.te],[na.ol.gʌt̚.gat̚.ɯn.te]
came up,21,,
버틸 수 있을까요,21,[pʌ.tʰil.su.it̚.ɯl.k͈a.jo],[bʌ.tʰil.su.it̚.ɯl.k͈a.jo]
According to,21,,
너와 함께 있어,21,[nʌ.wa.ham.k͈e.it̚.ʌ],[nʌ.wa.ham.k͈e.it̚.ʌ]
구멍을 뚫어,21,[ku.mʌŋ.ɯl.t͈ul.ʌ],[gu.mʌŋ.ɯl.t͈ul.ʌ]
막을 수 있는 유일한,21,[mak̚.ɯl.su.it̚.nɯn.ju.il.han],[mak̚.ɯl.su.it̚.nɯn.ju.il.han]
차 태워,21,[tʃʰa.tʰɛ.wʌ],[tʃʰa.tʰɛ.wʌ]
들 테니까,21,[tɯl.tʰe.ni.k͈a],[dɯl.tʰe.ni.k͈a]
겁을 줘,21,[kʌp̚.ɯl.tʃwʌ],[gʌp̚.ɯl.dʒwʌ]
박살 냈어,21,[pak̚.sal.lɛt̚.ʌ],[bak̚.sal.lɛt̚.ʌ]
can I do,21,,
살인 용의자로,21,[sal.in.joŋ.ɯi.tʃa.ɾo],[sal.in.joŋ.ɯi.dʒa.ɾo]
기습 공격,21,[ki.sɯp̚.koŋ.kjʌk̚],[gi.sɯp̚.goŋ.gjʌk̚]
그 고통은,21,[kɯ.ko.tʰoŋ.ɯn],[gɯ.go.tʰoŋ.ɯn]
얼마나 노력했는지,21,[ʌl.ma.na.no.ɾjʌk̚.hɛt̚.nɯn.tʃi],[ʌl.ma.na.no.ɾjʌk̚.hɛt̚.nɯn.tʃi]
지켜주고 있어,21,[tʃi.kʰjʌ.tʃu.ko.it̚.ʌ],[dʒi.kʰjʌ.dʒu.go.it̚.ʌ]
이해가 안되는,21,[i.hɛ.ka.an.twe.nɯn],[i.hɛ.ga.an.twe.nɯn]
죽을 것처럼,21,[tʃuk̚.ɯl.kʌt̚.tʃʰʌ.ɾʌm],[dʒuk̚.ɯl.gʌt̚.tʃʰʌ.ɾʌm]
소식이 들어오는,21,[so.sik̚.i.tɯl.ʌ.o.nɯn],[so.sik̚.i.dɯl.ʌ.o.nɯn]
무슨 문제 있습니까,21,[mu.sɯn.mun.tʃe.it̚.sɯp̚.ni.k͈a],[mu.sɯn.mun.tʃe.it̚.sɯp̚.ni.k͈a]
거 제대로,21,[kʌ.tʃe.tɛ.ɾo],[gʌ.dʒe.dɛ.ɾo]
엄마 거야,21,[ʌm.ma.kʌ.ja],[ʌm.ma.gʌ.ja]
소식을 알려,21,[so.sik̚.ɯl.al.ɾjʌ],[so.sik̚.ɯl.al.ɾjʌ]
살펴보는 게,21,[sal.pʰjʌ.po.nɯŋ.ke],[sal.pʰjʌ.bo.nɯn.ge]
어떻게 되가고 있어,21,[ʌ.t͈ʌt̚.ke.twe.ka.ko.it̚.ʌ],[ʌ.t͈ʌt̚.ke.dwe.ga.go.it̚.ʌ]
걸 축하해요,21,[kʌl.tʃʰuk̚.ha.hɛ.jo],[gʌl.tʃʰuk̚.ha.hɛ.jo]
고객 명단을,21,[ko.kɛk̚.mjʌŋ.tan.ɯl],[go.gɛk̚.mjʌŋ.dan.ɯl]
몰라요 아직,21,[mol.ɾa.jo.a.tʃik̚],[mol.ɾa.jo.a.dʒik̚]
쓰는 거요,21,[s͈ɯ.nɯŋ.kʌ.jo],[s͈ɯ.nɯn.gʌ.jo]
살해한 죄로 수감됐어요,21,[sal.hɛ.han.tʃwe.ɾo.su.kan.twɛt̚.ʌ.jo],[sal.hɛ.han.dʒwe.ɾo.su.gan.twɛt̚.ʌ.jo]
집을 어떻게,21,[tʃip̚.ɯl.ʌ.t͈ʌt̚.ke],[dʒip̚.ɯl.ʌ.t͈ʌt̚.ke]
It is a,21,,
너 누군지,21,[nʌ.nu.kun.tʃi],[nʌ.nu.gun.tʃi]
있는 걸 알아요,21,[it̚.nɯŋ.kʌl.al.a.jo],[it̚.nɯn.gʌl.al.a.jo]
질문 있으세요,21,[tʃil.mun.it̚.ɯ.se.jo],[dʒil.mun.it̚.ɯ.se.jo]
months ago,21,,
사람도 아닌데,21,[sa.ɾan.to.a.nin.te],[sa.ɾan.to.a.nin.te]
더 가까워진,21,[tʌ.ka.k͈a.wʌ.tʃin],[dʌ.ga.k͈a.wʌ.dʒin]
안 보일 거야,21,[am.po.il.kʌ.ja],[an.bo.il.gʌ.ja]
구별이 안,21,[ku.pjʌl.i.an],[gu.bjʌl.i.an]
이해하지 못해요,21,[i.hɛ.ha.tʃi.mot̚.hɛ.jo],[i.hɛ.ha.dʒi.mot̚.hɛ.jo]
너한테 묻는,21,[nʌ.han.tʰe.mut̚.nɯn],[nʌ.han.tʰe.mut̚.nɯn]
집을 위해,21,[tʃip̚.ɯl.wi.hɛ],[dʒip̚.ɯl.wi.hɛ]
삼 일,21,[sam.il],[sam.il]
만약 당신이 나를,21,[man.jak̚.taŋ.sin.i.na.ɾɯl],[man.jak̚.daŋ.sin.i.na.ɾɯl]
여러분 내가,21,[jʌ.ɾʌ.pun.nɛ.ka],[jʌ.ɾʌ.bun.nɛ.ga]
삼을 거야,21,[sam.ɯl.kʌ.ja],[sam.ɯl.gʌ.ja]
하고 있었잖아,21,[ha.ko.it̚.ʌt̚.tʃan.a],[ha.go.it̚.ʌt̚.tʃan.a]
안된다고만 했습니다,21,[an.twen.ta.ko.man.hɛt̚.sɯp̚.ni.ta],[an.twen.ta.go.man.hɛt̚.sɯp̚.ni.da]
퍼지기 전에,21,[pʰʌ.tʃi.ki.tʃʌn.e],[pʰʌ.dʒi.gi.dʒʌn.e]
상관 안 할,21,[saŋ.kwan.an.hal],[saŋ.gwan.an.hal]
맞질 않아,21,[mat̚.tʃil.an.a],[mat̚.tʃil.an.a]
마무리 좀,21,[ma.mu.ɾi.tʃom],[ma.mu.ɾi.dʒom]
뭐가 옳고,21,[mwʌ.ka.ol.ko],[mwʌ.ga.ol.ko]
상관없어요 내가,21,[saŋ.kwan.ʌp̚.ʌ.jo.nɛ.ka],[saŋ.gwan.ʌp̚.ʌ.jo.nɛ.ga]
너 둘,21,[nʌ.tul],[nʌ.dul]
죽음이 헛되지,21,[tʃuk̚.ɯm.i.hʌt̚.twe.tʃi],[dʒuk̚.ɯm.i.hʌt̚.twe.dʒi]
내가 미안하다,21,[nɛ.ka.mi.an.ha.ta],[nɛ.ga.mi.an.ha.da]
정신 나갔니,21,[tʃʌŋ.sin.na.kat̚.ni],[dʒʌŋ.sin.na.gat̚.ni]
전 평범한,21,[tʃʌm.pʰjʌm.pʌm.han],[dʒʌm.pʰjʌŋ.bʌm.han]
너 때문에 이렇게,21,[nʌ.t͈ɛ.mun.e.i.ɾʌt̚.ke],[nʌ.t͈ɛ.mun.e.i.ɾʌt̚.ke]
안 봤다고,21,[am.pwat̚.ta.ko],[an.bwat̚.ta.go]
그 남자 은퇴엔,21,[kɯ.nan.tʃa.ɯn.tʰwe.en],[gɯ.nan.tʃa.ɯn.tʰwe.en]
it to the,21,,
원하지 않기,21,[wʌn.ha.tʃi.aŋ.ki],[wʌn.ha.dʒi.aŋ.ki]
원하지 않는 것,21,[wʌn.ha.tʃi.an.nɯŋ.kʌt̚],[wʌn.ha.dʒi.an.nɯn.gʌt̚]
너 때문이지,21,[nʌ.t͈ɛ.mun.i.tʃi],[nʌ.t͈ɛ.mun.i.dʒi]
당신을 만나기 위해,21,[taŋ.sin.ɯl.man.na.ki.wi.hɛ],[daŋ.sin.ɯl.man.na.gi.wi.hɛ]
표식을 빚졌어,21,[pʰjo.sik̚.ɯl.pit̚.tʃjʌt̚.ʌ],[pʰjo.sik̚.ɯl.bit̚.tʃjʌt̚.ʌ]
애는 왜,21,[ɛ.nɯn.wɛ],[ɛ.nɯn.wɛ]
안에 누군가,21,[an.e.nu.kuŋ.ka],[an.e.nu.guŋ.ka]
같아 잘됐네,21,[kat̚.a.tʃal.twɛt̚.ne],[gat̚.a.dʒal.twɛt̚.ne]
얻고 있습니다,21,[ʌt̚.ko.it̚.sɯp̚.ni.ta],[ʌt̚.ko.it̚.sɯp̚.ni.da]
도움을 청하고,21,[to.um.ɯl.tʃʰʌŋ.ha.ko],[do.um.ɯl.tʃʰʌŋ.ha.go]
난 갈거야,21,[naŋ.kal.kʌ.ja],[nan.gal.kʌ.ja]
바지에 똥,21,[pa.tʃi.e.t͈oŋ],[ba.dʒi.e.t͈oŋ]
공연 중에,21,[koŋ.jʌn.tʃuŋ.e],[goŋ.jʌn.dʒuŋ.e]
줘 아직,21,[tʃwʌ.a.tʃik̚],[dʒwʌ.a.dʒik̚]
learn to,21,,
겁니다 대통령님,21,[kʌp̚.ni.ta.tɛ.tʰoŋ.ɾjʌŋ.nim],[gʌp̚.ni.da.dɛ.tʰoŋ.ɾjʌŋ.nim]
어디 있었냐고,21,[ʌ.ti.it̚.ʌt̚.nja.ko],[ʌ.di.it̚.ʌt̚.nja.go]
하지만 뭐요,21,[ha.tʃi.man.mwʌ.jo],[ha.dʒi.man.mwʌ.jo]
말 끝났어,21,[mal.k͈ɯt̚.nat̚.ʌ],[mal.k͈ɯt̚.nat̚.ʌ]
can handle,21,,
일이든 일어날,21,[il.i.tɯn.il.ʌ.nal],[il.i.dɯn.il.ʌ.nal]
친구를 많이,21,[tʃʰiŋ.ku.ɾɯl.man.i],[tʃʰiŋ.ku.ɾɯl.man.i]
문이 닫혀,21,[mun.i.tat̚.hjʌ],[mun.i.dat̚.hjʌ]
부정할 수 없는,21,[pu.tʃʌŋ.hal.su.ʌp̚.nɯn],[bu.dʒʌŋ.hal.su.ʌp̚.nɯn]
사람들도 많이,21,[sa.ɾan.tɯl.to.man.i],[sa.ɾan.tɯl.to.man.i]
같은 일을 하는,21,[kat̚.ɯn.il.ɯl.ha.nɯn],[gat̚.ɯn.il.ɯl.ha.nɯn]
구역에 있는,21,[ku.jʌk̚.e.it̚.nɯn],[gu.jʌk̚.e.it̚.nɯn]
결혼반지를 끼고,21,[kjʌl.hom.pan.tʃi.ɾɯl.k͈i.ko],[gjʌl.hom.pan.tʃi.ɾɯl.k͈i.go]
너흰 다,21,[nʌ.hɯin.ta],[nʌ.hɯin.da]
하진 않겠지,21,[ha.tʃin.aŋ.ket̚.tʃi],[ha.dʒin.aŋ.ket̚.tʃi]
걸지 마세요,21,[kʌl.tʃi.ma.se.jo],[gʌl.tʃi.ma.se.jo]
사람들로 가득,21,[sa.ɾan.tɯl.ɾo.ka.tɯk̚],[sa.ɾan.tɯl.ɾo.ga.dɯk̚]
상황을 고려하면,21,[saŋ.hwaŋ.ɯl.ko.ɾjʌ.ha.mjʌn],[saŋ.hwaŋ.ɯl.go.ɾjʌ.ha.mjʌn]
어떤 여자한테,21,[ʌ.t͈ʌn.jʌ.tʃa.han.tʰe],[ʌ.t͈ʌn.jʌ.dʒa.han.tʰe]
제일 좋았어,21,[tʃe.il.tʃot̚.at̚.ʌ],[dʒe.il.dʒot̚.at̚.ʌ]
죽이면 내가,21,[tʃuk̚.i.mjʌn.nɛ.ka],[dʒuk̚.i.mjʌn.nɛ.ga]
오래 못 갈,21,[o.ɾɛ.mot̚.kal],[o.ɾɛ.mot̚.gal]
안 사도,21,[an.sa.to],[an.sa.do]
아직 태어나지도,21,[a.tʃik̚.tʰɛ.ʌ.na.tʃi.to],[a.dʒik̚.tʰɛ.ʌ.na.dʒi.do]
오래 걸릴까,21,[o.ɾɛ.kʌl.ɾil.k͈a],[o.ɾɛ.gʌl.ɾil.k͈a]
a werewolf,21,,
이상인 것,21,[i.saŋ.iŋ.kʌt̚],[i.saŋ.in.gʌt̚]
사람들에게 진실을,21,[sa.ɾan.tɯl.e.ke.tʃin.sil.ɯl],[sa.ɾan.tɯl.e.ge.dʒin.sil.ɯl]
깨닫지 못하고,21,[k͈ɛ.tat̚.tʃi.mot̚.ha.ko],[k͈ɛ.dat̚.tʃi.mot̚.ha.go]
있는 이야기입니다,21,[it̚.nɯn.i.ja.ki.ip̚.ni.ta],[it̚.nɯn.i.ja.gi.ip̚.ni.da]
시키는 일은,21,[si.kʰi.nɯn.il.ɯn],[si.kʰi.nɯn.il.ɯn]
해 프랭크,21,[hɛ.pʰɯ.ɾɛŋ.kʰɯ],[hɛ.pʰɯ.ɾɛŋ.kʰɯ]
넌 그렇게 안할거야,21,[nʌŋ.kɯ.ɾʌt̚.ke.an.hal.kʌ.ja],[nʌn.gɯ.ɾʌt̚.ke.an.hal.kʌ.ja]
있는 일이잖아,21,[it̚.nɯn.il.i.tʃan.a],[it̚.nɯn.il.i.dʒan.a]
차에 불을,21,[tʃʰa.e.pul.ɯl],[tʃʰa.e.bul.ɯl]
있어요 잘됐네,21,[it̚.ʌ.jo.tʃal.twɛt̚.ne],[it̚.ʌ.jo.dʒal.twɛt̚.ne]
안으로 들어갔어요,21,[an.ɯ.ɾo.tɯl.ʌ.kat̚.ʌ.jo],[an.ɯ.ɾo.dɯl.ʌ.gat̚.ʌ.jo]
사람들은 너를,21,[sa.ɾan.tɯl.ɯn.nʌ.ɾɯl],[sa.ɾan.tɯl.ɯn.nʌ.ɾɯl]
한 마디면,21,[han.ma.ti.mjʌn],[han.ma.di.mjʌn]
죽인 자를 찾아냈지만,21,[tʃuk̚.in.tʃa.ɾɯl.tʃʰat̚.a.nɛt̚.tʃi.man],[dʒuk̚.in.dʒa.ɾɯl.tʃʰat̚.a.nɛt̚.tʃi.man]
건 사람은,21,[kʌn.sa.ɾam.ɯn],[gʌn.sa.ɾam.ɯn]
정말 그렇게 생각하세요,21,[tʃʌŋ.mal.kɯ.ɾʌt̚.ke.sɛŋ.kak̚.ha.se.jo],[dʒʌŋ.mal.gɯ.ɾʌt̚.ke.sɛŋ.gak̚.ha.se.jo]
제가 말했어요,21,[tʃe.ka.mal.hɛt̚.ʌ.jo],[dʒe.ga.mal.hɛt̚.ʌ.jo]
나도 몰라 나는,21,[na.to.mol.ɾa.na.nɯn],[na.do.mol.ɾa.na.nɯn]
그냥 집에 가,21,[kɯ.njaŋ.tʃip̚.e.ka],[gɯ.njaŋ.dʒip̚.e.ga]
긴 것,21,[kiŋ.kʌt̚],[gin.gʌt̚]
간에 말이야,21,[kan.e.mal.i.ja],[gan.e.mal.i.ja]
저 언덕,21,[tʃʌ.ʌn.tʌk̚],[dʒʌ.ʌn.tʌk̚]
있는 책,21,[it̚.nɯn.tʃʰɛk̚],[it̚.nɯn.tʃʰɛk̚]
때가 훨씬,21,[t͈ɛ.ka.hwʌl.s͈in],[t͈ɛ.ga.hwʌl.s͈in]
말이 맞아 우리가,21,[mal.i.mat̚.a.u.ɾi.ka],[mal.i.mat̚.a.u.ɾi.ga]
넌 너희,21,[nʌn.nʌ.hɯi],[nʌn.nʌ.hɯi]
알던 사람,21,[al.tʌn.sa.ɾam],[al.tʌn.sa.ɾam]
한 일이라고,21,[han.il.i.ɾa.ko],[han.il.i.ɾa.go]
죽인 자를 찾아냈지만 그,21,[tʃuk̚.in.tʃa.ɾɯl.tʃʰat̚.a.nɛt̚.tʃi.maŋ.kɯ],[dʒuk̚.in.dʒa.ɾɯl.tʃʰat̚.a.nɛt̚.tʃi.man.gɯ]
이상하게 들리는,21,[i.saŋ.ha.ke.tɯl.ɾi.nɯn],[i.saŋ.ha.ge.dɯl.ɾi.nɯn]
대회 때,21,[tɛ.hwe.t͈ɛ],[dɛ.hwe.t͈ɛ]
원할지도 모른다,21,[wʌn.hal.tʃi.to.mo.ɾɯn.ta],[wʌn.hal.tʃi.do.mo.ɾɯn.ta]
부인 내가,21,[pu.in.nɛ.ka],[bu.in.nɛ.ga]
사람들은 여기,21,[sa.ɾan.tɯl.ɯn.jʌ.ki],[sa.ɾan.tɯl.ɯn.jʌ.gi]
만회하기 위해,21,[man.hwe.ha.ki.wi.hɛ],[man.hwe.ha.gi.wi.hɛ]
대신에 말이야,21,[tɛ.sin.e.mal.i.ja],[dɛ.sin.e.mal.i.ja]
볼 거니까,21,[pol.kʌ.ni.k͈a],[bol.gʌ.ni.k͈a]
틀 거야,21,[tʰɯl.kʌ.ja],[tʰɯl.gʌ.ja]
들어갈 수 없습니다,21,[tɯl.ʌ.kal.su.ʌp̚.sɯp̚.ni.ta],[dɯl.ʌ.gal.su.ʌp̚.sɯp̚.ni.da]
없는데요 그럼,21,[ʌp̚.nɯn.te.jo.kɯ.ɾʌm],[ʌp̚.nɯn.te.jo.gɯ.ɾʌm]
나 가야돼,21,[na.ka.ja.twɛ],[na.ga.ja.dwɛ]
and I want,21,,
부부 사이에,21,[pu.pu.sa.i.e],[bu.bu.sa.i.e]
적응하는 데,21,[tʃʌk̚.ɯŋ.ha.nɯn.te],[dʒʌk̚.ɯŋ.ha.nɯn.de]
보시는 바와,21,[po.si.nɯm.pa.wa],[bo.si.nɯn.ba.wa]
적응할 시간이,21,[tʃʌk̚.ɯŋ.hal.si.kan.i],[dʒʌk̚.ɯŋ.hal.si.gan.i]
생각 안 해도,21,[sɛŋ.kak̚.an.hɛ.to],[sɛŋ.gak̚.an.hɛ.do]
혈액 검사 결과,21,[hjʌl.ɛk̚.kʌm.sa.kjʌl.kwa],[hjʌl.ɛk̚.gʌm.sa.gjʌl.kwa]
넌 반드시,21,[nʌm.pan.tɯ.si],[nʌn.ban.tɯ.si]
진짜 좋아하는데,21,[tʃin.tʃ͈a.tʃot̚.a.ha.nɯn.te],[dʒin.tʃ͈a.dʒot̚.a.ha.nɯn.te]
생각 하는 거야,21,[sɛŋ.kak̚.ha.nɯŋ.kʌ.ja],[sɛŋ.gak̚.ha.nɯn.gʌ.ja]
오래 함께,21,[o.ɾɛ.ham.k͈e],[o.ɾɛ.ham.k͈e]
질문을 해도 될까요,21,[tʃil.mun.ɯl.hɛ.to.twel.k͈a.jo],[dʒil.mun.ɯl.hɛ.do.dwel.k͈a.jo]
이래야 해,21,[i.ɾɛ.ja.hɛ],[i.ɾɛ.ja.hɛ]
너는 한,21,[nʌ.nɯn.han],[nʌ.nɯn.han]
안 그래도 되는데,21,[aŋ.kɯ.ɾɛ.to.twe.nɯn.te],[an.gɯ.ɾɛ.do.dwe.nɯn.te]
너 안에,21,[nʌ.an.e],[nʌ.an.e]
안 써도 돼요,21,[an.s͈ʌ.to.twɛ.jo],[an.s͈ʌ.do.dwɛ.jo]
무슨 생각으로 그런건가,21,[mu.sɯn.sɛŋ.kak̚.ɯ.ɾo.kɯ.ɾʌŋ.kʌŋ.ka],[mu.sɯn.sɛŋ.gak̚.ɯ.ɾo.gɯ.ɾʌŋ.kʌŋ.ka]
속력을 이용해서 범죄와 싸우고,21,[sok̚.ɾjʌk̚.ɯl.i.joŋ.hɛ.sʌ.pʌn.tʃwe.wa.s͈a.u.ko],[sok̚.ɾjʌk̚.ɯl.i.joŋ.hɛ.sʌ.bʌn.tʃwe.wa.s͈a.u.go]
사람들 진짜,21,[sa.ɾan.tɯl.tʃin.tʃ͈a],[sa.ɾan.tɯl.dʒin.tʃ͈a]
항상 그걸,21,[haŋ.saŋ.kɯ.kʌl],[haŋ.saŋ.gɯ.gʌl]
확신하고 있습니다,21,[hwak̚.sin.ha.ko.it̚.sɯp̚.ni.ta],[hwak̚.sin.ha.go.it̚.sɯp̚.ni.da]
생각엔 내,21,[sɛŋ.kak̚.en.nɛ],[sɛŋ.gak̚.en.nɛ]
년 후'',21,[njʌn.hu],[njʌn.hu]
그 말이 맞을지도,21,[kɯ.mal.i.mat̚.ɯl.tʃi.to],[gɯ.mal.i.mat̚.ɯl.tʃi.do]
긴 세월을,21,[kin.se.wʌl.ɯl],[gin.se.wʌl.ɯl]
무슨 소린지 모르겠군요,21,[mu.sɯn.so.ɾin.tʃi.mo.ɾɯ.ket̚.kun.jo],[mu.sɯn.so.ɾin.tʃi.mo.ɾɯ.get̚.kun.jo]
하지만 당신들은,21,[ha.tʃi.man.taŋ.sin.tɯl.ɯn],[ha.dʒi.man.daŋ.sin.tɯl.ɯn]
기사를 읽었는데,21,[ki.sa.ɾɯl.ik̚.ʌt̚.nɯn.te],[gi.sa.ɾɯl.ik̚.ʌt̚.nɯn.te]
사람들을 죽였어요,21,[sa.ɾan.tɯl.ɯl.tʃuk̚.jʌt̚.ʌ.jo],[sa.ɾan.tɯl.ɯl.dʒuk̚.jʌt̚.ʌ.jo]
너 얼굴이 왜,21,[nʌ.ʌl.kul.i.wɛ],[nʌ.ʌl.kul.i.wɛ]
앉아 계시면,21,[an.a.kje.si.mjʌn],[an.a.gje.si.mjʌn]
같은데 잠깐,21,[kat̚.ɯn.te.tʃam.k͈an],[gat̚.ɯn.te.dʒam.k͈an]
사람들을 지키는,21,[sa.ɾan.tɯl.ɯl.tʃi.kʰi.nɯn],[sa.ɾan.tɯl.ɯl.dʒi.kʰi.nɯn]
시간도 얼마,21,[si.kan.to.ʌl.ma],[si.gan.to.ʌl.ma]
준다고 하면,21,[tʃun.ta.ko.ha.mjʌn],[dʒun.ta.go.ha.mjʌn]
사람들을 찾을,21,[sa.ɾan.tɯl.ɯl.tʃʰat̚.ɯl],[sa.ɾan.tɯl.ɯl.tʃʰat̚.ɯl]
마시고 있었다,21,[ma.si.ko.it̚.ʌt̚.ta],[ma.si.go.it̚.ʌt̚.ta]
생각이 든,21,[sɛŋ.kak̚.i.tɯn],[sɛŋ.gak̚.i.dɯn]
어떤 친구,21,[ʌ.t͈ʌn.tʃʰiŋ.ku],[ʌ.t͈ʌn.tʃʰiŋ.ku]
번 묻지,21,[pʌn.mut̚.tʃi],[bʌn.mut̚.tʃi]
know how you,21,,
생각이 있어서,21,[sɛŋ.kak̚.i.it̚.ʌ.sʌ],[sɛŋ.gak̚.i.it̚.ʌ.sʌ]
무슨 소원,21,[mu.sɯn.so.wʌn],[mu.sɯn.so.wʌn]
건데 이렇게,21,[kʌn.te.i.ɾʌt̚.ke],[gʌn.te.i.ɾʌt̚.ke]
뭐라 그랬지,21,[mwʌ.ɾa.kɯ.ɾɛt̚.tʃi],[mwʌ.ɾa.gɯ.ɾɛt̚.tʃi]
좀 풀어 줘,21,[tʃom.pʰul.ʌ.tʃwʌ],[dʒom.pʰul.ʌ.dʒwʌ]
집중하는 데,21,[tʃip̚.tʃuŋ.ha.nɯn.te],[dʒip̚.tʃuŋ.ha.nɯn.de]
만 불을,21,[mam.pul.ɯl],[man.bul.ɯl]
생각하게 돼요,21,[sɛŋ.kak̚.ha.ke.twɛ.jo],[sɛŋ.gak̚.ha.ge.dwɛ.jo]
And this is,21,,
월 초에,21,[wʌl.tʃʰo.e],[wʌl.tʃʰo.e]
일인 것처럼,21,[il.iŋ.kʌt̚.tʃʰʌ.ɾʌm],[il.in.gʌt̚.tʃʰʌ.ɾʌm]
제가 무슨 일을,21,[tʃe.ka.mu.sɯn.il.ɯl],[dʒe.ga.mu.sɯn.il.ɯl]
그 목적이,21,[kɯ.mok̚.tʃʌk̚.i],[gɯ.mok̚.tʃʌk̚.i]
한다 지금,21,[han.ta.tʃi.kɯm],[han.ta.dʒi.gɯm]
넌 인생을,21,[nʌn.in.sɛŋ.ɯl],[nʌn.in.sɛŋ.ɯl]
사람들이 거기,21,[sa.ɾan.tɯl.i.kʌ.ki],[sa.ɾan.tɯl.i.gʌ.gi]
있다 당신,21,[it̚.ta.taŋ.sin],[it̚.ta.daŋ.sin]
같은데요 왜,21,[kat̚.ɯn.te.jo.wɛ],[gat̚.ɯn.te.jo.wɛ]
동이 트기,21,[toŋ.i.tʰɯ.ki],[doŋ.i.tʰɯ.gi]
앉아서 얘기,21,[an.a.sʌ.jɛ.ki],[an.a.sʌ.jɛ.gi]
만 정도,21,[man.tʃʌŋ.to],[man.dʒʌŋ.do]
준비가 되어 있어야,21,[tʃum.pi.ka.twe.ʌ.it̚.ʌ.ja],[dʒum.pi.ga.dwe.ʌ.it̚.ʌ.ja]
찾으러 온 거야,21,[tʃʰat̚.ɯ.ɾʌ.oŋ.kʌ.ja],[tʃʰat̚.ɯ.ɾʌ.on.gʌ.ja]
있는지 확인할,21,[it̚.nɯn.tʃi.hwak̚.in.hal],[it̚.nɯn.tʃi.hwak̚.in.hal]
부부가 되었음을 선언합니다,21,[pu.pu.ka.twe.ʌt̚.ɯm.ɯl.sʌn.ʌn.hap̚.ni.ta],[bu.bu.ga.dwe.ʌt̚.ɯm.ɯl.sʌn.ʌn.hap̚.ni.da]
없는지 확인해,21,[ʌp̚.nɯn.tʃi.hwak̚.in.hɛ],[ʌp̚.nɯn.tʃi.hwak̚.in.hɛ]
세상에 날,21,[se.saŋ.e.nal],[se.saŋ.e.nal]
무슨 상관이오,21,[mu.sɯn.saŋ.kwan.i.o],[mu.sɯn.saŋ.gwan.i.o]
어떤지 몰라도 난,21,[ʌ.t͈ʌn.tʃi.mol.ɾa.to.nan],[ʌ.t͈ʌn.tʃi.mol.ɾa.do.nan]
안 그러면 네,21,[aŋ.kɯ.ɾʌ.mjʌn.ne],[an.gɯ.ɾʌ.mjʌn.ne]
베로니카 베로니카,21,[pe.ɾo.ni.kʰa.pe.ɾo.ni.kʰa],[be.ɾo.ni.kʰa.be.ɾo.ni.kʰa]
너 왜 그렇게,21,[nʌ.wɛ.kɯ.ɾʌt̚.ke],[nʌ.wɛ.gɯ.ɾʌt̚.ke]
생각한다는 걸,21,[sɛŋ.kak̚.han.ta.nɯŋ.kʌl],[sɛŋ.gak̚.han.ta.nɯn.gʌl]
기억나지 않지만,21,[ki.ʌk̚.na.tʃi.an.tʃi.man],[gi.ʌk̚.na.dʒi.an.tʃi.man]
같이 가겠어,21,[kat̚.i.ka.ket̚.ʌ],[gat̚.i.ga.get̚.ʌ]
됐다 하지만,21,[twɛt̚.ta.ha.tʃi.man],[dwɛt̚.ta.ha.dʒi.man]
일인지 설명,21,[il.in.tʃi.sʌl.mjʌŋ],[il.in.tʃi.sʌl.mjʌŋ]
생각해 보라,21,[sɛŋ.kak̚.hɛ.po.ɾa],[sɛŋ.gak̚.hɛ.bo.ɾa]
집중해야 합니다,21,[tʃip̚.tʃuŋ.hɛ.ja.hap̚.ni.ta],[dʒip̚.tʃuŋ.hɛ.ja.hap̚.ni.da]
끌 테니,21,[k͈ɯl.tʰe.ni],[k͈ɯl.tʰe.ni]
얘기를 하니,21,[jɛ.ki.ɾɯl.ha.ni],[jɛ.gi.ɾɯl.ha.ni]
넌 학교에,21,[nʌn.hak̚.kjo.e],[nʌn.hak̚.kjo.e]
쓰여 있었죠,21,[s͈ɯ.jʌ.it̚.ʌt̚.tʃjo],[s͈ɯ.jʌ.it̚.ʌt̚.tʃjo]
검사 결과 나왔어요,21,[kʌm.sa.kjʌl.kwa.na.wat̚.ʌ.jo],[gʌm.sa.gjʌl.kwa.na.wat̚.ʌ.jo]
곳이 있어서,21,[kot̚.i.it̚.ʌ.sʌ],[got̚.i.it̚.ʌ.sʌ]
안 어울리는 것,21,[an.ʌ.ul.ɾi.nɯŋ.kʌt̚],[an.ʌ.ul.ɾi.nɯn.gʌt̚]
끌 테니까,21,[k͈ɯl.tʰe.ni.k͈a],[k͈ɯl.tʰe.ni.k͈a]
아침에 있었던,21,[a.tʃʰim.e.it̚.ʌt̚.tʌn],[a.tʃʰim.e.it̚.ʌt̚.tʌn]
생각해야 돼요,21,[sɛŋ.kak̚.hɛ.ja.twɛ.jo],[sɛŋ.gak̚.hɛ.ja.dwɛ.jo]
미리 얘기,21,[mi.ɾi.jɛ.ki],[mi.ɾi.jɛ.gi]
널 걱정하고,21,[nʌl.kʌk̚.tʃʌŋ.ha.ko],[nʌl.gʌk̚.tʃʌŋ.ha.go]
널 공격한,21,[nʌl.koŋ.kjʌk̚.han],[nʌl.goŋ.gjʌk̚.han]
그 배우,21,[kɯ.pɛ.u],[gɯ.bɛ.u]
사람들이 실제로,21,[sa.ɾan.tɯl.i.sil.tʃe.ɾo],[sa.ɾan.tɯl.i.sil.tʃe.ɾo]
이 사람들은 다,21,[i.sa.ɾan.tɯl.ɯn.ta],[i.sa.ɾan.tɯl.ɯn.da]
뭔가를 더,21,[mwʌŋ.ka.ɾɯl.tʌ],[mwʌŋ.ka.ɾɯl.dʌ]
일 없는데,21,[il.ʌp̚.nɯn.te],[il.ʌp̚.nɯn.te]
있다고 생각하시나요,21,[it̚.ta.ko.sɛŋ.kak̚.ha.si.na.jo],[it̚.ta.go.sɛŋ.gak̚.ha.si.na.jo]
많은 약을,21,[man.ɯn.jak̚.ɯl],[man.ɯn.jak̚.ɯl]
잘 돼가나,21,[tʃal.twɛ.ka.na],[dʒal.dwɛ.ga.na]
하나 있어서,21,[ha.na.it̚.ʌ.sʌ],[ha.na.it̚.ʌ.sʌ]
생겼어 이,21,[sɛŋ.kjʌt̚.ʌ.i],[sɛŋ.gjʌt̚.ʌ.i]
하지만 상황은,21,[ha.tʃi.man.saŋ.hwaŋ.ɯn],[ha.dʒi.man.saŋ.hwaŋ.ɯn]
행복하게 살아,21,[hɛm.pok̚.ha.ke.sal.a],[hɛŋ.bok̚.ha.ge.sal.a]
함께 말이야 그리고,21,[ham.k͈e.mal.i.ja.kɯ.ɾi.ko],[ham.k͈e.mal.i.ja.gɯ.ɾi.go]
웨스트 멜버른,21,[we.sɯ.tʰɯ.mel.pʌ.ɾɯn],[we.sɯ.tʰɯ.mel.pʌ.ɾɯn]
어디 한번 보죠,21,[ʌ.ti.ham.pʌm.po.tʃjo],[ʌ.di.ham.pʌn.bo.dʒjo]
끔찍할 거야,21,[k͈ɯn.tʃ͈ik̚.hal.kʌ.ja],[k͈ɯn.tʃ͈ik̚.hal.gʌ.ja]
좀 하고 있어,21,[tʃom.ha.ko.it̚.ʌ],[dʒom.ha.go.it̚.ʌ]
없어 심지어,21,[ʌp̚.ʌ.sin.tʃi.ʌ],[ʌp̚.ʌ.sin.tʃi.ʌ]
뭐라고 하던,21,[mwʌ.ɾa.ko.ha.tʌn],[mwʌ.ɾa.go.ha.dʌn]
걸 포기했어,21,[kʌl.pʰo.ki.hɛt̚.ʌ],[gʌl.pʰo.gi.hɛt̚.ʌ]
짓 그만하고,21,[tʃit̚.kɯ.man.ha.ko],[dʒit̚.gɯ.man.ha.go]
어디 또,21,[ʌ.ti.t͈o],[ʌ.di.t͈o]
사람들이 죽었다,21,[sa.ɾan.tɯl.i.tʃuk̚.ʌt̚.ta],[sa.ɾan.tɯl.i.dʒuk̚.ʌt̚.ta]
뱅 뱅 Pussy Pussy,21,[pɛm.pɛŋ],[bɛŋ.bɛŋ]
전 그녀의,21,[tʃʌŋ.kɯ.njʌ.ɯi],[dʒʌn.gɯ.njʌ.ɯi]
널 믿은,21,[nʌl.mit̚.ɯn],[nʌl.mit̚.ɯn]
사람들이 진실을,21,[sa.ɾan.tɯl.i.tʃin.sil.ɯl],[sa.ɾan.tɯl.i.dʒin.sil.ɯl]
그럼 어디에,21,[kɯ.ɾʌm.ʌ.ti.e],[gɯ.ɾʌm.ʌ.di.e]
잊을 것,21,[it̚.ɯl.kʌt̚],[it̚.ɯl.gʌt̚]
up that,21,,
사람들이 필요해,21,[sa.ɾan.tɯl.i.pʰil.jo.hɛ],[sa.ɾan.tɯl.i.pʰil.jo.hɛ]
아빠는 이제,21,[a.p͈a.nɯn.i.tʃe],[a.p͈a.nɯn.i.dʒe]
베일에 싸인,21,[pe.il.e.s͈a.in],[be.il.e.s͈a.in]
샤넬 오벌린,21,[sja.nel.o.pʌl.ɾin],[sja.nel.o.bʌl.ɾin]
많을 텐데요,21,[man.ɯl.tʰen.te.jo],[man.ɯl.tʰen.te.jo]
일 입니다,21,[il.ip̚.ni.ta],[il.ip̚.ni.da]
가끔 당신이,21,[ka.k͈ɯn.taŋ.sin.i],[ga.k͈ɯm.daŋ.sin.i]
사람만 있으면,21,[sa.ɾam.man.it̚.ɯ.mjʌn],[sa.ɾam.man.it̚.ɯ.mjʌn]
참는 거,21,[tʃʰam.nɯŋ.kʌ],[tʃʰam.nɯn.gʌ]
캘리포니아에 있는,21,[kʰɛl.ɾi.pʰo.ni.a.e.it̚.nɯn],[kʰɛl.ɾi.pʰo.ni.a.e.it̚.nɯn]
공적인 자리인가요,21,[koŋ.tʃʌk̚.in.tʃa.ɾi.iŋ.ka.jo],[goŋ.dʒʌk̚.in.dʒa.ɾi.iŋ.ka.jo]
무슨 일이 벌어질,21,[mu.sɯn.il.i.pʌl.ʌ.tʃil],[mu.sɯn.il.i.bʌl.ʌ.dʒil]
있다면 당신의,21,[it̚.ta.mjʌn.taŋ.sin.ɯi],[it̚.ta.mjʌn.daŋ.sin.ɯi]
그것을 밖으로,21,[kɯ.kʌt̚.ɯl.pak̚.ɯ.ɾo],[gɯ.gʌt̚.ɯl.bak̚.ɯ.ɾo]
안 온다,21,[an.on.ta],[an.on.ta]
So it''s all,21,,
웬 말이냐,21,[wen.mal.i.nja],[wen.mal.i.nja]
동트기 전에,21,[toŋ.tʰɯ.ki.tʃʌn.e],[doŋ.tʰɯ.gi.dʒʌn.e]
널 어떻게 믿어,21,[nʌl.ʌ.t͈ʌt̚.ke.mit̚.ʌ],[nʌl.ʌ.t͈ʌt̚.ke.mit̚.ʌ]
그래서 문제가,21,[kɯ.ɾɛ.sʌ.mun.tʃe.ka],[gɯ.ɾɛ.sʌ.mun.tʃe.ga]
계속 계속,21,[kje.sok̚.kje.sok̚],[gje.sok̚.gje.sok̚]
거야 그래야지,21,[kʌ.ja.kɯ.ɾɛ.ja.tʃi],[gʌ.ja.gɯ.ɾɛ.ja.dʒi]
같아요 계속,21,[kat̚.a.jo.kje.sok̚],[gat̚.a.jo.gje.sok̚]
변호사는 필요,21,[pjʌn.ho.sa.nɯm.pʰil.jo],[bjʌn.ho.sa.nɯm.pʰil.jo]
구하려고 했는데,21,[ku.ha.ɾjʌ.ko.hɛt̚.nɯn.te],[gu.ha.ɾjʌ.go.hɛt̚.nɯn.te]
잃게 생겼어,21,[il.ke.sɛŋ.kjʌt̚.ʌ],[il.ke.sɛŋ.gjʌt̚.ʌ]
그 사람은 그냥,21,[kɯ.sa.ɾam.ɯŋ.kɯ.njaŋ],[gɯ.sa.ɾam.ɯn.gɯ.njaŋ]
묻는 거지,21,[mut̚.nɯŋ.kʌ.tʃi],[mut̚.nɯn.gʌ.dʒi]
그 사람은 왜,21,[kɯ.sa.ɾam.ɯn.wɛ],[gɯ.sa.ɾam.ɯn.wɛ]
학교 때,21,[hak̚.kjo.t͈ɛ],[hak̚.kjo.t͈ɛ]
가지고 있는 한,21,[ka.tʃi.ko.it̚.nɯn.han],[ga.dʒi.go.it̚.nɯn.han]
Didn''t you,21,,
사람은 당신이야,21,[sa.ɾam.ɯn.taŋ.sin.i.ja],[sa.ɾam.ɯn.daŋ.sin.i.ja]
They''re watching,21,,
그런데 이상한,21,[kɯ.ɾʌn.te.i.saŋ.han],[gɯ.ɾʌn.te.i.saŋ.han]
한 번도 가본,21,[ham.pʌn.to.ka.pon],[han.bʌn.to.ga.bon]
가지고 있는거야,21,[ka.tʃi.ko.it̚.nɯŋ.kʌ.ja],[ga.dʒi.go.it̚.nɯŋ.kʌ.ja]
칠 겁니다,21,[tʃʰil.kʌp̚.ni.ta],[tʃʰil.gʌp̚.ni.da]
너 집,21,[nʌ.tʃip̚],[nʌ.dʒip̚]
구한 거지,21,[ku.haŋ.kʌ.tʃi],[gu.han.gʌ.dʒi]
대가를 치렀어,21,[tɛ.ka.ɾɯl.tʃʰi.ɾʌt̚.ʌ],[dɛ.ga.ɾɯl.tʃʰi.ɾʌt̚.ʌ]
이 사건은 최고,21,[i.sa.kʌn.ɯn.tʃʰwe.ko],[i.sa.gʌn.ɯn.tʃʰwe.go]
사람은 분명히,21,[sa.ɾam.ɯm.pun.mjʌŋ.hi],[sa.ɾam.ɯn.bun.mjʌŋ.hi]
하지만 뭔가가,21,[ha.tʃi.man.mwʌŋ.ka.ka],[ha.dʒi.man.mwʌŋ.ka.ga]
사람은 세상에,21,[sa.ɾam.ɯn.se.saŋ.e],[sa.ɾam.ɯn.se.saŋ.e]
먹지 않아도,21,[mʌk̚.tʃi.an.a.to],[mʌk̚.tʃi.an.a.do]
그 사람이 한,21,[kɯ.sa.ɾam.i.han],[gɯ.sa.ɾam.i.han]
호텔로 가서,21,[ho.tʰel.ɾo.ka.sʌ],[ho.tʰel.ɾo.ga.sʌ]
오른쪽에 있어요,21,[o.ɾɯn.tʃ͈ok̚.e.it̚.ʌ.jo],[o.ɾɯn.tʃ͈ok̚.e.it̚.ʌ.jo]
전 먼저,21,[tʃʌn.mʌn.tʃʌ],[dʒʌn.mʌn.tʃʌ]
그 사람이라면,21,[kɯ.sa.ɾam.i.ɾa.mjʌn],[gɯ.sa.ɾam.i.ɾa.mjʌn]
웰스 씨,21,[wel.sɯ.s͈i],[wel.sɯ.s͈i]
것 같아 뭐라고,21,[kʌt̚.kat̚.a.mwʌ.ɾa.ko],[gʌt̚.gat̚.a.mwʌ.ɾa.go]
저런 여자,21,[tʃʌ.ɾʌn.jʌ.tʃa],[dʒʌ.ɾʌn.jʌ.dʒa]
반경 내에,21,[paŋ.kjʌŋ.nɛ.e],[baŋ.kjʌŋ.nɛ.e]
난 결혼했어,21,[naŋ.kjʌl.hon.hɛt̚.ʌ],[nan.gjʌl.hon.hɛt̚.ʌ]
구할 거라고,21,[ku.hal.kʌ.ɾa.ko],[gu.hal.gʌ.ɾa.go]
꼭 데리러,21,[k͈ok̚.te.ɾi.ɾʌ],[k͈ok̚.de.ɾi.ɾʌ]
날 너에게 데려가네,21,[nal.lʌ.e.ke.te.ɾjʌ.ka.ne],[nal.lʌ.e.ge.de.ɾjʌ.ga.ne]
선우의 거친,21,[sʌn.u.ɯi.kʌ.tʃʰin],[sʌn.u.ɯi.gʌ.tʃʰin]
테니까 그때,21,[tʰe.ni.k͈a.kɯ.t͈ɛ],[tʰe.ni.k͈a.gɯ.t͈ɛ]
빠른 속력을 이용해서 범죄와,21,[p͈a.ɾɯn.sok̚.ɾjʌk̚.ɯl.i.joŋ.hɛ.sʌ.pʌn.tʃwe.wa],[p͈a.ɾɯn.sok̚.ɾjʌk̚.ɯl.i.joŋ.hɛ.sʌ.bʌn.tʃwe.wa]
사람은 없을 겁니다,21,[sa.ɾam.ɯn.ʌp̚.ɯl.kʌp̚.ni.ta],[sa.ɾam.ɯn.ʌp̚.ɯl.gʌp̚.ni.da]
사람은 여기서,21,[sa.ɾam.ɯn.jʌ.ki.sʌ],[sa.ɾam.ɯn.jʌ.gi.sʌ]
다음 표적을,21,[ta.ɯm.pʰjo.tʃʌk̚.ɯl],[da.ɯm.pʰjo.dʒʌk̚.ɯl]
꼭 말을,21,[k͈ok̚.mal.ɯl],[k͈ok̚.mal.ɯl]
만나고 싶어서,21,[man.na.ko.sip̚.ʌ.sʌ],[man.na.go.sip̚.ʌ.sʌ]
그럼 어제,21,[kɯ.ɾʌm.ʌ.tʃe],[gɯ.ɾʌm.ʌ.dʒe]
잘 된 거야,21,[tʃal.tweŋ.kʌ.ja],[dʒal.dwen.gʌ.ja]
저는 많은,21,[tʃʌ.nɯn.man.ɯn],[dʒʌ.nɯn.man.ɯn]
본 거 같아요,21,[poŋ.kʌ.kat̚.a.jo],[bon.gʌ.gat̚.a.jo]
사람을 죽이는 게,21,[sa.ɾam.ɯl.tʃuk̚.i.nɯŋ.ke],[sa.ɾam.ɯl.dʒuk̚.i.nɯn.ge]
설득할 거야,21,[sʌl.tɯk̚.hal.kʌ.ja],[sʌl.tɯk̚.hal.gʌ.ja]
뭐야 뭐,21,[mwʌ.ja.mwʌ],[mwʌ.ja.mwʌ]
난 오히려,21,[nan.o.hi.ɾjʌ],[nan.o.hi.ɾjʌ]
몇 년 더,21,[mjʌt̚.njʌn.tʌ],[mjʌt̚.njʌn.dʌ]
않아 다들,21,[an.a.ta.tɯl],[an.a.da.dɯl]
화난 것처럼,21,[hwa.naŋ.kʌt̚.tʃʰʌ.ɾʌm],[hwa.nan.gʌt̚.tʃʰʌ.ɾʌm]
짓도 하지 마,21,[tʃit̚.to.ha.tʃi.ma],[dʒit̚.to.ha.dʒi.ma]
네 탓을,21,[ne.tʰat̚.ɯl],[ne.tʰat̚.ɯl]
가서 얘기해 봐,21,[ka.sʌ.jɛ.ki.hɛ.pwa],[ga.sʌ.jɛ.gi.hɛ.bwa]
안 읽은,21,[an.ik̚.ɯn],[an.ik̚.ɯn]
술 먹는,21,[sul.mʌk̚.nɯn],[sul.mʌk̚.nɯn]
걸 아시잖아요,21,[kʌl.a.si.tʃan.a.jo],[gʌl.a.si.dʒan.a.jo]
그 소년의,21,[kɯ.so.njʌn.ɯi],[gɯ.so.njʌn.ɯi]
네 DNA가,21,[ne.ka],[ne.ga]
네 가슴이,21,[ne.ka.sɯm.i],[ne.ga.sɯm.i]
잘했어 고마워요,21,[tʃal.hɛt̚.ʌ.ko.ma.wʌ.jo],[dʒal.hɛt̚.ʌ.go.ma.wʌ.jo]
만나고 있었다,21,[man.na.ko.it̚.ʌt̚.ta],[man.na.go.it̚.ʌt̚.ta]
년에 걸쳐서,21,[njʌn.e.kʌl.tʃʰjʌ.sʌ],[njʌn.e.gʌl.tʃʰjʌ.sʌ]
않아 얼마나,21,[an.a.ʌl.ma.na],[an.a.ʌl.ma.na]
만일의 경우에,21,[man.il.ɯi.kjʌŋ.u.e],[man.il.ɯi.gjʌŋ.u.e]
미래에 관해,21,[mi.ɾɛ.e.kwan.hɛ],[mi.ɾɛ.e.gwan.hɛ]
것들을 모두,21,[kʌt̚.tɯl.ɯl.mo.tu],[gʌt̚.tɯl.ɯl.mo.du]
사람을 또,21,[sa.ɾam.ɯl.t͈o],[sa.ɾam.ɯl.t͈o]
같아요 다들,21,[kat̚.a.jo.ta.tɯl],[gat̚.a.jo.da.dɯl]
사람을 만나러,21,[sa.ɾam.ɯl.man.na.ɾʌ],[sa.ɾam.ɯl.man.na.ɾʌ]
일은 하고,21,[il.ɯn.ha.ko],[il.ɯn.ha.go]
꼭 여기,21,[k͈ok̚.jʌ.ki],[k͈ok̚.jʌ.gi]
사람을 만날 수,21,[sa.ɾam.ɯl.man.nal.su],[sa.ɾam.ɯl.man.nal.su]
줄도 몰라요,21,[tʃul.to.mol.ɾa.jo],[dʒul.to.mol.ɾa.jo]
멈추게 하기 위해서,21,[mʌn.tʃʰu.ke.ha.ki.wi.hɛ.sʌ],[mʌn.tʃʰu.ge.ha.gi.wi.hɛ.sʌ]
사람을 뭘로 보고,21,[sa.ɾam.ɯl.mwʌl.ɾo.po.ko],[sa.ɾam.ɯl.mwʌl.ɾo.bo.go]
사람을 믿는,21,[sa.ɾam.ɯl.mit̚.nɯn],[sa.ɾam.ɯl.mit̚.nɯn]
있잖아 아빠가,21,[it̚.tʃan.a.a.p͈a.ka],[it̚.tʃan.a.a.p͈a.ga]
성인 영화,21,[sʌŋ.in.jʌŋ.hwa],[sʌŋ.in.jʌŋ.hwa]
너가 한,21,[nʌ.ka.han],[nʌ.ga.han]
감시 카메라 영상,21,[kam.si.kʰa.me.ɾa.jʌŋ.saŋ],[gam.si.kʰa.me.ɾa.jʌŋ.saŋ]
밖에서 날,21,[pak̚.e.sʌ.nal],[bak̚.e.sʌ.nal]
아주 잘 지내요,21,[a.tʃu.tʃal.tʃi.nɛ.jo],[a.dʒu.dʒal.dʒi.nɛ.jo]
줄수 있습니까,21,[tʃul.su.it̚.sɯp̚.ni.k͈a],[dʒul.su.it̚.sɯp̚.ni.k͈a]
이렇게 사는건,21,[i.ɾʌt̚.ke.sa.nɯŋ.kʌn],[i.ɾʌt̚.ke.sa.nɯŋ.kʌn]
위치 확보,21,[wi.tʃʰi.hwak̚.po],[wi.tʃʰi.hwak̚.po]
찾는 게 좋을,21,[tʃʰat̚.nɯŋ.ke.tʃot̚.ɯl],[tʃʰat̚.nɯn.ge.dʒot̚.ɯl]
내 노력이,21,[nɛ.no.ɾjʌk̚.i],[nɛ.no.ɾjʌk̚.i]
오면 좋겠어요,21,[o.mjʌn.tʃot̚.ket̚.ʌ.jo],[o.mjʌn.dʒot̚.ket̚.ʌ.jo]
안 잊었지,21,[an.it̚.ʌt̚.tʃi],[an.it̚.ʌt̚.tʃi]
줄은 몰랐거든요,21,[tʃul.ɯn.mol.ɾat̚.kʌ.tɯn.jo],[dʒul.ɯn.mol.ɾat̚.kʌ.dɯn.jo]
대체 무슨 짓을 하는,21,[tɛ.tʃʰe.mu.sɯn.tʃit̚.ɯl.ha.nɯn],[dɛ.tʃʰe.mu.sɯn.dʒit̚.ɯl.ha.nɯn]
네 남자친구를,21,[ne.nan.tʃa.tʃʰiŋ.ku.ɾɯl],[ne.nan.tʃa.tʃʰiŋ.ku.ɾɯl]
돼 그들이,21,[twɛ.kɯ.tɯl.i],[dwɛ.gɯ.dɯl.i]
세 시간 동안,21,[se.si.kan.toŋ.an],[se.si.gan.doŋ.an]
다시 입어,21,[ta.si.ip̚.ʌ],[da.si.ip̚.ʌ]
그것을 사용하고,21,[kɯ.kʌt̚.ɯl.sa.joŋ.ha.ko],[gɯ.gʌt̚.ɯl.sa.joŋ.ha.go]
세계 곳곳에,21,[se.kje.kot̚.kot̚.e],[se.gje.got̚.kot̚.e]
이만 실례,21,[i.man.sil.ɾje],[i.man.sil.ɾje]
그 가게에서,21,[kɯ.ka.ke.e.sʌ],[gɯ.ga.ge.e.sʌ]
더는 못해,21,[tʌ.nɯn.mot̚.hɛ],[dʌ.nɯn.mot̚.hɛ]
것 같아 한,21,[kʌt̚.kat̚.a.han],[gʌt̚.gat̚.a.han]
사람을 얼마나,21,[sa.ɾam.ɯl.ʌl.ma.na],[sa.ɾam.ɯl.ʌl.ma.na]
같이 와요,21,[kat̚.i.wa.jo],[gat̚.i.wa.jo]
네 동료,21,[ne.toŋ.ɾjo],[ne.doŋ.ɾjo]
너네 아버지,21,[nʌ.ne.a.pʌ.tʃi],[nʌ.ne.a.bʌ.dʒi]
내가 정해요,21,[nɛ.ka.tʃʌŋ.hɛ.jo],[nɛ.ga.dʒʌŋ.hɛ.jo]
말은 당신은,21,[mal.ɯn.taŋ.sin.ɯn],[mal.ɯn.daŋ.sin.ɯn]
사람을 잃은,21,[sa.ɾam.ɯl.il.ɯn],[sa.ɾam.ɯl.il.ɯn]
사람을 부부로,21,[sa.ɾam.ɯl.pu.pu.ɾo],[sa.ɾam.ɯl.bu.bu.ɾo]
사람을 잡아먹는,21,[sa.ɾam.ɯl.tʃap̚.a.mʌk̚.nɯn],[sa.ɾam.ɯl.dʒap̚.a.mʌk̚.nɯn]
당신 말이 맞는,21,[taŋ.sin.mal.i.mat̚.nɯn],[daŋ.sin.mal.i.mat̚.nɯn]
만나는 거지,21,[man.na.nɯŋ.kʌ.tʃi],[man.na.nɯn.gʌ.dʒi]
너는 가지고,21,[nʌ.nɯŋ.ka.tʃi.ko],[nʌ.nɯn.ga.dʒi.go]
정보를 주지,21,[tʃʌm.po.ɾɯl.tʃu.tʃi],[dʒʌŋ.bo.ɾɯl.dʒu.dʒi]
뭐라고 하진,21,[mwʌ.ɾa.ko.ha.tʃin],[mwʌ.ɾa.go.ha.dʒin]
찾아 올,21,[tʃʰat̚.a.ol],[tʃʰat̚.a.ol]
씨 그래서,21,[s͈i.kɯ.ɾɛ.sʌ],[s͈i.gɯ.ɾɛ.sʌ]
세상에 온 걸,21,[se.saŋ.e.oŋ.kʌl],[se.saŋ.e.on.gʌl]
네 머리통을,21,[ne.mʌ.ɾi.tʰoŋ.ɯl],[ne.mʌ.ɾi.tʰoŋ.ɯl]
네 메시지 받았어,21,[ne.me.si.tʃi.pat̚.at̚.ʌ],[ne.me.si.dʒi.bat̚.at̚.ʌ]
한 말 아니에요,21,[han.mal.a.ni.e.jo],[han.mal.a.ni.e.jo]
그 애들도,21,[kɯ.ɛ.tɯl.to],[gɯ.ɛ.dɯl.to]
저를 구해,21,[tʃʌ.ɾɯl.ku.hɛ],[dʒʌ.ɾɯl.gu.hɛ]
세상을 떠났습니다,21,[se.saŋ.ɯl.t͈ʌ.nat̚.sɯp̚.ni.ta],[se.saŋ.ɯl.t͈ʌ.nat̚.sɯp̚.ni.da]
뭐 꼭,21,[mwʌ.k͈ok̚],[mwʌ.k͈ok̚]
이 세상 사람이,21,[i.se.saŋ.sa.ɾam.i],[i.se.saŋ.sa.ɾam.i]
줘요 여기,21,[tʃwʌ.jo.jʌ.ki],[dʒwʌ.jo.jʌ.gi]
그 안에 있던,21,[kɯ.an.e.it̚.tʌn],[gɯ.an.e.it̚.tʌn]
세상이 끝날 때까지,21,[se.saŋ.i.k͈ɯt̚.nal.t͈ɛ.k͈a.tʃi],[se.saŋ.i.k͈ɯt̚.nal.t͈ɛ.k͈a.dʒi]
있어 어제,21,[it̚.ʌ.ʌ.tʃe],[it̚.ʌ.ʌ.dʒe]
더는 아무도,21,[tʌ.nɯn.a.mu.to],[dʌ.nɯn.a.mu.do]
해변에 갈,21,[hɛ.pjʌn.e.kal],[hɛ.bjʌn.e.gal]
일하지 않으면,21,[il.ha.tʃi.an.ɯ.mjʌn],[il.ha.dʒi.an.ɯ.mjʌn]
다시 해봅시다,21,[ta.si.hɛ.pop̚.si.ta],[da.si.hɛ.bop̚.si.da]
있어 여러분,21,[it̚.ʌ.jʌ.ɾʌ.pun],[it̚.ʌ.jʌ.ɾʌ.bun]
일 있을,21,[il.it̚.ɯl],[il.it̚.ɯl]
사람이 좋은,21,[sa.ɾam.i.tʃot̚.ɯn],[sa.ɾam.i.dʒot̚.ɯn]
이상한 점을,21,[i.saŋ.han.tʃʌm.ɯl],[i.saŋ.han.dʒʌm.ɯl]
찾아낼 테니까,21,[tʃʰat̚.a.nɛl.tʰe.ni.k͈a],[tʃʰat̚.a.nɛl.tʰe.ni.k͈a]
있어 완전히,21,[it̚.ʌ.wan.tʃʌn.hi],[it̚.ʌ.wan.tʃʌn.hi]
사람의 눈을,21,[sa.ɾam.ɯi.nun.ɯl],[sa.ɾam.ɯi.nun.ɯl]
너는 나한테,21,[nʌ.nɯn.na.han.tʰe],[nʌ.nɯn.na.han.tʰe]
것 같아요 고마워요,21,[kʌt̚.kat̚.a.jo.ko.ma.wʌ.jo],[gʌt̚.gat̚.a.jo.go.ma.wʌ.jo]
술도 안 마시고,21,[sul.to.an.ma.si.ko],[sul.to.an.ma.si.go]
사람의 손에,21,[sa.ɾam.ɯi.son.e],[sa.ɾam.ɯi.son.e]
사람의 신원을,21,[sa.ɾam.ɯi.sin.wʌn.ɯl],[sa.ɾam.ɯi.sin.wʌn.ɯl]
어떤 얘기요,21,[ʌ.t͈ʌn.jɛ.ki.jo],[ʌ.t͈ʌn.jɛ.gi.jo]
있어 이봐요,21,[it̚.ʌ.i.pwa.jo],[it̚.ʌ.i.bwa.jo]
줘요 알겠어요,21,[tʃwʌ.jo.al.ket̚.ʌ.jo],[dʒwʌ.jo.al.ket̚.ʌ.jo]
네 상태가,21,[ne.saŋ.tʰɛ.ka],[ne.saŋ.tʰɛ.ga]
당신 사업은,21,[taŋ.sin.sa.ʌp̚.ɯn],[daŋ.sin.sa.ʌp̚.ɯn]
셋 센다,21,[set̚.sen.ta],[set̚.sen.ta]
하는 거 알죠,21,[ha.nɯŋ.kʌ.al.tʃjo],[ha.nɯn.gʌ.al.tʃjo]
않았어요 근데,21,[an.at̚.ʌ.jo.kɯn.te],[an.at̚.ʌ.jo.gɯn.te]
짓을 좀,21,[tʃit̚.ɯl.tʃom],[dʒit̚.ɯl.dʒom]
사람이 그를,21,[sa.ɾam.i.kɯ.ɾɯl],[sa.ɾam.i.gɯ.ɾɯl]
협상을 하고,21,[hjʌp̚.saŋ.ɯl.ha.ko],[hjʌp̚.saŋ.ɯl.ha.go]
있잖아 잘,21,[it̚.tʃan.a.tʃal],[it̚.tʃan.a.dʒal]
셸비 와이어트,21,[sjel.pi.wa.i.ʌ.tʰɯ],[sjel.pi.wa.i.ʌ.tʰɯ]
꼴을 봐야,21,[k͈ol.ɯl.pwa.ja],[k͈ol.ɯl.bwa.ja]
미스 페레그린,21,[mi.sɯ.pʰe.ɾe.kɯ.ɾin],[mi.sɯ.pʰe.ɾe.gɯ.ɾin]
행복한 결말을,21,[hɛm.pok̚.haŋ.kjʌl.mal.ɯl],[hɛŋ.bok̚.han.gjʌl.mal.ɯl]
자기 여자,21,[tʃa.ki.jʌ.tʃa],[dʒa.gi.jʌ.dʒa]
다신 하지 마,21,[ta.sin.ha.tʃi.ma],[da.sin.ha.dʒi.ma]
것 같아요 누가,21,[kʌt̚.kat̚.a.jo.nu.ka],[gʌt̚.gat̚.a.jo.nu.ga]
그 언니가,21,[kɯ.ʌn.ni.ka],[gɯ.ʌn.ni.ga]
to keep you,21,,
어딨는지 모르겠어,21,[ʌ.tit̚.nɯn.tʃi.mo.ɾɯ.ket̚.ʌ],[ʌ.dit̚.nɯn.tʃi.mo.ɾɯ.get̚.ʌ]
닥치라고 해,21,[tak̚.tʃʰi.ɾa.ko.hɛ],[dak̚.tʃʰi.ɾa.go.hɛ]
않았을 거요,21,[an.at̚.ɯl.kʌ.jo],[an.at̚.ɯl.gʌ.jo]
무슨 소리하는거야,21,[mu.sɯn.so.ɾi.ha.nɯŋ.kʌ.ja],[mu.sɯn.so.ɾi.ha.nɯŋ.kʌ.ja]
계속 도망,21,[kje.sok̚.to.maŋ],[gje.sok̚.do.maŋ]
느끼지 않게,21,[nɯ.k͈i.tʃi.aŋ.ke],[nɯ.k͈i.dʒi.aŋ.ke]
마음은 이해하지만,21,[ma.ɯm.ɯn.i.hɛ.ha.tʃi.man],[ma.ɯm.ɯn.i.hɛ.ha.dʒi.man]
것 우린,21,[kʌt̚.u.ɾin],[gʌt̚.u.ɾin]
보니까 아주,21,[po.ni.k͈a.a.tʃu],[bo.ni.k͈a.a.dʒu]
위에 올려놔,21,[wi.e.ol.ɾjʌ.nwa],[wi.e.ol.ɾjʌ.nwa]
안 좋아져,21,[an.tʃot̚.a.tʃjʌ],[an.dʒot̚.a.dʒjʌ]
그래서 원하는,21,[kɯ.ɾɛ.sʌ.wʌn.ha.nɯn],[gɯ.ɾɛ.sʌ.wʌn.ha.nɯn]
상태가 안 좋은,21,[saŋ.tʰɛ.ka.an.tʃot̚.ɯn],[saŋ.tʰɛ.ga.an.dʒot̚.ɯn]
몰랐어요 당신은,21,[mol.ɾat̚.ʌ.jo.taŋ.sin.ɯn],[mol.ɾat̚.ʌ.jo.daŋ.sin.ɯn]
이 임무의,21,[i.im.mu.ɯi],[i.im.mu.ɯi]
내가 요구,21,[nɛ.ka.jo.ku],[nɛ.ga.jo.gu]
한 여자는,21,[han.jʌ.tʃa.nɯn],[han.jʌ.dʒa.nɯn]
닥터 그레이가,21,[tak̚.tʰʌ.kɯ.ɾe.i.ka],[dak̚.tʰʌ.gɯ.ɾe.i.ga]
것 같아요 아뇨,21,[kʌt̚.kat̚.a.jo.a.njo],[gʌt̚.gat̚.a.jo.a.njo]
느끼지 않을,21,[nɯ.k͈i.tʃi.an.ɯl],[nɯ.k͈i.dʒi.an.ɯl]
소린지 모르겠군요,21,[so.ɾin.tʃi.mo.ɾɯ.ket̚.kun.jo],[so.ɾin.tʃi.mo.ɾɯ.get̚.kun.jo]
소릴 못,21,[so.ɾil.mot̚],[so.ɾil.mot̚]
어떻게 막을지,21,[ʌ.t͈ʌt̚.ke.mak̚.ɯl.tʃi],[ʌ.t͈ʌt̚.ke.mak̚.ɯl.tʃi]
일도 없던 것처럼,21,[il.to.ʌp̚.tʌŋ.kʌt̚.tʃʰʌ.ɾʌm],[il.to.ʌp̚.tʌn.gʌt̚.tʃʰʌ.ɾʌm]
안 좋아하지만,21,[an.tʃot̚.a.ha.tʃi.man],[an.dʒot̚.a.ha.dʒi.man]
소문을 들었어요,21,[so.mun.ɯl.tɯl.ʌt̚.ʌ.jo],[so.mun.ɯl.dɯl.ʌt̚.ʌ.jo]
우리의 결혼,21,[u.ɾi.ɯi.kjʌl.hon],[u.ɾi.ɯi.gjʌl.hon]
시간을 주고,21,[si.kan.ɯl.tʃu.ko],[si.gan.ɯl.dʒu.go]
사람이 몇 명,21,[sa.ɾam.i.mjʌt̚.mjʌŋ],[sa.ɾam.i.mjʌt̚.mjʌŋ]
안 좋아졌어요,21,[an.tʃot̚.a.tʃjʌt̚.ʌ.jo],[an.dʒot̚.a.dʒjʌt̚.ʌ.jo]
말은 똑바로,21,[mal.ɯn.t͈ok̚.pa.ɾo],[mal.ɯn.t͈ok̚.pa.ɾo]
무슨 낯짝으로,21,[mu.sɯn.nat̚.tʃ͈ak̚.ɯ.ɾo],[mu.sɯn.nat̚.tʃ͈ak̚.ɯ.ɾo]
간에 내,21,[kan.e.nɛ],[gan.e.nɛ]
제가 실수한,21,[tʃe.ka.sil.su.han],[dʒe.ga.sil.su.han]
그 열쇠는,21,[kɯ.jʌl.swe.nɯn],[gɯ.jʌl.swe.nɯn]
네 와,21,[ne.wa],[ne.wa]
마음을 안,21,[ma.ɯm.ɯl.an],[ma.ɯm.ɯl.an]
일도 없었겠죠,21,[il.to.ʌp̚.ʌt̚.ket̚.tʃjo],[il.to.ʌp̚.ʌt̚.ket̚.tʃjo]
너는 이렇게,21,[nʌ.nɯn.i.ɾʌt̚.ke],[nʌ.nɯn.i.ɾʌt̚.ke]
전 충분히,21,[tʃʌn.tʃʰum.pun.hi],[dʒʌn.tʃʰuŋ.bun.hi]
일을 겪어서,21,[il.ɯl.kjʌk̚.ʌ.sʌ],[il.ɯl.gjʌk̚.ʌ.sʌ]
찾았어 우리가,21,[tʃʰat̚.at̚.ʌ.u.ɾi.ka],[tʃʰat̚.at̚.ʌ.u.ɾi.ga]
더러운 거,21,[tʌ.ɾʌ.uŋ.kʌ],[dʌ.ɾʌ.un.gʌ]
안 낼게,21,[an.nɛl.ke],[an.nɛl.ke]
그 옷이,21,[kɯ.ot̚.i],[gɯ.ot̚.i]
여기 온 거잖아,21,[jʌ.ki.oŋ.kʌ.tʃan.a],[jʌ.gi.on.gʌ.dʒan.a]
꽉 막혀,21,[k͈wak̚.mak̚.hjʌ],[k͈wak̚.mak̚.hjʌ]
내가 한 얘기,21,[nɛ.ka.han.jɛ.ki],[nɛ.ga.han.jɛ.gi]
그래야 할거야,21,[kɯ.ɾɛ.ja.hal.kʌ.ja],[gɯ.ɾɛ.ja.hal.kʌ.ja]
네 일이나 신경,21,[ne.il.i.na.siŋ.kjʌŋ],[ne.il.i.na.siŋ.kjʌŋ]
still here,21,,
않은 사람들,21,[an.ɯn.sa.ɾan.tɯl],[an.ɯn.sa.ɾan.tɯl]
만나러 왔지,21,[man.na.ɾʌ.wat̚.tʃi],[man.na.ɾʌ.wat̚.tʃi]
사람이 아직,21,[sa.ɾam.i.a.tʃik̚],[sa.ɾam.i.a.dʒik̚]
거면 네,21,[kʌ.mjʌn.ne],[gʌ.mjʌn.ne]
마음을 터놓고,21,[ma.ɯm.ɯl.tʰʌ.not̚.ko],[ma.ɯm.ɯl.tʰʌ.not̚.ko]
같이 해도,21,[kat̚.i.hɛ.to],[gat̚.i.hɛ.do]
뭘 원한대,21,[mwʌl.wʌn.han.tɛ],[mwʌl.wʌn.han.tɛ]
일을 겪었다,21,[il.ɯl.kjʌk̚.ʌt̚.ta],[il.ɯl.gjʌk̚.ʌt̚.ta]
사람이 없고,21,[sa.ɾam.i.ʌp̚.ko],[sa.ɾam.i.ʌp̚.ko]
그러지 마 안,21,[kɯ.ɾʌ.tʃi.ma.an],[gɯ.ɾʌ.dʒi.ma.an]
사람이 엄청,21,[sa.ɾam.i.ʌn.tʃʰʌŋ],[sa.ɾam.i.ʌn.tʃʰʌŋ]
이곳에 있을,21,[i.kot̚.e.it̚.ɯl],[i.got̚.e.it̚.ɯl]
것 같아요 저도,21,[kʌt̚.kat̚.a.jo.tʃʌ.to],[gʌt̚.gat̚.a.jo.dʒʌ.do]
하는 짓거리야,21,[ha.nɯn.tʃit̚.kʌ.ɾi.ja],[ha.nɯn.dʒit̚.kʌ.ɾi.ja]
그것을 완전히,21,[kɯ.kʌt̚.ɯl.wan.tʃʌn.hi],[gɯ.gʌt̚.ɯl.wan.tʃʌn.hi]
하나 먹어도,21,[ha.na.mʌk̚.ʌ.to],[ha.na.mʌk̚.ʌ.do]
안 나타났어,21,[an.na.tʰa.nat̚.ʌ],[an.na.tʰa.nat̚.ʌ]
안 돼 자네가,21,[an.twɛ.tʃa.ne.ka],[an.dwɛ.dʒa.ne.ga]
이성을 잃을,21,[i.sʌŋ.ɯl.il.ɯl],[i.sʌŋ.ɯl.il.ɯl]
고맙다고 전해줘,21,[ko.map̚.ta.ko.tʃʌn.hɛ.tʃwʌ],[go.map̚.ta.go.dʒʌn.hɛ.dʒwʌ]
속하지 않는,21,[sok̚.ha.tʃi.an.nɯn],[sok̚.ha.dʒi.an.nɯn]
손 꼭,21,[soŋ.k͈ok̚],[soŋ.k͈ok̚]
길 잃었어요,21,[kil.il.ʌt̚.ʌ.jo],[gil.il.ʌt̚.ʌ.jo]
손 놔요,21,[son.nwa.jo],[son.nwa.jo]
네 차로,21,[ne.tʃʰa.ɾo],[ne.tʃʰa.ɾo]
네 책,21,[ne.tʃʰɛk̚],[ne.tʃʰɛk̚]
네 책을,21,[ne.tʃʰɛk̚.ɯl],[ne.tʃʰɛk̚.ɯl]
국왕 폐하께서,21,[kuk̚.wam.pʰje.ha.k͈e.sʌ],[guk̚.wam.pʰje.ha.k͈e.sʌ]
거면 더,21,[kʌ.mjʌn.tʌ],[gʌ.mjʌn.dʌ]
아주 바쁜,21,[a.tʃu.pa.p͈ɯn],[a.dʒu.ba.p͈ɯn]
내가 방해한,21,[nɛ.ka.paŋ.hɛ.han],[nɛ.ga.baŋ.hɛ.han]
있어요 벌써,21,[it̚.ʌ.jo.pʌl.s͈ʌ],[it̚.ʌ.jo.bʌl.s͈ʌ]
일어나지 마세요,21,[il.ʌ.na.tʃi.ma.se.jo],[il.ʌ.na.dʒi.ma.se.jo]
중이다 알았다,21,[tʃuŋ.i.ta.al.at̚.ta],[dʒuŋ.i.da.al.at̚.ta]
그들 중 한 명을,21,[kɯ.tɯl.tʃuŋ.han.mjʌŋ.ɯl],[gɯ.dɯl.dʒuŋ.han.mjʌŋ.ɯl]
and then you,21,,
알려 주시죠,21,[al.ɾjʌ.tʃu.si.tʃjo],[al.ɾjʌ.dʒu.si.dʒjo]
게 더 나을 것,21,[ke.tʌ.na.ɯl.kʌt̚],[ge.dʌ.na.ɯl.gʌt̚]
손뼉을 짝,21,[som.p͈jʌk̚.ɯl.tʃ͈ak̚],[som.p͈jʌk̚.ɯl.tʃ͈ak̚]
위치 추적을,21,[wi.tʃʰi.tʃʰu.tʃʌk̚.ɯl],[wi.tʃʰi.tʃʰu.dʒʌk̚.ɯl]
네 학교,21,[ne.hak̚.kjo],[ne.hak̚.kjo]
없어야 한다,21,[ʌp̚.ʌ.ja.han.ta],[ʌp̚.ʌ.ja.han.ta]
괜찮아 보이는데요,21,[kwɛn.tʃʰan.a.po.i.nɯn.te.jo],[gwɛn.tʃʰan.a.bo.i.nɯn.te.jo]
텐데 다른,21,[tʰen.te.ta.ɾɯn],[tʰen.te.da.ɾɯn]
찾으러 가지,21,[tʃʰat̚.ɯ.ɾʌ.ka.tʃi],[tʃʰat̚.ɯ.ɾʌ.ga.dʒi]
만나본 적은,21,[man.na.pon.tʃʌk̚.ɯn],[man.na.bon.dʒʌk̚.ɯn]
바꾸는 데,21,[pa.k͈u.nɯn.te],[ba.k͈u.nɯn.de]
짓을 할지도,21,[tʃit̚.ɯl.hal.tʃi.to],[dʒit̚.ɯl.hal.tʃi.do]
네 형제,21,[ne.hjʌŋ.tʃe],[ne.hjʌŋ.dʒe]
네 휴대폰,21,[ne.hju.tɛ.pʰon],[ne.hju.dɛ.pʰon]
했지 누가,21,[hɛt̚.tʃi.nu.ka],[hɛt̚.tʃi.nu.ga]
겁니다 앞으로,21,[kʌp̚.ni.ta.ap̚.ɯ.ɾo],[gʌp̚.ni.da.ap̚.ɯ.ɾo]
너도 너무,21,[nʌ.to.nʌ.mu],[nʌ.do.nʌ.mu]
너도 네가,21,[nʌ.to.ne.ka],[nʌ.do.ne.ga]
좀 안다고,21,[tʃom.an.ta.ko],[dʒom.an.ta.go]
않을 수 있어,21,[an.ɯl.su.it̚.ʌ],[an.ɯl.su.it̚.ʌ]
사람이 필요했던,21,[sa.ɾam.i.pʰil.jo.hɛt̚.tʌn],[sa.ɾam.i.pʰil.jo.hɛt̚.tʌn]
이 시설에서,21,[i.si.sʌl.e.sʌ],[i.si.sʌl.e.sʌ]
년이 걸렸습니다,21,[njʌn.i.kʌl.ɾjʌt̚.sɯp̚.ni.ta],[njʌn.i.gʌl.ɾjʌt̚.sɯp̚.ni.da]
네가 관심,21,[ne.ka.kwan.sim],[ne.ga.gwan.sim]
네 머리에서,21,[ne.mʌ.ɾi.e.sʌ],[ne.mʌ.ɾi.e.sʌ]
있어요 저한테,21,[it̚.ʌ.jo.tʃʌ.han.tʰe],[it̚.ʌ.jo.dʒʌ.han.tʰe]
그들에 대해서,21,[kɯ.tɯl.e.tɛ.hɛ.sʌ],[gɯ.dɯl.e.dɛ.hɛ.sʌ]
the outside,21,,
네가 그랬을,21,[ne.ka.kɯ.ɾɛt̚.ɯl],[ne.ga.gɯ.ɾɛt̚.ɯl]
난 괜찮아 괜찮아,21,[naŋ.kwɛn.tʃʰan.a.kwɛn.tʃʰan.a],[nan.gwɛn.tʃʰan.a.gwɛn.tʃʰan.a]
솔직히 말할까요,21,[sol.tʃik̚.hi.mal.hal.k͈a.jo],[sol.tʃik̚.hi.mal.hal.k͈a.jo]
간의 예의라고,21,[kan.ɯi.je.ɯi.ɾa.ko],[gan.ɯi.je.ɯi.ɾa.go]
화장실 갔다 올게,21,[hwa.tʃaŋ.sil.kat̚.ta.ol.ke],[hwa.dʒaŋ.sil.gat̚.ta.ol.ke]
솔직히 말해 봐요,21,[sol.tʃik̚.hi.mal.hɛ.pwa.jo],[sol.tʃik̚.hi.mal.hɛ.bwa.jo]
그랬을 수도 있지,21,[kɯ.ɾɛt̚.ɯl.su.to.it̚.tʃi],[gɯ.ɾɛt̚.ɯl.su.do.it̚.tʃi]
너도 뭔가,21,[nʌ.to.mwʌŋ.ka],[nʌ.do.mwʌŋ.ka]
my knees,21,,
일어나는 것,21,[il.ʌ.na.nɯŋ.kʌt̚],[il.ʌ.na.nɯn.gʌt̚]
걸 한번,21,[kʌl.ham.pʌn],[gʌl.ham.pʌn]
난 죄,21,[nan.tʃwe],[nan.dʒwe]
기억이 좀,21,[ki.ʌk̚.i.tʃom],[gi.ʌk̚.i.dʒom]
수 없는 일이었다,21,[su.ʌp̚.nɯn.il.i.ʌt̚.ta],[su.ʌp̚.nɯn.il.i.ʌt̚.ta]
꽤나 힘든,21,[k͈wɛ.na.hin.tɯn],[k͈wɛ.na.hin.tɯn]
있었고 나는,21,[it̚.ʌt̚.ko.na.nɯn],[it̚.ʌt̚.ko.na.nɯn]
말하러 왔어요,21,[mal.ha.ɾʌ.wat̚.ʌ.jo],[mal.ha.ɾʌ.wat̚.ʌ.jo]
너도 사랑해,21,[nʌ.to.sa.ɾaŋ.hɛ],[nʌ.do.sa.ɾaŋ.hɛ]
씨 몇,21,[s͈i.mjʌt̚],[s͈i.mjʌt̚]
번 엔진,21,[pʌn.en.tʃin],[bʌn.en.tʃin]
정말 죽은,21,[tʃʌŋ.mal.tʃuk̚.ɯn],[dʒʌŋ.mal.dʒuk̚.ɯn]
줘 보세요,21,[tʃwʌ.po.se.jo],[dʒwʌ.bo.se.jo]
모두가 궁금해,21,[mo.tu.ka.kuŋ.kɯm.hɛ],[mo.du.ga.guŋ.gɯm.hɛ]
줘 싫어,21,[tʃwʌ.sil.ʌ],[dʒwʌ.sil.ʌ]
당신 해고야,21,[taŋ.sin.hɛ.ko.ja],[daŋ.sin.hɛ.go.ja]
자넨 누구지,21,[tʃa.nen.nu.ku.tʃi],[dʒa.nen.nu.gu.dʒi]
않은 모든,21,[an.ɯn.mo.tɯn],[an.ɯn.mo.dɯn]
바로 이런 걸,21,[pa.ɾo.i.ɾʌŋ.kʌl],[ba.ɾo.i.ɾʌn.gʌl]
마인드 조 맨태그나,21,[ma.in.tɯ.tʃo.mɛn.tʰɛ.kɯ.na],[ma.in.tɯ.dʒo.mɛn.tʰɛ.gɯ.na]
위태롭게 하고,21,[wi.tʰɛ.ɾop̚.ke.ha.ko],[wi.tʰɛ.ɾop̚.ke.ha.go]
a whole new,21,,
줘 좀,21,[tʃwʌ.tʃom],[dʒwʌ.dʒom]
세상에서 자네를,21,[se.saŋ.e.sʌ.tʃa.ne.ɾɯl],[se.saŋ.e.sʌ.dʒa.ne.ɾɯl]
문을 닫아라,21,[mun.ɯl.tat̚.a.ɾa],[mun.ɯl.dat̚.a.ɾa]
겁니다 어쨌든,21,[kʌp̚.ni.ta.ʌ.tʃ͈ɛt̚.tɯn],[gʌp̚.ni.da.ʌ.tʃ͈ɛt̚.tɯn]
가지는 확실히,21,[ka.tʃi.nɯn.hwak̚.sil.hi],[ga.dʒi.nɯn.hwak̚.sil.hi]
who he is,21,,
말도 안 돼 우리,21,[mal.to.an.twɛ.u.ɾi],[mal.to.an.dwɛ.u.ɾi]
큰 것 중,21,[kʰɯŋ.kʌt̚.tʃuŋ],[kʰɯn.gʌt̚.dʒuŋ]
나는 날,21,[na.nɯn.nal],[na.nɯn.nal]
부는 사나이의,21,[pu.nɯn.sa.na.i.ɯi],[bu.nɯn.sa.na.i.ɯi]
영원한 삶,21,[jʌŋ.wʌn.han.sam],[jʌŋ.wʌn.han.sam]
맘대로 해봐,21,[man.tɛ.ɾo.hɛ.pwa],[man.tɛ.ɾo.hɛ.bwa]
관심 없잖아,21,[kwan.sim.ʌp̚.tʃan.a],[gwan.sim.ʌp̚.tʃan.a]
있었다 우리는,21,[it̚.ʌt̚.ta.u.ɾi.nɯn],[it̚.ʌt̚.ta.u.ɾi.nɯn]
문 좀 열어줄래,21,[mun.tʃom.jʌl.ʌ.tʃul.ɾɛ],[mun.dʒom.jʌl.ʌ.dʒul.ɾɛ]
내가 사고,21,[nɛ.ka.sa.ko],[nɛ.ga.sa.go]
그래서 꼭,21,[kɯ.ɾɛ.sʌ.k͈ok̚],[gɯ.ɾɛ.sʌ.k͈ok̚]
말도 안 되지만,21,[mal.to.an.twe.tʃi.man],[mal.to.an.dwe.dʒi.man]
있을 곳은 여기야,21,[it̚.ɯl.kot̚.ɯn.jʌ.ki.ja],[it̚.ɯl.got̚.ɯn.jʌ.gi.ja]
학교에서 배운,21,[hak̚.kjo.e.sʌ.pɛ.un],[hak̚.kjo.e.sʌ.bɛ.un]
수 있는 것은 아니다,21,[su.it̚.nɯŋ.kʌt̚.ɯn.a.ni.ta],[su.it̚.nɯn.gʌt̚.ɯn.a.ni.da]
stop you,21,,
당신과 제가,21,[taŋ.siŋ.kwa.tʃe.ka],[daŋ.siŋ.kwa.dʒe.ga]
네가 살아 있는,21,[ne.ka.sal.a.it̚.nɯn],[ne.ga.sal.a.it̚.nɯn]
to see if,21,,
했고요 하지만,21,[hɛt̚.ko.jo.ha.tʃi.man],[hɛt̚.ko.jo.ha.dʒi.man]
위한 공간을,21,[wi.haŋ.koŋ.kan.ɯl],[wi.han.goŋ.gan.ɯl]
깨끗한 옷,21,[k͈ɛ.k͈ɯt̚.han.ot̚],[k͈ɛ.k͈ɯt̚.han.ot̚]
고맙지만 괜찮아,21,[ko.map̚.tʃi.maŋ.kwɛn.tʃʰan.a],[go.map̚.tʃi.man.gwɛn.tʃʰan.a]
내가 한동안,21,[nɛ.ka.han.toŋ.an],[nɛ.ga.han.toŋ.an]
수 있는지 알아요,21,[su.it̚.nɯn.tʃi.al.a.jo],[su.it̚.nɯn.tʃi.al.a.jo]
했어요 진짜,21,[hɛt̚.ʌ.jo.tʃin.tʃ͈a],[hɛt̚.ʌ.jo.dʒin.tʃ͈a]
너도 정말,21,[nʌ.to.tʃʌŋ.mal],[nʌ.do.dʒʌŋ.mal]
그렇게 됐나,21,[kɯ.ɾʌt̚.ke.twɛt̚.na],[gɯ.ɾʌt̚.ke.dwɛt̚.na]
말고 나랑,21,[mal.ko.na.ɾaŋ],[mal.ko.na.ɾaŋ]
준비나 해요,21,[tʃum.pi.na.hɛ.jo],[dʒum.pi.na.hɛ.jo]
너도 죽고,21,[nʌ.to.tʃuk̚.ko],[nʌ.do.dʒuk̚.ko]
이야기 속,21,[i.ja.ki.sok̚],[i.ja.gi.sok̚]
안 지키면,21,[an.tʃi.kʰi.mjʌn],[an.dʒi.kʰi.mjʌn]
그녀의 사진을,21,[kɯ.njʌ.ɯi.sa.tʃin.ɯl],[gɯ.njʌ.ɯi.sa.dʒin.ɯl]
가세요 고마워요,21,[ka.se.jo.ko.ma.wʌ.jo],[ga.se.jo.go.ma.wʌ.jo]
오오 아닌데요,21,[o.o.a.nin.te.jo],[o.o.a.nin.te.jo]
괜찮을 줄 알았어,21,[kwɛn.tʃʰan.ɯl.tʃul.al.at̚.ʌ],[gwɛn.tʃʰan.ɯl.dʒul.al.at̚.ʌ]
해야 되고,21,[hɛ.ja.twe.ko],[hɛ.ja.dwe.go]
집 정말,21,[tʃip̚.tʃʌŋ.mal],[dʒip̚.dʒʌŋ.mal]
잃을 게 없는,21,[il.ɯl.ke.ʌp̚.nɯn],[il.ɯl.ge.ʌp̚.nɯn]
네가 왕이,21,[ne.ka.waŋ.i],[ne.ga.waŋ.i]
있었어요 이게,21,[it̚.ʌt̚.ʌ.jo.i.ke],[it̚.ʌt̚.ʌ.jo.i.ge]
그냥 나중에,21,[kɯ.njaŋ.na.tʃuŋ.e],[gɯ.njaŋ.na.dʒuŋ.e]
사랑에 빠졌는데,21,[sa.ɾaŋ.e.p͈a.tʃjʌt̚.nɯn.te],[sa.ɾaŋ.e.p͈a.dʒjʌt̚.nɯn.te]
느낌이 왔어,21,[nɯ.k͈im.i.wat̚.ʌ],[nɯ.k͈im.i.wat̚.ʌ]
for three,21,,
수 없는 것이,21,[su.ʌp̚.nɯŋ.kʌt̚.i],[su.ʌp̚.nɯn.gʌt̚.i]
다를 바 없는,21,[ta.ɾɯl.pa.ʌp̚.nɯn],[da.ɾɯl.ba.ʌp̚.nɯn]
너랑 같아,21,[nʌ.ɾaŋ.kat̚.a],[nʌ.ɾaŋ.gat̚.a]
어땠을 거,21,[ʌ.t͈ɛt̚.ɯl.kʌ],[ʌ.t͈ɛt̚.ɯl.gʌ]
수 있었소,21,[su.it̚.ʌt̚.so],[su.it̚.ʌt̚.so]
위한 정의를 실현할 거예요,21,[wi.han.tʃʌŋ.ɯi.ɾɯl.sil.hjʌn.hal.kʌ.je.jo],[wi.han.dʒʌŋ.ɯi.ɾɯl.sil.hjʌn.hal.gʌ.je.jo]
그 친구들을,21,[kɯ.tʃʰiŋ.ku.tɯl.ɯl],[gɯ.tʃʰiŋ.ku.dɯl.ɯl]
사랑은 모든,21,[sa.ɾaŋ.ɯn.mo.tɯn],[sa.ɾaŋ.ɯn.mo.dɯn]
전부 사실이에요,21,[tʃʌm.pu.sa.sil.i.e.jo],[dʒʌm.pu.sa.sil.i.e.jo]
어떡해 아,21,[ʌ.t͈ʌk̚.hɛ.a],[ʌ.t͈ʌk̚.hɛ.a]
있었지 그게,21,[it̚.ʌt̚.tʃi.kɯ.ke],[it̚.ʌt̚.tʃi.gɯ.ge]
씨 오랜만이군요,21,[s͈i.o.ɾɛn.man.i.kun.jo],[s͈i.o.ɾɛn.man.i.gun.jo]
네가 제일 먼저,21,[ne.ka.tʃe.il.mʌn.tʃʌ],[ne.ga.dʒe.il.mʌn.tʃʌ]
애들이 뭘,21,[ɛ.tɯl.i.mwʌl],[ɛ.dɯl.i.mwʌl]
그 장소에서,21,[kɯ.tʃaŋ.so.e.sʌ],[gɯ.dʒaŋ.so.e.sʌ]
걸 말한,21,[kʌl.mal.han],[gʌl.mal.han]
찾을 때까지만,21,[tʃʰat̚.ɯl.t͈ɛ.k͈a.tʃi.man],[tʃʰat̚.ɯl.t͈ɛ.k͈a.dʒi.man]
꿈을 가진,21,[k͈um.ɯl.ka.tʃin],[k͈um.ɯl.ga.dʒin]
벌써 끝난,21,[pʌl.s͈ʌ.k͈ɯt̚.nan],[bʌl.s͈ʌ.k͈ɯt̚.nan]
안 돼요 다시,21,[an.twɛ.jo.ta.si],[an.dwɛ.jo.da.si]
수 없는데요,21,[su.ʌp̚.nɯn.te.jo],[su.ʌp̚.nɯn.te.jo]
미안해요 더,21,[mi.an.hɛ.jo.tʌ],[mi.an.hɛ.jo.dʌ]
일부가 될 수,21,[il.pu.ka.twel.su],[il.pu.ga.dwel.su]
수가 없으니까요,21,[su.ka.ʌp̚.ɯ.ni.k͈a.jo],[su.ga.ʌp̚.ɯ.ni.k͈a.jo]
내 생각이 아니었어,21,[nɛ.sɛŋ.kak̚.i.a.ni.ʌt̚.ʌ],[nɛ.sɛŋ.gak̚.i.a.ni.ʌt̚.ʌ]
한 행동,21,[han.hɛŋ.toŋ],[han.hɛŋ.doŋ]
것일 뿐,21,[kʌt̚.il.p͈un],[gʌt̚.il.p͈un]
네가 태어났을 때,21,[ne.ka.tʰɛ.ʌ.nat̚.ɯl.t͈ɛ],[ne.ga.tʰɛ.ʌ.nat̚.ɯl.t͈ɛ]
안 돼 근데,21,[an.twɛ.kɯn.te],[an.dwɛ.gɯn.te]
put this,21,,
뭔가 관련이,21,[mwʌŋ.ka.kwal.ljʌn.i],[mwʌŋ.ka.gwal.ljʌn.i]
짚고 넘어가자,21,[tʃip̚.ko.nʌm.ʌ.ka.tʃa],[dʒip̚.ko.nʌm.ʌ.ga.dʒa]
비리 수사국의,21,[pi.ɾi.su.sa.kuk̚.ɯi],[bi.ɾi.su.sa.guk̚.ɯi]
그 행복을,21,[kɯ.hɛm.pok̚.ɯl],[gɯ.hɛŋ.bok̚.ɯl]
증거를 보고,21,[tʃɯŋ.kʌ.ɾɯl.po.ko],[dʒɯŋ.gʌ.ɾɯl.bo.go]
말해서 미안해,21,[mal.hɛ.sʌ.mi.an.hɛ],[mal.hɛ.sʌ.mi.an.hɛ]
씨 축제는,21,[s͈i.tʃʰuk̚.tʃe.nɯn],[s͈i.tʃʰuk̚.tʃe.nɯn]
아니에요 당신도,21,[a.ni.e.jo.taŋ.sin.to],[a.ni.e.jo.daŋ.sin.to]
맞혀 볼게,21,[mat̚.hjʌ.pol.ke],[mat̚.hjʌ.bol.ke]
내가 왜 여기 있는지,21,[nɛ.ka.wɛ.jʌ.ki.it̚.nɯn.tʃi],[nɛ.ga.wɛ.jʌ.gi.it̚.nɯn.tʃi]
두려워하지 않고,21,[tu.ɾjʌ.wʌ.ha.tʃi.aŋ.ko],[du.ɾjʌ.wʌ.ha.dʒi.aŋ.ko]
거면서 왜,21,[kʌ.mjʌn.sʌ.wɛ],[gʌ.mjʌn.sʌ.wɛ]
수도 있어 아니,21,[su.to.it̚.ʌ.a.ni],[su.do.it̚.ʌ.a.ni]
가봐 내가,21,[ka.pwa.nɛ.ka],[ga.bwa.nɛ.ga]
있었기 때문입니다,21,[it̚.ʌt̚.ki.t͈ɛ.mun.ip̚.ni.ta],[it̚.ʌt̚.ki.t͈ɛ.mun.ip̚.ni.da]
것일 수도 있어요,21,[kʌt̚.il.su.to.it̚.ʌ.jo],[gʌt̚.il.su.do.it̚.ʌ.jo]
네가 훨씬 더,21,[ne.ka.hwʌl.s͈in.tʌ],[ne.ga.hwʌl.s͈in.dʌ]
보내 주시면,21,[po.nɛ.tʃu.si.mjʌn],[bo.nɛ.dʒu.si.mjʌn]
있으면 좋겠다고,21,[it̚.ɯ.mjʌn.tʃot̚.ket̚.ta.ko],[it̚.ɯ.mjʌn.dʒot̚.ket̚.ta.go]
만난 모든,21,[man.nan.mo.tɯn],[man.nan.mo.dɯn]
미워하는 건,21,[mi.wʌ.ha.nɯŋ.kʌn],[mi.wʌ.ha.nɯn.gʌn]
꿈일 뿐이야,21,[k͈um.il.p͈un.i.ja],[k͈um.il.p͈un.i.ja]
어떤 애인지,21,[ʌ.t͈ʌn.ɛ.in.tʃi],[ʌ.t͈ʌn.ɛ.in.tʃi]
사랑하는 사람을 잃는,21,[sa.ɾaŋ.ha.nɯn.sa.ɾam.ɯl.il.lɯn],[sa.ɾaŋ.ha.nɯn.sa.ɾam.ɯl.il.lɯn]
본 건가,21,[poŋ.kʌŋ.ka],[bon.gʌŋ.ka]
다음 단계에,21,[ta.ɯn.taŋ.kje.e],[da.ɯm.daŋ.kje.e]
사랑하는 여자,21,[sa.ɾaŋ.ha.nɯn.jʌ.tʃa],[sa.ɾaŋ.ha.nɯn.jʌ.dʒa]
거기 그렇게,21,[kʌ.ki.kɯ.ɾʌt̚.ke],[gʌ.gi.gɯ.ɾʌt̚.ke]
사랑하는 이,21,[sa.ɾaŋ.ha.nɯn.i],[sa.ɾaŋ.ha.nɯn.i]
씨가 또,21,[s͈i.ka.t͈o],[s͈i.ga.t͈o]
수 없어 息をしたくて ここは苦しくて,21,[su.ʌp̚.ʌ],[su.ʌp̚.ʌ]
있을 겁니다 그리고,21,[it̚.ɯl.kʌp̚.ni.ta.kɯ.ɾi.ko],[it̚.ɯl.gʌp̚.ni.da.gɯ.ɾi.go]
당신 혼자서,21,[taŋ.sin.hon.tʃa.sʌ],[daŋ.sin.hon.tʃa.sʌ]
사랑하는지 알지,21,[sa.ɾaŋ.ha.nɯn.tʃi.al.tʃi],[sa.ɾaŋ.ha.nɯn.tʃi.al.tʃi]
있을 것 같았어요,21,[it̚.ɯl.kʌt̚.kat̚.at̚.ʌ.jo],[it̚.ɯl.gʌt̚.gat̚.at̚.ʌ.jo]
후에 뵙죠,21,[hu.e.pwep̚.tʃjo],[hu.e.bwep̚.tʃjo]
후에 무슨 일이,21,[hu.e.mu.sɯn.il.i],[hu.e.mu.sɯn.il.i]
but when,21,,
카시안 일하는,21,[kʰa.si.an.il.ha.nɯn],[kʰa.si.an.il.ha.nɯn]
알고 있었거든요,21,[al.ko.it̚.ʌt̚.kʌ.tɯn.jo],[al.ko.it̚.ʌt̚.kʌ.dɯn.jo]
사랑하지 않을 수,21,[sa.ɾaŋ.ha.tʃi.an.ɯl.su],[sa.ɾaŋ.ha.dʒi.an.ɯl.su]
씨가 기다리고 계십니다,21,[s͈i.ka.ki.ta.ɾi.ko.kje.sip̚.ni.ta],[s͈i.ga.gi.da.ɾi.go.gje.sip̚.ni.da]
난 당신과 함께,21,[nan.taŋ.siŋ.kwa.ham.k͈e],[nan.daŋ.siŋ.kwa.ham.k͈e]
짓 하지 마요,21,[tʃit̚.ha.tʃi.ma.jo],[dʒit̚.ha.dʒi.ma.jo]
그랬어 그건,21,[kɯ.ɾɛt̚.ʌ.kɯ.kʌn],[gɯ.ɾɛt̚.ʌ.gɯ.gʌn]
년 됐고,21,[njʌn.twɛt̚.ko],[njʌn.dwɛt̚.ko]
임신이 안,21,[im.sin.i.an],[im.sin.i.an]
겁니다 음,21,[kʌp̚.ni.ta.ɯm],[gʌp̚.ni.da.ɯm]
그가 정확히,21,[kɯ.ka.tʃʌŋ.hwak̚.hi],[gɯ.ga.dʒʌŋ.hwak̚.hi]
수표를 현금으로,21,[su.pʰjo.ɾɯl.hjʌŋ.kɯm.ɯ.ɾo],[su.pʰjo.ɾɯl.hjʌŋ.kɯm.ɯ.ɾo]
년 영국,21,[njʌn.jʌŋ.kuk̚],[njʌn.jʌŋ.guk̚]
길을 가야,21,[kil.ɯl.ka.ja],[gil.ɯl.ga.ja]
사랑할 것이다,21,[sa.ɾaŋ.hal.kʌt̚.i.ta],[sa.ɾaŋ.hal.gʌt̚.i.da]
언제 여기,21,[ʌn.tʃe.jʌ.ki],[ʌn.tʃe.jʌ.gi]
안 하는 거지,21,[an.ha.nɯŋ.kʌ.tʃi],[an.ha.nɯn.gʌ.dʒi]
사랑할 줄,21,[sa.ɾaŋ.hal.tʃul],[sa.ɾaŋ.hal.dʒul]
잃어버린 시간을,21,[il.ʌ.pʌ.ɾin.si.kan.ɯl],[il.ʌ.bʌ.ɾin.si.gan.ɯl]
씨가 죽지,21,[s͈i.ka.tʃuk̚.tʃi],[s͈i.ga.dʒuk̚.tʃi]
순 없어 그리고,21,[sun.ʌp̚.ʌ.kɯ.ɾi.ko],[sun.ʌp̚.ʌ.gɯ.ɾi.go]
씨가 지금,21,[s͈i.ka.tʃi.kɯm],[s͈i.ga.dʒi.gɯm]
처음 온 날,21,[tʃʰʌ.ɯm.on.nal],[tʃʰʌ.ɯm.on.nal]
사랑할 수밖에,21,[sa.ɾaŋ.hal.su.pak̚.e],[sa.ɾaŋ.hal.su.bak̚.e]
달러를 걸었어,21,[tal.ɾʌ.ɾɯl.kʌl.ʌt̚.ʌ],[dal.ɾʌ.ɾɯl.gʌl.ʌt̚.ʌ]
씨가 죽지 않았다면,21,[s͈i.ka.tʃuk̚.tʃi.an.at̚.ta.mjʌn],[s͈i.ga.dʒuk̚.tʃi.an.at̚.ta.mjʌn]
게 계획대로,21,[ke.kje.hwek̚.tɛ.ɾo],[ge.gje.hwek̚.tɛ.ɾo]
그들은 일을,21,[kɯ.tɯl.ɯn.il.ɯl],[gɯ.dɯl.ɯn.il.ɯl]
좀 알 수 있을까요,21,[tʃom.al.su.it̚.ɯl.k͈a.jo],[dʒom.al.su.it̚.ɯl.k͈a.jo]
바로 자네,21,[pa.ɾo.tʃa.ne],[ba.ɾo.dʒa.ne]
년 그리고,21,[njʌŋ.kɯ.ɾi.ko],[njʌn.gɯ.ɾi.go]
난 줄리안,21,[nan.tʃul.ɾi.an],[nan.dʒul.ɾi.an]
있을테니 가서,21,[it̚.ɯl.tʰe.ni.ka.sʌ],[it̚.ɯl.tʰe.ni.ga.sʌ]
혼자 뭘,21,[hon.tʃa.mwʌl],[hon.tʃa.mwʌl]
숨길 것이,21,[sum.kil.kʌt̚.i],[sum.kil.gʌt̚.i]
있잖아 그런데,21,[it̚.tʃan.a.kɯ.ɾʌn.te],[it̚.tʃan.a.gɯ.ɾʌn.te]
갈게요 아,21,[kal.ke.jo.a],[gal.ke.jo.a]
숨기고 있는 것,21,[sum.ki.ko.it̚.nɯŋ.kʌt̚],[sum.ki.go.it̚.nɯn.gʌt̚]
짓도 안 했는데,21,[tʃit̚.to.an.hɛt̚.nɯn.te],[dʒit̚.to.an.hɛt̚.nɯn.te]
사랑해 이런,21,[sa.ɾaŋ.hɛ.i.ɾʌn],[sa.ɾaŋ.hɛ.i.ɾʌn]
너를 여기,21,[nʌ.ɾɯl.jʌ.ki],[nʌ.ɾɯl.jʌ.gi]
씨는 우리,21,[s͈i.nɯn.u.ɾi],[s͈i.nɯn.u.ɾi]
몇 시간동안,21,[mjʌt̚.si.kan.toŋ.an],[mjʌt̚.si.gan.toŋ.an]
사랑해서 그런,21,[sa.ɾaŋ.hɛ.sʌ.kɯ.ɾʌn],[sa.ɾaŋ.hɛ.sʌ.gɯ.ɾʌn]
그들은 죽었어,21,[kɯ.tɯl.ɯn.tʃuk̚.ʌt̚.ʌ],[gɯ.dɯl.ɯn.dʒuk̚.ʌt̚.ʌ]
찾아내죠 어머니를 죽인,21,[tʃʰat̚.a.nɛ.tʃjo.ʌ.mʌ.ni.ɾɯl.tʃuk̚.in],[tʃʰat̚.a.nɛ.dʒjo.ʌ.mʌ.ni.ɾɯl.dʒuk̚.in]
찾아내죠 어머니를,21,[tʃʰat̚.a.nɛ.tʃjo.ʌ.mʌ.ni.ɾɯl],[tʃʰat̚.a.nɛ.dʒjo.ʌ.mʌ.ni.ɾɯl]
지금 갈 거야,21,[tʃi.kɯm.kal.kʌ.ja],[dʒi.gɯm.gal.gʌ.ja]
보내도록 해,21,[po.nɛ.to.ɾok̚.hɛ],[bo.nɛ.do.ɾok̚.hɛ]
오해 마세요,21,[o.hɛ.ma.se.jo],[o.hɛ.ma.se.jo]
안 하던 짓을,21,[an.ha.tʌn.tʃit̚.ɯl],[an.ha.dʌn.dʒit̚.ɯl]
안 하려고 해,21,[an.ha.ɾjʌ.ko.hɛ],[an.ha.ɾjʌ.go.hɛ]
것 봤어,21,[kʌt̚.pwat̚.ʌ],[gʌt̚.bwat̚.ʌ]
알려 줬는데,21,[al.ɾjʌ.tʃwʌt̚.nɯn.te],[al.ɾjʌ.dʒwʌt̚.nɯn.te]
년이 지나서야,21,[njʌn.i.tʃi.na.sʌ.ja],[njʌn.i.dʒi.na.sʌ.ja]
년이 지났다,21,[njʌn.i.tʃi.nat̚.ta],[njʌn.i.dʒi.nat̚.ta]
다닐 것,21,[ta.nil.kʌt̚],[da.nil.gʌt̚]
걱정은 고맙지만,21,[kʌk̚.tʃʌŋ.ɯŋ.ko.map̚.tʃi.man],[gʌk̚.tʃʌŋ.ɯn.go.map̚.tʃi.man]
년이나 지났어,21,[njʌn.i.na.tʃi.nat̚.ʌ],[njʌn.i.na.dʒi.nat̚.ʌ]
열차입니다 다음 역은,21,[jʌl.tʃʰa.ip̚.ni.ta.ta.ɯm.jʌk̚.ɯn],[jʌl.tʃʰa.ip̚.ni.da.da.ɯm.jʌk̚.ɯn]
정도 위험은,21,[tʃʌŋ.to.wi.hʌm.ɯn],[dʒʌŋ.do.wi.hʌm.ɯn]
사러 가는,21,[sa.ɾʌ.ka.nɯn],[sa.ɾʌ.ga.nɯn]
한다고 생각했습니다,21,[han.ta.ko.sɛŋ.kak̚.hɛt̚.sɯp̚.ni.ta],[han.ta.go.sɛŋ.gak̚.hɛt̚.sɯp̚.ni.da]
지금 그게 중요한 게,21,[tʃi.kɯm.kɯ.ke.tʃuŋ.jo.haŋ.ke],[dʒi.gɯm.gɯ.ge.dʒuŋ.jo.han.ge]
사러 간,21,[sa.ɾʌ.kan],[sa.ɾʌ.gan]
다닐 때도,21,[ta.nil.t͈ɛ.to],[da.nil.t͈ɛ.do]
헌터 선장,21,[hʌn.tʰʌ.sʌn.tʃaŋ],[hʌn.tʰʌ.sʌn.tʃaŋ]
문제는 그가,21,[mun.tʃe.nɯŋ.kɯ.ka],[mun.tʃe.nɯn.gɯ.ga]
번 영상,21,[pʌn.jʌŋ.saŋ],[bʌn.jʌŋ.saŋ]
거야 에밀리,21,[kʌ.ja.e.mil.ɾi],[gʌ.ja.e.mil.ɾi]
그 누구도 아닌,21,[kɯ.nu.ku.to.a.nin],[gɯ.nu.gu.do.a.nin]
오해를 하고,21,[o.hɛ.ɾɯl.ha.ko],[o.hɛ.ɾɯl.ha.go]
말은 제,21,[mal.ɯn.tʃe],[mal.ɯn.dʒe]
work to,21,,
나도 솔직히,21,[na.to.sol.tʃik̚.hi],[na.do.sol.tʃik̚.hi]
당신은 누군가를,21,[taŋ.sin.ɯn.nu.kuŋ.ka.ɾɯl],[daŋ.sin.ɯn.nu.guŋ.ka.ɾɯl]
지금 나한테 말하는,21,[tʃi.kɯm.na.han.tʰe.mal.ha.nɯn],[dʒi.gɯm.na.han.tʰe.mal.ha.nɯn]
숲에서 길을,21,[sup̚.e.sʌ.kil.ɯl],[sup̚.e.sʌ.gil.ɯl]
오해하고 있어,21,[o.hɛ.ha.ko.it̚.ʌ],[o.hɛ.ha.go.it̚.ʌ]
해보고 싶었던,21,[hɛ.po.ko.sip̚.ʌt̚.tʌn],[hɛ.bo.go.sip̚.ʌt̚.tʌn]
늘 그게,21,[nɯl.kɯ.ke],[nɯl.gɯ.ge]
병원 기록을,21,[pjʌŋ.wʌŋ.ki.ɾok̚.ɯl],[bjʌŋ.wʌn.gi.ɾok̚.ɯl]
FBI가 날,21,[ka.nal],[ga.nal]
전에 만났었지,21,[tʃʌn.e.man.nat̚.ʌt̚.tʃi],[dʒʌn.e.man.nat̚.ʌt̚.tʃi]
알리는 거야,21,[al.ɾi.nɯŋ.kʌ.ja],[al.ɾi.nɯn.gʌ.ja]
끌지 않고,21,[k͈ɯl.tʃi.aŋ.ko],[k͈ɯl.tʃi.aŋ.ko]
노래 가사를,21,[no.ɾɛ.ka.sa.ɾɯl],[no.ɾɛ.ga.sa.ɾɯl]
있지 못했을거야,21,[it̚.tʃi.mot̚.hɛt̚.ɯl.kʌ.ja],[it̚.tʃi.mot̚.hɛt̚.ɯl.kʌ.ja]
쉴 수 없어 息をしたくて,21,[swil.su.ʌp̚.ʌ],[swil.su.ʌp̚.ʌ]
먼저 죽이지 않는다면 말이지,21,[mʌn.tʃʌ.tʃuk̚.i.tʃi.an.nɯn.ta.mjʌn.mal.i.tʃi],[mʌn.tʃʌ.dʒuk̚.i.dʒi.an.nɯn.ta.mjʌn.mal.i.dʒi]
거야 누구한테,21,[kʌ.ja.nu.ku.han.tʰe],[gʌ.ja.nu.gu.han.tʰe]
겁니다 일단,21,[kʌp̚.ni.ta.il.tan],[gʌp̚.ni.da.il.tan]
뭘 기다리는 거지,21,[mwʌl.ki.ta.ɾi.nɯŋ.kʌ.tʃi],[mwʌl.gi.da.ɾi.nɯn.gʌ.dʒi]
한 가지 더 있습니다,21,[haŋ.ka.tʃi.tʌ.it̚.sɯp̚.ni.ta],[han.ga.dʒi.dʌ.it̚.sɯp̚.ni.da]
He can,21,,
집어넣을 수,21,[tʃip̚.ʌ.nʌt̚.ɯl.su],[dʒip̚.ʌ.nʌt̚.ɯl.su]
알면 놀랄,21,[al.mjʌn.nol.ɾal],[al.mjʌn.nol.ɾal]
없어요 이리,21,[ʌp̚.ʌ.jo.i.ɾi],[ʌp̚.ʌ.jo.i.ɾi]
안 된다는 거예요,21,[an.twen.ta.nɯŋ.kʌ.je.jo],[an.dwen.ta.nɯn.gʌ.je.jo]
안 될 만큼,21,[an.twel.maŋ.kʰɯm],[an.dwel.maŋ.kʰɯm]
입고 있으면,21,[ip̚.ko.it̚.ɯ.mjʌn],[ip̚.ko.it̚.ɯ.mjʌn]
천 개가,21,[tʃʰʌŋ.kɛ.ka],[tʃʰʌn.gɛ.ga]
그거 멋진,21,[kɯ.kʌ.mʌt̚.tʃin],[gɯ.gʌ.mʌt̚.tʃin]
천 년 전,21,[tʃʰʌn.njʌn.tʃʌn],[tʃʰʌn.njʌn.dʒʌn]
경향이 있습니다,21,[kjʌŋ.hjaŋ.i.it̚.sɯp̚.ni.ta],[gjʌŋ.hjaŋ.i.it̚.sɯp̚.ni.da]
계속 옮겨,21,[kje.sok̚.om.kjʌ],[gje.sok̚.om.kjʌ]
그것이 나의,21,[kɯ.kʌt̚.i.na.ɯi],[gɯ.gʌt̚.i.na.ɯi]
그녀의 차를,21,[kɯ.njʌ.ɯi.tʃʰa.ɾɯl],[gɯ.njʌ.ɯi.tʃʰa.ɾɯl]
내가 바보 같은,21,[nɛ.ka.pa.po.kat̚.ɯn],[nɛ.ga.ba.bo.gat̚.ɯn]
얘야 조용하고,21,[jɛ.ja.tʃo.joŋ.ha.ko],[jɛ.ja.dʒo.joŋ.ha.go]
하지만 올해는,21,[ha.tʃi.man.ol.hɛ.nɯn],[ha.dʒi.man.ol.hɛ.nɯn]
진짜 대박이다,21,[tʃin.tʃ͈a.tɛ.pak̚.i.ta],[dʒin.tʃ͈a.dɛ.bak̚.i.da]
굿 나잇,21,[kut̚.na.it̚],[gut̚.na.it̚]
너무 가깝게,21,[nʌ.mu.ka.k͈ap̚.ke],[nʌ.mu.ga.k͈ap̚.ke]
난 지금 이,21,[nan.tʃi.kɯm.i],[nan.dʒi.gɯm.i]
너무 가난해서,21,[nʌ.mu.ka.nan.hɛ.sʌ],[nʌ.mu.ga.nan.hɛ.sʌ]
어떤 위협도,21,[ʌ.t͈ʌn.wi.hjʌp̚.to],[ʌ.t͈ʌn.wi.hjʌp̚.to]
나한테 자기,21,[na.han.tʰe.tʃa.ki],[na.han.tʰe.dʒa.gi]
그의 엉덩이를,21,[kɯ.ɯi.ʌŋ.tʌŋ.i.ɾɯl],[gɯ.ɯi.ʌŋ.dʌŋ.i.ɾɯl]
것 이게,21,[kʌt̚.i.ke],[gʌt̚.i.ge]
사방에 있어요,21,[sa.paŋ.e.it̚.ʌ.jo],[sa.baŋ.e.it̚.ʌ.jo]
운전하는 걸,21,[un.tʃʌn.ha.nɯŋ.kʌl],[un.tʃʌn.ha.nɯn.gʌl]
없어요 전혀,21,[ʌp̚.ʌ.jo.tʃʌn.hjʌ],[ʌp̚.ʌ.jo.dʒʌn.hjʌ]
거예요 완전히,21,[kʌ.je.jo.wan.tʃʌn.hi],[gʌ.je.jo.wan.tʃʌn.hi]
내가 하길,21,[nɛ.ka.ha.kil],[nɛ.ga.ha.gil]
to fix,21,,
비열한 짓을,21,[pi.jʌl.han.tʃit̚.ɯl],[bi.jʌl.han.dʒit̚.ɯl]
알아 아빠,21,[al.a.a.p͈a],[al.a.a.p͈a]
천 년의,21,[tʃʰʌn.njʌn.ɯi],[tʃʰʌn.njʌn.ɯi]
ba ba ba ba,21,,
개월 더,21,[kɛ.wʌl.tʌ],[gɛ.wʌl.dʌ]
전화기를 가지고,21,[tʃʌn.hwa.ki.ɾɯl.ka.tʃi.ko],[dʒʌn.hwa.gi.ɾɯl.ga.dʒi.go]
천문학 자,21,[tʃʰʌn.mun.hak̚.tʃa],[tʃʰʌn.mun.hak̚.dʒa]
무슨 얘기 중이었죠,21,[mu.sɯn.jɛ.ki.tʃuŋ.i.ʌt̚.tʃjo],[mu.sɯn.jɛ.gi.dʒuŋ.i.ʌt̚.tʃjo]
자네는 뭘,21,[tʃa.ne.nɯn.mwʌl],[dʒa.ne.nɯn.mwʌl]
걸 말해요,21,[kʌl.mal.hɛ.jo],[gʌl.mal.hɛ.jo]
남자를 좋아해,21,[nan.tʃa.ɾɯl.tʃot̚.a.hɛ],[nan.tʃa.ɾɯl.dʒot̚.a.hɛ]
상황을 알,21,[saŋ.hwaŋ.ɯl.al],[saŋ.hwaŋ.ɯl.al]
사설 보안,21,[sa.sʌl.po.an],[sa.sʌl.bo.an]
한데 우리,21,[han.te.u.ɾi],[han.te.u.ɾi]
관심 있다면,21,[kwan.sim.it̚.ta.mjʌn],[gwan.sim.it̚.ta.mjʌn]
제가 이 자리에,21,[tʃe.ka.i.tʃa.ɾi.e],[dʒe.ga.i.dʒa.ɾi.e]
네가 받을,21,[ne.ka.pat̚.ɯl],[ne.ga.bat̚.ɯl]
것 같아요 좋아,21,[kʌt̚.kat̚.a.jo.tʃot̚.a],[gʌt̚.gat̚.a.jo.dʒot̚.a]
큰일을 할,21,[kʰɯn.il.ɯl.hal],[kʰɯn.il.ɯl.hal]
놀이 기구,21,[nol.i.ki.ku],[nol.i.gi.gu]
was still,21,,
것 좀 봐요,21,[kʌt̚.tʃom.pwa.jo],[gʌt̚.dʒom.bwa.jo]
하려는 겁니까,21,[ha.ɾjʌ.nɯŋ.kʌp̚.ni.k͈a],[ha.ɾjʌ.nɯn.gʌp̚.ni.k͈a]
시간 내주셔서 고마워요,21,[si.kan.nɛ.tʃu.sjʌ.sʌ.ko.ma.wʌ.jo],[si.gan.nɛ.dʒu.sjʌ.sʌ.go.ma.wʌ.jo]
번 채널로,21,[pʌn.tʃʰɛ.nʌl.ɾo],[bʌn.tʃʰɛ.nʌl.ɾo]
같은 거라면,21,[kat̚.ɯŋ.kʌ.ɾa.mjʌn],[gat̚.ɯn.gʌ.ɾa.mjʌn]
놈 다,21,[non.ta],[nom.da]
말을 할 수 없다,21,[mal.ɯl.hal.su.ʌp̚.ta],[mal.ɯl.hal.su.ʌp̚.ta]
시간 말이야,21,[si.kan.mal.i.ja],[si.gan.mal.i.ja]
전에 잡아야,21,[tʃʌn.e.tʃap̚.a.ja],[dʒʌn.e.dʒap̚.a.ja]
덕에 살았어,21,[tʌk̚.e.sal.at̚.ʌ],[dʌk̚.e.sal.at̚.ʌ]
거래 때문에,21,[kʌ.ɾɛ.t͈ɛ.mun.e],[gʌ.ɾɛ.t͈ɛ.mun.e]
시간 전'',21,[si.kan.tʃʌn],[si.gan.dʒʌn]
목을 베고,21,[mok̚.ɯl.pe.ko],[mok̚.ɯl.be.go]
자기 옷을,21,[tʃa.ki.ot̚.ɯl],[dʒa.gi.ot̚.ɯl]
명만 있으면,21,[mjʌŋ.man.it̚.ɯ.mjʌn],[mjʌŋ.man.it̚.ɯ.mjʌn]
함께 있니,21,[ham.k͈e.it̚.ni],[ham.k͈e.it̚.ni]
이제 그만하죠,21,[i.tʃe.kɯ.man.ha.tʃjo],[i.dʒe.gɯ.man.ha.dʒjo]
모든 진술은,21,[mo.tɯn.tʃin.sul.ɯn],[mo.dɯn.dʒin.sul.ɯn]
전에 죽었다고,21,[tʃʌn.e.tʃuk̚.ʌt̚.ta.ko],[dʒʌn.e.dʒuk̚.ʌt̚.ta.go]
말이 내가,21,[mal.i.nɛ.ka],[mal.i.nɛ.ga]
쪽으로 온,21,[tʃ͈ok̚.ɯ.ɾo.on],[tʃ͈ok̚.ɯ.ɾo.on]
당신 변호사가,21,[taŋ.sim.pjʌn.ho.sa.ka],[daŋ.sin.bjʌn.ho.sa.ga]
안 돼 일단,21,[an.twɛ.il.tan],[an.dwɛ.il.tan]
것 처럼 말이야,21,[kʌt̚.tʃʰʌ.ɾʌm.mal.i.ja],[gʌt̚.tʃʰʌ.ɾʌm.mal.i.ja]
놈의 머리를,21,[nom.ɯi.mʌ.ɾi.ɾɯl],[nom.ɯi.mʌ.ɾi.ɾɯl]
시간이 됐다,21,[si.kan.i.twɛt̚.ta],[si.gan.i.dwɛt̚.ta]
궁금할까 봐,21,[kuŋ.kɯm.hal.k͈a.pwa],[guŋ.gɯm.hal.k͈a.bwa]
자네 아들은,21,[tʃa.ne.a.tɯl.ɯn],[dʒa.ne.a.dɯl.ɯn]
끝난 것 같군요,21,[k͈ɯt̚.naŋ.kʌt̚.kat̚.kun.jo],[k͈ɯt̚.nan.gʌt̚.gat̚.kun.jo]
끝난 것 같다,21,[k͈ɯt̚.naŋ.kʌt̚.kat̚.ta],[k͈ɯt̚.nan.gʌt̚.gat̚.ta]
이 일에서 빠져,21,[i.il.e.sʌ.p͈a.tʃjʌ],[i.il.e.sʌ.p͈a.dʒjʌ]
묻지 않는다,21,[mut̚.tʃi.an.nɯn.ta],[mut̚.tʃi.an.nɯn.ta]
궁금해 하고있어,21,[kuŋ.kɯm.hɛ.ha.ko.it̚.ʌ],[guŋ.gɯm.hɛ.ha.go.it̚.ʌ]
아 너무,21,[a.nʌ.mu],[a.nʌ.mu]
비행 전,21,[pi.hɛŋ.tʃʌn],[bi.hɛŋ.dʒʌn]
건 시간 낭비야,21,[kʌn.si.kan.nam.pi.ja],[gʌn.si.gan.naŋ.bi.ja]
시간이 지나서,21,[si.kan.i.tʃi.na.sʌ],[si.gan.i.dʒi.na.sʌ]
드디어 만났네,21,[tɯ.ti.ʌ.man.nat̚.ne],[dɯ.di.ʌ.man.nat̚.ne]
시간이 촉박해,21,[si.kan.i.tʃʰok̚.pak̚.hɛ],[si.gan.i.tʃʰok̚.pak̚.hɛ]
없었겠군 최고,21,[ʌp̚.ʌt̚.ket̚.kun.tʃʰwe.ko],[ʌp̚.ʌt̚.ket̚.kun.tʃʰwe.go]
걱정은 할,21,[kʌk̚.tʃʌŋ.ɯn.hal],[gʌk̚.tʃʌŋ.ɯn.hal]
뭐 먹고 싶은,21,[mwʌ.mʌk̚.ko.sip̚.ɯn],[mwʌ.mʌk̚.ko.sip̚.ɯn]
시간이 필요해서,21,[si.kan.i.pʰil.jo.hɛ.sʌ],[si.gan.i.pʰil.jo.hɛ.sʌ]
시간이 흘러,21,[si.kan.i.hɯl.ɾʌ],[si.gan.i.hɯl.ɾʌ]
언제 나와,21,[ʌn.tʃe.na.wa],[ʌn.tʃe.na.wa]
믿기지 않는군,21,[mit̚.ki.tʃi.an.nɯŋ.kun],[mit̚.ki.dʒi.an.nɯŋ.kun]
시간이면 돼요,21,[si.kan.i.mjʌn.twɛ.jo],[si.gan.i.mjʌn.dwɛ.jo]
믿기지 않을,21,[mit̚.ki.tʃi.an.ɯl],[mit̚.ki.dʒi.an.ɯl]
난 네가 죽은 줄,21,[nan.ne.ka.tʃuk̚.ɯn.tʃul],[nan.ne.ga.dʒuk̚.ɯn.dʒul]
비행기 밖으로,21,[pi.hɛŋ.ki.pak̚.ɯ.ɾo],[bi.hɛŋ.gi.bak̚.ɯ.ɾo]
혼자 올,21,[hon.tʃa.ol],[hon.tʃa.ol]
너무 늙어서,21,[nʌ.mu.nɯk̚.ʌ.sʌ],[nʌ.mu.nɯk̚.ʌ.sʌ]
바지 벗고,21,[pa.tʃi.pʌt̚.ko],[ba.dʒi.bʌt̚.ko]
믿기지가 않는군,21,[mit̚.ki.tʃi.ka.an.nɯŋ.kun],[mit̚.ki.dʒi.ga.an.nɯŋ.kun]
난 쟤,21,[nan.tʃjɛ],[nan.dʒjɛ]
난 이런 건,21,[nan.i.ɾʌŋ.kʌn],[nan.i.ɾʌn.gʌn]
I should be,21,,
아무것도 신경,21,[a.mu.kʌt̚.to.siŋ.kjʌŋ],[a.mu.gʌt̚.to.siŋ.kjʌŋ]
사실을 알았을 때,21,[sa.sil.ɯl.al.at̚.ɯl.t͈ɛ],[sa.sil.ɯl.al.at̚.ɯl.t͈ɛ]
my love open the,21,,
들은 사람이,21,[tɯl.ɯn.sa.ɾam.i],[dɯl.ɯn.sa.ɾam.i]
돌아가야 돼요,21,[tol.a.ka.ja.twɛ.jo],[dol.a.ga.ja.dwɛ.jo]
사실이 아니잖아,21,[sa.sil.i.a.ni.tʃan.a],[sa.sil.i.a.ni.dʒan.a]
방지하기 위해,21,[paŋ.tʃi.ha.ki.wi.hɛ],[baŋ.dʒi.ha.gi.wi.hɛ]
위해 평생을,21,[wi.hɛ.pʰjʌŋ.sɛŋ.ɯl],[wi.hɛ.pʰjʌŋ.sɛŋ.ɯl]
물 위로,21,[mul.wi.ɾo],[mul.wi.ɾo]
그건 분명해,21,[kɯ.kʌm.pun.mjʌŋ.hɛ],[gɯ.gʌn.bun.mjʌŋ.hɛ]
제가 있어야,21,[tʃe.ka.it̚.ʌ.ja],[dʒe.ga.it̚.ʌ.ja]
사실이든 아니든,21,[sa.sil.i.tɯn.a.ni.tɯn],[sa.sil.i.dɯn.a.ni.dɯn]
함께 그들은,21,[ham.k͈e.kɯ.tɯl.ɯn],[ham.k͈e.gɯ.dɯl.ɯn]
시에 봐,21,[si.e.pwa],[si.e.bwa]
일이 있은 후에,21,[il.i.it̚.ɯn.hu.e],[il.i.it̚.ɯn.hu.e]
말이 있으니,21,[mal.i.it̚.ɯ.ni],[mal.i.it̚.ɯ.ni]
분 이내로,21,[pun.i.nɛ.ɾo],[bun.i.nɛ.ɾo]
저지른 짓을,21,[tʃʌ.tʃi.ɾɯn.tʃit̚.ɯl],[dʒʌ.dʒi.ɾɯn.dʒit̚.ɯl]
시험하는 거야,21,[si.hʌm.ha.nɯŋ.kʌ.ja],[si.hʌm.ha.nɯn.gʌ.ja]
죽어도 싸요,21,[tʃuk̚.ʌ.to.s͈a.jo],[dʒuk̚.ʌ.do.s͈a.jo]
그녀는 살아있다,21,[kɯ.njʌ.nɯn.sal.a.it̚.ta],[gɯ.njʌ.nɯn.sal.a.it̚.ta]
알아챘어야 했는데,21,[al.a.tʃʰɛt̚.ʌ.ja.hɛt̚.nɯn.te],[al.a.tʃʰɛt̚.ʌ.ja.hɛt̚.nɯn.te]
시작한 일,21,[si.tʃak̚.han.il],[si.dʒak̚.han.il]
만드는 여자 말이야,21,[man.tɯ.nɯn.jʌ.tʃa.mal.i.ja],[man.tɯ.nɯn.jʌ.dʒa.mal.i.ja]
자네는 너무,21,[tʃa.ne.nɯn.nʌ.mu],[dʒa.ne.nɯn.nʌ.mu]
너무 떨려서,21,[nʌ.mu.t͈ʌl.ɾjʌ.sʌ],[nʌ.mu.t͈ʌl.ɾjʌ.sʌ]
것도 그냥,21,[kʌt̚.to.kɯ.njaŋ],[gʌt̚.to.gɯ.njaŋ]
어떤 근거로,21,[ʌ.t͈ʌŋ.kɯŋ.kʌ.ɾo],[ʌ.t͈ʌn.gɯŋ.kʌ.ɾo]
가야 된다,21,[ka.ja.twen.ta],[ga.ja.dwen.ta]
wasn''t there,21,,
알았는데 이렇게,21,[al.at̚.nɯn.te.i.ɾʌt̚.ke],[al.at̚.nɯn.te.i.ɾʌt̚.ke]
함께 우리,21,[ham.k͈e.u.ɾi],[ham.k͈e.u.ɾi]
건지 알아봐,21,[kʌn.tʃi.al.a.pwa],[gʌn.tʃi.al.a.bwa]
나는 생각해,21,[na.nɯn.sɛŋ.kak̚.hɛ],[na.nɯn.sɛŋ.gak̚.hɛ]
만든 거고,21,[man.tɯŋ.kʌ.ko],[man.tɯn.gʌ.go]
자네만 괜찮다면,21,[tʃa.ne.maŋ.kwɛn.tʃʰan.ta.mjʌn],[dʒa.ne.man.gwɛn.tʃʰan.ta.mjʌn]
나는 그것이 매우,21,[na.nɯŋ.kɯ.kʌt̚.i.mɛ.u],[na.nɯn.gɯ.gʌt̚.i.mɛ.u]
this all,21,,
시카고 경찰,21,[si.kʰa.ko.kjʌŋ.tʃʰal],[si.kʰa.go.gjʌŋ.tʃʰal]
날 붙잡아,21,[nal.put̚.tʃap̚.a],[nal.but̚.tʃap̚.a]
자네의 도움이,21,[tʃa.ne.ɯi.to.um.i],[dʒa.ne.ɯi.do.um.i]
늘 있어,21,[nɯl.it̚.ʌ],[nɯl.it̚.ʌ]
너무 많은 거,21,[nʌ.mu.man.ɯŋ.kʌ],[nʌ.mu.man.ɯn.gʌ]
범행을 저지를,21,[pʌm.hɛŋ.ɯl.tʃʌ.tʃi.ɾɯl],[bʌm.hɛŋ.ɯl.dʒʌ.dʒi.ɾɯl]
것이 무엇이든,21,[kʌt̚.i.mu.ʌt̚.i.tɯn],[gʌt̚.i.mu.ʌt̚.i.dɯn]
죄로 수감됐어요 그러다,21,[tʃwe.ɾo.su.kan.twɛt̚.ʌ.jo.kɯ.ɾʌ.ta],[dʒwe.ɾo.su.gan.twɛt̚.ʌ.jo.gɯ.ɾʌ.da]
누군지 몰랐어,21,[nu.kun.tʃi.mol.ɾat̚.ʌ],[nu.gun.tʃi.mol.ɾat̚.ʌ]
몇 개예요,21,[mjʌt̚.kɛ.je.jo],[mjʌt̚.gɛ.je.jo]
식으로 해,21,[sik̚.ɯ.ɾo.hɛ],[sik̚.ɯ.ɾo.hɛ]
늘 제가,21,[nɯl.tʃe.ka],[nɯl.dʒe.ga]
수 있다 그래,21,[su.it̚.ta.kɯ.ɾɛ],[su.it̚.ta.gɯ.ɾɛ]
온 도시를,21,[on.to.si.ɾɯl],[on.do.si.ɾɯl]
신 기사,21,[siŋ.ki.sa],[sin.gi.sa]
무슨 애들,21,[mu.sɯn.ɛ.tɯl],[mu.sɯn.ɛ.dɯl]
안 해요 그래,21,[an.hɛ.jo.kɯ.ɾɛ],[an.hɛ.jo.gɯ.ɾɛ]
위해서 말입니다,21,[wi.hɛ.sʌ.mal.ip̚.ni.ta],[wi.hɛ.sʌ.mal.ip̚.ni.da]
자랑스러울 거야,21,[tʃa.ɾaŋ.sɯ.ɾʌ.ul.kʌ.ja],[dʒa.ɾaŋ.sɯ.ɾʌ.ul.gʌ.ja]
거고 다,21,[kʌ.ko.ta],[gʌ.go.da]
그건 정말로,21,[kɯ.kʌn.tʃʌŋ.mal.ɾo],[gɯ.gʌn.dʒʌŋ.mal.ɾo]
신경을 써야,21,[siŋ.kjʌŋ.ɯl.s͈ʌ.ja],[siŋ.kjʌŋ.ɯl.s͈ʌ.ja]
어떤 길을,21,[ʌ.t͈ʌŋ.kil.ɯl],[ʌ.t͈ʌn.gil.ɯl]
곧 간다고,21,[kot̚.kan.ta.ko],[got̚.gan.ta.go]
난 어떡해,21,[nan.ʌ.t͈ʌk̚.hɛ],[nan.ʌ.t͈ʌk̚.hɛ]
누가 아니래요,21,[nu.ka.a.ni.ɾɛ.jo],[nu.ga.a.ni.ɾɛ.jo]
신문 기사,21,[sin.muŋ.ki.sa],[sin.mun.gi.sa]
신발은 안,21,[sim.pal.ɯn.an],[sim.pal.ɯn.an]
need to see,21,,
거 보여 줄까,21,[kʌ.po.jʌ.tʃul.k͈a],[gʌ.bo.jʌ.dʒul.k͈a]
말 믿지 마,21,[mal.mit̚.tʃi.ma],[mal.mit̚.tʃi.ma]
신분증 있어,21,[sim.pun.tʃɯŋ.it̚.ʌ],[sim.pun.tʃɯŋ.it̚.ʌ]
길이 안,21,[kil.i.an],[gil.i.an]
날 상대로,21,[nal.saŋ.tɛ.ɾo],[nal.saŋ.dɛ.ɾo]
멋쩍은 헛기침,21,[mʌt̚.tʃ͈ʌk̚.ɯn.hʌt̚.ki.tʃʰim],[mʌt̚.tʃ͈ʌk̚.ɯn.hʌt̚.ki.tʃʰim]
후에 저는,21,[hu.e.tʃʌ.nɯn],[hu.e.dʒʌ.nɯn]
반응을 안,21,[pan.ɯŋ.ɯl.an],[ban.ɯŋ.ɯl.an]
털 거야,21,[tʰʌl.kʌ.ja],[tʰʌl.gʌ.ja]
신원 조회를,21,[sin.wʌn.tʃo.hwe.ɾɯl],[sin.wʌn.dʒo.hwe.ɾɯl]
누가 자네를,21,[nu.ka.tʃa.ne.ɾɯl],[nu.ga.dʒa.ne.ɾɯl]
곁에 있어줘서,21,[kjʌt̚.e.it̚.ʌ.tʃwʌ.sʌ],[gjʌt̚.e.it̚.ʌ.dʒwʌ.sʌ]
만든 줄,21,[man.tɯn.tʃul],[man.tɯn.dʒul]
감옥에 갈 수도 있어,21,[kam.ok̚.e.kal.su.to.it̚.ʌ],[gam.ok̚.e.gal.su.do.it̚.ʌ]
잘 살피고,21,[tʃal.sal.pʰi.ko],[dʒal.sal.pʰi.go]
아기 낳을,21,[a.ki.nat̚.ɯl],[a.gi.nat̚.ɯl]
전체 시스템을,21,[tʃʌn.tʃʰe.si.sɯ.tʰem.ɯl],[dʒʌn.tʃʰe.si.sɯ.tʰem.ɯl]
아기 낳는,21,[a.ki.nat̚.nɯn],[a.gi.nat̚.nɯn]
이러는 걸까,21,[i.ɾʌ.nɯŋ.kʌl.k͈a],[i.ɾʌ.nɯn.gʌl.k͈a]
알았어요 혹시,21,[al.at̚.ʌ.jo.hok̚.si],[al.at̚.ʌ.jo.hok̚.si]
법원에 가서,21,[pʌp̚.wʌn.e.ka.sʌ],[bʌp̚.wʌn.e.ga.sʌ]
겁니다 지금은,21,[kʌp̚.ni.ta.tʃi.kɯm.ɯn],[gʌp̚.ni.da.dʒi.gɯm.ɯn]
키스할 거야,21,[kʰi.sɯ.hal.kʌ.ja],[kʰi.sɯ.hal.gʌ.ja]
만들 거니까,21,[man.tɯl.kʌ.ni.k͈a],[man.tɯl.gʌ.ni.k͈a]
안 쓰려고,21,[an.s͈ɯ.ɾjʌ.ko],[an.s͈ɯ.ɾjʌ.go]
정말 작은,21,[tʃʌŋ.mal.tʃak̚.ɯn],[dʒʌŋ.mal.dʒak̚.ɯn]
물론 내가 하지,21,[mul.ɾon.nɛ.ka.ha.tʃi],[mul.ɾon.nɛ.ga.ha.dʒi]
뭐 물어봐도 돼,21,[mwʌ.mul.ʌ.pwa.to.twɛ],[mwʌ.mul.ʌ.bwa.do.dwɛ]
그 달콤한,21,[kɯ.tal.kʰom.han],[gɯ.dal.kʰom.han]
믿을 수 없네,21,[mit̚.ɯl.su.ʌp̚.ne],[mit̚.ɯl.su.ʌp̚.ne]
이룬 것,21,[i.ɾuŋ.kʌt̚],[i.ɾun.gʌt̚]
밖에서 좀,21,[pak̚.e.sʌ.tʃom],[bak̚.e.sʌ.dʒom]
사이에 있어,21,[sa.i.e.it̚.ʌ],[sa.i.e.it̚.ʌ]
보는 거라고,21,[po.nɯŋ.kʌ.ɾa.ko],[bo.nɯn.gʌ.ɾa.go]
비행할 수,21,[pi.hɛŋ.hal.su],[bi.hɛŋ.hal.su]
그리고 지금도,21,[kɯ.ɾi.ko.tʃi.kɯn.to],[gɯ.ɾi.go.dʒi.gɯn.to]
있어 이 모든,21,[it̚.ʌ.i.mo.tɯn],[it̚.ʌ.i.mo.dɯn]
일주일에 두 번씩,21,[il.tʃu.il.e.tu.pʌn.s͈ik̚],[il.tʃu.il.e.du.bʌn.s͈ik̚]
때를 생각나게,21,[t͈ɛ.ɾɯl.sɛŋ.kak̚.na.ke],[t͈ɛ.ɾɯl.sɛŋ.gak̚.na.ge]
곧 죽을 것이다,21,[kot̚.tʃuk̚.ɯl.kʌt̚.i.ta],[got̚.dʒuk̚.ɯl.gʌt̚.i.da]
지난 일이고,21,[tʃi.nan.il.i.ko],[dʒi.nan.il.i.go]
볼 수만 있다면,21,[pol.su.man.it̚.ta.mjʌn],[bol.su.man.it̚.ta.mjʌn]
있거든요 전,21,[it̚.kʌ.tɯn.jo.tʃʌn],[it̚.kʌ.dɯn.jo.dʒʌn]
궤도를 돌고,21,[kwe.to.ɾɯl.tol.ko],[gwe.do.ɾɯl.dol.ko]
돼 줘,21,[twɛ.tʃwʌ],[dwɛ.dʒwʌ]
온 종일,21,[on.tʃoŋ.il],[on.dʒoŋ.il]
끝이야 이,21,[k͈ɯt̚.i.ja.i],[k͈ɯt̚.i.ja.i]
뭘 믿든,21,[mwʌl.mit̚.tɯn],[mwʌl.mit̚.tɯn]
위해서요 이,21,[wi.hɛ.sʌ.jo.i],[wi.hɛ.sʌ.jo.i]
사인 좀 해,21,[sa.in.tʃom.hɛ],[sa.in.dʒom.hɛ]
안 줬지,21,[an.tʃwʌt̚.tʃi],[an.dʒwʌt̚.tʃi]
모두 즐겁게,21,[mo.tu.tʃɯl.kʌp̚.ke],[mo.du.dʒɯl.kʌp̚.ke]
알죠 내,21,[al.tʃjo.nɛ],[al.tʃjo.nɛ]
있게 되었습니다,21,[it̚.ke.twe.ʌt̚.sɯp̚.ni.ta],[it̚.ke.dwe.ʌt̚.sɯp̚.ni.da]
온 편지,21,[om.pʰjʌn.tʃi],[om.pʰjʌn.tʃi]
Tell me what you,21,,
큰 계획의,21,[kʰɯŋ.kje.hwek̚.ɯi],[kʰɯn.gje.hwek̚.ɯi]
같은 고등학교,21,[kat̚.ɯŋ.ko.tɯŋ.hak̚.kjo],[gat̚.ɯn.go.dɯŋ.hak̚.kjo]
싫다면 어쩔,21,[sil.ta.mjʌn.ʌ.tʃ͈ʌl],[sil.ta.mjʌn.ʌ.tʃ͈ʌl]
할게 왜,21,[hal.ke.wɛ],[hal.ke.wɛ]
머무를 거야,21,[mʌ.mu.ɾɯl.kʌ.ja],[mʌ.mu.ɾɯl.gʌ.ja]
내 아들들,21,[nɛ.a.tɯl.tɯl],[nɛ.a.dɯl.tɯl]
어떤 남자인지,21,[ʌ.t͈ʌn.nan.tʃa.in.tʃi],[ʌ.t͈ʌn.nan.tʃa.in.tʃi]
가서 잠,21,[ka.sʌ.tʃam],[ga.sʌ.dʒam]
만들 수 있을까,21,[man.tɯl.su.it̚.ɯl.k͈a],[man.tɯl.su.it̚.ɯl.k͈a]
너무 슬프다,21,[nʌ.mu.sɯl.pʰɯ.ta],[nʌ.mu.sɯl.pʰɯ.da]
알지만 이제,21,[al.tʃi.man.i.tʃe],[al.tʃi.man.i.dʒe]
당신의 감정을,21,[taŋ.sin.ɯi.kan.tʃʌŋ.ɯl],[daŋ.sin.ɯi.gan.tʃʌŋ.ɯl]
응 c,21,[ɯŋ],[ɯŋ]
샅샅이 뒤지다,21,[sat̚.sat̚.i.twi.tʃi.ta],[sat̚.sat̚.i.dwi.dʒi.da]
들키지 마,21,[tɯl.kʰi.tʃi.ma],[dɯl.kʰi.dʒi.ma]
위험에 빠뜨릴 수,21,[wi.hʌm.e.p͈a.t͈ɯ.ɾil.su],[wi.hʌm.e.p͈a.t͈ɯ.ɾil.su]
봤는데 다,21,[pwat̚.nɯn.te.ta],[bwat̚.nɯn.te.da]
있었어요 그렇게,21,[it̚.ʌt̚.ʌ.jo.kɯ.ɾʌt̚.ke],[it̚.ʌt̚.ʌ.jo.gɯ.ɾʌt̚.ke]
위험에 빠뜨리지,21,[wi.hʌm.e.p͈a.t͈ɯ.ɾi.tʃi],[wi.hʌm.e.p͈a.t͈ɯ.ɾi.dʒi]
들킨 것,21,[tɯl.kʰiŋ.kʌt̚],[dɯl.kʰin.gʌt̚]
위험에 빠트릴,21,[wi.hʌm.e.p͈a.tʰɯ.ɾil],[wi.hʌm.e.p͈a.tʰɯ.ɾil]
사진 보내,21,[sa.tʃim.po.nɛ],[sa.dʒin.bo.nɛ]
빚을 갚아야지,21,[pit̚.ɯl.kap̚.a.ja.tʃi],[bit̚.ɯl.gap̚.a.ja.dʒi]
위험에 처하면,21,[wi.hʌm.e.tʃʰʌ.ha.mjʌn],[wi.hʌm.e.tʃʰʌ.ha.mjʌn]
혼자 있는데,21,[hon.tʃa.it̚.nɯn.te],[hon.tʃa.it̚.nɯn.te]
km쯤 떨어진,21,[tʃ͈ɯn.t͈ʌl.ʌ.tʃin],[tʃ͈ɯn.t͈ʌl.ʌ.dʒin]
전해 드릴,21,[tʃʌn.hɛ.tɯ.ɾil],[dʒʌn.hɛ.dɯ.ɾil]
Thank God,21,,
범죄 때문에,21,[pʌn.tʃwe.t͈ɛ.mun.e],[bʌn.tʃwe.t͈ɛ.mun.e]
이 옷도,21,[i.ot̚.to],[i.ot̚.to]
일으키고 있어요,21,[il.ɯ.kʰi.ko.it̚.ʌ.jo],[il.ɯ.kʰi.go.it̚.ʌ.jo]
심심한 조의를,21,[sim.sim.han.tʃo.ɯi.ɾɯl],[sim.sim.han.dʒo.ɯi.ɾɯl]
수연 씨,21,[su.jʌn.s͈i],[su.jʌn.s͈i]
법적 책임을,21,[pʌp̚.tʃʌk̚.tʃʰɛk̚.im.ɯl],[bʌp̚.tʃʌk̚.tʃʰɛk̚.im.ɯl]
자신이 무슨,21,[tʃa.sin.i.mu.sɯn],[dʒa.sin.i.mu.sɯn]
나도 계획이,21,[na.to.kje.hwek̚.i],[na.do.gje.hwek̚.i]
끌어올릴 수,21,[k͈ɯl.ʌ.ol.ɾil.su],[k͈ɯl.ʌ.ol.ɾil.su]
보는 게 좋아요,21,[po.nɯŋ.ke.tʃot̚.a.jo],[bo.nɯn.ge.dʒot̚.a.jo]
빚 다,21,[pit̚.ta],[bit̚.da]
거 알겠는데,21,[kʌ.al.ket̚.nɯn.te],[gʌ.al.ket̚.nɯn.te]
Say what you,21,,
대로 해야죠,21,[tɛ.ɾo.hɛ.ja.tʃjo],[dɛ.ɾo.hɛ.ja.dʒjo]
그놈이 이제,21,[kɯ.nom.i.i.tʃe],[gɯ.nom.i.i.dʒe]
거 알겠지,21,[kʌ.al.ket̚.tʃi],[gʌ.al.ket̚.tʃi]
대화를 나눌 수,21,[tɛ.hwa.ɾɯl.la.nul.su],[dɛ.hwa.ɾɯl.la.nul.su]
어마어마 하다고,21,[ʌ.ma.ʌ.ma.ha.ta.ko],[ʌ.ma.ʌ.ma.ha.da.go]
총이 필요해요,21,[tʃʰoŋ.i.pʰil.jo.hɛ.jo],[tʃʰoŋ.i.pʰil.jo.hɛ.jo]
내 생각이 맞다면,21,[nɛ.sɛŋ.kak̚.i.mat̚.ta.mjʌn],[nɛ.sɛŋ.gak̚.i.mat̚.ta.mjʌn]
겁니다 아뇨,21,[kʌp̚.ni.ta.a.njo],[gʌp̚.ni.da.a.njo]
믿지 않겠지만,21,[mit̚.tʃi.aŋ.ket̚.tʃi.man],[mit̚.tʃi.aŋ.ket̚.tʃi.man]
누군지 말,21,[nu.kun.tʃi.mal],[nu.gun.tʃi.mal]
When it,21,,
어떤 놈들이,21,[ʌ.t͈ʌn.non.tɯl.i],[ʌ.t͈ʌn.non.tɯl.i]
사진은 안,21,[sa.tʃin.ɯn.an],[sa.dʒin.ɯn.an]
법정에서 보자,21,[pʌp̚.tʃʌŋ.e.sʌ.po.tʃa],[bʌp̚.tʃʌŋ.e.sʌ.bo.dʒa]
줄 아셔,21,[tʃul.a.sjʌ],[dʒul.a.sjʌ]
want to come,21,,
통신 종료,21,[tʰoŋ.sin.tʃoŋ.ɾjo],[tʰoŋ.sin.dʒoŋ.ɾjo]
귀신들과 함께하는 토크 쇼,21,[kwi.sin.tɯl.kwa.ham.k͈e.ha.nɯn.tʰo.kʰɯ.sjo],[gwi.sin.tɯl.kwa.ham.k͈e.ha.nɯn.tʰo.kʰɯ.sjo]
난 이미 알고,21,[nan.i.mi.al.ko],[nan.i.mi.al.ko]
위험이 있어요,21,[wi.hʌm.i.it̚.ʌ.jo],[wi.hʌm.i.it̚.ʌ.jo]
언젠가는 어머니를 죽인,21,[ʌn.tʃeŋ.ka.nɯn.ʌ.mʌ.ni.ɾɯl.tʃuk̚.in],[ʌn.tʃeŋ.ka.nɯn.ʌ.mʌ.ni.ɾɯl.dʒuk̚.in]
나는 이만,21,[na.nɯn.i.man],[na.nɯn.i.man]
울고 있었어요,21,[ul.ko.it̚.ʌt̚.ʌ.jo],[ul.ko.it̚.ʌt̚.ʌ.jo]
자유의 몸으로,21,[tʃa.ju.ɯi.mom.ɯ.ɾo],[dʒa.ju.ɯi.mom.ɯ.ɾo]
회사 이름은,21,[hwe.sa.i.ɾɯm.ɯn],[hwe.sa.i.ɾɯm.ɯn]
가질 수 있다면,21,[ka.tʃil.su.it̚.ta.mjʌn],[ga.dʒil.su.it̚.ta.mjʌn]
I can go,21,,
그럼 제발,21,[kɯ.ɾʌn.tʃe.pal],[gɯ.ɾʌm.dʒe.bal]
등 돌리고,21,[tɯŋ.tol.ɾi.ko],[dɯŋ.dol.ɾi.go]
싶어 알아,21,[sip̚.ʌ.al.a],[sip̚.ʌ.al.a]
좋아해 내가,21,[tʃot̚.a.hɛ.nɛ.ka],[dʒot̚.a.hɛ.nɛ.ga]
수 있어 아무도,21,[su.it̚.ʌ.a.mu.to],[su.it̚.ʌ.a.mu.do]
자주 그래,21,[tʃa.tʃu.kɯ.ɾɛ],[dʒa.dʒu.gɯ.ɾɛ]
자주 쓰는,21,[tʃa.tʃu.s͈ɯ.nɯn],[dʒa.dʒu.s͈ɯ.nɯn]
무슨 일이 일어나는가,21,[mu.sɯn.il.i.il.ʌ.na.nɯŋ.ka],[mu.sɯn.il.i.il.ʌ.na.nɯŋ.ka]
그 얘기로,21,[kɯ.jɛ.ki.ɾo],[gɯ.jɛ.gi.ɾo]
단지 할,21,[tan.tʃi.hal],[dan.tʃi.hal]
앞에 나타나서,21,[ap̚.e.na.tʰa.na.sʌ],[ap̚.e.na.tʰa.na.sʌ]
싶어요 그러니까,21,[sip̚.ʌ.jo.kɯ.ɾʌ.ni.k͈a],[sip̚.ʌ.jo.gɯ.ɾʌ.ni.k͈a]
읽어 줄,21,[ik̚.ʌ.tʃul],[ik̚.ʌ.dʒul]
말할까 봐,21,[mal.hal.k͈a.pwa],[mal.hal.k͈a.bwa]
sick of,21,,
안경을 쓴,21,[aŋ.kjʌŋ.ɯl.s͈ɯn],[aŋ.kjʌŋ.ɯl.s͈ɯn]
난 처음으로,21,[nan.tʃʰʌ.ɯm.ɯ.ɾo],[nan.tʃʰʌ.ɯm.ɯ.ɾo]
위험한 곳으로,21,[wi.hʌm.haŋ.kot̚.ɯ.ɾo],[wi.hʌm.han.got̚.ɯ.ɾo]
있겠지 그건,21,[it̚.ket̚.tʃi.kɯ.kʌn],[it̚.ket̚.tʃi.gɯ.gʌn]
가까이 오고,21,[ka.k͈a.i.o.ko],[ga.k͈a.i.o.go]
by 블랙이글,21,[pɯl.ɾɛk̚.i.kɯl],[bɯl.ɾɛk̚.i.gɯl]
눈 깔아,21,[nuŋ.k͈al.a],[nuŋ.k͈al.a]
대화를 나눴어,21,[tɛ.hwa.ɾɯl.la.nwʌt̚.ʌ],[dɛ.hwa.ɾɯl.la.nwʌt̚.ʌ]
갇혀 있지,21,[kat̚.hjʌ.it̚.tʃi],[gat̚.hjʌ.it̚.tʃi]
말하는 거겠지,21,[mal.ha.nɯŋ.kʌ.ket̚.tʃi],[mal.ha.nɯn.gʌ.get̚.tʃi]
안고 있어,21,[aŋ.ko.it̚.ʌ],[aŋ.ko.it̚.ʌ]
나는 모르는,21,[na.nɯn.mo.ɾɯ.nɯn],[na.nɯn.mo.ɾɯ.nɯn]
어떤 단서도,21,[ʌ.t͈ʌn.tan.sʌ.to],[ʌ.t͈ʌn.dan.sʌ.do]
이용하는 거지,21,[i.joŋ.ha.nɯŋ.kʌ.tʃi],[i.joŋ.ha.nɯn.gʌ.dʒi]
사랑에 빠졌다는,21,[sa.ɾaŋ.e.p͈a.tʃjʌt̚.ta.nɯn],[sa.ɾaŋ.e.p͈a.dʒjʌt̚.ta.nɯn]
없었을 수도,21,[ʌp̚.ʌt̚.ɯl.su.to],[ʌp̚.ʌt̚.ɯl.su.do]
걱정할 필요도,21,[kʌk̚.tʃʌŋ.hal.pʰil.jo.to],[gʌk̚.tʃʌŋ.hal.pʰil.jo.do]
나 나쁜,21,[na.na.p͈ɯn],[na.na.p͈ɯn]
가져가 가져가라고,21,[ka.tʃjʌ.ka.ka.tʃjʌ.ka.ɾa.ko],[ga.dʒjʌ.ga.ga.dʒjʌ.ga.ɾa.go]
싶지 않대요,21,[sip̚.tʃi.an.tɛ.jo],[sip̚.tʃi.an.tɛ.jo]
수 있어요 lrm,21,[su.it̚.ʌ.jo],[su.it̚.ʌ.jo]
그래서 그에게,21,[kɯ.ɾɛ.sʌ.kɯ.e.ke],[gɯ.ɾɛ.sʌ.gɯ.e.ge]
싶지 않아 날,21,[sip̚.tʃi.an.a.nal],[sip̚.tʃi.an.a.nal]
함께 시간을 보내는,21,[ham.k͈e.si.kan.ɯl.po.nɛ.nɯn],[ham.k͈e.si.gan.ɯl.bo.nɛ.nɯn]
사형을 선고한다,21,[sa.hjʌŋ.ɯl.sʌŋ.ko.han.ta],[sa.hjʌŋ.ɯl.sʌŋ.ko.han.ta]
정말 좋아하나,21,[tʃʌŋ.mal.tʃot̚.a.ha.na],[dʒʌŋ.mal.dʒot̚.a.ha.na]
싶지 않아요 내가,21,[sip̚.tʃi.an.a.jo.nɛ.ka],[sip̚.tʃi.an.a.jo.nɛ.ga]
만나본 적도,21,[man.na.pon.tʃʌk̚.to],[man.na.bon.dʒʌk̚.to]
너무 외로워요,21,[nʌ.mu.we.ɾo.wʌ.jo],[nʌ.mu.we.ɾo.wʌ.jo]
너무 우울해,21,[nʌ.mu.u.ul.hɛ],[nʌ.mu.u.ul.hɛ]
안 해도 알아요,21,[an.hɛ.to.al.a.jo],[an.hɛ.do.al.a.jo]
날씨 좋네요,21,[nal.s͈i.tʃot̚.ne.jo],[nal.s͈i.dʒot̚.ne.jo]
눈빛 속에 담는다,21,[num.pit̚.sok̚.e.tam.nɯn.ta],[num.pit̚.sok̚.e.dam.nɯn.ta]
눈빛을 보면,21,[num.pit̚.ɯl.po.mjʌn],[num.pit̚.ɯl.bo.mjʌn]
싶지만 지금은,21,[sip̚.tʃi.man.tʃi.kɯm.ɯn],[sip̚.tʃi.man.dʒi.gɯm.ɯn]
눈빛을 봤어,21,[num.pit̚.ɯl.pwat̚.ʌ],[num.pit̚.ɯl.bwat̚.ʌ]
언니 나,21,[ʌn.ni.na],[ʌn.ni.na]
하나는 이,21,[ha.na.nɯn.i],[ha.na.nɯn.i]
전혀 없나요,21,[tʃʌn.hjʌ.ʌp̚.na.jo],[dʒʌn.hjʌ.ʌp̚.na.jo]
최대한 빨리 돌아올게,21,[tʃʰwe.tɛ.ham.p͈al.ɾi.tol.a.ol.ke],[tʃʰwe.dɛ.ham.p͈al.ɾi.dol.a.ol.ke]
보세요 그래,21,[po.se.jo.kɯ.ɾɛ],[bo.se.jo.gɯ.ɾɛ]
그냥 죽이는,21,[kɯ.njaŋ.tʃuk̚.i.nɯn],[gɯ.njaŋ.dʒuk̚.i.nɯn]
너무 이르지,21,[nʌ.mu.i.ɾɯ.tʃi],[nʌ.mu.i.ɾɯ.dʒi]
말해 그리고,21,[mal.hɛ.kɯ.ɾi.ko],[mal.hɛ.gɯ.ɾi.go]
나 수업,21,[na.su.ʌp̚],[na.su.ʌp̚]
알겠습니다 우리,21,[al.ket̚.sɯp̚.ni.ta.u.ɾi],[al.ket̚.sɯp̚.ni.da.u.ɾi]
좀 쉴게요,21,[tʃom.swil.ke.jo],[dʒom.swil.ke.jo]
데 가자,21,[te.ka.tʃa],[de.ga.dʒa]
그가 있을,21,[kɯ.ka.it̚.ɯl],[gɯ.ga.it̚.ɯl]
아까 우리,21,[a.k͈a.u.ɾi],[a.k͈a.u.ɾi]
있고 너무,21,[it̚.ko.nʌ.mu],[it̚.ko.nʌ.mu]
난 죽어요,21,[nan.tʃuk̚.ʌ.jo],[nan.dʒuk̚.ʌ.jo]
휠러 씨가,21,[hwil.ɾʌ.s͈i.ka],[hwil.ɾʌ.s͈i.ga]
있고 놓아줄 수 없어,21,[it̚.ko.not̚.a.tʃul.su.ʌp̚.ʌ],[it̚.ko.not̚.a.dʒul.su.ʌp̚.ʌ]
그는 곤경에,21,[kɯ.nɯŋ.koŋ.kjʌŋ.e],[gɯ.nɯn.goŋ.kjʌŋ.e]
있고 당신,21,[it̚.ko.taŋ.sin],[it̚.ko.daŋ.sin]
박사님 전,21,[pak̚.sa.nin.tʃʌn],[bak̚.sa.nim.dʒʌn]
responsible for,21,,
내가 안다는,21,[nɛ.ka.an.ta.nɯn],[nɛ.ga.an.ta.nɯn]
썼나 봐요,21,[s͈ʌt̚.na.pwa.jo],[s͈ʌt̚.na.bwa.jo]
보니 이미,21,[po.ni.i.mi],[bo.ni.i.mi]
산산조각 낼,21,[san.san.tʃo.kak̚.nɛl],[san.san.tʃo.gak̚.nɛl]
잡으려고 하는,21,[tʃap̚.ɯ.ɾjʌ.ko.ha.nɯn],[dʒap̚.ɯ.ɾjʌ.go.ha.nɯn]
안녕 개,21,[an.njʌŋ.kɛ],[an.njʌŋ.gɛ]
아주 특별해,21,[a.tʃu.tʰɯk̚.pjʌl.hɛ],[a.dʒu.tʰɯk̚.pjʌl.hɛ]
잘 안 나,21,[tʃal.an.na],[dʒal.an.na]
어서 가져와,21,[ʌ.sʌ.ka.tʃjʌ.wa],[ʌ.sʌ.ga.dʒjʌ.wa]
아이가 너무,21,[a.i.ka.nʌ.mu],[a.i.ga.nʌ.mu]
쏠 것,21,[s͈ol.kʌt̚],[s͈ol.gʌt̚]
잖 아,21,[tʃan.a],[dʒan.a]
거야 최악의,21,[kʌ.ja.tʃʰwe.ak̚.ɯi],[gʌ.ja.tʃʰwe.ak̚.ɯi]
이용해서 범죄와,21,[i.joŋ.hɛ.sʌ.pʌn.tʃwe.wa],[i.joŋ.hɛ.sʌ.bʌn.tʃwe.wa]
귀한 걸,21,[kwi.haŋ.kʌl],[gwi.han.gʌl]
나 때문은,21,[na.t͈ɛ.mun.ɯn],[na.t͈ɛ.mun.ɯn]
뉴스에 나오는,21,[nju.sɯ.e.na.o.nɯn],[nju.sɯ.e.na.o.nɯn]
말하지 말자,21,[mal.ha.tʃi.mal.tʃa],[mal.ha.dʒi.mal.tʃa]
to college,21,,
이용해서 범죄와 싸우고 나,21,[i.joŋ.hɛ.sʌ.pʌn.tʃwe.wa.s͈a.u.ko.na],[i.joŋ.hɛ.sʌ.bʌn.tʃwe.wa.s͈a.u.go.na]
있지 않으니,21,[it̚.tʃi.an.ɯ.ni],[it̚.tʃi.an.ɯ.ni]
This will,21,,
올 만한,21,[ol.man.han],[ol.man.han]
뉴욕에 있어요,21,[nju.jok̚.e.it̚.ʌ.jo],[nju.jok̚.e.it̚.ʌ.jo]
그것을 느낄,21,[kɯ.kʌt̚.ɯl.lɯ.k͈il],[gɯ.gʌt̚.ɯl.lɯ.k͈il]
바꿀 힘이,21,[pa.k͈ul.him.i],[ba.k͈ul.him.i]
쓰려고 했는데,21,[s͈ɯ.ɾjʌ.ko.hɛt̚.nɯn.te],[s͈ɯ.ɾjʌ.go.hɛt̚.nɯn.te]
나 말고 또,21,[na.mal.ko.t͈o],[na.mal.ko.t͈o]
나 말고는 아무도,21,[na.mal.ko.nɯn.a.mu.to],[na.mal.ko.nɯn.a.mu.do]
당신이 나에,21,[taŋ.sin.i.na.e],[daŋ.sin.i.na.e]
당신도 할 수,21,[taŋ.sin.to.hal.su],[daŋ.sin.to.hal.su]
잘 되가나,21,[tʃal.twe.ka.na],[dʒal.dwe.ga.na]
내가 해결했어,21,[nɛ.ka.hɛ.kjʌl.hɛt̚.ʌ],[nɛ.ga.hɛ.gjʌl.hɛt̚.ʌ]
건가 아니면,21,[kʌŋ.ka.a.ni.mjʌn],[gʌŋ.ka.a.ni.mjʌn]
데 도움이 될 거예요,21,[te.to.um.i.twel.kʌ.je.jo],[de.do.um.i.dwel.gʌ.je.jo]
줄 알았는데 네가,21,[tʃul.al.at̚.nɯn.te.ne.ka],[dʒul.al.at̚.nɯn.te.ne.ga]
변하고 있다,21,[pjʌn.ha.ko.it̚.ta],[bjʌn.ha.go.it̚.ta]
규정에 따르면,21,[kju.tʃʌŋ.e.t͈a.ɾɯ.mjʌn],[gju.dʒʌŋ.e.t͈a.ɾɯ.mjʌn]
하지 마시죠,21,[ha.tʃi.ma.si.tʃjo],[ha.dʒi.ma.si.dʒjo]
그의 엄마가,21,[kɯ.ɯi.ʌm.ma.ka],[gɯ.ɯi.ʌm.ma.ga]
쓸 필요는,21,[s͈ɯl.pʰil.jo.nɯn],[s͈ɯl.pʰil.jo.nɯn]
오는 길,21,[o.nɯŋ.kil],[o.nɯn.gil]
말한 것보다,21,[mal.haŋ.kʌt̚.po.ta],[mal.han.gʌt̚.po.da]
My mother,21,,
쓸데없는 짓이야,21,[s͈ɯl.te.ʌp̚.nɯn.tʃit̚.i.ja],[s͈ɯl.te.ʌp̚.nɯn.dʒit̚.i.ja]
너무 진짜,21,[nʌ.mu.tʃin.tʃ͈a],[nʌ.mu.dʒin.tʃ͈a]
있고 아직,21,[it̚.ko.a.tʃik̚],[it̚.ko.a.dʒik̚]
바꾸는 거지,21,[pa.k͈u.nɯŋ.kʌ.tʃi],[ba.k͈u.nɯn.gʌ.dʒi]
말한 모든 것,21,[mal.han.mo.tɯŋ.kʌt̚],[mal.han.mo.dɯn.gʌt̚]
일을 시작하고,21,[il.ɯl.si.tʃak̚.ha.ko],[il.ɯl.si.dʒak̚.ha.go]
그것을 이해하지,21,[kɯ.kʌt̚.ɯl.i.hɛ.ha.tʃi],[gɯ.gʌt̚.ɯl.i.hɛ.ha.dʒi]
근데 확실히,21,[kɯn.te.hwak̚.sil.hi],[gɯn.te.hwak̚.sil.hi]
살 때야,21,[sal.t͈ɛ.ja],[sal.t͈ɛ.ja]
이메일을 보냈어,21,[i.me.il.ɯl.po.nɛt̚.ʌ],[i.me.il.ɯl.bo.nɛt̚.ʌ]
디씨 그아갤,21,[ti.s͈i.kɯ.a.kɛl],[di.s͈i.gɯ.a.gɛl]
살 많이,21,[sal.man.i],[sal.man.i]
일은 미안하게,21,[il.ɯn.mi.an.ha.ke],[il.ɯn.mi.an.ha.ge]
규칙 때문에,21,[kju.tʃʰik̚.t͈ɛ.mun.e],[gju.tʃʰik̚.t͈ɛ.mun.e]
입 다물어라,21,[ip̚.ta.mul.ʌ.ɾa],[ip̚.da.mul.ʌ.ɾa]
못 하는지,21,[mot̚.ha.nɯn.tʃi],[mot̚.ha.nɯn.tʃi]
할지 모를,21,[hal.tʃi.mo.ɾɯl],[hal.tʃi.mo.ɾɯl]
당신이 두렵지,21,[taŋ.sin.i.tu.ɾjʌp̚.tʃi],[daŋ.sin.i.du.ɾjʌp̚.tʃi]
그것을 하기 위해서,21,[kɯ.kʌt̚.ɯl.ha.ki.wi.hɛ.sʌ],[gɯ.gʌt̚.ɯl.ha.gi.wi.hɛ.sʌ]
말할 건,21,[mal.hal.kʌn],[mal.hal.gʌn]
타면 안 돼,21,[tʰa.mjʌn.an.twɛ],[tʰa.mjʌn.an.dwɛ]
경찰이 올 때까지,21,[kjʌŋ.tʃʰal.i.ol.t͈ɛ.k͈a.tʃi],[gjʌŋ.tʃʰal.i.ol.t͈ɛ.k͈a.dʒi]
같은 느낌이 들어,21,[kat̚.ɯn.nɯ.k͈im.i.tɯl.ʌ],[gat̚.ɯn.nɯ.k͈im.i.dɯl.ʌ]
난 실수를,21,[nan.sil.su.ɾɯl],[nan.sil.su.ɾɯl]
씨가 안,21,[s͈i.ka.an],[s͈i.ga.an]
나 신경 쓰지,21,[na.siŋ.kjʌŋ.s͈ɯ.tʃi],[na.siŋ.kjʌŋ.s͈ɯ.dʒi]
메타 인간을 찾아내죠 어머니를,21,[me.tʰa.iŋ.kan.ɯl.tʃʰat̚.a.nɛ.tʃjo.ʌ.mʌ.ni.ɾɯl],[me.tʰa.iŋ.kan.ɯl.tʃʰat̚.a.nɛ.dʒjo.ʌ.mʌ.ni.ɾɯl]
그럴 텐데,21,[kɯ.ɾʌl.tʰen.te],[gɯ.ɾʌl.tʰen.te]
대부분의 사람이,21,[tɛ.pu.pun.ɯi.sa.ɾam.i],[dɛ.bu.bun.ɯi.sa.ɾam.i]
나 보러 온,21,[na.po.ɾʌ.on],[na.bo.ɾʌ.on]
애를 그냥,21,[ɛ.ɾɯl.kɯ.njaŋ],[ɛ.ɾɯl.gɯ.njaŋ]
네가 자신을,21,[ne.ka.tʃa.sin.ɯl],[ne.ga.dʒa.sin.ɯl]
깊게 내뱉으며,21,[kip̚.ke.nɛ.pɛt̚.ɯ.mjʌ],[gip̚.ke.nɛ.bɛt̚.ɯ.mjʌ]
명 정도의,21,[mjʌŋ.tʃʌŋ.to.ɯi],[mjʌŋ.dʒʌŋ.do.ɯi]
아 안돼,21,[a.an.twɛ],[a.an.twɛ]
쉴 시간이,21,[swil.si.kan.i],[swil.si.gan.i]
너무 하고,21,[nʌ.mu.ha.ko],[nʌ.mu.ha.go]
저희 좀 도와주세요,21,[tʃʌ.hɯi.tʃon.to.wa.tʃu.se.jo],[dʒʌ.hɯi.dʒom.do.wa.dʒu.se.jo]
곁에 없으면,21,[kjʌt̚.e.ʌp̚.ɯ.mjʌn],[gjʌt̚.e.ʌp̚.ɯ.mjʌn]
빨간 버튼을,21,[p͈al.kam.pʌ.tʰɯn.ɯl],[p͈al.kan.bʌ.tʰɯn.ɯl]
제가 한 일을,21,[tʃe.ka.han.il.ɯl],[dʒe.ga.han.il.ɯl]
저희 죄인을,21,[tʃʌ.hɯi.tʃwe.in.ɯl],[dʒʌ.hɯi.dʒwe.in.ɯl]
중 하나였지,21,[tʃuŋ.ha.na.jʌt̚.tʃi],[dʒuŋ.ha.na.jʌt̚.tʃi]
그는 그것을 알고,21,[kɯ.nɯŋ.kɯ.kʌt̚.ɯl.al.ko],[gɯ.nɯn.gɯ.gʌt̚.ɯl.al.ko]
데 못,21,[te.mot̚],[de.mot̚]
잘 싸웠다,21,[tʃal.s͈a.wʌt̚.ta],[dʒal.s͈a.wʌt̚.ta]
first place,21,,
것만 알고,21,[kʌt̚.man.al.ko],[gʌt̚.man.al.ko]
아기일 때,21,[a.ki.il.t͈ɛ],[a.gi.il.t͈ɛ]
능력을 쓸,21,[nɯŋ.ɾjʌk̚.ɯl.s͈ɯl],[nɯŋ.ɾjʌk̚.ɯl.s͈ɯl]
한 가지 방법,21,[haŋ.ka.tʃi.pam.pʌp̚],[han.ga.dʒi.baŋ.bʌp̚]
아까도 말했듯이,21,[a.k͈a.to.mal.hɛt̚.tɯt̚.i],[a.k͈a.do.mal.hɛt̚.tɯt̚.i]
늦게 갈지도 모르니까 먼저,21,[nɯt̚.ke.kal.tʃi.to.mo.ɾɯ.ni.k͈a.mʌn.tʃʌ],[nɯt̚.ke.gal.tʃi.do.mo.ɾɯ.ni.k͈a.mʌn.tʃʌ]
알려드리게 되어,21,[al.ɾjʌ.tɯ.ɾi.ke.twe.ʌ],[al.ɾjʌ.dɯ.ɾi.ge.dwe.ʌ]
그게 나에게,21,[kɯ.ke.na.e.ke],[gɯ.ge.na.e.ge]
노력할 것이다,21,[no.ɾjʌk̚.hal.kʌt̚.i.ta],[no.ɾjʌk̚.hal.gʌt̚.i.da]
아내를 다시,21,[a.nɛ.ɾɯl.ta.si],[a.nɛ.ɾɯl.da.si]
겁먹을 필요,21,[kʌp̚.mʌk̚.ɯl.pʰil.jo],[gʌp̚.mʌk̚.ɯl.pʰil.jo]
안으로 들어가지,21,[an.ɯ.ɾo.tɯl.ʌ.ka.tʃi],[an.ɯ.ɾo.dɯl.ʌ.ga.dʒi]
말해 안 그러면,21,[mal.hɛ.aŋ.kɯ.ɾʌ.mjʌn],[mal.hɛ.an.gɯ.ɾʌ.mjʌn]
아냐 나는,21,[a.nja.na.nɯn],[a.nja.na.nɯn]
잘 알지도 못하잖아,21,[tʃal.al.tʃi.to.mot̚.ha.tʃan.a],[dʒal.al.tʃi.do.mot̚.ha.dʒan.a]
풀 수 없는,21,[pʰul.su.ʌp̚.nɯn],[pʰul.su.ʌp̚.nɯn]
있군요 네,21,[it̚.kun.jo.ne],[it̚.kun.jo.ne]
수 있죠 네,21,[su.it̚.tʃjo.ne],[su.it̚.tʃjo.ne]
난 아니지만,21,[nan.a.ni.tʃi.man],[nan.a.ni.dʒi.man]
잘 있나요,21,[tʃal.it̚.na.jo],[dʒal.it̚.na.jo]
줄 알았어 뭐,21,[tʃul.al.at̚.ʌ.mwʌ],[dʒul.al.at̚.ʌ.mwʌ]
번갈아 가며,21,[pʌŋ.kal.a.ka.mjʌ],[bʌŋ.kal.a.ga.mjʌ]
아뇨 그녀는,21,[a.njo.kɯ.njʌ.nɯn],[a.njo.gɯ.njʌ.nɯn]
니 일이나,21,[ni.il.i.na],[ni.il.i.na]
그거 다행이네,21,[kɯ.kʌ.ta.hɛŋ.i.ne],[gɯ.gʌ.da.hɛŋ.i.ne]
있으니 가서,21,[it̚.ɯ.ni.ka.sʌ],[it̚.ɯ.ni.ga.sʌ]
잘 자라는,21,[tʃal.tʃa.ɾa.nɯn],[dʒal.dʒa.ɾa.nɯn]
진 건,21,[tʃiŋ.kʌn],[dʒin.gʌn]
그게 다가 아냐,21,[kɯ.ke.ta.ka.a.nja],[gɯ.ge.da.ga.a.nja]
아뇨 이거,21,[a.njo.i.kʌ],[a.njo.i.gʌ]
놈들이 무슨,21,[non.tɯl.i.mu.sɯn],[non.tɯl.i.mu.sɯn]
올드먼 씨,21,[ol.tɯ.mʌn.s͈i],[ol.tɯ.mʌn.s͈i]
내겐 아무것도,21,[nɛ.ken.a.mu.kʌt̚.to],[nɛ.gen.a.mu.gʌt̚.to]
아내가 있는,21,[a.nɛ.ka.it̚.nɯn],[a.nɛ.ga.it̚.nɯn]
할 말이 있소,21,[hal.mal.i.it̚.so],[hal.mal.i.it̚.so]
저보다 잘,21,[tʃʌ.po.ta.tʃal],[dʒʌ.bo.da.dʒal]
길을 찾은,21,[kil.ɯl.tʃʰat̚.ɯn],[gil.ɯl.tʃʰat̚.ɯn]
그래 그렇다고,21,[kɯ.ɾɛ.kɯ.ɾʌt̚.ta.ko],[gɯ.ɾɛ.gɯ.ɾʌt̚.ta.go]
거기 거기 공략,21,[kʌ.ki.kʌ.ki.koŋ.ɾjak̚],[gʌ.gi.gʌ.gi.goŋ.ɾjak̚]
그게 답니까,21,[kɯ.ke.tap̚.ni.k͈a],[gɯ.ge.dap̚.ni.k͈a]
in distance,21,,
본 여자,21,[pon.jʌ.tʃa],[bon.jʌ.dʒa]
것보다 더한,21,[kʌt̚.po.ta.tʌ.han],[gʌt̚.po.da.dʌ.han]
아는 사람이 또,21,[a.nɯn.sa.ɾam.i.t͈o],[a.nɯn.sa.ɾam.i.t͈o]
TV 소리가 흘러나온다,21,[so.ɾi.ka.hɯl.ɾʌ.na.on.ta],[so.ɾi.ga.hɯl.ɾʌ.na.on.ta]
잘 지켜야,21,[tʃal.tʃi.kʰjʌ.ja],[dʒal.dʒi.kʰjʌ.ja]
올라가고 있어요,21,[ol.ɾa.ka.ko.it̚.ʌ.jo],[ol.ɾa.ga.go.it̚.ʌ.jo]
거기 꼼짝 말고 있어,21,[kʌ.ki.k͈on.tʃ͈ak̚.mal.ko.it̚.ʌ],[gʌ.gi.k͈on.tʃ͈ak̚.mal.ko.it̚.ʌ]
쉽게 알 수,21,[swip̚.ke.al.su],[swip̚.ke.al.su]
있기 전까진,21,[it̚.ki.tʃʌŋ.k͈a.tʃin],[it̚.ki.dʒʌŋ.k͈a.dʒin]
길을 택한,21,[kil.ɯl.tʰɛk̚.han],[gil.ɯl.tʰɛk̚.han]
번도 가본,21,[pʌn.to.ka.pon],[bʌn.to.ga.bon]
너야 네,21,[nʌ.ja.ne],[nʌ.ja.ne]
아내가 집에,21,[a.nɛ.ka.tʃip̚.e],[a.nɛ.ga.dʒip̚.e]
이유가 뭐냐,21,[i.ju.ka.mwʌ.nja],[i.ju.ga.mwʌ.nja]
전쟁을 위해,21,[tʃʌn.tʃɛŋ.ɯl.wi.hɛ],[dʒʌn.tʃɛŋ.ɯl.wi.hɛ]
아는데 그게,21,[a.nɯn.te.kɯ.ke],[a.nɯn.te.gɯ.ge]
올라가는 소리,21,[ol.ɾa.ka.nɯn.so.ɾi],[ol.ɾa.ga.nɯn.so.ɾi]
잘 통제하고,21,[tʃal.tʰoŋ.tʃe.ha.ko],[dʒal.tʰoŋ.dʒe.ha.go]
It seems,21,,
거야 이것 봐,21,[kʌ.ja.i.kʌt̚.pwa],[gʌ.ja.i.gʌt̚.bwa]
근무 시간은,21,[kɯn.mu.si.kan.ɯn],[gɯn.mu.si.gan.ɯn]
난 아직 준비가 안,21,[nan.a.tʃik̚.tʃum.pi.ka.an],[nan.a.dʒik̚.dʒum.pi.ga.an]
새로운 형태의,21,[sɛ.ɾo.un.hjʌŋ.tʰɛ.ɯi],[sɛ.ɾo.un.hjʌŋ.tʰɛ.ɯi]
너랑 똑같아,21,[nʌ.ɾaŋ.t͈ok̚.kat̚.a],[nʌ.ɾaŋ.t͈ok̚.kat̚.a]
살면 안 돼요,21,[sal.mjʌn.an.twɛ.jo],[sal.mjʌn.an.dwɛ.jo]
정말 거기,21,[tʃʌŋ.mal.kʌ.ki],[dʒʌŋ.mal.gʌ.gi]
게 많은 것,21,[ke.man.ɯŋ.kʌt̚],[ge.man.ɯn.gʌt̚]
내가 이번에,21,[nɛ.ka.i.pʌn.e],[nɛ.ga.i.bʌn.e]
않았어요 그쪽,21,[an.at̚.ʌ.jo.kɯ.tʃ͈ok̚],[an.at̚.ʌ.jo.gɯ.tʃ͈ok̚]
있길 바랄,21,[it̚.kil.pa.ɾal],[it̚.kil.ba.ɾal]
하지 않으려고,21,[ha.tʃi.an.ɯ.ɾjʌ.ko],[ha.dʒi.an.ɯ.ɾjʌ.go]
그럼 마음대로,21,[kɯ.ɾʌm.ma.ɯn.tɛ.ɾo],[gɯ.ɾʌm.ma.ɯn.tɛ.ɾo]
있는 자를,21,[it̚.nɯn.tʃa.ɾɯl],[it̚.nɯn.dʒa.ɾɯl]
차 수리,21,[tʃʰa.su.ɾi],[tʃʰa.su.ɾi]
올라갈 겁니다,21,[ol.ɾa.kal.kʌp̚.ni.ta],[ol.ɾa.gal.gʌp̚.ni.da]
차라리 잘됐어요,21,[tʃʰa.ɾa.ɾi.tʃal.twɛt̚.ʌ.jo],[tʃʰa.ɾa.ɾi.dʒal.twɛt̚.ʌ.jo]
무슨 일이신데요,21,[mu.sɯn.il.i.sin.te.jo],[mu.sɯn.il.i.sin.te.jo]
우리 눈을,21,[u.ɾi.nun.ɯl],[u.ɾi.nun.ɯl]
다 기억해요,21,[ta.ki.ʌk̚.hɛ.jo],[da.gi.ʌk̚.hɛ.jo]
잘 알고요,21,[tʃal.al.ko.jo],[dʒal.al.ko.jo]
금방 알게,21,[kɯm.paŋ.al.ke],[gɯm.paŋ.al.ke]
한다는 것이다,21,[han.ta.nɯŋ.kʌt̚.i.ta],[han.ta.nɯn.gʌt̚.i.da]
약물 과다 복용으로,21,[jak̚.mul.kwa.ta.pok̚.joŋ.ɯ.ɾo],[jak̚.mul.gwa.da.bok̚.joŋ.ɯ.ɾo]
Because I love,21,,
살아 보고,21,[sal.a.po.ko],[sal.a.bo.go]
계실 텐데,21,[kje.sil.tʰen.te],[gje.sil.tʰen.te]
살아 봐,21,[sal.a.pwa],[sal.a.bwa]
함께 서,21,[ham.k͈e.sʌ],[ham.k͈e.sʌ]
너에게 몇,21,[nʌ.e.ke.mjʌt̚],[nʌ.e.ge.mjʌt̚]
잘못 본 거,21,[tʃal.mot̚.poŋ.kʌ],[dʒal.mot̚.bon.gʌ]
잘못 생각하는,21,[tʃal.mot̚.sɛŋ.kak̚.ha.nɯn],[dʒal.mot̚.sɛŋ.gak̚.ha.nɯn]
대로 했다,21,[tɛ.ɾo.hɛt̚.ta],[dɛ.ɾo.hɛt̚.ta]
내내 안,21,[nɛ.nɛ.an],[nɛ.nɛ.an]
해 지난,21,[hɛ.tʃi.nan],[hɛ.dʒi.nan]
혼자 한 게,21,[hon.tʃa.haŋ.ke],[hon.tʃa.han.ge]
뽑아야 해,21,[p͈op̚.a.ja.hɛ],[p͈op̚.a.ja.hɛ]
그게 사실입니까,21,[kɯ.ke.sa.sil.ip̚.ni.k͈a],[gɯ.ge.sa.sil.ip̚.ni.k͈a]
살아 있었네,21,[sal.a.it̚.ʌt̚.ne],[sal.a.it̚.ʌt̚.ne]
그게 살인,21,[kɯ.ke.sal.in],[gɯ.ge.sal.in]
그거 만지지 마,21,[kɯ.kʌ.man.tʃi.tʃi.ma],[gɯ.gʌ.man.tʃi.dʒi.ma]
날 이해하는,21,[nal.i.hɛ.ha.nɯn],[nal.i.hɛ.ha.nɯn]
보자 엄마,21,[po.tʃa.ʌm.ma],[bo.dʒa.ʌm.ma]
아니면 내가 직접,21,[a.ni.mjʌn.nɛ.ka.tʃik̚.tʃʌp̚],[a.ni.mjʌn.nɛ.ga.dʒik̚.tʃʌp̚]
돼요 알겠습니다,21,[twɛ.jo.al.ket̚.sɯp̚.ni.ta],[dwɛ.jo.al.ket̚.sɯp̚.ni.da]
살아가야 해,21,[sal.a.ka.ja.hɛ],[sal.a.ga.ja.hɛ]
깊은숨을 내뱉는다,21,[kip̚.ɯn.sum.ɯl.lɛ.pɛt̚.nɯn.ta],[gip̚.ɯn.sum.ɯl.lɛ.bɛt̚.nɯn.ta]
아무것도 모르지,21,[a.mu.kʌt̚.to.mo.ɾɯ.tʃi],[a.mu.gʌt̚.to.mo.ɾɯ.dʒi]
not the only,21,,
척하지 말아요,21,[tʃʰʌk̚.ha.tʃi.mal.a.jo],[tʃʰʌk̚.ha.dʒi.mal.a.jo]
그녀를 계속,21,[kɯ.njʌ.ɾɯl.kje.sok̚],[gɯ.njʌ.ɾɯl.gje.sok̚]
Love you,21,,
약속한 거야,21,[jak̚.sok̚.haŋ.kʌ.ja],[jak̚.sok̚.han.gʌ.ja]
내가 잘못한 게,21,[nɛ.ka.tʃal.mot̚.haŋ.ke],[nɛ.ga.dʒal.mot̚.han.ge]
아니야 그렇지 않아,21,[a.ni.ja.kɯ.ɾʌt̚.tʃi.an.a],[a.ni.ja.gɯ.ɾʌt̚.tʃi.an.a]
아니야 난 네가,21,[a.ni.ja.nan.ne.ka],[a.ni.ja.nan.ne.ga]
약속해 약속해,21,[jak̚.sok̚.hɛ.jak̚.sok̚.hɛ],[jak̚.sok̚.hɛ.jak̚.sok̚.hɛ]
뭘 바라는지,21,[mwʌl.pa.ɾa.nɯn.tʃi],[mwʌl.ba.ɾa.nɯn.tʃi]
절 내버려,21,[tʃʌl.lɛ.pʌ.ɾjʌ],[dʒʌl.lɛ.bʌ.ɾjʌ]
절 너무,21,[tʃʌl.lʌ.mu],[dʒʌl.lʌ.mu]
유명 인사가,21,[ju.mjʌŋ.in.sa.ka],[ju.mjʌŋ.in.sa.ga]
노리는 거,21,[no.ɾi.nɯŋ.kʌ],[no.ɾi.nɯn.gʌ]
그런 서비스는,21,[kɯ.ɾʌn.sʌ.pi.sɯ.nɯn],[gɯ.ɾʌn.sʌ.bi.sɯ.nɯn]
안녕하세요 이런,21,[an.njʌŋ.ha.se.jo.i.ɾʌn],[an.njʌŋ.ha.se.jo.i.ɾʌn]
있네 여기,21,[it̚.ne.jʌ.ki],[it̚.ne.jʌ.gi]
보러 갔죠,21,[po.ɾʌ.kat̚.tʃjo],[bo.ɾʌ.gat̚.tʃjo]
살아남지 못할거야,21,[sal.a.nan.tʃi.mot̚.hal.kʌ.ja],[sal.a.nan.tʃi.mot̚.hal.kʌ.ja]
챙겨 줄게,21,[tʃʰɛŋ.kjʌ.tʃul.ke],[tʃʰɛŋ.gjʌ.dʒul.ke]
또 당신,21,[t͈o.taŋ.sin],[t͈o.daŋ.sin]
갑자기 생각이,21,[kap̚.tʃa.ki.sɛŋ.kak̚.i],[gap̚.tʃa.gi.sɛŋ.gak̚.i]
거기 진짜,21,[kʌ.ki.tʃin.tʃ͈a],[gʌ.gi.dʒin.tʃ͈a]
한 거야 이,21,[haŋ.kʌ.ja.i],[han.gʌ.ja.i]
프랭크 내가,21,[pʰɯ.ɾɛŋ.kʰɯ.nɛ.ka],[pʰɯ.ɾɛŋ.kʰɯ.nɛ.ga]
아냐 같이,21,[a.nja.kat̚.i],[a.nja.gat̚.i]
있네 자네가,21,[it̚.ne.tʃa.ne.ka],[it̚.ne.dʒa.ne.ga]
맘 좀,21,[man.tʃom],[mam.dʒom]
살아야 하는지,21,[sal.a.ja.ha.nɯn.tʃi],[sal.a.ja.ha.nɯn.tʃi]
found in,21,,
문제 생겼어,21,[mun.tʃe.sɛŋ.kjʌt̚.ʌ],[mun.tʃe.sɛŋ.gjʌt̚.ʌ]
절 사랑해요,21,[tʃʌl.sa.ɾaŋ.hɛ.jo],[dʒʌl.sa.ɾaŋ.hɛ.jo]
안녕하세요 처음,21,[an.njʌŋ.ha.se.jo.tʃʰʌ.ɯm],[an.njʌŋ.ha.se.jo.tʃʰʌ.ɯm]
날 이후,21,[nal.i.hu],[nal.i.hu]
아니에요 뭘,21,[a.ni.e.jo.mwʌl],[a.ni.e.jo.mwʌl]
만들었을 수도,21,[man.tɯl.ʌt̚.ɯl.su.to],[man.tɯl.ʌt̚.ɯl.su.do]
있네요 내가,21,[it̚.ne.jo.nɛ.ka],[it̚.ne.jo.nɛ.ga]
잠겨 있었어요,21,[tʃam.kjʌ.it̚.ʌt̚.ʌ.jo],[dʒam.kjʌ.it̚.ʌt̚.ʌ.jo]
what I was,21,,
있으면 그런,21,[it̚.ɯ.mjʌŋ.kɯ.ɾʌn],[it̚.ɯ.mjʌn.gɯ.ɾʌn]
제가 언제요,21,[tʃe.ka.ʌn.tʃe.jo],[dʒe.ga.ʌn.tʃe.jo]
맘에 들어온,21,[mam.e.tɯl.ʌ.on],[mam.e.dɯl.ʌ.on]
내가 어디를,21,[nɛ.ka.ʌ.ti.ɾɯl],[nɛ.ga.ʌ.di.ɾɯl]
그래 먼저,21,[kɯ.ɾɛ.mʌn.tʃʌ],[gɯ.ɾɛ.mʌn.tʃʌ]
다 실었나,21,[ta.sil.ʌt̚.na],[da.sil.ʌt̚.na]
내다 버려,21,[nɛ.ta.pʌ.ɾjʌ],[nɛ.da.bʌ.ɾjʌ]
그때 일,21,[kɯ.t͈ɛ.il],[gɯ.t͈ɛ.il]
있으면 금방,21,[it̚.ɯ.mjʌŋ.kɯm.paŋ],[it̚.ɯ.mjʌn.gɯm.paŋ]
후크 지역,21,[hu.kʰɯ.tʃi.jʌk̚],[hu.kʰɯ.dʒi.jʌk̚]
맘에 안들어요,21,[mam.e.an.tɯl.ʌ.jo],[mam.e.an.tɯl.ʌ.jo]
그래서 너가,21,[kɯ.ɾɛ.sʌ.nʌ.ka],[gɯ.ɾɛ.sʌ.nʌ.ga]
아니잖아 우린,21,[a.ni.tʃan.a.u.ɾin],[a.ni.dʒan.a.u.ɾin]
남기지 않는,21,[nam.ki.tʃi.an.nɯn],[nam.ki.dʒi.an.nɯn]
안녕히 계세요 안녕히,21,[an.njʌŋ.hi.kje.se.jo.an.njʌŋ.hi],[an.njʌŋ.hi.gje.se.jo.an.njʌŋ.hi]
살았던 것,21,[sal.at̚.tʌŋ.kʌt̚],[sal.at̚.tʌn.gʌt̚]
아니지 당신이,21,[a.ni.tʃi.taŋ.sin.i],[a.ni.dʒi.daŋ.sin.i]
나 죽일,21,[na.tʃuk̚.il],[na.dʒuk̚.il]
아니지 안,21,[a.ni.tʃi.an],[a.ni.dʒi.an]
달 더,21,[tal.tʌ],[dal.dʌ]
싶은 거구나,21,[sip̚.ɯŋ.kʌ.ku.na],[sip̚.ɯn.gʌ.gu.na]
안녕 여러분,21,[an.njʌŋ.jʌ.ɾʌ.pun],[an.njʌŋ.jʌ.ɾʌ.bun]
했던 말들,21,[hɛt̚.tʌn.mal.tɯl],[hɛt̚.tʌn.mal.tɯl]
겁 많은,21,[kʌp̚.man.ɯn],[gʌp̚.man.ɯn]
바라지 않는다,21,[pa.ɾa.tʃi.an.nɯn.ta],[ba.ɾa.dʒi.an.nɯn.ta]
우리한테 남은,21,[u.ɾi.han.tʰe.nam.ɯn],[u.ɾi.han.tʰe.nam.ɯn]
아닌 것을,21,[a.niŋ.kʌt̚.ɯl],[a.nin.gʌt̚.ɯl]
취한 건,21,[tʃʰwi.haŋ.kʌn],[tʃʰwi.han.gʌn]
잠깐 한,21,[tʃam.k͈an.han],[dʒam.k͈an.han]
만들지 않아,21,[man.tɯl.tʃi.an.a],[man.tɯl.tʃi.an.a]
갔으면 좋겠다,21,[kat̚.ɯ.mjʌn.tʃot̚.ket̚.ta],[gat̚.ɯ.mjʌn.dʒot̚.ket̚.ta]
양이 얼마나,21,[jaŋ.i.ʌl.ma.na],[jaŋ.i.ʌl.ma.na]
더이상 이,21,[tʌ.i.saŋ.i],[dʌ.i.saŋ.i]
친구 그래서,21,[tʃʰiŋ.ku.kɯ.ɾɛ.sʌ],[tʃʰiŋ.ku.gɯ.ɾɛ.sʌ]
너의 가장 큰,21,[nʌ.ɯi.ka.tʃaŋ.kʰɯn],[nʌ.ɯi.ga.dʒaŋ.kʰɯn]
경찰에 신고하기,21,[kjʌŋ.tʃʰal.e.siŋ.ko.ha.ki],[gjʌŋ.tʃʰal.e.siŋ.ko.ha.gi]
잠깐만 안녕,21,[tʃam.k͈an.man.an.njʌŋ],[dʒam.k͈an.man.an.njʌŋ]
잠깐만 앉아,21,[tʃam.k͈an.man.an.a],[dʒam.k͈an.man.an.a]
다 있다고,21,[ta.it̚.ta.ko],[da.it̚.ta.go]
거야 아가씨,21,[kʌ.ja.a.ka.s͈i],[gʌ.ja.a.ga.s͈i]
따라 하고,21,[t͈a.ɾa.ha.ko],[t͈a.ɾa.ha.go]
믿어요 그럼,21,[mit̚.ʌ.jo.kɯ.ɾʌm],[mit̚.ʌ.jo.gɯ.ɾʌm]
있고 좋아,21,[it̚.ko.tʃot̚.a],[it̚.ko.dʒot̚.a]
the hell out of,21,,
뭐가 있는지도,21,[mwʌ.ka.it̚.nɯn.tʃi.to],[mwʌ.ga.it̚.nɯn.tʃi.do]
오라고 했는데,21,[o.ɾa.ko.hɛt̚.nɯn.te],[o.ɾa.go.hɛt̚.nɯn.te]
어젯밤에 우리,21,[ʌ.tʃet̚.pam.e.u.ɾi],[ʌ.dʒet̚.pam.e.u.ɾi]
얘가 또,21,[jɛ.ka.t͈o],[jɛ.ga.t͈o]
뭐가 어디,21,[mwʌ.ka.ʌ.ti],[mwʌ.ga.ʌ.di]
빨리 튀어,21,[p͈al.ɾi.tʰwi.ʌ],[p͈al.ɾi.tʰwi.ʌ]
좋다고 할,21,[tʃot̚.ta.ko.hal],[dʒot̚.ta.go.hal]
오래 갇혀,21,[o.ɾɛ.kat̚.hjʌ],[o.ɾɛ.gat̚.hjʌ]
할 수 있을지 모르겠다,21,[hal.su.it̚.ɯl.tʃi.mo.ɾɯ.ket̚.ta],[hal.su.it̚.ɯl.tʃi.mo.ɾɯ.get̚.ta]
살인 용의자가,21,[sal.in.joŋ.ɯi.tʃa.ka],[sal.in.joŋ.ɯi.dʒa.ga]
차 하나와,21,[tʃʰa.ha.na.wa],[tʃʰa.ha.na.wa]
말 안 했소,21,[mal.an.hɛt̚.so],[mal.an.hɛt̚.so]
너의 동생,21,[nʌ.ɯi.toŋ.sɛŋ],[nʌ.ɯi.doŋ.sɛŋ]
더 나은 제안을,21,[tʌ.na.ɯn.tʃe.an.ɯl],[dʌ.na.ɯn.dʒe.an.ɯl]
안다고 생각했어,21,[an.ta.ko.sɛŋ.kak̚.hɛt̚.ʌ],[an.ta.go.sɛŋ.gak̚.hɛt̚.ʌ]
뭐가 재밌어,21,[mwʌ.ka.tʃɛ.mit̚.ʌ],[mwʌ.ga.dʒɛ.mit̚.ʌ]
수도 있는 거잖아,21,[su.to.it̚.nɯŋ.kʌ.tʃan.a],[su.do.it̚.nɯn.gʌ.dʒan.a]
전화 걸고,21,[tʃʌn.hwa.kʌl.ko],[dʒʌn.hwa.gʌl.ko]
바람 소리 효과음,21,[pa.ɾam.so.ɾi.hjo.kwa.ɯm],[ba.ɾam.so.ɾi.hjo.gwa.ɯm]
케이크 먹고,21,[kʰe.i.kʰɯ.mʌk̚.ko],[kʰe.i.kʰɯ.mʌk̚.ko]
안다고 했잖아,21,[an.ta.ko.hɛt̚.tʃan.a],[an.ta.go.hɛt̚.tʃan.a]
돼 됐어,21,[twɛ.twɛt̚.ʌ],[dwɛ.dwɛt̚.ʌ]
하지만 넌 그러지,21,[ha.tʃi.man.nʌŋ.kɯ.ɾʌ.tʃi],[ha.dʒi.man.nʌn.gɯ.ɾʌ.dʒi]
보여 줘야죠,21,[po.jʌ.tʃwʌ.ja.tʃjo],[bo.jʌ.dʒwʌ.ja.dʒjo]
만들어야 하는데,21,[man.tɯl.ʌ.ja.ha.nɯn.te],[man.tɯl.ʌ.ja.ha.nɯn.te]
가자 날,21,[ka.tʃa.nal],[ga.dʒa.nal]
당신이야 말로,21,[taŋ.sin.i.ja.mal.ɾo],[daŋ.sin.i.ja.mal.ɾo]
가서 놀고,21,[ka.sʌ.nol.ko],[ga.sʌ.nol.ko]
것 같네요 난,21,[kʌt̚.kat̚.ne.jo.nan],[gʌt̚.gat̚.ne.jo.nan]
거야 가야,21,[kʌ.ja.ka.ja],[gʌ.ja.ga.ja]
그릴 거야,21,[kɯ.ɾil.kʌ.ja],[gɯ.ɾil.gʌ.ja]
그릴 때,21,[kɯ.ɾil.t͈ɛ],[gɯ.ɾil.t͈ɛ]
있길 바라지,21,[it̚.kil.pa.ɾa.tʃi],[it̚.kil.ba.ɾa.dʒi]
내 자존심이,21,[nɛ.tʃa.tʃon.sim.i],[nɛ.dʒa.dʒon.sim.i]
그들 전부에게,21,[kɯ.tɯl.tʃʌm.pu.e.ke],[gɯ.dɯl.dʒʌm.pu.e.ge]
무슨 정보,21,[mu.sɯn.tʃʌm.po],[mu.sɯn.dʒʌŋ.bo]
살인자는 아니에요,21,[sal.in.tʃa.nɯn.a.ni.e.jo],[sal.in.tʃa.nɯn.a.ni.e.jo]
싶은 게 뭔지,21,[sip̚.ɯŋ.ke.mwʌn.tʃi],[sip̚.ɯn.ge.mwʌn.tʃi]
아마도 당신의,21,[a.ma.to.taŋ.sin.ɯi],[a.ma.do.daŋ.sin.ɯi]
망치고 싶지 않아요,21,[maŋ.tʃʰi.ko.sip̚.tʃi.an.a.jo],[maŋ.tʃʰi.go.sip̚.tʃi.an.a.jo]
유일한 일은,21,[ju.il.han.il.ɯn],[ju.il.han.il.ɯn]
동의 할,21,[toŋ.ɯi.hal],[doŋ.ɯi.hal]
to wear,21,,
그 관계는,21,[kɯ.kwaŋ.kje.nɯn],[gɯ.gwaŋ.kje.nɯn]
치료에 도움이,21,[tʃʰi.ɾjo.e.to.um.i],[tʃʰi.ɾjo.e.do.um.i]
얘기 중인데,21,[jɛ.ki.tʃuŋ.in.te],[jɛ.gi.dʒuŋ.in.te]
절대 묻지,21,[tʃʌl.tɛ.mut̚.tʃi],[dʒʌl.tɛ.mut̚.tʃi]
안는 거,21,[an.nɯŋ.kʌ],[an.nɯn.gʌ]
잡게 될 거야,21,[tʃap̚.ke.twel.kʌ.ja],[dʒap̚.ke.dwel.gʌ.ja]
난 그런 식으로,21,[naŋ.kɯ.ɾʌn.sik̚.ɯ.ɾo],[nan.gɯ.ɾʌn.sik̚.ɯ.ɾo]
아무 말도 안 한,21,[a.mu.mal.to.an.han],[a.mu.mal.to.an.han]
같은 사람이랑,21,[kat̚.ɯn.sa.ɾam.i.ɾaŋ],[gat̚.ɯn.sa.ɾam.i.ɾaŋ]
살짜리 아이가,21,[sal.tʃ͈a.ɾi.a.i.ka],[sal.tʃ͈a.ɾi.a.i.ga]
thank you for,21,,
말씀드리고 싶은 건,21,[mal.s͈ɯn.tɯ.ɾi.ko.sip̚.ɯŋ.kʌn],[mal.s͈ɯn.tɯ.ɾi.go.sip̚.ɯn.gʌn]
우린 형제야,21,[u.ɾin.hjʌŋ.tʃe.ja],[u.ɾin.hjʌŋ.dʒe.ja]
해 보는 거야,21,[hɛ.po.nɯŋ.kʌ.ja],[hɛ.bo.nɯn.gʌ.ja]
그냥 기다리고,21,[kɯ.njaŋ.ki.ta.ɾi.ko],[gɯ.njaŋ.gi.da.ɾi.go]
있는 중요한,21,[it̚.nɯn.tʃuŋ.jo.han],[it̚.nɯn.dʒuŋ.jo.han]
먹게 되면,21,[mʌk̚.ke.twe.mjʌn],[mʌk̚.ke.dwe.mjʌn]
잡담은 그만하고,21,[tʃap̚.tam.ɯŋ.kɯ.man.ha.ko],[dʒap̚.tam.ɯn.gɯ.man.ha.go]
유전자 변형,21,[ju.tʃʌn.tʃa.pjʌn.hjʌŋ],[ju.dʒʌn.tʃa.bjʌn.hjʌŋ]
아무 일도 없던 것처럼,21,[a.mu.il.to.ʌp̚.tʌŋ.kʌt̚.tʃʰʌ.ɾʌm],[a.mu.il.to.ʌp̚.tʌn.gʌt̚.tʃʰʌ.ɾʌm]
우린 확실히,21,[u.ɾin.hwak̚.sil.hi],[u.ɾin.hwak̚.sil.hi]
way for,21,,
있는 건 어떻게 알았어,21,[it̚.nɯŋ.kʌn.ʌ.t͈ʌt̚.ke.al.at̚.ʌ],[it̚.nɯn.gʌn.ʌ.t͈ʌt̚.ke.al.at̚.ʌ]
살펴 가십시오,21,[sal.pʰjʌ.ka.sip̚.si.o],[sal.pʰjʌ.ga.sip̚.si.o]
보면 당신은,21,[po.mjʌn.taŋ.sin.ɯn],[bo.mjʌn.daŋ.sin.ɯn]
거긴 내가,21,[kʌ.kin.nɛ.ka],[gʌ.gin.nɛ.ga]
유정 선배,21,[ju.tʃʌŋ.sʌm.pɛ],[ju.dʒʌŋ.sʌm.pɛ]
안돼 너무,21,[an.twɛ.nʌ.mu],[an.twɛ.nʌ.mu]
표정이 왜 그래요,21,[pʰjo.tʃʌŋ.i.wɛ.kɯ.ɾɛ.jo],[pʰjo.dʒʌŋ.i.wɛ.gɯ.ɾɛ.jo]
thanks for,21,,
무슨 질문,21,[mu.sɯn.tʃil.mun],[mu.sɯn.dʒil.mun]
그냥 나에게,21,[kɯ.njaŋ.na.e.ke],[gɯ.njaŋ.na.e.ge]
얘기가 아닌,21,[jɛ.ki.ka.a.nin],[jɛ.gi.ga.a.nin]
어떤 사람이라도,21,[ʌ.t͈ʌn.sa.ɾam.i.ɾa.to],[ʌ.t͈ʌn.sa.ɾam.i.ɾa.do]
fix this,21,,
내가 가져왔어,21,[nɛ.ka.ka.tʃjʌ.wat̚.ʌ],[nɛ.ga.ga.dʒjʌ.wat̚.ʌ]
해치는 게,21,[hɛ.tʃʰi.nɯŋ.ke],[hɛ.tʃʰi.nɯn.ge]
있습니다 지난,21,[it̚.sɯp̚.ni.ta.tʃi.nan],[it̚.sɯp̚.ni.da.dʒi.nan]
다니지 않아,21,[ta.ni.tʃi.an.a],[da.ni.dʒi.an.a]
아무것도 못해,21,[a.mu.kʌt̚.to.mot̚.hɛ],[a.mu.gʌt̚.to.mot̚.hɛ]
어쨌든 중요한,21,[ʌ.tʃ͈ɛt̚.tɯn.tʃuŋ.jo.han],[ʌ.tʃ͈ɛt̚.tɯn.dʒuŋ.jo.han]
살해 혐의로 체포한다,21,[sal.hɛ.hjʌm.ɯi.ɾo.tʃʰe.pʰo.han.ta],[sal.hɛ.hjʌm.ɯi.ɾo.tʃʰe.pʰo.han.ta]
잡으러 오고 있어,21,[tʃap̚.ɯ.ɾʌ.o.ko.it̚.ʌ],[dʒap̚.ɯ.ɾʌ.o.go.it̚.ʌ]
잡으러 온 게,21,[tʃap̚.ɯ.ɾʌ.oŋ.ke],[dʒap̚.ɯ.ɾʌ.on.ge]
좋습니다 서둘러,21,[tʃot̚.sɯp̚.ni.ta.sʌ.tul.ɾʌ],[dʒot̚.sɯp̚.ni.da.sʌ.dul.ɾʌ]
만약 그렇게 되면,21,[man.jak̚.kɯ.ɾʌt̚.ke.twe.mjʌn],[man.jak̚.gɯ.ɾʌt̚.ke.dwe.mjʌn]
소리를 들었고,21,[so.ɾi.ɾɯl.tɯl.ʌt̚.ko],[so.ɾi.ɾɯl.dɯl.ʌt̚.ko]
유죄를 인정하는,21,[ju.tʃwe.ɾɯl.in.tʃʌŋ.ha.nɯn],[ju.dʒwe.ɾɯl.in.tʃʌŋ.ha.nɯn]
맞고 있어,21,[mat̚.ko.it̚.ʌ],[mat̚.ko.it̚.ʌ]
아무것도 없었죠,21,[a.mu.kʌt̚.to.ʌp̚.ʌt̚.tʃjo],[a.mu.gʌt̚.to.ʌp̚.ʌt̚.tʃjo]
있는 걸 못,21,[it̚.nɯŋ.kʌl.mot̚],[it̚.nɯn.gʌl.mot̚]
다들 너,21,[ta.tɯl.lʌ],[da.dɯl.lʌ]
저기 들어가서,21,[tʃʌ.ki.tɯl.ʌ.ka.sʌ],[dʒʌ.gi.dɯl.ʌ.ga.sʌ]
살해한 죄로 수감됐어요 그러다,21,[sal.hɛ.han.tʃwe.ɾo.su.kan.twɛt̚.ʌ.jo.kɯ.ɾʌ.ta],[sal.hɛ.han.dʒwe.ɾo.su.gan.twɛt̚.ʌ.jo.gɯ.ɾʌ.da]
빼앗아 갔어요,21,[p͈ɛ.at̚.a.kat̚.ʌ.jo],[p͈ɛ.at̚.a.gat̚.ʌ.jo]
네 부탁을,21,[ne.pu.tʰak̚.ɯl],[ne.bu.tʰak̚.ɯl]
음식이 다,21,[ɯm.sik̚.i.ta],[ɯm.sik̚.i.da]
같은 친구,21,[kat̚.ɯn.tʃʰiŋ.ku],[gat̚.ɯn.tʃʰiŋ.ku]
당연히 그래야,21,[taŋ.jʌn.hi.kɯ.ɾɛ.ja],[daŋ.jʌn.hi.gɯ.ɾɛ.ja]
a black,21,,
계속될 거야,21,[kje.sok̚.twel.kʌ.ja],[gje.sok̚.twel.gʌ.ja]
들었는지 몰라도,21,[tɯl.ʌt̚.nɯn.tʃi.mol.ɾa.to],[dɯl.ʌt̚.nɯn.tʃi.mol.ɾa.do]
니 생각은,21,[ni.sɛŋ.kak̚.ɯn],[ni.sɛŋ.gak̚.ɯn]
절대 오지 않을거라고,21,[tʃʌl.tɛ.o.tʃi.an.ɯl.kʌ.ɾa.ko],[dʒʌl.tɛ.o.dʒi.an.ɯl.kʌ.ɾa.go]
뭘 입고 있는,21,[mwʌl.ip̚.ko.it̚.nɯn],[mwʌl.ip̚.ko.it̚.nɯn]
그냥 데리고,21,[kɯ.njaŋ.te.ɾi.ko],[gɯ.njaŋ.de.ɾi.go]
당신은 물론,21,[taŋ.sin.ɯn.mul.ɾon],[daŋ.sin.ɯn.mul.ɾon]
따라와 내가,21,[t͈a.ɾa.wa.nɛ.ka],[t͈a.ɾa.wa.nɛ.ga]
차고 있던,21,[tʃʰa.ko.it̚.tʌn],[tʃʰa.go.it̚.tʌn]
그 기계,21,[kɯ.ki.kje],[gɯ.gi.gje]
잠깐만 더,21,[tʃam.k͈an.man.tʌ],[dʒam.k͈an.man.dʌ]
얻을 수 있는 건,21,[ʌt̚.ɯl.su.it̚.nɯŋ.kʌn],[ʌt̚.ɯl.su.it̚.nɯn.gʌn]
아무래도 내,21,[a.mu.ɾɛ.to.nɛ],[a.mu.ɾɛ.do.nɛ]
그림 형제,21,[kɯ.ɾim.hjʌŋ.tʃe],[gɯ.ɾim.hjʌŋ.dʒe]
나가는 거지,21,[na.ka.nɯŋ.kʌ.tʃi],[na.ga.nɯn.gʌ.dʒi]
아무래도 우리가,21,[a.mu.ɾɛ.to.u.ɾi.ka],[a.mu.ɾɛ.do.u.ɾi.ga]
달라는 거죠,21,[tal.ɾa.nɯŋ.kʌ.tʃjo],[dal.ɾa.nɯn.gʌ.dʒjo]
얼마 남지 않았다,21,[ʌl.ma.nan.tʃi.an.at̚.ta],[ʌl.ma.nan.tʃi.an.at̚.ta]
차고 있지,21,[tʃʰa.ko.it̚.tʃi],[tʃʰa.go.it̚.tʃi]
장난스러운 신음,21,[tʃaŋ.nan.sɯ.ɾʌ.un.sin.ɯm],[dʒaŋ.nan.sɯ.ɾʌ.un.sin.ɯm]
삶을 살았어요,21,[sam.ɯl.sal.at̚.ʌ.jo],[sam.ɯl.sal.at̚.ʌ.jo]
장난을 쳐,21,[tʃaŋ.nan.ɯl.tʃʰjʌ],[dʒaŋ.nan.ɯl.tʃʰjʌ]
단계 분리,21,[taŋ.kje.pul.li],[daŋ.kje.bul.li]
날 막을 순,21,[nal.mak̚.ɯl.sun],[nal.mak̚.ɯl.sun]
한 결과,21,[haŋ.kjʌl.kwa],[han.gjʌl.kwa]
다르긴 하지만,21,[ta.ɾɯ.kin.ha.tʃi.man],[da.ɾɯ.gin.ha.dʒi.man]
삶을 어떻게,21,[sam.ɯl.ʌ.t͈ʌt̚.ke],[sam.ɯl.ʌ.t͈ʌt̚.ke]
내 작품이야,21,[nɛ.tʃak̚.pʰum.i.ja],[nɛ.dʒak̚.pʰum.i.ja]
뺑소니 사건,21,[p͈ɛŋ.so.ni.sa.kʌn],[p͈ɛŋ.so.ni.sa.gʌn]
안 될 것 같아서,21,[an.twel.kʌt̚.kat̚.a.sʌ],[an.dwel.gʌt̚.gat̚.a.sʌ]
삶의 방식이,21,[sam.ɯi.paŋ.sik̚.i],[sam.ɯi.baŋ.sik̚.i]
가치 있어,21,[ka.tʃʰi.it̚.ʌ],[ga.tʃʰi.it̚.ʌ]
몰랐어 무슨,21,[mol.ɾat̚.ʌ.mu.sɯn],[mol.ɾat̚.ʌ.mu.sɯn]
해줄게 네,21,[hɛ.tʃul.ke.ne],[hɛ.dʒul.ke.ne]
당연히 했지,21,[taŋ.jʌn.hi.hɛt̚.tʃi],[daŋ.jʌn.hi.hɛt̚.tʃi]
아버지가 돌아가셨을때,21,[a.pʌ.tʃi.ka.tol.a.ka.sjʌt̚.ɯl.t͈ɛ],[a.bʌ.dʒi.ga.dol.a.ga.sjʌt̚.ɯl.t͈ɛ]
네놈 때문에,21,[ne.non.t͈ɛ.mun.e],[ne.non.t͈ɛ.mun.e]
친구 어디,21,[tʃʰiŋ.ku.ʌ.ti],[tʃʰiŋ.ku.ʌ.di]
얘기를 했었죠,21,[jɛ.ki.ɾɯl.hɛt̚.ʌt̚.tʃjo],[jɛ.gi.ɾɯl.hɛt̚.ʌt̚.tʃjo]
아버지가 어떤,21,[a.pʌ.tʃi.ka.ʌ.t͈ʌn],[a.bʌ.dʒi.ga.ʌ.t͈ʌn]
그냥 무슨 일이,21,[kɯ.njaŋ.mu.sɯn.il.i],[gɯ.njaŋ.mu.sɯn.il.i]
그래요 저는,21,[kɯ.ɾɛ.jo.tʃʌ.nɯn],[gɯ.ɾɛ.jo.dʒʌ.nɯn]
얘기만 했어요,21,[jɛ.ki.man.hɛt̚.ʌ.jo],[jɛ.gi.man.hɛt̚.ʌ.jo]
오미 토시노리 미즈구치 타쿠마,21,[o.mi.tʰo.si.no.ɾi.mi.tʃɯ.ku.tʃʰi.tʰa.kʰu.ma],[o.mi.tʰo.si.no.ɾi.mi.dʒɯ.gu.tʃʰi.tʰa.kʰu.ma]
거야 걔,21,[kʌ.ja.kjɛ],[gʌ.ja.gjɛ]
명은 아직,21,[mjʌŋ.ɯn.a.tʃik̚],[mjʌŋ.ɯn.a.dʒik̚]
다른 단서는,21,[ta.ɾɯn.tan.sʌ.nɯn],[da.ɾɯn.dan.sʌ.nɯn]
날 통해,21,[nal.tʰoŋ.hɛ],[nal.tʰoŋ.hɛ]
that all,21,,
적은 것,21,[tʃʌk̚.ɯŋ.kʌt̚],[dʒʌk̚.ɯn.gʌt̚]
네 아기는,21,[ne.a.ki.nɯn],[ne.a.gi.nɯn]
그 길밖에,21,[kɯ.kil.pak̚.e],[gɯ.gil.pak̚.e]
리 아저씨,21,[ɾi.a.tʃʌ.s͈i],[ɾi.a.dʒʌ.s͈i]
절대로 날,21,[tʃʌl.tɛ.ɾo.nal],[dʒʌl.tɛ.ɾo.nal]
됐네 난,21,[twɛt̚.ne.nan],[dwɛt̚.ne.nan]
어서 자렴,21,[ʌ.sʌ.tʃa.ɾjʌm],[ʌ.sʌ.dʒa.ɾjʌm]
못 가는 거,21,[mot̚.ka.nɯŋ.kʌ],[mot̚.ga.nɯn.gʌ]
없잖아 무슨,21,[ʌp̚.tʃan.a.mu.sɯn],[ʌp̚.tʃan.a.mu.sɯn]
부엌에 있는,21,[pu.ʌk̚.e.it̚.nɯn],[bu.ʌk̚.e.it̚.nɯn]
따로 안,21,[t͈a.ɾo.an],[t͈a.ɾo.an]
다른 뭔가를,21,[ta.ɾɯn.mwʌŋ.ka.ɾɯl],[da.ɾɯn.mwʌŋ.ka.ɾɯl]
아뇨 그럼 왜,21,[a.njo.kɯ.ɾʌm.wɛ],[a.njo.gɯ.ɾʌm.wɛ]
뻥긋하지 마,21,[p͈ʌŋ.kɯt̚.ha.tʃi.ma],[p͈ʌŋ.gɯt̚.ha.dʒi.ma]
너한테 이걸,21,[nʌ.han.tʰe.i.kʌl],[nʌ.han.tʰe.i.gʌl]
못 가겠지,21,[mot̚.ka.ket̚.tʃi],[mot̚.ga.get̚.tʃi]
확률이 높아,21,[hwak̚.ɾjul.i.nop̚.a],[hwak̚.ɾjul.i.nop̚.a]
그게 필요할 거야,21,[kɯ.ke.pʰil.jo.hal.kʌ.ja],[gɯ.ge.pʰil.jo.hal.gʌ.ja]
안에 갈 수,21,[an.e.kal.su],[an.e.gal.su]
안될 게,21,[an.twel.ke],[an.twel.ge]
내가 그것에 대해,21,[nɛ.ka.kɯ.kʌt̚.e.tɛ.hɛ],[nɛ.ga.gɯ.gʌt̚.e.dɛ.hɛ]
너한테 전화했어,21,[nʌ.han.tʰe.tʃʌn.hwa.hɛt̚.ʌ],[nʌ.han.tʰe.dʒʌn.hwa.hɛt̚.ʌ]
재미있게 놀다,21,[tʃɛ.mi.it̚.ke.nol.ta],[dʒɛ.mi.it̚.ke.nol.ta]
할 줄 아니,21,[hal.tʃul.a.ni],[hal.dʒul.a.ni]
달라지는 게,21,[tal.ɾa.tʃi.nɯŋ.ke],[dal.ɾa.dʒi.nɯn.ge]
뭘 줄까,21,[mwʌl.tʃul.k͈a],[mwʌl.dʒul.k͈a]
생각은 했지만,21,[sɛŋ.kak̚.ɯn.hɛt̚.tʃi.man],[sɛŋ.gak̚.ɯn.hɛt̚.tʃi.man]
옴나 촌장님,21,[om.na.tʃʰon.tʃaŋ.nim],[om.na.tʃʰon.tʃaŋ.nim]
유통기한 지난,21,[ju.tʰoŋ.ki.han.tʃi.nan],[ju.tʰoŋ.gi.han.dʒi.nan]
맞아요 여기서,21,[mat̚.a.jo.jʌ.ki.sʌ],[mat̚.a.jo.jʌ.gi.sʌ]
노크 소리가 난다,21,[no.kʰɯ.so.ɾi.ka.nan.ta],[no.kʰɯ.so.ɾi.ga.nan.ta]
다른 사람일 수도,21,[ta.ɾɯn.sa.ɾam.il.su.to],[da.ɾɯn.sa.ɾam.il.su.do]
가정을 꾸리는,21,[ka.tʃʌŋ.ɯl.k͈u.ɾi.nɯn],[ga.dʒʌŋ.ɯl.k͈u.ɾi.nɯn]
상관없어 어차피,21,[saŋ.kwan.ʌp̚.ʌ.ʌ.tʃʰa.pʰi],[saŋ.gwan.ʌp̚.ʌ.ʌ.tʃʰa.pʰi]
말해서 이,21,[mal.hɛ.sʌ.i],[mal.hɛ.sʌ.i]
가지고 있단,21,[ka.tʃi.ko.it̚.tan],[ga.dʒi.go.it̚.tan]
소름 돋는,21,[so.ɾɯn.tot̚.nɯn],[so.ɾɯm.dot̚.nɯn]
것 같,21,[kʌt̚.kat̚],[gʌt̚.gat̚]
더 내가,21,[tʌ.nɛ.ka],[dʌ.nɛ.ga]
짜야 해,21,[tʃ͈a.ja.hɛ],[tʃ͈a.ja.hɛ]
보신 적 있으세요,21,[po.sin.tʃʌk̚.it̚.ɯ.se.jo],[bo.sin.dʒʌk̚.it̚.ɯ.se.jo]
보살펴 줘,21,[po.sal.pʰjʌ.tʃwʌ],[bo.sal.pʰjʌ.dʒwʌ]
나간 것 같아,21,[na.kaŋ.kʌt̚.kat̚.a],[na.gan.gʌt̚.gat̚.a]
뭐 있냐,21,[mwʌ.it̚.nja],[mwʌ.it̚.nja]
아뇨 전혀,21,[a.njo.tʃʌn.hjʌ],[a.njo.dʒʌn.hjʌ]
있는 데다가,21,[it̚.nɯn.te.ta.ka],[it̚.nɯn.de.da.ga]
you help me,21,,
회의에 참석하기,21,[hwe.ɯi.e.tʃʰam.sʌk̚.ha.ki],[hwe.ɯi.e.tʃʰam.sʌk̚.ha.gi]
만약 여기,21,[man.jak̚.jʌ.ki],[man.jak̚.jʌ.gi]
그들이 돌아올,21,[kɯ.tɯl.i.tol.a.ol],[gɯ.dɯl.i.dol.a.ol]
오스카 와일드,21,[o.sɯ.kʰa.wa.il.tɯ],[o.sɯ.kʰa.wa.il.tɯ]
할 필요는 없지,21,[hal.pʰil.jo.nɯn.ʌp̚.tʃi],[hal.pʰil.jo.nɯn.ʌp̚.tʃi]
나와 빨리,21,[na.wa.p͈al.ɾi],[na.wa.p͈al.ɾi]
뭘 줬어,21,[mwʌl.tʃwʌt̚.ʌ],[mwʌl.dʒwʌt̚.ʌ]
후보 중,21,[hu.po.tʃuŋ],[hu.bo.dʒuŋ]
get down,21,,
더 내면,21,[tʌ.nɛ.mjʌn],[dʌ.nɛ.mjʌn]
은행 강도가,21,[ɯn.hɛŋ.kaŋ.to.ka],[ɯn.hɛŋ.gaŋ.do.ga]
나도 마찬가지야 하지만,21,[na.to.ma.tʃʰaŋ.ka.tʃi.ja.ha.tʃi.man],[na.do.ma.tʃʰaŋ.ka.dʒi.ja.ha.dʒi.man]
안심이 되네요,21,[an.sim.i.twe.ne.jo],[an.sim.i.dwe.ne.jo]
잊어버리기 전에,21,[it̚.ʌ.pʌ.ɾi.ki.tʃʌn.e],[it̚.ʌ.bʌ.ɾi.gi.dʒʌn.e]
우리 둘 다 잘,21,[u.ɾi.tul.ta.tʃal],[u.ɾi.dul.da.dʒal]
안심이 돼요,21,[an.sim.i.twɛ.jo],[an.sim.i.dwɛ.jo]
곳 없어,21,[kot̚.ʌp̚.ʌ],[got̚.ʌp̚.ʌ]
너희 도움이,21,[nʌ.hɯi.to.um.i],[nʌ.hɯi.do.um.i]
일을 찾고,21,[il.ɯl.tʃʰat̚.ko],[il.ɯl.tʃʰat̚.ko]
그래도 걱정 마,21,[kɯ.ɾɛ.to.kʌk̚.tʃʌŋ.ma],[gɯ.ɾɛ.do.gʌk̚.tʃʌŋ.ma]
그 날까지,21,[kɯ.nal.k͈a.tʃi],[gɯ.nal.k͈a.dʒi]
아주 괜찮아요,21,[a.tʃu.kwɛn.tʃʰan.a.jo],[a.dʒu.gwɛn.tʃʰan.a.jo]
어쩔 줄 몰라,21,[ʌ.tʃ͈ʌl.tʃul.mol.ɾa],[ʌ.tʃ͈ʌl.dʒul.mol.ɾa]
아주 높이,21,[a.tʃu.nop̚.i],[a.dʒu.nop̚.i]
벗은 채로,21,[pʌt̚.ɯn.tʃʰɛ.ɾo],[bʌt̚.ɯn.tʃʰɛ.ɾo]
다들 내일,21,[ta.tɯl.lɛ.il],[da.dɯl.lɛ.il]
저 곧,21,[tʃʌ.kot̚],[dʒʌ.got̚]
니가 들은,21,[ni.ka.tɯl.ɯn],[ni.ga.dɯl.ɯn]
깜짝 놀라게 해,21,[k͈an.tʃ͈ak̚.nol.ɾa.ke.hɛ],[k͈an.tʃ͈ak̚.nol.ɾa.ge.hɛ]
은행 기록,21,[ɯn.hɛŋ.ki.ɾok̚],[ɯn.hɛŋ.gi.ɾok̚]
어 난,21,[ʌ.nan],[ʌ.nan]
적어도 나한테는,21,[tʃʌk̚.ʌ.to.na.han.tʰe.nɯn],[dʒʌk̚.ʌ.do.na.han.tʰe.nɯn]
다리 하나,21,[ta.ɾi.ha.na],[da.ɾi.ha.na]
그 학생은,21,[kɯ.hak̚.sɛŋ.ɯn],[gɯ.hak̚.sɛŋ.ɯn]
거라고 생각 안,21,[kʌ.ɾa.ko.sɛŋ.kak̚.an],[gʌ.ɾa.go.sɛŋ.gak̚.an]
저 년을,21,[tʃʌ.njʌn.ɯl],[dʒʌ.njʌn.ɯl]
있을 겁니다 그럼,21,[it̚.ɯl.kʌp̚.ni.ta.kɯ.ɾʌm],[it̚.ɯl.gʌp̚.ni.da.gɯ.ɾʌm]
처음 당신을,21,[tʃʰʌ.ɯn.taŋ.sin.ɯl],[tʃʰʌ.ɯm.daŋ.sin.ɯl]
간다고 전해줘,21,[kan.ta.ko.tʃʌn.hɛ.tʃwʌ],[gan.ta.go.dʒʌn.hɛ.dʒwʌ]
적어도 당신이,21,[tʃʌk̚.ʌ.to.taŋ.sin.i],[dʒʌk̚.ʌ.do.daŋ.sin.i]
몇 방,21,[mjʌt̚.paŋ],[mjʌt̚.baŋ]
않았어 당신은,21,[an.at̚.ʌ.taŋ.sin.ɯn],[an.at̚.ʌ.daŋ.sin.ɯn]
아주 푹,21,[a.tʃu.pʰuk̚],[a.dʒu.pʰuk̚]
소리 들리지,21,[so.ɾi.tɯl.ɾi.tʃi],[so.ɾi.dɯl.ɾi.dʒi]
중 누구든,21,[tʃuŋ.nu.ku.tɯn],[dʒuŋ.nu.gu.dɯn]
달러 내놔,21,[tal.ɾʌ.nɛ.nwa],[dal.ɾʌ.nɛ.nwa]
안 되기,21,[an.twe.ki],[an.dwe.gi]
애들이 한,21,[ɛ.tɯl.i.han],[ɛ.dɯl.i.han]
저 밖에 있어,21,[tʃʌ.pak̚.e.it̚.ʌ],[dʒʌ.bak̚.e.it̚.ʌ]
저 밖엔,21,[tʃʌ.pak̚.en],[dʒʌ.bak̚.en]
태어난 순간부터,21,[tʰɛ.ʌ.nan.suŋ.kam.pu.tʰʌ],[tʰɛ.ʌ.nan.suŋ.kam.pu.tʰʌ]
잊으면 안 되지,21,[it̚.ɯ.mjʌn.an.twe.tʃi],[it̚.ɯ.mjʌn.an.dwe.dʒi]
뿐이에요 네,21,[p͈un.i.e.jo.ne],[p͈un.i.e.jo.ne]
really is,21,,
없죠 우리,21,[ʌp̚.tʃjo.u.ɾi],[ʌp̚.tʃjo.u.ɾi]
상상이나 했겠어,21,[saŋ.saŋ.i.na.hɛt̚.ket̚.ʌ],[saŋ.saŋ.i.na.hɛt̚.ket̚.ʌ]
맡을 수 있어요,21,[mat̚.ɯl.su.it̚.ʌ.jo],[mat̚.ɯl.su.it̚.ʌ.jo]
어떤 식,21,[ʌ.t͈ʌn.sik̚],[ʌ.t͈ʌn.sik̚]
다시 나타났어,21,[ta.si.na.tʰa.nat̚.ʌ],[da.si.na.tʰa.nat̚.ʌ]
그래서 저한테,21,[kɯ.ɾɛ.sʌ.tʃʌ.han.tʰe],[gɯ.ɾɛ.sʌ.dʒʌ.han.tʰe]
상상할 수 없을,21,[saŋ.saŋ.hal.su.ʌp̚.ɯl],[saŋ.saŋ.hal.su.ʌp̚.ɯl]
친한 친구지,21,[tʃʰin.han.tʃʰiŋ.ku.tʃi],[tʃʰin.han.tʃʰiŋ.ku.dʒi]
거기 갈 수,21,[kʌ.ki.kal.su],[gʌ.gi.gal.su]
상상해 보십시오,21,[saŋ.saŋ.hɛ.po.sip̚.si.o],[saŋ.saŋ.hɛ.bo.sip̚.si.o]
아직 아무도 안,21,[a.tʃik̚.a.mu.to.an],[a.dʒik̚.a.mu.do.an]
하루에도 몇,21,[ha.ɾu.e.to.mjʌt̚],[ha.ɾu.e.do.mjʌt̚]
바로잡고 싶어,21,[pa.ɾo.tʃap̚.ko.sip̚.ʌ],[ba.ɾo.dʒap̚.ko.sip̚.ʌ]
상쉰 아저씨,21,[saŋ.swin.a.tʃʌ.s͈i],[saŋ.swin.a.dʒʌ.s͈i]
당신은 미쳤어요,21,[taŋ.sin.ɯn.mi.tʃʰjʌt̚.ʌ.jo],[daŋ.sin.ɯn.mi.tʃʰjʌt̚.ʌ.jo]
또 누구랑,21,[t͈o.nu.ku.ɾaŋ],[t͈o.nu.gu.ɾaŋ]
일을 하기엔,21,[il.ɯl.ha.ki.en],[il.ɯl.ha.gi.en]
어떤 심정일지,21,[ʌ.t͈ʌn.sin.tʃʌŋ.il.tʃi],[ʌ.t͈ʌn.sin.tʃʌŋ.il.tʃi]
그냥 해야,21,[kɯ.njaŋ.hɛ.ja],[gɯ.njaŋ.hɛ.ja]
아직 죽을,21,[a.tʃik̚.tʃuk̚.ɯl],[a.dʒik̚.dʒuk̚.ɯl]
잠시 이야기,21,[tʃam.si.i.ja.ki],[dʒam.si.i.ja.gi]
저 밖에는,21,[tʃʌ.pak̚.e.nɯn],[dʒʌ.bak̚.e.nɯn]
듣고 나니,21,[tɯt̚.ko.na.ni],[dɯt̚.ko.na.ni]
그냥 확인,21,[kɯ.njaŋ.hwak̚.in],[gɯ.njaŋ.hwak̚.in]
난 일주일,21,[nan.il.tʃu.il],[nan.il.tʃu.il]
다시 만났을,21,[ta.si.man.nat̚.ɯl],[da.si.man.nat̚.ɯl]
admit it,21,,
때문에 왔지,21,[t͈ɛ.mun.e.wat̚.tʃi],[t͈ɛ.mun.e.wat̚.tʃi]
같은 예감이,21,[kat̚.ɯn.je.kam.i],[gat̚.ɯn.je.gam.i]
거라고요 그게,21,[kʌ.ɾa.ko.jo.kɯ.ke],[gʌ.ɾa.go.jo.gɯ.ge]
My mom,21,,
저 역시도,21,[tʃʌ.jʌk̚.si.to],[dʒʌ.jʌk̚.si.do]
eyes and,21,,
보셔야 될,21,[po.sjʌ.ja.twel],[bo.sjʌ.ja.dwel]
또 누군가,21,[t͈o.nu.kuŋ.ka],[t͈o.nu.guŋ.ka]
깜짝 파티를,21,[k͈an.tʃ͈ak̚.pʰa.tʰi.ɾɯl],[k͈an.tʃ͈ak̚.pʰa.tʰi.ɾɯl]
돼 아버지,21,[twɛ.a.pʌ.tʃi],[dwɛ.a.bʌ.dʒi]
아침도 못,21,[a.tʃʰin.to.mot̚],[a.tʃʰin.to.mot̚]
아침에 안,21,[a.tʃʰim.e.an],[a.tʃʰim.e.an]
아침에 우리,21,[a.tʃʰim.e.u.ɾi],[a.tʃʰim.e.u.ɾi]
그래도 빨리,21,[kɯ.ɾɛ.to.p͈al.ɾi],[gɯ.ɾɛ.do.p͈al.ɾi]
상징적 인,21,[saŋ.tʃiŋ.tʃʌk̚.in],[saŋ.dʒiŋ.dʒʌk̚.in]
이거 여기,21,[i.kʌ.jʌ.ki],[i.gʌ.jʌ.gi]
그만 가줘,21,[kɯ.maŋ.ka.tʃwʌ],[gɯ.man.ga.dʒwʌ]
몸 조심하세요,21,[mon.tʃo.sim.ha.se.jo],[mom.dʒo.sim.ha.se.jo]
아코니 씨 축제는,21,[a.kʰo.ni.s͈i.tʃʰuk̚.tʃe.nɯn],[a.kʰo.ni.s͈i.tʃʰuk̚.tʃe.nɯn]
찾고 싶을,21,[tʃʰat̚.ko.sip̚.ɯl],[tʃʰat̚.ko.sip̚.ɯl]
박수로 맞아주세요,21,[pak̚.su.ɾo.mat̚.a.tʃu.se.jo],[bak̚.su.ɾo.mat̚.a.dʒu.se.jo]
명이 총에,21,[mjʌŋ.i.tʃʰoŋ.e],[mjʌŋ.i.tʃʰoŋ.e]
아는 남자가,21,[a.nɯn.nan.tʃa.ka],[a.nɯn.nan.tʃa.ga]
안에 몇,21,[an.e.mjʌt̚],[an.e.mjʌt̚]
저거 보여요,21,[tʃʌ.kʌ.po.jʌ.jo],[dʒʌ.gʌ.bo.jʌ.jo]
깨닫게 됐어,21,[k͈ɛ.tat̚.ke.twɛt̚.ʌ],[k͈ɛ.dat̚.ke.dwɛt̚.ʌ]
사 주면,21,[sa.tʃu.mjʌn],[sa.dʒu.mjʌn]
같은 이를,21,[kat̚.ɯn.i.ɾɯl],[gat̚.ɯn.i.ɾɯl]
같은 이를 찾아내죠,21,[kat̚.ɯn.i.ɾɯl.tʃʰat̚.a.nɛ.tʃjo],[gat̚.ɯn.i.ɾɯl.tʃʰat̚.a.nɛ.dʒjo]
관한 중요한,21,[kwan.han.tʃuŋ.jo.han],[gwan.han.dʒuŋ.jo.han]
저건 어때,21,[tʃʌ.kʌn.ʌ.t͈ɛ],[dʒʌ.gʌn.ʌ.t͈ɛ]
그녀가 원하는 걸,21,[kɯ.njʌ.ka.wʌn.ha.nɯŋ.kʌl],[gɯ.njʌ.ga.wʌn.ha.nɯn.gʌl]
집에 왔더니,21,[tʃip̚.e.wat̚.tʌ.ni],[dʒip̚.e.wat̚.tʌ.ni]
얘기해 주고,21,[jɛ.ki.hɛ.tʃu.ko],[jɛ.gi.hɛ.dʒu.go]
안에 뭐가 있지,21,[an.e.mwʌ.ka.it̚.tʃi],[an.e.mwʌ.ga.it̚.tʃi]
그 노인네,21,[kɯ.no.in.ne],[gɯ.no.in.ne]
어디 있는지 안다,21,[ʌ.ti.it̚.nɯn.tʃi.an.ta],[ʌ.di.it̚.nɯn.tʃi.an.ta]
매일 네,21,[mɛ.il.le],[mɛ.il.le]
홀트 선생님,21,[hol.tʰɯ.sʌn.sɛŋ.nim],[hol.tʰɯ.sʌn.sɛŋ.nim]
다시 일하는거야,21,[ta.si.il.ha.nɯŋ.kʌ.ja],[da.si.il.ha.nɯŋ.kʌ.ja]
안 가면 안 돼,21,[aŋ.ka.mjʌn.an.twɛ],[an.ga.mjʌn.an.dwɛ]
상처받는 건,21,[saŋ.tʃʰʌ.pat̚.nɯŋ.kʌn],[saŋ.tʃʰʌ.bat̚.nɯn.gʌn]
몸이 아픈,21,[mom.i.a.pʰɯn],[mom.i.a.pʰɯn]
할아버지 댁에,21,[hal.a.pʌ.tʃi.tɛk̚.e],[hal.a.bʌ.dʒi.dɛk̚.e]
바보짓 하지,21,[pa.po.tʃit̚.ha.tʃi],[ba.bo.dʒit̚.ha.dʒi]
몇 명이에요,21,[mjʌt̚.mjʌŋ.i.e.jo],[mjʌt̚.mjʌŋ.i.e.jo]
수감됐어요 그러다 사고로,21,[su.kan.twɛt̚.ʌ.jo.kɯ.ɾʌ.ta.sa.ko.ɾo],[su.gan.twɛt̚.ʌ.jo.gɯ.ɾʌ.da.sa.go.ɾo]
말 한마디 없이,21,[mal.han.ma.ti.ʌp̚.i],[mal.han.ma.di.ʌp̚.i]
뭔가 잘못된 게,21,[mwʌŋ.ka.tʃal.mot̚.tweŋ.ke],[mwʌŋ.ka.dʒal.mot̚.twen.ge]
와 맙소사,21,[wa.map̚.so.sa],[wa.map̚.so.sa]
같이 저녁 먹고,21,[kat̚.i.tʃʌ.njʌk̚.mʌk̚.ko],[gat̚.i.dʒʌ.njʌk̚.mʌk̚.ko]
사건 당시에,21,[sa.kʌn.taŋ.si.e],[sa.gʌn.daŋ.si.e]
중 어느 쪽이든,21,[tʃuŋ.ʌ.nɯ.tʃ͈ok̚.i.tɯn],[dʒuŋ.ʌ.nɯ.tʃ͈ok̚.i.dɯn]
나도 뭐가,21,[na.to.mwʌ.ka],[na.do.mwʌ.ga]
없지 저,21,[ʌp̚.tʃi.tʃʌ],[ʌp̚.tʃi.dʒʌ]
수장이야 항상,21,[su.tʃaŋ.i.ja.haŋ.saŋ],[su.dʒaŋ.i.ja.haŋ.saŋ]
그 놈이야,21,[kɯ.nom.i.ja],[gɯ.nom.i.ja]
굳이 이런,21,[kut̚.i.i.ɾʌn],[gut̚.i.i.ɾʌn]
can just,21,,
후 오늘,21,[hu.o.nɯl],[hu.o.nɯl]
당신이 시작한,21,[taŋ.sin.i.si.tʃak̚.han],[daŋ.sin.i.si.dʒak̚.han]
가지고 있소,21,[ka.tʃi.ko.it̚.so],[ga.dʒi.go.it̚.so]
뭘 하고 있는지 말이야,21,[mwʌl.ha.ko.it̚.nɯn.tʃi.mal.i.ja],[mwʌl.ha.go.it̚.nɯn.tʃi.mal.i.ja]
나는 그 사람이,21,[na.nɯŋ.kɯ.sa.ɾam.i],[na.nɯn.gɯ.sa.ɾam.i]
해결하는 걸,21,[hɛ.kjʌl.ha.nɯŋ.kʌl],[hɛ.gjʌl.ha.nɯn.gʌl]
집이 이,21,[tʃip̚.i.i],[dʒip̚.i.i]
계세요 안녕히,21,[kje.se.jo.an.njʌŋ.hi],[gje.se.jo.an.njʌŋ.hi]
내 선택을,21,[nɛ.sʌn.tʰɛk̚.ɯl],[nɛ.sʌn.tʰɛk̚.ɯl]
집에서 그,21,[tʃip̚.e.sʌ.kɯ],[dʒip̚.e.sʌ.gɯ]
난 학교에서,21,[nan.hak̚.kjo.e.sʌ],[nan.hak̚.kjo.e.sʌ]
일에 대해 알고,21,[il.e.tɛ.hɛ.al.ko],[il.e.dɛ.hɛ.al.ko]
뭘 하고 있든,21,[mwʌl.ha.ko.it̚.tɯn],[mwʌl.ha.go.it̚.tɯn]
너를 만나고,21,[nʌ.ɾɯl.man.na.ko],[nʌ.ɾɯl.man.na.go]
고통을 느낄,21,[ko.tʰoŋ.ɯl.lɯ.k͈il],[go.tʰoŋ.ɯl.lɯ.k͈il]
안 돼 뭐 하는,21,[an.twɛ.mwʌ.ha.nɯn],[an.dwɛ.mwʌ.ha.nɯn]
그녀는 스스로,21,[kɯ.njʌ.nɯn.sɯ.sɯ.ɾo],[gɯ.njʌ.nɯn.sɯ.sɯ.ɾo]
안 돼 아무,21,[an.twɛ.a.mu],[an.dwɛ.a.mu]
앉고 싶어,21,[aŋ.ko.sip̚.ʌ],[aŋ.ko.sip̚.ʌ]
안 돼 아주,21,[an.twɛ.a.tʃu],[an.dwɛ.a.dʒu]
됐어 그만해,21,[twɛt̚.ʌ.kɯ.man.hɛ],[dwɛt̚.ʌ.gɯ.man.hɛ]
난 절대 안 해,21,[nan.tʃʌl.tɛ.an.hɛ],[nan.dʒʌl.tɛ.an.hɛ]
now we,21,,
그만 놀고,21,[kɯ.man.nol.ko],[gɯ.man.nol.ko]
안 돼요 그리고,21,[an.twɛ.jo.kɯ.ɾi.ko],[an.dwɛ.jo.gɯ.ɾi.go]
몇 가지 새로운,21,[mjʌt̚.ka.tʃi.sɛ.ɾo.un],[mjʌt̚.ga.dʒi.sɛ.ɾo.un]
없지만 다른,21,[ʌp̚.tʃi.man.ta.ɾɯn],[ʌp̚.tʃi.man.da.ɾɯn]
붙는 거야,21,[put̚.nɯŋ.kʌ.ja],[but̚.nɯn.gʌ.ja]
마침내 이,21,[ma.tʃʰim.nɛ.i],[ma.tʃʰim.nɛ.i]
깬 거야,21,[k͈ɛŋ.kʌ.ja],[k͈ɛn.gʌ.ja]
있다면 얼마나 좋을까,21,[it̚.ta.mjʌn.ʌl.ma.na.tʃot̚.ɯl.k͈a],[it̚.ta.mjʌn.ʌl.ma.na.dʒot̚.ɯl.k͈a]
아니요 이건,21,[a.ni.jo.i.kʌn],[a.ni.jo.i.gʌn]
넋을 잃고,21,[nʌk̚.ɯl.il.ko],[nʌk̚.ɯl.il.ko]
안전을 보장할 수,21,[an.tʃʌn.ɯl.po.tʃaŋ.hal.su],[an.tʃʌn.ɯl.bo.dʒaŋ.hal.su]
그가 말했어요,21,[kɯ.ka.mal.hɛt̚.ʌ.jo],[gɯ.ga.mal.hɛt̚.ʌ.jo]
일부러 그런 거 아니야,21,[il.pu.ɾʌ.kɯ.ɾʌŋ.kʌ.a.ni.ja],[il.pu.ɾʌ.gɯ.ɾʌn.gʌ.a.ni.ja]
바이러스 때문에,21,[pa.i.ɾʌ.sɯ.t͈ɛ.mun.e],[ba.i.ɾʌ.sɯ.t͈ɛ.mun.e]
안 된다면 안,21,[an.twen.ta.mjʌn.an],[an.dwen.ta.mjʌn.an]
언론의 관심을,21,[ʌl.lon.ɯi.kwan.sim.ɯl],[ʌl.lon.ɯi.gwan.sim.ɯl]
당신은 살인자가,21,[taŋ.sin.ɯn.sal.in.tʃa.ka],[daŋ.sin.ɯn.sal.in.tʃa.ga]
있는지 알아볼게요,21,[it̚.nɯn.tʃi.al.a.pol.ke.jo],[it̚.nɯn.tʃi.al.a.bol.ke.jo]
안에 있으니,21,[an.e.it̚.ɯ.ni],[an.e.it̚.ɯ.ni]
년 워싱턴 DC,21,[njʌn.wʌ.siŋ.tʰʌn],[njʌn.wʌ.siŋ.tʰʌn]
어디서 왔는지는,21,[ʌ.ti.sʌ.wat̚.nɯn.tʃi.nɯn],[ʌ.di.sʌ.wat̚.nɯn.tʃi.nɯn]
다음에 네,21,[ta.ɯm.e.ne],[da.ɯm.e.ne]
관계가 있나요,21,[kwaŋ.kje.ka.it̚.na.jo],[gwaŋ.kje.ga.it̚.na.jo]
넌 개자식이야,21,[nʌŋ.kɛ.tʃa.sik̚.i.ja],[nʌn.gɛ.dʒa.sik̚.i.ja]
아무리 바빠도,21,[a.mu.ɾi.pa.p͈a.to],[a.mu.ɾi.ba.p͈a.do]
임신한 게,21,[im.sin.haŋ.ke],[im.sin.han.ge]
는 너무,21,[nɯn.nʌ.mu],[nɯn.nʌ.mu]
상황을 전혀,21,[saŋ.hwaŋ.ɯl.tʃʌn.hjʌ],[saŋ.hwaŋ.ɯl.dʒʌn.hjʌ]
그만 두는,21,[kɯ.man.tu.nɯn],[gɯ.man.du.nɯn]
한다 더,21,[han.ta.tʌ],[han.ta.dʌ]
안 멈춰요,21,[an.mʌn.tʃʰwʌ.jo],[an.mʌn.tʃʰwʌ.jo]
짓을 한 거에요,21,[tʃit̚.ɯl.haŋ.kʌ.e.jo],[dʒit̚.ɯl.han.gʌ.e.jo]
was I,21,,
상황이 다,21,[saŋ.hwaŋ.i.ta],[saŋ.hwaŋ.i.da]
언제 네,21,[ʌn.tʃe.ne],[ʌn.tʃe.ne]
차리고 보니,21,[tʃʰa.ɾi.ko.po.ni],[tʃʰa.ɾi.go.bo.ni]
보게 될지,21,[po.ke.twel.tʃi],[bo.ge.dwel.tʃi]
저도 이게,21,[tʃʌ.to.i.ke],[dʒʌ.do.i.ge]
만큼 말이야,21,[maŋ.kʰɯm.mal.i.ja],[maŋ.kʰɯm.mal.i.ja]
안 보여도,21,[am.po.jʌ.to],[an.bo.jʌ.do]
없지 좋아,21,[ʌp̚.tʃi.tʃot̚.a],[ʌp̚.tʃi.dʒot̚.a]
어디에나 있을 수,21,[ʌ.ti.e.na.it̚.ɯl.su],[ʌ.di.e.na.it̚.ɯl.su]
안 본다,21,[am.pon.ta],[an.bon.ta]
나는 그를 본,21,[na.nɯŋ.kɯ.ɾɯl.pon],[na.nɯn.gɯ.ɾɯl.bon]
넌 괜찮니,21,[nʌŋ.kwɛn.tʃʰan.ni],[nʌn.gwɛn.tʃʰan.ni]
불가능해 그녀는,21,[pul.ka.nɯŋ.hɛ.kɯ.njʌ.nɯn],[bul.ka.nɯŋ.hɛ.gɯ.njʌ.nɯn]
그건 힘들어,21,[kɯ.kʌn.hin.tɯl.ʌ],[gɯ.gʌn.hin.tɯl.ʌ]
많은 기회를,21,[man.ɯŋ.ki.hwe.ɾɯl],[man.ɯn.gi.hwe.ɾɯl]
기록을 전부,21,[ki.ɾok̚.ɯl.tʃʌm.pu],[gi.ɾok̚.ɯl.dʒʌm.pu]
저들이 우리를,21,[tʃʌ.tɯl.i.u.ɾi.ɾɯl],[dʒʌ.dɯl.i.u.ɾi.ɾɯl]
마치 한,21,[ma.tʃʰi.han],[ma.tʃʰi.han]
같은 존재예요,21,[kat̚.ɯn.tʃon.tʃɛ.je.jo],[gat̚.ɯn.dʒon.tʃɛ.je.jo]
이건 가장,21,[i.kʌŋ.ka.tʃaŋ],[i.gʌn.ga.dʒaŋ]
얘야 잘있었니,21,[jɛ.ja.tʃal.it̚.ʌt̚.ni],[jɛ.ja.dʒal.it̚.ʌt̚.ni]
잘 처리하고,21,[tʃal.tʃʰʌ.ɾi.ha.ko],[dʒal.tʃʰʌ.ɾi.ha.go]
우리 딸내미,21,[u.ɾi.t͈al.lɛ.mi],[u.ɾi.t͈al.lɛ.mi]
자동차 엔진 가속음,21,[tʃa.toŋ.tʃʰa.en.tʃiŋ.ka.sok̚.ɯm],[dʒa.doŋ.tʃʰa.en.tʃin.ga.sok̚.ɯm]
저런 미친,21,[tʃʌ.ɾʌn.mi.tʃʰin],[dʒʌ.ɾʌn.mi.tʃʰin]
않게 해요,21,[aŋ.ke.hɛ.jo],[aŋ.ke.hɛ.jo]
것 같네요 그런,21,[kʌt̚.kat̚.ne.jo.kɯ.ɾʌn],[gʌt̚.gat̚.ne.jo.gɯ.ɾʌn]
안 왔다,21,[an.wat̚.ta],[an.wat̚.ta]
딱 적당한,21,[t͈ak̚.tʃʌk̚.taŋ.han],[t͈ak̚.dʒʌk̚.taŋ.han]
올 수 있겠어,21,[ol.su.it̚.ket̚.ʌ],[ol.su.it̚.ket̚.ʌ]
안 만났어,21,[an.man.nat̚.ʌ],[an.man.nat̚.ʌ]
적어도 그들은,21,[tʃʌk̚.ʌ.to.kɯ.tɯl.ɯn],[dʒʌk̚.ʌ.do.gɯ.dɯl.ɯn]
사건이 아니야,21,[sa.kʌn.i.a.ni.ja],[sa.gʌn.i.a.ni.ja]
있는 유일한 이유는,21,[it̚.nɯn.ju.il.han.i.ju.nɯn],[it̚.nɯn.ju.il.han.i.ju.nɯn]
걱정해야 할 건,21,[kʌk̚.tʃʌŋ.hɛ.ja.hal.kʌn],[gʌk̚.tʃʌŋ.hɛ.ja.hal.gʌn]
나는 깨닫지,21,[na.nɯŋ.k͈ɛ.tat̚.tʃi],[na.nɯŋ.k͈ɛ.dat̚.tʃi]
잘 치는,21,[tʃal.tʃʰi.nɯn],[dʒal.tʃʰi.nɯn]
엉뚱한 짓,21,[ʌŋ.t͈uŋ.han.tʃit̚],[ʌŋ.t͈uŋ.han.dʒit̚]
사건이 있었다,21,[sa.kʌn.i.it̚.ʌt̚.ta],[sa.gʌn.i.it̚.ʌt̚.ta]
정리 다,21,[tʃʌŋ.ɾi.ta],[dʒʌŋ.ɾi.da]
딱 좋은데,21,[t͈ak̚.tʃot̚.ɯn.te],[t͈ak̚.dʒot̚.ɯn.te]
Pussy Pussy Bang Bang,21,,
안 지워져,21,[an.tʃi.wʌ.tʃjʌ],[an.dʒi.wʌ.dʒjʌ]
말야 이게,21,[mal.ja.i.ke],[mal.ja.i.ge]
넌 고통을,21,[nʌŋ.ko.tʰoŋ.ɯl],[nʌn.go.tʰoŋ.ɯl]
새 소식을,21,[sɛ.so.sik̚.ɯl],[sɛ.so.sik̚.ɯl]
그 대화를,21,[kɯ.tɛ.hwa.ɾɯl],[gɯ.dɛ.hwa.ɾɯl]
새 소식이,21,[sɛ.so.sik̚.i],[sɛ.so.sik̚.i]
넌 그렇게 될,21,[nʌŋ.kɯ.ɾʌt̚.ke.twel],[nʌn.gɯ.ɾʌt̚.ke.dwel]
was nothing,21,,
이해가 가요,21,[i.hɛ.ka.ka.jo],[i.hɛ.ga.ga.jo]
응 다시,21,[ɯŋ.ta.si],[ɯŋ.da.si]
그 더러운 손,21,[kɯ.tʌ.ɾʌ.un.son],[gɯ.dʌ.ɾʌ.un.son]
추적 안,21,[tʃʰu.tʃʌk̚.an],[tʃʰu.dʒʌk̚.an]
not in the,21,,
커피 나왔습니다,21,[kʰʌ.pʰi.na.wat̚.sɯp̚.ni.ta],[kʰʌ.pʰi.na.wat̚.sɯp̚.ni.da]
안 하는 게 좋겠어,21,[an.ha.nɯŋ.ke.tʃot̚.ket̚.ʌ],[an.ha.nɯn.ge.dʒot̚.ket̚.ʌ]
안 하는게,21,[an.ha.nɯŋ.ke],[an.ha.nɯŋ.ke]
난 글을,21,[naŋ.kɯl.ɯl],[nan.gɯl.ɯl]
나도 신경,21,[na.to.siŋ.kjʌŋ],[na.do.siŋ.kjʌŋ]
잘 키웠어,21,[tʃal.kʰi.wʌt̚.ʌ],[dʒal.kʰi.wʌt̚.ʌ]
딱 하나예요,21,[t͈ak̚.ha.na.je.jo],[t͈ak̚.ha.na.je.jo]
무시할 수 없어,21,[mu.si.hal.su.ʌp̚.ʌ],[mu.si.hal.su.ʌp̚.ʌ]
아는지 모르겠는데,21,[a.nɯn.tʃi.mo.ɾɯ.ket̚.nɯn.te],[a.nɯn.tʃi.mo.ɾɯ.get̚.nɯn.te]
사고 싶으면,21,[sa.ko.sip̚.ɯ.mjʌn],[sa.go.sip̚.ɯ.mjʌn]
고마워 만나서,21,[ko.ma.wʌ.man.na.sʌ],[go.ma.wʌ.man.na.sʌ]
이제 나가도,21,[i.tʃe.na.ka.to],[i.dʒe.na.ga.do]
중 한 명으로,21,[tʃuŋ.han.mjʌŋ.ɯ.ɾo],[dʒuŋ.han.mjʌŋ.ɯ.ɾo]
저지른 일 때문에,21,[tʃʌ.tʃi.ɾɯn.il.t͈ɛ.mun.e],[dʒʌ.dʒi.ɾɯn.il.t͈ɛ.mun.e]
씨가 한,21,[s͈i.ka.han],[s͈i.ga.han]
정말 같이 안,21,[tʃʌŋ.mal.kat̚.i.an],[dʒʌŋ.mal.gat̚.i.an]
아직 문제가,21,[a.tʃik̚.mun.tʃe.ka],[a.dʒik̚.mun.tʃe.ga]
내 입이,21,[nɛ.ip̚.i],[nɛ.ip̚.i]
있는 장소,21,[it̚.nɯn.tʃaŋ.so],[it̚.nɯn.dʒaŋ.so]
얼마나 살 수,21,[ʌl.ma.na.sal.su],[ʌl.ma.na.sal.su]
어떤 놈의,21,[ʌ.t͈ʌn.nom.ɯi],[ʌ.t͈ʌn.nom.ɯi]
결코 그,21,[kjʌl.kʰo.kɯ],[gjʌl.kʰo.gɯ]
컴퓨터 앞에서,21,[kʰʌm.pʰju.tʰʌ.ap̚.e.sʌ],[kʰʌm.pʰju.tʰʌ.ap̚.e.sʌ]
무슨일이 일어나고,21,[mu.sɯn.il.i.il.ʌ.na.ko],[mu.sɯn.il.i.il.ʌ.na.go]
넌 날 속였어,21,[nʌn.nal.sok̚.jʌt̚.ʌ],[nʌn.nal.sok̚.jʌt̚.ʌ]
가지고 있어도,21,[ka.tʃi.ko.it̚.ʌ.to],[ga.dʒi.go.it̚.ʌ.do]
너를 봤어,21,[nʌ.ɾɯl.pwat̚.ʌ],[nʌ.ɾɯl.bwat̚.ʌ]
새끼 내가,21,[sɛ.k͈i.nɛ.ka],[sɛ.k͈i.nɛ.ga]
갈게 나도,21,[kal.ke.na.to],[gal.ke.na.do]
남기지 않을,21,[nam.ki.tʃi.an.ɯl],[nam.ki.dʒi.an.ɯl]
박사에 대한,21,[pak̚.sa.e.tɛ.han],[bak̚.sa.e.dɛ.han]
아니잖아 이제,21,[a.ni.tʃan.a.i.tʃe],[a.ni.dʒan.a.i.dʒe]
그 동네를,21,[kɯ.toŋ.ne.ɾɯl],[gɯ.doŋ.ne.ɾɯl]
깨달을 거야,21,[k͈ɛ.tal.ɯl.kʌ.ja],[k͈ɛ.dal.ɯl.gʌ.ja]
나도 안단다,21,[na.to.an.tan.ta],[na.do.an.tan.ta]
남자 왜,21,[nan.tʃa.wɛ],[nan.tʃa.wɛ]
조심하고 있어,21,[tʃo.sim.ha.ko.it̚.ʌ],[dʒo.sim.ha.go.it̚.ʌ]
보여요 그럼,21,[po.jʌ.jo.kɯ.ɾʌm],[bo.jʌ.jo.gɯ.ɾʌm]
번역포럼 Beryllium,21,[pʌn.jʌk̚.pʰo.ɾʌm],[bʌn.jʌk̚.pʰo.ɾʌm]
새끼야 내가,21,[sɛ.k͈i.ja.nɛ.ka],[sɛ.k͈i.ja.nɛ.ga]
저흰 그냥,21,[tʃʌ.hɯiŋ.kɯ.njaŋ],[dʒʌ.hɯin.gɯ.njaŋ]
달라고 했습니다,21,[tal.ɾa.ko.hɛt̚.sɯp̚.ni.ta],[dal.ɾa.go.hɛt̚.sɯp̚.ni.da]
대답할 필요는,21,[tɛ.tap̚.hal.pʰil.jo.nɯn],[dɛ.dap̚.hal.pʰil.jo.nɯn]
후회 안 할 거야,21,[hu.hwe.an.hal.kʌ.ja],[hu.hwe.an.hal.gʌ.ja]
어떤 사람인지 알고,21,[ʌ.t͈ʌn.sa.ɾam.in.tʃi.al.ko],[ʌ.t͈ʌn.sa.ɾam.in.tʃi.al.ko]
아니 난 그냥,21,[a.ni.naŋ.kɯ.njaŋ],[a.ni.nan.gɯ.njaŋ]
나랑 같이 안,21,[na.ɾaŋ.kat̚.i.an],[na.ɾaŋ.gat̚.i.an]
달라이 라마,21,[tal.ɾa.i.ɾa.ma],[dal.ɾa.i.ɾa.ma]
있는 중,21,[it̚.nɯn.tʃuŋ],[it̚.nɯn.dʒuŋ]
넌 내 최고의,21,[nʌn.nɛ.tʃʰwe.ko.ɯi],[nʌn.nɛ.tʃʰwe.go.ɯi]
적 없어요 그,21,[tʃʌk̚.ʌp̚.ʌ.jo.kɯ],[dʒʌk̚.ʌp̚.ʌ.jo.gɯ]
나왔어 그,21,[na.wat̚.ʌ.kɯ],[na.wat̚.ʌ.gɯ]
적 있는 것,21,[tʃʌk̚.it̚.nɯŋ.kʌt̚],[dʒʌk̚.it̚.nɯn.gʌt̚]
시간이 걸렸어요,21,[si.kan.i.kʌl.ɾjʌt̚.ʌ.jo],[si.gan.i.gʌl.ɾjʌt̚.ʌ.jo]
처음부터 내,21,[tʃʰʌ.ɯm.pu.tʰʌ.nɛ],[tʃʰʌ.ɯm.pu.tʰʌ.nɛ]
차 뒤로,21,[tʃʰa.twi.ɾo],[tʃʰa.dwi.ɾo]
달러 걸게요,21,[tal.ɾʌ.kʌl.ke.jo],[dal.ɾʌ.gʌl.ke.jo]
많은 희생을,21,[man.ɯn.hɯi.sɛŋ.ɯl],[man.ɯn.hɯi.sɛŋ.ɯl]
그는 돌아올,21,[kɯ.nɯn.tol.a.ol],[gɯ.nɯn.dol.a.ol]
딴 것도,21,[t͈aŋ.kʌt̚.to],[t͈an.gʌt̚.to]
그래서 스스로,21,[kɯ.ɾɛ.sʌ.sɯ.sɯ.ɾo],[gɯ.ɾɛ.sʌ.sɯ.sɯ.ɾo]
내가 그녀,21,[nɛ.ka.kɯ.njʌ],[nɛ.ga.gɯ.njʌ]
어떤 애들은,21,[ʌ.t͈ʌn.ɛ.tɯl.ɯn],[ʌ.t͈ʌn.ɛ.dɯl.ɯn]
먹고 있었어,21,[mʌk̚.ko.it̚.ʌt̚.ʌ],[mʌk̚.ko.it̚.ʌt̚.ʌ]
진짜 정체가,21,[tʃin.tʃ͈a.tʃʌŋ.tʃʰe.ka],[dʒin.tʃ͈a.dʒʌŋ.tʃʰe.ga]
당신은 신경,21,[taŋ.sin.ɯn.siŋ.kjʌŋ],[daŋ.sin.ɯn.siŋ.kjʌŋ]
달러는 될,21,[tal.ɾʌ.nɯn.twel],[dal.ɾʌ.nɯn.dwel]
달러로 하죠,21,[tal.ɾʌ.ɾo.ha.tʃjo],[dal.ɾʌ.ɾo.ha.dʒjo]
진실에 대한,21,[tʃin.sil.e.tɛ.han],[dʒin.sil.e.dɛ.han]
새로운 거야,21,[sɛ.ɾo.uŋ.kʌ.ja],[sɛ.ɾo.un.gʌ.ja]
와서 잘,21,[wa.sʌ.tʃal],[wa.sʌ.dʒal]
저 사람 때문에,21,[tʃʌ.sa.ɾan.t͈ɛ.mun.e],[dʒʌ.sa.ɾan.t͈ɛ.mun.e]
참견 마,21,[tʃʰam.kjʌn.ma],[tʃʰam.kjʌn.ma]
같은 편에,21,[kat̚.ɯm.pʰjʌn.e],[gat̚.ɯm.pʰjʌn.e]
박혜인 내 이름은 클리브랜드,21,[pak̚.hje.in.nɛ.i.ɾɯm.ɯŋ.kʰɯl.ɾi.pɯ.ɾɛn.tɯ],[bak̚.hje.in.nɛ.i.ɾɯm.ɯŋ.kʰɯl.ɾi.bɯ.ɾɛn.tɯ]
자네는 이미,21,[tʃa.ne.nɯn.i.mi],[dʒa.ne.nɯn.i.mi]
안전에 대해,21,[an.tʃʌn.e.tɛ.hɛ],[an.tʃʌn.e.dɛ.hɛ]
스티브 잡스는,21,[sɯ.tʰi.pɯ.tʃap̚.sɯ.nɯn],[sɯ.tʰi.bɯ.dʒap̚.sɯ.nɯn]
나가게 하고,21,[na.ka.ke.ha.ko],[na.ga.ge.ha.go]
먹어 나,21,[mʌk̚.ʌ.na],[mʌk̚.ʌ.na]
어떤 젊은,21,[ʌ.t͈ʌn.tʃʌm.ɯn],[ʌ.t͈ʌn.dʒʌm.ɯn]
달린 건,21,[tal.ɾiŋ.kʌn],[dal.ɾin.gʌn]
그 또는,21,[kɯ.t͈o.nɯn],[gɯ.t͈o.nɯn]
먹어 알았어,21,[mʌk̚.ʌ.al.at̚.ʌ],[mʌk̚.ʌ.al.at̚.ʌ]
움푹 들어간,21,[um.pʰuk̚.tɯl.ʌ.kan],[um.pʰuk̚.dɯl.ʌ.gan]
먹어도 되는,21,[mʌk̚.ʌ.to.twe.nɯn],[mʌk̚.ʌ.do.dwe.nɯn]
것 같네요 그래,21,[kʌt̚.kat̚.ne.jo.kɯ.ɾɛ],[gʌt̚.gat̚.ne.jo.gɯ.ɾɛ]
갔는데 내가,21,[kat̚.nɯn.te.nɛ.ka],[gat̚.nɯn.te.nɛ.ga]
넌 다음,21,[nʌn.ta.ɯm],[nʌn.da.ɯm]
앉아서 기다려,21,[an.a.sʌ.ki.ta.ɾjʌ],[an.a.sʌ.gi.da.ɾjʌ]
제롬 플린,21,[tʃe.ɾom.pʰɯl.ɾin],[dʒe.ɾom.pʰɯl.ɾin]
난 항상 여기,21,[nan.haŋ.saŋ.jʌ.ki],[nan.haŋ.saŋ.jʌ.gi]
I can''t hear,21,,
그런 기분을,21,[kɯ.ɾʌŋ.ki.pun.ɯl],[gɯ.ɾʌn.gi.bun.ɯl]
새로운 전략이,21,[sɛ.ɾo.un.tʃʌl.ljak̚.i],[sɛ.ɾo.un.dʒʌl.ljak̚.i]
분명히 한,21,[pun.mjʌŋ.hi.han],[bun.mjʌŋ.hi.han]
하는 거네요,21,[ha.nɯŋ.kʌ.ne.jo],[ha.nɯn.gʌ.ne.jo]
다 아는 것처럼,21,[ta.a.nɯŋ.kʌt̚.tʃʰʌ.ɾʌm],[da.a.nɯn.gʌt̚.tʃʰʌ.ɾʌm]
쾅 하는,21,[kʰwaŋ.ha.nɯn],[kʰwaŋ.ha.nɯn]
것 같다 내,21,[kʌt̚.kat̚.ta.nɛ],[gʌt̚.gat̚.ta.nɛ]
소리를 한,21,[so.ɾi.ɾɯl.han],[so.ɾi.ɾɯl.han]
얻은 거죠,21,[ʌt̚.ɯŋ.kʌ.tʃjo],[ʌt̚.ɯn.gʌ.dʒjo]
멈춰야 합니다,21,[mʌn.tʃʰwʌ.ja.hap̚.ni.ta],[mʌn.tʃʰwʌ.ja.hap̚.ni.da]
전화한 이유는,21,[tʃʌn.hwa.han.i.ju.nɯn],[dʒʌn.hwa.han.i.ju.nɯn]
것 같네요 내,21,[kʌt̚.kat̚.ne.jo.nɛ],[gʌt̚.gat̚.ne.jo.nɛ]
대중의 신뢰를,21,[tɛ.tʃuŋ.ɯi.sil.lwe.ɾɯl],[dɛ.dʒuŋ.ɯi.sil.lwe.ɾɯl]
먹으면 되잖아,21,[mʌk̚.ɯ.mjʌn.twe.tʃan.a],[mʌk̚.ɯ.mjʌn.dwe.dʒan.a]
차원이 달라요,21,[tʃʰa.wʌn.i.tal.ɾa.jo],[tʃʰa.wʌn.i.dal.ɾa.jo]
갈아입어야 해,21,[kal.a.ip̚.ʌ.ja.hɛ],[gal.a.ip̚.ʌ.ja.hɛ]
않는 자,21,[an.nɯn.tʃa],[an.nɯn.dʒa]
그 또라이,21,[kɯ.t͈o.ɾa.i],[gɯ.t͈o.ɾa.i]
전 당연히,21,[tʃʌn.taŋ.jʌn.hi],[dʒʌn.daŋ.jʌn.hi]
않는다 네,21,[an.nɯn.ta.ne],[an.nɯn.ta.ne]
정말 돈,21,[tʃʌŋ.mal.ton],[dʒʌŋ.mal.don]
뭘 찾아요,21,[mwʌl.tʃʰat̚.a.jo],[mwʌl.tʃʰat̚.a.jo]
계속 귀찮게,21,[kje.sok̚.kwi.tʃʰaŋ.ke],[gje.sok̚.gwi.tʃʰaŋ.ke]
그동안 감사했습니다,21,[kɯ.toŋ.aŋ.kam.sa.hɛt̚.sɯp̚.ni.ta],[gɯ.doŋ.an.gam.sa.hɛt̚.sɯp̚.ni.da]
의견을 묻는,21,[ɯi.kjʌn.ɯl.mut̚.nɯn],[ɯi.gjʌn.ɯl.mut̚.nɯn]
would it,21,,
나는 그것을 안다,21,[na.nɯŋ.kɯ.kʌt̚.ɯl.an.ta],[na.nɯn.gɯ.gʌt̚.ɯl.an.ta]
확인을 안,21,[hwak̚.in.ɯl.an],[hwak̚.in.ɯl.an]
샌드위치를 만들어,21,[sɛn.tɯ.wi.tʃʰi.ɾɯl.man.tɯl.ʌ],[sɛn.tɯ.wi.tʃʰi.ɾɯl.man.tɯl.ʌ]
있잖아 이봐,21,[it̚.tʃan.a.i.pwa],[it̚.tʃan.a.i.bwa]
자들은 모두,21,[tʃa.tɯl.ɯn.mo.tu],[dʒa.dɯl.ɯn.mo.du]
다음은 어디로,21,[ta.ɯm.ɯn.ʌ.ti.ɾo],[da.ɯm.ɯn.ʌ.di.ɾo]
먹을 수 있지,21,[mʌk̚.ɯl.su.it̚.tʃi],[mʌk̚.ɯl.su.it̚.tʃi]
스파이를 알면서,21,[sɯ.pʰa.i.ɾɯl.al.mjʌn.sʌ],[sɯ.pʰa.i.ɾɯl.al.mjʌn.sʌ]
어떤 장소에,21,[ʌ.t͈ʌn.tʃaŋ.so.e],[ʌ.t͈ʌn.dʒaŋ.so.e]
아니잖아 맞아,21,[a.ni.tʃan.a.mat̚.a],[a.ni.dʒan.a.mat̚.a]
I give you,21,,
행복할 거라고,21,[hɛm.pok̚.hal.kʌ.ɾa.ko],[hɛŋ.bok̚.hal.gʌ.ɾa.go]
거야 그럼 우리,21,[kʌ.ja.kɯ.ɾʌm.u.ɾi],[gʌ.ja.gɯ.ɾʌm.u.ɾi]
않도록 해야,21,[an.to.ɾok̚.hɛ.ja],[an.to.ɾok̚.hɛ.ja]
세상의 종말은,21,[se.saŋ.ɯi.tʃoŋ.mal.ɯn],[se.saŋ.ɯi.dʒoŋ.mal.ɯn]
않아요 우리는,21,[an.a.jo.u.ɾi.nɯn],[an.a.jo.u.ɾi.nɯn]
차에 안,21,[tʃʰa.e.an],[tʃʰa.e.an]
한 마디라도,21,[han.ma.ti.ɾa.to],[han.ma.di.ɾa.do]
좋아요 그건,21,[tʃot̚.a.jo.kɯ.kʌn],[dʒot̚.a.jo.gɯ.gʌn]
당신 몫을,21,[taŋ.sin.mok̚.ɯl],[daŋ.sin.mok̚.ɯl]
생각 못 했네,21,[sɛŋ.kak̚.mot̚.hɛt̚.ne],[sɛŋ.gak̚.mot̚.hɛt̚.ne]
말은 없어요,21,[mal.ɯn.ʌp̚.ʌ.jo],[mal.ɯn.ʌp̚.ʌ.jo]
생각 못 했지,21,[sɛŋ.kak̚.mot̚.hɛt̚.tʃi],[sɛŋ.gak̚.mot̚.hɛt̚.tʃi]
대체 뭔가,21,[tɛ.tʃʰe.mwʌŋ.ka],[dɛ.tʃʰe.mwʌŋ.ka]
많아 무슨,21,[man.a.mu.sɯn],[man.a.mu.sɯn]
알아 어쨌든,21,[al.a.ʌ.tʃ͈ɛt̚.tɯn],[al.a.ʌ.tʃ͈ɛt̚.tɯn]
않았어 다른,21,[an.at̚.ʌ.ta.ɾɯn],[an.at̚.ʌ.da.ɾɯn]
낼 돈이,21,[nɛl.ton.i],[nɛl.don.i]
샌드위치 먹을,21,[sɛn.tɯ.wi.tʃʰi.mʌk̚.ɯl],[sɛn.tɯ.wi.tʃʰi.mʌk̚.ɯl]
와줘서 정말 고마워요,21,[wa.tʃwʌ.sʌ.tʃʌŋ.mal.ko.ma.wʌ.jo],[wa.dʒwʌ.sʌ.dʒʌŋ.mal.go.ma.wʌ.jo]
내가 흘린,21,[nɛ.ka.hɯl.ɾin],[nɛ.ga.hɯl.ɾin]
먹을 걸 좀,21,[mʌk̚.ɯl.kʌl.tʃom],[mʌk̚.ɯl.gʌl.dʒom]
당신 아들이에요,21,[taŋ.sin.a.tɯl.i.e.jo],[daŋ.sin.a.dɯl.i.e.jo]
공공의 적,21,[koŋ.koŋ.ɯi.tʃʌk̚],[goŋ.goŋ.ɯi.dʒʌk̚]
먼저 그녀를,21,[mʌn.tʃʌ.kɯ.njʌ.ɾɯl],[mʌn.tʃʌ.gɯ.njʌ.ɾɯl]
이제 그들의,21,[i.tʃe.kɯ.tɯl.ɯi],[i.dʒe.gɯ.dɯl.ɯi]
날 전,21,[nal.tʃʌn],[nal.dʒʌn]
말은 법정에서 불리하게,21,[mal.ɯm.pʌp̚.tʃʌŋ.e.sʌ.pul.ɾi.ha.ke],[mal.ɯn.bʌp̚.tʃʌŋ.e.sʌ.bul.ɾi.ha.ge]
진실을 알 자격이,21,[tʃin.sil.ɯl.al.tʃa.kjʌk̚.i],[dʒin.sil.ɯl.al.dʒa.gjʌk̚.i]
먼저 들어갈게요,21,[mʌn.tʃʌ.tɯl.ʌ.kal.ke.jo],[mʌn.tʃʌ.dɯl.ʌ.gal.ke.jo]
했기 때문이에요,21,[hɛt̚.ki.t͈ɛ.mun.i.e.jo],[hɛt̚.ki.t͈ɛ.mun.i.e.jo]
생각 없소,21,[sɛŋ.kak̚.ʌp̚.so],[sɛŋ.gak̚.ʌp̚.so]
의리 없는,21,[ɯi.ɾi.ʌp̚.nɯn],[ɯi.ɾi.ʌp̚.nɯn]
않을 거 같아,21,[an.ɯl.kʌ.kat̚.a],[an.ɯl.gʌ.gat̚.a]
대체 지금,21,[tɛ.tʃʰe.tʃi.kɯm],[dɛ.tʃʰe.dʒi.gɯm]
이건 빌어먹을,21,[i.kʌm.pil.ʌ.mʌk̚.ɯl],[i.gʌn.bil.ʌ.mʌk̚.ɯl]
나는 아무도 죽이지,21,[na.nɯn.a.mu.to.tʃuk̚.i.tʃi],[na.nɯn.a.mu.do.dʒuk̚.i.dʒi]
넌 사실,21,[nʌn.sa.sil],[nʌn.sa.sil]
넌 살 수,21,[nʌn.sal.su],[nʌn.sal.su]
합니다 그래야,21,[hap̚.ni.ta.kɯ.ɾɛ.ja],[hap̚.ni.da.gɯ.ɾɛ.ja]
생각도 마,21,[sɛŋ.kak̚.to.ma],[sɛŋ.gak̚.to.ma]
어떻게 생각하겠냐고,21,[ʌ.t͈ʌt̚.ke.sɛŋ.kak̚.ha.ket̚.nja.ko],[ʌ.t͈ʌt̚.ke.sɛŋ.gak̚.ha.get̚.nja.go]
for certain,21,,
할 생각은 없어,21,[hal.sɛŋ.kak̚.ɯn.ʌp̚.ʌ],[hal.sɛŋ.gak̚.ɯn.ʌp̚.ʌ]
전까진 절대,21,[tʃʌŋ.k͈a.tʃin.tʃʌl.tɛ],[dʒʌŋ.k͈a.dʒin.dʒʌl.tɛ]
적이 없구나,21,[tʃʌk̚.i.ʌp̚.ku.na],[dʒʌk̚.i.ʌp̚.ku.na]
어떻게 생겼을까,21,[ʌ.t͈ʌt̚.ke.sɛŋ.kjʌt̚.ɯl.k͈a],[ʌ.t͈ʌt̚.ke.sɛŋ.gjʌt̚.ɯl.k͈a]
언제든 말만 해,21,[ʌn.tʃe.tɯn.mal.man.hɛ],[ʌn.tʃe.dɯn.mal.man.hɛ]
제 아기를,21,[tʃe.a.ki.ɾɯl],[dʒe.a.gi.ɾɯl]
웃기고 있어,21,[ut̚.ki.ko.it̚.ʌ],[ut̚.ki.go.it̚.ʌ]
전라도 사투리로,21,[tʃʌl.la.to.sa.tʰu.ɾi.ɾo],[dʒʌl.la.do.sa.tʰu.ɾi.ɾo]
이제 다 된,21,[i.tʃe.ta.twen],[i.dʒe.da.dwen]
전문 용어로,21,[tʃʌn.mun.joŋ.ʌ.ɾo],[dʒʌn.mun.joŋ.ʌ.ɾo]
먼저 찾으면,21,[mʌn.tʃʌ.tʃʰat̚.ɯ.mjʌn],[mʌn.tʃʌ.tʃʰat̚.ɯ.mjʌn]
계속 가게,21,[kje.sok̚.ka.ke],[gje.sok̚.ga.ge]
보이기 위해서,21,[po.i.ki.wi.hɛ.sʌ],[bo.i.gi.wi.hɛ.sʌ]
많아요 내,21,[man.a.jo.nɛ],[man.a.jo.nɛ]
기회를 얻었어,21,[ki.hwe.ɾɯl.ʌt̚.ʌt̚.ʌ],[gi.hwe.ɾɯl.ʌt̚.ʌt̚.ʌ]
의미가 없잖아,21,[ɯi.mi.ka.ʌp̚.tʃan.a],[ɯi.mi.ga.ʌp̚.tʃan.a]
이제 두 번째,21,[i.tʃe.tu.pʌn.tʃ͈ɛ],[i.dʒe.du.bʌn.tʃ͈ɛ]
어떻게 알았는데,21,[ʌ.t͈ʌt̚.ke.al.at̚.nɯn.te],[ʌ.t͈ʌt̚.ke.al.at̚.nɯn.te]
들었어요 하지만,21,[tɯl.ʌt̚.ʌ.jo.ha.tʃi.man],[dɯl.ʌt̚.ʌ.jo.ha.dʒi.man]
샘 키팅,21,[sɛm.kʰi.tʰiŋ],[sɛm.kʰi.tʰiŋ]
됐죠 사람들,21,[twɛt̚.tʃjo.sa.ɾan.tɯl],[dwɛt̚.tʃjo.sa.ɾan.tɯl]
됐죠 사람들 눈에 난,21,[twɛt̚.tʃjo.sa.ɾan.tɯl.lun.e.nan],[dwɛt̚.tʃjo.sa.ɾan.tɯl.lun.e.nan]
갈게요 난,21,[kal.ke.jo.nan],[gal.ke.jo.nan]
차를 훔쳐서,21,[tʃʰa.ɾɯl.hun.tʃʰjʌ.sʌ],[tʃʰa.ɾɯl.hun.tʃʰjʌ.sʌ]
데리고 갈 수,21,[te.ɾi.ko.kal.su],[de.ɾi.go.gal.su]
남은 몇,21,[nam.ɯn.mjʌt̚],[nam.ɯn.mjʌt̚]
난 모르는 일이에요,21,[nan.mo.ɾɯ.nɯn.il.i.e.jo],[nan.mo.ɾɯ.nɯn.il.i.e.jo]
하는 거야 그래서,21,[ha.nɯŋ.kʌ.ja.kɯ.ɾɛ.sʌ],[ha.nɯn.gʌ.ja.gɯ.ɾɛ.sʌ]
했지 그렇게,21,[hɛt̚.tʃi.kɯ.ɾʌt̚.ke],[hɛt̚.tʃi.gɯ.ɾʌt̚.ke]
전 술을,21,[tʃʌn.sul.ɯl],[dʒʌn.sul.ɯl]
꼭 알아야 해,21,[k͈ok̚.al.a.ja.hɛ],[k͈ok̚.al.a.ja.hɛ]
잡히기만 해봐,21,[tʃap̚.hi.ki.man.hɛ.pwa],[dʒap̚.hi.gi.man.hɛ.bwa]
그게 무슨 소리니,21,[kɯ.ke.mu.sɯn.so.ɾi.ni],[gɯ.ge.mu.sɯn.so.ɾi.ni]
대하는 건,21,[tɛ.ha.nɯŋ.kʌn],[dɛ.ha.nɯn.gʌn]
집에 있으라고,21,[tʃip̚.e.it̚.ɯ.ɾa.ko],[dʒip̚.e.it̚.ɯ.ɾa.go]
그 말을 들으면,21,[kɯ.mal.ɯl.tɯl.ɯ.mjʌn],[gɯ.mal.ɯl.dɯl.ɯ.mjʌn]
당신만 있으면 돼,21,[taŋ.sin.man.it̚.ɯ.mjʌn.twɛ],[daŋ.sin.man.it̚.ɯ.mjʌn.dwɛ]
대하면 안,21,[tɛ.ha.mjʌn.an],[dɛ.ha.mjʌn.an]
지금 가지,21,[tʃi.kɯm.ka.tʃi],[dʒi.gɯm.ga.dʒi]
그들은 스스로를,21,[kɯ.tɯl.ɯn.sɯ.sɯ.ɾo.ɾɯl],[gɯ.dɯl.ɯn.sɯ.sɯ.ɾo.ɾɯl]
그다지 좋지,21,[kɯ.ta.tʃi.tʃot̚.tʃi],[gɯ.da.dʒi.dʒot̚.tʃi]
어떻게 돼가는지,21,[ʌ.t͈ʌt̚.ke.twɛ.ka.nɯn.tʃi],[ʌ.t͈ʌt̚.ke.dwɛ.ga.nɯn.tʃi]
알고 있다는 것을,21,[al.ko.it̚.ta.nɯŋ.kʌt̚.ɯl],[al.ko.it̚.ta.nɯn.gʌt̚.ɯl]
당신에게 불리한,21,[taŋ.sin.e.ke.pul.ɾi.han],[daŋ.sin.e.ge.bul.ɾi.han]
것보단 낫잖아,21,[kʌt̚.po.tan.nat̚.tʃan.a],[gʌt̚.po.dan.nat̚.tʃan.a]
좋아요 아직,21,[tʃot̚.a.jo.a.tʃik̚],[dʒot̚.a.jo.a.dʒik̚]
알고 있었기 때문에,21,[al.ko.it̚.ʌt̚.ki.t͈ɛ.mun.e],[al.ko.it̚.ʌt̚.ki.t͈ɛ.mun.e]
아니기만 해,21,[a.ni.ki.man.hɛ],[a.ni.gi.man.hɛ]
자격이 있고,21,[tʃa.kjʌk̚.i.it̚.ko],[dʒa.gjʌk̚.i.it̚.ko]
아니 전,21,[a.ni.tʃʌn],[a.ni.dʒʌn]
구급차 사이렌,21,[ku.kɯp̚.tʃʰa.sa.i.ɾen],[gu.gɯp̚.tʃʰa.sa.i.ɾen]
그는 사실,21,[kɯ.nɯn.sa.sil],[gɯ.nɯn.sa.sil]
숨어 있으면,21,[sum.ʌ.it̚.ɯ.mjʌn],[sum.ʌ.it̚.ɯ.mjʌn]
하는 건 아냐,21,[ha.nɯŋ.kʌn.a.nja],[ha.nɯn.gʌn.a.nja]
참을 수 있어요,21,[tʃʰam.ɯl.su.it̚.ʌ.jo],[tʃʰam.ɯl.su.it̚.ʌ.jo]
전에 나가,21,[tʃʌn.e.na.ka],[dʒʌn.e.na.ga]
넌 안 그래,21,[nʌn.aŋ.kɯ.ɾɛ],[nʌn.an.gɯ.ɾɛ]
박사 말이,21,[pak̚.sa.mal.i],[bak̚.sa.mal.i]
유지해야 해요,21,[ju.tʃi.hɛ.ja.hɛ.jo],[ju.dʒi.hɛ.ja.hɛ.jo]
가지고 있고 놓아줄,21,[ka.tʃi.ko.it̚.ko.not̚.a.tʃul],[ga.dʒi.go.it̚.ko.not̚.a.dʒul]
아무도 모른다는,21,[a.mu.to.mo.ɾɯn.ta.nɯn],[a.mu.do.mo.ɾɯn.ta.nɯn]
진실을 위해,21,[tʃin.sil.ɯl.wi.hɛ],[dʒin.sil.ɯl.wi.hɛ]
오해는 하지 마,21,[o.hɛ.nɯn.ha.tʃi.ma],[o.hɛ.nɯn.ha.dʒi.ma]
않아요 너무,21,[an.a.jo.nʌ.mu],[an.a.jo.nʌ.mu]
완전 멋진,21,[wan.tʃʌn.mʌt̚.tʃin],[wan.tʃʌn.mʌt̚.tʃin]
좀 그,21,[tʃom.kɯ],[dʒom.gɯ]
감정을 가지고 있고 놓아줄,21,[kan.tʃʌŋ.ɯl.ka.tʃi.ko.it̚.ko.not̚.a.tʃul],[gan.tʃʌŋ.ɯl.ga.dʒi.go.it̚.ko.not̚.a.dʒul]
다들 아직,21,[ta.tɯl.a.tʃik̚],[da.dɯl.a.dʒik̚]
거예요 하지만 그,21,[kʌ.je.jo.ha.tʃi.maŋ.kɯ],[gʌ.je.jo.ha.dʒi.man.gɯ]
흥미로운 것은,21,[hɯŋ.mi.ɾo.uŋ.kʌt̚.ɯn],[hɯŋ.mi.ɾo.un.gʌt̚.ɯn]
숨을 만한,21,[sum.ɯl.man.han],[sum.ɯl.man.han]
꺼 버려,21,[k͈ʌ.pʌ.ɾjʌ],[k͈ʌ.bʌ.ɾjʌ]
겁니다 이상입니다,21,[kʌp̚.ni.ta.i.saŋ.ip̚.ni.ta],[gʌp̚.ni.da.i.saŋ.ip̚.ni.da]
같은데 응,21,[kat̚.ɯn.te.ɯŋ],[gat̚.ɯn.te.ɯŋ]
모르겠어요 너무,21,[mo.ɾɯ.ket̚.ʌ.jo.nʌ.mu],[mo.ɾɯ.get̚.ʌ.jo.nʌ.mu]
넌 어떠냐,21,[nʌn.ʌ.t͈ʌ.nja],[nʌn.ʌ.t͈ʌ.nja]
그냥 얌전히,21,[kɯ.njaŋ.jan.tʃʌn.hi],[gɯ.njaŋ.jan.tʃʌn.hi]
그래서 이제는,21,[kɯ.ɾɛ.sʌ.i.tʃe.nɯn],[gɯ.ɾɛ.sʌ.i.dʒe.nɯn]
I had the,21,,
멈춰야 한다,21,[mʌn.tʃʰwʌ.ja.han.ta],[mʌn.tʃʰwʌ.ja.han.ta]
그렇게 두지 않을,21,[kɯ.ɾʌt̚.ke.tu.tʃi.an.ɯl],[gɯ.ɾʌt̚.ke.du.dʒi.an.ɯl]
감정을 가지고 있고,21,[kan.tʃʌŋ.ɯl.ka.tʃi.ko.it̚.ko],[gan.tʃʌŋ.ɯl.ga.dʒi.go.it̚.ko]
그녀의 죽음에,21,[kɯ.njʌ.ɯi.tʃuk̚.ɯm.e],[gɯ.njʌ.ɯi.dʒuk̚.ɯm.e]
거 가져왔어,21,[kʌ.ka.tʃjʌ.wat̚.ʌ],[gʌ.ga.dʒjʌ.wat̚.ʌ]
뭔가 잘못됐나,21,[mwʌŋ.ka.tʃal.mot̚.twɛt̚.na],[mwʌŋ.ka.dʒal.mot̚.twɛt̚.na]
냄새를 킁킁 맡는다,21,[nɛm.sɛ.ɾɯl.kʰɯŋ.kʰɯŋ.mat̚.nɯn.ta],[nɛm.sɛ.ɾɯl.kʰɯŋ.kʰɯŋ.mat̚.nɯn.ta]
그리고 그 사람은,21,[kɯ.ɾi.ko.kɯ.sa.ɾam.ɯn],[gɯ.ɾi.go.gɯ.sa.ɾam.ɯn]
보고 알았어요,21,[po.ko.al.at̚.ʌ.jo],[bo.go.al.at̚.ʌ.jo]
정말 나쁜 놈이야,21,[tʃʌŋ.mal.la.p͈ɯn.nom.i.ja],[dʒʌŋ.mal.la.p͈ɯn.nom.i.ja]
무엇을 할 것인지,21,[mu.ʌt̚.ɯl.hal.kʌt̚.in.tʃi],[mu.ʌt̚.ɯl.hal.gʌt̚.in.tʃi]
갖다 줬어요,21,[kat̚.ta.tʃwʌt̚.ʌ.jo],[gat̚.ta.dʒwʌt̚.ʌ.jo]
당신 알아,21,[taŋ.sin.al.a],[daŋ.sin.al.a]
할 일이라고,21,[hal.il.i.ɾa.ko],[hal.il.i.ɾa.go]
너를 필요로,21,[nʌ.ɾɯl.pʰil.jo.ɾo],[nʌ.ɾɯl.pʰil.jo.ɾo]
넌 여기 남아서,21,[nʌn.jʌ.ki.nam.a.sʌ],[nʌn.jʌ.gi.nam.a.sʌ]
whole thing''s,21,,
되게 좋다,21,[twe.ke.tʃot̚.ta],[dwe.ge.dʒot̚.ta]
중에서 누가,21,[tʃuŋ.e.sʌ.nu.ka],[dʒuŋ.e.sʌ.nu.ga]
약 하는,21,[jak̚.ha.nɯn],[jak̚.ha.nɯn]
생각이 난다,21,[sɛŋ.kak̚.i.nan.ta],[sɛŋ.gak̚.i.nan.ta]
않았고 그,21,[an.at̚.ko.kɯ],[an.at̚.ko.gɯ]
생각이 납니다,21,[sɛŋ.kak̚.i.nap̚.ni.ta],[sɛŋ.gak̚.i.nap̚.ni.da]
피하기 위한,21,[pʰi.ha.ki.wi.han],[pʰi.ha.gi.wi.han]
어떻게든 그,21,[ʌ.t͈ʌt̚.ke.tɯŋ.kɯ],[ʌ.t͈ʌt̚.ke.dɯn.gɯ]
알아서 하겠죠,21,[al.a.sʌ.ha.ket̚.tʃjo],[al.a.sʌ.ha.get̚.tʃjo]
했는데 몇,21,[hɛt̚.nɯn.te.mjʌt̚],[hɛt̚.nɯn.te.mjʌt̚]
반드시 해야 한다,21,[pan.tɯ.si.hɛ.ja.han.ta],[ban.tɯ.si.hɛ.ja.han.ta]
그 멍청이가,21,[kɯ.mʌŋ.tʃʰʌŋ.i.ka],[gɯ.mʌŋ.tʃʰʌŋ.i.ga]
전에는 안 돼,21,[tʃʌn.e.nɯn.an.twɛ],[dʒʌn.e.nɯn.an.dwɛ]
알아야 할 것이,21,[al.a.ja.hal.kʌt̚.i],[al.a.ja.hal.gʌt̚.i]
대한 복수,21,[tɛ.ham.pok̚.su],[dɛ.han.bok̚.su]
그래도 일단,21,[kɯ.ɾɛ.to.il.tan],[gɯ.ɾɛ.do.il.tan]
대체 뭐하는거야,21,[tɛ.tʃʰe.mwʌ.ha.nɯŋ.kʌ.ja],[dɛ.tʃʰe.mwʌ.ha.nɯŋ.kʌ.ja]
모닝 쇼,21,[mo.niŋ.sjo],[mo.niŋ.sjo]
있는지 확인하려고,21,[it̚.nɯn.tʃi.hwak̚.in.ha.ɾjʌ.ko],[it̚.nɯn.tʃi.hwak̚.in.ha.ɾjʌ.go]
넌 뭐 하는데,21,[nʌn.mwʌ.ha.nɯn.te],[nʌn.mwʌ.ha.nɯn.te]
그 명령은,21,[kɯ.mjʌŋ.ɾjʌŋ.ɯn],[gɯ.mjʌŋ.ɾjʌŋ.ɯn]
대체 뭔 소리야,21,[tɛ.tʃʰe.mwʌn.so.ɾi.ja],[dɛ.tʃʰe.mwʌn.so.ɾi.ja]
어렵게 만드는,21,[ʌ.ɾjʌp̚.ke.man.tɯ.nɯn],[ʌ.ɾjʌp̚.ke.man.tɯ.nɯn]
써야 하고,21,[s͈ʌ.ja.ha.ko],[s͈ʌ.ja.ha.go]
그 모두를,21,[kɯ.mo.tu.ɾɯl],[gɯ.mo.du.ɾɯl]
넌 완벽한,21,[nʌn.wam.pjʌk̚.han],[nʌn.wam.pjʌk̚.han]
당신을 믿어야 하죠,21,[taŋ.sin.ɯl.mit̚.ʌ.ja.ha.tʃjo],[daŋ.sin.ɯl.mit̚.ʌ.ja.ha.dʒjo]
알았어 맞아,21,[al.at̚.ʌ.mat̚.a],[al.at̚.ʌ.mat̚.a]
화 난,21,[hwa.nan],[hwa.nan]
생각이나 해,21,[sɛŋ.kak̚.i.na.hɛ],[sɛŋ.gak̚.i.na.hɛ]
가지고 있고 놓아줄 수,21,[ka.tʃi.ko.it̚.ko.not̚.a.tʃul.su],[ga.dʒi.go.it̚.ko.not̚.a.dʒul.su]
그거면 될,21,[kɯ.kʌ.mjʌn.twel],[gɯ.gʌ.mjʌn.dwel]
알았어요 한,21,[al.at̚.ʌ.jo.han],[al.at̚.ʌ.jo.han]
의심하는 거예요,21,[ɯi.sim.ha.nɯŋ.kʌ.je.jo],[ɯi.sim.ha.nɯn.gʌ.je.jo]
땀 냄새,21,[t͈am.nɛm.sɛ],[t͈am.nɛm.sɛ]
넌 위대한,21,[nʌn.wi.tɛ.han],[nʌn.wi.dɛ.han]
저 사람이요,21,[tʃʌ.sa.ɾam.i.jo],[dʒʌ.sa.ɾam.i.jo]
생각하게 됐어요,21,[sɛŋ.kak̚.ha.ke.twɛt̚.ʌ.jo],[sɛŋ.gak̚.ha.ge.dwɛt̚.ʌ.jo]
그 모임에,21,[kɯ.mo.im.e],[gɯ.mo.im.e]
거야 맥스,21,[kʌ.ja.mɛk̚.sɯ],[gʌ.ja.mɛk̚.sɯ]
출혈이 있어,21,[tʃʰul.hjʌl.i.it̚.ʌ],[tʃʰul.hjʌl.i.it̚.ʌ]
차에서 내리라고,21,[tʃʰa.e.sʌ.nɛ.ɾi.ɾa.ko],[tʃʰa.e.sʌ.nɛ.ɾi.ɾa.go]
너 같지,21,[nʌ.kat̚.tʃi],[nʌ.gat̚.tʃi]
빚졌어 누구한테,21,[pit̚.tʃjʌt̚.ʌ.nu.ku.han.tʰe],[bit̚.tʃjʌt̚.ʌ.nu.gu.han.tʰe]
사람 없지,21,[sa.ɾam.ʌp̚.tʃi],[sa.ɾam.ʌp̚.tʃi]
쉬운 걸,21,[swi.uŋ.kʌl],[swi.un.gʌl]
놀랍지도 않다,21,[nol.ɾap̚.tʃi.to.an.ta],[nol.ɾap̚.tʃi.do.an.ta]
이러지 않기로,21,[i.ɾʌ.tʃi.aŋ.ki.ɾo],[i.ɾʌ.dʒi.aŋ.ki.ɾo]
전혀 관련이,21,[tʃʌn.hjʌ.kwal.ljʌn.i],[dʒʌn.hjʌ.gwal.ljʌn.i]
이 정도예요,21,[i.tʃʌŋ.to.je.jo],[i.dʒʌŋ.do.je.jo]
언제든 전화해,21,[ʌn.tʃe.tɯn.tʃʌn.hwa.hɛ],[ʌn.tʃe.dɯn.dʒʌn.hwa.hɛ]
정말 정말 미안해,21,[tʃʌŋ.mal.tʃʌŋ.mal.mi.an.hɛ],[dʒʌŋ.mal.dʒʌŋ.mal.mi.an.hɛ]
말 안 하는데,21,[mal.an.ha.nɯn.te],[mal.an.ha.nɯn.te]
그딴 식으로 말하지 마,21,[kɯ.t͈an.sik̚.ɯ.ɾo.mal.ha.tʃi.ma],[gɯ.t͈an.sik̚.ɯ.ɾo.mal.ha.dʒi.ma]
발 아파,21,[pal.a.pʰa],[bal.a.pʰa]
생각하는 건 아니지,21,[sɛŋ.kak̚.ha.nɯŋ.kʌn.a.ni.tʃi],[sɛŋ.gak̚.ha.nɯn.gʌn.a.ni.dʒi]
내가 나의,21,[nɛ.ka.na.ɯi],[nɛ.ga.na.ɯi]
그래 형,21,[kɯ.ɾɛ.hjʌŋ],[gɯ.ɾɛ.hjʌŋ]
와줘서 정말 기뻐,21,[wa.tʃwʌ.sʌ.tʃʌŋ.mal.ki.p͈ʌ],[wa.dʒwʌ.sʌ.dʒʌŋ.mal.gi.p͈ʌ]
좋아진 거,21,[tʃot̚.a.tʃiŋ.kʌ],[dʒot̚.a.dʒin.gʌ]
보인다는 건,21,[po.in.ta.nɯŋ.kʌn],[bo.in.ta.nɯn.gʌn]
당신의 이름이,21,[taŋ.sin.ɯi.i.ɾɯm.i],[daŋ.sin.ɯi.i.ɾɯm.i]
생각하는 그런 게 아니야,21,[sɛŋ.kak̚.ha.nɯŋ.kɯ.ɾʌŋ.ke.a.ni.ja],[sɛŋ.gak̚.ha.nɯn.gɯ.ɾʌn.ge.a.ni.ja]
했는데 시간이,21,[hɛt̚.nɯn.te.si.kan.i],[hɛt̚.nɯn.te.si.gan.i]
어머니를 살해한 죄로,21,[ʌ.mʌ.ni.ɾɯl.sal.hɛ.han.tʃwe.ɾo],[ʌ.mʌ.ni.ɾɯl.sal.hɛ.han.dʒwe.ɾo]
끔찍한 결과를,21,[k͈ɯn.tʃ͈ik̚.haŋ.kjʌl.kwa.ɾɯl],[k͈ɯn.tʃ͈ik̚.han.gjʌl.kwa.ɾɯl]
법을 배워,21,[pʌp̚.ɯl.pɛ.wʌ],[bʌp̚.ɯl.bɛ.wʌ]
헬렌이 그걸,21,[hel.ɾen.i.kɯ.kʌl],[hel.ɾen.i.gɯ.gʌl]
be over,21,,
받게 한,21,[pat̚.ke.han],[bat̚.ke.han]
그때가 몇,21,[kɯ.t͈ɛ.ka.mjʌt̚],[gɯ.t͈ɛ.ga.mjʌt̚]
그대를 위해,21,[kɯ.tɛ.ɾɯl.wi.hɛ],[gɯ.dɛ.ɾɯl.wi.hɛ]
보고 배운,21,[po.ko.pɛ.un],[bo.go.bɛ.un]
You should be,21,,
만일 그가,21,[man.il.kɯ.ka],[man.il.gɯ.ga]
거야 잘 자,21,[kʌ.ja.tʃal.tʃa],[gʌ.ja.dʒal.dʒa]
돼 얼른,21,[twɛ.ʌl.ɾɯn],[dwɛ.ʌl.ɾɯn]
의지와 상관없이,21,[ɯi.tʃi.wa.saŋ.kwan.ʌp̚.i],[ɯi.dʒi.wa.saŋ.gwan.ʌp̚.i]
의지하고 있어,21,[ɯi.tʃi.ha.ko.it̚.ʌ],[ɯi.dʒi.ha.go.it̚.ʌ]
정육점 주인,21,[tʃʌŋ.juk̚.tʃʌn.tʃu.in],[dʒʌŋ.juk̚.tʃʌm.dʒu.in]
다 꿰고,21,[ta.k͈we.ko],[da.k͈we.go]
결코 하지 않았을 것이다,21,[kjʌl.kʰo.ha.tʃi.an.at̚.ɯl.kʌt̚.i.ta],[gjʌl.kʰo.ha.dʒi.an.at̚.ɯl.gʌt̚.i.da]
너만 알고,21,[nʌ.man.al.ko],[nʌ.man.al.ko]
애들은 여기,21,[ɛ.tɯl.ɯn.jʌ.ki],[ɛ.dɯl.ɯn.jʌ.gi]
이런 걸 원한,21,[i.ɾʌŋ.kʌl.wʌn.han],[i.ɾʌn.gʌl.wʌn.han]
애를 그렇게,21,[ɛ.ɾɯl.kɯ.ɾʌt̚.ke],[ɛ.ɾɯl.gɯ.ɾʌt̚.ke]
정말 지긋지긋해,21,[tʃʌŋ.mal.tʃi.kɯt̚.tʃi.kɯt̚.hɛ],[dʒʌŋ.mal.dʒi.gɯt̚.tʃi.gɯt̚.hɛ]
항상 똑같은,21,[haŋ.saŋ.t͈ok̚.kat̚.ɯn],[haŋ.saŋ.t͈ok̚.kat̚.ɯn]
게 괜찮아질,21,[ke.kwɛn.tʃʰan.a.tʃil],[ge.gwɛn.tʃʰan.a.dʒil]
나도 행복해,21,[na.to.hɛm.pok̚.hɛ],[na.do.hɛŋ.bok̚.hɛ]
생각하지 않은,21,[sɛŋ.kak̚.ha.tʃi.an.ɯn],[sɛŋ.gak̚.ha.dʒi.an.ɯn]
구멍을 통해,21,[ku.mʌŋ.ɯl.tʰoŋ.hɛ],[gu.mʌŋ.ɯl.tʰoŋ.hɛ]
전화를 걸었어,21,[tʃʌn.hwa.ɾɯl.kʌl.ʌt̚.ʌ],[dʒʌn.hwa.ɾɯl.gʌl.ʌt̚.ʌ]
의학 박사,21,[ɯi.hak̚.pak̚.sa],[ɯi.hak̚.bak̚.sa]
그 물,21,[kɯ.mul],[gɯ.mul]
생각하지 않을 수,21,[sɛŋ.kak̚.ha.tʃi.an.ɯl.su],[sɛŋ.gak̚.ha.dʒi.an.ɯl.su]
그래 그런 것,21,[kɯ.ɾɛ.kɯ.ɾʌŋ.kʌt̚],[gɯ.ɾɛ.gɯ.ɾʌn.gʌt̚]
당신이 새,21,[taŋ.sin.i.sɛ],[daŋ.sin.i.sɛ]
보자 넌,21,[po.tʃa.nʌn],[bo.dʒa.nʌn]
곳에 그리고,21,[kot̚.e.kɯ.ɾi.ko],[got̚.e.gɯ.ɾi.go]
거야 사람이,21,[kʌ.ja.sa.ɾam.i],[gʌ.ja.sa.ɾam.i]
있지 한,21,[it̚.tʃi.han],[it̚.tʃi.han]
있다 왜냐하면,21,[it̚.ta.wɛ.nja.ha.mjʌn],[it̚.ta.wɛ.nja.ha.mjʌn]
당신이 손을,21,[taŋ.sin.i.son.ɯl],[daŋ.sin.i.son.ɯl]
당신이 스스로,21,[taŋ.sin.i.sɯ.sɯ.ɾo],[daŋ.sin.i.sɯ.sɯ.ɾo]
something nice,21,,
내용이 어떤,21,[nɛ.joŋ.i.ʌ.t͈ʌn],[nɛ.joŋ.i.ʌ.t͈ʌn]
경향이 있죠,21,[kjʌŋ.hjaŋ.i.it̚.tʃjo],[gjʌŋ.hjaŋ.i.it̚.tʃjo]
말해줄 수 있다,21,[mal.hɛ.tʃul.su.it̚.ta],[mal.hɛ.dʒul.su.it̚.ta]
앉으세요 감사합니다,21,[an.ɯ.se.jo.kam.sa.hap̚.ni.ta],[an.ɯ.se.jo.gam.sa.hap̚.ni.da]
거야 상관없어,21,[kʌ.ja.saŋ.kwan.ʌp̚.ʌ],[gʌ.ja.saŋ.gwan.ʌp̚.ʌ]
어떤지 모르지만,21,[ʌ.t͈ʌn.tʃi.mo.ɾɯ.tʃi.man],[ʌ.t͈ʌn.tʃi.mo.ɾɯ.dʒi.man]
그 미국,21,[kɯ.mi.kuk̚],[gɯ.mi.guk̚]
약물 검사 결과,21,[jak̚.mul.kʌm.sa.kjʌl.kwa],[jak̚.mul.gʌm.sa.gjʌl.kwa]
안에 있었는데,21,[an.e.it̚.ʌt̚.nɯn.te],[an.e.it̚.ʌt̚.nɯn.te]
난 행복하지,21,[nan.hɛm.pok̚.ha.tʃi],[nan.hɛŋ.bok̚.ha.dʒi]
네 세상은,21,[ne.se.saŋ.ɯn],[ne.se.saŋ.ɯn]
we got a,21,,
약에 대해,21,[jak̚.e.tɛ.hɛ],[jak̚.e.dɛ.hɛ]
같이 가고 싶은,21,[kat̚.i.ka.ko.sip̚.ɯn],[gat̚.i.ga.go.sip̚.ɯn]
참 그,21,[tʃʰam.kɯ],[tʃʰam.gɯ]
생각해 고마워,21,[sɛŋ.kak̚.hɛ.ko.ma.wʌ],[sɛŋ.gak̚.hɛ.go.ma.wʌ]
생각해 그게,21,[sɛŋ.kak̚.hɛ.kɯ.ke],[sɛŋ.gak̚.hɛ.gɯ.ge]
can''t leave,21,,
절 사랑하지,21,[tʃʌl.sa.ɾaŋ.ha.tʃi],[dʒʌl.sa.ɾaŋ.ha.dʒi]
can''t let go,21,,
생각해 뭐,21,[sɛŋ.kak̚.hɛ.mwʌ],[sɛŋ.gak̚.hɛ.mwʌ]
어디서 약을,21,[ʌ.ti.sʌ.jak̚.ɯl],[ʌ.di.sʌ.jak̚.ɯl]
무장 해제,21,[mu.tʃaŋ.hɛ.tʃe],[mu.dʒaŋ.hɛ.dʒe]
양 내,21,[jaŋ.nɛ],[jaŋ.nɛ]
있어서 나는,21,[it̚.ʌ.sʌ.na.nɯn],[it̚.ʌ.sʌ.na.nɯn]
세상에 안녕,21,[se.saŋ.e.an.njʌŋ],[se.saŋ.e.an.njʌŋ]
가장 효율적인,21,[ka.tʃaŋ.hjo.jul.tʃʌk̚.in],[ga.dʒaŋ.hjo.jul.tʃʌk̚.in]
한 짓의,21,[han.tʃit̚.ɯi],[han.dʒit̚.ɯi]
사람들 곁에,21,[sa.ɾan.tɯl.kjʌt̚.e],[sa.ɾan.tɯl.gjʌt̚.e]
어젯밤 집에,21,[ʌ.tʃet̚.pan.tʃip̚.e],[ʌ.dʒet̚.pam.dʒip̚.e]
생각해 본 적 없어요,21,[sɛŋ.kak̚.hɛ.pon.tʃʌk̚.ʌp̚.ʌ.jo],[sɛŋ.gak̚.hɛ.bon.dʒʌk̚.ʌp̚.ʌ.jo]
나도 기억나,21,[na.to.ki.ʌk̚.na],[na.do.gi.ʌk̚.na]
그 밖에 다른,21,[kɯ.pak̚.e.ta.ɾɯn],[gɯ.bak̚.e.da.ɾɯn]
당신이 할 수있는,21,[taŋ.sin.i.hal.su.it̚.nɯn],[daŋ.sin.i.hal.su.it̚.nɯn]
해 미안해요,21,[hɛ.mi.an.hɛ.jo],[hɛ.mi.an.hɛ.jo]
그거 반가운,21,[kɯ.kʌ.paŋ.ka.un],[gɯ.gʌ.baŋ.ka.un]
아니잖아요 그래,21,[a.ni.tʃan.a.jo.kɯ.ɾɛ],[a.ni.dʒan.a.jo.gɯ.ɾɛ]
사무실로 가시죠,21,[sa.mu.sil.ɾo.ka.si.tʃjo],[sa.mu.sil.ɾo.ga.si.dʒjo]
내 전화로,21,[nɛ.tʃʌn.hwa.ɾo],[nɛ.dʒʌn.hwa.ɾo]
당신이랑 당신,21,[taŋ.sin.i.ɾaŋ.taŋ.sin],[daŋ.sin.i.ɾaŋ.daŋ.sin]
적혀 있잖아,21,[tʃʌk̚.hjʌ.it̚.tʃan.a],[dʒʌk̚.hjʌ.it̚.tʃan.a]
나도 요즘,21,[na.to.jo.tʃɯm],[na.do.jo.dʒɯm]
얘기 안 할게,21,[jɛ.ki.an.hal.ke],[jɛ.gi.an.hal.ke]
말 중에 가장,21,[mal.tʃuŋ.e.ka.tʃaŋ],[mal.dʒuŋ.e.ga.dʒaŋ]
해 보겠다고,21,[hɛ.po.ket̚.ta.ko],[hɛ.bo.get̚.ta.go]
사무실로 오세요,21,[sa.mu.sil.ɾo.o.se.jo],[sa.mu.sil.ɾo.o.se.jo]
내가 원하는게,21,[nɛ.ka.wʌn.ha.nɯŋ.ke],[nɛ.ga.wʌn.ha.nɯŋ.ke]
겁니다 자넨,21,[kʌp̚.ni.ta.tʃa.nen],[gʌp̚.ni.da.dʒa.nen]
보여주는 거,21,[po.jʌ.tʃu.nɯŋ.kʌ],[bo.jʌ.dʒu.nɯn.gʌ]
모두 손을,21,[mo.tu.son.ɯl],[mo.du.son.ɯl]
얘기는 안 했어,21,[jɛ.ki.nɯn.an.hɛt̚.ʌ],[jɛ.gi.nɯn.an.hɛt̚.ʌ]
얘기도 좀 하고,21,[jɛ.ki.to.tʃom.ha.ko],[jɛ.gi.do.dʒom.ha.go]
나도 누군지,21,[na.to.nu.kun.tʃi],[na.do.nu.gun.tʃi]
나도 눈,21,[na.to.nun],[na.do.nun]
탐탁지 않아,21,[tʰan.tʰak̚.tʃi.an.a],[tʰan.tʰak̚.tʃi.an.a]
왔다 네,21,[wat̚.ta.ne],[wat̚.ta.ne]
마 나를,21,[ma.na.ɾɯl],[ma.na.ɾɯl]
얘기를 하자,21,[jɛ.ki.ɾɯl.ha.tʃa],[jɛ.gi.ɾɯl.ha.dʒa]
당연히 좋죠,21,[taŋ.jʌn.hi.tʃot̚.tʃjo],[daŋ.jʌn.hi.dʒot̚.tʃjo]
있어요 남편이,21,[it̚.ʌ.jo.nam.pʰjʌn.i],[it̚.ʌ.jo.nam.pʰjʌn.i]
얘기를 해봤는데,21,[jɛ.ki.ɾɯl.hɛ.pwat̚.nɯn.te],[jɛ.gi.ɾɯl.hɛ.bwat̚.nɯn.te]
널 가만두지 않을 거야,21,[nʌl.ka.man.tu.tʃi.an.ɯl.kʌ.ja],[nʌl.ga.man.tu.dʒi.an.ɯl.gʌ.ja]
게 뭐가 있겠어,21,[ke.mwʌ.ka.it̚.ket̚.ʌ],[ge.mwʌ.ga.it̚.ket̚.ʌ]
얘기만 좀,21,[jɛ.ki.man.tʃom],[jɛ.gi.man.dʒom]
그만해 알았어,21,[kɯ.man.hɛ.al.at̚.ʌ],[gɯ.man.hɛ.al.at̚.ʌ]
건 그만큼,21,[kʌŋ.kɯ.maŋ.kʰɯm],[gʌn.gɯ.maŋ.kʰɯm]
엄마가 다시,21,[ʌm.ma.ka.ta.si],[ʌm.ma.ga.da.si]
많이 올 거야,21,[man.i.ol.kʌ.ja],[man.i.ol.gʌ.ja]
Pussy Bang Bang,21,,
뱅 Pussy Pussy,21,[pɛŋ],[bɛŋ]
크리미널 마인드 조 맨태그나,21,[kʰɯ.ɾi.mi.nʌl.ma.in.tɯ.tʃo.mɛn.tʰɛ.kɯ.na],[kʰɯ.ɾi.mi.nʌl.ma.in.tɯ.dʒo.mɛn.tʰɛ.gɯ.na]
있다고 말했죠,21,[it̚.ta.ko.mal.hɛt̚.tʃjo],[it̚.ta.go.mal.hɛt̚.tʃjo]
잊어 버렸어,21,[it̚.ʌ.pʌ.ɾjʌt̚.ʌ],[it̚.ʌ.bʌ.ɾjʌt̚.ʌ]
다 엉망이야,21,[ta.ʌŋ.maŋ.i.ja],[da.ʌŋ.maŋ.i.ja]
우디 앨런,21,[u.ti.ɛl.ɾʌn],[u.di.ɛl.ɾʌn]
해 봐야겠어,21,[hɛ.pwa.ja.ket̚.ʌ],[hɛ.bwa.ja.get̚.ʌ]
당장 바닥에 엎드려,21,[taŋ.tʃam.pa.tak̚.e.ʌp̚.tɯ.ɾjʌ],[daŋ.dʒaŋ.ba.dak̚.e.ʌp̚.tɯ.ɾjʌ]
했는데 한,21,[hɛt̚.nɯn.te.han],[hɛt̚.nɯn.te.han]
이 고대의,21,[i.ko.tɛ.ɯi],[i.go.dɛ.ɯi]
생각했던 게,21,[sɛŋ.kak̚.hɛt̚.tʌŋ.ke],[sɛŋ.gak̚.hɛt̚.tʌn.ge]
멈출 줄,21,[mʌn.tʃʰul.tʃul],[mʌn.tʃʰul.dʒul]
태술 처,21,[tʰɛ.sul.tʃʰʌ],[tʰɛ.sul.tʃʰʌ]
당신 자신과,21,[taŋ.sin.tʃa.siŋ.kwa],[daŋ.sin.dʒa.siŋ.kwa]
잊어버린 거,21,[it̚.ʌ.pʌ.ɾiŋ.kʌ],[it̚.ʌ.bʌ.ɾin.gʌ]
그냥 하지 마,21,[kɯ.njaŋ.ha.tʃi.ma],[gɯ.njaŋ.ha.dʒi.ma]
태양에 너무,21,[tʰɛ.jaŋ.e.nʌ.mu],[tʰɛ.jaŋ.e.nʌ.mu]
있다고 생각하겠지,21,[it̚.ta.ko.sɛŋ.kak̚.ha.ket̚.tʃi],[it̚.ta.go.sɛŋ.gak̚.ha.get̚.tʃi]
그들 중 몇,21,[kɯ.tɯl.tʃuŋ.mjʌt̚],[gɯ.dɯl.dʒuŋ.mjʌt̚]
어찌 된 건지,21,[ʌ.tʃ͈i.tweŋ.kʌn.tʃi],[ʌ.tʃ͈i.dwen.gʌn.tʃi]
하는 게 얼마나,21,[ha.nɯŋ.ke.ʌl.ma.na],[ha.nɯn.ge.ʌl.ma.na]
미쳐가는 것,21,[mi.tʃʰjʌ.ka.nɯŋ.kʌt̚],[mi.tʃʰjʌ.ga.nɯn.gʌt̚]
소식이 들어오는 대로,21,[so.sik̚.i.tɯl.ʌ.o.nɯn.tɛ.ɾo],[so.sik̚.i.dɯl.ʌ.o.nɯn.dɛ.ɾo]
때 기억이,21,[t͈ɛ.ki.ʌk̚.i],[t͈ɛ.gi.ʌk̚.i]
못 당해,21,[mot̚.taŋ.hɛ],[mot̚.daŋ.hɛ]
생각했지 그래서,21,[sɛŋ.kak̚.hɛt̚.tʃi.kɯ.ɾɛ.sʌ],[sɛŋ.gak̚.hɛt̚.tʃi.gɯ.ɾɛ.sʌ]
때마다 이렇게,21,[t͈ɛ.ma.ta.i.ɾʌt̚.ke],[t͈ɛ.ma.da.i.ɾʌt̚.ke]
있다고 생각하다,21,[it̚.ta.ko.sɛŋ.kak̚.ha.ta],[it̚.ta.go.sɛŋ.gak̚.ha.da]
어머니 얘기를,21,[ʌ.mʌ.ni.jɛ.ki.ɾɯl],[ʌ.mʌ.ni.jɛ.gi.ɾɯl]
정신 좀 차리고,21,[tʃʌŋ.sin.tʃon.tʃʰa.ɾi.ko],[dʒʌŋ.sin.dʒon.tʃʰa.ɾi.go]
불같이 화를,21,[pul.kat̚.i.hwa.ɾɯl],[bul.kat̚.i.hwa.ɾɯl]
어두워질 때까지,21,[ʌ.tu.wʌ.tʃil.t͈ɛ.k͈a.tʃi],[ʌ.du.wʌ.dʒil.t͈ɛ.k͈a.dʒi]
되고 안,21,[twe.ko.an],[dwe.go.an]
보호가 필요한,21,[po.ho.ka.pʰil.jo.han],[bo.ho.ga.pʰil.jo.han]
그 변호사가,21,[kɯ.pjʌn.ho.sa.ka],[gɯ.bjʌn.ho.sa.ga]
어디 가셨나,21,[ʌ.ti.ka.sjʌt̚.na],[ʌ.di.ga.sjʌt̚.na]
정보를 많이,21,[tʃʌm.po.ɾɯl.man.i],[dʒʌŋ.bo.ɾɯl.man.i]
생겼어 무슨,21,[sɛŋ.kjʌt̚.ʌ.mu.sɯn],[sɛŋ.gjʌt̚.ʌ.mu.sɯn]
되고 우린,21,[twe.ko.u.ɾin],[dwe.go.u.ɾin]
널 눈빛 속에,21,[nʌl.lum.pit̚.sok̚.e],[nʌl.lum.pit̚.sok̚.e]
계속 말하는,21,[kje.sok̚.mal.ha.nɯn],[gje.sok̚.mal.ha.nɯn]
녹화 중,21,[nok̚.hwa.tʃuŋ],[nok̚.hwa.dʒuŋ]
나는 몰라요,21,[na.nɯn.mol.ɾa.jo],[na.nɯn.mol.ɾa.jo]
널 다치게 하고 싶지,21,[nʌl.ta.tʃʰi.ke.ha.ko.sip̚.tʃi],[nʌl.da.tʃʰi.ge.ha.go.sip̚.tʃi]
여기 넣어,21,[jʌ.ki.nʌt̚.ʌ],[jʌ.gi.nʌt̚.ʌ]
a long way,21,,
이긴 거지,21,[i.kiŋ.kʌ.tʃi],[i.gin.gʌ.dʒi]
게 다 잘,21,[ke.ta.tʃal],[ge.da.dʒal]
접근할 수 있습니다,21,[tʃʌp̚.kɯn.hal.su.it̚.sɯp̚.ni.ta],[dʒʌp̚.kɯn.hal.su.it̚.sɯp̚.ni.da]
여기 누군가,21,[jʌ.ki.nu.kuŋ.ka],[jʌ.gi.nu.guŋ.ka]
안 한 게 있어,21,[an.haŋ.ke.it̚.ʌ],[an.han.ge.it̚.ʌ]
많은 이들의,21,[man.ɯn.i.tɯl.ɯi],[man.ɯn.i.dɯl.ɯi]
어디 있대요,21,[ʌ.ti.it̚.tɛ.jo],[ʌ.di.it̚.tɛ.jo]
먼저 성묘 다녀오마,21,[mʌn.tʃʌ.sʌŋ.mjo.ta.njʌ.o.ma],[mʌn.tʃʌ.sʌŋ.mjo.da.njʌ.o.ma]
죄송하지만 오늘,21,[tʃwe.soŋ.ha.tʃi.man.o.nɯl],[dʒwe.soŋ.ha.dʒi.man.o.nɯl]
아니지 그게,21,[a.ni.tʃi.kɯ.ke],[a.ni.dʒi.gɯ.ge]
언니 진짜,21,[ʌn.ni.tʃin.tʃ͈a],[ʌn.ni.dʒin.tʃ͈a]
그건 거짓말이에요,21,[kɯ.kʌŋ.kʌ.tʃit̚.mal.i.e.jo],[gɯ.gʌn.gʌ.dʒit̚.mal.i.e.jo]
생기면 꼭,21,[sɛŋ.ki.mjʌŋ.k͈ok̚],[sɛŋ.gi.mjʌŋ.k͈ok̚]
소식이 하나,21,[so.sik̚.i.ha.na],[so.sik̚.i.ha.na]
모르겠지만 우린,21,[mo.ɾɯ.ket̚.tʃi.man.u.ɾin],[mo.ɾɯ.get̚.tʃi.man.u.ɾin]
것을 발견한다,21,[kʌt̚.ɯl.pal.kjʌn.han.ta],[gʌt̚.ɯl.bal.kjʌn.han.ta]
멋져 보여요,21,[mʌt̚.tʃjʌ.po.jʌ.jo],[mʌt̚.tʃjʌ.bo.jʌ.jo]
갈 순 없지,21,[kal.sun.ʌp̚.tʃi],[gal.sun.ʌp̚.tʃi]
날 뭐로 보는 거야,21,[nal.mwʌ.ɾo.po.nɯŋ.kʌ.ja],[nal.mwʌ.ɾo.bo.nɯn.gʌ.ja]
가치가 얼마나,21,[ka.tʃʰi.ka.ʌl.ma.na],[ga.tʃʰi.ga.ʌl.ma.na]
참 이,21,[tʃʰam.i],[tʃʰam.i]
안쪽이 더,21,[an.tʃ͈ok̚.i.tʌ],[an.tʃ͈ok̚.i.dʌ]
대량 학살,21,[tɛ.ɾjaŋ.hak̚.sal],[dɛ.ɾjaŋ.hak̚.sal]
자기 남편이,21,[tʃa.ki.nam.pʰjʌn.i],[dʒa.gi.nam.pʰjʌn.i]
몇 개월 전에,21,[mjʌt̚.kɛ.wʌl.tʃʌn.e],[mjʌt̚.gɛ.wʌl.dʒʌn.e]
언제 돌아와요,21,[ʌn.tʃe.tol.a.wa.jo],[ʌn.tʃe.dol.a.wa.jo]
난 자신,21,[nan.tʃa.sin],[nan.dʒa.sin]
많은 일이 있었지만,21,[man.ɯn.il.i.it̚.ʌt̚.tʃi.man],[man.ɯn.il.i.it̚.ʌt̚.tʃi.man]
몇 군데를,21,[mjʌt̚.kun.te.ɾɯl],[mjʌt̚.gun.te.ɾɯl]
당신 어머니의,21,[taŋ.sin.ʌ.mʌ.ni.ɯi],[daŋ.sin.ʌ.mʌ.ni.ɯi]
내게 누명을,21,[nɛ.ke.nu.mjʌŋ.ɯl],[nɛ.ge.nu.mjʌŋ.ɯl]
널 때린,21,[nʌl.t͈ɛ.ɾin],[nʌl.t͈ɛ.ɾin]
흔들리는 것,21,[hɯn.tɯl.ɾi.nɯŋ.kʌt̚],[hɯn.tɯl.ɾi.nɯn.gʌt̚]
거야 윌,21,[kʌ.ja.wil],[gʌ.ja.wil]
곳이 많아,21,[kot̚.i.man.a],[got̚.i.man.a]
the North,21,,
건 기억나,21,[kʌŋ.ki.ʌk̚.na],[gʌn.gi.ʌk̚.na]
그랬어 나도,21,[kɯ.ɾɛt̚.ʌ.na.to],[gɯ.ɾɛt̚.ʌ.na.do]
담에 봐,21,[tam.e.pwa],[dam.e.bwa]
말해줘야 해요,21,[mal.hɛ.tʃwʌ.ja.hɛ.jo],[mal.hɛ.dʒwʌ.ja.hɛ.jo]
거에요 그래요,21,[kʌ.e.jo.kɯ.ɾɛ.jo],[gʌ.e.jo.gɯ.ɾɛ.jo]
위해 여기까지,21,[wi.hɛ.jʌ.ki.k͈a.tʃi],[wi.hɛ.jʌ.gi.k͈a.dʒi]
아니라면 내,21,[a.ni.ɾa.mjʌn.nɛ],[a.ni.ɾa.mjʌn.nɛ]
내 인생에서 제일,21,[nɛ.in.sɛŋ.e.sʌ.tʃe.il],[nɛ.in.sɛŋ.e.sʌ.dʒe.il]
그 분들은,21,[kɯ.pun.tɯl.ɯn],[gɯ.bun.tɯl.ɯn]
정말로 당신이,21,[tʃʌŋ.mal.ɾo.taŋ.sin.i],[dʒʌŋ.mal.ɾo.daŋ.sin.i]
어떤 마음인지,21,[ʌ.t͈ʌn.ma.ɯm.in.tʃi],[ʌ.t͈ʌn.ma.ɯm.in.tʃi]
콜린스 씨가,21,[kʰol.ɾin.sɯ.s͈i.ka],[kʰol.ɾin.sɯ.s͈i.ga]
하란 말야,21,[ha.ɾan.mal.ja],[ha.ɾan.mal.ja]
내가 명령을,21,[nɛ.ka.mjʌŋ.ɾjʌŋ.ɯl],[nɛ.ga.mjʌŋ.ɾjʌŋ.ɯl]
같은 거 있잖아,21,[kat̚.ɯŋ.kʌ.it̚.tʃan.a],[gat̚.ɯn.gʌ.it̚.tʃan.a]
더 드실,21,[tʌ.tɯ.sil],[dʌ.dɯ.sil]
내 손과,21,[nɛ.soŋ.kwa],[nɛ.soŋ.kwa]
문제는 지금,21,[mun.tʃe.nɯn.tʃi.kɯm],[mun.tʃe.nɯn.dʒi.gɯm]
정말 그렇네,21,[tʃʌŋ.mal.kɯ.ɾʌt̚.ne],[dʒʌŋ.mal.gɯ.ɾʌt̚.ne]
왜 연락을,21,[wɛ.jʌl.lak̚.ɯl],[wɛ.jʌl.lak̚.ɯl]
언제나 좋은,21,[ʌn.tʃe.na.tʃot̚.ɯn],[ʌn.tʃe.na.dʒot̚.ɯn]
게 아니야 그래,21,[ke.a.ni.ja.kɯ.ɾɛ],[ge.a.ni.ja.gɯ.ɾɛ]
먹으러 갈 건데,21,[mʌk̚.ɯ.ɾʌ.kal.kʌn.te],[mʌk̚.ɯ.ɾʌ.gal.gʌn.te]
I was hoping,21,,
거야 이상한,21,[kʌ.ja.i.saŋ.han],[gʌ.ja.i.saŋ.han]
테니 무슨,21,[tʰe.ni.mu.sɯn],[tʰe.ni.mu.sɯn]
화가 났다는,21,[hwa.ka.nat̚.ta.nɯn],[hwa.ga.nat̚.ta.nɯn]
정말 너무해,21,[tʃʌŋ.mal.lʌ.mu.hɛ],[dʒʌŋ.mal.lʌ.mu.hɛ]
씨에 관한,21,[s͈i.e.kwan.han],[s͈i.e.gwan.han]
아니란 거 알잖아,21,[a.ni.ɾaŋ.kʌ.al.tʃan.a],[a.ni.ɾan.gʌ.al.tʃan.a]
계속 갑시다,21,[kje.sok̚.kap̚.si.ta],[gje.sok̚.gap̚.si.da]
그 비밀은,21,[kɯ.pi.mil.ɯn],[gɯ.bi.mil.ɯn]
핫한 귀신들과 함께하는,21,[hat̚.haŋ.kwi.sin.tɯl.kwa.ham.k͈e.ha.nɯn],[hat̚.han.gwi.sin.tɯl.kwa.ham.k͈e.ha.nɯn]
어떨지 모르지만,21,[ʌ.t͈ʌl.tʃi.mo.ɾɯ.tʃi.man],[ʌ.t͈ʌl.tʃi.mo.ɾɯ.dʒi.man]
그게 사실일,21,[kɯ.ke.sa.sil.il],[gɯ.ge.sa.sil.il]
스티븐 에이버리의,21,[sɯ.tʰi.pɯn.e.i.pʌ.ɾi.ɯi],[sɯ.tʰi.bɯn.e.i.bʌ.ɾi.ɯi]
커피 있어,21,[kʰʌ.pʰi.it̚.ʌ],[kʰʌ.pʰi.it̚.ʌ]
잔 하실래요,21,[tʃan.ha.sil.ɾɛ.jo],[dʒan.ha.sil.ɾɛ.jo]
많아서 그런,21,[man.a.sʌ.kɯ.ɾʌn],[man.a.sʌ.gɯ.ɾʌn]
거야 자신을,21,[kʌ.ja.tʃa.sin.ɯl],[gʌ.ja.dʒa.sin.ɯl]
해결하지 않으면,21,[hɛ.kjʌl.ha.tʃi.an.ɯ.mjʌn],[hɛ.gjʌl.ha.dʒi.an.ɯ.mjʌn]
내가 네 나이였을,21,[nɛ.ka.ne.na.i.jʌt̚.ɯl],[nɛ.ga.ne.na.i.jʌt̚.ɯl]
큰 것 같아,21,[kʰɯŋ.kʌt̚.kat̚.a],[kʰɯn.gʌt̚.gat̚.a]
정말 문제가,21,[tʃʌŋ.mal.mun.tʃe.ka],[dʒʌŋ.mal.mun.tʃe.ga]
답변하지 않겠습니다,21,[tap̚.pjʌn.ha.tʃi.aŋ.ket̚.sɯp̚.ni.ta],[dap̚.pjʌn.ha.dʒi.aŋ.ket̚.sɯp̚.ni.da]
알 수가 없군,21,[al.su.ka.ʌp̚.kun],[al.su.ga.ʌp̚.kun]
생존자들의 요청으로 이름은,21,[sɛŋ.tʃon.tʃa.tɯl.ɯi.jo.tʃʰʌŋ.ɯ.ɾo.i.ɾɯm.ɯn],[sɛŋ.dʒon.tʃa.dɯl.ɯi.jo.tʃʰʌŋ.ɯ.ɾo.i.ɾɯm.ɯn]
were my,21,,
몇 십,21,[mjʌt̚.sip̚],[mjʌt̚.sip̚]
나는 잠을,21,[na.nɯn.tʃam.ɯl],[na.nɯn.dʒam.ɯl]
그 뿐이야,21,[kɯ.p͈un.i.ja],[gɯ.p͈un.i.ja]
많을 것 같은데,21,[man.ɯl.kʌt̚.kat̚.ɯn.te],[man.ɯl.gʌt̚.gat̚.ɯn.te]
있다는 생각,21,[it̚.ta.nɯn.sɛŋ.kak̚],[it̚.ta.nɯn.sɛŋ.gak̚]
약속을 어긴,21,[jak̚.sok̚.ɯl.ʌ.kin],[jak̚.sok̚.ɯl.ʌ.gin]
거에요 우린,21,[kʌ.e.jo.u.ɾin],[gʌ.e.jo.u.ɾin]
되길 원하지,21,[twe.kil.wʌn.ha.tʃi],[dwe.gil.wʌn.ha.dʒi]
안 한단,21,[an.han.tan],[an.han.tan]
난리 통에,21,[nal.li.tʰoŋ.e],[nal.li.tʰoŋ.e]
어떻게 알겠습니까,21,[ʌ.t͈ʌt̚.ke.al.ket̚.sɯp̚.ni.k͈a],[ʌ.t͈ʌt̚.ke.al.ket̚.sɯp̚.ni.k͈a]
한 번 그런,21,[ham.pʌŋ.kɯ.ɾʌn],[han.bʌn.gɯ.ɾʌn]
너 어렸을,21,[nʌ.ʌ.ɾjʌt̚.ɯl],[nʌ.ʌ.ɾjʌt̚.ɯl]
말을 정말,21,[mal.ɯl.tʃʌŋ.mal],[mal.ɯl.dʒʌŋ.mal]
나도 인정해,21,[na.to.in.tʃʌŋ.hɛ],[na.do.in.tʃʌŋ.hɛ]
당신이 첫,21,[taŋ.sin.i.tʃʰʌt̚],[daŋ.sin.i.tʃʰʌt̚]
어떻게 알 수 있지,21,[ʌ.t͈ʌt̚.ke.al.su.it̚.tʃi],[ʌ.t͈ʌt̚.ke.al.su.it̚.tʃi]
먹으러 집에,21,[mʌk̚.ɯ.ɾʌ.tʃip̚.e],[mʌk̚.ɯ.ɾʌ.dʒip̚.e]
as good,21,,
했는데 다른,21,[hɛt̚.nɯn.te.ta.ɾɯn],[hɛt̚.nɯn.te.da.ɾɯn]
첫날 밤,21,[tʃʰʌt̚.nal.pam],[tʃʰʌt̚.nal.bam]
봤으면 좋았을 텐데,21,[pwat̚.ɯ.mjʌn.tʃot̚.at̚.ɯl.tʰen.te],[bwat̚.ɯ.mjʌn.dʒot̚.at̚.ɯl.tʰen.te]
여기 못 있어,21,[jʌ.ki.mot̚.it̚.ʌ],[jʌ.gi.mot̚.it̚.ʌ]
테러 조직을,21,[tʰe.ɾʌ.tʃo.tʃik̚.ɯl],[tʰe.ɾʌ.dʒo.dʒik̚.ɯl]
생각에 가장,21,[sɛŋ.kak̚.e.ka.tʃaŋ],[sɛŋ.gak̚.e.ga.dʒaŋ]
나는 어쩔 수,21,[na.nɯn.ʌ.tʃ͈ʌl.su],[na.nɯn.ʌ.tʃ͈ʌl.su]
패턴이 있어요,21,[pʰɛ.tʰʌn.i.it̚.ʌ.jo],[pʰɛ.tʰʌn.i.it̚.ʌ.jo]
어떻게 하지요,21,[ʌ.t͈ʌt̚.ke.ha.tʃi.jo],[ʌ.t͈ʌt̚.ke.ha.dʒi.jo]
떠야 돼,21,[t͈ʌ.ja.twɛ],[t͈ʌ.ja.dwɛ]
나는 물론,21,[na.nɯn.mul.ɾon],[na.nɯn.mul.ɾon]
되네 내가,21,[twe.ne.nɛ.ka],[dwe.ne.nɛ.ga]
시까지 집에,21,[si.k͈a.tʃi.tʃip̚.e],[si.k͈a.dʒi.dʒip̚.e]
갈지도 모르니까 먼저,21,[kal.tʃi.to.mo.ɾɯ.ni.k͈a.mʌn.tʃʌ],[gal.tʃi.do.mo.ɾɯ.ni.k͈a.mʌn.tʃʌ]
전에 자네,21,[tʃʌn.e.tʃa.ne],[dʒʌn.e.dʒa.ne]
Don''t worry about,21,,
널 사랑한단,21,[nʌl.sa.ɾaŋ.han.tan],[nʌl.sa.ɾaŋ.han.tan]
모두가 죽을,21,[mo.tu.ka.tʃuk̚.ɯl],[mo.du.ga.dʒuk̚.ɯl]
그 사람 말로는,21,[kɯ.sa.ɾam.mal.ɾo.nɯn],[gɯ.sa.ɾam.mal.ɾo.nɯn]
서는 건,21,[sʌ.nɯŋ.kʌn],[sʌ.nɯn.gʌn]
대한 수색,21,[tɛ.han.su.sɛk̚],[dɛ.han.su.sɛk̚]
가져갈 겁니다,21,[ka.tʃjʌ.kal.kʌp̚.ni.ta],[ga.dʒjʌ.gal.gʌp̚.ni.da]
제안을 받아들이지,21,[tʃe.an.ɯl.pat̚.a.tɯl.i.tʃi],[dʒe.an.ɯl.bat̚.a.dɯl.i.dʒi]
꼬부랑 할아버지가,21,[k͈o.pu.ɾaŋ.hal.a.pʌ.tʃi.ka],[k͈o.bu.ɾaŋ.hal.a.bʌ.dʒi.ga]
어떻게 알아냈지,21,[ʌ.t͈ʌt̚.ke.al.a.nɛt̚.tʃi],[ʌ.t͈ʌt̚.ke.al.a.nɛt̚.tʃi]
것이다 누가,21,[kʌt̚.i.ta.nu.ka],[gʌt̚.i.da.nu.ga]
물 주고,21,[mul.tʃu.ko],[mul.dʒu.go]
대한 정보를 얻었어,21,[tɛ.han.tʃʌm.po.ɾɯl.ʌt̚.ʌt̚.ʌ],[dɛ.han.dʒʌŋ.bo.ɾɯl.ʌt̚.ʌt̚.ʌ]
있다면 당장,21,[it̚.ta.mjʌn.taŋ.tʃaŋ],[it̚.ta.mjʌn.daŋ.dʒaŋ]
당신도 나만큼,21,[taŋ.sin.to.na.maŋ.kʰɯm],[daŋ.sin.to.na.maŋ.kʰɯm]
어마어마한 양의,21,[ʌ.ma.ʌ.ma.han.jaŋ.ɯi],[ʌ.ma.ʌ.ma.han.jaŋ.ɯi]
그 사람 알아요,21,[kɯ.sa.ɾam.al.a.jo],[gɯ.sa.ɾam.al.a.jo]
아니면 누구,21,[a.ni.mjʌn.nu.ku],[a.ni.mjʌn.nu.gu]
아직 제가,21,[a.tʃik̚.tʃe.ka],[a.dʒik̚.dʒe.ga]
쳐다보지 마요,21,[tʃʰjʌ.ta.po.tʃi.ma.jo],[tʃʰjʌ.da.bo.dʒi.ma.jo]
이 도시도,21,[i.to.si.to],[i.do.si.do]
말했다 난,21,[mal.hɛt̚.ta.nan],[mal.hɛt̚.ta.nan]
정말 좋은 소식이야,21,[tʃʌŋ.mal.tʃot̚.ɯn.so.sik̚.i.ja],[dʒʌŋ.mal.dʒot̚.ɯn.so.sik̚.i.ja]
텐데 맞아,21,[tʰen.te.mat̚.a],[tʰen.te.mat̚.a]
당신이 알았으면 해서,21,[taŋ.sin.i.al.at̚.ɯ.mjʌn.hɛ.sʌ],[daŋ.sin.i.al.at̚.ɯ.mjʌn.hɛ.sʌ]
그는 자고,21,[kɯ.nɯn.tʃa.ko],[gɯ.nɯn.dʒa.go]
하는 말 잘 들어,21,[ha.nɯn.mal.tʃal.tɯl.ʌ],[ha.nɯn.mal.dʒal.dɯl.ʌ]
볼 수도 있겠죠,21,[pol.su.to.it̚.ket̚.tʃjo],[bol.su.do.it̚.ket̚.tʃjo]
서로 많이,21,[sʌ.ɾo.man.i],[sʌ.ɾo.man.i]
모두 더,21,[mo.tu.tʌ],[mo.du.dʌ]
이 도시에는,21,[i.to.si.e.nɯn],[i.do.si.e.nɯn]
사소한 일,21,[sa.so.han.il],[sa.so.han.il]
있는지 말해줄,21,[it̚.nɯn.tʃi.mal.hɛ.tʃul],[it̚.nɯn.tʃi.mal.hɛ.dʒul]
꼭 가,21,[k͈ok̚.ka],[k͈ok̚.ga]
아니면 돈,21,[a.ni.mjʌn.ton],[a.ni.mjʌn.don]
계속 주시해,21,[kje.sok̚.tʃu.si.hɛ],[gje.sok̚.dʒu.si.hɛ]
있었어요 그래요,21,[it̚.ʌt̚.ʌ.jo.kɯ.ɾɛ.jo],[it̚.ʌt̚.ʌ.jo.gɯ.ɾɛ.jo]
좋아하지도 않는,21,[tʃot̚.a.ha.tʃi.to.an.nɯn],[dʒot̚.a.ha.dʒi.do.an.nɯn]
많이 낳고,21,[man.i.nat̚.ko],[man.i.nat̚.ko]
서로 아주,21,[sʌ.ɾo.a.tʃu],[sʌ.ɾo.a.dʒu]
정말 행복했어,21,[tʃʌŋ.mal.hɛm.pok̚.hɛt̚.ʌ],[dʒʌŋ.mal.hɛŋ.bok̚.hɛt̚.ʌ]
알겠습니다 오늘,21,[al.ket̚.sɯp̚.ni.ta.o.nɯl],[al.ket̚.sɯp̚.ni.da.o.nɯl]
서로 어떻게,21,[sʌ.ɾo.ʌ.t͈ʌt̚.ke],[sʌ.ɾo.ʌ.t͈ʌt̚.ke]
않는 두가지,21,[an.nɯn.tu.ka.tʃi],[an.nɯn.du.ga.dʒi]
이 동영상을,21,[i.toŋ.jʌŋ.saŋ.ɯl],[i.doŋ.jʌŋ.saŋ.ɯl]
보고 싶었는지,21,[po.ko.sip̚.ʌt̚.nɯn.tʃi],[bo.go.sip̚.ʌt̚.nɯn.tʃi]
중이에요 난,21,[tʃuŋ.i.e.jo.nan],[dʒuŋ.i.e.jo.nan]
한 번 봅시다,21,[ham.pʌm.pop̚.si.ta],[han.bʌn.bop̚.si.da]
깨질 수,21,[k͈ɛ.tʃil.su],[k͈ɛ.dʒil.su]
가끔은 네가,21,[ka.k͈ɯm.ɯn.ne.ka],[ga.k͈ɯm.ɯn.ne.ga]
멀리 가야,21,[mʌl.ɾi.ka.ja],[mʌl.ɾi.ga.ja]
당신들 같은,21,[taŋ.sin.tɯl.kat̚.ɯn],[daŋ.sin.tɯl.gat̚.ɯn]
않는 사람들,21,[an.nɯn.sa.ɾan.tɯl],[an.nɯn.sa.ɾan.tɯl]
아니고 하지만,21,[a.ni.ko.ha.tʃi.man],[a.ni.go.ha.dʒi.man]
그 사람들에,21,[kɯ.sa.ɾan.tɯl.e],[gɯ.sa.ɾan.tɯl.e]
결혼 안 할,21,[kjʌl.hon.an.hal],[gjʌl.hon.an.hal]
모두 안에,21,[mo.tu.an.e],[mo.du.an.e]
대한 대중의,21,[tɛ.han.tɛ.tʃuŋ.ɯi],[dɛ.han.dɛ.dʒuŋ.ɯi]
would have been,21,,
있는지 모르고,21,[it̚.nɯn.tʃi.mo.ɾɯ.ko],[it̚.nɯn.tʃi.mo.ɾɯ.go]
그거야 좋아,21,[kɯ.kʌ.ja.tʃot̚.a],[gɯ.gʌ.ja.dʒot̚.a]
모두 알고 있어,21,[mo.tu.al.ko.it̚.ʌ],[mo.du.al.ko.it̚.ʌ]
너 이 새끼야,21,[nʌ.i.sɛ.k͈i.ja],[nʌ.i.sɛ.k͈i.ja]
밥 밥,21,[pap̚.pap̚],[bap̚.bap̚]
한 일들은,21,[han.il.tɯl.ɯn],[han.il.tɯl.ɯn]
참을 거야,21,[tʃʰam.ɯl.kʌ.ja],[tʃʰam.ɯl.gʌ.ja]
대해 진심으로,21,[tɛ.hɛ.tʃin.sim.ɯ.ɾo],[dɛ.hɛ.dʒin.sim.ɯ.ɾo]
대해 할 말,21,[tɛ.hɛ.hal.mal],[dɛ.hɛ.hal.mal]
가장 잘한,21,[ka.tʃaŋ.tʃal.han],[ga.dʒaŋ.dʒal.han]
glad that,21,,
중이에요 하지만,21,[tʃuŋ.i.e.jo.ha.tʃi.man],[dʒuŋ.i.e.jo.ha.dʒi.man]
거야 헛소리,21,[kʌ.ja.hʌt̚.so.ɾi],[gʌ.ja.hʌt̚.so.ɾi]
할수 있는지,21,[hal.su.it̚.nɯn.tʃi],[hal.su.it̚.nɯn.tʃi]
자금을 대는,21,[tʃa.kɯm.ɯl.tɛ.nɯn],[dʒa.gɯm.ɯl.dɛ.nɯn]
게 맞겠죠,21,[ke.mat̚.ket̚.tʃjo],[ge.mat̚.ket̚.tʃjo]
참을 수 없을,21,[tʃʰam.ɯl.su.ʌp̚.ɯl],[tʃʰam.ɯl.su.ʌp̚.ɯl]
우리가 찾는 게,21,[u.ɾi.ka.tʃʰat̚.nɯŋ.ke],[u.ɾi.ga.tʃʰat̚.nɯn.ge]
대표의 웃음,21,[tɛ.pʰjo.ɯi.ut̚.ɯm],[dɛ.pʰjo.ɯi.ut̚.ɯm]
해결 못 할,21,[hɛ.kjʌl.mot̚.hal],[hɛ.gjʌl.mot̚.hal]
그는 전혀,21,[kɯ.nɯn.tʃʌn.hjʌ],[gɯ.nɯn.dʒʌn.hjʌ]
효과가 있었던,21,[hjo.kwa.ka.it̚.ʌt̚.tʌn],[hjo.gwa.ga.it̚.ʌt̚.tʌn]
대해선 이미,21,[tɛ.hɛ.sʌn.i.mi],[dɛ.hɛ.sʌn.i.mi]
있단다 네,21,[it̚.tan.ta.ne],[it̚.tan.ta.ne]
언제 그를,21,[ʌn.tʃe.kɯ.ɾɯl],[ʌn.tʃe.gɯ.ɾɯl]
거예요 괜찮을,21,[kʌ.je.jo.kwɛn.tʃʰan.ɯl],[gʌ.je.jo.gwɛn.tʃʰan.ɯl]
언제 내가,21,[ʌn.tʃe.nɛ.ka],[ʌn.tʃe.nɛ.ga]
서명 못,21,[sʌ.mjʌŋ.mot̚],[sʌ.mjʌŋ.mot̚]
모두 준비됐어,21,[mo.tu.tʃum.pi.twɛt̚.ʌ],[mo.du.dʒum.pi.dwɛt̚.ʌ]
서른 살,21,[sʌ.ɾɯn.sal],[sʌ.ɾɯn.sal]
정상으로 돌아올,21,[tʃʌŋ.saŋ.ɯ.ɾo.tol.a.ol],[dʒʌŋ.saŋ.ɯ.ɾo.dol.a.ol]
what I think,21,,
저 개자식을,21,[tʃʌ.kɛ.tʃa.sik̚.ɯl],[dʒʌ.gɛ.dʒa.sik̚.ɯl]
거에요 그러니까,21,[kʌ.e.jo.kɯ.ɾʌ.ni.k͈a],[gʌ.e.jo.gɯ.ɾʌ.ni.k͈a]
언제 처음으로,21,[ʌn.tʃe.tʃʰʌ.ɯm.ɯ.ɾo],[ʌn.tʃe.tʃʰʌ.ɯm.ɯ.ɾo]
얼마나 쉽게,21,[ʌl.ma.na.swip̚.ke],[ʌl.ma.na.swip̚.ke]
거라고 했다,21,[kʌ.ɾa.ko.hɛt̚.ta],[gʌ.ɾa.go.hɛt̚.ta]
되는 건 알지만,21,[twe.nɯŋ.kʌn.al.tʃi.man],[dwe.nɯn.gʌn.al.tʃi.man]
하는 말인가,21,[ha.nɯn.mal.iŋ.ka],[ha.nɯn.mal.iŋ.ka]
나도 어릴 때,21,[na.to.ʌ.ɾil.t͈ɛ],[na.do.ʌ.ɾil.t͈ɛ]
어디에 있었지,21,[ʌ.ti.e.it̚.ʌt̚.tʃi],[ʌ.di.e.it̚.ʌt̚.tʃi]
않는다 우리는,21,[an.nɯn.ta.u.ɾi.nɯn],[an.nɯn.ta.u.ɾi.nɯn]
언젠가는 어머니를 죽인 자를,21,[ʌn.tʃeŋ.ka.nɯn.ʌ.mʌ.ni.ɾɯl.tʃuk̚.in.tʃa.ɾɯl],[ʌn.tʃeŋ.ka.nɯn.ʌ.mʌ.ni.ɾɯl.dʒuk̚.in.dʒa.ɾɯl]
좋은 사람이잖아요,21,[tʃot̚.ɯn.sa.ɾam.i.tʃan.a.jo],[dʒot̚.ɯn.sa.ɾam.i.dʒan.a.jo]
복권에 당첨된,21,[pok̚.kwʌn.e.taŋ.tʃʰʌn.twen],[bok̚.kwʌn.e.daŋ.tʃʰʌn.twen]
시간 낭비만,21,[si.kan.nam.pi.man],[si.gan.naŋ.bi.man]
이런 차,21,[i.ɾʌn.tʃʰa],[i.ɾʌn.tʃʰa]
놀아 보자,21,[nol.a.po.tʃa],[nol.a.bo.dʒa]
그는 제게,21,[kɯ.nɯn.tʃe.ke],[gɯ.nɯn.dʒe.ge]
얻을 때,21,[ʌt̚.ɯl.t͈ɛ],[ʌt̚.ɯl.t͈ɛ]
Through the,21,,
아니면 우리를,21,[a.ni.mjʌn.u.ɾi.ɾɯl],[a.ni.mjʌn.u.ɾi.ɾɯl]
그게 아니라는,21,[kɯ.ke.a.ni.ɾa.nɯn],[gɯ.ge.a.ni.ɾa.nɯn]
되는 걸로,21,[twe.nɯŋ.kʌl.ɾo],[dwe.nɯn.gʌl.ɾo]
아니면 원래,21,[a.ni.mjʌn.wʌl.lɛ],[a.ni.mjʌn.wʌl.lɛ]
애들 전부,21,[ɛ.tɯl.tʃʌm.pu],[ɛ.dɯl.dʒʌm.pu]
나빠지고 있어요,21,[na.p͈a.tʃi.ko.it̚.ʌ.jo],[na.p͈a.dʒi.go.it̚.ʌ.jo]
있어요 같은,21,[it̚.ʌ.jo.kat̚.ɯn],[it̚.ʌ.jo.gat̚.ɯn]
이 멍청한 자식아,21,[i.mʌŋ.tʃʰʌŋ.han.tʃa.sik̚.a],[i.mʌŋ.tʃʰʌŋ.han.dʒa.sik̚.a]
그러게 그럼,21,[kɯ.ɾʌ.ke.kɯ.ɾʌm],[gɯ.ɾʌ.ge.gɯ.ɾʌm]
학교 같이,21,[hak̚.kjo.kat̚.i],[hak̚.kjo.gat̚.i]
미안해요 아뇨,21,[mi.an.hɛ.jo.a.njo],[mi.an.hɛ.jo.a.njo]
놈 누구야,21,[nom.nu.ku.ja],[nom.nu.gu.ja]
그는 좋은 사람이야,21,[kɯ.nɯn.tʃot̚.ɯn.sa.ɾam.i.ja],[gɯ.nɯn.dʒot̚.ɯn.sa.ɾam.i.ja]
전부는 아닙니다,21,[tʃʌm.pu.nɯn.a.nip̚.ni.ta],[dʒʌm.pu.nɯn.a.nip̚.ni.da]
것 같지 않은,21,[kʌt̚.kat̚.tʃi.an.ɯn],[gʌt̚.gat̚.tʃi.an.ɯn]
이 모델은,21,[i.mo.tel.ɯn],[i.mo.del.ɯn]
알아낸 거죠,21,[al.a.nɛŋ.kʌ.tʃjo],[al.a.nɛn.gʌ.dʒjo]
나 자신을 위해서,21,[na.tʃa.sin.ɯl.wi.hɛ.sʌ],[na.dʒa.sin.ɯl.wi.hɛ.sʌ]
완전 구려,21,[wan.tʃʌŋ.ku.ɾjʌ],[wan.tʃʌn.gu.ɾjʌ]
될 거야 자,21,[twel.kʌ.ja.tʃa],[dwel.gʌ.ja.dʒa]
전 돈을,21,[tʃʌn.ton.ɯl],[dʒʌn.don.ɯl]
Get down,21,,
할 거니까요,21,[hal.kʌ.ni.k͈a.jo],[hal.gʌ.ni.k͈a.jo]
얼마나 됐는데,21,[ʌl.ma.na.twɛt̚.nɯn.te],[ʌl.ma.na.dwɛt̚.nɯn.te]
그 사람이 나한테,21,[kɯ.sa.ɾam.i.na.han.tʰe],[gɯ.sa.ɾam.i.na.han.tʰe]
that you can,21,,
생각으로 그런건가,21,[sɛŋ.kak̚.ɯ.ɾo.kɯ.ɾʌŋ.kʌŋ.ka],[sɛŋ.gak̚.ɯ.ɾo.gɯ.ɾʌŋ.kʌŋ.ka]
건 나지,21,[kʌn.na.tʃi],[gʌn.na.dʒi]
더 댑,21,[tʌ.tɛp̚],[dʌ.dɛp̚]
알고 있는 것 같다,21,[al.ko.it̚.nɯŋ.kʌt̚.kat̚.ta],[al.ko.it̚.nɯn.gʌt̚.gat̚.ta]
you into,21,,
하는 건 내가,21,[ha.nɯŋ.kʌn.nɛ.ka],[ha.nɯn.gʌn.nɛ.ga]
어떻게 이럴 수 있어요,21,[ʌ.t͈ʌt̚.ke.i.ɾʌl.su.it̚.ʌ.jo],[ʌ.t͈ʌt̚.ke.i.ɾʌl.su.it̚.ʌ.jo]
무슨 일 있었던,21,[mu.sɯn.il.it̚.ʌt̚.tʌn],[mu.sɯn.il.it̚.ʌt̚.tʌn]
남편을 죽였어,21,[nam.pʰjʌn.ɯl.tʃuk̚.jʌt̚.ʌ],[nam.pʰjʌn.ɯl.dʒuk̚.jʌt̚.ʌ]
선물 사,21,[sʌn.mul.sa],[sʌn.mul.sa]
모든 감정을,21,[mo.tɯŋ.kan.tʃʌŋ.ɯl],[mo.dɯn.gan.tʃʌŋ.ɯl]
꼭 그렇지도,21,[k͈ok̚.kɯ.ɾʌt̚.tʃi.to],[k͈ok̚.gɯ.ɾʌt̚.tʃi.do]
그들은 아직도,21,[kɯ.tɯl.ɯn.a.tʃik̚.to],[gɯ.dɯl.ɯn.a.dʒik̚.to]
밖에 있는 게,21,[pak̚.e.it̚.nɯŋ.ke],[bak̚.e.it̚.nɯn.ge]
Don''t you think,21,,
엄마 생일,21,[ʌm.ma.sɛŋ.il],[ʌm.ma.sɛŋ.il]
알고 있다네,21,[al.ko.it̚.ta.ne],[al.ko.it̚.ta.ne]
엄마 방에,21,[ʌm.ma.paŋ.e],[ʌm.ma.baŋ.e]
같이 먹어도,21,[kat̚.i.mʌk̚.ʌ.to],[gat̚.i.mʌk̚.ʌ.do]
아니야 가자,21,[a.ni.ja.ka.tʃa],[a.ni.ja.ga.dʒa]
의사 결정,21,[ɯi.sa.kjʌl.tʃʌŋ],[ɯi.sa.gjʌl.tʃʌŋ]
엄마 말 잘 들어,21,[ʌm.ma.mal.tʃal.tɯl.ʌ],[ʌm.ma.mal.dʒal.dɯl.ʌ]
의미할 수,21,[ɯi.mi.hal.su],[ɯi.mi.hal.su]
해냈을 거야,21,[hɛ.nɛt̚.ɯl.kʌ.ja],[hɛ.nɛt̚.ɯl.gʌ.ja]
나랑 헤어지고,21,[na.ɾaŋ.he.ʌ.tʃi.ko],[na.ɾaŋ.he.ʌ.dʒi.go]
엄마 어떻게,21,[ʌm.ma.ʌ.t͈ʌt̚.ke],[ʌm.ma.ʌ.t͈ʌt̚.ke]
좋아요 아주 좋아요,21,[tʃot̚.a.jo.a.tʃu.tʃot̚.a.jo],[dʒot̚.a.jo.a.dʒu.dʒot̚.a.jo]
더 바보,21,[tʌ.pa.po],[dʌ.ba.bo]
있어 여러,21,[it̚.ʌ.jʌ.ɾʌ],[it̚.ʌ.jʌ.ɾʌ]
자기 사진을,21,[tʃa.ki.sa.tʃin.ɯl],[dʒa.gi.sa.dʒin.ɯl]
먹을 거 좀,21,[mʌk̚.ɯl.kʌ.tʃom],[mʌk̚.ɯl.gʌ.dʒom]
제 눈이,21,[tʃe.nun.i],[dʒe.nun.i]
그동안 어디 있었어,21,[kɯ.toŋ.an.ʌ.ti.it̚.ʌt̚.ʌ],[gɯ.doŋ.an.ʌ.di.it̚.ʌt̚.ʌ]
어떻게 나가지,21,[ʌ.t͈ʌt̚.ke.na.ka.tʃi],[ʌ.t͈ʌt̚.ke.na.ga.dʒi]
그러는 편이,21,[kɯ.ɾʌ.nɯm.pʰjʌn.i],[gɯ.ɾʌ.nɯm.pʰjʌn.i]
모든 것 중에서,21,[mo.tɯŋ.kʌt̚.tʃuŋ.e.sʌ],[mo.dɯn.gʌt̚.dʒuŋ.e.sʌ]
절대 못해,21,[tʃʌl.tɛ.mot̚.hɛ],[dʒʌl.tɛ.mot̚.hɛ]
많이 벌어서,21,[man.i.pʌl.ʌ.sʌ],[man.i.bʌl.ʌ.sʌ]
일찍 못,21,[il.tʃ͈ik̚.mot̚],[il.tʃ͈ik̚.mot̚]
모든 걸 잃게 될,21,[mo.tɯŋ.kʌl.il.ke.twel],[mo.dɯn.gʌl.il.ke.dwel]
화난 거 알아요,21,[hwa.naŋ.kʌ.al.a.jo],[hwa.nan.gʌ.al.a.jo]
엄마가 계속,21,[ʌm.ma.ka.kje.sok̚],[ʌm.ma.ga.gje.sok̚]
여기 없다는,21,[jʌ.ki.ʌp̚.ta.nɯn],[jʌ.gi.ʌp̚.ta.nɯn]
모든 걸 잃은,21,[mo.tɯŋ.kʌl.il.ɯn],[mo.dɯn.gʌl.il.ɯn]
그녀를 먼저,21,[kɯ.njʌ.ɾɯl.mʌn.tʃʌ],[gɯ.njʌ.ɾɯl.mʌn.tʃʌ]
반갑군 자네가,21,[paŋ.kap̚.kun.tʃa.ne.ka],[baŋ.kap̚.kun.dʒa.ne.ga]
알고 있었어 네가,21,[al.ko.it̚.ʌt̚.ʌ.ne.ka],[al.ko.it̚.ʌt̚.ʌ.ne.ga]
matter with,21,,
what did you,21,,
그 여자분,21,[kɯ.jʌ.tʃa.pun],[gɯ.jʌ.dʒa.bun]
세어 봐,21,[se.ʌ.pwa],[se.ʌ.bwa]
같이 뭘,21,[kat̚.i.mwʌl],[gat̚.i.mwʌl]
고대 이집트인들은,21,[ko.tɛ.i.tʃip̚.tʰɯ.in.tɯl.ɯn],[go.dɛ.i.dʒip̚.tʰɯ.in.tɯl.ɯn]
할 것이다'',21,[hal.kʌt̚.i.ta],[hal.gʌt̚.i.da]
그런 문제가 아니야,21,[kɯ.ɾʌn.mun.tʃe.ka.a.ni.ja],[gɯ.ɾʌn.mun.tʃe.ga.a.ni.ja]
약속할게 내가,21,[jak̚.sok̚.hal.ke.nɛ.ka],[jak̚.sok̚.hal.ke.nɛ.ga]
모든 걸 잘,21,[mo.tɯŋ.kʌl.tʃal],[mo.dɯn.gʌl.dʒal]
투자할 수,21,[tʰu.tʃa.hal.su],[tʰu.dʒa.hal.su]
선생님은 제,21,[sʌn.sɛŋ.nim.ɯn.tʃe],[sʌn.sɛŋ.nim.ɯn.dʒe]
있습니다 그럴,21,[it̚.sɯp̚.ni.ta.kɯ.ɾʌl],[it̚.sɯp̚.ni.da.gɯ.ɾʌl]
왜 가져가,21,[wɛ.ka.tʃjʌ.ka],[wɛ.ga.dʒjʌ.ga]
먹을 것 좀 사,21,[mʌk̚.ɯl.kʌt̚.tʃom.sa],[mʌk̚.ɯl.gʌt̚.dʒom.sa]
그게 아무것도,21,[kɯ.ke.a.mu.kʌt̚.to],[gɯ.ge.a.mu.gʌt̚.to]
당신은 원래,21,[taŋ.sin.ɯn.wʌl.lɛ],[daŋ.sin.ɯn.wʌl.lɛ]
thing in,21,,
있습니다 그의,21,[it̚.sɯp̚.ni.ta.kɯ.ɯi],[it̚.sɯp̚.ni.da.gɯ.ɯi]
놈들을 막을,21,[non.tɯl.ɯl.mak̚.ɯl],[non.tɯl.ɯl.mak̚.ɯl]
확실히 더,21,[hwak̚.sil.hi.tʌ],[hwak̚.sil.hi.dʌ]
by SkyHero,21,,
그에게 주었다,21,[kɯ.e.ke.tʃu.ʌt̚.ta],[gɯ.e.ge.dʒu.ʌt̚.ta]
그러니 다,21,[kɯ.ɾʌ.ni.ta],[gɯ.ɾʌ.ni.da]
선수 중,21,[sʌn.su.tʃuŋ],[sʌn.su.dʒuŋ]
트루 블러드,21,[tʰɯ.ɾu.pɯl.ɾʌ.tɯ],[tʰɯ.ɾu.bɯl.ɾʌ.dɯ]
그에게 직접,21,[kɯ.e.ke.tʃik̚.tʃʌp̚],[gɯ.e.ge.dʒik̚.tʃʌp̚]
밖에 있었는데,21,[pak̚.e.it̚.ʌt̚.nɯn.te],[bak̚.e.it̚.ʌt̚.nɯn.te]
했는지 넌,21,[hɛt̚.nɯn.tʃi.nʌn],[hɛt̚.nɯn.tʃi.nʌn]
엄마는 그걸,21,[ʌm.ma.nɯŋ.kɯ.kʌl],[ʌm.ma.nɯn.gɯ.gʌl]
있습니다 또한,21,[it̚.sɯp̚.ni.ta.t͈o.han],[it̚.sɯp̚.ni.da.t͈o.han]
알고 있었네,21,[al.ko.it̚.ʌt̚.ne],[al.ko.it̚.ʌt̚.ne]
나랑 자고 싶어,21,[na.ɾaŋ.tʃa.ko.sip̚.ʌ],[na.ɾaŋ.dʒa.go.sip̚.ʌ]
이 방 안에,21,[i.paŋ.an.e],[i.baŋ.an.e]
갔어요 내가,21,[kat̚.ʌ.jo.nɛ.ka],[gat̚.ʌ.jo.nɛ.ga]
선우의 거친 숨소리,21,[sʌn.u.ɯi.kʌ.tʃʰin.sum.so.ɾi],[sʌn.u.ɯi.gʌ.tʃʰin.sum.so.ɾi]
시간과 장소는,21,[si.kaŋ.kwa.tʃaŋ.so.nɯn],[si.gaŋ.kwa.dʒaŋ.so.nɯn]
같이 보낸,21,[kat̚.i.po.nɛn],[gat̚.i.bo.nɛn]
없는 건 아니야,21,[ʌp̚.nɯŋ.kʌn.a.ni.ja],[ʌp̚.nɯn.gʌn.a.ni.ja]
그러니 말해,21,[kɯ.ɾʌ.ni.mal.hɛ],[gɯ.ɾʌ.ni.mal.hɛ]
복수할 수,21,[pok̚.su.hal.su],[bok̚.su.hal.su]
제발 닥쳐,21,[tʃe.pal.tak̚.tʃʰjʌ],[dʒe.bal.dak̚.tʃʰjʌ]
선을 위해,21,[sʌn.ɯl.wi.hɛ],[sʌn.ɯl.wi.hɛ]
시간도 별로,21,[si.kan.to.pjʌl.ɾo],[si.gan.to.bjʌl.ɾo]
모든 끔찍한,21,[mo.tɯŋ.k͈ɯn.tʃ͈ik̚.han],[mo.dɯŋ.k͈ɯn.tʃ͈ik̚.han]
놈들이 곧,21,[non.tɯl.i.kot̚],[non.tɯl.i.got̚]
그게 어느,21,[kɯ.ke.ʌ.nɯ],[gɯ.ge.ʌ.nɯ]
창피하게 왜,21,[tʃʰam.pʰi.ha.ke.wɛ],[tʃʰam.pʰi.ha.ge.wɛ]
그 사진에,21,[kɯ.sa.tʃin.e],[gɯ.sa.dʒin.e]
많이 생길,21,[man.i.sɛŋ.kil],[man.i.sɛŋ.gil]
창피한 게,21,[tʃʰam.pʰi.haŋ.ke],[tʃʰam.pʰi.han.ge]
제 친구들,21,[tʃe.tʃʰiŋ.ku.tɯl],[dʒe.tʃʰiŋ.ku.dɯl]
선재가 살짝 웃는다,21,[sʌn.tʃɛ.ka.sal.tʃ͈ak̚.ut̚.nɯn.ta],[sʌn.tʃɛ.ga.sal.tʃ͈ak̚.ut̚.nɯn.ta]
같이 보면,21,[kat̚.i.po.mjʌn],[gat̚.i.bo.mjʌn]
않습니다 내,21,[an.sɯp̚.ni.ta.nɛ],[an.sɯp̚.ni.da.nɛ]
없는가 보군,21,[ʌp̚.nɯŋ.ka.po.kun],[ʌp̚.nɯŋ.ka.bo.gun]
않습니다 우리는,21,[an.sɯp̚.ni.ta.u.ɾi.nɯn],[an.sɯp̚.ni.da.u.ɾi.nɯn]
I''ll leave,21,,
사실 이번,21,[sa.sil.i.pʌn],[sa.sil.i.bʌn]
할 수 있는 다른,21,[hal.su.it̚.nɯn.ta.ɾɯn],[hal.su.it̚.nɯn.da.ɾɯn]
얻지 못해,21,[ʌt̚.tʃi.mot̚.hɛ],[ʌt̚.tʃi.mot̚.hɛ]
더 좋다는,21,[tʌ.tʃot̚.ta.nɯn],[dʌ.dʒot̚.ta.nɯn]
더 좋았던,21,[tʌ.tʃot̚.at̚.tʌn],[dʌ.dʒot̚.at̚.tʌn]
것 같아 아니야,21,[kʌt̚.kat̚.a.a.ni.ja],[gʌt̚.gat̚.a.a.ni.ja]
the matter with,21,,
나를 사랑하지,21,[na.ɾɯl.sa.ɾaŋ.ha.tʃi],[na.ɾɯl.sa.ɾaŋ.ha.dʒi]
이게 내가 원하는,21,[i.ke.nɛ.ka.wʌn.ha.nɯn],[i.ge.nɛ.ga.wʌn.ha.nɯn]
워싱턴 타운십,21,[wʌ.siŋ.tʰʌn.tʰa.un.sip̚],[wʌ.siŋ.tʰʌn.tʰa.un.sip̚]
숨을 깊게 내뱉으며,21,[sum.ɯl.kip̚.ke.nɛ.pɛt̚.ɯ.mjʌ],[sum.ɯl.gip̚.ke.nɛ.bɛt̚.ɯ.mjʌ]
그와 관련된,21,[kɯ.wa.kwal.ljʌn.twen],[gɯ.wa.gwal.ljʌn.twen]
더 심해져,21,[tʌ.sim.hɛ.tʃjʌ],[dʌ.sim.hɛ.dʒjʌ]
gonna talk,21,,
잘못한 걸,21,[tʃal.mot̚.haŋ.kʌl],[dʒal.mot̚.han.gʌl]
한 번 해볼까,21,[ham.pʌn.hɛ.pol.k͈a],[han.bʌn.hɛ.bol.k͈a]
직면하고 있는,21,[tʃik̚.mjʌn.ha.ko.it̚.nɯn],[dʒik̚.mjʌn.ha.go.it̚.nɯn]
위해 일했던,21,[wi.hɛ.il.hɛt̚.tʌn],[wi.hɛ.il.hɛt̚.tʌn]
남편이 죽고,21,[nam.pʰjʌn.i.tʃuk̚.ko],[nam.pʰjʌn.i.dʒuk̚.ko]
나한테 물어보면,21,[na.han.tʰe.mul.ʌ.po.mjʌn],[na.han.tʰe.mul.ʌ.bo.mjʌn]
본 것 같은,21,[poŋ.kʌt̚.kat̚.ɯn],[bon.gʌt̚.gat̚.ɯn]
짓도 안 할,21,[tʃit̚.to.an.hal],[dʒit̚.to.an.hal]
믿어줘야 해,21,[mit̚.ʌ.tʃwʌ.ja.hɛ],[mit̚.ʌ.dʒwʌ.ja.hɛ]
찾게 될 거예요,21,[tʃʰat̚.ke.twel.kʌ.je.jo],[tʃʰat̚.ke.dwel.gʌ.je.jo]
선택의 여지가 없는 것,21,[sʌn.tʰɛk̚.ɯi.jʌ.tʃi.ka.ʌp̚.nɯŋ.kʌt̚],[sʌn.tʰɛk̚.ɯi.jʌ.dʒi.ga.ʌp̚.nɯn.gʌt̚]
모든 사건의,21,[mo.tɯn.sa.kʌn.ɯi],[mo.dɯn.sa.gʌn.ɯi]
더 쓸모,21,[tʌ.s͈ɯl.mo],[dʌ.s͈ɯl.mo]
한 번만 더 그러면,21,[ham.pʌn.man.tʌ.kɯ.ɾʌ.mjʌn],[han.bʌn.man.dʌ.gɯ.ɾʌ.mjʌn]
엄마한테 뭐라고,21,[ʌm.ma.han.tʰe.mwʌ.ɾa.ko],[ʌm.ma.han.tʰe.mwʌ.ɾa.go]
너 해,21,[nʌ.hɛ],[nʌ.hɛ]
그러면 되겠네,21,[kɯ.ɾʌ.mjʌn.twe.ket̚.ne],[gɯ.ɾʌ.mjʌn.dwe.get̚.ne]
이 차의,21,[i.tʃʰa.ɯi],[i.tʃʰa.ɯi]
건 내가 아냐,21,[kʌn.nɛ.ka.a.nja],[gʌn.nɛ.ga.a.nja]
더 큰 문제가 있어요,21,[tʌ.kʰɯn.mun.tʃe.ka.it̚.ʌ.jo],[dʌ.kʰɯn.mun.tʃe.ga.it̚.ʌ.jo]
밝은 미래가,21,[pak̚.ɯn.mi.ɾɛ.ka],[bak̚.ɯn.mi.ɾɛ.ga]
변호사가 아니야,21,[pjʌn.ho.sa.ka.a.ni.ja],[bjʌn.ho.sa.ga.a.ni.ja]
대답을 할,21,[tɛ.tap̚.ɯl.hal],[dɛ.dap̚.ɯl.hal]
그러면 안돼요,21,[kɯ.ɾʌ.mjʌn.an.twɛ.jo],[gɯ.ɾʌ.mjʌn.an.twɛ.jo]
제 생일이에요,21,[tʃe.sɛŋ.il.i.e.jo],[dʒe.sɛŋ.il.i.e.jo]
밝은 면을,21,[pak̚.ɯn.mjʌn.ɯl],[bak̚.ɯn.mjʌn.ɯl]
엄숙히 맹세합니다,21,[ʌm.suk̚.hi.mɛŋ.se.hap̚.ni.ta],[ʌm.suk̚.hi.mɛŋ.se.hap̚.ni.da]
보자 잠깐,21,[po.tʃa.tʃam.k͈an],[bo.dʒa.dʒam.k͈an]
모든 서류를,21,[mo.tɯn.sʌ.ɾju.ɾɯl],[mo.dɯn.sʌ.ɾju.ɾɯl]
엄숙히 선서합니다,21,[ʌm.suk̚.hi.sʌn.sʌ.hap̚.ni.ta],[ʌm.suk̚.hi.sʌn.sʌ.hap̚.ni.da]
더 필요하신거,21,[tʌ.pʰil.jo.ha.siŋ.kʌ],[dʌ.pʰil.jo.ha.siŋ.kʌ]
알려 줘서 고마워,21,[al.ɾjʌ.tʃwʌ.sʌ.ko.ma.wʌ],[al.ɾjʌ.dʒwʌ.sʌ.go.ma.wʌ]
was he,21,,
자기 일을 하는,21,[tʃa.ki.il.ɯl.ha.nɯn],[dʒa.gi.il.ɯl.ha.nɯn]
것 같아 알아,21,[kʌt̚.kat̚.a.al.a],[gʌt̚.gat̚.a.al.a]
더 알아낼,21,[tʌ.al.a.nɛl],[dʌ.al.a.nɛl]
그 생각밖에,21,[kɯ.sɛŋ.kak̚.pak̚.e],[gɯ.sɛŋ.gak̚.pak̚.e]
GA 자막공장 디렉터,21,[tʃa.mak̚.koŋ.tʃaŋ.ti.ɾek̚.tʰʌ],[dʒa.mak̚.koŋ.dʒaŋ.di.ɾek̚.tʰʌ]
시간에 걸쳐,21,[si.kan.e.kʌl.tʃʰjʌ],[si.gan.e.gʌl.tʃʰjʌ]
애가 당신,21,[ɛ.ka.taŋ.sin],[ɛ.ga.daŋ.sin]
날 같이,21,[nal.kat̚.i],[nal.gat̚.i]
모든 게 괜찮아질,21,[mo.tɯŋ.ke.kwɛn.tʃʰan.a.tʃil],[mo.dɯn.ge.gwɛn.tʃʰan.a.dʒil]
아니야 돈,21,[a.ni.ja.ton],[a.ni.ja.don]
처음부터 그,21,[tʃʰʌ.ɯm.pu.tʰʌ.kɯ],[tʃʰʌ.ɯm.pu.tʰʌ.gɯ]
제 아내요,21,[tʃe.a.nɛ.jo],[dʒe.a.nɛ.jo]
일하고 있었죠,21,[il.ha.ko.it̚.ʌt̚.tʃjo],[il.ha.go.it̚.ʌt̚.tʃjo]
Bang Bang,21,,
더도 말고,21,[tʌ.to.mal.ko],[dʌ.do.mal.ko]
제 아빠,21,[tʃe.a.p͈a],[dʒe.a.p͈a]
없어서는 안,21,[ʌp̚.ʌ.sʌ.nɯn.an],[ʌp̚.ʌ.sʌ.nɯn.an]
줘 저,21,[tʃwʌ.tʃʌ],[dʒwʌ.dʒʌ]
제가 안 그랬어요,21,[tʃe.ka.aŋ.kɯ.ɾɛt̚.ʌ.jo],[dʒe.ga.an.gɯ.ɾɛt̚.ʌ.jo]
다행히 그,21,[ta.hɛŋ.hi.kɯ],[da.hɛŋ.hi.gɯ]
찾고 있다고요,21,[tʃʰat̚.ko.it̚.ta.ko.jo],[tʃʰat̚.ko.it̚.ta.go.jo]
게 실감이,21,[ke.sil.kam.i],[ge.sil.kam.i]
엄청난 피해를,21,[ʌn.tʃʰʌŋ.nam.pʰi.hɛ.ɾɯl],[ʌn.tʃʰʌŋ.nam.pʰi.hɛ.ɾɯl]
속력을 이용해서,21,[sok̚.ɾjʌk̚.ɯl.i.joŋ.hɛ.sʌ],[sok̚.ɾjʌk̚.ɯl.i.joŋ.hɛ.sʌ]
시간에 무슨,21,[si.kan.e.mu.sɯn],[si.gan.e.mu.sɯn]
자격이 있다고 생각해,21,[tʃa.kjʌk̚.i.it̚.ta.ko.sɛŋ.kak̚.hɛ],[dʒa.gjʌk̚.i.it̚.ta.go.sɛŋ.gak̚.hɛ]
거야 그럴까,21,[kʌ.ja.kɯ.ɾʌl.k͈a],[gʌ.ja.gɯ.ɾʌl.k͈a]
너가 얼마나,21,[nʌ.ka.ʌl.ma.na],[nʌ.ga.ʌl.ma.na]
설마 이런,21,[sʌl.ma.i.ɾʌn],[sʌl.ma.i.ɾʌn]
없게 돼요,21,[ʌp̚.ke.twɛ.jo],[ʌp̚.ke.dwɛ.jo]
are my everything,21,,
줘 진짜,21,[tʃwʌ.tʃin.tʃ͈a],[dʒwʌ.dʒin.tʃ͈a]
보러 갔었어,21,[po.ɾʌ.kat̚.ʌt̚.ʌ],[bo.ɾʌ.gat̚.ʌt̚.ʌ]
도난 방지,21,[to.nam.paŋ.tʃi],[do.nan.baŋ.dʒi]
없겠죠 하지만,21,[ʌp̚.ket̚.tʃjo.ha.tʃi.man],[ʌp̚.ket̚.tʃjo.ha.dʒi.man]
팀 중,21,[tʰin.tʃuŋ],[tʰim.dʒuŋ]
넣어야 할,21,[nʌt̚.ʌ.ja.hal],[nʌt̚.ʌ.ja.hal]
시간을 벌 수 있어,21,[si.kan.ɯl.pʌl.su.it̚.ʌ],[si.gan.ɯl.bʌl.su.it̚.ʌ]
안 맞은,21,[an.mat̚.ɯn],[an.mat̚.ɯn]
정신이 없는,21,[tʃʌŋ.sin.i.ʌp̚.nɯn],[dʒʌŋ.sin.i.ʌp̚.nɯn]
state of,21,,
시간을 보내,21,[si.kan.ɯl.po.nɛ],[si.gan.ɯl.bo.nɛ]
없고 너무,21,[ʌp̚.ko.nʌ.mu],[ʌp̚.ko.nʌ.mu]
해본 적이 없어요,21,[hɛ.pon.tʃʌk̚.i.ʌp̚.ʌ.jo],[hɛ.bon.dʒʌk̚.i.ʌp̚.ʌ.jo]
할 수 있는 전부야,21,[hal.su.it̚.nɯn.tʃʌm.pu.ja],[hal.su.it̚.nɯn.dʒʌm.pu.ja]
문 잠궈,21,[mun.tʃam.kwʌ],[mun.dʒam.kwʌ]
시간은 걸릴 거야,21,[si.kan.ɯŋ.kʌl.ɾil.kʌ.ja],[si.gan.ɯn.gʌl.ɾil.gʌ.ja]
더 이상 나를,21,[tʌ.i.saŋ.na.ɾɯl],[dʌ.i.saŋ.na.ɾɯl]
트로이와 아벳의,21,[tʰɯ.ɾo.i.wa.a.pet̚.ɯi],[tʰɯ.ɾo.i.wa.a.bet̚.ɯi]
I''ll make,21,,
사실대로 다,21,[sa.sil.tɛ.ɾo.ta],[sa.sil.tɛ.ɾo.da]
더 싸게,21,[tʌ.s͈a.ke],[dʌ.s͈a.ge]
다 괜찮은 거야,21,[ta.kwɛn.tʃʰan.ɯŋ.kʌ.ja],[da.gwɛn.tʃʰan.ɯn.gʌ.ja]
해야 하는 거죠,21,[hɛ.ja.ha.nɯŋ.kʌ.tʃjo],[hɛ.ja.ha.nɯn.gʌ.dʒjo]
하지만 왜요,21,[ha.tʃi.man.wɛ.jo],[ha.dʒi.man.wɛ.jo]
넣은 거지,21,[nʌt̚.ɯŋ.kʌ.tʃi],[nʌt̚.ɯn.gʌ.dʒi]
고마워요 그거,21,[ko.ma.wʌ.jo.kɯ.kʌ],[go.ma.wʌ.jo.gɯ.gʌ]
너까지 왜,21,[nʌ.k͈a.tʃi.wɛ],[nʌ.k͈a.dʒi.wɛ]
같은데 오,21,[kat̚.ɯn.te.o],[gat̚.ɯn.te.o]
못 되지만,21,[mot̚.twe.tʃi.man],[mot̚.dwe.dʒi.man]
바람이 날 너에게 데려가네,21,[pa.ɾam.i.nal.lʌ.e.ke.te.ɾjʌ.ka.ne],[ba.ɾam.i.nal.lʌ.e.ge.de.ɾjʌ.ga.ne]
걸 들었죠,21,[kʌl.tɯl.ʌt̚.tʃjo],[gʌl.dɯl.ʌt̚.tʃjo]
없을 거야 네,21,[ʌp̚.ɯl.kʌ.ja.ne],[ʌp̚.ɯl.gʌ.ja.ne]
있는지 안,21,[it̚.nɯn.tʃi.an],[it̚.nɯn.tʃi.an]
충분히 좋은,21,[tʃʰum.pun.hi.tʃot̚.ɯn],[tʃʰuŋ.bun.hi.dʒot̚.ɯn]
너무 끔찍해서,21,[nʌ.mu.k͈ɯn.tʃ͈ik̚.hɛ.sʌ],[nʌ.mu.k͈ɯn.tʃ͈ik̚.hɛ.sʌ]
없네 그,21,[ʌp̚.ne.kɯ],[ʌp̚.ne.gɯ]
내가 도와줄 게,21,[nɛ.ka.to.wa.tʃul.ke],[nɛ.ga.do.wa.dʒul.ge]
화내서 미안해,21,[hwa.nɛ.sʌ.mi.an.hɛ],[hwa.nɛ.sʌ.mi.an.hɛ]
모든 경찰은,21,[mo.tɯŋ.kjʌŋ.tʃʰal.ɯn],[mo.dɯn.gjʌŋ.tʃʰal.ɯn]
모르겠네 나도,21,[mo.ɾɯ.ket̚.ne.na.to],[mo.ɾɯ.get̚.ne.na.do]
트럭에 있던,21,[tʰɯ.ɾʌk̚.e.it̚.tʌn],[tʰɯ.ɾʌk̚.e.it̚.tʌn]
not supposed to,21,,
데는 다 이유가,21,[te.nɯn.ta.i.ju.ka],[de.nɯn.da.i.ju.ga]
없네요 이,21,[ʌp̚.ne.jo.i],[ʌp̚.ne.jo.i]
그러니까 여기가,21,[kɯ.ɾʌ.ni.k͈a.jʌ.ki.ka],[gɯ.ɾʌ.ni.k͈a.jʌ.gi.ga]
자기가 아는,21,[tʃa.ki.ka.a.nɯn],[dʒa.gi.ga.a.nɯn]
모든 고통이,21,[mo.tɯŋ.ko.tʰoŋ.i],[mo.dɯn.go.tʰoŋ.i]
we don''t know,21,,
곳인 줄,21,[kot̚.in.tʃul],[got̚.in.dʒul]
않아 아직,21,[an.a.a.tʃik̚],[an.a.a.dʒik̚]
말은 무시해,21,[mal.ɯn.mu.si.hɛ],[mal.ɯn.mu.si.hɛ]
데려간 것,21,[te.ɾjʌ.kaŋ.kʌt̚],[de.ɾjʌ.gan.gʌt̚]
반드시 이겨야,21,[pan.tɯ.si.i.kjʌ.ja],[ban.tɯ.si.i.gjʌ.ja]
잘하고 있는지,21,[tʃal.ha.ko.it̚.nɯn.tʃi],[dʒal.ha.go.it̚.nɯn.tʃi]
닥쳐 넌,21,[tak̚.tʃʰjʌ.nʌn],[dak̚.tʃʰjʌ.nʌn]
시간이 날,21,[si.kan.i.nal],[si.gan.i.nal]
술독에 빠져,21,[sul.tok̚.e.p͈a.tʃjʌ],[sul.tok̚.e.p͈a.dʒjʌ]
시간은 없을,21,[si.kan.ɯn.ʌp̚.ɯl],[si.gan.ɯn.ʌp̚.ɯl]
가게 가서,21,[ka.ke.ka.sʌ],[ga.ge.ga.sʌ]
없는 곳이야,21,[ʌp̚.nɯŋ.kot̚.i.ja],[ʌp̚.nɯn.got̚.i.ja]
그런 사람 없어,21,[kɯ.ɾʌn.sa.ɾam.ʌp̚.ʌ],[gɯ.ɾʌn.sa.ɾam.ʌp̚.ʌ]
내 가슴 속에,21,[nɛ.ka.sɯm.sok̚.e],[nɛ.ga.sɯm.sok̚.e]
이 사람이 정말,21,[i.sa.ɾam.i.tʃʌŋ.mal],[i.sa.ɾam.i.dʒʌŋ.mal]
것 같아 이거,21,[kʌt̚.kat̚.a.i.kʌ],[gʌt̚.gat̚.a.i.gʌ]
성격 알잖아,21,[sʌŋ.kjʌk̚.al.tʃan.a],[sʌŋ.gjʌk̚.al.tʃan.a]
네 걱정이나 해,21,[ne.kʌk̚.tʃʌŋ.i.na.hɛ],[ne.gʌk̚.tʃʌŋ.i.na.hɛ]
들어 올리는,21,[tɯl.ʌ.ol.ɾi.nɯn],[dɯl.ʌ.ol.ɾi.nɯn]
없는 많은,21,[ʌp̚.nɯn.man.ɯn],[ʌp̚.nɯn.man.ɯn]
하려 했지,21,[ha.ɾjʌ.hɛt̚.tʃi],[ha.ɾjʌ.hɛt̚.tʃi]
속에 담는다,21,[sok̚.e.tam.nɯn.ta],[sok̚.e.dam.nɯn.ta]
제일 먼저 한,21,[tʃe.il.mʌn.tʃʌ.han],[dʒe.il.mʌn.tʃʌ.han]
네 건의,21,[ne.kʌn.ɯi],[ne.gʌn.ɯi]
나무랄 데,21,[na.mu.ɾal.te],[na.mu.ɾal.de]
모든 길은,21,[mo.tɯŋ.kil.ɯn],[mo.dɯn.gil.ɯn]
갈지도 모르니까 먼저 성묘,21,[kal.tʃi.to.mo.ɾɯ.ni.k͈a.mʌn.tʃʌ.sʌŋ.mjo],[gal.tʃi.do.mo.ɾɯ.ni.k͈a.mʌn.tʃʌ.sʌŋ.mjo]
많이 하지만,21,[man.i.ha.tʃi.man],[man.i.ha.dʒi.man]
더 있었다면,21,[tʌ.it̚.ʌt̚.ta.mjʌn],[dʌ.it̚.ʌt̚.ta.mjʌn]
없는 사람과,21,[ʌp̚.nɯn.sa.ɾam.kwa],[ʌp̚.nɯn.sa.ɾam.kwa]
정도는 알고,21,[tʃʌŋ.to.nɯn.al.ko],[dʒʌŋ.do.nɯn.al.ko]
없는 사람들은,21,[ʌp̚.nɯn.sa.ɾan.tɯl.ɯn],[ʌp̚.nɯn.sa.ɾan.tɯl.ɯn]
잡고 있으면,21,[tʃap̚.ko.it̚.ɯ.mjʌn],[dʒap̚.ko.it̚.ɯ.mjʌn]
줘야 되는,21,[tʃwʌ.ja.twe.nɯn],[dʒwʌ.ja.dwe.nɯn]
거예요 우리 둘,21,[kʌ.je.jo.u.ɾi.tul],[gʌ.je.jo.u.ɾi.dul]
제발 부탁할게,21,[tʃe.pal.pu.tʰak̚.hal.ke],[dʒe.bal.bu.tʰak̚.hal.ke]
조건에 맞는,21,[tʃo.kʌn.e.mat̚.nɯn],[dʒo.gʌn.e.mat̚.nɯn]
하는 일 때문에,21,[ha.nɯn.il.t͈ɛ.mun.e],[ha.nɯn.il.t͈ɛ.mun.e]
속에 들어가,21,[sok̚.e.tɯl.ʌ.ka],[sok̚.e.dɯl.ʌ.ga]
한 번이면 돼,21,[ham.pʌn.i.mjʌn.twɛ],[han.bʌn.i.mjʌn.dwɛ]
엘렌 메이가,21,[el.ɾen.me.i.ka],[el.ɾen.me.i.ga]
피 속에,21,[pʰi.sok̚.e],[pʰi.sok̚.e]
모르겠어요 좀,21,[mo.ɾɯ.ket̚.ʌ.jo.tʃom],[mo.ɾɯ.get̚.ʌ.jo.dʒom]
치료가 필요해,21,[tʃʰi.ɾjo.ka.pʰil.jo.hɛ],[tʃʰi.ɾjo.ga.pʰil.jo.hɛ]
성공할 수도,21,[sʌŋ.koŋ.hal.su.to],[sʌŋ.goŋ.hal.su.do]
때문에 그런 거예요,21,[t͈ɛ.mun.e.kɯ.ɾʌŋ.kʌ.je.jo],[t͈ɛ.mun.e.gɯ.ɾʌn.gʌ.je.jo]
없는 일이었다,21,[ʌp̚.nɯn.il.i.ʌt̚.ta],[ʌp̚.nɯn.il.i.ʌt̚.ta]
줘야 할 거야,21,[tʃwʌ.ja.hal.kʌ.ja],[dʒwʌ.ja.hal.gʌ.ja]
있어 난 네가,21,[it̚.ʌ.nan.ne.ka],[it̚.ʌ.nan.ne.ga]
문제인 거,21,[mun.tʃe.iŋ.kʌ],[mun.tʃe.in.gʌ]
잘하는 것도,21,[tʃal.ha.nɯŋ.kʌt̚.to],[dʒal.ha.nɯn.gʌt̚.to]
여기 당신 앞에,21,[jʌ.ki.taŋ.sin.ap̚.e],[jʌ.gi.daŋ.sin.ap̚.e]
will make,21,,
왜 그렇게 날,21,[wɛ.kɯ.ɾʌt̚.ke.nal],[wɛ.gɯ.ɾʌt̚.ke.nal]
넌 어떤지,21,[nʌn.ʌ.t͈ʌn.tʃi],[nʌn.ʌ.t͈ʌn.tʃi]
할 거야 그래도,21,[hal.kʌ.ja.kɯ.ɾɛ.to],[hal.gʌ.ja.gɯ.ɾɛ.do]
한 병 꺼내서,21,[ham.pjʌŋ.k͈ʌ.nɛ.sʌ],[han.bjʌŋ.k͈ʌ.nɛ.sʌ]
이게 아냐,21,[i.ke.a.nja],[i.ge.a.nja]
알아서 하게 하지만,21,[al.a.sʌ.ha.ke.ha.tʃi.man],[al.a.sʌ.ha.ge.ha.dʒi.man]
단순한 문제가,21,[tan.sun.han.mun.tʃe.ka],[dan.sun.han.mun.tʃe.ga]
성묘 다녀오마,21,[sʌŋ.mjo.ta.njʌ.o.ma],[sʌŋ.mjo.da.njʌ.o.ma]
않아 젠장,21,[an.a.tʃen.tʃaŋ],[an.a.dʒen.tʃaŋ]
데이트 신청할,21,[te.i.tʰɯ.sin.tʃʰʌŋ.hal],[de.i.tʰɯ.sin.tʃʰʌŋ.hal]
Do I have,21,,
없는데 말이지,21,[ʌp̚.nɯn.te.mal.i.tʃi],[ʌp̚.nɯn.te.mal.i.dʒi]
잘하는 일을,21,[tʃal.ha.nɯn.il.ɯl],[dʒal.ha.nɯn.il.ɯl]
참 희한한,21,[tʃʰam.hɯi.han.han],[tʃʰam.hɯi.han.han]
you really want,21,,
그러다 사고로 인해,21,[kɯ.ɾʌ.ta.sa.ko.ɾo.in.hɛ],[gɯ.ɾʌ.da.sa.go.ɾo.in.hɛ]
그러다 사고로 인해 나도,21,[kɯ.ɾʌ.ta.sa.ko.ɾo.in.hɛ.na.to],[gɯ.ɾʌ.da.sa.go.ɾo.in.hɛ.na.do]
더 재미있어,21,[tʌ.tʃɛ.mi.it̚.ʌ],[dʌ.dʒɛ.mi.it̚.ʌ]
되니까 그,21,[twe.ni.k͈a.kɯ],[dwe.ni.k͈a.gɯ]
시간을 가져,21,[si.kan.ɯl.ka.tʃjʌ],[si.gan.ɯl.ga.dʒjʌ]
그런 방식으로,21,[kɯ.ɾʌm.paŋ.sik̚.ɯ.ɾo],[gɯ.ɾʌn.baŋ.sik̚.ɯ.ɾo]
그러다 이,21,[kɯ.ɾʌ.ta.i],[gɯ.ɾʌ.da.i]
더 정확하게,21,[tʌ.tʃʌŋ.hwak̚.ha.ke],[dʌ.dʒʌŋ.hwak̚.ha.ge]
나랑 말을,21,[na.ɾaŋ.mal.ɯl],[na.ɾaŋ.mal.ɯl]
없다 뭐,21,[ʌp̚.ta.mwʌ],[ʌp̚.ta.mwʌ]
못 받을 거야,21,[mot̚.pat̚.ɯl.kʌ.ja],[mot̚.bat̚.ɯl.gʌ.ja]
여기 왔네요,21,[jʌ.ki.wat̚.ne.jo],[jʌ.gi.wat̚.ne.jo]
성적 매력을,21,[sʌŋ.tʃʌk̚.mɛ.ɾjʌk̚.ɯl],[sʌŋ.dʒʌk̚.mɛ.ɾjʌk̚.ɯl]
그러다 한,21,[kɯ.ɾʌ.ta.han],[gɯ.ɾʌ.da.han]
당신은 스스로를,21,[taŋ.sin.ɯn.sɯ.sɯ.ɾo.ɾɯl],[daŋ.sin.ɯn.sɯ.sɯ.ɾo.ɾɯl]
밤 기억나,21,[pam.ki.ʌk̚.na],[bam.gi.ʌk̚.na]
도대체 무슨 일이 있었던,21,[to.tɛ.tʃʰe.mu.sɯn.il.i.it̚.ʌt̚.tʌn],[do.dɛ.tʃʰe.mu.sɯn.il.i.it̚.ʌt̚.tʌn]
네 그만,21,[ne.kɯ.man],[ne.gɯ.man]
공익을 위해,21,[koŋ.ik̚.ɯl.wi.hɛ],[goŋ.ik̚.ɯl.wi.hɛ]
없다고 그럼,21,[ʌp̚.ta.ko.kɯ.ɾʌm],[ʌp̚.ta.go.gɯ.ɾʌm]
꼭 이렇게까지,21,[k͈ok̚.i.ɾʌt̚.ke.k͈a.tʃi],[k͈ok̚.i.ɾʌt̚.ke.k͈a.dʒi]
이젠 됐어,21,[i.tʃen.twɛt̚.ʌ],[i.dʒen.dwɛt̚.ʌ]
there with,21,,
당신은 아니죠,21,[taŋ.sin.ɯn.a.ni.tʃjo],[daŋ.sin.ɯn.a.ni.dʒjo]
확신할 순 없지만,21,[hwak̚.sin.hal.sun.ʌp̚.tʃi.man],[hwak̚.sin.hal.sun.ʌp̚.tʃi.man]
찾는 게 더,21,[tʃʰat̚.nɯŋ.ke.tʌ],[tʃʰat̚.nɯn.ge.dʌ]
알아 엄마가,21,[al.a.ʌm.ma.ka],[al.a.ʌm.ma.ga]
납치한 건,21,[nap̚.tʃʰi.haŋ.kʌn],[nap̚.tʃʰi.han.gʌn]
거예요 보통,21,[kʌ.je.jo.po.tʰoŋ],[gʌ.je.jo.bo.tʰoŋ]
기분이 한결,21,[ki.pun.i.haŋ.kjʌl],[gi.bun.i.haŋ.kjʌl]
납치한 것,21,[nap̚.tʃʰi.haŋ.kʌt̚],[nap̚.tʃʰi.han.gʌt̚]
더 좋은 방법,21,[tʌ.tʃot̚.ɯm.pam.pʌp̚],[dʌ.dʒot̚.ɯn.baŋ.bʌp̚]
더 좋은 방법은,21,[tʌ.tʃot̚.ɯm.pam.pʌp̚.ɯn],[dʌ.dʒot̚.ɯn.baŋ.bʌp̚.ɯn]
모든 방법으로,21,[mo.tɯm.pam.pʌp̚.ɯ.ɾo],[mo.dɯn.baŋ.bʌp̚.ɯ.ɾo]
도망갈 때,21,[to.maŋ.kal.t͈ɛ],[do.maŋ.gal.t͈ɛ]
없다는 거 알잖아요,21,[ʌp̚.ta.nɯŋ.kʌ.al.tʃan.a.jo],[ʌp̚.ta.nɯn.gʌ.al.tʃan.a.jo]
게 언제였죠,21,[ke.ʌn.tʃe.jʌt̚.tʃjo],[ge.ʌn.tʃe.jʌt̚.tʃjo]
배리 알렌,21,[pɛ.ɾi.al.ɾen],[bɛ.ɾi.al.ɾen]
자주 올,21,[tʃa.tʃu.ol],[dʒa.dʒu.ol]
같이 얘기 좀,21,[kat̚.i.jɛ.ki.tʃom],[gat̚.i.jɛ.gi.dʒom]
않아서 그런,21,[an.a.sʌ.kɯ.ɾʌn],[an.a.sʌ.gɯ.ɾʌn]
잘하는 줄,21,[tʃal.ha.nɯn.tʃul],[dʒal.ha.nɯn.dʒul]
아직도 믿을 수가,21,[a.tʃik̚.to.mit̚.ɯl.su.ka],[a.dʒik̚.to.mit̚.ɯl.su.ga]
없다는 말,21,[ʌp̚.ta.nɯn.mal],[ʌp̚.ta.nɯn.mal]
not supposed,21,,
없다는 생각이,21,[ʌp̚.ta.nɯn.sɛŋ.kak̚.i],[ʌp̚.ta.nɯn.sɛŋ.gak̚.i]
모르죠 당신이,21,[mo.ɾɯ.tʃjo.taŋ.sin.i],[mo.ɾɯ.dʒjo.daŋ.sin.i]
말을 못해요,21,[mal.ɯl.mot̚.hɛ.jo],[mal.ɯl.mot̚.hɛ.jo]
친구 아,21,[tʃʰiŋ.ku.a],[tʃʰiŋ.ku.a]
빠를 거예요,21,[p͈a.ɾɯl.kʌ.je.jo],[p͈a.ɾɯl.gʌ.je.jo]
막으려고 했어,21,[mak̚.ɯ.ɾjʌ.ko.hɛt̚.ʌ],[mak̚.ɯ.ɾjʌ.go.hɛt̚.ʌ]
미루어 볼,21,[mi.ɾu.ʌ.pol],[mi.ɾu.ʌ.bol]
네 남자를,21,[ne.nan.tʃa.ɾɯl],[ne.nan.tʃa.ɾɯl]
당신 때문에 내,21,[taŋ.sin.t͈ɛ.mun.e.nɛ],[daŋ.sin.t͈ɛ.mun.e.nɛ]
여기서 네가,21,[jʌ.ki.sʌ.ne.ka],[jʌ.gi.sʌ.ne.ga]
누가 뭐라든,21,[nu.ka.mwʌ.ɾa.tɯn],[nu.ga.mwʌ.ɾa.dɯn]
나는 사람을,21,[na.nɯn.sa.ɾam.ɯl],[na.nɯn.sa.ɾam.ɯl]
넌 걱정할,21,[nʌŋ.kʌk̚.tʃʌŋ.hal],[nʌn.gʌk̚.tʃʌŋ.hal]
들어 줄게요,21,[tɯl.ʌ.tʃul.ke.jo],[dɯl.ʌ.dʒul.ke.jo]
엘리베이터 안에서,21,[el.ɾi.pe.i.tʰʌ.an.e.sʌ],[el.ɾi.be.i.tʰʌ.an.e.sʌ]
말이 일리가,21,[mal.i.il.ɾi.ka],[mal.i.il.ɾi.ga]
더 짧게,21,[tʌ.tʃ͈al.ke],[dʌ.tʃ͈al.ke]
날 공격했어요,21,[nal.koŋ.kjʌk̚.hɛt̚.ʌ.jo],[nal.goŋ.gjʌk̚.hɛt̚.ʌ.jo]
on for,21,,
결혼식에 갈,21,[kjʌl.hon.sik̚.e.kal],[gjʌl.hon.sik̚.e.gal]
몇가지 질문이,21,[mjʌt̚.ka.tʃi.tʃil.mun.i],[mjʌt̚.ka.dʒi.dʒil.mun.i]
전 아무짓도,21,[tʃʌn.a.mu.tʃit̚.to],[dʒʌn.a.mu.dʒit̚.to]
근데 왜 내,21,[kɯn.te.wɛ.nɛ],[gɯn.te.wɛ.nɛ]
저 여자들,21,[tʃʌ.jʌ.tʃa.tɯl],[dʒʌ.jʌ.dʒa.dɯl]
진짜 별로야,21,[tʃin.tʃ͈a.pjʌl.ɾo.ja],[dʒin.tʃ͈a.bjʌl.ɾo.ja]
없애 버려야,21,[ʌp̚.ɛ.pʌ.ɾjʌ.ja],[ʌp̚.ɛ.bʌ.ɾjʌ.ja]
찾아 나설,21,[tʃʰat̚.a.na.sʌl],[tʃʰat̚.a.na.sʌl]
그러면 뭐가,21,[kɯ.ɾʌ.mjʌn.mwʌ.ka],[gɯ.ɾʌ.mjʌn.mwʌ.ga]
거야 그렇지 않으면,21,[kʌ.ja.kɯ.ɾʌt̚.tʃi.an.ɯ.mjʌn],[gʌ.ja.gɯ.ɾʌt̚.tʃi.an.ɯ.mjʌn]
해야 하지 않을까,21,[hɛ.ja.ha.tʃi.an.ɯl.k͈a],[hɛ.ja.ha.dʒi.an.ɯl.k͈a]
그러면 뭘,21,[kɯ.ɾʌ.mjʌn.mwʌl],[gɯ.ɾʌ.mjʌn.mwʌl]
I fall,21,,
없앨 수 있어요,21,[ʌp̚.ɛl.su.it̚.ʌ.jo],[ʌp̚.ɛl.su.it̚.ʌ.jo]
여기있는 걸,21,[jʌ.ki.it̚.nɯŋ.kʌl],[jʌ.gi.it̚.nɯn.gʌl]
없어 息をしたくて ここは苦しくて,21,[ʌp̚.ʌ],[ʌp̚.ʌ]
없어 息をしたくて,21,[ʌp̚.ʌ],[ʌp̚.ʌ]
the face,21,,
여긴 더 이상,21,[jʌ.kin.tʌ.i.saŋ],[jʌ.gin.dʌ.i.saŋ]
사과하지 않을,21,[sa.kwa.ha.tʃi.an.ɯl],[sa.gwa.ha.dʒi.an.ɯl]
혼자 외롭게,21,[hon.tʃa.we.ɾop̚.ke],[hon.tʃa.we.ɾop̚.ke]
날 밖으로,21,[nal.pak̚.ɯ.ɾo],[nal.bak̚.ɯ.ɾo]
대한 두려움이,21,[tɛ.han.tu.ɾjʌ.um.i],[dɛ.han.du.ɾjʌ.um.i]
조만간 다시 보자고,21,[tʃo.maŋ.kan.ta.si.po.tʃa.ko],[dʒo.maŋ.kan.da.si.bo.dʒa.go]
있어 매일,21,[it̚.ʌ.mɛ.il],[it̚.ʌ.mɛ.il]
We''ll take,21,,
추적하는 거야,21,[tʃʰu.tʃʌk̚.ha.nɯŋ.kʌ.ja],[tʃʰu.dʒʌk̚.ha.nɯn.gʌ.ja]
제가 드리는,21,[tʃe.ka.tɯ.ɾi.nɯn],[dʒe.ga.dɯ.ɾi.nɯn]
먹자 그래,21,[mʌk̚.tʃa.kɯ.ɾɛ],[mʌk̚.tʃa.gɯ.ɾɛ]
총 내리고,21,[tʃʰoŋ.nɛ.ɾi.ko],[tʃʰoŋ.nɛ.ɾi.go]
it might be,21,,
해 봤더니,21,[hɛ.pwat̚.tʌ.ni],[hɛ.bwat̚.tʌ.ni]
한 가지는 확실히,21,[haŋ.ka.tʃi.nɯn.hwak̚.sil.hi],[han.ga.dʒi.nɯn.hwak̚.sil.hi]
내 카메라,21,[nɛ.kʰa.me.ɾa],[nɛ.kʰa.me.ɾa]
갈게 그리고,21,[kal.ke.kɯ.ɾi.ko],[gal.ke.gɯ.ɾi.go]
세계에 발을,21,[se.kje.e.pal.ɯl],[se.gje.e.bal.ɯl]
그러면 어떡해,21,[kɯ.ɾʌ.mjʌn.ʌ.t͈ʌk̚.hɛ],[gɯ.ɾʌ.mjʌn.ʌ.t͈ʌk̚.hɛ]
그러면 어떤,21,[kɯ.ɾʌ.mjʌn.ʌ.t͈ʌn],[gɯ.ɾʌ.mjʌn.ʌ.t͈ʌn]
세계에서 가장 유명한,21,[se.kje.e.sʌ.ka.tʃaŋ.ju.mjʌŋ.han],[se.gje.e.sʌ.ga.dʒaŋ.ju.mjʌŋ.han]
그래서 저희,21,[kɯ.ɾɛ.sʌ.tʃʌ.hɯi],[gɯ.ɾɛ.sʌ.dʒʌ.hɯi]
여러분 맨 아래,21,[jʌ.ɾʌ.pun.mɛn.a.ɾɛ],[jʌ.ɾʌ.bun.mɛn.a.ɾɛ]
잘해 보세요,21,[tʃal.hɛ.po.se.jo],[dʒal.hɛ.bo.se.jo]
조사해야 합니다,21,[tʃo.sa.hɛ.ja.hap̚.ni.ta],[dʒo.sa.hɛ.ja.hap̚.ni.da]
충분히 빨리,21,[tʃʰum.pun.hi.p͈al.ɾi],[tʃʰuŋ.bun.hi.p͈al.ɾi]
여러분 우린,21,[jʌ.ɾʌ.pun.u.ɾin],[jʌ.ɾʌ.bun.u.ɾin]
제일 좋아하는 건데,21,[tʃe.il.tʃot̚.a.ha.nɯŋ.kʌn.te],[dʒe.il.dʒot̚.a.ha.nɯn.gʌn.te]
어떻게 했으면 좋겠니,21,[ʌ.t͈ʌt̚.ke.hɛt̚.ɯ.mjʌn.tʃot̚.ket̚.ni],[ʌ.t͈ʌt̚.ke.hɛt̚.ɯ.mjʌn.dʒot̚.ket̚.ni]
거예요 아냐,21,[kʌ.je.jo.a.nja],[gʌ.je.jo.a.nja]
않아요 아니,21,[an.a.jo.a.ni],[an.a.jo.a.ni]
자고 나서,21,[tʃa.ko.na.sʌ],[dʒa.go.na.sʌ]
없어 난 네가,21,[ʌp̚.ʌ.nan.ne.ka],[ʌp̚.ʌ.nan.ne.ga]
아니었어 이,21,[a.ni.ʌt̚.ʌ.i],[a.ni.ʌt̚.ʌ.i]
나쁜 짓을 해버렸네,21,[na.p͈ɯn.tʃit̚.ɯl.hɛ.pʌ.ɾjʌt̚.ne],[na.p͈ɯn.dʒit̚.ɯl.hɛ.bʌ.ɾjʌt̚.ne]
특히 오늘,21,[tʰɯk̚.hi.o.nɯl],[tʰɯk̚.hi.o.nɯl]
없어 남은,21,[ʌp̚.ʌ.nam.ɯn],[ʌp̚.ʌ.nam.ɯn]
말 난,21,[mal.lan],[mal.lan]
좋은 것 같네,21,[tʃot̚.ɯŋ.kʌt̚.kat̚.ne],[dʒot̚.ɯn.gʌt̚.gat̚.ne]
보자 우리가,21,[po.tʃa.u.ɾi.ka],[bo.dʒa.u.ɾi.ga]
없어 넌 내,21,[ʌp̚.ʌ.nʌn.nɛ],[ʌp̚.ʌ.nʌn.nɛ]
힐러리 클린턴,21,[hil.ɾʌ.ɾi.kʰɯl.ɾin.tʰʌn],[hil.ɾʌ.ɾi.kʰɯl.ɾin.tʰʌn]
없어 늘,21,[ʌp̚.ʌ.nɯl],[ʌp̚.ʌ.nɯl]
그냥 말한,21,[kɯ.njaŋ.mal.han],[gɯ.njaŋ.mal.han]
그런 상상을,21,[kɯ.ɾʌn.saŋ.saŋ.ɯl],[gɯ.ɾʌn.saŋ.saŋ.ɯl]
찾아 낼거야,21,[tʃʰat̚.a.nɛl.kʌ.ja],[tʃʰat̚.a.nɛl.kʌ.ja]
세랑의 옅은 웃음,21,[se.ɾaŋ.ɯi.jʌt̚.ɯn.ut̚.ɯm],[se.ɾaŋ.ɯi.jʌt̚.ɯn.ut̚.ɯm]
밤 잘,21,[pan.tʃal],[bam.dʒal]
여자 봤어,21,[jʌ.tʃa.pwat̚.ʌ],[jʌ.dʒa.bwat̚.ʌ]
네 딸의,21,[ne.t͈al.ɯi],[ne.t͈al.ɯi]
약이 다,21,[jak̚.i.ta],[jak̚.i.da]
일해서 번,21,[il.hɛ.sʌ.pʌn],[il.hɛ.sʌ.bʌn]
좋은 결과,21,[tʃot̚.ɯŋ.kjʌl.kwa],[dʒot̚.ɯn.gjʌl.kwa]
내일부터 다시,21,[nɛ.il.pu.tʰʌ.ta.si],[nɛ.il.pu.tʰʌ.da.si]
더 해야겠어,21,[tʌ.hɛ.ja.ket̚.ʌ],[dʌ.hɛ.ja.get̚.ʌ]
왜 너에게,21,[wɛ.nʌ.e.ke],[wɛ.nʌ.e.ge]
집으로 갔다,21,[tʃip̚.ɯ.ɾo.kat̚.ta],[dʒip̚.ɯ.ɾo.gat̚.ta]
보여요 하지만,21,[po.jʌ.jo.ha.tʃi.man],[bo.jʌ.jo.ha.dʒi.man]
밤 저녁,21,[pan.tʃʌ.njʌk̚],[bam.dʒʌ.njʌk̚]
세상 구경,21,[se.saŋ.ku.kjʌŋ],[se.saŋ.gu.gjʌŋ]
알아서 뭐하게,21,[al.a.sʌ.mwʌ.ha.ke],[al.a.sʌ.mwʌ.ha.ge]
제발 문 좀,21,[tʃe.pal.mun.tʃom],[dʒe.bal.mun.dʒom]
나는 상관,21,[na.nɯn.saŋ.kwan],[na.nɯn.saŋ.gwan]
그 아파트에,21,[kɯ.a.pʰa.tʰɯ.e],[gɯ.a.pʰa.tʰɯ.e]
나타나지 않은,21,[na.tʰa.na.tʃi.an.ɯn],[na.tʰa.na.dʒi.an.ɯn]
있어 보입니다,21,[it̚.ʌ.po.ip̚.ni.ta],[it̚.ʌ.bo.ip̚.ni.da]
나를 죽이려는,21,[na.ɾɯl.tʃuk̚.i.ɾjʌ.nɯn],[na.ɾɯl.dʒuk̚.i.ɾjʌ.nɯn]
걸 말이야 그는,21,[kʌl.mal.i.ja.kɯ.nɯn],[gʌl.mal.i.ja.gɯ.nɯn]
우리 것도,21,[u.ɾi.kʌt̚.to],[u.ɾi.gʌt̚.to]
꼭 필요한 건,21,[k͈ok̚.pʰil.jo.haŋ.kʌn],[k͈ok̚.pʰil.jo.han.gʌn]
날 배신하고,21,[nal.pɛ.sin.ha.ko],[nal.bɛ.sin.ha.go]
그러신 거예요,21,[kɯ.ɾʌ.siŋ.kʌ.je.jo],[gɯ.ɾʌ.sin.gʌ.je.jo]
about his,21,,
거의 끝나가요,21,[kʌ.ɯi.k͈ɯt̚.na.ka.jo],[gʌ.ɯi.k͈ɯt̚.na.ga.jo]
이 신발은,21,[i.sim.pal.ɯn],[i.sim.pal.ɯn]
없어 우리도,21,[ʌp̚.ʌ.u.ɾi.to],[ʌp̚.ʌ.u.ɾi.do]
세상에 그렇게,21,[se.saŋ.e.kɯ.ɾʌt̚.ke],[se.saŋ.e.gɯ.ɾʌt̚.ke]
전에 혹시,21,[tʃʌn.e.hok̚.si],[dʒʌn.e.hok̚.si]
나를 죽인다고 해도,21,[na.ɾɯl.tʃuk̚.in.ta.ko.hɛ.to],[na.ɾɯl.dʒuk̚.in.ta.go.hɛ.do]
문을 닫아요,21,[mun.ɯl.tat̚.a.jo],[mun.ɯl.dat̚.a.jo]
존 윅 파문,21,[tʃon.wik̚.pʰa.mun],[dʒon.wik̚.pʰa.mun]
아니에요 같이,21,[a.ni.e.jo.kat̚.i],[a.ni.e.jo.gat̚.i]
거예요 앞으로,21,[kʌ.je.jo.ap̚.ɯ.ɾo],[gʌ.je.jo.ap̚.ɯ.ɾo]
이상 무'',21,[i.saŋ.mu],[i.saŋ.mu]
속이 너무,21,[sok̚.i.nʌ.mu],[sok̚.i.nʌ.mu]
그들의 위치를,21,[kɯ.tɯl.ɯi.wi.tʃʰi.ɾɯl],[gɯ.dɯl.ɯi.wi.tʃʰi.ɾɯl]
그러죠 내가,21,[kɯ.ɾʌ.tʃjo.nɛ.ka],[gɯ.ɾʌ.dʒjo.nɛ.ga]
없어 저는,21,[ʌp̚.ʌ.tʃʌ.nɯn],[ʌp̚.ʌ.dʒʌ.nɯn]
있어 살인,21,[it̚.ʌ.sal.in],[it̚.ʌ.sal.in]
읽어 주세요,21,[ik̚.ʌ.tʃu.se.jo],[ik̚.ʌ.dʒu.se.jo]
더는 아니에요,21,[tʌ.nɯn.a.ni.e.jo],[dʌ.nɯn.a.ni.e.jo]
곧 알게 될 것이다,21,[kot̚.al.ke.twel.kʌt̚.i.ta],[got̚.al.ke.dwel.gʌt̚.i.da]
않았나 나는,21,[an.at̚.na.na.nɯn],[an.at̚.na.na.nɯn]
당신은 강한,21,[taŋ.sin.ɯŋ.kaŋ.han],[daŋ.sin.ɯn.gaŋ.han]
제가 설명을,21,[tʃe.ka.sʌl.mjʌŋ.ɯl],[dʒe.ga.sʌl.mjʌŋ.ɯl]
그 안에 있을,21,[kɯ.an.e.it̚.ɯl],[gɯ.an.e.it̚.ɯl]
그 안은,21,[kɯ.an.ɯn],[gɯ.an.ɯn]
같아 당신의,21,[kat̚.a.taŋ.sin.ɯi],[gat̚.a.daŋ.sin.ɯi]
어떻게 되는지 보자고,21,[ʌ.t͈ʌt̚.ke.twe.nɯn.tʃi.po.tʃa.ko],[ʌ.t͈ʌt̚.ke.dwe.nɯn.tʃi.bo.dʒa.go]
왜 대답이 없어,21,[wɛ.tɛ.tap̚.i.ʌp̚.ʌ],[wɛ.dɛ.dap̚.i.ʌp̚.ʌ]
바로 그거야 그리고,21,[pa.ɾo.kɯ.kʌ.ja.kɯ.ɾi.ko],[ba.ɾo.gɯ.gʌ.ja.gɯ.ɾi.go]
안 됐을 거예요,21,[an.twɛt̚.ɯl.kʌ.je.jo],[an.dwɛt̚.ɯl.gʌ.je.jo]
당신 모습을,21,[taŋ.sin.mo.sɯp̚.ɯl],[daŋ.sin.mo.sɯp̚.ɯl]
제가 술,21,[tʃe.ka.sul],[dʒe.ga.sul]
모든 인간의,21,[mo.tɯn.iŋ.kan.ɯi],[mo.dɯn.iŋ.kan.ɯi]
그러지 마 그러지,21,[kɯ.ɾʌ.tʃi.ma.kɯ.ɾʌ.tʃi],[gɯ.ɾʌ.dʒi.ma.gɯ.ɾʌ.dʒi]
the forest,21,,
불만 있냐,21,[pul.man.it̚.nja],[bul.man.it̚.nja]
전 여길,21,[tʃʌn.jʌ.kil],[dʒʌn.jʌ.gil]
왜냐하면 당신의,21,[wɛ.nja.ha.mjʌn.taŋ.sin.ɯi],[wɛ.nja.ha.mjʌn.daŋ.sin.ɯi]
제가 아는 건 그게,21,[tʃe.ka.a.nɯŋ.kʌŋ.kɯ.ke],[dʒe.ga.a.nɯn.gʌn.gɯ.ge]
모든 일에 대해서,21,[mo.tɯn.il.e.tɛ.hɛ.sʌ],[mo.dɯn.il.e.dɛ.hɛ.sʌ]
말 들어본,21,[mal.tɯl.ʌ.pon],[mal.dɯl.ʌ.bon]
그렇게 생각하지 않으세요,21,[kɯ.ɾʌt̚.ke.sɛŋ.kak̚.ha.tʃi.an.ɯ.se.jo],[gɯ.ɾʌt̚.ke.sɛŋ.gak̚.ha.dʒi.an.ɯ.se.jo]
시간을 주십시오,21,[si.kan.ɯl.tʃu.sip̚.si.o],[si.gan.ɯl.dʒu.sip̚.si.o]
Know that it''s,21,,
사람들이 가장,21,[sa.ɾan.tɯl.i.ka.tʃaŋ],[sa.ɾan.tɯl.i.ga.dʒaŋ]
너무 늦었을,21,[nʌ.mu.nɯt̚.ʌt̚.ɯl],[nʌ.mu.nɯt̚.ʌt̚.ɯl]
어려운 것도,21,[ʌ.ɾjʌ.uŋ.kʌt̚.to],[ʌ.ɾjʌ.un.gʌt̚.to]
않았다 네,21,[an.at̚.ta.ne],[an.at̚.ta.ne]
알아요 너무,21,[al.a.jo.nʌ.mu],[al.a.jo.nʌ.mu]
연락을 받았어,21,[jʌl.lak̚.ɯl.pat̚.at̚.ʌ],[jʌl.lak̚.ɯl.bat̚.at̚.ʌ]
당신 입에,21,[taŋ.sin.ip̚.e],[daŋ.sin.ip̚.e]
좀 걸을까,21,[tʃom.kʌl.ɯl.k͈a],[dʒom.gʌl.ɯl.k͈a]
돈을 모아,21,[ton.ɯl.mo.a],[don.ɯl.mo.a]
없어요 그들이,21,[ʌp̚.ʌ.jo.kɯ.tɯl.i],[ʌp̚.ʌ.jo.gɯ.dɯl.i]
그렇게 생각하지 않았어,21,[kɯ.ɾʌt̚.ke.sɛŋ.kak̚.ha.tʃi.an.at̚.ʌ],[gɯ.ɾʌt̚.ke.sɛŋ.gak̚.ha.dʒi.an.at̚.ʌ]
있어 아니요,21,[it̚.ʌ.a.ni.jo],[it̚.ʌ.a.ni.jo]
근데 왜 하필,21,[kɯn.te.wɛ.ha.pʰil],[gɯn.te.wɛ.ha.pʰil]
연락해야 해요,21,[jʌl.lak̚.hɛ.ja.hɛ.jo],[jʌl.lak̚.hɛ.ja.hɛ.jo]
말이 옳았어요,21,[mal.i.ol.at̚.ʌ.jo],[mal.i.ol.at̚.ʌ.jo]
좀 그랬어,21,[tʃom.kɯ.ɾɛt̚.ʌ],[dʒom.gɯ.ɾɛt̚.ʌ]
내가 알아서 할께,21,[nɛ.ka.al.a.sʌ.hal.k͈e],[nɛ.ga.al.a.sʌ.hal.k͈e]
테니까 너도,21,[tʰe.ni.k͈a.nʌ.to],[tʰe.ni.k͈a.nʌ.do]
전에 하고 싶은,21,[tʃʌn.e.ha.ko.sip̚.ɯn],[dʒʌn.e.ha.go.sip̚.ɯn]
이런 엄청난,21,[i.ɾʌn.ʌn.tʃʰʌŋ.nan],[i.ɾʌn.ʌn.tʃʰʌŋ.nan]
연습을 하고,21,[jʌn.sɯp̚.ɯl.ha.ko],[jʌn.sɯp̚.ɯl.ha.go]
그 애는 어디,21,[kɯ.ɛ.nɯn.ʌ.ti],[gɯ.ɛ.nɯn.ʌ.di]
평생을 바쳐,21,[pʰjʌŋ.sɛŋ.ɯl.pa.tʃʰjʌ],[pʰjʌŋ.sɛŋ.ɯl.ba.tʃʰjʌ]
없어요 당연히,21,[ʌp̚.ʌ.jo.taŋ.jʌn.hi],[ʌp̚.ʌ.jo.daŋ.jʌn.hi]
그들의 힘을,21,[kɯ.tɯl.ɯi.him.ɯl],[gɯ.dɯl.ɯi.him.ɯl]
게 아니라서요,21,[ke.a.ni.ɾa.sʌ.jo],[ge.a.ni.ɾa.sʌ.jo]
세상을 구하기,21,[se.saŋ.ɯl.ku.ha.ki],[se.saŋ.ɯl.gu.ha.gi]
그러지 말았어야 했는데,21,[kɯ.ɾʌ.tʃi.mal.at̚.ʌ.ja.hɛt̚.nɯn.te],[gɯ.ɾʌ.dʒi.mal.at̚.ʌ.ja.hɛt̚.nɯn.te]
거예요 여기에,21,[kʌ.je.jo.jʌ.ki.e],[gʌ.je.jo.jʌ.gi.e]
나에 대해서도,21,[na.e.tɛ.hɛ.sʌ.to],[na.e.dɛ.hɛ.sʌ.do]
그의 생명을,21,[kɯ.ɯi.sɛŋ.mjʌŋ.ɯl],[gɯ.ɯi.sɛŋ.mjʌŋ.ɯl]
없어요 맞아,21,[ʌp̚.ʌ.jo.mat̚.a],[ʌp̚.ʌ.jo.mat̚.a]
세상을 다시,21,[se.saŋ.ɯl.ta.si],[se.saŋ.ɯl.da.si]
열 시간,21,[jʌl.si.kan],[jʌl.si.gan]
진짜 끝내줬어,21,[tʃin.tʃ͈a.k͈ɯt̚.nɛ.tʃwʌt̚.ʌ],[dʒin.tʃ͈a.k͈ɯt̚.nɛ.dʒwʌt̚.ʌ]
넌 여전히 내,21,[nʌn.jʌ.tʃʌn.hi.nɛ],[nʌn.jʌ.dʒʌn.hi.nɛ]
합니다 아니면,21,[hap̚.ni.ta.a.ni.mjʌn],[hap̚.ni.da.a.ni.mjʌn]
Know that it''s not,21,,
곳에 있었다,21,[kot̚.e.it̚.ʌt̚.ta],[got̚.e.it̚.ʌt̚.ta]
돌고 있죠,21,[tol.ko.it̚.tʃjo],[dol.ko.it̚.tʃjo]
말 들어야지,21,[mal.tɯl.ʌ.ja.tʃi],[mal.dɯl.ʌ.ja.dʒi]
그건 누구의,21,[kɯ.kʌn.nu.ku.ɯi],[gɯ.gʌn.nu.gu.ɯi]
할지 몰라도,21,[hal.tʃi.mol.ɾa.to],[hal.tʃi.mol.ɾa.do]
않을 겁니다 그럼,21,[an.ɯl.kʌp̚.ni.ta.kɯ.ɾʌm],[an.ɯl.gʌp̚.ni.da.gɯ.ɾʌm]
없어요 얼마나,21,[ʌp̚.ʌ.jo.ʌl.ma.na],[ʌp̚.ʌ.jo.ʌl.ma.na]
없어요 어차피,21,[ʌp̚.ʌ.jo.ʌ.tʃʰa.pʰi],[ʌp̚.ʌ.jo.ʌ.tʃʰa.pʰi]
찾아내죠 어머니를 죽인 자를,21,[tʃʰat̚.a.nɛ.tʃjo.ʌ.mʌ.ni.ɾɯl.tʃuk̚.in.tʃa.ɾɯl],[tʃʰat̚.a.nɛ.dʒjo.ʌ.mʌ.ni.ɾɯl.dʒuk̚.in.dʒa.ɾɯl]
세상이 끝난,21,[se.saŋ.i.k͈ɯt̚.nan],[se.saŋ.i.k͈ɯt̚.nan]
그들이 곧,21,[kɯ.tɯl.i.kot̚],[gɯ.dɯl.i.got̚]
마지막으로 하나,21,[ma.tʃi.mak̚.ɯ.ɾo.ha.na],[ma.dʒi.mak̚.ɯ.ɾo.ha.na]
네 바보,21,[ne.pa.po],[ne.ba.bo]
말 못 알아들어,21,[mal.mot̚.al.a.tɯl.ʌ],[mal.mot̚.al.a.dɯl.ʌ]
세상이 미쳐,21,[se.saŋ.i.mi.tʃʰjʌ],[se.saŋ.i.mi.tʃʰjʌ]
덕분에 여기까지,21,[tʌk̚.pun.e.jʌ.ki.k͈a.tʃi],[dʌk̚.pun.e.jʌ.gi.k͈a.dʒi]
덕분에 오늘,21,[tʌk̚.pun.e.o.nɯl],[dʌk̚.pun.e.o.nɯl]
아니에요 방금,21,[a.ni.e.jo.paŋ.kɯm],[a.ni.e.jo.baŋ.gɯm]
세상이 새로운 위협에 노출됐어요,21,[se.saŋ.i.sɛ.ɾo.un.wi.hjʌp̚.e.no.tʃʰul.twɛt̚.ʌ.jo],[se.saŋ.i.sɛ.ɾo.un.wi.hjʌp̚.e.no.tʃʰul.twɛt̚.ʌ.jo]
세상이 새로운 위협에,21,[se.saŋ.i.sɛ.ɾo.un.wi.hjʌp̚.e],[se.saŋ.i.sɛ.ɾo.un.wi.hjʌp̚.e]
세상이 알게,21,[se.saŋ.i.al.ke],[se.saŋ.i.al.ke]
거예요 와,21,[kʌ.je.jo.wa],[gʌ.je.jo.wa]
전 옳은,21,[tʃʌn.ol.ɯn],[dʒʌn.ol.ɯn]
있어 얼이,21,[it̚.ʌ.ʌl.i],[it̚.ʌ.ʌl.i]
제가 워낙,21,[tʃe.ka.wʌ.nak̚],[dʒe.ga.wʌ.nak̚]
are no,21,,
가장 중요하다고,21,[ka.tʃaŋ.tʃuŋ.jo.ha.ta.ko],[ga.dʒaŋ.dʒuŋ.jo.ha.da.go]
know what you''re doing,21,,
같지 않고,21,[kat̚.tʃi.aŋ.ko],[gat̚.tʃi.aŋ.ko]
함께 있었나요,21,[ham.k͈e.it̚.ʌt̚.na.jo],[ham.k͈e.it̚.ʌt̚.na.jo]
전원 기립,21,[tʃʌn.wʌŋ.ki.ɾip̚],[dʒʌn.wʌn.gi.ɾip̚]
are you guys,21,,
내가 가까이,21,[nɛ.ka.ka.k͈a.i],[nɛ.ga.ga.k͈a.i]
팀 내,21,[tʰim.nɛ],[tʰim.nɛ]
앉아 왜,21,[an.a.wɛ],[an.a.wɛ]
벌 수 있죠,21,[pʌl.su.it̚.tʃjo],[bʌl.su.it̚.tʃjo]
고마워요 뭐가요,21,[ko.ma.wʌ.jo.mwʌ.ka.jo],[go.ma.wʌ.jo.mwʌ.ga.jo]
그건 불공평해요,21,[kɯ.kʌm.pul.kom.pʰjʌŋ.hɛ.jo],[gɯ.gʌn.bul.kom.pʰjʌŋ.hɛ.jo]
알았는데 정말,21,[al.at̚.nɯn.te.tʃʌŋ.mal],[al.at̚.nɯn.te.dʒʌŋ.mal]
당신 보스가,21,[taŋ.sim.po.sɯ.ka],[daŋ.sin.bo.sɯ.ga]
세워 줘,21,[se.wʌ.tʃwʌ],[se.wʌ.dʒwʌ]
네 보스,21,[ne.po.sɯ],[ne.bo.sɯ]
그런 거 관심,21,[kɯ.ɾʌŋ.kʌ.kwan.sim],[gɯ.ɾʌn.gʌ.gwan.sim]
왜 말을 안 해,21,[wɛ.mal.ɯl.an.hɛ],[wɛ.mal.ɯl.an.hɛ]
알아요 절,21,[al.a.jo.tʃʌl],[al.a.jo.dʒʌl]
난 저게,21,[nan.tʃʌ.ke],[nan.dʒʌ.ge]
이 여자애는,21,[i.jʌ.tʃa.ɛ.nɯn],[i.jʌ.dʒa.ɛ.nɯn]
목적이 뭐지,21,[mok̚.tʃʌk̚.i.mwʌ.tʃi],[mok̚.tʃʌk̚.i.mwʌ.dʒi]
거예요 원래,21,[kʌ.je.jo.wʌl.lɛ],[gʌ.je.jo.wʌl.lɛ]
찾아냈지만 그 과정에서,21,[tʃʰat̚.a.nɛt̚.tʃi.maŋ.kɯ.kwa.tʃʌŋ.e.sʌ],[tʃʰat̚.a.nɛt̚.tʃi.man.gɯ.gwa.dʒʌŋ.e.sʌ]
있어 요즘,21,[it̚.ʌ.jo.tʃɯm],[it̚.ʌ.jo.dʒɯm]
그런 생각을 할,21,[kɯ.ɾʌn.sɛŋ.kak̚.ɯl.hal],[gɯ.ɾʌn.sɛŋ.gak̚.ɯl.hal]
찾아냈지만 그,21,[tʃʰat̚.a.nɛt̚.tʃi.maŋ.kɯ],[tʃʰat̚.a.nɛt̚.tʃi.man.gɯ]
크게 성공할,21,[kʰɯ.ke.sʌŋ.koŋ.hal],[kʰɯ.ge.sʌŋ.goŋ.hal]
이 역사적인,21,[i.jʌk̚.sa.tʃʌk̚.in],[i.jʌk̚.sa.dʒʌk̚.in]
하는데 그냥,21,[ha.nɯn.te.kɯ.njaŋ],[ha.nɯn.te.gɯ.njaŋ]
안 죽었다고,21,[an.tʃuk̚.ʌt̚.ta.ko],[an.dʒuk̚.ʌt̚.ta.go]
날 구했어요,21,[nal.ku.hɛt̚.ʌ.jo],[nal.gu.hɛt̚.ʌ.jo]
있는지 정말,21,[it̚.nɯn.tʃi.tʃʌŋ.mal],[it̚.nɯn.tʃi.dʒʌŋ.mal]
제가 조사한,21,[tʃe.ka.tʃo.sa.han],[dʒe.ga.dʒo.sa.han]
있어 운이,21,[it̚.ʌ.un.i],[it̚.ʌ.un.i]
돌아오게 할,21,[tol.a.o.ke.hal],[dol.a.o.ge.hal]
그런 거 아니거든,21,[kɯ.ɾʌŋ.kʌ.a.ni.kʌ.tɯn],[gɯ.ɾʌn.gʌ.a.ni.gʌ.dɯn]
좀 보여줄래,21,[tʃom.po.jʌ.tʃul.ɾɛ],[dʒom.bo.jʌ.dʒul.ɾɛ]
곳에 있어야,21,[kot̚.e.it̚.ʌ.ja],[got̚.e.it̚.ʌ.ja]
말 신경,21,[mal.siŋ.kjʌŋ],[mal.siŋ.kjʌŋ]
이 엿같은,21,[i.jʌt̚.kat̚.ɯn],[i.jʌt̚.kat̚.ɯn]
Of course it,21,,
예쁜 아가씨가,21,[je.p͈ɯn.a.ka.s͈i.ka],[je.p͈ɯn.a.ga.s͈i.ga]
나만이 당신을,21,[na.man.i.taŋ.sin.ɯl],[na.man.i.daŋ.sin.ɯl]
감히 그,21,[kam.hi.kɯ],[gam.hi.gɯ]
항상 저,21,[haŋ.saŋ.tʃʌ],[haŋ.saŋ.dʒʌ]
날 보내지,21,[nal.po.nɛ.tʃi],[nal.bo.nɛ.dʒi]
문제 말이야,21,[mun.tʃe.mal.i.ja],[mun.tʃe.mal.i.ja]
벌 수 있지,21,[pʌl.su.it̚.tʃi],[bʌl.su.it̚.tʃi]
즉시 지원,21,[tʃɯk̚.si.tʃi.wʌn],[dʒɯk̚.si.dʒi.wʌn]
단어 선택,21,[tan.ʌ.sʌn.tʰɛk̚],[dan.ʌ.sʌn.tʰɛk̚]
훌륭한 사람,21,[hul.ɾjuŋ.han.sa.ɾam],[hul.ɾjuŋ.han.sa.ɾam]
나랑 간다,21,[na.ɾaŋ.kan.ta],[na.ɾaŋ.gan.ta]
집을 안,21,[tʃip̚.ɯl.an],[dʒip̚.ɯl.an]
없습니다 더,21,[ʌp̚.sɯp̚.ni.ta.tʌ],[ʌp̚.sɯp̚.ni.da.dʌ]
없었으면 난,21,[ʌp̚.ʌt̚.ɯ.mjʌn.nan],[ʌp̚.ʌt̚.ɯ.mjʌn.nan]
함께 살아야,21,[ham.k͈e.sal.a.ja],[ham.k͈e.sal.a.ja]
그 얘기를 듣고,21,[kɯ.jɛ.ki.ɾɯl.tɯt̚.ko],[gɯ.jɛ.gi.ɾɯl.dɯt̚.ko]
and look,21,,
그게 저예요,21,[kɯ.ke.tʃʌ.je.jo],[gɯ.ge.dʒʌ.je.jo]
제가 최근에,21,[tʃe.ka.tʃʰwe.kɯn.e],[dʒe.ga.tʃʰwe.gɯn.e]
당신 사무실,21,[taŋ.sin.sa.mu.sil],[daŋ.sin.sa.mu.sil]
알았어 다음,21,[al.at̚.ʌ.ta.ɯm],[al.at̚.ʌ.da.ɯm]
오 오 오 오,21,[o.o.o.o],[o.o.o.o]
후안 파블로,21,[hu.am.pʰa.pɯl.ɾo],[hu.am.pʰa.bɯl.ɾo]
다니엘과 함께,21,[ta.ni.el.kwa.ham.k͈e],[da.ni.el.kwa.ham.k͈e]
즐거운 나의,21,[tʃɯl.kʌ.un.na.ɯi],[dʒɯl.kʌ.un.na.ɯi]
그의 얼굴은,21,[kɯ.ɯi.ʌl.kul.ɯn],[gɯ.ɯi.ʌl.kul.ɯn]
밤에 잠이,21,[pam.e.tʃam.i],[bam.e.dʒam.i]
저지른 짓,21,[tʃʌ.tʃi.ɾɯn.tʃit̚],[dʒʌ.dʒi.ɾɯn.dʒit̚]
오기 싫었어 제발,21,[o.ki.sil.ʌt̚.ʌ.tʃe.pal],[o.gi.sil.ʌt̚.ʌ.dʒe.bal]
나머지 분들은,21,[na.mʌ.tʃi.pun.tɯl.ɯn],[na.mʌ.dʒi.bun.tɯl.ɯn]
중요하다는 거야,21,[tʃuŋ.jo.ha.ta.nɯŋ.kʌ.ja],[dʒuŋ.jo.ha.da.nɯn.gʌ.ja]
찾아 헤매던,21,[tʃʰat̚.a.he.mɛ.tʌn],[tʃʰat̚.a.he.mɛ.dʌn]
나오지 않은,21,[na.o.tʃi.an.ɯn],[na.o.dʒi.an.ɯn]
you were a,21,,
정확히 알고 있어,21,[tʃʌŋ.hwak̚.hi.al.ko.it̚.ʌ],[dʒʌŋ.hwak̚.hi.al.ko.it̚.ʌ]
탈출 못,21,[tʰal.tʃʰul.mot̚],[tʰal.tʃʰul.mot̚]
그 얘긴 하고 싶지,21,[kɯ.jɛ.kin.ha.ko.sip̚.tʃi],[gɯ.jɛ.gin.ha.go.sip̚.tʃi]
Drip drop,21,,
않았어요 그런데,21,[an.at̚.ʌ.jo.kɯ.ɾʌn.te],[an.at̚.ʌ.jo.gɯ.ɾʌn.te]
있어 저기요,21,[it̚.ʌ.tʃʌ.ki.jo],[it̚.ʌ.dʒʌ.gi.jo]
알았어 이따,21,[al.at̚.ʌ.i.t͈a],[al.at̚.ʌ.i.t͈a]
알았어 응,21,[al.at̚.ʌ.ɯŋ],[al.at̚.ʌ.ɯŋ]
데 어려움을,21,[te.ʌ.ɾjʌ.um.ɯl],[de.ʌ.ɾjʌ.um.ɯl]
같이 있을게,21,[kat̚.i.it̚.ɯl.ke],[gat̚.i.it̚.ɯl.ke]
I know what you,21,,
함께 있으니까,21,[ham.k͈e.it̚.ɯ.ni.k͈a],[ham.k͈e.it̚.ɯ.ni.k͈a]
한번 봐 봐,21,[ham.pʌm.pwa.pwa],[ham.pʌn.bwa.bwa]
going on with,21,,
맘에 들었는데,21,[mam.e.tɯl.ʌt̚.nɯn.te],[mam.e.dɯl.ʌt̚.nɯn.te]
오늘 집에 늦게,21,[o.nɯl.tʃip̚.e.nɯt̚.ke],[o.nɯl.dʒip̚.e.nɯt̚.ke]
없을 줄 알았어,21,[ʌp̚.ɯl.tʃul.al.at̚.ʌ],[ʌp̚.ɯl.dʒul.al.at̚.ʌ]
끝났어 좋아,21,[k͈ɯt̚.nat̚.ʌ.tʃot̚.a],[k͈ɯt̚.nat̚.ʌ.dʒot̚.a]
잃었어 난,21,[il.ʌt̚.ʌ.nan],[il.ʌt̚.ʌ.nan]
볼게 안,21,[pol.ke.an],[bol.ke.an]
본 뒤,21,[pon.twi],[bon.dwi]
없을지 몰라,21,[ʌp̚.ɯl.tʃi.mol.ɾa],[ʌp̚.ɯl.tʃi.mol.ɾa]
좀 잡아 줘,21,[tʃon.tʃap̚.a.tʃwʌ],[dʒom.dʒap̚.a.dʒwʌ]
허가를 받았다,21,[hʌ.ka.ɾɯl.pat̚.at̚.ta],[hʌ.ga.ɾɯl.bat̚.at̚.ta]
일을 시켜,21,[il.ɯl.si.kʰjʌ],[il.ɯl.si.kʰjʌ]
가요 안 돼,21,[ka.jo.an.twɛ],[ga.jo.an.dwɛ]
한 세,21,[han.se],[han.se]
자긴 정말,21,[tʃa.kin.tʃʌŋ.mal],[dʒa.gin.dʒʌŋ.mal]
게 아니었군요,21,[ke.a.ni.ʌt̚.kun.jo],[ge.a.ni.ʌt̚.kun.jo]
아니에요 혹시,21,[a.ni.e.jo.hok̚.si],[a.ni.e.jo.hok̚.si]
도망 다니는,21,[to.maŋ.ta.ni.nɯn],[do.maŋ.da.ni.nɯn]
볼게요 난,21,[pol.ke.jo.nan],[bol.ke.jo.nan]
게 아니었네요,21,[ke.a.ni.ʌt̚.ne.jo],[ge.a.ni.ʌt̚.ne.jo]
파괴하는 게,21,[pʰa.kwe.ha.nɯŋ.ke],[pʰa.gwe.ha.nɯn.ge]
데가 없잖아,21,[te.ka.ʌp̚.tʃan.a],[de.ga.ʌp̚.tʃan.a]
자네는 그걸,21,[tʃa.ne.nɯŋ.kɯ.kʌl],[dʒa.ne.nɯn.gɯ.gʌl]
단 둘이서,21,[tan.tul.i.sʌ],[dan.dul.i.sʌ]
걸 알 수 있지,21,[kʌl.al.su.it̚.tʃi],[gʌl.al.su.it̚.tʃi]
동안 하지만,21,[toŋ.an.ha.tʃi.man],[doŋ.an.ha.dʒi.man]
무엇이 당신을,21,[mu.ʌt̚.i.taŋ.sin.ɯl],[mu.ʌt̚.i.daŋ.sin.ɯl]
대체 어디가,21,[tɛ.tʃʰe.ʌ.ti.ka],[dɛ.tʃʰe.ʌ.di.ga]
오래 있을수록,21,[o.ɾɛ.it̚.ɯl.su.ɾok̚],[o.ɾɛ.it̚.ɯl.su.ɾok̚]
거야 마이클,21,[kʌ.ja.ma.i.kʰɯl],[gʌ.ja.ma.i.kʰɯl]
같은데요 그래요,21,[kat̚.ɯn.te.jo.kɯ.ɾɛ.jo],[gat̚.ɯn.te.jo.gɯ.ɾɛ.jo]
알았어요 그거,21,[al.at̚.ʌ.jo.kɯ.kʌ],[al.at̚.ʌ.jo.gɯ.gʌ]
간 을,21,[kan.ɯl],[gan.ɯl]
대해 뭐라도,21,[tɛ.hɛ.mwʌ.ɾa.to],[dɛ.hɛ.mwʌ.ɾa.do]
소녀 여러분,21,[so.njʌ.jʌ.ɾʌ.pun],[so.njʌ.jʌ.ɾʌ.bun]
전 인류의,21,[tʃʌn.il.lju.ɯi],[dʒʌn.il.lju.ɯi]
믿어 라,21,[mit̚.ʌ.ɾa],[mit̚.ʌ.ɾa]
love open the,21,,
없이는 이,21,[ʌp̚.i.nɯn.i],[ʌp̚.i.nɯn.i]
않았으면 하는,21,[an.at̚.ɯ.mjʌn.ha.nɯn],[an.at̚.ɯ.mjʌn.ha.nɯn]
시간이 얼마나 남았지,21,[si.kan.i.ʌl.ma.na.nam.at̚.tʃi],[si.gan.i.ʌl.ma.na.nam.at̚.tʃi]
같이 자자,21,[kat̚.i.tʃa.tʃa],[gat̚.i.dʒa.dʒa]
나이가 들어서,21,[na.i.ka.tɯl.ʌ.sʌ],[na.i.ga.dɯl.ʌ.sʌ]
제공 할 수,21,[tʃe.koŋ.hal.su],[dʒe.goŋ.hal.su]
사야 하는데,21,[sa.ja.ha.nɯn.te],[sa.ja.ha.nɯn.te]
없잖아 그래도,21,[ʌp̚.tʃan.a.kɯ.ɾɛ.to],[ʌp̚.tʃan.a.gɯ.ɾɛ.do]
해서 그럼,21,[hɛ.sʌ.kɯ.ɾʌm],[hɛ.sʌ.gɯ.ɾʌm]
몰랐어 어떻게,21,[mol.ɾat̚.ʌ.ʌ.t͈ʌt̚.ke],[mol.ɾat̚.ʌ.ʌ.t͈ʌt̚.ke]
오미 토시노리 미즈구치,21,[o.mi.tʰo.si.no.ɾi.mi.tʃɯ.ku.tʃʰi],[o.mi.tʰo.si.no.ɾi.mi.dʒɯ.gu.tʃʰi]
먼저 가게,21,[mʌn.tʃʌ.ka.ke],[mʌn.tʃʌ.ga.ge]
네 아기를,21,[ne.a.ki.ɾɯl],[ne.a.gi.ɾɯl]
이틀밖에 안,21,[i.tʰɯl.pak̚.e.an],[i.tʰɯl.pak̚.e.an]
Son of a bitch,21,,
크고 대담한,21,[kʰɯ.ko.tɛ.tam.han],[kʰɯ.go.dɛ.dam.han]
나는 손으로,21,[na.nɯn.son.ɯ.ɾo],[na.nɯn.son.ɯ.ɾo]
없잖아 우리가,21,[ʌp̚.tʃan.a.u.ɾi.ka],[ʌp̚.tʃan.a.u.ɾi.ga]
데리고 왔다,21,[te.ɾi.ko.wat̚.ta],[de.ɾi.go.wat̚.ta]
말이 맞소,21,[mal.i.mat̚.so],[mal.i.mat̚.so]
소름 끼치네,21,[so.ɾɯm.k͈i.tʃʰi.ne],[so.ɾɯm.k͈i.tʃʰi.ne]
come for,21,,
낭비하지 마세요,21,[nam.pi.ha.tʃi.ma.se.jo],[naŋ.bi.ha.dʒi.ma.se.jo]
좀비 같은,21,[tʃom.pi.kat̚.ɯn],[dʒom.pi.gat̚.ɯn]
소리 낮춰,21,[so.ɾi.nat̚.tʃʰwʌ],[so.ɾi.nat̚.tʃʰwʌ]
다시 태어났다,21,[ta.si.tʰɛ.ʌ.nat̚.ta],[da.si.tʰɛ.ʌ.nat̚.ta]
알았죠 그,21,[al.at̚.tʃjo.kɯ],[al.at̚.tʃjo.gɯ]
아니요 근데,21,[a.ni.jo.kɯn.te],[a.ni.jo.gɯn.te]
돼 서로,21,[twɛ.sʌ.ɾo],[dwɛ.sʌ.ɾo]
종류의 외계인,21,[tʃoŋ.ɾju.ɯi.we.kje.in],[dʒoŋ.ɾju.ɯi.we.gje.in]
걸 모르죠,21,[kʌl.mo.ɾɯ.tʃjo],[gʌl.mo.ɾɯ.dʒjo]
사양 말고,21,[sa.jaŋ.mal.ko],[sa.jaŋ.mal.ko]
풀면 안,21,[pʰul.mjʌn.an],[pʰul.mjʌn.an]
when they''re,21,,
죽을 필요는 없어,21,[tʃuk̚.ɯl.pʰil.jo.nɯn.ʌp̚.ʌ],[dʒuk̚.ɯl.pʰil.jo.nɯn.ʌp̚.ʌ]
걱정은 그만하고,21,[kʌk̚.tʃʌŋ.ɯŋ.kɯ.man.ha.ko],[gʌk̚.tʃʌŋ.ɯn.gɯ.man.ha.go]
Where is the,21,,
당신 잘,21,[taŋ.sin.tʃal],[daŋ.sin.dʒal]
그런 게 다,21,[kɯ.ɾʌŋ.ke.ta],[gɯ.ɾʌn.ge.da]
봤는데 난,21,[pwat̚.nɯn.te.nan],[bwat̚.nɯn.te.nan]
방이 있어,21,[paŋ.i.it̚.ʌ],[baŋ.i.it̚.ʌ]
데려가지 않으면,21,[te.ɾjʌ.ka.tʃi.an.ɯ.mjʌn],[de.ɾjʌ.ga.dʒi.an.ɯ.mjʌn]
저기 그가,21,[tʃʌ.ki.kɯ.ka],[dʒʌ.gi.gɯ.ga]
all of this,21,,
그래 걔가,21,[kɯ.ɾɛ.kjɛ.ka],[gɯ.ɾɛ.gjɛ.ga]
그런 게 아녜요,21,[kɯ.ɾʌŋ.ke.a.nje.jo],[gɯ.ɾʌn.ge.a.nje.jo]
오늘 함께,21,[o.nɯl.ham.k͈e],[o.nɯl.ham.k͈e]
사업 계획을,21,[sa.ʌp̚.kje.hwek̚.ɯl],[sa.ʌp̚.gje.hwek̚.ɯl]
있어 하지만 네가,21,[it̚.ʌ.ha.tʃi.man.ne.ka],[it̚.ʌ.ha.dʒi.man.ne.ga]
없지 전,21,[ʌp̚.tʃi.tʃʌn],[ʌp̚.tʃi.dʒʌn]
이 자들을,21,[i.tʃa.tɯl.ɯl],[i.dʒa.dɯl.ɯl]
내지 않는,21,[nɛ.tʃi.an.nɯn],[nɛ.dʒi.an.nɯn]
당신을 절대,21,[taŋ.sin.ɯl.tʃʌl.tɛ],[daŋ.sin.ɯl.dʒʌl.tɛ]
데려갔어 그리고,21,[te.ɾjʌ.kat̚.ʌ.kɯ.ɾi.ko],[de.ɾjʌ.gat̚.ʌ.gɯ.ɾi.go]
돼 죄송해요,21,[twɛ.tʃwe.soŋ.hɛ.jo],[dwɛ.dʒwe.soŋ.hɛ.jo]
방학 동안,21,[paŋ.hak̚.toŋ.an],[baŋ.hak̚.doŋ.an]
대한 조사,21,[tɛ.han.tʃo.sa],[dɛ.han.dʒo.sa]
제대로 설명해,21,[tʃe.tɛ.ɾo.sʌl.mjʌŋ.hɛ],[dʒe.dɛ.ɾo.sʌl.mjʌŋ.hɛ]
좋겠다 내,21,[tʃot̚.ket̚.ta.nɛ],[dʒot̚.ket̚.ta.nɛ]
없지만 우리,21,[ʌp̚.tʃi.man.u.ɾi],[ʌp̚.tʃi.man.u.ɾi]
모르겠어 괜찮아,21,[mo.ɾɯ.ket̚.ʌ.kwɛn.tʃʰan.a],[mo.ɾɯ.get̚.ʌ.gwɛn.tʃʰan.a]
나이가 몇,21,[na.i.ka.mjʌt̚],[na.i.ga.mjʌt̚]
그 여자가 누군지,21,[kɯ.jʌ.tʃa.ka.nu.kun.tʃi],[gɯ.jʌ.dʒa.ga.nu.gun.tʃi]
너무 많거든,21,[nʌ.mu.maŋ.kʌ.tɯn],[nʌ.mu.maŋ.kʌ.dɯn]
건 달라,21,[kʌn.tal.ɾa],[gʌn.dal.ɾa]
to some,21,,
제대로 작동하지,21,[tʃe.tɛ.ɾo.tʃak̚.toŋ.ha.tʃi],[dʒe.dɛ.ɾo.dʒak̚.toŋ.ha.dʒi]
소리가 들렸다,21,[so.ɾi.ka.tɯl.ɾjʌt̚.ta],[so.ɾi.ga.dɯl.ɾjʌt̚.ta]
아니요 아직,21,[a.ni.jo.a.tʃik̚],[a.ni.jo.a.dʒik̚]
보여줘야 할,21,[po.jʌ.tʃwʌ.ja.hal],[bo.jʌ.dʒwʌ.ja.hal]
것 같아요 뭔가,21,[kʌt̚.kat̚.a.jo.mwʌŋ.ka],[gʌt̚.gat̚.a.jo.mwʌŋ.ka]
말 있는 사람,21,[mal.it̚.nɯn.sa.ɾam],[mal.it̚.nɯn.sa.ɾam]
올 필요가,21,[ol.pʰil.jo.ka],[ol.pʰil.jo.ga]
잘못은 아니잖아요,21,[tʃal.mot̚.ɯn.a.ni.tʃan.a.jo],[dʒal.mot̚.ɯn.a.ni.dʒan.a.jo]
소리가 요란하다,21,[so.ɾi.ka.jo.ɾan.ha.ta],[so.ɾi.ga.jo.ɾan.ha.da]
알잖아 그게,21,[al.tʃan.a.kɯ.ke],[al.tʃan.a.gɯ.ge]
엉망이 됐잖아,21,[ʌŋ.maŋ.i.twɛt̚.tʃan.a],[ʌŋ.maŋ.i.dwɛt̚.tʃan.a]
전 조금,21,[tʃʌn.tʃo.kɯm],[dʒʌn.dʒo.gɯm]
그런 경험은,21,[kɯ.ɾʌŋ.kjʌŋ.hʌm.ɯn],[gɯ.ɾʌn.gjʌŋ.hʌm.ɯn]
가서 정말,21,[ka.sʌ.tʃʌŋ.mal],[ga.sʌ.dʒʌŋ.mal]
완전히 미쳤어요,21,[wan.tʃʌn.hi.mi.tʃʰjʌt̚.ʌ.jo],[wan.tʃʌn.hi.mi.tʃʰjʌt̚.ʌ.jo]
소리도 안 들려,21,[so.ɾi.to.an.tɯl.ɾjʌ],[so.ɾi.do.an.dɯl.ɾjʌ]
올리면 안,21,[ol.ɾi.mjʌn.an],[ol.ɾi.mjʌn.an]
쳐야 해요,21,[tʃʰjʌ.ja.hɛ.jo],[tʃʰjʌ.ja.hɛ.jo]
소리를 내며,21,[so.ɾi.ɾɯl.lɛ.mjʌ],[so.ɾi.ɾɯl.lɛ.mjʌ]
몸이 안 좋은,21,[mom.i.an.tʃot̚.ɯn],[mom.i.an.dʒot̚.ɯn]
아무도 못 건드려,21,[a.mu.to.mot̚.kʌn.tɯ.ɾjʌ],[a.mu.do.mot̚.gʌn.tɯ.ɾjʌ]
돼요 일단,21,[twɛ.jo.il.tan],[dwɛ.jo.il.tan]
제대로 했다면,21,[tʃe.tɛ.ɾo.hɛt̚.ta.mjʌn],[dʒe.dɛ.ɾo.hɛt̚.ta.mjʌn]
게 아니에요 하지만,21,[ke.a.ni.e.jo.ha.tʃi.man],[ge.a.ni.e.jo.ha.dʒi.man]
그 여자는 왜,21,[kɯ.jʌ.tʃa.nɯn.wɛ],[gɯ.jʌ.dʒa.nɯn.wɛ]
진짜 멋있다,21,[tʃin.tʃ͈a.mʌt̚.it̚.ta],[dʒin.tʃ͈a.mʌt̚.it̚.ta]
옮기는 거야,21,[om.ki.nɯŋ.kʌ.ja],[om.ki.nɯn.gʌ.ja]
마찬가지야 그럼,21,[ma.tʃʰaŋ.ka.tʃi.ja.kɯ.ɾʌm],[ma.tʃʰaŋ.ka.dʒi.ja.gɯ.ɾʌm]
대한 중요한,21,[tɛ.han.tʃuŋ.jo.han],[dɛ.han.dʒuŋ.jo.han]
확실히 해야 해,21,[hwak̚.sil.hi.hɛ.ja.hɛ],[hwak̚.sil.hi.hɛ.ja.hɛ]
에 있을,21,[e.it̚.ɯl],[e.it̚.ɯl]
이 자식이 진짜,21,[i.tʃa.sik̚.i.tʃin.tʃ͈a],[i.dʒa.sik̚.i.dʒin.tʃ͈a]
그럼요 잘,21,[kɯ.ɾʌm.jo.tʃal],[gɯ.ɾʌm.jo.dʒal]
소리를 하고 있어,21,[so.ɾi.ɾɯl.ha.ko.it̚.ʌ],[so.ɾi.ɾɯl.ha.go.it̚.ʌ]
옷 갈아입을,21,[ot̚.kal.a.ip̚.ɯl],[ot̚.gal.a.ip̚.ɯl]
그런 기분이야,21,[kɯ.ɾʌŋ.ki.pun.i.ja],[gɯ.ɾʌn.gi.bun.i.ja]
것 같아요 솔직히,21,[kʌt̚.kat̚.a.jo.sol.tʃik̚.hi],[gʌt̚.gat̚.a.jo.sol.tʃik̚.hi]
her face,21,,
네 어디서,21,[ne.ʌ.ti.sʌ],[ne.ʌ.di.sʌ]
있어서 그게,21,[it̚.ʌ.sʌ.kɯ.ke],[it̚.ʌ.sʌ.gɯ.ge]
모르겠어 오늘,21,[mo.ɾɯ.ket̚.ʌ.o.nɯl],[mo.ɾɯ.get̚.ʌ.o.nɯl]
버스 탈,21,[pʌ.sɯ.tʰal],[bʌ.sɯ.tʰal]
네 어떻게 된,21,[ne.ʌ.t͈ʌt̚.ke.twen],[ne.ʌ.t͈ʌt̚.ke.dwen]
거 많아요,21,[kʌ.man.a.jo],[gʌ.man.a.jo]
도망치고 싶어,21,[to.maŋ.tʃʰi.ko.sip̚.ʌ],[do.maŋ.tʃʰi.go.sip̚.ʌ]
가 엄마,21,[ka.ʌm.ma],[ga.ʌm.ma]
와 다른,21,[wa.ta.ɾɯn],[wa.da.ɾɯn]
네 어미는,21,[ne.ʌ.mi.nɯn],[ne.ʌ.mi.nɯn]
내 돈만,21,[nɛ.ton.man],[nɛ.don.man]
소릴 하는 거예요,21,[so.ɾil.ha.nɯŋ.kʌ.je.jo],[so.ɾil.ha.nɯn.gʌ.je.jo]
놈이 하나,21,[nom.i.ha.na],[nom.i.ha.na]
거예요 평생,21,[kʌ.je.jo.pʰjʌŋ.sɛŋ],[gʌ.je.jo.pʰjʌŋ.sɛŋ]
소릴 하는지,21,[so.ɾil.ha.nɯn.tʃi],[so.ɾil.ha.nɯn.tʃi]
어린 홍주,21,[ʌ.ɾin.hoŋ.tʃu],[ʌ.ɾin.hoŋ.dʒu]
다 아시죠,21,[ta.a.si.tʃjo],[da.a.si.dʒjo]
말 절대,21,[mal.tʃʌl.tɛ],[mal.dʒʌl.tɛ]
게 아닌 건,21,[ke.a.niŋ.kʌn],[ge.a.nin.gʌn]
이 점,21,[i.tʃʌm],[i.dʒʌm]
꽂을 수,21,[k͈ot̚.ɯl.su],[k͈ot̚.ɯl.su]
하는지 보자,21,[ha.nɯn.tʃi.po.tʃa],[ha.nɯn.tʃi.bo.dʒa]
안 보이겠지만,21,[am.po.i.ket̚.tʃi.man],[an.bo.i.get̚.tʃi.man]
되어서 기쁘군요,21,[twe.ʌ.sʌ.ki.p͈ɯ.kun.jo],[dwe.ʌ.sʌ.gi.p͈ɯ.gun.jo]
화낼까 봐,21,[hwa.nɛl.k͈a.pwa],[hwa.nɛl.k͈a.bwa]
내가 도움이 필요해,21,[nɛ.ka.to.um.i.pʰil.jo.hɛ],[nɛ.ga.do.um.i.pʰil.jo.hɛ]
그런 놈이야,21,[kɯ.ɾʌn.nom.i.ja],[gɯ.ɾʌn.nom.i.ja]
그렇게 되기를,21,[kɯ.ɾʌt̚.ke.twe.ki.ɾɯl],[gɯ.ɾʌt̚.ke.dwe.gi.ɾɯl]
좋아서 이러는,21,[tʃot̚.a.sʌ.i.ɾʌ.nɯn],[dʒot̚.a.sʌ.i.ɾʌ.nɯn]
하는 것 같군,21,[ha.nɯŋ.kʌt̚.kat̚.kun],[ha.nɯn.gʌt̚.gat̚.kun]
관심이 많지,21,[kwan.sim.i.man.tʃi],[gwan.sim.i.man.tʃi]
봐 걱정이,21,[pwa.kʌk̚.tʃʌŋ.i],[bwa.gʌk̚.tʃʌŋ.i]
완벽한 선물을,21,[wam.pjʌk̚.han.sʌn.mul.ɯl],[wam.pjʌk̚.han.sʌn.mul.ɯl]
같이 집으로,21,[kat̚.i.tʃip̚.ɯ.ɾo],[gat̚.i.dʒip̚.ɯ.ɾo]
소믈리에 있습니까,21,[so.mɯl.ɾi.e.it̚.sɯp̚.ni.k͈a],[so.mɯl.ɾi.e.it̚.sɯp̚.ni.k͈a]
가 근데,21,[ka.kɯn.te],[ga.gɯn.te]
그런 능력을,21,[kɯ.ɾʌn.nɯŋ.ɾjʌk̚.ɯl],[gɯ.ɾʌn.nɯŋ.ɾjʌk̚.ɯl]
맞아 바로,21,[mat̚.a.pa.ɾo],[mat̚.a.ba.ɾo]
사랑하는 것도,21,[sa.ɾaŋ.ha.nɯŋ.kʌt̚.to],[sa.ɾaŋ.ha.nɯn.gʌt̚.to]
데리고 왔지,21,[te.ɾi.ko.wat̚.tʃi],[de.ɾi.go.wat̚.tʃi]
그 목사,21,[kɯ.mok̚.sa],[gɯ.mok̚.sa]
모르겠어요 우린,21,[mo.ɾɯ.ket̚.ʌ.jo.u.ɾin],[mo.ɾɯ.get̚.ʌ.jo.u.ɾin]
겁니다 존,21,[kʌp̚.ni.ta.tʃon],[gʌp̚.ni.da.dʒon]
아니죠 당신,21,[a.ni.tʃjo.taŋ.sin],[a.ni.dʒjo.daŋ.sin]
그런 데는,21,[kɯ.ɾʌn.te.nɯn],[gɯ.ɾʌn.de.nɯn]
않으면 다시,21,[an.ɯ.mjʌn.ta.si],[an.ɯ.mjʌn.da.si]
그런 데를,21,[kɯ.ɾʌn.te.ɾɯl],[gɯ.ɾʌn.de.ɾɯl]
두 세,21,[tu.se],[du.se]
되었기 때문에,21,[twe.ʌt̚.ki.t͈ɛ.mun.e],[dwe.ʌt̚.ki.t͈ɛ.mun.e]
되고 싶지만,21,[twe.ko.sip̚.tʃi.man],[dwe.go.sip̚.tʃi.man]
거예요 함께,21,[kʌ.je.jo.ham.k͈e],[gʌ.je.jo.ham.k͈e]
네 여친,21,[ne.jʌ.tʃʰin],[ne.jʌ.tʃʰin]
고마워요 여긴,21,[ko.ma.wʌ.jo.jʌ.kin],[go.ma.wʌ.jo.jʌ.gin]
그 여행을,21,[kɯ.jʌ.hɛŋ.ɯl],[gɯ.jʌ.hɛŋ.ɯl]
didn''t like,21,,
왔어 안녕하세요,21,[wat̚.ʌ.an.njʌŋ.ha.se.jo],[wat̚.ʌ.an.njʌŋ.ha.se.jo]
옷을 벗는,21,[ot̚.ɯl.pʌt̚.nɯn],[ot̚.ɯl.bʌt̚.nɯn]
왔어 이거,21,[wat̚.ʌ.i.kʌ],[wat̚.ʌ.i.gʌ]
나는 항상 너를,21,[na.nɯn.haŋ.saŋ.nʌ.ɾɯl],[na.nɯn.haŋ.saŋ.nʌ.ɾɯl]
뉴욕 현대미술관,21,[nju.jok̚.hjʌn.tɛ.mi.sul.kwan],[nju.jok̚.hjʌn.tɛ.mi.sul.kwan]
손 흔드는,21,[son.hɯn.tɯ.nɯn],[son.hɯn.tɯ.nɯn]
소식 있나요,21,[so.sik̚.it̚.na.jo],[so.sik̚.it̚.na.jo]
I''m not afraid,21,,
이 조직의,21,[i.tʃo.tʃik̚.ɯi],[i.dʒo.dʒik̚.ɯi]
여기 갇혀서,21,[jʌ.ki.kat̚.hjʌ.sʌ],[jʌ.gi.gat̚.hjʌ.sʌ]
모르겠지만 나는,21,[mo.ɾɯ.ket̚.tʃi.man.na.nɯn],[mo.ɾɯ.get̚.tʃi.man.na.nɯn]
나보다 나이가,21,[na.po.ta.na.i.ka],[na.bo.da.na.i.ga]
나보다 낫다,21,[na.po.ta.nat̚.ta],[na.bo.da.nat̚.ta]
여기 계시네,21,[jʌ.ki.kje.si.ne],[jʌ.gi.gje.si.ne]
봐 그런데,21,[pwa.kɯ.ɾʌn.te],[bwa.gɯ.ɾʌn.te]
본 적도 없는데,21,[pon.tʃʌk̚.to.ʌp̚.nɯn.te],[bon.dʒʌk̚.to.ʌp̚.nɯn.te]
여기 꼭,21,[jʌ.ki.k͈ok̚],[jʌ.gi.k͈ok̚]
뭐라고 말하지,21,[mwʌ.ɾa.ko.mal.ha.tʃi],[mwʌ.ɾa.go.mal.ha.dʒi]
가지 더 있습니다,21,[ka.tʃi.tʌ.it̚.sɯp̚.ni.ta],[ga.dʒi.dʌ.it̚.sɯp̚.ni.da]
양립할 수,21,[jaŋ.ɾip̚.hal.su],[jaŋ.ɾip̚.hal.su]
이득을 볼,21,[i.tɯk̚.ɯl.pol],[i.dɯk̚.ɯl.bol]
아주 좋은데요,21,[a.tʃu.tʃot̚.ɯn.te.jo],[a.dʒu.dʒot̚.ɯn.te.jo]
그 영광을,21,[kɯ.jʌŋ.kwaŋ.ɯl],[gɯ.jʌŋ.gwaŋ.ɯl]
손님 오셨다,21,[son.nim.o.sjʌt̚.ta],[son.nim.o.sjʌt̚.ta]
때마다 한,21,[t͈ɛ.ma.ta.han],[t͈ɛ.ma.da.han]
자넨 할 수 있어,21,[tʃa.nen.hal.su.it̚.ʌ],[dʒa.nen.hal.su.it̚.ʌ]
그렇게 부르지 말아요,21,[kɯ.ɾʌt̚.ke.pu.ɾɯ.tʃi.mal.a.jo],[gɯ.ɾʌt̚.ke.bu.ɾɯ.dʒi.mal.a.jo]
한 이야기는,21,[han.i.ja.ki.nɯn],[han.i.ja.gi.nɯn]
모르겠지만 저는,21,[mo.ɾɯ.ket̚.tʃi.man.tʃʌ.nɯn],[mo.ɾɯ.get̚.tʃi.man.dʒʌ.nɯn]
왜 그런 질문을,21,[wɛ.kɯ.ɾʌn.tʃil.mun.ɯl],[wɛ.gɯ.ɾʌn.dʒil.mun.ɯl]
그건 옳지 않아요,21,[kɯ.kʌn.ol.tʃi.an.a.jo],[gɯ.gʌn.ol.tʃi.an.a.jo]
생각하기 전에,21,[sɛŋ.kak̚.ha.ki.tʃʌn.e],[sɛŋ.gak̚.ha.gi.dʒʌn.e]
있어야 하는 거 아니야,21,[it̚.ʌ.ja.ha.nɯŋ.kʌ.a.ni.ja],[it̚.ʌ.ja.ha.nɯn.gʌ.a.ni.ja]
미안 아,21,[mi.an.a],[mi.an.a]
해수의 옅은,21,[hɛ.su.ɯi.jʌt̚.ɯn],[hɛ.su.ɯi.jʌt̚.ɯn]
아니지 날,21,[a.ni.tʃi.nal],[a.ni.dʒi.nal]
겨우 이거야,21,[kjʌ.u.i.kʌ.ja],[gjʌ.u.i.gʌ.ja]
때마다 점점,21,[t͈ɛ.ma.ta.tʃʌn.tʃʌm],[t͈ɛ.ma.da.dʒʌn.tʃʌm]
파티 준비,21,[pʰa.tʰi.tʃum.pi],[pʰa.tʰi.dʒum.pi]
받을 수 있다면,21,[pat̚.ɯl.su.it̚.ta.mjʌn],[bat̚.ɯl.su.it̚.ta.mjʌn]
본 적이 없거든,21,[pon.tʃʌk̚.i.ʌp̚.kʌ.tɯn],[bon.dʒʌk̚.i.ʌp̚.kʌ.dɯn]
여기 맥주,21,[jʌ.ki.mɛk̚.tʃu],[jʌ.gi.mɛk̚.tʃu]
왜 당신에게,21,[wɛ.taŋ.sin.e.ke],[wɛ.daŋ.sin.e.ge]
대한 얘기도,21,[tɛ.han.jɛ.ki.to],[dɛ.han.jɛ.gi.do]
그건 왜죠,21,[kɯ.kʌn.wɛ.tʃjo],[gɯ.gʌn.wɛ.dʒjo]
내가 잡으러,21,[nɛ.ka.tʃap̚.ɯ.ɾʌ],[nɛ.ga.dʒap̚.ɯ.ɾʌ]
자는 거지,21,[tʃa.nɯŋ.kʌ.tʃi],[dʒa.nɯn.gʌ.dʒi]
모르고 있죠,21,[mo.ɾɯ.ko.it̚.tʃjo],[mo.ɾɯ.go.it̚.tʃjo]
A new,21,,
파티는 어땠어,21,[pʰa.tʰi.nɯn.ʌ.t͈ɛt̚.ʌ],[pʰa.tʰi.nɯn.ʌ.t͈ɛt̚.ʌ]
거요 아니면,21,[kʌ.jo.a.ni.mjʌn],[gʌ.jo.a.ni.mjʌn]
공략 안 하면 재미없지,21,[koŋ.ɾjak̚.an.ha.mjʌn.tʃɛ.mi.ʌp̚.tʃi],[goŋ.ɾjak̚.an.ha.mjʌn.dʒɛ.mi.ʌp̚.tʃi]
가 그렇게,21,[ka.kɯ.ɾʌt̚.ke],[ga.gɯ.ɾʌt̚.ke]
자는 아무도,21,[tʃa.nɯn.a.mu.to],[dʒa.nɯn.a.mu.do]
생각하는 거에요,21,[sɛŋ.kak̚.ha.nɯŋ.kʌ.e.jo],[sɛŋ.gak̚.ha.nɯn.gʌ.e.jo]
그런 말을 했지,21,[kɯ.ɾʌn.mal.ɯl.hɛt̚.tʃi],[gɯ.ɾʌn.mal.ɯl.hɛt̚.tʃi]
여기 서 있어,21,[jʌ.ki.sʌ.it̚.ʌ],[jʌ.gi.sʌ.it̚.ʌ]
피트 길이의,21,[pʰi.tʰɯ.kil.i.ɯi],[pʰi.tʰɯ.gil.i.ɯi]
못 살 거야,21,[mot̚.sal.kʌ.ja],[mot̚.sal.gʌ.ja]
say what,21,,
파티를 열 거야,21,[pʰa.tʰi.ɾɯl.jʌl.kʌ.ja],[pʰa.tʰi.ɾɯl.jʌl.gʌ.ja]
게 확실합니까,21,[ke.hwak̚.sil.hap̚.ni.k͈a],[ge.hwak̚.sil.hap̚.ni.k͈a]
두 잔만,21,[tu.tʃan.man],[du.dʒan.man]
생각하는 것 같은데,21,[sɛŋ.kak̚.ha.nɯŋ.kʌt̚.kat̚.ɯn.te],[sɛŋ.gak̚.ha.nɯn.gʌt̚.gat̚.ɯn.te]
절대 안되지,21,[tʃʌl.tɛ.an.twe.tʃi],[dʒʌl.tɛ.an.twe.dʒi]
왜 이렇게 전화를 안,21,[wɛ.i.ɾʌt̚.ke.tʃʌn.hwa.ɾɯl.an],[wɛ.i.ɾʌt̚.ke.dʒʌn.hwa.ɾɯl.an]
당신 오빠는,21,[taŋ.sin.o.p͈a.nɯn],[daŋ.sin.o.p͈a.nɯn]
하는지는 모르겠지만,21,[ha.nɯn.tʃi.nɯn.mo.ɾɯ.ket̚.tʃi.man],[ha.nɯn.tʃi.nɯn.mo.ɾɯ.get̚.tʃi.man]
나빠질 것도,21,[na.p͈a.tʃil.kʌt̚.to],[na.p͈a.dʒil.gʌt̚.to]
여기 어떻게 왔어,21,[jʌ.ki.ʌ.t͈ʌt̚.ke.wat̚.ʌ],[jʌ.gi.ʌ.t͈ʌt̚.ke.wat̚.ʌ]
문자를 보내고,21,[mun.tʃa.ɾɯl.po.nɛ.ko],[mun.tʃa.ɾɯl.bo.nɛ.go]
당신을 보게,21,[taŋ.sin.ɯl.po.ke],[daŋ.sin.ɯl.bo.ge]
당신 완전,21,[taŋ.sin.wan.tʃʌn],[daŋ.sin.wan.tʃʌn]
왜 우리가 여기,21,[wɛ.u.ɾi.ka.jʌ.ki],[wɛ.u.ɾi.ga.jʌ.gi]
여기로 데려와서,21,[jʌ.ki.ɾo.te.ɾjʌ.wa.sʌ],[jʌ.gi.ɾo.de.ɾjʌ.wa.sʌ]
무슨 사고라도,21,[mu.sɯn.sa.ko.ɾa.to],[mu.sɯn.sa.go.ɾa.do]
위해서 다,21,[wi.hɛ.sʌ.ta],[wi.hɛ.sʌ.da]
여기 오기 전엔,21,[jʌ.ki.o.ki.tʃʌn.en],[jʌ.gi.o.gi.dʒʌn.en]
이야기하고 싶은,21,[i.ja.ki.ha.ko.sip̚.ɯn],[i.ja.gi.ha.go.sip̚.ɯn]
자동차 경주,21,[tʃa.toŋ.tʃʰa.kjʌŋ.tʃu],[dʒa.doŋ.tʃʰa.gjʌŋ.dʒu]
잠깐 얘기할 수 있을까요,21,[tʃam.k͈an.jɛ.ki.hal.su.it̚.ɯl.k͈a.jo],[dʒam.k͈an.jɛ.gi.hal.su.it̚.ɯl.k͈a.jo]
여기 오셔서,21,[jʌ.ki.o.sjʌ.sʌ],[jʌ.gi.o.sjʌ.sʌ]
시계 좀,21,[si.kje.tʃom],[si.gje.dʒom]
왜들 그래요,21,[wɛ.tɯl.kɯ.ɾɛ.jo],[wɛ.dɯl.gɯ.ɾɛ.jo]
여기서 꺼져요,21,[jʌ.ki.sʌ.k͈ʌ.tʃjʌ.jo],[jʌ.gi.sʌ.k͈ʌ.dʒjʌ.jo]
곳에서 다른,21,[kot̚.e.sʌ.ta.ɾɯn],[got̚.e.sʌ.da.ɾɯn]
모르는 게 나을,21,[mo.ɾɯ.nɯŋ.ke.na.ɯl],[mo.ɾɯ.nɯn.ge.na.ɯl]
왠 일이야,21,[wɛn.il.i.ja],[wɛn.il.i.ja]
말 한마디로,21,[mal.han.ma.ti.ɾo],[mal.han.ma.di.ɾo]
해야 되냐,21,[hɛ.ja.twe.nja],[hɛ.ja.dwe.nja]
여기 올 때마다,21,[jʌ.ki.ol.t͈ɛ.ma.ta],[jʌ.gi.ol.t͈ɛ.ma.da]
미안하구나 내가,21,[mi.an.ha.ku.na.nɛ.ka],[mi.an.ha.gu.na.nɛ.ga]
제인의 몸에,21,[tʃe.in.ɯi.mom.e],[dʒe.in.ɯi.mom.e]
외람된 말씀인데요,21,[we.ɾan.twen.mal.s͈ɯm.in.te.jo],[we.ɾan.twen.mal.s͈ɯm.in.te.jo]
속력을 이용해서 범죄와,21,[sok̚.ɾjʌk̚.ɯl.i.joŋ.hɛ.sʌ.pʌn.tʃwe.wa],[sok̚.ɾjʌk̚.ɯl.i.joŋ.hɛ.sʌ.bʌn.tʃwe.wa]
한 잔 하실래요,21,[han.tʃan.ha.sil.ɾɛ.jo],[han.dʒan.ha.sil.ɾɛ.jo]
분 전엔,21,[pun.tʃʌn.en],[bun.dʒʌn.en]
아니지만 전,21,[a.ni.tʃi.man.tʃʌn],[a.ni.dʒi.man.dʒʌn]
내가 원하지 않는,21,[nɛ.ka.wʌn.ha.tʃi.an.nɯn],[nɛ.ga.wʌn.ha.dʒi.an.nɯn]
집으로 돌아가지,21,[tʃip̚.ɯ.ɾo.tol.a.ka.tʃi],[dʒip̚.ɯ.ɾo.dol.a.ga.dʒi]
파티에 와,21,[pʰa.tʰi.e.wa],[pʰa.tʰi.e.wa]
요구 사항은,21,[jo.ku.sa.haŋ.ɯn],[jo.gu.sa.haŋ.ɯn]
모르는 모양인데,21,[mo.ɾɯ.nɯn.mo.jaŋ.in.te],[mo.ɾɯ.nɯn.mo.jaŋ.in.te]
맙소사 안녕,21,[map̚.so.sa.an.njʌŋ],[map̚.so.sa.an.njʌŋ]
되죠 그냥,21,[twe.tʃjo.kɯ.njaŋ],[dwe.dʒjo.gɯ.njaŋ]
죽이라고 한,21,[tʃuk̚.i.ɾa.ko.han],[dʒuk̚.i.ɾa.go.han]
여기 의사,21,[jʌ.ki.ɯi.sa],[jʌ.gi.ɯi.sa]
생각하고 싶지 않아요,21,[sɛŋ.kak̚.ha.ko.sip̚.tʃi.an.a.jo],[sɛŋ.gak̚.ha.go.sip̚.tʃi.an.a.jo]
건 뭔지 알아,21,[kʌn.mwʌn.tʃi.al.a],[gʌn.mwʌn.tʃi.al.a]
more like,21,,
건 뭡니까,21,[kʌn.mwʌp̚.ni.k͈a],[gʌn.mwʌp̚.ni.k͈a]
제일 소중한,21,[tʃe.il.so.tʃuŋ.han],[dʒe.il.so.dʒuŋ.han]
여기 이상한,21,[jʌ.ki.i.saŋ.han],[jʌ.gi.i.saŋ.han]
다시 한번 감사드립니다,21,[ta.si.ham.pʌŋ.kam.sa.tɯ.ɾip̚.ni.ta],[da.si.ham.pʌn.gam.sa.dɯ.ɾip̚.ni.da]
말은 하면,21,[mal.ɯn.ha.mjʌn],[mal.ɯn.ha.mjʌn]
좋을 줄 알았는데,21,[tʃot̚.ɯl.tʃul.al.at̚.nɯn.te],[dʒot̚.ɯl.dʒul.al.at̚.nɯn.te]
고생한 보람이,21,[ko.sɛŋ.ham.po.ɾam.i],[go.sɛŋ.han.bo.ɾam.i]
거울을 보는,21,[kʌ.ul.ɯl.po.nɯn],[gʌ.ul.ɯl.bo.nɯn]
우리가 내,21,[u.ɾi.ka.nɛ],[u.ɾi.ga.nɛ]
사랑해요 나도 사랑한다,21,[sa.ɾaŋ.hɛ.jo.na.to.sa.ɾaŋ.han.ta],[sa.ɾaŋ.hɛ.jo.na.do.sa.ɾaŋ.han.ta]
좋은 생각만,21,[tʃot̚.ɯn.sɛŋ.kak̚.man],[dʒot̚.ɯn.sɛŋ.gak̚.man]
보자 무슨,21,[po.tʃa.mu.sɯn],[bo.dʒa.mu.sɯn]
것 같아요 저는,21,[kʌt̚.kat̚.a.jo.tʃʌ.nɯn],[gʌt̚.gat̚.a.jo.dʒʌ.nɯn]
고마워요 이봐,21,[ko.ma.wʌ.jo.i.pwa],[go.ma.wʌ.jo.i.bwa]
손대지 말고,21,[son.tɛ.tʃi.mal.ko],[son.tɛ.dʒi.mal.ko]
미안하다 나는,21,[mi.an.ha.ta.na.nɯn],[mi.an.ha.da.na.nɯn]
아닌 거로,21,[a.niŋ.kʌ.ɾo],[a.nin.gʌ.ɾo]
My brother,21,,
여기 있는 이유가,21,[jʌ.ki.it̚.nɯn.i.ju.ka],[jʌ.gi.it̚.nɯn.i.ju.ga]
날 사랑하면,21,[nal.sa.ɾaŋ.ha.mjʌn],[nal.sa.ɾaŋ.ha.mjʌn]
못 살지,21,[mot̚.sal.tʃi],[mot̚.sal.tʃi]
될 거야 어떻게,21,[twel.kʌ.ja.ʌ.t͈ʌt̚.ke],[dwel.gʌ.ja.ʌ.t͈ʌt̚.ke]
좋지 않지만,21,[tʃot̚.tʃi.an.tʃi.man],[dʒot̚.tʃi.an.tʃi.man]
I was going to,21,,
안 하려는,21,[an.ha.ɾjʌ.nɯn],[an.ha.ɾjʌ.nɯn]
찾으러 왔다,21,[tʃʰat̚.ɯ.ɾʌ.wat̚.ta],[tʃʰat̚.ɯ.ɾʌ.wat̚.ta]
그래야 말이,21,[kɯ.ɾɛ.ja.mal.i],[gɯ.ɾɛ.ja.mal.i]
도대체 뭔데,21,[to.tɛ.tʃʰe.mwʌn.te],[do.dɛ.tʃʰe.mwʌn.te]
여기 있어 그래,21,[jʌ.ki.it̚.ʌ.kɯ.ɾɛ],[jʌ.gi.it̚.ʌ.gɯ.ɾɛ]
그렇고 왜,21,[kɯ.ɾʌt̚.ko.wɛ],[gɯ.ɾʌt̚.ko.wɛ]
아침을 못,21,[a.tʃʰim.ɯl.mot̚],[a.tʃʰim.ɯl.mot̚]
우리 가서,21,[u.ɾi.ka.sʌ],[u.ɾi.ga.sʌ]
텐데요 제가,21,[tʰen.te.jo.tʃe.ka],[tʰen.te.jo.dʒe.ga]
거의 끝나가,21,[kʌ.ɯi.k͈ɯt̚.na.ka],[gʌ.ɯi.k͈ɯt̚.na.ga]
회복이 안,21,[hwe.pok̚.i.an],[hwe.bok̚.i.an]
생각하는 데,21,[sɛŋ.kak̚.ha.nɯn.te],[sɛŋ.gak̚.ha.nɯn.de]
누가 데리고,21,[nu.ka.te.ɾi.ko],[nu.ga.de.ɾi.go]
어머니를 살해한 죄로 수감됐어요,21,[ʌ.mʌ.ni.ɾɯl.sal.hɛ.han.tʃwe.ɾo.su.kan.twɛt̚.ʌ.jo],[ʌ.mʌ.ni.ɾɯl.sal.hɛ.han.dʒwe.ɾo.su.gan.twɛt̚.ʌ.jo]
제일 중요한 게,21,[tʃe.il.tʃuŋ.jo.haŋ.ke],[dʒe.il.dʒuŋ.jo.han.ge]
그렇군 하지만,21,[kɯ.ɾʌt̚.kun.ha.tʃi.man],[gɯ.ɾʌt̚.kun.ha.dʒi.man]
여기 있었다는 걸,21,[jʌ.ki.it̚.ʌt̚.ta.nɯŋ.kʌl],[jʌ.gi.it̚.ʌt̚.ta.nɯn.gʌl]
맙소사 엄마,21,[map̚.so.sa.ʌm.ma],[map̚.so.sa.ʌm.ma]
여기 있으니까요,21,[jʌ.ki.it̚.ɯ.ni.k͈a.jo],[jʌ.gi.it̚.ɯ.ni.k͈a.jo]
봐요 왜요,21,[pwa.jo.wɛ.jo],[bwa.jo.wɛ.jo]
도둑이 들었어요,21,[to.tuk̚.i.tɯl.ʌt̚.ʌ.jo],[do.duk̚.i.dɯl.ʌt̚.ʌ.jo]
보니 제,21,[po.ni.tʃe],[bo.ni.dʒe]
말고 거기,21,[mal.ko.kʌ.ki],[mal.ko.gʌ.gi]
여기 있을 테니까,21,[jʌ.ki.it̚.ɯl.tʰe.ni.k͈a],[jʌ.gi.it̚.ɯl.tʰe.ni.k͈a]
속일 생각은,21,[sok̚.il.sɛŋ.kak̚.ɯn],[sok̚.il.sɛŋ.gak̚.ɯn]
자신이 정말,21,[tʃa.sin.i.tʃʌŋ.mal],[dʒa.sin.i.dʒʌŋ.mal]
아니라 내 말은,21,[a.ni.ɾa.nɛ.mal.ɯn],[a.ni.ɾa.nɛ.mal.ɯn]
못 한다며,21,[mot̚.han.ta.mjʌ],[mot̚.han.ta.mjʌ]
가봐도 될까요,21,[ka.pwa.to.twel.k͈a.jo],[ga.bwa.do.dwel.k͈a.jo]
What can I,21,,
내 카드를,21,[nɛ.kʰa.tɯ.ɾɯl],[nɛ.kʰa.dɯ.ɾɯl]
말인지는 알겠는데,21,[mal.in.tʃi.nɯn.al.ket̚.nɯn.te],[mal.in.tʃi.nɯn.al.ket̚.nɯn.te]
거의 다 됐다,21,[kʌ.ɯi.ta.twɛt̚.ta],[gʌ.ɯi.da.dwɛt̚.ta]
손 넣고,21,[son.nʌt̚.ko],[son.nʌt̚.ko]
시도 하지,21,[si.to.ha.tʃi],[si.do.ha.dʒi]
해요 적어도,21,[hɛ.jo.tʃʌk̚.ʌ.to],[hɛ.jo.dʒʌk̚.ʌ.do]
아닌거 같아요,21,[a.niŋ.kʌ.kat̚.a.jo],[a.niŋ.kʌ.gat̚.a.jo]
건 싫다고,21,[kʌn.sil.ta.ko],[gʌn.sil.ta.go]
나쁘진 않죠,21,[na.p͈ɯ.tʃin.an.tʃjo],[na.p͈ɯ.dʒin.an.tʃjo]
우리 민족의,21,[u.ɾi.min.tʃok̚.ɯi],[u.ɾi.min.tʃok̚.ɯi]
있어요 마지막,21,[it̚.ʌ.jo.ma.tʃi.mak̚],[it̚.ʌ.jo.ma.dʒi.mak̚]
나타나지 않는다,21,[na.tʰa.na.tʃi.an.nɯn.ta],[na.tʰa.na.dʒi.an.nɯn.ta]
해 보거라,21,[hɛ.po.kʌ.ɾa],[hɛ.bo.gʌ.ɾa]
모르니까 먼저 성묘 다녀오마,21,[mo.ɾɯ.ni.k͈a.mʌn.tʃʌ.sʌŋ.mjo.ta.njʌ.o.ma],[mo.ɾɯ.ni.k͈a.mʌn.tʃʌ.sʌŋ.mjo.da.njʌ.o.ma]
않을 거야 당신은,21,[an.ɯl.kʌ.ja.taŋ.sin.ɯn],[an.ɯl.gʌ.ja.daŋ.sin.ɯn]
내 진짜 모습을,21,[nɛ.tʃin.tʃ͈a.mo.sɯp̚.ɯl],[nɛ.dʒin.tʃ͈a.mo.sɯp̚.ɯl]
우리 식구,21,[u.ɾi.sik̚.ku],[u.ɾi.sik̚.ku]
손 쓸 수,21,[son.s͈ɯl.su],[son.s͈ɯl.su]
거의 다 왔다고,21,[kʌ.ɯi.ta.wat̚.ta.ko],[gʌ.ɯi.da.wat̚.ta.go]
우리 아버지처럼,21,[u.ɾi.a.pʌ.tʃi.tʃʰʌ.ɾʌm],[u.ɾi.a.bʌ.dʒi.tʃʰʌ.ɾʌm]
도망가지 않아,21,[to.maŋ.ka.tʃi.an.a],[do.maŋ.ga.dʒi.an.a]
않을 거야 알았어,21,[an.ɯl.kʌ.ja.al.at̚.ʌ],[an.ɯl.gʌ.ja.al.at̚.ʌ]
판단하는 게,21,[pʰan.tan.ha.nɯŋ.ke],[pʰan.tan.ha.nɯn.ge]
건 아니야 내,21,[kʌn.a.ni.ja.nɛ],[gʌn.a.ni.ja.nɛ]
미안하다는 말,21,[mi.an.ha.ta.nɯn.mal],[mi.an.ha.da.nɯn.mal]
못 했군,21,[mot̚.hɛt̚.kun],[mot̚.hɛt̚.kun]
보장해 줄,21,[po.tʃaŋ.hɛ.tʃul],[bo.dʒaŋ.hɛ.dʒul]
여기가 우리의,21,[jʌ.ki.ka.u.ɾi.ɯi],[jʌ.gi.ga.u.ɾi.ɯi]
할 거야 다른,21,[hal.kʌ.ja.ta.ɾɯn],[hal.gʌ.ja.da.ɾɯn]
손 치우라고,21,[son.tʃʰi.u.ɾa.ko],[son.tʃʰi.u.ɾa.go]
여기까지 못,21,[jʌ.ki.k͈a.tʃi.mot̚],[jʌ.gi.k͈a.dʒi.mot̚]
손 하나 까딱,21,[son.ha.na.k͈a.t͈ak̚],[son.ha.na.k͈a.t͈ak̚]
방금 만든,21,[paŋ.kɯm.man.tɯn],[baŋ.gɯm.man.tɯn]
두 번을,21,[tu.pʌn.ɯl],[du.bʌn.ɯl]
때문에 돈,21,[t͈ɛ.mun.e.ton],[t͈ɛ.mun.e.don]
여기까지 오다니,21,[jʌ.ki.k͈a.tʃi.o.ta.ni],[jʌ.gi.k͈a.dʒi.o.da.ni]
손가락 몇,21,[soŋ.ka.ɾak̚.mjʌt̚],[soŋ.ka.ɾak̚.mjʌt̚]
내가 장담하지,21,[nɛ.ka.tʃaŋ.tam.ha.tʃi],[nɛ.ga.dʒaŋ.dam.ha.dʒi]
거의 대부분,21,[kʌ.ɯi.tɛ.pu.pun],[gʌ.ɯi.dɛ.bu.bun]
네 친구잖아,21,[ne.tʃʰiŋ.ku.tʃan.a],[ne.tʃʰiŋ.ku.dʒan.a]
나 같은 놈,21,[na.kat̚.ɯn.nom],[na.gat̚.ɯn.nom]
전국의 모든,21,[tʃʌŋ.kuk̚.ɯi.mo.tɯn],[dʒʌŋ.kuk̚.ɯi.mo.dɯn]
뭐 좀 물어봐도 될까,21,[mwʌ.tʃom.mul.ʌ.pwa.to.twel.k͈a],[mwʌ.dʒom.mul.ʌ.bwa.do.dwel.k͈a]
손님 명단을,21,[son.nim.mjʌŋ.tan.ɯl],[son.nim.mjʌŋ.dan.ɯl]
went down,21,,
주는 것처럼,21,[tʃu.nɯŋ.kʌt̚.tʃʰʌ.ɾʌm],[dʒu.nɯn.gʌt̚.tʃʰʌ.ɾʌm]
걸 깨달았거든,21,[kʌl.k͈ɛ.tal.at̚.kʌ.tɯn],[gʌl.k͈ɛ.dal.at̚.kʌ.dɯn]
가진 돈을,21,[ka.tʃin.ton.ɯl],[ga.dʒin.don.ɯl]
했다고 해,21,[hɛt̚.ta.ko.hɛ],[hɛt̚.ta.go.hɛ]
할 일을 해야,21,[hal.il.ɯl.hɛ.ja],[hal.il.ɯl.hɛ.ja]
젠장 네가,21,[tʃen.tʃaŋ.ne.ka],[dʒen.tʃaŋ.ne.ga]
있어요 사람들은,21,[it̚.ʌ.jo.sa.ɾan.tɯl.ɯn],[it̚.ʌ.jo.sa.ɾan.tɯl.ɯn]
그런 식이죠,21,[kɯ.ɾʌn.sik̚.i.tʃjo],[gɯ.ɾʌn.sik̚.i.dʒjo]
나더러 어쩌라고요,21,[na.tʌ.ɾʌ.ʌ.tʃ͈ʌ.ɾa.ko.jo],[na.dʌ.ɾʌ.ʌ.tʃ͈ʌ.ɾa.go.jo]
있어요 서로,21,[it̚.ʌ.jo.sʌ.ɾo],[it̚.ʌ.jo.sʌ.ɾo]
두 아이는,21,[tu.a.i.nɯn],[du.a.i.nɯn]
불가능한 존재가 됐죠 사람들,21,[pul.ka.nɯŋ.han.tʃon.tʃɛ.ka.twɛt̚.tʃjo.sa.ɾan.tɯl],[bul.ka.nɯŋ.han.dʒon.tʃɛ.ga.dwɛt̚.tʃjo.sa.ɾan.tɯl]
애가 얼마나,21,[ɛ.ka.ʌl.ma.na],[ɛ.ga.ʌl.ma.na]
해야 할 필요가,21,[hɛ.ja.hal.pʰil.jo.ka],[hɛ.ja.hal.pʰil.jo.ga]
그래서 어떻게 할 거야,21,[kɯ.ɾɛ.sʌ.ʌ.t͈ʌt̚.ke.hal.kʌ.ja],[gɯ.ɾɛ.sʌ.ʌ.t͈ʌt̚.ke.hal.gʌ.ja]
그 이유에,21,[kɯ.i.ju.e],[gɯ.i.ju.e]
쫓아낼 순,21,[tʃ͈ot̚.a.nɛl.sun],[tʃ͈ot̚.a.nɛl.sun]
않을 거예요 하지만,21,[an.ɯl.kʌ.je.jo.ha.tʃi.man],[an.ɯl.gʌ.je.jo.ha.dʒi.man]
그래 보인다,21,[kɯ.ɾɛ.po.in.ta],[gɯ.ɾɛ.bo.in.ta]
네 팔에,21,[ne.pʰal.e],[ne.pʰal.e]
태워다 줄게요,21,[tʰɛ.wʌ.ta.tʃul.ke.jo],[tʰɛ.wʌ.da.dʒul.ke.jo]
좋은 건 없어,21,[tʃot̚.ɯŋ.kʌn.ʌp̚.ʌ],[dʒot̚.ɯn.gʌn.ʌp̚.ʌ]
우리 아이들의,21,[u.ɾi.a.i.tɯl.ɯi],[u.ɾi.a.i.dɯl.ɯi]
주마 네,21,[tʃu.ma.ne],[dʒu.ma.ne]
명이 같이,21,[mjʌŋ.i.kat̚.i],[mjʌŋ.i.gat̚.i]
커피 맛이,21,[kʰʌ.pʰi.mat̚.i],[kʰʌ.pʰi.mat̚.i]
젠장 잘,21,[tʃen.tʃaŋ.tʃal],[dʒen.tʃaŋ.dʒal]
꽤 많아,21,[k͈wɛ.man.a],[k͈wɛ.man.a]
되지 않는다는,21,[twe.tʃi.an.nɯn.ta.nɯn],[dwe.dʒi.an.nɯn.ta.nɯn]
여기를 왜,21,[jʌ.ki.ɾɯl.wɛ],[jʌ.gi.ɾɯl.wɛ]
네 피,21,[ne.pʰi],[ne.pʰi]
우리가 맡지,21,[u.ɾi.ka.mat̚.tʃi],[u.ɾi.ga.mat̚.tʃi]
불을 붙이면,21,[pul.ɯl.put̚.i.mjʌn],[bul.ɯl.but̚.i.mjʌn]
거의 비슷해,21,[kʌ.ɯi.pi.sɯt̚.hɛ],[gʌ.ɯi.bi.sɯt̚.hɛ]
거의 불가능한,21,[kʌ.ɯi.pul.ka.nɯŋ.han],[gʌ.ɯi.bul.ka.nɯŋ.han]
못 쓰면,21,[mot̚.s͈ɯ.mjʌn],[mot̚.s͈ɯ.mjʌn]
졌습니다 전,21,[tʃjʌt̚.sɯp̚.ni.ta.tʃʌn],[dʒjʌt̚.sɯp̚.ni.da.dʒʌn]
누가 신경이나 쓴대,21,[nu.ka.siŋ.kjʌŋ.i.na.s͈ɯn.tɛ],[nu.ga.siŋ.kjʌŋ.i.na.s͈ɯn.tɛ]
방금 말했다,21,[paŋ.kɯm.mal.hɛt̚.ta],[baŋ.gɯm.mal.hɛt̚.ta]
더 많았다,21,[tʌ.man.at̚.ta],[dʌ.man.at̚.ta]
고용한 거예요,21,[ko.joŋ.haŋ.kʌ.je.jo],[go.joŋ.han.gʌ.je.jo]
메시지를 전해,21,[me.si.tʃi.ɾɯl.tʃʌn.hɛ],[me.si.dʒi.ɾɯl.dʒʌn.hɛ]
두배로 늘렸어,21,[tu.pɛ.ɾo.nɯl.ɾjʌt̚.ʌ],[du.bɛ.ɾo.nɯl.ɾjʌt̚.ʌ]
걱정이 되네요,21,[kʌk̚.tʃʌŋ.i.twe.ne.jo],[gʌk̚.tʃʌŋ.i.dwe.ne.jo]
도시에서 온,21,[to.si.e.sʌ.on],[do.si.e.sʌ.on]
애들 못,21,[ɛ.tɯl.mot̚],[ɛ.dɯl.mot̚]
조 맨태그나,21,[tʃo.mɛn.tʰɛ.kɯ.na],[dʒo.mɛn.tʰɛ.gɯ.na]
위해서 여기,21,[wi.hɛ.sʌ.jʌ.ki],[wi.hɛ.sʌ.jʌ.gi]
여기서 며칠,21,[jʌ.ki.sʌ.mjʌ.tʃʰil],[jʌ.gi.sʌ.mjʌ.tʃʰil]
넌 절대 그럴,21,[nʌn.tʃʌl.tɛ.kɯ.ɾʌl],[nʌn.dʒʌl.tɛ.gɯ.ɾʌl]
얼마나 희생을,21,[ʌl.ma.na.hɯi.sɛŋ.ɯl],[ʌl.ma.na.hɯi.sɛŋ.ɯl]
여기서 뭐 하는 거냐,21,[jʌ.ki.sʌ.mwʌ.ha.nɯŋ.kʌ.nja],[jʌ.gi.sʌ.mwʌ.ha.nɯn.gʌ.nja]
What do you know,21,,
여기서 뭐 하시는 거예요,21,[jʌ.ki.sʌ.mwʌ.ha.si.nɯŋ.kʌ.je.jo],[jʌ.gi.sʌ.mwʌ.ha.si.nɯn.gʌ.je.jo]
이제 빨리,21,[i.tʃe.p͈al.ɾi],[i.dʒe.p͈al.ɾi]
걸 배워야,21,[kʌl.pɛ.wʌ.ja],[gʌl.bɛ.wʌ.ja]
그놈의 차를,21,[kɯ.nom.ɯi.tʃʰa.ɾɯl],[gɯ.nom.ɯi.tʃʰa.ɾɯl]
손을 가지고,21,[son.ɯl.ka.tʃi.ko],[son.ɯl.ga.dʒi.go]
문제 있다고,21,[mun.tʃe.it̚.ta.ko],[mun.tʃe.it̚.ta.go]
도와드릴 수가,21,[to.wa.tɯ.ɾil.su.ka],[do.wa.dɯ.ɾil.su.ga]
테고 그러면,21,[tʰe.ko.kɯ.ɾʌ.mjʌn],[tʰe.go.gɯ.ɾʌ.mjʌn]
이야기하는 게,21,[i.ja.ki.ha.nɯŋ.ke],[i.ja.gi.ha.nɯn.ge]
너무 멍청해,21,[nʌ.mu.mʌŋ.tʃʰʌŋ.hɛ],[nʌ.mu.mʌŋ.tʃʰʌŋ.hɛ]
신뢰하지 않는,21,[sil.lwe.ha.tʃi.an.nɯn],[sil.lwe.ha.dʒi.an.nɯn]
휴대폰 진동,21,[hju.tɛ.pʰon.tʃin.toŋ],[hju.dɛ.pʰon.dʒin.toŋ]
손을 두세요,21,[son.ɯl.tu.se.jo],[son.ɯl.du.se.jo]
조건이 있다,21,[tʃo.kʌn.i.it̚.ta],[dʒo.gʌn.i.it̚.ta]
했어 그래야,21,[hɛt̚.ʌ.kɯ.ɾɛ.ja],[hɛt̚.ʌ.gɯ.ɾɛ.ja]
안 할 거야 내가,21,[an.hal.kʌ.ja.nɛ.ka],[an.hal.gʌ.ja.nɛ.ga]
도와주려고 했는데,21,[to.wa.tʃu.ɾjʌ.ko.hɛt̚.nɯn.te],[do.wa.dʒu.ɾjʌ.go.hɛt̚.nɯn.te]
그들이 발견 한,21,[kɯ.tɯl.i.pal.kjʌn.han],[gɯ.dɯl.i.bal.kjʌn.han]
정말 친절하세요,21,[tʃʌŋ.mal.tʃʰin.tʃʌl.ha.se.jo],[dʒʌŋ.mal.tʃʰin.tʃʌl.ha.se.jo]
it''s over,21,,
절대 그럴 일은,21,[tʃʌl.tɛ.kɯ.ɾʌl.il.ɯn],[dʒʌl.tɛ.gɯ.ɾʌl.il.ɯn]
알았어요 더,21,[al.at̚.ʌ.jo.tʌ],[al.at̚.ʌ.jo.dʌ]
네 침대에,21,[ne.tʃʰin.tɛ.e],[ne.tʃʰin.tɛ.e]
내가 듣기로,21,[nɛ.ka.tɯt̚.ki.ɾo],[nɛ.ga.dɯt̚.ki.ɾo]
그 일이 있고 나서,21,[kɯ.il.i.it̚.ko.na.sʌ],[gɯ.il.i.it̚.ko.na.sʌ]
여기서 조금만,21,[jʌ.ki.sʌ.tʃo.kɯm.man],[jʌ.gi.sʌ.dʒo.gɯm.man]
여기서 죽는,21,[jʌ.ki.sʌ.tʃuk̚.nɯn],[jʌ.gi.sʌ.dʒuk̚.nɯn]
해야 할지는,21,[hɛ.ja.hal.tʃi.nɯn],[hɛ.ja.hal.tʃi.nɯn]
한마디만 해도,21,[han.ma.ti.man.hɛ.to],[han.ma.di.man.hɛ.do]
우리도 어쩔 수,21,[u.ɾi.to.ʌ.tʃ͈ʌl.su],[u.ɾi.do.ʌ.tʃ͈ʌl.su]
나쁜 사람이 아니에요,21,[na.p͈ɯn.sa.ɾam.i.a.ni.e.jo],[na.p͈ɯn.sa.ɾam.i.a.ni.e.jo]
다시 시작하게,21,[ta.si.si.tʃak̚.ha.ke],[da.si.si.dʒak̚.ha.ge]
당신 차는,21,[taŋ.sin.tʃʰa.nɯn],[daŋ.sin.tʃʰa.nɯn]
왜 죽이려고,21,[wɛ.tʃuk̚.i.ɾjʌ.ko],[wɛ.dʒuk̚.i.ɾjʌ.go]
It''s always,21,,
아닐 수 없습니다,21,[a.nil.su.ʌp̚.sɯp̚.ni.ta],[a.nil.su.ʌp̚.sɯp̚.ni.da]
과정에서 우리 세상이,21,[kwa.tʃʌŋ.e.sʌ.u.ɾi.se.saŋ.i],[gwa.dʒʌŋ.e.sʌ.u.ɾi.se.saŋ.i]
그렇군요 그리고,21,[kɯ.ɾʌt̚.kun.jo.kɯ.ɾi.ko],[gɯ.ɾʌt̚.kun.jo.gɯ.ɾi.go]
말하지만 이건,21,[mal.ha.tʃi.man.i.kʌn],[mal.ha.dʒi.man.i.gʌn]
당신이 도와주면,21,[taŋ.sin.i.to.wa.tʃu.mjʌn],[daŋ.sin.i.do.wa.dʒu.mjʌn]
생각하시는 거예요,21,[sɛŋ.kak̚.ha.si.nɯŋ.kʌ.je.jo],[sɛŋ.gak̚.ha.si.nɯn.gʌ.je.jo]
내가 뭐 하는 거지,21,[nɛ.ka.mwʌ.ha.nɯŋ.kʌ.tʃi],[nɛ.ga.mwʌ.ha.nɯn.gʌ.dʒi]
못 들어주겠네,21,[mot̚.tɯl.ʌ.tʃu.ket̚.ne],[mot̚.dɯl.ʌ.dʒu.get̚.ne]
여기서 해요,21,[jʌ.ki.sʌ.hɛ.jo],[jʌ.gi.sʌ.hɛ.jo]
이거 맛있다,21,[i.kʌ.mat̚.it̚.ta],[i.gʌ.mat̚.it̚.ta]
불길한 음악이 흐른다,21,[pul.kil.han.ɯm.ak̚.i.hɯ.ɾɯn.ta],[bul.kil.han.ɯm.ak̚.i.hɯ.ɾɯn.ta]
넌 정말 멋져,21,[nʌn.tʃʌŋ.mal.mʌt̚.tʃjʌ],[nʌn.dʒʌŋ.mal.mʌt̚.tʃjʌ]
여기서 떠날,21,[jʌ.ki.sʌ.t͈ʌ.nal],[jʌ.gi.sʌ.t͈ʌ.nal]
그 문이,21,[kɯ.mun.i],[gɯ.mun.i]
어떻게 생각하시는지,21,[ʌ.t͈ʌt̚.ke.sɛŋ.kak̚.ha.si.nɯn.tʃi],[ʌ.t͈ʌt̚.ke.sɛŋ.gak̚.ha.si.nɯn.tʃi]
최선을 다한다,21,[tʃʰwe.sʌn.ɯl.ta.han.ta],[tʃʰwe.sʌn.ɯl.da.han.ta]
때문에 어떻게,21,[t͈ɛ.mun.e.ʌ.t͈ʌt̚.ke],[t͈ɛ.mun.e.ʌ.t͈ʌt̚.ke]
왜 진짜,21,[wɛ.tʃin.tʃ͈a],[wɛ.dʒin.tʃ͈a]
애들이 왜,21,[ɛ.tɯl.i.wɛ],[ɛ.dɯl.i.wɛ]
우리에게 정말,21,[u.ɾi.e.ke.tʃʌŋ.mal],[u.ɾi.e.ge.dʒʌŋ.mal]
우리 얼굴에,21,[u.ɾi.ʌl.kul.e],[u.ɾi.ʌl.kul.e]
애들이나 하는,21,[ɛ.tɯl.i.na.ha.nɯn],[ɛ.dɯl.i.na.ha.nɯn]
여기서 만나,21,[jʌ.ki.sʌ.man.na],[jʌ.gi.sʌ.man.na]
조금만 더 참아,21,[tʃo.kɯm.man.tʌ.tʃʰam.a],[dʒo.gɯm.man.dʌ.tʃʰam.a]
있어요 저희가,21,[it̚.ʌ.jo.tʃʌ.hɯi.ka],[it̚.ʌ.jo.dʒʌ.hɯi.ga]
여기에 서명해,21,[jʌ.ki.e.sʌ.mjʌŋ.hɛ],[jʌ.gi.e.sʌ.mjʌŋ.hɛ]
일인지 말해줘,21,[il.in.tʃi.mal.hɛ.tʃwʌ],[il.in.tʃi.mal.hɛ.dʒwʌ]
당신이 마지막,21,[taŋ.sin.i.ma.tʃi.mak̚],[daŋ.sin.i.ma.dʒi.mak̚]
그러나 실제로,21,[kɯ.ɾʌ.na.sil.tʃe.ɾo],[gɯ.ɾʌ.na.sil.tʃe.ɾo]
솔직히 말하고,21,[sol.tʃik̚.hi.mal.ha.ko],[sol.tʃik̚.hi.mal.ha.go]
주세요 아뇨,21,[tʃu.se.jo.a.njo],[dʒu.se.jo.a.njo]
테니 한,21,[tʰe.ni.han],[tʰe.ni.han]
단서를 찾을 수 있습니다,21,[tan.sʌ.ɾɯl.tʃʰat̚.ɯl.su.it̚.sɯp̚.ni.ta],[dan.sʌ.ɾɯl.tʃʰat̚.ɯl.su.it̚.sɯp̚.ni.da]
네가 그러고도,21,[ne.ka.kɯ.ɾʌ.ko.to],[ne.ga.gɯ.ɾʌ.go.do]
같은 거였어,21,[kat̚.ɯŋ.kʌ.jʌt̚.ʌ],[gat̚.ɯn.gʌ.jʌt̚.ʌ]
단지 그것이,21,[tan.tʃi.kɯ.kʌt̚.i],[dan.tʃi.gɯ.gʌt̚.i]
먼저 얘기를,21,[mʌn.tʃʌ.jɛ.ki.ɾɯl],[mʌn.tʃʌ.jɛ.gi.ɾɯl]
같을 때,21,[kat̚.ɯl.t͈ɛ],[gat̚.ɯl.t͈ɛ]
그 자식 어디,21,[kɯ.tʃa.sik̚.ʌ.ti],[gɯ.dʒa.sik̚.ʌ.di]
있어요 죄송하지만,21,[it̚.ʌ.jo.tʃwe.soŋ.ha.tʃi.man],[it̚.ʌ.jo.dʒwe.soŋ.ha.dʒi.man]
바로 하겠습니다,21,[pa.ɾo.ha.ket̚.sɯp̚.ni.ta],[ba.ɾo.ha.get̚.sɯp̚.ni.da]
텅 비었어요,21,[tʰʌm.pi.ʌt̚.ʌ.jo],[tʰʌŋ.bi.ʌt̚.ʌ.jo]
들이닥치기 전에,21,[tɯl.i.tak̚.tʃʰi.ki.tʃʌn.e],[dɯl.i.dak̚.tʃʰi.gi.dʒʌn.e]
그 일부가,21,[kɯ.il.pu.ka],[gɯ.il.pu.ga]
부족함 없이,21,[pu.tʃok̚.ham.ʌp̚.i],[bu.dʒok̚.ham.ʌp̚.i]
그런 종류,21,[kɯ.ɾʌn.tʃoŋ.ɾju],[gɯ.ɾʌn.dʒoŋ.ɾju]
여기서 멈출,21,[jʌ.ki.sʌ.mʌn.tʃʰul],[jʌ.gi.sʌ.mʌn.tʃʰul]
찾을 수는,21,[tʃʰat̚.ɯl.su.nɯn],[tʃʰat̚.ɯl.su.nɯn]
우린 모르는,21,[u.ɾin.mo.ɾɯ.nɯn],[u.ɾin.mo.ɾɯ.nɯn]
있어요 지금까지,21,[it̚.ʌ.jo.tʃi.kɯm.k͈a.tʃi],[it̚.ʌ.jo.dʒi.gɯm.k͈a.dʒi]
여긴 내 구역이야,21,[jʌ.kin.nɛ.ku.jʌk̚.i.ja],[jʌ.gin.nɛ.gu.jʌk̚.i.ja]
문제가 된다면,21,[mun.tʃe.ka.twen.ta.mjʌn],[mun.tʃe.ga.dwen.ta.mjʌn]
먼저 성묘,21,[mʌn.tʃʌ.sʌŋ.mjo],[mʌn.tʃʌ.sʌŋ.mjo]
I''m being,21,,
여긴 다른,21,[jʌ.kin.ta.ɾɯn],[jʌ.gin.da.ɾɯn]
장담할 수 없어,21,[tʃaŋ.tam.hal.su.ʌp̚.ʌ],[dʒaŋ.dam.hal.su.ʌp̚.ʌ]
모를 일이야,21,[mo.ɾɯl.il.i.ja],[mo.ɾɯl.il.i.ja]
조르지오 투,21,[tʃo.ɾɯ.tʃi.o.tʰu],[dʒo.ɾɯ.dʒi.o.tʰu]
그 자와,21,[kɯ.tʃa.wa],[gɯ.dʒa.wa]
말하면 나도,21,[mal.ha.mjʌn.na.to],[mal.ha.mjʌn.na.do]
해줘 이,21,[hɛ.tʃwʌ.i],[hɛ.dʒwʌ.i]
도와 줄래요,21,[to.wa.tʃul.ɾɛ.jo],[do.wa.dʒul.ɾɛ.jo]
분 전쯤에,21,[pun.tʃʌn.tʃ͈ɯm.e],[bun.dʒʌn.tʃ͈ɯm.e]
보면 어떻게 생각하겠어,21,[po.mjʌn.ʌ.t͈ʌt̚.ke.sɛŋ.kak̚.ha.ket̚.ʌ],[bo.mjʌn.ʌ.t͈ʌt̚.ke.sɛŋ.gak̚.ha.get̚.ʌ]
애쓰는 것,21,[ɛ.s͈ɯ.nɯŋ.kʌt̚],[ɛ.s͈ɯ.nɯn.gʌt̚]
하고 싶었습니다,21,[ha.ko.sip̚.ʌt̚.sɯp̚.ni.ta],[ha.go.sip̚.ʌt̚.sɯp̚.ni.da]
도울 거라고,21,[to.ul.kʌ.ɾa.ko],[do.ul.gʌ.ɾa.go]
이제 내가 할,21,[i.tʃe.nɛ.ka.hal],[i.dʒe.nɛ.ga.hal]
드릴 말씀이 있는데요,21,[tɯ.ɾil.mal.s͈ɯm.i.it̚.nɯn.te.jo],[dɯ.ɾil.mal.s͈ɯm.i.it̚.nɯn.te.jo]
드릴 말씀이 있어서,21,[tɯ.ɾil.mal.s͈ɯm.i.it̚.ʌ.sʌ],[dɯ.ɾil.mal.s͈ɯm.i.it̚.ʌ.sʌ]
먼저 올라가,21,[mʌn.tʃʌ.ol.ɾa.ka],[mʌn.tʃʌ.ol.ɾa.ga]
없었어 그는,21,[ʌp̚.ʌt̚.ʌ.kɯ.nɯn],[ʌp̚.ʌt̚.ʌ.gɯ.nɯn]
건 죄가,21,[kʌn.tʃwe.ka],[gʌn.dʒwe.ga]
I''m telling you,21,,
말고도 더,21,[mal.ko.to.tʌ],[mal.ko.do.dʌ]
가만히 두고,21,[ka.man.hi.tu.ko],[ga.man.hi.du.go]
생각하지 않으려고,21,[sɛŋ.kak̚.ha.tʃi.an.ɯ.ɾjʌ.ko],[sɛŋ.gak̚.ha.dʒi.an.ɯ.ɾjʌ.go]
신세를 졌어,21,[sin.se.ɾɯl.tʃjʌt̚.ʌ],[sin.se.ɾɯl.dʒjʌt̚.ʌ]
우릴 공격할,21,[u.ɾil.koŋ.kjʌk̚.hal],[u.ɾil.goŋ.gjʌk̚.hal]
받은 명령은,21,[pat̚.ɯn.mjʌŋ.ɾjʌŋ.ɯn],[bat̚.ɯn.mjʌŋ.ɾjʌŋ.ɯn]
love open the door,21,,
한 절대,21,[han.tʃʌl.tɛ],[han.dʒʌl.tɛ]
버텨 봐,21,[pʌ.tʰjʌ.pwa],[bʌ.tʰjʌ.bwa]
봐 해,21,[pwa.hɛ],[bwa.hɛ]
버텨야 해요,21,[pʌ.tʰjʌ.ja.hɛ.jo],[bʌ.tʰjʌ.ja.hɛ.jo]
여길 나가면,21,[jʌ.kil.la.ka.mjʌn],[jʌ.gil.la.ga.mjʌn]
not want,21,,
도울 수 있을지도 몰라,21,[to.ul.su.it̚.ɯl.tʃi.to.mol.ɾa],[do.ul.su.it̚.ɯl.tʃi.do.mol.ɾa]
도울 수는,21,[to.ul.su.nɯn],[do.ul.su.nɯn]
여길 떠날 수,21,[jʌ.kil.t͈ʌ.nal.su],[jʌ.gil.t͈ʌ.nal.su]
이럴까 봐,21,[i.ɾʌl.k͈a.pwa],[i.ɾʌl.k͈a.bwa]
있다 에,21,[it̚.ta.e],[it̚.ta.e]
여길 빠져나가,21,[jʌ.kil.p͈a.tʃjʌ.na.ka],[jʌ.gil.p͈a.dʒjʌ.na.ga]
좋은 아침 안녕하세요,21,[tʃot̚.ɯn.a.tʃʰim.an.njʌŋ.ha.se.jo],[dʒot̚.ɯn.a.tʃʰim.an.njʌŋ.ha.se.jo]
여길 빠져나가야,21,[jʌ.kil.p͈a.tʃjʌ.na.ka.ja],[jʌ.gil.p͈a.dʒjʌ.na.ga.ja]
여길 왜 와,21,[jʌ.kil.wɛ.wa],[jʌ.gil.wɛ.wa]
우리가 할게요,21,[u.ɾi.ka.hal.ke.jo],[u.ɾi.ga.hal.ke.jo]
네가 내 맘에,21,[ne.ka.nɛ.mam.e],[ne.ga.nɛ.mam.e]
하고 우린,21,[ha.ko.u.ɾin],[ha.go.u.ɾin]
말과 행동을,21,[mal.kwa.hɛŋ.toŋ.ɯl],[mal.kwa.hɛŋ.doŋ.ɯl]
me through,21,,
된 거 같은데,21,[tweŋ.kʌ.kat̚.ɯn.te],[dwen.gʌ.gat̚.ɯn.te]
그래 그녀가,21,[kɯ.ɾɛ.kɯ.njʌ.ka],[gɯ.ɾɛ.gɯ.njʌ.ga]
수 없는 한,21,[su.ʌp̚.nɯn.han],[su.ʌp̚.nɯn.han]
되겠지 그럼,21,[twe.ket̚.tʃi.kɯ.ɾʌm],[dwe.get̚.tʃi.gɯ.ɾʌm]
힘을 모아서,21,[him.ɯl.mo.a.sʌ],[him.ɯl.mo.a.sʌ]
여러분 맨,21,[jʌ.ɾʌ.pun.mɛn],[jʌ.ɾʌ.bun.mɛn]
못 온,21,[mot̚.on],[mot̚.on]
조사해 봤더니,21,[tʃo.sa.hɛ.pwat̚.tʌ.ni],[dʒo.sa.hɛ.bwat̚.tʌ.ni]
퍼지는 걸,21,[pʰʌ.tʃi.nɯŋ.kʌl],[pʰʌ.dʒi.nɯn.gʌl]
여러분 여러분,21,[jʌ.ɾʌ.pun.jʌ.ɾʌ.pun],[jʌ.ɾʌ.bun.jʌ.ɾʌ.bun]
번 가와,21,[pʌŋ.ka.wa],[bʌn.ga.wa]
잘 들어 이건,21,[tʃal.tɯl.ʌ.i.kʌn],[dʒal.dɯl.ʌ.i.gʌn]
총 꺼내,21,[tʃʰoŋ.k͈ʌ.nɛ],[tʃʰoŋ.k͈ʌ.nɛ]
당신이 부탁한,21,[taŋ.sin.i.pu.tʰak̚.han],[daŋ.sin.i.bu.tʰak̚.han]
저 창문,21,[tʃʌ.tʃʰaŋ.mun],[dʒʌ.tʃʰaŋ.mun]
여러분 최고,21,[jʌ.ɾʌ.pun.tʃʰwe.ko],[jʌ.ɾʌ.bun.tʃʰwe.go]
맞습니다 그럼,21,[mat̚.sɯp̚.ni.ta.kɯ.ɾʌm],[mat̚.sɯp̚.ni.da.gɯ.ɾʌm]
어쩌려는 거지,21,[ʌ.tʃ͈ʌ.ɾjʌ.nɯŋ.kʌ.tʃi],[ʌ.tʃ͈ʌ.ɾjʌ.nɯn.gʌ.dʒi]
여러분 한,21,[jʌ.ɾʌ.pun.han],[jʌ.ɾʌ.bun.han]
남편을 잃은,21,[nam.pʰjʌn.ɯl.il.ɯn],[nam.pʰjʌn.ɯl.il.ɯn]
해 무슨 소리야,21,[hɛ.mu.sɯn.so.ɾi.ja],[hɛ.mu.sɯn.so.ɾi.ja]
고쳐 줄,21,[ko.tʃʰjʌ.tʃul],[go.tʃʰjʌ.dʒul]
죽을 수가,21,[tʃuk̚.ɯl.su.ka],[dʒuk̚.ɯl.su.ga]
여기서 뭣들,21,[jʌ.ki.sʌ.mwʌt̚.tɯl],[jʌ.gi.sʌ.mwʌt̚.tɯl]
도와드릴 일,21,[to.wa.tɯ.ɾil.il],[do.wa.dɯ.ɾil.il]
그리고 다음은,21,[kɯ.ɾi.ko.ta.ɯm.ɯn],[gɯ.ɾi.go.da.ɯm.ɯn]
도움을 청하면,21,[to.um.ɯl.tʃʰʌŋ.ha.mjʌn],[do.um.ɯl.tʃʰʌŋ.ha.mjʌn]
있습니다 안녕하세요,21,[it̚.sɯp̚.ni.ta.an.njʌŋ.ha.se.jo],[it̚.sɯp̚.ni.da.an.njʌŋ.ha.se.jo]
조심하셔야 합니다,21,[tʃo.sim.ha.sjʌ.ja.hap̚.ni.ta],[dʒo.sim.ha.sjʌ.ja.hap̚.ni.da]
알 것 같군,21,[al.kʌt̚.kat̚.kun],[al.gʌt̚.gat̚.kun]
난 가기 싫어,21,[naŋ.ka.ki.sil.ʌ],[nan.ga.gi.sil.ʌ]
본인이 무슨일을,21,[pon.in.i.mu.sɯn.il.ɯl],[bon.in.i.mu.sɯn.il.ɯl]
아주 좋다고,21,[a.tʃu.tʃot̚.ta.ko],[a.dʒu.dʒot̚.ta.go]
조건 없는,21,[tʃo.kʌn.ʌp̚.nɯn],[dʒo.gʌn.ʌp̚.nɯn]
고마워할 거예요,21,[ko.ma.wʌ.hal.kʌ.je.jo],[go.ma.wʌ.hal.gʌ.je.jo]
난 가볼게요,21,[naŋ.ka.pol.ke.jo],[nan.ga.bol.ke.jo]
누가 줬어,21,[nu.ka.tʃwʌt̚.ʌ],[nu.ga.dʒwʌt̚.ʌ]
멈추게 하기 위해,21,[mʌn.tʃʰu.ke.ha.ki.wi.hɛ],[mʌn.tʃʰu.ge.ha.gi.wi.hɛ]
불을 끌,21,[pul.ɯl.k͈ɯl],[bul.ɯl.k͈ɯl]
힘을 보여,21,[him.ɯl.po.jʌ],[him.ɯl.bo.jʌ]
하버드 대학교,21,[ha.pʌ.tɯ.tɛ.hak̚.kjo],[ha.bʌ.dɯ.dɛ.hak̚.kjo]
수 없어 너도,21,[su.ʌp̚.ʌ.nʌ.to],[su.ʌp̚.ʌ.nʌ.do]
도움이 되나,21,[to.um.i.twe.na],[do.um.i.dwe.na]
도와야 한다고,21,[to.wa.ja.han.ta.ko],[do.wa.ja.han.ta.go]
거의 없었어요,21,[kʌ.ɯi.ʌp̚.ʌt̚.ʌ.jo],[gʌ.ɯi.ʌp̚.ʌt̚.ʌ.jo]
날 데리러 올,21,[nal.te.ɾi.ɾʌ.ol],[nal.de.ɾi.ɾʌ.ol]
들어 봤죠,21,[tɯl.ʌ.pwat̚.tʃjo],[dɯl.ʌ.bwat̚.tʃjo]
당신이 새로운,21,[taŋ.sin.i.sɛ.ɾo.un],[daŋ.sin.i.sɛ.ɾo.un]
자를 찾아냈지만 그,21,[tʃa.ɾɯl.tʃʰat̚.a.nɛt̚.tʃi.maŋ.kɯ],[dʒa.ɾɯl.tʃʰat̚.a.nɛt̚.tʃi.man.gɯ]
들어 왔어,21,[tɯl.ʌ.wat̚.ʌ],[dɯl.ʌ.wat̚.ʌ]
들어 있었어,21,[tɯl.ʌ.it̚.ʌt̚.ʌ],[dɯl.ʌ.it̚.ʌt̚.ʌ]
감당 못해,21,[kan.taŋ.mot̚.hɛ],[gan.taŋ.mot̚.hɛ]
모습을 보고 싶어,21,[mo.sɯp̚.ɯl.po.ko.sip̚.ʌ],[mo.sɯp̚.ɯl.bo.go.sip̚.ʌ]
당신 회사의,21,[taŋ.sin.hwe.sa.ɯi],[daŋ.sin.hwe.sa.ɯi]
모두를 안전하게,21,[mo.tu.ɾɯl.an.tʃʌn.ha.ke],[mo.du.ɾɯl.an.tʃʌn.ha.ge]
모습을 보니까,21,[mo.sɯp̚.ɯl.po.ni.k͈a],[mo.sɯp̚.ɯl.bo.ni.k͈a]
집에 살,21,[tʃip̚.e.sal],[dʒip̚.e.sal]
것 같은데 그건,21,[kʌt̚.kat̚.ɯn.te.kɯ.kʌn],[gʌt̚.gat̚.ɯn.te.gɯ.gʌn]
들어가 왜,21,[tɯl.ʌ.ka.wɛ],[dɯl.ʌ.ga.wɛ]
화장실 다녀올게,21,[hwa.tʃaŋ.sil.ta.njʌ.ol.ke],[hwa.dʒaŋ.sil.da.njʌ.ol.ke]
그리고 뭐라고,21,[kɯ.ɾi.ko.mwʌ.ɾa.ko],[gɯ.ɾi.go.mwʌ.ɾa.go]
문제가 생기는 법이지,21,[mun.tʃe.ka.sɛŋ.ki.nɯm.pʌp̚.i.tʃi],[mun.tʃe.ga.sɛŋ.gi.nɯn.bʌp̚.i.dʒi]
있어요 완전,21,[it̚.ʌ.jo.wan.tʃʌn],[it̚.ʌ.jo.wan.tʃʌn]
내 성기를,21,[nɛ.sʌŋ.ki.ɾɯl],[nɛ.sʌŋ.gi.ɾɯl]
여왕을 위해,21,[jʌ.waŋ.ɯl.wi.hɛ],[jʌ.waŋ.ɯl.wi.hɛ]
아니라 미국,21,[a.ni.ɾa.mi.kuk̚],[a.ni.ɾa.mi.guk̚]
원하는게 뭐지,21,[wʌn.ha.nɯŋ.ke.mwʌ.tʃi],[wʌn.ha.nɯŋ.ke.mwʌ.dʒi]
자막공장 디렉터,21,[tʃa.mak̚.koŋ.tʃaŋ.ti.ɾek̚.tʰʌ],[dʒa.mak̚.koŋ.dʒaŋ.di.ɾek̚.tʰʌ]
죽이지 않았지,21,[tʃuk̚.i.tʃi.an.at̚.tʃi],[dʒuk̚.i.dʒi.an.at̚.tʃi]
화장실 청소,21,[hwa.tʃaŋ.sil.tʃʰʌŋ.so],[hwa.dʒaŋ.sil.tʃʰʌŋ.so]
난 잠시 쉬고,21,[nan.tʃam.si.swi.ko],[nan.dʒam.si.swi.go]
좋을 것 같네,21,[tʃot̚.ɯl.kʌt̚.kat̚.ne],[dʒot̚.ɯl.gʌt̚.gat̚.ne]
좋은 음악을,21,[tʃot̚.ɯn.ɯm.ak̚.ɯl],[dʒot̚.ɯn.ɯm.ak̚.ɯl]
하기로 결심했다,21,[ha.ki.ɾo.kjʌl.sim.hɛt̚.ta],[ha.gi.ɾo.gjʌl.sim.hɛt̚.ta]
could not,21,,
내가 당신들,21,[nɛ.ka.taŋ.sin.tɯl],[nɛ.ga.daŋ.sin.tɯl]
this up,21,,
먼저 죽으면,21,[mʌn.tʃʌ.tʃuk̚.ɯ.mjʌn],[mʌn.tʃʌ.dʒuk̚.ɯ.mjʌn]
항공 모함,21,[haŋ.koŋ.mo.ham],[haŋ.goŋ.mo.ham]
아들 네가,21,[a.tɯl.le.ka],[a.dɯl.le.ga]
확신이 없는,21,[hwak̚.sin.i.ʌp̚.nɯn],[hwak̚.sin.i.ʌp̚.nɯn]
있었는지 모르겠어요,21,[it̚.ʌt̚.nɯn.tʃi.mo.ɾɯ.ket̚.ʌ.jo],[it̚.ʌt̚.nɯn.tʃi.mo.ɾɯ.get̚.ʌ.jo]
아닌지 알 수,21,[a.nin.tʃi.al.su],[a.nin.tʃi.al.su]
테니까 걱정 마,21,[tʰe.ni.k͈a.kʌk̚.tʃʌŋ.ma],[tʰe.ni.k͈a.gʌk̚.tʃʌŋ.ma]
너무 마음,21,[nʌ.mu.ma.ɯm],[nʌ.mu.ma.ɯm]
여자 만나는,21,[jʌ.tʃa.man.na.nɯn],[jʌ.dʒa.man.na.nɯn]
먼저 죽이고,21,[mʌn.tʃʌ.tʃuk̚.i.ko],[mʌn.tʃʌ.dʒuk̚.i.go]
여자 문제,21,[jʌ.tʃa.mun.tʃe],[jʌ.dʒa.mun.tʃe]
여자 둘을,21,[jʌ.tʃa.tul.ɯl],[jʌ.dʒa.dul.ɯl]
매우 인상깊었다,21,[mɛ.u.in.saŋ.kip̚.ʌt̚.ta],[mɛ.u.in.saŋ.gip̚.ʌt̚.ta]
내가 떠나고,21,[nɛ.ka.t͈ʌ.na.ko],[nɛ.ga.t͈ʌ.na.go]
있었는지 얘기해,21,[it̚.ʌt̚.nɯn.tʃi.jɛ.ki.hɛ],[it̚.ʌt̚.nɯn.tʃi.jɛ.gi.hɛ]
찾지 못하고,21,[tʃʰat̚.tʃi.mot̚.ha.ko],[tʃʰat̚.tʃi.mot̚.ha.go]
뭐 뭐야,21,[mwʌ.mwʌ.ja],[mwʌ.mwʌ.ja]
아기 말이야,21,[a.ki.mal.i.ja],[a.gi.mal.i.ja]
히어로 사냥꾼,21,[hi.ʌ.ɾo.sa.njaŋ.k͈un],[hi.ʌ.ɾo.sa.njaŋ.k͈un]
내가 바꿀 수,21,[nɛ.ka.pa.k͈ul.su],[nɛ.ga.ba.k͈ul.su]
그런데 누군가,21,[kɯ.ɾʌn.te.nu.kuŋ.ka],[gɯ.ɾʌn.te.nu.guŋ.ka]
이건 그가,21,[i.kʌŋ.kɯ.ka],[i.gʌn.gɯ.ga]
수 없을걸요,21,[su.ʌp̚.ɯl.kʌl.jo],[su.ʌp̚.ɯl.kʌl.jo]
네가 망친,21,[ne.ka.maŋ.tʃʰin],[ne.ga.maŋ.tʃʰin]
위로 올라가는,21,[wi.ɾo.ol.ɾa.ka.nɯn],[wi.ɾo.ol.ɾa.ga.nɯn]
당신과 나를,21,[taŋ.siŋ.kwa.na.ɾɯl],[daŋ.siŋ.kwa.na.ɾɯl]
아들 어딨어,21,[a.tɯl.ʌ.tit̚.ʌ],[a.dɯl.ʌ.dit̚.ʌ]
준 적 없어,21,[tʃun.tʃʌk̚.ʌp̚.ʌ],[dʒun.dʒʌk̚.ʌp̚.ʌ]
그저 당신을,21,[kɯ.tʃʌ.taŋ.sin.ɯl],[gɯ.dʒʌ.daŋ.sin.ɯl]
높이 뛰어,21,[nop̚.i.t͈wi.ʌ],[nop̚.i.t͈wi.ʌ]
저 녀석 좀,21,[tʃʌ.njʌ.sʌk̚.tʃom],[dʒʌ.njʌ.sʌk̚.dʒom]
전화할 것이다,21,[tʃʌn.hwa.hal.kʌt̚.i.ta],[dʒʌn.hwa.hal.gʌt̚.i.da]
이건 꿈의,21,[i.kʌŋ.k͈um.ɯi],[i.gʌŋ.k͈um.ɯi]
수 위야,21,[su.wi.ja],[su.wi.ja]
나 이것 좀,21,[na.i.kʌt̚.tʃom],[na.i.gʌt̚.dʒom]
증상 중,21,[tʃɯŋ.saŋ.tʃuŋ],[dʒɯŋ.saŋ.dʒuŋ]
난 괜찮아 그래,21,[naŋ.kwɛn.tʃʰan.a.kɯ.ɾɛ],[nan.gwɛn.tʃʰan.a.gɯ.ɾɛ]
아들 얘기를,21,[a.tɯl.jɛ.ki.ɾɯl],[a.dɯl.jɛ.gi.ɾɯl]
위한 가장,21,[wi.haŋ.ka.tʃaŋ],[wi.han.ga.dʒaŋ]
지구 외연궤도,21,[tʃi.ku.we.jʌŋ.kwe.to],[dʒi.gu.we.jʌŋ.kwe.do]
여자가 있다고,21,[jʌ.tʃa.ka.it̚.ta.ko],[jʌ.dʒa.ga.it̚.ta.go]
그런 일은 없었어,21,[kɯ.ɾʌn.il.ɯn.ʌp̚.ʌt̚.ʌ],[gɯ.ɾʌn.il.ɯn.ʌp̚.ʌt̚.ʌ]
도착 예정 시간은,21,[to.tʃʰak̚.je.tʃʌŋ.si.kan.ɯn],[do.tʃʰak̚.je.dʒʌŋ.si.gan.ɯn]
있었다 오늘,21,[it̚.ʌt̚.ta.o.nɯl],[it̚.ʌt̚.ta.o.nɯl]
여자는 그,21,[jʌ.tʃa.nɯŋ.kɯ],[jʌ.dʒa.nɯn.gɯ]
난 여기 없을,21,[nan.jʌ.ki.ʌp̚.ɯl],[nan.jʌ.gi.ʌp̚.ɯl]
지구 외연궤도 통제,21,[tʃi.ku.we.jʌŋ.kwe.to.tʰoŋ.tʃe],[dʒi.gu.we.jʌŋ.kwe.do.tʰoŋ.dʒe]
할 마지막,21,[hal.ma.tʃi.mak̚],[hal.ma.dʒi.mak̚]
층 전체를,21,[tʃʰɯŋ.tʃʌn.tʃʰe.ɾɯl],[tʃʰɯŋ.dʒʌn.tʃʰe.ɾɯl]
그런데 아무것도,21,[kɯ.ɾʌn.te.a.mu.kʌt̚.to],[gɯ.ɾʌn.te.a.mu.gʌt̚.to]
한도 끝도,21,[han.to.k͈ɯt̚.to],[han.to.k͈ɯt̚.to]
없었어 당신은,21,[ʌp̚.ʌt̚.ʌ.taŋ.sin.ɯn],[ʌp̚.ʌt̚.ʌ.daŋ.sin.ɯn]
준비하는 거야,21,[tʃum.pi.ha.nɯŋ.kʌ.ja],[dʒum.pi.ha.nɯn.gʌ.ja]
못 이기면,21,[mot̚.i.ki.mjʌn],[mot̚.i.gi.mjʌn]
나쁜 사람도,21,[na.p͈ɯn.sa.ɾan.to],[na.p͈ɯn.sa.ɾan.to]
그 정신 나간,21,[kɯ.tʃʌŋ.sin.na.kan],[gɯ.dʒʌŋ.sin.na.gan]
하나 있긴 한데,21,[ha.na.it̚.kin.han.te],[ha.na.it̚.kin.han.te]
사이에 일어난,21,[sa.i.e.il.ʌ.nan],[sa.i.e.il.ʌ.nan]
조종하고 있어요,21,[tʃo.tʃoŋ.ha.ko.it̚.ʌ.jo],[dʒo.dʒoŋ.ha.go.it̚.ʌ.jo]
내 변호사에게,21,[nɛ.pjʌn.ho.sa.e.ke],[nɛ.bjʌn.ho.sa.e.ge]
온 적 있어,21,[on.tʃʌk̚.it̚.ʌ],[on.dʒʌk̚.it̚.ʌ]
방법 뿐이야,21,[pam.pʌp̚.p͈un.i.ja],[baŋ.bʌp̚.p͈un.i.ja]
말해 당신이,21,[mal.hɛ.taŋ.sin.i],[mal.hɛ.daŋ.sin.i]
힘을 주는,21,[him.ɯl.tʃu.nɯn],[him.ɯl.dʒu.nɯn]
당신을 잡을,21,[taŋ.sin.ɯl.tʃap̚.ɯl],[daŋ.sin.ɯl.dʒap̚.ɯl]
여기서 일하기,21,[jʌ.ki.sʌ.il.ha.ki],[jʌ.gi.sʌ.il.ha.gi]
Mr Holmes,21,,
수 있기 때문이야,21,[su.it̚.ki.t͈ɛ.mun.i.ja],[su.it̚.ki.t͈ɛ.mun.i.ja]
far too,21,,
도킹 시도,21,[to.kʰiŋ.si.to],[do.kʰiŋ.si.do]
야 이 새끼야,21,[ja.i.sɛ.k͈i.ja],[ja.i.sɛ.k͈i.ja]
그걸 모두,21,[kɯ.kʌl.mo.tu],[gɯ.gʌl.mo.du]
방법 있어요,21,[pam.pʌp̚.it̚.ʌ.jo],[baŋ.bʌp̚.it̚.ʌ.jo]
수 있는 거 알아,21,[su.it̚.nɯŋ.kʌ.al.a],[su.it̚.nɯn.gʌ.al.a]
여자를 찾을,21,[jʌ.tʃa.ɾɯl.tʃʰat̚.ɯl],[jʌ.dʒa.ɾɯl.tʃʰat̚.ɯl]
그리고 차,21,[kɯ.ɾi.ko.tʃʰa],[gɯ.ɾi.go.tʃʰa]
약속 때문에,21,[jak̚.sok̚.t͈ɛ.mun.e],[jak̚.sok̚.t͈ɛ.mun.e]
그런데 이미,21,[kɯ.ɾʌn.te.i.mi],[gɯ.ɾʌn.te.i.mi]
위험에 처했을 때,21,[wi.hʌm.e.tʃʰʌ.hɛt̚.ɯl.t͈ɛ],[wi.hʌm.e.tʃʰʌ.hɛt̚.ɯl.t͈ɛ]
예 안녕하세요,21,[je.an.njʌŋ.ha.se.jo],[je.an.njʌŋ.ha.se.jo]
좋은 일이 될,21,[tʃot̚.ɯn.il.i.twel],[dʒot̚.ɯn.il.i.dwel]
네가 보기에,21,[ne.ka.po.ki.e],[ne.ga.bo.gi.e]
그런 일을 겪게,21,[kɯ.ɾʌn.il.ɯl.kjʌk̚.ke],[gɯ.ɾʌn.il.ɯl.gjʌk̚.ke]
다 좋아질,21,[ta.tʃot̚.a.tʃil],[da.dʒot̚.a.dʒil]
현 위치를,21,[hjʌn.wi.tʃʰi.ɾɯl],[hjʌn.wi.tʃʰi.ɾɯl]
타이어 자국을,21,[tʰa.i.ʌ.tʃa.kuk̚.ɯl],[tʰa.i.ʌ.dʒa.guk̚.ɯl]
있었던 거 같아요,21,[it̚.ʌt̚.tʌŋ.kʌ.kat̚.a.jo],[it̚.ʌt̚.tʌn.gʌ.gat̚.a.jo]
여기서 자랐어,21,[jʌ.ki.sʌ.tʃa.ɾat̚.ʌ],[jʌ.gi.sʌ.dʒa.ɾat̚.ʌ]
뭔 지랄이야,21,[mwʌn.tʃi.ɾal.i.ja],[mwʌn.dʒi.ɾal.i.ja]
저 사람들이랑,21,[tʃʌ.sa.ɾan.tɯl.i.ɾaŋ],[dʒʌ.sa.ɾan.tɯl.i.ɾaŋ]
받아 가세요,21,[pat̚.a.ka.se.jo],[bat̚.a.ga.se.jo]
전부 거짓말이야,21,[tʃʌm.pu.kʌ.tʃit̚.mal.i.ja],[dʒʌm.pu.gʌ.dʒit̚.mal.i.ja]
방법은 네가,21,[pam.pʌp̚.ɯn.ne.ka],[baŋ.bʌp̚.ɯn.ne.ga]
여지가 없네,21,[jʌ.tʃi.ka.ʌp̚.ne],[jʌ.dʒi.ga.ʌp̚.ne]
손을 흔들고,21,[son.ɯl.hɯn.tɯl.ko],[son.ɯl.hɯn.tɯl.ko]
어떤 남자는,21,[ʌ.t͈ʌn.nan.tʃa.nɯn],[ʌ.t͈ʌn.nan.tʃa.nɯn]
수 있는 사람들,21,[su.it̚.nɯn.sa.ɾan.tɯl],[su.it̚.nɯn.sa.ɾan.tɯl]
그를 잡으려고,21,[kɯ.ɾɯl.tʃap̚.ɯ.ɾjʌ.ko],[gɯ.ɾɯl.dʒap̚.ɯ.ɾjʌ.go]
봐요 꼭,21,[pwa.jo.k͈ok̚],[bwa.jo.k͈ok̚]
있었던 사람이,21,[it̚.ʌt̚.tʌn.sa.ɾam.i],[it̚.ʌt̚.tʌn.sa.ɾam.i]
말이야 하지만 넌,21,[mal.i.ja.ha.tʃi.man.nʌn],[mal.i.ja.ha.dʒi.man.nʌn]
나아가지 못하는 이유,21,[na.a.ka.tʃi.mot̚.ha.nɯn.i.ju],[na.a.ga.dʒi.mot̚.ha.nɯn.i.ju]
따라와 이,21,[t͈a.ɾa.wa.i],[t͈a.ɾa.wa.i]
감사하게 생각하고,21,[kam.sa.ha.ke.sɛŋ.kak̚.ha.ko],[gam.sa.ha.ge.sɛŋ.gak̚.ha.go]
네가 새,21,[ne.ka.sɛ],[ne.ga.sɛ]
어떤지 알,21,[ʌ.t͈ʌn.tʃi.al],[ʌ.t͈ʌn.tʃi.al]
돈 벌기,21,[tom.pʌl.ki],[don.bʌl.ki]
은으로 된,21,[ɯn.ɯ.ɾo.twen],[ɯn.ɯ.ɾo.dwen]
맛 좀 볼래,21,[mat̚.tʃom.pol.ɾɛ],[mat̚.dʒom.bol.ɾɛ]
손이 내,21,[son.i.nɛ],[son.i.nɛ]
해 딱,21,[hɛ.t͈ak̚],[hɛ.t͈ak̚]
이건 보통,21,[i.kʌm.po.tʰoŋ],[i.gʌn.bo.tʰoŋ]
보호 못,21,[po.ho.mot̚],[bo.ho.mot̚]
방법은 아직,21,[pam.pʌp̚.ɯn.a.tʃik̚],[baŋ.bʌp̚.ɯn.a.dʒik̚]
존재 이유를,21,[tʃon.tʃɛ.i.ju.ɾɯl],[dʒon.tʃɛ.i.ju.ɾɯl]
역겨운 거,21,[jʌk̚.kjʌ.uŋ.kʌ],[jʌk̚.kjʌ.un.gʌ]
into that,21,,
나 없다고,21,[na.ʌp̚.ta.ko],[na.ʌp̚.ta.go]
알게 됐네,21,[al.ke.twɛt̚.ne],[al.ke.dwɛt̚.ne]
여기서 중요한 건,21,[jʌ.ki.sʌ.tʃuŋ.jo.haŋ.kʌn],[jʌ.gi.sʌ.dʒuŋ.jo.han.gʌn]
명 넘는,21,[mjʌŋ.nʌm.nɯn],[mjʌŋ.nʌm.nɯn]
네가 손을,21,[ne.ka.son.ɯl],[ne.ga.son.ɯl]
수 있는 힘,21,[su.it̚.nɯn.him],[su.it̚.nɯn.him]
아들이 있는데,21,[a.tɯl.i.it̚.nɯn.te],[a.dɯl.i.it̚.nɯn.te]
방법은 없을까요,21,[pam.pʌp̚.ɯn.ʌp̚.ɯl.k͈a.jo],[baŋ.bʌp̚.ɯn.ʌp̚.ɯl.k͈a.jo]
이건 사업이야,21,[i.kʌn.sa.ʌp̚.i.ja],[i.gʌn.sa.ʌp̚.i.ja]
괜찮을 거야 하지만,21,[kwɛn.tʃʰan.ɯl.kʌ.ja.ha.tʃi.man],[gwɛn.tʃʰan.ɯl.gʌ.ja.ha.dʒi.man]
역사를 다시,21,[jʌk̚.sa.ɾɯl.ta.si],[jʌk̚.sa.ɾɯl.da.si]
전부 나가요,21,[tʃʌm.pu.na.ka.jo],[dʒʌm.pu.na.ga.jo]
밥 먹을래,21,[pap̚.mʌk̚.ɯl.ɾɛ],[bap̚.mʌk̚.ɯl.ɾɛ]
수 있는데도,21,[su.it̚.nɯn.te.to],[su.it̚.nɯn.te.do]
딱 보고,21,[t͈ak̚.po.ko],[t͈ak̚.bo.go]
이건 사실이야,21,[i.kʌn.sa.sil.i.ja],[i.gʌn.sa.sil.i.ja]
날 잘못,21,[nal.tʃal.mot̚],[nal.dʒal.mot̚]
역사상 최대,21,[jʌk̚.sa.saŋ.tʃʰwe.tɛ],[jʌk̚.sa.saŋ.tʃʰwe.dɛ]
있었어 고마워,21,[it̚.ʌt̚.ʌ.ko.ma.wʌ],[it̚.ʌt̚.ʌ.go.ma.wʌ]
그럴 거로,21,[kɯ.ɾʌl.kʌ.ɾo],[gɯ.ɾʌl.gʌ.ɾo]
어떻게 알고요,21,[ʌ.t͈ʌt̚.ke.al.ko.jo],[ʌ.t͈ʌt̚.ke.al.ko.jo]
돈 준,21,[ton.tʃun],[don.dʒun]
역시 내 딸이야,21,[jʌk̚.si.nɛ.t͈al.i.ja],[jʌk̚.si.nɛ.t͈al.i.ja]
왜 죽였지,21,[wɛ.tʃuk̚.jʌt̚.tʃi],[wɛ.dʒuk̚.jʌt̚.tʃi]
편히 살,21,[pʰjʌn.hi.sal],[pʰjʌn.hi.sal]
수 있다 그래서,21,[su.it̚.ta.kɯ.ɾɛ.sʌ],[su.it̚.ta.gɯ.ɾɛ.sʌ]
그만 입,21,[kɯ.man.ip̚],[gɯ.man.ip̚]
텐트 안에,21,[tʰen.tʰɯ.an.e],[tʰen.tʰɯ.an.e]
받아 들인다,21,[pat̚.a.tɯl.in.ta],[bat̚.a.dɯl.in.ta]
나 그게,21,[na.kɯ.ke],[na.gɯ.ge]
꿈 꾸는,21,[k͈um.k͈u.nɯn],[k͈um.k͈u.nɯn]
편히 잠들길,21,[pʰjʌn.hi.tʃan.tɯl.kil],[pʰjʌn.hi.dʒan.tɯl.kil]
네가 아니라 내가,21,[ne.ka.a.ni.ɾa.nɛ.ka],[ne.ga.a.ni.ɾa.nɛ.ga]
역할을 맡고,21,[jʌk̚.hal.ɯl.mat̚.ko],[jʌk̚.hal.ɯl.mat̚.ko]
돈도 엄청,21,[ton.to.ʌn.tʃʰʌŋ],[don.to.ʌn.tʃʰʌŋ]
방 같이,21,[paŋ.kat̚.i],[baŋ.gat̚.i]
왔는데 난,21,[wat̚.nɯn.te.nan],[wat̚.nɯn.te.nan]
힘이 세고,21,[him.i.se.ko],[him.i.se.go]
날도 있고,21,[nal.to.it̚.ko],[nal.to.it̚.ko]
한 거야 네가,21,[haŋ.kʌ.ja.ne.ka],[han.gʌ.ja.ne.ga]
보기보다 더,21,[po.ki.po.ta.tʌ],[bo.gi.bo.da.dʌ]
그들은 기본적으로,21,[kɯ.tɯl.ɯŋ.ki.pon.tʃʌk̚.ɯ.ɾo],[gɯ.dɯl.ɯn.gi.bon.tʃʌk̚.ɯ.ɾo]
나아질 줄,21,[na.a.tʃil.tʃul],[na.a.dʒil.dʒul]
할 일이 뭐죠,21,[hal.il.i.mwʌ.tʃjo],[hal.il.i.mwʌ.dʒjo]
졸업 앨범에,21,[tʃol.ʌp̚.ɛl.pʌm.e],[dʒol.ʌp̚.ɛl.pʌm.e]
가 어서 가,21,[ka.ʌ.sʌ.ka],[ga.ʌ.sʌ.ga]
했으니 이제,21,[hɛt̚.ɯ.ni.i.tʃe],[hɛt̚.ɯ.ni.i.dʒe]
파티에 간,21,[pʰa.tʰi.e.kan],[pʰa.tʰi.e.gan]
그래 모두,21,[kɯ.ɾɛ.mo.tu],[gɯ.ɾɛ.mo.du]
돈은 그냥,21,[ton.ɯŋ.kɯ.njaŋ],[don.ɯn.gɯ.njaŋ]
무엇이든 다,21,[mu.ʌt̚.i.tɯn.ta],[mu.ʌt̚.i.dɯn.da]
그건 사적인,21,[kɯ.kʌn.sa.tʃʌk̚.in],[gɯ.gʌn.sa.dʒʌk̚.in]
돈은 됐어요,21,[ton.ɯn.twɛt̚.ʌ.jo],[don.ɯn.dwɛt̚.ʌ.jo]
이런 생각도,21,[i.ɾʌn.sɛŋ.kak̚.to],[i.ɾʌn.sɛŋ.gak̚.to]
자네 생각엔,21,[tʃa.ne.sɛŋ.kak̚.en],[dʒa.ne.sɛŋ.gak̚.en]
연구 결과에 따르면,21,[jʌŋ.ku.kjʌl.kwa.e.t͈a.ɾɯ.mjʌn],[jʌŋ.ku.gjʌl.kwa.e.t͈a.ɾɯ.mjʌn]
you need a,21,,
당신이 죽길,21,[taŋ.sin.i.tʃuk̚.kil],[daŋ.sin.i.dʒuk̚.kil]
거죠 좀,21,[kʌ.tʃjo.tʃom],[gʌ.dʒjo.dʒom]
못 찾을 겁니다,21,[mot̚.tʃʰat̚.ɯl.kʌp̚.ni.ta],[mot̚.tʃʰat̚.ɯl.gʌp̚.ni.da]
그렇게 한 거야,21,[kɯ.ɾʌt̚.ke.haŋ.kʌ.ja],[gɯ.ɾʌt̚.ke.han.gʌ.ja]
그들이 왔는지,21,[kɯ.tɯl.i.wat̚.nɯn.tʃi],[gɯ.dɯl.i.wat̚.nɯn.tʃi]
평범한 게,21,[pʰjʌm.pʌm.haŋ.ke],[pʰjʌŋ.bʌm.han.ge]
알게 될걸,21,[al.ke.twel.kʌl],[al.ke.dwel.kʌl]
연구할 수,21,[jʌŋ.ku.hal.su],[jʌŋ.ku.hal.su]
수 있단 건,21,[su.it̚.taŋ.kʌn],[su.it̚.tan.gʌn]
당신도 나랑,21,[taŋ.sin.to.na.ɾaŋ],[daŋ.sin.to.na.ɾaŋ]
이 괴물은,21,[i.kwe.mul.ɯn],[i.gwe.mul.ɯn]
평범한 삶,21,[pʰjʌm.pʌm.han.sam],[pʰjʌŋ.bʌm.han.sam]
네가 괜찮다고,21,[ne.ka.kwɛn.tʃʰan.ta.ko],[ne.ga.gwɛn.tʃʰan.ta.go]
되고 내,21,[twe.ko.nɛ],[dwe.go.nɛ]
이 길을 따라,21,[i.kil.ɯl.t͈a.ɾa],[i.gil.ɯl.t͈a.ɾa]
the size,21,,
손해 배상,21,[son.hɛ.pɛ.saŋ],[son.hɛ.bɛ.saŋ]
돈을 구할,21,[ton.ɯl.ku.hal],[don.ɯl.gu.hal]
해요 아무,21,[hɛ.jo.a.mu],[hɛ.jo.a.mu]
연락 못 해서,21,[jʌl.lak̚.mot̚.hɛ.sʌ],[jʌl.lak̚.mot̚.hɛ.sʌ]
네가 어쩔,21,[ne.ka.ʌ.tʃ͈ʌl],[ne.ga.ʌ.tʃ͈ʌl]
자네 생각에,21,[tʃa.ne.sɛŋ.kak̚.e],[dʒa.ne.sɛŋ.gak̚.e]
그럼 저희는,21,[kɯ.ɾʌn.tʃʌ.hɯi.nɯn],[gɯ.ɾʌm.dʒʌ.hɯi.nɯn]
묵고 있어요,21,[muk̚.ko.it̚.ʌ.jo],[muk̚.ko.it̚.ʌ.jo]
왜 중요하죠,21,[wɛ.tʃuŋ.jo.ha.tʃjo],[wɛ.dʒuŋ.jo.ha.dʒjo]
알겠군 그래,21,[al.ket̚.kuŋ.kɯ.ɾɛ],[al.ket̚.kun.gɯ.ɾɛ]
네 다음에,21,[ne.ta.ɯm.e],[ne.da.ɯm.e]
때 분명히,21,[t͈ɛ.pun.mjʌŋ.hi],[t͈ɛ.bun.mjʌŋ.hi]
지금 그 얘기를,21,[tʃi.kɯm.kɯ.jɛ.ki.ɾɯl],[dʒi.gɯm.gɯ.jɛ.gi.ɾɯl]
탁자를 탁,21,[tʰak̚.tʃa.ɾɯl.tʰak̚],[tʰak̚.tʃa.ɾɯl.tʰak̚]
왜 지금이지,21,[wɛ.tʃi.kɯm.i.tʃi],[wɛ.dʒi.gɯm.i.dʒi]
그를 함정에,21,[kɯ.ɾɯl.han.tʃʌŋ.e],[gɯ.ɾɯl.han.tʃʌŋ.e]
찾을 수 있는 모든,21,[tʃʰat̚.ɯl.su.it̚.nɯn.mo.tɯn],[tʃʰat̚.ɯl.su.it̚.nɯn.mo.dɯn]
수 있어 나한테,21,[su.it̚.ʌ.na.han.tʰe],[su.it̚.ʌ.na.han.tʰe]
잠시 여기,21,[tʃam.si.jʌ.ki],[dʒam.si.jʌ.gi]
안 했어 네,21,[an.hɛt̚.ʌ.ne],[an.hɛt̚.ʌ.ne]
절대 같이,21,[tʃʌl.tɛ.kat̚.i],[dʒʌl.tɛ.gat̚.i]
어디 아프니,21,[ʌ.ti.a.pʰɯ.ni],[ʌ.di.a.pʰɯ.ni]
잡히지 않은,21,[tʃap̚.hi.tʃi.an.ɯn],[dʒap̚.hi.dʒi.an.ɯn]
공항 가는,21,[koŋ.haŋ.ka.nɯn],[goŋ.haŋ.ga.nɯn]
이 바보같은,21,[i.pa.po.kat̚.ɯn],[i.ba.bo.gat̚.ɯn]
봐주는 거,21,[pwa.tʃu.nɯŋ.kʌ],[bwa.dʒu.nɯn.gʌ]
연락할 때까지,21,[jʌl.lak̚.hal.t͈ɛ.k͈a.tʃi],[jʌl.lak̚.hal.t͈ɛ.k͈a.dʒi]
돈을 벌어서,21,[ton.ɯl.pʌl.ʌ.sʌ],[don.ɯl.bʌl.ʌ.sʌ]
도와줄 수 있나요,21,[to.wa.tʃul.su.it̚.na.jo],[do.wa.dʒul.su.it̚.na.jo]
미안해 자기야,21,[mi.an.hɛ.tʃa.ki.ja],[mi.an.hɛ.dʒa.gi.ja]
이 개가,21,[i.kɛ.ka],[i.gɛ.ga]
네가 예전에,21,[ne.ka.je.tʃʌn.e],[ne.ga.je.dʒʌn.e]
그 창고,21,[kɯ.tʃʰaŋ.ko],[gɯ.tʃʰaŋ.go]
당신이 필요할,21,[taŋ.sin.i.pʰil.jo.hal],[daŋ.sin.i.pʰil.jo.hal]
문제가 돼,21,[mun.tʃe.ka.twɛ],[mun.tʃe.ga.dwɛ]
했어 그렇지,21,[hɛt̚.ʌ.kɯ.ɾʌt̚.tʃi],[hɛt̚.ʌ.gɯ.ɾʌt̚.tʃi]
그럴 수 없다면,21,[kɯ.ɾʌl.su.ʌp̚.ta.mjʌn],[gɯ.ɾʌl.su.ʌp̚.ta.mjʌn]
이 사람이 그,21,[i.sa.ɾam.i.kɯ],[i.sa.ɾam.i.gɯ]
문제가 조금,21,[mun.tʃe.ka.tʃo.kɯm],[mun.tʃe.ga.dʒo.gɯm]
시작될 겁니다,21,[si.tʃak̚.twel.kʌp̚.ni.ta],[si.dʒak̚.twel.gʌp̚.ni.da]
넌 타고난,21,[nʌn.tʰa.ko.nan],[nʌn.tʰa.go.nan]
just going to,21,,
믿음 때문에,21,[mit̚.ɯn.t͈ɛ.mun.e],[mit̚.ɯn.t͈ɛ.mun.e]
거 아니야 나도,21,[kʌ.a.ni.ja.na.to],[gʌ.a.ni.ja.na.do]
번호로 전화를,21,[pʌn.ho.ɾo.tʃʌn.hwa.ɾɯl],[bʌn.ho.ɾo.dʒʌn.hwa.ɾɯl]
an open door,21,,
큰 도움이 될 것,21,[kʰɯn.to.um.i.twel.kʌt̚],[kʰɯn.do.um.i.dwel.gʌt̚]
귀 막고,21,[kwi.mak̚.ko],[gwi.mak̚.ko]
네가 우리의,21,[ne.ka.u.ɾi.ɯi],[ne.ga.u.ɾi.ɯi]
네가 우리한테,21,[ne.ka.u.ɾi.han.tʰe],[ne.ga.u.ɾi.han.tʰe]
이 아기가,21,[i.a.ki.ka],[i.a.gi.ga]
나중에 보세,21,[na.tʃuŋ.e.po.se],[na.dʒuŋ.e.bo.se]
줬지 부기맨의 선물,21,[tʃwʌt̚.tʃi.pu.ki.mɛn.ɯi.sʌn.mul],[dʒwʌt̚.tʃi.bu.gi.mɛn.ɯi.sʌn.mul]
나에 대해 알고,21,[na.e.tɛ.hɛ.al.ko],[na.e.dɛ.hɛ.al.ko]
있었으면 내가,21,[it̚.ʌt̚.ɯ.mjʌn.nɛ.ka],[it̚.ʌt̚.ɯ.mjʌn.nɛ.ga]
그럴 수가 없었다,21,[kɯ.ɾʌl.su.ka.ʌp̚.ʌt̚.ta],[gɯ.ɾʌl.su.ga.ʌp̚.ʌt̚.ta]
반가울 수가,21,[paŋ.ka.ul.su.ka],[baŋ.ka.ul.su.ga]
수 있어요 다시,21,[su.it̚.ʌ.jo.ta.si],[su.it̚.ʌ.jo.da.si]
말했어요 내가,21,[mal.hɛt̚.ʌ.jo.nɛ.ka],[mal.hɛt̚.ʌ.jo.nɛ.ga]
얘가 지금,21,[jɛ.ka.tʃi.kɯm],[jɛ.ga.dʒi.gɯm]
방법을 찾아냈어,21,[pam.pʌp̚.ɯl.tʃʰat̚.a.nɛt̚.ʌ],[baŋ.bʌp̚.ɯl.tʃʰat̚.a.nɛt̚.ʌ]
땐 다른,21,[t͈ɛn.ta.ɾɯn],[t͈ɛn.da.ɾɯn]
왜 지금이죠,21,[wɛ.tʃi.kɯm.i.tʃjo],[wɛ.dʒi.gɯm.i.dʒjo]
생각해 봐라,21,[sɛŋ.kak̚.hɛ.pwa.ɾa],[sɛŋ.gak̚.hɛ.bwa.ɾa]
도와줄 줄,21,[to.wa.tʃul.tʃul],[do.wa.dʒul.dʒul]
매우 행복했다,21,[mɛ.u.hɛm.pok̚.hɛt̚.ta],[mɛ.u.hɛŋ.bok̚.hɛt̚.ta]
좀 남았는데,21,[tʃom.nam.at̚.nɯn.te],[dʒom.nam.at̚.nɯn.te]
실현할 거예요,21,[sil.hjʌn.hal.kʌ.je.jo],[sil.hjʌn.hal.gʌ.je.jo]
아름다운 여자야,21,[a.ɾɯn.ta.un.jʌ.tʃa.ja],[a.ɾɯn.ta.un.jʌ.dʒa.ja]
열 내지 마,21,[jʌl.lɛ.tʃi.ma],[jʌl.lɛ.dʒi.ma]
열 명을,21,[jʌl.mjʌŋ.ɯl],[jʌl.mjʌŋ.ɯl]
하든 다,21,[ha.tɯn.ta],[ha.dɯn.da]
믿음을 갖고,21,[mit̚.ɯm.ɯl.kat̚.ko],[mit̚.ɯm.ɯl.gat̚.ko]
문이 벌컥,21,[mun.i.pʌl.kʰʌk̚],[mun.i.bʌl.kʰʌk̚]
보기 전에는,21,[po.ki.tʃʌn.e.nɯn],[bo.gi.dʒʌn.e.nɯn]
내가 너보다 더,21,[nɛ.ka.nʌ.po.ta.tʌ],[nɛ.ga.nʌ.bo.da.dʌ]
나쁜 소식도,21,[na.p͈ɯn.so.sik̚.to],[na.p͈ɯn.so.sik̚.to]
진짜 죽인다,21,[tʃin.tʃ͈a.tʃuk̚.in.ta],[dʒin.tʃ͈a.dʒuk̚.in.ta]
경쾌한 드럼,21,[kjʌŋ.kʰwɛ.han.tɯ.ɾʌm],[gjʌŋ.kʰwɛ.han.dɯ.ɾʌm]
우리의 미래는,21,[u.ɾi.ɯi.mi.ɾɛ.nɯn],[u.ɾi.ɯi.mi.ɾɛ.nɯn]
방법을 찾아봐요,21,[pam.pʌp̚.ɯl.tʃʰat̚.a.pwa.jo],[baŋ.bʌp̚.ɯl.tʃʰat̚.a.bwa.jo]
여기에 안,21,[jʌ.ki.e.an],[jʌ.gi.e.an]
그래 아무,21,[kɯ.ɾɛ.a.mu],[gɯ.ɾɛ.a.mu]
정말로 네가,21,[tʃʌŋ.mal.ɾo.ne.ka],[dʒʌŋ.mal.ɾo.ne.ga]
열려 있습니다,21,[jʌl.ɾjʌ.it̚.sɯp̚.ni.ta],[jʌl.ɾjʌ.it̚.sɯp̚.ni.da]
얘기 안 해도 돼요,21,[jɛ.ki.an.hɛ.to.twɛ.jo],[jɛ.gi.an.hɛ.do.dwɛ.jo]
끊는 건,21,[k͈ɯn.nɯŋ.kʌn],[k͈ɯn.nɯn.gʌn]
평소처럼 행동해,21,[pʰjʌŋ.so.tʃʰʌ.ɾʌm.hɛŋ.toŋ.hɛ],[pʰjʌŋ.so.tʃʰʌ.ɾʌm.hɛŋ.doŋ.hɛ]
편지를 보냈어,21,[pʰjʌn.tʃi.ɾɯl.po.nɛt̚.ʌ],[pʰjʌn.tʃi.ɾɯl.bo.nɛt̚.ʌ]
거지 다시,21,[kʌ.tʃi.ta.si],[gʌ.dʒi.da.si]
증거로 채택될,21,[tʃɯŋ.kʌ.ɾo.tʃʰɛ.tʰɛk̚.twel],[dʒɯŋ.gʌ.ɾo.tʃʰɛ.tʰɛk̚.twel]
수 있었을거야,21,[su.it̚.ʌt̚.ɯl.kʌ.ja],[su.it̚.ʌt̚.ɯl.kʌ.ja]
열릴 것이다,21,[jʌl.ɾil.kʌt̚.i.ta],[jʌl.ɾil.gʌt̚.i.da]
그럼 뭐 해,21,[kɯ.ɾʌm.mwʌ.hɛ],[gɯ.ɾʌm.mwʌ.hɛ]
잘해 봅시다,21,[tʃal.hɛ.pop̚.si.ta],[dʒal.hɛ.bop̚.si.da]
돈이 필요했어,21,[ton.i.pʰil.jo.hɛt̚.ʌ],[don.i.pʰil.jo.hɛt̚.ʌ]
왜 찾아,21,[wɛ.tʃʰat̚.a],[wɛ.tʃʰat̚.a]
없어 息をしたくて ここは苦しくて 이,21,[ʌp̚.ʌ.i],[ʌp̚.ʌ.i]
알겠어 근데,21,[al.ket̚.ʌ.kɯn.te],[al.ket̚.ʌ.gɯn.te]
잘해야 할,21,[tʃal.hɛ.ja.hal],[dʒal.hɛ.ja.hal]
솔직히 당신,21,[sol.tʃik̚.hi.taŋ.sin],[sol.tʃik̚.hi.daŋ.sin]
참 다행이네요,21,[tʃʰan.ta.hɛŋ.i.ne.jo],[tʃʰam.da.hɛŋ.i.ne.jo]
하겠죠 하지만,21,[ha.ket̚.tʃjo.ha.tʃi.man],[ha.get̚.tʃjo.ha.dʒi.man]
싫어 싫다고,21,[sil.ʌ.sil.ta.ko],[sil.ʌ.sil.ta.go]
수 있을 거란,21,[su.it̚.ɯl.kʌ.ɾan],[su.it̚.ɯl.gʌ.ɾan]
You''ve got to,21,,
수 있을 거야 나는,21,[su.it̚.ɯl.kʌ.ja.na.nɯn],[su.it̚.ɯl.gʌ.ja.na.nɯn]
그럴 일은 없겠지만,21,[kɯ.ɾʌl.il.ɯn.ʌp̚.ket̚.tʃi.man],[gɯ.ɾʌl.il.ɯn.ʌp̚.ket̚.tʃi.man]
보긴 했어요,21,[po.kin.hɛt̚.ʌ.jo],[bo.gin.hɛt̚.ʌ.jo]
네가 있으면,21,[ne.ka.it̚.ɯ.mjʌn],[ne.ga.it̚.ɯ.mjʌn]
이거 당장,21,[i.kʌ.taŋ.tʃaŋ],[i.gʌ.daŋ.dʒaŋ]
탈 수 있게,21,[tʰal.su.it̚.ke],[tʰal.su.it̚.ke]
이어지고 있습니다,21,[i.ʌ.tʃi.ko.it̚.sɯp̚.ni.ta],[i.ʌ.dʒi.go.it̚.sɯp̚.ni.da]
곳이 필요할,21,[kot̚.i.pʰil.jo.hal],[got̚.i.pʰil.jo.hal]
안 돼요 lrm,21,[an.twɛ.jo],[an.dwɛ.jo]
내 곁에 있을,21,[nɛ.kjʌt̚.e.it̚.ɯl],[nɛ.gjʌt̚.e.it̚.ɯl]
근데 그가,21,[kɯn.te.kɯ.ka],[gɯn.te.gɯ.ga]
애가 지금,21,[ɛ.ka.tʃi.kɯm],[ɛ.ga.dʒi.gɯm]
방법을 찾을 때까지,21,[pam.pʌp̚.ɯl.tʃʰat̚.ɯl.t͈ɛ.k͈a.tʃi],[baŋ.bʌp̚.ɯl.tʃʰat̚.ɯl.t͈ɛ.k͈a.dʒi]
화가 나 있다,21,[hwa.ka.na.it̚.ta],[hwa.ga.na.it̚.ta]
있다가 내가,21,[it̚.ta.ka.nɛ.ka],[it̚.ta.ga.nɛ.ga]
아마 그들이,21,[a.ma.kɯ.tɯl.i],[a.ma.gɯ.dɯl.i]
해요 이번,21,[hɛ.jo.i.pʌn],[hɛ.jo.i.bʌn]
내 과거의,21,[nɛ.kwa.kʌ.ɯi],[nɛ.gwa.gʌ.ɯi]
그런 적도,21,[kɯ.ɾʌn.tʃʌk̚.to],[gɯ.ɾʌn.dʒʌk̚.to]
강제 침입의,21,[kaŋ.tʃe.tʃʰim.ip̚.ɯi],[gaŋ.dʒe.tʃʰim.ip̚.ɯi]
콘서트 표,21,[kʰon.sʌ.tʰɯ.pʰjo],[kʰon.sʌ.tʰɯ.pʰjo]
돌려줘야 할,21,[tol.ɾjʌ.tʃwʌ.ja.hal],[dol.ɾjʌ.dʒwʌ.ja.hal]
네가 정해,21,[ne.ka.tʃʌŋ.hɛ],[ne.ga.dʒʌŋ.hɛ]
좀 더 자,21,[tʃon.tʌ.tʃa],[dʒom.dʌ.dʒa]
수 있을지도 모르죠,21,[su.it̚.ɯl.tʃi.to.mo.ɾɯ.tʃjo],[su.it̚.ɯl.tʃi.do.mo.ɾɯ.dʒjo]
있었지만 그,21,[it̚.ʌt̚.tʃi.maŋ.kɯ],[it̚.ʌt̚.tʃi.man.gɯ]
좋은가 보네,21,[tʃot̚.ɯŋ.ka.po.ne],[dʒot̚.ɯŋ.ka.bo.ne]
이 거친,21,[i.kʌ.tʃʰin],[i.gʌ.tʃʰin]
이건 안 돼요,21,[i.kʌn.an.twɛ.jo],[i.gʌn.an.dwɛ.jo]
그럴 필요 없었어,21,[kɯ.ɾʌl.pʰil.jo.ʌp̚.ʌt̚.ʌ],[gɯ.ɾʌl.pʰil.jo.ʌp̚.ʌt̚.ʌ]
그럴 필요 없을,21,[kɯ.ɾʌl.pʰil.jo.ʌp̚.ɯl],[gɯ.ɾʌl.pʰil.jo.ʌp̚.ɯl]
돌리지 말아요,21,[tol.ɾi.tʃi.mal.a.jo],[dol.ɾi.dʒi.mal.a.jo]
알겠어요 그리고,21,[al.ket̚.ʌ.jo.kɯ.ɾi.ko],[al.ket̚.ʌ.jo.gɯ.ɾi.go]
여기에 좀,21,[jʌ.ki.e.tʃom],[jʌ.gi.e.dʒom]
엿 먹으라,21,[jʌt̚.mʌk̚.ɯ.ɾa],[jʌt̚.mʌk̚.ɯ.ɾa]
근데 그날,21,[kɯn.te.kɯ.nal],[gɯn.te.gɯ.nal]
얼마나 예쁜데,21,[ʌl.ma.na.je.p͈ɯn.te],[ʌl.ma.na.je.p͈ɯn.te]
나도 보고 싶을,21,[na.to.po.ko.sip̚.ɯl],[na.do.bo.go.sip̚.ɯl]
좀 데려다줘,21,[tʃon.te.ɾjʌ.ta.tʃwʌ],[dʒom.de.ɾjʌ.da.dʒwʌ]
우린 거기에,21,[u.ɾiŋ.kʌ.ki.e],[u.ɾin.gʌ.gi.e]
목숨이 위험할,21,[mok̚.sum.i.wi.hʌm.hal],[mok̚.sum.i.wi.hʌm.hal]
얘기 있어요,21,[jɛ.ki.it̚.ʌ.jo],[jɛ.gi.it̚.ʌ.jo]
아마 다,21,[a.ma.ta],[a.ma.da]
the third,21,,
단지 어떤,21,[tan.tʃi.ʌ.t͈ʌn],[dan.tʃi.ʌ.t͈ʌn]
나는 다른 사람을,21,[na.nɯn.ta.ɾɯn.sa.ɾam.ɯl],[na.nɯn.da.ɾɯn.sa.ɾam.ɯl]
진우의 웃음,21,[tʃin.u.ɯi.ut̚.ɯm],[dʒin.u.ɯi.ut̚.ɯm]
이걸 쓰고,21,[i.kʌl.s͈ɯ.ko],[i.gʌl.s͈ɯ.go]
And I was,21,,
왔다 갔다 해,21,[wat̚.ta.kat̚.ta.hɛ],[wat̚.ta.gat̚.ta.hɛ]
좋은 아빠,21,[tʃot̚.ɯn.a.p͈a],[dʒot̚.ɯn.a.p͈a]
이걸 입으면,21,[i.kʌl.ip̚.ɯ.mjʌn],[i.gʌl.ip̚.ɯ.mjʌn]
he wanted,21,,
악마가 아니야,21,[ak̚.ma.ka.a.ni.ja],[ak̚.ma.ga.a.ni.ja]
그렇겠지 그,21,[kɯ.ɾʌt̚.ket̚.tʃi.kɯ],[gɯ.ɾʌt̚.ket̚.tʃi.gɯ]
좀 도와달라고,21,[tʃon.to.wa.tal.ɾa.ko],[dʒom.do.wa.dal.ɾa.go]
배울 수 있을,21,[pɛ.ul.su.it̚.ɯl],[bɛ.ul.su.it̚.ɯl]
고맙다고 해야지,21,[ko.map̚.ta.ko.hɛ.ja.tʃi],[go.map̚.ta.go.hɛ.ja.dʒi]
수가 없더군,21,[su.ka.ʌp̚.tʌ.kun],[su.ga.ʌp̚.tʌ.gun]
원하는 걸 못,21,[wʌn.ha.nɯŋ.kʌl.mot̚],[wʌn.ha.nɯn.gʌl.mot̚]
거지 이걸,21,[kʌ.tʃi.i.kʌl],[gʌ.dʒi.i.gʌl]
이걸 여기,21,[i.kʌl.jʌ.ki],[i.gʌl.jʌ.gi]
그들의 죽음을,21,[kɯ.tɯl.ɯi.tʃuk̚.ɯm.ɯl],[gɯ.dɯl.ɯi.dʒuk̚.ɯm.ɯl]
잠깐 전화 좀,21,[tʃam.k͈an.tʃʌn.hwa.tʃom],[dʒam.k͈an.dʒʌn.hwa.dʒom]
이것은 너의,21,[i.kʌt̚.ɯn.nʌ.ɯi],[i.gʌt̚.ɯn.nʌ.ɯi]
당신들은 이,21,[taŋ.sin.tɯl.ɯn.i],[daŋ.sin.tɯl.ɯn.i]
있으니까 나도,21,[it̚.ɯ.ni.k͈a.na.to],[it̚.ɯ.ni.k͈a.na.do]
찾았을 거야,21,[tʃʰat̚.at̚.ɯl.kʌ.ja],[tʃʰat̚.at̚.ɯl.gʌ.ja]
생각해봐 난,21,[sɛŋ.kak̚.hɛ.pwa.nan],[sɛŋ.gak̚.hɛ.bwa.nan]
get there,21,,
시작할 수 있게,21,[si.tʃak̚.hal.su.it̚.ke],[si.dʒak̚.hal.su.it̚.ke]
잠깐만 날,21,[tʃam.k͈an.man.nal],[dʒam.k͈an.man.nal]
문제는 해결,21,[mun.tʃe.nɯn.hɛ.kjʌl],[mun.tʃe.nɯn.hɛ.gjʌl]
또 하자고,21,[t͈o.ha.tʃa.ko],[t͈o.ha.dʒa.go]
이럴 것,21,[i.ɾʌl.kʌt̚],[i.ɾʌl.gʌt̚]
마시고 있었어,21,[ma.si.ko.it̚.ʌt̚.ʌ],[ma.si.go.it̚.ʌt̚.ʌ]
그래 완전히,21,[kɯ.ɾɛ.wan.tʃʌn.hi],[gɯ.ɾɛ.wan.tʃʌn.hi]
받아도 될까요,21,[pat̚.a.to.twel.k͈a.jo],[bat̚.a.do.dwel.k͈a.jo]
네가 찾을 수,21,[ne.ka.tʃʰat̚.ɯl.su],[ne.ga.tʃʰat̚.ɯl.su]
요원에 대해,21,[jo.wʌn.e.tɛ.hɛ],[jo.wʌn.e.dɛ.hɛ]
나에게 있어,21,[na.e.ke.it̚.ʌ],[na.e.ge.it̚.ʌ]
네가 책임져야,21,[ne.ka.tʃʰɛk̚.in.tʃjʌ.ja],[ne.ga.tʃʰɛk̚.in.tʃjʌ.ja]
수감됐어요 그러다,21,[su.kan.twɛt̚.ʌ.jo.kɯ.ɾʌ.ta],[su.gan.twɛt̚.ʌ.jo.gɯ.ɾʌ.da]
수감됐어요 그러다 사고로 인해,21,[su.kan.twɛt̚.ʌ.jo.kɯ.ɾʌ.ta.sa.ko.ɾo.in.hɛ],[su.gan.twɛt̚.ʌ.jo.gɯ.ɾʌ.da.sa.go.ɾo.in.hɛ]
이걸 찾았는데,21,[i.kʌl.tʃʰat̚.at̚.nɯn.te],[i.gʌl.tʃʰat̚.at̚.nɯn.te]
잠깐만 여기서,21,[tʃam.k͈an.man.jʌ.ki.sʌ],[dʒam.k͈an.man.jʌ.gi.sʌ]
우린 너한테,21,[u.ɾin.nʌ.han.tʰe],[u.ɾin.nʌ.han.tʰe]
nbsp 네,21,[ne],[ne]
조나단 윈스턴 경리부,21,[tʃo.na.tan.win.sɯ.tʰʌŋ.kjʌŋ.ɾi.pu],[dʒo.na.dan.win.sɯ.tʰʌn.gjʌŋ.ɾi.bu]
정확히 어디로,21,[tʃʌŋ.hwak̚.hi.ʌ.ti.ɾo],[dʒʌŋ.hwak̚.hi.ʌ.di.ɾo]
범인이 아니라면,21,[pʌm.in.i.a.ni.ɾa.mjʌn],[bʌm.in.i.a.ni.ɾa.mjʌn]
나는 모두를,21,[na.nɯn.mo.tu.ɾɯl],[na.nɯn.mo.du.ɾɯl]
전부 죽여,21,[tʃʌm.pu.tʃuk̚.jʌ],[dʒʌm.pu.dʒuk̚.jʌ]
헛소리 말아요,21,[hʌt̚.so.ɾi.mal.a.jo],[hʌt̚.so.ɾi.mal.a.jo]
근데 자기,21,[kɯn.te.tʃa.ki],[gɯn.te.dʒa.gi]
좀 말고,21,[tʃom.mal.ko],[dʒom.mal.ko]
easy to,21,,
알고 계십니다,21,[al.ko.kje.sip̚.ni.ta],[al.ko.gje.sip̚.ni.da]
지나가게 해,21,[tʃi.na.ka.ke.hɛ],[dʒi.na.ga.ge.hɛ]
당연히 그랬지,21,[taŋ.jʌn.hi.kɯ.ɾɛt̚.tʃi],[daŋ.jʌn.hi.gɯ.ɾɛt̚.tʃi]
아니라 자신의,21,[a.ni.ɾa.tʃa.sin.ɯi],[a.ni.ɾa.dʒa.sin.ɯi]
주시면 정말,21,[tʃu.si.mjʌn.tʃʌŋ.mal],[dʒu.si.mjʌn.dʒʌŋ.mal]
좀 먹어야겠어,21,[tʃom.mʌk̚.ʌ.ja.ket̚.ʌ],[dʒom.mʌk̚.ʌ.ja.get̚.ʌ]
그럼 갈,21,[kɯ.ɾʌm.kal],[gɯ.ɾʌm.gal]
우린 모두 죽을,21,[u.ɾin.mo.tu.tʃuk̚.ɯl],[u.ɾin.mo.du.dʒuk̚.ɯl]
포기할 수가,21,[pʰo.ki.hal.su.ka],[pʰo.gi.hal.su.ga]
많은 사랑을,21,[man.ɯn.sa.ɾaŋ.ɯl],[man.ɯn.sa.ɾaŋ.ɯl]
잘 설명해,21,[tʃal.sʌl.mjʌŋ.hɛ],[dʒal.sʌl.mjʌŋ.hɛ]
나중에 알고,21,[na.tʃuŋ.e.al.ko],[na.dʒuŋ.e.al.ko]
게 있었나,21,[ke.it̚.ʌt̚.na],[ge.it̚.ʌt̚.na]
날 떠날 거야,21,[nal.t͈ʌ.nal.kʌ.ja],[nal.t͈ʌ.nal.gʌ.ja]
있으면 나와,21,[it̚.ɯ.mjʌn.na.wa],[it̚.ɯ.mjʌn.na.wa]
있으면 내게,21,[it̚.ɯ.mjʌn.nɛ.ke],[it̚.ɯ.mjʌn.nɛ.ge]
알고 또,21,[al.ko.t͈o],[al.ko.t͈o]
좋겠다 그럼,21,[tʃot̚.ket̚.ta.kɯ.ɾʌm],[dʒot̚.ket̚.ta.gɯ.ɾʌm]
될지 알지,21,[twel.tʃi.al.tʃi],[dwel.tʃi.al.tʃi]
근데 너 진짜,21,[kɯn.te.nʌ.tʃin.tʃ͈a],[gɯn.te.nʌ.dʒin.tʃ͈a]
지금 할게,21,[tʃi.kɯm.hal.ke],[dʒi.gɯm.hal.ke]
물 좀 드릴까요,21,[mul.tʃon.tɯ.ɾil.k͈a.jo],[mul.dʒom.dɯ.ɾil.k͈a.jo]
하리의 당황한,21,[ha.ɾi.ɯi.taŋ.hwaŋ.han],[ha.ɾi.ɯi.daŋ.hwaŋ.han]
심문 중에,21,[sim.mun.tʃuŋ.e],[sim.mun.dʒuŋ.e]
수도 없었죠,21,[su.to.ʌp̚.ʌt̚.tʃjo],[su.do.ʌp̚.ʌt̚.tʃjo]
온갖 짓을,21,[oŋ.kat̚.tʃit̚.ɯl],[oŋ.kat̚.dʒit̚.ɯl]
네가 한 거,21,[ne.ka.haŋ.kʌ],[ne.ga.han.gʌ]
감사드리고 싶어요,21,[kam.sa.tɯ.ɾi.ko.sip̚.ʌ.jo],[gam.sa.dɯ.ɾi.go.sip̚.ʌ.jo]
이런 규모의,21,[i.ɾʌŋ.kju.mo.ɯi],[i.ɾʌn.gju.mo.ɯi]
범죄자가 아니에요,21,[pʌn.tʃwe.tʃa.ka.a.ni.e.jo],[bʌn.tʃwe.dʒa.ga.a.ni.e.jo]
정의를 실현할 거예요,21,[tʃʌŋ.ɯi.ɾɯl.sil.hjʌn.hal.kʌ.je.jo],[dʒʌŋ.ɯi.ɾɯl.sil.hjʌn.hal.gʌ.je.jo]
영화를 너무 많이,21,[jʌŋ.hwa.ɾɯl.lʌ.mu.man.i],[jʌŋ.hwa.ɾɯl.lʌ.mu.man.i]
So I''m,21,,
하면 돼 그리고,21,[ha.mjʌn.twɛ.kɯ.ɾi.ko],[ha.mjʌn.dwɛ.gɯ.ɾi.go]
중요한 약속이,21,[tʃuŋ.jo.han.jak̚.sok̚.i],[dʒuŋ.jo.han.jak̚.sok̚.i]
좀 받으라고,21,[tʃom.pat̚.ɯ.ɾa.ko],[dʒom.bat̚.ɯ.ɾa.go]
있고 다시,21,[it̚.ko.ta.si],[it̚.ko.da.si]
날 똑바로 봐,21,[nal.t͈ok̚.pa.ɾo.pwa],[nal.t͈ok̚.pa.ɾo.bwa]
지금은 완전히,21,[tʃi.kɯm.ɯn.wan.tʃʌn.hi],[dʒi.gɯm.ɯn.wan.tʃʌn.hi]
좀 배워요,21,[tʃom.pɛ.wʌ.jo],[dʒom.bɛ.wʌ.jo]
좀 벌고,21,[tʃom.pʌl.ko],[dʒom.bʌl.ko]
또 이런다,21,[t͈o.i.ɾʌn.ta],[t͈o.i.ɾʌn.ta]
게 있으면 나한테,21,[ke.it̚.ɯ.mjʌn.na.han.tʰe],[ge.it̚.ɯ.mjʌn.na.han.tʰe]
내가 만들었어요,21,[nɛ.ka.man.tɯl.ʌt̚.ʌ.jo],[nɛ.ga.man.tɯl.ʌt̚.ʌ.jo]
알고 싶나요,21,[al.ko.sip̚.na.jo],[al.ko.sip̚.na.jo]
좋아하는 그,21,[tʃot̚.a.ha.nɯŋ.kɯ],[dʒot̚.a.ha.nɯn.gɯ]
좀 벌,21,[tʃom.pʌl],[dʒom.bʌl]
지 모르는,21,[tʃi.mo.ɾɯ.nɯn],[dʒi.mo.ɾɯ.nɯn]
이것도 아니야,21,[i.kʌt̚.to.a.ni.ja],[i.gʌt̚.to.a.ni.ja]
하면 안되는,21,[ha.mjʌn.an.twe.nɯn],[ha.mjʌn.an.twe.nɯn]
있어요 최근에,21,[it̚.ʌ.jo.tʃʰwe.kɯn.e],[it̚.ʌ.jo.tʃʰwe.gɯn.e]
포기한 게,21,[pʰo.ki.haŋ.ke],[pʰo.gi.han.ge]
옆에서 같이,21,[jʌp̚.e.sʌ.kat̚.i],[jʌp̚.e.sʌ.gat̚.i]
수도 있어요 난,21,[su.to.it̚.ʌ.jo.nan],[su.do.it̚.ʌ.jo.nan]
사진 찍어도 될까요,21,[sa.tʃin.tʃ͈ik̚.ʌ.to.twel.k͈a.jo],[sa.dʒin.tʃ͈ik̚.ʌ.do.dwel.k͈a.jo]
용서해줄 수,21,[joŋ.sʌ.hɛ.tʃul.su],[joŋ.sʌ.hɛ.dʒul.su]
금방 가도록,21,[kɯm.paŋ.ka.to.ɾok̚],[gɯm.paŋ.ga.do.ɾok̚]
예 내,21,[je.nɛ],[je.nɛ]
당일 날,21,[taŋ.il.lal],[daŋ.il.lal]
기다리지 않을 거야,21,[ki.ta.ɾi.tʃi.an.ɯl.kʌ.ja],[gi.da.ɾi.dʒi.an.ɯl.gʌ.ja]
지금 많은,21,[tʃi.kɯm.man.ɯn],[dʒi.gɯm.man.ɯn]
돌아오니 좋네요,21,[tol.a.o.ni.tʃot̚.ne.jo],[dol.a.o.ni.dʒot̚.ne.jo]
예 자,21,[je.tʃa],[je.dʒa]
예 지금,21,[je.tʃi.kɯm],[je.dʒi.gɯm]
얘기 좀 해 그래,21,[jɛ.ki.tʃom.hɛ.kɯ.ɾɛ],[jɛ.gi.dʒom.hɛ.gɯ.ɾɛ]
이것밖에 못,21,[i.kʌt̚.pak̚.e.mot̚],[i.gʌt̚.pak̚.e.mot̚]
보면 당신이,21,[po.mjʌn.taŋ.sin.i],[bo.mjʌn.daŋ.sin.i]
풀어 주지 않으면,21,[pʰul.ʌ.tʃu.tʃi.an.ɯ.mjʌn],[pʰul.ʌ.dʒu.dʒi.an.ɯ.mjʌn]
거잖아 나,21,[kʌ.tʃan.a.na],[gʌ.dʒan.a.na]
수도 있죠 그래서,21,[su.to.it̚.tʃjo.kɯ.ɾɛ.sʌ],[su.do.it̚.tʃjo.gɯ.ɾɛ.sʌ]
좀 봐 너무,21,[tʃom.pwa.nʌ.mu],[dʒom.bwa.nʌ.mu]
예비 발전기가,21,[je.pi.pal.tʃʌŋ.ki.ka],[je.bi.bal.tʃʌŋ.ki.ga]
좋을 수도 있어,21,[tʃot̚.ɯl.su.to.it̚.ʌ],[dʒot̚.ɯl.su.do.it̚.ʌ]
않아요 만약,21,[an.a.jo.man.jak̚],[an.a.jo.man.jak̚]
먼저 여기,21,[mʌn.tʃʌ.jʌ.ki],[mʌn.tʃʌ.jʌ.gi]
안 그럴 수도,21,[aŋ.kɯ.ɾʌl.su.to],[an.gɯ.ɾʌl.su.do]
고마워요 할,21,[ko.ma.wʌ.jo.hal],[go.ma.wʌ.jo.hal]
예쁘긴 한데,21,[je.p͈ɯ.kin.han.te],[je.p͈ɯ.gin.han.te]
현상금을 두배로,21,[hjʌn.saŋ.kɯm.ɯl.tu.pɛ.ɾo],[hjʌn.saŋ.gɯm.ɯl.du.bɛ.ɾo]
돌아오지 않을거야,21,[tol.a.o.tʃi.an.ɯl.kʌ.ja],[dol.a.o.dʒi.an.ɯl.kʌ.ja]
저희 부모님,21,[tʃʌ.hɯi.pu.mo.nim],[dʒʌ.hɯi.bu.mo.nim]
예쁜 우리,21,[je.p͈ɯn.u.ɾi],[je.p͈ɯn.u.ɾi]
예산 삭감,21,[je.san.sak̚.kam],[je.san.sak̚.kam]
당장 끌어내,21,[taŋ.tʃaŋ.k͈ɯl.ʌ.nɛ],[daŋ.dʒaŋ.k͈ɯl.ʌ.nɛ]
꿈이 있어,21,[k͈um.i.it̚.ʌ],[k͈um.i.it̚.ʌ]
예상보다 일찍,21,[je.sam.po.ta.il.tʃ͈ik̚],[je.saŋ.bo.da.il.tʃ͈ik̚]
하려 했어요,21,[ha.ɾjʌ.hɛt̚.ʌ.jo],[ha.ɾjʌ.hɛt̚.ʌ.jo]
try it,21,,
걸 설명할,21,[kʌl.sʌl.mjʌŋ.hal],[gʌl.sʌl.mjʌŋ.hal]
하니까 더,21,[ha.ni.k͈a.tʌ],[ha.ni.k͈a.dʌ]
그리고 그들은 그를,21,[kɯ.ɾi.ko.kɯ.tɯl.ɯŋ.kɯ.ɾɯl],[gɯ.ɾi.go.gɯ.dɯl.ɯn.gɯ.ɾɯl]
그럼 내 생각엔,21,[kɯ.ɾʌm.nɛ.sɛŋ.kak̚.en],[gɯ.ɾʌm.nɛ.sɛŋ.gak̚.en]
예수님 또한,21,[je.su.nin.t͈o.han],[je.su.nin.t͈o.han]
있었을 것 같아,21,[it̚.ʌt̚.ɯl.kʌt̚.kat̚.a],[it̚.ʌt̚.ɯl.gʌt̚.gat̚.a]
그럼 내가 널,21,[kɯ.ɾʌm.nɛ.ka.nʌl],[gɯ.ɾʌm.nɛ.ga.nʌl]
얘기하는 거요,21,[jɛ.ki.ha.nɯŋ.kʌ.jo],[jɛ.gi.ha.nɯn.gʌ.jo]
나도 있었어,21,[na.to.it̚.ʌt̚.ʌ],[na.do.it̚.ʌt̚.ʌ]
다 할 테니까,21,[ta.hal.tʰe.ni.k͈a],[da.hal.tʰe.ni.k͈a]
지를 거예요,21,[tʃi.ɾɯl.kʌ.je.jo],[dʒi.ɾɯl.gʌ.je.jo]
뭐라고 해야할지,21,[mwʌ.ɾa.ko.hɛ.ja.hal.tʃi],[mwʌ.ɾa.go.hɛ.ja.hal.tʃi]
우린 적이,21,[u.ɾin.tʃʌk̚.i],[u.ɾin.dʒʌk̚.i]
분 중 한,21,[pun.tʃuŋ.han],[bun.dʒuŋ.han]
줄 아는 건,21,[tʃul.a.nɯŋ.kʌn],[dʒul.a.nɯn.gʌn]
예전 모습을,21,[je.tʃʌn.mo.sɯp̚.ɯl],[je.dʒʌn.mo.sɯp̚.ɯl]
미인 대회에,21,[mi.in.tɛ.hwe.e],[mi.in.dɛ.hwe.e]
말해줘 넌,21,[mal.hɛ.tʃwʌ.nʌn],[mal.hɛ.dʒwʌ.nʌn]
듯 해,21,[tɯt̚.hɛ],[dɯt̚.hɛ]
뭐든 할 수 있을,21,[mwʌ.tɯn.hal.su.it̚.ɯl],[mwʌ.dɯn.hal.su.it̚.ɯl]
이름이 뭐였어요,21,[i.ɾɯm.i.mwʌ.jʌt̚.ʌ.jo],[i.ɾɯm.i.mwʌ.jʌt̚.ʌ.jo]
모두 자리에 앉아,21,[mo.tu.tʃa.ɾi.e.an.a],[mo.du.dʒa.ɾi.e.an.a]
그래 빨리 끝내주지,21,[kɯ.ɾɛ.p͈al.ɾi.k͈ɯt̚.nɛ.tʃu.tʃi],[gɯ.ɾɛ.p͈al.ɾi.k͈ɯt̚.nɛ.dʒu.dʒi]
예전에 살던,21,[je.tʃʌn.e.sal.tʌn],[je.dʒʌn.e.sal.tʌn]
예전에 하던,21,[je.tʃʌn.e.ha.tʌn],[je.dʒʌn.e.ha.dʌn]
me the truth,21,,
거짓말을 하고 있는,21,[kʌ.tʃit̚.mal.ɯl.ha.ko.it̚.nɯn],[gʌ.dʒit̚.mal.ɯl.ha.go.it̚.nɯn]
있을 거야 나도,21,[it̚.ɯl.kʌ.ja.na.to],[it̚.ɯl.gʌ.ja.na.do]
걸 저,21,[kʌl.tʃʌ],[gʌl.dʒʌ]
지속될 수,21,[tʃi.sok̚.twel.su],[dʒi.sok̚.twel.su]
돌아와야 한다,21,[tol.a.wa.ja.han.ta],[dol.a.wa.ja.han.ta]
파트너를 찾고,21,[pʰa.tʰɯ.nʌ.ɾɯl.tʃʰat̚.ko],[pʰa.tʰɯ.nʌ.ɾɯl.tʃʰat̚.ko]
예전처럼 말이야,21,[je.tʃʌn.tʃʰʌ.ɾʌm.mal.i.ja],[je.dʒʌn.tʃʰʌ.ɾʌm.mal.i.ja]
우리 자리,21,[u.ɾi.tʃa.ɾi],[u.ɾi.dʒa.ɾi]
말씀이 좀,21,[mal.s͈ɯm.i.tʃom],[mal.s͈ɯm.i.dʒom]
너 같은 사람,21,[nʌ.kat̚.ɯn.sa.ɾam],[nʌ.gat̚.ɯn.sa.ɾam]
몰라 내가 아는,21,[mol.ɾa.nɛ.ka.a.nɯn],[mol.ɾa.nɛ.ga.a.nɯn]
꿍꿍이가 있어,21,[k͈uŋ.k͈uŋ.i.ka.it̚.ʌ],[k͈uŋ.k͈uŋ.i.ga.it̚.ʌ]
이만 집에,21,[i.man.tʃip̚.e],[i.man.dʒip̚.e]
개의 큰,21,[kɛ.ɯi.kʰɯn],[gɛ.ɯi.kʰɯn]
있고 어쩌면,21,[it̚.ko.ʌ.tʃ͈ʌ.mjʌn],[it̚.ko.ʌ.tʃ͈ʌ.mjʌn]
넬슨 씨,21,[nel.sɯn.s͈i],[nel.sɯn.s͈i]
좀 살펴봐도,21,[tʃom.sal.pʰjʌ.pwa.to],[dʒom.sal.pʰjʌ.bwa.do]
거니까 잘,21,[kʌ.ni.k͈a.tʃal],[gʌ.ni.k͈a.dʒal]
라스 알 굴의,21,[ɾa.sɯ.al.kul.ɯi],[ɾa.sɯ.al.gul.ɯi]
수사를 할,21,[su.sa.ɾɯl.hal],[su.sa.ɾɯl.hal]
걸 수도 있고요,21,[kʌl.su.to.it̚.ko.jo],[gʌl.su.do.it̚.ko.jo]
옛날 영화,21,[jet̚.nal.jʌŋ.hwa],[jet̚.nal.jʌŋ.hwa]
죽였어 네,21,[tʃuk̚.jʌt̚.ʌ.ne],[dʒuk̚.jʌt̚.ʌ.ne]
녀석 같으니,21,[njʌ.sʌk̚.kat̚.ɯ.ni],[njʌ.sʌk̚.gat̚.ɯ.ni]
이미 알잖아,21,[i.mi.al.tʃan.a],[i.mi.al.tʃan.a]
해결될 문제가,21,[hɛ.kjʌl.twel.mun.tʃe.ka],[hɛ.gjʌl.twel.mun.tʃe.ga]
배가 아파요,21,[pɛ.ka.a.pʰa.jo],[bɛ.ga.a.pʰa.jo]
수상한 음악,21,[su.saŋ.han.ɯm.ak̚],[su.saŋ.han.ɯm.ak̚]
좀 쉬어야겠다,21,[tʃom.swi.ʌ.ja.ket̚.ta],[dʒom.swi.ʌ.ja.get̚.ta]
죽였어 눈에는 눈이야,21,[tʃuk̚.jʌt̚.ʌ.nun.e.nɯn.nun.i.ja],[dʒuk̚.jʌt̚.ʌ.nun.e.nɯn.nun.i.ja]
녀석 좀 봐,21,[njʌ.sʌk̚.tʃom.pwa],[njʌ.sʌk̚.dʒom.bwa]
이게 그녀가,21,[i.ke.kɯ.njʌ.ka],[i.ge.gɯ.njʌ.ga]
있을 거야 저,21,[it̚.ɯl.kʌ.ja.tʃʌ],[it̚.ɯl.gʌ.ja.dʒʌ]
이번 일이 끝나면,21,[i.pʌn.il.i.k͈ɯt̚.na.mjʌn],[i.bʌn.il.i.k͈ɯt̚.na.mjʌn]
오 저기,21,[o.tʃʌ.ki],[o.dʒʌ.gi]
제가 찍은,21,[tʃe.ka.tʃ͈ik̚.ɯn],[dʒe.ga.tʃ͈ik̚.ɯn]
오 전,21,[o.tʃʌn],[o.dʒʌn]
그걸 하지,21,[kɯ.kʌl.ha.tʃi],[gɯ.gʌl.ha.dʒi]
내 책상에서,21,[nɛ.tʃʰɛk̚.saŋ.e.sʌ],[nɛ.tʃʰɛk̚.saŋ.e.sʌ]
녀석은 내가,21,[njʌ.sʌk̚.ɯn.nɛ.ka],[njʌ.sʌk̚.ɯn.nɛ.ga]
시체 옆에,21,[si.tʃʰe.jʌp̚.e],[si.tʃʰe.jʌp̚.e]
좀 시켜줘,21,[tʃom.si.kʰjʌ.tʃwʌ],[dʒom.si.kʰjʌ.dʒwʌ]
있을 거예요 이,21,[it̚.ɯl.kʌ.je.jo.i],[it̚.ɯl.gʌ.je.jo.i]
하고 싶은 대로 하게,21,[ha.ko.sip̚.ɯn.tɛ.ɾo.ha.ke],[ha.go.sip̚.ɯn.dɛ.ɾo.ha.ge]
지금 뭐하자는,21,[tʃi.kɯm.mwʌ.ha.tʃa.nɯn],[dʒi.gɯm.mwʌ.ha.dʒa.nɯn]
그건 안돼요,21,[kɯ.kʌn.an.twɛ.jo],[gɯ.gʌn.an.twɛ.jo]
확률이 얼마나 될까,21,[hwak̚.ɾjul.i.ʌl.ma.na.twel.k͈a],[hwak̚.ɾjul.i.ʌl.ma.na.dwel.k͈a]
자유 노예,21,[tʃa.ju.no.je],[dʒa.ju.no.je]
hard for,21,,
시킨 일,21,[si.kʰin.il],[si.kʰin.il]
알고 있어 그래서,21,[al.ko.it̚.ʌ.kɯ.ɾɛ.sʌ],[al.ko.it̚.ʌ.gɯ.ɾɛ.sʌ]
뭐 갖다,21,[mwʌ.kat̚.ta],[mwʌ.gat̚.ta]
있을 것 같지 않아,21,[it̚.ɯl.kʌt̚.kat̚.tʃi.an.a],[it̚.ɯl.gʌt̚.gat̚.tʃi.an.a]
오는 게 어때,21,[o.nɯŋ.ke.ʌ.t͈ɛ],[o.nɯn.ge.ʌ.t͈ɛ]
이상한 거지,21,[i.saŋ.haŋ.kʌ.tʃi],[i.saŋ.han.gʌ.dʒi]
좋지 않나요,21,[tʃot̚.tʃi.an.na.jo],[dʒot̚.tʃi.an.na.jo]
번 말하지,21,[pʌn.mal.ha.tʃi],[bʌn.mal.ha.dʒi]
시체는 못,21,[si.tʃʰe.nɯn.mot̚],[si.tʃʰe.nɯn.mot̚]
수십억 년,21,[su.sip̚.ʌk̚.njʌn],[su.sip̚.ʌk̚.njʌn]
네가 나한테서,21,[ne.ka.na.han.tʰe.sʌ],[ne.ga.na.han.tʰe.sʌ]
우릴 그렇게,21,[u.ɾil.kɯ.ɾʌt̚.ke],[u.ɾil.gɯ.ɾʌt̚.ke]
문제가 많아요,21,[mun.tʃe.ka.man.a.jo],[mun.tʃe.ga.man.a.jo]
좀 안아,21,[tʃom.an.a],[dʒom.an.a]
용기가 없는,21,[joŋ.ki.ka.ʌp̚.nɯn],[joŋ.gi.ga.ʌp̚.nɯn]
협박을 받고,21,[hjʌp̚.pak̚.ɯl.pat̚.ko],[hjʌp̚.pak̚.ɯl.bat̚.ko]
필요하면 이,21,[pʰil.jo.ha.mjʌn.i],[pʰil.jo.ha.mjʌn.i]
미쳐 돌아가고,21,[mi.tʃʰjʌ.tol.a.ka.ko],[mi.tʃʰjʌ.dol.a.ga.go]
못다 한,21,[mot̚.ta.han],[mot̚.ta.han]
몰라 이봐,21,[mol.ɾa.i.pwa],[mol.ɾa.i.bwa]
들어가기만 하면,21,[tɯl.ʌ.ka.ki.man.ha.mjʌn],[dɯl.ʌ.ga.gi.man.ha.mjʌn]
수 없게 됐어요,21,[su.ʌp̚.ke.twɛt̚.ʌ.jo],[su.ʌp̚.ke.dwɛt̚.ʌ.jo]
것 널,21,[kʌt̚.nʌl],[gʌt̚.nʌl]
몰라 잠깐,21,[mol.ɾa.tʃam.k͈an],[mol.ɾa.dʒam.k͈an]
다 했으면,21,[ta.hɛt̚.ɯ.mjʌn],[da.hɛt̚.ɯ.mjʌn]
난 아까,21,[nan.a.k͈a],[nan.a.k͈a]
무서워 하지,21,[mu.sʌ.wʌ.ha.tʃi],[mu.sʌ.wʌ.ha.dʒi]
이게 말이 됩니까,21,[i.ke.mal.i.twep̚.ni.k͈a],[i.ge.mal.i.dwep̚.ni.k͈a]
오늘 밖에,21,[o.nɯl.pak̚.e],[o.nɯl.bak̚.e]
아무 쓸모도,21,[a.mu.s͈ɯl.mo.to],[a.mu.s͈ɯl.mo.do]
믿어 줘서,21,[mit̚.ʌ.tʃwʌ.sʌ],[mit̚.ʌ.dʒwʌ.sʌ]
바람이 날 너에게,21,[pa.ɾam.i.nal.lʌ.e.ke],[ba.ɾam.i.nal.lʌ.e.ge]
오늘 밤 정말,21,[o.nɯl.pan.tʃʌŋ.mal],[o.nɯl.bam.dʒʌŋ.mal]
테러 행위,21,[tʰe.ɾʌ.hɛŋ.wi],[tʰe.ɾʌ.hɛŋ.wi]
널 구하기,21,[nʌl.ku.ha.ki],[nʌl.gu.ha.gi]
생각했어 넌,21,[sɛŋ.kak̚.hɛt̚.ʌ.nʌn],[sɛŋ.gak̚.hɛt̚.ʌ.nʌn]
한 곳만,21,[haŋ.kot̚.man],[han.got̚.man]
얘긴 한,21,[jɛ.kin.han],[jɛ.gin.han]
벌써 하고,21,[pʌl.s͈ʌ.ha.ko],[bʌl.s͈ʌ.ha.go]
그 밴을,21,[kɯ.pɛn.ɯl],[gɯ.bɛn.ɯl]
오늘 밤에 할,21,[o.nɯl.pam.e.hal],[o.nɯl.bam.e.hal]
날 내보내줘,21,[nal.lɛ.po.nɛ.tʃwʌ],[nal.lɛ.bo.nɛ.dʒwʌ]
아무 말도 안 했는데,21,[a.mu.mal.to.an.hɛt̚.nɯn.te],[a.mu.mal.to.an.hɛt̚.nɯn.te]
난 책을,21,[nan.tʃʰɛk̚.ɯl],[nan.tʃʰɛk̚.ɯl]
건 본 적이 없어요,21,[kʌm.pon.tʃʌk̚.i.ʌp̚.ʌ.jo],[gʌn.bon.dʒʌk̚.i.ʌp̚.ʌ.jo]
be too,21,,
그러나 우리의,21,[kɯ.ɾʌ.na.u.ɾi.ɯi],[gɯ.ɾʌ.na.u.ɾi.ɯi]
오늘 새로,21,[o.nɯl.sɛ.ɾo],[o.nɯl.sɛ.ɾo]
동생 말해봐,21,[toŋ.sɛŋ.mal.hɛ.pwa],[doŋ.sɛŋ.mal.hɛ.bwa]
몰라 안녕,21,[mol.ɾa.an.njʌŋ],[mol.ɾa.an.njʌŋ]
개인적 감정은,21,[kɛ.in.tʃʌk̚.kan.tʃʌŋ.ɯn],[gɛ.in.tʃʌk̚.gan.tʃʌŋ.ɯn]
나 같은 이를 찾아내죠,21,[na.kat̚.ɯn.i.ɾɯl.tʃʰat̚.a.nɛ.tʃjo],[na.gat̚.ɯn.i.ɾɯl.tʃʰat̚.a.nɛ.dʒjo]
년 동안 한 번도,21,[njʌn.toŋ.an.ham.pʌn.to],[njʌn.doŋ.an.han.bʌn.to]
이렇게 사람을,21,[i.ɾʌt̚.ke.sa.ɾam.ɯl],[i.ɾʌt̚.ke.sa.ɾam.ɯl]
몇개 더,21,[mjʌt̚.kɛ.tʌ],[mjʌt̚.kɛ.dʌ]
오늘 아침만 해도,21,[o.nɯl.a.tʃʰim.man.hɛ.to],[o.nɯl.a.tʃʰim.man.hɛ.do]
엄마 손,21,[ʌm.ma.son],[ʌm.ma.son]
안 가고 뭐 해,21,[aŋ.ka.ko.mwʌ.hɛ],[an.ga.go.mwʌ.hɛ]
최고 속도로,21,[tʃʰwe.ko.sok̚.to.ɾo],[tʃʰwe.go.sok̚.to.ɾo]
정부는 비밀 시스템을,21,[tʃʌm.pu.nɯm.pi.mil.si.sɯ.tʰem.ɯl],[dʒʌŋ.bu.nɯn.bi.mil.si.sɯ.tʰem.ɯl]
내 심정이,21,[nɛ.sin.tʃʌŋ.i],[nɛ.sin.tʃʌŋ.i]
아무 말이라도,21,[a.mu.mal.i.ɾa.to],[a.mu.mal.i.ɾa.do]
이제 나가요,21,[i.tʃe.na.ka.jo],[i.dʒe.na.ga.jo]
좀 이상할,21,[tʃom.i.saŋ.hal],[dʒom.i.saŋ.hal]
깊숙한 곳에서,21,[kip̚.suk̚.haŋ.kot̚.e.sʌ],[gip̚.suk̚.han.got̚.e.sʌ]
오늘 우리의,21,[o.nɯl.u.ɾi.ɯi],[o.nɯl.u.ɾi.ɯi]
용서를 구합니다,21,[joŋ.sʌ.ɾɯl.ku.hap̚.ni.ta],[joŋ.sʌ.ɾɯl.gu.hap̚.ni.da]
생각했어요 그리고,21,[sɛŋ.kak̚.hɛt̚.ʌ.jo.kɯ.ɾi.ko],[sɛŋ.gak̚.hɛt̚.ʌ.jo.gɯ.ɾi.go]
곧 알게 될 겁니다,21,[kot̚.al.ke.twel.kʌp̚.ni.ta],[got̚.al.ke.dwel.gʌp̚.ni.da]
동생이랑 같이,21,[toŋ.sɛŋ.i.ɾaŋ.kat̚.i],[doŋ.sɛŋ.i.ɾaŋ.gat̚.i]
수천 마일,21,[su.tʃʰʌn.ma.il],[su.tʃʰʌn.ma.il]
아무 반응이,21,[a.mu.pan.ɯŋ.i],[a.mu.ban.ɯŋ.i]
그걸로는 부족해,21,[kɯ.kʌl.ɾo.nɯm.pu.tʃok̚.hɛ],[gɯ.gʌl.ɾo.nɯn.bu.dʒok̚.hɛ]
있다고 생각하거든,21,[it̚.ta.ko.sɛŋ.kak̚.ha.kʌ.tɯn],[it̚.ta.go.sɛŋ.gak̚.ha.gʌ.dɯn]
이게 바로 그거야,21,[i.ke.pa.ɾo.kɯ.kʌ.ja],[i.ge.ba.ɾo.gɯ.gʌ.ja]
난 안 될,21,[nan.an.twel],[nan.an.dwel]
좀 있어봐,21,[tʃom.it̚.ʌ.pwa],[dʒom.it̚.ʌ.bwa]
폴 스펙터,21,[pʰol.sɯ.pʰek̚.tʰʌ],[pʰol.sɯ.pʰek̚.tʰʌ]
충분히 멀리,21,[tʃʰum.pun.hi.mʌl.ɾi],[tʃʰuŋ.bun.hi.mʌl.ɾi]
가장 깊고,21,[ka.tʃaŋ.kip̚.ko],[ga.dʒaŋ.gip̚.ko]
자정 사이에,21,[tʃa.tʃʌŋ.sa.i.e],[dʒa.dʒʌŋ.sa.i.e]
그리고 나서 그,21,[kɯ.ɾi.ko.na.sʌ.kɯ],[gɯ.ɾi.go.na.sʌ.gɯ]
난 변호사,21,[nam.pjʌn.ho.sa],[nan.bjʌn.ho.sa]
오늘 즐거웠어요,21,[o.nɯl.tʃɯl.kʌ.wʌt̚.ʌ.jo],[o.nɯl.dʒɯl.kʌ.wʌt̚.ʌ.jo]
온다는 말,21,[on.ta.nɯn.mal],[on.ta.nɯn.mal]
해줘 안,21,[hɛ.tʃwʌ.an],[hɛ.dʒwʌ.an]
뭐 하려는 거야,21,[mwʌ.ha.ɾjʌ.nɯŋ.kʌ.ja],[mwʌ.ha.ɾjʌ.nɯn.gʌ.ja]
용서하지 않을 것이다,21,[joŋ.sʌ.ha.tʃi.an.ɯl.kʌt̚.i.ta],[joŋ.sʌ.ha.dʒi.an.ɯl.gʌt̚.i.da]
내 말 들어라,21,[nɛ.mal.tɯl.ʌ.ɾa],[nɛ.mal.dɯl.ʌ.ɾa]
수행 중인,21,[su.hɛŋ.tʃuŋ.in],[su.hɛŋ.dʒuŋ.in]
좀 자야지,21,[tʃon.tʃa.ja.tʃi],[dʒom.dʒa.ja.dʒi]
잘못 먹었어,21,[tʃal.mot̚.mʌk̚.ʌt̚.ʌ],[dʒal.mot̚.mʌk̚.ʌt̚.ʌ]
좀 잘 좀,21,[tʃon.tʃal.tʃom],[dʒom.dʒal.dʒom]
우습게 보지 마,21,[u.sɯp̚.ke.po.tʃi.ma],[u.sɯp̚.ke.bo.dʒi.ma]
말야 당신은,21,[mal.ja.taŋ.sin.ɯn],[mal.ja.daŋ.sin.ɯn]
지금 시간이 몇,21,[tʃi.kɯm.si.kan.i.mjʌt̚],[dʒi.gɯm.si.gan.i.mjʌt̚]
떠오를 거야,21,[t͈ʌ.o.ɾɯl.kʌ.ja],[t͈ʌ.o.ɾɯl.gʌ.ja]
등 돌린,21,[tɯŋ.tol.ɾin],[dɯŋ.dol.ɾin]
오늘만 벌써,21,[o.nɯl.mam.pʌl.s͈ʌ],[o.nɯl.man.bʌl.s͈ʌ]
빨리 끝내면,21,[p͈al.ɾi.k͈ɯt̚.nɛ.mjʌn],[p͈al.ɾi.k͈ɯt̚.nɛ.mjʌn]
명의 직원이,21,[mjʌŋ.ɯi.tʃik̚.wʌn.i],[mjʌŋ.ɯi.dʒik̚.wʌn.i]
내 남동생,21,[nɛ.nan.toŋ.sɛŋ],[nɛ.nan.toŋ.sɛŋ]
tell me you,21,,
있을거 같아요,21,[it̚.ɯl.kʌ.kat̚.a.jo],[it̚.ɯl.kʌ.gat̚.a.jo]
당연히 해야,21,[taŋ.jʌn.hi.hɛ.ja],[daŋ.jʌn.hi.hɛ.ja]
이제야 제대로,21,[i.tʃe.ja.tʃe.tɛ.ɾo],[i.dʒe.ja.dʒe.dɛ.ɾo]
마 자네가,21,[ma.tʃa.ne.ka],[ma.dʒa.ne.ga]
동안 보지,21,[toŋ.am.po.tʃi],[doŋ.an.bo.dʒi]
도움 될 만한,21,[to.un.twel.man.han],[do.um.dwel.man.han]
년 전까지만,21,[njʌn.tʃʌŋ.k͈a.tʃi.man],[njʌn.dʒʌŋ.k͈a.dʒi.man]
있을거야 내가,21,[it̚.ɯl.kʌ.ja.nɛ.ka],[it̚.ɯl.kʌ.ja.nɛ.ga]
진짜 궁금한,21,[tʃin.tʃ͈a.kuŋ.kɯm.han],[dʒin.tʃ͈a.guŋ.gɯm.han]
나올 거다,21,[na.ol.kʌ.ta],[na.ol.gʌ.da]
네가 내 목숨을,21,[ne.ka.nɛ.mok̚.sum.ɯl],[ne.ga.nɛ.mok̚.sum.ɯl]
내 남자는,21,[nɛ.nan.tʃa.nɯn],[nɛ.nan.tʃa.nɯn]
확신이 없어요,21,[hwak̚.sin.i.ʌp̚.ʌ.jo],[hwak̚.sin.i.ʌp̚.ʌ.jo]
경찰서에 있는,21,[kjʌŋ.tʃʰal.sʌ.e.it̚.nɯn],[gjʌŋ.tʃʰal.sʌ.e.it̚.nɯn]
네가 내 맘에 들어온,21,[ne.ka.nɛ.mam.e.tɯl.ʌ.on],[ne.ga.nɛ.mam.e.dɯl.ʌ.on]
대부분 사람들은,21,[tɛ.pu.pun.sa.ɾan.tɯl.ɯn],[dɛ.bu.bun.sa.ɾan.tɯl.ɯn]
동안 일어난,21,[toŋ.an.il.ʌ.nan],[doŋ.an.il.ʌ.nan]
게 좋겠나,21,[ke.tʃot̚.ket̚.na],[ge.dʒot̚.ket̚.na]
안감은 어떻게,21,[aŋ.kam.ɯn.ʌ.t͈ʌt̚.ke],[aŋ.kam.ɯn.ʌ.t͈ʌt̚.ke]
하지 마 나도,21,[ha.tʃi.ma.na.to],[ha.dʒi.ma.na.do]
그럼 시작하자,21,[kɯ.ɾʌm.si.tʃak̚.ha.tʃa],[gɯ.ɾʌm.si.dʒak̚.ha.dʒa]
여덟 명이,21,[jʌ.tʌl.mjʌŋ.i],[jʌ.dʌl.mjʌŋ.i]
나올 때도,21,[na.ol.t͈ɛ.to],[na.ol.t͈ɛ.do]
were going,21,,
년 전이네요,21,[njʌn.tʃʌn.i.ne.jo],[njʌn.dʒʌn.i.ne.jo]
년 전이면,21,[njʌn.tʃʌn.i.mjʌn],[njʌn.dʒʌn.i.mjʌn]
미안해 고마워,21,[mi.an.hɛ.ko.ma.wʌ],[mi.an.hɛ.go.ma.wʌ]
채 말이야,21,[tʃʰɛ.mal.i.ja],[tʃʰɛ.mal.i.ja]
우주 만물의,21,[u.tʃu.man.mul.ɯi],[u.dʒu.man.mul.ɯi]
동안 집을,21,[toŋ.an.tʃip̚.ɯl],[doŋ.an.dʒip̚.ɯl]
끊이지 않는,21,[k͈ɯn.i.tʃi.an.nɯn],[k͈ɯn.i.dʒi.an.nɯn]
순 없지요,21,[sun.ʌp̚.tʃi.jo],[sun.ʌp̚.tʃi.jo]
여덟 시간,21,[jʌ.tʌl.si.kan],[jʌ.dʌl.si.gan]
고맙습니다 우리,21,[ko.map̚.sɯp̚.ni.ta.u.ɾi],[go.map̚.sɯp̚.ni.da.u.ɾi]
표식을 빚졌어 누구한테,21,[pʰjo.sik̚.ɯl.pit̚.tʃjʌt̚.ʌ.nu.ku.han.tʰe],[pʰjo.sik̚.ɯl.bit̚.tʃjʌt̚.ʌ.nu.gu.han.tʰe]
필요하면 말해요,21,[pʰil.jo.ha.mjʌn.mal.hɛ.jo],[pʰil.jo.ha.mjʌn.mal.hɛ.jo]
표식의 주인을,21,[pʰjo.sik̚.ɯi.tʃu.in.ɯl],[pʰjo.sik̚.ɯi.dʒu.in.ɯl]
봤자 아무,21,[pwat̚.tʃa.a.mu],[bwat̚.tʃa.a.mu]
싶었어요 정말,21,[sip̚.ʌt̚.ʌ.jo.tʃʌŋ.mal],[sip̚.ʌt̚.ʌ.jo.dʒʌŋ.mal]
가 본 적도,21,[ka.pon.tʃʌk̚.to],[ga.bon.dʒʌk̚.to]
순간 우린,21,[suŋ.kan.u.ɾin],[suŋ.kan.u.ɾin]
where they all,21,,
않지만 내,21,[an.tʃi.man.nɛ],[an.tʃi.man.nɛ]
있을게 내가,21,[it̚.ɯl.ke.nɛ.ka],[it̚.ɯl.ke.nɛ.ga]
아무 일 없었다는,21,[a.mu.il.ʌp̚.ʌt̚.ta.nɯn],[a.mu.il.ʌp̚.ʌt̚.ta.nɯn]
오래 있어서,21,[o.ɾɛ.it̚.ʌ.sʌ],[o.ɾɛ.it̚.ʌ.sʌ]
살면서 많은,21,[sal.mjʌn.sʌ.man.ɯn],[sal.mjʌn.sʌ.man.ɯn]
마셔 마셔,21,[ma.sjʌ.ma.sjʌ],[ma.sjʌ.ma.sjʌ]
있을까 하고,21,[it̚.ɯl.k͈a.ha.ko],[it̚.ɯl.k͈a.ha.go]
있을지도 모르니,21,[it̚.ɯl.tʃi.to.mo.ɾɯ.ni],[it̚.ɯl.tʃi.do.mo.ɾɯ.ni]
확신하고 있다,21,[hwak̚.sin.ha.ko.it̚.ta],[hwak̚.sin.ha.go.it̚.ta]
듣는 거죠,21,[tɯt̚.nɯŋ.kʌ.tʃjo],[dɯt̚.nɯn.gʌ.dʒjo]
여러 가지 일이,21,[jʌ.ɾʌ.ka.tʃi.il.i],[jʌ.ɾʌ.ga.dʒi.il.i]
this before,21,,
몰라요 진짜,21,[mol.ɾa.jo.tʃin.tʃ͈a],[mol.ɾa.jo.dʒin.tʃ͈a]
것 같은 느낌이야,21,[kʌt̚.kat̚.ɯn.nɯ.k͈im.i.ja],[gʌt̚.gat̚.ɯn.nɯ.k͈im.i.ja]
이게 정말 최선의,21,[i.ke.tʃʌŋ.mal.tʃʰwe.sʌn.ɯi],[i.ge.dʒʌŋ.mal.tʃʰwe.sʌn.ɯi]
있겠죠 내가,21,[it̚.ket̚.tʃjo.nɛ.ka],[it̚.ket̚.tʃjo.nɛ.ga]
하려던 건 아니었어요,21,[ha.ɾjʌ.tʌŋ.kʌn.a.ni.ʌt̚.ʌ.jo],[ha.ɾjʌ.dʌn.gʌn.a.ni.ʌt̚.ʌ.jo]
동의할 수 없어,21,[toŋ.ɯi.hal.su.ʌp̚.ʌ],[doŋ.ɯi.hal.su.ʌp̚.ʌ]
때문에 이미,21,[t͈ɛ.mun.e.i.mi],[t͈ɛ.mun.e.i.mi]
점이 있는,21,[tʃʌm.i.it̚.nɯn],[dʒʌm.i.it̚.nɯn]
얘기를 해야겠어,21,[jɛ.ki.ɾɯl.hɛ.ja.ket̚.ʌ],[jɛ.gi.ɾɯl.hɛ.ja.get̚.ʌ]
해치는 걸,21,[hɛ.tʃʰi.nɯŋ.kʌl],[hɛ.tʃʰi.nɯn.gʌl]
시키신 대로,21,[si.kʰi.sin.tɛ.ɾo],[si.kʰi.sin.dɛ.ɾo]
표하고 싶습니다,21,[pʰjo.ha.ko.sip̚.sɯp̚.ni.ta],[pʰjo.ha.go.sip̚.sɯp̚.ni.da]
뭐든 해요,21,[mwʌ.tɯn.hɛ.jo],[mwʌ.dɯn.hɛ.jo]
년간 못,21,[njʌŋ.kan.mot̚],[njʌŋ.kan.mot̚]
그녀가 죽었을 때,21,[kɯ.njʌ.ka.tʃuk̚.ʌt̚.ɯl.t͈ɛ],[gɯ.njʌ.ga.dʒuk̚.ʌt̚.ɯl.t͈ɛ]
많은 얘길,21,[man.ɯn.jɛ.kil],[man.ɯn.jɛ.gil]
말은 그게 다야,21,[mal.ɯŋ.kɯ.ke.ta.ja],[mal.ɯn.gɯ.ge.da.ja]
마약 조직을,21,[ma.jak̚.tʃo.tʃik̚.ɯl],[ma.jak̚.dʒo.dʒik̚.ɯl]
좀 하다,21,[tʃom.ha.ta],[dʒom.ha.da]
그들은 전혀,21,[kɯ.tɯl.ɯn.tʃʌn.hjʌ],[gɯ.dɯl.ɯn.dʒʌn.hjʌ]
아무 죄 없는,21,[a.mu.tʃwe.ʌp̚.nɯn],[a.mu.dʒwe.ʌp̚.nɯn]
되고 아니면,21,[twe.ko.a.ni.mjʌn],[dwe.go.a.ni.mjʌn]
년대 이후로,21,[njʌn.tɛ.i.hu.ɾo],[njʌn.tɛ.i.hu.ɾo]
하려면 그,21,[ha.ɾjʌ.mjʌŋ.kɯ],[ha.ɾjʌ.mjʌn.gɯ]
그럼 어떻게 될까,21,[kɯ.ɾʌm.ʌ.t͈ʌt̚.ke.twel.k͈a],[gɯ.ɾʌm.ʌ.t͈ʌt̚.ke.dwel.k͈a]
있잖아 당신이,21,[it̚.tʃan.a.taŋ.sin.i],[it̚.tʃan.a.daŋ.sin.i]
멈추게 하고,21,[mʌn.tʃʰu.ke.ha.ko],[mʌn.tʃʰu.ge.ha.go]
need help,21,,
좀 하자 내가,21,[tʃom.ha.tʃa.nɛ.ka],[dʒom.ha.dʒa.nɛ.ga]
곧 죽을거야,21,[kot̚.tʃuk̚.ɯl.kʌ.ja],[got̚.dʒuk̚.ɯl.kʌ.ja]
내 노래는,21,[nɛ.no.ɾɛ.nɯn],[nɛ.no.ɾɛ.nɯn]
싶어할 것이다,21,[sip̚.ʌ.hal.kʌt̚.i.ta],[sip̚.ʌ.hal.gʌt̚.i.da]
하지만 아이가,21,[ha.tʃi.man.a.i.ka],[ha.dʒi.man.a.i.ga]
지금 어딘데,21,[tʃi.kɯm.ʌ.tin.te],[dʒi.gɯm.ʌ.din.te]
여러 종류의,21,[jʌ.ɾʌ.tʃoŋ.ɾju.ɯi],[jʌ.ɾʌ.dʒoŋ.ɾju.ɯi]
인형을 갖고,21,[in.hjʌŋ.ɯl.kat̚.ko],[in.hjʌŋ.ɯl.gat̚.ko]
그럼 어떻게 할까,21,[kɯ.ɾʌm.ʌ.t͈ʌt̚.ke.hal.k͈a],[gɯ.ɾʌm.ʌ.t͈ʌt̚.ke.hal.k͈a]
내 말이 맞니,21,[nɛ.mal.i.mat̚.ni],[nɛ.mal.i.mat̚.ni]
술 마시러 온,21,[sul.ma.si.ɾʌ.on],[sul.ma.si.ɾʌ.on]
죄로 수감됐어요 그러다 사고로,21,[tʃwe.ɾo.su.kan.twɛt̚.ʌ.jo.kɯ.ɾʌ.ta.sa.ko.ɾo],[dʒwe.ɾo.su.gan.twɛt̚.ʌ.jo.gɯ.ɾʌ.da.sa.go.ɾo]
가면 되겠다,21,[ka.mjʌn.twe.ket̚.ta],[ga.mjʌn.dwe.get̚.ta]
돼 거기서,21,[twɛ.kʌ.ki.sʌ],[dwɛ.gʌ.gi.sʌ]
있잖아 세상에,21,[it̚.tʃan.a.se.saŋ.e],[it̚.tʃan.a.se.saŋ.e]
술 몇 잔,21,[sul.mjʌt̚.tʃan],[sul.mjʌt̚.dʒan]
좀 해 네,21,[tʃom.hɛ.ne],[dʒom.hɛ.ne]
좀 해 무슨,21,[tʃom.hɛ.mu.sɯn],[dʒom.hɛ.mu.sɯn]
전에 나에게,21,[tʃʌn.e.na.e.ke],[dʒʌn.e.na.e.ge]
아버지는 좋은,21,[a.pʌ.tʃi.nɯn.tʃot̚.ɯn],[a.bʌ.dʒi.nɯn.dʒot̚.ɯn]
있잖아 어떤,21,[it̚.tʃan.a.ʌ.t͈ʌn],[it̚.tʃan.a.ʌ.t͈ʌn]
거야 이번에,21,[kʌ.ja.i.pʌn.e],[gʌ.ja.i.bʌn.e]
정보를 모두,21,[tʃʌm.po.ɾɯl.mo.tu],[dʒʌŋ.bo.ɾɯl.mo.du]
좀 해 볼게요,21,[tʃom.hɛ.pol.ke.jo],[dʒom.hɛ.bol.ke.jo]
거잖아요 그건,21,[kʌ.tʃan.a.jo.kɯ.kʌn],[gʌ.dʒan.a.jo.gɯ.gʌn]
질환을 앓고,21,[tʃil.hwan.ɯl.al.ko],[dʒil.hwan.ɯl.al.ko]
좀 해 알았어,21,[tʃom.hɛ.al.at̚.ʌ],[dʒom.hɛ.al.at̚.ʌ]
하지만 솔직히 말해서,21,[ha.tʃi.man.sol.tʃik̚.hi.mal.hɛ.sʌ],[ha.dʒi.man.sol.tʃik̚.hi.mal.hɛ.sʌ]
나와 난,21,[na.wa.nan],[na.wa.nan]
고맙습니다 좋은,21,[ko.map̚.sɯp̚.ni.ta.tʃot̚.ɯn],[go.map̚.sɯp̚.ni.da.dʒot̚.ɯn]
하려면 이,21,[ha.ɾjʌ.mjʌn.i],[ha.ɾjʌ.mjʌn.i]
기억을 다시,21,[ki.ʌk̚.ɯl.ta.si],[gi.ʌk̚.ɯl.da.si]
오브 아나키,21,[o.pɯ.a.na.kʰi],[o.bɯ.a.na.kʰi]
네가 내 곁에,21,[ne.ka.nɛ.kjʌt̚.e],[ne.ga.nɛ.gjʌt̚.e]
수 없다 우리,21,[su.ʌp̚.ta.u.ɾi],[su.ʌp̚.ta.u.ɾi]
남은 줄,21,[nam.ɯn.tʃul],[nam.ɯn.dʒul]
대해서 뭐,21,[tɛ.hɛ.sʌ.mwʌ],[dɛ.hɛ.sʌ.mwʌ]
하지만 작은,21,[ha.tʃi.man.tʃak̚.ɯn],[ha.dʒi.man.dʒak̚.ɯn]
있잖아 좀,21,[it̚.tʃan.a.tʃom],[it̚.tʃan.a.dʒom]
집을 보러,21,[tʃip̚.ɯl.po.ɾʌ],[dʒip̚.ɯl.bo.ɾʌ]
널 눈빛,21,[nʌl.lum.pit̚],[nʌl.lum.pit̚]
푸시 푸시 뱅 뱅,21,[pʰu.si.pʰu.si.pɛm.pɛŋ],[pʰu.si.pʰu.si.bɛŋ.bɛŋ]
살아가는 게,21,[sal.a.ka.nɯŋ.ke],[sal.a.ga.nɯn.ge]
Get on,21,,
돼 내가 왜,21,[twɛ.nɛ.ka.wɛ],[dwɛ.nɛ.ga.wɛ]
난 마음을,21,[nan.ma.ɯm.ɯl],[nan.ma.ɯm.ɯl]
널 눈빛 속에 담는다,21,[nʌl.lum.pit̚.sok̚.e.tam.nɯn.ta],[nʌl.lum.pit̚.sok̚.e.dam.nɯn.ta]
수 없다고 말했다,21,[su.ʌp̚.ta.ko.mal.hɛt̚.ta],[su.ʌp̚.ta.go.mal.hɛt̚.ta]
집 전화,21,[tʃip̚.tʃʌn.hwa],[dʒip̚.dʒʌn.hwa]
술을 마신다,21,[sul.ɯl.ma.sin.ta],[sul.ɯl.ma.sin.ta]
끌고 온 거야,21,[k͈ɯl.ko.oŋ.kʌ.ja],[k͈ɯl.ko.on.gʌ.ja]
수 없다고 합니다,21,[su.ʌp̚.ta.ko.hap̚.ni.ta],[su.ʌp̚.ta.go.hap̚.ni.da]
내 절친을,21,[nɛ.tʃʌl.tʃʰin.ɯl],[nɛ.dʒʌl.tʃʰin.ɯl]
잡아낼 수,21,[tʃap̚.a.nɛl.su],[dʒap̚.a.nɛl.su]
좀 해줘야겠어,21,[tʃom.hɛ.tʃwʌ.ja.ket̚.ʌ],[dʒom.hɛ.dʒwʌ.ja.get̚.ʌ]
지금까지 있었던,21,[tʃi.kɯm.k͈a.tʃi.it̚.ʌt̚.tʌn],[dʒi.gɯm.k͈a.dʒi.it̚.ʌt̚.tʌn]
처음으로 그,21,[tʃʰʌ.ɯm.ɯ.ɾo.kɯ],[tʃʰʌ.ɯm.ɯ.ɾo.gɯ]
날 물어,21,[nal.mul.ʌ],[nal.mul.ʌ]
오스카 씨,21,[o.sɯ.kʰa.s͈i],[o.sɯ.kʰa.s͈i]
도움을 요청하다니,21,[to.um.ɯl.jo.tʃʰʌŋ.ha.ta.ni],[do.um.ɯl.jo.tʃʰʌŋ.ha.da.ni]
내 누이를 사랑해,21,[nɛ.nu.i.ɾɯl.sa.ɾaŋ.hɛ],[nɛ.nu.i.ɾɯl.sa.ɾaŋ.hɛ]
있잖아요 이런,21,[it̚.tʃan.a.jo.i.ɾʌn],[it̚.tʃan.a.jo.i.ɾʌn]
여기는 뭐,21,[jʌ.ki.nɯn.mwʌ],[jʌ.gi.nɯn.mwʌ]
될 일이 아니야,21,[twel.il.i.a.ni.ja],[dwel.il.i.a.ni.ja]
풀 때,21,[pʰul.t͈ɛ],[pʰul.t͈ɛ]
운전하는 건,21,[un.tʃʌn.ha.nɯŋ.kʌn],[un.tʃʌn.ha.nɯn.gʌn]
별거 중인,21,[pjʌl.kʌ.tʃuŋ.in],[bjʌl.kʌ.dʒuŋ.in]
좀 해봤어요,21,[tʃom.hɛ.pwat̚.ʌ.jo],[dʒom.hɛ.bwat̚.ʌ.jo]
오신것을 환영합니다 이,21,[o.siŋ.kʌt̚.ɯl.hwan.jʌŋ.hap̚.ni.ta.i],[o.siŋ.kʌt̚.ɯl.hwan.jʌŋ.hap̚.ni.da.i]
난 이만 가 볼게,21,[nan.i.maŋ.ka.pol.ke],[nan.i.man.ga.bol.ke]
이곳이 바로,21,[i.kot̚.i.pa.ɾo],[i.got̚.i.ba.ɾo]
지역에서 가장,21,[tʃi.jʌk̚.e.sʌ.ka.tʃaŋ],[dʒi.jʌk̚.e.sʌ.ga.dʒaŋ]
숨 좀 돌려,21,[sun.tʃon.tol.ɾjʌ],[sum.dʒom.dol.ɾjʌ]
고장 난 게,21,[ko.tʃaŋ.naŋ.ke],[go.dʒaŋ.nan.ge]
내 눈 똑바로 보고,21,[nɛ.nun.t͈ok̚.pa.ɾo.po.ko],[nɛ.nun.t͈ok̚.pa.ɾo.bo.go]
금방 오실 거야,21,[kɯm.paŋ.o.sil.kʌ.ja],[gɯm.paŋ.o.sil.gʌ.ja]
어디 사는,21,[ʌ.ti.sa.nɯn],[ʌ.di.sa.nɯn]
도움을 원치,21,[to.um.ɯl.wʌn.tʃʰi],[do.um.ɯl.wʌn.tʃʰi]
꾸고 있어,21,[k͈u.ko.it̚.ʌ],[k͈u.go.it̚.ʌ]
몰래 숨어,21,[mol.ɾɛ.sum.ʌ],[mol.ɾɛ.sum.ʌ]
죽을 뻔한 거,21,[tʃuk̚.ɯl.p͈ʌn.haŋ.kʌ],[dʒuk̚.ɯl.p͈ʌn.han.gʌ]
돼 버린,21,[twɛ.pʌ.ɾin],[dwɛ.bʌ.ɾin]
풀기 위해,21,[pʰul.ki.wi.hɛ],[pʰul.ki.wi.hɛ]
있다고 우리가,21,[it̚.ta.ko.u.ɾi.ka],[it̚.ta.go.u.ɾi.ga]
제가 본 것,21,[tʃe.ka.poŋ.kʌt̚],[dʒe.ga.bon.gʌt̚]
말은 아직,21,[mal.ɯn.a.tʃik̚],[mal.ɯn.a.dʒik̚]
아무것도 모른다는,21,[a.mu.kʌt̚.to.mo.ɾɯn.ta.nɯn],[a.mu.gʌt̚.to.mo.ɾɯn.ta.nɯn]
봤어요 그냥,21,[pwat̚.ʌ.jo.kɯ.njaŋ],[bwat̚.ʌ.jo.gɯ.njaŋ]
떨어지지 않게,21,[t͈ʌl.ʌ.tʃi.tʃi.aŋ.ke],[t͈ʌl.ʌ.dʒi.dʒi.aŋ.ke]
탁 덮는다,21,[tʰak̚.tʌp̚.nɯn.ta],[tʰak̚.dʌp̚.nɯn.ta]
노 노,21,[no.no],[no.no]
오직 나만,21,[o.tʃik̚.na.man],[o.dʒik̚.na.man]
것을 보기,21,[kʌt̚.ɯl.po.ki],[gʌt̚.ɯl.bo.gi]
죽은 우리,21,[tʃuk̚.ɯn.u.ɾi],[dʒuk̚.ɯn.u.ɾi]
오초아 형제는,21,[o.tʃʰo.a.hjʌŋ.tʃe.nɯn],[o.tʃʰo.a.hjʌŋ.dʒe.nɯn]
반갑습니다 윅,21,[paŋ.kap̚.sɯp̚.ni.ta.wik̚],[baŋ.kap̚.sɯp̚.ni.da.wik̚]
말은 어디서,21,[mal.ɯn.ʌ.ti.sʌ],[mal.ɯn.ʌ.di.sʌ]
싶으실 것,21,[sip̚.ɯ.sil.kʌt̚],[sip̚.ɯ.sil.gʌt̚]
아무것도 못 하는,21,[a.mu.kʌt̚.to.mot̚.ha.nɯn],[a.mu.gʌt̚.to.mot̚.ha.nɯn]
그런거 같은데,21,[kɯ.ɾʌŋ.kʌ.kat̚.ɯn.te],[gɯ.ɾʌŋ.kʌ.gat̚.ɯn.te]
네가 당한,21,[ne.ka.taŋ.han],[ne.ga.daŋ.han]
아까 나,21,[a.k͈a.na],[a.k͈a.na]
That is the,21,,
돼 여기가,21,[twɛ.jʌ.ki.ka],[dwɛ.jʌ.gi.ga]
하고 싶은게,21,[ha.ko.sip̚.ɯŋ.ke],[ha.go.sip̚.ɯŋ.ke]
이럴 수가 있죠,21,[i.ɾʌl.su.ka.it̚.tʃjo],[i.ɾʌl.su.ga.it̚.tʃjo]
안 갔나,21,[aŋ.kat̚.na],[an.gat̚.na]
걸 알 잖아,21,[kʌl.al.tʃan.a],[gʌl.al.dʒan.a]
안 갔네,21,[aŋ.kat̚.ne],[an.gat̚.ne]
나한테 필요한 건,21,[na.han.tʰe.pʰil.jo.haŋ.kʌn],[na.han.tʰe.pʰil.jo.han.gʌn]
될 때까진,21,[twel.t͈ɛ.k͈a.tʃin],[dwel.t͈ɛ.k͈a.dʒin]
노래 부른,21,[no.ɾɛ.pu.ɾɯn],[no.ɾɛ.bu.ɾɯn]
걸 알잖나,21,[kʌl.al.tʃan.na],[gʌl.al.tʃan.na]
숨은 쉬고,21,[sum.ɯn.swi.ko],[sum.ɯn.swi.go]
하고 왔어요,21,[ha.ko.wat̚.ʌ.jo],[ha.go.wat̚.ʌ.jo]
숨을 곳도,21,[sum.ɯl.kot̚.to],[sum.ɯl.got̚.to]
일이 이렇게 될,21,[il.i.i.ɾʌt̚.ke.twel],[il.i.i.ɾʌt̚.ke.dwel]
날 어떻게 찾았어요,21,[nal.ʌ.t͈ʌt̚.ke.tʃʰat̚.at̚.ʌ.jo],[nal.ʌ.t͈ʌt̚.ke.tʃʰat̚.at̚.ʌ.jo]
미안해 나 때문에,21,[mi.an.hɛ.na.t͈ɛ.mun.e],[mi.an.hɛ.na.t͈ɛ.mun.e]
온 걸 알면,21,[oŋ.kʌl.al.mjʌn],[on.gʌl.al.mjʌn]
사탕 좀,21,[sa.tʰaŋ.tʃom],[sa.tʰaŋ.dʒom]
그들은 훨씬 더,21,[kɯ.tɯl.ɯn.hwʌl.s͈in.tʌ],[gɯ.dɯl.ɯn.hwʌl.s͈in.dʌ]
작성해 주세요,21,[tʃak̚.sʌŋ.hɛ.tʃu.se.jo],[dʒak̚.sʌŋ.hɛ.dʒu.se.jo]
온 것 같습니다,21,[oŋ.kʌt̚.kat̚.sɯp̚.ni.ta],[on.gʌt̚.gat̚.sɯp̚.ni.da]
기억 나요,21,[ki.ʌk̚.na.jo],[gi.ʌk̚.na.jo]
도움이 꼭,21,[to.um.i.k͈ok̚],[do.um.i.k͈ok̚]
있었는데 그냥,21,[it̚.ʌt̚.nɯn.te.kɯ.njaŋ],[it̚.ʌt̚.nɯn.te.gɯ.njaŋ]
돼 자막,21,[twɛ.tʃa.mak̚],[dwɛ.dʒa.mak̚]
어디가 잘못되었나 봅니다,21,[ʌ.ti.ka.tʃal.mot̚.twe.ʌt̚.na.pop̚.ni.ta],[ʌ.di.ga.dʒal.mot̚.twe.ʌt̚.na.bop̚.ni.da]
품 안에서,21,[pʰum.an.e.sʌ],[pʰum.an.e.sʌ]
있지 게다가,21,[it̚.tʃi.ke.ta.ka],[it̚.tʃi.ge.da.ga]
강도 높은,21,[kaŋ.to.nop̚.ɯn],[gaŋ.do.nop̚.ɯn]
보니 그녀는,21,[po.ni.kɯ.njʌ.nɯn],[bo.ni.gɯ.njʌ.nɯn]
몸에 대한,21,[mom.e.tɛ.han],[mom.e.dɛ.han]
수 없어 息をしたくて,21,[su.ʌp̚.ʌ],[su.ʌp̚.ʌ]
잘 계세요,21,[tʃal.kje.se.jo],[dʒal.gje.se.jo]
이해 못 했어요,21,[i.hɛ.mot̚.hɛt̚.ʌ.jo],[i.hɛ.mot̚.hɛt̚.ʌ.jo]
도움이 됐나요,21,[to.um.i.twɛt̚.na.jo],[do.um.i.dwɛt̚.na.jo]
아무것도 아닌 게,21,[a.mu.kʌt̚.to.a.niŋ.ke],[a.mu.gʌt̚.to.a.nin.ge]
TV 볼,21,[pol],[bol]
걱정이 안,21,[kʌk̚.tʃʌŋ.i.an],[gʌk̚.tʃʌŋ.i.an]
그럼 좋을,21,[kɯ.ɾʌn.tʃot̚.ɯl],[gɯ.ɾʌm.dʒot̚.ɯl]
거잖아요 이,21,[kʌ.tʃan.a.jo.i],[gʌ.dʒan.a.jo.i]
미안해 그렇게,21,[mi.an.hɛ.kɯ.ɾʌt̚.ke],[mi.an.hɛ.gɯ.ɾʌt̚.ke]
쉬는 게 어때,21,[swi.nɯŋ.ke.ʌ.t͈ɛ],[swi.nɯn.ge.ʌ.t͈ɛ]
어디로 가는지 알아,21,[ʌ.ti.ɾo.ka.nɯn.tʃi.al.a],[ʌ.di.ɾo.ga.nɯn.tʃi.al.a]
담배도 안,21,[tam.pɛ.to.an],[dam.pɛ.do.an]
더 끔찍해,21,[tʌ.k͈ɯn.tʃ͈ik̚.hɛ],[dʌ.k͈ɯn.tʃ͈ik̚.hɛ]
온다면 그게,21,[on.ta.mjʌŋ.kɯ.ke],[on.ta.mjʌn.gɯ.ge]
바랐던 거야,21,[pa.ɾat̚.tʌŋ.kʌ.ja],[ba.ɾat̚.tʌn.gʌ.ja]
짓을 한 줄,21,[tʃit̚.ɯl.han.tʃul],[dʒit̚.ɯl.han.dʒul]
to another,21,,
미칠 거 같아,21,[mi.tʃʰil.kʌ.kat̚.a],[mi.tʃʰil.gʌ.gat̚.a]
묻지 않겠다,21,[mut̚.tʃi.aŋ.ket̚.ta],[mut̚.tʃi.aŋ.ket̚.ta]
그럼 죽을,21,[kɯ.ɾʌn.tʃuk̚.ɯl],[gɯ.ɾʌm.dʒuk̚.ɯl]
어디로 끌고,21,[ʌ.ti.ɾo.k͈ɯl.ko],[ʌ.di.ɾo.k͈ɯl.ko]
내 능력으로,21,[nɛ.nɯŋ.ɾjʌk̚.ɯ.ɾo],[nɛ.nɯŋ.ɾjʌk̚.ɯ.ɾo]
쉬운 방법으로,21,[swi.um.pam.pʌp̚.ɯ.ɾo],[swi.un.baŋ.bʌp̚.ɯ.ɾo]
원하는 방향으로,21,[wʌn.ha.nɯm.paŋ.hjaŋ.ɯ.ɾo],[wʌn.ha.nɯn.baŋ.hjaŋ.ɯ.ɾo]
봅시다 내가,21,[pop̚.si.ta.nɛ.ka],[bop̚.si.da.nɛ.ga]
좋겠어요 내,21,[tʃot̚.ket̚.ʌ.jo.nɛ],[dʒot̚.ket̚.ʌ.jo.nɛ]
당신은 더이상,21,[taŋ.sin.ɯn.tʌ.i.saŋ],[daŋ.sin.ɯn.dʌ.i.saŋ]
싶지 않아 우리,21,[sip̚.tʃi.an.a.u.ɾi],[sip̚.tʃi.an.a.u.ɾi]
아버지를 위한 정의를,21,[a.pʌ.tʃi.ɾɯl.wi.han.tʃʌŋ.ɯi.ɾɯl],[a.bʌ.dʒi.ɾɯl.wi.han.dʒʌŋ.ɯi.ɾɯl]
올 때면,21,[ol.t͈ɛ.mjʌn],[ol.t͈ɛ.mjʌn]
죽이고 싶어서,21,[tʃuk̚.i.ko.sip̚.ʌ.sʌ],[dʒuk̚.i.go.sip̚.ʌ.sʌ]
걱정하는 것도,21,[kʌk̚.tʃʌŋ.ha.nɯŋ.kʌt̚.to],[gʌk̚.tʃʌŋ.ha.nɯn.gʌt̚.to]
좋고 나쁜,21,[tʃot̚.ko.na.p͈ɯn],[dʒot̚.ko.na.p͈ɯn]
그건 보통,21,[kɯ.kʌm.po.tʰoŋ],[gɯ.gʌn.bo.tʰoŋ]
노력하고 있잖아,21,[no.ɾjʌk̚.ha.ko.it̚.tʃan.a],[no.ɾjʌk̚.ha.go.it̚.tʃan.a]
떼지 말고,21,[t͈e.tʃi.mal.ko],[t͈e.dʒi.mal.ko]
있지 않죠,21,[it̚.tʃi.an.tʃjo],[it̚.tʃi.an.tʃjo]
얘기는 나중에 하자,21,[jɛ.ki.nɯn.na.tʃuŋ.e.ha.tʃa],[jɛ.gi.nɯn.na.dʒuŋ.e.ha.dʒa]
것 아직,21,[kʌt̚.a.tʃik̚],[gʌt̚.a.dʒik̚]
그리고 드디어,21,[kɯ.ɾi.ko.tɯ.ti.ʌ],[gɯ.ɾi.go.dɯ.di.ʌ]
것입니다 제가,21,[kʌt̚.ip̚.ni.ta.tʃe.ka],[gʌt̚.ip̚.ni.da.dʒe.ga]
그럼 총,21,[kɯ.ɾʌn.tʃʰoŋ],[gɯ.ɾʌn.tʃʰoŋ]
대단히 고맙습니다,21,[tɛ.tan.hi.ko.map̚.sɯp̚.ni.ta],[dɛ.dan.hi.go.map̚.sɯp̚.ni.da]
저한테 말을,21,[tʃʌ.han.tʰe.mal.ɯl],[dʒʌ.han.tʰe.mal.ɯl]
What if we,21,,
our lives,21,,
좋긴 하지,21,[tʃot̚.kin.ha.tʃi],[dʒot̚.kin.ha.dʒi]
집에 있는지,21,[tʃip̚.e.it̚.nɯn.tʃi],[dʒip̚.e.it̚.nɯn.tʃi]
있어 일어나,21,[it̚.ʌ.il.ʌ.na],[it̚.ʌ.il.ʌ.na]
돼요 모두,21,[twɛ.jo.mo.tu],[dwɛ.jo.mo.du]
어디서 난 거지,21,[ʌ.ti.sʌ.naŋ.kʌ.tʃi],[ʌ.di.sʌ.nan.gʌ.dʒi]
그렇군요 잘,21,[kɯ.ɾʌt̚.kun.jo.tʃal],[gɯ.ɾʌt̚.kun.jo.dʒal]
돼요 물론,21,[twɛ.jo.mul.ɾon],[dwɛ.jo.mul.ɾon]
보내야 한다고,21,[po.nɛ.ja.han.ta.ko],[bo.nɛ.ja.han.ta.go]
돼요 바로,21,[twɛ.jo.pa.ɾo],[dwɛ.jo.ba.ɾo]
원래 그렇잖아요,21,[wʌl.lɛ.kɯ.ɾʌt̚.tʃan.a.jo],[wʌl.lɛ.gɯ.ɾʌt̚.tʃan.a.jo]
걔네 집에,21,[kjɛ.ne.tʃip̚.e],[gjɛ.ne.dʒip̚.e]
여기 당신 앞에 있어요,21,[jʌ.ki.taŋ.sin.ap̚.e.it̚.ʌ.jo],[jʌ.gi.daŋ.sin.ap̚.e.it̚.ʌ.jo]
올레그 이고르비치,21,[ol.ɾe.kɯ.i.ko.ɾɯ.pi.tʃʰi],[ol.ɾe.gɯ.i.go.ɾɯ.bi.tʃʰi]
그렇죠 정말,21,[kɯ.ɾʌt̚.tʃjo.tʃʌŋ.mal],[gɯ.ɾʌt̚.tʃjo.dʒʌŋ.mal]
있게 하소서,21,[it̚.ke.ha.so.sʌ],[it̚.ke.ha.so.sʌ]
이를 악물고,21,[i.ɾɯl.ak̚.mul.ko],[i.ɾɯl.ak̚.mul.ko]
이렇게 전화를 안,21,[i.ɾʌt̚.ke.tʃʌn.hwa.ɾɯl.an],[i.ɾʌt̚.ke.dʒʌn.hwa.ɾɯl.an]
누가 그랬든,21,[nu.ka.kɯ.ɾɛt̚.tɯn],[nu.ga.gɯ.ɾɛt̚.tɯn]
노린 거예요,21,[no.ɾiŋ.kʌ.je.jo],[no.ɾin.gʌ.je.jo]
거야 조만간,21,[kʌ.ja.tʃo.maŋ.kan],[gʌ.ja.dʒo.maŋ.kan]
Which means,21,,
걱정하지 마 우리,21,[kʌk̚.tʃʌŋ.ha.tʃi.ma.u.ɾi],[gʌk̚.tʃʌŋ.ha.dʒi.ma.u.ɾi]
네가 두려워하는,21,[ne.ka.tu.ɾjʌ.wʌ.ha.nɯn],[ne.ga.du.ɾjʌ.wʌ.ha.nɯn]
끔찍한 생각이야,21,[k͈ɯn.tʃ͈ik̚.han.sɛŋ.kak̚.i.ja],[k͈ɯn.tʃ͈ik̚.han.sɛŋ.gak̚.i.ja]
짐작이 안,21,[tʃin.tʃak̚.i.an],[dʒin.tʃak̚.i.an]
프랭크 머피,21,[pʰɯ.ɾɛŋ.kʰɯ.mʌ.pʰi],[pʰɯ.ɾɛŋ.kʰɯ.mʌ.pʰi]
다른 내가,21,[ta.ɾɯn.nɛ.ka],[da.ɾɯn.nɛ.ga]
Which one,21,,
뭘 알게,21,[mwʌl.al.ke],[mwʌl.al.ke]
만들어 줘야,21,[man.tɯl.ʌ.tʃwʌ.ja],[man.tɯl.ʌ.dʒwʌ.ja]
아드님 일은,21,[a.tɯ.nim.il.ɯn],[a.dɯ.nim.il.ɯn]
했거든 난,21,[hɛt̚.kʌ.tɯn.nan],[hɛt̚.kʌ.dɯn.nan]
어디서 읽었는데,21,[ʌ.ti.sʌ.ik̚.ʌt̚.nɯn.te],[ʌ.di.sʌ.ik̚.ʌt̚.nɯn.te]
한 것도 아니고,21,[haŋ.kʌt̚.to.a.ni.ko],[han.gʌt̚.to.a.ni.go]
he''s going,21,,
will see,21,,
봉순의 당황한,21,[poŋ.sun.ɯi.taŋ.hwaŋ.han],[boŋ.sun.ɯi.daŋ.hwaŋ.han]
될 거예요 이,21,[twel.kʌ.je.jo.i],[dwel.gʌ.je.jo.i]
들어 주는,21,[tɯl.ʌ.tʃu.nɯn],[dɯl.ʌ.dʒu.nɯn]
갖게 됩니다,21,[kat̚.ke.twep̚.ni.ta],[gat̚.ke.dwep̚.ni.da]
옳다는 건,21,[ol.ta.nɯŋ.kʌn],[ol.ta.nɯn.gʌn]
그랬던 거죠,21,[kɯ.ɾɛt̚.tʌŋ.kʌ.tʃjo],[gɯ.ɾɛt̚.tʌn.gʌ.dʒjo]
만만치 않아요,21,[man.man.tʃʰi.an.a.jo],[man.man.tʃʰi.an.a.jo]
천 달러씩,21,[tʃʰʌn.tal.ɾʌ.s͈ik̚],[tʃʰʌn.dal.ɾʌ.s͈ik̚]
싸우고 나 같은 이를,21,[s͈a.u.ko.na.kat̚.ɯn.i.ɾɯl],[s͈a.u.go.na.gat̚.ɯn.i.ɾɯl]
스스로 돌볼 수,21,[sɯ.sɯ.ɾo.tol.pol.su],[sɯ.sɯ.ɾo.dol.pol.su]
a good idea,21,,
걱정하지 않아,21,[kʌk̚.tʃʌŋ.ha.tʃi.an.a],[gʌk̚.tʃʌŋ.ha.dʒi.an.a]
있었는데 아직,21,[it̚.ʌt̚.nɯn.te.a.tʃik̚],[it̚.ʌt̚.nɯn.te.a.dʒik̚]
맞긴 한데,21,[mat̚.kin.han.te],[mat̚.kin.han.te]
스스로 선택한,21,[sɯ.sɯ.ɾo.sʌn.tʰɛk̚.han],[sɯ.sɯ.ɾo.sʌn.tʰɛk̚.han]
방금 했어,21,[paŋ.kɯm.hɛt̚.ʌ],[baŋ.gɯm.hɛt̚.ʌ]
됐나 보네,21,[twɛt̚.na.po.ne],[dwɛt̚.na.bo.ne]
못 가겠네,21,[mot̚.ka.ket̚.ne],[mot̚.ga.get̚.ne]
As long,21,,
지난 이야기 이,21,[tʃi.nan.i.ja.ki.i],[dʒi.nan.i.ja.gi.i]
옳지 않은 것,21,[ol.tʃi.an.ɯŋ.kʌt̚],[ol.tʃi.an.ɯn.gʌt̚]
만약 두,21,[man.jak̚.tu],[man.jak̚.du]
됐네 이제,21,[twɛt̚.ne.i.tʃe],[dwɛt̚.ne.i.dʒe]
차라리 죽겠어,21,[tʃʰa.ɾa.ɾi.tʃuk̚.ket̚.ʌ],[tʃʰa.ɾa.ɾi.dʒuk̚.ket̚.ʌ]
잊고 있었다,21,[it̚.ko.it̚.ʌt̚.ta],[it̚.ko.it̚.ʌt̚.ta]
거절하는 건,21,[kʌ.tʃʌl.ha.nɯŋ.kʌn],[gʌ.dʒʌl.ha.nɯn.gʌn]
읽은 건,21,[ik̚.ɯŋ.kʌn],[ik̚.ɯn.gʌn]
혼자서 이,21,[hon.tʃa.sʌ.i],[hon.tʃa.sʌ.i]
가서 두,21,[ka.sʌ.tu],[ga.sʌ.du]
그거 괜찮은데,21,[kɯ.kʌ.kwɛn.tʃʰan.ɯn.te],[gɯ.gʌ.gwɛn.tʃʰan.ɯn.te]
우리 둘 다 그게,21,[u.ɾi.tul.ta.kɯ.ke],[u.ɾi.dul.da.gɯ.ge]
맥주 마시면서,21,[mɛk̚.tʃu.ma.si.mjʌn.sʌ],[mɛk̚.tʃu.ma.si.mjʌn.sʌ]
핫한 귀신들과,21,[hat̚.haŋ.kwi.sin.tɯl.kwa],[hat̚.han.gwi.sin.tɯl.kwa]
일 계속,21,[il.kje.sok̚],[il.gje.sok̚]
옷도 잘,21,[ot̚.to.tʃal],[ot̚.to.dʒal]
처해 있어,21,[tʃʰʌ.hɛ.it̚.ʌ],[tʃʰʌ.hɛ.it̚.ʌ]
도움이 될 수도 있어,21,[to.um.i.twel.su.to.it̚.ʌ],[do.um.i.dwel.su.do.it̚.ʌ]
어디에도 안,21,[ʌ.ti.e.to.an],[ʌ.di.e.do.an]
잊었나 봐,21,[it̚.ʌt̚.na.pwa],[it̚.ʌt̚.na.bwa]
무슨 일인지 말해줘요,21,[mu.sɯn.il.in.tʃi.mal.hɛ.tʃwʌ.jo],[mu.sɯn.il.in.tʃi.mal.hɛ.dʒwʌ.jo]
있어요 제발요,21,[it̚.ʌ.jo.tʃe.pal.jo],[it̚.ʌ.jo.dʒe.bal.jo]
감옥에 가겠죠,21,[kam.ok̚.e.ka.ket̚.tʃjo],[gam.ok̚.e.ga.get̚.tʃjo]
그런데 거기,21,[kɯ.ɾʌn.te.kʌ.ki],[gɯ.ɾʌn.te.gʌ.gi]
옷이 왜,21,[ot̚.i.wɛ],[ot̚.i.wɛ]
차에 앉아,21,[tʃʰa.e.an.a],[tʃʰa.e.an.a]
전 그 사람,21,[tʃʌŋ.kɯ.sa.ɾam],[dʒʌn.gɯ.sa.ɾam]
와 글록,21,[wa.kɯl.ɾok̚],[wa.gɯl.ɾok̚]
아무 영향도,21,[a.mu.jʌŋ.hjaŋ.to],[a.mu.jʌŋ.hjaŋ.do]
하기 위해선,21,[ha.ki.wi.hɛ.sʌn],[ha.gi.wi.hɛ.sʌn]
그래서 그들의,21,[kɯ.ɾɛ.sʌ.kɯ.tɯl.ɯi],[gɯ.ɾɛ.sʌ.gɯ.dɯl.ɯi]
말을 믿을 것,21,[mal.ɯl.mit̚.ɯl.kʌt̚],[mal.ɯl.mit̚.ɯl.gʌt̚]
구멍이 있어요,21,[ku.mʌŋ.i.it̚.ʌ.jo],[gu.mʌŋ.i.it̚.ʌ.jo]
아직 이해하지,21,[a.tʃik̚.i.hɛ.ha.tʃi],[a.dʒik̚.i.hɛ.ha.dʒi]
배 많이,21,[pɛ.man.i],[bɛ.man.i]
또 다른 게,21,[t͈o.ta.ɾɯŋ.ke],[t͈o.da.ɾɯn.ge]
와 어디,21,[wa.ʌ.ti],[wa.ʌ.di]
어딨는지 내가,21,[ʌ.tit̚.nɯn.tʃi.nɛ.ka],[ʌ.dit̚.nɯn.tʃi.nɛ.ga]
한 명뿐이에요,21,[han.mjʌm.p͈un.i.e.jo],[han.mjʌm.p͈un.i.e.jo]
일 났어,21,[il.lat̚.ʌ],[il.lat̚.ʌ]
와 우리가,21,[wa.u.ɾi.ka],[wa.u.ɾi.ga]
이러고도 무사할,21,[i.ɾʌ.ko.to.mu.sa.hal],[i.ɾʌ.go.do.mu.sa.hal]
I''m just trying,21,,
그렇게 나와,21,[kɯ.ɾʌt̚.ke.na.wa],[gɯ.ɾʌt̚.ke.na.wa]
됐어 당신이,21,[twɛt̚.ʌ.taŋ.sin.i],[dwɛt̚.ʌ.daŋ.sin.i]
빨리 이리,21,[p͈al.ɾi.i.ɾi],[p͈al.ɾi.i.ɾi]
싸울 필요 없어,21,[s͈a.ul.pʰil.jo.ʌp̚.ʌ],[s͈a.ul.pʰil.jo.ʌp̚.ʌ]
그럼 시작한다,21,[kɯ.ɾʌm.si.tʃak̚.han.ta],[gɯ.ɾʌm.si.dʒak̚.han.ta]
I''m just trying to,21,,
됐어 미안해,21,[twɛt̚.ʌ.mi.an.hɛ],[dwɛt̚.ʌ.mi.an.hɛ]
와 제발,21,[wa.tʃe.pal],[wa.dʒe.bal]
좋아 여기가,21,[tʃot̚.a.jʌ.ki.ka],[dʒot̚.a.jʌ.gi.ga]
찾을 수가 없었어요,21,[tʃʰat̚.ɯl.su.ka.ʌp̚.ʌt̚.ʌ.jo],[tʃʰat̚.ɯl.su.ga.ʌp̚.ʌt̚.ʌ.jo]
내가 이성을,21,[nɛ.ka.i.sʌŋ.ɯl],[nɛ.ga.i.sʌŋ.ɯl]
있다 젠장,21,[it̚.ta.tʃen.tʃaŋ],[it̚.ta.dʒen.tʃaŋ]
것 같더라구요,21,[kʌt̚.kat̚.tʌ.ɾa.ku.jo],[gʌt̚.gat̚.tʌ.ɾa.gu.jo]
걘 아직,21,[kjɛn.a.tʃik̚],[gjɛn.a.dʒik̚]
감사합니다 아닐세,21,[kam.sa.hap̚.ni.ta.a.nil.se],[gam.sa.hap̚.ni.da.a.nil.se]
물 수,21,[mul.su],[mul.su]
조언이 필요해요,21,[tʃo.ʌn.i.pʰil.jo.hɛ.jo],[dʒo.ʌn.i.pʰil.jo.hɛ.jo]
알아 바로,21,[al.a.pa.ɾo],[al.a.ba.ɾo]
부탁하는 게 아니야,21,[pu.tʰak̚.ha.nɯŋ.ke.a.ni.ja],[bu.tʰak̚.ha.nɯn.ge.a.ni.ja]
남을까 봐,21,[nam.ɯl.k͈a.pwa],[nam.ɯl.k͈a.bwa]
놀기 좋아하는,21,[nol.ki.tʃot̚.a.ha.nɯn],[nol.ki.dʒot̚.a.ha.nɯn]
더 파,21,[tʌ.pʰa],[dʌ.pʰa]
못 나오게 해,21,[mot̚.na.o.ke.hɛ],[mot̚.na.o.ge.hɛ]
큰 덩어리,21,[kʰɯn.tʌŋ.ʌ.ɾi],[kʰɯn.dʌŋ.ʌ.ɾi]
마음 같아서는,21,[ma.ɯm.kat̚.a.sʌ.nɯn],[ma.ɯm.gat̚.a.sʌ.nɯn]
싶어요 그냥,21,[sip̚.ʌ.jo.kɯ.njaŋ],[sip̚.ʌ.jo.gɯ.njaŋ]
대해 넌,21,[tɛ.hɛ.nʌn],[dɛ.hɛ.nʌn]
귀찮게 안 할게,21,[kwi.tʃʰaŋ.ke.an.hal.ke],[gwi.tʃʰaŋ.ke.an.hal.ke]
어떤 이유에서인지,21,[ʌ.t͈ʌn.i.ju.e.sʌ.in.tʃi],[ʌ.t͈ʌn.i.ju.e.sʌ.in.tʃi]
맞는 것 같네,21,[mat̚.nɯŋ.kʌt̚.kat̚.ne],[mat̚.nɯn.gʌt̚.gat̚.ne]
late for,21,,
동업자 간의 예의라고,21,[toŋ.ʌp̚.tʃa.kan.ɯi.je.ɯi.ɾa.ko],[doŋ.ʌp̚.tʃa.gan.ɯi.je.ɯi.ɾa.go]
당장 끌고,21,[taŋ.tʃaŋ.k͈ɯl.ko],[daŋ.dʒaŋ.k͈ɯl.ko]
시스템을 통해,21,[si.sɯ.tʰem.ɯl.tʰoŋ.hɛ],[si.sɯ.tʰem.ɯl.tʰoŋ.hɛ]
와요 여기,21,[wa.jo.jʌ.ki],[wa.jo.jʌ.gi]
이러지 마 난,21,[i.ɾʌ.tʃi.ma.nan],[i.ɾʌ.dʒi.ma.nan]
알아 아,21,[al.a.a],[al.a.a]
내 동료들,21,[nɛ.toŋ.ɾjo.tɯl],[nɛ.doŋ.ɾjo.dɯl]
그거 하난,21,[kɯ.kʌ.ha.nan],[gɯ.gʌ.ha.nan]
있던 네,21,[it̚.tʌn.ne],[it̚.tʌn.ne]
와인 마실래요,21,[wa.in.ma.sil.ɾɛ.jo],[wa.in.ma.sil.ɾɛ.jo]
보고 싶은 거,21,[po.ko.sip̚.ɯŋ.kʌ],[bo.go.sip̚.ɯn.gʌ]
와인 좀 더,21,[wa.in.tʃon.tʌ],[wa.in.dʒom.dʌ]
갇힌 거예요,21,[kat̚.hiŋ.kʌ.je.jo],[gat̚.hin.gʌ.je.jo]
있도록 그리고,21,[it̚.to.ɾok̚.kɯ.ɾi.ko],[it̚.to.ɾok̚.gɯ.ɾi.go]
가져온 걸,21,[ka.tʃjʌ.oŋ.kʌl],[ga.dʒjʌ.on.gʌl]
가 봤더니,21,[ka.pwat̚.tʌ.ni],[ga.bwat̚.tʌ.ni]
그거 해,21,[kɯ.kʌ.hɛ],[gɯ.gʌ.hɛ]
거다 그걸,21,[kʌ.ta.kɯ.kʌl],[gʌ.da.gɯ.gʌl]
못 느끼게,21,[mot̚.nɯ.k͈i.ke],[mot̚.nɯ.k͈i.ge]
널 또,21,[nʌl.t͈o],[nʌl.t͈o]
key to,21,,
알아 사실,21,[al.a.sa.sil],[al.a.sa.sil]
보고 싶은가,21,[po.ko.sip̚.ɯŋ.ka],[bo.go.sip̚.ɯŋ.ka]
한번도 그런,21,[ham.pʌn.to.kɯ.ɾʌn],[ham.pʌn.to.gɯ.ɾʌn]
많이 사랑해요,21,[man.i.sa.ɾaŋ.hɛ.jo],[man.i.sa.ɾaŋ.hɛ.jo]
들어갈 것,21,[tɯl.ʌ.kal.kʌt̚],[dɯl.ʌ.gal.gʌt̚]
했죠 어떻게,21,[hɛt̚.tʃjo.ʌ.t͈ʌt̚.ke],[hɛt̚.tʃjo.ʌ.t͈ʌt̚.ke]
완벽하지 않은,21,[wam.pjʌk̚.ha.tʃi.an.ɯn],[wam.pjʌk̚.ha.dʒi.an.ɯn]
어머니를 죽인 자를 찾아냈지만,21,[ʌ.mʌ.ni.ɾɯl.tʃuk̚.in.tʃa.ɾɯl.tʃʰat̚.a.nɛt̚.tʃi.man],[ʌ.mʌ.ni.ɾɯl.dʒuk̚.in.dʒa.ɾɯl.tʃʰat̚.a.nɛt̚.tʃi.man]
신 앞에서,21,[sin.ap̚.e.sʌ],[sin.ap̚.e.sʌ]
날 거기로,21,[nal.kʌ.ki.ɾo],[nal.gʌ.gi.ɾo]
알 바 아닙니다,21,[al.pa.a.nip̚.ni.ta],[al.ba.a.nip̚.ni.da]
완벽한 선물이지,21,[wam.pjʌk̚.han.sʌn.mul.i.tʃi],[wam.pjʌk̚.han.sʌn.mul.i.dʒi]
곧 만나게 될,21,[kot̚.man.na.ke.twel],[got̚.man.na.ge.dwel]
피가 나고,21,[pʰi.ka.na.ko],[pʰi.ga.na.go]
난 그냥 당신이,21,[naŋ.kɯ.njaŋ.taŋ.sin.i],[nan.gɯ.njaŋ.daŋ.sin.i]
only have,21,,
됐죠 사람들 눈에,21,[twɛt̚.tʃjo.sa.ɾan.tɯl.lun.e],[dwɛt̚.tʃjo.sa.ɾan.tɯl.lun.e]
완성 못,21,[wan.sʌŋ.mot̚],[wan.sʌŋ.mot̚]
보내지 말고,21,[po.nɛ.tʃi.mal.ko],[bo.nɛ.dʒi.mal.ko]
kids are,21,,
천주의 성모,21,[tʃʰʌn.tʃu.ɯi.sʌŋ.mo],[tʃʰʌn.tʃu.ɯi.sʌŋ.mo]
남자는 자기,21,[nan.tʃa.nɯn.tʃa.ki],[nan.tʃa.nɯn.dʒa.gi]
됐지 내,21,[twɛt̚.tʃi.nɛ],[dwɛt̚.tʃi.nɛ]
보고 있기,21,[po.ko.it̚.ki],[bo.go.it̚.ki]
못 됐어요,21,[mot̚.twɛt̚.ʌ.jo],[mot̚.dwɛt̚.ʌ.jo]
발로 걸어,21,[pal.ɾo.kʌl.ʌ],[bal.ɾo.gʌl.ʌ]
건 관심 없어,21,[kʌŋ.kwan.sim.ʌp̚.ʌ],[gʌn.gwan.sim.ʌp̚.ʌ]
거 명심해,21,[kʌ.mjʌŋ.sim.hɛ],[gʌ.mjʌŋ.sim.hɛ]
증거가있을 수 있습니다,21,[tʃɯŋ.kʌ.ka.it̚.ɯl.su.it̚.sɯp̚.ni.ta],[dʒɯŋ.gʌ.ga.it̚.ɯl.su.it̚.sɯp̚.ni.da]
있어 당신과,21,[it̚.ʌ.taŋ.siŋ.kwa],[it̚.ʌ.daŋ.siŋ.kwa]
그거면 됩니다,21,[kɯ.kʌ.mjʌn.twep̚.ni.ta],[gɯ.gʌ.mjʌn.dwep̚.ni.da]
프로답지 못한,21,[pʰɯ.ɾo.tap̚.tʃi.mot̚.han],[pʰɯ.ɾo.dap̚.tʃi.mot̚.han]
슬픈 소식이,21,[sɯl.pʰɯn.so.sik̚.i],[sɯl.pʰɯn.so.sik̚.i]
뭘 잘못 먹었나,21,[mwʌl.tʃal.mot̚.mʌk̚.ʌt̚.na],[mwʌl.dʒal.mot̚.mʌk̚.ʌt̚.na]
못 드는,21,[mot̚.tɯ.nɯn],[mot̚.dɯ.nɯn]
들어나 보자,21,[tɯl.ʌ.na.po.tʃa],[dɯl.ʌ.na.bo.dʒa]
불러낼 수,21,[pul.ɾʌ.nɛl.su],[bul.ɾʌ.nɛl.su]
걔가 얼마나,21,[kjɛ.ka.ʌl.ma.na],[gjɛ.ga.ʌl.ma.na]
자고 가도 돼,21,[tʃa.ko.ka.to.twɛ],[dʒa.go.ga.do.dwɛ]
여자 만나,21,[jʌ.tʃa.man.na],[jʌ.dʒa.man.na]
우리 모두 죽을 거야,21,[u.ɾi.mo.tu.tʃuk̚.ɯl.kʌ.ja],[u.ɾi.mo.du.dʒuk̚.ɯl.gʌ.ja]
알아 있잖아,21,[al.a.it̚.tʃan.a],[al.a.it̚.tʃan.a]
무슨 상황이지,21,[mu.sɯn.saŋ.hwaŋ.i.tʃi],[mu.sɯn.saŋ.hwaŋ.i.dʒi]
그거야 나는,21,[kɯ.kʌ.ja.na.nɯn],[gɯ.gʌ.ja.na.nɯn]
어떤 메시지를,21,[ʌ.t͈ʌn.me.si.tʃi.ɾɯl],[ʌ.t͈ʌn.me.si.dʒi.ɾɯl]
조용한 음악,21,[tʃo.joŋ.han.ɯm.ak̚],[dʒo.joŋ.han.ɯm.ak̚]
말도 안 돼 네,21,[mal.to.an.twɛ.ne],[mal.to.an.dwɛ.ne]
힘을 써,21,[him.ɯl.s͈ʌ],[him.ɯl.s͈ʌ]
그가 사랑하는,21,[kɯ.ka.sa.ɾaŋ.ha.nɯn],[gɯ.ga.sa.ɾaŋ.ha.nɯn]
일도 하지,21,[il.to.ha.tʃi],[il.to.ha.dʒi]
지내고 싶어요,21,[tʃi.nɛ.ko.sip̚.ʌ.jo],[dʒi.nɛ.go.sip̚.ʌ.jo]
무슨 생각 하고,21,[mu.sɯn.sɛŋ.kak̚.ha.ko],[mu.sɯn.sɛŋ.gak̚.ha.go]
건 그걸,21,[kʌŋ.kɯ.kʌl],[gʌn.gɯ.gʌl]
언제 했어,21,[ʌn.tʃe.hɛt̚.ʌ],[ʌn.tʃe.hɛt̚.ʌ]
자고 있다,21,[tʃa.ko.it̚.ta],[dʒa.go.it̚.ta]
내가 멍청하다고,21,[nɛ.ka.mʌŋ.tʃʰʌŋ.ha.ta.ko],[nɛ.ga.mʌŋ.tʃʰʌŋ.ha.da.go]
찾아야 될,21,[tʃʰat̚.a.ja.twel],[tʃʰat̚.a.ja.dwel]
시간 낭비입니다,21,[si.kan.nam.pi.ip̚.ni.ta],[si.gan.naŋ.bi.ip̚.ni.da]
있는 것보다 훨씬,21,[it̚.nɯŋ.kʌt̚.po.ta.hwʌl.s͈in],[it̚.nɯn.gʌt̚.po.da.hwʌl.s͈in]
있겠죠 그럼,21,[it̚.ket̚.tʃjo.kɯ.ɾʌm],[it̚.ket̚.tʃjo.gɯ.ɾʌm]
거네 내,21,[kʌ.ne.nɛ],[gʌ.ne.nɛ]
게 효과가,21,[ke.hjo.kwa.ka],[ge.hjo.gwa.ga]
번 봅시다,21,[pʌm.pop̚.si.ta],[bʌn.bop̚.si.da]
못 할 이유가,21,[mot̚.hal.i.ju.ka],[mot̚.hal.i.ju.ga]
그리고 할 수,21,[kɯ.ɾi.ko.hal.su],[gɯ.ɾi.go.hal.su]
되겠지 그래,21,[twe.ket̚.tʃi.kɯ.ɾɛ],[dwe.get̚.tʃi.gɯ.ɾɛ]
되겠죠 그리고,21,[twe.ket̚.tʃjo.kɯ.ɾi.ko],[dwe.get̚.tʃjo.gɯ.ɾi.go]
또 뭔데요,21,[t͈o.mwʌn.te.jo],[t͈o.mwʌn.te.jo]
왔기 때문에,21,[wat̚.ki.t͈ɛ.mun.e],[wat̚.ki.t͈ɛ.mun.e]
그거야 이제,21,[kɯ.kʌ.ja.i.tʃe],[gɯ.gʌ.ja.i.dʒe]
누가 너의,21,[nu.ka.nʌ.ɯi],[nu.ga.nʌ.ɯi]
피고 측이,21,[pʰi.ko.tʃʰɯk̚.i],[pʰi.go.tʃʰɯk̚.i]
그렇게 말 안 했어,21,[kɯ.ɾʌt̚.ke.mal.an.hɛt̚.ʌ],[gɯ.ɾʌt̚.ke.mal.an.hɛt̚.ʌ]
정말 굉장하네요,21,[tʃʌŋ.mal.kweŋ.tʃaŋ.ha.ne.jo],[dʒʌŋ.mal.gweŋ.dʒaŋ.ha.ne.jo]
화분에 물,21,[hwa.pun.e.mul],[hwa.bun.e.mul]
들어볼 수,21,[tɯl.ʌ.pol.su],[dɯl.ʌ.bol.su]
어떤 분이셨어요,21,[ʌ.t͈ʌm.pun.i.sjʌt̚.ʌ.jo],[ʌ.t͈ʌn.bun.i.sjʌt̚.ʌ.jo]
난 결정을,21,[naŋ.kjʌl.tʃʌŋ.ɯl],[nan.gjʌl.tʃʌŋ.ɯl]
다시 확인하고,21,[ta.si.hwak̚.in.ha.ko],[da.si.hwak̚.in.ha.go]
어떤 사람으로,21,[ʌ.t͈ʌn.sa.ɾam.ɯ.ɾo],[ʌ.t͈ʌn.sa.ɾam.ɯ.ɾo]
거 같던데요,21,[kʌ.kat̚.tʌn.te.jo],[gʌ.gat̚.tʌn.te.jo]
있어야 하거든,21,[it̚.ʌ.ja.ha.kʌ.tɯn],[it̚.ʌ.ja.ha.gʌ.dɯn]
봤던 걸,21,[pwat̚.tʌŋ.kʌl],[bwat̚.tʌn.gʌl]
그렇게 말이,21,[kɯ.ɾʌt̚.ke.mal.i],[gɯ.ɾʌt̚.ke.mal.i]
물거품이 될,21,[mul.kʌ.pʰum.i.twel],[mul.kʌ.pʰum.i.dwel]
정신 나간 소리,21,[tʃʌŋ.sin.na.kan.so.ɾi],[dʒʌŋ.sin.na.gan.so.ɾi]
분이면 될,21,[pun.i.mjʌn.twel],[bun.i.mjʌn.dwel]
말을 하면서,21,[mal.ɯl.ha.mjʌn.sʌ],[mal.ɯl.ha.mjʌn.sʌ]
찾으라고 해,21,[tʃʰat̚.ɯ.ɾa.ko.hɛ],[tʃʰat̚.ɯ.ɾa.go.hɛ]
게 우리 일이야,21,[ke.u.ɾi.il.i.ja],[ge.u.ɾi.il.i.ja]
언제나 너의,21,[ʌn.tʃe.na.nʌ.ɯi],[ʌn.tʃe.na.nʌ.ɯi]
여자 이,21,[jʌ.tʃa.i],[jʌ.dʒa.i]
있어요 됐어요,21,[it̚.ʌ.jo.twɛt̚.ʌ.jo],[it̚.ʌ.jo.dwɛt̚.ʌ.jo]
못 들은 것,21,[mot̚.tɯl.ɯŋ.kʌt̚],[mot̚.dɯl.ɯn.gʌt̚]
can''t wait to,21,,
있는 것인가,21,[it̚.nɯŋ.kʌt̚.iŋ.ka],[it̚.nɯn.gʌt̚.iŋ.ka]
찾으면 이,21,[tʃʰat̚.ɯ.mjʌn.i],[tʃʰat̚.ɯ.mjʌn.i]
시간 가는 줄 몰랐어,21,[si.kaŋ.ka.nɯn.tʃul.mol.ɾat̚.ʌ],[si.gan.ga.nɯn.dʒul.mol.ɾat̚.ʌ]
참 재밌지,21,[tʃʰan.tʃɛ.mit̚.tʃi],[tʃʰam.dʒɛ.mit̚.tʃi]
있어요 아니야,21,[it̚.ʌ.jo.a.ni.ja],[it̚.ʌ.jo.a.ni.ja]
거죠 고마워요,21,[kʌ.tʃjo.ko.ma.wʌ.jo],[gʌ.dʒjo.go.ma.wʌ.jo]
어서 올라와,21,[ʌ.sʌ.ol.ɾa.wa],[ʌ.sʌ.ol.ɾa.wa]
거 같아 그리고,21,[kʌ.kat̚.a.kɯ.ɾi.ko],[gʌ.gat̚.a.gɯ.ɾi.go]
경적이 연신,21,[kjʌŋ.tʃʌk̚.i.jʌn.sin],[gjʌŋ.dʒʌk̚.i.jʌn.sin]
보군 네,21,[po.kun.ne],[bo.gun.ne]
왔어 그건,21,[wat̚.ʌ.kɯ.kʌn],[wat̚.ʌ.gɯ.gʌn]
말고 얘기해,21,[mal.ko.jɛ.ki.hɛ],[mal.ko.jɛ.gi.hɛ]
산산조각 날,21,[san.san.tʃo.kak̚.nal],[san.san.tʃo.gak̚.nal]
미안한 게,21,[mi.an.haŋ.ke],[mi.an.han.ge]
꽤 오랜,21,[k͈wɛ.o.ɾɛn],[k͈wɛ.o.ɾɛn]
항상 생각하지,21,[haŋ.saŋ.sɛŋ.kak̚.ha.tʃi],[haŋ.saŋ.sɛŋ.gak̚.ha.dʒi]
말고 진정해,21,[mal.ko.tʃin.tʃʌŋ.hɛ],[mal.ko.dʒin.tʃʌŋ.hɛ]
왔어 아니,21,[wat̚.ʌ.a.ni],[wat̚.ʌ.a.ni]
이 꼴이야,21,[i.k͈ol.i.ja],[i.k͈ol.i.ja]
전에 말이에요,21,[tʃʌn.e.mal.i.e.jo],[dʒʌn.e.mal.i.e.jo]
알 수 없고,21,[al.su.ʌp̚.ko],[al.su.ʌp̚.ko]
맞는 사람,21,[mat̚.nɯn.sa.ɾam],[mat̚.nɯn.sa.ɾam]
시간 낼,21,[si.kan.nɛl],[si.gan.nɛl]
미안해 너한테,21,[mi.an.hɛ.nʌ.han.tʰe],[mi.an.hɛ.nʌ.han.tʰe]
그건 공평하지,21,[kɯ.kʌŋ.kom.pʰjʌŋ.ha.tʃi],[gɯ.gʌn.gom.pʰjʌŋ.ha.dʒi]
하지만 이번 일은,21,[ha.tʃi.man.i.pʌn.il.ɯn],[ha.dʒi.man.i.bʌn.il.ɯn]
되나 본데,21,[twe.na.pon.te],[dwe.na.bon.te]
있었다면 왜,21,[it̚.ʌt̚.ta.mjʌn.wɛ],[it̚.ʌt̚.ta.mjʌn.wɛ]
조용히 있어야,21,[tʃo.joŋ.hi.it̚.ʌ.ja],[dʒo.joŋ.hi.it̚.ʌ.ja]
대신 이렇게,21,[tɛ.sin.i.ɾʌt̚.ke],[dɛ.sin.i.ɾʌt̚.ke]
물건 중에,21,[mul.kʌn.tʃuŋ.e],[mul.kʌn.dʒuŋ.e]
시간 못,21,[si.kan.mot̚],[si.gan.mot̚]
걸 알아 그리고,21,[kʌl.al.a.kɯ.ɾi.ko],[gʌl.al.a.gɯ.ɾi.go]
되는 거 같아,21,[twe.nɯŋ.kʌ.kat̚.a],[dwe.nɯn.gʌ.gat̚.a]
시간 문제지,21,[si.kan.mun.tʃe.tʃi],[si.gan.mun.tʃe.dʒi]
말도 해,21,[mal.to.hɛ],[mal.to.hɛ]
곽 전무,21,[kwak̚.tʃʌn.mu],[gwak̚.dʒʌn.mu]
일단 가자,21,[il.taŋ.ka.tʃa],[il.tan.ga.dʒa]
되는 거거든,21,[twe.nɯŋ.kʌ.kʌ.tɯn],[dwe.nɯn.gʌ.gʌ.dɯn]
좋아하진 않아요,21,[tʃot̚.a.ha.tʃin.an.a.jo],[dʒot̚.a.ha.dʒin.an.a.jo]
이런 말 하고,21,[i.ɾʌn.mal.ha.ko],[i.ɾʌn.mal.ha.go]
왔지 내,21,[wat̚.tʃi.nɛ],[wat̚.tʃi.nɛ]
놈 잡아,21,[non.tʃap̚.a],[nom.dʒap̚.a]
나의 사랑을,21,[na.ɯi.sa.ɾaŋ.ɯl],[na.ɯi.sa.ɾaŋ.ɯl]
날 도와주면 나도,21,[nal.to.wa.tʃu.mjʌn.na.to],[nal.do.wa.dʒu.mjʌn.na.do]
need to do,21,,
간직하고 있어,21,[kan.tʃik̚.ha.ko.it̚.ʌ],[gan.tʃik̚.ha.go.it̚.ʌ]
있으니 이제,21,[it̚.ɯ.ni.i.tʃe],[it̚.ɯ.ni.i.dʒe]
말소리가 들린다,21,[mal.so.ɾi.ka.tɯl.ɾin.ta],[mal.so.ɾi.ga.dɯl.ɾin.ta]
꿈을 꾸죠,21,[k͈um.ɯl.k͈u.tʃjo],[k͈um.ɯl.k͈u.dʒjo]
갖고 있나요,21,[kat̚.ko.it̚.na.jo],[gat̚.ko.it̚.na.jo]
있으면 네가,21,[it̚.ɯ.mjʌn.ne.ka],[it̚.ɯ.mjʌn.ne.ga]
혹시 니가,21,[hok̚.si.ni.ka],[hok̚.si.ni.ga]
말할 수 있다고,21,[mal.hal.su.it̚.ta.ko],[mal.hal.su.it̚.ta.go]
이런 말을 했어,21,[i.ɾʌn.mal.ɯl.hɛt̚.ʌ],[i.ɾʌn.mal.ɯl.hɛt̚.ʌ]
놈들은 우릴,21,[non.tɯl.ɯn.u.ɾil],[non.tɯl.ɯn.u.ɾil]
말을 했든,21,[mal.ɯl.hɛt̚.tɯn],[mal.ɯl.hɛt̚.tɯn]
그렇게 하고 싶지,21,[kɯ.ɾʌt̚.ke.ha.ko.sip̚.tʃi],[gɯ.ɾʌt̚.ke.ha.go.sip̚.tʃi]
상관없어 중요한 건,21,[saŋ.kwan.ʌp̚.ʌ.tʃuŋ.jo.haŋ.kʌn],[saŋ.gwan.ʌp̚.ʌ.dʒuŋ.jo.han.gʌn]
오래 걸렸는지,21,[o.ɾɛ.kʌl.ɾjʌt̚.nɯn.tʃi],[o.ɾɛ.gʌl.ɾjʌt̚.nɯn.tʃi]
그건 나도 모르지,21,[kɯ.kʌn.na.to.mo.ɾɯ.tʃi],[gɯ.gʌn.na.do.mo.ɾɯ.dʒi]
아무도 여기서,21,[a.mu.to.jʌ.ki.sʌ],[a.mu.do.jʌ.gi.sʌ]
얼굴 인식을,21,[ʌl.kul.in.sik̚.ɯl],[ʌl.kul.in.sik̚.ɯl]
게다가 두,21,[ke.ta.ka.tu],[ge.da.ga.du]
왜 가져,21,[wɛ.ka.tʃjʌ],[wɛ.ga.dʒjʌ]
인상을 줄,21,[in.saŋ.ɯl.tʃul],[in.saŋ.ɯl.dʒul]
수 없지만 하지만,21,[su.ʌp̚.tʃi.man.ha.tʃi.man],[su.ʌp̚.tʃi.man.ha.dʒi.man]
처음 들었어요,21,[tʃʰʌ.ɯn.tɯl.ʌt̚.ʌ.jo],[tʃʰʌ.ɯm.dɯl.ʌt̚.ʌ.jo]
않기 때문입니다,21,[aŋ.ki.t͈ɛ.mun.ip̚.ni.ta],[aŋ.ki.t͈ɛ.mun.ip̚.ni.da]
알아냈을 거야,21,[al.a.nɛt̚.ɯl.kʌ.ja],[al.a.nɛt̚.ɯl.gʌ.ja]
도움을 요청하고,21,[to.um.ɯl.jo.tʃʰʌŋ.ha.ko],[do.um.ɯl.jo.tʃʰʌŋ.ha.go]
하면 돼 이,21,[ha.mjʌn.twɛ.i],[ha.mjʌn.dwɛ.i]
자기 의지로,21,[tʃa.ki.ɯi.tʃi.ɾo],[dʒa.gi.ɯi.dʒi.ɾo]
안녕 나도,21,[an.njʌŋ.na.to],[an.njʌŋ.na.do]
너 때문에 난,21,[nʌ.t͈ɛ.mun.e.nan],[nʌ.t͈ɛ.mun.e.nan]
내가 우리를,21,[nɛ.ka.u.ɾi.ɾɯl],[nɛ.ga.u.ɾi.ɾɯl]
알아냈을 때,21,[al.a.nɛt̚.ɯl.t͈ɛ],[al.a.nɛt̚.ɯl.t͈ɛ]
있을 수 있다는,21,[it̚.ɯl.su.it̚.ta.nɯn],[it̚.ɯl.su.it̚.ta.nɯn]
나의 오랜,21,[na.ɯi.o.ɾɛn],[na.ɯi.o.ɾɛn]
또 엄청,21,[t͈o.ʌn.tʃʰʌŋ],[t͈o.ʌn.tʃʰʌŋ]
어떻게 했니,21,[ʌ.t͈ʌt̚.ke.hɛt̚.ni],[ʌ.t͈ʌt̚.ke.hɛt̚.ni]
있을지 모르겠군요,21,[it̚.ɯl.tʃi.mo.ɾɯ.ket̚.kun.jo],[it̚.ɯl.tʃi.mo.ɾɯ.get̚.kun.jo]
게 보였어요,21,[ke.po.jʌt̚.ʌ.jo],[ge.bo.jʌt̚.ʌ.jo]
미안해 그런데,21,[mi.an.hɛ.kɯ.ɾʌn.te],[mi.an.hɛ.gɯ.ɾʌn.te]
시간에 다시,21,[si.kan.e.ta.si],[si.gan.e.da.si]
왜 그래야 하는거지,21,[wɛ.kɯ.ɾɛ.ja.ha.nɯŋ.kʌ.tʃi],[wɛ.gɯ.ɾɛ.ja.ha.nɯŋ.kʌ.dʒi]
이런 사건,21,[i.ɾʌn.sa.kʌn],[i.ɾʌn.sa.gʌn]
할 것만,21,[hal.kʌt̚.man],[hal.gʌt̚.man]
그건 내 일이야,21,[kɯ.kʌn.nɛ.il.i.ja],[gɯ.gʌn.nɛ.il.i.ja]
당신과 달리,21,[taŋ.siŋ.kwa.tal.ɾi],[daŋ.siŋ.kwa.dal.ɾi]
나는 친구를,21,[na.nɯn.tʃʰiŋ.ku.ɾɯl],[na.nɯn.tʃʰiŋ.ku.ɾɯl]
걸 경찰이,21,[kʌl.kjʌŋ.tʃʰal.i],[gʌl.gjʌŋ.tʃʰal.i]
있죠 그러면,21,[it̚.tʃjo.kɯ.ɾʌ.mjʌn],[it̚.tʃjo.gɯ.ɾʌ.mjʌn]
안심이 된다,21,[an.sim.i.twen.ta],[an.sim.i.dwen.ta]
순 없지 그럼,21,[sun.ʌp̚.tʃi.kɯ.ɾʌm],[sun.ʌp̚.tʃi.gɯ.ɾʌm]
있죠 또,21,[it̚.tʃjo.t͈o],[it̚.tʃjo.t͈o]
되는데 어떻게,21,[twe.nɯn.te.ʌ.t͈ʌt̚.ke],[dwe.nɯn.te.ʌ.t͈ʌt̚.ke]
오래 걸리면,21,[o.ɾɛ.kʌl.ɾi.mjʌn],[o.ɾɛ.gʌl.ɾi.mjʌn]
게다가 오늘,21,[ke.ta.ka.o.nɯl],[ge.da.ga.o.nɯl]
멀리 가지 마,21,[mʌl.ɾi.ka.tʃi.ma],[mʌl.ɾi.ga.dʒi.ma]
help him,21,,
확인된 건,21,[hwak̚.in.tweŋ.kʌn],[hwak̚.in.twen.gʌn]
난 운전,21,[nan.un.tʃʌn],[nan.un.tʃʌn]
깜짝 놀라,21,[k͈an.tʃ͈ak̚.nol.ɾa],[k͈an.tʃ͈ak̚.nol.ɾa]
왜 그렇게 된,21,[wɛ.kɯ.ɾʌt̚.ke.twen],[wɛ.gɯ.ɾʌt̚.ke.dwen]
있지 이렇게,21,[it̚.tʃi.i.ɾʌt̚.ke],[it̚.tʃi.i.ɾʌt̚.ke]
우리 세상이 새로운 위협에,21,[u.ɾi.se.saŋ.i.sɛ.ɾo.un.wi.hjʌp̚.e],[u.ɾi.se.saŋ.i.sɛ.ɾo.un.wi.hjʌp̚.e]
I said I,21,,
저희 둘이,21,[tʃʌ.hɯi.tul.i],[dʒʌ.hɯi.dul.i]
특별한 날에,21,[tʰɯk̚.pjʌl.han.nal.e],[tʰɯk̚.pjʌl.han.nal.e]
당신은 이해하지 못한다,21,[taŋ.sin.ɯn.i.hɛ.ha.tʃi.mot̚.han.ta],[daŋ.sin.ɯn.i.hɛ.ha.dʒi.mot̚.han.ta]
시간을 끌고,21,[si.kan.ɯl.k͈ɯl.ko],[si.gan.ɯl.k͈ɯl.ko]
화장실도 못,21,[hwa.tʃaŋ.sil.to.mot̚],[hwa.dʒaŋ.sil.to.mot̚]
사람들 목숨이,21,[sa.ɾan.tɯl.mok̚.sum.i],[sa.ɾan.tɯl.mok̚.sum.i]
나 살려,21,[na.sal.ɾjʌ],[na.sal.ɾjʌ]
알아볼 방법은,21,[al.a.pol.pam.pʌp̚.ɯn],[al.a.bol.baŋ.bʌp̚.ɯn]
두 가지입니다,21,[tu.ka.tʃi.ip̚.ni.ta],[du.ga.dʒi.ip̚.ni.da]
시간을 되돌려,21,[si.kan.ɯl.twe.tol.ɾjʌ],[si.gan.ɯl.dwe.dol.ɾjʌ]
in the first,21,,
천둥 번개가,21,[tʃʰʌn.tum.pʌŋ.kɛ.ka],[tʃʰʌn.tuŋ.bʌŋ.kɛ.ga]
안 내놓으면,21,[an.nɛ.not̚.ɯ.mjʌn],[an.nɛ.not̚.ɯ.mjʌn]
달러 가치가,21,[tal.ɾʌ.ka.tʃʰi.ka],[dal.ɾʌ.ga.tʃʰi.ga]
해 주시면 안,21,[hɛ.tʃu.si.mjʌn.an],[hɛ.dʒu.si.mjʌn.an]
되돌릴 방법을,21,[twe.tol.ɾil.pam.pʌp̚.ɯl],[dwe.dol.ɾil.baŋ.bʌp̚.ɯl]
여자가 필요해,21,[jʌ.tʃa.ka.pʰil.jo.hɛ],[jʌ.dʒa.ga.pʰil.jo.hɛ]
손에 죽을 줄,21,[son.e.tʃuk̚.ɯl.tʃul],[son.e.dʒuk̚.ɯl.dʒul]
거 같아요 하지만,21,[kʌ.kat̚.a.jo.ha.tʃi.man],[gʌ.gat̚.a.jo.ha.dʒi.man]
알아볼 테니까,21,[al.a.pol.tʰe.ni.k͈a],[al.a.bol.tʰe.ni.k͈a]
좋은 게 뭔지 알아,21,[tʃot̚.ɯŋ.ke.mwʌn.tʃi.al.a],[dʒot̚.ɯn.ge.mwʌn.tʃi.al.a]
혀를 잘라,21,[hjʌ.ɾɯl.tʃal.ɾa],[hjʌ.ɾɯl.dʒal.ɾa]
거 같았지,21,[kʌ.kat̚.at̚.tʃi],[gʌ.gat̚.at̚.tʃi]
못 보네,21,[mot̚.po.ne],[mot̚.bo.ne]
해 절대 안,21,[hɛ.tʃʌl.tɛ.an],[hɛ.dʒʌl.tɛ.an]
왜 당신 말을,21,[wɛ.taŋ.sin.mal.ɯl],[wɛ.daŋ.sin.mal.ɯl]
이런 얘기를 하는,21,[i.ɾʌn.jɛ.ki.ɾɯl.ha.nɯn],[i.ɾʌn.jɛ.gi.ɾɯl.ha.nɯn]
좋은 곳이네요,21,[tʃot̚.ɯŋ.kot̚.i.ne.jo],[dʒot̚.ɯn.got̚.i.ne.jo]
자기 행동에,21,[tʃa.ki.hɛŋ.toŋ.e],[dʒa.gi.hɛŋ.doŋ.e]
시간을 충분히,21,[si.kan.ɯl.tʃʰum.pun.hi],[si.gan.ɯl.tʃʰuŋ.bun.hi]
고마워 모두,21,[ko.ma.wʌ.mo.tu],[go.ma.wʌ.mo.du]
가고 싶다는,21,[ka.ko.sip̚.ta.nɯn],[ga.go.sip̚.ta.nɯn]
생일인 거,21,[sɛŋ.il.iŋ.kʌ],[sɛŋ.il.in.gʌ]
봐 내 말,21,[pwa.nɛ.mal],[bwa.nɛ.mal]
힘을 얻을,21,[him.ɯl.ʌt̚.ɯl],[him.ɯl.ʌt̚.ɯl]
돼요 곧,21,[twɛ.jo.kot̚],[dwɛ.jo.got̚]
때문에 힘든,21,[t͈ɛ.mun.e.hin.tɯn],[t͈ɛ.mun.e.hin.tɯn]
윅 파문,21,[wik̚.pʰa.mun],[wik̚.pʰa.mun]
반드시 찾아낼,21,[pan.tɯ.si.tʃʰat̚.a.nɛl],[ban.tɯ.si.tʃʰat̚.a.nɛl]
didn''t have to,21,,
글을 쓰기,21,[kɯl.ɯl.s͈ɯ.ki],[gɯl.ɯl.s͈ɯ.gi]
자네 가족을,21,[tʃa.ne.ka.tʃok̚.ɯl],[dʒa.ne.ga.dʒok̚.ɯl]
잘 다녀,21,[tʃal.ta.njʌ],[dʒal.da.njʌ]
지금은 모든 게,21,[tʃi.kɯm.ɯn.mo.tɯŋ.ke],[dʒi.gɯm.ɯn.mo.dɯn.ge]
왜 몰라요,21,[wɛ.mol.ɾa.jo],[wɛ.mol.ɾa.jo]
Call me,21,,
자네 할,21,[tʃa.ne.hal],[dʒa.ne.hal]
방법을 쓸,21,[pam.pʌp̚.ɯl.s͈ɯl],[baŋ.bʌp̚.ɯl.s͈ɯl]
몸을 따뜻하게,21,[mom.ɯl.t͈a.t͈ɯt̚.ha.ke],[mom.ɯl.t͈a.t͈ɯt̚.ha.ge]
시간이 부족해요,21,[si.kan.i.pu.tʃok̚.hɛ.jo],[si.gan.i.bu.dʒok̚.hɛ.jo]
여자는 어때,21,[jʌ.tʃa.nɯn.ʌ.t͈ɛ],[jʌ.dʒa.nɯn.ʌ.t͈ɛ]
would love to,21,,
하죠 그렇게,21,[ha.tʃjo.kɯ.ɾʌt̚.ke],[ha.dʒjo.gɯ.ɾʌt̚.ke]
첫 잔은,21,[tʃʰʌt̚.tʃan.ɯn],[tʃʰʌt̚.dʒan.ɯn]
쳐다보면 안,21,[tʃʰjʌ.ta.po.mjʌn.an],[tʃʰjʌ.da.bo.mjʌn.an]
돼요 그걸,21,[twɛ.jo.kɯ.kʌl],[dwɛ.jo.gɯ.gʌl]
산티노가 최고,21,[san.tʰi.no.ka.tʃʰwe.ko],[san.tʰi.no.ga.tʃʰwe.go]
이 지구의,21,[i.tʃi.ku.ɯi],[i.dʒi.gu.ɯi]
우리 아버지 아버지의,21,[u.ɾi.a.pʌ.tʃi.a.pʌ.tʃi.ɯi],[u.ɾi.a.bʌ.dʒi.a.bʌ.dʒi.ɯi]
일 중에 제일,21,[il.tʃuŋ.e.tʃe.il],[il.dʒuŋ.e.dʒe.il]
끝난 게 아니다,21,[k͈ɯt̚.naŋ.ke.a.ni.ta],[k͈ɯt̚.nan.ge.a.ni.da]
좋은 방법이 있어요,21,[tʃot̚.ɯm.pam.pʌp̚.i.it̚.ʌ.jo],[dʒot̚.ɯn.baŋ.bʌp̚.i.it̚.ʌ.jo]
말이야 내 말,21,[mal.i.ja.nɛ.mal],[mal.i.ja.nɛ.mal]
어떻게 됐게,21,[ʌ.t͈ʌt̚.ke.twɛt̚.ke],[ʌ.t͈ʌt̚.ke.dwɛt̚.ke]
걸 알았나요,21,[kʌl.al.at̚.na.jo],[gʌl.al.at̚.na.jo]
못 봤다는,21,[mot̚.pwat̚.ta.nɯn],[mot̚.bwat̚.ta.nɯn]
되어 있었는데,21,[twe.ʌ.it̚.ʌt̚.nɯn.te],[dwe.ʌ.it̚.ʌt̚.nɯn.te]
그렇단 거야,21,[kɯ.ɾʌt̚.taŋ.kʌ.ja],[gɯ.ɾʌt̚.tan.gʌ.ja]
믿기 힘드네요,21,[mit̚.ki.hin.tɯ.ne.jo],[mit̚.ki.hin.tɯ.ne.jo]
아무리 생각해,21,[a.mu.ɾi.sɛŋ.kak̚.hɛ],[a.mu.ɾi.sɛŋ.gak̚.hɛ]
법을 알아,21,[pʌp̚.ɯl.al.a],[bʌp̚.ɯl.al.a]
이런 일이 생길 줄,21,[i.ɾʌn.il.i.sɛŋ.kil.tʃul],[i.ɾʌn.il.i.sɛŋ.gil.dʒul]
그건 됐어요,21,[kɯ.kʌn.twɛt̚.ʌ.jo],[gɯ.gʌn.dwɛt̚.ʌ.jo]
don''t get it,21,,
시간이 좀 걸릴 겁니다,21,[si.kan.i.tʃom.kʌl.ɾil.kʌp̚.ni.ta],[si.gan.i.dʒom.gʌl.ɾil.gʌp̚.ni.da]
테니까 다,21,[tʰe.ni.k͈a.ta],[tʰe.ni.k͈a.da]
왜 안 자,21,[wɛ.an.tʃa],[wɛ.an.dʒa]
봐 가면서,21,[pwa.ka.mjʌn.sʌ],[bwa.ga.mjʌn.sʌ]
말이야 사람들이,21,[mal.i.ja.sa.ɾan.tɯl.i],[mal.i.ja.sa.ɾan.tɯl.i]
적 있다,21,[tʃʌk̚.it̚.ta],[dʒʌk̚.it̚.ta]
왜 안되죠,21,[wɛ.an.twe.tʃjo],[wɛ.an.twe.dʒjo]
윅을 다시,21,[wik̚.ɯl.ta.si],[wik̚.ɯl.da.si]
어떻게 되는거지,21,[ʌ.t͈ʌt̚.ke.twe.nɯŋ.kʌ.tʃi],[ʌ.t͈ʌt̚.ke.dwe.nɯŋ.kʌ.dʒi]
널 만났어,21,[nʌl.man.nat̚.ʌ],[nʌl.man.nat̚.ʌ]
좋은 사람들은,21,[tʃot̚.ɯn.sa.ɾan.tɯl.ɯn],[dʒot̚.ɯn.sa.ɾan.tɯl.ɯn]
가끔 네,21,[ka.k͈ɯm.ne],[ga.k͈ɯm.ne]
좋은 사람이 되고,21,[tʃot̚.ɯn.sa.ɾam.i.twe.ko],[dʒot̚.ɯn.sa.ɾam.i.dwe.go]
자면 돼요,21,[tʃa.mjʌn.twɛ.jo],[dʒa.mjʌn.dwɛ.jo]
무슨 의미일까,21,[mu.sɯn.ɯi.mi.il.k͈a],[mu.sɯn.ɯi.mi.il.k͈a]
나이를 먹고,21,[na.i.ɾɯl.mʌk̚.ko],[na.i.ɾɯl.mʌk̚.ko]
나는 무엇이,21,[na.nɯn.mu.ʌt̚.i],[na.nɯn.mu.ʌt̚.i]
믿을 수 있겠어요,21,[mit̚.ɯl.su.it̚.ket̚.ʌ.jo],[mit̚.ɯl.su.it̚.ket̚.ʌ.jo]
총상을 입었어요,21,[tʃʰoŋ.saŋ.ɯl.ip̚.ʌt̚.ʌ.jo],[tʃʰoŋ.saŋ.ɯl.ip̚.ʌt̚.ʌ.jo]
보면 항상,21,[po.mjʌn.haŋ.saŋ],[bo.mjʌn.haŋ.saŋ]
참 흥미로운,21,[tʃʰam.hɯŋ.mi.ɾo.un],[tʃʰam.hɯŋ.mi.ɾo.un]
하지 않겠소,21,[ha.tʃi.aŋ.ket̚.so],[ha.dʒi.aŋ.ket̚.so]
이렇게 힘이,21,[i.ɾʌt̚.ke.him.i],[i.ɾʌt̚.ke.him.i]
아무에게도 안,21,[a.mu.e.ke.to.an],[a.mu.e.ge.do.an]
했다 그래,21,[hɛt̚.ta.kɯ.ɾɛ],[hɛt̚.ta.gɯ.ɾɛ]
우리 클럽,21,[u.ɾi.kʰɯl.ɾʌp̚],[u.ɾi.kʰɯl.ɾʌp̚]
있다는 데,21,[it̚.ta.nɯn.te],[it̚.ta.nɯn.de]
언젠간 너도,21,[ʌn.tʃeŋ.kan.nʌ.to],[ʌn.tʃeŋ.kan.nʌ.do]
한숨 자고,21,[han.sun.tʃa.ko],[han.sum.dʒa.go]
한번 가보자,21,[ham.pʌŋ.ka.po.tʃa],[ham.pʌn.ga.bo.dʒa]
시궁창 같은,21,[si.kuŋ.tʃʰaŋ.kat̚.ɯn],[si.guŋ.tʃʰaŋ.gat̚.ɯn]
be home,21,,
절대로 못해,21,[tʃʌl.tɛ.ɾo.mot̚.hɛ],[dʒʌl.tɛ.ɾo.mot̚.hɛ]
대체 어딨는 거야,21,[tɛ.tʃʰe.ʌ.tit̚.nɯŋ.kʌ.ja],[dɛ.tʃʰe.ʌ.dit̚.nɯn.gʌ.ja]
쓴 건가요,21,[s͈ɯŋ.kʌŋ.ka.jo],[s͈ɯn.gʌŋ.ka.jo]
잘 되지 않았다,21,[tʃal.twe.tʃi.an.at̚.ta],[dʒal.dwe.dʒi.an.at̚.ta]
곳이 아니라,21,[kot̚.i.a.ni.ɾa],[got̚.i.a.ni.ɾa]
되지 말고,21,[twe.tʃi.mal.ko],[dwe.dʒi.mal.ko]
나 같은 이를,21,[na.kat̚.ɯn.i.ɾɯl],[na.gat̚.ɯn.i.ɾɯl]
좋은 선택이,21,[tʃot̚.ɯn.sʌn.tʰɛk̚.i],[dʒot̚.ɯn.sʌn.tʰɛk̚.i]
되지 못해,21,[twe.tʃi.mot̚.hɛ],[dwe.dʒi.mot̚.hɛ]
왜 일찍,21,[wɛ.il.tʃ͈ik̚],[wɛ.il.tʃ͈ik̚]
되지 않겠어요,21,[twe.tʃi.aŋ.ket̚.ʌ.jo],[dwe.dʒi.aŋ.ket̚.ʌ.jo]
좋은 소식 좀,21,[tʃot̚.ɯn.so.sik̚.tʃom],[dʒot̚.ɯn.so.sik̚.dʒom]
어떻게든 해볼게,21,[ʌ.t͈ʌt̚.ke.tɯn.hɛ.pol.ke],[ʌ.t͈ʌt̚.ke.dɯn.hɛ.bol.ke]
왜 있죠,21,[wɛ.it̚.tʃjo],[wɛ.it̚.tʃjo]
또는 나는,21,[t͈o.nɯn.na.nɯn],[t͈o.nɯn.na.nɯn]
난 당신이 원하는,21,[nan.taŋ.sin.i.wʌn.ha.nɯn],[nan.daŋ.sin.i.wʌn.ha.nɯn]
있어야 할거야,21,[it̚.ʌ.ja.hal.kʌ.ja],[it̚.ʌ.ja.hal.kʌ.ja]
대체 여기서 뭐하는 거야,21,[tɛ.tʃʰe.jʌ.ki.sʌ.mwʌ.ha.nɯŋ.kʌ.ja],[dɛ.tʃʰe.jʌ.gi.sʌ.mwʌ.ha.nɯn.gʌ.ja]
먹고 있고,21,[mʌk̚.ko.it̚.ko],[mʌk̚.ko.it̚.ko]
I''m on the,21,,
시도는 해봐야죠,21,[si.to.nɯn.hɛ.pwa.ja.tʃjo],[si.do.nɯn.hɛ.bwa.ja.dʒjo]
할 거야 이건,21,[hal.kʌ.ja.i.kʌn],[hal.gʌ.ja.i.gʌn]
해내지 못할,21,[hɛ.nɛ.tʃi.mot̚.hal],[hɛ.nɛ.dʒi.mot̚.hal]
왜 저런대,21,[wɛ.tʃʌ.ɾʌn.tɛ],[wɛ.dʒʌ.ɾʌn.tɛ]
시도할 거야,21,[si.to.hal.kʌ.ja],[si.do.hal.gʌ.ja]
왜 전에는,21,[wɛ.tʃʌn.e.nɯn],[wɛ.dʒʌn.e.nɯn]
말이 아니었어,21,[mal.i.a.ni.ʌt̚.ʌ],[mal.i.a.ni.ʌt̚.ʌ]
대체 왜 안,21,[tɛ.tʃʰe.wɛ.an],[dɛ.tʃʰe.wɛ.an]
나는 당신이 누구인지,21,[na.nɯn.taŋ.sin.i.nu.ku.in.tʃi],[na.nɯn.daŋ.sin.i.nu.gu.in.tʃi]
날 보호하려는,21,[nal.po.ho.ha.ɾjʌ.nɯn],[nal.bo.ho.ha.ɾjʌ.nɯn]
알아요 그걸,21,[al.a.jo.kɯ.kʌl],[al.a.jo.gɯ.gʌl]
거 기억 안 나요,21,[kʌ.ki.ʌk̚.an.na.jo],[gʌ.gi.ʌk̚.an.na.jo]
시동 좀,21,[si.toŋ.tʃom],[si.doŋ.dʒom]
하지만 결국은,21,[ha.tʃi.maŋ.kjʌl.kuk̚.ɯn],[ha.dʒi.man.gjʌl.kuk̚.ɯn]
말이 안 통해,21,[mal.i.an.tʰoŋ.hɛ],[mal.i.an.tʰoŋ.hɛ]
느끼고 있어요,21,[nɯ.k͈i.ko.it̚.ʌ.jo],[nɯ.k͈i.go.it̚.ʌ.jo]
두 딸을,21,[tu.t͈al.ɯl],[du.t͈al.ɯl]
배우고 있는,21,[pɛ.u.ko.it̚.nɯn],[bɛ.u.go.it̚.nɯn]
적이 없었잖아,21,[tʃʌk̚.i.ʌp̚.ʌt̚.tʃan.a],[dʒʌk̚.i.ʌp̚.ʌt̚.tʃan.a]
알았어요 그는,21,[al.at̚.ʌ.jo.kɯ.nɯn],[al.at̚.ʌ.jo.gɯ.nɯn]
거 기억나세요,21,[kʌ.ki.ʌk̚.na.se.jo],[gʌ.gi.ʌk̚.na.se.jo]
그들의 집을,21,[kɯ.tɯl.ɯi.tʃip̚.ɯl],[gɯ.dɯl.ɯi.dʒip̚.ɯl]
왠지 모르지만,21,[wɛn.tʃi.mo.ɾɯ.tʃi.man],[wɛn.tʃi.mo.ɾɯ.dʒi.man]
대해 우리에게,21,[tɛ.hɛ.u.ɾi.e.ke],[dɛ.hɛ.u.ɾi.e.ge]
느끼는 감정은,21,[nɯ.k͈i.nɯŋ.kan.tʃʌŋ.ɯn],[nɯ.k͈i.nɯn.gan.tʃʌŋ.ɯn]
왜 하필 그,21,[wɛ.ha.pʰil.kɯ],[wɛ.ha.pʰil.gɯ]
배우는 것,21,[pɛ.u.nɯŋ.kʌt̚],[bɛ.u.nɯn.gʌt̚]
자네 이름이 뭔가,21,[tʃa.ne.i.ɾɯm.i.mwʌŋ.ka],[dʒa.ne.i.ɾɯm.i.mwʌŋ.ka]
편의를 위해,21,[pʰjʌn.ɯi.ɾɯl.wi.hɛ],[pʰjʌn.ɯi.ɾɯl.wi.hɛ]
어떻게 살라고,21,[ʌ.t͈ʌt̚.ke.sal.ɾa.ko],[ʌ.t͈ʌt̚.ke.sal.ɾa.go]
끝났다고 했잖아,21,[k͈ɯt̚.nat̚.ta.ko.hɛt̚.tʃan.a],[k͈ɯt̚.nat̚.ta.go.hɛt̚.tʃan.a]
관심이 없었어,21,[kwan.sim.i.ʌp̚.ʌt̚.ʌ],[gwan.sim.i.ʌp̚.ʌt̚.ʌ]
함께할 수 없어,21,[ham.k͈e.hal.su.ʌp̚.ʌ],[ham.k͈e.hal.su.ʌp̚.ʌ]
체크아웃 한다고,21,[tʃʰe.kʰɯ.a.ut̚.han.ta.ko],[tʃʰe.kʰɯ.a.ut̚.han.ta.go]
왜냐면 나만이,21,[wɛ.nja.mjʌn.na.man.i],[wɛ.nja.mjʌn.na.man.i]
자를 찾아냈지만,21,[tʃa.ɾɯl.tʃʰat̚.a.nɛt̚.tʃi.man],[dʒa.ɾɯl.tʃʰat̚.a.nɛt̚.tʃi.man]
좋은 와인,21,[tʃot̚.ɯn.wa.in],[dʒot̚.ɯn.wa.in]
be mine,21,,
말이야 내 생각엔,21,[mal.i.ja.nɛ.sɛŋ.kak̚.en],[mal.i.ja.nɛ.sɛŋ.gak̚.en]
잘 보고 있어요,21,[tʃal.po.ko.it̚.ʌ.jo],[dʒal.bo.go.it̚.ʌ.jo]
내가 꿈에서,21,[nɛ.ka.k͈um.e.sʌ],[nɛ.ga.k͈um.e.sʌ]
말할 수 없이,21,[mal.hal.su.ʌp̚.i],[mal.hal.su.ʌp̚.i]
그건 불가능,21,[kɯ.kʌm.pul.ka.nɯŋ],[gɯ.gʌn.bul.ka.nɯŋ]
봐 드디어,21,[pwa.tɯ.ti.ʌ],[bwa.dɯ.di.ʌ]
왜냐하면 이제,21,[wɛ.nja.ha.mjʌn.i.tʃe],[wɛ.nja.ha.mjʌn.i.dʒe]
너무 지쳐서,21,[nʌ.mu.tʃi.tʃʰjʌ.sʌ],[nʌ.mu.dʒi.tʃʰjʌ.sʌ]
내 전화도 안,21,[nɛ.tʃʌn.hwa.to.an],[nɛ.dʒʌn.hwa.do.an]
몇 달이 걸릴,21,[mjʌt̚.tal.i.kʌl.ɾil],[mjʌt̚.dal.i.gʌl.ɾil]
금방 가도록 하지,21,[kɯm.paŋ.ka.to.ɾok̚.ha.tʃi],[gɯm.paŋ.ga.do.ɾok̚.ha.dʒi]
가지 모두,21,[ka.tʃi.mo.tu],[ga.dʒi.mo.du]
알리샤 아가씨,21,[al.ɾi.sja.a.ka.s͈i],[al.ɾi.sja.a.ga.s͈i]
먹으러 갈 거야,21,[mʌk̚.ɯ.ɾʌ.kal.kʌ.ja],[mʌk̚.ɯ.ɾʌ.gal.gʌ.ja]
그건 불법이야,21,[kɯ.kʌm.pul.pʌp̚.i.ja],[gɯ.gʌn.bul.pʌp̚.i.ja]
갈 길이 멀어요,21,[kal.kil.i.mʌl.ʌ.jo],[gal.gil.i.mʌl.ʌ.jo]
말해 보아라,21,[mal.hɛ.po.a.ɾa],[mal.hɛ.bo.a.ɾa]
잘 알겠다,21,[tʃal.al.ket̚.ta],[dʒal.al.ket̚.ta]
할 말 없다,21,[hal.mal.ʌp̚.ta],[hal.mal.ʌp̚.ta]
그렇게 하니까,21,[kɯ.ɾʌt̚.ke.ha.ni.k͈a],[gɯ.ɾʌt̚.ke.ha.ni.k͈a]
들을 수 있도록,21,[tɯl.ɯl.su.it̚.to.ɾok̚],[dɯl.ɯl.su.it̚.to.ɾok̚]
그렇게 하는데,21,[kɯ.ɾʌt̚.ke.ha.nɯn.te],[gɯ.ɾʌt̚.ke.ha.nɯn.te]
생활에 대해,21,[sɛŋ.hwal.e.tɛ.hɛ],[sɛŋ.hwal.e.dɛ.hɛ]
나중에 다시 올게요,21,[na.tʃuŋ.e.ta.si.ol.ke.jo],[na.dʒuŋ.e.da.si.ol.ke.jo]
가 맙소사,21,[ka.map̚.so.sa],[ga.map̚.so.sa]
나오는 그런,21,[na.o.nɯŋ.kɯ.ɾʌn],[na.o.nɯn.gɯ.ɾʌn]
한 바가지,21,[ham.pa.ka.tʃi],[han.ba.ga.dʒi]
할 말이 없습니다,21,[hal.mal.i.ʌp̚.sɯp̚.ni.ta],[hal.mal.i.ʌp̚.sɯp̚.ni.da]
대해 알고 있었어요,21,[tɛ.hɛ.al.ko.it̚.ʌt̚.ʌ.jo],[dɛ.hɛ.al.ko.it̚.ʌt̚.ʌ.jo]
피해자가 더,21,[pʰi.hɛ.tʃa.ka.tʌ],[pʰi.hɛ.dʒa.ga.dʌ]
하면 제,21,[ha.mjʌn.tʃe],[ha.mjʌn.dʒe]
충격을 주고,21,[tʃʰuŋ.kjʌk̚.ɯl.tʃu.ko],[tʃʰuŋ.gjʌk̚.ɯl.dʒu.go]
마음에 안 들었어요,21,[ma.ɯm.e.an.tɯl.ʌt̚.ʌ.jo],[ma.ɯm.e.an.dɯl.ʌt̚.ʌ.jo]
나중에 데리러,21,[na.tʃuŋ.e.te.ɾi.ɾʌ],[na.dʒuŋ.e.de.ɾi.ɾʌ]
전 대원은,21,[tʃʌn.tɛ.wʌn.ɯn],[dʒʌn.dɛ.wʌn.ɯn]
놓고 와,21,[not̚.ko.wa],[not̚.ko.wa]
놓고 이제 와서,21,[not̚.ko.i.tʃe.wa.sʌ],[not̚.ko.i.dʒe.wa.sʌ]
끝났어 네가,21,[k͈ɯt̚.nat̚.ʌ.ne.ka],[k͈ɯt̚.nat̚.ʌ.ne.ga]
독립 전쟁,21,[tok̚.ɾip̚.tʃʌn.tʃɛŋ],[dok̚.ɾip̚.dʒʌn.tʃɛŋ]
여자를 죽여,21,[jʌ.tʃa.ɾɯl.tʃuk̚.jʌ],[jʌ.dʒa.ɾɯl.dʒuk̚.jʌ]
나중에 마저,21,[na.tʃuŋ.e.ma.tʃʌ],[na.dʒuŋ.e.ma.dʒʌ]
우리 왕국을,21,[u.ɾi.waŋ.kuk̚.ɯl],[u.ɾi.waŋ.guk̚.ɯl]
외연궤도 통제,21,[we.jʌŋ.kwe.to.tʰoŋ.tʃe],[we.jʌŋ.kwe.do.tʰoŋ.dʒe]
외울 수,21,[we.ul.su],[we.ul.su]
날 제가,21,[nal.tʃe.ka],[nal.dʒe.ga]
멋진 말이네요,21,[mʌt̚.tʃin.mal.i.ne.jo],[mʌt̚.tʃin.mal.i.ne.jo]
잘 만났어,21,[tʃal.man.nat̚.ʌ],[dʒal.man.nat̚.ʌ]
날 지금,21,[nal.tʃi.kɯm],[nal.dʒi.gɯm]
왼쪽에 있어,21,[wen.tʃ͈ok̚.e.it̚.ʌ],[wen.tʃ͈ok̚.e.it̚.ʌ]
받고 온,21,[pat̚.ko.on],[bat̚.ko.on]
왼쪽으로 돌아,21,[wen.tʃ͈ok̚.ɯ.ɾo.tol.a],[wen.tʃ͈ok̚.ɯ.ɾo.dol.a]
잘못된 곳에,21,[tʃal.mot̚.tweŋ.kot̚.e],[dʒal.mot̚.twen.got̚.e]
시작이 안,21,[si.tʃak̚.i.an],[si.dʒak̚.i.an]
신경 쓰지 않았어요,21,[siŋ.kjʌŋ.s͈ɯ.tʃi.an.at̚.ʌ.jo],[siŋ.kjʌŋ.s͈ɯ.dʒi.an.at̚.ʌ.jo]
건 묻지,21,[kʌn.mut̚.tʃi],[gʌn.mut̚.tʃi]
내가 사준,21,[nɛ.ka.sa.tʃun],[nɛ.ga.sa.dʒun]
나도 이해해요,21,[na.to.i.hɛ.hɛ.jo],[na.do.i.hɛ.hɛ.jo]
요가 수업,21,[jo.ka.su.ʌp̚],[jo.ga.su.ʌp̚]
안 나왔죠,21,[an.na.wat̚.tʃjo],[an.na.wat̚.tʃjo]
하면 좋지,21,[ha.mjʌn.tʃot̚.tʃi],[ha.mjʌn.dʒot̚.tʃi]
된다 나는,21,[twen.ta.na.nɯn],[dwen.ta.na.nɯn]
좋은 일일,21,[tʃot̚.ɯn.il.il],[dʒot̚.ɯn.il.il]
가 뭘,21,[ka.mwʌl],[ga.mwʌl]
해요 누군가,21,[hɛ.jo.nu.kuŋ.ka],[hɛ.jo.nu.guŋ.ka]
보낼 준비가,21,[po.nɛl.tʃum.pi.ka],[bo.nɛl.dʒum.pi.ga]
놓을 것이다,21,[not̚.ɯl.kʌt̚.i.ta],[not̚.ɯl.gʌt̚.i.da]
날 죽이러 온,21,[nal.tʃuk̚.i.ɾʌ.on],[nal.dʒuk̚.i.ɾʌ.on]
어떻게 안 거죠,21,[ʌ.t͈ʌt̚.ke.aŋ.kʌ.tʃjo],[ʌ.t͈ʌt̚.ke.an.gʌ.dʒjo]
말이긴 한데,21,[mal.i.kin.han.te],[mal.i.gin.han.te]
우리 나가서,21,[u.ɾi.na.ka.sʌ],[u.ɾi.na.ga.sʌ]
다른 것처럼,21,[ta.ɾɯŋ.kʌt̚.tʃʰʌ.ɾʌm],[da.ɾɯn.gʌt̚.tʃʰʌ.ɾʌm]
맘에 들어온 것처럼,21,[mam.e.tɯl.ʌ.oŋ.kʌt̚.tʃʰʌ.ɾʌm],[mam.e.dɯl.ʌ.on.gʌt̚.tʃʰʌ.ɾʌm]
디씨 그아갤 jembyeong,21,[ti.s͈i.kɯ.a.kɛl],[di.s͈i.gɯ.a.gɛl]
더 필요하신거 있으신가요,21,[tʌ.pʰil.jo.ha.siŋ.kʌ.it̚.ɯ.siŋ.ka.jo],[dʌ.pʰil.jo.ha.siŋ.kʌ.it̚.ɯ.siŋ.ka.jo]
그래 잘됐네,21,[kɯ.ɾɛ.tʃal.twɛt̚.ne],[gɯ.ɾɛ.dʒal.twɛt̚.ne]
거죠 또,21,[kʌ.tʃjo.t͈o],[gʌ.dʒjo.t͈o]
차를 세웠어요,21,[tʃʰa.ɾɯl.se.wʌt̚.ʌ.jo],[tʃʰa.ɾɯl.se.wʌt̚.ʌ.jo]
잠깐 숨,21,[tʃam.k͈an.sum],[dʒam.k͈an.sum]
나는 같이,21,[na.nɯŋ.kat̚.i],[na.nɯn.gat̚.i]
마지막으로 내가,21,[ma.tʃi.mak̚.ɯ.ɾo.nɛ.ka],[ma.dʒi.mak̚.ɯ.ɾo.nɛ.ga]
난 감정을 가지고,21,[naŋ.kan.tʃʌŋ.ɯl.ka.tʃi.ko],[nan.gan.tʃʌŋ.ɯl.ga.dʒi.go]
만 건,21,[maŋ.kʌn],[man.gʌn]
아버지가 되는,21,[a.pʌ.tʃi.ka.twe.nɯn],[a.bʌ.dʒi.ga.dwe.nɯn]
무효가 될,21,[mu.hjo.ka.twel],[mu.hjo.ga.dwel]
모의 한숨,21,[mo.ɯi.han.sum],[mo.ɯi.han.sum]
아버지가 또,21,[a.pʌ.tʃi.ka.t͈o],[a.bʌ.dʒi.ga.t͈o]
독을 먹인,21,[tok̚.ɯl.mʌk̚.in],[dok̚.ɯl.mʌk̚.in]
대한 수사를,21,[tɛ.han.su.sa.ɾɯl],[dɛ.han.su.sa.ɾɯl]
I''m out of,21,,
그렇게 했고,21,[kɯ.ɾʌt̚.ke.hɛt̚.ko],[gɯ.ɾʌt̚.ke.hɛt̚.ko]
이렇게 두,21,[i.ɾʌt̚.ke.tu],[i.ɾʌt̚.ke.du]
나중에 설명해줄게,21,[na.tʃuŋ.e.sʌl.mjʌŋ.hɛ.tʃul.ke],[na.dʒuŋ.e.sʌl.mjʌŋ.hɛ.dʒul.ke]
수많은 사람들을,21,[su.man.ɯn.sa.ɾan.tɯl.ɯl],[su.man.ɯn.sa.ɾan.tɯl.ɯl]
나중에 설명할게요,21,[na.tʃuŋ.e.sʌl.mjʌŋ.hal.ke.jo],[na.dʒuŋ.e.sʌl.mjʌŋ.hal.ke.jo]
가치가 있다는 걸,21,[ka.tʃʰi.ka.it̚.ta.nɯŋ.kʌl],[ga.tʃʰi.ga.it̚.ta.nɯn.gʌl]
갈 거야 같이,21,[kal.kʌ.ja.kat̚.i],[gal.gʌ.ja.gat̚.i]
잠도 잘 못,21,[tʃan.to.tʃal.mot̚],[dʒan.to.dʒal.mot̚]
거 도와줘서,21,[kʌ.to.wa.tʃwʌ.sʌ],[gʌ.do.wa.dʒwʌ.sʌ]
a picture of,21,,
할 줄 알았다,21,[hal.tʃul.al.at̚.ta],[hal.dʒul.al.at̚.ta]
된다면 난,21,[twen.ta.mjʌn.nan],[dwen.ta.mjʌn.nan]
느낌이 왔어요,21,[nɯ.k͈im.i.wat̚.ʌ.jo],[nɯ.k͈im.i.wat̚.ʌ.jo]
날 부르고,21,[nal.pu.ɾɯ.ko],[nal.bu.ɾɯ.go]
요즘 네,21,[jo.tʃɯm.ne],[jo.dʒɯm.ne]
요즘 들어서,21,[jo.tʃɯn.tɯl.ʌ.sʌ],[jo.dʒɯm.dɯl.ʌ.sʌ]
I''ve heard,21,,
더 강해질 거야,21,[tʌ.kaŋ.hɛ.tʃil.kʌ.ja],[dʌ.gaŋ.hɛ.dʒil.gʌ.ja]
갖다 주는,21,[kat̚.ta.tʃu.nɯn],[gat̚.ta.dʒu.nɯn]
날 쫓아낼,21,[nal.tʃ͈ot̚.a.nɛl],[nal.tʃ͈ot̚.a.nɛl]
그렇게 확신할,21,[kɯ.ɾʌt̚.ke.hwak̚.sin.hal],[gɯ.ɾʌt̚.ke.hwak̚.sin.hal]
요즘 이,21,[jo.tʃɯm.i],[jo.dʒɯm.i]
요즘 이상해,21,[jo.tʃɯm.i.saŋ.hɛ],[jo.dʒɯm.i.saŋ.hɛ]
정말 아름답군,21,[tʃʌŋ.mal.a.ɾɯn.tap̚.kun],[dʒʌŋ.mal.a.ɾɯn.tap̚.kun]
그건 아빠,21,[kɯ.kʌn.a.p͈a],[gɯ.gʌn.a.p͈a]
쳐다보는 걸,21,[tʃʰjʌ.ta.po.nɯŋ.kʌl],[tʃʰjʌ.da.bo.nɯn.gʌl]
제안 하나 하지,21,[tʃe.an.ha.na.ha.tʃi],[dʒe.an.ha.na.ha.dʒi]
놔두고 갈,21,[nwa.tu.ko.kal],[nwa.du.go.gal]
것 같아 그래요,21,[kʌt̚.kat̚.a.kɯ.ɾɛ.jo],[gʌt̚.gat̚.a.gɯ.ɾɛ.jo]
내 말 듣고 있어요,21,[nɛ.mal.tɯt̚.ko.it̚.ʌ.jo],[nɛ.mal.dɯt̚.ko.it̚.ʌ.jo]
건지 몰랐어요,21,[kʌn.tʃi.mol.ɾat̚.ʌ.jo],[gʌn.tʃi.mol.ɾat̚.ʌ.jo]
우리 자신과,21,[u.ɾi.tʃa.siŋ.kwa],[u.ɾi.dʒa.siŋ.kwa]
회사 직원,21,[hwe.sa.tʃik̚.wʌn],[hwe.sa.dʒik̚.wʌn]
발사 준비 완료,21,[pal.sa.tʃum.pi.wal.ljo],[bal.sa.dʒum.pi.wal.ljo]
맞는 줄,21,[mat̚.nɯn.tʃul],[mat̚.nɯn.dʒul]
장기 이식을,21,[tʃaŋ.ki.i.sik̚.ɯl],[dʒaŋ.gi.i.sik̚.ɯl]
맞다 네,21,[mat̚.ta.ne],[mat̚.ta.ne]
흥미 롭다,21,[hɯŋ.mi.ɾop̚.ta],[hɯŋ.mi.ɾop̚.ta]
그렇겐 안 돼,21,[kɯ.ɾʌt̚.ken.an.twɛ],[gɯ.ɾʌt̚.ken.an.dwɛ]
알았다 이,21,[al.at̚.ta.i],[al.at̚.ta.i]
만들어 봐요,21,[man.tɯl.ʌ.pwa.jo],[man.tɯl.ʌ.bwa.jo]
알았다 지금,21,[al.at̚.ta.tʃi.kɯm],[al.at̚.ta.dʒi.gɯm]
봐 무서워서,21,[pwa.mu.sʌ.wʌ.sʌ],[bwa.mu.sʌ.wʌ.sʌ]
나랑 먼저,21,[na.ɾaŋ.mʌn.tʃʌ],[na.ɾaŋ.mʌn.tʃʌ]
거야 계획이,21,[kʌ.ja.kje.hwek̚.i],[gʌ.ja.gje.hwek̚.i]
당신을 떠나지,21,[taŋ.sin.ɯl.t͈ʌ.na.tʃi],[daŋ.sin.ɯl.t͈ʌ.na.dʒi]
거기 있구나,21,[kʌ.ki.it̚.ku.na],[gʌ.gi.it̚.ku.na]
어떻게 하는지 알아요,21,[ʌ.t͈ʌt̚.ke.ha.nɯn.tʃi.al.a.jo],[ʌ.t͈ʌt̚.ke.ha.nɯn.tʃi.al.a.jo]
있었단 거죠,21,[it̚.ʌt̚.taŋ.kʌ.tʃjo],[it̚.ʌt̚.tan.gʌ.dʒjo]
될 거야 이봐,21,[twel.kʌ.ja.i.pwa],[dwel.gʌ.ja.i.bwa]
변할 수 있어요,21,[pjʌn.hal.su.it̚.ʌ.jo],[bjʌn.hal.su.it̚.ʌ.jo]
경관 한,21,[kjʌŋ.kwan.han],[gjʌŋ.gwan.han]
번가 아래로,21,[pʌŋ.ka.a.ɾɛ.ɾo],[bʌŋ.ka.a.ɾɛ.ɾo]
나중에 제가,21,[na.tʃuŋ.e.tʃe.ka],[na.dʒuŋ.e.dʒe.ga]
장애 때문에,21,[tʃaŋ.ɛ.t͈ɛ.mun.e],[dʒaŋ.ɛ.t͈ɛ.mun.e]
아버지는 당신을,21,[a.pʌ.tʃi.nɯn.taŋ.sin.ɯl],[a.bʌ.dʒi.nɯn.daŋ.sin.ɯl]
깨닫게 되지,21,[k͈ɛ.tat̚.ke.twe.tʃi],[k͈ɛ.dat̚.ke.dwe.dʒi]
끝내 줘,21,[k͈ɯt̚.nɛ.tʃwʌ],[k͈ɯt̚.nɛ.dʒwʌ]
아직 전화,21,[a.tʃik̚.tʃʌn.hwa],[a.dʒik̚.dʒʌn.hwa]
중이야 나도,21,[tʃuŋ.i.ja.na.to],[dʒuŋ.i.ja.na.do]
다른 사람들에,21,[ta.ɾɯn.sa.ɾan.tɯl.e],[da.ɾɯn.sa.ɾan.tɯl.e]
한번 쳐,21,[ham.pʌn.tʃʰjʌ],[ham.pʌn.tʃʰjʌ]
필요 없어 여기,21,[pʰil.jo.ʌp̚.ʌ.jʌ.ki],[pʰil.jo.ʌp̚.ʌ.jʌ.gi]
배짱이 없어,21,[pɛ.tʃ͈aŋ.i.ʌp̚.ʌ],[bɛ.tʃ͈aŋ.i.ʌp̚.ʌ]
용의자 발견,21,[joŋ.ɯi.tʃa.pal.kjʌn],[joŋ.ɯi.dʒa.bal.kjʌn]
희망을 갖고,21,[hɯi.maŋ.ɯl.kat̚.ko],[hɯi.maŋ.ɯl.gat̚.ko]
배짱이 있는,21,[pɛ.tʃ͈aŋ.i.it̚.nɯn],[bɛ.tʃ͈aŋ.i.it̚.nɯn]
죄 없는 사람이,21,[tʃwe.ʌp̚.nɯn.sa.ɾam.i],[dʒwe.ʌp̚.nɯn.sa.ɾam.i]
나 보라고,21,[na.po.ɾa.ko],[na.bo.ɾa.go]
멋진 시간을,21,[mʌt̚.tʃin.si.kan.ɯl],[mʌt̚.tʃin.si.gan.ɯl]
책 안,21,[tʃʰɛk̚.an],[tʃʰɛk̚.an]
콜터 씨,21,[kʰol.tʰʌ.s͈i],[kʰol.tʰʌ.s͈i]
우는 것,21,[u.nɯŋ.kʌt̚],[u.nɯn.gʌt̚]
가자 이리 와,21,[ka.tʃa.i.ɾi.wa],[ga.dʒa.i.ɾi.wa]
건 불법이야,21,[kʌm.pul.pʌp̚.i.ja],[gʌn.bul.pʌp̚.i.ja]
그건 언제,21,[kɯ.kʌn.ʌn.tʃe],[gɯ.gʌn.ʌn.tʃe]
똑똑한 척,21,[t͈ok̚.t͈ok̚.han.tʃʰʌk̚],[t͈ok̚.t͈ok̚.han.tʃʰʌk̚]
합류할 수,21,[hap̚.ɾju.hal.su],[hap̚.ɾju.hal.su]
이렇게 사는 게,21,[i.ɾʌt̚.ke.sa.nɯŋ.ke],[i.ɾʌt̚.ke.sa.nɯn.ge]
맞은 것 같아,21,[mat̚.ɯŋ.kʌt̚.kat̚.a],[mat̚.ɯn.gʌt̚.gat̚.a]
개가 아니야,21,[kɛ.ka.a.ni.ja],[gɛ.ga.a.ni.ja]
될 것 같지,21,[twel.kʌt̚.kat̚.tʃi],[dwel.gʌt̚.gat̚.tʃi]
것도 날,21,[kʌt̚.to.nal],[gʌt̚.to.nal]
우리 가족이에요,21,[u.ɾi.ka.tʃok̚.i.e.jo],[u.ɾi.ga.dʒok̚.i.e.jo]
어서 끝내,21,[ʌ.sʌ.k͈ɯt̚.nɛ],[ʌ.sʌ.k͈ɯt̚.nɛ]
쟤들 좀 봐,21,[tʃjɛ.tɯl.tʃom.pwa],[dʒjɛ.dɯl.dʒom.bwa]
강력한 무기가,21,[kaŋ.ɾjʌk̚.han.mu.ki.ka],[gaŋ.ɾjʌk̚.han.mu.gi.ga]
확인 안 해,21,[hwak̚.in.an.hɛ],[hwak̚.in.an.hɛ]
우리 결혼이,21,[u.ɾi.kjʌl.hon.i],[u.ɾi.gjʌl.hon.i]
저 녀석들이,21,[tʃʌ.njʌ.sʌk̚.tɯl.i],[dʒʌ.njʌ.sʌk̚.tɯl.i]
우리 주위에,21,[u.ɾi.tʃu.wi.e],[u.ɾi.dʒu.wi.e]
그래 저도,21,[kɯ.ɾɛ.tʃʌ.to],[gɯ.ɾɛ.dʒʌ.do]
학교로 돌아갈,21,[hak̚.kjo.ɾo.tol.a.kal],[hak̚.kjo.ɾo.dol.a.gal]
자네가 마지막으로,21,[tʃa.ne.ka.ma.tʃi.mak̚.ɯ.ɾo],[dʒa.ne.ga.ma.dʒi.mak̚.ɯ.ɾo]
우리 그런,21,[u.ɾi.kɯ.ɾʌn],[u.ɾi.gɯ.ɾʌn]
우리 중 누군가는,21,[u.ɾi.tʃuŋ.nu.kuŋ.ka.nɯn],[u.ɾi.dʒuŋ.nu.guŋ.ka.nɯn]
보통 안,21,[po.tʰoŋ.an],[bo.tʰoŋ.an]
죄송합니다 그럼,21,[tʃwe.soŋ.hap̚.ni.ta.kɯ.ɾʌm],[dʒwe.soŋ.hap̚.ni.da.gɯ.ɾʌm]
대한 모든 것,21,[tɛ.han.mo.tɯŋ.kʌt̚],[dɛ.han.mo.dɯn.gʌt̚]
아버지를 위한 정의를 실현할,21,[a.pʌ.tʃi.ɾɯl.wi.han.tʃʌŋ.ɯi.ɾɯl.sil.hjʌn.hal],[a.bʌ.dʒi.ɾɯl.wi.han.dʒʌŋ.ɯi.ɾɯl.sil.hjʌn.hal]
저 여자들은,21,[tʃʌ.jʌ.tʃa.tɯl.ɯn],[dʒʌ.jʌ.dʒa.dɯl.ɯn]
내가 좀더,21,[nɛ.ka.tʃon.tʌ],[nɛ.ga.dʒon.tʌ]
다른 남자들은,21,[ta.ɾɯn.nan.tʃa.tɯl.ɯn],[da.ɾɯn.nan.tʃa.dɯl.ɯn]
똑바로 안 해,21,[t͈ok̚.pa.ɾo.an.hɛ],[t͈ok̚.pa.ɾo.an.hɛ]
자는 사이,21,[tʃa.nɯn.sa.i],[dʒa.nɯn.sa.i]
여쭤보고 싶은,21,[jʌ.tʃ͈wʌ.po.ko.sip̚.ɯn],[jʌ.tʃ͈wʌ.bo.go.sip̚.ɯn]
빛을 볼 수,21,[pit̚.ɯl.pol.su],[bit̚.ɯl.bol.su]
유력한 용의자입니다,21,[ju.ɾjʌk̚.han.joŋ.ɯi.tʃa.ip̚.ni.ta],[ju.ɾjʌk̚.han.joŋ.ɯi.dʒa.ip̚.ni.da]
때문이야 우리,21,[t͈ɛ.mun.i.ja.u.ɾi],[t͈ɛ.mun.i.ja.u.ɾi]
해요 둘,21,[hɛ.jo.tul],[hɛ.jo.dul]
큰 것이,21,[kʰɯŋ.kʌt̚.i],[kʰɯn.gʌt̚.i]
내 말 못 들었어요,21,[nɛ.mal.mot̚.tɯl.ʌt̚.ʌ.jo],[nɛ.mal.mot̚.dɯl.ʌt̚.ʌ.jo]
친구 차,21,[tʃʰiŋ.ku.tʃʰa],[tʃʰiŋ.ku.tʃʰa]
다시 현장에,21,[ta.si.hjʌn.tʃaŋ.e],[da.si.hjʌn.tʃaŋ.e]
어려운 선택을,21,[ʌ.ɾjʌ.un.sʌn.tʰɛk̚.ɯl],[ʌ.ɾjʌ.un.sʌn.tʰɛk̚.ɯl]
돈 돌려줘,21,[ton.tol.ɾjʌ.tʃwʌ],[don.dol.ɾjʌ.dʒwʌ]
나는 그 모든,21,[na.nɯŋ.kɯ.mo.tɯn],[na.nɯn.gɯ.mo.dɯn]
우리 뒤에 있는,21,[u.ɾi.twi.e.it̚.nɯn],[u.ɾi.dwi.e.it̚.nɯn]
있는 우리는,21,[it̚.nɯn.u.ɾi.nɯn],[it̚.nɯn.u.ɾi.nɯn]
나는 그 이름을,21,[na.nɯŋ.kɯ.i.ɾɯm.ɯl],[na.nɯn.gɯ.i.ɾɯm.ɯl]
있다면 그것은,21,[it̚.ta.mjʌŋ.kɯ.kʌt̚.ɯn],[it̚.ta.mjʌn.gɯ.gʌt̚.ɯn]
우리 딸들이,21,[u.ɾi.t͈al.tɯl.i],[u.ɾi.t͈al.tɯl.i]
게 이제,21,[ke.i.tʃe],[ge.i.dʒe]
정체를 밝힐,21,[tʃʌŋ.tʃʰe.ɾɯl.pak̚.hil],[dʒʌŋ.tʃʰe.ɾɯl.bak̚.hil]
우리 아버지한테,21,[u.ɾi.a.pʌ.tʃi.han.tʰe],[u.ɾi.a.bʌ.dʒi.han.tʰe]
그냥 밥,21,[kɯ.njam.pap̚],[gɯ.njaŋ.bap̚]
우리 막내,21,[u.ɾi.mak̚.nɛ],[u.ɾi.mak̚.nɛ]
아 무슨,21,[a.mu.sɯn],[a.mu.sɯn]
정말 이상했어,21,[tʃʌŋ.mal.i.saŋ.hɛt̚.ʌ],[dʒʌŋ.mal.i.saŋ.hɛt̚.ʌ]
할 경우,21,[hal.kjʌŋ.u],[hal.gjʌŋ.u]
있는 위치에,21,[it̚.nɯn.wi.tʃʰi.e],[it̚.nɯn.wi.tʃʰi.e]
될거야 그,21,[twel.kʌ.ja.kɯ],[dwel.kʌ.ja.gɯ]
후로 못,21,[hu.ɾo.mot̚],[hu.ɾo.mot̚]
그렇다고 말하고,21,[kɯ.ɾʌt̚.ta.ko.mal.ha.ko],[gɯ.ɾʌt̚.ta.go.mal.ha.go]
죄송해요 저는,21,[tʃwe.soŋ.hɛ.jo.tʃʌ.nɯn],[dʒwe.soŋ.hɛ.jo.dʒʌ.nɯn]
있고 지금은,21,[it̚.ko.tʃi.kɯm.ɯn],[it̚.ko.dʒi.gɯm.ɯn]
don''t let,21,,
신선한 공기도,21,[sin.sʌn.haŋ.koŋ.ki.to],[sin.sʌn.han.goŋ.gi.do]
될까 해서요,21,[twel.k͈a.hɛ.sʌ.jo],[dwel.k͈a.hɛ.sʌ.jo]
우리 모두에게 좋은,21,[u.ɾi.mo.tu.e.ke.tʃot̚.ɯn],[u.ɾi.mo.du.e.ge.dʒot̚.ɯn]
우리 모임에,21,[u.ɾi.mo.im.e],[u.ɾi.mo.im.e]
추적할 수 있게,21,[tʃʰu.tʃʌk̚.hal.su.it̚.ke],[tʃʰu.dʒʌk̚.hal.su.it̚.ke]
그것이 우리를,21,[kɯ.kʌt̚.i.u.ɾi.ɾɯl],[gɯ.gʌt̚.i.u.ɾi.ɾɯl]
감시카메라 영상을,21,[kam.si.kʰa.me.ɾa.jʌŋ.saŋ.ɯl],[gam.si.kʰa.me.ɾa.jʌŋ.saŋ.ɯl]
많이 기다렸지,21,[man.i.ki.ta.ɾjʌt̚.tʃi],[man.i.gi.da.ɾjʌt̚.tʃi]
우리 마을의,21,[u.ɾi.ma.ɯl.ɯi],[u.ɾi.ma.ɯl.ɯi]
죄책감 느낄,21,[tʃwe.tʃʰɛk̚.kam.nɯ.k͈il],[dʒwe.tʃʰɛk̚.kam.nɯ.k͈il]
우리 바로 뒤에,21,[u.ɾi.pa.ɾo.twi.e],[u.ɾi.ba.ɾo.dwi.e]
파는 거지,21,[pʰa.nɯŋ.kʌ.tʃi],[pʰa.nɯn.gʌ.dʒi]
일도 아니다,21,[il.to.a.ni.ta],[il.to.a.ni.da]
죄책감이 들어,21,[tʃwe.tʃʰɛk̚.kam.i.tɯl.ʌ],[dʒwe.tʃʰɛk̚.kam.i.dɯl.ʌ]
알았어 우리는,21,[al.at̚.ʌ.u.ɾi.nɯn],[al.at̚.ʌ.u.ɾi.nɯn]
아버진 어머니를 살해한 죄로,21,[a.pʌ.tʃin.ʌ.mʌ.ni.ɾɯl.sal.hɛ.han.tʃwe.ɾo],[a.bʌ.dʒin.ʌ.mʌ.ni.ɾɯl.sal.hɛ.han.dʒwe.ɾo]
신경 쓰지 않고,21,[siŋ.kjʌŋ.s͈ɯ.tʃi.aŋ.ko],[siŋ.kjʌŋ.s͈ɯ.dʒi.aŋ.ko]
반가워요 내,21,[paŋ.ka.wʌ.jo.nɛ],[baŋ.ka.wʌ.jo.nɛ]
한 군데만,21,[haŋ.kun.te.man],[han.gun.te.man]
후에 떠날,21,[hu.e.t͈ʌ.nal],[hu.e.t͈ʌ.nal]
것도 많아요,21,[kʌt̚.to.man.a.jo],[gʌt̚.to.man.a.jo]
돈 때문이 아니야,21,[ton.t͈ɛ.mun.i.a.ni.ja],[don.t͈ɛ.mun.i.a.ni.ja]
우리 사무실에서,21,[u.ɾi.sa.mu.sil.e.sʌ],[u.ɾi.sa.mu.sil.e.sʌ]
이렇게 하는 건,21,[i.ɾʌt̚.ke.ha.nɯŋ.kʌn],[i.ɾʌt̚.ke.ha.nɯn.gʌn]
그래도 되지만,21,[kɯ.ɾɛ.to.twe.tʃi.man],[gɯ.ɾɛ.do.dwe.dʒi.man]
필요도 없겠지,21,[pʰil.jo.to.ʌp̚.ket̚.tʃi],[pʰil.jo.do.ʌp̚.ket̚.tʃi]
확인됐습니다 존,21,[hwak̚.in.twɛt̚.sɯp̚.ni.ta.tʃon],[hwak̚.in.twɛt̚.sɯp̚.ni.da.dʒon]
잘 빠진,21,[tʃal.p͈a.tʃin],[dʒal.p͈a.dʒin]
있을 거라고 생각해,21,[it̚.ɯl.kʌ.ɾa.ko.sɛŋ.kak̚.hɛ],[it̚.ɯl.gʌ.ɾa.go.sɛŋ.gak̚.hɛ]
가 싫어,21,[ka.sil.ʌ],[ga.sil.ʌ]
여지가 없었죠,21,[jʌ.tʃi.ka.ʌp̚.ʌt̚.tʃjo],[jʌ.dʒi.ga.ʌp̚.ʌt̚.tʃjo]
알았어 자기,21,[al.at̚.ʌ.tʃa.ki],[al.at̚.ʌ.dʒa.gi]
할 것 같소,21,[hal.kʌt̚.kat̚.so],[hal.gʌt̚.gat̚.so]
우리 삶에서,21,[u.ɾi.sam.e.sʌ],[u.ɾi.sam.e.sʌ]
우리 아주,21,[u.ɾi.a.tʃu],[u.ɾi.a.dʒu]
해요 마지막,21,[hɛ.jo.ma.tʃi.mak̚],[hɛ.jo.ma.dʒi.mak̚]
우리 안의,21,[u.ɾi.an.ɯi],[u.ɾi.an.ɯi]
저주를 풀 수,21,[tʃʌ.tʃu.ɾɯl.pʰul.su],[dʒʌ.dʒu.ɾɯl.pʰul.su]
지분이 있다고,21,[tʃi.pun.i.it̚.ta.ko],[dʒi.bun.i.it̚.ta.go]
저지른 적이 없습니다,21,[tʃʌ.tʃi.ɾɯn.tʃʌk̚.i.ʌp̚.sɯp̚.ni.ta],[dʒʌ.dʒi.ɾɯn.dʒʌk̚.i.ʌp̚.sɯp̚.ni.da]
우리 세상이 새로운,21,[u.ɾi.se.saŋ.i.sɛ.ɾo.un],[u.ɾi.se.saŋ.i.sɛ.ɾo.un]
어둠 속에서도,21,[ʌ.tum.sok̚.e.sʌ.to],[ʌ.dum.sok̚.e.sʌ.do]
the area,21,,
요청한 건,21,[jo.tʃʰʌŋ.haŋ.kʌn],[jo.tʃʰʌŋ.han.gʌn]
우리 손녀,21,[u.ɾi.son.njʌ],[u.ɾi.son.njʌ]
두 개 있어요,21,[tu.kɛ.it̚.ʌ.jo],[du.gɛ.it̚.ʌ.jo]
주 예수 그리스도의,21,[tʃu.je.su.kɯ.ɾi.sɯ.to.ɯi],[dʒu.je.su.gɯ.ɾi.sɯ.do.ɯi]
초콜릿 바,21,[tʃʰo.kʰol.ɾit̚.pa],[tʃʰo.kʰol.ɾit̚.ba]
당신을 사랑한다고,21,[taŋ.sin.ɯl.sa.ɾaŋ.han.ta.ko],[daŋ.sin.ɯl.sa.ɾaŋ.han.ta.go]
했지 안,21,[hɛt̚.tʃi.an],[hɛt̚.tʃi.an]
큰 실수 하는 거야,21,[kʰɯn.sil.su.ha.nɯŋ.kʌ.ja],[kʰɯn.sil.su.ha.nɯn.gʌ.ja]
내가 죽는다면,21,[nɛ.ka.tʃuk̚.nɯn.ta.mjʌn],[nɛ.ga.dʒuk̚.nɯn.ta.mjʌn]
안 내려요,21,[an.nɛ.ɾjʌ.jo],[an.nɛ.ɾjʌ.jo]
남긴 거야,21,[nam.kiŋ.kʌ.ja],[nam.kin.gʌ.ja]
못 해 우리,21,[mot̚.hɛ.u.ɾi],[mot̚.hɛ.u.ɾi]
누가 볼,21,[nu.ka.pol],[nu.ga.bol]
him on,21,,
끝낼 때가,21,[k͈ɯt̚.nɛl.t͈ɛ.ka],[k͈ɯt̚.nɛl.t͈ɛ.ga]
그게 가능하지,21,[kɯ.ke.ka.nɯŋ.ha.tʃi],[gɯ.ge.ga.nɯŋ.ha.dʒi]
두 그룹으로,21,[tu.kɯ.ɾup̚.ɯ.ɾo],[du.gɯ.ɾup̚.ɯ.ɾo]
별 상관,21,[pjʌl.saŋ.kwan],[bjʌl.saŋ.gwan]
적 있거든요,21,[tʃʌk̚.it̚.kʌ.tɯn.jo],[dʒʌk̚.it̚.kʌ.dɯn.jo]
보여요 그,21,[po.jʌ.jo.kɯ],[bo.jʌ.jo.gɯ]
확인됐습니다 존 윅,21,[hwak̚.in.twɛt̚.sɯp̚.ni.ta.tʃon.wik̚],[hwak̚.in.twɛt̚.sɯp̚.ni.da.dʒon.wik̚]
뛰어넘을 수,21,[t͈wi.ʌ.nʌm.ɯl.su],[t͈wi.ʌ.nʌm.ɯl.su]
고객님의 전화기가,21,[ko.kɛk̚.nim.ɯi.tʃʌn.hwa.ki.ka],[go.gɛk̚.nim.ɯi.dʒʌn.hwa.gi.ga]
그들이 매우,21,[kɯ.tɯl.i.mɛ.u],[gɯ.dɯl.i.mɛ.u]
가지고 있지 않아요,21,[ka.tʃi.ko.it̚.tʃi.an.a.jo],[ga.dʒi.go.it̚.tʃi.an.a.jo]
먹는 건 어때,21,[mʌk̚.nɯŋ.kʌn.ʌ.t͈ɛ],[mʌk̚.nɯn.gʌn.ʌ.t͈ɛ]
어쩌면 그것은,21,[ʌ.tʃ͈ʌ.mjʌŋ.kɯ.kʌt̚.ɯn],[ʌ.tʃ͈ʌ.mjʌn.gɯ.gʌt̚.ɯn]
잘 살아요,21,[tʃal.sal.a.jo],[dʒal.sal.a.jo]
난 범인이,21,[nam.pʌm.in.i],[nan.bʌm.in.i]
적이 누군지,21,[tʃʌk̚.i.nu.kun.tʃi],[dʒʌk̚.i.nu.gun.tʃi]
적이 없대,21,[tʃʌk̚.i.ʌp̚.tɛ],[dʒʌk̚.i.ʌp̚.tɛ]
후회할 것,21,[hu.hwe.hal.kʌt̚],[hu.hwe.hal.gʌt̚]
잘 생겼다고,21,[tʃal.sɛŋ.kjʌt̚.ta.ko],[dʒal.sɛŋ.gjʌt̚.ta.go]
자를 찾아냈지만 그 과정에서,21,[tʃa.ɾɯl.tʃʰat̚.a.nɛt̚.tʃi.maŋ.kɯ.kwa.tʃʌŋ.e.sʌ],[dʒa.ɾɯl.tʃʰat̚.a.nɛt̚.tʃi.man.gɯ.gwa.dʒʌŋ.e.sʌ]
수 있는 안전한,21,[su.it̚.nɯn.an.tʃʌn.han],[su.it̚.nɯn.an.tʃʌn.han]
여기 배드,21,[jʌ.ki.pɛ.tɯ],[jʌ.gi.bɛ.dɯ]
우리 여기 있어요,21,[u.ɾi.jʌ.ki.it̚.ʌ.jo],[u.ɾi.jʌ.gi.it̚.ʌ.jo]
너 밖에 없어,21,[nʌ.pak̚.e.ʌp̚.ʌ],[nʌ.bak̚.e.ʌp̚.ʌ]
어리석게 굴지,21,[ʌ.ɾi.sʌk̚.ke.kul.tʃi],[ʌ.ɾi.sʌk̚.ke.gul.tʃi]
알 하라지,21,[al.ha.ɾa.tʃi],[al.ha.ɾa.dʒi]
감옥에 갔을,21,[kam.ok̚.e.kat̚.ɯl],[gam.ok̚.e.gat̚.ɯl]
정말 재밌네,21,[tʃʌŋ.mal.tʃɛ.mit̚.ne],[dʒʌŋ.mal.dʒɛ.mit̚.ne]
합니다 그렇지,21,[hap̚.ni.ta.kɯ.ɾʌt̚.tʃi],[hap̚.ni.da.gɯ.ɾʌt̚.tʃi]
하나도 안 괜찮아,21,[ha.na.to.aŋ.kwɛn.tʃʰan.a],[ha.na.do.an.gwɛn.tʃʰan.a]
우리 이모,21,[u.ɾi.i.mo],[u.ɾi.i.mo]
두 번밖에,21,[tu.pʌm.pak̚.e],[du.bʌm.pak̚.e]
밖에서 말이야,21,[pak̚.e.sʌ.mal.i.ja],[bak̚.e.sʌ.mal.i.ja]
우리 일이죠,21,[u.ɾi.il.i.tʃjo],[u.ɾi.il.i.dʒjo]
잘못되었나 봅니다,21,[tʃal.mot̚.twe.ʌt̚.na.pop̚.ni.ta],[dʒal.mot̚.twe.ʌt̚.na.bop̚.ni.da]
알았어요 빨리,21,[al.at̚.ʌ.jo.p͈al.ɾi],[al.at̚.ʌ.jo.p͈al.ɾi]
우리 잠시,21,[u.ɾi.tʃam.si],[u.ɾi.dʒam.si]
그 중 하나야,21,[kɯ.tʃuŋ.ha.na.ja],[gɯ.dʒuŋ.ha.na.ja]
얻고 싶은,21,[ʌt̚.ko.sip̚.ɯn],[ʌt̚.ko.sip̚.ɯn]
전 할 말,21,[tʃʌn.hal.mal],[dʒʌn.hal.mal]
자리를 내,21,[tʃa.ɾi.ɾɯl.lɛ],[dʒa.ɾi.ɾɯl.lɛ]
어머니는 날,21,[ʌ.mʌ.ni.nɯn.nal],[ʌ.mʌ.ni.nɯn.nal]
크리스티 씨,21,[kʰɯ.ɾi.sɯ.tʰi.s͈i],[kʰɯ.ɾi.sɯ.tʰi.s͈i]
그렇지 않아 하지만,21,[kɯ.ɾʌt̚.tʃi.an.a.ha.tʃi.man],[gɯ.ɾʌt̚.tʃi.an.a.ha.dʒi.man]
건 아닐 텐데요,21,[kʌn.a.nil.tʰen.te.jo],[gʌn.a.nil.tʰen.te.jo]
존은 분명,21,[tʃon.ɯm.pun.mjʌŋ],[dʒon.ɯn.bun.mjʌŋ]
걸 원할,21,[kʌl.wʌn.hal],[gʌl.wʌn.hal]
나는 어쩔,21,[na.nɯn.ʌ.tʃ͈ʌl],[na.nɯn.ʌ.tʃ͈ʌl]
반 이상이,21,[pan.i.saŋ.i],[ban.i.saŋ.i]
큰일 났네요,21,[kʰɯn.il.lat̚.ne.jo],[kʰɯn.il.lat̚.ne.jo]
우리 항상,21,[u.ɾi.haŋ.saŋ],[u.ɾi.haŋ.saŋ]
내 결혼식을,21,[nɛ.kjʌl.hon.sik̚.ɯl],[nɛ.gjʌl.hon.sik̚.ɯl]
규칙을 어겼어,21,[kju.tʃʰik̚.ɯl.ʌ.kjʌt̚.ʌ],[gju.tʃʰik̚.ɯl.ʌ.gjʌt̚.ʌ]
두 사람 중,21,[tu.sa.ɾan.tʃuŋ],[du.sa.ɾam.dʒuŋ]
그게 그게,21,[kɯ.ke.kɯ.ke],[gɯ.ge.gɯ.ge]
우리 집으로 가자,21,[u.ɾi.tʃip̚.ɯ.ɾo.ka.tʃa],[u.ɾi.dʒip̚.ɯ.ɾo.ga.dʒa]
비추어 볼 때,21,[pi.tʃʰu.ʌ.pol.t͈ɛ],[bi.tʃʰu.ʌ.bol.t͈ɛ]
늦게까지 안,21,[nɯt̚.ke.k͈a.tʃi.an],[nɯt̚.ke.k͈a.dʒi.an]
아니면 누군가가,21,[a.ni.mjʌn.nu.kuŋ.ka.ka],[a.ni.mjʌn.nu.guŋ.ka.ga]
끝을 내야,21,[k͈ɯt̚.ɯl.lɛ.ja],[k͈ɯt̚.ɯl.lɛ.ja]
누가 죽고,21,[nu.ka.tʃuk̚.ko],[nu.ga.dʒuk̚.ko]
할 말 없으세요,21,[hal.mal.ʌp̚.ɯ.se.jo],[hal.mal.ʌp̚.ɯ.se.jo]
자리를 차지하겠지,21,[tʃa.ɾi.ɾɯl.tʃʰa.tʃi.ha.ket̚.tʃi],[dʒa.ɾi.ɾɯl.tʃʰa.dʒi.ha.get̚.tʃi]
지내고 있는지,21,[tʃi.nɛ.ko.it̚.nɯn.tʃi],[dʒi.nɛ.go.it̚.nɯn.tʃi]
공략 안,21,[koŋ.ɾjak̚.an],[goŋ.ɾjak̚.an]
그래야 하는거지,21,[kɯ.ɾɛ.ja.ha.nɯŋ.kʌ.tʃi],[gɯ.ɾɛ.ja.ha.nɯŋ.kʌ.dʒi]
하시기 전에,21,[ha.si.ki.tʃʌn.e],[ha.si.gi.dʒʌn.e]
this school,21,,
존재가 됐죠 사람들 눈에,21,[tʃon.tʃɛ.ka.twɛt̚.tʃjo.sa.ɾan.tɯl.lun.e],[dʒon.tʃɛ.ga.dwɛt̚.tʃjo.sa.ɾan.tɯl.lun.e]
주님의 은총이,21,[tʃu.nim.ɯi.ɯn.tʃʰoŋ.i],[dʒu.nim.ɯi.ɯn.tʃʰoŋ.i]
우리 형님,21,[u.ɾi.hjʌŋ.nim],[u.ɾi.hjʌŋ.nim]
늦게 갈지도 모르니까,21,[nɯt̚.ke.kal.tʃi.to.mo.ɾɯ.ni.k͈a],[nɯt̚.ke.gal.tʃi.do.mo.ɾɯ.ni.k͈a]
도움이 될 거에요,21,[to.um.i.twel.kʌ.e.jo],[do.um.i.dwel.gʌ.e.jo]
전에 우릴,21,[tʃʌn.e.u.ɾil],[dʒʌn.e.u.ɾil]
핫한 귀신들과 함께하는 토크,21,[hat̚.haŋ.kwi.sin.tɯl.kwa.ham.k͈e.ha.nɯn.tʰo.kʰɯ],[hat̚.han.gwi.sin.tɯl.kwa.ham.k͈e.ha.nɯn.tʰo.kʰɯ]
이를 찾아내죠,21,[i.ɾɯl.tʃʰat̚.a.nɛ.tʃjo],[i.ɾɯl.tʃʰat̚.a.nɛ.dʒjo]
전에 준,21,[tʃʌn.e.tʃun],[dʒʌn.e.dʒun]
물론이지 그,21,[mul.ɾon.i.tʃi.kɯ],[mul.ɾon.i.dʒi.gɯ]
문을 활짝,21,[mun.ɯl.hwal.tʃ͈ak̚],[mun.ɯl.hwal.tʃ͈ak̚]
가면 어때요,21,[ka.mjʌn.ʌ.t͈ɛ.jo],[ga.mjʌn.ʌ.t͈ɛ.jo]
누가 죽었는지,21,[nu.ka.tʃuk̚.ʌt̚.nɯn.tʃi],[nu.ga.dʒuk̚.ʌt̚.nɯn.tʃi]
것도 봤고,21,[kʌt̚.to.pwat̚.ko],[gʌt̚.to.bwat̚.ko]
너 보면,21,[nʌ.po.mjʌn],[nʌ.bo.mjʌn]
그래서 첫,21,[kɯ.ɾɛ.sʌ.tʃʰʌt̚],[gɯ.ɾɛ.sʌ.tʃʰʌt̚]
알았어요 죄송해요,21,[al.at̚.ʌ.jo.tʃwe.soŋ.hɛ.jo],[al.at̚.ʌ.jo.dʒwe.soŋ.hɛ.jo]
우리가 고칠,21,[u.ɾi.ka.ko.tʃʰil],[u.ɾi.ga.go.tʃʰil]
do some,21,,
그래야 할까,21,[kɯ.ɾɛ.ja.hal.k͈a],[gɯ.ɾɛ.ja.hal.k͈a]
나한테 그러지,21,[na.han.tʰe.kɯ.ɾʌ.tʃi],[na.han.tʰe.gɯ.ɾʌ.dʒi]
그렇지 않을거야,21,[kɯ.ɾʌt̚.tʃi.an.ɯl.kʌ.ja],[gɯ.ɾʌt̚.tʃi.an.ɯl.kʌ.ja]
존재가 됐죠 사람들,21,[tʃon.tʃɛ.ka.twɛt̚.tʃjo.sa.ɾan.tɯl],[dʒon.tʃɛ.ga.dwɛt̚.tʃjo.sa.ɾan.tɯl]
오빠를 죽인,21,[o.p͈a.ɾɯl.tʃuk̚.in],[o.p͈a.ɾɯl.dʒuk̚.in]
love open,21,,
누가 죽였어,21,[nu.ka.tʃuk̚.jʌt̚.ʌ],[nu.ga.dʒuk̚.jʌt̚.ʌ]
그걸 네,21,[kɯ.kʌl.le],[gɯ.gʌl.le]
거고요 그리고,21,[kʌ.ko.jo.kɯ.ɾi.ko],[gʌ.go.jo.gɯ.ɾi.go]
살고 싶진,21,[sal.ko.sip̚.tʃin],[sal.ko.sip̚.tʃin]
해서 전,21,[hɛ.sʌ.tʃʌn],[hɛ.sʌ.dʒʌn]
얼마나 힘든데,21,[ʌl.ma.na.hin.tɯn.te],[ʌl.ma.na.hin.tɯn.te]
화장실 간다고,21,[hwa.tʃaŋ.sil.kan.ta.ko],[hwa.dʒaŋ.sil.gan.ta.go]
우리가 도착한,21,[u.ɾi.ka.to.tʃʰak̚.han],[u.ɾi.ga.do.tʃʰak̚.han]
아빠가 나를,21,[a.p͈a.ka.na.ɾɯl],[a.p͈a.ga.na.ɾɯl]
내 경력은,21,[nɛ.kjʌŋ.ɾjʌk̚.ɯn],[nɛ.gjʌŋ.ɾjʌk̚.ɯn]
아내가 있어요,21,[a.nɛ.ka.it̚.ʌ.jo],[a.nɛ.ga.it̚.ʌ.jo]
제 권한,21,[tʃe.kwʌn.han],[dʒe.gwʌn.han]
공략 안 하면,21,[koŋ.ɾjak̚.an.ha.mjʌn],[goŋ.ɾjak̚.an.ha.mjʌn]
법의학자이지만 비밀리에 빠른 속력을,21,[pʌp̚.ɯi.hak̚.tʃa.i.tʃi.mam.pi.mil.ɾi.e.p͈a.ɾɯn.sok̚.ɾjʌk̚.ɯl],[bʌp̚.ɯi.hak̚.tʃa.i.dʒi.man.bi.mil.ɾi.e.p͈a.ɾɯn.sok̚.ɾjʌk̚.ɯl]
my type,21,,
알았지 넌,21,[al.at̚.tʃi.nʌn],[al.at̚.tʃi.nʌn]
돈 여기,21,[ton.jʌ.ki],[don.jʌ.gi]
한잔 살게,21,[han.tʃan.sal.ke],[han.tʃan.sal.ke]
우리가 결혼했을,21,[u.ɾi.ka.kjʌl.hon.hɛt̚.ɯl],[u.ɾi.ga.gjʌl.hon.hɛt̚.ɯl]
우리가 만들어,21,[u.ɾi.ka.man.tɯl.ʌ],[u.ɾi.ga.man.tɯl.ʌ]
맞아 자,21,[mat̚.a.tʃa],[mat̚.a.dʒa]
Let my love open,21,,
다른 방법이 없었어요,21,[ta.ɾɯm.pam.pʌp̚.i.ʌp̚.ʌt̚.ʌ.jo],[da.ɾɯn.baŋ.bʌp̚.i.ʌp̚.ʌt̚.ʌ.jo]
했어 아빠,21,[hɛt̚.ʌ.a.p͈a],[hɛt̚.ʌ.a.p͈a]
누가 집,21,[nu.ka.tʃip̚],[nu.ga.dʒip̚]
실력을 보여줘,21,[sil.ɾjʌk̚.ɯl.po.jʌ.tʃwʌ],[sil.ɾjʌk̚.ɯl.bo.jʌ.dʒwʌ]
유감이야 그래,21,[ju.kam.i.ja.kɯ.ɾɛ],[ju.gam.i.ja.gɯ.ɾɛ]
못한 거지,21,[mot̚.haŋ.kʌ.tʃi],[mot̚.han.gʌ.dʒi]
테니 그걸,21,[tʰe.ni.kɯ.kʌl],[tʰe.ni.gɯ.gʌl]
기억이 잘 안 나요,21,[ki.ʌk̚.i.tʃal.an.na.jo],[gi.ʌk̚.i.dʒal.an.na.jo]
못한 것도,21,[mot̚.haŋ.kʌt̚.to],[mot̚.han.gʌt̚.to]
건 알고 계시죠,21,[kʌn.al.ko.kje.si.tʃjo],[gʌn.al.ko.gje.si.dʒjo]
전쟁이 끝난 후,21,[tʃʌn.tʃɛŋ.i.k͈ɯt̚.nan.hu],[dʒʌn.tʃɛŋ.i.k͈ɯt̚.nan.hu]
다른 방법이 있을거야,21,[ta.ɾɯm.pam.pʌp̚.i.it̚.ɯl.kʌ.ja],[da.ɾɯn.baŋ.bʌp̚.i.it̚.ɯl.kʌ.ja]
음악이 울려,21,[ɯm.ak̚.i.ul.ɾjʌ],[ɯm.ak̚.i.ul.ɾjʌ]
누구 있나,21,[nu.ku.it̚.na],[nu.gu.it̚.na]
두고 가려고,21,[tu.ko.ka.ɾjʌ.ko],[du.go.ga.ɾjʌ.go]
존스 홉킨스,21,[tʃon.sɯ.hop̚.kʰin.sɯ],[dʒon.sɯ.hop̚.kʰin.sɯ]
유감이야 나도,21,[ju.kam.i.ja.na.to],[ju.gam.i.ja.na.do]
주목해 주십시오,21,[tʃu.mok̚.hɛ.tʃu.sip̚.si.o],[dʒu.mok̚.hɛ.dʒu.sip̚.si.o]
맞아 이젠,21,[mat̚.a.i.tʃen],[mat̚.a.i.dʒen]
우리가 서 있는,21,[u.ɾi.ka.sʌ.it̚.nɯn],[u.ɾi.ga.sʌ.it̚.nɯn]
두려워 말라,21,[tu.ɾjʌ.wʌ.mal.ɾa],[du.ɾjʌ.wʌ.mal.ɾa]
좋은 면만,21,[tʃot̚.ɯn.mjʌn.man],[dʒot̚.ɯn.mjʌn.man]
실망하게 한,21,[sil.maŋ.ha.ke.han],[sil.maŋ.ha.ge.han]
그렇게 멀리까지,21,[kɯ.ɾʌt̚.ke.mʌl.ɾi.k͈a.tʃi],[gɯ.ɾʌt̚.ke.mʌl.ɾi.k͈a.dʒi]
새로운 단서를,21,[sɛ.ɾo.un.tan.sʌ.ɾɯl],[sɛ.ɾo.un.dan.sʌ.ɾɯl]
보는 거에요,21,[po.nɯŋ.kʌ.e.jo],[bo.nɯn.gʌ.e.jo]
건 알고 있습니다,21,[kʌn.al.ko.it̚.sɯp̚.ni.ta],[gʌn.al.ko.it̚.sɯp̚.ni.da]
이름은 뭔가요,21,[i.ɾɯm.ɯn.mwʌŋ.ka.jo],[i.ɾɯm.ɯn.mwʌŋ.ka.jo]
우리가 얘기하고,21,[u.ɾi.ka.jɛ.ki.ha.ko],[u.ɾi.ga.jɛ.gi.ha.go]
해 nbsp,21,[hɛ],[hɛ]
우리가 나설,21,[u.ɾi.ka.na.sʌl],[u.ɾi.ga.na.sʌl]
못할 거란,21,[mot̚.hal.kʌ.ɾan],[mot̚.hal.gʌ.ɾan]
점수 좀,21,[tʃʌm.su.tʃom],[dʒʌm.su.dʒom]
다른 병원으로,21,[ta.ɾɯm.pjʌŋ.wʌn.ɯ.ɾo],[da.ɾɯn.bjʌŋ.wʌn.ɯ.ɾo]
할 자격 없어,21,[hal.tʃa.kjʌk̚.ʌp̚.ʌ],[hal.dʒa.gjʌk̚.ʌp̚.ʌ]
우리가 길을,21,[u.ɾi.ka.kil.ɯl],[u.ɾi.ga.gil.ɯl]
뱅 Pussy,21,[pɛŋ],[bɛŋ]
돈 줘요,21,[ton.tʃwʌ.jo],[don.dʒwʌ.jo]
my mum,21,,
네 생각이었잖아,21,[ne.sɛŋ.kak̚.i.ʌt̚.tʃan.a],[ne.sɛŋ.gak̚.i.ʌt̚.tʃan.a]
신청할 수,21,[sin.tʃʰʌŋ.hal.su],[sin.tʃʰʌŋ.hal.su]
접근할 때,21,[tʃʌp̚.kɯn.hal.t͈ɛ],[dʒʌp̚.kɯn.hal.t͈ɛ]
응 하나,21,[ɯŋ.ha.na],[ɯŋ.ha.na]
수 있다 그는,21,[su.it̚.ta.kɯ.nɯn],[su.it̚.ta.gɯ.nɯn]
멍청한 짓이었어,21,[mʌŋ.tʃʰʌŋ.han.tʃit̚.i.ʌt̚.ʌ],[mʌŋ.tʃʰʌŋ.han.dʒit̚.i.ʌt̚.ʌ]
전해 주실래요,21,[tʃʌn.hɛ.tʃu.sil.ɾɛ.jo],[dʒʌn.hɛ.dʒu.sil.ɾɛ.jo]
뜨거운 물을,21,[t͈ɯ.kʌ.un.mul.ɯl],[t͈ɯ.gʌ.un.mul.ɯl]
친구가 됐어,21,[tʃʰiŋ.ku.ka.twɛt̚.ʌ],[tʃʰiŋ.ku.ga.dwɛt̚.ʌ]
게 뭐가 있다고,21,[ke.mwʌ.ka.it̚.ta.ko],[ge.mwʌ.ga.it̚.ta.go]
편히 쉬어라,21,[pʰjʌn.hi.swi.ʌ.ɾa],[pʰjʌn.hi.swi.ʌ.ɾa]
나도 돕고 싶지만,21,[na.to.top̚.ko.sip̚.tʃi.man],[na.do.dop̚.ko.sip̚.tʃi.man]
주세요 살려,21,[tʃu.se.jo.sal.ɾjʌ],[dʒu.se.jo.sal.ɾjʌ]
실제 상황이야,21,[sil.tʃe.saŋ.hwaŋ.i.ja],[sil.tʃe.saŋ.hwaŋ.i.ja]
누구도 믿을,21,[nu.ku.to.mit̚.ɯl],[nu.gu.do.mit̚.ɯl]
테고 우린,21,[tʰe.ko.u.ɾin],[tʰe.go.u.ɾin]
아냐 안 돼,21,[a.nja.an.twɛ],[a.nja.an.dwɛ]
우리가 당신에게,21,[u.ɾi.ka.taŋ.sin.e.ke],[u.ɾi.ga.daŋ.sin.e.ge]
일로 이렇게,21,[il.ɾo.i.ɾʌt̚.ke],[il.ɾo.i.ɾʌt̚.ke]
타고 있었는데,21,[tʰa.ko.it̚.ʌt̚.nɯn.te],[tʰa.go.it̚.ʌt̚.nɯn.te]
주세요 여보세요,21,[tʃu.se.jo.jʌ.po.se.jo],[dʒu.se.jo.jʌ.bo.se.jo]
못해 그건,21,[mot̚.hɛ.kɯ.kʌn],[mot̚.hɛ.gɯ.gʌn]
의 한,21,[ɯi.han],[ɯi.han]
아냐 이거,21,[a.nja.i.kʌ],[a.nja.i.gʌ]
You are my everything,21,,
실종 사건이,21,[sil.tʃoŋ.sa.kʌn.i],[sil.tʃoŋ.sa.gʌn.i]
누구도 해치지,21,[nu.ku.to.hɛ.tʃʰi.tʃi],[nu.gu.do.hɛ.tʃʰi.dʒi]
매일 함께,21,[mɛ.il.ham.k͈e],[mɛ.il.ham.k͈e]
남자 못,21,[nan.tʃa.mot̚],[nan.tʃa.mot̚]
남자 말이에요,21,[nan.tʃa.mal.i.e.jo],[nan.tʃa.mal.i.e.jo]
아냐 절대,21,[a.nja.tʃʌl.tɛ],[a.nja.dʒʌl.tɛ]
말이오 그,21,[mal.i.o.kɯ],[mal.i.o.gɯ]
니 생각엔,21,[ni.sɛŋ.kak̚.en],[ni.sɛŋ.gak̚.en]
가서 그렇게,21,[ka.sʌ.kɯ.ɾʌt̚.ke],[ga.sʌ.gɯ.ɾʌt̚.ke]
전하게 되어,21,[tʃʌn.ha.ke.twe.ʌ],[dʒʌn.ha.ge.dwe.ʌ]
우리가 하고 싶은,21,[u.ɾi.ka.ha.ko.sip̚.ɯn],[u.ɾi.ga.ha.go.sip̚.ɯn]
아빠가 꼭,21,[a.p͈a.ka.k͈ok̚],[a.p͈a.ga.k͈ok̚]
우리가 하는 방식입니다,21,[u.ɾi.ka.ha.nɯm.paŋ.sik̚.ip̚.ni.ta],[u.ɾi.ga.ha.nɯn.baŋ.sik̚.ip̚.ni.da]
것처럼요 하지만,21,[kʌt̚.tʃʰʌ.ɾʌm.jo.ha.tʃi.man],[gʌt̚.tʃʰʌ.ɾʌm.jo.ha.dʒi.man]
지키고 있다,21,[tʃi.kʰi.ko.it̚.ta],[dʒi.kʰi.go.it̚.ta]
신호가 잘,21,[sin.ho.ka.tʃal],[sin.ho.ga.dʒal]
주소 문자로,21,[tʃu.so.mun.tʃa.ɾo],[dʒu.so.mun.tʃa.ɾo]
이름 한번,21,[i.ɾɯm.ham.pʌn],[i.ɾɯm.ham.pʌn]
from them,21,,
겉으로 보이는,21,[kʌt̚.ɯ.ɾo.po.i.nɯn],[gʌt̚.ɯ.ɾo.bo.i.nɯn]
자신감 있는,21,[tʃa.siŋ.kam.it̚.nɯn],[dʒa.siŋ.kam.it̚.nɯn]
둘 다 지금,21,[tul.ta.tʃi.kɯm],[dul.da.dʒi.gɯm]
말이에요 이건,21,[mal.i.e.jo.i.kʌn],[mal.i.e.jo.i.gʌn]
실험을 하는,21,[sil.hʌm.ɯl.ha.nɯn],[sil.hʌm.ɯl.ha.nɯn]
전화 달라고,21,[tʃʌn.hwa.tal.ɾa.ko],[dʒʌn.hwa.dal.ɾa.go]
이 두 사람,21,[i.tu.sa.ɾam],[i.du.sa.ɾam]
필요해 존 윅이,21,[pʰil.jo.hɛ.tʃon.wik̚.i],[pʰil.jo.hɛ.dʒon.wik̚.i]
지역 주민들은,21,[tʃi.jʌk̚.tʃu.min.tɯl.ɯn],[dʒi.jʌk̚.dʒu.min.tɯl.ɯn]
전화 먼저,21,[tʃʌn.hwa.mʌn.tʃʌ],[dʒʌn.hwa.mʌn.tʃʌ]
해 거기서,21,[hɛ.kʌ.ki.sʌ],[hɛ.gʌ.gi.sʌ]
한참 됐는데,21,[han.tʃʰan.twɛt̚.nɯn.te],[han.tʃʰam.dwɛt̚.nɯn.te]
대해 얘기하러,21,[tɛ.hɛ.jɛ.ki.ha.ɾʌ],[dɛ.hɛ.jɛ.gi.ha.ɾʌ]
있는데 c,21,[it̚.nɯn.te],[it̚.nɯn.te]
아뇨 그리고,21,[a.njo.kɯ.ɾi.ko],[a.njo.gɯ.ɾi.go]
발견하지 못했습니다,21,[pal.kjʌn.ha.tʃi.mot̚.hɛt̚.sɯp̚.ni.ta],[bal.kjʌn.ha.dʒi.mot̚.hɛt̚.sɯp̚.ni.da]
남들이 뭐라고,21,[nan.tɯl.i.mwʌ.ɾa.ko],[nan.tɯl.i.mwʌ.ɾa.go]
하지만 멋진,21,[ha.tʃi.man.mʌt̚.tʃin],[ha.dʒi.man.mʌt̚.tʃin]
아무도 없네요,21,[a.mu.to.ʌp̚.ne.jo],[a.mu.do.ʌp̚.ne.jo]
결코 아니었다,21,[kjʌl.kʰo.a.ni.ʌt̚.ta],[gjʌl.kʰo.a.ni.ʌt̚.ta]
재밌게 보세요,21,[tʃɛ.mit̚.ke.po.se.jo],[dʒɛ.mit̚.ke.bo.se.jo]
모두 이상 무,21,[mo.tu.i.saŋ.mu],[mo.du.i.saŋ.mu]
토시노리 미즈구치 타쿠마,21,[tʰo.si.no.ɾi.mi.tʃɯ.ku.tʃʰi.tʰa.kʰu.ma],[tʰo.si.no.ɾi.mi.dʒɯ.gu.tʃʰi.tʰa.kʰu.ma]
한잔 사도 될까요,21,[han.tʃan.sa.to.twel.k͈a.jo],[han.tʃan.sa.do.dwel.k͈a.jo]
엮이고 싶지 않아요,21,[jʌk̚.i.ko.sip̚.tʃi.an.a.jo],[jʌk̚.i.go.sip̚.tʃi.an.a.jo]
현장 근처에서,21,[hjʌn.tʃaŋ.kɯn.tʃʰʌ.e.sʌ],[hjʌn.tʃaŋ.gɯn.tʃʰʌ.e.sʌ]
가게 되는,21,[ka.ke.twe.nɯn],[ga.ge.dwe.nɯn]
거야 진짜야,21,[kʌ.ja.tʃin.tʃ͈a.ja],[gʌ.ja.dʒin.tʃ͈a.ja]
했어요 그걸,21,[hɛt̚.ʌ.jo.kɯ.kʌl],[hɛt̚.ʌ.jo.gɯ.gʌl]
대해 얘길,21,[tɛ.hɛ.jɛ.kil],[dɛ.hɛ.jɛ.gil]
Let my love,21,,
걸 본 게,21,[kʌl.poŋ.ke],[gʌl.bon.ge]
그를 보호할,21,[kɯ.ɾɯl.po.ho.hal],[gɯ.ɾɯl.bo.ho.hal]
우리는 더 많은 것을,21,[u.ɾi.nɯn.tʌ.man.ɯŋ.kʌt̚.ɯl],[u.ɾi.nɯn.dʌ.man.ɯn.gʌt̚.ɯl]
신혼 여행,21,[sin.hon.jʌ.hɛŋ],[sin.hon.jʌ.hɛŋ]
비 온다,21,[pi.on.ta],[bi.on.ta]
much time,21,,
신화 속,21,[sin.hwa.sok̚],[sin.hwa.sok̚]
둘만 있고,21,[tul.man.it̚.ko],[dul.man.it̚.ko]
이름이 어떻게 되죠,21,[i.ɾɯm.i.ʌ.t͈ʌt̚.ke.twe.tʃjo],[i.ɾɯm.i.ʌ.t͈ʌt̚.ke.dwe.dʒjo]
비가 내리기,21,[pi.ka.nɛ.ɾi.ki],[bi.ga.nɛ.ɾi.gi]
저들이 우리,21,[tʃʌ.tɯl.i.u.ɾi],[dʒʌ.dɯl.i.u.ɾi]
가요 안녕하세요,21,[ka.jo.an.njʌŋ.ha.se.jo],[ga.jo.an.njʌŋ.ha.se.jo]
통화 안,21,[tʰoŋ.hwa.an],[tʰoŋ.hwa.an]
내가 뭐하는,21,[nɛ.ka.mwʌ.ha.nɯn],[nɛ.ga.mwʌ.ha.nɯn]
분이 이,21,[pun.i.i],[bun.i.i]
하시는 줄,21,[ha.si.nɯn.tʃul],[ha.si.nɯn.dʒul]
할 사람도,21,[hal.sa.ɾan.to],[hal.sa.ɾan.to]
그냥 써,21,[kɯ.njaŋ.s͈ʌ],[gɯ.njaŋ.s͈ʌ]
탕 탕,21,[tʰaŋ.tʰaŋ],[tʰaŋ.tʰaŋ]
당신의 개인적인,21,[taŋ.sin.ɯi.kɛ.in.tʃʌk̚.in],[daŋ.sin.ɯi.gɛ.in.tʃʌk̚.in]
I''d love to,21,,
정맥 주사,21,[tʃʌŋ.mɛk̚.tʃu.sa],[dʒʌŋ.mɛk̚.dʒu.sa]
살려 두는,21,[sal.ɾjʌ.tu.nɯn],[sal.ɾjʌ.du.nɯn]
the beach,21,,
복수를 하려는,21,[pok̚.su.ɾɯl.ha.ɾjʌ.nɯn],[bok̚.su.ɾɯl.ha.ɾjʌ.nɯn]
우리는 점점,21,[u.ɾi.nɯn.tʃʌn.tʃʌm],[u.ɾi.nɯn.dʒʌn.tʃʌm]
기계를 잘,21,[ki.kje.ɾɯl.tʃal],[gi.gje.ɾɯl.dʒal]
제 여자친구,21,[tʃe.jʌ.tʃa.tʃʰiŋ.ku],[dʒe.jʌ.dʒa.tʃʰiŋ.ku]
우리는 즉시,21,[u.ɾi.nɯn.tʃɯk̚.si],[u.ɾi.nɯn.dʒɯk̚.si]
난 본 적이,21,[nam.pon.tʃʌk̚.i],[nan.bon.dʒʌk̚.i]
내가 누구고,21,[nɛ.ka.nu.ku.ko],[nɛ.ga.nu.gu.go]
말이지 좋아,21,[mal.i.tʃi.tʃot̚.a],[mal.i.dʒi.dʒot̚.a]
주의를 기울여야,21,[tʃu.ɯi.ɾɯl.ki.ul.jʌ.ja],[dʒu.ɯi.ɾɯl.gi.ul.jʌ.ja]
그럴 것입니다,21,[kɯ.ɾʌl.kʌt̚.ip̚.ni.ta],[gɯ.ɾʌl.gʌt̚.ip̚.ni.da]
우리는 훨씬,21,[u.ɾi.nɯn.hwʌl.s͈in],[u.ɾi.nɯn.hwʌl.s͈in]
나중에 또 봐,21,[na.tʃuŋ.e.t͈o.pwa],[na.dʒuŋ.e.t͈o.bwa]
말인 즉슨,21,[mal.in.tʃɯk̚.sɯn],[mal.in.dʒɯk̚.sɯn]
특별히 더,21,[tʰɯk̚.pjʌl.hi.tʌ],[tʰɯk̚.pjʌl.hi.dʌ]
집 진짜,21,[tʃip̚.tʃin.tʃ͈a],[dʒip̚.dʒin.tʃ͈a]
텐데 괜찮아,21,[tʰen.te.kwɛn.tʃʰan.a],[tʰen.te.gwɛn.tʃʰan.a]
행사할 수 있지만,21,[hɛŋ.sa.hal.su.it̚.tʃi.man],[hɛŋ.sa.hal.su.it̚.tʃi.man]
보기엔 그,21,[po.ki.eŋ.kɯ],[bo.gi.en.gɯ]
그를 죽이지 않았어,21,[kɯ.ɾɯl.tʃuk̚.i.tʃi.an.at̚.ʌ],[gɯ.ɾɯl.dʒuk̚.i.dʒi.an.at̚.ʌ]
우리랑 달라,21,[u.ɾi.ɾaŋ.tal.ɾa],[u.ɾi.ɾaŋ.dal.ɾa]
해야 하는 일이야,21,[hɛ.ja.ha.nɯn.il.i.ja],[hɛ.ja.ha.nɯn.il.i.ja]
우리가 반드시,21,[u.ɾi.ka.pan.tɯ.si],[u.ɾi.ga.ban.tɯ.si]
어떻게 알았냐,21,[ʌ.t͈ʌt̚.ke.al.at̚.nja],[ʌ.t͈ʌt̚.ke.al.at̚.nja]
낀 거,21,[k͈iŋ.kʌ],[k͈in.gʌ]
이리 주고,21,[i.ɾi.tʃu.ko],[i.ɾi.dʒu.go]
우리를 너무,21,[u.ɾi.ɾɯl.lʌ.mu],[u.ɾi.ɾɯl.lʌ.mu]
수 있다는 뜻이지,21,[su.it̚.ta.nɯn.t͈ɯt̚.i.tʃi],[su.it̚.ta.nɯn.t͈ɯt̚.i.dʒi]
그를 집으로,21,[kɯ.ɾɯl.tʃip̚.ɯ.ɾo],[gɯ.ɾɯl.dʒip̚.ɯ.ɾo]
우리를 데리고,21,[u.ɾi.ɾɯl.te.ɾi.ko],[u.ɾi.ɾɯl.de.ɾi.go]
고마워요 모두,21,[ko.ma.wʌ.jo.mo.tu],[go.ma.wʌ.jo.mo.du]
그냥 새로운,21,[kɯ.njaŋ.sɛ.ɾo.un],[gɯ.njaŋ.sɛ.ɾo.un]
우리를 여기,21,[u.ɾi.ɾɯl.jʌ.ki],[u.ɾi.ɾɯl.jʌ.gi]
한 표가,21,[ham.pʰjo.ka],[ham.pʰjo.ga]
해볼 만한,21,[hɛ.pol.man.han],[hɛ.bol.man.han]
뒤 좀,21,[twi.tʃom],[dwi.dʒom]
서류 같은,21,[sʌ.ɾju.kat̚.ɯn],[sʌ.ɾju.gat̚.ɯn]
얼마나 필요해,21,[ʌl.ma.na.pʰil.jo.hɛ],[ʌl.ma.na.pʰil.jo.hɛ]
모래 위에서,21,[mo.ɾɛ.wi.e.sʌ],[mo.ɾɛ.wi.e.sʌ]
연관이 있어,21,[jʌŋ.kwan.i.it̚.ʌ],[jʌŋ.kwan.i.it̚.ʌ]
하는 걸지도,21,[ha.nɯŋ.kʌl.tʃi.to],[ha.nɯn.gʌl.tʃi.do]
뒤로 난,21,[twi.ɾo.nan],[dwi.ɾo.nan]
우리에게 많은,21,[u.ɾi.e.ke.man.ɯn],[u.ɾi.e.ge.man.ɯn]
그레이 부인,21,[kɯ.ɾe.i.pu.in],[gɯ.ɾe.i.bu.in]
전 당신은,21,[tʃʌn.taŋ.sin.ɯn],[dʒʌn.daŋ.sin.ɯn]
우리에게 새로운,21,[u.ɾi.e.ke.sɛ.ɾo.un],[u.ɾi.e.ge.sɛ.ɾo.un]
거기 있는데,21,[kʌ.ki.it̚.nɯn.te],[gʌ.gi.it̚.nɯn.te]
정말 대단한데,21,[tʃʌŋ.mal.tɛ.tan.han.te],[dʒʌŋ.mal.dɛ.dan.han.te]
재밌을 줄,21,[tʃɛ.mit̚.ɯl.tʃul],[dʒɛ.mit̚.ɯl.dʒul]
실릴 거야,21,[sil.ɾil.kʌ.ja],[sil.ɾil.gʌ.ja]
두려움에 떨고,21,[tu.ɾjʌ.um.e.t͈ʌl.ko],[du.ɾjʌ.um.e.t͈ʌl.ko]
억 달러로,21,[ʌk̚.tal.ɾʌ.ɾo],[ʌk̚.dal.ɾʌ.ɾo]
지도 모르는,21,[tʃi.to.mo.ɾɯ.nɯn],[dʒi.do.mo.ɾɯ.nɯn]
토시노리 미즈구치,21,[tʰo.si.no.ɾi.mi.tʃɯ.ku.tʃʰi],[tʰo.si.no.ɾi.mi.dʒɯ.gu.tʃʰi]
내 삶으로,21,[nɛ.sam.ɯ.ɾo],[nɛ.sam.ɯ.ɾo]
우리가 살아남을,21,[u.ɾi.ka.sal.a.nam.ɯl],[u.ɾi.ga.sal.a.nam.ɯl]
건 이번,21,[kʌn.i.pʌn],[gʌn.i.bʌn]
얼음 위에서,21,[ʌl.ɯm.wi.e.sʌ],[ʌl.ɯm.wi.e.sʌ]
말 대신,21,[mal.tɛ.sin],[mal.dɛ.sin]
우리의 것이,21,[u.ɾi.ɯi.kʌt̚.i],[u.ɾi.ɯi.gʌt̚.i]
명령은 안,21,[mjʌŋ.ɾjʌŋ.ɯn.an],[mjʌŋ.ɾjʌŋ.ɯn.an]
두 번째를,21,[tu.pʌn.tʃ͈ɛ.ɾɯl],[du.bʌn.tʃ͈ɛ.ɾɯl]
당장 문을,21,[taŋ.tʃaŋ.mun.ɯl],[daŋ.dʒaŋ.mun.ɯl]
뭐 할 말 없어,21,[mwʌ.hal.mal.ʌp̚.ʌ],[mwʌ.hal.mal.ʌp̚.ʌ]
이 거리에,21,[i.kʌ.ɾi.e],[i.gʌ.ɾi.e]
있단 걸 알게,21,[it̚.taŋ.kʌl.al.ke],[it̚.tan.gʌl.al.ke]
살려준 거야,21,[sal.ɾjʌ.tʃuŋ.kʌ.ja],[sal.ɾjʌ.dʒun.gʌ.ja]
대통령이 될 수,21,[tɛ.tʰoŋ.ɾjʌŋ.i.twel.su],[dɛ.tʰoŋ.ɾjʌŋ.i.dwel.su]
우리가 선택할,21,[u.ɾi.ka.sʌn.tʰɛk̚.hal],[u.ɾi.ga.sʌn.tʰɛk̚.hal]
아니면 세,21,[a.ni.mjʌn.se],[a.ni.mjʌn.se]
연관이 있는지,21,[jʌŋ.kwan.i.it̚.nɯn.tʃi],[jʌŋ.kwan.i.it̚.nɯn.tʃi]
가족을 데리고,21,[ka.tʃok̚.ɯl.te.ɾi.ko],[ga.dʒok̚.ɯl.de.ɾi.go]
여러분 맨 아래 줄,21,[jʌ.ɾʌ.pun.mɛn.a.ɾɛ.tʃul],[jʌ.ɾʌ.bun.mɛn.a.ɾɛ.dʒul]
하지만 네가 날,21,[ha.tʃi.man.ne.ka.nal],[ha.dʒi.man.ne.ga.nal]
안 돼 나한테,21,[an.twɛ.na.han.tʰe],[an.dwɛ.na.han.tʰe]
아슬아슬 사랑,21,[a.sɯl.a.sɯl.sa.ɾaŋ],[a.sɯl.a.sɯl.sa.ɾaŋ]
언니 좀,21,[ʌn.ni.tʃom],[ʌn.ni.dʒom]
where my,21,,
연극 보러,21,[jʌŋ.kɯk̚.po.ɾʌ],[jʌŋ.kɯk̚.bo.ɾʌ]
죽기 전까진,21,[tʃuk̚.ki.tʃʌŋ.k͈a.tʃin],[dʒuk̚.ki.dʒʌŋ.k͈a.dʒin]
맞는 사람은,21,[mat̚.nɯn.sa.ɾam.ɯn],[mat̚.nɯn.sa.ɾam.ɯn]
우리가 손,21,[u.ɾi.ka.son],[u.ɾi.ga.son]
걸 좋아,21,[kʌl.tʃot̚.a],[gʌl.dʒot̚.a]
수 있다면야,21,[su.it̚.ta.mjʌn.ja],[su.it̚.ta.mjʌn.ja]
회의가 있어서요,21,[hwe.ɯi.ka.it̚.ʌ.sʌ.jo],[hwe.ɯi.ga.it̚.ʌ.sʌ.jo]
절대 안 떠나,21,[tʃʌl.tɛ.an.t͈ʌ.na],[dʒʌl.tɛ.an.t͈ʌ.na]
필요하신거 있으신가요,21,[pʰil.jo.ha.siŋ.kʌ.it̚.ɯ.siŋ.ka.jo],[pʰil.jo.ha.siŋ.kʌ.it̚.ɯ.siŋ.ka.jo]
모든 희망이,21,[mo.tɯn.hɯi.maŋ.i],[mo.dɯn.hɯi.maŋ.i]
것보다 좋은,21,[kʌt̚.po.ta.tʃot̚.ɯn],[gʌt̚.po.da.dʒot̚.ɯn]
말라고 난,21,[mal.ɾa.ko.nan],[mal.ɾa.go.nan]
두려워하는 걸,21,[tu.ɾjʌ.wʌ.ha.nɯŋ.kʌl],[du.ɾjʌ.wʌ.ha.nɯn.gʌl]
당신도 나도,21,[taŋ.sin.to.na.to],[daŋ.sin.to.na.do]
해 보자는,21,[hɛ.po.tʃa.nɯn],[hɛ.bo.dʒa.nɯn]
거예요 작은,21,[kʌ.je.jo.tʃak̚.ɯn],[gʌ.je.jo.dʒak̚.ɯn]
고장 난 것,21,[ko.tʃaŋ.naŋ.kʌt̚],[go.dʒaŋ.nan.gʌt̚]
모른다 우리가,21,[mo.ɾɯn.ta.u.ɾi.ka],[mo.ɾɯn.ta.u.ɾi.ga]
지도 좀,21,[tʃi.to.tʃom],[dʒi.do.dʒom]
것을 만들,21,[kʌt̚.ɯl.man.tɯl],[gʌt̚.ɯl.man.tɯl]
신은 우리가,21,[sin.ɯn.u.ɾi.ka],[sin.ɯn.u.ɾi.ga]
이름은 마이클 웨스턴이야 나는,21,[i.ɾɯm.ɯn.ma.i.kʰɯl.we.sɯ.tʰʌn.i.ja.na.nɯn],[i.ɾɯm.ɯn.ma.i.kʰɯl.we.sɯ.tʰʌn.i.ja.na.nɯn]
거들떠도 안,21,[kʌ.tɯl.t͈ʌ.to.an],[gʌ.dɯl.t͈ʌ.do.an]
있었어 저,21,[it̚.ʌt̚.ʌ.tʃʌ],[it̚.ʌt̚.ʌ.dʒʌ]
정말 친절한,21,[tʃʌŋ.mal.tʃʰin.tʃʌl.han],[dʒʌŋ.mal.tʃʰin.tʃʌl.han]
가져갈 수 있어,21,[ka.tʃjʌ.kal.su.it̚.ʌ],[ga.dʒjʌ.gal.su.it̚.ʌ]
당신도 나와,21,[taŋ.sin.to.na.wa],[daŋ.sin.to.na.wa]
뜸 들이지,21,[t͈ɯn.tɯl.i.tʃi],[t͈ɯm.dɯl.i.dʒi]
언제 끝나,21,[ʌn.tʃe.k͈ɯt̚.na],[ʌn.tʃe.k͈ɯt̚.na]
싶어 미안해,21,[sip̚.ʌ.mi.an.hɛ],[sip̚.ʌ.mi.an.hɛ]
자전거 좀,21,[tʃa.tʃʌŋ.kʌ.tʃom],[dʒa.dʒʌŋ.kʌ.dʒom]
전혀 눈치,21,[tʃʌn.hjʌ.nun.tʃʰi],[dʒʌn.hjʌ.nun.tʃʰi]
그 말은 못,21,[kɯ.mal.ɯn.mot̚],[gɯ.mal.ɯn.mot̚]
구조대가 올,21,[ku.tʃo.tɛ.ka.ol],[gu.dʒo.dɛ.ga.ol]
정부는 비밀 시스템을 가지고,21,[tʃʌm.pu.nɯm.pi.mil.si.sɯ.tʰem.ɯl.ka.tʃi.ko],[dʒʌŋ.bu.nɯn.bi.mil.si.sɯ.tʰem.ɯl.ga.dʒi.go]
말하고 그것들을,21,[mal.ha.ko.kɯ.kʌt̚.tɯl.ɯl],[mal.ha.go.gɯ.gʌt̚.tɯl.ɯl]
두려워해야 할,21,[tu.ɾjʌ.wʌ.hɛ.ja.hal],[du.ɾjʌ.wʌ.hɛ.ja.hal]
결정하기 위해,21,[kjʌl.tʃʌŋ.ha.ki.wi.hɛ],[gjʌl.tʃʌŋ.ha.gi.wi.hɛ]
말하게 하려고,21,[mal.ha.ke.ha.ɾjʌ.ko],[mal.ha.ge.ha.ɾjʌ.go]
돈을 갚을,21,[ton.ɯl.kap̚.ɯl],[don.ɯl.gap̚.ɯl]
거 아냐 그냥,21,[kʌ.a.nja.kɯ.njaŋ],[gʌ.a.nja.gɯ.njaŋ]
대해 잘 아는,21,[tɛ.hɛ.tʃal.a.nɯn],[dɛ.hɛ.dʒal.a.nɯn]
does this,21,,
넌 신경 안,21,[nʌn.siŋ.kjʌŋ.an],[nʌn.siŋ.kjʌŋ.an]
안녕하세요 들어오세요,21,[an.njʌŋ.ha.se.jo.tɯl.ʌ.o.se.jo],[an.njʌŋ.ha.se.jo.dɯl.ʌ.o.se.jo]
편이 될,21,[pʰjʌn.i.twel],[pʰjʌn.i.dwel]
연기하는 거,21,[jʌŋ.ki.ha.nɯŋ.kʌ],[jʌŋ.ki.ha.nɯn.gʌ]
난 더 큰,21,[nan.tʌ.kʰɯn],[nan.dʌ.kʰɯn]
야구 선수,21,[ja.ku.sʌn.su],[ja.gu.sʌn.su]
못한 사람,21,[mot̚.han.sa.ɾam],[mot̚.han.sa.ɾam]
드디어 널,21,[tɯ.ti.ʌ.nʌl],[dɯ.di.ʌ.nʌl]
우린 돌아갈,21,[u.ɾin.tol.a.kal],[u.ɾin.dol.a.gal]
널 잃고 싶지 않아,21,[nʌl.il.ko.sip̚.tʃi.an.a],[nʌl.il.ko.sip̚.tʃi.an.a]
무릎 꿇고 앉아,21,[mu.ɾɯp̚.k͈ul.ko.an.a],[mu.ɾɯp̚.k͈ul.ko.an.a]
내 차까지,21,[nɛ.tʃʰa.k͈a.tʃi],[nɛ.tʃʰa.k͈a.dʒi]
이 나무는,21,[i.na.mu.nɯn],[i.na.mu.nɯn]
서명을 안,21,[sʌ.mjʌŋ.ɯl.an],[sʌ.mjʌŋ.ɯl.an]
비밀리에 빠른 속력을 이용해서,21,[pi.mil.ɾi.e.p͈a.ɾɯn.sok̚.ɾjʌk̚.ɯl.i.joŋ.hɛ.sʌ],[bi.mil.ɾi.e.p͈a.ɾɯn.sok̚.ɾjʌk̚.ɯl.i.joŋ.hɛ.sʌ]
the size of,21,,
드라마는 픽션입니다,21,[tɯ.ɾa.ma.nɯm.pʰik̚.sjʌn.ip̚.ni.ta],[dɯ.ɾa.ma.nɯm.pʰik̚.sjʌn.ip̚.ni.da]
살릴 거야,21,[sal.ɾil.kʌ.ja],[sal.ɾil.gʌ.ja]
걸 좋아한다는,21,[kʌl.tʃot̚.a.han.ta.nɯn],[gʌl.dʒot̚.a.han.ta.nɯn]
자지 말고,21,[tʃa.tʃi.mal.ko],[dʒa.dʒi.mal.ko]
나한테 말 안 해,21,[na.han.tʰe.mal.an.hɛ],[na.han.tʰe.mal.an.hɛ]
우리가 얘기,21,[u.ɾi.ka.jɛ.ki],[u.ɾi.ga.jɛ.gi]
my best friend,21,,
a show,21,,
그것과 아무,21,[kɯ.kʌt̚.kwa.a.mu],[gɯ.gʌt̚.kwa.a.mu]
이 남자예요,21,[i.nan.tʃa.je.jo],[i.nan.tʃa.je.jo]
밀어 넣는,21,[mil.ʌ.nʌt̚.nɯn],[mil.ʌ.nʌt̚.nɯn]
싶어요 이런,21,[sip̚.ʌ.jo.i.ɾʌn],[sip̚.ʌ.jo.i.ɾʌn]
지옥 같은 삶을,21,[tʃi.ok̚.kat̚.ɯn.sam.ɯl],[dʒi.ok̚.gat̚.ɯn.sam.ɯl]
고맙다 그래,21,[ko.map̚.ta.kɯ.ɾɛ],[go.map̚.ta.gɯ.ɾɛ]
우리가 어디로 가는지,21,[u.ɾi.ka.ʌ.ti.ɾo.ka.nɯn.tʃi],[u.ɾi.ga.ʌ.di.ɾo.ga.nɯn.tʃi]
이제 자유군,21,[i.tʃe.tʃa.ju.kun],[i.dʒe.dʒa.ju.gun]
걸 좋아해서요,21,[kʌl.tʃot̚.a.hɛ.sʌ.jo],[gʌl.dʒot̚.a.hɛ.sʌ.jo]
통화하는 거,21,[tʰoŋ.hwa.ha.nɯŋ.kʌ],[tʰoŋ.hwa.ha.nɯn.gʌ]
needs me,21,,
더 두고,21,[tʌ.tu.ko],[dʌ.du.go]
a team,21,,
보내기 위해서,21,[po.nɛ.ki.wi.hɛ.sʌ],[bo.nɛ.gi.wi.hɛ.sʌ]
우린 어차피,21,[u.ɾin.ʌ.tʃʰa.pʰi],[u.ɾin.ʌ.tʃʰa.pʰi]
하고 싶단,21,[ha.ko.sip̚.tan],[ha.go.sip̚.tan]
말하곤 했어요,21,[mal.ha.kon.hɛt̚.ʌ.jo],[mal.ha.gon.hɛt̚.ʌ.jo]
이 집에서 나가,21,[i.tʃip̚.e.sʌ.na.ka],[i.dʒip̚.e.sʌ.na.ga]
나한테 말도 안 하고,21,[na.han.tʰe.mal.to.an.ha.ko],[na.han.tʰe.mal.to.an.ha.go]
자헌 수하들의,21,[tʃa.hʌn.su.ha.tɯl.ɯi],[dʒa.hʌn.su.ha.dɯl.ɯi]
우린 완벽한,21,[u.ɾin.wam.pjʌk̚.han],[u.ɾin.wam.pjʌk̚.han]
언제나 우리,21,[ʌn.tʃe.na.u.ɾi],[ʌn.tʃe.na.u.ɾi]
보고도 그런,21,[po.ko.to.kɯ.ɾʌn],[bo.go.do.gɯ.ɾʌn]
비밀 통로를,21,[pi.mil.tʰoŋ.ɾo.ɾɯl],[bi.mil.tʰoŋ.ɾo.ɾɯl]
드리려고 했는데,21,[tɯ.ɾi.ɾjʌ.ko.hɛt̚.nɯn.te],[dɯ.ɾi.ɾjʌ.go.hɛt̚.nɯn.te]
알잖아 여기,21,[al.tʃan.a.jʌ.ki],[al.tʃan.a.jʌ.gi]
싶었어요 난,21,[sip̚.ʌt̚.ʌ.jo.nan],[sip̚.ʌt̚.ʌ.jo.nan]
얼마나 알죠,21,[ʌl.ma.na.al.tʃjo],[ʌl.ma.na.al.tʃjo]
때 모든 게,21,[t͈ɛ.mo.tɯŋ.ke],[t͈ɛ.mo.dɯn.ge]
말하기 전에는,21,[mal.ha.ki.tʃʌn.e.nɯn],[mal.ha.gi.dʒʌn.e.nɯn]
아니고 뭐,21,[a.ni.ko.mwʌ],[a.ni.go.mwʌ]
뱅 Pussy Pussy Bang,21,[pɛŋ],[bɛŋ]
몰라 모른다고,21,[mol.ɾa.mo.ɾɯn.ta.ko],[mol.ɾa.mo.ɾɯn.ta.go]
좀 걷고,21,[tʃom.kʌt̚.ko],[dʒom.gʌt̚.ko]
게 더 안전해,21,[ke.tʌ.an.tʃʌn.hɛ],[ge.dʌ.an.tʃʌn.hɛ]
거기서 하는,21,[kʌ.ki.sʌ.ha.nɯn],[gʌ.gi.sʌ.ha.nɯn]
뱅 뱅 Pussy,21,[pɛm.pɛŋ],[bɛŋ.bɛŋ]
좀 알거든,21,[tʃom.al.kʌ.tɯn],[dʒom.al.kʌ.dɯn]
당신이 애를,21,[taŋ.sin.i.ɛ.ɾɯl],[daŋ.sin.i.ɛ.ɾɯl]
이 드라마는 픽션입니다,21,[i.tɯ.ɾa.ma.nɯm.pʰik̚.sjʌn.ip̚.ni.ta],[i.dɯ.ɾa.ma.nɯm.pʰik̚.sjʌn.ip̚.ni.da]
알잖아 어떻게,21,[al.tʃan.a.ʌ.t͈ʌt̚.ke],[al.tʃan.a.ʌ.t͈ʌt̚.ke]
받았어 그리고,21,[pat̚.at̚.ʌ.kɯ.ɾi.ko],[bat̚.at̚.ʌ.gɯ.ɾi.go]
날 함정에 빠뜨린,21,[nal.han.tʃʌŋ.e.p͈a.t͈ɯ.ɾin],[nal.han.tʃʌŋ.e.p͈a.t͈ɯ.ɾin]
있는지 알 것 같아,21,[it̚.nɯn.tʃi.al.kʌt̚.kat̚.a],[it̚.nɯn.tʃi.al.gʌt̚.gat̚.a]
Your father,21,,
나 기다리지,21,[na.ki.ta.ɾi.tʃi],[na.gi.da.ɾi.dʒi]
있으니 다른,21,[it̚.ɯ.ni.ta.ɾɯn],[it̚.ɯ.ni.da.ɾɯn]
난 너야,21,[nan.nʌ.ja],[nan.nʌ.ja]
있길 바랐어,21,[it̚.kil.pa.ɾat̚.ʌ],[it̚.kil.ba.ɾat̚.ʌ]
내가 뭐 하나,21,[nɛ.ka.mwʌ.ha.na],[nɛ.ga.mwʌ.ha.na]
우리가 와서,21,[u.ɾi.ka.wa.sʌ],[u.ɾi.ga.wa.sʌ]
좀 치워줄래,21,[tʃon.tʃʰi.wʌ.tʃul.ɾɛ],[dʒon.tʃʰi.wʌ.dʒul.ɾɛ]
수 있어 게다가,21,[su.it̚.ʌ.ke.ta.ka],[su.it̚.ʌ.ge.da.ga]
작별 인사를 하는,21,[tʃak̚.pjʌl.in.sa.ɾɯl.ha.nɯn],[dʒak̚.pjʌl.in.sa.ɾɯl.ha.nɯn]
싶은 말 있으면,21,[sip̚.ɯn.mal.it̚.ɯ.mjʌn],[sip̚.ɯn.mal.it̚.ɯ.mjʌn]
대해 꽤,21,[tɛ.hɛ.k͈wɛ],[dɛ.hɛ.k͈wɛ]
나 기억나요,21,[na.ki.ʌk̚.na.jo],[na.gi.ʌk̚.na.jo]
한다고 합니다,21,[han.ta.ko.hap̚.ni.ta],[han.ta.go.hap̚.ni.da]
실수하는 겁니다,21,[sil.su.ha.nɯŋ.kʌp̚.ni.ta],[sil.su.ha.nɯn.gʌp̚.ni.da]
나야 우리,21,[na.ja.u.ɾi],[na.ja.u.ɾi]
우릴 데려온,21,[u.ɾil.te.ɾjʌ.on],[u.ɾil.de.ɾjʌ.on]
이번 여행은,21,[i.pʌn.jʌ.hɛŋ.ɯn],[i.bʌn.jʌ.hɛŋ.ɯn]
가지고 간,21,[ka.tʃi.ko.kan],[ga.dʒi.go.gan]
같이 들어갈,21,[kat̚.i.tɯl.ʌ.kal],[gat̚.i.dɯl.ʌ.gal]
실수하지 말고,21,[sil.su.ha.tʃi.mal.ko],[sil.su.ha.dʒi.mal.ko]
눈 속의,21,[nun.sok̚.ɯi],[nun.sok̚.ɯi]
퍽퍽 때린다,21,[pʰʌk̚.pʰʌk̚.t͈ɛ.ɾin.ta],[pʰʌk̚.pʰʌk̚.t͈ɛ.ɾin.ta]
우릴 버리지,21,[u.ɾil.pʌ.ɾi.tʃi],[u.ɾil.bʌ.ɾi.dʒi]
정당한 이유가,21,[tʃʌŋ.taŋ.han.i.ju.ka],[dʒʌŋ.daŋ.han.i.ju.ga]
그걸 받아들여야,21,[kɯ.kʌl.pat̚.a.tɯl.jʌ.ja],[gɯ.gʌl.bat̚.a.dɯl.jʌ.ja]
빼 줘요,21,[p͈ɛ.tʃwʌ.jo],[p͈ɛ.dʒwʌ.jo]
그래야 되는,21,[kɯ.ɾɛ.ja.twe.nɯn],[gɯ.ɾɛ.ja.dwe.nɯn]
나와 함께 있다,21,[na.wa.ham.k͈e.it̚.ta],[na.wa.ham.k͈e.it̚.ta]
정도 된 것,21,[tʃʌŋ.to.tweŋ.kʌt̚],[dʒʌŋ.do.dwen.gʌt̚]
아이들 중 한,21,[a.i.tɯl.tʃuŋ.han],[a.i.dɯl.dʒuŋ.han]
생각을 알고,21,[sɛŋ.kak̚.ɯl.al.ko],[sɛŋ.gak̚.ɯl.al.ko]
자세히 봐요,21,[tʃa.se.hi.pwa.jo],[dʒa.se.hi.bwa.jo]
싶을 것 같아서,21,[sip̚.ɯl.kʌt̚.kat̚.a.sʌ],[sip̚.ɯl.gʌt̚.gat̚.a.sʌ]
나간 소리,21,[na.kan.so.ɾi],[na.gan.so.ɾi]
우릴 지켜줄,21,[u.ɾil.tʃi.kʰjʌ.tʃul],[u.ɾil.dʒi.kʰjʌ.dʒul]
거 없어 내,21,[kʌ.ʌp̚.ʌ.nɛ],[gʌ.ʌp̚.ʌ.nɛ]
우릴 찾아낼 거야,21,[u.ɾil.tʃʰat̚.a.nɛl.kʌ.ja],[u.ɾil.tʃʰat̚.a.nɛl.gʌ.ja]
전혀 안 괜찮아,21,[tʃʌn.hjʌ.aŋ.kwɛn.tʃʰan.a],[dʒʌn.hjʌ.an.gwɛn.tʃʰan.a]
이제 어쩔 건데,21,[i.tʃe.ʌ.tʃ͈ʌl.kʌn.te],[i.dʒe.ʌ.tʃ͈ʌl.gʌn.te]
최근에 우리,21,[tʃʰwe.kɯn.e.u.ɾi],[tʃʰwe.gɯn.e.u.ɾi]
싶지 않아 그래,21,[sip̚.tʃi.an.a.kɯ.ɾɛ],[sip̚.tʃi.an.a.gɯ.ɾɛ]
함께 하시겠습니까,21,[ham.k͈e.ha.si.ket̚.sɯp̚.ni.k͈a],[ham.k͈e.ha.si.get̚.sɯp̚.ni.k͈a]
프레슬리 씨,21,[pʰɯ.ɾe.sɯl.ɾi.s͈i],[pʰɯ.ɾe.sɯl.ɾi.s͈i]
실은 그렇지,21,[sil.ɯŋ.kɯ.ɾʌt̚.tʃi],[sil.ɯn.gɯ.ɾʌt̚.tʃi]
죽으면 누가,21,[tʃuk̚.ɯ.mjʌn.nu.ka],[dʒuk̚.ɯ.mjʌn.nu.ga]
곧 해가 질,21,[kot̚.hɛ.ka.tʃil],[got̚.hɛ.ga.dʒil]
정도도 못,21,[tʃʌŋ.to.to.mot̚],[dʒʌŋ.do.do.mot̚]
거에요 자,21,[kʌ.e.jo.tʃa],[gʌ.e.jo.dʒa]
two are,21,,
그때 모든,21,[kɯ.t͈ɛ.mo.tɯn],[gɯ.t͈ɛ.mo.dɯn]
그게 뭐 대수라고,21,[kɯ.ke.mwʌ.tɛ.su.ɾa.ko],[gɯ.ge.mwʌ.dɛ.su.ɾa.go]
우연히 만났어요,21,[u.jʌn.hi.man.nat̚.ʌ.jo],[u.jʌn.hi.man.nat̚.ʌ.jo]
뉴욕의 모든 킬러가,21,[nju.jok̚.ɯi.mo.tɯŋ.kʰil.ɾʌ.ka],[nju.jok̚.ɯi.mo.dɯŋ.kʰil.ɾʌ.ga]
봐 망할,21,[pwa.maŋ.hal],[bwa.maŋ.hal]
그게 뭐가 중요해요,21,[kɯ.ke.mwʌ.ka.tʃuŋ.jo.hɛ.jo],[gɯ.ge.mwʌ.ga.dʒuŋ.jo.hɛ.jo]
안녕하세요 미안해요,21,[an.njʌŋ.ha.se.jo.mi.an.hɛ.jo],[an.njʌŋ.ha.se.jo.mi.an.hɛ.jo]
러시아 마피아,21,[ɾʌ.si.a.ma.pʰi.a],[ɾʌ.si.a.ma.pʰi.a]
실은 오늘,21,[sil.ɯn.o.nɯl],[sil.ɯn.o.nɯl]
일이죠 이,21,[il.i.tʃjo.i],[il.i.dʒjo.i]
네가 여기 있으면,21,[ne.ka.jʌ.ki.it̚.ɯ.mjʌn],[ne.ga.jʌ.gi.it̚.ɯ.mjʌn]
다른 여자의,21,[ta.ɾɯn.jʌ.tʃa.ɯi],[da.ɾɯn.jʌ.dʒa.ɯi]
이번에는 진짜,21,[i.pʌn.e.nɯn.tʃin.tʃ͈a],[i.bʌn.e.nɯn.dʒin.tʃ͈a]
가지 규칙이,21,[ka.tʃi.kju.tʃʰik̚.i],[ga.dʒi.gju.tʃʰik̚.i]
싶진 않거든요,21,[sip̚.tʃin.aŋ.kʌ.tɯn.jo],[sip̚.tʃin.aŋ.kʌ.dɯn.jo]
걸 증명해봐,21,[kʌl.tʃɯŋ.mjʌŋ.hɛ.pwa],[gʌl.dʒɯŋ.mjʌŋ.hɛ.bwa]
save your,21,,
우리가 있어,21,[u.ɾi.ka.it̚.ʌ],[u.ɾi.ga.it̚.ʌ]
합니다 그런,21,[hap̚.ni.ta.kɯ.ɾʌn],[hap̚.ni.da.gɯ.ɾʌn]
그리고 내 부하,21,[kɯ.ɾi.ko.nɛ.pu.ha],[gɯ.ɾi.go.nɛ.bu.ha]
건 하고,21,[kʌn.ha.ko],[gʌn.ha.go]
맞아야 정신,21,[mat̚.a.ja.tʃʌŋ.sin],[mat̚.a.ja.dʒʌŋ.sin]
부기맨이 필요해 존 윅이,21,[pu.ki.mɛn.i.pʰil.jo.hɛ.tʃon.wik̚.i],[bu.gi.mɛn.i.pʰil.jo.hɛ.dʒon.wik̚.i]
좀 구해줘요,21,[tʃom.ku.hɛ.tʃwʌ.jo],[dʒom.gu.hɛ.dʒwʌ.jo]
눈에 넣어도,21,[nun.e.nʌt̚.ʌ.to],[nun.e.nʌt̚.ʌ.do]
싸는 게,21,[s͈a.nɯŋ.ke],[s͈a.nɯn.ge]
거라는 확신이,21,[kʌ.ɾa.nɯn.hwak̚.sin.i],[gʌ.ɾa.nɯn.hwak̚.sin.i]
누가 있겠어요,21,[nu.ka.it̚.ket̚.ʌ.jo],[nu.ga.it̚.ket̚.ʌ.jo]
내 생각만,21,[nɛ.sɛŋ.kak̚.man],[nɛ.sɛŋ.gak̚.man]
싸우고 있다고,21,[s͈a.u.ko.it̚.ta.ko],[s͈a.u.go.it̚.ta.go]
나는지 모르겠지만,21,[na.nɯn.tʃi.mo.ɾɯ.ket̚.tʃi.man],[na.nɯn.tʃi.mo.ɾɯ.get̚.tʃi.man]
듣지 못한,21,[tɯt̚.tʃi.mot̚.han],[dɯt̚.tʃi.mot̚.han]
mom and,21,,
그것은 가능합니다,21,[kɯ.kʌt̚.ɯŋ.ka.nɯŋ.hap̚.ni.ta],[gɯ.gʌt̚.ɯn.ga.nɯŋ.hap̚.ni.da]
당신을 지킬,21,[taŋ.sin.ɯl.tʃi.kʰil],[daŋ.sin.ɯl.dʒi.kʰil]
우리가 저들을,21,[u.ɾi.ka.tʃʌ.tɯl.ɯl],[u.ɾi.ga.dʒʌ.dɯl.ɯl]
앞으로는 더,21,[ap̚.ɯ.ɾo.nɯn.tʌ],[ap̚.ɯ.ɾo.nɯn.dʌ]
연락할 테니까,21,[jʌl.lak̚.hal.tʰe.ni.k͈a],[jʌl.lak̚.hal.tʰe.ni.k͈a]
거야 이것도,21,[kʌ.ja.i.kʌt̚.to],[gʌ.ja.i.gʌt̚.to]
이상하긴 했지만,21,[i.saŋ.ha.kin.hɛt̚.tʃi.man],[i.saŋ.ha.gin.hɛt̚.tʃi.man]
못 알아듣네,21,[mot̚.al.a.tɯt̚.ne],[mot̚.al.a.dɯt̚.ne]
한데 내,21,[han.te.nɛ],[han.te.nɛ]
같이 떠나자,21,[kat̚.i.t͈ʌ.na.tʃa],[gat̚.i.t͈ʌ.na.dʒa]
좋은 아이디어야,21,[tʃot̚.ɯn.a.i.ti.ʌ.ja],[dʒot̚.ɯn.a.i.di.ʌ.ja]
같군요 난,21,[kat̚.kun.jo.nan],[gat̚.kun.jo.nan]
뜻은 없어,21,[t͈ɯt̚.ɯn.ʌp̚.ʌ],[t͈ɯt̚.ɯn.ʌp̚.ʌ]
하죠 어떤,21,[ha.tʃjo.ʌ.t͈ʌn],[ha.dʒjo.ʌ.t͈ʌn]
주세요 아주,21,[tʃu.se.jo.a.tʃu],[dʒu.se.jo.a.dʒu]
그건 생각도,21,[kɯ.kʌn.sɛŋ.kak̚.to],[gɯ.gʌn.sɛŋ.gak̚.to]
미안해 잠깐,21,[mi.an.hɛ.tʃam.k͈an],[mi.an.hɛ.dʒam.k͈an]
믿을 수가 없었죠,21,[mit̚.ɯl.su.ka.ʌp̚.ʌt̚.tʃjo],[mit̚.ɯl.su.ga.ʌp̚.ʌt̚.tʃjo]
어머니를 죽인 자를 찾고,21,[ʌ.mʌ.ni.ɾɯl.tʃuk̚.in.tʃa.ɾɯl.tʃʰat̚.ko],[ʌ.mʌ.ni.ɾɯl.dʒuk̚.in.dʒa.ɾɯl.tʃʰat̚.ko]
그래 아무것도,21,[kɯ.ɾɛ.a.mu.kʌt̚.to],[gɯ.ɾɛ.a.mu.gʌt̚.to]
하고 있어 내가,21,[ha.ko.it̚.ʌ.nɛ.ka],[ha.go.it̚.ʌ.nɛ.ga]
얼굴에 침,21,[ʌl.kul.e.tʃʰim],[ʌl.kul.e.tʃʰim]
몇 바퀴,21,[mjʌt̚.pa.kʰwi],[mjʌt̚.ba.kʰwi]
훔칠 때,21,[hun.tʃʰil.t͈ɛ],[hun.tʃʰil.t͈ɛ]
주세요 당신이,21,[tʃu.se.jo.taŋ.sin.i],[dʒu.se.jo.daŋ.sin.i]
뜻은 없지만,21,[t͈ɯt̚.ɯn.ʌp̚.tʃi.man],[t͈ɯt̚.ɯn.ʌp̚.tʃi.man]
가져가기 전에,21,[ka.tʃjʌ.ka.ki.tʃʌn.e],[ga.dʒjʌ.ga.gi.dʒʌn.e]
것을 모른다,21,[kʌt̚.ɯl.mo.ɾɯn.ta],[gʌt̚.ɯl.mo.ɾɯn.ta]
건 확실한데,21,[kʌn.hwak̚.sil.han.te],[gʌn.hwak̚.sil.han.te]
아이를 낳을 수,21,[a.i.ɾɯl.lat̚.ɯl.su],[a.i.ɾɯl.lat̚.ɯl.su]
있던 곳을,21,[it̚.tʌŋ.kot̚.ɯl],[it̚.tʌn.got̚.ɯl]
그것은 놀라운,21,[kɯ.kʌt̚.ɯn.nol.ɾa.un],[gɯ.gʌt̚.ɯn.nol.ɾa.un]
레드 후크 지역,21,[ɾe.tɯ.hu.kʰɯ.tʃi.jʌk̚],[ɾe.dɯ.hu.kʰɯ.dʒi.jʌk̚]
지금 거의,21,[tʃi.kɯm.kʌ.ɯi],[dʒi.gɯm.gʌ.ɯi]
나한테 말해주고,21,[na.han.tʰe.mal.hɛ.tʃu.ko],[na.han.tʰe.mal.hɛ.dʒu.go]
일로 하고,21,[il.ɾo.ha.ko],[il.ɾo.ha.go]
통화를 했어요,21,[tʰoŋ.hwa.ɾɯl.hɛt̚.ʌ.jo],[tʰoŋ.hwa.ɾɯl.hɛt̚.ʌ.jo]
거야 미국,21,[kʌ.ja.mi.kuk̚],[gʌ.ja.mi.guk̚]
연료 탱크,21,[jʌl.ljo.tʰɛŋ.kʰɯ],[jʌl.ljo.tʰɛŋ.kʰɯ]
우리가 지고,21,[u.ɾi.ka.tʃi.ko],[u.ɾi.ga.dʒi.go]
죄로 수감됐어요,21,[tʃwe.ɾo.su.kan.twɛt̚.ʌ.jo],[dʒwe.ɾo.su.gan.twɛt̚.ʌ.jo]
우리가 증명할,21,[u.ɾi.ka.tʃɯŋ.mjʌŋ.hal],[u.ɾi.ga.dʒɯŋ.mjʌŋ.hal]
들라 하라,21,[tɯl.ɾa.ha.ɾa],[dɯl.ɾa.ha.ɾa]
루이스 씨,21,[ɾu.i.sɯ.s͈i],[ɾu.i.sɯ.s͈i]
내가 직접 가서,21,[nɛ.ka.tʃik̚.tʃʌp̚.ka.sʌ],[nɛ.ga.dʒik̚.tʃʌp̚.ga.sʌ]
보니 아직,21,[po.ni.a.tʃik̚],[bo.ni.a.dʒik̚]
정말 다행이네,21,[tʃʌŋ.mal.ta.hɛŋ.i.ne],[dʒʌŋ.mal.da.hɛŋ.i.ne]
같군요 당신이,21,[kat̚.kun.jo.taŋ.sin.i],[gat̚.kun.jo.daŋ.sin.i]
실제로 있는,21,[sil.tʃe.ɾo.it̚.nɯn],[sil.tʃe.ɾo.it̚.nɯn]
죽을 수밖에,21,[tʃuk̚.ɯl.su.pak̚.e],[dʒuk̚.ɯl.su.bak̚.e]
통제할 수 없다,21,[tʰoŋ.tʃe.hal.su.ʌp̚.ta],[tʰoŋ.dʒe.hal.su.ʌp̚.ta]
내 생각에 내가,21,[nɛ.sɛŋ.kak̚.e.nɛ.ka],[nɛ.sɛŋ.gak̚.e.nɛ.ga]
다 들어줄게,21,[ta.tɯl.ʌ.tʃul.ke],[da.dɯl.ʌ.dʒul.ke]
둘 다 괜찮아,21,[tul.ta.kwɛn.tʃʰan.a],[dul.da.gwɛn.tʃʰan.a]
둘 다 그래,21,[tul.ta.kɯ.ɾɛ],[dul.da.gɯ.ɾɛ]
혈액 검사 결과가,21,[hjʌl.ɛk̚.kʌm.sa.kjʌl.kwa.ka],[hjʌl.ɛk̚.gʌm.sa.gjʌl.kwa.ga]
있던 놈,21,[it̚.tʌn.nom],[it̚.tʌn.nom]
대한 증거는,21,[tɛ.han.tʃɯŋ.kʌ.nɯn],[dɛ.han.dʒɯŋ.gʌ.nɯn]
필요하다면 내가,21,[pʰil.jo.ha.ta.mjʌn.nɛ.ka],[pʰil.jo.ha.da.mjʌn.nɛ.ga]
했잖아 정말,21,[hɛt̚.tʃan.a.tʃʌŋ.mal],[hɛt̚.tʃan.a.dʒʌŋ.mal]
빨리 차에 타,21,[p͈al.ɾi.tʃʰa.e.tʰa],[p͈al.ɾi.tʃʰa.e.tʰa]
돈을 안 주면,21,[ton.ɯl.an.tʃu.mjʌn],[don.ɯl.an.dʒu.mjʌn]
말라고 했던,21,[mal.ɾa.ko.hɛt̚.tʌn],[mal.ɾa.go.hɛt̚.tʌn]
괜찮아요 다시,21,[kwɛn.tʃʰan.a.jo.ta.si],[gwɛn.tʃʰan.a.jo.da.si]
얘기하지 말자,21,[jɛ.ki.ha.tʃi.mal.tʃa],[jɛ.gi.ha.dʒi.mal.tʃa]
좀 기다려 봐,21,[tʃom.ki.ta.ɾjʌ.pwa],[dʒom.gi.da.ɾjʌ.bwa]
건강에 좋은,21,[kʌŋ.kaŋ.e.tʃot̚.ɯn],[gʌŋ.kaŋ.e.dʒot̚.ɯn]
때 친구,21,[t͈ɛ.tʃʰiŋ.ku],[t͈ɛ.tʃʰiŋ.ku]
눈을 바라보며,21,[nun.ɯl.pa.ɾa.po.mjʌ],[nun.ɯl.ba.ɾa.bo.mjʌ]
주머니 속,21,[tʃu.mʌ.ni.sok̚],[dʒu.mʌ.ni.sok̚]
안녕하세요 고마워요,21,[an.njʌŋ.ha.se.jo.ko.ma.wʌ.jo],[an.njʌŋ.ha.se.jo.go.ma.wʌ.jo]
웃기는 소리 하지,21,[ut̚.ki.nɯn.so.ɾi.ha.tʃi],[ut̚.ki.nɯn.so.ɾi.ha.dʒi]
않아요 알았어요,21,[an.a.jo.al.at̚.ʌ.jo],[an.a.jo.al.at̚.ʌ.jo]
그를 데려와,21,[kɯ.ɾɯl.te.ɾjʌ.wa],[gɯ.ɾɯl.de.ɾjʌ.wa]
살아 있네요,21,[sal.a.it̚.ne.jo],[sal.a.it̚.ne.jo]
보니 오늘,21,[po.ni.o.nɯl],[bo.ni.o.nɯl]
돈을 쓴,21,[ton.ɯl.s͈ɯn],[don.ɯl.s͈ɯn]
나갈 길이,21,[na.kal.kil.i],[na.gal.gil.i]
잔 하면서,21,[tʃan.ha.mjʌn.sʌ],[dʒan.ha.mjʌn.sʌ]
말하면 어떻게,21,[mal.ha.mjʌn.ʌ.t͈ʌt̚.ke],[mal.ha.mjʌn.ʌ.t͈ʌt̚.ke]
가지는 건,21,[ka.tʃi.nɯŋ.kʌn],[ga.dʒi.nɯn.gʌn]
내 말이 맞았어,21,[nɛ.mal.i.mat̚.at̚.ʌ],[nɛ.mal.i.mat̚.at̚.ʌ]
실종된 사람들,21,[sil.tʃoŋ.twen.sa.ɾan.tɯl],[sil.tʃoŋ.dwen.sa.ɾan.tɯl]
환영받지 못해,21,[hwan.jʌm.pat̚.tʃi.mot̚.hɛ],[hwan.jʌŋ.bat̚.tʃi.mot̚.hɛ]
들어 보지,21,[tɯl.ʌ.po.tʃi],[dɯl.ʌ.bo.dʒi]
난 세상의,21,[nan.se.saŋ.ɯi],[nan.se.saŋ.ɯi]
말하자면 그,21,[mal.ha.tʃa.mjʌŋ.kɯ],[mal.ha.dʒa.mjʌn.gɯ]
들어 볼,21,[tɯl.ʌ.pol],[dɯl.ʌ.bol]
곳이 있나,21,[kot̚.i.it̚.na],[got̚.i.it̚.na]
휴대폰 번호를,21,[hju.tɛ.pʰom.pʌn.ho.ɾɯl],[hju.dɛ.pʰon.bʌn.ho.ɾɯl]
죽이고 싶다,21,[tʃuk̚.i.ko.sip̚.ta],[dʒuk̚.i.go.sip̚.ta]
up like,21,,
못 잤잖아,21,[mot̚.tʃat̚.tʃan.a],[mot̚.dʒat̚.tʃan.a]
결국 제,21,[kjʌl.kuk̚.tʃe],[gjʌl.kuk̚.dʒe]
타고 올라가,21,[tʰa.ko.ol.ɾa.ka],[tʰa.go.ol.ɾa.ga]
죽이는 거요,21,[tʃuk̚.i.nɯŋ.kʌ.jo],[dʒuk̚.i.nɯn.gʌ.jo]
아니면 전부,21,[a.ni.mjʌn.tʃʌm.pu],[a.ni.mjʌn.dʒʌm.pu]
죽이는 대신,21,[tʃuk̚.i.nɯn.tɛ.sin],[dʒuk̚.i.nɯn.dɛ.sin]
무슨 말을 했니,21,[mu.sɯn.mal.ɯl.hɛt̚.ni],[mu.sɯn.mal.ɯl.hɛt̚.ni]
결국 죽을,21,[kjʌl.kuk̚.tʃuk̚.ɯl],[gjʌl.kuk̚.dʒuk̚.ɯl]
그들은 다,21,[kɯ.tɯl.ɯn.ta],[gɯ.dɯl.ɯn.da]
당장 도망쳐,21,[taŋ.tʃaŋ.to.maŋ.tʃʰjʌ],[daŋ.dʒaŋ.do.maŋ.tʃʰjʌ]
못해 미안해,21,[mot̚.hɛ.mi.an.hɛ],[mot̚.hɛ.mi.an.hɛ]
들어 잘,21,[tɯl.ʌ.tʃal],[dɯl.ʌ.dʒal]
것들 그리고,21,[kʌt̚.tɯl.kɯ.ɾi.ko],[gʌt̚.tɯl.gɯ.ɾi.go]
실컷 즐겨,21,[sil.kʰʌt̚.tʃɯl.kjʌ],[sil.kʰʌt̚.dʒɯl.kjʌ]
더 많은 증거를,21,[tʌ.man.ɯn.tʃɯŋ.kʌ.ɾɯl],[dʌ.man.ɯn.dʒɯŋ.gʌ.ɾɯl]
죽기 직전,21,[tʃuk̚.ki.tʃik̚.tʃʌn],[dʒuk̚.ki.dʒik̚.tʃʌn]
보장하기 위해,21,[po.tʃaŋ.ha.ki.wi.hɛ],[bo.dʒaŋ.ha.gi.wi.hɛ]
보신 적이,21,[po.sin.tʃʌk̚.i],[bo.sin.dʒʌk̚.i]
총은 못,21,[tʃʰoŋ.ɯn.mot̚],[tʃʰoŋ.ɯn.mot̚]
수 있어 좋아요,21,[su.it̚.ʌ.tʃot̚.a.jo],[su.it̚.ʌ.dʒot̚.a.jo]
그게 사실인가,21,[kɯ.ke.sa.sil.iŋ.ka],[gɯ.ge.sa.sil.iŋ.ka]
해 봤습니다,21,[hɛ.pwat̚.sɯp̚.ni.ta],[hɛ.bwat̚.sɯp̚.ni.da]
난 감정을 가지고 있고,21,[naŋ.kan.tʃʌŋ.ɯl.ka.tʃi.ko.it̚.ko],[nan.gan.tʃʌŋ.ɯl.ga.dʒi.go.it̚.ko]
당신이 그 일을,21,[taŋ.sin.i.kɯ.il.ɯl],[daŋ.sin.i.gɯ.il.ɯl]
내게 도움이,21,[nɛ.ke.to.um.i],[nɛ.ge.do.um.i]
번 도로로,21,[pʌn.to.ɾo.ɾo],[bʌn.do.ɾo.ɾo]
당신을 찾은,21,[taŋ.sin.ɯl.tʃʰat̚.ɯn],[daŋ.sin.ɯl.tʃʰat̚.ɯn]
확실히 알겠어요,21,[hwak̚.sil.hi.al.ket̚.ʌ.jo],[hwak̚.sil.hi.al.ket̚.ʌ.jo]
했죠 그러다,21,[hɛt̚.tʃjo.kɯ.ɾʌ.ta],[hɛt̚.tʃjo.gɯ.ɾʌ.da]
필요하다고 해서,21,[pʰil.jo.ha.ta.ko.hɛ.sʌ],[pʰil.jo.ha.da.go.hɛ.sʌ]
see us,21,,
했죠 그래도,21,[hɛt̚.tʃjo.kɯ.ɾɛ.to],[hɛt̚.tʃjo.gɯ.ɾɛ.do]
알면 더,21,[al.mjʌn.tʌ],[al.mjʌn.dʌ]
그때까지 못,21,[kɯ.t͈ɛ.k͈a.tʃi.mot̚],[gɯ.t͈ɛ.k͈a.dʒi.mot̚]
내 부하들과,21,[nɛ.pu.ha.tɯl.kwa],[nɛ.bu.ha.dɯl.kwa]
나도 몰라 그,21,[na.to.mol.ɾa.kɯ],[na.do.mol.ɾa.gɯ]
잘 알아 내가,21,[tʃal.al.a.nɛ.ka],[dʒal.al.a.nɛ.ga]
무슨 말인지 알겠니,21,[mu.sɯn.mal.in.tʃi.al.ket̚.ni],[mu.sɯn.mal.in.tʃi.al.ket̚.ni]
여기 앉아있어,21,[jʌ.ki.an.a.it̚.ʌ],[jʌ.gi.an.a.it̚.ʌ]
빨리 찾아서,21,[p͈al.ɾi.tʃʰat̚.a.sʌ],[p͈al.ɾi.tʃʰat̚.a.sʌ]
주셔야 할,21,[tʃu.sjʌ.ja.hal],[dʒu.sjʌ.ja.hal]
좀 꺼요,21,[tʃom.k͈ʌ.jo],[dʒom.k͈ʌ.jo]
분 같아,21,[puŋ.kat̚.a],[bun.gat̚.a]
연습 중이야,21,[jʌn.sɯp̚.tʃuŋ.i.ja],[jʌn.sɯp̚.dʒuŋ.i.ja]
that you have,21,,
전화 벨소리,21,[tʃʌn.hwa.pel.so.ɾi],[dʒʌn.hwa.bel.so.ɾi]
키퍼 서덜랜드,21,[kʰi.pʰʌ.sʌ.tʌl.ɾɛn.tɯ],[kʰi.pʰʌ.sʌ.dʌl.ɾɛn.tɯ]
아름다운 것을,21,[a.ɾɯn.ta.uŋ.kʌt̚.ɯl],[a.ɾɯn.ta.un.gʌt̚.ɯl]
내 비행기가,21,[nɛ.pi.hɛŋ.ki.ka],[nɛ.bi.hɛŋ.gi.ga]
모두에게 도움이,21,[mo.tu.e.ke.to.um.i],[mo.du.e.ge.do.um.i]
거 아니야 내,21,[kʌ.a.ni.ja.nɛ],[gʌ.a.ni.ja.nɛ]
상자에 든,21,[saŋ.tʃa.e.tɯn],[saŋ.dʒa.e.dɯn]
이상의 가치가,21,[i.saŋ.ɯi.ka.tʃʰi.ka],[i.saŋ.ɯi.ga.tʃʰi.ga]
무슨 문제라도 있니,21,[mu.sɯn.mun.tʃe.ɾa.to.it̚.ni],[mu.sɯn.mun.tʃe.ɾa.do.it̚.ni]
얼마나 깊은지,21,[ʌl.ma.na.kip̚.ɯn.tʃi],[ʌl.ma.na.gip̚.ɯn.tʃi]
올려 보내,21,[ol.ɾjʌ.po.nɛ],[ol.ɾjʌ.bo.nɛ]
때까지 그럼,21,[t͈ɛ.k͈a.tʃi.kɯ.ɾʌm],[t͈ɛ.k͈a.dʒi.gɯ.ɾʌm]
들어가야 돼요,21,[tɯl.ʌ.ka.ja.twɛ.jo],[dɯl.ʌ.ga.ja.dwɛ.jo]
건데 말이야,21,[kʌn.te.mal.i.ja],[gʌn.te.mal.i.ja]
다른 차로,21,[ta.ɾɯn.tʃʰa.ɾo],[da.ɾɯn.tʃʰa.ɾo]
테킬라 한,21,[tʰe.kʰil.ɾa.han],[tʰe.kʰil.ɾa.han]
하기로 했다,21,[ha.ki.ɾo.hɛt̚.ta],[ha.gi.ɾo.hɛt̚.ta]
필요해 우리는,21,[pʰil.jo.hɛ.u.ɾi.nɯn],[pʰil.jo.hɛ.u.ɾi.nɯn]
무슨 말인데요,21,[mu.sɯn.mal.in.te.jo],[mu.sɯn.mal.in.te.jo]
잠깐 그럼,21,[tʃam.k͈aŋ.kɯ.ɾʌm],[dʒam.k͈an.gɯ.ɾʌm]
어디 갔다 온 거야,21,[ʌ.ti.kat̚.ta.oŋ.kʌ.ja],[ʌ.di.gat̚.ta.on.gʌ.ja]
그 첫 번째,21,[kɯ.tʃʰʌt̚.pʌn.tʃ͈ɛ],[gɯ.tʃʰʌt̚.bʌn.tʃ͈ɛ]
연신 터진다,21,[jʌn.sin.tʰʌ.tʃin.ta],[jʌn.sin.tʰʌ.dʒin.ta]
그를 마지막으로,21,[kɯ.ɾɯl.ma.tʃi.mak̚.ɯ.ɾo],[gɯ.ɾɯl.ma.dʒi.mak̚.ɯ.ɾo]
죽이진 않았어,21,[tʃuk̚.i.tʃin.an.at̚.ʌ],[dʒuk̚.i.dʒin.an.at̚.ʌ]
뉴욕에 사는,21,[nju.jok̚.e.sa.nɯn],[nju.jok̚.e.sa.nɯn]
애니 엘라,21,[ɛ.ni.el.ɾa],[ɛ.ni.el.ɾa]
가짜 엘리너,21,[ka.tʃ͈a.el.ɾi.nʌ],[ga.tʃ͈a.el.ɾi.nʌ]
내가 아는 모든 것,21,[nɛ.ka.a.nɯn.mo.tɯŋ.kʌt̚],[nɛ.ga.a.nɯn.mo.dɯn.gʌt̚]
창고에 있어,21,[tʃʰaŋ.ko.e.it̚.ʌ],[tʃʰaŋ.go.e.it̚.ʌ]
봐 왔어요,21,[pwa.wat̚.ʌ.jo],[bwa.wat̚.ʌ.jo]
다 직접,21,[ta.tʃik̚.tʃʌp̚],[da.dʒik̚.tʃʌp̚]
돈을 지불한,21,[ton.ɯl.tʃi.pul.han],[don.ɯl.dʒi.bul.han]
블록 떨어진 곳에서,21,[pɯl.ɾok̚.t͈ʌl.ʌ.tʃiŋ.kot̚.e.sʌ],[bɯl.ɾok̚.t͈ʌl.ʌ.dʒin.got̚.e.sʌ]
깊은 한숨을,21,[kip̚.ɯn.han.sum.ɯl],[gip̚.ɯn.han.sum.ɯl]
줬으면 하는데,21,[tʃwʌt̚.ɯ.mjʌn.ha.nɯn.te],[dʒwʌt̚.ɯ.mjʌn.ha.nɯn.te]
연애할 때,21,[jʌn.ɛ.hal.t͈ɛ],[jʌn.ɛ.hal.t͈ɛ]
우리가 해야 할 것,21,[u.ɾi.ka.hɛ.ja.hal.kʌt̚],[u.ɾi.ga.hɛ.ja.hal.gʌt̚]
말하지 않았지만,21,[mal.ha.tʃi.an.at̚.tʃi.man],[mal.ha.dʒi.an.at̚.tʃi.man]
course not,21,,
월요일 밤,21,[wʌl.jo.il.pam],[wʌl.jo.il.bam]
나라에 대한,21,[na.ɾa.e.tɛ.han],[na.ɾa.e.dɛ.han]
대해 들어본 적이 없다,21,[tɛ.hɛ.tɯl.ʌ.pon.tʃʌk̚.i.ʌp̚.ta],[dɛ.hɛ.dɯl.ʌ.bon.dʒʌk̚.i.ʌp̚.ta]
온 거 없어,21,[oŋ.kʌ.ʌp̚.ʌ],[on.gʌ.ʌp̚.ʌ]
황제 폐하 만세,21,[hwaŋ.tʃe.pʰje.ha.man.se],[hwaŋ.dʒe.pʰje.ha.man.se]
난 궁금해,21,[naŋ.kuŋ.kɯm.hɛ],[nan.guŋ.gɯm.hɛ]
they made,21,,
무슨 의미가 있지,21,[mu.sɯn.ɯi.mi.ka.it̚.tʃi],[mu.sɯn.ɯi.mi.ga.it̚.tʃi]
don''t give,21,,
어서 놔,21,[ʌ.sʌ.nwa],[ʌ.sʌ.nwa]
죽일 수 있다면,21,[tʃuk̚.il.su.it̚.ta.mjʌn],[dʒuk̚.il.su.it̚.ta.mjʌn]
다른 특별한,21,[ta.ɾɯn.tʰɯk̚.pjʌl.han],[da.ɾɯn.tʰɯk̚.pjʌl.han]
줄 돈,21,[tʃul.ton],[dʒul.don]
내가 누구 때문에,21,[nɛ.ka.nu.ku.t͈ɛ.mun.e],[nɛ.ga.nu.gu.t͈ɛ.mun.e]
내가 믿지,21,[nɛ.ka.mit̚.tʃi],[nɛ.ga.mit̚.tʃi]
사람들이 관심을,21,[sa.ɾan.tɯl.i.kwan.sim.ɯl],[sa.ɾan.tɯl.i.gwan.sim.ɯl]
정말 최선의 선택일까요,21,[tʃʌŋ.mal.tʃʰwe.sʌn.ɯi.sʌn.tʰɛk̚.il.k͈a.jo],[dʒʌŋ.mal.tʃʰwe.sʌn.ɯi.sʌn.tʰɛk̚.il.k͈a.jo]
전화 잘못,21,[tʃʌn.hwa.tʃal.mot̚],[dʒʌn.hwa.dʒal.mot̚]
그리고 아버지,21,[kɯ.ɾi.ko.a.pʌ.tʃi],[gɯ.ɾi.go.a.bʌ.dʒi]
아빠는 아직,21,[a.p͈a.nɯn.a.tʃik̚],[a.p͈a.nɯn.a.dʒik̚]
나갈 수 있을 거야,21,[na.kal.su.it̚.ɯl.kʌ.ja],[na.gal.su.it̚.ɯl.gʌ.ja]
느껴질 때가,21,[nɯ.k͈jʌ.tʃil.t͈ɛ.ka],[nɯ.k͈jʌ.dʒil.t͈ɛ.ga]
흘린 것,21,[hɯl.ɾiŋ.kʌt̚],[hɯl.ɾin.gʌt̚]
피를 볼,21,[pʰi.ɾɯl.pol],[pʰi.ɾɯl.bol]
하나 구해,21,[ha.na.ku.hɛ],[ha.na.gu.hɛ]
발휘 좀,21,[pal.hwi.tʃom],[bal.hwi.dʒom]
그럴 수가 없었어,21,[kɯ.ɾʌl.su.ka.ʌp̚.ʌt̚.ʌ],[gɯ.ɾʌl.su.ga.ʌp̚.ʌt̚.ʌ]
쓴 건지,21,[s͈ɯŋ.kʌn.tʃi],[s͈ɯn.gʌn.tʃi]
무슨 생각이었던 거야,21,[mu.sɯn.sɛŋ.kak̚.i.ʌt̚.tʌŋ.kʌ.ja],[mu.sɯn.sɛŋ.gak̚.i.ʌt̚.tʌn.gʌ.ja]
저 가봐야,21,[tʃʌ.ka.pwa.ja],[dʒʌ.ga.bwa.ja]
하나 까딱하지,21,[ha.na.k͈a.t͈ak̚.ha.tʃi],[ha.na.k͈a.t͈ak̚.ha.dʒi]
내 부하야,21,[nɛ.pu.ha.ja],[nɛ.bu.ha.ja]
문을 열려면,21,[mun.ɯl.jʌl.ɾjʌ.mjʌn],[mun.ɯl.jʌl.ɾjʌ.mjʌn]
연주하는 거,21,[jʌn.tʃu.ha.nɯŋ.kʌ],[jʌn.tʃu.ha.nɯn.gʌ]
필요하다는 건,21,[pʰil.jo.ha.ta.nɯŋ.kʌn],[pʰil.jo.ha.da.nɯn.gʌn]
모두 볼,21,[mo.tu.pol],[mo.du.bol]
알겠습니다 안녕하세요,21,[al.ket̚.sɯp̚.ni.ta.an.njʌŋ.ha.se.jo],[al.ket̚.sɯp̚.ni.da.an.njʌŋ.ha.se.jo]
쓸 거 없어요,21,[s͈ɯl.kʌ.ʌp̚.ʌ.jo],[s͈ɯl.gʌ.ʌp̚.ʌ.jo]
줄은 생각도 못,21,[tʃul.ɯn.sɛŋ.kak̚.to.mot̚],[dʒul.ɯn.sɛŋ.gak̚.to.mot̚]
그를 멈추게,21,[kɯ.ɾɯl.mʌn.tʃʰu.ke],[gɯ.ɾɯl.mʌn.tʃʰu.ge]
하긴 싫은데,21,[ha.kin.sil.ɯn.te],[ha.gin.sil.ɯn.te]
위로 위로,21,[wi.ɾo.wi.ɾo],[wi.ɾo.wi.ɾo]
우리는 가능한,21,[u.ɾi.nɯŋ.ka.nɯŋ.han],[u.ɾi.nɯn.ga.nɯŋ.han]
해요 어떻게요,21,[hɛ.jo.ʌ.t͈ʌt̚.ke.jo],[hɛ.jo.ʌ.t͈ʌt̚.ke.jo]
건 없는 것,21,[kʌn.ʌp̚.nɯŋ.kʌt̚],[gʌn.ʌp̚.nɯn.gʌt̚]
재미있는 것은,21,[tʃɛ.mi.it̚.nɯŋ.kʌt̚.ɯn],[dʒɛ.mi.it̚.nɯn.gʌt̚.ɯn]
무슨짓을 한건가,21,[mu.sɯn.tʃit̚.ɯl.haŋ.kʌŋ.ka],[mu.sɯn.tʃit̚.ɯl.haŋ.kʌŋ.ka]
Hadron Collider,21,,
날 실망하게,21,[nal.sil.maŋ.ha.ke],[nal.sil.maŋ.ha.ge]
걸 하는 거야,21,[kʌl.ha.nɯŋ.kʌ.ja],[gʌl.ha.nɯn.gʌ.ja]
무시할 수는,21,[mu.si.hal.su.nɯn],[mu.si.hal.su.nɯn]
잘못한 거지,21,[tʃal.mot̚.haŋ.kʌ.tʃi],[dʒal.mot̚.han.gʌ.dʒi]
더 해야겠어요,21,[tʌ.hɛ.ja.ket̚.ʌ.jo],[dʌ.hɛ.ja.get̚.ʌ.jo]
내가 낳은,21,[nɛ.ka.nat̚.ɯn],[nɛ.ga.nat̚.ɯn]
건드리지 않아,21,[kʌn.tɯ.ɾi.tʃi.an.a],[gʌn.tɯ.ɾi.dʒi.an.a]
위안이 될지 모르겠지만,21,[wi.an.i.twel.tʃi.mo.ɾɯ.ket̚.tʃi.man],[wi.an.i.dwel.tʃi.mo.ɾɯ.get̚.tʃi.man]
leave it,21,,
잠시만 시간,21,[tʃam.si.man.si.kan],[dʒam.si.man.si.gan]
from this,21,,
건드린 것,21,[kʌn.tɯ.ɾiŋ.kʌt̚],[gʌn.tɯ.ɾin.gʌt̚]
열 감지,21,[jʌl.kan.tʃi],[jʌl.gan.tʃi]
어서 나와라,21,[ʌ.sʌ.na.wa.ɾa],[ʌ.sʌ.na.wa.ɾa]
총을 겨눠,21,[tʃʰoŋ.ɯl.kjʌ.nwʌ],[tʃʰoŋ.ɯl.gjʌ.nwʌ]
들어와 내가,21,[tɯl.ʌ.wa.nɛ.ka],[dɯl.ʌ.wa.nɛ.ga]
싫어 그건,21,[sil.ʌ.kɯ.kʌn],[sil.ʌ.gɯ.gʌn]
도망칠 수 있어,21,[to.maŋ.tʃʰil.su.it̚.ʌ],[do.maŋ.tʃʰil.su.it̚.ʌ]
하는 것 처럼,21,[ha.nɯŋ.kʌt̚.tʃʰʌ.ɾʌm],[ha.nɯn.gʌt̚.tʃʰʌ.ɾʌm]
알았어요 저는,21,[al.at̚.ʌ.jo.tʃʌ.nɯn],[al.at̚.ʌ.jo.dʒʌ.nɯn]
했지 뭐,21,[hɛt̚.tʃi.mwʌ],[hɛt̚.tʃi.mwʌ]
당신도 당신,21,[taŋ.sin.to.taŋ.sin],[daŋ.sin.to.daŋ.sin]
하나 말해주지,21,[ha.na.mal.hɛ.tʃu.tʃi],[ha.na.mal.hɛ.dʒu.dʒi]
위장할 수,21,[wi.tʃaŋ.hal.su],[wi.dʒaŋ.hal.su]
그것을 원하지 않는다,21,[kɯ.kʌt̚.ɯl.wʌn.ha.tʃi.an.nɯn.ta],[gɯ.gʌt̚.ɯl.wʌn.ha.dʒi.an.nɯn.ta]
잘 때는,21,[tʃal.t͈ɛ.nɯn],[dʒal.t͈ɛ.nɯn]
씨 고마워요,21,[s͈i.ko.ma.wʌ.jo],[s͈i.go.ma.wʌ.jo]
씨 그는,21,[s͈i.kɯ.nɯn],[s͈i.gɯ.nɯn]
하나 물어봐도 될까요,21,[ha.na.mul.ʌ.pwa.to.twel.k͈a.jo],[ha.na.mul.ʌ.bwa.do.dwel.k͈a.jo]
내가 연락할게,21,[nɛ.ka.jʌl.lak̚.hal.ke],[nɛ.ga.jʌl.lak̚.hal.ke]
보자 이제,21,[po.tʃa.i.tʃe],[bo.dʒa.i.dʒe]
준비가 끝났어,21,[tʃum.pi.ka.k͈ɯt̚.nat̚.ʌ],[dʒum.pi.ga.k͈ɯt̚.nat̚.ʌ]
위치에 대한,21,[wi.tʃʰi.e.tɛ.han],[wi.tʃʰi.e.dɛ.han]
내가 보는 앞에서,21,[nɛ.ka.po.nɯn.ap̚.e.sʌ],[nɛ.ga.bo.nɯn.ap̚.e.sʌ]
밖으로 나갔어요,21,[pak̚.ɯ.ɾo.na.kat̚.ʌ.jo],[bak̚.ɯ.ɾo.na.gat̚.ʌ.jo]
이거면 충분해,21,[i.kʌ.mjʌn.tʃʰum.pun.hɛ],[i.gʌ.mjʌn.tʃʰuŋ.bun.hɛ]
무슨 얘기 하는지,21,[mu.sɯn.jɛ.ki.ha.nɯn.tʃi],[mu.sɯn.jɛ.gi.ha.nɯn.tʃi]
당신이 도와줄 수,21,[taŋ.sin.i.to.wa.tʃul.su],[daŋ.sin.i.do.wa.dʒul.su]
난 네가 필요,21,[nan.ne.ka.pʰil.jo],[nan.ne.ga.pʰil.jo]
그리고 우리는 이,21,[kɯ.ɾi.ko.u.ɾi.nɯn.i],[gɯ.ɾi.go.u.ɾi.nɯn.i]
나에게 말하지 않았다,21,[na.e.ke.mal.ha.tʃi.an.at̚.ta],[na.e.ge.mal.ha.dʒi.an.at̚.ta]
해 내가 널,21,[hɛ.nɛ.ka.nʌl],[hɛ.nɛ.ga.nʌl]
위한 노래,21,[wi.han.no.ɾɛ],[wi.han.no.ɾɛ]
갖고 장난치지,21,[kat̚.ko.tʃaŋ.nan.tʃʰi.tʃi],[gat̚.ko.dʒaŋ.nan.tʃʰi.dʒi]
내가 바로 여기,21,[nɛ.ka.pa.ɾo.jʌ.ki],[nɛ.ga.ba.ɾo.jʌ.gi]
열 배로,21,[jʌl.pɛ.ɾo],[jʌl.bɛ.ɾo]
즐거운 숙박,21,[tʃɯl.kʌ.un.suk̚.pak̚],[dʒɯl.kʌ.un.suk̚.pak̚]
일인지 설명해,21,[il.in.tʃi.sʌl.mjʌŋ.hɛ],[il.in.tʃi.sʌl.mjʌŋ.hɛ]
할 때가 된 것,21,[hal.t͈ɛ.ka.tweŋ.kʌt̚],[hal.t͈ɛ.ga.dwen.gʌt̚]
톰 크루즈가,21,[tʰom.kʰɯ.ɾu.tʃɯ.ka],[tʰom.kʰɯ.ɾu.dʒɯ.ga]
위한 정의를 실현할,21,[wi.han.tʃʌŋ.ɯi.ɾɯl.sil.hjʌn.hal],[wi.han.dʒʌŋ.ɯi.ɾɯl.sil.hjʌn.hal]
더 많은 것이 있다,21,[tʌ.man.ɯŋ.kʌt̚.i.it̚.ta],[dʌ.man.ɯn.gʌt̚.i.it̚.ta]
나한테 묻지도,21,[na.han.tʰe.mut̚.tʃi.to],[na.han.tʰe.mut̚.tʃi.do]
누가 죽어,21,[nu.ka.tʃuk̚.ʌ],[nu.ga.dʒuk̚.ʌ]
답답해 죽겠네,21,[tap̚.tap̚.hɛ.tʃuk̚.ket̚.ne],[dap̚.tap̚.hɛ.dʒuk̚.ket̚.ne]
not right,21,,
집 좋다,21,[tʃip̚.tʃot̚.ta],[dʒip̚.dʒot̚.ta]
하는지 아니,21,[ha.nɯn.tʃi.a.ni],[ha.nɯn.tʃi.a.ni]
저 그림을,21,[tʃʌ.kɯ.ɾim.ɯl],[dʒʌ.gɯ.ɾim.ɯl]
누구에 대한,21,[nu.ku.e.tɛ.han],[nu.gu.e.dɛ.han]
내 고향에선,21,[nɛ.ko.hjaŋ.e.sʌn],[nɛ.go.hjaŋ.e.sʌn]
했지 저,21,[hɛt̚.tʃi.tʃʌ],[hɛt̚.tʃi.dʒʌ]
것들이 있지,21,[kʌt̚.tɯl.i.it̚.tʃi],[gʌt̚.tɯl.i.it̚.tʃi]
우리는 누군가를,21,[u.ɾi.nɯn.nu.kuŋ.ka.ɾɯl],[u.ɾi.nɯn.nu.guŋ.ka.ɾɯl]
김 선생님,21,[kim.sʌn.sɛŋ.nim],[gim.sʌn.sɛŋ.nim]
되는 것입니다,21,[twe.nɯŋ.kʌt̚.ip̚.ni.ta],[dwe.nɯn.gʌt̚.ip̚.ni.da]
그를 보호하고,21,[kɯ.ɾɯl.po.ho.ha.ko],[gɯ.ɾɯl.bo.ho.ha.go]
당신도 좋은,21,[taŋ.sin.to.tʃot̚.ɯn],[daŋ.sin.to.dʒot̚.ɯn]
씨가 뵈러,21,[s͈i.ka.pwe.ɾʌ],[s͈i.ga.bwe.ɾʌ]
마지막으로 할 말,21,[ma.tʃi.mak̚.ɯ.ɾo.hal.mal],[ma.dʒi.mak̚.ɯ.ɾo.hal.mal]
빼면 말이지,21,[p͈ɛ.mjʌn.mal.i.tʃi],[p͈ɛ.mjʌn.mal.i.dʒi]
주신 건데,21,[tʃu.siŋ.kʌn.te],[dʒu.sin.gʌn.te]
그래야 했어요,21,[kɯ.ɾɛ.ja.hɛt̚.ʌ.jo],[gɯ.ɾɛ.ja.hɛt̚.ʌ.jo]
는 이,21,[nɯn.i],[nɯn.i]
준비할 때,21,[tʃum.pi.hal.t͈ɛ],[dʒum.pi.hal.t͈ɛ]
싫어 진짜,21,[sil.ʌ.tʃin.tʃ͈a],[sil.ʌ.dʒin.tʃ͈a]
일인지 얘기,21,[il.in.tʃi.jɛ.ki],[il.in.tʃi.jɛ.gi]
잘 받네,21,[tʃal.pat̚.ne],[dʒal.bat̚.ne]
더 나쁜지,21,[tʌ.na.p͈ɯn.tʃi],[dʌ.na.p͈ɯn.tʃi]
걸 잊었어요,21,[kʌl.it̚.ʌt̚.ʌ.jo],[gʌl.it̚.ʌt̚.ʌ.jo]
믿음이 없는,21,[mit̚.ɯm.i.ʌp̚.nɯn],[mit̚.ɯm.i.ʌp̚.nɯn]
기계가 고장,21,[ki.kje.ka.ko.tʃaŋ],[gi.gje.ga.go.dʒaŋ]
열고 있어,21,[jʌl.ko.it̚.ʌ],[jʌl.ko.it̚.ʌ]
위해 쓸,21,[wi.hɛ.s͈ɯl],[wi.hɛ.s͈ɯl]
문제를 좀,21,[mun.tʃe.ɾɯl.tʃom],[mun.tʃe.ɾɯl.dʒom]
따라 다른,21,[t͈a.ɾa.ta.ɾɯn],[t͈a.ɾa.da.ɾɯn]
줄 거란,21,[tʃul.kʌ.ɾan],[dʒul.gʌ.ɾan]
법을 배워야지,21,[pʌp̚.ɯl.pɛ.wʌ.ja.tʃi],[bʌp̚.ɯl.bɛ.wʌ.ja.dʒi]
말할 수 있겠어,21,[mal.hal.su.it̚.ket̚.ʌ],[mal.hal.su.it̚.ket̚.ʌ]
내가 너를 먼저,21,[nɛ.ka.nʌ.ɾɯl.mʌn.tʃʌ],[nɛ.ga.nʌ.ɾɯl.mʌn.tʃʌ]
지금 어딨어요,21,[tʃi.kɯm.ʌ.tit̚.ʌ.jo],[dʒi.gɯm.ʌ.dit̚.ʌ.jo]
씻고 올게,21,[s͈it̚.ko.ol.ke],[s͈it̚.ko.ol.ke]
있었잖아 그래서,21,[it̚.ʌt̚.tʃan.a.kɯ.ɾɛ.sʌ],[it̚.ʌt̚.tʃan.a.gɯ.ɾɛ.sʌ]
열대 우림,21,[jʌl.tɛ.u.ɾim],[jʌl.tɛ.u.ɾim]
늘 뭔가,21,[nɯl.mwʌŋ.ka],[nɯl.mwʌŋ.ka]
줄 게 있다,21,[tʃul.ke.it̚.ta],[dʒul.ge.it̚.ta]
해 너의,21,[hɛ.nʌ.ɯi],[hɛ.nʌ.ɯi]
할 수 있는 최소한의,21,[hal.su.it̚.nɯn.tʃʰwe.so.han.ɯi],[hal.su.it̚.nɯn.tʃʰwe.so.han.ɯi]
my love open,21,,
직업을 가진,21,[tʃik̚.ʌp̚.ɯl.ka.tʃin],[dʒik̚.ʌp̚.ɯl.ga.dʒin]
줄 때도,21,[tʃul.t͈ɛ.to],[dʒul.t͈ɛ.do]
지금 총을,21,[tʃi.kɯn.tʃʰoŋ.ɯl],[dʒi.gɯn.tʃʰoŋ.ɯl]
속은 거예요,21,[sok̚.ɯŋ.kʌ.je.jo],[sok̚.ɯn.gʌ.je.jo]
싫어요 무슨,21,[sil.ʌ.jo.mu.sɯn],[sil.ʌ.jo.mu.sɯn]
고의로 그런,21,[ko.ɯi.ɾo.kɯ.ɾʌn],[go.ɯi.ɾo.gɯ.ɾʌn]
때 아직,21,[t͈ɛ.a.tʃik̚],[t͈ɛ.a.dʒik̚]
말할 수 있을까요,21,[mal.hal.su.it̚.ɯl.k͈a.jo],[mal.hal.su.it̚.ɯl.k͈a.jo]
줄 모르는데,21,[tʃul.mo.ɾɯ.nɯn.te],[dʒul.mo.ɾɯ.nɯn.te]
훨씬 좋을,21,[hwʌl.s͈in.tʃot̚.ɯl],[hwʌl.s͈in.dʒot̚.ɯl]
다리가 너무,21,[ta.ɾi.ka.nʌ.mu],[da.ɾi.ga.nʌ.mu]
하면 가만 안,21,[ha.mjʌŋ.ka.man.an],[ha.mjʌn.ga.man.an]
했지만 지금,21,[hɛt̚.tʃi.man.tʃi.kɯm],[hɛt̚.tʃi.man.dʒi.gɯm]
아주 잘 했어,21,[a.tʃu.tʃal.hɛt̚.ʌ],[a.dʒu.dʒal.hɛt̚.ʌ]
위해 했던,21,[wi.hɛ.hɛt̚.tʌn],[wi.hɛ.hɛt̚.tʌn]
그럴 시간은,21,[kɯ.ɾʌl.si.kan.ɯn],[gɯ.ɾʌl.si.gan.ɯn]
들을 것이다,21,[tɯl.ɯl.kʌt̚.i.ta],[dɯl.ɯl.gʌt̚.i.da]
지금은 거의,21,[tʃi.kɯm.ɯŋ.kʌ.ɯi],[dʒi.gɯm.ɯn.gʌ.ɯi]
받고 있지만,21,[pat̚.ko.it̚.tʃi.man],[bat̚.ko.it̚.tʃi.man]
그의 팀은,21,[kɯ.ɯi.tʰim.ɯn],[gɯ.ɯi.tʰim.ɯn]
지금은 아닙니다,21,[tʃi.kɯm.ɯn.a.nip̚.ni.ta],[dʒi.gɯm.ɯn.a.nip̚.ni.da]
나한테 뭔가를,21,[na.han.tʰe.mwʌŋ.ka.ɾɯl],[na.han.tʰe.mwʌŋ.ka.ɾɯl]
통할 수,21,[tʰoŋ.hal.su],[tʰoŋ.hal.su]
고마워 젠장,21,[ko.ma.wʌ.tʃen.tʃaŋ],[go.ma.wʌ.dʒen.tʃaŋ]
제 대학,21,[tʃe.tɛ.hak̚],[dʒe.dɛ.hak̚]
하면 저,21,[ha.mjʌn.tʃʌ],[ha.mjʌn.dʒʌ]
그런 모험을,21,[kɯ.ɾʌn.mo.hʌm.ɯl],[gɯ.ɾʌn.mo.hʌm.ɯl]
speak with,21,,
기대를 걸고,21,[ki.tɛ.ɾɯl.kʌl.ko],[gi.dɛ.ɾɯl.gʌl.ko]
애써 줘서,21,[ɛ.s͈ʌ.tʃwʌ.sʌ],[ɛ.s͈ʌ.dʒwʌ.sʌ]
줄 선물을,21,[tʃul.sʌn.mul.ɯl],[dʒul.sʌn.mul.ɯl]
이름이 없어요,21,[i.ɾɯm.i.ʌp̚.ʌ.jo],[i.ɾɯm.i.ʌp̚.ʌ.jo]
열리지 않을,21,[jʌl.ɾi.tʃi.an.ɯl],[jʌl.ɾi.dʒi.an.ɯl]
들이대지 마,21,[tɯl.i.tɛ.tʃi.ma],[dɯl.i.dɛ.dʒi.ma]
비가 내리면,21,[pi.ka.nɛ.ɾi.mjʌn],[bi.ga.nɛ.ɾi.mjʌn]
창고에 가서,21,[tʃʰaŋ.ko.e.ka.sʌ],[tʃʰaŋ.go.e.ga.sʌ]
둘은 내가,21,[tul.ɯn.nɛ.ka],[dul.ɯn.nɛ.ga]
감옥에 갈지도,21,[kam.ok̚.e.kal.tʃi.to],[gam.ok̚.e.gal.tʃi.do]
통하지 않을,21,[tʰoŋ.ha.tʃi.an.ɯl],[tʰoŋ.ha.dʒi.an.ɯl]
하는지도 몰라요,21,[ha.nɯn.tʃi.to.mol.ɾa.jo],[ha.nɯn.tʃi.do.mol.ɾa.jo]
됩니다 안,21,[twep̚.ni.ta.an],[dwep̚.ni.da.an]
잘 생각해라,21,[tʃal.sɛŋ.kak̚.hɛ.ɾa],[dʒal.sɛŋ.gak̚.hɛ.ɾa]
고칠 수는,21,[ko.tʃʰil.su.nɯn],[go.tʃʰil.su.nɯn]
들키고 싶지,21,[tɯl.kʰi.ko.sip̚.tʃi],[dɯl.kʰi.go.sip̚.tʃi]
모두가 같은,21,[mo.tu.ka.kat̚.ɯn],[mo.du.ga.gat̚.ɯn]
허락하지 않아,21,[hʌ.ɾak̚.ha.tʃi.an.a],[hʌ.ɾak̚.ha.dʒi.an.a]
자신을 속이는,21,[tʃa.sin.ɯl.sok̚.i.nɯn],[dʒa.sin.ɯl.sok̚.i.nɯn]
위험에 처해있어,21,[wi.hʌm.e.tʃʰʌ.hɛ.it̚.ʌ],[wi.hʌm.e.tʃʰʌ.hɛ.it̚.ʌ]
맞아요 누가,21,[mat̚.a.jo.nu.ka],[mat̚.a.jo.nu.ga]
차 있죠,21,[tʃʰa.it̚.tʃjo],[tʃʰa.it̚.tʃjo]
위험이 너무,21,[wi.hʌm.i.nʌ.mu],[wi.hʌm.i.nʌ.mu]
법정에서 불리하게 사용될 수,21,[pʌp̚.tʃʌŋ.e.sʌ.pul.ɾi.ha.ke.sa.joŋ.twel.su],[bʌp̚.tʃʌŋ.e.sʌ.bul.ɾi.ha.ge.sa.joŋ.dwel.su]
동안 누가,21,[toŋ.an.nu.ka],[doŋ.an.nu.ga]
번 해볼까,21,[pʌn.hɛ.pol.k͈a],[bʌn.hɛ.bol.k͈a]
난 사건,21,[nan.sa.kʌn],[nan.sa.gʌn]
잘 싸웠어,21,[tʃal.s͈a.wʌt̚.ʌ],[dʒal.s͈a.wʌt̚.ʌ]
게 뻔하잖아,21,[ke.p͈ʌn.ha.tʃan.a],[ge.p͈ʌn.ha.dʒan.a]
환자는 어때,21,[hwan.tʃa.nɯn.ʌ.t͈ɛ],[hwan.tʃa.nɯn.ʌ.t͈ɛ]
능력을 보여줘,21,[nɯŋ.ɾjʌk̚.ɯl.po.jʌ.tʃwʌ],[nɯŋ.ɾjʌk̚.ɯl.bo.jʌ.dʒwʌ]
건지 몰라요,21,[kʌn.tʃi.mol.ɾa.jo],[gʌn.tʃi.mol.ɾa.jo]
이상하다는 걸,21,[i.saŋ.ha.ta.nɯŋ.kʌl],[i.saŋ.ha.da.nɯn.gʌl]
가까이 올,21,[ka.k͈a.i.ol],[ga.k͈a.i.ol]
줄 알아서,21,[tʃul.al.a.sʌ],[dʒul.al.a.sʌ]
그리고 한가지,21,[kɯ.ɾi.ko.haŋ.ka.tʃi],[gɯ.ɾi.go.haŋ.ka.dʒi]
나 수영,21,[na.su.jʌŋ],[na.su.jʌŋ]
위험해질 수도,21,[wi.hʌm.hɛ.tʃil.su.to],[wi.hʌm.hɛ.dʒil.su.do]
열쇠 이리,21,[jʌl.swe.i.ɾi],[jʌl.swe.i.ɾi]
열쇠 있어,21,[jʌl.swe.it̚.ʌ],[jʌl.swe.it̚.ʌ]
결정을 했어,21,[kjʌl.tʃʌŋ.ɯl.hɛt̚.ʌ],[gjʌl.tʃʌŋ.ɯl.hɛt̚.ʌ]
그러니 그런,21,[kɯ.ɾʌ.ni.kɯ.ɾʌn],[gɯ.ɾʌ.ni.gɯ.ɾʌn]
left me,21,,
있을 거 같은데요,21,[it̚.ɯl.kʌ.kat̚.ɯn.te.jo],[it̚.ɯl.gʌ.gat̚.ɯn.te.jo]
다른 사람들하고,21,[ta.ɾɯn.sa.ɾan.tɯl.ha.ko],[da.ɾɯn.sa.ɾan.tɯl.ha.go]
윈스턴 경리부,21,[win.sɯ.tʰʌŋ.kjʌŋ.ɾi.pu],[win.sɯ.tʰʌn.gjʌŋ.ɾi.bu]
to go home,21,,
제 덕분에,21,[tʃe.tʌk̚.pun.e],[dʒe.dʌk̚.pun.e]
누구한테 뭘,21,[nu.ku.han.tʰe.mwʌl],[nu.gu.han.tʰe.mwʌl]
무슨 일이 있어도 내가,21,[mu.sɯn.il.i.it̚.ʌ.to.nɛ.ka],[mu.sɯn.il.i.it̚.ʌ.do.nɛ.ga]
남자 보여,21,[nan.tʃa.po.jʌ],[nan.tʃa.bo.jʌ]
많이 버는,21,[man.i.pʌ.nɯn],[man.i.bʌ.nɯn]
윌 그레이엄의,21,[wil.kɯ.ɾe.i.ʌm.ɯi],[wil.gɯ.ɾe.i.ʌm.ɯi]
늦게 오면,21,[nɯt̚.ke.o.mjʌn],[nɯt̚.ke.o.mjʌn]
무슨 일이 있었 니,21,[mu.sɯn.il.i.it̚.ʌt̚.ni],[mu.sɯn.il.i.it̚.ʌt̚.ni]
직업이 뭐야,21,[tʃik̚.ʌp̚.i.mwʌ.ja],[dʒik̚.ʌp̚.i.mwʌ.ja]
제 도움을,21,[tʃe.to.um.ɯl],[dʒe.do.um.ɯl]
기분 좋고,21,[ki.pun.tʃot̚.ko],[gi.bun.dʒot̚.ko]
he''s been,21,,
생각했던 건,21,[sɛŋ.kak̚.hɛt̚.tʌŋ.kʌn],[sɛŋ.gak̚.hɛt̚.tʌn.gʌn]
아름답지 않아요,21,[a.ɾɯn.tap̚.tʃi.an.a.jo],[a.ɾɯn.tap̚.tʃi.an.a.jo]
했어요 그러면,21,[hɛt̚.ʌ.jo.kɯ.ɾʌ.mjʌn],[hɛt̚.ʌ.jo.gɯ.ɾʌ.mjʌn]
복면을 쓰고,21,[pok̚.mjʌn.ɯl.s͈ɯ.ko],[bok̚.mjʌn.ɯl.s͈ɯ.go]
그리로 갈,21,[kɯ.ɾi.ɾo.kal],[gɯ.ɾi.ɾo.gal]
모든 걸 포기하고,21,[mo.tɯŋ.kʌl.pʰo.ki.ha.ko],[mo.dɯn.gʌl.pʰo.gi.ha.go]
유감이에요 고마워요,21,[ju.kam.i.e.jo.ko.ma.wʌ.jo],[ju.gam.i.e.jo.go.ma.wʌ.jo]
나한테 방법이,21,[na.han.tʰe.pam.pʌp̚.i],[na.han.tʰe.baŋ.bʌp̚.i]
주세요 당신은,21,[tʃu.se.jo.taŋ.sin.ɯn],[dʒu.se.jo.daŋ.sin.ɯn]
run to,21,,
그게 이유가,21,[kɯ.ke.i.ju.ka],[gɯ.ge.i.ju.ga]
무슨 일이 있을지,21,[mu.sɯn.il.i.it̚.ɯl.tʃi],[mu.sɯn.il.i.it̚.ɯl.tʃi]
우리는 영웅이,21,[u.ɾi.nɯn.jʌŋ.uŋ.i],[u.ɾi.nɯn.jʌŋ.uŋ.i]
I''m sorry I,21,,
말이긴 하지만,21,[mal.i.kin.ha.tʃi.man],[mal.i.gin.ha.dʒi.man]
그걸 왜 이제,21,[kɯ.kʌl.wɛ.i.tʃe],[gɯ.gʌl.wɛ.i.dʒe]
맘에 드는 거,21,[mam.e.tɯ.nɯŋ.kʌ],[mam.e.dɯ.nɯn.gʌ]
이유가 있었다,21,[i.ju.ka.it̚.ʌt̚.ta],[i.ju.ga.it̚.ʌt̚.ta]
잘 알려지지 않은,21,[tʃal.al.ɾjʌ.tʃi.tʃi.an.ɯn],[dʒal.al.ɾjʌ.dʒi.dʒi.an.ɯn]
유론 그레이조이의,21,[ju.ɾoŋ.kɯ.ɾe.i.tʃo.i.ɯi],[ju.ɾon.gɯ.ɾe.i.dʒo.i.ɯi]
깊이 생각해,21,[kip̚.i.sɛŋ.kak̚.hɛ],[gip̚.i.sɛŋ.gak̚.hɛ]
못했을 수도,21,[mot̚.hɛt̚.ɯl.su.to],[mot̚.hɛt̚.ɯl.su.do]
아주 다,21,[a.tʃu.ta],[a.dʒu.da]
그리워 할,21,[kɯ.ɾi.wʌ.hal],[gɯ.ɾi.wʌ.hal]
아내와 저는,21,[a.nɛ.wa.tʃʌ.nɯn],[a.nɛ.wa.dʒʌ.nɯn]
늦은 시간,21,[nɯt̚.ɯn.si.kan],[nɯt̚.ɯn.si.gan]
문 드르륵,21,[mun.tɯ.ɾɯ.ɾɯk̚],[mun.dɯ.ɾɯ.ɾɯk̚]
아주 힘들게,21,[a.tʃu.hin.tɯl.ke],[a.dʒu.hin.tɯl.ke]
건지는 몰라도,21,[kʌn.tʃi.nɯn.mol.ɾa.to],[gʌn.tʃi.nɯn.mol.ɾa.do]
행동하기 전에,21,[hɛŋ.toŋ.ha.ki.tʃʌn.e],[hɛŋ.doŋ.ha.gi.dʒʌn.e]
건데 제,21,[kʌn.te.tʃe],[gʌn.te.dʒe]
선생님 말이,21,[sʌn.sɛŋ.nim.mal.i],[sʌn.sɛŋ.nim.mal.i]
지키려고 한,21,[tʃi.kʰi.ɾjʌ.ko.han],[dʒi.kʰi.ɾjʌ.go.han]
우리는 이야기를,21,[u.ɾi.nɯn.i.ja.ki.ɾɯl],[u.ɾi.nɯn.i.ja.gi.ɾɯl]
줄게 안 돼,21,[tʃul.ke.an.twɛ],[dʒul.ke.an.dwɛ]
그는 진정한,21,[kɯ.nɯn.tʃin.tʃʌŋ.han],[gɯ.nɯn.dʒin.tʃʌŋ.han]
무슨 일인지 말해줘,21,[mu.sɯn.il.in.tʃi.mal.hɛ.tʃwʌ],[mu.sɯn.il.in.tʃi.mal.hɛ.dʒwʌ]
갖고 놀았어요,21,[kat̚.ko.nol.at̚.ʌ.jo],[gat̚.ko.nol.at̚.ʌ.jo]
정해져 있어요,21,[tʃʌŋ.hɛ.tʃjʌ.it̚.ʌ.jo],[dʒʌŋ.hɛ.dʒjʌ.it̚.ʌ.jo]
내 맘에 들어온 것처럼,21,[nɛ.mam.e.tɯl.ʌ.oŋ.kʌt̚.tʃʰʌ.ɾʌm],[nɛ.mam.e.dɯl.ʌ.on.gʌt̚.tʃʰʌ.ɾʌm]
그걸 원하는 거야,21,[kɯ.kʌl.wʌn.ha.nɯŋ.kʌ.ja],[gɯ.gʌl.wʌn.ha.nɯn.gʌ.ja]
유일한 사람이었어,21,[ju.il.han.sa.ɾam.i.ʌt̚.ʌ],[ju.il.han.sa.ɾam.i.ʌt̚.ʌ]
그렇게 해라,21,[kɯ.ɾʌt̚.ke.hɛ.ɾa],[gɯ.ɾʌt̚.ke.hɛ.ɾa]
아냐 그럼 왜,21,[a.nja.kɯ.ɾʌm.wɛ],[a.nja.gɯ.ɾʌm.wɛ]
잘 어울리세요,21,[tʃal.ʌ.ul.ɾi.se.jo],[dʒal.ʌ.ul.ɾi.se.jo]
우리는 전부,21,[u.ɾi.nɯn.tʃʌm.pu],[u.ɾi.nɯn.dʒʌm.pu]
그릴 치즈,21,[kɯ.ɾil.tʃʰi.tʃɯ],[gɯ.ɾil.tʃʰi.dʒɯ]
따라갈 것이다,21,[t͈a.ɾa.kal.kʌt̚.i.ta],[t͈a.ɾa.gal.gʌt̚.i.da]
뭘 축하하는,21,[mwʌl.tʃʰuk̚.ha.ha.nɯn],[mwʌl.tʃʰuk̚.ha.ha.nɯn]
무슨 증거가,21,[mu.sɯn.tʃɯŋ.kʌ.ka],[mu.sɯn.dʒɯŋ.gʌ.ga]
FBI 요원이에요,21,[jo.wʌn.i.e.jo],[jo.wʌn.i.e.jo]
부르지 마라,21,[pu.ɾɯ.tʃi.ma.ɾa],[bu.ɾɯ.dʒi.ma.ɾa]
동안 말이죠,21,[toŋ.an.mal.i.tʃjo],[doŋ.an.mal.i.dʒjo]
친구가 필요한,21,[tʃʰiŋ.ku.ka.pʰil.jo.han],[tʃʰiŋ.ku.ga.pʰil.jo.han]
꼭 다,21,[k͈ok̚.ta],[k͈ok̚.da]
평범한 법의학자이지만 비밀리에 빠른,21,[pʰjʌm.pʌm.ham.pʌp̚.ɯi.hak̚.tʃa.i.tʃi.mam.pi.mil.ɾi.e.p͈a.ɾɯn],[pʰjʌŋ.bʌm.han.bʌp̚.ɯi.hak̚.tʃa.i.dʒi.man.bi.mil.ɾi.e.p͈a.ɾɯn]
유지 장치,21,[ju.tʃi.tʃaŋ.tʃʰi],[ju.dʒi.dʒaŋ.tʃʰi]
유지하기 위한,21,[ju.tʃi.ha.ki.wi.han],[ju.dʒi.ha.gi.wi.han]
나중에 봅세,21,[na.tʃuŋ.e.pop̚.se],[na.dʒuŋ.e.bop̚.se]
많이 변했네,21,[man.i.pjʌn.hɛt̚.ne],[man.i.bjʌn.hɛt̚.ne]
걸고 있다,21,[kʌl.ko.it̚.ta],[gʌl.ko.it̚.ta]
잘 알거야,21,[tʃal.al.kʌ.ja],[dʒal.al.kʌ.ja]
버려진 것,21,[pʌ.ɾjʌ.tʃiŋ.kʌt̚],[bʌ.ɾjʌ.dʒin.gʌt̚]
잘 이해할 수,21,[tʃal.i.hɛ.hal.su],[dʒal.i.hɛ.hal.su]
했어요 나,21,[hɛt̚.ʌ.jo.na],[hɛt̚.ʌ.jo.na]
그렇지 잘,21,[kɯ.ɾʌt̚.tʃi.tʃal],[gɯ.ɾʌt̚.tʃi.dʒal]
있다고 생각했지만,21,[it̚.ta.ko.sɛŋ.kak̚.hɛt̚.tʃi.man],[it̚.ta.go.sɛŋ.gak̚.hɛt̚.tʃi.man]
무슨 짓을 한 겁니까,21,[mu.sɯn.tʃit̚.ɯl.haŋ.kʌp̚.ni.k͈a],[mu.sɯn.dʒit̚.ɯl.han.gʌp̚.ni.k͈a]
그게 네가 할,21,[kɯ.ke.ne.ka.hal],[gɯ.ge.ne.ga.hal]
뭐라고 하실,21,[mwʌ.ɾa.ko.ha.sil],[mwʌ.ɾa.go.ha.sil]
다른 한 명이,21,[ta.ɾɯn.han.mjʌŋ.i],[da.ɾɯn.han.mjʌŋ.i]
그 코드를,21,[kɯ.kʰo.tɯ.ɾɯl],[gɯ.kʰo.dɯ.ɾɯl]
해요 이번엔,21,[hɛ.jo.i.pʌn.en],[hɛ.jo.i.bʌn.en]
말이지 정말,21,[mal.i.tʃi.tʃʌŋ.mal],[mal.i.dʒi.dʒʌŋ.mal]
지 얼마 되지도,21,[tʃi.ʌl.ma.twe.tʃi.to],[dʒi.ʌl.ma.dwe.dʒi.do]
we haven''t,21,,
주의를 끌고,21,[tʃu.ɯi.ɾɯl.k͈ɯl.ko],[dʒu.ɯi.ɾɯl.k͈ɯl.ko]
누군가 돈을,21,[nu.kuŋ.ka.ton.ɯl],[nu.guŋ.ka.don.ɯl]
함께 일했어요,21,[ham.k͈e.il.hɛt̚.ʌ.jo],[ham.k͈e.il.hɛt̚.ʌ.jo]
이유를 알려,21,[i.ju.ɾɯl.al.ɾjʌ],[i.ju.ɾɯl.al.ɾjʌ]
아니야 그러지,21,[a.ni.ja.kɯ.ɾʌ.tʃi],[a.ni.ja.gɯ.ɾʌ.dʒi]
우리가 거의,21,[u.ɾi.ka.kʌ.ɯi],[u.ɾi.ga.gʌ.ɯi]
있네요 저,21,[it̚.ne.jo.tʃʌ],[it̚.ne.jo.dʒʌ]
가끔 그럴,21,[ka.k͈ɯm.kɯ.ɾʌl],[ga.k͈ɯm.gɯ.ɾʌl]
때문에 인생,21,[t͈ɛ.mun.e.in.sɛŋ],[t͈ɛ.mun.e.in.sɛŋ]
저 밑에서,21,[tʃʌ.mit̚.e.sʌ],[dʒʌ.mit̚.e.sʌ]
집에 늦게 갈지도 모르니까,21,[tʃip̚.e.nɯt̚.ke.kal.tʃi.to.mo.ɾɯ.ni.k͈a],[dʒip̚.e.nɯt̚.ke.gal.tʃi.do.mo.ɾɯ.ni.k͈a]
은행 터는,21,[ɯn.hɛŋ.tʰʌ.nɯn],[ɯn.hɛŋ.tʰʌ.nɯn]
당장 무슨,21,[taŋ.tʃaŋ.mu.sɯn],[daŋ.dʒaŋ.mu.sɯn]
그럴 자격이 있다고,21,[kɯ.ɾʌl.tʃa.kjʌk̚.i.it̚.ta.ko],[gɯ.ɾʌl.dʒa.gjʌk̚.i.it̚.ta.go]
내 과거가,21,[nɛ.kwa.kʌ.ka],[nɛ.gwa.gʌ.ga]
친애하는 여러분,21,[tʃʰin.ɛ.ha.nɯn.jʌ.ɾʌ.pun],[tʃʰin.ɛ.ha.nɯn.jʌ.ɾʌ.bun]
다 처리해,21,[ta.tʃʰʌ.ɾi.hɛ],[da.tʃʰʌ.ɾi.hɛ]
때문에 전화한,21,[t͈ɛ.mun.e.tʃʌn.hwa.han],[t͈ɛ.mun.e.dʒʌn.hwa.han]
내 뺨을,21,[nɛ.p͈jam.ɯl],[nɛ.p͈jam.ɯl]
좀 서,21,[tʃom.sʌ],[dʒom.sʌ]
through that,21,,
주의를 끌지,21,[tʃu.ɯi.ɾɯl.k͈ɯl.tʃi],[dʒu.ɯi.ɾɯl.k͈ɯl.tʃi]
심각한 문제입니다,21,[sim.kak̚.han.mun.tʃe.ip̚.ni.ta],[sim.kak̚.han.mun.tʃe.ip̚.ni.da]
내가 다음에,21,[nɛ.ka.ta.ɯm.e],[nɛ.ga.da.ɯm.e]
난 임무를,21,[nan.im.mu.ɾɯl],[nan.im.mu.ɾɯl]
우리는 할 것이다,21,[u.ɾi.nɯn.hal.kʌt̚.i.ta],[u.ɾi.nɯn.hal.gʌt̚.i.da]
리가 있겠습니까,21,[ɾi.ka.it̚.ket̚.sɯp̚.ni.k͈a],[ɾi.ga.it̚.ket̚.sɯp̚.ni.k͈a]
그만 가야 해,21,[kɯ.maŋ.ka.ja.hɛ],[gɯ.man.ga.ja.hɛ]
리가 있냐,21,[ɾi.ka.it̚.nja],[ɾi.ga.it̚.nja]
결혼한 줄,21,[kjʌl.hon.han.tʃul],[gjʌl.hon.han.dʒul]
나를 보라,21,[na.ɾɯl.po.ɾa],[na.ɾɯl.bo.ɾa]
별로 없거든,21,[pjʌl.ɾo.ʌp̚.kʌ.tɯn],[bjʌl.ɾo.ʌp̚.kʌ.dɯn]
음 우리가,21,[ɯm.u.ɾi.ka],[ɯm.u.ɾi.ga]
거기 거기 공략 안,21,[kʌ.ki.kʌ.ki.koŋ.ɾjak̚.an],[gʌ.gi.gʌ.gi.goŋ.ɾjak̚.an]
어느 누구보다,21,[ʌ.nɯ.nu.ku.po.ta],[ʌ.nɯ.nu.gu.bo.da]
아는 놈,21,[a.nɯn.nom],[a.nɯn.nom]
명을 어떻게,21,[mjʌŋ.ɯl.ʌ.t͈ʌt̚.ke],[mjʌŋ.ɯl.ʌ.t͈ʌt̚.ke]
혹시나 해서 말인데,21,[hok̚.si.na.hɛ.sʌ.mal.in.te],[hok̚.si.na.hɛ.sʌ.mal.in.te]
걸 가져,21,[kʌl.ka.tʃjʌ],[gʌl.ga.dʒjʌ]
하지도 않은 일로,21,[ha.tʃi.to.an.ɯn.il.ɾo],[ha.dʒi.do.an.ɯn.il.ɾo]
음성 사서함에,21,[ɯm.sʌŋ.sa.sʌ.ham.e],[ɯm.sʌŋ.sa.sʌ.ham.e]
음성 사서함으로 연결됩니다,21,[ɯm.sʌŋ.sa.sʌ.ham.ɯ.ɾo.jʌŋ.kjʌl.twep̚.ni.ta],[ɯm.sʌŋ.sa.sʌ.ham.ɯ.ɾo.jʌŋ.kjʌl.twep̚.ni.da]
강 선생님,21,[kaŋ.sʌn.sɛŋ.nim],[gaŋ.sʌn.sɛŋ.nim]
그러니 그를,21,[kɯ.ɾʌ.ni.kɯ.ɾɯl],[gɯ.ɾʌ.ni.gɯ.ɾɯl]
아빠에 관한,21,[a.p͈a.e.kwan.han],[a.p͈a.e.gwan.han]
건 오히려,21,[kʌn.o.hi.ɾjʌ],[gʌn.o.hi.ɾjʌ]
이제 그녀의,21,[i.tʃe.kɯ.njʌ.ɯi],[i.dʒe.gɯ.njʌ.ɯi]
거기 공략 안,21,[kʌ.ki.koŋ.ɾjak̚.an],[gʌ.gi.goŋ.ɾjak̚.an]
가게 앞에,21,[ka.ke.ap̚.e],[ga.ge.ap̚.e]
봐 그의,21,[pwa.kɯ.ɯi],[bwa.gɯ.ɯi]
거기 공략,21,[kʌ.ki.koŋ.ɾjak̚],[gʌ.gi.goŋ.ɾjak̚]
나 없을 때,21,[na.ʌp̚.ɯl.t͈ɛ],[na.ʌp̚.ɯl.t͈ɛ]
검시관 말로는,21,[kʌm.si.kwan.mal.ɾo.nɯn],[gʌm.si.gwan.mal.ɾo.nɯn]
출근할 거야,21,[tʃʰul.kɯn.hal.kʌ.ja],[tʃʰul.kɯn.hal.gʌ.ja]
많은 인원이,21,[man.ɯn.in.wʌn.i],[man.ɯn.in.wʌn.i]
거기 공략 안 하면,21,[kʌ.ki.koŋ.ɾjak̚.an.ha.mjʌn],[gʌ.gi.goŋ.ɾjak̚.an.ha.mjʌn]
물어보면 되잖아,21,[mul.ʌ.po.mjʌn.twe.tʃan.a],[mul.ʌ.bo.mjʌn.dwe.dʒan.a]
내가 전화했을,21,[nɛ.ka.tʃʌn.hwa.hɛt̚.ɯl],[nɛ.ga.dʒʌn.hwa.hɛt̚.ɯl]
우리도 가야,21,[u.ɾi.to.ka.ja],[u.ɾi.do.ga.ja]
언젠가 나도,21,[ʌn.tʃeŋ.ka.na.to],[ʌn.tʃeŋ.ka.na.do]
don''t think we,21,,
얼마 드리면,21,[ʌl.ma.tɯ.ɾi.mjʌn],[ʌl.ma.dɯ.ɾi.mjʌn]
걸려 있다,21,[kʌl.ɾjʌ.it̚.ta],[gʌl.ɾjʌ.it̚.ta]
안 돼요 미안해요,21,[an.twɛ.jo.mi.an.hɛ.jo],[an.dwɛ.jo.mi.an.hɛ.jo]
believe this,21,,
우리도 그런,21,[u.ɾi.to.kɯ.ɾʌn],[u.ɾi.do.gɯ.ɾʌn]
음악에 맞춰,21,[ɯm.ak̚.e.mat̚.tʃʰwʌ],[ɯm.ak̚.e.mat̚.tʃʰwʌ]
병 꺼내서,21,[pjʌŋ.k͈ʌ.nɛ.sʌ],[bjʌŋ.k͈ʌ.nɛ.sʌ]
열어줄 거야,21,[jʌl.ʌ.tʃul.kʌ.ja],[jʌl.ʌ.dʒul.gʌ.ja]
가세요 어서,21,[ka.se.jo.ʌ.sʌ],[ga.se.jo.ʌ.sʌ]
암 걸린,21,[am.kʌl.ɾin],[am.gʌl.ɾin]
파이 먹기,21,[pʰa.i.mʌk̚.ki],[pʰa.i.mʌk̚.ki]
허준의 놀란 신음,21,[hʌ.tʃun.ɯi.nol.ɾan.sin.ɯm],[hʌ.dʒun.ɯi.nol.ɾan.sin.ɯm]
중 하나일 수도,21,[tʃuŋ.ha.na.il.su.to],[dʒuŋ.ha.na.il.su.do]
우리도 다시,21,[u.ɾi.to.ta.si],[u.ɾi.do.da.si]
생긴 사람이,21,[sɛŋ.kin.sa.ɾam.i],[sɛŋ.gin.sa.ɾam.i]
응 어디,21,[ɯŋ.ʌ.ti],[ɯŋ.ʌ.di]
제가 가진 모든,21,[tʃe.ka.ka.tʃin.mo.tɯn],[dʒe.ga.ga.dʒin.mo.dɯn]
응 어서,21,[ɯŋ.ʌ.sʌ],[ɯŋ.ʌ.sʌ]
응 우리가,21,[ɯŋ.u.ɾi.ka],[ɯŋ.u.ɾi.ga]
엄청난 짓을,21,[ʌn.tʃʰʌŋ.nan.tʃit̚.ɯl],[ʌn.tʃʰʌŋ.nan.dʒit̚.ɯl]
못 믿는 건,21,[mot̚.mit̚.nɯŋ.kʌn],[mot̚.mit̚.nɯn.gʌn]
킨 요원은,21,[kʰin.jo.wʌn.ɯn],[kʰin.jo.wʌn.ɯn]
그만 안,21,[kɯ.man.an],[gɯ.man.an]
그만 얘기해요,21,[kɯ.man.jɛ.ki.hɛ.jo],[gɯ.man.jɛ.gi.hɛ.jo]
그렇게 해야 할,21,[kɯ.ɾʌt̚.ke.hɛ.ja.hal],[gɯ.ɾʌt̚.ke.hɛ.ja.hal]
감시하는 게,21,[kam.si.ha.nɯŋ.ke],[gam.si.ha.nɯn.ge]
열차입니다 다음,21,[jʌl.tʃʰa.ip̚.ni.ta.ta.ɯm],[jʌl.tʃʰa.ip̚.ni.da.da.ɯm]
그게 맞는 것,21,[kɯ.ke.mat̚.nɯŋ.kʌt̚],[gɯ.ge.mat̚.nɯn.gʌt̚]
같은 분을,21,[kat̚.ɯm.pun.ɯl],[gat̚.ɯn.bun.ɯl]
우리도 우리,21,[u.ɾi.to.u.ɾi],[u.ɾi.do.u.ɾi]
내가 가르쳐 줄게,21,[nɛ.ka.ka.ɾɯ.tʃʰjʌ.tʃul.ke],[nɛ.ga.ga.ɾɯ.tʃʰjʌ.dʒul.ke]
그래 나도 그래,21,[kɯ.ɾɛ.na.to.kɯ.ɾɛ],[gɯ.ɾɛ.na.do.gɯ.ɾɛ]
진실을 말하고 있다고,21,[tʃin.sil.ɯl.mal.ha.ko.it̚.ta.ko],[dʒin.sil.ɯl.mal.ha.go.it̚.ta.go]
중독 치료를,21,[tʃuŋ.tok̚.tʃʰi.ɾjo.ɾɯl],[dʒuŋ.dok̚.tʃʰi.ɾjo.ɾɯl]
제 말을 들어보세요,21,[tʃe.mal.ɯl.tɯl.ʌ.po.se.jo],[dʒe.mal.ɯl.dɯl.ʌ.bo.se.jo]
했거든 내가,21,[hɛt̚.kʌ.tɯn.nɛ.ka],[hɛt̚.kʌ.dɯn.nɛ.ga]
이건 불가능해요,21,[i.kʌm.pul.ka.nɯŋ.hɛ.jo],[i.gʌn.bul.ka.nɯŋ.hɛ.jo]
바로 할게요,21,[pa.ɾo.hal.ke.jo],[ba.ɾo.hal.ke.jo]
파괴하고 있어,21,[pʰa.kwe.ha.ko.it̚.ʌ],[pʰa.gwe.ha.go.it̚.ʌ]
있습니다 그러면,21,[it̚.sɯp̚.ni.ta.kɯ.ɾʌ.mjʌn],[it̚.sɯp̚.ni.da.gɯ.ɾʌ.mjʌn]
많이 보여,21,[man.i.po.jʌ],[man.i.bo.jʌ]
날 잡지,21,[nal.tʃap̚.tʃi],[nal.dʒap̚.tʃi]
뭐 찾는,21,[mwʌ.tʃʰat̚.nɯn],[mwʌ.tʃʰat̚.nɯn]
둘이서 얘기,21,[tul.i.sʌ.jɛ.ki],[dul.i.sʌ.jɛ.gi]
아니 전혀 넌,21,[a.ni.tʃʌn.hjʌ.nʌn],[a.ni.dʒʌn.hjʌ.nʌn]
딸 어딨어,21,[t͈al.ʌ.tit̚.ʌ],[t͈al.ʌ.dit̚.ʌ]
활력 징후는,21,[hwal.ɾjʌk̚.tʃiŋ.hu.nɯn],[hwal.ɾjʌk̚.dʒiŋ.hu.nɯn]
홀트 서장님,21,[hol.tʰɯ.sʌ.tʃaŋ.nim],[hol.tʰɯ.sʌ.dʒaŋ.nim]
있습니다 다음,21,[it̚.sɯp̚.ni.ta.ta.ɯm],[it̚.sɯp̚.ni.da.da.ɯm]
바뀔 것이다,21,[pa.k͈wil.kʌt̚.i.ta],[ba.k͈wil.gʌt̚.i.da]
의리 있는,21,[ɯi.ɾi.it̚.nɯn],[ɯi.ɾi.it̚.nɯn]
말은 해야겠어요,21,[mal.ɯn.hɛ.ja.ket̚.ʌ.jo],[mal.ɯn.hɛ.ja.get̚.ʌ.jo]
knew that,21,,
나를 죽이지,21,[na.ɾɯl.tʃuk̚.i.tʃi],[na.ɾɯl.dʒuk̚.i.dʒi]
이제 돌이킬,21,[i.tʃe.tol.i.kʰil],[i.dʒe.dol.i.kʰil]
뭘로 보는,21,[mwʌl.ɾo.po.nɯn],[mwʌl.ɾo.bo.nɯn]
그 불가능한,21,[kɯ.pul.ka.nɯŋ.han],[gɯ.bul.ka.nɯŋ.han]
그럴 필요 없었는데,21,[kɯ.ɾʌl.pʰil.jo.ʌp̚.ʌt̚.nɯn.te],[gɯ.ɾʌl.pʰil.jo.ʌp̚.ʌt̚.nɯn.te]
관계는 어땠나요,21,[kwaŋ.kje.nɯn.ʌ.t͈ɛt̚.na.jo],[gwaŋ.kje.nɯn.ʌ.t͈ɛt̚.na.jo]
돌리지 마라,21,[tol.ɾi.tʃi.ma.ɾa],[dol.ɾi.dʒi.ma.ɾa]
through your,21,,
보람이 있어,21,[po.ɾam.i.it̚.ʌ],[bo.ɾam.i.it̚.ʌ]
미국 전역에서,21,[mi.kuk̚.tʃʌn.jʌk̚.e.sʌ],[mi.guk̚.dʒʌn.jʌk̚.e.sʌ]
미국 최고,21,[mi.kuk̚.tʃʰwe.ko],[mi.guk̚.tʃʰwe.go]
말만 잘,21,[mal.man.tʃal],[mal.man.dʒal]
과정에서 우리 세상이 새로운,21,[kwa.tʃʌŋ.e.sʌ.u.ɾi.se.saŋ.i.sɛ.ɾo.un],[gwa.dʒʌŋ.e.sʌ.u.ɾi.se.saŋ.i.sɛ.ɾo.un]
놈이 먼저,21,[nom.i.mʌn.tʃʌ],[nom.i.mʌn.tʃʌ]
어디로 갔니,21,[ʌ.ti.ɾo.kat̚.ni],[ʌ.di.ɾo.gat̚.ni]
딸이 날,21,[t͈al.i.nal],[t͈al.i.nal]
약 올리는,21,[jak̚.ol.ɾi.nɯn],[jak̚.ol.ɾi.nɯn]
번이나 했어요,21,[pʌn.i.na.hɛt̚.ʌ.jo],[bʌn.i.na.hɛt̚.ʌ.jo]
화난 건 알겠는데,21,[hwa.naŋ.kʌn.al.ket̚.nɯn.te],[hwa.nan.gʌn.al.ket̚.nɯn.te]
그냥 사진,21,[kɯ.njaŋ.sa.tʃin],[gɯ.njaŋ.sa.dʒin]
날 죽일 거라고,21,[nal.tʃuk̚.il.kʌ.ɾa.ko],[nal.dʒuk̚.il.gʌ.ɾa.go]
엿이나 처먹어,21,[jʌt̚.i.na.tʃʰʌ.mʌk̚.ʌ],[jʌt̚.i.na.tʃʰʌ.mʌk̚.ʌ]
이제 뭐 하지,21,[i.tʃe.mwʌ.ha.tʃi],[i.dʒe.mwʌ.ha.dʒi]
거기 살아요,21,[kʌ.ki.sal.a.jo],[gʌ.gi.sal.a.jo]
지금 네가 하는,21,[tʃi.kɯm.ne.ka.ha.nɯn],[dʒi.gɯm.ne.ga.ha.nɯn]
한 사람일,21,[han.sa.ɾam.il],[han.sa.ɾam.il]
찾아냈지만 그 과정에서 우리,21,[tʃʰat̚.a.nɛt̚.tʃi.maŋ.kɯ.kwa.tʃʌŋ.e.sʌ.u.ɾi],[tʃʰat̚.a.nɛt̚.tʃi.man.gɯ.gwa.dʒʌŋ.e.sʌ.u.ɾi]
말해주지 않았어,21,[mal.hɛ.tʃu.tʃi.an.at̚.ʌ],[mal.hɛ.dʒu.dʒi.an.at̚.ʌ]
영감을 받았다,21,[jʌŋ.kam.ɯl.pat̚.at̚.ta],[jʌŋ.gam.ɯl.bat̚.at̚.ta]
하는 것 같네요,21,[ha.nɯŋ.kʌt̚.kat̚.ne.jo],[ha.nɯn.gʌt̚.gat̚.ne.jo]
생일 축하해 고마워,21,[sɛŋ.il.tʃʰuk̚.ha.hɛ.ko.ma.wʌ],[sɛŋ.il.tʃʰuk̚.ha.hɛ.go.ma.wʌ]
말해주지 않을래,21,[mal.hɛ.tʃu.tʃi.an.ɯl.ɾɛ],[mal.hɛ.dʒu.dʒi.an.ɯl.ɾɛ]
의자 위에,21,[ɯi.tʃa.wi.e],[ɯi.dʒa.wi.e]
무엇이든 할 수 있다,21,[mu.ʌt̚.i.tɯn.hal.su.it̚.ta],[mu.ʌt̚.i.dɯn.hal.su.it̚.ta]
걸 어떻게 알았어요,21,[kʌl.ʌ.t͈ʌt̚.ke.al.at̚.ʌ.jo],[gʌl.ʌ.t͈ʌt̚.ke.al.at̚.ʌ.jo]
엄마는 아무,21,[ʌm.ma.nɯn.a.mu],[ʌm.ma.nɯn.a.mu]
중요한 건 아니고,21,[tʃuŋ.jo.haŋ.kʌn.a.ni.ko],[dʒuŋ.jo.han.gʌn.a.ni.go]
봐 잘 들어,21,[pwa.tʃal.tɯl.ʌ],[bwa.dʒal.dɯl.ʌ]
내 판단이,21,[nɛ.pʰan.tan.i],[nɛ.pʰan.tan.i]
중요한 건 바로,21,[tʃuŋ.jo.haŋ.kʌm.pa.ɾo],[dʒuŋ.jo.han.gʌn.ba.ɾo]
중 하나니까,21,[tʃuŋ.ha.na.ni.k͈a],[dʒuŋ.ha.na.ni.k͈a]
중요한 것에,21,[tʃuŋ.jo.haŋ.kʌt̚.e],[dʒuŋ.jo.han.gʌt̚.e]
의자를 드르륵,21,[ɯi.tʃa.ɾɯl.tɯ.ɾɯ.ɾɯk̚],[ɯi.dʒa.ɾɯl.dɯ.ɾɯ.ɾɯk̚]
부족할 것,21,[pu.tʃok̚.hal.kʌt̚],[bu.dʒok̚.hal.gʌt̚]
했어요 아직,21,[hɛt̚.ʌ.jo.a.tʃik̚],[hɛt̚.ʌ.jo.a.dʒik̚]
그 비행기는,21,[kɯ.pi.hɛŋ.ki.nɯn],[gɯ.bi.hɛŋ.gi.nɯn]
칠 수 있어,21,[tʃʰil.su.it̚.ʌ],[tʃʰil.su.it̚.ʌ]
Are you gonna,21,,
없는 거 아니야,21,[ʌp̚.nɯŋ.kʌ.a.ni.ja],[ʌp̚.nɯn.gʌ.a.ni.ja]
네가 주는,21,[ne.ka.tʃu.nɯn],[ne.ga.dʒu.nɯn]
엄마는 아직,21,[ʌm.ma.nɯn.a.tʃik̚],[ʌm.ma.nɯn.a.dʒik̚]
심장을 가진,21,[sin.tʃaŋ.ɯl.ka.tʃin],[sin.tʃaŋ.ɯl.ga.dʒin]
날 때도,21,[nal.t͈ɛ.to],[nal.t͈ɛ.do]
But he''s,21,,
돌볼 수 있다,21,[tol.pol.su.it̚.ta],[dol.pol.su.it̚.ta]
그거 멋지네,21,[kɯ.kʌ.mʌt̚.tʃi.ne],[gɯ.gʌ.mʌt̚.tʃi.ne]
무장하지 않은,21,[mu.tʃaŋ.ha.tʃi.an.ɯn],[mu.dʒaŋ.ha.dʒi.an.ɯn]
자신이 아니라,21,[tʃa.sin.i.a.ni.ɾa],[dʒa.sin.i.a.ni.ɾa]
제가 잘못했습니다,21,[tʃe.ka.tʃal.mot̚.hɛt̚.sɯp̚.ni.ta],[dʒe.ga.dʒal.mot̚.hɛt̚.sɯp̚.ni.da]
아니라 엄마,21,[a.ni.ɾa.ʌm.ma],[a.ni.ɾa.ʌm.ma]
엄마는 언제나,21,[ʌm.ma.nɯn.ʌn.tʃe.na],[ʌm.ma.nɯn.ʌn.tʃe.na]
아니라 우릴,21,[a.ni.ɾa.u.ɾil],[a.ni.ɾa.u.ɾil]
어릴 때부터 알고,21,[ʌ.ɾil.t͈ɛ.pu.tʰʌ.al.ko],[ʌ.ɾil.t͈ɛ.bu.tʰʌ.al.ko]
가지고 있을 수,21,[ka.tʃi.ko.it̚.ɯl.su],[ga.dʒi.go.it̚.ɯl.su]
라고 부른다,21,[ɾa.ko.pu.ɾɯn.ta],[ɾa.go.bu.ɾɯn.ta]
제 몫은,21,[tʃe.mok̚.ɯn],[dʒe.mok̚.ɯn]
가장 중대한,21,[ka.tʃaŋ.tʃuŋ.tɛ.han],[ga.dʒaŋ.dʒuŋ.dɛ.han]
말해줘 그리고,21,[mal.hɛ.tʃwʌ.kɯ.ɾi.ko],[mal.hɛ.dʒwʌ.gɯ.ɾi.go]
거야 싫어요,21,[kʌ.ja.sil.ʌ.jo],[gʌ.ja.sil.ʌ.jo]
아빠한테 전화,21,[a.p͈a.han.tʰe.tʃʌn.hwa],[a.p͈a.han.tʰe.dʒʌn.hwa]
진심이 아니었어요,21,[tʃin.sim.i.a.ni.ʌt̚.ʌ.jo],[dʒin.sim.i.a.ni.ʌt̚.ʌ.jo]
바로잡아야 한다,21,[pa.ɾo.tʃap̚.a.ja.han.ta],[ba.ɾo.dʒap̚.a.ja.han.ta]
그곳에 가면,21,[kɯ.kot̚.e.ka.mjʌn],[gɯ.got̚.e.ga.mjʌn]
중요한 일들이,21,[tʃuŋ.jo.han.il.tɯl.i],[dʒuŋ.jo.han.il.tɯl.i]
Maybe we should,21,,
이제 알았다,21,[i.tʃe.al.at̚.ta],[i.dʒe.al.at̚.ta]
내가 설명할게요,21,[nɛ.ka.sʌl.mjʌŋ.hal.ke.jo],[nɛ.ga.sʌl.mjʌŋ.hal.ke.jo]
목에 걸린 현상금은,21,[mok̚.e.kʌl.ɾin.hjʌn.saŋ.kɯm.ɯn],[mok̚.e.gʌl.ɾin.hjʌn.saŋ.gɯm.ɯn]
다 내가 한,21,[ta.nɛ.ka.han],[da.nɛ.ga.han]
Come with,21,,
관심이 있지,21,[kwan.sim.i.it̚.tʃi],[gwan.sim.i.it̚.tʃi]
그럴 필요없어,21,[kɯ.ɾʌl.pʰil.jo.ʌp̚.ʌ],[gɯ.ɾʌl.pʰil.jo.ʌp̚.ʌ]
잠깐만 멈춰,21,[tʃam.k͈an.man.mʌn.tʃʰwʌ],[dʒam.k͈an.man.mʌn.tʃʰwʌ]
내가 여태,21,[nɛ.ka.jʌ.tʰɛ],[nɛ.ga.jʌ.tʰɛ]
말인지 알겠니,21,[mal.in.tʃi.al.ket̚.ni],[mal.in.tʃi.al.ket̚.ni]
그럴 확률은,21,[kɯ.ɾʌl.hwak̚.ɾjul.ɯn],[gɯ.ɾʌl.hwak̚.ɾjul.ɯn]
하게 알겠습니다,21,[ha.ke.al.ket̚.sɯp̚.ni.ta],[ha.ge.al.ket̚.sɯp̚.ni.da]
라고 생각했다,21,[ɾa.ko.sɛŋ.kak̚.hɛt̚.ta],[ɾa.go.sɛŋ.gak̚.hɛt̚.ta]
진작 안,21,[tʃin.tʃak̚.an],[dʒin.tʃak̚.an]
아닐 거요,21,[a.nil.kʌ.jo],[a.nil.gʌ.jo]
기억하는 거야,21,[ki.ʌk̚.ha.nɯŋ.kʌ.ja],[gi.ʌk̚.ha.nɯn.gʌ.ja]
어느날 아침,21,[ʌ.nɯ.nal.a.tʃʰim],[ʌ.nɯ.nal.a.tʃʰim]
널 보호하려,21,[nʌl.po.ho.ha.ɾjʌ],[nʌl.bo.ho.ha.ɾjʌ]
발표할 때,21,[pal.pʰjo.hal.t͈ɛ],[bal.pʰjo.hal.t͈ɛ]
팀이 다시,21,[tʰim.i.ta.si],[tʰim.i.da.si]
짓 아냐,21,[tʃit̚.a.nja],[dʒit̚.a.nja]
물어보지 않았습니다,21,[mul.ʌ.po.tʃi.an.at̚.sɯp̚.ni.ta],[mul.ʌ.bo.dʒi.an.at̚.sɯp̚.ni.da]
내 친구다,21,[nɛ.tʃʰiŋ.ku.ta],[nɛ.tʃʰiŋ.ku.da]
혼자 남은,21,[hon.tʃa.nam.ɯn],[hon.tʃa.nam.ɯn]
경찰도 못,21,[kjʌŋ.tʃʰal.to.mot̚],[gjʌŋ.tʃʰal.to.mot̚]
당신 같이,21,[taŋ.siŋ.kat̚.i],[daŋ.sin.gat̚.i]
나를 버리고,21,[na.ɾɯl.pʌ.ɾi.ko],[na.ɾɯl.bʌ.ɾi.go]
이걸 줬지 부기맨의,21,[i.kʌl.tʃwʌt̚.tʃi.pu.ki.mɛn.ɯi],[i.gʌl.dʒwʌt̚.tʃi.bu.gi.mɛn.ɯi]
Nothing is,21,,
어이가 없어,21,[ʌ.i.ka.ʌp̚.ʌ],[ʌ.i.ga.ʌp̚.ʌ]
충격을 줄,21,[tʃʰuŋ.kjʌk̚.ɯl.tʃul],[tʃʰuŋ.gjʌk̚.ɯl.dʒul]
건 유감이에요,21,[kʌn.ju.kam.i.e.jo],[gʌn.ju.gam.i.e.jo]
망쳐 놓고,21,[maŋ.tʃʰjʌ.not̚.ko],[maŋ.tʃʰjʌ.not̚.ko]
저 아시잖아요,21,[tʃʌ.a.si.tʃan.a.jo],[dʒʌ.a.si.dʒan.a.jo]
문 연,21,[mun.jʌn],[mun.jʌn]
그게 쉬운,21,[kɯ.ke.swi.un],[gɯ.ge.swi.un]
때 말고는,21,[t͈ɛ.mal.ko.nɯn],[t͈ɛ.mal.ko.nɯn]
잘못도 없는,21,[tʃal.mot̚.to.ʌp̚.nɯn],[dʒal.mot̚.to.ʌp̚.nɯn]
때 말이야 그리고,21,[t͈ɛ.mal.i.ja.kɯ.ɾi.ko],[t͈ɛ.mal.i.ja.gɯ.ɾi.go]
일주일 넘게,21,[il.tʃu.il.lʌm.ke],[il.tʃu.il.lʌm.ke]
그새를 못,21,[kɯ.sɛ.ɾɯl.mot̚],[gɯ.sɛ.ɾɯl.mot̚]
아니면 나쁜,21,[a.ni.mjʌn.na.p͈ɯn],[a.ni.mjʌn.na.p͈ɯn]
묵비권을 행사할 수 있지만,21,[muk̚.pi.kwʌn.ɯl.hɛŋ.sa.hal.su.it̚.tʃi.man],[muk̚.pi.gwʌn.ɯl.hɛŋ.sa.hal.su.it̚.tʃi.man]
어두운 데서,21,[ʌ.tu.un.te.sʌ],[ʌ.du.un.de.sʌ]
저 아이들은,21,[tʃʌ.a.i.tɯl.ɯn],[dʒʌ.a.i.dɯl.ɯn]
그게 싫다면,21,[kɯ.ke.sil.ta.mjʌn],[gɯ.ge.sil.ta.mjʌn]
있으니 좀,21,[it̚.ɯ.ni.tʃom],[it̚.ɯ.ni.dʒom]
이것 밖에,21,[i.kʌt̚.pak̚.e],[i.gʌt̚.bak̚.e]
시간도 더,21,[si.kan.to.tʌ],[si.gan.to.dʌ]
확인 할 수,21,[hwak̚.in.hal.su],[hwak̚.in.hal.su]
중이에요 네,21,[tʃuŋ.i.e.jo.ne],[dʒuŋ.i.e.jo.ne]
선재가 살짝,21,[sʌn.tʃɛ.ka.sal.tʃ͈ak̚],[sʌn.tʃɛ.ga.sal.tʃ͈ak̚]
취해야 해요,21,[tʃʰwi.hɛ.ja.hɛ.jo],[tʃʰwi.hɛ.ja.hɛ.jo]
그에 따르면,21,[kɯ.e.t͈a.ɾɯ.mjʌn],[gɯ.e.t͈a.ɾɯ.mjʌn]
그에 반해,21,[kɯ.e.pan.hɛ],[gɯ.e.ban.hɛ]
줄게 잘,21,[tʃul.ke.tʃal],[dʒul.ke.dʒal]
갈 거야 알았어,21,[kal.kʌ.ja.al.at̚.ʌ],[gal.gʌ.ja.al.at̚.ʌ]
할 수 있고요,21,[hal.su.it̚.ko.jo],[hal.su.it̚.ko.jo]
이제 입,21,[i.tʃe.ip̚],[i.dʒe.ip̚]
중인 것으로,21,[tʃuŋ.iŋ.kʌt̚.ɯ.ɾo],[dʒuŋ.in.gʌt̚.ɯ.ɾo]
gonna stop,21,,
행동하는 건,21,[hɛŋ.toŋ.ha.nɯŋ.kʌn],[hɛŋ.doŋ.ha.nɯn.gʌn]
우리에게 등을,21,[u.ɾi.e.ke.tɯŋ.ɯl],[u.ɾi.e.ge.dɯŋ.ɯl]
이 말을 듣고,21,[i.mal.ɯl.tɯt̚.ko],[i.mal.ɯl.dɯt̚.ko]
방해한 거야,21,[paŋ.hɛ.haŋ.kʌ.ja],[baŋ.hɛ.han.gʌ.ja]
심폐 소생술,21,[sim.pʰje.so.sɛŋ.sul],[sim.pʰje.so.sɛŋ.sul]
잘못은 아니에요,21,[tʃal.mot̚.ɯn.a.ni.e.jo],[dʒal.mot̚.ɯn.a.ni.e.jo]
어딘지 알지,21,[ʌ.tin.tʃi.al.tʃi],[ʌ.din.tʃi.al.tʃi]
아니면 이걸,21,[a.ni.mjʌn.i.kʌl],[a.ni.mjʌn.i.gʌl]
이 몇,21,[i.mjʌt̚],[i.mjʌt̚]
그를 혼자,21,[kɯ.ɾɯl.hon.tʃa],[gɯ.ɾɯl.hon.tʃa]
차 말이야,21,[tʃʰa.mal.i.ja],[tʃʰa.mal.i.ja]
걸 도와줄 거야,21,[kʌl.to.wa.tʃul.kʌ.ja],[gʌl.do.wa.dʒul.gʌ.ja]
문제를 다,21,[mun.tʃe.ɾɯl.ta],[mun.tʃe.ɾɯl.da]
심하게 다쳤어요,21,[sim.ha.ke.ta.tʃʰjʌt̚.ʌ.jo],[sim.ha.ge.da.tʃʰjʌt̚.ʌ.jo]
가까이에 있는,21,[ka.k͈a.i.e.it̚.nɯn],[ga.k͈a.i.e.it̚.nɯn]
아니면 죽을,21,[a.ni.mjʌn.tʃuk̚.ɯl],[a.ni.mjʌn.dʒuk̚.ɯl]
때 쓰는 거야,21,[t͈ɛ.s͈ɯ.nɯŋ.kʌ.ja],[t͈ɛ.s͈ɯ.nɯn.gʌ.ja]
이제 조금만,21,[i.tʃe.tʃo.kɯm.man],[i.dʒe.dʒo.gɯm.man]
있다면 그건 바로,21,[it̚.ta.mjʌŋ.kɯ.kʌm.pa.ɾo],[it̚.ta.mjʌn.gɯ.gʌn.ba.ɾo]
이 문신은,21,[i.mun.sin.ɯn],[i.mun.sin.ɯn]
때 쓰려고,21,[t͈ɛ.s͈ɯ.ɾjʌ.ko],[t͈ɛ.s͈ɯ.ɾjʌ.go]
보는 얼굴인데,21,[po.nɯn.ʌl.kul.in.te],[bo.nɯn.ʌl.kul.in.te]
걸 도울 수,21,[kʌl.to.ul.su],[gʌl.do.ul.su]
다시는 없을,21,[ta.si.nɯn.ʌp̚.ɯl],[da.si.nɯn.ʌp̚.ɯl]
이 문제에서,21,[i.mun.tʃe.e.sʌ],[i.mun.tʃe.e.sʌ]
이 물,21,[i.mul],[i.mul]
수상한 걸,21,[su.saŋ.haŋ.kʌl],[su.saŋ.han.gʌl]
심하지 않아,21,[sim.ha.tʃi.an.a],[sim.ha.dʒi.an.a]
기분 좋아지라고,21,[ki.pun.tʃot̚.a.tʃi.ɾa.ko],[gi.bun.dʒot̚.a.dʒi.ɾa.go]
다시 만나야,21,[ta.si.man.na.ja],[da.si.man.na.ja]
다시 만나자고,21,[ta.si.man.na.tʃa.ko],[da.si.man.na.dʒa.go]
나한테 얘기를,21,[na.han.tʰe.jɛ.ki.ɾɯl],[na.han.tʰe.jɛ.gi.ɾɯl]
잘못인 것,21,[tʃal.mot̚.iŋ.kʌt̚],[dʒal.mot̚.in.gʌt̚]
이 방송,21,[i.paŋ.soŋ],[i.baŋ.soŋ]
건 이것뿐이야,21,[kʌn.i.kʌt̚.p͈un.i.ja],[gʌn.i.gʌt̚.p͈un.i.ja]
추적하는 건,21,[tʃʰu.tʃʌk̚.ha.nɯŋ.kʌn],[tʃʰu.dʒʌk̚.ha.nɯn.gʌn]
바꿀 때,21,[pa.k͈ul.t͈ɛ],[ba.k͈ul.t͈ɛ]
다 말씀,21,[ta.mal.s͈ɯm],[da.mal.s͈ɯm]
나 가야겠어,21,[na.ka.ja.ket̚.ʌ],[na.ga.ja.get̚.ʌ]
현장에 있었어요,21,[hjʌn.tʃaŋ.e.it̚.ʌt̚.ʌ.jo],[hjʌn.tʃaŋ.e.it̚.ʌt̚.ʌ.jo]
수가 없어요 난,21,[su.ka.ʌp̚.ʌ.jo.nan],[su.ga.ʌp̚.ʌ.jo.nan]
난 널 떠나지,21,[nan.nʌl.t͈ʌ.na.tʃi],[nan.nʌl.t͈ʌ.na.dʒi]
이런 방식으로,21,[i.ɾʌm.paŋ.sik̚.ɯ.ɾo],[i.ɾʌn.baŋ.sik̚.ɯ.ɾo]
줘 엄마,21,[tʃwʌ.ʌm.ma],[dʒwʌ.ʌm.ma]
영업 끝났습니다,21,[jʌŋ.ʌp̚.k͈ɯt̚.nat̚.sɯp̚.ni.ta],[jʌŋ.ʌp̚.k͈ɯt̚.nat̚.sɯp̚.ni.da]
아니야 다음,21,[a.ni.ja.ta.ɯm],[a.ni.ja.da.ɯm]
그게 어떻게 도움이,21,[kɯ.ke.ʌ.t͈ʌt̚.ke.to.um.i],[gɯ.ge.ʌ.t͈ʌt̚.ke.do.um.i]
제 부하들이,21,[tʃe.pu.ha.tɯl.i],[dʒe.bu.ha.dɯl.i]
해서 저,21,[hɛ.sʌ.tʃʌ],[hɛ.sʌ.dʒʌ]
아니야 몇,21,[a.ni.ja.mjʌt̚],[a.ni.ja.mjʌt̚]
없다 우리의,21,[ʌp̚.ta.u.ɾi.ɯi],[ʌp̚.ta.u.ɾi.ɯi]
줘 좋은,21,[tʃwʌ.tʃot̚.ɯn],[dʒwʌ.dʒot̚.ɯn]
혼자 남아,21,[hon.tʃa.nam.a],[hon.tʃa.nam.a]
죽게 된다,21,[tʃuk̚.ke.twen.ta],[dʒuk̚.ke.dwen.ta]
때 절대,21,[t͈ɛ.tʃʌl.tɛ],[t͈ɛ.dʒʌl.tɛ]
모르는 게 나아요,21,[mo.ɾɯ.nɯŋ.ke.na.a.jo],[mo.ɾɯ.nɯn.ge.na.a.jo]
가지기 위해서,21,[ka.tʃi.ki.wi.hɛ.sʌ],[ga.dʒi.gi.wi.hɛ.sʌ]
무기를 만드는,21,[mu.ki.ɾɯl.man.tɯ.nɯn],[mu.gi.ɾɯl.man.tɯ.nɯn]
내가 도움이 필요해 보이나,21,[nɛ.ka.to.um.i.pʰil.jo.hɛ.po.i.na],[nɛ.ga.do.um.i.pʰil.jo.hɛ.bo.i.na]
문 좀 열어요,21,[mun.tʃom.jʌl.ʌ.jo],[mun.dʒom.jʌl.ʌ.jo]
제발 더,21,[tʃe.pal.tʌ],[dʒe.bal.dʌ]
선택권이 없었겠군 최고,21,[sʌn.tʰɛk̚.kwʌn.i.ʌp̚.ʌt̚.ket̚.kun.tʃʰwe.ko],[sʌn.tʰɛk̚.kwʌn.i.ʌp̚.ʌt̚.ket̚.kun.tʃʰwe.go]
나 전화,21,[na.tʃʌn.hwa],[na.dʒʌn.hwa]
걸 봤잖아요,21,[kʌl.pwat̚.tʃan.a.jo],[gʌl.bwat̚.tʃan.a.jo]
이 사실을 알려주고,21,[i.sa.sil.ɯl.al.ɾjʌ.tʃu.ko],[i.sa.sil.ɯl.al.ɾjʌ.dʒu.go]
가득한 음악,21,[ka.tɯk̚.han.ɯm.ak̚],[ga.dɯk̚.han.ɯm.ak̚]
내가 뭘 알겠어,21,[nɛ.ka.mwʌl.al.ket̚.ʌ],[nɛ.ga.mwʌl.al.ket̚.ʌ]
심호흡 해,21,[sim.ho.hɯp̚.hɛ],[sim.ho.hɯp̚.hɛ]
날 쫓고 있어,21,[nal.tʃ͈ot̚.ko.it̚.ʌ],[nal.tʃ͈ot̚.ko.it̚.ʌ]
어떻게 이 일을,21,[ʌ.t͈ʌt̚.ke.i.il.ɯl],[ʌ.t͈ʌt̚.ke.i.il.ɯl]
줘야 한다,21,[tʃwʌ.ja.han.ta],[dʒwʌ.ja.han.ta]
문명의 새벽부터,21,[mun.mjʌŋ.ɯi.sɛ.pjʌk̚.pu.tʰʌ],[mun.mjʌŋ.ɯi.sɛ.bjʌk̚.pu.tʰʌ]
봐줄 수 있어,21,[pwa.tʃul.su.it̚.ʌ],[bwa.dʒul.su.it̚.ʌ]
선택권이 있는,21,[sʌn.tʰɛk̚.kwʌn.i.it̚.nɯn],[sʌn.tʰɛk̚.kwʌn.i.it̚.nɯn]
보안 기관,21,[po.aŋ.ki.kwan],[bo.an.gi.gwan]
네가 집을,21,[ne.ka.tʃip̚.ɯl],[ne.ga.dʒip̚.ɯl]
때가 됐군요,21,[t͈ɛ.ka.twɛt̚.kun.jo],[t͈ɛ.ga.dwɛt̚.kun.jo]
잘한 거예요,21,[tʃal.haŋ.kʌ.je.jo],[dʒal.han.gʌ.je.jo]
뭐가 달라져요,21,[mwʌ.ka.tal.ɾa.tʃjʌ.jo],[mwʌ.ga.dal.ɾa.dʒjʌ.jo]
할 말 있는데,21,[hal.mal.it̚.nɯn.te],[hal.mal.it̚.nɯn.te]
모르겠어요 저는,21,[mo.ɾɯ.ket̚.ʌ.jo.tʃʌ.nɯn],[mo.ɾɯ.get̚.ʌ.jo.dʒʌ.nɯn]
있지만 어떤,21,[it̚.tʃi.man.ʌ.t͈ʌn],[it̚.tʃi.man.ʌ.t͈ʌn]
나에게 이런,21,[na.e.ke.i.ɾʌn],[na.e.ge.i.ɾʌn]
걸 막으려는,21,[kʌl.mak̚.ɯ.ɾjʌ.nɯn],[gʌl.mak̚.ɯ.ɾjʌ.nɯn]
그냥 동네,21,[kɯ.njaŋ.toŋ.ne],[gɯ.njaŋ.doŋ.ne]
지금 부터,21,[tʃi.kɯm.pu.tʰʌ],[dʒi.gɯm.bu.tʰʌ]
진술은 증거로,21,[tʃin.sul.ɯn.tʃɯŋ.kʌ.ɾo],[dʒin.sul.ɯn.dʒɯŋ.gʌ.ɾo]
그게 우리 일이야,21,[kɯ.ke.u.ɾi.il.i.ja],[gɯ.ge.u.ɾi.il.i.ja]
엄마보다 더,21,[ʌm.ma.po.ta.tʌ],[ʌm.ma.bo.da.dʌ]
보러 오신,21,[po.ɾʌ.o.sin],[bo.ɾʌ.o.sin]
영웅이 아니다,21,[jʌŋ.uŋ.i.a.ni.ta],[jʌŋ.uŋ.i.a.ni.da]
그게 우리가 원하는,21,[kɯ.ke.u.ɾi.ka.wʌn.ha.nɯn],[gɯ.ge.u.ɾi.ga.wʌn.ha.nɯn]
그게 우리가 하는 방식입니다,21,[kɯ.ke.u.ɾi.ka.ha.nɯm.paŋ.sik̚.ip̚.ni.ta],[gɯ.ge.u.ɾi.ga.ha.nɯn.baŋ.sik̚.ip̚.ni.da]
뒤에 더,21,[twi.e.tʌ],[dwi.e.dʌ]
그녀가 가장 좋아하는,21,[kɯ.njʌ.ka.ka.tʃaŋ.tʃot̚.a.ha.nɯn],[gɯ.njʌ.ga.ga.dʒaŋ.dʒot̚.a.ha.nɯn]
때가 있잖아,21,[t͈ɛ.ka.it̚.tʃan.a],[t͈ɛ.ga.it̚.tʃan.a]
누군데 그래,21,[nu.kun.te.kɯ.ɾɛ],[nu.gun.te.gɯ.ɾɛ]
la la la,21,,
화학 약품,21,[hwa.hak̚.jak̚.pʰum],[hwa.hak̚.jak̚.pʰum]
내 면전에 대고,21,[nɛ.mjʌn.tʃʌn.e.tɛ.ko],[nɛ.mjʌn.tʃʌn.e.dɛ.go]
이 시간에 왜,21,[i.si.kan.e.wɛ],[i.si.gan.e.wɛ]
저 여자에게,21,[tʃʌ.jʌ.tʃa.e.ke],[dʒʌ.jʌ.dʒa.e.ge]
이 시설,21,[i.si.sʌl],[i.si.sʌl]
우리의 능력을,21,[u.ɾi.ɯi.nɯŋ.ɾjʌk̚.ɯl],[u.ɾi.ɯi.nɯŋ.ɾjʌk̚.ɯl]
지금 생각해 보면,21,[tʃi.kɯm.sɛŋ.kak̚.hɛ.po.mjʌn],[dʒi.gɯm.sɛŋ.gak̚.hɛ.bo.mjʌn]
줬어요 그래서,21,[tʃwʌt̚.ʌ.jo.kɯ.ɾɛ.sʌ],[dʒwʌt̚.ʌ.jo.gɯ.ɾɛ.sʌ]
보세요 이거,21,[po.se.jo.i.kʌ],[bo.se.jo.i.gʌ]
제안을 하나 하지,21,[tʃe.an.ɯl.ha.na.ha.tʃi],[dʒe.an.ɯl.ha.na.ha.dʒi]
잘했어 그럼,21,[tʃal.hɛt̚.ʌ.kɯ.ɾʌm],[dʒal.hɛt̚.ʌ.gɯ.ɾʌm]
줬어요 우리,21,[tʃwʌt̚.ʌ.jo.u.ɾi],[dʒwʌt̚.ʌ.jo.u.ɾi]
벌 받고,21,[pʌl.pat̚.ko],[bʌl.bat̚.ko]
줬어요 제가,21,[tʃwʌt̚.ʌ.jo.tʃe.ka],[dʒwʌt̚.ʌ.jo.dʒe.ga]
이 아파트에서,21,[i.a.pʰa.tʰɯ.e.sʌ],[i.a.pʰa.tʰɯ.e.sʌ]
때까지 멈추지 않을 거야,21,[t͈ɛ.k͈a.tʃi.mʌn.tʃʰu.tʃi.an.ɯl.kʌ.ja],[t͈ɛ.k͈a.dʒi.mʌn.tʃʰu.dʒi.an.ɯl.gʌ.ja]
싶거든 지금,21,[sip̚.kʌ.tɯn.tʃi.kɯm],[sip̚.kʌ.dɯn.dʒi.gɯm]
제어 시스템,21,[tʃe.ʌ.si.sɯ.tʰem],[dʒe.ʌ.si.sɯ.tʰem]
타고 다녀,21,[tʰa.ko.ta.njʌ],[tʰa.go.da.njʌ]
우리의 목숨을,21,[u.ɾi.ɯi.mok̚.sum.ɯl],[u.ɾi.ɯi.mok̚.sum.ɯl]
카메라가 있어요,21,[kʰa.me.ɾa.ka.it̚.ʌ.jo],[kʰa.me.ɾa.ga.it̚.ʌ.jo]
자유 시간을,21,[tʃa.ju.si.kan.ɯl],[dʒa.ju.si.gan.ɯl]
줬지 부기맨의,21,[tʃwʌt̚.tʃi.pu.ki.mɛn.ɯi],[dʒwʌt̚.tʃi.bu.gi.mɛn.ɯi]
못 차릴,21,[mot̚.tʃʰa.ɾil],[mot̚.tʃʰa.ɾil]
일으킬 수도,21,[il.ɯ.kʰil.su.to],[il.ɯ.kʰil.su.do]
이 얼간이,21,[i.ʌl.kan.i],[i.ʌl.kan.i]
때까지 움직이지,21,[t͈ɛ.k͈a.tʃi.un.tʃik̚.i.tʃi],[t͈ɛ.k͈a.dʒi.un.tʃik̚.i.dʒi]
타협할 수,21,[tʰa.hjʌp̚.hal.su],[tʰa.hjʌp̚.hal.su]
자리 잡았어,21,[tʃa.ɾi.tʃap̚.at̚.ʌ],[dʒa.ɾi.dʒap̚.at̚.ʌ]
제가 길을,21,[tʃe.ka.kil.ɯl],[dʒe.ga.gil.ɯl]
함께 갈게,21,[ham.k͈e.kal.ke],[ham.k͈e.gal.ke]
때까지 할,21,[t͈ɛ.k͈a.tʃi.hal],[t͈ɛ.k͈a.dʒi.hal]
그의 아내에게,21,[kɯ.ɯi.a.nɛ.e.ke],[gɯ.ɯi.a.nɛ.e.ge]
맘에 든다는,21,[mam.e.tɯn.ta.nɯn],[mam.e.dɯn.ta.nɯn]
계단 밑으로,21,[kje.tan.mit̚.ɯ.ɾo],[gje.dan.mit̚.ɯ.ɾo]
광장에 있는,21,[kwaŋ.tʃaŋ.e.it̚.nɯn],[gwaŋ.dʒaŋ.e.it̚.nɯn]
맘에 들고,21,[mam.e.tɯl.ko],[mam.e.dɯl.ko]
문을 열었을,21,[mun.ɯl.jʌl.ʌt̚.ɯl],[mun.ɯl.jʌl.ʌt̚.ɯl]
날 죽이려 했어요,21,[nal.tʃuk̚.i.ɾjʌ.hɛt̚.ʌ.jo],[nal.dʒuk̚.i.ɾjʌ.hɛt̚.ʌ.jo]
커뮤니티 칼리지,21,[kʰʌ.mju.ni.tʰi.kʰal.ɾi.tʃi],[kʰʌ.mju.ni.tʰi.kʰal.ɾi.dʒi]
살인범을 잡는,21,[sal.im.pʌm.ɯl.tʃap̚.nɯn],[sal.im.pʌm.ɯl.dʒap̚.nɯn]
얘기 들었죠,21,[jɛ.ki.tɯl.ʌt̚.tʃjo],[jɛ.gi.dɯl.ʌt̚.tʃjo]
당신의 목숨을,21,[taŋ.sin.ɯi.mok̚.sum.ɯl],[daŋ.sin.ɯi.mok̚.sum.ɯl]
이 위에서,21,[i.wi.e.sʌ],[i.wi.e.sʌ]
Why you,21,,
그들이 해야,21,[kɯ.tɯl.i.hɛ.ja],[gɯ.dɯl.i.hɛ.ja]
이 음악은,21,[i.ɯm.ak̚.ɯn],[i.ɯm.ak̚.ɯn]
깨고 싶지,21,[k͈ɛ.ko.sip̚.tʃi],[k͈ɛ.go.sip̚.tʃi]
확인해 봐야지,21,[hwak̚.in.hɛ.pwa.ja.tʃi],[hwak̚.in.hɛ.bwa.ja.dʒi]
아래쪽에 있는,21,[a.ɾɛ.tʃ͈ok̚.e.it̚.nɯn],[a.ɾɛ.tʃ͈ok̚.e.it̚.nɯn]
재건할 수,21,[tʃɛ.kʌn.hal.su],[dʒɛ.gʌn.hal.su]
당신의 말은,21,[taŋ.sin.ɯi.mal.ɯn],[daŋ.sin.ɯi.mal.ɯn]
하는 행동,21,[ha.nɯn.hɛŋ.toŋ],[ha.nɯn.hɛŋ.doŋ]
보여 줬잖아,21,[po.jʌ.tʃwʌt̚.tʃan.a],[bo.jʌ.dʒwʌt̚.tʃan.a]
말자고 했잖아,21,[mal.tʃa.ko.hɛt̚.tʃan.a],[mal.tʃa.go.hɛt̚.tʃan.a]
봐 경찰이,21,[pwa.kjʌŋ.tʃʰal.i],[bwa.gjʌŋ.tʃʰal.i]
유일한 사람이죠,21,[ju.il.han.sa.ɾam.i.tʃjo],[ju.il.han.sa.ɾam.i.dʒjo]
나한테 왔고,21,[na.han.tʰe.wat̚.ko],[na.han.tʰe.wat̚.ko]
거기로 가자,21,[kʌ.ki.ɾo.ka.tʃa],[gʌ.gi.ɾo.ga.dʒa]
내가 처리할 거야,21,[nɛ.ka.tʃʰʌ.ɾi.hal.kʌ.ja],[nɛ.ga.tʃʰʌ.ɾi.hal.gʌ.ja]
문제가 없었어요,21,[mun.tʃe.ka.ʌp̚.ʌt̚.ʌ.jo],[mun.tʃe.ga.ʌp̚.ʌt̚.ʌ.jo]
하는데 우린,21,[ha.nɯn.te.u.ɾin],[ha.nɯn.te.u.ɾin]
give them,21,,
이 일을 위해,21,[i.il.ɯl.wi.hɛ],[i.il.ɯl.wi.hɛ]
보여주고 싶었던,21,[po.jʌ.tʃu.ko.sip̚.ʌt̚.tʌn],[bo.jʌ.dʒu.go.sip̚.ʌt̚.tʌn]
잠깐 난,21,[tʃam.k͈an.nan],[dʒam.k͈an.nan]
그의 은행,21,[kɯ.ɯi.ɯn.hɛŋ],[gɯ.ɯi.ɯn.hɛŋ]
지식을 가진,21,[tʃi.sik̚.ɯl.ka.tʃin],[dʒi.sik̚.ɯl.ga.dʒin]
이 일을 하지,21,[i.il.ɯl.ha.tʃi],[i.il.ɯl.ha.dʒi]
근데 요즘은,21,[kɯn.te.jo.tʃɯm.ɯn],[gɯn.te.jo.dʒɯm.ɯn]
모르는 줄 알아,21,[mo.ɾɯ.nɯn.tʃul.al.a],[mo.ɾɯ.nɯn.dʒul.al.a]
벌벌 떠는,21,[pʌl.pʌl.t͈ʌ.nɯn],[bʌl.pʌl.t͈ʌ.nɯn]
합니다 그래요,21,[hap̚.ni.ta.kɯ.ɾɛ.jo],[hap̚.ni.da.gɯ.ɾɛ.jo]
하는데 하지만,21,[ha.nɯn.te.ha.tʃi.man],[ha.nɯn.te.ha.dʒi.man]
누군지 몰랐어요,21,[nu.kun.tʃi.mol.ɾat̚.ʌ.jo],[nu.gun.tʃi.mol.ɾat̚.ʌ.jo]
가는 방법을,21,[ka.nɯm.pam.pʌp̚.ɯl],[ga.nɯn.baŋ.bʌp̚.ɯl]
봤는데 네,21,[pwat̚.nɯn.te.ne],[bwat̚.nɯn.te.ne]
the tree,21,,
뒤에 있었는데,21,[twi.e.it̚.ʌt̚.nɯn.te],[dwi.e.it̚.ʌt̚.nɯn.te]
혼자 갈 수 있어요,21,[hon.tʃa.kal.su.it̚.ʌ.jo],[hon.tʃa.gal.su.it̚.ʌ.jo]
즐거운 파티 되십시요,21,[tʃɯl.kʌ.um.pʰa.tʰi.twe.sip̚.si.jo],[dʒɯl.kʌ.um.pʰa.tʰi.dwe.sip̚.si.jo]
다 아냐,21,[ta.a.nja],[da.a.nja]
아침 안녕하세요,21,[a.tʃʰim.an.njʌŋ.ha.se.jo],[a.tʃʰim.an.njʌŋ.ha.se.jo]
친구도 안,21,[tʃʰiŋ.ku.to.an],[tʃʰiŋ.ku.do.an]
다 아는 줄,21,[ta.a.nɯn.tʃul],[da.a.nɯn.dʒul]
거 알아 날,21,[kʌ.al.a.nal],[gʌ.al.a.nal]
라는 걸,21,[ɾa.nɯŋ.kʌl],[ɾa.nɯn.gʌl]
모르니까 먼저 성묘,21,[mo.ɾɯ.ni.k͈a.mʌn.tʃʌ.sʌŋ.mjo],[mo.ɾɯ.ni.k͈a.mʌn.tʃʌ.sʌŋ.mjo]
가지 물건을,21,[ka.tʃi.mul.kʌn.ɯl],[ga.dʒi.mul.kʌn.ɯl]
제 생각으로는,21,[tʃe.sɛŋ.kak̚.ɯ.ɾo.nɯn],[dʒe.sɛŋ.gak̚.ɯ.ɾo.nɯn]
가는 비행기를,21,[ka.nɯm.pi.hɛŋ.ki.ɾɯl],[ga.nɯn.bi.hɛŋ.gi.ɾɯl]
지아나의 동생,21,[tʃi.a.na.ɯi.toŋ.sɛŋ],[dʒi.a.na.ɯi.doŋ.sɛŋ]
아니잖아요 이,21,[a.ni.tʃan.a.jo.i],[a.ni.dʒan.a.jo.i]
가세요 잘,21,[ka.se.jo.tʃal],[ga.se.jo.dʒal]
때까지 기다렸다,21,[t͈ɛ.k͈a.tʃi.ki.ta.ɾjʌt̚.ta],[t͈ɛ.k͈a.dʒi.gi.da.ɾjʌt̚.ta]
그리고 lrm,21,[kɯ.ɾi.ko],[gɯ.ɾi.go]
그게 중요하죠,21,[kɯ.ke.tʃuŋ.jo.ha.tʃjo],[gɯ.ge.dʒuŋ.jo.ha.dʒjo]
당신이 찾을,21,[taŋ.sin.i.tʃʰat̚.ɯl],[daŋ.sin.i.tʃʰat̚.ɯl]
어디 갔는지 알아,21,[ʌ.ti.kat̚.nɯn.tʃi.al.a],[ʌ.di.gat̚.nɯn.tʃi.al.a]
떨어져야 해,21,[t͈ʌl.ʌ.tʃjʌ.ja.hɛ],[t͈ʌl.ʌ.dʒjʌ.ja.hɛ]
그게 중요한 거죠,21,[kɯ.ke.tʃuŋ.jo.haŋ.kʌ.tʃjo],[gɯ.ge.dʒuŋ.jo.han.gʌ.dʒjo]
싶다고 했을,21,[sip̚.ta.ko.hɛt̚.ɯl],[sip̚.ta.go.hɛt̚.ɯl]
공동 창안,21,[koŋ.toŋ.tʃʰaŋ.an],[goŋ.doŋ.tʃʰaŋ.an]
이해를 못하는군,21,[i.hɛ.ɾɯl.mot̚.ha.nɯŋ.kun],[i.hɛ.ɾɯl.mot̚.ha.nɯŋ.kun]
키스는 안,21,[kʰi.sɯ.nɯn.an],[kʰi.sɯ.nɯn.an]
가는 유일한,21,[ka.nɯn.ju.il.han],[ga.nɯn.ju.il.han]
책을 쓰는,21,[tʃʰɛk̚.ɯl.s͈ɯ.nɯn],[tʃʰɛk̚.ɯl.s͈ɯ.nɯn]
때문에 같이,21,[t͈ɛ.mun.e.kat̚.i],[t͈ɛ.mun.e.gat̚.i]
보이진 않는데요,21,[po.i.tʃin.an.nɯn.te.jo],[bo.i.dʒin.an.nɯn.te.jo]
다음 건,21,[ta.ɯm.kʌn],[da.ɯm.gʌn]
이 짓거리,21,[i.tʃit̚.kʌ.ɾi],[i.dʒit̚.kʌ.ɾi]
말이야 특히,21,[mal.i.ja.tʰɯk̚.hi],[mal.i.ja.tʰɯk̚.hi]
아니지만 우린,21,[a.ni.tʃi.man.u.ɾin],[a.ni.dʒi.man.u.ɾin]
아니지만 말이야,21,[a.ni.tʃi.man.mal.i.ja],[a.ni.dʒi.man.mal.i.ja]
잠깐 여기서,21,[tʃam.k͈an.jʌ.ki.sʌ],[dʒam.k͈an.jʌ.gi.sʌ]
기분 좋게 해,21,[ki.pun.tʃot̚.ke.hɛ],[gi.bun.dʒot̚.ke.hɛ]
그러면 안 될 것,21,[kɯ.ɾʌ.mjʌn.an.twel.kʌt̚],[gɯ.ɾʌ.mjʌn.an.dwel.gʌt̚]
이 층,21,[i.tʃʰɯŋ],[i.tʃʰɯŋ]
우리의 현재,21,[u.ɾi.ɯi.hjʌn.tʃɛ],[u.ɾi.ɯi.hjʌn.tʃɛ]
때문에 깜짝,21,[t͈ɛ.mun.e.k͈an.tʃ͈ak̚],[t͈ɛ.mun.e.k͈an.tʃ͈ak̚]
증거에 의하면,21,[tʃɯŋ.kʌ.e.ɯi.ha.mjʌn],[dʒɯŋ.gʌ.e.ɯi.ha.mjʌn]
해 따라와,21,[hɛ.t͈a.ɾa.wa],[hɛ.t͈a.ɾa.wa]
bit more,21,,
떨어질 겁니다,21,[t͈ʌl.ʌ.tʃil.kʌp̚.ni.ta],[t͈ʌl.ʌ.dʒil.gʌp̚.ni.da]
밝은 빛이,21,[pak̚.ɯm.pit̚.i],[bak̚.ɯn.bit̚.i]
안전한 건,21,[an.tʃʌn.haŋ.kʌn],[an.tʃʌn.han.gʌn]
해를 끼치고,21,[hɛ.ɾɯl.k͈i.tʃʰi.ko],[hɛ.ɾɯl.k͈i.tʃʰi.go]
이 트럭,21,[i.tʰɯ.ɾʌk̚],[i.tʰɯ.ɾʌk̚]
보면 또,21,[po.mjʌn.t͈o],[bo.mjʌn.t͈o]
최강 배달꾼,21,[tʃʰwe.kam.pɛ.tal.k͈un],[tʃʰwe.gaŋ.bɛ.dal.k͈un]
그자가 자네에게,21,[kɯ.tʃa.ka.tʃa.ne.e.ke],[gɯ.dʒa.ga.dʒa.ne.e.ge]
이유는 나는,21,[i.ju.nɯn.na.nɯn],[i.ju.nɯn.na.nɯn]
다 엿 먹어,21,[ta.jʌt̚.mʌk̚.ʌ],[da.jʌt̚.mʌk̚.ʌ]
갖고 놀고 있어,21,[kat̚.ko.nol.ko.it̚.ʌ],[gat̚.ko.nol.ko.it̚.ʌ]
그는 그 일을,21,[kɯ.nɯŋ.kɯ.il.ɯl],[gɯ.nɯn.gɯ.il.ɯl]
걸 발견한,21,[kʌl.pal.kjʌn.han],[gʌl.bal.kjʌn.han]
아닌가 보지,21,[a.niŋ.ka.po.tʃi],[a.niŋ.ka.bo.dʒi]
가장 재미있는,21,[ka.tʃaŋ.tʃɛ.mi.it̚.nɯn],[ga.dʒaŋ.dʒɛ.mi.it̚.nɯn]
때문에 로마에 있어,21,[t͈ɛ.mun.e.ɾo.ma.e.it̚.ʌ],[t͈ɛ.mun.e.ɾo.ma.e.it̚.ʌ]
당신들이 우리,21,[taŋ.sin.tɯl.i.u.ɾi],[daŋ.sin.tɯl.i.u.ɾi]
지금 이럴 시간,21,[tʃi.kɯm.i.ɾʌl.si.kan],[dʒi.gɯm.i.ɾʌl.si.gan]
난 맘에 들어,21,[nan.mam.e.tɯl.ʌ],[nan.mam.e.dɯl.ʌ]
아닌데 나도,21,[a.nin.te.na.to],[a.nin.te.na.do]
꼴은 못 봐요,21,[k͈ol.ɯn.mot̚.pwa.jo],[k͈ol.ɯn.mot̚.bwa.jo]
할 수도 있는데,21,[hal.su.to.it̚.nɯn.te],[hal.su.do.it̚.nɯn.te]
모든 수단을 동원해서,21,[mo.tɯn.su.tan.ɯl.toŋ.wʌn.hɛ.sʌ],[mo.dɯn.su.dan.ɯl.doŋ.wʌn.hɛ.sʌ]
때문에 상황이,21,[t͈ɛ.mun.e.saŋ.hwaŋ.i],[t͈ɛ.mun.e.saŋ.hwaŋ.i]
아닌데요 뭐,21,[a.nin.te.jo.mwʌ],[a.nin.te.jo.mwʌ]
뭐가 있는지 보자,21,[mwʌ.ka.it̚.nɯn.tʃi.po.tʃa],[mwʌ.ga.it̚.nɯn.tʃi.bo.dʒa]
할 수 있었다면,21,[hal.su.it̚.ʌt̚.ta.mjʌn],[hal.su.it̚.ʌt̚.ta.mjʌn]
보면 분명,21,[po.mjʌm.pun.mjʌŋ],[bo.mjʌn.bun.mjʌŋ]
이거 놔라,21,[i.kʌ.nwa.ɾa],[i.gʌ.nwa.ɾa]
증인으로 요청합니다,21,[tʃɯŋ.in.ɯ.ɾo.jo.tʃʰʌŋ.hap̚.ni.ta],[dʒɯŋ.in.ɯ.ɾo.jo.tʃʰʌŋ.hap̚.ni.da]
Go and,21,,
제대로 못 하고,21,[tʃe.tɛ.ɾo.mot̚.ha.ko],[dʒe.dɛ.ɾo.mot̚.ha.go]
얘기해 알았어,21,[jɛ.ki.hɛ.al.at̚.ʌ],[jɛ.gi.hɛ.al.at̚.ʌ]
영향을 많이,21,[jʌŋ.hjaŋ.ɯl.man.i],[jʌŋ.hjaŋ.ɯl.man.i]
때문에 아버지가,21,[t͈ɛ.mun.e.a.pʌ.tʃi.ka],[t͈ɛ.mun.e.a.bʌ.dʒi.ga]
If I was,21,,
내가 노래를,21,[nɛ.ka.no.ɾɛ.ɾɯl],[nɛ.ga.no.ɾɛ.ɾɯl]
ask him,21,,
햄 아가씨,21,[hɛm.a.ka.s͈i],[hɛm.a.ga.s͈i]
발각될 거야,21,[pal.kak̚.twel.kʌ.ja],[bal.kak̚.twel.gʌ.ja]
이걸로 내,21,[i.kʌl.ɾo.nɛ],[i.gʌl.ɾo.nɛ]
흘린 거야,21,[hɯl.ɾiŋ.kʌ.ja],[hɯl.ɾin.gʌ.ja]
다 잃고,21,[ta.il.ko],[da.il.ko]
문제가 되진,21,[mun.tʃe.ka.twe.tʃin],[mun.tʃe.ga.dwe.dʒin]
지 몇 시간,21,[tʃi.mjʌt̚.si.kan],[dʒi.mjʌt̚.si.gan]
때문에 왔는데요,21,[t͈ɛ.mun.e.wat̚.nɯn.te.jo],[t͈ɛ.mun.e.wat̚.nɯn.te.jo]
그 과정에서 우리 세상이,21,[kɯ.kwa.tʃʌŋ.e.sʌ.u.ɾi.se.saŋ.i],[gɯ.gwa.dʒʌŋ.e.sʌ.u.ɾi.se.saŋ.i]
해결될 거라고,21,[hɛ.kjʌl.twel.kʌ.ɾa.ko],[hɛ.gjʌl.twel.gʌ.ɾa.go]
I''m supposed,21,,
얘 말이 맞아,21,[jɛ.mal.i.mat̚.a],[jɛ.mal.i.mat̚.a]
때문에 우리의,21,[t͈ɛ.mun.e.u.ɾi.ɯi],[t͈ɛ.mun.e.u.ɾi.ɯi]
wait for the,21,,
다 있잖아요,21,[ta.it̚.tʃan.a.jo],[da.it̚.tʃan.a.jo]
아닙니다 사실,21,[a.nip̚.ni.ta.sa.sil],[a.nip̚.ni.da.sa.sil]
난 애들을,21,[nan.ɛ.tɯl.ɯl],[nan.ɛ.dɯl.ɯl]
없어 빌어먹을,21,[ʌp̚.ʌ.pil.ʌ.mʌk̚.ɯl],[ʌp̚.ʌ.bil.ʌ.mʌk̚.ɯl]
받아 주고,21,[pat̚.a.tʃu.ko],[bat̚.a.dʒu.go]
아닙니다 우리는,21,[a.nip̚.ni.ta.u.ɾi.nɯn],[a.nip̚.ni.da.u.ɾi.nɯn]
문제가 생겨도,21,[mun.tʃe.ka.sɛŋ.kjʌ.to],[mun.tʃe.ga.sɛŋ.gjʌ.do]
간 뒤에,21,[kan.twi.e],[gan.dwi.e]
어젯밤에 본,21,[ʌ.tʃet̚.pam.e.pon],[ʌ.dʒet̚.pam.e.bon]
나한테 이럴 수 있어,21,[na.han.tʰe.i.ɾʌl.su.it̚.ʌ],[na.han.tʰe.i.ɾʌl.su.it̚.ʌ]
이거 하면,21,[i.kʌ.ha.mjʌn],[i.gʌ.ha.mjʌn]
해냈어 내가,21,[hɛ.nɛt̚.ʌ.nɛ.ka],[hɛ.nɛt̚.ʌ.nɛ.ga]
나한테 이럴 수가,21,[na.han.tʰe.i.ɾʌl.su.ka],[na.han.tʰe.i.ɾʌl.su.ga]
버릴 거다,21,[pʌ.ɾil.kʌ.ta],[bʌ.ɾil.gʌ.da]
억제할 수,21,[ʌk̚.tʃe.hal.su],[ʌk̚.tʃe.hal.su]
지게 돼,21,[tʃi.ke.twɛ],[dʒi.ge.dwɛ]
돼요 네가,21,[twɛ.jo.ne.ka],[dwɛ.jo.ne.ga]
back in a,21,,
것은 나의,21,[kʌt̚.ɯn.na.ɯi],[gʌt̚.ɯn.na.ɯi]
대항하기 위해,21,[tɛ.haŋ.ha.ki.wi.hɛ],[dɛ.haŋ.ha.gi.wi.hɛ]
흰 옷을,21,[hɯin.ot̚.ɯl],[hɯin.ot̚.ɯl]
해도 되니,21,[hɛ.to.twe.ni],[hɛ.do.dwe.ni]
조사할 때,21,[tʃo.sa.hal.t͈ɛ],[dʒo.sa.hal.t͈ɛ]
문제가 생길 거야,21,[mun.tʃe.ka.sɛŋ.kil.kʌ.ja],[mun.tʃe.ga.sɛŋ.gil.gʌ.ja]
돌아가야 한다고,21,[tol.a.ka.ja.han.ta.ko],[dol.a.ga.ja.han.ta.go]
지고 있다,21,[tʃi.ko.it̚.ta],[dʒi.go.it̚.ta]
내 성적,21,[nɛ.sʌŋ.tʃʌk̚],[nɛ.sʌŋ.dʒʌk̚]
바랄 겁니다,21,[pa.ɾal.kʌp̚.ni.ta],[ba.ɾal.gʌp̚.ni.da]
나를 도와준다고,21,[na.ɾɯl.to.wa.tʃun.ta.ko],[na.ɾɯl.do.wa.dʒun.ta.go]
해 뭔데,21,[hɛ.mwʌn.te],[hɛ.mwʌn.te]
그럼 거기로,21,[kɯ.ɾʌm.kʌ.ki.ɾo],[gɯ.ɾʌm.gʌ.gi.ɾo]
를 갖고,21,[ɾɯl.kat̚.ko],[ɾɯl.gat̚.ko]
좀 무섭네요,21,[tʃom.mu.sʌp̚.ne.jo],[dʒom.mu.sʌp̚.ne.jo]
있을지 모르잖아요,21,[it̚.ɯl.tʃi.mo.ɾɯ.tʃan.a.jo],[it̚.ɯl.tʃi.mo.ɾɯ.dʒan.a.jo]
그쪽으로 가지,21,[kɯ.tʃ͈ok̚.ɯ.ɾo.ka.tʃi],[gɯ.tʃ͈ok̚.ɯ.ɾo.ga.dʒi]
싶어 뭘,21,[sip̚.ʌ.mwʌl],[sip̚.ʌ.mwʌl]
싶어 안 돼,21,[sip̚.ʌ.an.twɛ],[sip̚.ʌ.an.dwɛ]
거 알아 하지만 난,21,[kʌ.al.a.ha.tʃi.man.nan],[gʌ.al.a.ha.dʒi.man.nan]
이건 다 내 잘못이야,21,[i.kʌn.ta.nɛ.tʃal.mot̚.i.ja],[i.gʌn.da.nɛ.dʒal.mot̚.i.ja]
저기 말이죠,21,[tʃʌ.ki.mal.i.tʃjo],[dʒʌ.gi.mal.i.dʒjo]
맛있는 거 먹고,21,[mat̚.it̚.nɯŋ.kʌ.mʌk̚.ko],[mat̚.it̚.nɯn.gʌ.mʌk̚.ko]
있다면 널,21,[it̚.ta.mjʌn.nʌl],[it̚.ta.mjʌn.nʌl]
나도 나름대로,21,[na.to.na.ɾɯn.tɛ.ɾo],[na.do.na.ɾɯn.tɛ.ɾo]
맛있는 냄새,21,[mat̚.it̚.nɯn.nɛm.sɛ],[mat̚.it̚.nɯn.nɛm.sɛ]
볼 수 있잖아요,21,[pol.su.it̚.tʃan.a.jo],[bol.su.it̚.tʃan.a.jo]
모두를 죽이려고,21,[mo.tu.ɾɯl.tʃuk̚.i.ɾjʌ.ko],[mo.du.ɾɯl.dʒuk̚.i.ɾjʌ.go]
얘기 즐거웠어요,21,[jɛ.ki.tʃɯl.kʌ.wʌt̚.ʌ.jo],[jɛ.gi.dʒɯl.kʌ.wʌt̚.ʌ.jo]
이유를 알지,21,[i.ju.ɾɯl.al.tʃi],[i.ju.ɾɯl.al.tʃi]
벌어질지 알려줄게,21,[pʌl.ʌ.tʃil.tʃi.al.ɾjʌ.tʃul.ke],[bʌl.ʌ.dʒil.tʃi.al.ɾjʌ.dʒul.ke]
네 주변,21,[ne.tʃu.pjʌn],[ne.dʒu.bjʌn]
맛있어 보여,21,[mat̚.it̚.ʌ.po.jʌ],[mat̚.it̚.ʌ.bo.jʌ]
내 이름에,21,[nɛ.i.ɾɯm.e],[nɛ.i.ɾɯm.e]
모든 게 계획대로,21,[mo.tɯŋ.ke.kje.hwek̚.tɛ.ɾo],[mo.dɯn.ge.gje.hwek̚.tɛ.ɾo]
해줘 그,21,[hɛ.tʃwʌ.kɯ],[hɛ.dʒwʌ.gɯ]
이건 아마도,21,[i.kʌn.a.ma.to],[i.gʌn.a.ma.do]
내가 만들고,21,[nɛ.ka.man.tɯl.ko],[nɛ.ga.man.tɯl.ko]
그 광고를,21,[kɯ.kwaŋ.ko.ɾɯl],[gɯ.gwaŋ.go.ɾɯl]
저희 호텔은,21,[tʃʌ.hɯi.ho.tʰel.ɯn],[dʒʌ.hɯi.ho.tʰel.ɯn]
있으면 당장,21,[it̚.ɯ.mjʌn.taŋ.tʃaŋ],[it̚.ɯ.mjʌn.daŋ.dʒaŋ]
치과 기록을,21,[tʃʰi.kwa.ki.ɾok̚.ɯl],[tʃʰi.gwa.gi.ɾok̚.ɯl]
하던 짓,21,[ha.tʌn.tʃit̚],[ha.dʌn.dʒit̚]
먹을 수 있다,21,[mʌk̚.ɯl.su.it̚.ta],[mʌk̚.ɯl.su.it̚.ta]
것은 더,21,[kʌt̚.ɯn.tʌ],[gʌt̚.ɯn.dʌ]
이건 어떤가요,21,[i.kʌn.ʌ.t͈ʌŋ.ka.jo],[i.gʌn.ʌ.t͈ʌŋ.ka.jo]
건 작은,21,[kʌn.tʃak̚.ɯn],[gʌn.dʒak̚.ɯn]
일찍 일어나는 새가,21,[il.tʃ͈ik̚.il.ʌ.na.nɯn.sɛ.ka],[il.tʃ͈ik̚.il.ʌ.na.nɯn.sɛ.ga]
내가 두려운,21,[nɛ.ka.tu.ɾjʌ.un],[nɛ.ga.du.ɾjʌ.un]
죽어 가는데,21,[tʃuk̚.ʌ.ka.nɯn.te],[dʒuk̚.ʌ.ga.nɯn.te]
이러지 마십시오,21,[i.ɾʌ.tʃi.ma.sip̚.si.o],[i.ɾʌ.dʒi.ma.sip̚.si.o]
자네는 자네,21,[tʃa.ne.nɯn.tʃa.ne],[dʒa.ne.nɯn.dʒa.ne]
그래요 엄마,21,[kɯ.ɾɛ.jo.ʌm.ma],[gɯ.ɾɛ.jo.ʌm.ma]
틀림없이 그,21,[tʰɯl.ɾim.ʌp̚.i.kɯ],[tʰɯl.ɾim.ʌp̚.i.gɯ]
우린 끝이에요,21,[u.ɾiŋ.k͈ɯt̚.i.e.jo],[u.ɾiŋ.k͈ɯt̚.i.e.jo]
얘기 하나 해,21,[jɛ.ki.ha.na.hɛ],[jɛ.gi.ha.na.hɛ]
다 팔고,21,[ta.pʰal.ko],[da.pʰal.ko]
누구 한테,21,[nu.ku.han.tʰe],[nu.gu.han.tʰe]
지금 그래,21,[tʃi.kɯm.kɯ.ɾɛ],[dʒi.gɯm.gɯ.ɾɛ]
퍼질 거예요,21,[pʰʌ.tʃil.kʌ.je.jo],[pʰʌ.dʒil.gʌ.je.jo]
망가지는 걸,21,[maŋ.ka.tʃi.nɯŋ.kʌl],[maŋ.ga.dʒi.nɯn.gʌl]
앞뒤가 안 맞아요,21,[ap̚.twi.ka.an.mat̚.a.jo],[ap̚.twi.ga.an.mat̚.a.jo]
아니지 정말,21,[a.ni.tʃi.tʃʌŋ.mal],[a.ni.dʒi.dʒʌŋ.mal]
다 찾아봤어요,21,[ta.tʃʰat̚.a.pwat̚.ʌ.jo],[da.tʃʰat̚.a.bwat̚.ʌ.jo]
어두운 음악이,21,[ʌ.tu.un.ɯm.ak̚.i],[ʌ.du.un.ɯm.ak̚.i]
내가 부탁할게,21,[nɛ.ka.pu.tʰak̚.hal.ke],[nɛ.ga.bu.tʰak̚.hal.ke]
내게 맞는,21,[nɛ.ke.mat̚.nɯn],[nɛ.ge.mat̚.nɯn]
난 도움을,21,[nan.to.um.ɯl],[nan.do.um.ɯl]
아마 그래야 할,21,[a.ma.kɯ.ɾɛ.ja.hal],[a.ma.gɯ.ɾɛ.ja.hal]
엄청난 가치가,21,[ʌn.tʃʰʌŋ.naŋ.ka.tʃʰi.ka],[ʌn.tʃʰʌŋ.nan.ga.tʃʰi.ga]
거기에 내,21,[kʌ.ki.e.nɛ],[gʌ.gi.e.nɛ]
아마 그랬을 것이다,21,[a.ma.kɯ.ɾɛt̚.ɯl.kʌt̚.i.ta],[a.ma.gɯ.ɾɛt̚.ɯl.gʌt̚.i.da]
내 의견으로는,21,[nɛ.ɯi.kjʌn.ɯ.ɾo.nɯn],[nɛ.ɯi.gjʌn.ɯ.ɾo.nɯn]
있네 네가,21,[it̚.ne.ne.ka],[it̚.ne.ne.ga]
난 멈추지 않아,21,[nan.mʌn.tʃʰu.tʃi.an.a],[nan.mʌn.tʃʰu.dʒi.an.a]
평화도 없다,21,[pʰjʌŋ.hwa.to.ʌp̚.ta],[pʰjʌŋ.hwa.do.ʌp̚.ta]
거 알아요 나도,21,[kʌ.al.a.jo.na.to],[gʌ.al.a.jo.na.do]
감사할 수,21,[kam.sa.hal.su],[gam.sa.hal.su]
선물 완벽한,21,[sʌn.mul.wam.pjʌk̚.han],[sʌn.mul.wam.pjʌk̚.han]
우린 다음,21,[u.ɾin.ta.ɯm],[u.ɾin.da.ɯm]
우린 달라,21,[u.ɾin.tal.ɾa],[u.ɾin.dal.ɾa]
당신한테 그런,21,[taŋ.sin.han.tʰe.kɯ.ɾʌn],[daŋ.sin.han.tʰe.gɯ.ɾʌn]
떠나고 싶지 않아,21,[t͈ʌ.na.ko.sip̚.tʃi.an.a],[t͈ʌ.na.go.sip̚.tʃi.an.a]
이걸 줬지 부기맨의 선물,21,[i.kʌl.tʃwʌt̚.tʃi.pu.ki.mɛn.ɯi.sʌn.mul],[i.gʌl.dʒwʌt̚.tʃi.bu.gi.mɛn.ɯi.sʌn.mul]
죽어가고 있고,21,[tʃuk̚.ʌ.ka.ko.it̚.ko],[dʒuk̚.ʌ.ga.go.it̚.ko]
범위를 좁혀,21,[pʌm.wi.ɾɯl.tʃop̚.hjʌ],[bʌm.wi.ɾɯl.dʒop̚.hjʌ]
당신은 그러지 않을,21,[taŋ.sin.ɯŋ.kɯ.ɾʌ.tʃi.an.ɯl],[daŋ.sin.ɯn.gɯ.ɾʌ.dʒi.an.ɯl]
할 사람은 바로,21,[hal.sa.ɾam.ɯm.pa.ɾo],[hal.sa.ɾam.ɯn.ba.ɾo]
지금 당장 해야,21,[tʃi.kɯn.taŋ.tʃaŋ.hɛ.ja],[dʒi.gɯm.daŋ.dʒaŋ.hɛ.ja]
설득력 있게,21,[sʌl.tɯk̚.ɾjʌk̚.it̚.ke],[sʌl.tɯk̚.ɾjʌk̚.it̚.ke]
인사 못,21,[in.sa.mot̚],[in.sa.mot̚]
하고 돈도,21,[ha.ko.ton.to],[ha.go.don.to]
하고 당신,21,[ha.ko.taŋ.sin],[ha.go.daŋ.sin]
무슨 중요한,21,[mu.sɯn.tʃuŋ.jo.han],[mu.sɯn.dʒuŋ.jo.han]
인사는 해야지,21,[in.sa.nɯn.hɛ.ja.tʃi],[in.sa.nɯn.hɛ.ja.dʒi]
이것 좀 보십시오,21,[i.kʌt̚.tʃom.po.sip̚.si.o],[i.gʌt̚.dʒom.bo.sip̚.si.o]
싶어 환장한,21,[sip̚.ʌ.hwan.tʃaŋ.han],[sip̚.ʌ.hwan.tʃaŋ.han]
떠나보낼 수,21,[t͈ʌ.na.po.nɛl.su],[t͈ʌ.na.bo.nɛl.su]
모든 게 다 잘,21,[mo.tɯŋ.ke.ta.tʃal],[mo.dɯn.ge.da.dʒal]
해치지 말라고,21,[hɛ.tʃʰi.tʃi.mal.ɾa.ko],[hɛ.tʃʰi.dʒi.mal.ɾa.go]
네가 한 일이,21,[ne.ka.han.il.i],[ne.ga.han.il.i]
그렇게 부르나,21,[kɯ.ɾʌt̚.ke.pu.ɾɯ.na],[gɯ.ɾʌt̚.ke.bu.ɾɯ.na]
나아갈 것입니다,21,[na.a.kal.kʌt̚.ip̚.ni.ta],[na.a.gal.gʌt̚.ip̚.ni.da]
이것에 관해서,21,[i.kʌt̚.e.kwan.hɛ.sʌ],[i.gʌt̚.e.gwan.hɛ.sʌ]
이것은 가장,21,[i.kʌt̚.ɯŋ.ka.tʃaŋ],[i.gʌt̚.ɯn.ga.dʒaŋ]
하려 하지,21,[ha.ɾjʌ.ha.tʃi],[ha.ɾjʌ.ha.dʒi]
이것은 당신이,21,[i.kʌt̚.ɯn.taŋ.sin.i],[i.gʌt̚.ɯn.daŋ.sin.i]
내 손에 죽는다,21,[nɛ.son.e.tʃuk̚.nɯn.ta],[nɛ.son.e.dʒuk̚.nɯn.ta]
망치는 거,21,[maŋ.tʃʰi.nɯŋ.kʌ],[maŋ.tʃʰi.nɯn.gʌ]
거기에 어떤,21,[kʌ.ki.e.ʌ.t͈ʌn],[gʌ.gi.e.ʌ.t͈ʌn]
지금 무슨 일을,21,[tʃi.kɯm.mu.sɯn.il.ɯl],[dʒi.gɯm.mu.sɯn.il.ɯl]
다 합치면,21,[ta.hap̚.tʃʰi.mjʌn],[da.hap̚.tʃʰi.mjʌn]
지금 뭐 하는 겁니까,21,[tʃi.kɯm.mwʌ.ha.nɯŋ.kʌp̚.ni.k͈a],[dʒi.gɯm.mwʌ.ha.nɯn.gʌp̚.ni.k͈a]
아무 것도 만지지,21,[a.mu.kʌt̚.to.man.tʃi.tʃi],[a.mu.gʌt̚.to.man.tʃi.dʒi]
난 외로운,21,[nan.we.ɾo.un],[nan.we.ɾo.un]
있는 건 알아,21,[it̚.nɯŋ.kʌn.al.a],[it̚.nɯn.gʌn.al.a]
그냥 괜찮은,21,[kɯ.njaŋ.kwɛn.tʃʰan.ɯn],[gɯ.njaŋ.gwɛn.tʃʰan.ɯn]
다 해놓고,21,[ta.hɛ.not̚.ko],[da.hɛ.not̚.ko]
후 메시지를,21,[hu.me.si.tʃi.ɾɯl],[hu.me.si.dʒi.ɾɯl]
지금 보면,21,[tʃi.kɯm.po.mjʌn],[dʒi.gɯm.bo.mjʌn]
이게 다 뭡니까,21,[i.ke.ta.mwʌp̚.ni.k͈a],[i.ge.da.mwʌp̚.ni.k͈a]
이게 다른,21,[i.ke.ta.ɾɯn],[i.ge.da.ɾɯn]
존중할 줄,21,[tʃon.tʃuŋ.hal.tʃul],[dʒon.tʃuŋ.hal.dʒul]
떠났으면 좋겠어,21,[t͈ʌ.nat̚.ɯ.mjʌn.tʃot̚.ket̚.ʌ],[t͈ʌ.nat̚.ɯ.mjʌn.dʒot̚.ket̚.ʌ]
아무 말 없었어,21,[a.mu.mal.ʌp̚.ʌt̚.ʌ],[a.mu.mal.ʌp̚.ʌt̚.ʌ]
거야 아빠를,21,[kʌ.ja.a.p͈a.ɾɯl],[gʌ.ja.a.p͈a.ɾɯl]
아직 도착하지,21,[a.tʃik̚.to.tʃʰak̚.ha.tʃi],[a.dʒik̚.do.tʃʰak̚.ha.dʒi]
이게 문제가,21,[i.ke.mun.tʃe.ka],[i.ge.mun.tʃe.ga]
이게 뭔지도,21,[i.ke.mwʌn.tʃi.to],[i.ge.mwʌn.tʃi.do]
하자 지금,21,[ha.tʃa.tʃi.kɯm],[ha.dʒa.dʒi.gɯm]
한다고 그래서,21,[han.ta.ko.kɯ.ɾɛ.sʌ],[han.ta.go.gɯ.ɾɛ.sʌ]
거 알아요 정말,21,[kʌ.al.a.jo.tʃʌŋ.mal],[gʌ.al.a.jo.dʒʌŋ.mal]
is exactly,21,,
가지고있는 것,21,[ka.tʃi.ko.it̚.nɯŋ.kʌt̚],[ga.dʒi.go.it̚.nɯn.gʌt̚]
다가오는 자동차,21,[ta.ka.o.nɯn.tʃa.toŋ.tʃʰa],[da.ga.o.nɯn.dʒa.doŋ.tʃʰa]
미안해요 저,21,[mi.an.hɛ.jo.tʃʌ],[mi.an.hɛ.jo.dʒʌ]
하려는 걸,21,[ha.ɾjʌ.nɯŋ.kʌl],[ha.ɾjʌ.nɯn.gʌl]
우린 빨리,21,[u.ɾim.p͈al.ɾi],[u.ɾim.p͈al.ɾi]
할 거야 그렇게,21,[hal.kʌ.ja.kɯ.ɾʌt̚.ke],[hal.gʌ.ja.gɯ.ɾʌt̚.ke]
아무것도 가져가지 않았어요,21,[a.mu.kʌt̚.to.ka.tʃjʌ.ka.tʃi.an.at̚.ʌ.jo],[a.mu.gʌt̚.to.ga.dʒjʌ.ga.dʒi.an.at̚.ʌ.jo]
말씀드렸어야 했는데,21,[mal.s͈ɯn.tɯ.ɾjʌt̚.ʌ.ja.hɛt̚.nɯn.te],[mal.s͈ɯn.tɯ.ɾjʌt̚.ʌ.ja.hɛt̚.nɯn.te]
하지만 마음이,21,[ha.tʃi.man.ma.ɯm.i],[ha.dʒi.man.ma.ɯm.i]
아무 의미도 없다,21,[a.mu.ɯi.mi.to.ʌp̚.ta],[a.mu.ɯi.mi.do.ʌp̚.ta]
이게 저,21,[i.ke.tʃʌ],[i.ge.dʒʌ]
이게 저예요,21,[i.ke.tʃʌ.je.jo],[i.ge.dʒʌ.je.jo]
않다는 건 알지만,21,[an.ta.nɯŋ.kʌn.al.tʃi.man],[an.ta.nɯn.gʌn.al.tʃi.man]
밤에 난,21,[pam.e.nan],[bam.e.nan]
할 시간이 없어,21,[hal.si.kan.i.ʌp̚.ʌ],[hal.si.gan.i.ʌp̚.ʌ]
가진 남자가,21,[ka.tʃin.nan.tʃa.ka],[ga.dʒin.nan.tʃa.ga]
수도 있다는 거,21,[su.to.it̚.ta.nɯŋ.kʌ],[su.do.it̚.ta.nɯn.gʌ]
그럼 그것도,21,[kɯ.ɾʌm.kɯ.kʌt̚.to],[gɯ.ɾʌm.gɯ.gʌt̚.to]
아무 짓도 못,21,[a.mu.tʃit̚.to.mot̚],[a.mu.dʒit̚.to.mot̚]
쉽지 않았을 텐데,21,[swip̚.tʃi.an.at̚.ɯl.tʰen.te],[swip̚.tʃi.an.at̚.ɯl.tʰen.te]
뭘 의미하는지 알아,21,[mwʌl.ɯi.mi.ha.nɯn.tʃi.al.a],[mwʌl.ɯi.mi.ha.nɯn.tʃi.al.a]
그러지 않았을 것이다,21,[kɯ.ɾʌ.tʃi.an.at̚.ɯl.kʌt̚.i.ta],[gɯ.ɾʌ.dʒi.an.at̚.ɯl.gʌt̚.i.da]
내 옷에,21,[nɛ.ot̚.e],[nɛ.ot̚.e]
잡아 잡아,21,[tʃap̚.a.tʃap̚.a],[dʒap̚.a.dʒap̚.a]
했어요 다들,21,[hɛt̚.ʌ.jo.ta.tɯl],[hɛt̚.ʌ.jo.da.dɯl]
내 맘에 들어온,21,[nɛ.mam.e.tɯl.ʌ.on],[nɛ.mam.e.dɯl.ʌ.on]
그냥 나도,21,[kɯ.njaŋ.na.to],[gɯ.njaŋ.na.do]
없는 애가,21,[ʌp̚.nɯn.ɛ.ka],[ʌp̚.nɯn.ɛ.ga]
화난 거예요,21,[hwa.naŋ.kʌ.je.jo],[hwa.nan.gʌ.je.jo]
떨어져 지내는,21,[t͈ʌl.ʌ.tʃjʌ.tʃi.nɛ.nɯn],[t͈ʌl.ʌ.dʒjʌ.dʒi.nɛ.nɯn]
했어요 세상에,21,[hɛt̚.ʌ.jo.se.saŋ.e],[hɛt̚.ʌ.jo.se.saŋ.e]
가자 먼저,21,[ka.tʃa.mʌn.tʃʌ],[ga.dʒa.mʌn.tʃʌ]
기습 공격을,21,[ki.sɯp̚.koŋ.kjʌk̚.ɯl],[gi.sɯp̚.goŋ.gjʌk̚.ɯl]
이미 알겠지만,21,[i.mi.al.ket̚.tʃi.man],[i.mi.al.ket̚.tʃi.man]
안 간다니까,21,[aŋ.kan.ta.ni.k͈a],[an.gan.ta.ni.k͈a]
the victims,21,,
보면 말이죠,21,[po.mjʌn.mal.i.tʃjo],[bo.mjʌn.mal.i.dʒjo]
법 알아요,21,[pʌp̚.al.a.jo],[bʌp̚.al.a.jo]
그딴 짓을,21,[kɯ.t͈an.tʃit̚.ɯl],[gɯ.t͈an.dʒit̚.ɯl]
내 목적을,21,[nɛ.mok̚.tʃʌk̚.ɯl],[nɛ.mok̚.tʃʌk̚.ɯl]
제 여동생이,21,[tʃe.jʌ.toŋ.sɛŋ.i],[dʒe.jʌ.doŋ.sɛŋ.i]
떨어진 걸,21,[t͈ʌl.ʌ.tʃiŋ.kʌl],[t͈ʌl.ʌ.dʒin.gʌl]
근데 정말로,21,[kɯn.te.tʃʌŋ.mal.ɾo],[gɯn.te.dʒʌŋ.mal.ɾo]
그냥 내 말,21,[kɯ.njaŋ.nɛ.mal],[gɯ.njaŋ.nɛ.mal]
기억 나는,21,[ki.ʌk̚.na.nɯn],[gi.ʌk̚.na.nɯn]
안 갔다,21,[aŋ.kat̚.ta],[an.gat̚.ta]
이길 수 있겠어,21,[i.kil.su.it̚.ket̚.ʌ],[i.gil.su.it̚.ket̚.ʌ]
했잖아 당신이,21,[hɛt̚.tʃan.a.taŋ.sin.i],[hɛt̚.tʃan.a.daŋ.sin.i]
나한테 죽었어,21,[na.han.tʰe.tʃuk̚.ʌt̚.ʌ],[na.han.tʰe.dʒuk̚.ʌt̚.ʌ]
봐 얘기,21,[pwa.jɛ.ki],[bwa.jɛ.gi]
it to you,21,,
깊이 생각하지,21,[kip̚.i.sɛŋ.kak̚.ha.tʃi],[gip̚.i.sɛŋ.gak̚.ha.dʒi]
하루 중 가장,21,[ha.ɾu.tʃuŋ.ka.tʃaŋ],[ha.ɾu.dʒuŋ.ga.dʒaŋ]
이끌어야 해,21,[i.k͈ɯl.ʌ.ja.hɛ],[i.k͈ɯl.ʌ.ja.hɛ]
해 그러다,21,[hɛ.kɯ.ɾʌ.ta],[hɛ.gɯ.ɾʌ.da]
아이 이름이,21,[a.i.i.ɾɯm.i],[a.i.i.ɾɯm.i]
킁킁 맡는다,21,[kʰɯŋ.kʰɯŋ.mat̚.nɯn.ta],[kʰɯŋ.kʰɯŋ.mat̚.nɯn.ta]
아무것도 안 했는데,21,[a.mu.kʌt̚.to.an.hɛt̚.nɯn.te],[a.mu.gʌt̚.to.an.hɛt̚.nɯn.te]
했지 그러니,21,[hɛt̚.tʃi.kɯ.ɾʌ.ni],[hɛt̚.tʃi.gɯ.ɾʌ.ni]
옆에 있다,21,[jʌp̚.e.it̚.ta],[jʌp̚.e.it̚.ta]
다들 기다려,21,[ta.tɯl.ki.ta.ɾjʌ],[da.dɯl.gi.da.ɾjʌ]
물건이 아니에요,21,[mul.kʌn.i.a.ni.e.jo],[mul.kʌn.i.a.ni.e.jo]
당연한 거고,21,[taŋ.jʌn.haŋ.kʌ.ko],[daŋ.jʌn.han.gʌ.go]
거 알잖아 그래,21,[kʌ.al.tʃan.a.kɯ.ɾɛ],[gʌ.al.tʃan.a.gɯ.ɾɛ]
질문은 받지,21,[tʃil.mun.ɯm.pat̚.tʃi],[dʒil.mun.ɯn.bat̚.tʃi]
그러니까 당신도,21,[kɯ.ɾʌ.ni.k͈a.taŋ.sin.to],[gɯ.ɾʌ.ni.k͈a.daŋ.sin.to]
칼 쓰는,21,[kʰal.s͈ɯ.nɯn],[kʰal.s͈ɯ.nɯn]
난 멀리,21,[nan.mʌl.ɾi],[nan.mʌl.ɾi]
당연한 거잖아,21,[taŋ.jʌn.haŋ.kʌ.tʃan.a],[daŋ.jʌn.han.gʌ.dʒan.a]
묻히지 마,21,[mut̚.hi.tʃi.ma],[mut̚.hi.dʒi.ma]
설마 했는데,21,[sʌl.ma.hɛt̚.nɯn.te],[sʌl.ma.hɛt̚.nɯn.te]
목표가 있어,21,[mok̚.pʰjo.ka.it̚.ʌ],[mok̚.pʰjo.ga.it̚.ʌ]
푸시 뱅 뱅,21,[pʰu.si.pɛm.pɛŋ],[pʰu.si.bɛŋ.bɛŋ]
던더 미플린,21,[tʌn.tʌ.mi.pʰɯl.ɾin],[dʌn.tʌ.mi.pʰɯl.ɾin]
한 번만이야,21,[ham.pʌn.man.i.ja],[han.bʌn.man.i.ja]
또 나는,21,[t͈o.na.nɯn],[t͈o.na.nɯn]
번만 더 그러면,21,[pʌn.man.tʌ.kɯ.ɾʌ.mjʌn],[bʌn.man.dʌ.gɯ.ɾʌ.mjʌn]
매일 새로운 걸,21,[mɛ.il.sɛ.ɾo.uŋ.kʌl],[mɛ.il.sɛ.ɾo.un.gʌl]
옆에 있을 거야,21,[jʌp̚.e.it̚.ɯl.kʌ.ja],[jʌp̚.e.it̚.ɯl.gʌ.ja]
우린 알,21,[u.ɾin.al],[u.ɾin.al]
일 겪게,21,[il.kjʌk̚.ke],[il.gjʌk̚.ke]
One of the,21,,
또 놀러,21,[t͈o.nol.ɾʌ],[t͈o.nol.ɾʌ]
난 이만 갈게,21,[nan.i.maŋ.kal.ke],[nan.i.man.gal.ke]
다들 만나서,21,[ta.tɯl.man.na.sʌ],[da.dɯl.man.na.sʌ]
거예요 더는,21,[kʌ.je.jo.tʌ.nɯn],[gʌ.je.jo.dʌ.nɯn]
또 다른 것,21,[t͈o.ta.ɾɯŋ.kʌt̚],[t͈o.da.ɾɯn.gʌt̚]
이러고 있을 시간,21,[i.ɾʌ.ko.it̚.ɯl.si.kan],[i.ɾʌ.go.it̚.ɯl.si.gan]
좀 보면,21,[tʃom.po.mjʌn],[dʒom.bo.mjʌn]
넣어도 돼,21,[nʌt̚.ʌ.to.twɛ],[nʌt̚.ʌ.do.dwɛ]
내 목숨을 구해준,21,[nɛ.mok̚.sum.ɯl.ku.hɛ.tʃun],[nɛ.mok̚.sum.ɯl.gu.hɛ.dʒun]
나름의 이유가,21,[na.ɾɯm.ɯi.i.ju.ka],[na.ɾɯm.ɯi.i.ju.ga]
그 환자를,21,[kɯ.hwan.tʃa.ɾɯl],[gɯ.hwan.tʃa.ɾɯl]
난 모든것을,21,[nan.mo.tɯŋ.kʌt̚.ɯl],[nan.mo.dɯŋ.kʌt̚.ɯl]
잡지 않으면,21,[tʃap̚.tʃi.an.ɯ.mjʌn],[dʒap̚.tʃi.an.ɯ.mjʌn]
가능할 것 같아요,21,[ka.nɯŋ.hal.kʌt̚.kat̚.a.jo],[ga.nɯŋ.hal.gʌt̚.gat̚.a.jo]
드론 공격을,21,[tɯ.ɾoŋ.koŋ.kjʌk̚.ɯl],[dɯ.ɾon.goŋ.gjʌk̚.ɯl]
최고의 선물이야,21,[tʃʰwe.ko.ɯi.sʌn.mul.i.ja],[tʃʰwe.go.ɯi.sʌn.mul.i.ja]
이러지 않을 거야,21,[i.ɾʌ.tʃi.an.ɯl.kʌ.ja],[i.ɾʌ.dʒi.an.ɯl.gʌ.ja]
고맙다고 할,21,[ko.map̚.ta.ko.hal],[go.map̚.ta.go.hal]
이러지 않아도 돼요,21,[i.ɾʌ.tʃi.an.a.to.twɛ.jo],[i.ɾʌ.dʒi.an.a.do.dwɛ.jo]
질문이 아니라,21,[tʃil.mun.i.a.ni.ɾa],[dʒil.mun.i.a.ni.ɾa]
그리고 그는 내,21,[kɯ.ɾi.ko.kɯ.nɯn.nɛ],[gɯ.ɾi.go.gɯ.nɯn.nɛ]
있어 경찰이,21,[it̚.ʌ.kjʌŋ.tʃʰal.i],[it̚.ʌ.gjʌŋ.tʃʰal.i]
아버진 어머니를 살해한,21,[a.pʌ.tʃin.ʌ.mʌ.ni.ɾɯl.sal.hɛ.han],[a.bʌ.dʒin.ʌ.mʌ.ni.ɾɯl.sal.hɛ.han]
예 그래서,21,[je.kɯ.ɾɛ.sʌ],[je.gɯ.ɾɛ.sʌ]
싶었던 걸,21,[sip̚.ʌt̚.tʌŋ.kʌl],[sip̚.ʌt̚.tʌn.gʌl]
그것도 두,21,[kɯ.kʌt̚.to.tu],[gɯ.gʌt̚.to.du]
mean the,21,,
좀 마실 수,21,[tʃom.ma.sil.su],[dʒom.ma.sil.su]
좀 그만하라고,21,[tʃom.kɯ.man.ha.ɾa.ko],[dʒom.gɯ.man.ha.ɾa.go]
질문이 하나 더,21,[tʃil.mun.i.ha.na.tʌ],[dʒil.mun.i.ha.na.dʌ]
내 시계를,21,[nɛ.si.kje.ɾɯl],[nɛ.si.gje.ɾɯl]
다들 알죠,21,[ta.tɯl.al.tʃjo],[da.dɯl.al.tʃjo]
가면 된다,21,[ka.mjʌn.twen.ta],[ga.mjʌn.dwen.ta]
근처엔 얼씬도,21,[kɯn.tʃʰʌ.en.ʌl.s͈in.to],[gɯn.tʃʰʌ.en.ʌl.s͈in.to]
잡힌 건,21,[tʃap̚.hiŋ.kʌn],[dʒap̚.hin.gʌn]
얘기는 할 수,21,[jɛ.ki.nɯn.hal.su],[jɛ.gi.nɯn.hal.su]
글 쓰고,21,[kɯl.s͈ɯ.ko],[gɯl.s͈ɯ.go]
안 그러겠어요,21,[aŋ.kɯ.ɾʌ.ket̚.ʌ.jo],[an.gɯ.ɾʌ.get̚.ʌ.jo]
죽었어 무슨,21,[tʃuk̚.ʌt̚.ʌ.mu.sɯn],[dʒuk̚.ʌt̚.ʌ.mu.sɯn]
좀 많은,21,[tʃom.man.ɯn],[dʒom.man.ɯn]
싶었어 그럼,21,[sip̚.ʌt̚.ʌ.kɯ.ɾʌm],[sip̚.ʌt̚.ʌ.gɯ.ɾʌm]
하려고 노력,21,[ha.ɾjʌ.ko.no.ɾjʌk̚],[ha.ɾjʌ.go.no.ɾjʌk̚]
축하할 거야,21,[tʃʰuk̚.ha.hal.kʌ.ja],[tʃʰuk̚.ha.hal.gʌ.ja]
그냥 타,21,[kɯ.njaŋ.tʰa],[gɯ.njaŋ.tʰa]
물건 몇,21,[mul.kʌn.mjʌt̚],[mul.kʌn.mjʌt̚]
지금도 내,21,[tʃi.kɯn.to.nɛ],[dʒi.gɯn.to.nɛ]
해요 항상,21,[hɛ.jo.haŋ.saŋ],[hɛ.jo.haŋ.saŋ]
내가 사랑하는 모든,21,[nɛ.ka.sa.ɾaŋ.ha.nɯn.mo.tɯn],[nɛ.ga.sa.ɾaŋ.ha.nɯn.mo.dɯn]
할 거야 말 거야,21,[hal.kʌ.ja.mal.kʌ.ja],[hal.gʌ.ja.mal.gʌ.ja]
지금도 잘,21,[tʃi.kɯn.to.tʃal],[dʒi.gɯn.to.dʒal]
그냥 돌려주면,21,[kɯ.njaŋ.tol.ɾjʌ.tʃu.mjʌn],[gɯ.njaŋ.dol.ɾjʌ.dʒu.mjʌn]
똑같은 방식으로,21,[t͈ok̚.kat̚.ɯm.paŋ.sik̚.ɯ.ɾo],[t͈ok̚.kat̚.ɯn.baŋ.sik̚.ɯ.ɾo]
지금도 여전히,21,[tʃi.kɯn.to.jʌ.tʃʌn.hi],[dʒi.gɯn.to.jʌ.dʒʌn.hi]
이런 말이 있어,21,[i.ɾʌn.mal.i.it̚.ʌ],[i.ɾʌn.mal.i.it̚.ʌ]
버스에 타고,21,[pʌ.sɯ.e.tʰa.ko],[bʌ.sɯ.e.tʰa.go]
범행 수법은,21,[pʌm.hɛŋ.su.pʌp̚.ɯn],[bʌm.hɛŋ.su.bʌp̚.ɯn]
난 못 할,21,[nan.mot̚.hal],[nan.mot̚.hal]
난 정말 좋은,21,[nan.tʃʌŋ.mal.tʃot̚.ɯn],[nan.dʒʌŋ.mal.dʒot̚.ɯn]
못 찾을걸,21,[mot̚.tʃʰat̚.ɯl.kʌl],[mot̚.tʃʰat̚.ɯl.kʌl]
걸 생각하고,21,[kʌl.sɛŋ.kak̚.ha.ko],[gʌl.sɛŋ.gak̚.ha.go]
thinking of,21,,
이런 생각은,21,[i.ɾʌn.sɛŋ.kak̚.ɯn],[i.ɾʌn.sɛŋ.gak̚.ɯn]
나가길 원해,21,[na.ka.kil.wʌn.hɛ],[na.ga.gil.wʌn.hɛ]
또 왔다,21,[t͈o.wat̚.ta],[t͈o.wat̚.ta]
이런 생각이 들었어,21,[i.ɾʌn.sɛŋ.kak̚.i.tɯl.ʌt̚.ʌ],[i.ɾʌn.sɛŋ.gak̚.i.dɯl.ʌt̚.ʌ]
아마도 어떤,21,[a.ma.to.ʌ.t͈ʌn],[a.ma.do.ʌ.t͈ʌn]
좀 보려고요,21,[tʃom.po.ɾjʌ.ko.jo],[dʒom.bo.ɾjʌ.go.jo]
이라고 부르는,21,[i.ɾa.ko.pu.ɾɯ.nɯn],[i.ɾa.go.bu.ɾɯ.nɯn]
이런 쓸데없는,21,[i.ɾʌn.s͈ɯl.te.ʌp̚.nɯn],[i.ɾʌn.s͈ɯl.te.ʌp̚.nɯn]
아무래도 제가,21,[a.mu.ɾɛ.to.tʃe.ka],[a.mu.ɾɛ.do.dʒe.ga]
장난 아닌데요,21,[tʃaŋ.nan.a.nin.te.jo],[dʒaŋ.nan.a.nin.te.jo]
내가 가지고 있는 것,21,[nɛ.ka.ka.tʃi.ko.it̚.nɯŋ.kʌt̚],[nɛ.ga.ga.dʒi.go.it̚.nɯn.gʌt̚]
하면 말이야,21,[ha.mjʌn.mal.i.ja],[ha.mjʌn.mal.i.ja]
가면 정말,21,[ka.mjʌn.tʃʌŋ.mal],[ga.mjʌn.dʒʌŋ.mal]
해주는 것,21,[hɛ.tʃu.nɯŋ.kʌt̚],[hɛ.dʒu.nɯn.gʌt̚]
명에 대한,21,[mjʌŋ.e.tɛ.han],[mjʌŋ.e.dɛ.han]
이런 이제,21,[i.ɾʌn.i.tʃe],[i.ɾʌn.i.dʒe]
힘을 합치는,21,[him.ɯl.hap̚.tʃʰi.nɯn],[him.ɯl.hap̚.tʃʰi.nɯn]
나 전,21,[na.tʃʌn],[na.dʒʌn]
선택권이 없었겠군,21,[sʌn.tʰɛk̚.kwʌn.i.ʌp̚.ʌt̚.ket̚.kun],[sʌn.tʰɛk̚.kwʌn.i.ʌp̚.ʌt̚.ket̚.kun]
하지 당신,21,[ha.tʃi.taŋ.sin],[ha.dʒi.daŋ.sin]
작년에 내가,21,[tʃak̚.njʌn.e.nɛ.ka],[dʒak̚.njʌn.e.nɛ.ga]
봐 그러면,21,[pwa.kɯ.ɾʌ.mjʌn],[bwa.gɯ.ɾʌ.mjʌn]
장난치면 안,21,[tʃaŋ.nan.tʃʰi.mjʌn.an],[dʒaŋ.nan.tʃʰi.mjʌn.an]
더 이상 듣고 싶지,21,[tʌ.i.saŋ.tɯt̚.ko.sip̚.tʃi],[dʌ.i.saŋ.dɯt̚.ko.sip̚.tʃi]
일 하기,21,[il.ha.ki],[il.ha.gi]
좀 볼래요,21,[tʃom.pol.ɾɛ.jo],[dʒom.bol.ɾɛ.jo]
다들 물러서요,21,[ta.tɯl.mul.ɾʌ.sʌ.jo],[da.dɯl.mul.ɾʌ.sʌ.jo]
이런 좋아,21,[i.ɾʌn.tʃot̚.a],[i.ɾʌn.dʒot̚.a]
같은 상황을,21,[kat̚.ɯn.saŋ.hwaŋ.ɯl],[gat̚.ɯn.saŋ.hwaŋ.ɯl]
이런 집을,21,[i.ɾʌn.tʃip̚.ɯl],[i.ɾʌn.dʒip̚.ɯl]
아무짝에도 쓸모없는,21,[a.mu.tʃ͈ak̚.e.to.s͈ɯl.mo.ʌp̚.nɯn],[a.mu.tʃ͈ak̚.e.do.s͈ɯl.mo.ʌp̚.nɯn]
겁쟁이 새끼,21,[kʌp̚.tʃɛŋ.i.sɛ.k͈i],[gʌp̚.tʃɛŋ.i.sɛ.k͈i]
혼자가 아니라는 걸,21,[hon.tʃa.ka.a.ni.ɾa.nɯŋ.kʌl],[hon.tʃa.ga.a.ni.ɾa.nɯn.gʌl]
아마도 우린,21,[a.ma.to.u.ɾin],[a.ma.do.u.ɾin]
얘기를 하던가요,21,[jɛ.ki.ɾɯl.ha.tʌŋ.ka.jo],[jɛ.gi.ɾɯl.ha.dʌŋ.ka.jo]
집안 남자,21,[tʃip̚.an.nan.tʃa],[dʒip̚.an.nan.tʃa]
잠이 안 올,21,[tʃam.i.an.ol],[dʒam.i.an.ol]
꼭 말해,21,[k͈ok̚.mal.hɛ],[k͈ok̚.mal.hɛ]
난 뭘 하면,21,[nan.mwʌl.ha.mjʌn],[nan.mwʌl.ha.mjʌn]
드린 겁니다,21,[tɯ.ɾiŋ.kʌp̚.ni.ta],[dɯ.ɾin.gʌp̚.ni.da]
바라고 있지,21,[pa.ɾa.ko.it̚.tʃi],[ba.ɾa.go.it̚.tʃi]
부르고 있어요,21,[pu.ɾɯ.ko.it̚.ʌ.jo],[bu.ɾɯ.go.it̚.ʌ.jo]
예로 들어,21,[je.ɾo.tɯl.ʌ],[je.ɾo.dɯl.ʌ]
가진 자는,21,[ka.tʃin.tʃa.nɯn],[ga.dʒin.dʒa.nɯn]
싶었어요 제,21,[sip̚.ʌt̚.ʌ.jo.tʃe],[sip̚.ʌt̚.ʌ.jo.dʒe]
세 번을,21,[se.pʌn.ɯl],[se.bʌn.ɯl]
이럴 줄은 몰랐어,21,[i.ɾʌl.tʃul.ɯn.mol.ɾat̚.ʌ],[i.ɾʌl.dʒul.ɯn.mol.ɾat̚.ʌ]
하면 재미없지,21,[ha.mjʌn.tʃɛ.mi.ʌp̚.tʃi],[ha.mjʌn.dʒɛ.mi.ʌp̚.tʃi]
돌아오지 못하지,21,[tol.a.o.tʃi.mot̚.ha.tʃi],[dol.a.o.dʒi.mot̚.ha.dʒi]
사람은 있어요,21,[sa.ɾam.ɯn.it̚.ʌ.jo],[sa.ɾam.ɯn.it̚.ʌ.jo]
지금의 네,21,[tʃi.kɯm.ɯi.ne],[dʒi.gɯm.ɯi.ne]
아버지 일,21,[a.pʌ.tʃi.il],[a.bʌ.dʒi.il]
맞아 게다가,21,[mat̚.a.ke.ta.ka],[mat̚.a.ge.da.ga]
아버지 저,21,[a.pʌ.tʃi.tʃʌ],[a.bʌ.dʒi.dʒʌ]
어떻게 구했어요,21,[ʌ.t͈ʌt̚.ke.ku.hɛt̚.ʌ.jo],[ʌ.t͈ʌt̚.ke.gu.hɛt̚.ʌ.jo]
부른 겁니다,21,[pu.ɾɯŋ.kʌp̚.ni.ta],[bu.ɾɯn.gʌp̚.ni.da]
이렇게 앉아,21,[i.ɾʌt̚.ke.an.a],[i.ɾʌt̚.ke.an.a]
이렇게 늦게까지,21,[i.ɾʌt̚.ke.nɯt̚.ke.k͈a.tʃi],[i.ɾʌt̚.ke.nɯt̚.ke.k͈a.dʒi]
end of time,21,,
다른 것입니다,21,[ta.ɾɯŋ.kʌt̚.ip̚.ni.ta],[da.ɾɯn.gʌt̚.ip̚.ni.da]
곧 들이닥칠 거야,21,[kot̚.tɯl.i.tak̚.tʃʰil.kʌ.ja],[got̚.dɯl.i.dak̚.tʃʰil.gʌ.ja]
누워 있던,21,[nu.wʌ.it̚.tʌn],[nu.wʌ.it̚.tʌn]
이렇게 만나 주셔서 감사합니다,21,[i.ɾʌt̚.ke.man.na.tʃu.sjʌ.sʌ.kam.sa.hap̚.ni.ta],[i.ɾʌt̚.ke.man.na.dʒu.sjʌ.sʌ.gam.sa.hap̚.ni.da]
삶도 없고 집도,21,[san.to.ʌp̚.ko.tʃip̚.to],[san.to.ʌp̚.ko.dʒip̚.to]
가도 좋습니다,21,[ka.to.tʃot̚.sɯp̚.ni.ta],[ga.do.dʒot̚.sɯp̚.ni.da]
아버지가 제,21,[a.pʌ.tʃi.ka.tʃe],[a.bʌ.dʒi.ga.dʒe]
좀 봐 이건,21,[tʃom.pwa.i.kʌn],[dʒom.bwa.i.gʌn]
대해 우리,21,[tɛ.hɛ.u.ɾi],[dɛ.hɛ.u.ɾi]
이렇게 먼,21,[i.ɾʌt̚.ke.mʌn],[i.ɾʌt̚.ke.mʌn]
그리고 앞으로도,21,[kɯ.ɾi.ko.ap̚.ɯ.ɾo.to],[gɯ.ɾi.go.ap̚.ɯ.ɾo.do]
무사히 돌아와서,21,[mu.sa.hi.tol.a.wa.sʌ],[mu.sa.hi.dol.a.wa.sʌ]
금방 온다고,21,[kɯm.paŋ.on.ta.ko],[gɯm.paŋ.on.ta.go]
아이가 태어날,21,[a.i.ka.tʰɛ.ʌ.nal],[a.i.ga.tʰɛ.ʌ.nal]
장소 중,21,[tʃaŋ.so.tʃuŋ],[dʒaŋ.so.dʒuŋ]
이렇게 살 수는,21,[i.ɾʌt̚.ke.sal.su.nɯn],[i.ɾʌt̚.ke.sal.su.nɯn]
you need to say,21,,
똥을 싸고,21,[t͈oŋ.ɯl.s͈a.ko],[t͈oŋ.ɯl.s͈a.go]
이렇게 살았지,21,[i.ɾʌt̚.ke.sal.at̚.tʃi],[i.ɾʌt̚.ke.sal.at̚.tʃi]
삶도 없고,21,[san.to.ʌp̚.ko],[san.to.ʌp̚.ko]
설명할 순 없지만,21,[sʌl.mjʌŋ.hal.sun.ʌp̚.tʃi.man],[sʌl.mjʌŋ.hal.sun.ʌp̚.tʃi.man]
이것은 나에게,21,[i.kʌt̚.ɯn.na.e.ke],[i.gʌt̚.ɯn.na.e.ge]
이렇게 손,21,[i.ɾʌt̚.ke.son],[i.ɾʌt̚.ke.son]
해줄 말은,21,[hɛ.tʃul.mal.ɯn],[hɛ.dʒul.mal.ɯn]
대해 이야기하고 있습니다,21,[tɛ.hɛ.i.ja.ki.ha.ko.it̚.sɯp̚.ni.ta],[dɛ.hɛ.i.ja.gi.ha.go.it̚.sɯp̚.ni.da]
말씀만 하시면,21,[mal.s͈ɯm.man.ha.si.mjʌn],[mal.s͈ɯm.man.ha.si.mjʌn]
거 압니다만,21,[kʌ.ap̚.ni.ta.man],[gʌ.ap̚.ni.da.man]
거야 얘,21,[kʌ.ja.jɛ],[gʌ.ja.jɛ]
똑바로 해라,21,[t͈ok̚.pa.ɾo.hɛ.ɾa],[t͈ok̚.pa.ɾo.hɛ.ɾa]
지난 번에는,21,[tʃi.nam.pʌn.e.nɯn],[dʒi.nan.bʌn.e.nɯn]
난 밥,21,[nam.pap̚],[nan.bap̚]
널 미워하지,21,[nʌl.mi.wʌ.ha.tʃi],[nʌl.mi.wʌ.ha.dʒi]
싶으신 겁니까,21,[sip̚.ɯ.siŋ.kʌp̚.ni.k͈a],[sip̚.ɯ.sin.gʌp̚.ni.k͈a]
한 건 알지만,21,[haŋ.kʌn.al.tʃi.man],[han.gʌn.al.tʃi.man]
찾고 말,21,[tʃʰat̚.ko.mal],[tʃʰat̚.ko.mal]
한 것 같구나,21,[haŋ.kʌt̚.kat̚.ku.na],[han.gʌt̚.gat̚.ku.na]
병원으로 가,21,[pjʌŋ.wʌn.ɯ.ɾo.ka],[bjʌŋ.wʌn.ɯ.ɾo.ga]
물론 여기,21,[mul.ɾon.jʌ.ki],[mul.ɾon.jʌ.gi]
아버질 죽인,21,[a.pʌ.tʃil.tʃuk̚.in],[a.bʌ.dʒil.dʒuk̚.in]
할 일이 좀 있어,21,[hal.il.i.tʃom.it̚.ʌ],[hal.il.i.dʒom.it̚.ʌ]
우린 특별한,21,[u.ɾin.tʰɯk̚.pjʌl.han],[u.ɾin.tʰɯk̚.pjʌl.han]
법을 아는,21,[pʌp̚.ɯl.a.nɯn],[bʌp̚.ɯl.a.nɯn]
even know what,21,,
이제 뭐라고,21,[i.tʃe.mwʌ.ɾa.ko],[i.dʒe.mwʌ.ɾa.go]
그리고 그리고,21,[kɯ.ɾi.ko.kɯ.ɾi.ko],[gɯ.ɾi.go.gɯ.ɾi.go]
들어야 했어,21,[tɯl.ʌ.ja.hɛt̚.ʌ],[dɯl.ʌ.ja.hɛt̚.ʌ]
내가 죽었을,21,[nɛ.ka.tʃuk̚.ʌt̚.ɯl],[nɛ.ga.dʒuk̚.ʌt̚.ɯl]
볼 순 없어요,21,[pol.sun.ʌp̚.ʌ.jo],[bol.sun.ʌp̚.ʌ.jo]
좀 있냐,21,[tʃom.it̚.nja],[dʒom.it̚.nja]
몰고 가,21,[mol.ko.ka],[mol.ko.ga]
눈앞에서 사라져,21,[nun.ap̚.e.sʌ.sa.ɾa.tʃjʌ],[nun.ap̚.e.sʌ.sa.ɾa.dʒjʌ]
때 즐겨,21,[t͈ɛ.tʃɯl.kjʌ],[t͈ɛ.dʒɯl.kjʌ]
죽여 봐,21,[tʃuk̚.jʌ.pwa],[dʒuk̚.jʌ.bwa]
좀 작은,21,[tʃon.tʃak̚.ɯn],[dʒom.dʒak̚.ɯn]
나한테 한 짓,21,[na.han.tʰe.han.tʃit̚],[na.han.tʰe.han.dʒit̚]
물론이죠 내가,21,[mul.ɾon.i.tʃjo.nɛ.ka],[mul.ɾon.i.dʒjo.nɛ.ga]
금지되어 있다,21,[kɯn.tʃi.twe.ʌ.it̚.ta],[gɯn.tʃi.dwe.ʌ.it̚.ta]
당신 남편과,21,[taŋ.sin.nam.pʰjʌŋ.kwa],[daŋ.sin.nam.pʰjʌŋ.kwa]
데가 없었어요,21,[te.ka.ʌp̚.ʌt̚.ʌ.jo],[de.ga.ʌp̚.ʌt̚.ʌ.jo]
죽여 주시옵소서,21,[tʃuk̚.jʌ.tʃu.si.op̚.so.sʌ],[dʒuk̚.jʌ.dʒu.si.op̚.so.sʌ]
이루어진 것,21,[i.ɾu.ʌ.tʃiŋ.kʌt̚],[i.ɾu.ʌ.dʒin.gʌt̚]
내 아들 내,21,[nɛ.a.tɯl.lɛ],[nɛ.a.dɯl.lɛ]
테니 다른,21,[tʰe.ni.ta.ɾɯn],[tʰe.ni.da.ɾɯn]
있으면 좋으련만,21,[it̚.ɯ.mjʌn.tʃot̚.ɯ.ɾjʌn.man],[it̚.ɯ.mjʌn.dʒot̚.ɯ.ɾjʌn.man]
그럼 난 그냥,21,[kɯ.ɾʌm.naŋ.kɯ.njaŋ],[gɯ.ɾʌm.nan.gɯ.njaŋ]
그 흉터는,21,[kɯ.hjuŋ.tʰʌ.nɯn],[gɯ.hjuŋ.tʰʌ.nɯn]
안 놔둘,21,[an.nwa.tul],[an.nwa.dul]
밝힐 겁니다,21,[pak̚.hil.kʌp̚.ni.ta],[bak̚.hil.gʌp̚.ni.da]
이름 기억해,21,[i.ɾɯm.ki.ʌk̚.hɛ],[i.ɾɯm.gi.ʌk̚.hɛ]
지울 수 없는,21,[tʃi.ul.su.ʌp̚.nɯn],[dʒi.ul.su.ʌp̚.nɯn]
법의학자이지만 비밀리에 빠른,21,[pʌp̚.ɯi.hak̚.tʃa.i.tʃi.mam.pi.mil.ɾi.e.p͈a.ɾɯn],[bʌp̚.ɯi.hak̚.tʃa.i.dʒi.man.bi.mil.ɾi.e.p͈a.ɾɯn]
가고 싶다고요,21,[ka.ko.sip̚.ta.ko.jo],[ga.go.sip̚.ta.go.jo]
God''s sake,21,,
네게 할 말이,21,[ne.ke.hal.mal.i],[ne.ge.hal.mal.i]
우린 해야 할,21,[u.ɾin.hɛ.ja.hal],[u.ɾin.hɛ.ja.hal]
재는 재로,21,[tʃɛ.nɯn.tʃɛ.ɾo],[dʒɛ.nɯn.dʒɛ.ɾo]
내가 누군지 알지,21,[nɛ.ka.nu.kun.tʃi.al.tʃi],[nɛ.ga.nu.gun.tʃi.al.tʃi]
삶을 누릴,21,[sam.ɯl.lu.ɾil],[sam.ɯl.lu.ɾil]
내 평생 처음,21,[nɛ.pʰjʌŋ.sɛŋ.tʃʰʌ.ɯm],[nɛ.pʰjʌŋ.sɛŋ.tʃʰʌ.ɯm]
당장 다,21,[taŋ.tʃaŋ.ta],[daŋ.dʒaŋ.da]
요청으로 이름은,21,[jo.tʃʰʌŋ.ɯ.ɾo.i.ɾɯm.ɯn],[jo.tʃʰʌŋ.ɯ.ɾo.i.ɾɯm.ɯn]
없네요 내가,21,[ʌp̚.ne.jo.nɛ.ka],[ʌp̚.ne.jo.nɛ.ga]
보내려고 했는데,21,[po.nɛ.ɾjʌ.ko.hɛt̚.nɯn.te],[bo.nɛ.ɾjʌ.go.hɛt̚.nɯn.te]
모두 알잖아,21,[mo.tu.al.tʃan.a],[mo.du.al.tʃan.a]
할 준비가 안,21,[hal.tʃum.pi.ka.an],[hal.dʒum.pi.ga.an]
내 아들은 어디,21,[nɛ.a.tɯl.ɯn.ʌ.ti],[nɛ.a.dɯl.ɯn.ʌ.di]
싶은 대로 하게,21,[sip̚.ɯn.tɛ.ɾo.ha.ke],[sip̚.ɯn.dɛ.ɾo.ha.ge]
긍정적 인,21,[kɯŋ.tʃʌŋ.tʃʌk̚.in],[gɯŋ.dʒʌŋ.dʒʌk̚.in]
검사를 하면,21,[kʌm.sa.ɾɯl.ha.mjʌn],[gʌm.sa.ɾɯl.ha.mjʌn]
아빠가 어디,21,[a.p͈a.ka.ʌ.ti],[a.p͈a.ga.ʌ.di]
정확한 정보를,21,[tʃʌŋ.hwak̚.han.tʃʌm.po.ɾɯl],[dʒʌŋ.hwak̚.han.dʒʌŋ.bo.ɾɯl]
나도 돕고 싶어,21,[na.to.top̚.ko.sip̚.ʌ],[na.do.dop̚.ko.sip̚.ʌ]
내가 직접 널,21,[nɛ.ka.tʃik̚.tʃʌp̚.nʌl],[nɛ.ga.dʒik̚.tʃʌp̚.nʌl]
당장 돌아와요,21,[taŋ.tʃaŋ.tol.a.wa.jo],[daŋ.dʒaŋ.dol.a.wa.jo]
당장 들어가,21,[taŋ.tʃaŋ.tɯl.ʌ.ka],[daŋ.dʒaŋ.dɯl.ʌ.ga]
가라고 아,21,[ka.ɾa.ko.a],[ga.ɾa.go.a]
기 형사님,21,[ki.hjʌŋ.sa.nim],[gi.hjʌŋ.sa.nim]
have to keep,21,,
재미도 없고,21,[tʃɛ.mi.to.ʌp̚.ko],[dʒɛ.mi.do.ʌp̚.ko]
얘기하지 않는,21,[jɛ.ki.ha.tʃi.an.nɯn],[jɛ.gi.ha.dʒi.an.nɯn]
나와 가깝던,21,[na.wa.ka.k͈ap̚.tʌn],[na.wa.ga.k͈ap̚.tʌn]
뭐라고 말하든,21,[mwʌ.ɾa.ko.mal.ha.tɯn],[mwʌ.ɾa.go.mal.ha.dɯn]
그럼요 난,21,[kɯ.ɾʌm.jo.nan],[gɯ.ɾʌm.jo.nan]
아빠는 그냥,21,[a.p͈a.nɯŋ.kɯ.njaŋ],[a.p͈a.nɯn.gɯ.njaŋ]
보고 오는,21,[po.ko.o.nɯn],[bo.go.o.nɯn]
보낼 시간이,21,[po.nɛl.si.kan.i],[bo.nɛl.si.gan.i]
그래 줄래요,21,[kɯ.ɾɛ.tʃul.ɾɛ.jo],[gɯ.ɾɛ.dʒul.ɾɛ.jo]
아빠는 지금,21,[a.p͈a.nɯn.tʃi.kɯm],[a.p͈a.nɯn.dʒi.gɯm]
비 안,21,[pi.an],[bi.an]
당신에 대해 알고,21,[taŋ.sin.e.tɛ.hɛ.al.ko],[daŋ.sin.e.dɛ.hɛ.al.ko]
법정에 설,21,[pʌp̚.tʃʌŋ.e.sʌl],[bʌp̚.tʃʌŋ.e.sʌl]
지미 맥길,21,[tʃi.mi.mɛk̚.kil],[dʒi.mi.mɛk̚.kil]
지미 맥길입니다,21,[tʃi.mi.mɛk̚.kil.ip̚.ni.ta],[dʒi.mi.mɛk̚.kil.ip̚.ni.da]
삶을 살기,21,[sam.ɯl.sal.ki],[sam.ɯl.sal.ki]
말하는 거냐,21,[mal.ha.nɯŋ.kʌ.nja],[mal.ha.nɯn.gʌ.nja]
비가 오는,21,[pi.ka.o.nɯn],[bi.ga.o.nɯn]
걸 자주,21,[kʌl.tʃa.tʃu],[gʌl.dʒa.dʒu]
푸시 푸시,21,[pʰu.si.pʰu.si],[pʰu.si.pʰu.si]
그냥 아,21,[kɯ.njaŋ.a],[gɯ.njaŋ.a]
푸시 뱅 뱅 Pussy,21,[pʰu.si.pɛm.pɛŋ],[pʰu.si.bɛŋ.bɛŋ]
테니까 그렇게,21,[tʰe.ni.k͈a.kɯ.ɾʌt̚.ke],[tʰe.ni.k͈a.gɯ.ɾʌt̚.ke]
이리 와 이런,21,[i.ɾi.wa.i.ɾʌn],[i.ɾi.wa.i.ɾʌn]
법정에서 불리하게 사용될,21,[pʌp̚.tʃʌŋ.e.sʌ.pul.ɾi.ha.ke.sa.joŋ.twel],[bʌp̚.tʃʌŋ.e.sʌ.bul.ɾi.ha.ge.sa.joŋ.dwel]
할 때가 된,21,[hal.t͈ɛ.ka.twen],[hal.t͈ɛ.ga.dwen]
푸시 뱅,21,[pʰu.si.pɛŋ],[pʰu.si.bɛŋ]
it''s just a,21,,
아이도 낳고,21,[a.i.to.nat̚.ko],[a.i.do.nat̚.ko]
내 아들인데,21,[nɛ.a.tɯl.in.te],[nɛ.a.dɯl.in.te]
이만 가야겠다,21,[i.maŋ.ka.ja.ket̚.ta],[i.man.ga.ja.get̚.ta]
재밌을 것 같아,21,[tʃɛ.mit̚.ɯl.kʌt̚.kat̚.a],[dʒɛ.mit̚.ɯl.gʌt̚.gat̚.a]
뭐 하는 짓이냐,21,[mwʌ.ha.nɯn.tʃit̚.i.nja],[mwʌ.ha.nɯn.dʒit̚.i.nja]
건 직접,21,[kʌn.tʃik̚.tʃʌp̚],[gʌn.dʒik̚.tʃʌp̚]
이메일 계정,21,[i.me.il.kje.tʃʌŋ],[i.me.il.gje.dʒʌŋ]
녀석은 내,21,[njʌ.sʌk̚.ɯn.nɛ],[njʌ.sʌk̚.ɯn.nɛ]
받아선 안,21,[pat̚.a.sʌn.an],[bat̚.a.sʌn.an]
거야 어떻게요,21,[kʌ.ja.ʌ.t͈ʌt̚.ke.jo],[gʌ.ja.ʌ.t͈ʌt̚.ke.jo]
내 아버지가 돌아가셨을때,21,[nɛ.a.pʌ.tʃi.ka.tol.a.ka.sjʌt̚.ɯl.t͈ɛ],[nɛ.a.bʌ.dʒi.ga.dol.a.ga.sjʌt̚.ɯl.t͈ɛ]
거예요 마지막,21,[kʌ.je.jo.ma.tʃi.mak̚],[gʌ.je.jo.ma.dʒi.mak̚]
이제 알겠죠,21,[i.tʃe.al.ket̚.tʃjo],[i.dʒe.al.ket̚.tʃjo]
이렇게 와 주셔서,21,[i.ɾʌt̚.ke.wa.tʃu.sjʌ.sʌ],[i.ɾʌt̚.ke.wa.dʒu.sjʌ.sʌ]
싶은게 있는데,21,[sip̚.ɯŋ.ke.it̚.nɯn.te],[sip̚.ɯŋ.ke.it̚.nɯn.te]
저녁 먹으러 와,21,[tʃʌ.njʌk̚.mʌk̚.ɯ.ɾʌ.wa],[dʒʌ.njʌk̚.mʌk̚.ɯ.ɾʌ.wa]
죽였어 그는,21,[tʃuk̚.jʌt̚.ʌ.kɯ.nɯn],[dʒuk̚.jʌt̚.ʌ.gɯ.nɯn]
이제 알아요,21,[i.tʃe.al.a.jo],[i.dʒe.al.a.jo]
갈 준비는,21,[kal.tʃum.pi.nɯn],[gal.dʒum.pi.nɯn]
괜찮아 좋은,21,[kwɛn.tʃʰan.a.tʃot̚.ɯn],[gwɛn.tʃʰan.a.dʒot̚.ɯn]
젊고 잘생긴,21,[tʃʌm.ko.tʃal.sɛŋ.kin],[dʒʌm.ko.dʒal.sɛŋ.gin]
죽였어 내 동생도,21,[tʃuk̚.jʌt̚.ʌ.nɛ.toŋ.sɛŋ.to],[dʒuk̚.jʌt̚.ʌ.nɛ.doŋ.sɛŋ.do]
거라 믿는다,21,[kʌ.ɾa.mit̚.nɯn.ta],[gʌ.ɾa.mit̚.nɯn.ta]
앞으로 갈,21,[ap̚.ɯ.ɾo.kal],[ap̚.ɯ.ɾo.gal]
기다려 보자고,21,[ki.ta.ɾjʌ.po.tʃa.ko],[gi.da.ɾjʌ.bo.dʒa.go]
아이 엄마,21,[a.i.ʌm.ma],[a.i.ʌm.ma]
가지고 갈 수,21,[ka.tʃi.ko.kal.su],[ga.dʒi.go.gal.su]
going to find,21,,
괜찮아 질거에요,21,[kwɛn.tʃʰan.a.tʃil.kʌ.e.jo],[gwɛn.tʃʰan.a.dʒil.kʌ.e.jo]
안 돼 너희,21,[an.twɛ.nʌ.hɯi],[an.dwɛ.nʌ.hɯi]
곧 들어올,21,[kot̚.tɯl.ʌ.ol],[got̚.dɯl.ʌ.ol]
내가 칼을,21,[nɛ.ka.kʰal.ɯl],[nɛ.ga.kʰal.ɯl]
비밀 하나 알려,21,[pi.mil.ha.na.al.ɾjʌ],[bi.mil.ha.na.al.ɾjʌ]
받을게 여보세요,21,[pat̚.ɯl.ke.jʌ.po.se.jo],[bat̚.ɯl.ke.jʌ.bo.se.jo]
맞았어요 그,21,[mat̚.at̚.ʌ.jo.kɯ],[mat̚.at̚.ʌ.jo.gɯ]
싶은데 지금,21,[sip̚.ɯn.te.tʃi.kɯm],[sip̚.ɯn.te.dʒi.gɯm]
바로 여기에서,21,[pa.ɾo.jʌ.ki.e.sʌ],[ba.ɾo.jʌ.gi.e.sʌ]
받아들일 수가,21,[pat̚.a.tɯl.il.su.ka],[bat̚.a.dɯl.il.su.ga]
명의 젊은,21,[mjʌŋ.ɯi.tʃʌm.ɯn],[mjʌŋ.ɯi.dʒʌm.ɯn]
한 움큼,21,[han.um.kʰɯm],[han.um.kʰɯm]
이번 작전을,21,[i.pʌn.tʃak̚.tʃʌn.ɯl],[i.bʌn.dʒak̚.tʃʌn.ɯl]
눈 한,21,[nun.han],[nun.han]
하지만 영원히,21,[ha.tʃi.man.jʌŋ.wʌn.hi],[ha.dʒi.man.jʌŋ.wʌn.hi]
비밀리에 빠른 속력을,21,[pi.mil.ɾi.e.p͈a.ɾɯn.sok̚.ɾjʌk̚.ɯl],[bi.mil.ɾi.e.p͈a.ɾɯn.sok̚.ɾjʌk̚.ɯl]
다른 얘긴,21,[ta.ɾɯn.jɛ.kin],[da.ɾɯn.jɛ.gin]
더는 못 기다려요,21,[tʌ.nɯn.mot̚.ki.ta.ɾjʌ.jo],[dʌ.nɯn.mot̚.gi.da.ɾjʌ.jo]
비밀을 숨기고,21,[pi.mil.ɯl.sum.ki.ko],[bi.mil.ɯl.sum.ki.go]
하죠 그걸,21,[ha.tʃjo.kɯ.kʌl],[ha.dʒjo.gɯ.gʌl]
작업 중에,21,[tʃak̚.ʌp̚.tʃuŋ.e],[dʒak̚.ʌp̚.dʒuŋ.e]
대해 우리는,21,[tɛ.hɛ.u.ɾi.nɯn],[dɛ.hɛ.u.ɾi.nɯn]
예전에 어떤,21,[je.tʃʌn.e.ʌ.t͈ʌn],[je.dʒʌn.e.ʌ.t͈ʌn]
것을 멈출,21,[kʌt̚.ɯl.mʌn.tʃʰul],[gʌt̚.ɯl.mʌn.tʃʰul]
꿋꿋이 버텨,21,[k͈ut̚.k͈ut̚.i.pʌ.tʰjʌ],[k͈ut̚.k͈ut̚.i.bʌ.tʰjʌ]
대단하다고 생각해,21,[tɛ.tan.ha.ta.ko.sɛŋ.kak̚.hɛ],[dɛ.dan.ha.da.go.sɛŋ.gak̚.hɛ]
그냥 하는 게,21,[kɯ.njaŋ.ha.nɯŋ.ke],[gɯ.njaŋ.ha.nɯn.ge]
해 해,21,[hɛ.hɛ],[hɛ.hɛ]
전화해 네,21,[tʃʌn.hwa.hɛ.ne],[dʒʌn.hwa.hɛ.ne]
내 몸으로,21,[nɛ.mom.ɯ.ɾo],[nɛ.mom.ɯ.ɾo]
대체 무슨 생각으로 그런건가,21,[tɛ.tʃʰe.mu.sɯn.sɛŋ.kak̚.ɯ.ɾo.kɯ.ɾʌŋ.kʌŋ.ka],[dɛ.tʃʰe.mu.sɯn.sɛŋ.gak̚.ɯ.ɾo.gɯ.ɾʌŋ.kʌŋ.ka]
가지고 갔다,21,[ka.tʃi.ko.kat̚.ta],[ga.dʒi.go.gat̚.ta]
바로 옆에 있어,21,[pa.ɾo.jʌp̚.e.it̚.ʌ],[ba.ɾo.jʌp̚.e.it̚.ʌ]
물을 못,21,[mul.ɯl.mot̚],[mul.ɯl.mot̚]
괜찮아요 그리고,21,[kwɛn.tʃʰan.a.jo.kɯ.ɾi.ko],[gwɛn.tʃʰan.a.jo.gɯ.ɾi.go]
the whole thing,21,,
갔어 네가,21,[kat̚.ʌ.ne.ka],[gat̚.ʌ.ne.ga]
기다리게 하면 안,21,[ki.ta.ɾi.ke.ha.mjʌn.an],[gi.da.ɾi.ge.ha.mjʌn.an]
이봐 진정해,21,[i.pwa.tʃin.tʃʌŋ.hɛ],[i.bwa.dʒin.tʃʌŋ.hɛ]
이봐요 무슨,21,[i.pwa.jo.mu.sɯn],[i.bwa.jo.mu.sɯn]
You don''t need to,21,,
더 있고 싶어,21,[tʌ.it̚.ko.sip̚.ʌ],[dʌ.it̚.ko.sip̚.ʌ]
성 비서,21,[sʌm.pi.sʌ],[sʌŋ.bi.sʌ]
벗은 거,21,[pʌt̚.ɯŋ.kʌ],[bʌt̚.ɯn.gʌ]
좋아해야 할,21,[tʃot̚.a.hɛ.ja.hal],[dʒot̚.a.hɛ.ja.hal]
않아 엄마,21,[an.a.ʌm.ma],[an.a.ʌm.ma]
비슷하게 생긴,21,[pi.sɯt̚.ha.ke.sɛŋ.kin],[bi.sɯt̚.ha.ge.sɛŋ.gin]
미안하다 괜찮아요,21,[mi.an.ha.ta.kwɛn.tʃʰan.a.jo],[mi.an.ha.da.gwɛn.tʃʰan.a.jo]
우물쭈물하다간 썩어버리겠어,21,[u.mul.tʃ͈u.mul.ha.ta.kan.s͈ʌk̚.ʌ.pʌ.ɾi.ket̚.ʌ],[u.mul.tʃ͈u.mul.ha.da.gan.s͈ʌk̚.ʌ.bʌ.ɾi.get̚.ʌ]
경적이 연신 울린다,21,[kjʌŋ.tʃʌk̚.i.jʌn.sin.ul.ɾin.ta],[gjʌŋ.dʒʌk̚.i.jʌn.sin.ul.ɾin.ta]
당신의 일은,21,[taŋ.sin.ɯi.il.ɯn],[daŋ.sin.ɯi.il.ɯn]
다른 전화가,21,[ta.ɾɯn.tʃʌn.hwa.ka],[da.ɾɯn.dʒʌn.hwa.ga]
이상 듣고 싶지,21,[i.saŋ.tɯt̚.ko.sip̚.tʃi],[i.saŋ.dɯt̚.ko.sip̚.tʃi]
한계가 있지,21,[haŋ.kje.ka.it̚.tʃi],[haŋ.kje.ga.it̚.tʃi]
보자 자,21,[po.tʃa.tʃa],[bo.dʒa.dʒa]
하지만 그게 다야,21,[ha.tʃi.maŋ.kɯ.ke.ta.ja],[ha.dʒi.man.gɯ.ge.da.ja]
레이건과 바에즈,21,[ɾe.i.kʌŋ.kwa.pa.e.tʃɯ],[ɾe.i.gʌŋ.kwa.ba.e.dʒɯ]
뵌 것,21,[pweŋ.kʌt̚],[bwen.gʌt̚]
예측 가능한,21,[je.tʃʰɯk̚.ka.nɯŋ.han],[je.tʃʰɯk̚.ga.nɯŋ.han]
이상 없다고,21,[i.saŋ.ʌp̚.ta.ko],[i.saŋ.ʌp̚.ta.go]
가고 싶었다,21,[ka.ko.sip̚.ʌt̚.ta],[ga.go.sip̚.ʌt̚.ta]
아버지 우리,21,[a.pʌ.tʃi.u.ɾi],[a.bʌ.dʒi.u.ɾi]
have told,21,,
아들아 난,21,[a.tɯl.a.nan],[a.dɯl.a.nan]
the whole time,21,,
자 봐,21,[tʃa.pwa],[dʒa.bwa]
해 알고,21,[hɛ.al.ko],[hɛ.al.ko]
차는 다,21,[tʃʰa.nɯn.ta],[tʃʰa.nɯn.da]
뭐 같아요,21,[mwʌ.kat̚.a.jo],[mwʌ.gat̚.a.jo]
want to say,21,,
아주 간단하게,21,[a.tʃu.kan.tan.ha.ke],[a.dʒu.gan.tan.ha.ge]
지어낸 얘기야,21,[tʃi.ʌ.nɛn.jɛ.ki.ja],[dʒi.ʌ.nɛn.jɛ.gi.ja]
다른 차원에서,21,[ta.ɾɯn.tʃʰa.wʌn.e.sʌ],[da.ɾɯn.tʃʰa.wʌn.e.sʌ]
할거 같아요,21,[hal.kʌ.kat̚.a.jo],[hal.kʌ.gat̚.a.jo]
난 숨기는,21,[nan.sum.ki.nɯn],[nan.sum.ki.nɯn]
after a,21,,
내가 하는 대로,21,[nɛ.ka.ha.nɯn.tɛ.ɾo],[nɛ.ga.ha.nɯn.dɛ.ɾo]
물은 적,21,[mul.ɯn.tʃʌk̚],[mul.ɯn.dʒʌk̚]
바로 이거,21,[pa.ɾo.i.kʌ],[ba.ɾo.i.gʌ]
맞출 거야,21,[mat̚.tʃʰul.kʌ.ja],[mat̚.tʃʰul.gʌ.ja]
하자 아니,21,[ha.tʃa.a.ni],[ha.dʒa.a.ni]
보호하는 거예요,21,[po.ho.ha.nɯŋ.kʌ.je.jo],[bo.ho.ha.nɯn.gʌ.je.jo]
구할 수 있을지,21,[ku.hal.su.it̚.ɯl.tʃi],[gu.hal.su.it̚.ɯl.tʃi]
어두운 밤에,21,[ʌ.tu.um.pam.e],[ʌ.du.un.bam.e]
나라를 지키는,21,[na.ɾa.ɾɯl.tʃi.kʰi.nɯn],[na.ɾa.ɾɯl.dʒi.kʰi.nɯn]
메세지 받았어,21,[me.se.tʃi.pat̚.at̚.ʌ],[me.se.dʒi.bat̚.at̚.ʌ]
못 갔지,21,[mot̚.kat̚.tʃi],[mot̚.gat̚.tʃi]
일어난 거예요,21,[il.ʌ.naŋ.kʌ.je.jo],[il.ʌ.nan.gʌ.je.jo]
이상한 일이죠,21,[i.saŋ.han.il.i.tʃjo],[i.saŋ.han.il.i.dʒjo]
너한테 뭔가,21,[nʌ.han.tʰe.mwʌŋ.ka],[nʌ.han.tʰe.mwʌŋ.ka]
만나기 전에는,21,[man.na.ki.tʃʌn.e.nɯn],[man.na.gi.dʒʌn.e.nɯn]
우연의 일치야,21,[u.jʌn.ɯi.il.tʃʰi.ja],[u.jʌn.ɯi.il.tʃʰi.ja]
기다리지 않아도,21,[ki.ta.ɾi.tʃi.an.a.to],[gi.da.ɾi.dʒi.an.a.do]
죽으면 무슨일이,21,[tʃuk̚.ɯ.mjʌn.mu.sɯn.il.i],[dʒuk̚.ɯ.mjʌn.mu.sɯn.il.i]
내가 자랄,21,[nɛ.ka.tʃa.ɾal],[nɛ.ga.dʒa.ɾal]
듣고 왔어,21,[tɯt̚.ko.wat̚.ʌ],[dɯt̚.ko.wat̚.ʌ]
감수할 수는,21,[kam.su.hal.su.nɯn],[gam.su.hal.su.nɯn]
당신 도움이 필요해 당신은,21,[taŋ.sin.to.um.i.pʰil.jo.hɛ.taŋ.sin.ɯn],[daŋ.sin.do.um.i.pʰil.jo.hɛ.daŋ.sin.ɯn]
같은 침대에서,21,[kat̚.ɯn.tʃʰin.tɛ.e.sʌ],[gat̚.ɯn.tʃʰin.tɛ.e.sʌ]
얼마나 더 해야,21,[ʌl.ma.na.tʌ.hɛ.ja],[ʌl.ma.na.dʌ.hɛ.ja]
하지 말라고 했지,21,[ha.tʃi.mal.ɾa.ko.hɛt̚.tʃi],[ha.dʒi.mal.ɾa.go.hɛt̚.tʃi]
아주 사적인,21,[a.tʃu.sa.tʃʌk̚.in],[a.dʒu.sa.dʒʌk̚.in]
충분히 가능해,21,[tʃʰum.pun.hi.ka.nɯŋ.hɛ],[tʃʰuŋ.bun.hi.ga.nɯŋ.hɛ]
Translated by SkyHero,21,,
못 구하는,21,[mot̚.ku.ha.nɯn],[mot̚.gu.ha.nɯn]
해서 말야,21,[hɛ.sʌ.mal.ja],[hɛ.sʌ.mal.ja]
했을지도 모른다,21,[hɛt̚.ɯl.tʃi.to.mo.ɾɯn.ta],[hɛt̚.ɯl.tʃi.do.mo.ɾɯn.ta]
뭐든 해도,21,[mwʌ.tɯn.hɛ.to],[mwʌ.dɯn.hɛ.do]
저 기억,21,[tʃʌ.ki.ʌk̚],[dʒʌ.gi.ʌk̚]
이야기 할 수 있을까,21,[i.ja.ki.hal.su.it̚.ɯl.k͈a],[i.ja.gi.hal.su.it̚.ɯl.k͈a]
곧 여길,21,[kot̚.jʌ.kil],[got̚.jʌ.gil]
다름 없어,21,[ta.ɾɯm.ʌp̚.ʌ],[da.ɾɯm.ʌp̚.ʌ]
모두 연결되어,21,[mo.tu.jʌŋ.kjʌl.twe.ʌ],[mo.du.jʌŋ.kjʌl.twe.ʌ]
마이클 파머,21,[ma.i.kʰɯl.pʰa.mʌ],[ma.i.kʰɯl.pʰa.mʌ]
파티 되십시요,21,[pʰa.tʰi.twe.sip̚.si.jo],[pʰa.tʰi.dwe.sip̚.si.jo]
듣고 있다고,21,[tɯt̚.ko.it̚.ta.ko],[dɯt̚.ko.it̚.ta.go]
보여주고 싶은게,21,[po.jʌ.tʃu.ko.sip̚.ɯŋ.ke],[bo.jʌ.dʒu.go.sip̚.ɯŋ.ke]
비행기를 타는,21,[pi.hɛŋ.ki.ɾɯl.tʰa.nɯn],[bi.hɛŋ.gi.ɾɯl.tʰa.nɯn]
이야기는 안,21,[i.ja.ki.nɯn.an],[i.ja.gi.nɯn.an]
이야기를 나누다,21,[i.ja.ki.ɾɯl.la.nu.ta],[i.ja.gi.ɾɯl.la.nu.da]
라이터를 탁,21,[ɾa.i.tʰʌ.ɾɯl.tʰak̚],[ɾa.i.tʰʌ.ɾɯl.tʰak̚]
가짜인 걸,21,[ka.tʃ͈a.iŋ.kʌl],[ga.tʃ͈a.in.gʌl]
점심 먹을까,21,[tʃʌm.sim.mʌk̚.ɯl.k͈a],[dʒʌm.sim.mʌk̚.ɯl.k͈a]
be looking,21,,
이야기를 했다,21,[i.ja.ki.ɾɯl.hɛt̚.ta],[i.ja.gi.ɾɯl.hɛt̚.ta]
경찰 보고서,21,[kjʌŋ.tʃʰal.po.ko.sʌ],[gjʌŋ.tʃʰal.bo.go.sʌ]
무슨 짓을 하고 있는,21,[mu.sɯn.tʃit̚.ɯl.ha.ko.it̚.nɯn],[mu.sɯn.dʒit̚.ɯl.ha.go.it̚.nɯn]
싶지 않지,21,[sip̚.tʃi.an.tʃi],[sip̚.tʃi.an.tʃi]
감사합니다 아직,21,[kam.sa.hap̚.ni.ta.a.tʃik̚],[gam.sa.hap̚.ni.da.a.dʒik̚]
이라는 단어를,21,[i.ɾa.nɯn.tan.ʌ.ɾɯl],[i.ɾa.nɯn.dan.ʌ.ɾɯl]
그냥 주는,21,[kɯ.njaŋ.tʃu.nɯn],[gɯ.njaŋ.dʒu.nɯn]
hell of a,21,,
제 차례예요,21,[tʃe.tʃʰa.ɾje.je.jo],[dʒe.tʃʰa.ɾje.je.jo]
아주 좋구나,21,[a.tʃu.tʃot̚.ku.na],[a.dʒu.dʒot̚.ku.na]
질문을 할게요,21,[tʃil.mun.ɯl.hal.ke.jo],[dʒil.mun.ɯl.hal.ke.jo]
이온본드 코팅된 볼트,20,[i.om.pon.tɯ.kʰo.tʰiŋ.twem.pol.tʰɯ],[i.om.pon.tɯ.kʰo.tʰiŋ.dwen.bol.tʰɯ]
이온본드 코팅된 볼트 캐리어를,20,[i.om.pon.tɯ.kʰo.tʰiŋ.twem.pol.tʰɯ.kʰɛ.ɾi.ʌ.ɾɯl],[i.om.pon.tɯ.kʰo.tʰiŋ.dwen.bol.tʰɯ.kʰɛ.ɾi.ʌ.ɾɯl]
수상한 사람이 있으면 역무원에게,20,[su.saŋ.han.sa.ɾam.i.it̚.ɯ.mjʌn.jʌk̚.mu.wʌn.e.ke],[su.saŋ.han.sa.ɾam.i.it̚.ɯ.mjʌn.jʌk̚.mu.wʌn.e.ge]
눈물이 다,20,[nun.mul.i.ta],[nun.mul.i.da]
다리에 총을,20,[ta.ɾi.e.tʃʰoŋ.ɯl],[da.ɾi.e.tʃʰoŋ.ɯl]
가르쳐 주마,20,[ka.ɾɯ.tʃʰjʌ.tʃu.ma],[ga.ɾɯ.tʃʰjʌ.dʒu.ma]
bad day,20,,
지금 나와 함께,20,[tʃi.kɯm.na.wa.ham.k͈e],[dʒi.gɯm.na.wa.ham.k͈e]
뻔한 게,20,[p͈ʌn.haŋ.ke],[p͈ʌn.han.ge]
너가 할,20,[nʌ.ka.hal],[nʌ.ga.hal]
있지 못했을거야 너가,20,[it̚.tʃi.mot̚.hɛt̚.ɯl.kʌ.ja.nʌ.ka],[it̚.tʃi.mot̚.hɛt̚.ɯl.kʌ.ja.nʌ.ga]
직전이고 차대는 다 휘어버렸고,20,[tʃik̚.tʃʌn.i.ko.tʃʰa.tɛ.nɯn.ta.hwi.ʌ.pʌ.ɾjʌt̚.ko],[dʒik̚.tʃʌn.i.go.tʃʰa.dɛ.nɯn.da.hwi.ʌ.bʌ.ɾjʌt̚.ko]
아주 착한 개더군요 맡게,20,[a.tʃu.tʃʰak̚.haŋ.kɛ.tʌ.kun.jo.mat̚.ke],[a.dʒu.tʃʰak̚.han.gɛ.dʌ.gun.jo.mat̚.ke]
내가 해볼게요,20,[nɛ.ka.hɛ.pol.ke.jo],[nɛ.ga.hɛ.bol.ke.jo]
그럼 누구한테,20,[kɯ.ɾʌm.nu.ku.han.tʰe],[gɯ.ɾʌm.nu.gu.han.tʰe]
오면 좋겠어,20,[o.mjʌn.tʃot̚.ket̚.ʌ],[o.mjʌn.dʒot̚.ket̚.ʌ]
갈 수도 있죠,20,[kal.su.to.it̚.tʃjo],[gal.su.do.it̚.tʃjo]
it can''t,20,,
듣기 싫어하는,20,[tɯt̚.ki.sil.ʌ.ha.nɯn],[dɯt̚.ki.sil.ʌ.ha.nɯn]
태어난 것도,20,[tʰɛ.ʌ.naŋ.kʌt̚.to],[tʰɛ.ʌ.nan.gʌt̚.to]
봅니다 안전한,20,[pop̚.ni.ta.an.tʃʌn.han],[bop̚.ni.da.an.tʃʌn.han]
나게 하는,20,[na.ke.ha.nɯn],[na.ge.ha.nɯn]
기도하고 있어요,20,[ki.to.ha.ko.it̚.ʌ.jo],[gi.do.ha.go.it̚.ʌ.jo]
그냥 직접,20,[kɯ.njaŋ.tʃik̚.tʃʌp̚],[gɯ.njaŋ.dʒik̚.tʃʌp̚]
이유는 안,20,[i.ju.nɯn.an],[i.ju.nɯn.an]
난 널 정말,20,[nan.nʌl.tʃʌŋ.mal],[nan.nʌl.dʒʌŋ.mal]
이유는 이,20,[i.ju.nɯn.i],[i.ju.nɯn.i]
네 꼴 좀 봐,20,[ne.k͈ol.tʃom.pwa],[ne.k͈ol.dʒom.bwa]
못 들어가는,20,[mot̚.tɯl.ʌ.ka.nɯn],[mot̚.dɯl.ʌ.ga.nɯn]
가치 있는 일을,20,[ka.tʃʰi.it̚.nɯn.il.ɯl],[ga.tʃʰi.it̚.nɯn.il.ɯl]
이유라고 나를 위해,20,[i.ju.ɾa.ko.na.ɾɯl.wi.hɛ],[i.ju.ɾa.go.na.ɾɯl.wi.hɛ]
이유라고 나를 위해 해줘,20,[i.ju.ɾa.ko.na.ɾɯl.wi.hɛ.hɛ.tʃwʌ],[i.ju.ɾa.go.na.ɾɯl.wi.hɛ.hɛ.dʒwʌ]
어찌됬든 내 부하들은 지아나,20,[ʌ.tʃ͈i.twet̚.tɯn.nɛ.pu.ha.tɯl.ɯn.tʃi.a.na],[ʌ.tʃ͈i.dwet̚.tɯn.nɛ.bu.ha.dɯl.ɯn.dʒi.a.na]
know anything about,20,,
저 멀리서,20,[tʃʌ.mʌl.ɾi.sʌ],[dʒʌ.mʌl.ɾi.sʌ]
어찌됬든 내,20,[ʌ.tʃ͈i.twet̚.tɯn.nɛ],[ʌ.tʃ͈i.dwet̚.tɯn.nɛ]
좋아질 겁니다,20,[tʃot̚.a.tʃil.kʌp̚.ni.ta],[dʒot̚.a.dʒil.gʌp̚.ni.da]
가르쳐 줄래,20,[ka.ɾɯ.tʃʰjʌ.tʃul.ɾɛ],[ga.ɾɯ.tʃʰjʌ.dʒul.ɾɛ]
했는데 일이,20,[hɛt̚.nɯn.te.il.i],[hɛt̚.nɯn.te.il.i]
하지 이런,20,[ha.tʃi.i.ɾʌn],[ha.dʒi.i.ɾʌn]
대해 화가,20,[tɛ.hɛ.hwa.ka],[dɛ.hɛ.hwa.ga]
이유야 이게 너가,20,[i.ju.ja.i.ke.nʌ.ka],[i.ju.ja.i.ge.nʌ.ga]
이유야 이게,20,[i.ju.ja.i.ke],[i.ju.ja.i.ge]
이유야 이게 너가 필요한,20,[i.ju.ja.i.ke.nʌ.ka.pʰil.jo.han],[i.ju.ja.i.ge.nʌ.ga.pʰil.jo.han]
빌려줘서 고마워,20,[pil.ɾjʌ.tʃwʌ.sʌ.ko.ma.wʌ],[bil.ɾjʌ.dʒwʌ.sʌ.go.ma.wʌ]
기록 보관소,20,[ki.ɾok̚.po.kwan.so],[gi.ɾok̚.bo.gwan.so]
이일을 안한다면,20,[i.il.ɯl.an.han.ta.mjʌn],[i.il.ɯl.an.han.ta.mjʌn]
마일스 데이비스,20,[ma.il.sɯ.te.i.pi.sɯ],[ma.il.sɯ.de.i.bi.sɯ]
이자리까지 올라오기,20,[i.tʃa.ɾi.k͈a.tʃi.ol.ɾa.o.ki],[i.dʒa.ɾi.k͈a.dʒi.ol.ɾa.o.gi]
이자리까지 올라오기 전에 말이지,20,[i.tʃa.ɾi.k͈a.tʃi.ol.ɾa.o.ki.tʃʌn.e.mal.i.tʃi],[i.dʒa.ɾi.k͈a.dʒi.ol.ɾa.o.gi.dʒʌn.e.mal.i.dʒi]
이일을 안한다면 대가는,20,[i.il.ɯl.an.han.ta.mjʌn.tɛ.ka.nɯn],[i.il.ɯl.an.han.ta.mjʌn.dɛ.ga.nɯn]
공개할 겁니다,20,[koŋ.kɛ.hal.kʌp̚.ni.ta],[goŋ.gɛ.hal.gʌp̚.ni.da]
기자가 될,20,[ki.tʃa.ka.twel],[gi.dʒa.ga.dwel]
나 너희,20,[na.nʌ.hɯi],[na.nʌ.hɯi]
이제 충분히,20,[i.tʃe.tʃʰum.pun.hi],[i.dʒe.tʃʰuŋ.bun.hi]
리가 없었다,20,[ɾi.ka.ʌp̚.ʌt̚.ta],[ɾi.ga.ʌp̚.ʌt̚.ta]
진 마셨었나,20,[tʃin.ma.sjʌt̚.ʌt̚.na],[dʒin.ma.sjʌt̚.ʌt̚.na]
이제 같은,20,[i.tʃe.kat̚.ɯn],[i.dʒe.gat̚.ɯn]
집에가자 윅 씨,20,[tʃip̚.e.ka.tʃa.wik̚.s͈i],[dʒip̚.e.ga.dʒa.wik̚.s͈i]
우주 비행사를,20,[u.tʃu.pi.hɛŋ.sa.ɾɯl],[u.dʒu.bi.hɛŋ.sa.ɾɯl]
효과가 없었어,20,[hjo.kwa.ka.ʌp̚.ʌt̚.ʌ],[hjo.gwa.ga.ʌp̚.ʌt̚.ʌ]
이제 괜찮습니다,20,[i.tʃe.kwɛn.tʃʰan.sɯp̚.ni.ta],[i.dʒe.gwɛn.tʃʰan.sɯp̚.ni.da]
빌어먹을 년,20,[pil.ʌ.mʌk̚.ɯl.ljʌn],[bil.ʌ.mʌk̚.ɯl.ljʌn]
아직 말 안 했어,20,[a.tʃik̚.mal.an.hɛt̚.ʌ],[a.dʒik̚.mal.an.hɛt̚.ʌ]
난 아무렇지,20,[nan.a.mu.ɾʌt̚.tʃi],[nan.a.mu.ɾʌt̚.tʃi]
난 아무렇지도,20,[nan.a.mu.ɾʌt̚.tʃi.to],[nan.a.mu.ɾʌt̚.tʃi.do]
이제 표식에서,20,[i.tʃe.pʰjo.sik̚.e.sʌ],[i.dʒe.pʰjo.sik̚.e.sʌ]
맡은 사건이,20,[mat̚.ɯn.sa.kʌn.i],[mat̚.ɯn.sa.gʌn.i]
맥주 통,20,[mɛk̚.tʃu.tʰoŋ],[mɛk̚.tʃu.tʰoŋ]
이제 그만 해요,20,[i.tʃe.kɯ.man.hɛ.jo],[i.dʒe.gɯ.man.hɛ.jo]
맡은 사건,20,[mat̚.ɯn.sa.kʌn],[mat̚.ɯn.sa.gʌn]
듣기론 자네 복귀했다지,20,[tɯt̚.ki.ɾon.tʃa.ne.pok̚.kwi.hɛt̚.ta.tʃi],[dɯt̚.ki.ɾon.dʒa.ne.bok̚.kwi.hɛt̚.ta.dʒi]
알겠어요 여기,20,[al.ket̚.ʌ.jo.jʌ.ki],[al.ket̚.ʌ.jo.jʌ.gi]
we were gonna,20,,
봐 일부러,20,[pwa.il.pu.ɾʌ],[bwa.il.pu.ɾʌ]
리스 씨 나는,20,[ɾi.sɯ.s͈i.na.nɯn],[ɾi.sɯ.s͈i.na.nɯn]
할게요 우리,20,[hal.ke.jo.u.ɾi],[hal.ke.jo.u.ɾi]
리스트를 가지고,20,[ɾi.sɯ.tʰɯ.ɾɯl.ka.tʃi.ko],[ɾi.sɯ.tʰɯ.ɾɯl.ga.dʒi.go]
하지만 거기서,20,[ha.tʃi.maŋ.kʌ.ki.sʌ],[ha.dʒi.man.gʌ.gi.sʌ]
아무 것도요,20,[a.mu.kʌt̚.to.jo],[a.mu.gʌt̚.to.jo]
리전 오브,20,[ɾi.tʃʌn.o.pɯ],[ɾi.dʒʌn.o.bɯ]
친한 친구에게,20,[tʃʰin.han.tʃʰiŋ.ku.e.ke],[tʃʰin.han.tʃʰiŋ.ku.e.ge]
이제 누굴,20,[i.tʃe.nu.kul],[i.dʒe.nu.gul]
특별한 곳에,20,[tʰɯk̚.pjʌl.haŋ.kot̚.e],[tʰɯk̚.pjʌl.han.got̚.e]
is wondering,20,,
처벌을 받을,20,[tʃʰʌ.pʌl.ɯl.pat̚.ɯl],[tʃʰʌ.bʌl.ɯl.bat̚.ɯl]
리쿠 짱,20,[ɾi.kʰu.tʃ͈aŋ],[ɾi.kʰu.tʃ͈aŋ]
정말 실망이야,20,[tʃʌŋ.mal.sil.maŋ.i.ja],[dʒʌŋ.mal.sil.maŋ.i.ja]
집에 갔었어요,20,[tʃip̚.e.kat̚.ʌt̚.ʌ.jo],[dʒip̚.e.gat̚.ʌt̚.ʌ.jo]
아비의 얼굴을 잊은,20,[a.pi.ɯi.ʌl.kul.ɯl.it̚.ɯn],[a.bi.ɯi.ʌl.kul.ɯl.it̚.ɯn]
했어야 하는,20,[hɛt̚.ʌ.ja.ha.nɯn],[hɛt̚.ʌ.ja.ha.nɯn]
하지만 그 남자는,20,[ha.tʃi.maŋ.kɯ.nan.tʃa.nɯn],[ha.dʒi.man.gɯ.nan.tʃa.nɯn]
그냥 포기하는,20,[kɯ.njam.pʰo.ki.ha.nɯn],[gɯ.njam.pʰo.gi.ha.nɯn]
빚을 되돌려 받고싶지 않을걸,20,[pit̚.ɯl.twe.tol.ɾjʌ.pat̚.ko.sip̚.tʃi.an.ɯl.kʌl],[bit̚.ɯl.dwe.dol.ɾjʌ.bat̚.ko.sip̚.tʃi.an.ɯl.kʌl]
안 돼요 여기서,20,[an.twɛ.jo.jʌ.ki.sʌ],[an.dwɛ.jo.jʌ.gi.sʌ]
배도 안,20,[pɛ.to.an],[bɛ.do.an]
가르친 게,20,[ka.ɾɯ.tʃʰiŋ.ke],[ga.ɾɯ.tʃʰin.ge]
끝도없어 조나단,20,[k͈ɯt̚.to.ʌp̚.ʌ.tʃo.na.tan],[k͈ɯt̚.to.ʌp̚.ʌ.dʒo.na.dan]
없는 이유는,20,[ʌp̚.nɯn.i.ju.nɯn],[ʌp̚.nɯn.i.ju.nɯn]
좋아하진 않아,20,[tʃot̚.a.ha.tʃin.an.a],[dʒot̚.a.ha.dʒin.an.a]
저 사람이 왜,20,[tʃʌ.sa.ɾam.i.wɛ],[dʒʌ.sa.ɾam.i.wɛ]
같네요 그래서,20,[kat̚.ne.jo.kɯ.ɾɛ.sʌ],[gat̚.ne.jo.gɯ.ɾɛ.sʌ]
세 생일,20,[se.sɛŋ.il],[se.sɛŋ.il]
가고 싶은 사람,20,[ka.ko.sip̚.ɯn.sa.ɾam],[ga.go.sip̚.ɯn.sa.ɾam]
마 경찰이,20,[ma.kjʌŋ.tʃʰal.i],[ma.gjʌŋ.tʃʰal.i]
마 과거의 영광을,20,[ma.kwa.kʌ.ɯi.jʌŋ.kwaŋ.ɯl],[ma.gwa.gʌ.ɯi.jʌŋ.gwaŋ.ɯl]
진심은 아니죠,20,[tʃin.sim.ɯn.a.ni.tʃjo],[dʒin.sim.ɯn.a.ni.dʒjo]
아직 어려요,20,[a.tʃik̚.ʌ.ɾjʌ.jo],[a.dʒik̚.ʌ.ɾjʌ.jo]
never thought,20,,
벽에 기대,20,[pjʌk̚.e.ki.tɛ],[bjʌk̚.e.gi.dɛ]
이제 시작일 뿐이야,20,[i.tʃe.si.tʃak̚.il.p͈un.i.ja],[i.dʒe.si.dʒak̚.il.p͈un.i.ja]
뭔가 말이,20,[mwʌŋ.ka.mal.i],[mwʌŋ.ka.mal.i]
it had,20,,
처연한 음악,20,[tʃʰʌ.jʌn.han.ɯm.ak̚],[tʃʰʌ.jʌn.han.ɯm.ak̚]
대가없이는 말이야,20,[tɛ.ka.ʌp̚.i.nɯn.mal.i.ja],[dɛ.ga.ʌp̚.i.nɯn.mal.i.ja]
마 난 널,20,[ma.nan.nʌl],[ma.nan.nʌl]
나눈 건,20,[na.nuŋ.kʌn],[na.nun.gʌn]
이제 어떡해야,20,[i.tʃe.ʌ.t͈ʌk̚.hɛ.ja],[i.dʒe.ʌ.t͈ʌk̚.hɛ.ja]
거라 생각했다면,20,[kʌ.ɾa.sɛŋ.kak̚.hɛt̚.ta.mjʌn],[gʌ.ɾa.sɛŋ.gak̚.hɛt̚.ta.mjʌn]
이제 얻었군,20,[i.tʃe.ʌt̚.ʌt̚.kun],[i.dʒe.ʌt̚.ʌt̚.kun]
이제 얻었군 그래 그래,20,[i.tʃe.ʌt̚.ʌt̚.kuŋ.kɯ.ɾɛ.kɯ.ɾɛ],[i.dʒe.ʌt̚.ʌt̚.kun.gɯ.ɾɛ.gɯ.ɾɛ]
빛을 발하는,20,[pit̚.ɯl.pal.ha.nɯn],[bit̚.ɯl.bal.ha.nɯn]
내가 싸우는,20,[nɛ.ka.s͈a.u.nɯn],[nɛ.ga.s͈a.u.nɯn]
진정 못,20,[tʃin.tʃʌŋ.mot̚],[dʒin.tʃʌŋ.mot̚]
이제 완전,20,[i.tʃe.wan.tʃʌn],[i.dʒe.wan.tʃʌn]
이 검으로,20,[i.kʌm.ɯ.ɾo],[i.gʌm.ɯ.ɾo]
아직 좋은,20,[a.tʃik̚.tʃot̚.ɯn],[a.dʒik̚.dʒot̚.ɯn]
아직 죽지 않은겁니까,20,[a.tʃik̚.tʃuk̚.tʃi.an.ɯŋ.kʌp̚.ni.k͈a],[a.dʒik̚.dʒuk̚.tʃi.an.ɯŋ.kʌp̚.ni.k͈a]
할 건지 알아,20,[hal.kʌn.tʃi.al.a],[hal.gʌn.tʃi.al.a]
뭐 할말,20,[mwʌ.hal.mal],[mwʌ.hal.mal]
우주선은 궤도를,20,[u.tʃu.sʌn.ɯŋ.kwe.to.ɾɯl],[u.dʒu.sʌn.ɯn.gwe.do.ɾɯl]
뭐 해줄,20,[mwʌ.hɛ.tʃul],[mwʌ.hɛ.dʒul]
이제 제 것입니다,20,[i.tʃe.tʃe.kʌt̚.ip̚.ni.ta],[i.dʒe.dʒe.gʌt̚.ip̚.ni.da]
맞아 널,20,[mat̚.a.nʌl],[mat̚.a.nʌl]
이제 제 것입니다 아코니씨,20,[i.tʃe.tʃe.kʌt̚.ip̚.ni.ta.a.kʰo.ni.s͈i],[i.dʒe.dʒe.gʌt̚.ip̚.ni.da.a.kʰo.ni.s͈i]
이제 좀 쉬어,20,[i.tʃe.tʃom.swi.ʌ],[i.dʒe.dʒom.swi.ʌ]
해 진정해,20,[hɛ.tʃin.tʃʌŋ.hɛ],[hɛ.dʒin.tʃʌŋ.hɛ]
맞아 어서,20,[mat̚.a.ʌ.sʌ],[mat̚.a.ʌ.sʌ]
the work,20,,
하지만 그때 나는,20,[ha.tʃi.maŋ.kɯ.t͈ɛ.na.nɯn],[ha.dʒi.man.gɯ.t͈ɛ.na.nɯn]
그럼 다신,20,[kɯ.ɾʌn.ta.sin],[gɯ.ɾʌm.da.sin]
벗어날수있는 유일한 길이 였습니다,20,[pʌt̚.ʌ.nal.su.it̚.nɯn.ju.il.haŋ.kil.i.jʌt̚.sɯp̚.ni.ta],[bʌt̚.ʌ.nal.su.it̚.nɯn.ju.il.han.gil.i.jʌt̚.sɯp̚.ni.da]
이제 카모라의 수장이야,20,[i.tʃe.kʰa.mo.ɾa.ɯi.su.tʃaŋ.i.ja],[i.dʒe.kʰa.mo.ɾa.ɯi.su.dʒaŋ.i.ja]
다시 만나죠,20,[ta.si.man.na.tʃjo],[da.si.man.na.dʒjo]
이제 표식에서 자유로운,20,[i.tʃe.pʰjo.sik̚.e.sʌ.tʃa.ju.ɾo.un],[i.dʒe.pʰjo.sik̚.e.sʌ.dʒa.ju.ɾo.un]
이제 표식에서 자유로운 그가,20,[i.tʃe.pʰjo.sik̚.e.sʌ.tʃa.ju.ɾo.uŋ.kɯ.ka],[i.dʒe.pʰjo.sik̚.e.sʌ.dʒa.ju.ɾo.un.gɯ.ga]
없는 법이지,20,[ʌp̚.nɯm.pʌp̚.i.tʃi],[ʌp̚.nɯn.bʌp̚.i.dʒi]
이제 한번,20,[i.tʃe.ham.pʌn],[i.dʒe.ham.pʌn]
나한테서 떨어져요,20,[na.han.tʰe.sʌ.t͈ʌl.ʌ.tʃjʌ.jo],[na.han.tʰe.sʌ.t͈ʌl.ʌ.dʒjʌ.jo]
태우는 거야,20,[tʰɛ.u.nɯŋ.kʌ.ja],[tʰɛ.u.nɯn.gʌ.ja]
아무 관련이 없습니다,20,[a.mu.kwal.ljʌn.i.ʌp̚.sɯp̚.ni.ta],[a.mu.gwal.ljʌn.i.ʌp̚.sɯp̚.ni.da]
휘어버렸고 구동축은 부서져버렸는데 그리고,20,[hwi.ʌ.pʌ.ɾjʌt̚.ko.ku.toŋ.tʃʰuk̚.ɯm.pu.sʌ.tʃjʌ.pʌ.ɾjʌt̚.nɯn.te.kɯ.ɾi.ko],[hwi.ʌ.bʌ.ɾjʌt̚.ko.gu.doŋ.tʃʰuk̚.ɯn.bu.sʌ.dʒjʌ.bʌ.ɾjʌt̚.nɯn.te.gɯ.ɾi.go]
부로 컨티넨탈,20,[pu.ɾo.kʰʌn.tʰi.nen.tʰal],[bu.ɾo.kʰʌn.tʰi.nen.tʰal]
태중의 아들,20,[tʰɛ.tʃuŋ.ɯi.a.tɯl],[tʰɛ.dʒuŋ.ɯi.a.dɯl]
마 원래,20,[ma.wʌl.lɛ],[ma.wʌl.lɛ]
아직도 그렇게 생각해 그런대도,20,[a.tʃik̚.to.kɯ.ɾʌt̚.ke.sɛŋ.kak̚.hɛ.kɯ.ɾʌn.tɛ.to],[a.dʒik̚.to.gɯ.ɾʌt̚.ke.sɛŋ.gak̚.hɛ.gɯ.ɾʌn.tɛ.do]
이 사회의,20,[i.sa.hwe.ɯi],[i.sa.hwe.ɯi]
이제부턴 내가,20,[i.tʃe.pu.tʰʌn.nɛ.ka],[i.dʒe.bu.tʰʌn.nɛ.ga]
마 이걸,20,[ma.i.kʌl],[ma.i.gʌl]
가지 마 나,20,[ka.tʃi.ma.na],[ga.dʒi.ma.na]
그리고 내가 듣기론 자네,20,[kɯ.ɾi.ko.nɛ.ka.tɯt̚.ki.ɾon.tʃa.ne],[gɯ.ɾi.go.nɛ.ga.dɯt̚.ki.ɾon.dʒa.ne]
it is a,20,,
기분을 느낄,20,[ki.pun.ɯl.lɯ.k͈il],[gi.bun.ɯl.lɯ.k͈il]
난 약간,20,[nan.jak̚.kan],[nan.jak̚.kan]
이젠 너,20,[i.tʃen.nʌ],[i.dʒen.nʌ]
is worrying,20,,
집에 가져갈,20,[tʃip̚.e.ka.tʃjʌ.kal],[dʒip̚.e.ga.dʒjʌ.gal]
내 생각에 이 사건은,20,[nɛ.sɛŋ.kak̚.e.i.sa.kʌn.ɯn],[nɛ.sɛŋ.gak̚.e.i.sa.gʌn.ɯn]
부끄러운 줄 알아야지,20,[pu.k͈ɯ.ɾʌ.un.tʃul.al.a.ja.tʃi],[bu.k͈ɯ.ɾʌ.un.dʒul.al.a.ja.dʒi]
그녀 혼자,20,[kɯ.njʌ.hon.tʃa],[gɯ.njʌ.hon.tʃa]
바보 같다,20,[pa.po.kat̚.ta],[ba.bo.gat̚.ta]
나한텐 그런,20,[na.han.tʰeŋ.kɯ.ɾʌn],[na.han.tʰen.gɯ.ɾʌn]
같네요 아뇨,20,[kat̚.ne.jo.a.njo],[gat̚.ne.jo.a.njo]
이젠 이게,20,[i.tʃen.i.ke],[i.dʒen.i.ge]
곧 만나자,20,[kot̚.man.na.tʃa],[got̚.man.na.dʒa]
뭐가 되고 싶어,20,[mwʌ.ka.twe.ko.sip̚.ʌ],[mwʌ.ga.dwe.go.sip̚.ʌ]
변신할 수,20,[pjʌn.sin.hal.su],[bjʌn.sin.hal.su]
걸린 현상금은 없어지지,20,[kʌl.ɾin.hjʌn.saŋ.kɯm.ɯn.ʌp̚.ʌ.tʃi.tʃi],[gʌl.ɾin.hjʌn.saŋ.gɯm.ɯn.ʌp̚.ʌ.dʒi.dʒi]
걸린 현상금은 없어지지 않아,20,[kʌl.ɾin.hjʌn.saŋ.kɯm.ɯn.ʌp̚.ʌ.tʃi.tʃi.an.a],[gʌl.ɾin.hjʌn.saŋ.gɯm.ɯn.ʌp̚.ʌ.dʒi.dʒi.an.a]
이쪽은 고대 유적지,20,[i.tʃ͈ok̚.ɯŋ.ko.tɛ.ju.tʃʌk̚.tʃi],[i.tʃ͈ok̚.ɯn.go.dɛ.ju.dʒʌk̚.tʃi]
변치 않을,20,[pjʌn.tʃʰi.an.ɯl],[bjʌn.tʃʰi.an.ɯl]
깔려 있어,20,[k͈al.ɾjʌ.it̚.ʌ],[k͈al.ɾjʌ.it̚.ʌ]
마냥 기다릴,20,[ma.njaŋ.ki.ta.ɾil],[ma.njaŋ.gi.da.ɾil]
진짜 누가,20,[tʃin.tʃ͈a.nu.ka],[dʒin.tʃ͈a.nu.ga]
이차 좋아하는줄 알았는데 그래서,20,[i.tʃʰa.tʃot̚.a.ha.nɯn.tʃul.al.at̚.nɯn.te.kɯ.ɾɛ.sʌ],[i.tʃʰa.dʒot̚.a.ha.nɯn.tʃul.al.at̚.nɯn.te.gɯ.ɾɛ.sʌ]
지켜 규칙없인 우리는 짐승들일뿐이네,20,[tʃi.kʰjʌ.kju.tʃʰik̚.ʌp̚.in.u.ɾi.nɯn.tʃim.sɯŋ.tɯl.il.p͈un.i.ne],[dʒi.kʰjʌ.gju.tʃʰik̚.ʌp̚.in.u.ɾi.nɯn.dʒim.sɯŋ.dɯl.il.p͈un.i.ne]
이탈리아놈들 삼합회,20,[i.tʰal.ɾi.a.non.tɯl.sam.hap̚.hwe],[i.tʰal.ɾi.a.non.tɯl.sam.hap̚.hwe]
하지만 나에게 선택권도 주었지,20,[ha.tʃi.man.na.e.ke.sʌn.tʰɛk̚.kwʌn.to.tʃu.ʌt̚.tʃi],[ha.dʒi.man.na.e.ge.sʌn.tʰɛk̚.kwʌn.to.dʒu.ʌt̚.tʃi]
다시 본,20,[ta.si.pon],[da.si.bon]
나한텐 네가,20,[na.han.tʰen.ne.ka],[na.han.tʰen.ne.ga]
싸우기 싫어요,20,[s͈a.u.ki.sil.ʌ.jo],[s͈a.u.gi.sil.ʌ.jo]
물을 더,20,[mul.ɯl.tʌ],[mul.ɯl.dʌ]
세계로 강제로 돌아오게 했죠,20,[se.kje.ɾo.kaŋ.tʃe.ɾo.tol.a.o.ke.hɛt̚.tʃjo],[se.gje.ɾo.gaŋ.dʒe.ɾo.dol.a.o.ge.hɛt̚.tʃjo]
뭐가 뭔지 잘,20,[mwʌ.ka.mwʌn.tʃi.tʃal],[mwʌ.ga.mwʌn.tʃi.dʒal]
아빠 죄송해요,20,[a.p͈a.tʃwe.soŋ.hɛ.jo],[a.p͈a.dʒwe.soŋ.hɛ.jo]
DNA 표본을,20,[pʰjo.pon.ɯl],[pʰjo.bon.ɯl]
and so,20,,
것을 알아라,20,[kʌt̚.ɯl.al.a.ɾa],[gʌt̚.ɯl.al.a.ɾa]
어디 갈 거야,20,[ʌ.ti.kal.kʌ.ja],[ʌ.di.gal.gʌ.ja]
내리고 있어,20,[nɛ.ɾi.ko.it̚.ʌ],[nɛ.ɾi.go.it̚.ʌ]
거예요 문제는,20,[kʌ.je.jo.mun.tʃe.nɯn],[gʌ.je.jo.mun.tʃe.nɯn]
옮겨야 할,20,[om.kjʌ.ja.hal],[om.kjʌ.ja.hal]
때 해야,20,[t͈ɛ.hɛ.ja],[t͈ɛ.hɛ.ja]
다시 뵙게 되어,20,[ta.si.pwep̚.ke.twe.ʌ],[da.si.bwep̚.ke.dwe.ʌ]
분만 시간,20,[pun.man.si.kan],[bun.man.si.gan]
좋은밤입니다 파티는 즐기고,20,[tʃot̚.ɯm.pam.ip̚.ni.ta.pʰa.tʰi.nɯn.tʃɯl.ki.ko],[dʒot̚.ɯm.pam.ip̚.ni.da.pʰa.tʰi.nɯn.dʒɯl.ki.go]
돕는게 좋아 내가 대체,20,[top̚.nɯŋ.ke.tʃot̚.a.nɛ.ka.tɛ.tʃʰe],[dop̚.nɯŋ.ke.dʒot̚.a.nɛ.ga.dɛ.tʃʰe]
부서지기 쉬운 자아를 강조합니다,20,[pu.sʌ.tʃi.ki.swi.un.tʃa.a.ɾɯl.kaŋ.tʃo.hap̚.ni.ta],[bu.sʌ.dʒi.gi.swi.un.dʒa.a.ɾɯl.gaŋ.dʒo.hap̚.ni.da]
이해는 합니다,20,[i.hɛ.nɯn.hap̚.ni.ta],[i.hɛ.nɯn.hap̚.ni.da]
물을 다,20,[mul.ɯl.ta],[mul.ɯl.da]
이해를 못 하시는군요,20,[i.hɛ.ɾɯl.mot̚.ha.si.nɯŋ.kun.jo],[i.hɛ.ɾɯl.mot̚.ha.si.nɯŋ.kun.jo]
저 자신에게,20,[tʃʌ.tʃa.sin.e.ke],[dʒʌ.dʒa.sin.e.ge]
명이 있었어요,20,[mjʌŋ.i.it̚.ʌt̚.ʌ.jo],[mjʌŋ.i.it̚.ʌt̚.ʌ.jo]
내가 숨을,20,[nɛ.ka.sum.ɯl],[nɛ.ga.sum.ɯl]
이해하고 있어,20,[i.hɛ.ha.ko.it̚.ʌ],[i.hɛ.ha.go.it̚.ʌ]
기분이 좋았어요,20,[ki.pun.i.tʃot̚.at̚.ʌ.jo],[gi.bun.i.dʒot̚.at̚.ʌ.jo]
잘 듣도록,20,[tʃal.tɯt̚.to.ɾok̚],[dʒal.dɯt̚.to.ɾok̚]
이해하는 사람이,20,[i.hɛ.ha.nɯn.sa.ɾam.i],[i.hɛ.ha.nɯn.sa.ɾam.i]
무슨 그런 말씀을,20,[mu.sɯŋ.kɯ.ɾʌn.mal.s͈ɯm.ɯl],[mu.sɯn.gɯ.ɾʌn.mal.s͈ɯm.ɯl]
치료를 받은,20,[tʃʰi.ɾjo.ɾɯl.pat̚.ɯn],[tʃʰi.ɾjo.ɾɯl.bat̚.ɯn]
기분이 좋았다,20,[ki.pun.i.tʃot̚.at̚.ta],[gi.bun.i.dʒot̚.at̚.ta]
이해하지 못하겠어요,20,[i.hɛ.ha.tʃi.mot̚.ha.ket̚.ʌ.jo],[i.hɛ.ha.dʒi.mot̚.ha.get̚.ʌ.jo]
나는 가고,20,[na.nɯŋ.ka.ko],[na.nɯn.ga.go]
빠지는 것,20,[p͈a.tʃi.nɯŋ.kʌt̚],[p͈a.dʒi.nɯn.gʌt̚]
어디서 구한 거야,20,[ʌ.ti.sʌ.ku.haŋ.kʌ.ja],[ʌ.di.sʌ.gu.han.gʌ.ja]
이해한다네 개인적으로,20,[i.hɛ.han.ta.ne.kɛ.in.tʃʌk̚.ɯ.ɾo],[i.hɛ.han.ta.ne.gɛ.in.tʃʌk̚.ɯ.ɾo]
이해한다네 개인적으로 생각할수도 있는거,20,[i.hɛ.han.ta.ne.kɛ.in.tʃʌk̚.ɯ.ɾo.sɛŋ.kak̚.hal.su.to.it̚.nɯŋ.kʌ],[i.hɛ.han.ta.ne.gɛ.in.tʃʌk̚.ɯ.ɾo.sɛŋ.gak̚.hal.su.do.it̚.nɯŋ.kʌ]
난 언제나 네,20,[nan.ʌn.tʃe.na.ne],[nan.ʌn.tʃe.na.ne]
수술에 대해,20,[su.sul.e.tɛ.hɛ],[su.sul.e.dɛ.hɛ]
마무리로 추천할만한게 있습니까,20,[ma.mu.ɾi.ɾo.tʃʰu.tʃʰʌn.hal.man.haŋ.ke.it̚.sɯp̚.ni.k͈a],[ma.mu.ɾi.ɾo.tʃʰu.tʃʰʌn.hal.man.haŋ.ke.it̚.sɯp̚.ni.k͈a]
옷을 입었어,20,[ot̚.ɯl.ip̚.ʌt̚.ʌ],[ot̚.ɯl.ip̚.ʌt̚.ʌ]
맞아 전부,20,[mat̚.a.tʃʌm.pu],[mat̚.a.dʒʌm.pu]
짐작도 못 할,20,[tʃin.tʃak̚.to.mot̚.hal],[dʒin.tʃak̚.to.mot̚.hal]
진짜 신기하다,20,[tʃin.tʃ͈a.siŋ.ki.ha.ta],[dʒin.tʃ͈a.siŋ.ki.ha.da]
혈액 응고,20,[hjʌl.ɛk̚.ɯŋ.ko],[hjʌl.ɛk̚.ɯŋ.go]
침입 흔적이,20,[tʃʰim.ip̚.hɯn.tʃʌk̚.i],[tʃʰim.ip̚.hɯn.tʃʌk̚.i]
이혼 협의서,20,[i.hon.hjʌp̚.ɯi.sʌ],[i.hon.hjʌp̚.ɯi.sʌ]
거야 오랫동안,20,[kʌ.ja.o.ɾɛt̚.toŋ.an],[gʌ.ja.o.ɾɛt̚.toŋ.an]
그 지옥,20,[kɯ.tʃi.ok̚],[gɯ.dʒi.ok̚]
아코니씨 그만,20,[a.kʰo.ni.s͈i.kɯ.man],[a.kʰo.ni.s͈i.gɯ.man]
모튼 씨,20,[mo.tʰɯn.s͈i],[mo.tʰɯn.s͈i]
세군대 있고 실리콘,20,[se.kun.tɛ.it̚.ko.sil.ɾi.kʰon],[se.gun.tɛ.it̚.ko.sil.ɾi.kʰon]
그게 누구던간에 죽일겁니다,20,[kɯ.ke.nu.ku.tʌŋ.kan.e.tʃuk̚.il.kʌp̚.ni.ta],[gɯ.ge.nu.gu.dʌŋ.kan.e.dʒuk̚.il.kʌp̚.ni.da]
피자 먹을,20,[pʰi.tʃa.mʌk̚.ɯl],[pʰi.dʒa.mʌk̚.ɯl]
익숙해질 수,20,[ik̚.suk̚.hɛ.tʃil.su],[ik̚.suk̚.hɛ.dʒil.su]
후 네가,20,[hu.ne.ka],[hu.ne.ga]
내가 파티에,20,[nɛ.ka.pʰa.tʰi.e],[nɛ.ga.pʰa.tʰi.e]
없는거 같아,20,[ʌp̚.nɯŋ.kʌ.kat̚.a],[ʌp̚.nɯŋ.kʌ.gat̚.a]
뭐가 좋다는,20,[mwʌ.ka.tʃot̚.ta.nɯn],[mwʌ.ga.dʒot̚.ta.nɯn]
마세요 아무,20,[ma.se.jo.a.mu],[ma.se.jo.a.mu]
나는지 모르겠지만 우리는,20,[na.nɯn.tʃi.mo.ɾɯ.ket̚.tʃi.man.u.ɾi.nɯn],[na.nɯn.tʃi.mo.ɾɯ.get̚.tʃi.man.u.ɾi.nɯn]
대체 뭐가 그렇게,20,[tɛ.tʃʰe.mwʌ.ka.kɯ.ɾʌt̚.ke],[dɛ.tʃʰe.mwʌ.ga.gɯ.ɾʌt̚.ke]
인간보다는 말에 가까워 아니면,20,[iŋ.kam.po.ta.nɯn.mal.e.ka.k͈a.wʌ.a.ni.mjʌn],[iŋ.kam.po.da.nɯn.mal.e.ga.k͈a.wʌ.a.ni.mjʌn]
인간에 가깝나 보잭,20,[iŋ.kan.e.ka.k͈ap̚.na.po.tʃɛk̚],[iŋ.kan.e.ga.k͈ap̚.na.bo.dʒɛk̚]
인간은 누구나,20,[iŋ.kan.ɯn.nu.ku.na],[iŋ.kan.ɯn.nu.gu.na]
다시 얘기할,20,[ta.si.jɛ.ki.hal],[da.si.jɛ.gi.hal]
다음 목표가,20,[ta.ɯm.mok̚.pʰjo.ka],[da.ɯm.mok̚.pʰjo.ga]
피터 내,20,[pʰi.tʰʌ.nɛ],[pʰi.tʰʌ.nɛ]
것을 명한다,20,[kʌt̚.ɯl.mjʌŋ.han.ta],[gʌt̚.ɯl.mjʌŋ.han.ta]
저 여자의 연필로,20,[tʃʌ.jʌ.tʃa.ɯi.jʌm.pʰil.ɾo],[dʒʌ.jʌ.dʒa.ɯi.jʌm.pʰil.ɾo]
진짜 잘하네,20,[tʃin.tʃ͈a.tʃal.ha.ne],[dʒin.tʃ͈a.dʒal.ha.ne]
수술을 받고,20,[su.sul.ɯl.pat̚.ko],[su.sul.ɯl.bat̚.ko]
진짜 재밌었어,20,[tʃin.tʃ͈a.tʃɛ.mit̚.ʌt̚.ʌ],[dʒin.tʃ͈a.dʒɛ.mit̚.ʌt̚.ʌ]
보스 외람되지만 이게 정말,20,[po.sɯ.we.ɾan.twe.tʃi.man.i.ke.tʃʌŋ.mal],[bo.sɯ.we.ɾan.twe.dʒi.man.i.ge.dʒʌŋ.mal]
난 딸,20,[nan.t͈al],[nan.t͈al]
아플겁니다 마무리로 추천할만한게,20,[a.pʰɯl.kʌp̚.ni.ta.ma.mu.ɾi.ɾo.tʃʰu.tʃʰʌn.hal.man.haŋ.ke],[a.pʰɯl.kʌp̚.ni.da.ma.mu.ɾi.ɾo.tʃʰu.tʃʰʌn.hal.man.haŋ.ke]
아플겁니다 마무리로 추천할만한게 있습니까,20,[a.pʰɯl.kʌp̚.ni.ta.ma.mu.ɾi.ɾo.tʃʰu.tʃʰʌn.hal.man.haŋ.ke.it̚.sɯp̚.ni.k͈a],[a.pʰɯl.kʌp̚.ni.da.ma.mu.ɾi.ɾo.tʃʰu.tʃʰʌn.hal.man.haŋ.ke.it̚.sɯp̚.ni.k͈a]
집에 들어오지,20,[tʃip̚.e.tɯl.ʌ.o.tʃi],[dʒip̚.e.dɯl.ʌ.o.dʒi]
마스가 따로없구만 당신,20,[ma.sɯ.ka.t͈a.ɾo.ʌp̚.ku.man.taŋ.sin],[ma.sɯ.ga.t͈a.ɾo.ʌp̚.ku.man.daŋ.sin]
형제 자매,20,[hjʌŋ.tʃe.tʃa.mɛ],[hjʌŋ.dʒe.dʒa.mɛ]
마 형,20,[ma.hjʌŋ],[ma.hjʌŋ]
이 상자는,20,[i.saŋ.tʃa.nɯn],[i.saŋ.dʒa.nɯn]
이지요 안감과 외피,20,[i.tʃi.jo.aŋ.kam.kwa.we.pʰi],[i.dʒi.jo.aŋ.kam.kwa.we.pʰi]
이짓 중독이야 복수말이야 뉴욕,20,[i.tʃit̚.tʃuŋ.tok̚.i.ja.pok̚.su.mal.i.ja.nju.jok̚],[i.dʒit̚.dʒuŋ.dok̚.i.ja.bok̚.su.mal.i.ja.nju.jok̚]
같은 소리하고,20,[kat̚.ɯn.so.ɾi.ha.ko],[gat̚.ɯn.so.ɾi.ha.go]
하고 있다구요,20,[ha.ko.it̚.ta.ku.jo],[ha.go.it̚.ta.gu.jo]
감옥에 있다,20,[kam.ok̚.e.it̚.ta],[gam.ok̚.e.it̚.ta]
뭐든 원하는 대로,20,[mwʌ.tɯn.wʌn.ha.nɯn.tɛ.ɾo],[mwʌ.dɯn.wʌn.ha.nɯn.dɛ.ɾo]
인류의 운명이,20,[il.lju.ɯi.un.mjʌŋ.i],[il.lju.ɯi.un.mjʌŋ.i]
칼에 찔려서,20,[kʰal.e.tʃ͈il.ɾjʌ.sʌ],[kʰal.e.tʃ͈il.ɾjʌ.sʌ]
악마의 등에다가,20,[ak̚.ma.ɯi.tɯŋ.e.ta.ka],[ak̚.ma.ɯi.dɯŋ.e.da.ga]
인사 하고,20,[in.sa.ha.ko],[in.sa.ha.go]
인사 하려고,20,[in.sa.ha.ɾjʌ.ko],[in.sa.ha.ɾjʌ.go]
진짜로 궁금한건 말이야,20,[tʃin.tʃ͈a.ɾo.kuŋ.kɯm.haŋ.kʌn.mal.i.ja],[dʒin.tʃ͈a.ɾo.guŋ.gɯm.haŋ.kʌn.mal.i.ja]
내 예상보다,20,[nɛ.je.sam.po.ta],[nɛ.je.saŋ.bo.da]
매의 눈으로,20,[mɛ.ɯi.nun.ɯ.ɾo],[mɛ.ɯi.nun.ɯ.ɾo]
하지만 당장,20,[ha.tʃi.man.taŋ.tʃaŋ],[ha.dʒi.man.daŋ.dʒaŋ]
제안을 했어요,20,[tʃe.an.ɯl.hɛt̚.ʌ.jo],[dʒe.an.ɯl.hɛt̚.ʌ.jo]
말 것'',20,[mal.kʌt̚],[mal.gʌt̚]
마세요 좋은,20,[ma.se.jo.tʃot̚.ɯn],[ma.se.jo.dʒot̚.ɯn]
카드 사용,20,[kʰa.tɯ.sa.joŋ],[kʰa.dɯ.sa.joŋ]
걸요 난,20,[kʌl.jo.nan],[gʌl.jo.nan]
경찰은 아직,20,[kjʌŋ.tʃʰal.ɯn.a.tʃik̚],[gjʌŋ.tʃʰal.ɯn.a.dʒik̚]
놔둔 거야,20,[nwa.tuŋ.kʌ.ja],[nwa.dun.gʌ.ja]
저것은 어떻습니까,20,[tʃʌ.kʌt̚.ɯn.ʌ.t͈ʌt̚.sɯp̚.ni.k͈a],[dʒʌ.gʌt̚.ɯn.ʌ.t͈ʌt̚.sɯp̚.ni.k͈a]
악화될걸 존 내생각엔 말이야,20,[ak̚.hwa.twel.kʌl.tʃon.nɛ.sɛŋ.kak̚.en.mal.i.ja],[ak̚.hwa.dwel.kʌl.dʒon.nɛ.sɛŋ.gak̚.en.mal.i.ja]
다시 이세계에,20,[ta.si.i.se.kje.e],[da.si.i.se.gje.e]
말아야 할 것,20,[mal.a.ja.hal.kʌt̚],[mal.a.ja.hal.gʌt̚]
했잖아 널,20,[hɛt̚.tʃan.a.nʌl],[hɛt̚.tʃan.a.nʌl]
마실것 좀,20,[ma.sil.kʌt̚.tʃom],[ma.sil.kʌt̚.dʒom]
하지만 들어봐,20,[ha.tʃi.man.tɯl.ʌ.pwa],[ha.dʒi.man.dɯl.ʌ.bwa]
마약 거래에,20,[ma.jak̚.kʌ.ɾɛ.e],[ma.jak̚.gʌ.ɾɛ.e]
매일 당신을,20,[mɛ.il.taŋ.sin.ɯl],[mɛ.il.daŋ.sin.ɯl]
the first place,20,,
진행하기 전에,20,[tʃin.hɛŋ.ha.ki.tʃʌn.e],[dʒin.hɛŋ.ha.gi.dʒʌn.e]
들 어,20,[tɯl.ʌ],[dɯl.ʌ]
싸우지 않아,20,[s͈a.u.tʃi.an.a],[s͈a.u.dʒi.an.a]
인생이 있어,20,[in.sɛŋ.i.it̚.ʌ],[in.sɛŋ.i.it̚.ʌ]
죽은 친구,20,[tʃuk̚.ɯn.tʃʰiŋ.ku],[dʒuk̚.ɯn.tʃʰiŋ.ku]
혹시 너도,20,[hok̚.si.nʌ.to],[hok̚.si.nʌ.do]
뭐라 부르든,20,[mwʌ.ɾa.pu.ɾɯ.tɯn],[mwʌ.ɾa.bu.ɾɯ.dɯn]
앞으로는 절대,20,[ap̚.ɯ.ɾo.nɯn.tʃʌl.tɛ],[ap̚.ɯ.ɾo.nɯn.dʒʌl.tɛ]
가장 값진,20,[ka.tʃaŋ.kap̚.tʃin],[ga.dʒaŋ.gap̚.tʃin]
일은 없었습니다,20,[il.ɯn.ʌp̚.ʌt̚.sɯp̚.ni.ta],[il.ɯn.ʌp̚.ʌt̚.sɯp̚.ni.da]
빨리 다시보게 되어,20,[p͈al.ɾi.ta.si.po.ke.twe.ʌ],[p͈al.ɾi.da.si.bo.ge.dwe.ʌ]
피할 수 없을,20,[pʰi.hal.su.ʌp̚.ɯl],[pʰi.hal.su.ʌp̚.ɯl]
빨리 나와라,20,[p͈al.ɾi.na.wa.ɾa],[p͈al.ɾi.na.wa.ɾa]
다시 잡아,20,[ta.si.tʃap̚.a],[da.si.dʒap̚.a]
그녀가 필요로,20,[kɯ.njʌ.ka.pʰil.jo.ɾo],[gɯ.njʌ.ga.pʰil.jo.ɾo]
이쪽은 내 아내,20,[i.tʃ͈ok̚.ɯn.nɛ.a.nɛ],[i.tʃ͈ok̚.ɯn.nɛ.a.nɛ]
바에 가서 한잔들,20,[pa.e.ka.sʌ.han.tʃan.tɯl],[ba.e.ga.sʌ.han.tʃan.tɯl]
안 거,20,[aŋ.kʌ],[an.gʌ]
인터넷에 올린,20,[in.tʰʌ.net̚.e.ol.ɾin],[in.tʰʌ.net̚.e.ol.ɾin]
접속할 수 있어,20,[tʃʌp̚.sok̚.hal.su.it̚.ʌ],[dʒʌp̚.sok̚.hal.su.it̚.ʌ]
이 상처,20,[i.saŋ.tʃʰʌ],[i.saŋ.tʃʰʌ]
못 알아들었어요,20,[mot̚.al.a.tɯl.ʌt̚.ʌ.jo],[mot̚.al.a.dɯl.ʌt̚.ʌ.jo]
받았어 이,20,[pat̚.at̚.ʌ.i],[bat̚.at̚.ʌ.i]
난 이쪽으로,20,[nan.i.tʃ͈ok̚.ɯ.ɾo],[nan.i.tʃ͈ok̚.ɯ.ɾo]
You gave,20,,
흑인 남자가,20,[hɯk̚.in.nan.tʃa.ka],[hɯk̚.in.nan.tʃa.ga]
일 때문에 내가,20,[il.t͈ɛ.mun.e.nɛ.ka],[il.t͈ɛ.mun.e.nɛ.ga]
보고 있나요,20,[po.ko.it̚.na.jo],[bo.go.it̚.na.jo]
그것을 사용할 수 있다,20,[kɯ.kʌt̚.ɯl.sa.joŋ.hal.su.it̚.ta],[gɯ.gʌt̚.ɯl.sa.joŋ.hal.su.it̚.ta]
거 우리가,20,[kʌ.u.ɾi.ka],[gʌ.u.ɾi.ga]
아직은요 하지만,20,[a.tʃik̚.ɯn.jo.ha.tʃi.man],[a.dʒik̚.ɯn.jo.ha.dʒi.man]
일 말인데요,20,[il.mal.in.te.jo],[il.mal.in.te.jo]
일 밖에,20,[il.pak̚.e],[il.bak̚.e]
뭐라고 안 해,20,[mwʌ.ɾa.ko.an.hɛ],[mwʌ.ɾa.go.an.hɛ]
안 그랬으면 좋겠어,20,[aŋ.kɯ.ɾɛt̚.ɯ.mjʌn.tʃot̚.ket̚.ʌ],[an.gɯ.ɾɛt̚.ɯ.mjʌn.dʒot̚.ket̚.ʌ]
빨리 보여주고,20,[p͈al.ɾi.po.jʌ.tʃu.ko],[p͈al.ɾi.bo.jʌ.dʒu.go]
하지만 사실을,20,[ha.tʃi.man.sa.sil.ɯl],[ha.dʒi.man.sa.sil.ɯl]
기억날 거야,20,[ki.ʌk̚.nal.kʌ.ja],[gi.ʌk̚.nal.gʌ.ja]
마디 한 마디,20,[ma.ti.han.ma.ti],[ma.di.han.ma.di]
일 없나요,20,[il.ʌp̚.na.jo],[il.ʌp̚.na.jo]
기억도 잘,20,[ki.ʌk̚.to.tʃal],[gi.ʌk̚.to.dʒal]
My friend,20,,
a certain,20,,
검토할 수,20,[kʌn.tʰo.hal.su],[gʌn.tʰo.hal.su]
my dad''s,20,,
이 상태에서,20,[i.saŋ.tʰɛ.e.sʌ],[i.saŋ.tʰɛ.e.sʌ]
아참 오,20,[a.tʃʰam.o],[a.tʃʰam.o]
이탈리아식으로 해주십시요,20,[i.tʰal.ɾi.a.sik̚.ɯ.ɾo.hɛ.tʃu.sip̚.si.jo],[i.tʰal.ɾi.a.sik̚.ɯ.ɾo.hɛ.dʒu.sip̚.si.jo]
일 있으신가요,20,[il.it̚.ɯ.siŋ.ka.jo],[il.it̚.ɯ.siŋ.ka.jo]
질환 범죄자 수감 병동,20,[tʃil.hwam.pʌn.tʃwe.tʃa.su.kam.pjʌŋ.toŋ],[dʒil.hwan.bʌn.tʃwe.dʒa.su.gam.bjʌŋ.doŋ]
남자들 말이야,20,[nan.tʃa.tɯl.mal.i.ja],[nan.tʃa.dɯl.mal.i.ja]
게임 소리가 흘러나온다,20,[ke.im.so.ɾi.ka.hɯl.ɾʌ.na.on.ta],[ge.im.so.ɾi.ga.hɯl.ɾʌ.na.on.ta]
맞다 난,20,[mat̚.ta.nan],[mat̚.ta.nan]
벗어날수있는 유일한,20,[pʌt̚.ʌ.nal.su.it̚.nɯn.ju.il.han],[bʌt̚.ʌ.nal.su.it̚.nɯn.ju.il.han]
저기 잠깐,20,[tʃʌ.ki.tʃam.k͈an],[dʒʌ.gi.dʒam.k͈an]
거다 지금,20,[kʌ.ta.tʃi.kɯm],[gʌ.da.dʒi.gɯm]
싸울 순 없어,20,[s͈a.ul.sun.ʌp̚.ʌ],[s͈a.ul.sun.ʌp̚.ʌ]
검사 측에서,20,[kʌm.sa.tʃʰɯk̚.e.sʌ],[gʌm.sa.tʃʰɯk̚.e.sʌ]
좋은 일들이,20,[tʃot̚.ɯn.il.tɯl.i],[dʒot̚.ɯn.il.tɯl.i]
기다려주세요 경리부 입니다 무엇을,20,[ki.ta.ɾjʌ.tʃu.se.jo.kjʌŋ.ɾi.pu.ip̚.ni.ta.mu.ʌt̚.ɯl],[gi.da.ɾjʌ.dʒu.se.jo.gjʌŋ.ɾi.bu.ip̚.ni.da.mu.ʌt̚.ɯl]
랭던 씨,20,[ɾɛŋ.tʌn.s͈i],[ɾɛŋ.dʌn.s͈i]
니 차례야,20,[ni.tʃʰa.ɾje.ja],[ni.tʃʰa.ɾje.ja]
짐은 다 실었나,20,[tʃim.ɯn.ta.sil.ʌt̚.na],[dʒim.ɯn.da.sil.ʌt̚.na]
수십 명,20,[su.sip̚.mjʌŋ],[su.sip̚.mjʌŋ]
기억을 지우는,20,[ki.ʌk̚.ɯl.tʃi.u.nɯn],[gi.ʌk̚.ɯl.dʒi.u.nɯn]
일단 나가자,20,[il.tan.na.ka.tʃa],[il.tan.na.ga.dʒa]
다른 사람들을 위해,20,[ta.ɾɯn.sa.ɾan.tɯl.ɯl.wi.hɛ],[da.ɾɯn.sa.ɾan.tɯl.ɯl.wi.hɛ]
일단 넌,20,[il.tan.nʌn],[il.tan.nʌn]
마음으로 부탁한다,20,[ma.ɯm.ɯ.ɾo.pu.tʰak̚.han.ta],[ma.ɯm.ɯ.ɾo.bu.tʰak̚.han.ta]
난 유명한 시트콤에 출연했지,20,[nan.ju.mjʌŋ.han.si.tʰɯ.kʰom.e.tʃʰul.jʌn.hɛt̚.tʃi],[nan.ju.mjʌŋ.han.si.tʰɯ.kʰom.e.tʃʰul.jʌn.hɛt̚.tʃi]
제 환자가,20,[tʃe.hwan.tʃa.ka],[dʒe.hwan.tʃa.ga]
내가 정말 원하는,20,[nɛ.ka.tʃʌŋ.mal.wʌn.ha.nɯn],[nɛ.ga.dʒʌŋ.mal.wʌn.ha.nɯn]
내가 제일 좋아하는 거야,20,[nɛ.ka.tʃe.il.tʃot̚.a.ha.nɯŋ.kʌ.ja],[nɛ.ga.dʒe.il.dʒot̚.a.ha.nɯn.gʌ.ja]
것도 참,20,[kʌt̚.to.tʃʰam],[gʌt̚.to.tʃʰam]
일단 여길,20,[il.tan.jʌ.kil],[il.tan.jʌ.gil]
그 숫자들은,20,[kɯ.sut̚.tʃa.tɯl.ɯn],[gɯ.sut̚.tʃa.dɯl.ɯn]
수십억 달러의,20,[su.sip̚.ʌk̚.tal.ɾʌ.ɯi],[su.sip̚.ʌk̚.dal.ɾʌ.ɯi]
호텔 내에서는 살인금지 그리고,20,[ho.tʰel.lɛ.e.sʌ.nɯn.sal.iŋ.kɯn.tʃi.kɯ.ɾi.ko],[ho.tʰel.lɛ.e.sʌ.nɯn.sal.iŋ.kɯn.tʃi.gɯ.ɾi.go]
전설이자 신화인 그,20,[tʃʌn.sʌl.i.tʃa.sin.hwa.iŋ.kɯ],[dʒʌn.sʌl.i.dʒa.sin.hwa.in.gɯ]
보고 있거든,20,[po.ko.it̚.kʌ.tɯn],[bo.go.it̚.kʌ.dɯn]
붙어 있으면,20,[put̚.ʌ.it̚.ɯ.mjʌn],[but̚.ʌ.it̚.ɯ.mjʌn]
어디도 가지,20,[ʌ.ti.to.ka.tʃi],[ʌ.di.do.ga.dʒi]
일도 아니잖아요,20,[il.to.a.ni.tʃan.a.jo],[il.to.a.ni.dʒan.a.jo]
괜찮아 또,20,[kwɛn.tʃʰan.a.t͈o],[gwɛn.tʃʰan.a.t͈o]
저기에 있다,20,[tʃʌ.ki.e.it̚.ta],[dʒʌ.gi.e.it̚.ta]
칼날이 대동맥을 막고있다 빼내려고,20,[kʰal.lal.i.tɛ.toŋ.mɛk̚.ɯl.mak̚.ko.it̚.ta.p͈ɛ.nɛ.ɾjʌ.ko],[kʰal.lal.i.dɛ.doŋ.mɛk̚.ɯl.mak̚.ko.it̚.ta.p͈ɛ.nɛ.ɾjʌ.go]
기다린 게,20,[ki.ta.ɾiŋ.ke],[gi.da.ɾin.ge]
로마에 있어 유적 안으로,20,[ɾo.ma.e.it̚.ʌ.ju.tʃʌk̚.an.ɯ.ɾo],[ɾo.ma.e.it̚.ʌ.ju.dʒʌk̚.an.ɯ.ɾo]
일도 안 하고,20,[il.to.an.ha.ko],[il.to.an.ha.go]
다시 봐서 반가워,20,[ta.si.pwa.sʌ.paŋ.ka.wʌ],[da.si.bwa.sʌ.baŋ.ka.wʌ]
일도 없을 거예요,20,[il.to.ʌp̚.ɯl.kʌ.je.jo],[il.to.ʌp̚.ɯl.gʌ.je.jo]
처음 들어봐,20,[tʃʰʌ.ɯn.tɯl.ʌ.pwa],[tʃʰʌ.ɯm.dɯl.ʌ.bwa]
내가 생각하는 그,20,[nɛ.ka.sɛŋ.kak̚.ha.nɯŋ.kɯ],[nɛ.ga.sɛŋ.gak̚.ha.nɯn.gɯ]
전설이자 신화인 그 남자,20,[tʃʌn.sʌl.i.tʃa.sin.hwa.iŋ.kɯ.nan.tʃa],[dʒʌn.sʌl.i.dʒa.sin.hwa.in.gɯ.nan.tʃa]
기억이 안 난다고,20,[ki.ʌk̚.i.an.nan.ta.ko],[gi.ʌk̚.i.an.nan.ta.go]
a Time Lord,20,,
괜찮아 보였어요,20,[kwɛn.tʃʰan.a.po.jʌt̚.ʌ.jo],[gwɛn.tʃʰan.a.bo.jʌt̚.ʌ.jo]
대니 월드론이,20,[tɛ.ni.wʌl.tɯ.ɾon.i],[dɛ.ni.wʌl.tɯ.ɾon.i]
괜찮아 빨리,20,[kwɛn.tʃʰan.a.p͈al.ɾi],[gwɛn.tʃʰan.a.p͈al.ɾi]
내가 지금 좀,20,[nɛ.ka.tʃi.kɯn.tʃom],[nɛ.ga.dʒi.gɯm.dʒom]
괜찮아 아,20,[kwɛn.tʃʰan.a.a],[gwɛn.tʃʰan.a.a]
다시는 네,20,[ta.si.nɯn.ne],[da.si.nɯn.ne]
방 하나 주세요 조나단,20,[paŋ.ha.na.tʃu.se.jo.tʃo.na.tan],[baŋ.ha.na.dʒu.se.jo.dʒo.na.dan]
내가 지켜볼거다,20,[nɛ.ka.tʃi.kʰjʌ.pol.kʌ.ta],[nɛ.ga.dʒi.kʰjʌ.bol.kʌ.da]
부는 사나이''의,20,[pu.nɯn.sa.na.i.ɯi],[bu.nɯn.sa.na.i.ɯi]
다시 절,20,[ta.si.tʃʌl],[da.si.dʒʌl]
어디로 가는 건지,20,[ʌ.ti.ɾo.ka.nɯŋ.kʌn.tʃi],[ʌ.di.ɾo.ga.nɯn.gʌn.tʃi]
카메라에 대고,20,[kʰa.me.ɾa.e.tɛ.ko],[kʰa.me.ɾa.e.dɛ.go]
뭐로 할까,20,[mwʌ.ɾo.hal.k͈a],[mwʌ.ɾo.hal.k͈a]
블레이크 필더,20,[pɯl.ɾe.i.kʰɯ.pʰil.tʌ],[bɯl.ɾe.i.kʰɯ.pʰil.tʌ]
안 도와,20,[an.to.wa],[an.do.wa]
카모라가 너에게,20,[kʰa.mo.ɾa.ka.nʌ.e.ke],[kʰa.mo.ɾa.ga.nʌ.e.ge]
내가 진짜로 궁금한건 말이야,20,[nɛ.ka.tʃin.tʃ͈a.ɾo.kuŋ.kɯm.haŋ.kʌn.mal.i.ja],[nɛ.ga.dʒin.tʃ͈a.ɾo.guŋ.gɯm.haŋ.kʌn.mal.i.ja]
일만 해,20,[il.man.hɛ],[il.man.hɛ]
이해가 안 됐어,20,[i.hɛ.ka.an.twɛt̚.ʌ],[i.hɛ.ga.an.dwɛt̚.ʌ]
다시 이세계에 들이게했지,20,[ta.si.i.se.kje.e.tɯl.i.ke.hɛt̚.tʃi],[da.si.i.se.gje.e.dɯl.i.ge.hɛt̚.tʃi]
저녁 만들어,20,[tʃʌ.njʌk̚.man.tɯl.ʌ],[dʒʌ.njʌk̚.man.tɯl.ʌ]
빨리 하세요,20,[p͈al.ɾi.ha.se.jo],[p͈al.ɾi.ha.se.jo]
우리 둘을 위해,20,[u.ɾi.tul.ɯl.wi.hɛ],[u.ɾi.dul.ɯl.wi.hɛ]
내려가는 건,20,[nɛ.ɾjʌ.ka.nɯŋ.kʌn],[nɛ.ɾjʌ.ga.nɯn.gʌn]
비디오를 보고,20,[pi.ti.o.ɾɯl.po.ko],[bi.di.o.ɾɯl.bo.go]
괜찮아 잠깐만,20,[kwɛn.tʃʰan.a.tʃam.k͈an.man],[gwɛn.tʃʰan.a.dʒam.k͈an.man]
나에게 선택권도 주었지 총을,20,[na.e.ke.sʌn.tʰɛk̚.kwʌn.to.tʃu.ʌt̚.tʃi.tʃʰoŋ.ɯl],[na.e.ge.sʌn.tʰɛk̚.kwʌn.to.dʒu.ʌt̚.tʃi.tʃʰoŋ.ɯl]
집념과 헌신의,20,[tʃip̚.njʌm.kwa.hʌn.sin.ɯi],[dʒip̚.njʌm.kwa.hʌn.sin.ɯi]
마음이 아프네요,20,[ma.ɯm.i.a.pʰɯ.ne.jo],[ma.ɯm.i.a.pʰɯ.ne.jo]
없다 오,20,[ʌp̚.ta.o],[ʌp̚.ta.o]
내려가면 안전한 통로가,20,[nɛ.ɾjʌ.ka.mjʌn.an.tʃʌn.han.tʰoŋ.ɾo.ka],[nɛ.ɾjʌ.ga.mjʌn.an.tʃʌn.han.tʰoŋ.ɾo.ga]
집도 타버렸지 가진거라곤,20,[tʃip̚.to.tʰa.pʌ.ɾjʌt̚.tʃi.ka.tʃiŋ.kʌ.ɾa.kon],[dʒip̚.to.tʰa.bʌ.ɾjʌt̚.tʃi.ga.dʒiŋ.kʌ.ɾa.gon]
그냥 안된다고만,20,[kɯ.njaŋ.an.twen.ta.ko.man],[gɯ.njaŋ.an.twen.ta.go.man]
못 찾았나요,20,[mot̚.tʃʰat̚.at̚.na.jo],[mot̚.tʃʰat̚.at̚.na.jo]
내려가면 안전한,20,[nɛ.ɾjʌ.ka.mjʌn.an.tʃʌn.han],[nɛ.ɾjʌ.ga.mjʌn.an.tʃʌn.han]
비밀로 할게,20,[pi.mil.ɾo.hal.ke],[bi.mil.ɾo.hal.ke]
저녁 식사 전에,20,[tʃʌ.njʌk̚.sik̚.sa.tʃʌn.e],[dʒʌ.njʌk̚.sik̚.sa.dʒʌn.e]
호텔은 그런,20,[ho.tʰel.ɯŋ.kɯ.ɾʌn],[ho.tʰel.ɯn.gɯ.ɾʌn]
호텔은 그런 서비스는 제공하지,20,[ho.tʰel.ɯŋ.kɯ.ɾʌn.sʌ.pi.sɯ.nɯn.tʃe.koŋ.ha.tʃi],[ho.tʰel.ɯn.gɯ.ɾʌn.sʌ.bi.sɯ.nɯn.dʒe.goŋ.ha.dʒi]
괜찮아요 괜찮을 거예요,20,[kwɛn.tʃʰan.a.jo.kwɛn.tʃʰan.ɯl.kʌ.je.jo],[gwɛn.tʃʰan.a.jo.gwɛn.tʃʰan.ɯl.gʌ.je.jo]
죽을 겁니다 끝내주시겠습니까,20,[tʃuk̚.ɯl.kʌp̚.ni.ta.k͈ɯt̚.nɛ.tʃu.si.ket̚.sɯp̚.ni.k͈a],[dʒuk̚.ɯl.gʌp̚.ni.da.k͈ɯt̚.nɛ.dʒu.si.get̚.sɯp̚.ni.k͈a]
나가주세요 파티 즐겁게,20,[na.ka.tʃu.se.jo.pʰa.tʰi.tʃɯl.kʌp̚.ke],[na.ga.dʒu.se.jo.pʰa.tʰi.dʒɯl.kʌp̚.ke]
일어나 일어나라고,20,[il.ʌ.na.il.ʌ.na.ɾa.ko],[il.ʌ.na.il.ʌ.na.ɾa.go]
경찰이 뭘,20,[kjʌŋ.tʃʰal.i.mwʌl],[gjʌŋ.tʃʰal.i.mwʌl]
난 이곳이,20,[nan.i.kot̚.i],[nan.i.got̚.i]
When he,20,,
비숍 씨,20,[pi.sjop̚.s͈i],[bi.sjop̚.s͈i]
하지만 옳은,20,[ha.tʃi.man.ol.ɯn],[ha.dʒi.man.ol.ɯn]
이해를 못하겠어요,20,[i.hɛ.ɾɯl.mot̚.ha.ket̚.ʌ.jo],[i.hɛ.ɾɯl.mot̚.ha.get̚.ʌ.jo]
마이크 드린젠버그가,20,[ma.i.kʰɯ.tɯ.ɾin.tʃem.pʌ.kɯ.ka],[ma.i.kʰɯ.dɯ.ɾin.tʃem.pʌ.gɯ.ga]
내가 하겠네,20,[nɛ.ka.ha.ket̚.ne],[nɛ.ga.ha.get̚.ne]
내가 하고 싶었던,20,[nɛ.ka.ha.ko.sip̚.ʌt̚.tʌn],[nɛ.ga.ha.go.sip̚.ʌt̚.tʌn]
기억해 넌,20,[ki.ʌk̚.hɛ.nʌn],[gi.ʌk̚.hɛ.nʌn]
이해를 못했군 표식은 끝났어,20,[i.hɛ.ɾɯl.mot̚.hɛt̚.kum.pʰjo.sik̚.ɯŋ.k͈ɯt̚.nat̚.ʌ],[i.hɛ.ɾɯl.mot̚.hɛt̚.kum.pʰjo.sik̚.ɯŋ.k͈ɯt̚.nat̚.ʌ]
비야 형사입니다,20,[pi.ja.hjʌŋ.sa.ip̚.ni.ta],[bi.ja.hjʌŋ.sa.ip̚.ni.da]
일은 내게,20,[il.ɯn.nɛ.ke],[il.ɯn.nɛ.ge]
매우 나쁜,20,[mɛ.u.na.p͈ɯn],[mɛ.u.na.p͈ɯn]
후드티를 입고,20,[hu.tɯ.tʰi.ɾɯl.ip̚.ko],[hu.dɯ.tʰi.ɾɯl.ip̚.ko]
빼내 줄,20,[p͈ɛ.nɛ.tʃul],[p͈ɛ.nɛ.dʒul]
일을 말하는,20,[il.ɯl.mal.ha.nɯn],[il.ɯl.mal.ha.nɯn]
별거 아니었어요,20,[pjʌl.kʌ.a.ni.ʌt̚.ʌ.jo],[bjʌl.kʌ.a.ni.ʌt̚.ʌ.jo]
괜찮아요 신경,20,[kwɛn.tʃʰan.a.jo.siŋ.kjʌŋ],[gwɛn.tʃʰan.a.jo.siŋ.kjʌŋ]
세계에 있는 모두에게,20,[se.kje.e.it̚.nɯn.mo.tu.e.ke],[se.gje.e.it̚.nɯn.mo.du.e.ge]
죽을 때에,20,[tʃuk̚.ɯl.t͈ɛ.e],[dʒuk̚.ɯl.t͈ɛ.e]
바쁠 것,20,[pa.p͈ɯl.kʌt̚],[ba.p͈ɯl.gʌt̚]
기억해둬 그날밤 그,20,[ki.ʌk̚.hɛ.twʌ.kɯ.nal.pam.kɯ],[gi.ʌk̚.hɛ.dwʌ.gɯ.nal.pam.gɯ]
기억해둬 그날밤,20,[ki.ʌk̚.hɛ.twʌ.kɯ.nal.pam],[gi.ʌk̚.hɛ.dwʌ.gɯ.nal.pam]
행운은 용감한자가 만드는것이다,20,[hɛŋ.un.ɯn.joŋ.kam.han.tʃa.ka.man.tɯ.nɯŋ.kʌt̚.i.ta],[hɛŋ.un.ɯn.joŋ.gam.han.tʃa.ga.man.tɯ.nɯŋ.kʌt̚.i.da]
일어나지 않을 거에요,20,[il.ʌ.na.tʃi.an.ɯl.kʌ.e.jo],[il.ʌ.na.dʒi.an.ɯl.gʌ.e.jo]
괜찮아요 어디,20,[kwɛn.tʃʰan.a.jo.ʌ.ti],[gwɛn.tʃʰan.a.jo.ʌ.di]
모든 데이터,20,[mo.tɯn.te.i.tʰʌ],[mo.dɯn.de.i.tʰʌ]
내가 한 일에 대해,20,[nɛ.ka.han.il.e.tɛ.hɛ],[nɛ.ga.han.il.e.dɛ.hɛ]
그때 어떤,20,[kɯ.t͈ɛ.ʌ.t͈ʌn],[gɯ.t͈ɛ.ʌ.t͈ʌn]
무슨 대화를,20,[mu.sɯn.tɛ.hwa.ɾɯl],[mu.sɯn.dɛ.hwa.ɾɯl]
비행기 못,20,[pi.hɛŋ.ki.mot̚],[bi.hɛŋ.gi.mot̚]
There it,20,,
괜찮아요 자,20,[kwɛn.tʃʰan.a.jo.tʃa],[gwɛn.tʃʰan.a.jo.dʒa]
나도 반갑다,20,[na.to.paŋ.kap̚.ta],[na.do.baŋ.kap̚.ta]
운좋은거야 대체 무슨,20,[un.tʃot̚.ɯŋ.kʌ.ja.tɛ.tʃʰe.mu.sɯn],[un.tʃot̚.ɯŋ.kʌ.ja.dɛ.tʃʰe.mu.sɯn]
운좋은거야 대체,20,[un.tʃot̚.ɯŋ.kʌ.ja.tɛ.tʃʰe],[un.tʃot̚.ɯŋ.kʌ.ja.dɛ.tʃʰe]
should we,20,,
빼앗는 게,20,[p͈ɛ.at̚.nɯŋ.ke],[p͈ɛ.at̚.nɯn.ge]
빅 죠스,20,[pik̚.tʃjo.sɯ],[bik̚.dʒjo.sɯ]
운좋은거야 대체 무슨 생각으로,20,[un.tʃot̚.ɯŋ.kʌ.ja.tɛ.tʃʰe.mu.sɯn.sɛŋ.kak̚.ɯ.ɾo],[un.tʃot̚.ɯŋ.kʌ.ja.dɛ.tʃʰe.mu.sɯn.sɛŋ.gak̚.ɯ.ɾo]
갈 줄 알아,20,[kal.tʃul.al.a],[gal.dʒul.al.a]
이 남자 본 적,20,[i.nan.tʃa.pon.tʃʌk̚],[i.nan.tʃa.bon.dʒʌk̚]
마인드 조 맨테그나,20,[ma.in.tɯ.tʃo.mɛn.tʰe.kɯ.na],[ma.in.tɯ.dʒo.mɛn.tʰe.gɯ.na]
아예 없는,20,[a.je.ʌp̚.nɯn],[a.je.ʌp̚.nɯn]
그러나 전,20,[kɯ.ɾʌ.na.tʃʌn],[gɯ.ɾʌ.na.dʒʌn]
그녀는 에,20,[kɯ.njʌ.nɯn.e],[gɯ.njʌ.nɯn.e]
일을 바꿀,20,[il.ɯl.pa.k͈ul],[il.ɯl.ba.k͈ul]
빌 거야,20,[pil.kʌ.ja],[bil.gʌ.ja]
가족이 널,20,[ka.tʃok̚.i.nʌl],[ga.dʒok̚.i.nʌl]
show it,20,,
칼리 카르텔이,20,[kʰal.ɾi.kʰa.ɾɯ.tʰel.i],[kʰal.ɾi.kʰa.ɾɯ.tʰel.i]
빌리 디,20,[pil.ɾi.ti],[bil.ɾi.di]
마 돈,20,[ma.ton],[ma.don]
존재가 아니야,20,[tʃon.tʃɛ.ka.a.ni.ja],[dʒon.tʃɛ.ga.a.ni.ja]
이해한다 하지만,20,[i.hɛ.han.ta.ha.tʃi.man],[i.hɛ.han.ta.ha.dʒi.man]
경찰이 아닙니다,20,[kjʌŋ.tʃʰal.i.a.nip̚.ni.ta],[gjʌŋ.tʃʰal.i.a.nip̚.ni.da]
아이 둘,20,[a.i.tul],[a.i.dul]
아이를 볼,20,[a.i.ɾɯl.pol],[a.i.ɾɯl.bol]
정도 돈이면,20,[tʃʌŋ.to.ton.i.mjʌn],[dʒʌŋ.do.don.i.mjʌn]
안 돼요 이렇게,20,[an.twɛ.jo.i.ɾʌt̚.ke],[an.dwɛ.jo.i.ɾʌt̚.ke]
빚을 졌습니다 전 그걸,20,[pit̚.ɯl.tʃjʌt̚.sɯp̚.ni.ta.tʃʌŋ.kɯ.kʌl],[bit̚.ɯl.dʒjʌt̚.sɯp̚.ni.da.dʒʌn.gɯ.gʌl]
경찰에 신고를,20,[kjʌŋ.tʃʰal.e.siŋ.ko.ɾɯl],[gjʌŋ.tʃʰal.e.siŋ.ko.ɾɯl]
걸세 그,20,[kʌl.se.kɯ],[gʌl.se.gɯ]
내방식대로 내 삶을,20,[nɛ.paŋ.sik̚.tɛ.ɾo.nɛ.sam.ɯl],[nɛ.baŋ.sik̚.tɛ.ɾo.nɛ.sam.ɯl]
오세요 어서,20,[o.se.jo.ʌ.sʌ],[o.se.jo.ʌ.sʌ]
빚진거야 나한테 빚을,20,[pit̚.tʃiŋ.kʌ.ja.na.han.tʰe.pit̚.ɯl],[bit̚.tʃiŋ.kʌ.ja.na.han.tʰe.bit̚.ɯl]
빚진거야 나한테 빚을 되돌려,20,[pit̚.tʃiŋ.kʌ.ja.na.han.tʰe.pit̚.ɯl.twe.tol.ɾjʌ],[bit̚.tʃiŋ.kʌ.ja.na.han.tʰe.bit̚.ɯl.dwe.dol.ɾjʌ]
일에 휘말린,20,[il.e.hwi.mal.ɾin],[il.e.hwi.mal.ɾin]
내게 남긴,20,[nɛ.ke.nam.kin],[nɛ.ge.nam.kin]
바에 가서 한잔들 하시는게,20,[pa.e.ka.sʌ.han.tʃan.tɯl.ha.si.nɯŋ.ke],[ba.e.ga.sʌ.han.tʃan.tɯl.ha.si.nɯŋ.ke]
빛나시며 아버지의,20,[pit̚.na.si.mjʌ.a.pʌ.tʃi.ɯi],[bit̚.na.si.mjʌ.a.bʌ.dʒi.ɯi]
shutter clicks,20,,
나 더 이상,20,[na.tʌ.i.saŋ],[na.dʌ.i.saŋ]
집에 내,20,[tʃip̚.e.nɛ],[dʒip̚.e.nɛ]
저는 그들이,20,[tʃʌ.nɯŋ.kɯ.tɯl.i],[dʒʌ.nɯn.gɯ.dɯl.i]
도대체 언제부터,20,[to.tɛ.tʃʰe.ʌn.tʃe.pu.tʰʌ],[do.dɛ.tʃʰe.ʌn.tʃe.bu.tʰʌ]
일원을 죽이면 문제가,20,[il.wʌn.ɯl.tʃuk̚.i.mjʌn.mun.tʃe.ka],[il.wʌn.ɯl.dʒuk̚.i.mjʌn.mun.tʃe.ga]
빠뜨린 거야,20,[p͈a.t͈ɯ.ɾiŋ.kʌ.ja],[p͈a.t͈ɯ.ɾin.gʌ.ja]
재질에 세라믹,20,[tʃɛ.tʃil.e.se.ɾa.mik̚],[dʒɛ.dʒil.e.se.ɾa.mik̚]
재질에 세라믹 방탄판입니다 최첨단,20,[tʃɛ.tʃil.e.se.ɾa.mik̚.paŋ.tʰam.pʰan.ip̚.ni.ta.tʃʰwe.tʃʰʌn.tan],[dʒɛ.dʒil.e.se.ɾa.mik̚.baŋ.tʰam.pʰan.ip̚.ni.da.tʃʰwe.tʃʰʌn.tan]
기자들 앞에서,20,[ki.tʃa.tɯl.ap̚.e.sʌ],[gi.dʒa.dɯl.ap̚.e.sʌ]
정보통에 따르면,20,[tʃʌm.po.tʰoŋ.e.t͈a.ɾɯ.mjʌn],[dʒʌŋ.bo.tʰoŋ.e.t͈a.ɾɯ.mjʌn]
죄송합니다 제가 망쳤어요 주문,20,[tʃwe.soŋ.hap̚.ni.ta.tʃe.ka.maŋ.tʃʰjʌt̚.ʌ.jo.tʃu.mun],[dʒwe.soŋ.hap̚.ni.da.dʒe.ga.maŋ.tʃʰjʌt̚.ʌ.jo.dʒu.mun]
빠져 있었어요,20,[p͈a.tʃjʌ.it̚.ʌt̚.ʌ.jo],[p͈a.dʒjʌ.it̚.ʌt̚.ʌ.jo]
애 말이,20,[ɛ.mal.i],[ɛ.mal.i]
뭔 일 있었어,20,[mwʌn.il.it̚.ʌt̚.ʌ],[mwʌn.il.it̚.ʌt̚.ʌ]
내게 알려,20,[nɛ.ke.al.ɾjʌ],[nɛ.ge.al.ɾjʌ]
이번역은 브로드 가 입니다,20,[i.pʌn.jʌk̚.ɯm.pɯ.ɾo.tɯ.ka.ip̚.ni.ta],[i.bʌn.jʌk̚.ɯn.bɯ.ɾo.dɯ.ga.ip̚.ni.da]
빠지는 거야,20,[p͈a.tʃi.nɯŋ.kʌ.ja],[p͈a.dʒi.nɯn.gʌ.ja]
저는 두,20,[tʃʌ.nɯn.tu],[dʒʌ.nɯn.du]
아이가 어떻게,20,[a.i.ka.ʌ.t͈ʌt̚.ke],[a.i.ga.ʌ.t͈ʌt̚.ke]
빠질 수 없죠,20,[p͈a.tʃil.su.ʌp̚.tʃjo],[p͈a.dʒil.su.ʌp̚.tʃjo]
빨간 머리가,20,[p͈al.kan.mʌ.ɾi.ka],[p͈al.kan.mʌ.ɾi.ga]
빨간 머리에,20,[p͈al.kan.mʌ.ɾi.e],[p͈al.kan.mʌ.ɾi.e]
일은 뭐든지,20,[il.ɯn.mwʌ.tɯn.tʃi],[il.ɯn.mwʌ.dɯn.tʃi]
이해해 내,20,[i.hɛ.hɛ.nɛ],[i.hɛ.hɛ.nɛ]
대답만 하면,20,[tɛ.tap̚.man.ha.mjʌn],[dɛ.dap̚.man.ha.mjʌn]
here today,20,,
못 할 거요,20,[mot̚.hal.kʌ.jo],[mot̚.hal.gʌ.jo]
대담한 놈으로요 그렇다면,20,[tɛ.tam.han.nom.ɯ.ɾo.jo.kɯ.ɾʌt̚.ta.mjʌn],[dɛ.dam.han.nom.ɯ.ɾo.jo.gɯ.ɾʌt̚.ta.mjʌn]
괜찮을 것 같네요,20,[kwɛn.tʃʰan.ɯl.kʌt̚.kat̚.ne.jo],[gwɛn.tʃʰan.ɯl.gʌt̚.gat̚.ne.jo]
바우어리 킹,20,[pa.u.ʌ.ɾi.kʰiŋ],[ba.u.ʌ.ɾi.kʰiŋ]
내린 건,20,[nɛ.ɾiŋ.kʌn],[nɛ.ɾin.gʌn]
또 너야,20,[t͈o.nʌ.ja],[t͈o.nʌ.ja]
같다 나는,20,[kat̚.ta.na.nɯn],[gat̚.ta.na.nɯn]
빨리 나가고,20,[p͈al.ɾi.na.ka.ko],[p͈al.ɾi.na.ga.go]
있어 서둘러,20,[it̚.ʌ.sʌ.tul.ɾʌ],[it̚.ʌ.sʌ.dul.ɾʌ]
기다리고 계십니다 금방 가도록,20,[ki.ta.ɾi.ko.kje.sip̚.ni.ta.kɯm.paŋ.ka.to.ɾok̚],[gi.da.ɾi.go.gje.sip̚.ni.da.gɯm.paŋ.ga.do.ɾok̚]
마지막 질문입니다,20,[ma.tʃi.mak̚.tʃil.mun.ip̚.ni.ta],[ma.dʒi.mak̚.dʒil.mun.ip̚.ni.da]
일은 없으니까,20,[il.ɯn.ʌp̚.ɯ.ni.k͈a],[il.ɯn.ʌp̚.ɯ.ni.k͈a]
빨리 병원으로,20,[p͈al.ɾi.pjʌŋ.wʌn.ɯ.ɾo],[p͈al.ɾi.bjʌŋ.wʌn.ɯ.ɾo]
장담하는데 니가 들은,20,[tʃaŋ.tam.ha.nɯn.te.ni.ka.tɯl.ɯn],[dʒaŋ.dam.ha.nɯn.te.ni.ga.dɯl.ɯn]
년 동안 날,20,[njʌn.toŋ.an.nal],[njʌn.doŋ.an.nal]
분이 안,20,[pun.i.an],[bun.i.an]
난 잃을 게,20,[nan.il.ɯl.ke],[nan.il.ɯl.ge]
빨리 올라가,20,[p͈al.ɾi.ol.ɾa.ka],[p͈al.ɾi.ol.ɾa.ga]
이해해 줘서 고마워,20,[i.hɛ.hɛ.tʃwʌ.sʌ.ko.ma.wʌ],[i.hɛ.hɛ.dʒwʌ.sʌ.go.ma.wʌ]
않았습니다 그냥,20,[an.at̚.sɯp̚.ni.ta.kɯ.njaŋ],[an.at̚.sɯp̚.ni.da.gɯ.njaŋ]
내덕이지 어느정도 내 지분이,20,[nɛ.tʌk̚.i.tʃi.ʌ.nɯ.tʃʌŋ.to.nɛ.tʃi.pun.i],[nɛ.dʌk̚.i.dʒi.ʌ.nɯ.dʒʌŋ.do.nɛ.dʒi.bun.i]
마지막으로 로마에,20,[ma.tʃi.mak̚.ɯ.ɾo.ɾo.ma.e],[ma.dʒi.mak̚.ɯ.ɾo.ɾo.ma.e]
일을 겪었잖아요,20,[il.ɯl.kjʌk̚.ʌt̚.tʃan.a.jo],[il.ɯl.gjʌk̚.ʌt̚.tʃan.a.jo]
마지막으로 보신,20,[ma.tʃi.mak̚.ɯ.ɾo.po.sin],[ma.dʒi.mak̚.ɯ.ɾo.bo.sin]
기도나 해,20,[ki.to.na.hɛ],[gi.do.na.hɛ]
하지 않으셨어요,20,[ha.tʃi.an.ɯ.sjʌt̚.ʌ.jo],[ha.dʒi.an.ɯ.sjʌt̚.ʌ.jo]
다시 세울,20,[ta.si.se.ul],[da.si.se.ul]
아이돌 그룹,20,[a.i.tol.kɯ.ɾup̚],[a.i.dol.gɯ.ɾup̚]
반갑군 자네가 마지막으로,20,[paŋ.kap̚.kun.tʃa.ne.ka.ma.tʃi.mak̚.ɯ.ɾo],[baŋ.kap̚.kun.dʒa.ne.ga.ma.dʒi.mak̚.ɯ.ɾo]
빨리 하라고,20,[p͈al.ɾi.ha.ɾa.ko],[p͈al.ɾi.ha.ɾa.go]
일을 꾸미고 있는지,20,[il.ɯl.k͈u.mi.ko.it̚.nɯn.tʃi],[il.ɯl.k͈u.mi.go.it̚.nɯn.tʃi]
빼 봐,20,[p͈ɛ.pwa],[p͈ɛ.bwa]
이번이 마지막이다,20,[i.pʌn.i.ma.tʃi.mak̚.i.ta],[i.bʌn.i.ma.dʒi.mak̚.i.da]
일을 도울,20,[il.ɯl.to.ul],[il.ɯl.do.ul]
안 된다고 생각해,20,[an.twen.ta.ko.sɛŋ.kak̚.hɛ],[an.dwen.ta.go.sɛŋ.gak̚.hɛ]
거래를 했다고,20,[kʌ.ɾɛ.ɾɯl.hɛt̚.ta.ko],[gʌ.ɾɛ.ɾɯl.hɛt̚.ta.go]
몇 가지 질문을 하고,20,[mjʌt̚.ka.tʃi.tʃil.mun.ɯl.ha.ko],[mjʌt̚.ga.dʒi.dʒil.mun.ɯl.ha.go]
칼로 협박했기에 가져다 바친것이지요,20,[kʰal.ɾo.hjʌp̚.pak̚.hɛt̚.ki.e.ka.tʃjʌ.ta.pa.tʃʰiŋ.kʌt̚.i.tʃi.jo],[kʰal.ɾo.hjʌp̚.pak̚.hɛt̚.ki.e.ga.dʒjʌ.da.ba.tʃʰiŋ.kʌt̚.i.dʒi.jo]
girl is,20,,
빼내려고 한다면,20,[p͈ɛ.nɛ.ɾjʌ.ko.han.ta.mjʌn],[p͈ɛ.nɛ.ɾjʌ.go.han.ta.mjʌn]
주 전엔,20,[tʃu.tʃʌn.en],[dʒu.dʒʌn.en]
내 마누라는,20,[nɛ.ma.nu.ɾa.nɯn],[nɛ.ma.nu.ɾa.nɯn]
빼앗아 버렸습니다 그는,20,[p͈ɛ.at̚.a.pʌ.ɾjʌt̚.sɯp̚.ni.ta.kɯ.nɯn],[p͈ɛ.at̚.a.bʌ.ɾjʌt̚.sɯp̚.ni.da.gɯ.nɯn]
빼앗아 버렸습니다 그는 이미,20,[p͈ɛ.at̚.a.pʌ.ɾjʌt̚.sɯp̚.ni.ta.kɯ.nɯn.i.mi],[p͈ɛ.at̚.a.bʌ.ɾjʌt̚.sɯp̚.ni.da.gɯ.nɯn.i.mi]
움직여야되 그에게,20,[un.tʃik̚.jʌ.ja.twe.kɯ.e.ke],[un.tʃik̚.jʌ.ja.dwe.gɯ.e.ge]
차대는 다 휘어버렸고 구동축은,20,[tʃʰa.tɛ.nɯn.ta.hwi.ʌ.pʌ.ɾjʌt̚.ko.ku.toŋ.tʃʰuk̚.ɯn],[tʃʰa.dɛ.nɯn.da.hwi.ʌ.bʌ.ɾjʌt̚.ko.gu.doŋ.tʃʰuk̚.ɯn]
내려왔을 때,20,[nɛ.ɾjʌ.wat̚.ɯl.t͈ɛ],[nɛ.ɾjʌ.wat̚.ɯl.t͈ɛ]
집에가자 윅,20,[tʃip̚.e.ka.tʃa.wik̚],[dʒip̚.e.ga.dʒa.wik̚]
해줄게 내가,20,[hɛ.tʃul.ke.nɛ.ka],[hɛ.dʒul.ke.nɛ.ga]
주간에 한벌,20,[tʃu.kan.e.ham.pʌl],[dʒu.gan.e.ham.pʌl]
얼마나 멍청한지,20,[ʌl.ma.na.mʌŋ.tʃʰʌŋ.han.tʃi],[ʌl.ma.na.mʌŋ.tʃʰʌŋ.han.tʃi]
뻔히 알면서도,20,[p͈ʌn.hi.al.mjʌn.sʌ.to],[p͈ʌn.hi.al.mjʌn.sʌ.do]
아이들의 의아한 신음,20,[a.i.tɯl.ɯi.ɯi.a.han.sin.ɯm],[a.i.dɯl.ɯi.ɯi.a.han.sin.ɯm]
뿐이야 알았어,20,[p͈un.i.ja.al.at̚.ʌ],[p͈un.i.ja.al.at̚.ʌ]
집에 전화,20,[tʃip̚.e.tʃʌn.hwa],[dʒip̚.e.dʒʌn.hwa]
상관할 바 아니에요,20,[saŋ.kwan.hal.pa.a.ni.e.jo],[saŋ.gwan.hal.ba.a.ni.e.jo]
필요하기 때문에,20,[pʰil.jo.ha.ki.t͈ɛ.mun.e],[pʰil.jo.ha.gi.t͈ɛ.mun.e]
칼에 찔렸어,20,[kʰal.e.tʃ͈il.ɾjʌt̚.ʌ],[kʰal.e.tʃ͈il.ɾjʌt̚.ʌ]
하지만 내 자신을 여기서,20,[ha.tʃi.man.nɛ.tʃa.sin.ɯl.jʌ.ki.sʌ],[ha.dʒi.man.nɛ.dʒa.sin.ɯl.jʌ.gi.sʌ]
안 드는 게,20,[an.tɯ.nɯŋ.ke],[an.dɯ.nɯn.ge]
It can,20,,
마치 그런,20,[ma.tʃʰi.kɯ.ɾʌn],[ma.tʃʰi.gɯ.ɾʌn]
뿐만 아니라 국제,20,[p͈un.man.a.ni.ɾa.kuk̚.tʃe],[p͈un.man.a.ni.ɾa.guk̚.tʃe]
죽을걸세 표식의 주인을,20,[tʃuk̚.ɯl.kʌl.se.pʰjo.sik̚.ɯi.tʃu.in.ɯl],[dʒuk̚.ɯl.kʌl.se.pʰjo.sik̚.ɯi.dʒu.in.ɯl]
동부 경찰,20,[tom.pu.kjʌŋ.tʃʰal],[doŋ.bu.gjʌŋ.tʃʰal]
내방식대로 내,20,[nɛ.paŋ.sik̚.tɛ.ɾo.nɛ],[nɛ.baŋ.sik̚.tɛ.ɾo.nɛ]
처음 먹어,20,[tʃʰʌ.ɯm.mʌk̚.ʌ],[tʃʰʌ.ɯm.mʌk̚.ʌ]
so hard to,20,,
집에도 없고,20,[tʃip̚.e.to.ʌp̚.ko],[dʒip̚.e.do.ʌp̚.ko]
지켜 규칙없인,20,[tʃi.kʰjʌ.kju.tʃʰik̚.ʌp̚.in],[dʒi.kʰjʌ.gju.tʃʰik̚.ʌp̚.in]
젊은 창민,20,[tʃʌm.ɯn.tʃʰaŋ.min],[dʒʌm.ɯn.tʃʰaŋ.min]
겨우 세,20,[kjʌ.u.se],[gjʌ.u.se]
마치 어제,20,[ma.tʃʰi.ʌ.tʃe],[ma.tʃʰi.ʌ.dʒe]
뿐이지 그리고,20,[p͈un.i.tʃi.kɯ.ɾi.ko],[p͈un.i.dʒi.gɯ.ɾi.go]
없다는 거 알아요,20,[ʌp̚.ta.nɯŋ.kʌ.al.a.jo],[ʌp̚.ta.nɯn.gʌ.al.a.jo]
뿐이지 자네가 나를 복귀시켰지,20,[p͈un.i.tʃi.tʃa.ne.ka.na.ɾɯl.pok̚.kwi.si.kʰjʌt̚.tʃi],[p͈un.i.dʒi.dʒa.ne.ga.na.ɾɯl.bok̚.kwi.si.kʰjʌt̚.tʃi]
내 마약,20,[nɛ.ma.jak̚],[nɛ.ma.jak̚]
나도 알아 그,20,[na.to.al.a.kɯ],[na.do.al.a.gɯ]
기다리고 있겠습니다,20,[ki.ta.ɾi.ko.it̚.ket̚.sɯp̚.ni.ta],[gi.da.ɾi.go.it̚.ket̚.sɯp̚.ni.da]
백만달러씩이라고 가지,20,[pɛk̚.man.tal.ɾʌ.s͈ik̚.i.ɾa.ko.ka.tʃi],[bɛk̚.man.tal.ɾʌ.s͈ik̚.i.ɾa.go.ga.dʒi]
백만달러씩이라고 가지 지옥으로의 여정은,20,[pɛk̚.man.tal.ɾʌ.s͈ik̚.i.ɾa.ko.ka.tʃi.tʃi.ok̚.ɯ.ɾo.ɯi.jʌ.tʃʌŋ.ɯn],[bɛk̚.man.tal.ɾʌ.s͈ik̚.i.ɾa.go.ga.dʒi.dʒi.ok̚.ɯ.ɾo.ɯi.jʌ.dʒʌŋ.ɯn]
사 냥,20,[sa.njaŋ],[sa.njaŋ]
폭풍우가 오고있어 나뿐만이,20,[pʰok̚.pʰuŋ.u.ka.o.ko.it̚.ʌ.na.p͈un.man.i],[pʰok̚.pʰuŋ.u.ga.o.go.it̚.ʌ.na.p͈un.man.i]
그녀가 무슨 짓을,20,[kɯ.njʌ.ka.mu.sɯn.tʃit̚.ɯl],[gɯ.njʌ.ga.mu.sɯn.dʒit̚.ɯl]
이게 무슨 일이래,20,[i.ke.mu.sɯn.il.i.ɾɛ],[i.ge.mu.sɯn.il.i.ɾɛ]
사 줄까,20,[sa.tʃul.k͈a],[sa.dʒul.k͈a]
일을 하고 있죠,20,[il.ɯl.ha.ko.it̚.tʃjo],[il.ɯl.ha.go.it̚.tʃjo]
칼을 꼽으신겁니다,20,[kʰal.ɯl.k͈op̚.ɯ.siŋ.kʌp̚.ni.ta],[kʰal.ɯl.k͈op̚.ɯ.siŋ.kʌp̚.ni.da]
동생 그렇군,20,[toŋ.sɛŋ.kɯ.ɾʌt̚.kun],[doŋ.sɛŋ.gɯ.ɾʌt̚.kun]
모두 좀,20,[mo.tu.tʃom],[mo.du.dʒom]
동생 그렇군 선택권이,20,[toŋ.sɛŋ.kɯ.ɾʌt̚.kun.sʌn.tʰɛk̚.kwʌn.i],[doŋ.sɛŋ.gɯ.ɾʌt̚.kun.sʌn.tʰɛk̚.kwʌn.i]
여기가 제가,20,[jʌ.ki.ka.tʃe.ka],[jʌ.gi.ga.dʒe.ga]
난 언니하고,20,[nan.ʌn.ni.ha.ko],[nan.ʌn.ni.ha.go]
부르는 것이다,20,[pu.ɾɯ.nɯŋ.kʌt̚.i.ta],[bu.ɾɯ.nɯn.gʌt̚.i.da]
있는 곳입니다,20,[it̚.nɯŋ.kot̚.ip̚.ni.ta],[it̚.nɯn.got̚.ip̚.ni.da]
모든 이를,20,[mo.tɯn.i.ɾɯl],[mo.dɯn.i.ɾɯl]
움직이지 마십시오,20,[un.tʃik̚.i.tʃi.ma.sip̚.si.o],[un.tʃik̚.i.dʒi.ma.sip̚.si.o]
so it,20,,
했잖아 좋아,20,[hɛt̚.tʃan.a.tʃot̚.a],[hɛt̚.tʃan.a.dʒot̚.a]
내에서 살인을 저질렀지,20,[nɛ.e.sʌ.sal.in.ɯl.tʃʌ.tʃil.ɾʌt̚.tʃi],[nɛ.e.sʌ.sal.in.ɯl.dʒʌ.dʒil.ɾʌt̚.tʃi]
so nice,20,,
사건과 관련해서,20,[sa.kʌŋ.kwa.kwal.ljʌn.hɛ.sʌ],[sa.gʌŋ.kwa.gwal.ljʌn.hɛ.sʌ]
나온 건가,20,[na.oŋ.kʌŋ.ka],[na.on.gʌŋ.ka]
정확한게 필요합니다 강력하고,20,[tʃʌŋ.hwak̚.haŋ.ke.pʰil.jo.hap̚.ni.ta.kaŋ.ɾjʌk̚.ha.ko],[dʒʌŋ.hwak̚.haŋ.ke.pʰil.jo.hap̚.ni.da.gaŋ.ɾjʌk̚.ha.go]
뭔가 숨기고 있다는,20,[mwʌŋ.ka.sum.ki.ko.it̚.ta.nɯn],[mwʌŋ.ka.sum.ki.go.it̚.ta.nɯn]
하지만 존 윅은,20,[ha.tʃi.man.tʃon.wik̚.ɯn],[ha.dʒi.man.dʒon.wik̚.ɯn]
자아에 대한 깊은,20,[tʃa.a.e.tɛ.haŋ.kip̚.ɯn],[dʒa.a.e.dɛ.han.gip̚.ɯn]
뿜어져 나오는,20,[p͈um.ʌ.tʃjʌ.na.o.nɯn],[p͈um.ʌ.dʒjʌ.na.o.nɯn]
죽음도 내 방식대로,20,[tʃuk̚.ɯn.to.nɛ.paŋ.sik̚.tɛ.ɾo],[dʒuk̚.ɯn.to.nɛ.baŋ.sik̚.tɛ.ɾo]
폭풍우가 오고있어,20,[pʰok̚.pʰuŋ.u.ka.o.ko.it̚.ʌ],[pʰok̚.pʰuŋ.u.ga.o.go.it̚.ʌ]
맹세한 영혼의 구속이지,20,[mɛŋ.se.han.jʌŋ.hon.ɯi.ku.sok̚.i.tʃi],[mɛŋ.se.han.jʌŋ.hon.ɯi.gu.sok̚.i.dʒi]
반갑군 만나서 반갑다 와이프,20,[paŋ.kap̚.kun.man.na.sʌ.paŋ.kap̚.ta.wa.i.pʰɯ],[baŋ.kap̚.kun.man.na.sʌ.baŋ.kap̚.ta.wa.i.pʰɯ]
세 곳의,20,[se.kot̚.ɯi],[se.got̚.ɯi]
할거 같습니까,20,[hal.kʌ.kat̚.sɯp̚.ni.k͈a],[hal.kʌ.gat̚.sɯp̚.ni.k͈a]
진짜 엄마가,20,[tʃin.tʃ͈a.ʌm.ma.ka],[dʒin.tʃ͈a.ʌm.ma.ga]
뭔가 알아냈어요,20,[mwʌŋ.ka.al.a.nɛt̚.ʌ.jo],[mwʌŋ.ka.al.a.nɛt̚.ʌ.jo]
사 들고,20,[sa.tɯl.ko],[sa.dɯl.ko]
정확한게 필요합니다,20,[tʃʌŋ.hwak̚.haŋ.ke.pʰil.jo.hap̚.ni.ta],[dʒʌŋ.hwak̚.haŋ.ke.pʰil.jo.hap̚.ni.da]
그럼 당신과,20,[kɯ.ɾʌn.taŋ.siŋ.kwa],[gɯ.ɾʌm.daŋ.siŋ.kwa]
사고 쳐서,20,[sa.ko.tʃʰjʌ.sʌ],[sa.go.tʃʰjʌ.sʌ]
말 안 들을,20,[mal.an.tɯl.ɯl],[mal.an.dɯl.ɯl]
하지만 이것만은,20,[ha.tʃi.man.i.kʌt̚.man.ɯn],[ha.dʒi.man.i.gʌt̚.man.ɯn]
얘길 들어,20,[jɛ.kil.tɯl.ʌ],[jɛ.gil.dɯl.ʌ]
fell in,20,,
수장이야 항상 생각하지,20,[su.tʃaŋ.i.ja.haŋ.saŋ.sɛŋ.kak̚.ha.tʃi],[su.dʒaŋ.i.ja.haŋ.saŋ.sɛŋ.gak̚.ha.dʒi]
것도 신경,20,[kʌt̚.to.siŋ.kjʌŋ],[gʌt̚.to.siŋ.kjʌŋ]
사 주지,20,[sa.tʃu.tʃi],[sa.dʒu.dʒi]
사과 파이,20,[sa.kwa.pʰa.i],[sa.gwa.pʰa.i]
겨우 몇 달,20,[kjʌ.u.mjʌt̚.tal],[gjʌ.u.mjʌt̚.dal]
내일 큰,20,[nɛ.il.kʰɯn],[nɛ.il.kʰɯn]
우리는 어디에,20,[u.ɾi.nɯn.ʌ.ti.e],[u.ɾi.nɯn.ʌ.di.e]
혹시 이상한,20,[hok̚.si.i.saŋ.han],[hok̚.si.i.saŋ.han]
사과할 거 없어,20,[sa.kwa.hal.kʌ.ʌp̚.ʌ],[sa.gwa.hal.gʌ.ʌp̚.ʌ]
내생각엔 말이야 넌,20,[nɛ.sɛŋ.kak̚.en.mal.i.ja.nʌn],[nɛ.sɛŋ.gak̚.en.mal.i.ja.nʌn]
내생각엔 말이야 넌 이짓,20,[nɛ.sɛŋ.kak̚.en.mal.i.ja.nʌn.i.tʃit̚],[nɛ.sɛŋ.gak̚.en.mal.i.ja.nʌn.i.dʒit̚]
교황을 암살하러,20,[kjo.hwaŋ.ɯl.am.sal.ha.ɾʌ],[gjo.hwaŋ.ɯl.am.sal.ha.ɾʌ]
다른 일이야,20,[ta.ɾɯn.il.i.ja],[da.ɾɯn.il.i.ja]
교황을 암살하러 온건가,20,[kjo.hwaŋ.ɯl.am.sal.ha.ɾʌ.oŋ.kʌŋ.ka],[gjo.hwaŋ.ɯl.am.sal.ha.ɾʌ.oŋ.kʌŋ.ka]
사건 기록,20,[sa.kʌŋ.ki.ɾok̚],[sa.gʌn.gi.ɾok̚]
사귀어 본,20,[sa.kwi.ʌ.pon],[sa.gwi.ʌ.bon]
거울을 볼,20,[kʌ.ul.ɯl.pol],[gʌ.ul.ɯl.bol]
사귄 지 얼마나,20,[sa.kwin.tʃi.ʌl.ma.na],[sa.gwin.dʒi.ʌl.ma.na]
안 먹히네,20,[an.mʌk̚.hi.ne],[an.mʌk̚.hi.ne]
게 얼마나 많은데,20,[ke.ʌl.ma.na.man.ɯn.te],[ge.ʌl.ma.na.man.ɯn.te]
내지 마요,20,[nɛ.tʃi.ma.jo],[nɛ.dʒi.ma.jo]
건강에 해로울걸세,20,[kʌŋ.kaŋ.e.hɛ.ɾo.ul.kʌl.se],[gʌŋ.kaŋ.e.hɛ.ɾo.ul.kʌl.se]
웃겨 죽겠네,20,[ut̚.kjʌ.tʃuk̚.ket̚.ne],[ut̚.kjʌ.dʒuk̚.ket̚.ne]
일을 한 것뿐이에요,20,[il.ɯl.haŋ.kʌt̚.p͈un.i.e.jo],[il.ɯl.han.gʌt̚.p͈un.i.e.jo]
상담 치료를,20,[saŋ.tan.tʃʰi.ɾjo.ɾɯl],[saŋ.dan.tʃʰi.ɾjo.ɾɯl]
같아 몇,20,[kat̚.a.mjʌt̚],[gat̚.a.mjʌt̚]
사는 집에,20,[sa.nɯn.tʃip̚.e],[sa.nɯn.dʒip̚.e]
사는건 내덕이지,20,[sa.nɯŋ.kʌn.nɛ.tʌk̚.i.tʃi],[sa.nɯŋ.kʌn.nɛ.dʌk̚.i.dʒi]
사는건 내덕이지 어느정도 내,20,[sa.nɯŋ.kʌn.nɛ.tʌk̚.i.tʃi.ʌ.nɯ.tʃʌŋ.to.nɛ],[sa.nɯŋ.kʌn.nɛ.dʌk̚.i.dʒi.ʌ.nɯ.dʒʌŋ.do.nɛ]
낼 수 있게,20,[nɛl.su.it̚.ke],[nɛl.su.it̚.ke]
some people,20,,
안 들으니까,20,[an.tɯl.ɯ.ni.k͈a],[an.dɯl.ɯ.ni.k͈a]
사도 돼,20,[sa.to.twɛ],[sa.do.dwɛ]
사라 졌어요,20,[sa.ɾa.tʃjʌt̚.ʌ.jo],[sa.ɾa.dʒjʌt̚.ʌ.jo]
사건 안,20,[sa.kʌn.an],[sa.gʌn.an]
부에나 부에나,20,[pu.e.na.pu.e.na],[bu.e.na.bu.e.na]
써머가 똥에서 굴렀대,20,[s͈ʌ.mʌ.ka.t͈oŋ.e.sʌ.kul.ɾʌt̚.tɛ],[s͈ʌ.mʌ.ga.t͈oŋ.e.sʌ.gul.ɾʌt̚.tɛ]
일을 알고 있어,20,[il.ɯl.al.ko.it̚.ʌ],[il.ɯl.al.ko.it̚.ʌ]
본다네 너가 보고있는건 너의,20,[pon.ta.ne.nʌ.ka.po.ko.it̚.nɯŋ.kʌn.nʌ.ɯi],[bon.ta.ne.nʌ.ga.bo.go.it̚.nɯŋ.kʌn.nʌ.ɯi]
기회가 없었죠,20,[ki.hwe.ka.ʌp̚.ʌt̚.tʃjo],[gi.hwe.ga.ʌp̚.ʌt̚.tʃjo]
도망칠수 있을때 도망쳤어야지,20,[to.maŋ.tʃʰil.su.it̚.ɯl.t͈ɛ.to.maŋ.tʃʰjʌt̚.ʌ.ja.tʃi],[do.maŋ.tʃʰil.su.it̚.ɯl.t͈ɛ.do.maŋ.tʃʰjʌt̚.ʌ.ja.dʒi]
나를 속이고,20,[na.ɾɯl.sok̚.i.ko],[na.ɾɯl.sok̚.i.go]
사람 괜찮아요,20,[sa.ɾam.kwɛn.tʃʰan.a.jo],[sa.ɾam.gwɛn.tʃʰan.a.jo]
무슨 말 했는지,20,[mu.sɯn.mal.hɛt̚.nɯn.tʃi],[mu.sɯn.mal.hɛt̚.nɯn.tʃi]
아무 말이나 해,20,[a.mu.mal.i.na.hɛ],[a.mu.mal.i.na.hɛ]
사람을 잃었어,20,[sa.ɾam.ɯl.il.ʌt̚.ʌ],[sa.ɾam.ɯl.il.ʌt̚.ʌ]
기회를 좀,20,[ki.hwe.ɾɯl.tʃom],[gi.hwe.ɾɯl.dʒom]
내가 과거에,20,[nɛ.ka.kwa.kʌ.e],[nɛ.ga.gwa.gʌ.e]
내에서 살인을 저질렀지 않는가,20,[nɛ.e.sʌ.sal.in.ɯl.tʃʌ.tʃil.ɾʌt̚.tʃi.an.nɯŋ.ka],[nɛ.e.sʌ.sal.in.ɯl.dʒʌ.dʒil.ɾʌt̚.tʃi.an.nɯŋ.ka]
구는 걸,20,[ku.nɯŋ.kʌl],[gu.nɯn.gʌl]
그 얘긴 하기,20,[kɯ.jɛ.kin.ha.ki],[gɯ.jɛ.gin.ha.gi]
내에서는 살인금지,20,[nɛ.e.sʌ.nɯn.sal.iŋ.kɯn.tʃi],[nɛ.e.sʌ.nɯn.sal.iŋ.kɯn.tʃi]
나도 빨리 끝내줄게,20,[na.to.p͈al.ɾi.k͈ɯt̚.nɛ.tʃul.ke],[na.do.p͈al.ɾi.k͈ɯt̚.nɛ.dʒul.ke]
사건 현장이,20,[sa.kʌn.hjʌn.tʃaŋ.i],[sa.gʌn.hjʌn.tʃaŋ.i]
내에서는 사업 금지라는것을 상기시켜,20,[nɛ.e.sʌ.nɯn.sa.ʌp̚.kɯn.tʃi.ɾa.nɯŋ.kʌt̚.ɯl.saŋ.ki.si.kʰjʌ],[nɛ.e.sʌ.nɯn.sa.ʌp̚.gɯn.tʃi.ɾa.nɯŋ.kʌt̚.ɯl.saŋ.gi.si.kʰjʌ]
막으려고 했어요,20,[mak̚.ɯ.ɾjʌ.ko.hɛt̚.ʌ.jo],[mak̚.ɯ.ɾjʌ.go.hɛt̚.ʌ.jo]
내에서는 살인금지 그리고 모든,20,[nɛ.e.sʌ.nɯn.sal.iŋ.kɯn.tʃi.kɯ.ɾi.ko.mo.tɯn],[nɛ.e.sʌ.nɯn.sal.iŋ.kɯn.tʃi.gɯ.ɾi.go.mo.dɯn]
내에서는 사업 금지라는것을,20,[nɛ.e.sʌ.nɯn.sa.ʌp̚.kɯn.tʃi.ɾa.nɯŋ.kʌt̚.ɯl],[nɛ.e.sʌ.nɯn.sa.ʌp̚.gɯn.tʃi.ɾa.nɯŋ.kʌt̚.ɯl]
반갑다 와이프 일은 유감이야,20,[paŋ.kap̚.ta.wa.i.pʰɯ.il.ɯn.ju.kam.i.ja],[baŋ.kap̚.ta.wa.i.pʰɯ.il.ɯn.ju.gam.i.ja]
너 가만 안,20,[nʌ.ka.man.an],[nʌ.ga.man.an]
당신이 거기서,20,[taŋ.sin.i.kʌ.ki.sʌ],[daŋ.sin.i.gʌ.gi.sʌ]
아이스크림 먹을,20,[a.i.sɯ.kʰɯ.ɾim.mʌk̚.ɯl],[a.i.sɯ.kʰɯ.ɾim.mʌk̚.ɯl]
Puma Punku,20,,
사람 없으니까,20,[sa.ɾam.ʌp̚.ɯ.ni.k͈a],[sa.ɾam.ʌp̚.ɯ.ni.k͈a]
다치게 하려는,20,[ta.tʃʰi.ke.ha.ɾjʌ.nɯn],[da.tʃʰi.ge.ha.ɾjʌ.nɯn]
동생을 위한,20,[toŋ.sɛŋ.ɯl.wi.han],[doŋ.sɛŋ.ɯl.wi.han]
사람 일은,20,[sa.ɾam.il.ɯn],[sa.ɾam.il.ɯn]
나는 그들을 위해,20,[na.nɯŋ.kɯ.tɯl.ɯl.wi.hɛ],[na.nɯn.gɯ.dɯl.ɯl.wi.hɛ]
너 그동안,20,[nʌ.kɯ.toŋ.an],[nʌ.gɯ.doŋ.an]
그리고 대부분의,20,[kɯ.ɾi.ko.tɛ.pu.pun.ɯi],[gɯ.ɾi.go.dɛ.bu.bun.ɯi]
하지만 너희들은,20,[ha.tʃi.man.nʌ.hɯi.tɯl.ɯn],[ha.dʒi.man.nʌ.hɯi.dɯl.ɯn]
내용을 다,20,[nɛ.joŋ.ɯl.ta],[nɛ.joŋ.ɯl.da]
뭐가 중요한데,20,[mwʌ.ka.tʃuŋ.jo.han.te],[mwʌ.ga.dʒuŋ.jo.han.te]
구멍을 내서,20,[ku.mʌŋ.ɯl.lɛ.sʌ],[gu.mʌŋ.ɯl.lɛ.sʌ]
집을 불살랐습니다 자네가 표식을,20,[tʃip̚.ɯl.pul.sal.ɾat̚.sɯp̚.ni.ta.tʃa.ne.ka.pʰjo.sik̚.ɯl],[dʒip̚.ɯl.bul.sal.ɾat̚.sɯp̚.ni.da.dʒa.ne.ga.pʰjo.sik̚.ɯl]
집을 사려고,20,[tʃip̚.ɯl.sa.ɾjʌ.ko],[dʒip̚.ɯl.sa.ɾjʌ.go]
같아 그러면,20,[kat̚.a.kɯ.ɾʌ.mjʌn],[gat̚.a.gɯ.ɾʌ.mjʌn]
싸우는 소리가,20,[s͈a.u.nɯn.so.ɾi.ka],[s͈a.u.nɯn.so.ɾi.ga]
대려다줘 존 윅이,20,[tɛ.ɾjʌ.ta.tʃwʌ.tʃon.wik̚.i],[dɛ.ɾjʌ.da.dʒwʌ.dʒon.wik̚.i]
뭔가 실수가,20,[mwʌŋ.ka.sil.su.ka],[mwʌŋ.ka.sil.su.ga]
일을 했다면,20,[il.ɯl.hɛt̚.ta.mjʌn],[il.ɯl.hɛt̚.ta.mjʌn]
불가능한 임무에서 내가 도와준일이,20,[pul.ka.nɯŋ.han.im.mu.e.sʌ.nɛ.ka.to.wa.tʃun.il.i],[bul.ka.nɯŋ.han.im.mu.e.sʌ.nɛ.ga.do.wa.dʒun.il.i]
사건은 제가,20,[sa.kʌn.ɯn.tʃe.ka],[sa.gʌn.ɯn.dʒe.ga]
너 대단하다,20,[nʌ.tɛ.tan.ha.ta],[nʌ.dɛ.dan.ha.da]
은퇴 생활되길,20,[ɯn.tʰwe.sɛŋ.hwal.twe.kil],[ɯn.tʰwe.sɛŋ.hwal.twe.gil]
얘길 다,20,[jɛ.kil.ta],[jɛ.gil.da]
계십니다 안녕하십니까 관리인,20,[kje.sip̚.ni.ta.an.njʌŋ.ha.sip̚.ni.k͈a.kwal.li.in],[gje.sip̚.ni.da.an.njʌŋ.ha.sip̚.ni.k͈a.gwal.li.in]
사건은 최고 의원회로,20,[sa.kʌn.ɯn.tʃʰwe.ko.ɯi.wʌn.hwe.ɾo],[sa.gʌn.ɯn.tʃʰwe.go.ɯi.wʌn.hwe.ɾo]
죽음의 밀사로 뭐가 너를,20,[tʃuk̚.ɯm.ɯi.mil.sa.ɾo.mwʌ.ka.nʌ.ɾɯl],[dʒuk̚.ɯm.ɯi.mil.sa.ɾo.mwʌ.ga.nʌ.ɾɯl]
너 따라와 너는,20,[nʌ.t͈a.ɾa.wa.nʌ.nɯn],[nʌ.t͈a.ɾa.wa.nʌ.nɯn]
같이 있을래,20,[kat̚.i.it̚.ɯl.ɾɛ],[gat̚.i.it̚.ɯl.ɾɛ]
인간보다는 말에 가까워,20,[iŋ.kam.po.ta.nɯn.mal.e.ka.k͈a.wʌ],[iŋ.kam.po.da.nɯn.mal.e.ga.k͈a.wʌ]
하고 지금은,20,[ha.ko.tʃi.kɯm.ɯn],[ha.go.dʒi.gɯm.ɯn]
일이기도 해,20,[il.i.ki.to.hɛ],[il.i.gi.do.hɛ]
충분히 본 것,20,[tʃʰum.pun.hi.poŋ.kʌt̚],[tʃʰuŋ.bun.hi.bon.gʌt̚]
개인적으로 맡아드리겠습니다 고맙습니다,20,[kɛ.in.tʃʌk̚.ɯ.ɾo.mat̚.a.tɯ.ɾi.ket̚.sɯp̚.ni.ta.ko.map̚.sɯp̚.ni.ta],[gɛ.in.tʃʌk̚.ɯ.ɾo.mat̚.a.dɯ.ɾi.get̚.sɯp̚.ni.da.go.map̚.sɯp̚.ni.da]
사람들도 그렇게,20,[sa.ɾan.tɯl.to.kɯ.ɾʌt̚.ke],[sa.ɾan.tɯl.to.gɯ.ɾʌt̚.ke]
너 목에 걸린,20,[nʌ.mok̚.e.kʌl.ɾin],[nʌ.mok̚.e.gʌl.ɾin]
하지만 주위를 둘러보게 내가,20,[ha.tʃi.man.tʃu.wi.ɾɯl.tul.ɾʌ.po.ke.nɛ.ka],[ha.dʒi.man.dʒu.wi.ɾɯl.dul.ɾʌ.bo.ge.nɛ.ga]
같네요 이런,20,[kat̚.ne.jo.i.ɾʌn],[gat̚.ne.jo.i.ɾʌn]
오신것을 환영합니다 아내도 죽었지,20,[o.siŋ.kʌt̚.ɯl.hwan.jʌŋ.hap̚.ni.ta.a.nɛ.to.tʃuk̚.ʌt̚.tʃi],[o.siŋ.kʌt̚.ɯl.hwan.jʌŋ.hap̚.ni.da.a.nɛ.do.dʒuk̚.ʌt̚.tʃi]
년 말,20,[njʌn.mal],[njʌn.mal]
알고 있잖니,20,[al.ko.it̚.tʃan.ni],[al.ko.it̚.tʃan.ni]
다음에 우리가,20,[ta.ɯm.e.u.ɾi.ka],[da.ɯm.e.u.ɾi.ga]
일이 그,20,[il.i.kɯ],[il.i.gɯ]
주세요 그래요,20,[tʃu.se.jo.kɯ.ɾɛ.jo],[dʒu.se.jo.gɯ.ɾɛ.jo]
너 보니까,20,[nʌ.po.ni.k͈a],[nʌ.bo.ni.k͈a]
일이야 다 지난 일이야,20,[il.i.ja.ta.tʃi.nan.il.i.ja],[il.i.ja.da.dʒi.nan.il.i.ja]
일이 꼬여서,20,[il.i.k͈o.jʌ.sʌ],[il.i.k͈o.jʌ.sʌ]
어디서 찾았지,20,[ʌ.ti.sʌ.tʃʰat̚.at̚.tʃi],[ʌ.di.sʌ.tʃʰat̚.at̚.tʃi]
것도 해,20,[kʌt̚.to.hɛ],[gʌt̚.to.hɛ]
안 시킬게,20,[an.si.kʰil.ke],[an.si.kʰil.ke]
일이 끝나는,20,[il.i.k͈ɯt̚.na.nɯn],[il.i.k͈ɯt̚.na.nɯn]
필요해 나를 노려보고 있는,20,[pʰil.jo.hɛ.na.ɾɯl.lo.ɾjʌ.po.ko.it̚.nɯn],[pʰil.jo.hɛ.na.ɾɯl.lo.ɾjʌ.bo.go.it̚.nɯn]
run the,20,,
있는 그사람,20,[it̚.nɯŋ.kɯ.sa.ɾam],[it̚.nɯn.gɯ.sa.ɾam]
간 거라고,20,[kaŋ.kʌ.ɾa.ko],[gan.gʌ.ɾa.go]
나는 그사람이 필요해 나를,20,[na.nɯŋ.kɯ.sa.ɾam.i.pʰil.jo.hɛ.na.ɾɯl],[na.nɯn.gɯ.sa.ɾam.i.pʰil.jo.hɛ.na.ɾɯl]
나쁜 놈의,20,[na.p͈ɯn.nom.ɯi],[na.p͈ɯn.nom.ɯi]
웃지 말고,20,[ut̚.tʃi.mal.ko],[ut̚.tʃi.mal.ko]
주세요 엄마,20,[tʃu.se.jo.ʌm.ma],[dʒu.se.jo.ʌm.ma]
친구 잘했네 잘했어 뭐하는건가,20,[tʃʰiŋ.ku.tʃal.hɛt̚.ne.tʃal.hɛt̚.ʌ.mwʌ.ha.nɯŋ.kʌŋ.ka],[tʃʰiŋ.ku.dʒal.hɛt̚.ne.dʒal.hɛt̚.ʌ.mwʌ.ha.nɯŋ.kʌŋ.ka]
사건이 있어서,20,[sa.kʌn.i.it̚.ʌ.sʌ],[sa.gʌn.i.it̚.ʌ.sʌ]
언제 떠날,20,[ʌn.tʃe.t͈ʌ.nal],[ʌn.tʃe.t͈ʌ.nal]
다 뭔지,20,[ta.mwʌn.tʃi],[da.mwʌn.tʃi]
정철의 거친 숨소리,20,[tʃʌŋ.tʃʰʌl.ɯi.kʌ.tʃʰin.sum.so.ɾi],[dʒʌŋ.tʃʰʌl.ɯi.gʌ.tʃʰin.sum.so.ɾi]
친구 잘했네 잘했어,20,[tʃʰiŋ.ku.tʃal.hɛt̚.ne.tʃal.hɛt̚.ʌ],[tʃʰiŋ.ku.dʒal.hɛt̚.ne.dʒal.hɛt̚.ʌ]
아이언 피스트가,20,[a.i.ʌm.pʰi.sɯ.tʰɯ.ka],[a.i.ʌm.pʰi.sɯ.tʰɯ.ga]
나한테 말했어,20,[na.han.tʰe.mal.hɛt̚.ʌ],[na.han.tʰe.mal.hɛt̚.ʌ]
오신것을 환영합니다 아내도,20,[o.siŋ.kʌt̚.ɯl.hwan.jʌŋ.hap̚.ni.ta.a.nɛ.to],[o.siŋ.kʌt̚.ɯl.hwan.jʌŋ.hap̚.ni.da.a.nɛ.do]
내가 괴물을,20,[nɛ.ka.kwe.mul.ɯl],[nɛ.ga.gwe.mul.ɯl]
맹세한 영혼의 구속이지 딴,20,[mɛŋ.se.han.jʌŋ.hon.ɯi.ku.sok̚.i.tʃi.t͈an],[mɛŋ.se.han.jʌŋ.hon.ɯi.gu.sok̚.i.dʒi.t͈an]
주세요 좋은,20,[tʃu.se.jo.tʃot̚.ɯn],[dʒu.se.jo.dʒot̚.ɯn]
너 왜 그러냐,20,[nʌ.wɛ.kɯ.ɾʌ.nja],[nʌ.wɛ.gɯ.ɾʌ.nja]
긴 하루가 될,20,[kin.ha.ɾu.ka.twel],[gin.ha.ɾu.ga.dwel]
진실을 찾을,20,[tʃin.sil.ɯl.tʃʰat̚.ɯl],[dʒin.sil.ɯl.tʃʰat̚.ɯl]
사고 나면,20,[sa.ko.na.mjʌn],[sa.go.na.mjʌn]
아주 많네요,20,[a.tʃu.man.ne.jo],[a.dʒu.man.ne.jo]
너 이러다,20,[nʌ.i.ɾʌ.ta],[nʌ.i.ɾʌ.da]
기회가 있잖아,20,[ki.hwe.ka.it̚.tʃan.a],[gi.hwe.ga.it̚.tʃan.a]
썬즈 오브 아나키,20,[s͈ʌn.tʃɯ.o.pɯ.a.na.kʰi],[s͈ʌn.tʃɯ.o.bɯ.a.na.kʰi]
이제 막 시작한,20,[i.tʃe.mak̚.si.tʃak̚.han],[i.dʒe.mak̚.si.dʒak̚.han]
가변배율 조준경에,20,[ka.pjʌm.pɛ.jul.tʃo.tʃuŋ.kjʌŋ.e],[ga.bjʌm.pɛ.jul.dʒo.dʒuŋ.kjʌŋ.e]
교전 중,20,[kjo.tʃʌn.tʃuŋ],[gjo.dʒʌn.dʒuŋ]
가변배율 조준경에 이것이,20,[ka.pjʌm.pɛ.jul.tʃo.tʃuŋ.kjʌŋ.e.i.kʌt̚.i],[ga.bjʌm.pɛ.jul.dʒo.dʒuŋ.kjʌŋ.e.i.gʌt̚.i]
합친 경험을,20,[hap̚.tʃʰiŋ.kjʌŋ.hʌm.ɯl],[hap̚.tʃʰin.gjʌŋ.hʌm.ɯl]
경험을 제공함으로써 부서지기,20,[kjʌŋ.hʌm.ɯl.tʃe.koŋ.ham.ɯ.ɾo.s͈ʌ.pu.sʌ.tʃi.ki],[gjʌŋ.hʌm.ɯl.dʒe.goŋ.ham.ɯ.ɾo.s͈ʌ.bu.sʌ.dʒi.gi]
할머니랑 같이,20,[hal.mʌ.ni.ɾaŋ.kat̚.i],[hal.mʌ.ni.ɾaŋ.gat̚.i]
않았으니 말이지 말했다시피,20,[an.at̚.ɯ.ni.mal.i.tʃi.mal.hɛt̚.ta.si.pʰi],[an.at̚.ɯ.ni.mal.i.dʒi.mal.hɛt̚.ta.si.pʰi]
필요 없,20,[pʰil.jo.ʌp̚],[pʰil.jo.ʌp̚]
없다는 걸 알잖아,20,[ʌp̚.ta.nɯŋ.kʌl.al.tʃan.a],[ʌp̚.ta.nɯn.gʌl.al.tʃan.a]
짓 못 해,20,[tʃit̚.mot̚.hɛ],[dʒit̚.mot̚.hɛ]
해 당연하지,20,[hɛ.taŋ.jʌn.ha.tʃi],[hɛ.daŋ.jʌn.ha.dʒi]
그립입니다 이탈리아의 명작이죠 디저트로는요,20,[kɯ.ɾip̚.ip̚.ni.ta.i.tʰal.ɾi.a.ɯi.mjʌŋ.tʃak̚.i.tʃjo.ti.tʃʌ.tʰɯ.ɾo.nɯn.jo],[gɯ.ɾip̚.ip̚.ni.da.i.tʰal.ɾi.a.ɯi.mjʌŋ.dʒak̚.i.dʒjo.di.dʒʌ.tʰɯ.ɾo.nɯn.jo]
기회가 주어진다면,20,[ki.hwe.ka.tʃu.ʌ.tʃin.ta.mjʌn],[gi.hwe.ga.dʒu.ʌ.dʒin.ta.mjʌn]
안 맞는 것 같아,20,[an.mat̚.nɯŋ.kʌt̚.kat̚.a],[an.mat̚.nɯn.gʌt̚.gat̚.a]
바친겁니다 칼로 협박했기에,20,[pa.tʃʰiŋ.kʌp̚.ni.ta.kʰal.ɾo.hjʌp̚.pak̚.hɛt̚.ki.e],[ba.tʃʰiŋ.kʌp̚.ni.da.kʰal.ɾo.hjʌp̚.pak̚.hɛt̚.ki.e]
것을 확인했습니다,20,[kʌt̚.ɯl.hwak̚.in.hɛt̚.sɯp̚.ni.ta],[gʌt̚.ɯl.hwak̚.in.hɛt̚.sɯp̚.ni.da]
사고 현장에서,20,[sa.ko.hjʌn.tʃaŋ.e.sʌ],[sa.go.hjʌn.tʃaŋ.e.sʌ]
안 되는 곳에,20,[an.twe.nɯŋ.kot̚.e],[an.dwe.nɯn.got̚.e]
간 다음에,20,[kan.ta.ɯm.e],[gan.da.ɯm.e]
좀 있는데요,20,[tʃom.it̚.nɯn.te.jo],[dʒom.it̚.nɯn.te.jo]
못해요 내가,20,[mot̚.hɛ.jo.nɛ.ka],[mot̚.hɛ.jo.nɛ.ga]
너 좋은,20,[nʌ.tʃot̚.ɯn],[nʌ.dʒot̚.ɯn]
막 그렇게,20,[mak̚.kɯ.ɾʌt̚.ke],[mak̚.gɯ.ɾʌt̚.ke]
별일 아니었어요,20,[pjʌl.il.a.ni.ʌt̚.ʌ.jo],[bjʌl.il.a.ni.ʌt̚.ʌ.jo]
다시 연결해,20,[ta.si.jʌŋ.kjʌl.hɛ],[da.si.jʌŋ.kjʌl.hɛ]
내 인생의 모든,20,[nɛ.in.sɛŋ.ɯi.mo.tɯn],[nɛ.in.sɛŋ.ɯi.mo.dɯn]
사람은 너밖에 없어,20,[sa.ɾam.ɯn.nʌ.pak̚.e.ʌp̚.ʌ],[sa.ɾam.ɯn.nʌ.bak̚.e.ʌp̚.ʌ]
같아요 그걸,20,[kat̚.a.jo.kɯ.kʌl],[gat̚.a.jo.gɯ.gʌl]
내일 와서,20,[nɛ.il.wa.sʌ],[nɛ.il.wa.sʌ]
사람은 많아요,20,[sa.ɾam.ɯn.man.a.jo],[sa.ɾam.ɯn.man.a.jo]
다가 아닐,20,[ta.ka.a.nil],[da.ga.a.nil]
Voice breaking,20,,
너는 못하겠군 하지만,20,[nʌ.nɯn.mot̚.ha.ket̚.kun.ha.tʃi.man],[nʌ.nɯn.mot̚.ha.get̚.kun.ha.dʒi.man]
너 찾아,20,[nʌ.tʃʰat̚.a],[nʌ.tʃʰat̚.a]
한잔들 하시는게 어떠신지요,20,[han.tʃan.tɯl.ha.si.nɯŋ.ke.ʌ.t͈ʌ.sin.tʃi.jo],[han.tʃan.tɯl.ha.si.nɯŋ.ke.ʌ.t͈ʌ.sin.tʃi.jo]
are waiting,20,,
짓는 걸,20,[tʃit̚.nɯŋ.kʌl],[dʒit̚.nɯn.gʌl]
일치하지 않는,20,[il.tʃʰi.ha.tʃi.an.nɯn],[il.tʃʰi.ha.dʒi.an.nɯn]
내가 젤,20,[nɛ.ka.tʃel],[nɛ.ga.dʒel]
관리인께선 언제나,20,[kwal.li.iŋ.k͈e.sʌn.ʌn.tʃe.na],[gwal.li.iŋ.k͈e.sʌn.ʌn.tʃe.na]
싸워야 돼,20,[s͈a.wʌ.ja.twɛ],[s͈a.wʌ.ja.dwɛ]
마 과거의,20,[ma.kwa.kʌ.ɯi],[ma.gwa.gʌ.ɯi]
일하게 됐어,20,[il.ha.ke.twɛt̚.ʌ],[il.ha.ge.dwɛt̚.ʌ]
알고 지내는,20,[al.ko.tʃi.nɛ.nɯn],[al.ko.dʒi.nɛ.nɯn]
짓고 있어요,20,[tʃit̚.ko.it̚.ʌ.jo],[dʒit̚.ko.it̚.ʌ.jo]
뭔가를 해야 해,20,[mwʌŋ.ka.ɾɯl.hɛ.ja.hɛ],[mwʌŋ.ka.ɾɯl.hɛ.ja.hɛ]
짓도 안했어요,20,[tʃit̚.to.an.hɛt̚.ʌ.jo],[dʒit̚.to.an.hɛt̚.ʌ.jo]
사람을 고용할,20,[sa.ɾam.ɯl.ko.joŋ.hal],[sa.ɾam.ɯl.go.joŋ.hal]
너가 내 차를 가지고,20,[nʌ.ka.nɛ.tʃʰa.ɾɯl.ka.tʃi.ko],[nʌ.ga.nɛ.tʃʰa.ɾɯl.ga.dʒi.go]
너가 맞다 너는 못하겠군,20,[nʌ.ka.mat̚.ta.nʌ.nɯn.mot̚.ha.ket̚.kun],[nʌ.ga.mat̚.ta.nʌ.nɯn.mot̚.ha.get̚.kun]
너가 보고있는건 너의,20,[nʌ.ka.po.ko.it̚.nɯŋ.kʌn.nʌ.ɯi],[nʌ.ga.bo.go.it̚.nɯŋ.kʌn.nʌ.ɯi]
너가 빠져나가는,20,[nʌ.ka.p͈a.tʃjʌ.na.ka.nɯn],[nʌ.ga.p͈a.dʒjʌ.na.ga.nɯn]
너가 빠져나가는 방법이야,20,[nʌ.ka.p͈a.tʃjʌ.na.ka.nɯm.pam.pʌp̚.i.ja],[nʌ.ga.p͈a.dʒjʌ.na.ga.nɯn.baŋ.bʌp̚.i.ja]
진심으로 환영합니다,20,[tʃin.sim.ɯ.ɾo.hwan.jʌŋ.hap̚.ni.ta],[dʒin.sim.ɯ.ɾo.hwan.jʌŋ.hap̚.ni.da]
안 입으면,20,[an.ip̚.ɯ.mjʌn],[an.ip̚.ɯ.mjʌn]
너가 이차,20,[nʌ.ka.i.tʃʰa],[nʌ.ga.i.tʃʰa]
너가 이차 좋아하는줄 알았는데,20,[nʌ.ka.i.tʃʰa.tʃot̚.a.ha.nɯn.tʃul.al.at̚.nɯn.te],[nʌ.ga.i.tʃʰa.dʒot̚.a.ha.nɯn.tʃul.al.at̚.nɯn.te]
휴대전화를 달그락,20,[hju.tɛ.tʃʌn.hwa.ɾɯl.tal.kɯ.ɾak̚],[hju.dɛ.dʒʌn.hwa.ɾɯl.dal.kɯ.ɾak̚]
걸 아나요,20,[kʌl.a.na.jo],[gʌl.a.na.jo]
너같은 놈도 화해라는걸 아나,20,[nʌ.kat̚.ɯn.non.to.hwa.hɛ.ɾa.nɯŋ.kʌl.a.na],[nʌ.gat̚.ɯn.non.to.hwa.hɛ.ɾa.nɯŋ.kʌl.a.na]
난 자유의,20,[nan.tʃa.ju.ɯi],[nan.dʒa.ju.ɯi]
안 잊었어,20,[an.it̚.ʌt̚.ʌ],[an.it̚.ʌt̚.ʌ]
그에게 대려다줘,20,[kɯ.e.ke.tɛ.ɾjʌ.ta.tʃwʌ],[gɯ.e.ge.dɛ.ɾjʌ.da.dʒwʌ]
stay for,20,,
어디 안 좋아,20,[ʌ.ti.an.tʃot̚.a],[ʌ.di.an.dʒot̚.a]
얘길 하다니,20,[jɛ.kil.ha.ta.ni],[jɛ.gil.ha.da.ni]
너는 가고 뉴욕,20,[nʌ.nɯŋ.ka.ko.nju.jok̚],[nʌ.nɯn.ga.go.nju.jok̚]
그에게 더,20,[kɯ.e.ke.tʌ],[gɯ.e.ge.dʌ]
같아 널,20,[kat̚.a.nʌl],[gat̚.a.nʌl]
이제 스스로,20,[i.tʃe.sɯ.sɯ.ɾo],[i.dʒe.sɯ.sɯ.ɾo]
거짓말할 필요,20,[kʌ.tʃit̚.mal.hal.pʰil.jo],[gʌ.dʒit̚.mal.hal.pʰil.jo]
join the,20,,
사람을 찾을 거야,20,[sa.ɾam.ɯl.tʃʰat̚.ɯl.kʌ.ja],[sa.ɾam.ɯl.tʃʰat̚.ɯl.gʌ.ja]
집으로 가면,20,[tʃip̚.ɯ.ɾo.ka.mjʌn],[dʒip̚.ɯ.ɾo.ga.mjʌn]
안 만드는,20,[an.man.tɯ.nɯn],[an.man.tɯ.nɯn]
니가 들은 그놈에 대한,20,[ni.ka.tɯl.ɯŋ.kɯ.nom.e.tɛ.han],[ni.ga.dɯl.ɯn.gɯ.nom.e.dɛ.han]
내일 하면 안,20,[nɛ.il.ha.mjʌn.an],[nɛ.il.ha.mjʌn.an]
저도 당신,20,[tʃʌ.to.taŋ.sin],[dʒʌ.do.daŋ.sin]
내 맘대로 할 거야,20,[nɛ.man.tɛ.ɾo.hal.kʌ.ja],[nɛ.man.tɛ.ɾo.hal.gʌ.ja]
쏘고 죽던가 아니면 계속,20,[s͈o.ko.tʃuk̚.tʌŋ.ka.a.ni.mjʌŋ.kje.sok̚],[s͈o.go.dʒuk̚.tʌŋ.ka.a.ni.mjʌn.gje.sok̚]
사람이 나야,20,[sa.ɾam.i.na.ja],[sa.ɾam.i.na.ja]
사람이 남에게,20,[sa.ɾam.i.nam.e.ke],[sa.ɾam.i.nam.e.ge]
사람이 남에게 표식을 내주는것은,20,[sa.ɾam.i.nam.e.ke.pʰjo.sik̚.ɯl.lɛ.tʃu.nɯŋ.kʌt̚.ɯn],[sa.ɾam.i.nam.e.ge.pʰjo.sik̚.ɯl.lɛ.dʒu.nɯŋ.kʌt̚.ɯn]
그녀의 가장 친한,20,[kɯ.njʌ.ɯi.ka.tʃaŋ.tʃʰin.han],[gɯ.njʌ.ɯi.ga.dʒaŋ.tʃʰin.han]
쏘고 죽던가,20,[s͈o.ko.tʃuk̚.tʌŋ.ka],[s͈o.go.dʒuk̚.tʌŋ.ka]
너는 못하겠군 하지만 존,20,[nʌ.nɯn.mot̚.ha.ket̚.kun.ha.tʃi.man.tʃon],[nʌ.nɯn.mot̚.ha.get̚.kun.ha.dʒi.man.dʒon]
사람이 누군데요,20,[sa.ɾam.i.nu.kun.te.jo],[sa.ɾam.i.nu.gun.te.jo]
내일 해도,20,[nɛ.il.hɛ.to],[nɛ.il.hɛ.do]
사과하실 필요,20,[sa.kwa.ha.sil.pʰil.jo],[sa.gwa.ha.sil.pʰil.jo]
너는 방금,20,[nʌ.nɯm.paŋ.kɯm],[nʌ.nɯn.baŋ.gɯm]
도와주는 거죠,20,[to.wa.tʃu.nɯŋ.kʌ.tʃjo],[do.wa.dʒu.nɯn.gʌ.dʒjo]
내일 회사에서,20,[nɛ.il.hwe.sa.e.sʌ],[nɛ.il.hwe.sa.e.sʌ]
때가 아닌데,20,[t͈ɛ.ka.a.nin.te],[t͈ɛ.ga.a.nin.te]
다음역은 렉터 가,20,[ta.ɯm.jʌk̚.ɯl.lek̚.tʰʌ.ka],[da.ɯm.jʌk̚.ɯl.lek̚.tʰʌ.ga]
일이 벌어진 거야,20,[il.i.pʌl.ʌ.tʃiŋ.kʌ.ja],[il.i.bʌl.ʌ.dʒin.gʌ.ja]
다음역은 렉터 가 입니다,20,[ta.ɯm.jʌk̚.ɯl.lek̚.tʰʌ.ka.ip̚.ni.ta],[da.ɯm.jʌk̚.ɯl.lek̚.tʰʌ.ga.ip̚.ni.da]
만나러 왔소,20,[man.na.ɾʌ.wat̚.so],[man.na.ɾʌ.wat̚.so]
짓을 한 것,20,[tʃit̚.ɯl.haŋ.kʌt̚],[dʒit̚.ɯl.han.gʌt̚]
쏘는 법,20,[s͈o.nɯm.pʌp̚],[s͈o.nɯn.bʌp̚]
불만 사항,20,[pul.man.sa.haŋ],[bul.man.sa.haŋ]
the idea,20,,
사람이 있거든요,20,[sa.ɾam.i.it̚.kʌ.tɯn.jo],[sa.ɾam.i.it̚.kʌ.dɯn.jo]
저건 누구,20,[tʃʌ.kʌn.nu.ku],[dʒʌ.gʌn.nu.gu]
너도 그거,20,[nʌ.to.kɯ.kʌ],[nʌ.do.gɯ.gʌ]
너도 그들 중,20,[nʌ.to.kɯ.tɯl.tʃuŋ],[nʌ.do.gɯ.dɯl.dʒuŋ]
세 아이,20,[se.a.i],[se.a.i]
너도 그랬을,20,[nʌ.to.kɯ.ɾɛt̚.ɯl],[nʌ.do.gɯ.ɾɛt̚.ɯl]
사람이 있으면 역무원에게,20,[sa.ɾam.i.it̚.ɯ.mjʌn.jʌk̚.mu.wʌn.e.ke],[sa.ɾam.i.it̚.ɯ.mjʌn.jʌk̚.mu.wʌn.e.ge]
사람이 있으면 역무원에게 알려주시기,20,[sa.ɾam.i.it̚.ɯ.mjʌn.jʌk̚.mu.wʌn.e.ke.al.ɾjʌ.tʃu.si.ki],[sa.ɾam.i.it̚.ɯ.mjʌn.jʌk̚.mu.wʌn.e.ge.al.ɾjʌ.dʒu.si.gi]
것 같아요 맙소사,20,[kʌt̚.kat̚.a.jo.map̚.so.sa],[gʌt̚.gat̚.a.jo.map̚.so.sa]
그녀를 보호하고,20,[kɯ.njʌ.ɾɯl.po.ho.ha.ko],[gɯ.njʌ.ɾɯl.bo.ho.ha.go]
간섭할 수,20,[kan.sʌp̚.hal.su],[gan.sʌp̚.hal.su]
어땟나요 아주 착한,20,[ʌ.t͈ɛt̚.na.jo.a.tʃu.tʃʰak̚.han],[ʌ.t͈ɛt̚.na.jo.a.dʒu.tʃʰak̚.han]
일이 생겼나요,20,[il.i.sɛŋ.kjʌt̚.na.jo],[il.i.sɛŋ.gjʌt̚.na.jo]
좀 있으니까,20,[tʃom.it̚.ɯ.ni.k͈a],[dʒom.it̚.ɯ.ni.k͈a]
뭔지 안다면,20,[mwʌn.tʃi.an.ta.mjʌn],[mwʌn.tʃi.an.ta.mjʌn]
할 준비가 되어 있다,20,[hal.tʃum.pi.ka.twe.ʌ.it̚.ta],[hal.dʒum.pi.ga.dwe.ʌ.it̚.ta]
하지만 당신은 그럴,20,[ha.tʃi.man.taŋ.sin.ɯŋ.kɯ.ɾʌl],[ha.dʒi.man.daŋ.sin.ɯn.gɯ.ɾʌl]
전화 몇번한거야 일도,20,[tʃʌn.hwa.mjʌt̚.pʌn.haŋ.kʌ.ja.il.to],[dʒʌn.hwa.mjʌt̚.pʌn.haŋ.kʌ.ja.il.to]
그 남자 은퇴엔 영,20,[kɯ.nan.tʃa.ɯn.tʰwe.en.jʌŋ],[gɯ.nan.tʃa.ɯn.tʰwe.en.jʌŋ]
맞잡은 이,20,[mat̚.tʃap̚.ɯn.i],[mat̚.tʃap̚.ɯn.i]
나 때문에 그런,20,[na.t͈ɛ.mun.e.kɯ.ɾʌn],[na.t͈ɛ.mun.e.gɯ.ɾʌn]
저도 똑같은,20,[tʃʌ.to.t͈ok̚.kat̚.ɯn],[dʒʌ.do.t͈ok̚.kat̚.ɯn]
국제 수배로,20,[kuk̚.tʃe.su.pɛ.ɾo],[guk̚.tʃe.su.bɛ.ɾo]
국제 수배로 넘어갔네 최고,20,[kuk̚.tʃe.su.pɛ.ɾo.nʌm.ʌ.kat̚.ne.tʃʰwe.ko],[guk̚.tʃe.su.bɛ.ɾo.nʌm.ʌ.gat̚.ne.tʃʰwe.go]
내가 아니라 네,20,[nɛ.ka.a.ni.ɾa.ne],[nɛ.ga.a.ni.ɾa.ne]
사람이야 왜,20,[sa.ɾam.i.ja.wɛ],[sa.ɾam.i.ja.wɛ]
너도 알 잖아,20,[nʌ.to.al.tʃan.a],[nʌ.do.al.dʒan.a]
너도 알게 될,20,[nʌ.to.al.ke.twel],[nʌ.do.al.ke.dwel]
내주는것은 피로 맹세한,20,[nɛ.tʃu.nɯŋ.kʌt̚.ɯm.pʰi.ɾo.mɛŋ.se.han],[nɛ.dʒu.nɯŋ.kʌt̚.ɯm.pʰi.ɾo.mɛŋ.se.han]
내주는것은 피로 맹세한 영혼의,20,[nɛ.tʃu.nɯŋ.kʌt̚.ɯm.pʰi.ɾo.mɛŋ.se.han.jʌŋ.hon.ɯi],[nɛ.dʒu.nɯŋ.kʌt̚.ɯm.pʰi.ɾo.mɛŋ.se.han.jʌŋ.hon.ɯi]
내주는것은 피로,20,[nɛ.tʃu.nɯŋ.kʌt̚.ɯm.pʰi.ɾo],[nɛ.dʒu.nɯŋ.kʌt̚.ɯm.pʰi.ɾo]
안 죽은 게,20,[an.tʃuk̚.ɯŋ.ke],[an.dʒuk̚.ɯn.ge]
전화 몇번한거야,20,[tʃʌn.hwa.mjʌt̚.pʌn.haŋ.kʌ.ja],[dʒʌn.hwa.mjʌt̚.pʌn.haŋ.kʌ.ja]
내겐 다 똑같은,20,[nɛ.ken.ta.t͈ok̚.kat̚.ɯn],[nɛ.gen.da.t͈ok̚.kat̚.ɯn]
언제 나왔어,20,[ʌn.tʃe.na.wat̚.ʌ],[ʌn.tʃe.na.wat̚.ʌ]
사람인지 어떻게,20,[sa.ɾam.in.tʃi.ʌ.t͈ʌt̚.ke],[sa.ɾam.in.tʃi.ʌ.t͈ʌt̚.ke]
내겐 다 똑같은 거야,20,[nɛ.ken.ta.t͈ok̚.kat̚.ɯŋ.kʌ.ja],[nɛ.gen.da.t͈ok̚.kat̚.ɯn.gʌ.ja]
하겠군 전쟁을,20,[ha.ket̚.kun.tʃʌn.tʃɛŋ.ɯl],[ha.get̚.kun.dʒʌn.tʃɛŋ.ɯl]
경호원들을 세고,20,[kjʌŋ.ho.wʌn.tɯl.ɯl.se.ko],[gjʌŋ.ho.wʌn.tɯl.ɯl.se.go]
크고 대담한 놈으로요 그렇다면,20,[kʰɯ.ko.tɛ.tam.han.nom.ɯ.ɾo.jo.kɯ.ɾʌt̚.ta.mjʌn],[kʰɯ.go.dɛ.dam.han.nom.ɯ.ɾo.jo.gɯ.ɾʌt̚.ta.mjʌn]
만나야 할 것,20,[man.na.ja.hal.kʌt̚],[man.na.ja.hal.gʌt̚]
wants you,20,,
사랑 그 사랑이,20,[sa.ɾaŋ.kɯ.sa.ɾaŋ.i],[sa.ɾaŋ.gɯ.sa.ɾaŋ.i]
만나야 해서,20,[man.na.ja.hɛ.sʌ],[man.na.ja.hɛ.sʌ]
벨 형사와,20,[pel.hjʌŋ.sa.wa],[bel.hjʌŋ.sa.wa]
마음을 가라앉혀,20,[ma.ɯm.ɯl.ka.ɾa.an.hjʌ],[ma.ɯm.ɯl.ga.ɾa.an.hjʌ]
수행하게 그리고 자유로워지게,20,[su.hɛŋ.ha.ke.kɯ.ɾi.ko.tʃa.ju.ɾo.wʌ.tʃi.ke],[su.hɛŋ.ha.ge.gɯ.ɾi.go.dʒa.ju.ɾo.wʌ.dʒi.ge]
지킬 거라고,20,[tʃi.kʰil.kʌ.ɾa.ko],[dʒi.kʰil.gʌ.ɾa.go]
니가 말한,20,[ni.ka.mal.han],[ni.ga.mal.han]
같았어 그,20,[kat̚.at̚.ʌ.kɯ],[gat̚.at̚.ʌ.gɯ]
거예요 생각해,20,[kʌ.je.jo.sɛŋ.kak̚.hɛ],[gʌ.je.jo.sɛŋ.gak̚.hɛ]
없습니다 아무것도 가져가지,20,[ʌp̚.sɯp̚.ni.ta.a.mu.kʌt̚.to.ka.tʃjʌ.ka.tʃi],[ʌp̚.sɯp̚.ni.da.a.mu.gʌt̚.to.ga.dʒjʌ.ga.dʒi]
뭔지나 말해 내,20,[mwʌn.tʃi.na.mal.hɛ.nɛ],[mwʌn.tʃi.na.mal.hɛ.nɛ]
한 사람 더,20,[han.sa.ɾan.tʌ],[han.sa.ɾam.dʌ]
사랑을 찾았어,20,[sa.ɾaŋ.ɯl.tʃʰat̚.at̚.ʌ],[sa.ɾaŋ.ɯl.tʃʰat̚.at̚.ʌ]
그녀의 아들을,20,[kɯ.njʌ.ɯi.a.tɯl.ɯl],[gɯ.njʌ.ɯi.a.dɯl.ɯl]
용감한자가 만드는것이다,20,[joŋ.kam.han.tʃa.ka.man.tɯ.nɯŋ.kʌt̚.i.ta],[joŋ.gam.han.tʃa.ga.man.tɯ.nɯŋ.kʌt̚.i.da]
내키진 않지만,20,[nɛ.kʰi.tʃin.an.tʃi.man],[nɛ.kʰi.dʒin.an.tʃi.man]
진정들 하실수,20,[tʃin.tʃʌŋ.tɯl.ha.sil.su],[dʒin.tʃʌŋ.dɯl.ha.sil.su]
관리자에게 전해주시겠습니까,20,[kwal.li.tʃa.e.ke.tʃʌn.hɛ.tʃu.si.ket̚.sɯp̚.ni.k͈a],[gwal.li.dʒa.e.ge.dʒʌn.hɛ.dʒu.si.get̚.sɯp̚.ni.k͈a]
중입니다 이,20,[tʃuŋ.ip̚.ni.ta.i],[dʒuŋ.ip̚.ni.da.i]
GPS 좌표를,20,[tʃwa.pʰjo.ɾɯl],[dʒwa.pʰjo.ɾɯl]
군중 속에서,20,[kun.tʃuŋ.sok̚.e.sʌ],[gun.tʃuŋ.sok̚.e.sʌ]
더 참을,20,[tʌ.tʃʰam.ɯl],[dʌ.tʃʰam.ɯl]
my father''s,20,,
너로 부터,20,[nʌ.ɾo.pu.tʰʌ],[nʌ.ɾo.bu.tʰʌ]
너를 가장,20,[nʌ.ɾɯl.ka.tʃaŋ],[nʌ.ɾɯl.ga.dʒaŋ]
너를 기다리는거야,20,[nʌ.ɾɯl.ki.ta.ɾi.nɯŋ.kʌ.ja],[nʌ.ɾɯl.gi.da.ɾi.nɯŋ.kʌ.ja]
임무에서 내가 도와준일이,20,[im.mu.e.sʌ.nɛ.ka.to.wa.tʃun.il.i],[im.mu.e.sʌ.nɛ.ga.do.wa.dʒun.il.i]
임무에서 내가 도와준일이 아니면,20,[im.mu.e.sʌ.nɛ.ka.to.wa.tʃun.il.i.a.ni.mjʌn],[im.mu.e.sʌ.nɛ.ga.do.wa.dʒun.il.i.a.ni.mjʌn]
막고있다 빼내려고 한다면,20,[mak̚.ko.it̚.ta.p͈ɛ.nɛ.ɾjʌ.ko.han.ta.mjʌn],[mak̚.ko.it̚.ta.p͈ɛ.nɛ.ɾjʌ.go.han.ta.mjʌn]
막고있다 빼내려고,20,[mak̚.ko.it̚.ta.p͈ɛ.nɛ.ɾjʌ.ko],[mak̚.ko.it̚.ta.p͈ɛ.nɛ.ɾjʌ.go]
원료 사건,20,[wʌl.ljo.sa.kʌn],[wʌl.ljo.sa.gʌn]
사랑하지도 않는,20,[sa.ɾaŋ.ha.tʃi.to.an.nɯn],[sa.ɾaŋ.ha.dʒi.do.an.nɯn]
이제 자네는,20,[i.tʃe.tʃa.ne.nɯn],[i.dʒe.dʒa.ne.nɯn]
쏜 놈을,20,[s͈on.nom.ɯl],[s͈on.nom.ɯl]
곳에 혼자,20,[kot̚.e.hon.tʃa],[got̚.e.hon.tʃa]
그랬습니다 한가지만 묻겠네,20,[kɯ.ɾɛt̚.sɯp̚.ni.ta.haŋ.ka.tʃi.man.mut̚.ket̚.ne],[gɯ.ɾɛt̚.sɯp̚.ni.da.haŋ.ka.dʒi.man.mut̚.ket̚.ne]
너를 보고있지 뭐하고있어,20,[nʌ.ɾɯl.po.ko.it̚.tʃi.mwʌ.ha.ko.it̚.ʌ],[nʌ.ɾɯl.bo.go.it̚.tʃi.mwʌ.ha.go.it̚.ʌ]
그녀의 이름,20,[kɯ.njʌ.ɯi.i.ɾɯm],[gɯ.njʌ.ɯi.i.ɾɯm]
원본 지도입니다 이쪽은,20,[wʌm.pon.tʃi.to.ip̚.ni.ta.i.tʃ͈ok̚.ɯn],[wʌm.pon.dʒi.do.ip̚.ni.da.i.tʃ͈ok̚.ɯn]
알고있겠지 너가 신이라도,20,[al.ko.it̚.ket̚.tʃi.nʌ.ka.sin.i.ɾa.to],[al.ko.it̚.ket̚.tʃi.nʌ.ga.sin.i.ɾa.do]
고작 한명입니다 저희가 없애버리면,20,[ko.tʃak̚.han.mjʌŋ.ip̚.ni.ta.tʃʌ.hɯi.ka.ʌp̚.ɛ.pʌ.ɾi.mjʌn],[go.dʒak̚.han.mjʌŋ.ip̚.ni.da.dʒʌ.hɯi.ga.ʌp̚.ɛ.bʌ.ɾi.mjʌn]
이상 아무도,20,[i.saŋ.a.mu.to],[i.saŋ.a.mu.do]
일이 아니었어요,20,[il.i.a.ni.ʌt̚.ʌ.jo],[il.i.a.ni.ʌt̚.ʌ.jo]
안 하는군,20,[an.ha.nɯŋ.kun],[an.ha.nɯŋ.kun]
사랑해 이 일은,20,[sa.ɾaŋ.hɛ.i.il.ɯn],[sa.ɾaŋ.hɛ.i.il.ɯn]
안 하는군요,20,[an.ha.nɯŋ.kun.jo],[an.ha.nɯŋ.kun.jo]
좌 나리,20,[tʃwa.na.ɾi],[dʒwa.na.ɾi]
형사님 그,20,[hjʌŋ.sa.nim.kɯ],[hjʌŋ.sa.nim.gɯ]
그녀를 사랑하지,20,[kɯ.njʌ.ɾɯl.sa.ɾaŋ.ha.tʃi],[gɯ.njʌ.ɾɯl.sa.ɾaŋ.ha.dʒi]
사는건 내덕이지 어느정도,20,[sa.nɯŋ.kʌn.nɛ.tʌk̚.i.tʃi.ʌ.nɯ.tʃʌŋ.to],[sa.nɯŋ.kʌn.nɛ.dʌk̚.i.dʒi.ʌ.nɯ.dʒʌŋ.do]
중입니다 흠 잡을,20,[tʃuŋ.ip̚.ni.ta.hɯn.tʃap̚.ɯl],[dʒuŋ.ip̚.ni.da.hɯm.dʒap̚.ɯl]
언제 시작하죠,20,[ʌn.tʃe.si.tʃak̚.ha.tʃjo],[ʌn.tʃe.si.dʒak̚.ha.dʒjo]
만날 사람이 있어,20,[man.nal.sa.ɾam.i.it̚.ʌ],[man.nal.sa.ɾam.i.it̚.ʌ]
악몽이라네 이번일,20,[ak̚.moŋ.i.ɾa.ne.i.pʌn.il],[ak̚.moŋ.i.ɾa.ne.i.bʌn.il]
사는지 알아요,20,[sa.nɯn.tʃi.al.a.jo],[sa.nɯn.tʃi.al.a.jo]
뭐든 할 겁니다,20,[mwʌ.tɯn.hal.kʌp̚.ni.ta],[mwʌ.dɯn.hal.gʌp̚.ni.da]
기회를 놓친,20,[ki.hwe.ɾɯl.lot̚.tʃʰin],[gi.hwe.ɾɯl.lot̚.tʃʰin]
낼 수 있다면,20,[nɛl.su.it̚.ta.mjʌn],[nɛl.su.it̚.ta.mjʌn]
사다리를 타고,20,[sa.ta.ɾi.ɾɯl.tʰa.ko],[sa.da.ɾi.ɾɯl.tʰa.go]
만날 수 있길,20,[man.nal.su.it̚.kil],[man.nal.su.it̚.kil]
들어 좋아,20,[tɯl.ʌ.tʃot̚.a],[dɯl.ʌ.dʒot̚.a]
가장 덜,20,[ka.tʃaŋ.tʌl],[ga.dʒaŋ.dʌl]
낼 수 있죠,20,[nɛl.su.it̚.tʃjo],[nɛl.su.it̚.tʃjo]
이제 죽었어요,20,[i.tʃe.tʃuk̚.ʌt̚.ʌ.jo],[i.dʒe.dʒuk̚.ʌt̚.ʌ.jo]
근데 여기는,20,[kɯn.te.jʌ.ki.nɯn],[gɯn.te.jʌ.gi.nɯn]
제일 잘한,20,[tʃe.il.tʃal.han],[dʒe.il.dʒal.han]
회원권을 박탈할수밖에 없게되었어 이시간,20,[hwe.wʌŋ.kwʌn.ɯl.pak̚.tʰal.hal.su.pak̚.e.ʌp̚.ke.twe.ʌt̚.ʌ.i.si.kan],[hwe.wʌŋ.kwʌn.ɯl.bak̚.tʰal.hal.su.bak̚.e.ʌp̚.ke.dwe.ʌt̚.ʌ.i.si.gan]
the human race,20,,
거부하고 있어요,20,[kʌ.pu.ha.ko.it̚.ʌ.jo],[gʌ.bu.ha.go.it̚.ʌ.jo]
죽이러 오겠지 내가 산티노를,20,[tʃuk̚.i.ɾʌ.o.ket̚.tʃi.nɛ.ka.san.tʰi.no.ɾɯl],[dʒuk̚.i.ɾʌ.o.get̚.tʃi.nɛ.ga.san.tʰi.no.ɾɯl]
따른 거야,20,[t͈a.ɾɯŋ.kʌ.ja],[t͈a.ɾɯn.gʌ.ja]
저 바빠요,20,[tʃʌ.pa.p͈a.jo],[dʒʌ.ba.p͈a.jo]
쪼그리고 앉아,20,[tʃ͈o.kɯ.ɾi.ko.an.a],[tʃ͈o.gɯ.ɾi.go.an.a]
안 믿었는데,20,[an.mit̚.ʌt̚.nɯn.te],[an.mit̚.ʌt̚.nɯn.te]
그러면 두,20,[kɯ.ɾʌ.mjʌn.tu],[gɯ.ɾʌ.mjʌn.du]
그녀의 집에서,20,[kɯ.njʌ.ɯi.tʃip̚.e.sʌ],[gɯ.njʌ.ɯi.dʒip̚.e.sʌ]
입니다 날카롭게 갈아뒀습니다 좋습니다,20,[ip̚.ni.ta.nal.kʰa.ɾop̚.ke.kal.a.twʌt̚.sɯp̚.ni.ta.tʃot̚.sɯp̚.ni.ta],[ip̚.ni.da.nal.kʰa.ɾop̚.ke.gal.a.dwʌt̚.sɯp̚.ni.da.dʒot̚.sɯp̚.ni.da]
상상도 하기,20,[saŋ.saŋ.to.ha.ki],[saŋ.saŋ.do.ha.gi]
용서할 수가,20,[joŋ.sʌ.hal.su.ka],[joŋ.sʌ.hal.su.ga]
난 알아야 해,20,[nan.al.a.ja.hɛ],[nan.al.a.ja.hɛ]
막다른 골목이다,20,[mak̚.ta.ɾɯŋ.kol.mok̚.i.ta],[mak̚.ta.ɾɯn.gol.mok̚.i.da]
입니다 이것이 드,20,[ip̚.ni.ta.i.kʌt̚.i.tɯ],[ip̚.ni.da.i.gʌt̚.i.dɯ]
년 전 내가,20,[njʌn.tʃʌn.nɛ.ka],[njʌn.dʒʌn.nɛ.ga]
I broke,20,,
지금 시작합니다,20,[tʃi.kɯm.si.tʃak̚.hap̚.ni.ta],[dʒi.gɯm.si.dʒak̚.hap̚.ni.da]
제 파트너는,20,[tʃe.pʰa.tʰɯ.nʌ.nɯn],[dʒe.pʰa.tʰɯ.nʌ.nɯn]
그래서 나와,20,[kɯ.ɾɛ.sʌ.na.wa],[gɯ.ɾɛ.sʌ.na.wa]
안 믿을걸,20,[an.mit̚.ɯl.kʌl],[an.mit̚.ɯl.kʌl]
진짜야 하지만,20,[tʃin.tʃ͈a.ja.ha.tʃi.man],[dʒin.tʃ͈a.ja.ha.dʒi.man]
제가 데려다,20,[tʃe.ka.te.ɾjʌ.ta],[dʒe.ga.de.ɾjʌ.da]
부서져버렸는데 그리고 아는줄은 모르겠는데,20,[pu.sʌ.tʃjʌ.pʌ.ɾjʌt̚.nɯn.te.kɯ.ɾi.ko.a.nɯn.tʃul.ɯn.mo.ɾɯ.ket̚.nɯn.te],[bu.sʌ.dʒjʌ.bʌ.ɾjʌt̚.nɯn.te.gɯ.ɾi.go.a.nɯn.tʃul.ɯn.mo.ɾɯ.get̚.nɯn.te]
보잭이라는 말이라네 모르는 척하지,20,[po.tʃɛk̚.i.ɾa.nɯn.mal.i.ɾa.ne.mo.ɾɯ.nɯn.tʃʰʌk̚.ha.tʃi],[bo.dʒɛk̚.i.ɾa.nɯn.mal.i.ɾa.ne.mo.ɾɯ.nɯn.tʃʰʌk̚.ha.dʒi]
여기에 없는,20,[jʌ.ki.e.ʌp̚.nɯn],[jʌ.gi.e.ʌp̚.nɯn]
너무 길다,20,[nʌ.mu.kil.ta],[nʌ.mu.gil.ta]
일도 아니였어,20,[il.to.a.ni.jʌt̚.ʌ],[il.to.a.ni.jʌt̚.ʌ]
사실 확인을,20,[sa.sil.hwak̚.in.ɯl],[sa.sil.hwak̚.in.ɯl]
죽은 지 얼마나,20,[tʃuk̚.ɯn.tʃi.ʌl.ma.na],[dʒuk̚.ɯn.dʒi.ʌl.ma.na]
숙박 되시게,20,[suk̚.pak̚.twe.si.ke],[suk̚.pak̚.dwe.si.ge]
죽이려 한다고,20,[tʃuk̚.i.ɾjʌ.han.ta.ko],[dʒuk̚.i.ɾjʌ.han.ta.go]
입에서 그런,20,[ip̚.e.sʌ.kɯ.ɾʌn],[ip̚.e.sʌ.gɯ.ɾʌn]
다이어트 콜라,20,[ta.i.ʌ.tʰɯ.kʰol.ɾa],[da.i.ʌ.tʰɯ.kʰol.ɾa]
사라지진 않아,20,[sa.ɾa.tʃi.tʃin.an.a],[sa.ɾa.dʒi.dʒin.an.a]
흉부 엑스레이,20,[hjum.pu.ek̚.sɯ.ɾe.i],[hjuŋ.bu.ek̚.sɯ.ɾe.i]
죽어 가는 걸,20,[tʃuk̚.ʌ.ka.nɯŋ.kʌl],[dʒuk̚.ʌ.ga.nɯn.gʌl]
기억이 나질,20,[ki.ʌk̚.i.na.tʃil],[gi.ʌk̚.i.na.dʒil]
내 입술,20,[nɛ.ip̚.sul],[nɛ.ip̚.sul]
사실을 알려주고 싶었어,20,[sa.sil.ɯl.al.ɾjʌ.tʃu.ko.sip̚.ʌt̚.ʌ],[sa.sil.ɯl.al.ɾjʌ.dʒu.go.sip̚.ʌt̚.ʌ]
사실을 알려주고 싶었어 난,20,[sa.sil.ɯl.al.ɾjʌ.tʃu.ko.sip̚.ʌt̚.ʌ.nan],[sa.sil.ɯl.al.ɾjʌ.dʒu.go.sip̚.ʌt̚.ʌ.nan]
같아 보이네,20,[kat̚.a.po.i.ne],[gat̚.a.bo.i.ne]
사실이 아니죠,20,[sa.sil.i.a.ni.tʃjo],[sa.sil.i.a.ni.dʒjo]
해 빌어먹을,20,[hɛ.pil.ʌ.mʌk̚.ɯl],[hɛ.bil.ʌ.mʌk̚.ɯl]
태워버린겁니다 이제 표식에서 자유로운,20,[tʰɛ.wʌ.pʌ.ɾiŋ.kʌp̚.ni.ta.i.tʃe.pʰjo.sik̚.e.sʌ.tʃa.ju.ɾo.un],[tʰɛ.wʌ.bʌ.ɾiŋ.kʌp̚.ni.da.i.dʒe.pʰjo.sik̚.e.sʌ.dʒa.ju.ɾo.un]
그놈 회원권을,20,[kɯ.nom.hwe.wʌŋ.kwʌn.ɯl],[gɯ.nom.hwe.wʌŋ.kwʌn.ɯl]
겁니다 글쎄,20,[kʌp̚.ni.ta.kɯl.s͈e],[gʌp̚.ni.da.gɯl.s͈e]
털어놓고 싶은,20,[tʰʌl.ʌ.not̚.ko.sip̚.ɯn],[tʰʌl.ʌ.not̚.ko.sip̚.ɯn]
사업 금지라는것을 상기시켜 드려야,20,[sa.ʌp̚.kɯn.tʃi.ɾa.nɯŋ.kʌt̚.ɯl.saŋ.ki.si.kʰjʌ.tɯ.ɾjʌ.ja],[sa.ʌp̚.gɯn.tʃi.ɾa.nɯŋ.kʌt̚.ɯl.saŋ.gi.si.kʰjʌ.dɯ.ɾjʌ.ja]
혹시나 해서 말하는데,20,[hok̚.si.na.hɛ.sʌ.mal.ha.nɯn.te],[hok̚.si.na.hɛ.sʌ.mal.ha.nɯn.te]
난 잠시 쉬고 있을테니,20,[nan.tʃam.si.swi.ko.it̚.ɯl.tʰe.ni],[nan.dʒam.si.swi.go.it̚.ɯl.tʰe.ni]
나는 그렇게 하지,20,[na.nɯŋ.kɯ.ɾʌt̚.ke.ha.tʃi],[na.nɯn.gɯ.ɾʌt̚.ke.ha.dʒi]
곁에 있어 줘,20,[kjʌt̚.e.it̚.ʌ.tʃwʌ],[gjʌt̚.e.it̚.ʌ.dʒwʌ]
사업을 그렇게 그냥 가져가실순,20,[sa.ʌp̚.ɯl.kɯ.ɾʌt̚.ke.kɯ.njaŋ.ka.tʃjʌ.ka.sil.sun],[sa.ʌp̚.ɯl.gɯ.ɾʌt̚.ke.gɯ.njaŋ.ga.dʒjʌ.ga.sil.sun]
안 해도 되겠네,20,[an.hɛ.to.twe.ket̚.ne],[an.hɛ.do.dwe.get̚.ne]
사람 같아서,20,[sa.ɾam.kat̚.a.sʌ],[sa.ɾam.gat̚.a.sʌ]
사연이 있어,20,[sa.jʌn.i.it̚.ʌ],[sa.jʌn.i.it̚.ʌ]
하지만 그렇습니다,20,[ha.tʃi.maŋ.kɯ.ɾʌt̚.sɯp̚.ni.ta],[ha.dʒi.man.gɯ.ɾʌt̚.sɯp̚.ni.da]
하고 말이야 하지만 주위를,20,[ha.ko.mal.i.ja.ha.tʃi.man.tʃu.wi.ɾɯl],[ha.go.mal.i.ja.ha.dʒi.man.dʒu.wi.ɾɯl]
사람 괜찮아,20,[sa.ɾam.kwɛn.tʃʰan.a],[sa.ɾam.gwɛn.tʃʰan.a]
권리가 있었어요 이제,20,[kwʌl.li.ka.it̚.ʌt̚.ʌ.jo.i.tʃe],[gwʌl.li.ga.it̚.ʌt̚.ʌ.jo.i.dʒe]
한 거 기억나,20,[haŋ.kʌ.ki.ʌk̚.na],[han.gʌ.gi.ʌk̚.na]
그리고 모든 표식은,20,[kɯ.ɾi.ko.mo.tɯm.pʰjo.sik̚.ɯn],[gɯ.ɾi.go.mo.dɯm.pʰjo.sik̚.ɯn]
내가 대체 왜 그래야,20,[nɛ.ka.tɛ.tʃʰe.wɛ.kɯ.ɾɛ.ja],[nɛ.ga.dɛ.tʃʰe.wɛ.gɯ.ɾɛ.ja]
냄새가 지독해,20,[nɛm.sɛ.ka.tʃi.tok̚.hɛ],[nɛm.sɛ.ga.dʒi.dok̚.hɛ]
너무 멀리 가지,20,[nʌ.mu.mʌl.ɾi.ka.tʃi],[nʌ.mu.mʌl.ɾi.ga.dʒi]
사원과 지하무덤의 지도입니다 어떤,20,[sa.wʌŋ.kwa.tʃi.ha.mu.tʌm.ɯi.tʃi.to.ip̚.ni.ta.ʌ.t͈ʌn],[sa.wʌŋ.kwa.dʒi.ha.mu.dʌm.ɯi.dʒi.do.ip̚.ni.da.ʌ.t͈ʌn]
머릿속에 있어,20,[mʌ.ɾit̚.sok̚.e.it̚.ʌ],[mʌ.ɾit̚.sok̚.e.it̚.ʌ]
기회를 잡아야 해,20,[ki.hwe.ɾɯl.tʃap̚.a.ja.hɛ],[gi.hwe.ɾɯl.dʒap̚.a.ja.hɛ]
개인적인 문제야,20,[kɛ.in.tʃʌk̚.in.mun.tʃe.ja],[gɛ.in.tʃʌk̚.in.mun.tʃe.ja]
그리고 모든 표식은 지켜져야한다,20,[kɯ.ɾi.ko.mo.tɯm.pʰjo.sik̚.ɯn.tʃi.kʰjʌ.tʃjʌ.ja.han.ta],[gɯ.ɾi.go.mo.dɯm.pʰjo.sik̚.ɯn.dʒi.kʰjʌ.dʒjʌ.ja.han.ta]
무슨 말인지 모르겠구나,20,[mu.sɯn.mal.in.tʃi.mo.ɾɯ.ket̚.ku.na],[mu.sɯn.mal.in.tʃi.mo.ɾɯ.get̚.ku.na]
길이 였습니다 지금 이,20,[kil.i.jʌt̚.sɯp̚.ni.ta.tʃi.kɯm.i],[gil.i.jʌt̚.sɯp̚.ni.da.dʒi.gɯm.i]
좀 아까,20,[tʃom.a.k͈a],[dʒom.a.k͈a]
겁니다 끝내주시겠습니까,20,[kʌp̚.ni.ta.k͈ɯt̚.nɛ.tʃu.si.ket̚.sɯp̚.ni.k͈a],[gʌp̚.ni.da.k͈ɯt̚.nɛ.dʒu.si.get̚.sɯp̚.ni.k͈a]
은혜 잊지,20,[ɯn.hje.it̚.tʃi],[ɯn.hje.it̚.tʃi]
아직 내 누이를,20,[a.tʃik̚.nɛ.nu.i.ɾɯl],[a.dʒik̚.nɛ.nu.i.ɾɯl]
너무 반가워요,20,[nʌ.mu.paŋ.ka.wʌ.jo],[nʌ.mu.baŋ.ka.wʌ.jo]
무리를 지어,20,[mu.ɾi.ɾɯl.tʃi.ʌ],[mu.ɾi.ɾɯl.dʒi.ʌ]
쟤 완전,20,[tʃjɛ.wan.tʃʌn],[dʒjɛ.wan.tʃʌn]
Say it,20,,
사이에 장착하면 됩니다,20,[sa.i.e.tʃaŋ.tʃʰak̚.ha.mjʌn.twep̚.ni.ta],[sa.i.e.dʒaŋ.tʃʰak̚.ha.mjʌn.dwep̚.ni.da]
같은 게 있어,20,[kat̚.ɯŋ.ke.it̚.ʌ],[gat̚.ɯn.ge.it̚.ʌ]
그가 뭘 할거,20,[kɯ.ka.mwʌl.hal.kʌ],[gɯ.ga.mwʌl.hal.kʌ]
일이 일어날거라고 생각한건가,20,[il.i.il.ʌ.nal.kʌ.ɾa.ko.sɛŋ.kak̚.haŋ.kʌŋ.ka],[il.i.il.ʌ.nal.kʌ.ɾa.go.sɛŋ.gak̚.haŋ.kʌŋ.ka]
겁니다 참,20,[kʌp̚.ni.ta.tʃʰam],[gʌp̚.ni.da.tʃʰam]
무리한 부탁인,20,[mu.ɾi.ham.pu.tʰak̚.in],[mu.ɾi.han.bu.tʰak̚.in]
사람 되는,20,[sa.ɾan.twe.nɯn],[sa.ɾam.dwe.nɯn]
있을거라고 생각하는데 은밀하게 움직여야되,20,[it̚.ɯl.kʌ.ɾa.ko.sɛŋ.kak̚.ha.nɯn.te.ɯn.mil.ha.ke.un.tʃik̚.jʌ.ja.twe],[it̚.ɯl.kʌ.ɾa.go.sɛŋ.gak̚.ha.nɯn.te.ɯn.mil.ha.ge.un.tʃik̚.jʌ.ja.dwe]
그놈이 제 집을,20,[kɯ.nom.i.tʃe.tʃip̚.ɯl],[gɯ.nom.i.dʒe.dʒip̚.ɯl]
집은 왜,20,[tʃip̚.ɯn.wɛ],[dʒip̚.ɯn.wɛ]
같은 얘길,20,[kat̚.ɯn.jɛ.kil],[gat̚.ɯn.jɛ.gil]
냄새를 맡지,20,[nɛm.sɛ.ɾɯl.mat̚.tʃi],[nɛm.sɛ.ɾɯl.mat̚.tʃi]
너무 순진해,20,[nʌ.mu.sun.tʃin.hɛ],[nʌ.mu.sun.tʃin.hɛ]
너무 쉬운,20,[nʌ.mu.swi.un],[nʌ.mu.swi.un]
사제의 신전을 태워버린겁니다 이제,20,[sa.tʃe.ɯi.sin.tʃʌn.ɯl.tʰɛ.wʌ.pʌ.ɾiŋ.kʌp̚.ni.ta.i.tʃe],[sa.dʒe.ɯi.sin.tʃʌn.ɯl.tʰɛ.wʌ.bʌ.ɾiŋ.kʌp̚.ni.da.i.dʒe]
남자들이 다,20,[nan.tʃa.tɯl.i.ta],[nan.tʃa.dɯl.i.da]
단지 약간의,20,[tan.tʃi.jak̚.kan.ɯi],[dan.tʃi.jak̚.kan.ɯi]
컨티넨탈 호텔 회원으로써의,20,[kʰʌn.tʰi.nen.tʰal.ho.tʰel.hwe.wʌn.ɯ.ɾo.s͈ʌ.ɯi],[kʰʌn.tʰi.nen.tʰal.ho.tʰel.hwe.wʌn.ɯ.ɾo.s͈ʌ.ɯi]
귀국길 되길,20,[kwi.kuk̚.kil.twe.kil],[gwi.guk̚.kil.dwe.gil]
안 했어요 왜,20,[an.hɛt̚.ʌ.jo.wɛ],[an.hɛt̚.ʌ.jo.wɛ]
귀띔이라도 해,20,[kwi.t͈ɯim.i.ɾa.to.hɛ],[gwi.t͈ɯim.i.ɾa.do.hɛ]
죽었어요 내가,20,[tʃuk̚.ʌt̚.ʌ.jo.nɛ.ka],[dʒuk̚.ʌt̚.ʌ.jo.nɛ.ga]
원하는 건 뭐든지 할,20,[wʌn.ha.nɯŋ.kʌn.mwʌ.tɯn.tʃi.hal],[wʌn.ha.nɯn.gʌn.mwʌ.dɯn.tʃi.hal]
구급차를 불러요,20,[ku.kɯp̚.tʃʰa.ɾɯl.pul.ɾʌ.jo],[gu.gɯp̚.tʃʰa.ɾɯl.bul.ɾʌ.jo]
바우어리 킹에게 대려다줘 존,20,[pa.u.ʌ.ɾi.kʰiŋ.e.ke.tɛ.ɾjʌ.ta.tʃwʌ.tʃon],[ba.u.ʌ.ɾi.kʰiŋ.e.ge.dɛ.ɾjʌ.da.dʒwʌ.dʒon]
a genius,20,,
다가오는걸 못들었고 자네는,20,[ta.ka.o.nɯŋ.kʌl.mot̚.tɯl.ʌt̚.ko.tʃa.ne.nɯn],[da.ga.o.nɯŋ.kʌl.mot̚.tɯl.ʌt̚.ko.dʒa.ne.nɯn]
있겠네 자동차,20,[it̚.ket̚.ne.tʃa.toŋ.tʃʰa],[it̚.ket̚.ne.dʒa.doŋ.tʃʰa]
무사해서 정말 다행이야,20,[mu.sa.hɛ.sʌ.tʃʌŋ.mal.ta.hɛŋ.i.ja],[mu.sa.hɛ.sʌ.dʒʌŋ.mal.da.hɛŋ.i.ja]
얼마나 많은 돈을,20,[ʌl.ma.na.man.ɯn.ton.ɯl],[ʌl.ma.na.man.ɯn.don.ɯl]
사진을 전부,20,[sa.tʃin.ɯl.tʃʌm.pu],[sa.dʒin.ɯl.dʒʌm.pu]
사진을 찍다,20,[sa.tʃin.ɯl.tʃ͈ik̚.ta],[sa.dʒin.ɯl.tʃ͈ik̚.ta]
안개 속에서,20,[aŋ.kɛ.sok̚.e.sʌ],[aŋ.kɛ.sok̚.e.sʌ]
찍은 겁니다,20,[tʃ͈ik̚.ɯŋ.kʌp̚.ni.ta],[tʃ͈ik̚.ɯn.gʌp̚.ni.da]
마약 거래로,20,[ma.jak̚.kʌ.ɾɛ.ɾo],[ma.jak̚.gʌ.ɾɛ.ɾo]
너무 오래 걸려서 미안해,20,[nʌ.mu.o.ɾɛ.kʌl.ɾjʌ.sʌ.mi.an.hɛ],[nʌ.mu.o.ɾɛ.gʌl.ɾjʌ.sʌ.mi.an.hɛ]
거룩히 빛나시며 아버지의 나라가,20,[kʌ.ɾuk̚.hi.pit̚.na.si.mjʌ.a.pʌ.tʃi.ɯi.na.ɾa.ka],[gʌ.ɾuk̚.hi.bit̚.na.si.mjʌ.a.bʌ.dʒi.ɯi.na.ɾa.ga]
단추는 몇개나,20,[tan.tʃʰu.nɯn.mjʌt̚.kɛ.na],[dan.tʃʰu.nɯn.mjʌt̚.kɛ.na]
구동축은 부서져버렸는데 그리고,20,[ku.toŋ.tʃʰuk̚.ɯm.pu.sʌ.tʃjʌ.pʌ.ɾjʌt̚.nɯn.te.kɯ.ɾi.ko],[gu.doŋ.tʃʰuk̚.ɯn.bu.sʌ.dʒjʌ.bʌ.ɾjʌt̚.nɯn.te.gɯ.ɾi.go]
거룩히 빛나시며 아버지의,20,[kʌ.ɾuk̚.hi.pit̚.na.si.mjʌ.a.pʌ.tʃi.ɯi],[gʌ.ɾuk̚.hi.bit̚.na.si.mjʌ.a.bʌ.dʒi.ɯi]
너무 오랜만이야,20,[nʌ.mu.o.ɾɛn.man.i.ja],[nʌ.mu.o.ɾɛn.man.i.ja]
찾아줘서 고마워 괜찮아 그냥,20,[tʃʰat̚.a.tʃwʌ.sʌ.ko.ma.wʌ.kwɛn.tʃʰan.a.kɯ.njaŋ],[tʃʰat̚.a.dʒwʌ.sʌ.go.ma.wʌ.gwɛn.tʃʰan.a.gɯ.njaŋ]
at a time,20,,
죽이려는 걸,20,[tʃuk̚.i.ɾjʌ.nɯŋ.kʌl],[dʒuk̚.i.ɾjʌ.nɯn.gʌl]
겁니다 할,20,[kʌp̚.ni.ta.hal],[gʌp̚.ni.da.hal]
사람 본 적 있어,20,[sa.ɾam.pon.tʃʌk̚.it̚.ʌ],[sa.ɾam.bon.dʒʌk̚.it̚.ʌ]
하고 싶은 말 있으면,20,[ha.ko.sip̚.ɯn.mal.it̚.ɯ.mjʌn],[ha.go.sip̚.ɯn.mal.it̚.ɯ.mjʌn]
안내할걸세 조심히 가라고 아,20,[an.nɛ.hal.kʌl.se.tʃo.sim.hi.ka.ɾa.ko.a],[an.nɛ.hal.kʌl.se.dʒo.sim.hi.ga.ɾa.go.a]
네 아내야,20,[ne.a.nɛ.ja],[ne.a.nɛ.ja]
사람 생각을,20,[sa.ɾam.sɛŋ.kak̚.ɯl],[sa.ɾam.sɛŋ.gak̚.ɯl]
오늘은 일이,20,[o.nɯl.ɯn.il.i],[o.nɯl.ɯn.il.i]
깁스 그리고,20,[kip̚.sɯ.kɯ.ɾi.ko],[gip̚.sɯ.gɯ.ɾi.go]
뭔가 잘못된 걸,20,[mwʌŋ.ka.tʃal.mot̚.tweŋ.kʌl],[mwʌŋ.ka.dʒal.mot̚.twen.gʌl]
무서워 죽겠어요,20,[mu.sʌ.wʌ.tʃuk̚.ket̚.ʌ.jo],[mu.sʌ.wʌ.dʒuk̚.ket̚.ʌ.jo]
산타 모니카,20,[san.tʰa.mo.ni.kʰa],[san.tʰa.mo.ni.kʰa]
들어가고 있습니다,20,[tɯl.ʌ.ka.ko.it̚.sɯp̚.ni.ta],[dɯl.ʌ.ga.go.it̚.sɯp̚.ni.da]
산티노 드 안토니오를,20,[san.tʰi.no.tɯ.an.tʰo.ni.o.ɾɯl],[san.tʰi.no.dɯ.an.tʰo.ni.o.ɾɯl]
자네의 뒤를 쏘고,20,[tʃa.ne.ɯi.twi.ɾɯl.s͈o.ko],[dʒa.ne.ɯi.dwi.ɾɯl.s͈o.go]
산티노가 내,20,[san.tʰi.no.ka.nɛ],[san.tʰi.no.ga.nɛ]
산티노가 업타운을,20,[san.tʰi.no.ka.ʌp̚.tʰa.un.ɯl],[san.tʰi.no.ga.ʌp̚.tʰa.un.ɯl]
산티노는 뉴욕을,20,[san.tʰi.no.nɯn.nju.jok̚.ɯl],[san.tʰi.no.nɯn.nju.jok̚.ɯl]
산티노는 박물관에 있어,20,[san.tʰi.no.nɯm.pak̚.mul.kwan.e.it̚.ʌ],[san.tʰi.no.nɯn.bak̚.mul.kwan.e.it̚.ʌ]
너무 좋아하지,20,[nʌ.mu.tʃot̚.a.ha.tʃi],[nʌ.mu.dʒot̚.a.ha.dʒi]
산티노는 자네 목에,20,[san.tʰi.no.nɯn.tʃa.ne.mok̚.e],[san.tʰi.no.nɯn.dʒa.ne.mok̚.e]
산티노를 죽인다면 카모라와,20,[san.tʰi.no.ɾɯl.tʃuk̚.in.ta.mjʌŋ.kʰa.mo.ɾa.wa],[san.tʰi.no.ɾɯl.dʒuk̚.in.ta.mjʌŋ.kʰa.mo.ɾa.wa]
안 보내는,20,[am.po.nɛ.nɯn],[an.bo.nɛ.nɯn]
같은 애들을,20,[kat̚.ɯn.ɛ.tɯl.ɯl],[gat̚.ɯn.ɛ.dɯl.ɯl]
일이 있어도 그,20,[il.i.it̚.ʌ.to.kɯ],[il.i.it̚.ʌ.do.gɯ]
죽였다는 거예요,20,[tʃuk̚.jʌt̚.ta.nɯŋ.kʌ.je.jo],[dʒuk̚.jʌt̚.ta.nɯn.gʌ.je.jo]
기다리고있네 안전한 귀국길,20,[ki.ta.ɾi.ko.it̚.ne.an.tʃʌn.haŋ.kwi.kuk̚.kil],[gi.da.ɾi.go.it̚.ne.an.tʃʌn.han.gwi.guk̚.kil]
너무 짧아요,20,[nʌ.mu.tʃ͈al.a.jo],[nʌ.mu.tʃ͈al.a.jo]
뒤로 올려,20,[twi.ɾo.ol.ɾjʌ],[dwi.ɾo.ol.ɾjʌ]
통화 기록도,20,[tʰoŋ.hwa.ki.ɾok̚.to],[tʰoŋ.hwa.gi.ɾok̚.to]
살 사람이,20,[sal.sa.ɾam.i],[sal.sa.ɾam.i]
너무 춥고,20,[nʌ.mu.tʃʰup̚.ko],[nʌ.mu.tʃʰup̚.ko]
당신이 그들의,20,[taŋ.sin.i.kɯ.tɯl.ɯi],[daŋ.sin.i.gɯ.dɯl.ɯi]
규칙 중,20,[kju.tʃʰik̚.tʃuŋ],[gju.tʃʰik̚.dʒuŋ]
순 없어 안,20,[sun.ʌp̚.ʌ.an],[sun.ʌp̚.ʌ.an]
규칙없인 우리는,20,[kju.tʃʰik̚.ʌp̚.in.u.ɾi.nɯn],[gju.tʃʰik̚.ʌp̚.in.u.ɾi.nɯn]
규칙없인 우리는 짐승들일뿐이네,20,[kju.tʃʰik̚.ʌp̚.in.u.ɾi.nɯn.tʃim.sɯŋ.tɯl.il.p͈un.i.ne],[gju.tʃʰik̚.ʌp̚.in.u.ɾi.nɯn.dʒim.sɯŋ.dɯl.il.p͈un.i.ne]
있고 잘,20,[it̚.ko.tʃal],[it̚.ko.dʒal]
머리 모양을,20,[mʌ.ɾi.mo.jaŋ.ɯl],[mʌ.ɾi.mo.jaŋ.ɯl]
기억이 난다,20,[ki.ʌk̚.i.nan.ta],[gi.ʌk̚.i.nan.ta]
구름 한 점,20,[ku.ɾɯm.han.tʃʌm],[gu.ɾɯm.han.dʒʌm]
한 우리가,20,[han.u.ɾi.ka],[han.u.ɾi.ga]
살게 되는,20,[sal.ke.twe.nɯn],[sal.ke.dwe.nɯn]
계산하겠지 어떻게 할건지 궁금하군,20,[kje.san.ha.ket̚.tʃi.ʌ.t͈ʌt̚.ke.hal.kʌn.tʃi.kuŋ.kɯm.ha.kun],[gje.san.ha.get̚.tʃi.ʌ.t͈ʌt̚.ke.hal.kʌn.tʃi.guŋ.gɯm.ha.gun]
규칙을 지켜 규칙없인,20,[kju.tʃʰik̚.ɯl.tʃi.kʰjʌ.kju.tʃʰik̚.ʌp̚.in],[gju.tʃʰik̚.ɯl.dʒi.kʰjʌ.gju.tʃʰik̚.ʌp̚.in]
사람 오늘,20,[sa.ɾam.o.nɯl],[sa.ɾam.o.nɯl]
머리 모양은,20,[mʌ.ɾi.mo.jaŋ.ɯn],[mʌ.ɾi.mo.jaŋ.ɯn]
내 오토바이,20,[nɛ.o.tʰo.pa.i],[nɛ.o.tʰo.ba.i]
너 같은 애는,20,[nʌ.kat̚.ɯn.ɛ.nɯn],[nʌ.gat̚.ɯn.ɛ.nɯn]
살던가 그래서,20,[sal.tʌŋ.ka.kɯ.ɾɛ.sʌ],[sal.tʌŋ.ka.gɯ.ɾɛ.sʌ]
그 가게에,20,[kɯ.ka.ke.e],[gɯ.ga.ge.e]
간 겁니까,20,[kaŋ.kʌp̚.ni.k͈a],[gan.gʌp̚.ni.k͈a]
기회를 주신,20,[ki.hwe.ɾɯl.tʃu.sin],[gi.hwe.ɾɯl.dʒu.sin]
만들어준 선물,20,[man.tɯl.ʌ.tʃun.sʌn.mul],[man.tɯl.ʌ.dʒun.sʌn.mul]
깊은 반응도,20,[kip̚.ɯm.pan.ɯŋ.to],[gip̚.ɯn.ban.ɯŋ.do]
깊은 반응도 이끌어 내시길,20,[kip̚.ɯm.pan.ɯŋ.to.i.k͈ɯl.ʌ.nɛ.si.kil],[gip̚.ɯn.ban.ɯŋ.do.i.k͈ɯl.ʌ.nɛ.si.gil]
저희가 가진,20,[tʃʌ.hɯi.ka.ka.tʃin],[dʒʌ.hɯi.ga.ga.dʒin]
살면서 처음으로,20,[sal.mjʌn.sʌ.tʃʰʌ.ɯm.ɯ.ɾo],[sal.mjʌn.sʌ.tʃʰʌ.ɯm.ɯ.ɾo]
바로 따라갈게,20,[pa.ɾo.t͈a.ɾa.kal.ke],[ba.ɾo.t͈a.ɾa.gal.ke]
너에게 말한다면,20,[nʌ.e.ke.mal.han.ta.mjʌn],[nʌ.e.ge.mal.han.ta.mjʌn]
있나 볼게,20,[it̚.na.pol.ke],[it̚.na.bol.ke]
원하는 것처럼,20,[wʌn.ha.nɯŋ.kʌt̚.tʃʰʌ.ɾʌm],[wʌn.ha.nɯn.gʌt̚.tʃʰʌ.ɾʌm]
일이 있었냐고,20,[il.i.it̚.ʌt̚.nja.ko],[il.i.it̚.ʌt̚.nja.go]
그는 그럴 것이다,20,[kɯ.nɯŋ.kɯ.ɾʌl.kʌt̚.i.ta],[gɯ.nɯn.gɯ.ɾʌl.gʌt̚.i.da]
살아 있다니,20,[sal.a.it̚.ta.ni],[sal.a.it̚.ta.ni]
다른 직장을,20,[ta.ɾɯn.tʃik̚.tʃaŋ.ɯl],[da.ɾɯn.dʒik̚.tʃaŋ.ɯl]
너 그래,20,[nʌ.kɯ.ɾɛ],[nʌ.gɯ.ɾɛ]
거예요 신경,20,[kʌ.je.jo.siŋ.kjʌŋ],[gʌ.je.jo.siŋ.kjʌŋ]
이제 카모라의 수장이야 항상,20,[i.tʃe.kʰa.mo.ɾa.ɯi.su.tʃaŋ.i.ja.haŋ.saŋ],[i.dʒe.kʰa.mo.ɾa.ɯi.su.dʒaŋ.i.ja.haŋ.saŋ]
뭐가 뭔지 모르겠다,20,[mwʌ.ka.mwʌn.tʃi.mo.ɾɯ.ket̚.ta],[mwʌ.ga.mwʌn.tʃi.mo.ɾɯ.get̚.ta]
어느 정도죠,20,[ʌ.nɯ.tʃʌŋ.to.tʃjo],[ʌ.nɯ.dʒʌŋ.do.dʒjo]
안녕하세요 이게,20,[an.njʌŋ.ha.se.jo.i.ke],[an.njʌŋ.ha.se.jo.i.ge]
있네 조나단 컨티넨탈,20,[it̚.ne.tʃo.na.taŋ.kʰʌn.tʰi.nen.tʰal],[it̚.ne.dʒo.na.daŋ.kʰʌn.tʰi.nen.tʰal]
안녕하세요 지금,20,[an.njʌŋ.ha.se.jo.tʃi.kɯm],[an.njʌŋ.ha.se.jo.dʒi.gɯm]
있네 차가 기다리고있네,20,[it̚.ne.tʃʰa.ka.ki.ta.ɾi.ko.it̚.ne],[it̚.ne.tʃʰa.ga.gi.da.ɾi.go.it̚.ne]
남길 거야,20,[nam.kil.kʌ.ja],[nam.kil.gʌ.ja]
그 것이다,20,[kɯ.kʌt̚.i.ta],[gɯ.gʌt̚.i.da]
너 그걸,20,[nʌ.kɯ.kʌl],[nʌ.gɯ.gʌl]
집을 불살랐습니다 자네가,20,[tʃip̚.ɯl.pul.sal.ɾat̚.sɯp̚.ni.ta.tʃa.ne.ka],[dʒip̚.ɯl.bul.sal.ɾat̚.sɯp̚.ni.da.dʒa.ne.ga]
죽이지 못해 말하지 않았나,20,[tʃuk̚.i.tʃi.mot̚.hɛ.mal.ha.tʃi.an.at̚.na],[dʒuk̚.i.dʒi.mot̚.hɛ.mal.ha.dʒi.an.at̚.na]
Never mind,20,,
너 기다리고,20,[nʌ.ki.ta.ɾi.ko],[nʌ.gi.da.ɾi.go]
무슨 그런 말을,20,[mu.sɯŋ.kɯ.ɾʌn.mal.ɯl],[mu.sɯn.gɯ.ɾʌn.mal.ɯl]
진짜 멋있어,20,[tʃin.tʃ͈a.mʌt̚.it̚.ʌ],[dʒin.tʃ͈a.mʌt̚.it̚.ʌ]
사람 찾아봐 내말들어 이게,20,[sa.ɾan.tʃʰat̚.a.pwa.nɛ.mal.tɯl.ʌ.i.ke],[sa.ɾan.tʃʰat̚.a.bwa.nɛ.mal.tɯl.ʌ.i.ge]
살았지 자네 덕분에,20,[sal.at̚.tʃi.tʃa.ne.tʌk̚.pun.e],[sal.at̚.tʃi.dʒa.ne.dʌk̚.pun.e]
살았지 자네 덕분에 아무도,20,[sal.at̚.tʃi.tʃa.ne.tʌk̚.pun.e.a.mu.to],[sal.at̚.tʃi.dʒa.ne.dʌk̚.pun.e.a.mu.do]
가방을 두고,20,[ka.paŋ.ɯl.tu.ko],[ga.baŋ.ɯl.du.go]
대려다줘 이것,20,[tɛ.ɾjʌ.ta.tʃwʌ.i.kʌt̚],[dɛ.ɾjʌ.da.dʒwʌ.i.gʌt̚]
반갑습니다 윅 씨 윅,20,[paŋ.kap̚.sɯp̚.ni.ta.wik̚.s͈i.wik̚],[baŋ.kap̚.sɯp̚.ni.da.wik̚.s͈i.wik̚]
당황한 웃음,20,[taŋ.hwaŋ.han.ut̚.ɯm],[daŋ.hwaŋ.han.ut̚.ɯm]
하고 있대,20,[ha.ko.it̚.tɛ],[ha.go.it̚.tɛ]
난 저 사람,20,[nan.tʃʌ.sa.ɾam],[nan.dʒʌ.sa.ɾam]
간다 이,20,[kan.ta.i],[gan.ta.i]
그녀를 잡았다,20,[kɯ.njʌ.ɾɯl.tʃap̚.at̚.ta],[gɯ.njʌ.ɾɯl.dʒap̚.at̚.ta]
했을 리가,20,[hɛt̚.ɯl.ɾi.ka],[hɛt̚.ɯl.ɾi.ga]
차 하나때문에,20,[tʃʰa.ha.na.t͈ɛ.mun.e],[tʃʰa.ha.na.t͈ɛ.mun.e]
살인 혐의로 체포합니다,20,[sal.in.hjʌm.ɯi.ɾo.tʃʰe.pʰo.hap̚.ni.ta],[sal.in.hjʌm.ɯi.ɾo.tʃʰe.pʰo.hap̚.ni.da]
나한텐 중요한,20,[na.han.tʰen.tʃuŋ.jo.han],[na.han.tʰen.dʒuŋ.jo.han]
떠난 거죠,20,[t͈ʌ.naŋ.kʌ.tʃjo],[t͈ʌ.nan.gʌ.dʒjo]
살인금지 그리고,20,[sal.iŋ.kɯn.tʃi.kɯ.ɾi.ko],[sal.iŋ.kɯn.tʃi.gɯ.ɾi.go]
살인도 할,20,[sal.in.to.hal],[sal.in.to.hal]
마약을 한,20,[ma.jak̚.ɯl.han],[ma.jak̚.ɯl.han]
자네좀 보게 지금 생각하고,20,[tʃa.ne.tʃom.po.ke.tʃi.kɯm.sɛŋ.kak̚.ha.ko],[dʒa.ne.dʒom.bo.ge.dʒi.gɯm.sɛŋ.gak̚.ha.go]
이게 우리가 가진,20,[i.ke.u.ɾi.ka.ka.tʃin],[i.ge.u.ɾi.ga.ga.dʒin]
않으면 우리 모두,20,[an.ɯ.mjʌn.u.ɾi.mo.tu],[an.ɯ.mjʌn.u.ɾi.mo.du]
부시 대통령,20,[pu.si.tɛ.tʰoŋ.ɾjʌŋ],[bu.si.dɛ.tʰoŋ.ɾjʌŋ]
죽이지 않는다면 말이지 안녕하신가,20,[tʃuk̚.i.tʃi.an.nɯn.ta.mjʌn.mal.i.tʃi.an.njʌŋ.ha.siŋ.ka],[dʒuk̚.i.dʒi.an.nɯn.ta.mjʌn.mal.i.dʒi.an.njʌŋ.ha.siŋ.ka]
말야 저,20,[mal.ja.tʃʌ],[mal.ja.dʒʌ]
인정 안 해,20,[in.tʃʌŋ.an.hɛ],[in.tʃʌŋ.an.hɛ]
집을 사서,20,[tʃip̚.ɯl.sa.sʌ],[dʒip̚.ɯl.sa.sʌ]
너의 손을,20,[nʌ.ɯi.son.ɯl],[nʌ.ɯi.son.ɯl]
가져가 표식은 작은일이,20,[ka.tʃjʌ.ka.pʰjo.sik̚.ɯn.tʃak̚.ɯn.il.i],[ga.dʒjʌ.ga.pʰjo.sik̚.ɯn.dʒak̚.ɯn.il.i]
차가 기다리고있네,20,[tʃʰa.ka.ki.ta.ɾi.ko.it̚.ne],[tʃʰa.ga.gi.da.ɾi.go.it̚.ne]
너 내 말,20,[nʌ.nɛ.mal],[nʌ.nɛ.mal]
테니 가,20,[tʰe.ni.ka],[tʰe.ni.ga]
있는 건 뭐든지요,20,[it̚.nɯŋ.kʌn.mwʌ.tɯn.tʃi.jo],[it̚.nɯn.gʌn.mwʌ.dɯn.tʃi.jo]
그 괴물들이,20,[kɯ.kwe.mul.tɯl.i],[gɯ.gwe.mul.tɯl.i]
쓰나 봐,20,[s͈ɯ.na.pwa],[s͈ɯ.na.bwa]
대려다줘 존,20,[tɛ.ɾjʌ.ta.tʃwʌ.tʃon],[dɛ.ɾjʌ.da.dʒwʌ.dʒon]
안돼 너,20,[an.twɛ.nʌ],[an.twɛ.nʌ]
너의 집,20,[nʌ.ɯi.tʃip̚],[nʌ.ɯi.dʒip̚]
그 구멍에,20,[kɯ.ku.mʌŋ.e],[gɯ.gu.mʌŋ.e]
모든 생명체,20,[mo.tɯn.sɛŋ.mjʌŋ.tʃʰe],[mo.dɯn.sɛŋ.mjʌŋ.tʃʰe]
살해 동기를,20,[sal.hɛ.toŋ.ki.ɾɯl],[sal.hɛ.doŋ.gi.ɾɯl]
I wanna try,20,,
