Item,Frequency,Formal_IPA,Casual_IPA
중요할 수,9,[tʃuŋ.jo.hal.su],[dʒuŋ.jo.hal.su]
중요해 그,9,[tʃuŋ.jo.hɛ.kɯ],[dʒuŋ.jo.hɛ.gɯ]
중요해 그래서,9,[tʃuŋ.jo.hɛ.kɯ.ɾɛ.sʌ],[dʒuŋ.jo.hɛ.gɯ.ɾɛ.sʌ]
하는 곳은,9,[ha.nɯŋ.kot̚.ɯn],[ha.nɯn.got̚.ɯn]
위치 사수해,9,[wi.tʃʰi.sa.su.hɛ],[wi.tʃʰi.sa.su.hɛ]
봐요 저런,9,[pwa.jo.tʃʌ.ɾʌn],[bwa.jo.dʒʌ.ɾʌn]
행운은 필요,9,[hɛŋ.un.ɯm.pʰil.jo],[hɛŋ.un.ɯm.pʰil.jo]
행운을 비는,9,[hɛŋ.un.ɯl.pi.nɯn],[hɛŋ.un.ɯl.bi.nɯn]
중의 하나죠,9,[tʃuŋ.ɯi.ha.na.tʃjo],[dʒuŋ.ɯi.ha.na.dʒjo]
내가 보기엔 그게,9,[nɛ.ka.po.ki.eŋ.kɯ.ke],[nɛ.ga.bo.gi.en.gɯ.ge]
내 상사한테,9,[nɛ.saŋ.sa.han.tʰe],[nɛ.saŋ.sa.han.tʰe]
난 너 같지,9,[nan.nʌ.kat̚.tʃi],[nan.nʌ.gat̚.tʃi]
중이던 기자 제이미 캠벨이,9,[tʃuŋ.i.tʌŋ.ki.tʃa.tʃe.i.mi.kʰɛm.pel.i],[dʒuŋ.i.dʌn.gi.dʒa.dʒe.i.mi.kʰɛm.pel.i]
중이라고 했어요,9,[tʃuŋ.i.ɾa.ko.hɛt̚.ʌ.jo],[dʒuŋ.i.ɾa.go.hɛt̚.ʌ.jo]
No I,9,,
난 너 안 믿어,9,[nan.nʌ.an.mit̚.ʌ],[nan.nʌ.an.mit̚.ʌ]
결혼 서약에,9,[kjʌl.hon.sʌ.jak̚.e],[gjʌl.hon.sʌ.jak̚.e]
중이야 너도,9,[tʃuŋ.i.ja.nʌ.to],[dʒuŋ.i.ja.nʌ.do]
and cut,9,,
난 너나,9,[nan.nʌ.na],[nan.nʌ.na]
묵비권 행사할,9,[muk̚.pi.kwʌn.hɛŋ.sa.hal],[muk̚.pi.gwʌn.hɛŋ.sa.hal]
중이야 뭘,9,[tʃuŋ.i.ja.mwʌl],[dʒuŋ.i.ja.mwʌl]
중이야 새,9,[tʃuŋ.i.ja.sɛ],[dʒuŋ.i.ja.sɛ]
중이야 아,9,[tʃuŋ.i.ja.a],[dʒuŋ.i.ja.a]
난 너랑 같이 있을,9,[nan.nʌ.ɾaŋ.kat̚.i.it̚.ɯl],[nan.nʌ.ɾaŋ.gat̚.i.it̚.ɯl]
중이야 알아,9,[tʃuŋ.i.ja.al.a],[dʒuŋ.i.ja.al.a]
묵비권을 행사할 수 있습니다,9,[muk̚.pi.kwʌn.ɯl.hɛŋ.sa.hal.su.it̚.sɯp̚.ni.ta],[muk̚.pi.gwʌn.ɯl.hɛŋ.sa.hal.su.it̚.sɯp̚.ni.da]
들어왔나 봐,9,[tɯl.ʌ.wat̚.na.pwa],[dɯl.ʌ.wat̚.na.bwa]
난 너를 모른다,9,[nan.nʌ.ɾɯl.mo.ɾɯn.ta],[nan.nʌ.ɾɯl.mo.ɾɯn.ta]
중이었는데 그,9,[tʃuŋ.i.ʌt̚.nɯn.te.kɯ],[dʒuŋ.i.ʌt̚.nɯn.te.gɯ]
씨 나와,9,[s͈i.na.wa],[s͈i.na.wa]
중이에요 그게,9,[tʃuŋ.i.e.jo.kɯ.ke],[dʒuŋ.i.e.jo.gɯ.ge]
묶어 두는,9,[muk̚.ʌ.tu.nɯn],[muk̚.ʌ.du.nɯn]
묶어 둘,9,[muk̚.ʌ.tul],[muk̚.ʌ.dul]
중이에요 당신,9,[tʃuŋ.i.e.jo.taŋ.sin],[dʒuŋ.i.e.jo.daŋ.sin]
묶어야 해,9,[muk̚.ʌ.ja.hɛ],[muk̚.ʌ.ja.hɛ]
중이에요 이제,9,[tʃuŋ.i.e.jo.i.tʃe],[dʒuŋ.i.e.jo.i.dʒe]
중이죠 그럼,9,[tʃuŋ.i.tʃjo.kɯ.ɾʌm],[dʒuŋ.i.dʒjo.gɯ.ɾʌm]
my village,9,,
중이지 그,9,[tʃuŋ.i.tʃi.kɯ],[dʒuŋ.i.dʒi.gɯ]
난 관여,9,[naŋ.kwan.jʌ],[nan.gwan.jʌ]
중인 거예요,9,[tʃuŋ.iŋ.kʌ.je.jo],[dʒuŋ.in.gʌ.je.jo]
중인 건 알지만,9,[tʃuŋ.iŋ.kʌn.al.tʃi.man],[dʒuŋ.in.gʌn.al.tʃi.man]
묶은 거,9,[muk̚.ɯŋ.kʌ],[muk̚.ɯn.gʌ]
가지고 있지도,9,[ka.tʃi.ko.it̚.tʃi.to],[ga.dʒi.go.it̚.tʃi.do]
위치를 알리는,9,[wi.tʃʰi.ɾɯl.al.ɾi.nɯn],[wi.tʃʰi.ɾɯl.al.ɾi.nɯn]
그것을 입고,9,[kɯ.kʌt̚.ɯl.ip̚.ko],[gɯ.gʌt̚.ɯl.ip̚.ko]
묶인 흔적이,9,[muk̚.in.hɯn.tʃʌk̚.i],[muk̚.in.hɯn.tʃʌk̚.i]
그리고 우리가 가진,9,[kɯ.ɾi.ko.u.ɾi.ka.ka.tʃin],[gɯ.ɾi.go.u.ɾi.ga.ga.dʒin]
문 거야,9,[muŋ.kʌ.ja],[mun.gʌ.ja]
하는 멍청한,9,[ha.nɯn.mʌŋ.tʃʰʌŋ.han],[ha.nɯn.mʌŋ.tʃʰʌŋ.han]
중인데 내가,9,[tʃuŋ.in.te.nɛ.ka],[dʒuŋ.in.te.nɛ.ga]
문 것,9,[muŋ.kʌt̚],[mun.gʌt̚]
난 괜찮아 고마워,9,[naŋ.kwɛn.tʃʰan.a.ko.ma.wʌ],[nan.gwɛn.tʃʰan.a.go.ma.wʌ]
난 너와는,9,[nan.nʌ.wa.nɯn],[nan.nʌ.wa.nɯn]
난 너한테 그걸,9,[nan.nʌ.han.tʰe.kɯ.kʌl],[nan.nʌ.han.tʰe.gɯ.gʌl]
중입니다 어떻게,9,[tʃuŋ.ip̚.ni.ta.ʌ.t͈ʌt̚.ke],[dʒuŋ.ip̚.ni.da.ʌ.t͈ʌt̚.ke]
문 닫아라,9,[mun.tat̚.a.ɾa],[mun.dat̚.a.ɾa]
중입니다 전,9,[tʃuŋ.ip̚.ni.ta.tʃʌn],[dʒuŋ.ip̚.ni.da.dʒʌn]
위치를 찾았습니다,9,[wi.tʃʰi.ɾɯl.tʃʰat̚.at̚.sɯp̚.ni.ta],[wi.tʃʰi.ɾɯl.tʃʰat̚.at̚.sɯp̚.ni.da]
중입니다 현재,9,[tʃuŋ.ip̚.ni.ta.hjʌn.tʃɛ],[dʒuŋ.ip̚.ni.da.hjʌn.tʃɛ]
중태 오빠,9,[tʃuŋ.tʰɛ.o.p͈a],[dʒuŋ.tʰɛ.o.p͈a]
난 너한테서,9,[nan.nʌ.han.tʰe.sʌ],[nan.nʌ.han.tʰe.sʌ]
그것을 전부,9,[kɯ.kʌt̚.ɯl.tʃʌm.pu],[gɯ.gʌt̚.ɯl.dʒʌm.pu]
문 닫을 시간이에요,9,[mun.tat̚.ɯl.si.kan.i.e.jo],[mun.dat̚.ɯl.si.gan.i.e.jo]
줘 걱정하지 마,9,[tʃwʌ.kʌk̚.tʃʌŋ.ha.tʃi.ma],[dʒwʌ.gʌk̚.tʃʌŋ.ha.dʒi.ma]
문 당장 열어,9,[mun.taŋ.tʃaŋ.jʌl.ʌ],[mun.daŋ.dʒaŋ.jʌl.ʌ]
문 두드리고,9,[mun.tu.tɯ.ɾi.ko],[mun.du.dɯ.ɾi.go]
문 두드리는 소리가,9,[mun.tu.tɯ.ɾi.nɯn.so.ɾi.ka],[mun.du.dɯ.ɾi.nɯn.so.ɾi.ga]
문 뒤로,9,[mun.twi.ɾo],[mun.dwi.ɾo]
줘 그런데,9,[tʃwʌ.kɯ.ɾʌn.te],[dʒwʌ.gɯ.ɾʌn.te]
문 뒤에 있는,9,[mun.twi.e.it̚.nɯn],[mun.dwi.e.it̚.nɯn]
행크 집에,9,[hɛŋ.kʰɯ.tʃip̚.e],[hɛŋ.kʰɯ.dʒip̚.e]
내 생각도 같아요,9,[nɛ.sɛŋ.kak̚.to.kat̚.a.jo],[nɛ.sɛŋ.gak̚.to.gat̚.a.jo]
줘 내보내,9,[tʃwʌ.nɛ.po.nɛ],[dʒwʌ.nɛ.bo.nɛ]
줘 너도,9,[tʃwʌ.nʌ.to],[dʒwʌ.nʌ.do]
문 부숴,9,[mum.pu.swʌ],[mun.bu.swʌ]
번째와 세,9,[pʌn.tʃ͈ɛ.wa.se],[bʌn.tʃ͈ɛ.wa.se]
하는 사람이다,9,[ha.nɯn.sa.ɾam.i.ta],[ha.nɯn.sa.ɾam.i.da]
하는 사람이라고,9,[ha.nɯn.sa.ɾam.i.ɾa.ko],[ha.nɯn.sa.ɾam.i.ɾa.go]
문 손잡이,9,[mun.son.tʃap̚.i],[mun.son.tʃap̚.i]
난 널 내,9,[nan.nʌl.lɛ],[nan.nʌl.lɛ]
하는 사람이요,9,[ha.nɯn.sa.ɾam.i.jo],[ha.nɯn.sa.ɾam.i.jo]
내가 보는 방식으로는요,9,[nɛ.ka.po.nɯm.paŋ.sik̚.ɯ.ɾo.nɯn.jo],[nɛ.ga.bo.nɯn.baŋ.sik̚.ɯ.ɾo.nɯn.jo]
줘 둘,9,[tʃwʌ.tul],[dʒwʌ.dul]
줘 몇,9,[tʃwʌ.mjʌt̚],[dʒwʌ.mjʌt̚]
문 여닫히는,9,[mun.jʌ.tat̚.hi.nɯn],[mun.jʌ.dat̚.hi.nɯn]
문 여닫히는 소리,9,[mun.jʌ.tat̚.hi.nɯn.so.ɾi],[mun.jʌ.dat̚.hi.nɯn.so.ɾi]
난 널 떠나지 않아,9,[nan.nʌl.t͈ʌ.na.tʃi.an.a],[nan.nʌl.t͈ʌ.na.dʒi.an.a]
줘 봐 여기,9,[tʃwʌ.pwa.jʌ.ki],[dʒwʌ.bwa.jʌ.gi]
줘 빌어먹을,9,[tʃwʌ.pil.ʌ.mʌk̚.ɯl],[dʒwʌ.bil.ʌ.mʌk̚.ɯl]
줘 솔직히,9,[tʃwʌ.sol.tʃik̚.hi],[dʒwʌ.sol.tʃik̚.hi]
난 널 미워하지,9,[nan.nʌl.mi.wʌ.ha.tʃi],[nan.nʌl.mi.wʌ.ha.dʒi]
줘 아뇨,9,[tʃwʌ.a.njo],[dʒwʌ.a.njo]
문 열렸어,9,[mun.jʌl.ɾjʌt̚.ʌ],[mun.jʌl.ɾjʌt̚.ʌ]
줘 아빠가,9,[tʃwʌ.a.p͈a.ka],[dʒwʌ.a.p͈a.ga]
문 열어 내가,9,[mun.jʌl.ʌ.nɛ.ka],[mun.jʌl.ʌ.nɛ.ga]
결혼반지를 안,9,[kjʌl.hom.pan.tʃi.ɾɯl.an],[gjʌl.hom.pan.tʃi.ɾɯl.an]
문 열어 주세요,9,[mun.jʌl.ʌ.tʃu.se.jo],[mun.jʌl.ʌ.dʒu.se.jo]
줘 이리 와,9,[tʃwʌ.i.ɾi.wa],[dʒwʌ.i.ɾi.wa]
난 널 보호할 수,9,[nan.nʌl.po.ho.hal.su],[nan.nʌl.bo.ho.hal.su]
줘 자넨,9,[tʃwʌ.tʃa.nen],[dʒwʌ.dʒa.nen]
줘 자막,9,[tʃwʌ.tʃa.mak̚],[dʒwʌ.dʒa.mak̚]
문 열어줄,9,[mun.jʌl.ʌ.tʃul],[mun.jʌl.ʌ.dʒul]
난 널 볼,9,[nan.nʌl.pol],[nan.nʌl.bol]
줘 절대,9,[tʃwʌ.tʃʌl.tɛ],[dʒwʌ.dʒʌl.tɛ]
out of my way,9,,
줘 최대한,9,[tʃwʌ.tʃʰwe.tɛ.han],[dʒwʌ.tʃʰwe.dɛ.han]
하는 얘기인데,9,[ha.nɯn.jɛ.ki.in.te],[ha.nɯn.jɛ.gi.in.te]
줘 하나,9,[tʃwʌ.ha.na],[dʒwʌ.ha.na]
씨 미안해요,9,[s͈i.mi.an.hɛ.jo],[s͈i.mi.an.hɛ.jo]
하는 얘기지,9,[ha.nɯn.jɛ.ki.tʃi],[ha.nɯn.jɛ.gi.dʒi]
줘봐 내,9,[tʃwʌ.pwa.nɛ],[dʒwʌ.bwa.nɛ]
문 전부,9,[mun.tʃʌm.pu],[mun.dʒʌm.pu]
줘서 고마워 내,9,[tʃwʌ.sʌ.ko.ma.wʌ.nɛ],[dʒwʌ.sʌ.go.ma.wʌ.nɛ]
난 널 알지도,9,[nan.nʌl.al.tʃi.to],[nan.nʌl.al.tʃi.do]
난 널 알지도 못해,9,[nan.nʌl.al.tʃi.to.mot̚.hɛ],[nan.nʌl.al.tʃi.do.mot̚.hɛ]
문 좀 열어 보세요,9,[mun.tʃom.jʌl.ʌ.po.se.jo],[mun.dʒom.jʌl.ʌ.bo.se.jo]
줘서 고마워 천만에,9,[tʃwʌ.sʌ.ko.ma.wʌ.tʃʰʌn.man.e],[dʒwʌ.sʌ.go.ma.wʌ.tʃʰʌn.man.e]
줘서 고마워요 천만에요,9,[tʃwʌ.sʌ.ko.ma.wʌ.jo.tʃʰʌn.man.e.jo],[dʒwʌ.sʌ.go.ma.wʌ.jo.tʃʰʌn.man.e.jo]
난 널 원했어,9,[nan.nʌl.wʌn.hɛt̚.ʌ],[nan.nʌl.wʌn.hɛt̚.ʌ]
문 좀 열어줄래요,9,[mun.tʃom.jʌl.ʌ.tʃul.ɾɛ.jo],[mun.dʒom.jʌl.ʌ.dʒul.ɾɛ.jo]
난 널 위해 여기,9,[nan.nʌl.wi.hɛ.jʌ.ki],[nan.nʌl.wi.hɛ.jʌ.gi]
난 널 위해서,9,[nan.nʌl.wi.hɛ.sʌ],[nan.nʌl.wi.hɛ.sʌ]
줘서 다시,9,[tʃwʌ.sʌ.ta.si],[dʒwʌ.sʌ.da.si]
줘서 정말 고맙다,9,[tʃwʌ.sʌ.tʃʌŋ.mal.ko.map̚.ta],[dʒwʌ.sʌ.dʒʌŋ.mal.go.map̚.ta]
줘선 안 돼,9,[tʃwʌ.sʌn.an.twɛ],[dʒwʌ.sʌn.an.dwɛ]
문단속 잘하고,9,[mun.tan.sok̚.tʃal.ha.ko],[mun.tan.sok̚.dʒal.ha.go]
문도 안 잠그고,9,[mun.to.an.tʃam.kɯ.ko],[mun.to.an.dʒam.kɯ.go]
번호가 있습니다,9,[pʌn.ho.ka.it̚.sɯp̚.ni.ta],[bʌn.ho.ga.it̚.sɯp̚.ni.da]
위한 거야 난,9,[wi.haŋ.kʌ.ja.nan],[wi.han.gʌ.ja.nan]
문득 이런 생각이,9,[mun.tɯk̚.i.ɾʌn.sɛŋ.kak̚.i],[mun.tɯk̚.i.ɾʌn.sɛŋ.gak̚.i]
줘야 할 것 같아서,9,[tʃwʌ.ja.hal.kʌt̚.kat̚.a.sʌ],[dʒwʌ.ja.hal.gʌt̚.gat̚.a.sʌ]
씨 사이에,9,[s͈i.sa.i.e],[s͈i.sa.i.e]
문서 작성,9,[mun.sʌ.tʃak̚.sʌŋ],[mun.sʌ.dʒak̚.sʌŋ]
문서를 보면,9,[mun.sʌ.ɾɯl.po.mjʌn],[mun.sʌ.ɾɯl.bo.mjʌn]
줘요 고마워,9,[tʃwʌ.jo.ko.ma.wʌ],[dʒwʌ.jo.go.ma.wʌ]
줘요 고맙습니다,9,[tʃwʌ.jo.ko.map̚.sɯp̚.ni.ta],[dʒwʌ.jo.go.map̚.sɯp̚.ni.da]
문신 중,9,[mun.sin.tʃuŋ],[mun.sin.dʒuŋ]
줘요 그러지,9,[tʃwʌ.jo.kɯ.ɾʌ.tʃi],[dʒwʌ.jo.gɯ.ɾʌ.dʒi]
문신은 왜,9,[mun.sin.ɯn.wɛ],[mun.sin.ɯn.wɛ]
줘요 다들,9,[tʃwʌ.jo.ta.tɯl],[dʒwʌ.jo.da.dɯl]
하는 자들이,9,[ha.nɯn.tʃa.tɯl.i],[ha.nɯn.dʒa.dɯl.i]
줘요 아,9,[tʃwʌ.jo.a],[dʒwʌ.jo.a]
위한 것인지,9,[wi.haŋ.kʌt̚.in.tʃi],[wi.han.gʌt̚.in.tʃi]
위한 것인가,9,[wi.haŋ.kʌt̚.iŋ.ka],[wi.han.gʌt̚.iŋ.ka]
줘요 여기요,9,[tʃwʌ.jo.jʌ.ki.jo],[dʒwʌ.jo.jʌ.gi.jo]
문에서 떨어지시오,9,[mun.e.sʌ.t͈ʌl.ʌ.tʃi.si.o],[mun.e.sʌ.t͈ʌl.ʌ.dʒi.si.o]
난 네 모든,9,[nan.ne.mo.tɯn],[nan.ne.mo.dɯn]
하는 재주가,9,[ha.nɯn.tʃɛ.tʃu.ka],[ha.nɯn.dʒɛ.dʒu.ga]
줘요 자,9,[tʃwʌ.jo.tʃa],[dʒwʌ.jo.dʒa]
하는 중이라,9,[ha.nɯn.tʃuŋ.i.ɾa],[ha.nɯn.dʒuŋ.i.ɾa]
줬는데 그걸,9,[tʃwʌt̚.nɯn.te.kɯ.kʌl],[dʒwʌt̚.nɯn.te.gɯ.gʌl]
위한 그들의,9,[wi.haŋ.kɯ.tɯl.ɯi],[wi.han.gɯ.dɯl.ɯi]
난 네 아빠다,9,[nan.ne.a.p͈a.ta],[nan.ne.a.p͈a.da]
가까운 사이였죠,9,[ka.k͈a.un.sa.i.jʌt̚.tʃjo],[ga.k͈a.un.sa.i.jʌt̚.tʃjo]
준비가 안 됐잖아,9,[tʃum.pi.ka.an.twɛt̚.tʃan.a],[dʒum.pi.ga.an.dwɛt̚.tʃan.a]
줬다는 게,9,[tʃwʌt̚.ta.nɯŋ.ke],[dʒwʌt̚.ta.nɯn.ge]
m도 안,9,[to.an],[do.an]
문을 닫게 될,9,[mun.ɯl.tat̚.ke.twel],[mun.ɯl.dat̚.ke.dwel]
들어줄 수 있어,9,[tɯl.ʌ.tʃul.su.it̚.ʌ],[dɯl.ʌ.dʒul.su.it̚.ʌ]
줬어 어떻게,9,[tʃwʌt̚.ʌ.ʌ.t͈ʌt̚.ke],[dʒwʌt̚.ʌ.ʌ.t͈ʌt̚.ke]
줬어 우리,9,[tʃwʌt̚.ʌ.u.ɾi],[dʒwʌt̚.ʌ.u.ɾi]
줬어 좋은,9,[tʃwʌt̚.ʌ.tʃot̚.ɯn],[dʒwʌt̚.ʌ.dʒot̚.ɯn]
위한 노력은,9,[wi.han.no.ɾjʌk̚.ɯn],[wi.han.no.ɾjʌk̚.ɯn]
줬어야 하는데,9,[tʃwʌt̚.ʌ.ja.ha.nɯn.te],[dʒwʌt̚.ʌ.ja.ha.nɯn.te]
줬어야 했어,9,[tʃwʌt̚.ʌ.ja.hɛt̚.ʌ],[dʒwʌt̚.ʌ.ja.hɛt̚.ʌ]
문을 닫아야 해,9,[mun.ɯl.tat̚.a.ja.hɛ],[mun.ɯl.dat̚.a.ja.hɛ]
준비가 전혀 안,9,[tʃum.pi.ka.tʃʌn.hjʌ.an],[dʒum.pi.ga.dʒʌn.hjʌ.an]
줬어요 난,9,[tʃwʌt̚.ʌ.jo.nan],[dʒwʌt̚.ʌ.jo.nan]
고향 생각이,9,[ko.hjaŋ.sɛŋ.kak̚.i],[go.hjaŋ.sɛŋ.gak̚.i]
줬어요 왜,9,[tʃwʌt̚.ʌ.jo.wɛ],[dʒwʌt̚.ʌ.jo.wɛ]
하는 힘을,9,[ha.nɯn.him.ɯl],[ha.nɯn.him.ɯl]
줬어요 전,9,[tʃwʌt̚.ʌ.jo.tʃʌn],[dʒwʌt̚.ʌ.jo.dʒʌn]
줬어요 제,9,[tʃwʌt̚.ʌ.jo.tʃe],[dʒwʌt̚.ʌ.jo.dʒe]
줬으니 내,9,[tʃwʌt̚.ɯ.ni.nɛ],[dʒwʌt̚.ɯ.ni.nɛ]
줬으면 한다,9,[tʃwʌt̚.ɯ.mjʌn.han.ta],[dʒwʌt̚.ɯ.mjʌn.han.ta]
줬을 겁니다,9,[tʃwʌt̚.ɯl.kʌp̚.ni.ta],[dʒwʌt̚.ɯl.gʌp̚.ni.da]
하는건 좀,9,[ha.nɯŋ.kʌn.tʃom],[ha.nɯŋ.kʌn.dʒom]
향해 총을 쏘고,9,[hjaŋ.hɛ.tʃʰoŋ.ɯl.s͈o.ko],[hjaŋ.hɛ.tʃʰoŋ.ɯl.s͈o.go]
줬지 그게,9,[tʃwʌt̚.tʃi.kɯ.ke],[dʒwʌt̚.tʃi.gɯ.ge]
줬지 그리고,9,[tʃwʌt̚.tʃi.kɯ.ɾi.ko],[dʒwʌt̚.tʃi.gɯ.ɾi.go]
줬지 난,9,[tʃwʌt̚.tʃi.nan],[dʒwʌt̚.tʃi.nan]
결혼식을 올릴,9,[kjʌl.hon.sik̚.ɯl.ol.ɾil],[gjʌl.hon.sik̚.ɯl.ol.ɾil]
위한 선물입니다,9,[wi.han.sʌn.mul.ip̚.ni.ta],[wi.han.sʌn.mul.ip̚.ni.da]
쥐 박멸,9,[tʃwi.pak̚.mjʌl],[dʒwi.bak̚.mjʌl]
난 네가 그렇다고,9,[nan.ne.ka.kɯ.ɾʌt̚.ta.ko],[nan.ne.ga.gɯ.ɾʌt̚.ta.go]
결혼식을 할,9,[kjʌl.hon.sik̚.ɯl.hal],[gjʌl.hon.sik̚.ɯl.hal]
문을 열 거야,9,[mun.ɯl.jʌl.kʌ.ja],[mun.ɯl.jʌl.gʌ.ja]
가지도 않았어,9,[ka.tʃi.to.an.at̚.ʌ],[ga.dʒi.do.an.at̚.ʌ]
문을 열 것이다,9,[mun.ɯl.jʌl.kʌt̚.i.ta],[mun.ɯl.jʌl.gʌt̚.i.da]
쥐고 있었어요,9,[tʃwi.ko.it̚.ʌt̚.ʌ.jo],[dʒwi.go.it̚.ʌt̚.ʌ.jo]
봤기 때문이에요,9,[pwat̚.ki.t͈ɛ.mun.i.e.jo],[bwat̚.ki.t͈ɛ.mun.i.e.jo]
가지도 않을,9,[ka.tʃi.to.an.ɯl],[ga.dʒi.do.an.ɯl]
결혼식이 있어요,9,[kjʌl.hon.sik̚.i.it̚.ʌ.jo],[gjʌl.hon.sik̚.i.it̚.ʌ.jo]
문을 열라,9,[mun.ɯl.jʌl.ɾa],[mun.ɯl.jʌl.ɾa]
난 네가 돌아올,9,[nan.ne.ka.tol.a.ol],[nan.ne.ga.dol.a.ol]
무슨 얘기를 했어,9,[mu.sɯn.jɛ.ki.ɾɯl.hɛt̚.ʌ],[mu.sɯn.jɛ.gi.ɾɯl.hɛt̚.ʌ]
벌 수 있을 거예요,9,[pʌl.su.it̚.ɯl.kʌ.je.jo],[bʌl.su.it̚.ɯl.gʌ.je.jo]
쥘 베른,9,[tʃwil.pe.ɾɯn],[dʒwil.be.ɾɯn]
벌 주는,9,[pʌl.tʃu.nɯn],[bʌl.dʒu.nɯn]
쥬드 수녀님,9,[tʃju.tɯ.su.njʌ.nim],[dʒju.dɯ.su.njʌ.nim]
na na,9,,
문을 열어주고,9,[mun.ɯl.jʌl.ʌ.tʃu.ko],[mun.ɯl.jʌl.ʌ.dʒu.go]
문을 열어주세요,9,[mun.ɯl.jʌl.ʌ.tʃu.se.jo],[mun.ɯl.jʌl.ʌ.dʒu.se.jo]
난 네가 부러워,9,[nan.ne.ka.pu.ɾʌ.wʌ],[nan.ne.ga.bu.ɾʌ.wʌ]
허가가 필요해요,9,[hʌ.ka.ka.pʰil.jo.hɛ.jo],[hʌ.ga.ga.pʰil.jo.hɛ.jo]
문을 잠갔다,9,[mun.ɯl.tʃam.kat̚.ta],[mun.ɯl.dʒam.kat̚.ta]
out of the house,9,,
관계를 잃을 수도,9,[kwaŋ.kje.ɾɯl.il.ɯl.su.to],[gwaŋ.kje.ɾɯl.il.ɯl.su.do]
즐거운 대화,9,[tʃɯl.kʌ.un.tɛ.hwa],[dʒɯl.kʌ.un.dɛ.hwa]
즐거운 명절,9,[tʃɯl.kʌ.un.mjʌŋ.tʃʌl],[dʒɯl.kʌ.un.mjʌŋ.dʒʌl]
준비돼 있지,9,[tʃum.pi.twɛ.it̚.tʃi],[dʒum.pi.dwɛ.it̚.tʃi]
문을 지켜,9,[mun.ɯl.tʃi.kʰjʌ],[mun.ɯl.dʒi.kʰjʌ]
즐거운 시간 센테야,9,[tʃɯl.kʌ.un.si.kan.sen.tʰe.ja],[dʒɯl.kʌ.un.si.gan.sen.tʰe.ja]
문을 철컥 연다,9,[mun.ɯl.tʃʰʌl.kʰʌk̚.jʌn.ta],[mun.ɯl.tʃʰʌl.kʰʌk̚.jʌn.ta]
난 네가 얼마나,9,[nan.ne.ka.ʌl.ma.na],[nan.ne.ga.ʌl.ma.na]
하는데 뭐라고,9,[ha.nɯn.te.mwʌ.ɾa.ko],[ha.nɯn.te.mwʌ.ɾa.go]
결혼은 하지,9,[kjʌl.hon.ɯn.ha.tʃi],[gjʌl.hon.ɯn.ha.dʒi]
관계를 잃을 수도 있습니다,9,[kwaŋ.kje.ɾɯl.il.ɯl.su.to.it̚.sɯp̚.ni.ta],[gwaŋ.kje.ɾɯl.il.ɯl.su.do.it̚.sɯp̚.ni.da]
하는데 다들,9,[ha.nɯn.te.ta.tɯl],[ha.nɯn.te.da.dɯl]
즐거운 저녁 되세요,9,[tʃɯl.kʌ.un.tʃʌ.njʌk̚.twe.se.jo],[dʒɯl.kʌ.un.dʒʌ.njʌk̚.dwe.se.jo]
하는데 아무도,9,[ha.nɯn.te.a.mu.to],[ha.nɯn.te.a.mu.do]
문을 활짝 열어,9,[mun.ɯl.hwal.tʃ͈ak̚.jʌl.ʌ],[mun.ɯl.hwal.tʃ͈ak̚.jʌl.ʌ]
벌레 같은 놈,9,[pʌl.ɾe.kat̚.ɯn.nom],[bʌl.ɾe.gat̚.ɯn.nom]
즐거운 하루를,9,[tʃɯl.kʌ.un.ha.ɾu.ɾɯl],[dʒɯl.kʌ.un.ha.ɾu.ɾɯl]
즐거운 하루 보내요,9,[tʃɯl.kʌ.un.ha.ɾu.po.nɛ.jo],[dʒɯl.kʌ.un.ha.ɾu.bo.nɛ.jo]
문이 고장,9,[mun.i.ko.tʃaŋ],[mun.i.go.dʒaŋ]
즐거워 하는,9,[tʃɯl.kʌ.wʌ.ha.nɯn],[dʒɯl.kʌ.wʌ.ha.nɯn]
허가를 요청한다,9,[hʌ.ka.ɾɯl.jo.tʃʰʌŋ.han.ta],[hʌ.ga.ɾɯl.jo.tʃʰʌŋ.han.ta]
난 네가 좋은 사람이라는,9,[nan.ne.ka.tʃot̚.ɯn.sa.ɾam.i.ɾa.nɯn],[nan.ne.ga.dʒot̚.ɯn.sa.ɾam.i.ɾa.nɯn]
봤는데 그냥,9,[pwat̚.nɯn.te.kɯ.njaŋ],[bwat̚.nɯn.te.gɯ.njaŋ]
즐겁게 보낼,9,[tʃɯl.kʌp̚.ke.po.nɛl],[dʒɯl.kʌp̚.ke.bo.nɛl]
즐겁게 지내,9,[tʃɯl.kʌp̚.ke.tʃi.nɛ],[dʒɯl.kʌp̚.ke.dʒi.nɛ]
즐겁게 지내세요,9,[tʃɯl.kʌp̚.ke.tʃi.nɛ.se.jo],[dʒɯl.kʌp̚.ke.dʒi.nɛ.se.jo]
난 네가 진짜,9,[nan.ne.ka.tʃin.tʃ͈a],[nan.ne.ga.dʒin.tʃ͈a]
난 네가 충분히,9,[nan.ne.ka.tʃʰum.pun.hi],[nan.ne.ga.tʃʰuŋ.bun.hi]
즐겁게 해주고,9,[tʃɯl.kʌp̚.ke.hɛ.tʃu.ko],[dʒɯl.kʌp̚.ke.hɛ.dʒu.go]
결혼을 앞두고,9,[kjʌl.hon.ɯl.ap̚.tu.ko],[gjʌl.hon.ɯl.ap̚.tu.go]
난 네가 필요 없다,9,[nan.ne.ka.pʰil.jo.ʌp̚.ta],[nan.ne.ga.pʰil.jo.ʌp̚.ta]
문이 삐걱 열린다,9,[mun.i.p͈i.kʌk̚.jʌl.ɾin.ta],[mun.i.p͈i.gʌk̚.jʌl.ɾin.ta]
즐겨 보는,9,[tʃɯl.kjʌ.po.nɯn],[dʒɯl.kjʌ.bo.nɯn]
문이 스륵,9,[mun.i.sɯ.ɾɯk̚],[mun.i.sɯ.ɾɯk̚]
즐겨 봐,9,[tʃɯl.kjʌ.pwa],[dʒɯl.kjʌ.bwa]
즐겨도 돼,9,[tʃɯl.kjʌ.to.twɛ],[dʒɯl.kjʌ.do.dwɛ]
즐기게 될,9,[tʃɯl.ki.ke.twel],[dʒɯl.ki.ge.dwel]
즐기고 계신가요,9,[tʃɯl.ki.ko.kje.siŋ.ka.jo],[dʒɯl.ki.go.gje.siŋ.ka.jo]
하는데 진짜,9,[ha.nɯn.te.tʃin.tʃ͈a],[ha.nɯn.te.dʒin.tʃ͈a]
즐기고 있는 것,9,[tʃɯl.ki.ko.it̚.nɯŋ.kʌt̚],[dʒɯl.ki.go.it̚.nɯn.gʌt̚]
즐기고 있다는,9,[tʃɯl.ki.ko.it̚.ta.nɯn],[dʒɯl.ki.go.it̚.ta.nɯn]
즐기고 있었다,9,[tʃɯl.ki.ko.it̚.ʌt̚.ta],[dʒɯl.ki.go.it̚.ʌt̚.ta]
문이 열렸고,9,[mun.i.jʌl.ɾjʌt̚.ko],[mun.i.jʌl.ɾjʌt̚.ko]
난 네놈이,9,[nan.ne.nom.i],[nan.ne.nom.i]
즐기는 게 어때,9,[tʃɯl.ki.nɯŋ.ke.ʌ.t͈ɛ],[dʒɯl.ki.nɯn.ge.ʌ.t͈ɛ]
준비되면 바로,9,[tʃum.pi.twe.mjʌm.pa.ɾo],[dʒum.pi.dwe.mjʌn.ba.ɾo]
위한 피,9,[wi.ham.pʰi],[wi.ham.pʰi]
즐기지 않는,9,[tʃɯl.ki.tʃi.an.nɯn],[dʒɯl.ki.dʒi.an.nɯn]
문이 있고,9,[mun.i.it̚.ko],[mun.i.it̚.ko]
즐길 거예요,9,[tʃɯl.kil.kʌ.je.jo],[dʒɯl.kil.gʌ.je.jo]
문이 있는,9,[mun.i.it̚.nɯn],[mun.i.it̚.nɯn]
가지러 갔다가,9,[ka.tʃi.ɾʌ.kat̚.ta.ka],[ga.dʒi.ɾʌ.gat̚.ta.ga]
문이 있을,9,[mun.i.it̚.ɯl],[mun.i.it̚.ɯl]
I am not a,9,,
위한게 아냐,9,[wi.haŋ.ke.a.nja],[wi.haŋ.ke.a.nja]
증가 된,9,[tʃɯŋ.ka.twen],[dʒɯŋ.ga.dwen]
증거 그,9,[tʃɯŋ.kʌ.kɯ],[dʒɯŋ.gʌ.gɯ]
증거 보관실에서,9,[tʃɯŋ.kʌ.po.kwan.sil.e.sʌ],[dʒɯŋ.gʌ.bo.gwan.sil.e.sʌ]
허락 안 해요,9,[hʌ.ɾak̚.an.hɛ.jo],[hʌ.ɾak̚.an.hɛ.jo]
증거 수집을,9,[tʃɯŋ.kʌ.su.tʃip̚.ɯl],[dʒɯŋ.gʌ.su.dʒip̚.ɯl]
난 농담,9,[nan.noŋ.tam],[nan.noŋ.dam]
out of town,9,,
증거가 더 필요해,9,[tʃɯŋ.kʌ.ka.tʌ.pʰil.jo.hɛ],[dʒɯŋ.gʌ.ga.dʌ.pʰil.jo.hɛ]
증거가 될 수도,9,[tʃɯŋ.kʌ.ka.twel.su.to],[dʒɯŋ.gʌ.ga.dwel.su.do]
증거가 발견 될 수,9,[tʃɯŋ.kʌ.ka.pal.kjʌn.twel.su],[dʒɯŋ.gʌ.ga.bal.kjʌn.dwel.su]
문자 보내기,9,[mun.tʃa.po.nɛ.ki],[mun.tʃa.bo.nɛ.gi]
행복한 결말은,9,[hɛm.pok̚.haŋ.kjʌl.mal.ɯn],[hɛŋ.bok̚.han.gjʌl.mal.ɯn]
증거가 없었어요,9,[tʃɯŋ.kʌ.ka.ʌp̚.ʌt̚.ʌ.jo],[dʒɯŋ.gʌ.ga.ʌp̚.ʌt̚.ʌ.jo]
문자 보낼 거야,9,[mun.tʃa.po.nɛl.kʌ.ja],[mun.tʃa.bo.nɛl.gʌ.ja]
난 누군가가,9,[nan.nu.kuŋ.ka.ka],[nan.nu.guŋ.ka.ga]
증거가 있을 거야,9,[tʃɯŋ.kʌ.ka.it̚.ɯl.kʌ.ja],[dʒɯŋ.gʌ.ga.it̚.ɯl.gʌ.ja]
증거가 있잖아,9,[tʃɯŋ.kʌ.ka.it̚.tʃan.a],[dʒɯŋ.gʌ.ga.it̚.tʃan.a]
증거가 있지,9,[tʃɯŋ.kʌ.ka.it̚.tʃi],[dʒɯŋ.gʌ.ga.it̚.tʃi]
증거가 필요할,9,[tʃɯŋ.kʌ.ka.pʰil.jo.hal],[dʒɯŋ.gʌ.ga.pʰil.jo.hal]
난 눈도,9,[nan.nun.to],[nan.nun.to]
증거는 다,9,[tʃɯŋ.kʌ.nɯn.ta],[dʒɯŋ.gʌ.nɯn.da]
하는지 알고 있어요,9,[ha.nɯn.tʃi.al.ko.it̚.ʌ.jo],[ha.nɯn.tʃi.al.ko.it̚.ʌ.jo]
문자 해요,9,[mun.tʃa.hɛ.jo],[mun.tʃa.hɛ.jo]
결혼이란 건,9,[kjʌl.hon.i.ɾaŋ.kʌn],[gjʌl.hon.i.ɾan.gʌn]
증거는 있나,9,[tʃɯŋ.kʌ.nɯn.it̚.na],[dʒɯŋ.gʌ.nɯn.it̚.na]
증거도 있어,9,[tʃɯŋ.kʌ.to.it̚.ʌ],[dʒɯŋ.gʌ.do.it̚.ʌ]
내 생각이에요,9,[nɛ.sɛŋ.kak̚.i.e.jo],[nɛ.sɛŋ.gak̚.i.e.jo]
위해 결국 누군가는,9,[wi.hɛ.kjʌl.kuk̚.nu.kuŋ.ka.nɯn],[wi.hɛ.gjʌl.kuk̚.nu.guŋ.ka.nɯn]
결혼하게 해주세요,9,[kjʌl.hon.ha.ke.hɛ.tʃu.se.jo],[gjʌl.hon.ha.ge.hɛ.dʒu.se.jo]
증거를 가지고 있다고,9,[tʃɯŋ.kʌ.ɾɯl.ka.tʃi.ko.it̚.ta.ko],[dʒɯŋ.gʌ.ɾɯl.ga.dʒi.go.it̚.ta.go]
잘 모르겠어요 전,9,[tʃal.mo.ɾɯ.ket̚.ʌ.jo.tʃʌn],[dʒal.mo.ɾɯ.get̚.ʌ.jo.dʒʌn]
문자를 보냈죠,9,[mun.tʃa.ɾɯl.po.nɛt̚.tʃjo],[mun.tʃa.ɾɯl.bo.nɛt̚.tʃjo]
난 능력이,9,[nan.nɯŋ.ɾjʌk̚.i],[nan.nɯŋ.ɾjʌk̚.i]
벌써 며칠,9,[pʌl.s͈ʌ.mjʌ.tʃʰil],[bʌl.s͈ʌ.mjʌ.tʃʰil]
증거에 대한,9,[tʃɯŋ.kʌ.e.tɛ.han],[dʒɯŋ.gʌ.e.dɛ.han]
증권 거래소에,9,[tʃɯŋ.kwʌŋ.kʌ.ɾɛ.so.e],[dʒɯŋ.gwʌn.gʌ.ɾɛ.so.e]
증기 기관차를,9,[tʃɯŋ.ki.ki.kwan.tʃʰa.ɾɯl],[dʒɯŋ.gi.gi.gwan.tʃʰa.ɾɯl]
난 교도소,9,[naŋ.kjo.to.so],[nan.gjo.do.so]
증명 못 해,9,[tʃɯŋ.mjʌŋ.mot̚.hɛ],[dʒɯŋ.mjʌŋ.mot̚.hɛ]
증명 할 수,9,[tʃɯŋ.mjʌŋ.hal.su],[dʒɯŋ.mjʌŋ.hal.su]
증명도 못,9,[tʃɯŋ.mjʌŋ.to.mot̚],[dʒɯŋ.mjʌŋ.do.mot̚]
증명을 못,9,[tʃɯŋ.mjʌŋ.ɯl.mot̚],[dʒɯŋ.mjʌŋ.ɯl.mot̚]
증명하는 거지,9,[tʃɯŋ.mjʌŋ.ha.nɯŋ.kʌ.tʃi],[dʒɯŋ.mjʌŋ.ha.nɯn.gʌ.dʒi]
문제 말이에요,9,[mun.tʃe.mal.i.e.jo],[mun.tʃe.mal.i.e.jo]
증명할 방법은,9,[tʃɯŋ.mjʌŋ.hal.pam.pʌp̚.ɯn],[dʒɯŋ.mjʌŋ.hal.baŋ.bʌp̚.ɯn]
증명할 수 있는 건,9,[tʃɯŋ.mjʌŋ.hal.su.it̚.nɯŋ.kʌn],[dʒɯŋ.mjʌŋ.hal.su.it̚.nɯn.gʌn]
난 다르다고,9,[nan.ta.ɾɯ.ta.ko],[nan.da.ɾɯ.da.go]
난 다르지,9,[nan.ta.ɾɯ.tʃi],[nan.da.ɾɯ.dʒi]
난 다른 게,9,[nan.ta.ɾɯŋ.ke],[nan.da.ɾɯn.ge]
위해 그리고 나서,9,[wi.hɛ.kɯ.ɾi.ko.na.sʌ],[wi.hɛ.gɯ.ɾi.go.na.sʌ]
들었어 날,9,[tɯl.ʌt̚.ʌ.nal],[dɯl.ʌt̚.ʌ.nal]
증명해 보이고,9,[tʃɯŋ.mjʌŋ.hɛ.po.i.ko],[dʒɯŋ.mjʌŋ.hɛ.bo.i.go]
증명해 보일 거야,9,[tʃɯŋ.mjʌŋ.hɛ.po.il.kʌ.ja],[dʒɯŋ.mjʌŋ.hɛ.bo.il.gʌ.ja]
증명해 주는,9,[tʃɯŋ.mjʌŋ.hɛ.tʃu.nɯn],[dʒɯŋ.mjʌŋ.hɛ.dʒu.nɯn]
증명해야 돼,9,[tʃɯŋ.mjʌŋ.hɛ.ja.twɛ],[dʒɯŋ.mjʌŋ.hɛ.ja.dwɛ]
위해 기꺼이 죽을,9,[wi.hɛ.ki.k͈ʌ.i.tʃuk̚.ɯl],[wi.hɛ.gi.k͈ʌ.i.dʒuk̚.ɯl]
증상이 나타나면,9,[tʃɯŋ.saŋ.i.na.tʰa.na.mjʌn],[dʒɯŋ.saŋ.i.na.tʰa.na.mjʌn]
문제 없으니까,9,[mun.tʃe.ʌp̚.ɯ.ni.k͈a],[mun.tʃe.ʌp̚.ɯ.ni.k͈a]
난 다시 일하러 가야,9,[nan.ta.si.il.ha.ɾʌ.ka.ja],[nan.da.si.il.ha.ɾʌ.ga.ja]
위해 기도하자,9,[wi.hɛ.ki.to.ha.tʃa],[wi.hɛ.gi.do.ha.dʒa]
하늘을 찌를,9,[ha.nɯl.ɯl.tʃ͈i.ɾɯl],[ha.nɯl.ɯl.tʃ͈i.ɾɯl]
증언대에 세울,9,[tʃɯŋ.ʌn.tɛ.e.se.ul],[dʒɯŋ.ʌn.tɛ.e.se.ul]
문제 이,9,[mun.tʃe.i],[mun.tʃe.i]
증언을 못,9,[tʃɯŋ.ʌn.ɯl.mot̚],[dʒɯŋ.ʌn.ɯl.mot̚]
증언이 필요해요,9,[tʃɯŋ.ʌn.i.pʰil.jo.hɛ.jo],[dʒɯŋ.ʌn.i.pʰil.jo.hɛ.jo]
난 닥터 제이슨,9,[nan.tak̚.tʰʌ.tʃe.i.sɯn],[nan.dak̚.tʰʌ.dʒe.i.sɯn]
난 닥터 제이슨 불이야,9,[nan.tak̚.tʰʌ.tʃe.i.sɯm.pul.i.ja],[nan.dak̚.tʰʌ.dʒe.i.sɯn.bul.i.ja]
증언할 수 있어요,9,[tʃɯŋ.ʌn.hal.su.it̚.ʌ.jo],[dʒɯŋ.ʌn.hal.su.it̚.ʌ.jo]
하늘이 보인다면,9,[ha.nɯl.i.po.in.ta.mjʌn],[ha.nɯl.i.bo.in.ta.mjʌn]
내 서랍에,9,[nɛ.sʌ.ɾap̚.e],[nɛ.sʌ.ɾap̚.e]
증인 보호 프로그램을,9,[tʃɯŋ.im.po.ho.pʰɯ.ɾo.kɯ.ɾɛm.ɯl],[dʒɯŋ.in.bo.ho.pʰɯ.ɾo.gɯ.ɾɛm.ɯl]
준비를 하시오,9,[tʃum.pi.ɾɯl.ha.si.o],[dʒum.pi.ɾɯl.ha.si.o]
건물을 샅샅이,9,[kʌn.mul.ɯl.sat̚.sat̚.i],[gʌn.mul.ɯl.sat̚.sat̚.i]
그리고 이것 좀 봐,9,[kɯ.ɾi.ko.i.kʌt̚.tʃom.pwa],[gɯ.ɾi.go.i.gʌt̚.dʒom.bwa]
하니 그냥,9,[ha.ni.kɯ.njaŋ],[ha.ni.gɯ.njaŋ]
난 단지 내,9,[nan.tan.tʃi.nɛ],[nan.dan.tʃi.nɛ]
증인석에 세울,9,[tʃɯŋ.in.sʌk̚.e.se.ul],[dʒɯŋ.in.sʌk̚.e.se.ul]
증인을 괴롭히고 있습니다,9,[tʃɯŋ.in.ɯl.kwe.ɾop̚.hi.ko.it̚.sɯp̚.ni.ta],[dʒɯŋ.in.ɯl.gwe.ɾop̚.hi.go.it̚.sɯp̚.ni.da]
허리케인 카트리나,9,[hʌ.ɾi.kʰe.iŋ.kʰa.tʰɯ.ɾi.na],[hʌ.ɾi.kʰe.iŋ.kʰa.tʰɯ.ɾi.na]
위해 나섰다,9,[wi.hɛ.na.sʌt̚.ta],[wi.hɛ.na.sʌt̚.ta]
건물을 짓기,9,[kʌn.mul.ɯl.tʃit̚.ki],[gʌn.mul.ɯl.dʒit̚.ki]
문제가 돼요,9,[mun.tʃe.ka.twɛ.jo],[mun.tʃe.ga.dwɛ.jo]
문제가 되겠네요,9,[mun.tʃe.ka.twe.ket̚.ne.jo],[mun.tʃe.ga.dwe.get̚.ne.jo]
지 너무 오래됐어요,9,[tʃi.nʌ.mu.o.ɾɛ.twɛt̚.ʌ.jo],[dʒi.nʌ.mu.o.ɾɛ.dwɛt̚.ʌ.jo]
지 두어,9,[tʃi.tu.ʌ],[dʒi.du.ʌ]
위해 너에게,9,[wi.hɛ.nʌ.e.ke],[wi.hɛ.nʌ.e.ge]
벌써 죽였을 거야,9,[pʌl.s͈ʌ.tʃuk̚.jʌt̚.ɯl.kʌ.ja],[bʌl.s͈ʌ.dʒuk̚.jʌt̚.ɯl.gʌ.ja]
지 몇 주는,9,[tʃi.mjʌt̚.tʃu.nɯn],[dʒi.mjʌt̚.dʒu.nɯn]
봤다고 해요,9,[pwat̚.ta.ko.hɛ.jo],[bwat̚.ta.go.hɛ.jo]
문제가 될 수 있어,9,[mun.tʃe.ka.twel.su.it̚.ʌ],[mun.tʃe.ga.dwel.su.it̚.ʌ]
내가 봐도 될까,9,[nɛ.ka.pwa.to.twel.k͈a],[nɛ.ga.bwa.do.dwel.k͈a]
위해 긴,9,[wi.hɛ.kin],[wi.hɛ.gin]
내 서재를,9,[nɛ.sʌ.tʃɛ.ɾɯl],[nɛ.sʌ.dʒɛ.ɾɯl]
지 안다,9,[tʃi.an.ta],[dʒi.an.ta]
지 알게,9,[tʃi.al.ke],[dʒi.al.ke]
위해 노력해,9,[wi.hɛ.no.ɾjʌk̚.hɛ],[wi.hɛ.no.ɾjʌk̚.hɛ]
하니까 여기,9,[ha.ni.k͈a.jʌ.ki],[ha.ni.k͈a.jʌ.gi]
문제가 무엇인지,9,[mun.tʃe.ka.mu.ʌt̚.in.tʃi],[mun.tʃe.ga.mu.ʌt̚.in.tʃi]
결혼한 게 아니야,9,[kjʌl.hon.haŋ.ke.a.ni.ja],[gjʌl.hon.han.ge.a.ni.ja]
문제가 뭔 줄,9,[mun.tʃe.ka.mwʌn.tʃul],[mun.tʃe.ga.mwʌn.dʒul]
문제가 뭔가,9,[mun.tʃe.ka.mwʌŋ.ka],[mun.tʃe.ga.mwʌŋ.ka]
지 오래 됐어,9,[tʃi.o.ɾɛ.twɛt̚.ʌ],[dʒi.o.ɾɛ.dwɛt̚.ʌ]
내 선택에,9,[nɛ.sʌn.tʰɛk̚.e],[nɛ.sʌn.tʰɛk̚.e]
결혼한 남자가,9,[kjʌl.hon.han.nan.tʃa.ka],[gjʌl.hon.han.nan.tʃa.ga]
문제가 뭡니까,9,[mun.tʃe.ka.mwʌp̚.ni.k͈a],[mun.tʃe.ga.mwʌp̚.ni.k͈a]
난 당신들에게,9,[nan.taŋ.sin.tɯl.e.ke],[nan.daŋ.sin.tɯl.e.ge]
가지만 묻죠,9,[ka.tʃi.man.mut̚.tʃjo],[ga.dʒi.man.mut̚.tʃjo]
난 당신들의,9,[nan.taŋ.sin.tɯl.ɯi],[nan.daŋ.sin.tɯl.ɯi]
하니까요 내,9,[ha.ni.k͈a.jo.nɛ],[ha.ni.k͈a.jo.nɛ]
하다 그것은,9,[ha.ta.kɯ.kʌt̚.ɯn],[ha.da.gɯ.gʌt̚.ɯn]
지 하루 만에,9,[tʃi.ha.ɾu.man.e],[dʒi.ha.ɾu.man.e]
문제가 생겼나봐,9,[mun.tʃe.ka.sɛŋ.kjʌt̚.na.pwa],[mun.tʃe.ga.sɛŋ.gjʌt̚.na.bwa]
nbsp 도대체,9,[to.tɛ.tʃʰe],[do.dɛ.tʃʰe]
지가 뭐,9,[tʃi.ka.mwʌ],[dʒi.ga.mwʌ]
벌어 와,9,[pʌl.ʌ.wa],[bʌl.ʌ.wa]
문제가 생겼어 내,9,[mun.tʃe.ka.sɛŋ.kjʌt̚.ʌ.nɛ],[mun.tʃe.ga.sɛŋ.gjʌt̚.ʌ.nɛ]
허용 안,9,[hʌ.joŋ.an],[hʌ.joŋ.an]
지갑 어디,9,[tʃi.kap̚.ʌ.ti],[dʒi.gap̚.ʌ.di]
하다 우리가,9,[ha.ta.u.ɾi.ka],[ha.da.u.ɾi.ga]
위해 돈을 지불했다,9,[wi.hɛ.ton.ɯl.tʃi.pul.hɛt̚.ta],[wi.hɛ.don.ɯl.dʒi.bul.hɛt̚.ta]
난 당신을 믿었어요,9,[nan.taŋ.sin.ɯl.mit̚.ʌt̚.ʌ.jo],[nan.daŋ.sin.ɯl.mit̚.ʌt̚.ʌ.jo]
문제가 생기면 바로,9,[mun.tʃe.ka.sɛŋ.ki.mjʌm.pa.ɾo],[mun.tʃe.ga.sɛŋ.gi.mjʌn.ba.ɾo]
문제가 생긴 건,9,[mun.tʃe.ka.sɛŋ.kiŋ.kʌn],[mun.tʃe.ga.sɛŋ.gin.gʌn]
지경으로 만들어,9,[tʃi.kjʌŋ.ɯ.ɾo.man.tɯl.ʌ],[dʒi.gjʌŋ.ɯ.ɾo.man.tɯl.ʌ]
허용할 수 없습니다,9,[hʌ.joŋ.hal.su.ʌp̚.sɯp̚.ni.ta],[hʌ.joŋ.hal.su.ʌp̚.sɯp̚.ni.da]
난 당신의 모든,9,[nan.taŋ.sin.ɯi.mo.tɯn],[nan.daŋ.sin.ɯi.mo.dɯn]
문제가 심각한,9,[mun.tʃe.ka.sim.kak̚.han],[mun.tʃe.ga.sim.kak̚.han]
결혼한다는 걸,9,[kjʌl.hon.han.ta.nɯŋ.kʌl],[gjʌl.hon.han.ta.nɯn.gʌl]
내 세 번째,9,[nɛ.se.pʌn.tʃ͈ɛ],[nɛ.se.bʌn.tʃ͈ɛ]
는 말,9,[nɯn.mal],[nɯn.mal]
벌어지고 있죠,9,[pʌl.ʌ.tʃi.ko.it̚.tʃjo],[bʌl.ʌ.dʒi.go.it̚.tʃjo]
문제가 아니라 내,9,[mun.tʃe.ka.a.ni.ɾa.nɛ],[mun.tʃe.ga.a.ni.ɾa.nɛ]
지구 역사상,9,[tʃi.ku.jʌk̚.sa.saŋ],[dʒi.gu.jʌk̚.sa.saŋ]
지구 온난화에,9,[tʃi.ku.on.nan.hwa.e],[dʒi.gu.on.nan.hwa.e]
난 당신이 누군지 알아요,9,[nan.taŋ.sin.i.nu.kun.tʃi.al.a.jo],[nan.daŋ.sin.i.nu.gun.tʃi.al.a.jo]
벌어지는 건,9,[pʌl.ʌ.tʃi.nɯŋ.kʌn],[bʌl.ʌ.dʒi.nɯn.gʌn]
건물이 있는데,9,[kʌn.mul.i.it̚.nɯn.te],[gʌn.mul.i.it̚.nɯn.te]
하더군요 lrm,9,[ha.tʌ.kun.jo],[ha.dʌ.gun.jo]
문제가 아니야 이건,9,[mun.tʃe.ka.a.ni.ja.i.kʌn],[mun.tʃe.ga.a.ni.ja.i.gʌn]
감옥 가긴,9,[kam.ok̚.ka.kin],[gam.ok̚.ga.gin]
하더군요 그래요,9,[ha.tʌ.kun.jo.kɯ.ɾɛ.jo],[ha.dʌ.gun.jo.gɯ.ɾɛ.jo]
준비하려면 시간이,9,[tʃum.pi.ha.ɾjʌ.mjʌn.si.kan.i],[dʒum.pi.ha.ɾjʌ.mjʌn.si.gan.i]
난 당신이 아니라,9,[nan.taŋ.sin.i.a.ni.ɾa],[nan.daŋ.sin.i.a.ni.ɾa]
난 당신이 어떤,9,[nan.taŋ.sin.i.ʌ.t͈ʌn],[nan.daŋ.sin.i.ʌ.t͈ʌn]
지구로 돌아가는,9,[tʃi.ku.ɾo.tol.a.ka.nɯn],[dʒi.gu.ɾo.dol.a.ga.nɯn]
그리고 이번에도,9,[kɯ.ɾi.ko.i.pʌn.e.to],[gɯ.ɾi.go.i.bʌn.e.do]
지구를 도는,9,[tʃi.ku.ɾɯl.to.nɯn],[dʒi.gu.ɾɯl.do.nɯn]
문제가 안 될 거야,9,[mun.tʃe.ka.an.twel.kʌ.ja],[mun.tʃe.ga.an.dwel.gʌ.ja]
는 당신이다,9,[nɯn.taŋ.sin.i.ta],[nɯn.daŋ.sin.i.da]
문제가 없나,9,[mun.tʃe.ka.ʌp̚.na],[mun.tʃe.ga.ʌp̚.na]
지구상의 유일한,9,[tʃi.ku.saŋ.ɯi.ju.il.han],[dʒi.gu.saŋ.ɯi.ju.il.han]
가지만 확실히,9,[ka.tʃi.man.hwak̚.sil.hi],[ga.dʒi.man.hwak̚.sil.hi]
지구에 남은,9,[tʃi.ku.e.nam.ɯn],[dʒi.gu.e.nam.ɯn]
감옥 가는 건,9,[kam.ok̚.ka.nɯŋ.kʌn],[gam.ok̚.ga.nɯn.gʌn]
난 대니를,9,[nan.tɛ.ni.ɾɯl],[nan.dɛ.ni.ɾɯl]
문제가 없었죠,9,[mun.tʃe.ka.ʌp̚.ʌt̚.tʃjo],[mun.tʃe.ga.ʌp̚.ʌt̚.tʃjo]
문제가 있는 거죠,9,[mun.tʃe.ka.it̚.nɯŋ.kʌ.tʃjo],[mun.tʃe.ga.it̚.nɯn.gʌ.dʒjo]
가지면 아무도 못,9,[ka.tʃi.mjʌn.a.mu.to.mot̚],[ga.dʒi.mjʌn.a.mu.do.mot̚]
지구의 표면,9,[tʃi.ku.ɯi.pʰjo.mjʌn],[dʒi.gu.ɯi.pʰjo.mjʌn]
지그 하일,9,[tʃi.kɯ.ha.il],[dʒi.gɯ.ha.il]
지극히 사적인,9,[tʃi.kɯk̚.hi.sa.tʃʌk̚.in],[dʒi.gɯk̚.hi.sa.dʒʌk̚.in]
문제가 있는 것 같은데,9,[mun.tʃe.ka.it̚.nɯŋ.kʌt̚.kat̚.ɯn.te],[mun.tʃe.ga.it̚.nɯn.gʌt̚.gat̚.ɯn.te]
지금 TV,9,[tʃi.kɯm],[dʒi.gɯm]
결혼할 수 있어요,9,[kjʌl.hon.hal.su.it̚.ʌ.jo],[gjʌl.hon.hal.su.it̚.ʌ.jo]
지금 가게,9,[tʃi.kɯm.ka.ke],[dʒi.gɯm.ga.ge]
문제가 있다는 거,9,[mun.tʃe.ka.it̚.ta.nɯŋ.kʌ],[mun.tʃe.ga.it̚.ta.nɯn.gʌ]
지금 가는 거야,9,[tʃi.kɯm.ka.nɯŋ.kʌ.ja],[dʒi.gɯm.ga.nɯn.gʌ.ja]
문제가 있다는 건,9,[mun.tʃe.ka.it̚.ta.nɯŋ.kʌn],[mun.tʃe.ga.it̚.ta.nɯn.gʌn]
난 댁이,9,[nan.tɛk̚.i],[nan.dɛk̚.i]
문제가 있대요,9,[mun.tʃe.ka.it̚.tɛ.jo],[mun.tʃe.ga.it̚.tɛ.jo]
지금 가족,9,[tʃi.kɯm.ka.tʃok̚],[dʒi.gɯm.ga.dʒok̚]
지금 간다고요,9,[tʃi.kɯm.kan.ta.ko.jo],[dʒi.gɯm.gan.ta.go.jo]
난 더 이상 그런,9,[nan.tʌ.i.saŋ.kɯ.ɾʌn],[nan.dʌ.i.saŋ.gɯ.ɾʌn]
내 소설,9,[nɛ.so.sʌl],[nɛ.so.sʌl]
I definitely,9,,
벌을 받겠습니다,9,[pʌl.ɯl.pat̚.ket̚.sɯp̚.ni.ta],[bʌl.ɯl.bat̚.ket̚.sɯp̚.ni.da]
지금 거기가,9,[tʃi.kɯm.kʌ.ki.ka],[dʒi.gɯm.gʌ.gi.ga]
지금 거신 번호는 전파가,9,[tʃi.kɯm.kʌ.sim.pʌn.ho.nɯn.tʃʌm.pʰa.ka],[dʒi.gɯm.gʌ.sin.bʌn.ho.nɯn.dʒʌm.pʰa.ga]
지금 겪고 있는,9,[tʃi.kɯm.kjʌk̚.ko.it̚.nɯn],[dʒi.gɯm.gjʌk̚.ko.it̚.nɯn]
지금 고객님이,9,[tʃi.kɯm.ko.kɛk̚.nim.i],[dʒi.gɯm.go.gɛk̚.nim.i]
문제가 있으십니까,9,[mun.tʃe.ka.it̚.ɯ.sip̚.ni.k͈a],[mun.tʃe.ga.it̚.ɯ.sip̚.ni.k͈a]
지금 공항,9,[tʃi.kɯm.koŋ.haŋ],[dʒi.gɯm.goŋ.haŋ]
난 더럽게,9,[nan.tʌ.ɾʌp̚.ke],[nan.dʌ.ɾʌp̚.ke]
지금 그 얘기는,9,[tʃi.kɯm.kɯ.jɛ.ki.nɯn],[dʒi.gɯm.gɯ.jɛ.gi.nɯn]
지금 그걸 말이라고,9,[tʃi.kɯm.kɯ.kʌl.mal.i.ɾa.ko],[dʒi.gɯm.gɯ.gʌl.mal.i.ɾa.go]
지금 그것에,9,[tʃi.kɯm.kɯ.kʌt̚.e],[dʒi.gɯm.gɯ.gʌt̚.e]
지금 그게 중요해요,9,[tʃi.kɯm.kɯ.ke.tʃuŋ.jo.hɛ.jo],[dʒi.gɯm.gɯ.ge.dʒuŋ.jo.hɛ.jo]
nbsp 우리가,9,[u.ɾi.ka],[u.ɾi.ga]
문제가 좀 있습니다,9,[mun.tʃe.ka.tʃom.it̚.sɯp̚.ni.ta],[mun.tʃe.ga.dʒom.it̚.sɯp̚.ni.da]
지금 그러고 있잖아,9,[tʃi.kɯm.kɯ.ɾʌ.ko.it̚.tʃan.a],[dʒi.gɯm.gɯ.ɾʌ.go.it̚.tʃan.a]
난 도둑질,9,[nan.to.tuk̚.tʃil],[nan.do.duk̚.tʃil]
지금 그러는,9,[tʃi.kɯm.kɯ.ɾʌ.nɯn],[dʒi.gɯm.gɯ.ɾʌ.nɯn]
and have a,9,,
위해 방금,9,[wi.hɛ.paŋ.kɯm],[wi.hɛ.baŋ.gɯm]
문제가 해결되면,9,[mun.tʃe.ka.hɛ.kjʌl.twe.mjʌn],[mun.tʃe.ga.hɛ.gjʌl.twe.mjʌn]
지금 그럴 시간,9,[tʃi.kɯm.kɯ.ɾʌl.si.kan],[dʒi.gɯm.gɯ.ɾʌl.si.gan]
문제가 훨씬,9,[mun.tʃe.ka.hwʌl.s͈in],[mun.tʃe.ga.hwʌl.s͈in]
문제는 곧,9,[mun.tʃe.nɯŋ.kot̚],[mun.tʃe.nɯn.got̚]
문제는 그거야,9,[mun.tʃe.nɯŋ.kɯ.kʌ.ja],[mun.tʃe.nɯn.gɯ.gʌ.ja]
위한 하나의,9,[wi.han.ha.na.ɯi],[wi.han.ha.na.ɯi]
허준이 살짝 웃는다,9,[hʌ.tʃun.i.sal.tʃ͈ak̚.ut̚.nɯn.ta],[hʌ.dʒun.i.sal.tʃ͈ak̚.ut̚.nɯn.ta]
난 도박,9,[nan.to.pak̚],[nan.do.bak̚]
out the window,9,,
지금 나가야 돼,9,[tʃi.kɯm.na.ka.ja.twɛ],[dʒi.gɯm.na.ga.ja.dwɛ]
지금 나간다,9,[tʃi.kɯm.na.kan.ta],[dʒi.gɯm.na.gan.ta]
지금 나는 두 가지,9,[tʃi.kɯm.na.nɯn.tu.ka.tʃi],[dʒi.gɯm.na.nɯn.du.ga.dʒi]
지금 나는 잊어요,9,[tʃi.kɯm.na.nɯn.it̚.ʌ.jo],[dʒi.gɯm.na.nɯn.it̚.ʌ.jo]
지금 나랑 장난하자는,9,[tʃi.kɯm.na.ɾaŋ.tʃaŋ.nan.ha.tʃa.nɯn],[dʒi.gɯm.na.ɾaŋ.dʒaŋ.nan.ha.dʒa.nɯn]
하든 못,9,[ha.tɯn.mot̚],[ha.dɯn.mot̚]
가지지 않은,9,[ka.tʃi.tʃi.an.ɯn],[ga.dʒi.dʒi.an.ɯn]
벌인 일이야,9,[pʌl.in.il.i.ja],[bʌl.in.il.i.ja]
하든 전,9,[ha.tɯn.tʃʌn],[ha.dɯn.dʒʌn]
You know what I''m,9,,
지금 내가 가장,9,[tʃi.kɯm.nɛ.ka.ka.tʃaŋ],[dʒi.gɯm.nɛ.ga.ga.dʒaŋ]
문제는 아닐,9,[mun.tʃe.nɯn.a.nil],[mun.tʃe.nɯn.a.nil]
들었죠 그리고,9,[tɯl.ʌt̚.tʃjo.kɯ.ɾi.ko],[dɯl.ʌt̚.tʃjo.gɯ.ɾi.go]
문제는 알아서,9,[mun.tʃe.nɯn.al.a.sʌ],[mun.tʃe.nɯn.al.a.sʌ]
지금 너 때문에,9,[tʃi.kɯm.nʌ.t͈ɛ.mun.e],[dʒi.gɯm.nʌ.t͈ɛ.mun.e]
들었지 그,9,[tɯl.ʌt̚.tʃi.kɯ],[dɯl.ʌt̚.tʃi.gɯ]
헛되게 하지,9,[hʌt̚.twe.ke.ha.tʃi],[hʌt̚.twe.ge.ha.dʒi]
문제는 없는지,9,[mun.tʃe.nɯn.ʌp̚.nɯn.tʃi],[mun.tʃe.nɯn.ʌp̚.nɯn.tʃi]
문제는 없다고,9,[mun.tʃe.nɯn.ʌp̚.ta.ko],[mun.tʃe.nɯn.ʌp̚.ta.go]
지금 네가 할,9,[tʃi.kɯm.ne.ka.hal],[dʒi.gɯm.ne.ga.hal]
위해 세운,9,[wi.hɛ.se.un],[wi.hɛ.se.un]
지금 농담하세요,9,[tʃi.kɯm.noŋ.tam.ha.se.jo],[dʒi.gɯm.noŋ.dam.ha.se.jo]
지금 누구 때문에,9,[tʃi.kɯm.nu.ku.t͈ɛ.mun.e],[dʒi.gɯm.nu.gu.t͈ɛ.mun.e]
난 돈만,9,[nan.ton.man],[nan.don.man]
위해 수년간,9,[wi.hɛ.su.njʌŋ.kan],[wi.hɛ.su.njʌŋ.kan]
지금 누군가,9,[tʃi.kɯm.nu.kuŋ.ka],[dʒi.gɯm.nu.guŋ.ka]
결정은 안,9,[kjʌl.tʃʌŋ.ɯn.an],[gjʌl.tʃʌŋ.ɯn.an]
문제는 전부,9,[mun.tʃe.nɯn.tʃʌm.pu],[mun.tʃe.nɯn.dʒʌm.pu]
겹치는 게,9,[kjʌp̚.tʃʰi.nɯŋ.ke],[gjʌp̚.tʃʰi.nɯn.ge]
씨발 꺼져,9,[s͈i.pal.k͈ʌ.tʃjʌ],[s͈i.bal.k͈ʌ.dʒjʌ]
지금 당장 가자,9,[tʃi.kɯn.taŋ.tʃaŋ.ka.tʃa],[dʒi.gɯm.daŋ.dʒaŋ.ga.dʒa]
문제도 그렇고,9,[mun.tʃe.to.kɯ.ɾʌt̚.ko],[mun.tʃe.do.gɯ.ɾʌt̚.ko]
가진 거 있어요,9,[ka.tʃiŋ.kʌ.it̚.ʌ.jo],[ga.dʒin.gʌ.it̚.ʌ.jo]
문제도 안,9,[mun.tʃe.to.an],[mun.tʃe.do.an]
지금 당장 당신을,9,[tʃi.kɯn.taŋ.tʃaŋ.taŋ.sin.ɯl],[dʒi.gɯm.daŋ.dʒaŋ.daŋ.sin.ɯl]
곤란하게 됐어,9,[kol.lan.ha.ke.twɛt̚.ʌ],[gol.lan.ha.ge.dwɛt̚.ʌ]
지금 당장 여기,9,[tʃi.kɯn.taŋ.tʃaŋ.jʌ.ki],[dʒi.gɯm.daŋ.dʒaŋ.jʌ.gi]
지금 당장 우리가,9,[tʃi.kɯn.taŋ.tʃaŋ.u.ɾi.ka],[dʒi.gɯm.daŋ.dʒaŋ.u.ɾi.ga]
지금 당장 움직여야,9,[tʃi.kɯn.taŋ.tʃaŋ.un.tʃik̚.jʌ.ja],[dʒi.gɯm.daŋ.dʒaŋ.un.tʃik̚.jʌ.ja]
Look into,9,,
지금 대답,9,[tʃi.kɯn.tɛ.tap̚],[dʒi.gɯm.dɛ.dap̚]
지금 대답할,9,[tʃi.kɯn.tɛ.tap̚.hal],[dʒi.gɯm.dɛ.dap̚.hal]
지금 대체 무슨,9,[tʃi.kɯn.tɛ.tʃʰe.mu.sɯn],[dʒi.gɯm.dɛ.tʃʰe.mu.sɯn]
문제들이 있어,9,[mun.tʃe.tɯl.i.it̚.ʌ],[mun.tʃe.dɯl.i.it̚.ʌ]
들여다보는 게,9,[tɯl.jʌ.ta.po.nɯŋ.ke],[dɯl.jʌ.da.bo.nɯn.ge]
지금 도대체,9,[tʃi.kɯn.to.tɛ.tʃʰe],[dʒi.gɯm.do.dɛ.tʃʰe]
하러 가야겠어,9,[ha.ɾʌ.ka.ja.ket̚.ʌ],[ha.ɾʌ.ga.ja.get̚.ʌ]
난 동의한 적 없어,9,[nan.toŋ.ɯi.han.tʃʌk̚.ʌp̚.ʌ],[nan.doŋ.ɯi.han.dʒʌk̚.ʌp̚.ʌ]
하러 가죠,9,[ha.ɾʌ.ka.tʃjo],[ha.ɾʌ.ga.dʒjo]
하러 갈게,9,[ha.ɾʌ.kal.ke],[ha.ɾʌ.gal.ke]
위해 써,9,[wi.hɛ.s͈ʌ],[wi.hɛ.s͈ʌ]
건배 왜,9,[kʌm.pɛ.wɛ],[gʌm.pɛ.wɛ]
문제로 날,9,[mun.tʃe.ɾo.nal],[mun.tʃe.ɾo.nal]
하러 그런,9,[ha.ɾʌ.kɯ.ɾʌn],[ha.ɾʌ.gɯ.ɾʌn]
and help,9,,
지금 말을,9,[tʃi.kɯm.mal.ɯl],[dʒi.gɯm.mal.ɯl]
문제를 바로,9,[mun.tʃe.ɾɯl.pa.ɾo],[mun.tʃe.ɾɯl.ba.ɾo]
위해 싸웠던,9,[wi.hɛ.s͈a.wʌt̚.tʌn],[wi.hɛ.s͈a.wʌt̚.tʌn]
난 두고,9,[nan.tu.ko],[nan.du.go]
nbsp 폐하,9,[pʰje.ha],[pʰje.ha]
문제를 생각해,9,[mun.tʃe.ɾɯl.sɛŋ.kak̚.hɛ],[mun.tʃe.ɾɯl.sɛŋ.gak̚.hɛ]
문제를 알고,9,[mun.tʃe.ɾɯl.al.ko],[mun.tʃe.ɾɯl.al.ko]
문제를 얘기할,9,[mun.tʃe.ɾɯl.jɛ.ki.hal],[mun.tʃe.ɾɯl.jɛ.gi.hal]
지금 말해줘,9,[tʃi.kɯm.mal.hɛ.tʃwʌ],[dʒi.gɯm.mal.hɛ.dʒwʌ]
지금 멈추면,9,[tʃi.kɯm.mʌn.tʃʰu.mjʌn],[dʒi.gɯm.mʌn.tʃʰu.mjʌn]
지금 면접,9,[tʃi.kɯm.mjʌn.tʃʌp̚],[dʒi.gɯm.mjʌn.tʃʌp̚]
지금 몇 시,9,[tʃi.kɯm.mjʌt̚.si],[dʒi.gɯm.mjʌt̚.si]
지금 몇 시니,9,[tʃi.kɯm.mjʌt̚.si.ni],[dʒi.gɯm.mjʌt̚.si.ni]
내가 비록,9,[nɛ.ka.pi.ɾok̚],[nɛ.ga.bi.ɾok̚]
봤어 아직도,9,[pwat̚.ʌ.a.tʃik̚.to],[bwat̚.ʌ.a.dʒik̚.to]
지금 무슨 말씀 하시는,9,[tʃi.kɯm.mu.sɯn.mal.s͈ɯm.ha.si.nɯn],[dʒi.gɯm.mu.sɯn.mal.s͈ɯm.ha.si.nɯn]
문제를 제대로,9,[mun.tʃe.ɾɯl.tʃe.tɛ.ɾo],[mun.tʃe.ɾɯl.dʒe.dɛ.ɾo]
지금 무슨 소릴 하는,9,[tʃi.kɯm.mu.sɯn.so.ɾil.ha.nɯn],[dʒi.gɯm.mu.sɯn.so.ɾil.ha.nɯn]
가진 것 같아요,9,[ka.tʃiŋ.kʌt̚.kat̚.a.jo],[ga.dʒin.gʌt̚.gat̚.a.jo]
범인은 못,9,[pʌm.in.ɯn.mot̚],[bʌm.in.ɯn.mot̚]
지금 뭐 하는 거냐,9,[tʃi.kɯm.mwʌ.ha.nɯŋ.kʌ.nja],[dʒi.gɯm.mwʌ.ha.nɯn.gʌ.nja]
문제를 해결하는 데 도움이,9,[mun.tʃe.ɾɯl.hɛ.kjʌl.ha.nɯn.te.to.um.i],[mun.tʃe.ɾɯl.hɛ.gjʌl.ha.nɯn.de.do.um.i]
경고 좀,9,[kjʌŋ.ko.tʃom],[gjʌŋ.go.dʒom]
지금 뭐라고 그랬어,9,[tʃi.kɯm.mwʌ.ɾa.ko.kɯ.ɾɛt̚.ʌ],[dʒi.gɯm.mwʌ.ɾa.go.gɯ.ɾɛt̚.ʌ]
지금 뭐라고 했지,9,[tʃi.kɯm.mwʌ.ɾa.ko.hɛt̚.tʃi],[dʒi.gɯm.mwʌ.ɾa.go.hɛt̚.tʃi]
난 들어갈래,9,[nan.tɯl.ʌ.kal.ɾɛ],[nan.dɯl.ʌ.gal.ɾɛ]
지금 뭐하고 있는거야,9,[tʃi.kɯm.mwʌ.ha.ko.it̚.nɯŋ.kʌ.ja],[dʒi.gɯm.mwʌ.ha.go.it̚.nɯŋ.kʌ.ja]
지금 뭐하는 겁니까,9,[tʃi.kɯm.mwʌ.ha.nɯŋ.kʌp̚.ni.k͈a],[dʒi.gɯm.mwʌ.ha.nɯn.gʌp̚.ni.k͈a]
지금 뭐하자는 거야,9,[tʃi.kɯm.mwʌ.ha.tʃa.nɯŋ.kʌ.ja],[dʒi.gɯm.mwʌ.ha.dʒa.nɯn.gʌ.ja]
늘 나,9,[nɯl.la],[nɯl.la]
경고 하나,9,[kjʌŋ.ko.ha.na],[gjʌŋ.go.ha.na]
지금 바로 갈,9,[tʃi.kɯm.pa.ɾo.kal],[dʒi.gɯm.ba.ɾo.gal]
지금 바쁘세요,9,[tʃi.kɯm.pa.p͈ɯ.se.jo],[dʒi.gɯm.ba.p͈ɯ.se.jo]
지금 바쁜 거,9,[tʃi.kɯm.pa.p͈ɯŋ.kʌ],[dʒi.gɯm.ba.p͈ɯn.gʌ]
가진 것들을,9,[ka.tʃiŋ.kʌt̚.tɯl.ɯl],[ga.dʒin.gʌt̚.tɯl.ɯl]
지금 밖에 있어,9,[tʃi.kɯm.pak̚.e.it̚.ʌ],[dʒi.gɯm.bak̚.e.it̚.ʌ]
지금 배,9,[tʃi.kɯm.pɛ],[dʒi.gɯm.bɛ]
위해 완벽한,9,[wi.hɛ.wam.pjʌk̚.han],[wi.hɛ.wam.pjʌk̚.han]
난 떠나,9,[nan.t͈ʌ.na],[nan.t͈ʌ.na]
지금 병원에서,9,[tʃi.kɯm.pjʌŋ.wʌn.e.sʌ],[dʒi.gɯm.bjʌŋ.wʌn.e.sʌ]
지금 병원으로,9,[tʃi.kɯm.pjʌŋ.wʌn.ɯ.ɾo],[dʒi.gɯm.bjʌŋ.wʌn.ɯ.ɾo]
씨와 얘기를,9,[s͈i.wa.jɛ.ki.ɾɯl],[s͈i.wa.jɛ.gi.ɾɯl]
하려고 이 일을,9,[ha.ɾjʌ.ko.i.il.ɯl],[ha.ɾjʌ.go.i.il.ɯl]
and hit,9,,
범인은 피해자의,9,[pʌm.in.ɯm.pʰi.hɛ.tʃa.ɯi],[bʌm.in.ɯm.pʰi.hɛ.dʒa.ɯi]
지금 보여줄,9,[tʃi.kɯm.po.jʌ.tʃul],[dʒi.gɯm.bo.jʌ.dʒul]
위해 용기를,9,[wi.hɛ.joŋ.ki.ɾɯl],[wi.hɛ.joŋ.gi.ɾɯl]
That''s her,9,,
난 떠나지 않아,9,[nan.t͈ʌ.na.tʃi.an.a],[nan.t͈ʌ.na.dʒi.an.a]
out with a,9,,
경고의 의미로,9,[kjʌŋ.ko.ɯi.ɯi.mi.ɾo],[gjʌŋ.go.ɯi.ɯi.mi.ɾo]
범인을 알아요,9,[pʌm.in.ɯl.al.a.jo],[bʌm.in.ɯl.al.a.jo]
지금 비행기,9,[tʃi.kɯm.pi.hɛŋ.ki],[dʒi.gɯm.bi.hɛŋ.gi]
하려고 한 건,9,[ha.ɾjʌ.ko.haŋ.kʌn],[ha.ɾjʌ.go.han.gʌn]
하려고 한 건데,9,[ha.ɾjʌ.ko.haŋ.kʌn.te],[ha.ɾjʌ.go.han.gʌn.te]
다리 벌리고,9,[ta.ɾi.pʌl.ɾi.ko],[da.ɾi.bʌl.ɾi.go]
난 떠날 수 없어,9,[nan.t͈ʌ.nal.su.ʌp̚.ʌ],[nan.t͈ʌ.nal.su.ʌp̚.ʌ]
지금 상황으로,9,[tʃi.kɯm.saŋ.hwaŋ.ɯ.ɾo],[dʒi.gɯm.saŋ.hwaŋ.ɯ.ɾo]
지금 상황이랑,9,[tʃi.kɯm.saŋ.hwaŋ.i.ɾaŋ],[dʒi.gɯm.saŋ.hwaŋ.i.ɾaŋ]
헤스 하이머,9,[he.sɯ.ha.i.mʌ],[he.sɯ.ha.i.mʌ]
문제예요 난,9,[mun.tʃe.je.jo.nan],[mun.tʃe.je.jo.nan]
문제예요 네,9,[mun.tʃe.je.jo.ne],[mun.tʃe.je.jo.ne]
지금 생각해보니까,9,[tʃi.kɯm.sɛŋ.kak̚.hɛ.po.ni.k͈a],[dʒi.gɯm.sɛŋ.gak̚.hɛ.bo.ni.k͈a]
지금 선생님,9,[tʃi.kɯm.sʌn.sɛŋ.nim],[dʒi.gɯm.sʌn.sɛŋ.nim]
건배를 하고,9,[kʌm.pɛ.ɾɯl.ha.ko],[gʌm.pɛ.ɾɯl.ha.go]
문제의 본질을,9,[mun.tʃe.ɯi.pon.tʃil.ɯl],[mun.tʃe.ɯi.bon.tʃil.ɯl]
문제의 해결책이,9,[mun.tʃe.ɯi.hɛ.kjʌl.tʃʰɛk̚.i],[mun.tʃe.ɯi.hɛ.gjʌl.tʃʰɛk̚.i]
난 뜨거운,9,[nan.t͈ɯ.kʌ.un],[nan.t͈ɯ.gʌ.un]
하려는 거겠지,9,[ha.ɾjʌ.nɯŋ.kʌ.ket̚.tʃi],[ha.ɾjʌ.nɯn.gʌ.get̚.tʃi]
지금 시점에서는,9,[tʃi.kɯm.si.tʃʌm.e.sʌ.nɯn],[dʒi.gɯm.si.dʒʌm.e.sʌ.nɯn]
헤어지게 된,9,[he.ʌ.tʃi.ke.twen],[he.ʌ.dʒi.ge.dwen]
지금 실천하세요,9,[tʃi.kɯm.sil.tʃʰʌn.ha.se.jo],[dʒi.gɯm.sil.tʃʰʌn.ha.se.jo]
내 손이야,9,[nɛ.son.i.ja],[nɛ.son.i.ja]
지금 씨발,9,[tʃi.kɯm.s͈i.pal],[dʒi.gɯm.s͈i.bal]
지금 아기,9,[tʃi.kɯm.a.ki],[dʒi.gɯm.a.gi]
지금 아,9,[tʃi.kɯm.a],[dʒi.gɯm.a]
지금 아기를,9,[tʃi.kɯm.a.ki.ɾɯl],[dʒi.gɯm.a.gi.ɾɯl]
지금 아니면 못,9,[tʃi.kɯm.a.ni.mjʌn.mot̚],[dʒi.gɯm.a.ni.mjʌn.mot̚]
문제죠 그래서,9,[mun.tʃe.tʃjo.kɯ.ɾɛ.sʌ],[mun.tʃe.dʒjo.gɯ.ɾɛ.sʌ]
문제죠 당신은,9,[mun.tʃe.tʃjo.taŋ.sin.ɯn],[mun.tʃe.dʒjo.daŋ.sin.ɯn]
문제죠 전,9,[mun.tʃe.tʃjo.tʃʌn],[mun.tʃe.dʒjo.dʒʌn]
하려는 말,9,[ha.ɾjʌ.nɯn.mal],[ha.ɾjʌ.nɯn.mal]
문제지 왜,9,[mun.tʃe.tʃi.wɛ],[mun.tʃe.dʒi.wɛ]
지금 알아보고,9,[tʃi.kɯm.al.a.po.ko],[dʒi.gɯm.al.a.bo.go]
지금 얘기 좀,9,[tʃi.kɯm.jɛ.ki.tʃom],[dʒi.gɯm.jɛ.gi.dʒom]
범인이 누군지 알,9,[pʌm.in.i.nu.kun.tʃi.al],[bʌm.in.i.nu.gun.tʃi.al]
지금 어디 가,9,[tʃi.kɯm.ʌ.ti.ka],[dʒi.gɯm.ʌ.di.ga]
경관 두 명이,9,[kjʌŋ.kwan.tu.mjʌŋ.i],[gjʌŋ.gwan.du.mjʌŋ.i]
묻고 싶어서요,9,[mut̚.ko.sip̚.ʌ.sʌ.jo],[mut̚.ko.sip̚.ʌ.sʌ.jo]
위해 일하지 않는다,9,[wi.hɛ.il.ha.tʃi.an.nɯn.ta],[wi.hɛ.il.ha.dʒi.an.nɯn.ta]
하려던 참이야,9,[ha.ɾjʌ.tʌn.tʃʰam.i.ja],[ha.ɾjʌ.dʌn.tʃʰam.i.ja]
위해 일하지만,9,[wi.hɛ.il.ha.tʃi.man],[wi.hɛ.il.ha.dʒi.man]
난 마법을,9,[nan.ma.pʌp̚.ɯl],[nan.ma.bʌp̚.ɯl]
감옥에 가고 싶지,9,[kam.ok̚.e.ka.ko.sip̚.tʃi],[gam.ok̚.e.ga.go.sip̚.tʃi]
가진 남자에,9,[ka.tʃin.nan.tʃa.e],[ga.dʒin.nan.tʃa.e]
하려면 어쩔 수,9,[ha.ɾjʌ.mjʌn.ʌ.tʃ͈ʌl.su],[ha.ɾjʌ.mjʌn.ʌ.tʃ͈ʌl.su]
하려면 어쩔,9,[ha.ɾjʌ.mjʌn.ʌ.tʃ͈ʌl],[ha.ɾjʌ.mjʌn.ʌ.tʃ͈ʌl]
지금 엄청나게,9,[tʃi.kɯm.ʌn.tʃʰʌŋ.na.ke],[dʒi.gɯm.ʌn.tʃʰʌŋ.na.ge]
지금 없는데요,9,[tʃi.kɯm.ʌp̚.nɯn.te.jo],[dʒi.gɯm.ʌp̚.nɯn.te.jo]
경관님 무슨,9,[kjʌŋ.kwan.nim.mu.sɯn],[gjʌŋ.gwan.nim.mu.sɯn]
경관님 내가,9,[kjʌŋ.kwan.nim.nɛ.ka],[gjʌŋ.gwan.nim.nɛ.ga]
하려면 어떻게 해야,9,[ha.ɾjʌ.mjʌn.ʌ.t͈ʌt̚.ke.hɛ.ja],[ha.ɾjʌ.mjʌn.ʌ.t͈ʌt̚.ke.hɛ.ja]
묻는 거니,9,[mut̚.nɯŋ.kʌ.ni],[mut̚.nɯn.gʌ.ni]
난 마이애미,9,[nan.ma.i.ɛ.mi],[nan.ma.i.ɛ.mi]
하루 늦게,9,[ha.ɾu.nɯt̚.ke],[ha.ɾu.nɯt̚.ke]
줄 것이 있어요,9,[tʃul.kʌt̚.i.it̚.ʌ.jo],[dʒul.gʌt̚.i.it̚.ʌ.jo]
지금 오면,9,[tʃi.kɯm.o.mjʌn],[dʒi.gɯm.o.mjʌn]
묻는 것도,9,[mut̚.nɯŋ.kʌt̚.to],[mut̚.nɯn.gʌt̚.to]
need is a,9,,
묻는 말에나,9,[mut̚.nɯn.mal.e.na],[mut̚.nɯn.mal.e.na]
지금 우리가 사는,9,[tʃi.kɯm.u.ɾi.ka.sa.nɯn],[dʒi.gɯm.u.ɾi.ga.sa.nɯn]
들은 거로 할게,9,[tɯl.ɯŋ.kʌ.ɾo.hal.ke],[dɯl.ɯn.gʌ.ɾo.hal.ke]
난 만족해,9,[nan.man.tʃok̚.hɛ],[nan.man.tʃok̚.hɛ]
지금 우리보고,9,[tʃi.kɯm.u.ɾi.po.ko],[dʒi.gɯm.u.ɾi.bo.go]
난 많은 것들을,9,[nan.man.ɯŋ.kʌt̚.tɯl.ɯl],[nan.man.ɯn.gʌt̚.tɯl.ɯl]
헤이 스튜어트,9,[he.i.sɯ.tʰju.ʌ.tʰɯ],[he.i.sɯ.tʰju.ʌ.tʰɯ]
지금 웃을,9,[tʃi.kɯm.ut̚.ɯl],[dʒi.gɯm.ut̚.ɯl]
지금 워싱턴,9,[tʃi.kɯm.wʌ.siŋ.tʰʌn],[dʒi.gɯm.wʌ.siŋ.tʰʌn]
묻어 있었고,9,[mut̚.ʌ.it̚.ʌt̚.ko],[mut̚.ʌ.it̚.ʌt̚.ko]
묻어두는 게,9,[mut̚.ʌ.tu.nɯŋ.ke],[mut̚.ʌ.du.nɯn.ge]
지금 위험해요,9,[tʃi.kɯm.wi.hʌm.hɛ.jo],[dʒi.gɯm.wi.hʌm.hɛ.jo]
지금 은행,9,[tʃi.kɯm.ɯn.hɛŋ],[dʒi.gɯm.ɯn.hɛŋ]
줄 게 뭐야,9,[tʃul.ke.mwʌ.ja],[dʒul.ge.mwʌ.ja]
하루 잘 보냈어,9,[ha.ɾu.tʃal.po.nɛt̚.ʌ],[ha.ɾu.dʒal.bo.nɛt̚.ʌ]
묻은 곳을,9,[mut̚.ɯŋ.kot̚.ɯl],[mut̚.ɯn.got̚.ɯl]
묻은 돈,9,[mut̚.ɯn.ton],[mut̚.ɯn.don]
범죄 가족,9,[pʌn.tʃwe.ka.tʃok̚],[bʌn.tʃwe.ga.dʒok̚]
지금 이게 뭐하는,9,[tʃi.kɯm.i.ke.mwʌ.ha.nɯn],[dʒi.gɯm.i.ge.mwʌ.ha.nɯn]
헤이 친구,9,[he.i.tʃʰiŋ.ku],[he.i.tʃʰiŋ.ku]
위해 좋은 일,9,[wi.hɛ.tʃot̚.ɯn.il],[wi.hɛ.dʒot̚.ɯn.il]
난 말한,9,[nan.mal.han],[nan.mal.han]
지금 이런 말,9,[tʃi.kɯm.i.ɾʌn.mal],[dʒi.gɯm.i.ɾʌn.mal]
하루 종일 집에,9,[ha.ɾu.tʃoŋ.il.tʃip̚.e],[ha.ɾu.dʒoŋ.il.dʒip̚.e]
범죄 단속반,9,[pʌn.tʃwe.tan.sok̚.pan],[bʌn.tʃwe.dan.sok̚.pan]
곧 갈거야,9,[kot̚.kal.kʌ.ja],[got̚.gal.kʌ.ja]
지금 이리로 오고,9,[tʃi.kɯm.i.ɾi.ɾo.o.ko],[dʒi.gɯm.i.ɾi.ɾo.o.go]
난 말했지,9,[nan.mal.hɛt̚.tʃi],[nan.mal.hɛt̚.tʃi]
하루 푹,9,[ha.ɾu.pʰuk̚],[ha.ɾu.pʰuk̚]
지금 이제,9,[tʃi.kɯm.i.tʃe],[dʒi.gɯm.i.dʒe]
내가 사과해야 할 것,9,[nɛ.ka.sa.kwa.hɛ.ja.hal.kʌt̚],[nɛ.ga.sa.gwa.hɛ.ja.hal.gʌt̚]
난 망가졌어,9,[nan.maŋ.ka.tʃjʌt̚.ʌ],[nan.maŋ.ga.dʒjʌt̚.ʌ]
가진 마지막,9,[ka.tʃin.ma.tʃi.mak̚],[ga.dʒin.ma.dʒi.mak̚]
지금 일하러,9,[tʃi.kɯm.il.ha.ɾʌ],[dʒi.gɯm.il.ha.ɾʌ]
지금 있어,9,[tʃi.kɯm.it̚.ʌ],[dʒi.gɯm.it̚.ʌ]
가진 말고,9,[ka.tʃin.mal.ko],[ga.dʒin.mal.ko]
묻지 않아,9,[mut̚.tʃi.an.a],[mut̚.tʃi.an.a]
난 매년,9,[nan.mɛ.njʌn],[nan.mɛ.njʌn]
위해 죽이는,9,[wi.hɛ.tʃuk̚.i.nɯn],[wi.hɛ.dʒuk̚.i.nɯn]
하루가 지났어,9,[ha.ɾu.ka.tʃi.nat̚.ʌ],[ha.ɾu.ga.dʒi.nat̚.ʌ]
지금 작업 중이야,9,[tʃi.kɯn.tʃak̚.ʌp̚.tʃuŋ.i.ja],[dʒi.gɯm.dʒak̚.ʌp̚.dʒuŋ.i.ja]
묻지 않을 줄 알았는데,9,[mut̚.tʃi.an.ɯl.tʃul.al.at̚.nɯn.te],[mut̚.tʃi.an.ɯl.dʒul.al.at̚.nɯn.te]
난 매일 밤,9,[nan.mɛ.il.pam],[nan.mɛ.il.bam]
난 매일 아침,9,[nan.mɛ.il.a.tʃʰim],[nan.mɛ.il.a.tʃʰim]
묻지도 따지지도 않고,9,[mut̚.tʃi.to.t͈a.tʃi.tʃi.to.aŋ.ko],[mut̚.tʃi.do.t͈a.dʒi.dʒi.do.aŋ.ko]
묻지도 말고,9,[mut̚.tʃi.to.mal.ko],[mut̚.tʃi.do.mal.ko]
묻지도 않았어,9,[mut̚.tʃi.to.an.at̚.ʌ],[mut̚.tʃi.do.an.at̚.ʌ]
헤이 라일리,9,[he.i.ɾa.il.ɾi],[he.i.ɾa.il.ɾi]
가진 모든 건,9,[ka.tʃin.mo.tɯŋ.kʌn],[ga.dʒin.mo.dɯn.gʌn]
묻지도 않을,9,[mut̚.tʃi.to.an.ɯl],[mut̚.tʃi.do.an.ɯl]
지금 저쪽에서,9,[tʃi.kɯn.tʃʌ.tʃ͈ok̚.e.sʌ],[dʒi.gɯm.dʒʌ.tʃ͈ok̚.e.sʌ]
묻혀 있는데,9,[mut̚.hjʌ.it̚.nɯn.te],[mut̚.hjʌ.it̚.nɯn.te]
범죄 제국을,9,[pʌn.tʃwe.tʃe.kuk̚.ɯl],[bʌn.tʃwe.dʒe.guk̚.ɯl]
지금 전화할게요,9,[tʃi.kɯn.tʃʌn.hwa.hal.ke.jo],[dʒi.gɯm.dʒʌn.hwa.hal.ke.jo]
들은 게 아니라,9,[tɯl.ɯŋ.ke.a.ni.ɾa],[dɯl.ɯn.ge.a.ni.ɾa]
묻히고 싶어,9,[mut̚.hi.ko.sip̚.ʌ],[mut̚.hi.go.sip̚.ʌ]
난 먼,9,[nan.mʌn],[nan.mʌn]
묻히지 않고,9,[mut̚.hi.tʃi.aŋ.ko],[mut̚.hi.dʒi.aŋ.ko]
하루만 더 있으면,9,[ha.ɾu.man.tʌ.it̚.ɯ.mjʌn],[ha.ɾu.man.dʌ.it̚.ɯ.mjʌn]
가진 모든 것이,9,[ka.tʃin.mo.tɯŋ.kʌt̚.i],[ga.dʒin.mo.dɯn.gʌt̚.i]
물 갖고,9,[mul.kat̚.ko],[mul.gat̚.ko]
지금 죽었을,9,[tʃi.kɯn.tʃuk̚.ʌt̚.ɯl],[dʒi.gɯm.dʒuk̚.ʌt̚.ɯl]
난 멍청해,9,[nan.mʌŋ.tʃʰʌŋ.hɛ],[nan.mʌŋ.tʃʰʌŋ.hɛ]
위해 차를,9,[wi.hɛ.tʃʰa.ɾɯl],[wi.hɛ.tʃʰa.ɾɯl]
위해 최선을 다하고 있습니다,9,[wi.hɛ.tʃʰwe.sʌn.ɯl.ta.ha.ko.it̚.sɯp̚.ni.ta],[wi.hɛ.tʃʰwe.sʌn.ɯl.da.ha.go.it̚.sɯp̚.ni.da]
물 내릴,9,[mul.lɛ.ɾil],[mul.lɛ.ɾil]
난 멕시코로,9,[nan.mek̚.si.kʰo.ɾo],[nan.mek̚.si.kʰo.ɾo]
물 드려요,9,[mul.tɯ.ɾjʌ.jo],[mul.dɯ.ɾjʌ.jo]
경기가 재개됩니다,9,[kjʌŋ.ki.ka.tʃɛ.kɛ.twep̚.ni.ta],[gjʌŋ.gi.ga.dʒɛ.gɛ.dwep̚.ni.da]
난 명령에,9,[nan.mjʌŋ.ɾjʌŋ.e],[nan.mjʌŋ.ɾjʌŋ.e]
물 마셔요,9,[mul.ma.sjʌ.jo],[mul.ma.sjʌ.jo]
물 마시고 싶어,9,[mul.ma.si.ko.sip̚.ʌ],[mul.ma.si.go.sip̚.ʌ]
물 먹였어,9,[mul.mʌk̚.jʌt̚.ʌ],[mul.mʌk̚.jʌt̚.ʌ]
번 카메라는,9,[pʌŋ.kʰa.me.ɾa.nɯn],[bʌŋ.kʰa.me.ɾa.nɯn]
들은 바로,9,[tɯl.ɯm.pa.ɾo],[dɯl.ɯn.ba.ɾo]
위해 태어났어요,9,[wi.hɛ.tʰɛ.ʌ.nat̚.ʌ.jo],[wi.hɛ.tʰɛ.ʌ.nat̚.ʌ.jo]
지금 하고 있는 일이,9,[tʃi.kɯm.ha.ko.it̚.nɯn.il.i],[dʒi.gɯm.ha.go.it̚.nɯn.il.i]
헨리 튜더가,9,[hel.li.tʰju.tʌ.ka],[hel.li.tʰju.dʌ.ga]
난 모두의,9,[nan.mo.tu.ɯi],[nan.mo.du.ɯi]
물 쓰듯,9,[mul.s͈ɯ.tɯt̚],[mul.s͈ɯ.dɯt̚]
난 모든 걸 알고,9,[nan.mo.tɯŋ.kʌl.al.ko],[nan.mo.dɯn.gʌl.al.ko]
지금 하려는 건,9,[tʃi.kɯm.ha.ɾjʌ.nɯŋ.kʌn],[dʒi.gɯm.ha.ɾjʌ.nɯn.gʌn]
지금 하자고,9,[tʃi.kɯm.ha.tʃa.ko],[dʒi.gɯm.ha.dʒa.go]
하리의 거친,9,[ha.ɾi.ɯi.kʌ.tʃʰin],[ha.ɾi.ɯi.gʌ.tʃʰin]
지금 할까요,9,[tʃi.kɯm.hal.k͈a.jo],[dʒi.gɯm.hal.k͈a.jo]
지금 해 둬야지,9,[tʃi.kɯm.hɛ.twʌ.ja.tʃi],[dʒi.gɯm.hɛ.dwʌ.ja.dʒi]
지금 해도,9,[tʃi.kɯm.hɛ.to],[dʒi.gɯm.hɛ.do]
지금 해야 할 일이,9,[tʃi.kɯm.hɛ.ja.hal.il.i],[dʒi.gɯm.hɛ.ja.hal.il.i]
지금 해야겠어,9,[tʃi.kɯm.hɛ.ja.ket̚.ʌ],[dʒi.gɯm.hɛ.ja.get̚.ʌ]
하리의 다급한 숨소리,9,[ha.ɾi.ɯi.ta.kɯp̚.han.sum.so.ɾi],[ha.ɾi.ɯi.da.gɯp̚.han.sum.so.ɾi]
물 좀 갖다줘,9,[mul.tʃom.kat̚.ta.tʃwʌ],[mul.dʒom.gat̚.ta.dʒwʌ]
지금 협박하시는,9,[tʃi.kɯm.hjʌp̚.pak̚.ha.si.nɯn],[dʒi.gɯm.hjʌp̚.pak̚.ha.si.nɯn]
위해 하나만,9,[wi.hɛ.ha.na.man],[wi.hɛ.ha.na.man]
지금 화장실,9,[tʃi.kɯm.hwa.tʃaŋ.sil],[dʒi.gɯm.hwa.dʒaŋ.sil]
가까이 가지마,9,[ka.k͈a.i.ka.tʃi.ma],[ga.k͈a.i.ga.dʒi.ma]
내 시계는,9,[nɛ.si.kje.nɯn],[nɛ.si.gje.nɯn]
위해 하지만 난,9,[wi.hɛ.ha.tʃi.man.nan],[wi.hɛ.ha.dʒi.man.nan]
지금까지 널,9,[tʃi.kɯm.k͈a.tʃi.nʌl],[dʒi.gɯm.k͈a.dʒi.nʌl]
지금까지 늘,9,[tʃi.kɯm.k͈a.tʃi.nɯl],[dʒi.gɯm.k͈a.dʒi.nɯl]
물 한 방울,9,[mul.ham.paŋ.ul],[mul.han.baŋ.ul]
지금까지 만들어진,9,[tʃi.kɯm.k͈a.tʃi.man.tɯl.ʌ.tʃin],[dʒi.gɯm.k͈a.dʒi.man.tɯl.ʌ.dʒin]
지금까지 말한,9,[tʃi.kɯm.k͈a.tʃi.mal.han],[dʒi.gɯm.k͈a.dʒi.mal.han]
난 모험을,9,[nan.mo.hʌm.ɯl],[nan.mo.hʌm.ɯl]
하룻밤에 두,9,[ha.ɾut̚.pam.e.tu],[ha.ɾut̚.pam.e.du]
물 한잔만,9,[mul.han.tʃan.man],[mul.han.tʃan.man]
물가에 있는,9,[mul.ka.e.it̚.nɯn],[mul.ka.e.it̚.nɯn]
난 몰라 난,9,[nan.mol.ɾa.nan],[nan.mol.ɾa.nan]
지금까지 왜,9,[tʃi.kɯm.k͈a.tʃi.wɛ],[dʒi.gɯm.k͈a.dʒi.wɛ]
지금까지 중에,9,[tʃi.kɯm.k͈a.tʃi.tʃuŋ.e],[dʒi.gɯm.k͈a.dʒi.dʒuŋ.e]
지금까지는 아무것도,9,[tʃi.kɯm.k͈a.tʃi.nɯn.a.mu.kʌt̚.to],[dʒi.gɯm.k͈a.dʒi.nɯn.a.mu.gʌt̚.to]
건의 강도,9,[kʌn.ɯi.kaŋ.to],[gʌn.ɯi.gaŋ.do]
지금껏 계속,9,[tʃi.kɯm.k͈ʌt̚.kje.sok̚],[dʒi.gɯm.k͈ʌt̚.gje.sok̚]
지금껏 만난,9,[tʃi.kɯm.k͈ʌt̚.man.nan],[dʒi.gɯm.k͈ʌt̚.man.nan]
하면 내일,9,[ha.mjʌn.nɛ.il],[ha.mjʌn.nɛ.il]
지금껏 이,9,[tʃi.kɯm.k͈ʌt̚.i],[dʒi.gɯm.k͈ʌt̚.i]
지금껏 한 번도,9,[tʃi.kɯm.k͈ʌt̚.ham.pʌn.to],[dʒi.gɯm.k͈ʌt̚.han.bʌn.to]
난 못 기다려,9,[nan.mot̚.ki.ta.ɾjʌ],[nan.mot̚.gi.da.ɾjʌ]
난 못 돌아가,9,[nan.mot̚.tol.a.ka],[nan.mot̚.dol.a.ga]
지금도 너무,9,[tʃi.kɯn.to.nʌ.mu],[dʒi.gɯn.to.nʌ.mu]
지금도 네,9,[tʃi.kɯn.to.ne],[dʒi.gɯn.to.ne]
들을 것도 없어,9,[tɯl.ɯl.kʌt̚.to.ʌp̚.ʌ],[dɯl.ɯl.gʌt̚.to.ʌp̚.ʌ]
헬프 미,9,[hel.pʰɯ.mi],[hel.pʰɯ.mi]
지금도 막,9,[tʃi.kɯn.to.mak̚],[dʒi.gɯn.to.mak̚]
난 못 보겠어,9,[nan.mot̚.po.ket̚.ʌ],[nan.mot̚.bo.get̚.ʌ]
지금도 매일,9,[tʃi.kɯn.to.mɛ.il],[dʒi.gɯn.to.mɛ.il]
그리고 제 생각엔,9,[kɯ.ɾi.ko.tʃe.sɛŋ.kak̚.en],[gɯ.ɾi.go.dʒe.sɛŋ.gak̚.en]
줄 몰랐어 나도,9,[tʃul.mol.ɾat̚.ʌ.na.to],[dʒul.mol.ɾat̚.ʌ.na.do]
지금도 있어,9,[tʃi.kɯn.to.it̚.ʌ],[dʒi.gɯn.to.it̚.ʌ]
지금도 전,9,[tʃi.kɯn.to.tʃʌn],[dʒi.gɯn.to.dʒʌn]
난 못 속여,9,[nan.mot̚.sok̚.jʌ],[nan.mot̚.sok̚.jʌ]
need to get out,9,,
지금보다 훨씬 더,9,[tʃi.kɯm.po.ta.hwʌl.s͈in.tʌ],[dʒi.gɯm.po.da.hwʌl.s͈in.dʌ]
하면 돼 내,9,[ha.mjʌn.twɛ.nɛ],[ha.mjʌn.dwɛ.nɛ]
범행 수법과,9,[pʌm.hɛŋ.su.pʌp̚.kwa],[bʌm.hɛŋ.su.bʌp̚.kwa]
지금부터 뭘,9,[tʃi.kɯm.pu.tʰʌ.mwʌl],[dʒi.gɯm.pu.tʰʌ.mwʌl]
지금부터 우리가,9,[tʃi.kɯm.pu.tʰʌ.u.ɾi.ka],[dʒi.gɯm.pu.tʰʌ.u.ɾi.ga]
경력을 가지고,9,[kjʌŋ.ɾjʌk̚.ɯl.ka.tʃi.ko],[gjʌŋ.ɾjʌk̚.ɯl.ga.dʒi.go]
번 타고,9,[pʌn.tʰa.ko],[bʌn.tʰa.go]
물건에 손대면,9,[mul.kʌn.e.son.tɛ.mjʌn],[mul.kʌn.e.son.tɛ.mjʌn]
물건에 손대지 말아요,9,[mul.kʌn.e.son.tɛ.tʃi.mal.a.jo],[mul.kʌn.e.son.tɛ.dʒi.mal.a.jo]
경력을 걸고,9,[kjʌŋ.ɾjʌk̚.ɯl.kʌl.ko],[gjʌŋ.ɾjʌk̚.ɯl.gʌl.ko]
물건에 손을,9,[mul.kʌn.e.son.ɯl],[mul.kʌn.e.son.ɯl]
봐야만 해,9,[pwa.ja.man.hɛ],[bwa.ja.man.hɛ]
지금은 그 얘기,9,[tʃi.kɯm.ɯŋ.kɯ.jɛ.ki],[dʒi.gɯm.ɯn.gɯ.jɛ.gi]
난 못해 난,9,[nan.mot̚.hɛ.nan],[nan.mot̚.hɛ.nan]
내 신부가,9,[nɛ.sim.pu.ka],[nɛ.sim.pu.ga]
지금은 그게 문제가,9,[tʃi.kɯm.ɯŋ.kɯ.ke.mun.tʃe.ka],[dʒi.gɯm.ɯn.gɯ.ge.mun.tʃe.ga]
물건은 절대,9,[mul.kʌn.ɯn.tʃʌl.tɛ],[mul.kʌn.ɯn.dʒʌl.tɛ]
난 무고한,9,[nan.mu.ko.han],[nan.mu.go.han]
물건을 가져갔어,9,[mul.kʌn.ɯl.ka.tʃjʌ.kat̚.ʌ],[mul.kʌn.ɯl.ga.dʒjʌ.gat̚.ʌ]
위해서 그리고 내가,9,[wi.hɛ.sʌ.kɯ.ɾi.ko.nɛ.ka],[wi.hɛ.sʌ.gɯ.ɾi.go.nɛ.ga]
경력을 쌓기,9,[kjʌŋ.ɾjʌk̚.ɯl.s͈at̚.ki],[gjʌŋ.ɾjʌk̚.ɯl.s͈at̚.ki]
my love 내,9,[nɛ],[nɛ]
지금은 근무,9,[tʃi.kɯm.ɯŋ.kɯn.mu],[dʒi.gɯm.ɯn.gɯn.mu]
위해서 나를,9,[wi.hɛ.sʌ.na.ɾɯl],[wi.hɛ.sʌ.na.ɾɯl]
물건을 달그락,9,[mul.kʌn.ɯl.tal.kɯ.ɾak̚],[mul.kʌn.ɯl.dal.kɯ.ɾak̚]
경력을 위해,9,[kjʌŋ.ɾjʌk̚.ɯl.wi.hɛ],[gjʌŋ.ɾjʌk̚.ɯl.wi.hɛ]
물건을 만드는,9,[mul.kʌn.ɯl.man.tɯ.nɯn],[mul.kʌn.ɯl.man.tɯ.nɯn]
내 신앙에,9,[nɛ.sin.aŋ.e],[nɛ.sin.aŋ.e]
물건을 받을,9,[mul.kʌn.ɯl.pat̚.ɯl],[mul.kʌn.ɯl.bat̚.ɯl]
하면 많은,9,[ha.mjʌn.man.ɯn],[ha.mjʌn.man.ɯn]
지금은 됐어요,9,[tʃi.kɯm.ɯn.twɛt̚.ʌ.jo],[dʒi.gɯm.ɯn.dwɛt̚.ʌ.jo]
경력이 있고,9,[kjʌŋ.ɾjʌk̚.i.it̚.ko],[gjʌŋ.ɾjʌk̚.i.it̚.ko]
물건을 숨기는,9,[mul.kʌn.ɯl.sum.ki.nɯn],[mul.kʌn.ɯl.sum.ki.nɯn]
지금은 말하기,9,[tʃi.kɯm.ɯn.mal.ha.ki],[dʒi.gɯm.ɯn.mal.ha.gi]
지금은 모르겠어요,9,[tʃi.kɯm.ɯn.mo.ɾɯ.ket̚.ʌ.jo],[dʒi.gɯm.ɯn.mo.ɾɯ.get̚.ʌ.jo]
물건을 죄다,9,[mul.kʌn.ɯl.tʃwe.ta],[mul.kʌn.ɯl.dʒwe.da]
하면 반드시,9,[ha.mjʌm.pan.tɯ.si],[ha.mjʌn.ban.tɯ.si]
곧 꺼내줄게,9,[kot̚.k͈ʌ.nɛ.tʃul.ke],[got̚.k͈ʌ.nɛ.dʒul.ke]
지금은 바빠요,9,[tʃi.kɯm.ɯm.pa.p͈a.jo],[dʒi.gɯm.ɯn.ba.p͈a.jo]
지금은 받을 수,9,[tʃi.kɯm.ɯm.pat̚.ɯl.su],[dʒi.gɯm.ɯn.bat̚.ɯl.su]
지금은 새벽,9,[tʃi.kɯm.ɯn.sɛ.pjʌk̚],[dʒi.gɯm.ɯn.sɛ.bjʌk̚]
가진 않을거야,9,[ka.tʃin.an.ɯl.kʌ.ja],[ga.dʒin.an.ɯl.kʌ.ja]
물건이 아니다,9,[mul.kʌn.i.a.ni.ta],[mul.kʌn.i.a.ni.da]
지금은 안정을,9,[tʃi.kɯm.ɯn.an.tʃʌŋ.ɯl],[dʒi.gɯm.ɯn.an.tʃʌŋ.ɯl]
물건이 안,9,[mul.kʌn.i.an],[mul.kʌn.i.an]
지금은 어디 있어,9,[tʃi.kɯm.ɯn.ʌ.ti.it̚.ʌ],[dʒi.gɯm.ɯn.ʌ.di.it̚.ʌ]
지금은 어디에,9,[tʃi.kɯm.ɯn.ʌ.ti.e],[dʒi.gɯm.ɯn.ʌ.di.e]
들을 수 있었죠,9,[tɯl.ɯl.su.it̚.ʌt̚.tʃjo],[dɯl.ɯl.su.it̚.ʌt̚.tʃjo]
물건이 좀,9,[mul.kʌn.i.tʃom],[mul.kʌn.i.dʒom]
지금은 이걸,9,[tʃi.kɯm.ɯn.i.kʌl],[dʒi.gɯm.ɯn.i.gʌl]
물고 늘어지는,9,[mul.ko.nɯl.ʌ.tʃi.nɯn],[mul.ko.nɯl.ʌ.dʒi.nɯn]
지금은 이전,9,[tʃi.kɯm.ɯn.i.tʃʌn],[dʒi.gɯm.ɯn.i.dʒʌn]
경림의 비명,9,[kjʌŋ.ɾim.ɯi.pi.mjʌŋ],[gjʌŋ.ɾim.ɯi.bi.mjʌŋ]
위해서 싸우고,9,[wi.hɛ.sʌ.s͈a.u.ko],[wi.hɛ.sʌ.s͈a.u.go]
그리고 주,9,[kɯ.ɾi.ko.tʃu],[gɯ.ɾi.go.dʒu]
가까이 다가가기,9,[ka.k͈a.i.ta.ka.ka.ki],[ga.k͈a.i.da.ga.ga.gi]
지금은 잠깐,9,[tʃi.kɯm.ɯn.tʃam.k͈an],[dʒi.gɯm.ɯn.dʒam.k͈an]
하면 완전히,9,[ha.mjʌn.wan.tʃʌn.hi],[ha.mjʌn.wan.tʃʌn.hi]
늘 최선을,9,[nɯl.tʃʰwe.sʌn.ɯl],[nɯl.tʃʰwe.sʌn.ɯl]
위해서 어,9,[wi.hɛ.sʌ.ʌ],[wi.hɛ.sʌ.ʌ]
지금은 죽었어요,9,[tʃi.kɯm.ɯn.tʃuk̚.ʌt̚.ʌ.jo],[dʒi.gɯm.ɯn.dʒuk̚.ʌt̚.ʌ.jo]
내 심기를,9,[nɛ.sim.ki.ɾɯl],[nɛ.sim.ki.ɾɯl]
법률 회사를,9,[pʌp̚.ɾjul.hwe.sa.ɾɯl],[bʌp̚.ɾjul.hwe.sa.ɾɯl]
지금은 필요,9,[tʃi.kɯm.ɯm.pʰil.jo],[dʒi.gɯm.ɯm.pʰil.jo]
난 미국을,9,[nan.mi.kuk̚.ɯl],[nan.mi.guk̚.ɯl]
난 미국의,9,[nan.mi.kuk̚.ɯi],[nan.mi.guk̚.ɯi]
지금은 화려함조차도 影をひそめ交わる,9,[tʃi.kɯm.ɯn.hwa.ɾjʌ.han.tʃo.tʃʰa.to],[dʒi.gɯm.ɯn.hwa.ɾjʌ.han.tʃo.tʃʰa.do]
가진 자들은,9,[ka.tʃin.tʃa.tɯl.ɯn],[ga.dʒin.dʒa.dɯl.ɯn]
현금으로 바꾸려고,9,[hjʌŋ.kɯm.ɯ.ɾo.pa.k͈u.ɾjʌ.ko],[hjʌŋ.kɯm.ɯ.ɾo.ba.k͈u.ɾjʌ.go]
물러나 있으라고,9,[mul.ɾʌ.na.it̚.ɯ.ɾa.ko],[mul.ɾʌ.na.it̚.ɯ.ɾa.go]
지금의 삶을,9,[tʃi.kɯm.ɯi.sam.ɯl],[dʒi.gɯm.ɯi.sam.ɯl]
법무부 장관의,9,[pʌp̚.mu.pu.tʃaŋ.kwan.ɯi],[bʌp̚.mu.bu.dʒaŋ.gwan.ɯi]
곧 나갈 거예요,9,[kot̚.na.kal.kʌ.je.jo],[got̚.na.gal.gʌ.je.jo]
난 미안하지,9,[nan.mi.an.ha.tʃi],[nan.mi.an.ha.dʒi]
위해서 있잖아,9,[wi.hɛ.sʌ.it̚.tʃan.a],[wi.hɛ.sʌ.it̚.tʃan.a]
하면 좋겠네,9,[ha.mjʌn.tʃot̚.ket̚.ne],[ha.mjʌn.dʒot̚.ket̚.ne]
경보 장치를,9,[kjʌm.po.tʃaŋ.tʃʰi.ɾɯl],[gjʌŋ.bo.dʒaŋ.tʃʰi.ɾɯl]
over million,9,,
물러서 내,9,[mul.ɾʌ.sʌ.nɛ],[mul.ɾʌ.sʌ.nɛ]
지금이 아주,9,[tʃi.kɯm.i.a.tʃu],[dʒi.gɯm.i.a.dʒu]
지금이 어느 시대인데,9,[tʃi.kɯm.i.ʌ.nɯ.si.tɛ.in.te],[dʒi.gɯm.i.ʌ.nɯ.si.dɛ.in.te]
봤자 넌,9,[pwat̚.tʃa.nʌn],[bwat̚.tʃa.nʌn]
지금쯤 내,9,[tʃi.kɯn.tʃ͈ɯm.nɛ],[dʒi.gɯn.tʃ͈ɯm.nɛ]
물러서라고 했잖아,9,[mul.ɾʌ.sʌ.ɾa.ko.hɛt̚.tʃan.a],[mul.ɾʌ.sʌ.ɾa.go.hɛt̚.tʃan.a]
그리고 지구,9,[kɯ.ɾi.ko.tʃi.ku],[gɯ.ɾi.go.dʒi.gu]
현대 기술,9,[hjʌn.tɛ.ki.sul],[hjʌn.tɛ.gi.sul]
지금처럼 날,9,[tʃi.kɯn.tʃʰʌ.ɾʌm.nal],[dʒi.gɯn.tʃʰʌ.ɾʌm.nal]
물러서지 않을 거야,9,[mul.ɾʌ.sʌ.tʃi.an.ɯl.kʌ.ja],[mul.ɾʌ.sʌ.dʒi.an.ɯl.gʌ.ja]
지금처럼 이렇게,9,[tʃi.kɯn.tʃʰʌ.ɾʌm.i.ɾʌt̚.ke],[dʒi.gɯn.tʃʰʌ.ɾʌm.i.ɾʌt̚.ke]
내 아,9,[nɛ.a],[nɛ.a]
난 믿지 않는다,9,[nan.mit̚.tʃi.an.nɯn.ta],[nan.mit̚.tʃi.an.nɯn.ta]
물려받은 게,9,[mul.ɾjʌ.pat̚.ɯŋ.ke],[mul.ɾjʌ.bat̚.ɯn.ge]
아귈라 데,9,[a.kwil.ɾa.te],[a.gwil.ɾa.de]
지나가는 길이었어요,9,[tʃi.na.ka.nɯŋ.kil.i.ʌt̚.ʌ.jo],[dʒi.na.ga.nɯn.gil.i.ʌt̚.ʌ.jo]
지나가는 말로,9,[tʃi.na.ka.nɯn.mal.ɾo],[dʒi.na.ga.nɯn.mal.ɾo]
하면서 시간을,9,[ha.mjʌn.sʌ.si.kan.ɯl],[ha.mjʌn.sʌ.si.gan.ɯl]
물론 그건 아니지,9,[mul.ɾoŋ.kɯ.kʌn.a.ni.tʃi],[mul.ɾon.gɯ.gʌn.a.ni.dʒi]
하면서 잘,9,[ha.mjʌn.sʌ.tʃal],[ha.mjʌn.sʌ.dʒal]
난 바람 좀,9,[nam.pa.ɾan.tʃom],[nan.ba.ɾam.dʒom]
위해서는 무슨,9,[wi.hɛ.sʌ.nɯn.mu.sɯn],[wi.hɛ.sʌ.nɯn.mu.sɯn]
난 바로 여기,9,[nam.pa.ɾo.jʌ.ki],[nan.ba.ɾo.jʌ.gi]
하비 스펙터를,9,[ha.pi.sɯ.pʰek̚.tʰʌ.ɾɯl],[ha.bi.sɯ.pʰek̚.tʰʌ.ɾɯl]
지나면 내,9,[tʃi.na.mjʌn.nɛ],[dʒi.na.mjʌn.nɛ]
물론 그렇겠죠 하지만,9,[mul.ɾoŋ.kɯ.ɾʌt̚.ket̚.tʃjo.ha.tʃi.man],[mul.ɾon.gɯ.ɾʌt̚.ket̚.tʃjo.ha.dʒi.man]
물론 그렇긴,9,[mul.ɾoŋ.kɯ.ɾʌt̚.kin],[mul.ɾon.gɯ.ɾʌt̚.kin]
하비에르 페냐에게,9,[ha.pi.e.ɾɯ.pʰe.nja.e.ke],[ha.bi.e.ɾɯ.pʰe.nja.e.ge]
지나지 않는,9,[tʃi.na.tʃi.an.nɯn],[dʒi.na.dʒi.an.nɯn]
back to life,9,,
난 바빠요,9,[nam.pa.p͈a.jo],[nan.ba.p͈a.jo]
경비가 삼엄할,9,[kjʌm.pi.ka.sam.ʌm.hal],[gjʌŋ.bi.ga.sam.ʌm.hal]
위해서라면 못,9,[wi.hɛ.sʌ.ɾa.mjʌn.mot̚],[wi.hɛ.sʌ.ɾa.mjʌn.mot̚]
난 박쥐다 난,9,[nam.pak̚.tʃwi.ta.nan],[nan.bak̚.tʃwi.da.nan]
법을 만들,9,[pʌp̚.ɯl.man.tɯl],[bʌp̚.ɯl.man.tɯl]
난 박쥐다 난 박쥐다,9,[nam.pak̚.tʃwi.ta.nam.pak̚.tʃwi.ta],[nan.bak̚.tʃwi.da.nan.bak̚.tʃwi.da]
지난 네,9,[tʃi.nan.ne],[dʒi.nan.ne]
난 밖에 나가서,9,[nam.pak̚.e.na.ka.sʌ],[nan.bak̚.e.na.ga.sʌ]
지난 뒤에,9,[tʃi.nan.twi.e],[dʒi.nan.dwi.e]
지난 며칠동안,9,[tʃi.nan.mjʌ.tʃʰil.toŋ.an],[dʒi.nan.mjʌ.tʃʰil.toŋ.an]
지난 몇 개월간,9,[tʃi.nan.mjʌt̚.kɛ.wʌl.kan],[dʒi.nan.mjʌt̚.gɛ.wʌl.kan]
지난 밤에 집에,9,[tʃi.nam.pam.e.tʃip̚.e],[dʒi.nan.bam.e.dʒip̚.e]
지난 밤엔,9,[tʃi.nam.pam.en],[dʒi.nan.bam.en]
지난 백,9,[tʃi.nam.pɛk̚],[dʒi.nan.bɛk̚]
하세요 두,9,[ha.se.jo.tu],[ha.se.jo.du]
들인 적이,9,[tɯl.in.tʃʌk̚.i],[dɯl.in.dʒʌk̚.i]
난 밤새도록,9,[nam.pam.sɛ.to.ɾok̚],[nan.bam.sɛ.do.ɾok̚]
경비원 두,9,[kjʌm.pi.wʌn.tu],[gjʌŋ.bi.wʌn.du]
봤잖아 왜,9,[pwat̚.tʃan.a.wɛ],[bwat̚.tʃan.a.wɛ]
법을 배우기,9,[pʌp̚.ɯl.pɛ.u.ki],[bʌp̚.ɯl.bɛ.u.gi]
지난 수,9,[tʃi.nan.su],[dʒi.nan.su]
물론 사랑하지,9,[mul.ɾon.sa.ɾaŋ.ha.tʃi],[mul.ɾon.sa.ɾaŋ.ha.dʒi]
지난 이야기 당신,9,[tʃi.nan.i.ja.ki.taŋ.sin],[dʒi.nan.i.ja.gi.daŋ.sin]
하세요 여기서,9,[ha.se.jo.jʌ.ki.sʌ],[ha.se.jo.jʌ.gi.sʌ]
지난 이야기 이건,9,[tʃi.nan.i.ja.ki.i.kʌn],[dʒi.nan.i.ja.gi.i.gʌn]
아기 앞에서,9,[a.ki.ap̚.e.sʌ],[a.gi.ap̚.e.sʌ]
하세요 이런,9,[ha.se.jo.i.ɾʌn],[ha.se.jo.i.ɾʌn]
지난 일은 다,9,[tʃi.nan.il.ɯn.ta],[dʒi.nan.il.ɯn.da]
아기 어디 있어,9,[a.ki.ʌ.ti.it̚.ʌ],[a.gi.ʌ.di.it̚.ʌ]
위해서요 나는,9,[wi.hɛ.sʌ.jo.na.nɯn],[wi.hɛ.sʌ.jo.na.nɯn]
가진 힘은,9,[ka.tʃin.him.ɯn],[ga.dʒin.him.ɯn]
경사 시험,9,[kjʌŋ.sa.si.hʌm],[gjʌŋ.sa.si.hʌm]
지난 토요일에,9,[tʃi.nan.tʰo.jo.il.e],[dʒi.nan.tʰo.jo.il.e]
지난 학기에,9,[tʃi.nan.hak̚.ki.e],[dʒi.nan.hak̚.ki.e]
지난 회 이야기,9,[tʃi.nan.hwe.i.ja.ki],[dʒi.nan.hwe.i.ja.gi]
물론 이미,9,[mul.ɾon.i.mi],[mul.ɾon.i.mi]
지난번 것보다,9,[tʃi.nam.pʌŋ.kʌt̚.po.ta],[dʒi.nam.pʌn.gʌt̚.po.da]
난 뱀파이어가,9,[nam.pɛm.pʰa.i.ʌ.ka],[nan.bɛm.pʰa.i.ʌ.ga]
하셔 난,9,[ha.sjʌ.nan],[ha.sjʌ.nan]
내 아내와 아들을,9,[nɛ.a.nɛ.wa.a.tɯl.ɯl],[nɛ.a.nɛ.wa.a.dɯl.ɯl]
지난번에 당신이,9,[tʃi.nam.pʌn.e.taŋ.sin.i],[dʒi.nam.pʌn.e.daŋ.sin.i]
위해서요 전,9,[wi.hɛ.sʌ.jo.tʃʌn],[wi.hɛ.sʌ.jo.dʒʌn]
들지 않는다면,9,[tɯl.tʃi.an.nɯn.ta.mjʌn],[dɯl.tʃi.an.nɯn.ta.mjʌn]
하셨나 봐,9,[ha.sjʌt̚.na.pwa],[ha.sjʌt̚.na.bwa]
하셨나 보네요,9,[ha.sjʌt̚.na.po.ne.jo],[ha.sjʌt̚.na.bo.ne.jo]
지난번에도 그렇게,9,[tʃi.nam.pʌn.e.to.kɯ.ɾʌt̚.ke],[dʒi.nam.pʌn.e.do.gɯ.ɾʌt̚.ke]
지난주 목요일,9,[tʃi.nan.tʃu.mok̚.jo.il],[dʒi.nan.tʃu.mok̚.jo.il]
지난주까지만 해도,9,[tʃi.nan.tʃu.k͈a.tʃi.man.hɛ.to],[dʒi.nan.tʃu.k͈a.dʒi.man.hɛ.do]
물론 좀,9,[mul.ɾon.tʃom],[mul.ɾon.dʒom]
물론 지금도,9,[mul.ɾon.tʃi.kɯn.to],[mul.ɾon.dʒi.gɯn.to]
물론 할 수 있죠,9,[mul.ɾon.hal.su.it̚.tʃjo],[mul.ɾon.hal.su.it̚.tʃjo]
난 법정에,9,[nam.pʌp̚.tʃʌŋ.e],[nan.bʌp̚.tʃʌŋ.e]
지내게 할,9,[tʃi.nɛ.ke.hal],[dʒi.nɛ.ge.hal]
물론이고 모든,9,[mul.ɾon.i.ko.mo.tɯn],[mul.ɾon.i.go.mo.dɯn]
물론이야 하지만,9,[mul.ɾon.i.ja.ha.tʃi.man],[mul.ɾon.i.ja.ha.dʒi.man]
물론이죠 고맙습니다,9,[mul.ɾon.i.tʃjo.ko.map̚.sɯp̚.ni.ta],[mul.ɾon.i.dʒjo.go.map̚.sɯp̚.ni.da]
지내고 있나요,9,[tʃi.nɛ.ko.it̚.na.jo],[dʒi.nɛ.go.it̚.na.jo]
지내고 있는 것 같아,9,[tʃi.nɛ.ko.it̚.nɯŋ.kʌt̚.kat̚.a],[dʒi.nɛ.go.it̚.nɯn.gʌt̚.gat̚.a]
물론이죠 그래서,9,[mul.ɾon.i.tʃjo.kɯ.ɾɛ.sʌ],[mul.ɾon.i.dʒjo.gɯ.ɾɛ.sʌ]
모두에게 잘된,9,[mo.tu.e.ke.tʃal.twen],[mo.du.e.ge.dʒal.twen]
들진 않지만,9,[tɯl.tʃin.an.tʃi.man],[dɯl.tʃin.an.tʃi.man]
난 변할,9,[nam.pjʌn.hal],[nan.bjʌn.hal]
하셨잖아요 그,9,[ha.sjʌt̚.tʃan.a.jo.kɯ],[ha.sjʌt̚.tʃan.a.jo.gɯ]
물론이죠 그런데,9,[mul.ɾon.i.tʃjo.kɯ.ɾʌn.te],[mul.ɾon.i.dʒjo.gɯ.ɾʌn.te]
하셨잖아요 난,9,[ha.sjʌt̚.tʃan.a.jo.nan],[ha.sjʌt̚.tʃan.a.jo.nan]
지내기 위해,9,[tʃi.nɛ.ki.wi.hɛ],[dʒi.nɛ.gi.wi.hɛ]
물론이죠 내,9,[mul.ɾon.i.tʃjo.nɛ],[mul.ɾon.i.dʒjo.nɛ]
지내는 법을,9,[tʃi.nɛ.nɯm.pʌp̚.ɯl],[dʒi.nɛ.nɯn.bʌp̚.ɯl]
지내는 줄,9,[tʃi.nɛ.nɯn.tʃul],[dʒi.nɛ.nɯn.dʒul]
in a while,9,,
물론이죠 바로,9,[mul.ɾon.i.tʃjo.pa.ɾo],[mul.ɾon.i.dʒjo.ba.ɾo]
곧 다 끝날,9,[kot̚.ta.k͈ɯt̚.nal],[got̚.da.k͈ɯt̚.nal]
하셨죠 제가,9,[ha.sjʌt̚.tʃjo.tʃe.ka],[ha.sjʌt̚.tʃjo.dʒe.ga]
물론이죠 우린,9,[mul.ɾon.i.tʃjo.u.ɾin],[mul.ɾon.i.dʒjo.u.ɾin]
위험 지역,9,[wi.hʌn.tʃi.jʌk̚],[wi.hʌm.dʒi.jʌk̚]
지내지 않을,9,[tʃi.nɛ.tʃi.an.ɯl],[dʒi.nɛ.dʒi.an.ɯl]
난 병원을,9,[nam.pjʌŋ.wʌn.ɯl],[nan.bjʌŋ.wʌn.ɯl]
지낸 세월이,9,[tʃi.nɛn.se.wʌl.i],[dʒi.nɛn.se.wʌl.i]
지낼 거고,9,[tʃi.nɛl.kʌ.ko],[dʒi.nɛl.gʌ.go]
물론이지 고마워요,9,[mul.ɾon.i.tʃi.ko.ma.wʌ.jo],[mul.ɾon.i.dʒi.go.ma.wʌ.jo]
하시고 이,9,[ha.si.ko.i],[ha.si.go.i]
지낼 건데,9,[tʃi.nɛl.kʌn.te],[dʒi.nɛl.gʌn.te]
법의학 팀이,9,[pʌp̚.ɯi.hak̚.tʰim.i],[bʌp̚.ɯi.hak̚.tʰim.i]
지낼 곳이 필요해,9,[tʃi.nɛl.kot̚.i.pʰil.jo.hɛ],[dʒi.nɛl.got̚.i.pʰil.jo.hɛ]
in a world,9,,
지낼 수 없어요,9,[tʃi.nɛl.su.ʌp̚.ʌ.jo],[dʒi.nɛl.su.ʌp̚.ʌ.jo]
물론이지 나,9,[mul.ɾon.i.tʃi.na],[mul.ɾon.i.dʒi.na]
지낼 수가,9,[tʃi.nɛl.su.ka],[dʒi.nɛl.su.ga]
난 보안,9,[nam.po.an],[nan.bo.an]
지냈을 거야,9,[tʃi.nɛt̚.ɯl.kʌ.ja],[dʒi.nɛt̚.ɯl.gʌ.ja]
물론이지 만약,9,[mul.ɾon.i.tʃi.man.jak̚],[mul.ɾon.i.dʒi.man.jak̚]
지는 것이 네놈의,9,[tʃi.nɯŋ.kʌt̚.i.ne.nom.ɯi],[dʒi.nɯn.gʌt̚.i.ne.nom.ɯi]
지는 것이 네놈의 숙명이다,9,[tʃi.nɯŋ.kʌt̚.i.ne.nom.ɯi.suk̚.mjʌŋ.i.ta],[dʒi.nɯn.gʌt̚.i.ne.nom.ɯi.suk̚.mjʌŋ.i.da]
위험에 빠뜨리다,9,[wi.hʌm.e.p͈a.t͈ɯ.ɾi.ta],[wi.hʌm.e.p͈a.t͈ɯ.ɾi.da]
물론이지 이거,9,[mul.ɾon.i.tʃi.i.kʌ],[mul.ɾon.i.dʒi.i.gʌ]
물론이지 정말,9,[mul.ɾon.i.tʃi.tʃʌŋ.mal],[mul.ɾon.i.dʒi.dʒʌŋ.mal]
지니고 다녀요,9,[tʃi.ni.ko.ta.njʌ.jo],[dʒi.ni.go.da.njʌ.jo]
멤버 중 한,9,[mem.pʌ.tʃuŋ.han],[mem.pʌ.dʒuŋ.han]
법이 없잖아요,9,[pʌp̚.i.ʌp̚.tʃan.a.jo],[bʌp̚.i.ʌp̚.tʃan.a.jo]
지도 교사가,9,[tʃi.to.kjo.sa.ka],[dʒi.do.gjo.sa.ga]
지도 그,9,[tʃi.to.kɯ],[dʒi.do.gɯ]
지도 모르는데,9,[tʃi.to.mo.ɾɯ.nɯn.te],[dʒi.do.mo.ɾɯ.nɯn.te]
그리고 책을,9,[kɯ.ɾi.ko.tʃʰɛk̚.ɯl],[gɯ.ɾi.go.tʃʰɛk̚.ɯl]
지도 모르지만,9,[tʃi.to.mo.ɾɯ.tʃi.man],[dʒi.do.mo.ɾɯ.dʒi.man]
위험에 빠진 것,9,[wi.hʌm.e.p͈a.tʃiŋ.kʌt̚],[wi.hʌm.e.p͈a.dʒin.gʌt̚]
지도 오래됐잖아,9,[tʃi.to.o.ɾɛ.twɛt̚.tʃan.a],[dʒi.do.o.ɾɛ.dwɛt̚.tʃan.a]
지도를 그린,9,[tʃi.to.ɾɯl.kɯ.ɾin],[dʒi.do.ɾɯl.gɯ.ɾin]
들킬 위험이,9,[tɯl.kʰil.wi.hʌm.i],[dɯl.kʰil.wi.hʌm.i]
감옥에 넣으려고,9,[kam.ok̚.e.nʌt̚.ɯ.ɾjʌ.ko],[gam.ok̚.e.nʌt̚.ɯ.ɾjʌ.go]
뵈는 게 없어,9,[pwe.nɯŋ.ke.ʌp̚.ʌ],[bwe.nɯn.ge.ʌp̚.ʌ]
위험에 처하지,9,[wi.hʌm.e.tʃʰʌ.ha.tʃi],[wi.hʌm.e.tʃʰʌ.ha.dʒi]
하신 것 같은데,9,[ha.siŋ.kʌt̚.kat̚.ɯn.te],[ha.sin.gʌt̚.gat̚.ɯn.te]
in all the,9,,
경우가 달라요,9,[kjʌŋ.u.ka.tal.ɾa.jo],[gjʌŋ.u.ga.dal.ɾa.jo]
경우가 더,9,[kjʌŋ.u.ka.tʌ],[gjʌŋ.u.ga.dʌ]
경우가 많아,9,[kjʌŋ.u.ka.man.a],[gjʌŋ.u.ga.man.a]
현실이 아니라고,9,[hjʌn.sil.i.a.ni.ɾa.ko],[hjʌn.sil.i.a.ni.ɾa.go]
지루하게 하지,9,[tʃi.ɾu.ha.ke.ha.tʃi],[dʒi.ɾu.ha.ge.ha.dʒi]
물릴 수,9,[mul.ɾil.su],[mul.ɾil.su]
위험은 감수하지,9,[wi.hʌm.ɯŋ.kam.su.ha.tʃi],[wi.hʌm.ɯn.gam.su.ha.dʒi]
난 비명을,9,[nam.pi.mjʌŋ.ɯl],[nan.bi.mjʌŋ.ɯl]
하실 말,9,[ha.sil.mal],[ha.sil.mal]
물불 안 가리는,9,[mul.pul.aŋ.ka.ɾi.nɯn],[mul.pul.an.ga.ɾi.nɯn]
지르는 사람들,9,[tʃi.ɾɯ.nɯn.sa.ɾan.tɯl],[dʒi.ɾɯ.nɯn.sa.ɾan.tɯl]
지르는 소리,9,[tʃi.ɾɯ.nɯn.so.ɾi],[dʒi.ɾɯ.nɯn.so.ɾi]
가질 수 없다는 걸,9,[ka.tʃil.su.ʌp̚.ta.nɯŋ.kʌl],[ga.dʒil.su.ʌp̚.ta.nɯn.gʌl]
하실 말씀 있으십니까,9,[ha.sil.mal.s͈ɯm.it̚.ɯ.sip̚.ni.k͈a],[ha.sil.mal.s͈ɯm.it̚.ɯ.sip̚.ni.k͈a]
행동도 취하지,9,[hɛŋ.toŋ.to.tʃʰwi.ha.tʃi],[hɛŋ.doŋ.do.tʃʰwi.ha.dʒi]
지를 수도,9,[tʃi.ɾɯl.su.to],[dʒi.ɾɯl.su.do]
지름길을 알아,9,[tʃi.ɾɯm.kil.ɯl.al.a],[dʒi.ɾɯm.kil.ɯl.al.a]
법정 모독죄를,9,[pʌp̚.tʃʌŋ.mo.tok̚.tʃwe.ɾɯl],[bʌp̚.tʃʌŋ.mo.dok̚.tʃwe.ɾɯl]
난 빈,9,[nam.pin],[nan.bin]
물어 본,9,[mul.ʌ.pon],[mul.ʌ.bon]
위험을 감수하겠어,9,[wi.hʌm.ɯl.kam.su.ha.ket̚.ʌ],[wi.hʌm.ɯl.gam.su.ha.get̚.ʌ]
위험을 감수할 수 없어요,9,[wi.hʌm.ɯl.kam.su.hal.su.ʌp̚.ʌ.jo],[wi.hʌm.ɯl.gam.su.hal.su.ʌp̚.ʌ.jo]
지목하고 있어,9,[tʃi.mok̚.ha.ko.it̚.ʌ],[dʒi.mok̚.ha.go.it̚.ʌ]
지문 일부가,9,[tʃi.mun.il.pu.ka],[dʒi.mun.il.pu.ga]
경우가 종종,9,[kjʌŋ.u.ka.tʃoŋ.tʃoŋ],[gjʌŋ.u.ga.dʒoŋ.dʒoŋ]
난 빠져,9,[nam.p͈a.tʃjʌ],[nam.p͈a.dʒjʌ]
뵌 지,9,[pwen.tʃi],[bwen.dʒi]
지문을 채취해,9,[tʃi.mun.ɯl.tʃʰɛ.tʃʰwi.hɛ],[dʒi.mun.ɯl.tʃʰɛ.tʃʰwi.hɛ]
지문이 나왔어,9,[tʃi.mun.i.na.wat̚.ʌ],[dʒi.mun.i.na.wat̚.ʌ]
지문이 남아,9,[tʃi.mun.i.nam.a],[dʒi.mun.i.nam.a]
지미 그냥,9,[tʃi.mi.kɯ.njaŋ],[dʒi.mi.gɯ.njaŋ]
법정에 있는,9,[pʌp̚.tʃʌŋ.e.it̚.nɯn],[bʌp̚.tʃʌŋ.e.it̚.nɯn]
하얗게 하얗게,9,[ha.jat̚.ke.ha.jat̚.ke],[ha.jat̚.ke.ha.jat̚.ke]
물어보고 싶은데요,9,[mul.ʌ.po.ko.sip̚.ɯn.te.jo],[mul.ʌ.bo.go.sip̚.ɯn.te.jo]
물어보고 있어,9,[mul.ʌ.po.ko.it̚.ʌ],[mul.ʌ.bo.go.it̚.ʌ]
난 빼줘요,9,[nam.p͈ɛ.tʃwʌ.jo],[nam.p͈ɛ.dʒwʌ.jo]
지미 주니어는,9,[tʃi.mi.tʃu.ni.ʌ.nɯn],[dʒi.mi.dʒu.ni.ʌ.nɯn]
지미 주니어랑,9,[tʃi.mi.tʃu.ni.ʌ.ɾaŋ],[dʒi.mi.dʒu.ni.ʌ.ɾaŋ]
난 사건에서,9,[nan.sa.kʌn.e.sʌ],[nan.sa.gʌn.e.sʌ]
위험을 알고 있었어,9,[wi.hʌm.ɯl.al.ko.it̚.ʌt̚.ʌ],[wi.hʌm.ɯl.al.ko.it̚.ʌt̚.ʌ]
위험을 무릅쓸 순,9,[wi.hʌm.ɯl.mu.ɾɯp̚.s͈ɯl.sun],[wi.hʌm.ɯl.mu.ɾɯp̚.s͈ɯl.sun]
내가 삶을,9,[nɛ.ka.sam.ɯl],[nɛ.ga.sam.ɯl]
듯이 살아,9,[tɯt̚.i.sal.a],[dɯt̚.i.sal.a]
지배 할,9,[tʃi.pɛ.hal],[dʒi.bɛ.hal]
지배적 인,9,[tʃi.pɛ.tʃʌk̚.in],[dʒi.bɛ.dʒʌk̚.in]
능구렁이 같은,9,[nɯŋ.ku.ɾʌŋ.i.kat̚.ɯn],[nɯŋ.gu.ɾʌŋ.i.gat̚.ɯn]
바꿀 수 있잖아,9,[pa.k͈ul.su.it̚.tʃan.a],[ba.k͈ul.su.it̚.tʃan.a]
지배할 힘을,9,[tʃi.pɛ.hal.him.ɯl],[dʒi.bɛ.hal.him.ɯl]
needs me 날,9,[nal],[nal]
현장에 다른,9,[hjʌn.tʃaŋ.e.ta.ɾɯn],[hjʌn.tʃaŋ.e.da.ɾɯn]
지불 한,9,[tʃi.pul.han],[dʒi.bul.han]
법정에서 어떻게,9,[pʌp̚.tʃʌŋ.e.sʌ.ʌ.t͈ʌt̚.ke],[bʌp̚.tʃʌŋ.e.sʌ.ʌ.t͈ʌt̚.ke]
난 사람들한테,9,[nan.sa.ɾan.tɯl.han.tʰe],[nan.sa.ɾan.tɯl.han.tʰe]
하의 실종,9,[ha.ɯi.sil.tʃoŋ],[ha.ɯi.sil.tʃoŋ]
위험하게 하지,9,[wi.hʌm.ha.ke.ha.tʃi],[wi.hʌm.ha.ge.ha.dʒi]
경우도 있지,9,[kjʌŋ.u.to.it̚.tʃi],[gjʌŋ.u.do.it̚.tʃi]
지붕에 있어요,9,[tʃi.puŋ.e.it̚.ʌ.jo],[dʒi.buŋ.e.it̚.ʌ.jo]
지붕으로 가는,9,[tʃi.puŋ.ɯ.ɾo.ka.nɯn],[dʒi.buŋ.ɯ.ɾo.ga.nɯn]
등 다,9,[tɯŋ.ta],[dɯŋ.da]
가질 수 있습니까,9,[ka.tʃil.su.it̚.sɯp̚.ni.k͈a],[ga.dʒil.su.it̚.sɯp̚.ni.k͈a]
물어본 걸,9,[mul.ʌ.poŋ.kʌl],[mul.ʌ.bon.gʌl]
난 사랑하는 사람이,9,[nan.sa.ɾaŋ.ha.nɯn.sa.ɾam.i],[nan.sa.ɾaŋ.ha.nɯn.sa.ɾam.i]
지시를 내려,9,[tʃi.si.ɾɯl.lɛ.ɾjʌ],[dʒi.si.ɾɯl.lɛ.ɾjʌ]
뵙고 싶어 하세요,9,[pwep̚.ko.sip̚.ʌ.ha.se.jo],[bwep̚.ko.sip̚.ʌ.ha.se.jo]
능력 좀,9,[nɯŋ.ɾjʌk̚.tʃom],[nɯŋ.ɾjʌk̚.dʒom]
경우에 대비해서요,9,[kjʌŋ.u.e.tɛ.pi.hɛ.sʌ.jo],[gjʌŋ.u.e.dɛ.bi.hɛ.sʌ.jo]
지시에 따르는,9,[tʃi.si.e.t͈a.ɾɯ.nɯn],[dʒi.si.e.t͈a.ɾɯ.nɯn]
물어볼 걸,9,[mul.ʌ.pol.kʌl],[mul.ʌ.bol.gʌl]
지시하는 대로,9,[tʃi.si.ha.nɯn.tɛ.ɾo],[dʒi.si.ha.nɯn.dɛ.ɾo]
지시한 적,9,[tʃi.si.han.tʃʌk̚],[dʒi.si.han.dʒʌk̚]
하자 그런데,9,[ha.tʃa.kɯ.ɾʌn.te],[ha.dʒa.gɯ.ɾʌn.te]
지식의 사람들이,9,[tʃi.sik̚.ɯi.sa.ɾan.tɯl.i],[dʒi.sik̚.ɯi.sa.ɾan.tɯl.i]
지어낸 거 아니야,9,[tʃi.ʌ.nɛŋ.kʌ.a.ni.ja],[dʒi.ʌ.nɛn.gʌ.a.ni.ja]
줄 알 텐데,9,[tʃul.al.tʰen.te],[dʒul.al.tʰen.te]
난 사진을,9,[nan.sa.tʃin.ɯl],[nan.sa.dʒin.ɯl]
경우에 우리는,9,[kjʌŋ.u.e.u.ɾi.nɯn],[gjʌŋ.u.e.u.ɾi.nɯn]
지어낼 수,9,[tʃi.ʌ.nɛl.su],[dʒi.ʌ.nɛl.su]
지어야 한다,9,[tʃi.ʌ.ja.han.ta],[dʒi.ʌ.ja.han.ta]
지에 대한,9,[tʃi.e.tɛ.han],[dʒi.e.dɛ.han]
위험한 것으로,9,[wi.hʌm.haŋ.kʌt̚.ɯ.ɾo],[wi.hʌm.han.gʌt̚.ɯ.ɾo]
지역 경찰의,9,[tʃi.jʌk̚.kjʌŋ.tʃʰal.ɯi],[dʒi.jʌk̚.gjʌŋ.tʃʰal.ɯi]
현장에서 본,9,[hjʌn.tʃaŋ.e.sʌ.pon],[hjʌn.tʃaŋ.e.sʌ.bon]
현장에서 죽은,9,[hjʌn.tʃaŋ.e.sʌ.tʃuk̚.ɯn],[hjʌn.tʃaŋ.e.sʌ.dʒuk̚.ɯn]
난 살고 싶어,9,[nan.sal.ko.sip̚.ʌ],[nan.sal.ko.sip̚.ʌ]
지역 뉴스에,9,[tʃi.jʌk̚.nju.sɯ.e],[dʒi.jʌk̚.nju.sɯ.e]
지역 리처즈,9,[tʃi.jʌk̚.ɾi.tʃʰʌ.tʃɯ],[dʒi.jʌk̚.ɾi.tʃʰʌ.dʒɯ]
위험한 곳은,9,[wi.hʌm.haŋ.kot̚.ɯn],[wi.hʌm.han.got̚.ɯn]
지역 모든,9,[tʃi.jʌk̚.mo.tɯn],[dʒi.jʌk̚.mo.dɯn]
지역 봉사,9,[tʃi.jʌk̚.poŋ.sa],[dʒi.jʌk̚.boŋ.sa]
지역 사람들이,9,[tʃi.jʌk̚.sa.ɾan.tɯl.i],[dʒi.jʌk̚.sa.ɾan.tɯl.i]
물어볼게요 왜,9,[mul.ʌ.pol.ke.jo.wɛ],[mul.ʌ.bol.ke.jo.wɛ]
물어볼게요 이,9,[mul.ʌ.pol.ke.jo.i],[mul.ʌ.bol.ke.jo.i]
지역 사회와,9,[tʃi.jʌk̚.sa.hwe.wa],[dʒi.jʌk̚.sa.hwe.wa]
곧 돌아옵니다,9,[kot̚.tol.a.op̚.ni.ta],[got̚.dol.a.op̚.ni.da]
난 살아남았어,9,[nan.sal.a.nam.at̚.ʌ],[nan.sal.a.nam.at̚.ʌ]
벗기 위해,9,[pʌt̚.ki.wi.hɛ],[bʌt̚.ki.wi.hɛ]
난 살아남지,9,[nan.sal.a.nan.tʃi],[nan.sal.a.nan.tʃi]
물어봐 아니,9,[mul.ʌ.pwa.a.ni],[mul.ʌ.bwa.a.ni]
가질 수 있잖아요,9,[ka.tʃil.su.it̚.tʃan.a.jo],[ga.dʒil.su.it̚.tʃan.a.jo]
벗어 빨리,9,[pʌt̚.ʌ.p͈al.ɾi],[bʌt̚.ʌ.p͈al.ɾi]
물어봐 주셔서 감사합니다,9,[mul.ʌ.pwa.tʃu.sjʌ.sʌ.kam.sa.hap̚.ni.ta],[mul.ʌ.bwa.dʒu.sjʌ.sʌ.gam.sa.hap̚.ni.da]
난 살인 사건,9,[nan.sal.in.sa.kʌn],[nan.sal.in.sa.gʌn]
지옥 같군,9,[tʃi.ok̚.kat̚.kun],[dʒi.ok̚.gat̚.kun]
물어봐도 되겠니,9,[mul.ʌ.pwa.to.twe.ket̚.ni],[mul.ʌ.bwa.do.dwe.get̚.ni]
물어봐도 되나,9,[mul.ʌ.pwa.to.twe.na],[mul.ʌ.bwa.do.dwe.na]
지옥 훈련,9,[tʃi.ok̚.hul.ljʌn],[dʒi.ok̚.hul.ljʌn]
난 살짝,9,[nan.sal.tʃ͈ak̚],[nan.sal.tʃ͈ak̚]
난 삶의,9,[nan.sam.ɯi],[nan.sam.ɯi]
지옥에 갔다,9,[tʃi.ok̚.e.kat̚.ta],[dʒi.ok̚.e.gat̚.ta]
현재 당신의,9,[hjʌn.tʃɛ.taŋ.sin.ɯi],[hjʌn.tʃɛ.daŋ.sin.ɯi]
그리고 평생,9,[kɯ.ɾi.ko.pʰjʌŋ.sɛŋ],[gɯ.ɾi.go.pʰjʌŋ.sɛŋ]
물어봐요 난,9,[mul.ʌ.pwa.jo.nan],[mul.ʌ.bwa.jo.nan]
하잖아 그런,9,[ha.tʃan.a.kɯ.ɾʌn],[ha.dʒan.a.gɯ.ɾʌn]
등록 번호는,9,[tɯŋ.ɾok̚.pʌn.ho.nɯn],[dɯŋ.ɾok̚.bʌn.ho.nɯn]
물어봤던 거,9,[mul.ʌ.pwat̚.tʌŋ.kʌ],[mul.ʌ.bwat̚.tʌn.gʌ]
지옥이 될,9,[tʃi.ok̚.i.twel],[dʒi.ok̚.i.dwel]
지옥이 있다면,9,[tʃi.ok̚.i.it̚.ta.mjʌn],[dʒi.ok̚.i.it̚.ta.mjʌn]
위험한 일을 하고,9,[wi.hʌm.han.il.ɯl.ha.ko],[wi.hʌm.han.il.ɯl.ha.go]
지우고 나면,9,[tʃi.u.ko.na.mjʌn],[dʒi.u.go.na.mjʌn]
지우고 또 지워봐도,9,[tʃi.u.ko.t͈o.tʃi.wʌ.pwa.to],[dʒi.u.go.t͈o.dʒi.wʌ.bwa.do]
지우고 또 지워봐도 넌,9,[tʃi.u.ko.t͈o.tʃi.wʌ.pwa.to.nʌn],[dʒi.u.go.t͈o.dʒi.wʌ.bwa.do.nʌn]
하잖아 당신,9,[ha.tʃan.a.taŋ.sin],[ha.dʒan.a.daŋ.sin]
지운 거야,9,[tʃi.uŋ.kʌ.ja],[dʒi.un.gʌ.ja]
난 상을,9,[nan.saŋ.ɯl],[nan.saŋ.ɯl]
지울 수 있어요,9,[tʃi.ul.su.it̚.ʌ.jo],[dʒi.ul.su.it̚.ʌ.jo]
지울 수도,9,[tʃi.ul.su.to],[dʒi.ul.su.do]
그리고 피트,9,[kɯ.ɾi.ko.pʰi.tʰɯ],[gɯ.ɾi.go.pʰi.tʰɯ]
지워지지 않는,9,[tʃi.wʌ.tʃi.tʃi.an.nɯn],[dʒi.wʌ.dʒi.dʒi.an.nɯn]
지워지지 않을,9,[tʃi.wʌ.tʃi.tʃi.an.ɯl],[dʒi.wʌ.dʒi.dʒi.an.ɯl]
물에 들어가서,9,[mul.e.tɯl.ʌ.ka.sʌ],[mul.e.dɯl.ʌ.ga.sʌ]
and now I''m,9,,
능력을 보고,9,[nɯŋ.ɾjʌk̚.ɯl.po.ko],[nɯŋ.ɾjʌk̚.ɯl.bo.go]
지원 단체,9,[tʃi.wʌn.tan.tʃʰe],[dʒi.wʌn.dan.tʃʰe]
지원 사격,9,[tʃi.wʌn.sa.kjʌk̚],[dʒi.wʌn.sa.gjʌk̚]
지원 요청할,9,[tʃi.wʌn.jo.tʃʰʌŋ.hal],[dʒi.wʌn.jo.tʃʰʌŋ.hal]
벗어나지 말고,9,[pʌt̚.ʌ.na.tʃi.mal.ko],[bʌt̚.ʌ.na.dʒi.mal.ko]
지원군이 오고,9,[tʃi.wʌŋ.kun.i.o.ko],[dʒi.wʌŋ.kun.i.o.go]
난 샘이야,9,[nan.sɛm.i.ja],[nan.sɛm.i.ja]
벗어나지 못할,9,[pʌt̚.ʌ.na.tʃi.mot̚.hal],[bʌt̚.ʌ.na.dʒi.mot̚.hal]
위험할 때만,9,[wi.hʌm.hal.t͈ɛ.man],[wi.hʌm.hal.t͈ɛ.man]
지원을 요청했어,9,[tʃi.wʌn.ɯl.jo.tʃʰʌŋ.hɛt̚.ʌ],[dʒi.wʌn.ɯl.jo.tʃʰʌŋ.hɛt̚.ʌ]
지원이 올,9,[tʃi.wʌn.i.ol],[dʒi.wʌn.i.ol]
내 아이라고,9,[nɛ.a.i.ɾa.ko],[nɛ.a.i.ɾa.go]
물은 거예요,9,[mul.ɯŋ.kʌ.je.jo],[mul.ɯn.gʌ.je.jo]
물은 마시지,9,[mul.ɯn.ma.si.tʃi],[mul.ɯn.ma.si.dʒi]
위해서야 네,9,[wi.hɛ.sʌ.ja.ne],[wi.hɛ.sʌ.ja.ne]
물은 항상,9,[mul.ɯn.haŋ.saŋ],[mul.ɯn.haŋ.saŋ]
지은 죄도,9,[tʃi.ɯn.tʃwe.to],[dʒi.ɯn.dʒwe.do]
가질 줄,9,[ka.tʃil.tʃul],[ga.dʒil.dʒul]
위험해 나도,9,[wi.hʌm.hɛ.na.to],[wi.hʌm.hɛ.na.do]
난 선배가,9,[nan.sʌm.pɛ.ka],[nan.sʌm.pɛ.ga]
물을 마셔야,9,[mul.ɯl.ma.sjʌ.ja],[mul.ɯl.ma.sjʌ.ja]
난 선을,9,[nan.sʌn.ɯl],[nan.sʌn.ɯl]
난 선택권이 없어,9,[nan.sʌn.tʰɛk̚.kwʌn.i.ʌp̚.ʌ],[nan.sʌn.tʰɛk̚.kwʌn.i.ʌp̚.ʌ]
위험해 보여요,9,[wi.hʌm.hɛ.po.jʌ.jo],[wi.hʌm.hɛ.bo.jʌ.jo]
지점에 있는,9,[tʃi.tʃʌm.e.it̚.nɯn],[dʒi.dʒʌm.e.it̚.nɯn]
가질 필요는,9,[ka.tʃil.pʰil.jo.nɯn],[ga.dʒil.pʰil.jo.nɯn]
하죠 알겠습니다,9,[ha.tʃjo.al.ket̚.sɯp̚.ni.ta],[ha.dʒjo.al.ket̚.sɯp̚.ni.da]
물을 조금,9,[mul.ɯl.tʃo.kɯm],[mul.ɯl.dʒo.gɯm]
지정 및,9,[tʃi.tʃʌŋ.mit̚],[dʒi.dʒʌŋ.mit̚]
물을 주지,9,[mul.ɯl.tʃu.tʃi],[mul.ɯl.dʒu.dʒi]
지지 마라,9,[tʃi.tʃi.ma.ɾa],[dʒi.dʒi.ma.ɾa]
벗어났을 거야,9,[pʌt̚.ʌ.nat̚.ɯl.kʌ.ja],[bʌt̚.ʌ.nat̚.ɯl.gʌ.ja]
지지하는 레즈비언과,9,[tʃi.tʃi.ha.nɯl.le.tʃɯ.pi.ʌŋ.kwa],[dʒi.dʒi.ha.nɯl.le.dʒɯ.bi.ʌŋ.kwa]
지지하지 않습니다,9,[tʃi.tʃi.ha.tʃi.an.sɯp̚.ni.ta],[dʒi.dʒi.ha.dʒi.an.sɯp̚.ni.da]
지지한다는 걸,9,[tʃi.tʃi.han.ta.nɯŋ.kʌl],[dʒi.dʒi.han.ta.nɯn.gʌl]
지지할 거예요,9,[tʃi.tʃi.hal.kʌ.je.jo],[dʒi.dʒi.hal.gʌ.je.jo]
물이 나오는,9,[mul.i.na.o.nɯn],[mul.i.na.o.nɯn]
혈압 올라,9,[hjʌl.ap̚.ol.ɾa],[hjʌl.ap̚.ol.ɾa]
And The,9,,
위험해지는 거,9,[wi.hʌm.hɛ.tʃi.nɯŋ.kʌ],[wi.hʌm.hɛ.dʒi.nɯn.gʌ]
난 세계를,9,[nan.se.kje.ɾɯl],[nan.se.gje.ɾɯl]
아까 잠깐,9,[a.k͈a.tʃam.k͈an],[a.k͈a.dʒam.k͈an]
지쳐서 그래,9,[tʃi.tʃʰjʌ.sʌ.kɯ.ɾɛ],[dʒi.tʃʰjʌ.sʌ.gɯ.ɾɛ]
가짜 뉴스를,9,[ka.tʃ͈a.nju.sɯ.ɾɯl],[ga.tʃ͈a.nju.sɯ.ɾɯl]
물이 새서,9,[mul.i.sɛ.sʌ],[mul.i.sɛ.sʌ]
아까 저기서,9,[a.k͈a.tʃʌ.ki.sʌ],[a.k͈a.dʒʌ.gi.sʌ]
물이 쏴 나온다,9,[mul.i.s͈wa.na.on.ta],[mul.i.s͈wa.na.on.ta]
가짜 돈,9,[ka.tʃ͈a.ton],[ga.tʃ͈a.don]
위협 수준,9,[wi.hjʌp̚.su.tʃun],[wi.hjʌp̚.su.dʒun]
지칠 줄 모르고,9,[tʃi.tʃʰil.tʃul.mo.ɾɯ.ko],[dʒi.tʃʰil.dʒul.mo.ɾɯ.go]
지칠 줄 모르는,9,[tʃi.tʃʰil.tʃul.mo.ɾɯ.nɯn],[dʒi.tʃʰil.dʒul.mo.ɾɯ.nɯn]
지켜 내가,9,[tʃi.kʰjʌ.nɛ.ka],[dʒi.kʰjʌ.nɛ.ga]
물이 있고,9,[mul.i.it̚.ko],[mul.i.it̚.ko]
지켜 보면서,9,[tʃi.kʰjʌ.po.mjʌn.sʌ],[dʒi.kʰjʌ.bo.mjʌn.sʌ]
하지 그걸,9,[ha.tʃi.kɯ.kʌl],[ha.dʒi.gɯ.gʌl]
지켜 주려는,9,[tʃi.kʰjʌ.tʃu.ɾjʌ.nɯn],[dʒi.kʰjʌ.dʒu.ɾjʌ.nɯn]
물이 졸졸 흐른다,9,[mul.i.tʃol.tʃol.hɯ.ɾɯn.ta],[mul.i.dʒol.tʃol.hɯ.ɾɯn.ta]
가짜 동생,9,[ka.tʃ͈a.toŋ.sɛŋ],[ga.tʃ͈a.doŋ.sɛŋ]
지켜 줬어요,9,[tʃi.kʰjʌ.tʃwʌt̚.ʌ.jo],[dʒi.kʰjʌ.dʒwʌt̚.ʌ.jo]
지켜내야 합니다,9,[tʃi.kʰjʌ.nɛ.ja.hap̚.ni.ta],[dʒi.kʰjʌ.nɛ.ja.hap̚.ni.da]
지켜드릴 겁니다,9,[tʃi.kʰjʌ.tɯ.ɾil.kʌp̚.ni.ta],[dʒi.kʰjʌ.dɯ.ɾil.gʌp̚.ni.da]
건지 보여줘,9,[kʌn.tʃi.po.jʌ.tʃwʌ],[gʌn.tʃi.bo.jʌ.dʒwʌ]
물이나 줘,9,[mul.i.na.tʃwʌ],[mul.i.na.dʒwʌ]
물이다 이것은,9,[mul.i.ta.i.kʌt̚.ɯn],[mul.i.da.i.gʌt̚.ɯn]
물이다 이것은 우물이다,9,[mul.i.ta.i.kʌt̚.ɯn.u.mul.i.ta],[mul.i.da.i.gʌt̚.ɯn.u.mul.i.da]
물이다 이것은 우물이다 배불리,9,[mul.i.ta.i.kʌt̚.ɯn.u.mul.i.ta.pɛ.pul.ɾi],[mul.i.da.i.gʌt̚.ɯn.u.mul.i.da.bɛ.bul.ɾi]
물이라도 줄까,9,[mul.i.ɾa.to.tʃul.k͈a],[mul.i.ɾa.do.dʒul.k͈a]
지켜보고 있었지,9,[tʃi.kʰjʌ.po.ko.it̚.ʌt̚.tʃi],[dʒi.kʰjʌ.bo.go.it̚.ʌt̚.tʃi]
지켜보고 있지,9,[tʃi.kʰjʌ.po.ko.it̚.tʃi],[dʒi.kʰjʌ.bo.go.it̚.tʃi]
물적 증거가,9,[mul.tʃʌk̚.tʃɯŋ.kʌ.ka],[mul.tʃʌk̚.dʒɯŋ.gʌ.ga]
난 손도 안 댔어,9,[nan.son.to.an.tɛt̚.ʌ],[nan.son.to.an.dɛt̚.ʌ]
지켜보는 사람이,9,[tʃi.kʰjʌ.po.nɯn.sa.ɾam.i],[dʒi.kʰjʌ.bo.nɯn.sa.ɾam.i]
내 안의 작은 빛,9,[nɛ.an.ɯi.tʃak̚.ɯm.pit̚],[nɛ.an.ɯi.dʒak̚.ɯn.bit̚]
경제가 무너질,9,[kjʌŋ.tʃe.ka.mu.nʌ.tʃil],[gjʌŋ.dʒe.ga.mu.nʌ.dʒil]
난 손이,9,[nan.son.i],[nan.son.i]
지켜볼 수도,9,[tʃi.kʰjʌ.pol.su.to],[dʒi.kʰjʌ.bol.su.do]
하지 또,9,[ha.tʃi.t͈o],[ha.dʒi.t͈o]
지켜봐 왔어,9,[tʃi.kʰjʌ.pwa.wat̚.ʌ],[dʒi.kʰjʌ.bwa.wat̚.ʌ]
베넷 부인,9,[pe.net̚.pu.in],[be.net̚.bu.in]
뭉개 버릴,9,[muŋ.kɛ.pʌ.ɾil],[muŋ.gɛ.bʌ.ɾil]
지켜야 하는 건,9,[tʃi.kʰjʌ.ja.ha.nɯŋ.kʌn],[dʒi.kʰjʌ.ja.ha.nɯn.gʌn]
뭉쳐야 돼,9,[muŋ.tʃʰjʌ.ja.twɛ],[muŋ.tʃʰjʌ.ja.dwɛ]
never even,9,,
하지 마 나는,9,[ha.tʃi.ma.na.nɯn],[ha.dʒi.ma.na.nɯn]
베니스 해변,9,[pe.ni.sɯ.hɛ.pjʌn],[be.ni.sɯ.hɛ.bjʌn]
지켜줄 수 있을,9,[tʃi.kʰjʌ.tʃul.su.it̚.ɯl],[dʒi.kʰjʌ.dʒul.su.it̚.ɯl]
지켜줄 수 있지,9,[tʃi.kʰjʌ.tʃul.su.it̚.tʃi],[dʒi.kʰjʌ.dʒul.su.it̚.tʃi]
뭐 같네,9,[mwʌ.kat̚.ne],[mwʌ.gat̚.ne]
곧 무너질 것,9,[kot̚.mu.nʌ.tʃil.kʌt̚],[got̚.mu.nʌ.dʒil.gʌt̚]
혐의로 기소됐습니다,9,[hjʌm.ɯi.ɾo.ki.so.twɛt̚.sɯp̚.ni.ta],[hjʌm.ɯi.ɾo.gi.so.dwɛt̚.sɯp̚.ni.da]
난 수학을,9,[nan.su.hak̚.ɯl],[nan.su.hak̚.ɯl]
never fall,9,,
난 술 안 마셔요,9,[nan.sul.an.ma.sjʌ.jo],[nan.sul.an.ma.sjʌ.jo]
지키게 되었다 Almost Human,9,[tʃi.kʰi.ke.twe.ʌt̚.ta],[dʒi.kʰi.ge.dwe.ʌt̚.ta]
지키고 있는데,9,[tʃi.kʰi.ko.it̚.nɯn.te],[dʒi.kʰi.go.it̚.nɯn.te]
뭐 그거야,9,[mwʌ.kɯ.kʌ.ja],[mwʌ.gɯ.gʌ.ja]
지키고 있던,9,[tʃi.kʰi.ko.it̚.tʌn],[dʒi.kʰi.go.it̚.tʌn]
난 숨을,9,[nan.sum.ɯl],[nan.sum.ɯl]
난 숨지,9,[nan.sun.tʃi],[nan.sun.tʃi]
혐의로 체포됐어,9,[hjʌm.ɯi.ɾo.tʃʰe.pʰo.twɛt̚.ʌ],[hjʌm.ɯi.ɾo.tʃʰe.pʰo.dwɛt̚.ʌ]
지키는 거라고,9,[tʃi.kʰi.nɯŋ.kʌ.ɾa.ko],[dʒi.kʰi.nɯn.gʌ.ɾa.go]
never felt,9,,
뭐 그런 걸로,9,[mwʌ.kɯ.ɾʌŋ.kʌl.ɾo],[mwʌ.gɯ.ɾʌn.gʌl.ɾo]
지키는 사람이지,9,[tʃi.kʰi.nɯn.sa.ɾam.i.tʃi],[dʒi.kʰi.nɯn.sa.ɾam.i.dʒi]
경찰 규정,9,[kjʌŋ.tʃʰal.kju.tʃʌŋ],[gjʌŋ.tʃʰal.gju.dʒʌŋ]
뭐 그런거지,9,[mwʌ.kɯ.ɾʌŋ.kʌ.tʃi],[mwʌ.gɯ.ɾʌŋ.kʌ.dʒi]
뭐 그런건,9,[mwʌ.kɯ.ɾʌŋ.kʌn],[mwʌ.gɯ.ɾʌŋ.kʌn]
하지 마 한,9,[ha.tʃi.ma.han],[ha.dʒi.ma.han]
그게 그렇게 중요해,9,[kɯ.ke.kɯ.ɾʌt̚.ke.tʃuŋ.jo.hɛ],[gɯ.ge.gɯ.ɾʌt̚.ke.dʒuŋ.jo.hɛ]
그리고 회사,9,[kɯ.ɾi.ko.hwe.sa],[gɯ.ɾi.go.hwe.sa]
지키려는 것뿐이에요,9,[tʃi.kʰi.ɾjʌ.nɯŋ.kʌt̚.p͈un.i.e.jo],[dʒi.kʰi.ɾjʌ.nɯn.gʌt̚.p͈un.i.e.jo]
지키려면 어쩔,9,[tʃi.kʰi.ɾjʌ.mjʌn.ʌ.tʃ͈ʌl],[dʒi.kʰi.ɾjʌ.mjʌn.ʌ.tʃ͈ʌl]
윈더미어의 혼을,9,[win.tʌ.mi.ʌ.ɯi.hon.ɯl],[win.tʌ.mi.ʌ.ɯi.hon.ɯl]
지키지 못,9,[tʃi.kʰi.tʃi.mot̚],[dʒi.kʰi.dʒi.mot̚]
난 스파이더맨이야,9,[nan.sɯ.pʰa.i.tʌ.mɛn.i.ja],[nan.sɯ.pʰa.i.dʌ.mɛn.i.ja]
가짜 이름,9,[ka.tʃ͈a.i.ɾɯm],[ga.tʃ͈a.i.ɾɯm]
지키지도 못할,9,[tʃi.kʰi.tʃi.to.mot̚.hal],[dʒi.kʰi.dʒi.do.mot̚.hal]
never found,9,,
경찰 노릇,9,[kjʌŋ.tʃʰal.lo.ɾɯt̚],[gjʌŋ.tʃʰal.lo.ɾɯt̚]
하지 마요 그,9,[ha.tʃi.ma.jo.kɯ],[ha.dʒi.ma.jo.gɯ]
지킬 박사와,9,[tʃi.kʰil.pak̚.sa.wa],[dʒi.kʰil.bak̚.sa.wa]
지킬 방법은,9,[tʃi.kʰil.pam.pʌp̚.ɯn],[dʒi.kʰil.baŋ.bʌp̚.ɯn]
디비나 부에나,9,[ti.pi.na.pu.e.na],[di.bi.na.bu.e.na]
경찰 놀이,9,[kjʌŋ.tʃʰal.lol.i],[gjʌŋ.tʃʰal.lol.i]
아끼는 사람들은,9,[a.k͈i.nɯn.sa.ɾan.tɯl.ɯn],[a.k͈i.nɯn.sa.ɾan.tɯl.ɯn]
베스트 프렌드가,9,[pe.sɯ.tʰɯ.pʰɯ.ɾen.tɯ.ka],[be.sɯ.tʰɯ.pʰɯ.ɾen.tɯ.ga]
지킬 책임이,9,[tʃi.kʰil.tʃʰɛk̚.im.i],[dʒi.kʰil.tʃʰɛk̚.im.i]
가짜 피를,9,[ka.tʃ͈a.pʰi.ɾɯl],[ga.tʃ͈a.pʰi.ɾɯl]
never giving,9,,
하지 말고 좀,9,[ha.tʃi.mal.ko.tʃom],[ha.dʒi.mal.ko.dʒom]
곧 보러,9,[kot̚.po.ɾʌ],[got̚.bo.ɾʌ]
협력 업체,9,[hjʌp̚.ɾjʌk̚.ʌp̚.tʃʰe],[hjʌp̚.ɾjʌk̚.ʌp̚.tʃʰe]
never giving up,9,,
지하 감옥으로,9,[tʃi.ha.kam.ok̚.ɯ.ɾo],[dʒi.ha.gam.ok̚.ɯ.ɾo]
베이브 루스,9,[pe.i.pɯ.ɾu.sɯ],[be.i.bɯ.ɾu.sɯ]
난 신경 안 쓰니까,9,[nan.siŋ.kjʌŋ.an.s͈ɯ.ni.k͈a],[nan.siŋ.kjʌŋ.an.s͈ɯ.ni.k͈a]
난 신경 안 쓸,9,[nan.siŋ.kjʌŋ.an.s͈ɯl],[nan.siŋ.kjʌŋ.an.s͈ɯl]
협력해야 해,9,[hjʌp̚.ɾjʌk̚.hɛ.ja.hɛ],[hjʌp̚.ɾjʌk̚.hɛ.ja.hɛ]
윌 어디,9,[wil.ʌ.ti],[wil.ʌ.di]
지하 테러,9,[tʃi.ha.tʰe.ɾʌ],[dʒi.ha.tʰe.ɾʌ]
to go in,9,,
지하실에 뭐가,9,[tʃi.ha.sil.e.mwʌ.ka],[dʒi.ha.sil.e.mwʌ.ga]
난 신부가,9,[nan.sim.pu.ka],[nan.sim.pu.ga]
지하실에 있던,9,[tʃi.ha.sil.e.it̚.tʌn],[dʒi.ha.sil.e.it̚.tʌn]
경찰 떴어,9,[kjʌŋ.tʃʰal.t͈ʌt̚.ʌ],[gjʌŋ.tʃʰal.t͈ʌt̚.ʌ]
내 애들한테,9,[nɛ.ɛ.tɯl.han.tʰe],[nɛ.ɛ.dɯl.han.tʰe]
지하철 역,9,[tʃi.ha.tʃʰʌl.jʌk̚],[dʒi.ha.tʃʰʌl.jʌk̚]
줄 알았는데 여기서,9,[tʃul.al.at̚.nɯn.te.jʌ.ki.sʌ],[dʒul.al.at̚.nɯn.te.jʌ.gi.sʌ]
경찰 말이에요,9,[kjʌŋ.tʃʰal.mal.i.e.jo],[gjʌŋ.tʃʰal.mal.i.e.jo]
협박을 한,9,[hjʌp̚.pak̚.ɯl.han],[hjʌp̚.pak̚.ɯl.han]
지휘할 거야,9,[tʃi.hwi.hal.kʌ.ja],[dʒi.hwi.hal.gʌ.ja]
난 싫다,9,[nan.sil.ta],[nan.sil.ta]
직 연다,9,[tʃik̚.jʌn.ta],[dʒik̚.jʌn.ta]
직감에 따르면,9,[tʃik̚.kam.e.t͈a.ɾɯ.mjʌn],[dʒik̚.kam.e.t͈a.ɾɯ.mjʌn]
윌리엄 허트,9,[wil.ɾi.ʌm.hʌ.tʰɯ],[wil.ɾi.ʌm.hʌ.tʰɯ]
직면할 수,9,[tʃik̚.mjʌn.hal.su],[dʒik̚.mjʌn.hal.su]
가까이 있는 것,9,[ka.k͈a.i.it̚.nɯŋ.kʌt̚],[ga.k͈a.i.it̚.nɯn.gʌt̚]
직무 유기,9,[tʃik̚.mu.ju.ki],[dʒik̚.mu.ju.gi]
감옥에서 나오면,9,[kam.ok̚.e.sʌ.na.o.mjʌn],[gam.ok̚.e.sʌ.na.o.mjʌn]
직업 윤리,9,[tʃik̚.ʌp̚.jul.li],[dʒik̚.ʌp̚.jul.li]
협박하는 거니,9,[hjʌp̚.pak̚.ha.nɯŋ.kʌ.ni],[hjʌp̚.pak̚.ha.nɯn.gʌ.ni]
뭐 먹는 거야,9,[mwʌ.mʌk̚.nɯŋ.kʌ.ja],[mwʌ.mʌk̚.nɯn.gʌ.ja]
하지 않거나,9,[ha.tʃi.aŋ.kʌ.na],[ha.dʒi.aŋ.kʌ.na]
하지 안녕,9,[ha.tʃi.an.njʌŋ],[ha.dʒi.an.njʌŋ]
직업은 어떻게,9,[tʃik̚.ʌp̚.ɯn.ʌ.t͈ʌt̚.ke],[dʒik̚.ʌp̚.ɯn.ʌ.t͈ʌt̚.ke]
뭐 먹을 거야,9,[mwʌ.mʌk̚.ɯl.kʌ.ja],[mwʌ.mʌk̚.ɯl.gʌ.ja]
직업이 있고,9,[tʃik̚.ʌp̚.i.it̚.ko],[dʒik̚.ʌp̚.i.it̚.ko]
아내 마르타 산토스 데,9,[a.nɛ.ma.ɾɯ.tʰa.san.tʰo.sɯ.te],[a.nɛ.ma.ɾɯ.tʰa.san.tʰo.sɯ.de]
직업이 필요해,9,[tʃik̚.ʌp̚.i.pʰil.jo.hɛ],[dʒik̚.ʌp̚.i.pʰil.jo.hɛ]
뭐 문제 있나요,9,[mwʌ.mun.tʃe.it̚.na.jo],[mwʌ.mun.tʃe.it̚.na.jo]
직원 명단이,9,[tʃik̚.wʌn.mjʌŋ.tan.i],[dʒik̚.wʌn.mjʌŋ.dan.i]
뭐 묻었다,9,[mwʌ.mut̚.ʌt̚.ta],[mwʌ.mut̚.ʌt̚.ta]
직원 외 출입 금지,9,[tʃik̚.wʌn.we.tʃʰul.ip̚.kɯn.tʃi],[dʒik̚.wʌn.we.tʃʰul.ip̚.gɯn.tʃi]
직원 외 출입,9,[tʃik̚.wʌn.we.tʃʰul.ip̚],[dʒik̚.wʌn.we.tʃʰul.ip̚]
뭐 물어볼,9,[mwʌ.mul.ʌ.pol],[mwʌ.mul.ʌ.bol]
난 쏠,9,[nan.s͈ol],[nan.s͈ol]
뭐 배운,9,[mwʌ.pɛ.un],[mwʌ.bɛ.un]
직원은 몇,9,[tʃik̚.wʌn.ɯn.mjʌt̚],[dʒik̚.wʌn.ɯn.mjʌt̚]
Love shack,9,,
직원이 다,9,[tʃik̚.wʌn.i.ta],[dʒik̚.wʌn.i.da]
직원이 몇,9,[tʃik̚.wʌn.i.mjʌt̚],[dʒik̚.wʌn.i.mjʌt̚]
직장 구할,9,[tʃik̚.tʃaŋ.ku.hal],[dʒik̚.tʃaŋ.gu.hal]
뭐 보냐,9,[mwʌ.po.nja],[mwʌ.bo.nja]
무슨 일이 있었는지 기억나,9,[mu.sɯn.il.i.it̚.ʌt̚.nɯn.tʃi.ki.ʌk̚.na],[mu.sɯn.il.i.it̚.ʌt̚.nɯn.tʃi.gi.ʌk̚.na]
직장 동료와,9,[tʃik̚.tʃaŋ.toŋ.ɾjo.wa],[dʒik̚.tʃaŋ.doŋ.ɾjo.wa]
직장 동료인,9,[tʃik̚.tʃaŋ.toŋ.ɾjo.in],[dʒik̚.tʃaŋ.doŋ.ɾjo.in]
직장 생활,9,[tʃik̚.tʃaŋ.sɛŋ.hwal],[dʒik̚.tʃaŋ.sɛŋ.hwal]
디즈니 월드에,9,[ti.tʃɯ.ni.wʌl.tɯ.e],[di.dʒɯ.ni.wʌl.tɯ.e]
뭐 본 거 없어,9,[mwʌ.poŋ.kʌ.ʌp̚.ʌ],[mwʌ.bon.gʌ.ʌp̚.ʌ]
뭐 봐요,9,[mwʌ.pwa.jo],[mwʌ.bwa.jo]
직장에서 만난,9,[tʃik̚.tʃaŋ.e.sʌ.man.nan],[dʒik̚.tʃaŋ.e.sʌ.man.nan]
협상 중입니다,9,[hjʌp̚.saŋ.tʃuŋ.ip̚.ni.ta],[hjʌp̚.saŋ.dʒuŋ.ip̚.ni.da]
윗층에 있어,9,[wit̚.tʃʰɯŋ.e.it̚.ʌ],[wit̚.tʃʰɯŋ.e.it̚.ʌ]
뭐 사다 줄까,9,[mwʌ.sa.ta.tʃul.k͈a],[mwʌ.sa.da.dʒul.k͈a]
직접 거래를,9,[tʃik̚.tʃʌp̚.kʌ.ɾɛ.ɾɯl],[dʒik̚.tʃʌp̚.gʌ.ɾɛ.ɾɯl]
베티 루크,9,[pe.tʰi.ɾu.kʰɯ],[be.tʰi.ɾu.kʰɯ]
직접 경험해,9,[tʃik̚.tʃʌp̚.kjʌŋ.hʌm.hɛ],[dʒik̚.tʃʌp̚.gjʌŋ.hʌm.hɛ]
하지 않았다 나는,9,[ha.tʃi.an.at̚.ta.na.nɯn],[ha.dʒi.an.at̚.ta.na.nɯn]
아내 죽인,9,[a.nɛ.tʃuk̚.in],[a.nɛ.dʒuk̚.in]
직접 나선,9,[tʃik̚.tʃʌp̚.na.sʌn],[dʒik̚.tʃʌp̚.na.sʌn]
난 아니예요,9,[nan.a.ni.je.jo],[nan.a.ni.je.jo]
아내가 곧,9,[a.nɛ.ka.kot̚],[a.nɛ.ga.got̚]
직접 당신을,9,[tʃik̚.tʃʌp̚.taŋ.sin.ɯl],[dʒik̚.tʃʌp̚.daŋ.sin.ɯl]
Love will,9,,
유 아이,9,[ju.a.i],[ju.a.i]
직접 들어야겠어요,9,[tʃik̚.tʃʌp̚.tɯl.ʌ.ja.ket̚.ʌ.jo],[dʒik̚.tʃʌp̚.dɯl.ʌ.ja.get̚.ʌ.jo]
직접 들어야겠어,9,[tʃik̚.tʃʌp̚.tɯl.ʌ.ja.ket̚.ʌ],[dʒik̚.tʃʌp̚.dɯl.ʌ.ja.get̚.ʌ]
직접 들을 수,9,[tʃik̚.tʃʌp̚.tɯl.ɯl.su],[dʒik̚.tʃʌp̚.dɯl.ɯl.su]
하지 않았을 때,9,[ha.tʃi.an.at̚.ɯl.t͈ɛ],[ha.dʒi.an.at̚.ɯl.t͈ɛ]
유 회장의 웃음,9,[ju.hwe.tʃaŋ.ɯi.ut̚.ɯm],[ju.hwe.dʒaŋ.ɯi.ut̚.ɯm]
가치 없어요,9,[ka.tʃʰi.ʌp̚.ʌ.jo],[ga.tʃʰi.ʌp̚.ʌ.jo]
뭐 안 좋은,9,[mwʌ.an.tʃot̚.ɯn],[mwʌ.an.dʒot̚.ɯn]
직접 말씀하세요,9,[tʃik̚.tʃʌp̚.mal.s͈ɯm.ha.se.jo],[dʒik̚.tʃʌp̚.mal.s͈ɯm.ha.se.jo]
직접 말을,9,[tʃik̚.tʃʌp̚.mal.ɯl],[dʒik̚.tʃʌp̚.mal.ɯl]
하지 않은 게,9,[ha.tʃi.an.ɯŋ.ke],[ha.dʒi.an.ɯn.ge]
직접 물어봐야,9,[tʃik̚.tʃʌp̚.mul.ʌ.pwa.ja],[dʒik̚.tʃʌp̚.mul.ʌ.bwa.ja]
뭐 어렵겠어,9,[mwʌ.ʌ.ɾjʌp̚.ket̚.ʌ],[mwʌ.ʌ.ɾjʌp̚.ket̚.ʌ]
가치 있는 걸,9,[ka.tʃʰi.it̚.nɯŋ.kʌl],[ga.tʃʰi.it̚.nɯn.gʌl]
뭐 어쨌는데,9,[mwʌ.ʌ.tʃ͈ɛt̚.nɯn.te],[mwʌ.ʌ.tʃ͈ɛt̚.nɯn.te]
딘 스트랭 스티븐의,9,[tin.sɯ.tʰɯ.ɾɛŋ.sɯ.tʰi.pɯn.ɯi],[din.sɯ.tʰɯ.ɾɛŋ.sɯ.tʰi.bɯn.ɯi]
난 아무 말도 하지,9,[nan.a.mu.mal.to.ha.tʃi],[nan.a.mu.mal.to.ha.dʒi]
경찰 생활을,9,[kjʌŋ.tʃʰal.sɛŋ.hwal.ɯl],[gjʌŋ.tʃʰal.sɛŋ.hwal.ɯl]
직접 보십시오,9,[tʃik̚.tʃʌp̚.po.sip̚.si.o],[dʒik̚.tʃʌp̚.bo.sip̚.si.o]
부동산 매매,9,[pu.toŋ.san.mɛ.mɛ],[bu.doŋ.san.mɛ.mɛ]
관련이 있는 것으로,9,[kwal.ljʌn.i.it̚.nɯŋ.kʌt̚.ɯ.ɾo],[gwal.ljʌn.i.it̚.nɯn.gʌt̚.ɯ.ɾo]
뭐 엄마,9,[mwʌ.ʌm.ma],[mwʌ.ʌm.ma]
경찰 서장이,9,[kjʌŋ.tʃʰal.sʌ.tʃaŋ.i],[gjʌŋ.tʃʰal.sʌ.dʒaŋ.i]
직접 봤는데,9,[tʃik̚.tʃʌp̚.pwat̚.nɯn.te],[dʒik̚.tʃʌp̚.bwat̚.nɯn.te]
뭐 없을까요,9,[mwʌ.ʌp̚.ɯl.k͈a.jo],[mwʌ.ʌp̚.ɯl.k͈a.jo]
직접 봤어야 해,9,[tʃik̚.tʃʌp̚.pwat̚.ʌ.ja.hɛ],[dʒik̚.tʃʌp̚.bwat̚.ʌ.ja.hɛ]
직접 산,9,[tʃik̚.tʃʌp̚.san],[dʒik̚.tʃʌp̚.san]
뭐 오늘은,9,[mwʌ.o.nɯl.ɯn],[mwʌ.o.nɯl.ɯn]
직접 알려,9,[tʃik̚.tʃʌp̚.al.ɾjʌ],[dʒik̚.tʃʌp̚.al.ɾjʌ]
협조가 필요합니다,9,[hjʌp̚.tʃo.ka.pʰil.jo.hap̚.ni.ta],[hjʌp̚.tʃo.ga.pʰil.jo.hap̚.ni.da]
직접 얘길,9,[tʃik̚.tʃʌp̚.jɛ.kil],[dʒik̚.tʃʌp̚.jɛ.gil]
줄 알았어 누가,9,[tʃul.al.at̚.ʌ.nu.ka],[dʒul.al.at̚.ʌ.nu.ga]
and ready,9,,
직접 와,9,[tʃik̚.tʃʌp̚.wa],[dʒik̚.tʃʌp̚.wa]
유감이지만 더는,9,[ju.kam.i.tʃi.man.tʌ.nɯn],[ju.gam.i.dʒi.man.dʌ.nɯn]
I assure,9,,
난 아무것도 안 할,9,[nan.a.mu.kʌt̚.to.an.hal],[nan.a.mu.gʌt̚.to.an.hal]
난 아무것도 안 해,9,[nan.a.mu.kʌt̚.to.an.hɛ],[nan.a.mu.gʌt̚.to.an.hɛ]
직접 총을,9,[tʃik̚.tʃʌp̚.tʃʰoŋ.ɯl],[dʒik̚.tʃʌp̚.tʃʰoŋ.ɯl]
가치 있을,9,[ka.tʃʰi.it̚.ɯl],[ga.tʃʰi.it̚.ɯl]
직접 폭탄을,9,[tʃik̚.tʃʌp̚.pʰok̚.tʰan.ɯl],[dʒik̚.tʃʌp̚.pʰok̚.tʰan.ɯl]
뭐 입고 있니,9,[mwʌ.ip̚.ko.it̚.ni],[mwʌ.ip̚.ko.it̚.ni]
내 얘기를 안,9,[nɛ.jɛ.ki.ɾɯl.an],[nɛ.jɛ.gi.ɾɯl.an]
직접 할 거야,9,[tʃik̚.tʃʌp̚.hal.kʌ.ja],[dʒik̚.tʃʌp̚.hal.gʌ.ja]
뭐 입지,9,[mwʌ.ip̚.tʃi],[mwʌ.ip̚.tʃi]
직접 했어,9,[tʃik̚.tʃʌp̚.hɛt̚.ʌ],[dʒik̚.tʃʌp̚.hɛt̚.ʌ]
하지는 말고,9,[ha.tʃi.nɯn.mal.ko],[ha.dʒi.nɯn.mal.ko]
딩 선생님,9,[tiŋ.sʌn.sɛŋ.nim],[diŋ.sʌn.sɛŋ.nim]
협조할 생각이,9,[hjʌp̚.tʃo.hal.sɛŋ.kak̚.i],[hjʌp̚.tʃo.hal.sɛŋ.gak̚.i]
진 거죠,9,[tʃiŋ.kʌ.tʃjo],[dʒin.gʌ.dʒjo]
협조해야 해,9,[hjʌp̚.tʃo.hɛ.ja.hɛ],[hjʌp̚.tʃo.hɛ.ja.hɛ]
진 적이 없어,9,[tʃin.tʃʌk̚.i.ʌp̚.ʌ],[dʒin.dʒʌk̚.i.ʌp̚.ʌ]
뭐 재밌는 거,9,[mwʌ.tʃɛ.mit̚.nɯŋ.kʌ],[mwʌ.dʒɛ.mit̚.nɯn.gʌ]
형 그냥,9,[hjʌŋ.kɯ.njaŋ],[hjʌŋ.gɯ.njaŋ]
진규가 숨을,9,[tʃiŋ.kju.ka.sum.ɯl],[dʒiŋ.kju.ga.sum.ɯl]
하지마 그래,9,[ha.tʃi.ma.kɯ.ɾɛ],[ha.dʒi.ma.gɯ.ɾɛ]
난 아무도 해치지,9,[nan.a.mu.to.hɛ.tʃʰi.tʃi],[nan.a.mu.do.hɛ.tʃʰi.dʒi]
never made,9,,
뭐 좀 가져다,9,[mwʌ.tʃom.ka.tʃjʌ.ta],[mwʌ.dʒom.ga.dʒjʌ.da]
내가 성공하면,9,[nɛ.ka.sʌŋ.koŋ.ha.mjʌn],[nɛ.ga.sʌŋ.goŋ.ha.mjʌn]
경찰 오면,9,[kjʌŋ.tʃʰal.o.mjʌn],[gjʌŋ.tʃʰal.o.mjʌn]
곧 아빠,9,[kot̚.a.p͈a],[got̚.a.p͈a]
A change,9,,
하지마 나,9,[ha.tʃi.ma.na],[ha.dʒi.ma.na]
난 아무짓도 안했어요,9,[nan.a.mu.tʃit̚.to.an.hɛt̚.ʌ.jo],[nan.a.mu.dʒit̚.to.an.hɛt̚.ʌ.jo]
거고요 왜,9,[kʌ.ko.jo.wɛ],[gʌ.go.jo.wɛ]
강하고 더,9,[kaŋ.ha.ko.tʌ],[gaŋ.ha.go.dʌ]
부디 나를,9,[pu.ti.na.ɾɯl],[bu.di.na.ɾɯl]
진술 때문에,9,[tʃin.sul.t͈ɛ.mun.e],[dʒin.sul.t͈ɛ.mun.e]
진술서에 따르면,9,[tʃin.sul.sʌ.e.t͈a.ɾɯ.mjʌn],[dʒin.sul.sʌ.e.t͈a.ɾɯ.mjʌn]
진술을 거부할 권리가,9,[tʃin.sul.ɯl.kʌ.pu.hal.kwʌl.li.ka],[dʒin.sul.ɯl.gʌ.bu.hal.gwʌl.li.ga]
진술을 받아야,9,[tʃin.sul.ɯl.pat̚.a.ja],[dʒin.sul.ɯl.bat̚.a.ja]
진술을 받을,9,[tʃin.sul.ɯl.pat̚.ɯl],[dʒin.sul.ɯl.bat̚.ɯl]
유대의 힘을,9,[ju.tɛ.ɯi.him.ɯl],[ju.dɛ.ɯi.him.ɯl]
진실 아니면,9,[tʃin.sil.a.ni.mjʌn],[dʒin.sil.a.ni.mjʌn]
누구한테도 말,9,[nu.ku.han.tʰe.to.mal],[nu.gu.han.tʰe.do.mal]
뭐 좀 여쭤봐도 될까요,9,[mwʌ.tʃom.jʌ.tʃ͈wʌ.pwa.to.twel.k͈a.jo],[mwʌ.dʒom.jʌ.tʃ͈wʌ.bwa.do.dwel.k͈a.jo]
벼락 맞은,9,[pjʌ.ɾak̚.mat̚.ɯn],[bjʌ.ɾak̚.mat̚.ɯn]
진실은 아무도,9,[tʃin.sil.ɯn.a.mu.to],[dʒin.sil.ɯn.a.mu.do]
거고요 이제,9,[kʌ.ko.jo.i.tʃe],[gʌ.go.jo.i.dʒe]
진실을 감당할,9,[tʃin.sil.ɯl.kan.taŋ.hal],[dʒin.sil.ɯl.gan.taŋ.hal]
뭐 줄까요,9,[mwʌ.tʃul.k͈a.jo],[mwʌ.dʒul.k͈a.jo]
유람선을 타고,9,[ju.ɾam.sʌn.ɯl.tʰa.ko],[ju.ɾam.sʌn.ɯl.tʰa.go]
진실을 말하세요,9,[tʃin.sil.ɯl.mal.ha.se.jo],[dʒin.sil.ɯl.mal.ha.se.jo]
아내는 어디 있지,9,[a.nɛ.nɯn.ʌ.ti.it̚.tʃi],[a.nɛ.nɯn.ʌ.di.it̚.tʃi]
진실을 말하자면,9,[tʃin.sil.ɯl.mal.ha.tʃa.mjʌn],[dʒin.sil.ɯl.mal.ha.dʒa.mjʌn]
벽 같은,9,[pjʌk̚.kat̚.ɯn],[bjʌk̚.gat̚.ɯn]
경찰 지원,9,[kjʌŋ.tʃʰal.tʃi.wʌn],[gjʌŋ.tʃʰal.dʒi.wʌn]
진실을 말해봐,9,[tʃin.sil.ɯl.mal.hɛ.pwa],[dʒin.sil.ɯl.mal.hɛ.bwa]
진실을 말해주는,9,[tʃin.sil.ɯl.mal.hɛ.tʃu.nɯn],[dʒin.sil.ɯl.mal.hɛ.dʒu.nɯn]
뭐 찾았나,9,[mwʌ.tʃʰat̚.at̚.na],[mwʌ.tʃʰat̚.at̚.na]
진실을 말했다,9,[tʃin.sil.ɯl.mal.hɛt̚.ta],[dʒin.sil.ɯl.mal.hɛt̚.ta]
경찰 총에,9,[kjʌŋ.tʃʰal.tʃʰoŋ.e],[gjʌŋ.tʃʰal.tʃʰoŋ.e]
진실을 안다고,9,[tʃin.sil.ɯl.an.ta.ko],[dʒin.sil.ɯl.an.ta.go]
never say,9,,
진실을 알고 싶을,9,[tʃin.sil.ɯl.al.ko.sip̚.ɯl],[dʒin.sil.ɯl.al.ko.sip̚.ɯl]
진실을 알기 위해서,9,[tʃin.sil.ɯl.al.ki.wi.hɛ.sʌ],[dʒin.sil.ɯl.al.ki.wi.hɛ.sʌ]
진실을 알았을 때,9,[tʃin.sil.ɯl.al.at̚.ɯl.t͈ɛ],[dʒin.sil.ɯl.al.at̚.ɯl.t͈ɛ]
난 아직도 이해가 안,9,[nan.a.tʃik̚.to.i.hɛ.ka.an],[nan.a.dʒik̚.to.i.hɛ.ga.an]
진실을 얘기해,9,[tʃin.sil.ɯl.jɛ.ki.hɛ],[dʒin.sil.ɯl.jɛ.gi.hɛ]
유령 사냥꾼,9,[ju.ɾjʌŋ.sa.njaŋ.k͈un],[ju.ɾjʌŋ.sa.njaŋ.k͈un]
진실을 찾아야,9,[tʃin.sil.ɯl.tʃʰat̚.a.ja],[dʒin.sil.ɯl.tʃʰat̚.a.ja]
진실을 찾으려고,9,[tʃin.sil.ɯl.tʃʰat̚.ɯ.ɾjʌ.ko],[dʒin.sil.ɯl.tʃʰat̚.ɯ.ɾjʌ.go]
난 아홉,9,[nan.a.hop̚],[nan.a.hop̚]
관련이 있을 거예요,9,[kwal.ljʌn.i.it̚.ɯl.kʌ.je.jo],[gwal.ljʌn.i.it̚.ɯl.gʌ.je.jo]
진실이 있어,9,[tʃin.sil.i.it̚.ʌ],[dʒin.sil.i.it̚.ʌ]
뭐 하고 있었니,9,[mwʌ.ha.ko.it̚.ʌt̚.ni],[mwʌ.ha.go.it̚.ʌt̚.ni]
하지만 그 순간,9,[ha.tʃi.maŋ.kɯ.suŋ.kan],[ha.dʒi.man.gɯ.suŋ.kan]
뭐 하고 있었지,9,[mwʌ.ha.ko.it̚.ʌt̚.tʃi],[mwʌ.ha.go.it̚.ʌt̚.tʃi]
늦었어요 난,9,[nɯt̚.ʌt̚.ʌ.jo.nan],[nɯt̚.ʌt̚.ʌ.jo.nan]
형 차,9,[hjʌŋ.tʃʰa],[hjʌŋ.tʃʰa]
따돌릴 순,9,[t͈a.tol.ɾil.sun],[t͈a.dol.ɾil.sun]
진심으로 날,9,[tʃin.sim.ɯ.ɾo.nal],[dʒin.sim.ɯ.ɾo.nal]
유령이 돼서,9,[ju.ɾjʌŋ.i.twɛ.sʌ],[ju.ɾjʌŋ.i.dwɛ.sʌ]
하지만 그 정도는,9,[ha.tʃi.maŋ.kɯ.tʃʌŋ.to.nɯn],[ha.dʒi.man.gɯ.dʒʌŋ.do.nɯn]
진심으로 사과드릴게요,9,[tʃin.sim.ɯ.ɾo.sa.kwa.tɯ.ɾil.ke.jo],[dʒin.sim.ɯ.ɾo.sa.gwa.dɯ.ɾil.ke.jo]
진심으로 사랑하는,9,[tʃin.sim.ɯ.ɾo.sa.ɾaŋ.ha.nɯn],[dʒin.sim.ɯ.ɾo.sa.ɾaŋ.ha.nɯn]
진심으로 사과하고,9,[tʃin.sim.ɯ.ɾo.sa.kwa.ha.ko],[dʒin.sim.ɯ.ɾo.sa.gwa.ha.go]
진심으로 사랑한다면,9,[tʃin.sim.ɯ.ɾo.sa.ɾaŋ.han.ta.mjʌn],[dʒin.sim.ɯ.ɾo.sa.ɾaŋ.han.ta.mjʌn]
진심으로 사랑하지,9,[tʃin.sim.ɯ.ɾo.sa.ɾaŋ.ha.tʃi],[dʒin.sim.ɯ.ɾo.sa.ɾaŋ.ha.dʒi]
진심으로 축하해,9,[tʃin.sim.ɯ.ɾo.tʃʰuk̚.ha.hɛ],[dʒin.sim.ɯ.ɾo.tʃʰuk̚.ha.hɛ]
뭐 하나 제대로 하는,9,[mwʌ.ha.na.tʃe.tɛ.ɾo.ha.nɯn],[mwʌ.ha.na.dʒe.dɛ.ɾo.ha.nɯn]
진심으로요 하지만,9,[tʃin.sim.ɯ.ɾo.jo.ha.tʃi.man],[dʒin.sim.ɯ.ɾo.jo.ha.dʒi.man]
하지만 그 일은,9,[ha.tʃi.maŋ.kɯ.il.ɯn],[ha.dʒi.man.gɯ.il.ɯn]
뭐 하나만 물어볼게요,9,[mwʌ.ha.na.man.mul.ʌ.pol.ke.jo],[mwʌ.ha.na.man.mul.ʌ.bol.ke.jo]
진심이 아냐,9,[tʃin.sim.i.a.nja],[dʒin.sim.i.a.nja]
진심이 뭔지,9,[tʃin.sim.i.mwʌn.tʃi],[dʒin.sim.i.mwʌn.tʃi]
진심이 아니었다고,9,[tʃin.sim.i.a.ni.ʌt̚.ta.ko],[dʒin.sim.i.a.ni.ʌt̚.ta.go]
벽에 구멍,9,[pjʌk̚.e.ku.mʌŋ],[bjʌk̚.e.gu.mʌŋ]
진심이야 넌,9,[tʃin.sim.i.ja.nʌn],[dʒin.sim.i.ja.nʌn]
유령의 집에서,9,[ju.ɾjʌŋ.ɯi.tʃip̚.e.sʌ],[ju.ɾjʌŋ.ɯi.dʒip̚.e.sʌ]
형과 내가,9,[hjʌŋ.kwa.nɛ.ka],[hjʌŋ.gwa.nɛ.ga]
곧 알아낼 거야,9,[kot̚.al.a.nɛl.kʌ.ja],[got̚.al.a.nɛl.gʌ.ja]
난 안 마셔,9,[nan.an.ma.sjʌ],[nan.an.ma.sjʌ]
따뜻한 Your Eyes,9,[t͈a.t͈ɯt̚.han],[t͈a.t͈ɯt̚.han]
Lowered voice,9,,
진옥의 놀란 신음,9,[tʃin.ok̚.ɯi.nol.ɾan.sin.ɯm],[dʒin.ok̚.ɯi.nol.ɾan.sin.ɯm]
따뜻한 곳,9,[t͈a.t͈ɯt̚.haŋ.kot̚],[t͈a.t͈ɯt̚.han.got̚]
진우가 혀를,9,[tʃin.u.ka.hjʌ.ɾɯl],[dʒin.u.ga.hjʌ.ɾɯl]
bad luck,9,,
하지만 그것만이,9,[ha.tʃi.maŋ.kɯ.kʌt̚.man.i],[ha.dʒi.man.gɯ.gʌt̚.man.i]
진입 중,9,[tʃin.ip̚.tʃuŋ],[dʒin.ip̚.dʒuŋ]
진작 그랬어야,9,[tʃin.tʃak̚.kɯ.ɾɛt̚.ʌ.ja],[dʒin.tʃak̚.gɯ.ɾɛt̚.ʌ.ja]
진작 말했어야 했는데,9,[tʃin.tʃak̚.mal.hɛt̚.ʌ.ja.hɛt̚.nɯn.te],[dʒin.tʃak̚.mal.hɛt̚.ʌ.ja.hɛt̚.nɯn.te]
유리 뒤에,9,[ju.ɾi.twi.e],[ju.ɾi.dwi.e]
뭐 하러 그런,9,[mwʌ.ha.ɾʌ.kɯ.ɾʌn],[mwʌ.ha.ɾʌ.gɯ.ɾʌn]
하지만 그게 중요한 게,9,[ha.tʃi.maŋ.kɯ.ke.tʃuŋ.jo.haŋ.ke],[ha.dʒi.man.gɯ.ge.dʒuŋ.jo.han.ge]
따뜻한 차,9,[t͈a.t͈ɯt̚.han.tʃʰa],[t͈a.t͈ɯt̚.han.tʃʰa]
진절머리가 나요,9,[tʃin.tʃʌl.mʌ.ɾi.ka.na.jo],[dʒin.tʃʌl.mʌ.ɾi.ga.na.jo]
진정 못 해,9,[tʃin.tʃʌŋ.mot̚.hɛ],[dʒin.tʃʌŋ.mot̚.hɛ]
벽을 봐,9,[pjʌk̚.ɯl.pwa],[bjʌk̚.ɯl.bwa]
뭐 하시죠,9,[mwʌ.ha.si.tʃjo],[mwʌ.ha.si.dʒjo]
벽을 못,9,[pjʌk̚.ɯl.mot̚],[bjʌk̚.ɯl.mot̚]
가치가 있었습니다,9,[ka.tʃʰi.ka.it̚.ʌt̚.sɯp̚.ni.ta],[ga.tʃʰi.ga.it̚.ʌt̚.sɯp̚.ni.da]
경찰도 아닌데,9,[kjʌŋ.tʃʰal.to.a.nin.te],[gjʌŋ.tʃʰal.to.a.nin.te]
유리하게 이용할,9,[ju.ɾi.ha.ke.i.joŋ.hal],[ju.ɾi.ha.ge.i.joŋ.hal]
하지만 그는 그러지 않았다,9,[ha.tʃi.maŋ.kɯ.nɯŋ.kɯ.ɾʌ.tʃi.an.at̚.ta],[ha.dʒi.man.gɯ.nɯn.gɯ.ɾʌ.dʒi.an.at̚.ta]
난 알거든,9,[nan.al.kʌ.tɯn],[nan.al.kʌ.dɯn]
유리한 게,9,[ju.ɾi.haŋ.ke],[ju.ɾi.han.ge]
진정하고 날,9,[tʃin.tʃʌŋ.ha.ko.nal],[dʒin.tʃʌŋ.ha.go.nal]
하지만 그는 단지,9,[ha.tʃi.maŋ.kɯ.nɯn.tan.tʃi],[ha.dʒi.man.gɯ.nɯn.dan.tʃi]
곧 여기에 올,9,[kot̚.jʌ.ki.e.ol],[got̚.jʌ.gi.e.ol]
나 아무것도 안,9,[na.a.mu.kʌt̚.to.an],[na.a.mu.gʌt̚.to.an]
가치가 있었지,9,[ka.tʃʰi.ka.it̚.ʌt̚.tʃi],[ga.tʃʰi.ga.it̚.ʌt̚.tʃi]
부러진 갈비뼈,9,[pu.ɾʌ.tʃiŋ.kal.pi.p͈jʌ],[bu.ɾʌ.dʒin.gal.pi.p͈jʌ]
하지만 그는 이미,9,[ha.tʃi.maŋ.kɯ.nɯn.i.mi],[ha.dʒi.man.gɯ.nɯn.i.mi]
형사가 당신을,9,[hjʌŋ.sa.ka.taŋ.sin.ɯl],[hjʌŋ.sa.ga.daŋ.sin.ɯl]
난 알아 그,9,[nan.al.a.kɯ],[nan.al.a.gɯ]
난 알아 나도,9,[nan.al.a.na.to],[nan.al.a.na.do]
뭐 할라고,9,[mwʌ.hal.ɾa.ko],[mwʌ.hal.ɾa.go]
부러진 건,9,[pu.ɾʌ.tʃiŋ.kʌn],[bu.ɾʌ.dʒin.gʌn]
진정한 목적을,9,[tʃin.tʃʌŋ.han.mok̚.tʃʌk̚.ɯl],[dʒin.tʃʌŋ.han.mok̚.tʃʌk̚.ɯl]
경찰들이 내,9,[kjʌŋ.tʃʰal.tɯl.i.nɛ],[gjʌŋ.tʃʰal.tɯl.i.nɛ]
난 알아볼,9,[nan.al.a.pol],[nan.al.a.bol]
진정한 사랑이야,9,[tʃin.tʃʌŋ.han.sa.ɾaŋ.i.ja],[dʒin.tʃʌŋ.han.sa.ɾaŋ.i.ja]
뭐 했냐,9,[mwʌ.hɛt̚.nja],[mwʌ.hɛt̚.nja]
진정한 영웅입니다,9,[tʃin.tʃʌŋ.han.jʌŋ.uŋ.ip̚.ni.ta],[dʒin.tʃʌŋ.han.jʌŋ.uŋ.ip̚.ni.da]
진정한 적은,9,[tʃin.tʃʌŋ.han.tʃʌk̚.ɯn],[dʒin.tʃʌŋ.han.dʒʌk̚.ɯn]
뭐 했는지 알아요,9,[mwʌ.hɛt̚.nɯn.tʃi.al.a.jo],[mwʌ.hɛt̚.nɯn.tʃi.al.a.jo]
가까이 접근해,9,[ka.k͈a.i.tʃʌp̚.kɯn.hɛ],[ga.k͈a.i.dʒʌp̚.kɯn.hɛ]
경찰들이 우릴,9,[kjʌŋ.tʃʰal.tɯl.i.u.ɾil],[gjʌŋ.tʃʰal.tɯl.i.u.ɾil]
진정해 괜찮을 거야,9,[tʃin.tʃʌŋ.hɛ.kwɛn.tʃʰan.ɯl.kʌ.ja],[dʒin.tʃʌŋ.hɛ.gwɛn.tʃʰan.ɯl.gʌ.ja]
난 알죠,9,[nan.al.tʃjo],[nan.al.tʃjo]
뭐가 걸려,9,[mwʌ.ka.kʌl.ɾjʌ],[mwʌ.ga.gʌl.ɾjʌ]
진정해 나도,9,[tʃin.tʃʌŋ.hɛ.na.to],[dʒin.tʃʌŋ.hɛ.na.do]
뭐가 그래,9,[mwʌ.ka.kɯ.ɾɛ],[mwʌ.ga.gɯ.ɾɛ]
하지만 그런 것,9,[ha.tʃi.maŋ.kɯ.ɾʌŋ.kʌt̚],[ha.dʒi.man.gɯ.ɾʌn.gʌt̚]
난 앞을,9,[nan.ap̚.ɯl],[nan.ap̚.ɯl]
내가 수,9,[nɛ.ka.su],[nɛ.ga.su]
감옥으로 돌아가게,9,[kam.ok̚.ɯ.ɾo.tol.a.ka.ke],[gam.ok̚.ɯ.ɾo.dol.a.ga.ge]
그리워하는 건,9,[kɯ.ɾi.wʌ.ha.nɯŋ.kʌn],[gɯ.ɾi.wʌ.ha.nɯn.gʌn]
형사님 이거,9,[hjʌŋ.sa.nim.i.kʌ],[hjʌŋ.sa.nim.i.gʌ]
하지만 그럴 수 없어,9,[ha.tʃi.maŋ.kɯ.ɾʌl.su.ʌp̚.ʌ],[ha.dʒi.man.gɯ.ɾʌl.su.ʌp̚.ʌ]
뭐가 끝나,9,[mwʌ.ka.k͈ɯt̚.na],[mwʌ.ga.k͈ɯt̚.na]
하지만 그럴 필요는,9,[ha.tʃi.maŋ.kɯ.ɾʌl.pʰil.jo.nɯn],[ha.dʒi.man.gɯ.ɾʌl.pʰil.jo.nɯn]
진지하게 만나는,9,[tʃin.tʃi.ha.ke.man.na.nɯn],[dʒin.tʃi.ha.ge.man.na.nɯn]
진지하게 받아들이고,9,[tʃin.tʃi.ha.ke.pat̚.a.tɯl.i.ko],[dʒin.tʃi.ha.ge.bat̚.a.dɯl.i.go]
진지하게 받아들이는,9,[tʃin.tʃi.ha.ke.pat̚.a.tɯl.i.nɯn],[dʒin.tʃi.ha.ge.bat̚.a.dɯl.i.nɯn]
유미의 멋쩍은 웃음,9,[ju.mi.ɯi.mʌt̚.tʃ͈ʌk̚.ɯn.ut̚.ɯm],[ju.mi.ɯi.mʌt̚.tʃ͈ʌk̚.ɯn.ut̚.ɯm]
유미의 멋쩍은,9,[ju.mi.ɯi.mʌt̚.tʃ͈ʌk̚.ɯn],[ju.mi.ɯi.mʌt̚.tʃ͈ʌk̚.ɯn]
부르고 난,9,[pu.ɾɯ.ko.nan],[bu.ɾɯ.go.nan]
진지하게 좀,9,[tʃin.tʃi.ha.ke.tʃom],[dʒin.tʃi.ha.ge.dʒom]
유미의 헛기침,9,[ju.mi.ɯi.hʌt̚.ki.tʃʰim],[ju.mi.ɯi.hʌt̚.ki.tʃʰim]
형사입니다 몇,9,[hjʌŋ.sa.ip̚.ni.ta.mjʌt̚],[hjʌŋ.sa.ip̚.ni.da.mjʌt̚]
하지만 그에,9,[ha.tʃi.maŋ.kɯ.e],[ha.dʒi.man.gɯ.e]
따라 달라지죠,9,[t͈a.ɾa.tal.ɾa.tʃi.tʃjo],[t͈a.ɾa.dal.ɾa.dʒi.dʒjo]
뭐가 달라졌지,9,[mwʌ.ka.tal.ɾa.tʃjʌt̚.tʃi],[mwʌ.ga.dal.ɾa.dʒjʌt̚.tʃi]
뭐가 달라지냐,9,[mwʌ.ka.tal.ɾa.tʃi.nja],[mwʌ.ga.dal.ɾa.dʒi.nja]
유산소 운동,9,[ju.san.so.un.toŋ],[ju.san.so.un.toŋ]
하지만 그자가,9,[ha.tʃi.maŋ.kɯ.tʃa.ka],[ha.dʒi.man.gɯ.dʒa.ga]
난 약속을 지켰어,9,[nan.jak̚.sok̚.ɯl.tʃi.kʰjʌt̚.ʌ],[nan.jak̚.sok̚.ɯl.dʒi.kʰjʌt̚.ʌ]
곧 오니까,9,[kot̚.o.ni.k͈a],[got̚.o.ni.k͈a]
뭐가 더 필요하죠,9,[mwʌ.ka.tʌ.pʰil.jo.ha.tʃjo],[mwʌ.ga.dʌ.pʰil.jo.ha.dʒjo]
뭐가 도움이,9,[mwʌ.ka.to.um.i],[mwʌ.ga.do.um.i]
따라 드릴게요,9,[t͈a.ɾa.tɯ.ɾil.ke.jo],[t͈a.ɾa.dɯ.ɾil.ke.jo]
진짜 괜찮네,9,[tʃin.tʃ͈a.kwɛn.tʃʰan.ne],[dʒin.tʃ͈a.gwɛn.tʃʰan.ne]
진짜 괜찮다니까,9,[tʃin.tʃ͈a.kwɛn.tʃʰan.ta.ni.k͈a],[dʒin.tʃ͈a.gwɛn.tʃʰan.ta.ni.k͈a]
난 약하지 않아,9,[nan.jak̚.ha.tʃi.an.a],[nan.jak̚.ha.dʒi.an.a]
뭐가 되겠어요,9,[mwʌ.ka.twe.ket̚.ʌ.jo],[mwʌ.ga.dwe.get̚.ʌ.jo]
따라 들어와,9,[t͈a.ɾa.tɯl.ʌ.wa],[t͈a.ɾa.dɯl.ʌ.wa]
난 얘기할,9,[nan.jɛ.ki.hal],[nan.jɛ.gi.hal]
건지는 모르지만,9,[kʌn.tʃi.nɯn.mo.ɾɯ.tʃi.man],[gʌn.tʃi.nɯn.mo.ɾɯ.dʒi.man]
진짜 귀신,9,[tʃin.tʃ͈a.kwi.sin],[dʒin.tʃ͈a.gwi.sin]
유미의 가쁜 숨소리,9,[ju.mi.ɯi.ka.p͈ɯn.sum.so.ɾi],[ju.mi.ɯi.ga.p͈ɯn.sum.so.ɾi]
하지만 나는 그럴 것이다,9,[ha.tʃi.man.na.nɯŋ.kɯ.ɾʌl.kʌt̚.i.ta],[ha.dʒi.man.na.nɯn.gɯ.ɾʌl.gʌt̚.i.da]
진짜 그래도,9,[tʃin.tʃ͈a.kɯ.ɾɛ.to],[dʒin.tʃ͈a.gɯ.ɾɛ.do]
뭐가 두려운 거죠,9,[mwʌ.ka.tu.ɾjʌ.uŋ.kʌ.tʃjo],[mwʌ.ga.du.ɾjʌ.un.gʌ.dʒjo]
진짜 그럴까,9,[tʃin.tʃ͈a.kɯ.ɾʌl.k͈a],[dʒin.tʃ͈a.gɯ.ɾʌl.k͈a]
난 어둠을,9,[nan.ʌ.tum.ɯl],[nan.ʌ.dum.ɯl]
뭐가 들어 있어요,9,[mwʌ.ka.tɯl.ʌ.it̚.ʌ.jo],[mwʌ.ga.dɯl.ʌ.it̚.ʌ.jo]
진짜 길다,9,[tʃin.tʃ͈a.kil.ta],[dʒin.tʃ͈a.gil.ta]
난 어디서든,9,[nan.ʌ.ti.sʌ.tɯn],[nan.ʌ.di.sʌ.dɯn]
유언장을 수락하겠습니까,9,[ju.ʌn.tʃaŋ.ɯl.su.ɾak̚.ha.ket̚.sɯp̚.ni.k͈a],[ju.ʌn.tʃaŋ.ɯl.su.ɾak̚.ha.get̚.sɯp̚.ni.k͈a]
경찰서에 가야,9,[kjʌŋ.tʃʰal.sʌ.e.ka.ja],[gjʌŋ.tʃʰal.sʌ.e.ga.ja]
뭐가 들었어요,9,[mwʌ.ka.tɯl.ʌt̚.ʌ.jo],[mwʌ.ga.dɯl.ʌt̚.ʌ.jo]
뭐가 막,9,[mwʌ.ka.mak̚],[mwʌ.ga.mak̚]
뭐가 말이냐,9,[mwʌ.ka.mal.i.nja],[mwʌ.ga.mal.i.nja]
진짜 남자로,9,[tʃin.tʃ͈a.nan.tʃa.ɾo],[dʒin.tʃ͈a.nan.tʃa.ɾo]
난 어때요,9,[nan.ʌ.t͈ɛ.jo],[nan.ʌ.t͈ɛ.jo]
진짜 너 때문에,9,[tʃin.tʃ͈a.nʌ.t͈ɛ.mun.e],[dʒin.tʃ͈a.nʌ.t͈ɛ.mun.e]
가까이서 보니,9,[ka.k͈a.i.sʌ.po.ni],[ga.k͈a.i.sʌ.bo.ni]
하지만 나에 대해,9,[ha.tʃi.man.na.e.tɛ.hɛ],[ha.dʒi.man.na.e.dɛ.hɛ]
진짜 눈이,9,[tʃin.tʃ͈a.nun.i],[dʒin.tʃ͈a.nun.i]
경찰서에 있어요,9,[kjʌŋ.tʃʰal.sʌ.e.it̚.ʌ.jo],[gjʌŋ.tʃʰal.sʌ.e.it̚.ʌ.jo]
진짜 대단해요,9,[tʃin.tʃ͈a.tɛ.tan.hɛ.jo],[dʒin.tʃ͈a.dɛ.dan.hɛ.jo]
진짜 대단했어요,9,[tʃin.tʃ͈a.tɛ.tan.hɛt̚.ʌ.jo],[dʒin.tʃ͈a.dɛ.dan.hɛt̚.ʌ.jo]
따라 오는,9,[t͈a.ɾa.o.nɯn],[t͈a.ɾa.o.nɯn]
축하를 위해,9,[tʃʰuk̚.ha.ɾɯl.wi.hɛ],[tʃʰuk̚.ha.ɾɯl.wi.hɛ]
뭐가 묻은,9,[mwʌ.ka.mut̚.ɯn],[mwʌ.ga.mut̚.ɯn]
진짜 많아요,9,[tʃin.tʃ͈a.man.a.jo],[dʒin.tʃ͈a.man.a.jo]
하지만 난 그저,9,[ha.tʃi.man.naŋ.kɯ.tʃʌ],[ha.dʒi.man.nan.gɯ.dʒʌ]
뭐가 뭔지도,9,[mwʌ.ka.mwʌn.tʃi.to],[mwʌ.ga.mwʌn.tʃi.do]
경찰에 갈,9,[kjʌŋ.tʃʰal.e.kal],[gjʌŋ.tʃʰal.e.gal]
진짜 맛있었어요,9,[tʃin.tʃ͈a.mat̚.it̚.ʌt̚.ʌ.jo],[dʒin.tʃ͈a.mat̚.it̚.ʌt̚.ʌ.jo]
부르는 건 좀,9,[pu.ɾɯ.nɯŋ.kʌn.tʃom],[bu.ɾɯ.nɯn.gʌn.dʒom]
곧 올겁니다,9,[kot̚.ol.kʌp̚.ni.ta],[got̚.ol.kʌp̚.ni.da]
뭐가 보이는 줄,9,[mwʌ.ka.po.i.nɯn.tʃul],[mwʌ.ga.bo.i.nɯn.dʒul]
진짜 멋졌어요,9,[tʃin.tʃ͈a.mʌt̚.tʃjʌt̚.ʌ.jo],[dʒin.tʃ͈a.mʌt̚.tʃjʌt̚.ʌ.jo]
뭐가 보이는데요,9,[mwʌ.ka.po.i.nɯn.te.jo],[mwʌ.ga.bo.i.nɯn.te.jo]
따라 왔어요,9,[t͈a.ɾa.wat̚.ʌ.jo],[t͈a.ɾa.wat̚.ʌ.jo]
변하기 마련이야,9,[pjʌn.ha.ki.ma.ɾjʌn.i.ja],[bjʌn.ha.gi.ma.ɾjʌn.i.ja]
뭐가 불만인데,9,[mwʌ.ka.pul.man.in.te],[mwʌ.ga.bul.man.in.te]
진짜 몰랐어요,9,[tʃin.tʃ͈a.mol.ɾat̚.ʌ.jo],[dʒin.tʃ͈a.mol.ɾat̚.ʌ.jo]
진짜 못 해,9,[tʃin.tʃ͈a.mot̚.hɛ],[dʒin.tʃ͈a.mot̚.hɛ]
난 어쨌든,9,[nan.ʌ.tʃ͈ɛt̚.tɯn],[nan.ʌ.tʃ͈ɛt̚.tɯn]
뭐가 싫어,9,[mwʌ.ka.sil.ʌ],[mwʌ.ga.sil.ʌ]
뭐가 아니라,9,[mwʌ.ka.a.ni.ɾa],[mwʌ.ga.a.ni.ɾa]
I been,9,,
감으면 안,9,[kam.ɯ.mjʌn.an],[gam.ɯ.mjʌn.an]
난 어쩔 수 없어,9,[nan.ʌ.tʃ͈ʌl.su.ʌp̚.ʌ],[nan.ʌ.tʃ͈ʌl.su.ʌp̚.ʌ]
난 어쩔 수 없이,9,[nan.ʌ.tʃ͈ʌl.su.ʌp̚.i],[nan.ʌ.tʃ͈ʌl.su.ʌp̚.i]
진짜 미쳐,9,[tʃin.tʃ͈a.mi.tʃʰjʌ],[dʒin.tʃ͈a.mi.tʃʰjʌ]
부르는 것도,9,[pu.ɾɯ.nɯŋ.kʌt̚.to],[bu.ɾɯ.nɯn.gʌt̚.to]
뭐가 어떻게 돼,9,[mwʌ.ka.ʌ.t͈ʌt̚.ke.twɛ],[mwʌ.ga.ʌ.t͈ʌt̚.ke.dwɛ]
유일한 곳이지,9,[ju.il.haŋ.kot̚.i.tʃi],[ju.il.han.got̚.i.dʒi]
진짜 믿는,9,[tʃin.tʃ͈a.mit̚.nɯn],[dʒin.tʃ͈a.mit̚.nɯn]
형을 얼마나,9,[hjʌŋ.ɯl.ʌl.ma.na],[hjʌŋ.ɯl.ʌl.ma.na]
부르는 것처럼,9,[pu.ɾɯ.nɯŋ.kʌt̚.tʃʰʌ.ɾʌm],[bu.ɾɯ.nɯn.gʌt̚.tʃʰʌ.ɾʌm]
뭐가 올지,9,[mwʌ.ka.ol.tʃi],[mwʌ.ga.ol.tʃi]
진짜 보고 싶었어,9,[tʃin.tʃ͈a.po.ko.sip̚.ʌt̚.ʌ],[dʒin.tʃ͈a.bo.go.sip̚.ʌt̚.ʌ]
난 언제나 네 곁에,9,[nan.ʌn.tʃe.na.ne.kjʌt̚.e],[nan.ʌn.tʃe.na.ne.gjʌt̚.e]
가치보다 더,9,[ka.tʃʰi.po.ta.tʌ],[ga.tʃʰi.bo.da.dʌ]
뭐가 이상한데요,9,[mwʌ.ka.i.saŋ.han.te.jo],[mwʌ.ga.i.saŋ.han.te.jo]
난 얼굴을,9,[nan.ʌl.kul.ɯl],[nan.ʌl.kul.ɯl]
뭐가 있게요,9,[mwʌ.ka.it̚.ke.jo],[mwʌ.ga.it̚.ke.jo]
진짜 세상을,9,[tʃin.tʃ͈a.se.saŋ.ɯl],[dʒin.tʃ͈a.se.saŋ.ɯl]
난 얼마든지,9,[nan.ʌl.ma.tɯn.tʃi],[nan.ʌl.ma.dɯn.tʃi]
뭐가 있나 봐,9,[mwʌ.ka.it̚.na.pwa],[mwʌ.ga.it̚.na.bwa]
진짜 솔직히,9,[tʃin.tʃ͈a.sol.tʃik̚.hi],[dʒin.tʃ͈a.sol.tʃik̚.hi]
하지만 난 잘,9,[ha.tʃi.man.nan.tʃal],[ha.dʒi.man.nan.dʒal]
진짜 술을,9,[tʃin.tʃ͈a.sul.ɯl],[dʒin.tʃ͈a.sul.ɯl]
하지만 내가 가진,9,[ha.tʃi.man.nɛ.ka.ka.tʃin],[ha.dʒi.man.nɛ.ga.ga.dʒin]
진짜 아까,9,[tʃin.tʃ͈a.a.k͈a],[dʒin.tʃ͈a.a.k͈a]
진짜 아는,9,[tʃin.tʃ͈a.a.nɯn],[dʒin.tʃ͈a.a.nɯn]
진짜 아니라니까,9,[tʃin.tʃ͈a.a.ni.ɾa.ni.k͈a],[dʒin.tʃ͈a.a.ni.ɾa.ni.k͈a]
진짜 아버지는,9,[tʃin.tʃ͈a.a.pʌ.tʃi.nɯn],[dʒin.tʃ͈a.a.bʌ.dʒi.nɯn]
진짜 아프네,9,[tʃin.tʃ͈a.a.pʰɯ.ne],[dʒin.tʃ͈a.a.pʰɯ.ne]
내가 스스로를,9,[nɛ.ka.sɯ.sɯ.ɾo.ɾɯl],[nɛ.ga.sɯ.sɯ.ɾo.ɾɯl]
진짜 악당이,9,[tʃin.tʃ͈a.ak̚.taŋ.i],[dʒin.tʃ͈a.ak̚.taŋ.i]
진짜 애처럼,9,[tʃin.tʃ͈a.ɛ.tʃʰʌ.ɾʌm],[dʒin.tʃ͈a.ɛ.tʃʰʌ.ɾʌm]
진짜 약을,9,[tʃin.tʃ͈a.jak̚.ɯl],[dʒin.tʃ͈a.jak̚.ɯl]
난 에드워드,9,[nan.e.tɯ.wʌ.tɯ],[nan.e.dɯ.wʌ.dɯ]
하지만 내가 틀렸어,9,[ha.tʃi.man.nɛ.ka.tʰɯl.ɾjʌt̚.ʌ],[ha.dʒi.man.nɛ.ga.tʰɯl.ɾjʌt̚.ʌ]
하지만 내가 찾은,9,[ha.tʃi.man.nɛ.ka.tʃʰat̚.ɯn],[ha.dʒi.man.nɛ.ga.tʃʰat̚.ɯn]
진짜 어이가 없어서,9,[tʃin.tʃ͈a.ʌ.i.ka.ʌp̚.ʌ.sʌ],[dʒin.tʃ͈a.ʌ.i.ga.ʌp̚.ʌ.sʌ]
형이 아니라,9,[hjʌŋ.i.a.ni.ɾa],[hjʌŋ.i.a.ni.ɾa]
가택 침입에,9,[ka.tʰɛk̚.tʃʰim.ip̚.e],[ga.tʰɛk̚.tʃʰim.ip̚.e]
형이 생각하는,9,[hjʌŋ.i.sɛŋ.kak̚.ha.nɯn],[hjʌŋ.i.sɛŋ.gak̚.ha.nɯn]
뭐가 잘못됐지,9,[mwʌ.ka.tʃal.mot̚.twɛt̚.tʃi],[mwʌ.ga.dʒal.mot̚.twɛt̚.tʃi]
뭐가 잘못된 걸까,9,[mwʌ.ka.tʃal.mot̚.tweŋ.kʌl.k͈a],[mwʌ.ga.dʒal.mot̚.twen.gʌl.k͈a]
하지만 너무 오래,9,[ha.tʃi.man.nʌ.mu.o.ɾɛ],[ha.dʒi.man.nʌ.mu.o.ɾɛ]
진짜 온,9,[tʃin.tʃ͈a.on],[dʒin.tʃ͈a.on]
유일한 방법이라면,9,[ju.il.ham.pam.pʌp̚.i.ɾa.mjʌn],[ju.il.han.baŋ.bʌp̚.i.ɾa.mjʌn]
진짜 완전히,9,[tʃin.tʃ͈a.wan.tʃʌn.hi],[dʒin.tʃ͈a.wan.tʃʌn.hi]
진짜 왔어,9,[tʃin.tʃ͈a.wat̚.ʌ],[dʒin.tʃ͈a.wat̚.ʌ]
하지만 너한텐,9,[ha.tʃi.man.nʌ.han.tʰen],[ha.dʒi.man.nʌ.han.tʰen]
뭐가 죄송해,9,[mwʌ.ka.tʃwe.soŋ.hɛ],[mwʌ.ga.dʒwe.soŋ.hɛ]
뭐가 중요하냐,9,[mwʌ.ka.tʃuŋ.jo.ha.nja],[mwʌ.ga.dʒuŋ.jo.ha.nja]
진짜 웃기고,9,[tʃin.tʃ͈a.ut̚.ki.ko],[dʒin.tʃ͈a.ut̚.ki.go]
진짜 웃기죠,9,[tʃin.tʃ͈a.ut̚.ki.tʃjo],[dʒin.tʃ͈a.ut̚.ki.dʒjo]
난 여기 없었던,9,[nan.jʌ.ki.ʌp̚.ʌt̚.tʌn],[nan.jʌ.gi.ʌp̚.ʌt̚.tʌn]
진짜 원하는 건,9,[tʃin.tʃ͈a.wʌn.ha.nɯŋ.kʌn],[dʒin.tʃ͈a.wʌn.ha.nɯn.gʌn]
진짜 원하는게,9,[tʃin.tʃ͈a.wʌn.ha.nɯŋ.ke],[dʒin.tʃ͈a.wʌn.ha.nɯŋ.ke]
진짜 원하는 게 뭐야,9,[tʃin.tʃ͈a.wʌn.ha.nɯŋ.ke.mwʌ.ja],[dʒin.tʃ͈a.wʌn.ha.nɯn.ge.mwʌ.ja]
따라가 내가,9,[t͈a.ɾa.ka.nɛ.ka],[t͈a.ɾa.ga.nɛ.ga]
뭐가 진실인지,9,[mwʌ.ka.tʃin.sil.in.tʃi],[mwʌ.ga.dʒin.sil.in.tʃi]
뭐가 진짜고,9,[mwʌ.ka.tʃin.tʃ͈a.ko],[mwʌ.ga.dʒin.tʃ͈a.go]
경찰에 알려,9,[kjʌŋ.tʃʰal.e.al.ɾjʌ],[gjʌŋ.tʃʰal.e.al.ɾjʌ]
가톨릭 학교에,9,[ka.tʰol.ɾik̚.hak̚.kjo.e],[ga.tʰol.ɾik̚.hak̚.kjo.e]
곧 이혼할,9,[kot̚.i.hon.hal],[got̚.i.hon.hal]
뭐가 특별한데,9,[mwʌ.ka.tʰɯk̚.pjʌl.han.te],[mwʌ.ga.tʰɯk̚.pjʌl.han.te]
진짜 이름이 뭐야,9,[tʃin.tʃ͈a.i.ɾɯm.i.mwʌ.ja],[dʒin.tʃ͈a.i.ɾɯm.i.mwʌ.ja]
진짜 이름이에요,9,[tʃin.tʃ͈a.i.ɾɯm.i.e.jo],[dʒin.tʃ͈a.i.ɾɯm.i.e.jo]
경찰에 알릴,9,[kjʌŋ.tʃʰal.e.al.ɾil],[gjʌŋ.tʃʰal.e.al.ɾil]
난 여기 있는데,9,[nan.jʌ.ki.it̚.nɯn.te],[nan.jʌ.gi.it̚.nɯn.te]
난 여기 있다,9,[nan.jʌ.ki.it̚.ta],[nan.jʌ.gi.it̚.ta]
줄게요 그럼,9,[tʃul.ke.jo.kɯ.ɾʌm],[dʒul.ke.jo.gɯ.ɾʌm]
감을 수가,9,[kam.ɯl.su.ka],[gam.ɯl.su.ga]
뭐냐는 거야,9,[mwʌ.nja.nɯŋ.kʌ.ja],[mwʌ.nja.nɯn.gʌ.ja]
진짜 자신을,9,[tʃin.tʃ͈a.tʃa.sin.ɯl],[dʒin.tʃ͈a.dʒa.sin.ɯl]
진짜 잘 어울린다,9,[tʃin.tʃ͈a.tʃal.ʌ.ul.ɾin.ta],[dʒin.tʃ͈a.dʒal.ʌ.ul.ɾin.ta]
유일한 여성,9,[ju.il.han.jʌ.sʌŋ],[ju.il.han.jʌ.sʌŋ]
진짜 잘하고,9,[tʃin.tʃ͈a.tʃal.ha.ko],[dʒin.tʃ͈a.dʒal.ha.go]
가할 거야,9,[ka.hal.kʌ.ja],[ga.hal.gʌ.ja]
변했어 그래,9,[pjʌn.hɛt̚.ʌ.kɯ.ɾɛ],[bjʌn.hɛt̚.ʌ.gɯ.ɾɛ]
하지만 네가 계속,9,[ha.tʃi.man.ne.ka.kje.sok̚],[ha.dʒi.man.ne.ga.gje.sok̚]
뭐든 가능하죠,9,[mwʌ.tɯŋ.ka.nɯŋ.ha.tʃjo],[mwʌ.dɯn.ga.nɯŋ.ha.dʒjo]
뭐든 가능할,9,[mwʌ.tɯŋ.ka.nɯŋ.hal],[mwʌ.dɯn.ga.nɯŋ.hal]
진짜 재밌었어요,9,[tʃin.tʃ͈a.tʃɛ.mit̚.ʌt̚.ʌ.jo],[dʒin.tʃ͈a.dʒɛ.mit̚.ʌt̚.ʌ.jo]
난 여기가 좋아요,9,[nan.jʌ.ki.ka.tʃot̚.a.jo],[nan.jʌ.gi.ga.dʒot̚.a.jo]
진짜 재수 없다,9,[tʃin.tʃ͈a.tʃɛ.su.ʌp̚.ta],[dʒin.tʃ͈a.dʒɛ.su.ʌp̚.ta]
형이상학 적,9,[hjʌŋ.i.saŋ.hak̚.tʃʌk̚],[hjʌŋ.i.saŋ.hak̚.dʒʌk̚]
난 여기서 나가야,9,[nan.jʌ.ki.sʌ.na.ka.ja],[nan.jʌ.gi.sʌ.na.ga.ja]
진짜 좀비,9,[tʃin.tʃ͈a.tʃom.pi],[dʒin.tʃ͈a.dʒom.pi]
하지만 네가 여기,9,[ha.tʃi.man.ne.ka.jʌ.ki],[ha.dʒi.man.ne.ga.jʌ.gi]
뭐든 다 아는,9,[mwʌ.tɯn.ta.a.nɯn],[mwʌ.dɯn.da.a.nɯn]
진짜 좋아하나,9,[tʃin.tʃ͈a.tʃot̚.a.ha.na],[dʒin.tʃ͈a.dʒot̚.a.ha.na]
하지만 누가 그랬는지,9,[ha.tʃi.man.nu.ka.kɯ.ɾɛt̚.nɯn.tʃi],[ha.dʒi.man.nu.ga.gɯ.ɾɛt̚.nɯn.tʃi]
유일한 장소,9,[ju.il.han.tʃaŋ.so],[ju.il.han.dʒaŋ.so]
그릴 수 있어,9,[kɯ.ɾil.su.it̚.ʌ],[gɯ.ɾil.su.it̚.ʌ]
진짜 죽다,9,[tʃin.tʃ͈a.tʃuk̚.ta],[dʒin.tʃ͈a.dʒuk̚.ta]
건질 거야,9,[kʌn.tʃil.kʌ.ja],[gʌn.tʃil.gʌ.ja]
진짜 죽이는,9,[tʃin.tʃ͈a.tʃuk̚.i.nɯn],[dʒin.tʃ͈a.dʒuk̚.i.nɯn]
경찰에게 뇌물을,9,[kjʌŋ.tʃʰal.e.ke.nwe.mul.ɯl],[gjʌŋ.tʃʰal.e.ge.nwe.mul.ɯl]
뭐든 만들,9,[mwʌ.tɯn.man.tɯl],[mwʌ.dɯn.man.tɯl]
내가 시작한 게,9,[nɛ.ka.si.tʃak̚.haŋ.ke],[nɛ.ga.si.dʒak̚.han.ge]
뭐든 만들어,9,[mwʌ.tɯn.man.tɯl.ʌ],[mwʌ.dɯn.man.tɯl.ʌ]
하지만 다른 사람은,9,[ha.tʃi.man.ta.ɾɯn.sa.ɾam.ɯn],[ha.dʒi.man.da.ɾɯn.sa.ɾam.ɯn]
뭐든 말하게,9,[mwʌ.tɯn.mal.ha.ke],[mwʌ.dɯn.mal.ha.ge]
난 여길 떠날,9,[nan.jʌ.kil.t͈ʌ.nal],[nan.jʌ.gil.t͈ʌ.nal]
뭐든 말해봐,9,[mwʌ.tɯn.mal.hɛ.pwa],[mwʌ.dɯn.mal.hɛ.bwa]
진짜 처음이야,9,[tʃin.tʃ͈a.tʃʰʌ.ɯm.i.ja],[dʒin.tʃ͈a.tʃʰʌ.ɯm.i.ja]
진짜 첫,9,[tʃin.tʃ͈a.tʃʰʌt̚],[dʒin.tʃ͈a.tʃʰʌt̚]
난 여러분을,9,[nan.jʌ.ɾʌ.pun.ɯl],[nan.jʌ.ɾʌ.bun.ɯl]
내 옆에 앉아요,9,[nɛ.jʌp̚.e.an.a.jo],[nɛ.jʌp̚.e.an.a.jo]
난 여섯,9,[nan.jʌ.sʌt̚],[nan.jʌ.sʌt̚]
따라갈 수 있어,9,[t͈a.ɾa.kal.su.it̚.ʌ],[t͈a.ɾa.gal.su.it̚.ʌ]
유일한 햇살,9,[ju.il.han.hɛt̚.sal],[ju.il.han.hɛt̚.sal]
뭐든 시켜만,9,[mwʌ.tɯn.si.kʰjʌ.man],[mwʌ.dɯn.si.kʰjʌ.man]
뭐든 시키는,9,[mwʌ.tɯn.si.kʰi.nɯn],[mwʌ.dɯn.si.kʰi.nɯn]
뭐든 시키는 대로,9,[mwʌ.tɯn.si.kʰi.nɯn.tɛ.ɾo],[mwʌ.dɯn.si.kʰi.nɯn.dɛ.ɾo]
줄곧 무언가를,9,[tʃul.kot̚.mu.ʌŋ.ka.ɾɯl],[dʒul.kot̚.mu.ʌŋ.ka.ɾɯl]
하지만 당신은 그녀를,9,[ha.tʃi.man.taŋ.sin.ɯŋ.kɯ.njʌ.ɾɯl],[ha.dʒi.man.daŋ.sin.ɯn.gɯ.njʌ.ɾɯl]
진짜 화가,9,[tʃin.tʃ͈a.hwa.ka],[dʒin.tʃ͈a.hwa.ga]
난 여자친구가,9,[nan.jʌ.tʃa.tʃʰiŋ.ku.ka],[nan.jʌ.dʒa.tʃʰiŋ.ku.ga]
진짜 힘드네,9,[tʃin.tʃ͈a.hin.tɯ.ne],[dʒin.tʃ͈a.hin.tɯ.ne]
경찰은 그의,9,[kjʌŋ.tʃʰal.ɯŋ.kɯ.ɯi],[gjʌŋ.tʃʰal.ɯn.gɯ.ɯi]
뭐든 팔,9,[mwʌ.tɯm.pʰal],[mwʌ.dɯm.pʰal]
뭐든 팔 수,9,[mwʌ.tɯm.pʰal.su],[mwʌ.dɯm.pʰal.su]
변호사 좀,9,[pjʌn.ho.sa.tʃom],[bjʌn.ho.sa.dʒom]
뭐든 필요하시면,9,[mwʌ.tɯm.pʰil.jo.ha.si.mjʌn],[mwʌ.dɯm.pʰil.jo.ha.si.mjʌn]
진짜로 내,9,[tʃin.tʃ͈a.ɾo.nɛ],[dʒin.tʃ͈a.ɾo.nɛ]
진짜로 난,9,[tʃin.tʃ͈a.ɾo.nan],[dʒin.tʃ͈a.ɾo.nan]
형편없을 거야,9,[hjʌm.pʰjʌn.ʌp̚.ɯl.kʌ.ja],[hjʌm.pʰjʌn.ʌp̚.ɯl.gʌ.ja]
진짜로 중요한,9,[tʃin.tʃ͈a.ɾo.tʃuŋ.jo.han],[dʒin.tʃ͈a.ɾo.dʒuŋ.jo.han]
줄도 몰랐지,9,[tʃul.to.mol.ɾat̚.tʃi],[dʒul.to.mol.ɾat̚.tʃi]
진짜야 그냥,9,[tʃin.tʃ͈a.ja.kɯ.njaŋ],[dʒin.tʃ͈a.ja.gɯ.njaŋ]
진짜야 내,9,[tʃin.tʃ͈a.ja.nɛ],[dʒin.tʃ͈a.ja.nɛ]
뭐든 할 테니까,9,[mwʌ.tɯn.hal.tʰe.ni.k͈a],[mwʌ.dɯn.hal.tʰe.ni.k͈a]
진짜야 이제,9,[tʃin.tʃ͈a.ja.i.tʃe],[dʒin.tʃ͈a.ja.i.dʒe]
하지만 더 많은,9,[ha.tʃi.man.tʌ.man.ɯn],[ha.dʒi.man.dʌ.man.ɯn]
진짜인 걸,9,[tʃin.tʃ͈a.iŋ.kʌl],[dʒin.tʃ͈a.in.gʌl]
곧 정상으로,9,[kot̚.tʃʌŋ.saŋ.ɯ.ɾo],[got̚.dʒʌŋ.saŋ.ɯ.ɾo]
진짜일 리 없어,9,[tʃin.tʃ͈a.il.ɾi.ʌp̚.ʌ],[dʒin.tʃ͈a.il.ɾi.ʌp̚.ʌ]
진짜처럼 보여야,9,[tʃin.tʃ͈a.tʃʰʌ.ɾʌm.po.jʌ.ja],[dʒin.tʃ͈a.tʃʰʌ.ɾʌm.bo.jʌ.ja]
뭐든 했어요,9,[mwʌ.tɯn.hɛt̚.ʌ.jo],[mwʌ.dɯn.hɛt̚.ʌ.jo]
진출할 수,9,[tʃin.tʃʰul.hal.su],[dʒin.tʃʰul.hal.su]
뭐든지 간에요,9,[mwʌ.tɯn.tʃi.kan.e.jo],[mwʌ.dɯn.tʃi.gan.e.jo]
변호사가 이,9,[pjʌn.ho.sa.ka.i],[bjʌn.ho.sa.ga.i]
진행 중인 것,9,[tʃin.hɛŋ.tʃuŋ.iŋ.kʌt̚],[dʒin.hɛŋ.dʒuŋ.in.gʌt̚]
난 예전처럼,9,[nan.je.tʃʌn.tʃʰʌ.ɾʌm],[nan.je.dʒʌn.tʃʰʌ.ɾʌm]
유죄를 인정합니다,9,[ju.tʃwe.ɾɯl.in.tʃʌŋ.hap̚.ni.ta],[ju.dʒwe.ɾɯl.in.tʃʌŋ.hap̚.ni.da]
뭐든지 줄,9,[mwʌ.tɯn.tʃi.tʃul],[mwʌ.dɯn.tʃi.dʒul]
뭐든지 하고,9,[mwʌ.tɯn.tʃi.ha.ko],[mwʌ.dɯn.tʃi.ha.go]
유죄를 인정해야,9,[ju.tʃwe.ɾɯl.in.tʃʌŋ.hɛ.ja],[ju.dʒwe.ɾɯl.in.tʃʌŋ.hɛ.ja]
혜원이 웃는다,9,[hje.wʌn.i.ut̚.nɯn.ta],[hje.wʌn.i.ut̚.nɯn.ta]
뭐든지 하려고,9,[mwʌ.tɯn.tʃi.ha.ɾjʌ.ko],[mwʌ.dɯn.tʃi.ha.ɾjʌ.go]
and take a,9,,
경찰은 용의자를,9,[kjʌŋ.tʃʰal.ɯn.joŋ.ɯi.tʃa.ɾɯl],[gjʌŋ.tʃʰal.ɯn.joŋ.ɯi.dʒa.ɾɯl]
난 오늘 죽을,9,[nan.o.nɯl.tʃuk̚.ɯl],[nan.o.nɯl.dʒuk̚.ɯl]
하지만 똑같은,9,[ha.tʃi.man.t͈ok̚.kat̚.ɯn],[ha.dʒi.man.t͈ok̚.kat̚.ɯn]
변호사는 필요 없어요,9,[pjʌn.ho.sa.nɯm.pʰil.jo.ʌp̚.ʌ.jo],[bjʌn.ho.sa.nɯm.pʰil.jo.ʌp̚.ʌ.jo]
뭐든지 할 수 있다고,9,[mwʌ.tɯn.tʃi.hal.su.it̚.ta.ko],[mwʌ.dɯn.tʃi.hal.su.it̚.ta.go]
진행할 것입니다,9,[tʃin.hɛŋ.hal.kʌt̚.ip̚.ni.ta],[dʒin.hɛŋ.hal.gʌt̚.ip̚.ni.da]
난 오늘도,9,[nan.o.nɯl.to],[nan.o.nɯl.to]
나를 따라올,9,[na.ɾɯl.t͈a.ɾa.ol],[na.ɾɯl.t͈a.ɾa.ol]
혜택을 못,9,[hje.tʰɛk̚.ɯl.mot̚],[hje.tʰɛk̚.ɯl.mot̚]
혜택을 볼,9,[hje.tʰɛk̚.ɯl.pol],[hje.tʰɛk̚.ɯl.bol]
부르진 않아,9,[pu.ɾɯ.tʃin.an.a],[bu.ɾɯ.dʒin.an.a]
내가 신경 써,9,[nɛ.ka.siŋ.kjʌŋ.s͈ʌ],[nɛ.ga.siŋ.kjʌŋ.s͈ʌ]
부르지 하지만,9,[pu.ɾɯ.tʃi.ha.tʃi.man],[bu.ɾɯ.dʒi.ha.dʒi.man]
줄리아 줄리아 줄리아,9,[tʃul.ɾi.a.tʃul.ɾi.a.tʃul.ɾi.a],[dʒul.ɾi.a.dʒul.ɾi.a.dʒul.ɾi.a]
진흙탕 속에서,9,[tʃin.hɯk̚.tʰaŋ.sok̚.e.sʌ],[dʒin.hɯk̚.tʰaŋ.sok̚.e.sʌ]
진흙 속에,9,[tʃin.hɯk̚.sok̚.e],[dʒin.hɯk̚.sok̚.e]
뭐라 그랬니,9,[mwʌ.ɾa.kɯ.ɾɛt̚.ni],[mwʌ.ɾa.gɯ.ɾɛt̚.ni]
질 걸,9,[tʃil.kʌl],[dʒil.gʌl]
뭐라 그럴,9,[mwʌ.ɾa.kɯ.ɾʌl],[mwʌ.ɾa.gɯ.ɾʌl]
뭐라 드릴,9,[mwʌ.ɾa.tɯ.ɾil],[mwʌ.ɾa.dɯ.ɾil]
질 수 없지,9,[tʃil.su.ʌp̚.tʃi],[dʒil.su.ʌp̚.tʃi]
난 오토봇이다,9,[nan.o.tʰo.pot̚.i.ta],[nan.o.tʰo.bot̚.i.da]
질 안,9,[tʃil.an],[dʒil.an]
질 필요가,9,[tʃil.pʰil.jo.ka],[dʒil.pʰil.jo.ga]
질 텐데,9,[tʃil.tʰen.te],[dʒil.tʰen.te]
그림 있는,9,[kɯ.ɾim.it̚.nɯn],[gɯ.ɾim.it̚.nɯn]
질끈 감고,9,[tʃil.k͈ɯŋ.kam.ko],[dʒil.k͈ɯn.gam.ko]
변호사를 선임할 권리가 있으며,9,[pjʌn.ho.sa.ɾɯl.sʌn.im.hal.kwʌl.li.ka.it̚.ɯ.mjʌ],[bjʌn.ho.sa.ɾɯl.sʌn.im.hal.gwʌl.li.ga.it̚.ɯ.mjʌ]
뭐라 하더라,9,[mwʌ.ɾa.ha.tʌ.ɾa],[mwʌ.ɾa.ha.dʌ.ɾa]
질린 목소리로,9,[tʃil.ɾin.mok̚.so.ɾi.ɾo],[dʒil.ɾin.mok̚.so.ɾi.ɾo]
질린 진짜,9,[tʃil.ɾin.tʃin.tʃ͈a],[dʒil.ɾin.dʒin.tʃ͈a]
질린 채,9,[tʃil.ɾin.tʃʰɛ],[dʒil.ɾin.tʃʰɛ]
질릴 때까지,9,[tʃil.ɾil.t͈ɛ.k͈a.tʃi],[dʒil.ɾil.t͈ɛ.k͈a.dʒi]
뭐라 할 말이 없네,9,[mwʌ.ɾa.hal.mal.i.ʌp̚.ne],[mwʌ.ɾa.hal.mal.i.ʌp̚.ne]
뭐라 할 말이 없다,9,[mwʌ.ɾa.hal.mal.i.ʌp̚.ta],[mwʌ.ɾa.hal.mal.i.ʌp̚.ta]
질문 받겠습니다,9,[tʃil.mum.pat̚.ket̚.sɯp̚.ni.ta],[dʒil.mun.bat̚.ket̚.sɯp̚.ni.da]
뭐라 해야 할지 모르겠다,9,[mwʌ.ɾa.hɛ.ja.hal.tʃi.mo.ɾɯ.ket̚.ta],[mwʌ.ɾa.hɛ.ja.hal.tʃi.mo.ɾɯ.get̚.ta]
뭐라 했는지 알아,9,[mwʌ.ɾa.hɛt̚.nɯn.tʃi.al.a],[mwʌ.ɾa.hɛt̚.nɯn.tʃi.al.a]
경찰을 부르겠소,9,[kjʌŋ.tʃʰal.ɯl.pu.ɾɯ.ket̚.so],[gjʌŋ.tʃʰal.ɯl.bu.ɾɯ.get̚.so]
하지만 무서운,9,[ha.tʃi.man.mu.sʌ.un],[ha.dʒi.man.mu.sʌ.un]
뭐라고 그랬지,9,[mwʌ.ɾa.ko.kɯ.ɾɛt̚.tʃi],[mwʌ.ɾa.go.gɯ.ɾɛt̚.tʃi]
질문 해,9,[tʃil.mun.hɛ],[dʒil.mun.hɛ]
질문에 답할 수,9,[tʃil.mun.e.tap̚.hal.su],[dʒil.mun.e.dap̚.hal.su]
뭐라고 말씀을,9,[mwʌ.ɾa.ko.mal.s͈ɯm.ɯl],[mwʌ.ɾa.go.mal.s͈ɯm.ɯl]
내가 신국의,9,[nɛ.ka.siŋ.kuk̚.ɯi],[nɛ.ga.siŋ.kuk̚.ɯi]
뭐라고 말하던,9,[mwʌ.ɾa.ko.mal.ha.tʌn],[mwʌ.ɾa.go.mal.ha.dʌn]
뭐라고 말하면,9,[mwʌ.ɾa.ko.mal.ha.mjʌn],[mwʌ.ɾa.go.mal.ha.mjʌn]
질문에 대한 대답,9,[tʃil.mun.e.tɛ.han.tɛ.tap̚],[dʒil.mun.e.dɛ.han.dɛ.dap̚]
경찰을 부른다고,9,[kjʌŋ.tʃʰal.ɯl.pu.ɾɯn.ta.ko],[gjʌŋ.tʃʰal.ɯl.bu.ɾɯn.ta.go]
하지만 미국이,9,[ha.tʃi.man.mi.kuk̚.i],[ha.dʒi.man.mi.guk̚.i]
변호사를 원해요,9,[pjʌn.ho.sa.ɾɯl.wʌn.hɛ.jo],[bjʌn.ho.sa.ɾɯl.wʌn.hɛ.jo]
난 외로웠어,9,[nan.we.ɾo.wʌt̚.ʌ],[nan.we.ɾo.wʌt̚.ʌ]
감자 튀김을,9,[kan.tʃa.tʰwi.kim.ɯl],[gan.tʃa.tʰwi.gim.ɯl]
난 요리,9,[nan.jo.ɾi],[nan.jo.ɾi]
하지만 박사님이,9,[ha.tʃi.mam.pak̚.sa.nim.i],[ha.dʒi.man.bak̚.sa.nim.i]
질문은 이제,9,[tʃil.mun.ɯn.i.tʃe],[dʒil.mun.ɯn.i.dʒe]
뭐라고 말했다,9,[mwʌ.ɾa.ko.mal.hɛt̚.ta],[mwʌ.ɾa.go.mal.hɛt̚.ta]
뭐라고 말했어요,9,[mwʌ.ɾa.ko.mal.hɛt̚.ʌ.jo],[mwʌ.ɾa.go.mal.hɛt̚.ʌ.jo]
질문을 너무 많이,9,[tʃil.mun.ɯl.lʌ.mu.man.i],[dʒil.mun.ɯl.lʌ.mu.man.i]
뭐라고 부르게,9,[mwʌ.ɾa.ko.pu.ɾɯ.ke],[mwʌ.ɾa.go.bu.ɾɯ.ge]
질문을 드릴게요,9,[tʃil.mun.ɯl.tɯ.ɾil.ke.jo],[dʒil.mun.ɯl.dɯ.ɾil.ke.jo]
질문을 받고,9,[tʃil.mun.ɯl.pat̚.ko],[dʒil.mun.ɯl.bat̚.ko]
질문을 이해할 수,9,[tʃil.mun.ɯl.i.hɛ.hal.su],[dʒil.mun.ɯl.i.hɛ.hal.su]
변화가 시작됐다,9,[pjʌn.hwa.ka.si.tʃak̚.twɛt̚.ta],[bjʌn.hwa.ga.si.dʒak̚.twɛt̚.ta]
하지만 믿어,9,[ha.tʃi.man.mit̚.ʌ],[ha.dʒi.man.mit̚.ʌ]
난 우리 둘,9,[nan.u.ɾi.tul],[nan.u.ɾi.dul]
뭐라고 불러야 할까,9,[mwʌ.ɾa.ko.pul.ɾʌ.ja.hal.k͈a],[mwʌ.ɾa.go.bul.ɾʌ.ja.hal.k͈a]
뭐라고 불렀는지,9,[mwʌ.ɾa.ko.pul.ɾʌt̚.nɯn.tʃi],[mwʌ.ɾa.go.bul.ɾʌt̚.nɯn.tʃi]
뭐라고 불렀죠,9,[mwʌ.ɾa.ko.pul.ɾʌt̚.tʃjo],[mwʌ.ɾa.go.bul.ɾʌt̚.tʃjo]
따라와 이제,9,[t͈a.ɾa.wa.i.tʃe],[t͈a.ɾa.wa.i.dʒe]
경찰을 불렀지,9,[kjʌŋ.tʃʰal.ɯl.pul.ɾʌt̚.tʃi],[gjʌŋ.tʃʰal.ɯl.bul.ɾʌt̚.tʃi]
따라와 저,9,[t͈a.ɾa.wa.tʃʌ],[t͈a.ɾa.wa.dʒʌ]
질문이 너무 많군,9,[tʃil.mun.i.nʌ.mu.maŋ.kun],[dʒil.mun.i.nʌ.mu.maŋ.kun]
뭐라고 설명해야,9,[mwʌ.ɾa.ko.sʌl.mjʌŋ.hɛ.ja],[mwʌ.ɾa.go.sʌl.mjʌŋ.hɛ.ja]
호세에게 축복을,9,[ho.se.e.ke.tʃʰuk̚.pok̚.ɯl],[ho.se.e.ge.tʃʰuk̚.pok̚.ɯl]
질문이 이해가,9,[tʃil.mun.i.i.hɛ.ka],[dʒil.mun.i.i.hɛ.ga]
관리할 겁니다,9,[kwal.li.hal.kʌp̚.ni.ta],[gwal.li.hal.gʌp̚.ni.da]
뭐라고 얘기,9,[mwʌ.ɾa.ko.jɛ.ki],[mwʌ.ɾa.go.jɛ.gi]
내 요지는,9,[nɛ.jo.tʃi.nɯn],[nɛ.jo.dʒi.nɯn]
난 우리가 해낼,9,[nan.u.ɾi.ka.hɛ.nɛl],[nan.u.ɾi.ga.hɛ.nɛl]
질문이 하나 있는데요,9,[tʃil.mun.i.ha.na.it̚.nɯn.te.jo],[dʒil.mun.i.ha.na.it̚.nɯn.te.jo]
경찰을 어떻게,9,[kjʌŋ.tʃʰal.ɯl.ʌ.t͈ʌt̚.ke],[gjʌŋ.tʃʰal.ɯl.ʌ.t͈ʌt̚.ke]
질문이야 내,9,[tʃil.mun.i.ja.nɛ],[dʒil.mun.i.ja.nɛ]
질문하는 건,9,[tʃil.mun.ha.nɯŋ.kʌn],[dʒil.mun.ha.nɯn.gʌn]
뭐라고 좀 해봐,9,[mwʌ.ɾa.ko.tʃom.hɛ.pwa],[mwʌ.ɾa.go.dʒom.hɛ.bwa]
뭐라고 하게요,9,[mwʌ.ɾa.ko.ha.ke.jo],[mwʌ.ɾa.go.ha.ge.jo]
질병 통제,9,[tʃil.pjʌŋ.tʰoŋ.tʃe],[dʒil.pjʌŋ.tʰoŋ.dʒe]
뭐라고 하기,9,[mwʌ.ɾa.ko.ha.ki],[mwʌ.ɾa.go.ha.gi]
유행 지난,9,[ju.hɛŋ.tʃi.nan],[ju.hɛŋ.dʒi.nan]
내 용감한,9,[nɛ.joŋ.kam.han],[nɛ.joŋ.gam.han]
관리해야 해,9,[kwal.li.hɛ.ja.hɛ],[gwal.li.hɛ.ja.hɛ]
뭐라고 하는 게,9,[mwʌ.ɾa.ko.ha.nɯŋ.ke],[mwʌ.ɾa.go.ha.nɯn.ge]
난 운 좋은,9,[nan.un.tʃot̚.ɯn],[nan.un.dʒot̚.ɯn]
변화를 주는,9,[pjʌn.hwa.ɾɯl.tʃu.nɯn],[bjʌn.hwa.ɾɯl.dʒu.nɯn]
호신용 스프레이,9,[ho.sin.joŋ.sɯ.pʰɯ.ɾe.i],[ho.sin.joŋ.sɯ.pʰɯ.ɾe.i]
질지도 몰라,9,[tʃil.tʃi.to.mol.ɾa],[dʒil.tʃi.do.mol.ɾa]
각도에서 보면,9,[kak̚.to.e.sʌ.po.mjʌn],[gak̚.to.e.sʌ.bo.mjʌn]
내 우선,9,[nɛ.u.sʌn],[nɛ.u.sʌn]
따랐던 거야,9,[t͈a.ɾat̚.tʌŋ.kʌ.ja],[t͈a.ɾat̚.tʌn.gʌ.ja]
질투 난,9,[tʃil.tʰu.nan],[dʒil.tʰu.nan]
난 울고,9,[nan.ul.ko],[nan.ul.ko]
하지만 선택의,9,[ha.tʃi.man.sʌn.tʰɛk̚.ɯi],[ha.dʒi.man.sʌn.tʰɛk̚.ɯi]
변환할 수,9,[pjʌn.hwan.hal.su],[bjʌn.hwan.hal.su]
부를 수도 있어,9,[pu.ɾɯl.su.to.it̚.ʌ],[bu.ɾɯl.su.do.it̚.ʌ]
경찰의 보호를,9,[kjʌŋ.tʃʰal.ɯi.po.ho.ɾɯl],[gjʌŋ.tʃʰal.ɯi.bo.ho.ɾɯl]
짊어진 사도,9,[tʃim.ʌ.tʃin.sa.to],[dʒim.ʌ.dʒin.sa.do]
짊어질 수,9,[tʃim.ʌ.tʃil.su],[dʒim.ʌ.dʒil.su]
호에 있다,9,[ho.e.it̚.ta],[ho.e.it̚.ta]
호의를 베풀지,9,[ho.ɯi.ɾɯl.pe.pʰul.tʃi],[ho.ɯi.ɾɯl.be.pʰul.tʃi]
뭐라고 한 줄 알아,9,[mwʌ.ɾa.ko.han.tʃul.al.a],[mwʌ.ɾa.go.han.dʒul.al.a]
난 월요일이,9,[nan.wʌl.jo.il.i],[nan.wʌl.jo.il.i]
뭐라고 할거야,9,[mwʌ.ɾa.ko.hal.kʌ.ja],[mwʌ.ɾa.go.hal.kʌ.ja]
I believe that,9,,
번만 더 묻지,9,[pʌn.man.tʌ.mut̚.tʃi],[bʌn.man.dʌ.mut̚.tʃi]
경찰이 곧 올,9,[kjʌŋ.tʃʰal.i.kot̚.ol],[gjʌŋ.tʃʰal.i.got̚.ol]
호텔 같은,9,[ho.tʰel.kat̚.ɯn],[ho.tʰel.gat̚.ɯn]
경찰이 그들을,9,[kjʌŋ.tʃʰal.i.kɯ.tɯl.ɯl],[gjʌŋ.tʃʰal.i.gɯ.dɯl.ɯl]
호텔 매니저,9,[ho.tʰel.mɛ.ni.tʃʌ],[ho.tʰel.mɛ.ni.dʒʌ]
따로 얘기할 수,9,[t͈a.ɾo.jɛ.ki.hal.su],[t͈a.ɾo.jɛ.gi.hal.su]
짐이 날,9,[tʃim.i.nal],[dʒim.i.nal]
뭐라고 했을 것,9,[mwʌ.ɾa.ko.hɛt̚.ɯl.kʌt̚],[mwʌ.ɾa.go.hɛt̚.ɯl.gʌt̚]
I''ve ever seen,9,,
윤미의 웃음,9,[jun.mi.ɯi.ut̚.ɯm],[jun.mi.ɯi.ut̚.ɯm]
no love,9,,
짐이 아니야,9,[tʃim.i.a.ni.ja],[dʒim.i.a.ni.ja]
짐이 좀,9,[tʃim.i.tʃom],[dʒim.i.dʒom]
하지만 아무한테도,9,[ha.tʃi.man.a.mu.han.tʰe.to],[ha.dʒi.man.a.mu.han.tʰe.do]
뭐라는 게,9,[mwʌ.ɾa.nɯŋ.ke],[mwʌ.ɾa.nɯn.ge]
짐작도 안 가,9,[tʃin.tʃak̚.to.aŋ.ka],[dʒin.tʃak̚.to.an.ga]
뭐라는지 안,9,[mwʌ.ɾa.nɯn.tʃi.an],[mwʌ.ɾa.nɯn.tʃi.an]
난 의사를,9,[nan.ɯi.sa.ɾɯl],[nan.ɯi.sa.ɾɯl]
짐작이 간다,9,[tʃin.tʃak̚.i.kan.ta],[dʒin.tʃak̚.i.gan.ta]
집 같아요,9,[tʃip̚.kat̚.a.jo],[dʒip̚.gat̚.a.jo]
하지만 아주 똑똑한,9,[ha.tʃi.man.a.tʃu.t͈ok̚.t͈ok̚.han],[ha.dʒi.man.a.dʒu.t͈ok̚.t͈ok̚.han]
뭐라도 될,9,[mwʌ.ɾa.to.twel],[mwʌ.ɾa.do.dwel]
뭐라도 말을,9,[mwʌ.ɾa.to.mal.ɯl],[mwʌ.ɾa.do.mal.ɯl]
집 나가고,9,[tʃip̚.na.ka.ko],[dʒip̚.na.ga.go]
제 이름이요,9,[tʃe.i.ɾɯm.i.jo],[dʒe.i.ɾɯm.i.jo]
뭐라도 본,9,[mwʌ.ɾa.to.pon],[mwʌ.ɾa.do.bon]
부를 수 있다,9,[pu.ɾɯl.su.it̚.ta],[bu.ɾɯl.su.it̚.ta]
융통성 있게,9,[juŋ.tʰoŋ.sʌŋ.it̚.ke],[juŋ.tʰoŋ.sʌŋ.it̚.ke]
하지만 알아낼,9,[ha.tʃi.man.al.a.nɛl],[ha.dʒi.man.al.a.nɛl]
집 뒷마당에,9,[tʃip̚.twit̚.ma.taŋ.e],[dʒip̚.dwit̚.ma.daŋ.e]
뭐라도 있나,9,[mwʌ.ɾa.to.it̚.na],[mwʌ.ɾa.do.it̚.na]
집 딸,9,[tʃip̚.t͈al],[dʒip̚.t͈al]
집 마음에,9,[tʃip̚.ma.ɯm.e],[dʒip̚.ma.ɯm.e]
집 몇,9,[tʃip̚.mjʌt̚],[dʒip̚.mjʌt̚]
집 밖에도,9,[tʃip̚.pak̚.e.to],[dʒip̚.bak̚.e.do]
뭐라도 해 봐요,9,[mwʌ.ɾa.to.hɛ.pwa.jo],[mwʌ.ɾa.do.hɛ.bwa.jo]
집 아닌가요,9,[tʃip̚.a.niŋ.ka.jo],[dʒip̚.a.niŋ.ka.jo]
경찰이 도착할,9,[kjʌŋ.tʃʰal.i.to.tʃʰak̚.hal],[gjʌŋ.tʃʰal.i.do.tʃʰak̚.hal]
뭐라도 해야 해요,9,[mwʌ.ɾa.to.hɛ.ja.hɛ.jo],[mwʌ.ɾa.do.hɛ.ja.hɛ.jo]
집 안에 있어요,9,[tʃip̚.an.e.it̚.ʌ.jo],[dʒip̚.an.e.it̚.ʌ.jo]
난 이 상황이,9,[nan.i.saŋ.hwaŋ.i],[nan.i.saŋ.hwaŋ.i]
내 유전자를,9,[nɛ.ju.tʃʌn.tʃa.ɾɯl],[nɛ.ju.dʒʌn.tʃa.ɾɯl]
집 얘기,9,[tʃip̚.jɛ.ki],[dʒip̚.jɛ.gi]
난 이 여자가,9,[nan.i.jʌ.tʃa.ka],[nan.i.jʌ.dʒa.ga]
줄이 안,9,[tʃul.i.an],[dʒul.i.an]
뭐로 찾지,9,[mwʌ.ɾo.tʃʰat̚.tʃi],[mwʌ.ɾo.tʃʰat̚.tʃi]
집 있어,9,[tʃip̚.it̚.ʌ],[dʒip̚.it̚.ʌ]
호텔에 대해,9,[ho.tʰel.e.tɛ.hɛ],[ho.tʰel.e.dɛ.hɛ]
난 이 지역,9,[nan.i.tʃi.jʌk̚],[nan.i.dʒi.jʌk̚]
경찰이 되는 건,9,[kjʌŋ.tʃʰal.i.twe.nɯŋ.kʌn],[gjʌŋ.tʃʰal.i.dwe.nɯn.gʌn]
별 일 없는,9,[pjʌl.il.ʌp̚.nɯn],[bjʌl.il.ʌp̚.nɯn]
은동 선생,9,[ɯn.toŋ.sʌn.sɛŋ],[ɯn.toŋ.sʌn.sɛŋ]
집과 내,9,[tʃip̚.kwa.nɛ],[dʒip̚.kwa.nɛ]
니가 가서,9,[ni.ka.ka.sʌ],[ni.ga.ga.sʌ]
은동의 놀란,9,[ɯn.toŋ.ɯi.nol.ɾan],[ɯn.toŋ.ɯi.nol.ɾan]
집까지 같이,9,[tʃip̚.k͈a.tʃi.kat̚.i],[dʒip̚.k͈a.dʒi.gat̚.i]
집까지 좀,9,[tʃip̚.k͈a.tʃi.tʃom],[dʒip̚.k͈a.dʒi.dʒom]
그림이 있었어요,9,[kɯ.ɾim.i.it̚.ʌt̚.ʌ.jo],[gɯ.ɾim.i.it̚.ʌt̚.ʌ.jo]
집단 소송에서,9,[tʃip̚.tan.so.soŋ.e.sʌ],[dʒip̚.tan.so.soŋ.e.sʌ]
하지만 엄청난,9,[ha.tʃi.man.ʌn.tʃʰʌŋ.nan],[ha.dʒi.man.ʌn.tʃʰʌŋ.nan]
Not as,9,,
하지만 여기는 아니다,9,[ha.tʃi.man.jʌ.ki.nɯn.a.ni.ta],[ha.dʒi.man.jʌ.gi.nɯn.a.ni.da]
부모 같은,9,[pu.mo.kat̚.ɯn],[bu.mo.gat̚.ɯn]
뭐야 젠장,9,[mwʌ.ja.tʃen.tʃaŋ],[mwʌ.ja.dʒen.tʃaŋ]
집세도 못,9,[tʃip̚.se.to.mot̚],[dʒip̚.se.do.mot̚]
집안 내력이야,9,[tʃip̚.an.nɛ.ɾjʌk̚.i.ja],[dʒip̚.an.nɛ.ɾjʌk̚.i.ja]
집안 문제는,9,[tʃip̚.an.mun.tʃe.nɯn],[dʒip̚.an.mun.tʃe.nɯn]
별 하나 우리의 증인이,9,[pjʌl.ha.na.u.ɾi.ɯi.tʃɯŋ.in.i],[bjʌl.ha.na.u.ɾi.ɯi.dʒɯŋ.in.i]
뭐에 쓰게,9,[mwʌ.e.s͈ɯ.ke],[mwʌ.e.s͈ɯ.ge]
뭐였든지 간에,9,[mwʌ.jʌt̚.tɯn.tʃi.kan.e],[mwʌ.jʌt̚.tɯn.tʃi.gan.e]
뭐하고 있는 거에요,9,[mwʌ.ha.ko.it̚.nɯŋ.kʌ.e.jo],[mwʌ.ha.go.it̚.nɯn.gʌ.e.jo]
집어 치우고,9,[tʃip̚.ʌ.tʃʰi.u.ko],[dʒip̚.ʌ.tʃʰi.u.go]
집어넣는 게,9,[tʃip̚.ʌ.nʌt̚.nɯŋ.ke],[dʒip̚.ʌ.nʌt̚.nɯn.ge]
경찰이 밖에,9,[kjʌŋ.tʃʰal.i.pak̚.e],[gjʌŋ.tʃʰal.i.bak̚.e]
뭐하고 있었지,9,[mwʌ.ha.ko.it̚.ʌt̚.tʃi],[mwʌ.ha.go.it̚.ʌt̚.tʃi]
난 이래서,9,[nan.i.ɾɛ.sʌ],[nan.i.ɾɛ.sʌ]
난 이러고,9,[nan.i.ɾʌ.ko],[nan.i.ɾʌ.go]
호프 앤 그레고리,9,[ho.pʰɯ.ɛŋ.kɯ.ɾe.ko.ɾi],[ho.pʰɯ.ɛn.gɯ.ɾe.go.ɾi]
뭐하는 곳이야,9,[mwʌ.ha.nɯŋ.kot̚.i.ja],[mwʌ.ha.nɯn.got̚.i.ja]
경찰이 사방에,9,[kjʌŋ.tʃʰal.i.sa.paŋ.e],[gjʌŋ.tʃʰal.i.sa.baŋ.e]
그림자도 못,9,[kɯ.ɾin.tʃa.to.mot̚],[gɯ.ɾin.tʃa.do.mot̚]
부모 중 한,9,[pu.mo.tʃuŋ.han],[bu.mo.dʒuŋ.han]
경찰이 수사,9,[kjʌŋ.tʃʰal.i.su.sa],[gjʌŋ.tʃʰal.i.su.sa]
in high,9,,
집에 가봤는데,9,[tʃip̚.e.ka.pwat̚.nɯn.te],[dʒip̚.e.ga.bwat̚.nɯn.te]
집에 가서 다시,9,[tʃip̚.e.ka.sʌ.ta.si],[dʒip̚.e.ga.sʌ.da.si]
그림자를 감추고 교차하네 たまには空を飛んで,9,[kɯ.ɾin.tʃa.ɾɯl.kan.tʃʰu.ko.kjo.tʃʰa.ha.ne],[gɯ.ɾin.tʃa.ɾɯl.gan.tʃʰu.go.gjo.tʃʰa.ha.ne]
관심 두는,9,[kwan.sin.tu.nɯn],[gwan.sim.du.nɯn]
집에 가서 짐,9,[tʃip̚.e.ka.sʌ.tʃim],[dʒip̚.e.ga.sʌ.dʒim]
집에 가실 수,9,[tʃip̚.e.ka.sil.su],[dʒip̚.e.ga.sil.su]
뭐하러 해,9,[mwʌ.ha.ɾʌ.hɛ],[mwʌ.ha.ɾʌ.hɛ]
뭐하세요 여기,9,[mwʌ.ha.se.jo.jʌ.ki],[mwʌ.ha.se.jo.jʌ.gi]
감정 좀,9,[kan.tʃʌŋ.tʃom],[gan.tʃʌŋ.dʒom]
집에 가져갈 수,9,[tʃip̚.e.ka.tʃjʌ.kal.su],[dʒip̚.e.ga.dʒjʌ.gal.su]
뭔 것,9,[mwʌŋ.kʌt̚],[mwʌn.gʌt̚]
MRI 검사를,9,[kʌm.sa.ɾɯl],[gʌm.sa.ɾɯl]
뭔 돈으로,9,[mwʌn.ton.ɯ.ɾo],[mwʌn.don.ɯ.ɾo]
가끔 기분이,9,[ka.k͈ɯm.ki.pun.i],[ga.k͈ɯm.gi.bun.i]
내 이가,9,[nɛ.i.ka],[nɛ.i.ga]
집에 갈 수 있는,9,[tʃip̚.e.kal.su.it̚.nɯn],[dʒip̚.e.gal.su.it̚.nɯn]
people who are,9,,
뭔 말인지 알아,9,[mwʌn.mal.in.tʃi.al.a],[mwʌn.mal.in.tʃi.al.a]
뭔 말인지 알겠지,9,[mwʌn.mal.in.tʃi.al.ket̚.tʃi],[mwʌn.mal.in.tʃi.al.ket̚.tʃi]
뭔 말하는지,9,[mwʌn.mal.ha.nɯn.tʃi],[mwʌn.mal.ha.nɯn.tʃi]
집에 계신가요,9,[tʃip̚.e.kje.siŋ.ka.jo],[dʒip̚.e.gje.siŋ.ka.jo]
난 이미 다,9,[nan.i.mi.ta],[nan.i.mi.da]
은행 문,9,[ɯn.hɛŋ.mun],[ɯn.hɛŋ.mun]
집에 급한 일이,9,[tʃip̚.e.kɯp̚.han.il.i],[dʒip̚.e.gɯp̚.han.il.i]
people would,9,,
집에 남아,9,[tʃip̚.e.nam.a],[dʒip̚.e.nam.a]
뭔 소리를 하는거야,9,[mwʌn.so.ɾi.ɾɯl.ha.nɯŋ.kʌ.ja],[mwʌn.so.ɾi.ɾɯl.ha.nɯŋ.kʌ.ja]
은행 오사카 서부,9,[ɯn.hɛŋ.o.sa.kʰa.sʌ.pu],[ɯn.hɛŋ.o.sa.kʰa.sʌ.bu]
내가 쌓아온,9,[nɛ.ka.s͈at̚.a.on],[nɛ.ga.s͈at̚.a.on]
하지만 윌,9,[ha.tʃi.man.wil],[ha.dʒi.man.wil]
집에 데려가는,9,[tʃip̚.e.te.ɾjʌ.ka.nɯn],[dʒip̚.e.de.ɾjʌ.ga.nɯn]
난 이번엔,9,[nan.i.pʌn.en],[nan.i.bʌn.en]
난 이사,9,[nan.i.sa],[nan.i.sa]
부모가 아니라,9,[pu.mo.ka.a.ni.ɾa],[bu.mo.ga.a.ni.ɾa]
집에 데려다줄까,9,[tʃip̚.e.te.ɾjʌ.ta.tʃul.k͈a],[dʒip̚.e.de.ɾjʌ.da.dʒul.k͈a]
내 이름 마이클 웨스턴이야,9,[nɛ.i.ɾɯm.ma.i.kʰɯl.we.sɯ.tʰʌn.i.ja],[nɛ.i.ɾɯm.ma.i.kʰɯl.we.sɯ.tʰʌn.i.ja]
집에 도둑이 들었어요,9,[tʃip̚.e.to.tuk̚.i.tɯl.ʌt̚.ʌ.jo],[dʒip̚.e.do.duk̚.i.dɯl.ʌt̚.ʌ.jo]
뭔 일이 벌어지고,9,[mwʌn.il.i.pʌl.ʌ.tʃi.ko],[mwʌn.il.i.bʌl.ʌ.dʒi.go]
은행에 돈,9,[ɯn.hɛŋ.e.ton],[ɯn.hɛŋ.e.don]
난 이제 거기,9,[nan.i.tʃe.kʌ.ki],[nan.i.dʒe.gʌ.gi]
뭔 일입니까,9,[mwʌn.il.ip̚.ni.k͈a],[mwʌn.il.ip̚.ni.k͈a]
집에 돌아오게,9,[tʃip̚.e.tol.a.o.ke],[dʒip̚.e.dol.a.o.ge]
뭔 죄야,9,[mwʌn.tʃwe.ja],[mwʌn.dʒwe.ja]
뭔 줄 아나,9,[mwʌn.tʃul.a.na],[mwʌn.dʒul.a.na]
뭔 줄 알고,9,[mwʌn.tʃul.al.ko],[mwʌn.dʒul.al.ko]
집에 두고 왔어요,9,[tʃip̚.e.tu.ko.wat̚.ʌ.jo],[dʒip̚.e.du.go.wat̚.ʌ.jo]
난 이제 내가,9,[nan.i.tʃe.nɛ.ka],[nan.i.dʒe.nɛ.ga]
난 이제 네가,9,[nan.i.tʃe.ne.ka],[nan.i.dʒe.ne.ga]
으르렁거리는 소리가,9,[ɯ.ɾɯ.ɾʌŋ.kʌ.ɾi.nɯn.so.ɾi.ka],[ɯ.ɾɯ.ɾʌŋ.gʌ.ɾi.nɯn.so.ɾi.ga]
집에 들어가고,9,[tʃip̚.e.tɯl.ʌ.ka.ko],[dʒip̚.e.dɯl.ʌ.ga.go]
집에 들어가요,9,[tʃip̚.e.tɯl.ʌ.ka.jo],[dʒip̚.e.dɯl.ʌ.ga.jo]
집에 들어갔어요,9,[tʃip̚.e.tɯl.ʌ.kat̚.ʌ.jo],[dʒip̚.e.dɯl.ʌ.gat̚.ʌ.jo]
집에 들어오고,9,[tʃip̚.e.tɯl.ʌ.o.ko],[dʒip̚.e.dɯl.ʌ.o.go]
경찰이 왔을 때,9,[kjʌŋ.tʃʰal.i.wat̚.ɯl.t͈ɛ],[gjʌŋ.tʃʰal.i.wat̚.ɯl.t͈ɛ]
집에 들어올 수,9,[tʃip̚.e.tɯl.ʌ.ol.su],[dʒip̚.e.dɯl.ʌ.ol.su]
집에 들이는,9,[tʃip̚.e.tɯl.i.nɯn],[dʒip̚.e.dɯl.i.nɯn]
뭔 헛소리를,9,[mwʌn.hʌt̚.so.ɾi.ɾɯl],[mwʌn.hʌt̚.so.ɾi.ɾɯl]
각자 흩어져서,9,[kak̚.tʃa.hɯt̚.ʌ.tʃjʌ.sʌ],[gak̚.tʃa.hɯt̚.ʌ.dʒjʌ.sʌ]
집에 또 누가,9,[tʃip̚.e.t͈o.nu.ka],[dʒip̚.e.t͈o.nu.ga]
따르지 않습니다,9,[t͈a.ɾɯ.tʃi.an.sɯp̚.ni.ta],[t͈a.ɾɯ.dʒi.an.sɯp̚.ni.da]
집에 몇,9,[tʃip̚.e.mjʌt̚],[dʒip̚.e.mjʌt̚]
뭔가 감추는,9,[mwʌŋ.ka.kan.tʃʰu.nɯn],[mwʌŋ.ka.gan.tʃʰu.nɯn]
뭔가 거대한,9,[mwʌŋ.ka.kʌ.tɛ.han],[mwʌŋ.ka.gʌ.dɛ.han]
감정도 없고,9,[kan.tʃʌŋ.to.ʌp̚.ko],[gan.tʃʌŋ.do.ʌp̚.ko]
뭔가 계획하고,9,[mwʌŋ.ka.kje.hwek̚.ha.ko],[mwʌŋ.ka.gje.hwek̚.ha.go]
집에 보내줄게,9,[tʃip̚.e.po.nɛ.tʃul.ke],[dʒip̚.e.bo.nɛ.dʒul.ke]
집에 보냈어요,9,[tʃip̚.e.po.nɛt̚.ʌ.jo],[dʒip̚.e.bo.nɛt̚.ʌ.jo]
혹시 다시,9,[hok̚.si.ta.si],[hok̚.si.da.si]
혹시 다음,9,[hok̚.si.ta.ɯm],[hok̚.si.da.ɯm]
난 이틀,9,[nan.i.tʰɯl],[nan.i.tʰɯl]
걷지 못하게,9,[kʌt̚.tʃi.mot̚.ha.ke],[gʌt̚.tʃi.mot̚.ha.ge]
난 이해 안,9,[nan.i.hɛ.an],[nan.i.hɛ.an]
집에 안 가는,9,[tʃip̚.e.aŋ.ka.nɯn],[dʒip̚.e.an.ga.nɯn]
뭔가 낌새가,9,[mwʌŋ.ka.k͈im.sɛ.ka],[mwʌŋ.ka.k͈im.sɛ.ga]
난 이해할 수 있어,9,[nan.i.hɛ.hal.su.it̚.ʌ],[nan.i.hɛ.hal.su.it̚.ʌ]
뭔가 내가,9,[mwʌŋ.ka.nɛ.ka],[mwʌŋ.ka.nɛ.ga]
집에 오는 거야,9,[tʃip̚.e.o.nɯŋ.kʌ.ja],[dʒip̚.e.o.nɯn.gʌ.ja]
뭔가 놓치고 있어,9,[mwʌŋ.ka.not̚.tʃʰi.ko.it̚.ʌ],[mwʌŋ.ka.not̚.tʃʰi.go.it̚.ʌ]
아는 것 같네,9,[a.nɯŋ.kʌt̚.kat̚.ne],[a.nɯn.gʌt̚.gat̚.ne]
집에 오래,9,[tʃip̚.e.o.ɾɛ],[dʒip̚.e.o.ɾɛ]
난 인간들이 싫어,9,[nan.iŋ.kan.tɯl.i.sil.ʌ],[nan.iŋ.kan.tɯl.i.sil.ʌ]
집에 온 거,9,[tʃip̚.e.oŋ.kʌ],[dʒip̚.e.on.gʌ]
뭔가 다른 것,9,[mwʌŋ.ka.ta.ɾɯŋ.kʌt̚],[mwʌŋ.ka.da.ɾɯn.gʌt̚]
뭔가 다른 일을,9,[mwʌŋ.ka.ta.ɾɯn.il.ɯl],[mwʌŋ.ka.da.ɾɯn.il.ɯl]
집에 온걸,9,[tʃip̚.e.oŋ.kʌl],[dʒip̚.e.oŋ.kʌl]
난 인도,9,[nan.in.to],[nan.in.to]
하지만 일부러,9,[ha.tʃi.man.il.pu.ɾʌ],[ha.dʒi.man.il.pu.ɾʌ]
뭔가 다를,9,[mwʌŋ.ka.ta.ɾɯl],[mwʌŋ.ka.da.ɾɯl]
and time,9,,
집에 올래,9,[tʃip̚.e.ol.ɾɛ],[dʒip̚.e.ol.ɾɛ]
경찰이 집에,9,[kjʌŋ.tʃʰal.i.tʃip̚.e],[gjʌŋ.tʃʰal.i.dʒip̚.e]
아는 것도 없고,9,[a.nɯŋ.kʌt̚.to.ʌp̚.ko],[a.nɯn.gʌt̚.to.ʌp̚.ko]
집에 와서 같이,9,[tʃip̚.e.wa.sʌ.kat̚.i],[dʒip̚.e.wa.sʌ.gat̚.i]
하지만 있을,9,[ha.tʃi.man.it̚.ɯl],[ha.dʒi.man.it̚.ɯl]
no time to,9,,
집에 왔을때,9,[tʃip̚.e.wat̚.ɯl.t͈ɛ],[dʒip̚.e.wat̚.ɯl.t͈ɛ]
감정에 대해서,9,[kan.tʃʌŋ.e.tɛ.hɛ.sʌ],[gan.tʃʌŋ.e.dɛ.hɛ.sʌ]
하지만 자네와,9,[ha.tʃi.man.tʃa.ne.wa],[ha.dʒi.man.dʒa.ne.wa]
난 일도,9,[nan.il.to],[nan.il.to]
뭔가 떠오를,9,[mwʌŋ.ka.t͈ʌ.o.ɾɯl],[mwʌŋ.ka.t͈ʌ.o.ɾɯl]
은호부의 웃음,9,[ɯn.ho.pu.ɯi.ut̚.ɯm],[ɯn.ho.bu.ɯi.ut̚.ɯm]
in history,9,,
뭔가 마음에 안,9,[mwʌŋ.ka.ma.ɯm.e.an],[mwʌŋ.ka.ma.ɯm.e.an]
난 일이 있어서,9,[nan.il.i.it̚.ʌ.sʌ],[nan.il.i.it̚.ʌ.sʌ]
집에 있었거든요,9,[tʃip̚.e.it̚.ʌt̚.kʌ.tɯn.jo],[dʒip̚.e.it̚.ʌt̚.kʌ.dɯn.jo]
뭔가 말하고 싶은,9,[mwʌŋ.ka.mal.ha.ko.sip̚.ɯn],[mwʌŋ.ka.mal.ha.go.sip̚.ɯn]
집에 있었구나,9,[tʃip̚.e.it̚.ʌt̚.ku.na],[dʒip̚.e.it̚.ʌt̚.ku.na]
person in the,9,,
I borrow,9,,
집에 있었잖아,9,[tʃip̚.e.it̚.ʌt̚.tʃan.a],[dʒip̚.e.it̚.ʌt̚.tʃan.a]
뭔가 맘에,9,[mwʌŋ.ka.mam.e],[mwʌŋ.ka.mam.e]
집에 있을까,9,[tʃip̚.e.it̚.ɯl.k͈a],[dʒip̚.e.it̚.ɯl.k͈a]
집에 있잖아요,9,[tʃip̚.e.it̚.tʃan.a.jo],[dʒip̚.e.it̚.tʃan.a.jo]
을 막을,9,[ɯl.mak̚.ɯl],[ɯl.mak̚.ɯl]
집에 쳐들어가서,9,[tʃip̚.e.tʃʰjʌ.tɯl.ʌ.ka.sʌ],[dʒip̚.e.tʃʰjʌ.dɯl.ʌ.ga.sʌ]
하지만 저는 제,9,[ha.tʃi.man.tʃʌ.nɯn.tʃe],[ha.dʒi.man.dʒʌ.nɯn.dʒe]
뭔가 변했어,9,[mwʌŋ.ka.pjʌn.hɛt̚.ʌ],[mwʌŋ.ka.bjʌn.hɛt̚.ʌ]
집에 큰,9,[tʃip̚.e.kʰɯn],[dʒip̚.e.kʰɯn]
난 임신한,9,[nan.im.sin.han],[nan.im.sin.han]
집에 항상,9,[tʃip̚.e.haŋ.saŋ],[dʒip̚.e.haŋ.saŋ]
간 거 기억나,9,[kaŋ.kʌ.ki.ʌk̚.na],[gan.gʌ.gi.ʌk̚.na]
뭔가 보이는 것,9,[mwʌŋ.ka.po.i.nɯŋ.kʌt̚],[mwʌŋ.ka.bo.i.nɯn.gʌt̚]
별로 아는,9,[pjʌl.ɾo.a.nɯn],[bjʌl.ɾo.a.nɯn]
뭔가 본 것,9,[mwʌŋ.ka.poŋ.kʌt̚],[mwʌŋ.ka.bon.gʌt̚]
을 얻기,9,[ɯl.ʌt̚.ki],[ɯl.ʌt̚.ki]
난 있는,9,[nan.it̚.nɯn],[nan.it̚.nɯn]
뭔가 부족한,9,[mwʌŋ.ka.pu.tʃok̚.han],[mwʌŋ.ka.bu.dʒok̚.han]
집에서 TV,9,[tʃip̚.e.sʌ],[dʒip̚.e.sʌ]
집에서 가까운,9,[tʃip̚.e.sʌ.ka.k͈a.un],[dʒip̚.e.sʌ.ga.k͈a.un]
뭔가 분위기가,9,[mwʌŋ.ka.pun.wi.ki.ka],[mwʌŋ.ka.bun.wi.gi.ga]
별로 신경을,9,[pjʌl.ɾo.siŋ.kjʌŋ.ɯl],[bjʌl.ɾo.siŋ.kjʌŋ.ɯl]
뭔가 불길해,9,[mwʌŋ.ka.pul.kil.hɛ],[mwʌŋ.ka.bul.kil.hɛ]
난 있잖아,9,[nan.it̚.tʃan.a],[nan.it̚.tʃan.a]
Because you can''t,9,,
난 잊을,9,[nan.it̚.ɯl],[nan.it̚.ɯl]
간 거 아니었어요,9,[kaŋ.kʌ.a.ni.ʌt̚.ʌ.jo],[gan.gʌ.a.ni.ʌt̚.ʌ.jo]
하지만 전체,9,[ha.tʃi.man.tʃʌn.tʃʰe],[ha.dʒi.man.dʒʌn.tʃʰe]
집에서 나가지,9,[tʃip̚.e.sʌ.na.ka.tʃi],[dʒip̚.e.sʌ.na.ga.dʒi]
내 이름의,9,[nɛ.i.ɾɯm.ɯi],[nɛ.i.ɾɯm.ɯi]
간 거 아니에요,9,[kaŋ.kʌ.a.ni.e.jo],[gan.gʌ.a.ni.e.jo]
뭔가 생각나면,9,[mwʌŋ.ka.sɛŋ.kak̚.na.mjʌn],[mwʌŋ.ka.sɛŋ.gak̚.na.mjʌn]
내 이름이 뭐야,9,[nɛ.i.ɾɯm.i.mwʌ.ja],[nɛ.i.ɾɯm.i.mwʌ.ja]
집에서 당신,9,[tʃip̚.e.sʌ.taŋ.sin],[dʒip̚.e.sʌ.daŋ.sin]
집에서 당장 꺼져,9,[tʃip̚.e.sʌ.taŋ.tʃaŋ.k͈ʌ.tʃjʌ],[dʒip̚.e.sʌ.daŋ.dʒaŋ.k͈ʌ.dʒjʌ]
따위 알,9,[t͈a.wi.al],[t͈a.wi.al]
nobody else but you,9,,
집에서 매일,9,[tʃip̚.e.sʌ.mɛ.il],[dʒip̚.e.sʌ.mɛ.il]
집에서 먹을,9,[tʃip̚.e.sʌ.mʌk̚.ɯl],[dʒip̚.e.sʌ.mʌk̚.ɯl]
집에서 멀리 떨어져,9,[tʃip̚.e.sʌ.mʌl.ɾi.t͈ʌl.ʌ.tʃjʌ],[dʒip̚.e.sʌ.mʌl.ɾi.t͈ʌl.ʌ.dʒjʌ]
집에서 몰래,9,[tʃip̚.e.sʌ.mol.ɾɛ],[dʒip̚.e.sʌ.mol.ɾɛ]
난 자네 같은,9,[nan.tʃa.ne.kat̚.ɯn],[nan.dʒa.ne.gat̚.ɯn]
별로 안 좋았어요,9,[pjʌl.ɾo.an.tʃot̚.at̚.ʌ.jo],[bjʌl.ɾo.an.dʒot̚.at̚.ʌ.jo]
집에서 뭔가,9,[tʃip̚.e.sʌ.mwʌŋ.ka],[dʒip̚.e.sʌ.mwʌŋ.ka]
하지만 조건이 있어요,9,[ha.tʃi.man.tʃo.kʌn.i.it̚.ʌ.jo],[ha.dʒi.man.dʒo.gʌn.i.it̚.ʌ.jo]
nobody knows,9,,
뭔가 숨기는 게 있어,9,[mwʌŋ.ka.sum.ki.nɯŋ.ke.it̚.ʌ],[mwʌŋ.ka.sum.ki.nɯn.ge.it̚.ʌ]
뭔가 실수를,9,[mwʌŋ.ka.sil.su.ɾɯl],[mwʌŋ.ka.sil.su.ɾɯl]
집에서 쉬어,9,[tʃip̚.e.sʌ.swi.ʌ],[dʒip̚.e.sʌ.swi.ʌ]
집에서 애를,9,[tʃip̚.e.sʌ.ɛ.ɾɯl],[dʒip̚.e.sʌ.ɛ.ɾɯl]
집에서 왜,9,[tʃip̚.e.sʌ.wɛ],[dʒip̚.e.sʌ.wɛ]
집에서 이런,9,[tʃip̚.e.sʌ.i.ɾʌn],[dʒip̚.e.sʌ.i.ɾʌn]
집에서 일어나는,9,[tʃip̚.e.sʌ.il.ʌ.na.nɯn],[dʒip̚.e.sʌ.il.ʌ.na.nɯn]
집에서 일,9,[tʃip̚.e.sʌ.il],[dʒip̚.e.sʌ.il]
뭔가 안좋은,9,[mwʌŋ.ka.an.tʃot̚.ɯn],[mwʌŋ.ka.an.tʃot̚.ɯn]
집에서 잤어,9,[tʃip̚.e.sʌ.tʃat̚.ʌ],[dʒip̚.e.sʌ.dʒat̚.ʌ]
난 자살,9,[nan.tʃa.sal],[nan.dʒa.sal]
집에서 지내면,9,[tʃip̚.e.sʌ.tʃi.nɛ.mjʌn],[dʒip̚.e.sʌ.dʒi.nɛ.mjʌn]
경찰입니다 무슨,9,[kjʌŋ.tʃʰal.ip̚.ni.ta.mu.sɯn],[gjʌŋ.tʃʰal.ip̚.ni.da.mu.sɯn]
집에서 지낼 수,9,[tʃip̚.e.sʌ.tʃi.nɛl.su],[dʒip̚.e.sʌ.dʒi.nɛl.su]
음 소거,9,[ɯm.so.kʌ],[ɯm.so.gʌ]
뭔가 알아낼 수 있을,9,[mwʌŋ.ka.al.a.nɛl.su.it̚.ɯl],[mwʌŋ.ka.al.a.nɛl.su.it̚.ɯl]
하지만 지금 그,9,[ha.tʃi.man.tʃi.kɯm.kɯ],[ha.dʒi.man.dʒi.gɯm.gɯ]
하지만 지금 우리가,9,[ha.tʃi.man.tʃi.kɯm.u.ɾi.ka],[ha.dʒi.man.dʒi.gɯm.u.ɾi.ga]
뭔가 얻을,9,[mwʌŋ.ka.ʌt̚.ɯl],[mwʌŋ.ka.ʌt̚.ɯl]
그만 간다,9,[kɯ.maŋ.kan.ta],[gɯ.man.gan.ta]
음 어,9,[ɯm.ʌ],[ɯm.ʌ]
집으로 가는 거예요,9,[tʃip̚.ɯ.ɾo.ka.nɯŋ.kʌ.je.jo],[dʒip̚.ɯ.ɾo.ga.nɯn.gʌ.je.jo]
하지만 지금은 더,9,[ha.tʃi.man.tʃi.kɯm.ɯn.tʌ],[ha.dʒi.man.dʒi.gɯm.ɯn.dʌ]
따위는 없다고,9,[t͈a.wi.nɯn.ʌp̚.ta.ko],[t͈a.wi.nɯn.ʌp̚.ta.go]
뭔가 의미가 있는,9,[mwʌŋ.ka.ɯi.mi.ka.it̚.nɯn],[mwʌŋ.ka.ɯi.mi.ga.it̚.nɯn]
뭔가 의심스러운,9,[mwʌŋ.ka.ɯi.sim.sɯ.ɾʌ.un],[mwʌŋ.ka.ɯi.sim.sɯ.ɾʌ.un]
난 잘 거야,9,[nan.tʃal.kʌ.ja],[nan.dʒal.gʌ.ja]
무슨 헛소리를 하는,9,[mu.sɯn.hʌt̚.so.ɾi.ɾɯl.ha.nɯn],[mu.sɯn.hʌt̚.so.ɾi.ɾɯl.ha.nɯn]
집으로 데려갈 거야,9,[tʃip̚.ɯ.ɾo.te.ɾjʌ.kal.kʌ.ja],[dʒip̚.ɯ.ɾo.de.ɾjʌ.gal.gʌ.ja]
걸 가르치고,9,[kʌl.ka.ɾɯ.tʃʰi.ko],[gʌl.ga.ɾɯ.tʃʰi.go]
난 잘 모르겠지만,9,[nan.tʃal.mo.ɾɯ.ket̚.tʃi.man],[nan.dʒal.mo.ɾɯ.get̚.tʃi.man]
뭔가 이상한 점은,9,[mwʌŋ.ka.i.saŋ.han.tʃʌm.ɯn],[mwʌŋ.ka.i.saŋ.han.dʒʌm.ɯn]
집으로 데려오기 위해,9,[tʃip̚.ɯ.ɾo.te.ɾjʌ.o.ki.wi.hɛ],[dʒip̚.ɯ.ɾo.de.ɾjʌ.o.gi.wi.hɛ]
집으로 데려와서,9,[tʃip̚.ɯ.ɾo.te.ɾjʌ.wa.sʌ],[dʒip̚.ɯ.ɾo.de.ɾjʌ.wa.sʌ]
하지만 질,9,[ha.tʃi.man.tʃil],[ha.dʒi.man.dʒil]
뭔가 이상합니다,9,[mwʌŋ.ka.i.saŋ.hap̚.ni.ta],[mwʌŋ.ka.i.saŋ.hap̚.ni.da]
집으로 돌려보내,9,[tʃip̚.ɯ.ɾo.tol.ɾjʌ.po.nɛ],[dʒip̚.ɯ.ɾo.dol.ɾjʌ.bo.nɛ]
하지만 차가,9,[ha.tʃi.man.tʃʰa.ka],[ha.dʒi.man.tʃʰa.ga]
집으로 돌아가다,9,[tʃip̚.ɯ.ɾo.tol.a.ka.ta],[dʒip̚.ɯ.ɾo.dol.a.ga.da]
난 잘 지내고 있어,9,[nan.tʃal.tʃi.nɛ.ko.it̚.ʌ],[nan.dʒal.dʒi.nɛ.go.it̚.ʌ]
뭔가 일어나고 있어,9,[mwʌŋ.ka.il.ʌ.na.ko.it̚.ʌ],[mwʌŋ.ka.il.ʌ.na.go.it̚.ʌ]
하지만 찾아낼,9,[ha.tʃi.man.tʃʰat̚.a.nɛl],[ha.dʒi.man.tʃʰat̚.a.nɛl]
뭔가 일어날,9,[mwʌŋ.ka.il.ʌ.nal],[mwʌŋ.ka.il.ʌ.nal]
내 인간,9,[nɛ.iŋ.kan],[nɛ.iŋ.kan]
집으로 돌아오다,9,[tʃip̚.ɯ.ɾo.tol.a.o.ta],[dʒip̚.ɯ.ɾo.dol.a.o.da]
집으로 돌아오렴,9,[tʃip̚.ɯ.ɾo.tol.a.o.ɾjʌm],[dʒip̚.ɯ.ɾo.dol.a.o.ɾjʌm]
집으로 돌아왔을 때,9,[tʃip̚.ɯ.ɾo.tol.a.wat̚.ɯl.t͈ɛ],[dʒip̚.ɯ.ɾo.dol.a.wat̚.ɯl.t͈ɛ]
and wait for,9,,
뭔가 있는거 같아,9,[mwʌŋ.ka.it̚.nɯŋ.kʌ.kat̚.a],[mwʌŋ.ka.it̚.nɯŋ.kʌ.gat̚.a]
집으로 들어갈,9,[tʃip̚.ɯ.ɾo.tɯl.ʌ.kal],[dʒip̚.ɯ.ɾo.dɯl.ʌ.gal]
따윈 못,9,[t͈a.win.mot̚],[t͈a.win.mot̚]
난 잘생긴,9,[nan.tʃal.sɛŋ.kin],[nan.dʒal.sɛŋ.gin]
음모를 꾸몄다는,9,[ɯm.mo.ɾɯl.k͈u.mjʌt̚.ta.nɯn],[ɯm.mo.ɾɯl.k͈u.mjʌt̚.ta.nɯn]
집으로 보내줘요,9,[tʃip̚.ɯ.ɾo.po.nɛ.tʃwʌ.jo],[dʒip̚.ɯ.ɾo.bo.nɛ.dʒwʌ.jo]
집으로 온,9,[tʃip̚.ɯ.ɾo.on],[dʒip̚.ɯ.ɾo.on]
뭔가 있어 너한테,9,[mwʌŋ.ka.it̚.ʌ.nʌ.han.tʰe],[mwʌŋ.ka.it̚.ʌ.nʌ.han.tʰe]
난 잠을 잘,9,[nan.tʃam.ɯl.tʃal],[nan.dʒam.ɯl.dʒal]
난 잠자리 천재,9,[nan.tʃan.tʃa.ɾi.tʃʰʌn.tʃɛ],[nan.dʒan.tʃa.ɾi.tʃʰʌn.tʃɛ]
경치가 참,9,[kjʌŋ.tʃʰi.ka.tʃʰam],[gjʌŋ.tʃʰi.ga.tʃʰam]
음성 기록을,9,[ɯm.sʌŋ.ki.ɾok̚.ɯl],[ɯm.sʌŋ.gi.ɾok̚.ɯl]
집은 아직,9,[tʃip̚.ɯn.a.tʃik̚],[dʒip̚.ɯn.a.dʒik̚]
난 장,9,[nan.tʃaŋ],[nan.dʒaŋ]
내 인생 전부를,9,[nɛ.in.sɛŋ.tʃʌm.pu.ɾɯl],[nɛ.in.sɛŋ.dʒʌm.pu.ɾɯl]
하지만 피해자,9,[ha.tʃi.mam.pʰi.hɛ.tʃa],[ha.dʒi.mam.pʰi.hɛ.dʒa]
뭔가 잘못됐나요,9,[mwʌŋ.ka.tʃal.mot̚.twɛt̚.na.jo],[mwʌŋ.ka.dʒal.mot̚.twɛt̚.na.jo]
난 재닛이에요,9,[nan.tʃɛ.nit̚.i.e.jo],[nan.dʒɛ.nit̚.i.e.jo]
하지만 하루,9,[ha.tʃi.man.ha.ɾu],[ha.dʒi.man.ha.ɾu]
집을 구해서,9,[tʃip̚.ɯl.ku.hɛ.sʌ],[dʒip̚.ɯl.gu.hɛ.sʌ]
뭔가 잘못되었다는,9,[mwʌŋ.ka.tʃal.mot̚.twe.ʌt̚.ta.nɯn],[mwʌŋ.ka.dʒal.mot̚.twe.ʌt̚.ta.nɯn]
집을 나가면,9,[tʃip̚.ɯl.la.ka.mjʌn],[dʒip̚.ɯl.la.ga.mjʌn]
뭔가 잘못되었어,9,[mwʌŋ.ka.tʃal.mot̚.twe.ʌt̚.ʌ],[mwʌŋ.ka.dʒal.mot̚.twe.ʌt̚.ʌ]
집을 나갈,9,[tʃip̚.ɯl.la.kal],[dʒip̚.ɯl.la.gal]
걸 가져갔어요,9,[kʌl.ka.tʃjʌ.kat̚.ʌ.jo],[gʌl.ga.dʒjʌ.gat̚.ʌ.jo]
무슨 훈련,9,[mu.sɯn.hul.ljʌn],[mu.sɯn.hul.ljʌn]
하지만 한 번만,9,[ha.tʃi.man.ham.pʌn.man],[ha.dʒi.man.han.bʌn.man]
집을 떠나고,9,[tʃip̚.ɯl.t͈ʌ.na.ko],[dʒip̚.ɯl.t͈ʌ.na.go]
집을 떠나서,9,[tʃip̚.ɯl.t͈ʌ.na.sʌ],[dʒip̚.ɯl.t͈ʌ.na.sʌ]
경향이 있고,9,[kjʌŋ.hjaŋ.i.it̚.ko],[gjʌŋ.hjaŋ.i.it̚.ko]
집을 버리고,9,[tʃip̚.ɯl.pʌ.ɾi.ko],[dʒip̚.ɯl.bʌ.ɾi.go]
뭔가 좀 이상해요,9,[mwʌŋ.ka.tʃom.i.saŋ.hɛ.jo],[mwʌŋ.ka.dʒom.i.saŋ.hɛ.jo]
하지만 지금껏,9,[ha.tʃi.man.tʃi.kɯm.k͈ʌt̚],[ha.dʒi.man.dʒi.gɯm.k͈ʌt̚]
집을 비워,9,[tʃip̚.ɯl.pi.wʌ],[dʒip̚.ɯl.bi.wʌ]
집을 비워서,9,[tʃip̚.ɯl.pi.wʌ.sʌ],[dʒip̚.ɯl.bi.wʌ.sʌ]
하지만 해야만,9,[ha.tʃi.man.hɛ.ja.man],[ha.dʒi.man.hɛ.ja.man]
바뀌지 않습니다,9,[pa.k͈wi.tʃi.an.sɯp̚.ni.ta],[ba.k͈wi.dʒi.an.sɯp̚.ni.da]
집을 수색하기,9,[tʃip̚.ɯl.su.sɛk̚.ha.ki],[dʒip̚.ɯl.su.sɛk̚.ha.gi]
하지만 현장에서,9,[ha.tʃi.man.hjʌn.tʃaŋ.e.sʌ],[ha.dʒi.man.hjʌn.tʃaŋ.e.sʌ]
난 저녁에,9,[nan.tʃʌ.njʌk̚.e],[nan.dʒʌ.njʌk̚.e]
따지러 온,9,[t͈a.tʃi.ɾʌ.on],[t͈a.dʒi.ɾʌ.on]
하지만 혼자서,9,[ha.tʃi.man.hon.tʃa.sʌ],[ha.dʒi.man.hon.tʃa.sʌ]
음식 먹으면,9,[ɯm.sik̚.mʌk̚.ɯ.mjʌn],[ɯm.sik̚.mʌk̚.ɯ.mjʌn]
내가 쓸데없는,9,[nɛ.ka.s͈ɯl.te.ʌp̚.nɯn],[nɛ.ga.s͈ɯl.te.ʌp̚.nɯn]
집을 찾았어,9,[tʃip̚.ɯl.tʃʰat̚.at̚.ʌ],[dʒip̚.ɯl.tʃʰat̚.at̚.ʌ]
집을 찾은,9,[tʃip̚.ɯl.tʃʰat̚.ɯn],[dʒip̚.ɯl.tʃʰat̚.ɯn]
집을 태워,9,[tʃip̚.ɯl.tʰɛ.wʌ],[dʒip̚.ɯl.tʰɛ.wʌ]
혼나 볼래,9,[hon.na.pol.ɾɛ],[hon.na.bol.ɾɛ]
아는 사람도 없는데,9,[a.nɯn.sa.ɾan.to.ʌp̚.nɯn.te],[a.nɯn.sa.ɾan.to.ʌp̚.nɯn.te]
phone ringing,9,,
하진 않겠지만,9,[ha.tʃin.aŋ.ket̚.tʃi.man],[ha.dʒin.aŋ.ket̚.tʃi.man]
뭔가 하고 싶어,9,[mwʌŋ.ka.ha.ko.sip̚.ʌ],[mwʌŋ.ka.ha.go.sip̚.ʌ]
집이 어떤,9,[tʃip̚.i.ʌ.t͈ʌn],[dʒip̚.i.ʌ.t͈ʌn]
뭔가 하고 있어,9,[mwʌŋ.ka.ha.ko.it̚.ʌ],[mwʌŋ.ka.ha.go.it̚.ʌ]
하진 않겠습니다,9,[ha.tʃin.aŋ.ket̚.sɯp̚.ni.ta],[ha.dʒin.aŋ.ket̚.sɯp̚.ni.da]
하진 않았잖아요,9,[ha.tʃin.an.at̚.tʃan.a.jo],[ha.dʒin.an.at̚.tʃan.a.jo]
뭔가 할 수 있게,9,[mwʌŋ.ka.hal.su.it̚.ke],[mwʌŋ.ka.hal.su.it̚.ke]
집이 좋네,9,[tʃip̚.i.tʃot̚.ne],[dʒip̚.i.dʒot̚.ne]
난 전쟁에,9,[nan.tʃʌn.tʃɛŋ.e],[nan.dʒʌn.tʃɛŋ.e]
음식과 술을,9,[ɯm.sik̚.kwa.sul.ɯl],[ɯm.sik̚.kwa.sul.ɯl]
하찮은 것,9,[ha.tʃʰan.ɯŋ.kʌt̚],[ha.tʃʰan.ɯn.gʌt̚]
뭔가 해봐,9,[mwʌŋ.ka.hɛ.pwa],[mwʌŋ.ka.hɛ.bwa]
집인 것,9,[tʃip̚.iŋ.kʌt̚],[dʒip̚.in.gʌt̚]
하쿠무 마을을,9,[ha.kʰu.mu.ma.ɯl.ɯl],[ha.kʰu.mu.ma.ɯl.ɯl]
혹은 이,9,[hok̚.ɯn.i],[hok̚.ɯn.i]
부부 집에,9,[pu.pu.tʃip̚.e],[bu.bu.dʒip̚.e]
집중 치료를,9,[tʃip̚.tʃuŋ.tʃʰi.ɾjo.ɾɯl],[dʒip̚.tʃuŋ.tʃʰi.ɾjo.ɾɯl]
집중 해,9,[tʃip̚.tʃuŋ.hɛ],[dʒip̚.tʃuŋ.hɛ]
하퍼 디어링이,9,[ha.pʰʌ.ti.ʌ.ɾiŋ.i],[ha.pʰʌ.di.ʌ.ɾiŋ.i]
뭔가가 있나,9,[mwʌŋ.ka.ka.it̚.na],[mwʌŋ.ka.ga.it̚.na]
혼란을 주려고,9,[hol.lan.ɯl.tʃu.ɾjʌ.ko],[hol.lan.ɯl.dʒu.ɾjʌ.go]
하프 타임,9,[ha.pʰɯ.tʰa.im],[ha.pʰɯ.tʰa.im]
골이 빠개질 거 같아,9,[kol.i.p͈a.kɛ.tʃil.kʌ.kat̚.a],[gol.i.p͈a.gɛ.dʒil.gʌ.gat̚.a]
not about,9,,
뭔가가 잘못됐어,9,[mwʌŋ.ka.ka.tʃal.mot̚.twɛt̚.ʌ],[mwʌŋ.ka.ga.dʒal.mot̚.twɛt̚.ʌ]
난 절대 멈추지,9,[nan.tʃʌl.tɛ.mʌn.tʃʰu.tʃi],[nan.dʒʌl.tɛ.mʌn.tʃʰu.dʒi]
뭔가가 제,9,[mwʌŋ.ka.ka.tʃe],[mwʌŋ.ka.ga.dʒe]
집중해서 잘,9,[tʃip̚.tʃuŋ.hɛ.sʌ.tʃal],[dʒip̚.tʃuŋ.hɛ.sʌ.dʒal]
집중해야 하니까,9,[tʃip̚.tʃuŋ.hɛ.ja.ha.ni.k͈a],[dʒip̚.tʃuŋ.hɛ.ja.ha.ni.k͈a]
경험은 없지만,9,[kjʌŋ.hʌm.ɯn.ʌp̚.tʃi.man],[gjʌŋ.hʌm.ɯn.ʌp̚.tʃi.man]
골짜기로 다닐지라도,9,[kol.tʃ͈a.ki.ɾo.ta.nil.tʃi.ɾa.to],[gol.tʃ͈a.gi.ɾo.da.nil.tʃi.ɾa.do]
하필이면 오늘,9,[ha.pʰil.i.mjʌn.o.nɯl],[ha.pʰil.i.mjʌn.o.nɯl]
뭔가를 갖고,9,[mwʌŋ.ka.ɾɯl.kat̚.ko],[mwʌŋ.ka.ɾɯl.gat̚.ko]
혼을 보여주겠다,9,[hon.ɯl.po.jʌ.tʃu.ket̚.ta],[hon.ɯl.bo.jʌ.dʒu.get̚.ta]
경험을 많이,9,[kjʌŋ.hʌm.ɯl.man.i],[gjʌŋ.hʌm.ɯl.man.i]
뭔가를 두고,9,[mwʌŋ.ka.ɾɯl.tu.ko],[mwʌŋ.ka.ɾɯl.du.go]
학교 간,9,[hak̚.kjo.kan],[hak̚.kjo.gan]
뭔가를 말하고,9,[mwʌŋ.ka.ɾɯl.mal.ha.ko],[mwʌŋ.ka.ɾɯl.mal.ha.go]
짓 같은,9,[tʃit̚.kat̚.ɯn],[dʒit̚.gat̚.ɯn]
학교 그만,9,[hak̚.kjo.kɯ.man],[hak̚.kjo.gɯ.man]
학교 근처에,9,[hak̚.kjo.kɯn.tʃʰʌ.e],[hak̚.kjo.gɯn.tʃʰʌ.e]
뭔가를 보여주고,9,[mwʌŋ.ka.ɾɯl.po.jʌ.tʃu.ko],[mwʌŋ.ka.ɾɯl.bo.jʌ.dʒu.go]
딱 들어도,9,[t͈ak̚.tɯl.ʌ.to],[t͈ak̚.dɯl.ʌ.do]
딱 들어,9,[t͈ak̚.tɯl.ʌ],[t͈ak̚.dɯl.ʌ]
짓 안 했는데,9,[tʃit̚.an.hɛt̚.nɯn.te],[dʒit̚.an.hɛt̚.nɯn.te]
난 정말 나쁜,9,[nan.tʃʌŋ.mal.la.p͈ɯn],[nan.dʒʌŋ.mal.la.p͈ɯn]
뭔가를 숨기고 있다는,9,[mwʌŋ.ka.ɾɯl.sum.ki.ko.it̚.ta.nɯn],[mwʌŋ.ka.ɾɯl.sum.ki.go.it̚.ta.nɯn]
난 정말 많은,9,[nan.tʃʌŋ.mal.man.ɯn],[nan.dʒʌŋ.mal.man.ɯn]
짓 하기엔,9,[tʃit̚.ha.ki.en],[dʒit̚.ha.gi.en]
뭔가를 알고 있는,9,[mwʌŋ.ka.ɾɯl.al.ko.it̚.nɯn],[mwʌŋ.ka.ɾɯl.al.ko.it̚.nɯn]
뭔가를 알고 있어,9,[mwʌŋ.ka.ɾɯl.al.ko.it̚.ʌ],[mwʌŋ.ka.ɾɯl.al.ko.it̚.ʌ]
뭔가를 알아낼,9,[mwʌŋ.ka.ɾɯl.al.a.nɛl],[mwʌŋ.ka.ɾɯl.al.a.nɛl]
중 하나 가장,9,[tʃuŋ.ha.na.ka.tʃaŋ],[dʒuŋ.ha.na.ga.dʒaŋ]
뭔가를 이루고,9,[mwʌŋ.ka.ɾɯl.i.ɾu.ko],[mwʌŋ.ka.ɾɯl.i.ɾu.go]
학교 다시,9,[hak̚.kjo.ta.si],[hak̚.kjo.da.si]
학교 대표로,9,[hak̚.kjo.tɛ.pʰjo.ɾo],[hak̚.kjo.dɛ.pʰjo.ɾo]
경험을 했죠,9,[kjʌŋ.hʌm.ɯl.hɛt̚.tʃjo],[gjʌŋ.hʌm.ɯl.hɛt̚.tʃjo]
not allowed,9,,
난 정말 운이,9,[nan.tʃʌŋ.mal.un.i],[nan.dʒʌŋ.mal.un.i]
내가 아는 애가,9,[nɛ.ka.a.nɯn.ɛ.ka],[nɛ.ga.a.nɯn.ɛ.ga]
난 정말 이해가,9,[nan.tʃʌŋ.mal.i.hɛ.ka],[nan.dʒʌŋ.mal.i.hɛ.ga]
아는 사람이고,9,[a.nɯn.sa.ɾam.i.ko],[a.nɯn.sa.ɾam.i.go]
아는 사실이지만,9,[a.nɯn.sa.sil.i.tʃi.man],[a.nɯn.sa.sil.i.dʒi.man]
난 정말 이해가 안,9,[nan.tʃʌŋ.mal.i.hɛ.ka.an],[nan.dʒʌŋ.mal.i.hɛ.ga.an]
짓까지 할 수,9,[tʃit̚.k͈a.tʃi.hal.su],[dʒit̚.k͈a.dʒi.hal.su]
뭔가를 하게,9,[mwʌŋ.ka.ɾɯl.ha.ke],[mwʌŋ.ka.ɾɯl.ha.ge]
학교 신문에,9,[hak̚.kjo.sin.mun.e],[hak̚.kjo.sin.mun.e]
뭔가를 하면,9,[mwʌŋ.ka.ɾɯl.ha.mjʌn],[mwʌŋ.ka.ɾɯl.ha.mjʌn]
뭔가를 했다,9,[mwʌŋ.ka.ɾɯl.hɛt̚.ta],[mwʌŋ.ka.ɾɯl.hɛt̚.ta]
내 인생이 끝난,9,[nɛ.in.sɛŋ.i.k͈ɯt̚.nan],[nɛ.in.sɛŋ.i.k͈ɯt̚.nan]
혼자 간,9,[hon.tʃa.kan],[hon.tʃa.gan]
뭔가에 의해,9,[mwʌŋ.ka.e.ɯi.hɛ],[mwʌŋ.ka.e.ɯi.hɛ]
뭔가있는 것처럼,9,[mwʌŋ.ka.it̚.nɯŋ.kʌt̚.tʃʰʌ.ɾʌm],[mwʌŋ.ka.it̚.nɯn.gʌt̚.tʃʰʌ.ɾʌm]
뭔갈 알고,9,[mwʌŋ.kal.al.ko],[mwʌŋ.kal.al.ko]
뭔데 그게,9,[mwʌn.te.kɯ.ke],[mwʌn.te.gɯ.ge]
혼자 감당하지,9,[hon.tʃa.kan.taŋ.ha.tʃi],[hon.tʃa.gan.taŋ.ha.dʒi]
학교 친구들은,9,[hak̚.kjo.tʃʰiŋ.ku.tɯl.ɯn],[hak̚.kjo.tʃʰiŋ.ku.dɯl.ɯn]
그만 돌아와,9,[kɯ.man.tol.a.wa],[gɯ.man.dol.a.wa]
짓을 그대로,9,[tʃit̚.ɯl.kɯ.tɛ.ɾo],[dʒit̚.ɯl.gɯ.dɛ.ɾo]
잘 찍었어,9,[tʃal.tʃ͈ik̚.ʌt̚.ʌ],[dʒal.tʃ͈ik̚.ʌt̚.ʌ]
아는 얘기를,9,[a.nɯn.jɛ.ki.ɾɯl],[a.nɯn.jɛ.gi.ɾɯl]
짓을 벌이고,9,[tʃit̚.ɯl.pʌl.i.ko],[dʒit̚.ɯl.bʌl.i.go]
짓을 벌일,9,[tʃit̚.ɯl.pʌl.il],[dʒit̚.ɯl.bʌl.il]
간 모든,9,[kan.mo.tɯn],[gan.mo.dɯn]
경험이 있습니다,9,[kjʌŋ.hʌm.i.it̚.sɯp̚.ni.ta],[gjʌŋ.hʌm.i.it̚.sɯp̚.ni.da]
짓을 저지르다니,9,[tʃit̚.ɯl.tʃʌ.tʃi.ɾɯ.ta.ni],[dʒit̚.ɯl.dʒʌ.dʒi.ɾɯ.da.ni]
골탕 먹이기,9,[kol.tʰaŋ.mʌk̚.i.ki],[gol.tʰaŋ.mʌk̚.i.gi]
학교로 돌아가는,9,[hak̚.kjo.ɾo.tol.a.ka.nɯn],[hak̚.kjo.ɾo.dol.a.ga.nɯn]
뭔지 말을,9,[mwʌn.tʃi.mal.ɯl],[mwʌn.tʃi.mal.ɯl]
내가 아니거든,9,[nɛ.ka.a.ni.kʌ.tɯn],[nɛ.ga.a.ni.gʌ.dɯn]
뭔지 말해줄,9,[mwʌn.tʃi.mal.hɛ.tʃul],[mwʌn.tʃi.mal.hɛ.dʒul]
짓을 하는지는,9,[tʃit̚.ɯl.ha.nɯn.tʃi.nɯn],[dʒit̚.ɯl.ha.nɯn.tʃi.nɯn]
짓을 하던,9,[tʃit̚.ɯl.ha.tʌn],[dʒit̚.ɯl.ha.dʌn]
뭔지 모르겠습니다,9,[mwʌn.tʃi.mo.ɾɯ.ket̚.sɯp̚.ni.ta],[mwʌn.tʃi.mo.ɾɯ.get̚.sɯp̚.ni.da]
짓을 하려,9,[tʃit̚.ɯl.ha.ɾjʌ],[dʒit̚.ɯl.ha.ɾjʌ]
난 좀비,9,[nan.tʃom.pi],[nan.dʒom.pi]
짓을 한 건지 알기나,9,[tʃit̚.ɯl.haŋ.kʌn.tʃi.al.ki.na],[dʒit̚.ɯl.han.gʌn.tʃi.al.ki.na]
짓을 한 걸까요,9,[tʃit̚.ɯl.haŋ.kʌl.k͈a.jo],[dʒit̚.ɯl.han.gʌl.k͈a.jo]
경험한 걸,9,[kjʌŋ.hʌm.haŋ.kʌl],[gjʌŋ.hʌm.han.gʌl]
난 좁은,9,[nan.tʃop̚.ɯn],[nan.dʒop̚.ɯn]
그만 두자,9,[kɯ.man.tu.tʃa],[gɯ.man.du.dʒa]
경험한 것,9,[kjʌŋ.hʌm.haŋ.kʌt̚],[gjʌŋ.hʌm.han.gʌt̚]
경험한 바로는,9,[kjʌŋ.hʌm.ham.pa.ɾo.nɯn],[gjʌŋ.hʌm.han.ba.ɾo.nɯn]
짓을 할 거라고,9,[tʃit̚.ɯl.hal.kʌ.ɾa.ko],[dʒit̚.ɯl.hal.gʌ.ɾa.go]
난 좋다고,9,[nan.tʃot̚.ta.ko],[nan.dʒot̚.ta.go]
난 좋아하는,9,[nan.tʃot̚.a.ha.nɯn],[nan.dʒot̚.a.ha.nɯn]
짓을 할지 모르잖아,9,[tʃit̚.ɯl.hal.tʃi.mo.ɾɯ.tʃan.a],[dʒit̚.ɯl.hal.tʃi.mo.ɾɯ.dʒan.a]
골프 쳐요,9,[kol.pʰɯ.tʃʰjʌ.jo],[gol.pʰɯ.tʃʰjʌ.jo]
학교에 소문,9,[hak̚.kjo.e.so.mun],[hak̚.kjo.e.so.mun]
학교에 들어갈,9,[hak̚.kjo.e.tɯl.ʌ.kal],[hak̚.kjo.e.dɯl.ʌ.gal]
난 좋은 아빠가,9,[nan.tʃot̚.ɯn.a.p͈a.ka],[nan.dʒot̚.ɯn.a.p͈a.ga]
짓을 했길래요,9,[tʃit̚.ɯl.hɛt̚.kil.ɾɛ.jo],[dʒit̚.ɯl.hɛt̚.kil.ɾɛ.jo]
짓을 했는지 다,9,[tʃit̚.ɯl.hɛt̚.nɯn.tʃi.ta],[dʒit̚.ɯl.hɛt̚.nɯn.tʃi.da]
짓을 했는지 모르겠어,9,[tʃit̚.ɯl.hɛt̚.nɯn.tʃi.mo.ɾɯ.ket̚.ʌ],[dʒit̚.ɯl.hɛt̚.nɯn.tʃi.mo.ɾɯ.get̚.ʌ]
뭔지 알겠나,9,[mwʌn.tʃi.al.ket̚.na],[mwʌn.tʃi.al.ket̚.na]
짓을 했다간,9,[tʃit̚.ɯl.hɛt̚.ta.kan],[dʒit̚.ɯl.hɛt̚.ta.gan]
짓을 했어도,9,[tʃit̚.ɯl.hɛt̚.ʌ.to],[dʒit̚.ɯl.hɛt̚.ʌ.do]
중 하나야 그,9,[tʃuŋ.ha.na.ja.kɯ],[dʒuŋ.ha.na.ja.gɯ]
짓을 했을 거야,9,[tʃit̚.ɯl.hɛt̚.ɯl.kʌ.ja],[dʒit̚.ɯl.hɛt̚.ɯl.gʌ.ja]
학교에서 말이야,9,[hak̚.kjo.e.sʌ.mal.i.ja],[hak̚.kjo.e.sʌ.mal.i.ja]
경호원 없이,9,[kjʌŋ.ho.wʌn.ʌp̚.i],[gjʌŋ.ho.wʌn.ʌp̚.i]
짓이 아녜요,9,[tʃit̚.i.a.nje.jo],[dʒit̚.i.a.nje.jo]
뭔지 알아내야 해요,9,[mwʌn.tʃi.al.a.nɛ.ja.hɛ.jo],[mwʌn.tʃi.al.a.nɛ.ja.hɛ.jo]
부분이 뭔지,9,[pu.pun.i.mwʌn.tʃi],[bu.bun.i.mwʌn.tʃi]
병들게 하고,9,[pjʌŋ.tɯl.ke.ha.ko],[bjʌŋ.dɯl.ke.ha.go]
간 이식 수술을,9,[kan.i.sik̚.su.sul.ɯl],[gan.i.sik̚.su.sul.ɯl]
짓이든 다,9,[tʃit̚.i.tɯn.ta],[dʒit̚.i.dɯn.da]
짓이라고 생각하지,9,[tʃit̚.i.ɾa.ko.sɛŋ.kak̚.ha.tʃi],[dʒit̚.i.ɾa.go.sɛŋ.gak̚.ha.dʒi]
짓이라고 생각했어,9,[tʃit̚.i.ɾa.ko.sɛŋ.kak̚.hɛt̚.ʌ],[dʒit̚.i.ɾa.go.sɛŋ.gak̚.hɛt̚.ʌ]
뭔지 알지도,9,[mwʌn.tʃi.al.tʃi.to],[mwʌn.tʃi.al.tʃi.do]
짓이라도 하면,9,[tʃit̚.i.ɾa.to.ha.mjʌn],[dʒit̚.i.ɾa.do.ha.mjʌn]
난 죽어가고 있어요,9,[nan.tʃuk̚.ʌ.ka.ko.it̚.ʌ.jo],[nan.dʒuk̚.ʌ.ga.go.it̚.ʌ.jo]
학교에서 일어난,9,[hak̚.kjo.e.sʌ.il.ʌ.nan],[hak̚.kjo.e.sʌ.il.ʌ.nan]
뭔지 이,9,[mwʌn.tʃi.i],[mwʌn.tʃi.i]
짓이야 너,9,[tʃit̚.i.ja.nʌ],[dʒit̚.i.ja.nʌ]
짓이야 네,9,[tʃit̚.i.ja.ne],[dʒit̚.i.ja.ne]
난 죽어버릴 거야,9,[nan.tʃuk̚.ʌ.pʌ.ɾil.kʌ.ja],[nan.dʒuk̚.ʌ.bʌ.ɾil.gʌ.ja]
짓이야 우리,9,[tʃit̚.i.ja.u.ɾi],[dʒit̚.i.ja.u.ɾi]
딱 열,9,[t͈ak̚.jʌl],[t͈ak̚.jʌl]
뭔지 저도,9,[mwʌn.tʃi.tʃʌ.to],[mwʌn.tʃi.dʒʌ.do]
학기 때,9,[hak̚.ki.t͈ɛ],[hak̚.ki.t͈ɛ]
And tell,9,,
짓인지 알,9,[tʃit̚.in.tʃi.al],[dʒit̚.in.tʃi.al]
짓인지 알고,9,[tʃit̚.in.tʃi.al.ko],[dʒit̚.in.tʃi.al.ko]
학년 때까지,9,[hak̚.njʌn.t͈ɛ.k͈a.tʃi],[hak̚.njʌn.t͈ɛ.k͈a.dʒi]
짓인지는 몰라도,9,[tʃit̚.in.tʃi.nɯn.mol.ɾa.to],[dʒit̚.in.tʃi.nɯn.mol.ɾa.do]
짓일 겁니다,9,[tʃit̚.il.kʌp̚.ni.ta],[dʒit̚.il.gʌp̚.ni.da]
학년 A반,9,[hak̚.njʌm.pan],[hak̚.njʌn.ban]
난 죽을 거예요,9,[nan.tʃuk̚.ɯl.kʌ.je.jo],[nan.dʒuk̚.ɯl.gʌ.je.jo]
하네 제가,9,[ha.ne.tʃe.ka],[ha.ne.dʒe.ga]
난 죽을거야,9,[nan.tʃuk̚.ɯl.kʌ.ja],[nan.dʒuk̚.ɯl.kʌ.ja]
짙은 회색,9,[tʃit̚.ɯn.hwe.sɛk̚],[dʒit̚.ɯn.hwe.sɛk̚]
학생 비자로,9,[hak̚.sɛm.pi.tʃa.ɾo],[hak̚.sɛŋ.bi.dʒa.ɾo]
짚고 넘어갈 게,9,[tʃip̚.ko.nʌm.ʌ.kal.ke],[dʒip̚.ko.nʌm.ʌ.gal.ge]
짚고 넘어가지,9,[tʃip̚.ko.nʌm.ʌ.ka.tʃi],[dʒip̚.ko.nʌm.ʌ.ga.dʒi]
골프 클럽을,9,[kol.pʰɯ.kʰɯl.ɾʌp̚.ɯl],[gol.pʰɯ.kʰɯl.ɾʌp̚.ɯl]
뭔지도 몰랐어요,9,[mwʌn.tʃi.to.mol.ɾat̚.ʌ.jo],[mwʌn.tʃi.do.mol.ɾat̚.ʌ.jo]
뭔진 나도,9,[mwʌn.tʃin.na.to],[mwʌn.tʃin.na.do]
짜고 친,9,[tʃ͈a.ko.tʃʰin],[tʃ͈a.go.tʃʰin]
짜고 한,9,[tʃ͈a.ko.han],[tʃ͈a.go.han]
짜야 할,9,[tʃ͈a.ja.hal],[tʃ͈a.ja.hal]
난 준비가 끝났어,9,[nan.tʃum.pi.ka.k͈ɯt̚.nat̚.ʌ],[nan.dʒum.pi.ga.k͈ɯt̚.nat̚.ʌ]
곁에 두려고,9,[kjʌt̚.e.tu.ɾjʌ.ko],[gjʌt̚.e.du.ɾjʌ.go]
병에 대한,9,[pjʌŋ.e.tɛ.han],[bjʌŋ.e.dɛ.han]
뭘 가지러,9,[mwʌl.ka.tʃi.ɾʌ],[mwʌl.ga.dʒi.ɾʌ]
짜증 섞인 숨을,9,[tʃ͈a.tʃɯŋ.sʌk̚.in.sum.ɯl],[tʃ͈a.dʒɯŋ.sʌk̚.in.sum.ɯl]
곁에 머물러,9,[kjʌt̚.e.mʌ.mul.ɾʌ],[gjʌt̚.e.mʌ.mul.ɾʌ]
짜증나는 건,9,[tʃ͈a.tʃɯŋ.na.nɯŋ.kʌn],[tʃ͈a.dʒɯŋ.na.nɯn.gʌn]
부상을 입었을,9,[pu.saŋ.ɯl.ip̚.ʌt̚.ɯl],[bu.saŋ.ɯl.ip̚.ʌt̚.ɯl]
뭘 고민해,9,[mwʌl.ko.min.hɛ],[mwʌl.go.min.hɛ]
난 중간에,9,[nan.tʃuŋ.kan.e],[nan.dʒuŋ.gan.e]
짝이 없어요,9,[tʃ͈ak̚.i.ʌp̚.ʌ.jo],[tʃ͈ak̚.i.ʌp̚.ʌ.jo]
짝이 없지,9,[tʃ͈ak̚.i.ʌp̚.tʃi],[tʃ͈ak̚.i.ʌp̚.tʃi]
짝이 없죠,9,[tʃ͈ak̚.i.ʌp̚.tʃjo],[tʃ͈ak̚.i.ʌp̚.tʃjo]
곁에 안,9,[kjʌt̚.e.an],[gjʌt̚.e.an]
뭘 그렇게 놀라요,9,[mwʌl.kɯ.ɾʌt̚.ke.nol.ɾa.jo],[mwʌl.gɯ.ɾʌt̚.ke.nol.ɾa.jo]
뭘 그렇게 봐요,9,[mwʌl.kɯ.ɾʌt̚.ke.pwa.jo],[mwʌl.gɯ.ɾʌt̚.ke.bwa.jo]
간 적이 있는데,9,[kan.tʃʌk̚.i.it̚.nɯn.te],[gan.dʒʌk̚.i.it̚.nɯn.te]
난 중학교,9,[nan.tʃuŋ.hak̚.kjo],[nan.dʒuŋ.hak̚.kjo]
곁에 앉아,9,[kjʌt̚.e.an.a],[gjʌt̚.e.an.a]
짧게 말하면,9,[tʃ͈al.ke.mal.ha.mjʌn],[tʃ͈al.ke.mal.ha.mjʌn]
짧았던 것,9,[tʃ͈al.at̚.tʌŋ.kʌt̚],[tʃ͈al.at̚.tʌn.gʌt̚]
뭘 그린,9,[mwʌl.kɯ.ɾin],[mwʌl.gɯ.ɾin]
딱 질색이니까,9,[t͈ak̚.tʃil.sɛk̚.i.ni.k͈a],[t͈ak̚.dʒil.sɛk̚.i.ni.k͈a]
한 가족입니다,9,[haŋ.ka.tʃok̚.ip̚.ni.ta],[han.ga.dʒok̚.ip̚.ni.da]
병원 내,9,[pjʌŋ.wʌn.nɛ],[bjʌŋ.wʌn.nɛ]
간 적이 있어요,9,[kan.tʃʌk̚.i.it̚.ʌ.jo],[gan.dʒʌk̚.i.it̚.ʌ.jo]
닉 그,9,[nik̚.kɯ],[nik̚.gɯ]
한 가지 말해,9,[haŋ.ka.tʃi.mal.hɛ],[han.ga.dʒi.mal.hɛ]
쩝 내며,9,[tʃ͈ʌp̚.nɛ.mjʌ],[tʃ͈ʌp̚.nɛ.mjʌ]
내가 아닌 걸,9,[nɛ.ka.a.niŋ.kʌl],[nɛ.ga.a.nin.gʌl]
병원 안내,9,[pjʌŋ.wʌn.an.nɛ],[bjʌŋ.wʌn.an.nɛ]
뭘 꼬나봐,9,[mwʌl.k͈o.na.pwa],[mwʌl.k͈o.na.bwa]
쪽 상황은,9,[tʃ͈ok̚.saŋ.hwaŋ.ɯn],[tʃ͈ok̚.saŋ.hwaŋ.ɯn]
쪽 일,9,[tʃ͈ok̚.il],[tʃ͈ok̚.il]
난 지금이 좋아,9,[nan.tʃi.kɯm.i.tʃot̚.a],[nan.dʒi.gɯm.i.dʒot̚.a]
쪽에서 연락이,9,[tʃ͈ok̚.e.sʌ.jʌl.lak̚.i],[tʃ͈ok̚.e.sʌ.jʌl.lak̚.i]
곁에 있기,9,[kjʌt̚.e.it̚.ki],[gjʌt̚.e.it̚.ki]
쪽으로 가고 있다,9,[tʃ͈ok̚.ɯ.ɾo.ka.ko.it̚.ta],[tʃ͈ok̚.ɯ.ɾo.ga.go.it̚.ta]
쪽으로 가고 있어요,9,[tʃ͈ok̚.ɯ.ɾo.ka.ko.it̚.ʌ.jo],[tʃ͈ok̚.ɯ.ɾo.ga.go.it̚.ʌ.jo]
쪽으로 가서,9,[tʃ͈ok̚.ɯ.ɾo.ka.sʌ],[tʃ͈ok̚.ɯ.ɾo.ga.sʌ]
DNA가 있어요,9,[ka.it̚.ʌ.jo],[ga.it̚.ʌ.jo]
난 지는,9,[nan.tʃi.nɯn],[nan.dʒi.nɯn]
not doing it,9,,
한 가지 질문을,9,[haŋ.ka.tʃi.tʃil.mun.ɯl],[han.ga.dʒi.dʒil.mun.ɯl]
쪽은 안,9,[tʃ͈ok̚.ɯn.an],[tʃ͈ok̚.ɯn.an]
곁에 있는 것,9,[kjʌt̚.e.it̚.nɯŋ.kʌt̚],[gjʌt̚.e.it̚.nɯn.gʌt̚]
쪽이든 우리는,9,[tʃ͈ok̚.i.tɯn.u.ɾi.nɯn],[tʃ͈ok̚.i.dɯn.u.ɾi.nɯn]
뭘 드릴까,9,[mwʌl.tɯ.ɾil.k͈a],[mwʌl.dɯ.ɾil.k͈a]
쫄지 말고,9,[tʃ͈ol.tʃi.mal.ko],[tʃ͈ol.tʃi.mal.ko]
뭘 드시겠습니까,9,[mwʌl.tɯ.si.ket̚.sɯp̚.ni.k͈a],[mwʌl.dɯ.si.get̚.sɯp̚.ni.k͈a]
뭘 드실,9,[mwʌl.tɯ.sil],[mwʌl.dɯ.sil]
병원에 가 봐야,9,[pjʌŋ.wʌn.e.ka.pwa.ja],[bjʌŋ.wʌn.e.ga.bwa.ja]
난 직장도,9,[nan.tʃik̚.tʃaŋ.to],[nan.dʒik̚.tʃaŋ.do]
난 직장이,9,[nan.tʃik̚.tʃaŋ.i],[nan.dʒik̚.tʃaŋ.i]
쫑알 쫑알 쫑알,9,[tʃ͈oŋ.al.tʃ͈oŋ.al.tʃ͈oŋ.al],[tʃ͈oŋ.al.tʃ͈oŋ.al.tʃ͈oŋ.al]
쫓겨날 수도,9,[tʃ͈ot̚.kjʌ.nal.su.to],[tʃ͈ot̚.kjʌ.nal.su.do]
쫓고 있다고요,9,[tʃ͈ot̚.ko.it̚.ta.ko.jo],[tʃ͈ot̚.ko.it̚.ta.go.jo]
쫓고 있었던,9,[tʃ͈ot̚.ko.it̚.ʌt̚.tʌn],[tʃ͈ot̚.ko.it̚.ʌt̚.tʌn]
뭘 만들지,9,[mwʌl.man.tɯl.tʃi],[mwʌl.man.tɯl.tʃi]
난 진심이에요,9,[nan.tʃin.sim.i.e.jo],[nan.dʒin.sim.i.e.jo]
난 진심이었어,9,[nan.tʃin.sim.i.ʌt̚.ʌ],[nan.dʒin.sim.i.ʌt̚.ʌ]
쫓는 데,9,[tʃ͈ot̚.nɯn.te],[tʃ͈ot̚.nɯn.de]
한 거 기억 안,9,[haŋ.kʌ.ki.ʌk̚.an],[han.gʌ.gi.ʌk̚.an]
곁에 있어야지,9,[kjʌt̚.e.it̚.ʌ.ja.tʃi],[gjʌt̚.e.it̚.ʌ.ja.dʒi]
뭘 먹어도,9,[mwʌl.mʌk̚.ʌ.to],[mwʌl.mʌk̚.ʌ.do]
쫓아올 수,9,[tʃ͈ot̚.a.ol.su],[tʃ͈ot̚.a.ol.su]
난 집에 가야 해,9,[nan.tʃip̚.e.ka.ja.hɛ],[nan.dʒip̚.e.ga.ja.hɛ]
쭉 가다가,9,[tʃ͈uk̚.ka.ta.ka],[tʃ͈uk̚.ga.da.ga]
병원에 계셔,9,[pjʌŋ.wʌn.e.kje.sjʌ],[bjʌŋ.wʌn.e.gje.sjʌ]
곁에 있어줄게,9,[kjʌt̚.e.it̚.ʌ.tʃul.ke],[gjʌt̚.e.it̚.ʌ.dʒul.ke]
한 가지 방법이야,9,[haŋ.ka.tʃi.pam.pʌp̚.i.ja],[han.ga.dʒi.baŋ.bʌp̚.i.ja]
난 집에 못,9,[nan.tʃip̚.e.mot̚],[nan.dʒip̚.e.mot̚]
쭉 들이켜요,9,[tʃ͈uk̚.tɯl.i.kʰjʌ.jo],[tʃ͈uk̚.dɯl.i.kʰjʌ.jo]
뭘 모른다는,9,[mwʌl.mo.ɾɯn.ta.nɯn],[mwʌl.mo.ɾɯn.ta.nɯn]
곁에 있어줘야,9,[kjʌt̚.e.it̚.ʌ.tʃwʌ.ja],[gjʌt̚.e.it̚.ʌ.dʒwʌ.ja]
쭉 펴,9,[tʃ͈uk̚.pʰjʌ],[tʃ͈uk̚.pʰjʌ]
뭘 물어보는,9,[mwʌl.mul.ʌ.po.nɯn],[mwʌl.mul.ʌ.bo.nɯn]
하누만 신에게 영광을,9,[ha.nu.man.sin.e.ke.jʌŋ.kwaŋ.ɯl],[ha.nu.man.sin.e.ge.jʌŋ.gwaŋ.ɯl]
딱 한 장만,9,[t͈ak̚.han.tʃaŋ.man],[t͈ak̚.han.dʒaŋ.man]
쯤 되는,9,[tʃ͈ɯn.twe.nɯn],[tʃ͈ɯm.dwe.nɯn]
뭘 물어봐요,9,[mwʌl.mul.ʌ.pwa.jo],[mwʌl.mul.ʌ.bwa.jo]
병원에 데려가요,9,[pjʌŋ.wʌn.e.te.ɾjʌ.ka.jo],[bjʌŋ.wʌn.e.de.ɾjʌ.ga.jo]
뭘 믿고 그렇게,9,[mwʌl.mit̚.ko.kɯ.ɾʌt̚.ke],[mwʌl.mit̚.ko.gɯ.ɾʌt̚.ke]
잘 표현할,9,[tʃal.pʰjo.hjʌn.hal],[dʒal.pʰjo.hjʌn.hal]
곁에 있었죠,9,[kjʌt̚.e.it̚.ʌt̚.tʃjo],[gjʌt̚.e.it̚.ʌt̚.tʃjo]
한 거야 왜,9,[haŋ.kʌ.ja.wɛ],[han.gʌ.ja.wɛ]
곁에 있었지,9,[kjʌt̚.e.it̚.ʌt̚.tʃi],[gjʌt̚.e.it̚.ʌt̚.tʃi]
한 거야 정말,9,[haŋ.kʌ.ja.tʃʌŋ.mal],[han.gʌ.ja.dʒʌŋ.mal]
뭘 받아,9,[mwʌl.pat̚.a],[mwʌl.bat̚.a]
찍고 있다,9,[tʃ͈ik̚.ko.it̚.ta],[tʃ͈ik̚.ko.it̚.ta]
혼자 있고 싶대,9,[hon.tʃa.it̚.ko.sip̚.tɛ],[hon.tʃa.it̚.ko.sip̚.tɛ]
뭘 배워,9,[mwʌl.pɛ.wʌ],[mwʌl.bɛ.wʌ]
간다 그렇게,9,[kan.ta.kɯ.ɾʌt̚.ke],[gan.ta.gɯ.ɾʌt̚.ke]
뭘 보고 있니,9,[mwʌl.po.ko.it̚.ni],[mwʌl.bo.go.it̚.ni]
뭘 보고 있지,9,[mwʌl.po.ko.it̚.tʃi],[mwʌl.bo.go.it̚.tʃi]
찍어야 하는데,9,[tʃ͈ik̚.ʌ.ja.ha.nɯn.te],[tʃ͈ik̚.ʌ.ja.ha.nɯn.te]
난 책임이,9,[nan.tʃʰɛk̚.im.i],[nan.tʃʰɛk̚.im.i]
한 건 너였잖아,9,[haŋ.kʌn.nʌ.jʌt̚.tʃan.a],[han.gʌn.nʌ.jʌt̚.tʃan.a]
뭘 보라고,9,[mwʌl.po.ɾa.ko],[mwʌl.bo.ɾa.go]
뭘 보란,9,[mwʌl.po.ɾan],[mwʌl.bo.ɾan]
한 건 당신,9,[haŋ.kʌn.taŋ.sin],[han.gʌn.daŋ.sin]
찍은 것도,9,[tʃ͈ik̚.ɯŋ.kʌt̚.to],[tʃ͈ik̚.ɯn.gʌt̚.to]
찍은 그,9,[tʃ͈ik̚.ɯŋ.kɯ],[tʃ͈ik̚.ɯn.gɯ]
간다 나도,9,[kan.ta.na.to],[gan.ta.na.do]
응 항상,9,[ɯŋ.haŋ.saŋ],[ɯŋ.haŋ.saŋ]
뭘 본 거죠,9,[mwʌl.poŋ.kʌ.tʃjo],[mwʌl.bon.gʌ.dʒjo]
찍은 이,9,[tʃ͈ik̚.ɯn.i],[tʃ͈ik̚.ɯn.i]
찍을 때는,9,[tʃ͈ik̚.ɯl.t͈ɛ.nɯn],[tʃ͈ik̚.ɯl.t͈ɛ.nɯn]
뭘 봤건,9,[mwʌl.pwat̚.kʌn],[mwʌl.bwat̚.kʌn]
찍지 말아요,9,[tʃ͈ik̚.tʃi.mal.a.jo],[tʃ͈ik̚.tʃi.mal.a.jo]
not for me,9,,
찍힌 사진이야,9,[tʃ͈ik̚.hin.sa.tʃin.i.ja],[tʃ͈ik̚.hin.sa.dʒin.i.ja]
찍힐 거야,9,[tʃ͈ik̚.hil.kʌ.ja],[tʃ͈ik̚.hil.gʌ.ja]
뭘 사려고,9,[mwʌl.sa.ɾjʌ.ko],[mwʌl.sa.ɾjʌ.go]
중간에 안,9,[tʃuŋ.kan.e.an],[dʒuŋ.gan.e.an]
혼자 있을 수 있는,9,[hon.tʃa.it̚.ɯl.su.it̚.nɯn],[hon.tʃa.it̚.ɯl.su.it̚.nɯn]
닐 마스켈,9,[nil.ma.sɯ.kʰel],[nil.ma.sɯ.kʰel]
찔린 채,9,[tʃ͈il.ɾin.tʃʰɛ],[tʃ͈il.ɾin.tʃʰɛ]
난 총도,9,[nan.tʃʰoŋ.to],[nan.tʃʰoŋ.do]
응급실에 가야,9,[ɯŋ.kɯp̚.sil.e.ka.ja],[ɯŋ.gɯp̚.sil.e.ga.ja]
뭘 설명해,9,[mwʌl.sʌl.mjʌŋ.hɛ],[mwʌl.sʌl.mjʌŋ.hɛ]
뭘 숨겨야,9,[mwʌl.sum.kjʌ.ja],[mwʌl.sum.kjʌ.ja]
곁에서 내,9,[kjʌt̚.e.sʌ.nɛ],[gjʌt̚.e.sʌ.nɛ]
난 최고야,9,[nan.tʃʰwe.ko.ja],[nan.tʃʰwe.go.ja]
차 가져왔어요,9,[tʃʰa.ka.tʃjʌ.wat̚.ʌ.jo],[tʃʰa.ga.dʒjʌ.wat̚.ʌ.jo]
뭘 숨기는 거죠,9,[mwʌl.sum.ki.nɯŋ.kʌ.tʃjo],[mwʌl.sum.ki.nɯn.gʌ.dʒjo]
in my life 내,9,[nɛ],[nɛ]
차 고치는,9,[tʃʰa.ko.tʃʰi.nɯn],[tʃʰa.go.tʃʰi.nɯn]
뭘 숨기려는,9,[mwʌl.sum.ki.ɾjʌ.nɯn],[mwʌl.sum.ki.ɾjʌ.nɯn]
난 최선을 다하고 있어,9,[nan.tʃʰwe.sʌn.ɯl.ta.ha.ko.it̚.ʌ],[nan.tʃʰwe.sʌn.ɯl.da.ha.go.it̚.ʌ]
차 끓여,9,[tʃʰa.k͈ɯl.jʌ],[tʃʰa.k͈ɯl.jʌ]
그만 앉아,9,[kɯ.man.an.a],[gɯ.man.an.a]
차 대전 중 가장,9,[tʃʰa.tɛ.tʃʌn.tʃuŋ.ka.tʃaŋ],[tʃʰa.dɛ.dʒʌn.dʒuŋ.ga.dʒaŋ]
차 대전은,9,[tʃʰa.tɛ.tʃʌn.ɯn],[tʃʰa.dɛ.dʒʌn.ɯn]
한 걸음 앞으로,9,[haŋ.kʌl.ɯm.ap̚.ɯ.ɾo],[han.gʌl.ɯm.ap̚.ɯ.ɾo]
딴 건 몰라도,9,[t͈aŋ.kʌn.mol.ɾa.to],[t͈an.gʌn.mol.ɾa.do]
뭘 쓰는데,9,[mwʌl.s͈ɯ.nɯn.te],[mwʌl.s͈ɯ.nɯn.te]
뭘 쓰는지,9,[mwʌl.s͈ɯ.nɯn.tʃi],[mwʌl.s͈ɯ.nɯn.tʃi]
차 뒷좌석에서,9,[tʃʰa.twit̚.tʃwa.sʌk̚.e.sʌ],[tʃʰa.dwit̚.tʃwa.sʌk̚.e.sʌ]
뭘 쓴,9,[mwʌl.s͈ɯn],[mwʌl.s͈ɯn]
차 들어오는,9,[tʃʰa.tɯl.ʌ.o.nɯn],[tʃʰa.dɯl.ʌ.o.nɯn]
차 리모컨,9,[tʃʰa.ɾi.mo.kʰʌn],[tʃʰa.ɾi.mo.kʰʌn]
감정이 없다는,9,[kan.tʃʌŋ.i.ʌp̚.ta.nɯn],[gan.tʃʌŋ.i.ʌp̚.ta.nɯn]
차 마시면서,9,[tʃʰa.ma.si.mjʌn.sʌ],[tʃʰa.ma.si.mjʌn.sʌ]
뭘 아는지 알아봐,9,[mwʌl.a.nɯn.tʃi.al.a.pwa],[mwʌl.a.nɯn.tʃi.al.a.bwa]
부순 것,9,[pu.suŋ.kʌt̚],[bu.sun.gʌt̚]
차 부검을,9,[tʃʰa.pu.kʌm.ɯl],[tʃʰa.bu.gʌm.ɯl]
그만 우리,9,[kɯ.man.u.ɾi],[gɯ.man.u.ɾi]
혼자 처리할,9,[hon.tʃa.tʃʰʌ.ɾi.hal],[hon.tʃa.tʃʰʌ.ɾi.hal]
딴 남자한테,9,[t͈an.nan.tʃa.han.tʰe],[t͈an.nan.tʃa.han.tʰe]
차 세계 대전 이후,9,[tʃʰa.se.kje.tɛ.tʃʌn.i.hu],[tʃʰa.se.gje.dɛ.dʒʌn.i.hu]
차 세계 대전에서,9,[tʃʰa.se.kje.tɛ.tʃʌn.e.sʌ],[tʃʰa.se.gje.dɛ.dʒʌn.e.sʌ]
차 세계 대전의,9,[tʃʰa.se.kje.tɛ.tʃʌn.ɯi],[tʃʰa.se.gje.dɛ.dʒʌn.ɯi]
혼자 하기,9,[hon.tʃa.ha.ki],[hon.tʃa.ha.gi]
차 세계대전을,9,[tʃʰa.se.kje.tɛ.tʃʌn.ɯl],[tʃʰa.se.gje.dɛ.dʒʌn.ɯl]
차 세우는,9,[tʃʰa.se.u.nɯn],[tʃʰa.se.u.nɯn]
차 세워봐,9,[tʃʰa.se.wʌ.pwa],[tʃʰa.se.wʌ.bwa]
아니 땐,9,[a.ni.t͈ɛn],[a.ni.t͈ɛn]
난 카터야,9,[naŋ.kʰa.tʰʌ.ja],[naŋ.kʰa.tʰʌ.ja]
응원하는 거야,9,[ɯŋ.wʌn.ha.nɯŋ.kʌ.ja],[ɯŋ.wʌn.ha.nɯn.gʌ.ja]
차 아래에,9,[tʃʰa.a.ɾɛ.e],[tʃʰa.a.ɾɛ.e]
곁을 지켰죠,9,[kjʌt̚.ɯl.tʃi.kʰjʌt̚.tʃjo],[gjʌt̚.ɯl.dʒi.kʰjʌt̚.tʃjo]
차 안에서요,9,[tʃʰa.an.e.sʌ.jo],[tʃʰa.an.e.sʌ.jo]
차 어디서,9,[tʃʰa.ʌ.ti.sʌ],[tʃʰa.ʌ.di.sʌ]
난 커피를,9,[naŋ.kʰʌ.pʰi.ɾɯl],[naŋ.kʰʌ.pʰi.ɾɯl]
곳 마다,9,[kot̚.ma.ta],[got̚.ma.da]
부숴야 해,9,[pu.swʌ.ja.hɛ],[bu.swʌ.ja.hɛ]
차 열쇠도,9,[tʃʰa.jʌl.swe.to],[tʃʰa.jʌl.swe.do]
뭘 어쩌든,9,[mwʌl.ʌ.tʃ͈ʌ.tɯn],[mwʌl.ʌ.tʃ͈ʌ.dɯn]
간다 여기,9,[kan.ta.jʌ.ki],[gan.ta.jʌ.gi]
계급장 떼고,9,[kje.kɯp̚.tʃaŋ.t͈e.ko],[gje.gɯp̚.tʃaŋ.t͈e.go]
딴 데 가서 해,9,[t͈an.te.ka.sʌ.hɛ],[t͈an.de.ga.sʌ.hɛ]
뭘 어쩔거냐고 개새끼들아,9,[mwʌl.ʌ.tʃ͈ʌl.kʌ.nja.ko.kɛ.sɛ.k͈i.tɯl.a],[mwʌl.ʌ.tʃ͈ʌl.kʌ.nja.go.gɛ.sɛ.k͈i.dɯl.a]
난 큰일,9,[naŋ.kʰɯn.il],[naŋ.kʰɯn.il]
한 게 아니고,9,[haŋ.ke.a.ni.ko],[han.ge.a.ni.go]
차 주인은,9,[tʃʰa.tʃu.in.ɯn],[tʃʰa.dʒu.in.ɯn]
의 공격력은,9,[ɯi.koŋ.kjʌk̚.ɾjʌk̚.ɯn],[ɯi.goŋ.gjʌk̚.ɾjʌk̚.ɯn]
난 클럽,9,[naŋ.kʰɯl.ɾʌp̚],[naŋ.kʰɯl.ɾʌp̚]
뭘 얻지,9,[mwʌl.ʌt̚.tʃi],[mwʌl.ʌt̚.tʃi]
둘이나 더,9,[tul.i.na.tʌ],[dul.i.na.dʌ]
중국어 할,9,[tʃuŋ.kuk̚.ʌ.hal],[dʒuŋ.guk̚.ʌ.hal]
한 게 아닌,9,[haŋ.ke.a.nin],[han.ge.a.nin]
뭘 원하고,9,[mwʌl.wʌn.ha.ko],[mwʌl.wʌn.ha.go]
차 타면,9,[tʃʰa.tʰa.mjʌn],[tʃʰa.tʰa.mjʌn]
계단 내려오는,9,[kje.tan.nɛ.ɾjʌ.o.nɯn],[gje.dan.nɛ.ɾjʌ.o.nɯn]
다 가리고,9,[ta.ka.ɾi.ko],[da.ga.ɾi.go]
차 한대,9,[tʃʰa.han.tɛ],[tʃʰa.han.tɛ]
간다 이런,9,[kan.ta.i.ɾʌn],[gan.ta.i.ɾʌn]
차 해발,9,[tʃʰa.hɛ.pal],[tʃʰa.hɛ.bal]
무언가를 위해,9,[mu.ʌŋ.ka.ɾɯl.wi.hɛ],[mu.ʌŋ.ka.ɾɯl.wi.hɛ]
Not just,9,,
뭘 원하시는 거죠,9,[mwʌl.wʌn.ha.si.nɯŋ.kʌ.tʃjo],[mwʌl.wʌn.ha.si.nɯn.gʌ.dʒjo]
차가 발견됐어요,9,[tʃʰa.ka.pal.kjʌn.twɛt̚.ʌ.jo],[tʃʰa.ga.bal.kjʌn.twɛt̚.ʌ.jo]
차가 서,9,[tʃʰa.ka.sʌ],[tʃʰa.ga.sʌ]
Make the,9,,
뭘 위해 싸우는,9,[mwʌl.wi.hɛ.s͈a.u.nɯn],[mwʌl.wi.hɛ.s͈a.u.nɯn]
난 특별해,9,[nan.tʰɯk̚.pjʌl.hɛ],[nan.tʰɯk̚.pjʌl.hɛ]
내 자켓,9,[nɛ.tʃa.kʰet̚],[nɛ.dʒa.kʰet̚]
병은 다,9,[pjʌŋ.ɯn.ta],[bjʌŋ.ɯn.da]
I called you,9,,
뭘 입고 있지,9,[mwʌl.ip̚.ko.it̚.tʃi],[mwʌl.ip̚.ko.it̚.tʃi]
의 일부가,9,[ɯi.il.pu.ka],[ɯi.il.pu.ga]
난 팀,9,[nan.tʰim],[nan.tʰim]
뭘 입을,9,[mwʌl.ip̚.ɯl],[mwʌl.ip̚.ɯl]
차고에서 말이야,9,[tʃʰa.ko.e.sʌ.mal.i.ja],[tʃʰa.go.e.sʌ.mal.i.ja]
난 파리,9,[nam.pʰa.ɾi],[nam.pʰa.ɾi]
차근차근 말해,9,[tʃʰa.kɯn.tʃʰa.kɯn.mal.hɛ],[tʃʰa.gɯn.tʃʰa.gɯn.mal.hɛ]
그만 정신,9,[kɯ.man.tʃʌŋ.sin],[gɯ.man.dʒʌŋ.sin]
차나 한,9,[tʃʰa.na.han],[tʃʰa.na.han]
차나 한 잔,9,[tʃʰa.na.han.tʃan],[tʃʰa.na.han.dʒan]
곳 아닌가요,9,[kot̚.a.niŋ.ka.jo],[got̚.a.niŋ.ka.jo]
혼자가 좋아,9,[hon.tʃa.ka.tʃot̚.a],[hon.tʃa.ga.dʒot̚.a]
한 그 사람,9,[haŋ.kɯ.sa.ɾam],[han.gɯ.sa.ɾam]
곳 아무,9,[kot̚.a.mu],[got̚.a.mu]
뭘 저렇게,9,[mwʌl.tʃʌ.ɾʌt̚.ke],[mwʌl.dʒʌ.ɾʌt̚.ke]
아니 아빠가,9,[a.ni.a.p͈a.ka],[a.ni.a.p͈a.ga]
차는 정비소에,9,[tʃʰa.nɯn.tʃʌm.pi.so.e],[tʃʰa.nɯn.dʒʌŋ.bi.so.e]
차는 필요,9,[tʃʰa.nɯm.pʰil.jo],[tʃʰa.nɯm.pʰil.jo]
난 편히,9,[nam.pʰjʌn.hi],[nam.pʰjʌn.hi]
난 평범하게,9,[nam.pʰjʌm.pʌm.ha.ke],[nam.pʰjʌŋ.bʌm.ha.ge]
한 그릇에,9,[haŋ.kɯ.ɾɯt̚.e],[han.gɯ.ɾɯt̚.e]
차대전 때,9,[tʃʰa.tɛ.tʃʌn.t͈ɛ],[tʃʰa.dɛ.dʒʌn.t͈ɛ]
내 잘못은 아니야,9,[nɛ.tʃal.mot̚.ɯn.a.ni.ja],[nɛ.dʒal.mot̚.ɯn.a.ni.ja]
차도 있어,9,[tʃʰa.to.it̚.ʌ],[tʃʰa.do.it̚.ʌ]
하는 거 있어,9,[ha.nɯŋ.kʌ.it̚.ʌ],[ha.nɯn.gʌ.it̚.ʌ]
계단을 오르고,9,[kje.tan.ɯl.o.ɾɯ.ko],[gje.dan.ɯl.o.ɾɯ.go]
뭘 좋아했는지,9,[mwʌl.tʃot̚.a.hɛt̚.nɯn.tʃi],[mwʌl.dʒot̚.a.hɛt̚.nɯn.tʃi]
차라리 당신이,9,[tʃʰa.ɾa.ɾi.taŋ.sin.i],[tʃʰa.ɾa.ɾi.daŋ.sin.i]
계단을 이용해,9,[kje.tan.ɯl.i.joŋ.hɛ],[gje.dan.ɯl.i.joŋ.hɛ]
의견 때문에,9,[ɯi.kjʌn.t͈ɛ.mun.e],[ɯi.gjʌn.t͈ɛ.mun.e]
의견 없어,9,[ɯi.kjʌn.ʌp̚.ʌ],[ɯi.gjʌn.ʌp̚.ʌ]
뭘 준비했어,9,[mwʌl.tʃum.pi.hɛt̚.ʌ],[mwʌl.dʒum.pi.hɛt̚.ʌ]
뭘 준비했는지,9,[mwʌl.tʃum.pi.hɛt̚.nɯn.tʃi],[mwʌl.dʒum.pi.hɛt̚.nɯn.tʃi]
뭘 줄 수 있지,9,[mwʌl.tʃul.su.it̚.tʃi],[mwʌl.dʒul.su.it̚.tʃi]
차라리 죽여,9,[tʃʰa.ɾa.ɾi.tʃuk̚.jʌ],[tʃʰa.ɾa.ɾi.dʒuk̚.jʌ]
난 포르노,9,[nam.pʰo.ɾɯ.no],[nam.pʰo.ɾɯ.no]
보 랜돌프의,9,[po.ɾɛn.tol.pʰɯ.ɯi],[bo.ɾɛn.tol.pʰɯ.ɯi]
뭘 증명할,9,[mwʌl.tʃɯŋ.mjʌŋ.hal],[mwʌl.dʒɯŋ.mjʌŋ.hal]
부에나 부에나 메디시나,9,[pu.e.na.pu.e.na.me.ti.si.na],[bu.e.na.bu.e.na.me.di.si.na]
차량 통행을,9,[tʃʰa.ɾjaŋ.tʰoŋ.hɛŋ.ɯl],[tʃʰa.ɾjaŋ.tʰoŋ.hɛŋ.ɯl]
차량 통행이,9,[tʃʰa.ɾjaŋ.tʰoŋ.hɛŋ.i],[tʃʰa.ɾjaŋ.tʰoŋ.hɛŋ.i]
뭘 찾고 있어,9,[mwʌl.tʃʰat̚.ko.it̚.ʌ],[mwʌl.tʃʰat̚.ko.it̚.ʌ]
뭘 찾고 있었던,9,[mwʌl.tʃʰat̚.ko.it̚.ʌt̚.tʌn],[mwʌl.tʃʰat̚.ko.it̚.ʌt̚.tʌn]
뭘 찾고 있지,9,[mwʌl.tʃʰat̚.ko.it̚.tʃi],[mwʌl.tʃʰat̚.ko.it̚.tʃi]
to let you know,9,,
곳 없이,9,[kot̚.ʌp̚.i],[got̚.ʌp̚.i]
차려 넌,9,[tʃʰa.ɾjʌ.nʌn],[tʃʰa.ɾjʌ.nʌn]
한 놈도 남김없이,9,[han.non.to.nam.kim.ʌp̚.i],[han.non.to.nam.kim.ʌp̚.i]
난 프레쉬 오프,9,[nam.pʰɯ.ɾe.swi.o.pʰɯ],[nam.pʰɯ.ɾe.swi.o.pʰɯ]
난 프레쉬 오프 더,9,[nam.pʰɯ.ɾe.swi.o.pʰɯ.tʌ],[nam.pʰɯ.ɾe.swi.o.pʰɯ.dʌ]
뭘 찾든,9,[mwʌl.tʃʰat̚.tɯn],[mwʌl.tʃʰat̚.tɯn]
뭘 찾아냈지,9,[mwʌl.tʃʰat̚.a.nɛt̚.tʃi],[mwʌl.tʃʰat̚.a.nɛt̚.tʃi]
그만 좀 하고,9,[kɯ.man.tʃom.ha.ko],[gɯ.man.dʒom.ha.go]
Got to be true,9,,
차례가 오면,9,[tʃʰa.ɾje.ka.o.mjʌn],[tʃʰa.ɾje.ga.o.mjʌn]
not having,9,,
차례야 어서,9,[tʃʰa.ɾje.ja.ʌ.sʌ],[tʃʰa.ɾje.ja.ʌ.sʌ]
차례예요 난,9,[tʃʰa.ɾje.je.jo.nan],[tʃʰa.ɾje.je.jo.nan]
난 피자,9,[nam.pʰi.tʃa],[nam.pʰi.dʒa]
계산 중이야,9,[kje.san.tʃuŋ.i.ja],[gje.san.dʒuŋ.i.ja]
차로 돌아가세요,9,[tʃʰa.ɾo.tol.a.ka.se.jo],[tʃʰa.ɾo.dol.a.ga.se.jo]
차로 칠,9,[tʃʰa.ɾo.tʃʰil],[tʃʰa.ɾo.tʃʰil]
차를 끓여,9,[tʃʰa.ɾɯl.k͈ɯl.jʌ],[tʃʰa.ɾɯl.k͈ɯl.jʌ]
차를 멈춰,9,[tʃʰa.ɾɯl.mʌn.tʃʰwʌ],[tʃʰa.ɾɯl.mʌn.tʃʰwʌ]
차를 몇,9,[tʃʰa.ɾɯl.mjʌt̚],[tʃʰa.ɾɯl.mjʌt̚]
한 달 간,9,[han.tal.kan],[han.dal.gan]
뭘 하고 싶은데요,9,[mwʌl.ha.ko.sip̚.ɯn.te.jo],[mwʌl.ha.go.sip̚.ɯn.te.jo]
차를 보면,9,[tʃʰa.ɾɯl.po.mjʌn],[tʃʰa.ɾɯl.bo.mjʌn]
뭘 하고 있는 거죠,9,[mwʌl.ha.ko.it̚.nɯŋ.kʌ.tʃjo],[mwʌl.ha.go.it̚.nɯn.gʌ.dʒjo]
차를 세웠을,9,[tʃʰa.ɾɯl.se.wʌt̚.ɯl],[tʃʰa.ɾɯl.se.wʌt̚.ɯl]
한 대 맞기,9,[han.tɛ.mat̚.ki],[han.dɛ.mat̚.ki]
차를 조르르 따른다,9,[tʃʰa.ɾɯl.tʃo.ɾɯ.ɾɯ.t͈a.ɾɯn.ta],[tʃʰa.ɾɯl.dʒo.ɾɯ.ɾɯ.t͈a.ɾɯn.ta]
차를 조르르,9,[tʃʰa.ɾɯl.tʃo.ɾɯ.ɾɯ],[tʃʰa.ɾɯl.dʒo.ɾɯ.ɾɯ]
뭘 하고 있을까요,9,[mwʌl.ha.ko.it̚.ɯl.k͈a.jo],[mwʌl.ha.go.it̚.ɯl.k͈a.jo]
뭘 하고있는지,9,[mwʌl.ha.ko.it̚.nɯn.tʃi],[mwʌl.ha.go.it̚.nɯn.tʃi]
혼쭐을 내줘,9,[hon.tʃ͈ul.ɯl.lɛ.tʃwʌ],[hon.tʃ͈ul.ɯl.lɛ.dʒwʌ]
뭘 하는 거요,9,[mwʌl.ha.nɯŋ.kʌ.jo],[mwʌl.ha.nɯn.gʌ.jo]
홀든 콜필드는,9,[hol.tɯŋ.kʰol.pʰil.tɯ.nɯn],[hol.tɯŋ.kʰol.pʰil.tɯ.nɯn]
차린 거야,9,[tʃʰa.ɾiŋ.kʌ.ja],[tʃʰa.ɾin.gʌ.ja]
난 한참을 머뭇거리고,9,[nan.han.tʃʰam.ɯl.mʌ.mut̚.kʌ.ɾi.ko],[nan.han.tʃʰam.ɯl.mʌ.mut̚.kʌ.ɾi.go]
홀딱 반했다,9,[hol.t͈ak̚.pan.hɛt̚.ta],[hol.t͈ak̚.ban.hɛt̚.ta]
보게 만들고,9,[po.ke.man.tɯl.ko],[bo.ge.man.tɯl.ko]
차릴 필요,9,[tʃʰa.ɾil.pʰil.jo],[tʃʰa.ɾil.pʰil.jo]
차마 말,9,[tʃʰa.ma.mal],[tʃʰa.ma.mal]
의도는 아니었습니다,9,[ɯi.to.nɯn.a.ni.ʌt̚.sɯp̚.ni.ta],[ɯi.do.nɯn.a.ni.ʌt̚.sɯp̚.ni.da]
의도를 가진,9,[ɯi.to.ɾɯl.ka.tʃin],[ɯi.do.ɾɯl.ga.dʒin]
차에 GPS,9,[tʃʰa.e],[tʃʰa.e]
계산해 보니,9,[kje.san.hɛ.po.ni],[gje.san.hɛ.bo.ni]
난 할 수 있다고,9,[nan.hal.su.it̚.ta.ko],[nan.hal.su.it̚.ta.go]
차에 넣어,9,[tʃʰa.e.nʌt̚.ʌ],[tʃʰa.e.nʌt̚.ʌ]
차에 들어가서,9,[tʃʰa.e.tɯl.ʌ.ka.sʌ],[tʃʰa.e.dɯl.ʌ.ga.sʌ]
뭘 하라는 거죠,9,[mwʌl.ha.ɾa.nɯŋ.kʌ.tʃjo],[mwʌl.ha.ɾa.nɯn.gʌ.dʒjo]
한 마디에,9,[han.ma.ti.e],[han.ma.di.e]
부인 그렇게,9,[pu.iŋ.kɯ.ɾʌt̚.ke],[bu.in.gɯ.ɾʌt̚.ke]
차에 치였어,9,[tʃʰa.e.tʃʰi.jʌt̚.ʌ],[tʃʰa.e.tʃʰi.jʌt̚.ʌ]
차에 키를,9,[tʃʰa.e.kʰi.ɾɯl],[tʃʰa.e.kʰi.ɾɯl]
간다고 했거든,9,[kan.ta.ko.hɛt̚.kʌ.tɯn],[gan.ta.go.hɛt̚.kʌ.dɯn]
보게 해주지,9,[po.ke.hɛ.tʃu.tʃi],[bo.ge.hɛ.dʒu.dʒi]
한 마디만 하면,9,[han.ma.ti.man.ha.mjʌn],[han.ma.di.man.ha.mjʌn]
한 마리라도,9,[han.ma.ɾi.ɾa.to],[han.ma.ɾi.ɾa.do]
차에 타야,9,[tʃʰa.e.tʰa.ja],[tʃʰa.e.tʰa.ja]
딸 한,9,[t͈al.han],[t͈al.han]
차에 태우는,9,[tʃʰa.e.tʰɛ.u.nɯn],[tʃʰa.e.tʰɛ.u.nɯn]
차에 태울,9,[tʃʰa.e.tʰɛ.ul],[tʃʰa.e.tʰɛ.ul]
차에 폭탄을,9,[tʃʰa.e.pʰok̚.tʰan.ɯl],[tʃʰa.e.pʰok̚.tʰan.ɯl]
차에 혼자,9,[tʃʰa.e.hon.tʃa],[tʃʰa.e.hon.tʃa]
난 항상 그래,9,[nan.haŋ.saŋ.kɯ.ɾɛ],[nan.haŋ.saŋ.gɯ.ɾɛ]
한 말 기억하지,9,[han.mal.ki.ʌk̚.ha.tʃi],[han.mal.gi.ʌk̚.ha.dʒi]
난 항상 그렇게,9,[nan.haŋ.saŋ.kɯ.ɾʌt̚.ke],[nan.haŋ.saŋ.gɯ.ɾʌt̚.ke]
뭘 하자고,9,[mwʌl.ha.tʃa.ko],[mwʌl.ha.dʒa.go]
차에서 봐,9,[tʃʰa.e.sʌ.pwa],[tʃʰa.e.sʌ.bwa]
간다고 했을,9,[kan.ta.ko.hɛt̚.ɯl],[gan.ta.go.hɛt̚.ɯl]
한 말 아냐,9,[han.mal.a.nja],[han.mal.a.nja]
보고 c,9,[po.ko],[bo.go]
뭘 한 건지,9,[mwʌl.haŋ.kʌn.tʃi],[mwʌl.han.gʌn.tʃi]
혼잣말을 하고,9,[hon.tʃat̚.mal.ɯl.ha.ko],[hon.tʃat̚.mal.ɯl.ha.go]
보고 가는,9,[po.ko.ka.nɯn],[bo.go.ga.nɯn]
not kidding,9,,
난 항상 우리가,9,[nan.haŋ.saŋ.u.ɾi.ka],[nan.haŋ.saŋ.u.ɾi.ga]
내 저,9,[nɛ.tʃʌ],[nɛ.dʒʌ]
차원을 복구할,9,[tʃʰa.wʌn.ɯl.pok̚.ku.hal],[tʃʰa.wʌn.ɯl.bok̚.ku.hal]
뭘 할 것,9,[mwʌl.hal.kʌt̚],[mwʌl.hal.gʌt̚]
차이 없어,9,[tʃʰa.i.ʌp̚.ʌ],[tʃʰa.i.ʌp̚.ʌ]
한 말을 다시,9,[han.mal.ɯl.ta.si],[han.mal.ɯl.da.si]
차이가 뭔데,9,[tʃʰa.i.ka.mwʌn.te],[tʃʰa.i.ga.mwʌn.te]
차이가 크죠,9,[tʃʰa.i.ka.kʰɯ.tʃjo],[tʃʰa.i.ga.kʰɯ.dʒjo]
그만 퇴근합시다,9,[kɯ.man.tʰwe.kɯn.hap̚.si.ta],[gɯ.man.tʰwe.gɯn.hap̚.si.da]
의료 장비를,9,[ɯi.ɾjo.tʃam.pi.ɾɯl],[ɯi.ɾjo.dʒaŋ.bi.ɾɯl]
홈즈 씨는,9,[hon.tʃɯ.s͈i.nɯn],[hon.tʃɯ.s͈i.nɯn]
not let,9,,
차이점이 뭔지,9,[tʃʰa.i.tʃʌm.i.mwʌn.tʃi],[tʃʰa.i.dʒʌm.i.mwʌn.tʃi]
뭘 할지 알아요,9,[mwʌl.hal.tʃi.al.a.jo],[mwʌl.hal.tʃi.al.a.jo]
의료 행위를,9,[ɯi.ɾjo.hɛŋ.wi.ɾɯl],[ɯi.ɾjo.hɛŋ.wi.ɾɯl]
난 해야만,9,[nan.hɛ.ja.man],[nan.hɛ.ja.man]
의뢰인의 혐의를,9,[ɯi.ɾwe.in.ɯi.hjʌm.ɯi.ɾɯl],[ɯi.ɾwe.in.ɯi.hjʌm.ɯi.ɾɯl]
계세요 안녕히 계세요,9,[kje.se.jo.an.njʌŋ.hi.kje.se.jo],[gje.se.jo.an.njʌŋ.hi.gje.se.jo]
한 맹세를,9,[han.mɛŋ.se.ɾɯl],[han.mɛŋ.se.ɾɯl]
난 했어,9,[nan.hɛt̚.ʌ],[nan.hɛt̚.ʌ]
계세요 어디,9,[kje.se.jo.ʌ.ti],[gje.se.jo.ʌ.di]
차질이 생겼어요,9,[tʃʰa.tʃil.i.sɛŋ.kjʌt̚.ʌ.jo],[tʃʰa.dʒil.i.sɛŋ.gjʌt̚.ʌ.jo]
하는 거예요 그래서,9,[ha.nɯŋ.kʌ.je.jo.kɯ.ɾɛ.sʌ],[ha.nɯn.gʌ.je.jo.gɯ.ɾɛ.sʌ]
그만 포기해요,9,[kɯ.mam.pʰo.ki.hɛ.jo],[gɯ.mam.pʰo.gi.hɛ.jo]
뭘 해야 하는 거죠,9,[mwʌl.hɛ.ja.ha.nɯŋ.kʌ.tʃjo],[mwʌl.hɛ.ja.ha.nɯn.gʌ.dʒjo]
부인 몰래,9,[pu.in.mol.ɾɛ],[bu.in.mol.ɾɛ]
not letting you,9,,
계세요 왜,9,[kje.se.jo.wɛ],[gje.se.jo.wɛ]
착각하지 마요,9,[tʃʰak̚.kak̚.ha.tʃi.ma.jo],[tʃʰak̚.kak̚.ha.dʒi.ma.jo]
뭘 해야 할지 알,9,[mwʌl.hɛ.ja.hal.tʃi.al],[mwʌl.hɛ.ja.hal.tʃi.al]
뭘 해야 할지 알겠어,9,[mwʌl.hɛ.ja.hal.tʃi.al.ket̚.ʌ],[mwʌl.hɛ.ja.hal.tʃi.al.ket̚.ʌ]
아니겠지만 내가,9,[a.ni.ket̚.tʃi.man.nɛ.ka],[a.ni.get̚.tʃi.man.nɛ.ga]
착륙 지점에,9,[tʃʰak̚.ɾjuk̚.tʃi.tʃʌm.e],[tʃʰak̚.ɾjuk̚.dʒi.dʒʌm.e]
한 명 있었어요,9,[han.mjʌŋ.it̚.ʌt̚.ʌ.jo],[han.mjʌŋ.it̚.ʌt̚.ʌ.jo]
착륙시킬 수,9,[tʃʰak̚.ɾjuk̚.si.kʰil.su],[tʃʰak̚.ɾjuk̚.si.kʰil.su]
난 현재,9,[nan.hjʌn.tʃɛ],[nan.hjʌn.tʃɛ]
한 명만 있으면,9,[han.mjʌŋ.man.it̚.ɯ.mjʌn],[han.mjʌŋ.man.it̚.ɯ.mjʌn]
홍주가 흐느낀다,9,[hoŋ.tʃu.ka.hɯ.nɯ.k͈in.ta],[hoŋ.dʒu.ga.hɯ.nɯ.k͈in.ta]
난 형부를,9,[nan.hjʌm.pu.ɾɯl],[nan.hjʌŋ.bu.ɾɯl]
보고 된,9,[po.ko.twen],[bo.go.dwen]
착하게 굴라고,9,[tʃʰak̚.ha.ke.kul.ɾa.ko],[tʃʰak̚.ha.ge.gul.ɾa.go]
착하고 순수한,9,[tʃʰak̚.ha.ko.sun.su.han],[tʃʰak̚.ha.go.sun.su.han]
난 호텔,9,[nan.ho.tʰel],[nan.ho.tʰel]
딸에게 무슨 일이,9,[t͈al.e.ke.mu.sɯn.il.i],[t͈al.e.ge.mu.sɯn.il.i]
의문을 갖고,9,[ɯi.mun.ɯl.kat̚.ko],[ɯi.mun.ɯl.gat̚.ko]
부인 앞으로,9,[pu.in.ap̚.ɯ.ɾo],[bu.in.ap̚.ɯ.ɾo]
봐서 내가,9,[pwa.sʌ.nɛ.ka],[bwa.sʌ.nɛ.ga]
난 혼자 일해,9,[nan.hon.tʃa.il.hɛ],[nan.hon.tʃa.il.hɛ]
착한 사람이고,9,[tʃʰak̚.han.sa.ɾam.i.ko],[tʃʰak̚.han.sa.ɾam.i.go]
내 전부였어,9,[nɛ.tʃʌm.pu.jʌt̚.ʌ],[nɛ.dʒʌm.pu.jʌt̚.ʌ]
착한 사마리아인,9,[tʃʰak̚.han.sa.ma.ɾi.a.in],[tʃʰak̚.han.sa.ma.ɾi.a.in]
착한 소녀가,9,[tʃʰak̚.han.so.njʌ.ka],[tʃʰak̚.han.so.njʌ.ga]
그만 하시오,9,[kɯ.man.ha.si.o],[gɯ.man.ha.si.o]
간단하게 말하면,9,[kan.tan.ha.ke.mal.ha.mjʌn],[gan.tan.ha.ge.mal.ha.mjʌn]
착한 애고,9,[tʃʰak̚.han.ɛ.ko],[tʃʰak̚.han.ɛ.go]
뭘로 하실래요,9,[mwʌl.ɾo.ha.sil.ɾɛ.jo],[mwʌl.ɾo.ha.sil.ɾɛ.jo]
착한 여자가,9,[tʃʰak̚.han.jʌ.tʃa.ka],[tʃʰak̚.han.jʌ.dʒa.ga]
다 거기로,9,[ta.kʌ.ki.ɾo],[da.gʌ.gi.ɾo]
찬 거예요,9,[tʃʰaŋ.kʌ.je.jo],[tʃʰan.gʌ.je.jo]
찬 거지,9,[tʃʰaŋ.kʌ.tʃi],[tʃʰan.gʌ.dʒi]
뭣 좀 물어봐도,9,[mwʌt̚.tʃom.mul.ʌ.pwa.to],[mwʌt̚.dʒom.mul.ʌ.bwa.do]
찬 비명,9,[tʃʰam.pi.mjʌŋ],[tʃʰan.bi.mjʌŋ]
뭣도 모르면서,9,[mwʌt̚.to.mo.ɾɯ.mjʌn.sʌ],[mwʌt̚.to.mo.ɾɯ.mjʌn.sʌ]
계셔서 정말,9,[kje.sjʌ.sʌ.tʃʌŋ.mal],[gje.sjʌ.sʌ.dʒʌŋ.mal]
뭣들 하고 있는 거야,9,[mwʌt̚.tɯl.ha.ko.it̚.nɯŋ.kʌ.ja],[mwʌt̚.tɯl.ha.go.it̚.nɯn.gʌ.ja]
찬바람 우리를,9,[tʃʰam.pa.ɾam.u.ɾi.ɾɯl],[tʃʰam.pa.ɾam.u.ɾi.ɾɯl]
찬바람 우리를 아려온대도,9,[tʃʰam.pa.ɾam.u.ɾi.ɾɯl.a.ɾjʌ.on.tɛ.to],[tʃʰam.pa.ɾam.u.ɾi.ɾɯl.a.ɾjʌ.on.tɛ.do]
찬성 못,9,[tʃʰan.sʌŋ.mot̚],[tʃʰan.sʌŋ.mot̚]
뭣들 해요,9,[mwʌt̚.tɯl.hɛ.jo],[mwʌt̚.tɯl.hɛ.jo]
간단하지 않습니다,9,[kan.tan.ha.tʃi.an.sɯp̚.ni.ta],[gan.tan.ha.dʒi.an.sɯp̚.ni.da]
난 회의에,9,[nan.hwe.ɯi.e],[nan.hwe.ɯi.e]
찰리 팀,9,[tʃʰal.ɾi.tʰim],[tʃʰal.ɾi.tʰim]
찰리를 위해,9,[tʃʰal.ɾi.ɾɯl.wi.hɛ],[tʃʰal.ɾi.ɾɯl.wi.hɛ]
의미가 담긴,9,[ɯi.mi.ka.tam.kin],[ɯi.mi.ga.dam.kin]
한 모금이면,9,[han.mo.kɯm.i.mjʌn],[han.mo.gɯm.i.mjʌn]
미 육군의,9,[mi.juk̚.kun.ɯi],[mi.juk̚.kun.ɯi]
미 정부의,9,[mi.tʃʌm.pu.ɯi],[mi.dʒʌŋ.bu.ɯi]
미 해군 전함,9,[mi.hɛ.kun.tʃʌn.ham],[mi.hɛ.gun.dʒʌn.ham]
미 해군이,9,[mi.hɛ.kun.i],[mi.hɛ.gun.i]
참 고맙기도,9,[tʃʰam.ko.map̚.ki.to],[tʃʰam.go.map̚.ki.do]
미결 사건,9,[mi.kjʌl.sa.kʌn],[mi.gjʌl.sa.gʌn]
한 무대에,9,[han.mu.tɛ.e],[han.mu.dɛ.e]
한 무더기의,9,[han.mu.tʌ.ki.ɯi],[han.mu.dʌ.gi.ɯi]
미국 갈,9,[mi.kuk̚.kal],[mi.guk̚.gal]
내 전화나,9,[nɛ.tʃʌn.hwa.na],[nɛ.dʒʌn.hwa.na]
계속 가 잔교,9,[kje.sok̚.ka.tʃaŋ.kjo],[gje.sok̚.ga.dʒaŋ.kjo]
참 다행이다,9,[tʃʰan.ta.hɛŋ.i.ta],[tʃʰam.da.hɛŋ.i.da]
참 다행이지,9,[tʃʰan.ta.hɛŋ.i.tʃi],[tʃʰam.da.hɛŋ.i.dʒi]
계속 가 잔교 끝까지,9,[kje.sok̚.ka.tʃaŋ.kjo.k͈ɯt̚.k͈a.tʃi],[gje.sok̚.ga.dʒaŋ.kjo.k͈ɯt̚.k͈a.dʒi]
가끔은 날,9,[ka.k͈ɯm.ɯn.nal],[ga.k͈ɯm.ɯn.nal]
참 대단하다,9,[tʃʰan.tɛ.tan.ha.ta],[tʃʰam.dɛ.dan.ha.da]
미국 내의,9,[mi.kuk̚.nɛ.ɯi],[mi.guk̚.nɛ.ɯi]
미국 네이비,9,[mi.kuk̚.ne.i.pi],[mi.guk̚.ne.i.bi]
미국 놈들,9,[mi.kuk̚.non.tɯl],[mi.guk̚.non.tɯl]
미국 달러로,9,[mi.kuk̚.tal.ɾʌ.ɾo],[mi.guk̚.dal.ɾʌ.ɾo]
난 힘들게,9,[nan.hin.tɯl.ke],[nan.hin.tɯl.ke]
참 많을,9,[tʃʰam.man.ɯl],[tʃʰam.man.ɯl]
참 맛있네요,9,[tʃʰam.mat̚.it̚.ne.jo],[tʃʰam.mat̚.it̚.ne.jo]
한 박자,9,[ham.pak̚.tʃa],[han.bak̚.tʃa]
미국 법무부,9,[mi.kuk̚.pʌp̚.mu.pu],[mi.guk̚.bʌp̚.mu.bu]
참 신기해,9,[tʃʰam.siŋ.ki.hɛ],[tʃʰam.siŋ.ki.hɛ]
간단한 것부터,9,[kan.tan.haŋ.kʌt̚.pu.tʰʌ],[gan.tan.han.gʌt̚.pu.tʰʌ]
참 아름다워,9,[tʃʰam.a.ɾɯn.ta.wʌ],[tʃʰam.a.ɾɯn.ta.wʌ]
그만두고 싶은,9,[kɯ.man.tu.ko.sip̚.ɯn],[gɯ.man.tu.go.sip̚.ɯn]
간단한 대답은,9,[kan.tan.han.tɛ.tap̚.ɯn],[gan.tan.han.dɛ.dap̚.ɯn]
계속 가야해,9,[kje.sok̚.ka.ja.hɛ],[gje.sok̚.ga.ja.hɛ]
난다는 걸,9,[nan.ta.nɯŋ.kʌl],[nan.ta.nɯn.gʌl]
미국 영화를,9,[mi.kuk̚.jʌŋ.hwa.ɾɯl],[mi.guk̚.jʌŋ.hwa.ɾɯl]
미국 우편,9,[mi.kuk̚.u.pʰjʌn],[mi.guk̚.u.pʰjʌn]
참 웃긴,9,[tʃʰam.ut̚.kin],[tʃʰam.ut̚.kin]
참 위안이,9,[tʃʰam.wi.an.i],[tʃʰam.wi.an.i]
미국 전역,9,[mi.kuk̚.tʃʌn.jʌk̚],[mi.guk̚.dʒʌn.jʌk̚]
미국 전역을,9,[mi.kuk̚.tʃʌn.jʌk̚.ɯl],[mi.guk̚.dʒʌn.jʌk̚.ɯl]
참 잘됐구나,9,[tʃʰan.tʃal.twɛt̚.ku.na],[tʃʰam.dʒal.twɛt̚.ku.na]
You see him,9,,
한 방에 한,9,[ham.paŋ.e.han],[han.baŋ.e.han]
참 재밌게,9,[tʃʰan.tʃɛ.mit̚.ke],[tʃʰam.dʒɛ.mit̚.ke]
참 재밌다,9,[tʃʰan.tʃɛ.mit̚.ta],[tʃʰam.dʒɛ.mit̚.ta]
의미를 찾으려고,9,[ɯi.mi.ɾɯl.tʃʰat̚.ɯ.ɾjʌ.ko],[ɯi.mi.ɾɯl.tʃʰat̚.ɯ.ɾjʌ.go]
참 좋겠지만,9,[tʃʰan.tʃot̚.ket̚.tʃi.man],[tʃʰam.dʒot̚.ket̚.tʃi.man]
미국 해안,9,[mi.kuk̚.hɛ.an],[mi.guk̚.hɛ.an]
미국과 유럽,9,[mi.kuk̚.kwa.ju.ɾʌp̚],[mi.guk̚.kwa.ju.ɾʌp̚]
미국과 함께,9,[mi.kuk̚.kwa.ham.k͈e],[mi.guk̚.kwa.ham.k͈e]
무엇을 어떻게,9,[mu.ʌt̚.ɯl.ʌ.t͈ʌt̚.ke],[mu.ʌt̚.ɯl.ʌ.t͈ʌt̚.ke]
참 좋은 사람이에요,9,[tʃʰan.tʃot̚.ɯn.sa.ɾam.i.e.jo],[tʃʰam.dʒot̚.ɯn.sa.ɾam.i.e.jo]
참 좋은 친구야,9,[tʃʰan.tʃot̚.ɯn.tʃʰiŋ.ku.ja],[tʃʰam.dʒot̚.ɯn.tʃʰiŋ.ku.ja]
의미에서 우리,9,[ɯi.mi.e.sʌ.u.ɾi],[ɯi.mi.e.sʌ.u.ɾi]
난리 쳐서,9,[nal.li.tʃʰjʌ.sʌ],[nal.li.tʃʰjʌ.sʌ]
미국에 가면,9,[mi.kuk̚.e.ka.mjʌn],[mi.guk̚.e.ga.mjʌn]
saying it because,9,,
참 크네요,9,[tʃʰam.kʰɯ.ne.jo],[tʃʰam.kʰɯ.ne.jo]
참 큰,9,[tʃʰam.kʰɯn],[tʃʰam.kʰɯn]
가끔은 당신이,9,[ka.k͈ɯm.ɯn.taŋ.sin.i],[ga.k͈ɯm.ɯn.daŋ.sin.i]
참 힘들지,9,[tʃʰam.hin.tɯl.tʃi],[tʃʰam.hin.tɯl.tʃi]
참가 안,9,[tʃʰam.ka.an],[tʃʰam.ka.an]
미국에 왔을,9,[mi.kuk̚.e.wat̚.ɯl],[mi.guk̚.e.wat̚.ɯl]
미국에 해를,9,[mi.kuk̚.e.hɛ.ɾɯl],[mi.guk̚.e.hɛ.ɾɯl]
의사 결정을,9,[ɯi.sa.kjʌl.tʃʌŋ.ɯl],[ɯi.sa.gjʌl.tʃʌŋ.ɯl]
참고 또,9,[tʃʰam.ko.t͈o],[tʃʰam.ko.t͈o]
내 정신은 대체,9,[nɛ.tʃʌŋ.sin.ɯn.tɛ.tʃʰe],[nɛ.dʒʌŋ.sin.ɯn.dɛ.tʃʰe]
난리가 났네,9,[nal.li.ka.nat̚.ne],[nal.li.ga.nat̚.ne]
딸을 죽게,9,[t͈al.ɯl.tʃuk̚.ke],[t͈al.ɯl.dʒuk̚.ke]
참고로 말하면,9,[tʃʰam.ko.ɾo.mal.ha.mjʌn],[tʃʰam.ko.ɾo.mal.ha.mjʌn]
참고로 이,9,[tʃʰam.ko.ɾo.i],[tʃʰam.ko.ɾo.i]
참고할 만한,9,[tʃʰam.ko.hal.man.han],[tʃʰam.ko.hal.man.han]
참나무방패 소린이,9,[tʃʰam.na.mu.pam.pʰɛ.so.ɾin.i],[tʃʰam.na.mu.bam.pʰɛ.so.ɾin.i]
난리가 났지,9,[nal.li.ka.nat̚.tʃi],[nal.li.ga.nat̚.tʃi]
참는 신음,9,[tʃʰam.nɯn.sin.ɯm],[tʃʰam.nɯn.sin.ɯm]
계속 거짓말한,9,[kje.sok̚.kʌ.tʃit̚.mal.han],[gje.sok̚.gʌ.dʒit̚.mal.han]
미국은 더,9,[mi.kuk̚.ɯn.tʌ],[mi.guk̚.ɯn.dʌ]
참석할 것이다,9,[tʃʰam.sʌk̚.hal.kʌt̚.i.ta],[tʃʰam.sʌk̚.hal.gʌt̚.i.da]
I don''t want a,9,,
any day,9,,
미국의 새로운,9,[mi.kuk̚.ɯi.sɛ.ɾo.un],[mi.guk̚.ɯi.sɛ.ɾo.un]
참여하는 건,9,[tʃʰam.jʌ.ha.nɯŋ.kʌn],[tʃʰam.jʌ.ha.nɯn.gʌn]
걸 근데,9,[kʌl.kɯn.te],[gʌl.gɯn.te]
참여하지 않은,9,[tʃʰam.jʌ.ha.tʃi.an.ɯn],[tʃʰam.jʌ.ha.dʒi.an.ɯn]
부인을 죽이고,9,[pu.in.ɯl.tʃuk̚.i.ko],[bu.in.ɯl.dʒuk̚.i.go]
참으로 좋은 사람이니까,9,[tʃʰam.ɯ.ɾo.tʃot̚.ɯn.sa.ɾam.i.ni.k͈a],[tʃʰam.ɯ.ɾo.dʒot̚.ɯn.sa.ɾam.i.ni.k͈a]
한 번 시작하면,9,[ham.pʌn.si.tʃak̚.ha.mjʌn],[han.bʌn.si.dʒak̚.ha.mjʌn]
참을 만큼 참았어요,9,[tʃʰam.ɯl.maŋ.kʰɯn.tʃʰam.at̚.ʌ.jo],[tʃʰam.ɯl.maŋ.kʰɯn.tʃʰam.at̚.ʌ.jo]
참을 수 없는 건,9,[tʃʰam.ɯl.su.ʌp̚.nɯŋ.kʌn],[tʃʰam.ɯl.su.ʌp̚.nɯn.gʌn]
난생 처음 보는,9,[nan.sɛŋ.tʃʰʌ.ɯm.po.nɯn],[nan.sɛŋ.tʃʰʌ.ɯm.bo.nɯn]
간단한 질문이에요,9,[kan.tan.han.tʃil.mun.i.e.jo],[gan.tan.han.dʒil.mun.i.e.jo]
그만둔 것,9,[kɯ.man.tuŋ.kʌt̚],[gɯ.man.tun.gʌt̚]
한 번 있어,9,[ham.pʌn.it̚.ʌ],[han.bʌn.it̚.ʌ]
감추는 건,9,[kan.tʃʰu.nɯŋ.kʌn],[gan.tʃʰu.nɯn.gʌn]
참을성 있는,9,[tʃʰam.ɯl.sʌŋ.it̚.nɯn],[tʃʰam.ɯl.sʌŋ.it̚.nɯn]
난임 치료,9,[nan.in.tʃʰi.ɾjo],[nan.in.tʃʰi.ɾjo]
참조할 수,9,[tʃʰan.tʃo.hal.su],[tʃʰan.tʃo.hal.su]
미군 드론,9,[mi.kun.tɯ.ɾon],[mi.gun.dɯ.ɾon]
난장판 속에서,9,[nan.tʃam.pʰan.sok̚.e.sʌ],[nan.tʃam.pʰan.sok̚.e.sʌ]
화나게 했다면,9,[hwa.na.ke.hɛt̚.ta.mjʌn],[hwa.na.ge.hɛt̚.ta.mjʌn]
미끼가 될,9,[mi.k͈i.ka.twel],[mi.k͈i.ga.dwel]
잘됐군요 그럼,9,[tʃal.twɛt̚.kun.jo.kɯ.ɾʌm],[dʒal.twɛt̚.kun.jo.gɯ.ɾʌm]
창''이란 걸,9,[tʃʰaŋ.i.ɾaŋ.kʌl],[tʃʰaŋ.i.ɾan.gʌl]
창가 쪽,9,[tʃʰaŋ.ka.tʃ͈ok̚],[tʃʰaŋ.ga.tʃ͈ok̚]
한 번 해보자고,9,[ham.pʌn.hɛ.po.tʃa.ko],[han.bʌn.hɛ.bo.dʒa.go]
한 번 해봤어요,9,[ham.pʌn.hɛ.pwat̚.ʌ.jo],[han.bʌn.hɛ.bwat̚.ʌ.jo]
의사가 되기,9,[ɯi.sa.ka.twe.ki],[ɯi.sa.ga.dwe.gi]
보고 싶으면 봐,9,[po.ko.sip̚.ɯ.mjʌm.pwa],[bo.go.sip̚.ɯ.mjʌn.bwa]
미끼를 던지고,9,[mi.k͈i.ɾɯl.tʌn.tʃi.ko],[mi.k͈i.ɾɯl.dʌn.tʃi.go]
간단해 네가,9,[kan.tan.hɛ.ne.ka],[gan.tan.hɛ.ne.ga]
미끼를 물었어요,9,[mi.k͈i.ɾɯl.mul.ʌt̚.ʌ.jo],[mi.k͈i.ɾɯl.mul.ʌt̚.ʌ.jo]
간단해 내가,9,[kan.tan.hɛ.nɛ.ka],[gan.tan.hɛ.nɛ.ga]
난처하게 하지,9,[nan.tʃʰʌ.ha.ke.ha.tʃi],[nan.tʃʰʌ.ha.ge.ha.dʒi]
난처하게 할,9,[nan.tʃʰʌ.ha.ke.hal],[nan.tʃʰʌ.ha.ge.hal]
any idea how,9,,
미남 씨,9,[mi.nam.s͈i],[mi.nam.s͈i]
간단해 보이지만,9,[kan.tan.hɛ.po.i.tʃi.man],[gan.tan.hɛ.bo.i.dʒi.man]
간단히 말씀드리면,9,[kan.tan.hi.mal.s͈ɯn.tɯ.ɾi.mjʌn],[gan.tan.hi.mal.s͈ɯn.tɯ.ɾi.mjʌn]
계속 그것만,9,[kje.sok̚.kɯ.kʌt̚.man],[gje.sok̚.gɯ.gʌt̚.man]
미녀와 야수,9,[mi.njʌ.wa.ja.su],[mi.njʌ.wa.ja.su]
미는 거,9,[mi.nɯŋ.kʌ],[mi.nɯn.gʌ]
미는 건,9,[mi.nɯŋ.kʌn],[mi.nɯn.gʌn]
창문에서 떨어져요,9,[tʃʰaŋ.mun.e.sʌ.t͈ʌl.ʌ.tʃjʌ.jo],[tʃʰaŋ.mun.e.sʌ.t͈ʌl.ʌ.dʒjʌ.jo]
You see what,9,,
창문을 뚫고,9,[tʃʰaŋ.mun.ɯl.t͈ul.ko],[tʃʰaŋ.mun.ɯl.t͈ul.ko]
화난 거 있어,9,[hwa.naŋ.kʌ.it̚.ʌ],[hwa.nan.gʌ.it̚.ʌ]
창문이 있는,9,[tʃʰaŋ.mun.i.it̚.nɯn],[tʃʰaŋ.mun.i.it̚.nɯn]
창밖을 봤는데,9,[tʃʰam.pak̚.ɯl.pwat̚.nɯn.te],[tʃʰaŋ.bak̚.ɯl.bwat̚.nɯn.te]
창이 있는,9,[tʃʰaŋ.i.it̚.nɯn],[tʃʰaŋ.i.it̚.nɯn]
계속 그러는,9,[kje.sok̚.kɯ.ɾʌ.nɯn],[gje.sok̚.gɯ.ɾʌ.nɯn]
날 가져요,9,[nal.ka.tʃjʌ.jo],[nal.ga.dʒjʌ.jo]
창조주의 뜻을,9,[tʃʰaŋ.tʃo.tʃu.ɯi.t͈ɯt̚.ɯl],[tʃʰaŋ.dʒo.dʒu.ɯi.t͈ɯt̚.ɯl]
미란 씨,9,[mi.ɾan.s͈i],[mi.ɾan.s͈i]
창피를 줄 수도,9,[tʃʰam.pʰi.ɾɯl.tʃul.su.to],[tʃʰam.pʰi.ɾɯl.dʒul.su.do]
의사는 왜,9,[ɯi.sa.nɯn.wɛ],[ɯi.sa.nɯn.wɛ]
창피하지도 않아,9,[tʃʰam.pʰi.ha.tʃi.to.an.a],[tʃʰam.pʰi.ha.dʒi.do.an.a]
창피한 일이,9,[tʃʰam.pʰi.han.il.i],[tʃʰam.pʰi.han.il.i]
미래 같은,9,[mi.ɾɛ.kat̚.ɯn],[mi.ɾɛ.gat̚.ɯn]
미래가 기다리고,9,[mi.ɾɛ.ka.ki.ta.ɾi.ko],[mi.ɾɛ.ga.gi.da.ɾi.go]
날 감싸,9,[nal.kam.s͈a],[nal.gam.s͈a]
찾게 될지도,9,[tʃʰat̚.ke.twel.tʃi.to],[tʃʰat̚.ke.dwel.tʃi.do]
의사를 불러요,9,[ɯi.sa.ɾɯl.pul.ɾʌ.jo],[ɯi.sa.ɾɯl.bul.ɾʌ.jo]
계속 그럴 수,9,[kje.sok̚.kɯ.ɾʌl.su],[gje.sok̚.gɯ.ɾʌl.su]
미래가 안,9,[mi.ɾɛ.ka.an],[mi.ɾɛ.ga.an]
의사소통을 할,9,[ɯi.sa.so.tʰoŋ.ɯl.hal],[ɯi.sa.so.tʰoŋ.ɯl.hal]
찾고 싶은 건,9,[tʃʰat̚.ko.sip̚.ɯŋ.kʌn],[tʃʰat̚.ko.sip̚.ɯn.gʌn]
계속 그렇게 말해,9,[kje.sok̚.kɯ.ɾʌt̚.ke.mal.hɛ],[gje.sok̚.gɯ.ɾʌt̚.ke.mal.hɛ]
찾고 싶지 않아요,9,[tʃʰat̚.ko.sip̚.tʃi.an.a.jo],[tʃʰat̚.ko.sip̚.tʃi.an.a.jo]
간드러진 신음,9,[kan.tɯ.ɾʌ.tʃin.sin.ɯm],[gan.tɯ.ɾʌ.dʒin.sin.ɯm]
날 갖고 놀아,9,[nal.kat̚.ko.nol.a],[nal.gat̚.ko.nol.a]
내 조카와,9,[nɛ.tʃo.kʰa.wa],[nɛ.dʒo.kʰa.wa]
찾고 있고요,9,[tʃʰat̚.ko.it̚.ko.jo],[tʃʰat̚.ko.it̚.ko.jo]
날 갖고 놀지,9,[nal.kat̚.ko.nol.tʃi],[nal.gat̚.ko.nol.tʃi]
찾고 있긴,9,[tʃʰat̚.ko.it̚.kin],[tʃʰat̚.ko.it̚.kin]
찾고 있네요,9,[tʃʰat̚.ko.it̚.ne.jo],[tʃʰat̚.ko.it̚.ne.jo]
화날 만도,9,[hwa.nal.man.to],[hwa.nal.man.to]
보고 알,9,[po.ko.al],[bo.go.al]
딸이 어디 있는지,9,[t͈al.i.ʌ.ti.it̚.nɯn.tʃi],[t͈al.i.ʌ.di.it̚.nɯn.tʃi]
의사소통이 안,9,[ɯi.sa.so.tʰoŋ.i.an],[ɯi.sa.so.tʰoŋ.i.an]
미래는 확실히,9,[mi.ɾɛ.nɯn.hwak̚.sil.hi],[mi.ɾɛ.nɯn.hwak̚.sil.hi]
날 거기까지,9,[nal.kʌ.ki.k͈a.tʃi],[nal.gʌ.gi.k͈a.dʒi]
미래로 갈,9,[mi.ɾɛ.ɾo.kal],[mi.ɾɛ.ɾo.gal]
중에서 넌,9,[tʃuŋ.e.sʌ.nʌn],[dʒuŋ.e.sʌ.nʌn]
미래로 나아갈,9,[mi.ɾɛ.ɾo.na.a.kal],[mi.ɾɛ.ɾo.na.a.gal]
미래로 돌아갈,9,[mi.ɾɛ.ɾo.tol.a.kal],[mi.ɾɛ.ɾo.dol.a.gal]
곳에 오래,9,[kot̚.e.o.ɾɛ],[got̚.e.o.ɾɛ]
의상 중,9,[ɯi.saŋ.tʃuŋ],[ɯi.saŋ.dʒuŋ]
날 거부하는,9,[nal.kʌ.pu.ha.nɯn],[nal.gʌ.bu.ha.nɯn]
미래를 바꾸고,9,[mi.ɾɛ.ɾɯl.pa.k͈u.ko],[mi.ɾɛ.ɾɯl.ba.k͈u.go]
날 거부했어,9,[nal.kʌ.pu.hɛt̚.ʌ],[nal.gʌ.bu.hɛt̚.ʌ]
미래를 본다는,9,[mi.ɾɛ.ɾɯl.pon.ta.nɯn],[mi.ɾɛ.ɾɯl.bon.ta.nɯn]
날 거의 죽일 뻔,9,[nal.kʌ.ɯi.tʃuk̚.il.p͈ʌn],[nal.gʌ.ɯi.dʒuk̚.il.p͈ʌn]
미래를 봤어,9,[mi.ɾɛ.ɾɯl.pwat̚.ʌ],[mi.ɾɛ.ɾɯl.bwat̚.ʌ]
미래를 생각하면,9,[mi.ɾɛ.ɾɯl.sɛŋ.kak̚.ha.mjʌn],[mi.ɾɛ.ɾɯl.sɛŋ.gak̚.ha.mjʌn]
날 거쳐야,9,[nal.kʌ.tʃʰjʌ.ja],[nal.gʌ.tʃʰjʌ.ja]
찾고 있지 않았다,9,[tʃʰat̚.ko.it̚.tʃi.an.at̚.ta],[tʃʰat̚.ko.it̚.tʃi.an.at̚.ta]
찾기 시작했어요,9,[tʃʰat̚.ki.si.tʃak̚.hɛt̚.ʌ.jo],[tʃʰat̚.ki.si.dʒak̚.hɛt̚.ʌ.jo]
찾기 어렵죠,9,[tʃʰat̚.ki.ʌ.ɾjʌp̚.tʃjo],[tʃʰat̚.ki.ʌ.ɾjʌp̚.tʃjo]
찾기 위해서 말이야,9,[tʃʰat̚.ki.wi.hɛ.sʌ.mal.i.ja],[tʃʰat̚.ki.wi.hɛ.sʌ.mal.i.ja]
찾기 위해선,9,[tʃʰat̚.ki.wi.hɛ.sʌn],[tʃʰat̚.ki.wi.hɛ.sʌn]
찾기 위해서죠,9,[tʃʰat̚.ki.wi.hɛ.sʌ.tʃjo],[tʃʰat̚.ki.wi.hɛ.sʌ.dʒjo]
찾기 전엔 안,9,[tʃʰat̚.ki.tʃʌn.en.an],[tʃʰat̚.ki.dʒʌn.en.an]
play a,9,,
찾기가 어렵지,9,[tʃʰat̚.ki.ka.ʌ.ɾjʌp̚.tʃi],[tʃʰat̚.ki.ga.ʌ.ɾjʌp̚.tʃi]
계속 꿈을 꾼다면,9,[kje.sok̚.k͈um.ɯl.k͈un.ta.mjʌn],[gje.sok̚.k͈um.ɯl.k͈un.ta.mjʌn]
찾는 거 있어,9,[tʃʰat̚.nɯŋ.kʌ.it̚.ʌ],[tʃʰat̚.nɯn.gʌ.it̚.ʌ]
날 겁쟁이라고,9,[nal.kʌp̚.tʃɛŋ.i.ɾa.ko],[nal.gʌp̚.tʃɛŋ.i.ɾa.go]
곳에 이렇게,9,[kot̚.e.i.ɾʌt̚.ke],[got̚.e.i.ɾʌt̚.ke]
미래의 모든,9,[mi.ɾɛ.ɯi.mo.tɯn],[mi.ɾɛ.ɯi.mo.dɯn]
찾는 걸 도와줬어,9,[tʃʰat̚.nɯŋ.kʌl.to.wa.tʃwʌt̚.ʌ],[tʃʰat̚.nɯn.gʌl.do.wa.dʒwʌt̚.ʌ]
간섭하는 건,9,[kan.sʌp̚.ha.nɯŋ.kʌn],[gan.sʌp̚.ha.nɯn.gʌn]
날 게,9,[nal.ke],[nal.ge]
찾는 것 좀 도와줘,9,[tʃʰat̚.nɯŋ.kʌt̚.tʃon.to.wa.tʃwʌ],[tʃʰat̚.nɯn.gʌt̚.dʒom.do.wa.dʒwʌ]
내 주고,9,[nɛ.tʃu.ko],[nɛ.dʒu.go]
찾는 것뿐이야,9,[tʃʰat̚.nɯŋ.kʌt̚.p͈un.i.ja],[tʃʰat̚.nɯn.gʌt̚.p͈un.i.ja]
미련을 못,9,[mi.ɾjʌn.ɯl.mot̚],[mi.ɾjʌn.ɯl.mot̚]
찾는 게 뭐야,9,[tʃʰat̚.nɯŋ.ke.mwʌ.ja],[tʃʰat̚.nɯn.ge.mwʌ.ja]
찾는 게 쉽지,9,[tʃʰat̚.nɯŋ.ke.swip̚.tʃi],[tʃʰat̚.nɯn.ge.swip̚.tʃi]
찾는 게 좋을 거야,9,[tʃʰat̚.nɯŋ.ke.tʃot̚.ɯl.kʌ.ja],[tʃʰat̚.nɯn.ge.dʒot̚.ɯl.gʌ.ja]
찾는 게 제,9,[tʃʰat̚.nɯŋ.ke.tʃe],[tʃʰat̚.nɯn.ge.dʒe]
미루는 건,9,[mi.ɾu.nɯŋ.kʌn],[mi.ɾu.nɯn.gʌn]
한 빙,9,[ham.piŋ],[han.biŋ]
any of it,9,,
찾는 사람이야,9,[tʃʰat̚.nɯn.sa.ɾam.i.ja],[tʃʰat̚.nɯn.sa.ɾam.i.ja]
찾는 여자가,9,[tʃʰat̚.nɯn.jʌ.tʃa.ka],[tʃʰat̚.nɯn.jʌ.dʒa.ga]
날 고용할,9,[nal.ko.joŋ.hal],[nal.go.joŋ.hal]
의식이 돌아오지,9,[ɯi.sik̚.i.tol.a.o.tʃi],[ɯi.sik̚.i.dol.a.o.dʒi]
찾는 자가,9,[tʃʰat̚.nɯn.tʃa.ka],[tʃʰat̚.nɯn.dʒa.ga]
딸이 좋아하는,9,[t͈al.i.tʃot̚.a.ha.nɯn],[t͈al.i.dʒot̚.a.ha.nɯn]
계속 나와요,9,[kje.sok̚.na.wa.jo],[gje.sok̚.na.wa.jo]
미리 막을,9,[mi.ɾi.mak̚.ɯl],[mi.ɾi.mak̚.ɯl]
미리 말씀드렸어야,9,[mi.ɾi.mal.s͈ɯn.tɯ.ɾjʌt̚.ʌ.ja],[mi.ɾi.mal.s͈ɯn.tɯ.ɾjʌt̚.ʌ.ja]
찾는진 몰라도,9,[tʃʰat̚.nɯn.tʃin.mol.ɾa.to],[tʃʰat̚.nɯn.tʃin.mol.ɾa.do]
찾다 보면,9,[tʃʰat̚.ta.po.mjʌn],[tʃʰat̚.ta.bo.mjʌn]
날 공격하다니,9,[nal.koŋ.kjʌk̚.ha.ta.ni],[nal.goŋ.gjʌk̚.ha.da.ni]
찾던 거,9,[tʃʰat̚.tʌŋ.kʌ],[tʃʰat̚.tʌn.gʌ]
아니다 그의,9,[a.ni.ta.kɯ.ɯi],[a.ni.da.gɯ.ɯi]
찾던 사람이,9,[tʃʰat̚.tʌn.sa.ɾam.i],[tʃʰat̚.tʌn.sa.ɾam.i]
찾도록 도와줄,9,[tʃʰat̚.to.ɾok̚.to.wa.tʃul],[tʃʰat̚.to.ɾok̚.do.wa.dʒul]
미리 말해야,9,[mi.ɾi.mal.hɛ.ja],[mi.ɾi.mal.hɛ.ja]
한 사람이 모든,9,[han.sa.ɾam.i.mo.tɯn],[han.sa.ɾam.i.mo.dɯn]
계속 너,9,[kje.sok̚.nʌ],[gje.sok̚.nʌ]
미리 손을,9,[mi.ɾi.son.ɯl],[mi.ɾi.son.ɯl]
찾아 당장,9,[tʃʰat̚.a.taŋ.tʃaŋ],[tʃʰat̚.a.daŋ.dʒaŋ]
찾아 떠날,9,[tʃʰat̚.a.t͈ʌ.nal],[tʃʰat̚.a.t͈ʌ.nal]
간수 못,9,[kan.su.mot̚],[gan.su.mot̚]
중요하기 때문에,9,[tʃuŋ.jo.ha.ki.t͈ɛ.mun.e],[dʒuŋ.jo.ha.gi.t͈ɛ.mun.e]
미리 알려줄,9,[mi.ɾi.al.ɾjʌ.tʃul],[mi.ɾi.al.ɾjʌ.dʒul]
딸이라는 걸,9,[t͈al.i.ɾa.nɯŋ.kʌl],[t͈al.i.ɾa.nɯn.gʌl]
찾아 볼께요,9,[tʃʰat̚.a.pol.k͈e.jo],[tʃʰat̚.a.bol.k͈e.jo]
의심도 하지,9,[ɯi.sin.to.ha.tʃi],[ɯi.sin.to.ha.dʒi]
찾아 아,9,[tʃʰat̚.a.a],[tʃʰat̚.a.a]
화려함조차도 影をひそめ交わる 그림자를,9,[hwa.ɾjʌ.han.tʃo.tʃʰa.to.kɯ.ɾin.tʃa.ɾɯl],[hwa.ɾjʌ.han.tʃo.tʃʰa.do.gɯ.ɾin.tʃa.ɾɯl]
찾아 여긴,9,[tʃʰat̚.a.jʌ.kin],[tʃʰat̚.a.jʌ.gin]
미리 언급하지,9,[mi.ɾi.ʌŋ.kɯp̚.ha.tʃi],[mi.ɾi.ʌŋ.kɯp̚.ha.dʒi]
미리 언급하지 않은,9,[mi.ɾi.ʌŋ.kɯp̚.ha.tʃi.an.ɯn],[mi.ɾi.ʌŋ.kɯp̚.ha.dʒi.an.ɯn]
미리 언급하지 않은 내용은,9,[mi.ɾi.ʌŋ.kɯp̚.ha.tʃi.an.ɯn.nɛ.joŋ.ɯn],[mi.ɾi.ʌŋ.kɯp̚.ha.dʒi.an.ɯn.nɛ.joŋ.ɯn]
한 생각이,9,[han.sɛŋ.kak̚.i],[han.sɛŋ.gak̚.i]
찾아 주면,9,[tʃʰat̚.a.tʃu.mjʌn],[tʃʰat̚.a.dʒu.mjʌn]
의심스러운 일이,9,[ɯi.sim.sɯ.ɾʌ.un.il.i],[ɯi.sim.sɯ.ɾʌ.un.il.i]
미리 정해진,9,[mi.ɾi.tʃʌŋ.hɛ.tʃin],[mi.ɾi.dʒʌŋ.hɛ.dʒin]
찾아 헤맸죠,9,[tʃʰat̚.a.he.mɛt̚.tʃjo],[tʃʰat̚.a.he.mɛt̚.tʃjo]
any of you,9,,
찾아가는 건,9,[tʃʰat̚.a.ka.nɯŋ.kʌn],[tʃʰat̚.a.ga.nɯn.gʌn]
찾아가는 거야,9,[tʃʰat̚.a.ka.nɯŋ.kʌ.ja],[tʃʰat̚.a.ga.nɯn.gʌ.ja]
화를 내는데,9,[hwa.ɾɯl.lɛ.nɯn.te],[hwa.ɾɯl.lɛ.nɯn.te]
찾아갈 테니까,9,[tʃʰat̚.a.kal.tʰe.ni.k͈a],[tʃʰat̚.a.gal.tʰe.ni.k͈a]
하는 건 좋은,9,[ha.nɯŋ.kʌn.tʃot̚.ɯn],[ha.nɯn.gʌn.dʒot̚.ɯn]
미사키 씨랑,9,[mi.sa.kʰi.s͈i.ɾaŋ],[mi.sa.kʰi.s͈i.ɾaŋ]
계속 노력했어요,9,[kje.sok̚.no.ɾjʌk̚.hɛt̚.ʌ.jo],[gje.sok̚.no.ɾjʌk̚.hɛt̚.ʌ.jo]
and child,9,,
그게 뭐 그리,9,[kɯ.ke.mwʌ.kɯ.ɾi],[gɯ.ge.mwʌ.gɯ.ɾi]
계속 놀아,9,[kje.sok̚.nol.a],[gje.sok̚.nol.a]
찾아내지 못할,9,[tʃʰat̚.a.nɛ.tʃi.mot̚.hal],[tʃʰat̚.a.nɛ.dʒi.mot̚.hal]
한 순간을,9,[han.suŋ.kan.ɯl],[han.suŋ.kan.ɯl]
찾아낼 수 있다면,9,[tʃʰat̚.a.nɛl.su.it̚.ta.mjʌn],[tʃʰat̚.a.nɛl.su.it̚.ta.mjʌn]
찾아낼 수 있어요,9,[tʃʰat̚.a.nɛl.su.it̚.ʌ.jo],[tʃʰat̚.a.nɛl.su.it̚.ʌ.jo]
찾아냈어 그리고,9,[tʃʰat̚.a.nɛt̚.ʌ.kɯ.ɾi.ko],[tʃʰat̚.a.nɛt̚.ʌ.gɯ.ɾi.go]
미소 짓게,9,[mi.so.tʃit̚.ke],[mi.so.dʒit̚.ke]
찾아냈을 때,9,[tʃʰat̚.a.nɛt̚.ɯl.t͈ɛ],[tʃʰat̚.a.nɛt̚.ɯl.t͈ɛ]
찾아보고 있는데,9,[tʃʰat̚.a.po.ko.it̚.nɯn.te],[tʃʰat̚.a.bo.go.it̚.nɯn.te]
찾아보는 거야,9,[tʃʰat̚.a.po.nɯŋ.kʌ.ja],[tʃʰat̚.a.bo.nɯn.gʌ.ja]
찾아보자 네,9,[tʃʰat̚.a.po.tʃa.ne],[tʃʰat̚.a.bo.dʒa.ne]
찾아보지 그래,9,[tʃʰat̚.a.po.tʃi.kɯ.ɾɛ],[tʃʰat̚.a.bo.dʒi.gɯ.ɾɛ]
의심하는 사람이,9,[ɯi.sim.ha.nɯn.sa.ɾam.i],[ɯi.sim.ha.nɯn.sa.ɾam.i]
미순의 웃음,9,[mi.sun.ɯi.ut̚.ɯm],[mi.sun.ɯi.ut̚.ɯm]
미슈나 NASA,9,[mi.sju.na],[mi.sju.na]
미슈나 NASA 제트추진,9,[mi.sju.na.tʃe.tʰɯ.tʃʰu.tʃin],[mi.sju.na.dʒe.tʰɯ.tʃʰu.dʒin]
찾아봐야 하지,9,[tʃʰat̚.a.pwa.ja.ha.tʃi],[tʃʰat̚.a.bwa.ja.ha.dʒi]
찾아봐요 난,9,[tʃʰat̚.a.pwa.jo.nan],[tʃʰat̚.a.bwa.jo.nan]
다 그렇진 않아,9,[ta.kɯ.ɾʌt̚.tʃin.an.a],[da.gɯ.ɾʌt̚.tʃin.an.a]
날 그들은,9,[nal.kɯ.tɯl.ɯn],[nal.gɯ.dɯl.ɯn]
화를 잘 내는,9,[hwa.ɾɯl.tʃal.lɛ.nɯn],[hwa.ɾɯl.dʒal.lɛ.nɯn]
찾아서 당장,9,[tʃʰat̚.a.sʌ.taŋ.tʃaŋ],[tʃʰat̚.a.sʌ.daŋ.dʒaŋ]
간신히 살아,9,[kan.sin.hi.sal.a],[gan.sin.hi.sal.a]
찾아서 데려올,9,[tʃʰat̚.a.sʌ.te.ɾjʌ.ol],[tʃʰat̚.a.sʌ.de.ɾjʌ.ol]
의심하지 않을 거야,9,[ɯi.sim.ha.tʃi.an.ɯl.kʌ.ja],[ɯi.sim.ha.dʒi.an.ɯl.gʌ.ja]
땀도 안,9,[t͈an.to.an],[t͈an.to.an]
찾아서 직접,9,[tʃʰat̚.a.sʌ.tʃik̚.tʃʌp̚],[tʃʰat̚.a.sʌ.dʒik̚.tʃʌp̚]
찾아서 집으로,9,[tʃʰat̚.a.sʌ.tʃip̚.ɯ.ɾo],[tʃʰat̚.a.sʌ.dʒip̚.ɯ.ɾo]
미스 페레그린은,9,[mi.sɯ.pʰe.ɾe.kɯ.ɾin.ɯn],[mi.sɯ.pʰe.ɾe.gɯ.ɾin.ɯn]
미스 페레그린을,9,[mi.sɯ.pʰe.ɾe.kɯ.ɾin.ɯl],[mi.sɯ.pʰe.ɾe.gɯ.ɾin.ɯl]
찾아야 하는지도,9,[tʃʰat̚.a.ja.ha.nɯn.tʃi.to],[tʃʰat̚.a.ja.ha.nɯn.tʃi.do]
부정 압력,9,[pu.tʃʌŋ.ap̚.ɾjʌk̚],[bu.dʒʌŋ.ap̚.ɾjʌk̚]
찾아야 할 건,9,[tʃʰat̚.a.ja.hal.kʌn],[tʃʰat̚.a.ja.hal.gʌn]
찾아야 할 것 같아,9,[tʃʰat̚.a.ja.hal.kʌt̚.kat̚.a],[tʃʰat̚.a.ja.hal.gʌt̚.gat̚.a]
간신히 할 수,9,[kan.sin.hi.hal.su],[gan.sin.hi.hal.su]
한 쌍이죠,9,[han.s͈aŋ.i.tʃjo],[han.s͈aŋ.i.dʒjo]
보고도 없이,9,[po.ko.to.ʌp̚.i],[bo.go.do.ʌp̚.i]
날 그리워,9,[nal.kɯ.ɾi.wʌ],[nal.gɯ.ɾi.wʌ]
미스터 윅,9,[mi.sɯ.tʰʌ.wik̚],[mi.sɯ.tʰʌ.wik̚]
날 기다려주는,9,[nal.ki.ta.ɾjʌ.tʃu.nɯn],[nal.gi.da.ɾjʌ.dʒu.nɯn]
그만하고 이리,9,[kɯ.man.ha.ko.i.ɾi],[gɯ.man.ha.go.i.ɾi]
날 기다리고 있는,9,[nal.ki.ta.ɾi.ko.it̚.nɯn],[nal.gi.da.ɾi.go.it̚.nɯn]
찾아야 했습니다,9,[tʃʰat̚.a.ja.hɛt̚.sɯp̚.ni.ta],[tʃʰat̚.a.ja.hɛt̚.sɯp̚.ni.da]
미스티 나이트,9,[mi.sɯ.tʰi.na.i.tʰɯ],[mi.sɯ.tʰi.na.i.tʰɯ]
미스틱 폭포는,9,[mi.sɯ.tʰik̚.pʰok̚.pʰo.nɯn],[mi.sɯ.tʰik̚.pʰok̚.pʰo.nɯn]
걸 깨닫게 될 거야,9,[kʌl.k͈ɛ.tat̚.ke.twel.kʌ.ja],[gʌl.k͈ɛ.dat̚.ke.dwel.gʌ.ja]
찾아오신 거,9,[tʃʰat̚.a.o.siŋ.kʌ],[tʃʰat̚.a.o.sin.gʌ]
미시간 주의,9,[mi.si.kan.tʃu.ɯi],[mi.si.gan.dʒu.ɯi]
중요한 거 같아요,9,[tʃuŋ.jo.haŋ.kʌ.kat̚.a.jo],[dʒuŋ.jo.han.gʌ.gat̚.a.jo]
내 지시에 따라,9,[nɛ.tʃi.si.e.t͈a.ɾa],[nɛ.dʒi.si.e.t͈a.ɾa]
한 여기서,9,[han.jʌ.ki.sʌ],[han.jʌ.gi.sʌ]
계속 돌아가고,9,[kje.sok̚.tol.a.ka.ko],[gje.sok̚.dol.a.ga.go]
날 기억하니,9,[nal.ki.ʌk̚.ha.ni],[nal.gi.ʌk̚.ha.ni]
미안 그래서,9,[mi.aŋ.kɯ.ɾɛ.sʌ],[mi.an.gɯ.ɾɛ.sʌ]
부정적인 일이,9,[pu.tʃʌŋ.tʃʌk̚.in.il.i],[bu.dʒʌŋ.dʒʌk̚.in.il.i]
부정하는 건,9,[pu.tʃʌŋ.ha.nɯŋ.kʌn],[bu.dʒʌŋ.ha.nɯn.gʌn]
찾아줄 거예요,9,[tʃʰat̚.a.tʃul.kʌ.je.jo],[tʃʰat̚.a.dʒul.gʌ.je.jo]
미안 내가 좀,9,[mi.an.nɛ.ka.tʃom],[mi.an.nɛ.ga.dʒom]
찾았나 보군,9,[tʃʰat̚.at̚.na.po.kun],[tʃʰat̚.at̚.na.bo.gun]
간에 기별도 안,9,[kan.e.ki.pjʌl.to.an],[gan.e.gi.bjʌl.to.an]
한 우리의,9,[han.u.ɾi.ɯi],[han.u.ɾi.ɯi]
화상 채팅을,9,[hwa.saŋ.tʃʰɛ.tʰiŋ.ɯl],[hwa.saŋ.tʃʰɛ.tʰiŋ.ɯl]
미안 어,9,[mi.an.ʌ],[mi.an.ʌ]
찾았어 근데,9,[tʃʰat̚.at̚.ʌ.kɯn.te],[tʃʰat̚.at̚.ʌ.gɯn.te]
계속 들어야,9,[kje.sok̚.tɯl.ʌ.ja],[gje.sok̚.dɯl.ʌ.ja]
찾았어 다른,9,[tʃʰat̚.at̚.ʌ.ta.ɾɯn],[tʃʰat̚.at̚.ʌ.da.ɾɯn]
찾았어 뭘,9,[tʃʰat̚.at̚.ʌ.mwʌl],[tʃʰat̚.at̚.ʌ.mwʌl]
날 꿈처럼 그대,9,[nal.k͈un.tʃʰʌ.ɾʌm.kɯ.tɛ],[nal.k͈un.tʃʰʌ.ɾʌm.gɯ.dɛ]
보고서를 제출할,9,[po.ko.sʌ.ɾɯl.tʃe.tʃʰul.hal],[bo.go.sʌ.ɾɯl.dʒe.tʃʰul.hal]
의자 여우원숭이,9,[ɯi.tʃa.jʌ.u.wʌn.suŋ.i],[ɯi.dʒa.jʌ.u.wʌn.suŋ.i]
날 꿈처럼 그대 다가와,9,[nal.k͈un.tʃʰʌ.ɾʌm.kɯ.tɛ.ta.ka.wa],[nal.k͈un.tʃʰʌ.ɾʌm.gɯ.dɛ.da.ga.wa]
계속 들을,9,[kje.sok̚.tɯl.ɯl],[gje.sok̚.dɯl.ɯl]
미안 잠깐만,9,[mi.an.tʃam.k͈an.man],[mi.an.dʒam.k͈an.man]
찾았어요 그래,9,[tʃʰat̚.at̚.ʌ.jo.kɯ.ɾɛ],[tʃʰat̚.at̚.ʌ.jo.gɯ.ɾɛ]
화살을 쏜,9,[hwa.sal.ɯl.s͈on],[hwa.sal.ɯl.s͈on]
화성 임무,9,[hwa.sʌŋ.im.mu],[hwa.sʌŋ.im.mu]
찾았어요 이름은,9,[tʃʰat̚.at̚.ʌ.jo.i.ɾɯm.ɯn],[tʃʰat̚.at̚.ʌ.jo.i.ɾɯm.ɯn]
찾았어요 이제,9,[tʃʰat̚.at̚.ʌ.jo.i.tʃe],[tʃʰat̚.at̚.ʌ.jo.i.dʒe]
한 일이니,9,[han.il.i.ni],[han.il.i.ni]
찾았어요 좋아요,9,[tʃʰat̚.at̚.ʌ.jo.tʃot̚.a.jo],[tʃʰat̚.at̚.ʌ.jo.dʒot̚.a.jo]
찾았어요 좋아,9,[tʃʰat̚.at̚.ʌ.jo.tʃot̚.a],[tʃʰat̚.at̚.ʌ.jo.dʒot̚.a]
날 나도,9,[nal.la.to],[nal.la.do]
한 일이죠,9,[han.il.i.tʃjo],[han.il.i.dʒjo]
의자에 묶인,9,[ɯi.tʃa.e.muk̚.in],[ɯi.dʒa.e.muk̚.in]
찾았잖아 왜,9,[tʃʰat̚.at̚.tʃan.a.wɛ],[tʃʰat̚.at̚.tʃan.a.wɛ]
미안하긴 한데,9,[mi.an.ha.kin.han.te],[mi.an.ha.gin.han.te]
미안하네 괜찮아요,9,[mi.an.ha.ne.kwɛn.tʃʰan.a.jo],[mi.an.ha.ne.gwɛn.tʃʰan.a.jo]
한 입 먹고,9,[han.ip̚.mʌk̚.ko],[han.ip̚.mʌk̚.ko]
please deal,9,,
찾으러 갑니다,9,[tʃʰat̚.ɯ.ɾʌ.kap̚.ni.ta],[tʃʰat̚.ɯ.ɾʌ.gap̚.ni.da]
날 납치하려,9,[nal.lap̚.tʃʰi.ha.ɾjʌ],[nal.lap̚.tʃʰi.ha.ɾjʌ]
부족하다는 거야,9,[pu.tʃok̚.ha.ta.nɯŋ.kʌ.ja],[bu.dʒok̚.ha.da.nɯn.gʌ.ja]
의자에 앉지,9,[ɯi.tʃa.e.an.tʃi],[ɯi.dʒa.e.an.tʃi]
찾으러 다닐,9,[tʃʰat̚.ɯ.ɾʌ.ta.nil],[tʃʰat̚.ɯ.ɾʌ.da.nil]
보고할 만한,9,[po.ko.hal.man.han],[bo.go.hal.man.han]
미안하다 그리고,9,[mi.an.ha.ta.kɯ.ɾi.ko],[mi.an.ha.da.gɯ.ɾi.go]
미안하다 나,9,[mi.an.ha.ta.na],[mi.an.ha.da.na]
날 납치했어요,9,[nal.lap̚.tʃʰi.hɛt̚.ʌ.jo],[nal.lap̚.tʃʰi.hɛt̚.ʌ.jo]
미안하다 아빠,9,[mi.an.ha.ta.a.p͈a],[mi.an.ha.da.a.p͈a]
찾으려 했어요,9,[tʃʰat̚.ɯ.ɾjʌ.hɛt̚.ʌ.jo],[tʃʰat̚.ɯ.ɾjʌ.hɛt̚.ʌ.jo]
찾으려고 애쓰고,9,[tʃʰat̚.ɯ.ɾjʌ.ko.ɛ.s͈ɯ.ko],[tʃʰat̚.ɯ.ɾjʌ.go.ɛ.s͈ɯ.go]
찾으려고 이,9,[tʃʰat̚.ɯ.ɾjʌ.ko.i],[tʃʰat̚.ɯ.ɾjʌ.go.i]
계속 마셔,9,[kje.sok̚.ma.sjʌ],[gje.sok̚.ma.sjʌ]
찾으려다 살인범이 된,9,[tʃʰat̚.ɯ.ɾjʌ.ta.sal.im.pʌm.i.twen],[tʃʰat̚.ɯ.ɾjʌ.da.sal.im.pʌm.i.dwen]
찾으려다 살인범이 된 주인공에게,9,[tʃʰat̚.ɯ.ɾjʌ.ta.sal.im.pʌm.i.twen.tʃu.iŋ.koŋ.e.ke],[tʃʰat̚.ɯ.ɾjʌ.da.sal.im.pʌm.i.dwen.dʒu.iŋ.koŋ.e.ge]
찾으면 될,9,[tʃʰat̚.ɯ.mjʌn.twel],[tʃʰat̚.ɯ.mjʌn.dwel]
찾으면 됩니다,9,[tʃʰat̚.ɯ.mjʌn.twep̚.ni.ta],[tʃʰat̚.ɯ.mjʌn.dwep̚.ni.da]
미안하다고 전해주세요,9,[mi.an.ha.ta.ko.tʃʌn.hɛ.tʃu.se.jo],[mi.an.ha.da.go.dʒʌn.hɛ.dʒu.se.jo]
한 잔 마실래,9,[han.tʃan.ma.sil.ɾɛ],[han.dʒan.ma.sil.ɾɛ]
찾으면 알게,9,[tʃʰat̚.ɯ.mjʌn.al.ke],[tʃʰat̚.ɯ.mjʌn.al.ke]
미안하다고 해요,9,[mi.an.ha.ta.ko.hɛ.jo],[mi.an.ha.da.go.hɛ.jo]
찾으면 우리,9,[tʃʰat̚.ɯ.mjʌn.u.ɾi],[tʃʰat̚.ɯ.mjʌn.u.ɾi]
찾으면 이제,9,[tʃʰat̚.ɯ.mjʌn.i.tʃe],[tʃʰat̚.ɯ.mjʌn.i.dʒe]
날 너희,9,[nal.lʌ.hɯi],[nal.lʌ.hɯi]
찾으시는 것,9,[tʃʰat̚.ɯ.si.nɯŋ.kʌt̚],[tʃʰat̚.ɯ.si.nɯn.gʌt̚]
찾으시는 게 있나요,9,[tʃʰat̚.ɯ.si.nɯŋ.ke.it̚.na.jo],[tʃʰat̚.ɯ.si.nɯn.ge.it̚.na.jo]
중요한 걸 잊고,9,[tʃuŋ.jo.haŋ.kʌl.it̚.ko],[dʒuŋ.jo.han.gʌl.it̚.ko]
계속 말도,9,[kje.sok̚.mal.to],[gje.sok̚.mal.to]
미안하지도 않아,9,[mi.an.ha.tʃi.to.an.a],[mi.an.ha.dʒi.do.an.a]
찾은 거고,9,[tʃʰat̚.ɯŋ.kʌ.ko],[tʃʰat̚.ɯn.gʌ.go]
찾은 거라고,9,[tʃʰat̚.ɯŋ.kʌ.ɾa.ko],[tʃʰat̚.ɯn.gʌ.ɾa.go]
계속 말이,9,[kje.sok̚.mal.i],[gje.sok̚.mal.i]
찾은 것이,9,[tʃʰat̚.ɯŋ.kʌt̚.i],[tʃʰat̚.ɯn.gʌt̚.i]
의하면 그들은,9,[ɯi.ha.mjʌŋ.kɯ.tɯl.ɯn],[ɯi.ha.mjʌn.gɯ.dɯl.ɯn]
간에 이제,9,[kan.e.i.tʃe],[gan.e.i.dʒe]
걸 깨달았어 그래서,9,[kʌl.k͈ɛ.tal.at̚.ʌ.kɯ.ɾɛ.sʌ],[gʌl.k͈ɛ.dal.at̚.ʌ.gɯ.ɾɛ.sʌ]
의하면 나는,9,[ɯi.ha.mjʌn.na.nɯn],[ɯi.ha.mjʌn.na.nɯn]
중요한 것들은,9,[tʃuŋ.jo.haŋ.kʌt̚.tɯl.ɯn],[dʒuŋ.jo.han.gʌt̚.tɯl.ɯn]
미안하지만 무슨 말인지,9,[mi.an.ha.tʃi.man.mu.sɯn.mal.in.tʃi],[mi.an.ha.dʒi.man.mu.sɯn.mal.in.tʃi]
화장 고치고,9,[hwa.tʃaŋ.ko.tʃʰi.ko],[hwa.dʒaŋ.go.tʃʰi.go]
관심이 없는 것,9,[kwan.sim.i.ʌp̚.nɯŋ.kʌt̚],[gwan.sim.i.ʌp̚.nɯn.gʌt̚]
찾을 거야 나는,9,[tʃʰat̚.ɯl.kʌ.ja.na.nɯn],[tʃʰat̚.ɯl.gʌ.ja.na.nɯn]
찾을 거야 넌,9,[tʃʰat̚.ɯl.kʌ.ja.nʌn],[tʃʰat̚.ɯl.gʌ.ja.nʌn]
찾을 거야 네,9,[tʃʰat̚.ɯl.kʌ.ja.ne],[tʃʰat̚.ɯl.gʌ.ja.ne]
찾을 거야 우리가,9,[tʃʰat̚.ɯl.kʌ.ja.u.ɾi.ka],[tʃʰat̚.ɯl.gʌ.ja.u.ɾi.ga]
You should come,9,,
찾을 길이,9,[tʃʰat̚.ɯl.kil.i],[tʃʰat̚.ɯl.gil.i]
미안하지만 이미,9,[mi.an.ha.tʃi.man.i.mi],[mi.an.ha.dʒi.man.i.mi]
의한 것,9,[ɯi.haŋ.kʌt̚],[ɯi.han.gʌt̚]
계속 말해봐요,9,[kje.sok̚.mal.hɛ.pwa.jo],[gje.sok̚.mal.hɛ.bwa.jo]
날 누군가,9,[nal.lu.kuŋ.ka],[nal.lu.guŋ.ka]
찾을 수 없었습니다,9,[tʃʰat̚.ɯl.su.ʌp̚.ʌt̚.sɯp̚.ni.ta],[tʃʰat̚.ɯl.su.ʌp̚.ʌt̚.sɯp̚.ni.da]
찾을 수 있기를,9,[tʃʰat̚.ɯl.su.it̚.ki.ɾɯl],[tʃʰat̚.ɯl.su.it̚.ki.ɾɯl]
한 장요,9,[han.tʃaŋ.jo],[han.dʒaŋ.jo]
찾을 수 있나요,9,[tʃʰat̚.ɯl.su.it̚.na.jo],[tʃʰat̚.ɯl.su.it̚.na.jo]
찾을 수 있는데,9,[tʃʰat̚.ɯl.su.it̚.nɯn.te],[tʃʰat̚.ɯl.su.it̚.nɯn.te]
가요 진짜,9,[ka.jo.tʃin.tʃ͈a],[ga.jo.dʒin.tʃ͈a]
미안한데 당신,9,[mi.an.han.te.taŋ.sin],[mi.an.han.te.daŋ.sin]
찾을 수 있을 거다,9,[tʃʰat̚.ɯl.su.it̚.ɯl.kʌ.ta],[tʃʰat̚.ɯl.su.it̚.ɯl.gʌ.da]
찾을 수 있을 거,9,[tʃʰat̚.ɯl.su.it̚.ɯl.kʌ],[tʃʰat̚.ɯl.su.it̚.ɯl.gʌ]
날 당신의,9,[nal.taŋ.sin.ɯi],[nal.daŋ.sin.ɯi]
미안한데 어떻게,9,[mi.an.han.te.ʌ.t͈ʌt̚.ke],[mi.an.han.te.ʌ.t͈ʌt̚.ke]
계속 머물,9,[kje.sok̚.mʌ.mul],[gje.sok̚.mʌ.mul]
찾을 수나,9,[tʃʰat̚.ɯl.su.na],[tʃʰat̚.ɯl.su.na]
보글보글 끓는다,9,[po.kɯl.po.kɯl.k͈ɯl.lɯn.ta],[bo.gɯl.po.gɯl.k͈ɯl.lɯn.ta]
중요한 건가,9,[tʃuŋ.jo.haŋ.kʌŋ.ka],[dʒuŋ.jo.han.gʌŋ.ka]
날 더 나은,9,[nal.tʌ.na.ɯn],[nal.dʌ.na.ɯn]
한 적이 없는,9,[han.tʃʌk̚.i.ʌp̚.nɯn],[han.dʒʌk̚.i.ʌp̚.nɯn]
한 적이 없어서,9,[han.tʃʌk̚.i.ʌp̚.ʌ.sʌ],[han.dʒʌk̚.i.ʌp̚.ʌ.sʌ]
be fixed,9,,
한 적이 있나,9,[han.tʃʌk̚.i.it̚.na],[han.dʒʌk̚.i.it̚.na]
보기 시작했죠,9,[po.ki.si.tʃak̚.hɛt̚.tʃjo],[bo.gi.si.dʒak̚.hɛt̚.tʃjo]
not what I,9,,
미안합니다 내,9,[mi.an.hap̚.ni.ta.nɛ],[mi.an.hap̚.ni.da.nɛ]
미안합니다 내가,9,[mi.an.hap̚.ni.ta.nɛ.ka],[mi.an.hap̚.ni.da.nɛ.ga]
미안합니다 정말,9,[mi.an.hap̚.ni.ta.tʃʌŋ.mal],[mi.an.hap̚.ni.da.dʒʌŋ.mal]
That''s why we,9,,
아니라 방금,9,[a.ni.ɾa.paŋ.kɯm],[a.ni.ɾa.baŋ.gɯm]
미안해 같이,9,[mi.an.hɛ.kat̚.i],[mi.an.hɛ.gat̚.i]
한 점이,9,[han.tʃʌm.i],[han.dʒʌm.i]
채 내,9,[tʃʰɛ.nɛ],[tʃʰɛ.nɛ]
채 너를,9,[tʃʰɛ.nʌ.ɾɯl],[tʃʰɛ.nʌ.ɾɯl]
미안해 괜히,9,[mi.an.hɛ.kwɛn.hi],[mi.an.hɛ.gwɛn.hi]
의향이 있는,9,[ɯi.hjaŋ.i.it̚.nɯn],[ɯi.hjaŋ.i.it̚.nɯn]
내 집에 있어,9,[nɛ.tʃip̚.e.it̚.ʌ],[nɛ.dʒip̚.e.it̚.ʌ]
잘리는 거야,9,[tʃal.ɾi.nɯŋ.kʌ.ja],[dʒal.ɾi.nɯn.gʌ.ja]
채 안 됐어요,9,[tʃʰɛ.an.twɛt̚.ʌ.jo],[tʃʰɛ.an.dwɛt̚.ʌ.jo]
채경의 다급한,9,[tʃʰɛ.kjʌŋ.ɯi.ta.kɯp̚.han],[tʃʰɛ.gjʌŋ.ɯi.da.gɯp̚.han]
채경의 옅은,9,[tʃʰɛ.kjʌŋ.ɯi.jʌt̚.ɯn],[tʃʰɛ.gjʌŋ.ɯi.jʌt̚.ɯn]
한 주도,9,[han.tʃu.to],[han.dʒu.do]
계속 물어보고,9,[kje.sok̚.mul.ʌ.po.ko],[gje.sok̚.mul.ʌ.bo.go]
not with,9,,
채널 좀,9,[tʃʰɛ.nʌl.tʃom],[tʃʰɛ.nʌl.dʒom]
미안해 나중에,9,[mi.an.hɛ.na.tʃuŋ.e],[mi.an.hɛ.na.dʒuŋ.e]
한 주였지,9,[han.tʃu.jʌt̚.tʃi],[han.dʒu.jʌt̚.tʃi]
이 PD님,9,[i.nim],[i.nim]
채로 발견되다,9,[tʃʰɛ.ɾo.pal.kjʌn.twe.ta],[tʃʰɛ.ɾo.bal.kjʌn.twe.da]
간장 공장 공장장은,9,[kan.tʃaŋ.koŋ.tʃaŋ.koŋ.tʃaŋ.tʃaŋ.ɯn],[gan.tʃaŋ.goŋ.dʒaŋ.goŋ.dʒaŋ.dʒaŋ.ɯn]
채로 있는,9,[tʃʰɛ.ɾo.it̚.nɯn],[tʃʰɛ.ɾo.it̚.nɯn]
한 줄은,9,[han.tʃul.ɯn],[han.dʒul.ɯn]
한 줄을,9,[han.tʃul.ɯl],[han.dʒul.ɯl]
화장실 창문으로,9,[hwa.tʃaŋ.sil.tʃʰaŋ.mun.ɯ.ɾo],[hwa.dʒaŋ.sil.tʃʰaŋ.mun.ɯ.ɾo]
미안해 너희,9,[mi.an.hɛ.nʌ.hɯi],[mi.an.hɛ.nʌ.hɯi]
날 도와주기로,9,[nal.to.wa.tʃu.ki.ɾo],[nal.do.wa.dʒu.gi.ɾo]
날 도와주러 온,9,[nal.to.wa.tʃu.ɾʌ.on],[nal.do.wa.dʒu.ɾʌ.on]
채울 거예요,9,[tʃʰɛ.ul.kʌ.je.jo],[tʃʰɛ.ul.gʌ.je.jo]
채울 수 있어요,9,[tʃʰɛ.ul.su.it̚.ʌ.jo],[tʃʰɛ.ul.su.it̚.ʌ.jo]
채워 줘요,9,[tʃʰɛ.wʌ.tʃwʌ.jo],[tʃʰɛ.wʌ.dʒwʌ.jo]
한 지붕 아래에서,9,[han.tʃi.puŋ.a.ɾɛ.e.sʌ],[han.dʒi.buŋ.a.ɾɛ.e.sʌ]
채워져 있어,9,[tʃʰɛ.wʌ.tʃjʌ.it̚.ʌ],[tʃʰɛ.wʌ.dʒjʌ.it̚.ʌ]
한 직원이,9,[han.tʃik̚.wʌn.i],[han.dʒik̚.wʌn.i]
채택될 수 있습니다,9,[tʃʰɛ.tʰɛk̚.twel.su.it̚.sɯp̚.ni.ta],[tʃʰɛ.tʰɛk̚.twel.su.it̚.sɯp̚.ni.da]
책 가지고,9,[tʃʰɛk̚.ka.tʃi.ko],[tʃʰɛk̚.ga.dʒi.go]
미안해 멍청한,9,[mi.an.hɛ.mʌŋ.tʃʰʌŋ.han],[mi.an.hɛ.mʌŋ.tʃʰʌŋ.han]
미안해 무슨 일,9,[mi.an.hɛ.mu.sɯn.il],[mi.an.hɛ.mu.sɯn.il]
미안해 무슨 일 있어,9,[mi.an.hɛ.mu.sɯn.il.it̚.ʌ],[mi.an.hɛ.mu.sɯn.il.it̚.ʌ]
책 살,9,[tʃʰɛk̚.sal],[tʃʰɛk̚.sal]
미안해 뭐라고,9,[mi.an.hɛ.mwʌ.ɾa.ko],[mi.an.hɛ.mwʌ.ɾa.go]
계속 받고,9,[kje.sok̚.pat̚.ko],[gje.sok̚.bat̚.ko]
미안해 미안하다,9,[mi.an.hɛ.mi.an.ha.ta],[mi.an.hɛ.mi.an.ha.da]
날 도와줘야 해요,9,[nal.to.wa.tʃwʌ.ja.hɛ.jo],[nal.do.wa.dʒwʌ.ja.hɛ.jo]
날 도와줘야겠어,9,[nal.to.wa.tʃwʌ.ja.ket̚.ʌ],[nal.do.wa.dʒwʌ.ja.get̚.ʌ]
한 짓을 봤어,9,[han.tʃit̚.ɯl.pwat̚.ʌ],[han.dʒit̚.ɯl.bwat̚.ʌ]
아니라 아무,9,[a.ni.ɾa.a.mu],[a.ni.ɾa.a.mu]
책 전체를,9,[tʃʰɛk̚.tʃʌn.tʃʰe.ɾɯl],[tʃʰɛk̚.dʒʌn.tʃʰe.ɾɯl]
책 좀 읽어,9,[tʃʰɛk̚.tʃom.ik̚.ʌ],[tʃʰɛk̚.dʒom.ik̚.ʌ]
날 도와줬지,9,[nal.to.wa.tʃwʌt̚.tʃi],[nal.do.wa.dʒwʌt̚.tʃi]
때 가장 중요한 건,9,[t͈ɛ.ka.tʃaŋ.tʃuŋ.jo.haŋ.kʌn],[t͈ɛ.ga.dʒaŋ.dʒuŋ.jo.han.gʌn]
날 도우려,9,[nal.to.u.ɾjʌ],[nal.do.u.ɾjʌ]
책도 좀,9,[tʃʰɛk̚.to.tʃom],[tʃʰɛk̚.to.dʒom]
책상 뒤에서,9,[tʃʰɛk̚.saŋ.twi.e.sʌ],[tʃʰɛk̚.saŋ.dwi.e.sʌ]
날 도울 수 없어,9,[nal.to.ul.su.ʌp̚.ʌ],[nal.do.ul.su.ʌp̚.ʌ]
책상 안에,9,[tʃʰɛk̚.saŋ.an.e],[tʃʰɛk̚.saŋ.an.e]
미안해 어서,9,[mi.an.hɛ.ʌ.sʌ],[mi.an.hɛ.ʌ.sʌ]
무적도 될 수 있어,9,[mu.tʃʌk̚.to.twel.su.it̚.ʌ],[mu.dʒʌk̚.to.dwel.su.it̚.ʌ]
미안해 어쨌든,9,[mi.an.hɛ.ʌ.tʃ͈ɛt̚.tɯn],[mi.an.hɛ.ʌ.tʃ͈ɛt̚.tɯn]
책에 나와,9,[tʃʰɛk̚.e.na.wa],[tʃʰɛk̚.e.na.wa]
미안해 오늘은,9,[mi.an.hɛ.o.nɯl.ɯn],[mi.an.hɛ.o.nɯl.ɯn]
간절히 원해,9,[kan.tʃʌl.hi.wʌn.hɛ],[gan.tʃʌl.hi.wʌn.hɛ]
책은 뭐야,9,[tʃʰɛk̚.ɯn.mwʌ.ja],[tʃʰɛk̚.ɯn.mwʌ.ja]
Maybe they,9,,
계속 보내,9,[kje.sok̚.po.nɛ],[gje.sok̚.bo.nɛ]
책을 보면,9,[tʃʰɛk̚.ɯl.po.mjʌn],[tʃʰɛk̚.ɯl.bo.mjʌn]
화장실을 찾고 있었어요,9,[hwa.tʃaŋ.sil.ɯl.tʃʰat̚.ko.it̚.ʌt̚.ʌ.jo],[hwa.dʒaŋ.sil.ɯl.tʃʰat̚.ko.it̚.ʌt̚.ʌ.jo]
책을 쓸 수,9,[tʃʰɛk̚.ɯl.s͈ɯl.su],[tʃʰɛk̚.ɯl.s͈ɯl.su]
미안해 이리 와,9,[mi.an.hɛ.i.ɾi.wa],[mi.an.hɛ.i.ɾi.wa]
내 짓이 아니야,9,[nɛ.tʃit̚.i.a.ni.ja],[nɛ.dʒit̚.i.a.ni.ja]
미안해 이번,9,[mi.an.hɛ.i.pʌn],[mi.an.hɛ.i.bʌn]
의회를 위해,9,[ɯi.hwe.ɾɯl.wi.hɛ],[ɯi.hwe.ɾɯl.wi.hɛ]
책을 읽어야,9,[tʃʰɛk̚.ɯl.ik̚.ʌ.ja],[tʃʰɛk̚.ɯl.ik̚.ʌ.ja]
책을 읽었지,9,[tʃʰɛk̚.ɯl.ik̚.ʌt̚.tʃi],[tʃʰɛk̚.ɯl.ik̚.ʌt̚.tʃi]
책을 찾아서,9,[tʃʰɛk̚.ɯl.tʃʰat̚.a.sʌ],[tʃʰɛk̚.ɯl.tʃʰat̚.a.sʌ]
미안해 전화,9,[mi.an.hɛ.tʃʌn.hwa],[mi.an.hɛ.dʒʌn.hwa]
날 두려워,9,[nal.tu.ɾjʌ.wʌ],[nal.du.ɾjʌ.wʌ]
이 거울,9,[i.kʌ.ul],[i.gʌ.ul]
날 들여보내 줘,9,[nal.tɯl.jʌ.po.nɛ.tʃwʌ],[nal.dɯl.jʌ.bo.nɛ.dʒwʌ]
미안해 하지마,9,[mi.an.hɛ.ha.tʃi.ma],[mi.an.hɛ.ha.dʒi.ma]
날 따뜻하게,9,[nal.t͈a.t͈ɯt̚.ha.ke],[nal.t͈a.t͈ɯt̚.ha.ge]
미안해 할 필요,9,[mi.an.hɛ.hal.pʰil.jo],[mi.an.hɛ.hal.pʰil.jo]
책임을 져야 한다고,9,[tʃʰɛk̚.im.ɯl.tʃjʌ.ja.han.ta.ko],[tʃʰɛk̚.im.ɯl.dʒjʌ.ja.han.ta.go]
책임을 져야 합니다,9,[tʃʰɛk̚.im.ɯl.tʃjʌ.ja.hap̚.ni.ta],[tʃʰɛk̚.im.ɯl.dʒjʌ.ja.hap̚.ni.da]
책임을 져야 해요,9,[tʃʰɛk̚.im.ɯl.tʃjʌ.ja.hɛ.jo],[tʃʰɛk̚.im.ɯl.dʒjʌ.ja.hɛ.jo]
책임을 진,9,[tʃʰɛk̚.im.ɯl.tʃin],[tʃʰɛk̚.im.ɯl.dʒin]
그만해 아,9,[kɯ.man.hɛ.a],[gɯ.man.hɛ.a]
책임이 아니라는,9,[tʃʰɛk̚.im.i.a.ni.ɾa.nɯn],[tʃʰɛk̚.im.i.a.ni.ɾa.nɯn]
미안해요 그래서,9,[mi.an.hɛ.jo.kɯ.ɾɛ.sʌ],[mi.an.hɛ.jo.gɯ.ɾɛ.sʌ]
미안해요 그래요,9,[mi.an.hɛ.jo.kɯ.ɾɛ.jo],[mi.an.hɛ.jo.gɯ.ɾɛ.jo]
미안해요 그러니까,9,[mi.an.hɛ.jo.kɯ.ɾʌ.ni.k͈a],[mi.an.hɛ.jo.gɯ.ɾʌ.ni.k͈a]
책임이 있는 사람,9,[tʃʰɛk̚.im.i.it̚.nɯn.sa.ɾam],[tʃʰɛk̚.im.i.it̚.nɯn.sa.ɾam]
책임이 있다고요,9,[tʃʰɛk̚.im.i.it̚.ta.ko.jo],[tʃʰɛk̚.im.i.it̚.ta.go.jo]
그만해 안 돼,9,[kɯ.man.hɛ.an.twɛ],[gɯ.man.hɛ.an.dwɛ]
때 그 사람,9,[t͈ɛ.kɯ.sa.ɾam],[t͈ɛ.gɯ.sa.ɾam]
책임자와 얘기하고,9,[tʃʰɛk̚.in.tʃa.wa.jɛ.ki.ha.ko],[tʃʰɛk̚.in.tʃa.wa.jɛ.gi.ha.go]
책임지고 있죠,9,[tʃʰɛk̚.in.tʃi.ko.it̚.tʃjo],[tʃʰɛk̚.in.tʃi.go.it̚.tʃjo]
날 때는,9,[nal.t͈ɛ.nɯn],[nal.t͈ɛ.nɯn]
미안해요 당신과,9,[mi.an.hɛ.jo.taŋ.siŋ.kwa],[mi.an.hɛ.jo.daŋ.siŋ.kwa]
책임질 줄,9,[tʃʰɛk̚.in.tʃil.tʃul],[tʃʰɛk̚.in.tʃil.dʒul]
날 때렸잖아,9,[nal.t͈ɛ.ɾjʌt̚.tʃan.a],[nal.t͈ɛ.ɾjʌt̚.tʃan.a]
이 건에 대해서,9,[i.kʌn.e.tɛ.hɛ.sʌ],[i.gʌn.e.dɛ.hɛ.sʌ]
미안해요 뭐라고요,9,[mi.an.hɛ.jo.mwʌ.ɾa.ko.jo],[mi.an.hɛ.jo.mwʌ.ɾa.go.jo]
날 때릴 거야,9,[nal.t͈ɛ.ɾil.kʌ.ja],[nal.t͈ɛ.ɾil.gʌ.ja]
미안해요 뭘,9,[mi.an.hɛ.jo.mwʌl],[mi.an.hɛ.jo.mwʌl]
미안해요 미안할,9,[mi.an.hɛ.jo.mi.an.hal],[mi.an.hɛ.jo.mi.an.hal]
챙겨 가야지,9,[tʃʰɛŋ.kjʌ.ka.ja.tʃi],[tʃʰɛŋ.gjʌ.ga.ja.dʒi]
챙겨 가요,9,[tʃʰɛŋ.kjʌ.ka.jo],[tʃʰɛŋ.gjʌ.ga.jo]
미안해요 미안해요 미안해요,9,[mi.an.hɛ.jo.mi.an.hɛ.jo.mi.an.hɛ.jo],[mi.an.hɛ.jo.mi.an.hɛ.jo.mi.an.hɛ.jo]
미안해요 사과는,9,[mi.an.hɛ.jo.sa.kwa.nɯn],[mi.an.hɛ.jo.sa.gwa.nɯn]
한 해가 될,9,[han.hɛ.ka.twel],[han.hɛ.ga.dwel]
미안해요 아까,9,[mi.an.hɛ.jo.a.k͈a],[mi.an.hɛ.jo.a.k͈a]
부탁 하나만 해도 돼요,9,[pu.tʰak̚.ha.na.man.hɛ.to.twɛ.jo],[bu.tʰak̚.ha.na.man.hɛ.do.dwɛ.jo]
챙겨 입고,9,[tʃʰɛŋ.kjʌ.ip̚.ko],[tʃʰɛŋ.gjʌ.ip̚.ko]
챙겨 입어,9,[tʃʰɛŋ.kjʌ.ip̚.ʌ],[tʃʰɛŋ.gjʌ.ip̚.ʌ]
미안해요 아니야,9,[mi.an.hɛ.jo.a.ni.ja],[mi.an.hɛ.jo.a.ni.ja]
날 떠나야,9,[nal.t͈ʌ.na.ja],[nal.t͈ʌ.na.ja]
챙겨 줘서,9,[tʃʰɛŋ.kjʌ.tʃwʌ.sʌ],[tʃʰɛŋ.gjʌ.dʒwʌ.sʌ]
간직할 수 있는,9,[kan.tʃik̚.hal.su.it̚.nɯn],[gan.tʃik̚.hal.su.it̚.nɯn]
가지고 있을거야,9,[ka.tʃi.ko.it̚.ɯl.kʌ.ja],[ga.dʒi.go.it̚.ɯl.kʌ.ja]
날 떠나지 않을,9,[nal.t͈ʌ.na.tʃi.an.ɯl],[nal.t͈ʌ.na.dʒi.an.ɯl]
미안해요 얼마나,9,[mi.an.hɛ.jo.ʌl.ma.na],[mi.an.hɛ.jo.ʌl.ma.na]
미안해요 여기서,9,[mi.an.hɛ.jo.jʌ.ki.sʌ],[mi.an.hɛ.jo.jʌ.gi.sʌ]
계속 살펴봐,9,[kje.sok̚.sal.pʰjʌ.pwa],[gje.sok̚.sal.pʰjʌ.bwa]
챙긴 거야,9,[tʃʰɛŋ.kiŋ.kʌ.ja],[tʃʰɛŋ.gin.gʌ.ja]
챙길 수 있어,9,[tʃʰɛŋ.kil.su.it̚.ʌ],[tʃʰɛŋ.gil.su.it̚.ʌ]
챙길 줄,9,[tʃʰɛŋ.kil.tʃul],[tʃʰɛŋ.gil.dʒul]
챠란코 선수,9,[tʃʰja.ɾaŋ.kʰo.sʌn.su],[tʃʰja.ɾaŋ.kʰo.sʌn.su]
미안해요 일이,9,[mi.an.hɛ.jo.il.i],[mi.an.hɛ.jo.il.i]
계속 생각,9,[kje.sok̚.sɛŋ.kak̚],[gje.sok̚.sɛŋ.gak̚]
처럼 나도,9,[tʃʰʌ.ɾʌm.na.to],[tʃʰʌ.ɾʌm.na.do]
때 그도,9,[t͈ɛ.kɯ.to],[t͈ɛ.gɯ.do]
부탁드립니다 감사합니다,9,[pu.tʰak̚.tɯ.ɾip̚.ni.ta.kam.sa.hap̚.ni.ta],[bu.tʰak̚.tɯ.ɾip̚.ni.da.gam.sa.hap̚.ni.da]
처리 될,9,[tʃʰʌ.ɾi.twel],[tʃʰʌ.ɾi.dwel]
처리 중인데,9,[tʃʰʌ.ɾi.tʃuŋ.in.te],[tʃʰʌ.ɾi.dʒuŋ.in.te]
처리 해야,9,[tʃʰʌ.ɾi.hɛ.ja],[tʃʰʌ.ɾi.hɛ.ja]
부탁드립니다 잘 부탁드립니다,9,[pu.tʰak̚.tɯ.ɾip̚.ni.ta.tʃal.pu.tʰak̚.tɯ.ɾip̚.ni.ta],[bu.tʰak̚.tɯ.ɾip̚.ni.da.dʒal.bu.tʰak̚.tɯ.ɾip̚.ni.da]
가는 거 같아,9,[ka.nɯŋ.kʌ.kat̚.a],[ga.nɯn.gʌ.gat̚.a]
처리하고 나서,9,[tʃʰʌ.ɾi.ha.ko.na.sʌ],[tʃʰʌ.ɾi.ha.go.na.sʌ]
간호사 말로는,9,[kan.ho.sa.mal.ɾo.nɯn],[gan.ho.sa.mal.ɾo.nɯn]
처리하기 전에,9,[tʃʰʌ.ɾi.ha.ki.tʃʌn.e],[tʃʰʌ.ɾi.ha.gi.dʒʌn.e]
때 그랬지,9,[t͈ɛ.kɯ.ɾɛt̚.tʃi],[t͈ɛ.gɯ.ɾɛt̚.tʃi]
때 그랬죠,9,[t͈ɛ.kɯ.ɾɛt̚.tʃjo],[t͈ɛ.gɯ.ɾɛt̚.tʃjo]
처리할 거니까,9,[tʃʰʌ.ɾi.hal.kʌ.ni.k͈a],[tʃʰʌ.ɾi.hal.gʌ.ni.k͈a]
한거야 내가,9,[haŋ.kʌ.ja.nɛ.ka],[haŋ.kʌ.ja.nɛ.ga]
처리할 게 있어,9,[tʃʰʌ.ɾi.hal.ke.it̚.ʌ],[tʃʰʌ.ɾi.hal.ge.it̚.ʌ]
한가지 방법이,9,[haŋ.ka.tʃi.pam.pʌp̚.i],[haŋ.ka.dʒi.baŋ.bʌp̚.i]
처리할 서류가,9,[tʃʰʌ.ɾi.hal.sʌ.ɾju.ka],[tʃʰʌ.ɾi.hal.sʌ.ɾju.ga]
처리할 수 있겠어,9,[tʃʰʌ.ɾi.hal.su.it̚.ket̚.ʌ],[tʃʰʌ.ɾi.hal.su.it̚.ket̚.ʌ]
계속 서로,9,[kje.sok̚.sʌ.ɾo],[gje.sok̚.sʌ.ɾo]
이 고기,9,[i.ko.ki],[i.go.gi]
Maybe we can,9,,
간호사 한,9,[kan.ho.sa.han],[gan.ho.sa.han]
처리해야 했어,9,[tʃʰʌ.ɾi.hɛ.ja.hɛt̚.ʌ],[tʃʰʌ.ɾi.hɛ.ja.hɛt̚.ʌ]
때 그만,9,[t͈ɛ.kɯ.man],[t͈ɛ.gɯ.man]
날 만났을,9,[nal.man.nat̚.ɯl],[nal.man.nat̚.ɯl]
미진한 부분을,9,[mi.tʃin.ham.pu.pun.ɯl],[mi.dʒin.han.bu.bun.ɯl]
미처 깨닫지,9,[mi.tʃʰʌ.k͈ɛ.tat̚.tʃi],[mi.tʃʰʌ.k͈ɛ.dat̚.tʃi]
미처 몰랐던,9,[mi.tʃʰʌ.mol.ɾat̚.tʌn],[mi.tʃʰʌ.mol.ɾat̚.tʌn]
계속 수사,9,[kje.sok̚.su.sa],[gje.sok̚.su.sa]
처벌을 원하지,9,[tʃʰʌ.pʌl.ɯl.wʌn.ha.tʃi],[tʃʰʌ.bʌl.ɯl.wʌn.ha.dʒi]
계속 술,9,[kje.sok̚.sul],[gje.sok̚.sul]
내 책상으로,9,[nɛ.tʃʰɛk̚.saŋ.ɯ.ɾo],[nɛ.tʃʰɛk̚.saŋ.ɯ.ɾo]
날 만지는,9,[nal.man.tʃi.nɯn],[nal.man.tʃi.nɯn]
날 만질,9,[nal.man.tʃil],[nal.man.tʃil]
걸 내가 어떻게 알아,9,[kʌl.lɛ.ka.ʌ.t͈ʌt̚.ke.al.a],[gʌl.lɛ.ga.ʌ.t͈ʌt̚.ke.al.a]
처음 내게,9,[tʃʰʌ.ɯm.nɛ.ke],[tʃʰʌ.ɯm.nɛ.ge]
처음 데려왔을,9,[tʃʰʌ.ɯn.te.ɾjʌ.wat̚.ɯl],[tʃʰʌ.ɯm.de.ɾjʌ.wat̚.ɯl]
미쳐 진짜,9,[mi.tʃʰjʌ.tʃin.tʃ͈a],[mi.tʃʰjʌ.dʒin.tʃ͈a]
이 곳에 있는,9,[i.kot̚.e.it̚.nɯn],[i.got̚.e.it̚.nɯn]
보내고 와,9,[po.nɛ.ko.wa],[bo.nɛ.go.wa]
nothing you,9,,
보내고 있네,9,[po.nɛ.ko.it̚.ne],[bo.nɛ.go.it̚.ne]
이 공연은,9,[i.koŋ.jʌn.ɯn],[i.goŋ.jʌn.ɯn]
처음 만났을 때 내가,9,[tʃʰʌ.ɯm.man.nat̚.ɯl.t͈ɛ.nɛ.ka],[tʃʰʌ.ɯm.man.nat̚.ɯl.t͈ɛ.nɛ.ga]
계속 시간을,9,[kje.sok̚.si.kan.ɯl],[gje.sok̚.si.gan.ɯl]
Maybe you can,9,,
처음 말했을,9,[tʃʰʌ.ɯm.mal.hɛt̚.ɯl],[tʃʰʌ.ɯm.mal.hɛt̚.ɯl]
미쳤다고 생각하겠지,9,[mi.tʃʰjʌt̚.ta.ko.sɛŋ.kak̚.ha.ket̚.tʃi],[mi.tʃʰjʌt̚.ta.go.sɛŋ.gak̚.ha.get̚.tʃi]
이 공원을,9,[i.koŋ.wʌn.ɯl],[i.goŋ.wʌn.ɯl]
아니라고 생각하는 거야,9,[a.ni.ɾa.ko.sɛŋ.kak̚.ha.nɯŋ.kʌ.ja],[a.ni.ɾa.go.sɛŋ.gak̚.ha.nɯn.gʌ.ja]
계속 시청할까요,9,[kje.sok̚.si.tʃʰʌŋ.hal.k͈a.jo],[gje.sok̚.si.tʃʰʌŋ.hal.k͈a.jo]
미쳤다고 했을,9,[mi.tʃʰjʌt̚.ta.ko.hɛt̚.ɯl],[mi.tʃʰjʌt̚.ta.go.hɛt̚.ɯl]
처음 보는군요,9,[tʃʰʌ.ɯm.po.nɯŋ.kun.jo],[tʃʰʌ.ɯm.bo.nɯŋ.kun.jo]
미쳤다고 했죠,9,[mi.tʃʰjʌt̚.ta.ko.hɛt̚.tʃjo],[mi.tʃʰjʌt̚.ta.go.hɛt̚.tʃjo]
처음 본 거,9,[tʃʰʌ.ɯm.poŋ.kʌ],[tʃʰʌ.ɯm.bon.gʌ]
미쳤어 그래,9,[mi.tʃʰjʌt̚.ʌ.kɯ.ɾɛ],[mi.tʃʰjʌt̚.ʌ.gɯ.ɾɛ]
미쳤어 우린,9,[mi.tʃʰjʌt̚.ʌ.u.ɾin],[mi.tʃʰjʌt̚.ʌ.u.ɾin]
아니라고 안,9,[a.ni.ɾa.ko.an],[a.ni.ɾa.go.an]
날 모욕하려고,9,[nal.mo.jok̚.ha.ɾjʌ.ko],[nal.mo.jok̚.ha.ɾjʌ.go]
이 광고,9,[i.kwaŋ.ko],[i.gwaŋ.go]
날 모욕하지 마,9,[nal.mo.jok̚.ha.tʃi.ma],[nal.mo.jok̚.ha.dʒi.ma]
처음 부터,9,[tʃʰʌ.ɯm.pu.tʰʌ],[tʃʰʌ.ɯm.bu.tʰʌ]
처음 산,9,[tʃʰʌ.ɯm.san],[tʃʰʌ.ɯm.san]
처음 술,9,[tʃʰʌ.ɯm.sul],[tʃʰʌ.ɯm.sul]
날 모함한,9,[nal.mo.ham.han],[nal.mo.ham.han]
날 목,9,[nal.mok̚],[nal.mok̚]
처음 여기 왔을 땐,9,[tʃʰʌ.ɯm.jʌ.ki.wat̚.ɯl.t͈ɛn],[tʃʰʌ.ɯm.jʌ.gi.wat̚.ɯl.t͈ɛn]
이 괴상한,9,[i.kwe.saŋ.han],[i.gwe.saŋ.han]
이 괴짜야,9,[i.kwe.tʃ͈a.ja],[i.gwe.tʃ͈a.ja]
계속 쌓아,9,[kje.sok̚.s͈at̚.a],[gje.sok̚.s͈at̚.a]
처음 와 봐요,9,[tʃʰʌ.ɯm.wa.pwa.jo],[tʃʰʌ.ɯm.wa.bwa.jo]
처음 왔을 때부터,9,[tʃʰʌ.ɯm.wat̚.ɯl.t͈ɛ.pu.tʰʌ],[tʃʰʌ.ɯm.wat̚.ɯl.t͈ɛ.bu.tʰʌ]
고통을 안,9,[ko.tʰoŋ.ɯl.an],[go.tʰoŋ.ɯl.an]
그만해요 그만,9,[kɯ.man.hɛ.jo.kɯ.man],[gɯ.man.hɛ.jo.gɯ.man]
처음 일,9,[tʃʰʌ.ɯm.il],[tʃʰʌ.ɯm.il]
이 교회가,9,[i.kjo.hwe.ka],[i.gjo.hwe.ga]
내 첫사랑은,9,[nɛ.tʃʰʌt̚.sa.ɾaŋ.ɯn],[nɛ.tʃʰʌt̚.sa.ɾaŋ.ɯn]
이 구멍에,9,[i.ku.mʌŋ.e],[i.gu.mʌŋ.e]
and corrected,9,,
날 못 믿는구나,9,[nal.mot̚.mit̚.nɯŋ.ku.na],[nal.mot̚.mit̚.nɯŋ.ku.na]
처음도 아니잖아요,9,[tʃʰʌ.ɯn.to.a.ni.tʃan.a.jo],[tʃʰʌ.ɯn.to.a.ni.dʒan.a.jo]
처음도 아니지,9,[tʃʰʌ.ɯn.to.a.ni.tʃi],[tʃʰʌ.ɯn.to.a.ni.dʒi]
처음부터 그걸,9,[tʃʰʌ.ɯm.pu.tʰʌ.kɯ.kʌl],[tʃʰʌ.ɯm.pu.tʰʌ.gɯ.gʌl]
한다 전하,9,[han.ta.tʃʌn.ha],[han.ta.dʒʌn.ha]
미치지 않습니다,9,[mi.tʃʰi.tʃi.an.sɯp̚.ni.ta],[mi.tʃʰi.dʒi.an.sɯp̚.ni.da]
미치지 않았다고,9,[mi.tʃʰi.tʃi.an.at̚.ta.ko],[mi.tʃʰi.dʒi.an.at̚.ta.go]
날 못 볼 거야,9,[nal.mot̚.pol.kʌ.ja],[nal.mot̚.bol.gʌ.ja]
이 군대를,9,[i.kun.tɛ.ɾɯl],[i.gun.tɛ.ɾɯl]
미치지 않았어 난,9,[mi.tʃʰi.tʃi.an.at̚.ʌ.nan],[mi.tʃʰi.dʒi.an.at̚.ʌ.nan]
갑니다 좋아요,9,[kap̚.ni.ta.tʃot̚.a.jo],[gap̚.ni.da.dʒot̚.a.jo]
처음부터 시작하죠,9,[tʃʰʌ.ɯm.pu.tʰʌ.si.tʃak̚.ha.tʃjo],[tʃʰʌ.ɯm.pu.tʰʌ.si.dʒak̚.ha.dʒjo]
처음부터 없었던,9,[tʃʰʌ.ɯm.pu.tʰʌ.ʌp̚.ʌt̚.tʌn],[tʃʰʌ.ɯm.pu.tʰʌ.ʌp̚.ʌt̚.tʌn]
처음부터 없었어,9,[tʃʰʌ.ɯm.pu.tʰʌ.ʌp̚.ʌt̚.ʌ],[tʃʰʌ.ɯm.pu.tʰʌ.ʌp̚.ʌt̚.ʌ]
Ah font,9,,
계속 알고,9,[kje.sok̚.al.ko],[gje.sok̚.al.ko]
이 그리스,9,[i.kɯ.ɾi.sɯ],[i.gɯ.ɾi.sɯ]
보내는 시간을,9,[po.nɛ.nɯn.si.kan.ɯl],[bo.nɛ.nɯn.si.gan.ɯl]
처음부터 쭉,9,[tʃʰʌ.ɯm.pu.tʰʌ.tʃ͈uk̚],[tʃʰʌ.ɯm.pu.tʰʌ.tʃ͈uk̚]
처음에 말한,9,[tʃʰʌ.ɯm.e.mal.han],[tʃʰʌ.ɯm.e.mal.han]
가는 거 알고,9,[ka.nɯŋ.kʌ.al.ko],[ga.nɯn.gʌ.al.ko]
이 그림들을,9,[i.kɯ.ɾin.tɯl.ɯl],[i.gɯ.ɾin.tɯl.ɯl]
계속 압박해,9,[kje.sok̚.ap̚.pak̚.hɛ],[gje.sok̚.ap̚.pak̚.hɛ]
한다고 늘,9,[han.ta.ko.nɯl],[han.ta.go.nɯl]
처음으로 우리가,9,[tʃʰʌ.ɯm.ɯ.ɾo.u.ɾi.ka],[tʃʰʌ.ɯm.ɯ.ɾo.u.ɾi.ga]
처음으로 우리,9,[tʃʰʌ.ɯm.ɯ.ɾo.u.ɾi],[tʃʰʌ.ɯm.ɯ.ɾo.u.ɾi]
미친 세상,9,[mi.tʃʰin.se.saŋ],[mi.tʃʰin.se.saŋ]
한다고 생각하는 거,9,[han.ta.ko.sɛŋ.kak̚.ha.nɯŋ.kʌ],[han.ta.go.sɛŋ.gak̚.ha.nɯn.gʌ]
하는 게 좋은,9,[ha.nɯŋ.ke.tʃot̚.ɯn],[ha.nɯn.ge.dʒot̚.ɯn]
처음이 아니군요,9,[tʃʰʌ.ɯm.i.a.ni.kun.jo],[tʃʰʌ.ɯm.i.a.ni.gun.jo]
처음이 아니라,9,[tʃʰʌ.ɯm.i.a.ni.ɾa],[tʃʰʌ.ɯm.i.a.ni.ɾa]
처음이 아니었어,9,[tʃʰʌ.ɯm.i.a.ni.ʌt̚.ʌ],[tʃʰʌ.ɯm.i.a.ni.ʌt̚.ʌ]
처음이 아닌,9,[tʃʰʌ.ɯm.i.a.nin],[tʃʰʌ.ɯm.i.a.nin]
이 근처일,9,[i.kɯn.tʃʰʌ.il],[i.gɯn.tʃʰʌ.il]
처음이 제일,9,[tʃʰʌ.ɯm.i.tʃe.il],[tʃʰʌ.ɯm.i.dʒe.il]
갇혀 있었죠,9,[kat̚.hjʌ.it̚.ʌt̚.tʃjo],[gat̚.hjʌ.it̚.ʌt̚.tʃjo]
처음인 것 같아,9,[tʃʰʌ.ɯm.iŋ.kʌt̚.kat̚.a],[tʃʰʌ.ɯm.in.gʌt̚.gat̚.a]
미친 여자예요,9,[mi.tʃʰin.jʌ.tʃa.je.jo],[mi.tʃʰin.jʌ.dʒa.je.jo]
그만해요 지금,9,[kɯ.man.hɛ.jo.tʃi.kɯm],[gɯ.man.hɛ.jo.dʒi.gɯm]
처지가 아니야,9,[tʃʰʌ.tʃi.ka.a.ni.ja],[tʃʰʌ.dʒi.ga.a.ni.ja]
처하게 된,9,[tʃʰʌ.ha.ke.twen],[tʃʰʌ.ha.ge.dwen]
부탁이야 알았어요,9,[pu.tʰak̚.i.ja.al.at̚.ʌ.jo],[bu.tʰak̚.i.ja.al.at̚.ʌ.jo]
미친 짓 하는,9,[mi.tʃʰin.tʃit̚.ha.nɯn],[mi.tʃʰin.dʒit̚.ha.nɯn]
미친 짓으로,9,[mi.tʃʰin.tʃit̚.ɯ.ɾo],[mi.tʃʰin.dʒit̚.ɯ.ɾo]
중요한 질문이 있어,9,[tʃuŋ.jo.han.tʃil.mun.i.it̚.ʌ],[dʒuŋ.jo.han.dʒil.mun.i.it̚.ʌ]
미친 짓이라는,9,[mi.tʃʰin.tʃit̚.i.ɾa.nɯn],[mi.tʃʰin.dʒit̚.i.ɾa.nɯn]
이 기쁨을,9,[i.ki.p͈ɯm.ɯl],[i.gi.p͈ɯm.ɯl]
처형될 거야,9,[tʃʰʌ.hjʌŋ.twel.kʌ.ja],[tʃʰʌ.hjʌŋ.dwel.gʌ.ja]
결혼 발표를,9,[kjʌl.hom.pal.pʰjo.ɾɯl],[gjʌl.hon.bal.pʰjo.ɾɯl]
한다고 했고,9,[han.ta.ko.hɛt̚.ko],[han.ta.go.hɛt̚.ko]
날 믿기,9,[nal.mit̚.ki],[nal.mit̚.ki]
날 믿기만,9,[nal.mit̚.ki.man],[nal.mit̚.ki.man]
척 노리스,9,[tʃʰʌk̚.no.ɾi.sɯ],[tʃʰʌk̚.no.ɾi.sɯ]
갇혀 있잖아,9,[kat̚.hjʌ.it̚.tʃan.a],[gat̚.hjʌ.it̚.tʃan.a]
그게 사실이냐,9,[kɯ.ke.sa.sil.i.nja],[gɯ.ge.sa.sil.i.nja]
척 보면 알죠,9,[tʃʰʌk̚.po.mjʌn.al.tʃjo],[tʃʰʌk̚.bo.mjʌn.al.tʃjo]
계속 연락이 안,9,[kje.sok̚.jʌl.lak̚.i.an],[gje.sok̚.jʌl.lak̚.i.an]
척 좀 하지,9,[tʃʰʌk̚.tʃom.ha.tʃi],[tʃʰʌk̚.dʒom.ha.dʒi]
이 기적의,9,[i.ki.tʃʌk̚.ɯi],[i.gi.dʒʌk̚.ɯi]
내 춤을,9,[nɛ.tʃʰum.ɯl],[nɛ.tʃʰum.ɯl]
날 믿어 네가,9,[nal.mit̚.ʌ.ne.ka],[nal.mit̚.ʌ.ne.ga]
미친듯이 운전해요,9,[mi.tʃʰin.tɯt̚.i.un.tʃʌn.hɛ.jo],[mi.tʃʰin.tɯt̚.i.un.tʃʌn.hɛ.jo]
날 믿어 우린,9,[nal.mit̚.ʌ.u.ɾin],[nal.mit̚.ʌ.u.ɾin]
척 할 수도,9,[tʃʰʌk̚.hal.su.to],[tʃʰʌk̚.hal.su.do]
척 해도,9,[tʃʰʌk̚.hɛ.to],[tʃʰʌk̚.hɛ.do]
척 해서,9,[tʃʰʌk̚.hɛ.sʌ],[tʃʰʌk̚.hɛ.sʌ]
미칠 수도,9,[mi.tʃʰil.su.to],[mi.tʃʰil.su.do]
계속 연주해,9,[kje.sok̚.jʌn.tʃu.hɛ],[gje.sok̚.jʌn.tʃu.hɛ]
척은 할,9,[tʃʰʌk̚.ɯn.hal],[tʃʰʌk̚.ɯn.hal]
척을 하는,9,[tʃʰʌk̚.ɯl.ha.nɯn],[tʃʰʌk̚.ɯl.ha.nɯn]
한다는 걸 알았죠,9,[han.ta.nɯŋ.kʌl.al.at̚.tʃjo],[han.ta.nɯn.gʌl.al.at̚.tʃjo]
척을 한,9,[tʃʰʌk̚.ɯl.han],[tʃʰʌk̚.ɯl.han]
척의 배,9,[tʃʰʌk̚.ɯi.pɛ],[tʃʰʌk̚.ɯi.bɛ]
내 취향에,9,[nɛ.tʃʰwi.hjaŋ.e],[nɛ.tʃʰwi.hjaŋ.e]
척이라도 할,9,[tʃʰʌk̚.i.ɾa.to.hal],[tʃʰʌk̚.i.ɾa.do.hal]
미키 맨틀,9,[mi.kʰi.mɛn.tʰɯl],[mi.kʰi.mɛn.tʰɯl]
anything to you,9,,
미터 거리에,9,[mi.tʰʌ.kʌ.ɾi.e],[mi.tʰʌ.gʌ.ɾi.e]
미터 거리에서,9,[mi.tʰʌ.kʌ.ɾi.e.sʌ],[mi.tʰʌ.gʌ.ɾi.e.sʌ]
확실하지는 않아요,9,[hwak̚.sil.ha.tʃi.nɯn.an.a.jo],[hwak̚.sil.ha.dʒi.nɯn.an.a.jo]
날 믿어야지,9,[nal.mit̚.ʌ.ja.tʃi],[nal.mit̚.ʌ.ja.dʒi]
anything wrong,9,,
척해야 하는,9,[tʃʰʌk̚.hɛ.ja.ha.nɯn],[tʃʰʌk̚.hɛ.ja.ha.nɯn]
한다는 말이야,9,[han.ta.nɯn.mal.i.ja],[han.ta.nɯn.mal.i.ja]
갇혀있을 때,9,[kat̚.hjʌ.it̚.ɯl.t͈ɛ],[gat̚.hjʌ.it̚.ɯl.t͈ɛ]
천 건이 넘는,9,[tʃʰʌŋ.kʌn.i.nʌm.nɯn],[tʃʰʌn.gʌn.i.nʌm.nɯn]
미터 아래에,9,[mi.tʰʌ.a.ɾɛ.e],[mi.tʰʌ.a.ɾɛ.e]
천 년 넘게,9,[tʃʰʌn.njʌn.nʌm.ke],[tʃʰʌn.njʌn.nʌm.ke]
미터 앞에,9,[mi.tʰʌ.ap̚.e],[mi.tʰʌ.ap̚.e]
확실하지도 않은,9,[hwak̚.sil.ha.tʃi.to.an.ɯn],[hwak̚.sil.ha.dʒi.do.an.ɯn]
날 믿어주지,9,[nal.mit̚.ʌ.tʃu.tʃi],[nal.mit̚.ʌ.dʒu.dʒi]
미터가 넘는,9,[mi.tʰʌ.ka.nʌm.nɯn],[mi.tʰʌ.ga.nʌm.nɯn]
천 달러까지,9,[tʃʰʌn.tal.ɾʌ.k͈a.tʃi],[tʃʰʌn.dal.ɾʌ.k͈a.dʒi]
천 달러라고요,9,[tʃʰʌn.tal.ɾʌ.ɾa.ko.jo],[tʃʰʌn.dal.ɾʌ.ɾa.go.jo]
anything you,9,,
한다니 무슨,9,[han.ta.ni.mu.sɯn],[han.ta.ni.mu.sɯn]
이 깡패,9,[i.k͈am.pʰɛ],[i.k͈am.pʰɛ]
한다니 정말,9,[han.ta.ni.tʃʌŋ.mal],[han.ta.ni.dʒʌŋ.mal]
날 믿어줬으면 좋겠어,9,[nal.mit̚.ʌ.tʃwʌt̚.ɯ.mjʌn.tʃot̚.ket̚.ʌ],[nal.mit̚.ʌ.dʒwʌt̚.ɯ.mjʌn.dʒot̚.ket̚.ʌ]
천 마리의,9,[tʃʰʌn.ma.ɾi.ɯi],[tʃʰʌn.ma.ɾi.ɯi]
날 믿었어요,9,[nal.mit̚.ʌt̚.ʌ.jo],[nal.mit̚.ʌt̚.ʌ.jo]
이 꼴을 하고,9,[i.k͈ol.ɯl.ha.ko],[i.k͈ol.ɯl.ha.go]
미합중국 대통령의,9,[mi.hap̚.tʃuŋ.kuk̚.tɛ.tʰoŋ.ɾjʌŋ.ɯi],[mi.hap̚.tʃuŋ.guk̚.dɛ.tʰoŋ.ɾjʌŋ.ɯi]
날 믿은,9,[nal.mit̚.ɯn],[nal.mit̚.ɯn]
이 깜짝,9,[i.k͈an.tʃ͈ak̚],[i.k͈an.tʃ͈ak̚]
미해결 사건을,9,[mi.hɛ.kjʌl.sa.kʌn.ɯl],[mi.hɛ.gjʌl.sa.gʌn.ɯl]
천 장,9,[tʃʰʌn.tʃaŋ],[tʃʰʌn.dʒaŋ]
중요해 그럼,9,[tʃuŋ.jo.hɛ.kɯ.ɾʌm],[dʒuŋ.jo.hɛ.gɯ.ɾʌm]
계속 외친다,9,[kje.sok̚.we.tʃʰin.ta],[gje.sok̚.we.tʃʰin.ta]
날 믿지 않는군,9,[nal.mit̚.tʃi.an.nɯŋ.kun],[nal.mit̚.tʃi.an.nɯŋ.kun]
미행한 거,9,[mi.hɛŋ.haŋ.kʌ],[mi.hɛŋ.han.gʌ]
천국에 가지,9,[tʃʰʌŋ.kuk̚.e.ka.tʃi],[tʃʰʌŋ.kuk̚.e.ga.dʒi]
미호 아버지는,9,[mi.ho.a.pʌ.tʃi.nɯn],[mi.ho.a.bʌ.dʒi.nɯn]
한다면 우리는,9,[han.ta.mjʌn.u.ɾi.nɯn],[han.ta.mjʌn.u.ɾi.nɯn]
천년만년 가는,9,[tʃʰʌn.njʌn.man.njʌŋ.ka.nɯn],[tʃʰʌn.njʌn.man.njʌn.ga.nɯn]
천둥 소리,9,[tʃʰʌn.tuŋ.so.ɾi],[tʃʰʌn.tuŋ.so.ɾi]
천둥의 군주,9,[tʃʰʌn.tuŋ.ɯi.kun.tʃu],[tʃʰʌn.tuŋ.ɯi.gun.tʃu]
민 건,9,[miŋ.kʌn],[min.gʌn]
천둥의 신이다,9,[tʃʰʌn.tuŋ.ɯi.sin.i.ta],[tʃʰʌn.tuŋ.ɯi.sin.i.da]
천만 년 전,9,[tʃʰʌn.man.njʌn.tʃʌn],[tʃʰʌn.man.njʌn.dʒʌn]
이 나라를 떠나야,9,[i.na.ɾa.ɾɯl.t͈ʌ.na.ja],[i.na.ɾa.ɾɯl.t͈ʌ.na.ja]
걸 누가 알았겠어,9,[kʌl.lu.ka.al.at̚.ket̚.ʌ],[gʌl.lu.ga.al.at̚.ket̚.ʌ]
계속 울면,9,[kje.sok̚.ul.mjʌn],[gje.sok̚.ul.mjʌn]
강을 건너는,9,[kaŋ.ɯl.kʌn.nʌ.nɯn],[gaŋ.ɯl.gʌn.nʌ.nɯn]
민간 부문,9,[miŋ.kam.pu.mun],[miŋ.kan.bu.mun]
한달 정도,9,[han.tal.tʃʌŋ.to],[han.tal.dʒʌŋ.do]
확실한 한,9,[hwak̚.sil.han.han],[hwak̚.sil.han.han]
이 나무들은,9,[i.na.mu.tɯl.ɯn],[i.na.mu.dɯl.ɯn]
그만 진정해요,9,[kɯ.man.tʃin.tʃʌŋ.hɛ.jo],[gɯ.man.dʒin.tʃʌŋ.hɛ.jo]
날 바보라 생각하겠죠,9,[nal.pa.po.ɾa.sɛŋ.kak̚.ha.ket̚.tʃjo],[nal.ba.bo.ɾa.sɛŋ.gak̚.ha.get̚.tʃjo]
한대요 그래서,9,[han.tɛ.jo.kɯ.ɾɛ.sʌ],[han.tɛ.jo.gɯ.ɾɛ.sʌ]
천사 루시퍼는 천국에서,9,[tʃʰʌn.sa.ɾu.si.pʰʌ.nɯn.tʃʰʌŋ.kuk̚.e.sʌ],[tʃʰʌn.sa.ɾu.si.pʰʌ.nɯn.tʃʰʌŋ.kuk̚.e.sʌ]
계속 움직여야 해요,9,[kje.sok̚.un.tʃik̚.jʌ.ja.hɛ.jo],[gje.sok̚.un.tʃik̚.jʌ.ja.hɛ.jo]
천사를 믿어요,9,[tʃʰʌn.sa.ɾɯl.mit̚.ʌ.jo],[tʃʰʌn.sa.ɾɯl.mit̚.ʌ.jo]
한데 그럼,9,[han.te.kɯ.ɾʌm],[han.te.gɯ.ɾʌm]
한데 모을,9,[han.te.mo.ɯl],[han.te.mo.ɯl]
계속 움직이자,9,[kje.sok̚.un.tʃik̚.i.tʃa],[gje.sok̚.un.tʃik̚.i.dʒa]
천천히 내가,9,[tʃʰʌn.tʃʰʌn.hi.nɛ.ka],[tʃʰʌn.tʃʰʌn.hi.nɛ.ga]
한데 저,9,[han.te.tʃʌ],[han.te.dʒʌ]
날 밤 내가,9,[nal.pam.nɛ.ka],[nal.bam.nɛ.ga]
천천히 더,9,[tʃʰʌn.tʃʰʌn.hi.tʌ],[tʃʰʌn.tʃʰʌn.hi.dʌ]
천천히 돌아,9,[tʃʰʌn.tʃʰʌn.hi.tol.a],[tʃʰʌn.tʃʰʌn.hi.dol.a]
천천히 둘러보세요,9,[tʃʰʌn.tʃʰʌn.hi.tul.ɾʌ.po.se.jo],[tʃʰʌn.tʃʰʌn.hi.dul.ɾʌ.bo.se.jo]
부탁한 일,9,[pu.tʰak̚.han.il],[bu.tʰak̚.han.il]
천천히 조심해서,9,[tʃʰʌn.tʃʰʌn.hi.tʃo.sim.hɛ.sʌ],[tʃʰʌn.tʃʰʌn.hi.dʒo.sim.hɛ.sʌ]
이 날개,9,[i.nal.kɛ],[i.nal.kɛ]
중의 하나예요,9,[tʃuŋ.ɯi.ha.na.je.jo],[dʒuŋ.ɯi.ha.na.je.jo]
곳은 없을 거야,9,[kot̚.ɯn.ʌp̚.ɯl.kʌ.ja],[got̚.ɯn.ʌp̚.ɯl.gʌ.ja]
날 방에,9,[nal.paŋ.e],[nal.baŋ.e]
날 방해하면,9,[nal.paŋ.hɛ.ha.mjʌn],[nal.baŋ.hɛ.ha.mjʌn]
천하무적이 될,9,[tʃʰʌn.ha.mu.tʃʌk̚.i.twel],[tʃʰʌn.ha.mu.dʒʌk̚.i.dwel]
믿거나 말거나 난,9,[mit̚.kʌ.na.mal.kʌ.na.nan],[mit̚.kʌ.na.mal.kʌ.na.nan]
날 배신,9,[nal.pɛ.sin],[nal.bɛ.sin]
이 남자 아세요,9,[i.nan.tʃa.a.se.jo],[i.nan.tʃa.a.se.jo]
때 데리러,9,[t͈ɛ.te.ɾi.ɾʌ],[t͈ɛ.de.ɾi.ɾʌ]
날 배신한 거야,9,[nal.pɛ.sin.haŋ.kʌ.ja],[nal.bɛ.sin.han.gʌ.ja]
철수 내레이션,9,[tʃʰʌl.su.nɛ.ɾe.i.sjʌn],[tʃʰʌl.su.nɛ.ɾe.i.sjʌn]
철이 없어서,9,[tʃʰʌl.i.ʌp̚.ʌ.sʌ],[tʃʰʌl.i.ʌp̚.ʌ.sʌ]
한들 希望なんてないのかい 희망이라곤 없는,9,[han.tɯl.hɯi.maŋ.i.ɾa.kon.ʌp̚.nɯn],[han.tɯl.hɯi.maŋ.i.ɾa.gon.ʌp̚.nɯn]
확실히 나는,9,[hwak̚.sil.hi.na.nɯn],[hwak̚.sil.hi.na.nɯn]
확실히 네가,9,[hwak̚.sil.hi.ne.ka],[hwak̚.sil.hi.ne.ga]
철창 안에서,9,[tʃʰʌl.tʃʰaŋ.an.e.sʌ],[tʃʰʌl.tʃʰaŋ.an.e.sʌ]
철창에 갇혀,9,[tʃʰʌl.tʃʰaŋ.e.kat̚.hjʌ],[tʃʰʌl.tʃʰaŋ.e.gat̚.hjʌ]
철컥 소리,9,[tʃʰʌl.kʰʌk̚.so.ɾi],[tʃʰʌl.kʰʌk̚.so.ɾi]
한때 적극적이었지만,9,[han.t͈ɛ.tʃʌk̚.kɯk̚.tʃʌk̚.i.ʌt̚.tʃi.man],[han.t͈ɛ.dʒʌk̚.kɯk̚.tʃʌk̚.i.ʌt̚.tʃi.man]
내가 어떻게든 해볼게,9,[nɛ.ka.ʌ.t͈ʌt̚.ke.tɯn.hɛ.pol.ke],[nɛ.ga.ʌ.t͈ʌt̚.ke.dɯn.hɛ.bol.ke]
한때 적극적이었지만 이제 더는,9,[han.t͈ɛ.tʃʌk̚.kɯk̚.tʃʌk̚.i.ʌt̚.tʃi.man.i.tʃe.tʌ.nɯn],[han.t͈ɛ.dʒʌk̚.kɯk̚.tʃʌk̚.i.ʌt̚.tʃi.man.i.dʒe.dʌ.nɯn]
믿겠어 내가,9,[mit̚.ket̚.ʌ.nɛ.ka],[mit̚.ket̚.ʌ.nɛ.ga]
확실히 말,9,[hwak̚.sil.hi.mal],[hwak̚.sil.hi.mal]
믿고 간다,9,[mit̚.ko.kan.ta],[mit̚.ko.gan.ta]
때 도움이 될 거예요,9,[t͈ɛ.to.um.i.twel.kʌ.je.jo],[t͈ɛ.do.um.i.dwel.gʌ.je.jo]
첫 공연,9,[tʃʰʌt̚.koŋ.jʌn],[tʃʰʌt̚.goŋ.jʌn]
보낸 곳,9,[po.nɛŋ.kot̚],[bo.nɛn.got̚]
믿고 싶겠지,9,[mit̚.ko.sip̚.ket̚.tʃi],[mit̚.ko.sip̚.ket̚.tʃi]
갈 가능성이,9,[kal.ka.nɯŋ.sʌŋ.i],[gal.ga.nɯŋ.sʌŋ.i]
이 냄새 나는,9,[i.nɛm.sɛ.na.nɯn],[i.nɛm.sɛ.na.nɯn]
첫 마디가,9,[tʃʰʌt̚.ma.ti.ka],[tʃʰʌt̚.ma.di.ga]
이 냄새 나,9,[i.nɛm.sɛ.na],[i.nɛm.sɛ.na]
첫 만남을,9,[tʃʰʌt̚.man.nam.ɯl],[tʃʰʌt̚.man.nam.ɯl]
믿고 싶어하는,9,[mit̚.ko.sip̚.ʌ.ha.nɯn],[mit̚.ko.sip̚.ʌ.ha.nɯn]
보낸 모든,9,[po.nɛn.mo.tɯn],[bo.nɛn.mo.dɯn]
첫 번째 것을,9,[tʃʰʌt̚.pʌn.tʃ͈ɛ.kʌt̚.ɯl],[tʃʰʌt̚.bʌn.tʃ͈ɛ.gʌt̚.ɯl]
다 돌고,9,[ta.tol.ko],[da.dol.ko]
아니란다 넌,9,[a.ni.ɾan.ta.nʌn],[a.ni.ɾan.ta.nʌn]
한마디라도 더,9,[han.ma.ti.ɾa.to.tʌ],[han.ma.di.ɾa.do.dʌ]
때 두 사람,9,[t͈ɛ.tu.sa.ɾam],[t͈ɛ.du.sa.ɾam]
날 보고 웃었어,9,[nal.po.ko.ut̚.ʌt̚.ʌ],[nal.bo.go.ut̚.ʌt̚.ʌ]
첫 번째 희생자가,9,[tʃʰʌt̚.pʌn.tʃ͈ɛ.hɯi.sɛŋ.tʃa.ka],[tʃʰʌt̚.bʌn.tʃ͈ɛ.hɯi.sɛŋ.dʒa.ga]
첫 번째 희생자,9,[tʃʰʌt̚.pʌn.tʃ͈ɛ.hɯi.sɛŋ.tʃa],[tʃʰʌt̚.bʌn.tʃ͈ɛ.hɯi.sɛŋ.dʒa]
믿고 이렇게,9,[mit̚.ko.i.ɾʌt̚.ke],[mit̚.ko.i.ɾʌt̚.ke]
믿고 있는 것,9,[mit̚.ko.it̚.nɯŋ.kʌt̚],[mit̚.ko.it̚.nɯn.gʌt̚]
첫 부분은,9,[tʃʰʌt̚.pu.pun.ɯn],[tʃʰʌt̚.bu.bun.ɯn]
첫 수업이,9,[tʃʰʌt̚.su.ʌp̚.i],[tʃʰʌt̚.su.ʌp̚.i]
믿고 있었어요,9,[mit̚.ko.it̚.ʌt̚.ʌ.jo],[mit̚.ko.it̚.ʌt̚.ʌ.jo]
보낸 이유를,9,[po.nɛn.i.ju.ɾɯl],[bo.nɛn.i.ju.ɾɯl]
한발 물러나,9,[ham.pal.mul.ɾʌ.na],[ham.pal.mul.ɾʌ.na]
믿기 시작했어요,9,[mit̚.ki.si.tʃak̚.hɛt̚.ʌ.jo],[mit̚.ki.si.dʒak̚.hɛt̚.ʌ.jo]
날 보냈어요,9,[nal.po.nɛt̚.ʌ.jo],[nal.bo.nɛt̚.ʌ.jo]
이 노래 좋아,9,[i.no.ɾɛ.tʃot̚.a],[i.no.ɾɛ.dʒot̚.a]
첫 피해자가,9,[tʃʰʌt̚.pʰi.hɛ.tʃa.ka],[tʃʰʌt̚.pʰi.hɛ.dʒa.ga]
첫 피해자의,9,[tʃʰʌt̚.pʰi.hɛ.tʃa.ɯi],[tʃʰʌt̚.pʰi.hɛ.dʒa.ɯi]
날 보던,9,[nal.po.tʌn],[nal.bo.dʌn]
첫눈 오는 날,9,[tʃʰʌt̚.nun.o.nɯn.nal],[tʃʰʌt̚.nun.o.nɯn.nal]
날 보라니까,9,[nal.po.ɾa.ni.k͈a],[nal.bo.ɾa.ni.k͈a]
첫번째 단계는,9,[tʃʰʌt̚.pʌn.tʃ͈ɛ.taŋ.kje.nɯn],[tʃʰʌt̚.pʌn.tʃ͈ɛ.daŋ.kje.nɯn]
중이야 그냥,9,[tʃuŋ.i.ja.kɯ.njaŋ],[dʒuŋ.i.ja.gɯ.njaŋ]
걸 느낀,9,[kʌl.lɯ.k͈in],[gʌl.lɯ.k͈in]
청구서 보내요,9,[tʃʰʌŋ.ku.sʌ.po.nɛ.jo],[tʃʰʌŋ.gu.sʌ.bo.nɛ.jo]
믿기만 한다면,9,[mit̚.ki.man.han.ta.mjʌn],[mit̚.ki.man.han.ta.mjʌn]
청바지 한,9,[tʃʰʌm.pa.tʃi.han],[tʃʰʌŋ.ba.dʒi.han]
청부 살인자,9,[tʃʰʌm.pu.sal.in.tʃa],[tʃʰʌŋ.bu.sal.in.tʃa]
믿기지 않는군요,9,[mit̚.ki.tʃi.an.nɯŋ.kun.jo],[mit̚.ki.dʒi.an.nɯŋ.kun.jo]
한번 기가,9,[ham.pʌŋ.ki.ka],[ham.pʌn.gi.ga]
한번 그런,9,[ham.pʌŋ.kɯ.ɾʌn],[ham.pʌn.gɯ.ɾʌn]
믿기지 않았어요,9,[mit̚.ki.tʃi.an.at̚.ʌ.jo],[mit̚.ki.dʒi.an.at̚.ʌ.jo]
한번 끝내주네,9,[ham.pʌŋ.k͈ɯt̚.nɛ.tʃu.ne],[ham.pʌŋ.k͈ɯt̚.nɛ.dʒu.ne]
믿기진 않지만,9,[mit̚.ki.tʃin.an.tʃi.man],[mit̚.ki.dʒin.an.tʃi.man]
믿기질 않는군,9,[mit̚.ki.tʃil.an.nɯŋ.kun],[mit̚.ki.dʒil.an.nɯŋ.kun]
한번 당해,9,[ham.pʌn.taŋ.hɛ],[ham.pʌn.daŋ.hɛ]
한번 더 기회를,9,[ham.pʌn.tʌ.ki.hwe.ɾɯl],[ham.pʌn.dʌ.gi.hwe.ɾɯl]
청소를 해야,9,[tʃʰʌŋ.so.ɾɯl.hɛ.ja],[tʃʰʌŋ.so.ɾɯl.hɛ.ja]
청소를 했다,9,[tʃʰʌŋ.so.ɾɯl.hɛt̚.ta],[tʃʰʌŋ.so.ɾɯl.hɛt̚.ta]
청소하고 있다,9,[tʃʰʌŋ.so.ha.ko.it̚.ta],[tʃʰʌŋ.so.ha.go.it̚.ta]
믿나 봐요,9,[mit̚.na.pwa.jo],[mit̚.na.bwa.jo]
청소할 때,9,[tʃʰʌŋ.so.hal.t͈ɛ],[tʃʰʌŋ.so.hal.t͈ɛ]
청하기 위해,9,[tʃʰʌŋ.ha.ki.wi.hɛ],[tʃʰʌŋ.ha.gi.wi.hɛ]
날 보지 말고,9,[nal.po.tʃi.mal.ko],[nal.bo.dʒi.mal.ko]
걸 느낄 수 있어요,9,[kʌl.lɯ.k͈il.su.it̚.ʌ.jo],[gʌl.lɯ.k͈il.su.it̚.ʌ.jo]
한번 들어가,9,[ham.pʌn.tɯl.ʌ.ka],[ham.pʌn.dɯl.ʌ.ga]
청혼하는 거야,9,[tʃʰʌŋ.hon.ha.nɯŋ.kʌ.ja],[tʃʰʌŋ.hon.ha.nɯn.gʌ.ja]
청혼할 거예요,9,[tʃʰʌŋ.hon.hal.kʌ.je.jo],[tʃʰʌŋ.hon.hal.gʌ.je.jo]
날 보호하기 위해,9,[nal.po.ho.ha.ki.wi.hɛ],[nal.bo.ho.ha.gi.wi.hɛ]
체도 안,9,[tʃʰe.to.an],[tʃʰe.do.an]
믿는 것을 위해,9,[mit̚.nɯŋ.kʌt̚.ɯl.wi.hɛ],[mit̚.nɯn.gʌt̚.ɯl.wi.hɛ]
날 보호해야,9,[nal.po.ho.hɛ.ja],[nal.bo.ho.hɛ.ja]
보낼 수 없다,9,[po.nɛl.su.ʌp̚.ta],[bo.nɛl.su.ʌp̚.ta]
내가 어쨌길래,9,[nɛ.ka.ʌ.tʃ͈ɛt̚.kil.ɾɛ],[nɛ.ga.ʌ.tʃ͈ɛt̚.kil.ɾɛ]
계속 있어야 해,9,[kje.sok̚.it̚.ʌ.ja.hɛ],[gje.sok̚.it̚.ʌ.ja.hɛ]
체육 수업을,9,[tʃʰe.juk̚.su.ʌp̚.ɯl],[tʃʰe.juk̚.su.ʌp̚.ɯl]
체질에 안 맞아,9,[tʃʰe.tʃil.e.an.mat̚.a],[tʃʰe.dʒil.e.an.mat̚.a]
한번 맞혀,9,[ham.pʌn.mat̚.hjʌ],[ham.pʌn.mat̚.hjʌ]
한번 먹어봐요,9,[ham.pʌn.mʌk̚.ʌ.pwa.jo],[ham.pʌn.mʌk̚.ʌ.bwa.jo]
계속 있을 순,9,[kje.sok̚.it̚.ɯl.sun],[gje.sok̚.it̚.ɯl.sun]
믿는 자가,9,[mit̚.nɯn.tʃa.ka],[mit̚.nɯn.dʒa.ga]
아니면 나처럼,9,[a.ni.mjʌn.na.tʃʰʌ.ɾʌm],[a.ni.mjʌn.na.tʃʰʌ.ɾʌm]
믿는 척,9,[mit̚.nɯn.tʃʰʌk̚],[mit̚.nɯn.tʃʰʌk̚]
계속 있을거야,9,[kje.sok̚.it̚.ɯl.kʌ.ja],[gje.sok̚.it̚.ɯl.kʌ.ja]
믿는 척하는,9,[mit̚.nɯn.tʃʰʌk̚.ha.nɯn],[mit̚.nɯn.tʃʰʌk̚.ha.nɯn]
갈 거로,9,[kal.kʌ.ɾo],[gal.gʌ.ɾo]
한번 만나게,9,[ham.pʌn.man.na.ke],[ham.pʌn.man.na.ge]
부탁해요 좋아요,9,[pu.tʰak̚.hɛ.jo.tʃot̚.a.jo],[bu.tʰak̚.hɛ.jo.dʒot̚.a.jo]
체포 후에,9,[tʃʰe.pʰo.hu.e],[tʃʰe.pʰo.hu.e]
체포되는 건,9,[tʃʰe.pʰo.twe.nɯŋ.kʌn],[tʃʰe.pʰo.dwe.nɯn.gʌn]
믿는다 하지만,9,[mit̚.nɯn.ta.ha.tʃi.man],[mit̚.nɯn.ta.ha.dʒi.man]
보낼 수는 없지,9,[po.nɛl.su.nɯn.ʌp̚.tʃi],[bo.nɛl.su.nɯn.ʌp̚.tʃi]
체포를 안,9,[tʃʰe.pʰo.ɾɯl.an],[tʃʰe.pʰo.ɾɯl.an]
체포에 대한,9,[tʃʰe.pʰo.e.tɛ.han],[tʃʰe.pʰo.e.dɛ.han]
체포하기 위해서,9,[tʃʰe.pʰo.ha.ki.wi.hɛ.sʌ],[tʃʰe.pʰo.ha.gi.wi.hɛ.sʌ]
계속 작업,9,[kje.sok̚.tʃak̚.ʌp̚],[gje.sok̚.dʒak̚.ʌp̚]
믿습니다 감사합니다,9,[mit̚.sɯp̚.ni.ta.kam.sa.hap̚.ni.ta],[mit̚.sɯp̚.ni.da.gam.sa.hap̚.ni.da]
이 대학에,9,[i.tɛ.hak̚.e],[i.dɛ.hak̚.e]
of God,9,,
체포해야 할,9,[tʃʰe.pʰo.hɛ.ja.hal],[tʃʰe.pʰo.hɛ.ja.hal]
체포해야 해요,9,[tʃʰe.pʰo.hɛ.ja.hɛ.jo],[tʃʰe.pʰo.hɛ.ja.hɛ.jo]
Did you miss,9,,
믿어 너무,9,[mit̚.ʌ.nʌ.mu],[mit̚.ʌ.nʌ.mu]
쳐 그,9,[tʃʰjʌ.kɯ],[tʃʰjʌ.gɯ]
이 더러운 배신자,9,[i.tʌ.ɾʌ.um.pɛ.sin.tʃa],[i.dʌ.ɾʌ.un.bɛ.sin.tʃa]
쳐 자,9,[tʃʰjʌ.tʃa],[tʃʰjʌ.dʒa]
쳐 주고,9,[tʃʰjʌ.tʃu.ko],[tʃʰjʌ.dʒu.go]
계속 저어라,9,[kje.sok̚.tʃʌ.ʌ.ɾa],[gje.sok̚.dʒʌ.ʌ.ɾa]
계속 전진해,9,[kje.sok̚.tʃʌn.tʃin.hɛ],[gje.sok̚.dʒʌn.tʃin.hɛ]
믿어 알았어,9,[mit̚.ʌ.al.at̚.ʌ],[mit̚.ʌ.al.at̚.ʌ]
I can only,9,,
쳐다보는 눈빛이,9,[tʃʰjʌ.ta.po.nɯn.num.pit̚.i],[tʃʰjʌ.da.bo.nɯn.num.pit̚.i]
때 먹으면,9,[t͈ɛ.mʌk̚.ɯ.mjʌn],[t͈ɛ.mʌk̚.ɯ.mjʌn]
쳐다보지도 않았어,9,[tʃʰjʌ.ta.po.tʃi.to.an.at̚.ʌ],[tʃʰjʌ.da.bo.dʒi.do.an.at̚.ʌ]
쳐다볼 거야,9,[tʃʰjʌ.ta.pol.kʌ.ja],[tʃʰjʌ.da.bol.gʌ.ja]
그야 알죠,9,[kɯ.ja.al.tʃjo],[gɯ.ja.al.tʃjo]
믿어 잘,9,[mit̚.ʌ.tʃal],[mit̚.ʌ.dʒal]
쳐도 내가,9,[tʃʰjʌ.to.nɛ.ka],[tʃʰjʌ.do.nɛ.ga]
한번 이상,9,[ham.pʌn.i.saŋ],[ham.pʌn.i.saŋ]
믿어 주길,9,[mit̚.ʌ.tʃu.kil],[mit̚.ʌ.dʒu.gil]
쳐야 합니다,9,[tʃʰjʌ.ja.hap̚.ni.ta],[tʃʰjʌ.ja.hap̚.ni.da]
믿어 준,9,[mit̚.ʌ.tʃun],[mit̚.ʌ.dʒun]
쳐요 그럼,9,[tʃʰjʌ.jo.kɯ.ɾʌm],[tʃʰjʌ.jo.gɯ.ɾʌm]
한번 잘했네,9,[ham.pʌn.tʃal.hɛt̚.ne],[ham.pʌn.dʒal.hɛt̚.ne]
한번 좀,9,[ham.pʌn.tʃom],[ham.pʌn.dʒom]
날 불편하게,9,[nal.pul.pʰjʌn.ha.ke],[nal.bul.pʰjʌn.ha.ge]
날 붙들어,9,[nal.put̚.tɯl.ʌ],[nal.but̚.tɯl.ʌ]
확인 가능,9,[hwak̚.iŋ.ka.nɯŋ],[hwak̚.in.ga.nɯŋ]
믿어 줬으면,9,[mit̚.ʌ.tʃwʌt̚.ɯ.mjʌn],[mit̚.ʌ.dʒwʌt̚.ɯ.mjʌn]
초 단위로,9,[tʃʰo.tan.wi.ɾo],[tʃʰo.dan.wi.ɾo]
초 동안만,9,[tʃʰo.toŋ.an.man],[tʃʰo.doŋ.an.man]
한번 줘,9,[ham.pʌn.tʃwʌ],[ham.pʌn.dʒwʌ]
초 밖에 안,9,[tʃʰo.pak̚.e.an],[tʃʰo.bak̚.e.an]
한번 찾아보죠,9,[ham.pʌn.tʃʰat̚.a.po.tʃjo],[ham.pʌn.tʃʰat̚.a.bo.dʒjo]
곳을 알아낼,9,[kot̚.ɯl.al.a.nɛl],[got̚.ɯl.al.a.nɛl]
보냈다고 해,9,[po.nɛt̚.ta.ko.hɛ],[bo.nɛt̚.ta.go.hɛ]
보냈다는 거야,9,[po.nɛt̚.ta.nɯŋ.kʌ.ja],[bo.nɛt̚.ta.nɯn.gʌ.ja]
DNA에 있어,9,[e.it̚.ʌ],[e.it̚.ʌ]
초 주겠네,9,[tʃʰo.tʃu.ket̚.ne],[tʃʰo.dʒu.get̚.ne]
믿어도 좋다,9,[mit̚.ʌ.to.tʃot̚.ta],[mit̚.ʌ.do.dʒot̚.ta]
한번 하자고,9,[ham.pʌn.ha.tʃa.ko],[ham.pʌn.ha.dʒa.go]
곳을 알아냈어요,9,[kot̚.ɯl.al.a.nɛt̚.ʌ.jo],[got̚.ɯl.al.a.nɛt̚.ʌ.jo]
확인 못 했어요,9,[hwak̚.in.mot̚.hɛt̚.ʌ.jo],[hwak̚.in.mot̚.hɛt̚.ʌ.jo]
믿어야 할 거야,9,[mit̚.ʌ.ja.hal.kʌ.ja],[mit̚.ʌ.ja.hal.gʌ.ja]
관점에서 볼 수,9,[kwan.tʃʌm.e.sʌ.pol.su],[gwan.tʃʌm.e.sʌ.bol.su]
잘못된 것 같은데,9,[tʃal.mot̚.tweŋ.kʌt̚.kat̚.ɯn.te],[dʒal.mot̚.twen.gʌt̚.gat̚.ɯn.te]
갈 거야 나중에,9,[kal.kʌ.ja.na.tʃuŋ.e],[gal.gʌ.ja.na.dʒuŋ.e]
초대하지 않을,9,[tʃʰo.tɛ.ha.tʃi.an.ɯl],[tʃʰo.dɛ.ha.dʒi.an.ɯl]
이 동네 사람들이,9,[i.toŋ.ne.sa.ɾan.tɯl.i],[i.doŋ.ne.sa.ɾan.tɯl.i]
믿어요 그게,9,[mit̚.ʌ.jo.kɯ.ke],[mit̚.ʌ.jo.gɯ.ge]
초대해 주셔서 정말,9,[tʃʰo.tɛ.hɛ.tʃu.sjʌ.sʌ.tʃʌŋ.mal],[tʃʰo.dɛ.hɛ.dʒu.sjʌ.sʌ.dʒʌŋ.mal]
내가 언제까지,9,[nɛ.ka.ʌn.tʃe.k͈a.tʃi],[nɛ.ga.ʌn.tʃe.k͈a.dʒi]
초대형 거인과,9,[tʃʰo.tɛ.hjʌŋ.kʌ.iŋ.kwa],[tʃʰo.dɛ.hjʌŋ.gʌ.iŋ.kwa]
초도 안 돼,9,[tʃʰo.to.an.twɛ],[tʃʰo.do.an.dwɛ]
초등학교 동창,9,[tʃʰo.tɯŋ.hak̚.kjo.toŋ.tʃʰaŋ],[tʃʰo.dɯŋ.hak̚.kjo.doŋ.tʃʰaŋ]
초래할 수 있습니다,9,[tʃʰo.ɾɛ.hal.su.it̚.sɯp̚.ni.ta],[tʃʰo.ɾɛ.hal.su.it̚.sɯp̚.ni.da]
이 동물,9,[i.toŋ.mul],[i.doŋ.mul]
이 동물들을,9,[i.toŋ.mul.tɯl.ɯl],[i.doŋ.mul.tɯl.ɯl]
초를 켤,9,[tʃʰo.ɾɯl.kʰjʌl],[tʃʰo.ɾɯl.kʰjʌl]
초만 지나면,9,[tʃʰo.man.tʃi.na.mjʌn],[tʃʰo.man.dʒi.na.mjʌn]
초에 불을,9,[tʃʰo.e.pul.ɯl],[tʃʰo.e.bul.ɯl]
믿어줘 내가,9,[mit̚.ʌ.tʃwʌ.nɛ.ka],[mit̚.ʌ.dʒwʌ.nɛ.ga]
믿어줘 내,9,[mit̚.ʌ.tʃwʌ.nɛ],[mit̚.ʌ.dʒwʌ.nɛ]
보냈어요 그래서,9,[po.nɛt̚.ʌ.jo.kɯ.ɾɛ.sʌ],[bo.nɛt̚.ʌ.jo.gɯ.ɾɛ.sʌ]
초자연적 인 생물,9,[tʃʰo.tʃa.jʌn.tʃʌk̚.in.sɛŋ.mul],[tʃʰo.dʒa.jʌn.tʃʌk̚.in.sɛŋ.mul]
갖고 놀라고,9,[kat̚.ko.nol.ɾa.ko],[gat̚.ko.nol.ɾa.go]
한번은 어떤,9,[ham.pʌn.ɯn.ʌ.t͈ʌn],[ham.pʌn.ɯn.ʌ.t͈ʌn]
날 사랑할 거야,9,[nal.sa.ɾaŋ.hal.kʌ.ja],[nal.sa.ɾaŋ.hal.gʌ.ja]
초콜릿 칩 팬케이크,9,[tʃʰo.kʰol.ɾit̚.tʃʰip̚.pʰɛŋ.kʰe.i.kʰɯ],[tʃʰo.kʰol.ɾit̚.tʃʰip̚.pʰɛŋ.kʰe.i.kʰɯ]
초클릿 숍,9,[tʃʰo.kʰɯl.ɾit̚.sjop̚],[tʃʰo.kʰɯl.ɾit̚.sjop̚]
믿었습니다 하지만,9,[mit̚.ʌt̚.sɯp̚.ni.ta.ha.tʃi.man],[mit̚.ʌt̚.sɯp̚.ni.da.ha.dʒi.man]
중이에요 뭔가,9,[tʃuŋ.i.e.jo.mwʌŋ.ka],[dʒuŋ.i.e.jo.mwʌŋ.ka]
한숨 푹,9,[han.sum.pʰuk̚],[han.sum.pʰuk̚]
믿었어요 그리고,9,[mit̚.ʌt̚.ʌ.jo.kɯ.ɾi.ko],[mit̚.ʌt̚.ʌ.jo.gɯ.ɾi.go]
믿었을 거야,9,[mit̚.ʌt̚.ɯl.kʌ.ja],[mit̚.ʌt̚.ɯl.gʌ.ja]
총 내려 총,9,[tʃʰoŋ.nɛ.ɾjʌ.tʃʰoŋ],[tʃʰoŋ.nɛ.ɾjʌ.tʃʰoŋ]
가는 건 너무,9,[ka.nɯŋ.kʌn.nʌ.mu],[ga.nɯn.gʌn.nʌ.mu]
때 밥,9,[t͈ɛ.pap̚],[t͈ɛ.bap̚]
총 들고 있는,9,[tʃʰoŋ.tɯl.ko.it̚.nɯn],[tʃʰoŋ.dɯl.ko.it̚.nɯn]
총 맞아요,9,[tʃʰoŋ.mat̚.a.jo],[tʃʰoŋ.mat̚.a.jo]
보네 이건,9,[po.ne.i.kʌn],[bo.ne.i.gʌn]
다 됬어요,9,[ta.twet̚.ʌ.jo],[da.dwet̚.ʌ.jo]
다 두,9,[ta.tu],[da.du]
그에 합당한,9,[kɯ.e.hap̚.taŋ.han],[gɯ.e.hap̚.taŋ.han]
계속 쭉,9,[kje.sok̚.tʃ͈uk̚],[gje.sok̚.tʃ͈uk̚]
총 쏴 본,9,[tʃʰoŋ.s͈wa.pon],[tʃʰoŋ.s͈wa.bon]
보네 정말,9,[po.ne.tʃʌŋ.mal],[bo.ne.dʒʌŋ.mal]
계속 차,9,[kje.sok̚.tʃʰa],[gje.sok̚.tʃʰa]
보네요 내,9,[po.ne.jo.nɛ],[bo.ne.jo.nɛ]
그에게 갈,9,[kɯ.e.ke.kal],[gɯ.e.ge.gal]
갈 거야 어떻게,9,[kal.kʌ.ja.ʌ.t͈ʌt̚.ke],[gal.gʌ.ja.ʌ.t͈ʌt̚.ke]
믿을 만,9,[mit̚.ɯl.man],[mit̚.ɯl.man]
한자와 융자,9,[han.tʃa.wa.juŋ.tʃa],[han.tʃa.wa.juŋ.dʒa]
probably a,9,,
총격전 중에,9,[tʃʰoŋ.kjʌk̚.tʃʌn.tʃuŋ.e],[tʃʰoŋ.gjʌk̚.tʃʌn.dʒuŋ.e]
총과 배지,9,[tʃʰoŋ.kwa.pɛ.tʃi],[tʃʰoŋ.gwa.bɛ.dʒi]
총과 배지를,9,[tʃʰoŋ.kwa.pɛ.tʃi.ɾɯl],[tʃʰoŋ.gwa.bɛ.dʒi.ɾɯl]
날 소중히,9,[nal.so.tʃuŋ.hi],[nal.so.dʒuŋ.hi]
믿을 사람이 못,9,[mit̚.ɯl.sa.ɾam.i.mot̚],[mit̚.ɯl.sa.ɾam.i.mot̚]
총기 난사 사건,9,[tʃʰoŋ.ki.nan.sa.sa.kʌn],[tʃʰoŋ.gi.nan.sa.sa.gʌn]
한잔 먹고,9,[han.tʃan.mʌk̚.ko],[han.tʃan.mʌk̚.ko]
계속 찾아봐야 해,9,[kje.sok̚.tʃʰat̚.a.pwa.ja.hɛ],[gje.sok̚.tʃʰat̚.a.bwa.ja.hɛ]
날 속이면,9,[nal.sok̚.i.mjʌn],[nal.sok̚.i.mjʌn]
믿을 수 없이,9,[mit̚.ɯl.su.ʌp̚.i],[mit̚.ɯl.su.ʌp̚.i]
믿을 수 없죠,9,[mit̚.ɯl.su.ʌp̚.tʃjo],[mit̚.ɯl.su.ʌp̚.tʃjo]
믿을 수 있겠니,9,[mit̚.ɯl.su.it̚.ket̚.ni],[mit̚.ɯl.su.it̚.ket̚.ni]
갑자기 그런 생각이,9,[kap̚.tʃa.ki.kɯ.ɾʌn.sɛŋ.kak̚.i],[gap̚.tʃa.gi.gɯ.ɾʌn.sɛŋ.gak̚.i]
총소리가 들렸어요,9,[tʃʰoŋ.so.ɾi.ka.tɯl.ɾjʌt̚.ʌ.jo],[tʃʰoŋ.so.ɾi.ga.dɯl.ɾjʌt̚.ʌ.jo]
총소리를 들으면,9,[tʃʰoŋ.so.ɾi.ɾɯl.tɯl.ɯ.mjʌn],[tʃʰoŋ.so.ɾi.ɾɯl.dɯl.ɯ.mjʌn]
총알 다,9,[tʃʰoŋ.al.ta],[tʃʰoŋ.al.da]
계속 찾았어요,9,[kje.sok̚.tʃʰat̚.at̚.ʌ.jo],[gje.sok̚.tʃʰat̚.at̚.ʌ.jo]
때 부모님과,9,[t͈ɛ.pu.mo.nim.kwa],[t͈ɛ.bu.mo.nim.kwa]
총알은 안,9,[tʃʰoŋ.al.ɯn.an],[tʃʰoŋ.al.ɯn.an]
날 수 있게,9,[nal.su.it̚.ke],[nal.su.it̚.ke]
총알을 박았어,9,[tʃʰoŋ.al.ɯl.pak̚.at̚.ʌ],[tʃʰoŋ.al.ɯl.bak̚.at̚.ʌ]
보는 건 어떨까요,9,[po.nɯŋ.kʌn.ʌ.t͈ʌl.k͈a.jo],[bo.nɯn.gʌn.ʌ.t͈ʌl.k͈a.jo]
확인한 게,9,[hwak̚.in.haŋ.ke],[hwak̚.in.han.ge]
나 자신에게 화가,9,[na.tʃa.sin.e.ke.hwa.ka],[na.dʒa.sin.e.ge.hwa.ga]
중인 살인,9,[tʃuŋ.in.sal.in],[dʒuŋ.in.sal.in]
내 새끼들을,9,[nɛ.sɛ.k͈i.tɯl.ɯl],[nɛ.sɛ.k͈i.dɯl.ɯl]
총알이 있어,9,[tʃʰoŋ.al.i.it̚.ʌ],[tʃʰoŋ.al.i.it̚.ʌ]
갈 거야 이게,9,[kal.kʌ.ja.i.ke],[gal.gʌ.ja.i.ge]
총에 대해서,9,[tʃʰoŋ.e.tɛ.hɛ.sʌ],[tʃʰoŋ.e.dɛ.hɛ.sʌ]
보는 걸 나도,9,[po.nɯŋ.kʌl.la.to],[bo.nɯn.gʌl.la.do]
믿을 순 없어,9,[mit̚.ɯl.sun.ʌp̚.ʌ],[mit̚.ɯl.sun.ʌp̚.ʌ]
총에 맞았,9,[tʃʰoŋ.e.mat̚.at̚],[tʃʰoŋ.e.mat̚.at̚]
내 특제,9,[nɛ.tʰɯk̚.tʃe],[nɛ.tʰɯk̚.tʃe]
확인할 것이다,9,[hwak̚.in.hal.kʌt̚.i.ta],[hwak̚.in.hal.gʌt̚.i.da]
한쪽 구석에,9,[han.tʃ͈ok̚.ku.sʌk̚.e],[han.tʃ͈ok̚.gu.sʌk̚.e]
믿을만 한,9,[mit̚.ɯl.man.han],[mit̚.ɯl.man.han]
믿을수 없군,9,[mit̚.ɯl.su.ʌp̚.kun],[mit̚.ɯl.su.ʌp̚.kun]
총으로 뭘,9,[tʃʰoŋ.ɯ.ɾo.mwʌl],[tʃʰoŋ.ɯ.ɾo.mwʌl]
내가 엄마랑,9,[nɛ.ka.ʌm.ma.ɾaŋ],[nɛ.ga.ʌm.ma.ɾaŋ]
믿을지 모르지만,9,[mit̚.ɯl.tʃi.mo.ɾɯ.tʃi.man],[mit̚.ɯl.tʃi.mo.ɾɯ.dʒi.man]
총을 가져와,9,[tʃʰoŋ.ɯl.ka.tʃjʌ.wa],[tʃʰoŋ.ɯl.ga.dʒjʌ.wa]
총을 가지고 있고,9,[tʃʰoŋ.ɯl.ka.tʃi.ko.it̚.ko],[tʃʰoŋ.ɯl.ga.dʒi.go.it̚.ko]
믿음을 가졌지만,9,[mit̚.ɯm.ɯl.ka.tʃjʌt̚.tʃi.man],[mit̚.ɯm.ɯl.ga.dʒjʌt̚.tʃi.man]
믿음을 가졌지만 난,9,[mit̚.ɯm.ɯl.ka.tʃjʌt̚.tʃi.man.nan],[mit̚.ɯm.ɯl.ga.dʒjʌt̚.tʃi.man.nan]
믿음을 가졌지만 난 그렇지,9,[mit̚.ɯm.ɯl.ka.tʃjʌt̚.tʃi.man.naŋ.kɯ.ɾʌt̚.tʃi],[mit̚.ɯm.ɯl.ga.dʒjʌt̚.tʃi.man.nan.gɯ.ɾʌt̚.tʃi]
때 사회,9,[t͈ɛ.sa.hwe],[t͈ɛ.sa.hwe]
이 맛을,9,[i.mat̚.ɯl],[i.mat̚.ɯl]
총을 가질,9,[tʃʰoŋ.ɯl.ka.tʃil],[tʃʰoŋ.ɯl.ga.dʒil]
믿음을 가진,9,[mit̚.ɯm.ɯl.ka.tʃin],[mit̚.ɯm.ɯl.ga.dʒin]
총을 겨누지,9,[tʃʰoŋ.ɯl.kjʌ.nu.tʃi],[tʃʰoŋ.ɯl.gjʌ.nu.dʒi]
믿음을 통해,9,[mit̚.ɯm.ɯl.tʰoŋ.hɛ],[mit̚.ɯm.ɯl.tʰoŋ.hɛ]
믿음이 강한,9,[mit̚.ɯm.i.kaŋ.han],[mit̚.ɯm.i.gaŋ.han]
날 싫어하는 거,9,[nal.sil.ʌ.ha.nɯŋ.kʌ],[nal.sil.ʌ.ha.nɯn.gʌ]
한참 지났어요,9,[han.tʃʰan.tʃi.nat̚.ʌ.jo],[han.tʃʰam.dʒi.nat̚.ʌ.jo]
총을 내려 놔,9,[tʃʰoŋ.ɯl.lɛ.ɾjʌ.nwa],[tʃʰoŋ.ɯl.lɛ.ɾjʌ.nwa]
믿음이 없어,9,[mit̚.ɯm.i.ʌp̚.ʌ],[mit̚.ɯm.i.ʌp̚.ʌ]
총을 네,9,[tʃʰoŋ.ɯl.le],[tʃʰoŋ.ɯl.le]
믿음이 있습니다,9,[mit̚.ɯm.i.it̚.sɯp̚.ni.ta],[mit̚.ɯm.i.it̚.sɯp̚.ni.da]
아니면 우리에게,9,[a.ni.mjʌn.u.ɾi.e.ke],[a.ni.mjʌn.u.ɾi.e.ge]
한창나이에 쓰러진,9,[han.tʃʰaŋ.na.i.e.s͈ɯ.ɾʌ.tʃin],[han.tʃʰaŋ.na.i.e.s͈ɯ.ɾʌ.dʒin]
계속 하고 있어요,9,[kje.sok̚.ha.ko.it̚.ʌ.jo],[gje.sok̚.ha.go.it̚.ʌ.jo]
하는 모든 말을,9,[ha.nɯn.mo.tɯn.mal.ɯl],[ha.nɯn.mo.dɯn.mal.ɯl]
한창나이에 쓰러진 젊은,9,[han.tʃʰaŋ.na.i.e.s͈ɯ.ɾʌ.tʃin.tʃʌm.ɯn],[han.tʃʰaŋ.na.i.e.s͈ɯ.ɾʌ.dʒin.dʒʌm.ɯn]
믿지 못하겠어,9,[mit̚.tʃi.mot̚.ha.ket̚.ʌ],[mit̚.tʃi.mot̚.ha.get̚.ʌ]
때 생각했던,9,[t͈ɛ.sɛŋ.kak̚.hɛt̚.tʌn],[t͈ɛ.sɛŋ.gak̚.hɛt̚.tʌn]
총을 쏘는 걸,9,[tʃʰoŋ.ɯl.s͈o.nɯŋ.kʌl],[tʃʰoŋ.ɯl.s͈o.nɯn.gʌl]
믿지 않거든,9,[mit̚.tʃi.aŋ.kʌ.tɯn],[mit̚.tʃi.aŋ.kʌ.dɯn]
믿지 않게,9,[mit̚.tʃi.aŋ.ke],[mit̚.tʃi.aŋ.ke]
때 생각,9,[t͈ɛ.sɛŋ.kak̚],[t͈ɛ.sɛŋ.gak̚]
한테 말할,9,[han.tʰe.mal.hal],[han.tʰe.mal.hal]
총을 쏠 수도,9,[tʃʰoŋ.ɯl.s͈ol.su.to],[tʃʰoŋ.ɯl.s͈ol.su.do]
날 쏘지 마,9,[nal.s͈o.tʃi.ma],[nal.s͈o.dʒi.ma]
총을 쐈잖아,9,[tʃʰoŋ.ɯl.s͈wat̚.tʃan.a],[tʃʰoŋ.ɯl.s͈wat̚.tʃan.a]
총을 잡으려고,9,[tʃʰoŋ.ɯl.tʃap̚.ɯ.ɾjʌ.ko],[tʃʰoŋ.ɯl.dʒap̚.ɯ.ɾjʌ.go]
확인해 그리고,9,[hwak̚.in.hɛ.kɯ.ɾi.ko],[hwak̚.in.hɛ.gɯ.ɾi.go]
보는 게 좋겠다,9,[po.nɯŋ.ke.tʃot̚.ket̚.ta],[bo.nɯn.ge.dʒot̚.ket̚.ta]
한테 좀,9,[han.tʰe.tʃom],[han.tʰe.dʒom]
한판 붙을,9,[ham.pʰam.put̚.ɯl],[ham.pʰan.but̚.ɯl]
내 팔의,9,[nɛ.pʰal.ɯi],[nɛ.pʰal.ɯi]
총이 있소,9,[tʃʰoŋ.i.it̚.so],[tʃʰoŋ.i.it̚.so]
날 쐈지,9,[nal.s͈wat̚.tʃi],[nal.s͈wat̚.tʃi]
한판 붙자고,9,[ham.pʰam.put̚.tʃa.ko],[ham.pʰan.but̚.tʃa.go]
총이 있으니까,9,[tʃʰoŋ.i.it̚.ɯ.ni.k͈a],[tʃʰoŋ.i.it̚.ɯ.ni.k͈a]
이 명단에,9,[i.mjʌŋ.tan.e],[i.mjʌŋ.dan.e]
그게 아니란다,9,[kɯ.ke.a.ni.ɾan.ta],[gɯ.ge.a.ni.ɾan.ta]
이 모델,9,[i.mo.tel],[i.mo.del]
확인해 봐야 해요,9,[hwak̚.in.hɛ.pwa.ja.hɛ.jo],[hwak̚.in.hɛ.bwa.ja.hɛ.jo]
촬영 할,9,[tʃʰwal.jʌŋ.hal],[tʃʰwal.jʌŋ.hal]
촬영 후,9,[tʃʰwal.jʌŋ.hu],[tʃʰwal.jʌŋ.hu]
촬영을 해야,9,[tʃʰwal.jʌŋ.ɯl.hɛ.ja],[tʃʰwal.jʌŋ.ɯl.hɛ.ja]
갑자기 나타나서는,9,[kap̚.tʃa.ki.na.tʰa.na.sʌ.nɯn],[gap̚.tʃa.gi.na.tʰa.na.sʌ.nɯn]
촬영하고 있어,9,[tʃʰwal.jʌŋ.ha.ko.it̚.ʌ],[tʃʰwal.jʌŋ.ha.go.it̚.ʌ]
밀고 나가면,9,[mil.ko.na.ka.mjʌn],[mil.ko.na.ga.mjʌn]
최 강사,9,[tʃʰwe.kaŋ.sa],[tʃʰwe.gaŋ.sa]
날 아빠라고,9,[nal.a.p͈a.ɾa.ko],[nal.a.p͈a.ɾa.go]
계속 해서 소식 보내줘,9,[kje.sok̚.hɛ.sʌ.so.sik̚.po.nɛ.tʃwʌ],[gje.sok̚.hɛ.sʌ.so.sik̚.bo.nɛ.dʒwʌ]
갈 거잖아요,9,[kal.kʌ.tʃan.a.jo],[gal.gʌ.dʒan.a.jo]
최 회장이,9,[tʃʰwe.hwe.tʃaŋ.i],[tʃʰwe.hwe.dʒaŋ.i]
날 아프게 할,9,[nal.a.pʰɯ.ke.hal],[nal.a.pʰɯ.ge.hal]
최고 기록은,9,[tʃʰwe.ko.ki.ɾok̚.ɯn],[tʃʰwe.go.gi.ɾok̚.ɯn]
내 페이스북,9,[nɛ.pʰe.i.sɯ.puk̚],[nɛ.pʰe.i.sɯ.buk̚]
You think that,9,,
최고 아니면,9,[tʃʰwe.ko.a.ni.mjʌn],[tʃʰwe.go.a.ni.mjʌn]
최고 중 한,9,[tʃʰwe.ko.tʃuŋ.han],[tʃʰwe.go.dʒuŋ.han]
최고 중에,9,[tʃʰwe.ko.tʃuŋ.e],[tʃʰwe.go.dʒuŋ.e]
최고 지도자님,9,[tʃʰwe.ko.tʃi.to.tʃa.nim],[tʃʰwe.go.dʒi.do.dʒa.nim]
보는 방식으로는요,9,[po.nɯm.paŋ.sik̚.ɯ.ɾo.nɯn.jo],[bo.nɯn.baŋ.sik̚.ɯ.ɾo.nɯn.jo]
최고가 될 거야,9,[tʃʰwe.ko.ka.twel.kʌ.ja],[tʃʰwe.go.ga.dwel.gʌ.ja]
문 닫았을,9,[mun.tat̚.at̚.ɯl],[mun.dat̚.at̚.ɯl]
보는 사람마다,9,[po.nɯn.sa.ɾam.ma.ta],[bo.nɯn.sa.ɾam.ma.da]
때 써요,9,[t͈ɛ.s͈ʌ.jo],[t͈ɛ.s͈ʌ.jo]
날 안아줘요,9,[nal.an.a.tʃwʌ.jo],[nal.an.a.dʒwʌ.jo]
최고야 왜,9,[tʃʰwe.ko.ja.wɛ],[tʃʰwe.go.ja.wɛ]
최고야 이,9,[tʃʰwe.ko.ja.i],[tʃʰwe.go.ja.i]
관하여 그리고,9,[kwan.ha.jʌ.kɯ.ɾi.ko],[gwan.ha.jʌ.gɯ.ɾi.go]
최고의 과학,9,[tʃʰwe.ko.ɯi.kwa.hak̚],[tʃʰwe.go.ɯi.gwa.hak̚]
날 알아보겠나,9,[nal.al.a.po.ket̚.na],[nal.al.a.bo.get̚.na]
날 알아보겠어,9,[nal.al.a.po.ket̚.ʌ],[nal.al.a.bo.get̚.ʌ]
최고의 방법이야,9,[tʃʰwe.ko.ɯi.pam.pʌp̚.i.ja],[tʃʰwe.go.ɯi.baŋ.bʌp̚.i.ja]
밀어 버리고,9,[mil.ʌ.pʌ.ɾi.ko],[mil.ʌ.bʌ.ɾi.go]
최고의 섹스,9,[tʃʰwe.ko.ɯi.sek̚.sɯ],[tʃʰwe.go.ɯi.sek̚.sɯ]
최고의 쇼를,9,[tʃʰwe.ko.ɯi.sjo.ɾɯl],[tʃʰwe.go.ɯi.sjo.ɾɯl]
최고의 순간이야,9,[tʃʰwe.ko.ɯi.suŋ.kan.i.ja],[tʃʰwe.go.ɯi.suŋ.kan.i.ja]
최고의 여자,9,[tʃʰwe.ko.ɯi.jʌ.tʃa],[tʃʰwe.go.ɯi.jʌ.dʒa]
할 거야 뭘,9,[hal.kʌ.ja.mwʌl],[hal.gʌ.ja.mwʌl]
할 거야 아마,9,[hal.kʌ.ja.a.ma],[hal.gʌ.ja.a.ma]
최고의 요원,9,[tʃʰwe.ko.ɯi.jo.wʌn],[tʃʰwe.go.ɯi.jo.wʌn]
최고의 음악,9,[tʃʰwe.ko.ɯi.ɯm.ak̚],[tʃʰwe.go.ɯi.ɯm.ak̚]
할 거야 알겠지,9,[hal.kʌ.ja.al.ket̚.tʃi],[hal.gʌ.ja.al.ket̚.tʃi]
최고의 자리에,9,[tʃʰwe.ko.ɯi.tʃa.ɾi.e],[tʃʰwe.go.ɯi.dʒa.ɾi.e]
밀폐 된,9,[mil.pʰje.twen],[mil.pʰje.dwen]
할 거야 이거,9,[hal.kʌ.ja.i.kʌ],[hal.gʌ.ja.i.gʌ]
관한 거라고,9,[kwan.haŋ.kʌ.ɾa.ko],[gwan.han.gʌ.ɾa.go]
밀폐된 공간에,9,[mil.pʰje.tweŋ.koŋ.kan.e],[mil.pʰje.dwen.goŋ.gan.e]
밀폐된 공간에서,9,[mil.pʰje.tweŋ.koŋ.kan.e.sʌ],[mil.pʰje.dwen.goŋ.gan.e.sʌ]
할 거야 이미,9,[hal.kʌ.ja.i.mi],[hal.gʌ.ja.i.mi]
최고인 것 같아,9,[tʃʰwe.ko.iŋ.kʌt̚.kat̚.a],[tʃʰwe.go.in.gʌt̚.gat̚.a]
환 부,9,[hwam.pu],[hwan.bu]
are done,9,,
날 어떻게 찾았는지,9,[nal.ʌ.t͈ʌt̚.ke.tʃʰat̚.at̚.nɯn.tʃi],[nal.ʌ.t͈ʌt̚.ke.tʃʰat̚.at̚.nɯn.tʃi]
날 어떻게 찾은,9,[nal.ʌ.t͈ʌt̚.ke.tʃʰat̚.ɯn],[nal.ʌ.t͈ʌt̚.ke.tʃʰat̚.ɯn]
최근 상황을,9,[tʃʰwe.kɯn.saŋ.hwaŋ.ɯl],[tʃʰwe.gɯn.saŋ.hwaŋ.ɯl]
환각 속에서,9,[hwaŋ.kak̚.sok̚.e.sʌ],[hwaŋ.kak̚.sok̚.e.sʌ]
of course you,9,,
북쪽 사람들은,9,[puk̚.tʃ͈ok̚.sa.ɾan.tɯl.ɯn],[buk̚.tʃ͈ok̚.sa.ɾan.tɯl.ɯn]
계속될 수,9,[kje.sok̚.twel.su],[gje.sok̚.twel.su]
및 상업적,9,[mit̚.saŋ.ʌp̚.tʃʌk̚],[mit̚.saŋ.ʌp̚.tʃʌk̚]
및 상업적 이용,9,[mit̚.saŋ.ʌp̚.tʃʌk̚.i.joŋ],[mit̚.saŋ.ʌp̚.tʃʌk̚.i.joŋ]
보니 기분,9,[po.ni.ki.pun],[bo.ni.gi.bun]
최근에 벌어진,9,[tʃʰwe.kɯn.e.pʌl.ʌ.tʃin],[tʃʰwe.gɯn.e.bʌl.ʌ.dʒin]
할 거예요 그러니,9,[hal.kʌ.je.jo.kɯ.ɾʌ.ni],[hal.gʌ.je.jo.gɯ.ɾʌ.ni]
최근에 쓴,9,[tʃʰwe.kɯn.e.s͈ɯn],[tʃʰwe.gɯn.e.s͈ɯn]
최근에 여기,9,[tʃʰwe.kɯn.e.jʌ.ki],[tʃʰwe.gɯn.e.jʌ.gi]
및 일부,9,[mit̚.il.pu],[mit̚.il.pu]
할 거예요 우리가,9,[hal.kʌ.je.jo.u.ɾi.ka],[hal.gʌ.je.jo.u.ɾi.ga]
보니 너무 좋네요,9,[po.ni.nʌ.mu.tʃot̚.ne.jo],[bo.ni.nʌ.mu.dʒot̚.ne.jo]
문 닫을까,9,[mun.tat̚.ɯl.k͈a],[mun.dat̚.ɯl.k͈a]
및 제목,9,[mit̚.tʃe.mok̚],[mit̚.dʒe.mok̚]
이 무거운,9,[i.mu.kʌ.un],[i.mu.gʌ.un]
최대한 노력할,9,[tʃʰwe.tɛ.han.no.ɾjʌk̚.hal],[tʃʰwe.dɛ.han.no.ɾjʌk̚.hal]
최대한 눈에,9,[tʃʰwe.tɛ.han.nun.e],[tʃʰwe.dɛ.han.nun.e]
최대한 많은 정보를,9,[tʃʰwe.tɛ.han.man.ɯn.tʃʌm.po.ɾɯl],[tʃʰwe.dɛ.han.man.ɯn.dʒʌŋ.bo.ɾɯl]
밑도 끝도 없는,9,[mit̚.to.k͈ɯt̚.to.ʌp̚.nɯn],[mit̚.to.k͈ɯt̚.to.ʌp̚.nɯn]
최대한 먼,9,[tʃʰwe.tɛ.han.mʌn],[tʃʰwe.dɛ.han.mʌn]
최대한 모든,9,[tʃʰwe.tɛ.han.mo.tɯn],[tʃʰwe.dɛ.han.mo.dɯn]
이 문 뒤에,9,[i.mun.twi.e],[i.mun.dwi.e]
최대한 빨리 연락,9,[tʃʰwe.tɛ.ham.p͈al.ɾi.jʌl.lak̚],[tʃʰwe.dɛ.ham.p͈al.ɾi.jʌl.lak̚]
최대한 빨리 응답하겠습니다,9,[tʃʰwe.tɛ.ham.p͈al.ɾi.ɯŋ.tap̚.ha.ket̚.sɯp̚.ni.ta],[tʃʰwe.dɛ.ham.p͈al.ɾi.ɯŋ.dap̚.ha.get̚.sɯp̚.ni.da]
가는 것 같다,9,[ka.nɯŋ.kʌt̚.kat̚.ta],[ga.nɯn.gʌt̚.gat̚.ta]
최대한 신속하게,9,[tʃʰwe.tɛ.han.sin.sok̚.ha.ke],[tʃʰwe.dɛ.han.sin.sok̚.ha.ge]
최대한 천천히,9,[tʃʰwe.tɛ.han.tʃʰʌn.tʃʰʌn.hi],[tʃʰwe.dɛ.han.tʃʰʌn.tʃʰʌn.hi]
최대한 활용해야,9,[tʃʰwe.tɛ.han.hwal.joŋ.hɛ.ja],[tʃʰwe.dɛ.han.hwal.joŋ.hɛ.ja]
최면을 걸어서,9,[tʃʰwe.mjʌn.ɯl.kʌl.ʌ.sʌ],[tʃʰwe.mjʌn.ɯl.gʌl.ʌ.sʌ]
밑에 와,9,[mit̚.e.wa],[mit̚.e.wa]
할 겁니다 네,9,[hal.kʌp̚.ni.ta.ne],[hal.gʌp̚.ni.da.ne]
최선을 다 하는,9,[tʃʰwe.sʌn.ɯl.ta.ha.nɯn],[tʃʰwe.sʌn.ɯl.da.ha.nɯn]
최선을 다하고 싶어,9,[tʃʰwe.sʌn.ɯl.ta.ha.ko.sip̚.ʌ],[tʃʰwe.sʌn.ɯl.da.ha.go.sip̚.ʌ]
최선을 다하고 있다,9,[tʃʰwe.sʌn.ɯl.ta.ha.ko.it̚.ta],[tʃʰwe.sʌn.ɯl.da.ha.go.it̚.ta]
최선을 다하고 있으니까,9,[tʃʰwe.sʌn.ɯl.ta.ha.ko.it̚.ɯ.ni.k͈a],[tʃʰwe.sʌn.ɯl.da.ha.go.it̚.ɯ.ni.k͈a]
이 문을 열,9,[i.mun.ɯl.jʌl],[i.mun.ɯl.jʌl]
최선을 다하마,9,[tʃʰwe.sʌn.ɯl.ta.ha.ma],[tʃʰwe.sʌn.ɯl.da.ha.ma]
최선을 다하자,9,[tʃʰwe.sʌn.ɯl.ta.ha.tʃa],[tʃʰwe.sʌn.ɯl.da.ha.dʒa]
날 엿 먹이려는,9,[nal.jʌt̚.mʌk̚.i.ɾjʌ.nɯn],[nal.jʌt̚.mʌk̚.i.ɾjʌ.nɯn]
날 엿 먹인,9,[nal.jʌt̚.mʌk̚.in],[nal.jʌt̚.mʌk̚.in]
최선을 다한다는,9,[tʃʰwe.sʌn.ɯl.ta.han.ta.nɯn],[tʃʰwe.sʌn.ɯl.da.han.ta.nɯn]
are for,9,,
날 엿먹이는,9,[nal.jʌt̚.mʌk̚.i.nɯn],[nal.jʌt̚.mʌk̚.i.nɯn]
밑에서 무슨,9,[mit̚.e.sʌ.mu.sɯn],[mit̚.e.sʌ.mu.sɯn]
밑에서 얼마나,9,[mit̚.e.sʌ.ʌl.ma.na],[mit̚.e.sʌ.ʌl.ma.na]
할 겁니다 전,9,[hal.kʌp̚.ni.ta.tʃʌn],[hal.gʌp̚.ni.da.dʒʌn]
할 것 같아 알겠어요,9,[hal.kʌt̚.kat̚.a.al.ket̚.ʌ.jo],[hal.gʌt̚.gat̚.a.al.ket̚.ʌ.jo]
보니 알겠다,9,[po.ni.al.ket̚.ta],[bo.ni.al.ket̚.ta]
날 오해한,9,[nal.o.hɛ.han],[nal.o.hɛ.han]
최선을 다했잖아요,9,[tʃʰwe.sʌn.ɯl.ta.hɛt̚.tʃan.a.jo],[tʃʰwe.sʌn.ɯl.da.hɛt̚.tʃan.a.jo]
날 오후에,9,[nal.o.hu.e],[nal.o.hu.e]
이 문제에 관해,9,[i.mun.tʃe.e.kwan.hɛ],[i.mun.tʃe.e.gwan.hɛ]
최선의 선택,9,[tʃʰwe.sʌn.ɯi.sʌn.tʰɛk̚],[tʃʰwe.sʌn.ɯi.sʌn.tʰɛk̚]
환영 파티,9,[hwan.jʌm.pʰa.tʰi],[hwan.jʌm.pʰa.tʰi]
계속할 수 있을지,9,[kje.sok̚.hal.su.it̚.ɯl.tʃi],[gje.sok̚.hal.su.it̚.ɯl.tʃi]
최선이라고 생각하는,9,[tʃʰwe.sʌn.i.ɾa.ko.sɛŋ.kak̚.ha.nɯn],[tʃʰwe.sʌn.i.ɾa.go.sɛŋ.gak̚.ha.nɯn]
밑에서 일하지 않아,9,[mit̚.e.sʌ.il.ha.tʃi.an.a],[mit̚.e.sʌ.il.ha.dʒi.an.a]
최선이야 내가,9,[tʃʰwe.sʌn.i.ja.nɛ.ka],[tʃʰwe.sʌn.i.ja.nɛ.ga]
할 것 같아 우리가,9,[hal.kʌt̚.kat̚.a.u.ɾi.ka],[hal.gʌt̚.gat̚.a.u.ɾi.ga]
보니 여러,9,[po.ni.jʌ.ɾʌ],[bo.ni.jʌ.ɾʌ]
갈 곳도 없는데,9,[kal.kot̚.to.ʌp̚.nɯn.te],[gal.got̚.to.ʌp̚.nɯn.te]
보니 이게,9,[po.ni.i.ke],[bo.ni.i.ge]
최소화해야 해,9,[tʃʰwe.so.hwa.hɛ.ja.hɛ],[tʃʰwe.so.hwa.hɛ.ja.hɛ]
최신 소식을,9,[tʃʰwe.sin.so.sik̚.ɯl],[tʃʰwe.sin.so.sik̚.ɯl]
날 용서한다고,9,[nal.joŋ.sʌ.han.ta.ko],[nal.joŋ.sʌ.han.ta.go]
최악 중의,9,[tʃʰwe.ak̚.tʃuŋ.ɯi],[tʃʰwe.ak̚.dʒuŋ.ɯi]
할 것이다 그리고,9,[hal.kʌt̚.i.ta.kɯ.ɾi.ko],[hal.gʌt̚.i.da.gɯ.ɾi.go]
최악의 날을,9,[tʃʰwe.ak̚.ɯi.nal.ɯl],[tʃʰwe.ak̚.ɯi.nal.ɯl]
최악의 모습을,9,[tʃʰwe.ak̚.ɯi.mo.sɯp̚.ɯl],[tʃʰwe.ak̚.ɯi.mo.sɯp̚.ɯl]
최악의 상황,9,[tʃʰwe.ak̚.ɯi.saŋ.hwaŋ],[tʃʰwe.ak̚.ɯi.saŋ.hwaŋ]
바 꾸었습니다,9,[pa.k͈u.ʌt̚.sɯp̚.ni.ta],[ba.k͈u.ʌt̚.sɯp̚.ni.da]
날 용서해주길,9,[nal.joŋ.sʌ.hɛ.tʃu.kil],[nal.joŋ.sʌ.hɛ.dʒu.gil]
날 용서해줄 수,9,[nal.joŋ.sʌ.hɛ.tʃul.su],[nal.joŋ.sʌ.hɛ.dʒul.su]
이 미치광이,9,[i.mi.tʃʰi.kwaŋ.i],[i.mi.tʃʰi.gwaŋ.i]
바 아니라고요,9,[pa.a.ni.ɾa.ko.jo],[ba.a.ni.ɾa.go.jo]
최우선 순위는,9,[tʃʰwe.u.sʌn.sun.wi.nɯn],[tʃʰwe.u.sʌn.sun.wi.nɯn]
할 게 또,9,[hal.ke.t͈o],[hal.ge.t͈o]
최종 결과,9,[tʃʰwe.tʃoŋ.kjʌl.kwa],[tʃʰwe.dʒoŋ.gjʌl.kwa]
최종 명단에,9,[tʃʰwe.tʃoŋ.mjʌŋ.tan.e],[tʃʰwe.dʒoŋ.mjʌŋ.dan.e]
환영합니다 여기,9,[hwan.jʌŋ.hap̚.ni.ta.jʌ.ki],[hwan.jʌŋ.hap̚.ni.da.jʌ.gi]
최종 후보,9,[tʃʰwe.tʃoŋ.hu.po],[tʃʰwe.dʒoŋ.hu.bo]
날 원망해,9,[nal.wʌn.maŋ.hɛ],[nal.wʌn.maŋ.hɛ]
최초 감염자로,9,[tʃʰwe.tʃʰo.kam.jʌn.tʃa.ɾo],[tʃʰwe.tʃʰo.gam.jʌn.tʃa.ɾo]
최초의 여자,9,[tʃʰwe.tʃʰo.ɯi.jʌ.tʃa],[tʃʰwe.tʃʰo.ɯi.jʌ.dʒa]
바가 있는데,9,[pa.ka.it̚.nɯn.te],[ba.ga.it̚.nɯn.te]
걸 돕지,9,[kʌl.top̚.tʃi],[gʌl.dop̚.tʃi]
최후의 만찬,9,[tʃʰwe.hu.ɯi.man.tʃʰan],[tʃʰwe.hu.ɯi.man.tʃʰan]
계속해서 움직여야,9,[kje.sok̚.hɛ.sʌ.un.tʃik̚.jʌ.ja],[gje.sok̚.hɛ.sʌ.un.tʃik̚.jʌ.ja]
날 원한,9,[nal.wʌn.han],[nal.wʌn.han]
바가지 씌우는,9,[pa.ka.tʃi.s͈ɯi.u.nɯn],[ba.ga.dʒi.s͈ɯi.u.nɯn]
추가 검사,9,[tʃʰu.ka.kʌm.sa],[tʃʰu.ga.gʌm.sa]
바그람 공군,9,[pa.kɯ.ɾam.koŋ.kun],[ba.gɯ.ɾam.goŋ.gun]
추가 근무,9,[tʃʰu.ka.kɯn.mu],[tʃʰu.ga.gɯn.mu]
계속해서 이,9,[kje.sok̚.hɛ.sʌ.i],[gje.sok̚.hɛ.sʌ.i]
추가 증거 제시,9,[tʃʰu.ka.tʃɯŋ.kʌ.tʃe.si],[tʃʰu.ga.dʒɯŋ.gʌ.dʒe.si]
추가 증거가 발견,9,[tʃʰu.ka.tʃɯŋ.kʌ.ka.pal.kjʌn],[tʃʰu.ga.dʒɯŋ.gʌ.ga.bal.kjʌn]
때 여긴,9,[t͈ɛ.jʌ.kin],[t͈ɛ.jʌ.gin]
날 위한 게 아니야,9,[nal.wi.haŋ.ke.a.ni.ja],[nal.wi.han.ge.a.ni.ja]
추가로 더,9,[tʃʰu.ka.ɾo.tʌ],[tʃʰu.ga.ɾo.dʌ]
바깥에 있어,9,[pa.k͈at̚.e.it̚.ʌ],[ba.k͈at̚.e.it̚.ʌ]
추고 있는,9,[tʃʰu.ko.it̚.nɯn],[tʃʰu.go.it̚.nɯn]
추는 건,9,[tʃʰu.nɯŋ.kʌn],[tʃʰu.nɯn.gʌn]
다 마음에 안,9,[ta.ma.ɯm.e.an],[da.ma.ɯm.e.an]
추도 연설,9,[tʃʰu.to.jʌn.sʌl],[tʃʰu.do.jʌn.sʌl]
바꾸고 싶은데요,9,[pa.k͈u.ko.sip̚.ɯn.te.jo],[ba.k͈u.go.sip̚.ɯn.te.jo]
분 그,9,[puŋ.kɯ],[bun.gɯ]
날 위해 이걸,9,[nal.wi.hɛ.i.kʌl],[nal.wi.hɛ.i.gʌl]
추수 감사절 때,9,[tʃʰu.su.kam.sa.tʃʌl.t͈ɛ],[tʃʰu.su.gam.sa.dʒʌl.t͈ɛ]
추수 감사절은,9,[tʃʰu.su.kam.sa.tʃʌl.ɯn],[tʃʰu.su.gam.sa.dʒʌl.ɯn]
바꾸는 중이야,9,[pa.k͈u.nɯn.tʃuŋ.i.ja],[ba.k͈u.nɯn.dʒuŋ.i.ja]
아니야 그럼 대체,9,[a.ni.ja.kɯ.ɾʌn.tɛ.tʃʰe],[a.ni.ja.gɯ.ɾʌm.dɛ.tʃʰe]
때 오직,9,[t͈ɛ.o.tʃik̚],[t͈ɛ.o.dʒik̚]
바꾸려는 거야,9,[pa.k͈u.ɾjʌ.nɯŋ.kʌ.ja],[ba.k͈u.ɾjʌ.nɯn.gʌ.ja]
이 방법도,9,[i.pam.pʌp̚.to],[i.baŋ.bʌp̚.to]
바꾸면 안 돼,9,[pa.k͈u.mjʌn.an.twɛ],[ba.k͈u.mjʌn.an.dwɛ]
추워서 그래요,9,[tʃʰu.wʌ.sʌ.kɯ.ɾɛ.jo],[tʃʰu.wʌ.sʌ.gɯ.ɾɛ.jo]
추워서 그래,9,[tʃʰu.wʌ.sʌ.kɯ.ɾɛ],[tʃʰu.wʌ.sʌ.gɯ.ɾɛ]
추워지고 있어,9,[tʃʰu.wʌ.tʃi.ko.it̚.ʌ],[tʃʰu.wʌ.dʒi.go.it̚.ʌ]
제대로 할 거야,9,[tʃe.tɛ.ɾo.hal.kʌ.ja],[dʒe.dɛ.ɾo.hal.gʌ.ja]
추위 때문에,9,[tʃʰu.wi.t͈ɛ.mun.e],[tʃʰu.wi.t͈ɛ.mun.e]
바꾸지 말고,9,[pa.k͈u.tʃi.mal.ko],[ba.k͈u.dʒi.mal.ko]
추적 방지,9,[tʃʰu.tʃʌk̚.paŋ.tʃi],[tʃʰu.dʒʌk̚.baŋ.dʒi]
추적 불가,9,[tʃʰu.tʃʌk̚.pul.ka],[tʃʰu.dʒʌk̚.bul.ka]
때 왔나,9,[t͈ɛ.wat̚.na],[t͈ɛ.wat̚.na]
할 때는 언제고,9,[hal.t͈ɛ.nɯn.ʌn.tʃe.ko],[hal.t͈ɛ.nɯn.ʌn.tʃe.go]
바꾸지 않을 거예요,9,[pa.k͈u.tʃi.an.ɯl.kʌ.je.jo],[ba.k͈u.dʒi.an.ɯl.gʌ.je.jo]
보다 네가,9,[po.ta.ne.ka],[bo.da.ne.ga]
바꾸진 않아,9,[pa.k͈u.tʃin.an.a],[ba.k͈u.dʒin.an.a]
갈 길도,9,[kal.kil.to],[gal.gil.to]
추적하고 있는데,9,[tʃʰu.tʃʌk̚.ha.ko.it̚.nɯn.te],[tʃʰu.dʒʌk̚.ha.go.it̚.nɯn.te]
이 방에 우리가 몇,9,[i.paŋ.e.u.ɾi.ka.mjʌt̚],[i.baŋ.e.u.ɾi.ga.mjʌt̚]
추적하는 데 도움이,9,[tʃʰu.tʃʌk̚.ha.nɯn.te.to.um.i],[tʃʰu.dʒʌk̚.ha.nɯn.de.do.um.i]
추적한 게,9,[tʃʰu.tʃʌk̚.haŋ.ke],[tʃʰu.dʒʌk̚.han.ge]
추적할 만한,9,[tʃʰu.tʃʌk̚.hal.man.han],[tʃʰu.dʒʌk̚.hal.man.han]
아니야 난 이제,9,[a.ni.ja.nan.i.tʃe],[a.ni.ja.nan.i.dʒe]
추적할 수 있도록,9,[tʃʰu.tʃʌk̚.hal.su.it̚.to.ɾok̚],[tʃʰu.dʒʌk̚.hal.su.it̚.to.ɾok̚]
할 때도 있는 거야,9,[hal.t͈ɛ.to.it̚.nɯŋ.kʌ.ja],[hal.t͈ɛ.do.it̚.nɯn.gʌ.ja]
추적할 순,9,[tʃʰu.tʃʌk̚.hal.sun],[tʃʰu.dʒʌk̚.hal.sun]
바꿀 수 없지만,9,[pa.k͈ul.su.ʌp̚.tʃi.man],[ba.k͈ul.su.ʌp̚.tʃi.man]
바꿀 수 있게,9,[pa.k͈ul.su.it̚.ke],[ba.k͈ul.su.it̚.ke]
추진 장치가,9,[tʃʰu.tʃin.tʃaŋ.tʃʰi.ka],[tʃʰu.dʒin.dʒaŋ.tʃʰi.ga]
추진력을 잃고,9,[tʃʰu.tʃil.ljʌk̚.ɯl.il.ko],[tʃʰu.dʒil.ljʌk̚.ɯl.il.ko]
환자는 내가,9,[hwan.tʃa.nɯn.nɛ.ka],[hwan.tʃa.nɯn.nɛ.ga]
바꿀 수 있지만,9,[pa.k͈ul.su.it̚.tʃi.man],[ba.k͈ul.su.it̚.tʃi.man]
보다 하지만,9,[po.ta.ha.tʃi.man],[bo.da.ha.dʒi.man]
추측이 난무하고,9,[tʃʰu.tʃʰɯk̚.i.nan.mu.ha.ko],[tʃʰu.tʃʰɯk̚.i.nan.mu.ha.go]
그와 결혼했다,9,[kɯ.wa.kjʌl.hon.hɛt̚.ta],[gɯ.wa.gjʌl.hon.hɛt̚.ta]
추해질 거야,9,[tʃʰu.hɛ.tʃil.kʌ.ja],[tʃʰu.hɛ.dʒil.gʌ.ja]
갈 길이 멀다고,9,[kal.kil.i.mʌl.ta.ko],[gal.gil.i.mʌl.ta.go]
바꿔 놓았습니다,9,[pa.k͈wʌ.not̚.at̚.sɯp̚.ni.ta],[ba.k͈wʌ.not̚.at̚.sɯp̚.ni.da]
축구 스타,9,[tʃʰuk̚.ku.sɯ.tʰa],[tʃʰuk̚.ku.sɯ.tʰa]
축복을 내리소서,9,[tʃʰuk̚.pok̚.ɯl.lɛ.ɾi.so.sʌ],[tʃʰuk̚.pok̚.ɯl.lɛ.ɾi.so.sʌ]
축복을 받았어,9,[tʃʰuk̚.pok̚.ɯl.pat̚.at̚.ʌ],[tʃʰuk̚.pok̚.ɯl.bat̚.at̚.ʌ]
갈 길이 멀었어 아직,9,[kal.kil.i.mʌl.ʌt̚.ʌ.a.tʃik̚],[gal.gil.i.mʌl.ʌt̚.ʌ.a.dʒik̚]
바꿔 볼까,9,[pa.k͈wʌ.pol.k͈a],[ba.k͈wʌ.bol.k͈a]
할 말 있으세요,9,[hal.mal.it̚.ɯ.se.jo],[hal.mal.it̚.ɯ.se.jo]
축복해 주시고,9,[tʃʰuk̚.pok̚.hɛ.tʃu.si.ko],[tʃʰuk̚.pok̚.hɛ.dʒu.si.go]
축제 같은,9,[tʃʰuk̚.tʃe.kat̚.ɯn],[tʃʰuk̚.tʃe.gat̚.ɯn]
바꿔보는 건,9,[pa.k͈wʌ.po.nɯŋ.kʌn],[ba.k͈wʌ.bo.nɯn.gʌn]
관한 것이라고,9,[kwan.haŋ.kʌt̚.i.ɾa.ko],[gwan.han.gʌt̚.i.ɾa.go]
축하를 해야지,9,[tʃʰuk̚.ha.ɾɯl.hɛ.ja.tʃi],[tʃʰuk̚.ha.ɾɯl.hɛ.ja.dʒi]
축하하러 가자,9,[tʃʰuk̚.ha.ha.ɾʌ.ka.tʃa],[tʃʰuk̚.ha.ha.ɾʌ.ga.dʒa]
이 범인,9,[i.pʌm.in],[i.bʌm.in]
바꿨어 그,9,[pa.k͈wʌt̚.ʌ.kɯ],[ba.k͈wʌt̚.ʌ.gɯ]
걸 둘 다,9,[kʌl.tul.ta],[gʌl.dul.da]
할 말이 없다고,9,[hal.mal.i.ʌp̚.ta.ko],[hal.mal.i.ʌp̚.ta.go]
축하해 줘,9,[tʃʰuk̚.ha.hɛ.tʃwʌ],[tʃʰuk̚.ha.hɛ.dʒwʌ]
바뀌기 전에 빨리,9,[pa.k͈wi.ki.tʃʌn.e.p͈al.ɾi],[ba.k͈wi.gi.dʒʌn.e.p͈al.ɾi]
날 잊을,9,[nal.it̚.ɯl],[nal.it̚.ɯl]
출구가 있을 거야,9,[tʃʰul.ku.ka.it̚.ɯl.kʌ.ja],[tʃʰul.ku.ga.it̚.ɯl.gʌ.ja]
출구를 봉쇄하라,9,[tʃʰul.ku.ɾɯl.poŋ.swɛ.ha.ɾa],[tʃʰul.ku.ɾɯl.boŋ.swɛ.ha.ɾa]
출구를 봉쇄해,9,[tʃʰul.ku.ɾɯl.poŋ.swɛ.hɛ],[tʃʰul.ku.ɾɯl.boŋ.swɛ.hɛ]
출근 안 했어요,9,[tʃʰul.kɯn.an.hɛt̚.ʌ.jo],[tʃʰul.kɯn.an.hɛt̚.ʌ.jo]
바뀌지 않는다,9,[pa.k͈wi.tʃi.an.nɯn.ta],[ba.k͈wi.dʒi.an.nɯn.ta]
바뀌지 않았다,9,[pa.k͈wi.tʃi.an.at̚.ta],[ba.k͈wi.dʒi.an.at̚.ta]
날 잘 봐,9,[nal.tʃal.pwa],[nal.dʒal.bwa]
출근해야 해서요,9,[tʃʰul.kɯn.hɛ.ja.hɛ.sʌ.jo],[tʃʰul.kɯn.hɛ.ja.hɛ.sʌ.jo]
바뀌지 않을 거예요,9,[pa.k͈wi.tʃi.an.ɯl.kʌ.je.jo],[ba.k͈wi.dʒi.an.ɯl.gʌ.je.jo]
바뀌지 않을거야,9,[pa.k͈wi.tʃi.an.ɯl.kʌ.ja],[ba.k͈wi.dʒi.an.ɯl.kʌ.ja]
출동 준비해,9,[tʃʰul.toŋ.tʃum.pi.hɛ],[tʃʰul.toŋ.dʒum.pi.hɛ]
출력 상승,9,[tʃʰul.ɾjʌk̚.saŋ.sɯŋ],[tʃʰul.ɾjʌk̚.saŋ.sɯŋ]
be needing,9,,
바뀐 건가,9,[pa.k͈wiŋ.kʌŋ.ka],[ba.k͈win.gʌŋ.ka]
내 형제들과,9,[nɛ.hjʌŋ.tʃe.tɯl.kwa],[nɛ.hjʌŋ.dʒe.dɯl.kwa]
바뀐 것은,9,[pa.k͈wiŋ.kʌt̚.ɯn],[ba.k͈win.gʌt̚.ɯn]
곳이라곤 없어 辿り着くべき場所へと 도달해야,9,[kot̚.i.ɾa.kon.ʌp̚.ʌ.to.tal.hɛ.ja],[got̚.i.ɾa.gon.ʌp̚.ʌ.do.dal.hɛ.ja]
분 또,9,[pun.t͈o],[bun.t͈o]
계신 줄 알았는데,9,[kje.sin.tʃul.al.at̚.nɯn.te],[gje.sin.dʒul.al.at̚.nɯn.te]
are looking for,9,,
출산 전에,9,[tʃʰul.san.tʃʌn.e],[tʃʰul.san.dʒʌn.e]
계신 줄 알았어요,9,[kje.sin.tʃul.al.at̚.ʌ.jo],[gje.sin.dʒul.al.at̚.ʌ.jo]
출산 휴가를,9,[tʃʰul.san.hju.ka.ɾɯl],[tʃʰul.san.hju.ga.ɾɯl]
바뀔 수도 있어요,9,[pa.k͈wil.su.to.it̚.ʌ.jo],[ba.k͈wil.su.do.it̚.ʌ.jo]
이제까지 본,9,[i.tʃe.k͈a.tʃi.pon],[i.dʒe.k͈a.dʒi.bon]
내 형제와,9,[nɛ.hjʌŋ.tʃe.wa],[nɛ.hjʌŋ.dʒe.wa]
출신이 아닌,9,[tʃʰul.sin.i.a.nin],[tʃʰul.sin.i.a.nin]
보라고 해서,9,[po.ɾa.ko.hɛ.sʌ],[bo.ɾa.go.hɛ.sʌ]
활보하고 있어,9,[hwal.po.ha.ko.it̚.ʌ],[hwal.po.ha.go.it̚.ʌ]
이 별에,9,[i.pjʌl.e],[i.bjʌl.e]
내가 여러분,9,[nɛ.ka.jʌ.ɾʌ.pun],[nɛ.ga.jʌ.ɾʌ.bun]
할 사람이 없으니까,9,[hal.sa.ɾam.i.ʌp̚.ɯ.ni.k͈a],[hal.sa.ɾam.i.ʌp̚.ɯ.ni.k͈a]
날 적으로,9,[nal.tʃʌk̚.ɯ.ɾo],[nal.dʒʌk̚.ɯ.ɾo]
할 상대가,9,[hal.saŋ.tɛ.ka],[hal.saŋ.dɛ.ga]
문 열어야 해,9,[mun.jʌl.ʌ.ja.hɛ],[mun.jʌl.ʌ.ja.hɛ]
계신지 몰랐어요,9,[kje.sin.tʃi.mol.ɾat̚.ʌ.jo],[gje.sin.tʃi.mol.ɾat̚.ʌ.jo]
할 생각은 아니었어,9,[hal.sɛŋ.kak̚.ɯn.a.ni.ʌt̚.ʌ],[hal.sɛŋ.gak̚.ɯn.a.ni.ʌt̚.ʌ]
출입증 인식음,9,[tʃʰul.ip̚.tʃɯŋ.in.sik̚.ɯm],[tʃʰul.ip̚.tʃɯŋ.in.sik̚.ɯm]
활을 잘,9,[hwal.ɯl.tʃal],[hwal.ɯl.dʒal]
그와 정반대입니다,9,[kɯ.wa.tʃʌm.pan.tɛ.ip̚.ni.ta],[gɯ.wa.dʒʌŋ.ban.tɛ.ip̚.ni.da]
are made,9,,
날 절대로,9,[nal.tʃʌl.tɛ.ɾo],[nal.dʒʌl.tɛ.ɾo]
할 소리예요,9,[hal.so.ɾi.je.jo],[hal.so.ɾi.je.jo]
날 정도죠,9,[nal.tʃʌŋ.to.tʃjo],[nal.dʒʌŋ.do.dʒjo]
할 수 밖에 없었다,9,[hal.su.pak̚.e.ʌp̚.ʌt̚.ta],[hal.su.bak̚.e.ʌp̚.ʌt̚.ta]
출혈을 막지,9,[tʃʰul.hjʌl.ɯl.mak̚.tʃi],[tʃʰul.hjʌl.ɯl.mak̚.tʃi]
출혈이 있었어요,9,[tʃʰul.hjʌl.i.it̚.ʌt̚.ʌ.jo],[tʃʰul.hjʌl.i.it̚.ʌt̚.ʌ.jo]
춤 잘 추는,9,[tʃʰun.tʃal.tʃʰu.nɯn],[tʃʰum.dʒal.tʃʰu.nɯn]
바다 밑으로,9,[pa.ta.mit̚.ɯ.ɾo],[ba.da.mit̚.ɯ.ɾo]
바다 보러,9,[pa.ta.po.ɾʌ],[ba.da.bo.ɾʌ]
바다 속에,9,[pa.ta.sok̚.e],[ba.da.sok̚.e]
춤 한 번,9,[tʃʰum.ham.pʌn],[tʃʰum.han.bʌn]
날 조금만,9,[nal.tʃo.kɯm.man],[nal.dʒo.gɯm.man]
바다 입수,9,[pa.ta.ip̚.su],[ba.da.ip̚.su]
춤을 추기 위해,9,[tʃʰum.ɯl.tʃʰu.ki.wi.hɛ],[tʃʰum.ɯl.tʃʰu.gi.wi.hɛ]
춤을 출 거예요,9,[tʃʰum.ɯl.tʃʰul.kʌ.je.jo],[tʃʰum.ɯl.tʃʰul.gʌ.je.jo]
춤을 춰도,9,[tʃʰum.ɯl.tʃʰwʌ.to],[tʃʰum.ɯl.tʃʰwʌ.do]
춤을 춰야,9,[tʃʰum.ɯl.tʃʰwʌ.ja],[tʃʰum.ɯl.tʃʰwʌ.ja]
할 수 없어 내가,9,[hal.su.ʌp̚.ʌ.nɛ.ka],[hal.su.ʌp̚.ʌ.nɛ.ga]
곳이야 왜,9,[kot̚.i.ja.wɛ],[got̚.i.ja.wɛ]
춤추게 해,9,[tʃʰun.tʃʰu.ke.hɛ],[tʃʰun.tʃʰu.ge.hɛ]
걸리지 않습니다,9,[kʌl.ɾi.tʃi.an.sɯp̚.ni.ta],[gʌl.ɾi.dʒi.an.sɯp̚.ni.da]
분 아닙니까,9,[pun.a.nip̚.ni.k͈a],[bun.a.nip̚.ni.k͈a]
바다에 떠,9,[pa.ta.e.t͈ʌ],[ba.da.e.t͈ʌ]
in the walls,9,,
날 좀 봐봐,9,[nal.tʃom.pwa.pwa],[nal.dʒom.bwa.bwa]
때 저런,9,[t͈ɛ.tʃʌ.ɾʌn],[t͈ɛ.dʒʌ.ɾʌn]
바닥 밑에서,9,[pa.tak̚.mit̚.e.sʌ],[ba.dak̚.mit̚.e.sʌ]
충격을 받았지만,9,[tʃʰuŋ.kjʌk̚.ɯl.pat̚.at̚.tʃi.man],[tʃʰuŋ.gjʌk̚.ɯl.bat̚.at̚.tʃi.man]
날 좋아하는 것 같아,9,[nal.tʃot̚.a.ha.nɯŋ.kʌt̚.kat̚.a],[nal.dʒot̚.a.ha.nɯn.gʌt̚.gat̚.a]
충격을 주고 있습니다,9,[tʃʰuŋ.kjʌk̚.ɯl.tʃu.ko.it̚.sɯp̚.ni.ta],[tʃʰuŋ.gjʌk̚.ɯl.dʒu.go.it̚.sɯp̚.ni.da]
계십니다 오늘,9,[kje.sip̚.ni.ta.o.nɯl],[gje.sip̚.ni.da.o.nɯl]
이 빌딩에,9,[i.pil.tiŋ.e],[i.bil.tiŋ.e]
분 안에 갈게,9,[pun.an.e.kal.ke],[bun.an.e.gal.ke]
날 좋아하면,9,[nal.tʃot̚.a.ha.mjʌn],[nal.dʒot̚.a.ha.mjʌn]
충고 고마워요,9,[tʃʰuŋ.ko.ko.ma.wʌ.jo],[tʃʰuŋ.go.go.ma.wʌ.jo]
날 좋아하지도,9,[nal.tʃot̚.a.ha.tʃi.to],[nal.dʒot̚.a.ha.dʒi.do]
충고하고 싶다,9,[tʃʰuŋ.ko.ha.ko.sip̚.ta],[tʃʰuŋ.go.ha.go.sip̚.ta]
바닥에 쓰러졌어요,9,[pa.tak̚.e.s͈ɯ.ɾʌ.tʃjʌt̚.ʌ.jo],[ba.dak̚.e.s͈ɯ.ɾʌ.dʒjʌt̚.ʌ.jo]
I can think of,9,,
계약 건,9,[kje.jak̚.kʌn],[gje.jak̚.gʌn]
충돌한 것,9,[tʃʰuŋ.tol.haŋ.kʌt̚],[tʃʰuŋ.dol.han.gʌt̚]
날 좋아해서,9,[nal.tʃot̚.a.hɛ.sʌ],[nal.dʒot̚.a.hɛ.sʌ]
날 좋아했던,9,[nal.tʃot̚.a.hɛt̚.tʌn],[nal.dʒot̚.a.hɛt̚.tʌn]
분 앞으로,9,[pun.ap̚.ɯ.ɾo],[bun.ap̚.ɯ.ɾo]
바닥을 쳤어,9,[pa.tak̚.ɯl.tʃʰjʌt̚.ʌ],[ba.dak̚.ɯl.tʃʰjʌt̚.ʌ]
갈 때를,9,[kal.t͈ɛ.ɾɯl],[gal.t͈ɛ.ɾɯl]
바닥을 칠,9,[pa.tak̚.ɯl.tʃʰil],[ba.dak̚.ɯl.tʃʰil]
충분한 공간이,9,[tʃʰum.pun.haŋ.koŋ.kan.i],[tʃʰuŋ.bun.han.goŋ.gan.i]
바닥이 다,9,[pa.tak̚.i.ta],[ba.dak̚.i.da]
충분한 돈,9,[tʃʰum.pun.han.ton],[tʃʰuŋ.bun.han.don]
충분한 보상을,9,[tʃʰum.pun.ham.po.saŋ.ɯl],[tʃʰuŋ.bun.han.bo.saŋ.ɯl]
충분한 시간이지,9,[tʃʰum.pun.han.si.kan.i.tʃi],[tʃʰuŋ.bun.han.si.gan.i.dʒi]
계약 조건에,9,[kje.jak̚.tʃo.kʌn.e],[gje.jak̚.dʒo.gʌn.e]
충분할 거요,9,[tʃʰum.pun.hal.kʌ.jo],[tʃʰuŋ.bun.hal.gʌ.jo]
충분해 내,9,[tʃʰum.pun.hɛ.nɛ],[tʃʰuŋ.bun.hɛ.nɛ]
충분해 좋아,9,[tʃʰum.pun.hɛ.tʃot̚.a],[tʃʰuŋ.bun.hɛ.dʒot̚.a]
갈 때쯤엔,9,[kal.t͈ɛ.tʃ͈ɯm.en],[gal.t͈ɛ.tʃ͈ɯm.en]
충분히 나쁜,9,[tʃʰum.pun.hi.na.p͈ɯn],[tʃʰuŋ.bun.hi.na.p͈ɯn]
out of nowhere,9,,
바라는 거 없어,9,[pa.ɾa.nɯŋ.kʌ.ʌp̚.ʌ],[ba.ɾa.nɯn.gʌ.ʌp̚.ʌ]
갈 리,9,[kal.ɾi],[gal.ɾi]
충분히 똑똑해,9,[tʃʰum.pun.hi.t͈ok̚.t͈ok̚.hɛ],[tʃʰuŋ.bun.hi.t͈ok̚.t͈ok̚.hɛ]
충분히 먹었어요,9,[tʃʰum.pun.hi.mʌk̚.ʌt̚.ʌ.jo],[tʃʰuŋ.bun.hi.mʌk̚.ʌt̚.ʌ.jo]
바라는 거요,9,[pa.ɾa.nɯŋ.kʌ.jo],[ba.ɾa.nɯn.gʌ.jo]
날 죽이고 싶은,9,[nal.tʃuk̚.i.ko.sip̚.ɯn],[nal.dʒuk̚.i.go.sip̚.ɯn]
충분히 빠르면,9,[tʃʰum.pun.hi.p͈a.ɾɯ.mjʌn],[tʃʰuŋ.bun.hi.p͈a.ɾɯ.mjʌn]
충분히 빠른,9,[tʃʰum.pun.hi.p͈a.ɾɯn],[tʃʰuŋ.bun.hi.p͈a.ɾɯn]
충분히 알고 있었다,9,[tʃʰum.pun.hi.al.ko.it̚.ʌt̚.ta],[tʃʰuŋ.bun.hi.al.ko.it̚.ʌt̚.ta]
이 사람 대체,9,[i.sa.ɾan.tɛ.tʃʰe],[i.sa.ɾam.dɛ.tʃʰe]
충분히 이길 수,9,[tʃʰum.pun.hi.i.kil.su],[tʃʰuŋ.bun.hi.i.gil.su]
충분히 이길,9,[tʃʰum.pun.hi.i.kil],[tʃʰuŋ.bun.hi.i.gil]
충분히 있었다,9,[tʃʰum.pun.hi.it̚.ʌt̚.ta],[tʃʰuŋ.bun.hi.it̚.ʌt̚.ta]
바라는 게 뭐죠,9,[pa.ɾa.nɯŋ.ke.mwʌ.tʃjo],[ba.ɾa.nɯn.ge.mwʌ.dʒjo]
할 수 있다구요,9,[hal.su.it̚.ta.ku.jo],[hal.su.it̚.ta.gu.jo]
충분히 한 것,9,[tʃʰum.pun.hi.haŋ.kʌt̚],[tʃʰuŋ.bun.hi.han.gʌt̚]
회를 기대해 주세요,9,[hwe.ɾɯl.ki.tɛ.hɛ.tʃu.se.jo],[hwe.ɾɯl.gi.dɛ.hɛ.dʒu.se.jo]
날 죽이려 하지,9,[nal.tʃuk̚.i.ɾjʌ.ha.tʃi],[nal.dʒuk̚.i.ɾjʌ.ha.dʒi]
보려 하지,9,[po.ɾjʌ.ha.tʃi],[bo.ɾjʌ.ha.dʒi]
내가 가고 있어,9,[nɛ.ka.ka.ko.it̚.ʌ],[nɛ.ga.ga.go.it̚.ʌ]
충실할 것을,9,[tʃʰuŋ.sil.hal.kʌt̚.ɯl],[tʃʰuŋ.sil.hal.gʌt̚.ɯl]
거기 있잖아요,9,[kʌ.ki.it̚.tʃan.a.jo],[gʌ.gi.it̚.tʃan.a.jo]
계약을 못,9,[kje.jak̚.ɯl.mot̚],[gje.jak̚.ɯl.mot̚]
날 죽이려 했지,9,[nal.tʃuk̚.i.ɾjʌ.hɛt̚.tʃi],[nal.dʒuk̚.i.ɾjʌ.hɛt̚.tʃi]
충전 중입니다,9,[tʃʰuŋ.tʃʌn.tʃuŋ.ip̚.ni.ta],[tʃʰuŋ.dʒʌn.dʒuŋ.ip̚.ni.da]
내 생각에 네가,9,[nɛ.sɛŋ.kak̚.e.ne.ka],[nɛ.sɛŋ.gak̚.e.ne.ga]
충전할 수,9,[tʃʰuŋ.tʃʌn.hal.su],[tʃʰuŋ.dʒʌn.hal.su]
취급 안 해요,9,[tʃʰwi.kɯp̚.an.hɛ.jo],[tʃʰwi.gɯp̚.an.hɛ.jo]
바라보는 게,9,[pa.ɾa.po.nɯŋ.ke],[ba.ɾa.bo.nɯn.ge]
바라보는 눈빛,9,[pa.ɾa.po.nɯn.num.pit̚],[ba.ɾa.bo.nɯn.num.pit̚]
바라보는 이,9,[pa.ɾa.po.nɯn.i],[ba.ɾa.bo.nɯn.i]
취미 없어,9,[tʃʰwi.mi.ʌp̚.ʌ],[tʃʰwi.mi.ʌp̚.ʌ]
취생의 거친 신음,9,[tʃʰwi.sɛŋ.ɯi.kʌ.tʃʰin.sin.ɯm],[tʃʰwi.sɛŋ.ɯi.gʌ.tʃʰin.sin.ɯm]
그의 것이 아니다,9,[kɯ.ɯi.kʌt̚.i.a.ni.ta],[gɯ.ɯi.gʌt̚.i.a.ni.da]
바라볼 때면 모든,9,[pa.ɾa.pol.t͈ɛ.mjʌn.mo.tɯn],[ba.ɾa.bol.t͈ɛ.mjʌn.mo.dɯn]
이 사람들이 다,9,[i.sa.ɾan.tɯl.i.ta],[i.sa.ɾan.tɯl.i.da]
줘서 고마워요 오늘,9,[tʃwʌ.sʌ.ko.ma.wʌ.jo.o.nɯl],[dʒwʌ.sʌ.go.ma.wʌ.jo.o.nɯl]
취재 중이던 기자 제이미,9,[tʃʰwi.tʃɛ.tʃuŋ.i.tʌŋ.ki.tʃa.tʃe.i.mi],[tʃʰwi.dʒɛ.dʒuŋ.i.dʌn.gi.dʒa.dʒe.i.mi]
취재 중입니다,9,[tʃʰwi.tʃɛ.tʃuŋ.ip̚.ni.ta],[tʃʰwi.dʒɛ.dʒuŋ.ip̚.ni.da]
할 수 있어요 고마워요,9,[hal.su.it̚.ʌ.jo.ko.ma.wʌ.jo],[hal.su.it̚.ʌ.jo.go.ma.wʌ.jo]
바라요 내가,9,[pa.ɾa.jo.nɛ.ka],[ba.ɾa.jo.nɛ.ga]
보려는 거지,9,[po.ɾjʌ.nɯŋ.kʌ.tʃi],[bo.ɾjʌ.nɯn.gʌ.dʒi]
취하게 해,9,[tʃʰwi.ha.ke.hɛ],[tʃʰwi.ha.ge.hɛ]
날 죽이진 않을,9,[nal.tʃuk̚.i.tʃin.an.ɯl],[nal.dʒuk̚.i.dʒin.an.ɯl]
취하고 있어요,9,[tʃʰwi.ha.ko.it̚.ʌ.jo],[tʃʰwi.ha.go.it̚.ʌ.jo]
취하고 있죠,9,[tʃʰwi.ha.ko.it̚.tʃjo],[tʃʰwi.ha.go.it̚.tʃjo]
취하기도 했고,9,[tʃʰwi.ha.ki.to.hɛt̚.ko],[tʃʰwi.ha.gi.do.hɛt̚.ko]
취하는 거,9,[tʃʰwi.ha.nɯŋ.kʌ],[tʃʰwi.ha.nɯn.gʌ]
계장님 저,9,[kje.tʃaŋ.nin.tʃʌ],[gje.dʒaŋ.nim.dʒʌ]
바라지 않는다는,9,[pa.ɾa.tʃi.an.nɯn.ta.nɯn],[ba.ɾa.dʒi.an.nɯn.ta.nɯn]
취한 거 같아,9,[tʃʰwi.haŋ.kʌ.kat̚.a],[tʃʰwi.han.gʌ.gat̚.a]
내가 영상을,9,[nɛ.ka.jʌŋ.saŋ.ɯl],[nɛ.ga.jʌŋ.saŋ.ɯl]
취한 상태에서,9,[tʃʰwi.han.saŋ.tʰɛ.e.sʌ],[tʃʰwi.han.saŋ.tʰɛ.e.sʌ]
날 죽일 기회가,9,[nal.tʃuk̚.il.ki.hwe.ka],[nal.dʒuk̚.il.gi.hwe.ga]
취할 것,9,[tʃʰwi.hal.kʌt̚],[tʃʰwi.hal.gʌt̚]
바라지도 않고,9,[pa.ɾa.tʃi.to.aŋ.ko],[ba.ɾa.dʒi.do.aŋ.ko]
그게 얼마나 큰,9,[kɯ.ke.ʌl.ma.na.kʰɯn],[gɯ.ge.ʌl.ma.na.kʰɯn]
바라지도 않아요,9,[pa.ɾa.tʃi.to.an.a.jo],[ba.ɾa.dʒi.do.an.a.jo]
취해 업타운 펑크에,9,[tʃʰwi.hɛ.ʌp̚.tʰa.um.pʰʌŋ.kʰɯ.e],[tʃʰwi.hɛ.ʌp̚.tʰa.um.pʰʌŋ.kʰɯ.e]
취해 업타운 펑크에 취해,9,[tʃʰwi.hɛ.ʌp̚.tʰa.um.pʰʌŋ.kʰɯ.e.tʃʰwi.hɛ],[tʃʰwi.hɛ.ʌp̚.tʰa.um.pʰʌŋ.kʰɯ.e.tʃʰwi.hɛ]
취해 있었지,9,[tʃʰwi.hɛ.it̚.ʌt̚.tʃi],[tʃʰwi.hɛ.it̚.ʌt̚.tʃi]
바란 거,9,[pa.ɾaŋ.kʌ],[ba.ɾan.gʌ]
취해서 그런 거야,9,[tʃʰwi.hɛ.sʌ.kɯ.ɾʌŋ.kʌ.ja],[tʃʰwi.hɛ.sʌ.gɯ.ɾʌn.gʌ.ja]
계좌 번호는,9,[kje.tʃwa.pʌn.ho.nɯn],[gje.dʒwa.bʌn.ho.nɯn]
바란 게 아니야,9,[pa.ɾaŋ.ke.a.ni.ja],[ba.ɾan.ge.a.ni.ja]
이 사람이 날,9,[i.sa.ɾam.i.nal],[i.sa.ɾam.i.nal]
이 사람이 널,9,[i.sa.ɾam.i.nʌl],[i.sa.ɾam.i.nʌl]
걸 따라,9,[kʌl.t͈a.ɾa],[gʌl.t͈a.ɾa]
바란다 그래,9,[pa.ɾan.ta.kɯ.ɾɛ],[ba.ɾan.ta.gɯ.ɾɛ]
날 죽일지,9,[nal.tʃuk̚.il.tʃi],[nal.dʒuk̚.il.tʃi]
때 칼을,9,[t͈ɛ.kʰal.ɯl],[t͈ɛ.kʰal.ɯl]
갈 생각도,9,[kal.sɛŋ.kak̚.to],[gal.sɛŋ.gak̚.to]
바란다 여기는,9,[pa.ɾan.ta.jʌ.ki.nɯn],[ba.ɾan.ta.jʌ.gi.nɯn]
난 널 이해해,9,[nan.nʌl.i.hɛ.hɛ],[nan.nʌl.i.hɛ.hɛ]
보며 이렇게,9,[po.mjʌ.i.ɾʌt̚.ke],[bo.mjʌ.i.ɾʌt̚.ke]
결혼식 못,9,[kjʌl.hon.sik̚.mot̚],[gjʌl.hon.sik̚.mot̚]
And that is,9,,
측정 불가,9,[tʃʰɯk̚.tʃʌm.pul.ka],[tʃʰɯk̚.tʃʌŋ.bul.ka]
층 높이의,9,[tʃʰɯŋ.nop̚.i.ɯi],[tʃʰɯŋ.nop̚.i.ɯi]
바랄 것이다,9,[pa.ɾal.kʌt̚.i.ta],[ba.ɾal.gʌt̚.i.da]
바랄 게 없어,9,[pa.ɾal.ke.ʌp̚.ʌ],[ba.ɾal.ge.ʌp̚.ʌ]
보면 곧,9,[po.mjʌŋ.kot̚],[bo.mjʌn.got̚]
바람 같은,9,[pa.ɾam.kat̚.ɯn],[ba.ɾam.gat̚.ɯn]
할 수 있죠 그,9,[hal.su.it̚.tʃjo.kɯ],[hal.su.it̚.tʃjo.gɯ]
바람 넣지,9,[pa.ɾam.nʌt̚.tʃi],[ba.ɾam.nʌt̚.tʃi]
치고 그래,9,[tʃʰi.ko.kɯ.ɾɛ],[tʃʰi.go.gɯ.ɾɛ]
문과 창문이,9,[muŋ.kwa.tʃʰaŋ.mun.i],[muŋ.kwa.tʃʰaŋ.mun.i]
회사 사장이,9,[hwe.sa.sa.tʃaŋ.i],[hwe.sa.sa.dʒaŋ.i]
치고 싶다,9,[tʃʰi.ko.sip̚.ta],[tʃʰi.go.sip̚.ta]
이 사실을 알게 되면,9,[i.sa.sil.ɯl.al.ke.twe.mjʌn],[i.sa.sil.ɯl.al.ke.dwe.mjʌn]
바람 빠진,9,[pa.ɾam.p͈a.tʃin],[ba.ɾam.p͈a.dʒin]
치고는 꽤나,9,[tʃʰi.ko.nɯŋ.k͈wɛ.na],[tʃʰi.go.nɯŋ.k͈wɛ.na]
치과 기록으로,9,[tʃʰi.kwa.ki.ɾok̚.ɯ.ɾo],[tʃʰi.gwa.gi.ɾok̚.ɯ.ɾo]
치는 거 아니야,9,[tʃʰi.nɯŋ.kʌ.a.ni.ja],[tʃʰi.nɯn.gʌ.a.ni.ja]
날 지켜줄 거야,9,[nal.tʃi.kʰjʌ.tʃul.kʌ.ja],[nal.dʒi.kʰjʌ.dʒul.gʌ.ja]
날 지켜줄 수,9,[nal.tʃi.kʰjʌ.tʃul.su],[nal.dʒi.kʰjʌ.dʒul.su]
이 사이트를,9,[i.sa.i.tʰɯ.ɾɯl],[i.sa.i.tʰɯ.ɾɯl]
날 진짜로,9,[nal.tʃin.tʃ͈a.ɾo],[nal.dʒin.tʃ͈a.ɾo]
치료 계획을,9,[tʃʰi.ɾjo.kje.hwek̚.ɯl],[tʃʰi.ɾjo.gje.hwek̚.ɯl]
치료 같은,9,[tʃʰi.ɾjo.kat̚.ɯn],[tʃʰi.ɾjo.gat̚.ɯn]
이 사진 속의,9,[i.sa.tʃin.sok̚.ɯi],[i.sa.dʒin.sok̚.ɯi]
치료 중에,9,[tʃʰi.ɾjo.tʃuŋ.e],[tʃʰi.ɾjo.dʒuŋ.e]
치료 중인,9,[tʃʰi.ɾjo.tʃuŋ.in],[tʃʰi.ɾjo.dʒuŋ.in]
치료 효과는,9,[tʃʰi.ɾjo.hjo.kwa.nɯn],[tʃʰi.ɾjo.hjo.gwa.nɯn]
바람에 걸고,9,[pa.ɾam.e.kʌl.ko],[ba.ɾam.e.gʌl.ko]
치료 후에,9,[tʃʰi.ɾjo.hu.e],[tʃʰi.ɾjo.hu.e]
바람에 더,9,[pa.ɾam.e.tʌ],[ba.ɾam.e.dʌ]
계통 무기한,9,[kje.tʰoŋ.mu.ki.han],[gje.tʰoŋ.mu.gi.han]
치료도 받고,9,[tʃʰi.ɾjo.to.pat̚.ko],[tʃʰi.ɾjo.do.bat̚.ko]
바람에 이렇게,9,[pa.ɾam.e.i.ɾʌt̚.ke],[ba.ɾam.e.i.ɾʌt̚.ke]
계통 무기한 구류,9,[kje.tʰoŋ.mu.ki.haŋ.ku.ɾju],[gje.tʰoŋ.mu.gi.han.gu.ɾju]
바람에 제가,9,[pa.ɾam.e.tʃe.ka],[ba.ɾam.e.dʒe.ga]
바람에 흔들리는,9,[pa.ɾam.e.hɯn.tɯl.ɾi.nɯn],[ba.ɾam.e.hɯn.tɯl.ɾi.nɯn]
치료를 받았어요,9,[tʃʰi.ɾjo.ɾɯl.pat̚.at̚.ʌ.jo],[tʃʰi.ɾjo.ɾɯl.bat̚.at̚.ʌ.jo]
치료법을 찾을 수,9,[tʃʰi.ɾjo.pʌp̚.ɯl.tʃʰat̚.ɯl.su],[tʃʰi.ɾjo.bʌp̚.ɯl.tʃʰat̚.ɯl.su]
바람을 피웠기,9,[pa.ɾam.ɯl.pʰi.wʌt̚.ki],[ba.ɾam.ɯl.pʰi.wʌt̚.ki]
바람을 후,9,[pa.ɾam.ɯl.hu],[ba.ɾam.ɯl.hu]
그의 눈이,9,[kɯ.ɯi.nun.i],[gɯ.ɯi.nun.i]
바람을 후 분다,9,[pa.ɾam.ɯl.hu.pun.ta],[ba.ɾam.ɯl.hu.bun.ta]
날 차는,9,[nal.tʃʰa.nɯn],[nal.tʃʰa.nɯn]
향하던 중,9,[hjaŋ.ha.tʌn.tʃuŋ],[hjaŋ.ha.dʌn.dʒuŋ]
치료할 때,9,[tʃʰi.ɾjo.hal.t͈ɛ],[tʃʰi.ɾjo.hal.t͈ɛ]
치료할 수 있게,9,[tʃʰi.ɾjo.hal.su.it̚.ke],[tʃʰi.ɾjo.hal.su.it̚.ke]
이 살인은,9,[i.sal.in.ɯn],[i.sal.in.ɯn]
바람이 불기,9,[pa.ɾam.i.pul.ki],[ba.ɾam.i.bul.ki]
날 찾게,9,[nal.tʃʰat̚.ke],[nal.tʃʰat̚.ke]
할 순 있는데,9,[hal.sun.it̚.nɯn.te],[hal.sun.it̚.nɯn.te]
관한 문제,9,[kwan.han.mun.tʃe],[gwan.han.mun.tʃe]
아니야 우리 둘,9,[a.ni.ja.u.ɾi.tul],[a.ni.ja.u.ɾi.dul]
계획 있나,9,[kje.hwek̚.it̚.na],[gje.hwek̚.it̚.na]
치르게 될거야,9,[tʃʰi.ɾɯ.ke.twel.kʌ.ja],[tʃʰi.ɾɯ.ge.dwel.kʌ.ja]
그의 도움을,9,[kɯ.ɯi.to.um.ɯl],[gɯ.ɯi.do.um.ɯl]
치르고 있어,9,[tʃʰi.ɾɯ.ko.it̚.ʌ],[tʃʰi.ɾɯ.go.it̚.ʌ]
치르는 거지,9,[tʃʰi.ɾɯ.nɯŋ.kʌ.tʃi],[tʃʰi.ɾɯ.nɯn.gʌ.dʒi]
날 찾아냈군,9,[nal.tʃʰat̚.a.nɛt̚.kun],[nal.tʃʰat̚.a.nɛt̚.kun]
이 상처들은,9,[i.saŋ.tʃʰʌ.tɯl.ɯn],[i.saŋ.tʃʰʌ.dɯl.ɯn]
가지는 것도,9,[ka.tʃi.nɯŋ.kʌt̚.to],[ga.dʒi.nɯn.gʌt̚.to]
날 찾아봐,9,[nal.tʃʰat̚.a.pwa],[nal.tʃʰat̚.a.bwa]
계획 있으면,9,[kje.hwek̚.it̚.ɯ.mjʌn],[gje.hwek̚.it̚.ɯ.mjʌn]
할 얘기 있나,9,[hal.jɛ.ki.it̚.na],[hal.jɛ.gi.it̚.na]
바랍니다 고맙습니다,9,[pa.ɾap̚.ni.ta.ko.map̚.sɯp̚.ni.ta],[ba.ɾap̚.ni.da.go.map̚.sɯp̚.ni.da]
치면 되잖아,9,[tʃʰi.mjʌn.twe.tʃan.a],[tʃʰi.mjʌn.dwe.dʒan.a]
치면 되죠,9,[tʃʰi.mjʌn.twe.tʃjo],[tʃʰi.mjʌn.dwe.dʒjo]
할 얘기가 아니야,9,[hal.jɛ.ki.ka.a.ni.ja],[hal.jɛ.gi.ga.a.ni.ja]
바랍니다 여러분,9,[pa.ɾap̚.ni.ta.jʌ.ɾʌ.pun],[ba.ɾap̚.ni.da.jʌ.ɾʌ.bun]
날 찾아왔고,9,[nal.tʃʰat̚.a.wat̚.ko],[nal.tʃʰat̚.a.wat̚.ko]
치명적인 힘을,9,[tʃʰi.mjʌŋ.tʃʌk̚.in.him.ɯl],[tʃʰi.mjʌŋ.dʒʌk̚.in.him.ɯl]
계획 중이에요,9,[kje.hwek̚.tʃuŋ.i.e.jo],[gje.hwek̚.dʒuŋ.i.e.jo]
치밀하게 계획된,9,[tʃʰi.mil.ha.ke.kje.hwek̚.twen],[tʃʰi.mil.ha.ge.gje.hwek̚.twen]
할 얘기가 있으니까,9,[hal.jɛ.ki.ka.it̚.ɯ.ni.k͈a],[hal.jɛ.gi.ga.it̚.ɯ.ni.k͈a]
날 찾아왔을,9,[nal.tʃʰat̚.a.wat̚.ɯl],[nal.tʃʰat̚.a.wat̚.ɯl]
바랍니다 제가,9,[pa.ɾap̚.ni.ta.tʃe.ka],[ba.ɾap̚.ni.da.dʒe.ga]
갈 수 있겠니,9,[kal.su.it̚.ket̚.ni],[gal.su.it̚.ket̚.ni]
의도는 좋았지만,9,[ɯi.to.nɯn.tʃot̚.at̚.tʃi.man],[ɯi.do.nɯn.dʒot̚.at̚.tʃi.man]
치우면 돼,9,[tʃʰi.u.mjʌn.twɛ],[tʃʰi.u.mjʌn.dwɛ]
회사들 중,9,[hwe.sa.tɯl.tʃuŋ],[hwe.sa.dɯl.dʒuŋ]
계획과 함께,9,[kje.hwek̚.kwa.ham.k͈e],[gje.hwek̚.kwa.ham.k͈e]
of plans,9,,
계획대로 됐어,9,[kje.hwek̚.tɛ.ɾo.twɛt̚.ʌ],[gje.hwek̚.tɛ.ɾo.dwɛt̚.ʌ]
치워 내가,9,[tʃʰi.wʌ.nɛ.ka],[tʃʰi.wʌ.nɛ.ga]
치워 알았어,9,[tʃʰi.wʌ.al.at̚.ʌ],[tʃʰi.wʌ.al.at̚.ʌ]
바래다 줄,9,[pa.ɾɛ.ta.tʃul],[ba.ɾɛ.da.dʒul]
바래다줘서 고마워,9,[pa.ɾɛ.ta.tʃwʌ.sʌ.ko.ma.wʌ],[ba.ɾɛ.da.dʒwʌ.sʌ.go.ma.wʌ]
치워도 될까요,9,[tʃʰi.wʌ.to.twel.k͈a.jo],[tʃʰi.wʌ.do.dwel.k͈a.jo]
할 이유라도,9,[hal.i.ju.ɾa.to],[hal.i.ju.ɾa.do]
분 후에 도착한다,9,[pun.hu.e.to.tʃʰak̚.han.ta],[bun.hu.e.do.tʃʰak̚.han.ta]
그의 등을,9,[kɯ.ɯi.tɯŋ.ɯl],[gɯ.ɯi.dɯŋ.ɯl]
갑자기 왜 저래,9,[kap̚.tʃa.ki.wɛ.tʃʌ.ɾɛ],[gap̚.tʃa.gi.wɛ.dʒʌ.ɾɛ]
are over,9,,
바로 가야 돼,9,[pa.ɾo.ka.ja.twɛ],[ba.ɾo.ga.ja.dwɛ]
계획대로 진행되고,9,[kje.hwek̚.tɛ.ɾo.tʃin.hɛŋ.twe.ko],[gje.hwek̚.tɛ.ɾo.dʒin.hɛŋ.dwe.go]
갈 수 있네,9,[kal.su.it̚.ne],[gal.su.it̚.ne]
할 일도 없어요,9,[hal.il.to.ʌp̚.ʌ.jo],[hal.il.to.ʌp̚.ʌ.jo]
이 새끼가 어디서,9,[i.sɛ.k͈i.ka.ʌ.ti.sʌ],[i.sɛ.k͈i.ga.ʌ.di.sʌ]
바로 갈 거예요,9,[pa.ɾo.kal.kʌ.je.jo],[ba.ɾo.gal.gʌ.je.jo]
할 일은 그저,9,[hal.il.ɯŋ.kɯ.tʃʌ],[hal.il.ɯn.gɯ.dʒʌ]
치킨 샐러드,9,[tʃʰi.kʰin.sɛl.ɾʌ.tɯ],[tʃʰi.kʰin.sɛl.ɾʌ.dɯ]
바로 거기에 있었다,9,[pa.ɾo.kʌ.ki.e.it̚.ʌt̚.ta],[ba.ɾo.gʌ.gi.e.it̚.ʌt̚.ta]
치프 레지던트가,9,[tʃʰi.pʰɯ.ɾe.tʃi.tʌn.tʰɯ.ka],[tʃʰi.pʰɯ.ɾe.dʒi.dʌn.tʰɯ.ga]
이 새를,9,[i.sɛ.ɾɯl],[i.sɛ.ɾɯl]
친 거라고,9,[tʃʰiŋ.kʌ.ɾa.ko],[tʃʰin.gʌ.ɾa.go]
날 체포해야,9,[nal.tʃʰe.pʰo.hɛ.ja],[nal.tʃʰe.pʰo.hɛ.ja]
바로 그 것이다,9,[pa.ɾo.kɯ.kʌt̚.i.ta],[ba.ɾo.gɯ.gʌt̚.i.da]
계획대로 할,9,[kje.hwek̚.tɛ.ɾo.hal],[gje.hwek̚.tɛ.ɾo.hal]
친구 가족,9,[tʃʰiŋ.ku.ka.tʃok̚],[tʃʰiŋ.ku.ga.dʒok̚]
바로 그 말이에요,9,[pa.ɾo.kɯ.mal.i.e.jo],[ba.ɾo.gɯ.mal.i.e.jo]
바로 그 사람들,9,[pa.ɾo.kɯ.sa.ɾan.tɯl],[ba.ɾo.gɯ.sa.ɾan.tɯl]
친구 관계를 잃을,9,[tʃʰiŋ.ku.kwaŋ.kje.ɾɯl.il.ɯl],[tʃʰiŋ.ku.gwaŋ.kje.ɾɯl.il.ɯl]
친구 관계를 잃을 수도,9,[tʃʰiŋ.ku.kwaŋ.kje.ɾɯl.il.ɯl.su.to],[tʃʰiŋ.ku.gwaŋ.kje.ɾɯl.il.ɯl.su.do]
바로 그 사람이라는 것을,9,[pa.ɾo.kɯ.sa.ɾam.i.ɾa.nɯŋ.kʌt̚.ɯl],[ba.ɾo.gɯ.sa.ɾam.i.ɾa.nɯn.gʌt̚.ɯl]
갈 수 있는 유일한,9,[kal.su.it̚.nɯn.ju.il.han],[gal.su.it̚.nɯn.ju.il.han]
이 생명체들은,9,[i.sɛŋ.mjʌŋ.tʃʰe.tɯl.ɯn],[i.sɛŋ.mjʌŋ.tʃʰe.dɯl.ɯn]
친구 널,9,[tʃʰiŋ.ku.nʌl],[tʃʰiŋ.ku.nʌl]
바로 그 일을,9,[pa.ɾo.kɯ.il.ɯl],[ba.ɾo.gɯ.il.ɯl]
of school,9,,
때가 되지 않았나,9,[t͈ɛ.ka.twe.tʃi.an.at̚.na],[t͈ɛ.ga.dwe.dʒi.an.at̚.na]
내가 가질 수 있는,9,[nɛ.ka.ka.tʃil.su.it̚.nɯn],[nɛ.ga.ga.dʒil.su.it̚.nɯn]
할 일을 좀,9,[hal.il.ɯl.tʃom],[hal.il.ɯl.dʒom]
이 생활을,9,[i.sɛŋ.hwal.ɯl],[i.sɛŋ.hwal.ɯl]
친구 당신,9,[tʃʰiŋ.ku.taŋ.sin],[tʃʰiŋ.ku.daŋ.sin]
날 초대하는,9,[nal.tʃʰo.tɛ.ha.nɯn],[nal.tʃʰo.dɛ.ha.nɯn]
바로 그거네,9,[pa.ɾo.kɯ.kʌ.ne],[ba.ɾo.gɯ.gʌ.ne]
날 초대한,9,[nal.tʃʰo.tɛ.han],[nal.tʃʰo.dɛ.han]
바로 그거야 그게,9,[pa.ɾo.kɯ.kʌ.ja.kɯ.ke],[ba.ɾo.gɯ.gʌ.ja.gɯ.ge]
보면 알아볼 수,9,[po.mjʌn.al.a.pol.su],[bo.mjʌn.al.a.bol.su]
바로 그거야 그러니,9,[pa.ɾo.kɯ.kʌ.ja.kɯ.ɾʌ.ni],[ba.ɾo.gɯ.gʌ.ja.gɯ.ɾʌ.ni]
바로 그거야 그러니까,9,[pa.ɾo.kɯ.kʌ.ja.kɯ.ɾʌ.ni.k͈a],[ba.ɾo.gɯ.gʌ.ja.gɯ.ɾʌ.ni.k͈a]
날 축하해요,9,[nal.tʃʰuk̚.ha.hɛ.jo],[nal.tʃʰuk̚.ha.hɛ.jo]
계획된 거였어요,9,[kje.hwek̚.tweŋ.kʌ.jʌt̚.ʌ.jo],[gje.hwek̚.twen.gʌ.jʌt̚.ʌ.jo]
바로 그거야 왜,9,[pa.ɾo.kɯ.kʌ.ja.wɛ],[ba.ɾo.gɯ.gʌ.ja.wɛ]
할 일을 한다,9,[hal.il.ɯl.han.ta],[hal.il.ɯl.han.ta]
바로 그거야 우리가,9,[pa.ɾo.kɯ.kʌ.ja.u.ɾi.ka],[ba.ɾo.gɯ.gʌ.ja.u.ɾi.ga]
걸 막으려,9,[kʌl.mak̚.ɯ.ɾjʌ],[gʌl.mak̚.ɯ.ɾjʌ]
You want a,9,,
바로 그거였어,9,[pa.ɾo.kɯ.kʌ.jʌt̚.ʌ],[ba.ɾo.gɯ.gʌ.jʌt̚.ʌ]
할 일이 남아,9,[hal.il.i.nam.a],[hal.il.i.nam.a]
이 선수가,9,[i.sʌn.su.ka],[i.sʌn.su.ga]
계획에 관해,9,[kje.hwek̚.e.kwan.hɛ],[gje.hwek̚.e.gwan.hɛ]
바로 그것을,9,[pa.ɾo.kɯ.kʌt̚.ɯl],[ba.ɾo.gɯ.gʌt̚.ɯl]
보면 언젠가,9,[po.mjʌn.ʌn.tʃeŋ.ka],[bo.mjʌn.ʌn.tʃeŋ.ka]
친구 사이의,9,[tʃʰiŋ.ku.sa.i.ɯi],[tʃʰiŋ.ku.sa.i.ɯi]
바로 그것입니다,9,[pa.ɾo.kɯ.kʌt̚.ip̚.ni.ta],[ba.ɾo.gɯ.gʌt̚.ip̚.ni.da]
친구 생일,9,[tʃʰiŋ.ku.sɛŋ.il],[tʃʰiŋ.ku.sɛŋ.il]
바로 그곳에서,9,[pa.ɾo.kɯ.kot̚.e.sʌ],[ba.ɾo.gɯ.got̚.e.sʌ]
바로 그날 밤,9,[pa.ɾo.kɯ.nal.pam],[ba.ɾo.gɯ.nal.bam]
갈 수 있단,9,[kal.su.it̚.tan],[gal.su.it̚.tan]
친구 아버지가,9,[tʃʰiŋ.ku.a.pʌ.tʃi.ka],[tʃʰiŋ.ku.a.bʌ.dʒi.ga]
날 탓할 수도,9,[nal.tʰat̚.hal.su.to],[nal.tʰat̚.hal.su.do]
날 탓할 수도 있죠,9,[nal.tʰat̚.hal.su.to.it̚.tʃjo],[nal.tʰat̚.hal.su.do.it̚.tʃjo]
친구 어때,9,[tʃʰiŋ.ku.ʌ.t͈ɛ],[tʃʰiŋ.ku.ʌ.t͈ɛ]
날 택한,9,[nal.tʰɛk̚.han],[nal.tʰɛk̚.han]
이 섬엔,9,[i.sʌm.en],[i.sʌm.en]
갈 수 있소,9,[kal.su.it̚.so],[gal.su.it̚.so]
바로 그렇게 하는,9,[pa.ɾo.kɯ.ɾʌt̚.ke.ha.nɯn],[ba.ɾo.gɯ.ɾʌt̚.ke.ha.nɯn]
이 섬에 온,9,[i.sʌm.e.on],[i.sʌm.e.on]
친구 요청,9,[tʃʰiŋ.ku.jo.tʃʰʌŋ],[tʃʰiŋ.ku.jo.tʃʰʌŋ]
날 통제할 수,9,[nal.tʰoŋ.tʃe.hal.su],[nal.tʰoŋ.dʒe.hal.su]
공간을 만들었어요,9,[koŋ.kan.ɯl.man.tɯl.ʌt̚.ʌ.jo],[goŋ.gan.ɯl.man.tɯl.ʌt̚.ʌ.jo]
바로 그쪽으로,9,[pa.ɾo.kɯ.tʃ͈ok̚.ɯ.ɾo],[ba.ɾo.gɯ.tʃ͈ok̚.ɯ.ɾo]
날 통해서,9,[nal.tʰoŋ.hɛ.sʌ],[nal.tʰoŋ.hɛ.sʌ]
관한 소식은,9,[kwan.han.so.sik̚.ɯn],[gwan.han.so.sik̚.ɯn]
할 일이 없었어,9,[hal.il.i.ʌp̚.ʌt̚.ʌ],[hal.il.i.ʌp̚.ʌt̚.ʌ]
친구 일은 유감이야,9,[tʃʰiŋ.ku.il.ɯn.ju.kam.i.ja],[tʃʰiŋ.ku.il.ɯn.ju.gam.i.ja]
회사의 이익을,9,[hwe.sa.ɯi.i.ik̚.ɯl],[hwe.sa.ɯi.i.ik̚.ɯl]
계획에 없었어요,9,[kje.hwek̚.e.ʌp̚.ʌt̚.ʌ.jo],[gje.hwek̚.e.ʌp̚.ʌt̚.ʌ.jo]
날 판단하지 마,9,[nal.pʰan.tan.ha.tʃi.ma],[nal.pʰan.tan.ha.dʒi.ma]
거기 출신,9,[kʌ.ki.tʃʰul.sin],[gʌ.gi.tʃʰul.sin]
계획에 전혀,9,[kje.hwek̚.e.tʃʌn.hjʌ],[gje.hwek̚.e.dʒʌn.hjʌ]
갈 수 있어 그래,9,[kal.su.it̚.ʌ.kɯ.ɾɛ],[gal.su.it̚.ʌ.gɯ.ɾɛ]
친구 좋아요,9,[tʃʰiŋ.ku.tʃot̚.a.jo],[tʃʰiŋ.ku.dʒot̚.a.jo]
바로 나와요,9,[pa.ɾo.na.wa.jo],[ba.ɾo.na.wa.jo]
회색 외계인,9,[hwe.sɛk̚.we.kje.in],[hwe.sɛk̚.we.gje.in]
갈 수 있어 내,9,[kal.su.it̚.ʌ.nɛ],[gal.su.it̚.ʌ.nɛ]
바로 내 앞에,9,[pa.ɾo.nɛ.ap̚.e],[ba.ɾo.nɛ.ap̚.e]
친구 하면,9,[tʃʰiŋ.ku.ha.mjʌn],[tʃʰiŋ.ku.ha.mjʌn]
때가 아니예요,9,[t͈ɛ.ka.a.ni.je.jo],[t͈ɛ.ga.a.ni.je.jo]
친구가 갑자기,9,[tʃʰiŋ.ku.ka.kap̚.tʃa.ki],[tʃʰiŋ.ku.ga.gap̚.tʃa.gi]
친구가 계속,9,[tʃʰiŋ.ku.ka.kje.sok̚],[tʃʰiŋ.ku.ga.gje.sok̚]
친구가 그걸,9,[tʃʰiŋ.ku.ka.kɯ.kʌl],[tʃʰiŋ.ku.ga.gɯ.gʌl]
바로 너란다,9,[pa.ɾo.nʌ.ɾan.ta],[ba.ɾo.nʌ.ɾan.ta]
날 피하고 있어,9,[nal.pʰi.ha.ko.it̚.ʌ],[nal.pʰi.ha.go.it̚.ʌ]
친구가 당신을,9,[tʃʰiŋ.ku.ka.taŋ.sin.ɯl],[tʃʰiŋ.ku.ga.daŋ.sin.ɯl]
to save you,9,,
친구가 돼서,9,[tʃʰiŋ.ku.ka.twɛ.sʌ],[tʃʰiŋ.ku.ga.dwɛ.sʌ]
바로 네 앞에서,9,[pa.ɾo.ne.ap̚.e.sʌ],[ba.ɾo.ne.ap̚.e.sʌ]
바로 네게,9,[pa.ɾo.ne.ke],[ba.ɾo.ne.ge]
I can''t believe this,9,,
보면 좋겠어,9,[po.mjʌn.tʃot̚.ket̚.ʌ],[bo.mjʌn.dʒot̚.ket̚.ʌ]
친구가 되는 거야,9,[tʃʰiŋ.ku.ka.twe.nɯŋ.kʌ.ja],[tʃʰiŋ.ku.ga.dwe.nɯn.gʌ.ja]
바로 니,9,[pa.ɾo.ni],[ba.ɾo.ni]
친구가 되려면,9,[tʃʰiŋ.ku.ka.twe.ɾjʌ.mjʌn],[tʃʰiŋ.ku.ga.dwe.ɾjʌ.mjʌn]
날 피해요,9,[nal.pʰi.hɛ.jo],[nal.pʰi.hɛ.jo]
바로 달려왔어,9,[pa.ɾo.tal.ɾjʌ.wat̚.ʌ],[ba.ɾo.dal.ɾjʌ.wat̚.ʌ]
할 임무가,9,[hal.im.mu.ka],[hal.im.mu.ga]
날 필요로 할 때,9,[nal.pʰil.jo.ɾo.hal.t͈ɛ],[nal.pʰil.jo.ɾo.hal.t͈ɛ]
번호를 못,9,[pʌn.ho.ɾɯl.mot̚],[bʌn.ho.ɾɯl.mot̚]
친구가 만든,9,[tʃʰiŋ.ku.ka.man.tɯn],[tʃʰiŋ.ku.ga.man.tɯn]
친구가 뭐라고,9,[tʃʰiŋ.ku.ka.mwʌ.ɾa.ko],[tʃʰiŋ.ku.ga.mwʌ.ɾa.go]
할 정도의,9,[hal.tʃʌŋ.to.ɯi],[hal.dʒʌŋ.do.ɯi]
바로 돌아와,9,[pa.ɾo.tol.a.wa],[ba.ɾo.dol.a.wa]
친구가 아니고,9,[tʃʰiŋ.ku.ka.a.ni.ko],[tʃʰiŋ.ku.ga.a.ni.go]
친구가 아니니까,9,[tʃʰiŋ.ku.ka.a.ni.ni.k͈a],[tʃʰiŋ.ku.ga.a.ni.ni.k͈a]
회식 제리 회식 제리,9,[hwe.sik̚.tʃe.ɾi.hwe.sik̚.tʃe.ɾi],[hwe.sik̚.dʒe.ɾi.hwe.sik̚.dʒe.ɾi]
친구가 엄청,9,[tʃʰiŋ.ku.ka.ʌn.tʃʰʌŋ],[tʃʰiŋ.ku.ga.ʌn.tʃʰʌŋ]
날 핫팬츠,9,[nal.hat̚.pʰɛn.tʃʰɯ],[nal.hat̚.pʰɛn.tʃʰɯ]
친구가 없다면,9,[tʃʰiŋ.ku.ka.ʌp̚.ta.mjʌn],[tʃʰiŋ.ku.ga.ʌp̚.ta.mjʌn]
날 해고하고,9,[nal.hɛ.ko.ha.ko],[nal.hɛ.go.ha.go]
바로 들어갈,9,[pa.ɾo.tɯl.ʌ.kal],[ba.ɾo.dɯl.ʌ.gal]
친구가 와서,9,[tʃʰiŋ.ku.ka.wa.sʌ],[tʃʰiŋ.ku.ga.wa.sʌ]
할 줄 몰랐지만,9,[hal.tʃul.mol.ɾat̚.tʃi.man],[hal.dʒul.mol.ɾat̚.tʃi.man]
친구가 있는 건,9,[tʃʰiŋ.ku.ka.it̚.nɯŋ.kʌn],[tʃʰiŋ.ku.ga.it̚.nɯn.gʌn]
그의 면전에서,9,[kɯ.ɯi.mjʌn.tʃʌn.e.sʌ],[gɯ.ɯi.mjʌn.tʃʌn.e.sʌ]
친구가 있었나요,9,[tʃʰiŋ.ku.ka.it̚.ʌt̚.na.jo],[tʃʰiŋ.ku.ga.it̚.ʌt̚.na.jo]
친구가 있었던,9,[tʃʰiŋ.ku.ka.it̚.ʌt̚.tʌn],[tʃʰiŋ.ku.ga.it̚.ʌt̚.tʌn]
이 세상에선,9,[i.se.saŋ.e.sʌn],[i.se.saŋ.e.sʌn]
친구가 있으니까,9,[tʃʰiŋ.ku.ka.it̚.ɯ.ni.k͈a],[tʃʰiŋ.ku.ga.it̚.ɯ.ni.k͈a]
날 해치지 않을,9,[nal.hɛ.tʃʰi.tʃi.an.ɯl],[nal.hɛ.tʃʰi.dʒi.an.ɯl]
할 줄 안다,9,[hal.tʃul.an.ta],[hal.dʒul.an.ta]
친구가 있지만,9,[tʃʰiŋ.ku.ka.it̚.tʃi.man],[tʃʰiŋ.ku.ga.it̚.tʃi.man]
친구가 잘,9,[tʃʰiŋ.ku.ka.tʃal],[tʃʰiŋ.ku.ga.dʒal]
보모는 필요,9,[po.mo.nɯm.pʰil.jo],[bo.mo.nɯm.pʰil.jo]
친구가 죽어서,9,[tʃʰiŋ.ku.ka.tʃuk̚.ʌ.sʌ],[tʃʰiŋ.ku.ga.dʒuk̚.ʌ.sʌ]
바로 밖에 있어,9,[pa.ɾo.pak̚.e.it̚.ʌ],[ba.ɾo.bak̚.e.it̚.ʌ]
이 소란은,9,[i.so.ɾan.ɯn],[i.so.ɾan.ɯn]
할 줄 알잖아,9,[hal.tʃul.al.tʃan.a],[hal.dʒul.al.tʃan.a]
are so many,9,,
보물 상자,9,[po.mul.saŋ.tʃa],[bo.mul.saŋ.dʒa]
걸 막진,9,[kʌl.mak̚.tʃin],[gʌl.mak̚.tʃin]
가는 기차를,9,[ka.nɯŋ.ki.tʃʰa.ɾɯl],[ga.nɯn.gi.tʃʰa.ɾɯl]
계획은 있나,9,[kje.hwek̚.ɯn.it̚.na],[gje.hwek̚.ɯn.it̚.na]
보물 찾기,9,[po.mul.tʃʰat̚.ki],[bo.mul.tʃʰat̚.ki]
친구는 아니었어,9,[tʃʰiŋ.ku.nɯn.a.ni.ʌt̚.ʌ],[tʃʰiŋ.ku.nɯn.a.ni.ʌt̚.ʌ]
친구는 어디 있어,9,[tʃʰiŋ.ku.nɯn.ʌ.ti.it̚.ʌ],[tʃʰiŋ.ku.nɯn.ʌ.di.it̚.ʌ]
바로 사랑이야,9,[pa.ɾo.sa.ɾaŋ.i.ja],[ba.ɾo.sa.ɾaŋ.i.ja]
친구는 없어,9,[tʃʰiŋ.ku.nɯn.ʌp̚.ʌ],[tʃʰiŋ.ku.nɯn.ʌp̚.ʌ]
바로 수술,9,[pa.ɾo.su.sul],[ba.ɾo.su.sul]
친구는 절대,9,[tʃʰiŋ.ku.nɯn.tʃʌl.tɛ],[tʃʰiŋ.ku.nɯn.dʒʌl.tɛ]
이 소식,9,[i.so.sik̚],[i.so.sik̚]
그의 목숨과,9,[kɯ.ɯi.mok̚.sum.kwa],[gɯ.ɯi.mok̚.sum.kwa]
친구도 될,9,[tʃʰiŋ.ku.to.twel],[tʃʰiŋ.ku.do.dwel]
날 화나게 하지,9,[nal.hwa.na.ke.ha.tʃi],[nal.hwa.na.ge.ha.dʒi]
친구도 아냐,9,[tʃʰiŋ.ku.to.a.nja],[tʃʰiŋ.ku.do.a.nja]
친구도 아니잖아,9,[tʃʰiŋ.ku.to.a.ni.tʃan.a],[tʃʰiŋ.ku.do.a.ni.dʒan.a]
바로 아드리안 베라,9,[pa.ɾo.a.tɯ.ɾi.am.pe.ɾa],[ba.ɾo.a.dɯ.ɾi.an.be.ɾa]
바로 아드리안,9,[pa.ɾo.a.tɯ.ɾi.an],[ba.ɾo.a.dɯ.ɾi.an]
바로 안에,9,[pa.ɾo.an.e],[ba.ɾo.an.e]
보복일 수도,9,[po.pok̚.il.su.to],[bo.bok̚.il.su.do]
바로 알 수 있어요,9,[pa.ɾo.al.su.it̚.ʌ.jo],[ba.ɾo.al.su.it̚.ʌ.jo]
형은 좀,9,[hjʌŋ.ɯn.tʃom],[hjʌŋ.ɯn.dʒom]
회의 있다고,9,[hwe.ɯi.it̚.ta.ko],[hwe.ɯi.it̚.ta.go]
친구들 보러,9,[tʃʰiŋ.ku.tɯl.po.ɾʌ],[tʃʰiŋ.ku.dɯl.bo.ɾʌ]
내가 올바른,9,[nɛ.ka.ol.pa.ɾɯn],[nɛ.ga.ol.pa.ɾɯn]
친구들 여기,9,[tʃʰiŋ.ku.tɯl.jʌ.ki],[tʃʰiŋ.ku.dɯl.jʌ.gi]
친구들 일은,9,[tʃʰiŋ.ku.tɯl.il.ɯn],[tʃʰiŋ.ku.dɯl.il.ɯn]
친구들과 잘,9,[tʃʰiŋ.ku.tɯl.kwa.tʃal],[tʃʰiŋ.ku.dɯl.kwa.dʒal]
회의를 소집했어,9,[hwe.ɯi.ɾɯl.so.tʃip̚.hɛt̚.ʌ],[hwe.ɯi.ɾɯl.so.dʒip̚.hɛt̚.ʌ]
날개 돋친 듯,9,[nal.kɛ.tot̚.tʃʰin.tɯt̚],[nal.kɛ.dot̚.tʃʰin.dɯt̚]
회의실로 모여,9,[hwe.ɯi.sil.ɾo.mo.jʌ],[hwe.ɯi.sil.ɾo.mo.jʌ]
바로 앞이야,9,[pa.ɾo.ap̚.i.ja],[ba.ɾo.ap̚.i.ja]
회의를 했다,9,[hwe.ɯi.ɾɯl.hɛt̚.ta],[hwe.ɯi.ɾɯl.hɛt̚.ta]
친구들은 그냥,9,[tʃʰiŋ.ku.tɯl.ɯŋ.kɯ.njaŋ],[tʃʰiŋ.ku.dɯl.ɯn.gɯ.njaŋ]
바로 얼마,9,[pa.ɾo.ʌl.ma],[ba.ɾo.ʌl.ma]
날개가 있다면,9,[nal.kɛ.ka.it̚.ta.mjʌn],[nal.kɛ.ga.it̚.ta.mjʌn]
친구들은 잘,9,[tʃʰiŋ.ku.tɯl.ɯn.tʃal],[tʃʰiŋ.ku.dɯl.ɯn.dʒal]
계획을 듣고,9,[kje.hwek̚.ɯl.tɯt̚.ko],[gje.hwek̚.ɯl.dɯt̚.ko]
이 쇼에서,9,[i.sjo.e.sʌ],[i.sjo.e.sʌ]
친구들을 만날,9,[tʃʰiŋ.ku.tɯl.ɯl.man.nal],[tʃʰiŋ.ku.dɯl.ɯl.man.nal]
친구들을 모두 모아,9,[tʃʰiŋ.ku.tɯl.ɯl.mo.tu.mo.a],[tʃʰiŋ.ku.dɯl.ɯl.mo.du.mo.a]
친구들을 모두 모아 봐,9,[tʃʰiŋ.ku.tɯl.ɯl.mo.tu.mo.a.pwa],[tʃʰiŋ.ku.dɯl.ɯl.mo.du.mo.a.bwa]
계획을 막을,9,[kje.hwek̚.ɯl.mak̚.ɯl],[gje.hwek̚.ɯl.mak̚.ɯl]
회의에 늦어서,9,[hwe.ɯi.e.nɯt̚.ʌ.sʌ],[hwe.ɯi.e.nɯt̚.ʌ.sʌ]
친구들을 위하여,9,[tʃʰiŋ.ku.tɯl.ɯl.wi.ha.jʌ],[tʃʰiŋ.ku.dɯl.ɯl.wi.ha.jʌ]
친구들을 찾아야,9,[tʃʰiŋ.ku.tɯl.ɯl.tʃʰat̚.a.ja],[tʃʰiŋ.ku.dɯl.ɯl.tʃʰat̚.a.ja]
날개를 달고,9,[nal.kɛ.ɾɯl.tal.ko],[nal.kɛ.ɾɯl.dal.ko]
친구들이 너무,9,[tʃʰiŋ.ku.tɯl.i.nʌ.mu],[tʃʰiŋ.ku.dɯl.i.nʌ.mu]
바로 여길,9,[pa.ɾo.jʌ.kil],[ba.ɾo.jʌ.gil]
바로 여깄어,9,[pa.ɾo.jʌ.kit̚.ʌ],[ba.ɾo.jʌ.git̚.ʌ]
친구들이 많아,9,[tʃʰiŋ.ku.tɯl.i.man.a],[tʃʰiŋ.ku.dɯl.i.man.a]
바로 옆에 서,9,[pa.ɾo.jʌp̚.e.sʌ],[ba.ɾo.jʌp̚.e.sʌ]
친구들이 있습니다,9,[tʃʰiŋ.ku.tɯl.i.it̚.sɯp̚.ni.ta],[tʃʰiŋ.ku.dɯl.i.it̚.sɯp̚.ni.da]
계획을 망치고,9,[kje.hwek̚.ɯl.maŋ.tʃʰi.ko],[gje.hwek̚.ɯl.maŋ.tʃʰi.go]
친구들이 절,9,[tʃʰiŋ.ku.tɯl.i.tʃʌl],[tʃʰiŋ.ku.dɯl.i.dʒʌl]
내가 같이 있을게,9,[nɛ.ka.kat̚.i.it̚.ɯl.ke],[nɛ.ga.gat̚.i.it̚.ɯl.ke]
친구라고 부를,9,[tʃʰiŋ.ku.ɾa.ko.pu.ɾɯl],[tʃʰiŋ.ku.ɾa.go.bu.ɾɯl]
친구라고 생각하고,9,[tʃʰiŋ.ku.ɾa.ko.sɛŋ.kak̚.ha.ko],[tʃʰiŋ.ku.ɾa.go.sɛŋ.gak̚.ha.go]
할 힘이,9,[hal.him.i],[hal.him.i]
친구라고 생각했던,9,[tʃʰiŋ.ku.ɾa.ko.sɛŋ.kak̚.hɛt̚.tʌn],[tʃʰiŋ.ku.ɾa.go.sɛŋ.gak̚.hɛt̚.tʌn]
바로 오세요,9,[pa.ɾo.o.se.jo],[ba.ɾo.o.se.jo]
이 순간 내가,9,[i.suŋ.kan.nɛ.ka],[i.suŋ.kan.nɛ.ga]
할거야 그럼,9,[hal.kʌ.ja.kɯ.ɾʌm],[hal.kʌ.ja.gɯ.ɾʌm]
친구랑 얘기 좀,9,[tʃʰiŋ.ku.ɾaŋ.jɛ.ki.tʃom],[tʃʰiŋ.ku.ɾaŋ.jɛ.gi.dʒom]
DaVinci''s Demons,9,,
of the South 지난,9,[tʃi.nan],[dʒi.nan]
계획을 바꿔야겠어,9,[kje.hwek̚.ɯl.pa.k͈wʌ.ja.ket̚.ʌ],[gje.hwek̚.ɯl.ba.k͈wʌ.ja.get̚.ʌ]
친구를 기다리고,9,[tʃʰiŋ.ku.ɾɯl.ki.ta.ɾi.ko],[tʃʰiŋ.ku.ɾɯl.gi.da.ɾi.go]
할걸 그럼,9,[hal.kʌl.kɯ.ɾʌm],[hal.kʌl.gɯ.ɾʌm]
바로 위에 있다,9,[pa.ɾo.wi.e.it̚.ta],[ba.ɾo.wi.e.it̚.ta]
친구를 만난,9,[tʃʰiŋ.ku.ɾɯl.man.nan],[tʃʰiŋ.ku.ɾɯl.man.nan]
친구를 만났어요,9,[tʃʰiŋ.ku.ɾɯl.man.nat̚.ʌ.jo],[tʃʰiŋ.ku.ɾɯl.man.nat̚.ʌ.jo]
날도 있을,9,[nal.to.it̚.ɯl],[nal.to.it̚.ɯl]
친구를 만들,9,[tʃʰiŋ.ku.ɾɯl.man.tɯl],[tʃʰiŋ.ku.ɾɯl.man.tɯl]
바로 이 근처에,9,[pa.ɾo.i.kɯn.tʃʰʌ.e],[ba.ɾo.i.gɯn.tʃʰʌ.e]
친구를 몇,9,[tʃʰiŋ.ku.ɾɯl.mjʌt̚],[tʃʰiŋ.ku.ɾɯl.mjʌt̚]
줬는데 내가,9,[tʃwʌt̚.nɯn.te.nɛ.ka],[dʒwʌt̚.nɯn.te.nɛ.ga]
할게 걱정,9,[hal.ke.kʌk̚.tʃʌŋ],[hal.ke.gʌk̚.tʃʌŋ]
바로 이 자리에,9,[pa.ɾo.i.tʃa.ɾi.e],[ba.ɾo.i.dʒa.ɾi.e]
때가 지났는데,9,[t͈ɛ.ka.tʃi.nat̚.nɯn.te],[t͈ɛ.ga.dʒi.nat̚.nɯn.te]
of the United,9,,
친구를 잃고,9,[tʃʰiŋ.ku.ɾɯl.il.ko],[tʃʰiŋ.ku.ɾɯl.il.ko]
친구를 죽였고,9,[tʃʰiŋ.ku.ɾɯl.tʃuk̚.jʌt̚.ko],[tʃʰiŋ.ku.ɾɯl.dʒuk̚.jʌt̚.ko]
친구를 죽이는,9,[tʃʰiŋ.ku.ɾɯl.tʃuk̚.i.nɯn],[tʃʰiŋ.ku.ɾɯl.dʒuk̚.i.nɯn]
갈 수도 있다,9,[kal.su.to.it̚.ta],[gal.su.do.it̚.ta]
친구를 찾았어,9,[tʃʰiŋ.ku.ɾɯl.tʃʰat̚.at̚.ʌ],[tʃʰiŋ.ku.ɾɯl.tʃʰat̚.at̚.ʌ]
친구야 그런,9,[tʃʰiŋ.ku.ja.kɯ.ɾʌn],[tʃʰiŋ.ku.ja.gɯ.ɾʌn]
내가 거기 있었던,9,[nɛ.ka.kʌ.ki.it̚.ʌt̚.tʌn],[nɛ.ga.gʌ.gi.it̚.ʌt̚.tʌn]
할게 너,9,[hal.ke.nʌ],[hal.ke.nʌ]
갈 수도 있다고요,9,[kal.su.to.it̚.ta.ko.jo],[gal.su.do.it̚.ta.go.jo]
공개 처형,9,[koŋ.kɛ.tʃʰʌ.hjʌŋ],[goŋ.gɛ.tʃʰʌ.hjʌŋ]
친구야 이제,9,[tʃʰiŋ.ku.ja.i.tʃe],[tʃʰiŋ.ku.ja.i.dʒe]
날려 버리기,9,[nal.ɾjʌ.pʌ.ɾi.ki],[nal.ɾjʌ.bʌ.ɾi.gi]
바로 자신의,9,[pa.ɾo.tʃa.sin.ɯi],[ba.ɾo.dʒa.sin.ɯi]
할게 뭐야,9,[hal.ke.mwʌ.ja],[hal.ke.mwʌ.ja]
바로 잡아야지,9,[pa.ɾo.tʃap̚.a.ja.tʃi],[ba.ɾo.dʒap̚.a.ja.dʒi]
할게 세상에,9,[hal.ke.se.saŋ.e],[hal.ke.se.saŋ.e]
효과 좋은,9,[hjo.kwa.tʃot̚.ɯn],[hjo.gwa.dʒot̚.ɯn]
날려 줄,9,[nal.ɾjʌ.tʃul],[nal.ɾjʌ.dʒul]
계획을 세워야겠어,9,[kje.hwek̚.ɯl.se.wʌ.ja.ket̚.ʌ],[gje.hwek̚.ɯl.se.wʌ.ja.get̚.ʌ]
친구의 죽음을,9,[tʃʰiŋ.ku.ɯi.tʃuk̚.ɯm.ɯl],[tʃʰiŋ.ku.ɯi.dʒuk̚.ɯm.ɯl]
그의 변호사는,9,[kɯ.ɯi.pjʌn.ho.sa.nɯn],[gɯ.ɯi.bjʌn.ho.sa.nɯn]
효과가 없네,9,[hjo.kwa.ka.ʌp̚.ne],[hjo.gwa.ga.ʌp̚.ne]
바로 저였어요,9,[pa.ɾo.tʃʌ.jʌt̚.ʌ.jo],[ba.ɾo.dʒʌ.jʌt̚.ʌ.jo]
of the blue,9,,
갈 수도 있잖아요,9,[kal.su.to.it̚.tʃan.a.jo],[gal.su.do.it̚.tʃan.a.jo]
날려버릴 수도,9,[nal.ɾjʌ.pʌ.ɾil.su.to],[nal.ɾjʌ.bʌ.ɾil.su.do]
바로 전해,9,[pa.ɾo.tʃʌn.hɛ],[ba.ɾo.dʒʌn.hɛ]
친구한테 들었는데,9,[tʃʰiŋ.ku.han.tʰe.tɯl.ʌt̚.nɯn.te],[tʃʰiŋ.ku.han.tʰe.dɯl.ʌt̚.nɯn.te]
친구한테 전화해서,9,[tʃʰiŋ.ku.han.tʰe.tʃʌn.hwa.hɛ.sʌ],[tʃʰiŋ.ku.han.tʰe.dʒʌn.hwa.hɛ.sʌ]
할게요 고마워,9,[hal.ke.jo.ko.ma.wʌ],[hal.ke.jo.go.ma.wʌ]
할게요 고맙습니다,9,[hal.ke.jo.ko.map̚.sɯp̚.ni.ta],[hal.ke.jo.go.map̚.sɯp̚.ni.da]
바로 죽을,9,[pa.ɾo.tʃuk̚.ɯl],[ba.ɾo.dʒuk̚.ɯl]
날리고 싶은,9,[nal.ɾi.ko.sip̚.ɯn],[nal.ɾi.go.sip̚.ɯn]
날리고 있어,9,[nal.ɾi.ko.it̚.ʌ],[nal.ɾi.go.it̚.ʌ]
친절도 해라,9,[tʃʰin.tʃʌl.to.hɛ.ɾa],[tʃʰin.tʃʌl.to.hɛ.ɾa]
아니었으면 여기,9,[a.ni.ʌt̚.ɯ.mjʌn.jʌ.ki],[a.ni.ʌt̚.ɯ.mjʌn.jʌ.gi]
바로 지금요,9,[pa.ɾo.tʃi.kɯm.jo],[ba.ɾo.dʒi.gɯm.jo]
친절하게 대할,9,[tʃʰin.tʃʌl.ha.ke.tɛ.hal],[tʃʰin.tʃʌl.ha.ge.dɛ.hal]
바로 지금의,9,[pa.ɾo.tʃi.kɯm.ɯi],[ba.ɾo.dʒi.gɯm.ɯi]
이 시설에,9,[i.si.sʌl.e],[i.si.sʌl.e]
친절하기도 하셔라,9,[tʃʰin.tʃʌl.ha.ki.to.ha.sjʌ.ɾa],[tʃʰin.tʃʌl.ha.gi.do.ha.sjʌ.ɾa]
이 시설과,9,[i.si.sʌl.kwa],[i.si.sʌl.kwa]
바로 지난주에,9,[pa.ɾo.tʃi.nan.tʃu.e],[ba.ɾo.dʒi.nan.tʃu.e]
날리는 게,9,[nal.ɾi.nɯŋ.ke],[nal.ɾi.nɯn.ge]
친절한 사람이에요,9,[tʃʰin.tʃʌl.han.sa.ɾam.i.e.jo],[tʃʰin.tʃʌl.han.sa.ɾam.i.e.jo]
날린 거,9,[nal.ɾiŋ.kʌ],[nal.ɾin.gʌ]
친한 게,9,[tʃʰin.haŋ.ke],[tʃʰin.han.ge]
잘했다 우리,9,[tʃal.hɛt̚.ta.u.ɾi],[dʒal.hɛt̚.ta.u.ɾi]
친한 척을,9,[tʃʰin.han.tʃʰʌk̚.ɯl],[tʃʰin.han.tʃʰʌk̚.ɯl]
친한 친구 중 한,9,[tʃʰin.han.tʃʰiŋ.ku.tʃuŋ.han],[tʃʰin.han.tʃʰiŋ.ku.dʒuŋ.han]
친한 친구가 될,9,[tʃʰin.han.tʃʰiŋ.ku.ka.twel],[tʃʰin.han.tʃʰiŋ.ku.ga.dwel]
효과가 있는 것 같아,9,[hjo.kwa.ka.it̚.nɯŋ.kʌt̚.kat̚.a],[hjo.gwa.ga.it̚.nɯn.gʌt̚.gat̚.a]
날릴 줄,9,[nal.ɾil.tʃul],[nal.ɾil.dʒul]
친한 친구였지,9,[tʃʰin.han.tʃʰiŋ.ku.jʌt̚.tʃi],[tʃʰin.han.tʃʰiŋ.ku.jʌt̚.tʃi]
Moon Door,9,,
바로 해야,9,[pa.ɾo.hɛ.ja],[ba.ɾo.hɛ.ja]
바로는 그녀는,9,[pa.ɾo.nɯŋ.kɯ.njʌ.nɯn],[ba.ɾo.nɯn.gɯ.njʌ.nɯn]
친해진 거야,9,[tʃʰin.hɛ.tʃiŋ.kʌ.ja],[tʃʰin.hɛ.dʒin.gʌ.ja]
친해진 줄,9,[tʃʰin.hɛ.tʃin.tʃul],[tʃʰin.hɛ.dʒin.dʒul]
바로는 내가,9,[pa.ɾo.nɯn.nɛ.ka],[ba.ɾo.nɯn.nɛ.ga]
계획을 짜고 있어,9,[kje.hwek̚.ɯl.tʃ͈a.ko.it̚.ʌ],[gje.hwek̚.ɯl.tʃ͈a.go.it̚.ʌ]
칠 게,9,[tʃʰil.ke],[tʃʰil.ge]
바로는 없다,9,[pa.ɾo.nɯn.ʌp̚.ta],[ba.ɾo.nɯn.ʌp̚.ta]
때까지 기다리기로,9,[t͈ɛ.k͈a.tʃi.ki.ta.ɾi.ki.ɾo],[t͈ɛ.k͈a.dʒi.gi.da.ɾi.gi.ɾo]
바로잡을 거예요,9,[pa.ɾo.tʃap̚.ɯl.kʌ.je.jo],[ba.ɾo.dʒap̚.ɯl.gʌ.je.jo]
때까지 기다렸어,9,[t͈ɛ.k͈a.tʃi.ki.ta.ɾjʌt̚.ʌ],[t͈ɛ.k͈a.dʒi.gi.da.ɾjʌt̚.ʌ]
바로잡을 기회가,9,[pa.ɾo.tʃap̚.ɯl.ki.hwe.ka],[ba.ɾo.dʒap̚.ɯl.gi.hwe.ga]
할께 내가,9,[hal.k͈e.nɛ.ka],[hal.k͈e.nɛ.ga]
공격 당했어,9,[koŋ.kjʌk̚.taŋ.hɛt̚.ʌ],[goŋ.gjʌk̚.daŋ.hɛt̚.ʌ]
할래 내,9,[hal.ɾɛ.nɛ],[hal.ɾɛ.nɛ]
침 발라,9,[tʃʰim.pal.ɾa],[tʃʰim.bal.ɾa]
계획의 마지막,9,[kje.hwek̚.ɯi.ma.tʃi.mak̚],[gje.hwek̚.ɯi.ma.dʒi.mak̚]
침 뱉는 소리,9,[tʃʰim.pɛt̚.nɯn.so.ɾi],[tʃʰim.bɛt̚.nɯn.so.ɾi]
침 뱉은,9,[tʃʰim.pɛt̚.ɯn],[tʃʰim.bɛt̚.ɯn]
이 싸가지 없는,9,[i.s͈a.ka.tʃi.ʌp̚.nɯn],[i.s͈a.ga.dʒi.ʌp̚.nɯn]
보세요 잠깐만,9,[po.se.jo.tʃam.k͈an.man],[bo.se.jo.dʒam.k͈an.man]
이 십자가를,9,[i.sip̚.tʃa.ka.ɾɯl],[i.sip̚.tʃa.ga.ɾɯl]
가는 길에는,9,[ka.nɯŋ.kil.e.nɯn],[ga.nɯn.gil.e.nɯn]
할로윈 파티,9,[hal.ɾo.wim.pʰa.tʰi],[hal.ɾo.wim.pʰa.tʰi]
날씨가 점점,9,[nal.s͈i.ka.tʃʌn.tʃʌm],[nal.s͈i.ga.dʒʌn.tʃʌm]
바른 말,9,[pa.ɾɯn.mal],[ba.ɾɯn.mal]
이 썩어빠진,9,[i.s͈ʌk̚.ʌ.p͈a.tʃin],[i.s͈ʌk̚.ʌ.p͈a.dʒin]
날씨가 좋아,9,[nal.s͈i.ka.tʃot̚.a],[nal.s͈i.ga.dʒot̚.a]
관한 자세한,9,[kwan.han.tʃa.se.han],[gwan.han.dʒa.se.han]
침대 좀,9,[tʃʰin.tɛ.tʃom],[tʃʰin.tɛ.dʒom]
바바라 스트라이샌드,9,[pa.pa.ɾa.sɯ.tʰɯ.ɾa.i.sɛn.tɯ],[ba.ba.ɾa.sɯ.tʰɯ.ɾa.i.sɛn.tɯ]
바보 같군,9,[pa.po.kat̚.kun],[ba.bo.gat̚.kun]
계획이 맘에,9,[kje.hwek̚.i.mam.e],[gje.hwek̚.i.mam.e]
효과를 보려면,9,[hjo.kwa.ɾɯl.po.ɾjʌ.mjʌn],[hjo.gwa.ɾɯl.bo.ɾjʌ.mjʌn]
침대에 눕혀요,9,[tʃʰin.tɛ.e.nup̚.hjʌ.jo],[tʃʰin.tɛ.e.nup̚.hjʌ.jo]
효과적인 방법이,9,[hjo.kwa.tʃʌk̚.im.pam.pʌp̚.i],[hjo.gwa.dʒʌk̚.in.baŋ.bʌp̚.i]
침대에 안,9,[tʃʰin.tɛ.e.an],[tʃʰin.tɛ.e.an]
침대에 있었어요,9,[tʃʰin.tɛ.e.it̚.ʌt̚.ʌ.jo],[tʃʰin.tɛ.e.it̚.ʌt̚.ʌ.jo]
침대에서 못,9,[tʃʰin.tɛ.e.sʌ.mot̚],[tʃʰin.tɛ.e.sʌ.mot̚]
바보 같은 말,9,[pa.po.kat̚.ɯn.mal],[ba.bo.gat̚.ɯn.mal]
때까지 누가,9,[t͈ɛ.k͈a.tʃi.nu.ka],[t͈ɛ.k͈a.dʒi.nu.ga]
날아가는 법이지,9,[nal.a.ka.nɯm.pʌp̚.i.tʃi],[nal.a.ga.nɯn.bʌp̚.i.dʒi]
침묵하는 배트,9,[tʃʰim.muk̚.ha.nɯm.pɛ.tʰɯ],[tʃʰim.muk̚.ha.nɯn.bɛ.tʰɯ]
난 네 친구를,9,[nan.ne.tʃʰiŋ.ku.ɾɯl],[nan.ne.tʃʰiŋ.ku.ɾɯl]
할머니 보고,9,[hal.mʌ.ni.po.ko],[hal.mʌ.ni.bo.go]
침실 문,9,[tʃʰim.sil.mun],[tʃʰim.sil.mun]
침실 창문,9,[tʃʰim.sil.tʃʰaŋ.mun],[tʃʰim.sil.tʃʰaŋ.mun]
바보 같잖아요,9,[pa.po.kat̚.tʃan.a.jo],[ba.bo.gat̚.tʃan.a.jo]
바보 같지 않아요,9,[pa.po.kat̚.tʃi.an.a.jo],[ba.bo.gat̚.tʃi.an.a.jo]
침입 금지,9,[tʃʰim.ip̚.kɯn.tʃi],[tʃʰim.ip̚.gɯn.tʃi]
갈 예정입니다,9,[kal.je.tʃʌŋ.ip̚.ni.ta],[gal.je.dʒʌŋ.ip̚.ni.da]
이 아비가,9,[i.a.pi.ka],[i.a.bi.ga]
할머니가 돌아가셨어,9,[hal.mʌ.ni.ka.tol.a.ka.sjʌt̚.ʌ],[hal.mʌ.ni.ga.dol.a.ga.sjʌt̚.ʌ]
이 아비의,9,[i.a.pi.ɯi],[i.a.bi.ɯi]
침입하는 걸,9,[tʃʰim.ip̚.ha.nɯŋ.kʌl],[tʃʰim.ip̚.ha.nɯn.gʌl]
보스 그래,9,[po.sɯ.kɯ.ɾɛ],[bo.sɯ.gɯ.ɾɛ]
계획이 변경됐다,9,[kje.hwek̚.i.pjʌŋ.kjʌŋ.twɛt̚.ta],[gje.hwek̚.i.bjʌŋ.kjʌŋ.dwɛt̚.ta]
계획이 변경됐어요,9,[kje.hwek̚.i.pjʌŋ.kjʌŋ.twɛt̚.ʌ.jo],[gje.hwek̚.i.bjʌŋ.kjʌŋ.dwɛt̚.ʌ.jo]
침착해야 한다,9,[tʃʰin.tʃʰak̚.hɛ.ja.han.ta],[tʃʰin.tʃʰak̚.hɛ.ja.han.ta]
줬으면 좋겠네,9,[tʃwʌt̚.ɯ.mjʌn.tʃot̚.ket̚.ne],[dʒwʌt̚.ɯ.mjʌn.dʒot̚.ket̚.ne]
이 아이예요,9,[i.a.i.je.jo],[i.a.i.je.jo]
칭찬 받을,9,[tʃʰiŋ.tʃʰam.pat̚.ɯl],[tʃʰiŋ.tʃʰan.bat̚.ɯl]
다 봤으면,9,[ta.pwat̚.ɯ.mjʌn],[da.bwat̚.ɯ.mjʌn]
할수 밖에,9,[hal.su.pak̚.e],[hal.su.bak̚.e]
날아오르게 만든 건,9,[nal.a.o.ɾɯ.ke.man.tɯŋ.kʌn],[nal.a.o.ɾɯ.ge.man.tɯn.gʌn]
카드 다,9,[kʰa.tɯ.ta],[kʰa.dɯ.da]
내가 왜 그를,9,[nɛ.ka.wɛ.kɯ.ɾɯl],[nɛ.ga.wɛ.gɯ.ɾɯl]
날아온 거야,9,[nal.a.oŋ.kʌ.ja],[nal.a.on.gʌ.ja]
바보라 생각하겠죠,9,[pa.po.ɾa.sɛŋ.kak̚.ha.ket̚.tʃjo],[ba.bo.ɾa.sɛŋ.gak̚.ha.get̚.tʃjo]
카드 이리,9,[kʰa.tɯ.i.ɾi],[kʰa.dɯ.i.ɾi]
바보로 만들어,9,[pa.po.ɾo.man.tɯl.ʌ],[ba.bo.ɾo.man.tɯl.ʌ]
보스턴 알리스,9,[po.sɯ.tʰʌn.al.ɾi.sɯ],[bo.sɯ.tʰʌn.al.ɾi.sɯ]
후 돈,9,[hu.ton],[hu.don]
to see my,9,,
공격당한 건,9,[koŋ.kjʌk̚.taŋ.haŋ.kʌn],[goŋ.gjʌk̚.taŋ.han.gʌn]
카드를 쓰는,9,[kʰa.tɯ.ɾɯl.s͈ɯ.nɯn],[kʰa.dɯ.ɾɯl.s͈ɯ.nɯn]
카드에 대해,9,[kʰa.tɯ.e.tɛ.hɛ],[kʰa.dɯ.e.dɛ.hɛ]
카라브락소스 은행을 털게,9,[kʰa.ɾa.pɯ.ɾak̚.so.sɯ.ɯn.hɛŋ.ɯl.tʰʌl.ke],[kʰa.ɾa.bɯ.ɾak̚.so.sɯ.ɯn.hɛŋ.ɯl.tʰʌl.ke]
카라브락소스 은행을 털게 될,9,[kʰa.ɾa.pɯ.ɾak̚.so.sɯ.ɯn.hɛŋ.ɯl.tʰʌl.ke.twel],[kʰa.ɾa.bɯ.ɾak̚.so.sɯ.ɯn.hɛŋ.ɯl.tʰʌl.ke.dwel]
계획이 엉망이,9,[kje.hwek̚.i.ʌŋ.maŋ.i],[gje.hwek̚.i.ʌŋ.maŋ.i]
바보짓 한,9,[pa.po.tʃit̚.han],[ba.bo.dʒit̚.han]
할아버지 집에,9,[hal.a.pʌ.tʃi.tʃip̚.e],[hal.a.bʌ.dʒi.dʒip̚.e]
바보처럼 굴지마,9,[pa.po.tʃʰʌ.ɾʌm.kul.tʃi.ma],[ba.bo.tʃʰʌ.ɾʌm.gul.tʃi.ma]
바보처럼 포기도,9,[pa.po.tʃʰʌ.ɾʌm.pʰo.ki.to],[ba.bo.tʃʰʌ.ɾʌm.pʰo.gi.do]
카리스마 넘치는,9,[kʰa.ɾi.sɯ.ma.nʌn.tʃʰi.nɯn],[kʰa.ɾi.sɯ.ma.nʌn.tʃʰi.nɯn]
카리스마 있고,9,[kʰa.ɾi.sɯ.ma.it̚.ko],[kʰa.ɾi.sɯ.ma.it̚.ko]
날을 만들어,9,[nal.ɯl.man.tɯl.ʌ],[nal.ɯl.man.tɯl.ʌ]
보시다시피 전,9,[po.si.ta.si.pʰi.tʃʌn],[bo.si.da.si.pʰi.dʒʌn]
카메라 달린,9,[kʰa.me.ɾa.tal.ɾin],[kʰa.me.ɾa.dal.ɾin]
갈 준비 완료,9,[kal.tʃum.pi.wal.ljo],[gal.dʒum.pi.wal.ljo]
날을 위해 また会える日のために 다시,9,[nal.ɯl.wi.hɛ.ta.si],[nal.ɯl.wi.hɛ.da.si]
바비큐 파티에서,9,[pa.pi.kʰju.pʰa.tʰi.e.sʌ],[ba.bi.kʰju.pʰa.tʰi.e.sʌ]
카메라 앞에선,9,[kʰa.me.ɾa.ap̚.e.sʌn],[kʰa.me.ɾa.ap̚.e.sʌn]
바빠 가지고,9,[pa.p͈a.ka.tʃi.ko],[ba.p͈a.ga.dʒi.go]
계획이 있는 것,9,[kje.hwek̚.i.it̚.nɯŋ.kʌt̚],[gje.hwek̚.i.it̚.nɯn.gʌt̚]
날을 축하해,9,[nal.ɯl.tʃʰuk̚.ha.hɛ],[nal.ɯl.tʃʰuk̚.ha.hɛ]
바빠 뭐,9,[pa.p͈a.mwʌ],[ba.p͈a.mwʌ]
내가 왜 당신이랑,9,[nɛ.ka.wɛ.taŋ.sin.i.ɾaŋ],[nɛ.ga.wɛ.daŋ.sin.i.ɾaŋ]
카메라 준비해,9,[kʰa.me.ɾa.tʃum.pi.hɛ],[kʰa.me.ɾa.dʒum.pi.hɛ]
카메라가 사방에,9,[kʰa.me.ɾa.ka.sa.paŋ.e],[kʰa.me.ɾa.ga.sa.baŋ.e]
카메라가 있었어요,9,[kʰa.me.ɾa.ka.it̚.ʌt̚.ʌ.jo],[kʰa.me.ɾa.ga.it̚.ʌt̚.ʌ.jo]
갈 준비가 되었다,9,[kal.tʃum.pi.ka.twe.ʌt̚.ta],[gal.dʒum.pi.ga.dwe.ʌt̚.ta]
카메라를 가지고 있다,9,[kʰa.me.ɾa.ɾɯl.ka.tʃi.ko.it̚.ta],[kʰa.me.ɾa.ɾɯl.ga.dʒi.go.it̚.ta]
카메라를 든,9,[kʰa.me.ɾa.ɾɯl.tɯn],[kʰa.me.ɾa.ɾɯl.dɯn]
카메라를 보세요,9,[kʰa.me.ɾa.ɾɯl.po.se.jo],[kʰa.me.ɾa.ɾɯl.bo.se.jo]
이 얘기 하는,9,[i.jɛ.ki.ha.nɯn],[i.jɛ.gi.ha.nɯn]
카밀라 바르가스가,9,[kʰa.mil.ɾa.pa.ɾɯ.ka.sɯ.ka],[kʰa.mil.ɾa.ba.ɾɯ.ga.sɯ.ga]
카밀라 바 가스,9,[kʰa.mil.ɾa.pa.ka.sɯ],[kʰa.mil.ɾa.ba.ga.sɯ]
카버 씨,9,[kʰa.pʌ.s͈i],[kʰa.bʌ.s͈i]
카오스 킬러의,9,[kʰa.o.sɯ.kʰil.ɾʌ.ɯi],[kʰa.o.sɯ.kʰil.ɾʌ.ɯi]
계획이 있었는데,9,[kje.hwek̚.i.it̚.ʌt̚.nɯn.te],[gje.hwek̚.i.it̚.ʌt̚.nɯn.te]
후드를 입고,9,[hu.tɯ.ɾɯl.ip̚.ko],[hu.dɯ.ɾɯl.ip̚.ko]
때까지 여기 있어야,9,[t͈ɛ.k͈a.tʃi.jʌ.ki.it̚.ʌ.ja],[t͈ɛ.k͈a.dʒi.jʌ.gi.it̚.ʌ.ja]
할지 모르겠지,9,[hal.tʃi.mo.ɾɯ.ket̚.tʃi],[hal.tʃi.mo.ɾɯ.get̚.tʃi]
할지 모른다는,9,[hal.tʃi.mo.ɾɯn.ta.nɯn],[hal.tʃi.mo.ɾɯn.ta.nɯn]
이 얘길 왜,9,[i.jɛ.kil.wɛ],[i.jɛ.gil.wɛ]
바실리를 대통령으로,9,[pa.sil.ɾi.ɾɯl.tɛ.tʰoŋ.ɾjʌŋ.ɯ.ɾo],[ba.sil.ɾi.ɾɯl.dɛ.tʰoŋ.ɾjʌŋ.ɯ.ɾo]
후로 늘,9,[hu.ɾo.nɯl],[hu.ɾo.nɯl]
바에 따라,9,[pa.e.t͈a.ɾa],[ba.e.t͈a.ɾa]
날이 올 거예요,9,[nal.i.ol.kʌ.je.jo],[nal.i.ol.gʌ.je.jo]
분명 엄청난,9,[pun.mjʌŋ.ʌn.tʃʰʌŋ.nan],[bun.mjʌŋ.ʌn.tʃʰʌŋ.nan]
바에는 차라리,9,[pa.e.nɯn.tʃʰa.ɾa.ɾi],[ba.e.nɯn.tʃʰa.ɾa.ɾi]
칸 경위,9,[kʰaŋ.kjʌŋ.wi],[kʰan.gjʌŋ.wi]
분명 여기에,9,[pun.mjʌŋ.jʌ.ki.e],[bun.mjʌŋ.jʌ.gi.e]
내가 고객을,9,[nɛ.ka.ko.kɛk̚.ɯl],[nɛ.ga.go.gɛk̚.ɯl]
그의 승무원,9,[kɯ.ɯi.sɯŋ.mu.wʌn],[gɯ.ɯi.sɯŋ.mu.wʌn]
날이 올지도,9,[nal.i.ol.tʃi.to],[nal.i.ol.tʃi.do]
할지 알았어요,9,[hal.tʃi.al.at̚.ʌ.jo],[hal.tʃi.al.at̚.ʌ.jo]
칼 맞는,9,[kʰal.mat̚.nɯn],[kʰal.mat̚.nɯn]
이 엄청나게,9,[i.ʌn.tʃʰʌŋ.na.ke],[i.ʌn.tʃʰʌŋ.na.ge]
바위 사이에,9,[pa.wi.sa.i.e],[ba.wi.sa.i.e]
칼 웨더스,9,[kʰal.we.tʌ.sɯ],[kʰal.we.dʌ.sɯ]
가는 길이었죠,9,[ka.nɯŋ.kil.i.ʌt̚.tʃjo],[ga.nɯn.gil.i.ʌt̚.tʃjo]
칼로 배를,9,[kʰal.ɾo.pɛ.ɾɯl],[kʰal.ɾo.bɛ.ɾɯl]
계획이라도 있나,9,[kje.hwek̚.i.ɾa.to.it̚.na],[gje.hwek̚.i.ɾa.do.it̚.na]
I can''t fight,9,,
보안 세부 사항,9,[po.an.se.pu.sa.haŋ],[bo.an.se.bu.sa.haŋ]
칼슨 씨,9,[kʰal.sɯn.s͈i],[kʰal.sɯn.s͈i]
칼에 베인,9,[kʰal.e.pe.in],[kʰal.e.be.in]
보안 시설을,9,[po.an.si.sʌl.ɯl],[bo.an.si.sʌl.ɯl]
바이러스를 갖고,9,[pa.i.ɾʌ.sɯ.ɾɯl.kat̚.ko],[ba.i.ɾʌ.sɯ.ɾɯl.gat̚.ko]
put your hands,9,,
칼은 아직,9,[kʰal.ɯn.a.tʃik̚],[kʰal.ɯn.a.dʒik̚]
때까지 조금만,9,[t͈ɛ.k͈a.tʃi.tʃo.kɯm.man],[t͈ɛ.k͈a.dʒi.dʒo.gɯm.man]
이 여자 아세요,9,[i.jʌ.tʃa.a.se.jo],[i.jʌ.dʒa.a.se.jo]
날인 것처럼,9,[nal.iŋ.kʌt̚.tʃʰʌ.ɾʌm],[nal.in.gʌt̚.tʃʰʌ.ɾʌm]
Damn right,9,,
칼을 탁,9,[kʰal.ɯl.tʰak̚],[kʰal.ɯl.tʰak̚]
내가 골랐어,9,[nɛ.ka.kol.ɾat̚.ʌ],[nɛ.ga.gol.ɾat̚.ʌ]
함께 걷자,9,[ham.k͈e.kʌt̚.tʃa],[ham.k͈e.gʌt̚.tʃa]
갈 텐데요,9,[kal.tʰen.te.jo],[gal.tʰen.te.jo]
함께 계세요,9,[ham.k͈e.kje.se.jo],[ham.k͈e.gje.se.jo]
캐 봐,9,[kʰɛ.pwa],[kʰɛ.bwa]
계획하고 있었다,9,[kje.hwek̚.ha.ko.it̚.ʌt̚.ta],[gje.hwek̚.ha.go.it̚.ʌt̚.ta]
계획하고 있어요,9,[kje.hwek̚.ha.ko.it̚.ʌ.jo],[gje.hwek̚.ha.go.it̚.ʌ.jo]
이 여자를 찾고,9,[i.jʌ.tʃa.ɾɯl.tʃʰat̚.ko],[i.jʌ.dʒa.ɾɯl.tʃʰat̚.ko]
날짜를 잘못,9,[nal.tʃ͈a.ɾɯl.tʃal.mot̚],[nal.tʃ͈a.ɾɯl.dʒal.mot̚]
날짜와 시간,9,[nal.tʃ͈a.wa.si.kan],[nal.tʃ͈a.wa.si.gan]
보안 장치,9,[po.an.tʃaŋ.tʃʰi],[bo.an.dʒaŋ.tʃʰi]
in your eye,9,,
내가 과연,9,[nɛ.ka.kwa.jʌn],[nɛ.ga.gwa.jʌn]
함께 긴,9,[ham.k͈e.kin],[ham.k͈e.gin]
캐릭터에 대해,9,[kʰɛ.ɾik̚.tʰʌ.e.tɛ.hɛ],[kʰɛ.ɾik̚.tʰʌ.e.dɛ.hɛ]
캐서린 부인,9,[kʰɛ.sʌ.ɾim.pu.in],[kʰɛ.sʌ.ɾin.bu.in]
캐서린 윈닉,9,[kʰɛ.sʌ.ɾin.win.nik̚],[kʰɛ.sʌ.ɾin.win.nik̚]
때까진 말이야,9,[t͈ɛ.k͈a.tʃin.mal.i.ja],[t͈ɛ.k͈a.dʒin.mal.i.ja]
이 얼음,9,[i.ʌl.ɯm],[i.ʌl.ɯm]
캐시 보일,9,[kʰɛ.si.po.il],[kʰɛ.si.bo.il]
캐시 보일을,9,[kʰɛ.si.po.il.ɯl],[kʰɛ.si.bo.il.ɯl]
Most of the,9,,
후에 그를,9,[hu.e.kɯ.ɾɯl],[hu.e.gɯ.ɾɯl]
캐틀맨 목장,9,[kʰɛ.tʰɯl.mɛn.mok̚.tʃaŋ],[kʰɛ.tʰɯl.mɛn.mok̚.tʃaŋ]
바짝 차려야지,9,[pa.tʃ͈ak̚.tʃʰa.ɾjʌ.ja.tʃi],[ba.tʃ͈ak̚.tʃʰa.ɾjʌ.ja.dʒi]
캐프리 씨,9,[kʰɛ.pʰɯ.ɾi.s͈i],[kʰɛ.pʰɯ.ɾi.s͈i]
캔디 캔디,9,[kʰɛn.ti.kʰɛn.ti],[kʰɛn.ti.kʰɛn.ti]
캔을 딴다,9,[kʰɛn.ɯl.t͈an.ta],[kʰɛn.ɯl.t͈an.ta]
캔자스 주 토피카,9,[kʰɛn.tʃa.sɯ.tʃu.tʰo.pʰi.kʰa],[kʰɛn.tʃa.sɯ.dʒu.tʰo.pʰi.kʰa]
함께 말이야 그들은,9,[ham.k͈e.mal.i.ja.kɯ.tɯl.ɯn],[ham.k͈e.mal.i.ja.gɯ.dɯl.ɯn]
함께 말이야 당신은,9,[ham.k͈e.mal.i.ja.taŋ.sin.ɯn],[ham.k͈e.mal.i.ja.daŋ.sin.ɯn]
분명히 경고했지,9,[pun.mjʌŋ.hi.kjʌŋ.ko.hɛt̚.tʃi],[bun.mjʌŋ.hi.gjʌŋ.go.hɛt̚.tʃi]
캠퍼스 내,9,[kʰɛm.pʰʌ.sɯ.nɛ],[kʰɛm.pʰʌ.sɯ.nɛ]
캠퍼스 밖에,9,[kʰɛm.pʰʌ.sɯ.pak̚.e],[kʰɛm.pʰʌ.sɯ.bak̚.e]
바퀴 돌아봐,9,[pa.kʰwi.tol.a.pwa],[ba.kʰwi.dol.a.bwa]
바퀴 소리,9,[pa.kʰwi.so.ɾi],[ba.kʰwi.so.ɾi]
캠핑 가는,9,[kʰɛm.pʰiŋ.ka.nɯn],[kʰɛm.pʰiŋ.ga.nɯn]
내가 구한,9,[nɛ.ka.ku.han],[nɛ.ga.gu.han]
이 오라비가,9,[i.o.ɾa.pi.ka],[i.o.ɾa.bi.ga]
남겨 뒀어,9,[nam.kjʌ.twʌt̚.ʌ],[nam.kjʌ.dwʌt̚.ʌ]
커다란 걸,9,[kʰʌ.ta.ɾaŋ.kʌl],[kʰʌ.da.ɾan.gʌl]
함께 사는 게,9,[ham.k͈e.sa.nɯŋ.ke],[ham.k͈e.sa.nɯn.ge]
하는데 다,9,[ha.nɯn.te.ta],[ha.nɯn.te.da]
고 말,9,[ko.mal],[go.mal]
걸 먹는,9,[kʌl.mʌk̚.nɯn],[gʌl.mʌk̚.nɯn]
커스틴 뱅스니스 토마스,9,[kʰʌ.sɯ.tʰim.pɛŋ.sɯ.ni.sɯ.tʰo.ma.sɯ],[kʰʌ.sɯ.tʰin.bɛŋ.sɯ.ni.sɯ.tʰo.ma.sɯ]
커스틴 뱅스니스 토마스 깁슨,9,[kʰʌ.sɯ.tʰim.pɛŋ.sɯ.ni.sɯ.tʰo.ma.sɯ.kip̚.sɯn],[kʰʌ.sɯ.tʰin.bɛŋ.sɯ.ni.sɯ.tʰo.ma.sɯ.gip̚.sɯn]
커야 할,9,[kʰʌ.ja.hal],[kʰʌ.ja.hal]
남겨둔 거야,9,[nam.kjʌ.tuŋ.kʌ.ja],[nam.kjʌ.dun.gʌ.ja]
커지는 거,9,[kʰʌ.tʃi.nɯŋ.kʌ],[kʰʌ.dʒi.nɯn.gʌ]
내가 요리하는,9,[nɛ.ka.jo.ɾi.ha.nɯn],[nɛ.ga.jo.ɾi.ha.nɯn]
남겨선 안 돼,9,[nam.kjʌ.sʌn.an.twɛ],[nam.kjʌ.sʌn.an.dwɛ]
그의 어깨에,9,[kɯ.ɯi.ʌ.k͈ɛ.e],[gɯ.ɯi.ʌ.k͈ɛ.e]
박는 거,9,[pak̚.nɯŋ.kʌ],[bak̚.nɯn.gʌ]
박는 게,9,[pak̚.nɯŋ.ke],[bak̚.nɯn.ge]
후에 봅시다,9,[hu.e.pop̚.si.ta],[hu.e.bop̚.si.da]
커튼 뒤로,9,[kʰʌ.tʰɯn.twi.ɾo],[kʰʌ.tʰɯn.dwi.ɾo]
남겨주세요 아빠,9,[nam.kjʌ.tʃu.se.jo.a.p͈a],[nam.kjʌ.dʒu.se.jo.a.p͈a]
커플 성립,9,[kʰʌ.pʰɯl.sʌŋ.ɾip̚],[kʰʌ.pʰɯl.sʌŋ.ɾip̚]
박병은 김가은 김민석 이번생은,9,[pak̚.pjʌŋ.ɯŋ.kim.ka.ɯŋ.kim.min.sʌk̚.i.pʌn.sɛŋ.ɯn],[bak̚.pjʌŋ.ɯn.gim.ka.ɯn.gim.min.sʌk̚.i.bʌn.sɛŋ.ɯn]
커피 내릴,9,[kʰʌ.pʰi.nɛ.ɾil],[kʰʌ.pʰi.nɛ.ɾil]
남겨주시면 최대한 빨리 응답하겠습니다,9,[nam.kjʌ.tʃu.si.mjʌn.tʃʰwe.tɛ.ham.p͈al.ɾi.ɯŋ.tap̚.ha.ket̚.sɯp̚.ni.ta],[nam.kjʌ.dʒu.si.mjʌn.tʃʰwe.dɛ.ham.p͈al.ɾi.ɯŋ.dap̚.ha.get̚.sɯp̚.ni.da]
걸 매우,9,[kʌl.mɛ.u],[gʌl.mɛ.u]
남겨진 것,9,[nam.kjʌ.tʃiŋ.kʌt̚],[nam.kjʌ.dʒin.gʌt̚]
박사 말이야,9,[pak̚.sa.mal.i.ja],[bak̚.sa.mal.i.ja]
커피 마시기,9,[kʰʌ.pʰi.ma.si.ki],[kʰʌ.pʰi.ma.si.gi]
고 했죠,9,[ko.hɛt̚.tʃjo],[go.hɛt̚.tʃjo]
때는 보통,9,[t͈ɛ.nɯm.po.tʰoŋ],[t͈ɛ.nɯn.bo.tʰoŋ]
박사 후,9,[pak̚.sa.hu],[bak̚.sa.hu]
커피 좀 갖다,9,[kʰʌ.pʰi.tʃom.kat̚.ta],[kʰʌ.pʰi.dʒom.gat̚.ta]
박사가 만든,9,[pak̚.sa.ka.man.tɯn],[bak̚.sa.ga.man.tɯn]
때는 아니지만,9,[t͈ɛ.nɯn.a.ni.tʃi.man],[t͈ɛ.nɯn.a.ni.dʒi.man]
박사가 여기,9,[pak̚.sa.ka.jʌ.ki],[bak̚.sa.ga.jʌ.gi]
고개 끄덕여,9,[ko.kɛ.k͈ɯ.tʌk̚.jʌ],[go.gɛ.k͈ɯ.dʌk̚.jʌ]
커피가 더,9,[kʰʌ.pʰi.ka.tʌ],[kʰʌ.pʰi.ga.dʌ]
이 운동화,9,[i.un.toŋ.hwa],[i.un.toŋ.hwa]
박사는 그,9,[pak̚.sa.nɯŋ.kɯ],[bak̚.sa.nɯn.gɯ]
박사는 당신이,9,[pak̚.sa.nɯn.taŋ.sin.i],[bak̚.sa.nɯn.daŋ.sin.i]
함께 이 일을,9,[ham.k͈e.i.il.ɯl],[ham.k͈e.i.il.ɯl]
커피를 안,9,[kʰʌ.pʰi.ɾɯl.an],[kʰʌ.pʰi.ɾɯl.an]
커피를 한 잔,9,[kʰʌ.pʰi.ɾɯl.han.tʃan],[kʰʌ.pʰi.ɾɯl.han.dʒan]
분명히 또,9,[pun.mjʌŋ.hi.t͈o],[bun.mjʌŋ.hi.t͈o]
함께 이겨낼,9,[ham.k͈e.i.kjʌ.nɛl],[ham.k͈e.i.gjʌ.nɛl]
박사님 그래,9,[pak̚.sa.nim.kɯ.ɾɛ],[bak̚.sa.nim.gɯ.ɾɛ]
고개 돌리지 마,9,[ko.kɛ.tol.ɾi.tʃi.ma],[go.gɛ.dol.ɾi.dʒi.ma]
남기고 갔어요,9,[nam.ki.ko.kat̚.ʌ.jo],[nam.ki.go.gat̚.ʌ.jo]
컨디션 어때요,9,[kʰʌn.ti.sjʌn.ʌ.t͈ɛ.jo],[kʰʌn.ti.sjʌn.ʌ.t͈ɛ.jo]
컨설팅 회사를,9,[kʰʌn.sʌl.tʰiŋ.hwe.sa.ɾɯl],[kʰʌn.sʌl.tʰiŋ.hwe.sa.ɾɯl]
갈게 그러지 마,9,[kal.ke.kɯ.ɾʌ.tʃi.ma],[gal.ke.gɯ.ɾʌ.dʒi.ma]
컨트리 뮤직,9,[kʰʌn.tʰɯ.ɾi.mju.tʃik̚],[kʰʌn.tʰɯ.ɾi.mju.dʒik̚]
of what''s,9,,
컴 위드,9,[kʰʌm.wi.tɯ],[kʰʌm.wi.dɯ]
남기는 걸,9,[nam.ki.nɯŋ.kʌl],[nam.ki.nɯn.gʌl]
남기로 한,9,[nam.ki.ɾo.han],[nam.ki.ɾo.han]
컴퓨터 바이러스,9,[kʰʌm.pʰju.tʰʌ.pa.i.ɾʌ.sɯ],[kʰʌm.pʰju.tʰʌ.ba.i.ɾʌ.sɯ]
다 설명했잖아,9,[ta.sʌl.mjʌŋ.hɛt̚.tʃan.a],[da.sʌl.mjʌŋ.hɛt̚.tʃan.a]
이 의상을,9,[i.ɯi.saŋ.ɯl],[i.ɯi.saŋ.ɯl]
내가 그 생각을,9,[nɛ.ka.kɯ.sɛŋ.kak̚.ɯl],[nɛ.ga.gɯ.sɛŋ.gak̚.ɯl]
분명히 말하건대,9,[pun.mjʌŋ.hi.mal.ha.kʌn.tɛ],[bun.mjʌŋ.hi.mal.ha.gʌn.tɛ]
후에 집으로,9,[hu.e.tʃip̚.ɯ.ɾo],[hu.e.dʒip̚.ɯ.ɾo]
컴퓨터가 고장,9,[kʰʌm.pʰju.tʰʌ.ka.ko.tʃaŋ],[kʰʌm.pʰju.tʰʌ.ga.go.dʒaŋ]
박사님 저는,9,[pak̚.sa.nin.tʃʌ.nɯn],[bak̚.sa.nim.dʒʌ.nɯn]
남기지 말라고,9,[nam.ki.tʃi.mal.ɾa.ko],[nam.ki.dʒi.mal.ɾa.go]
내가 그 앨,9,[nɛ.ka.kɯ.ɛl],[nɛ.ga.gɯ.ɛl]
남기지 않아요,9,[nam.ki.tʃi.an.a.jo],[nam.ki.dʒi.an.a.jo]
박사님은 어디,9,[pak̚.sa.nim.ɯn.ʌ.ti],[bak̚.sa.nim.ɯn.ʌ.di]
컵 안에,9,[kʰʌp̚.an.e],[kʰʌp̚.an.e]
컵 하나,9,[kʰʌp̚.ha.na],[kʰʌp̚.ha.na]
컵 좀,9,[kʰʌp̚.tʃom],[kʰʌp̚.dʒom]
남기지 않았어,9,[nam.ki.tʃi.an.at̚.ʌ],[nam.ki.dʒi.an.at̚.ʌ]
컵을 탁 놓는다,9,[kʰʌp̚.ɯl.tʰak̚.not̚.nɯn.ta],[kʰʌp̚.ɯl.tʰak̚.not̚.nɯn.ta]
남기지 않죠,9,[nam.ki.tʃi.an.tʃjo],[nam.ki.dʒi.an.tʃjo]
컸을 거예요,9,[kʰʌt̚.ɯl.kʌ.je.jo],[kʰʌt̚.ɯl.gʌ.je.jo]
박사님이 절,9,[pak̚.sa.nim.i.tʃʌl],[bak̚.sa.nim.i.dʒʌl]
공격하지 않았지,9,[koŋ.kjʌk̚.ha.tʃi.an.at̚.tʃi],[goŋ.gjʌk̚.ha.dʒi.an.at̚.tʃi]
are we supposed to,9,,
케빈 네가,9,[kʰe.pin.ne.ka],[kʰe.bin.ne.ga]
of years ago,9,,
케빈 베이컨,9,[kʰe.pim.pe.i.kʰʌn],[kʰe.bin.be.i.kʰʌn]
케빈 오빠,9,[kʰe.pin.o.p͈a],[kʰe.bin.o.p͈a]
이 이야긴,9,[i.i.ja.kin],[i.i.ja.gin]
공격한 거죠,9,[koŋ.kjʌk̚.haŋ.kʌ.tʃjo],[goŋ.gjʌk̚.han.gʌ.dʒjo]
함께 있을 때면,9,[ham.k͈e.it̚.ɯl.t͈ɛ.mjʌn],[ham.k͈e.it̚.ɯl.t͈ɛ.mjʌn]
케이브 갤로,9,[kʰe.i.pɯ.kɛl.ɾo],[kʰe.i.bɯ.gɛl.ɾo]
케이블 회사,9,[kʰe.i.pɯl.hwe.sa],[kʰe.i.bɯl.hwe.sa]
이 이야기를 취재 중이던,9,[i.i.ja.ki.ɾɯl.tʃʰwi.tʃɛ.tʃuŋ.i.tʌn],[i.i.ja.gi.ɾɯl.tʃʰwi.dʒɛ.dʒuŋ.i.dʌn]
보여 줄 순,9,[po.jʌ.tʃul.sun],[bo.jʌ.dʒul.sun]
남길 말,9,[nam.kil.mal],[nam.kil.mal]
함께 작업한,9,[ham.k͈e.tʃak̚.ʌp̚.han],[ham.k͈e.dʒak̚.ʌp̚.han]
박살 내버릴,9,[pak̚.sal.lɛ.pʌ.ɾil],[bak̚.sal.lɛ.bʌ.ɾil]
박살 내서,9,[pak̚.sal.lɛ.sʌ],[bak̚.sal.lɛ.sʌ]
박살 낼 거예요,9,[pak̚.sal.lɛl.kʌ.je.jo],[bak̚.sal.lɛl.gʌ.je.jo]
함께 죽은,9,[ham.k͈e.tʃuk̚.ɯn],[ham.k͈e.dʒuk̚.ɯn]
박살낼 거야,9,[pak̚.sal.lɛl.kʌ.ja],[bak̚.sal.lɛl.gʌ.ja]
후크 지역 리처즈 가'',9,[hu.kʰɯ.tʃi.jʌk̚.ɾi.tʃʰʌ.tʃɯ.ka],[hu.kʰɯ.dʒi.jʌk̚.ɾi.tʃʰʌ.dʒɯ.ga]
보여 줬다,9,[po.jʌ.tʃwʌt̚.ta],[bo.jʌ.dʒwʌt̚.ta]
케이트에 대한,9,[kʰe.i.tʰɯ.e.tɛ.han],[kʰe.i.tʰɯ.e.dɛ.han]
함께 집에서,9,[ham.k͈e.tʃip̚.e.sʌ],[ham.k͈e.dʒip̚.e.sʌ]
함께 찍은 사진을,9,[ham.k͈e.tʃ͈ik̚.ɯn.sa.tʃin.ɯl],[ham.k͈e.tʃ͈ik̚.ɯn.sa.dʒin.ɯl]
내가 운전하고,9,[nɛ.ka.un.tʃʌn.ha.ko],[nɛ.ga.un.tʃʌn.ha.go]
남는 거예요,9,[nam.nɯŋ.kʌ.je.jo],[nam.nɯn.gʌ.je.jo]
이 일대를,9,[i.il.tɛ.ɾɯl],[i.il.tɛ.ɾɯl]
남는 거요,9,[nam.nɯŋ.kʌ.jo],[nam.nɯn.gʌ.jo]
박수 한번 주세요,9,[pak̚.su.ham.pʌn.tʃu.se.jo],[bak̚.su.ham.pʌn.dʒu.se.jo]
켄지 델로스,9,[kʰen.tʃi.tel.ɾo.sɯ],[kʰen.tʃi.del.ɾo.sɯ]
of you to,9,,
켈리 스티븐의,9,[kʰel.ɾi.sɯ.tʰi.pɯn.ɯi],[kʰel.ɾi.sɯ.tʰi.bɯn.ɯi]
켈리 스티븐의 인권 변호사,9,[kʰel.ɾi.sɯ.tʰi.pɯn.ɯi.iŋ.kwʌm.pjʌn.ho.sa],[kʰel.ɾi.sɯ.tʰi.bɯn.ɯi.iŋ.kwʌn.bjʌn.ho.sa]
박수민 자막,9,[pak̚.su.min.tʃa.mak̚],[bak̚.su.min.dʒa.mak̚]
켜 둬,9,[kʰjʌ.twʌ],[kʰjʌ.dwʌ]
켜 봐요,9,[kʰjʌ.pwa.jo],[kʰjʌ.bwa.jo]
켜는 거,9,[kʰjʌ.nɯŋ.kʌ],[kʰjʌ.nɯn.gʌ]
켜는 게,9,[kʰjʌ.nɯŋ.ke],[kʰjʌ.nɯn.ge]
켜져 있길래,9,[kʰjʌ.tʃjʌ.it̚.kil.ɾɛ],[kʰjʌ.dʒjʌ.it̚.kil.ɾɛ]
켜져 있네,9,[kʰjʌ.tʃjʌ.it̚.ne],[kʰjʌ.dʒjʌ.it̚.ne]
박아 줄,9,[pak̚.a.tʃul],[bak̚.a.dʒul]
켤 수 있어요,9,[kʰjʌl.su.it̚.ʌ.jo],[kʰjʌl.su.it̚.ʌ.jo]
켤 줄,9,[kʰjʌl.tʃul],[kʰjʌl.dʒul]
때도 못,9,[t͈ɛ.to.mot̚],[t͈ɛ.do.mot̚]
이 일에 대해서는,9,[i.il.e.tɛ.hɛ.sʌ.nɯn],[i.il.e.dɛ.hɛ.sʌ.nɯn]
이 일에 대해서요,9,[i.il.e.tɛ.hɛ.sʌ.jo],[i.il.e.dɛ.hɛ.sʌ.jo]
코 닿을,9,[kʰo.tat̚.ɯl],[kʰo.dat̚.ɯl]
이 일에 더,9,[i.il.e.tʌ],[i.il.e.dʌ]
코끼리 코,9,[kʰo.k͈i.ɾi.kʰo],[kʰo.k͈i.ɾi.kʰo]
코너 돌면,9,[kʰo.nʌ.tol.mjʌn],[kʰo.nʌ.dol.mjʌn]
박준모 씨,9,[pak̚.tʃun.mo.s͈i],[bak̚.tʃun.mo.s͈i]
박쥐다 난 박쥐다,9,[pak̚.tʃwi.ta.nam.pak̚.tʃwi.ta],[bak̚.tʃwi.da.nan.bak̚.tʃwi.da]
내가 그녀에게 말할게,9,[nɛ.ka.kɯ.njʌ.e.ke.mal.hal.ke],[nɛ.ga.gɯ.njʌ.e.ge.mal.hal.ke]
코드 좀,9,[kʰo.tɯ.tʃom],[kʰo.dɯ.dʒom]
분명히 우릴,9,[pun.mjʌŋ.hi.u.ɾil],[bun.mjʌŋ.hi.u.ɾil]
박혀 있던,9,[pak̚.hjʌ.it̚.tʌn],[bak̚.hjʌ.it̚.tʌn]
코로 들이쉬고 입으로,9,[kʰo.ɾo.tɯl.i.swi.ko.ip̚.ɯ.ɾo],[kʰo.ɾo.dɯl.i.swi.go.ip̚.ɯ.ɾo]
후회하지 않게,9,[hu.hwe.ha.tʃi.aŋ.ke],[hu.hwe.ha.dʒi.aŋ.ke]
남들은 몰라도,9,[nan.tɯl.ɯn.mol.ɾa.to],[nan.tɯl.ɯn.mol.ɾa.do]
코를 막고,9,[kʰo.ɾɯl.mak̚.ko],[kʰo.ɾɯl.mak̚.ko]
이 일에 있어서,9,[i.il.e.it̚.ʌ.sʌ],[i.il.e.it̚.ʌ.sʌ]
남들이 널,9,[nan.tɯl.i.nʌl],[nan.tɯl.i.nʌl]
박힌 채,9,[pak̚.hin.tʃʰɛ],[bak̚.hin.tʃʰɛ]
함께 휴가를,9,[ham.k͈e.hju.ka.ɾɯl],[ham.k͈e.hju.ga.ɾɯl]
밖에 걸리지,9,[pak̚.e.kʌl.ɾi.tʃi],[bak̚.e.gʌl.ɾi.dʒi]
코빼기도 못,9,[kʰo.p͈ɛ.ki.to.mot̚],[kʰo.p͈ɛ.gi.do.mot̚]
남들이 안 하는,9,[nan.tɯl.i.an.ha.nɯn],[nan.tɯl.i.an.ha.nɯn]
코스 완주,9,[kʰo.sɯ.wan.tʃu],[kʰo.sɯ.wan.tʃu]
갈게 아니야,9,[kal.ke.a.ni.ja],[gal.ke.a.ni.ja]
분명히 있었는데,9,[pun.mjʌŋ.hi.it̚.ʌt̚.nɯn.te],[bun.mjʌŋ.hi.it̚.ʌt̚.nɯn.te]
코이즈미 씨,9,[kʰo.i.tʃɯ.mi.s͈i],[kʰo.i.dʒɯ.mi.s͈i]
이 일을 또,9,[i.il.ɯl.t͈o],[i.il.ɯl.t͈o]
코카인 한,9,[kʰo.kʰa.in.han],[kʰo.kʰa.in.han]
이 일을 시작할,9,[i.il.ɯl.si.tʃak̚.hal],[i.il.ɯl.si.dʒak̚.hal]
코타르 증후군,9,[kʰo.tʰa.ɾɯ.tʃɯŋ.hu.kun],[kʰo.tʰa.ɾɯ.dʒɯŋ.hu.gun]
갈게 아직,9,[kal.ke.a.tʃik̚],[gal.ke.a.dʒik̚]
다 쌌어요,9,[ta.s͈at̚.ʌ.jo],[da.s͈at̚.ʌ.jo]
남북 전쟁이,9,[nam.puk̚.tʃʌn.tʃɛŋ.i],[nam.puk̚.dʒʌn.tʃɛŋ.i]
보여주고 싶은 건,9,[po.jʌ.tʃu.ko.sip̚.ɯŋ.kʌn],[bo.jʌ.dʒu.go.sip̚.ɯn.gʌn]
코피를 흘려서,9,[kʰo.pʰi.ɾɯl.hɯl.ɾjʌ.sʌ],[kʰo.pʰi.ɾɯl.hɯl.ɾjʌ.sʌ]
갔는데 네가,9,[kat̚.nɯn.te.ne.ka],[gat̚.nɯn.te.ne.ga]
남성 스트립 댄스,9,[nam.sʌŋ.sɯ.tʰɯ.ɾip̚.tɛn.sɯ],[nam.sʌŋ.sɯ.tʰɯ.ɾip̚.dɛn.sɯ]
분명히 하다,9,[pun.mjʌŋ.hi.ha.ta],[bun.mjʌŋ.hi.ha.da]
이 일을 처리해,9,[i.il.ɯl.tʃʰʌ.ɾi.hɛ],[i.il.ɯl.tʃʰʌ.ɾi.hɛ]
함께할 수 있을,9,[ham.k͈e.hal.su.it̚.ɯl],[ham.k͈e.hal.su.it̚.ɯl]
남성일 겁니다,9,[nam.sʌŋ.il.kʌp̚.ni.ta],[nam.sʌŋ.il.gʌp̚.ni.da]
갈게 알았어요,9,[kal.ke.al.at̚.ʌ.jo],[gal.ke.al.at̚.ʌ.jo]
밖에 세워,9,[pak̚.e.se.wʌ],[bak̚.e.se.wʌ]
아니요 그래도,9,[a.ni.jo.kɯ.ɾɛ.to],[a.ni.jo.gɯ.ɾɛ.do]
즐겁지 않을,9,[tʃɯl.kʌp̚.tʃi.an.ɯl],[dʒɯl.kʌp̚.tʃi.an.ɯl]
밖에 아직,9,[pak̚.e.a.tʃik̚],[bak̚.e.a.dʒik̚]
밖에 안 남았 어,9,[pak̚.e.an.nam.at̚.ʌ],[bak̚.e.an.nam.at̚.ʌ]
밖에 안 됩니다,9,[pak̚.e.an.twep̚.ni.ta],[bak̚.e.an.dwep̚.ni.da]
밖에 안됐는데,9,[pak̚.e.an.twɛt̚.nɯn.te],[bak̚.e.an.twɛt̚.nɯn.te]
콜린 퍼스,9,[kʰol.ɾim.pʰʌ.sɯ],[kʰol.ɾim.pʰʌ.sɯ]
콜린스 경관님,9,[kʰol.ɾin.sɯ.kjʌŋ.kwan.nim],[kʰol.ɾin.sɯ.gjʌŋ.gwan.nim]
고귀한 노래로,9,[ko.kwi.han.no.ɾɛ.ɾo],[go.gwi.han.no.ɾɛ.ɾo]
밖에 없거든,9,[pak̚.e.ʌp̚.kʌ.tɯn],[bak̚.e.ʌp̚.kʌ.dɯn]
남아 있는 거지,9,[nam.a.it̚.nɯŋ.kʌ.tʃi],[nam.a.it̚.nɯn.gʌ.dʒi]
밖에 없군요,9,[pak̚.e.ʌp̚.kun.jo],[bak̚.e.ʌp̚.kun.jo]
남아 있는 어둠을,9,[nam.a.it̚.nɯn.ʌ.tum.ɯl],[nam.a.it̚.nɯn.ʌ.dum.ɯl]
콩 요리,9,[kʰoŋ.jo.ɾi],[kʰoŋ.jo.ɾi]
갈게 어서,9,[kal.ke.ʌ.sʌ],[gal.ke.ʌ.sʌ]
밖에 없었던,9,[pak̚.e.ʌp̚.ʌt̚.tʌn],[bak̚.e.ʌp̚.ʌt̚.tʌn]
쾅 내리친다,9,[kʰwaŋ.nɛ.ɾi.tʃʰin.ta],[kʰwaŋ.nɛ.ɾi.tʃʰin.ta]
함부로 입,9,[ham.pu.ɾo.ip̚],[ham.pu.ɾo.ip̚]
함께 했죠,9,[ham.k͈e.hɛt̚.tʃjo],[ham.k͈e.hɛt̚.tʃjo]
쾌감을 느끼는,9,[kʰwɛ.kam.ɯl.lɯ.k͈i.nɯn],[kʰwɛ.gam.ɯl.lɯ.k͈i.nɯn]
분밖에 안 됐는데,9,[pum.pak̚.e.an.twɛt̚.nɯn.te],[bum.pak̚.e.an.dwɛt̚.nɯn.te]
to slow,9,,
밖에 오래,9,[pak̚.e.o.ɾɛ],[bak̚.e.o.ɾɛ]
남아 있어야 해,9,[nam.a.it̚.ʌ.ja.hɛ],[nam.a.it̚.ʌ.ja.hɛ]
밖에 이상한,9,[pak̚.e.i.saŋ.han],[bak̚.e.i.saŋ.han]
분밖에 안 됐어요,9,[pum.pak̚.e.an.twɛt̚.ʌ.jo],[bum.pak̚.e.an.dwɛt̚.ʌ.jo]
밖에 있는 사람들,9,[pak̚.e.it̚.nɯn.sa.ɾan.tɯl],[bak̚.e.it̚.nɯn.sa.ɾan.tɯl]
쿠키 난,9,[kʰu.kʰi.nan],[kʰu.kʰi.nan]
보여준 그,9,[po.jʌ.tʃuŋ.kɯ],[bo.jʌ.dʒun.gɯ]
쿠키를 좀,9,[kʰu.kʰi.ɾɯl.tʃom],[kʰu.kʰi.ɾɯl.dʒom]
갈게 여보세요,9,[kal.ke.jʌ.po.se.jo],[gal.ke.jʌ.bo.se.jo]
고급 호텔,9,[ko.kɯp̚.ho.tʰel],[go.gɯp̚.ho.tʰel]
보여줄 게 있네,9,[po.jʌ.tʃul.ke.it̚.ne],[bo.jʌ.dʒul.ge.it̚.ne]
합니다 경찰은,9,[hap̚.ni.ta.kjʌŋ.tʃʰal.ɯn],[hap̚.ni.da.gjʌŋ.tʃʰal.ɯn]
합니다 고맙습니다,9,[hap̚.ni.ta.ko.map̚.sɯp̚.ni.ta],[hap̚.ni.da.go.map̚.sɯp̚.ni.da]
밖에 잘 안,9,[pak̚.e.tʃal.an],[bak̚.e.dʒal.an]
쿠퍼 요원과,9,[kʰu.pʰʌ.jo.wʌŋ.kwa],[kʰu.pʰʌ.jo.wʌŋ.kwa]
information on,9,,
밖에 주차된,9,[pak̚.e.tʃu.tʃʰa.twen],[bak̚.e.dʒu.tʃʰa.dwen]
보여줄 기회야,9,[po.jʌ.tʃul.ki.hwe.ja],[bo.jʌ.dʒul.gi.hwe.ja]
밖에 한,9,[pak̚.e.han],[bak̚.e.han]
합니다 그것이,9,[hap̚.ni.ta.kɯ.kʌt̚.i],[hap̚.ni.da.gɯ.gʌt̚.i]
걸 모를 줄,9,[kʌl.mo.ɾɯl.tʃul],[gʌl.mo.ɾɯl.dʒul]
off by,9,,
밖에서 기다리겠습니다,9,[pak̚.e.sʌ.ki.ta.ɾi.ket̚.sɯp̚.ni.ta],[bak̚.e.sʌ.gi.da.ɾi.get̚.sɯp̚.ni.da]
보여줄 필요는,9,[po.jʌ.tʃul.pʰil.jo.nɯn],[bo.jʌ.dʒul.pʰil.jo.nɯn]
밖에서 기다리라고,9,[pak̚.e.sʌ.ki.ta.ɾi.ɾa.ko],[bak̚.e.sʌ.gi.da.ɾi.ɾa.go]
분석 결과예요,9,[pun.sʌk̚.kjʌl.kwa.je.jo],[bun.sʌk̚.gjʌl.kwa.je.jo]
쿵 하는 소리,9,[kʰuŋ.ha.nɯn.so.ɾi],[kʰuŋ.ha.nɯn.so.ɾi]
쿼호그 경찰서,9,[kʰwʌ.ho.kɯ.kjʌŋ.tʃʰal.sʌ],[kʰwʌ.ho.gɯ.gjʌŋ.tʃʰal.sʌ]
보여줄게 내가,9,[po.jʌ.tʃul.ke.nɛ.ka],[bo.jʌ.dʒul.ke.nɛ.ga]
밖에서 당신을,9,[pak̚.e.sʌ.taŋ.sin.ɯl],[bak̚.e.sʌ.daŋ.sin.ɯl]
퀸 시장이,9,[kʰwin.si.tʃaŋ.i],[kʰwin.si.dʒaŋ.i]
퀸에 대해,9,[kʰwin.e.tɛ.hɛ],[kʰwin.e.dɛ.hɛ]
합니다 시간이,9,[hap̚.ni.ta.si.kan.i],[hap̚.ni.da.si.gan.i]
이 자리에 와,9,[i.tʃa.ɾi.e.wa],[i.dʒa.ɾi.e.wa]
남아있을 수도,9,[nam.a.it̚.ɯl.su.to],[nam.a.it̚.ɯl.su.do]
이 자리에 없었을,9,[i.tʃa.ɾi.e.ʌp̚.ʌt̚.ɯl],[i.dʒa.ɾi.e.ʌp̚.ʌt̚.ɯl]
밖에서 보자고,9,[pak̚.e.sʌ.po.tʃa.ko],[bak̚.e.sʌ.bo.dʒa.go]
크게 다르지 않아,9,[kʰɯ.ke.ta.ɾɯ.tʃi.an.a],[kʰɯ.ge.da.ɾɯ.dʒi.an.a]
크게 다쳤어,9,[kʰɯ.ke.ta.tʃʰjʌt̚.ʌ],[kʰɯ.ge.da.tʃʰjʌt̚.ʌ]
갈게 이봐,9,[kal.ke.i.pwa],[gal.ke.i.bwa]
남안왕 전하,9,[nam.an.waŋ.tʃʌn.ha],[nam.an.waŋ.dʒʌn.ha]
크게 들이쉬고,9,[kʰɯ.ke.tɯl.i.swi.ko],[kʰɯ.ge.dɯl.i.swi.go]
밖에서 얘기 좀 할,9,[pak̚.e.sʌ.jɛ.ki.tʃom.hal],[bak̚.e.sʌ.jɛ.gi.dʒom.hal]
밖에서 어떻게,9,[pak̚.e.sʌ.ʌ.t͈ʌt̚.ke],[bak̚.e.sʌ.ʌ.t͈ʌt̚.ke]
크게 말하세요,9,[kʰɯ.ke.mal.ha.se.jo],[kʰɯ.ge.mal.ha.se.jo]
크게 말해라,9,[kʰɯ.ke.mal.hɛ.ɾa],[kʰɯ.ge.mal.hɛ.ɾa]
고기 없는,9,[ko.ki.ʌp̚.nɯn],[go.gi.ʌp̚.nɯn]
그의 장례식에,9,[kɯ.ɯi.tʃaŋ.ɾje.sik̚.e],[gɯ.ɯi.dʒaŋ.ɾje.sik̚.e]
합니다 왜죠,9,[hap̚.ni.ta.wɛ.tʃjo],[hap̚.ni.da.wɛ.dʒjo]
훌륭한 부모가,9,[hul.ɾjuŋ.ham.pu.mo.ka],[hul.ɾjuŋ.han.bu.mo.ga]
크게 신경 쓰지,9,[kʰɯ.ke.siŋ.kjʌŋ.s͈ɯ.tʃi],[kʰɯ.ge.siŋ.kjʌŋ.s͈ɯ.dʒi]
남았는데 왜,9,[nam.at̚.nɯn.te.wɛ],[nam.at̚.nɯn.te.wɛ]
밖에서 찍은,9,[pak̚.e.sʌ.tʃ͈ik̚.ɯn],[bak̚.e.sʌ.tʃ͈ik̚.ɯn]
분석하는 거야,9,[pun.sʌk̚.ha.nɯŋ.kʌ.ja],[bun.sʌk̚.ha.nɯn.gʌ.ja]
남았다는 걸,9,[nam.at̚.ta.nɯŋ.kʌl],[nam.at̚.ta.nɯn.gʌl]
남았단 말이야,9,[nam.at̚.tan.mal.i.ja],[nam.at̚.tan.mal.i.ja]
be someone,9,,
합니다 이번,9,[hap̚.ni.ta.i.pʌn],[hap̚.ni.da.i.bʌn]
밖에서 하는,9,[pak̚.e.sʌ.ha.nɯn],[bak̚.e.sʌ.ha.nɯn]
크게 화를,9,[kʰɯ.ke.hwa.ɾɯl],[kʰɯ.ge.hwa.ɾɯl]
남았어 거의,9,[nam.at̚.ʌ.kʌ.ɯi],[nam.at̚.ʌ.gʌ.ɯi]
밖엔 아무것도,9,[pak̚.en.a.mu.kʌt̚.to],[bak̚.en.a.mu.gʌt̚.to]
합니다 저희는,9,[hap̚.ni.ta.tʃʌ.hɯi.nɯn],[hap̚.ni.da.dʒʌ.hɯi.nɯn]
즐기지 않아,9,[tʃɯl.ki.tʃi.an.a],[dʒɯl.ki.dʒi.an.a]
크고 멍청한,9,[kʰɯ.ko.mʌŋ.tʃʰʌŋ.han],[kʰɯ.go.mʌŋ.tʃʰʌŋ.han]
크고 못생긴,9,[kʰɯ.ko.mot̚.sɛŋ.kin],[kʰɯ.go.mot̚.sɛŋ.gin]
내가 그렇게 쉽게,9,[nɛ.ka.kɯ.ɾʌt̚.ke.swip̚.ke],[nɛ.ga.gɯ.ɾʌt̚.ke.swip̚.ke]
The Lannisters,9,,
갔는지 아무도,9,[kat̚.nɯn.tʃi.a.mu.to],[gat̚.nɯn.tʃi.a.mu.do]
이 자에 대해,9,[i.tʃa.e.tɛ.hɛ],[i.dʒa.e.dɛ.hɛ]
크긴 한데,9,[kʰɯ.kin.han.te],[kʰɯ.gin.han.te]
남았어 널,9,[nam.at̚.ʌ.nʌl],[nam.at̚.ʌ.nʌl]
갈게 젠장,9,[kal.ke.tʃen.tʃaŋ],[gal.ke.dʒen.tʃaŋ]
갖고 있는거야,9,[kat̚.ko.it̚.nɯŋ.kʌ.ja],[gat̚.ko.it̚.nɯŋ.kʌ.ja]
크래시 카트,9,[kʰɯ.ɾɛ.si.kʰa.tʰɯ],[kʰɯ.ɾɛ.si.kʰa.tʰɯ]
크래츠 특별검사 캘러멧,9,[kʰɯ.ɾɛ.tʃʰɯ.tʰɯk̚.pjʌl.kʌm.sa.kʰɛl.ɾʌ.met̚],[kʰɯ.ɾɛ.tʃʰɯ.tʰɯk̚.pjʌl.kʌm.sa.kʰɛl.ɾʌ.met̚]
크랜베리 소스,9,[kʰɯ.ɾɛm.pe.ɾi.so.sɯ],[kʰɯ.ɾɛm.pe.ɾi.so.sɯ]
고기를 좀,9,[ko.ki.ɾɯl.tʃom],[go.gi.ɾɯl.dʒom]
밖으로 나가죠,9,[pak̚.ɯ.ɾo.na.ka.tʃjo],[bak̚.ɯ.ɾo.na.ga.dʒjo]
밖으로 나갔을,9,[pak̚.ɯ.ɾo.na.kat̚.ɯl],[bak̚.ɯ.ɾo.na.gat̚.ɯl]
밖으로 나오라고,9,[pak̚.ɯ.ɾo.na.o.ɾa.ko],[bak̚.ɯ.ɾo.na.o.ɾa.go]
크루즈 씨,9,[kʰɯ.ɾu.tʃɯ.s͈i],[kʰɯ.ɾu.dʒɯ.s͈i]
크루즈 여행에,9,[kʰɯ.ɾu.tʃɯ.jʌ.hɛŋ.e],[kʰɯ.ɾu.dʒɯ.jʌ.hɛŋ.e]
off our,9,,
공급받을 수,9,[koŋ.kɯp̚.pat̚.ɯl.su],[goŋ.gɯp̚.pat̚.ɯl.su]
크리스 크로스,9,[kʰɯ.ɾi.sɯ.kʰɯ.ɾo.sɯ],[kʰɯ.ɾi.sɯ.kʰɯ.ɾo.sɯ]
분에 다시,9,[pun.e.ta.si],[bun.e.da.si]
분에 대해,9,[pun.e.tɛ.hɛ],[bun.e.dɛ.hɛ]
rather not,9,,
이 장갑을,9,[i.tʃaŋ.kap̚.ɯl],[i.dʒaŋ.gap̚.ɯl]
크리스마스 보내세요,9,[kʰɯ.ɾi.sɯ.ma.sɯ.po.nɛ.se.jo],[kʰɯ.ɾi.sɯ.ma.sɯ.bo.nɛ.se.jo]
증가 할,9,[tʃɯŋ.ka.hal],[dʒɯŋ.ga.hal]
밖으로 데려다,9,[pak̚.ɯ.ɾo.te.ɾjʌ.ta],[bak̚.ɯ.ɾo.de.ɾjʌ.da]
이 잔,9,[i.tʃan],[i.dʒan]
남았어요 이,9,[nam.at̚.ʌ.jo.i],[nam.at̚.ʌ.jo.i]
고대 그리스인들은,9,[ko.tɛ.kɯ.ɾi.sɯ.in.tɯl.ɯn],[go.dɛ.gɯ.ɾi.sɯ.in.tɯl.ɯn]
크리스마스 정신은,9,[kʰɯ.ɾi.sɯ.ma.sɯ.tʃʌŋ.sin.ɯn],[kʰɯ.ɾi.sɯ.ma.sɯ.dʒʌŋ.sin.ɯn]
크리스마스 트리를,9,[kʰɯ.ɾi.sɯ.ma.sɯ.tʰɯ.ɾi.ɾɯl],[kʰɯ.ɾi.sɯ.ma.sɯ.tʰɯ.ɾi.ɾɯl]
크리스마스 파티가,9,[kʰɯ.ɾi.sɯ.ma.sɯ.pʰa.tʰi.ka],[kʰɯ.ɾi.sɯ.ma.sɯ.pʰa.tʰi.ga]
남았으면 좋겠어,9,[nam.at̚.ɯ.mjʌn.tʃot̚.ket̚.ʌ],[nam.at̚.ɯ.mjʌn.dʒot̚.ket̚.ʌ]
남았을 겁니다,9,[nam.at̚.ɯl.kʌp̚.ni.ta],[nam.at̚.ɯl.gʌp̚.ni.da]
합의 조건을,9,[hap̚.ɯi.tʃo.kʌn.ɯl],[hap̚.ɯi.dʒo.gʌn.ɯl]
크리스마스에 뭐,9,[kʰɯ.ɾi.sɯ.ma.sɯ.e.mwʌ],[kʰɯ.ɾi.sɯ.ma.sɯ.e.mwʌ]
훔쳐 갔는데,9,[hun.tʃʰjʌ.kat̚.nɯn.te],[hun.tʃʰjʌ.gat̚.nɯn.te]
보이고 싶으면,9,[po.i.ko.sip̚.ɯ.mjʌn],[bo.i.go.sip̚.ɯ.mjʌn]
크리스토프 크리스토프,9,[kʰɯ.ɾi.sɯ.tʰo.pʰɯ.kʰɯ.ɾi.sɯ.tʰo.pʰɯ],[kʰɯ.ɾi.sɯ.tʰo.pʰɯ.kʰɯ.ɾi.sɯ.tʰo.pʰɯ]
밖을 봐요,9,[pak̚.ɯl.pwa.jo],[bak̚.ɯl.bwa.jo]
크리스티나 올메도,9,[kʰɯ.ɾi.sɯ.tʰi.na.ol.me.to],[kʰɯ.ɾi.sɯ.tʰi.na.ol.me.do]
공기 역학적,9,[koŋ.ki.jʌk̚.hak̚.tʃʌk̚],[goŋ.gi.jʌk̚.hak̚.tʃʌk̚]
합치지 않으면,9,[hap̚.tʃʰi.tʃi.an.ɯ.mjʌn],[hap̚.tʃʰi.dʒi.an.ɯ.mjʌn]
크림 소다,9,[kʰɯ.ɾim.so.ta],[kʰɯ.ɾim.so.da]
크림이랑 설탕,9,[kʰɯ.ɾim.i.ɾaŋ.sʌl.tʰaŋ],[kʰɯ.ɾim.i.ɾaŋ.sʌl.tʰaŋ]
고대 사람들이,9,[ko.tɛ.sa.ɾan.tɯl.i],[go.dɛ.sa.ɾan.tɯl.i]
Mrs Pitt,9,,
밖의 일입니다,9,[pak̚.ɯi.il.ip̚.ni.ta],[bak̚.ɯi.il.ip̚.ni.da]
고대 세계에,9,[ko.tɛ.se.kje.e],[go.dɛ.se.gje.e]
큰 거래,9,[kʰɯŋ.kʌ.ɾɛ],[kʰɯn.gʌ.ɾɛ]
큰 거시기,9,[kʰɯŋ.kʌ.si.ki],[kʰɯn.gʌ.si.gi]
큰 거지,9,[kʰɯŋ.kʌ.tʃi],[kʰɯn.gʌ.dʒi]
부분이 있어서요,9,[pu.pun.i.it̚.ʌ.sʌ.jo],[bu.bun.i.it̚.ʌ.sʌ.jo]
반 고흐를,9,[paŋ.ko.hɯ.ɾɯl],[ban.go.hɯ.ɾɯl]
I can''t hide no,9,,
고대 신화,9,[ko.tɛ.sin.hwa],[go.dɛ.sin.hwa]
큰 것의,9,[kʰɯŋ.kʌt̚.ɯi],[kʰɯn.gʌt̚.ɯi]
반 도핑,9,[pan.to.pʰiŋ],[ban.do.pʰiŋ]
혼자 둬도,9,[hon.tʃa.twʌ.to],[hon.tʃa.dwʌ.do]
남은 건 없어,9,[nam.ɯŋ.kʌn.ʌp̚.ʌ],[nam.ɯn.gʌn.ʌp̚.ʌ]
남은 건 이게,9,[nam.ɯŋ.kʌn.i.ke],[nam.ɯn.gʌn.i.ge]
큰 관심이,9,[kʰɯŋ.kwan.sim.i],[kʰɯn.gwan.sim.i]
큰 구멍,9,[kʰɯŋ.ku.mʌŋ],[kʰɯn.gu.mʌŋ]
남은 것 같아요,9,[nam.ɯŋ.kʌt̚.kat̚.a.jo],[nam.ɯn.gʌt̚.gat̚.a.jo]
보이긴 하죠,9,[po.i.kin.ha.tʃjo],[bo.i.gin.ha.dʒjo]
큰 그림을 봐야지,9,[kʰɯŋ.kɯ.ɾim.ɯl.pwa.ja.tʃi],[kʰɯn.gɯ.ɾim.ɯl.bwa.ja.dʒi]
큰 기대,9,[kʰɯŋ.ki.tɛ],[kʰɯn.gi.dɛ]
큰 기대는 안,9,[kʰɯŋ.ki.tɛ.nɯn.an],[kʰɯn.gi.dɛ.nɯn.an]
훔치려 했어,9,[hun.tʃʰi.ɾjʌ.hɛt̚.ʌ],[hun.tʃʰi.ɾjʌ.hɛt̚.ʌ]
큰 남자야,9,[kʰɯn.nan.tʃa.ja],[kʰɯn.nan.tʃa.ja]
항법 장치,9,[ham.pʌp̚.tʃaŋ.tʃʰi],[haŋ.bʌp̚.dʒaŋ.tʃʰi]
이 전쟁을 끝낼,9,[i.tʃʌn.tʃɛŋ.ɯl.k͈ɯt̚.nɛl],[i.dʒʌn.tʃɛŋ.ɯl.k͈ɯt̚.nɛl]
반가운 말이네요,9,[paŋ.ka.un.mal.i.ne.jo],[baŋ.ka.un.mal.i.ne.jo]
그의 주요,9,[kɯ.ɯi.tʃu.jo],[gɯ.ɯi.dʒu.jo]
분위기가 아주,9,[pun.wi.ki.ka.a.tʃu],[bun.wi.gi.ga.a.dʒu]
큰 도움이 됐죠,9,[kʰɯn.to.um.i.twɛt̚.tʃjo],[kʰɯn.do.um.i.dwɛt̚.tʃjo]
때리면 안 되지,9,[t͈ɛ.ɾi.mjʌn.an.twe.tʃi],[t͈ɛ.ɾi.mjʌn.an.dwe.dʒi]
ON DOOR,9,,
큰 마약,9,[kʰɯn.ma.jak̚],[kʰɯn.ma.jak̚]
반가워 내,9,[paŋ.ka.wʌ.nɛ],[baŋ.ka.wʌ.nɛ]
반가워 너,9,[paŋ.ka.wʌ.nʌ],[baŋ.ka.wʌ.nʌ]
걸 못 본,9,[kʌl.mot̚.pon],[gʌl.mot̚.bon]
반가워 이,9,[paŋ.ka.wʌ.i],[baŋ.ka.wʌ.i]
다 안 끝났어,9,[ta.aŋ.k͈ɯt̚.nat̚.ʌ],[da.aŋ.k͈ɯt̚.nat̚.ʌ]
항상 그곳에,9,[haŋ.saŋ.kɯ.kot̚.e],[haŋ.saŋ.gɯ.got̚.e]
큰 부탁,9,[kʰɯm.pu.tʰak̚],[kʰɯn.bu.tʰak̚]
큰 빚을 지게,9,[kʰɯm.pit̚.ɯl.tʃi.ke],[kʰɯn.bit̚.ɯl.dʒi.ge]
큰 사건이 될,9,[kʰɯn.sa.kʌn.i.twel],[kʰɯn.sa.gʌn.i.dwel]
큰 사건이에요,9,[kʰɯn.sa.kʌn.i.e.jo],[kʰɯn.sa.gʌn.i.e.jo]
큰 상대를,9,[kʰɯn.saŋ.tɛ.ɾɯl],[kʰɯn.saŋ.dɛ.ɾɯl]
큰 상대를 오른손으로 날립니다,9,[kʰɯn.saŋ.tɛ.ɾɯl.o.ɾɯn.son.ɯ.ɾo.nal.ɾip̚.ni.ta],[kʰɯn.saŋ.dɛ.ɾɯl.o.ɾɯn.son.ɯ.ɾo.nal.ɾip̚.ni.da]
큰 상자에,9,[kʰɯn.saŋ.tʃa.e],[kʰɯn.saŋ.dʒa.e]
큰 소리로 말할,9,[kʰɯn.so.ɾi.ɾo.mal.hal],[kʰɯn.so.ɾi.ɾo.mal.hal]
큰 손이,9,[kʰɯn.son.i],[kʰɯn.son.i]
보이는 走るほど見えてくる 달릴수록 점점,9,[po.i.nɯn.tal.ɾil.su.ɾok̚.tʃʌn.tʃʌm],[bo.i.nɯn.dal.ɾil.su.ɾok̚.dʒʌn.tʃʌm]
내가 기대했던 것보다,9,[nɛ.ka.ki.tɛ.hɛt̚.tʌŋ.kʌt̚.po.ta],[nɛ.ga.gi.dɛ.hɛt̚.tʌn.gʌt̚.po.da]
보이는 거 다,9,[po.i.nɯŋ.kʌ.ta],[bo.i.nɯn.gʌ.da]
반갑다 나도,9,[paŋ.kap̚.ta.na.to],[baŋ.kap̚.ta.na.do]
남은 일생,9,[nam.ɯn.il.sɛŋ],[nam.ɯn.il.sɛŋ]
훔친 물건은,9,[hun.tʃʰin.mul.kʌn.ɯn],[hun.tʃʰin.mul.kʌn.ɯn]
큰 실수였죠,9,[kʰɯn.sil.su.jʌt̚.tʃjo],[kʰɯn.sil.su.jʌt̚.tʃjo]
큰 실수예요,9,[kʰɯn.sil.su.je.jo],[kʰɯn.sil.su.je.jo]
이 정도면 충분하지,9,[i.tʃʌŋ.to.mjʌn.tʃʰum.pun.ha.tʃi],[i.dʒʌŋ.do.mjʌn.tʃʰuŋ.bun.ha.dʒi]
큰 아들이,9,[kʰɯn.a.tɯl.i],[kʰɯn.a.dɯl.i]
갈게요 미안해요,9,[kal.ke.jo.mi.an.hɛ.jo],[gal.ke.jo.mi.an.hɛ.jo]
고대의 외계인들이,9,[ko.tɛ.ɯi.we.kje.in.tɯl.i],[go.dɛ.ɯi.we.gje.in.tɯl.i]
큰 약점은,9,[kʰɯn.jak̚.tʃʌm.ɯn],[kʰɯn.jak̚.tʃʌm.ɯn]
갈게요 빨리,9,[kal.ke.jo.p͈al.ɾi],[gal.ke.jo.p͈al.ɾi]
큰 엉덩이,9,[kʰɯn.ʌŋ.tʌŋ.i],[kʰɯn.ʌŋ.dʌŋ.i]
큰 여자가,9,[kʰɯn.jʌ.tʃa.ka],[kʰɯn.jʌ.dʒa.ga]
고대의 외계인들이 정말로 도움이,9,[ko.tɛ.ɯi.we.kje.in.tɯl.i.tʃʌŋ.mal.ɾo.to.um.i],[go.dɛ.ɯi.we.gje.in.tɯl.i.dʒʌŋ.mal.ɾo.do.um.i]
큰 여자를,9,[kʰɯn.jʌ.tʃa.ɾɯl],[kʰɯn.jʌ.dʒa.ɾɯl]
큰 영감을,9,[kʰɯn.jʌŋ.kam.ɯl],[kʰɯn.jʌŋ.gam.ɯl]
남은 지금,9,[nam.ɯn.tʃi.kɯm],[nam.ɯn.dʒi.gɯm]
반갑습니다 정말,9,[paŋ.kap̚.sɯp̚.ni.ta.tʃʌŋ.mal],[baŋ.kap̚.sɯp̚.ni.da.dʒʌŋ.mal]
반갑지 않은가,9,[paŋ.kap̚.tʃi.an.ɯŋ.ka],[baŋ.kap̚.tʃi.an.ɯŋ.ka]
반격할 때야,9,[paŋ.kjʌk̚.hal.t͈ɛ.ja],[baŋ.kjʌk̚.hal.t͈ɛ.ja]
큰 위험을 감수하고,9,[kʰɯn.wi.hʌm.ɯl.kam.su.ha.ko],[kʰɯn.wi.hʌm.ɯl.gam.su.ha.go]
큰 위협,9,[kʰɯn.wi.hjʌp̚],[kʰɯn.wi.hjʌp̚]
남은 평생을 감옥에서,9,[nam.ɯm.pʰjʌŋ.sɛŋ.ɯl.kam.ok̚.e.sʌ],[nam.ɯm.pʰjʌŋ.sɛŋ.ɯl.gam.ok̚.e.sʌ]
큰 의미야,9,[kʰɯn.ɯi.mi.ja],[kʰɯn.ɯi.mi.ja]
그의 진술을,9,[kɯ.ɯi.tʃin.sul.ɯl],[gɯ.ɯi.dʒin.sul.ɯl]
반나절 동안,9,[pan.na.tʃʌl.toŋ.an],[ban.na.dʒʌl.doŋ.an]
항상 널 사랑했어,9,[haŋ.saŋ.nʌl.sa.ɾaŋ.hɛt̚.ʌ],[haŋ.saŋ.nʌl.sa.ɾaŋ.hɛt̚.ʌ]
내가 기억하고,9,[nɛ.ka.ki.ʌk̚.ha.ko],[nɛ.ga.gi.ʌk̚.ha.go]
큰 일이라고,9,[kʰɯn.il.i.ɾa.ko],[kʰɯn.il.i.ɾa.go]
갈게요 아니야,9,[kal.ke.jo.a.ni.ja],[gal.ke.jo.a.ni.ja]
큰 일입니다,9,[kʰɯn.il.ip̚.ni.ta],[kʰɯn.il.ip̚.ni.da]
반대 시위,9,[pan.tɛ.si.wi],[ban.tɛ.si.wi]
반대 의견이,9,[pan.tɛ.ɯi.kjʌn.i],[ban.tɛ.ɯi.gjʌn.i]
남을 괴롭히는,9,[nam.ɯl.kwe.ɾop̚.hi.nɯn],[nam.ɯl.gwe.ɾop̚.hi.nɯn]
항상 누군가,9,[haŋ.saŋ.nu.kuŋ.ka],[haŋ.saŋ.nu.guŋ.ka]
내가 기억하는 것보다 더,9,[nɛ.ka.ki.ʌk̚.ha.nɯŋ.kʌt̚.po.ta.tʌ],[nɛ.ga.gi.ʌk̚.ha.nɯn.gʌt̚.po.da.dʌ]
반대로 생각해,9,[pan.tɛ.ɾo.sɛŋ.kak̚.hɛ],[ban.tɛ.ɾo.sɛŋ.gak̚.hɛ]
큰 차를,9,[kʰɯn.tʃʰa.ɾɯl],[kʰɯn.tʃʰa.ɾɯl]
갈게요 아빠,9,[kal.ke.jo.a.p͈a],[gal.ke.jo.a.p͈a]
고도 경고,9,[ko.to.kjʌŋ.ko],[go.do.gjʌŋ.go]
항상 둘,9,[haŋ.saŋ.tul],[haŋ.saŋ.dul]
반대편에서 보자,9,[pan.tɛ.pʰjʌn.e.sʌ.po.tʃa],[ban.tɛ.pʰjʌn.e.sʌ.bo.dʒa]
훨씬 가치,9,[hwʌl.s͈iŋ.ka.tʃʰi],[hwʌl.s͈in.ga.tʃʰi]
큰 행사를,9,[kʰɯn.hɛŋ.sa.ɾɯl],[kʰɯn.hɛŋ.sa.ɾɯl]
반대하는 사람들은,9,[pan.tɛ.ha.nɯn.sa.ɾan.tɯl.ɯn],[ban.tɛ.ha.nɯn.sa.ɾan.tɯl.ɯn]
남을 잘,9,[nam.ɯl.tʃal],[nam.ɯl.dʒal]
항상 말했잖아,9,[haŋ.saŋ.mal.hɛt̚.tʃan.a],[haŋ.saŋ.mal.hɛt̚.tʃan.a]
남을 테니,9,[nam.ɯl.tʰe.ni],[nam.ɯl.tʰe.ni]
큰돈이 될,9,[kʰɯn.ton.i.twel],[kʰɯn.ton.i.dwel]
고도로 암호화된,9,[ko.to.ɾo.am.ho.hwa.twen],[go.do.ɾo.am.ho.hwa.dwen]
항상 문제야,9,[haŋ.saŋ.mun.tʃe.ja],[haŋ.saŋ.mun.tʃe.ja]
반드시 구해,9,[pan.tɯ.si.ku.hɛ],[ban.tɯ.si.gu.hɛ]
반드시 그래야,9,[pan.tɯ.si.kɯ.ɾɛ.ja],[ban.tɯ.si.gɯ.ɾɛ.ja]
반드시 그래야만,9,[pan.tɯ.si.kɯ.ɾɛ.ja.man],[ban.tɯ.si.gɯ.ɾɛ.ja.man]
큰일 날 뻔했잖아,9,[kʰɯn.il.lal.p͈ʌn.hɛt̚.tʃan.a],[kʰɯn.il.lal.p͈ʌn.hɛt̚.tʃan.a]
남의 돈으로,9,[nam.ɯi.ton.ɯ.ɾo],[nam.ɯi.don.ɯ.ɾo]
큰일 났어 무슨 일이야,9,[kʰɯn.il.lat̚.ʌ.mu.sɯn.il.i.ja],[kʰɯn.il.lat̚.ʌ.mu.sɯn.il.i.ja]
반드시 내가,9,[pan.tɯ.si.nɛ.ka],[ban.tɯ.si.nɛ.ga]
남의 말을 잘,9,[nam.ɯi.mal.ɯl.tʃal],[nam.ɯi.mal.ɯl.dʒal]
훨씬 더 가치,9,[hwʌl.s͈in.tʌ.ka.tʃʰi],[hwʌl.s͈in.dʌ.ga.tʃʰi]
남의 방에,9,[nam.ɯi.paŋ.e],[nam.ɯi.baŋ.e]
결혼이 잘,9,[kjʌl.hon.i.tʃal],[gjʌl.hon.i.dʒal]
때마다 아빠가,9,[t͈ɛ.ma.ta.a.p͈a.ka],[t͈ɛ.ma.da.a.p͈a.ga]
분을 모셨습니다,9,[pun.ɯl.mo.sjʌt̚.sɯp̚.ni.ta],[bun.ɯl.mo.sjʌt̚.sɯp̚.ni.da]
보이는데 무슨,9,[po.i.nɯn.te.mu.sɯn],[bo.i.nɯn.te.mu.sɯn]
때마다 우리,9,[t͈ɛ.ma.ta.u.ɾi],[t͈ɛ.ma.da.u.ɾi]
그게 중요한 게 아니고,9,[kɯ.ke.tʃuŋ.jo.haŋ.ke.a.ni.ko],[gɯ.ge.dʒuŋ.jo.han.ge.a.ni.go]
클라크 재단,9,[kʰɯl.ɾa.kʰɯ.tʃɛ.tan],[kʰɯl.ɾa.kʰɯ.dʒɛ.dan]
항상 약속을,9,[haŋ.saŋ.jak̚.sok̚.ɯl],[haŋ.saŋ.jak̚.sok̚.ɯl]
이 주정뱅이야,9,[i.tʃu.tʃʌm.pɛŋ.i.ja],[i.dʒu.dʒʌŋ.bɛŋ.i.ja]
항상 엄마를,9,[haŋ.saŋ.ʌm.ma.ɾɯl],[haŋ.saŋ.ʌm.ma.ɾɯl]
고동만 선수가,9,[ko.toŋ.man.sʌn.su.ka],[go.doŋ.man.sʌn.su.ga]
클럽 가서,9,[kʰɯl.ɾʌp̚.ka.sʌ],[kʰɯl.ɾʌp̚.ga.sʌ]
클럽 밖에서,9,[kʰɯl.ɾʌp̚.pak̚.e.sʌ],[kʰɯl.ɾʌp̚.bak̚.e.sʌ]
클럽 사장,9,[kʰɯl.ɾʌp̚.sa.tʃaŋ],[kʰɯl.ɾʌp̚.sa.dʒaŋ]
남의 일이라고,9,[nam.ɯi.il.i.ɾa.ko],[nam.ɯi.il.i.ɾa.go]
항상 완벽한,9,[haŋ.saŋ.wam.pjʌk̚.han],[haŋ.saŋ.wam.pjʌk̚.han]
걸 물었네요,9,[kʌl.mul.ʌt̚.ne.jo],[gʌl.mul.ʌt̚.ne.jo]
클럽에 대해,9,[kʰɯl.ɾʌp̚.e.tɛ.hɛ],[kʰɯl.ɾʌp̚.e.dɛ.hɛ]
반드시 찾을 거야,9,[pan.tɯ.si.tʃʰat̚.ɯl.kʌ.ja],[ban.tɯ.si.tʃʰat̚.ɯl.gʌ.ja]
남의 죄를,9,[nam.ɯi.tʃwe.ɾɯl],[nam.ɯi.dʒwe.ɾɯl]
반란군 함선이,9,[pal.laŋ.kun.ham.sʌn.i],[bal.laŋ.kun.ham.sʌn.i]
클레리 페어차일드,9,[kʰɯl.ɾe.ɾi.pʰe.ʌ.tʃʰa.il.tɯ],[kʰɯl.ɾe.ɾi.pʰe.ʌ.tʃʰa.il.tɯ]
양로 시설에,9,[jaŋ.ɾo.si.sʌl.e],[jaŋ.ɾo.si.sʌl.e]
are you there,9,,
항상 음악을,9,[haŋ.saŋ.ɯm.ak̚.ɯl],[haŋ.saŋ.ɯm.ak̚.ɯl]
이 중에는,9,[i.tʃuŋ.e.nɯn],[i.dʒuŋ.e.nɯn]
클레어 밀러,9,[kʰɯl.ɾe.ʌ.mil.ɾʌ],[kʰɯl.ɾe.ʌ.mil.ɾʌ]
그의 추종자들은,9,[kɯ.ɯi.tʃʰu.tʃoŋ.tʃa.tɯl.ɯn],[gɯ.ɯi.tʃʰu.dʒoŋ.dʒa.dɯl.ɯn]
항상 이긴다,9,[haŋ.saŋ.i.kin.ta],[haŋ.saŋ.i.gin.ta]
항상 여자를,9,[haŋ.saŋ.jʌ.tʃa.ɾɯl],[haŋ.saŋ.jʌ.dʒa.ɾɯl]
이 증인은,9,[i.tʃɯŋ.in.ɯn],[i.dʒɯŋ.in.ɯn]
훨씬 많을,9,[hwʌl.s͈in.man.ɯl],[hwʌl.s͈in.man.ɯl]
클로즈드 에어 서포트,9,[kʰɯl.ɾo.tʃɯ.tɯ.e.ʌ.sʌ.pʰo.tʰɯ],[kʰɯl.ɾo.dʒɯ.dɯ.e.ʌ.sʌ.pʰo.tʰɯ]
고든을 위해,9,[ko.tɯn.ɯl.wi.hɛ],[go.dɯn.ɯl.wi.hɛ]
클리브랜드 쇼'' 더,9,[kʰɯl.ɾi.pɯ.ɾɛn.tɯ.sjo.tʌ],[kʰɯl.ɾi.bɯ.ɾɛn.tɯ.sjo.dʌ]
보이죠 그,9,[po.i.tʃjo.kɯ],[bo.i.dʒjo.gɯ]
갈게요 잘 가요,9,[kal.ke.jo.tʃal.ka.jo],[gal.ke.jo.dʒal.ga.jo]
항상 준비돼,9,[haŋ.saŋ.tʃum.pi.twɛ],[haŋ.saŋ.dʒum.pi.dwɛ]
항상 즐거워,9,[haŋ.saŋ.tʃɯl.kʌ.wʌ],[haŋ.saŋ.dʒɯl.kʌ.wʌ]
반사 신경이,9,[pan.sa.siŋ.kjʌŋ.i],[ban.sa.siŋ.kjʌŋ.i]
반성하고 있어,9,[pan.sʌŋ.ha.ko.it̚.ʌ],[ban.sʌŋ.ha.go.it̚.ʌ]
키가 클,9,[kʰi.ka.kʰɯl],[kʰi.ga.kʰɯl]
남자 넷이,9,[nan.tʃa.net̚.i],[nan.tʃa.net̚.i]
키로 정도,9,[kʰi.ɾo.tʃʌŋ.to],[kʰi.ɾo.dʒʌŋ.do]
고등학교 때처럼,9,[ko.tɯŋ.hak̚.kjo.t͈ɛ.tʃʰʌ.ɾʌm],[go.dɯŋ.hak̚.kjo.t͈ɛ.tʃʰʌ.ɾʌm]
다 알아 너,9,[ta.al.a.nʌ],[da.al.a.nʌ]
남자 대 남자로 얘기,9,[nan.tʃa.tɛ.nan.tʃa.ɾo.jɛ.ki],[nan.tʃa.dɛ.nan.tʃa.ɾo.jɛ.gi]
old friend,9,,
반응은 어때,9,[pan.ɯŋ.ɯn.ʌ.t͈ɛ],[ban.ɯŋ.ɯn.ʌ.t͈ɛ]
항에 의거,9,[haŋ.e.ɯi.kʌ],[haŋ.e.ɯi.gʌ]
반응을 보면,9,[pan.ɯŋ.ɯl.po.mjʌn],[ban.ɯŋ.ɯl.bo.mjʌn]
반응을 보이고,9,[pan.ɯŋ.ɯl.po.i.ko],[ban.ɯŋ.ɯl.bo.i.go]
키스하고 싶었어,9,[kʰi.sɯ.ha.ko.sip̚.ʌt̚.ʌ],[kʰi.sɯ.ha.go.sip̚.ʌt̚.ʌ]
반응을 일으켜,9,[pan.ɯŋ.ɯl.il.ɯ.kʰjʌ],[ban.ɯŋ.ɯl.il.ɯ.kʰjʌ]
이 질병은,9,[i.tʃil.pjʌŋ.ɯn],[i.dʒil.pjʌŋ.ɯn]
I-I know,9,,
고등학교 졸업식,9,[ko.tɯŋ.hak̚.kjo.tʃol.ʌp̚.sik̚],[go.dɯŋ.hak̚.kjo.dʒol.ʌp̚.sik̚]
그의 파트너를,9,[kɯ.ɯi.pʰa.tʰɯ.nʌ.ɾɯl],[gɯ.ɯi.pʰa.tʰɯ.nʌ.ɾɯl]
반응이 왜 그래,9,[pan.ɯŋ.i.wɛ.kɯ.ɾɛ],[ban.ɯŋ.i.wɛ.gɯ.ɾɛ]
반응하는 거,9,[pan.ɯŋ.ha.nɯŋ.kʌ],[ban.ɯŋ.ha.nɯn.gʌ]
반응하지 마,9,[pan.ɯŋ.ha.tʃi.ma],[ban.ɯŋ.ha.dʒi.ma]
이 집만,9,[i.tʃip̚.man],[i.dʒip̚.man]
고등학교 친구,9,[ko.tɯŋ.hak̚.kjo.tʃʰiŋ.ku],[go.dɯŋ.hak̚.kjo.tʃʰiŋ.ku]
키운 적,9,[kʰi.un.tʃʌk̚],[kʰi.un.dʒʌk̚]
갈게요 한,9,[kal.ke.jo.han],[gal.ke.jo.han]
be the best,9,,
반응할 거야,9,[pan.ɯŋ.hal.kʌ.ja],[ban.ɯŋ.hal.gʌ.ja]
반응해야 할지,9,[pan.ɯŋ.hɛ.ja.hal.tʃi],[ban.ɯŋ.hɛ.ja.hal.tʃi]
공립 도서관,9,[koŋ.ɾip̚.to.sʌ.kwan],[goŋ.ɾip̚.do.sʌ.gwan]
해 걘,9,[hɛ.kjɛn],[hɛ.gjɛn]
반지 갖고,9,[pan.tʃi.kat̚.ko],[ban.tʃi.gat̚.ko]
내가 이 여자를,9,[nɛ.ka.i.jʌ.tʃa.ɾɯl],[nɛ.ga.i.jʌ.dʒa.ɾɯl]
해 경찰을,9,[hɛ.kjʌŋ.tʃʰal.ɯl],[hɛ.gjʌŋ.tʃʰal.ɯl]
킨 요원에,9,[kʰin.jo.wʌn.e],[kʰin.jo.wʌn.e]
허락하는 한,9,[hʌ.ɾak̚.ha.nɯn.han],[hʌ.ɾak̚.ha.nɯn.han]
이 집은 내,9,[i.tʃip̚.ɯn.nɛ],[i.dʒip̚.ɯn.nɛ]
고등학생 때는,9,[ko.tɯŋ.hak̚.sɛŋ.t͈ɛ.nɯn],[go.dɯŋ.hak̚.sɛŋ.t͈ɛ.nɯn]
are 난,9,[nan],[nan]
훼방 놓지,9,[hwe.paŋ.not̚.tʃi],[hwe.baŋ.not̚.tʃi]
보이진 않죠,9,[po.i.tʃin.an.tʃjo],[bo.i.dʒin.an.tʃjo]
보이질 않네,9,[po.i.tʃil.an.ne],[bo.i.dʒil.an.ne]
때문에 결혼,9,[t͈ɛ.mun.e.kjʌl.hon],[t͈ɛ.mun.e.gjʌl.hon]
고등학생일 때,9,[ko.tɯŋ.hak̚.sɛŋ.il.t͈ɛ],[go.dɯŋ.hak̚.sɛŋ.il.t͈ɛ]
해 그걸 어떻게,9,[hɛ.kɯ.kʌl.ʌ.t͈ʌt̚.ke],[hɛ.gɯ.gʌl.ʌ.t͈ʌt̚.ke]
이 집을 사고,9,[i.tʃip̚.ɯl.sa.ko],[i.dʒip̚.ɯl.sa.go]
old school,9,,
반짝반짝 작은,9,[pan.tʃ͈ak̚.pan.tʃ͈ak̚.tʃak̚.ɯn],[ban.tʃ͈ak̚.pan.tʃ͈ak̚.dʒak̚.ɯn]
남자 손이,9,[nan.tʃa.son.i],[nan.tʃa.son.i]
휘두르는 소리,9,[hwi.tu.ɾɯ.nɯn.so.ɾi],[hwi.du.ɾɯ.nɯn.so.ɾi]
보인다 그는,9,[po.in.ta.kɯ.nɯn],[bo.in.ta.gɯ.nɯn]
공무 집행 방해죄로,9,[koŋ.mu.tʃip̚.hɛm.paŋ.hɛ.tʃwe.ɾo],[goŋ.mu.dʒip̚.hɛŋ.baŋ.hɛ.dʒwe.ɾo]
킹 가문의,9,[kʰiŋ.ka.mun.ɯi],[kʰiŋ.ga.mun.ɯi]
킹 씨가,9,[kʰiŋ.s͈i.ka],[kʰiŋ.s͈i.ga]
킹 카운티,9,[kʰiŋ.kʰa.un.tʰi],[kʰiŋ.kʰa.un.tʰi]
이 짓을 얼마나,9,[i.tʃit̚.ɯl.ʌl.ma.na],[i.dʒit̚.ɯl.ʌl.ma.na]
봤는데 자기,9,[pwat̚.nɯn.te.tʃa.ki],[bwat̚.nɯn.te.dʒa.gi]
남자 알지,9,[nan.tʃa.al.tʃi],[nan.tʃa.al.tʃi]
반쯤 죽여,9,[pan.tʃ͈ɯn.tʃuk̚.jʌ],[ban.tʃ͈ɯm.dʒuk̚.jʌ]
타 무슨,9,[tʰa.mu.sɯn],[tʰa.mu.sɯn]
해 그런 거,9,[hɛ.kɯ.ɾʌŋ.kʌ],[hɛ.gɯ.ɾʌn.gʌ]
old time rock n'',9,,
타 집에,9,[tʰa.tʃip̚.e],[tʰa.dʒip̚.e]
남자 어떻게,9,[nan.tʃa.ʌ.t͈ʌt̚.ke],[nan.tʃa.ʌ.t͈ʌt̚.ke]
아니지만 그럼,9,[a.ni.tʃi.maŋ.kɯ.ɾʌm],[a.ni.dʒi.man.gɯ.ɾʌm]
내가 나타나지,9,[nɛ.ka.na.tʰa.na.tʃi],[nɛ.ga.na.tʰa.na.dʒi]
타격을 입었습니다,9,[tʰa.kjʌk̚.ɯl.ip̚.ʌt̚.sɯp̚.ni.ta],[tʰa.gjʌk̚.ɯl.ip̚.ʌt̚.sɯp̚.ni.da]
갈까 말까,9,[kal.k͈a.mal.k͈a],[gal.k͈a.mal.k͈a]
이 차 타고,9,[i.tʃʰa.tʰa.ko],[i.tʃʰa.tʰa.go]
받게 됐죠,9,[pat̚.ke.twɛt̚.tʃjo],[bat̚.ke.dwɛt̚.tʃjo]
받게 됐지,9,[pat̚.ke.twɛt̚.tʃi],[bat̚.ke.dwɛt̚.tʃi]
내가 날 수,9,[nɛ.ka.nal.su],[nɛ.ga.nal.su]
고려하지 않는다,9,[ko.ɾjʌ.ha.tʃi.an.nɯn.ta],[go.ɾjʌ.ha.dʒi.an.nɯn.ta]
해 그리고 지금,9,[hɛ.kɯ.ɾi.ko.tʃi.kɯm],[hɛ.gɯ.ɾi.go.dʒi.gɯm]
타고 그,9,[tʰa.ko.kɯ],[tʰa.go.gɯ]
받게 될 수도,9,[pat̚.ke.twel.su.to],[bat̚.ke.dwel.su.do]
때문에 그것이,9,[t͈ɛ.mun.e.kɯ.kʌt̚.i],[t͈ɛ.mun.e.gɯ.gʌt̚.i]
타고 남쪽으로,9,[tʰa.ko.nan.tʃ͈ok̚.ɯ.ɾo],[tʰa.go.nan.tʃ͈ok̚.ɯ.ɾo]
고려하지 않은,9,[ko.ɾjʌ.ha.tʃi.an.ɯn],[go.ɾjʌ.ha.dʒi.an.ɯn]
고려하지 않을,9,[ko.ɾjʌ.ha.tʃi.an.ɯl],[go.ɾjʌ.ha.dʒi.an.ɯl]
받게 될지도,9,[pat̚.ke.twel.tʃi.to],[bat̚.ke.dwel.tʃi.do]
받게 하려는,9,[pat̚.ke.ha.ɾjʌ.nɯn],[bat̚.ke.ha.ɾjʌ.nɯn]
타고 다니며,9,[tʰa.ko.ta.ni.mjʌ],[tʰa.go.da.ni.mjʌ]
해 기회가,9,[hɛ.ki.hwe.ka],[hɛ.gi.hwe.ga]
해 꼼짝,9,[hɛ.k͈on.tʃ͈ak̚],[hɛ.k͈on.tʃ͈ak̚]
타고 마드리드로,9,[tʰa.ko.ma.tɯ.ɾi.tɯ.ɾo],[tʰa.go.ma.dɯ.ɾi.dɯ.ɾo]
고려할 게,9,[ko.ɾjʌ.hal.ke],[go.ɾjʌ.hal.ge]
받게 해주지,9,[pat̚.ke.hɛ.tʃu.tʃi],[bat̚.ke.hɛ.dʒu.dʒi]
Cellphone beeps,9,,
남자 저,9,[nan.tʃa.tʃʌ],[nan.tʃa.dʒʌ]
타고 오면서,9,[tʰa.ko.o.mjʌn.sʌ],[tʰa.go.o.mjʌn.sʌ]
받고 깜짝,9,[pat̚.ko.k͈an.tʃ͈ak̚],[bat̚.ko.k͈an.tʃ͈ak̚]
타고 올라가는,9,[tʰa.ko.ol.ɾa.ka.nɯn],[tʰa.go.ol.ɾa.ga.nɯn]
내가 남을,9,[nɛ.ka.nam.ɯl],[nɛ.ga.nam.ɯl]
받고 나,9,[pat̚.ko.na],[bat̚.ko.na]
타고 우리,9,[tʰa.ko.u.ɾi],[tʰa.go.u.ɾi]
고려해 보세요,9,[ko.ɾjʌ.hɛ.po.se.jo],[go.ɾjʌ.hɛ.bo.se.jo]
남자 중의,9,[nan.tʃa.tʃuŋ.ɯi],[nan.tʃa.dʒuŋ.ɯi]
고려해 보죠,9,[ko.ɾjʌ.hɛ.po.tʃjo],[go.ɾjʌ.hɛ.bo.dʒjo]
타고 있었잖아,9,[tʰa.ko.it̚.ʌt̚.tʃan.a],[tʰa.go.it̚.ʌt̚.tʃan.a]
타고 있을 때,9,[tʰa.ko.it̚.ɯl.t͈ɛ],[tʰa.go.it̚.ɯl.t͈ɛ]
받고 싶네요,9,[pat̚.ko.sip̚.ne.jo],[bat̚.ko.sip̚.ne.jo]
남자 취향이,9,[nan.tʃa.tʃʰwi.hjaŋ.i],[nan.tʃa.tʃʰwi.hjaŋ.i]
남자 친구 때문에,9,[nan.tʃa.tʃʰiŋ.ku.t͈ɛ.mun.e],[nan.tʃa.tʃʰiŋ.ku.t͈ɛ.mun.e]
받고 싶었는데,9,[pat̚.ko.sip̚.ʌt̚.nɯn.te],[bat̚.ko.sip̚.ʌt̚.nɯn.te]
갈등 없이,9,[kal.tɯŋ.ʌp̚.i],[gal.tɯŋ.ʌp̚.i]
광고 계약,9,[kwaŋ.ko.kje.jak̚],[gwaŋ.go.gje.jak̚]
내가 낫게,9,[nɛ.ka.nat̚.ke],[nɛ.ga.nat̚.ke]
고려해 볼게요,9,[ko.ɾjʌ.hɛ.pol.ke.jo],[go.ɾjʌ.hɛ.bol.ke.jo]
타네이치 선배에게,9,[tʰa.ne.i.tʃʰi.sʌm.pɛ.e.ke],[tʰa.ne.i.tʃʰi.sʌm.pɛ.e.ge]
광고 듣고,9,[kwaŋ.ko.tɯt̚.ko],[gwaŋ.go.dɯt̚.ko]
타는 거 봤어,9,[tʰa.nɯŋ.kʌ.pwat̚.ʌ],[tʰa.nɯn.gʌ.bwat̚.ʌ]
해 남자,9,[hɛ.nan.tʃa],[hɛ.nan.tʃa]
고려해 봤을,9,[ko.ɾjʌ.hɛ.pwat̚.ɯl],[go.ɾjʌ.hɛ.bwat̚.ɯl]
이 천재,9,[i.tʃʰʌn.tʃɛ],[i.tʃʰʌn.tʃɛ]
받고 있거든,9,[pat̚.ko.it̚.kʌ.tɯn],[bat̚.ko.it̚.kʌ.dɯn]
받고 있거든요,9,[pat̚.ko.it̚.kʌ.tɯn.jo],[bat̚.ko.it̚.kʌ.dɯn.jo]
때문에 그러는지,9,[t͈ɛ.mun.e.kɯ.ɾʌ.nɯn.tʃi],[t͈ɛ.mun.e.gɯ.ɾʌ.nɯn.tʃi]
받고 있네,9,[pat̚.ko.it̚.ne],[bat̚.ko.it̚.ne]
받고 있는데요,9,[pat̚.ko.it̚.nɯn.te.jo],[bat̚.ko.it̚.nɯn.te.jo]
해 내가 안,9,[hɛ.nɛ.ka.an],[hɛ.nɛ.ga.an]
보일지도 몰라,9,[po.il.tʃi.to.mol.ɾa],[bo.il.tʃi.do.mol.ɾa]
해 나 좀,9,[hɛ.na.tʃom],[hɛ.na.dʒom]
해 너 지금,9,[hɛ.nʌ.tʃi.kɯm],[hɛ.nʌ.dʒi.gɯm]
내가 내고,9,[nɛ.ka.nɛ.ko],[nɛ.ga.nɛ.go]
I can''t lie no,9,,
타디스에 발을 들이지 못,9,[tʰa.ti.sɯ.e.pal.ɯl.tɯl.i.tʃi.mot̚],[tʰa.di.sɯ.e.bal.ɯl.dɯl.i.dʒi.mot̚]
타디스에 발을 들이지,9,[tʰa.ti.sɯ.e.pal.ɯl.tɯl.i.tʃi],[tʰa.di.sɯ.e.bal.ɯl.dɯl.i.dʒi]
광고 모델로,9,[kwaŋ.ko.mo.tel.ɾo],[gwaŋ.go.mo.del.ɾo]
타라 이,9,[tʰa.ɾa.i],[tʰa.ɾa.i]
타러 가야 해,9,[tʰa.ɾʌ.ka.ja.hɛ],[tʰa.ɾʌ.ga.ja.hɛ]
이 축제를,9,[i.tʃʰuk̚.tʃe.ɾɯl],[i.tʃʰuk̚.tʃe.ɾɯl]
남자 친구잖아,9,[nan.tʃa.tʃʰiŋ.ku.tʃan.a],[nan.tʃa.tʃʰiŋ.ku.dʒan.a]
걸 바라지 않았어요,9,[kʌl.pa.ɾa.tʃi.an.at̚.ʌ.jo],[gʌl.ba.ɾa.dʒi.an.at̚.ʌ.jo]
때문에 그런 줄,9,[t͈ɛ.mun.e.kɯ.ɾʌn.tʃul],[t͈ɛ.mun.e.gɯ.ɾʌn.dʒul]
그의 획기적인,9,[kɯ.ɯi.hwek̚.ki.tʃʌk̚.in],[gɯ.ɯi.hwek̚.ki.dʒʌk̚.in]
받기 위해서요,9,[pat̚.ki.wi.hɛ.sʌ.jo],[bat̚.ki.wi.hɛ.sʌ.jo]
받기 전까지,9,[pat̚.ki.tʃʌŋ.k͈a.tʃi],[bat̚.ki.dʒʌŋ.k͈a.dʒi]
받기 전까지는,9,[pat̚.ki.tʃʌŋ.k͈a.tʃi.nɯn],[bat̚.ki.dʒʌŋ.k͈a.dʒi.nɯn]
보자 그럴,9,[po.tʃa.kɯ.ɾʌl],[bo.dʒa.gɯ.ɾʌl]
타버릴 거야,9,[tʰa.pʌ.ɾil.kʌ.ja],[tʰa.bʌ.ɾil.gʌ.ja]
받긴 했어요,9,[pat̚.kin.hɛt̚.ʌ.jo],[bat̚.kin.hɛt̚.ʌ.jo]
남자 형제가,9,[nan.tʃa.hjʌŋ.tʃe.ka],[nan.tʃa.hjʌŋ.dʒe.ga]
받긴 했는데,9,[pat̚.kin.hɛt̚.nɯn.te],[bat̚.kin.hɛt̚.nɯn.te]
해 네가 내,9,[hɛ.ne.ka.nɛ],[hɛ.ne.ga.nɛ]
받나 봐요,9,[pat̚.na.pwa.jo],[bat̚.na.bwa.jo]
해 눈에,9,[hɛ.nun.e],[hɛ.nun.e]
받는 거 알아,9,[pat̚.nɯŋ.kʌ.al.a],[bat̚.nɯn.gʌ.al.a]
받는 거라고,9,[pat̚.nɯŋ.kʌ.ɾa.ko],[bat̚.nɯn.gʌ.ɾa.go]
해 다리,9,[hɛ.ta.ɾi],[hɛ.da.ɾi]
갔다 하면,9,[kat̚.ta.ha.mjʌn],[gat̚.ta.ha.mjʌn]
남자 화장실로,9,[nan.tʃa.hwa.tʃaŋ.sil.ɾo],[nan.tʃa.hwa.dʒaŋ.sil.ɾo]
내가 이겼을,9,[nɛ.ka.i.kjʌt̚.ɯl],[nɛ.ga.i.gjʌt̚.ɯl]
고르면 돼요,9,[ko.ɾɯ.mjʌn.twɛ.jo],[go.ɾɯ.mjʌn.dwɛ.jo]
남자가 계속,9,[nan.tʃa.ka.kje.sok̚],[nan.tʃa.ga.gje.sok̚]
갈라져야 한다'',9,[kal.ɾa.tʃjʌ.ja.han.ta],[gal.ɾa.dʒjʌ.ja.han.ta]
갈라놓을 순 없어,9,[kal.ɾa.not̚.ɯl.sun.ʌp̚.ʌ],[gal.ɾa.not̚.ɯl.sun.ʌp̚.ʌ]
타이거 우즈가,9,[tʰa.i.kʌ.u.tʃɯ.ka],[tʰa.i.gʌ.u.dʒɯ.ga]
내가 너라면 난,9,[nɛ.ka.nʌ.ɾa.mjʌn.nan],[nɛ.ga.nʌ.ɾa.mjʌn.nan]
받는다고 무슨,9,[pat̚.nɯn.ta.ko.mu.sɯn],[bat̚.nɯn.ta.go.mu.sɯn]
받는다고 무슨 일이,9,[pat̚.nɯn.ta.ko.mu.sɯn.il.i],[bat̚.nɯn.ta.go.mu.sɯn.il.i]
타이밍이 아주,9,[tʰa.i.miŋ.i.a.tʃu],[tʰa.i.miŋ.i.a.dʒu]
타이밍이 정말,9,[tʰa.i.miŋ.i.tʃʌŋ.mal],[tʰa.i.miŋ.i.dʒʌŋ.mal]
받는지 알아요,9,[pat̚.nɯn.tʃi.al.a.jo],[bat̚.nɯn.tʃi.al.a.jo]
받든 말든,9,[pat̚.tɯn.mal.tɯn],[bat̚.tɯn.mal.tɯn]
남자가 네가,9,[nan.tʃa.ka.ne.ka],[nan.tʃa.ga.ne.ga]
받아 계속,9,[pat̚.a.kje.sok̚],[bat̚.a.gje.sok̚]
내가 너를 만날,9,[nɛ.ka.nʌ.ɾɯl.man.nal],[nɛ.ga.nʌ.ɾɯl.man.nal]
해 들어봐,9,[hɛ.tɯl.ʌ.pwa],[hɛ.dɯl.ʌ.bwa]
받아 그래,9,[pat̚.a.kɯ.ɾɛ],[bat̚.a.gɯ.ɾɛ]
타임로드의 기술인데,9,[tʰa.im.ɾo.tɯ.ɯi.ki.sul.in.te],[tʰa.im.ɾo.dɯ.ɯi.gi.sul.in.te]
이 케이스,9,[i.kʰe.i.sɯ],[i.kʰe.i.sɯ]
해 마이크,9,[hɛ.ma.i.kʰɯ],[hɛ.ma.i.kʰɯ]
받아 들여,9,[pat̚.a.tɯl.jʌ],[bat̚.a.dɯl.jʌ]
이 케이스에,9,[i.kʰe.i.sɯ.e],[i.kʰe.i.sɯ.e]
받아 들이고,9,[pat̚.a.tɯl.i.ko],[bat̚.a.dɯl.i.go]
받아 들이세요,9,[pat̚.a.tɯl.i.se.jo],[bat̚.a.dɯl.i.se.jo]
받아 들이지,9,[pat̚.a.tɯl.i.tʃi],[bat̚.a.dɯl.i.dʒi]
타지 말았어야,9,[tʰa.tʃi.mal.at̚.ʌ.ja],[tʰa.dʒi.mal.at̚.ʌ.ja]
타키 기억,9,[tʰa.kʰi.ki.ʌk̚],[tʰa.kʰi.gi.ʌk̚]
타키 기억 안,9,[tʰa.kʰi.ki.ʌk̚.an],[tʰa.kʰi.gi.ʌk̚.an]
받아 뭐,9,[pat̚.a.mwʌ],[bat̚.a.mwʌ]
고를 순,9,[ko.ɾɯl.sun],[go.ɾɯl.sun]
남자가 못,9,[nan.tʃa.ka.mot̚],[nan.tʃa.ga.mot̚]
탁자를 쾅,9,[tʰak̚.tʃa.ɾɯl.kʰwaŋ],[tʰak̚.tʃa.ɾɯl.kʰwaŋ]
해 머리에,9,[hɛ.mʌ.ɾi.e],[hɛ.mʌ.ɾi.e]
남자가 뭐라고,9,[nan.tʃa.ka.mwʌ.ɾa.ko],[nan.tʃa.ga.mwʌ.ɾa.go]
남자가 바로,9,[nan.tʃa.ka.pa.ɾo],[nan.tʃa.ga.ba.ɾo]
탄 것도,9,[tʰaŋ.kʌt̚.to],[tʰan.gʌt̚.to]
army of,9,,
내가 이끄는,9,[nɛ.ka.i.k͈ɯ.nɯn],[nɛ.ga.i.k͈ɯ.nɯn]
탄 다음,9,[tʰan.ta.ɯm],[tʰan.da.ɯm]
보자고 안녕하세요,9,[po.tʃa.ko.an.njʌŋ.ha.se.jo],[bo.dʒa.go.an.njʌŋ.ha.se.jo]
해 뭐 좀,9,[hɛ.mwʌ.tʃom],[hɛ.mwʌ.dʒom]
받아 제발,9,[pat̚.a.tʃe.pal],[bat̚.a.dʒe.bal]
이 테이프가,9,[i.tʰe.i.pʰɯ.ka],[i.tʰe.i.pʰɯ.ga]
받아 주셔서,9,[pat̚.a.tʃu.sjʌ.sʌ],[bat̚.a.dʒu.sjʌ.sʌ]
탄소 섬유로,9,[tʰan.so.sʌm.ju.ɾo],[tʰan.so.sʌm.ju.ɾo]
해 방법은,9,[hɛ.pam.pʌp̚.ɯn],[hɛ.baŋ.bʌp̚.ɯn]
남자가 아닙니다,9,[nan.tʃa.ka.a.nip̚.ni.ta],[nan.tʃa.ga.a.nip̚.ni.da]
받아낼 거야,9,[pat̚.a.nɛl.kʌ.ja],[bat̚.a.nɛl.gʌ.ja]
이 티셔츠,9,[i.tʰi.sjʌ.tʃʰɯ],[i.tʰi.sjʌ.tʃʰɯ]
받아도 될,9,[pat̚.a.to.twel],[bat̚.a.do.dwel]
받아도 될까,9,[pat̚.a.to.twel.k͈a],[bat̚.a.do.dwel.k͈a]
탈 수 있지,9,[tʰal.su.it̚.tʃi],[tʰal.su.it̚.tʃi]
탈 없을,9,[tʰal.ʌp̚.ɯl],[tʰal.ʌp̚.ɯl]
문제 삼고,9,[mun.tʃe.sam.ko],[mun.tʃe.sam.ko]
고마운 줄 알아야지,9,[ko.ma.un.tʃul.al.a.ja.tʃi],[go.ma.un.dʒul.al.a.ja.dʒi]
탈수 증세가,9,[tʰal.su.tʃɯŋ.se.ka],[tʰal.su.dʒɯŋ.se.ga]
받아들여야 하는,9,[pat̚.a.tɯl.jʌ.ja.ha.nɯn],[bat̚.a.dɯl.jʌ.ja.ha.nɯn]
탈출 계획은,9,[tʰal.tʃʰul.kje.hwek̚.ɯn],[tʰal.tʃʰul.gje.hwek̚.ɯn]
탈출 완료,9,[tʰal.tʃʰul.wal.ljo],[tʰal.tʃʰul.wal.ljo]
휴식 좀,9,[hju.sik̚.tʃom],[hju.sik̚.dʒom]
around all,9,,
받아들이고 그,9,[pat̚.a.tɯl.i.ko.kɯ],[bat̚.a.dɯl.i.go.gɯ]
탈출하는 게,9,[tʰal.tʃʰul.ha.nɯŋ.ke],[tʰal.tʃʰul.ha.nɯn.ge]
받아들이고 있다,9,[pat̚.a.tɯl.i.ko.it̚.ta],[bat̚.a.dɯl.i.go.it̚.ta]
남자가 우리를,9,[nan.tʃa.ka.u.ɾi.ɾɯl],[nan.tʃa.ga.u.ɾi.ɾɯl]
탈출한 걸,9,[tʰal.tʃʰul.haŋ.kʌl],[tʰal.tʃʰul.han.gʌl]
고마운지 몰라요,9,[ko.ma.un.tʃi.mol.ɾa.jo],[go.ma.un.tʃi.mol.ɾa.jo]
탈출할 거예요,9,[tʰal.tʃʰul.hal.kʌ.je.jo],[tʰal.tʃʰul.hal.gʌ.je.jo]
탈출할 방법은,9,[tʰal.tʃʰul.hal.pam.pʌp̚.ɯn],[tʰal.tʃʰul.hal.baŋ.bʌp̚.ɯn]
받아들이기 힘든 거 알아,9,[pat̚.a.tɯl.i.ki.hin.tɯŋ.kʌ.al.a],[bat̚.a.dɯl.i.gi.hin.tɯn.gʌ.al.a]
탈출할 수 있게,9,[tʰal.tʃʰul.hal.su.it̚.ke],[tʰal.tʃʰul.hal.su.it̚.ke]
받아들이는 거,9,[pat̚.a.tɯl.i.nɯŋ.kʌ],[bat̚.a.dɯl.i.nɯn.gʌ]
해 보자 좋아,9,[hɛ.po.tʃa.tʃot̚.a],[hɛ.bo.dʒa.dʒot̚.a]
갈망하고 있어,9,[kal.maŋ.ha.ko.it̚.ʌ],[gal.maŋ.ha.go.it̚.ʌ]
받아들이는 겁니다,9,[pat̚.a.tɯl.i.nɯŋ.kʌp̚.ni.ta],[bat̚.a.dɯl.i.nɯn.gʌp̚.ni.da]
고마울 수가,9,[ko.ma.ul.su.ka],[go.ma.ul.su.ga]
탐정 놀이,9,[tʰan.tʃʌŋ.nol.i],[tʰan.tʃʌŋ.nol.i]
보장 할,9,[po.tʃaŋ.hal],[bo.dʒaŋ.hal]
해 본 적이 없어서,9,[hɛ.pon.tʃʌk̚.i.ʌp̚.ʌ.sʌ],[hɛ.bon.dʒʌk̚.i.ʌp̚.ʌ.sʌ]
받아들이면 안 돼,9,[pat̚.a.tɯl.i.mjʌn.an.twɛ],[bat̚.a.dɯl.i.mjʌn.an.dwɛ]
탐폰 있어,9,[tʰam.pʰon.it̚.ʌ],[tʰam.pʰon.it̚.ʌ]
탑승 안내,9,[tʰap̚.sɯŋ.an.nɛ],[tʰap̚.sɯŋ.an.nɛ]
고마워 가서,9,[ko.ma.wʌ.ka.sʌ],[go.ma.wʌ.ga.sʌ]
탑승하시기 바랍니다,9,[tʰap̚.sɯŋ.ha.si.ki.pa.ɾap̚.ni.ta],[tʰap̚.sɯŋ.ha.si.gi.ba.ɾap̚.ni.da]
탑승하신 걸,9,[tʰap̚.sɯŋ.ha.siŋ.kʌl],[tʰap̚.sɯŋ.ha.sin.gʌl]
받아들이지 않아요,9,[pat̚.a.tɯl.i.tʃi.an.a.jo],[bat̚.a.dɯl.i.dʒi.an.a.jo]
탓도 있어,9,[tʰat̚.to.it̚.ʌ],[tʰat̚.to.it̚.ʌ]
이 평범한,9,[i.pʰjʌm.pʌm.han],[i.pʰjʌŋ.bʌm.han]
탓을 해요,9,[tʰat̚.ɯl.hɛ.jo],[tʰat̚.ɯl.hɛ.jo]
해 봐 어디,9,[hɛ.pwa.ʌ.ti],[hɛ.bwa.ʌ.di]
갈비 두,9,[kal.pi.tu],[gal.pi.du]
탓하진 않아요,9,[tʰat̚.ha.tʃin.an.a.jo],[tʰat̚.ha.dʒin.an.a.jo]
탓할 수도 있죠,9,[tʰat̚.hal.su.to.it̚.tʃjo],[tʰat̚.hal.su.do.it̚.tʃjo]
흉내를 내,9,[hjuŋ.nɛ.ɾɯl.lɛ],[hjuŋ.nɛ.ɾɯl.lɛ]
아닌 사람들,9,[a.nin.sa.ɾan.tɯl],[a.nin.sa.ɾan.tɯl]
탔다는 걸,9,[tʰat̚.ta.nɯŋ.kʌl],[tʰat̚.ta.nɯn.gʌl]
보전할 수,9,[po.tʃʌn.hal.su],[bo.dʒʌn.hal.su]
해 봐야 알겠지만,9,[hɛ.pwa.ja.al.ket̚.tʃi.man],[hɛ.bwa.ja.al.ket̚.tʃi.man]
탔을 땐,9,[tʰat̚.ɯl.t͈ɛn],[tʰat̚.ɯl.t͈ɛn]
탕 탕 탕,9,[tʰaŋ.tʰaŋ.tʰaŋ],[tʰaŋ.tʰaŋ.tʰaŋ]
내가 이런 말 할,9,[nɛ.ka.i.ɾʌn.mal.hal],[nɛ.ga.i.ɾʌn.mal.hal]
받아서 미안해,9,[pat̚.a.sʌ.mi.an.hɛ],[bat̚.a.sʌ.mi.an.hɛ]
이 피를,9,[i.pʰi.ɾɯl],[i.pʰi.ɾɯl]
고마워 괜찮을,9,[ko.ma.wʌ.kwɛn.tʃʰan.ɯl],[go.ma.wʌ.gwɛn.tʃʰan.ɯl]
이 피라미드,9,[i.pʰi.ɾa.mi.tɯ],[i.pʰi.ɾa.mi.dɯ]
태묵의 아파하는,9,[tʰɛ.muk̚.ɯi.a.pʰa.ha.nɯn],[tʰɛ.muk̚.ɯi.a.pʰa.ha.nɯn]
고마워 그가,9,[ko.ma.wʌ.kɯ.ka],[go.ma.wʌ.gɯ.ga]
때문에 돌겠어,9,[t͈ɛ.mun.e.tol.ket̚.ʌ],[t͈ɛ.mun.e.dol.ket̚.ʌ]
받아야 하거든요,9,[pat̚.a.ja.ha.kʌ.tɯn.jo],[bat̚.a.ja.ha.gʌ.dɯn.jo]
해 봤다,9,[hɛ.pwat̚.ta],[hɛ.bwat̚.ta]
때문에 돌아온,9,[t͈ɛ.mun.e.tol.a.on],[t͈ɛ.mun.e.dol.a.on]
I can''t read,9,,
해 봤으면,9,[hɛ.pwat̚.ɯ.mjʌn],[hɛ.bwat̚.ɯ.mjʌn]
남자는 나를,9,[nan.tʃa.nɯn.na.ɾɯl],[nan.tʃa.nɯn.na.ɾɯl]
받아야 할 것 같아요,9,[pat̚.a.ja.hal.kʌt̚.kat̚.a.jo],[bat̚.a.ja.hal.gʌt̚.gat̚.a.jo]
이 학생,9,[i.hak̚.sɛŋ],[i.hak̚.sɛŋ]
태양도 우릴,9,[tʰɛ.jaŋ.to.u.ɾil],[tʰɛ.jaŋ.do.u.ɾil]
태양도 우릴 막을 수,9,[tʰɛ.jaŋ.to.u.ɾil.mak̚.ɯl.su],[tʰɛ.jaŋ.do.u.ɾil.mak̚.ɯl.su]
남자는 네,9,[nan.tʃa.nɯn.ne],[nan.tʃa.nɯn.ne]
남자는 네가,9,[nan.tʃa.nɯn.ne.ka],[nan.tʃa.nɯn.ne.ga]
보죠 그리고,9,[po.tʃjo.kɯ.ɾi.ko],[bo.dʒjo.gɯ.ɾi.go]
태어나기 전에는,9,[tʰɛ.ʌ.na.ki.tʃʌn.e.nɯn],[tʰɛ.ʌ.na.gi.dʒʌn.e.nɯn]
때문에 마음,9,[t͈ɛ.mun.e.ma.ɯm],[t͈ɛ.mun.e.ma.ɯm]
때문에 마음을,9,[t͈ɛ.mun.e.ma.ɯm.ɯl],[t͈ɛ.mun.e.ma.ɯm.ɯl]
남자는 더,9,[nan.tʃa.nɯn.tʌ],[nan.tʃa.nɯn.dʌ]
태어나서 한,9,[tʰɛ.ʌ.na.sʌ.han],[tʰɛ.ʌ.na.sʌ.han]
태어나지만 望めば生まれるけど,9,[tʰɛ.ʌ.na.tʃi.man],[tʰɛ.ʌ.na.dʒi.man]
태어나지만 望めば生まれるけど 원하면 태어나지만,9,[tʰɛ.ʌ.na.tʃi.man.wʌn.ha.mjʌn.tʰɛ.ʌ.na.tʃi.man],[tʰɛ.ʌ.na.dʒi.man.wʌn.ha.mjʌn.tʰɛ.ʌ.na.dʒi.man]
태어난 거예요,9,[tʰɛ.ʌ.naŋ.kʌ.je.jo],[tʰɛ.ʌ.nan.gʌ.je.jo]
보죠 오늘,9,[po.tʃjo.o.nɯl],[bo.dʒjo.o.nɯl]
태어난 이후로,9,[tʰɛ.ʌ.nan.i.hu.ɾo],[tʰɛ.ʌ.nan.i.hu.ɾo]
남자는 아니야,9,[nan.tʃa.nɯn.a.ni.ja],[nan.tʃa.nɯn.a.ni.ja]
남자는 아무것도,9,[nan.tʃa.nɯn.a.mu.kʌt̚.to],[nan.tʃa.nɯn.a.mu.gʌt̚.to]
태어났을 텐데,9,[tʰɛ.ʌ.nat̚.ɯl.tʰen.te],[tʰɛ.ʌ.nat̚.ɯl.tʰen.te]
태연한 척,9,[tʰɛ.jʌn.han.tʃʰʌk̚],[tʰɛ.jʌn.han.tʃʰʌk̚]
태우고 갈,9,[tʰɛ.u.ko.kal],[tʰɛ.u.go.gal]
받았다 네,9,[pat̚.at̚.ta.ne],[bat̚.at̚.ta.ne]
남자는 없어,9,[nan.tʃa.nɯn.ʌp̚.ʌ],[nan.tʃa.nɯn.ʌp̚.ʌ]
on anything,9,,
흐른 지금,9,[hɯ.ɾɯn.tʃi.kɯm],[hɯ.ɾɯn.dʒi.gɯm]
이 현대,9,[i.hjʌn.tɛ],[i.hjʌn.tɛ]
태워 먹을,9,[tʰɛ.wʌ.mʌk̚.ɯl],[tʰɛ.wʌ.mʌk̚.ɯl]
태워 버려야,9,[tʰɛ.wʌ.pʌ.ɾjʌ.ja],[tʰɛ.wʌ.bʌ.ɾjʌ.ja]
태워 버리자,9,[tʰɛ.wʌ.pʌ.ɾi.tʃa],[tʰɛ.wʌ.bʌ.ɾi.dʒa]
태워 주겠다고,9,[tʰɛ.wʌ.tʃu.ket̚.ta.ko],[tʰɛ.wʌ.dʒu.get̚.ta.go]
태워 주실래요,9,[tʰɛ.wʌ.tʃu.sil.ɾɛ.jo],[tʰɛ.wʌ.dʒu.sil.ɾɛ.jo]
태워 준,9,[tʰɛ.wʌ.tʃun],[tʰɛ.wʌ.dʒun]
증명해줄 수,9,[tʃɯŋ.mjʌŋ.hɛ.tʃul.su],[dʒɯŋ.mjʌŋ.hɛ.dʒul.su]
남자는 이미,9,[nan.tʃa.nɯn.i.mi],[nan.tʃa.nɯn.i.mi]
흐를 때,9,[hɯ.ɾɯl.t͈ɛ],[hɯ.ɾɯl.t͈ɛ]
받았어 그게,9,[pat̚.at̚.ʌ.kɯ.ke],[bat̚.at̚.ʌ.gɯ.ge]
I can''t run,9,,
태워다 줘서 고마워,9,[tʰɛ.wʌ.ta.tʃwʌ.sʌ.ko.ma.wʌ],[tʰɛ.wʌ.da.dʒwʌ.sʌ.go.ma.wʌ]
남자는 자신의,9,[nan.tʃa.nɯn.tʃa.sin.ɯi],[nan.tʃa.nɯn.dʒa.sin.ɯi]
내가 널 돕게,9,[nɛ.ka.nʌl.top̚.ke],[nɛ.ga.nʌl.dop̚.ke]
남자는 제,9,[nan.tʃa.nɯn.tʃe],[nan.tʃa.nɯn.dʒe]
이 호수,9,[i.ho.su],[i.ho.su]
태풍 때문에,9,[tʰɛ.pʰuŋ.t͈ɛ.mun.e],[tʰɛ.pʰuŋ.t͈ɛ.mun.e]
해 앨리스,9,[hɛ.ɛl.ɾi.sɯ],[hɛ.ɛl.ɾi.sɯ]
가지러 온다고,9,[ka.tʃi.ɾʌ.on.ta.ko],[ga.dʒi.ɾʌ.on.ta.go]
택시 부를,9,[tʰɛk̚.si.pu.ɾɯl],[tʰɛk̚.si.bu.ɾɯl]
때문에 목숨,9,[t͈ɛ.mun.e.mok̚.sum],[t͈ɛ.mun.e.mok̚.sum]
받았어요 그럼,9,[pat̚.at̚.ʌ.jo.kɯ.ɾʌm],[bat̚.at̚.ʌ.jo.gɯ.ɾʌm]
때문에 무고한 사람이,9,[t͈ɛ.mun.e.mu.ko.han.sa.ɾam.i],[t͈ɛ.mun.e.mu.go.han.sa.ɾam.i]
이 현상은,9,[i.hjʌn.saŋ.ɯn],[i.hjʌn.saŋ.ɯn]
탭 댄스,9,[tʰɛp̚.tɛn.sɯ],[tʰɛp̚.dɛn.sɯ]
해 언니는,9,[hɛ.ʌn.ni.nɯn],[hɛ.ʌn.ni.nɯn]
탱크가 있어,9,[tʰɛŋ.kʰɯ.ka.it̚.ʌ],[tʰɛŋ.kʰɯ.ga.it̚.ʌ]
남자들 때문에,9,[nan.tʃa.tɯl.t͈ɛ.mun.e],[nan.tʃa.dɯl.t͈ɛ.mun.e]
흑인 문화를,9,[hɯk̚.in.mun.hwa.ɾɯl],[hɯk̚.in.mun.hwa.ɾɯl]
받았죠 그리고,9,[pat̚.at̚.tʃjo.kɯ.ɾi.ko],[bat̚.at̚.tʃjo.gɯ.ɾi.go]
받았지 그,9,[pat̚.at̚.tʃi.kɯ],[bat̚.at̚.tʃi.gɯ]
내가 널 사랑하는 거,9,[nɛ.ka.nʌl.sa.ɾaŋ.ha.nɯŋ.kʌ],[nɛ.ga.nʌl.sa.ɾaŋ.ha.nɯn.gʌ]
불가능할 것이다,9,[pul.ka.nɯŋ.hal.kʌt̚.i.ta],[bul.ka.nɯŋ.hal.gʌt̚.i.da]
터는 거,9,[tʰʌ.nɯŋ.kʌ],[tʰʌ.nɯn.gʌ]
고마워 너희들,9,[ko.ma.wʌ.nʌ.hɯi.tɯl],[go.ma.wʌ.nʌ.hɯi.dɯl]
받으러 갔어,9,[pat̚.ɯ.ɾʌ.kat̚.ʌ],[bat̚.ɯ.ɾʌ.gat̚.ʌ]
받으러 안,9,[pat̚.ɯ.ɾʌ.an],[bat̚.ɯ.ɾʌ.an]
터지는 소리가,9,[tʰʌ.tʃi.nɯn.so.ɾi.ka],[tʰʌ.dʒi.nɯn.so.ɾi.ga]
터지는 효과음,9,[tʰʌ.tʃi.nɯn.hjo.kwa.ɯm],[tʰʌ.dʒi.nɯn.hjo.gwa.ɯm]
터진 거죠,9,[tʰʌ.tʃiŋ.kʌ.tʃjo],[tʰʌ.dʒin.gʌ.dʒjo]
받으면 네,9,[pat̚.ɯ.mjʌn.ne],[bat̚.ɯ.mjʌn.ne]
받으면 다,9,[pat̚.ɯ.mjʌn.ta],[bat̚.ɯ.mjʌn.da]
터진 후,9,[tʰʌ.tʃin.hu],[tʰʌ.dʒin.hu]
받으면 다시,9,[pat̚.ɯ.mjʌn.ta.si],[bat̚.ɯ.mjʌn.da.si]
받으면 됩니다,9,[pat̚.ɯ.mjʌn.twep̚.ni.ta],[bat̚.ɯ.mjʌn.dwep̚.ni.da]
때문에 밤에,9,[t͈ɛ.mun.e.pam.e],[t͈ɛ.mun.e.bam.e]
받으면 우린,9,[pat̚.ɯ.mjʌn.u.ɾin],[bat̚.ɯ.mjʌn.u.ɾin]
턱시도 입은,9,[tʰʌk̚.si.to.ip̚.ɯn],[tʰʌk̚.si.do.ip̚.ɯn]
턴 거야,9,[tʰʌŋ.kʌ.ja],[tʰʌn.gʌ.ja]
흔들리는 게,9,[hɯn.tɯl.ɾi.nɯŋ.ke],[hɯn.tɯl.ɾi.nɯn.ge]
보지 않아서,9,[po.tʃi.an.a.sʌ],[bo.dʒi.an.a.sʌ]
이거 가지고 있어,9,[i.kʌ.ka.tʃi.ko.it̚.ʌ],[i.gʌ.ga.dʒi.go.it̚.ʌ]
고마워 당신도,9,[ko.ma.wʌ.taŋ.sin.to],[go.ma.wʌ.daŋ.sin.to]
받으셔야 할,9,[pat̚.ɯ.sjʌ.ja.hal],[bat̚.ɯ.sjʌ.ja.hal]
받으신 게,9,[pat̚.ɯ.siŋ.ke],[bat̚.ɯ.sin.ge]
받으실 수 있습니다,9,[pat̚.ɯ.sil.su.it̚.sɯp̚.ni.ta],[bat̚.ɯ.sil.su.it̚.sɯp̚.ni.da]
보지 않을 겁니다,9,[po.tʃi.an.ɯl.kʌp̚.ni.ta],[bo.dʒi.an.ɯl.gʌp̚.ni.da]
보지 않을 때,9,[po.tʃi.an.ɯl.t͈ɛ],[bo.dʒi.an.ɯl.t͈ɛ]
털어놓을 거야,9,[tʰʌl.ʌ.not̚.ɯl.kʌ.ja],[tʰʌl.ʌ.not̚.ɯl.gʌ.ja]
털어놓을 사람이,9,[tʰʌl.ʌ.not̚.ɯl.sa.ɾam.i],[tʰʌl.ʌ.not̚.ɯl.sa.ɾam.i]
보지 우리,9,[po.tʃi.u.ɾi],[bo.dʒi.u.ɾi]
to talk about the,9,,
이거 괜찮지,9,[i.kʌ.kwɛn.tʃʰan.tʃi],[i.gʌ.gwɛn.tʃʰan.tʃi]
내가 널 좋아하는,9,[nɛ.ka.nʌl.tʃot̚.a.ha.nɯn],[nɛ.ga.nʌl.dʒot̚.a.ha.nɯn]
받은 겁니까,9,[pat̚.ɯŋ.kʌp̚.ni.k͈a],[bat̚.ɯn.gʌp̚.ni.k͈a]
갈아야 할,9,[kal.a.ja.hal],[gal.a.ja.hal]
화려함조차도 影をひそめ交わる,9,[hwa.ɾjʌ.han.tʃo.tʃʰa.to],[hwa.ɾjʌ.han.tʃo.tʃʰa.do]
받은 것으로,9,[pat̚.ɯŋ.kʌt̚.ɯ.ɾo],[bat̚.ɯn.gʌt̚.ɯ.ɾo]
받은 것이다,9,[pat̚.ɯŋ.kʌt̚.i.ta],[bat̚.ɯn.gʌt̚.i.da]
테고 네가,9,[tʰe.ko.ne.ka],[tʰe.go.ne.ga]
받은 날,9,[pat̚.ɯn.nal],[bat̚.ɯn.nal]
해 이런 식으로,9,[hɛ.i.ɾʌn.sik̚.ɯ.ɾo],[hɛ.i.ɾʌn.sik̚.ɯ.ɾo]
테니 거기서,9,[tʰe.ni.kʌ.ki.sʌ],[tʰe.ni.gʌ.gi.sʌ]
해 이럴 수가,9,[hɛ.i.ɾʌl.su.ka],[hɛ.i.ɾʌl.su.ga]
테니 그건,9,[tʰe.ni.kɯ.kʌn],[tʰe.ni.gɯ.gʌn]
테니 그때까지,9,[tʰe.ni.kɯ.t͈ɛ.k͈a.tʃi],[tʰe.ni.gɯ.t͈ɛ.k͈a.dʒi]
남자랑 잤어,9,[nan.tʃa.ɾaŋ.tʃat̚.ʌ],[nan.tʃa.ɾaŋ.dʒat̚.ʌ]
공연 보러 오세요,9,[koŋ.jʌm.po.ɾʌ.o.se.jo],[goŋ.jʌn.bo.ɾʌ.o.se.jo]
흔적도 없고요,9,[hɯn.tʃʌk̚.to.ʌp̚.ko.jo],[hɯn.tʃʌk̚.to.ʌp̚.ko.jo]
테니 너희,9,[tʰe.ni.nʌ.hɯi],[tʰe.ni.nʌ.hɯi]
My heart is,9,,
고마워 많이,9,[ko.ma.wʌ.man.i],[go.ma.wʌ.man.i]
테니 말만,9,[tʰe.ni.mal.man],[tʰe.ni.mal.man]
이거 나눠,9,[i.kʌ.na.nwʌ],[i.gʌ.na.nwʌ]
남자로 얘기,9,[nan.tʃa.ɾo.jɛ.ki],[nan.tʃa.ɾo.jɛ.gi]
받은 적이 있나요,9,[pat̚.ɯn.tʃʌk̚.i.it̚.na.jo],[bat̚.ɯn.dʒʌk̚.i.it̚.na.jo]
테니 신경 쓰지,9,[tʰe.ni.siŋ.kjʌŋ.s͈ɯ.tʃi],[tʰe.ni.siŋ.kjʌŋ.s͈ɯ.dʒi]
화를 낼까,9,[hwa.ɾɯl.lɛl.k͈a],[hwa.ɾɯl.lɛl.k͈a]
테니 얘기,9,[tʰe.ni.jɛ.ki],[tʰe.ni.jɛ.gi]
아닌데요 하지만,9,[a.nin.te.jo.ha.tʃi.man],[a.nin.te.jo.ha.dʒi.man]
해 자신을,9,[hɛ.tʃa.sin.ɯl],[hɛ.dʒa.sin.ɯl]
갈아입는 거,9,[kal.a.ip̚.nɯŋ.kʌ],[gal.a.ip̚.nɯn.gʌ]
고마워 메리 크리스마스,9,[ko.ma.wʌ.me.ɾi.kʰɯ.ɾi.sɯ.ma.sɯ],[go.ma.wʌ.me.ɾi.kʰɯ.ɾi.sɯ.ma.sɯ]
고마워 몇,9,[ko.ma.wʌ.mjʌt̚],[go.ma.wʌ.mjʌt̚]
다 위험한,9,[ta.wi.hʌm.han],[da.wi.hʌm.han]
때문에 소중한,9,[t͈ɛ.mun.e.so.tʃuŋ.han],[t͈ɛ.mun.e.so.dʒuŋ.han]
받을 거잖아,9,[pat̚.ɯl.kʌ.tʃan.a],[bat̚.ɯl.gʌ.dʒan.a]
테니 필요한,9,[tʰe.ni.pʰil.jo.han],[tʰe.ni.pʰil.jo.han]
남자를 만나야 해,9,[nan.tʃa.ɾɯl.man.na.ja.hɛ],[nan.tʃa.ɾɯl.man.na.ja.hɛ]
남자를 만난 적이,9,[nan.tʃa.ɾɯl.man.nan.tʃʌk̚.i],[nan.tʃa.ɾɯl.man.nan.dʒʌk̚.i]
테니까 걱정 말고,9,[tʰe.ni.k͈a.kʌk̚.tʃʌŋ.mal.ko],[tʰe.ni.k͈a.gʌk̚.tʃʌŋ.mal.ko]
테니까 걱정하지 마세요,9,[tʰe.ni.k͈a.kʌk̚.tʃʌŋ.ha.tʃi.ma.se.jo],[tʰe.ni.k͈a.gʌk̚.tʃʌŋ.ha.dʒi.ma.se.jo]
테니까 고마워,9,[tʰe.ni.k͈a.ko.ma.wʌ],[tʰe.ni.k͈a.go.ma.wʌ]
증인도 없고,9,[tʃɯŋ.in.to.ʌp̚.ko],[dʒɯŋ.in.to.ʌp̚.ko]
테니까 그럴,9,[tʰe.ni.k͈a.kɯ.ɾʌl],[tʰe.ni.k͈a.gɯ.ɾʌl]
테니까 그렇지,9,[tʰe.ni.k͈a.kɯ.ɾʌt̚.tʃi],[tʰe.ni.k͈a.gɯ.ɾʌt̚.tʃi]
받을 때도,9,[pat̚.ɯl.t͈ɛ.to],[bat̚.ɯl.t͈ɛ.do]
테니까 나는,9,[tʰe.ni.k͈a.na.nɯn],[tʰe.ni.k͈a.na.nɯn]
테니까 내일,9,[tʰe.ni.k͈a.nɛ.il],[tʰe.ni.k͈a.nɛ.il]
받을 만하다,9,[pat̚.ɯl.man.ha.ta],[bat̚.ɯl.man.ha.da]
받을 사람,9,[pat̚.ɯl.sa.ɾam],[bat̚.ɯl.sa.ɾam]
받을 수 없다고,9,[pat̚.ɯl.su.ʌp̚.ta.ko],[bat̚.ɯl.su.ʌp̚.ta.go]
다 이가,9,[ta.i.ka],[da.i.ga]
아닌지에 대해,9,[a.nin.tʃi.e.tɛ.hɛ],[a.nin.tʃi.e.dɛ.hɛ]
테니까 또,9,[tʰe.ni.k͈a.t͈o],[tʰe.ni.k͈a.t͈o]
테니까 말,9,[tʰe.ni.k͈a.mal],[tʰe.ni.k͈a.mal]
때문에 슬퍼하는,9,[t͈ɛ.mun.e.sɯl.pʰʌ.ha.nɯn],[t͈ɛ.mun.e.sɯl.pʰʌ.ha.nɯn]
You''ll be fine,9,,
테니까 세상에,9,[tʰe.ni.k͈a.se.saŋ.e],[tʰe.ni.k͈a.se.saŋ.e]
테니까 알겠습니다,9,[tʰe.ni.k͈a.al.ket̚.sɯp̚.ni.ta],[tʰe.ni.k͈a.al.ket̚.sɯp̚.ni.da]
테니까 알아,9,[tʰe.ni.k͈a.al.a],[tʰe.ni.k͈a.al.a]
흔적을 지우려는,9,[hɯn.tʃʌk̚.ɯl.tʃi.u.ɾjʌ.nɯn],[hɯn.tʃʌk̚.ɯl.dʒi.u.ɾjʌ.nɯn]
증인은 지금,9,[tʃɯŋ.in.ɯn.tʃi.kɯm],[dʒɯŋ.in.ɯn.dʒi.gɯm]
해 제시,9,[hɛ.tʃe.si],[hɛ.dʒe.si]
해 제이미,9,[hɛ.tʃe.i.mi],[hɛ.dʒe.i.mi]
받을 수 있을 거예요,9,[pat̚.ɯl.su.it̚.ɯl.kʌ.je.jo],[bat̚.ɯl.su.it̚.ɯl.gʌ.je.jo]
테니까 자네,9,[tʰe.ni.k͈a.tʃa.ne],[tʰe.ni.k͈a.dʒa.ne]
테니까 저기,9,[tʰe.ni.k͈a.tʃʌ.ki],[tʰe.ni.k͈a.dʒʌ.gi]
고마워 바로,9,[ko.ma.wʌ.pa.ɾo],[go.ma.wʌ.ba.ɾo]
고마워 밖에,9,[ko.ma.wʌ.pak̚.e],[go.ma.wʌ.bak̚.e]
테니까 지금은,9,[tʰe.ni.k͈a.tʃi.kɯm.ɯn],[tʰe.ni.k͈a.dʒi.gɯm.ɯn]
보통 다,9,[po.tʰoŋ.ta],[bo.tʰoŋ.da]
테니까요 lrm,9,[tʰe.ni.k͈a.jo],[tʰe.ni.k͈a.jo]
남자를 좋아한다,9,[nan.tʃa.ɾɯl.tʃot̚.a.han.ta],[nan.tʃa.ɾɯl.dʒot̚.a.han.ta]
이거 돌려주러,9,[i.kʌ.tol.ɾjʌ.tʃu.ɾʌ],[i.gʌ.dol.ɾjʌ.dʒu.ɾʌ]
테니까요 어떻게,9,[tʰe.ni.k͈a.jo.ʌ.t͈ʌt̚.ke],[tʰe.ni.k͈a.jo.ʌ.t͈ʌt̚.ke]
받을 자격 있어요,9,[pat̚.ɯl.tʃa.kjʌk̚.it̚.ʌ.jo],[bat̚.ɯl.dʒa.gjʌk̚.it̚.ʌ.jo]
남자를 죽였어요,9,[nan.tʃa.ɾɯl.tʃuk̚.jʌt̚.ʌ.jo],[nan.tʃa.ɾɯl.dʒuk̚.jʌt̚.ʌ.jo]
받을 자격이 없어요,9,[pat̚.ɯl.tʃa.kjʌk̚.i.ʌp̚.ʌ.jo],[bat̚.ɯl.dʒa.gjʌk̚.i.ʌp̚.ʌ.jo]
테니스 라켓을,9,[tʰe.ni.sɯ.ɾa.kʰet̚.ɯl],[tʰe.ni.sɯ.ɾa.kʰet̚.ɯl]
해 주고 싶은데,9,[hɛ.tʃu.ko.sip̚.ɯn.te],[hɛ.dʒu.go.sip̚.ɯn.te]
갈지 말지,9,[kal.tʃi.mal.tʃi],[gal.tʃi.mal.tʃi]
테드 테드,9,[tʰe.tɯ.tʰe.tɯ],[tʰe.dɯ.tʰe.dɯ]
해 주고 싶은 말이,9,[hɛ.tʃu.ko.sip̚.ɯn.mal.i],[hɛ.dʒu.go.sip̚.ɯn.mal.i]
남자를 찾고 있어,9,[nan.tʃa.ɾɯl.tʃʰat̚.ko.it̚.ʌ],[nan.tʃa.ɾɯl.tʃʰat̚.ko.it̚.ʌ]
남자를 찾아봐,9,[nan.tʃa.ɾɯl.tʃʰat̚.a.pwa],[nan.tʃa.ɾɯl.tʃʰat̚.a.bwa]
고마워 빨리,9,[ko.ma.wʌ.p͈al.ɾi],[go.ma.wʌ.p͈al.ɾi]
테러 사건에,9,[tʰe.ɾʌ.sa.kʌn.e],[tʰe.ɾʌ.sa.gʌn.e]
테러 조직과,9,[tʰe.ɾʌ.tʃo.tʃik̚.kwa],[tʰe.ɾʌ.dʒo.dʒik̚.kwa]
테러 조직의 일원이다,9,[tʰe.ɾʌ.tʃo.tʃik̚.ɯi.il.wʌn.i.ta],[tʰe.ɾʌ.dʒo.dʒik̚.ɯi.il.wʌn.i.da]
테러 혐의로,9,[tʰe.ɾʌ.hjʌm.ɯi.ɾo],[tʰe.ɾʌ.hjʌm.ɯi.ɾo]
받을지도 몰라요,9,[pat̚.ɯl.tʃi.to.mol.ɾa.jo],[bat̚.ɯl.tʃi.do.mol.ɾa.jo]
테러리스트들과 함께,9,[tʰe.ɾʌ.ɾi.sɯ.tʰɯ.tɯl.kwa.ham.k͈e],[tʰe.ɾʌ.ɾi.sɯ.tʰɯ.dɯl.kwa.ham.k͈e]
고마워 새로운,9,[ko.ma.wʌ.sɛ.ɾo.un],[go.ma.wʌ.sɛ.ɾo.un]
그저 몇,9,[kɯ.tʃʌ.mjʌt̚],[gɯ.dʒʌ.mjʌt̚]
내가 네 엉덩이를,9,[nɛ.ka.ne.ʌŋ.tʌŋ.i.ɾɯl],[nɛ.ga.ne.ʌŋ.dʌŋ.i.ɾɯl]
갔어 거기서,9,[kat̚.ʌ.kʌ.ki.sʌ],[gat̚.ʌ.gʌ.gi.sʌ]
테러와의 전쟁,9,[tʰe.ɾʌ.wa.ɯi.tʃʌn.tʃɛŋ],[tʰe.ɾʌ.wa.ɯi.dʒʌn.tʃɛŋ]
테레사의 동생,9,[tʰe.ɾe.sa.ɯi.toŋ.sɛŋ],[tʰe.ɾe.sa.ɯi.doŋ.sɛŋ]
테스 테스,9,[tʰe.sɯ.tʰe.sɯ],[tʰe.sɯ.tʰe.sɯ]
불구하고 당신은,9,[pul.ku.ha.ko.taŋ.sin.ɯn],[bul.ku.ha.go.daŋ.sin.ɯn]
테스트 한,9,[tʰe.sɯ.tʰɯ.han],[tʰe.sɯ.tʰɯ.han]
테스트 해,9,[tʰe.sɯ.tʰɯ.hɛ],[tʰe.sɯ.tʰɯ.hɛ]
해 주시면 돼요,9,[hɛ.tʃu.si.mjʌn.twɛ.jo],[hɛ.dʒu.si.mjʌn.dwɛ.jo]
테스트를 했는데,9,[tʰe.sɯ.tʰɯ.ɾɯl.hɛt̚.nɯn.te],[tʰe.sɯ.tʰɯ.ɾɯl.hɛt̚.nɯn.te]
받지 않았으면,9,[pat̚.tʃi.an.at̚.ɯ.mjʌn],[bat̚.tʃi.an.at̚.ɯ.mjʌn]
해 주실 수 있나요,9,[hɛ.tʃu.sil.su.it̚.na.jo],[hɛ.dʒu.sil.su.it̚.na.jo]
받지 않으려고,9,[pat̚.tʃi.an.ɯ.ɾjʌ.ko],[bat̚.tʃi.an.ɯ.ɾjʌ.go]
이거 머리,9,[i.kʌ.mʌ.ɾi],[i.gʌ.mʌ.ɾi]
해 주잖아요,9,[hɛ.tʃu.tʃan.a.jo],[hɛ.dʒu.dʒan.a.jo]
테이블에 올려,9,[tʰe.i.pɯl.e.ol.ɾjʌ],[tʰe.i.bɯl.e.ol.ɾjʌ]
고마워 아무,9,[ko.ma.wʌ.a.mu],[go.ma.wʌ.a.mu]
테이저 건,9,[tʰe.i.tʃʌ.kʌn],[tʰe.i.dʒʌ.gʌn]
테이프 어디,9,[tʰe.i.pʰɯ.ʌ.ti],[tʰe.i.pʰɯ.ʌ.di]
발 그리고,9,[pal.kɯ.ɾi.ko],[bal.gɯ.ɾi.go]
테이프가 있어요,9,[tʰe.i.pʰɯ.ka.it̚.ʌ.jo],[tʰe.i.pʰɯ.ga.it̚.ʌ.jo]
이거 멋지지,9,[i.kʌ.mʌt̚.tʃi.tʃi],[i.gʌ.mʌt̚.tʃi.dʒi]
테이프에 대해,9,[tʰe.i.pʰɯ.e.tɛ.hɛ],[tʰe.i.pʰɯ.e.dɛ.hɛ]
테일 지난,9,[tʰe.il.tʃi.nan],[tʰe.il.dʒi.nan]
테일 지난 이야기,9,[tʰe.il.tʃi.nan.i.ja.ki],[tʰe.il.dʒi.nan.i.ja.gi]
테일러 부인,9,[tʰe.il.ɾʌ.pu.in],[tʰe.il.ɾʌ.bu.in]
really wanted,9,,
발 들인,9,[pal.tɯl.in],[bal.dɯl.in]
테킬라 한 잔,9,[tʰe.kʰil.ɾa.han.tʃan],[tʰe.kʰil.ɾa.han.dʒan]
때문에 어쩔 수 없이,9,[t͈ɛ.mun.e.ʌ.tʃ͈ʌl.su.ʌp̚.i],[t͈ɛ.mun.e.ʌ.tʃ͈ʌl.su.ʌp̚.i]
발 밑을,9,[pal.mit̚.ɯl],[bal.mit̚.ɯl]
그곳에 있던,9,[kɯ.kot̚.e.it̚.tʌn],[gɯ.got̚.e.it̚.tʌn]
발 밑의,9,[pal.mit̚.ɯi],[bal.mit̚.ɯi]
텐데 가서,9,[tʰen.te.ka.sʌ],[tʰen.te.ga.sʌ]
남자와 여자를,9,[nan.tʃa.wa.jʌ.tʃa.ɾɯl],[nan.tʃa.wa.jʌ.dʒa.ɾɯl]
텐데 고마워요,9,[tʰen.te.ko.ma.wʌ.jo],[tʰen.te.go.ma.wʌ.jo]
남자와 이,9,[nan.tʃa.wa.i],[nan.tʃa.wa.i]
텐데 괜찮아요,9,[tʰen.te.kwɛn.tʃʰan.a.jo],[tʰen.te.gwɛn.tʃʰan.a.jo]
광주 시민 함께하라,9,[kwaŋ.tʃu.si.min.ham.k͈e.ha.ɾa],[gwaŋ.dʒu.si.min.ham.k͈e.ha.ɾa]
해 줄게 이,9,[hɛ.tʃul.ke.i],[hɛ.dʒul.ke.i]
텐데 그러게요,9,[tʰen.te.kɯ.ɾʌ.ke.jo],[tʰen.te.gɯ.ɾʌ.ge.jo]
남자와 함께 있는,9,[nan.tʃa.wa.ham.k͈e.it̚.nɯn],[nan.tʃa.wa.ham.k͈e.it̚.nɯn]
아닐까 해요,9,[a.nil.k͈a.hɛ.jo],[a.nil.k͈a.hɛ.jo]
텐데 너,9,[tʰen.te.nʌ],[tʰen.te.nʌ]
다 이해했어,9,[ta.i.hɛ.hɛt̚.ʌ],[da.i.hɛ.hɛt̚.ʌ]
남자의 비명,9,[nan.tʃa.ɯi.pi.mjʌŋ],[nan.tʃa.ɯi.bi.mjʌŋ]
보트 사고로,9,[po.tʰɯ.sa.ko.ɾo],[bo.tʰɯ.sa.go.ɾo]
이거 방금,9,[i.kʌ.paŋ.kɯm],[i.gʌ.baŋ.gɯm]
텐데 둘,9,[tʰen.te.tul],[tʰen.te.dul]
이거 버려,9,[i.kʌ.pʌ.ɾjʌ],[i.gʌ.bʌ.ɾjʌ]
때문에 여기 온 게,9,[t͈ɛ.mun.e.jʌ.ki.oŋ.ke],[t͈ɛ.mun.e.jʌ.gi.on.ge]
감 놔라,9,[kam.nwa.ɾa],[gam.nwa.ɾa]
텐데 맞아요,9,[tʰen.te.mat̚.a.jo],[tʰen.te.mat̚.a.jo]
발각되지 않고,9,[pal.kak̚.twe.tʃi.aŋ.ko],[bal.kak̚.twe.dʒi.aŋ.ko]
해 줘서 정말,9,[hɛ.tʃwʌ.sʌ.tʃʌŋ.mal],[hɛ.dʒwʌ.sʌ.dʒʌŋ.mal]
텐데 시간,9,[tʰen.te.si.kan],[tʰen.te.si.gan]
텐데 아직도,9,[tʰen.te.a.tʃik̚.to],[tʰen.te.a.dʒik̚.to]
텐데 아이,9,[tʰen.te.a.i],[tʰen.te.a.i]
텐데 야,9,[tʰen.te.ja],[tʰen.te.ja]
텐데 어느,9,[tʰen.te.ʌ.nɯ],[tʰen.te.ʌ.nɯ]
이거 보는,9,[i.kʌ.po.nɯn],[i.gʌ.bo.nɯn]
텐데 어떤,9,[tʰen.te.ʌ.t͈ʌn],[tʰen.te.ʌ.t͈ʌn]
텐데 어쨌든,9,[tʰen.te.ʌ.tʃ͈ɛt̚.tɯn],[tʰen.te.ʌ.tʃ͈ɛt̚.tɯn]
텐데 오늘은,9,[tʰen.te.o.nɯl.ɯn],[tʰen.te.o.nɯl.ɯn]
발견 할 것입니다,9,[pal.kjʌn.hal.kʌt̚.ip̚.ni.ta],[bal.kjʌn.hal.gʌt̚.ip̚.ni.da]
텐데 우리는,9,[tʰen.te.u.ɾi.nɯn],[tʰen.te.u.ɾi.nɯn]
공연을 한다고,9,[koŋ.jʌn.ɯl.han.ta.ko],[goŋ.jʌn.ɯl.han.ta.go]
텐데 적어도,9,[tʰen.te.tʃʌk̚.ʌ.to],[tʰen.te.dʒʌk̚.ʌ.do]
하니까 기분이,9,[ha.ni.k͈a.ki.pun.i],[ha.ni.k͈a.gi.bun.i]
텐데 죄송해요,9,[tʰen.te.tʃwe.soŋ.hɛ.jo],[tʰen.te.dʒwe.soŋ.hɛ.jo]
발견되지 않았고요,9,[pal.kjʌn.twe.tʃi.an.at̚.ko.jo],[bal.kjʌn.twe.dʒi.an.at̚.ko.jo]
텐데요 그냥,9,[tʰen.te.jo.kɯ.njaŋ],[tʰen.te.jo.gɯ.njaŋ]
텐데요 그럴,9,[tʰen.te.jo.kɯ.ɾʌl],[tʰen.te.jo.gɯ.ɾʌl]
텐데요 다른,9,[tʰen.te.jo.ta.ɾɯn],[tʰen.te.jo.da.ɾɯn]
텐데요 당신,9,[tʰen.te.jo.taŋ.sin],[tʰen.te.jo.daŋ.sin]
텐데요 아니,9,[tʰen.te.jo.a.ni],[tʰen.te.jo.a.ni]
발견된 것,9,[pal.kjʌn.tweŋ.kʌt̚],[bal.kjʌn.twen.gʌt̚]
텐데요 이건,9,[tʰen.te.jo.i.kʌn],[tʰen.te.jo.i.gʌn]
텐데요 정말,9,[tʰen.te.jo.tʃʌŋ.mal],[tʰen.te.jo.dʒʌŋ.mal]
해 처음,9,[hɛ.tʃʰʌ.ɯm],[hɛ.tʃʰʌ.ɯm]
발견된 모든,9,[pal.kjʌn.twen.mo.tɯn],[bal.kjʌn.twen.mo.dɯn]
흠 그래,9,[hɯm.kɯ.ɾɛ],[hɯm.gɯ.ɾɛ]
불러 깨워,9,[pul.ɾʌ.k͈ɛ.wʌ],[bul.ɾʌ.k͈ɛ.wʌ]
해 클라크,9,[hɛ.kʰɯl.ɾa.kʰɯ],[hɛ.kʰɯl.ɾa.kʰɯ]
발견하는 것,9,[pal.kjʌn.ha.nɯŋ.kʌt̚],[bal.kjʌn.ha.nɯn.gʌt̚]
My mind,9,,
이거 비밀로,9,[i.kʌ.pi.mil.ɾo],[i.gʌ.bi.mil.ɾo]
토네이도 경보가,9,[tʰo.ne.i.to.kjʌm.po.ka],[tʰo.ne.i.do.gjʌŋ.bo.ga]
토니 내가,9,[tʰo.ni.nɛ.ka],[tʰo.ni.nɛ.ga]
발견하지 못할,9,[pal.kjʌn.ha.tʃi.mot̚.hal],[bal.kjʌn.ha.dʒi.mot̚.hal]
토니 스타크의,9,[tʰo.ni.sɯ.tʰa.kʰɯ.ɯi],[tʰo.ni.sɯ.tʰa.kʰɯ.ɯi]
발견하지 못했어,9,[pal.kjʌn.ha.tʃi.mot̚.hɛt̚.ʌ],[bal.kjʌn.ha.dʒi.mot̚.hɛt̚.ʌ]
발견한 거에요,9,[pal.kjʌn.haŋ.kʌ.e.jo],[bal.kjʌn.han.gʌ.e.jo]
때문에 오히려,9,[t͈ɛ.mun.e.o.hi.ɾjʌ],[t͈ɛ.mun.e.o.hi.ɾjʌ]
남지 않는,9,[nan.tʃi.an.nɯn],[nan.tʃi.an.nɯn]
불러 모으고,9,[pul.ɾʌ.mo.ɯ.ko],[bul.ɾʌ.mo.ɯ.go]
아님 좀,9,[a.nin.tʃom],[a.nim.dʒom]
아님 적어도,9,[a.nin.tʃʌk̚.ʌ.to],[a.nim.dʒʌk̚.ʌ.do]
남지 않았다고,9,[nan.tʃi.an.at̚.ta.ko],[nan.tʃi.an.at̚.ta.go]
토마토 소스,9,[tʰo.ma.tʰo.so.sɯ],[tʰo.ma.tʰo.so.sɯ]
고마워 왔어,9,[ko.ma.wʌ.wat̚.ʌ],[go.ma.wʌ.wat̚.ʌ]
토머스 에디슨,9,[tʰo.mʌ.sɯ.e.ti.sɯn],[tʰo.mʌ.sɯ.e.di.sɯn]
보호 프로그램을,9,[po.ho.pʰɯ.ɾo.kɯ.ɾɛm.ɯl],[bo.ho.pʰɯ.ɾo.gɯ.ɾɛm.ɯl]
가는데 내,9,[ka.nɯn.te.nɛ],[ga.nɯn.te.nɛ]
남지 않은 것,9,[nan.tʃi.an.ɯŋ.kʌt̚],[nan.tʃi.an.ɯn.gʌt̚]
발견했다고 들었는데,9,[pal.kjʌn.hɛt̚.ta.ko.tɯl.ʌt̚.nɯn.te],[bal.kjʌn.hɛt̚.ta.go.dɯl.ʌt̚.nɯn.te]
남지 않을 거야,9,[nan.tʃi.an.ɯl.kʌ.ja],[nan.tʃi.an.ɯl.gʌ.ja]
그저 잘,9,[kɯ.tʃʌ.tʃal],[gɯ.dʒʌ.dʒal]
남쪽 입구,9,[nan.tʃ͈ok̚.ip̚.ku],[nan.tʃ͈ok̚.ip̚.ku]
해가 뜬다,9,[hɛ.ka.t͈ɯn.ta],[hɛ.ga.t͈ɯn.ta]
토요일 밤에 어디,9,[tʰo.jo.il.pam.e.ʌ.ti],[tʰo.jo.il.bam.e.ʌ.di]
감각이 전혀,9,[kam.kak̚.i.tʃʌn.hjʌ],[gam.kak̚.i.dʒʌn.hjʌ]
불러 안,9,[pul.ɾʌ.an],[bul.ɾʌ.an]
토요일에 봐요,9,[tʰo.jo.il.e.pwa.jo],[tʰo.jo.il.e.bwa.jo]
다 있는 건,9,[ta.it̚.nɯŋ.kʌn],[da.it̚.nɯn.gʌn]
남쪽으로 가,9,[nan.tʃ͈ok̚.ɯ.ɾo.ka],[nan.tʃ͈ok̚.ɯ.ɾo.ga]
남쪽으로 가면,9,[nan.tʃ͈ok̚.ɯ.ɾo.ka.mjʌn],[nan.tʃ͈ok̚.ɯ.ɾo.ga.mjʌn]
감격한 숨소리,9,[kam.kjʌk̚.han.sum.so.ɾi],[gam.kjʌk̚.han.sum.so.ɾi]
내가 누군지나,9,[nɛ.ka.nu.kun.tʃi.na],[nɛ.ga.nu.gun.tʃi.na]
흥미롭지 않니,9,[hɯŋ.mi.ɾop̚.tʃi.an.ni],[hɯŋ.mi.ɾop̚.tʃi.an.ni]
발랄한 음악이 흘러나온다,9,[pal.ɾal.han.ɯm.ak̚.i.hɯl.ɾʌ.na.on.ta],[bal.ɾal.han.ɯm.ak̚.i.hɯl.ɾʌ.na.on.ta]
발랑 까진,9,[pal.ɾaŋ.k͈a.tʃin],[bal.ɾaŋ.k͈a.dʒin]
남친 있는,9,[nan.tʃʰin.it̚.nɯn],[nan.tʃʰin.it̚.nɯn]
톰 코서렉 보안관,9,[tʰom.kʰo.sʌ.ɾek̚.po.aŋ.kwan],[tʰom.kʰo.sʌ.ɾek̚.bo.aŋ.kwan]
톰 터커가,9,[tʰon.tʰʌ.kʰʌ.ka],[tʰon.tʰʌ.kʰʌ.ga]
톰 패스벤더,9,[tʰom.pʰɛ.sɯ.pen.tʌ],[tʰom.pʰɛ.sɯ.ben.tʌ]
톰 해버포드,9,[tʰom.hɛ.pʌ.pʰo.tɯ],[tʰom.hɛ.bʌ.pʰo.dɯ]
톰 행크스가,9,[tʰom.hɛŋ.kʰɯ.sɯ.ka],[tʰom.hɛŋ.kʰɯ.sɯ.ga]
남친이 있어,9,[nan.tʃʰin.i.it̚.ʌ],[nan.tʃʰin.i.it̚.ʌ]
내가 있는 거야,9,[nɛ.ka.it̚.nɯŋ.kʌ.ja],[nɛ.ga.it̚.nɯn.gʌ.ja]
발로 걷는,9,[pal.ɾo.kʌt̚.nɯn],[bal.ɾo.gʌt̚.nɯn]
문제가 많다는,9,[mun.tʃe.ka.man.ta.nɯn],[mun.tʃe.ga.man.ta.nɯn]
남편 그리고,9,[nam.pʰjʌŋ.kɯ.ɾi.ko],[nam.pʰjʌn.gɯ.ɾi.go]
해결책을 찾은,9,[hɛ.kjʌl.tʃʰɛk̚.ɯl.tʃʰat̚.ɯn],[hɛ.gjʌl.tʃʰɛk̚.ɯl.tʃʰat̚.ɯn]
해결책이 될 수,9,[hɛ.kjʌl.tʃʰɛk̚.i.twel.su],[hɛ.gjʌl.tʃʰɛk̚.i.dwel.su]
갔어 어떻게,9,[kat̚.ʌ.ʌ.t͈ʌt̚.ke],[gat̚.ʌ.ʌ.t͈ʌt̚.ke]
흥미를 가지고,9,[hɯŋ.mi.ɾɯl.ka.tʃi.ko],[hɯŋ.mi.ɾɯl.ga.dʒi.go]
발로 온,9,[pal.ɾo.on],[bal.ɾo.on]
발로 차는 소리,9,[pal.ɾo.tʃʰa.nɯn.so.ɾi],[bal.ɾo.tʃʰa.nɯn.so.ɾi]
통 할,9,[tʰoŋ.hal],[tʰoŋ.hal]
보호하는 것도,9,[po.ho.ha.nɯŋ.kʌt̚.to],[bo.ho.ha.nɯn.gʌt̚.to]
발로 차지,9,[pal.ɾo.tʃʰa.tʃi],[bal.ɾo.tʃʰa.dʒi]
통과 못 하면,9,[tʰoŋ.kwa.mot̚.ha.mjʌn],[tʰoŋ.gwa.mot̚.ha.mjʌn]
통과 못 해요,9,[tʰoŋ.kwa.mot̚.hɛ.jo],[tʰoŋ.gwa.mot̚.hɛ.jo]
발리 하이,9,[pal.ɾi.ha.i],[bal.ɾi.ha.i]
흥분할 수,9,[hɯm.pun.hal.su],[hɯŋ.bun.hal.su]
통과하실 수,9,[tʰoŋ.kwa.ha.sil.su],[tʰoŋ.gwa.ha.sil.su]
통과할 수 있을,9,[tʰoŋ.kwa.hal.su.it̚.ɯl],[tʰoŋ.gwa.hal.su.it̚.ɯl]
발목 잡히지,9,[pal.mok̚.tʃap̚.hi.tʃi],[bal.mok̚.dʒap̚.hi.dʒi]
보호하려고 노력했다,9,[po.ho.ha.ɾjʌ.ko.no.ɾjʌk̚.hɛt̚.ta],[bo.ho.ha.ɾjʌ.go.no.ɾjʌk̚.hɛt̚.ta]
통상부 장관님,9,[tʰoŋ.sam.pu.tʃaŋ.kwan.nim],[tʰoŋ.saŋ.bu.dʒaŋ.gwan.nim]
통신 링크를,9,[tʰoŋ.sil.liŋ.kʰɯ.ɾɯl],[tʰoŋ.sil.liŋ.kʰɯ.ɾɯl]
감금되어 있었다,9,[kam.kɯn.twe.ʌ.it̚.ʌt̚.ta],[gam.kɯn.twe.ʌ.it̚.ʌt̚.ta]
통신 채널,9,[tʰoŋ.sin.tʃʰɛ.nʌl],[tʰoŋ.sin.tʃʰɛ.nʌl]
해결할 동안,9,[hɛ.kjʌl.hal.toŋ.an],[hɛ.gjʌl.hal.doŋ.an]
통신이 끊겼어요,9,[tʰoŋ.sin.i.k͈ɯŋ.kjʌt̚.ʌ.jo],[tʰoŋ.sin.i.k͈ɯŋ.kjʌt̚.ʌ.jo]
고마워 잘 있어,9,[ko.ma.wʌ.tʃal.it̚.ʌ],[go.ma.wʌ.dʒal.it̚.ʌ]
발사 미사일,9,[pal.sa.mi.sa.il],[bal.sa.mi.sa.il]
남편과 난,9,[nam.pʰjʌŋ.kwa.nan],[nam.pʰjʌŋ.kwa.nan]
통을 들고,9,[tʰoŋ.ɯl.tɯl.ko],[tʰoŋ.ɯl.dɯl.ko]
통의 전화가,9,[tʰoŋ.ɯi.tʃʌn.hwa.ka],[tʰoŋ.ɯi.dʒʌn.hwa.ga]
통이 있어요,9,[tʰoŋ.i.it̚.ʌ.jo],[tʰoŋ.i.it̚.ʌ.jo]
불러서 온,9,[pul.ɾʌ.sʌ.on],[bul.ɾʌ.sʌ.on]
남편과 아들이,9,[nam.pʰjʌŋ.kwa.a.tɯl.i],[nam.pʰjʌŋ.kwa.a.dɯl.i]
발사 중지,9,[pal.sa.tʃuŋ.tʃi],[bal.sa.dʒuŋ.dʒi]
보호할 수 없다,9,[po.ho.hal.su.ʌp̚.ta],[bo.ho.hal.su.ʌp̚.ta]
통제 좀,9,[tʰoŋ.tʃe.tʃom],[tʰoŋ.dʒe.dʒom]
해결할 유일한,9,[hɛ.kjʌl.hal.ju.il.han],[hɛ.gjʌl.hal.ju.il.han]
보호할 수 있다고,9,[po.ho.hal.su.it̚.ta.ko],[bo.ho.hal.su.it̚.ta.go]
이거 있어,9,[i.kʌ.it̚.ʌ],[i.gʌ.it̚.ʌ]
불러야 되나,9,[pul.ɾʌ.ja.twe.na],[bul.ɾʌ.ja.dwe.na]
해결해 볼게,9,[hɛ.kjʌl.hɛ.pol.ke],[hɛ.gjʌl.hɛ.bol.ke]
발생 반복한다,9,[pal.sɛm.pam.pok̚.han.ta],[bal.sɛŋ.bam.pok̚.han.ta]
때문에 이러는 것,9,[t͈ɛ.mun.e.i.ɾʌ.nɯŋ.kʌt̚],[t͈ɛ.mun.e.i.ɾʌ.nɯn.gʌt̚]
통제를 위해,9,[tʰoŋ.tʃe.ɾɯl.wi.hɛ],[tʰoŋ.dʒe.ɾɯl.wi.hɛ]
통제하는 걸,9,[tʰoŋ.tʃe.ha.nɯŋ.kʌl],[tʰoŋ.dʒe.ha.nɯn.gʌl]
통제하지 않으면,9,[tʰoŋ.tʃe.ha.tʃi.an.ɯ.mjʌn],[tʰoŋ.dʒe.ha.dʒi.an.ɯ.mjʌn]
통제할 수 있을,9,[tʰoŋ.tʃe.hal.su.it̚.ɯl],[tʰoŋ.dʒe.hal.su.it̚.ɯl]
발생한 모든,9,[pal.sɛŋ.han.mo.tɯn],[bal.sɛŋ.han.mo.dɯn]
이거 읽을,9,[i.kʌ.ik̚.ɯl],[i.gʌ.ik̚.ɯl]
통제할 줄,9,[tʰoŋ.tʃe.hal.tʃul],[tʰoŋ.dʒe.hal.dʒul]
해결해야 하는데,9,[hɛ.kjʌl.hɛ.ja.ha.nɯn.te],[hɛ.gjʌl.hɛ.ja.ha.nɯn.te]
통틀어 제일,9,[tʰoŋ.tʰɯl.ʌ.tʃe.il],[tʰoŋ.tʰɯl.ʌ.dʒe.il]
발설하면 안 돼,9,[pal.sʌl.ha.mjʌn.an.twɛ],[bal.sʌl.ha.mjʌn.an.dwɛ]
남편은 무슨,9,[nam.pʰjʌn.ɯn.mu.sɯn],[nam.pʰjʌn.ɯn.mu.sɯn]
발설하지 말라고,9,[pal.sʌl.ha.tʃi.mal.ɾa.ko],[bal.sʌl.ha.dʒi.mal.ɾa.go]
내가 다 봤어요,9,[nɛ.ka.ta.pwat̚.ʌ.jo],[nɛ.ga.da.bwat̚.ʌ.jo]
통할 것 같아요,9,[tʰoŋ.hal.kʌt̚.kat̚.a.jo],[tʰoŋ.hal.gʌt̚.gat̚.a.jo]
통할 줄 알았어,9,[tʰoŋ.hal.tʃul.al.at̚.ʌ],[tʰoŋ.hal.dʒul.al.at̚.ʌ]
통합 시스템,9,[tʰoŋ.hap̚.si.sɯ.tʰem],[tʰoŋ.hap̚.si.sɯ.tʰem]
발신자 표시제한,9,[pal.sin.tʃa.pʰjo.si.tʃe.han],[bal.sin.tʃa.pʰjo.si.dʒe.han]
통해 그녀를,9,[tʰoŋ.hɛ.kɯ.njʌ.ɾɯl],[tʰoŋ.hɛ.gɯ.njʌ.ɾɯl]
복 많은,9,[pok̚.man.ɯn],[bok̚.man.ɯn]
통해 나는,9,[tʰoŋ.hɛ.na.nɯn],[tʰoŋ.hɛ.na.nɯn]
통해 나를,9,[tʰoŋ.hɛ.na.ɾɯl],[tʰoŋ.hɛ.na.ɾɯl]
발언할 수,9,[pal.ʌn.hal.su],[bal.ʌn.hal.su]
고마워 좋아요,9,[ko.ma.wʌ.tʃot̚.a.jo],[go.ma.wʌ.dʒot̚.a.jo]
복 받으세요,9,[pok̚.pat̚.ɯ.se.jo],[bok̚.bat̚.ɯ.se.jo]
발에 걸려,9,[pal.e.kʌl.ɾjʌ],[bal.e.gʌl.ɾjʌ]
PHONE CHIMES,9,,
통해 하지만,9,[tʰoŋ.hɛ.ha.tʃi.man],[tʰoŋ.hɛ.ha.dʒi.man]
희망을 잃은,9,[hɯi.maŋ.ɯl.il.ɯn],[hɯi.maŋ.ɯl.il.ɯn]
남편을 만나,9,[nam.pʰjʌn.ɯl.man.na],[nam.pʰjʌn.ɯl.man.na]
통해서 그,9,[tʰoŋ.hɛ.sʌ.kɯ],[tʰoŋ.hɛ.sʌ.gɯ]
때문에 있는,9,[t͈ɛ.mun.e.it̚.nɯn],[t͈ɛ.mun.e.it̚.nɯn]
공유하는 건,9,[koŋ.ju.ha.nɯŋ.kʌn],[goŋ.ju.ha.nɯn.gʌn]
통화 기록에,9,[tʰoŋ.hwa.ki.ɾok̚.e],[tʰoŋ.hwa.gi.ɾok̚.e]
통화 내용은,9,[tʰoŋ.hwa.nɛ.joŋ.ɯn],[tʰoŋ.hwa.nɛ.joŋ.ɯn]
통화 중이잖아,9,[tʰoŋ.hwa.tʃuŋ.i.tʃan.a],[tʰoŋ.hwa.dʒuŋ.i.dʒan.a]
통화도 못,9,[tʰoŋ.hwa.to.mot̚],[tʰoŋ.hwa.do.mot̚]
희망을 가져,9,[hɯi.maŋ.ɯl.ka.tʃjʌ],[hɯi.maŋ.ɯl.ga.dʒjʌ]
내가 니들,9,[nɛ.ka.ni.tɯl],[nɛ.ga.ni.dɯl]
희망이 생겼어,9,[hɯi.maŋ.i.sɛŋ.kjʌt̚.ʌ],[hɯi.maŋ.i.sɛŋ.gjʌt̚.ʌ]
통화를 좀,9,[tʰoŋ.hwa.ɾɯl.tʃom],[tʰoŋ.hwa.ɾɯl.dʒom]
발이 다,9,[pal.i.ta],[bal.i.da]
발이 묶였습니다,9,[pal.i.muk̚.jʌt̚.sɯp̚.ni.ta],[bal.i.muk̚.jʌt̚.sɯp̚.ni.da]
통화하게 해,9,[tʰoŋ.hwa.ha.ke.hɛ],[tʰoŋ.hwa.ha.ge.hɛ]
발이 묶일,9,[pal.i.muk̚.il],[bal.i.muk̚.il]
고마워 최고의,9,[ko.ma.wʌ.tʃʰwe.ko.ɯi],[go.ma.wʌ.tʃʰwe.go.ɯi]
남편을 찾아,9,[nam.pʰjʌn.ɯl.tʃʰat̚.a],[nam.pʰjʌn.ɯl.tʃʰat̚.a]
남편을 찾으러,9,[nam.pʰjʌn.ɯl.tʃʰat̚.ɯ.ɾʌ],[nam.pʰjʌn.ɯl.tʃʰat̚.ɯ.ɾʌ]
통화할 수 있는,9,[tʰoŋ.hwa.hal.su.it̚.nɯn],[tʰoŋ.hwa.hal.su.it̚.nɯn]
발자국도 움직이지,9,[pal.tʃa.kuk̚.to.un.tʃik̚.i.tʃi],[bal.tʃa.guk̚.to.un.tʃik̚.i.dʒi]
고마워 큰,9,[ko.ma.wʌ.kʰɯn],[go.ma.wʌ.kʰɯn]
고마워 클레어,9,[ko.ma.wʌ.kʰɯl.ɾe.ʌ],[go.ma.wʌ.kʰɯl.ɾe.ʌ]
발작 같은,9,[pal.tʃak̚.kat̚.ɯn],[bal.tʃak̚.gat̚.ɯn]
발작 때문에,9,[pal.tʃak̚.t͈ɛ.mun.e],[bal.tʃak̚.t͈ɛ.mun.e]
퇴근 전까지,9,[tʰwe.kɯn.tʃʌŋ.k͈a.tʃi],[tʰwe.gɯn.dʒʌŋ.k͈a.dʒi]
감당 못 하겠어,9,[kan.taŋ.mot̚.ha.ket̚.ʌ],[gan.taŋ.mot̚.ha.get̚.ʌ]
공유할 것이다,9,[koŋ.ju.hal.kʌt̚.i.ta],[goŋ.ju.hal.gʌt̚.i.da]
퇴원할 거예요,9,[tʰwe.wʌn.hal.kʌ.je.jo],[tʰwe.wʌn.hal.gʌ.je.jo]
퇴원할 때,9,[tʰwe.wʌn.hal.t͈ɛ],[tʰwe.wʌn.hal.t͈ɛ]
내가 다른 사람과,9,[nɛ.ka.ta.ɾɯn.sa.ɾam.kwa],[nɛ.ga.da.ɾɯn.sa.ɾam.kwa]
희망이 있지,9,[hɯi.maŋ.i.it̚.tʃi],[hɯi.maŋ.i.it̚.tʃi]
그중 한 명을,9,[kɯ.tʃuŋ.han.mjʌŋ.ɯl],[gɯ.dʒuŋ.han.mjʌŋ.ɯl]
걸 보니 마음이,9,[kʌl.po.ni.ma.ɯm.i],[gʌl.bo.ni.ma.ɯm.i]
on the door,9,,
해녀 아키짱,9,[hɛ.njʌ.a.kʰi.tʃ͈aŋ],[hɛ.njʌ.a.kʰi.tʃ͈aŋ]
불렀어 그리고,9,[pul.ɾʌt̚.ʌ.kɯ.ɾi.ko],[bul.ɾʌt̚.ʌ.gɯ.ɾi.go]
투르 드 프랑스의,9,[tʰu.ɾɯ.tɯ.pʰɯ.ɾaŋ.sɯ.ɯi],[tʰu.ɾɯ.dɯ.pʰɯ.ɾaŋ.sɯ.ɯi]
남편이 더,9,[nam.pʰjʌn.i.tʌ],[nam.pʰjʌn.i.dʌ]
내가 다시 걸게,9,[nɛ.ka.ta.si.kʌl.ke],[nɛ.ga.da.si.gʌl.ke]
발짝도 움직이지,9,[pal.tʃ͈ak̚.to.un.tʃik̚.i.tʃi],[bal.tʃ͈ak̚.to.un.tʃik̚.i.dʒi]
불렀을 거예요,9,[pul.ɾʌt̚.ɯl.kʌ.je.jo],[bul.ɾʌt̚.ɯl.gʌ.je.jo]
투자를 하는,9,[tʰu.tʃa.ɾɯl.ha.nɯn],[tʰu.dʒa.ɾɯl.ha.nɯn]
발표 할,9,[pal.pʰjo.hal],[bal.pʰjo.hal]
하다 아,9,[ha.ta.a],[ha.da.a]
투표 결과는,9,[tʰu.pʰjo.kjʌl.kwa.nɯn],[tʰu.pʰjo.gjʌl.kwa.nɯn]
발표를 했습니다,9,[pal.pʰjo.ɾɯl.hɛt̚.sɯp̚.ni.ta],[bal.pʰjo.ɾɯl.hɛt̚.sɯp̚.ni.da]
투표 못,9,[tʰu.pʰjo.mot̚],[tʰu.pʰjo.mot̚]
투표도 안,9,[tʰu.pʰjo.to.an],[tʰu.pʰjo.do.an]
남편이 어디,9,[nam.pʰjʌn.i.ʌ.ti],[nam.pʰjʌn.i.ʌ.di]
희생을 치러야,9,[hɯi.sɛŋ.ɯl.tʃʰi.ɾʌ.ja],[hɯi.sɛŋ.ɯl.tʃʰi.ɾʌ.ja]
투표하기 전에,9,[tʰu.pʰjo.ha.ki.tʃʌn.e],[tʰu.pʰjo.ha.gi.dʒʌn.e]
복사본 좀,9,[pok̚.sa.pon.tʃom],[bok̚.sa.bon.dʒom]
발표해야 해,9,[pal.pʰjo.hɛ.ja.hɛ],[bal.pʰjo.hɛ.ja.hɛ]
내가 닫을게,9,[nɛ.ka.tat̚.ɯl.ke],[nɛ.ga.dat̚.ɯl.ke]
해도 괜찮지,9,[hɛ.to.kwɛn.tʃʰan.tʃi],[hɛ.do.gwɛn.tʃʰan.tʃi]
내가 단,9,[nɛ.ka.tan],[nɛ.ga.dan]
퉁퉁 부은,9,[tʰuŋ.tʰum.pu.ɯn],[tʰuŋ.tʰuŋ.bu.ɯn]
내가 달라고,9,[nɛ.ka.tal.ɾa.ko],[nɛ.ga.dal.ɾa.go]
남편이 있어요,9,[nam.pʰjʌn.i.it̚.ʌ.jo],[nam.pʰjʌn.i.it̚.ʌ.jo]
해도 그래도,9,[hɛ.to.kɯ.ɾɛ.to],[hɛ.do.gɯ.ɾɛ.do]
튀어 나가,9,[tʰwi.ʌ.na.ka],[tʰwi.ʌ.na.ga]
남편이 자기,9,[nam.pʰjʌn.i.tʃa.ki],[nam.pʰjʌn.i.dʒa.gi]
밝게 빛났지만,9,[pak̚.ke.pit̚.nat̚.tʃi.man],[bak̚.ke.bit̚.nat̚.tʃi.man]
밝게 빛났지만 이제,9,[pak̚.ke.pit̚.nat̚.tʃi.man.i.tʃe],[bak̚.ke.bit̚.nat̚.tʃi.man.i.dʒe]
남편이 제,9,[nam.pʰjʌn.i.tʃe],[nam.pʰjʌn.i.dʒe]
고마워요 가,9,[ko.ma.wʌ.jo.ka],[go.ma.wʌ.jo.ga]
내가 자네들,9,[nɛ.ka.tʃa.ne.tɯl],[nɛ.ga.dʒa.ne.dɯl]
튤립은 어디,9,[tʰjul.ɾip̚.ɯn.ʌ.ti],[tʰjul.ɾip̚.ɯn.ʌ.di]
밝은 데서,9,[pak̚.ɯn.te.sʌ],[bak̚.ɯn.de.sʌ]
트래비스 핌멜,9,[tʰɯ.ɾɛ.pi.sɯ.pʰim.mel],[tʰɯ.ɾɛ.bi.sɯ.pʰim.mel]
밝은 별,9,[pak̚.ɯm.pjʌl],[bak̚.ɯn.bjʌl]
트럭 가지고,9,[tʰɯ.ɾʌk̚.ka.tʃi.ko],[tʰɯ.ɾʌk̚.ga.dʒi.go]
고마워요 갑시다,9,[ko.ma.wʌ.jo.kap̚.si.ta],[go.ma.wʌ.jo.gap̚.si.da]
트럭 때문에,9,[tʰɯ.ɾʌk̚.t͈ɛ.mun.e],[tʰɯ.ɾʌk̚.t͈ɛ.mun.e]
밝을 때까지,9,[pak̚.ɯl.t͈ɛ.k͈a.tʃi],[bak̚.ɯl.t͈ɛ.k͈a.dʒi]
이거에 비하면,9,[i.kʌ.e.pi.ha.mjʌn],[i.gʌ.e.bi.ha.mjʌn]
해도 돼 그게,9,[hɛ.to.twɛ.kɯ.ke],[hɛ.do.dwɛ.gɯ.ge]
복수를 할 것이다,9,[pok̚.su.ɾɯl.hal.kʌt̚.i.ta],[bok̚.su.ɾɯl.hal.gʌt̚.i.da]
트럭 한 대,9,[tʰɯ.ɾʌk̚.han.tɛ],[tʰɯ.ɾʌk̚.han.dɛ]
밝혀내야 해요,9,[pak̚.hjʌ.nɛ.ja.hɛ.jo],[bak̚.hjʌ.nɛ.ja.hɛ.jo]
이거지 내,9,[i.kʌ.tʃi.nɛ],[i.gʌ.dʒi.nɛ]
트럭에 타요,9,[tʰɯ.ɾʌk̚.e.tʰa.jo],[tʰɯ.ɾʌk̚.e.tʰa.jo]
남학생 사교 클럽,9,[nam.hak̚.sɛŋ.sa.kjo.kʰɯl.ɾʌp̚],[nam.hak̚.sɛŋ.sa.gjo.kʰɯl.ɾʌp̚]
트럭에 태워,9,[tʰɯ.ɾʌk̚.e.tʰɛ.wʌ],[tʰɯ.ɾʌk̚.e.tʰɛ.wʌ]
감당이 안 되는,9,[kan.taŋ.i.an.twe.nɯn],[gan.taŋ.i.an.dwe.nɯn]
이건 FBI,9,[i.kʌn],[i.gʌn]
밝혀야 합니다,9,[pak̚.hjʌ.ja.hap̚.ni.ta],[bak̚.hjʌ.ja.hap̚.ni.da]
밝혀졌습니다 이,9,[pak̚.hjʌ.tʃjʌt̚.sɯp̚.ni.ta.i],[bak̚.hjʌ.dʒjʌt̚.sɯp̚.ni.da.i]
밝혀지기 전까지,9,[pak̚.hjʌ.tʃi.ki.tʃʌŋ.k͈a.tʃi],[bak̚.hjʌ.dʒi.gi.dʒʌŋ.k͈a.dʒi]
밝혀지면 내가,9,[pak̚.hjʌ.tʃi.mjʌn.nɛ.ka],[bak̚.hjʌ.dʒi.mjʌn.nɛ.ga]
밝혀지지 않고,9,[pak̚.hjʌ.tʃi.tʃi.aŋ.ko],[bak̚.hjʌ.dʒi.dʒi.aŋ.ko]
밝혀지지 않았으며,9,[pak̚.hjʌ.tʃi.tʃi.an.at̚.ɯ.mjʌ],[bak̚.hjʌ.dʒi.dʒi.an.at̚.ɯ.mjʌ]
남홍주 씨가,9,[nam.hoŋ.tʃu.s͈i.ka],[nam.hoŋ.dʒu.s͈i.ga]
트렁크 쇼는,9,[tʰɯ.ɾʌŋ.kʰɯ.sjo.nɯn],[tʰɯ.ɾʌŋ.kʰɯ.sjo.nɯn]
트렁크에 넣고,9,[tʰɯ.ɾʌŋ.kʰɯ.e.nʌt̚.ko],[tʰɯ.ɾʌŋ.kʰɯ.e.nʌt̚.ko]
트렁크에 있던,9,[tʰɯ.ɾʌŋ.kʰɯ.e.it̚.tʌn],[tʰɯ.ɾʌŋ.kʰɯ.e.it̚.tʌn]
트레일러 주차장,9,[tʰɯ.ɾe.il.ɾʌ.tʃu.tʃʰa.tʃaŋ],[tʰɯ.ɾe.il.ɾʌ.dʒu.tʃʰa.dʒaŋ]
트레일러 파크에,9,[tʰɯ.ɾe.il.ɾʌ.pʰa.kʰɯ.e],[tʰɯ.ɾe.il.ɾʌ.pʰa.kʰɯ.e]
밝히는 걸,9,[pak̚.hi.nɯŋ.kʌl],[bak̚.hi.nɯn.gʌl]
트렌트 씨,9,[tʰɯ.ɾen.tʰɯ.s͈i],[tʰɯ.ɾen.tʰɯ.s͈i]
트로이 작전,9,[tʰɯ.ɾo.i.tʃak̚.tʃʌn],[tʰɯ.ɾo.i.dʒak̚.tʃʌn]
지겹지도 않아요,9,[tʃi.kjʌp̚.tʃi.to.an.a.jo],[dʒi.gjʌp̚.tʃi.do.an.a.jo]
이건 게임이 아니에요,9,[i.kʌŋ.ke.im.i.a.ni.e.jo],[i.gʌn.ge.im.i.a.ni.e.jo]
가늠이 안,9,[ka.nɯm.i.an],[ga.nɯm.i.an]
이건 계획된,9,[i.kʌŋ.kje.hwek̚.twen],[i.gʌn.gje.hwek̚.twen]
복수하기 위해 결국 누군가는,9,[pok̚.su.ha.ki.wi.hɛ.kjʌl.kuk̚.nu.kuŋ.ka.nɯn],[bok̚.su.ha.gi.wi.hɛ.gjʌl.kuk̚.nu.guŋ.ka.nɯn]
해도 막을,9,[hɛ.to.mak̚.ɯl],[hɛ.do.mak̚.ɯl]
밝힐 수 없습니다,9,[pak̚.hil.su.ʌp̚.sɯp̚.ni.ta],[bak̚.hil.su.ʌp̚.sɯp̚.ni.da]
밝힐 수는,9,[pak̚.hil.su.nɯn],[bak̚.hil.su.nɯn]
밝힐 순,9,[pak̚.hil.sun],[bak̚.hil.sun]
관광 명소,9,[kwaŋ.kwaŋ.mjʌŋ.so],[gwaŋ.kwaŋ.mjʌŋ.so]
특별 대우는,9,[tʰɯk̚.pjʌl.tɛ.u.nɯn],[tʰɯk̚.pjʌl.dɛ.u.nɯn]
내가 당신을 믿어야,9,[nɛ.ka.taŋ.sin.ɯl.mit̚.ʌ.ja],[nɛ.ga.daŋ.sin.ɯl.mit̚.ʌ.ja]
특별 메뉴는,9,[tʰɯk̚.pjʌl.me.nju.nɯn],[tʰɯk̚.pjʌl.me.nju.nɯn]
특별 손님이,9,[tʰɯk̚.pjʌl.son.nim.i],[tʰɯk̚.pjʌl.son.nim.i]
고마워요 그러면,9,[ko.ma.wʌ.jo.kɯ.ɾʌ.mjʌn],[go.ma.wʌ.jo.gɯ.ɾʌ.mjʌn]
해도 소용,9,[hɛ.to.so.joŋ],[hɛ.do.so.joŋ]
해도 소름,9,[hɛ.to.so.ɾɯm],[hɛ.do.so.ɾɯm]
복숭아 파이,9,[pok̚.suŋ.a.pʰa.i],[bok̚.suŋ.a.pʰa.i]
아들 못,9,[a.tɯl.mot̚],[a.dɯl.mot̚]
밤 가장,9,[pam.ka.tʃaŋ],[bam.ga.dʒaŋ]
밤 거의,9,[pam.kʌ.ɯi],[bam.gʌ.ɯi]
특별한 기술을,9,[tʰɯk̚.pjʌl.haŋ.ki.sul.ɯl],[tʰɯk̚.pjʌl.han.gi.sul.ɯl]
특별한 날이에요,9,[tʰɯk̚.pjʌl.han.nal.i.e.jo],[tʰɯk̚.pjʌl.han.nal.i.e.jo]
불리한 증언을 하다,9,[pul.ɾi.han.tʃɯŋ.ʌn.ɯl.ha.ta],[bul.ɾi.han.dʒɯŋ.ʌn.ɯl.ha.da]
밤 그곳에 있었다,9,[pam.kɯ.kot̚.e.it̚.ʌt̚.ta],[bam.gɯ.got̚.e.it̚.ʌt̚.ta]
고마워요 기분,9,[ko.ma.wʌ.jo.ki.pun],[go.ma.wʌ.jo.gi.bun]
고마워요 기분이,9,[ko.ma.wʌ.jo.ki.pun.i],[go.ma.wʌ.jo.gi.bun.i]
해도 말 안,9,[hɛ.to.mal.an],[hɛ.do.mal.an]
맛이 이상해,9,[mat̚.i.i.saŋ.hɛ],[mat̚.i.i.saŋ.hɛ]
특별한 의미가 있는,9,[tʰɯk̚.pjʌl.han.ɯi.mi.ka.it̚.nɯn],[tʰɯk̚.pjʌl.han.ɯi.mi.ga.it̚.nɯn]
밤 나한테,9,[pam.na.han.tʰe],[bam.na.han.tʰe]
감당할 수 없다면,9,[kan.taŋ.hal.su.ʌp̚.ta.mjʌn],[gan.taŋ.hal.su.ʌp̚.ta.mjʌn]
납치하는 건,9,[nap̚.tʃʰi.ha.nɯŋ.kʌn],[nap̚.tʃʰi.ha.nɯn.gʌn]
특별한 한,9,[tʰɯk̚.pjʌl.han.han],[tʰɯk̚.pjʌl.han.han]
특별할 건,9,[tʰɯk̚.pjʌl.hal.kʌn],[tʰɯk̚.pjʌl.hal.gʌn]
특별히 font face,9,[tʰɯk̚.pjʌl.hi],[tʰɯk̚.pjʌl.hi]
특별히 굵은 줄,9,[tʰɯk̚.pjʌl.hi.kuk̚.ɯn.tʃul],[tʰɯk̚.pjʌl.hi.guk̚.ɯn.dʒul]
밤 당신과,9,[pan.taŋ.siŋ.kwa],[bam.daŋ.siŋ.kwa]
특별히 이상한,9,[tʰɯk̚.pjʌl.hi.i.saŋ.han],[tʰɯk̚.pjʌl.hi.i.saŋ.han]
내가 대신 사과할게,9,[nɛ.ka.tɛ.sin.sa.kwa.hal.ke],[nɛ.ga.dɛ.sin.sa.gwa.hal.ke]
특별히 할,9,[tʰɯk̚.pjʌl.hi.hal],[tʰɯk̚.pjʌl.hi.hal]
밤 되시오,9,[pan.twe.si.o],[bam.dwe.si.o]
고마워요 너,9,[ko.ma.wʌ.jo.nʌ],[go.ma.wʌ.jo.nʌ]
문제가 생길까,9,[mun.tʃe.ka.sɛŋ.kil.k͈a],[mun.tʃe.ga.sɛŋ.gil.k͈a]
해두는 게 좋을,9,[hɛ.tu.nɯŋ.ke.tʃot̚.ɯl],[hɛ.du.nɯn.ge.dʒot̚.ɯl]
특수 임무,9,[tʰɯk̚.su.im.mu],[tʰɯk̚.su.im.mu]
밤 말고,9,[pam.mal.ko],[bam.mal.ko]
해둘 필요가,9,[hɛ.tul.pʰil.jo.ka],[hɛ.dul.pʰil.jo.ga]
해드리고 싶습니다,9,[hɛ.tɯ.ɾi.ko.sip̚.sɯp̚.ni.ta],[hɛ.dɯ.ɾi.go.sip̚.sɯp̚.ni.da]
해드리는 게,9,[hɛ.tɯ.ɾi.nɯŋ.ke],[hɛ.dɯ.ɾi.nɯn.ge]
해드려서 죄송합니다,9,[hɛ.tɯ.ɾjʌ.sʌ.tʃwe.soŋ.hap̚.ni.ta],[hɛ.dɯ.ɾjʌ.sʌ.dʒwe.soŋ.hap̚.ni.da]
히터 좀,9,[hi.tʰʌ.tʃom],[hi.tʰʌ.dʒom]
해드리면 저도,9,[hɛ.tɯ.ɾi.mjʌn.tʃʌ.to],[hɛ.dɯ.ɾi.mjʌn.dʒʌ.do]
갔어요 어디로,9,[kat̚.ʌ.jo.ʌ.ti.ɾo],[gat̚.ʌ.jo.ʌ.di.ɾo]
밤 비행기로,9,[pam.pi.hɛŋ.ki.ɾo],[bam.bi.hɛŋ.gi.ɾo]
불만을 가진,9,[pul.man.ɯl.ka.tʃin],[bul.man.ɯl.ga.dʒin]
내가 당연히,9,[nɛ.ka.taŋ.jʌn.hi],[nɛ.ga.daŋ.jʌn.hi]
특정 방식으로,9,[tʰɯk̚.tʃʌm.paŋ.sik̚.ɯ.ɾo],[tʰɯk̚.tʃʌŋ.baŋ.sik̚.ɯ.ɾo]
복잡한 일에,9,[pok̚.tʃap̚.han.il.e],[bok̚.tʃap̚.han.il.e]
이건 내 생각이,9,[i.kʌn.nɛ.sɛŋ.kak̚.i],[i.gʌn.nɛ.sɛŋ.gak̚.i]
괜찮다는 거지,9,[kwɛn.tʃʰan.ta.nɯŋ.kʌ.tʃi],[gwɛn.tʃʰan.ta.nɯn.gʌ.dʒi]
as our,9,,
특히 그들이,9,[tʰɯk̚.hi.kɯ.tɯl.i],[tʰɯk̚.hi.gɯ.dɯl.i]
밤 어떻게,9,[pam.ʌ.t͈ʌt̚.ke],[bam.ʌ.t͈ʌt̚.ke]
낫고 싶어요,9,[nat̚.ko.sip̚.ʌ.jo],[nat̚.ko.sip̚.ʌ.jo]
힘 빠진,9,[him.p͈a.tʃin],[him.p͈a.dʒin]
내가 작업,9,[nɛ.ka.tʃak̚.ʌp̚],[nɛ.ga.dʒak̚.ʌp̚]
특히 너희,9,[tʰɯk̚.hi.nʌ.hɯi],[tʰɯk̚.hi.nʌ.hɯi]
고마워요 다음은,9,[ko.ma.wʌ.jo.ta.ɯm.ɯn],[go.ma.wʌ.jo.da.ɯm.ɯn]
특히 당신은,9,[tʰɯk̚.hi.taŋ.sin.ɯn],[tʰɯk̚.hi.daŋ.sin.ɯn]
낫긴 하지만,9,[nat̚.kin.ha.tʃi.man],[nat̚.kin.ha.dʒi.man]
걸 보시면,9,[kʌl.po.si.mjʌn],[gʌl.bo.si.mjʌn]
낫네요 고마워요,9,[nat̚.ne.jo.ko.ma.wʌ.jo],[nat̚.ne.jo.go.ma.wʌ.jo]
특히 젊은,9,[tʰɯk̚.hi.tʃʌm.ɯn],[tʰɯk̚.hi.dʒʌm.ɯn]
때문에요 당신은,9,[t͈ɛ.mun.e.jo.taŋ.sin.ɯn],[t͈ɛ.mun.e.jo.daŋ.sin.ɯn]
고마워요 당연하죠,9,[ko.ma.wʌ.jo.taŋ.jʌn.ha.tʃjo],[go.ma.wʌ.jo.daŋ.jʌn.ha.dʒjo]
밤 일찍,9,[pam.il.tʃ͈ik̚],[bam.il.tʃ͈ik̚]
이건 내가 바라던,9,[i.kʌn.nɛ.ka.pa.ɾa.tʌn],[i.gʌn.nɛ.ga.ba.ɾa.dʌn]
힘 조절이,9,[hin.tʃo.tʃʌl.i],[him.dʒo.dʒʌl.i]
이건 내가 선택한,9,[i.kʌn.nɛ.ka.sʌn.tʰɛk̚.han],[i.gʌn.nɛ.ga.sʌn.tʰɛk̚.han]
틀 밖에서,9,[tʰɯl.pak̚.e.sʌ],[tʰɯl.bak̚.e.sʌ]
복주 그,9,[pok̚.tʃu.kɯ],[bok̚.tʃu.gɯ]
낫다고 할,9,[nat̚.ta.ko.hal],[nat̚.ta.go.hal]
틀렸다고 봐요,9,[tʰɯl.ɾjʌt̚.ta.ko.pwa.jo],[tʰɯl.ɾjʌt̚.ta.go.bwa.jo]
틀렸어요 당신이,9,[tʰɯl.ɾjʌt̚.ʌ.jo.taŋ.sin.i],[tʰɯl.ɾjʌt̚.ʌ.jo.daŋ.sin.i]
틀렸어요 당신은,9,[tʰɯl.ɾjʌt̚.ʌ.jo.taŋ.sin.ɯn],[tʰɯl.ɾjʌt̚.ʌ.jo.daŋ.sin.ɯn]
고마워요 됐어요,9,[ko.ma.wʌ.jo.twɛt̚.ʌ.jo],[go.ma.wʌ.jo.dwɛt̚.ʌ.jo]
밤 해변에서,9,[pam.hɛ.pjʌn.e.sʌ],[bam.hɛ.bjʌn.e.sʌ]
본 거 같아서,9,[poŋ.kʌ.kat̚.a.sʌ],[bon.gʌ.gat̚.a.sʌ]
낫지 네가,9,[nat̚.tʃi.ne.ka],[nat̚.tʃi.ne.ga]
틀린 말은 아니에요,9,[tʰɯl.ɾin.mal.ɯn.a.ni.e.jo],[tʰɯl.ɾin.mal.ɯn.a.ni.e.jo]
고마워요 드디어,9,[ko.ma.wʌ.jo.tɯ.ti.ʌ],[go.ma.wʌ.jo.dɯ.di.ʌ]
절대 도망 안,9,[tʃʌl.tɛ.to.maŋ.an],[dʒʌl.tɛ.do.maŋ.an]
틀릴 때가,9,[tʰɯl.ɾil.t͈ɛ.ka],[tʰɯl.ɾil.t͈ɛ.ga]
해변 프릭,9,[hɛ.pjʌm.pʰɯ.ɾik̚],[hɛ.bjʌm.pʰɯ.ɾik̚]
틀림 없습니다,9,[tʰɯl.ɾim.ʌp̚.sɯp̚.ni.ta],[tʰɯl.ɾim.ʌp̚.sɯp̚.ni.da]
이건 네 싸움이,9,[i.kʌn.ne.s͈a.um.i],[i.gʌn.ne.s͈a.um.i]
틀림없이 가지고,9,[tʰɯl.ɾim.ʌp̚.i.ka.tʃi.ko],[tʰɯl.ɾim.ʌp̚.i.ga.dʒi.go]
틀림없이 그것을,9,[tʰɯl.ɾim.ʌp̚.i.kɯ.kʌt̚.ɯl],[tʰɯl.ɾim.ʌp̚.i.gɯ.gʌt̚.ɯl]
해변에 누워,9,[hɛ.pjʌn.e.nu.wʌ],[hɛ.bjʌn.e.nu.wʌ]
해방해주소서 우리를 해방해주소서,9,[hɛ.paŋ.hɛ.tʃu.so.sʌ.u.ɾi.ɾɯl.hɛ.paŋ.hɛ.tʃu.so.sʌ],[hɛ.baŋ.hɛ.dʒu.so.sʌ.u.ɾi.ɾɯl.hɛ.baŋ.hɛ.dʒu.so.sʌ]
틀림없이 있을,9,[tʰɯl.ɾim.ʌp̚.i.it̚.ɯl],[tʰɯl.ɾim.ʌp̚.i.it̚.ɯl]
밤새 날,9,[pam.sɛ.nal],[bam.sɛ.nal]
아들은 아직,9,[a.tɯl.ɯn.a.tʃik̚],[a.dɯl.ɯn.a.dʒik̚]
본 거냐,9,[poŋ.kʌ.nja],[bon.gʌ.nja]
해변으로 가자,9,[hɛ.pjʌn.ɯ.ɾo.ka.tʃa],[hɛ.bjʌn.ɯ.ɾo.ga.dʒa]
본 거라곤,9,[poŋ.kʌ.ɾa.kon],[bon.gʌ.ɾa.gon]
났고 그,9,[nat̚.ko.kɯ],[nat̚.ko.gɯ]
감당할 자신,9,[kan.taŋ.hal.tʃa.sin],[gan.taŋ.hal.dʒa.sin]
해보고 싶다고,9,[hɛ.po.ko.sip̚.ta.ko],[hɛ.bo.go.sip̚.ta.go]
티 타임,9,[tʰi.tʰa.im],[tʰi.tʰa.im]
티 팍팍,9,[tʰi.pʰak̚.pʰak̚],[tʰi.pʰak̚.pʰak̚]
불법 거래,9,[pul.pʌp̚.kʌ.ɾɛ],[bul.pʌp̚.gʌ.ɾɛ]
as soon as we,9,,
티끌 하나 없는,9,[tʰi.k͈ɯl.ha.na.ʌp̚.nɯn],[tʰi.k͈ɯl.ha.na.ʌp̚.nɯn]
본 건 언제죠,9,[poŋ.kʌn.ʌn.tʃe.tʃjo],[bon.gʌn.ʌn.tʃe.dʒjo]
고마워요 멋진,9,[ko.ma.wʌ.jo.mʌt̚.tʃin],[go.ma.wʌ.jo.mʌt̚.tʃin]
티모시 맥기,9,[tʰi.mo.si.mɛk̚.ki],[tʰi.mo.si.mɛk̚.ki]
밤에 네가,9,[pam.e.ne.ka],[bam.e.ne.ga]
티켓을 가지고,9,[tʰi.kʰet̚.ɯl.ka.tʃi.ko],[tʰi.kʰet̚.ɯl.ga.dʒi.go]
그쪽은 어떻게,9,[kɯ.tʃ͈ok̚.ɯn.ʌ.t͈ʌt̚.ke],[gɯ.tʃ͈ok̚.ɯn.ʌ.t͈ʌt̚.ke]
났어 그게,9,[nat̚.ʌ.kɯ.ke],[nat̚.ʌ.gɯ.ge]
났어 그냥,9,[nat̚.ʌ.kɯ.njaŋ],[nat̚.ʌ.gɯ.njaŋ]
틴 초이스,9,[tʰin.tʃʰo.i.sɯ],[tʰin.tʃʰo.i.sɯ]
고마워요 무슨 일이에요,9,[ko.ma.wʌ.jo.mu.sɯn.il.i.e.jo],[go.ma.wʌ.jo.mu.sɯn.il.i.e.jo]
났어 그럼,9,[nat̚.ʌ.kɯ.ɾʌm],[nat̚.ʌ.gɯ.ɾʌm]
팀 그,9,[tʰim.kɯ],[tʰim.gɯ]
났어 넌,9,[nat̚.ʌ.nʌn],[nat̚.ʌ.nʌn]
밤에 떠오르는 青い光に,9,[pam.e.t͈ʌ.o.ɾɯ.nɯn],[bam.e.t͈ʌ.o.ɾɯ.nɯn]
as such,9,,
났어 무슨 일이야,9,[nat̚.ʌ.mu.sɯn.il.i.ja],[nat̚.ʌ.mu.sɯn.il.i.ja]
해본 적 있으세요,9,[hɛ.pon.tʃʌk̚.it̚.ɯ.se.jo],[hɛ.bon.dʒʌk̚.it̚.ɯ.se.jo]
팀 주장,9,[tʰin.tʃu.tʃaŋ],[tʰim.dʒu.dʒaŋ]
팀 플래시,9,[tʰim.pʰɯl.ɾɛ.si],[tʰim.pʰɯl.ɾɛ.si]
났어 젠장,9,[nat̚.ʌ.tʃen.tʃaŋ],[nat̚.ʌ.dʒen.tʃaŋ]
힘든 날,9,[hin.tɯn.nal],[hin.tɯn.nal]
난 당신이나,9,[nan.taŋ.sin.i.na],[nan.daŋ.sin.i.na]
밤에 봬요,9,[pam.e.pwɛ.jo],[bam.e.bwɛ.jo]
팀에서 온,9,[tʰim.e.sʌ.on],[tʰim.e.sʌ.on]
밤에 얘기하자,9,[pam.e.jɛ.ki.ha.tʃa],[bam.e.jɛ.gi.ha.dʒa]
밤에 어디에,9,[pam.e.ʌ.ti.e],[bam.e.ʌ.di.e]
팀을 만들,9,[tʰim.ɯl.man.tɯl],[tʰim.ɯl.man.tɯl]
갔었어 그,9,[kat̚.ʌt̚.ʌ.kɯ],[gat̚.ʌt̚.ʌ.gɯ]
해봐 나는,9,[hɛ.pwa.na.nɯn],[hɛ.bwa.na.nɯn]
팀을 위한,9,[tʰim.ɯl.wi.han],[tʰim.ɯl.wi.han]
팀을 이끌,9,[tʰim.ɯl.i.k͈ɯl],[tʰim.ɯl.i.k͈ɯl]
공주 전하와,9,[koŋ.tʃu.tʃʌn.ha.wa],[goŋ.dʒu.dʒʌn.ha.wa]
났을 뿐이야,9,[nat̚.ɯl.p͈un.i.ja],[nat̚.ɯl.p͈un.i.ja]
이건 마약,9,[i.kʌn.ma.jak̚],[i.gʌn.ma.jak̚]
이건 마음에,9,[i.kʌn.ma.ɯm.e],[i.gʌn.ma.ɯm.e]
때문이야 그런데,9,[t͈ɛ.mun.i.ja.kɯ.ɾʌn.te],[t͈ɛ.mun.i.ja.gɯ.ɾʌn.te]
해봐 어디,9,[hɛ.pwa.ʌ.ti],[hɛ.bwa.ʌ.di]
내가 도와주길,9,[nɛ.ka.to.wa.tʃu.kil],[nɛ.ga.do.wa.dʒu.gil]
때문이야 근데,9,[t͈ɛ.mun.i.ja.kɯn.te],[t͈ɛ.mun.i.ja.gɯn.te]
팀이 한,9,[tʰim.i.han],[tʰim.i.han]
고마워요 부인,9,[ko.ma.wʌ.jo.pu.in],[go.ma.wʌ.jo.bu.in]
해봐도 될까,9,[hɛ.pwa.to.twel.k͈a],[hɛ.bwa.do.dwel.k͈a]
팁은 안,9,[tʰip̚.ɯn.an],[tʰip̚.ɯn.an]
팁을 주고,9,[tʰip̚.ɯl.tʃu.ko],[tʰip̚.ɯl.dʒu.go]
때문이야 그런,9,[t͈ɛ.mun.i.ja.kɯ.ɾʌn],[t͈ɛ.mun.i.ja.gɯ.ɾʌn]
해봐야 한다고,9,[hɛ.pwa.ja.han.ta.ko],[hɛ.bwa.ja.han.ta.go]
파 봐야,9,[pʰa.pwa.ja],[pʰa.bwa.ja]
파고 들었다,9,[pʰa.ko.tɯl.ʌt̚.ta],[pʰa.go.dɯl.ʌt̚.ta]
힘든 시기입니다,9,[hin.tɯn.si.ki.ip̚.ni.ta],[hin.tɯn.si.gi.ip̚.ni.da]
밤에는 못,9,[pam.e.nɯn.mot̚],[bam.e.nɯn.mot̚]
파괴와 재생에서 破壊と再生から,9,[pʰa.kwe.wa.tʃɛ.sɛŋ.e.sʌ],[pʰa.gwe.wa.dʒɛ.sɛŋ.e.sʌ]
파괴와 재생에서 破壊と再生から 파괴와,9,[pʰa.kwe.wa.tʃɛ.sɛŋ.e.sʌ.pʰa.kwe.wa],[pʰa.gwe.wa.dʒɛ.sɛŋ.e.sʌ.pʰa.gwe.wa]
이건 모두의,9,[i.kʌn.mo.tu.ɯi],[i.gʌn.mo.du.ɯi]
파괴할 거라고,9,[pʰa.kwe.hal.kʌ.ɾa.ko],[pʰa.gwe.hal.gʌ.ɾa.go]
밤은 어때,9,[pam.ɯn.ʌ.t͈ɛ],[bam.ɯn.ʌ.t͈ɛ]
이건 모욕이야,9,[i.kʌn.mo.jok̚.i.ja],[i.gʌn.mo.jok̚.i.ja]
이건 명령입니다,9,[i.kʌn.mjʌŋ.ɾjʌŋ.ip̚.ni.ta],[i.gʌn.mjʌŋ.ɾjʌŋ.ip̚.ni.da]
힘든 일이긴,9,[hin.tɯn.il.i.kin],[hin.tɯn.il.i.gin]
파는 거요,9,[pʰa.nɯŋ.kʌ.jo],[pʰa.nɯn.gʌ.jo]
파는 데가,9,[pʰa.nɯn.te.ka],[pʰa.nɯn.de.ga]
파는 물건,9,[pʰa.nɯn.mul.kʌn],[pʰa.nɯn.mul.kʌn]
내가 도와줄게 고마워,9,[nɛ.ka.to.wa.tʃul.ke.ko.ma.wʌ],[nɛ.ga.do.wa.dʒul.ke.go.ma.wʌ]
낭비하는 걸,9,[nam.pi.ha.nɯŋ.kʌl],[naŋ.bi.ha.nɯn.gʌl]
낭비하는 것,9,[nam.pi.ha.nɯŋ.kʌt̚],[naŋ.bi.ha.nɯn.gʌt̚]
고마워요 아가씨,9,[ko.ma.wʌ.jo.a.ka.s͈i],[go.ma.wʌ.jo.a.ga.s͈i]
아들을 보게,9,[a.tɯl.ɯl.po.ke],[a.dɯl.ɯl.bo.ge]
아들을 죽였습니다,9,[a.tɯl.ɯl.tʃuk̚.jʌt̚.sɯp̚.ni.ta],[a.dɯl.ɯl.dʒuk̚.jʌt̚.sɯp̚.ni.da]
파도소리의 메모리를,9,[pʰa.to.so.ɾi.ɯi.me.mo.ɾi.ɾɯl],[pʰa.do.so.ɾi.ɯi.me.mo.ɾi.ɾɯl]
낭비하면 안 돼,9,[nam.pi.ha.mjʌn.an.twɛ],[naŋ.bi.ha.mjʌn.an.dwɛ]
파도에 휩쓸려,9,[pʰa.to.e.hwip̚.s͈ɯl.ɾjʌ],[pʰa.do.e.hwip̚.s͈ɯl.ɾjʌ]
해서 나쁜,9,[hɛ.sʌ.na.p͈ɯn],[hɛ.sʌ.na.p͈ɯn]
해서 넌,9,[hɛ.sʌ.nʌn],[hɛ.sʌ.nʌn]
파란 거,9,[pʰa.ɾaŋ.kʌ],[pʰa.ɾan.gʌ]
밤을 새웠어요,9,[pam.ɯl.sɛ.wʌt̚.ʌ.jo],[bam.ɯl.sɛ.wʌt̚.ʌ.jo]
낭비하지 마요,9,[nam.pi.ha.tʃi.ma.jo],[naŋ.bi.ha.dʒi.ma.jo]
이건 민주주의가,9,[i.kʌn.min.tʃu.tʃu.ɯi.ka],[i.gʌn.min.tʃu.dʒu.ɯi.ga]
걸 보여준,9,[kʌl.po.jʌ.tʃun],[gʌl.bo.jʌ.dʒun]
밤의 생명체여,9,[pam.ɯi.sɛŋ.mjʌŋ.tʃʰe.jʌ],[bam.ɯi.sɛŋ.mjʌŋ.tʃʰe.jʌ]
해서 모두,9,[hɛ.sʌ.mo.tu],[hɛ.sʌ.mo.du]
A miracle,9,,
고마워요 아직도,9,[ko.ma.wʌ.jo.a.tʃik̚.to],[go.ma.wʌ.jo.a.dʒik̚.to]
파면 팔수록,9,[pʰa.mjʌm.pʰal.su.ɾok̚],[pʰa.mjʌm.pʰal.su.ɾok̚]
불쌍한 것들,9,[pul.s͈aŋ.haŋ.kʌt̚.tɯl],[bul.s͈aŋ.han.gʌt̚.tɯl]
본 사람한테,9,[pon.sa.ɾam.han.tʰe],[bon.sa.ɾam.han.tʰe]
파블로 에스코바는,9,[pʰa.pɯl.ɾo.e.sɯ.kʰo.pa.nɯn],[pʰa.bɯl.ɾo.e.sɯ.kʰo.ba.nɯn]
이건 부당해요,9,[i.kʌm.pu.taŋ.hɛ.jo],[i.gʌn.bu.daŋ.hɛ.jo]
밤이면 밤마다,9,[pam.i.mjʌm.pam.ma.ta],[bam.i.mjʌn.bam.ma.da]
힘든 일에,9,[hin.tɯn.il.e],[hin.tɯn.il.e]
파악도 못,9,[pʰa.ak̚.to.mot̚],[pʰa.ak̚.to.mot̚]
해서 여기까지,9,[hɛ.sʌ.jʌ.ki.k͈a.tʃi],[hɛ.sʌ.jʌ.gi.k͈a.dʒi]
밥 더,9,[pap̚.tʌ],[bap̚.dʌ]
파악이 안 되는,9,[pʰa.ak̚.i.an.twe.nɯn],[pʰa.ak̚.i.an.dwe.nɯn]
고마워요 알았어요,9,[ko.ma.wʌ.jo.al.at̚.ʌ.jo],[go.ma.wʌ.jo.al.at̚.ʌ.jo]
파악할 수 있게,9,[pʰa.ak̚.hal.su.it̚.ke],[pʰa.ak̚.hal.su.it̚.ke]
밥 맛있게,9,[pap̚.mat̚.it̚.ke],[bap̚.mat̚.it̚.ke]
밥 먹게,9,[pap̚.mʌk̚.ke],[bap̚.mʌk̚.ke]
파워를 가진,9,[pʰa.wʌ.ɾɯl.ka.tʃin],[pʰa.wʌ.ɾɯl.ga.dʒin]
낮은 거,9,[nat̚.ɯŋ.kʌ],[nat̚.ɯn.gʌ]
밥 먹어라,9,[pap̚.mʌk̚.ʌ.ɾa],[bap̚.mʌk̚.ʌ.ɾa]
밥 먹으러 갈,9,[pap̚.mʌk̚.ɯ.ɾʌ.kal],[bap̚.mʌk̚.ɯ.ɾʌ.gal]
밥 먹으러 갈까,9,[pap̚.mʌk̚.ɯ.ɾʌ.kal.k͈a],[bap̚.mʌk̚.ɯ.ɾʌ.gal.k͈a]
감명 깊은,9,[kam.mjʌŋ.kip̚.ɯn],[gam.mjʌŋ.gip̚.ɯn]
이건 비밀이에요,9,[i.kʌm.pi.mil.i.e.jo],[i.gʌn.bi.mil.i.e.jo]
파인우드 씨,9,[pʰa.in.u.tɯ.s͈i],[pʰa.in.u.dɯ.s͈i]
파일 어디,9,[pʰa.il.ʌ.ti],[pʰa.il.ʌ.di]
지금 가려고,9,[tʃi.kɯm.ka.ɾjʌ.ko],[dʒi.gɯm.ga.ɾjʌ.go]
밥 스톤,9,[pap̚.sɯ.tʰon],[bap̚.sɯ.tʰon]
내가 부모님을,9,[nɛ.ka.pu.mo.nim.ɯl],[nɛ.ga.bu.mo.nim.ɯl]
그칠 거야,9,[kɯ.tʃʰil.kʌ.ja],[gɯ.tʃʰil.gʌ.ja]
이건 설마,9,[i.kʌn.sʌl.ma],[i.gʌn.sʌl.ma]
때문이지 왜,9,[t͈ɛ.mun.i.tʃi.wɛ],[t͈ɛ.mun.i.dʒi.wɛ]
다 죽었잖아요,9,[ta.tʃuk̚.ʌt̚.tʃan.a.jo],[da.dʒuk̚.ʌt̚.tʃan.a.jo]
이건 속임수야,9,[i.kʌn.sok̚.im.su.ja],[i.gʌn.sok̚.im.su.ja]
밥 줄게,9,[pap̚.tʃul.ke],[bap̚.dʒul.ke]
밥 챙겨,9,[pap̚.tʃʰɛŋ.kjʌ],[bap̚.tʃʰɛŋ.gjʌ]
괜찮습니다 난,9,[kwɛn.tʃʰan.sɯp̚.ni.ta.nan],[gwɛn.tʃʰan.sɯp̚.ni.da.nan]
이건 시험이야,9,[i.kʌn.si.hʌm.i.ja],[i.gʌn.si.hʌm.i.ja]
낮출 수도,9,[nat̚.tʃʰul.su.to],[nat̚.tʃʰul.su.do]
공중에 뜬,9,[koŋ.tʃuŋ.e.t͈ɯn],[goŋ.dʒuŋ.e.t͈ɯn]
해서요 이제,9,[hɛ.sʌ.jo.i.tʃe],[hɛ.sʌ.jo.i.dʒe]
불쌍한 엄마,9,[pul.s͈aŋ.han.ʌm.ma],[bul.s͈aŋ.han.ʌm.ma]
낮춰 주세요,9,[nat̚.tʃʰwʌ.tʃu.se.jo],[nat̚.tʃʰwʌ.dʒu.se.jo]
이건 실수하는 거야,9,[i.kʌn.sil.su.ha.nɯŋ.kʌ.ja],[i.gʌn.sil.su.ha.nɯn.gʌ.ja]
밥은 내가,9,[pap̚.ɯn.nɛ.ka],[bap̚.ɯn.nɛ.ga]
낯 뜨거운,9,[nat̚.t͈ɯ.kʌ.un],[nat̚.t͈ɯ.gʌ.un]
파트너가 아니에요,9,[pʰa.tʰɯ.nʌ.ka.a.ni.e.jo],[pʰa.tʰɯ.nʌ.ga.a.ni.e.jo]
밥은 언제,9,[pap̚.ɯn.ʌn.tʃe],[bap̚.ɯn.ʌn.tʃe]
밥은 왜,9,[pap̚.ɯn.wɛ],[bap̚.ɯn.wɛ]
해선 안 됩니다,9,[hɛ.sʌn.an.twep̚.ni.ta],[hɛ.sʌn.an.dwep̚.ni.da]
파트너를 못,9,[pʰa.tʰɯ.nʌ.ɾɯl.mot̚],[pʰa.tʰɯ.nʌ.ɾɯl.mot̚]
파트너를 죽였어요,9,[pʰa.tʰɯ.nʌ.ɾɯl.tʃuk̚.jʌt̚.ʌ.jo],[pʰa.tʰɯ.nʌ.ɾɯl.dʒuk̚.jʌt̚.ʌ.jo]
해수가 흐느낀다,9,[hɛ.su.ka.hɯ.nɯ.k͈in.ta],[hɛ.su.ga.hɯ.nɯ.k͈in.ta]
on your feet,9,,
밥을 잘,9,[pap̚.ɯl.tʃal],[bap̚.ɯl.dʒal]
밥을 주고,9,[pap̚.ɯl.tʃu.ko],[bap̚.ɯl.dʒu.go]
파티 갈래,9,[pʰa.tʰi.kal.ɾɛ],[pʰa.tʰi.gal.ɾɛ]
파티 같은 거,9,[pʰa.tʰi.kat̚.ɯŋ.kʌ],[pʰa.tʰi.gat̚.ɯn.gʌ]
파티 계획,9,[pʰa.tʰi.kje.hwek̚],[pʰa.tʰi.gje.hwek̚]
아들인 것,9,[a.tɯl.iŋ.kʌt̚],[a.dɯl.in.gʌt̚]
본 적도 있어,9,[pon.tʃʌk̚.to.it̚.ʌ],[bon.dʒʌk̚.to.it̚.ʌ]
is a great,9,,
낯선 사람을 죽이고,9,[nat̚.sʌn.sa.ɾam.ɯl.tʃuk̚.i.ko],[nat̚.sʌn.sa.ɾam.ɯl.dʒuk̚.i.go]
낯선 사람을 죽이고 있어,9,[nat̚.sʌn.sa.ɾam.ɯl.tʃuk̚.i.ko.it̚.ʌ],[nat̚.sʌn.sa.ɾam.ɯl.dʒuk̚.i.go.it̚.ʌ]
파티 시작이다,9,[pʰa.tʰi.si.tʃak̚.i.ta],[pʰa.tʰi.si.dʒak̚.i.da]
파티 여는 거,9,[pʰa.tʰi.jʌ.nɯŋ.kʌ],[pʰa.tʰi.jʌ.nɯn.gʌ]
힘들게 하고 있어,9,[hin.tɯl.ke.ha.ko.it̚.ʌ],[hin.tɯl.ke.ha.go.it̚.ʌ]
I supposed to do,9,,
파티 장소가,9,[pʰa.tʰi.tʃaŋ.so.ka],[pʰa.tʰi.dʒaŋ.so.ga]
파티 중이야,9,[pʰa.tʰi.tʃuŋ.i.ja],[pʰa.tʰi.dʒuŋ.i.ja]
불쌍한 척,9,[pul.s͈aŋ.han.tʃʰʌk̚],[bul.s͈aŋ.han.tʃʰʌk̚]
낯선 이가,9,[nat̚.sʌn.i.ka],[nat̚.sʌn.i.ga]
감방 안에서,9,[kam.paŋ.an.e.sʌ],[gam.paŋ.an.e.sʌ]
해안 경비대와,9,[hɛ.aŋ.kjʌm.pi.tɛ.wa],[hɛ.an.gjʌŋ.bi.dɛ.wa]
파티가 끝나고,9,[pʰa.tʰi.ka.k͈ɯt̚.na.ko],[pʰa.tʰi.ga.k͈ɯt̚.na.go]
때문일지도 모른다,9,[t͈ɛ.mun.il.tʃi.to.mo.ɾɯn.ta],[t͈ɛ.mun.il.tʃi.do.mo.ɾɯn.ta]
방 먹였네,9,[paŋ.mʌk̚.jʌt̚.ne],[baŋ.mʌk̚.jʌt̚.ne]
파티가 있었어요,9,[pʰa.tʰi.ka.it̚.ʌt̚.ʌ.jo],[pʰa.tʰi.ga.it̚.ʌt̚.ʌ.jo]
내가 잡으러 간다,9,[nɛ.ka.tʃap̚.ɯ.ɾʌ.kan.ta],[nɛ.ga.dʒap̚.ɯ.ɾʌ.gan.ta]
해야 당신이,9,[hɛ.ja.taŋ.sin.i],[hɛ.ja.daŋ.sin.i]
방 먹이는,9,[paŋ.mʌk̚.i.nɯn],[baŋ.mʌk̚.i.nɯn]
해야 돼 그럼,9,[hɛ.ja.twɛ.kɯ.ɾʌm],[hɛ.ja.dwɛ.gɯ.ɾʌm]
해야 돼 내,9,[hɛ.ja.twɛ.nɛ],[hɛ.ja.dwɛ.nɛ]
파티도 안,9,[pʰa.tʰi.to.an],[pʰa.tʰi.do.an]
이건 아셔야,9,[i.kʌn.a.sjʌ.ja],[i.gʌn.a.sjʌ.ja]
난 더 많은 걸,9,[nan.tʌ.man.ɯŋ.kʌl],[nan.dʌ.man.ɯn.gʌl]
방 벽에,9,[pam.pjʌk̚.e],[baŋ.bjʌk̚.e]
파티를 열거야,9,[pʰa.tʰi.ɾɯl.jʌl.kʌ.ja],[pʰa.tʰi.ɾɯl.jʌl.kʌ.ja]
걸 본 목격자가 있어요,9,[kʌl.pon.mok̚.kjʌk̚.tʃa.ka.it̚.ʌ.jo],[gʌl.bon.mok̚.kjʌk̚.tʃa.ga.it̚.ʌ.jo]
낯익지 않아,9,[nat̚.ik̚.tʃi.an.a],[nat̚.ik̚.tʃi.an.a]
파티를 즐겨요,9,[pʰa.tʰi.ɾɯl.tʃɯl.kjʌ.jo],[pʰa.tʰi.ɾɯl.dʒɯl.kjʌ.jo]
방 앞에,9,[paŋ.ap̚.e],[baŋ.ap̚.e]
because I don''t,9,,
파티를 할 거예요,9,[pʰa.tʰi.ɾɯl.hal.kʌ.je.jo],[pʰa.tʰi.ɾɯl.hal.gʌ.je.jo]
파티를 할 수,9,[pʰa.tʰi.ɾɯl.hal.su],[pʰa.tʰi.ɾɯl.hal.su]
감방에 넣어,9,[kam.paŋ.e.nʌt̚.ʌ],[gam.paŋ.e.nʌt̚.ʌ]
방 전체에,9,[paŋ.tʃʌn.tʃʰe.e],[baŋ.dʒʌn.tʃʰe.e]
해서 놀랐어요,9,[hɛ.sʌ.nol.ɾat̚.ʌ.jo],[hɛ.sʌ.nol.ɾat̚.ʌ.jo]
낳고 잘,9,[nat̚.ko.tʃal],[nat̚.ko.dʒal]
낳기 위해,9,[nat̚.ki.wi.hɛ],[nat̚.ki.wi.hɛ]
파티에 갔어요,9,[pʰa.tʰi.e.kat̚.ʌ.jo],[pʰa.tʰi.e.gat̚.ʌ.jo]
파티에 갔어,9,[pʰa.tʰi.e.kat̚.ʌ],[pʰa.tʰi.e.gat̚.ʌ]
하던가 아니면,9,[ha.tʌŋ.ka.a.ni.mjʌn],[ha.dʌŋ.ka.a.ni.mjʌn]
파티에 같이 가자고,9,[pʰa.tʰi.e.kat̚.i.ka.tʃa.ko],[pʰa.tʰi.e.gat̚.i.ga.dʒa.go]
때보 다,9,[t͈ɛ.po.ta],[t͈ɛ.bo.da]
방 하나짜리,9,[paŋ.ha.na.tʃ͈a.ɾi],[baŋ.ha.na.tʃ͈a.ɾi]
이건 약속이야,9,[i.kʌn.jak̚.sok̚.i.ja],[i.gʌn.jak̚.sok̚.i.ja]
다 죽을 수,9,[ta.tʃuk̚.ɯl.su],[da.dʒuk̚.ɯl.su]
낳아 준,9,[nat̚.a.tʃun],[nat̚.a.dʒun]
파티에 필요한,9,[pʰa.tʰi.e.pʰil.jo.han],[pʰa.tʰi.e.pʰil.jo.han]
파티에서 찍힌,9,[pʰa.tʰi.e.sʌ.tʃ͈ik̚.hin],[pʰa.tʰi.e.sʌ.tʃ͈ik̚.hin]
파티할 수,9,[pʰa.tʰi.hal.su],[pʰa.tʰi.hal.su]
이건 어쩌면,9,[i.kʌn.ʌ.tʃ͈ʌ.mjʌn],[i.gʌn.ʌ.tʃ͈ʌ.mjʌn]
파헤치고 있어,9,[pʰa.he.tʃʰi.ko.it̚.ʌ],[pʰa.he.tʃʰi.go.it̚.ʌ]
방금 그 말을,9,[paŋ.kɯm.kɯ.mal.ɯl],[baŋ.gɯm.gɯ.mal.ɯl]
고마워요 잘했어요,9,[ko.ma.wʌ.jo.tʃal.hɛt̚.ʌ.jo],[go.ma.wʌ.jo.dʒal.hɛt̚.ʌ.jo]
판 거죠,9,[pʰaŋ.kʌ.tʃjo],[pʰan.gʌ.dʒjo]
감방에서 말이야,9,[kam.paŋ.e.sʌ.mal.i.ja],[gam.paŋ.e.sʌ.mal.i.ja]
낳을 수 없어요,9,[nat̚.ɯl.su.ʌp̚.ʌ.jo],[nat̚.ɯl.su.ʌp̚.ʌ.jo]
이건 어떻게 설명할,9,[i.kʌn.ʌ.t͈ʌt̚.ke.sʌl.mjʌŋ.hal],[i.gʌn.ʌ.t͈ʌt̚.ke.sʌl.mjʌŋ.hal]
불쑥 찾아와서 미안해요,9,[pul.s͈uk̚.tʃʰat̚.a.wa.sʌ.mi.an.hɛ.jo],[bul.s͈uk̚.tʃʰat̚.a.wa.sʌ.mi.an.hɛ.jo]
낳을 수는,9,[nat̚.ɯl.su.nɯn],[nat̚.ɯl.su.nɯn]
판결을 받게,9,[pʰaŋ.kjʌl.ɯl.pat̚.ke],[pʰaŋ.kjʌl.ɯl.bat̚.ke]
판결을 받는,9,[pʰaŋ.kjʌl.ɯl.pat̚.nɯn],[pʰaŋ.kjʌl.ɯl.bat̚.nɯn]
판결을 받아야,9,[pʰaŋ.kjʌl.ɯl.pat̚.a.ja],[pʰaŋ.kjʌl.ɯl.bat̚.a.ja]
해야 할 거 같아요,9,[hɛ.ja.hal.kʌ.kat̚.a.jo],[hɛ.ja.hal.gʌ.gat̚.a.jo]
방금 그에게,9,[paŋ.kɯm.kɯ.e.ke],[baŋ.gɯm.gɯ.e.ge]
판다 익스프레스,9,[pʰan.ta.ik̚.sɯ.pʰɯ.ɾe.sɯ],[pʰan.ta.ik̚.sɯ.pʰɯ.ɾe.sɯ]
내 DNA,9,[nɛ],[nɛ]
힘들어 알아,9,[hin.tɯl.ʌ.al.a],[hin.tɯl.ʌ.al.a]
판단 할,9,[pʰan.tan.hal],[pʰan.tan.hal]
이건 여기에,9,[i.kʌn.jʌ.ki.e],[i.gʌn.jʌ.gi.e]
판단에 의문을,9,[pʰan.tan.e.ɯi.mun.ɯl],[pʰan.tan.e.ɯi.mun.ɯl]
방금 끝났어요,9,[paŋ.kɯm.k͈ɯt̚.nat̚.ʌ.jo],[baŋ.gɯm.k͈ɯt̚.nat̚.ʌ.jo]
감사 기도를,9,[kam.sa.ki.to.ɾɯl],[gam.sa.gi.do.ɾɯl]
판단을 내린,9,[pʰan.tan.ɯl.lɛ.ɾin],[pʰan.tan.ɯl.lɛ.ɾin]
판단을 내릴 수,9,[pʰan.tan.ɯl.lɛ.ɾil.su],[pʰan.tan.ɯl.lɛ.ɾil.su]
방금 나갔다,9,[paŋ.kɯm.na.kat̚.ta],[baŋ.gɯm.na.gat̚.ta]
힘들어 하고,9,[hin.tɯl.ʌ.ha.ko],[hin.tɯl.ʌ.ha.go]
판단을 한,9,[pʰan.tan.ɯl.han],[pʰan.tan.ɯl.han]
방금 나에게 말했다,9,[paŋ.kɯm.na.e.ke.mal.hɛt̚.ta],[baŋ.gɯm.na.e.ge.mal.hɛt̚.ta]
본능 같은,9,[pon.nɯŋ.kat̚.ɯn],[bon.nɯŋ.gat̚.ɯn]
해야 할 수도,9,[hɛ.ja.hal.su.to],[hɛ.ja.hal.su.do]
판단하지 않을,9,[pʰan.tan.ha.tʃi.an.ɯl],[pʰan.tan.ha.dʒi.an.ɯl]
방금 너에게,9,[paŋ.kɯm.nʌ.e.ke],[baŋ.gɯm.nʌ.e.ge]
해야 할 일을 알고,9,[hɛ.ja.hal.il.ɯl.al.ko],[hɛ.ja.hal.il.ɯl.al.ko]
내 가랑이,9,[nɛ.ka.ɾaŋ.i],[nɛ.ga.ɾaŋ.i]
because I know,9,,
본능을 가지고,9,[pon.nɯŋ.ɯl.ka.tʃi.ko],[bon.nɯŋ.ɯl.ga.dʒi.go]
판사가 뭐라고,9,[pʰan.sa.ka.mwʌ.ɾa.ko],[pʰan.sa.ga.mwʌ.ɾa.go]
판사님 이,9,[pʰan.sa.nim.i],[pʰan.sa.nim.i]
이건 오직,9,[i.kʌn.o.tʃik̚],[i.gʌn.o.dʒik̚]
다 준비가,9,[ta.tʃum.pi.ka],[da.dʒum.pi.ga]
방금 마지막,9,[paŋ.kɯm.ma.tʃi.mak̚],[baŋ.gɯm.ma.dʒi.mak̚]
고마워요 제발,9,[ko.ma.wʌ.jo.tʃe.pal],[go.ma.wʌ.jo.dʒe.bal]
내 가슴을 찢어,9,[nɛ.ka.sɯm.ɯl.tʃ͈it̚.ʌ],[nɛ.ga.sɯm.ɯl.tʃ͈it̚.ʌ]
괜찮습니다 지금,9,[kwɛn.tʃʰan.sɯp̚.ni.ta.tʃi.kɯm],[gwɛn.tʃʰan.sɯp̚.ni.da.dʒi.gɯm]
팔고 싶은,9,[pʰal.ko.sip̚.ɯn],[pʰal.ko.sip̚.ɯn]
방금 말한 게,9,[paŋ.kɯm.mal.haŋ.ke],[baŋ.gɯm.mal.han.ge]
I checked,9,,
힘들어하면서 다,9,[hin.tɯl.ʌ.ha.mjʌn.sʌ.ta],[hin.tɯl.ʌ.ha.mjʌn.sʌ.da]
팔꿈치가 허리를,9,[pʰal.k͈un.tʃʰi.ka.hʌ.ɾi.ɾɯl],[pʰal.k͈un.tʃʰi.ga.hʌ.ɾi.ɾɯl]
팔꿈치는 바깥으로,9,[pʰal.k͈un.tʃʰi.nɯm.pa.k͈at̚.ɯ.ɾo],[pʰal.k͈un.tʃʰi.nɯn.ba.k͈at̚.ɯ.ɾo]
방금 먹었잖아,9,[paŋ.kɯm.mʌk̚.ʌt̚.tʃan.a],[baŋ.gɯm.mʌk̚.ʌt̚.tʃan.a]
팔려고 해요,9,[pʰal.ɾjʌ.ko.hɛ.jo],[pʰal.ɾjʌ.go.hɛ.jo]
팔려고 해,9,[pʰal.ɾjʌ.ko.hɛ],[pʰal.ɾjʌ.go.hɛ]
방금 무슨 짓을 한,9,[paŋ.kɯm.mu.sɯn.tʃit̚.ɯl.han],[baŋ.gɯm.mu.sɯn.dʒit̚.ɯl.han]
방금 문,9,[paŋ.kɯm.mun],[baŋ.gɯm.mun]
이건 인권,9,[i.kʌn.iŋ.kwʌn],[i.gʌn.iŋ.kwʌn]
이건 인류,9,[i.kʌn.il.lju],[i.gʌn.il.lju]
감사 카드를,9,[kam.sa.kʰa.tɯ.ɾɯl],[gam.sa.kʰa.dɯ.ɾɯl]
본때를 보여주고,9,[pon.t͈ɛ.ɾɯl.po.jʌ.tʃu.ko],[bon.t͈ɛ.ɾɯl.bo.jʌ.dʒu.go]
팔아서 그,9,[pʰal.a.sʌ.kɯ],[pʰal.a.sʌ.gɯ]
팔아서 돈,9,[pʰal.a.sʌ.ton],[pʰal.a.sʌ.don]
고마워요 지금은,9,[ko.ma.wʌ.jo.tʃi.kɯm.ɯn],[go.ma.wʌ.jo.dʒi.gɯm.ɯn]
내 가족을 죽였어,9,[nɛ.ka.tʃok̚.ɯl.tʃuk̚.jʌt̚.ʌ],[nɛ.ga.dʒok̚.ɯl.dʒuk̚.jʌt̚.ʌ]
해야 해요 난,9,[hɛ.ja.hɛ.jo.nan],[hɛ.ja.hɛ.jo.nan]
팔에 상처를,9,[pʰal.e.saŋ.tʃʰʌ.ɾɯl],[pʰal.e.saŋ.tʃʰʌ.ɾɯl]
방금 뭘 한 거야,9,[paŋ.kɯm.mwʌl.haŋ.kʌ.ja],[baŋ.gɯm.mwʌl.han.gʌ.ja]
once in my life,9,,
팔을 꽉,9,[pʰal.ɯl.k͈wak̚],[pʰal.ɯl.k͈wak̚]
내 가족이 날,9,[nɛ.ka.tʃok̚.i.nal],[nɛ.ga.dʒok̚.i.nal]
팔을 부러뜨렸어,9,[pʰal.ɯl.pu.ɾʌ.t͈ɯ.ɾjʌt̚.ʌ],[pʰal.ɯl.bu.ɾʌ.t͈ɯ.ɾjʌt̚.ʌ]
팔을 잘라,9,[pʰal.ɯl.tʃal.ɾa],[pʰal.ɯl.dʒal.ɾa]
팔을 활짝,9,[pʰal.ɯl.hwal.tʃ͈ak̚],[pʰal.ɯl.hwal.tʃ͈ak̚]
감사는 나중에,9,[kam.sa.nɯn.na.tʃuŋ.e],[gam.sa.nɯn.na.dʒuŋ.e]
불어 할 줄,9,[pul.ʌ.hal.tʃul],[bul.ʌ.hal.dʒul]
해야겠어 네,9,[hɛ.ja.ket̚.ʌ.ne],[hɛ.ja.get̚.ʌ.ne]
고마워요 첫,9,[ko.ma.wʌ.jo.tʃʰʌt̚],[go.ma.wʌ.jo.tʃʰʌt̚]
방금 소식을,9,[paŋ.kɯm.so.sik̚.ɯl],[baŋ.gɯm.so.sik̚.ɯl]
once was,9,,
내 가족한테서,9,[nɛ.ka.tʃok̚.han.tʰe.sʌ],[nɛ.ga.dʒok̚.han.tʰe.sʌ]
팔찌에 대해,9,[pʰal.tʃ͈i.e.tɛ.hɛ],[pʰal.tʃ͈i.e.dɛ.hɛ]
방금 시간,9,[paŋ.kɯm.si.kan],[baŋ.gɯm.si.gan]
이건 전,9,[i.kʌn.tʃʌn],[i.gʌn.dʒʌn]
고마워요 친구,9,[ko.ma.wʌ.jo.tʃʰiŋ.ku],[go.ma.wʌ.jo.tʃʰiŋ.ku]
내 간을,9,[nɛ.kan.ɯl],[nɛ.gan.ɯl]
방금 아빠,9,[paŋ.kɯm.a.p͈a],[baŋ.gɯm.a.p͈a]
패는 거야,9,[pʰɛ.nɯŋ.kʌ.ja],[pʰɛ.nɯn.gʌ.ja]
패니 브라이스,9,[pʰɛ.ni.pɯ.ɾa.i.sɯ],[pʰɛ.ni.bɯ.ɾa.i.sɯ]
하던데 그럼,9,[ha.tʌn.te.kɯ.ɾʌm],[ha.dʌn.te.gɯ.ɾʌm]
패를 쥐고,9,[pʰɛ.ɾɯl.tʃwi.ko],[pʰɛ.ɾɯl.dʒwi.go]
내 감시,9,[nɛ.kam.si],[nɛ.gam.si]
해야죠 무슨,9,[hɛ.ja.tʃjo.mu.sɯn],[hɛ.ja.dʒjo.mu.sɯn]
방금 왔습니다,9,[paŋ.kɯm.wat̚.sɯp̚.ni.ta],[baŋ.gɯm.wat̚.sɯp̚.ni.da]
본성에 대해,9,[pon.sʌŋ.e.tɛ.hɛ],[bon.sʌŋ.e.dɛ.hɛ]
패턴이 있는,9,[pʰɛ.tʰʌn.i.it̚.nɯn],[pʰɛ.tʰʌn.i.it̚.nɯn]
갖다 드리고,9,[kat̚.ta.tɯ.ɾi.ko],[gat̚.ta.dɯ.ɾi.go]
이건 정치야,9,[i.kʌn.tʃʌŋ.tʃʰi.ja],[i.gʌn.dʒʌŋ.tʃʰi.ja]
해야죠 아뇨,9,[hɛ.ja.tʃjo.a.njo],[hɛ.ja.dʒjo.a.njo]
고마워요 할머니,9,[ko.ma.wʌ.jo.hal.mʌ.ni],[go.ma.wʌ.jo.hal.mʌ.ni]
본인 말로는,9,[pon.in.mal.ɾo.nɯn],[bon.in.mal.ɾo.nɯn]
방금 자네가,9,[paŋ.kɯn.tʃa.ne.ka],[baŋ.gɯm.dʒa.ne.ga]
방금 쟤가,9,[paŋ.kɯn.tʃjɛ.ka],[baŋ.gɯm.dʒjɛ.ga]
헌신할 수,9,[hʌn.sin.hal.su],[hʌn.sin.hal.su]
고마워요 혼자,9,[ko.ma.wʌ.jo.hon.tʃa],[go.ma.wʌ.jo.hon.tʃa]
괜찮아 걱정할 거,9,[kwɛn.tʃʰan.a.kʌk̚.tʃʌŋ.hal.kʌ],[gwɛn.tʃʰan.a.gʌk̚.tʃʌŋ.hal.gʌ]
방금 저한테,9,[paŋ.kɯn.tʃʌ.han.tʰe],[baŋ.gɯm.dʒʌ.han.tʰe]
공평하지 않다고,9,[kom.pʰjʌŋ.ha.tʃi.an.ta.ko],[gom.pʰjʌŋ.ha.dʒi.an.ta.go]
힘을 느낄,9,[him.ɯl.lɯ.k͈il],[him.ɯl.lɯ.k͈il]
퍼뜨리는 거지,9,[pʰʌ.t͈ɯ.ɾi.nɯŋ.kʌ.tʃi],[pʰʌ.t͈ɯ.ɾi.nɯn.gʌ.dʒi]
모아 봐 헛되지,9,[mo.a.pwa.hʌt̚.twe.tʃi],[mo.a.bwa.hʌt̚.twe.dʒi]
방금 전화가 왔어,9,[paŋ.kɯn.tʃʌn.hwa.ka.wat̚.ʌ],[baŋ.gɯm.dʒʌn.hwa.ga.wat̚.ʌ]
퍼스트 오더,9,[pʰʌ.sɯ.tʰɯ.o.tʌ],[pʰʌ.sɯ.tʰɯ.o.dʌ]
방금 전화를 받았어,9,[paŋ.kɯn.tʃʌn.hwa.ɾɯl.pat̚.at̚.ʌ],[baŋ.gɯm.dʒʌn.hwa.ɾɯl.bat̚.at̚.ʌ]
감사드립니다 저는,9,[kam.sa.tɯ.ɾip̚.ni.ta.tʃʌ.nɯn],[gam.sa.dɯ.ɾip̚.ni.da.dʒʌ.nɯn]
공평하지 않잖아,9,[kom.pʰjʌŋ.ha.tʃi.an.tʃan.a],[gom.pʰjʌŋ.ha.dʒi.an.tʃan.a]
내가 들은 것,9,[nɛ.ka.tɯl.ɯŋ.kʌt̚],[nɛ.ga.dɯl.ɯn.gʌt̚]
내 거길,9,[nɛ.kʌ.kil],[nɛ.gʌ.gil]
ask questions,9,,
근거가 있습니다,9,[kɯŋ.kʌ.ka.it̚.sɯp̚.ni.ta],[gɯŋ.kʌ.ga.it̚.sɯp̚.ni.da]
해야할 때,9,[hɛ.ja.hal.t͈ɛ],[hɛ.ja.hal.t͈ɛ]
본인이 누군지,9,[pon.in.i.nu.kun.tʃi],[bon.in.i.nu.gun.tʃi]
방금 첫,9,[paŋ.kɯn.tʃʰʌt̚],[baŋ.gɯn.tʃʰʌt̚]
펀런 구간,9,[pʰʌl.lʌŋ.ku.kan],[pʰʌl.lʌn.gu.gan]
방금 한 말이,9,[paŋ.kɯm.han.mal.i],[baŋ.gɯm.han.mal.i]
내 거실에서,9,[nɛ.kʌ.sil.e.sʌ],[nɛ.gʌ.sil.e.sʌ]
고마워할 것 없어,9,[ko.ma.wʌ.hal.kʌt̚.ʌp̚.ʌ],[go.ma.wʌ.hal.gʌt̚.ʌp̚.ʌ]
지금 그런 말이,9,[tʃi.kɯm.kɯ.ɾʌn.mal.i],[dʒi.gɯm.gɯ.ɾʌn.mal.i]
본인이 얼마나,9,[pon.in.i.ʌl.ma.na],[bon.in.i.ʌl.ma.na]
방금까지 여기,9,[paŋ.kɯm.k͈a.tʃi.jʌ.ki],[baŋ.gɯm.k͈a.dʒi.jʌ.gi]
걸 봐도,9,[kʌl.pwa.to],[gʌl.bwa.do]
페이스 페인팅,9,[pʰe.i.sɯ.pʰe.in.tʰiŋ],[pʰe.i.sɯ.pʰe.in.tʰiŋ]
페이지 씨,9,[pʰe.i.tʃi.s͈i],[pʰe.i.dʒi.s͈i]
땐 나,9,[t͈ɛn.na],[t͈ɛn.na]
본적도 없는,9,[pon.tʃʌk̚.to.ʌp̚.nɯn],[bon.tʃʌk̚.to.ʌp̚.nɯn]
이건 항상,9,[i.kʌn.haŋ.saŋ],[i.gʌn.haŋ.saŋ]
본적 있나,9,[pon.tʃʌk̚.it̚.na],[bon.tʃʌk̚.it̚.na]
해요 그 사람들이,9,[hɛ.jo.kɯ.sa.ɾan.tɯl.i],[hɛ.jo.gɯ.sa.ɾan.tɯl.i]
펜과 종이를,9,[pʰeŋ.kwa.tʃoŋ.i.ɾɯl],[pʰeŋ.kwa.dʒoŋ.i.ɾɯl]
방문을 위해,9,[paŋ.mun.ɯl.wi.hɛ],[baŋ.mun.ɯl.wi.hɛ]
내 걱정은 말아요,9,[nɛ.kʌk̚.tʃʌŋ.ɯn.mal.a.jo],[nɛ.gʌk̚.tʃʌŋ.ɯn.mal.a.jo]
방문자가 있습니다,9,[paŋ.mun.tʃa.ka.it̚.sɯp̚.ni.ta],[baŋ.mun.tʃa.ga.it̚.sɯp̚.ni.da]
고맙게 받을게,9,[ko.map̚.ke.pat̚.ɯl.ke],[go.map̚.ke.bat̚.ɯl.ke]
편 아니야,9,[pʰjʌn.a.ni.ja],[pʰjʌn.a.ni.ja]
편도 티켓,9,[pʰjʌn.to.tʰi.kʰet̚],[pʰjʌn.to.tʰi.kʰet̚]
방문해야 할,9,[paŋ.mun.hɛ.ja.hal],[baŋ.mun.hɛ.ja.hal]
방문해주셔서 감사합니다,9,[paŋ.mun.hɛ.tʃu.sjʌ.sʌ.kam.sa.hap̚.ni.ta],[baŋ.mun.hɛ.dʒu.sjʌ.sʌ.gam.sa.hap̚.ni.da]
방범 카메라에,9,[pam.pʌm.kʰa.me.ɾa.e],[baŋ.bʌm.kʰa.me.ɾa.e]
방법 가리지 말고,9,[pam.pʌp̚.ka.ɾi.tʃi.mal.ko],[baŋ.bʌp̚.ga.ɾi.dʒi.mal.ko]
방법 네,9,[pam.pʌp̚.ne],[baŋ.bʌp̚.ne]
내 검은,9,[nɛ.kʌm.ɯn],[nɛ.gʌm.ɯn]
편에 서지,9,[pʰjʌn.e.sʌ.tʃi],[pʰjʌn.e.sʌ.dʒi]
근데 거기에,9,[kɯn.te.kʌ.ki.e],[gɯn.te.gʌ.gi.e]
편은 아닌데,9,[pʰjʌn.ɯn.a.nin.te],[pʰjʌn.ɯn.a.nin.te]
볼 거잖아,9,[pol.kʌ.tʃan.a],[bol.gʌ.dʒan.a]
편을 들다니,9,[pʰjʌn.ɯl.tɯl.ta.ni],[pʰjʌn.ɯl.dɯl.ta.ni]
내 것도 그래,9,[nɛ.kʌt̚.to.kɯ.ɾɛ],[nɛ.gʌt̚.to.gɯ.ɾɛ]
방법 없을까요,9,[pam.pʌp̚.ʌp̚.ɯl.k͈a.jo],[baŋ.bʌp̚.ʌp̚.ɯl.k͈a.jo]
내 것만,9,[nɛ.kʌt̚.man],[nɛ.gʌt̚.man]
볼 건 다,9,[pol.kʌn.ta],[bol.gʌn.da]
편이 낫겠네요,9,[pʰjʌn.i.nat̚.ket̚.ne.jo],[pʰjʌn.i.nat̚.ket̚.ne.jo]
감사의 말씀을 드려야,9,[kam.sa.ɯi.mal.s͈ɯm.ɯl.tɯ.ɾjʌ.ja],[gam.sa.ɯi.mal.s͈ɯm.ɯl.dɯ.ɾjʌ.ja]
편이 아니면,9,[pʰjʌn.i.a.ni.mjʌn],[pʰjʌn.i.a.ni.mjʌn]
편이 아닌,9,[pʰjʌn.i.a.nin],[pʰjʌn.i.a.nin]
편이 좋겠어,9,[pʰjʌn.i.tʃot̚.ket̚.ʌ],[pʰjʌn.i.dʒot̚.ket̚.ʌ]
방법도 찾을,9,[pam.pʌp̚.to.tʃʰat̚.ɯl],[baŋ.bʌp̚.to.tʃʰat̚.ɯl]
편지 한 통을,9,[pʰjʌn.tʃi.han.tʰoŋ.ɯl],[pʰjʌn.tʃi.han.tʰoŋ.ɯl]
편지는 안,9,[pʰjʌn.tʃi.nɯn.an],[pʰjʌn.tʃi.nɯn.an]
one day I,9,,
편지를 못,9,[pʰjʌn.tʃi.ɾɯl.mot̚],[pʰjʌn.tʃi.ɾɯl.mot̚]
내 것이지,9,[nɛ.kʌt̚.i.tʃi],[nɛ.gʌt̚.i.dʒi]
편지를 받으실,9,[pʰjʌn.tʃi.ɾɯl.pat̚.ɯ.sil],[pʰjʌn.tʃi.ɾɯl.bat̚.ɯ.sil]
편지를 받을,9,[pʰjʌn.tʃi.ɾɯl.pat̚.ɯl],[pʰjʌn.tʃi.ɾɯl.bat̚.ɯl]
볼 날이,9,[pol.lal.i],[bol.lal.i]
편지를 보냈죠,9,[pʰjʌn.tʃi.ɾɯl.po.nɛt̚.tʃjo],[pʰjʌn.tʃi.ɾɯl.bo.nɛt̚.tʃjo]
해요 둘 다,9,[hɛ.jo.tul.ta],[hɛ.jo.dul.da]
I feel bad,9,,
편지의 사본을,9,[pʰjʌn.tʃi.ɯi.sa.pon.ɯl],[pʰjʌn.tʃi.ɯi.sa.bon.ɯl]
해요 마약,9,[hɛ.jo.ma.jak̚],[hɛ.jo.ma.jak̚]
내가 라일라를,9,[nɛ.ka.ɾa.il.ɾa.ɾɯl],[nɛ.ga.ɾa.il.ɾa.ɾɯl]
편집할 때,9,[pʰjʌn.tʃip̚.hal.t͈ɛ],[pʰjʌn.tʃip̚.hal.t͈ɛ]
땐 어떻게 해야,9,[t͈ɛn.ʌ.t͈ʌt̚.ke.hɛ.ja],[t͈ɛn.ʌ.t͈ʌt̚.ke.hɛ.ja]
감사절 때,9,[kam.sa.tʃʌl.t͈ɛ],[gam.sa.dʒʌl.t͈ɛ]
방법은 단 한,9,[pam.pʌp̚.ɯn.tan.han],[baŋ.bʌp̚.ɯn.dan.han]
고맙네 그,9,[ko.map̚.ne.kɯ],[go.map̚.ne.gɯ]
방법은 딱 한,9,[pam.pʌp̚.ɯn.t͈ak̚.han],[baŋ.bʌp̚.ɯn.t͈ak̚.han]
편하게 먹고,9,[pʰjʌn.ha.ke.mʌk̚.ko],[pʰjʌn.ha.ge.mʌk̚.ko]
편하게 먹어,9,[pʰjʌn.ha.ke.mʌk̚.ʌ],[pʰjʌn.ha.ge.mʌk̚.ʌ]
지금 같아선,9,[tʃi.kɯm.kat̚.a.sʌn],[dʒi.gɯm.gat̚.a.sʌn]
방법은 많아요,9,[pam.pʌp̚.ɯn.man.a.jo],[baŋ.bʌp̚.ɯn.man.a.jo]
해요 내게,9,[hɛ.jo.nɛ.ke],[hɛ.jo.nɛ.ge]
편하게 생각해요,9,[pʰjʌn.ha.ke.sɛŋ.kak̚.hɛ.jo],[pʰjʌn.ha.ge.sɛŋ.gak̚.hɛ.jo]
편하게 앉으세요,9,[pʰjʌn.ha.ke.an.ɯ.se.jo],[pʰjʌn.ha.ge.an.ɯ.se.jo]
방법은 아니에요,9,[pam.pʌp̚.ɯn.a.ni.e.jo],[baŋ.bʌp̚.ɯn.a.ni.e.jo]
땐 엄청,9,[t͈ɛn.ʌn.tʃʰʌŋ],[t͈ɛn.ʌn.tʃʰʌŋ]
편하게 하고,9,[pʰjʌn.ha.ke.ha.ko],[pʰjʌn.ha.ge.ha.go]
방법은 알아요,9,[pam.pʌp̚.ɯn.al.a.jo],[baŋ.bʌp̚.ɯn.al.a.jo]
편한 곳에,9,[pʰjʌn.haŋ.kot̚.e],[pʰjʌn.han.got̚.e]
편한 대로 해요,9,[pʰjʌn.han.tɛ.ɾo.hɛ.jo],[pʰjʌn.han.dɛ.ɾo.hɛ.jo]
편한 옷으로,9,[pʰjʌn.han.ot̚.ɯ.ɾo],[pʰjʌn.han.ot̚.ɯ.ɾo]
해요 무슨 일이죠,9,[hɛ.jo.mu.sɯn.il.i.tʃjo],[hɛ.jo.mu.sɯn.il.i.dʒjo]
감사하고 싶습니다,9,[kam.sa.ha.ko.sip̚.sɯp̚.ni.ta],[gam.sa.ha.go.sip̚.sɯp̚.ni.da]
편히 먹어,9,[pʰjʌn.hi.mʌk̚.ʌ],[pʰjʌn.hi.mʌk̚.ʌ]
방법은 있다,9,[pam.pʌp̚.ɯn.it̚.ta],[baŋ.bʌp̚.ɯn.it̚.ta]
편히 쉬길,9,[pʰjʌn.hi.swi.kil],[pʰjʌn.hi.swi.gil]
편히 쉬다,9,[pʰjʌn.hi.swi.ta],[pʰjʌn.hi.swi.da]
편히 쉬면서,9,[pʰjʌn.hi.swi.mjʌn.sʌ],[pʰjʌn.hi.swi.mjʌn.sʌ]
방법은 잘,9,[pam.pʌp̚.ɯn.tʃal],[baŋ.bʌp̚.ɯn.dʒal]
내가 마신,9,[nɛ.ka.ma.sin],[nɛ.ga.ma.sin]
불을 피운,9,[pul.ɯl.pʰi.un],[bul.ɯl.pʰi.un]
내 경험으로 보면,9,[nɛ.kjʌŋ.hʌm.ɯ.ɾo.po.mjʌn],[nɛ.gjʌŋ.hʌm.ɯ.ɾo.bo.mjʌn]
asked him,9,,
펼쳐질 겁니다,9,[pʰjʌl.tʃʰjʌ.tʃil.kʌp̚.ni.ta],[pʰjʌl.tʃʰjʌ.dʒil.gʌp̚.ni.da]
방법은 항상,9,[pam.pʌp̚.ɯn.haŋ.saŋ],[baŋ.bʌp̚.ɯn.haŋ.saŋ]
내 경호원이,9,[nɛ.kjʌŋ.ho.wʌn.i],[nɛ.gjʌŋ.ho.wʌn.i]
지금 내 옆에,9,[tʃi.kɯm.nɛ.jʌp̚.e],[dʒi.gɯm.nɛ.jʌp̚.e]
You''re fine,9,,
평범하지 않아요,9,[pʰjʌm.pʌm.ha.tʃi.an.a.jo],[pʰjʌŋ.bʌm.ha.dʒi.an.a.jo]
평범한 걸,9,[pʰjʌm.pʌm.haŋ.kʌl],[pʰjʌŋ.bʌm.han.gʌl]
방법을 배울,9,[pam.pʌp̚.ɯl.pɛ.ul],[baŋ.bʌp̚.ɯl.bɛ.ul]
평범한 사람들은,9,[pʰjʌm.pʌm.han.sa.ɾan.tɯl.ɯn],[pʰjʌŋ.bʌm.han.sa.ɾan.tɯl.ɯn]
방법을 생각해낼,9,[pam.pʌp̚.ɯl.sɛŋ.kak̚.hɛ.nɛl],[baŋ.bʌp̚.ɯl.sɛŋ.gak̚.hɛ.nɛl]
해요 아내와,9,[hɛ.jo.a.nɛ.wa],[hɛ.jo.a.nɛ.wa]
평범한 생활,9,[pʰjʌm.pʌm.han.sɛŋ.hwal],[pʰjʌŋ.bʌm.han.sɛŋ.hwal]
평범한 시골,9,[pʰjʌm.pʌm.han.si.kol],[pʰjʌŋ.bʌm.han.si.gol]
방법을 써야겠군,9,[pam.pʌp̚.ɯl.s͈ʌ.ja.ket̚.kun],[baŋ.bʌp̚.ɯl.s͈ʌ.ja.get̚.kun]
평범한 일이,9,[pʰjʌm.pʌm.han.il.i],[pʰjʌŋ.bʌm.han.il.i]
힘이 없으면,9,[him.i.ʌp̚.ɯ.mjʌn],[him.i.ʌp̚.ɯ.mjʌn]
내 곁을 지켜,9,[nɛ.kjʌt̚.ɯl.tʃi.kʰjʌ],[nɛ.gjʌt̚.ɯl.dʒi.kʰjʌ]
평생 나,9,[pʰjʌŋ.sɛŋ.na],[pʰjʌŋ.sɛŋ.na]
평생 남을,9,[pʰjʌŋ.sɛŋ.nam.ɯl],[pʰjʌŋ.sɛŋ.nam.ɯl]
내 계정을,9,[nɛ.kje.tʃʌŋ.ɯl],[nɛ.gje.dʒʌŋ.ɯl]
감사하다고 전해,9,[kam.sa.ha.ta.ko.tʃʌn.hɛ],[gam.sa.ha.da.go.dʒʌn.hɛ]
볼 수 없다니,9,[pol.su.ʌp̚.ta.ni],[bol.su.ʌp̚.ta.ni]
방법을 알려주지,9,[pam.pʌp̚.ɯl.al.ɾjʌ.tʃu.tʃi],[baŋ.bʌp̚.ɯl.al.ɾjʌ.dʒu.dʒi]
평생 도망,9,[pʰjʌŋ.sɛŋ.to.maŋ],[pʰjʌŋ.sɛŋ.do.maŋ]
평생 돈 걱정,9,[pʰjʌŋ.sɛŋ.toŋ.kʌk̚.tʃʌŋ],[pʰjʌŋ.sɛŋ.don.gʌk̚.tʃʌŋ]
방법을 알아내는,9,[pam.pʌp̚.ɯl.al.a.nɛ.nɯn],[baŋ.bʌp̚.ɯl.al.a.nɛ.nɯn]
내 계획의 일부야,9,[nɛ.kje.hwek̚.ɯi.il.pu.ja],[nɛ.gje.hwek̚.ɯi.il.pu.ja]
평생 볼,9,[pʰjʌŋ.sɛm.pol],[pʰjʌŋ.sɛŋ.bol]
평생 불구로,9,[pʰjʌŋ.sɛm.pul.ku.ɾo],[pʰjʌŋ.sɛŋ.bul.ku.ɾo]
평생 살아야,9,[pʰjʌŋ.sɛŋ.sal.a.ja],[pʰjʌŋ.sɛŋ.sal.a.ja]
평생 숨어,9,[pʰjʌŋ.sɛŋ.sum.ʌ],[pʰjʌŋ.sɛŋ.sum.ʌ]
평생 쓸 수,9,[pʰjʌŋ.sɛŋ.s͈ɯl.su],[pʰjʌŋ.sɛŋ.s͈ɯl.su]
asked to,9,,
고맙다 또,9,[ko.map̚.ta.t͈o],[go.map̚.ta.t͈o]
내 고객들,9,[nɛ.ko.kɛk̚.tɯl],[nɛ.go.gɛk̚.tɯl]
방법을 찾겠지,9,[pam.pʌp̚.ɯl.tʃʰat̚.ket̚.tʃi],[baŋ.bʌp̚.ɯl.tʃʰat̚.ket̚.tʃi]
볼 수 있게 됐어,9,[pol.su.it̚.ke.twɛt̚.ʌ],[bol.su.it̚.ke.dwɛt̚.ʌ]
평생 친구,9,[pʰjʌŋ.sɛŋ.tʃʰiŋ.ku],[pʰjʌŋ.sɛŋ.tʃʰiŋ.ku]
평생 한 번도,9,[pʰjʌŋ.sɛŋ.ham.pʌn.to],[pʰjʌŋ.sɛŋ.han.bʌn.to]
땡전 한 푼도,9,[t͈ɛŋ.tʃʌn.ham.pʰun.to],[t͈ɛŋ.dʒʌn.ham.pʰun.to]
방법을 찾아내겠지,9,[pam.pʌp̚.ɯl.tʃʰat̚.a.nɛ.ket̚.tʃi],[baŋ.bʌp̚.ɯl.tʃʰat̚.a.nɛ.get̚.tʃi]
평생을 여기서,9,[pʰjʌŋ.sɛŋ.ɯl.jʌ.ki.sʌ],[pʰjʌŋ.sɛŋ.ɯl.jʌ.gi.sʌ]
평생을 찾아 헤맨,9,[pʰjʌŋ.sɛŋ.ɯl.tʃʰat̚.a.he.mɛn],[pʰjʌŋ.sɛŋ.ɯl.tʃʰat̚.a.he.mɛn]
평생을 찾아,9,[pʰjʌŋ.sɛŋ.ɯl.tʃʰat̚.a],[pʰjʌŋ.sɛŋ.ɯl.tʃʰat̚.a]
평소 같은,9,[pʰjʌŋ.so.kat̚.ɯn],[pʰjʌŋ.so.gat̚.ɯn]
이걸 보여주는,9,[i.kʌl.po.jʌ.tʃu.nɯn],[i.gʌl.bo.jʌ.dʒu.nɯn]
평소와 다를,9,[pʰjʌŋ.so.wa.ta.ɾɯl],[pʰjʌŋ.so.wa.da.ɾɯl]
방법을 찾아야 하는데,9,[pam.pʌp̚.ɯl.tʃʰat̚.a.ja.ha.nɯn.te],[baŋ.bʌp̚.ɯl.tʃʰat̚.a.ja.ha.nɯn.te]
평소와 다름없이,9,[pʰjʌŋ.so.wa.ta.ɾɯm.ʌp̚.i],[pʰjʌŋ.so.wa.da.ɾɯm.ʌp̚.i]
내 고향이,9,[nɛ.ko.hjaŋ.i],[nɛ.go.hjaŋ.i]
평소와는 다른,9,[pʰjʌŋ.so.wa.nɯn.ta.ɾɯn],[pʰjʌŋ.so.wa.nɯn.da.ɾɯn]
평정심을 유지하고,9,[pʰjʌŋ.tʃʌŋ.sim.ɯl.ju.tʃi.ha.ko],[pʰjʌŋ.dʒʌŋ.sim.ɯl.ju.dʒi.ha.go]
평판이 좋지,9,[pʰjʌm.pʰan.i.tʃot̚.tʃi],[pʰjʌm.pʰan.i.dʒot̚.tʃi]
공항까지 데려다,9,[koŋ.haŋ.k͈a.tʃi.te.ɾjʌ.ta],[goŋ.haŋ.k͈a.dʒi.de.ɾjʌ.da]
평화 협정,9,[pʰjʌŋ.hwa.hjʌp̚.tʃʌŋ],[pʰjʌŋ.hwa.hjʌp̚.tʃʌŋ]
내가 마지막이야,9,[nɛ.ka.ma.tʃi.mak̚.i.ja],[nɛ.ga.ma.dʒi.mak̚.i.ja]
내 공식,9,[nɛ.koŋ.sik̚],[nɛ.goŋ.sik̚]
방법을 찾으세요,9,[pam.pʌp̚.ɯl.tʃʰat̚.ɯ.se.jo],[baŋ.bʌp̚.ɯl.tʃʰat̚.ɯ.se.jo]
걸 봤어요 그래서,9,[kʌl.pwat̚.ʌ.jo.kɯ.ɾɛ.sʌ],[gʌl.bwat̚.ʌ.jo.gɯ.ɾɛ.sʌ]
내가 만나러,9,[nɛ.ka.man.na.ɾʌ],[nɛ.ga.man.na.ɾʌ]
평화로운 음악,9,[pʰjʌŋ.hwa.ɾo.un.ɯm.ak̚],[pʰjʌŋ.hwa.ɾo.un.ɯm.ak̚]
공항에 가야 해,9,[koŋ.haŋ.e.ka.ja.hɛ],[goŋ.haŋ.e.ga.ja.hɛ]
평화롭게 사는,9,[pʰjʌŋ.hwa.ɾop̚.ke.sa.nɯn],[pʰjʌŋ.hwa.ɾop̚.ke.sa.nɯn]
고맙다 저,9,[ko.map̚.ta.tʃʌ],[go.map̚.ta.dʒʌ]
방법을 찾을 때까진,9,[pam.pʌp̚.ɯl.tʃʰat̚.ɯl.t͈ɛ.k͈a.tʃin],[baŋ.bʌp̚.ɯl.tʃʰat̚.ɯl.t͈ɛ.k͈a.dʒin]
떠 있었어,9,[t͈ʌ.it̚.ʌt̚.ʌ],[t͈ʌ.it̚.ʌt̚.ʌ]
방법을 찾을 수도,9,[pam.pʌp̚.ɯl.tʃʰat̚.ɯl.su.to],[baŋ.bʌp̚.ɯl.tʃʰat̚.ɯl.su.do]
평화를 유지하는,9,[pʰjʌŋ.hwa.ɾɯl.ju.tʃi.ha.nɯn],[pʰjʌŋ.hwa.ɾɯl.ju.dʒi.ha.nɯn]
평화를 줄,9,[pʰjʌŋ.hwa.ɾɯl.tʃul],[pʰjʌŋ.hwa.ɾɯl.dʒul]
right in front of,9,,
내 과거에 대해,9,[nɛ.kwa.kʌ.e.tɛ.hɛ],[nɛ.gwa.gʌ.e.dɛ.hɛ]
평화를 찾을 수,9,[pʰjʌŋ.hwa.ɾɯl.tʃʰat̚.ɯl.su],[pʰjʌŋ.hwa.ɾɯl.tʃʰat̚.ɯl.su]
is all that,9,,
이걸 사용하면,9,[i.kʌl.sa.joŋ.ha.mjʌn],[i.gʌl.sa.joŋ.ha.mjʌn]
평화와 축복이,9,[pʰjʌŋ.hwa.wa.tʃʰuk̚.pok̚.i],[pʰjʌŋ.hwa.wa.tʃʰuk̚.pok̚.i]
폐를 끼쳐 죄송합니다,9,[pʰje.ɾɯl.k͈i.tʃʰjʌ.tʃwe.soŋ.hap̚.ni.ta],[pʰje.ɾɯl.k͈i.tʃʰjʌ.dʒwe.soŋ.hap̚.ni.da]
방법이 분명히,9,[pam.pʌp̚.i.pun.mjʌŋ.hi],[baŋ.bʌp̚.i.bun.mjʌŋ.hi]
볼 수 있다'',9,[pol.su.it̚.ta],[bol.su.it̚.ta]
방법이 생길,9,[pam.pʌp̚.i.sɛŋ.kil],[baŋ.bʌp̚.i.sɛŋ.gil]
폐에 있는,9,[pʰje.e.it̚.nɯn],[pʰje.e.it̚.nɯn]
폐하 납시오,9,[pʰje.ha.nap̚.si.o],[pʰje.ha.nap̚.si.o]
방법이 없군요,9,[pam.pʌp̚.i.ʌp̚.kun.jo],[baŋ.bʌp̚.i.ʌp̚.kun.jo]
떠나 넌,9,[t͈ʌ.na.nʌn],[t͈ʌ.na.nʌn]
내 구상이다,9,[nɛ.ku.saŋ.i.ta],[nɛ.gu.saŋ.i.da]
내 구역,9,[nɛ.ku.jʌk̚],[nɛ.gu.jʌk̚]
해요 절대로요,9,[hɛ.jo.tʃʌl.tɛ.ɾo.jo],[hɛ.jo.dʒʌl.tɛ.ɾo.jo]
Do as you,9,,
포격 준비,9,[pʰo.kjʌk̚.tʃum.pi],[pʰo.gjʌk̚.dʒum.pi]
내가 만드는 것,9,[nɛ.ka.man.tɯ.nɯŋ.kʌt̚],[nɛ.ga.man.tɯ.nɯn.gʌt̚]
해요 전에,9,[hɛ.jo.tʃʌn.e],[hɛ.jo.dʒʌn.e]
포기 안 한다고,9,[pʰo.ki.an.han.ta.ko],[pʰo.gi.an.han.ta.go]
방법이 없었잖아요,9,[pam.pʌp̚.i.ʌp̚.ʌt̚.tʃan.a.jo],[baŋ.bʌp̚.i.ʌp̚.ʌt̚.tʃan.a.jo]
포기 안 했어요,9,[pʰo.ki.an.hɛt̚.ʌ.jo],[pʰo.gi.an.hɛt̚.ʌ.jo]
공항에서 비행기를,9,[koŋ.haŋ.e.sʌ.pi.hɛŋ.ki.ɾɯl],[goŋ.haŋ.e.sʌ.bi.hɛŋ.gi.ɾɯl]
해요 조지,9,[hɛ.jo.tʃo.tʃi],[hɛ.jo.dʒo.dʒi]
강 씨는,9,[kaŋ.s͈i.nɯn],[gaŋ.s͈i.nɯn]
포기도 모르는,9,[pʰo.ki.to.mo.ɾɯ.nɯn],[pʰo.gi.do.mo.ɾɯ.nɯn]
방법이 없지는,9,[pam.pʌp̚.i.ʌp̚.tʃi.nɯn],[baŋ.bʌp̚.i.ʌp̚.tʃi.nɯn]
방법이 없진,9,[pam.pʌp̚.i.ʌp̚.tʃin],[baŋ.bʌp̚.i.ʌp̚.tʃin]
가능성이 너무,9,[ka.nɯŋ.sʌŋ.i.nʌ.mu],[ga.nɯŋ.sʌŋ.i.nʌ.mu]
볼 수 있었습니다,9,[pol.su.it̚.ʌt̚.sɯp̚.ni.ta],[bol.su.it̚.ʌt̚.sɯp̚.ni.da]
포기하기엔 너무,9,[pʰo.ki.ha.ki.en.nʌ.mu],[pʰo.gi.ha.gi.en.nʌ.mu]
내 권리야,9,[nɛ.kwʌl.li.ja],[nɛ.gwʌl.li.ja]
방법이 있긴 해요,9,[pam.pʌp̚.i.it̚.kin.hɛ.jo],[baŋ.bʌp̚.i.it̚.kin.hɛ.jo]
asking you to,9,,
포기하는 순간,9,[pʰo.ki.ha.nɯn.suŋ.kan],[pʰo.gi.ha.nɯn.suŋ.kan]
방법이 있는 것,9,[pam.pʌp̚.i.it̚.nɯŋ.kʌt̚],[baŋ.bʌp̚.i.it̚.nɯn.gʌt̚]
해요 지금요,9,[hɛ.jo.tʃi.kɯm.jo],[hɛ.jo.dʒi.gɯm.jo]
떠나 우리,9,[t͈ʌ.na.u.ɾi],[t͈ʌ.na.u.ɾi]
내 권한이,9,[nɛ.kwʌn.han.i],[nɛ.gwʌn.han.i]
해요 지난,9,[hɛ.jo.tʃi.nan],[hɛ.jo.dʒi.nan]
right next,9,,
포기하지 않아서,9,[pʰo.ki.ha.tʃi.an.a.sʌ],[pʰo.gi.ha.dʒi.an.a.sʌ]
잠에서 깼어요,9,[tʃam.e.sʌ.k͈ɛt̚.ʌ.jo],[dʒam.e.sʌ.k͈ɛt̚.ʌ.jo]
방법이 있소,9,[pam.pʌp̚.i.it̚.so],[baŋ.bʌp̚.i.it̚.so]
근데 그렇지,9,[kɯn.te.kɯ.ɾʌt̚.tʃi],[gɯn.te.gɯ.ɾʌt̚.tʃi]
포기하지 않았지,9,[pʰo.ki.ha.tʃi.an.at̚.tʃi],[pʰo.gi.ha.dʒi.an.at̚.tʃi]
이걸 어쩌면,9,[i.kʌl.ʌ.tʃ͈ʌ.mjʌn],[i.gʌl.ʌ.tʃ͈ʌ.mjʌn]
이걸 어쩐다,9,[i.kʌl.ʌ.tʃ͈ʌn.ta],[i.gʌl.ʌ.tʃ͈ʌn.ta]
방법이 있었다,9,[pam.pʌp̚.i.it̚.ʌt̚.ta],[baŋ.bʌp̚.i.it̚.ʌt̚.ta]
이걸 언제 다,9,[i.kʌl.ʌn.tʃe.ta],[i.gʌl.ʌn.tʃe.da]
포기해 난,9,[pʰo.ki.hɛ.nan],[pʰo.gi.hɛ.nan]
볼 수 있을지도 몰라,9,[pol.su.it̚.ɯl.tʃi.to.mol.ɾa],[bol.su.it̚.ɯl.tʃi.do.mol.ɾa]
고맙다는 말은 됐어요,9,[ko.map̚.ta.nɯn.mal.ɯn.twɛt̚.ʌ.jo],[go.map̚.ta.nɯn.mal.ɯn.dwɛt̚.ʌ.jo]
해요 학교,9,[hɛ.jo.hak̚.kjo],[hɛ.jo.hak̚.kjo]
내 그냥,9,[nɛ.kɯ.njaŋ],[nɛ.gɯ.njaŋ]
포도 주스,9,[pʰo.to.tʃu.sɯ],[pʰo.do.dʒu.sɯ]
해요 현재,9,[hɛ.jo.hjʌn.tʃɛ],[hɛ.jo.hjʌn.tʃɛ]
방법이 정말,9,[pam.pʌp̚.i.tʃʌŋ.mal],[baŋ.bʌp̚.i.dʒʌŋ.mal]
포드 박사가,9,[pʰo.tɯ.pak̚.sa.ka],[pʰo.dɯ.bak̚.sa.ga]
방법이 좀,9,[pam.pʌp̚.i.tʃom],[baŋ.bʌp̚.i.dʒom]
포레스트 검프,9,[pʰo.ɾe.sɯ.tʰɯ.kʌm.pʰɯ],[pʰo.ɾe.sɯ.tʰɯ.gʌm.pʰɯ]
포르노 배우가,9,[pʰo.ɾɯ.no.pɛ.u.ka],[pʰo.ɾɯ.no.bɛ.u.ga]
내 그림은,9,[nɛ.kɯ.ɾim.ɯn],[nɛ.gɯ.ɾim.ɯn]
이걸 위한,9,[i.kʌl.wi.han],[i.gʌl.wi.han]
포르노를 보는,9,[pʰo.ɾɯ.no.ɾɯl.po.nɯn],[pʰo.ɾɯ.no.ɾɯl.bo.nɯn]
떠나게 된,9,[t͈ʌ.na.ke.twen],[t͈ʌ.na.ge.dwen]
볼 수가 없지,9,[pol.su.ka.ʌp̚.tʃi],[bol.su.ga.ʌp̚.tʃi]
방법이야 내가,9,[pam.pʌp̚.i.ja.nɛ.ka],[baŋ.bʌp̚.i.ja.nɛ.ga]
이걸 입어요,9,[i.kʌl.ip̚.ʌ.jo],[i.gʌl.ip̚.ʌ.jo]
이걸 자식이라고,9,[i.kʌl.tʃa.sik̚.i.ɾa.ko],[i.gʌl.dʒa.sik̚.i.ɾa.go]
포위하고 있어,9,[pʰo.wi.ha.ko.it̚.ʌ],[pʰo.wi.ha.go.it̚.ʌ]
해주길 바라는,9,[hɛ.tʃu.kil.pa.ɾa.nɯn],[hɛ.dʒu.gil.ba.ɾa.nɯn]
볼 수도 있을,9,[pol.su.to.it̚.ɯl],[bol.su.do.it̚.ɯl]
방사능 낙진,9,[paŋ.sa.nɯŋ.nak̚.tʃin],[baŋ.sa.nɯŋ.nak̚.tʃin]
포천 오브,9,[pʰo.tʃʰʌn.o.pɯ],[pʰo.tʃʰʌn.o.bɯ]
이걸 제,9,[i.kʌl.tʃe],[i.gʌl.dʒe]
이걸 제일,9,[i.kʌl.tʃe.il],[i.gʌl.dʒe.il]
방사능 수치는,9,[paŋ.sa.nɯŋ.su.tʃʰi.nɯn],[baŋ.sa.nɯŋ.su.tʃʰi.nɯn]
방사능 측정기,9,[paŋ.sa.nɯŋ.tʃʰɯk̚.tʃʌŋ.ki],[baŋ.sa.nɯŋ.tʃʰɯk̚.tʃʌŋ.gi]
이걸 좋아해,9,[i.kʌl.tʃot̚.a.hɛ],[i.gʌl.dʒot̚.a.hɛ]
방사능에 오염된,9,[paŋ.sa.nɯŋ.e.o.jʌn.twen],[baŋ.sa.nɯŋ.e.o.jʌn.twen]
근데 나한텐,9,[kɯn.te.na.han.tʰen],[gɯn.te.na.han.tʰen]
방사성 물질이,9,[paŋ.sa.sʌŋ.mul.tʃil.i],[baŋ.sa.sʌŋ.mul.tʃil.i]
이걸 자식이라고 내가,9,[i.kʌl.tʃa.sik̚.i.ɾa.ko.nɛ.ka],[i.gʌl.dʒa.sik̚.i.ɾa.go.nɛ.ga]
내 기분이 어떨지,9,[nɛ.ki.pun.i.ʌ.t͈ʌl.tʃi],[nɛ.gi.bun.i.ʌ.t͈ʌl.tʃi]
내가 말만,9,[nɛ.ka.mal.man],[nɛ.ga.mal.man]
right now and,9,,
방송 시작,9,[paŋ.soŋ.si.tʃak̚],[baŋ.soŋ.si.dʒak̚]
폭력 사건을,9,[pʰok̚.ɾjʌk̚.sa.kʌn.ɯl],[pʰok̚.ɾjʌk̚.sa.gʌn.ɯl]
지금 당장 무슨,9,[tʃi.kɯn.taŋ.tʃaŋ.mu.sɯn],[dʒi.gɯm.daŋ.dʒaŋ.mu.sɯn]
폭력 전과도,9,[pʰok̚.ɾjʌk̚.tʃʌŋ.kwa.to],[pʰok̚.ɾjʌk̚.dʒʌŋ.kwa.do]
해주신 거,9,[hɛ.tʃu.siŋ.kʌ],[hɛ.dʒu.sin.gʌ]
폭력에 관한,9,[pʰok̚.ɾjʌk̚.e.kwan.han],[pʰok̚.ɾjʌk̚.e.gwan.han]
해주실 수 있어요,9,[hɛ.tʃu.sil.su.it̚.ʌ.jo],[hɛ.dʒu.sil.su.it̚.ʌ.jo]
방송을 통해,9,[paŋ.soŋ.ɯl.tʰoŋ.hɛ],[baŋ.soŋ.ɯl.tʰoŋ.hɛ]
감사합니다 그냥,9,[kam.sa.hap̚.ni.ta.kɯ.njaŋ],[gam.sa.hap̚.ni.da.gɯ.njaŋ]
해주지 네,9,[hɛ.tʃu.tʃi.ne],[hɛ.dʒu.dʒi.ne]
해주실 거야,9,[hɛ.tʃu.sil.kʌ.ja],[hɛ.dʒu.sil.gʌ.ja]
폭력적인 성향을,9,[pʰok̚.ɾjʌk̚.tʃʌk̚.in.sʌŋ.hjaŋ.ɯl],[pʰok̚.ɾjʌk̚.tʃʌk̚.in.sʌŋ.hjaŋ.ɯl]
폭로하기 위해,9,[pʰok̚.ɾo.ha.ki.wi.hɛ],[pʰok̚.ɾo.ha.gi.wi.hɛ]
방식 아닌가요,9,[paŋ.sik̚.a.niŋ.ka.jo],[baŋ.sik̚.a.niŋ.ka.jo]
폭발 사건이,9,[pʰok̚.pal.sa.kʌn.i],[pʰok̚.pal.sa.gʌn.i]
폭발 장치가,9,[pʰok̚.pal.tʃaŋ.tʃʰi.ka],[pʰok̚.pal.dʒaŋ.tʃʰi.ga]
폭발 현장,9,[pʰok̚.pal.hjʌn.tʃaŋ],[pʰok̚.pal.hjʌn.tʃaŋ]
폭발 현장에서,9,[pʰok̚.pal.hjʌn.tʃaŋ.e.sʌ],[pʰok̚.pal.hjʌn.tʃaŋ.e.sʌ]
방식대로 하면,9,[paŋ.sik̚.tɛ.ɾo.ha.mjʌn],[baŋ.sik̚.tɛ.ɾo.ha.mjʌn]
해주지 하지만,9,[hɛ.tʃu.tʃi.ha.tʃi.man],[hɛ.dʒu.dʒi.ha.dʒi.man]
폭발로 죽은,9,[pʰok̚.pal.ɾo.tʃuk̚.ɯn],[pʰok̚.pal.ɾo.dʒuk̚.ɯn]
해준 것에 대해,9,[hɛ.tʃuŋ.kʌt̚.e.tɛ.hɛ],[hɛ.dʒun.gʌt̚.e.dɛ.hɛ]
폭발에 대해,9,[pʰok̚.pal.e.tɛ.hɛ],[pʰok̚.pal.e.dɛ.hɛ]
폭발을 일으킬 수,9,[pʰok̚.pal.ɯl.il.ɯ.kʰil.su],[pʰok̚.pal.ɯl.il.ɯ.kʰil.su]
방식에 대해서,9,[paŋ.sik̚.e.tɛ.hɛ.sʌ],[baŋ.sik̚.e.dɛ.hɛ.sʌ]
폭발이 일어날,9,[pʰok̚.pal.i.il.ʌ.nal],[pʰok̚.pal.i.il.ʌ.nal]
폭발이 있었고,9,[pʰok̚.pal.i.it̚.ʌt̚.ko],[pʰok̚.pal.i.it̚.ʌt̚.ko]
내가 말하기 전엔,9,[nɛ.ka.mal.ha.ki.tʃʌn.en],[nɛ.ga.mal.ha.gi.dʒʌn.en]
볼 줄도,9,[pol.tʃul.to],[bol.dʒul.to]
폭발할 겁니다,9,[pʰok̚.pal.hal.kʌp̚.ni.ta],[pʰok̚.pal.hal.gʌp̚.ni.da]
이걸 해서,9,[i.kʌl.hɛ.sʌ],[i.gʌl.hɛ.sʌ]
폭스트롯 델타,9,[pʰok̚.sɯ.tʰɯ.ɾot̚.tel.tʰa],[pʰok̚.sɯ.tʰɯ.ɾot̚.del.tʰa]
내 껄,9,[nɛ.k͈ʌl],[nɛ.k͈ʌl]
폭탄 테러와,9,[pʰok̚.tʰan.tʰe.ɾʌ.wa],[pʰok̚.tʰan.tʰe.ɾʌ.wa]
방식이 맘에 들어,9,[paŋ.sik̚.i.mam.e.tɯl.ʌ],[baŋ.sik̚.i.mam.e.dɯl.ʌ]
폭탄은 어디,9,[pʰok̚.tʰan.ɯn.ʌ.ti],[pʰok̚.tʰan.ɯn.ʌ.di]
내 꿈 꿔,9,[nɛ.k͈um.k͈wʌ],[nɛ.k͈um.k͈wʌ]
감사합니다 그만,9,[kam.sa.hap̚.ni.ta.kɯ.man],[gam.sa.hap̚.ni.da.gɯ.man]
방식이 있지,9,[paŋ.sik̚.i.it̚.tʃi],[baŋ.sik̚.i.it̚.tʃi]
방식이 정말,9,[paŋ.sik̚.i.tʃʌŋ.mal],[baŋ.sik̚.i.dʒʌŋ.mal]
방식이 참,9,[paŋ.sik̚.i.tʃʰam],[baŋ.sik̚.i.tʃʰam]
방식이야 사람들,9,[paŋ.sik̚.i.ja.sa.ɾan.tɯl],[baŋ.sik̚.i.ja.sa.ɾan.tɯl]
방식이야 사람들 맨,9,[paŋ.sik̚.i.ja.sa.ɾan.tɯl.mɛn],[baŋ.sik̚.i.ja.sa.ɾan.tɯl.mɛn]
이걸로 다시,9,[i.kʌl.ɾo.ta.si],[i.gʌl.ɾo.da.si]
방식이야 사람들 맨 아래,9,[paŋ.sik̚.i.ja.sa.ɾan.tɯl.mɛn.a.ɾɛ],[baŋ.sik̚.i.ja.sa.ɾan.tɯl.mɛn.a.ɾɛ]
해줄 수 있죠,9,[hɛ.tʃul.su.it̚.tʃjo],[hɛ.dʒul.su.it̚.tʃjo]
방심하지 마라,9,[paŋ.sim.ha.tʃi.ma.ɾa],[baŋ.sim.ha.dʒi.ma.ɾa]
내 꿈을 이룰,9,[nɛ.k͈um.ɯl.i.ɾul],[nɛ.k͈um.ɯl.i.ɾul]
폭탄이 안,9,[pʰok̚.tʰan.i.an],[pʰok̚.tʰan.i.an]
볼 필요는 없어,9,[pol.pʰil.jo.nɯn.ʌp̚.ʌ],[bol.pʰil.jo.nɯn.ʌp̚.ʌ]
방아쇠를 당겨야,9,[paŋ.a.swe.ɾɯl.taŋ.kjʌ.ja],[baŋ.a.swe.ɾɯl.daŋ.gjʌ.ja]
방아쇠를 당기게,9,[paŋ.a.swe.ɾɯl.taŋ.ki.ke],[baŋ.a.swe.ɾɯl.daŋ.gi.ge]
폭풍 속에,9,[pʰok̚.pʰuŋ.sok̚.e],[pʰok̚.pʰuŋ.sok̚.e]
방아쇠를 당기라고,9,[paŋ.a.swe.ɾɯl.taŋ.ki.ɾa.ko],[baŋ.a.swe.ɾɯl.daŋ.gi.ɾa.go]
내가 말하려던 거야,9,[nɛ.ka.mal.ha.ɾjʌ.tʌŋ.kʌ.ja],[nɛ.ga.mal.ha.ɾjʌ.dʌn.gʌ.ja]
방아쇠를 못,9,[paŋ.a.swe.ɾɯl.mot̚],[baŋ.a.swe.ɾɯl.mot̚]
폭풍이 심해지고,9,[pʰok̚.pʰuŋ.i.sim.hɛ.tʃi.ko],[pʰok̚.pʰuŋ.i.sim.hɛ.dʒi.go]
폭풍이 오기,9,[pʰok̚.pʰuŋ.i.o.ki],[pʰok̚.pʰuŋ.i.o.gi]
폭풍이 온다,9,[pʰok̚.pʰuŋ.i.on.ta],[pʰok̚.pʰuŋ.i.on.ta]
고맙습니다 별말씀을요,9,[ko.map̚.sɯp̚.ni.ta.pjʌl.mal.s͈ɯm.ɯl.jo],[go.map̚.sɯp̚.ni.da.bjʌl.mal.s͈ɯm.ɯl.jo]
이걸로는 안,9,[i.kʌl.ɾo.nɯn.an],[i.gʌl.ɾo.nɯn.an]
아마 제일,9,[a.ma.tʃe.il],[a.ma.dʒe.il]
내 나무,9,[nɛ.na.mu],[nɛ.na.mu]
고맙습니다 빨리,9,[ko.map̚.sɯp̚.ni.ta.p͈al.ɾi],[go.map̚.sɯp̚.ni.da.p͈al.ɾi]
폰 브라운을,9,[pʰom.pɯ.ɾa.un.ɯl],[pʰon.bɯ.ɾa.un.ɯl]
방어선을 뚫고,9,[paŋ.ʌ.sʌn.ɯl.t͈ul.ko],[baŋ.ʌ.sʌn.ɯl.t͈ul.ko]
다 파괴할,9,[ta.pʰa.kwe.hal],[da.pʰa.gwe.hal]
내 나이를,9,[nɛ.na.i.ɾɯl],[nɛ.na.i.ɾɯl]
폴 뉴먼,9,[pʰol.lju.mʌn],[pʰol.lju.mʌn]
폴 매카트니가,9,[pʰol.mɛ.kʰa.tʰɯ.ni.ka],[pʰol.mɛ.kʰa.tʰɯ.ni.ga]
내 난자는,9,[nɛ.nan.tʃa.nɯn],[nɛ.nan.tʃa.nɯn]
폴닥 대위님,9,[pʰol.tak̚.tɛ.wi.nim],[pʰol.tak̚.dɛ.wi.nim]
볼게 알았어,9,[pol.ke.al.at̚.ʌ],[bol.ke.al.at̚.ʌ]
이것 말고,9,[i.kʌt̚.mal.ko],[i.gʌt̚.mal.ko]
볼게 오늘,9,[pol.ke.o.nɯl],[bol.ke.o.nɯl]
방에 누가 있어,9,[paŋ.e.nu.ka.it̚.ʌ],[baŋ.e.nu.ga.it̚.ʌ]
해줘 한,9,[hɛ.tʃwʌ.han],[hɛ.dʒwʌ.han]
과거 일을,9,[kwa.kʌ.il.ɯl],[gwa.gʌ.il.ɯl]
이것 봐 넌,9,[i.kʌt̚.pwa.nʌn],[i.gʌt̚.bwa.nʌn]
표 의원,9,[pʰjo.ɯi.wʌn],[pʰjo.ɯi.wʌn]
표 있어요,9,[pʰjo.it̚.ʌ.jo],[pʰjo.it̚.ʌ.jo]
표 차로,9,[pʰjo.tʃʰa.ɾo],[pʰjo.tʃʰa.ɾo]
내 남자 친구는,9,[nɛ.nan.tʃa.tʃʰiŋ.ku.nɯn],[nɛ.nan.tʃa.tʃʰiŋ.ku.nɯn]
내가 말한 적,9,[nɛ.ka.mal.han.tʃʌk̚],[nɛ.ga.mal.han.dʒʌk̚]
이것 없이는,9,[i.kʌt̚.ʌp̚.i.nɯn],[i.gʌt̚.ʌp̚.i.nɯn]
방에 들어갔어요,9,[paŋ.e.tɯl.ʌ.kat̚.ʌ.jo],[baŋ.e.dɯl.ʌ.gat̚.ʌ.jo]
근데 너한텐,9,[kɯn.te.nʌ.han.tʰen],[gɯn.te.nʌ.han.tʰen]
방에 들어오면,9,[paŋ.e.tɯl.ʌ.o.mjʌn],[baŋ.e.dɯl.ʌ.o.mjʌn]
해줘요 날,9,[hɛ.tʃwʌ.jo.nal],[hɛ.dʒwʌ.jo.nal]
표만 더,9,[pʰjo.man.tʌ],[pʰjo.man.dʌ]
진짜라고 믿게,9,[tʃin.tʃ͈a.ɾa.ko.mit̚.ke],[dʒin.tʃ͈a.ɾa.go.mit̚.ke]
감사합니다 네가,9,[kam.sa.hap̚.ni.ta.ne.ka],[gam.sa.hap̚.ni.da.ne.ga]
내가 말하죠,9,[nɛ.ka.mal.ha.tʃjo],[nɛ.ga.mal.ha.dʒjo]
해줘요 알았어요,9,[hɛ.tʃwʌ.jo.al.at̚.ʌ.jo],[hɛ.dʒwʌ.jo.al.at̚.ʌ.jo]
볼게요 내,9,[pol.ke.jo.nɛ],[bol.ke.jo.nɛ]
떠나려 하지,9,[t͈ʌ.na.ɾjʌ.ha.tʃi],[t͈ʌ.na.ɾjʌ.ha.dʒi]
표시되지 않은,9,[pʰjo.si.twe.tʃi.an.ɯn],[pʰjo.si.dwe.dʒi.an.ɯn]
방에 우리가 몇,9,[paŋ.e.u.ɾi.ka.mjʌt̚],[baŋ.e.u.ɾi.ga.mjʌt̚]
방에 우리가,9,[paŋ.e.u.ɾi.ka],[baŋ.e.u.ɾi.ga]
방에 있게,9,[paŋ.e.it̚.ke],[baŋ.e.it̚.ke]
방에 있나요,9,[paŋ.e.it̚.na.jo],[baŋ.e.it̚.na.jo]
방에 있는 거,9,[paŋ.e.it̚.nɯŋ.kʌ],[baŋ.e.it̚.nɯn.gʌ]
볼게요 어디,9,[pol.ke.jo.ʌ.ti],[bol.ke.jo.ʌ.di]
해지기 전까지,9,[hɛ.tʃi.ki.tʃʌŋ.k͈a.tʃi],[hɛ.dʒi.gi.dʒʌŋ.k͈a.dʒi]
표정 관리,9,[pʰjo.tʃʌŋ.kwal.li],[pʰjo.dʒʌŋ.gwal.li]
표정 뭐야,9,[pʰjo.tʃʌŋ.mwʌ.ja],[pʰjo.dʒʌŋ.mwʌ.ja]
표정 하지,9,[pʰjo.tʃʌŋ.ha.tʃi],[pʰjo.dʒʌŋ.ha.dʒi]
방에 있을게,9,[paŋ.e.it̚.ɯl.ke],[baŋ.e.it̚.ɯl.ke]
NZT 복용,9,[pok̚.joŋ],[bok̚.joŋ]
볼게요 제,9,[pol.ke.jo.tʃe],[bol.ke.jo.dʒe]
내가 말해 줄게,9,[nɛ.ka.mal.hɛ.tʃul.ke],[nɛ.ga.mal.hɛ.dʒul.ke]
표정을 지어요,9,[pʰjo.tʃʌŋ.ɯl.tʃi.ʌ.jo],[pʰjo.dʒʌŋ.ɯl.dʒi.ʌ.jo]
표정이 너무,9,[pʰjo.tʃʌŋ.i.nʌ.mu],[pʰjo.dʒʌŋ.i.nʌ.mu]
표정이 아주,9,[pʰjo.tʃʌŋ.i.a.tʃu],[pʰjo.dʒʌŋ.i.a.dʒu]
이것 좀 봐주세요,9,[i.kʌt̚.tʃom.pwa.tʃu.se.jo],[i.gʌt̚.dʒom.bwa.dʒu.se.jo]
이것 좀 어떻게,9,[i.kʌt̚.tʃom.ʌ.t͈ʌt̚.ke],[i.gʌt̚.dʒom.ʌ.t͈ʌt̚.ke]
표준 절차야,9,[pʰjo.tʃun.tʃʌl.tʃʰa.ja],[pʰjo.dʒun.dʒʌl.tʃʰa.ja]
아마 절,9,[a.ma.tʃʌl],[a.ma.dʒʌl]
해치는 게 아니라,9,[hɛ.tʃʰi.nɯŋ.ke.a.ni.ɾa],[hɛ.tʃʰi.nɯn.ge.a.ni.ɾa]
감사합니다 당신은,9,[kam.sa.hap̚.ni.ta.taŋ.sin.ɯn],[gam.sa.hap̚.ni.da.daŋ.sin.ɯn]
볼까 하고,9,[pol.k͈a.ha.ko],[bol.k͈a.ha.go]
내 네,9,[nɛ.ne],[nɛ.ne]
해줄수 있어요,9,[hɛ.tʃul.su.it̚.ʌ.jo],[hɛ.dʒul.su.it̚.ʌ.jo]
근데 놈들이,9,[kɯn.te.non.tɯl.i],[gɯn.te.non.tɯl.i]
표현이 안 돼,9,[pʰjo.hjʌn.i.an.twɛ],[pʰjo.hjʌn.i.an.dwɛ]
해치려는 게 아니에요,9,[hɛ.tʃʰi.ɾjʌ.nɯŋ.ke.a.ni.e.jo],[hɛ.tʃʰi.ɾjʌ.nɯn.ge.a.ni.e.jo]
가능성이 있나,9,[ka.nɯŋ.sʌŋ.i.it̚.na],[ga.nɯŋ.sʌŋ.i.it̚.na]
내가 말해줄 수 있는,9,[nɛ.ka.mal.hɛ.tʃul.su.it̚.nɯn],[nɛ.ga.mal.hɛ.dʒul.su.it̚.nɯn]
이것도 그런,9,[i.kʌt̚.to.kɯ.ɾʌn],[i.gʌt̚.to.gɯ.ɾʌn]
걸 상상하고,9,[kʌl.saŋ.saŋ.ha.ko],[gʌl.saŋ.saŋ.ha.go]
푸드 트럭이,9,[pʰu.tɯ.tʰɯ.ɾʌk̚.i],[pʰu.dɯ.tʰɯ.ɾʌk̚.i]
해치지 마라,9,[hɛ.tʃʰi.tʃi.ma.ɾa],[hɛ.tʃʰi.dʒi.ma.ɾa]
푸른 빛에 孤独を隠す 고독을,9,[pʰu.ɾɯm.pit̚.e.ko.tok̚.ɯl],[pʰu.ɾɯn.bit̚.e.go.dok̚.ɯl]
푸른 빛에 孤独を隠す,9,[pʰu.ɾɯm.pit̚.e],[pʰu.ɾɯn.bit̚.e]
내 농담은,9,[nɛ.noŋ.tam.ɯn],[nɛ.noŋ.dam.ɯn]
고맙습니다 좋은 하루,9,[ko.map̚.sɯp̚.ni.ta.tʃot̚.ɯn.ha.ɾu],[go.map̚.sɯp̚.ni.da.dʒot̚.ɯn.ha.ɾu]
내 농장에,9,[nɛ.noŋ.tʃaŋ.e],[nɛ.noŋ.dʒaŋ.e]
내 농장에서,9,[nɛ.noŋ.tʃaŋ.e.sʌ],[nɛ.noŋ.dʒaŋ.e.sʌ]
경계를 늦추지 마라,9,[kjʌŋ.kje.ɾɯl.lɯt̚.tʃʰu.tʃi.ma.ɾa],[gjʌŋ.gje.ɾɯl.lɯt̚.tʃʰu.dʒi.ma.ɾa]
볼수 있게,9,[pol.su.it̚.ke],[bol.su.it̚.ke]
볼수 있다고,9,[pol.su.it̚.ta.ko],[bol.su.it̚.ta.go]
내가 말했다면,9,[nɛ.ka.mal.hɛt̚.ta.mjʌn],[nɛ.ga.mal.hɛt̚.ta.mjʌn]
방으로 가시죠,9,[paŋ.ɯ.ɾo.ka.si.tʃjo],[baŋ.ɯ.ɾo.ga.si.dʒjo]
푹 쉬라고,9,[pʰuk̚.swi.ɾa.ko],[pʰuk̚.swi.ɾa.go]
푹 쉬도록,9,[pʰuk̚.swi.to.ɾok̚],[pʰuk̚.swi.do.ɾok̚]
방으로 가지,9,[paŋ.ɯ.ɾo.ka.tʃi],[baŋ.ɯ.ɾo.ga.dʒi]
내가 말했던 건,9,[nɛ.ka.mal.hɛt̚.tʌŋ.kʌn],[nɛ.ga.mal.hɛt̚.tʌn.gʌn]
방으로 걸어,9,[paŋ.ɯ.ɾo.kʌl.ʌ],[baŋ.ɯ.ɾo.gʌl.ʌ]
푹 자는,9,[pʰuk̚.tʃa.nɯn],[pʰuk̚.dʒa.nɯn]
방으로 데려가서,9,[paŋ.ɯ.ɾo.te.ɾjʌ.ka.sʌ],[baŋ.ɯ.ɾo.de.ɾjʌ.ga.sʌ]
떠나시면 안,9,[t͈ʌ.na.si.mjʌn.an],[t͈ʌ.na.si.mjʌn.an]
푹 좀,9,[pʰuk̚.tʃom],[pʰuk̚.dʒom]
방으로 들어가요,9,[paŋ.ɯ.ɾo.tɯl.ʌ.ka.jo],[baŋ.ɯ.ɾo.dɯl.ʌ.ga.jo]
푼도 더,9,[pʰun.to.tʌ],[pʰun.to.dʌ]
볼일 끝났으면,9,[pol.il.k͈ɯt̚.nat̚.ɯ.mjʌn],[bol.il.k͈ɯt̚.nat̚.ɯ.mjʌn]
풀 거예요,9,[pʰul.kʌ.je.jo],[pʰul.gʌ.je.jo]
이것들 중 하나에,9,[i.kʌt̚.tɯl.tʃuŋ.ha.na.e],[i.gʌt̚.tɯl.dʒuŋ.ha.na.e]
이것들 진짜,9,[i.kʌt̚.tɯl.tʃin.tʃ͈a],[i.gʌt̚.tɯl.dʒin.tʃ͈a]
풀 수 있지,9,[pʰul.su.it̚.tʃi],[pʰul.su.it̚.tʃi]
고맙지만 그럴,9,[ko.map̚.tʃi.maŋ.kɯ.ɾʌl],[go.map̚.tʃi.man.gɯ.ɾʌl]
볼일 있으면,9,[pol.il.it̚.ɯ.mjʌn],[bol.il.it̚.ɯ.mjʌn]
내 눈구멍,9,[nɛ.nuŋ.ku.mʌŋ],[nɛ.nuŋ.ku.mʌŋ]
지금 말씀은,9,[tʃi.kɯm.mal.s͈ɯm.ɯn],[dʒi.gɯm.mal.s͈ɯm.ɯn]
Do as you are,9,,
방을 쓰게,9,[paŋ.ɯl.s͈ɯ.ke],[baŋ.ɯl.s͈ɯ.ge]
풀리는 게,9,[pʰul.ɾi.nɯŋ.ke],[pʰul.ɾi.nɯn.ge]
풀리지 않았어,9,[pʰul.ɾi.tʃi.an.at̚.ʌ],[pʰul.ɾi.dʒi.an.at̚.ʌ]
풀린 건,9,[pʰul.ɾiŋ.kʌn],[pʰul.ɾin.gʌn]
방을 잡아라,9,[paŋ.ɯl.tʃap̚.a.ɾa],[baŋ.ɯl.dʒap̚.a.ɾa]
방을 혼자,9,[paŋ.ɯl.hon.tʃa],[baŋ.ɯl.hon.tʃa]
풀어 내가,9,[pʰul.ʌ.nɛ.ka],[pʰul.ʌ.nɛ.ga]
방이 더,9,[paŋ.i.tʌ],[baŋ.i.dʌ]
풀어 주자,9,[pʰul.ʌ.tʃu.tʃa],[pʰul.ʌ.dʒu.dʒa]
풀어 줄 거예요,9,[pʰul.ʌ.tʃul.kʌ.je.jo],[pʰul.ʌ.dʒul.gʌ.je.jo]
방이 있는,9,[paŋ.i.it̚.nɯn],[baŋ.i.it̚.nɯn]
방이 있는데,9,[paŋ.i.it̚.nɯn.te],[baŋ.i.it̚.nɯn.te]
볼트 커터,9,[pol.tʰɯ.kʰʌ.tʰʌ],[bol.tʰɯ.kʰʌ.tʰʌ]
고맙지만 이,9,[ko.map̚.tʃi.man.i],[go.map̚.tʃi.man.i]
다 하다니,9,[ta.ha.ta.ni],[da.ha.da.ni]
감사합니다 모든,9,[kam.sa.hap̚.ni.ta.mo.tɯn],[gam.sa.hap̚.ni.da.mo.dɯn]
이것에 대해서는,9,[i.kʌt̚.e.tɛ.hɛ.sʌ.nɯn],[i.gʌt̚.e.dɛ.hɛ.sʌ.nɯn]
내가 망쳤지,9,[nɛ.ka.maŋ.tʃʰjʌt̚.tʃi],[nɛ.ga.maŋ.tʃʰjʌt̚.tʃi]
봄 여름,9,[pom.jʌ.ɾɯm],[bom.jʌ.ɾɯm]
품격 있어,9,[pʰum.kjʌk̚.it̚.ʌ],[pʰum.kjʌk̚.it̚.ʌ]
떠나지 못하게,9,[t͈ʌ.na.tʃi.mot̚.ha.ke],[t͈ʌ.na.dʒi.mot̚.ha.ge]
내 눈을 바라봐,9,[nɛ.nun.ɯl.pa.ɾa.pwa],[nɛ.nun.ɯl.ba.ɾa.bwa]
떠나지 못한다,9,[t͈ʌ.na.tʃi.mot̚.han.ta],[t͈ʌ.na.dʒi.mot̚.han.ta]
풍경이 울린다,9,[pʰuŋ.kjʌŋ.i.ul.ɾin.ta],[pʰuŋ.gjʌŋ.i.ul.ɾin.ta]
감사합니다 뭘요,9,[kam.sa.hap̚.ni.ta.mwʌl.jo],[gam.sa.hap̚.ni.da.mwʌl.jo]
풍연의 아파하는 신음,9,[pʰuŋ.jʌn.ɯi.a.pʰa.ha.nɯn.sin.ɯm],[pʰuŋ.jʌn.ɯi.a.pʰa.ha.nɯn.sin.ɯm]
풍연의 힘주는,9,[pʰuŋ.jʌn.ɯi.hin.tʃu.nɯn],[pʰuŋ.jʌn.ɯi.hin.tʃu.nɯn]
NZT를 먹고,9,[ɾɯl.mʌk̚.ko],[ɾɯl.mʌk̚.ko]
방해나 하지,9,[paŋ.hɛ.na.ha.tʃi],[baŋ.hɛ.na.ha.dʒi]
봅시다 내,9,[pop̚.si.ta.nɛ],[bop̚.si.da.nɛ]
아마도요 아마도,9,[a.ma.to.jo.a.ma.to],[a.ma.do.jo.a.ma.do]
프라이 씨,9,[pʰɯ.ɾa.i.s͈i],[pʰɯ.ɾa.i.s͈i]
프라이트 나이트,9,[pʰɯ.ɾa.i.tʰɯ.na.i.tʰɯ],[pʰɯ.ɾa.i.tʰɯ.na.i.tʰɯ]
핸버리 가,9,[hɛm.pʌ.ɾi.ka],[hɛm.pʌ.ɾi.ga]
하려 할,9,[ha.ɾjʌ.hal],[ha.ɾjʌ.hal]
햄 라디오,9,[hɛm.ɾa.ti.o],[hɛm.ɾa.di.o]
햄록 그로브,9,[hɛm.ɾok̚.kɯ.ɾo.pɯ],[hɛm.ɾok̚.gɯ.ɾo.bɯ]
다 학교,9,[ta.hak̚.kjo],[da.hak̚.kjo]
햄린 씨,9,[hɛm.ɾin.s͈i],[hɛm.ɾin.s͈i]
봅시다 왜,9,[pop̚.si.ta.wɛ],[bop̚.si.da.wɛ]
근데 말이 안,9,[kɯn.te.mal.i.an],[gɯn.te.mal.i.an]
햇빛 때문에,9,[hɛt̚.pit̚.t͈ɛ.mun.e],[hɛt̚.pit̚.t͈ɛ.mun.e]
프랑스 영화,9,[pʰɯ.ɾaŋ.sɯ.jʌŋ.hwa],[pʰɯ.ɾaŋ.sɯ.jʌŋ.hwa]
Bit of,9,,
내 달콤한,9,[nɛ.tal.kʰom.han],[nɛ.dal.kʰom.han]
이것은 우물이다 배불리,9,[i.kʌt̚.ɯn.u.mul.i.ta.pɛ.pul.ɾi],[i.gʌt̚.ɯn.u.mul.i.da.bɛ.bul.ɾi]
at last,9,,
봉쇄 우리를 열어,9,[poŋ.swɛ.u.ɾi.ɾɯl.jʌl.ʌ],[boŋ.swɛ.u.ɾi.ɾɯl.jʌl.ʌ]
프랭크 굿나잇은,9,[pʰɯ.ɾɛŋ.kʰɯ.kut̚.na.it̚.ɯn],[pʰɯ.ɾɛŋ.kʰɯ.gut̚.na.it̚.ɯn]
근데 말을,9,[kɯn.te.mal.ɯl],[gɯn.te.mal.ɯl]
내가 맡아서,9,[nɛ.ka.mat̚.a.sʌ],[nɛ.ga.mat̚.a.sʌ]
프랭크 넌,9,[pʰɯ.ɾɛŋ.kʰɯ.nʌn],[pʰɯ.ɾɛŋ.kʰɯ.nʌn]
프랭크 때문에,9,[pʰɯ.ɾɛŋ.kʰɯ.t͈ɛ.mun.e],[pʰɯ.ɾɛŋ.kʰɯ.t͈ɛ.mun.e]
고문하는 거야,9,[ko.mun.ha.nɯŋ.kʌ.ja],[go.mun.ha.nɯn.gʌ.ja]
프랭크 시내트라,9,[pʰɯ.ɾɛŋ.kʰɯ.si.nɛ.tʰɯ.ɾa],[pʰɯ.ɾɛŋ.kʰɯ.si.nɛ.tʰɯ.ɾa]
했거든 네,9,[hɛt̚.kʌ.tɯn.ne],[hɛt̚.kʌ.dɯn.ne]
이것은 하나의,9,[i.kʌt̚.ɯn.ha.na.ɯi],[i.gʌt̚.ɯn.ha.na.ɯi]
과거에 관해,9,[kwa.kʌ.e.kwan.hɛ],[gwa.gʌ.e.gwan.hɛ]
했거든요 그게,9,[hɛt̚.kʌ.tɯn.jo.kɯ.ke],[hɛt̚.kʌ.dɯn.jo.gɯ.ge]
이것은 훈련이,9,[i.kʌt̚.ɯn.hul.ljʌn.i],[i.gʌt̚.ɯn.hul.ljʌn.i]
내 댄스,9,[nɛ.tɛn.sɯ],[nɛ.dɛn.sɯ]
이것은 좋아,9,[i.kʌt̚.ɯn.tʃot̚.a],[i.gʌt̚.ɯn.dʒot̚.a]
이것을 가지고 있다,9,[i.kʌt̚.ɯl.ka.tʃi.ko.it̚.ta],[i.gʌt̚.ɯl.ga.dʒi.go.it̚.ta]
프레드 커비가,9,[pʰɯ.ɾe.tɯ.kʰʌ.pi.ka],[pʰɯ.ɾe.dɯ.kʰʌ.bi.ga]
프레드 커비의,9,[pʰɯ.ɾe.tɯ.kʰʌ.pi.ɯi],[pʰɯ.ɾe.dɯ.kʰʌ.bi.ɯi]
문제를 하나,9,[mun.tʃe.ɾɯl.ha.na],[mun.tʃe.ɾɯl.ha.na]
했거든 나도,9,[hɛt̚.kʌ.tɯn.na.to],[hɛt̚.kʌ.dɯn.na.do]
감사합니다 선배님,9,[kam.sa.hap̚.ni.ta.sʌm.pɛ.nim],[gam.sa.hap̚.ni.da.sʌm.pɛ.nim]
했겠지 그건,9,[hɛt̚.ket̚.tʃi.kɯ.kʌn],[hɛt̚.ket̚.tʃi.gɯ.gʌn]
방향 감각이,9,[paŋ.hjaŋ.kam.kak̚.i],[baŋ.hjaŋ.gam.kak̚.i]
프렌치 키스,9,[pʰɯ.ɾen.tʃʰi.kʰi.sɯ],[pʰɯ.ɾen.tʃʰi.kʰi.sɯ]
프로 서퍼,9,[pʰɯ.ɾo.sʌ.pʰʌ],[pʰɯ.ɾo.sʌ.pʰʌ]
떠난 동안,9,[t͈ʌ.nan.toŋ.an],[t͈ʌ.nan.doŋ.an]
프로그램 되어,9,[pʰɯ.ɾo.kɯ.ɾɛn.twe.ʌ],[pʰɯ.ɾo.gɯ.ɾɛm.dwe.ʌ]
프로그램 중,9,[pʰɯ.ɾo.kɯ.ɾɛn.tʃuŋ],[pʰɯ.ɾo.gɯ.ɾɛm.dʒuŋ]
내 도움을 원치,9,[nɛ.to.um.ɯl.wʌn.tʃʰi],[nɛ.do.um.ɯl.wʌn.tʃʰi]
Check it out,9,,
과거에 방문했다,9,[kwa.kʌ.e.paŋ.mun.hɛt̚.ta],[gwa.gʌ.e.baŋ.mun.hɛt̚.ta]
방향을 바꾸고,9,[paŋ.hjaŋ.ɯl.pa.k͈u.ko],[baŋ.hjaŋ.ɯl.ba.k͈u.go]
이것을 찾고,9,[i.kʌt̚.ɯl.tʃʰat̚.ko],[i.gʌt̚.ɯl.tʃʰat̚.ko]
프로답지 못하게,9,[pʰɯ.ɾo.tap̚.tʃi.mot̚.ha.ke],[pʰɯ.ɾo.dap̚.tʃi.mot̚.ha.ge]
이것을 좋아하지,9,[i.kʌt̚.ɯl.tʃot̚.a.ha.tʃi],[i.gʌt̚.ɯl.dʒot̚.a.ha.dʒi]
했고 모든,9,[hɛt̚.ko.mo.tɯn],[hɛt̚.ko.mo.dɯn]
방향을 잡고,9,[paŋ.hjaŋ.ɯl.tʃap̚.ko],[baŋ.hjaŋ.ɯl.dʒap̚.ko]
했고 안,9,[hɛt̚.ko.an],[hɛt̚.ko.an]
방향을 틀었다,9,[paŋ.hjaŋ.ɯl.tʰɯl.ʌt̚.ta],[baŋ.hjaŋ.ɯl.tʰɯl.ʌt̚.ta]
프로토콜이 활성화되었다,9,[pʰɯ.ɾo.tʰo.kʰol.i.hwal.sʌŋ.hwa.twe.ʌt̚.ta],[pʰɯ.ɾo.tʰo.kʰol.i.hwal.sʌŋ.hwa.dwe.ʌt̚.ta]
프로토콜에 따르면,9,[pʰɯ.ɾo.tʰo.kʰol.e.t͈a.ɾɯ.mjʌn],[pʰɯ.ɾo.tʰo.kʰol.e.t͈a.ɾɯ.mjʌn]
근데 무슨 일이야,9,[kɯn.te.mu.sɯn.il.i.ja],[gɯn.te.mu.sɯn.il.i.ja]
프로토콜이 활성화되었다 이건,9,[pʰɯ.ɾo.tʰo.kʰol.i.hwal.sʌŋ.hwa.twe.ʌt̚.ta.i.kʌn],[pʰɯ.ɾo.tʰo.kʰol.i.hwal.sʌŋ.hwa.dwe.ʌt̚.ta.i.gʌn]
배 고파,9,[pɛ.ko.pʰa],[bɛ.go.pʰa]
내 돈 갖고,9,[nɛ.toŋ.kat̚.ko],[nɛ.don.gat̚.ko]
이것이 그랬다,9,[i.kʌt̚.i.kɯ.ɾɛt̚.ta],[i.gʌt̚.i.gɯ.ɾɛt̚.ta]
내 돈 다,9,[nɛ.ton.ta],[nɛ.don.da]
프리처 지난,9,[pʰɯ.ɾi.tʃʰʌ.tʃi.nan],[pʰɯ.ɾi.tʃʰʌ.dʒi.nan]
프릭 쇼,9,[pʰɯ.ɾik̚.sjo],[pʰɯ.ɾik̚.sjo]
프린지 지난,9,[pʰɯ.ɾin.tʃi.tʃi.nan],[pʰɯ.ɾin.tʃi.dʒi.nan]
내가 먹던,9,[nɛ.ka.mʌk̚.tʌn],[nɛ.ga.mʌk̚.tʌn]
이것이 무엇을,9,[i.kʌt̚.i.mu.ʌt̚.ɯl],[i.gʌt̚.i.mu.ʌt̚.ɯl]
했길래 이렇게,9,[hɛt̚.kil.ɾɛ.i.ɾʌt̚.ke],[hɛt̚.kil.ɾɛ.i.ɾʌt̚.ke]
배 아픈,9,[pɛ.a.pʰɯn],[bɛ.a.pʰɯn]
감사합니다 아니에요,9,[kam.sa.hap̚.ni.ta.a.ni.e.jo],[gam.sa.hap̚.ni.da.a.ni.e.jo]
내 돈은 어디 있어,9,[nɛ.ton.ɯn.ʌ.ti.it̚.ʌ],[nɛ.don.ɯn.ʌ.di.it̚.ʌ]
내 돈을 가지고,9,[nɛ.ton.ɯl.ka.tʃi.ko],[nɛ.don.ɯl.ga.dʒi.go]
했네요 이제,9,[hɛt̚.ne.jo.i.tʃe],[hɛt̚.ne.jo.i.dʒe]
이것이 제,9,[i.kʌt̚.i.tʃe],[i.gʌt̚.i.dʒe]
해줄수 있는,9,[hɛ.tʃul.su.it̚.nɯn],[hɛ.dʒul.su.it̚.nɯn]
내가 먼저 갈,9,[nɛ.ka.mʌn.tʃʌ.kal],[nɛ.ga.mʌn.tʃʌ.gal]
플로리다에서 온,9,[pʰɯl.ɾo.ɾi.ta.e.sʌ.on],[pʰɯl.ɾo.ɾi.da.e.sʌ.on]
이것보다 나은,9,[i.kʌt̚.po.ta.na.ɯn],[i.gʌt̚.po.da.na.ɯn]
봐 걔가,9,[pwa.kjɛ.ka],[bwa.gjɛ.ga]
플로키 구스타프 스카스가드,9,[pʰɯl.ɾo.kʰi.ku.sɯ.tʰa.pʰɯ.sɯ.kʰa.sɯ.ka.tɯ],[pʰɯl.ɾo.kʰi.gu.sɯ.tʰa.pʰɯ.sɯ.kʰa.sɯ.ga.dɯ]
과거와 미래의,9,[kwa.kʌ.wa.mi.ɾɛ.ɯi],[gwa.gʌ.wa.mi.ɾɛ.ɯi]
했는 걸요,9,[hɛt̚.nɯŋ.kʌl.jo],[hɛt̚.nɯn.gʌl.jo]
내가 먼저 널,9,[nɛ.ka.mʌn.tʃʌ.nʌl],[nɛ.ga.mʌn.tʃʌ.nʌl]
감사합니다 아빠,9,[kam.sa.hap̚.ni.ta.a.p͈a],[gam.sa.hap̚.ni.da.a.p͈a]
배가 고프다고,9,[pɛ.ka.ko.pʰɯ.ta.ko],[bɛ.ga.go.pʰɯ.da.go]
봐 걱정돼서 그래,9,[pwa.kʌk̚.tʃʌŋ.twɛ.sʌ.kɯ.ɾɛ],[bwa.gʌk̚.tʃʌŋ.dwɛ.sʌ.gɯ.ɾɛ]
했는데 그러면,9,[hɛt̚.nɯn.te.kɯ.ɾʌ.mjʌn],[hɛt̚.nɯn.te.gɯ.ɾʌ.mjʌn]
only gonna,9,,
내 동료랑,9,[nɛ.toŋ.ɾjo.ɾaŋ],[nɛ.doŋ.ɾjo.ɾaŋ]
배가 곧 떠난다,9,[pɛ.ka.kot̚.t͈ʌ.nan.ta],[bɛ.ga.got̚.t͈ʌ.nan.ta]
봐 걱정되는,9,[pwa.kʌk̚.tʃʌŋ.twe.nɯn],[bwa.gʌk̚.tʃʌŋ.dwe.nɯn]
배가 너무 고파서,9,[pɛ.ka.nʌ.mu.ko.pʰa.sʌ],[bɛ.ga.nʌ.mu.go.pʰa.sʌ]
내가 먼저 죽으면,9,[nɛ.ka.mʌn.tʃʌ.tʃuk̚.ɯ.mjʌn],[nɛ.ga.mʌn.tʃʌ.dʒuk̚.ɯ.mjʌn]
했는데 꽤,9,[hɛt̚.nɯn.te.k͈wɛ],[hɛt̚.nɯn.te.k͈wɛ]
했는데 나타나지,9,[hɛt̚.nɯn.te.na.tʰa.na.tʃi],[hɛt̚.nɯn.te.na.tʰa.na.dʒi]
떠날 거라는,9,[t͈ʌ.nal.kʌ.ɾa.nɯn],[t͈ʌ.nal.gʌ.ɾa.nɯn]
고민할 때,9,[ko.min.hal.t͈ɛ],[go.min.hal.t͈ɛ]
피가 가득,9,[pʰi.ka.ka.tɯk̚],[pʰi.ga.ga.dɯk̚]
봐 겁나지,9,[pwa.kʌp̚.na.tʃi],[bwa.gʌp̚.na.dʒi]
했는데 말을 안,9,[hɛt̚.nɯn.te.mal.ɯl.an],[hɛt̚.nɯn.te.mal.ɯl.an]
only if,9,,
피가 아니라,9,[pʰi.ka.a.ni.ɾa],[pʰi.ga.a.ni.ɾa]
했는데 모든,9,[hɛt̚.nɯn.te.mo.tɯn],[hɛt̚.nɯn.te.mo.dɯn]
고민해야 할,9,[ko.min.hɛ.ja.hal],[go.min.hɛ.ja.hal]
피가 이렇게,9,[pʰi.ka.i.ɾʌt̚.ke],[pʰi.ga.i.ɾʌt̚.ke]
피가 있다,9,[pʰi.ka.it̚.ta],[pʰi.ga.it̚.ta]
피가 잔뜩,9,[pʰi.ka.tʃan.t͈ɯk̚],[pʰi.ga.dʒan.t͈ɯk̚]
피가 잘,9,[pʰi.ka.tʃal],[pʰi.ga.dʒal]
피가 튀는,9,[pʰi.ka.tʰwi.nɯn],[pʰi.ga.tʰwi.nɯn]
피가 필요한,9,[pʰi.ka.pʰil.jo.han],[pʰi.ga.pʰil.jo.han]
배고파 뭐,9,[pɛ.ko.pʰa.mwʌ],[bɛ.go.pʰa.mwʌ]
내가 멋진 걸 알아,9,[nɛ.ka.mʌt̚.tʃiŋ.kʌl.al.a],[nɛ.ga.mʌt̚.tʃin.gʌl.al.a]
피고에 대한,9,[pʰi.ko.e.tɛ.han],[pʰi.go.e.dɛ.han]
피고는 무죄입니다,9,[pʰi.ko.nɯn.mu.tʃwe.ip̚.ni.ta],[pʰi.go.nɯn.mu.dʒwe.ip̚.ni.da]
떠날 때 나한테,9,[t͈ʌ.nal.t͈ɛ.na.han.tʰe],[t͈ʌ.nal.t͈ɛ.na.han.tʰe]
내 동생처럼,9,[nɛ.toŋ.sɛŋ.tʃʰʌ.ɾʌm],[nɛ.doŋ.sɛŋ.tʃʰʌ.ɾʌm]
배고픈 걸,9,[pɛ.ko.pʰɯŋ.kʌl],[bɛ.go.pʰɯn.gʌl]
했는데 상황이,9,[hɛt̚.nɯn.te.saŋ.hwaŋ.i],[hɛt̚.nɯn.te.saŋ.hwaŋ.i]
고백도 하고,9,[ko.pɛk̚.to.ha.ko],[go.bɛk̚.to.ha.go]
배고플 것 같아서,9,[pɛ.ko.pʰɯl.kʌt̚.kat̚.a.sʌ],[bɛ.go.pʰɯl.gʌt̚.gat̚.a.sʌ]
봐 그게 뭐야,9,[pwa.kɯ.ke.mwʌ.ja],[bwa.gɯ.ge.mwʌ.ja]
고백을 못,9,[ko.pɛk̚.ɯl.mot̚],[go.bɛk̚.ɯl.mot̚]
했는데 완전히,9,[hɛt̚.nɯn.te.wan.tʃʌn.hi],[hɛt̚.nɯn.te.wan.tʃʌn.hi]
피닉스 재단,9,[pʰi.nik̚.sɯ.tʃɛ.tan],[pʰi.nik̚.sɯ.dʒɛ.dan]
피도 없고,9,[pʰi.to.ʌp̚.ko],[pʰi.do.ʌp̚.ko]
했는데 우리는,9,[hɛt̚.nɯn.te.u.ɾi.nɯn],[hɛt̚.nɯn.te.u.ɾi.nɯn]
이게 내 진짜,9,[i.ke.nɛ.tʃin.tʃ͈a],[i.ge.nɛ.dʒin.tʃ͈a]
배달 통을,9,[pɛ.tal.tʰoŋ.ɯl],[bɛ.dal.tʰoŋ.ɯl]
배달은 안,9,[pɛ.tal.ɯn.an],[bɛ.dal.ɯn.an]
봐 거짓말한,9,[pwa.kʌ.tʃit̚.mal.han],[bwa.gʌ.dʒit̚.mal.han]
떠날 생각도,9,[t͈ʌ.nal.sɛŋ.kak̚.to],[t͈ʌ.nal.sɛŋ.gak̚.to]
했는데 자꾸,9,[hɛt̚.nɯn.te.tʃa.k͈u],[hɛt̚.nɯn.te.dʒa.k͈u]
피를 마시면,9,[pʰi.ɾɯl.ma.si.mjʌn],[pʰi.ɾɯl.ma.si.mjʌn]
내 뒤통수,9,[nɛ.twi.tʰoŋ.su],[nɛ.dwi.tʰoŋ.su]
피를 봐야,9,[pʰi.ɾɯl.pwa.ja],[pʰi.ɾɯl.bwa.ja]
배로 갚아,9,[pɛ.ɾo.kap̚.a],[bɛ.ɾo.gap̚.a]
했는데 전혀,9,[hɛt̚.nɯn.te.tʃʌn.hjʌ],[hɛt̚.nɯn.te.dʒʌn.hjʌ]
피를 흘릴 것이다,9,[pʰi.ɾɯl.hɯl.ɾil.kʌt̚.i.ta],[pʰi.ɾɯl.hɯl.ɾil.gʌt̚.i.da]
배로 씨가,9,[pɛ.ɾo.s͈i.ka],[bɛ.ɾo.s͈i.ga]
했는지 기억이 안 나,9,[hɛt̚.nɯn.tʃi.ki.ʌk̚.i.an.na],[hɛt̚.nɯn.tʃi.gi.ʌk̚.i.an.na]
아무 대가 없이,9,[a.mu.tɛ.ka.ʌp̚.i],[a.mu.dɛ.ga.ʌp̚.i]
배를 가르고,9,[pɛ.ɾɯl.ka.ɾɯ.ko],[bɛ.ɾɯl.ga.ɾɯ.go]
피부 이식,9,[pʰi.pu.i.sik̚],[pʰi.bu.i.sik̚]
피부 이식을,9,[pʰi.pu.i.sik̚.ɯl],[pʰi.bu.i.sik̚.ɯl]
피부 조직을,9,[pʰi.pu.tʃo.tʃik̚.ɯl],[pʰi.bu.dʒo.dʒik̚.ɯl]
피부를 통해,9,[pʰi.pu.ɾɯl.tʰoŋ.hɛ],[pʰi.bu.ɾɯl.tʰoŋ.hɛ]
과다 복용을,9,[kwa.ta.pok̚.joŋ.ɯl],[gwa.da.bok̚.joŋ.ɯl]
배를 소유한,9,[pɛ.ɾɯl.so.ju.han],[bɛ.ɾɯl.so.ju.han]
피아노 잘,9,[pʰi.a.no.tʃal],[pʰi.a.no.dʒal]
떠날지도 몰라요,9,[t͈ʌ.nal.tʃi.to.mol.ɾa.jo],[t͈ʌ.nal.tʃi.do.mol.ɾa.jo]
배를 타지,9,[pɛ.ɾɯl.tʰa.tʃi],[bɛ.ɾɯl.tʰa.dʒi]
피어라 戻る場所なんてない,9,[pʰi.ʌ.ɾa],[pʰi.ʌ.ɾa]
피어라 戻る場所なんてない 돌아갈 곳이라곤,9,[pʰi.ʌ.ɾa.tol.a.kal.kot̚.i.ɾa.kon],[pʰi.ʌ.ɾa.dol.a.gal.got̚.i.ɾa.gon]
배리 안,9,[pɛ.ɾi.an],[bɛ.ɾi.an]
피와 살로,9,[pʰi.wa.sal.ɾo],[pʰi.wa.sal.ɾo]
피우고 있어요,9,[pʰi.u.ko.it̚.ʌ.jo],[pʰi.u.go.it̚.ʌ.jo]
배불리 마시고 내려가라,9,[pɛ.pul.ɾi.ma.si.ko.nɛ.ɾjʌ.ka.ɾa],[bɛ.bul.ɾi.ma.si.go.nɛ.ɾjʌ.ga.ɾa]
피우는 사람,9,[pʰi.u.nɯn.sa.ɾam],[pʰi.u.nɯn.sa.ɾam]
배속 엔진,9,[pɛ.sok̚.en.tʃin],[bɛ.sok̚.en.tʃin]
내 딸을 위해서,9,[nɛ.t͈al.ɯl.wi.hɛ.sʌ],[nɛ.t͈al.ɯl.wi.hɛ.sʌ]
피우지 않고,9,[pʰi.u.tʃi.aŋ.ko],[pʰi.u.dʒi.aŋ.ko]
피운 적,9,[pʰi.un.tʃʌk̚],[pʰi.un.dʒʌk̚]
피워 놓고,9,[pʰi.wʌ.not̚.ko],[pʰi.wʌ.not̚.ko]
했는진 모르겠지만,9,[hɛt̚.nɯn.tʃin.mo.ɾɯ.ket̚.tʃi.man],[hɛt̚.nɯn.tʃin.mo.ɾɯ.get̚.tʃi.man]
피워야 해요,9,[pʰi.wʌ.ja.hɛ.jo],[pʰi.wʌ.ja.hɛ.jo]
했다 그건,9,[hɛt̚.ta.kɯ.kʌn],[hɛt̚.ta.gɯ.gʌn]
고생을 좀,9,[ko.sɛŋ.ɯl.tʃom],[go.sɛŋ.ɯl.dʒom]
떠났던 거야,9,[t͈ʌ.nat̚.tʌŋ.kʌ.ja],[t͈ʌ.nat̚.tʌn.gʌ.ja]
내가 모르는 뭔가가,9,[nɛ.ka.mo.ɾɯ.nɯn.mwʌŋ.ka.ka],[nɛ.ga.mo.ɾɯ.nɯn.mwʌŋ.ka.ga]
했다 그를,9,[hɛt̚.ta.kɯ.ɾɯl],[hɛt̚.ta.gɯ.ɾɯl]
피자 먹는,9,[pʰi.tʃa.mʌk̚.nɯn],[pʰi.dʒa.mʌk̚.nɯn]
배신하지 않아요,9,[pɛ.sin.ha.tʃi.an.a.jo],[bɛ.sin.ha.dʒi.an.a.jo]
했다 그리고 그,9,[hɛt̚.ta.kɯ.ɾi.ko.kɯ],[hɛt̚.ta.gɯ.ɾi.go.gɯ]
고생을 한,9,[ko.sɛŋ.ɯl.han],[go.sɛŋ.ɯl.han]
배신하지 않았어,9,[pɛ.sin.ha.tʃi.an.at̚.ʌ],[bɛ.sin.ha.dʒi.an.at̚.ʌ]
졸려 죽은,9,[tʃol.ɾjʌ.tʃuk̚.ɯn],[dʒol.ɾjʌ.dʒuk̚.ɯn]
배신하지 않을 것이다,9,[pɛ.sin.ha.tʃi.an.ɯl.kʌt̚.i.ta],[bɛ.sin.ha.dʒi.an.ɯl.gʌt̚.i.da]
피자 파티,9,[pʰi.tʃa.pʰa.tʰi],[pʰi.dʒa.pʰa.tʰi]
했다 당신이,9,[hɛt̚.ta.taŋ.sin.i],[hɛt̚.ta.daŋ.sin.i]
했다 두,9,[hɛt̚.ta.tu],[hɛt̚.ta.du]
배신한 적 없어,9,[pɛ.sin.han.tʃʌk̚.ʌp̚.ʌ],[bɛ.sin.han.dʒʌk̚.ʌp̚.ʌ]
피커 씨,9,[pʰi.kʰʌ.s͈i],[pʰi.kʰʌ.s͈i]
배신할 거라고,9,[pɛ.sin.hal.kʌ.ɾa.ko],[bɛ.sin.hal.gʌ.ɾa.go]
고생이 많네,9,[ko.sɛŋ.i.man.ne],[go.sɛŋ.i.man.ne]
했다 만약,9,[hɛt̚.ta.man.jak̚],[hɛt̚.ta.man.jak̚]
내 딸이요,9,[nɛ.t͈al.i.jo],[nɛ.t͈al.i.jo]
배신할 수 없어,9,[pɛ.sin.hal.su.ʌp̚.ʌ],[bɛ.sin.hal.su.ʌp̚.ʌ]
피터 딘클리지,9,[pʰi.tʰʌ.tiŋ.kʰɯl.ɾi.tʃi],[pʰi.tʰʌ.diŋ.kʰɯl.ɾi.dʒi]
고생이 많았다,9,[ko.sɛŋ.i.man.at̚.ta],[go.sɛŋ.i.man.at̚.ta]
피터 맥리쉬는,9,[pʰi.tʰʌ.mɛk̚.ɾi.swi.nɯn],[pʰi.tʰʌ.mɛk̚.ɾi.swi.nɯn]
배신했어 날,9,[pɛ.sin.hɛt̚.ʌ.nal],[bɛ.sin.hɛt̚.ʌ.nal]
피터 이제,9,[pʰi.tʰʌ.i.tʃe],[pʰi.tʰʌ.i.dʒe]
이게 마지막이니까,9,[i.ke.ma.tʃi.mak̚.i.ni.k͈a],[i.ge.ma.dʒi.mak̚.i.ni.k͈a]
내 땅에서 나가,9,[nɛ.t͈aŋ.e.sʌ.na.ka],[nɛ.t͈aŋ.e.sʌ.na.ga]
내 땅이야,9,[nɛ.t͈aŋ.i.ja],[nɛ.t͈aŋ.i.ja]
했다고 그게,9,[hɛt̚.ta.ko.kɯ.ke],[hɛt̚.ta.go.gɯ.ge]
봐 누굴,9,[pwa.nu.kul],[bwa.nu.gul]
피터스 씨,9,[pʰi.tʰʌ.sɯ.s͈i],[pʰi.tʰʌ.sɯ.s͈i]
배양 검사,9,[pɛ.jaŋ.kʌm.sa],[bɛ.jaŋ.gʌm.sa]
했다고 믿고,9,[hɛt̚.ta.ko.mit̚.ko],[hɛt̚.ta.go.mit̚.ko]
배에 실어,9,[pɛ.e.sil.ʌ],[bɛ.e.sil.ʌ]
내가 모시는,9,[nɛ.ka.mo.si.nɯn],[nɛ.ga.mo.si.nɯn]
피트 이내에,9,[pʰi.tʰɯ.i.nɛ.e],[pʰi.tʰɯ.i.nɛ.e]
강력계 형사,9,[kaŋ.ɾjʌk̚.kje.hjʌŋ.sa],[gaŋ.ɾjʌk̚.kje.hjʌŋ.sa]
피하고 싶습니다,9,[pʰi.ha.ko.sip̚.sɯp̚.ni.ta],[pʰi.ha.go.sip̚.sɯp̚.ni.da]
고생한 줄 알아,9,[ko.sɛŋ.han.tʃul.al.a],[go.sɛŋ.han.dʒul.al.a]
배에 태울,9,[pɛ.e.tʰɛ.ul],[bɛ.e.tʰɛ.ul]
이게 모두를,9,[i.ke.mo.tu.ɾɯl],[i.ge.mo.du.ɾɯl]
배에서 내려,9,[pɛ.e.sʌ.nɛ.ɾjʌ],[bɛ.e.sʌ.nɛ.ɾjʌ]
피하는 법을,9,[pʰi.ha.nɯm.pʌp̚.ɯl],[pʰi.ha.nɯn.bʌp̚.ɯl]
지금 상황을 보면,9,[tʃi.kɯm.saŋ.hwaŋ.ɯl.po.mjʌn],[dʒi.gɯm.saŋ.hwaŋ.ɯl.bo.mjʌn]
했다고 하지,9,[hɛt̚.ta.ko.ha.tʃi],[hɛt̚.ta.go.ha.dʒi]
피하지 마요,9,[pʰi.ha.tʃi.ma.jo],[pʰi.ha.dʒi.ma.jo]
이게 무슨 냄새죠,9,[i.ke.mu.sɯn.nɛm.sɛ.tʃjo],[i.ge.mu.sɯn.nɛm.sɛ.dʒjo]
피한 게,9,[pʰi.haŋ.ke],[pʰi.han.ge]
배우가 되는,9,[pɛ.u.ka.twe.nɯn],[bɛ.u.ga.dwe.nɯn]
내 마누라도,9,[nɛ.ma.nu.ɾa.to],[nɛ.ma.nu.ɾa.do]
배우가 아니에요,9,[pɛ.u.ka.a.ni.e.jo],[bɛ.u.ga.a.ni.e.jo]
봐 대체 왜,9,[pwa.tɛ.tʃʰe.wɛ],[bwa.dɛ.tʃʰe.wɛ]
피할 수 있습니다,9,[pʰi.hal.su.it̚.sɯp̚.ni.ta],[pʰi.hal.su.it̚.sɯp̚.ni.da]
이게 무슨 뜻일까요,9,[i.ke.mu.sɯn.t͈ɯt̚.il.k͈a.jo],[i.ge.mu.sɯn.t͈ɯt̚.il.k͈a.jo]
배우고 싶다고,9,[pɛ.u.ko.sip̚.ta.ko],[bɛ.u.go.sip̚.ta.go]
내 마당에서,9,[nɛ.ma.taŋ.e.sʌ],[nɛ.ma.daŋ.e.sʌ]
떠는 것도,9,[t͈ʌ.nɯŋ.kʌt̚.to],[t͈ʌ.nɯn.gʌt̚.to]
배우고 있습니다,9,[pɛ.u.ko.it̚.sɯp̚.ni.ta],[bɛ.u.go.it̚.sɯp̚.ni.da]
피해 상황은,9,[pʰi.hɛ.saŋ.hwaŋ.ɯn],[pʰi.hɛ.saŋ.hwaŋ.ɯn]
내 마을을,9,[nɛ.ma.ɯl.ɯl],[nɛ.ma.ɯl.ɯl]
했다는 소문이,9,[hɛt̚.ta.nɯn.so.mun.i],[hɛt̚.ta.nɯn.so.mun.i]
했다 그들이,9,[hɛt̚.ta.kɯ.tɯl.i],[hɛt̚.ta.gɯ.dɯl.i]
내 마음 속의,9,[nɛ.ma.ɯm.sok̚.ɯi],[nɛ.ma.ɯm.sok̚.ɯi]
내 마음 알지,9,[nɛ.ma.ɯm.al.tʃi],[nɛ.ma.ɯm.al.tʃi]
떠드는 건,9,[t͈ʌ.tɯ.nɯŋ.kʌn],[t͈ʌ.dɯ.nɯn.gʌn]
피해자 몸에,9,[pʰi.hɛ.tʃa.mom.e],[pʰi.hɛ.dʒa.mom.e]
내 마음대로 할 거야,9,[nɛ.ma.ɯn.tɛ.ɾo.hal.kʌ.ja],[nɛ.ma.ɯn.tɛ.ɾo.hal.gʌ.ja]
내가 못 찾을,9,[nɛ.ka.mot̚.tʃʰat̚.ɯl],[nɛ.ga.mot̚.tʃʰat̚.ɯl]
피해자 손에,9,[pʰi.hɛ.tʃa.son.e],[pʰi.hɛ.dʒa.son.e]
피해자 신원,9,[pʰi.hɛ.tʃa.sin.wʌn],[pʰi.hɛ.dʒa.sin.wʌn]
피해자 유형이,9,[pʰi.hɛ.tʃa.ju.hjʌŋ.i],[pʰi.hɛ.dʒa.ju.hjʌŋ.i]
과분한 여자야,9,[kwa.pun.han.jʌ.tʃa.ja],[gwa.bun.han.jʌ.dʒa.ja]
피해자가 누군지,9,[pʰi.hɛ.tʃa.ka.nu.kun.tʃi],[pʰi.hɛ.dʒa.ga.nu.gun.tʃi]
고소할 거라고,9,[ko.so.hal.kʌ.ɾa.ko],[go.so.hal.gʌ.ɾa.go]
배운 것처럼,9,[pɛ.uŋ.kʌt̚.tʃʰʌ.ɾʌm],[bɛ.un.gʌt̚.tʃʰʌ.ɾʌm]
이게 뭐 하는 거야,9,[i.ke.mwʌ.ha.nɯŋ.kʌ.ja],[i.ge.mwʌ.ha.nɯn.gʌ.ja]
내 마음속엔,9,[nɛ.ma.ɯm.sok̚.en],[nɛ.ma.ɯm.sok̚.en]
배운 덕이죠,9,[pɛ.un.tʌk̚.i.tʃjo],[bɛ.un.dʌk̚.i.dʒjo]
했더니 안,9,[hɛt̚.tʌ.ni.an],[hɛt̚.tʌ.ni.an]
피해자를 위한,9,[pʰi.hɛ.tʃa.ɾɯl.wi.han],[pʰi.hɛ.dʒa.ɾɯl.wi.han]
ooh la,9,,
내 마음은 안,9,[nɛ.ma.ɯm.ɯn.an],[nɛ.ma.ɯm.ɯn.an]
했던 거 기억나요,9,[hɛt̚.tʌŋ.kʌ.ki.ʌk̚.na.jo],[hɛt̚.tʌn.gʌ.gi.ʌk̚.na.jo]
배울 것입니다,9,[pɛ.ul.kʌt̚.ip̚.ni.ta],[bɛ.ul.gʌt̚.ip̚.ni.da]
했던 거고,9,[hɛt̚.tʌŋ.kʌ.ko],[hɛt̚.tʌn.gʌ.go]
내 마음을 바꿀,9,[nɛ.ma.ɯm.ɯl.pa.k͈ul],[nɛ.ma.ɯm.ɯl.ba.k͈ul]
봐 만나서,9,[pwa.man.na.sʌ],[bwa.man.na.sʌ]
했던 거랑,9,[hɛt̚.tʌŋ.kʌ.ɾaŋ],[hɛt̚.tʌn.gʌ.ɾaŋ]
핀치 나는,9,[pʰin.tʃʰi.na.nɯn],[pʰin.tʃʰi.na.nɯn]
배울 수 있습니다,9,[pɛ.ul.su.it̚.sɯp̚.ni.ta],[bɛ.ul.su.it̚.sɯp̚.ni.da]
했던 것 같습니다,9,[hɛt̚.tʌŋ.kʌt̚.kat̚.sɯp̚.ni.ta],[hɛt̚.tʌn.gʌt̚.gat̚.sɯp̚.ni.da]
배울 수 있죠,9,[pɛ.ul.su.it̚.tʃjo],[bɛ.ul.su.it̚.tʃjo]
봐 말할,9,[pwa.mal.hal],[bwa.mal.hal]
고속도로 순찰대가,9,[ko.sok̚.to.ɾo.sun.tʃʰal.tɛ.ka],[go.sok̚.to.ɾo.sun.tʃʰal.tɛ.ga]
필녀 씨,9,[pʰil.ljʌ.s͈i],[pʰil.ljʌ.s͈i]
내 마음이 얼마나,9,[nɛ.ma.ɯm.i.ʌl.ma.na],[nɛ.ma.ɯm.i.ʌl.ma.na]
필리파 조지우 선장의 유언장을,9,[pʰil.ɾi.pʰa.tʃo.tʃi.u.sʌn.tʃaŋ.ɯi.ju.ʌn.tʃaŋ.ɯl],[pʰil.ɾi.pʰa.dʒo.dʒi.u.sʌn.tʃaŋ.ɯi.ju.ʌn.tʃaŋ.ɯl]
배웅 안,9,[pɛ.uŋ.an],[bɛ.uŋ.an]
봐 맞아요,9,[pwa.mat̚.a.jo],[bwa.mat̚.a.jo]
이게 바로 나야,9,[i.ke.pa.ɾo.na.ja],[i.ge.ba.ɾo.na.ja]
봐 멈춰,9,[pwa.mʌn.tʃʰwʌ],[bwa.mʌn.tʃʰwʌ]
필요 없겠군요,9,[pʰil.jo.ʌp̚.ket̚.kun.jo],[pʰil.jo.ʌp̚.ket̚.kun.jo]
배워야 했어요,9,[pɛ.wʌ.ja.hɛt̚.ʌ.jo],[bɛ.wʌ.ja.hɛt̚.ʌ.jo]
했던 말 때문에,9,[hɛt̚.tʌn.mal.t͈ɛ.mun.e],[hɛt̚.tʌn.mal.t͈ɛ.mun.e]
내가 무슨 도움이,9,[nɛ.ka.mu.sɯn.to.um.i],[nɛ.ga.mu.sɯn.do.um.i]
했던 말 기억해요,9,[hɛt̚.tʌn.mal.ki.ʌk̚.hɛ.jo],[hɛt̚.tʌn.mal.gi.ʌk̚.hɛ.jo]
떠오르는 青い光に 푸른,9,[t͈ʌ.o.ɾɯ.nɯm.pʰu.ɾɯn],[t͈ʌ.o.ɾɯ.nɯm.pʰu.ɾɯn]
필요 없다네,9,[pʰil.jo.ʌp̚.ta.ne],[pʰil.jo.ʌp̚.ta.ne]
봐 모르겠어,9,[pwa.mo.ɾɯ.ket̚.ʌ],[bwa.mo.ɾɯ.get̚.ʌ]
배제를 할,9,[pɛ.tʃe.ɾɯl.hal],[bɛ.dʒe.ɾɯl.hal]
배제를 할 때에는,9,[pɛ.tʃe.ɾɯl.hal.t͈ɛ.e.nɯn],[bɛ.dʒe.ɾɯl.hal.t͈ɛ.e.nɯn]
고스트 호가,9,[ko.sɯ.tʰɯ.ho.ka],[go.sɯ.tʰɯ.ho.ga]
내 말 들어 그,9,[nɛ.mal.tɯl.ʌ.kɯ],[nɛ.mal.dɯl.ʌ.gɯ]
배짱 없는,9,[pɛ.tʃ͈aŋ.ʌp̚.nɯn],[bɛ.tʃ͈aŋ.ʌp̚.nɯn]
필요 없어 여기서,9,[pʰil.jo.ʌp̚.ʌ.jʌ.ki.sʌ],[pʰil.jo.ʌp̚.ʌ.jʌ.gi.sʌ]
내 말 들어 네가,9,[nɛ.mal.tɯl.ʌ.ne.ka],[nɛ.mal.dɯl.ʌ.ne.ga]
필요 없어 우리는,9,[pʰil.jo.ʌp̚.ʌ.u.ɾi.nɯn],[pʰil.jo.ʌp̚.ʌ.u.ɾi.nɯn]
필요 없어 이게,9,[pʰil.jo.ʌp̚.ʌ.i.ke],[pʰil.jo.ʌp̚.ʌ.i.ge]
배짱이 없는,9,[pɛ.tʃ͈aŋ.i.ʌp̚.nɯn],[bɛ.tʃ͈aŋ.i.ʌp̚.nɯn]
필요 없어 자,9,[pʰil.jo.ʌp̚.ʌ.tʃa],[pʰil.jo.ʌp̚.ʌ.dʒa]
했던 유일한,9,[hɛt̚.tʌn.ju.il.han],[hɛt̚.tʌn.ju.il.han]
봐 문을,9,[pwa.mun.ɯl],[bwa.mun.ɯl]
필요 없어 정말,9,[pʰil.jo.ʌp̚.ʌ.tʃʌŋ.mal],[pʰil.jo.ʌp̚.ʌ.dʒʌŋ.mal]
내가 무슨 말을 해야,9,[nɛ.ka.mu.sɯn.mal.ɯl.hɛ.ja],[nɛ.ga.mu.sɯn.mal.ɯl.hɛ.ja]
지금 시간 돼,9,[tʃi.kɯm.si.kan.twɛ],[dʒi.gɯm.si.gan.dwɛ]
필요 없어요 그리고,9,[pʰil.jo.ʌp̚.ʌ.jo.kɯ.ɾi.ko],[pʰil.jo.ʌp̚.ʌ.jo.gɯ.ɾi.go]
필요 없어요 다,9,[pʰil.jo.ʌp̚.ʌ.jo.ta],[pʰil.jo.ʌp̚.ʌ.jo.da]
배치할 겁니다,9,[pɛ.tʃʰi.hal.kʌp̚.ni.ta],[bɛ.tʃʰi.hal.gʌp̚.ni.da]
고아가 될,9,[ko.a.ka.twel],[go.a.ga.dwel]
걸 아는 거지,9,[kʌl.a.nɯŋ.kʌ.tʃi],[gʌl.a.nɯn.gʌ.dʒi]
내 말 들었나,9,[nɛ.mal.tɯl.ʌt̚.na],[nɛ.mal.dɯl.ʌt̚.na]
이게 앞으로,9,[i.ke.ap̚.ɯ.ɾo],[i.ge.ap̚.ɯ.ɾo]
내 말 들으세요,9,[nɛ.mal.tɯl.ɯ.se.jo],[nɛ.mal.dɯl.ɯ.se.jo]
고압 전류,9,[ko.ap̚.tʃʌl.lju],[go.ap̚.dʒʌl.lju]
했든 안 했든,9,[hɛt̚.tɯn.an.hɛt̚.tɯn],[hɛt̚.tɯn.an.hɛt̚.tɯn]
했든지 간에,9,[hɛt̚.tɯn.tʃi.kan.e],[hɛt̚.tɯn.tʃi.gan.e]
내 말 똑똑히 들어요,9,[nɛ.mal.t͈ok̚.t͈ok̚.hi.tɯl.ʌ.jo],[nɛ.mal.t͈ok̚.t͈ok̚.hi.dɯl.ʌ.jo]
이게 어디로 가는지,9,[i.ke.ʌ.ti.ɾo.ka.nɯn.tʃi],[i.ge.ʌ.di.ɾo.ga.nɯn.tʃi]
배틀을 하면,9,[pɛ.tʰɯl.ɯl.ha.mjʌn],[bɛ.tʰɯl.ɯl.ha.mjʌn]
이게 어떤 건지,9,[i.ke.ʌ.t͈ʌŋ.kʌn.tʃi],[i.ge.ʌ.t͈ʌn.gʌn.tʃi]
근데 여기에,9,[kɯn.te.jʌ.ki.e],[gɯn.te.jʌ.gi.e]
했소 하지만,9,[hɛt̚.so.ha.tʃi.man],[hɛt̚.so.ha.dʒi.man]
필요가 뭐가,9,[pʰil.jo.ka.mwʌ.ka],[pʰil.jo.ga.mwʌ.ga]
했습니다 그들은,9,[hɛt̚.sɯp̚.ni.ta.kɯ.tɯl.ɯn],[hɛt̚.sɯp̚.ni.da.gɯ.dɯl.ɯn]
필요가 없겠죠,9,[pʰil.jo.ka.ʌp̚.ket̚.tʃjo],[pʰil.jo.ga.ʌp̚.ket̚.tʃjo]
내 말 명심해라,9,[nɛ.mal.mjʌŋ.sim.hɛ.ɾa],[nɛ.mal.mjʌŋ.sim.hɛ.ɾa]
떠올리게 될,9,[t͈ʌ.ol.ɾi.ke.twel],[t͈ʌ.ol.ɾi.ge.dwel]
이게 어떻게 된 겁니까,9,[i.ke.ʌ.t͈ʌt̚.ke.tweŋ.kʌp̚.ni.k͈a],[i.ge.ʌ.t͈ʌt̚.ke.dwen.gʌp̚.ni.k͈a]
필요가 없었을,9,[pʰil.jo.ka.ʌp̚.ʌt̚.ɯl],[pʰil.jo.ga.ʌp̚.ʌt̚.ɯl]
내 말 믿게,9,[nɛ.mal.mit̚.ke],[nɛ.mal.mit̚.ke]
필요가 있는지,9,[pʰil.jo.ka.it̚.nɯn.tʃi],[pʰil.jo.ga.it̚.nɯn.tʃi]
했습니다 오늘,9,[hɛt̚.sɯp̚.ni.ta.o.nɯl],[hɛt̚.sɯp̚.ni.da.o.nɯl]
백 년도,9,[pɛk̚.njʌn.to],[bɛk̚.njʌn.to]
필요가 있었습니다,9,[pʰil.jo.ka.it̚.ʌt̚.sɯp̚.ni.ta],[pʰil.jo.ga.it̚.ʌt̚.sɯp̚.ni.da]
필요가 있었던,9,[pʰil.jo.ka.it̚.ʌt̚.tʌn],[pʰil.jo.ga.it̚.ʌt̚.tʌn]
했습니다 왜,9,[hɛt̚.sɯp̚.ni.ta.wɛ],[hɛt̚.sɯp̚.ni.da.wɛ]
필요까진 없었는데,9,[pʰil.jo.k͈a.tʃin.ʌp̚.ʌt̚.nɯn.te],[pʰil.jo.k͈a.dʒin.ʌp̚.ʌt̚.nɯn.te]
백 달러에,9,[pɛk̚.tal.ɾʌ.e],[bɛk̚.dal.ɾʌ.e]
백 달러짜리,9,[pɛk̚.tal.ɾʌ.tʃ͈a.ɾi],[bɛk̚.dal.ɾʌ.tʃ͈a.ɾi]
고양이 두,9,[ko.jaŋ.i.tu],[go.jaŋ.i.du]
과연 뭘까,9,[kwa.jʌn.mwʌl.k͈a],[gwa.jʌn.mwʌl.k͈a]
필요는 없어 내가,9,[pʰil.jo.nɯn.ʌp̚.ʌ.nɛ.ka],[pʰil.jo.nɯn.ʌp̚.ʌ.nɛ.ga]
봐 봤어,9,[pwa.pwat̚.ʌ],[bwa.bwat̚.ʌ]
백 배,9,[pɛk̚.pɛ],[bɛk̚.bɛ]
opening up,9,,
걸 아는데도,9,[kʌl.a.nɯn.te.to],[gʌl.a.nɯn.te.do]
백 파운드,9,[pɛk̚.pʰa.un.tɯ],[bɛk̚.pʰa.un.tɯ]
필요도 없었다,9,[pʰil.jo.to.ʌp̚.ʌt̚.ta],[pʰil.jo.do.ʌp̚.ʌt̚.ta]
필요도 없었을,9,[pʰil.jo.to.ʌp̚.ʌt̚.ɯl],[pʰil.jo.do.ʌp̚.ʌt̚.ɯl]
내 말 이해했어,9,[nɛ.mal.i.hɛ.hɛt̚.ʌ],[nɛ.mal.i.hɛ.hɛt̚.ʌ]
했어 거짓말,9,[hɛt̚.ʌ.kʌ.tʃit̚.mal],[hɛt̚.ʌ.gʌ.dʒit̚.mal]
백년 살고,9,[pɛk̚.njʌn.sal.ko],[bɛk̚.njʌn.sal.ko]
필요로 하는건,9,[pʰil.jo.ɾo.ha.nɯŋ.kʌn],[pʰil.jo.ɾo.ha.nɯŋ.kʌn]
떡이 된,9,[t͈ʌk̚.i.twen],[t͈ʌk̚.i.dwen]
백마 타고,9,[pɛk̚.ma.tʰa.ko],[bɛk̚.ma.tʰa.go]
백만 개를,9,[pɛk̚.maŋ.kɛ.ɾɯl],[bɛk̚.man.gɛ.ɾɯl]
백만 년 전에,9,[pɛk̚.man.njʌn.tʃʌn.e],[bɛk̚.man.njʌn.dʒʌn.e]
내 말 좀 끝까지,9,[nɛ.mal.tʃom.k͈ɯt̚.k͈a.tʃi],[nɛ.mal.dʒom.k͈ɯt̚.k͈a.dʒi]
이게 왜 이러지,9,[i.ke.wɛ.i.ɾʌ.tʃi],[i.ge.wɛ.i.ɾʌ.dʒi]
필요로 했다,9,[pʰil.jo.ɾo.hɛt̚.ta],[pʰil.jo.ɾo.hɛt̚.ta]
필요로 했을 때,9,[pʰil.jo.ɾo.hɛt̚.ɯl.t͈ɛ],[pʰil.jo.ɾo.hɛt̚.ɯl.t͈ɛ]
고양이 알레르기가,9,[ko.jaŋ.i.al.ɾe.ɾɯ.ki.ka],[go.jaŋ.i.al.ɾe.ɾɯ.gi.ga]
필요없을 것,9,[pʰil.jo.ʌp̚.ɯl.kʌt̚],[pʰil.jo.ʌp̚.ɯl.gʌt̚]
필요조차 없다,9,[pʰil.jo.tʃo.tʃʰa.ʌp̚.ta],[pʰil.jo.dʒo.tʃʰa.ʌp̚.ta]
내 말 틀려,9,[nɛ.mal.tʰɯl.ɾjʌ],[nɛ.mal.tʰɯl.ɾjʌ]
필요치 않아요,9,[pʰil.jo.tʃʰi.an.a.jo],[pʰil.jo.tʃʰi.an.a.jo]
지금 아버지가,9,[tʃi.kɯm.a.pʌ.tʃi.ka],[dʒi.gɯm.a.bʌ.dʒi.ga]
내가 무슨말,9,[nɛ.ka.mu.sɯn.mal],[nɛ.ga.mu.sɯn.mal]
필요하기 때문이다,9,[pʰil.jo.ha.ki.t͈ɛ.mun.i.ta],[pʰil.jo.ha.gi.t͈ɛ.mun.i.da]
내 말대로 안,9,[nɛ.mal.tɛ.ɾo.an],[nɛ.mal.tɛ.ɾo.an]
백만 달러쯤,9,[pɛk̚.man.tal.ɾʌ.tʃ͈ɯm],[bɛk̚.man.dal.ɾʌ.tʃ͈ɯm]
강력한 존재가,9,[kaŋ.ɾjʌk̚.han.tʃon.tʃɛ.ka],[gaŋ.ɾjʌk̚.han.dʒon.tʃɛ.ga]
백만 명 중,9,[pɛk̚.man.mjʌŋ.tʃuŋ],[bɛk̚.man.mjʌŋ.dʒuŋ]
and if I,9,,
이게 우연의,9,[i.ke.u.jʌn.ɯi],[i.ge.u.jʌn.ɯi]
필요하다고 생각해요,9,[pʰil.jo.ha.ta.ko.sɛŋ.kak̚.hɛ.jo],[pʰil.jo.ha.da.go.sɛŋ.gak̚.hɛ.jo]
했어 그렇다고,9,[hɛt̚.ʌ.kɯ.ɾʌt̚.ta.ko],[hɛt̚.ʌ.gɯ.ɾʌt̚.ta.go]
필요하다고 한,9,[pʰil.jo.ha.ta.ko.han],[pʰil.jo.ha.da.go.han]
이게 유일한 방법이에요,9,[i.ke.ju.il.ham.pam.pʌp̚.i.e.jo],[i.ge.ju.il.han.baŋ.bʌp̚.i.e.jo]
필요하다면 뭐든,9,[pʰil.jo.ha.ta.mjʌn.mwʌ.tɯn],[pʰil.jo.ha.da.mjʌn.mwʌ.dɯn]
했어 그리고 그,9,[hɛt̚.ʌ.kɯ.ɾi.ko.kɯ],[hɛt̚.ʌ.gɯ.ɾi.go.gɯ]
백민정 지난 이야기,9,[pɛk̚.min.tʃʌŋ.tʃi.nan.i.ja.ki],[bɛk̚.min.tʃʌŋ.dʒi.nan.i.ja.gi]
필요하면 어떻게,9,[pʰil.jo.ha.mjʌn.ʌ.t͈ʌt̚.ke],[pʰil.jo.ha.mjʌn.ʌ.t͈ʌt̚.ke]
백번도 더,9,[pɛk̚.pʌn.to.tʌ],[bɛk̚.pʌn.to.dʌ]
필요하면 전화해요,9,[pʰil.jo.ha.mjʌn.tʃʌn.hwa.hɛ.jo],[pʰil.jo.ha.mjʌn.dʒʌn.hwa.hɛ.jo]
필요하지 네,9,[pʰil.jo.ha.tʃi.ne],[pʰil.jo.ha.dʒi.ne]
백신 개발에,9,[pɛk̚.siŋ.kɛ.pal.e],[bɛk̚.sin.gɛ.bal.e]
백신 접종,9,[pɛk̚.sin.tʃʌp̚.tʃoŋ],[bɛk̚.sin.dʒʌp̚.tʃoŋ]
필요하진 않을,9,[pʰil.jo.ha.tʃin.an.ɯl],[pʰil.jo.ha.dʒin.an.ɯl]
필요한 거 없니,9,[pʰil.jo.haŋ.kʌ.ʌp̚.ni],[pʰil.jo.han.gʌ.ʌp̚.ni]
지금 안 좋은,9,[tʃi.kɯm.an.tʃot̚.ɯn],[dʒi.gɯm.an.dʒot̚.ɯn]
백신을 안,9,[pɛk̚.sin.ɯl.an],[bɛk̚.sin.ɯl.an]
내 말은 그게 아니잖아,9,[nɛ.mal.ɯŋ.kɯ.ke.a.ni.tʃan.a],[nɛ.mal.ɯn.gɯ.ge.a.ni.dʒan.a]
근데 왜 말 안,9,[kɯn.te.wɛ.mal.an],[gɯn.te.wɛ.mal.an]
이게 저희,9,[i.ke.tʃʌ.hɯi],[i.ge.dʒʌ.hɯi]
걸 아무도 알면,9,[kʌl.a.mu.to.al.mjʌn],[gʌl.a.mu.do.al.mjʌn]
내 말은 너,9,[nɛ.mal.ɯn.nʌ],[nɛ.mal.ɯn.nʌ]
필요한 걸 갖고,9,[pʰil.jo.haŋ.kʌl.kat̚.ko],[pʰil.jo.han.gʌl.gat̚.ko]
백인 여성이,9,[pɛk̚.in.jʌ.sʌŋ.i],[bɛk̚.in.jʌ.sʌŋ.i]
이게 정확히 어떻게,9,[i.ke.tʃʌŋ.hwak̚.hi.ʌ.t͈ʌt̚.ke],[i.ge.dʒʌŋ.hwak̚.hi.ʌ.t͈ʌt̚.ke]
필요한 게 있으면 말만,9,[pʰil.jo.haŋ.ke.it̚.ɯ.mjʌn.mal.man],[pʰil.jo.han.ge.it̚.ɯ.mjʌn.mal.man]
내 말은 우린,9,[nɛ.mal.ɯn.u.ɾin],[nɛ.mal.ɯn.u.ɾin]
떨어 뜨 렸어,9,[t͈ʌl.ʌ.t͈ɯ.ɾjʌt̚.ʌ],[t͈ʌl.ʌ.t͈ɯ.ɾjʌt̚.ʌ]
근데 왜 이,9,[kɯn.te.wɛ.i],[gɯn.te.wɛ.i]
at the speed of,9,,
필요한 말을,9,[pʰil.jo.han.mal.ɯl],[pʰil.jo.han.mal.ɯl]
이게 죽으려고,9,[i.ke.tʃuk̚.ɯ.ɾjʌ.ko],[i.ge.dʒuk̚.ɯ.ɾjʌ.go]
고용 지원,9,[ko.joŋ.tʃi.wʌn],[go.joŋ.dʒi.wʌn]
내 말은 이제,9,[nɛ.mal.ɯn.i.tʃe],[nɛ.mal.ɯn.i.dʒe]
필요한 물건이,9,[pʰil.jo.han.mul.kʌn.i],[pʰil.jo.han.mul.kʌn.i]
필요한 사람도,9,[pʰil.jo.han.sa.ɾan.to],[pʰil.jo.han.sa.ɾan.to]
내 말은요,9,[nɛ.mal.ɯn.jo],[nɛ.mal.ɯn.jo]
내 말을 귓등으로,9,[nɛ.mal.ɯl.kwit̚.tɯŋ.ɯ.ɾo],[nɛ.mal.ɯl.gwit̚.tɯŋ.ɯ.ɾo]
or in,9,,
근데 왜 지금,9,[kɯn.te.wɛ.tʃi.kɯm],[gɯn.te.wɛ.dʒi.gɯm]
내가 물었을 때,9,[nɛ.ka.mul.ʌt̚.ɯl.t͈ɛ],[nɛ.ga.mul.ʌt̚.ɯl.t͈ɛ]
고용하고 싶어요,9,[ko.joŋ.ha.ko.sip̚.ʌ.jo],[go.joŋ.ha.go.sip̚.ʌ.jo]
필요한 정보는 다,9,[pʰil.jo.han.tʃʌm.po.nɯn.ta],[pʰil.jo.han.dʒʌŋ.bo.nɯn.da]
필요한 정보를 다,9,[pʰil.jo.han.tʃʌm.po.ɾɯl.ta],[pʰil.jo.han.dʒʌŋ.bo.ɾɯl.da]
밴을 몰고,9,[pɛn.ɯl.mol.ko],[bɛn.ɯl.mol.ko]
필요한 조치를,9,[pʰil.jo.han.tʃo.tʃʰi.ɾɯl],[pʰil.jo.han.dʒo.tʃʰi.ɾɯl]
봐 어젯밤,9,[pwa.ʌ.tʃet̚.pam],[bwa.ʌ.dʒet̚.pam]
밴이 있어요,9,[pɛn.i.it̚.ʌ.jo],[bɛn.i.it̚.ʌ.jo]
필요한거 있어,9,[pʰil.jo.haŋ.kʌ.it̚.ʌ],[pʰil.jo.haŋ.kʌ.it̚.ʌ]
밸런타인데이 축하해,9,[pɛl.ɾʌn.tʰa.in.te.i.tʃʰuk̚.ha.hɛ],[bɛl.ɾʌn.tʰa.in.te.i.tʃʰuk̚.ha.hɛ]
떨리는 나의 목소리가 들린다면,9,[t͈ʌl.ɾi.nɯn.na.ɯi.mok̚.so.ɾi.ka.tɯl.ɾin.ta.mjʌn],[t͈ʌl.ɾi.nɯn.na.ɯi.mok̚.so.ɾi.ga.dɯl.ɾin.ta.mjʌn]
고용하는 건,9,[ko.joŋ.ha.nɯŋ.kʌn],[go.joŋ.ha.nɯn.gʌn]
필요한데 네가,9,[pʰil.jo.han.te.ne.ka],[pʰil.jo.han.te.ne.ga]
내가 뭐 도울,9,[nɛ.ka.mwʌ.to.ul],[nɛ.ga.mwʌ.do.ul]
필요할 거야 그리고,9,[pʰil.jo.hal.kʌ.ja.kɯ.ɾi.ko],[pʰil.jo.hal.gʌ.ja.gɯ.ɾi.go]
내 말을 따르지,9,[nɛ.mal.ɯl.t͈a.ɾɯ.tʃi],[nɛ.mal.ɯl.t͈a.ɾɯ.dʒi]
고용하지 않았다,9,[ko.joŋ.ha.tʃi.an.at̚.ta],[go.joŋ.ha.dʒi.an.at̚.ta]
필요할 걸요,9,[pʰil.jo.hal.kʌl.jo],[pʰil.jo.hal.gʌl.jo]
이게 통할까요,9,[i.ke.tʰoŋ.hal.k͈a.jo],[i.ge.tʰoŋ.hal.k͈a.jo]
필요할 것 같으니,9,[pʰil.jo.hal.kʌt̚.kat̚.ɯ.ni],[pʰil.jo.hal.gʌt̚.gat̚.ɯ.ni]
이게 필요하다,9,[i.ke.pʰil.jo.ha.ta],[i.ge.pʰil.jo.ha.da]
했어 우리도,9,[hɛt̚.ʌ.u.ɾi.to],[hɛt̚.ʌ.u.ɾi.do]
뱅스니스 제니퍼,9,[pɛŋ.sɯ.ni.sɯ.tʃe.ni.pʰʌ],[bɛŋ.sɯ.ni.sɯ.dʒe.ni.pʰʌ]
내 말을 안 믿어,9,[nɛ.mal.ɯl.an.mit̚.ʌ],[nɛ.mal.ɯl.an.mit̚.ʌ]
뱉는 소리,9,[pɛt̚.nɯn.so.ɾi],[bɛt̚.nɯn.so.ɾi]
고용한 사람을,9,[ko.joŋ.han.sa.ɾam.ɯl],[go.joŋ.han.sa.ɾam.ɯl]
필요해 그만,9,[pʰil.jo.hɛ.kɯ.man],[pʰil.jo.hɛ.gɯ.man]
했어 전혀,9,[hɛt̚.ʌ.tʃʌn.hjʌ],[hɛt̚.ʌ.dʒʌn.hjʌ]
했어 어제,9,[hɛt̚.ʌ.ʌ.tʃe],[hɛt̚.ʌ.ʌ.dʒe]
필요해 내게,9,[pʰil.jo.hɛ.nɛ.ke],[pʰil.jo.hɛ.nɛ.ge]
이게 확,9,[i.ke.hwak̚],[i.ge.hwak̚]
필요해 맙소사,9,[pʰil.jo.hɛ.map̚.so.sa],[pʰil.jo.hɛ.map̚.so.sa]
필요해 먼저,9,[pʰil.jo.hɛ.mʌn.tʃʌ],[pʰil.jo.hɛ.mʌn.tʃʌ]
필요해 보여요,9,[pʰil.jo.hɛ.po.jʌ.jo],[pʰil.jo.hɛ.bo.jʌ.jo]
or no,9,,
필요해 빨리,9,[pʰil.jo.hɛ.p͈al.ɾi],[pʰil.jo.hɛ.p͈al.ɾi]
근데 원래,9,[kɯn.te.wʌl.lɛ],[gɯn.te.wʌl.lɛ]
했어 항상,9,[hɛt̚.ʌ.haŋ.saŋ],[hɛt̚.ʌ.haŋ.saŋ]
round the,9,,
내가 뭐라고 했나,9,[nɛ.ka.mwʌ.ɾa.ko.hɛt̚.na],[nɛ.ga.mwʌ.ɾa.go.hɛt̚.na]
지금 어디니,9,[tʃi.kɯm.ʌ.ti.ni],[dʒi.gɯm.ʌ.di.ni]
내 말이 맞다는 거,9,[nɛ.mal.i.mat̚.ta.nɯŋ.kʌ],[nɛ.mal.i.mat̚.ta.nɯn.gʌ]
고운 말 써,9,[ko.un.mal.s͈ʌ],[go.un.mal.s͈ʌ]
했어야 되는데,9,[hɛt̚.ʌ.ja.twe.nɯn.te],[hɛt̚.ʌ.ja.dwe.nɯn.te]
필요해 제,9,[pʰil.jo.hɛ.tʃe],[pʰil.jo.hɛ.dʒe]
내 말이 맞으면,9,[nɛ.mal.i.mat̚.ɯ.mjʌn],[nɛ.mal.i.mat̚.ɯ.mjʌn]
봐 왜냐하면,9,[pwa.wɛ.nja.ha.mjʌn],[bwa.wɛ.nja.ha.mjʌn]
필요해 할,9,[pʰil.jo.hɛ.hal],[pʰil.jo.hɛ.hal]
버려 그래,9,[pʌ.ɾjʌ.kɯ.ɾɛ],[bʌ.ɾjʌ.gɯ.ɾɛ]
했어요 가장,9,[hɛt̚.ʌ.jo.ka.tʃaŋ],[hɛt̚.ʌ.jo.ga.dʒaŋ]
필요해서 날,9,[pʰil.jo.hɛ.sʌ.nal],[pʰil.jo.hɛ.sʌ.nal]
이겨야 한다고,9,[i.kjʌ.ja.han.ta.ko],[i.gjʌ.ja.han.ta.go]
봐 우리를,9,[pwa.u.ɾi.ɾɯl],[bwa.u.ɾi.ɾɯl]
필요해서 왔어요,9,[pʰil.jo.hɛ.sʌ.wat̚.ʌ.jo],[pʰil.jo.hɛ.sʌ.wat̚.ʌ.jo]
필요해요 계속,9,[pʰil.jo.hɛ.jo.kje.sok̚],[pʰil.jo.hɛ.jo.gje.sok̚]
고유 한,9,[ko.ju.han],[go.ju.han]
과장이 아니라,9,[kwa.tʃaŋ.i.a.ni.ɾa],[gwa.dʒaŋ.i.a.ni.ɾa]
이겼어 우리,9,[i.kjʌt̚.ʌ.u.ɾi],[i.gjʌt̚.ʌ.u.ɾi]
버려두고 갈,9,[pʌ.ɾjʌ.tu.ko.kal],[bʌ.ɾjʌ.du.go.gal]
내 말이 틀렸나요,9,[nɛ.mal.i.tʰɯl.ɾjʌt̚.na.jo],[nɛ.mal.i.tʰɯl.ɾjʌt̚.na.jo]
필요해요 여긴,9,[pʰil.jo.hɛ.jo.jʌ.kin],[pʰil.jo.hɛ.jo.jʌ.gin]
내 말이라면,9,[nɛ.mal.i.ɾa.mjʌn],[nɛ.mal.i.ɾa.mjʌn]
필요해요 우리는,9,[pʰil.jo.hɛ.jo.u.ɾi.nɯn],[pʰil.jo.hɛ.jo.u.ɾi.nɯn]
필요해요 이거,9,[pʰil.jo.hɛ.jo.i.kʌ],[pʰil.jo.hɛ.jo.i.gʌ]
필요해요 이미,9,[pʰil.jo.hɛ.jo.i.mi],[pʰil.jo.hɛ.jo.i.mi]
고의로 그런 게,9,[ko.ɯi.ɾo.kɯ.ɾʌŋ.ke],[go.ɯi.ɾo.gɯ.ɾʌn.ge]
버려진 건,9,[pʌ.ɾjʌ.tʃiŋ.kʌn],[bʌ.ɾjʌ.dʒin.gʌn]
했어요 그렇다면,9,[hɛt̚.ʌ.jo.kɯ.ɾʌt̚.ta.mjʌn],[hɛt̚.ʌ.jo.gɯ.ɾʌt̚.ta.mjʌn]
필요해요 진짜,9,[pʰil.jo.hɛ.jo.tʃin.tʃ͈a],[pʰil.jo.hɛ.jo.dʒin.tʃ͈a]
버려진 채,9,[pʌ.ɾjʌ.tʃin.tʃʰɛ],[bʌ.ɾjʌ.dʒin.tʃʰɛ]
필요했어 그리고,9,[pʰil.jo.hɛt̚.ʌ.kɯ.ɾi.ko],[pʰil.jo.hɛt̚.ʌ.gɯ.ɾi.go]
했어요 나쁜,9,[hɛt̚.ʌ.jo.na.p͈ɯn],[hɛt̚.ʌ.jo.na.p͈ɯn]
버렸다는 거야,9,[pʌ.ɾjʌt̚.ta.nɯŋ.kʌ.ja],[bʌ.ɾjʌt̚.ta.nɯn.gʌ.ja]
필욘 없을,9,[pʰil.jon.ʌp̚.ɯl],[pʰil.jon.ʌp̚.ɯl]
봐 이러면,9,[pwa.i.ɾʌ.mjʌn],[bwa.i.ɾʌ.mjʌn]
버렸어 그럼,9,[pʌ.ɾjʌt̚.ʌ.kɯ.ɾʌm],[bʌ.ɾjʌt̚.ʌ.gɯ.ɾʌm]
핑계 댄,9,[pʰiŋ.kje.tɛn],[pʰiŋ.gje.dɛn]
핑크 씨,9,[pʰiŋ.kʰɯ.s͈i],[pʰiŋ.kʰɯ.s͈i]
하 선생님,9,[ha.sʌn.sɛŋ.nim],[ha.sʌn.sɛŋ.nim]
떨리는 나의 목소리가,9,[t͈ʌl.ɾi.nɯn.na.ɯi.mok̚.so.ɾi.ka],[t͈ʌl.ɾi.nɯn.na.ɯi.mok̚.so.ɾi.ga]
버렸어요 왜,9,[pʌ.ɾjʌt̚.ʌ.jo.wɛ],[bʌ.ɾjʌt̚.ʌ.jo.wɛ]
봐 이봐요,9,[pwa.i.pwa.jo],[bwa.i.bwa.jo]
강림이 살짝 웃는다,9,[kaŋ.ɾim.i.sal.tʃ͈ak̚.ut̚.nɯn.ta],[gaŋ.ɾim.i.sal.tʃ͈ak̚.ut̚.nɯn.ta]
버렸지 그래서,9,[pʌ.ɾjʌt̚.tʃi.kɯ.ɾɛ.sʌ],[bʌ.ɾjʌt̚.tʃi.gɯ.ɾɛ.sʌ]
강림이 형,9,[kaŋ.ɾim.i.hjʌŋ],[gaŋ.ɾim.i.hjʌŋ]
하거든요 그런데,9,[ha.kʌ.tɯn.jo.kɯ.ɾʌn.te],[ha.gʌ.dɯn.jo.gɯ.ɾʌn.te]
하거든요 그럼,9,[ha.kʌ.tɯn.jo.kɯ.ɾʌm],[ha.gʌ.dɯn.jo.gɯ.ɾʌm]
아무것도 가진 게,9,[a.mu.kʌt̚.to.ka.tʃiŋ.ke],[a.mu.gʌt̚.to.ga.dʒin.ge]
내가 뭘 놓쳤나,9,[nɛ.ka.mwʌl.lot̚.tʃʰjʌt̚.na],[nɛ.ga.mwʌl.lot̚.tʃʰjʌt̚.na]
버릇이 돼서,9,[pʌ.ɾɯt̚.i.twɛ.sʌ],[bʌ.ɾɯt̚.i.dwɛ.sʌ]
하게 됐네요,9,[ha.ke.twɛt̚.ne.jo],[ha.ge.dwɛt̚.ne.jo]
하게 됐다,9,[ha.ke.twɛt̚.ta],[ha.ge.dwɛt̚.ta]
했어요 시간,9,[hɛt̚.ʌ.jo.si.kan],[hɛt̚.ʌ.jo.si.gan]
감사해요 저,9,[kam.sa.hɛ.jo.tʃʌ],[gam.sa.hɛ.jo.dʒʌ]
하게 되네,9,[ha.ke.twe.ne],[ha.ge.dwe.ne]
좀 급하거든,9,[tʃom.kɯp̚.ha.kʌ.tɯn],[dʒom.gɯp̚.ha.gʌ.dɯn]
버리고 가면 안,9,[pʌ.ɾi.ko.ka.mjʌn.an],[bʌ.ɾi.go.ga.mjʌn.an]
버리고 간다,9,[pʌ.ɾi.ko.kan.ta],[bʌ.ɾi.go.gan.ta]
하게 될 것,9,[ha.ke.twel.kʌt̚],[ha.ge.dwel.gʌt̚]
하게 될 거에요,9,[ha.ke.twel.kʌ.e.jo],[ha.ge.dwel.gʌ.e.jo]
하게 될 줄은 몰랐는데,9,[ha.ke.twel.tʃul.ɯn.mol.ɾat̚.nɯn.te],[ha.ge.dwel.dʒul.ɯn.mol.ɾat̚.nɯn.te]
하게 될 줄은 몰랐지만,9,[ha.ke.twel.tʃul.ɯn.mol.ɾat̚.tʃi.man],[ha.ge.dwel.dʒul.ɯn.mol.ɾat̚.tʃi.man]
봐 잘 자,9,[pwa.tʃal.tʃa],[bwa.dʒal.dʒa]
하게 만들려고,9,[ha.ke.man.tɯl.ɾjʌ.ko],[ha.ge.man.tɯl.ɾjʌ.go]
했어요 애가,9,[hɛt̚.ʌ.jo.ɛ.ka],[hɛt̚.ʌ.jo.ɛ.ga]
이곳에 있었어,9,[i.kot̚.e.it̚.ʌt̚.ʌ],[i.got̚.e.it̚.ʌt̚.ʌ]
하게 하세요,9,[ha.ke.ha.se.jo],[ha.ge.ha.se.jo]
이곳에서 가장,9,[i.kot̚.e.sʌ.ka.tʃaŋ],[i.got̚.e.sʌ.ga.dʒaŋ]
버리고 새로,9,[pʌ.ɾi.ko.sɛ.ɾo],[bʌ.ɾi.go.sɛ.ɾo]
버리고 손 들어,9,[pʌ.ɾi.ko.son.tɯl.ʌ],[bʌ.ɾi.go.son.dɯl.ʌ]
버리고 손들어,9,[pʌ.ɾi.ko.son.tɯl.ʌ],[bʌ.ɾi.go.son.tɯl.ʌ]
하게 한다,9,[ha.ke.han.ta],[ha.ge.han.ta]
run and,9,,
하게 해 줄,9,[ha.ke.hɛ.tʃul],[ha.ge.hɛ.dʒul]
버리고 엎드려,9,[pʌ.ɾi.ko.ʌp̚.tɯ.ɾjʌ],[bʌ.ɾi.go.ʌp̚.tɯ.ɾjʌ]
고작 열,9,[ko.tʃak̚.jʌl],[go.dʒak̚.jʌl]
하게 해야 해,9,[ha.ke.hɛ.ja.hɛ],[ha.ge.hɛ.ja.hɛ]
내 머릿속에서는,9,[nɛ.mʌ.ɾit̚.sok̚.e.sʌ.nɯn],[nɛ.mʌ.ɾit̚.sok̚.e.sʌ.nɯn]
했어요 어쩔,9,[hɛt̚.ʌ.jo.ʌ.tʃ͈ʌl],[hɛt̚.ʌ.jo.ʌ.tʃ͈ʌl]
하게 해주십시오,9,[ha.ke.hɛ.tʃu.sip̚.si.o],[ha.ge.hɛ.dʒu.sip̚.si.o]
근데 이유를,9,[kɯn.te.i.ju.ɾɯl],[gɯn.te.i.ju.ɾɯl]
하게 했고,9,[ha.ke.hɛt̚.ko],[ha.ge.hɛt̚.ko]
back of your,9,,
떨어졌어 내가,9,[t͈ʌl.ʌ.tʃjʌt̚.ʌ.nɛ.ka],[t͈ʌl.ʌ.dʒjʌt̚.ʌ.nɛ.ga]
감사해요 천만에,9,[kam.sa.hɛ.jo.tʃʰʌn.man.e],[gam.sa.hɛ.jo.tʃʰʌn.man.e]
버리는 겁니다,9,[pʌ.ɾi.nɯŋ.kʌp̚.ni.ta],[bʌ.ɾi.nɯn.gʌp̚.ni.da]
내 메세지를,9,[nɛ.me.se.tʃi.ɾɯl],[nɛ.me.se.dʒi.ɾɯl]
했어요 우리의,9,[hɛt̚.ʌ.jo.u.ɾi.ɯi],[hɛt̚.ʌ.jo.u.ɾi.ɯi]
하겠습니다 우리,9,[ha.ket̚.sɯp̚.ni.ta.u.ɾi],[ha.get̚.sɯp̚.ni.da.u.ɾi]
봐 전부 다,9,[pwa.tʃʌm.pu.ta],[bwa.dʒʌm.pu.da]
버리라고 해,9,[pʌ.ɾi.ɾa.ko.hɛ],[bʌ.ɾi.ɾa.go.hɛ]
버리면 돼요,9,[pʌ.ɾi.mjʌn.twɛ.jo],[bʌ.ɾi.mjʌn.dwɛ.jo]
아무것도 놓치지,9,[a.mu.kʌt̚.to.not̚.tʃʰi.tʃi],[a.mu.gʌt̚.to.not̚.tʃʰi.dʒi]
이곳을 떠나지,9,[i.kot̚.ɯl.t͈ʌ.na.tʃi],[i.got̚.ɯl.t͈ʌ.na.dʒi]
하겠어요 난,9,[ha.ket̚.ʌ.jo.nan],[ha.get̚.ʌ.jo.nan]
하겠어요 더는,9,[ha.ket̚.ʌ.jo.tʌ.nɯn],[ha.get̚.ʌ.jo.dʌ.nɯn]
버리지 말라고,9,[pʌ.ɾi.tʃi.mal.ɾa.ko],[bʌ.ɾi.dʒi.mal.ɾa.go]
했어요 저를,9,[hɛt̚.ʌ.jo.tʃʌ.ɾɯl],[hɛt̚.ʌ.jo.dʒʌ.ɾɯl]
봐 조,9,[pwa.tʃo],[bwa.dʒo]
하겠지 그래도,9,[ha.ket̚.tʃi.kɯ.ɾɛ.to],[ha.get̚.tʃi.gɯ.ɾɛ.do]
하겠지 근데,9,[ha.ket̚.tʃi.kɯn.te],[ha.get̚.tʃi.gɯn.te]
내 명령을 따르지,9,[nɛ.mjʌŋ.ɾjʌŋ.ɯl.t͈a.ɾɯ.tʃi],[nɛ.mjʌŋ.ɾjʌŋ.ɯl.t͈a.ɾɯ.dʒi]
했어요 제대로,9,[hɛt̚.ʌ.jo.tʃe.tɛ.ɾo],[hɛt̚.ʌ.jo.dʒe.dɛ.ɾo]
버리지 않을 거야,9,[pʌ.ɾi.tʃi.an.ɯl.kʌ.ja],[bʌ.ɾi.dʒi.an.ɯl.gʌ.ja]
했어요 죄송합니다,9,[hɛt̚.ʌ.jo.tʃwe.soŋ.hap̚.ni.ta],[hɛt̚.ʌ.jo.dʒwe.soŋ.hap̚.ni.da]
이곳이 마음에,9,[i.kot̚.i.ma.ɯm.e],[i.got̚.i.ma.ɯm.e]
하고 가끔은,9,[ha.ko.ka.k͈ɯm.ɯn],[ha.go.ga.k͈ɯm.ɯn]
orders from,9,,
하고 가셔야죠,9,[ha.ko.ka.sjʌ.ja.tʃjo],[ha.go.ga.sjʌ.ja.dʒjo]
하고 갈게요,9,[ha.ko.kal.ke.jo],[ha.go.gal.ke.jo]
하고 갑자기,9,[ha.ko.kap̚.tʃa.ki],[ha.go.gap̚.tʃa.gi]
버린 게 아니라,9,[pʌ.ɾiŋ.ke.a.ni.ɾa],[bʌ.ɾin.ge.a.ni.ɾa]
하고 계셔,9,[ha.ko.kje.sjʌ],[ha.go.gje.sjʌ]
하고 계셨던,9,[ha.ko.kje.sjʌt̚.tʌn],[ha.go.gje.sjʌt̚.tʌn]
하고 계신가요,9,[ha.ko.kje.siŋ.ka.jo],[ha.go.gje.siŋ.ka.jo]
고장 난 줄,9,[ko.tʃaŋ.nan.tʃul],[go.dʒaŋ.nan.dʒul]
걸 알 때,9,[kʌl.al.t͈ɛ],[gʌl.al.t͈ɛ]
내 모든 것,9,[nɛ.mo.tɯŋ.kʌt̚],[nɛ.mo.dɯn.gʌt̚]
떨어지는 것도,9,[t͈ʌl.ʌ.tʃi.nɯŋ.kʌt̚.to],[t͈ʌl.ʌ.dʒi.nɯn.gʌt̚.to]
하고 그래도,9,[ha.ko.kɯ.ɾɛ.to],[ha.go.gɯ.ɾɛ.do]
하고 그러고,9,[ha.ko.kɯ.ɾʌ.ko],[ha.go.gɯ.ɾʌ.go]
봤어요 그래요,9,[pwat̚.ʌ.jo.kɯ.ɾɛ.jo],[bwat̚.ʌ.jo.gɯ.ɾɛ.jo]
하고 그러다,9,[ha.ko.kɯ.ɾʌ.ta],[ha.go.gɯ.ɾʌ.da]
하고 그러지,9,[ha.ko.kɯ.ɾʌ.tʃi],[ha.go.gɯ.ɾʌ.dʒi]
하고 꼭,9,[ha.ko.k͈ok̚],[ha.go.k͈ok̚]
강수가 숨을,9,[kaŋ.su.ka.sum.ɯl],[gaŋ.su.ga.sum.ɯl]
하고 나머지는,9,[ha.ko.na.mʌ.tʃi.nɯn],[ha.go.na.mʌ.dʒi.nɯn]
봐 준다고,9,[pwa.tʃun.ta.ko],[bwa.dʒun.ta.go]
고장 났네,9,[ko.tʃaŋ.nat̚.ne],[go.dʒaŋ.nat̚.ne]
고장 났네요,9,[ko.tʃaŋ.nat̚.ne.jo],[go.dʒaŋ.nat̚.ne.jo]
했었어 그런데,9,[hɛt̚.ʌt̚.ʌ.kɯ.ɾʌn.te],[hɛt̚.ʌt̚.ʌ.gɯ.ɾʌn.te]
하고 내 말,9,[ha.ko.nɛ.mal],[ha.go.nɛ.mal]
감소 중,9,[kam.so.tʃuŋ],[gam.so.dʒuŋ]
버릴 수 있을,9,[pʌ.ɾil.su.it̚.ɯl],[bʌ.ɾil.su.it̚.ɯl]
하고 당신을,9,[ha.ko.taŋ.sin.ɯl],[ha.go.daŋ.sin.ɯl]
하고 당장,9,[ha.ko.taŋ.tʃaŋ],[ha.go.daŋ.dʒaŋ]
다니엘을 위해,9,[ta.ni.el.ɯl.wi.hɛ],[da.ni.el.ɯl.wi.hɛ]
버몬트 주,9,[pʌ.mon.tʰɯ.tʃu],[bʌ.mon.tʰɯ.dʒu]
걸 알 수 있게,9,[kʌl.al.su.it̚.ke],[gʌl.al.su.it̚.ke]
하고 모든 걸,9,[ha.ko.mo.tɯŋ.kʌl],[ha.go.mo.dɯn.gʌl]
하고 바랄,9,[ha.ko.pa.ɾal],[ha.go.ba.ɾal]
하고 밥,9,[ha.ko.pap̚],[ha.go.bap̚]
버스 안에,9,[pʌ.sɯ.an.e],[bʌ.sɯ.an.e]
아무것도 몰라서,9,[a.mu.kʌt̚.to.mol.ɾa.sʌ],[a.mu.gʌt̚.to.mol.ɾa.sʌ]
했으니 내,9,[hɛt̚.ɯ.ni.nɛ],[hɛt̚.ɯ.ni.nɛ]
하고 세상에,9,[ha.ko.se.saŋ.e],[ha.go.se.saŋ.e]
버스 타고 갈게,9,[pʌ.sɯ.tʰa.ko.kal.ke],[bʌ.sɯ.tʰa.go.gal.ke]
하고 술도,9,[ha.ko.sul.to],[ha.go.sul.to]
했으니까 그렇지,9,[hɛt̚.ɯ.ni.k͈a.kɯ.ɾʌt̚.tʃi],[hɛt̚.ɯ.ni.k͈a.gɯ.ɾʌt̚.tʃi]
하고 싶다며,9,[ha.ko.sip̚.ta.mjʌ],[ha.go.sip̚.ta.mjʌ]
했으니까 난,9,[hɛt̚.ɯ.ni.k͈a.nan],[hɛt̚.ɯ.ni.k͈a.nan]
하고 싶든,9,[ha.ko.sip̚.tɯn],[ha.go.sip̚.tɯn]
했으니까요 하지만,9,[hɛt̚.ɯ.ni.k͈a.jo.ha.tʃi.man],[hɛt̚.ɯ.ni.k͈a.jo.ha.dʒi.man]
봐 차라리,9,[pwa.tʃʰa.ɾa.ɾi],[bwa.tʃʰa.ɾa.ɾi]
과학 수사대가,9,[kwa.hak̚.su.sa.tɛ.ka],[gwa.hak̚.su.sa.dɛ.ga]
하고 싶어 내가,9,[ha.ko.sip̚.ʌ.nɛ.ka],[ha.go.sip̚.ʌ.nɛ.ga]
하고 싶어 하죠,9,[ha.ko.sip̚.ʌ.ha.tʃjo],[ha.go.sip̚.ʌ.ha.dʒjo]
버스에 있던,9,[pʌ.sɯ.e.it̚.tʌn],[bʌ.sɯ.e.it̚.tʌn]
했었죠 그,9,[hɛt̚.ʌt̚.tʃjo.kɯ],[hɛt̚.ʌt̚.tʃjo.gɯ]
하고 싶어서 하는,9,[ha.ko.sip̚.ʌ.sʌ.ha.nɯn],[ha.go.sip̚.ʌ.sʌ.ha.nɯn]
내가 뭘 하는 건지,9,[nɛ.ka.mwʌl.ha.nɯŋ.kʌn.tʃi],[nɛ.ga.mwʌl.ha.nɯn.gʌn.tʃi]
하고 싶어요 그럼,9,[ha.ko.sip̚.ʌ.jo.kɯ.ɾʌm],[ha.go.sip̚.ʌ.jo.gɯ.ɾʌm]
했으면 좋겠나,9,[hɛt̚.ɯ.mjʌn.tʃot̚.ket̚.na],[hɛt̚.ɯ.mjʌn.dʒot̚.ket̚.na]
하고 싶어하다,9,[ha.ko.sip̚.ʌ.ha.ta],[ha.go.sip̚.ʌ.ha.da]
하고 싶어한다,9,[ha.ko.sip̚.ʌ.han.ta],[ha.go.sip̚.ʌ.han.ta]
이기는 법을,9,[i.ki.nɯm.pʌp̚.ɯl],[i.gi.nɯn.bʌp̚.ɯl]
내 목숨이야,9,[nɛ.mok̚.sum.i.ja],[nɛ.mok̚.sum.i.ja]
아무것도 못 줘,9,[a.mu.kʌt̚.to.mot̚.tʃwʌ],[a.mu.gʌt̚.to.mot̚.dʒwʌ]
버전이 더,9,[pʌ.tʃʌn.i.tʌ],[bʌ.dʒʌn.i.dʌ]
버전이 있어요,9,[pʌ.tʃʌn.i.it̚.ʌ.jo],[bʌ.dʒʌn.i.it̚.ʌ.jo]
하고 싶으시면,9,[ha.ko.sip̚.ɯ.si.mjʌn],[ha.go.sip̚.ɯ.si.mjʌn]
하고 싶으시죠,9,[ha.ko.sip̚.ɯ.si.tʃjo],[ha.go.sip̚.ɯ.si.dʒjo]
내 목적이,9,[nɛ.mok̚.tʃʌk̚.i],[nɛ.mok̚.tʃʌk̚.i]
버지니아 울프,9,[pʌ.tʃi.ni.a.ul.pʰɯ],[bʌ.dʒi.ni.a.ul.pʰɯ]
봐 하고,9,[pwa.ha.ko],[bwa.ha.go]
하고 싶은 건지,9,[ha.ko.sip̚.ɯŋ.kʌn.tʃi],[ha.go.sip̚.ɯn.gʌn.tʃi]
이기적인 놈,9,[i.ki.tʃʌk̚.in.nom],[i.gi.dʒʌk̚.in.nom]
떨어진 곳에 살고,9,[t͈ʌl.ʌ.tʃiŋ.kot̚.e.sal.ko],[t͈ʌl.ʌ.dʒin.got̚.e.sal.ko]
하고 싶은 대로 하고,9,[ha.ko.sip̚.ɯn.tɛ.ɾo.ha.ko],[ha.go.sip̚.ɯn.dɛ.ɾo.ha.go]
하고 싶은 말 해,9,[ha.ko.sip̚.ɯn.mal.hɛ],[ha.go.sip̚.ɯn.mal.hɛ]
감수할 거예요,9,[kam.su.hal.kʌ.je.jo],[gam.su.hal.gʌ.je.jo]
하고 싶은 말은 다,9,[ha.ko.sip̚.ɯn.mal.ɯn.ta],[ha.go.sip̚.ɯn.mal.ɯn.da]
하고 싶은 말을 할,9,[ha.ko.sip̚.ɯn.mal.ɯl.hal],[ha.go.sip̚.ɯn.mal.ɯl.hal]
내 몸 속에,9,[nɛ.mom.sok̚.e],[nɛ.mom.sok̚.e]
버텨 나가 주먹을 더,9,[pʌ.tʰjʌ.na.ka.tʃu.mʌk̚.ɯl.tʌ],[bʌ.tʰjʌ.na.ga.dʒu.mʌk̚.ɯl.dʌ]
묻어 있죠,9,[mut̚.ʌ.it̚.tʃjo],[mut̚.ʌ.it̚.tʃjo]
버텨 나가 주먹을 또,9,[pʌ.tʰjʌ.na.ka.tʃu.mʌk̚.ɯl.t͈o],[bʌ.tʰjʌ.na.ga.dʒu.mʌk̚.ɯl.t͈o]
했을 때 제가,9,[hɛt̚.ɯl.t͈ɛ.tʃe.ka],[hɛt̚.ɯl.t͈ɛ.dʒe.ga]
고집 부리지,9,[ko.tʃip̚.pu.ɾi.tʃi],[go.dʒip̚.bu.ɾi.dʒi]
하고 싶은걸,9,[ha.ko.sip̚.ɯŋ.kʌl],[ha.go.sip̚.ɯŋ.kʌl]
했을 때를,9,[hɛt̚.ɯl.t͈ɛ.ɾɯl],[hɛt̚.ɯl.t͈ɛ.ɾɯl]
봐 헛되지 않았음을 기억해,9,[pwa.hʌt̚.twe.tʃi.an.at̚.ɯm.ɯl.ki.ʌk̚.hɛ],[bwa.hʌt̚.twe.dʒi.an.at̚.ɯm.ɯl.gi.ʌk̚.hɛ]
내 몸속에,9,[nɛ.mom.sok̚.e],[nɛ.mom.sok̚.e]
버튼 같은,9,[pʌ.tʰɯŋ.kat̚.ɯn],[bʌ.tʰɯn.gat̚.ɯn]
other things,9,,
버튼 눌러요,9,[pʌ.tʰɯn.nul.ɾʌ.jo],[bʌ.tʰɯn.nul.ɾʌ.jo]
하고 싶지 않아 난,9,[ha.ko.sip̚.tʃi.an.a.nan],[ha.go.sip̚.tʃi.an.a.nan]
고집 좀 그만,9,[ko.tʃip̚.tʃom.kɯ.man],[go.dʒip̚.dʒom.gɯ.man]
하고 싶지 않았지만,9,[ha.ko.sip̚.tʃi.an.at̚.tʃi.man],[ha.go.sip̚.tʃi.an.at̚.tʃi.man]
하고 싶지 않으니까,9,[ha.ko.sip̚.tʃi.an.ɯ.ni.k͈a],[ha.go.sip̚.tʃi.an.ɯ.ni.k͈a]
하고 싶지 않을 거야,9,[ha.ko.sip̚.tʃi.an.ɯl.kʌ.ja],[ha.go.sip̚.tʃi.an.ɯl.gʌ.ja]
하고 싶지도 않아,9,[ha.ko.sip̚.tʃi.to.an.a],[ha.go.sip̚.tʃi.do.an.a]
하고 싶진 않소,9,[ha.ko.sip̚.tʃin.an.so],[ha.go.sip̚.tʃin.an.so]
근데 정작,9,[kɯn.te.tʃʌŋ.tʃak̚],[gɯn.te.dʒʌŋ.dʒak̚]
버튼을 눌러서,9,[pʌ.tʰɯn.ɯl.lul.ɾʌ.sʌ],[bʌ.tʰɯn.ɯl.lul.ɾʌ.sʌ]
버튼을 눌렀어,9,[pʌ.tʰɯn.ɯl.lul.ɾʌt̚.ʌ],[bʌ.tʰɯn.ɯl.lul.ɾʌt̚.ʌ]
하고 오,9,[ha.ko.o],[ha.go.o]
Never gonna,9,,
하고 왔죠,9,[ha.ko.wat̚.tʃjo],[ha.go.wat̚.tʃjo]
하고 왔지,9,[ha.ko.wat̚.tʃi],[ha.go.wat̚.tʃi]
버티고 있지,9,[pʌ.tʰi.ko.it̚.tʃi],[bʌ.tʰi.go.it̚.tʃi]
내 무덤에,9,[nɛ.mu.tʌm.e],[nɛ.mu.dʌm.e]
버티기만 하면,9,[pʌ.tʰi.ki.man.ha.mjʌn],[bʌ.tʰi.gi.man.ha.mjʌn]
하고 일,9,[ha.ko.il],[ha.go.il]
하고 입,9,[ha.ko.ip̚],[ha.go.ip̚]
내 무릎에서,9,[nɛ.mu.ɾɯp̚.e.sʌ],[nɛ.mu.ɾɯp̚.e.sʌ]
과학 프로젝트를,9,[kwa.hak̚.pʰɯ.ɾo.tʃek̚.tʰɯ.ɾɯl],[gwa.hak̚.pʰɯ.ɾo.dʒek̚.tʰɯ.ɾɯl]
버틸 거라고,9,[pʌ.tʰil.kʌ.ɾa.ko],[bʌ.tʰil.gʌ.ɾa.go]
이기면 넌,9,[i.ki.mjʌn.nʌn],[i.gi.mjʌn.nʌn]
하고 있는 그,9,[ha.ko.it̚.nɯŋ.kɯ],[ha.go.it̚.nɯn.gɯ]
내가 뭘 하는지 모르겠다,9,[nɛ.ka.mwʌl.ha.nɯn.tʃi.mo.ɾɯ.ket̚.ta],[nɛ.ga.mwʌl.ha.nɯn.tʃi.mo.ɾɯ.get̚.ta]
하고 있는 중이야,9,[ha.ko.it̚.nɯn.tʃuŋ.i.ja],[ha.go.it̚.nɯn.dʒuŋ.i.ja]
하고 있는지 잘,9,[ha.ko.it̚.nɯn.tʃi.tʃal],[ha.go.it̚.nɯn.tʃi.dʒal]
하고 있다구,9,[ha.ko.it̚.ta.ku],[ha.go.it̚.ta.gu]
하고 있다는 거야,9,[ha.ko.it̚.ta.nɯŋ.kʌ.ja],[ha.go.it̚.ta.nɯn.gʌ.ja]
하고 있더군,9,[ha.ko.it̚.tʌ.kun],[ha.go.it̚.tʌ.gun]
하고 있더라고요,9,[ha.ko.it̚.tʌ.ɾa.ko.jo],[ha.go.it̚.tʌ.ɾa.go.jo]
봐도 못,9,[pwa.to.mot̚],[bwa.do.mot̚]
버틸지 모르겠어요,9,[pʌ.tʰil.tʃi.mo.ɾɯ.ket̚.ʌ.jo],[bʌ.tʰil.tʃi.mo.ɾɯ.get̚.ʌ.jo]
고쳐 드릴게요,9,[ko.tʃʰjʌ.tɯ.ɾil.ke.jo],[go.tʃʰjʌ.dɯ.ɾil.ke.jo]
하고 있어 넌,9,[ha.ko.it̚.ʌ.nʌn],[ha.go.it̚.ʌ.nʌn]
봐도 알겠네요,9,[pwa.to.al.ket̚.ne.jo],[bwa.do.al.ket̚.ne.jo]
하고 있어 우린,9,[ha.ko.it̚.ʌ.u.ɾin],[ha.go.it̚.ʌ.u.ɾin]
번 가서,9,[pʌŋ.ka.sʌ],[bʌn.ga.sʌ]
했잖아 알아요,9,[hɛt̚.tʃan.a.al.a.jo],[hɛt̚.tʃan.a.al.a.jo]
번 갔어요,9,[pʌŋ.kat̚.ʌ.jo],[bʌn.gat̚.ʌ.jo]
하고 있어요 제,9,[ha.ko.it̚.ʌ.jo.tʃe],[ha.go.it̚.ʌ.jo.dʒe]
내 물건 어디 있어,9,[nɛ.mul.kʌn.ʌ.ti.it̚.ʌ],[nɛ.mul.kʌn.ʌ.di.it̚.ʌ]
번 거예요,9,[pʌŋ.kʌ.je.jo],[bʌn.gʌ.je.jo]
번 계속,9,[pʌŋ.kje.sok̚],[bʌn.gje.sok̚]
했잖아 이렇게,9,[hɛt̚.tʃan.a.i.ɾʌt̚.ke],[hɛt̚.tʃan.a.i.ɾʌt̚.ke]
하고 있었던거야,9,[ha.ko.it̚.ʌt̚.tʌŋ.kʌ.ja],[ha.go.it̚.ʌt̚.tʌŋ.kʌ.ja]
하고 있었습니까,9,[ha.ko.it̚.ʌt̚.sɯp̚.ni.k͈a],[ha.go.it̚.ʌt̚.sɯp̚.ni.k͈a]
내 물건에 손대지 말아요,9,[nɛ.mul.kʌn.e.son.tɛ.tʃi.mal.a.jo],[nɛ.mul.kʌn.e.son.tɛ.dʒi.mal.a.jo]
하고 있을거야,9,[ha.ko.it̚.ɯl.kʌ.ja],[ha.go.it̚.ɯl.kʌ.ja]
하고 있을게,9,[ha.ko.it̚.ɯl.ke],[ha.go.it̚.ɯl.ke]
했잖아 죄송해요,9,[hɛt̚.tʃan.a.tʃwe.soŋ.hɛ.jo],[hɛt̚.tʃan.a.dʒwe.soŋ.hɛ.jo]
번 구해,9,[pʌŋ.ku.hɛ],[bʌn.gu.hɛ]
이끄는 거야,9,[i.k͈ɯ.nɯŋ.kʌ.ja],[i.k͈ɯ.nɯn.gʌ.ja]
강아지 이름은,9,[kaŋ.a.tʃi.i.ɾɯm.ɯn],[gaŋ.a.dʒi.i.ɾɯm.ɯn]
내 미국,9,[nɛ.mi.kuk̚],[nɛ.mi.guk̚]
했잖아요 그랬지,9,[hɛt̚.tʃan.a.jo.kɯ.ɾɛt̚.tʃi],[hɛt̚.tʃan.a.jo.gɯ.ɾɛt̚.tʃi]
고쳐야 돼요,9,[ko.tʃʰjʌ.ja.twɛ.jo],[go.tʃʰjʌ.ja.dwɛ.jo]
떨쳐 낼,9,[t͈ʌl.tʃʰjʌ.nɛl],[t͈ʌl.tʃʰjʌ.nɛl]
하고 절대,9,[ha.ko.tʃʌl.tɛ],[ha.go.dʒʌl.tɛ]
하고는 있지만,9,[ha.ko.nɯn.it̚.tʃi.man],[ha.go.nɯn.it̚.tʃi.man]
내 바로 앞에,9,[nɛ.pa.ɾo.ap̚.e],[nɛ.ba.ɾo.ap̚.e]
하고픈 말이,9,[ha.ko.pʰɯn.mal.i],[ha.go.pʰɯn.mal.i]
하곤 하죠,9,[ha.kon.ha.tʃjo],[ha.gon.ha.dʒjo]
하곤 해,9,[ha.kon.hɛ],[ha.gon.hɛ]
내 바에서,9,[nɛ.pa.e.sʌ],[nɛ.ba.e.sʌ]
하기 그렇지만,9,[ha.ki.kɯ.ɾʌt̚.tʃi.man],[ha.gi.gɯ.ɾʌt̚.tʃi.man]
하기 쉬운,9,[ha.ki.swi.un],[ha.gi.swi.un]
이끌어 줄 수,9,[i.k͈ɯl.ʌ.tʃul.su],[i.k͈ɯl.ʌ.dʒul.su]
하기 싫다고요,9,[ha.ki.sil.ta.ko.jo],[ha.gi.sil.ta.go.jo]
감시 영상이,9,[kam.si.jʌŋ.saŋ.i],[gam.si.jʌŋ.saŋ.i]
하기 싫은 일이,9,[ha.ki.sil.ɯn.il.i],[ha.gi.sil.ɯn.il.i]
하기 싫은데요,9,[ha.ki.sil.ɯn.te.jo],[ha.gi.sil.ɯn.te.jo]
봐봐 지금,9,[pwa.pwa.tʃi.kɯm],[bwa.bwa.dʒi.gɯm]
번 듣고,9,[pʌn.tɯt̚.ko],[bʌn.dɯt̚.ko]
지금 이럴 시간이,9,[tʃi.kɯm.i.ɾʌl.si.kan.i],[dʒi.gɯm.i.ɾʌl.si.gan.i]
하기도 좀,9,[ha.ki.to.tʃom],[ha.gi.do.dʒom]
하기도 하지,9,[ha.ki.to.ha.tʃi],[ha.gi.do.ha.dʒi]
감시 장치가,9,[kam.si.tʃaŋ.tʃʰi.ka],[gam.si.dʒaŋ.tʃʰi.ga]
내 밥이야,9,[nɛ.pap̚.i.ja],[nɛ.bap̚.i.ja]
하기로 한 거야,9,[ha.ki.ɾo.haŋ.kʌ.ja],[ha.gi.ɾo.han.gʌ.ja]
하기로 해요,9,[ha.ki.ɾo.hɛ.jo],[ha.gi.ɾo.hɛ.jo]
떼돈 버는,9,[t͈e.tom.pʌ.nɯn],[t͈e.don.bʌ.nɯn]
감시 장치를,9,[kam.si.tʃaŋ.tʃʰi.ɾɯl],[gam.si.dʒaŋ.tʃʰi.ɾɯl]
걸 알게 되고,9,[kʌl.al.ke.twe.ko],[gʌl.al.ke.dwe.go]
번 말해 봐,9,[pʌn.mal.hɛ.pwa],[bʌn.mal.hɛ.bwa]
했죠 바로,9,[hɛt̚.tʃjo.pa.ɾo],[hɛt̚.tʃjo.ba.ɾo]
하기를 원했다,9,[ha.ki.ɾɯl.wʌn.hɛt̚.ta],[ha.gi.ɾɯl.wʌn.hɛt̚.ta]
하기만 해 봐,9,[ha.ki.man.hɛ.pwa],[ha.gi.man.hɛ.bwa]
번 말했지,9,[pʌn.mal.hɛt̚.tʃi],[bʌn.mal.hɛt̚.tʃi]
근데 표정이,9,[kɯn.te.pʰjo.tʃʌŋ.i],[gɯn.te.pʰjo.dʒʌŋ.i]
했죠 아버지가,9,[hɛt̚.tʃjo.a.pʌ.tʃi.ka],[hɛt̚.tʃjo.a.bʌ.dʒi.ga]
하기에 좋은,9,[ha.ki.e.tʃot̚.ɯn],[ha.gi.e.dʒot̚.ɯn]
아무것도 안 줄,9,[a.mu.kʌt̚.to.an.tʃul],[a.mu.gʌt̚.to.an.dʒul]
번 먹었어,9,[pʌn.mʌk̚.ʌt̚.ʌ],[bʌn.mʌk̚.ʌt̚.ʌ]
하긴 내가,9,[ha.kin.nɛ.ka],[ha.gin.nɛ.ga]
하긴 너무,9,[ha.kin.nʌ.mu],[ha.gin.nʌ.mu]
하긴 싫거든,9,[ha.kin.sil.kʌ.tɯn],[ha.gin.sil.kʌ.dɯn]
했죠 여기서,9,[hɛt̚.tʃjo.jʌ.ki.sʌ],[hɛt̚.tʃjo.jʌ.gi.sʌ]
봐서 반갑네요,9,[pwa.sʌ.paŋ.kap̚.ne.jo],[bwa.sʌ.baŋ.kap̚.ne.jo]
하긴 하는,9,[ha.kin.ha.nɯn],[ha.gin.ha.nɯn]
하긴 한,9,[ha.kin.han],[ha.gin.han]
했죠 이렇게,9,[hɛt̚.tʃjo.i.ɾʌt̚.ke],[hɛt̚.tʃjo.i.ɾʌt̚.ke]
번 받았어요,9,[pʌm.pat̚.at̚.ʌ.jo],[bʌn.bat̚.at̚.ʌ.jo]
번 보는,9,[pʌm.po.nɯn],[bʌn.bo.nɯn]
번 보다,9,[pʌm.po.ta],[bʌn.bo.da]
하나 궁금한,9,[ha.na.kuŋ.kɯm.han],[ha.na.guŋ.gɯm.han]
걸 알게 되었어,9,[kʌl.al.ke.twe.ʌt̚.ʌ],[gʌl.al.ke.dwe.ʌt̚.ʌ]
헤이 라일리 라일리,9,[he.i.ɾa.il.ɾi.ɾa.il.ɾi],[he.i.ɾa.il.ɾi.ɾa.il.ɾi]
이대로 있을,9,[i.tɛ.ɾo.it̚.ɯl],[i.dɛ.ɾo.it̚.ɯl]
내 방에서 자,9,[nɛ.paŋ.e.sʌ.tʃa],[nɛ.baŋ.e.sʌ.dʒa]
하나 남기지,9,[ha.na.nam.ki.tʃi],[ha.na.nam.ki.dʒi]
근데 할아버지가,9,[kɯn.te.hal.a.pʌ.tʃi.ka],[gɯn.te.hal.a.bʌ.dʒi.ga]
I couldn''t help,9,,
하나 넌,9,[ha.na.nʌn],[ha.na.nʌn]
이대로 집에,9,[i.tɛ.ɾo.tʃip̚.e],[i.dɛ.ɾo.dʒip̚.e]
하나 당신은,9,[ha.na.taŋ.sin.ɯn],[ha.na.daŋ.sin.ɯn]
away from my,9,,
하나 더 먹어도,9,[ha.na.tʌ.mʌk̚.ʌ.to],[ha.na.dʌ.mʌk̚.ʌ.do]
번 부두로,9,[pʌm.pu.tu.ɾo],[bʌn.bu.du.ɾo]
묻지 않습니다,9,[mut̚.tʃi.an.sɯp̚.ni.ta],[mut̚.tʃi.an.sɯp̚.ni.da]
하나 더 있다는,9,[ha.na.tʌ.it̚.ta.nɯn],[ha.na.dʌ.it̚.ta.nɯn]
하나 더 있을,9,[ha.na.tʌ.it̚.ɯl],[ha.na.dʌ.it̚.ɯl]
했지 그가,9,[hɛt̚.tʃi.kɯ.ka],[hɛt̚.tʃi.gɯ.ga]
하나 될,9,[ha.na.twel],[ha.na.dwel]
번 사진,9,[pʌn.sa.tʃin],[bʌn.sa.dʒin]
번 생각할,9,[pʌn.sɛŋ.kak̚.hal],[bʌn.sɛŋ.gak̚.hal]
하나 드세요,9,[ha.na.tɯ.se.jo],[ha.na.dɯ.se.jo]
고치러 왔어요,9,[ko.tʃʰi.ɾʌ.wat̚.ʌ.jo],[go.tʃʰi.ɾʌ.wat̚.ʌ.jo]
하나 딱,9,[ha.na.t͈ak̚],[ha.na.t͈ak̚]
번 설명해,9,[pʌn.sʌl.mjʌŋ.hɛ],[bʌn.sʌl.mjʌŋ.hɛ]
내 배도,9,[nɛ.pɛ.to],[nɛ.bɛ.do]
번 수술실로,9,[pʌn.su.sul.sil.ɾo],[bʌn.su.sul.sil.ɾo]
했지 또,9,[hɛt̚.tʃi.t͈o],[hɛt̚.tʃi.t͈o]
하나 말해 줄까,9,[ha.na.mal.hɛ.tʃul.k͈a],[ha.na.mal.hɛ.dʒul.k͈a]
했지 뭘,9,[hɛt̚.tʃi.mwʌl],[hɛt̚.tʃi.mwʌl]
봐야 정신을 차리지,9,[pwa.ja.tʃʌŋ.sin.ɯl.tʃʰa.ɾi.tʃi],[bwa.ja.dʒʌŋ.sin.ɯl.tʃʰa.ɾi.dʒi]
하나 먹었어요,9,[ha.na.mʌk̚.ʌt̚.ʌ.jo],[ha.na.mʌk̚.ʌt̚.ʌ.jo]
번 쓸,9,[pʌn.s͈ɯl],[bʌn.s͈ɯl]
봐야 하는 거,9,[pwa.ja.ha.nɯŋ.kʌ],[bwa.ja.ha.nɯn.gʌ]
감시 카메라나,9,[kam.si.kʰa.me.ɾa.na],[gam.si.kʰa.me.ɾa.na]
했지 아빠,9,[hɛt̚.tʃi.a.p͈a],[hɛt̚.tʃi.a.p͈a]
뗀 지,9,[t͈en.tʃi],[t͈en.dʒi]
하나 보다,9,[ha.na.po.ta],[ha.na.bo.da]
내가 바로 갈게,9,[nɛ.ka.pa.ɾo.kal.ke],[nɛ.ga.ba.ɾo.gal.ke]
번 연달아,9,[pʌn.jʌn.tal.a],[bʌn.jʌn.tal.a]
봐야 하지만,9,[pwa.ja.ha.tʃi.man],[bwa.ja.ha.dʒi.man]
번 오고,9,[pʌn.o.ko],[bʌn.o.go]
내 번호 어떻게,9,[nɛ.pʌn.ho.ʌ.t͈ʌt̚.ke],[nɛ.bʌn.ho.ʌ.t͈ʌt̚.ke]
하나 샀는데,9,[ha.na.sat̚.nɯn.te],[ha.na.sat̚.nɯn.te]
내 번호를 어떻게,9,[nɛ.pʌn.ho.ɾɯl.ʌ.t͈ʌt̚.ke],[nɛ.bʌn.ho.ɾɯl.ʌ.t͈ʌt̚.ke]
번 이제,9,[pʌn.i.tʃe],[bʌn.i.dʒe]
봐야 하는데요,9,[pwa.ja.ha.nɯn.te.jo],[bwa.ja.ha.nɯn.te.jo]
하나 알려줄까요,9,[ha.na.al.ɾjʌ.tʃul.k͈a.jo],[ha.na.al.ɾjʌ.dʒul.k͈a.jo]
our love,9,,
이동해 주십시오,9,[i.toŋ.hɛ.tʃu.sip̚.si.o],[i.doŋ.hɛ.dʒu.sip̚.si.o]
하나 없으면서,9,[ha.na.ʌp̚.ɯ.mjʌn.sʌ],[ha.na.ʌp̚.ɯ.mjʌn.sʌ]
내 벨트,9,[nɛ.pel.tʰɯ],[nɛ.bel.tʰɯ]
이동해 주시기,9,[i.toŋ.hɛ.tʃu.si.ki],[i.doŋ.hɛ.dʒu.si.gi]
하나 우리의 증인이,9,[ha.na.u.ɾi.ɯi.tʃɯŋ.in.i],[ha.na.u.ɾi.ɯi.dʒɯŋ.in.i]
하나 우리의 증인이 돼줘,9,[ha.na.u.ɾi.ɯi.tʃɯŋ.in.i.twɛ.tʃwʌ],[ha.na.u.ɾi.ɯi.dʒɯŋ.in.i.dwɛ.dʒwʌ]
내 변호를,9,[nɛ.pjʌn.ho.ɾɯl],[nɛ.bjʌn.ho.ɾɯl]
하나 이렇게,9,[ha.na.i.ɾʌt̚.ke],[ha.na.i.ɾʌt̚.ke]
하나 있거든요,9,[ha.na.it̚.kʌ.tɯn.jo],[ha.na.it̚.kʌ.dɯn.jo]
내 변호사도,9,[nɛ.pjʌn.ho.sa.to],[nɛ.bjʌn.ho.sa.do]
하나 있긴 하지,9,[ha.na.it̚.kin.ha.tʃi],[ha.na.it̚.kin.ha.dʒi]
했지만 꼭,9,[hɛt̚.tʃi.maŋ.k͈ok̚],[hɛt̚.tʃi.maŋ.k͈ok̚]
번 좀,9,[pʌn.tʃom],[bʌn.dʒom]
고칠 수 없다면,9,[ko.tʃʰil.su.ʌp̚.ta.mjʌn],[go.tʃʰil.su.ʌp̚.ta.mjʌn]
번 주간,9,[pʌn.tʃu.kan],[bʌn.dʒu.gan]
하나 있어 네,9,[ha.na.it̚.ʌ.ne],[ha.na.it̚.ʌ.ne]
하나 있어 뭔데,9,[ha.na.it̚.ʌ.mwʌn.te],[ha.na.it̚.ʌ.mwʌn.te]
번 준비,9,[pʌn.tʃum.pi],[bʌn.dʒum.pi]
관계 그리고,9,[kwaŋ.kje.kɯ.ɾi.ko],[gwaŋ.kje.gɯ.ɾi.go]
고칠 수 있나,9,[ko.tʃʰil.su.it̚.na],[go.tʃʰil.su.it̚.na]
이득을 볼 수,9,[i.tɯk̚.ɯl.pol.su],[i.dɯk̚.ɯl.bol.su]
다들 기다리는데,9,[ta.tɯl.ki.ta.ɾi.nɯn.te],[da.dɯl.gi.da.ɾi.nɯn.te]
번 집에,9,[pʌn.tʃip̚.e],[bʌn.dʒip̚.e]
내 병사들을,9,[nɛ.pjʌŋ.sa.tɯl.ɯl],[nɛ.bjʌŋ.sa.dɯl.ɯl]
내가 바보 같은 짓을,9,[nɛ.ka.pa.po.kat̚.ɯn.tʃit̚.ɯl],[nɛ.ga.ba.bo.gat̚.ɯn.dʒit̚.ɯl]
번 체포됐어요,9,[pʌn.tʃʰe.pʰo.twɛt̚.ʌ.jo],[bʌn.tʃʰe.pʰo.dwɛt̚.ʌ.jo]
봐야겠어 그래,9,[pwa.ja.ket̚.ʌ.kɯ.ɾɛ],[bwa.ja.get̚.ʌ.gɯ.ɾɛ]
번 체포된,9,[pʌn.tʃʰe.pʰo.twen],[bʌn.tʃʰe.pʰo.dwen]
했지만 완전히,9,[hɛt̚.tʃi.man.wan.tʃʌn.hi],[hɛt̚.tʃi.man.wan.tʃʌn.hi]
하나 죽였어,9,[ha.na.tʃuk̚.jʌt̚.ʌ],[ha.na.dʒuk̚.jʌt̚.ʌ]
번 출구에서,9,[pʌn.tʃʰul.ku.e.sʌ],[bʌn.tʃʰul.ku.e.sʌ]
하나 줄래요,9,[ha.na.tʃul.ɾɛ.jo],[ha.na.dʒul.ɾɛ.jo]
내 보내 줘,9,[nɛ.po.nɛ.tʃwʌ],[nɛ.bo.nɛ.dʒwʌ]
번 치료실로 가요,9,[pʌn.tʃʰi.ɾjo.sil.ɾo.ka.jo],[bʌn.tʃʰi.ɾjo.sil.ɾo.ga.jo]
번 치료실에,9,[pʌn.tʃʰi.ɾjo.sil.e],[bʌn.tʃʰi.ɾjo.sil.e]
고칠 수 있습니다,9,[ko.tʃʰil.su.it̚.sɯp̚.ni.ta],[go.tʃʰil.su.it̚.sɯp̚.ni.da]
하나 찾고,9,[ha.na.tʃʰat̚.ko],[ha.na.tʃʰat̚.ko]
감시당하고 있다는,9,[kam.si.taŋ.ha.ko.it̚.ta.nɯn],[gam.si.daŋ.ha.go.it̚.ta.nɯn]
하나 하겠습니다,9,[ha.na.ha.ket̚.sɯp̚.ni.ta],[ha.na.ha.get̚.sɯp̚.ni.da]
번 타자,9,[pʌn.tʰa.tʃa],[bʌn.tʰa.dʒa]
내 보물이야,9,[nɛ.po.mul.i.ja],[nɛ.bo.mul.i.ja]
번 테이블에서,9,[pʌn.tʰe.i.pɯl.e.sʌ],[bʌn.tʰe.i.bɯl.e.sʌ]
했지만 항상,9,[hɛt̚.tʃi.man.haŋ.saŋ],[hɛt̚.tʃi.man.haŋ.saŋ]
하나 했어,9,[ha.na.hɛt̚.ʌ],[ha.na.hɛt̚.ʌ]
묻혀 있어,9,[mut̚.hjʌ.it̚.ʌ],[mut̚.hjʌ.it̚.ʌ]
하나가 됐어,9,[ha.na.ka.twɛt̚.ʌ],[ha.na.ga.dwɛt̚.ʌ]
내 본 모습을,9,[nɛ.pon.mo.sɯp̚.ɯl],[nɛ.bon.mo.sɯp̚.ɯl]
하나가 되었습니다,9,[ha.na.ka.twe.ʌt̚.sɯp̚.ni.ta],[ha.na.ga.dwe.ʌt̚.sɯp̚.ni.da]
지금 전혀,9,[tʃi.kɯn.tʃʌn.hjʌ],[dʒi.gɯm.dʒʌn.hjʌ]
번 합시다,9,[pʌn.hap̚.si.ta],[bʌn.hap̚.si.da]
away the key,9,,
또 괜히,9,[t͈o.kwɛn.hi],[t͈o.gwɛn.hi]
하나가 안,9,[ha.na.ka.an],[ha.na.ga.an]
번 해보자고,9,[pʌn.hɛ.po.tʃa.ko],[bʌn.hɛ.bo.dʒa.go]
하나가 죽으면,9,[ha.na.ka.tʃuk̚.ɯ.mjʌn],[ha.na.ga.dʒuk̚.ɯ.mjʌn]
내 볼게요,9,[nɛ.pol.ke.jo],[nɛ.bol.ke.jo]
행동에 따라,9,[hɛŋ.toŋ.e.t͈a.ɾa],[hɛŋ.doŋ.e.t͈a.ɾa]
하나는 기가 막히게,9,[ha.na.nɯŋ.ki.ka.mak̚.hi.ke],[ha.na.nɯn.gi.ga.mak̚.hi.ge]
하나는 아직,9,[ha.na.nɯn.a.tʃik̚],[ha.na.nɯn.a.dʒik̚]
번 했잖아요,9,[pʌn.hɛt̚.tʃan.a.jo],[bʌn.hɛt̚.tʃan.a.jo]
내가 바지를,9,[nɛ.ka.pa.tʃi.ɾɯl],[nɛ.ga.ba.dʒi.ɾɯl]
봐야지 이,9,[pwa.ja.tʃi.i],[bwa.ja.dʒi.i]
하나는 죽어야 해,9,[ha.na.nɯn.tʃuk̚.ʌ.ja.hɛ],[ha.na.nɯn.dʒuk̚.ʌ.ja.hɛ]
행동은 내가,9,[hɛŋ.toŋ.ɯn.nɛ.ka],[hɛŋ.doŋ.ɯn.nɛ.ga]
고통 말이야,9,[ko.tʰoŋ.mal.i.ja],[go.tʰoŋ.mal.i.ja]
이따 또,9,[i.t͈a.t͈o],[i.t͈a.t͈o]
또 그 얘기,9,[t͈o.kɯ.jɛ.ki],[t͈o.gɯ.jɛ.gi]
하나님께 맹세합니다,9,[ha.na.nim.k͈e.mɛŋ.se.hap̚.ni.ta],[ha.na.nim.k͈e.mɛŋ.se.hap̚.ni.da]
다들 나처럼,9,[ta.tɯl.la.tʃʰʌ.ɾʌm],[da.dɯl.la.tʃʰʌ.ɾʌm]
been that,9,,
하나도 도움 안,9,[ha.na.to.to.um.an],[ha.na.do.do.um.an]
하나도 모르겠네,9,[ha.na.to.mo.ɾɯ.ket̚.ne],[ha.na.do.mo.ɾɯ.get̚.ne]
번개가 칠,9,[pʌŋ.kɛ.ka.tʃʰil],[bʌŋ.kɛ.ga.tʃʰil]
하나도 무섭지,9,[ha.na.to.mu.sʌp̚.tʃi],[ha.na.do.mu.sʌp̚.tʃi]
하나도 빼놓지 말고,9,[ha.na.to.p͈ɛ.not̚.tʃi.mal.ko],[ha.na.do.p͈ɛ.not̚.tʃi.mal.ko]
아무것도 이루지,9,[a.mu.kʌt̚.to.i.ɾu.tʃi],[a.mu.gʌt̚.to.i.ɾu.dʒi]
내 부탁을 들어주면,9,[nɛ.pu.tʰak̚.ɯl.tɯl.ʌ.tʃu.mjʌn],[nɛ.bu.tʰak̚.ɯl.dɯl.ʌ.dʒu.mjʌn]
하나도 안 들려요,9,[ha.na.to.an.tɯl.ɾjʌ.jo],[ha.na.do.an.dɯl.ɾjʌ.jo]
다들 내 말 잘,9,[ta.tɯl.lɛ.mal.tʃal],[da.dɯl.lɛ.mal.dʒal]
하나도 안 변했군,9,[ha.na.to.am.pjʌn.hɛt̚.kun],[ha.na.do.an.bjʌn.hɛt̚.kun]
이따가 같이,9,[i.t͈a.ka.kat̚.i],[i.t͈a.ga.gat̚.i]
행동을 했습니다,9,[hɛŋ.toŋ.ɯl.hɛt̚.sɯp̚.ni.ta],[hɛŋ.doŋ.ɯl.hɛt̚.sɯp̚.ni.da]
근무하고 있어요,9,[kɯn.mu.ha.ko.it̚.ʌ.jo],[gɯn.mu.ha.go.it̚.ʌ.jo]
번도 들어본,9,[pʌn.to.tɯl.ʌ.pon],[bʌn.to.dɯl.ʌ.bon]
내 부하고,9,[nɛ.pu.ha.ko],[nɛ.bu.ha.go]
내 부하는,9,[nɛ.pu.ha.nɯn],[nɛ.bu.ha.nɯn]
번도 먹어 본,9,[pʌn.to.mʌk̚.ʌ.pon],[bʌn.to.mʌk̚.ʌ.bon]
번도 먹어 본 적이,9,[pʌn.to.mʌk̚.ʌ.pon.tʃʌk̚.i],[bʌn.to.mʌk̚.ʌ.bon.dʒʌk̚.i]
내 부하들의,9,[nɛ.pu.ha.tɯl.ɯi],[nɛ.bu.ha.dɯl.ɯi]
이딴 거 필요,9,[i.t͈aŋ.kʌ.pʰil.jo],[i.t͈an.gʌ.pʰil.jo]
하나도 이해 못,9,[ha.na.to.i.hɛ.mot̚],[ha.na.do.i.hɛ.mot̚]
걸 알겠군,9,[kʌl.al.ket̚.kun],[gʌl.al.ket̚.kun]
또 그런 짓을,9,[t͈o.kɯ.ɾʌn.tʃit̚.ɯl],[t͈o.gɯ.ɾʌn.dʒit̚.ɯl]
이딴 걸 왜,9,[i.t͈aŋ.kʌl.wɛ],[i.t͈an.gʌl.wɛ]
하나라도 건들면,9,[ha.na.ɾa.to.kʌn.tɯl.mjʌn],[ha.na.ɾa.do.gʌn.tɯl.mjʌn]
하나라도 있으면,9,[ha.na.ɾa.to.it̚.ɯ.mjʌn],[ha.na.ɾa.do.it̚.ɯ.mjʌn]
내 분명히,9,[nɛ.pun.mjʌŋ.hi],[nɛ.bun.mjʌŋ.hi]
번도 안 해 본,9,[pʌn.to.an.hɛ.pon],[bʌn.to.an.hɛ.bon]
하나로 모든,9,[ha.na.ɾo.mo.tɯn],[ha.na.ɾo.mo.dɯn]
내 불쌍한,9,[nɛ.pul.s͈aŋ.han],[nɛ.bul.s͈aŋ.han]
이라고 돼,9,[i.ɾa.ko.twɛ],[i.ɾa.go.dwɛ]
내 불알은,9,[nɛ.pul.al.ɯn],[nɛ.bul.al.ɯn]
번도 없었는데,9,[pʌn.to.ʌp̚.ʌt̚.nɯn.te],[bʌn.to.ʌp̚.ʌt̚.nɯn.te]
내 블랙홀을,9,[nɛ.pɯl.ɾɛk̚.hol.ɯl],[nɛ.bɯl.ɾɛk̚.hol.ɯl]
이라고 불러요,9,[i.ɾa.ko.pul.ɾʌ.jo],[i.ɾa.go.bul.ɾʌ.jo]
행동한 적이,9,[hɛŋ.toŋ.han.tʃʌk̚.i],[hɛŋ.doŋ.han.dʒʌk̚.i]
이라고 불린다,9,[i.ɾa.ko.pul.ɾin.ta],[i.ɾa.go.bul.ɾin.ta]
또 꽉 쥐어,9,[t͈o.k͈wak̚.tʃwi.ʌ],[t͈o.k͈wak̚.dʒwi.ʌ]
고통받고 있죠,9,[ko.tʰom.pat̚.ko.it̚.tʃjo],[go.tʰoŋ.bat̚.ko.it̚.tʃjo]
하나만 기억해,9,[ha.na.maŋ.ki.ʌk̚.hɛ],[ha.na.man.gi.ʌk̚.hɛ]
내 비밀번호를,9,[nɛ.pi.mil.pʌn.ho.ɾɯl],[nɛ.bi.mil.pʌn.ho.ɾɯl]
하나만 들어,9,[ha.na.man.tɯl.ʌ],[ha.na.man.dɯl.ʌ]
하나만 말해봐,9,[ha.na.man.mal.hɛ.pwa],[ha.na.man.mal.hɛ.bwa]
하나만 말해줄게,9,[ha.na.man.mal.hɛ.tʃul.ke],[ha.na.man.mal.hɛ.dʒul.ke]
하나만 묻겠습니다,9,[ha.na.man.mut̚.ket̚.sɯp̚.ni.ta],[ha.na.man.mut̚.ket̚.sɯp̚.ni.da]
봐요 내 말,9,[pwa.jo.nɛ.mal],[bwa.jo.nɛ.mal]
내 비장의,9,[nɛ.pi.tʃaŋ.ɯi],[nɛ.bi.dʒaŋ.ɯi]
하나만 줘요,9,[ha.na.man.tʃwʌ.jo],[ha.na.man.dʒwʌ.jo]
행방이 묘연해요,9,[hɛm.paŋ.i.mjo.jʌn.hɛ.jo],[hɛŋ.baŋ.i.mjo.jʌn.hɛ.jo]
번만 더 할게요,9,[pʌn.man.tʌ.hal.ke.jo],[bʌn.man.dʌ.hal.ke.jo]
번만 더 해보자,9,[pʌn.man.tʌ.hɛ.po.tʃa],[bʌn.man.dʌ.hɛ.bo.dʒa]
지금 중요한 게,9,[tʃi.kɯn.tʃuŋ.jo.haŋ.ke],[dʒi.gɯm.dʒuŋ.jo.han.ge]
번만 만나,9,[pʌn.man.man.na],[bʌn.man.man.na]
난 멍청이,9,[nan.mʌŋ.tʃʰʌŋ.i],[nan.mʌŋ.tʃʰʌŋ.i]
내 비행기에,9,[nɛ.pi.hɛŋ.ki.e],[nɛ.bi.hɛŋ.gi.e]
내가 방금 네,9,[nɛ.ka.paŋ.kɯm.ne],[nɛ.ga.baŋ.gɯm.ne]
이란 건,9,[i.ɾaŋ.kʌn],[i.ɾan.gʌn]
하나뿐인 것,9,[ha.na.p͈un.iŋ.kʌt̚],[ha.na.p͈un.in.gʌt̚]
내 빚이,9,[nɛ.pit̚.i],[nɛ.bit̚.i]
하나씩 가지고,9,[ha.na.s͈ik̚.ka.tʃi.ko],[ha.na.s͈ik̚.ga.dʒi.go]
하나씩 하자,9,[ha.na.s͈ik̚.ha.tʃa],[ha.na.s͈ik̚.ha.dʒa]
하나씩 하죠,9,[ha.na.s͈ik̚.ha.tʃjo],[ha.na.s͈ik̚.ha.dʒjo]
하나야 내,9,[ha.na.ja.nɛ],[ha.na.ja.nɛ]
내 뼈,9,[nɛ.p͈jʌ],[nɛ.p͈jʌ]
내 뿌리를,9,[nɛ.p͈u.ɾi.ɾɯl],[nɛ.p͈u.ɾi.ɾɯl]
행복하게 지낼,9,[hɛm.pok̚.ha.ke.tʃi.nɛl],[hɛŋ.bok̚.ha.ge.dʒi.nɛl]
또 내게,9,[t͈o.nɛ.ke],[t͈o.nɛ.ge]
봐요 더는,9,[pwa.jo.tʌ.nɯn],[bwa.jo.dʌ.nɯn]
행복하게 하지,9,[hɛm.pok̚.ha.ke.ha.tʃi],[hɛŋ.bok̚.ha.ge.ha.dʒi]
행복하게 해주려고,9,[hɛm.pok̚.ha.ke.hɛ.tʃu.ɾjʌ.ko],[hɛŋ.bok̚.ha.ge.hɛ.dʒu.ɾjʌ.go]
또 너구나,9,[t͈o.nʌ.ku.na],[t͈o.nʌ.gu.na]
이래 넌,9,[i.ɾɛ.nʌn],[i.ɾɛ.nʌn]
또 너한테,9,[t͈o.nʌ.han.tʰe],[t͈o.nʌ.han.tʰe]
관계가 있습니다,9,[kwaŋ.kje.ka.it̚.sɯp̚.ni.ta],[gwaŋ.kje.ga.it̚.sɯp̚.ni.da]
감시하고 있지,9,[kam.si.ha.ko.it̚.tʃi],[gam.si.ha.go.it̚.tʃi]
하나하나가 다,9,[ha.na.ha.na.ka.ta],[ha.na.ha.na.ga.da]
나가 주실래요,9,[na.ka.tʃu.sil.ɾɛ.jo],[na.ga.dʒu.sil.ɾɛ.jo]
이래 최고의,9,[i.ɾɛ.tʃʰwe.ko.ɯi],[i.ɾɛ.tʃʰwe.go.ɯi]
하네 그래도,9,[ha.ne.kɯ.ɾɛ.to],[ha.ne.gɯ.ɾɛ.do]
하네 나도,9,[ha.ne.na.to],[ha.ne.na.do]
하네 너,9,[ha.ne.nʌ],[ha.ne.nʌ]
하네 뭐,9,[ha.ne.mwʌ],[ha.ne.mwʌ]
하네 알겠습니다,9,[ha.ne.al.ket̚.sɯp̚.ni.ta],[ha.ne.al.ket̚.sɯp̚.ni.da]
번역 꾼,9,[pʌn.jʌk̚.k͈un],[bʌn.jʌk̚.k͈un]
번역 꾼 웹하드에,9,[pʌn.jʌk̚.k͈un.wep̚.ha.tɯ.e],[bʌn.jʌk̚.k͈un.wep̚.ha.dɯ.e]
번역 꾼 웹하드에 올리지,9,[pʌn.jʌk̚.k͈un.wep̚.ha.tɯ.e.ol.ɾi.tʃi],[bʌn.jʌk̚.k͈un.wep̚.ha.dɯ.e.ol.ɾi.dʒi]
하네 우리가,9,[ha.ne.u.ɾi.ka],[ha.ne.u.ɾi.ga]
감시하기 위해서야,9,[kam.si.ha.ki.wi.hɛ.sʌ.ja],[gam.si.ha.gi.wi.hɛ.sʌ.ja]
하네 이런,9,[ha.ne.i.ɾʌn],[ha.ne.i.ɾʌn]
하느님 앞에,9,[ha.nɯ.nim.ap̚.e],[ha.nɯ.nim.ap̚.e]
번역할 수,9,[pʌn.jʌk̚.hal.su],[bʌn.jʌk̚.hal.su]
하느님이 날,9,[ha.nɯ.nim.i.nal],[ha.nɯ.nim.i.nal]
봐요 분명,9,[pwa.jo.pun.mjʌŋ],[bwa.jo.bun.mjʌŋ]
하는 거 나도,9,[ha.nɯŋ.kʌ.na.to],[ha.nɯn.gʌ.na.do]
내 사랑은 말도,9,[nɛ.sa.ɾaŋ.ɯn.mal.to],[nɛ.sa.ɾaŋ.ɯn.mal.to]
내 사랑은 말도 안,9,[nɛ.sa.ɾaŋ.ɯn.mal.to.an],[nɛ.sa.ɾaŋ.ɯn.mal.to.an]
행복한 한,9,[hɛm.pok̚.han.han],[hɛŋ.bok̚.han.han]
번을 눌러,9,[pʌn.ɯl.lul.ɾʌ],[bʌn.ɯl.lul.ɾʌ]
지금 찾으러,9,[tʃi.kɯn.tʃʰat̚.ɯ.ɾʌ],[dʒi.gɯn.tʃʰat̚.ɯ.ɾʌ]
번을 얘기해요,9,[pʌn.ɯl.jɛ.ki.hɛ.jo],[bʌn.ɯl.jɛ.gi.hɛ.jo]
봐요 아니야,9,[pwa.jo.a.ni.ja],[bwa.jo.a.ni.ja]
걸 알고 있었군,9,[kʌl.al.ko.it̚.ʌt̚.kun],[gʌl.al.ko.it̚.ʌt̚.kun]
하는 거야 그건,9,[ha.nɯŋ.kʌ.ja.kɯ.kʌn],[ha.nɯn.gʌ.ja.gɯ.gʌn]
내 사무실에 와서,9,[nɛ.sa.mu.sil.e.wa.sʌ],[nɛ.sa.mu.sil.e.wa.sʌ]
하는 거야 나도,9,[ha.nɯŋ.kʌ.ja.na.to],[ha.nɯn.gʌ.ja.na.do]
봐요 아무도,9,[pwa.jo.a.mu.to],[bwa.jo.a.mu.do]
하는 거야 아니,9,[ha.nɯŋ.kʌ.ja.a.ni],[ha.nɯn.gʌ.ja.a.ni]
번이고 다시,9,[pʌn.i.ko.ta.si],[bʌn.i.go.da.si]
내 사물함,9,[nɛ.sa.mul.ham],[nɛ.sa.mul.ham]
내 사물함에서,9,[nɛ.sa.mul.ham.e.sʌ],[nɛ.sa.mul.ham.e.sʌ]
이러고 살,9,[i.ɾʌ.ko.sal],[i.ɾʌ.go.sal]
번이나 말,9,[pʌn.i.na.mal],[bʌn.i.na.mal]
내 사생활이야,9,[nɛ.sa.sɛŋ.hwal.i.ja],[nɛ.sa.sɛŋ.hwal.i.ja]
하는 거지 우리,9,[ha.nɯŋ.kʌ.tʃi.u.ɾi],[ha.nɯn.gʌ.dʒi.u.ɾi]
번이나 얘기했잖아,9,[pʌn.i.na.jɛ.ki.hɛt̚.tʃan.a],[bʌn.i.na.jɛ.gi.hɛt̚.tʃan.a]
번이나 한,9,[pʌn.i.na.han],[bʌn.i.na.han]
내 사인,9,[nɛ.sa.in],[nɛ.sa.in]
감시할 수 있어,9,[kam.si.hal.su.it̚.ʌ],[gam.si.hal.su.it̚.ʌ]
번이나 했잖아,9,[pʌn.i.na.hɛt̚.tʃan.a],[bʌn.i.na.hɛt̚.tʃan.a]
봐요 엄마는,9,[pwa.jo.ʌm.ma.nɯn],[bwa.jo.ʌm.ma.nɯn]
하는 걸 거야,9,[ha.nɯŋ.kʌl.kʌ.ja],[ha.nɯn.gʌl.gʌ.ja]
맞네 내가,9,[mat̚.ne.nɛ.ka],[mat̚.ne.nɛ.ga]
감시할 테니,9,[kam.si.hal.tʰe.ni],[gam.si.hal.tʰe.ni]
하는 걸 보는,9,[ha.nɯŋ.kʌl.po.nɯn],[ha.nɯn.gʌl.bo.nɯn]
번지고 있어,9,[pʌn.tʃi.ko.it̚.ʌ],[bʌn.tʃi.go.it̚.ʌ]
고통을 덜어주는,9,[ko.tʰoŋ.ɯl.tʌl.ʌ.tʃu.nɯn],[go.tʰoŋ.ɯl.dʌl.ʌ.dʒu.nɯn]
out if,9,,
번지에 있어요,9,[pʌn.tʃi.e.it̚.ʌ.jo],[bʌn.tʃi.e.it̚.ʌ.jo]
하는 것 같고,9,[ha.nɯŋ.kʌt̚.kat̚.ko],[ha.nɯn.gʌt̚.gat̚.ko]
하는 것 같다고,9,[ha.nɯŋ.kʌt̚.kat̚.ta.ko],[ha.nɯn.gʌt̚.gat̚.ta.go]
내 사촌한테,9,[nɛ.sa.tʃʰon.han.tʰe],[nɛ.sa.tʃʰon.han.tʰe]
아무도 그들이,9,[a.mu.to.kɯ.tɯl.i],[a.mu.do.gɯ.dɯl.i]
내가 변화를,9,[nɛ.ka.pjʌn.hwa.ɾɯl],[nɛ.ga.bjʌn.hwa.ɾɯl]
하는 것 그리고,9,[ha.nɯŋ.kʌt̚.kɯ.ɾi.ko],[ha.nɯn.gʌt̚.gɯ.ɾi.go]
번째 계획은,9,[pʌn.tʃ͈ɛ.kje.hwek̚.ɯn],[bʌn.tʃ͈ɛ.gje.hwek̚.ɯn]
봐요 요즘,9,[pwa.jo.jo.tʃɯm],[bwa.jo.jo.dʒɯm]
행성에 관한,9,[hɛŋ.sʌŋ.e.kwan.han],[hɛŋ.sʌŋ.e.gwan.han]
내가 병원,9,[nɛ.ka.pjʌŋ.wʌn],[nɛ.ga.bjʌŋ.wʌn]
이러는 거 아니지,9,[i.ɾʌ.nɯŋ.kʌ.a.ni.tʃi],[i.ɾʌ.nɯn.gʌ.a.ni.dʒi]
물 부어,9,[mul.pu.ʌ],[mul.bu.ʌ]
하는 것은 아니다,9,[ha.nɯŋ.kʌt̚.ɯn.a.ni.ta],[ha.nɯn.gʌt̚.ɯn.a.ni.da]
하는 것이 아니라,9,[ha.nɯŋ.kʌt̚.i.a.ni.ɾa],[ha.nɯn.gʌt̚.i.a.ni.ɾa]
번째 남자가,9,[pʌn.tʃ͈ɛ.nan.tʃa.ka],[bʌn.tʃ͈ɛ.nan.tʃa.ga]
번째 남편이,9,[pʌn.tʃ͈ɛ.nam.pʰjʌn.i],[bʌn.tʃ͈ɛ.nam.pʰjʌn.i]
하는 것일까,9,[ha.nɯŋ.kʌt̚.il.k͈a],[ha.nɯn.gʌt̚.il.k͈a]
하는 게 아니고,9,[ha.nɯŋ.ke.a.ni.ko],[ha.nɯn.ge.a.ni.go]
하는 게 아니지,9,[ha.nɯŋ.ke.a.ni.tʃi],[ha.nɯn.ge.a.ni.dʒi]
하는 게 아니죠,9,[ha.nɯŋ.ke.a.ni.tʃjo],[ha.nɯn.ge.a.ni.dʒjo]
고통을 선택해,9,[ko.tʰoŋ.ɯl.sʌn.tʰɛk̚.hɛ],[go.tʰoŋ.ɯl.sʌn.tʰɛk̚.hɛ]
범죄 증거를,9,[pʌn.tʃwe.tʃɯŋ.kʌ.ɾɯl],[bʌn.tʃwe.dʒɯŋ.gʌ.ɾɯl]
내가 보관할,9,[nɛ.ka.po.kwan.hal],[nɛ.ga.bo.gwan.hal]
고통을 안겨,9,[ko.tʰoŋ.ɯl.aŋ.kjʌ],[go.tʰoŋ.ɯl.aŋ.kjʌ]
내 삶이에요,9,[nɛ.sam.i.e.jo],[nɛ.sam.i.e.jo]
봐요 잭,9,[pwa.jo.tʃɛk̚],[bwa.jo.dʒɛk̚]
하는 게 좋을 텐데,9,[ha.nɯŋ.ke.tʃot̚.ɯl.tʰen.te],[ha.nɯn.ge.dʒot̚.ɯl.tʰen.te]
봐요 저게,9,[pwa.jo.tʃʌ.ke],[bwa.jo.dʒʌ.ge]
하는 게야,9,[ha.nɯŋ.ke.ja],[ha.nɯn.ge.ja]
봐요 저건,9,[pwa.jo.tʃʌ.kʌn],[bwa.jo.dʒʌ.gʌn]
고통을 없애는,9,[ko.tʰoŋ.ɯl.ʌp̚.ɛ.nɯn],[go.tʰoŋ.ɯl.ʌp̚.ɛ.nɯn]
번째 살인은,9,[pʌn.tʃ͈ɛ.sal.in.ɯn],[bʌn.tʃ͈ɛ.sal.in.ɯn]
또 다른 좋은,9,[t͈o.ta.ɾɯn.tʃot̚.ɯn],[t͈o.da.ɾɯn.dʒot̚.ɯn]
하는 꼴을,9,[ha.nɯŋ.k͈ol.ɯl],[ha.nɯŋ.k͈ol.ɯl]
하는 끔찍한,9,[ha.nɯŋ.k͈ɯn.tʃ͈ik̚.han],[ha.nɯŋ.k͈ɯn.tʃ͈ik̚.han]
번째 선물,9,[pʌn.tʃ͈ɛ.sʌn.mul],[bʌn.tʃ͈ɛ.sʌn.mul]
봐요 제대로,9,[pwa.jo.tʃe.tɛ.ɾo],[bwa.jo.dʒe.dɛ.ɾo]
번째 여자가,9,[pʌn.tʃ͈ɛ.jʌ.tʃa.ka],[bʌn.tʃ͈ɛ.jʌ.dʒa.ga]
이러다 죽어,9,[i.ɾʌ.ta.tʃuk̚.ʌ],[i.ɾʌ.da.dʒuk̚.ʌ]
이러다 큰일,9,[i.ɾʌ.ta.kʰɯn.il],[i.ɾʌ.da.kʰɯn.il]
하는 말 들었어,9,[ha.nɯn.mal.tɯl.ʌt̚.ʌ],[ha.nɯn.mal.dɯl.ʌt̚.ʌ]
번째 이야기를,9,[pʌn.tʃ͈ɛ.i.ja.ki.ɾɯl],[bʌn.tʃ͈ɛ.i.ja.gi.ɾɯl]
고통을 주지,9,[ko.tʰoŋ.ɯl.tʃu.tʃi],[go.tʰoŋ.ɯl.dʒu.dʒi]
번째 일을,9,[pʌn.tʃ͈ɛ.il.ɯl],[bʌn.tʃ͈ɛ.il.ɯl]
번째 임무,9,[pʌn.tʃ͈ɛ.im.mu],[bʌn.tʃ͈ɛ.im.mu]
번째 임무는,9,[pʌn.tʃ͈ɛ.im.mu.nɯn],[bʌn.tʃ͈ɛ.im.mu.nɯn]
하는 말을 들어봐,9,[ha.nɯn.mal.ɯl.tɯl.ʌ.pwa],[ha.nɯn.mal.ɯl.dɯl.ʌ.bwa]
하는 말의,9,[ha.nɯn.mal.ɯi],[ha.nɯn.mal.ɯi]
행운이 왜,9,[hɛŋ.un.i.wɛ],[hɛŋ.un.i.wɛ]
번째 질문이,9,[pʌn.tʃ͈ɛ.tʃil.mun.i],[bʌn.tʃ͈ɛ.dʒil.mun.i]
번째 층,9,[pʌn.tʃ͈ɛ.tʃʰɯŋ],[bʌn.tʃ͈ɛ.tʃʰɯŋ]
고통을 즐기는,9,[ko.tʰoŋ.ɯl.tʃɯl.ki.nɯn],[go.tʰoŋ.ɯl.dʒɯl.ki.nɯn]
또 두,9,[t͈o.tu],[t͈o.du]
행정 명령을,9,[hɛŋ.tʃʌŋ.mjʌŋ.ɾjʌŋ.ɯl],[hɛŋ.dʒʌŋ.mjʌŋ.ɾjʌŋ.ɯl]
하는 방식이야 사람들,9,[ha.nɯm.paŋ.sik̚.i.ja.sa.ɾan.tɯl],[ha.nɯn.baŋ.sik̚.i.ja.sa.ɾan.tɯl]
하는 방식이야 사람들 맨,9,[ha.nɯm.paŋ.sik̚.i.ja.sa.ɾan.tɯl.mɛn],[ha.nɯn.baŋ.sik̚.i.ja.sa.ɾan.tɯl.mɛn]
고통이 더,9,[ko.tʰoŋ.i.tʌ],[go.tʰoŋ.i.dʌ]
감아 눈,9,[kam.a.nun],[gam.a.nun]
번쩍 들,9,[pʌn.tʃ͈ʌk̚.tɯl],[bʌn.tʃ͈ʌk̚.dɯl]
봐주세요 이,9,[pwa.tʃu.se.jo.i],[bwa.dʒu.se.jo.i]
향상을 위해,9,[hjaŋ.saŋ.ɯl.wi.hɛ],[hjaŋ.saŋ.ɯl.wi.hɛ]
향수 냄새도,9,[hjaŋ.su.nɛm.sɛ.to],[hjaŋ.su.nɛm.sɛ.do]
이러시면 곤란합니다,9,[i.ɾʌ.si.mjʌŋ.kol.lan.hap̚.ni.ta],[i.ɾʌ.si.mjʌn.gol.lan.hap̚.ni.da]
또 마시고,9,[t͈o.ma.si.ko],[t͈o.ma.si.go]
향이 정말,9,[hjaŋ.i.tʃʌŋ.mal],[hjaŋ.i.dʒʌŋ.mal]
봐주지 않아,9,[pwa.tʃu.tʃi.an.a],[bwa.dʒu.dʒi.an.a]
Diamonds are,9,,
하는 얘기죠,9,[ha.nɯn.jɛ.ki.tʃjo],[ha.nɯn.jɛ.gi.dʒjo]
번호 알지,9,[pʌn.ho.al.tʃi],[bʌn.ho.al.tʃi]
하는 이야기가,9,[ha.nɯn.i.ja.ki.ka],[ha.nɯn.i.ja.gi.ga]
또 만나러,9,[t͈o.man.na.ɾʌ],[t͈o.man.na.ɾʌ]
또 만나는군,9,[t͈o.man.na.nɯŋ.kun],[t͈o.man.na.nɯŋ.kun]
향하는 중,9,[hjaŋ.ha.nɯn.tʃuŋ],[hjaŋ.ha.nɯn.dʒuŋ]
이러지 마 이건,9,[i.ɾʌ.tʃi.ma.i.kʌn],[i.ɾʌ.dʒi.ma.i.gʌn]
하는 일을 하고,9,[ha.nɯn.il.ɯl.ha.ko],[ha.nɯn.il.ɯl.ha.go]
봐줄 사람,9,[pwa.tʃul.sa.ɾam],[bwa.dʒul.sa.ɾam]
said if,9,,
고할 수,9,[ko.hal.su],[go.hal.su]
하는 일이 아니야,9,[ha.nɯn.il.i.a.ni.ja],[ha.nɯn.il.i.a.ni.ja]
번호는 연결이,9,[pʌn.ho.nɯn.jʌŋ.kjʌl.i],[bʌn.ho.nɯn.jʌŋ.kjʌl.i]
번호는 전파가,9,[pʌn.ho.nɯn.tʃʌm.pʰa.ka],[bʌn.ho.nɯn.dʒʌm.pʰa.ga]
번호는 전파가 닿지,9,[pʌn.ho.nɯn.tʃʌm.pʰa.ka.tat̚.tʃi],[bʌn.ho.nɯn.dʒʌm.pʰa.ga.dat̚.tʃi]
하는 일이라,9,[ha.nɯn.il.i.ɾa],[ha.nɯn.il.i.ɾa]
번호는 전파가 닿지 않는,9,[pʌn.ho.nɯn.tʃʌm.pʰa.ka.tat̚.tʃi.an.nɯn],[bʌn.ho.nɯn.dʒʌm.pʰa.ga.dat̚.tʃi.an.nɯn]
번호로 다시,9,[pʌn.ho.ɾo.ta.si],[bʌn.ho.ɾo.da.si]
이러지 마요 안,9,[i.ɾʌ.tʃi.ma.jo.an],[i.ɾʌ.dʒi.ma.jo.an]
번호로 연락하세요,9,[pʌn.ho.ɾo.jʌl.lak̚.ha.se.jo],[bʌn.ho.ɾo.jʌl.lak̚.ha.se.jo]
고해 성사,9,[ko.hɛ.sʌŋ.sa],[go.hɛ.sʌŋ.sa]
하는 줄도,9,[ha.nɯn.tʃul.to],[ha.nɯn.dʒul.to]
하는 중에,9,[ha.nɯn.tʃuŋ.e],[ha.nɯn.dʒuŋ.e]
하는 중이잖아,9,[ha.nɯn.tʃuŋ.i.tʃan.a],[ha.nɯn.dʒuŋ.i.dʒan.a]
번호를 줬어,9,[pʌn.ho.ɾɯl.tʃwʌt̚.ʌ],[bʌn.ho.ɾɯl.dʒwʌt̚.ʌ]
향해 갈,9,[hjaŋ.hɛ.kal],[hjaŋ.hɛ.gal]
하는 짓인가,9,[ha.nɯn.tʃit̚.iŋ.ka],[ha.nɯn.dʒit̚.iŋ.ka]
고향 행성에서,9,[ko.hjaŋ.hɛŋ.sʌŋ.e.sʌ],[go.hjaŋ.hɛŋ.sʌŋ.e.sʌ]
out of the blue,9,,
봤고 난,9,[pwat̚.ko.nan],[bwat̚.ko.nan]
벌 수 있겠지,9,[pʌl.su.it̚.ket̚.tʃi],[bʌl.su.it̚.ket̚.tʃi]
내 생각엔 니가,9,[nɛ.sɛŋ.kak̚.en.ni.ka],[nɛ.sɛŋ.gak̚.en.ni.ga]
향해 총을 쏘았다,9,[hjaŋ.hɛ.tʃʰoŋ.ɯl.s͈o.at̚.ta],[hjaŋ.hɛ.tʃʰoŋ.ɯl.s͈o.at̚.ta]
하는게 좋을 것,9,[ha.nɯŋ.ke.tʃot̚.ɯl.kʌt̚],[ha.nɯŋ.ke.dʒot̚.ɯl.gʌt̚]
다들 술,9,[ta.tɯl.sul],[da.dɯl.sul]
아무도 말이,9,[a.mu.to.mal.i],[a.mu.do.mal.i]
허가 못,9,[hʌ.ka.mot̚],[hʌ.ga.mot̚]
잡히게 될,9,[tʃap̚.hi.ke.twel],[dʒap̚.hi.ge.dwel]
내가 보호해 줄게,9,[nɛ.ka.po.ho.hɛ.tʃul.ke],[nɛ.ga.bo.ho.hɛ.dʒul.ke]
벌 텐데,9,[pʌl.tʰen.te],[bʌl.tʰen.te]
하는데 나랑,9,[ha.nɯn.te.na.ɾaŋ],[ha.nɯn.te.na.ɾaŋ]
감염되기 전에,9,[kam.jʌn.twe.ki.tʃʌn.e],[gam.jʌn.twe.gi.dʒʌn.e]
하는데 너도,9,[ha.nɯn.te.nʌ.to],[ha.nɯn.te.nʌ.do]
관계를 잃을,9,[kwaŋ.kje.ɾɯl.il.ɯl],[gwaŋ.kje.ɾɯl.il.ɯl]
벌고 있는,9,[pʌl.ko.it̚.nɯn],[bʌl.ko.it̚.nɯn]
감염되면 안,9,[kam.jʌn.twe.mjʌn.an],[gam.jʌn.twe.mjʌn.an]
벌고 있지,9,[pʌl.ko.it̚.tʃi],[bʌl.ko.it̚.tʃi]
하는데 돈이,9,[ha.nɯn.te.ton.i],[ha.nɯn.te.don.i]
벌금이 부과됩니다,9,[pʌl.kɯm.i.pu.kwa.twep̚.ni.ta],[bʌl.kɯm.i.bu.gwa.dwep̚.ni.da]
허가 받았어요,9,[hʌ.ka.pat̚.at̚.ʌ.jo],[hʌ.ga.bat̚.at̚.ʌ.jo]
하는데 방금,9,[ha.nɯn.te.paŋ.kɯm],[ha.nɯn.te.baŋ.gɯm]
하는데 어떻게 해야,9,[ha.nɯn.te.ʌ.t͈ʌt̚.ke.hɛ.ja],[ha.nɯn.te.ʌ.t͈ʌt̚.ke.hɛ.ja]
허가를 안,9,[hʌ.ka.ɾɯl.an],[hʌ.ga.ɾɯl.an]
벌레가 있어,9,[pʌl.ɾe.ka.it̚.ʌ],[bʌl.ɾe.ga.it̚.ʌ]
하는데 오늘은,9,[ha.nɯn.te.o.nɯl.ɯn],[ha.nɯn.te.o.nɯl.ɯn]
하는데 요즘,9,[ha.nɯn.te.jo.tʃɯm],[ha.nɯn.te.jo.dʒɯm]
봤는데 그래,9,[pwat̚.nɯn.te.kɯ.ɾɛ],[bwat̚.nɯn.te.gɯ.ɾɛ]
허가할 수 없다,9,[hʌ.ka.hal.su.ʌp̚.ta],[hʌ.ga.hal.su.ʌp̚.ta]
아무도 모르라고 우리 두,9,[a.mu.to.mo.ɾɯ.ɾa.ko.u.ɾi.tu],[a.mu.do.mo.ɾɯ.ɾa.go.u.ɾi.du]
봤는데 날,9,[pwat̚.nɯn.te.nal],[bwat̚.nɯn.te.nal]
벌린 채,9,[pʌl.ɾin.tʃʰɛ],[bʌl.ɾin.tʃʰɛ]
하는데요 네,9,[ha.nɯn.te.jo.ne],[ha.nɯn.te.jo.ne]
이런 거 있잖아,9,[i.ɾʌŋ.kʌ.it̚.tʃan.a],[i.ɾʌn.gʌ.it̚.tʃan.a]
하는지 나는,9,[ha.nɯn.tʃi.na.nɯn],[ha.nɯn.tʃi.na.nɯn]
허공에 떠,9,[hʌ.koŋ.e.t͈ʌ],[hʌ.goŋ.e.t͈ʌ]
근처에 있지,9,[kɯn.tʃʰʌ.e.it̚.tʃi],[gɯn.tʃʰʌ.e.it̚.tʃi]
벌써 거의,9,[pʌl.s͈ʌ.kʌ.ɯi],[bʌl.s͈ʌ.gʌ.ɯi]
하는지 모르겠어 내가,9,[ha.nɯn.tʃi.mo.ɾɯ.ket̚.ʌ.nɛ.ka],[ha.nɯn.tʃi.mo.ɾɯ.get̚.ʌ.nɛ.ga]
고향을 위해,9,[ko.hjaŋ.ɯl.wi.hɛ],[go.hjaŋ.ɯl.wi.hɛ]
하는지 몰랐어,9,[ha.nɯn.tʃi.mol.ɾat̚.ʌ],[ha.nɯn.tʃi.mol.ɾat̚.ʌ]
하는지 보고,9,[ha.nɯn.tʃi.po.ko],[ha.nɯn.tʃi.bo.go]
하는지 보려고,9,[ha.nɯn.tʃi.po.ɾjʌ.ko],[ha.nɯn.tʃi.bo.ɾjʌ.go]
벌써 나한테,9,[pʌl.s͈ʌ.na.han.tʰe],[bʌl.s͈ʌ.na.han.tʰe]
봤는데 아무도,9,[pwat̚.nɯn.te.a.mu.to],[bwat̚.nɯn.te.a.mu.do]
하는지 아시오,9,[ha.nɯn.tʃi.a.si.o],[ha.nɯn.tʃi.a.si.o]
하는지 아실,9,[ha.nɯn.tʃi.a.sil],[ha.nɯn.tʃi.a.sil]
허락되지 않는,9,[hʌ.ɾak̚.twe.tʃi.an.nɯn],[hʌ.ɾak̚.twe.dʒi.an.nɯn]
내가 본 중 가장,9,[nɛ.ka.pon.tʃuŋ.ka.tʃaŋ],[nɛ.ga.bon.dʒuŋ.ga.dʒaŋ]
다들 두,9,[ta.tɯl.tu],[da.dɯl.du]
하는지 알게,9,[ha.nɯn.tʃi.al.ke],[ha.nɯn.tʃi.al.ke]
내 생각이 아니었어요,9,[nɛ.sɛŋ.kak̚.i.a.ni.ʌt̚.ʌ.jo],[nɛ.sɛŋ.gak̚.i.a.ni.ʌt̚.ʌ.jo]
벌써 다음,9,[pʌl.s͈ʌ.ta.ɯm],[bʌl.s͈ʌ.da.ɯm]
하는지 알아야 해,9,[ha.nɯn.tʃi.al.a.ja.hɛ],[ha.nɯn.tʃi.al.a.ja.hɛ]
관계에 대해 알고,9,[kwaŋ.kje.e.tɛ.hɛ.al.ko],[gwaŋ.kje.e.dɛ.hɛ.al.ko]
하는지 이제,9,[ha.nɯn.tʃi.i.tʃe],[ha.nɯn.tʃi.i.dʒe]
허락이 필요한,9,[hʌ.ɾak̚.i.pʰil.jo.han],[hʌ.ɾak̚.i.pʰil.jo.han]
하는지 이해가 안 돼,9,[ha.nɯn.tʃi.i.hɛ.ka.an.twɛ],[ha.nɯn.tʃi.i.hɛ.ga.an.dwɛ]
내 생각이었어요,9,[nɛ.sɛŋ.kak̚.i.ʌt̚.ʌ.jo],[nɛ.sɛŋ.gak̚.i.ʌt̚.ʌ.jo]
하는지는 알아요,9,[ha.nɯn.tʃi.nɯn.al.a.jo],[ha.nɯn.tʃi.nɯn.al.a.jo]
내 생명은,9,[nɛ.sɛŋ.mjʌŋ.ɯn],[nɛ.sɛŋ.mjʌŋ.ɯn]
감염될 거야,9,[kam.jʌn.twel.kʌ.ja],[gam.jʌn.twel.gʌ.ja]
벌써 몇 달,9,[pʌl.s͈ʌ.mjʌt̚.tal],[bʌl.s͈ʌ.mjʌt̚.dal]
하늘 위를,9,[ha.nɯl.wi.ɾɯl],[ha.nɯl.wi.ɾɯl]
벌써 몇 달째,9,[pʌl.s͈ʌ.mjʌt̚.tal.tʃ͈ɛ],[bʌl.s͈ʌ.mjʌt̚.dal.tʃ͈ɛ]
벌써 몇 번째야,9,[pʌl.s͈ʌ.mjʌt̚.pʌn.tʃ͈ɛ.ja],[bʌl.s͈ʌ.mjʌt̚.bʌn.tʃ͈ɛ.ja]
또 뭐 있지,9,[t͈o.mwʌ.it̚.tʃi],[t͈o.mwʌ.it̚.tʃi]
봤는데 지금,9,[pwat̚.nɯn.te.tʃi.kɯm],[bwat̚.nɯn.te.dʒi.gɯm]
흘린 거예요,9,[hɯl.ɾiŋ.kʌ.je.jo],[hɯl.ɾin.gʌ.je.jo]
허락한 것,9,[hʌ.ɾak̚.haŋ.kʌt̚],[hʌ.ɾak̚.han.gʌt̚]
허락할 거야,9,[hʌ.ɾak̚.hal.kʌ.ja],[hʌ.ɾak̚.hal.gʌ.ja]
허락할 리,9,[hʌ.ɾak̚.hal.ɾi],[hʌ.ɾak̚.hal.ɾi]
내 생에 단 한,9,[nɛ.sɛŋ.e.tan.han],[nɛ.sɛŋ.e.dan.han]
허락할 순,9,[hʌ.ɾak̚.hal.sun],[hʌ.ɾak̚.hal.sun]
허락해 달라고,9,[hʌ.ɾak̚.hɛ.tal.ɾa.ko],[hʌ.ɾak̚.hɛ.dal.ɾa.go]
벌써 시간이 이렇게 됐네,9,[pʌl.s͈ʌ.si.kan.i.i.ɾʌt̚.ke.twɛt̚.ne],[bʌl.s͈ʌ.si.gan.i.i.ɾʌt̚.ke.dwɛt̚.ne]
out right,9,,
벌써 얘기,9,[pʌl.s͈ʌ.jɛ.ki],[bʌl.s͈ʌ.jɛ.gi]
봤다 내,9,[pwat̚.ta.nɛ],[bwat̚.ta.nɛ]
벌써 왔네,9,[pʌl.s͈ʌ.wat̚.ne],[bʌl.s͈ʌ.wat̚.ne]
벌써 왔다,9,[pʌl.s͈ʌ.wat̚.ta],[bʌl.s͈ʌ.wat̚.ta]
내 서류 가방,9,[nɛ.sʌ.ɾju.ka.paŋ],[nɛ.sʌ.ɾju.ga.baŋ]
하니 너무,9,[ha.ni.nʌ.mu],[ha.ni.nʌ.mu]
내 서재에,9,[nɛ.sʌ.tʃɛ.e],[nɛ.sʌ.dʒɛ.e]
내 서재에서,9,[nɛ.sʌ.tʃɛ.e.sʌ],[nɛ.sʌ.dʒɛ.e.sʌ]
또 뭐여,9,[t͈o.mwʌ.jʌ],[t͈o.mwʌ.jʌ]
허세 가득한,9,[hʌ.se.ka.tɯk̚.han],[hʌ.se.ga.dɯk̚.han]
감염이 안,9,[kam.jʌm.i.an],[gam.jʌm.i.an]
하니까 말이야,9,[ha.ni.k͈a.mal.i.ja],[ha.ni.k͈a.mal.i.ja]
하니까 또,9,[ha.ni.k͈a.t͈o],[ha.ni.k͈a.t͈o]
하니까 안,9,[ha.ni.k͈a.an],[ha.ni.k͈a.an]
지금까지 받은,9,[tʃi.kɯm.k͈a.tʃi.pat̚.ɯn],[dʒi.gɯm.k͈a.dʒi.bat̚.ɯn]
관계자만 출입할 수 있습니다,9,[kwaŋ.kje.tʃa.man.tʃʰul.ip̚.hal.su.it̚.sɯp̚.ni.ta],[gwaŋ.kje.dʒa.man.tʃʰul.ip̚.hal.su.it̚.sɯp̚.ni.da]
하다 그건,9,[ha.ta.kɯ.kʌn],[ha.da.gɯ.gʌn]
하다 그럼,9,[ha.ta.kɯ.ɾʌm],[ha.da.gɯ.ɾʌm]
아무도 믿으면 안 돼,9,[a.mu.to.mit̚.ɯ.mjʌn.an.twɛ],[a.mu.do.mit̚.ɯ.mjʌn.an.dwɛ]
하다 그의,9,[ha.ta.kɯ.ɯi],[ha.da.gɯ.ɯi]
하다 넌,9,[ha.ta.nʌn],[ha.da.nʌn]
또 뭘 해야,9,[t͈o.mwʌl.hɛ.ja],[t͈o.mwʌl.hɛ.ja]
이런 게 또,9,[i.ɾʌŋ.ke.t͈o],[i.ɾʌn.ge.t͈o]
하다 만약,9,[ha.ta.man.jak̚],[ha.da.man.jak̚]
걸 알려줬어요,9,[kʌl.al.ɾjʌ.tʃwʌt̚.ʌ.jo],[gʌl.al.ɾjʌ.dʒwʌt̚.ʌ.jo]
내 성경,9,[nɛ.sʌŋ.kjʌŋ],[nɛ.sʌŋ.gjʌŋ]
하다 우리,9,[ha.ta.u.ɾi],[ha.da.u.ɾi]
벌어야 한다,9,[pʌl.ʌ.ja.han.ta],[bʌl.ʌ.ja.han.ta]
벌어야 한다고,9,[pʌl.ʌ.ja.han.ta.ko],[bʌl.ʌ.ja.han.ta.go]
벌어야 할,9,[pʌl.ʌ.ja.hal],[bʌl.ʌ.ja.hal]
벌어야 해요,9,[pʌl.ʌ.ja.hɛ.jo],[bʌl.ʌ.ja.hɛ.jo]
내가 봤어 내가,9,[nɛ.ka.pwat̚.ʌ.nɛ.ka],[nɛ.ga.bwat̚.ʌ.nɛ.ga]
이런 게 정말,9,[i.ɾʌŋ.ke.tʃʌŋ.mal],[i.ɾʌn.ge.dʒʌŋ.mal]
걸 알려줬지,9,[kʌl.al.ɾjʌ.tʃwʌt̚.tʃi],[gʌl.al.ɾjʌ.dʒwʌt̚.tʃi]
강제 침입 흔적이,9,[kaŋ.tʃe.tʃʰim.ip̚.hɯn.tʃʌk̚.i],[gaŋ.dʒe.tʃʰim.ip̚.hɯn.tʃʌk̚.i]
허준의 겁에 질린,9,[hʌ.tʃun.ɯi.kʌp̚.e.tʃil.ɾin],[hʌ.dʒun.ɯi.gʌp̚.e.dʒil.ɾin]
하더군요 c,9,[ha.tʌ.kun.jo],[ha.dʌ.gun.jo]
out there and,9,,
허준의 당황한,9,[hʌ.tʃun.ɯi.taŋ.hwaŋ.han],[hʌ.dʒun.ɯi.daŋ.hwaŋ.han]
감옥 가는 거,9,[kam.ok̚.ka.nɯŋ.kʌ],[gam.ok̚.ga.nɯn.gʌ]
곤경에 빠져,9,[koŋ.kjʌŋ.e.p͈a.tʃjʌ],[goŋ.kjʌŋ.e.p͈a.dʒjʌ]
벌어진 일 때문에,9,[pʌl.ʌ.tʃin.il.t͈ɛ.mun.e],[bʌl.ʌ.dʒin.il.t͈ɛ.mun.e]
하더라 이게,9,[ha.tʌ.ɾa.i.ke],[ha.dʌ.ɾa.i.ge]
곤경에 빠졌어요,9,[koŋ.kjʌŋ.e.p͈a.tʃjʌt̚.ʌ.jo],[goŋ.kjʌŋ.e.p͈a.dʒjʌt̚.ʌ.jo]
벌어질 겁니다,9,[pʌl.ʌ.tʃil.kʌp̚.ni.ta],[bʌl.ʌ.dʒil.gʌp̚.ni.da]
하던 때가,9,[ha.tʌn.t͈ɛ.ka],[ha.dʌn.t͈ɛ.ga]
내 셔츠에,9,[nɛ.sjʌ.tʃʰɯ.e],[nɛ.sjʌ.tʃʰɯ.e]
허튼수작 부리지 마,9,[hʌ.tʰɯn.su.tʃak̚.pu.ɾi.tʃi.ma],[hʌ.tʰɯn.su.dʒak̚.bu.ɾi.dʒi.ma]
허튼짓 하지,9,[hʌ.tʰɯn.tʃit̚.ha.tʃi],[hʌ.tʰɯn.tʃit̚.ha.dʒi]
벌은 안,9,[pʌl.ɯn.an],[bʌl.ɯn.an]
하면 끝나는,9,[ha.mjʌŋ.k͈ɯt̚.na.nɯn],[ha.mjʌŋ.k͈ɯt̚.na.nɯn]
벌을 받는지,9,[pʌl.ɯl.pat̚.nɯn.tʃi],[bʌl.ɯl.bat̚.nɯn.tʃi]
헉헉대는 소리,9,[hʌk̚.hʌk̚.tɛ.nɯn.so.ɾi],[hʌk̚.hʌk̚.tɛ.nɯn.so.ɾi]
또 봐 안녕,9,[t͈o.pwa.an.njʌŋ],[t͈o.bwa.an.njʌŋ]
하도록 하게,9,[ha.to.ɾok̚.ha.ke],[ha.do.ɾok̚.ha.ge]
감옥 갈 일,9,[kam.ok̚.kal.il],[gam.ok̚.gal.il]
벌을 줘야,9,[pʌl.ɯl.tʃwʌ.ja],[bʌl.ɯl.dʒwʌ.ja]
지금까지 전,9,[tʃi.kɯm.k͈a.tʃi.tʃʌn],[dʒi.gɯm.k͈a.dʒi.dʒʌn]
헌터 씨,9,[hʌn.tʰʌ.s͈i],[hʌn.tʰʌ.s͈i]
또 뵈어요,9,[t͈o.pwe.ʌ.jo],[t͈o.bwe.ʌ.jo]
하든 뭐든,9,[ha.tɯn.mwʌ.tɯn],[ha.dɯn.mwʌ.dɯn]
험한 세상에,9,[hʌm.han.se.saŋ.e],[hʌm.han.se.saŋ.e]
하든 안하든,9,[ha.tɯn.an.ha.tɯn],[ha.dɯn.an.ha.dɯn]
하디 박사님이,9,[ha.ti.pak̚.sa.nim.i],[ha.di.bak̚.sa.nim.i]
하라고 돈,9,[ha.ɾa.ko.ton],[ha.ɾa.go.don]
하라고 말했다,9,[ha.ɾa.ko.mal.hɛt̚.ta],[ha.ɾa.go.mal.hɛt̚.ta]
벌컨 과학,9,[pʌl.kʰʌŋ.kwa.hak̚],[bʌl.kʰʌn.gwa.hak̚]
관둔 거야,9,[kwan.tuŋ.kʌ.ja],[gwan.tun.gʌ.ja]
봤어 다들,9,[pwat̚.ʌ.ta.tɯl],[bwat̚.ʌ.da.dɯl]
out to the,9,,
헛된 희망은,9,[hʌt̚.twen.hɯi.maŋ.ɯn],[hʌt̚.twen.hɯi.maŋ.ɯn]
범벅이 되어,9,[pʌm.pʌk̚.i.twe.ʌ],[bʌm.pʌk̚.i.dwe.ʌ]
헛물켜지 마,9,[hʌt̚.mul.kʰjʌ.tʃi.ma],[hʌt̚.mul.kʰjʌ.dʒi.ma]
글러 먹었어,9,[kɯl.ɾʌ.mʌk̚.ʌt̚.ʌ],[gɯl.ɾʌ.mʌk̚.ʌt̚.ʌ]
감옥 생활은,9,[kam.ok̚.sɛŋ.hwal.ɯn],[gam.ok̚.sɛŋ.hwal.ɯn]
내 손녀는,9,[nɛ.son.njʌ.nɯn],[nɛ.son.njʌ.nɯn]
내 손녀야,9,[nɛ.son.njʌ.ja],[nɛ.son.njʌ.ja]
하라는대로 해,9,[ha.ɾa.nɯn.tɛ.ɾo.hɛ],[ha.ɾa.nɯn.tɛ.ɾo.hɛ]
out walkin'',9,,
하러 가야지,9,[ha.ɾʌ.ka.ja.tʃi],[ha.ɾʌ.ga.ja.dʒi]
하러 가자고,9,[ha.ɾʌ.ka.tʃa.ko],[ha.ɾʌ.ga.dʒa.go]
곤란하게 하고 싶지,9,[kol.lan.ha.ke.ha.ko.sip̚.tʃi],[gol.lan.ha.ge.ha.go.sip̚.tʃi]
범인 수색을,9,[pʌm.in.su.sɛk̚.ɯl],[bʌm.in.su.sɛk̚.ɯl]
범인 수색이,9,[pʌm.in.su.sɛk̚.i],[bʌm.in.su.sɛk̚.i]
이런 냄새,9,[i.ɾʌn.nɛm.sɛ],[i.ɾʌn.nɛm.sɛ]
하러 갈까,9,[ha.ɾʌ.kal.k͈a],[ha.ɾʌ.gal.k͈a]
이런 내용이,9,[i.ɾʌn.nɛ.joŋ.i],[i.ɾʌn.nɛ.joŋ.i]
아무도 안 다쳐,9,[a.mu.to.an.ta.tʃʰjʌ],[a.mu.do.an.da.tʃʰjʌ]
곤란하게 하려는,9,[kol.lan.ha.ke.ha.ɾjʌ.nɯn],[gol.lan.ha.ge.ha.ɾjʌ.nɯn]
이런 놈,9,[i.ɾʌn.nom],[i.ɾʌn.nom]
난 몸,9,[nan.mom],[nan.mom]
범인과 아는,9,[pʌm.iŋ.kwa.a.nɯn],[bʌm.iŋ.kwa.a.nɯn]
내 손에 있어,9,[nɛ.son.e.it̚.ʌ],[nɛ.son.e.it̚.ʌ]
하려 한다면,9,[ha.ɾjʌ.han.ta.mjʌn],[ha.ɾjʌ.han.ta.mjʌn]
범인은 그녀를,9,[pʌm.in.ɯŋ.kɯ.njʌ.ɾɯl],[bʌm.in.ɯn.gɯ.njʌ.ɾɯl]
범인은 그의,9,[pʌm.in.ɯŋ.kɯ.ɯi],[bʌm.in.ɯn.gɯ.ɯi]
범인은 두,9,[pʌm.in.ɯn.tu],[bʌm.in.ɯn.du]
내 손에 피를,9,[nɛ.son.e.pʰi.ɾɯl],[nɛ.son.e.pʰi.ɾɯl]
내 손에도,9,[nɛ.son.e.to],[nɛ.son.e.do]
범인은 분명히,9,[pʌm.in.ɯm.pun.mjʌŋ.hi],[bʌm.in.ɯn.bun.mjʌŋ.hi]
하려고 노력하고 있다,9,[ha.ɾjʌ.ko.no.ɾjʌk̚.ha.ko.it̚.ta],[ha.ɾjʌ.go.no.ɾjʌk̚.ha.go.it̚.ta]
범인은 시체를,9,[pʌm.in.ɯn.si.tʃʰe.ɾɯl],[bʌm.in.ɯn.si.tʃʰe.ɾɯl]
이런 다들,9,[i.ɾʌn.ta.tɯl],[i.ɾʌn.da.dɯl]
이런 노래,9,[i.ɾʌn.no.ɾɛ],[i.ɾʌn.no.ɾɛ]
하려고 얼마나,9,[ha.ɾjʌ.ko.ʌl.ma.na],[ha.ɾjʌ.go.ʌl.ma.na]
헤로인 중독,9,[he.ɾo.in.tʃuŋ.tok̚],[he.ɾo.in.dʒuŋ.dok̚]
is my life,9,,
곤란한 상황이에요,9,[kol.lan.han.saŋ.hwaŋ.i.e.jo],[gol.lan.han.saŋ.hwaŋ.i.e.jo]
헤매고 있습니다,9,[he.mɛ.ko.it̚.sɯp̚.ni.ta],[he.mɛ.go.it̚.sɯp̚.ni.da]
하려고 하는거야,9,[ha.ɾjʌ.ko.ha.nɯŋ.kʌ.ja],[ha.ɾjʌ.go.ha.nɯŋ.kʌ.ja]
하려고 하잖아,9,[ha.ɾjʌ.ko.ha.tʃan.a],[ha.ɾjʌ.go.ha.dʒan.a]
이런 대화도,9,[i.ɾʌn.tɛ.hwa.to],[i.ɾʌn.dɛ.hwa.do]
하려고 하지마,9,[ha.ɾjʌ.ko.ha.tʃi.ma],[ha.ɾjʌ.go.ha.dʒi.ma]
범인을 잡겠다고,9,[pʌm.in.ɯl.tʃap̚.ket̚.ta.ko],[bʌm.in.ɯl.dʒap̚.ket̚.ta.go]
하려고 한다고,9,[ha.ɾjʌ.ko.han.ta.ko],[ha.ɾjʌ.go.han.ta.go]
이런 대화를 할,9,[i.ɾʌn.tɛ.hwa.ɾɯl.hal],[i.ɾʌn.dɛ.hwa.ɾɯl.hal]
범인을 잡도록,9,[pʌm.in.ɯl.tʃap̚.to.ɾok̚],[bʌm.in.ɯl.dʒap̚.to.ɾok̚]
범인을 잡으려면,9,[pʌm.in.ɯl.tʃap̚.ɯ.ɾjʌ.mjʌn],[bʌm.in.ɯl.dʒap̚.ɯ.ɾjʌ.mjʌn]
하려고 했던 말은,9,[ha.ɾjʌ.ko.hɛt̚.tʌn.mal.ɯn],[ha.ɾjʌ.go.hɛt̚.tʌn.mal.ɯn]
내 손을 잡을 수,9,[nɛ.son.ɯl.tʃap̚.ɯl.su],[nɛ.son.ɯl.dʒap̚.ɯl.su]
하려는 거군요,9,[ha.ɾjʌ.nɯŋ.kʌ.kun.jo],[ha.ɾjʌ.nɯn.gʌ.gun.jo]
하려는 거면,9,[ha.ɾjʌ.nɯŋ.kʌ.mjʌn],[ha.ɾjʌ.nɯn.gʌ.mjʌn]
헤어졌어 내가,9,[he.ʌ.tʃjʌt̚.ʌ.nɛ.ka],[he.ʌ.dʒjʌt̚.ʌ.nɛ.ga]
하려는 건 아냐,9,[ha.ɾjʌ.nɯŋ.kʌn.a.nja],[ha.ɾjʌ.nɯn.gʌn.a.nja]
하려는 건 아니겠지,9,[ha.ɾjʌ.nɯŋ.kʌn.a.ni.ket̚.tʃi],[ha.ɾjʌ.nɯn.gʌn.a.ni.get̚.tʃi]
이런 데서는,9,[i.ɾʌn.te.sʌ.nɯn],[i.ɾʌn.de.sʌ.nɯn]
하려는 말이 뭐야,9,[ha.ɾjʌ.nɯn.mal.i.mwʌ.ja],[ha.ɾjʌ.nɯn.mal.i.mwʌ.ja]
하려는 일에,9,[ha.ɾjʌ.nɯn.il.e],[ha.ɾjʌ.nɯn.il.e]
아무도 어떻게,9,[a.mu.to.ʌ.t͈ʌt̚.ke],[a.mu.do.ʌ.t͈ʌt̚.ke]
내 손톱,9,[nɛ.son.tʰop̚],[nɛ.son.tʰop̚]
하려는지 알아요,9,[ha.ɾjʌ.nɯn.tʃi.al.a.jo],[ha.ɾjʌ.nɯn.tʃi.al.a.jo]
하려던 거지,9,[ha.ɾjʌ.tʌŋ.kʌ.tʃi],[ha.ɾjʌ.dʌn.gʌ.dʒi]
헤어 스타일,9,[he.ʌ.sɯ.tʰa.il],[he.ʌ.sɯ.tʰa.il]
내 쇼를,9,[nɛ.sjo.ɾɯl],[nɛ.sjo.ɾɯl]
범인이 또,9,[pʌm.in.i.t͈o],[bʌm.in.i.t͈o]
내 수술실에서,9,[nɛ.su.sul.sil.e.sʌ],[nɛ.su.sul.sil.e.sʌ]
이런 말 하고 싶진,9,[i.ɾʌn.mal.ha.ko.sip̚.tʃin],[i.ɾʌn.mal.ha.go.sip̚.tʃin]
하려면 제대로 해야지,9,[ha.ɾjʌ.mjʌn.tʃe.tɛ.ɾo.hɛ.ja.tʃi],[ha.ɾjʌ.mjʌn.dʒe.dɛ.ɾo.hɛ.ja.dʒi]
그냥 도우려고,9,[kɯ.njaŋ.to.u.ɾjʌ.ko],[gɯ.njaŋ.do.u.ɾjʌ.go]
범인이 여기,9,[pʌm.in.i.jʌ.ki],[bʌm.in.i.jʌ.gi]
내가 사건,9,[nɛ.ka.sa.kʌn],[nɛ.ga.sa.gʌn]
하루 만에 다,9,[ha.ɾu.man.e.ta],[ha.ɾu.man.e.da]
하루 반나절,9,[ha.ɾu.pan.na.tʃʌl],[ha.ɾu.ban.na.dʒʌl]
하루 보내게,9,[ha.ɾu.po.nɛ.ke],[ha.ɾu.bo.nɛ.ge]
범인이 한,9,[pʌm.in.i.han],[bʌm.in.i.han]
이런 말 한 적,9,[i.ɾʌn.mal.han.tʃʌk̚],[i.ɾʌn.mal.han.dʒʌk̚]
하루 쉬고,9,[ha.ɾu.swi.ko],[ha.ɾu.swi.go]
감옥에 가는 게,9,[kam.ok̚.e.ka.nɯŋ.ke],[gam.ok̚.e.ga.nɯn.ge]
하루 어땠니,9,[ha.ɾu.ʌ.t͈ɛt̚.ni],[ha.ɾu.ʌ.t͈ɛt̚.ni]
하루 였어,9,[ha.ɾu.jʌt̚.ʌ],[ha.ɾu.jʌt̚.ʌ]
범인이라면 왜,9,[pʌm.in.i.ɾa.mjʌn.wɛ],[bʌm.in.i.ɾa.mjʌn.wɛ]
내 숙소에서,9,[nɛ.suk̚.so.e.sʌ],[nɛ.suk̚.so.e.sʌ]
범인인 건,9,[pʌm.in.iŋ.kʌn],[bʌm.in.in.gʌn]
헤이 이든,9,[he.i.i.tɯn],[he.i.i.dɯn]
좀 바꿀,9,[tʃom.pa.k͈ul],[dʒom.ba.k͈ul]
곧 갈 거예요,9,[kot̚.kal.kʌ.je.jo],[got̚.gal.gʌ.je.jo]
하루 전인데,9,[ha.ɾu.tʃʌn.in.te],[ha.ɾu.dʒʌn.in.te]
내 술은,9,[nɛ.sul.ɯn],[nɛ.sul.ɯn]
곧 갈 겁니다,9,[kot̚.kal.kʌp̚.ni.ta],[got̚.gal.gʌp̚.ni.da]
and listen,9,,
지금도 봐,9,[tʃi.kɯn.to.pwa],[dʒi.gɯn.to.bwa]
난 못 본,9,[nan.mot̚.pon],[nan.mot̚.bon]
봤어요 누가,9,[pwat̚.ʌ.jo.nu.ka],[bwat̚.ʌ.jo.nu.ga]
하루 평균,9,[ha.ɾu.pʰjʌŋ.kjun],[ha.ɾu.pʰjʌŋ.gjun]
헤일리 가격,9,[he.il.ɾi.ka.kjʌk̚],[he.il.ɾi.ga.gjʌk̚]
내 스스로에게,9,[nɛ.sɯ.sɯ.ɾo.e.ke],[nɛ.sɯ.sɯ.ɾo.e.ge]
지금도 이,9,[tʃi.kɯn.to.i],[dʒi.gɯn.to.i]
곧 갈께,9,[kot̚.kal.k͈e],[got̚.gal.k͈e]
하루는 그,9,[ha.ɾu.nɯŋ.kɯ],[ha.ɾu.nɯn.gɯ]
내 스케줄,9,[nɛ.sɯ.kʰe.tʃul],[nɛ.sɯ.kʰe.dʒul]
하루도 못 버텨,9,[ha.ɾu.to.mot̚.pʌ.tʰjʌ],[ha.ɾu.do.mot̚.bʌ.tʰjʌ]
헤쳐 나가야,9,[he.tʃʰjʌ.na.ka.ja],[he.tʃʰjʌ.na.ga.ja]
다들 잘 들어라,9,[ta.tɯl.tʃal.tɯl.ʌ.ɾa],[da.dɯl.dʒal.dɯl.ʌ.ɾa]
범죄 행위가,9,[pʌn.tʃwe.hɛŋ.wi.ka],[bʌn.tʃwe.hɛŋ.wi.ga]
봤어요 뭔가,9,[pwat̚.ʌ.jo.mwʌŋ.ka],[bwat̚.ʌ.jo.mwʌŋ.ka]
이런 말을 해서,9,[i.ɾʌn.mal.ɯl.hɛ.sʌ],[i.ɾʌn.mal.ɯl.hɛ.sʌ]
이런 말을 해도,9,[i.ɾʌn.mal.ɯl.hɛ.to],[i.ɾʌn.mal.ɯl.hɛ.do]
범죄 현장에 있던,9,[pʌn.tʃwe.hjʌn.tʃaŋ.e.it̚.tʌn],[bʌn.tʃwe.hjʌn.tʃaŋ.e.it̚.tʌn]
하루에 한 번씩,9,[ha.ɾu.e.ham.pʌn.s͈ik̚],[ha.ɾu.e.han.bʌn.s͈ik̚]
내 스포츠,9,[nɛ.sɯ.pʰo.tʃʰɯ],[nɛ.sɯ.pʰo.tʃʰɯ]
헤픈 여자,9,[he.pʰɯn.jʌ.tʃa],[he.pʰɯn.jʌ.dʒa]
범죄 혐의로,9,[pʌn.tʃwe.hjʌm.ɯi.ɾo],[bʌn.tʃwe.hjʌm.ɯi.ɾo]
관련 있는 거,9,[kwal.ljʌn.it̚.nɯŋ.kʌ],[gwal.ljʌn.it̚.nɯn.gʌ]
범죄를 소탕하는,9,[pʌn.tʃwe.ɾɯl.so.tʰaŋ.ha.nɯn],[bʌn.tʃwe.ɾɯl.so.tʰaŋ.ha.nɯn]
헨리 하지만,9,[hel.li.ha.tʃi.man],[hel.li.ha.dʒi.man]
헨리 폐하,9,[hel.li.pʰje.ha],[hel.li.pʰje.ha]
범죄를 저지르기,9,[pʌn.tʃwe.ɾɯl.tʃʌ.tʃi.ɾɯ.ki],[bʌn.tʃwe.ɾɯl.dʒʌ.dʒi.ɾɯ.gi]
범죄를 저지르다,9,[pʌn.tʃwe.ɾɯl.tʃʌ.tʃi.ɾɯ.ta],[bʌn.tʃwe.ɾɯl.dʒʌ.dʒi.ɾɯ.da]
back on him,9,,
또 얘기해,9,[t͈o.jɛ.ki.hɛ],[t͈o.jɛ.gi.hɛ]
헨리는 내,9,[hel.li.nɯn.nɛ],[hel.li.nɯn.nɛ]
범죄를 저질러서,9,[pʌn.tʃwe.ɾɯl.tʃʌ.tʃil.ɾʌ.sʌ],[bʌn.tʃwe.ɾɯl.dʒʌ.dʒil.ɾʌ.sʌ]
범죄를 저질렀어요,9,[pʌn.tʃwe.ɾɯl.tʃʌ.tʃil.ɾʌt̚.ʌ.jo],[bʌn.tʃwe.ɾɯl.dʒʌ.dʒil.ɾʌt̚.ʌ.jo]
내 시계가,9,[nɛ.si.kje.ka],[nɛ.si.gje.ga]
헬러 대통령,9,[hel.ɾʌ.tɛ.tʰoŋ.ɾjʌŋ],[hel.ɾʌ.dɛ.tʰoŋ.ɾjʌŋ]
하며 살,9,[ha.mjʌ.sal],[ha.mjʌ.sal]
이런 모습일,9,[i.ɾʌn.mo.sɯp̚.il],[i.ɾʌn.mo.sɯp̚.il]
또 어디 갔어,9,[t͈o.ʌ.ti.kat̚.ʌ],[t͈o.ʌ.di.gat̚.ʌ]
내 시를,9,[nɛ.si.ɾɯl],[nɛ.si.ɾɯl]
범죄인 인도조약,9,[pʌn.tʃwe.in.in.to.tʃo.jak̚],[bʌn.tʃwe.in.in.to.dʒo.jak̚]
내 시야를,9,[nɛ.si.ja.ɾɯl],[nɛ.si.ja.ɾɯl]
이런 문자,9,[i.ɾʌn.mun.tʃa],[i.ɾʌn.mun.tʃa]
하면 나쁜,9,[ha.mjʌn.na.p͈ɯn],[ha.mjʌn.na.p͈ɯn]
또 어때 내일,9,[t͈o.ʌ.t͈ɛ.nɛ.il],[t͈o.ʌ.t͈ɛ.nɛ.il]
내가 사랑하는 남자는,9,[nɛ.ka.sa.ɾaŋ.ha.nɯn.nan.tʃa.nɯn],[nɛ.ga.sa.ɾaŋ.ha.nɯn.nan.tʃa.nɯn]
관련 있을 거야,9,[kwal.ljʌn.it̚.ɯl.kʌ.ja],[gwal.ljʌn.it̚.ɯl.gʌ.ja]
감옥에 간다고요,9,[kam.ok̚.e.kan.ta.ko.jo],[gam.ok̚.e.gan.ta.go.jo]
범행 사실을,9,[pʌm.hɛŋ.sa.sil.ɯl],[bʌm.hɛŋ.sa.sil.ɯl]
난 못 해 난,9,[nan.mot̚.hɛ.nan],[nan.mot̚.hɛ.nan]
경력에 큰,9,[kjʌŋ.ɾjʌk̚.e.kʰɯn],[gjʌŋ.ɾjʌk̚.e.kʰɯn]
봤을 거에요,9,[pwat̚.ɯl.kʌ.e.jo],[bwat̚.ɯl.gʌ.e.jo]
범행 시간,9,[pʌm.hɛŋ.si.kan],[bʌm.hɛŋ.si.gan]
하면 되거든,9,[ha.mjʌn.twe.kʌ.tɯn],[ha.mjʌn.dwe.gʌ.dɯn]
이런 방법도,9,[i.ɾʌm.pam.pʌp̚.to],[i.ɾʌn.baŋ.bʌp̚.to]
곧 그쪽으로,9,[kot̚.kɯ.tʃ͈ok̚.ɯ.ɾo],[got̚.gɯ.tʃ͈ok̚.ɯ.ɾo]
이런 방에,9,[i.ɾʌm.paŋ.e],[i.ɾʌn.baŋ.e]
이런 법이 어딨어요,9,[i.ɾʌm.pʌp̚.i.ʌ.tit̚.ʌ.jo],[i.ɾʌn.bʌp̚.i.ʌ.dit̚.ʌ.jo]
하면 둘 다,9,[ha.mjʌn.tul.ta],[ha.mjʌn.dul.da]
내 신성한,9,[nɛ.sin.sʌŋ.han],[nɛ.sin.sʌŋ.han]
내 신용,9,[nɛ.sin.joŋ],[nɛ.sin.joŋ]
곧 깨어날 거야,9,[kot̚.k͈ɛ.ʌ.nal.kʌ.ja],[got̚.k͈ɛ.ʌ.nal.gʌ.ja]
법 알려줄게,9,[pʌp̚.al.ɾjʌ.tʃul.ke],[bʌp̚.al.ɾjʌ.dʒul.ke]
하면 뭘,9,[ha.mjʌn.mwʌl],[ha.mjʌn.mwʌl]
법 정의,9,[pʌp̚.tʃʌŋ.ɯi],[bʌp̚.dʒʌŋ.ɯi]
이런 비슷한,9,[i.ɾʌm.pi.sɯt̚.han],[i.ɾʌn.bi.sɯt̚.han]
하면 안 돼 내가,9,[ha.mjʌn.an.twɛ.nɛ.ka],[ha.mjʌn.an.dwɛ.nɛ.ga]
하면 안 되는 거야,9,[ha.mjʌn.an.twe.nɯŋ.kʌ.ja],[ha.mjʌn.an.dwe.nɯn.gʌ.ja]
하면 안 되잖아,9,[ha.mjʌn.an.twe.tʃan.a],[ha.mjʌn.an.dwe.dʒan.a]
내 실수 때문에,9,[nɛ.sil.su.t͈ɛ.mun.e],[nɛ.sil.su.t͈ɛ.mun.e]
하면 안 된다는 걸,9,[ha.mjʌn.an.twen.ta.nɯŋ.kʌl],[ha.mjʌn.an.dwen.ta.nɯn.gʌl]
내 실수가,9,[nɛ.sil.su.ka],[nɛ.sil.su.ga]
하면 안 됩니까,9,[ha.mjʌn.an.twep̚.ni.k͈a],[ha.mjʌn.an.dwep̚.ni.k͈a]
하면 어디가,9,[ha.mjʌn.ʌ.ti.ka],[ha.mjʌn.ʌ.di.ga]
법도 알고,9,[pʌp̚.to.al.ko],[bʌp̚.to.al.ko]
아무도 정말로,9,[a.mu.to.tʃʌŋ.mal.ɾo],[a.mu.do.dʒʌŋ.mal.ɾo]
아무도 접근할,9,[a.mu.to.tʃʌp̚.kɯn.hal],[a.mu.do.dʒʌp̚.kɯn.hal]
걸 알아냈지,9,[kʌl.al.a.nɛt̚.tʃi],[gʌl.al.a.nɛt̚.tʃi]
이런 사람입니다,9,[i.ɾʌn.sa.ɾam.ip̚.ni.ta],[i.ɾʌn.sa.ɾam.ip̚.ni.da]
내 실패를,9,[nɛ.sil.pʰɛ.ɾɯl],[nɛ.sil.pʰɛ.ɾɯl]
곧 끝이야,9,[kot̚.k͈ɯt̚.i.ja],[got̚.k͈ɯt̚.i.ja]
관련 질문,9,[kwal.ljʌn.tʃil.mun],[gwal.ljʌn.dʒil.mun]
하면 자기,9,[ha.mjʌn.tʃa.ki],[ha.mjʌn.dʒa.gi]
하면 잘할,9,[ha.mjʌn.tʃal.hal],[ha.mjʌn.dʒal.hal]
법안 때문에,9,[pʌp̚.an.t͈ɛ.mun.e],[bʌp̚.an.t͈ɛ.mun.e]
법에 관한,9,[pʌp̚.e.kwan.han],[bʌp̚.e.gwan.han]
지금은 괜찮지만,9,[tʃi.kɯm.ɯŋ.kwɛn.tʃʰan.tʃi.man],[dʒi.gɯm.ɯn.gwɛn.tʃʰan.tʃi.man]
현금이 없어,9,[hjʌŋ.kɯm.i.ʌp̚.ʌ],[hjʌŋ.kɯm.i.ʌp̚.ʌ]
곧 나는,9,[kot̚.na.nɯn],[got̚.na.nɯn]
하면 큰일,9,[ha.mjʌŋ.kʰɯn.il],[ha.mjʌŋ.kʰɯn.il]
하면 할 수,9,[ha.mjʌn.hal.su],[ha.mjʌn.hal.su]
봤자 뭐,9,[pwat̚.tʃa.mwʌ],[bwat̚.tʃa.mwʌ]
내 쓰레기통,9,[nɛ.s͈ɯ.ɾe.ki.tʰoŋ],[nɛ.s͈ɯ.ɾe.gi.tʰoŋ]
이런 상황이면,9,[i.ɾʌn.saŋ.hwaŋ.i.mjʌn],[i.ɾʌn.saŋ.hwaŋ.i.mjʌn]
봤자 아무 소용,9,[pwat̚.tʃa.a.mu.so.joŋ],[bwat̚.tʃa.a.mu.so.joŋ]
하면서 막,9,[ha.mjʌn.sʌ.mak̚],[ha.mjʌn.sʌ.mak̚]
하면서 무슨,9,[ha.mjʌn.sʌ.mu.sɯn],[ha.mjʌn.sʌ.mu.sɯn]
봤자 안,9,[pwat̚.tʃa.an],[bwat̚.tʃa.an]
하면서 한,9,[ha.mjʌn.sʌ.han],[ha.mjʌn.sʌ.han]
현대 세계에서,9,[hjʌn.tɛ.se.kje.e.sʌ],[hjʌn.tɛ.se.gje.e.sʌ]
이런 생각이 드는,9,[i.ɾʌn.sɛŋ.kak̚.i.tɯ.nɯn],[i.ɾʌn.sɛŋ.gak̚.i.dɯ.nɯn]
법을 가르쳐줬어요,9,[pʌp̚.ɯl.ka.ɾɯ.tʃʰjʌ.tʃwʌt̚.ʌ.jo],[bʌp̚.ɯl.ga.ɾɯ.tʃʰjʌ.dʒwʌt̚.ʌ.jo]
하선의 다급한 숨소리,9,[ha.sʌn.ɯi.ta.kɯp̚.han.sum.so.ɾi],[ha.sʌn.ɯi.da.gɯp̚.han.sum.so.ɾi]
지금은 그런 생각,9,[tʃi.kɯm.ɯŋ.kɯ.ɾʌn.sɛŋ.kak̚],[dʒi.gɯm.ɯn.gɯ.ɾʌn.sɛŋ.gak̚]
현명한 자는,9,[hjʌn.mjʌŋ.han.tʃa.nɯn],[hjʌn.mjʌŋ.han.dʒa.nɯn]
하세요 다,9,[ha.se.jo.ta],[ha.se.jo.da]
현상금 걸린,9,[hjʌn.saŋ.kɯm.kʌl.ɾin],[hjʌn.saŋ.gɯm.gʌl.ɾin]
하세요 선생님,9,[ha.se.jo.sʌn.sɛŋ.nim],[ha.se.jo.sʌn.sɛŋ.nim]
내가 살 테니까,9,[nɛ.ka.sal.tʰe.ni.k͈a],[nɛ.ga.sal.tʰe.ni.k͈a]
글쎄요 오늘,9,[kɯl.s͈e.jo.o.nɯl],[gɯl.s͈e.jo.o.nɯl]
법을 배운다,9,[pʌp̚.ɯl.pɛ.un.ta],[bʌp̚.ɯl.bɛ.un.ta]
또 원하는,9,[t͈o.wʌn.ha.nɯn],[t͈o.wʌn.ha.nɯn]
하세요 어떻게,9,[ha.se.jo.ʌ.t͈ʌt̚.ke],[ha.se.jo.ʌ.t͈ʌt̚.ke]
내 아내를 죽이고,9,[nɛ.a.nɛ.ɾɯl.tʃuk̚.i.ko],[nɛ.a.nɛ.ɾɯl.dʒuk̚.i.go]
하세요 여긴,9,[ha.se.jo.jʌ.kin],[ha.se.jo.jʌ.gin]
법을 배워야 할,9,[pʌp̚.ɯl.pɛ.wʌ.ja.hal],[bʌp̚.ɯl.bɛ.wʌ.ja.hal]
하세요 우린,9,[ha.se.jo.u.ɾin],[ha.se.jo.u.ɾin]
over the rainbow,9,,
The kind,9,,
현서의 거친 숨소리,9,[hjʌn.sʌ.ɯi.kʌ.tʃʰin.sum.so.ɾi],[hjʌn.sʌ.ɯi.gʌ.tʃʰin.sum.so.ɾi]
하셔도 되요,9,[ha.sjʌ.to.twe.jo],[ha.sjʌ.do.dwe.jo]
법을 알거든,9,[pʌp̚.ɯl.al.kʌ.tɯn],[bʌp̚.ɯl.al.kʌ.dɯn]
봤죠 전,9,[pwat̚.tʃjo.tʃʌn],[bwat̚.tʃjo.dʒʌn]
이런 식으로 가다가는,9,[i.ɾʌn.sik̚.ɯ.ɾo.ka.ta.ka.nɯn],[i.ɾʌn.sik̚.ɯ.ɾo.ga.da.ga.nɯn]
법을 알려줬어,9,[pʌp̚.ɯl.al.ɾjʌ.tʃwʌt̚.ʌ],[bʌp̚.ɯl.al.ɾjʌ.dʒwʌt̚.ʌ]
하셨어 하지만,9,[ha.sjʌt̚.ʌ.ha.tʃi.man],[ha.sjʌt̚.ʌ.ha.dʒi.man]
이런 식으로 알게,9,[i.ɾʌn.sik̚.ɯ.ɾo.al.ke],[i.ɾʌn.sik̚.ɯ.ɾo.al.ke]
법을 어겼으니,9,[pʌp̚.ɯl.ʌ.kjʌt̚.ɯ.ni],[bʌp̚.ɯl.ʌ.gjʌt̚.ɯ.ni]
하셨어요 정말,9,[ha.sjʌt̚.ʌ.jo.tʃʌŋ.mal],[ha.sjʌt̚.ʌ.jo.dʒʌŋ.mal]
하셨잖아요 네,9,[ha.sjʌt̚.tʃan.a.jo.ne],[ha.sjʌt̚.tʃan.a.jo.ne]
하셨죠 그래서,9,[ha.sjʌt̚.tʃjo.kɯ.ɾɛ.sʌ],[ha.sjʌt̚.tʃjo.gɯ.ɾɛ.sʌ]
내 아들 앞에서,9,[nɛ.a.tɯl.ap̚.e.sʌ],[nɛ.a.dɯl.ap̚.e.sʌ]
현실 감각을,9,[hjʌn.sil.kam.kak̚.ɯl],[hjʌn.sil.gam.kak̚.ɯl]
이런 신발,9,[i.ɾʌn.sim.pal],[i.ɾʌn.sim.pal]
내 아들 중,9,[nɛ.a.tɯl.tʃuŋ],[nɛ.a.dɯl.dʒuŋ]
하시네요 전,9,[ha.si.ne.jo.tʃʌn],[ha.si.ne.jo.dʒʌn]
법이 아니라,9,[pʌp̚.i.a.ni.ɾa],[bʌp̚.i.a.ni.ɾa]
관련된 거지,9,[kwal.ljʌn.tweŋ.kʌ.tʃi],[gwal.ljʌn.twen.gʌ.dʒi]
글씨를 쓱쓱,9,[kɯl.s͈i.ɾɯl.s͈ɯk̚.s͈ɯk̚],[gɯl.s͈i.ɾɯl.s͈ɯk̚.s͈ɯk̚]
이런 아,9,[i.ɾʌn.a],[i.ɾʌn.a]
법이 없었지,9,[pʌp̚.i.ʌp̚.ʌt̚.tʃi],[bʌp̚.i.ʌp̚.ʌt̚.tʃi]
현실을 봐,9,[hjʌn.sil.ɯl.pwa],[hjʌn.sil.ɯl.bwa]
하시던 거,9,[ha.si.tʌŋ.kʌ],[ha.si.dʌn.gʌ]
하시려는 거예요,9,[ha.si.ɾjʌ.nɯŋ.kʌ.je.jo],[ha.si.ɾjʌ.nɯn.gʌ.je.jo]
하시려는 거죠,9,[ha.si.ɾjʌ.nɯŋ.kʌ.tʃjo],[ha.si.ɾjʌ.nɯn.gʌ.dʒjo]
봬서 반갑습니다,9,[pwɛ.sʌ.paŋ.kap̚.sɯp̚.ni.ta],[bwɛ.sʌ.baŋ.kap̚.sɯp̚.ni.da]
하시죠 그,9,[ha.si.tʃjo.kɯ],[ha.si.dʒjo.gɯ]
하시죠 안,9,[ha.si.tʃjo.an],[ha.si.dʒjo.an]
하신 거 알아요,9,[ha.siŋ.kʌ.al.a.jo],[ha.sin.gʌ.al.a.jo]
관련된 건데,9,[kwal.ljʌn.tweŋ.kʌn.te],[gwal.ljʌn.twen.gʌn.te]
내가 살아있다는,9,[nɛ.ka.sal.a.it̚.ta.nɯn],[nɛ.ga.sal.a.it̚.ta.nɯn]
법적 보호자가,9,[pʌp̚.tʃʌk̚.po.ho.tʃa.ka],[bʌp̚.tʃʌk̚.bo.ho.dʒa.ga]
내 아들을 위한,9,[nɛ.a.tɯl.ɯl.wi.han],[nɛ.a.dɯl.ɯl.wi.han]
다들 표정이,9,[ta.tɯl.pʰjo.tʃʌŋ.i],[da.dɯl.pʰjo.dʒʌŋ.i]
하실 말씀 있습니까,9,[ha.sil.mal.s͈ɯm.it̚.sɯp̚.ni.k͈a],[ha.sil.mal.s͈ɯm.it̚.sɯp̚.ni.k͈a]
곧 도착,9,[kot̚.to.tʃʰak̚],[got̚.do.tʃʰak̚]
법적인 아내로,9,[pʌp̚.tʃʌk̚.in.a.nɛ.ɾo],[bʌp̚.tʃʌk̚.in.a.nɛ.ɾo]
이런 얘기 한,9,[i.ɾʌn.jɛ.ki.han],[i.ɾʌn.jɛ.gi.han]
법정 최고형인,9,[pʌp̚.tʃʌŋ.tʃʰwe.ko.hjʌŋ.in],[bʌp̚.tʃʌŋ.tʃʰwe.go.hjʌŋ.in]
하얀 겨울도,9,[ha.jaŋ.kjʌ.ul.to],[ha.jan.gjʌ.ul.to]
법정에 못,9,[pʌp̚.tʃʌŋ.e.mot̚],[bʌp̚.tʃʌŋ.e.mot̚]
법정에 서,9,[pʌp̚.tʃʌŋ.e.sʌ],[bʌp̚.tʃʌŋ.e.sʌ]
내 아들이 어떻게,9,[nɛ.a.tɯl.i.ʌ.t͈ʌt̚.ke],[nɛ.a.dɯl.i.ʌ.t͈ʌt̚.ke]
현장 상황을,9,[hjʌn.tʃaŋ.saŋ.hwaŋ.ɯl],[hjʌn.tʃaŋ.saŋ.hwaŋ.ɯl]
법정에서 그렇게,9,[pʌp̚.tʃʌŋ.e.sʌ.kɯ.ɾʌt̚.ke],[bʌp̚.tʃʌŋ.e.sʌ.gɯ.ɾʌt̚.ke]
하여튼 그,9,[ha.jʌ.tʰɯŋ.kɯ],[ha.jʌ.tʰɯn.gɯ]
하와이 여행,9,[ha.wa.i.jʌ.hɛŋ],[ha.wa.i.jʌ.hɛŋ]
현장에 나가서,9,[hjʌn.tʃaŋ.e.na.ka.sʌ],[hjʌn.tʃaŋ.e.na.ga.sʌ]
하면 몇,9,[ha.mjʌn.mjʌt̚],[ha.mjʌn.mjʌt̚]
감옥에 보내려고,9,[kam.ok̚.e.po.nɛ.ɾjʌ.ko],[gam.ok̚.e.bo.nɛ.ɾjʌ.go]
현장에 온,9,[hjʌn.tʃaŋ.e.on],[hjʌn.tʃaŋ.e.on]
현장에 도착해서,9,[hjʌn.tʃaŋ.e.to.tʃʰak̚.hɛ.sʌ],[hjʌn.tʃaŋ.e.do.tʃʰak̚.hɛ.sʌ]
하이 씨,9,[ha.i.s͈i],[ha.i.s͈i]
감옥에 보내야,9,[kam.ok̚.e.po.nɛ.ja],[gam.ok̚.e.bo.nɛ.ja]
이런 영광이,9,[i.ɾʌn.jʌŋ.kwaŋ.i],[i.ɾʌn.jʌŋ.gwaŋ.i]
하이츠에 있는,9,[ha.i.tʃʰɯ.e.it̚.nɯn],[ha.i.tʃʰɯ.e.it̚.nɯn]
법학 학위를,9,[pʌp̚.hak̚.hak̚.wi.ɾɯl],[bʌp̚.hak̚.hak̚.wi.ɾɯl]
하자 c,9,[ha.tʃa],[ha.dʒa]
현장에 있지도,9,[hjʌn.tʃaŋ.e.it̚.tʃi.to],[hjʌn.tʃaŋ.e.it̚.tʃi.do]
벗겨야 해,9,[pʌt̚.kjʌ.ja.hɛ],[bʌt̚.kjʌ.ja.hɛ]
이런 왜요,9,[i.ɾʌn.wɛ.jo],[i.ɾʌn.wɛ.jo]
현장에 처음,9,[hjʌn.tʃaŋ.e.tʃʰʌ.ɯm],[hjʌn.tʃaŋ.e.tʃʰʌ.ɯm]
벗고 몸을,9,[pʌt̚.ko.mom.ɯl],[bʌt̚.ko.mom.ɯl]
현장에서 달아나는,9,[hjʌn.tʃaŋ.e.sʌ.tal.a.na.nɯn],[hjʌn.tʃaŋ.e.sʌ.dal.a.na.nɯn]
내 아버지가 누군지,9,[nɛ.a.pʌ.tʃi.ka.nu.kun.tʃi],[nɛ.a.bʌ.dʒi.ga.nu.gun.tʃi]
own eyes,9,,
아무런 언급도,9,[a.mu.ɾʌn.ʌŋ.kɯp̚.to],[a.mu.ɾʌn.ʌŋ.kɯp̚.to]
이런 위험한 일을,9,[i.ɾʌn.wi.hʌm.han.il.ɯl],[i.ɾʌn.wi.hʌm.han.il.ɯl]
이런 유치한,9,[i.ɾʌn.ju.tʃʰi.han],[i.ɾʌn.ju.tʃʰi.han]
감옥에 보낼 순,9,[kam.ok̚.e.po.nɛl.sun],[gam.ok̚.e.bo.nɛl.sun]
하자 이건,9,[ha.tʃa.i.kʌn],[ha.dʒa.i.gʌn]
다들 확실히,9,[ta.tɯl.hwak̚.sil.hi],[da.dɯl.hwak̚.sil.hi]
하자 젠장,9,[ha.tʃa.tʃen.tʃaŋ],[ha.dʒa.dʒen.tʃaŋ]
현장에서 가져온,9,[hjʌn.tʃaŋ.e.sʌ.ka.tʃjʌ.on],[hjʌn.tʃaŋ.e.sʌ.ga.dʒjʌ.on]
하자 하나,9,[ha.tʃa.ha.na],[ha.dʒa.ha.na]
이런 일 겪게 해서,9,[i.ɾʌn.il.kjʌk̚.ke.hɛ.sʌ],[i.ɾʌn.il.gjʌk̚.ke.hɛ.sʌ]
감옥에 안 가요,9,[kam.ok̚.e.aŋ.ka.jo],[gam.ok̚.e.an.ga.jo]
곧 뒤따라갈게,9,[kot̚.twi.t͈a.ɾa.kal.ke],[got̚.dwi.t͈a.ɾa.gal.ke]
감옥에 안 갈,9,[kam.ok̚.e.aŋ.kal],[gam.ok̚.e.an.gal]
벗어나고 싶어서,9,[pʌt̚.ʌ.na.ko.sip̚.ʌ.sʌ],[bʌt̚.ʌ.na.go.sip̚.ʌ.sʌ]
own home,9,,
부검 기록을,9,[pu.kʌm.ki.ɾok̚.ɯl],[bu.gʌm.gi.ɾok̚.ɯl]
또 자기가,9,[t͈o.tʃa.ki.ka],[t͈o.dʒa.gi.ga]
하잖아 너도,9,[ha.tʃan.a.nʌ.to],[ha.dʒan.a.nʌ.do]
벗어나는 것,9,[pʌt̚.ʌ.na.nɯŋ.kʌt̚],[bʌt̚.ʌ.na.nɯn.gʌt̚]
현재 어떤,9,[hjʌn.tʃɛ.ʌ.t͈ʌn],[hjʌn.tʃɛ.ʌ.t͈ʌn]
관련된 사람은,9,[kwal.ljʌn.twen.sa.ɾam.ɯn],[gwal.ljʌn.twen.sa.ɾam.ɯn]
이런 일에 휘말리게,9,[i.ɾʌn.il.e.hwi.mal.ɾi.ke],[i.ɾʌn.il.e.hwi.mal.ɾi.ge]
현재 수심은,9,[hjʌn.tʃɛ.su.sim.ɯn],[hjʌn.tʃɛ.su.sim.ɯn]
하잖아요 우린,9,[ha.tʃan.a.jo.u.ɾin],[ha.dʒan.a.jo.u.ɾin]
벗어나지 못한,9,[pʌt̚.ʌ.na.tʃi.mot̚.han],[bʌt̚.ʌ.na.dʒi.mot̚.han]
하죠 같이,9,[ha.tʃjo.kat̚.i],[ha.dʒjo.gat̚.i]
힘든 시기라는,9,[hin.tɯn.si.ki.ɾa.nɯn],[hin.tɯn.si.gi.ɾa.nɯn]
하죠 그것도,9,[ha.tʃjo.kɯ.kʌt̚.to],[ha.dʒjo.gɯ.gʌt̚.to]
부근에 있는,9,[pu.kɯn.e.it̚.nɯn],[bu.gɯn.e.it̚.nɯn]
거니 걱정,9,[kʌ.ni.kʌk̚.tʃʌŋ],[gʌ.ni.gʌk̚.tʃʌŋ]
벗어난 게,9,[pʌt̚.ʌ.naŋ.ke],[bʌt̚.ʌ.nan.ge]
하죠 그렇지,9,[ha.tʃjo.kɯ.ɾʌt̚.tʃi],[ha.dʒjo.gɯ.ɾʌt̚.tʃi]
하죠 나,9,[ha.tʃjo.na],[ha.dʒjo.na]
벗어날 거예요,9,[pʌt̚.ʌ.nal.kʌ.je.jo],[bʌt̚.ʌ.nal.gʌ.je.jo]
또 지워봐도 넌,9,[t͈o.tʃi.wʌ.pwa.to.nʌn],[t͈o.dʒi.wʌ.bwa.do.nʌn]
곧 떨어질,9,[kot̚.t͈ʌl.ʌ.tʃil],[got̚.t͈ʌl.ʌ.dʒil]
하죠 뭘,9,[ha.tʃjo.mwʌl],[ha.dʒjo.mwʌl]
부끄러운 게 아니야,9,[pu.k͈ɯ.ɾʌ.uŋ.ke.a.ni.ja],[bu.k͈ɯ.ɾʌ.un.ge.a.ni.ja]
곧 또 보자,9,[kot̚.t͈o.po.tʃa],[got̚.t͈o.bo.dʒa]
지금은 벌써,9,[tʃi.kɯm.ɯm.pʌl.s͈ʌ],[dʒi.gɯm.ɯn.bʌl.s͈ʌ]
벗어날 수는,9,[pʌt̚.ʌ.nal.su.nɯn],[bʌt̚.ʌ.nal.su.nɯn]
하죠 알았어요,9,[ha.tʃjo.al.at̚.ʌ.jo],[ha.dʒjo.al.at̚.ʌ.jo]
벗어날 수도,9,[pʌt̚.ʌ.nal.su.to],[bʌt̚.ʌ.nal.su.do]
own son,9,,
내가 생각하는 게,9,[nɛ.ka.sɛŋ.kak̚.ha.nɯŋ.ke],[nɛ.ga.sɛŋ.gak̚.ha.nɯn.ge]
또 진짜,9,[t͈o.tʃin.tʃ͈a],[t͈o.dʒin.tʃ͈a]
하죠 일단,9,[ha.tʃjo.il.tan],[ha.dʒjo.il.tan]
내 안부를,9,[nɛ.am.pu.ɾɯl],[nɛ.am.pu.ɾɯl]
하죠 혹시,9,[ha.tʃjo.hok̚.si],[ha.dʒjo.hok̚.si]
하지 font face,9,[ha.tʃi],[ha.dʒi]
혈액 검사에서,9,[hjʌl.ɛk̚.kʌm.sa.e.sʌ],[hjʌl.ɛk̚.gʌm.sa.e.sʌ]
하지 거기,9,[ha.tʃi.kʌ.ki],[ha.dʒi.gʌ.gi]
하지 그가,9,[ha.tʃi.kɯ.ka],[ha.dʒi.gɯ.ga]
하지 그거,9,[ha.tʃi.kɯ.kʌ],[ha.dʒi.gɯ.gʌ]
또 총,9,[t͈o.tʃʰoŋ],[t͈o.tʃʰoŋ]
벙커 안에,9,[pʌŋ.kʰʌ.an.e],[bʌŋ.kʰʌ.an.e]
혈안이 돼서,9,[hjʌl.an.i.twɛ.sʌ],[hjʌl.an.i.dwɛ.sʌ]
혈액 표본을,9,[hjʌl.ɛk̚.pʰjo.pon.ɯl],[hjʌl.ɛk̚.pʰjo.bon.ɯl]
곧 모든 것이,9,[kot̚.mo.tɯŋ.kʌt̚.i],[got̚.mo.dɯn.gʌt̚.i]
베넷 드레이크,9,[pe.net̚.tɯ.ɾe.i.kʰɯ],[be.net̚.dɯ.ɾe.i.kʰɯ]
베넷 신부,9,[pe.net̚.sim.pu],[be.net̚.sim.pu]
이런 일이 생기죠,9,[i.ɾʌn.il.i.sɛŋ.ki.tʃjo],[i.ɾʌn.il.i.sɛŋ.gi.dʒjo]
내가 생각해 볼게,9,[nɛ.ka.sɛŋ.kak̚.hɛ.pol.ke],[nɛ.ga.sɛŋ.gak̚.hɛ.bol.ke]
베니스 해변 프릭 쇼,9,[pe.ni.sɯ.hɛ.pjʌm.pʰɯ.ɾik̚.sjo],[be.ni.sɯ.hɛ.bjʌm.pʰɯ.ɾik̚.sjo]
베니스 해변 프릭,9,[pe.ni.sɯ.hɛ.pjʌm.pʰɯ.ɾik̚],[be.ni.sɯ.hɛ.bjʌm.pʰɯ.ɾik̚]
하지 마 널,9,[ha.tʃi.ma.nʌl],[ha.dʒi.ma.nʌl]
혐의가 있습니다,9,[hjʌm.ɯi.ka.it̚.sɯp̚.ni.ta],[hjʌm.ɯi.ga.it̚.sɯp̚.ni.da]
법 집행 기관에서,9,[pʌp̚.tʃip̚.hɛŋ.ki.kwan.e.sʌ],[bʌp̚.dʒip̚.hɛŋ.gi.gwan.e.sʌ]
나가는 문은,9,[na.ka.nɯn.mun.ɯn],[na.ga.nɯn.mun.ɯn]
또 필요하신 게,9,[t͈o.pʰil.jo.ha.siŋ.ke],[t͈o.pʰil.jo.ha.sin.ge]
부끄럽지도 않냐,9,[pu.k͈ɯ.ɾʌp̚.tʃi.to.an.nja],[bu.k͈ɯ.ɾʌp̚.tʃi.do.an.nja]
하지 마 안녕,9,[ha.tʃi.ma.an.njʌŋ],[ha.dʒi.ma.an.njʌŋ]
베로니카 딘이,9,[pe.ɾo.ni.kʰa.tin.i],[be.ɾo.ni.kʰa.din.i]
곧 뭔가,9,[kot̚.mwʌŋ.ka],[got̚.mwʌŋ.ka]
곧 문이,9,[kot̚.mun.i],[got̚.mun.i]
곧 바뀔 거야,9,[kot̚.pa.k͈wil.kʌ.ja],[got̚.ba.k͈wil.gʌ.ja]
하지 마 이거,9,[ha.tʃi.ma.i.kʌ],[ha.dʒi.ma.i.gʌ]
하지 마 이젠,9,[ha.tʃi.ma.i.tʃen],[ha.dʒi.ma.i.dʒen]
하지 마 절대,9,[ha.tʃi.ma.tʃʌl.tɛ],[ha.dʒi.ma.dʒʌl.tɛ]
아무리 애를 써봐도 지우고,9,[a.mu.ɾi.ɛ.ɾɯl.s͈ʌ.pwa.to.tʃi.u.ko],[a.mu.ɾi.ɛ.ɾɯl.s͈ʌ.bwa.do.dʒi.u.go]
내 앞날이,9,[nɛ.ap̚.nal.i],[nɛ.ap̚.nal.i]
하지 마라 난,9,[ha.tʃi.ma.ɾa.nan],[ha.dʒi.ma.ɾa.nan]
또 하나를,9,[t͈o.ha.na.ɾɯl],[t͈o.ha.na.ɾɯl]
하지 마시요,9,[ha.tʃi.ma.si.jo],[ha.dʒi.ma.si.jo]
내 앞에 있어,9,[nɛ.ap̚.e.it̚.ʌ],[nɛ.ap̚.e.it̚.ʌ]
베스트 피아니스트,9,[pe.sɯ.tʰɯ.pʰi.a.ni.sɯ.tʰɯ],[be.sɯ.tʰɯ.pʰi.a.ni.sɯ.tʰɯ]
내가 생명을,9,[nɛ.ka.sɛŋ.mjʌŋ.ɯl],[nɛ.ga.sɛŋ.mjʌŋ.ɯl]
강하게 만들고,9,[kaŋ.ha.ke.man.tɯl.ko],[gaŋ.ha.ge.man.tɯl.ko]
부다페스트 호텔의,9,[pu.ta.pʰe.sɯ.tʰɯ.ho.tʰel.ɯi],[bu.da.pʰe.sɯ.tʰɯ.ho.tʰel.ɯi]
하지 말라구요,9,[ha.tʃi.mal.ɾa.ku.jo],[ha.dʒi.mal.ɾa.gu.jo]
하지 말랬죠,9,[ha.tʃi.mal.ɾɛt̚.tʃjo],[ha.dʒi.mal.ɾɛt̚.tʃjo]
내 애는,9,[nɛ.ɛ.nɯn],[nɛ.ɛ.nɯn]
하지 말았어야 할,9,[ha.tʃi.mal.at̚.ʌ.ja.hal],[ha.dʒi.mal.at̚.ʌ.ja.hal]
하지 말았어야 했어요,9,[ha.tʃi.mal.at̚.ʌ.ja.hɛt̚.ʌ.jo],[ha.dʒi.mal.at̚.ʌ.ja.hɛt̚.ʌ.jo]
하지 몇,9,[ha.tʃi.mjʌt̚],[ha.dʒi.mjʌt̚]
내 애야,9,[nɛ.ɛ.ja],[nɛ.ɛ.ja]
내 애인이 되고,9,[nɛ.ɛ.in.i.twe.ko],[nɛ.ɛ.in.i.dwe.go]
하지 못했을,9,[ha.tʃi.mot̚.hɛt̚.ɯl],[ha.dʒi.mot̚.hɛt̚.ɯl]
saved you,9,,
하지 뭐야,9,[ha.tʃi.mwʌ.ja],[ha.dʒi.mwʌ.ja]
이런 저기,9,[i.ɾʌn.tʃʌ.ki],[i.ɾʌn.dʒʌ.gi]
내가 선물로,9,[nɛ.ka.sʌn.mul.ɾo],[nɛ.ga.sʌn.mul.ɾo]
협박이 아니야,9,[hjʌp̚.pak̚.i.a.ni.ja],[hjʌp̚.pak̚.i.a.ni.ja]
내 애인한테,9,[nɛ.ɛ.in.han.tʰe],[nɛ.ɛ.in.han.tʰe]
부담 주려는,9,[pu.tan.tʃu.ɾjʌ.nɯn],[bu.dam.dʒu.ɾjʌ.nɯn]
부담 주지 마,9,[pu.tan.tʃu.tʃi.ma],[bu.dam.dʒu.dʒi.ma]
하지 않겠네,9,[ha.tʃi.aŋ.ket̚.ne],[ha.dʒi.aŋ.ket̚.ne]
하지 않겠는가,9,[ha.tʃi.aŋ.ket̚.nɯŋ.ka],[ha.dʒi.aŋ.ket̚.nɯŋ.ka]
하지 않고 있어요,9,[ha.tʃi.aŋ.ko.it̚.ʌ.jo],[ha.dʒi.aŋ.ko.it̚.ʌ.jo]
곧 비행기,9,[kot̚.pi.hɛŋ.ki],[got̚.bi.hɛŋ.gi]
협박한 거야,9,[hjʌp̚.pak̚.haŋ.kʌ.ja],[hjʌp̚.pak̚.han.gʌ.ja]
곧 사람들이 올,9,[kot̚.sa.ɾan.tɯl.i.ol],[got̚.sa.ɾan.tɯl.i.ol]
지금은 어디 있죠,9,[tʃi.kɯm.ɯn.ʌ.ti.it̚.tʃjo],[dʒi.gɯm.ɯn.ʌ.di.it̚.tʃjo]
하지 않아서요,9,[ha.tʃi.an.a.sʌ.jo],[ha.dʒi.an.a.sʌ.jo]
협상 카드로,9,[hjʌp̚.saŋ.kʰa.tɯ.ɾo],[hjʌp̚.saŋ.kʰa.dɯ.ɾo]
베트남 전쟁이,9,[pe.tʰɯ.nan.tʃʌn.tʃɛŋ.i],[be.tʰɯ.nam.dʒʌn.tʃɛŋ.i]
베트남에 있을,9,[pe.tʰɯ.nam.e.it̚.ɯl],[be.tʰɯ.nam.e.it̚.ɯl]
일 하시는데요,9,[il.ha.si.nɯn.te.jo],[il.ha.si.nɯn.te.jo]
하지 않았다 하지만,9,[ha.tʃi.an.at̚.ta.ha.tʃi.man],[ha.dʒi.an.at̚.ta.ha.dʒi.man]
하지 않았다는 것,9,[ha.tʃi.an.at̚.ta.nɯŋ.kʌt̚],[ha.dʒi.an.at̚.ta.nɯn.gʌt̚]
하지 않았더라면,9,[ha.tʃi.an.at̚.tʌ.ɾa.mjʌn],[ha.dʒi.an.at̚.tʌ.ɾa.mjʌn]
하지 않았어도,9,[ha.tʃi.an.at̚.ʌ.to],[ha.dʒi.an.at̚.ʌ.do]
협상을 하려고,9,[hjʌp̚.saŋ.ɯl.ha.ɾjʌ.ko],[hjʌp̚.saŋ.ɯl.ha.ɾjʌ.go]
이런 짐승,9,[i.ɾʌn.tʃim.sɯŋ],[i.ɾʌn.dʒim.sɯŋ]
벤 내가,9,[pen.nɛ.ka],[ben.nɛ.ga]
또 할 말 있어,9,[t͈o.hal.mal.it̚.ʌ],[t͈o.hal.mal.it̚.ʌ]
곧 수술,9,[kot̚.su.sul],[got̚.su.sul]
협상할 수 있을,9,[hjʌp̚.saŋ.hal.su.it̚.ɯl],[hjʌp̚.saŋ.hal.su.it̚.ɯl]
내가 설득해,9,[nɛ.ka.sʌl.tɯk̚.hɛ],[nɛ.ga.sʌl.tɯk̚.hɛ]
하지 않을 일은,9,[ha.tʃi.an.ɯl.il.ɯn],[ha.dʒi.an.ɯl.il.ɯn]
하지 않을거예요,9,[ha.tʃi.an.ɯl.kʌ.je.jo],[ha.dʒi.an.ɯl.kʌ.je.jo]
부동산 가격이,9,[pu.toŋ.saŋ.ka.kjʌk̚.i],[bu.doŋ.san.ga.gjʌk̚.i]
금고 안에 있는,9,[kɯm.ko.an.e.it̚.nɯn],[gɯm.ko.an.e.it̚.nɯn]
부동산 사업을,9,[pu.toŋ.san.sa.ʌp̚.ɯl],[bu.doŋ.san.sa.ʌp̚.ɯl]
이런 짓을 하겠어,9,[i.ɾʌn.tʃit̚.ɯl.ha.ket̚.ʌ],[i.ɾʌn.dʒit̚.ɯl.ha.get̚.ʌ]
벤이랑 같이,9,[pen.i.ɾaŋ.kat̚.i],[ben.i.ɾaŋ.gat̚.i]
하지 여기서,9,[ha.tʃi.jʌ.ki.sʌ],[ha.dʒi.jʌ.gi.sʌ]
내 얘기는 그만하고,9,[nɛ.jɛ.ki.nɯŋ.kɯ.man.ha.ko],[nɛ.jɛ.gi.nɯn.gɯ.man.ha.go]
협조만 해,9,[hjʌp̚.tʃo.man.hɛ],[hjʌp̚.tʃo.man.hɛ]
내 얘기는 하지,9,[nɛ.jɛ.ki.nɯn.ha.tʃi],[nɛ.jɛ.gi.nɯn.ha.dʒi]
이런 짓을 왜,9,[i.ɾʌn.tʃit̚.ɯl.wɛ],[i.ɾʌn.dʒit̚.ɯl.wɛ]
하지 전,9,[ha.tʃi.tʃʌn],[ha.dʒi.dʒʌn]
벨 씨,9,[pel.s͈i],[bel.s͈i]
하지 할,9,[ha.tʃi.hal],[ha.dʒi.hal]
벨 에어,9,[pel.e.ʌ],[bel.e.ʌ]
하지는 않지만,9,[ha.tʃi.nɯn.an.tʃi.man],[ha.dʒi.nɯn.an.tʃi.man]
벨 형사의,9,[pel.hjʌŋ.sa.ɯi],[bel.hjʌŋ.sa.ɯi]
협회 본부,9,[hjʌp̚.hwe.pom.pu],[hjʌp̚.hwe.bom.pu]
하지도 않았지,9,[ha.tʃi.to.an.at̚.tʃi],[ha.dʒi.do.an.at̚.tʃi]
형 그거,9,[hjʌŋ.kɯ.kʌ],[hjʌŋ.gɯ.gʌ]
벨라를 돌려줘,9,[pel.ɾa.ɾɯl.tol.ɾjʌ.tʃwʌ],[bel.ɾa.ɾɯl.dol.ɾjʌ.dʒwʌ]
곧 아기도,9,[kot̚.a.ki.to],[got̚.a.gi.do]
형 다,9,[hjʌŋ.ta],[hjʌŋ.da]
형 나도,9,[hjʌŋ.na.to],[hjʌŋ.na.do]
벨리 버거,9,[pel.ɾi.pʌ.kʌ],[bel.ɾi.bʌ.gʌ]
하지만 가기 전에,9,[ha.tʃi.maŋ.ka.ki.tʃʌn.e],[ha.dʒi.man.ga.gi.dʒʌn.e]
이런 첨단,9,[i.ɾʌn.tʃʰʌn.tan],[i.ɾʌn.tʃʰʌn.tan]
형 또,9,[hjʌŋ.t͈o],[hjʌŋ.t͈o]
형 거야,9,[hjʌŋ.kʌ.ja],[hjʌŋ.gʌ.ja]
형 못,9,[hjʌŋ.mot̚],[hjʌŋ.mot̚]
이런 짓을 했니,9,[i.ɾʌn.tʃit̚.ɯl.hɛt̚.ni],[i.ɾʌn.dʒit̚.ɯl.hɛt̚.ni]
하지만 거래는,9,[ha.tʃi.maŋ.kʌ.ɾɛ.nɯn],[ha.dʒi.man.gʌ.ɾɛ.nɯn]
또는 그녀의,9,[t͈o.nɯŋ.kɯ.njʌ.ɯi],[t͈o.nɯn.gɯ.njʌ.ɯi]
하지만 걱정 말아요,9,[ha.tʃi.maŋ.kʌk̚.tʃʌŋ.mal.a.jo],[ha.dʒi.man.gʌk̚.tʃʌŋ.mal.a.jo]
벨파스트 종합,9,[pel.pʰa.sɯ.tʰɯ.tʃoŋ.hap̚],[bel.pʰa.sɯ.tʰɯ.dʒoŋ.hap̚]
내 어머니야,9,[nɛ.ʌ.mʌ.ni.ja],[nɛ.ʌ.mʌ.ni.ja]
형 아,9,[hjʌŋ.a],[hjʌŋ.a]
벼랑 끝에 서,9,[pjʌ.ɾaŋ.k͈ɯt̚.e.sʌ],[bjʌ.ɾaŋ.k͈ɯt̚.e.sʌ]
내 어찌,9,[nɛ.ʌ.tʃ͈i],[nɛ.ʌ.tʃ͈i]
벽 너머의,9,[pjʌk̚.nʌ.mʌ.ɯi],[bjʌk̚.nʌ.mʌ.ɯi]
내 언니를,9,[nɛ.ʌn.ni.ɾɯl],[nɛ.ʌn.ni.ɾɯl]
하지만 괜찮습니다,9,[ha.tʃi.maŋ.kwɛn.tʃʰan.sɯp̚.ni.ta],[ha.dʒi.man.gwɛn.tʃʰan.sɯp̚.ni.da]
내가 셀,9,[nɛ.ka.sel],[nɛ.ga.sel]
하지만 규칙은,9,[ha.tʃi.maŋ.kju.tʃʰik̚.ɯn],[ha.dʒi.man.gju.tʃʰik̚.ɯn]
pass it,9,,
내 얼굴 봐,9,[nɛ.ʌl.kul.pwa],[nɛ.ʌl.kul.bwa]
지금은 일,9,[tʃi.kɯm.ɯn.il],[dʒi.gɯm.ɯn.il]
하지만 그 여자,9,[ha.tʃi.maŋ.kɯ.jʌ.tʃa],[ha.dʒi.man.gɯ.jʌ.dʒa]
내가 소개할,9,[nɛ.ka.so.kɛ.hal],[nɛ.ga.so.gɛ.hal]
벽에 갇혀,9,[pjʌk̚.e.kat̚.hjʌ],[bjʌk̚.e.gat̚.hjʌ]
곧 어두워,9,[kot̚.ʌ.tu.wʌ],[got̚.ʌ.du.wʌ]
벽에 손을,9,[pjʌk̚.e.son.ɯl],[bjʌk̚.e.son.ɯl]
형량 거래,9,[hjʌŋ.ɾjaŋ.kʌ.ɾɛ],[hjʌŋ.ɾjaŋ.gʌ.ɾɛ]
하지만 그날이,9,[ha.tʃi.maŋ.kɯ.nal.i],[ha.dʒi.man.gɯ.nal.i]
형사 둘이,9,[hjʌŋ.sa.tul.i],[hjʌŋ.sa.dul.i]
하지만 그녀는 내,9,[ha.tʃi.maŋ.kɯ.njʌ.nɯn.nɛ],[ha.dʒi.man.gɯ.njʌ.nɯn.nɛ]
곧 여기 올,9,[kot̚.jʌ.ki.ol],[got̚.jʌ.gi.ol]
부러워 나도,9,[pu.ɾʌ.wʌ.na.to],[bu.ɾʌ.wʌ.na.do]
하지만 그녀는 항상,9,[ha.tʃi.maŋ.kɯ.njʌ.nɯn.haŋ.saŋ],[ha.dʒi.man.gɯ.njʌ.nɯn.haŋ.saŋ]
형사 난,9,[hjʌŋ.sa.nan],[hjʌŋ.sa.nan]
하지만 그놈은,9,[ha.tʃi.maŋ.kɯ.nom.ɯn],[ha.dʒi.man.gɯ.nom.ɯn]
형사 전문,9,[hjʌŋ.sa.tʃʌn.mun],[hjʌŋ.sa.dʒʌn.mun]
형사 하나가,9,[hjʌŋ.sa.ha.na.ka],[hjʌŋ.sa.ha.na.ga]
이런지 모르겠어요,9,[i.ɾʌn.tʃi.mo.ɾɯ.ket̚.ʌ.jo],[i.ɾʌn.tʃi.mo.ɾɯ.get̚.ʌ.jo]
또는 우리의,9,[t͈o.nɯn.u.ɾi.ɯi],[t͈o.nɯn.u.ɾi.ɯi]
부러진 거야,9,[pu.ɾʌ.tʃiŋ.kʌ.ja],[bu.ɾʌ.dʒin.gʌ.ja]
벽이 있는,9,[pjʌk̚.i.it̚.nɯn],[bjʌk̚.i.it̚.nɯn]
또다른 기회를,9,[t͈o.ta.ɾɯŋ.ki.hwe.ɾɯl],[t͈o.da.ɾɯn.gi.hwe.ɾɯl]
형사님 그리고,9,[hjʌŋ.sa.nim.kɯ.ɾi.ko],[hjʌŋ.sa.nim.gɯ.ɾi.go]
형사님 내,9,[hjʌŋ.sa.nim.nɛ],[hjʌŋ.sa.nim.nɛ]
형사님 넌,9,[hjʌŋ.sa.nim.nʌn],[hjʌŋ.sa.nim.nʌn]
형사님 네가,9,[hjʌŋ.sa.nim.ne.ka],[hjʌŋ.sa.nim.ne.ga]
하지만 그때쯤이면,9,[ha.tʃi.maŋ.kɯ.t͈ɛ.tʃ͈ɯm.i.mjʌn],[ha.dʒi.man.gɯ.t͈ɛ.tʃ͈ɯm.i.mjʌn]
하지만 그래도 괜찮아,9,[ha.tʃi.maŋ.kɯ.ɾɛ.to.kwɛn.tʃʰan.a],[ha.dʒi.man.gɯ.ɾɛ.do.gwɛn.tʃʰan.a]
하지만 그래선,9,[ha.tʃi.maŋ.kɯ.ɾɛ.sʌn],[ha.dʒi.man.gɯ.ɾɛ.sʌn]
saw something,9,,
하지만 그랬다면,9,[ha.tʃi.maŋ.kɯ.ɾɛt̚.ta.mjʌn],[ha.dʒi.man.gɯ.ɾɛt̚.ta.mjʌn]
곧 연락이 올,9,[kot̚.jʌl.lak̚.i.ol],[got̚.jʌl.lak̚.i.ol]
변기 시트,9,[pjʌŋ.ki.si.tʰɯ],[bjʌŋ.ki.si.tʰɯ]
변기에 넣고,9,[pjʌŋ.ki.e.nʌt̚.ko],[bjʌŋ.ki.e.nʌt̚.ko]
맞설 때,9,[mat̚.sʌl.t͈ɛ],[mat̚.sʌl.t͈ɛ]
하지만 그럴 만한,9,[ha.tʃi.maŋ.kɯ.ɾʌl.man.han],[ha.dʒi.man.gɯ.ɾʌl.man.han]
하지만 그럴 순,9,[ha.tʃi.maŋ.kɯ.ɾʌl.sun],[ha.dʒi.man.gɯ.ɾʌl.sun]
이럴 기분이,9,[i.ɾʌl.ki.pun.i],[i.ɾʌl.gi.bun.i]
하지만 그렇게 안,9,[ha.tʃi.maŋ.kɯ.ɾʌt̚.ke.an],[ha.dʒi.man.gɯ.ɾʌt̚.ke.an]
하지만 그렇게 하지,9,[ha.tʃi.maŋ.kɯ.ɾʌt̚.ke.ha.tʃi],[ha.dʒi.man.gɯ.ɾʌt̚.ke.ha.dʒi]
하지만 그렇지 않았다,9,[ha.tʃi.maŋ.kɯ.ɾʌt̚.tʃi.an.at̚.ta],[ha.dʒi.man.gɯ.ɾʌt̚.tʃi.an.at̚.ta]
변명의 여지가 없다,9,[pjʌn.mjʌŋ.ɯi.jʌ.tʃi.ka.ʌp̚.ta],[bjʌn.mjʌŋ.ɯi.jʌ.dʒi.ga.ʌp̚.ta]
내 여생을,9,[nɛ.jʌ.sɛŋ.ɯl],[nɛ.jʌ.sɛŋ.ɯl]
형사입니다 잠깐,9,[hjʌŋ.sa.ip̚.ni.ta.tʃam.k͈an],[hjʌŋ.sa.ip̚.ni.da.dʒam.k͈an]
형사입니다 제,9,[hjʌŋ.sa.ip̚.ni.ta.tʃe],[hjʌŋ.sa.ip̚.ni.da.dʒe]
변명이 아니라,9,[pjʌn.mjʌŋ.i.a.ni.ɾa],[bjʌn.mjʌŋ.i.a.ni.ɾa]
하지만 그에겐,9,[ha.tʃi.maŋ.kɯ.e.ken],[ha.dʒi.man.gɯ.e.gen]
하지만 그중,9,[ha.tʃi.maŋ.kɯ.tʃuŋ],[ha.dʒi.man.gɯ.dʒuŋ]
하지만 근데,9,[ha.tʃi.maŋ.kɯn.te],[ha.dʒi.man.gɯn.te]
부르고 싶으면,9,[pu.ɾɯ.ko.sip̚.ɯ.mjʌn],[bu.ɾɯ.go.sip̚.ɯ.mjʌn]
강한 감정,9,[kaŋ.haŋ.kan.tʃʌŋ],[gaŋ.han.gan.tʃʌŋ]
변명할 필요,9,[pjʌn.mjʌŋ.hal.pʰil.jo],[bjʌn.mjʌŋ.hal.pʰil.jo]
변사체로 발견됐습니다,9,[pjʌn.sa.tʃʰe.ɾo.pal.kjʌn.twɛt̚.sɯp̚.ni.ta],[bjʌn.sa.tʃʰe.ɾo.bal.kjʌn.twɛt̚.sɯp̚.ni.da]
형식적인 거야,9,[hjʌŋ.sik̚.tʃʌk̚.iŋ.kʌ.ja],[hjʌŋ.sik̚.tʃʌk̚.in.gʌ.ja]
형에 처한다,9,[hjʌŋ.e.tʃʰʌ.han.ta],[hjʌŋ.e.tʃʰʌ.han.ta]
하지만 나는 그들이,9,[ha.tʃi.man.na.nɯŋ.kɯ.tɯl.i],[ha.dʒi.man.na.nɯn.gɯ.dɯl.i]
하지만 나는 그렇게 생각하지,9,[ha.tʃi.man.na.nɯŋ.kɯ.ɾʌt̚.ke.sɛŋ.kak̚.ha.tʃi],[ha.dʒi.man.na.nɯn.gɯ.ɾʌt̚.ke.sɛŋ.gak̚.ha.dʒi]
형언할 수 없는,9,[hjʌŋ.ʌn.hal.su.ʌp̚.nɯn],[hjʌŋ.ʌn.hal.su.ʌp̚.nɯn]
내가 수표를,9,[nɛ.ka.su.pʰjo.ɾɯl],[nɛ.ga.su.pʰjo.ɾɯl]
I didn''t even know,9,,
부르곤 했지,9,[pu.ɾɯ.kon.hɛt̚.tʃi],[bu.ɾɯ.gon.hɛt̚.tʃi]
내 여자친구에게,9,[nɛ.jʌ.tʃa.tʃʰiŋ.ku.e.ke],[nɛ.jʌ.dʒa.tʃʰiŋ.ku.e.ge]
곧 올 테니까,9,[kot̚.ol.tʰe.ni.k͈a],[got̚.ol.tʰe.ni.k͈a]
변하게 될 거야,9,[pjʌn.ha.ke.twel.kʌ.ja],[bjʌn.ha.ge.dwel.gʌ.ja]
형을 믿어,9,[hjʌŋ.ɯl.mit̚.ʌ],[hjʌŋ.ɯl.mit̚.ʌ]
형을 받았어요,9,[hjʌŋ.ɯl.pat̚.at̚.ʌ.jo],[hjʌŋ.ɯl.bat̚.at̚.ʌ.jo]
하지만 난 몰라,9,[ha.tʃi.man.nan.mol.ɾa],[ha.dʒi.man.nan.mol.ɾa]
곧 올라올,9,[kot̚.ol.ɾa.ol],[got̚.ol.ɾa.ol]
None of us,9,,
형을 위한,9,[hjʌŋ.ɯl.wi.han],[hjʌŋ.ɯl.wi.han]
또한 나는,9,[t͈o.han.na.nɯn],[t͈o.han.na.nɯn]
형을 어떻게,9,[hjʌŋ.ɯl.ʌ.t͈ʌt̚.ke],[hjʌŋ.ɯl.ʌ.t͈ʌt̚.ke]
부르는 것이,9,[pu.ɾɯ.nɯŋ.kʌt̚.i],[bu.ɾɯ.nɯn.gʌt̚.i]
곧 와서,9,[kot̚.wa.sʌ],[got̚.wa.sʌ]
변하지 마,9,[pjʌn.ha.tʃi.ma],[bjʌn.ha.dʒi.ma]
부르는 게 어때,9,[pu.ɾɯ.nɯŋ.ke.ʌ.t͈ɛ],[bu.ɾɯ.nɯn.ge.ʌ.t͈ɛ]
이럴 수가 이런,9,[i.ɾʌl.su.ka.i.ɾʌn],[i.ɾʌl.su.ga.i.ɾʌn]
하지만 남을,9,[ha.tʃi.man.nam.ɯl],[ha.dʒi.man.nam.ɯl]
내 연기,9,[nɛ.jʌŋ.ki],[nɛ.jʌŋ.ki]
내 연기는,9,[nɛ.jʌŋ.ki.nɯn],[nɛ.jʌŋ.ki.nɯn]
부르는 데,9,[pu.ɾɯ.nɯn.te],[bu.ɾɯ.nɯn.de]
하지만 내가 너무,9,[ha.tʃi.man.nɛ.ka.nʌ.mu],[ha.dʒi.man.nɛ.ga.nʌ.mu]
하지만 내가 당신을,9,[ha.tʃi.man.nɛ.ka.taŋ.sin.ɯl],[ha.dʒi.man.nɛ.ga.daŋ.sin.ɯl]
금발 여자가,9,[kɯm.pal.jʌ.tʃa.ka],[gɯm.pal.jʌ.dʒa.ga]
이럴 줄 알았어 이럴,9,[i.ɾʌl.tʃul.al.at̚.ʌ.i.ɾʌl],[i.ɾʌl.dʒul.al.at̚.ʌ.i.ɾʌl]
변한 건 아무것도 없어,9,[pjʌn.haŋ.kʌn.a.mu.kʌt̚.to.ʌp̚.ʌ],[bjʌn.han.gʌn.a.mu.gʌt̚.to.ʌp̚.ʌ]
금발 여성이,9,[kɯm.pal.jʌ.sʌŋ.i],[gɯm.pal.jʌ.sʌŋ.i]
형이 먼저,9,[hjʌŋ.i.mʌn.tʃʌ],[hjʌŋ.i.mʌn.tʃʌ]
하지만 내가 알고,9,[ha.tʃi.man.nɛ.ka.al.ko],[ha.dʒi.man.nɛ.ga.al.ko]
변한 것도,9,[pjʌn.haŋ.kʌt̚.to],[bjʌn.han.gʌt̚.to]
내 열쇠가,9,[nɛ.jʌl.swe.ka],[nɛ.jʌl.swe.ga]
하지만 내게는,9,[ha.tʃi.man.nɛ.ke.nɯn],[ha.dʒi.man.nɛ.ge.nɯn]
형이 뭔,9,[hjʌŋ.i.mwʌn],[hjʌŋ.i.mwʌn]
하지만 너만,9,[ha.tʃi.man.nʌ.man],[ha.dʒi.man.nʌ.man]
난 미국인이야,9,[nan.mi.kuk̚.in.i.ja],[nan.mi.guk̚.in.i.ja]
변할 것이다,9,[pjʌn.hal.kʌt̚.i.ta],[bjʌn.hal.gʌt̚.i.da]
변할 때,9,[pjʌn.hal.t͈ɛ],[bjʌn.hal.t͈ɛ]
다른 건 몰라,9,[ta.ɾɯŋ.kʌn.mol.ɾa],[da.ɾɯn.gʌn.mol.ɾa]
부르던 노래,9,[pu.ɾɯ.tʌn.no.ɾɛ],[bu.ɾɯ.dʌn.no.ɾɛ]
변함이 없습니다,9,[pjʌn.ham.i.ʌp̚.sɯp̚.ni.ta],[bjʌn.ham.i.ʌp̚.sɯp̚.ni.da]
아버지 말이에요,9,[a.pʌ.tʃi.mal.i.e.jo],[a.bʌ.dʒi.mal.i.e.jo]
지금은 힘을,9,[tʃi.kɯm.ɯn.him.ɯl],[dʒi.gɯm.ɯn.him.ɯl]
형이 차에,9,[hjʌŋ.i.tʃʰa.e],[hjʌŋ.i.tʃʰa.e]
saw your,9,,
부르면 되죠,9,[pu.ɾɯ.mjʌn.twe.tʃjo],[bu.ɾɯ.mjʌn.dwe.dʒjo]
경보 상황입니다,9,[kjʌm.po.saŋ.hwaŋ.ip̚.ni.ta],[gjʌŋ.bo.saŋ.hwaŋ.ip̚.ni.da]
변호 측,9,[pjʌn.ho.tʃʰɯk̚],[bjʌn.ho.tʃʰɯk̚]
내가 시작할,9,[nɛ.ka.si.tʃak̚.hal],[nɛ.ga.si.dʒak̚.hal]
그냥 말해주면,9,[kɯ.njaŋ.mal.hɛ.tʃu.mjʌn],[gɯ.njaŋ.mal.hɛ.dʒu.mjʌn]
변호사 비용,9,[pjʌn.ho.sa.pi.joŋ],[bjʌn.ho.sa.bi.joŋ]
변호사 사무소,9,[pjʌn.ho.sa.sa.mu.so],[bjʌn.ho.sa.sa.mu.so]
하지만 당신에,9,[ha.tʃi.man.taŋ.sin.e],[ha.dʒi.man.daŋ.sin.e]
장면 말이야,9,[tʃaŋ.mjʌn.mal.i.ja],[dʒaŋ.mjʌn.mal.i.ja]
변호사 아니에요,9,[pjʌn.ho.sa.a.ni.e.jo],[bjʌn.ho.sa.a.ni.e.jo]
곧 재판이,9,[kot̚.tʃɛ.pʰan.i],[got̚.dʒɛ.pʰan.i]
지금의 당신이,9,[tʃi.kɯm.ɯi.taŋ.sin.i],[dʒi.gɯm.ɯi.daŋ.sin.i]
가도 되잖아요,9,[ka.to.twe.tʃan.a.jo],[ga.do.dwe.dʒan.a.jo]
내 옆엔,9,[nɛ.jʌp̚.en],[nɛ.jʌp̚.en]
아버지 야,9,[a.pʌ.tʃi.ja],[a.bʌ.dʒi.ja]
부르지 그래요,9,[pu.ɾɯ.tʃi.kɯ.ɾɛ.jo],[bu.ɾɯ.dʒi.gɯ.ɾɛ.jo]
하지만 당신이 내,9,[ha.tʃi.man.taŋ.sin.i.nɛ],[ha.dʒi.man.daŋ.sin.i.nɛ]
이렇게 귀한,9,[i.ɾʌt̚.ke.kwi.han],[i.ɾʌt̚.ke.gwi.han]
하지만 당신한테,9,[ha.tʃi.man.taŋ.sin.han.tʰe],[ha.dʒi.man.daŋ.sin.han.tʰe]
금방 갈게 알았어,9,[kɯm.paŋ.kal.ke.al.at̚.ʌ],[gɯm.paŋ.gal.ke.al.at̚.ʌ]
곧 전화,9,[kot̚.tʃʌn.hwa],[got̚.dʒʌn.hwa]
변호사가 되는,9,[pjʌn.ho.sa.ka.twe.nɯn],[bjʌn.ho.sa.ga.dwe.nɯn]
내가 시키는 대로 하면,9,[nɛ.ka.si.kʰi.nɯn.tɛ.ɾo.ha.mjʌn],[nɛ.ga.si.kʰi.nɯn.dɛ.ɾo.ha.mjʌn]
부르지 난,9,[pu.ɾɯ.tʃi.nan],[bu.ɾɯ.dʒi.nan]
부르지 마 이,9,[pu.ɾɯ.tʃi.ma.i],[bu.ɾɯ.dʒi.ma.i]
변호사가 연락할,9,[pjʌn.ho.sa.ka.jʌl.lak̚.hal],[bjʌn.ho.sa.ga.jʌl.lak̚.hal]
내 오랜 친구여,9,[nɛ.o.ɾɛn.tʃʰiŋ.ku.jʌ],[nɛ.o.ɾɛn.tʃʰiŋ.ku.jʌ]
변호사가 있어,9,[pjʌn.ho.sa.ka.it̚.ʌ],[bjʌn.ho.sa.ga.it̚.ʌ]
true to myself,9,,
호 내가,9,[ho.nɛ.ka],[ho.nɛ.ga]
변호사를 구할,9,[pjʌn.ho.sa.ɾɯl.ku.hal],[bjʌn.ho.sa.ɾɯl.gu.hal]
변호사를 구해,9,[pjʌn.ho.sa.ɾɯl.ku.hɛ],[bjʌn.ho.sa.ɾɯl.gu.hɛ]
변호사를 만나러,9,[pjʌn.ho.sa.ɾɯl.man.na.ɾʌ],[bjʌn.ho.sa.ɾɯl.man.na.ɾʌ]
하지만 많은 사람들이,9,[ha.tʃi.man.man.ɯn.sa.ɾan.tɯl.i],[ha.dʒi.man.man.ɯn.sa.ɾan.tɯl.i]
강한 사람이니까,9,[kaŋ.han.sa.ɾam.i.ni.k͈a],[gaŋ.han.sa.ɾam.i.ni.k͈a]
감자 같은,9,[kan.tʃa.kat̚.ɯn],[gan.tʃa.gat̚.ɯn]
곧 죽어도,9,[kot̚.tʃuk̚.ʌ.to],[got̚.dʒuk̚.ʌ.do]
변호사를 불러야겠군요,9,[pjʌn.ho.sa.ɾɯl.pul.ɾʌ.ja.ket̚.kun.jo],[bjʌn.ho.sa.ɾɯl.bul.ɾʌ.ja.get̚.kun.jo]
내 옷 좀,9,[nɛ.ot̚.tʃom],[nɛ.ot̚.dʒom]
say a word,9,,
하지만 말할,9,[ha.tʃi.man.mal.hal],[ha.dʒi.man.mal.hal]
변호사를 선임할 권리가 있고,9,[pjʌn.ho.sa.ɾɯl.sʌn.im.hal.kwʌl.li.ka.it̚.ko],[bjʌn.ho.sa.ɾɯl.sʌn.im.hal.gwʌl.li.ga.it̚.ko]
내 옷을 입고,9,[nɛ.ot̚.ɯl.ip̚.ko],[nɛ.ot̚.ɯl.ip̚.ko]
변호사를 선임할 수 있다,9,[pjʌn.ho.sa.ɾɯl.sʌn.im.hal.su.it̚.ta],[bjʌn.ho.sa.ɾɯl.sʌn.im.hal.su.it̚.ta]
아버지 저는,9,[a.pʌ.tʃi.tʃʌ.nɯn],[a.bʌ.dʒi.dʒʌ.nɯn]
하지만 명심하세요,9,[ha.tʃi.man.mjʌŋ.sim.ha.se.jo],[ha.dʒi.man.mjʌŋ.sim.ha.se.jo]
내 와이프랑,9,[nɛ.wa.i.pʰɯ.ɾaŋ],[nɛ.wa.i.pʰɯ.ɾaŋ]
내 와이프를,9,[nɛ.wa.i.pʰɯ.ɾɯl],[nɛ.wa.i.pʰɯ.ɾɯl]
변호인 측이,9,[pjʌn.ho.in.tʃʰɯk̚.i],[bjʌn.ho.in.tʃʰɯk̚.i]
내가 젊고,9,[nɛ.ka.tʃʌm.ko],[nɛ.ga.dʒʌm.ko]
이렇게 노래를,9,[i.ɾʌt̚.ke.no.ɾɛ.ɾɯl],[i.ɾʌt̚.ke.no.ɾɛ.ɾɯl]
하지만 뭔가를,9,[ha.tʃi.man.mwʌŋ.ka.ɾɯl],[ha.dʒi.man.mwʌŋ.ka.ɾɯl]
변화 같은,9,[pjʌn.hwa.kat̚.ɯn],[bjʌn.hwa.gat̚.ɯn]
부른 이유를,9,[pu.ɾɯn.i.ju.ɾɯl],[bu.ɾɯn.i.ju.ɾɯl]
곧 지나갈 거야,9,[kot̚.tʃi.na.kal.kʌ.ja],[got̚.dʒi.na.gal.gʌ.ja]
변화가 생겼어,9,[pjʌn.hwa.ka.sɛŋ.kjʌt̚.ʌ],[bjʌn.hwa.ga.sɛŋ.gjʌt̚.ʌ]
금방 끝나니까,9,[kɯm.paŋ.k͈ɯt̚.na.ni.k͈a],[gɯm.paŋ.k͈ɯt̚.na.ni.k͈a]
변화가 생기면,9,[pjʌn.hwa.ka.sɛŋ.ki.mjʌn],[bjʌn.hwa.ga.sɛŋ.gi.mjʌn]
내 요구 사항을,9,[nɛ.jo.ku.sa.haŋ.ɯl],[nɛ.jo.gu.sa.haŋ.ɯl]
하지만 변명을 하자면,9,[ha.tʃi.mam.pjʌn.mjʌŋ.ɯl.ha.tʃa.mjʌn],[ha.dʒi.man.bjʌn.mjʌŋ.ɯl.ha.dʒa.mjʌn]
똑같은 사람이에요,9,[t͈ok̚.kat̚.ɯn.sa.ɾam.i.e.jo],[t͈ok̚.kat̚.ɯn.sa.ɾam.i.e.jo]
변화가 있어,9,[pjʌn.hwa.ka.it̚.ʌ],[bjʌn.hwa.ga.it̚.ʌ]
변화가 있었나,9,[pjʌn.hwa.ka.it̚.ʌt̚.na],[bjʌn.hwa.ga.it̚.ʌt̚.na]
이렇게 대답했어요,9,[i.ɾʌt̚.ke.tɛ.tap̚.hɛt̚.ʌ.jo],[i.ɾʌt̚.ke.dɛ.dap̚.hɛt̚.ʌ.jo]
하지만 사람들에게,9,[ha.tʃi.man.sa.ɾan.tɯl.e.ke],[ha.dʒi.man.sa.ɾan.tɯl.e.ge]
금방 나가,9,[kɯm.paŋ.na.ka],[gɯm.paŋ.na.ga]
호스로 물을,9,[ho.sɯ.ɾo.mul.ɯl],[ho.sɯ.ɾo.mul.ɯl]
하지만 상황을,9,[ha.tʃi.man.saŋ.hwaŋ.ɯl],[ha.dʒi.man.saŋ.hwaŋ.ɯl]
하지만 생각해보면,9,[ha.tʃi.man.sɛŋ.kak̚.hɛ.po.mjʌn],[ha.dʒi.man.sɛŋ.gak̚.hɛ.bo.mjʌn]
현대 과학의,9,[hjʌn.tɛ.kwa.hak̚.ɯi],[hjʌn.tɛ.gwa.hak̚.ɯi]
이렇게 됐다고,9,[i.ɾʌt̚.ke.twɛt̚.ta.ko],[i.ɾʌt̚.ke.dwɛt̚.ta.go]
호오인 쿄우마,9,[ho.o.iŋ.kʰjo.u.ma],[ho.o.iŋ.kʰjo.u.ma]
하지만 세상을,9,[ha.tʃi.man.se.saŋ.ɯl],[ha.dʒi.man.se.saŋ.ɯl]
하지만 세상의,9,[ha.tʃi.man.se.saŋ.ɯi],[ha.dʒi.man.se.saŋ.ɯi]
별 걱정을,9,[pjʌl.kʌk̚.tʃʌŋ.ɯl],[bjʌl.gʌk̚.tʃʌŋ.ɯl]
별 건 아냐,9,[pjʌl.kʌn.a.nja],[bjʌl.gʌn.a.nja]
하지만 시간이 없어요,9,[ha.tʃi.man.si.kan.i.ʌp̚.ʌ.jo],[ha.dʒi.man.si.gan.i.ʌp̚.ʌ.jo]
하지만 시대가 변했어,9,[ha.tʃi.man.si.tɛ.ka.pjʌn.hɛt̚.ʌ],[ha.dʒi.man.si.dɛ.ga.bjʌn.hɛt̚.ʌ]
별 게 다,9,[pjʌl.ke.ta],[bjʌl.ge.da]
호의를 베풀었다,9,[ho.ɯi.ɾɯl.pe.pʰul.ʌt̚.ta],[ho.ɯi.ɾɯl.be.pʰul.ʌt̚.ta]
Did we,9,,
이렇게 되네요,9,[i.ɾʌt̚.ke.twe.ne.jo],[i.ɾʌt̚.ke.dwe.ne.jo]
불이 타오르고,9,[pul.i.tʰa.o.ɾɯ.ko],[bul.i.tʰa.o.ɾɯ.go]
별 관심 없어요,9,[pjʌl.kwan.sim.ʌp̚.ʌ.jo],[bjʌl.gwan.sim.ʌp̚.ʌ.jo]
호출을 받고,9,[ho.tʃʰul.ɯl.pat̚.ko],[ho.tʃʰul.ɯl.bat̚.ko]
이렇게 되는 걸,9,[i.ɾʌt̚.ke.twe.nɯŋ.kʌl],[i.ɾʌt̚.ke.dwe.nɯn.gʌl]
별 느낌,9,[pjʌl.lɯ.k͈im],[bjʌl.lɯ.k͈im]
하지만 아무 일도,9,[ha.tʃi.man.a.mu.il.to],[ha.dʒi.man.a.mu.il.to]
하지만 아빠도,9,[ha.tʃi.man.a.p͈a.to],[ha.dʒi.man.a.p͈a.do]
하지만 아이들을,9,[ha.tʃi.man.a.i.tɯl.ɯl],[ha.dʒi.man.a.i.dɯl.ɯl]
별 미친,9,[pjʌl.mi.tʃʰin],[bjʌl.mi.tʃʰin]
하면서 넌,9,[ha.mjʌn.sʌ.nʌn],[ha.mjʌn.sʌ.nʌn]
하지만 알 수,9,[ha.tʃi.man.al.su],[ha.dʒi.man.al.su]
barely know,9,,
별 소릴,9,[pjʌl.so.ɾil],[bjʌl.so.ɾil]
호텔 키,9,[ho.tʰel.kʰi],[ho.tʰel.kʰi]
별 신경,9,[pjʌl.siŋ.kjʌŋ],[bjʌl.siŋ.kjʌŋ]
이렇게 된다,9,[i.ɾʌt̚.ke.twen.ta],[i.ɾʌt̚.ke.dwen.ta]
내 유전자,9,[nɛ.ju.tʃʌn.tʃa],[nɛ.ju.dʒʌn.tʃa]
별 얘기 다,9,[pjʌl.jɛ.ki.ta],[bjʌl.jɛ.gi.da]
그냥 모르겠어,9,[kɯ.njaŋ.mo.ɾɯ.ket̚.ʌ],[gɯ.njaŋ.mo.ɾɯ.get̚.ʌ]
하지만 어머니는,9,[ha.tʃi.man.ʌ.mʌ.ni.nɯn],[ha.dʒi.man.ʌ.mʌ.ni.nɯn]
당장 가라고,9,[taŋ.tʃaŋ.ka.ɾa.ko],[daŋ.dʒaŋ.ga.ɾa.go]
하지만 어쩌겠어요,9,[ha.tʃi.man.ʌ.tʃ͈ʌ.ket̚.ʌ.jo],[ha.dʒi.man.ʌ.tʃ͈ʌ.get̚.ʌ.jo]
하지만 엄만,9,[ha.tʃi.man.ʌm.man],[ha.dʒi.man.ʌm.man]
하지만 에밀리는,9,[ha.tʃi.man.e.mil.ɾi.nɯn],[ha.dʒi.man.e.mil.ɾi.nɯn]
별 차이 없어요,9,[pjʌl.tʃʰa.i.ʌp̚.ʌ.jo],[bjʌl.tʃʰa.i.ʌp̚.ʌ.jo]
별 하나 우리의,9,[pjʌl.ha.na.u.ɾi.ɯi],[bjʌl.ha.na.u.ɾi.ɯi]
하지만 옛날,9,[ha.tʃi.man.jet̚.nal],[ha.dʒi.man.jet̚.nal]
관심 끌,9,[kwan.sim.k͈ɯl],[gwan.sim.k͈ɯl]
하지만 오늘밤은,9,[ha.tʃi.man.o.nɯl.pam.ɯn],[ha.dʒi.man.o.nɯl.pam.ɯn]
별거 아니고,9,[pjʌl.kʌ.a.ni.ko],[bjʌl.kʌ.a.ni.go]
하지만 오해하지,9,[ha.tʃi.man.o.hɛ.ha.tʃi],[ha.dʒi.man.o.hɛ.ha.dʒi]
물론 가끔은,9,[mul.ɾoŋ.ka.k͈ɯm.ɯn],[mul.ɾon.ga.k͈ɯm.ɯn]
내 의사를,9,[nɛ.ɯi.sa.ɾɯl],[nɛ.ɯi.sa.ɾɯl]
별거 아니잖아요,9,[pjʌl.kʌ.a.ni.tʃan.a.jo],[bjʌl.kʌ.a.ni.dʒan.a.jo]
별거 아닌 것처럼,9,[pjʌl.kʌ.a.niŋ.kʌt̚.tʃʰʌ.ɾʌm],[bjʌl.kʌ.a.nin.gʌt̚.tʃʰʌ.ɾʌm]
똑같이 하지,9,[t͈ok̚.kat̚.i.ha.tʃi],[t͈ok̚.kat̚.i.ha.dʒi]
부모가 되고,9,[pu.mo.ka.twe.ko],[bu.mo.ga.dwe.go]
하지만 우리는 아직,9,[ha.tʃi.man.u.ɾi.nɯn.a.tʃik̚],[ha.dʒi.man.u.ɾi.nɯn.a.dʒik̚]
하지만 우리에게는,9,[ha.tʃi.man.u.ɾi.e.ke.nɯn],[ha.dʒi.man.u.ɾi.e.ge.nɯn]
아버지가 아들을,9,[a.pʌ.tʃi.ka.a.tɯl.ɯl],[a.bʌ.dʒi.ga.a.dɯl.ɯl]
혹시 갖고,9,[hok̚.si.kat̚.ko],[hok̚.si.gat̚.ko]
걸 어서,9,[kʌl.ʌ.sʌ],[gʌl.ʌ.sʌ]
하지만 우선은,9,[ha.tʃi.man.u.sʌn.ɯn],[ha.dʒi.man.u.sʌn.ɯn]
내 이래,9,[nɛ.i.ɾɛ],[nɛ.i.ɾɛ]
내 이럴 줄 알았다,9,[nɛ.i.ɾʌl.tʃul.al.at̚.ta],[nɛ.i.ɾʌl.dʒul.al.at̚.ta]
혹시 궁금할까,9,[hok̚.si.kuŋ.kɯm.hal.k͈a],[hok̚.si.guŋ.gɯm.hal.k͈a]
다른 계획을 가지고,9,[ta.ɾɯŋ.kje.hwek̚.ɯl.ka.tʃi.ko],[da.ɾɯn.gje.hwek̚.ɯl.ga.dʒi.go]
이렇게 많지,9,[i.ɾʌt̚.ke.man.tʃi],[i.ɾʌt̚.ke.man.tʃi]
곧장 가는,9,[kot̚.tʃaŋ.ka.nɯn],[got̚.tʃaŋ.ga.nɯn]
하지만 이 일에,9,[ha.tʃi.man.i.il.e],[ha.dʒi.man.i.il.e]
하지만 이 일을,9,[ha.tʃi.man.i.il.ɯl],[ha.dʒi.man.i.il.ɯl]
하지만 이건 우리,9,[ha.tʃi.man.i.kʌn.u.ɾi],[ha.dʒi.man.i.gʌn.u.ɾi]
관심 없고요,9,[kwan.sim.ʌp̚.ko.jo],[gwan.sim.ʌp̚.ko.jo]
perfect sense,9,,
내 이름으로 된,9,[nɛ.i.ɾɯm.ɯ.ɾo.twen],[nɛ.i.ɾɯm.ɯ.ɾo.dwen]
별로 그럴,9,[pjʌl.ɾo.kɯ.ɾʌl],[bjʌl.ɾo.gɯ.ɾʌl]
이렇게 말하기,9,[i.ɾʌt̚.ke.mal.ha.ki],[i.ɾʌt̚.ke.mal.ha.gi]
별로 기분,9,[pjʌl.ɾo.ki.pun],[bjʌl.ɾo.gi.bun]
하지만 이봐,9,[ha.tʃi.man.i.pwa],[ha.dʒi.man.i.bwa]
하지만 이제 곧,9,[ha.tʃi.man.i.tʃe.kot̚],[ha.dʒi.man.i.dʒe.got̚]
별로 내가,9,[pjʌl.ɾo.nɛ.ka],[bjʌl.ɾo.nɛ.ga]
별로 놀라지,9,[pjʌl.ɾo.nol.ɾa.tʃi],[bjʌl.ɾo.nol.ɾa.dʒi]
하지만 이제부터,9,[ha.tʃi.man.i.tʃe.pu.tʰʌ],[ha.dʒi.man.i.dʒe.bu.tʰʌ]
하지만 이틀,9,[ha.tʃi.man.i.tʰɯl],[ha.dʒi.man.i.tʰɯl]
좀 쓰라고,9,[tʃom.s͈ɯ.ɾa.ko],[dʒom.s͈ɯ.ɾa.go]
혹시 모를까,9,[hok̚.si.mo.ɾɯl.k͈a],[hok̚.si.mo.ɾɯl.k͈a]
관심 없는 줄 알았는데,9,[kwan.sim.ʌp̚.nɯn.tʃul.al.at̚.nɯn.te],[gwan.sim.ʌp̚.nɯn.dʒul.al.at̚.nɯn.te]
하지만 일찍,9,[ha.tʃi.man.il.tʃ͈ik̚],[ha.dʒi.man.il.tʃ͈ik̚]
is saying,9,,
별로 말을,9,[pjʌl.ɾo.mal.ɯl],[bjʌl.ɾo.mal.ɯl]
하지만 자신이,9,[ha.tʃi.man.tʃa.sin.i],[ha.dʒi.man.dʒa.sin.i]
부모님은 그,9,[pu.mo.nim.ɯŋ.kɯ],[bu.mo.nim.ɯn.gɯ]
골드 씨,9,[kol.tɯ.s͈i],[gol.tɯ.s͈i]
하지만 잭,9,[ha.tʃi.man.tʃɛk̚],[ha.dʒi.man.dʒɛk̚]
관련돼 있어요,9,[kwal.ljʌn.twɛ.it̚.ʌ.jo],[gwal.ljʌn.twɛ.it̚.ʌ.jo]
혹시 생각,9,[hok̚.si.sɛŋ.kak̚],[hok̚.si.sɛŋ.gak̚]
하지만 저 혼자,9,[ha.tʃi.man.tʃʌ.hon.tʃa],[ha.dʒi.man.dʒʌ.hon.tʃa]
하지만 저한테는,9,[ha.tʃi.man.tʃʌ.han.tʰe.nɯn],[ha.dʒi.man.dʒʌ.han.tʰe.nɯn]
별로 신경도 안,9,[pjʌl.ɾo.siŋ.kjʌŋ.to.an],[bjʌl.ɾo.siŋ.kjʌŋ.do.an]
하지만 저흰,9,[ha.tʃi.man.tʃʌ.hɯin],[ha.dʒi.man.dʒʌ.hɯin]
별로 안 멀어,9,[pjʌl.ɾo.an.mʌl.ʌ],[bjʌl.ɾo.an.mʌl.ʌ]
이렇게 매력적인,9,[i.ɾʌt̚.ke.mɛ.ɾjʌk̚.tʃʌk̚.in],[i.ɾʌt̚.ke.mɛ.ɾjʌk̚.tʃʌk̚.in]
하지만 전화를,9,[ha.tʃi.man.tʃʌn.hwa.ɾɯl],[ha.dʒi.man.dʒʌn.hwa.ɾɯl]
부모님은 어떠셔,9,[pu.mo.nim.ɯn.ʌ.t͈ʌ.sjʌ],[bu.mo.nim.ɯn.ʌ.t͈ʌ.sjʌ]
똑똑하지 않아요,9,[t͈ok̚.t͈ok̚.ha.tʃi.an.a.jo],[t͈ok̚.t͈ok̚.ha.dʒi.an.a.jo]
하지만 정말 중요한,9,[ha.tʃi.man.tʃʌŋ.mal.tʃuŋ.jo.han],[ha.dʒi.man.dʒʌŋ.mal.dʒuŋ.jo.han]
하지만 정말이야,9,[ha.tʃi.man.tʃʌŋ.mal.i.ja],[ha.dʒi.man.dʒʌŋ.mal.i.ja]
하지만 제 말을,9,[ha.tʃi.man.tʃe.mal.ɯl],[ha.dʒi.man.dʒe.mal.ɯl]
하지만 제 생각에는,9,[ha.tʃi.man.tʃe.sɛŋ.kak̚.e.nɯn],[ha.dʒi.man.dʒe.sɛŋ.gak̚.e.nɯn]
I didn''t know they,9,,
하지만 제가 할,9,[ha.tʃi.man.tʃe.ka.hal],[ha.dʒi.man.dʒe.ga.hal]
내 이름이 적힌,9,[nɛ.i.ɾɯm.i.tʃʌk̚.hin],[nɛ.i.ɾɯm.i.dʒʌk̚.hin]
감정은 다,9,[kan.tʃʌŋ.ɯn.ta],[gan.tʃʌŋ.ɯn.da]
하지만 존은,9,[ha.tʃi.man.tʃon.ɯn],[ha.dʒi.man.dʒon.ɯn]
별로 얘기하고 싶지 않아요,9,[pjʌl.ɾo.jɛ.ki.ha.ko.sip̚.tʃi.an.a.jo],[bjʌl.ɾo.jɛ.gi.ha.go.sip̚.tʃi.an.a.jo]
이렇게 모두,9,[i.ɾʌt̚.ke.mo.tu],[i.ɾʌt̚.ke.mo.du]
하지만 죽기,9,[ha.tʃi.man.tʃuk̚.ki],[ha.dʒi.man.dʒuk̚.ki]
골라 보세요,9,[kol.ɾa.po.se.jo],[gol.ɾa.bo.se.jo]
내 이모,9,[nɛ.i.mo],[nɛ.i.mo]
똑똑한 녀석이야,9,[t͈ok̚.t͈ok̚.han.njʌ.sʌk̚.i.ja],[t͈ok̚.t͈ok̚.han.njʌ.sʌk̚.i.ja]
하지만 중요한건,9,[ha.tʃi.man.tʃuŋ.jo.haŋ.kʌn],[ha.dʒi.man.dʒuŋ.jo.haŋ.kʌn]
하지만 지금 우리는,9,[ha.tʃi.man.tʃi.kɯm.u.ɾi.nɯn],[ha.dʒi.man.dʒi.gɯm.u.ɾi.nɯn]
내 이상형은,9,[nɛ.i.saŋ.hjʌŋ.ɯn],[nɛ.i.saŋ.hjʌŋ.ɯn]
하지만 지금도,9,[ha.tʃi.man.tʃi.kɯn.to],[ha.dʒi.man.dʒi.gɯn.to]
하지만 지금으로선,9,[ha.tʃi.man.tʃi.kɯm.ɯ.ɾo.sʌn],[ha.dʒi.man.dʒi.gɯm.ɯ.ɾo.sʌn]
하지만 지금부터는,9,[ha.tʃi.man.tʃi.kɯm.pu.tʰʌ.nɯn],[ha.dʒi.man.dʒi.gɯm.pu.tʰʌ.nɯn]
하지만 지금은 그냥,9,[ha.tʃi.man.tʃi.kɯm.ɯŋ.kɯ.njaŋ],[ha.dʒi.man.dʒi.gɯm.ɯn.gɯ.njaŋ]
혹시 저기,9,[hok̚.si.tʃʌ.ki],[hok̚.si.dʒʌ.gi]
하지만 지금은 내,9,[ha.tʃi.man.tʃi.kɯm.ɯn.nɛ],[ha.dʒi.man.dʒi.gɯm.ɯn.nɛ]
하지만 지금은요,9,[ha.tʃi.man.tʃi.kɯm.ɯn.jo],[ha.dʒi.man.dʒi.gɯm.ɯn.jo]
골라도 돼요,9,[kol.ɾa.to.twɛ.jo],[gol.ɾa.do.dwɛ.jo]
하지만 차,9,[ha.tʃi.man.tʃʰa],[ha.dʒi.man.tʃʰa]
골라야 돼,9,[kol.ɾa.ja.twɛ],[gol.ɾa.ja.dwɛ]
say is,9,,
하지만 총,9,[ha.tʃi.man.tʃʰoŋ],[ha.dʒi.man.tʃʰoŋ]
하지만 최근엔,9,[ha.tʃi.man.tʃʰwe.kɯn.en],[ha.dʒi.man.tʃʰwe.gɯn.en]
거니까 좋은,9,[kʌ.ni.k͈a.tʃot̚.ɯn],[gʌ.ni.k͈a.dʒot̚.ɯn]
부모님이 못,9,[pu.mo.nim.i.mot̚],[bu.mo.nim.i.mot̚]
아버지는 매우,9,[a.pʌ.tʃi.nɯn.mɛ.u],[a.bʌ.dʒi.nɯn.mɛ.u]
이렇게 배가,9,[i.ɾʌt̚.ke.pɛ.ka],[i.ɾʌt̚.ke.bɛ.ga]
내가 아는 건 내가,9,[nɛ.ka.a.nɯŋ.kʌn.nɛ.ka],[nɛ.ga.a.nɯn.gʌn.nɛ.ga]
내 인생 전체가,9,[nɛ.in.sɛŋ.tʃʌn.tʃʰe.ka],[nɛ.in.sɛŋ.dʒʌn.tʃʰe.ga]
내가 아는 건 살아가는,9,[nɛ.ka.a.nɯŋ.kʌn.sal.a.ka.nɯn],[nɛ.ga.a.nɯn.gʌn.sal.a.ga.nɯn]
골란 선생님,9,[kol.ɾan.sʌn.sɛŋ.nim],[gol.ɾan.sʌn.sɛŋ.nim]
감정을 가지고 있다,9,[kan.tʃʌŋ.ɯl.ka.tʃi.ko.it̚.ta],[gan.tʃʌŋ.ɯl.ga.dʒi.go.it̚.ta]
골람 lrm,9,[kol.ɾam],[gol.ɾam]
하지만 할아버지는,9,[ha.tʃi.man.hal.a.pʌ.tʃi.nɯn],[ha.dʒi.man.hal.a.bʌ.dʒi.nɯn]
혹은 두,9,[hok̚.ɯn.tu],[hok̚.ɯn.du]
내 인생에 끼어들지,9,[nɛ.in.sɛŋ.e.k͈i.ʌ.tɯl.tʃi],[nɛ.in.sɛŋ.e.k͈i.ʌ.dɯl.tʃi]
is serious,9,,
혹은 도전,9,[hok̚.ɯn.to.tʃʌn],[hok̚.ɯn.do.dʒʌn]
별로일 것,9,[pjʌl.ɾo.il.kʌt̚],[bjʌl.ɾo.il.gʌt̚]
별말 없어,9,[pjʌl.mal.ʌp̚.ʌ],[bjʌl.mal.ʌp̚.ʌ]
별말 없었어요,9,[pjʌl.mal.ʌp̚.ʌt̚.ʌ.jo],[bjʌl.mal.ʌp̚.ʌt̚.ʌ.jo]
별말씀을 다,9,[pjʌl.mal.s͈ɯm.ɯl.ta],[bjʌl.mal.s͈ɯm.ɯl.da]
금방 올거에요,9,[kɯm.paŋ.ol.kʌ.e.jo],[gɯm.paŋ.ol.kʌ.e.jo]
별말씀을요 그럼,9,[pjʌl.mal.s͈ɯm.ɯl.jo.kɯ.ɾʌm],[bjʌl.mal.s͈ɯm.ɯl.jo.gɯ.ɾʌm]
부모에 대한,9,[pu.mo.e.tɛ.han],[bu.mo.e.dɛ.han]
혼돈 그,9,[hon.toŋ.kɯ],[hon.ton.gɯ]
phone rings,9,,
하진 않지,9,[ha.tʃin.an.tʃi],[ha.dʒin.an.tʃi]
골수 이식을,9,[kol.su.i.sik̚.ɯl],[gol.su.i.sik̚.ɯl]
You''ve made,9,,
부부 싸움을,9,[pu.pu.s͈a.um.ɯl],[bu.bu.s͈a.um.ɯl]
하킴과 자말,9,[ha.kʰim.kwa.tʃa.mal],[ha.kʰim.kwa.dʒa.mal]
골이 빠개질,9,[kol.i.p͈a.kɛ.tʃil],[gol.i.p͈a.gɛ.dʒil]
하퍼 초등학교,9,[ha.pʰʌ.tʃʰo.tɯŋ.hak̚.kjo],[ha.pʰʌ.tʃʰo.dɯŋ.hak̚.kjo]
법을 따라야,9,[pʌp̚.ɯl.t͈a.ɾa.ja],[bʌp̚.ɯl.t͈a.ɾa.ja]
별을 보는,9,[pjʌl.ɯl.po.nɯn],[bjʌl.ɯl.bo.nɯn]
부부가 될,9,[pu.pu.ka.twel],[bu.bu.ga.dwel]
금방 올라갈게요,9,[kɯm.paŋ.ol.ɾa.kal.ke.jo],[gɯm.paŋ.ol.ɾa.gal.ke.jo]
이렇게 살아 있잖아,9,[i.ɾʌt̚.ke.sal.a.it̚.tʃan.a],[i.ɾʌt̚.ke.sal.a.it̚.tʃan.a]
내 인생을 바쳤어,9,[nɛ.in.sɛŋ.ɯl.pa.tʃʰjʌt̚.ʌ],[nɛ.in.sɛŋ.ɯl.ba.tʃʰjʌt̚.ʌ]
내 인생을 지옥으로,9,[nɛ.in.sɛŋ.ɯl.tʃi.ok̚.ɯ.ɾo],[nɛ.in.sɛŋ.ɯl.dʒi.ok̚.ɯ.ɾo]
학교 갔어요,9,[hak̚.kjo.kat̚.ʌ.jo],[hak̚.kjo.gat̚.ʌ.jo]
혼란스럽게 하지,9,[hol.lan.sɯ.ɾʌp̚.ke.ha.tʃi],[hol.lan.sɯ.ɾʌp̚.ke.ha.dʒi]
혼인 증명서,9,[hon.in.tʃɯŋ.mjʌŋ.sʌ],[hon.in.dʒɯŋ.mjʌŋ.sʌ]
학교 관두고,9,[hak̚.kjo.kwan.tu.ko],[hak̚.kjo.gwan.tu.go]
별일 아니겠지만,9,[pjʌl.il.a.ni.ket̚.tʃi.man],[bjʌl.il.a.ni.get̚.tʃi.man]
학교 다니기,9,[hak̚.kjo.ta.ni.ki],[hak̚.kjo.da.ni.gi]
걸 얻을 수 있는,9,[kʌl.ʌt̚.ɯl.su.it̚.nɯn],[gʌl.ʌt̚.ɯl.su.it̚.nɯn]
내가 아는 사람이랑,9,[nɛ.ka.a.nɯn.sa.ɾam.i.ɾaŋ],[nɛ.ga.a.nɯn.sa.ɾam.i.ɾaŋ]
학교 버스가,9,[hak̚.kjo.pʌ.sɯ.ka],[hak̚.kjo.bʌ.sɯ.ga]
학교 생활,9,[hak̚.kjo.sɛŋ.hwal],[hak̚.kjo.sɛŋ.hwal]
별일 없겠죠,9,[pjʌl.il.ʌp̚.ket̚.tʃjo],[bjʌl.il.ʌp̚.ket̚.tʃjo]
학교 신문,9,[hak̚.kjo.sin.mun],[hak̚.kjo.sin.mun]
학교 안 가니,9,[hak̚.kjo.aŋ.ka.ni],[hak̚.kjo.an.ga.ni]
감정을 드러내지,9,[kan.tʃʌŋ.ɯl.tɯ.ɾʌ.nɛ.tʃi],[gan.tʃʌŋ.ɯl.dɯ.ɾʌ.nɛ.dʒi]
학교 애들은,9,[hak̚.kjo.ɛ.tɯl.ɯn],[hak̚.kjo.ɛ.dɯl.ɯn]
똑똑히 봤다고,9,[t͈ok̚.t͈ok̚.hi.pwat̚.ta.ko],[t͈ok̚.t͈ok̚.hi.bwat̚.ta.go]
학교 이사회는,9,[hak̚.kjo.i.sa.hwe.nɯn],[hak̚.kjo.i.sa.hwe.nɯn]
학교 잘 갔다,9,[hak̚.kjo.tʃal.kat̚.ta],[hak̚.kjo.dʒal.gat̚.ta]
학교 잘 갔다 와,9,[hak̚.kjo.tʃal.kat̚.ta.wa],[hak̚.kjo.dʒal.gat̚.ta.wa]
학교 정말,9,[hak̚.kjo.tʃʌŋ.mal],[hak̚.kjo.dʒʌŋ.mal]
학교 종소리,9,[hak̚.kjo.tʃoŋ.so.ɾi],[hak̚.kjo.dʒoŋ.so.ɾi]
학교 학생,9,[hak̚.kjo.hak̚.sɛŋ],[hak̚.kjo.hak̚.sɛŋ]
내 인생이라고,9,[nɛ.in.sɛŋ.i.ɾa.ko],[nɛ.in.sɛŋ.i.ɾa.go]
아버지를 그렇게,9,[a.pʌ.tʃi.ɾɯl.kɯ.ɾʌt̚.ke],[a.bʌ.dʒi.ɾɯl.gɯ.ɾʌt̚.ke]
별일 없을거야,9,[pjʌl.il.ʌp̚.ɯl.kʌ.ja],[bjʌl.il.ʌp̚.ɯl.kʌ.ja]
골치아픈 일이,9,[kol.tʃʰi.a.pʰɯn.il.i],[gol.tʃʰi.a.pʰɯn.il.i]
학교는 어디,9,[hak̚.kjo.nɯn.ʌ.ti],[hak̚.kjo.nɯn.ʌ.di]
이렇게 슬픈,9,[i.ɾʌt̚.ke.sɯl.pʰɯn],[i.ɾʌt̚.ke.sɯl.pʰɯn]
혼자 괜찮겠어,9,[hon.tʃa.kwɛn.tʃʰaŋ.ket̚.ʌ],[hon.tʃa.gwɛn.tʃʰaŋ.ket̚.ʌ]
학교를 그만,9,[hak̚.kjo.ɾɯl.kɯ.man],[hak̚.kjo.ɾɯl.gɯ.man]
혼자 나가면,9,[hon.tʃa.na.ka.mjʌn],[hon.tʃa.na.ga.mjʌn]
부분은 다,9,[pu.pun.ɯn.ta],[bu.bun.ɯn.da]
강해져야 돼,9,[kaŋ.hɛ.tʃjʌ.ja.twɛ],[gaŋ.hɛ.dʒjʌ.ja.dwɛ]
학교에 가기,9,[hak̚.kjo.e.ka.ki],[hak̚.kjo.e.ga.gi]
내 일기장,9,[nɛ.il.ki.tʃaŋ],[nɛ.il.ki.dʒaŋ]
학교에 가야지,9,[hak̚.kjo.e.ka.ja.tʃi],[hak̚.kjo.e.ga.ja.dʒi]
내가 아니더라도,9,[nɛ.ka.a.ni.tʌ.ɾa.to],[nɛ.ga.a.ni.dʌ.ɾa.do]
골프 안,9,[kol.pʰɯ.an],[gol.pʰɯ.an]
학교에 다녀요,9,[hak̚.kjo.e.ta.njʌ.jo],[hak̚.kjo.e.da.njʌ.jo]
병 맥주,9,[pjʌŋ.mɛk̚.tʃu],[bjʌŋ.mɛk̚.tʃu]
학교에 데려다줄,9,[hak̚.kjo.e.te.ɾjʌ.ta.tʃul],[hak̚.kjo.e.de.ɾjʌ.da.dʒul]
병 사,9,[pjʌŋ.sa],[bjʌŋ.sa]
학교에 보내는,9,[hak̚.kjo.e.po.nɛ.nɯn],[hak̚.kjo.e.bo.nɛ.nɯn]
걸 엄마,9,[kʌl.ʌm.ma],[gʌl.ʌm.ma]
학교에 오지,9,[hak̚.kjo.e.o.tʃi],[hak̚.kjo.e.o.dʒi]
혼자 내버려 둘,9,[hon.tʃa.nɛ.pʌ.ɾjʌ.tul],[hon.tʃa.nɛ.bʌ.ɾjʌ.dul]
학교에 있어,9,[hak̚.kjo.e.it̚.ʌ],[hak̚.kjo.e.it̚.ʌ]
학교에 있어야,9,[hak̚.kjo.e.it̚.ʌ.ja],[hak̚.kjo.e.it̚.ʌ.ja]
이렇게 아무것도,9,[i.ɾʌt̚.ke.a.mu.kʌt̚.to],[i.ɾʌt̚.ke.a.mu.gʌt̚.to]
이렇게 아무렇지도,9,[i.ɾʌt̚.ke.a.mu.ɾʌt̚.tʃi.to],[i.ɾʌt̚.ke.a.mu.ɾʌt̚.tʃi.do]
병가를 내서,9,[pjʌŋ.ka.ɾɯl.lɛ.sʌ],[bjʌŋ.ga.ɾɯl.lɛ.sʌ]
난 밖으로,9,[nam.pak̚.ɯ.ɾo],[nan.bak̚.ɯ.ɾo]
병가를 냈어요,9,[pjʌŋ.ka.ɾɯl.lɛt̚.ʌ.jo],[bjʌŋ.ga.ɾɯl.lɛt̚.ʌ.jo]
Brace for,9,,
골프 카트,9,[kol.pʰɯ.kʰa.tʰɯ],[gol.pʰɯ.kʰa.tʰɯ]
학교에서 뭐,9,[hak̚.kjo.e.sʌ.mwʌ],[hak̚.kjo.e.sʌ.mwʌ]
학교에서 배웠어요,9,[hak̚.kjo.e.sʌ.pɛ.wʌt̚.ʌ.jo],[hak̚.kjo.e.sʌ.bɛ.wʌt̚.ʌ.jo]
골프 코스,9,[kol.pʰɯ.kʰo.sɯ],[gol.pʰɯ.kʰo.sɯ]
병력을 이끌고,9,[pjʌŋ.ɾjʌk̚.ɯl.i.k͈ɯl.ko],[bjʌŋ.ɾjʌk̚.ɯl.i.k͈ɯl.ko]
병력이 있나요,9,[pjʌŋ.ɾjʌk̚.i.it̚.na.jo],[bjʌŋ.ɾjʌk̚.i.it̚.na.jo]
혼자 두고 싶지,9,[hon.tʃa.tu.ko.sip̚.tʃi],[hon.tʃa.du.go.sip̚.tʃi]
금방 찾을 거야,9,[kɯm.paŋ.tʃʰat̚.ɯl.kʌ.ja],[gɯm.paŋ.tʃʰat̚.ɯl.gʌ.ja]
이렇게 얘기하면,9,[i.ɾʌt̚.ke.jɛ.ki.ha.mjʌn],[i.ɾʌt̚.ke.jɛ.gi.ha.mjʌn]
학년 과학,9,[hak̚.njʌŋ.kwa.hak̚],[hak̚.njʌn.gwa.hak̚]
학년 학생,9,[hak̚.njʌn.hak̚.sɛŋ],[hak̚.njʌn.hak̚.sɛŋ]
학생 몇,9,[hak̚.sɛŋ.mjʌt̚],[hak̚.sɛŋ.mjʌt̚]
내 일을 하지,9,[nɛ.il.ɯl.ha.tʃi],[nɛ.il.ɯl.ha.dʒi]
혼자 먹으면,9,[hon.tʃa.mʌk̚.ɯ.mjʌn],[hon.tʃa.mʌk̚.ɯ.mjʌn]
물론 늘,9,[mul.ɾon.nɯl],[mul.ɾon.nɯl]
혼자 무슨,9,[hon.tʃa.mu.sɯn],[hon.tʃa.mu.sɯn]
똑바로 얘기해,9,[t͈ok̚.pa.ɾo.jɛ.ki.hɛ],[t͈ok̚.pa.ɾo.jɛ.gi.hɛ]
이렇게 옆에,9,[i.ɾʌt̚.ke.jʌp̚.e],[i.ɾʌt̚.ke.jʌp̚.e]
병에 걸린 거야,9,[pjʌŋ.e.kʌl.ɾiŋ.kʌ.ja],[bjʌŋ.e.gʌl.ɾin.gʌ.ja]
병에 대해서,9,[pjʌŋ.e.tɛ.hɛ.sʌ],[bjʌŋ.e.dɛ.hɛ.sʌ]
혼자 보낼 수,9,[hon.tʃa.po.nɛl.su],[hon.tʃa.bo.nɛl.su]
감정을 통제할,9,[kan.tʃʌŋ.ɯl.tʰoŋ.tʃe.hal],[gan.tʃʌŋ.ɯl.tʰoŋ.dʒe.hal]
혼자 살아야,9,[hon.tʃa.sal.a.ja],[hon.tʃa.sal.a.ja]
똑바로 쳐다보며,9,[t͈ok̚.pa.ɾo.tʃʰjʌ.ta.po.mjʌ],[t͈ok̚.pa.ɾo.tʃʰjʌ.da.bo.mjʌ]
한 가족이야,9,[haŋ.ka.tʃok̚.i.ja],[han.ga.dʒok̚.i.ja]
Not good,9,,
부샤르 요원,9,[pu.sja.ɾɯ.jo.wʌn],[bu.sja.ɾɯ.jo.wʌn]
부서 전체가,9,[pu.sʌ.tʃʌn.tʃʰe.ka],[bu.sʌ.dʒʌn.tʃʰe.ga]
이렇게 왔다,9,[i.ɾʌt̚.ke.wat̚.ta],[i.ɾʌt̚.ke.wat̚.ta]
곰곰이 생각해 보았다,9,[kom.kom.i.sɛŋ.kak̚.hɛ.po.at̚.ta],[gom.kom.i.sɛŋ.gak̚.hɛ.bo.at̚.ta]
한 가지 이유로,9,[haŋ.ka.tʃi.i.ju.ɾo],[han.ga.dʒi.i.ju.ɾo]
병원 일이 바빠,9,[pjʌŋ.wʌn.il.i.pa.p͈a],[bjʌŋ.wʌn.il.i.ba.p͈a]
Or should I,9,,
금방이면 됩니다,9,[kɯm.paŋ.i.mjʌn.twep̚.ni.ta],[gɯm.paŋ.i.mjʌn.dwep̚.ni.da]
병원 중환자실에,9,[pjʌŋ.wʌn.tʃuŋ.hwan.tʃa.sil.e],[bjʌŋ.wʌn.dʒuŋ.hwan.tʃa.sil.e]
한 가지 질문에,9,[haŋ.ka.tʃi.tʃil.mun.e],[han.ga.dʒi.dʒil.mun.e]
한 가지 짚고,9,[haŋ.ka.tʃi.tʃip̚.ko],[han.ga.dʒi.dʒip̚.ko]
혼자 오셨나요,9,[hon.tʃa.o.sjʌt̚.na.jo],[hon.tʃa.o.sjʌt̚.na.jo]
병원 한번,9,[pjʌŋ.wʌn.ham.pʌn],[bjʌŋ.wʌn.ham.pʌn]
한 가지만 묻자,9,[haŋ.ka.tʃi.man.mut̚.tʃa],[han.ga.dʒi.man.mut̚.tʃa]
내 입안에,9,[nɛ.ip̚.an.e],[nɛ.ip̚.an.e]
병원에 가게,9,[pjʌŋ.wʌn.e.ka.ke],[bjʌŋ.wʌn.e.ga.ge]
혼자 이걸 다,9,[hon.tʃa.i.kʌl.ta],[hon.tʃa.i.gʌl.da]
관심 있어 할,9,[kwan.sim.it̚.ʌ.hal],[gwan.sim.it̚.ʌ.hal]
내 입에서 나오는,9,[nɛ.ip̚.e.sʌ.na.o.nɯn],[nɛ.ip̚.e.sʌ.na.o.nɯn]
똥 덩어리야,9,[t͈oŋ.tʌŋ.ʌ.ɾi.ja],[t͈oŋ.dʌŋ.ʌ.ɾi.ja]
혼자 일하지,9,[hon.tʃa.il.ha.tʃi],[hon.tʃa.il.ha.dʒi]
병원에 가야 한다고,9,[pjʌŋ.wʌn.e.ka.ja.han.ta.ko],[bjʌŋ.wʌn.e.ga.ja.han.ta.go]
이렇게 자기,9,[i.ɾʌt̚.ke.tʃa.ki],[i.ɾʌt̚.ke.dʒa.gi]
병원에 가야 할,9,[pjʌŋ.wʌn.e.ka.ja.hal],[bjʌŋ.wʌn.e.ga.ja.hal]
한 거 기억,9,[haŋ.kʌ.ki.ʌk̚],[han.gʌ.gi.ʌk̚]
내 입장에,9,[nɛ.ip̚.tʃaŋ.e],[nɛ.ip̚.tʃaŋ.e]
한 거 잊었어,9,[haŋ.kʌ.it̚.ʌt̚.ʌ],[han.gʌ.it̚.ʌt̚.ʌ]
병원에 계신,9,[pjʌŋ.wʌn.e.kje.sin],[bjʌŋ.wʌn.e.gje.sin]
부서질 거야,9,[pu.sʌ.tʃil.kʌ.ja],[bu.sʌ.dʒil.gʌ.ja]
병원에 데려가는,9,[pjʌŋ.wʌn.e.te.ɾjʌ.ka.nɯn],[bjʌŋ.wʌn.e.de.ɾjʌ.ga.nɯn]
내 자네,9,[nɛ.tʃa.ne],[nɛ.dʒa.ne]
똥 싸면,9,[t͈oŋ.s͈a.mjʌn],[t͈oŋ.s͈a.mjʌn]
한 거야 넌,9,[haŋ.kʌ.ja.nʌn],[han.gʌ.ja.nʌn]
한 거야 우리가,9,[haŋ.kʌ.ja.u.ɾi.ka],[han.gʌ.ja.u.ɾi.ga]
한 거였잖아,9,[haŋ.kʌ.jʌt̚.tʃan.a],[han.gʌ.jʌt̚.tʃan.a]
병원에 데려다줄게요,9,[pjʌŋ.wʌn.e.te.ɾjʌ.ta.tʃul.ke.jo],[bjʌŋ.wʌn.e.de.ɾjʌ.da.dʒul.ke.jo]
곳 같은데,9,[kot̚.kat̚.ɯn.te],[got̚.gat̚.ɯn.te]
한 거예요 그리고,9,[haŋ.kʌ.je.jo.kɯ.ɾi.ko],[han.gʌ.je.jo.gɯ.ɾi.go]
병원에 도착했을,9,[pjʌŋ.wʌn.e.to.tʃʰak̚.hɛt̚.ɯl],[bjʌŋ.wʌn.e.do.tʃʰak̚.hɛt̚.ɯl]
한 거죠 난,9,[haŋ.kʌ.tʃjo.nan],[han.gʌ.dʒjo.nan]
병원에 안 가도,9,[pjʌŋ.wʌn.e.aŋ.ka.to],[bjʌŋ.wʌn.e.an.ga.do]
병원에 오는,9,[pjʌŋ.wʌn.e.o.nɯn],[bjʌŋ.wʌn.e.o.nɯn]
곳 그래서,9,[kot̚.kɯ.ɾɛ.sʌ],[got̚.gɯ.ɾɛ.sʌ]
부수적인 피해가,9,[pu.su.tʃʌk̚.im.pʰi.hɛ.ka],[bu.su.dʒʌk̚.im.pʰi.hɛ.ga]
한 건물에,9,[haŋ.kʌn.mul.e],[han.gʌn.mul.e]
한 건지 알기나,9,[haŋ.kʌn.tʃi.al.ki.na],[han.gʌn.tʃi.al.ki.na]
내 자식이라고,9,[nɛ.tʃa.sik̚.i.ɾa.ko],[nɛ.dʒa.sik̚.i.ɾa.go]
내 자식처럼,9,[nɛ.tʃa.sik̚.tʃʰʌ.ɾʌm],[nɛ.dʒa.sik̚.tʃʰʌ.ɾʌm]
한 걸음도,9,[haŋ.kʌl.ɯn.to],[han.gʌl.ɯn.to]
병원에나 가,9,[pjʌŋ.wʌn.e.na.ka],[bjʌŋ.wʌn.e.na.ga]
곳 나는,9,[kot̚.na.nɯn],[got̚.na.nɯn]
한 검사,9,[haŋ.kʌm.sa],[han.gʌm.sa]
병원에서 내,9,[pjʌŋ.wʌn.e.sʌ.nɛ],[bjʌŋ.wʌn.e.sʌ.nɛ]
혼자 집에 오지,9,[hon.tʃa.tʃip̚.e.o.tʃi],[hon.tʃa.dʒip̚.e.o.dʒi]
혼자 집에 오지 않았다,9,[hon.tʃa.tʃip̚.e.o.tʃi.an.at̚.ta],[hon.tʃa.dʒip̚.e.o.dʒi.an.at̚.ta]
걸 왜 해,9,[kʌl.wɛ.hɛ],[gʌl.wɛ.hɛ]
혼자 타고,9,[hon.tʃa.tʰa.ko],[hon.tʃa.tʰa.go]
내가 아주 어렸을,9,[nɛ.ka.a.tʃu.ʌ.ɾjʌt̚.ɯl],[nɛ.ga.a.dʒu.ʌ.ɾjʌt̚.ɯl]
혼자 키우는,9,[hon.tʃa.kʰi.u.nɯn],[hon.tʃa.kʰi.u.nɯn]
한 것도 아니잖아,9,[haŋ.kʌt̚.to.a.ni.tʃan.a],[han.gʌt̚.to.a.ni.dʒan.a]
한 것은 아니다,9,[haŋ.kʌt̚.ɯn.a.ni.ta],[han.gʌt̚.ɯn.a.ni.da]
내가 아직 살아있는,9,[nɛ.ka.a.tʃik̚.sal.a.it̚.nɯn],[nɛ.ga.a.dʒik̚.sal.a.it̚.nɯn]
한 것이 아니었다,9,[haŋ.kʌt̚.i.a.ni.ʌt̚.ta],[han.gʌt̚.i.a.ni.ʌt̚.ta]
관심도 없다는,9,[kwan.sin.to.ʌp̚.ta.nɯn],[gwan.sin.to.ʌp̚.ta.nɯn]
이렇게 천천히,9,[i.ɾʌt̚.ke.tʃʰʌn.tʃʰʌn.hi],[i.ɾʌt̚.ke.tʃʰʌn.tʃʰʌn.hi]
내가 아직 여기,9,[nɛ.ka.a.tʃik̚.jʌ.ki],[nɛ.ga.a.dʒik̚.jʌ.gi]
한 게 아녜요,9,[haŋ.ke.a.nje.jo],[han.ge.a.nje.jo]
한 게 아니라는,9,[haŋ.ke.a.ni.ɾa.nɯn],[han.ge.a.ni.ɾa.nɯn]
내 자유야,9,[nɛ.tʃa.ju.ja],[nɛ.dʒa.ju.ja]
병원으로 데려다,9,[pjʌŋ.wʌn.ɯ.ɾo.te.ɾjʌ.ta],[bjʌŋ.wʌn.ɯ.ɾo.de.ɾjʌ.da]
곳 말입니다,9,[kot̚.mal.ip̚.ni.ta],[got̚.mal.ip̚.ni.da]
혼자 해낼,9,[hon.tʃa.hɛ.nɛl],[hon.tʃa.hɛ.nɛl]
지난 지,9,[tʃi.nan.tʃi],[dʒi.nan.dʒi]
병원으로 안,9,[pjʌŋ.wʌn.ɯ.ɾo.an],[bjʌŋ.wʌn.ɯ.ɾo.an]
한 게임 더,9,[haŋ.ke.in.tʌ],[han.ge.im.dʌ]
부시 대통령의,9,[pu.si.tɛ.tʰoŋ.ɾjʌŋ.ɯi],[bu.si.dɛ.tʰoŋ.ɾjʌŋ.ɯi]
한 경찰이,9,[haŋ.kjʌŋ.tʃʰal.i],[han.gjʌŋ.tʃʰal.i]
하세요 제발,9,[ha.se.jo.tʃe.pal],[ha.se.jo.dʒe.bal]
이렇게 컸어,9,[i.ɾʌt̚.ke.kʰʌt̚.ʌ],[i.ɾʌt̚.ke.kʰʌt̚.ʌ]
한 곡조,9,[haŋ.kok̚.tʃo],[han.gok̚.tʃo]
If there is,9,,
내 작품에,9,[nɛ.tʃak̚.pʰum.e],[nɛ.dʒak̚.pʰum.e]
혼자가 아니잖아,9,[hon.tʃa.ka.a.ni.tʃan.a],[hon.tʃa.ga.a.ni.dʒan.a]
한 군데만 더,9,[haŋ.kun.te.man.tʌ],[han.gun.te.man.dʌ]
곳 아니에요,9,[kot̚.a.ni.e.jo],[got̚.a.ni.e.jo]
한 권 더,9,[haŋ.kwʌn.tʌ],[han.gwʌn.dʌ]
곳 아닌가,9,[kot̚.a.niŋ.ka],[got̚.a.niŋ.ka]
한 권만,9,[haŋ.kwʌn.man],[han.gwʌn.man]
한 권에,9,[haŋ.kwʌn.e],[han.gwʌn.e]
한 권은,9,[haŋ.kwʌn.ɯn],[han.gwʌn.ɯn]
관심도 없죠,9,[kwan.sin.to.ʌp̚.tʃjo],[gwan.sin.to.ʌp̚.tʃjo]
내 잘못도 있어,9,[nɛ.tʃal.mot̚.to.it̚.ʌ],[nɛ.dʒal.mot̚.to.it̚.ʌ]
한 글자만,9,[haŋ.kɯl.tʃa.man],[han.gɯl.tʃa.man]
병이 있어,9,[pjʌŋ.i.it̚.ʌ],[bjʌŋ.i.it̚.ʌ]
곳 알아요,9,[kot̚.al.a.jo],[got̚.al.a.jo]
내가 안 그런,9,[nɛ.ka.aŋ.kɯ.ɾʌn],[nɛ.ga.an.gɯ.ɾʌn]
부에나 루스,9,[pu.e.na.ɾu.sɯ],[bu.e.na.ɾu.sɯ]
내가 안 돌아오면,9,[nɛ.ka.an.tol.a.o.mjʌn],[nɛ.ga.an.dol.a.o.mjʌn]
부에나 메디시나,9,[pu.e.na.me.ti.si.na],[bu.e.na.me.di.si.na]
혼자서 못,9,[hon.tʃa.sʌ.mot̚],[hon.tʃa.sʌ.mot̚]
한 남자애가,9,[han.nan.tʃa.ɛ.ka],[han.nan.tʃa.ɛ.ga]
Not like it''s,9,,
한 너는,9,[han.nʌ.nɯn],[han.nʌ.nɯn]
한 너를,9,[han.nʌ.ɾɯl],[han.nʌ.ɾɯl]
곳 없어요,9,[kot̚.ʌp̚.ʌ.jo],[got̚.ʌp̚.ʌ.jo]
부에나 부에나 루스,9,[pu.e.na.pu.e.na.ɾu.sɯ],[bu.e.na.bu.e.na.ɾu.sɯ]
한 놈 더,9,[han.non.tʌ],[han.nom.dʌ]
한 놈도 빠짐없이,9,[han.non.to.p͈a.tʃim.ʌp̚.i],[han.non.to.p͈a.dʒim.ʌp̚.i]
혼자서 해야,9,[hon.tʃa.sʌ.hɛ.ja],[hon.tʃa.sʌ.hɛ.ja]
혼자서 아무것도,9,[hon.tʃa.sʌ.a.mu.kʌt̚.to],[hon.tʃa.sʌ.a.mu.gʌt̚.to]
보게 내,9,[po.ke.nɛ],[bo.ge.nɛ]
내 잘못이라고 생각해,9,[nɛ.tʃal.mot̚.i.ɾa.ko.sɛŋ.kak̚.hɛ],[nɛ.dʒal.mot̚.i.ɾa.go.sɛŋ.gak̚.hɛ]
관심은 고맙지만,9,[kwan.sim.ɯŋ.ko.map̚.tʃi.man],[gwan.sim.ɯn.go.map̚.tʃi.man]
한 달 반,9,[han.tal.pan],[han.dal.ban]
한 달 후면,9,[han.tal.hu.mjʌn],[han.dal.hu.mjʌn]
감정적 반응을,9,[kan.tʃʌŋ.tʃʌk̚.pan.ɯŋ.ɯl],[gan.tʃʌŋ.dʒʌk̚.ban.ɯŋ.ɯl]
내 잘못이야 미안해,9,[nɛ.tʃal.mot̚.i.ja.mi.an.hɛ],[nɛ.dʒal.mot̚.i.ja.mi.an.hɛ]
한 달에 두 번,9,[han.tal.e.tu.pʌn],[han.dal.e.du.bʌn]
혼자선 할,9,[hon.tʃa.sʌn.hal],[hon.tʃa.sʌn.hal]
혼자인 건,9,[hon.tʃa.iŋ.kʌn],[hon.tʃa.in.gʌn]
뚝 떨어져서,9,[t͈uk̚.t͈ʌl.ʌ.tʃjʌ.sʌ],[t͈uk̚.t͈ʌl.ʌ.dʒjʌ.sʌ]
place at,9,,
부의 고통스러운 신음,9,[pu.ɯi.ko.tʰoŋ.sɯ.ɾʌ.un.sin.ɯm],[bu.ɯi.go.tʰoŋ.sɯ.ɾʌ.un.sin.ɯm]
한 대 때리고,9,[han.tɛ.t͈ɛ.ɾi.ko],[han.dɛ.t͈ɛ.ɾi.go]
감정적으로 너무,9,[kan.tʃʌŋ.tʃʌk̚.ɯ.ɾo.nʌ.mu],[gan.tʃʌŋ.dʒʌk̚.ɯ.ɾo.nʌ.mu]
내 잘못일,9,[nɛ.tʃal.mot̚.il],[nɛ.dʒal.mot̚.il]
한 돈,9,[han.ton],[han.don]
보게 왜,9,[po.ke.wɛ],[bo.ge.wɛ]
부인 괜찮아요,9,[pu.iŋ.kwɛn.tʃʰan.a.jo],[bu.in.gwɛn.tʃʰan.a.jo]
한 둘이,9,[han.tul.i],[han.dul.i]
한 마디 더,9,[han.ma.ti.tʌ],[han.ma.di.dʌ]
홀로 남겨진,9,[hol.ɾo.nam.kjʌ.tʃin],[hol.ɾo.nam.kjʌ.dʒin]
감지 센서가,9,[kan.tʃi.sen.sʌ.ka],[gan.tʃi.sen.sʌ.ga]
내 장담하건대,9,[nɛ.tʃaŋ.tam.ha.kʌn.tɛ],[nɛ.dʒaŋ.dam.ha.gʌn.tɛ]
한 마리 때문에,9,[han.ma.ɾi.t͈ɛ.mun.e],[han.ma.ɾi.t͈ɛ.mun.e]
곳까지 말이야,9,[kot̚.k͈a.tʃi.mal.i.ja],[got̚.k͈a.dʒi.mal.i.ja]
내 장례식은,9,[nɛ.tʃaŋ.ɾje.sik̚.ɯn],[nɛ.dʒaŋ.ɾje.sik̚.ɯn]
보게 해줄게,9,[po.ke.hɛ.tʃul.ke],[bo.ge.hɛ.dʒul.ke]
한 마리와,9,[han.ma.ɾi.wa],[han.ma.ɾi.wa]
내 장비는,9,[nɛ.tʃam.pi.nɯn],[nɛ.dʒaŋ.bi.nɯn]
홀리 내가,9,[hol.ɾi.nɛ.ka],[hol.ɾi.nɛ.ga]
부인 남편을,9,[pu.in.nam.pʰjʌn.ɯl],[bu.in.nam.pʰjʌn.ɯl]
한 말 들었잖아,9,[han.mal.tɯl.ʌt̚.tʃan.a],[han.mal.dɯl.ʌt̚.tʃan.a]
아빠 나중에,9,[a.p͈a.na.tʃuŋ.e],[a.p͈a.na.dʒuŋ.e]
한 말들이,9,[han.mal.tɯl.i],[han.mal.tɯl.i]
내 재킷을,9,[nɛ.tʃɛ.kʰit̚.ɯl],[nɛ.dʒɛ.kʰit̚.ɯl]
한 말씀만 더,9,[han.mal.s͈ɯm.man.tʌ],[han.mal.s͈ɯm.man.dʌ]
보고 갈게,9,[po.ko.kal.ke],[bo.go.gal.ke]
한 말씀만 해 주십시오,9,[han.mal.s͈ɯm.man.hɛ.tʃu.sip̚.si.o],[han.mal.s͈ɯm.man.hɛ.dʒu.sip̚.si.o]
내 적들이,9,[nɛ.tʃʌk̚.tɯl.i],[nɛ.dʒʌk̚.tɯl.i]
내 적수가,9,[nɛ.tʃʌk̚.su.ka],[nɛ.dʒʌk̚.su.ga]
한 말은 진심이,9,[han.mal.ɯn.tʃin.sim.i],[han.mal.ɯn.dʒin.sim.i]
한 말을 듣고,9,[han.mal.ɯl.tɯt̚.ko],[han.mal.ɯl.dɯt̚.ko]
보고 계신다면,9,[po.ko.kje.sin.ta.mjʌn],[bo.go.gje.sin.ta.mjʌn]
부인 두,9,[pu.in.tu],[bu.in.du]
부인 되시죠,9,[pu.in.twe.si.tʃjo],[bu.in.dwe.si.dʒjo]
홈커밍 파티,9,[hom.kʰʌ.mim.pʰa.tʰi],[hom.kʰʌ.mim.pʰa.tʰi]
홍 누나,9,[hoŋ.nu.na],[hoŋ.nu.na]
홍보 담당자,9,[hom.po.tan.taŋ.tʃa],[hoŋ.bo.dan.taŋ.dʒa]
한 명 밖에,9,[han.mjʌm.pak̚.e],[han.mjʌŋ.bak̚.e]
보고 놀랐어,9,[po.ko.nol.ɾat̚.ʌ],[bo.go.nol.ɾat̚.ʌ]
한 명 정도,9,[han.mjʌŋ.tʃʌŋ.to],[han.mjʌŋ.dʒʌŋ.do]
한 명도 없다고,9,[han.mjʌŋ.to.ʌp̚.ta.ko],[han.mjʌŋ.do.ʌp̚.ta.go]
한 명도 없었어,9,[han.mjʌŋ.to.ʌp̚.ʌt̚.ʌ],[han.mjʌŋ.do.ʌp̚.ʌt̚.ʌ]
내 전남편이야,9,[nɛ.tʃʌn.nam.pʰjʌn.i.ja],[nɛ.dʒʌn.nam.pʰjʌn.i.ja]
보고 당신이,9,[po.ko.taŋ.sin.i],[bo.go.daŋ.sin.i]
장점이 있습니다,9,[tʃaŋ.tʃʌm.i.it̚.sɯp̚.ni.ta],[dʒaŋ.dʒʌm.i.it̚.sɯp̚.ni.da]
보고 드리겠습니다,9,[po.ko.tɯ.ɾi.ket̚.sɯp̚.ni.ta],[bo.go.dɯ.ɾi.get̚.sɯp̚.ni.da]
부응할 수,9,[pu.ɯŋ.hal.su],[bu.ɯŋ.hal.su]
보고 또 보고,9,[po.ko.t͈o.po.ko],[bo.go.t͈o.bo.go]
갖게 됐지,9,[kat̚.ke.twɛt̚.tʃi],[gat̚.ke.dwɛt̚.tʃi]
곳에 갇혀,9,[kot̚.e.kat̚.hjʌ],[got̚.e.gat̚.hjʌ]
내 전부,9,[nɛ.tʃʌm.pu],[nɛ.dʒʌm.pu]
거다 내일,9,[kʌ.ta.nɛ.il],[gʌ.da.nɛ.il]
보고 말을,9,[po.ko.mal.ɯl],[bo.go.mal.ɯl]
그냥 보냈어,9,[kɯ.njam.po.nɛt̚.ʌ],[gɯ.njaŋ.bo.nɛt̚.ʌ]
뚱뚱한 게,9,[t͈uŋ.t͈uŋ.haŋ.ke],[t͈uŋ.t͈uŋ.han.ge]
내 전임자가,9,[nɛ.tʃʌn.in.tʃa.ka],[nɛ.dʒʌn.in.tʃa.ga]
이렇게라도 안,9,[i.ɾʌt̚.ke.ɾa.to.an],[i.ɾʌt̚.ke.ɾa.do.an]
한 명이나,9,[han.mjʌŋ.i.na],[han.mjʌŋ.i.na]
한 명이라,9,[han.mjʌŋ.i.ɾa],[han.mjʌŋ.i.ɾa]
보고 뭐가,9,[po.ko.mwʌ.ka],[bo.go.mwʌ.ga]
감추고 교차하네 たまには空を飛んで,9,[kan.tʃʰu.ko.kjo.tʃʰa.ha.ne],[gan.tʃʰu.go.gjo.tʃʰa.ha.ne]
곳에 계신,9,[kot̚.e.kje.sin],[got̚.e.gje.sin]
감추고 교차하네 たまには空を飛んで 가끔은,9,[kan.tʃʰu.ko.kjo.tʃʰa.ha.ne.ka.k͈ɯm.ɯn],[gan.tʃʰu.go.gjo.tʃʰa.ha.ne.ga.k͈ɯm.ɯn]
내 전화 한,9,[nɛ.tʃʌn.hwa.han],[nɛ.dʒʌn.hwa.han]
이렇지 않아요,9,[i.ɾʌt̚.tʃi.an.a.jo],[i.ɾʌt̚.tʃi.an.a.jo]
한 모든 건,9,[han.mo.tɯŋ.kʌn],[han.mo.dɯn.gʌn]
보고 산,9,[po.ko.san],[bo.go.san]
내 전화기 좀,9,[nɛ.tʃʌn.hwa.ki.tʃom],[nɛ.dʒʌn.hwa.gi.dʒom]
And thank,9,,
한 무리를,9,[han.mu.ɾi.ɾɯl],[han.mu.ɾi.ɾɯl]
한 무리의 사람들,9,[han.mu.ɾi.ɯi.sa.ɾan.tɯl],[han.mu.ɾi.ɯi.sa.ɾan.tɯl]
한 묶음을,9,[han.muk̚.ɯm.ɯl],[han.muk̚.ɯm.ɯl]
turn into,9,,
화가 나겠죠,9,[hwa.ka.na.ket̚.tʃjo],[hwa.ga.na.get̚.tʃjo]
화가 나는 건,9,[hwa.ka.na.nɯŋ.kʌn],[hwa.ga.na.nɯn.gʌn]
한 바퀴 돌아봐,9,[ham.pa.kʰwi.tol.a.pwa],[han.ba.kʰwi.dol.a.bwa]
부인 좋아요,9,[pu.in.tʃot̚.a.jo],[bu.in.dʒot̚.a.jo]
곳에 네가,9,[kot̚.e.ne.ka],[got̚.e.ne.ga]
내가 알고 있어,9,[nɛ.ka.al.ko.it̚.ʌ],[nɛ.ga.al.ko.it̚.ʌ]
부인 지금,9,[pu.in.tʃi.kɯm],[bu.in.dʒi.gɯm]
보고 싶다는데,9,[po.ko.sip̚.ta.nɯn.te],[bo.go.sip̚.ta.nɯn.te]
한 발이면,9,[ham.pal.i.mjʌn],[han.bal.i.mjʌn]
한 발자국도 움직이지,9,[ham.pal.tʃa.kuk̚.to.un.tʃik̚.i.tʃi],[han.bal.tʃa.guk̚.to.un.tʃik̚.i.dʒi]
내 절친이고,9,[nɛ.tʃʌl.tʃʰin.i.ko],[nɛ.dʒʌl.tʃʰin.i.go]
화가 나지만,9,[hwa.ka.na.tʃi.man],[hwa.ga.na.dʒi.man]
한 발짝도 움직이지,9,[ham.pal.tʃ͈ak̚.to.un.tʃik̚.i.tʃi],[han.bal.tʃ͈ak̚.to.un.tʃik̚.i.dʒi]
한 방 날리고,9,[ham.paŋ.nal.ɾi.ko],[han.baŋ.nal.ɾi.go]
화가 난 것 같다,9,[hwa.ka.naŋ.kʌt̚.kat̚.ta],[hwa.ga.nan.gʌt̚.gat̚.ta]
한 방 먹였네,9,[ham.paŋ.mʌk̚.jʌt̚.ne],[han.baŋ.mʌk̚.jʌt̚.ne]
보고 싶어 그,9,[po.ko.sip̚.ʌ.kɯ],[bo.go.sip̚.ʌ.gɯ]
한 방 먹이는,9,[ham.paŋ.mʌk̚.i.nɯn],[han.baŋ.mʌk̚.i.nɯn]
보고 싶어 그럼,9,[po.ko.sip̚.ʌ.kɯ.ɾʌm],[bo.go.sip̚.ʌ.gɯ.ɾʌm]
보고 싶어 나도 그래,9,[po.ko.sip̚.ʌ.na.to.kɯ.ɾɛ],[bo.go.sip̚.ʌ.na.do.gɯ.ɾɛ]
이론가 조르지오 투 칼로스,9,[i.ɾoŋ.ka.tʃo.ɾɯ.tʃi.o.tʰu.kʰal.ɾo.sɯ],[i.ɾoŋ.ka.dʒo.ɾɯ.dʒi.o.tʰu.kʰal.ɾo.sɯ]
이론가 조르지오 투,9,[i.ɾoŋ.ka.tʃo.ɾɯ.tʃi.o.tʰu],[i.ɾoŋ.ka.dʒo.ɾɯ.dʒi.o.tʰu]
이론가들 대답을,9,[i.ɾoŋ.ka.tɯl.tɛ.tap̚.ɯl],[i.ɾoŋ.ka.dɯl.dɛ.dap̚.ɯl]
내 접시에,9,[nɛ.tʃʌp̚.si.e],[nɛ.dʒʌp̚.si.e]
감추고 있지,9,[kan.tʃʰu.ko.it̚.tʃi],[gan.tʃʰu.go.it̚.tʃi]
부인은 남편이,9,[pu.in.ɯn.nam.pʰjʌn.i],[bu.in.ɯn.nam.pʰjʌn.i]
보고 싶어 지금,9,[po.ko.sip̚.ʌ.tʃi.kɯm],[bo.go.sip̚.ʌ.dʒi.gɯm]
화가 났기 때문이야,9,[hwa.ka.nat̚.ki.t͈ɛ.mun.i.ja],[hwa.ga.nat̚.ki.t͈ɛ.mun.i.ja]
부인은 더,9,[pu.in.ɯn.tʌ],[bu.in.ɯn.dʌ]
한 백년 살고,9,[ham.pɛk̚.njʌn.sal.ko],[han.bɛk̚.njʌn.sal.ko]
화가 났을 거야,9,[hwa.ka.nat̚.ɯl.kʌ.ja],[hwa.ga.nat̚.ɯl.gʌ.ja]
한 번 내,9,[ham.pʌn.nɛ],[han.bʌn.nɛ]
한 번 더 생각해,9,[ham.pʌn.tʌ.sɛŋ.kak̚.hɛ],[han.bʌn.dʌ.sɛŋ.gak̚.hɛ]
한 번 더 하면,9,[ham.pʌn.tʌ.ha.mjʌn],[han.bʌn.dʌ.ha.mjʌn]
한 번 더 할,9,[ham.pʌn.tʌ.hal],[han.bʌn.dʌ.hal]
한 번 더 해볼까,9,[ham.pʌn.tʌ.hɛ.pol.k͈a],[han.bʌn.dʌ.hɛ.bol.k͈a]
보고 싶어서 왔지,9,[po.ko.sip̚.ʌ.sʌ.wat̚.tʃi],[bo.go.sip̚.ʌ.sʌ.wat̚.tʃi]
Not quite,9,,
내 정원을,9,[nɛ.tʃʌŋ.wʌn.ɯl],[nɛ.dʒʌŋ.wʌn.ɯl]
아빠 마음을,9,[a.p͈a.ma.ɯm.ɯl],[a.p͈a.ma.ɯm.ɯl]
감추네 強者たちは夢のかけらに,9,[kan.tʃʰu.ne],[gan.tʃʰu.ne]
화근이 될,9,[hwa.kɯn.i.twel],[hwa.gɯn.i.dwel]
감추네 強者たちは夢のかけらに 전사들은,9,[kan.tʃʰu.ne.tʃʌn.sa.tɯl.ɯn],[gan.tʃʰu.ne.dʒʌn.sa.dɯl.ɯn]
한 번 묻지,9,[ham.pʌn.mut̚.tʃi],[han.bʌn.mut̚.tʃi]
한 번 물면,9,[ham.pʌn.mul.mjʌn],[han.bʌn.mul.mjʌn]
화끈하게 font,9,[hwa.k͈ɯn.ha.ke],[hwa.k͈ɯn.ha.ge]
부인을 만나고,9,[pu.in.ɯl.man.na.ko],[bu.in.ɯl.man.na.go]
화나 있는,9,[hwa.na.it̚.nɯn],[hwa.na.it̚.nɯn]
화나 있어요,9,[hwa.na.it̚.ʌ.jo],[hwa.na.it̚.ʌ.jo]
감추네 強者たちは夢のかけらに 전사들은 꿈의,9,[kan.tʃʰu.ne.tʃʌn.sa.tɯl.ɯŋ.k͈um.ɯi],[gan.tʃʰu.ne.dʒʌn.sa.dɯl.ɯŋ.k͈um.ɯi]
화나게 만들,9,[hwa.na.ke.man.tɯl],[hwa.na.ge.man.tɯl]
보고 싶었네,9,[po.ko.sip̚.ʌt̚.ne],[bo.go.sip̚.ʌt̚.ne]
plane and,9,,
보고 싶었단,9,[po.ko.sip̚.ʌt̚.tan],[bo.go.sip̚.ʌt̚.tan]
한 번 쉬어 봐,9,[ham.pʌn.swi.ʌ.pwa],[han.bʌn.swi.ʌ.bwa]
화나게 하기,9,[hwa.na.ke.ha.ki],[hwa.na.ge.ha.gi]
이론이 아니라,9,[i.ɾon.i.a.ni.ɾa],[i.ɾon.i.a.ni.ɾa]
이론이 있다,9,[i.ɾon.i.it̚.ta],[i.ɾon.i.it̚.ta]
한 번 일어날,9,[ham.pʌn.il.ʌ.nal],[han.bʌn.il.ʌ.nal]
이론이 있어요,9,[i.ɾon.i.it̚.ʌ.jo],[i.ɾon.i.it̚.ʌ.jo]
뛰는 소리가,9,[t͈wi.nɯn.so.ɾi.ka],[t͈wi.nɯn.so.ɾi.ga]
화나게 했고,9,[hwa.na.ke.hɛt̚.ko],[hwa.na.ge.hɛt̚.ko]
내가 알아 내가,9,[nɛ.ka.al.a.nɛ.ka],[nɛ.ga.al.a.nɛ.ga]
이론에 의하면,9,[i.ɾon.e.ɯi.ha.mjʌn],[i.ɾon.e.ɯi.ha.mjʌn]
한 번 해보세요,9,[ham.pʌn.hɛ.po.se.jo],[han.bʌn.hɛ.bo.se.jo]
한 번 해볼,9,[ham.pʌn.hɛ.pol],[han.bʌn.hɛ.bol]
지내기로 했어요,9,[tʃi.nɛ.ki.ɾo.hɛt̚.ʌ.jo],[dʒi.nɛ.gi.ɾo.hɛt̚.ʌ.jo]
한 번 해요,9,[ham.pʌn.hɛ.jo],[han.bʌn.hɛ.jo]
한 번 했는데,9,[ham.pʌn.hɛt̚.nɯn.te],[han.bʌn.hɛt̚.nɯn.te]
한 번도 들어본,9,[ham.pʌn.to.tɯl.ʌ.pon],[han.bʌn.to.dɯl.ʌ.bon]
내 조국이,9,[nɛ.tʃo.kuk̚.i],[nɛ.dʒo.guk̚.i]
부인이 되는,9,[pu.in.i.twe.nɯn],[bu.in.i.dwe.nɯn]
화난 거 아니죠,9,[hwa.naŋ.kʌ.a.ni.tʃjo],[hwa.nan.gʌ.a.ni.dʒjo]
한 번도 먹어,9,[ham.pʌn.to.mʌk̚.ʌ],[han.bʌn.to.mʌk̚.ʌ]
한 번도 먹어 본,9,[ham.pʌn.to.mʌk̚.ʌ.pon],[han.bʌn.to.mʌk̚.ʌ.bon]
보고 싶은 사람은,9,[po.ko.sip̚.ɯn.sa.ɾam.ɯn],[bo.go.sip̚.ɯn.sa.ɾam.ɯn]
보고 싶은가 봐,9,[po.ko.sip̚.ɯŋ.ka.pwa],[bo.go.sip̚.ɯŋ.ka.bwa]
화난 거잖아,9,[hwa.naŋ.kʌ.tʃan.a],[hwa.nan.gʌ.dʒan.a]
부인이 와서,9,[pu.in.i.wa.sʌ],[bu.in.i.wa.sʌ]
부인이 우리,9,[pu.in.i.u.ɾi],[bu.in.i.u.ɾi]
부인이 있는,9,[pu.in.i.it̚.nɯn],[bu.in.i.it̚.nɯn]
한 번도 없었는데,9,[ham.pʌn.to.ʌp̚.ʌt̚.nɯn.te],[han.bʌn.to.ʌp̚.ʌt̚.nɯn.te]
내 조직,9,[nɛ.tʃo.tʃik̚],[nɛ.dʒo.dʒik̚]
내 조직을,9,[nɛ.tʃo.tʃik̚.ɯl],[nɛ.dʒo.dʒik̚.ɯl]
관심을 받을 수,9,[kwan.sim.ɯl.pat̚.ɯl.su],[gwan.sim.ɯl.bat̚.ɯl.su]
보고 싶지 않았어,9,[po.ko.sip̚.tʃi.an.at̚.ʌ],[bo.go.sip̚.tʃi.an.at̚.ʌ]
Not sure,9,,
한 번만 더 묻지,9,[ham.pʌn.man.tʌ.mut̚.tʃi],[han.bʌn.man.dʌ.mut̚.tʃi]
곳에 영혼도,9,[kot̚.e.jʌŋ.hon.to],[got̚.e.jʌŋ.hon.to]
한 번만 더 해보자,9,[ham.pʌn.man.tʌ.hɛ.po.tʃa],[han.bʌn.man.dʌ.hɛ.bo.dʒa]
한 번만 더 할게요,9,[ham.pʌn.man.tʌ.hal.ke.jo],[han.bʌn.man.dʌ.hal.ke.jo]
화날 때,9,[hwa.nal.t͈ɛ],[hwa.nal.t͈ɛ]
한 번만 도와주세요,9,[ham.pʌn.man.to.wa.tʃu.se.jo],[han.bʌn.man.do.wa.dʒu.se.jo]
한 번만 실수해도,9,[ham.pʌn.man.sil.su.hɛ.to],[han.bʌn.man.sil.su.hɛ.do]
한 번만이에요,9,[ham.pʌn.man.i.e.jo],[han.bʌn.man.i.e.jo]
보고 오세요,9,[po.ko.o.se.jo],[bo.go.o.se.jo]
보고 와요,9,[po.ko.wa.jo],[bo.go.wa.jo]
내 종족,9,[nɛ.tʃoŋ.tʃok̚],[nɛ.dʒoŋ.dʒok̚]
곳에 왔어,9,[kot̚.e.wat̚.ʌ],[got̚.e.wat̚.ʌ]
부인할 수 없습니다,9,[pu.in.hal.su.ʌp̚.sɯp̚.ni.ta],[bu.in.hal.su.ʌp̚.sɯp̚.ni.da]
화내실 텐데,9,[hwa.nɛ.sil.tʰen.te],[hwa.nɛ.sil.tʰen.te]
이룰 수 있지,9,[i.ɾul.su.it̚.tʃi],[i.ɾul.su.it̚.tʃi]
내 좋아,9,[nɛ.tʃot̚.a],[nɛ.dʒot̚.a]
보고 이름을,9,[po.ko.i.ɾɯm.ɯl],[bo.go.i.ɾɯm.ɯl]
한 벌밖에,9,[ham.pʌl.pak̚.e],[han.bʌl.pak̚.e]
한 벌은,9,[ham.pʌl.ɯn],[han.bʌl.ɯn]
화내지 않을,9,[hwa.nɛ.tʃi.an.ɯl],[hwa.nɛ.dʒi.an.ɯl]
한 병 가져와,9,[ham.pjʌŋ.ka.tʃjʌ.wa],[han.bjʌŋ.ga.dʒjʌ.wa]
한 병도,9,[ham.pjʌŋ.to],[han.bjʌŋ.do]
내 죗값을,9,[nɛ.tʃwet̚.kap̚.ɯl],[nɛ.dʒwet̚.kap̚.ɯl]
곳에 이르러 앉아,9,[kot̚.e.i.ɾɯ.ɾʌ.an.a],[got̚.e.i.ɾɯ.ɾʌ.an.a]
한 병이면,9,[ham.pjʌŋ.i.mjʌn],[han.bjʌŋ.i.mjʌn]
보고 있는 거예요,9,[po.ko.it̚.nɯŋ.kʌ.je.jo],[bo.go.it̚.nɯn.gʌ.je.jo]
표 두 장을,9,[pʰjo.tu.tʃaŋ.ɯl],[pʰjo.du.dʒaŋ.ɯl]
걸 원했는데,9,[kʌl.wʌn.hɛt̚.nɯn.te],[gʌl.wʌn.hɛt̚.nɯn.te]
한 부대를,9,[ham.pu.tɛ.ɾɯl],[han.bu.dɛ.ɾɯl]
내 주마,9,[nɛ.tʃu.ma],[nɛ.dʒu.ma]
아빠 오면,9,[a.p͈a.o.mjʌn],[a.p͈a.o.mjʌn]
한 분께,9,[ham.puŋ.k͈e],[han.buŋ.k͈e]
곳에 있게,9,[kot̚.e.it̚.ke],[got̚.e.it̚.ke]
몰라요 다음,9,[mol.ɾa.jo.ta.ɯm],[mol.ɾa.jo.da.ɯm]
보고 있는거지,9,[po.ko.it̚.nɯŋ.kʌ.tʃi],[bo.go.it̚.nɯŋ.kʌ.dʒi]
한 블록 떨어진 곳에서,9,[ham.pɯl.ɾok̚.t͈ʌl.ʌ.tʃiŋ.kot̚.e.sʌ],[han.bɯl.ɾok̚.t͈ʌl.ʌ.dʒin.got̚.e.sʌ]
지내다 보니,9,[tʃi.nɛ.ta.po.ni],[dʒi.nɛ.da.bo.ni]
한 사건이,9,[han.sa.kʌn.i],[han.sa.gʌn.i]
보고 있다는 걸,9,[po.ko.it̚.ta.nɯŋ.kʌl],[bo.go.it̚.ta.nɯn.gʌl]
한 사람으로부터,9,[han.sa.ɾam.ɯ.ɾo.pu.tʰʌ],[han.sa.ɾam.ɯ.ɾo.bu.tʰʌ]
이륙 준비하라,9,[i.ɾjuk̚.tʃum.pi.ha.ɾa],[i.ɾjuk̚.dʒum.pi.ha.ɾa]
화랑 중에 왕이,9,[hwa.ɾaŋ.tʃuŋ.e.waŋ.i],[hwa.ɾaŋ.dʒuŋ.e.waŋ.i]
화려한 건,9,[hwa.ɾjʌ.haŋ.kʌn],[hwa.ɾjʌ.han.gʌn]
내 주셔서 감사해요,9,[nɛ.tʃu.sjʌ.sʌ.kam.sa.hɛ.jo],[nɛ.dʒu.sjʌ.sʌ.gam.sa.hɛ.jo]
보고 있어 저,9,[po.ko.it̚.ʌ.tʃʌ],[bo.go.it̚.ʌ.dʒʌ]
걸 원했을,9,[kʌl.wʌn.hɛt̚.ɯl],[gʌl.wʌn.hɛt̚.ɯl]
한 사람이 모든 걸,9,[han.sa.ɾam.i.mo.tɯŋ.kʌl],[han.sa.ɾam.i.mo.dɯn.gʌl]
한 사람이 있다,9,[han.sa.ɾam.i.it̚.ta],[han.sa.ɾam.i.it̚.ta]
한 사람인데,9,[han.sa.ɾam.in.te],[han.sa.ɾam.in.te]
아빠 이걸,9,[a.p͈a.i.kʌl],[a.p͈a.i.gʌl]
한 사실이,9,[han.sa.sil.i],[han.sa.sil.i]
내 주위엔,9,[nɛ.tʃu.wi.en],[nɛ.dʒu.wi.en]
한 새로운,9,[han.sɛ.ɾo.un],[han.sɛ.ɾo.un]
한 선생님도,9,[han.sʌn.sɛŋ.nin.to],[han.sʌn.sɛŋ.nin.to]
says I,9,,
곳에 있어서,9,[kot̚.e.it̚.ʌ.sʌ],[got̚.e.it̚.ʌ.sʌ]
이른 것 같아,9,[i.ɾɯŋ.kʌt̚.kat̚.a],[i.ɾɯn.gʌt̚.gat̚.a]
한 세대가,9,[han.se.tɛ.ka],[han.se.dɛ.ga]
관심이 많거든요,9,[kwan.sim.i.maŋ.kʌ.tɯn.jo],[gwan.sim.i.maŋ.kʌ.dɯn.jo]
내 주치의,9,[nɛ.tʃu.tʃʰi.ɯi],[nɛ.dʒu.tʃʰi.ɯi]
한 소년,9,[han.so.njʌn],[han.so.njʌn]
이른 시일,9,[i.ɾɯn.si.il],[i.ɾɯn.si.il]
화를 내도,9,[hwa.ɾɯl.lɛ.to],[hwa.ɾɯl.lɛ.do]
이른 시간이죠,9,[i.ɾɯn.si.kan.i.tʃjo],[i.ɾɯn.si.gan.i.dʒjo]
이를 갈고,9,[i.ɾɯl.kal.ko],[i.ɾɯl.gal.ko]
부재 중,9,[pu.tʃɛ.tʃuŋ],[bu.dʒɛ.dʒuŋ]
보고 있진,9,[po.ko.it̚.tʃin],[bo.go.it̚.tʃin]
내 중간 이름,9,[nɛ.tʃuŋ.kan.i.ɾɯm],[nɛ.dʒuŋ.gan.i.ɾɯm]
곳에 있었을,9,[kot̚.e.it̚.ʌt̚.ɯl],[got̚.e.it̚.ʌt̚.ɯl]
내 중간 이름은,9,[nɛ.tʃuŋ.kan.i.ɾɯm.ɯn],[nɛ.dʒuŋ.gan.i.ɾɯm.ɯn]
한 시간 거리에,9,[han.si.kaŋ.kʌ.ɾi.e],[han.si.gan.gʌ.ɾi.e]
곳에 있었지,9,[kot̚.e.it̚.ʌt̚.tʃi],[got̚.e.it̚.ʌt̚.tʃi]
곳에 있으니,9,[kot̚.e.it̚.ɯ.ni],[got̚.e.it̚.ɯ.ni]
한 시간 밖에,9,[han.si.kam.pak̚.e],[han.si.gan.bak̚.e]
한 시간 이내에,9,[han.si.kan.i.nɛ.e],[han.si.gan.i.nɛ.e]
한 시간 일찍,9,[han.si.kan.il.tʃ͈ik̚],[han.si.gan.il.tʃ͈ik̚]
보고 판단하면,9,[po.ko.pʰan.tan.ha.mjʌn],[bo.go.pʰan.tan.ha.mjʌn]
내 증언이,9,[nɛ.tʃɯŋ.ʌn.i],[nɛ.dʒɯŋ.ʌn.i]
한 시간 전쯤에,9,[han.si.kan.tʃʌn.tʃ͈ɯm.e],[han.si.gan.dʒʌn.tʃ͈ɯm.e]
한 시간 정도 걸릴,9,[han.si.kan.tʃʌŋ.to.kʌl.ɾil],[han.si.gan.dʒʌŋ.do.gʌl.ɾil]
곳에 있을 수,9,[kot̚.e.it̚.ɯl.su],[got̚.e.it̚.ɯl.su]
한 시간밖에 안,9,[han.si.kam.pak̚.e.an],[han.si.gam.pak̚.e.an]
화를 잘 내고,9,[hwa.ɾɯl.tʃal.lɛ.ko],[hwa.ɾɯl.dʒal.lɛ.go]
내 지구의,9,[nɛ.tʃi.ku.ɯi],[nɛ.dʒi.gu.ɯi]
내 지능을,9,[nɛ.tʃi.nɯŋ.ɯl],[nɛ.dʒi.nɯŋ.ɯl]
내 지문을,9,[nɛ.tʃi.mun.ɯl],[nɛ.dʒi.mun.ɯl]
보고를 받았다,9,[po.ko.ɾɯl.pat̚.at̚.ta],[bo.go.ɾɯl.bat̚.at̚.ta]
관심이 많았죠,9,[kwan.sim.i.man.at̚.tʃjo],[gwan.sim.i.man.at̚.tʃjo]
한 아무것도,9,[han.a.mu.kʌt̚.to],[han.a.mu.gʌt̚.to]
보고를 하고,9,[po.ko.ɾɯl.ha.ko],[bo.go.ɾɯl.ha.go]
내 지시는,9,[nɛ.tʃi.si.nɯn],[nɛ.dʒi.si.nɯn]
한 알에,9,[han.al.e],[han.al.e]
보고만 있으라고,9,[po.ko.man.it̚.ɯ.ɾa.ko],[bo.go.man.it̚.ɯ.ɾa.go]
곳에 한,9,[kot̚.e.han],[got̚.e.han]
보고만 있을 수,9,[po.ko.man.it̚.ɯl.su],[bo.go.man.it̚.ɯl.su]
거다 바로,9,[kʌ.ta.pa.ɾo],[gʌ.da.ba.ɾo]
다른 바지에,9,[ta.ɾɯm.pa.tʃi.e],[da.ɾɯn.ba.dʒi.e]
화분 밑에,9,[hwa.pun.mit̚.e],[hwa.bun.mit̚.e]
이름 들어봤어,9,[i.ɾɯn.tɯl.ʌ.pwat̚.ʌ],[i.ɾɯm.dɯl.ʌ.bwat̚.ʌ]
급이 안,9,[kɯp̚.i.an],[gɯp̚.i.an]
이름 마이클 웨스턴이야,9,[i.ɾɯm.ma.i.kʰɯl.we.sɯ.tʰʌn.i.ja],[i.ɾɯm.ma.i.kʰɯl.we.sɯ.tʰʌn.i.ja]
한 일 말이야,9,[han.il.mal.i.ja],[han.il.mal.i.ja]
보고서에 그렇게,9,[po.ko.sʌ.e.kɯ.ɾʌt̚.ke],[bo.go.sʌ.e.gɯ.ɾʌt̚.ke]
한 일년,9,[han.il.ljʌn],[han.il.ljʌn]
And thank you,9,,
보고서에 뭐라고,9,[po.ko.sʌ.e.mwʌ.ɾa.ko],[bo.go.sʌ.e.mwʌ.ɾa.go]
화성 과학,9,[hwa.sʌŋ.kwa.hak̚],[hwa.sʌŋ.gwa.hak̚]
갖고 가세요,9,[kat̚.ko.ka.se.jo],[gat̚.ko.ga.se.jo]
화성과 목성,9,[hwa.sʌŋ.kwa.mok̚.sʌŋ],[hwa.sʌŋ.gwa.mok̚.sʌŋ]
한 일이잖아요,9,[han.il.i.tʃan.a.jo],[han.il.i.dʒan.a.jo]
이름 부르는 거,9,[i.ɾɯm.pu.ɾɯ.nɯŋ.kʌ],[i.ɾɯm.bu.ɾɯ.nɯn.gʌ]
한 입씩,9,[han.ip̚.s͈ik̚],[han.ip̚.s͈ik̚]
please deal with,9,,
화성의 대기는,9,[hwa.sʌŋ.ɯi.tɛ.ki.nɯn],[hwa.sʌŋ.ɯi.dɛ.gi.nɯn]
한 자들을,9,[han.tʃa.tɯl.ɯl],[han.dʒa.dɯl.ɯl]
화성 표면,9,[hwa.sʌm.pʰjo.mjʌn],[hwa.sʌm.pʰjo.mjʌn]
보고해 난,9,[po.ko.hɛ.nan],[bo.go.hɛ.nan]
한 잔 가져다,9,[han.tʃaŋ.ka.tʃjʌ.ta],[han.dʒan.ga.dʒjʌ.da]
보고해 줘,9,[po.ko.hɛ.tʃwʌ],[bo.go.hɛ.dʒwʌ]
이름 붙이는,9,[i.ɾɯm.put̚.i.nɯn],[i.ɾɯm.but̚.i.nɯn]
화요일 아침에,9,[hwa.jo.il.a.tʃʰim.e],[hwa.jo.il.a.tʃʰim.e]
한 잔 더 할까,9,[han.tʃan.tʌ.hal.k͈a],[han.dʒan.dʌ.hal.k͈a]
아빠가 가면,9,[a.p͈a.ka.ka.mjʌn],[a.p͈a.ga.ga.mjʌn]
says you,9,,
내가 애초에,9,[nɛ.ka.ɛ.tʃʰo.e],[nɛ.ga.ɛ.tʃʰo.e]
급하게 출발하는,9,[kɯp̚.ha.ke.tʃʰul.pal.ha.nɯn],[gɯp̚.ha.ge.tʃʰul.pal.ha.nɯn]
한 잔 마셨어,9,[han.tʃan.ma.sjʌt̚.ʌ],[han.dʒan.ma.sjʌt̚.ʌ]
부족한 것 같아,9,[pu.tʃok̚.haŋ.kʌt̚.kat̚.a],[bu.dʒok̚.han.gʌt̚.gat̚.a]
화이트 골드,9,[hwa.i.tʰɯ.kol.tɯ],[hwa.i.tʰɯ.gol.tɯ]
급하게 출발하는 소리,9,[kɯp̚.ha.ke.tʃʰul.pal.ha.nɯn.so.ɾi],[gɯp̚.ha.ge.tʃʰul.pal.ha.nɯn.so.ɾi]
보관할 거야,9,[po.kwan.hal.kʌ.ja],[bo.gwan.hal.gʌ.ja]
화이트 크리스마스를,9,[hwa.i.tʰɯ.kʰɯ.ɾi.sɯ.ma.sɯ.ɾɯl],[hwa.i.tʰɯ.kʰɯ.ɾi.sɯ.ma.sɯ.ɾɯl]
한 잔 해야겠다,9,[han.tʃan.hɛ.ja.ket̚.ta],[han.dʒan.hɛ.ja.get̚.ta]
한 잔 해야겠어,9,[han.tʃan.hɛ.ja.ket̚.ʌ],[han.dʒan.hɛ.ja.get̚.ʌ]
곳에서 살 수,9,[kot̚.e.sʌ.sal.su],[got̚.e.sʌ.sal.su]
이름 예쁘네요,9,[i.ɾɯm.je.p͈ɯ.ne.jo],[i.ɾɯm.je.p͈ɯ.ne.jo]
보군 그,9,[po.kuŋ.kɯ],[bo.gun.gɯ]
한 잔만 해요,9,[han.tʃan.man.hɛ.jo],[han.dʒan.man.hɛ.jo]
내 질문엔,9,[nɛ.tʃil.mun.en],[nɛ.dʒil.mun.en]
If they''re,9,,
화장 좀 고치고,9,[hwa.tʃaŋ.tʃom.ko.tʃʰi.ko],[hwa.dʒaŋ.dʒom.go.tʃʰi.go]
be even,9,,
화장도 안,9,[hwa.tʃaŋ.to.an],[hwa.dʒaŋ.do.an]
아빠가 그랬던,9,[a.p͈a.ka.kɯ.ɾɛt̚.tʌn],[a.p͈a.ga.gɯ.ɾɛt̚.tʌn]
이름 적고,9,[i.ɾɯn.tʃʌk̚.ko],[i.ɾɯm.dʒʌk̚.ko]
한 장 안,9,[han.tʃaŋ.an],[han.dʒaŋ.an]
보군요 난,9,[po.kun.jo.nan],[bo.gun.jo.nan]
한 적 없는 것,9,[han.tʃʌk̚.ʌp̚.nɯŋ.kʌt̚],[han.dʒʌk̚.ʌp̚.nɯn.gʌt̚]
부족해 난,9,[pu.tʃok̚.hɛ.nan],[bu.dʒok̚.hɛ.nan]
한 적 없다고,9,[han.tʃʌk̚.ʌp̚.ta.ko],[han.dʒʌk̚.ʌp̚.ta.go]
한 적도 없어,9,[han.tʃʌk̚.to.ʌp̚.ʌ],[han.dʒʌk̚.to.ʌp̚.ʌ]
보기 시작했다,9,[po.ki.si.tʃak̚.hɛt̚.ta],[bo.gi.si.dʒak̚.hɛt̚.ta]
한 점도,9,[han.tʃʌn.to],[han.dʒʌn.to]
한 점을,9,[han.tʃʌm.ɯl],[han.dʒʌm.ɯl]
한 접시만,9,[han.tʃʌp̚.si.man],[han.dʒʌp̚.si.man]
이름과 주소가,9,[i.ɾɯm.kwa.tʃu.so.ka],[i.ɾɯm.kwa.dʒu.so.ga]
감히 말하건대,9,[kam.hi.mal.ha.kʌn.tɛ],[gam.hi.mal.ha.gʌn.tɛ]
화장실 쓸,9,[hwa.tʃaŋ.sil.s͈ɯl],[hwa.dʒaŋ.sil.s͈ɯl]
한 조각은,9,[han.tʃo.kak̚.ɯn],[han.dʒo.gak̚.ɯn]
한 조각이다,9,[han.tʃo.kak̚.i.ta],[han.dʒo.gak̚.i.da]
보기 안 좋아요,9,[po.ki.an.tʃot̚.a.jo],[bo.gi.an.dʒot̚.a.jo]
한 죄,9,[han.tʃwe],[han.dʒwe]
내 집에서 나가라,9,[nɛ.tʃip̚.e.sʌ.na.ka.ɾa],[nɛ.dʒip̚.e.sʌ.na.ga.ɾa]
한 주였어,9,[han.tʃu.jʌt̚.ʌ],[han.dʒu.jʌt̚.ʌ]
보기 전엔 안,9,[po.ki.tʃʌn.en.an],[bo.gi.dʒʌn.en.an]
한 줄만,9,[han.tʃul.man],[han.dʒul.man]
곳엔 안,9,[kot̚.en.an],[got̚.en.an]
한 지 너무,9,[han.tʃi.nʌ.mu],[han.dʒi.nʌ.mu]
내 집에서 썩,9,[nɛ.tʃip̚.e.sʌ.s͈ʌk̚],[nɛ.dʒip̚.e.sʌ.s͈ʌk̚]
화장실 청소를,9,[hwa.tʃaŋ.sil.tʃʰʌŋ.so.ɾɯl],[hwa.dʒaŋ.sil.tʃʰʌŋ.so.ɾɯl]
한 지붕 아래서,9,[han.tʃi.puŋ.a.ɾɛ.sʌ],[han.dʒi.buŋ.a.ɾɛ.sʌ]
이름도 알아요,9,[i.ɾɯn.to.al.a.jo],[i.ɾɯn.to.al.a.jo]
한 짓 좀 봐,9,[han.tʃit̚.tʃom.pwa],[han.dʒit̚.dʒom.bwa]
화장실에 갔는데,9,[hwa.tʃaŋ.sil.e.kat̚.nɯn.te],[hwa.dʒaŋ.sil.e.gat̚.nɯn.te]
한 짓을 내가,9,[han.tʃit̚.ɯl.lɛ.ka],[han.dʒit̚.ɯl.lɛ.ga]
한 짓을 보고도,9,[han.tʃit̚.ɯl.po.ko.to],[han.dʒit̚.ɯl.bo.go.do]
보기로 했지,9,[po.ki.ɾo.hɛt̚.tʃi],[bo.gi.ɾo.hɛt̚.tʃi]
내 집이라고요,9,[nɛ.tʃip̚.i.ɾa.ko.jo],[nɛ.dʒip̚.i.ɾa.go.jo]
한 짓이라고요,9,[han.tʃit̚.i.ɾa.ko.jo],[han.dʒit̚.i.ɾa.go.jo]
감히 여기,9,[kam.hi.jʌ.ki],[gam.hi.jʌ.gi]
부탁 들어주면,9,[pu.tʰak̚.tɯl.ʌ.tʃu.mjʌn],[bu.tʰak̚.dɯl.ʌ.dʒu.mjʌn]
이름에 먹칠하는,9,[i.ɾɯm.e.mʌk̚.tʃʰil.ha.nɯn],[i.ɾɯm.e.mʌk̚.tʃʰil.ha.nɯn]
한 짓인데,9,[han.tʃit̚.in.te],[han.dʒit̚.in.te]
하시는 이유가,9,[ha.si.nɯn.i.ju.ka],[ha.si.nɯn.i.ju.ga]
감히 여길,9,[kam.hi.jʌ.kil],[gam.hi.jʌ.gil]
한 쪽도,9,[han.tʃ͈ok̚.to],[han.tʃ͈ok̚.to]
이름으로 널,9,[i.ɾɯm.ɯ.ɾo.nʌl],[i.ɾɯm.ɯ.ɾo.nʌl]
이름으로 너를,9,[i.ɾɯm.ɯ.ɾo.nʌ.ɾɯl],[i.ɾɯm.ɯ.ɾo.nʌ.ɾɯl]
보기엔 그래,9,[po.ki.eŋ.kɯ.ɾɛ],[bo.gi.en.gɯ.ɾɛ]
보기엔 너도,9,[po.ki.en.nʌ.to],[bo.gi.en.nʌ.do]
한 칸씩,9,[haŋ.kʰan.s͈ik̚],[haŋ.kʰan.s͈ik̚]
한 컵에,9,[haŋ.kʰʌp̚.e],[haŋ.kʰʌp̚.e]
보기엔 어때,9,[po.ki.en.ʌ.t͈ɛ],[bo.gi.en.ʌ.t͈ɛ]
한 톨,9,[han.tʰol],[han.tʰol]
한 통 다,9,[han.tʰoŋ.ta],[han.tʰoŋ.da]
화재 현장에,9,[hwa.tʃɛ.hjʌn.tʃaŋ.e],[hwa.dʒɛ.hjʌn.tʃaŋ.e]
부탁 하나 드려도 될까요,9,[pu.tʰak̚.ha.na.tɯ.ɾjʌ.to.twel.k͈a.jo],[bu.tʰak̚.ha.na.dɯ.ɾjʌ.do.dwel.k͈a.jo]
부탁 하나 드려도,9,[pu.tʰak̚.ha.na.tɯ.ɾjʌ.to],[bu.tʰak̚.ha.na.dɯ.ɾjʌ.do]
보긴 했죠,9,[po.kin.hɛt̚.tʃjo],[bo.gin.hɛt̚.tʃjo]
한 통화만,9,[han.tʰoŋ.hwa.man],[han.tʰoŋ.hwa.man]
화재에 대해,9,[hwa.tʃɛ.e.tɛ.hɛ],[hwa.dʒɛ.e.dɛ.hɛ]
뜨면 안 돼,9,[t͈ɯ.mjʌn.an.twɛ],[t͈ɯ.mjʌn.an.dwɛ]
한 팀의,9,[han.tʰim.ɯi],[han.tʰim.ɯi]
화제가 되고 있습니다,9,[hwa.tʃe.ka.twe.ko.it̚.sɯp̚.ni.ta],[hwa.dʒe.ga.dwe.go.it̚.sɯp̚.ni.da]
곳으로 갈 수 있어,9,[kot̚.ɯ.ɾo.kal.su.it̚.ʌ],[got̚.ɯ.ɾo.gal.su.it̚.ʌ]
아빠가 되어,9,[a.p͈a.ka.twe.ʌ],[a.p͈a.ga.dwe.ʌ]
이름으로 해,9,[i.ɾɯm.ɯ.ɾo.hɛ],[i.ɾɯm.ɯ.ɾo.hɛ]
화학 물질의,9,[hwa.hak̚.mul.tʃil.ɯi],[hwa.hak̚.mul.tʃil.ɯi]
한 푼도 더,9,[ham.pʰun.to.tʌ],[ham.pʰun.to.dʌ]
내가 살아갈,9,[nɛ.ka.sal.a.kal],[nɛ.ga.sal.a.gal]
한 하지만,9,[han.ha.tʃi.man],[han.ha.dʒi.man]
곳으로 갔을,9,[kot̚.ɯ.ɾo.kat̚.ɯl],[got̚.ɯ.ɾo.gat̚.ɯl]
내 차례야 넌,9,[nɛ.tʃʰa.ɾje.ja.nʌn],[nɛ.tʃʰa.ɾje.ja.nʌn]
한 해였어요,9,[han.hɛ.jʌt̚.ʌ.jo],[han.hɛ.jʌt̚.ʌ.jo]
보내 드립니다,9,[po.nɛ.tɯ.ɾip̚.ni.ta],[bo.nɛ.dɯ.ɾip̚.ni.da]
보내 버릴,9,[po.nɛ.pʌ.ɾil],[bo.nɛ.bʌ.ɾil]
이름은 놈을 위해,9,[i.ɾɯm.ɯn.nom.ɯl.wi.hɛ],[i.ɾɯm.ɯn.nom.ɯl.wi.hɛ]
현실을 직시할,9,[hjʌn.sil.ɯl.tʃik̚.si.hal],[hjʌn.sil.ɯl.dʒik̚.si.hal]
갑니다 내,9,[kap̚.ni.ta.nɛ],[gap̚.ni.da.nɛ]
한가한 사람,9,[haŋ.ka.han.sa.ɾam],[haŋ.ka.han.sa.ɾam]
한가한 줄,9,[haŋ.ka.han.tʃul],[haŋ.ka.han.dʒul]
한거 같아,9,[haŋ.kʌ.kat̚.a],[haŋ.kʌ.gat̚.a]
부탁드릴 일이,9,[pu.tʰak̚.tɯ.ɾil.il.i],[bu.tʰak̚.tɯ.ɾil.il.i]
곳으로 데려가야 해,9,[kot̚.ɯ.ɾo.te.ɾjʌ.ka.ja.hɛ],[got̚.ɯ.ɾo.de.ɾjʌ.ga.ja.hɛ]
한건 아니에요,9,[haŋ.kʌn.a.ni.e.jo],[haŋ.kʌn.a.ni.e.jo]
한걸음도 갈수가,9,[haŋ.kʌl.ɯn.to.kal.su.ka],[haŋ.kʌl.ɯn.to.gal.su.ga]
한결 마음이,9,[haŋ.kjʌl.ma.ɯm.i],[haŋ.kjʌl.ma.ɯm.i]
내 착한,9,[nɛ.tʃʰak̚.han],[nɛ.tʃʰak̚.han]
내 창고,9,[nɛ.tʃʰaŋ.ko],[nɛ.tʃʰaŋ.go]
급할 건,9,[kɯp̚.hal.kʌn],[gɯp̚.hal.gʌn]
한곳에 모아,9,[haŋ.kot̚.e.mo.a],[haŋ.kot̚.e.mo.a]
갖고 나가서,9,[kat̚.ko.na.ka.sʌ],[gat̚.ko.na.ga.sʌ]
한국대 법의관 사무소,9,[haŋ.kuk̚.tɛ.pʌp̚.ɯi.kwan.sa.mu.so],[haŋ.kuk̚.tɛ.bʌp̚.ɯi.gwan.sa.mu.so]
걸 인정하는 거야,9,[kʌl.in.tʃʌŋ.ha.nɯŋ.kʌ.ja],[gʌl.in.tʃʌŋ.ha.nɯn.gʌ.ja]
보내고 그,9,[po.nɛ.ko.kɯ],[bo.nɛ.go.gɯ]
확률이 커요,9,[hwak̚.ɾjul.i.kʰʌ.jo],[hwak̚.ɾjul.i.kʰʌ.jo]
보내고 내,9,[po.nɛ.ko.nɛ],[bo.nɛ.go.nɛ]
확보 못,9,[hwak̚.po.mot̚],[hwak̚.po.mot̚]
관심이 있었지,9,[kwan.sim.i.it̚.ʌt̚.tʃi],[gwan.sim.i.it̚.ʌt̚.tʃi]
곳으로 돌아갈,9,[kot̚.ɯ.ɾo.tol.a.kal],[got̚.ɯ.ɾo.dol.a.gal]
한나 맥케이는,9,[han.na.mɛk̚.kʰe.i.nɯn],[han.na.mɛk̚.kʰe.i.nɯn]
보내고 싶을,9,[po.nɛ.ko.sip̚.ɯl],[bo.nɛ.go.sip̚.ɯl]
한네스 씨,9,[han.ne.sɯ.s͈i],[han.ne.sɯ.s͈i]
곳으로 만드는,9,[kot̚.ɯ.ɾo.man.tɯ.nɯn],[got̚.ɯ.ɾo.man.tɯ.nɯn]
부탁이 아냐,9,[pu.tʰak̚.i.a.nja],[bu.tʰak̚.i.a.nja]
한다 그는,9,[han.ta.kɯ.nɯn],[han.ta.gɯ.nɯn]
한다 너는,9,[han.ta.nʌ.nɯn],[han.ta.nʌ.nɯn]
한다 너희,9,[han.ta.nʌ.hɯi],[han.ta.nʌ.hɯi]
보내기로 했어,9,[po.nɛ.ki.ɾo.hɛt̚.ʌ],[bo.nɛ.gi.ɾo.hɛt̚.ʌ]
관리도 못,9,[kwal.li.to.mot̚],[gwal.li.do.mot̚]
보내긴 싫어,9,[po.nɛ.kin.sil.ʌ],[bo.nɛ.gin.sil.ʌ]
내 처지가,9,[nɛ.tʃʰʌ.tʃi.ka],[nɛ.tʃʰʌ.dʒi.ga]
한다 안녕,9,[han.ta.an.njʌŋ],[han.ta.an.njʌŋ]
뜻 없는,9,[t͈ɯt̚.ʌp̚.nɯn],[t͈ɯt̚.ʌp̚.nɯn]
뜻 없었어요,9,[t͈ɯt̚.ʌp̚.ʌt̚.ʌ.jo],[t͈ɯt̚.ʌp̚.ʌt̚.ʌ.jo]
내 첫사랑이야,9,[nɛ.tʃʰʌt̚.sa.ɾaŋ.i.ja],[nɛ.tʃʰʌt̚.sa.ɾaŋ.i.ja]
내가 어떻게 그렇게,9,[nɛ.ka.ʌ.t͈ʌt̚.ke.kɯ.ɾʌt̚.ke],[nɛ.ga.ʌ.t͈ʌt̚.ke.gɯ.ɾʌt̚.ke]
긍정적으로 보면,9,[kɯŋ.tʃʌŋ.tʃʌk̚.ɯ.ɾo.po.mjʌn],[gɯŋ.dʒʌŋ.dʒʌk̚.ɯ.ɾo.bo.mjʌn]
부탁이야 고마워,9,[pu.tʰak̚.i.ja.ko.ma.wʌ],[bu.tʰak̚.i.ja.go.ma.wʌ]
한다고 나한테,9,[han.ta.ko.na.han.tʰe],[han.ta.go.na.han.tʰe]
이름은 알,9,[i.ɾɯm.ɯn.al],[i.ɾɯm.ɯn.al]
보내도 돼,9,[po.nɛ.to.twɛ],[bo.nɛ.do.dwɛ]
even though I,9,,
보내도 될까요,9,[po.nɛ.to.twel.k͈a.jo],[bo.nɛ.do.dwel.k͈a.jo]
부탁이야 넌,9,[pu.tʰak̚.i.ja.nʌn],[bu.tʰak̚.i.ja.nʌn]
곳으로 이사,9,[kot̚.ɯ.ɾo.i.sa],[got̚.ɯ.ɾo.i.sa]
물리칠 수 있을,9,[mul.ɾi.tʃʰil.su.it̚.ɯl],[mul.ɾi.tʃʰil.su.it̚.ɯl]
다른 부분,9,[ta.ɾɯm.pu.pun],[da.ɾɯn.bu.bun]
보내면 되잖아,9,[po.nɛ.mjʌn.twe.tʃan.a],[bo.nɛ.mjʌn.dwe.dʒan.a]
한다고 이건,9,[han.ta.ko.i.kʌn],[han.ta.go.i.gʌn]
갑시다 고마워요,9,[kap̚.si.ta.ko.ma.wʌ.jo],[gap̚.si.da.go.ma.wʌ.jo]
한다고 이미,9,[han.ta.ko.i.mi],[han.ta.go.i.mi]
확신하지 않는다,9,[hwak̚.sin.ha.tʃi.an.nɯn.ta],[hwak̚.sin.ha.dʒi.an.nɯn.ta]
being there,9,,
한다고 저,9,[han.ta.ko.tʃʌ],[han.ta.go.dʒʌ]
뜻대로 하지,9,[t͈ɯt̚.tɛ.ɾo.ha.tʃi],[t͈ɯt̚.tɛ.ɾo.ha.dʒi]
내 최종,9,[nɛ.tʃʰwe.tʃoŋ],[nɛ.tʃʰwe.dʒoŋ]
보내면 좋을,9,[po.nɛ.mjʌn.tʃot̚.ɯl],[bo.nɛ.mjʌn.dʒot̚.ɯl]
보내서 온,9,[po.nɛ.sʌ.on],[bo.nɛ.sʌ.on]
이름은 윌리엄,9,[i.ɾɯm.ɯn.wil.ɾi.ʌm],[i.ɾɯm.ɯn.wil.ɾi.ʌm]
곳은 단,9,[kot̚.ɯn.tan],[got̚.ɯn.dan]
확실하게 그,9,[hwak̚.sil.ha.ke.kɯ],[hwak̚.sil.ha.ge.gɯ]
한다고요 내,9,[han.ta.ko.jo.nɛ],[han.ta.go.jo.nɛ]
한다고요 하지만,9,[han.ta.ko.jo.ha.tʃi.man],[han.ta.go.jo.ha.dʒi.man]
pray for,9,,
확실하게 아는,9,[hwak̚.sil.ha.ke.a.nɯn],[hwak̚.sil.ha.ge.a.nɯn]
보내신 거예요,9,[po.nɛ.siŋ.kʌ.je.jo],[bo.nɛ.sin.gʌ.je.jo]
보내신 겁니다,9,[po.nɛ.siŋ.kʌp̚.ni.ta],[bo.nɛ.sin.gʌp̚.ni.da]
갖고 내가,9,[kat̚.ko.nɛ.ka],[gat̚.ko.nɛ.ga]
내 취미거든,9,[nɛ.tʃʰwi.mi.kʌ.tɯn],[nɛ.tʃʰwi.mi.gʌ.dɯn]
한다는 걸 알았어요,9,[han.ta.nɯŋ.kʌl.al.at̚.ʌ.jo],[han.ta.nɯn.gʌl.al.at̚.ʌ.jo]
보내야 하죠,9,[po.nɛ.ja.ha.tʃjo],[bo.nɛ.ja.ha.dʒjo]
확실하지 않잖아,9,[hwak̚.sil.ha.tʃi.an.tʃan.a],[hwak̚.sil.ha.dʒi.an.tʃan.a]
한다는 뜻은 아니야,9,[han.ta.nɯn.t͈ɯt̚.ɯn.a.ni.ja],[han.ta.nɯn.t͈ɯt̚.ɯn.a.ni.ja]
보내야 할지,9,[po.nɛ.ja.hal.tʃi],[bo.nɛ.ja.hal.tʃi]
한다는 말이지,9,[han.ta.nɯn.mal.i.tʃi],[han.ta.nɯn.mal.i.dʒi]
한다는 소문이,9,[han.ta.nɯn.so.mun.i],[han.ta.nɯn.so.mun.i]
확실한 거니,9,[hwak̚.sil.haŋ.kʌ.ni],[hwak̚.sil.han.gʌ.ni]
내 치과,9,[nɛ.tʃʰi.kwa],[nɛ.tʃʰi.gwa]
곳은 아니지,9,[kot̚.ɯn.a.ni.tʃi],[got̚.ɯn.a.ni.dʒi]
확실한 건 아니에요,9,[hwak̚.sil.haŋ.kʌn.a.ni.e.jo],[hwak̚.sil.han.gʌn.a.ni.e.jo]
한다면 그런,9,[han.ta.mjʌŋ.kɯ.ɾʌn],[han.ta.mjʌn.gɯ.ɾʌn]
긍정적인 영향을,9,[kɯŋ.tʃʌŋ.tʃʌk̚.in.jʌŋ.hjaŋ.ɯl],[gɯŋ.dʒʌŋ.dʒʌk̚.in.jʌŋ.hjaŋ.ɯl]
관여하고 있어,9,[kwan.jʌ.ha.ko.it̚.ʌ],[gwan.jʌ.ha.go.it̚.ʌ]
긍지를 갖고,9,[kɯŋ.tʃi.ɾɯl.kat̚.ko],[gɯŋ.dʒi.ɾɯl.gat̚.ko]
한단 건,9,[han.taŋ.kʌn],[han.tan.gʌn]
보내줄 수도,9,[po.nɛ.tʃul.su.to],[bo.nɛ.dʒul.su.do]
보내줄 테니까,9,[po.nɛ.tʃul.tʰe.ni.k͈a],[bo.nɛ.dʒul.tʰe.ni.k͈a]
한대 난,9,[han.tɛ.nan],[han.tɛ.nan]
확실해 보입니다,9,[hwak̚.sil.hɛ.po.ip̚.ni.ta],[hwak̚.sil.hɛ.bo.ip̚.ni.da]
한데 넌,9,[han.te.nʌn],[han.te.nʌn]
보내지 그랬어,9,[po.nɛ.tʃi.kɯ.ɾɛt̚.ʌ],[bo.nɛ.dʒi.gɯ.ɾɛt̚.ʌ]
한데 아무래도,9,[han.te.a.mu.ɾɛ.to],[han.te.a.mu.ɾɛ.do]
pressure on,9,,
확실해요 내가,9,[hwak̚.sil.hɛ.jo.nɛ.ka],[hwak̚.sil.hɛ.jo.nɛ.ga]
갑시다 안,9,[kap̚.si.ta.an],[gap̚.si.da.an]
보내지 않는 게,9,[po.nɛ.tʃi.an.nɯŋ.ke],[bo.nɛ.dʒi.an.nɯn.ge]
한데 전,9,[han.te.tʃʌn],[han.te.dʒʌn]
한데 제,9,[han.te.tʃe],[han.te.dʒe]
보내지 않았을,9,[po.nɛ.tʃi.an.at̚.ɯl],[bo.nɛ.dʒi.an.at̚.ɯl]
내 친구들을 죽인,9,[nɛ.tʃʰiŋ.ku.tɯl.ɯl.tʃuk̚.in],[nɛ.tʃʰiŋ.ku.dɯl.ɯl.dʒuk̚.in]
확실히 가장,9,[hwak̚.sil.hi.ka.tʃaŋ],[hwak̚.sil.hi.ga.dʒaŋ]
내가 어떻게 해야 해,9,[nɛ.ka.ʌ.t͈ʌt̚.ke.hɛ.ja.hɛ],[nɛ.ga.ʌ.t͈ʌt̚.ke.hɛ.ja.hɛ]
아빠가 처음으로,9,[a.p͈a.ka.tʃʰʌ.ɯm.ɯ.ɾo],[a.p͈a.ga.tʃʰʌ.ɯm.ɯ.ɾo]
한두 가지는,9,[han.tu.ka.tʃi.nɯn],[han.tu.ga.dʒi.nɯn]
보낸 거겠죠,9,[po.nɛŋ.kʌ.ket̚.tʃjo],[bo.nɛn.gʌ.get̚.tʃjo]
한둘이 아냐,9,[han.tul.i.a.nja],[han.tul.i.a.nja]
확실히 그의,9,[hwak̚.sil.hi.kɯ.ɯi],[hwak̚.sil.hi.gɯ.ɯi]
곳은 없지,9,[kot̚.ɯn.ʌp̚.tʃi],[got̚.ɯn.ʌp̚.tʃi]
한둘이 아니지,9,[han.tul.i.a.ni.tʃi],[han.tul.i.a.ni.dʒi]
한들 希望なんてないのかい 희망이라곤,9,[han.tɯl.hɯi.maŋ.i.ɾa.kon],[han.tɯl.hɯi.maŋ.i.ɾa.gon]
한들 希望なんてないのかい,9,[han.tɯl],[han.tɯl]
확실히 눈에,9,[hwak̚.sil.hi.nun.e],[hwak̚.sil.hi.nun.e]
한때 밝게,9,[han.t͈ɛ.pak̚.ke],[han.t͈ɛ.bak̚.ke]
한때 밝게 빛났지만 이제,9,[han.t͈ɛ.pak̚.ke.pit̚.nat̚.tʃi.man.i.tʃe],[han.t͈ɛ.bak̚.ke.bit̚.nat̚.tʃi.man.i.dʒe]
한때 밝게 빛났지만,9,[han.t͈ɛ.pak̚.ke.pit̚.nat̚.tʃi.man],[han.t͈ɛ.bak̚.ke.bit̚.nat̚.tʃi.man]
한때 적극적이었지만 이제,9,[han.t͈ɛ.tʃʌk̚.kɯk̚.tʃʌk̚.i.ʌt̚.tʃi.man.i.tʃe],[han.t͈ɛ.dʒʌk̚.kɯk̚.tʃʌk̚.i.ʌt̚.tʃi.man.i.dʒe]
갑시다 오늘,9,[kap̚.si.ta.o.nɯl],[gap̚.si.da.o.nɯl]
갖고 노는군,9,[kat̚.ko.no.nɯŋ.kun],[gat̚.ko.no.nɯŋ.kun]
한때는 좋은,9,[han.t͈ɛ.nɯn.tʃot̚.ɯn],[han.t͈ɛ.nɯn.dʒot̚.ɯn]
확실히 말씀드리지만,9,[hwak̚.sil.hi.mal.s͈ɯn.tɯ.ɾi.tʃi.man],[hwak̚.sil.hi.mal.s͈ɯn.tɯ.ɾi.dʒi.man]
확실히 당신은,9,[hwak̚.sil.hi.taŋ.sin.ɯn],[hwak̚.sil.hi.daŋ.sin.ɯn]
보낸 것이,9,[po.nɛŋ.kʌt̚.i],[bo.nɛn.gʌt̚.i]
한마디 할까요,9,[han.ma.ti.hal.k͈a.jo],[han.ma.di.hal.k͈a.jo]
갑시다 우리가,9,[kap̚.si.ta.u.ɾi.ka],[gap̚.si.da.u.ɾi.ga]
한마디 해도 돼요,9,[han.ma.ti.hɛ.to.twɛ.jo],[han.ma.di.hɛ.do.dwɛ.jo]
한마디도 더 하지,9,[han.ma.ti.to.tʌ.ha.tʃi],[han.ma.di.do.dʌ.ha.dʒi]
보낸 메시지야,9,[po.nɛn.me.si.tʃi.ja],[bo.nɛn.me.si.dʒi.ja]
한마디도 할,9,[han.ma.ti.to.hal],[han.ma.di.do.hal]
한마디로 말해서,9,[han.ma.ti.ɾo.mal.hɛ.sʌ],[han.ma.di.ɾo.mal.hɛ.sʌ]
이름을 말해주세요,9,[i.ɾɯm.ɯl.mal.hɛ.tʃu.se.jo],[i.ɾɯm.ɯl.mal.hɛ.dʒu.se.jo]
보낸 사진을,9,[po.nɛn.sa.tʃin.ɯl],[bo.nɛn.sa.dʒin.ɯl]
보낸 선물입니다,9,[po.nɛn.sʌn.mul.ip̚.ni.ta],[bo.nɛn.sʌn.mul.ip̚.ni.da]
확실히 모른다,9,[hwak̚.sil.hi.mo.ɾɯn.ta],[hwak̚.sil.hi.mo.ɾɯn.ta]
확실히 말해두지,9,[hwak̚.sil.hi.mal.hɛ.tu.tʃi],[hwak̚.sil.hi.mal.hɛ.du.dʒi]
내 친구처럼,9,[nɛ.tʃʰiŋ.ku.tʃʰʌ.ɾʌm],[nɛ.tʃʰiŋ.ku.tʃʰʌ.ɾʌm]
보낸 줄 알았는데,9,[po.nɛn.tʃul.al.at̚.nɯn.te],[bo.nɛn.dʒul.al.at̚.nɯn.te]
이름을 밝힐,9,[i.ɾɯm.ɯl.pak̚.hil],[i.ɾɯm.ɯl.bak̚.hil]
한번 가 보세요,9,[ham.pʌŋ.ka.po.se.jo],[ham.pʌn.ga.bo.se.jo]
뜻이 아니야 내 말은,9,[t͈ɯt̚.i.a.ni.ja.nɛ.mal.ɯn],[t͈ɯt̚.i.a.ni.ja.nɛ.mal.ɯn]
보낼 거,9,[po.nɛl.kʌ],[bo.nɛl.gʌ]
부탁해 그래,9,[pu.tʰak̚.hɛ.kɯ.ɾɛ],[bu.tʰak̚.hɛ.gɯ.ɾɛ]
보낼 거라고요,9,[po.nɛl.kʌ.ɾa.ko.jo],[bo.nɛl.gʌ.ɾa.go.jo]
맞아요 고맙습니다,9,[mat̚.a.jo.ko.map̚.sɯp̚.ni.ta],[mat̚.a.jo.go.map̚.sɯp̚.ni.da]
한번 네,9,[ham.pʌn.ne],[ham.pʌn.ne]
한번 놀러 오세요,9,[ham.pʌn.nol.ɾʌ.o.se.jo],[ham.pʌn.nol.ɾʌ.o.se.jo]
이름을 불러도,9,[i.ɾɯm.ɯl.pul.ɾʌ.to],[i.ɾɯm.ɯl.bul.ɾʌ.do]
한번 더 해,9,[ham.pʌn.tʌ.hɛ],[ham.pʌn.dʌ.hɛ]
걸 입증하는,9,[kʌl.ip̚.tʃɯŋ.ha.nɯn],[gʌl.ip̚.tʃɯŋ.ha.nɯn]
보낼 게,9,[po.nɛl.ke],[bo.nɛl.ge]
내가 어젯밤,9,[nɛ.ka.ʌ.tʃet̚.pam],[nɛ.ga.ʌ.dʒet̚.pam]
한번 들어 보세요,9,[ham.pʌn.tɯl.ʌ.po.se.jo],[ham.pʌn.dɯl.ʌ.bo.se.jo]
한번 들어 봐,9,[ham.pʌn.tɯl.ʌ.pwa],[ham.pʌn.dɯl.ʌ.bwa]
한번 들어나,9,[ham.pʌn.tɯl.ʌ.na],[ham.pʌn.dɯl.ʌ.na]
내 카메라를,9,[nɛ.kʰa.me.ɾa.ɾɯl],[nɛ.kʰa.me.ɾa.ɾɯl]
보낼 방법이,9,[po.nɛl.pam.pʌp̚.i],[bo.nɛl.baŋ.bʌp̚.i]
뜻이 있는 곳에 길이,9,[t͈ɯt̚.i.it̚.nɯŋ.kot̚.e.kil.i],[t͈ɯt̚.i.it̚.nɯn.got̚.e.gil.i]
내 칼이야,9,[nɛ.kʰal.i.ja],[nɛ.kʰal.i.ja]
한번 만나 봐,9,[ham.pʌn.man.na.pwa],[ham.pʌn.man.na.bwa]
내 캐릭터는,9,[nɛ.kʰɛ.ɾik̚.tʰʌ.nɯn],[nɛ.kʰɛ.ɾik̚.tʰʌ.nɯn]
한번 말씀해,9,[ham.pʌn.mal.s͈ɯm.hɛ],[ham.pʌn.mal.s͈ɯm.hɛ]
한번 맞춰,9,[ham.pʌn.mat̚.tʃʰwʌ],[ham.pʌn.mat̚.tʃʰwʌ]
한번 맛을,9,[ham.pʌn.mat̚.ɯl],[ham.pʌn.mat̚.ɯl]
내 커피에,9,[nɛ.kʰʌ.pʰi.e],[nɛ.kʰʌ.pʰi.e]
확실히 하다,9,[hwak̚.sil.hi.ha.ta],[hwak̚.sil.hi.ha.da]
보낼 수 있지,9,[po.nɛl.su.it̚.tʃi],[bo.nɛl.su.it̚.tʃi]
보낼 수는 없어요,9,[po.nɛl.su.nɯn.ʌp̚.ʌ.jo],[bo.nɛl.su.nɯn.ʌp̚.ʌ.jo]
보낼 순 없는데,9,[po.nɛl.sun.ʌp̚.nɯn.te],[bo.nɛl.sun.ʌp̚.nɯn.te]
갑옷 거인의,9,[kap̚.ot̚.kʌ.in.ɯi],[gap̚.ot̚.gʌ.in.ɯi]
관여할 일은,9,[kwan.jʌ.hal.il.ɯn],[gwan.jʌ.hal.il.ɯn]
내 코가 석,9,[nɛ.kʰo.ka.sʌk̚],[nɛ.kʰo.ga.sʌk̚]
부터 내,9,[pu.tʰʌ.nɛ],[bu.tʰʌ.nɛ]
다른 사람들 다,9,[ta.ɾɯn.sa.ɾan.tɯl.ta],[da.ɾɯn.sa.ɾan.tɯl.da]
한번 살펴보자,9,[ham.pʌn.sal.pʰjʌ.po.tʃa],[ham.pʌn.sal.pʰjʌ.bo.dʒa]
물어 보고,9,[mul.ʌ.po.ko],[mul.ʌ.bo.go]
이름을 알려주세요,9,[i.ɾɯm.ɯl.al.ɾjʌ.tʃu.se.jo],[i.ɾɯm.ɯl.al.ɾjʌ.dʒu.se.jo]
확실히 해두자면,9,[hwak̚.sil.hi.hɛ.tu.tʃa.mjʌn],[hwak̚.sil.hi.hɛ.du.dʒa.mjʌn]
be if,9,,
보냈기 때문에,9,[po.nɛt̚.ki.t͈ɛ.mun.e],[bo.nɛt̚.ki.t͈ɛ.mun.e]
한번 알아 봐야겠어요,9,[ham.pʌn.al.a.pwa.ja.ket̚.ʌ.jo],[ham.pʌn.al.a.bwa.ja.get̚.ʌ.jo]
걸 잊곤,9,[kʌl.it̚.kon],[gʌl.it̚.kon]
한번 와서,9,[ham.pʌn.wa.sʌ],[ham.pʌn.wa.sʌ]
한번 이,9,[ham.pʌn.i],[ham.pʌn.i]
한번 잘하네,9,[ham.pʌn.tʃal.ha.ne],[ham.pʌn.dʒal.ha.ne]
한번 잘해,9,[ham.pʌn.tʃal.hɛ],[ham.pʌn.dʒal.hɛ]
확인 가능한가,9,[hwak̚.iŋ.ka.nɯŋ.haŋ.ka],[hwak̚.in.ga.nɯŋ.haŋ.ka]
보냈던 그,9,[po.nɛt̚.tʌŋ.kɯ],[bo.nɛt̚.tʌn.gɯ]
한번 할래,9,[ham.pʌn.hal.ɾɛ],[ham.pʌn.hal.ɾɛ]
보냈어 그래,9,[po.nɛt̚.ʌ.kɯ.ɾɛ],[bo.nɛt̚.ʌ.gɯ.ɾɛ]
보냈어 그런,9,[po.nɛt̚.ʌ.kɯ.ɾʌn],[bo.nɛt̚.ʌ.gɯ.ɾʌn]
한번 해 보시지요,9,[ham.pʌn.hɛ.po.si.tʃi.jo],[ham.pʌn.hɛ.bo.si.dʒi.jo]
한번 해 보실래요,9,[ham.pʌn.hɛ.po.sil.ɾɛ.jo],[ham.pʌn.hɛ.bo.sil.ɾɛ.jo]
한번 해 볼,9,[ham.pʌn.hɛ.pol],[ham.pʌn.hɛ.bol]
내 타입이야,9,[nɛ.tʰa.ip̚.i.ja],[nɛ.tʰa.ip̚.i.ja]
곳을 압니다,9,[kot̚.ɯl.ap̚.ni.ta],[got̚.ɯl.ap̚.ni.da]
보냈어 우리,9,[po.nɛt̚.ʌ.u.ɾi],[bo.nɛt̚.ʌ.u.ɾi]
보냈어 이게,9,[po.nɛt̚.ʌ.i.ke],[bo.nɛt̚.ʌ.i.ge]
이름을 제대로,9,[i.ɾɯm.ɯl.tʃe.tɛ.ɾo],[i.ɾɯm.ɯl.dʒe.dɛ.ɾo]
내가 언제든,9,[nɛ.ka.ʌn.tʃe.tɯn],[nɛ.ga.ʌn.tʃe.dɯn]
보냈어요 내,9,[po.nɛt̚.ʌ.jo.nɛ],[bo.nɛt̚.ʌ.jo.nɛ]
부하 두 명이,9,[pu.ha.tu.mjʌŋ.i],[bu.ha.du.mjʌŋ.i]
보냈어요 이,9,[po.nɛt̚.ʌ.jo.i],[bo.nɛt̚.ʌ.jo.i]
내 탓을 해,9,[nɛ.tʰat̚.ɯl.hɛ],[nɛ.tʰat̚.ɯl.hɛ]
보냈어요 이제,9,[po.nɛt̚.ʌ.jo.i.tʃe],[bo.nɛt̚.ʌ.jo.i.dʒe]
보냈어요 하지만,9,[po.nɛt̚.ʌ.jo.ha.tʃi.man],[bo.nɛt̚.ʌ.jo.ha.dʒi.man]
보냈을 텐데,9,[po.nɛt̚.ɯl.tʰen.te],[bo.nɛt̚.ɯl.tʰen.te]
확인부터 해,9,[hwak̚.im.pu.tʰʌ.hɛ],[hwak̚.im.pu.tʰʌ.hɛ]
걸 잊었군,9,[kʌl.it̚.ʌt̚.kun],[gʌl.it̚.ʌt̚.kun]
뜻이지 그럼,9,[t͈ɯt̚.i.tʃi.kɯ.ɾʌm],[t͈ɯt̚.i.dʒi.gɯ.ɾʌm]
보네 그러게,9,[po.ne.kɯ.ɾʌ.ke],[bo.ne.gɯ.ɾʌ.ge]
보네 맞아,9,[po.ne.mat̚.a],[bo.ne.mat̚.a]
확인하고 다시,9,[hwak̚.in.ha.ko.ta.si],[hwak̚.in.ha.go.da.si]
관제사 전원,9,[kwan.tʃe.sa.tʃʌn.wʌn],[gwan.tʃe.sa.dʒʌn.wʌn]
갑자기 그게 무슨,9,[kap̚.tʃa.ki.kɯ.ke.mu.sɯn],[gap̚.tʃa.gi.gɯ.ge.mu.sɯn]
확인하고 싶지,9,[hwak̚.in.ha.ko.sip̚.tʃi],[hwak̚.in.ha.go.sip̚.tʃi]
곳을 찾아야겠어,9,[kot̚.ɯl.tʃʰat̚.a.ja.ket̚.ʌ],[got̚.ɯl.tʃʰat̚.a.ja.get̚.ʌ]
갑자기 그는,9,[kap̚.tʃa.ki.kɯ.nɯn],[gap̚.tʃa.gi.gɯ.nɯn]
보네요 그래,9,[po.ne.jo.kɯ.ɾɛ],[bo.ne.jo.gɯ.ɾɛ]
확인 좀 하겠습니다,9,[hwak̚.in.tʃom.ha.ket̚.sɯp̚.ni.ta],[hwak̚.in.dʒom.ha.get̚.sɯp̚.ni.da]
확인하기 위한,9,[hwak̚.in.ha.ki.wi.han],[hwak̚.in.ha.gi.wi.han]
한을 풀어,9,[han.ɯl.pʰul.ʌ],[han.ɯl.pʰul.ʌ]
보네요 여기,9,[po.ne.jo.jʌ.ki],[bo.ne.jo.jʌ.gi]
보네요 전,9,[po.ne.jo.tʃʌn],[bo.ne.jo.dʒʌn]
보네요 제,9,[po.ne.jo.tʃe],[bo.ne.jo.dʒe]
확인하러 가는,9,[hwak̚.in.ha.ɾʌ.ka.nɯn],[hwak̚.in.ha.ɾʌ.ga.nɯn]
곳을 찾은 것,9,[kot̚.ɯl.tʃʰat̚.ɯŋ.kʌt̚],[got̚.ɯl.tʃʰat̚.ɯn.gʌt̚]
two things,9,,
한잔 어때요,9,[han.tʃan.ʌ.t͈ɛ.jo],[han.tʃan.ʌ.t͈ɛ.jo]
한잔 하겠나,9,[han.tʃan.ha.ket̚.na],[han.tʃan.ha.get̚.na]
확인하면 돼,9,[hwak̚.in.ha.mjʌn.twɛ],[hwak̚.in.ha.mjʌn.dwɛ]
확인하지 못했습니다,9,[hwak̚.in.ha.tʃi.mot̚.hɛt̚.sɯp̚.ni.ta],[hwak̚.in.ha.dʒi.mot̚.hɛt̚.sɯp̚.ni.da]
한잔 해야겠다,9,[han.tʃan.hɛ.ja.ket̚.ta],[han.tʃan.hɛ.ja.get̚.ta]
확인하지 않은,9,[hwak̚.in.ha.tʃi.an.ɯn],[hwak̚.in.ha.dʒi.an.ɯn]
보는 건 어떨까,9,[po.nɯŋ.kʌn.ʌ.t͈ʌl.k͈a],[bo.nɯn.gʌn.ʌ.t͈ʌl.k͈a]
한잔하면 좋겠네,9,[han.tʃan.ha.mjʌn.tʃot̚.ket̚.ne],[han.tʃan.ha.mjʌn.dʒot̚.ket̚.ne]
뜻인지 알겠나,9,[t͈ɯt̚.in.tʃi.al.ket̚.na],[t͈ɯt̚.in.tʃi.al.ket̚.na]
내 팀에서,9,[nɛ.tʰim.e.sʌ],[nɛ.tʰim.e.sʌ]
보는 건데요,9,[po.nɯŋ.kʌn.te.jo],[bo.nɯn.gʌn.te.jo]
내 팀원들을,9,[nɛ.tʰim.wʌn.tɯl.ɯl],[nɛ.tʰim.wʌn.tɯl.ɯl]
지문이 있어,9,[tʃi.mun.i.it̚.ʌ],[dʒi.mun.i.it̚.ʌ]
보는 걸 볼,9,[po.nɯŋ.kʌl.pol],[bo.nɯn.gʌl.bol]
한지 알아요,9,[han.tʃi.al.a.jo],[han.tʃi.al.a.jo]
한지 얼마나,9,[han.tʃi.ʌl.ma.na],[han.tʃi.ʌl.ma.na]
한집에 사는,9,[han.tʃip̚.e.sa.nɯn],[han.tʃip̚.e.sa.nɯn]
한쪽 팔만,9,[han.tʃ͈ok̚.pʰal.man],[han.tʃ͈ok̚.pʰal.man]
북반구에서 가장,9,[puk̚.paŋ.ku.e.sʌ.ka.tʃaŋ],[buk̚.paŋ.ku.e.sʌ.ga.dʒaŋ]
확인할 수 있을까,9,[hwak̚.in.hal.su.it̚.ɯl.k͈a],[hwak̚.in.hal.su.it̚.ɯl.k͈a]
북부 지역,9,[puk̚.pu.tʃi.jʌk̚],[buk̚.pu.dʒi.jʌk̚]
확인할 수 있을 겁니다,9,[hwak̚.in.hal.su.it̚.ɯl.kʌp̚.ni.ta],[hwak̚.in.hal.su.it̚.ɯl.gʌp̚.ni.da]
한참 지났어,9,[han.tʃʰan.tʃi.nat̚.ʌ],[han.tʃʰam.dʒi.nat̚.ʌ]
한참을 머뭇거리고 있어,9,[han.tʃʰam.ɯl.mʌ.mut̚.kʌ.ɾi.ko.it̚.ʌ],[han.tʃʰam.ɯl.mʌ.mut̚.kʌ.ɾi.go.it̚.ʌ]
내 파트너였어,9,[nɛ.pʰa.tʰɯ.nʌ.jʌt̚.ʌ],[nɛ.pʰa.tʰɯ.nʌ.jʌt̚.ʌ]
한창 화려했던 시대의 華やかなりし時代の,9,[han.tʃʰaŋ.hwa.ɾjʌ.hɛt̚.tʌn.si.tɛ.ɯi],[han.tʃʰaŋ.hwa.ɾjʌ.hɛt̚.tʌn.si.dɛ.ɯi]
내 파트너인,9,[nɛ.pʰa.tʰɯ.nʌ.in],[nɛ.pʰa.tʰɯ.nʌ.in]
걸 잊을 수,9,[kʌl.it̚.ɯl.su],[gʌl.it̚.ɯl.su]
확인해 보겠다,9,[hwak̚.in.hɛ.po.ket̚.ta],[hwak̚.in.hɛ.bo.get̚.ta]
한테 내가,9,[han.tʰe.nɛ.ka],[han.tʰe.nɛ.ga]
확인해 보도록,9,[hwak̚.in.hɛ.po.to.ɾok̚],[hwak̚.in.hɛ.bo.do.ɾok̚]
확인해 보시죠,9,[hwak̚.in.hɛ.po.si.tʃjo],[hwak̚.in.hɛ.bo.si.dʒjo]
북부의 모든,9,[puk̚.pu.ɯi.mo.tɯn],[buk̚.pu.ɯi.mo.dɯn]
확인해 본 거야,9,[hwak̚.in.hɛ.poŋ.kʌ.ja],[hwak̚.in.hɛ.bon.gʌ.ja]
보는 게 좋을 거예요,9,[po.nɯŋ.ke.tʃot̚.ɯl.kʌ.je.jo],[bo.nɯn.ge.dʒot̚.ɯl.gʌ.je.jo]
북부의 영주들은,9,[puk̚.pu.ɯi.jʌŋ.tʃu.tɯl.ɯn],[buk̚.pu.ɯi.jʌŋ.dʒu.dɯl.ɯn]
뜻하는 건,9,[t͈ɯt̚.ha.nɯŋ.kʌn],[t͈ɯt̚.ha.nɯn.gʌn]
보는 관점이,9,[po.nɯŋ.kwan.tʃʌm.i],[bo.nɯn.gwan.tʃʌm.i]
보는 그,9,[po.nɯŋ.kɯ],[bo.nɯn.gɯ]
한푼도 없어,9,[ham.pʰun.to.ʌp̚.ʌ],[ham.pʰun.to.ʌp̚.ʌ]
할 가족이,9,[hal.ka.tʃok̚.i],[hal.ga.dʒok̚.i]
보는 눈빛 봤어,9,[po.nɯn.num.pit̚.pwat̚.ʌ],[bo.nɯn.num.pit̚.bwat̚.ʌ]
내가 없어서,9,[nɛ.ka.ʌp̚.ʌ.sʌ],[nɛ.ga.ʌp̚.ʌ.sʌ]
할 거 없지,9,[hal.kʌ.ʌp̚.tʃi],[hal.gʌ.ʌp̚.tʃi]
북부의 왕이 된,9,[puk̚.pu.ɯi.waŋ.i.twen],[buk̚.pu.ɯi.waŋ.i.dwen]
확인해 봤습니다,9,[hwak̚.in.hɛ.pwat̚.sɯp̚.ni.ta],[hwak̚.in.hɛ.bwat̚.sɯp̚.ni.da]
할 거구요,9,[hal.kʌ.ku.jo],[hal.gʌ.gu.jo]
보는 듯,9,[po.nɯn.tɯt̚],[bo.nɯn.dɯt̚]
보는 듯한,9,[po.nɯn.tɯt̚.han],[bo.nɯn.dɯt̚.han]
띄기만 해,9,[t͈ɯi.ki.man.hɛ],[t͈ɯi.gi.man.hɛ]
걸 잊지 말아요,9,[kʌl.it̚.tʃi.mal.a.jo],[gʌl.it̚.tʃi.mal.a.jo]
할 거라구요,9,[hal.kʌ.ɾa.ku.jo],[hal.gʌ.ɾa.gu.jo]
경우는 좀,9,[kjʌŋ.u.nɯn.tʃom],[gjʌŋ.u.nɯn.dʒom]
곳이 아니지,9,[kot̚.i.a.ni.tʃi],[got̚.i.a.ni.dʒi]
걸 자,9,[kʌl.tʃa],[gʌl.dʒa]
내 편을 들어줄,9,[nɛ.pʰjʌn.ɯl.tɯl.ʌ.tʃul],[nɛ.pʰjʌn.ɯl.dɯl.ʌ.dʒul]
하오 난,9,[ha.o.nan],[ha.o.nan]
내 편을 안,9,[nɛ.pʰjʌn.ɯl.an],[nɛ.pʰjʌn.ɯl.an]
확인해볼 수,9,[hwak̚.in.hɛ.pol.su],[hwak̚.in.hɛ.bol.su]
보는 사람인데,9,[po.nɯn.sa.ɾam.in.te],[bo.nɯn.sa.ɾam.in.te]
확인해봐 그리고,9,[hwak̚.in.hɛ.pwa.kɯ.ɾi.ko],[hwak̚.in.hɛ.bwa.gɯ.ɾi.go]
보는 사이에,9,[po.nɯn.sa.i.e],[bo.nɯn.sa.i.e]
곳이 안,9,[kot̚.i.an],[got̚.i.an]
확인해봐야 할,9,[hwak̚.in.hɛ.pwa.ja.hal],[hwak̚.in.hɛ.bwa.ja.hal]
할 거야 그를,9,[hal.kʌ.ja.kɯ.ɾɯl],[hal.gʌ.ja.gɯ.ɾɯl]
보는 시각이,9,[po.nɯn.si.kak̚.i],[bo.nɯn.si.gak̚.i]
내가 에디,9,[nɛ.ka.e.ti],[nɛ.ga.e.di]
할 거야 너는,9,[hal.kʌ.ja.nʌ.nɯn],[hal.gʌ.ja.nʌ.nɯn]
할 거야 너희,9,[hal.kʌ.ja.nʌ.hɯi],[hal.gʌ.ja.nʌ.hɯi]
보는 여자가,9,[po.nɯn.jʌ.tʃa.ka],[bo.nɯn.jʌ.dʒa.ga]
확인해야 해서요,9,[hwak̚.in.hɛ.ja.hɛ.sʌ.jo],[hwak̚.in.hɛ.ja.hɛ.sʌ.jo]
보는 일,9,[po.nɯn.il],[bo.nɯn.il]
확인해야 했어요,9,[hwak̚.in.hɛ.ja.hɛt̚.ʌ.jo],[hwak̚.in.hɛ.ja.hɛt̚.ʌ.jo]
할 거야 모든,9,[hal.kʌ.ja.mo.tɯn],[hal.gʌ.ja.mo.dɯn]
보는 중,9,[po.nɯn.tʃuŋ],[bo.nɯn.dʒuŋ]
보는 한,9,[po.nɯn.han],[bo.nɯn.han]
이리 늦어,9,[i.ɾi.nɯt̚.ʌ],[i.ɾi.nɯt̚.ʌ]
기계를 만들고,9,[ki.kje.ɾɯl.man.tɯl.ko],[gi.gje.ɾɯl.man.tɯl.ko]
이리 보낼 순 없는데,9,[i.ɾi.po.nɛl.sun.ʌp̚.nɯn.te],[i.ɾi.bo.nɛl.sun.ʌp̚.nɯn.te]
보니 lrm,9,[po.ni],[bo.ni]
내 평생 이런,9,[nɛ.pʰjʌŋ.sɛŋ.i.ɾʌn],[nɛ.pʰjʌŋ.sɛŋ.i.ɾʌn]
띄지 않아야,9,[t͈ɯi.tʃi.an.a.ja],[t͈ɯi.dʒi.an.a.ja]
probably should,9,,
할 거야 좋아요,9,[hal.kʌ.ja.tʃot̚.a.jo],[hal.gʌ.ja.dʒot̚.a.jo]
이리 오고 있어,9,[i.ɾi.o.ko.it̚.ʌ],[i.ɾi.o.go.it̚.ʌ]
할 거야 진짜,9,[hal.kʌ.ja.tʃin.tʃ͈a],[hal.gʌ.ja.dʒin.tʃ͈a]
아빠를 보면,9,[a.p͈a.ɾɯl.po.mjʌn],[a.p͈a.ɾɯl.bo.mjʌn]
할 거예요 그녀를,9,[hal.kʌ.je.jo.kɯ.njʌ.ɾɯl],[hal.gʌ.je.jo.gɯ.njʌ.ɾɯl]
내 평소,9,[nɛ.pʰjʌŋ.so],[nɛ.pʰjʌŋ.so]
할 거예요 그러니까,9,[hal.kʌ.je.jo.kɯ.ɾʌ.ni.k͈a],[hal.gʌ.je.jo.gɯ.ɾʌ.ni.k͈a]
할 거예요 그렇게,9,[hal.kʌ.je.jo.kɯ.ɾʌt̚.ke],[hal.gʌ.je.jo.gɯ.ɾʌt̚.ke]
보니 기쁘네,9,[po.ni.ki.p͈ɯ.ne],[bo.ni.gi.p͈ɯ.ne]
내 평판은,9,[nɛ.pʰjʌm.pʰan.ɯn],[nɛ.pʰjʌm.pʰan.ɯn]
할 거예요 무슨,9,[hal.kʌ.je.jo.mu.sɯn],[hal.gʌ.je.jo.mu.sɯn]
북쪽으로 가세요,9,[puk̚.tʃ͈ok̚.ɯ.ɾo.ka.se.jo],[buk̚.tʃ͈ok̚.ɯ.ɾo.ga.se.jo]
북쪽으로 가요,9,[puk̚.tʃ͈ok̚.ɯ.ɾo.ka.jo],[buk̚.tʃ͈ok̚.ɯ.ɾo.ga.jo]
내 폰이,9,[nɛ.pʰon.i],[nɛ.pʰon.i]
갑자기 누군가,9,[kap̚.tʃa.ki.nu.kuŋ.ka],[gap̚.tʃa.gi.nu.guŋ.ka]
북쪽으로 갔어요,9,[puk̚.tʃ͈ok̚.ɯ.ɾo.kat̚.ʌ.jo],[buk̚.tʃ͈ok̚.ɯ.ɾo.gat̚.ʌ.jo]
법정에서 당신에게,9,[pʌp̚.tʃʌŋ.e.sʌ.taŋ.sin.e.ke],[bʌp̚.tʃʌŋ.e.sʌ.daŋ.sin.e.ge]
할 건 없어요,9,[hal.kʌn.ʌp̚.ʌ.jo],[hal.gʌn.ʌp̚.ʌ.jo]
할 겁니다 나는,9,[hal.kʌp̚.ni.ta.na.nɯn],[hal.gʌp̚.ni.da.na.nɯn]
할 겁니다 우리,9,[hal.kʌp̚.ni.ta.u.ɾi],[hal.gʌp̚.ni.da.u.ɾi]
비교가 안 되지,9,[pi.kjo.ka.an.twe.tʃi],[bi.gjo.ga.an.dwe.dʒi]
다른 사람은 없나요,9,[ta.ɾɯn.sa.ɾam.ɯn.ʌp̚.na.jo],[da.ɾɯn.sa.ɾam.ɯn.ʌp̚.na.jo]
환상에 빠진,9,[hwan.saŋ.e.p͈a.tʃin],[hwan.saŋ.e.p͈a.dʒin]
할 겁니다'',9,[hal.kʌp̚.ni.ta],[hal.gʌp̚.ni.da]
환상의 세계에,9,[hwan.saŋ.ɯi.se.kje.e],[hwan.saŋ.ɯi.se.gje.e]
그냥 쓸데없는,9,[kɯ.njaŋ.s͈ɯl.te.ʌp̚.nɯn],[gɯ.njaŋ.s͈ɯl.te.ʌp̚.nɯn]
보니 생각나네,9,[po.ni.sɛŋ.kak̚.na.ne],[bo.ni.sɛŋ.gak̚.na.ne]
할 것 같아 난,9,[hal.kʌt̚.kat̚.a.nan],[hal.gʌt̚.gat̚.a.nan]
할 것 같아 네,9,[hal.kʌt̚.kat̚.a.ne],[hal.gʌt̚.gat̚.a.ne]
보니 엄청,9,[po.ni.ʌn.tʃʰʌŋ],[bo.ni.ʌn.tʃʰʌŋ]
보니 여기,9,[po.ni.jʌ.ki],[bo.ni.jʌ.gi]
내 피로,9,[nɛ.pʰi.ɾo],[nɛ.pʰi.ɾo]
보니 역시,9,[po.ni.jʌk̚.si],[bo.ni.jʌk̚.si]
보니 우리는,9,[po.ni.u.ɾi.nɯn],[bo.ni.u.ɾi.nɯn]
이리 와 네가,9,[i.ɾi.wa.ne.ka],[i.ɾi.wa.ne.ga]
라 까떼드랄의 보안을,9,[ɾa.k͈a.t͈e.tɯ.ɾal.ɯi.po.an.ɯl],[ɾa.k͈a.t͈e.dɯ.ɾal.ɯi.bo.an.ɯl]
분 같은,9,[puŋ.kat̚.ɯn],[bun.gat̚.ɯn]
환영을 보는,9,[hwan.jʌŋ.ɯl.po.nɯn],[hwan.jʌŋ.ɯl.bo.nɯn]
환영을 볼,9,[hwan.jʌŋ.ɯl.pol],[hwan.jʌŋ.ɯl.bol]
내 피야,9,[nɛ.pʰi.ja],[nɛ.pʰi.ja]
이리 와 당신이,9,[i.ɾi.wa.taŋ.sin.i],[i.ɾi.wa.daŋ.sin.i]
할 것이기 때문에,9,[hal.kʌt̚.i.ki.t͈ɛ.mun.e],[hal.gʌt̚.i.gi.t͈ɛ.mun.e]
할 것이다 그,9,[hal.kʌt̚.i.ta.kɯ],[hal.gʌt̚.i.da.gɯ]
곳이 있는지,9,[kot̚.i.it̚.nɯn.tʃi],[got̚.i.it̚.nɯn.tʃi]
환영한다 난,9,[hwan.jʌŋ.han.ta.nan],[hwan.jʌŋ.han.ta.nan]
내 핏줄이,9,[nɛ.pʰit̚.tʃul.i],[nɛ.pʰit̚.tʃul.i]
보니 좋군요,9,[po.ni.tʃot̚.kun.jo],[bo.ni.dʒot̚.kun.jo]
내 하나 뿐인,9,[nɛ.ha.na.p͈un.in],[nɛ.ha.na.p͈un.in]
분 거리에요,9,[puŋ.kʌ.ɾi.e.jo],[bun.gʌ.ɾi.e.jo]
보니 집에,9,[po.ni.tʃip̚.e],[bo.ni.dʒip̚.e]
할 게 뭐 있어,9,[hal.ke.mwʌ.it̚.ʌ],[hal.ge.mwʌ.it̚.ʌ]
보니 확실히,9,[po.ni.hwak̚.sil.hi],[bo.ni.hwak̚.sil.hi]
할 게 없지,9,[hal.ke.ʌp̚.tʃi],[hal.ge.ʌp̚.tʃi]
보니 훨씬,9,[po.ni.hwʌl.s͈in],[bo.ni.hwʌl.s͈in]
할 게 있다,9,[hal.ke.it̚.ta],[hal.ge.it̚.ta]
I do not want,9,,
보니까 난,9,[po.ni.k͈a.nan],[bo.ni.k͈a.nan]
내가 여기 있는거야,9,[nɛ.ka.jʌ.ki.it̚.nɯŋ.kʌ.ja],[nɛ.ga.jʌ.gi.it̚.nɯŋ.kʌ.ja]
걸 잘 알고 있습니다,9,[kʌl.tʃal.al.ko.it̚.sɯp̚.ni.ta],[gʌl.dʒal.al.ko.it̚.sɯp̚.ni.da]
할 곳에 있어,9,[hal.kot̚.e.it̚.ʌ],[hal.got̚.e.it̚.ʌ]
이리 와 오늘,9,[i.ɾi.wa.o.nɯl],[i.ɾi.wa.o.nɯl]
보니까 두,9,[po.ni.k͈a.tu],[bo.ni.k͈a.du]
할 기회는,9,[hal.ki.hwe.nɯn],[hal.gi.hwe.nɯn]
기괴한 신음이 들린다,9,[ki.kwe.han.sin.ɯm.i.tɯl.ɾin.ta],[gi.gwe.han.sin.ɯm.i.dɯl.ɾin.ta]
환영해 주시기 바랍니다,9,[hwan.jʌŋ.hɛ.tʃu.si.ki.pa.ɾap̚.ni.ta],[hwan.jʌŋ.hɛ.dʒu.si.gi.ba.ɾap̚.ni.da]
내가 여기 있다는 걸,9,[nɛ.ka.jʌ.ki.it̚.ta.nɯŋ.kʌl],[nɛ.ga.jʌ.gi.it̚.ta.nɯn.gʌl]
이리 와 이거,9,[i.ɾi.wa.i.kʌ],[i.ɾi.wa.i.gʌ]
아빠의 사랑을,9,[a.p͈a.ɯi.sa.ɾaŋ.ɯl],[a.p͈a.ɯi.sa.ɾaŋ.ɯl]
할 놈이야,9,[hal.lom.i.ja],[hal.lom.i.ja]
환자 같아,9,[hwan.tʃa.kat̚.a],[hwan.tʃa.gat̚.a]
아빠만 믿어,9,[a.p͈a.man.mit̚.ʌ],[a.p͈a.man.mit̚.ʌ]
내가 여기 어떻게,9,[nɛ.ka.jʌ.ki.ʌ.t͈ʌt̚.ke],[nɛ.ga.jʌ.gi.ʌ.t͈ʌt̚.ke]
할 때 기억나,9,[hal.t͈ɛ.ki.ʌk̚.na],[hal.t͈ɛ.gi.ʌk̚.na]
내 할아버지,9,[nɛ.hal.a.pʌ.tʃi],[nɛ.hal.a.bʌ.dʒi]
할 때 네,9,[hal.t͈ɛ.ne],[hal.t͈ɛ.ne]
할 때 당신은,9,[hal.t͈ɛ.taŋ.sin.ɯn],[hal.t͈ɛ.daŋ.sin.ɯn]
아빠처럼 말이야,9,[a.p͈a.tʃʰʌ.ɾʌm.mal.i.ja],[a.p͈a.tʃʰʌ.ɾʌm.mal.i.ja]
할 때까지 말이야,9,[hal.t͈ɛ.k͈a.tʃi.mal.i.ja],[hal.t͈ɛ.k͈a.dʒi.mal.i.ja]
할 때까지는,9,[hal.t͈ɛ.k͈a.tʃi.nɯn],[hal.t͈ɛ.k͈a.dʒi.nɯn]
내 항문에,9,[nɛ.haŋ.mun.e],[nɛ.haŋ.mun.e]
그냥 아무도,9,[kɯ.njaŋ.a.mu.to],[gɯ.njaŋ.a.mu.do]
할 때에는 font,9,[hal.t͈ɛ.e.nɯn],[hal.t͈ɛ.e.nɯn]
곳이 필요하다,9,[kot̚.i.pʰil.jo.ha.ta],[got̚.i.pʰil.jo.ha.da]
할 때에요,9,[hal.t͈ɛ.e.jo],[hal.t͈ɛ.e.jo]
할 때에는 font face,9,[hal.t͈ɛ.e.nɯn],[hal.t͈ɛ.e.nɯn]
보다 많이,9,[po.ta.man.i],[bo.da.man.i]
내가 여기 처음,9,[nɛ.ka.jʌ.ki.tʃʰʌ.ɯm],[nɛ.ga.jʌ.gi.tʃʰʌ.ɯm]
할 리 없어요,9,[hal.ɾi.ʌp̚.ʌ.jo],[hal.ɾi.ʌp̚.ʌ.jo]
보다 아,9,[po.ta.a],[bo.da.a]
환자가 한,9,[hwan.tʃa.ka.han],[hwan.tʃa.ga.han]
promise I,9,,
내 행방을,9,[nɛ.hɛm.paŋ.ɯl],[nɛ.hɛŋ.baŋ.ɯl]
이리 와요 그,9,[i.ɾi.wa.jo.kɯ],[i.ɾi.wa.jo.gɯ]
보다 조금,9,[po.ta.tʃo.kɯm],[bo.da.dʒo.gɯm]
환자는 좀,9,[hwan.tʃa.nɯn.tʃom],[hwan.tʃa.nɯn.dʒom]
곳이 필요해서,9,[kot̚.i.pʰil.jo.hɛ.sʌ],[got̚.i.pʰil.jo.hɛ.sʌ]
보다 중요한,9,[po.ta.tʃuŋ.jo.han],[bo.da.dʒuŋ.jo.han]
내 행복한,9,[nɛ.hɛm.pok̚.han],[nɛ.hɛŋ.bok̚.han]
좀 혼란스럽네요,9,[tʃom.hol.lan.sɯ.ɾʌp̚.ne.jo],[dʒom.hol.lan.sɯ.ɾʌp̚.ne.jo]
내 행세를,9,[nɛ.hɛŋ.se.ɾɯl],[nɛ.hɛŋ.se.ɾɯl]
내가 여기다,9,[nɛ.ka.jʌ.ki.ta],[nɛ.ga.jʌ.gi.da]
할 말 없는,9,[hal.mal.ʌp̚.nɯn],[hal.mal.ʌp̚.nɯn]
환자들을 위해,9,[hwan.tʃa.tɯl.ɯl.wi.hɛ],[hwan.tʃa.dɯl.ɯl.wi.hɛ]
갑자기 못,9,[kap̚.tʃa.ki.mot̚],[gap̚.tʃa.gi.mot̚]
내가 여기부터,9,[nɛ.ka.jʌ.ki.pu.tʰʌ],[nɛ.ga.jʌ.gi.bu.tʰʌ]
지상 최악의,9,[tʃi.saŋ.tʃʰwe.ak̚.ɯi],[dʒi.saŋ.tʃʰwe.ak̚.ɯi]
보단 낫지,9,[po.tan.nat̚.tʃi],[bo.dan.nat̚.tʃi]
곳이 한군데,9,[kot̚.i.haŋ.kun.te],[got̚.i.haŋ.kun.te]
내가 여기부터 맡을께요,9,[nɛ.ka.jʌ.ki.pu.tʰʌ.mat̚.ɯl.k͈e.jo],[nɛ.ga.jʌ.gi.bu.tʰʌ.mat̚.ɯl.k͈e.jo]
분 덕분에,9,[pun.tʌk̚.pun.e],[bun.dʌk̚.pun.e]
할 말은 없고,9,[hal.mal.ɯn.ʌp̚.ko],[hal.mal.ɯn.ʌp̚.ko]
내 허리에,9,[nɛ.hʌ.ɾi.e],[nɛ.hʌ.ɾi.e]
할 말을 못,9,[hal.mal.ɯl.mot̚],[hal.mal.ɯl.mot̚]
할 말이 그것뿐이야,9,[hal.mal.i.kɯ.kʌt̚.p͈un.i.ja],[hal.mal.i.gɯ.gʌt̚.p͈un.i.ja]
할 말이 너무,9,[hal.mal.i.nʌ.mu],[hal.mal.i.nʌ.mu]
내가 여기서 뭐,9,[nɛ.ka.jʌ.ki.sʌ.mwʌ],[nɛ.ga.jʌ.gi.sʌ.mwʌ]
이리로 오고 있어,9,[i.ɾi.ɾo.o.ko.it̚.ʌ],[i.ɾi.ɾo.o.go.it̚.ʌ]
할 말이 별로,9,[hal.mal.i.pjʌl.ɾo],[hal.mal.i.bjʌl.ɾo]
내가 여기서 뭐하고,9,[nɛ.ka.jʌ.ki.sʌ.mwʌ.ha.ko],[nɛ.ga.jʌ.gi.sʌ.mwʌ.ha.go]
이리 주시죠,9,[i.ɾi.tʃu.si.tʃjo],[i.ɾi.dʒu.si.dʒjo]
할 말이 없어서,9,[hal.mal.i.ʌp̚.ʌ.sʌ],[hal.mal.i.ʌp̚.ʌ.sʌ]
갖고 생각해,9,[kat̚.ko.sɛŋ.kak̚.hɛ],[gat̚.ko.sɛŋ.gak̚.hɛ]
할 말이 있다면서요,9,[hal.mal.i.it̚.ta.mjʌn.sʌ.jo],[hal.mal.i.it̚.ta.mjʌn.sʌ.jo]
할 말이 있습니까,9,[hal.mal.i.it̚.sɯp̚.ni.k͈a],[hal.mal.i.it̚.sɯp̚.ni.k͈a]
할 말이 있어 내,9,[hal.mal.i.it̚.ʌ.nɛ],[hal.mal.i.it̚.ʌ.nɛ]
기꺼이 도와,9,[ki.k͈ʌ.i.to.wa],[gi.k͈ʌ.i.do.wa]
활개 치는,9,[hwal.kɛ.tʃʰi.nɯn],[hwal.kɛ.tʃʰi.nɯn]
라고 불립니다,9,[ɾa.ko.pul.ɾip̚.ni.ta],[ɾa.go.bul.ɾip̚.ni.da]
이리와서 가져가봐,9,[i.ɾi.wa.sʌ.ka.tʃjʌ.ka.pwa],[i.ɾi.wa.sʌ.ga.dʒjʌ.ga.bwa]
할 말인가,9,[hal.mal.iŋ.ka],[hal.mal.iŋ.ka]
할 방법,9,[hal.pam.pʌp̚],[hal.baŋ.bʌp̚]
보라고 하지,9,[po.ɾa.ko.ha.tʃi],[bo.ɾa.go.ha.dʒi]
할 사람 없어,9,[hal.sa.ɾam.ʌp̚.ʌ],[hal.sa.ɾam.ʌp̚.ʌ]
할 사람들도,9,[hal.sa.ɾan.tɯl.to],[hal.sa.ɾan.tɯl.to]
분 맞으시죠,9,[pun.mat̚.ɯ.si.tʃjo],[bun.mat̚.ɯ.si.dʒjo]
보라고 했잖아,9,[po.ɾa.ko.hɛt̚.tʃan.a],[bo.ɾa.go.hɛt̚.tʃan.a]
분 모두를,9,[pun.mo.tu.ɾɯl],[bun.mo.du.ɾɯl]
내 호텔 방에,9,[nɛ.ho.tʰel.paŋ.e],[nɛ.ho.tʰel.baŋ.e]
할 사람이 아니에요,9,[hal.sa.ɾam.i.a.ni.e.jo],[hal.sa.ɾam.i.a.ni.e.jo]
보라는 거죠,9,[po.ɾa.nɯŋ.kʌ.tʃjo],[bo.ɾa.nɯn.gʌ.dʒjo]
활성화할 수,9,[hwal.sʌŋ.hwa.hal.su],[hwal.sʌŋ.hwa.hal.su]
see if I,9,,
할 사정이,9,[hal.sa.tʃʌŋ.i],[hal.sa.dʒʌŋ.i]
그냥 안 넘어가,9,[kɯ.njaŋ.an.nʌm.ʌ.ka],[gɯ.njaŋ.an.nʌm.ʌ.ga]
내 혼자,9,[nɛ.hon.tʃa],[nɛ.hon.tʃa]
할 새로운,9,[hal.sɛ.ɾo.un],[hal.sɛ.ɾo.un]
할 생각 없어요,9,[hal.sɛŋ.kak̚.ʌp̚.ʌ.jo],[hal.sɛŋ.gak̚.ʌp̚.ʌ.jo]
believe we,9,,
할 생각은 없지만,9,[hal.sɛŋ.kak̚.ɯn.ʌp̚.tʃi.man],[hal.sɛŋ.gak̚.ɯn.ʌp̚.tʃi.man]
할 생각이냐,9,[hal.sɛŋ.kak̚.i.nja],[hal.sɛŋ.gak̚.i.nja]
할 생각입니다,9,[hal.sɛŋ.kak̚.ip̚.ni.ta],[hal.sɛŋ.gak̚.ip̚.ni.da]
보러 가는 거,9,[po.ɾʌ.ka.nɯŋ.kʌ],[bo.ɾʌ.ga.nɯn.gʌ]
할 수 없기 때문이다,9,[hal.su.ʌp̚.ki.t͈ɛ.mun.i.ta],[hal.su.ʌp̚.ki.t͈ɛ.mun.i.da]
보러 가다,9,[po.ɾʌ.ka.ta],[bo.ɾʌ.ga.da]
내 회계사가,9,[nɛ.hwe.kje.sa.ka],[nɛ.hwe.gje.sa.ga]
할 수 없는 일,9,[hal.su.ʌp̚.nɯn.il],[hal.su.ʌp̚.nɯn.il]
할 수 없는거야,9,[hal.su.ʌp̚.nɯŋ.kʌ.ja],[hal.su.ʌp̚.nɯŋ.kʌ.ja]
라고 하더군,9,[ɾa.ko.ha.tʌ.kun],[ɾa.go.ha.dʌ.gun]
갑자기 사라지면,9,[kap̚.tʃa.ki.sa.ɾa.tʃi.mjʌn],[gap̚.tʃa.gi.sa.ɾa.dʒi.mjʌn]
할 수 없어 네가,9,[hal.su.ʌp̚.ʌ.ne.ka],[hal.su.ʌp̚.ʌ.ne.ga]
관한 기사는,9,[kwan.haŋ.ki.sa.nɯn],[gwan.han.gi.sa.nɯn]
황금 시간대,9,[hwaŋ.kɯm.si.kan.tɛ],[hwaŋ.gɯm.si.gan.tɛ]
황금 시간대에,9,[hwaŋ.kɯm.si.kan.tɛ.e],[hwaŋ.gɯm.si.gan.tɛ.e]
분 안녕하세요,9,[pun.an.njʌŋ.ha.se.jo],[bun.an.njʌŋ.ha.se.jo]
할 수 없었기,9,[hal.su.ʌp̚.ʌt̚.ki],[hal.su.ʌp̚.ʌt̚.ki]
내 훈련,9,[nɛ.hul.ljʌn],[nɛ.hul.ljʌn]
보러 갈 때,9,[po.ɾʌ.kal.t͈ɛ],[bo.ɾʌ.gal.t͈ɛ]
황당한 게,9,[hwaŋ.taŋ.haŋ.ke],[hwaŋ.daŋ.han.ge]
황당한 일을,9,[hwaŋ.taŋ.han.il.ɯl],[hwaŋ.daŋ.han.il.ɯl]
할 수 없을까요,9,[hal.su.ʌp̚.ɯl.k͈a.jo],[hal.su.ʌp̚.ɯl.k͈a.jo]
보러 갔었는데,9,[po.ɾʌ.kat̚.ʌt̚.nɯn.te],[bo.ɾʌ.gat̚.ʌt̚.nɯn.te]
분 안에 못,9,[pun.an.e.mot̚],[bun.an.e.mot̚]
내 휴대폰이,9,[nɛ.hju.tɛ.pʰon.i],[nɛ.hju.dɛ.pʰon.i]
이만 돌아가요,9,[i.man.tol.a.ka.jo],[i.man.dol.a.ga.jo]
할 수 있냐,9,[hal.su.it̚.nja],[hal.su.it̚.nja]
보러 못,9,[po.ɾʌ.mot̚],[bo.ɾʌ.mot̚]
할 수 있느냐는,9,[hal.su.it̚.nɯ.nja.nɯn],[hal.su.it̚.nɯ.nja.nɯn]
내가 연락하면,9,[nɛ.ka.jʌl.lak̚.ha.mjʌn],[nɛ.ga.jʌl.lak̚.ha.mjʌn]
보러 오게,9,[po.ɾʌ.o.ke],[bo.ɾʌ.o.ge]
곳이에요 그리고,9,[kot̚.i.e.jo.kɯ.ɾi.ko],[got̚.i.e.jo.gɯ.ɾi.go]
갖고 싶어 하는,9,[kat̚.ko.sip̚.ʌ.ha.nɯn],[gat̚.ko.sip̚.ʌ.ha.nɯn]
할 수 있는 것에,9,[hal.su.it̚.nɯŋ.kʌt̚.e],[hal.su.it̚.nɯn.gʌt̚.e]
할 수 있는 기회가,9,[hal.su.it̚.nɯŋ.ki.hwe.ka],[hal.su.it̚.nɯn.gi.hwe.ga]
황후가 될,9,[hwaŋ.hu.ka.twel],[hwaŋ.hu.ga.dwel]
회 연례,9,[hwe.jʌl.lje],[hwe.jʌl.lje]
회 이야기,9,[hwe.i.ja.ki],[hwe.i.ja.gi]
보러 온 줄,9,[po.ɾʌ.on.tʃul],[bo.ɾʌ.on.dʒul]
곳이죠 그,9,[kot̚.i.tʃjo.kɯ],[got̚.i.dʒjo.gɯ]
보러 온게,9,[po.ɾʌ.oŋ.ke],[bo.ɾʌ.oŋ.ke]
회개할 수,9,[hwe.kɛ.hal.su],[hwe.gɛ.hal.su]
보러 왔던,9,[po.ɾʌ.wat̚.tʌn],[bo.ɾʌ.wat̚.tʌn]
할 수 있다고 생각한다면,9,[hal.su.it̚.ta.ko.sɛŋ.kak̚.han.ta.mjʌn],[hal.su.it̚.ta.go.sɛŋ.gak̚.han.ta.mjʌn]
보러 왔었어,9,[po.ɾʌ.wat̚.ʌt̚.ʌ],[bo.ɾʌ.wat̚.ʌt̚.ʌ]
보러 왔을 때,9,[po.ɾʌ.wat̚.ɯl.t͈ɛ],[bo.ɾʌ.wat̚.ɯl.t͈ɛ]
기껏해야 두,9,[ki.k͈ʌt̚.hɛ.ja.tu],[gi.k͈ʌt̚.hɛ.ja.du]
할 수 있다는걸,9,[hal.su.it̚.ta.nɯŋ.kʌl],[hal.su.it̚.ta.nɯŋ.kʌl]
곳이죠 하지만,9,[kot̚.i.tʃjo.ha.tʃi.man],[got̚.i.dʒjo.ha.dʒi.man]
할 수 있다니까요,9,[hal.su.it̚.ta.ni.k͈a.jo],[hal.su.it̚.ta.ni.k͈a.jo]
할 수 있다면 말이야,9,[hal.su.it̚.ta.mjʌn.mal.i.ja],[hal.su.it̚.ta.mjʌn.mal.i.ja]
할 수 있답니다,9,[hal.su.it̚.tap̚.ni.ta],[hal.su.it̚.tap̚.ni.da]
라구바란 씨,9,[ɾa.ku.pa.ɾan.s͈i],[ɾa.gu.ba.ɾan.s͈i]
할 수 있어 모두,9,[hal.su.it̚.ʌ.mo.tu],[hal.su.it̚.ʌ.mo.du]
할 수 있어 알았어,9,[hal.su.it̚.ʌ.al.at̚.ʌ],[hal.su.it̚.ʌ.al.at̚.ʌ]
재생 에너지,9,[tʃɛ.sɛŋ.e.nʌ.tʃi],[dʒɛ.sɛŋ.e.nʌ.dʒi]
할 수 있어 이런,9,[hal.su.it̚.ʌ.i.ɾʌn],[hal.su.it̚.ʌ.i.ɾʌn]
라그나 로스브로크 트래비스 핌멜,9,[ɾa.kɯ.na.ɾo.sɯ.pɯ.ɾo.kʰɯ.tʰɯ.ɾɛ.pi.sɯ.pʰim.mel],[ɾa.gɯ.na.ɾo.sɯ.bɯ.ɾo.kʰɯ.tʰɯ.ɾɛ.bi.sɯ.pʰim.mel]
내가 가르쳐주지,9,[nɛ.ka.ka.ɾɯ.tʃʰjʌ.tʃu.tʃi],[nɛ.ga.ga.ɾɯ.tʃʰjʌ.dʒu.dʒi]
라그나 로스브로크 트래비스,9,[ɾa.kɯ.na.ɾo.sɯ.pɯ.ɾo.kʰɯ.tʰɯ.ɾɛ.pi.sɯ],[ɾa.gɯ.na.ɾo.sɯ.bɯ.ɾo.kʰɯ.tʰɯ.ɾɛ.bi.sɯ]
내가 가르치는,9,[nɛ.ka.ka.ɾɯ.tʃʰi.nɯn],[nɛ.ga.ga.ɾɯ.tʃʰi.nɯn]
회복하는 게,9,[hwe.pok̚.ha.nɯŋ.ke],[hwe.bok̚.ha.nɯn.ge]
할 수 있어요 내,9,[hal.su.it̚.ʌ.jo.nɛ],[hal.su.it̚.ʌ.jo.nɛ]
내가 가마,9,[nɛ.ka.ka.ma],[nɛ.ga.ga.ma]
분 전이다,9,[pun.tʃʌn.i.ta],[bun.dʒʌn.i.da]
보렴 아빠가,9,[po.ɾjʌm.a.p͈a.ka],[bo.ɾjʌm.a.p͈a.ga]
곳인가 봐,9,[kot̚.iŋ.ka.pwa],[got̚.iŋ.ka.bwa]
할 수 있었던 건,9,[hal.su.it̚.ʌt̚.tʌŋ.kʌn],[hal.su.it̚.ʌt̚.tʌn.gʌn]
기념 사진,9,[ki.njʌm.sa.tʃin],[gi.njʌm.sa.dʒin]
회사 그만두고,9,[hwe.sa.kɯ.man.tu.ko],[hwe.sa.gɯ.man.tu.go]
내가 가보지,9,[nɛ.ka.ka.po.tʃi],[nɛ.ga.ga.bo.dʒi]
할 수 있을거라고,9,[hal.su.it̚.ɯl.kʌ.ɾa.ko],[hal.su.it̚.ɯl.kʌ.ɾa.go]
내가 가서 데려올게,9,[nɛ.ka.ka.sʌ.te.ɾjʌ.ol.ke],[nɛ.ga.ga.sʌ.de.ɾjʌ.ol.ke]
보면 그 사람을,9,[po.mjʌŋ.kɯ.sa.ɾam.ɯl],[bo.mjʌn.gɯ.sa.ɾam.ɯl]
공 가지고,9,[koŋ.ka.tʃi.ko],[goŋ.ga.dʒi.go]
할 수 있잖아 이제,9,[hal.su.it̚.tʃan.a.i.tʃe],[hal.su.it̚.tʃan.a.i.dʒe]
기념품 가게에서,9,[ki.njʌm.pʰum.ka.ke.e.sʌ],[gi.njʌm.pʰum.ga.ge.e.sʌ]
보면 그건,9,[po.mjʌŋ.kɯ.kʌn],[bo.mjʌn.gɯ.gʌn]
할 수 있죠 하지만,9,[hal.su.it̚.tʃjo.ha.tʃi.man],[hal.su.it̚.tʃjo.ha.dʒi.man]
보면 그녀는,9,[po.mjʌŋ.kɯ.njʌ.nɯn],[bo.mjʌn.gɯ.njʌ.nɯn]
내가 옆에 있을,9,[nɛ.ka.jʌp̚.e.it̚.ɯl],[nɛ.ga.jʌp̚.e.it̚.ɯl]
할 수가 없어서,9,[hal.su.ka.ʌp̚.ʌ.sʌ],[hal.su.ga.ʌp̚.ʌ.sʌ]
내가 가자고,9,[nɛ.ka.ka.tʃa.ko],[nɛ.ga.ga.dʒa.go]
회사 역사상,9,[hwe.sa.jʌk̚.sa.saŋ],[hwe.sa.jʌk̚.sa.saŋ]
지어 줄게,9,[tʃi.ʌ.tʃul.ke],[dʒi.ʌ.dʒul.ke]
할 수는 있어,9,[hal.su.nɯn.it̚.ʌ],[hal.su.nɯn.it̚.ʌ]
보면 깜짝 놀랄 거야,9,[po.mjʌŋ.k͈an.tʃ͈ak̚.nol.ɾal.kʌ.ja],[bo.mjʌŋ.k͈an.tʃ͈ak̚.nol.ɾal.gʌ.ja]
보면 난리,9,[po.mjʌn.nal.li],[bo.mjʌn.nal.li]
회사 앞에서,9,[hwe.sa.ap̚.e.sʌ],[hwe.sa.ap̚.e.sʌ]
pum pum,9,,
보면 누구나,9,[po.mjʌn.nu.ku.na],[bo.mjʌn.nu.gu.na]
보면 눈물,9,[po.mjʌn.nun.mul],[bo.mjʌn.nun.mul]
분 중 누가,9,[pun.tʃuŋ.nu.ka],[bun.dʒuŋ.nu.ga]
할 수있는 모든 것,9,[hal.su.it̚.nɯn.mo.tɯŋ.kʌt̚],[hal.su.it̚.nɯn.mo.dɯn.gʌt̚]
공 비서의 웃음,9,[kom.pi.sʌ.ɯi.ut̚.ɯm],[goŋ.bi.sʌ.ɯi.ut̚.ɯm]
