Item,Frequency,Formal_IPA,Casual_IPA
하는 내내,6,[ha.nɯn.nɛ.nɛ],[ha.nɯn.nɛ.nɛ]
하는 놈도,6,[ha.nɯn.non.to],[ha.nɯn.non.to]
번째 수술을,6,[pʌn.tʃ͈ɛ.su.sul.ɯl],[bʌn.tʃ͈ɛ.su.sul.ɯl]
감싸 안아,6,[kam.s͈a.an.a],[gam.s͈a.an.a]
감싸 준,6,[kam.s͈a.tʃun],[gam.s͈a.dʒun]
번째 시신이,6,[pʌn.tʃ͈ɛ.si.sin.i],[bʌn.tʃ͈ɛ.si.sin.i]
하는 데 도움이 될,6,[ha.nɯn.te.to.um.i.twel],[ha.nɯn.de.do.um.i.dwel]
하는 데 있어서,6,[ha.nɯn.te.it̚.ʌ.sʌ],[ha.nɯn.de.it̚.ʌ.sʌ]
하는 데다,6,[ha.nɯn.te.ta],[ha.nɯn.de.da]
하는 데가,6,[ha.nɯn.te.ka],[ha.nɯn.de.ga]
감싸 줄,6,[kam.s͈a.tʃul],[gam.s͈a.dʒul]
하는 데지,6,[ha.nɯn.te.tʃi],[ha.nɯn.de.dʒi]
번째 아인,6,[pʌn.tʃ͈ɛ.a.in],[bʌn.tʃ͈ɛ.a.in]
내 상상인,6,[nɛ.saŋ.saŋ.in],[nɛ.saŋ.saŋ.in]
하는 동안 난,6,[ha.nɯn.toŋ.an.nan],[ha.nɯn.doŋ.an.nan]
번째 야,6,[pʌn.tʃ͈ɛ.ja],[bʌn.tʃ͈ɛ.ja]
행운을 빌어요 좋아,6,[hɛŋ.un.ɯl.pil.ʌ.jo.tʃot̚.a],[hɛŋ.un.ɯl.bil.ʌ.jo.dʒot̚.a]
하는 동안엔,6,[ha.nɯn.toŋ.an.en],[ha.nɯn.doŋ.an.en]
하는 동안은,6,[ha.nɯn.toŋ.an.ɯn],[ha.nɯn.doŋ.an.ɯn]
하는 등,6,[ha.nɯn.tɯŋ],[ha.nɯn.dɯŋ]
하는 두,6,[ha.nɯn.tu],[ha.nɯn.du]
하는 때가,6,[ha.nɯn.t͈ɛ.ka],[ha.nɯn.t͈ɛ.ga]
하는 또 다른,6,[ha.nɯn.t͈o.ta.ɾɯn],[ha.nɯn.t͈o.da.ɾɯn]
하는 마당에,6,[ha.nɯn.ma.taŋ.e],[ha.nɯn.ma.daŋ.e]
out of all,6,,
하는 마법,6,[ha.nɯn.ma.pʌp̚],[ha.nɯn.ma.bʌp̚]
하는 마음으로,6,[ha.nɯn.ma.ɯm.ɯ.ɾo],[ha.nɯn.ma.ɯm.ɯ.ɾo]
번째 욕실,6,[pʌn.tʃ͈ɛ.jok̚.sil],[bʌn.tʃ͈ɛ.jok̚.sil]
번째 용의자는,6,[pʌn.tʃ͈ɛ.joŋ.ɯi.tʃa.nɯn],[bʌn.tʃ͈ɛ.joŋ.ɯi.dʒa.nɯn]
번째 이상한,6,[pʌn.tʃ͈ɛ.i.saŋ.han],[bʌn.tʃ͈ɛ.i.saŋ.han]
번째 이상한 일은,6,[pʌn.tʃ͈ɛ.i.saŋ.han.il.ɯn],[bʌn.tʃ͈ɛ.i.saŋ.han.il.ɯn]
하는 말 들었어요,6,[ha.nɯn.mal.tɯl.ʌt̚.ʌ.jo],[ha.nɯn.mal.dɯl.ʌt̚.ʌ.jo]
하는 말 말이야,6,[ha.nɯn.mal.mal.i.ja],[ha.nɯn.mal.mal.i.ja]
번째 일 것이다,6,[pʌn.tʃ͈ɛ.il.kʌt̚.i.ta],[bʌn.tʃ͈ɛ.il.gʌt̚.i.da]
하는 말 아니에요,6,[ha.nɯn.mal.a.ni.e.jo],[ha.nɯn.mal.a.ni.e.jo]
하는 말 안,6,[ha.nɯn.mal.an],[ha.nɯn.mal.an]
out of bed,6,,
하는 말도 안 되는,6,[ha.nɯn.mal.to.an.twe.nɯn],[ha.nɯn.mal.to.an.dwe.nɯn]
하는 말도 안,6,[ha.nɯn.mal.to.an],[ha.nɯn.mal.to.an]
하는 말들이,6,[ha.nɯn.mal.tɯl.i],[ha.nɯn.mal.tɯl.i]
번째 작품을,6,[pʌn.tʃ͈ɛ.tʃak̚.pʰum.ɯl],[bʌn.tʃ͈ɛ.dʒak̚.pʰum.ɯl]
내 상황에,6,[nɛ.saŋ.hwaŋ.e],[nɛ.saŋ.hwaŋ.e]
고통을 줄여,6,[ko.tʰoŋ.ɯl.tʃul.jʌ],[go.tʰoŋ.ɯl.dʒul.jʌ]
번째 잔은,6,[pʌn.tʃ͈ɛ.tʃan.ɯn],[bʌn.tʃ͈ɛ.dʒan.ɯn]
행운이 따르길,6,[hɛŋ.un.i.t͈a.ɾɯ.kil],[hɛŋ.un.i.t͈a.ɾɯ.gil]
번째 제보자가,6,[pʌn.tʃ͈ɛ.tʃe.po.tʃa.ka],[bʌn.tʃ͈ɛ.dʒe.bo.dʒa.ga]
고통을 줄 수,6,[ko.tʰoŋ.ɯl.tʃul.su],[go.tʰoŋ.ɯl.dʒul.su]
하는 말을 들었는데,6,[ha.nɯn.mal.ɯl.tɯl.ʌt̚.nɯn.te],[ha.nɯn.mal.ɯl.dɯl.ʌt̚.nɯn.te]
내 상황이 어떤지,6,[nɛ.saŋ.hwaŋ.i.ʌ.t͈ʌn.tʃi],[nɛ.saŋ.hwaŋ.i.ʌ.t͈ʌn.tʃi]
내가 보기엔 이미,6,[nɛ.ka.po.ki.en.i.mi],[nɛ.ga.bo.gi.en.i.mi]
하는 말을 어떻게,6,[ha.nɯn.mal.ɯl.ʌ.t͈ʌt̚.ke],[ha.nɯn.mal.ɯl.ʌ.t͈ʌt̚.ke]
내 새 비서,6,[nɛ.sɛ.pi.sʌ],[nɛ.sɛ.bi.sʌ]
하는 말이 무슨,6,[ha.nɯn.mal.i.mu.sɯn],[ha.nɯn.mal.i.mu.sɯn]
하는 말이 아니고,6,[ha.nɯn.mal.i.a.ni.ko],[ha.nɯn.mal.i.a.ni.go]
내 새끼 살려,6,[nɛ.sɛ.k͈i.sal.ɾjʌ],[nɛ.sɛ.k͈i.sal.ɾjʌ]
번째 질문을,6,[pʌn.tʃ͈ɛ.tʃil.mun.ɯl],[bʌn.tʃ͈ɛ.dʒil.mun.ɯl]
번째 집,6,[pʌn.tʃ͈ɛ.tʃip̚],[bʌn.tʃ͈ɛ.dʒip̚]
하는 말이라면,6,[ha.nɯn.mal.i.ɾa.mjʌn],[ha.nɯn.mal.i.ɾa.mjʌn]
No I won''t,6,,
번째 촬영,6,[pʌn.tʃ͈ɛ.tʃʰwal.jʌŋ],[bʌn.tʃ͈ɛ.tʃʰwal.jʌŋ]
번째 칸에,6,[pʌn.tʃ͈ɛ.kʰan.e],[bʌn.tʃ͈ɛ.kʰan.e]
하는 말인데 내가,6,[ha.nɯn.mal.in.te.nɛ.ka],[ha.nɯn.mal.in.te.nɛ.ga]
번째 코스,6,[pʌn.tʃ͈ɛ.kʰo.sɯ],[bʌn.tʃ͈ɛ.kʰo.sɯ]
내 새끼들은,6,[nɛ.sɛ.k͈i.tɯl.ɯn],[nɛ.sɛ.k͈i.dɯl.ɯn]
번째 큰,6,[pʌn.tʃ͈ɛ.kʰɯn],[bʌn.tʃ͈ɛ.kʰɯn]
내 새끼들이,6,[nɛ.sɛ.k͈i.tɯl.i],[nɛ.sɛ.k͈i.dɯl.i]
번째 테이크,6,[pʌn.tʃ͈ɛ.tʰe.i.kʰɯ],[bʌn.tʃ͈ɛ.tʰe.i.kʰɯ]
하는 망할,6,[ha.nɯn.maŋ.hal],[ha.nɯn.maŋ.hal]
하는 몇,6,[ha.nɯn.mjʌt̚],[ha.nɯn.mjʌt̚]
번째 파도가,6,[pʌn.tʃ͈ɛ.pʰa.to.ka],[bʌn.tʃ͈ɛ.pʰa.do.ga]
번째 편지를,6,[pʌn.tʃ͈ɛ.pʰjʌn.tʃi.ɾɯl],[bʌn.tʃ͈ɛ.pʰjʌn.tʃi.ɾɯl]
내 새로운 모습은,6,[nɛ.sɛ.ɾo.un.mo.sɯp̚.ɯn],[nɛ.sɛ.ɾo.un.mo.sɯp̚.ɯn]
하는 모든 일들은,6,[ha.nɯn.mo.tɯn.il.tɯl.ɯn],[ha.nɯn.mo.dɯn.il.tɯl.ɯn]
번째 폭탄은,6,[pʌn.tʃ͈ɛ.pʰok̚.tʰan.ɯn],[bʌn.tʃ͈ɛ.pʰok̚.tʰan.ɯn]
내 새를,6,[nɛ.sɛ.ɾɯl],[nɛ.sɛ.ɾɯl]
하는 모습,6,[ha.nɯn.mo.sɯp̚],[ha.nɯn.mo.sɯp̚]
하는 모든 행동은,6,[ha.nɯn.mo.tɯn.hɛŋ.toŋ.ɯn],[ha.nɯn.mo.dɯn.hɛŋ.doŋ.ɯn]
하는 모양이군,6,[ha.nɯn.mo.jaŋ.i.kun],[ha.nɯn.mo.jaŋ.i.gun]
내 새로운 모습은 어떤,6,[nɛ.sɛ.ɾo.un.mo.sɯp̚.ɯn.ʌ.t͈ʌn],[nɛ.sɛ.ɾo.un.mo.sɯp̚.ɯn.ʌ.t͈ʌn]
하는 문제야,6,[ha.nɯn.mun.tʃe.ja],[ha.nɯn.mun.tʃe.ja]
하는 문제를,6,[ha.nɯn.mun.tʃe.ɾɯl],[ha.nɯn.mun.tʃe.ɾɯl]
번째 할,6,[pʌn.tʃ͈ɛ.hal],[bʌn.tʃ͈ɛ.hal]
행진하는 밴드와 로봇 실험실을,6,[hɛŋ.tʃin.ha.nɯm.pɛn.tɯ.wa.ɾo.pot̚.sil.hʌm.sil.ɯl],[hɛŋ.dʒin.ha.nɯn.bɛn.tɯ.wa.ɾo.bot̚.sil.hʌm.sil.ɯl]
내 생각 말해,6,[nɛ.sɛŋ.kak̚.mal.hɛ],[nɛ.sɛŋ.gak̚.mal.hɛ]
번째 회의에서,6,[pʌn.tʃ͈ɛ.hwe.ɯi.e.sʌ],[bʌn.tʃ͈ɛ.hwe.ɯi.e.sʌ]
내 생각 말해줄까,6,[nɛ.sɛŋ.kak̚.mal.hɛ.tʃul.k͈a],[nɛ.sɛŋ.gak̚.mal.hɛ.dʒul.k͈a]
감싸는 거죠,6,[kam.s͈a.nɯŋ.kʌ.tʃjo],[gam.s͈a.nɯn.gʌ.dʒjo]
하는 방식으로,6,[ha.nɯm.paŋ.sik̚.ɯ.ɾo],[ha.nɯn.baŋ.sik̚.ɯ.ɾo]
번째 흑인,6,[pʌn.tʃ͈ɛ.hɯk̚.in],[bʌn.tʃ͈ɛ.hɯk̚.in]
하는 법이니까,6,[ha.nɯm.pʌp̚.i.ni.k͈a],[ha.nɯn.bʌp̚.i.ni.k͈a]
번째가 될 거야,6,[pʌn.tʃ͈ɛ.ka.twel.kʌ.ja],[bʌn.tʃ͈ɛ.ga.dwel.gʌ.ja]
하는 부분은,6,[ha.nɯm.pu.pun.ɯn],[ha.nɯn.bu.bun.ɯn]
하는 분,6,[ha.nɯm.pun],[ha.nɯn.bun]
행크 잘,6,[hɛŋ.kʰɯ.tʃal],[hɛŋ.kʰɯ.dʒal]
번째는 뭐죠,6,[pʌn.tʃ͈ɛ.nɯn.mwʌ.tʃjo],[bʌn.tʃ͈ɛ.nɯn.mwʌ.dʒjo]
내 생각대로군,6,[nɛ.sɛŋ.kak̚.tɛ.ɾo.kun],[nɛ.sɛŋ.gak̚.tɛ.ɾo.gun]
번째는 어떻게,6,[pʌn.tʃ͈ɛ.nɯn.ʌ.t͈ʌt̚.ke],[bʌn.tʃ͈ɛ.nɯn.ʌ.t͈ʌt̚.ke]
하는 사람도 있어요,6,[ha.nɯn.sa.ɾan.to.it̚.ʌ.jo],[ha.nɯn.sa.ɾan.to.it̚.ʌ.jo]
하는 사람들 그리고,6,[ha.nɯn.sa.ɾan.tɯl.kɯ.ɾi.ko],[ha.nɯn.sa.ɾan.tɯl.gɯ.ɾi.go]
번째로 갈,6,[pʌn.tʃ͈ɛ.ɾo.kal],[bʌn.tʃ͈ɛ.ɾo.gal]
번째도 아니고,6,[pʌn.tʃ͈ɛ.to.a.ni.ko],[bʌn.tʃ͈ɛ.do.a.ni.go]
번째는 없을,6,[pʌn.tʃ͈ɛ.nɯn.ʌp̚.ɯl],[bʌn.tʃ͈ɛ.nɯn.ʌp̚.ɯl]
하는 사람들에게,6,[ha.nɯn.sa.ɾan.tɯl.e.ke],[ha.nɯn.sa.ɾan.tɯl.e.ge]
하는 사람들도 있지만,6,[ha.nɯn.sa.ɾan.tɯl.to.it̚.tʃi.man],[ha.nɯn.sa.ɾan.tɯl.to.it̚.tʃi.man]
하는 사람들이에요,6,[ha.nɯn.sa.ɾan.tɯl.i.e.jo],[ha.nɯn.sa.ɾan.tɯl.i.e.jo]
번째로 돌아 왔습니다,6,[pʌn.tʃ͈ɛ.ɾo.tol.a.wat̚.sɯp̚.ni.ta],[bʌn.tʃ͈ɛ.ɾo.dol.a.wat̚.sɯp̚.ni.da]
내 생각도 그렇다,6,[nɛ.sɛŋ.kak̚.to.kɯ.ɾʌt̚.ta],[nɛ.sɛŋ.gak̚.to.gɯ.ɾʌt̚.ta]
하는 사람은 없어,6,[ha.nɯn.sa.ɾam.ɯn.ʌp̚.ʌ],[ha.nɯn.sa.ɾam.ɯn.ʌp̚.ʌ]
하는 사람이 있으면,6,[ha.nɯn.sa.ɾam.i.it̚.ɯ.mjʌn],[ha.nɯn.sa.ɾam.i.it̚.ɯ.mjʌn]
내 생각도 변하지,6,[nɛ.sɛŋ.kak̚.to.pjʌn.ha.tʃi],[nɛ.sɛŋ.gak̚.to.bjʌn.ha.dʒi]
내 생각도 변하지 않았소,6,[nɛ.sɛŋ.kak̚.to.pjʌn.ha.tʃi.an.at̚.so],[nɛ.sɛŋ.gak̚.to.bjʌn.ha.dʒi.an.at̚.so]
back aah,6,,
하는 사람이라면,6,[ha.nɯn.sa.ɾam.i.ɾa.mjʌn],[ha.nɯn.sa.ɾam.i.ɾa.mjʌn]
하는 사람이라는,6,[ha.nɯn.sa.ɾam.i.ɾa.nɯn],[ha.nɯn.sa.ɾam.i.ɾa.nɯn]
하는 사람이잖아,6,[ha.nɯn.sa.ɾam.i.tʃan.a],[ha.nɯn.sa.ɾam.i.dʒan.a]
하는 사이,6,[ha.nɯn.sa.i],[ha.nɯn.sa.i]
하는 사이야,6,[ha.nɯn.sa.i.ja],[ha.nɯn.sa.i.ja]
감아 보세요,6,[kam.a.po.se.jo],[gam.a.bo.se.jo]
하는 상황에,6,[ha.nɯn.saŋ.hwaŋ.e],[ha.nɯn.saŋ.hwaŋ.e]
하는 상황입니다,6,[ha.nɯn.saŋ.hwaŋ.ip̚.ni.ta],[ha.nɯn.saŋ.hwaŋ.ip̚.ni.da]
번창하고 있습니다,6,[pʌn.tʃʰaŋ.ha.ko.it̚.sɯp̚.ni.ta],[bʌn.tʃʰaŋ.ha.go.it̚.sɯp̚.ni.da]
번창하고 있어,6,[pʌn.tʃʰaŋ.ha.ko.it̚.ʌ],[bʌn.tʃʰaŋ.ha.go.it̚.ʌ]
내 생각에 경들은 무릎을,6,[nɛ.sɛŋ.kak̚.e.kjʌŋ.tɯl.ɯn.mu.ɾɯp̚.ɯl],[nɛ.sɛŋ.gak̚.e.gjʌŋ.dɯl.ɯn.mu.ɾɯp̚.ɯl]
향수 냄새가 나,6,[hjaŋ.su.nɛm.sɛ.ka.na],[hjaŋ.su.nɛm.sɛ.ga.na]
하는 선택,6,[ha.nɯn.sʌn.tʰɛk̚],[ha.nɯn.sʌn.tʰɛk̚]
하는 셈이지,6,[ha.nɯn.sem.i.tʃi],[ha.nɯn.sem.i.dʒi]
내 생각에 경들은,6,[nɛ.sɛŋ.kak̚.e.kjʌŋ.tɯl.ɯn],[nɛ.sɛŋ.gak̚.e.gjʌŋ.dɯl.ɯn]
번티 윈더미어,6,[pʌn.tʰi.win.tʌ.mi.ʌ],[bʌn.tʰi.win.tʌ.mi.ʌ]
번호 그리고,6,[pʌn.ho.kɯ.ɾi.ko],[bʌn.ho.gɯ.ɾi.go]
하는 소리요,6,[ha.nɯn.so.ɾi.jo],[ha.nɯn.so.ɾi.jo]
하는 소린데,6,[ha.nɯn.so.ɾin.te],[ha.nɯn.so.ɾin.te]
강의 중,6,[kaŋ.ɯi.tʃuŋ],[gaŋ.ɯi.dʒuŋ]
하는 수 밖에,6,[ha.nɯn.su.pak̚.e],[ha.nɯn.su.bak̚.e]
내 생각에 그녀가,6,[nɛ.sɛŋ.kak̚.e.kɯ.njʌ.ka],[nɛ.sɛŋ.gak̚.e.gɯ.njʌ.ga]
하는 수 없이,6,[ha.nɯn.su.ʌp̚.i],[ha.nɯn.su.ʌp̚.i]
내 생각에 그녀의,6,[nɛ.sɛŋ.kak̚.e.kɯ.njʌ.ɯi],[nɛ.sɛŋ.gak̚.e.gɯ.njʌ.ɯi]
하는 순간인,6,[ha.nɯn.suŋ.kan.in],[ha.nɯn.suŋ.kan.in]
번호 받아,6,[pʌn.ho.pat̚.a],[bʌn.ho.bat̚.a]
하는 시간이,6,[ha.nɯn.si.kan.i],[ha.nɯn.si.gan.i]
하는 시간을,6,[ha.nɯn.si.kan.ɯl],[ha.nɯn.si.gan.ɯl]
하는 실수죠,6,[ha.nɯn.sil.su.tʃjo],[ha.nɯn.sil.su.dʒjo]
번호 불러,6,[pʌn.ho.pul.ɾʌ],[bʌn.ho.bul.ɾʌ]
봐주지 않습니다,6,[pwa.tʃu.tʃi.an.sɯp̚.ni.ta],[bwa.dʒu.dʒi.an.sɯp̚.ni.da]
번호 생겼어,6,[pʌn.ho.sɛŋ.kjʌt̚.ʌ],[bʌn.ho.sɛŋ.gjʌt̚.ʌ]
하는 아주,6,[ha.nɯn.a.tʃu],[ha.nɯn.a.dʒu]
고티에 아저씨,6,[ko.tʰi.e.a.tʃʌ.s͈i],[go.tʰi.e.a.dʒʌ.s͈i]
하는 애랑,6,[ha.nɯn.ɛ.ɾaŋ],[ha.nɯn.ɛ.ɾaŋ]
향주목의 백성들은,6,[hjaŋ.tʃu.mok̚.ɯi.pɛk̚.sʌŋ.tɯl.ɯn],[hjaŋ.dʒu.mok̚.ɯi.bɛk̚.sʌŋ.dɯl.ɯn]
하는 얘기 들었어,6,[ha.nɯn.jɛ.ki.tɯl.ʌt̚.ʌ],[ha.nɯn.jɛ.gi.dɯl.ʌt̚.ʌ]
하는 얘기 잘 들으세요,6,[ha.nɯn.jɛ.ki.tʃal.tɯl.ɯ.se.jo],[ha.nɯn.jɛ.gi.dʒal.dɯl.ɯ.se.jo]
봐준 거야,6,[pwa.tʃuŋ.kʌ.ja],[bwa.dʒun.gʌ.ja]
번호 알려줄게,6,[pʌn.ho.al.ɾjʌ.tʃul.ke],[bʌn.ho.al.ɾjʌ.dʒul.ke]
하는 얘기에요,6,[ha.nɯn.jɛ.ki.e.jo],[ha.nɯn.jɛ.gi.e.jo]
번호 알아요,6,[pʌn.ho.al.a.jo],[bʌn.ho.al.a.jo]
번호 알아냈어,6,[pʌn.ho.al.a.nɛt̚.ʌ],[bʌn.ho.al.a.nɛt̚.ʌ]
향하고 있네요,6,[hjaŋ.ha.ko.it̚.ne.jo],[hjaŋ.ha.go.it̚.ne.jo]
감아 줄,6,[kam.a.tʃul],[gam.a.dʒul]
봐준다고 했어,6,[pwa.tʃun.ta.ko.hɛt̚.ʌ],[bwa.dʒun.ta.go.hɛt̚.ʌ]
하는 영상을,6,[ha.nɯn.jʌŋ.saŋ.ɯl],[ha.nɯn.jʌŋ.saŋ.ɯl]
고풍스러운 설비,6,[ko.pʰuŋ.sɯ.ɾʌ.un.sʌl.pi],[go.pʰuŋ.sɯ.ɾʌ.un.sʌl.pi]
내 생각에 넌 지금,6,[nɛ.sɛŋ.kak̚.e.nʌn.tʃi.kɯm],[nɛ.sɛŋ.gak̚.e.nʌn.dʒi.gɯm]
하는 원인이,6,[ha.nɯn.wʌn.in.i],[ha.nɯn.wʌn.in.i]
감아요 눈,6,[kam.a.jo.nun],[gam.a.jo.nun]
하는 유일한 이유는,6,[ha.nɯn.ju.il.han.i.ju.nɯn],[ha.nɯn.ju.il.han.i.ju.nɯn]
번호 있어요,6,[pʌn.ho.it̚.ʌ.jo],[bʌn.ho.it̚.ʌ.jo]
내 생각에 니가,6,[nɛ.sɛŋ.kak̚.e.ni.ka],[nɛ.sɛŋ.gak̚.e.ni.ga]
고풍스러운 음악,6,[ko.pʰuŋ.sɯ.ɾʌ.un.ɯm.ak̚],[go.pʰuŋ.sɯ.ɾʌ.un.ɯm.ak̚]
하는 이야기는,6,[ha.nɯn.i.ja.ki.nɯn],[ha.nɯn.i.ja.gi.nɯn]
번호 줄테니까 So,6,[pʌn.ho.tʃul.tʰe.ni.k͈a],[bʌn.ho.dʒul.tʰe.ni.k͈a]
번호 줄테니까,6,[pʌn.ho.tʃul.tʰe.ni.k͈a],[bʌn.ho.dʒul.tʰe.ni.k͈a]
번호 줄,6,[pʌn.ho.tʃul],[bʌn.ho.dʒul]
번호 중,6,[pʌn.ho.tʃuŋ],[bʌn.ho.dʒuŋ]
번호 줄테니까 So call,6,[pʌn.ho.tʃul.tʰe.ni.k͈a],[bʌn.ho.dʒul.tʰe.ni.k͈a]
향하고 있는지,6,[hjaŋ.ha.ko.it̚.nɯn.tʃi],[hjaŋ.ha.go.it̚.nɯn.tʃi]
하는 이유가 있어요,6,[ha.nɯn.i.ju.ka.it̚.ʌ.jo],[ha.nɯn.i.ju.ga.it̚.ʌ.jo]
번호 찍어,6,[pʌn.ho.tʃ͈ik̚.ʌ],[bʌn.ho.tʃ͈ik̚.ʌ]
감안하시길 바랍니다,6,[kam.an.ha.si.kil.pa.ɾap̚.ni.ta],[gam.an.ha.si.gil.ba.ɾap̚.ni.da]
번호가 너무,6,[pʌn.ho.ka.nʌ.mu],[bʌn.ho.ga.nʌ.mu]
감안했을 때,6,[kam.an.hɛt̚.ɯl.t͈ɛ],[gam.an.hɛt̚.ɯl.t͈ɛ]
하는 인간이,6,[ha.nɯn.iŋ.kan.i],[ha.nɯn.iŋ.kan.i]
하는 인간,6,[ha.nɯn.iŋ.kan],[ha.nɯn.iŋ.kan]
내 생각에 오늘,6,[nɛ.sɛŋ.kak̚.e.o.nɯl],[nɛ.sɛŋ.gak̚.e.o.nɯl]
하는 일 없이,6,[ha.nɯn.il.ʌp̚.i],[ha.nɯn.il.ʌp̚.i]
하는 일 아니야,6,[ha.nɯn.il.a.ni.ja],[ha.nɯn.il.a.ni.ja]
고플 거야,6,[ko.pʰɯl.kʌ.ja],[go.pʰɯl.gʌ.ja]
내 생각에 우리의,6,[nɛ.sɛŋ.kak̚.e.u.ɾi.ɯi],[nɛ.sɛŋ.gak̚.e.u.ɾi.ɯi]
번호가 있니,6,[pʌn.ho.ka.it̚.ni],[bʌn.ho.ga.it̚.ni]
번호가 어떻게 되시죠,6,[pʌn.ho.ka.ʌ.t͈ʌt̚.ke.twe.si.tʃjo],[bʌn.ho.ga.ʌ.t͈ʌt̚.ke.dwe.si.dʒjo]
back and slam the,6,,
하는 일에 대한,6,[ha.nɯn.il.e.tɛ.han],[ha.nɯn.il.e.dɛ.han]
No I won''t leave,6,,
하는 일요,6,[ha.nɯn.il.jo],[ha.nɯn.il.jo]
내 생각에 이게,6,[nɛ.sɛŋ.kak̚.e.i.ke],[nɛ.sɛŋ.gak̚.e.i.ge]
향한 감정은,6,[hjaŋ.haŋ.kan.tʃʌŋ.ɯn],[hjaŋ.han.gan.tʃʌŋ.ɯn]
번호가 적혀,6,[pʌn.ho.ka.tʃʌk̚.hjʌ],[bʌn.ho.ga.dʒʌk̚.hjʌ]
고하쿠 씨가,6,[ko.ha.kʰu.s͈i.ka],[go.ha.kʰu.s͈i.ga]
back and slam,6,,
관계를 못,6,[kwaŋ.kje.ɾɯl.mot̚],[gwaŋ.kje.ɾɯl.mot̚]
봐줄 수 있는,6,[pwa.tʃul.su.it̚.nɯn],[bwa.dʒul.su.it̚.nɯn]
내 생각에 저,6,[nɛ.sɛŋ.kak̚.e.tʃʌ],[nɛ.sɛŋ.gak̚.e.dʒʌ]
하는 일을 하려면,6,[ha.nɯn.il.ɯl.ha.ɾjʌ.mjʌn],[ha.nɯn.il.ɯl.ha.ɾjʌ.mjʌn]
하는 일을 한다,6,[ha.nɯn.il.ɯl.han.ta],[ha.nɯn.il.ɯl.han.ta]
하는 일을 했을,6,[ha.nɯn.il.ɯl.hɛt̚.ɯl],[ha.nɯn.il.ɯl.hɛt̚.ɯl]
번호는 어디서,6,[pʌn.ho.nɯn.ʌ.ti.sʌ],[bʌn.ho.nɯn.ʌ.di.sʌ]
하는 일이 아니다,6,[ha.nɯn.il.i.a.ni.ta],[ha.nɯn.il.i.a.ni.da]
번호는 없는 번호이거나,6,[pʌn.ho.nɯn.ʌp̚.nɯm.pʌn.ho.i.kʌ.na],[bʌn.ho.nɯn.ʌp̚.nɯn.bʌn.ho.i.gʌ.na]
하는 일이 있는데,6,[ha.nɯn.il.i.it̚.nɯn.te],[ha.nɯn.il.i.it̚.nɯn.te]
내 생각에는 나는,6,[nɛ.sɛŋ.kak̚.e.nɯn.na.nɯn],[nɛ.sɛŋ.gak̚.e.nɯn.na.nɯn]
하는 일이 정확히,6,[ha.nɯn.il.i.tʃʌŋ.hwak̚.hi],[ha.nɯn.il.i.dʒʌŋ.hwak̚.hi]
내 생각에는 넌,6,[nɛ.sɛŋ.kak̚.e.nɯn.nʌn],[nɛ.sɛŋ.gak̚.e.nɯn.nʌn]
No idea,6,,
향한 진심을,6,[hjaŋ.han.tʃin.sim.ɯl],[hjaŋ.han.dʒin.sim.ɯl]
번호도 안,6,[pʌn.ho.to.an],[bʌn.ho.do.an]
하는 일이면,6,[ha.nɯn.il.i.mjʌn],[ha.nɯn.il.i.mjʌn]
향할 때,6,[hjaŋ.hal.t͈ɛ],[hjaŋ.hal.t͈ɛ]
하는 일이야 넌,6,[ha.nɯn.il.i.ja.nʌn],[ha.nɯn.il.i.ja.nʌn]
하는 일이었어요,6,[ha.nɯn.il.i.ʌt̚.ʌ.jo],[ha.nɯn.il.i.ʌt̚.ʌ.jo]
번호로 연락하면,6,[pʌn.ho.ɾo.jʌl.lak̚.ha.mjʌn],[bʌn.ho.ɾo.jʌl.lak̚.ha.mjʌn]
하는 일이지만,6,[ha.nɯn.il.i.tʃi.man],[ha.nɯn.il.i.dʒi.man]
향할 수,6,[hjaŋ.hal.su],[hjaŋ.hal.su]
번호로 전화하세요,6,[pʌn.ho.ɾo.tʃʌn.hwa.ha.se.jo],[bʌn.ho.ɾo.dʒʌn.hwa.ha.se.jo]
하는 저주를,6,[ha.nɯn.tʃʌ.tʃu.ɾɯl],[ha.nɯn.dʒʌ.dʒu.ɾɯl]
번호를 가지고 있다,6,[pʌn.ho.ɾɯl.ka.tʃi.ko.it̚.ta],[bʌn.ho.ɾɯl.ga.dʒi.go.it̚.ta]
번호를 남겼어요,6,[pʌn.ho.ɾɯl.lam.kjʌt̚.ʌ.jo],[bʌn.ho.ɾɯl.lam.kjʌt̚.ʌ.jo]
하는 제,6,[ha.nɯn.tʃe],[ha.nɯn.dʒe]
번호를 문자로,6,[pʌn.ho.ɾɯl.mun.tʃa.ɾo],[bʌn.ho.ɾɯl.mun.tʃa.ɾo]
번호를 받을,6,[pʌn.ho.ɾɯl.pat̚.ɯl],[bʌn.ho.ɾɯl.bat̚.ɯl]
번호를 아는 사람은,6,[pʌn.ho.ɾɯl.a.nɯn.sa.ɾam.ɯn],[bʌn.ho.ɾɯl.a.nɯn.sa.ɾam.ɯn]
하는 중이니까,6,[ha.nɯn.tʃuŋ.i.ni.k͈a],[ha.nɯn.dʒuŋ.i.ni.k͈a]
하는 줄은 몰랐네,6,[ha.nɯn.tʃul.ɯn.mol.ɾat̚.ne],[ha.nɯn.dʒul.ɯn.mol.ɾat̚.ne]
번호를 알아,6,[pʌn.ho.ɾɯl.al.a],[bʌn.ho.ɾɯl.al.a]
번호를 알아냈어요,6,[pʌn.ho.ɾɯl.al.a.nɛt̚.ʌ.jo],[bʌn.ho.ɾɯl.al.a.nɛt̚.ʌ.jo]
번호를 알려줬어요,6,[pʌn.ho.ɾɯl.al.ɾjʌ.tʃwʌt̚.ʌ.jo],[bʌn.ho.ɾɯl.al.ɾjʌ.dʒwʌt̚.ʌ.jo]
고해성사를 하고,6,[ko.hɛ.sʌŋ.sa.ɾɯl.ha.ko],[go.hɛ.sʌŋ.sa.ɾɯl.ha.go]
향이 좋구나,6,[hjaŋ.i.tʃot̚.ku.na],[hjaŋ.i.dʒot̚.ku.na]
향한 내 사랑은 말도,6,[hjaŋ.han.nɛ.sa.ɾaŋ.ɯn.mal.to],[hjaŋ.han.nɛ.sa.ɾaŋ.ɯn.mal.to]
하는 즉시,6,[ha.nɯn.tʃɯk̚.si],[ha.nɯn.dʒɯk̚.si]
하는 지 몰라,6,[ha.nɯn.tʃi.mol.ɾa],[ha.nɯn.dʒi.mol.ɾa]
번호를 입력하면,6,[pʌn.ho.ɾɯl.ip̚.ɾjʌk̚.ha.mjʌn],[bʌn.ho.ɾɯl.ip̚.ɾjʌk̚.ha.mjʌn]
감염 때문에,6,[kam.jʌn.t͈ɛ.mun.e],[gam.jʌn.t͈ɛ.mun.e]
번호를 잊어 버리셨습니까,6,[pʌn.ho.ɾɯl.it̚.ʌ.pʌ.ɾi.sjʌt̚.sɯp̚.ni.k͈a],[bʌn.ho.ɾɯl.it̚.ʌ.bʌ.ɾi.sjʌt̚.sɯp̚.ni.k͈a]
감염 내과,6,[kam.jʌm.nɛ.kwa],[gam.jʌm.nɛ.gwa]
하는 질문이,6,[ha.nɯn.tʃil.mun.i],[ha.nɯn.dʒil.mun.i]
고향 만세,6,[ko.hjaŋ.man.se],[go.hjaŋ.man.se]
번호를 줄게요,6,[pʌn.ho.ɾɯl.tʃul.ke.jo],[bʌn.ho.ɾɯl.dʒul.ke.jo]
하는 짓이고,6,[ha.nɯn.tʃit̚.i.ko],[ha.nɯn.dʒit̚.i.go]
번호판 좀,6,[pʌn.ho.pʰan.tʃom],[bʌn.ho.pʰan.dʒom]
벌 거고,6,[pʌl.kʌ.ko],[bʌl.gʌ.go]
봤거든 무슨,6,[pwat̚.kʌ.tɯn.mu.sɯn],[bwat̚.kʌ.dɯn.mu.sɯn]
하는 최고의,6,[ha.nɯn.tʃʰwe.ko.ɯi],[ha.nɯn.tʃʰwe.go.ɯi]
향해 나아가는,6,[hjaŋ.hɛ.na.a.ka.nɯn],[hjaŋ.hɛ.na.a.ga.nɯn]
하는 큰,6,[ha.nɯŋ.kʰɯn],[ha.nɯŋ.kʰɯn]
하는 편은,6,[ha.nɯm.pʰjʌn.ɯn],[ha.nɯm.pʰjʌn.ɯn]
향해 날개를 펼쳐요,6,[hjaŋ.hɛ.nal.kɛ.ɾɯl.pʰjʌl.tʃʰjʌ.jo],[hjaŋ.hɛ.nal.kɛ.ɾɯl.pʰjʌl.tʃʰjʌ.jo]
하는 편이 더,6,[ha.nɯm.pʰjʌn.i.tʌ],[ha.nɯm.pʰjʌn.i.dʌ]
하는 편이지,6,[ha.nɯm.pʰjʌn.i.tʃi],[ha.nɯm.pʰjʌn.i.dʒi]
하는 편이죠,6,[ha.nɯm.pʰjʌn.i.tʃjo],[ha.nɯm.pʰjʌn.i.dʒjo]
하는 평범한,6,[ha.nɯm.pʰjʌm.pʌm.han],[ha.nɯm.pʰjʌŋ.bʌm.han]
out of ten,6,,
하는 행동이야,6,[ha.nɯn.hɛŋ.toŋ.i.ja],[ha.nɯn.hɛŋ.doŋ.i.ja]
하는 행동이지,6,[ha.nɯn.hɛŋ.toŋ.i.tʃi],[ha.nɯn.hɛŋ.doŋ.i.dʒi]
하는 회사가,6,[ha.nɯn.hwe.sa.ka],[ha.nɯn.hwe.sa.ga]
벌 받나,6,[pʌl.pat̚.na],[bʌl.bat̚.na]
하는거 말이야,6,[ha.nɯŋ.kʌ.mal.i.ja],[ha.nɯŋ.kʌ.mal.i.ja]
내 생각엔 넌 아마,6,[nɛ.sɛŋ.kak̚.en.nʌn.a.ma],[nɛ.sɛŋ.gak̚.en.nʌn.a.ma]
내 생각엔 넌 그냥,6,[nɛ.sɛŋ.kak̚.en.nʌŋ.kɯ.njaŋ],[nɛ.sɛŋ.gak̚.en.nʌn.gɯ.njaŋ]
하는거 알잖아,6,[ha.nɯŋ.kʌ.al.tʃan.a],[ha.nɯŋ.kʌ.al.tʃan.a]
고향에 가면,6,[ko.hjaŋ.e.ka.mjʌn],[go.hjaŋ.e.ga.mjʌn]
하는거야 그,6,[ha.nɯŋ.kʌ.ja.kɯ],[ha.nɯŋ.kʌ.ja.gɯ]
하는거야 그리고,6,[ha.nɯŋ.kʌ.ja.kɯ.ɾi.ko],[ha.nɯŋ.kʌ.ja.gɯ.ɾi.go]
벌 받으러,6,[pʌl.pat̚.ɯ.ɾʌ],[bʌl.bat̚.ɯ.ɾʌ]
하는거야 우리,6,[ha.nɯŋ.kʌ.ja.u.ɾi],[ha.nɯŋ.kʌ.ja.u.ɾi]
하는거야 내,6,[ha.nɯŋ.kʌ.ja.nɛ],[ha.nɯŋ.kʌ.ja.nɛ]
봤건 간에 믿지 않는군,6,[pwat̚.kʌŋ.kan.e.mit̚.tʃi.an.nɯŋ.kun],[bwat̚.kʌn.gan.e.mit̚.tʃi.an.nɯŋ.kun]
하는건 아니죠,6,[ha.nɯŋ.kʌn.a.ni.tʃjo],[ha.nɯŋ.kʌn.a.ni.dʒjo]
감염 안 되게,6,[kam.jʌm.an.twe.ke],[gam.jʌm.an.dwe.ge]
관계를 유지하면서,6,[kwaŋ.kje.ɾɯl.ju.tʃi.ha.mjʌn.sʌ],[gwaŋ.kje.ɾɯl.ju.dʒi.ha.mjʌn.sʌ]
내가 보호한다,6,[nɛ.ka.po.ho.han.ta],[nɛ.ga.bo.ho.han.ta]
하는게 내,6,[ha.nɯŋ.ke.nɛ],[ha.nɯŋ.ke.nɛ]
벌 수 있게요,6,[pʌl.su.it̚.ke.jo],[bʌl.su.it̚.ke.jo]
감염 여부를,6,[kam.jʌm.jʌ.pu.ɾɯl],[gam.jʌm.jʌ.bu.ɾɯl]
하는게 어떨까,6,[ha.nɯŋ.ke.ʌ.t͈ʌl.k͈a],[ha.nɯŋ.ke.ʌ.t͈ʌl.k͈a]
내가 보호,6,[nɛ.ka.po.ho],[nɛ.ga.bo.ho]
하는게 어떨까요,6,[ha.nɯŋ.ke.ʌ.t͈ʌl.k͈a.jo],[ha.nɯŋ.ke.ʌ.t͈ʌl.k͈a.jo]
향해 총을 쏘는 것,6,[hjaŋ.hɛ.tʃʰoŋ.ɯl.s͈o.nɯŋ.kʌt̚],[hjaŋ.hɛ.tʃʰoŋ.ɯl.s͈o.nɯn.gʌt̚]
벌 수 있는 방법이,6,[pʌl.su.it̚.nɯm.pam.pʌp̚.i],[bʌl.su.it̚.nɯn.baŋ.bʌp̚.i]
감염 여부,6,[kam.jʌm.jʌ.pu],[gam.jʌm.jʌ.bu]
하는게 좋아,6,[ha.nɯŋ.ke.tʃot̚.a],[ha.nɯŋ.ke.dʒot̚.a]
하는게 좀,6,[ha.nɯŋ.ke.tʃom],[ha.nɯŋ.ke.dʒom]
하는게 좋아요,6,[ha.nɯŋ.ke.tʃot̚.a.jo],[ha.nɯŋ.ke.dʒot̚.a.jo]
벌 수 있다고요,6,[pʌl.su.it̚.ta.ko.jo],[bʌl.su.it̚.ta.go.jo]
봤고 자네도 봤지 난,6,[pwat̚.ko.tʃa.ne.to.pwat̚.tʃi.nan],[bwat̚.ko.dʒa.ne.do.bwat̚.tʃi.nan]
하는구나 내,6,[ha.nɯŋ.ku.na.nɛ],[ha.nɯŋ.ku.na.nɛ]
고향에 돌아가,6,[ko.hjaŋ.e.tol.a.ka],[go.hjaŋ.e.dol.a.ga]
하는군 난 이 섬에서,6,[ha.nɯŋ.kun.nan.i.sʌm.e.sʌ],[ha.nɯŋ.kun.nan.i.sʌm.e.sʌ]
하는군 난 이,6,[ha.nɯŋ.kun.nan.i],[ha.nɯŋ.kun.nan.i]
하는군 네가,6,[ha.nɯŋ.kun.ne.ka],[ha.nɯŋ.kun.ne.ga]
하는군 내가,6,[ha.nɯŋ.kun.nɛ.ka],[ha.nɯŋ.kun.nɛ.ga]
내 생각엔 무슨,6,[nɛ.sɛŋ.kak̚.en.mu.sɯn],[nɛ.sɛŋ.gak̚.en.mu.sɯn]
허 허,6,[hʌ.hʌ],[hʌ.hʌ]
하는군 하지만,6,[ha.nɯŋ.kun.ha.tʃi.man],[ha.nɯŋ.kun.ha.dʒi.man]
하는군 좋아,6,[ha.nɯŋ.kun.tʃot̚.a],[ha.nɯŋ.kun.dʒot̚.a]
하는군요 전,6,[ha.nɯŋ.kun.jo.tʃʌn],[ha.nɯŋ.kun.jo.dʒʌn]
하는군요 네,6,[ha.nɯŋ.kun.jo.ne],[ha.nɯŋ.kun.jo.ne]
하는데 결국,6,[ha.nɯn.te.kjʌl.kuk̚],[ha.nɯn.te.gjʌl.kuk̚]
감염 증상은,6,[kam.jʌn.tʃɯŋ.saŋ.ɯn],[gam.jʌm.dʒɯŋ.saŋ.ɯn]
하는데 그게 무슨,6,[ha.nɯn.te.kɯ.ke.mu.sɯn],[ha.nɯn.te.gɯ.ge.mu.sɯn]
벌 있어요,6,[pʌl.it̚.ʌ.jo],[bʌl.it̚.ʌ.jo]
벌 주려는 게,6,[pʌl.tʃu.ɾjʌ.nɯŋ.ke],[bʌl.dʒu.ɾjʌ.nɯn.ge]
벌 주려는,6,[pʌl.tʃu.ɾjʌ.nɯn],[bʌl.dʒu.ɾjʌ.nɯn]
고향에 돌아와서,6,[ko.hjaŋ.e.tol.a.wa.sʌ],[go.hjaŋ.e.dol.a.wa.sʌ]
내 생각엔 아무래도,6,[nɛ.sɛŋ.kak̚.en.a.mu.ɾɛ.to],[nɛ.sɛŋ.gak̚.en.a.mu.ɾɛ.do]
감염됐을 수,6,[kam.jʌn.twɛt̚.ɯl.su],[gam.jʌn.twɛt̚.ɯl.su]
내 생각엔 어떤,6,[nɛ.sɛŋ.kak̚.en.ʌ.t͈ʌn],[nɛ.sɛŋ.gak̚.en.ʌ.t͈ʌn]
내 생각엔 아주,6,[nɛ.sɛŋ.kak̚.en.a.tʃu],[nɛ.sɛŋ.gak̚.en.a.dʒu]
내 생각엔 여기,6,[nɛ.sɛŋ.kak̚.en.jʌ.ki],[nɛ.sɛŋ.gak̚.en.jʌ.gi]
내 생각엔 엄마가,6,[nɛ.sɛŋ.kak̚.en.ʌm.ma.ka],[nɛ.sɛŋ.gak̚.en.ʌm.ma.ga]
허가가 시작되는,6,[hʌ.ka.ka.si.tʃak̚.twe.nɯn],[hʌ.ga.ga.si.dʒak̚.twe.nɯn]
하는데 너는,6,[ha.nɯn.te.nʌ.nɯn],[ha.nɯn.te.nʌ.nɯn]
벌고 있어요,6,[pʌl.ko.it̚.ʌ.jo],[bʌl.ko.it̚.ʌ.jo]
허가는 받았겠지,6,[hʌ.ka.nɯm.pat̚.at̚.ket̚.tʃi],[hʌ.ga.nɯn.bat̚.at̚.ket̚.tʃi]
하는데 당연히,6,[ha.nɯn.te.taŋ.jʌn.hi],[ha.nɯn.te.daŋ.jʌn.hi]
하는데 당신을,6,[ha.nɯn.te.taŋ.sin.ɯl],[ha.nɯn.te.daŋ.sin.ɯl]
하는데 도움을,6,[ha.nɯn.te.to.um.ɯl],[ha.nɯn.te.do.um.ɯl]
하는데 돈을,6,[ha.nɯn.te.ton.ɯl],[ha.nɯn.te.don.ɯl]
향해 手招されてるみたい 손짓하고 있는,6,[hjaŋ.hɛ.son.tʃit̚.ha.ko.it̚.nɯn],[hjaŋ.hɛ.son.tʃit̚.ha.go.it̚.nɯn]
하는데 말이지,6,[ha.nɯn.te.mal.i.tʃi],[ha.nɯn.te.mal.i.dʒi]
허가도 못,6,[hʌ.ka.to.mot̚],[hʌ.ga.do.mot̚]
벌금이 부과됩니다 계속 시청할까요,6,[pʌl.kɯm.i.pu.kwa.twep̚.ni.ta.kje.sok̚.si.tʃʰʌŋ.hal.k͈a.jo],[bʌl.kɯm.i.bu.gwa.dwep̚.ni.da.gje.sok̚.si.tʃʰʌŋ.hal.k͈a.jo]
벌금이 부과됩니다 계속,6,[pʌl.kɯm.i.pu.kwa.twep̚.ni.ta.kje.sok̚],[bʌl.kɯm.i.bu.gwa.dwep̚.ni.da.gje.sok̚]
하는데 뭔가,6,[ha.nɯn.te.mwʌŋ.ka],[ha.nɯn.te.mwʌŋ.ka]
내 생각엔 자기가,6,[nɛ.sɛŋ.kak̚.en.tʃa.ki.ka],[nɛ.sɛŋ.gak̚.en.dʒa.gi.ga]
감염되어 괴사한,6,[kam.jʌn.twe.ʌ.kwe.sa.han],[gam.jʌn.twe.ʌ.gwe.sa.han]
하는데 아마,6,[ha.nɯn.te.a.ma],[ha.nɯn.te.a.ma]
하는데 아니야,6,[ha.nɯn.te.a.ni.ja],[ha.nɯn.te.a.ni.ja]
하는데 어,6,[ha.nɯn.te.ʌ],[ha.nɯn.te.ʌ]
하는데 어쨌든,6,[ha.nɯn.te.ʌ.tʃ͈ɛt̚.tɯn],[ha.nɯn.te.ʌ.tʃ͈ɛt̚.tɯn]
벌레 한,6,[pʌl.ɾe.han],[bʌl.ɾe.han]
고향으로 돌아가고,6,[ko.hjaŋ.ɯ.ɾo.tol.a.ka.ko],[go.hjaŋ.ɯ.ɾo.dol.a.ga.go]
벌레가 있어요,6,[pʌl.ɾe.ka.it̚.ʌ.jo],[bʌl.ɾe.ga.it̚.ʌ.jo]
하는데 왠지,6,[ha.nɯn.te.wɛn.tʃi],[ha.nɯn.te.wɛn.tʃi]
내 생각요,6,[nɛ.sɛŋ.kak̚.jo],[nɛ.sɛŋ.gak̚.jo]
감염되어 괴사한 상피 조직은,6,[kam.jʌn.twe.ʌ.kwe.sa.han.sam.pʰi.tʃo.tʃik̚.ɯn],[gam.jʌn.twe.ʌ.gwe.sa.han.sam.pʰi.dʒo.dʒik̚.ɯn]
감염되어 괴사한 상피,6,[kam.jʌn.twe.ʌ.kwe.sa.han.sam.pʰi],[gam.jʌn.twe.ʌ.gwe.sa.han.sam.pʰi]
허가해 줄,6,[hʌ.ka.hɛ.tʃul],[hʌ.ga.hɛ.dʒul]
하는데 일을,6,[ha.nɯn.te.il.ɯl],[ha.nɯn.te.il.ɯl]
하는데 이젠,6,[ha.nɯn.te.i.tʃen],[ha.nɯn.te.i.dʒen]
back before,6,,
벌려 더,6,[pʌl.ɾjʌ.tʌ],[bʌl.ɾjʌ.dʌ]
벌려 입 벌려,6,[pʌl.ɾjʌ.ip̚.pʌl.ɾjʌ],[bʌl.ɾjʌ.ip̚.bʌl.ɾjʌ]
벌려 보세요,6,[pʌl.ɾjʌ.po.se.jo],[bʌl.ɾjʌ.bo.se.jo]
벌려 환영할,6,[pʌl.ɾjʌ.hwan.jʌŋ.hal],[bʌl.ɾjʌ.hwan.jʌŋ.hal]
허긴스 씨,6,[hʌ.kin.sɯ.s͈i],[hʌ.gin.sɯ.s͈i]
고향으로 돌아온,6,[ko.hjaŋ.ɯ.ɾo.tol.a.on],[go.hjaŋ.ɯ.ɾo.dol.a.on]
벌릴 수,6,[pʌl.ɾil.su],[bʌl.ɾil.su]
고향을 되찾고,6,[ko.hjaŋ.ɯl.twe.tʃʰat̚.ko],[go.hjaŋ.ɯl.dwe.tʃʰat̚.ko]
허나 지금,6,[hʌ.na.tʃi.kɯm],[hʌ.na.dʒi.gɯm]
하는데요 이,6,[ha.nɯn.te.jo.i],[ha.nɯn.te.jo.i]
허니비 스카우트,6,[hʌ.ni.pi.sɯ.kʰa.u.tʰɯ],[hʌ.ni.bi.sɯ.kʰa.u.tʰɯ]
벌벌 떨지,6,[pʌl.pʌl.t͈ʌl.tʃi],[bʌl.pʌl.t͈ʌl.tʃi]
벌써 가게요,6,[pʌl.s͈ʌ.ka.ke.jo],[bʌl.s͈ʌ.ga.ge.jo]
하는지 내가 어떻게,6,[ha.nɯn.tʃi.nɛ.ka.ʌ.t͈ʌt̚.ke],[ha.nɯn.tʃi.nɛ.ga.ʌ.t͈ʌt̚.ke]
하는지 다 알아요,6,[ha.nɯn.tʃi.ta.al.a.jo],[ha.nɯn.tʃi.da.al.a.jo]
벌써 가는 거야,6,[pʌl.s͈ʌ.ka.nɯŋ.kʌ.ja],[bʌl.s͈ʌ.ga.nɯn.gʌ.ja]
하는지 말야,6,[ha.nɯn.tʃi.mal.ja],[ha.nɯn.tʃi.mal.ja]
벌써 간,6,[pʌl.s͈ʌ.kan],[bʌl.s͈ʌ.gan]
벌써 갈 수,6,[pʌl.s͈ʌ.kal.su],[bʌl.s͈ʌ.gal.su]
벌써 갈 수 있을까요,6,[pʌl.s͈ʌ.kal.su.it̚.ɯl.k͈a.jo],[bʌl.s͈ʌ.gal.su.it̚.ɯl.k͈a.jo]
하는지 말해줘요,6,[ha.nɯn.tʃi.mal.hɛ.tʃwʌ.jo],[ha.nɯn.tʃi.mal.hɛ.dʒwʌ.jo]
고향을 떠날 순,6,[ko.hjaŋ.ɯl.t͈ʌ.nal.sun],[go.hjaŋ.ɯl.t͈ʌ.nal.sun]
허락 맡고,6,[hʌ.ɾak̚.mat̚.ko],[hʌ.ɾak̚.mat̚.ko]
벌써 갔다,6,[pʌl.s͈ʌ.kat̚.ta],[bʌl.s͈ʌ.gat̚.ta]
하는지 모르겠네요 전,6,[ha.nɯn.tʃi.mo.ɾɯ.ket̚.ne.jo.tʃʌn],[ha.nɯn.tʃi.mo.ɾɯ.get̚.ne.jo.dʒʌn]
벌써 갔어요,6,[pʌl.s͈ʌ.kat̚.ʌ.jo],[bʌl.s͈ʌ.gat̚.ʌ.jo]
고향을 떠날 순 없어,6,[ko.hjaŋ.ɯl.t͈ʌ.nal.sun.ʌp̚.ʌ],[go.hjaŋ.ɯl.t͈ʌ.nal.sun.ʌp̚.ʌ]
하는지 모르겠습니다,6,[ha.nɯn.tʃi.mo.ɾɯ.ket̚.sɯp̚.ni.ta],[ha.nɯn.tʃi.mo.ɾɯ.get̚.sɯp̚.ni.da]
벌써 거기,6,[pʌl.s͈ʌ.kʌ.ki],[bʌl.s͈ʌ.gʌ.gi]
하는지 모르겠지,6,[ha.nɯn.tʃi.mo.ɾɯ.ket̚.tʃi],[ha.nɯn.tʃi.mo.ɾɯ.get̚.tʃi]
허락 받은,6,[hʌ.ɾak̚.pat̚.ɯn],[hʌ.ɾak̚.bat̚.ɯn]
하는지 모르잖아요,6,[ha.nɯn.tʃi.mo.ɾɯ.tʃan.a.jo],[ha.nɯn.tʃi.mo.ɾɯ.dʒan.a.jo]
하는지 모른다고,6,[ha.nɯn.tʃi.mo.ɾɯn.ta.ko],[ha.nɯn.tʃi.mo.ɾɯn.ta.go]
벌써 그렇게 됐어,6,[pʌl.s͈ʌ.kɯ.ɾʌt̚.ke.twɛt̚.ʌ],[bʌl.s͈ʌ.gɯ.ɾʌt̚.ke.dwɛt̚.ʌ]
하는지 모를 거야,6,[ha.nɯn.tʃi.mo.ɾɯl.kʌ.ja],[ha.nɯn.tʃi.mo.ɾɯl.gʌ.ja]
벌써 까먹었어,6,[pʌl.s͈ʌ.k͈a.mʌk̚.ʌt̚.ʌ],[bʌl.s͈ʌ.k͈a.mʌk̚.ʌt̚.ʌ]
하는지 몰랐네요,6,[ha.nɯn.tʃi.mol.ɾat̚.ne.jo],[ha.nɯn.tʃi.mol.ɾat̚.ne.jo]
하는지 몰랐네,6,[ha.nɯn.tʃi.mol.ɾat̚.ne],[ha.nɯn.tʃi.mol.ɾat̚.ne]
하는지 묻지,6,[ha.nɯn.tʃi.mut̚.tʃi],[ha.nɯn.tʃi.mut̚.tʃi]
하는지 보여줄게,6,[ha.nɯn.tʃi.po.jʌ.tʃul.ke],[ha.nɯn.tʃi.bo.jʌ.dʒul.ke]
벌써 나,6,[pʌl.s͈ʌ.na],[bʌl.s͈ʌ.na]
허락 필요 없어요,6,[hʌ.ɾak̚.pʰil.jo.ʌp̚.ʌ.jo],[hʌ.ɾak̚.pʰil.jo.ʌp̚.ʌ.jo]
벌써 나를,6,[pʌl.s͈ʌ.na.ɾɯl],[bʌl.s͈ʌ.na.ɾɯl]
하는지 봐봐,6,[ha.nɯn.tʃi.pwa.pwa],[ha.nɯn.tʃi.bwa.bwa]
하는지 생각해봐,6,[ha.nɯn.tʃi.sɛŋ.kak̚.hɛ.pwa],[ha.nɯn.tʃi.sɛŋ.gak̚.hɛ.bwa]
하는지 아는데,6,[ha.nɯn.tʃi.a.nɯn.te],[ha.nɯn.tʃi.a.nɯn.te]
하는지 아시잖아요,6,[ha.nɯn.tʃi.a.si.tʃan.a.jo],[ha.nɯn.tʃi.a.si.dʒan.a.jo]
허락되지 않을,6,[hʌ.ɾak̚.twe.tʃi.an.ɯl],[hʌ.ɾak̚.twe.dʒi.an.ɯl]
허락되지 않은,6,[hʌ.ɾak̚.twe.tʃi.an.ɯn],[hʌ.ɾak̚.twe.dʒi.an.ɯn]
내가 본 적이 있는,6,[nɛ.ka.pon.tʃʌk̚.i.it̚.nɯn],[nɛ.ga.bon.dʒʌk̚.i.it̚.nɯn]
허락만 하면,6,[hʌ.ɾak̚.man.ha.mjʌn],[hʌ.ɾak̚.man.ha.mjʌn]
벌써 네 번째,6,[pʌl.s͈ʌ.ne.pʌn.tʃ͈ɛ],[bʌl.s͈ʌ.ne.bʌn.tʃ͈ɛ]
하는지 알 게,6,[ha.nɯn.tʃi.al.ke],[ha.nɯn.tʃi.al.ge]
내 생각이 뭔지,6,[nɛ.sɛŋ.kak̚.i.mwʌn.tʃi],[nɛ.sɛŋ.gak̚.i.mwʌn.tʃi]
고향이 어디세요,6,[ko.hjaŋ.i.ʌ.ti.se.jo],[go.hjaŋ.i.ʌ.di.se.jo]
하는지 알고 싶어요,6,[ha.nɯn.tʃi.al.ko.sip̚.ʌ.jo],[ha.nɯn.tʃi.al.ko.sip̚.ʌ.jo]
하는지 알고 싶다,6,[ha.nɯn.tʃi.al.ko.sip̚.ta],[ha.nɯn.tʃi.al.ko.sip̚.ta]
고향이 어디에요,6,[ko.hjaŋ.i.ʌ.ti.e.jo],[go.hjaŋ.i.ʌ.di.e.jo]
하는지 알긴,6,[ha.nɯn.tʃi.al.kin],[ha.nɯn.tʃi.al.kin]
하는지 알려줘,6,[ha.nɯn.tʃi.al.ɾjʌ.tʃwʌ],[ha.nɯn.tʃi.al.ɾjʌ.dʒwʌ]
내 생각이 짧았어,6,[nɛ.sɛŋ.kak̚.i.tʃ͈al.at̚.ʌ],[nɛ.sɛŋ.gak̚.i.tʃ͈al.at̚.ʌ]
허락을 받아야 해,6,[hʌ.ɾak̚.ɯl.pat̚.a.ja.hɛ],[hʌ.ɾak̚.ɯl.bat̚.a.ja.hɛ]
고향이 어디지,6,[ko.hjaŋ.i.ʌ.ti.tʃi],[go.hjaŋ.i.ʌ.di.dʒi]
하는지 얘기해,6,[ha.nɯn.tʃi.jɛ.ki.hɛ],[ha.nɯn.tʃi.jɛ.gi.hɛ]
하는지 잘 모르겠어,6,[ha.nɯn.tʃi.tʃal.mo.ɾɯ.ket̚.ʌ],[ha.nɯn.tʃi.dʒal.mo.ɾɯ.get̚.ʌ]
하는지 잘 모르겠는데,6,[ha.nɯn.tʃi.tʃal.mo.ɾɯ.ket̚.nɯn.te],[ha.nɯn.tʃi.dʒal.mo.ɾɯ.get̚.nɯn.te]
벌써 떠났어,6,[pʌl.s͈ʌ.t͈ʌ.nat̚.ʌ],[bʌl.s͈ʌ.t͈ʌ.nat̚.ʌ]
허락하겠다 필요한 자원이나,6,[hʌ.ɾak̚.ha.ket̚.ta.pʰil.jo.han.tʃa.wʌn.i.na],[hʌ.ɾak̚.ha.get̚.ta.pʰil.jo.han.dʒa.wʌn.i.na]
하는지 잘 알아,6,[ha.nɯn.tʃi.tʃal.al.a],[ha.nɯn.tʃi.dʒal.al.a]
하는지 전혀 모르겠네요,6,[ha.nɯn.tʃi.tʃʌn.hjʌ.mo.ɾɯ.ket̚.ne.jo],[ha.nɯn.tʃi.dʒʌn.hjʌ.mo.ɾɯ.get̚.ne.jo]
감염된 것으로,6,[kam.jʌn.tweŋ.kʌt̚.ɯ.ɾo],[gam.jʌn.twen.gʌt̚.ɯ.ɾo]
하는지는 모르지만,6,[ha.nɯn.tʃi.nɯn.mo.ɾɯ.tʃi.man],[ha.nɯn.tʃi.nɯn.mo.ɾɯ.dʒi.man]
하는지는 알고,6,[ha.nɯn.tʃi.nɯn.al.ko],[ha.nɯn.tʃi.nɯn.al.ko]
고환의 명암도,6,[ko.hwan.ɯi.mjʌŋ.an.to],[go.hwan.ɯi.mjʌŋ.an.to]
하는지는 잘,6,[ha.nɯn.tʃi.nɯn.tʃal],[ha.nɯn.tʃi.nɯn.dʒal]
벌써 말이,6,[pʌl.s͈ʌ.mal.i],[bʌl.s͈ʌ.mal.i]
벌써 말을,6,[pʌl.s͈ʌ.mal.ɯl],[bʌl.s͈ʌ.mal.ɯl]
하는지도 모르잖아요,6,[ha.nɯn.tʃi.to.mo.ɾɯ.tʃan.a.jo],[ha.nɯn.tʃi.do.mo.ɾɯ.dʒan.a.jo]
내 생각해서,6,[nɛ.sɛŋ.kak̚.hɛ.sʌ],[nɛ.sɛŋ.gak̚.hɛ.sʌ]
하는지도 모른다,6,[ha.nɯn.tʃi.to.mo.ɾɯn.ta],[ha.nɯn.tʃi.do.mo.ɾɯn.ta]
하는지도 모르죠,6,[ha.nɯn.tʃi.to.mo.ɾɯ.tʃjo],[ha.nɯn.tʃi.do.mo.ɾɯ.dʒjo]
봤는데 자네,6,[pwat̚.nɯn.te.tʃa.ne],[bwat̚.nɯn.te.dʒa.ne]
하는지도 몰랐어요,6,[ha.nɯn.tʃi.to.mol.ɾat̚.ʌ.jo],[ha.nɯn.tʃi.do.mol.ɾat̚.ʌ.jo]
벌써 맘에,6,[pʌl.s͈ʌ.mam.e],[bʌl.s͈ʌ.mam.e]
벌써 말했지,6,[pʌl.s͈ʌ.mal.hɛt̚.tʃi],[bʌl.s͈ʌ.mal.hɛt̚.tʃi]
하는지도 알고요,6,[ha.nɯn.tʃi.to.al.ko.jo],[ha.nɯn.tʃi.do.al.ko.jo]
내가 본질적으로,6,[nɛ.ka.pon.tʃil.tʃʌk̚.ɯ.ɾo],[nɛ.ga.bon.tʃil.tʃʌk̚.ɯ.ɾo]
하는진 몰라도,6,[ha.nɯn.tʃin.mol.ɾa.to],[ha.nɯn.tʃin.mol.ɾa.do]
하는진 알아,6,[ha.nɯn.tʃin.al.a],[ha.nɯn.tʃin.al.a]
봤는데 전,6,[pwat̚.nɯn.te.tʃʌn],[bwat̚.nɯn.te.dʒʌn]
하늘 높은,6,[ha.nɯl.lop̚.ɯn],[ha.nɯl.lop̚.ɯn]
하늘 신들,6,[ha.nɯl.sin.tɯl],[ha.nɯl.sin.tɯl]
감염될 거예요,6,[kam.jʌn.twel.kʌ.je.jo],[gam.jʌn.twel.gʌ.je.jo]
벌써 몇 년이,6,[pʌl.s͈ʌ.mjʌt̚.njʌn.i],[bʌl.s͈ʌ.mjʌt̚.njʌn.i]
벌써 몇 번째,6,[pʌl.s͈ʌ.mjʌt̚.pʌn.tʃ͈ɛ],[bʌl.s͈ʌ.mjʌt̚.bʌn.tʃ͈ɛ]
벌써 몇 시간,6,[pʌl.s͈ʌ.mjʌt̚.si.kan],[bʌl.s͈ʌ.mjʌt̚.si.gan]
내 생애 마지막,6,[nɛ.sɛŋ.ɛ.ma.tʃi.mak̚],[nɛ.sɛŋ.ɛ.ma.dʒi.mak̚]
하늘과 땅이 나에게 굴복했다,6,[ha.nɯl.kwa.t͈aŋ.i.na.e.ke.kul.pok̚.hɛt̚.ta],[ha.nɯl.kwa.t͈aŋ.i.na.e.ge.gul.pok̚.hɛt̚.ta]
하늘과 땅이 나에게,6,[ha.nɯl.kwa.t͈aŋ.i.na.e.ke],[ha.nɯl.kwa.t͈aŋ.i.na.e.ge]
하늘과 바다가,6,[ha.nɯl.kwa.pa.ta.ka],[ha.nɯl.kwa.ba.da.ga]
벌써 몇 시간째야,6,[pʌl.s͈ʌ.mjʌt̚.si.kan.tʃ͈ɛ.ja],[bʌl.s͈ʌ.mjʌt̚.si.gan.tʃ͈ɛ.ja]
하늘로 올라가,6,[ha.nɯl.ɾo.ol.ɾa.ka],[ha.nɯl.ɾo.ol.ɾa.ga]
하늘만큼 땅만큼,6,[ha.nɯl.maŋ.kʰɯn.t͈aŋ.maŋ.kʰɯm],[ha.nɯl.maŋ.kʰɯn.t͈aŋ.maŋ.kʰɯm]
하늘빛은 Like A,6,[ha.nɯl.pit̚.ɯn],[ha.nɯl.pit̚.ɯn]
벌써 반이나,6,[pʌl.s͈ʌ.pan.i.na],[bʌl.s͈ʌ.ban.i.na]
감염될 수 있었어 이,6,[kam.jʌn.twel.su.it̚.ʌt̚.ʌ.i],[gam.jʌn.twel.su.it̚.ʌt̚.ʌ.i]
하늘에 계신 아버지여,6,[ha.nɯl.e.kje.sin.a.pʌ.tʃi.jʌ],[ha.nɯl.e.gje.sin.a.bʌ.dʒi.jʌ]
벌써 보고 싶어요,6,[pʌl.s͈ʌ.po.ko.sip̚.ʌ.jo],[bʌl.s͈ʌ.bo.go.sip̚.ʌ.jo]
벌써 사흘이나,6,[pʌl.s͈ʌ.sa.hɯl.i.na],[bʌl.s͈ʌ.sa.hɯl.i.na]
벌써 봤어요,6,[pʌl.s͈ʌ.pwat̚.ʌ.jo],[bʌl.s͈ʌ.bwat̚.ʌ.jo]
벌써 세 번째입니다,6,[pʌl.s͈ʌ.se.pʌn.tʃ͈ɛ.ip̚.ni.ta],[bʌl.s͈ʌ.se.bʌn.tʃ͈ɛ.ip̚.ni.da]
하늘에서 쓰레기가,6,[ha.nɯl.e.sʌ.s͈ɯ.ɾe.ki.ka],[ha.nɯl.e.sʌ.s͈ɯ.ɾe.gi.ga]
벌써 세번째,6,[pʌl.s͈ʌ.se.pʌn.tʃ͈ɛ],[bʌl.s͈ʌ.se.bʌn.tʃ͈ɛ]
곡 틀어,6,[kok̚.tʰɯl.ʌ],[gok̚.tʰɯl.ʌ]
봤는데요 그,6,[pwat̚.nɯn.te.jo.kɯ],[bwat̚.nɯn.te.jo.gɯ]
하늘에서 왔습니다,6,[ha.nɯl.e.sʌ.wat̚.sɯp̚.ni.ta],[ha.nɯl.e.sʌ.wat̚.sɯp̚.ni.da]
곡 해,6,[kok̚.hɛ],[gok̚.hɛ]
벌써 수백 번이나,6,[pʌl.s͈ʌ.su.pɛk̚.pʌn.i.na],[bʌl.s͈ʌ.su.bɛk̚.bʌn.i.na]
하늘엔 아버지,6,[ha.nɯl.en.a.pʌ.tʃi],[ha.nɯl.en.a.bʌ.dʒi]
하늘은 높고,6,[ha.nɯl.ɯn.nop̚.ko],[ha.nɯl.ɯn.nop̚.ko]
감염될 수도,6,[kam.jʌn.twel.su.to],[gam.jʌn.twel.su.do]
하늘을 나는 것을,6,[ha.nɯl.ɯl.la.nɯŋ.kʌt̚.ɯl],[ha.nɯl.ɯl.la.nɯn.gʌt̚.ɯl]
하늘을 난다,6,[ha.nɯl.ɯl.lan.ta],[ha.nɯl.ɯl.lan.ta]
하늘을 나는 것 같아,6,[ha.nɯl.ɯl.la.nɯŋ.kʌt̚.kat̚.a],[ha.nɯl.ɯl.la.nɯn.gʌt̚.gat̚.a]
허락해 주실,6,[hʌ.ɾak̚.hɛ.tʃu.sil],[hʌ.ɾak̚.hɛ.dʒu.sil]
벌써 여기로,6,[pʌl.s͈ʌ.jʌ.ki.ɾo],[bʌl.s͈ʌ.jʌ.gi.ɾo]
허락해줘서 고마워,6,[hʌ.ɾak̚.hɛ.tʃwʌ.sʌ.ko.ma.wʌ],[hʌ.ɾak̚.hɛ.dʒwʌ.sʌ.go.ma.wʌ]
감염을 막기,6,[kam.jʌm.ɯl.mak̚.ki],[gam.jʌm.ɯl.mak̚.ki]
하늘의 달과,6,[ha.nɯl.ɯi.tal.kwa],[ha.nɯl.ɯi.dal.kwa]
곡에 맞춰,6,[kok̚.e.mat̚.tʃʰwʌ],[gok̚.e.mat̚.tʃʰwʌ]
하늘의 뜻,6,[ha.nɯl.ɯi.t͈ɯt̚],[ha.nɯl.ɯi.t͈ɯt̚]
하늘의 뜻이,6,[ha.nɯl.ɯi.t͈ɯt̚.i],[ha.nɯl.ɯi.t͈ɯt̚.i]
내 생일인 거,6,[nɛ.sɛŋ.il.iŋ.kʌ],[nɛ.sɛŋ.il.in.gʌ]
out right now,6,,
허리 아래로,6,[hʌ.ɾi.a.ɾɛ.ɾo],[hʌ.ɾi.a.ɾɛ.ɾo]
봤다고 그래서,6,[pwat̚.ta.ko.kɯ.ɾɛ.sʌ],[bwat̚.ta.go.gɯ.ɾɛ.sʌ]
벌써 우리가,6,[pʌl.s͈ʌ.u.ɾi.ka],[bʌl.s͈ʌ.u.ɾi.ga]
벌써 이런,6,[pʌl.s͈ʌ.i.ɾʌn],[bʌl.s͈ʌ.i.ɾʌn]
봤다고 네가,6,[pwat̚.ta.ko.ne.ka],[bwat̚.ta.go.ne.ga]
봤다고 내가,6,[pwat̚.ta.ko.nɛ.ka],[bwat̚.ta.go.nɛ.ga]
하늘이 무섭지도,6,[ha.nɯl.i.mu.sʌp̚.tʃi.to],[ha.nɯl.i.mu.sʌp̚.tʃi.do]
허리 숙여,6,[hʌ.ɾi.suk̚.jʌ],[hʌ.ɾi.suk̚.jʌ]
허리 통증에,6,[hʌ.ɾi.tʰoŋ.tʃɯŋ.e],[hʌ.ɾi.tʰoŋ.dʒɯŋ.e]
벌써 이름을,6,[pʌl.s͈ʌ.i.ɾɯm.ɯl],[bʌl.s͈ʌ.i.ɾɯm.ɯl]
하늘이 우르릉,6,[ha.nɯl.i.u.ɾɯ.ɾɯŋ],[ha.nɯl.i.u.ɾɯ.ɾɯŋ]
하늘이 우르릉 울린다,6,[ha.nɯl.i.u.ɾɯ.ɾɯŋ.ul.ɾin.ta],[ha.nɯl.i.u.ɾɯ.ɾɯŋ.ul.ɾin.ta]
하늘이 우리를,6,[ha.nɯl.i.u.ɾi.ɾɯl],[ha.nɯl.i.u.ɾi.ɾɯl]
곡을 들려줬으면,6,[kok̚.ɯl.tɯl.ɾjʌ.tʃwʌt̚.ɯ.mjʌn],[gok̚.ɯl.dɯl.ɾjʌ.dʒwʌt̚.ɯ.mjʌn]
허리가 좀,6,[hʌ.ɾi.ka.tʃom],[hʌ.ɾi.ga.dʒom]
벌써 일년,6,[pʌl.s͈ʌ.il.ljʌn],[bʌl.s͈ʌ.il.ljʌn]
내 서류 가방을,6,[nɛ.sʌ.ɾju.ka.paŋ.ɯl],[nɛ.sʌ.ɾju.ga.baŋ.ɯl]
곡을 듣고,6,[kok̚.ɯl.tɯt̚.ko],[gok̚.ɯl.dɯt̚.ko]
벌써 일주일이,6,[pʌl.s͈ʌ.il.tʃu.il.i],[bʌl.s͈ʌ.il.tʃu.il.i]
하니 당연히,6,[ha.ni.taŋ.jʌn.hi],[ha.ni.daŋ.jʌn.hi]
내 서명,6,[nɛ.sʌ.mjʌŋ],[nɛ.sʌ.mjʌŋ]
하니 더,6,[ha.ni.tʌ],[ha.ni.dʌ]
벌써 자나,6,[pʌl.s͈ʌ.tʃa.na],[bʌl.s͈ʌ.dʒa.na]
봤다고 생각했어,6,[pwat̚.ta.ko.sɛŋ.kak̚.hɛt̚.ʌ],[bwat̚.ta.go.sɛŋ.gak̚.hɛt̚.ʌ]
허리케인이 오고,6,[hʌ.ɾi.kʰe.in.i.o.ko],[hʌ.ɾi.kʰe.in.i.o.go]
벌써 자정이,6,[pʌl.s͈ʌ.tʃa.tʃʌŋ.i],[bʌl.s͈ʌ.dʒa.dʒʌŋ.i]
하니 아주,6,[ha.ni.a.tʃu],[ha.ni.a.dʒu]
하니 여기서,6,[ha.ni.jʌ.ki.sʌ],[ha.ni.jʌ.gi.sʌ]
내 서버에,6,[nɛ.sʌ.pʌ.e],[nɛ.sʌ.bʌ.e]
허리케인이 오면,6,[hʌ.ɾi.kʰe.in.i.o.mjʌn],[hʌ.ɾi.kʰe.in.i.o.mjʌn]
곡을 들려줬으면 해서요 여러분,6,[kok̚.ɯl.tɯl.ɾjʌ.tʃwʌt̚.ɯ.mjʌn.hɛ.sʌ.jo.jʌ.ɾʌ.pun],[gok̚.ɯl.dɯl.ɾjʌ.dʒwʌt̚.ɯ.mjʌn.hɛ.sʌ.jo.jʌ.ɾʌ.bun]
곡을 들려줬으면 해서요,6,[kok̚.ɯl.tɯl.ɾjʌ.tʃwʌt̚.ɯ.mjʌn.hɛ.sʌ.jo],[gok̚.ɯl.dɯl.ɾjʌ.dʒwʌt̚.ɯ.mjʌn.hɛ.sʌ.jo]
하니 이렇게,6,[ha.ni.i.ɾʌt̚.ke],[ha.ni.i.ɾʌt̚.ke]
벌써 전화,6,[pʌl.s͈ʌ.tʃʌn.hwa],[bʌl.s͈ʌ.dʒʌn.hwa]
감염이 멈춘 것 같군,6,[kam.jʌm.i.mʌn.tʃʰuŋ.kʌt̚.kat̚.kun],[gam.jʌm.i.mʌn.tʃʰun.gʌt̚.gat̚.kun]
벌써 제가,6,[pʌl.s͈ʌ.tʃe.ka],[bʌl.s͈ʌ.dʒe.ga]
하니까 가서,6,[ha.ni.k͈a.ka.sʌ],[ha.ni.k͈a.ga.sʌ]
감염이 멈춘 것,6,[kam.jʌm.i.mʌn.tʃʰuŋ.kʌt̚],[gam.jʌm.i.mʌn.tʃʰun.gʌt̚]
하니까 걱정,6,[ha.ni.k͈a.kʌk̚.tʃʌŋ],[ha.ni.k͈a.gʌk̚.tʃʌŋ]
하니까 고마워,6,[ha.ni.k͈a.ko.ma.wʌ],[ha.ni.k͈a.go.ma.wʌ]
벌써 죽었나,6,[pʌl.s͈ʌ.tʃuk̚.ʌt̚.na],[bʌl.s͈ʌ.dʒuk̚.ʌt̚.na]
허비는 어디,6,[hʌ.pi.nɯn.ʌ.ti],[hʌ.bi.nɯn.ʌ.di]
하니까 그래도,6,[ha.ni.k͈a.kɯ.ɾɛ.to],[ha.ni.k͈a.gɯ.ɾɛ.do]
벌써 죽었어요,6,[pʌl.s͈ʌ.tʃuk̚.ʌt̚.ʌ.jo],[bʌl.s͈ʌ.dʒuk̚.ʌt̚.ʌ.jo]
허리 상하여 물과,6,[hʌ.ɾi.saŋ.ha.jʌ.mul.kwa],[hʌ.ɾi.saŋ.ha.jʌ.mul.kwa]
하니까 근데,6,[ha.ni.k͈a.kɯn.te],[ha.ni.k͈a.gɯn.te]
내 선거 운동,6,[nɛ.sʌŋ.kʌ.un.toŋ],[nɛ.sʌŋ.kʌ.un.toŋ]
하니까 나,6,[ha.ni.k͈a.na],[ha.ni.k͈a.na]
곡을 써,6,[kok̚.ɯl.s͈ʌ],[gok̚.ɯl.s͈ʌ]
벌써 짐을,6,[pʌl.s͈ʌ.tʃim.ɯl],[bʌl.s͈ʌ.dʒim.ɯl]
감염자 병동이고,6,[kam.jʌn.tʃa.pjʌŋ.toŋ.i.ko],[gam.jʌn.tʃa.bjʌŋ.doŋ.i.go]
하니까 빨리,6,[ha.ni.k͈a.p͈al.ɾi],[ha.ni.k͈a.p͈al.ɾi]
하니까 바로,6,[ha.ni.k͈a.pa.ɾo],[ha.ni.k͈a.ba.ɾo]
하니까 아니,6,[ha.ni.k͈a.a.ni],[ha.ni.k͈a.a.ni]
벌써 취했어,6,[pʌl.s͈ʌ.tʃʰwi.hɛt̚.ʌ],[bʌl.s͈ʌ.tʃʰwi.hɛt̚.ʌ]
벌써 취한,6,[pʌl.s͈ʌ.tʃʰwi.han],[bʌl.s͈ʌ.tʃʰwi.han]
내 선원들을,6,[nɛ.sʌn.wʌn.tɯl.ɯl],[nɛ.sʌn.wʌn.tɯl.ɯl]
감염자 병동이고 당신은,6,[kam.jʌn.tʃa.pjʌŋ.toŋ.i.ko.taŋ.sin.ɯn],[gam.jʌn.tʃa.bjʌŋ.doŋ.i.go.daŋ.sin.ɯn]
하니까 오늘,6,[ha.ni.k͈a.o.nɯl],[ha.ni.k͈a.o.nɯl]
벌써 피를 봤어 도른,6,[pʌl.s͈ʌ.pʰi.ɾɯl.pwat̚.ʌ.to.ɾɯn],[bʌl.s͈ʌ.pʰi.ɾɯl.bwat̚.ʌ.do.ɾɯn]
벌써 피를 봤어,6,[pʌl.s͈ʌ.pʰi.ɾɯl.pwat̚.ʌ],[bʌl.s͈ʌ.pʰi.ɾɯl.bwat̚.ʌ]
내 선조 아에곤 타르가르옌에게,6,[nɛ.sʌn.tʃo.a.e.kon.tʰa.ɾɯ.ka.ɾɯ.jen.e.ke],[nɛ.sʌn.tʃo.a.e.gon.tʰa.ɾɯ.ga.ɾɯ.jen.e.ge]
내 선조 아에곤,6,[nɛ.sʌn.tʃo.a.e.kon],[nɛ.sʌn.tʃo.a.e.gon]
내 선조의 맹세에,6,[nɛ.sʌn.tʃo.ɯi.mɛŋ.se.e],[nɛ.sʌn.tʃo.ɯi.mɛŋ.se.e]
하니까 전,6,[ha.ni.k͈a.tʃʌn],[ha.ni.k͈a.dʒʌn]
하니까 제,6,[ha.ni.k͈a.tʃe],[ha.ni.k͈a.dʒe]
하니까 참,6,[ha.ni.k͈a.tʃʰam],[ha.ni.k͈a.tʃʰam]
내 선조의 맹세에 얽매이지,6,[nɛ.sʌn.tʃo.ɯi.mɛŋ.se.e.ʌk̚.mɛ.i.tʃi],[nɛ.sʌn.tʃo.ɯi.mɛŋ.se.e.ʌk̚.mɛ.i.dʒi]
하니까요 그래야,6,[ha.ni.k͈a.jo.kɯ.ɾɛ.ja],[ha.ni.k͈a.jo.gɯ.ɾɛ.ja]
하니까요 그리고,6,[ha.ni.k͈a.jo.kɯ.ɾi.ko],[ha.ni.k͈a.jo.gɯ.ɾi.go]
하니까요 난,6,[ha.ni.k͈a.jo.nan],[ha.ni.k͈a.jo.nan]
벌써 한 달,6,[pʌl.s͈ʌ.han.tal],[bʌl.s͈ʌ.han.dal]
감염자 병동이고 당신은 이제,6,[kam.jʌn.tʃa.pjʌŋ.toŋ.i.ko.taŋ.sin.ɯn.i.tʃe],[gam.jʌn.tʃa.bjʌŋ.doŋ.i.go.daŋ.sin.ɯn.i.dʒe]
하니까요 이제,6,[ha.ni.k͈a.jo.i.tʃe],[ha.ni.k͈a.jo.i.dʒe]
하니까요 네,6,[ha.ni.k͈a.jo.ne],[ha.ni.k͈a.jo.ne]
벌써 한참,6,[pʌl.s͈ʌ.han.tʃʰam],[bʌl.s͈ʌ.han.tʃʰam]
감염자가 아니오,6,[kam.jʌn.tʃa.ka.a.ni.o],[gam.jʌn.tʃa.ga.a.ni.o]
벌써 헤어졌어,6,[pʌl.s͈ʌ.he.ʌ.tʃjʌt̚.ʌ],[bʌl.s͈ʌ.he.ʌ.dʒjʌt̚.ʌ]
하다 당신은,6,[ha.ta.taŋ.sin.ɯn],[ha.da.daŋ.sin.ɯn]
내 설명을,6,[nɛ.sʌl.mjʌŋ.ɯl],[nɛ.sʌl.mjʌŋ.ɯl]
감염자가 아니오 탈리,6,[kam.jʌn.tʃa.ka.a.ni.o.tʰal.ɾi],[gam.jʌn.tʃa.ga.a.ni.o.tʰal.ɾi]
하다 당신이,6,[ha.ta.taŋ.sin.i],[ha.da.daŋ.sin.i]
벌어 봐,6,[pʌl.ʌ.pwa],[bʌl.ʌ.bwa]
하다 말고,6,[ha.ta.mal.ko],[ha.da.mal.ko]
하다 못해,6,[ha.ta.mot̚.hɛ],[ha.da.mot̚.hɛ]
벌어 오라고,6,[pʌl.ʌ.o.ɾa.ko],[bʌl.ʌ.o.ɾa.go]
하다 무슨 일이,6,[ha.ta.mu.sɯn.il.i],[ha.da.mu.sɯn.il.i]
허옥의 기합,6,[hʌ.ok̚.ɯi.ki.hap̚],[hʌ.ok̚.ɯi.gi.hap̚]
하다 보면 이런,6,[ha.ta.po.mjʌn.i.ɾʌn],[ha.da.bo.mjʌn.i.ɾʌn]
하다 아니,6,[ha.ta.a.ni],[ha.da.a.ni]
내 성격 알지,6,[nɛ.sʌŋ.kjʌk̚.al.tʃi],[nɛ.sʌŋ.gjʌk̚.al.tʃi]
하다 안,6,[ha.ta.an],[ha.da.an]
하다 아니면,6,[ha.ta.a.ni.mjʌn],[ha.da.a.ni.mjʌn]
곡을 하나,6,[kok̚.ɯl.ha.na],[gok̚.ɯl.ha.na]
허옥의 겁먹은 신음,6,[hʌ.ok̚.ɯi.kʌp̚.mʌk̚.ɯn.sin.ɯm],[hʌ.ok̚.ɯi.gʌp̚.mʌk̚.ɯn.sin.ɯm]
내 성과,6,[nɛ.sʌŋ.kwa],[nɛ.sʌŋ.gwa]
벌어야 했어요,6,[pʌl.ʌ.ja.hɛt̚.ʌ.jo],[bʌl.ʌ.ja.hɛt̚.ʌ.jo]
하다가 그,6,[ha.ta.ka.kɯ],[ha.da.ga.gɯ]
하다가 내,6,[ha.ta.ka.nɛ],[ha.da.ga.nɛ]
곡이 될,6,[kok̚.i.twel],[gok̚.i.dwel]
하다가 발목을,6,[ha.ta.ka.pal.mok̚.ɯl],[ha.da.ga.bal.mok̚.ɯl]
하다가 당신,6,[ha.ta.ka.taŋ.sin],[ha.da.ga.daŋ.sin]
곡이 하나,6,[kok̚.i.ha.na],[gok̚.i.ha.na]
벌어지고 있네,6,[pʌl.ʌ.tʃi.ko.it̚.ne],[bʌl.ʌ.dʒi.go.it̚.ne]
하다니 그냥,6,[ha.ta.ni.kɯ.njaŋ],[ha.da.ni.gɯ.njaŋ]
내 성적이,6,[nɛ.sʌŋ.tʃʌk̚.i],[nɛ.sʌŋ.dʒʌk̚.i]
하다니 날,6,[ha.ta.ni.nal],[ha.da.ni.nal]
벌어지고 있는 거지,6,[pʌl.ʌ.tʃi.ko.it̚.nɯŋ.kʌ.tʃi],[bʌl.ʌ.dʒi.go.it̚.nɯn.gʌ.dʒi]
하다니 넌,6,[ha.ta.ni.nʌn],[ha.da.ni.nʌn]
하다니 대체,6,[ha.ta.ni.tɛ.tʃʰe],[ha.da.ni.dɛ.tʃʰe]
back in there,6,,
하다니 믿을 수가 없군,6,[ha.ta.ni.mit̚.ɯl.su.ka.ʌp̚.kun],[ha.da.ni.mit̚.ɯl.su.ga.ʌp̚.kun]
하다니 믿을 수가 없다,6,[ha.ta.ni.mit̚.ɯl.su.ka.ʌp̚.ta],[ha.da.ni.mit̚.ɯl.su.ga.ʌp̚.ta]
하다니 안,6,[ha.ta.ni.an],[ha.da.ni.an]
곡일 거예요,6,[kok̚.il.kʌ.je.jo],[gok̚.il.gʌ.je.jo]
벌어지고 있었는데,6,[pʌl.ʌ.tʃi.ko.it̚.ʌt̚.nɯn.te],[bʌl.ʌ.dʒi.go.it̚.ʌt̚.nɯn.te]
하다니 이제,6,[ha.ta.ni.i.tʃe],[ha.da.ni.i.dʒe]
곡창을 채우세요,6,[kok̚.tʃʰaŋ.ɯl.tʃʰɛ.u.se.jo],[gok̚.tʃʰaŋ.ɯl.tʃʰɛ.u.se.jo]
하다니 참,6,[ha.ta.ni.tʃʰam],[ha.da.ni.tʃʰam]
하다니 제가,6,[ha.ta.ni.tʃe.ka],[ha.da.ni.dʒe.ga]
내 세계로,6,[nɛ.se.kje.ɾo],[nɛ.se.gje.ɾo]
벌어지는 거,6,[pʌl.ʌ.tʃi.nɯŋ.kʌ],[bʌl.ʌ.dʒi.nɯn.gʌ]
곡창을 채우세요 겨울이,6,[kok̚.tʃʰaŋ.ɯl.tʃʰɛ.u.se.jo.kjʌ.ul.i],[gok̚.tʃʰaŋ.ɯl.tʃʰɛ.u.se.jo.gjʌ.ul.i]
하더군 남쪽으로,6,[ha.tʌ.kun.nan.tʃ͈ok̚.ɯ.ɾo],[ha.dʌ.gun.nan.tʃ͈ok̚.ɯ.ɾo]
하더군 남쪽으로 가지 마라,6,[ha.tʌ.kun.nan.tʃ͈ok̚.ɯ.ɾo.ka.tʃi.ma.ɾa],[ha.dʌ.gun.nan.tʃ͈ok̚.ɯ.ɾo.ga.dʒi.ma.ɾa]
하더군 넌,6,[ha.tʌ.kun.nʌn],[ha.dʌ.gun.nʌn]
하더군 왜,6,[ha.tʌ.kun.wɛ],[ha.dʌ.gun.wɛ]
하더군 남쪽으로 가지,6,[ha.tʌ.kun.nan.tʃ͈ok̚.ɯ.ɾo.ka.tʃi],[ha.dʌ.gun.nan.tʃ͈ok̚.ɯ.ɾo.ga.dʒi]
곡창을 채우세요 겨울이 끝나고,6,[kok̚.tʃʰaŋ.ɯl.tʃʰɛ.u.se.jo.kjʌ.ul.i.k͈ɯt̚.na.ko],[gok̚.tʃʰaŋ.ɯl.tʃʰɛ.u.se.jo.gjʌ.ul.i.k͈ɯt̚.na.go]
하더군 저,6,[ha.tʌ.kun.tʃʌ],[ha.dʌ.gun.dʒʌ]
벌어지는 일에,6,[pʌl.ʌ.tʃi.nɯn.il.e],[bʌl.ʌ.dʒi.nɯn.il.e]
감옥 가기 전에,6,[kam.ok̚.ka.ki.tʃʌn.e],[gam.ok̚.ga.gi.dʒʌn.e]
하더군요 그러더니 어느,6,[ha.tʌ.kun.jo.kɯ.ɾʌ.tʌ.ni.ʌ.nɯ],[ha.dʌ.gun.jo.gɯ.ɾʌ.dʌ.ni.ʌ.nɯ]
하더군요 그래서 제가,6,[ha.tʌ.kun.jo.kɯ.ɾɛ.sʌ.tʃe.ka],[ha.dʌ.gun.jo.gɯ.ɾɛ.sʌ.dʒe.ga]
하더군요 그러더니 어느 날,6,[ha.tʌ.kun.jo.kɯ.ɾʌ.tʌ.ni.ʌ.nɯ.nal],[ha.dʌ.gun.jo.gɯ.ɾʌ.dʌ.ni.ʌ.nɯ.nal]
벌어지는지 알,6,[pʌl.ʌ.tʃi.nɯn.tʃi.al],[bʌl.ʌ.dʒi.nɯn.tʃi.al]
벌어지는지 알고,6,[pʌl.ʌ.tʃi.nɯn.tʃi.al.ko],[bʌl.ʌ.dʒi.nɯn.tʃi.al.ko]
하더군요 내,6,[ha.tʌ.kun.jo.nɛ],[ha.dʌ.gun.jo.nɛ]
벌어지는지 잘,6,[pʌl.ʌ.tʃi.nɯn.tʃi.tʃal],[bʌl.ʌ.dʒi.nɯn.tʃi.dʒal]
봤던 곳,6,[pwat̚.tʌŋ.kot̚],[bwat̚.tʌn.got̚]
하더군요 당신,6,[ha.tʌ.kun.jo.taŋ.sin],[ha.dʌ.gun.jo.daŋ.sin]
하더군요 왜,6,[ha.tʌ.kun.jo.wɛ],[ha.dʌ.gun.jo.wɛ]
하더군요 정말,6,[ha.tʌ.kun.jo.tʃʌŋ.mal],[ha.dʌ.gun.jo.dʒʌŋ.mal]
하더니 왜,6,[ha.tʌ.ni.wɛ],[ha.dʌ.ni.wɛ]
하더군요 지금,6,[ha.tʌ.kun.jo.tʃi.kɯm],[ha.dʌ.gun.jo.dʒi.gɯm]
하더니 지금은,6,[ha.tʌ.ni.tʃi.kɯm.ɯn],[ha.dʌ.ni.dʒi.gɯm.ɯn]
허준의 옅은 신음,6,[hʌ.tʃun.ɯi.jʌt̚.ɯn.sin.ɯm],[hʌ.dʒun.ɯi.jʌt̚.ɯn.sin.ɯm]
하더라 그래,6,[ha.tʌ.ɾa.kɯ.ɾɛ],[ha.dʌ.ɾa.gɯ.ɾɛ]
하더라 네가,6,[ha.tʌ.ɾa.ne.ka],[ha.dʌ.ɾa.ne.ga]
하더라 우리,6,[ha.tʌ.ɾa.u.ɾi],[ha.dʌ.ɾa.u.ɾi]
벌어진 일로,6,[pʌl.ʌ.tʃin.il.ɾo],[bʌl.ʌ.dʒin.il.ɾo]
하더라고 그래,6,[ha.tʌ.ɾa.ko.kɯ.ɾɛ],[ha.dʌ.ɾa.go.gɯ.ɾɛ]
감옥 가는 거야,6,[kam.ok̚.ka.nɯŋ.kʌ.ja],[gam.ok̚.ga.nɯn.gʌ.ja]
하더라고요 그리고,6,[ha.tʌ.ɾa.ko.jo.kɯ.ɾi.ko],[ha.dʌ.ɾa.go.jo.gɯ.ɾi.go]
내 세포가,6,[nɛ.se.pʰo.ka],[nɛ.se.pʰo.ga]
하더라고요 내가,6,[ha.tʌ.ɾa.ko.jo.nɛ.ka],[ha.dʌ.ɾa.go.jo.nɛ.ga]
벌어진 일이라고,6,[pʌl.ʌ.tʃin.il.i.ɾa.ko],[bʌl.ʌ.dʒin.il.i.ɾa.go]
하더라도 난,6,[ha.tʌ.ɾa.to.nan],[ha.dʌ.ɾa.do.nan]
벌어진 일이잖아,6,[pʌl.ʌ.tʃin.il.i.tʃan.a],[bʌl.ʌ.dʒin.il.i.dʒan.a]
허지 마,6,[hʌ.tʃi.ma],[hʌ.dʒi.ma]
허클베리 핀의,6,[hʌ.kʰɯl.pe.ɾi.pʰin.ɯi],[hʌ.kʰɯl.pe.ɾi.pʰin.ɯi]
been saying,6,,
벌어진 일이잖아요,6,[pʌl.ʌ.tʃin.il.i.tʃan.a.jo],[bʌl.ʌ.dʒin.il.i.dʒan.a.jo]
하던 거 계속해,6,[ha.tʌŋ.kʌ.kje.sok̚.hɛ],[ha.dʌn.gʌ.gje.sok̚.hɛ]
하던 거였어요,6,[ha.tʌŋ.kʌ.jʌt̚.ʌ.jo],[ha.dʌn.gʌ.jʌt̚.ʌ.jo]
곤경에 빠지다,6,[koŋ.kjʌŋ.e.p͈a.tʃi.ta],[goŋ.kjʌŋ.e.p͈a.dʒi.da]
감옥 가서,6,[kam.ok̚.ka.sʌ],[gam.ok̚.ga.sʌ]
하던 대로 계속해,6,[ha.tʌn.tɛ.ɾo.kje.sok̚.hɛ],[ha.dʌn.dɛ.ɾo.gje.sok̚.hɛ]
봤습니다 제,6,[pwat̚.sɯp̚.ni.ta.tʃe],[bwat̚.sɯp̚.ni.da.dʒe]
하던 대로 하는,6,[ha.tʌn.tɛ.ɾo.ha.nɯn],[ha.dʌn.dɛ.ɾo.ha.nɯn]
하던 대로 하고,6,[ha.tʌn.tɛ.ɾo.ha.ko],[ha.dʌn.dɛ.ɾo.ha.go]
벌어질 때,6,[pʌl.ʌ.tʃil.t͈ɛ],[bʌl.ʌ.dʒil.t͈ɛ]
내 셔츠야,6,[nɛ.sjʌ.tʃʰɯ.ja],[nɛ.sjʌ.tʃʰɯ.ja]
하던 말이에요,6,[ha.tʌn.mal.i.e.jo],[ha.dʌn.mal.i.e.jo]
벌어질 줄은,6,[pʌl.ʌ.tʃil.tʃul.ɯn],[bʌl.ʌ.dʒil.dʒul.ɯn]
내 소개를 하고,6,[nɛ.so.kɛ.ɾɯl.ha.ko],[nɛ.so.gɛ.ɾɯl.ha.go]
하던 얘기나 마저,6,[ha.tʌn.jɛ.ki.na.ma.tʃʌ],[ha.dʌn.jɛ.gi.na.ma.dʒʌ]
허튼짓 하면,6,[hʌ.tʰɯn.tʃit̚.ha.mjʌn],[hʌ.tʰɯn.tʃit̚.ha.mjʌn]
벌어질지 알고,6,[pʌl.ʌ.tʃil.tʃi.al.ko],[bʌl.ʌ.dʒil.tʃi.al.ko]
하던 일 계속,6,[ha.tʌn.il.kje.sok̚],[ha.dʌn.il.gje.sok̚]
하던 일 하세요,6,[ha.tʌn.il.ha.se.jo],[ha.dʌn.il.ha.se.jo]
하던 일 해,6,[ha.tʌn.il.hɛ],[ha.dʌn.il.hɛ]
벌었나 봐,6,[pʌl.ʌt̚.na.pwa],[bʌl.ʌt̚.na.bwa]
봤어 고아원으로 보낼,6,[pwat̚.ʌ.ko.a.wʌn.ɯ.ɾo.po.nɛl],[bwat̚.ʌ.go.a.wʌn.ɯ.ɾo.bo.nɛl]
벌었을 때,6,[pʌl.ʌt̚.ɯl.t͈ɛ],[bʌl.ʌt̚.ɯl.t͈ɛ]
곤경에 처하는,6,[koŋ.kjʌŋ.e.tʃʰʌ.ha.nɯn],[goŋ.kjʌŋ.e.tʃʰʌ.ha.nɯn]
내 소리를,6,[nɛ.so.ɾi.ɾɯl],[nɛ.so.ɾi.ɾɯl]
벌여야 해,6,[pʌl.jʌ.ja.hɛ],[bʌl.jʌ.ja.hɛ]
허풍 떨지,6,[hʌ.pʰuŋ.t͈ʌl.tʃi],[hʌ.pʰuŋ.t͈ʌl.tʃi]
벌였는지 알고,6,[pʌl.jʌt̚.nɯn.tʃi.al.ko],[bʌl.jʌt̚.nɯn.tʃi.al.ko]
감옥 간다,6,[kam.ok̚.kan.ta],[gam.ok̚.gan.ta]
허황된 꿈을,6,[hʌ.hwaŋ.tweŋ.k͈um.ɯl],[hʌ.hwaŋ.dweŋ.k͈um.ɯl]
하던 짓을 하고,6,[ha.tʌn.tʃit̚.ɯl.ha.ko],[ha.dʌn.dʒit̚.ɯl.ha.go]
허용된다 우린 어둠 속에서,6,[hʌ.joŋ.twen.ta.u.ɾin.ʌ.tum.sok̚.e.sʌ],[hʌ.joŋ.dwen.ta.u.ɾin.ʌ.dum.sok̚.e.sʌ]
하던데 강철,6,[ha.tʌn.te.kaŋ.tʃʰʌl],[ha.dʌn.te.gaŋ.tʃʰʌl]
벌을 다,6,[pʌl.ɯl.ta],[bʌl.ɯl.da]
허튼짓 하지 마,6,[hʌ.tʰɯn.tʃit̚.ha.tʃi.ma],[hʌ.tʰɯn.tʃit̚.ha.dʒi.ma]
헉슬리 부인,6,[hʌk̚.sɯl.ɾi.pu.in],[hʌk̚.sɯl.ɾi.bu.in]
벌을 달게,6,[pʌl.ɯl.tal.ke],[bʌl.ɯl.dal.ke]
하던데 그건,6,[ha.tʌn.te.kɯ.kʌn],[ha.dʌn.te.gɯ.gʌn]
하던데 그리고,6,[ha.tʌn.te.kɯ.ɾi.ko],[ha.dʌn.te.gɯ.ɾi.go]
하던데 그래서,6,[ha.tʌn.te.kɯ.ɾɛ.sʌ],[ha.dʌn.te.gɯ.ɾɛ.sʌ]
벌을 받고 있는,6,[pʌl.ɯl.pat̚.ko.it̚.nɯn],[bʌl.ɯl.bat̚.ko.it̚.nɯn]
내 소스를,6,[nɛ.so.sɯ.ɾɯl],[nɛ.so.sɯ.ɾɯl]
벌을 받기로 맹세합니까,6,[pʌl.ɯl.pat̚.ki.ɾo.mɛŋ.se.hap̚.ni.k͈a],[bʌl.ɯl.bat̚.ki.ɾo.mɛŋ.se.hap̚.ni.k͈a]
하던데 뭘,6,[ha.tʌn.te.mwʌl],[ha.dʌn.te.mwʌl]
내 소식,6,[nɛ.so.sik̚],[nɛ.so.sik̚]
하던데 어떻게,6,[ha.tʌn.te.ʌ.t͈ʌt̚.ke],[ha.dʌn.te.ʌ.t͈ʌt̚.ke]
No one could,6,,
하던데 전,6,[ha.tʌn.te.tʃʌn],[ha.dʌn.te.dʒʌn]
하던데 이,6,[ha.tʌn.te.i],[ha.dʌn.te.i]
벌을 받는다고,6,[pʌl.ɯl.pat̚.nɯn.ta.ko],[bʌl.ɯl.bat̚.nɯn.ta.go]
벌을 받는다,6,[pʌl.ɯl.pat̚.nɯn.ta],[bʌl.ɯl.bat̚.nɯn.ta]
내 소식통에,6,[nɛ.so.sik̚.tʰoŋ.e],[nɛ.so.sik̚.tʰoŋ.e]
하던데요 무슨,6,[ha.tʌn.te.jo.mu.sɯn],[ha.dʌn.te.jo.mu.sɯn]
내 소울메이트예요,6,[nɛ.so.ul.me.i.tʰɯ.je.jo],[nɛ.so.ul.me.i.tʰɯ.je.jo]
하도 날,6,[ha.to.nal],[ha.do.nal]
벌을 받아야겠지,6,[pʌl.ɯl.pat̚.a.ja.ket̚.tʃi],[bʌl.ɯl.bat̚.a.ja.get̚.tʃi]
하도 봐서,6,[ha.to.pwa.sʌ],[ha.do.bwa.sʌ]
벌을 받아요,6,[pʌl.ɯl.pat̚.a.jo],[bʌl.ɯl.bat̚.a.jo]
벌을 받을 것을,6,[pʌl.ɯl.pat̚.ɯl.kʌt̚.ɯl],[bʌl.ɯl.bat̚.ɯl.gʌt̚.ɯl]
내 소유가 아니야,6,[nɛ.so.ju.ka.a.ni.ja],[nɛ.so.ju.ga.a.ni.ja]
하도록 놔둘 수 없어,6,[ha.to.ɾok̚.nwa.tul.su.ʌp̚.ʌ],[ha.do.ɾok̚.nwa.dul.su.ʌp̚.ʌ]
벌을 받을 것을 엄숙히,6,[pʌl.ɯl.pat̚.ɯl.kʌt̚.ɯl.ʌm.suk̚.hi],[bʌl.ɯl.bat̚.ɯl.gʌt̚.ɯl.ʌm.suk̚.hi]
하도록 만들어,6,[ha.to.ɾok̚.man.tɯl.ʌ],[ha.do.ɾok̚.man.tɯl.ʌ]
감옥 갈 수,6,[kam.ok̚.kal.su],[gam.ok̚.gal.su]
내 소유란,6,[nɛ.so.ju.ɾan],[nɛ.so.ju.ɾan]
봤어 그들이,6,[pwat̚.ʌ.kɯ.tɯl.i],[bwat̚.ʌ.gɯ.dɯl.i]
하도록 해야,6,[ha.to.ɾok̚.hɛ.ja],[ha.do.ɾok̚.hɛ.ja]
벌을 줘야겠어,6,[pʌl.ɯl.tʃwʌ.ja.ket̚.ʌ],[bʌl.ɯl.dʒwʌ.ja.get̚.ʌ]
내 소유지,6,[nɛ.so.ju.tʃi],[nɛ.so.ju.dʒi]
하드 드라이브입니다,6,[ha.tɯ.tɯ.ɾa.i.pɯ.ip̚.ni.ta],[ha.dɯ.dɯ.ɾa.i.bɯ.ip̚.ni.da]
하드섭 추출,6,[ha.tɯ.sʌp̚.tʃʰu.tʃʰul],[ha.dɯ.sʌp̚.tʃʰu.tʃʰul]
하드캐슬 부인,6,[ha.tɯ.kʰɛ.sɯl.pu.in],[ha.dɯ.kʰɛ.sɯl.bu.in]
곤경에 처해있는,6,[koŋ.kjʌŋ.e.tʃʰʌ.hɛ.it̚.nɯn],[goŋ.kjʌŋ.e.tʃʰʌ.hɛ.it̚.nɯn]
하든 그런,6,[ha.tɯŋ.kɯ.ɾʌn],[ha.dɯn.gɯ.ɾʌn]
하든 그는,6,[ha.tɯŋ.kɯ.nɯn],[ha.dɯn.gɯ.nɯn]
헐크는 어떤 냄새를 맡나요,6,[hʌl.kʰɯ.nɯn.ʌ.t͈ʌn.nɛm.sɛ.ɾɯl.mat̚.na.jo],[hʌl.kʰɯ.nɯn.ʌ.t͈ʌn.nɛm.sɛ.ɾɯl.mat̚.na.jo]
곤경에 처해있어,6,[koŋ.kjʌŋ.e.tʃʰʌ.hɛ.it̚.ʌ],[goŋ.kjʌŋ.e.tʃʰʌ.hɛ.it̚.ʌ]
헐크를 죽이십시오,6,[hʌl.kʰɯ.ɾɯl.tʃuk̚.i.sip̚.si.o],[hʌl.kʰɯ.ɾɯl.dʒuk̚.i.sip̚.si.o]
헐크는 어떤,6,[hʌl.kʰɯ.nɯn.ʌ.t͈ʌn],[hʌl.kʰɯ.nɯn.ʌ.t͈ʌn]
벌인 거죠,6,[pʌl.iŋ.kʌ.tʃjo],[bʌl.in.gʌ.dʒjo]
하든 당신은,6,[ha.tɯn.taŋ.sin.ɯn],[ha.dɯn.daŋ.sin.ɯn]
험한 꼴 당하기,6,[hʌm.haŋ.k͈ol.taŋ.ha.ki],[hʌm.haŋ.k͈ol.daŋ.ha.gi]
하든 당신이,6,[ha.tɯn.taŋ.sin.i],[ha.dɯn.daŋ.sin.i]
하든 말이야,6,[ha.tɯn.mal.i.ja],[ha.dɯn.mal.i.ja]
하든 신경 쓰지,6,[ha.tɯn.siŋ.kjʌŋ.s͈ɯ.tʃi],[ha.dɯn.siŋ.kjʌŋ.s͈ɯ.dʒi]
하든 신경 안 써요,6,[ha.tɯn.siŋ.kjʌŋ.an.s͈ʌ.jo],[ha.dɯn.siŋ.kjʌŋ.an.s͈ʌ.jo]
하든 어떤,6,[ha.tɯn.ʌ.t͈ʌn],[ha.dɯn.ʌ.t͈ʌn]
벌인 짓이야,6,[pʌl.in.tʃit̚.i.ja],[bʌl.in.dʒit̚.i.ja]
내 속은,6,[nɛ.sok̚.ɯn],[nɛ.sok̚.ɯn]
하든 이 방,6,[ha.tɯn.i.paŋ],[ha.dɯn.i.baŋ]
감옥 내,6,[kam.ok̚.nɛ],[gam.ok̚.nɛ]
하든 이 방 밖으로는,6,[ha.tɯn.i.pam.pak̚.ɯ.ɾo.nɯn],[ha.dɯn.i.baŋ.bak̚.ɯ.ɾo.nɯn]
하든 절대,6,[ha.tɯn.tʃʌl.tɛ],[ha.dɯn.dʒʌl.tɛ]
곤경에 처했다는,6,[koŋ.kjʌŋ.e.tʃʰʌ.hɛt̚.ta.nɯn],[goŋ.kjʌŋ.e.tʃʰʌ.hɛt̚.ta.nɯn]
곤경에 처했다면,6,[koŋ.kjʌŋ.e.tʃʰʌ.hɛt̚.ta.mjʌn],[goŋ.kjʌŋ.e.tʃʰʌ.hɛt̚.ta.mjʌn]
험프리 부인,6,[hʌm.pʰɯ.ɾi.pu.in],[hʌm.pʰɯ.ɾi.bu.in]
봤어 난 거기 없었으니까,6,[pwat̚.ʌ.naŋ.kʌ.ki.ʌp̚.ʌt̚.ɯ.ni.k͈a],[bwat̚.ʌ.nan.gʌ.gi.ʌp̚.ʌt̚.ɯ.ni.k͈a]
내 속임수,6,[nɛ.sok̚.im.su],[nɛ.sok̚.im.su]
하디 경위와,6,[ha.ti.kjʌŋ.wi.wa],[ha.di.gjʌŋ.wi.wa]
하라고 그,6,[ha.ɾa.ko.kɯ],[ha.ɾa.go.gɯ]
하라고 그건,6,[ha.ɾa.ko.kɯ.kʌn],[ha.ɾa.go.gɯ.gʌn]
벌준 거야,6,[pʌl.tʃuŋ.kʌ.ja],[bʌl.tʃun.gʌ.ja]
하라고 돈 주는,6,[ha.ɾa.ko.ton.tʃu.nɯn],[ha.ɾa.go.don.dʒu.nɯn]
벌집 군집,6,[pʌl.tʃip̚.kun.tʃip̚],[bʌl.tʃip̚.gun.tʃip̚]
하라고 말하는,6,[ha.ɾa.ko.mal.ha.nɯn],[ha.ɾa.go.mal.ha.nɯn]
내 손 안,6,[nɛ.son.an],[nɛ.son.an]
하라고 시킬,6,[ha.ɾa.ko.si.kʰil],[ha.ɾa.go.si.kʰil]
벌컨 슬라이고의,6,[pʌl.kʰʌn.sɯl.ɾa.i.ko.ɯi],[bʌl.kʰʌn.sɯl.ɾa.i.go.ɯi]
하라고 왜,6,[ha.ɾa.ko.wɛ],[ha.ɾa.go.wɛ]
out together,6,,
감옥 밖으로,6,[kam.ok̚.pak̚.ɯ.ɾo],[gam.ok̚.bak̚.ɯ.ɾo]
하라고 하니까,6,[ha.ɾa.ko.ha.ni.k͈a],[ha.ɾa.go.ha.ni.k͈a]
곤란에 빠진,6,[kol.lan.e.p͈a.tʃin],[gol.lan.e.p͈a.dʒin]
하라고 하셔서,6,[ha.ɾa.ko.ha.sjʌ.sʌ],[ha.ɾa.go.ha.sjʌ.sʌ]
하라고 하셨죠,6,[ha.ɾa.ko.ha.sjʌt̚.tʃjo],[ha.ɾa.go.ha.sjʌt̚.tʃjo]
내 손가락은,6,[nɛ.soŋ.ka.ɾak̚.ɯn],[nɛ.soŋ.ka.ɾak̚.ɯn]
내 손가락으로,6,[nɛ.soŋ.ka.ɾak̚.ɯ.ɾo],[nɛ.soŋ.ka.ɾak̚.ɯ.ɾo]
헛바람이 들어서,6,[hʌt̚.pa.ɾam.i.tɯl.ʌ.sʌ],[hʌt̚.pa.ɾam.i.dɯl.ʌ.sʌ]
강제로 시킨,6,[kaŋ.tʃe.ɾo.si.kʰin],[gaŋ.dʒe.ɾo.si.kʰin]
하라고요 난,6,[ha.ɾa.ko.jo.nan],[ha.ɾa.go.jo.nan]
하라는 거에요,6,[ha.ɾa.nɯŋ.kʌ.e.jo],[ha.ɾa.nɯn.gʌ.e.jo]
하라는 건 아니야,6,[ha.ɾa.nɯŋ.kʌn.a.ni.ja],[ha.ɾa.nɯn.gʌn.a.ni.ja]
범위 내의,6,[pʌm.wi.nɛ.ɯi],[bʌm.wi.nɛ.ɯi]
하라는 겁니다,6,[ha.ɾa.nɯŋ.kʌp̚.ni.ta],[ha.ɾa.nɯn.gʌp̚.ni.da]
곤란하게 됐군,6,[kol.lan.ha.ke.twɛt̚.kun],[gol.lan.ha.ge.dwɛt̚.kun]
범위가 너무 넓어요,6,[pʌm.wi.ka.nʌ.mu.nʌl.ʌ.jo],[bʌm.wi.ga.nʌ.mu.nʌl.ʌ.jo]
내 손님,6,[nɛ.son.nim],[nɛ.son.nim]
하라는 대로 하세요,6,[ha.ɾa.nɯn.tɛ.ɾo.ha.se.jo],[ha.ɾa.nɯn.dɛ.ɾo.ha.se.jo]
범위를 넓히고,6,[pʌm.wi.ɾɯl.lʌl.hi.ko],[bʌm.wi.ɾɯl.lʌl.hi.go]
하라는 대로 할게요,6,[ha.ɾa.nɯn.tɛ.ɾo.hal.ke.jo],[ha.ɾa.nɯn.dɛ.ɾo.hal.ke.jo]
하라는 대로 했어,6,[ha.ɾa.nɯn.tɛ.ɾo.hɛt̚.ʌ],[ha.ɾa.nɯn.dɛ.ɾo.hɛt̚.ʌ]
범위를 벗어났습니다,6,[pʌm.wi.ɾɯl.pʌt̚.ʌ.nat̚.sɯp̚.ni.ta],[bʌm.wi.ɾɯl.bʌt̚.ʌ.nat̚.sɯp̚.ni.da]
범위를 벗어난,6,[pʌm.wi.ɾɯl.pʌt̚.ʌ.nan],[bʌm.wi.ɾɯl.bʌt̚.ʌ.nan]
하라는 말,6,[ha.ɾa.nɯn.mal],[ha.ɾa.nɯn.mal]
하라는 일은,6,[ha.ɾa.nɯn.il.ɯn],[ha.ɾa.nɯn.il.ɯn]
하라는 운동은,6,[ha.ɾa.nɯn.un.toŋ.ɯn],[ha.ɾa.nɯn.un.toŋ.ɯn]
범위를 좁히는,6,[pʌm.wi.ɾɯl.tʃop̚.hi.nɯn],[bʌm.wi.ɾɯl.dʒop̚.hi.nɯn]
곤란하게 만들,6,[kol.lan.ha.ke.man.tɯl],[gol.lan.ha.ge.man.tɯl]
곤란하게 만들었어요,6,[kol.lan.ha.ke.man.tɯl.ʌt̚.ʌ.jo],[gol.lan.ha.ge.man.tɯl.ʌt̚.ʌ.jo]
헛소리는 그만해,6,[hʌt̚.so.ɾi.nɯŋ.kɯ.man.hɛ],[hʌt̚.so.ɾi.nɯn.gɯ.man.hɛ]
하러 가는데,6,[ha.ɾʌ.ka.nɯn.te],[ha.ɾʌ.ga.nɯn.te]
하러 가다,6,[ha.ɾʌ.ka.ta],[ha.ɾʌ.ga.da]
범인 검거,6,[pʌm.iŋ.kʌm.kʌ],[bʌm.in.gʌm.kʌ]
하러 가시죠,6,[ha.ɾʌ.ka.si.tʃjo],[ha.ɾʌ.ga.si.dʒjo]
범인 놓치면,6,[pʌm.in.not̚.tʃʰi.mjʌn],[bʌm.in.not̚.tʃʰi.mjʌn]
하러 가야겠어요,6,[ha.ɾʌ.ka.ja.ket̚.ʌ.jo],[ha.ɾʌ.ga.ja.get̚.ʌ.jo]
봤어 뭘 봤는데,6,[pwat̚.ʌ.mwʌl.pwat̚.nɯn.te],[bwat̚.ʌ.mwʌl.bwat̚.nɯn.te]
내가 불안해,6,[nɛ.ka.pul.an.hɛ],[nɛ.ga.bul.an.hɛ]
내 손바닥 안이야,6,[nɛ.som.pa.tak̚.an.i.ja],[nɛ.som.pa.dak̚.an.i.ja]
헛소리라 했었지 헛소리였어 누구나,6,[hʌt̚.so.ɾi.ɾa.hɛt̚.ʌt̚.tʃi.hʌt̚.so.ɾi.jʌt̚.ʌ.nu.ku.na],[hʌt̚.so.ɾi.ɾa.hɛt̚.ʌt̚.tʃi.hʌt̚.so.ɾi.jʌt̚.ʌ.nu.gu.na]
헛소리로 들리지,6,[hʌt̚.so.ɾi.ɾo.tɯl.ɾi.tʃi],[hʌt̚.so.ɾi.ɾo.dɯl.ɾi.dʒi]
헛소리로 들리지 하지만,6,[hʌt̚.so.ɾi.ɾo.tɯl.ɾi.tʃi.ha.tʃi.man],[hʌt̚.so.ɾi.ɾo.dɯl.ɾi.dʒi.ha.dʒi.man]
하러 갑시다,6,[ha.ɾʌ.kap̚.si.ta],[ha.ɾʌ.gap̚.si.da]
범인 아니에요,6,[pʌm.in.a.ni.e.jo],[bʌm.in.a.ni.e.jo]
범인 아직,6,[pʌm.in.a.tʃik̚],[bʌm.in.a.dʒik̚]
곤란하게 하는,6,[kol.lan.ha.ke.ha.nɯn],[gol.lan.ha.ge.ha.nɯn]
헛소리로 들리지 하지만 운명이,6,[hʌt̚.so.ɾi.ɾo.tɯl.ɾi.tʃi.ha.tʃi.man.un.mjʌŋ.i],[hʌt̚.so.ɾi.ɾo.dɯl.ɾi.dʒi.ha.dʒi.man.un.mjʌŋ.i]
out what''s,6,,
하러 그래,6,[ha.ɾʌ.kɯ.ɾɛ],[ha.ɾʌ.gɯ.ɾɛ]
내 손안에 있어,6,[nɛ.son.an.e.it̚.ʌ],[nɛ.son.an.e.it̚.ʌ]
하러 나갔다,6,[ha.ɾʌ.na.kat̚.ta],[ha.ɾʌ.na.gat̚.ta]
헛소리는 하지,6,[hʌt̚.so.ɾi.nɯn.ha.tʃi],[hʌt̚.so.ɾi.nɯn.ha.dʒi]
내가 불편해,6,[nɛ.ka.pul.pʰjʌn.hɛ],[nɛ.ga.bul.pʰjʌn.hɛ]
하러 오셨어요,6,[ha.ɾʌ.o.sjʌt̚.ʌ.jo],[ha.ɾʌ.o.sjʌt̚.ʌ.jo]
범인 잡았어,6,[pʌm.in.tʃap̚.at̚.ʌ],[bʌm.in.dʒap̚.at̚.ʌ]
내 손에 안,6,[nɛ.son.e.an],[nɛ.son.e.an]
하러 온 건가,6,[ha.ɾʌ.oŋ.kʌŋ.ka],[ha.ɾʌ.on.gʌŋ.ka]
범인 중 한,6,[pʌm.in.tʃuŋ.han],[bʌm.in.dʒuŋ.han]
헛소리였어 누구나 알지,6,[hʌt̚.so.ɾi.jʌt̚.ʌ.nu.ku.na.al.tʃi],[hʌt̚.so.ɾi.jʌt̚.ʌ.nu.gu.na.al.tʃi]
헛소리일 수도,6,[hʌt̚.so.ɾi.il.su.to],[hʌt̚.so.ɾi.il.su.do]
하러 온 게 아닙니다,6,[ha.ɾʌ.oŋ.ke.a.nip̚.ni.ta],[ha.ɾʌ.on.ge.a.nip̚.ni.da]
범인도 같은,6,[pʌm.in.to.kat̚.ɯn],[bʌm.in.to.gat̚.ɯn]
범인 한 명을,6,[pʌm.in.han.mjʌŋ.ɯl],[bʌm.in.han.mjʌŋ.ɯl]
봤어 아니야,6,[pwat̚.ʌ.a.ni.ja],[bwat̚.ʌ.a.ni.ja]
하러 왔다고,6,[ha.ɾʌ.wat̚.ta.ko],[ha.ɾʌ.wat̚.ta.go]
내 손에 들어올,6,[nɛ.son.e.tɯl.ʌ.ol],[nɛ.son.e.dɯl.ʌ.ol]
범인도 잡고,6,[pʌm.in.to.tʃap̚.ko],[bʌm.in.to.dʒap̚.ko]
하러 왔을,6,[ha.ɾʌ.wat̚.ɯl],[ha.ɾʌ.wat̚.ɯl]
범인들 중,6,[pʌm.in.tɯl.tʃuŋ],[bʌm.in.tɯl.dʒuŋ]
하러 이곳에 왔어요,6,[ha.ɾʌ.i.kot̚.e.wat̚.ʌ.jo],[ha.ɾʌ.i.got̚.e.wat̚.ʌ.jo]
하러 해요,6,[ha.ɾʌ.hɛ.jo],[ha.ɾʌ.hɛ.jo]
하려 들,6,[ha.ɾjʌ.tɯl],[ha.ɾjʌ.dɯl]
하려 그래,6,[ha.ɾjʌ.kɯ.ɾɛ],[ha.ɾjʌ.gɯ.ɾɛ]
범인에 대해서,6,[pʌm.in.e.tɛ.hɛ.sʌ],[bʌm.in.e.dɛ.hɛ.sʌ]
하려 하는데,6,[ha.ɾjʌ.ha.nɯn.te],[ha.ɾjʌ.ha.nɯn.te]
하려 한다,6,[ha.ɾjʌ.han.ta],[ha.ɾjʌ.han.ta]
봤어 얘들아,6,[pwat̚.ʌ.jɛ.tɯl.a],[bwat̚.ʌ.jɛ.dɯl.a]
범인으로 몰릴,6,[pʌm.in.ɯ.ɾo.mol.ɾil],[bʌm.in.ɯ.ɾo.mol.ɾil]
하려고 계속,6,[ha.ɾjʌ.ko.kje.sok̚],[ha.ɾjʌ.go.gje.sok̚]
범인은 내가,6,[pʌm.in.ɯn.nɛ.ka],[bʌm.in.ɯn.nɛ.ga]
내가 비밀 하나 알려,6,[nɛ.ka.pi.mil.ha.na.al.ɾjʌ],[nɛ.ga.bi.mil.ha.na.al.ɾjʌ]
하려고 그게,6,[ha.ɾjʌ.ko.kɯ.ke],[ha.ɾjʌ.go.gɯ.ge]
범인은 도망쳤어요,6,[pʌm.in.ɯn.to.maŋ.tʃʰjʌt̚.ʌ.jo],[bʌm.in.ɯn.do.maŋ.tʃʰjʌt̚.ʌ.jo]
하려고 그런 거야,6,[ha.ɾjʌ.ko.kɯ.ɾʌŋ.kʌ.ja],[ha.ɾjʌ.go.gɯ.ɾʌn.gʌ.ja]
곤란한 상황에서,6,[kol.lan.han.saŋ.hwaŋ.e.sʌ],[gol.lan.han.saŋ.hwaŋ.e.sʌ]
헤디 라머가,6,[he.ti.ɾa.mʌ.ka],[he.di.ɾa.mʌ.ga]
하려고 노력하는,6,[ha.ɾjʌ.ko.no.ɾjʌk̚.ha.nɯn],[ha.ɾjʌ.go.no.ɾjʌk̚.ha.nɯn]
하려고 누군가,6,[ha.ɾjʌ.ko.nu.kuŋ.ka],[ha.ɾjʌ.go.nu.guŋ.ka]
범인은 아닌 것,6,[pʌm.in.ɯn.a.niŋ.kʌt̚],[bʌm.in.ɯn.a.nin.gʌt̚]
범인은 아닐,6,[pʌm.in.ɯn.a.nil],[bʌm.in.ɯn.a.nil]
봤어 도른,6,[pwat̚.ʌ.to.ɾɯn],[bwat̚.ʌ.do.ɾɯn]
내 손엔 아무것도,6,[nɛ.son.en.a.mu.kʌt̚.to],[nɛ.son.en.a.mu.gʌt̚.to]
하려고 무슨,6,[ha.ɾjʌ.ko.mu.sɯn],[ha.ɾjʌ.go.mu.sɯn]
하려고 몇,6,[ha.ɾjʌ.ko.mjʌt̚],[ha.ɾjʌ.go.mjʌt̚]
범인은 아주,6,[pʌm.in.ɯn.a.tʃu],[bʌm.in.ɯn.a.dʒu]
범인은 왜,6,[pʌm.in.ɯn.wɛ],[bʌm.in.ɯn.wɛ]
하려고 온 거,6,[ha.ɾjʌ.ko.oŋ.kʌ],[ha.ɾjʌ.go.on.gʌ]
하려고 여기까지 왔어,6,[ha.ɾjʌ.ko.jʌ.ki.k͈a.tʃi.wat̚.ʌ],[ha.ɾjʌ.go.jʌ.gi.k͈a.dʒi.wat̚.ʌ]
I did a,6,,
봤어 응,6,[pwat̚.ʌ.ɯŋ],[bwat̚.ʌ.ɯŋ]
하려고 온 게 아니야,6,[ha.ɾjʌ.ko.oŋ.ke.a.ni.ja],[ha.ɾjʌ.go.on.ge.a.ni.ja]
범인은 피해자들이,6,[pʌm.in.ɯm.pʰi.hɛ.tʃa.tɯl.i],[bʌm.in.ɯm.pʰi.hɛ.dʒa.dɯl.i]
하려고 이런,6,[ha.ɾjʌ.ko.i.ɾʌn],[ha.ɾjʌ.go.i.ɾʌn]
내 손으로 죽여,6,[nɛ.son.ɯ.ɾo.tʃuk̚.jʌ],[nɛ.son.ɯ.ɾo.dʒuk̚.jʌ]
범인은 피해자를,6,[pʌm.in.ɯm.pʰi.hɛ.tʃa.ɾɯl],[bʌm.in.ɯm.pʰi.hɛ.dʒa.ɾɯl]
하려고 잠깐,6,[ha.ɾjʌ.ko.tʃam.k͈an],[ha.ɾjʌ.go.dʒam.k͈an]
곤란한 웃음,6,[kol.lan.han.ut̚.ɯm],[gol.lan.han.ut̚.ɯm]
하려고 하네요,6,[ha.ɾjʌ.ko.ha.ne.jo],[ha.ɾjʌ.go.ha.ne.jo]
감옥보다 낫다,6,[kam.ok̚.po.ta.nat̚.ta],[gam.ok̚.po.da.nat̚.ta]
범인을 빨리,6,[pʌm.in.ɯl.p͈al.ɾi],[bʌm.in.ɯl.p͈al.ɾi]
하려고 하니,6,[ha.ɾjʌ.ko.ha.ni],[ha.ɾjʌ.go.ha.ni]
하려고 하죠,6,[ha.ɾjʌ.ko.ha.tʃjo],[ha.ɾjʌ.go.ha.dʒjo]
감옥보다 더,6,[kam.ok̚.po.ta.tʌ],[gam.ok̚.po.da.dʌ]
하려고 하지도,6,[ha.ɾjʌ.ko.ha.tʃi.to],[ha.ɾjʌ.go.ha.dʒi.do]
곤란한 일을,6,[kol.lan.han.il.ɯl],[gol.lan.han.il.ɯl]
하려고 하지마 그,6,[ha.ɾjʌ.ko.ha.tʃi.ma.kɯ],[ha.ɾjʌ.go.ha.dʒi.ma.gɯ]
하려고 한거야,6,[ha.ɾjʌ.ko.haŋ.kʌ.ja],[ha.ɾjʌ.go.haŋ.kʌ.ja]
범인을 잡길,6,[pʌm.in.ɯl.tʃap̚.kil],[bʌm.in.ɯl.dʒap̚.kil]
하려고 할 거야,6,[ha.ɾjʌ.ko.hal.kʌ.ja],[ha.ɾjʌ.go.hal.gʌ.ja]
내 손을 놓지,6,[nɛ.son.ɯl.lot̚.tʃi],[nɛ.son.ɯl.lot̚.tʃi]
봤어 자네,6,[pwat̚.ʌ.tʃa.ne],[bwat̚.ʌ.dʒa.ne]
하려고 할까요,6,[ha.ɾjʌ.ko.hal.k͈a.jo],[ha.ɾjʌ.go.hal.k͈a.jo]
범인을 잡았고,6,[pʌm.in.ɯl.tʃap̚.at̚.ko],[bʌm.in.ɯl.dʒap̚.at̚.ko]
내 손을 떠났어,6,[nɛ.son.ɯl.t͈ʌ.nat̚.ʌ],[nɛ.son.ɯl.t͈ʌ.nat̚.ʌ]
곤란한 처지에,6,[kol.lan.han.tʃʰʌ.tʃi.e],[gol.lan.han.tʃʰʌ.dʒi.e]
하려고 했는데 못,6,[ha.ɾjʌ.ko.hɛt̚.nɯn.te.mot̚],[ha.ɾjʌ.go.hɛt̚.nɯn.te.mot̚]
내 손을 잡고 내일,6,[nɛ.son.ɯl.tʃap̚.ko.nɛ.il],[nɛ.son.ɯl.dʒap̚.ko.nɛ.il]
헤비급 챔피언,6,[he.pi.kɯp̚.tʃʰɛm.pʰi.ʌn],[he.bi.gɯp̚.tʃʰɛm.pʰi.ʌn]
하려고 했니,6,[ha.ɾjʌ.ko.hɛt̚.ni],[ha.ɾjʌ.go.hɛt̚.ni]
헤스테인 오역 의역,6,[he.sɯ.tʰe.in.o.jʌk̚.ɯi.jʌk̚],[he.sɯ.tʰe.in.o.jʌk̚.ɯi.jʌk̚]
헤스테인 오역 의역 다수,6,[he.sɯ.tʰe.in.o.jʌk̚.ɯi.jʌk̚.ta.su],[he.sɯ.tʰe.in.o.jʌk̚.ɯi.jʌk̚.da.su]
범인을 잡으러,6,[pʌm.in.ɯl.tʃap̚.ɯ.ɾʌ],[bʌm.in.ɯl.dʒap̚.ɯ.ɾʌ]
내 손을 잡아줘 부디,6,[nɛ.son.ɯl.tʃap̚.a.tʃwʌ.pu.ti],[nɛ.son.ɯl.dʒap̚.a.dʒwʌ.bu.di]
하려고 했을 때,6,[ha.ɾjʌ.ko.hɛt̚.ɯl.t͈ɛ],[ha.ɾjʌ.go.hɛt̚.ɯl.t͈ɛ]
하려고 했을까요,6,[ha.ɾjʌ.ko.hɛt̚.ɯl.k͈a.jo],[ha.ɾjʌ.go.hɛt̚.ɯl.k͈a.jo]
범인을 제대로,6,[pʌm.in.ɯl.tʃe.tɛ.ɾo],[bʌm.in.ɯl.dʒe.dɛ.ɾo]
범인을 지목할,6,[pʌm.in.ɯl.tʃi.mok̚.hal],[bʌm.in.ɯl.dʒi.mok̚.hal]
곤란해 하지만,6,[kol.lan.hɛ.ha.tʃi.man],[gol.lan.hɛ.ha.dʒi.man]
내가 빚진 게,6,[nɛ.ka.pit̚.tʃiŋ.ke],[nɛ.ga.bit̚.tʃin.ge]
하려고요 그럼,6,[ha.ɾjʌ.ko.jo.kɯ.ɾʌm],[ha.ɾjʌ.go.jo.gɯ.ɾʌm]
헤어와 메이크업,6,[he.ʌ.wa.me.i.kʰɯ.ʌp̚],[he.ʌ.wa.me.i.kʰɯ.ʌp̚]
범인을 찾는데,6,[pʌm.in.ɯl.tʃʰat̚.nɯn.te],[bʌm.in.ɯl.tʃʰat̚.nɯn.te]
내 손을 잡지,6,[nɛ.son.ɯl.tʃap̚.tʃi],[nɛ.son.ɯl.dʒap̚.tʃi]
하려는 거 같아,6,[ha.ɾjʌ.nɯŋ.kʌ.kat̚.a],[ha.ɾjʌ.nɯn.gʌ.gat̚.a]
하려는 거고,6,[ha.ɾjʌ.nɯŋ.kʌ.ko],[ha.ɾjʌ.nɯn.gʌ.go]
범인을 찾았어요,6,[pʌm.in.ɯl.tʃʰat̚.at̚.ʌ.jo],[bʌm.in.ɯl.tʃʰat̚.at̚.ʌ.jo]
범인을 찾아야,6,[pʌm.in.ɯl.tʃʰat̚.a.ja],[bʌm.in.ɯl.tʃʰat̚.a.ja]
헤어 스타일을,6,[he.ʌ.sɯ.tʰa.il.ɯl],[he.ʌ.sɯ.tʰa.il.ɯl]
내가 빠져,6,[nɛ.ka.p͈a.tʃjʌ],[nɛ.ga.p͈a.dʒjʌ]
범인을 찾으려고,6,[pʌm.in.ɯl.tʃʰat̚.ɯ.ɾjʌ.ko],[bʌm.in.ɯl.tʃʰat̚.ɯ.ɾjʌ.go]
하려는 건 아니고,6,[ha.ɾjʌ.nɯŋ.kʌn.a.ni.ko],[ha.ɾjʌ.nɯn.gʌn.a.ni.go]
범인을 찾은 것 같아요,6,[pʌm.in.ɯl.tʃʰat̚.ɯŋ.kʌt̚.kat̚.a.jo],[bʌm.in.ɯl.tʃʰat̚.ɯn.gʌt̚.gat̚.a.jo]
하려는 건지 모르겠어,6,[ha.ɾjʌ.nɯŋ.kʌn.tʃi.mo.ɾɯ.ket̚.ʌ],[ha.ɾjʌ.nɯn.gʌn.tʃi.mo.ɾɯ.get̚.ʌ]
범인을 찾을 때까지,6,[pʌm.in.ɯl.tʃʰat̚.ɯl.t͈ɛ.k͈a.tʃi],[bʌm.in.ɯl.tʃʰat̚.ɯl.t͈ɛ.k͈a.dʒi]
하려는 건지도,6,[ha.ɾjʌ.nɯŋ.kʌn.tʃi.to],[ha.ɾjʌ.nɯn.gʌn.tʃi.do]
범인을 체포할,6,[pʌm.in.ɯl.tʃʰe.pʰo.hal],[bʌm.in.ɯl.tʃʰe.pʰo.hal]
내 손자도,6,[nɛ.son.tʃa.to],[nɛ.son.tʃa.do]
범인의 아파하는 신음,6,[pʌm.in.ɯi.a.pʰa.ha.nɯn.sin.ɯm],[bʌm.in.ɯi.a.pʰa.ha.nɯn.sin.ɯm]
범인의 아파하는,6,[pʌm.in.ɯi.a.pʰa.ha.nɯn],[bʌm.in.ɯi.a.pʰa.ha.nɯn]
하려는 게 아냐,6,[ha.ɾjʌ.nɯŋ.ke.a.nja],[ha.ɾjʌ.nɯn.ge.a.nja]
범인의 힘주는,6,[pʌm.in.ɯi.hin.tʃu.nɯn],[bʌm.in.ɯi.hin.tʃu.nɯn]
범인의 첫,6,[pʌm.in.ɯi.tʃʰʌt̚],[bʌm.in.ɯi.tʃʰʌt̚]
내가 빠질,6,[nɛ.ka.p͈a.tʃil],[nɛ.ga.p͈a.dʒil]
내 손잡아,6,[nɛ.son.tʃap̚.a],[nɛ.son.tʃap̚.a]
범인이 곧,6,[pʌm.in.i.kot̚],[bʌm.in.i.got̚]
하려는 사람은,6,[ha.ɾjʌ.nɯn.sa.ɾam.ɯn],[ha.ɾjʌ.nɯn.sa.ɾam.ɯn]
곤란해질까 봐,6,[kol.lan.hɛ.tʃil.k͈a.pwa],[gol.lan.hɛ.dʒil.k͈a.bwa]
감옥에 가게 될거야,6,[kam.ok̚.e.ka.ke.twel.kʌ.ja],[gam.ok̚.e.ga.ge.dwel.kʌ.ja]
out your security,6,,
하려는 지,6,[ha.ɾjʌ.nɯn.tʃi],[ha.ɾjʌ.nɯn.dʒi]
곤죽이 되도록,6,[kon.tʃuk̚.i.twe.to.ɾok̚],[gon.tʃuk̚.i.dwe.do.ɾok̚]
하려는 짓은,6,[ha.ɾjʌ.nɯn.tʃit̚.ɯn],[ha.ɾjʌ.nɯn.dʒit̚.ɯn]
범인이 노린,6,[pʌm.in.i.no.ɾin],[bʌm.in.i.no.ɾin]
헤어지려고 했는데,6,[he.ʌ.tʃi.ɾjʌ.ko.hɛt̚.nɯn.te],[he.ʌ.dʒi.ɾjʌ.go.hɛt̚.nɯn.te]
하려는지 다,6,[ha.ɾjʌ.nɯn.tʃi.ta],[ha.ɾjʌ.nɯn.tʃi.da]
범인이 누구라고,6,[pʌm.in.i.nu.ku.ɾa.ko],[bʌm.in.i.nu.gu.ɾa.go]
곧 가게,6,[kot̚.ka.ke],[got̚.ga.ge]
내 손톱을,6,[nɛ.son.tʰop̚.ɯl],[nɛ.son.tʰop̚.ɯl]
범인이 누군지 알 것,6,[pʌm.in.i.nu.kun.tʃi.al.kʌt̚],[bʌm.in.i.nu.gun.tʃi.al.gʌt̚]
내 솔직한,6,[nɛ.sol.tʃik̚.han],[nɛ.sol.tʃik̚.han]
내 쇼는,6,[nɛ.sjo.nɯn],[nɛ.sjo.nɯn]
out your security protocols,6,,
범인이 누군진,6,[pʌm.in.i.nu.kun.tʃin],[bʌm.in.i.nu.gun.tʃin]
범인이 될 수,6,[pʌm.in.i.twel.su],[bʌm.in.i.dwel.su]
하려던 게 아니에요,6,[ha.ɾjʌ.tʌŋ.ke.a.ni.e.jo],[ha.ɾjʌ.dʌn.ge.a.ni.e.jo]
곧 가겠소'',6,[kot̚.ka.ket̚.so],[got̚.ga.get̚.so]
out 난,6,[nan],[nan]
하려던 얘기,6,[ha.ɾjʌ.tʌn.jɛ.ki],[ha.ɾjʌ.dʌn.jɛ.gi]
범인이 리후이란 씨를,6,[pʌm.in.i.ɾi.hu.i.ɾan.s͈i.ɾɯl],[bʌm.in.i.ɾi.hu.i.ɾan.s͈i.ɾɯl]
내 수법을,6,[nɛ.su.pʌp̚.ɯl],[nɛ.su.bʌp̚.ɯl]
범인이 범행,6,[pʌm.in.i.pʌm.hɛŋ],[bʌm.in.i.bʌm.hɛŋ]
범인이 보낸,6,[pʌm.in.i.po.nɛn],[bʌm.in.i.bo.nɛn]
내 수사가,6,[nɛ.su.sa.ka],[nɛ.su.sa.ga]
감옥에 가고 싶어,6,[kam.ok̚.e.ka.ko.sip̚.ʌ],[gam.ok̚.e.ga.go.sip̚.ʌ]
하려면 다른,6,[ha.ɾjʌ.mjʌn.ta.ɾɯn],[ha.ɾjʌ.mjʌn.da.ɾɯn]
범인이 아니라고요,6,[pʌm.in.i.a.ni.ɾa.ko.jo],[bʌm.in.i.a.ni.ɾa.go.jo]
범인이 아니라는 걸,6,[pʌm.in.i.a.ni.ɾa.nɯŋ.kʌl],[bʌm.in.i.a.ni.ɾa.nɯn.gʌl]
하려면 모든,6,[ha.ɾjʌ.mjʌn.mo.tɯn],[ha.ɾjʌ.mjʌn.mo.dɯn]
하려면 어떤,6,[ha.ɾjʌ.mjʌn.ʌ.t͈ʌn],[ha.ɾjʌ.mjʌn.ʌ.t͈ʌn]
범인이 아니란 걸,6,[pʌm.in.i.a.ni.ɾaŋ.kʌl],[bʌm.in.i.a.ni.ɾan.gʌl]
하려면 어떻게 해야 하지,6,[ha.ɾjʌ.mjʌn.ʌ.t͈ʌt̚.ke.hɛ.ja.ha.tʃi],[ha.ɾjʌ.mjʌn.ʌ.t͈ʌt̚.ke.hɛ.ja.ha.dʒi]
내 수술실에,6,[nɛ.su.sul.sil.e],[nɛ.su.sul.sil.e]
헤어진 사람들은 꼭 다시,6,[he.ʌ.tʃin.sa.ɾan.tɯl.ɯŋ.k͈ok̚.ta.si],[he.ʌ.dʒin.sa.ɾan.tɯl.ɯŋ.k͈ok̚.da.si]
헤어진 이유를,6,[he.ʌ.tʃin.i.ju.ɾɯl],[he.ʌ.dʒin.i.ju.ɾɯl]
하려면 우리,6,[ha.ɾjʌ.mjʌn.u.ɾi],[ha.ɾjʌ.mjʌn.u.ɾi]
내 수술에,6,[nɛ.su.sul.e],[nɛ.su.sul.e]
범인이 아닌 것 같아,6,[pʌm.in.i.a.niŋ.kʌt̚.kat̚.a],[bʌm.in.i.a.nin.gʌt̚.gat̚.a]
하렴 난,6,[ha.ɾjʌm.nan],[ha.ɾjʌm.nan]
하렴 내가,6,[ha.ɾjʌm.nɛ.ka],[ha.ɾjʌm.nɛ.ga]
내 수업은,6,[nɛ.su.ʌp̚.ɯn],[nɛ.su.ʌp̚.ɯn]
out 다,6,[ta],[da]
헤어질 수 없어,6,[he.ʌ.tʃil.su.ʌp̚.ʌ],[he.ʌ.dʒil.su.ʌp̚.ʌ]
범인이 어떤,6,[pʌm.in.i.ʌ.t͈ʌn],[bʌm.in.i.ʌ.t͈ʌn]
헤어질 수 없어요,6,[he.ʌ.tʃil.su.ʌp̚.ʌ.jo],[he.ʌ.dʒil.su.ʌp̚.ʌ.jo]
하루 되게,6,[ha.ɾu.twe.ke],[ha.ɾu.dwe.ge]
곧 가족이,6,[kot̚.ka.tʃok̚.i],[got̚.ga.dʒok̚.i]
봤어요 그들이,6,[pwat̚.ʌ.jo.kɯ.tɯl.i],[bwat̚.ʌ.jo.gɯ.dɯl.i]
범인이 원한,6,[pʌm.in.i.wʌn.han],[bʌm.in.i.wʌn.han]
헤엄 헤엄,6,[he.ʌm.he.ʌm],[he.ʌm.he.ʌm]
하루 두 번씩,6,[ha.ɾu.tu.pʌn.s͈ik̚],[ha.ɾu.du.bʌn.s͈ik̚]
내 수영장,6,[nɛ.su.jʌŋ.tʃaŋ],[nɛ.su.jʌŋ.dʒaŋ]
범인이 일부러,6,[pʌm.in.i.il.pu.ɾʌ],[bʌm.in.i.il.pu.ɾʌ]
곧 가족이 될,6,[kot̚.ka.tʃok̚.i.twel],[got̚.ga.dʒok̚.i.dwel]
범인이 잡히지,6,[pʌm.in.i.tʃap̚.hi.tʃi],[bʌm.in.i.dʒap̚.hi.dʒi]
out 다 털어버려,6,[ta.tʰʌl.ʌ.pʌ.ɾjʌ],[da.tʰʌl.ʌ.bʌ.ɾjʌ]
하루 보내세요 고맙습니다,6,[ha.ɾu.po.nɛ.se.jo.ko.map̚.sɯp̚.ni.ta],[ha.ɾu.bo.nɛ.se.jo.go.map̚.sɯp̚.ni.da]
하루 보내세요 고마워요,6,[ha.ɾu.po.nɛ.se.jo.ko.ma.wʌ.jo],[ha.ɾu.bo.nɛ.se.jo.go.ma.wʌ.jo]
내 수집품,6,[nɛ.su.tʃip̚.pʰum],[nɛ.su.dʒip̚.pʰum]
하루 보내세요 네,6,[ha.ɾu.po.nɛ.se.jo.ne],[ha.ɾu.bo.nɛ.se.jo.ne]
하루 보낸,6,[ha.ɾu.po.nɛn],[ha.ɾu.bo.nɛn]
내 수표를,6,[nɛ.su.pʰjo.ɾɯl],[nɛ.su.pʰjo.ɾɯl]
곧 간다,6,[kot̚.kan.ta],[got̚.gan.ta]
하루 세끼를,6,[ha.ɾu.se.k͈i.ɾɯl],[ha.ɾu.se.k͈i.ɾɯl]
하루 쉬라고,6,[ha.ɾu.swi.ɾa.ko],[ha.ɾu.swi.ɾa.go]
범인이라는 거야,6,[pʌm.in.i.ɾa.nɯŋ.kʌ.ja],[bʌm.in.i.ɾa.nɯn.gʌ.ja]
하루 쉬어도,6,[ha.ɾu.swi.ʌ.to],[ha.ɾu.swi.ʌ.do]
하루 앞으로,6,[ha.ɾu.ap̚.ɯ.ɾo],[ha.ɾu.ap̚.ɯ.ɾo]
범인이라는 증거 있어,6,[pʌm.in.i.ɾa.nɯn.tʃɯŋ.kʌ.it̚.ʌ],[bʌm.in.i.ɾa.nɯn.dʒɯŋ.gʌ.it̚.ʌ]
내 술도,6,[nɛ.sul.to],[nɛ.sul.to]
헤이 이제,6,[he.i.i.tʃe],[he.i.i.dʒe]
하루 일을,6,[ha.ɾu.il.ɯl],[ha.ɾu.il.ɯl]
범인일 거예요,6,[pʌm.in.il.kʌ.je.jo],[bʌm.in.il.gʌ.je.jo]
하루 전인데 예약 안,6,[ha.ɾu.tʃʌn.in.te.je.jak̚.an],[ha.ɾu.dʒʌn.in.te.je.jak̚.an]
하루 전인데 예약,6,[ha.ɾu.tʃʌn.in.te.je.jak̚],[ha.ɾu.dʒʌn.in.te.je.jak̚]
내 술집,6,[nɛ.sul.tʃip̚],[nɛ.sul.tʃip̚]
No one''s gonna,6,,
범죄 같은,6,[pʌn.tʃwe.kat̚.ɯn],[bʌn.tʃwe.gat̚.ɯn]
하루 종일 못,6,[ha.ɾu.tʃoŋ.il.mot̚],[ha.ɾu.dʒoŋ.il.mot̚]
하루 종일 안,6,[ha.ɾu.tʃoŋ.il.an],[ha.ɾu.dʒoŋ.il.an]
곧 갈 수,6,[kot̚.kal.su],[got̚.gal.su]
하루 종일 앉아서,6,[ha.ɾu.tʃoŋ.il.an.a.sʌ],[ha.ɾu.dʒoŋ.il.an.a.sʌ]
범죄 그,6,[pʌn.tʃwe.kɯ],[bʌn.tʃwe.gɯ]
하루 종일 전화,6,[ha.ɾu.tʃoŋ.il.tʃʌn.hwa],[ha.ɾu.dʒoŋ.il.dʒʌn.hwa]
내 슈트,6,[nɛ.sju.tʰɯ],[nɛ.sju.tʰɯ]
하루 줄,6,[ha.ɾu.tʃul],[ha.ɾu.dʒul]
하루 지나면,6,[ha.ɾu.tʃi.na.mjʌn],[ha.ɾu.dʒi.na.mjʌn]
범죄 마개,6,[pʌn.tʃwe.ma.kɛ],[bʌn.tʃwe.ma.gɛ]
내 숨통을,6,[nɛ.sun.tʰoŋ.ɯl],[nɛ.sun.tʰoŋ.ɯl]
범죄 사건에,6,[pʌn.tʃwe.sa.kʌn.e],[bʌn.tʃwe.sa.gʌn.e]
범죄 센터,6,[pʌn.tʃwe.sen.tʰʌ],[bʌn.tʃwe.sen.tʰʌ]
범죄 사실이,6,[pʌn.tʃwe.sa.sil.i],[bʌn.tʃwe.sa.sil.i]
하루가 되겠군요,6,[ha.ɾu.ka.twe.ket̚.kun.jo],[ha.ɾu.ga.dwe.get̚.kun.jo]
범죄 수사과,6,[pʌn.tʃwe.su.sa.kwa],[bʌn.tʃwe.su.sa.gwa]
감옥에 가두는,6,[kam.ok̚.e.ka.tu.nɯn],[gam.ok̚.e.ga.du.nɯn]
하루가 아니라,6,[ha.ɾu.ka.a.ni.ɾa],[ha.ɾu.ga.a.ni.ɾa]
하루가 지나,6,[ha.ɾu.ka.tʃi.na],[ha.ɾu.ga.dʒi.na]
범죄 수사의,6,[pʌn.tʃwe.su.sa.ɯi],[bʌn.tʃwe.su.sa.ɯi]
헤어진 거 아니었어,6,[he.ʌ.tʃiŋ.kʌ.a.ni.ʌt̚.ʌ],[he.ʌ.dʒin.gʌ.a.ni.ʌt̚.ʌ]
하루가 지났는데,6,[ha.ɾu.ka.tʃi.nat̚.nɯn.te],[ha.ɾu.ga.dʒi.nat̚.nɯn.te]
하루가 지났다,6,[ha.ɾu.ka.tʃi.nat̚.ta],[ha.ɾu.ga.dʒi.nat̚.ta]
봤어요 넌,6,[pwat̚.ʌ.jo.nʌn],[bwat̚.ʌ.jo.nʌn]
하루가 참,6,[ha.ɾu.ka.tʃʰam],[ha.ɾu.ga.tʃʰam]
범죄 없는,6,[pʌn.tʃwe.ʌp̚.nɯn],[bʌn.tʃwe.ʌp̚.nɯn]
내 스카치,6,[nɛ.sɯ.kʰa.tʃʰi],[nɛ.sɯ.kʰa.tʃʰi]
하루는 이렇게,6,[ha.ɾu.nɯn.i.ɾʌt̚.ke],[ha.ɾu.nɯn.i.ɾʌt̚.ke]
하루는 어땠어요,6,[ha.ɾu.nɯn.ʌ.t͈ɛt̚.ʌ.jo],[ha.ɾu.nɯn.ʌ.t͈ɛt̚.ʌ.jo]
헤일리가 체포됐대,6,[he.il.ɾi.ka.tʃʰe.pʰo.twɛt̚.tɛ],[he.il.ɾi.ga.tʃʰe.pʰo.dwɛt̚.tɛ]
하루는 제가,6,[ha.ɾu.nɯn.tʃe.ka],[ha.ɾu.nɯn.dʒe.ga]
곧 갈께요,6,[kot̚.kal.k͈e.jo],[got̚.gal.k͈e.jo]
내 스케줄은,6,[nɛ.sɯ.kʰe.tʃul.ɯn],[nɛ.sɯ.kʰe.dʒul.ɯn]
하루도 빠짐없이요,6,[ha.ɾu.to.p͈a.tʃim.ʌp̚.i.jo],[ha.ɾu.do.p͈a.dʒim.ʌp̚.i.jo]
내 스케줄을,6,[nɛ.sɯ.kʰe.tʃul.ɯl],[nɛ.sɯ.kʰe.dʒul.ɯl]
헤쳐 나가고,6,[he.tʃʰjʌ.na.ka.ko],[he.tʃʰjʌ.na.ga.go]
하루도 안 쉬고,6,[ha.ɾu.to.an.swi.ko],[ha.ɾu.do.an.swi.go]
하루도 안 빼고,6,[ha.ɾu.to.am.p͈ɛ.ko],[ha.ɾu.do.am.p͈ɛ.go]
하루도 채 안,6,[ha.ɾu.to.tʃʰɛ.an],[ha.ɾu.do.tʃʰɛ.an]
하루라도 안,6,[ha.ɾu.ɾa.to.an],[ha.ɾu.ɾa.do.an]
하루를 망칠,6,[ha.ɾu.ɾɯl.maŋ.tʃʰil],[ha.ɾu.ɾɯl.maŋ.tʃʰil]
하루를 보낸 것,6,[ha.ɾu.ɾɯl.po.nɛŋ.kʌt̚],[ha.ɾu.ɾɯl.bo.nɛn.gʌt̚]
범죄 집단,6,[pʌn.tʃwe.tʃip̚.tan],[bʌn.tʃwe.dʒip̚.tan]
하루를 보냈습니다,6,[ha.ɾu.ɾɯl.po.nɛt̚.sɯp̚.ni.ta],[ha.ɾu.ɾɯl.bo.nɛt̚.sɯp̚.ni.da]
봤어요 만약,6,[pwat̚.ʌ.jo.man.jak̚],[bwat̚.ʌ.jo.man.jak̚]
범죄 집단을,6,[pʌn.tʃwe.tʃip̚.tan.ɯl],[bʌn.tʃwe.dʒip̚.tan.ɯl]
내 스타일도 아니야,6,[nɛ.sɯ.tʰa.il.to.a.ni.ja],[nɛ.sɯ.tʰa.il.to.a.ni.ja]
봤어요 모두,6,[pwat̚.ʌ.jo.mo.tu],[bwat̚.ʌ.jo.mo.du]
범죄 팀,6,[pʌn.tʃwe.tʰim],[bʌn.tʃwe.tʰim]
헤프너 씨,6,[he.pʰɯ.nʌ.s͈i],[he.pʰɯ.nʌ.s͈i]
곧 갚을,6,[kot̚.kap̚.ɯl],[got̚.gap̚.ɯl]
범죄 행각을,6,[pʌn.tʃwe.hɛŋ.kak̚.ɯl],[bʌn.tʃwe.hɛŋ.gak̚.ɯl]
하루에 나,6,[ha.ɾu.e.na],[ha.ɾu.e.na]
하루에 나 헤매고 있어,6,[ha.ɾu.e.na.he.mɛ.ko.it̚.ʌ],[ha.ɾu.e.na.he.mɛ.go.it̚.ʌ]
하루에 나 헤매고,6,[ha.ɾu.e.na.he.mɛ.ko],[ha.ɾu.e.na.he.mɛ.go]
범죄 행위입니다,6,[pʌn.tʃwe.hɛŋ.wi.ip̚.ni.ta],[bʌn.tʃwe.hɛŋ.wi.ip̚.ni.da]
범죄 현장 출입,6,[pʌn.tʃwe.hjʌn.tʃaŋ.tʃʰul.ip̚],[bʌn.tʃwe.hjʌn.tʃaŋ.tʃʰul.ip̚]
하루에 맥주,6,[ha.ɾu.e.mɛk̚.tʃu],[ha.ɾu.e.mɛk̚.tʃu]
범죄 현장 출입 금지,6,[pʌn.tʃwe.hjʌn.tʃaŋ.tʃʰul.ip̚.kɯn.tʃi],[bʌn.tʃwe.hjʌn.tʃaŋ.tʃʰul.ip̚.gɯn.tʃi]
내 스타일이에요,6,[nɛ.sɯ.tʰa.il.i.e.jo],[nɛ.sɯ.tʰa.il.i.e.jo]
범죄 현장에 있는,6,[pʌn.tʃwe.hjʌn.tʃaŋ.e.it̚.nɯn],[bʌn.tʃwe.hjʌn.tʃaŋ.e.it̚.nɯn]
하루에 하나만,6,[ha.ɾu.e.ha.na.man],[ha.ɾu.e.ha.na.man]
범죄 현장에서 발견된,6,[pʌn.tʃwe.hjʌn.tʃaŋ.e.sʌ.pal.kjʌn.twen],[bʌn.tʃwe.hjʌn.tʃaŋ.e.sʌ.bal.kjʌn.twen]
헨리 깁슨,6,[hel.li.kip̚.sɯn],[hel.li.gip̚.sɯn]
곧 경기,6,[kot̚.kjʌŋ.ki],[got̚.gjʌŋ.gi]
내 스테이크,6,[nɛ.sɯ.tʰe.i.kʰɯ],[nɛ.sɯ.tʰe.i.kʰɯ]
내 스튜디오에,6,[nɛ.sɯ.tʰju.ti.o.e],[nɛ.sɯ.tʰju.di.o.e]
하루종일 내,6,[ha.ɾu.tʃoŋ.il.lɛ],[ha.ɾu.dʒoŋ.il.lɛ]
하루종일 침대에,6,[ha.ɾu.tʃoŋ.il.tʃʰin.tɛ.e],[ha.ɾu.dʒoŋ.il.tʃʰin.tɛ.e]
하루하루 의미없는 하루하루,6,[ha.ɾu.ha.ɾu.ɯi.mi.ʌp̚.nɯn.ha.ɾu.ha.ɾu],[ha.ɾu.ha.ɾu.ɯi.mi.ʌp̚.nɯn.ha.ɾu.ha.ɾu]
하루하루 의미없는,6,[ha.ɾu.ha.ɾu.ɯi.mi.ʌp̚.nɯn],[ha.ɾu.ha.ɾu.ɯi.mi.ʌp̚.nɯn]
하루하루가 너무,6,[ha.ɾu.ha.ɾu.ka.nʌ.mu],[ha.ɾu.ha.ɾu.ga.nʌ.mu]
하루하루를 물들이는 재료,6,[ha.ɾu.ha.ɾu.ɾɯl.mul.tɯl.i.nɯn.tʃɛ.ɾjo],[ha.ɾu.ha.ɾu.ɾɯl.mul.tɯl.i.nɯn.dʒɛ.ɾjo]
하루하루를 물들이는,6,[ha.ɾu.ha.ɾu.ɾɯl.mul.tɯl.i.nɯn],[ha.ɾu.ha.ɾu.ɾɯl.mul.tɯl.i.nɯn]
하룻밤 내 보고서가,6,[ha.ɾut̚.pam.nɛ.po.ko.sʌ.ka],[ha.ɾut̚.pam.nɛ.bo.go.sʌ.ga]
하룻밤 내,6,[ha.ɾut̚.pam.nɛ],[ha.ɾut̚.pam.nɛ]
내 승리를,6,[nɛ.sɯŋ.ɾi.ɾɯl],[nɛ.sɯŋ.ɾi.ɾɯl]
하룻밤 놀이일 뿐,6,[ha.ɾut̚.pam.nol.i.il.p͈un],[ha.ɾut̚.pam.nol.i.il.p͈un]
하룻밤 놀이일,6,[ha.ɾut̚.pam.nol.i.il],[ha.ɾut̚.pam.nol.i.il]
감옥에 가야 할,6,[kam.ok̚.e.ka.ja.hal],[gam.ok̚.e.ga.ja.hal]
내 승리의,6,[nɛ.sɯŋ.ɾi.ɯi],[nɛ.sɯŋ.ɾi.ɯi]
내 승인을,6,[nɛ.sɯŋ.in.ɯl],[nɛ.sɯŋ.in.ɯl]
하룻밤 상대,6,[ha.ɾut̚.pam.saŋ.tɛ],[ha.ɾut̚.pam.saŋ.dɛ]
내 시가,6,[nɛ.si.ka],[nɛ.si.ga]
헨리 윌콕스에,6,[hel.li.wil.kʰok̚.sɯ.e],[hel.li.wil.kʰok̚.sɯ.e]
하룻밤 정도는,6,[ha.ɾut̚.pan.tʃʌŋ.to.nɯn],[ha.ɾut̚.pam.dʒʌŋ.do.nɯn]
하룻밤 잘,6,[ha.ɾut̚.pan.tʃal],[ha.ɾut̚.pam.dʒal]
하룻밤만 혼자,6,[ha.ɾut̚.pam.man.hon.tʃa],[ha.ɾut̚.pam.man.hon.tʃa]
범죄는 아니에요,6,[pʌn.tʃwe.nɯn.a.ni.e.jo],[bʌn.tʃwe.nɯn.a.ni.e.jo]
하룻밤만에 숲이 자랄,6,[ha.ɾut̚.pam.man.e.sup̚.i.tʃa.ɾal],[ha.ɾut̚.pam.man.e.sup̚.i.dʒa.ɾal]
하룻밤만에 숲이 자랄 수,6,[ha.ɾut̚.pam.man.e.sup̚.i.tʃa.ɾal.su],[ha.ɾut̚.pam.man.e.sup̚.i.dʒa.ɾal.su]
하룻밤만에 숲이,6,[ha.ɾut̚.pam.man.e.sup̚.i],[ha.ɾut̚.pam.man.e.sup̚.i]
하룻밤에 하나,6,[ha.ɾut̚.pam.e.ha.na],[ha.ɾut̚.pam.e.ha.na]
하룻밤에 하나 they shed,6,[ha.ɾut̚.pam.e.ha.na],[ha.ɾut̚.pam.e.ha.na]
하룻밤에 하나 they,6,[ha.ɾut̚.pam.e.ha.na],[ha.ɾut̚.pam.e.ha.na]
곧 괜찮아지겠지,6,[kot̚.kwɛn.tʃʰan.a.tʃi.ket̚.tʃi],[got̚.gwɛn.tʃʰan.a.dʒi.get̚.tʃi]
하룻밤을 위해,6,[ha.ɾut̚.pam.ɯl.wi.hɛ],[ha.ɾut̚.pam.ɯl.wi.hɛ]
하리가 호응한다,6,[ha.ɾi.ka.ho.ɯŋ.han.ta],[ha.ɾi.ga.ho.ɯŋ.han.ta]
하리와 두리의 의아한,6,[ha.ɾi.wa.tu.ɾi.ɯi.ɯi.a.han],[ha.ɾi.wa.du.ɾi.ɯi.ɯi.a.han]
범죄를 수사하는,6,[pʌn.tʃwe.ɾɯl.su.sa.ha.nɯn],[bʌn.tʃwe.ɾɯl.su.sa.ha.nɯn]
하리와 여직원의 가쁜 숨소리,6,[ha.ɾi.wa.jʌ.tʃik̚.wʌn.ɯi.ka.p͈ɯn.sum.so.ɾi],[ha.ɾi.wa.jʌ.dʒik̚.wʌn.ɯi.ga.p͈ɯn.sum.so.ɾi]
하리와 여직원의 가쁜,6,[ha.ɾi.wa.jʌ.tʃik̚.wʌn.ɯi.ka.p͈ɯn],[ha.ɾi.wa.jʌ.dʒik̚.wʌn.ɯi.ga.p͈ɯn]
하리와 두리의 의아한 신음,6,[ha.ɾi.wa.tu.ɾi.ɯi.ɯi.a.han.sin.ɯm],[ha.ɾi.wa.du.ɾi.ɯi.ɯi.a.han.sin.ɯm]
하리의 가쁜,6,[ha.ɾi.ɯi.ka.p͈ɯn],[ha.ɾi.ɯi.ga.p͈ɯn]
내 시간으로,6,[nɛ.si.kan.ɯ.ɾo],[nɛ.si.gan.ɯ.ɾo]
하리의 긴장한 숨소리,6,[ha.ɾi.ɯi.kin.tʃaŋ.han.sum.so.ɾi],[ha.ɾi.ɯi.gin.tʃaŋ.han.sum.so.ɾi]
범죄를 저질렀는지,6,[pʌn.tʃwe.ɾɯl.tʃʌ.tʃil.ɾʌt̚.nɯn.tʃi],[bʌn.tʃwe.ɾɯl.dʒʌ.dʒil.ɾʌt̚.nɯn.tʃi]
내가 사람들한테,6,[nɛ.ka.sa.ɾan.tɯl.han.tʰe],[nɛ.ga.sa.ɾan.tɯl.han.tʰe]
범죄를 저질렀다는,6,[pʌn.tʃwe.ɾɯl.tʃʌ.tʃil.ɾʌt̚.ta.nɯn],[bʌn.tʃwe.ɾɯl.dʒʌ.dʒil.ɾʌt̚.ta.nɯn]
헨리가 그,6,[hel.li.ka.kɯ],[hel.li.ga.gɯ]
하리의 어색한 웃음,6,[ha.ɾi.ɯi.ʌ.sɛk̚.han.ut̚.ɯm],[ha.ɾi.ɯi.ʌ.sɛk̚.han.ut̚.ɯm]
하리의 어색한,6,[ha.ɾi.ɯi.ʌ.sɛk̚.han],[ha.ɾi.ɯi.ʌ.sɛk̚.han]
하마 넌,6,[ha.ma.nʌn],[ha.ma.nʌn]
범죄에 대해서,6,[pʌn.tʃwe.e.tɛ.hɛ.sʌ],[bʌn.tʃwe.e.dɛ.hɛ.sʌ]
하마터면 잊을 뻔,6,[ha.ma.tʰʌ.mjʌn.it̚.ɯl.p͈ʌn],[ha.ma.tʰʌ.mjʌn.it̚.ɯl.p͈ʌn]
곧 구조대를,6,[kot̚.ku.tʃo.tɛ.ɾɯl],[got̚.gu.dʒo.dɛ.ɾɯl]
하며 내,6,[ha.mjʌ.nɛ],[ha.mjʌ.nɛ]
하며 사는,6,[ha.mjʌ.sa.nɯn],[ha.mjʌ.sa.nɯn]
하며 시간을,6,[ha.mjʌ.si.kan.ɯl],[ha.mjʌ.si.gan.ɯl]
범죄와 싸우기로,6,[pʌn.tʃwe.wa.s͈a.u.ki.ɾo],[bʌn.tʃwe.wa.s͈a.u.gi.ɾo]
내 시녀가,6,[nɛ.si.njʌ.ka],[nɛ.si.njʌ.ga]
곧 그것은 진짜,6,[kot̚.kɯ.kʌt̚.ɯn.tʃin.tʃ͈a],[got̚.gɯ.gʌt̚.ɯn.dʒin.tʃ͈a]
범죄와 싸우며 나와,6,[pʌn.tʃwe.wa.s͈a.u.mjʌ.na.wa],[bʌn.tʃwe.wa.s͈a.u.mjʌ.na.wa]
하면 감옥에,6,[ha.mjʌŋ.kam.ok̚.e],[ha.mjʌn.gam.ok̚.e]
하면 거기,6,[ha.mjʌŋ.kʌ.ki],[ha.mjʌn.gʌ.gi]
범죄와의 전쟁,6,[pʌn.tʃwe.wa.ɯi.tʃʌn.tʃɛŋ],[bʌn.tʃwe.wa.ɯi.dʒʌn.tʃɛŋ]
범죄와 싸우며 나와 같은,6,[pʌn.tʃwe.wa.s͈a.u.mjʌ.na.wa.kat̚.ɯn],[bʌn.tʃwe.wa.s͈a.u.mjʌ.na.wa.gat̚.ɯn]
범죄와의 전쟁은,6,[pʌn.tʃwe.wa.ɯi.tʃʌn.tʃɛŋ.ɯn],[bʌn.tʃwe.wa.ɯi.dʒʌn.tʃɛŋ.ɯn]
관련 있단,6,[kwal.ljʌn.it̚.tan],[gwal.ljʌn.it̚.tan]
곧 그것은 진짜 직업으로,6,[kot̚.kɯ.kʌt̚.ɯn.tʃin.tʃ͈a.tʃik̚.ʌp̚.ɯ.ɾo],[got̚.gɯ.gʌt̚.ɯn.dʒin.tʃ͈a.dʒik̚.ʌp̚.ɯ.ɾo]
하면 그가,6,[ha.mjʌŋ.kɯ.ka],[ha.mjʌn.gɯ.ga]
곧 그것을,6,[kot̚.kɯ.kʌt̚.ɯl],[got̚.gɯ.gʌt̚.ɯl]
하면 그걸로,6,[ha.mjʌŋ.kɯ.kʌl.ɾo],[ha.mjʌn.gɯ.gʌl.ɾo]
범죄인 인도조약 폐기건에,6,[pʌn.tʃwe.in.in.to.tʃo.jak̚.pʰje.ki.kʌn.e],[bʌn.tʃwe.in.in.to.dʒo.jak̚.pʰje.gi.gʌn.e]
범죄인 인도가,6,[pʌn.tʃwe.in.in.to.ka],[bʌn.tʃwe.in.in.to.ga]
하면 그래,6,[ha.mjʌŋ.kɯ.ɾɛ],[ha.mjʌn.gɯ.ɾɛ]
범죄자 아니야,6,[pʌn.tʃwe.tʃa.a.ni.ja],[bʌn.tʃwe.dʒa.a.ni.ja]
내 시야가,6,[nɛ.si.ja.ka],[nɛ.si.ja.ga]
헬멧 카메라,6,[hel.met̚.kʰa.me.ɾa],[hel.met̚.kʰa.me.ɾa]
하면 끝이에요,6,[ha.mjʌŋ.k͈ɯt̚.i.e.jo],[ha.mjʌŋ.k͈ɯt̚.i.e.jo]
하면 나도 괜찮아요,6,[ha.mjʌn.na.to.kwɛn.tʃʰan.a.jo],[ha.mjʌn.na.do.gwɛn.tʃʰan.a.jo]
하면 나도 할게,6,[ha.mjʌn.na.to.hal.ke],[ha.mjʌn.na.do.hal.ke]
범죄자가 되고,6,[pʌn.tʃwe.tʃa.ka.twe.ko],[bʌn.tʃwe.dʒa.ga.dwe.go]
범죄자가 된,6,[pʌn.tʃwe.tʃa.ka.twen],[bʌn.tʃwe.dʒa.ga.dwen]
곧 그들은,6,[kot̚.kɯ.tɯl.ɯn],[got̚.gɯ.dɯl.ɯn]
범죄자가 아닌,6,[pʌn.tʃwe.tʃa.ka.a.nin],[bʌn.tʃwe.dʒa.ga.a.nin]
내 시중을,6,[nɛ.si.tʃuŋ.ɯl],[nɛ.si.dʒuŋ.ɯl]
하면 내가 해,6,[ha.mjʌn.nɛ.ka.hɛ],[ha.mjʌn.nɛ.ga.hɛ]
Bling Bling,6,,
범죄자라고 확신한다,6,[pʌn.tʃwe.tʃa.ɾa.ko.hwak̚.sin.han.ta],[bʌn.tʃwe.dʒa.ɾa.go.hwak̚.sin.han.ta]
하면 너희,6,[ha.mjʌn.nʌ.hɯi],[ha.mjʌn.nʌ.hɯi]
same place,6,,
하면 네 기분이,6,[ha.mjʌn.ne.ki.pun.i],[ha.mjʌn.ne.gi.bun.i]
범죄자들을 위한,6,[pʌn.tʃwe.tʃa.tɯl.ɯl.wi.han],[bʌn.tʃwe.dʒa.dɯl.ɯl.wi.han]
하면 놈을,6,[ha.mjʌn.nom.ɯl],[ha.mjʌn.nom.ɯl]
over every,6,,
하면 누군가,6,[ha.mjʌn.nu.kuŋ.ka],[ha.mjʌn.nu.guŋ.ka]
범프 범프,6,[pʌm.pʰɯ.pʌm.pʰɯ],[bʌm.pʰɯ.bʌm.pʰɯ]
곧 그럴 것이다,6,[kot̚.kɯ.ɾʌl.kʌt̚.i.ta],[got̚.gɯ.ɾʌl.gʌt̚.i.da]
범행 과정을,6,[pʌm.hɛŋ.kwa.tʃʌŋ.ɯl],[bʌm.hɛŋ.gwa.dʒʌŋ.ɯl]
내 식탁에,6,[nɛ.sik̚.tʰak̚.e],[nɛ.sik̚.tʰak̚.e]
하면 당신과,6,[ha.mjʌn.taŋ.siŋ.kwa],[ha.mjʌn.daŋ.siŋ.kwa]
범행 대상이,6,[pʌm.hɛŋ.tɛ.saŋ.i],[bʌm.hɛŋ.dɛ.saŋ.i]
범행 도구,6,[pʌm.hɛŋ.to.ku],[bʌm.hɛŋ.do.gu]
하면 당장,6,[ha.mjʌn.taŋ.tʃaŋ],[ha.mjʌn.daŋ.dʒaŋ]
범행 동기,6,[pʌm.hɛŋ.toŋ.ki],[bʌm.hɛŋ.doŋ.gi]
하면 더는,6,[ha.mjʌn.tʌ.nɯn],[ha.mjʌn.dʌ.nɯn]
곧 그럴거야,6,[kot̚.kɯ.ɾʌl.kʌ.ja],[got̚.gɯ.ɾʌl.kʌ.ja]
하면 도와줄 거라고,6,[ha.mjʌn.to.wa.tʃul.kʌ.ɾa.ko],[ha.mjʌn.do.wa.dʒul.gʌ.ɾa.go]
하면 돼 그러면,6,[ha.mjʌn.twɛ.kɯ.ɾʌ.mjʌn],[ha.mjʌn.dwɛ.gɯ.ɾʌ.mjʌn]
하면 돼 날,6,[ha.mjʌn.twɛ.nal],[ha.mjʌn.dwɛ.nal]
하면 돼 네가,6,[ha.mjʌn.twɛ.ne.ka],[ha.mjʌn.dwɛ.ne.ga]
곧 그렇게 될 거예요,6,[kot̚.kɯ.ɾʌt̚.ke.twel.kʌ.je.jo],[got̚.gɯ.ɾʌt̚.ke.dwel.gʌ.je.jo]
하면 돼 마음을,6,[ha.mjʌn.twɛ.ma.ɯm.ɯl],[ha.mjʌn.dwɛ.ma.ɯm.ɯl]
곧 그렇게 될 겁니다,6,[kot̚.kɯ.ɾʌt̚.ke.twel.kʌp̚.ni.ta],[got̚.gɯ.ɾʌt̚.ke.dwel.gʌp̚.ni.da]
하면 돼 우리,6,[ha.mjʌn.twɛ.u.ɾi],[ha.mjʌn.dwɛ.u.ɾi]
곧 그렇게 될 것이다,6,[kot̚.kɯ.ɾʌt̚.ke.twel.kʌt̚.i.ta],[got̚.gɯ.ɾʌt̚.ke.dwel.gʌt̚.i.da]
back on your,6,,
봤을 거고,6,[pwat̚.ɯl.kʌ.ko],[bwat̚.ɯl.gʌ.go]
내가 사랑하는 사람들은,6,[nɛ.ka.sa.ɾaŋ.ha.nɯn.sa.ɾan.tɯl.ɯn],[nɛ.ga.sa.ɾaŋ.ha.nɯn.sa.ɾan.tɯl.ɯn]
범행 시각에,6,[pʌm.hɛŋ.si.kak̚.e],[bʌm.hɛŋ.si.gak̚.e]
곧 그렇게 될거야,6,[kot̚.kɯ.ɾʌt̚.ke.twel.kʌ.ja],[got̚.gɯ.ɾʌt̚.ke.dwel.kʌ.ja]
하면 돼요 그럼,6,[ha.mjʌn.twɛ.jo.kɯ.ɾʌm],[ha.mjʌn.dwɛ.jo.gɯ.ɾʌm]
하면 돼죠,6,[ha.mjʌn.twɛ.tʃjo],[ha.mjʌn.dwɛ.dʒjo]
내 신발로,6,[nɛ.sim.pal.ɾo],[nɛ.sim.pal.ɾo]
back once,6,,
범행 장소를,6,[pʌm.hɛŋ.tʃaŋ.so.ɾɯl],[bʌm.hɛŋ.dʒaŋ.so.ɾɯl]
범행에 사용한,6,[pʌm.hɛŋ.e.sa.joŋ.han],[bʌm.hɛŋ.e.sa.joŋ.han]
혀 봐,6,[hjʌ.pwa],[hjʌ.bwa]
범행을 자백했습니다,6,[pʌm.hɛŋ.ɯl.tʃa.pɛk̚.hɛt̚.sɯp̚.ni.ta],[bʌm.hɛŋ.ɯl.dʒa.bɛk̚.hɛt̚.sɯp̚.ni.da]
하면 되는 줄,6,[ha.mjʌn.twe.nɯn.tʃul],[ha.mjʌn.dwe.nɯn.dʒul]
하면 되는 게,6,[ha.mjʌn.twe.nɯŋ.ke],[ha.mjʌn.dwe.nɯn.ge]
범행을 저질렀을,6,[pʌm.hɛŋ.ɯl.tʃʌ.tʃil.ɾʌt̚.ɯl],[bʌm.hɛŋ.ɯl.dʒʌ.dʒil.ɾʌt̚.ɯl]
법 가르쳐 줄게,6,[pʌp̚.ka.ɾɯ.tʃʰjʌ.tʃul.ke],[bʌp̚.ga.ɾɯ.tʃʰjʌ.dʒul.ke]
곧 글렌브룩,6,[kot̚.kɯl.ɾem.pɯ.ɾuk̚],[got̚.gɯl.ɾem.pɯ.ɾuk̚]
헷갈릴 수도,6,[het̚.kal.ɾil.su.to],[het̚.kal.ɾil.su.do]
하면 되지 왜,6,[ha.mjʌn.twe.tʃi.wɛ],[ha.mjʌn.dwe.dʒi.wɛ]
법 가르치고,6,[pʌp̚.ka.ɾɯ.tʃʰi.ko],[bʌp̚.ga.ɾɯ.tʃʰi.go]
하면 된단다,6,[ha.mjʌn.twen.tan.ta],[ha.mjʌn.dwen.tan.ta]
법 가르친,6,[pʌp̚.ka.ɾɯ.tʃʰin],[bʌp̚.ga.ɾɯ.tʃʰin]
하면 될 거 아니야,6,[ha.mjʌn.twel.kʌ.a.ni.ja],[ha.mjʌn.dwel.gʌ.a.ni.ja]
하면 될 것 같아,6,[ha.mjʌn.twel.kʌt̚.kat̚.a],[ha.mjʌn.dwel.gʌt̚.gat̚.a]
곧 글렌브룩 역에 도착합니다,6,[kot̚.kɯl.ɾem.pɯ.ɾuk̚.jʌk̚.e.to.tʃʰak̚.hap̚.ni.ta],[got̚.gɯl.ɾem.pɯ.ɾuk̚.jʌk̚.e.do.tʃʰak̚.hap̚.ni.da]
법 그리고,6,[pʌp̚.kɯ.ɾi.ko],[bʌp̚.gɯ.ɾi.go]
감옥에 갇혔어요,6,[kam.ok̚.e.kat̚.hjʌt̚.ʌ.jo],[gam.ok̚.e.gat̚.hjʌt̚.ʌ.jo]
곧 글렌브룩 역에,6,[kot̚.kɯl.ɾem.pɯ.ɾuk̚.jʌk̚.e],[got̚.gɯl.ɾem.pɯ.ɾuk̚.jʌk̚.e]
법 대신 미신으로,6,[pʌp̚.tɛ.sin.mi.sin.ɯ.ɾo],[bʌp̚.dɛ.sin.mi.sin.ɯ.ɾo]
법 대신,6,[pʌp̚.tɛ.sin],[bʌp̚.dɛ.sin]
하면 말 안,6,[ha.mjʌn.mal.an],[ha.mjʌn.mal.an]
법 뒤에,6,[pʌp̚.twi.e],[bʌp̚.dwi.e]
법 대신 미신으로 통치하려던,6,[pʌp̚.tɛ.sin.mi.sin.ɯ.ɾo.tʰoŋ.tʃʰi.ha.ɾjʌ.tʌn],[bʌp̚.dɛ.sin.mi.sin.ɯ.ɾo.tʰoŋ.tʃʰi.ha.ɾjʌ.dʌn]
법 몰라,6,[pʌp̚.mol.ɾa],[bʌp̚.mol.ɾa]
내 신용카드를,6,[nɛ.sin.joŋ.kʰa.tɯ.ɾɯl],[nɛ.sin.joŋ.kʰa.dɯ.ɾɯl]
감옥에 갇혔을,6,[kam.ok̚.e.kat̚.hjʌt̚.ɯl],[gam.ok̚.e.gat̚.hjʌt̚.ɯl]
법 아니,6,[pʌp̚.a.ni],[bʌp̚.a.ni]
법 아는 사람,6,[pʌp̚.a.nɯn.sa.ɾam],[bʌp̚.a.nɯn.sa.ɾam]
내 신은,6,[nɛ.sin.ɯn],[nɛ.sin.ɯn]
곧 깨달을,6,[kot̚.k͈ɛ.tal.ɯl],[got̚.k͈ɛ.dal.ɯl]
내 신장,6,[nɛ.sin.tʃaŋ],[nɛ.sin.tʃaŋ]
내 신조야,6,[nɛ.sin.tʃo.ja],[nɛ.sin.tʃo.ja]
내 신하다,6,[nɛ.sin.ha.ta],[nɛ.sin.ha.da]
법 앞에서,6,[pʌp̚.ap̚.e.sʌ],[bʌp̚.ap̚.e.sʌ]
혁명가라고 여기더군 그대 경험에,6,[hjʌk̚.mjʌŋ.ka.ɾa.ko.jʌ.ki.tʌ.kuŋ.kɯ.tɛ.kjʌŋ.hʌm.e],[hjʌk̚.mjʌŋ.ga.ɾa.go.jʌ.gi.dʌ.gun.gɯ.dɛ.gjʌŋ.hʌm.e]
봤을 때 범인은,6,[pwat̚.ɯl.t͈ɛ.pʌm.in.ɯn],[bwat̚.ɯl.t͈ɛ.bʌm.in.ɯn]
하면 빨리,6,[ha.mjʌm.p͈al.ɾi],[ha.mjʌm.p͈al.ɾi]
하면 분명히,6,[ha.mjʌm.pun.mjʌŋ.hi],[ha.mjʌn.bun.mjʌŋ.hi]
내 신호 기다려,6,[nɛ.sin.ho.ki.ta.ɾjʌ],[nɛ.sin.ho.gi.da.ɾjʌ]
하면 새,6,[ha.mjʌn.sɛ],[ha.mjʌn.sɛ]
법 정도는,6,[pʌp̚.tʃʌŋ.to.nɯn],[bʌp̚.dʒʌŋ.do.nɯn]
하면 설명이,6,[ha.mjʌn.sʌl.mjʌŋ.i],[ha.mjʌn.sʌl.mjʌŋ.i]
이런 비극은,6,[i.ɾʌm.pi.kɯk̚.ɯn],[i.ɾʌn.bi.gɯk̚.ɯn]
하면 속이,6,[ha.mjʌn.sok̚.i],[ha.mjʌn.sok̚.i]
법 정의 실현,6,[pʌp̚.tʃʌŋ.ɯi.sil.hjʌn],[bʌp̚.dʒʌŋ.ɯi.sil.hjʌn]
하면 시간이,6,[ha.mjʌn.si.kan.i],[ha.mjʌn.si.gan.i]
over her,6,,
하면 아니면,6,[ha.mjʌn.a.ni.mjʌn],[ha.mjʌn.a.ni.mjʌn]
하면 아무것도,6,[ha.mjʌn.a.mu.kʌt̚.to],[ha.mjʌn.a.mu.gʌt̚.to]
하면 아무도 못,6,[ha.mjʌn.a.mu.to.mot̚],[ha.mjʌn.a.mu.do.mot̚]
법 집행 기관에,6,[pʌp̚.tʃip̚.hɛŋ.ki.kwan.e],[bʌp̚.dʒip̚.hɛŋ.gi.gwan.e]
내 신호에 따라라,6,[nɛ.sin.ho.e.t͈a.ɾa.ɾa],[nɛ.sin.ho.e.t͈a.ɾa.ɾa]
하면 아예,6,[ha.mjʌn.a.je],[ha.mjʌn.a.je]
법 집행 기관이,6,[pʌp̚.tʃip̚.hɛŋ.ki.kwan.i],[bʌp̚.dʒip̚.hɛŋ.gi.gwan.i]
No relight,6,,
봤을 때 정말,6,[pwat̚.ɯl.t͈ɛ.tʃʌŋ.mal],[bwat̚.ɯl.t͈ɛ.dʒʌŋ.mal]
하면 안 되겠어,6,[ha.mjʌn.an.twe.ket̚.ʌ],[ha.mjʌn.an.dwe.get̚.ʌ]
법'' 스티븐 페트라넥,6,[pʌp̚.sɯ.tʰi.pɯm.pʰe.tʰɯ.ɾa.nek̚],[bʌp̚.sɯ.tʰi.bɯm.pʰe.tʰɯ.ɾa.nek̚]
법과 도덕의,6,[pʌp̚.kwa.to.tʌk̚.ɯi],[bʌp̚.kwa.do.dʌk̚.ɯi]
법'' 스티븐,6,[pʌp̚.sɯ.tʰi.pɯn],[bʌp̚.sɯ.tʰi.bɯn]
법과 도덕의 벽에 갇혀,6,[pʌp̚.kwa.to.tʌk̚.ɯi.pjʌk̚.e.kat̚.hjʌ],[bʌp̚.kwa.do.dʌk̚.ɯi.bjʌk̚.e.gat̚.hjʌ]
법과 도덕의 벽에,6,[pʌp̚.kwa.to.tʌk̚.ɯi.pjʌk̚.e],[bʌp̚.kwa.do.dʌk̚.ɯi.bjʌk̚.e]
곧 끝난다,6,[kot̚.k͈ɯt̚.nan.ta],[got̚.k͈ɯt̚.nan.ta]
하면 안돼지,6,[ha.mjʌn.an.twɛ.tʃi],[ha.mjʌn.an.twɛ.dʒi]
over him,6,,
내 실수라고,6,[nɛ.sil.su.ɾa.ko],[nɛ.sil.su.ɾa.go]
현관문 앞에,6,[hjʌŋ.kwan.mun.ap̚.e],[hjʌŋ.kwan.mun.ap̚.e]
하면 안됩니다,6,[ha.mjʌn.an.twep̚.ni.ta],[ha.mjʌn.an.twep̚.ni.da]
하면 앞으로,6,[ha.mjʌn.ap̚.ɯ.ɾo],[ha.mjʌn.ap̚.ɯ.ɾo]
하면 안된다는,6,[ha.mjʌn.an.twen.ta.nɯn],[ha.mjʌn.an.twen.ta.nɯn]
하면 어디든,6,[ha.mjʌn.ʌ.ti.tɯn],[ha.mjʌn.ʌ.di.dɯn]
법도 배워야,6,[pʌp̚.to.pɛ.wʌ.ja],[bʌp̚.to.bɛ.wʌ.ja]
법도 안,6,[pʌp̚.to.an],[bʌp̚.to.an]
내 실수에,6,[nɛ.sil.su.e],[nɛ.sil.su.e]
법도 알아,6,[pʌp̚.to.al.a],[bʌp̚.to.al.a]
하면 어떻게든,6,[ha.mjʌn.ʌ.t͈ʌt̚.ke.tɯn],[ha.mjʌn.ʌ.t͈ʌt̚.ke.dɯn]
법도 없지,6,[pʌp̚.to.ʌp̚.tʃi],[bʌp̚.to.ʌp̚.tʃi]
하면 어쩌나,6,[ha.mjʌn.ʌ.tʃ͈ʌ.na],[ha.mjʌn.ʌ.tʃ͈ʌ.na]
법도 없죠,6,[pʌp̚.to.ʌp̚.tʃjo],[bʌp̚.to.ʌp̚.tʃjo]
내 실수에요,6,[nɛ.sil.su.e.jo],[nɛ.sil.su.e.jo]
법도 잘,6,[pʌp̚.to.tʃal],[bʌp̚.to.dʒal]
관련 증거는,6,[kwal.ljʌn.tʃɯŋ.kʌ.nɯn],[gwal.ljʌn.dʒɯŋ.gʌ.nɯn]
현금 만,6,[hjʌŋ.kɯm.man],[hjʌŋ.kɯm.man]
over in,6,,
법률 보조,6,[pʌp̚.ɾjul.po.tʃo],[bʌp̚.ɾjul.bo.dʒo]
하면 엄마를,6,[ha.mjʌn.ʌm.ma.ɾɯl],[ha.mjʌn.ʌm.ma.ɾɯl]
법률 사무소를,6,[pʌp̚.ɾjul.sa.mu.so.ɾɯl],[bʌp̚.ɾjul.sa.mu.so.ɾɯl]
현금 영수증,6,[hjʌŋ.kɯm.jʌŋ.su.tʃɯŋ],[hjʌŋ.kɯm.jʌŋ.su.dʒɯŋ]
내 실험실,6,[nɛ.sil.hʌm.sil],[nɛ.sil.hʌm.sil]
하면 영원히,6,[ha.mjʌn.jʌŋ.wʌn.hi],[ha.mjʌn.jʌŋ.wʌn.hi]
하면 오히려,6,[ha.mjʌn.o.hi.ɾjʌ],[ha.mjʌn.o.hi.ɾjʌ]
하면 완전,6,[ha.mjʌn.wan.tʃʌn],[ha.mjʌn.wan.tʃʌn]
법률 위반,6,[pʌp̚.ɾjul.wi.pan],[bʌp̚.ɾjul.wi.ban]
하면 우리의,6,[ha.mjʌn.u.ɾi.ɯi],[ha.mjʌn.u.ɾi.ɯi]
현금 한,6,[hjʌŋ.kɯm.han],[hjʌŋ.kɯm.han]
하면 운이,6,[ha.mjʌn.un.i],[ha.mjʌn.un.i]
봤어요 절,6,[pwat̚.ʌ.jo.tʃʌl],[bwat̚.ʌ.jo.dʒʌl]
현 시점에서,6,[hjʌn.si.tʃʌm.e.sʌ],[hjʌn.si.dʒʌm.e.sʌ]
현금 지불,6,[hjʌŋ.kɯn.tʃi.pul],[hjʌŋ.kɯm.dʒi.bul]
법률에 따라,6,[pʌp̚.ɾjul.e.t͈a.ɾa],[bʌp̚.ɾjul.e.t͈a.ɾa]
내 심기,6,[nɛ.sim.ki],[nɛ.sim.ki]
하면 이게,6,[ha.mjʌn.i.ke],[ha.mjʌn.i.ge]
법망을 피할,6,[pʌp̚.maŋ.ɯl.pʰi.hal],[bʌp̚.maŋ.ɯl.pʰi.hal]
곧 나,6,[kot̚.na],[got̚.na]
하면 입,6,[ha.mjʌn.ip̚],[ha.mjʌn.ip̚]
하면 자신을,6,[ha.mjʌn.tʃa.sin.ɯl],[ha.mjʌn.dʒa.sin.ɯl]
법무부 장관에게,6,[pʌp̚.mu.pu.tʃaŋ.kwan.e.ke],[bʌp̚.mu.bu.dʒaŋ.gwan.e.ge]
법무부 장관님이,6,[pʌp̚.mu.pu.tʃaŋ.kwan.nim.i],[bʌp̚.mu.bu.dʒaŋ.gwan.nim.i]
법무부 장관은,6,[pʌp̚.mu.pu.tʃaŋ.kwan.ɯn],[bʌp̚.mu.bu.dʒaŋ.gwan.ɯn]
하면 절대 못,6,[ha.mjʌn.tʃʌl.tɛ.mot̚],[ha.mjʌn.dʒʌl.tɛ.mot̚]
법부터 배워,6,[pʌp̚.pu.tʰʌ.pɛ.wʌ],[bʌp̚.pu.tʰʌ.bɛ.wʌ]
하면 정신,6,[ha.mjʌn.tʃʌŋ.sin],[ha.mjʌn.dʒʌŋ.sin]
하면 제일,6,[ha.mjʌn.tʃe.il],[ha.mjʌn.dʒe.il]
곧 나갈 수,6,[kot̚.na.kal.su],[got̚.na.gal.su]
하면 좋겠니,6,[ha.mjʌn.tʃot̚.ket̚.ni],[ha.mjʌn.dʒot̚.ket̚.ni]
하면 좋겠소,6,[ha.mjʌn.tʃot̚.ket̚.so],[ha.mjʌn.dʒot̚.ket̚.so]
법안에 찬성하는,6,[pʌp̚.an.e.tʃʰan.sʌŋ.ha.nɯn],[bʌp̚.an.e.tʃʰan.sʌŋ.ha.nɯn]
법안을 마련해 오라,6,[pʌp̚.an.ɯl.ma.ɾjʌn.hɛ.o.ɾa],[bʌp̚.an.ɯl.ma.ɾjʌn.hɛ.o.ɾa]
법안을 마련해,6,[pʌp̚.an.ɯl.ma.ɾjʌn.hɛ],[bʌp̚.an.ɯl.ma.ɾjʌn.hɛ]
법안에 반대하는,6,[pʌp̚.an.e.pan.tɛ.ha.nɯn],[bʌp̚.an.e.ban.tɛ.ha.nɯn]
법안을 지지할,6,[pʌp̚.an.ɯl.tʃi.tʃi.hal],[bʌp̚.an.ɯl.dʒi.dʒi.hal]
법안이 통과되지,6,[pʌp̚.an.i.tʰoŋ.kwa.twe.tʃi],[bʌp̚.an.i.tʰoŋ.gwa.dwe.dʒi]
내 심정이야,6,[nɛ.sin.tʃʌŋ.i.ja],[nɛ.sin.tʃʌŋ.i.ja]
현금이 많이,6,[hjʌŋ.kɯm.i.man.i],[hjʌŋ.kɯm.i.man.i]
내가 사적인,6,[nɛ.ka.sa.tʃʌk̚.in],[nɛ.ga.sa.dʒʌk̚.in]
하면 죽여버릴,6,[ha.mjʌn.tʃuk̚.jʌ.pʌ.ɾil],[ha.mjʌn.dʒuk̚.jʌ.bʌ.ɾil]
하면 지금 돌아가리라,6,[ha.mjʌn.tʃi.kɯn.tol.a.ka.ɾi.ɾa],[ha.mjʌn.dʒi.gɯm.dol.a.ga.ɾi.ɾa]
하면 즉시,6,[ha.mjʌn.tʃɯk̚.si],[ha.mjʌn.dʒɯk̚.si]
법에 따른,6,[pʌp̚.e.t͈a.ɾɯn],[bʌp̚.e.t͈a.ɾɯn]
현기증이 날,6,[hjʌŋ.ki.tʃɯŋ.i.nal],[hjʌŋ.ki.dʒɯŋ.i.nal]
하면 햄버거로,6,[ha.mjʌn.hɛm.pʌ.kʌ.ɾo],[ha.mjʌn.hɛm.pʌ.gʌ.ɾo]
봤자 네가,6,[pwat̚.tʃa.ne.ka],[bwat̚.tʃa.ne.ga]
하면 햄버거로 때우게 돼,6,[ha.mjʌn.hɛm.pʌ.kʌ.ɾo.t͈ɛ.u.ke.twɛ],[ha.mjʌn.hɛm.pʌ.gʌ.ɾo.t͈ɛ.u.ge.dwɛ]
하면 화를,6,[ha.mjʌn.hwa.ɾɯl],[ha.mjʌn.hwa.ɾɯl]
법원 가야,6,[pʌp̚.wʌŋ.ka.ja],[bʌp̚.wʌn.ga.ja]
하면 확실히,6,[ha.mjʌn.hwak̚.sil.hi],[ha.mjʌn.hwak̚.sil.hi]
Did I ever,6,,
내 쓰레기통을,6,[nɛ.s͈ɯ.ɾe.ki.tʰoŋ.ɯl],[nɛ.s͈ɯ.ɾe.gi.tʰoŋ.ɯl]
No time to,6,,
내 씨를,6,[nɛ.s͈i.ɾɯl],[nɛ.s͈i.ɾɯl]
하면서 네가,6,[ha.mjʌn.sʌ.ne.ka],[ha.mjʌn.sʌ.ne.ga]
감옥에 갈 수도 있다,6,[kam.ok̚.e.kal.su.to.it̚.ta],[gam.ok̚.e.gal.su.do.it̚.ta]
하면서 룰이,6,[ha.mjʌn.sʌ.ɾul.i],[ha.mjʌn.sʌ.ɾul.i]
하면서 동시에,6,[ha.mjʌn.sʌ.toŋ.si.e],[ha.mjʌn.sʌ.doŋ.si.e]
관련도 없는,6,[kwal.ljʌn.to.ʌp̚.nɯn],[gwal.ljʌn.to.ʌp̚.nɯn]
하면서 룰이 공정하지,6,[ha.mjʌn.sʌ.ɾul.i.koŋ.tʃʌŋ.ha.tʃi],[ha.mjʌn.sʌ.ɾul.i.goŋ.dʒʌŋ.ha.dʒi]
하면서 룰이 공정하지 않다,6,[ha.mjʌn.sʌ.ɾul.i.koŋ.tʃʌŋ.ha.tʃi.an.ta],[ha.mjʌn.sʌ.ɾul.i.goŋ.dʒʌŋ.ha.dʒi.an.ta]
법원 판사,6,[pʌp̚.wʌm.pʰan.sa],[bʌp̚.wʌm.pʰan.sa]
내 아가들,6,[nɛ.a.ka.tɯl],[nɛ.a.ga.dɯl]
하면서 모른 척,6,[ha.mjʌn.sʌ.mo.ɾɯn.tʃʰʌk̚],[ha.mjʌn.sʌ.mo.ɾɯn.tʃʰʌk̚]
하면서 모른,6,[ha.mjʌn.sʌ.mo.ɾɯn],[ha.mjʌn.sʌ.mo.ɾɯn]
법원에 가야 해,6,[pʌp̚.wʌn.e.ka.ja.hɛ],[bʌp̚.wʌn.e.ga.ja.hɛ]
감옥에 갈 수도 있다고요,6,[kam.ok̚.e.kal.su.to.it̚.ta.ko.jo],[gam.ok̚.e.gal.su.do.it̚.ta.go.jo]
하면서 시간,6,[ha.mjʌn.sʌ.si.kan],[ha.mjʌn.sʌ.si.gan]
법원의 명령에 의해,6,[pʌp̚.wʌn.ɯi.mjʌŋ.ɾjʌŋ.e.ɯi.hɛ],[bʌp̚.wʌn.ɯi.mjʌŋ.ɾjʌŋ.e.ɯi.hɛ]
over on,6,,
법은 네가,6,[pʌp̚.ɯn.ne.ka],[bʌp̚.ɯn.ne.ga]
현령이 부임하신,6,[hjʌl.ljʌŋ.i.pu.im.ha.sin],[hjʌl.ljʌŋ.i.bu.im.ha.sin]
현령이 부임하신 기쁜 날이니,6,[hjʌl.ljʌŋ.i.pu.im.ha.siŋ.ki.p͈ɯn.nal.i.ni],[hjʌl.ljʌŋ.i.bu.im.ha.sin.gi.p͈ɯn.nal.i.ni]
하면서 자기,6,[ha.mjʌn.sʌ.tʃa.ki],[ha.mjʌn.sʌ.dʒa.gi]
법은 법이야,6,[pʌp̚.ɯm.pʌp̚.i.ja],[bʌp̚.ɯn.bʌp̚.i.ja]
현명하지 못합니다,6,[hjʌn.mjʌŋ.ha.tʃi.mot̚.hap̚.ni.ta],[hjʌn.mjʌŋ.ha.dʒi.mot̚.hap̚.ni.da]
하면서 제일,6,[ha.mjʌn.sʌ.tʃe.il],[ha.mjʌn.sʌ.dʒe.il]
법은 없습니다,6,[pʌp̚.ɯn.ʌp̚.sɯp̚.ni.ta],[bʌp̚.ɯn.ʌp̚.sɯp̚.ni.da]
하반신 마비가,6,[ha.pan.sin.ma.pi.ka],[ha.ban.sin.ma.bi.ga]
하버 도살자가 아니었다면,6,[ha.pʌ.to.sal.tʃa.ka.a.ni.ʌt̚.ta.mjʌn],[ha.bʌ.do.sal.tʃa.ga.a.ni.ʌt̚.ta.mjʌn]
하버드 너,6,[ha.pʌ.tɯ.nʌ],[ha.bʌ.dɯ.nʌ]
법을 가르쳐 주고,6,[pʌp̚.ɯl.ka.ɾɯ.tʃʰjʌ.tʃu.ko],[bʌp̚.ɯl.ga.ɾɯ.tʃʰjʌ.dʒu.go]
하비 내가,6,[ha.pi.nɛ.ka],[ha.bi.nɛ.ga]
내 아기예요,6,[nɛ.a.ki.je.jo],[nɛ.a.gi.je.jo]
법을 가르쳐 주었다,6,[pʌp̚.ɯl.ka.ɾɯ.tʃʰjʌ.tʃu.ʌt̚.ta],[bʌp̚.ɯl.ga.ɾɯ.tʃʰjʌ.dʒu.ʌt̚.ta]
하비 스펙터를 사랑합니까,6,[ha.pi.sɯ.pʰek̚.tʰʌ.ɾɯl.sa.ɾaŋ.hap̚.ni.k͈a],[ha.bi.sɯ.pʰek̚.tʰʌ.ɾɯl.sa.ɾaŋ.hap̚.ni.k͈a]
하비가 날,6,[ha.pi.ka.nal],[ha.bi.ga.nal]
하비가 그,6,[ha.pi.ka.kɯ],[ha.bi.ga.gɯ]
하비가 한,6,[ha.pi.ka.han],[ha.bi.ga.han]
내 아까운,6,[nɛ.a.k͈a.un],[nɛ.a.k͈a.un]
하비에르 페냐,6,[ha.pi.e.ɾɯ.pʰe.nja],[ha.bi.e.ɾɯ.pʰe.nja]
법을 가르쳐줄,6,[pʌp̚.ɯl.ka.ɾɯ.tʃʰjʌ.tʃul],[bʌp̚.ɯl.ga.ɾɯ.tʃʰjʌ.dʒul]
하사 김범래,6,[ha.sa.kim.pʌm.ɾɛ],[ha.sa.gim.pʌm.ɾɛ]
하비의 변호사 자격,6,[ha.pi.ɯi.pjʌn.ho.sa.tʃa.kjʌk̚],[ha.bi.ɯi.bjʌn.ho.sa.dʒa.gjʌk̚]
하산은 저를,6,[ha.san.ɯn.tʃʌ.ɾɯl],[ha.san.ɯn.dʒʌ.ɾɯl]
하산 아메드,6,[ha.san.a.me.tɯ],[ha.san.a.me.dɯ]
하선의 기침,6,[ha.sʌn.ɯi.ki.tʃʰim],[ha.sʌn.ɯi.gi.tʃʰim]
법을 가르치려는,6,[pʌp̚.ɯl.ka.ɾɯ.tʃʰi.ɾjʌ.nɯn],[bʌp̚.ɯl.ga.ɾɯ.tʃʰi.ɾjʌ.nɯn]
내 아내가 날,6,[nɛ.a.nɛ.ka.nal],[nɛ.a.nɛ.ga.nal]
현명한 선택이에요,6,[hjʌn.mjʌŋ.han.sʌn.tʰɛk̚.i.e.jo],[hjʌn.mjʌŋ.han.sʌn.tʰɛk̚.i.e.jo]
법을 가르칠 수,6,[pʌp̚.ɯl.ka.ɾɯ.tʃʰil.su],[bʌp̚.ɯl.ga.ɾɯ.tʃʰil.su]
내 아내가 되어,6,[nɛ.a.nɛ.ka.twe.ʌ],[nɛ.a.nɛ.ga.dwe.ʌ]
하선의 아파하는 신음,6,[ha.sʌn.ɯi.a.pʰa.ha.nɯn.sin.ɯm],[ha.sʌn.ɯi.a.pʰa.ha.nɯn.sin.ɯm]
over right,6,,
하선의 힘주는,6,[ha.sʌn.ɯi.hin.tʃu.nɯn],[ha.sʌn.ɯi.hin.tʃu.nɯn]
법을 따라야지,6,[pʌp̚.ɯl.t͈a.ɾa.ja.tʃi],[bʌp̚.ɯl.t͈a.ɾa.ja.dʒi]
하세가와 타츠오,6,[ha.se.ka.wa.tʰa.tʃʰɯ.o],[ha.se.ga.wa.tʰa.tʃʰɯ.o]
하세가와 선수,6,[ha.se.ka.wa.sʌn.su],[ha.se.ga.wa.sʌn.su]
법을 만드는 게,6,[pʌp̚.ɯl.man.tɯ.nɯŋ.ke],[bʌp̚.ɯl.man.tɯ.nɯn.ge]
감옥에 갈 줄,6,[kam.ok̚.e.kal.tʃul],[gam.ok̚.e.gal.dʒul]
하세요 그가,6,[ha.se.jo.kɯ.ka],[ha.se.jo.gɯ.ga]
하세요 곧,6,[ha.se.jo.kot̚],[ha.se.jo.got̚]
봤잖아 뭐,6,[pwat̚.tʃan.a.mwʌ],[bwat̚.tʃan.a.mwʌ]
하세요 그걸,6,[ha.se.jo.kɯ.kʌl],[ha.se.jo.gɯ.gʌl]
하세요 그건,6,[ha.se.jo.kɯ.kʌn],[ha.se.jo.gɯ.gʌn]
내 아내가 밖에 있어,6,[nɛ.a.nɛ.ka.pak̚.e.it̚.ʌ],[nɛ.a.nɛ.ga.bak̚.e.it̚.ʌ]
하세요 그럴,6,[ha.se.jo.kɯ.ɾʌl],[ha.se.jo.gɯ.ɾʌl]
법을 많이,6,[pʌp̚.ɯl.man.i],[bʌp̚.ɯl.man.i]
하세요 나,6,[ha.se.jo.na],[ha.se.jo.na]
법을 몰라서요,6,[pʌp̚.ɯl.mol.ɾa.sʌ.jo],[bʌp̚.ɯl.mol.ɾa.sʌ.jo]
현발의 멋쩍은,6,[hjʌm.pal.ɯi.mʌt̚.tʃ͈ʌk̚.ɯn],[hjʌm.pal.ɯi.mʌt̚.tʃ͈ʌk̚.ɯn]
하세요 너,6,[ha.se.jo.nʌ],[ha.se.jo.nʌ]
법을 바꾸는,6,[pʌp̚.ɯl.pa.k͈u.nɯn],[bʌp̚.ɯl.ba.k͈u.nɯn]
하세요 네가,6,[ha.se.jo.ne.ka],[ha.se.jo.ne.ga]
하세요 다들,6,[ha.se.jo.ta.tɯl],[ha.se.jo.da.dɯl]
하세요 또,6,[ha.se.jo.t͈o],[ha.se.jo.t͈o]
법을 배우길,6,[pʌp̚.ɯl.pɛ.u.kil],[bʌp̚.ɯl.bɛ.u.gil]
하세요 모든,6,[ha.se.jo.mo.tɯn],[ha.se.jo.mo.dɯn]
하세요 뭘,6,[ha.se.jo.mwʌl],[ha.se.jo.mwʌl]
곧 나한테,6,[kot̚.na.han.tʰe],[got̚.na.han.tʰe]
하세요 바로,6,[ha.se.jo.pa.ɾo],[ha.se.jo.ba.ɾo]
현상금을 두 배로,6,[hjʌn.saŋ.kɯm.ɯl.tu.pɛ.ɾo],[hjʌn.saŋ.gɯm.ɯl.du.bɛ.ɾo]
이런 속담도,6,[i.ɾʌn.sok̚.tan.to],[i.ɾʌn.sok̚.tan.to]
법을 배우며,6,[pʌp̚.ɯl.pɛ.u.mjʌ],[bʌp̚.ɯl.bɛ.u.mjʌ]
현상금 사냥꾼은,6,[hjʌn.saŋ.kɯm.sa.njaŋ.k͈un.ɯn],[hjʌn.saŋ.gɯm.sa.njaŋ.k͈un.ɯn]
하세요 아뇨,6,[ha.se.jo.a.njo],[ha.se.jo.a.njo]
곧 날이,6,[kot̚.nal.i],[got̚.nal.i]
하세요 아빠,6,[ha.se.jo.a.p͈a],[ha.se.jo.a.p͈a]
하세요 안녕하세요,6,[ha.se.jo.an.njʌŋ.ha.se.jo],[ha.se.jo.an.njʌŋ.ha.se.jo]
하세요 안녕,6,[ha.se.jo.an.njʌŋ],[ha.se.jo.an.njʌŋ]
법을 배운다면,6,[pʌp̚.ɯl.pɛ.un.ta.mjʌn],[bʌp̚.ɯl.bɛ.un.ta.mjʌn]
하세요 어차피,6,[ha.se.jo.ʌ.tʃʰa.pʰi],[ha.se.jo.ʌ.tʃʰa.pʰi]
하세요 엄마,6,[ha.se.jo.ʌm.ma],[ha.se.jo.ʌm.ma]
하세요 오,6,[ha.se.jo.o],[ha.se.jo.o]
법을 배워야겠네요,6,[pʌp̚.ɯl.pɛ.wʌ.ja.ket̚.ne.jo],[bʌp̚.ɯl.bɛ.wʌ.ja.get̚.ne.jo]
내가 살고 있는,6,[nɛ.ka.sal.ko.it̚.nɯn],[nɛ.ga.sal.ko.it̚.nɯn]
하세요 이미,6,[ha.se.jo.i.mi],[ha.se.jo.i.mi]
법을 배워야 해 긴,6,[pʌp̚.ɯl.pɛ.wʌ.ja.hɛ.kin],[bʌp̚.ɯl.bɛ.wʌ.ja.hɛ.gin]
하세요 자네,6,[ha.se.jo.tʃa.ne],[ha.se.jo.dʒa.ne]
감옥에 갔는데,6,[kam.ok̚.e.kat̚.nɯn.te],[gam.ok̚.e.gat̚.nɯn.te]
하세요 저기요,6,[ha.se.jo.tʃʌ.ki.jo],[ha.se.jo.dʒʌ.gi.jo]
하세요 저기,6,[ha.se.jo.tʃʌ.ki],[ha.se.jo.dʒʌ.gi]
법을 배워야만,6,[pʌp̚.ɯl.pɛ.wʌ.ja.man],[bʌp̚.ɯl.bɛ.wʌ.ja.man]
하세요 저도,6,[ha.se.jo.tʃʌ.to],[ha.se.jo.dʒʌ.do]
법을 배웠군,6,[pʌp̚.ɯl.pɛ.wʌt̚.kun],[bʌp̚.ɯl.bɛ.wʌt̚.kun]
하세요 좀,6,[ha.se.jo.tʃom],[ha.se.jo.dʒom]
하세요 죄송합니다,6,[ha.se.jo.tʃwe.soŋ.hap̚.ni.ta],[ha.se.jo.dʒwe.soŋ.hap̚.ni.da]
곧 내려올 거야,6,[kot̚.nɛ.ɾjʌ.ol.kʌ.ja],[got̚.nɛ.ɾjʌ.ol.gʌ.ja]
하세요 죄송해요,6,[ha.se.jo.tʃwe.soŋ.hɛ.jo],[ha.se.jo.dʒwe.soŋ.hɛ.jo]
감옥에 갔다고요,6,[kam.ok̚.e.kat̚.ta.ko.jo],[gam.ok̚.e.gat̚.ta.go.jo]
현명할 거야,6,[hjʌn.mjʌŋ.hal.kʌ.ja],[hjʌn.mjʌŋ.hal.gʌ.ja]
곧 내려올 거예요,6,[kot̚.nɛ.ɾjʌ.ol.kʌ.je.jo],[got̚.nɛ.ɾjʌ.ol.gʌ.je.jo]
현서의 옅은,6,[hjʌn.sʌ.ɯi.jʌt̚.ɯn],[hjʌn.sʌ.ɯi.jʌt̚.ɯn]
관련되어 있을,6,[kwal.ljʌn.twe.ʌ.it̚.ɯl],[gwal.ljʌn.twe.ʌ.it̚.ɯl]
하셔야 됩니다,6,[ha.sjʌ.ja.twep̚.ni.ta],[ha.sjʌ.ja.dwep̚.ni.da]
하셔야 합니다 하셔야,6,[ha.sjʌ.ja.hap̚.ni.ta.ha.sjʌ.ja],[ha.sjʌ.ja.hap̚.ni.da.ha.sjʌ.ja]
하셔야 합니다 하셔야 합니다,6,[ha.sjʌ.ja.hap̚.ni.ta.ha.sjʌ.ja.hap̚.ni.ta],[ha.sjʌ.ja.hap̚.ni.da.ha.sjʌ.ja.hap̚.ni.da]
하셨겠죠 그땐,6,[ha.sjʌt̚.ket̚.tʃjo.kɯ.t͈ɛn],[ha.sjʌt̚.ket̚.tʃjo.gɯ.t͈ɛn]
법을 알려준,6,[pʌp̚.ɯl.al.ɾjʌ.tʃun],[bʌp̚.ɯl.al.ɾjʌ.dʒun]
곧 너는,6,[kot̚.nʌ.nɯn],[got̚.nʌ.nɯn]
법을 알려줬어요,6,[pʌp̚.ɯl.al.ɾjʌ.tʃwʌt̚.ʌ.jo],[bʌp̚.ɯl.al.ɾjʌ.dʒwʌt̚.ʌ.jo]
내 아내와 아이들이,6,[nɛ.a.nɛ.wa.a.i.tɯl.i],[nɛ.a.nɛ.wa.a.i.dɯl.i]
하셨는데 그게,6,[ha.sjʌt̚.nɯn.te.kɯ.ke],[ha.sjʌt̚.nɯn.te.gɯ.ge]
법을 알려줬죠,6,[pʌp̚.ɯl.al.ɾjʌ.tʃwʌt̚.tʃjo],[bʌp̚.ɯl.al.ɾjʌ.dʒwʌt̚.tʃjo]
하셨다고 들었습니다,6,[ha.sjʌt̚.ta.ko.tɯl.ʌt̚.sɯp̚.ni.ta],[ha.sjʌt̚.ta.go.dɯl.ʌt̚.sɯp̚.ni.da]
법을 알아냈죠,6,[pʌp̚.ɯl.al.a.nɛt̚.tʃjo],[bʌp̚.ɯl.al.a.nɛt̚.tʃjo]
하셨던 것 같아요,6,[ha.sjʌt̚.tʌŋ.kʌt̚.kat̚.a.jo],[ha.sjʌt̚.tʌn.gʌt̚.gat̚.a.jo]
현수의 기침,6,[hjʌn.su.ɯi.ki.tʃʰim],[hjʌn.su.ɯi.gi.tʃʰim]
하셨던 말이,6,[ha.sjʌt̚.tʌn.mal.i],[ha.sjʌt̚.tʌn.mal.i]
내 아내인데,6,[nɛ.a.nɛ.in.te],[nɛ.a.nɛ.in.te]
곧 너희,6,[kot̚.nʌ.hɯi],[got̚.nʌ.hɯi]
하셨어 그리고,6,[ha.sjʌt̚.ʌ.kɯ.ɾi.ko],[ha.sjʌt̚.ʌ.gɯ.ɾi.go]
현수의 떨리는 숨소리,6,[hjʌn.su.ɯi.t͈ʌl.ɾi.nɯn.sum.so.ɾi],[hjʌn.su.ɯi.t͈ʌl.ɾi.nɯn.sum.so.ɾi]
하셨어 엄마가,6,[ha.sjʌt̚.ʌ.ʌm.ma.ka],[ha.sjʌt̚.ʌ.ʌm.ma.ga]
하셨어요 그럼,6,[ha.sjʌt̚.ʌ.jo.kɯ.ɾʌm],[ha.sjʌt̚.ʌ.jo.gɯ.ɾʌm]
하셨어요 그런데,6,[ha.sjʌt̚.ʌ.jo.kɯ.ɾʌn.te],[ha.sjʌt̚.ʌ.jo.gɯ.ɾʌn.te]
법을 어겼어요,6,[pʌp̚.ɯl.ʌ.kjʌt̚.ʌ.jo],[bʌp̚.ɯl.ʌ.gjʌt̚.ʌ.jo]
내 아내처럼,6,[nɛ.a.nɛ.tʃʰʌ.ɾʌm],[nɛ.a.nɛ.tʃʰʌ.ɾʌm]
현수의 힘겨운 숨소리,6,[hjʌn.su.ɯi.him.kjʌ.un.sum.so.ɾi],[hjʌn.su.ɯi.him.kjʌ.un.sum.so.ɾi]
하셨어요 왜,6,[ha.sjʌt̚.ʌ.jo.wɛ],[ha.sjʌt̚.ʌ.jo.wɛ]
곧 넌,6,[kot̚.nʌn],[got̚.nʌn]
하셨어요 제,6,[ha.sjʌt̚.ʌ.jo.tʃe],[ha.sjʌt̚.ʌ.jo.dʒe]
내 아는,6,[nɛ.a.nɯn],[nɛ.a.nɯn]
하셨을 일을,6,[ha.sjʌt̚.ɯl.il.ɯl],[ha.sjʌt̚.ɯl.il.ɯl]
법을 어긴 것도,6,[pʌp̚.ɯl.ʌ.kiŋ.kʌt̚.to],[bʌp̚.ɯl.ʌ.gin.gʌt̚.to]
내 아내한테서 떨어져,6,[nɛ.a.nɛ.han.tʰe.sʌ.t͈ʌl.ʌ.tʃjʌ],[nɛ.a.nɛ.han.tʰe.sʌ.t͈ʌl.ʌ.dʒjʌ]
내 아들 같은,6,[nɛ.a.tɯl.kat̚.ɯn],[nɛ.a.dɯl.gat̚.ɯn]
곧 놈들이,6,[kot̚.non.tɯl.i],[got̚.non.tɯl.i]
back to sleep,6,,
하셨잖아요 아니,6,[ha.sjʌt̚.tʃan.a.jo.a.ni],[ha.sjʌt̚.tʃan.a.jo.a.ni]
법을 전혀,6,[pʌp̚.ɯl.tʃʌn.hjʌ],[bʌp̚.ɯl.dʒʌn.hjʌ]
법을 잘 알고,6,[pʌp̚.ɯl.tʃal.al.ko],[bʌp̚.ɯl.dʒal.al.ko]
하셨잖아요 전,6,[ha.sjʌt̚.tʃan.a.jo.tʃʌn],[ha.sjʌt̚.tʃan.a.jo.dʒʌn]
내 아들 건드리지 마,6,[nɛ.a.tɯl.kʌn.tɯ.ɾi.tʃi.ma],[nɛ.a.dɯl.gʌn.tɯ.ɾi.dʒi.ma]
내 아들 내 아들,6,[nɛ.a.tɯl.lɛ.a.tɯl],[nɛ.a.dɯl.lɛ.a.dɯl]
하셨죠 그 양반이 그렇게,6,[ha.sjʌt̚.tʃjo.kɯ.jam.pan.i.kɯ.ɾʌt̚.ke],[ha.sjʌt̚.tʃjo.gɯ.jaŋ.ban.i.gɯ.ɾʌt̚.ke]
법을 지켜야,6,[pʌp̚.ɯl.tʃi.kʰjʌ.ja],[bʌp̚.ɯl.dʒi.kʰjʌ.ja]
내 아들 내놔,6,[nɛ.a.tɯl.lɛ.nwa],[nɛ.a.dɯl.lɛ.nwa]
하셨죠 그렇게,6,[ha.sjʌt̚.tʃjo.kɯ.ɾʌt̚.ke],[ha.sjʌt̚.tʃjo.gɯ.ɾʌt̚.ke]
내 아들 말이야,6,[nɛ.a.tɯl.mal.i.ja],[nɛ.a.dɯl.mal.i.ja]
하셨죠 우리가,6,[ha.sjʌt̚.tʃjo.u.ɾi.ka],[ha.sjʌt̚.tʃjo.u.ɾi.ga]
하셨죠 이제,6,[ha.sjʌt̚.tʃjo.i.tʃe],[ha.sjʌt̚.tʃjo.i.dʒe]
법의 심판대에,6,[pʌp̚.ɯi.sim.pʰan.tɛ.e],[bʌp̚.ɯi.sim.pʰan.tɛ.e]
하셨지 그,6,[ha.sjʌt̚.tʃi.kɯ],[ha.sjʌt̚.tʃi.gɯ]
내 아들 얘기를,6,[nɛ.a.tɯl.jɛ.ki.ɾɯl],[nɛ.a.dɯl.jɛ.gi.ɾɯl]
하셨지 그래서,6,[ha.sjʌt̚.tʃi.kɯ.ɾɛ.sʌ],[ha.sjʌt̚.tʃi.gɯ.ɾɛ.sʌ]
현실 자체를,6,[hjʌn.sil.tʃa.tʃʰe.ɾɯl],[hjʌn.sil.dʒa.tʃʰe.ɾɯl]
법의 이름으로,6,[pʌp̚.ɯi.i.ɾɯm.ɯ.ɾo],[bʌp̚.ɯi.i.ɾɯm.ɯ.ɾo]
관련된 거였어요,6,[kwal.ljʌn.tweŋ.kʌ.jʌt̚.ʌ.jo],[gwal.ljʌn.twen.gʌ.jʌt̚.ʌ.jo]
하수 처리,6,[ha.su.tʃʰʌ.ɾi],[ha.su.tʃʰʌ.ɾi]
하수관은 아버지가,6,[ha.su.kwan.ɯn.a.pʌ.tʃi.ka],[ha.su.gwan.ɯn.a.bʌ.dʒi.ga]
법의 테두리 안에서,6,[pʌp̚.ɯi.tʰe.tu.ɾi.an.e.sʌ],[bʌp̚.ɯi.tʰe.du.ɾi.an.e.sʌ]
하수관은 아버지가 만들지 않으셨죠,6,[ha.su.kwan.ɯn.a.pʌ.tʃi.ka.man.tɯl.tʃi.an.ɯ.sjʌt̚.tʃjo],[ha.su.gwan.ɯn.a.bʌ.dʒi.ga.man.tɯl.tʃi.an.ɯ.sjʌt̚.tʃjo]
하수도를 지으며 작업을,6,[ha.su.to.ɾɯl.tʃi.ɯ.mjʌ.tʃak̚.ʌp̚.ɯl],[ha.su.do.ɾɯl.dʒi.ɯ.mjʌ.dʒak̚.ʌp̚.ɯl]
법의 테두리를,6,[pʌp̚.ɯi.tʰe.tu.ɾi.ɾɯl],[bʌp̚.ɯi.tʰe.du.ɾi.ɾɯl]
over to the,6,,
하스 의원,6,[ha.sɯ.ɯi.wʌn],[ha.sɯ.ɯi.wʌn]
하시게 될,6,[ha.si.ke.twel],[ha.si.ge.dwel]
법의학 보고서,6,[pʌp̚.ɯi.hak̚.po.ko.sʌ],[bʌp̚.ɯi.hak̚.bo.go.sʌ]
법의학 검사,6,[pʌp̚.ɯi.hak̚.kʌm.sa],[bʌp̚.ɯi.hak̚.gʌm.sa]
법의관 사무소 촉탁의,6,[pʌp̚.ɯi.kwan.sa.mu.so.tʃʰok̚.tʰak̚.ɯi],[bʌp̚.ɯi.gwan.sa.mu.so.tʃʰok̚.tʰak̚.ɯi]
하시고 저는,6,[ha.si.ko.tʃʌ.nɯn],[ha.si.go.dʒʌ.nɯn]
내 아들 피터에게,6,[nɛ.a.tɯl.pʰi.tʰʌ.e.ke],[nɛ.a.dɯl.pʰi.tʰʌ.e.ge]
곧 다 끝날 거야,6,[kot̚.ta.k͈ɯt̚.nal.kʌ.ja],[got̚.da.k͈ɯt̚.nal.gʌ.ja]
법의학 조사가,6,[pʌp̚.ɯi.hak̚.tʃo.sa.ka],[bʌp̚.ɯi.hak̚.dʒo.sa.ga]
하시네요 그래,6,[ha.si.ne.jo.kɯ.ɾɛ],[ha.si.ne.jo.gɯ.ɾɛ]
내 아들 피터에게 인사,6,[nɛ.a.tɯl.pʰi.tʰʌ.e.ke.in.sa],[nɛ.a.dɯl.pʰi.tʰʌ.e.ge.in.sa]
하시는 거잖아요,6,[ha.si.nɯŋ.kʌ.tʃan.a.jo],[ha.si.nɯn.gʌ.dʒan.a.jo]
현실에 있는,6,[hjʌn.sil.e.it̚.nɯn],[hjʌn.sil.e.it̚.nɯn]
법의학적 증거에,6,[pʌp̚.ɯi.hak̚.tʃʌk̚.tʃɯŋ.kʌ.e],[bʌp̚.ɯi.hak̚.tʃʌk̚.dʒɯŋ.gʌ.e]
법이 그렇게,6,[pʌp̚.i.kɯ.ɾʌt̚.ke],[bʌp̚.i.gɯ.ɾʌt̚.ke]
현실로 만들기,6,[hjʌn.sil.ɾo.man.tɯl.ki],[hjʌn.sil.ɾo.man.tɯl.ki]
내 아들들에게,6,[nɛ.a.tɯl.tɯl.e.ke],[nɛ.a.dɯl.tɯl.e.ge]
현실은 달랐어요,6,[hjʌn.sil.ɯn.tal.ɾat̚.ʌ.jo],[hjʌn.sil.ɯn.dal.ɾat̚.ʌ.jo]
현실은 달랐어요 밀러는요,6,[hjʌn.sil.ɯn.tal.ɾat̚.ʌ.jo.mil.ɾʌ.nɯn.jo],[hjʌn.sil.ɯn.dal.ɾat̚.ʌ.jo.mil.ɾʌ.nɯn.jo]
하시는 게 좋을 것,6,[ha.si.nɯŋ.ke.tʃot̚.ɯl.kʌt̚],[ha.si.nɯn.ge.dʒot̚.ɯl.gʌt̚]
법이 없군,6,[pʌp̚.i.ʌp̚.kun],[bʌp̚.i.ʌp̚.kun]
하시는 지,6,[ha.si.nɯn.tʃi],[ha.si.nɯn.dʒi]
하시는 줄 알았어요,6,[ha.si.nɯn.tʃul.al.at̚.ʌ.jo],[ha.si.nɯn.dʒul.al.at̚.ʌ.jo]
하시는데 그,6,[ha.si.nɯn.te.kɯ],[ha.si.nɯn.te.gɯ]
법이 없어서,6,[pʌp̚.i.ʌp̚.ʌ.sʌ],[bʌp̚.i.ʌp̚.ʌ.sʌ]
법이 없다,6,[pʌp̚.i.ʌp̚.ta],[bʌp̚.i.ʌp̚.ta]
하시는지 모르겠는데요,6,[ha.si.nɯn.tʃi.mo.ɾɯ.ket̚.nɯn.te.jo],[ha.si.nɯn.tʃi.mo.ɾɯ.get̚.nɯn.te.jo]
법이 없었죠,6,[pʌp̚.i.ʌp̚.ʌt̚.tʃjo],[bʌp̚.i.ʌp̚.ʌt̚.tʃjo]
하시는지 잘,6,[ha.si.nɯn.tʃi.tʃal],[ha.si.nɯn.tʃi.dʒal]
하시든 간에,6,[ha.si.tɯŋ.kan.e],[ha.si.dɯn.gan.e]
법이 없잖아,6,[pʌp̚.i.ʌp̚.tʃan.a],[bʌp̚.i.ʌp̚.tʃan.a]
하시려고 하는데요,6,[ha.si.ɾjʌ.ko.ha.nɯn.te.jo],[ha.si.ɾjʌ.go.ha.nɯn.te.jo]
현실을 인정할,6,[hjʌn.sil.ɯl.in.tʃʌŋ.hal],[hjʌn.sil.ɯl.in.tʃʌŋ.hal]
법이 있다,6,[pʌp̚.i.it̚.ta],[bʌp̚.i.it̚.ta]
하시면 되잖아요,6,[ha.si.mjʌn.twe.tʃan.a.jo],[ha.si.mjʌn.dwe.dʒan.a.jo]
법이 있어,6,[pʌp̚.i.it̚.ʌ],[bʌp̚.i.it̚.ʌ]
하시면 안돼요,6,[ha.si.mjʌn.an.twɛ.jo],[ha.si.mjʌn.an.twɛ.jo]
하시오 내,6,[ha.si.o.nɛ],[ha.si.o.nɛ]
법이 있어요,6,[pʌp̚.i.it̚.ʌ.jo],[bʌp̚.i.it̚.ʌ.jo]
하시죠 제,6,[ha.si.tʃjo.tʃe],[ha.si.dʒjo.dʒe]
하시죠 지금,6,[ha.si.tʃjo.tʃi.kɯm],[ha.si.dʒjo.dʒi.gɯm]
내 아들은 못,6,[nɛ.a.tɯl.ɯn.mot̚],[nɛ.a.dɯl.ɯn.mot̚]
하시지 그랬어요,6,[ha.si.tʃi.kɯ.ɾɛt̚.ʌ.jo],[ha.si.dʒi.gɯ.ɾɛt̚.ʌ.jo]
내 아들은 어디 있어,6,[nɛ.a.tɯl.ɯn.ʌ.ti.it̚.ʌ],[nɛ.a.dɯl.ɯn.ʌ.di.it̚.ʌ]
하신 건 알지만,6,[ha.siŋ.kʌn.al.tʃi.man],[ha.sin.gʌn.al.tʃi.man]
뵈니 정말,6,[pwe.ni.tʃʌŋ.mal],[bwe.ni.dʒʌŋ.mal]
내 아들은 절대,6,[nɛ.a.tɯl.ɯn.tʃʌl.tɛ],[nɛ.a.dɯl.ɯn.dʒʌl.tɛ]
하신 것 같네요,6,[ha.siŋ.kʌt̚.kat̚.ne.jo],[ha.sin.gʌt̚.gat̚.ne.jo]
하신 것 같은데요,6,[ha.siŋ.kʌt̚.kat̚.ɯn.te.jo],[ha.sin.gʌt̚.gat̚.ɯn.te.jo]
내 아들은 죽었어요,6,[nɛ.a.tɯl.ɯn.tʃuk̚.ʌt̚.ʌ.jo],[nɛ.a.dɯl.ɯn.dʒuk̚.ʌt̚.ʌ.jo]
곧 당신은,6,[kot̚.taŋ.sin.ɯn],[got̚.daŋ.sin.ɯn]
하신 말씀이죠,6,[ha.sin.mal.s͈ɯm.i.tʃjo],[ha.sin.mal.s͈ɯm.i.dʒjo]
법적 대응을,6,[pʌp̚.tʃʌk̚.tɛ.ɯŋ.ɯl],[bʌp̚.tʃʌk̚.dɛ.ɯŋ.ɯl]
내 아들을 돌려줘,6,[nɛ.a.tɯl.ɯl.tol.ɾjʌ.tʃwʌ],[nɛ.a.dɯl.ɯl.dol.ɾjʌ.dʒwʌ]
현실이야 미신 같은 건,6,[hjʌn.sil.i.ja.mi.siŋ.kat̚.ɯŋ.kʌn],[hjʌn.sil.i.ja.mi.sin.gat̚.ɯn.gʌn]
내 아들을 되찾을,6,[nɛ.a.tɯl.ɯl.twe.tʃʰat̚.ɯl],[nɛ.a.dɯl.ɯl.dwe.tʃʰat̚.ɯl]
법적 보호인이,6,[pʌp̚.tʃʌk̚.po.ho.in.i],[bʌp̚.tʃʌk̚.bo.ho.in.i]
법적 문제에,6,[pʌp̚.tʃʌk̚.mun.tʃe.e],[bʌp̚.tʃʌk̚.mun.tʃe.e]
하실 건,6,[ha.sil.kʌn],[ha.sil.gʌn]
법적 조언을,6,[pʌp̚.tʃʌk̚.tʃo.ʌn.ɯl],[bʌp̚.tʃʌk̚.dʒo.ʌn.ɯl]
현아의 웃음,6,[hjʌn.a.ɯi.ut̚.ɯm],[hjʌn.a.ɯi.ut̚.ɯm]
하실 것 같은데요,6,[ha.sil.kʌt̚.kat̚.ɯn.te.jo],[ha.sil.gʌt̚.gat̚.ɯn.te.jo]
하실 말씀 없으신가요,6,[ha.sil.mal.s͈ɯm.ʌp̚.ɯ.siŋ.ka.jo],[ha.sil.mal.s͈ɯm.ʌp̚.ɯ.siŋ.ka.jo]
내 아들을 죽였고,6,[nɛ.a.tɯl.ɯl.tʃuk̚.jʌt̚.ko],[nɛ.a.dɯl.ɯl.dʒuk̚.jʌt̚.ko]
하실 말씀 있으면,6,[ha.sil.mal.s͈ɯm.it̚.ɯ.mjʌn],[ha.sil.mal.s͈ɯm.it̚.ɯ.mjʌn]
하실 말씀 있어요,6,[ha.sil.mal.s͈ɯm.it̚.ʌ.jo],[ha.sil.mal.s͈ɯm.it̚.ʌ.jo]
내 아들을 죽였다고,6,[nɛ.a.tɯl.ɯl.tʃuk̚.jʌt̚.ta.ko],[nɛ.a.dɯl.ɯl.dʒuk̚.jʌt̚.ta.go]
법정 대리인,6,[pʌp̚.tʃʌŋ.tɛ.ɾi.in],[bʌp̚.tʃʌŋ.dɛ.ɾi.in]
내 아들을 죽였을까,6,[nɛ.a.tɯl.ɯl.tʃuk̚.jʌt̚.ɯl.k͈a],[nɛ.a.dɯl.ɯl.dʒuk̚.jʌt̚.ɯl.k͈a]
법정 대리인이,6,[pʌp̚.tʃʌŋ.tɛ.ɾi.in.i],[bʌp̚.tʃʌŋ.dɛ.ɾi.in.i]
곧 도착한다,6,[kot̚.to.tʃʰak̚.han.ta],[got̚.do.tʃʰak̚.han.ta]
하실 수는,6,[ha.sil.su.nɯn],[ha.sil.su.nɯn]
하실 수 있을 거예요,6,[ha.sil.su.it̚.ɯl.kʌ.je.jo],[ha.sil.su.it̚.ɯl.gʌ.je.jo]
법정 변호사가,6,[pʌp̚.tʃʌm.pjʌn.ho.sa.ka],[bʌp̚.tʃʌŋ.bjʌn.ho.sa.ga]
overnight forest,6,,
법정 안에,6,[pʌp̚.tʃʌŋ.an.e],[bʌp̚.tʃʌŋ.an.e]
법정 최고형인 사형에,6,[pʌp̚.tʃʌŋ.tʃʰwe.ko.hjʌŋ.in.sa.hjʌŋ.e],[bʌp̚.tʃʌŋ.tʃʰwe.go.hjʌŋ.in.sa.hjʌŋ.e]
하십시오 만약,6,[ha.sip̚.si.o.man.jak̚],[ha.sip̚.si.o.man.jak̚]
내 아들이 감옥에,6,[nɛ.a.tɯl.i.kam.ok̚.e],[nɛ.a.dɯl.i.gam.ok̚.e]
하십시오 만약 그가 틀려도,6,[ha.sip̚.si.o.man.jak̚.kɯ.ka.tʰɯl.ɾjʌ.to],[ha.sip̚.si.o.man.jak̚.gɯ.ga.tʰɯl.ɾjʌ.do]
하십시오 캐스털리,6,[ha.sip̚.si.o.kʰɛ.sɯ.tʰʌl.ɾi],[ha.sip̚.si.o.kʰɛ.sɯ.tʰʌl.ɾi]
하십시오 전,6,[ha.sip̚.si.o.tʃʌn],[ha.sip̚.si.o.dʒʌn]
하십시오 만약 그가,6,[ha.sip̚.si.o.man.jak̚.kɯ.ka],[ha.sip̚.si.o.man.jak̚.gɯ.ga]
하십시오 캐스털리 록,6,[ha.sip̚.si.o.kʰɛ.sɯ.tʰʌl.ɾi.ɾok̚],[ha.sip̚.si.o.kʰɛ.sɯ.tʰʌl.ɾi.ɾok̚]
내 아들이 내,6,[nɛ.a.tɯl.i.nɛ],[nɛ.a.dɯl.i.nɛ]
하야시 선생님을,6,[ha.ja.si.sʌn.sɛŋ.nim.ɯl],[ha.ja.si.sʌn.sɛŋ.nim.ɯl]
곧 도착할 겁니다 거긴,6,[kot̚.to.tʃʰak̚.hal.kʌp̚.ni.ta.kʌ.kin],[got̚.do.tʃʰak̚.hal.gʌp̚.ni.da.gʌ.gin]
법정에 가야 해,6,[pʌp̚.tʃʌŋ.e.ka.ja.hɛ],[bʌp̚.tʃʌŋ.e.ga.ja.hɛ]
법정에 가지,6,[pʌp̚.tʃʌŋ.e.ka.tʃi],[bʌp̚.tʃʌŋ.e.ga.dʒi]
하얀 그네,6,[ha.jaŋ.kɯ.ne],[ha.jan.gɯ.ne]
내 아들이 어디,6,[nɛ.a.tɯl.i.ʌ.ti],[nɛ.a.dɯl.i.ʌ.di]
강철의 목숨을,6,[kaŋ.tʃʰʌl.ɯi.mok̚.sum.ɯl],[gaŋ.tʃʰʌl.ɯi.mok̚.sum.ɯl]
하얀 웨딩드레스 입고 들어가봐야,6,[ha.jan.we.tiŋ.tɯ.ɾe.sɯ.ip̚.ko.tɯl.ʌ.ka.pwa.ja],[ha.jan.we.diŋ.dɯ.ɾe.sɯ.ip̚.ko.dɯl.ʌ.ga.bwa.ja]
하얀 웨딩드레스 입고,6,[ha.jan.we.tiŋ.tɯ.ɾe.sɯ.ip̚.ko],[ha.jan.we.diŋ.dɯ.ɾe.sɯ.ip̚.ko]
하얀 집,6,[ha.jan.tʃip̚],[ha.jan.dʒip̚]
하얀 집이요,6,[ha.jan.tʃip̚.i.jo],[ha.jan.dʒip̚.i.jo]
법정에 세우고,6,[pʌp̚.tʃʌŋ.e.se.u.ko],[bʌp̚.tʃʌŋ.e.se.u.go]
하얀 피부,6,[ha.jam.pʰi.pu],[ha.jam.pʰi.bu]
내 아들이 죽은,6,[nɛ.a.tɯl.i.tʃuk̚.ɯn],[nɛ.a.dɯl.i.dʒuk̚.ɯn]
법정에서 거짓말하면,6,[pʌp̚.tʃʌŋ.e.sʌ.kʌ.tʃit̚.mal.ha.mjʌn],[bʌp̚.tʃʌŋ.e.sʌ.gʌ.dʒit̚.mal.ha.mjʌn]
하여간 내,6,[ha.jʌ.kan.nɛ],[ha.jʌ.gan.nɛ]
하여간 그,6,[ha.jʌ.kaŋ.kɯ],[ha.jʌ.gan.gɯ]
현장 지원,6,[hjʌn.tʃaŋ.tʃi.wʌn],[hjʌn.tʃaŋ.dʒi.wʌn]
하여간 못,6,[ha.jʌ.kan.mot̚],[ha.jʌ.gan.mot̚]
내 아들이기,6,[nɛ.a.tɯl.i.ki],[nɛ.a.dɯl.i.gi]
하오 그게,6,[ha.o.kɯ.ke],[ha.o.gɯ.ge]
법정에서 당신을,6,[pʌp̚.tʃʌŋ.e.sʌ.taŋ.sin.ɯl],[bʌp̚.tʃʌŋ.e.sʌ.daŋ.sin.ɯl]
하오나 전하,6,[ha.o.na.tʃʌn.ha],[ha.o.na.dʒʌn.ha]
하오 우리,6,[ha.o.u.ɾi],[ha.o.u.ɾi]
하와이 가는,6,[ha.wa.i.ka.nɯn],[ha.wa.i.ga.nɯn]
현장 보존이,6,[hjʌn.tʃam.po.tʃon.i],[hjʌn.tʃaŋ.bo.dʒon.i]
하와이 상원의원,6,[ha.wa.i.saŋ.wʌn.ɯi.wʌn],[ha.wa.i.saŋ.wʌn.ɯi.wʌn]
법정에서 봐,6,[pʌp̚.tʃʌŋ.e.sʌ.pwa],[bʌp̚.tʃʌŋ.e.sʌ.bwa]
하와이에 가고,6,[ha.wa.i.e.ka.ko],[ha.wa.i.e.ga.go]
법정에서 뵙죠,6,[pʌp̚.tʃʌŋ.e.sʌ.pwep̚.tʃjo],[bʌp̚.tʃʌŋ.e.sʌ.bwep̚.tʃjo]
법정에서 불리하게 쓰일 수,6,[pʌp̚.tʃʌŋ.e.sʌ.pul.ɾi.ha.ke.s͈ɯ.il.su],[bʌp̚.tʃʌŋ.e.sʌ.bul.ɾi.ha.ge.s͈ɯ.il.su]
하울링 울프,6,[ha.ul.ɾiŋ.ul.pʰɯ],[ha.ul.ɾiŋ.ul.pʰɯ]
하우저 의원님,6,[ha.u.tʃʌ.ɯi.wʌn.nim],[ha.u.dʒʌ.ɯi.wʌn.nim]
내 아들이라고요,6,[nɛ.a.tɯl.i.ɾa.ko.jo],[nɛ.a.dɯl.i.ɾa.go.jo]
own brother,6,,
현장에 남아,6,[hjʌn.tʃaŋ.e.nam.a],[hjʌn.tʃaŋ.e.nam.a]
하워드 스타크는 도주범이다,6,[ha.wʌ.tɯ.sɯ.tʰa.kʰɯ.nɯn.to.tʃu.pʌm.i.ta],[ha.wʌ.dɯ.sɯ.tʰa.kʰɯ.nɯn.do.dʒu.bʌm.i.da]
법정에서 사용될,6,[pʌp̚.tʃʌŋ.e.sʌ.sa.joŋ.twel],[bʌp̚.tʃʌŋ.e.sʌ.sa.joŋ.dwel]
하워드 커밍스,6,[ha.wʌ.tɯ.kʰʌ.miŋ.sɯ],[ha.wʌ.dɯ.kʰʌ.miŋ.sɯ]
내가 상관하지,6,[nɛ.ka.saŋ.kwan.ha.tʃi],[nɛ.ga.saŋ.gwan.ha.dʒi]
하워드 커밍스 제작 디자이너,6,[ha.wʌ.tɯ.kʰʌ.miŋ.sɯ.tʃe.tʃak̚.ti.tʃa.i.nʌ],[ha.wʌ.dɯ.kʰʌ.miŋ.sɯ.dʒe.dʒak̚.di.dʒa.i.nʌ]
하워드 커밍스 제작,6,[ha.wʌ.tɯ.kʰʌ.miŋ.sɯ.tʃe.tʃak̚],[ha.wʌ.dɯ.kʰʌ.miŋ.sɯ.dʒe.dʒak̚]
곧 돌아갈 거야,6,[kot̚.tol.a.kal.kʌ.ja],[got̚.dol.a.gal.gʌ.ja]
하원 의원과,6,[ha.wʌn.ɯi.wʌŋ.kwa],[ha.wʌn.ɯi.wʌŋ.kwa]
하원 의장이,6,[ha.wʌn.ɯi.tʃaŋ.i],[ha.wʌn.ɯi.dʒaŋ.i]
하원 의장과,6,[ha.wʌn.ɯi.tʃaŋ.kwa],[ha.wʌn.ɯi.dʒaŋ.gwa]
하위 만델브로트,6,[ha.wi.man.tel.pɯ.ɾo.tʰɯ],[ha.wi.man.tel.pɯ.ɾo.tʰɯ]
하원 투표 당일'',6,[ha.wʌn.tʰu.pʰjo.taŋ.il],[ha.wʌn.tʰu.pʰjo.daŋ.il]
하은의 비명,6,[ha.ɯn.ɯi.pi.mjʌŋ],[ha.ɯn.ɯi.bi.mjʌŋ]
하이 록,6,[ha.i.ɾok̚],[ha.i.ɾok̚]
하이 발리,6,[ha.i.pal.ɾi],[ha.i.bal.ɾi]
하이 스패로우가,6,[ha.i.sɯ.pʰɛ.ɾo.u.ka],[ha.i.sɯ.pʰɛ.ɾo.u.ga]
하이 발리 하이,6,[ha.i.pal.ɾi.ha.i],[ha.i.bal.ɾi.ha.i]
하이 스패로우와,6,[ha.i.sɯ.pʰɛ.ɾo.u.wa],[ha.i.sɯ.pʰɛ.ɾo.u.wa]
법칙 일어날 일은,6,[pʌp̚.tʃʰik̚.il.ʌ.nal.il.ɯn],[bʌp̚.tʃʰik̚.il.ʌ.nal.il.ɯn]
법칙 일어날,6,[pʌp̚.tʃʰik̚.il.ʌ.nal],[bʌp̚.tʃʰik̚.il.ʌ.nal]
하이가든을 치지 않았지,6,[ha.i.ka.tɯn.ɯl.tʃʰi.tʃi.an.at̚.tʃi],[ha.i.ga.dɯn.ɯl.tʃʰi.dʒi.an.at̚.tʃi]
법칙 일어날 일은 일어난다,6,[pʌp̚.tʃʰik̚.il.ʌ.nal.il.ɯn.il.ʌ.nan.ta],[bʌp̚.tʃʰik̚.il.ʌ.nal.il.ɯn.il.ʌ.nan.ta]
own clones,6,,
현장에 있다고,6,[hjʌn.tʃaŋ.e.it̚.ta.ko],[hjʌn.tʃaŋ.e.it̚.ta.go]
하이메 브라이가,6,[ha.i.me.pɯ.ɾa.i.ka],[ha.i.me.bɯ.ɾa.i.ga]
하이메 브라이,6,[ha.i.me.pɯ.ɾa.i],[ha.i.me.bɯ.ɾa.i]
하이삼 하카니,6,[ha.i.sam.ha.kʰa.ni],[ha.i.sam.ha.kʰa.ni]
하이삼 하카니의,6,[ha.i.sam.ha.kʰa.ni.ɯi],[ha.i.sam.ha.kʰa.ni.ɯi]
법칙을 거스르는,6,[pʌp̚.tʃʰik̚.ɯl.kʌ.sɯ.ɾɯ.nɯn],[bʌp̚.tʃʰik̚.ɯl.gʌ.sɯ.ɾɯ.nɯn]
하이츠에서 말이야,6,[ha.i.tʃʰɯ.e.sʌ.mal.i.ja],[ha.i.tʃʰɯ.e.sʌ.mal.i.ja]
하이테크 무기를 파는,6,[ha.i.tʰe.kʰɯ.mu.ki.ɾɯl.pʰa.nɯn],[ha.i.tʰe.kʰɯ.mu.gi.ɾɯl.pʰa.nɯn]
하이테크 무기를 강탈 한,6,[ha.i.tʰe.kʰɯ.mu.ki.ɾɯl.kaŋ.tʰal.han],[ha.i.tʰe.kʰɯ.mu.gi.ɾɯl.gaŋ.tʰal.han]
하이테크 물건 때문에,6,[ha.i.tʰe.kʰɯ.mul.kʌn.t͈ɛ.mun.e],[ha.i.tʰe.kʰɯ.mul.kʌn.t͈ɛ.mun.e]
하이테크 물건 때문에 너무,6,[ha.i.tʰe.kʰɯ.mul.kʌn.t͈ɛ.mun.e.nʌ.mu],[ha.i.tʰe.kʰɯ.mul.kʌn.t͈ɛ.mun.e.nʌ.mu]
하이테크 물건,6,[ha.i.tʰe.kʰɯ.mul.kʌn],[ha.i.tʰe.kʰɯ.mul.kʌn]
하이테크 무기를 강탈,6,[ha.i.tʰe.kʰɯ.mu.ki.ɾɯl.kaŋ.tʰal],[ha.i.tʰe.kʰɯ.mu.gi.ɾɯl.gaŋ.tʰal]
하이파이브 한,6,[ha.i.pʰa.i.pɯ.han],[ha.i.pʰa.i.bɯ.han]
벗게 될,6,[pʌt̚.ke.twel],[bʌt̚.ke.dwel]
하이힐 때문에,6,[ha.i.hil.t͈ɛ.mun.e],[ha.i.hil.t͈ɛ.mun.e]
내 아들한테도,6,[nɛ.a.tɯl.han.tʰe.to],[nɛ.a.dɯl.han.tʰe.do]
뵙고 싶어 해요,6,[pwep̚.ko.sip̚.ʌ.hɛ.jo],[bwep̚.ko.sip̚.ʌ.hɛ.jo]
현장에 있었을,6,[hjʌn.tʃaŋ.e.it̚.ʌt̚.ɯl],[hjʌn.tʃaŋ.e.it̚.ʌt̚.ɯl]
하인츠 님은,6,[ha.in.tʃʰɯ.nim.ɯn],[ha.in.tʃʰɯ.nim.ɯn]
현장에 있을 때,6,[hjʌn.tʃaŋ.e.it̚.ɯl.t͈ɛ],[hjʌn.tʃaŋ.e.it̚.ɯl.t͈ɛ]
곧 돌아올 거다,6,[kot̚.tol.a.ol.kʌ.ta],[got̚.dol.a.ol.gʌ.da]
하자 가자,6,[ha.tʃa.ka.tʃa],[ha.dʒa.ga.dʒa]
현장에 와,6,[hjʌn.tʃaŋ.e.wa],[hjʌn.tʃaŋ.e.wa]
하자 그가,6,[ha.tʃa.kɯ.ka],[ha.dʒa.gɯ.ga]
벗겨진 것,6,[pʌt̚.kjʌ.tʃiŋ.kʌt̚],[bʌt̚.kjʌ.dʒin.gʌt̚]
벗겨진 채로,6,[pʌt̚.kjʌ.tʃin.tʃʰɛ.ɾo],[bʌt̚.kjʌ.dʒin.tʃʰɛ.ɾo]
벗겨질 거야,6,[pʌt̚.kjʌ.tʃil.kʌ.ja],[bʌt̚.kjʌ.dʒil.gʌ.ja]
이런 우연의 일치가,6,[i.ɾʌn.u.jʌn.ɯi.il.tʃʰi.ka],[i.ɾʌn.u.jʌn.ɯi.il.tʃʰi.ga]
감옥에 보낸 게,6,[kam.ok̚.e.po.nɛŋ.ke],[gam.ok̚.e.bo.nɛn.ge]
하자 그러지,6,[ha.tʃa.kɯ.ɾʌ.tʃi],[ha.dʒa.gɯ.ɾʌ.dʒi]
벗고 다시,6,[pʌt̚.ko.ta.si],[bʌt̚.ko.da.si]
벗고 나면,6,[pʌt̚.ko.na.mjʌn],[bʌt̚.ko.na.mjʌn]
벗고 앉아,6,[pʌt̚.ko.an.a],[bʌt̚.ko.an.a]
하자 너무,6,[ha.tʃa.nʌ.mu],[ha.dʒa.nʌ.mu]
하자 두,6,[ha.tʃa.tu],[ha.dʒa.du]
벗고 침대,6,[pʌt̚.ko.tʃʰin.tɛ],[bʌt̚.ko.tʃʰin.tɛ]
뵙고자 합니다,6,[pwep̚.ko.tʃa.hap̚.ni.ta],[bwep̚.ko.dʒa.hap̚.ni.da]
현장에서 발견됐고,6,[hjʌn.tʃaŋ.e.sʌ.pal.kjʌn.twɛt̚.ko],[hjʌn.tʃaŋ.e.sʌ.bal.kjʌn.twɛt̚.ko]
하자 방금,6,[ha.tʃa.paŋ.kɯm],[ha.dʒa.baŋ.gɯm]
하자 서로,6,[ha.tʃa.sʌ.ɾo],[ha.dʒa.sʌ.ɾo]
하자 바로,6,[ha.tʃa.pa.ɾo],[ha.dʒa.ba.ɾo]
현장에서 사망한,6,[hjʌn.tʃaŋ.e.sʌ.sa.maŋ.han],[hjʌn.tʃaŋ.e.sʌ.sa.maŋ.han]
하자 아니야,6,[ha.tʃa.a.ni.ja],[ha.dʒa.a.ni.ja]
벗긴 다음 킹스랜딩의,6,[pʌt̚.kin.ta.ɯm.kʰiŋ.sɯ.ɾɛn.tiŋ.ɯi],[bʌt̚.kin.da.ɯm.kʰiŋ.sɯ.ɾɛn.tiŋ.ɯi]
내 아버지가 아니에요,6,[nɛ.a.pʌ.tʃi.ka.a.ni.e.jo],[nɛ.a.bʌ.dʒi.ga.a.ni.e.jo]
벗긴 다음 킹스랜딩의 성벽에,6,[pʌt̚.kin.ta.ɯm.kʰiŋ.sɯ.ɾɛn.tiŋ.ɯi.sʌm.pjʌk̚.e],[bʌt̚.kin.da.ɯm.kʰiŋ.sɯ.ɾɛn.tiŋ.ɯi.sʌŋ.bjʌk̚.e]
내 아버지는 그 미친,6,[nɛ.a.pʌ.tʃi.nɯŋ.kɯ.mi.tʃʰin],[nɛ.a.bʌ.dʒi.nɯn.gɯ.mi.tʃʰin]
하자 안녕하세요,6,[ha.tʃa.an.njʌŋ.ha.se.jo],[ha.dʒa.an.njʌŋ.ha.se.jo]
하자 어디,6,[ha.tʃa.ʌ.ti],[ha.dʒa.ʌ.di]
하자 얘기,6,[ha.tʃa.jɛ.ki],[ha.dʒa.jɛ.gi]
내 아버지는 악한 사람이었지,6,[nɛ.a.pʌ.tʃi.nɯn.ak̚.han.sa.ɾam.i.ʌt̚.tʃi],[nɛ.a.bʌ.dʒi.nɯn.ak̚.han.sa.ɾam.i.ʌt̚.tʃi]
하자 엄마가,6,[ha.tʃa.ʌm.ma.ka],[ha.dʒa.ʌm.ma.ga]
내 아버지는 악한,6,[nɛ.a.pʌ.tʃi.nɯn.ak̚.han],[nɛ.a.bʌ.dʒi.nɯn.ak̚.han]
현장에서 찍은,6,[hjʌn.tʃaŋ.e.sʌ.tʃ͈ik̚.ɯn],[hjʌn.tʃaŋ.e.sʌ.tʃ͈ik̚.ɯn]
하자 없는,6,[ha.tʃa.ʌp̚.nɯn],[ha.dʒa.ʌp̚.nɯn]
곧 돌아올께요,6,[kot̚.tol.a.ol.k͈e.jo],[got̚.dol.a.ol.k͈e.jo]
하자 이게,6,[ha.tʃa.i.ke],[ha.dʒa.i.ge]
벗어 나,6,[pʌt̚.ʌ.na],[bʌt̚.ʌ.na]
하자 이번,6,[ha.tʃa.i.pʌn],[ha.dʒa.i.bʌn]
하자 이봐,6,[ha.tʃa.i.pwa],[ha.dʒa.i.bwa]
벗어 날 수,6,[pʌt̚.ʌ.nal.su],[bʌt̚.ʌ.nal.su]
벗어 네,6,[pʌt̚.ʌ.ne],[bʌt̚.ʌ.ne]
하자 일단,6,[ha.tʃa.il.tan],[ha.dʒa.il.tan]
벗어 놓고,6,[pʌt̚.ʌ.not̚.ko],[bʌt̚.ʌ.not̚.ko]
I did that,6,,
벗어 버려라,6,[pʌt̚.ʌ.pʌ.ɾjʌ.ɾa],[bʌt̚.ʌ.bʌ.ɾjʌ.ɾa]
뵙죠 좋은,6,[pwep̚.tʃjo.tʃot̚.ɯn],[bwep̚.tʃjo.dʒot̚.ɯn]
하자 집에,6,[ha.tʃa.tʃip̚.e],[ha.dʒa.dʒip̚.e]
하자 진,6,[ha.tʃa.tʃin],[ha.dʒa.dʒin]
현장을 본,6,[hjʌn.tʃaŋ.ɯl.pon],[hjʌn.tʃaŋ.ɯl.bon]
벗어 왜,6,[pʌt̚.ʌ.wɛ],[bʌt̚.ʌ.wɛ]
내 아버지에게 한,6,[nɛ.a.pʌ.tʃi.e.ke.han],[nɛ.a.bʌ.dʒi.e.ge.han]
하자고 그게,6,[ha.tʃa.ko.kɯ.ke],[ha.dʒa.go.gɯ.ge]
하자고 나한테,6,[ha.tʃa.ko.na.han.tʰe],[ha.dʒa.go.na.han.tʰe]
내 아버지였어,6,[nɛ.a.pʌ.tʃi.jʌt̚.ʌ],[nɛ.a.bʌ.dʒi.jʌt̚.ʌ]
하자고 날,6,[ha.tʃa.ko.nal],[ha.dʒa.go.nal]
곧 됩니다,6,[kot̚.twep̚.ni.ta],[got̚.dwep̚.ni.da]
하자고 네가,6,[ha.tʃa.ko.ne.ka],[ha.dʒa.go.ne.ga]
하자고 무슨,6,[ha.tʃa.ko.mu.sɯn],[ha.dʒa.go.mu.sɯn]
내 아버지의 실수에서,6,[nɛ.a.pʌ.tʃi.ɯi.sil.su.e.sʌ],[nɛ.a.bʌ.dʒi.ɯi.sil.su.e.sʌ]
하자고 여기,6,[ha.tʃa.ko.jʌ.ki],[ha.dʒa.go.jʌ.gi]
벗어나 좀,6,[pʌt̚.ʌ.na.tʃom],[bʌt̚.ʌ.na.dʒom]
내 아버지의 실수에서 배우라고,6,[nɛ.a.pʌ.tʃi.ɯi.sil.su.e.sʌ.pɛ.u.ɾa.ko],[nɛ.a.bʌ.dʒi.ɯi.sil.su.e.sʌ.bɛ.u.ɾa.go]
하자고 지금,6,[ha.tʃa.ko.tʃi.kɯm],[ha.dʒa.go.dʒi.gɯm]
하자고 좋아,6,[ha.tʃa.ko.tʃot̚.a],[ha.dʒa.go.dʒot̚.a]
하자고 하는,6,[ha.tʃa.ko.ha.nɯn],[ha.dʒa.go.ha.nɯn]
현재 구금,6,[hjʌn.tʃɛ.ku.kɯm],[hjʌn.tʃɛ.gu.gɯm]
벗어나게 하려고,6,[pʌt̚.ʌ.na.ke.ha.ɾjʌ.ko],[bʌt̚.ʌ.na.ge.ha.ɾjʌ.go]
현재 기온은,6,[hjʌn.tʃɛ.ki.on.ɯn],[hjʌn.tʃɛ.gi.on.ɯn]
벗어나게 해 줄,6,[pʌt̚.ʌ.na.ke.hɛ.tʃul],[bʌt̚.ʌ.na.ge.hɛ.dʒul]
현재 뉴욕,6,[hjʌn.tʃɛ.nju.jok̚],[hjʌn.tʃɛ.nju.jok̚]
곧 들어갈 거야,6,[kot̚.tɯl.ʌ.kal.kʌ.ja],[got̚.dɯl.ʌ.gal.gʌ.ja]
back tomorrow,6,,
하자는 건데요,6,[ha.tʃa.nɯŋ.kʌn.te.jo],[ha.dʒa.nɯn.gʌn.te.jo]
벗어나고 싶네요,6,[pʌt̚.ʌ.na.ko.sip̚.ne.jo],[bʌt̚.ʌ.na.go.sip̚.ne.jo]
벗어나고 싶었어요,6,[pʌt̚.ʌ.na.ko.sip̚.ʌt̚.ʌ.jo],[bʌt̚.ʌ.na.go.sip̚.ʌt̚.ʌ.jo]
하자면 네가,6,[ha.tʃa.mjʌn.ne.ka],[ha.dʒa.mjʌn.ne.ga]
하자면 네,6,[ha.tʃa.mjʌn.ne],[ha.dʒa.mjʌn.ne]
back towards,6,,
곧 들어올 거야,6,[kot̚.tɯl.ʌ.ol.kʌ.ja],[got̚.dɯl.ʌ.ol.gʌ.ja]
감옥에 연줄이,6,[kam.ok̚.e.jʌn.tʃul.i],[gam.ok̚.e.jʌn.tʃul.i]
하자면 하지,6,[ha.tʃa.mjʌn.ha.tʃi],[ha.dʒa.mjʌn.ha.dʒi]
하잖아 괜찮아,6,[ha.tʃan.a.kwɛn.tʃʰan.a],[ha.dʒan.a.gwɛn.tʃʰan.a]
벗어나기 위한,6,[pʌt̚.ʌ.na.ki.wi.han],[bʌt̚.ʌ.na.gi.wi.han]
벗어나기 위해서 말이야,6,[pʌt̚.ʌ.na.ki.wi.hɛ.sʌ.mal.i.ja],[bʌt̚.ʌ.na.gi.wi.hɛ.sʌ.mal.i.ja]
벗어나기 전까진,6,[pʌt̚.ʌ.na.ki.tʃʌŋ.k͈a.tʃin],[bʌt̚.ʌ.na.gi.dʒʌŋ.k͈a.dʒin]
감옥에 온,6,[kam.ok̚.e.on],[gam.ok̚.e.on]
벗어나기 전에,6,[pʌt̚.ʌ.na.ki.tʃʌn.e],[bʌt̚.ʌ.na.gi.dʒʌn.e]
And sometimes,6,,
벗어나기만 하면,6,[pʌt̚.ʌ.na.ki.man.ha.mjʌn],[bʌt̚.ʌ.na.gi.man.ha.mjʌn]
내 아우가,6,[nɛ.a.u.ka],[nɛ.a.u.ga]
하잖아 너무,6,[ha.tʃan.a.nʌ.mu],[ha.dʒan.a.nʌ.mu]
벗어나는 거예요,6,[pʌt̚.ʌ.na.nɯŋ.kʌ.je.jo],[bʌt̚.ʌ.na.nɯn.gʌ.je.jo]
하잖아 대체,6,[ha.tʃan.a.tɛ.tʃʰe],[ha.dʒan.a.dɛ.tʃʰe]
곧 들이닥칠 거예요,6,[kot̚.tɯl.i.tak̚.tʃʰil.kʌ.je.jo],[got̚.dɯl.i.dak̚.tʃʰil.gʌ.je.jo]
하잖아 못,6,[ha.tʃan.a.mot̚],[ha.dʒan.a.mot̚]
현재 속도로,6,[hjʌn.tʃɛ.sok̚.to.ɾo],[hjʌn.tʃɛ.sok̚.to.ɾo]
벗어나는 것이,6,[pʌt̚.ʌ.na.nɯŋ.kʌt̚.i],[bʌt̚.ʌ.na.nɯn.gʌt̚.i]
벗어나는 것도,6,[pʌt̚.ʌ.na.nɯŋ.kʌt̚.to],[bʌt̚.ʌ.na.nɯn.gʌt̚.to]
현재 시간,6,[hjʌn.tʃɛ.si.kan],[hjʌn.tʃɛ.si.gan]
현재 실종,6,[hjʌn.tʃɛ.sil.tʃoŋ],[hjʌn.tʃɛ.sil.tʃoŋ]
하잖아 여기가,6,[ha.tʃan.a.jʌ.ki.ka],[ha.dʒan.a.jʌ.gi.ga]
하잖아 응,6,[ha.tʃan.a.ɯŋ],[ha.dʒan.a.ɯŋ]
하잖아 좀,6,[ha.tʃan.a.tʃom],[ha.dʒan.a.dʒom]
하잖아 좋아,6,[ha.tʃan.a.tʃot̚.a],[ha.dʒan.a.dʒot̚.a]
벗어나서 나는,6,[pʌt̚.ʌ.na.sʌ.na.nɯn],[bʌt̚.ʌ.na.sʌ.na.nɯn]
하잖아 지금은,6,[ha.tʃan.a.tʃi.kɯm.ɯn],[ha.dʒan.a.dʒi.gɯm.ɯn]
back towards LaGuardia,6,,
벗어나서 내,6,[pʌt̚.ʌ.na.sʌ.nɛ],[bʌt̚.ʌ.na.sʌ.nɛ]
하잖아요 그런데,6,[ha.tʃan.a.jo.kɯ.ɾʌn.te],[ha.dʒan.a.jo.gɯ.ɾʌn.te]
벗어나선 안,6,[pʌt̚.ʌ.na.sʌn.an],[bʌt̚.ʌ.na.sʌn.an]
내 아이들이 깨어나기,6,[nɛ.a.i.tɯl.i.k͈ɛ.ʌ.na.ki],[nɛ.a.i.dɯl.i.k͈ɛ.ʌ.na.gi]
벗어나야 한다,6,[pʌt̚.ʌ.na.ja.han.ta],[bʌt̚.ʌ.na.ja.han.ta]
내 아이들이 깨어나기 전엔,6,[nɛ.a.i.tɯl.i.k͈ɛ.ʌ.na.ki.tʃʌn.en],[nɛ.a.i.dɯl.i.k͈ɛ.ʌ.na.gi.dʒʌn.en]
하잖아요 당신이,6,[ha.tʃan.a.jo.taŋ.sin.i],[ha.dʒan.a.jo.daŋ.sin.i]
벗어나야만 해,6,[pʌt̚.ʌ.na.ja.man.hɛ],[bʌt̚.ʌ.na.ja.man.hɛ]
하잖아요 아,6,[ha.tʃan.a.jo.a],[ha.dʒan.a.jo.a]
하잖아요 뭐,6,[ha.tʃan.a.jo.mwʌ],[ha.dʒan.a.jo.mwʌ]
하잖아요 어떻게,6,[ha.tʃan.a.jo.ʌ.t͈ʌt̚.ke],[ha.dʒan.a.jo.ʌ.t͈ʌt̚.ke]
하잖아요 전,6,[ha.tʃan.a.jo.tʃʌn],[ha.dʒan.a.jo.dʒʌn]
내 아이디어야,6,[nɛ.a.i.ti.ʌ.ja],[nɛ.a.i.di.ʌ.ja]
하죠 게다가,6,[ha.tʃjo.ke.ta.ka],[ha.dʒjo.ge.da.ga]
부과됩니다 계속 시청할까요,6,[pu.kwa.twep̚.ni.ta.kje.sok̚.si.tʃʰʌŋ.hal.k͈a.jo],[bu.gwa.dwep̚.ni.da.gje.sok̚.si.tʃʰʌŋ.hal.k͈a.jo]
현재 지구,6,[hjʌn.tʃɛ.tʃi.ku],[hjʌn.tʃɛ.dʒi.gu]
벗어나지 못했어,6,[pʌt̚.ʌ.na.tʃi.mot̚.hɛt̚.ʌ],[bʌt̚.ʌ.na.dʒi.mot̚.hɛt̚.ʌ]
현재 탑승해,6,[hjʌn.tʃɛ.tʰap̚.sɯŋ.hɛ],[hjʌn.tʃɛ.tʰap̚.sɯŋ.hɛ]
현재 탑승해 있는 모든,6,[hjʌn.tʃɛ.tʰap̚.sɯŋ.hɛ.it̚.nɯn.mo.tɯn],[hjʌn.tʃɛ.tʰap̚.sɯŋ.hɛ.it̚.nɯn.mo.dɯn]
벗어난 건,6,[pʌt̚.ʌ.naŋ.kʌn],[bʌt̚.ʌ.nan.gʌn]
하죠 그렇다고,6,[ha.tʃjo.kɯ.ɾʌt̚.ta.ko],[ha.dʒjo.gɯ.ɾʌt̚.ta.go]
벗어난 적,6,[pʌt̚.ʌ.nan.tʃʌk̚],[bʌt̚.ʌ.nan.dʒʌk̚]
하죠 그렇죠,6,[ha.tʃjo.kɯ.ɾʌt̚.tʃjo],[ha.dʒjo.gɯ.ɾʌt̚.tʃjo]
벗어난 지,6,[pʌt̚.ʌ.nan.tʃi],[bʌt̚.ʌ.nan.dʒi]
부글부글 끓는다,6,[pu.kɯl.pu.kɯl.k͈ɯl.lɯn.ta],[bu.gɯl.pu.gɯl.k͈ɯl.lɯn.ta]
하죠 그의 말로는,6,[ha.tʃjo.kɯ.ɯi.mal.ɾo.nɯn],[ha.dʒjo.gɯ.ɯi.mal.ɾo.nɯn]
하죠 그쪽,6,[ha.tʃjo.kɯ.tʃ͈ok̚],[ha.dʒjo.gɯ.tʃ͈ok̚]
하죠 그의 말로는 여기,6,[ha.tʃjo.kɯ.ɯi.mal.ɾo.nɯn.jʌ.ki],[ha.dʒjo.gɯ.ɯi.mal.ɾo.nɯn.jʌ.gi]
하죠 꼭,6,[ha.tʃjo.k͈ok̚],[ha.dʒjo.k͈ok̚]
하죠 나중에,6,[ha.tʃjo.na.tʃuŋ.e],[ha.dʒjo.na.dʒuŋ.e]
하죠 나는,6,[ha.tʃjo.na.nɯn],[ha.dʒjo.na.nɯn]
하죠 내일,6,[ha.tʃjo.nɛ.il],[ha.dʒjo.nɛ.il]
하죠 늘,6,[ha.tʃjo.nɯl],[ha.dʒjo.nɯl]
곧 떨어져,6,[kot̚.t͈ʌl.ʌ.tʃjʌ],[got̚.t͈ʌl.ʌ.dʒjʌ]
내 아이이기도,6,[nɛ.a.i.i.ki.to],[nɛ.a.i.i.gi.do]
I did this,6,,
내 아이패드,6,[nɛ.a.i.pʰɛ.tɯ],[nɛ.a.i.pʰɛ.dɯ]
own place,6,,
벗어날 수 없다면 옳은,6,[pʌt̚.ʌ.nal.su.ʌp̚.ta.mjʌn.ol.ɯn],[bʌt̚.ʌ.nal.su.ʌp̚.ta.mjʌn.ol.ɯn]
하죠 맞아요,6,[ha.tʃjo.mat̚.a.jo],[ha.dʒjo.mat̚.a.jo]
벗어날 수 없습니다,6,[pʌt̚.ʌ.nal.su.ʌp̚.sɯp̚.ni.ta],[bʌt̚.ʌ.nal.su.ʌp̚.sɯp̚.ni.da]
곧 떨어져요,6,[kot̚.t͈ʌl.ʌ.tʃjʌ.jo],[got̚.t͈ʌl.ʌ.dʒjʌ.jo]
하죠 모두 올가를 만나고,6,[ha.tʃjo.mo.tu.ol.ka.ɾɯl.man.na.ko],[ha.dʒjo.mo.du.ol.ka.ɾɯl.man.na.go]
하죠 모두 올가를,6,[ha.tʃjo.mo.tu.ol.ka.ɾɯl],[ha.dʒjo.mo.du.ol.ka.ɾɯl]
감옥에 있는동안,6,[kam.ok̚.e.it̚.nɯn.toŋ.an],[gam.ok̚.e.it̚.nɯn.toŋ.an]
하죠 바로 그거예요,6,[ha.tʃjo.pa.ɾo.kɯ.kʌ.je.jo],[ha.dʒjo.ba.ɾo.gɯ.gʌ.je.jo]
곧 또 다른,6,[kot̚.t͈o.ta.ɾɯn],[got̚.t͈o.da.ɾɯn]
하죠 부인,6,[ha.tʃjo.pu.in],[ha.dʒjo.bu.in]
하죠 봐요,6,[ha.tʃjo.pwa.jo],[ha.dʒjo.bwa.jo]
하죠 서로,6,[ha.tʃjo.sʌ.ɾo],[ha.dʒjo.sʌ.ɾo]
벗어날 수 있을 것,6,[pʌt̚.ʌ.nal.su.it̚.ɯl.kʌt̚],[bʌt̚.ʌ.nal.su.it̚.ɯl.gʌt̚]
하죠 아니에요,6,[ha.tʃjo.a.ni.e.jo],[ha.dʒjo.a.ni.e.jo]
벗어날 수 있지,6,[pʌt̚.ʌ.nal.su.it̚.tʃi],[bʌt̚.ʌ.nal.su.it̚.tʃi]
벗어날 수가 없어,6,[pʌt̚.ʌ.nal.su.ka.ʌp̚.ʌ],[bʌt̚.ʌ.nal.su.ga.ʌp̚.ʌ]
내 악몽이야,6,[nɛ.ak̚.moŋ.i.ja],[nɛ.ak̚.moŋ.i.ja]
감옥에 있대,6,[kam.ok̚.e.it̚.tɛ],[gam.ok̚.e.it̚.tɛ]
하죠 어서,6,[ha.tʃjo.ʌ.sʌ],[ha.dʒjo.ʌ.sʌ]
하죠 어떻게든,6,[ha.tʃjo.ʌ.t͈ʌt̚.ke.tɯn],[ha.dʒjo.ʌ.t͈ʌt̚.ke.dɯn]
own security,6,,
곧 마이클이,6,[kot̚.ma.i.kʰɯl.i],[got̚.ma.i.kʰɯl.i]
내 안목을,6,[nɛ.an.mok̚.ɯl],[nɛ.an.mok̚.ɯl]
내 안경이,6,[nɛ.aŋ.kjʌŋ.i],[nɛ.aŋ.kjʌŋ.i]
하죠 이리,6,[ha.tʃjo.i.ɾi],[ha.dʒjo.i.ɾi]
하죠 이렇게,6,[ha.tʃjo.i.ɾʌt̚.ke],[ha.dʒjo.i.ɾʌt̚.ke]
back your,6,,
벗었을 때,6,[pʌt̚.ʌt̚.ɯl.t͈ɛ],[bʌt̚.ʌt̚.ɯl.t͈ɛ]
곧 만나실,6,[kot̚.man.na.sil],[got̚.man.na.sil]
내 안에 있던,6,[nɛ.an.e.it̚.tʌn],[nɛ.an.e.it̚.tʌn]
내 안에 있다,6,[nɛ.an.e.it̚.ta],[nɛ.an.e.it̚.ta]
하죠 집에,6,[ha.tʃjo.tʃip̚.e],[ha.dʒjo.dʒip̚.e]
내 안에 있어요,6,[nɛ.an.e.it̚.ʌ.jo],[nɛ.an.e.it̚.ʌ.jo]
Blackbird singing in the,6,,
하죠 할,6,[ha.tʃjo.hal],[ha.dʒjo.hal]
하죠 확실히,6,[ha.tʃjo.hwak̚.sil.hi],[ha.dʒjo.hwak̚.sil.hi]
내 안에 큰 블랙홀이있어,6,[nɛ.an.e.kʰɯm.pɯl.ɾɛk̚.hol.i.it̚.ʌ],[nɛ.an.e.kʰɯn.bɯl.ɾɛk̚.hol.i.it̚.ʌ]
내 안에 큰,6,[nɛ.an.e.kʰɯn],[nɛ.an.e.kʰɯn]
하지 가서,6,[ha.tʃi.ka.sʌ],[ha.dʒi.ga.sʌ]
하지 경찰이,6,[ha.tʃi.kjʌŋ.tʃʰal.i],[ha.dʒi.gjʌŋ.tʃʰal.i]
own time,6,,
하지 고맙네,6,[ha.tʃi.ko.map̚.ne],[ha.dʒi.go.map̚.ne]
벗을 수 있어,6,[pʌt̚.ɯl.su.it̚.ʌ],[bʌt̚.ɯl.su.it̚.ʌ]
곧 만날 겁니다,6,[kot̚.man.nal.kʌp̚.ni.ta],[got̚.man.nal.gʌp̚.ni.da]
하지 그것도,6,[ha.tʃi.kɯ.kʌt̚.to],[ha.dʒi.gɯ.gʌt̚.to]
곧 만날 수 있어,6,[kot̚.man.nal.su.it̚.ʌ],[got̚.man.nal.su.it̚.ʌ]
벗지 그러니,6,[pʌt̚.tʃi.kɯ.ɾʌ.ni],[bʌt̚.tʃi.gɯ.ɾʌ.ni]
벗지 마라,6,[pʌt̚.tʃi.ma.ɾa],[bʌt̚.tʃi.ma.ɾa]
벗지 말아요,6,[pʌt̚.tʃi.mal.a.jo],[bʌt̚.tʃi.mal.a.jo]
벗지 않을,6,[pʌt̚.tʃi.an.ɯl],[bʌt̚.tʃi.an.ɯl]
하지 그러세요,6,[ha.tʃi.kɯ.ɾʌ.se.jo],[ha.dʒi.gɯ.ɾʌ.se.jo]
내 안의 모든,6,[nɛ.an.ɯi.mo.tɯn],[nɛ.an.ɯi.mo.dɯn]
하지 그럴,6,[ha.tʃi.kɯ.ɾʌl],[ha.dʒi.gɯ.ɾʌl]
하지 그레이조이의,6,[ha.tʃi.kɯ.ɾe.i.tʃo.i.ɯi],[ha.dʒi.gɯ.ɾe.i.dʒo.i.ɯi]
하지 그레이조이의 공격에 대해,6,[ha.tʃi.kɯ.ɾe.i.tʃo.i.ɯi.koŋ.kjʌk̚.e.tɛ.hɛ],[ha.dʒi.gɯ.ɾe.i.dʒo.i.ɯi.goŋ.gjʌk̚.e.dɛ.hɛ]
벙커에 있어,6,[pʌŋ.kʰʌ.e.it̚.ʌ],[bʌŋ.kʰʌ.e.it̚.ʌ]
벙긋 안,6,[pʌŋ.kɯt̚.an],[bʌŋ.gɯt̚.an]
내 안의 악마를,6,[nɛ.an.ɯi.ak̚.ma.ɾɯl],[nɛ.an.ɯi.ak̚.ma.ɾɯl]
곧 멋진,6,[kot̚.mʌt̚.tʃin],[got̚.mʌt̚.tʃin]
베개 하나,6,[pe.kɛ.ha.na],[be.gɛ.ha.na]
하지 내일,6,[ha.tʃi.nɛ.il],[ha.dʒi.nɛ.il]
베개에 얼굴을,6,[pe.kɛ.e.ʌl.kul.ɯl],[be.gɛ.e.ʌl.kul.ɯl]
혈액이 더,6,[hjʌl.ɛk̚.i.tʌ],[hjʌl.ɛk̚.i.dʌ]
하지 너희가,6,[ha.tʃi.nʌ.hɯi.ka],[ha.dʒi.nʌ.hɯi.ga]
하지 넌 내 딸을,6,[ha.tʃi.nʌn.nɛ.t͈al.ɯl],[ha.dʒi.nʌn.nɛ.t͈al.ɯl]
베고 누워,6,[pe.ko.nu.wʌ],[be.go.nu.wʌ]
하지 누군가,6,[ha.tʃi.nu.kuŋ.ka],[ha.dʒi.nu.guŋ.ka]
베네딕트 아놀드,6,[pe.ne.tik̚.tʰɯ.a.nol.tɯ],[be.ne.dik̚.tʰɯ.a.nol.tɯ]
하지 대너리스는 오래,6,[ha.tʃi.tɛ.nʌ.ɾi.sɯ.nɯn.o.ɾɛ],[ha.dʒi.dɛ.nʌ.ɾi.sɯ.nɯn.o.ɾɛ]
하지 대너리스는,6,[ha.tʃi.tɛ.nʌ.ɾi.sɯ.nɯn],[ha.dʒi.dɛ.nʌ.ɾi.sɯ.nɯn]
하지 대체,6,[ha.tʃi.tɛ.tʃʰe],[ha.dʒi.dɛ.tʃʰe]
하지 대너리스는 오래 전부터,6,[ha.tʃi.tɛ.nʌ.ɾi.sɯ.nɯn.o.ɾɛ.tʃʌm.pu.tʰʌ],[ha.dʒi.dɛ.nʌ.ɾi.sɯ.nɯn.o.ɾɛ.dʒʌm.pu.tʰʌ]
하지 딱,6,[ha.tʃi.t͈ak̚],[ha.dʒi.t͈ak̚]
하지 둘이,6,[ha.tʃi.tul.i],[ha.dʒi.dul.i]
하지 마 거기,6,[ha.tʃi.ma.kʌ.ki],[ha.dʒi.ma.gʌ.gi]
하지 마 그거,6,[ha.tʃi.ma.kɯ.kʌ],[ha.dʒi.ma.gɯ.gʌ]
하지 마 그는,6,[ha.tʃi.ma.kɯ.nɯn],[ha.dʒi.ma.gɯ.nɯn]
베니 내,6,[pe.ni.nɛ],[be.ni.nɛ]
부끄러워할 것 없어요,6,[pu.k͈ɯ.ɾʌ.wʌ.hal.kʌt̚.ʌp̚.ʌ.jo],[bu.k͈ɯ.ɾʌ.wʌ.hal.gʌt̚.ʌp̚.ʌ.jo]
혈통에서 나온,6,[hjʌl.tʰoŋ.e.sʌ.na.on],[hjʌl.tʰoŋ.e.sʌ.na.on]
혈통으로 얻은 것이,6,[hjʌl.tʰoŋ.ɯ.ɾo.ʌt̚.ɯŋ.kʌt̚.i],[hjʌl.tʰoŋ.ɯ.ɾo.ʌt̚.ɯn.gʌt̚.i]
곧 몰려올,6,[kot̚.mol.ɾjʌ.ol],[got̚.mol.ɾjʌ.ol]
혐오 반대,6,[hjʌm.o.pan.tɛ],[hjʌm.o.ban.tɛ]
베니 팀,6,[pe.ni.tʰim],[be.ni.tʰim]
내 알 바가 아니지,6,[nɛ.al.pa.ka.a.ni.tʃi],[nɛ.al.ba.ga.a.ni.dʒi]
하지 마 너랑은,6,[ha.tʃi.ma.nʌ.ɾaŋ.ɯn],[ha.dʒi.ma.nʌ.ɾaŋ.ɯn]
하지 마 내가 알아서,6,[ha.tʃi.ma.nɛ.ka.al.a.sʌ],[ha.dʒi.ma.nɛ.ga.al.a.sʌ]
내 알리바이를,6,[nɛ.al.ɾi.pa.i.ɾɯl],[nɛ.al.ɾi.ba.i.ɾɯl]
베드로의 길을,6,[pe.tɯ.ɾo.ɯi.kil.ɯl],[be.dɯ.ɾo.ɯi.gil.ɯl]
베라 부인,6,[pe.ɾa.pu.in],[be.ɾa.bu.in]
베드로의 길을 안다,6,[pe.tɯ.ɾo.ɯi.kil.ɯl.an.ta],[be.dɯ.ɾo.ɯi.gil.ɯl.an.ta]
하지 마 당신을,6,[ha.tʃi.ma.taŋ.sin.ɯl],[ha.dʒi.ma.daŋ.sin.ɯl]
pack of alphas,6,,
하지 마 만약,6,[ha.tʃi.ma.man.jak̚],[ha.dʒi.ma.man.jak̚]
내 알바가,6,[nɛ.al.pa.ka],[nɛ.al.pa.ga]
하지 마 맞아,6,[ha.tʃi.ma.mat̚.a],[ha.dʒi.ma.mat̚.a]
베라를 죽인,6,[pe.ɾa.ɾɯl.tʃuk̚.in],[be.ɾa.ɾɯl.dʒuk̚.in]
내가 생각해주지 내게도,6,[nɛ.ka.sɛŋ.kak̚.hɛ.tʃu.tʃi.nɛ.ke.to],[nɛ.ga.sɛŋ.gak̚.hɛ.dʒu.dʒi.nɛ.ge.do]
하지 마 미안,6,[ha.tʃi.ma.mi.an],[ha.dʒi.ma.mi.an]
곧 무슨,6,[kot̚.mu.sɯn],[got̚.mu.sɯn]
베레티가 날,6,[pe.ɾe.tʰi.ka.nal],[be.ɾe.tʰi.ga.nal]
하지 마 아빠,6,[ha.tʃi.ma.a.p͈a],[ha.dʒi.ma.a.p͈a]
베로니카 네,6,[pe.ɾo.ni.kʰa.ne],[be.ɾo.ni.kʰa.ne]
내 암호,6,[nɛ.am.ho],[nɛ.am.ho]
하지 마 아직,6,[ha.tʃi.ma.a.tʃik̚],[ha.dʒi.ma.a.dʒik̚]
하지 마 알겠지,6,[ha.tʃi.ma.al.ket̚.tʃi],[ha.dʒi.ma.al.ket̚.tʃi]
베로니카 딘의,6,[pe.ɾo.ni.kʰa.tin.ɯi],[be.ɾo.ni.kʰa.din.ɯi]
내가 생각했던 것만큼,6,[nɛ.ka.sɛŋ.kak̚.hɛt̚.tʌŋ.kʌt̚.maŋ.kʰɯm],[nɛ.ga.sɛŋ.gak̚.hɛt̚.tʌn.gʌt̚.maŋ.kʰɯm]
하지 마 어디,6,[ha.tʃi.ma.ʌ.ti],[ha.dʒi.ma.ʌ.di]
하지 마 엄마,6,[ha.tʃi.ma.ʌm.ma],[ha.dʒi.ma.ʌm.ma]
하지 마 왜 그래,6,[ha.tʃi.ma.wɛ.kɯ.ɾɛ],[ha.dʒi.ma.wɛ.gɯ.ɾɛ]
하지 마 이렇게,6,[ha.tʃi.ma.i.ɾʌt̚.ke],[ha.dʒi.ma.i.ɾʌt̚.ke]
곧 바닥날,6,[kot̚.pa.tak̚.nal],[got̚.ba.dak̚.nal]
하지 마 자기,6,[ha.tʃi.ma.tʃa.ki],[ha.dʒi.ma.dʒa.gi]
내 앞가림하는,6,[nɛ.ap̚.ka.ɾim.ha.nɯn],[nɛ.ap̚.ka.ɾim.ha.nɯn]
곧 바로잡힐,6,[kot̚.pa.ɾo.tʃap̚.hil],[got̚.ba.ɾo.dʒap̚.hil]
하지 마 절대 안,6,[ha.tʃi.ma.tʃʌl.tɛ.an],[ha.dʒi.ma.dʒʌl.tɛ.an]
베르데 일에,6,[pe.ɾɯ.te.il.e],[be.ɾɯ.de.il.e]
하지 마 조금,6,[ha.tʃi.ma.tʃo.kɯm],[ha.dʒi.ma.dʒo.gɯm]
내 앞가림하는 이기적인,6,[nɛ.ap̚.ka.ɾim.ha.nɯn.i.ki.tʃʌk̚.in],[nɛ.ap̚.ka.ɾim.ha.nɯn.i.gi.dʒʌk̚.in]
하지 마 좋은,6,[ha.tʃi.ma.tʃot̚.ɯn],[ha.dʒi.ma.dʒot̚.ɯn]
하지 마 진짜,6,[ha.tʃi.ma.tʃin.tʃ͈a],[ha.dʒi.ma.dʒin.tʃ͈a]
곧 바로잡힐 거라고,6,[kot̚.pa.ɾo.tʃap̚.hil.kʌ.ɾa.ko],[got̚.ba.ɾo.dʒap̚.hil.gʌ.ɾa.go]
혐의로 체포한다 묵비권을,6,[hjʌm.ɯi.ɾo.tʃʰe.pʰo.han.ta.muk̚.pi.kwʌn.ɯl],[hjʌm.ɯi.ɾo.tʃʰe.pʰo.han.ta.muk̚.pi.gwʌn.ɯl]
하지 마 형,6,[ha.tʃi.ma.hjʌŋ],[ha.dʒi.ma.hjʌŋ]
하지 마 할,6,[ha.tʃi.ma.hal],[ha.dʒi.ma.hal]
베를린에 온,6,[pe.ɾɯl.ɾin.e.on],[be.ɾɯl.ɾin.e.on]
하지 마세요 그럼,6,[ha.tʃi.ma.se.jo.kɯ.ɾʌm],[ha.dʒi.ma.se.jo.gɯ.ɾʌm]
하지 마세요 난,6,[ha.tʃi.ma.se.jo.nan],[ha.dʒi.ma.se.jo.nan]
베를린에있는 이유를 말하지,6,[pe.ɾɯl.ɾin.e.it̚.nɯn.i.ju.ɾɯl.mal.ha.tʃi],[be.ɾɯl.ɾin.e.it̚.nɯn.i.ju.ɾɯl.mal.ha.dʒi]
베를린에있는 이유를,6,[pe.ɾɯl.ɾin.e.it̚.nɯn.i.ju.ɾɯl],[be.ɾɯl.ɾin.e.it̚.nɯn.i.ju.ɾɯl]
베를린에있는 이유를 말하지 않았습니다,6,[pe.ɾɯl.ɾin.e.it̚.nɯn.i.ju.ɾɯl.mal.ha.tʃi.an.at̚.sɯp̚.ni.ta],[be.ɾɯl.ɾin.e.it̚.nɯn.i.ju.ɾɯl.mal.ha.dʒi.an.at̚.sɯp̚.ni.da]
곧 바로잡힐 거라고 안심시켜,6,[kot̚.pa.ɾo.tʃap̚.hil.kʌ.ɾa.ko.an.sim.si.kʰjʌ],[got̚.ba.ɾo.dʒap̚.hil.gʌ.ɾa.go.an.sim.si.kʰjʌ]
곧 받게,6,[kot̚.pat̚.ke],[got̚.bat̚.ke]
하지 마세요 안,6,[ha.tʃi.ma.se.jo.an],[ha.dʒi.ma.se.jo.an]
하지 마세요 아빠,6,[ha.tʃi.ma.se.jo.a.p͈a],[ha.dʒi.ma.se.jo.a.p͈a]
곧 발표할,6,[kot̚.pal.pʰjo.hal],[got̚.bal.pʰjo.hal]
혐의를 벗기,6,[hjʌm.ɯi.ɾɯl.pʌt̚.ki],[hjʌm.ɯi.ɾɯl.bʌt̚.ki]
베리 굿,6,[pe.ɾi.kut̚],[be.ɾi.gut̚]
하지 마세요 저,6,[ha.tʃi.ma.se.jo.tʃʌ],[ha.dʒi.ma.se.jo.dʒʌ]
하지 마세요 제가,6,[ha.tʃi.ma.se.jo.tʃe.ka],[ha.dʒi.ma.se.jo.dʒe.ga]
곧 밝혀낼,6,[kot̚.pak̚.hjʌ.nɛl],[got̚.bak̚.hjʌ.nɛl]
혐의를 부인하는,6,[hjʌm.ɯi.ɾɯl.pu.in.ha.nɯn],[hjʌm.ɯi.ɾɯl.bu.in.ha.nɯn]
하지 마세요'',6,[ha.tʃi.ma.se.jo],[ha.dʒi.ma.se.jo]
하지 마시라고,6,[ha.tʃi.ma.si.ɾa.ko],[ha.dʒi.ma.si.ɾa.go]
베버윅 클럽,6,[pe.pʌ.wik̚.kʰɯl.ɾʌp̚],[be.bʌ.wik̚.kʰɯl.ɾʌp̚]
하지 마오,6,[ha.tʃi.ma.o],[ha.dʒi.ma.o]
하지 마십시요,6,[ha.tʃi.ma.sip̚.si.jo],[ha.dʒi.ma.sip̚.si.jo]
하지 마옵시고,6,[ha.tʃi.ma.op̚.si.ko],[ha.dʒi.ma.op̚.si.go]
베브 코치님,6,[pe.pɯ.kʰo.tʃʰi.nim],[be.bɯ.kʰo.tʃʰi.nim]
베스 스톤,6,[pe.sɯ.sɯ.tʰon],[be.sɯ.sɯ.tʰon]
하지 마요 그런,6,[ha.tʃi.ma.jo.kɯ.ɾʌn],[ha.dʒi.ma.jo.gɯ.ɾʌn]
베스럼 병원,6,[pe.sɯ.ɾʌm.pjʌŋ.wʌn],[be.sɯ.ɾʌm.bjʌŋ.wʌn]
하지 마요 당신,6,[ha.tʃi.ma.jo.taŋ.sin],[ha.dʒi.ma.jo.daŋ.sin]
베스트 슈퍼돼지,6,[pe.sɯ.tʰɯ.sju.pʰʌ.twɛ.tʃi],[be.sɯ.tʰɯ.sju.pʰʌ.dwɛ.dʒi]
하지 마요 알았어,6,[ha.tʃi.ma.jo.al.at̚.ʌ],[ha.dʒi.ma.jo.al.at̚.ʌ]
하지 마요 안,6,[ha.tʃi.ma.jo.an],[ha.dʒi.ma.jo.an]
베어 버릴,6,[pe.ʌ.pʌ.ɾil],[be.ʌ.bʌ.ɾil]
베어 클로를,6,[pe.ʌ.kʰɯl.ɾo.ɾɯl],[be.ʌ.kʰɯl.ɾo.ɾɯl]
혐의에 대해서는,6,[hjʌm.ɯi.e.tɛ.hɛ.sʌ.nɯn],[hjʌm.ɯi.e.dɛ.hɛ.sʌ.nɯn]
하지 말고 이,6,[ha.tʃi.mal.ko.i],[ha.dʒi.mal.ko.i]
하지 말기로,6,[ha.tʃi.mal.ki.ɾo],[ha.dʒi.mal.ki.ɾo]
하지 말라 그랬지,6,[ha.tʃi.mal.ɾa.kɯ.ɾɛt̚.tʃi],[ha.dʒi.mal.ɾa.gɯ.ɾɛt̚.tʃi]
내 앞에서 비켜요,6,[nɛ.ap̚.e.sʌ.pi.kʰjʌ.jo],[nɛ.ap̚.e.sʌ.bi.kʰjʌ.jo]
내 앞에서 치워,6,[nɛ.ap̚.e.sʌ.tʃʰi.wʌ],[nɛ.ap̚.e.sʌ.tʃʰi.wʌ]
하지 말라고 몇,6,[ha.tʃi.mal.ɾa.ko.mjʌt̚],[ha.dʒi.mal.ɾa.go.mjʌt̚]
하지 말라고 말했다,6,[ha.tʃi.mal.ɾa.ko.mal.hɛt̚.ta],[ha.dʒi.mal.ɾa.go.mal.hɛt̚.ta]
베이 에어리어에서,6,[pe.i.e.ʌ.ɾi.ʌ.e.sʌ],[be.i.e.ʌ.ɾi.ʌ.e.sʌ]
하지 말라고 해요,6,[ha.tʃi.mal.ɾa.ko.hɛ.jo],[ha.dʒi.mal.ɾa.go.hɛ.jo]
베이 지역,6,[pe.i.tʃi.jʌk̚],[be.i.dʒi.jʌk̚]
곧 보게 될 거예요,6,[kot̚.po.ke.twel.kʌ.je.jo],[got̚.bo.ge.dwel.gʌ.je.jo]
하지 말라고도,6,[ha.tʃi.mal.ɾa.ko.to],[ha.dʒi.mal.ɾa.go.do]
하지 말라고도 안,6,[ha.tʃi.mal.ɾa.ko.to.an],[ha.dʒi.mal.ɾa.go.do.an]
베이 하버 도살자가 아니었다면,6,[pe.i.ha.pʌ.to.sal.tʃa.ka.a.ni.ʌt̚.ta.mjʌn],[be.i.ha.bʌ.do.sal.tʃa.ga.a.ni.ʌt̚.ta.mjʌn]
부다페스트 호텔의 무슈,6,[pu.ta.pʰe.sɯ.tʰɯ.ho.tʰel.ɯi.mu.sju],[bu.da.pʰe.sɯ.tʰɯ.ho.tʰel.ɯi.mu.sju]
협력 중입니다,6,[hjʌp̚.ɾjʌk̚.tʃuŋ.ip̚.ni.ta],[hjʌp̚.ɾjʌk̚.dʒuŋ.ip̚.ni.da]
베이 힙합 아티스트,6,[pe.i.hip̚.hap̚.a.tʰi.sɯ.tʰɯ],[be.i.hip̚.hap̚.a.tʰi.sɯ.tʰɯ]
베이 힙합,6,[pe.i.hip̚.hap̚],[be.i.hip̚.hap̚]
내 앞으로 달아,6,[nɛ.ap̚.ɯ.ɾo.tal.a],[nɛ.ap̚.ɯ.ɾo.dal.a]
하지 말랬어,6,[ha.tʃi.mal.ɾɛt̚.ʌ],[ha.dʒi.mal.ɾɛt̚.ʌ]
베이더 경의,6,[pe.i.tʌ.kjʌŋ.ɯi],[be.i.dʌ.gjʌŋ.ɯi]
내 앞을 막지,6,[nɛ.ap̚.ɯl.mak̚.tʃi],[nɛ.ap̚.ɯl.mak̚.tʃi]
하지 말아 줄래,6,[ha.tʃi.mal.a.tʃul.ɾɛ],[ha.dʒi.mal.a.dʒul.ɾɛ]
협력 본부,6,[hjʌp̚.ɾjʌk̚.pom.pu],[hjʌp̚.ɾjʌk̚.bom.pu]
베이비 내가,6,[pe.i.pi.nɛ.ka],[be.i.bi.nɛ.ga]
하지 말아야 한다,6,[ha.tʃi.mal.a.ja.han.ta],[ha.dʒi.mal.a.ja.han.ta]
곧 보일,6,[kot̚.po.il],[got̚.bo.il]
협박 메시지를,6,[hjʌp̚.pak̚.me.si.tʃi.ɾɯl],[hjʌp̚.pak̚.me.si.dʒi.ɾɯl]
베이비 베이비,6,[pe.i.pi.pe.i.pi],[be.i.bi.be.i.bi]
내 애기가,6,[nɛ.ɛ.ki.ka],[nɛ.ɛ.gi.ga]
하지 말았어야 해요,6,[ha.tʃi.mal.at̚.ʌ.ja.hɛ.jo],[ha.dʒi.mal.at̚.ʌ.ja.hɛ.jo]
부담 같은,6,[pu.tam.kat̚.ɯn],[bu.dam.gat̚.ɯn]
곧 보일 거야,6,[kot̚.po.il.kʌ.ja],[got̚.bo.il.gʌ.ja]
부담 때문에,6,[pu.tan.t͈ɛ.mun.e],[bu.dan.t͈ɛ.mun.e]
베이비 이,6,[pe.i.pi.i],[be.i.bi.i]
하지 맞소,6,[ha.tʃi.mat̚.so],[ha.dʒi.mat̚.so]
하지 맙소사,6,[ha.tʃi.map̚.so.sa],[ha.dʒi.map̚.so.sa]
하지 맞소 부친의 죄는,6,[ha.tʃi.mat̚.so.pu.tʃʰin.ɯi.tʃwe.nɯn],[ha.dʒi.mat̚.so.bu.tʃʰin.ɯi.dʒwe.nɯn]
곧 복귀할,6,[kot̚.pok̚.kwi.hal],[got̚.bok̚.kwi.hal]
감옥에는 안,6,[kam.ok̚.e.nɯn.an],[gam.ok̚.e.nɯn.an]
하지 모두,6,[ha.tʃi.mo.tu],[ha.dʒi.mo.du]
하지 못 할,6,[ha.tʃi.mot̚.hal],[ha.dʒi.mot̚.hal]
베이스 연주자가,6,[pe.i.sɯ.jʌn.tʃu.tʃa.ka],[be.i.sɯ.jʌn.tʃu.dʒa.ga]
I didn''t believe,6,,
하지 못하지 모든,6,[ha.tʃi.mot̚.ha.tʃi.mo.tɯn],[ha.dʒi.mot̚.ha.dʒi.mo.dɯn]
베이스 캠프를,6,[pe.i.sɯ.kʰɛm.pʰɯ.ɾɯl],[be.i.sɯ.kʰɛm.pʰɯ.ɾɯl]
하지 못한 일을,6,[ha.tʃi.mot̚.han.il.ɯl],[ha.dʒi.mot̚.han.il.ɯl]
내 애마,6,[nɛ.ɛ.ma],[nɛ.ɛ.ma]
하지 못할 거야,6,[ha.tʃi.mot̚.hal.kʌ.ja],[ha.dʒi.mot̚.hal.gʌ.ja]
하지 못한다면,6,[ha.tʃi.mot̚.han.ta.mjʌn],[ha.dʒi.mot̚.han.ta.mjʌn]
하지 못했고,6,[ha.tʃi.mot̚.hɛt̚.ko],[ha.dʒi.mot̚.hɛt̚.ko]
베이커 가로,6,[pe.i.kʰʌ.ka.ɾo],[be.i.kʰʌ.ga.ɾo]
하지 물론,6,[ha.tʃi.mul.ɾon],[ha.dʒi.mul.ɾon]
하지 뭔,6,[ha.tʃi.mwʌn],[ha.dʒi.mwʌn]
베이의 보석,6,[pe.i.ɯi.po.sʌk̚],[be.i.ɯi.bo.sʌk̚]
베이커 씨가,6,[pe.i.kʰʌ.s͈i.ka],[be.i.kʰʌ.s͈i.ga]
베이컨 냄새가,6,[pe.i.kʰʌn.nɛm.sɛ.ka],[be.i.kʰʌn.nɛm.sɛ.ga]
하지 심하게 혼나려나,6,[ha.tʃi.sim.ha.ke.hon.na.ɾjʌ.na],[ha.dʒi.sim.ha.ge.hon.na.ɾjʌ.na]
베이판장 제,6,[pe.i.pʰan.tʃaŋ.tʃe],[be.i.pʰan.tʃaŋ.dʒe]
하지 아무도,6,[ha.tʃi.a.mu.to],[ha.dʒi.a.mu.do]
하지 아무것도,6,[ha.tʃi.a.mu.kʌt̚.to],[ha.dʒi.a.mu.gʌt̚.to]
하지 안 돼,6,[ha.tʃi.an.twɛ],[ha.dʒi.an.dwɛ]
하지 아직,6,[ha.tʃi.a.tʃik̚],[ha.dʒi.a.dʒik̚]
하지 않겠네만,6,[ha.tʃi.aŋ.ket̚.ne.man],[ha.dʒi.aŋ.ket̚.ne.man]
베인 상처,6,[pe.in.saŋ.tʃʰʌ],[be.in.saŋ.tʃʰʌ]
하지 않겠네만 말장난하러 온,6,[ha.tʃi.aŋ.ket̚.ne.man.mal.tʃaŋ.nan.ha.ɾʌ.on],[ha.dʒi.aŋ.ket̚.ne.man.mal.tʃaŋ.nan.ha.ɾʌ.on]
하지 않겠네만 말장난하러,6,[ha.tʃi.aŋ.ket̚.ne.man.mal.tʃaŋ.nan.ha.ɾʌ],[ha.dʒi.aŋ.ket̚.ne.man.mal.tʃaŋ.nan.ha.ɾʌ]
베일리 다운스의,6,[pe.il.ɾi.ta.un.sɯ.ɯi],[be.il.ɾi.da.un.sɯ.ɯi]
하지 않고는,6,[ha.tʃi.aŋ.ko.nɯn],[ha.dʒi.aŋ.ko.nɯn]
협박하시는 거예요,6,[hjʌp̚.pak̚.ha.si.nɯŋ.kʌ.je.jo],[hjʌp̚.pak̚.ha.si.nɯn.gʌ.je.jo]
내 약점은,6,[nɛ.jak̚.tʃʌm.ɯn],[nɛ.jak̚.tʃʌm.ɯn]
베일의 기사들은,6,[pe.il.ɯi.ki.sa.tɯl.ɯn],[be.il.ɯi.gi.sa.dɯl.ɯn]
하지 않는 것이 좋다,6,[ha.tʃi.an.nɯŋ.kʌt̚.i.tʃot̚.ta],[ha.dʒi.an.nɯn.gʌt̚.i.dʒot̚.ta]
베주코프 役 릴리,6,[pe.tʃu.kʰo.pʰɯ.ɾil.ɾi],[be.dʒu.kʰo.pʰɯ.ɾil.ɾi]
베주코프 役,6,[pe.tʃu.kʰo.pʰɯ],[be.dʒu.kʰo.pʰɯ]
베주코프 役 릴리 제임스,6,[pe.tʃu.kʰo.pʰɯ.ɾil.ɾi.tʃe.im.sɯ],[be.dʒu.kʰo.pʰɯ.ɾil.ɾi.dʒe.im.sɯ]
내 약점이,6,[nɛ.jak̚.tʃʌm.i],[nɛ.jak̚.tʃʌm.i]
내 약점이야,6,[nɛ.jak̚.tʃʌm.i.ja],[nɛ.jak̚.tʃʌm.i.ja]
하지 않는군요,6,[ha.tʃi.an.nɯŋ.kun.jo],[ha.dʒi.an.nɯŋ.kun.jo]
하지 않는다 내,6,[ha.tʃi.an.nɯn.ta.nɛ],[ha.dʒi.an.nɯn.ta.nɛ]
베켓 캐슬,6,[pe.kʰet̚.kʰɛ.sɯl],[be.kʰet̚.kʰɛ.sɯl]
하지 않는다면 말이야,6,[ha.tʃi.an.nɯn.ta.mjʌn.mal.i.ja],[ha.dʒi.an.nɯn.ta.mjʌn.mal.i.ja]
베켓 형사님이,6,[pe.kʰet̚.hjʌŋ.sa.nim.i],[be.kʰet̚.hjʌŋ.sa.nim.i]
베켓 형사와,6,[pe.kʰet̚.hjʌŋ.sa.wa],[be.kʰet̚.hjʌŋ.sa.wa]
part about,6,,
협상 못,6,[hjʌp̚.saŋ.mot̚],[hjʌp̚.saŋ.mot̚]
하지 않소 철 왕좌에,6,[ha.tʃi.an.so.tʃʰʌl.waŋ.tʃwa.e],[ha.dʒi.an.so.tʃʰʌl.waŋ.dʒwa.e]
하지 않소 철,6,[ha.tʃi.an.so.tʃʰʌl],[ha.dʒi.an.so.tʃʰʌl]
하지 않습니다 성공률이 높은,6,[ha.tʃi.an.sɯp̚.ni.ta.sʌŋ.koŋ.ɾjul.i.nop̚.ɯn],[ha.dʒi.an.sɯp̚.ni.da.sʌŋ.goŋ.ɾjul.i.nop̚.ɯn]
하지 않습니다 성공률이,6,[ha.tʃi.an.sɯp̚.ni.ta.sʌŋ.koŋ.ɾjul.i],[ha.dʒi.an.sɯp̚.ni.da.sʌŋ.goŋ.ɾjul.i]
협상 불가,6,[hjʌp̚.sam.pul.ka],[hjʌp̚.saŋ.bul.ka]
내가 선택받은,6,[nɛ.ka.sʌn.tʰɛk̚.pat̚.ɯn],[nɛ.ga.sʌn.tʰɛk̚.pat̚.ɯn]
부담하지 말라,6,[pu.tam.ha.tʃi.mal.ɾa],[bu.dam.ha.dʒi.mal.ɾa]
bad boys,6,,
하지 않아도 될,6,[ha.tʃi.an.a.to.twel],[ha.dʒi.an.a.do.dwel]
감옥에서 날,6,[kam.ok̚.e.sʌ.nal],[gam.ok̚.e.sʌ.nal]
협상 카드야,6,[hjʌp̚.saŋ.kʰa.tɯ.ja],[hjʌp̚.saŋ.kʰa.dɯ.ja]
하지 않았겠죠,6,[ha.tʃi.an.at̚.ket̚.tʃjo],[ha.dʒi.an.at̚.ket̚.tʃjo]
베트남 전쟁에 대해,6,[pe.tʰɯ.nan.tʃʌn.tʃɛŋ.e.tɛ.hɛ],[be.tʰɯ.nam.dʒʌn.tʃɛŋ.e.dɛ.hɛ]
베트남 전쟁에서,6,[pe.tʰɯ.nan.tʃʌn.tʃɛŋ.e.sʌ],[be.tʰɯ.nam.dʒʌn.tʃɛŋ.e.sʌ]
곧 새로운 세상이,6,[kot̚.sɛ.ɾo.un.se.saŋ.i],[got̚.sɛ.ɾo.un.se.saŋ.i]
하지 않았길,6,[ha.tʃi.an.at̚.kil],[ha.dʒi.an.at̚.kil]
내 양말을,6,[nɛ.jaŋ.mal.ɯl],[nɛ.jaŋ.mal.ɯl]
내 양복에 추적기를,6,[nɛ.jam.pok̚.e.tʃʰu.tʃʌk̚.ki.ɾɯl],[nɛ.jaŋ.bok̚.e.tʃʰu.dʒʌk̚.ki.ɾɯl]
내 양복에 추적기를 달았습니까,6,[nɛ.jam.pok̚.e.tʃʰu.tʃʌk̚.ki.ɾɯl.tal.at̚.sɯp̚.ni.k͈a],[nɛ.jaŋ.bok̚.e.tʃʰu.dʒʌk̚.ki.ɾɯl.dal.at̚.sɯp̚.ni.k͈a]
곧 새로운 세상이 올,6,[kot̚.sɛ.ɾo.un.se.saŋ.i.ol],[got̚.sɛ.ɾo.un.se.saŋ.i.ol]
Nobody said,6,,
베푸는 거지,6,[pe.pʰu.nɯŋ.kʌ.tʃi],[be.pʰu.nɯn.gʌ.dʒi]
내 양복이,6,[nɛ.jam.pok̚.i],[nɛ.jaŋ.bok̚.i]
베푸는 건,6,[pe.pʰu.nɯŋ.kʌn],[be.pʰu.nɯn.gʌn]
협박에 대해,6,[hjʌp̚.pak̚.e.tɛ.hɛ],[hjʌp̚.pak̚.e.dɛ.hɛ]
하지 않았어 난,6,[ha.tʃi.an.at̚.ʌ.nan],[ha.dʒi.an.at̚.ʌ.nan]
하지 않았어 내가,6,[ha.tʃi.an.at̚.ʌ.nɛ.ka],[ha.dʒi.an.at̚.ʌ.nɛ.ga]
베푸시죠 잠재적,6,[pe.pʰu.si.tʃjo.tʃan.tʃɛ.tʃʌk̚],[be.pʰu.si.dʒjo.dʒan.tʃɛ.dʒʌk̚]
베푸시죠 잠재적 아군과,6,[pe.pʰu.si.tʃjo.tʃan.tʃɛ.tʃʌk̚.a.kuŋ.kwa],[be.pʰu.si.dʒjo.dʒan.tʃɛ.dʒʌk̚.a.guŋ.kwa]
내 양심을,6,[nɛ.jaŋ.sim.ɯl],[nɛ.jaŋ.sim.ɯl]
감옥에서 널,6,[kam.ok̚.e.sʌ.nʌl],[gam.ok̚.e.sʌ.nʌl]
하지 않았으니,6,[ha.tʃi.an.at̚.ɯ.ni],[ha.dʒi.an.at̚.ɯ.ni]
베푸시죠 잠재적 아군과 더,6,[pe.pʰu.si.tʃjo.tʃan.tʃɛ.tʃʌk̚.a.kuŋ.kwa.tʌ],[be.pʰu.si.dʒjo.dʒan.tʃɛ.dʒʌk̚.a.guŋ.kwa.dʌ]
베풀어 주신,6,[pe.pʰul.ʌ.tʃu.sin],[be.pʰul.ʌ.dʒu.sin]
벡 상병은,6,[pek̚.sam.pjʌŋ.ɯn],[bek̚.saŋ.bjʌŋ.ɯn]
내 얘기 다,6,[nɛ.jɛ.ki.ta],[nɛ.jɛ.gi.da]
하지 않으니,6,[ha.tʃi.an.ɯ.ni],[ha.dʒi.an.ɯ.ni]
벡 웨더스,6,[pek̚.we.tʌ.sɯ],[bek̚.we.dʌ.sɯ]
하지 않으려는,6,[ha.tʃi.an.ɯ.ɾjʌ.nɯn],[ha.dʒi.an.ɯ.ɾjʌ.nɯn]
내 얘기 들어 봐,6,[nɛ.jɛ.ki.tɯl.ʌ.pwa],[nɛ.jɛ.gi.dɯl.ʌ.bwa]
하지 않으면 안,6,[ha.tʃi.an.ɯ.mjʌn.an],[ha.dʒi.an.ɯ.mjʌn.an]
하지 않으면요,6,[ha.tʃi.an.ɯ.mjʌn.jo],[ha.dʒi.an.ɯ.mjʌn.jo]
하지 않으면서,6,[ha.tʃi.an.ɯ.mjʌn.sʌ],[ha.dʒi.an.ɯ.mjʌn.sʌ]
하지 않으셔도,6,[ha.tʃi.an.ɯ.sjʌ.to],[ha.dʒi.an.ɯ.sjʌ.do]
곧 소식을,6,[kot̚.so.sik̚.ɯl],[got̚.so.sik̚.ɯl]
하지 않으셨습니다,6,[ha.tʃi.an.ɯ.sjʌt̚.sɯp̚.ni.ta],[ha.dʒi.an.ɯ.sjʌt̚.sɯp̚.ni.da]
Nobody said it,6,,
하지 않으신,6,[ha.tʃi.an.ɯ.sin],[ha.dʒi.an.ɯ.sin]
벤 리커트입니다,6,[pel.li.kʰʌ.tʰɯ.ip̚.ni.ta],[bel.li.kʰʌ.tʰɯ.ip̚.ni.da]
내가 선택했어,6,[nɛ.ka.sʌn.tʰɛk̚.hɛt̚.ʌ],[nɛ.ga.sʌn.tʰɛk̚.hɛt̚.ʌ]
하지 않은 것에,6,[ha.tʃi.an.ɯŋ.kʌt̚.e],[ha.dʒi.an.ɯn.gʌt̚.e]
내 얘기 안 끝났어,6,[nɛ.jɛ.ki.aŋ.k͈ɯt̚.nat̚.ʌ],[nɛ.jɛ.gi.aŋ.k͈ɯt̚.nat̚.ʌ]
하지 않은 일에,6,[ha.tʃi.an.ɯn.il.e],[ha.dʒi.an.ɯn.il.e]
하지 않은 것이,6,[ha.tʃi.an.ɯŋ.kʌt̚.i],[ha.dʒi.an.ɯn.gʌt̚.i]
벤 스웨인이,6,[pen.sɯ.we.in.i],[ben.sɯ.we.in.i]
벤 씨,6,[pen.s͈i],[ben.s͈i]
하지 않을 거야 내가,6,[ha.tʃi.an.ɯl.kʌ.ja.nɛ.ka],[ha.dʒi.an.ɯl.gʌ.ja.nɛ.ga]
하지 않을 거라는,6,[ha.tʃi.an.ɯl.kʌ.ɾa.nɯn],[ha.dʒi.an.ɯl.gʌ.ɾa.nɯn]
벤 와이엇을,6,[pen.wa.i.ʌt̚.ɯl],[ben.wa.i.ʌt̚.ɯl]
하지 않을 것이기,6,[ha.tʃi.an.ɯl.kʌt̚.i.ki],[ha.dʒi.an.ɯl.gʌt̚.i.gi]
곧 시작돼요,6,[kot̚.si.tʃak̚.twɛ.jo],[got̚.si.dʒak̚.twɛ.jo]
벤 이,6,[pen.i],[ben.i]
협상해야 할,6,[hjʌp̚.saŋ.hɛ.ja.hal],[hjʌp̚.saŋ.hɛ.ja.hal]
하지 않을 일을,6,[ha.tʃi.an.ɯl.il.ɯl],[ha.dʒi.an.ɯl.il.ɯl]
협정은 제자리에,6,[hjʌp̚.tʃʌŋ.ɯn.tʃe.tʃa.ɾi.e],[hjʌp̚.tʃʌŋ.ɯn.dʒe.dʒa.ɾi.e]
하지 않을거야 만약,6,[ha.tʃi.an.ɯl.kʌ.ja.man.jak̚],[ha.dʒi.an.ɯl.kʌ.ja.man.jak̚]
벤 캐스퍼,6,[peŋ.kʰɛ.sɯ.pʰʌ],[beŋ.kʰɛ.sɯ.pʰʌ]
하지 않을께요,6,[ha.tʃi.an.ɯl.k͈e.jo],[ha.dʒi.an.ɯl.k͈e.jo]
협약에 찬성하면,6,[hjʌp̚.jak̚.e.tʃʰan.sʌŋ.ha.mjʌn],[hjʌp̚.jak̚.e.tʃʰan.sʌŋ.ha.mjʌn]
협정을 맺었어,6,[hjʌp̚.tʃʌŋ.ɯl.mɛt̚.ʌt̚.ʌ],[hjʌp̚.tʃʌŋ.ɯl.mɛt̚.ʌt̚.ʌ]
하지 않을테니까,6,[ha.tʃi.an.ɯl.tʰe.ni.k͈a],[ha.dʒi.an.ɯl.tʰe.ni.k͈a]
하지 않을테니,6,[ha.tʃi.an.ɯl.tʰe.ni],[ha.dʒi.an.ɯl.tʰe.ni]
하지 알았어요,6,[ha.tʃi.al.at̚.ʌ.jo],[ha.dʒi.al.at̚.ʌ.jo]
하지 어디로,6,[ha.tʃi.ʌ.ti.ɾo],[ha.dʒi.ʌ.di.ɾo]
벤을 잘,6,[pen.ɯl.tʃal],[ben.ɯl.dʒal]
협조 좀 해주시죠,6,[hjʌp̚.tʃo.tʃom.hɛ.tʃu.si.tʃjo],[hjʌp̚.tʃo.dʒom.hɛ.dʒu.si.dʒjo]
협조가 필요해요,6,[hjʌp̚.tʃo.ka.pʰil.jo.hɛ.jo],[hjʌp̚.tʃo.ga.pʰil.jo.hɛ.jo]
벤자민 윌리엄스의,6,[pen.tʃa.min.wil.ɾi.ʌm.sɯ.ɯi],[ben.tʃa.min.wil.ɾi.ʌm.sɯ.ɯi]
bad for a,6,,
내 얘기가 아니잖아,6,[nɛ.jɛ.ki.ka.a.ni.tʃan.a],[nɛ.jɛ.gi.ga.a.ni.dʒan.a]
하지 이게 내가,6,[ha.tʃi.i.ke.nɛ.ka],[ha.dʒi.i.ge.nɛ.ga]
벤지를 풀어줘,6,[pen.tʃi.ɾɯl.pʰul.ʌ.tʃwʌ],[ben.tʃi.ɾɯl.pʰul.ʌ.dʒwʌ]
곧 시작한다,6,[kot̚.si.tʃak̚.han.ta],[got̚.si.dʒak̚.han.ta]
하지 이미,6,[ha.tʃi.i.mi],[ha.dʒi.i.mi]
하지 이해가,6,[ha.tʃi.i.hɛ.ka],[ha.dʒi.i.hɛ.ga]
협조하는 대신,6,[hjʌp̚.tʃo.ha.nɯn.tɛ.sin],[hjʌp̚.tʃo.ha.nɯn.dɛ.sin]
하지 자,6,[ha.tʃi.tʃa],[ha.dʒi.dʒa]
벤턴 경의,6,[pen.tʰʌŋ.kjʌŋ.ɯi],[ben.tʰʌn.gjʌŋ.ɯi]
벤트리 듀크가,6,[pen.tʰɯ.ɾi.tju.kʰɯ.ka],[ben.tʰɯ.ɾi.dju.kʰɯ.ga]
하지 전부 다 맛보게,6,[ha.tʃi.tʃʌm.pu.ta.mat̚.po.ke],[ha.dʒi.dʒʌm.pu.da.mat̚.po.ge]
하지 전부 다,6,[ha.tʃi.tʃʌm.pu.ta],[ha.dʒi.dʒʌm.pu.da]
하지 조만간,6,[ha.tʃi.tʃo.maŋ.kan],[ha.dʒi.dʒo.maŋ.kan]
Nobody said it was,6,,
벨 거야,6,[pel.kʌ.ja],[bel.gʌ.ja]
내가 설명해 주지,6,[nɛ.ka.sʌl.mjʌŋ.hɛ.tʃu.tʃi],[nɛ.ga.sʌl.mjʌŋ.hɛ.dʒu.dʒi]
하지 좋아요,6,[ha.tʃi.tʃot̚.a.jo],[ha.dʒi.dʒot̚.a.jo]
하지 차,6,[ha.tʃi.tʃʰa],[ha.dʒi.tʃʰa]
하지 진짜,6,[ha.tʃi.tʃin.tʃ͈a],[ha.dʒi.dʒin.tʃ͈a]
부두로 가,6,[pu.tu.ɾo.ka],[bu.du.ɾo.ga]
하지 최악을,6,[ha.tʃi.tʃʰwe.ak̚.ɯl],[ha.dʒi.tʃʰwe.ak̚.ɯl]
벨 소리를,6,[pel.so.ɾi.ɾɯl],[bel.so.ɾi.ɾɯl]
하지 하지만 난,6,[ha.tʃi.ha.tʃi.man.nan],[ha.dʒi.ha.dʒi.man.nan]
하지 했어요,6,[ha.tʃi.hɛt̚.ʌ.jo],[ha.dʒi.hɛt̚.ʌ.jo]
내 얘기를 한,6,[nɛ.jɛ.ki.ɾɯl.han],[nɛ.jɛ.gi.ɾɯl.han]
감옥에서 빼,6,[kam.ok̚.e.sʌ.p͈ɛ],[gam.ok̚.e.sʌ.p͈ɛ]
하지는 마세요,6,[ha.tʃi.nɯn.ma.se.jo],[ha.dʒi.nɯn.ma.se.jo]
벨 아주머니께서,6,[pel.a.tʃu.mʌ.ni.k͈e.sʌ],[bel.a.dʒu.mʌ.ni.k͈e.sʌ]
협조해 줘,6,[hjʌp̚.tʃo.hɛ.tʃwʌ],[hjʌp̚.tʃo.hɛ.dʒwʌ]
하지는 않았습니다,6,[ha.tʃi.nɯn.an.at̚.sɯp̚.ni.ta],[ha.dʒi.nɯn.an.at̚.sɯp̚.ni.da]
하지는 않았을,6,[ha.tʃi.nɯn.an.at̚.ɯl],[ha.dʒi.nɯn.an.at̚.ɯl]
하지는 않을거야,6,[ha.tʃi.nɯn.an.ɯl.kʌ.ja],[ha.dʒi.nɯn.an.ɯl.kʌ.ja]
내 얘기부터 들어,6,[nɛ.jɛ.ki.pu.tʰʌ.tɯl.ʌ],[nɛ.jɛ.gi.bu.tʰʌ.dɯl.ʌ]
하지도 마요,6,[ha.tʃi.to.ma.jo],[ha.dʒi.do.ma.jo]
벨 형사는,6,[pel.hjʌŋ.sa.nɯn],[bel.hjʌŋ.sa.nɯn]
내 얘기에,6,[nɛ.jɛ.ki.e],[nɛ.jɛ.gi.e]
부두에서 당신을,6,[pu.tu.e.sʌ.taŋ.sin.ɯl],[bu.du.e.sʌ.daŋ.sin.ɯl]
곧 쌀,6,[kot̚.s͈al],[got̚.s͈al]
협해를 장악하고 있는,6,[hjʌp̚.hɛ.ɾɯl.tʃaŋ.ak̚.ha.ko.it̚.nɯn],[hjʌp̚.hɛ.ɾɯl.dʒaŋ.ak̚.ha.go.it̚.nɯn]
part of this,6,,
하지도 않았다,6,[ha.tʃi.to.an.at̚.ta],[ha.dʒi.do.an.at̚.ta]
하지도 않았잖아,6,[ha.tʃi.to.an.at̚.tʃan.a],[ha.dʒi.do.an.at̚.tʃan.a]
협회 회원,6,[hjʌp̚.hwe.hwe.wʌn],[hjʌp̚.hwe.hwe.wʌn]
하지도 않았죠,6,[ha.tʃi.to.an.at̚.tʃjo],[ha.dʒi.do.an.at̚.tʃjo]
벨 형사입니다 이쪽은,6,[pel.hjʌŋ.sa.ip̚.ni.ta.i.tʃ͈ok̚.ɯn],[bel.hjʌŋ.sa.ip̚.ni.da.i.tʃ͈ok̚.ɯn]
하지도 않은 일을,6,[ha.tʃi.to.an.ɯn.il.ɯl],[ha.dʒi.do.an.ɯn.il.ɯl]
하지도 않은 짓으로,6,[ha.tʃi.to.an.ɯn.tʃit̚.ɯ.ɾo],[ha.dʒi.do.an.ɯn.dʒit̚.ɯ.ɾo]
하지도 않을 거야,6,[ha.tʃi.to.an.ɯl.kʌ.ja],[ha.dʒi.do.an.ɯl.gʌ.ja]
하지도 않잖아,6,[ha.tʃi.to.an.tʃan.a],[ha.dʒi.do.an.tʃan.a]
벨더스 양,6,[pel.tʌ.sɯ.jaŋ],[bel.tʌ.sɯ.jaŋ]
내가 성공적으로,6,[nɛ.ka.sʌŋ.koŋ.tʃʌk̚.ɯ.ɾo],[nɛ.ga.sʌŋ.goŋ.dʒʌk̚.ɯ.ɾo]
내 얘길 들어,6,[nɛ.jɛ.kil.tɯl.ʌ],[nɛ.jɛ.gil.dɯl.ʌ]
하지마 그럼,6,[ha.tʃi.ma.kɯ.ɾʌm],[ha.dʒi.ma.gɯ.ɾʌm]
벨라는 어디,6,[pel.ɾa.nɯn.ʌ.ti],[bel.ɾa.nɯn.ʌ.di]
곧 아기가 나올,6,[kot̚.a.ki.ka.na.ol],[got̚.a.gi.ga.na.ol]
내 얘길 하는,6,[nɛ.jɛ.kil.ha.nɯn],[nɛ.jɛ.gil.ha.nɯn]
벨라미 네가,6,[pel.ɾa.mi.ne.ka],[bel.ɾa.mi.ne.ga]
하지마 니가,6,[ha.tʃi.ma.ni.ka],[ha.dʒi.ma.ni.ga]
하지마 뭘,6,[ha.tʃi.ma.mwʌl],[ha.dʒi.ma.mwʌl]
내 어깨 위에,6,[nɛ.ʌ.k͈ɛ.wi.e],[nɛ.ʌ.k͈ɛ.wi.e]
하지마 안돼,6,[ha.tʃi.ma.an.twɛ],[ha.dʒi.ma.an.twɛ]
하지마 알았어,6,[ha.tʃi.ma.al.at̚.ʌ],[ha.dʒi.ma.al.at̚.ʌ]
벨라미 요원님,6,[pel.ɾa.mi.jo.wʌn.nim],[bel.ɾa.mi.jo.wʌn.nim]
하지마 좀,6,[ha.tʃi.ma.tʃom],[ha.dʒi.ma.dʒom]
하지마 전,6,[ha.tʃi.ma.tʃʌn],[ha.dʒi.ma.dʒʌn]
벨리 댄스,6,[pel.ɾi.tɛn.sɯ],[bel.ɾi.dɛn.sɯ]
부드러운 피아노,6,[pu.tɯ.ɾʌ.um.pʰi.a.no],[bu.dɯ.ɾʌ.um.pʰi.a.no]
하지만 가끔은 비극이,6,[ha.tʃi.maŋ.ka.k͈ɯm.ɯm.pi.kɯk̚.i],[ha.dʒi.man.ga.k͈ɯm.ɯn.bi.gɯk̚.i]
하지만 가는,6,[ha.tʃi.maŋ.ka.nɯn],[ha.dʒi.man.ga.nɯn]
내 어렸을,6,[nɛ.ʌ.ɾjʌt̚.ɯl],[nɛ.ʌ.ɾjʌt̚.ɯl]
하지만 가만히,6,[ha.tʃi.maŋ.ka.man.hi],[ha.dʒi.man.ga.man.hi]
하지만 가슴,6,[ha.tʃi.maŋ.ka.sɯm],[ha.dʒi.man.ga.sɯm]
형 돈,6,[hjʌŋ.ton],[hjʌŋ.don]
하지만 가장 중요한 것은,6,[ha.tʃi.maŋ.ka.tʃaŋ.tʃuŋ.jo.haŋ.kʌt̚.ɯn],[ha.dʒi.man.ga.dʒaŋ.dʒuŋ.jo.han.gʌt̚.ɯn]
내 어린 시절이,6,[nɛ.ʌ.ɾin.si.tʃʌl.i],[nɛ.ʌ.ɾin.si.dʒʌl.i]
하지만 각,6,[ha.tʃi.maŋ.kak̚],[ha.dʒi.man.gak̚]
벨트 매고 소지품을 잘,6,[pel.tʰɯ.mɛ.ko.so.tʃi.pʰum.ɯl.tʃal],[bel.tʰɯ.mɛ.go.so.dʒi.pʰum.ɯl.dʒal]
벨트 매고 소지품을,6,[pel.tʰɯ.mɛ.ko.so.tʃi.pʰum.ɯl],[bel.tʰɯ.mɛ.go.so.dʒi.pʰum.ɯl]
부드럽게 하세요,6,[pu.tɯ.ɾʌp̚.ke.ha.se.jo],[bu.dɯ.ɾʌp̚.ke.ha.se.jo]
하지만 개인적으로,6,[ha.tʃi.maŋ.kɛ.in.tʃʌk̚.ɯ.ɾo],[ha.dʒi.man.gɛ.in.tʃʌk̚.ɯ.ɾo]
벨트 매라고,6,[pel.tʰɯ.mɛ.ɾa.ko],[bel.tʰɯ.mɛ.ɾa.go]
내 어릴 때,6,[nɛ.ʌ.ɾil.t͈ɛ],[nɛ.ʌ.ɾil.t͈ɛ]
하지만 걔들이,6,[ha.tʃi.maŋ.kjɛ.tɯl.i],[ha.dʒi.man.gjɛ.dɯl.i]
하지만 걱정이,6,[ha.tʃi.maŋ.kʌk̚.tʃʌŋ.i],[ha.dʒi.man.gʌk̚.tʃʌŋ.i]
party on,6,,
하지만 걱정하지마,6,[ha.tʃi.maŋ.kʌk̚.tʃʌŋ.ha.tʃi.ma],[ha.dʒi.man.gʌk̚.tʃʌŋ.ha.dʒi.ma]
하지만 걱정하지 마 내가,6,[ha.tʃi.maŋ.kʌk̚.tʃʌŋ.ha.tʃi.ma.nɛ.ka],[ha.dʒi.man.gʌk̚.tʃʌŋ.ha.dʒi.ma.nɛ.ga]
벼락 맞을,6,[pjʌ.ɾak̚.mat̚.ɯl],[bjʌ.ɾak̚.mat̚.ɯl]
하지만 검사,6,[ha.tʃi.maŋ.kʌm.sa],[ha.dʒi.man.gʌm.sa]
곧 알게 돼요,6,[kot̚.al.ke.twɛ.jo],[got̚.al.ke.dwɛ.jo]
부디 우리,6,[pu.ti.u.ɾi],[bu.di.u.ɾi]
형 생일,6,[hjʌŋ.sɛŋ.il],[hjʌŋ.sɛŋ.il]
벼랑 끝,6,[pjʌ.ɾaŋ.k͈ɯt̚],[bjʌ.ɾaŋ.k͈ɯt̚]
하지만 결국 이,6,[ha.tʃi.maŋ.kjʌl.kuk̚.i],[ha.dʒi.man.gjʌl.kuk̚.i]
형 아까,6,[hjʌŋ.a.k͈a],[hjʌŋ.a.k͈a]
벼르고 있어 무슨,6,[pjʌ.ɾɯ.ko.it̚.ʌ.mu.sɯn],[bjʌ.ɾɯ.go.it̚.ʌ.mu.sɯn]
내 어미를,6,[nɛ.ʌ.mi.ɾɯl],[nɛ.ʌ.mi.ɾɯl]
감옥에서 썩을 거야,6,[kam.ok̚.e.sʌ.s͈ʌk̚.ɯl.kʌ.ja],[gam.ok̚.e.sʌ.s͈ʌk̚.ɯl.gʌ.ja]
하지만 고객,6,[ha.tʃi.maŋ.ko.kɛk̚],[ha.dʒi.man.go.gɛk̚]
하지만 계획을,6,[ha.tʃi.maŋ.kje.hwek̚.ɯl],[ha.dʒi.man.gje.hwek̚.ɯl]
Bloody Gate,6,,
벽 그,6,[pjʌk̚.kɯ],[bjʌk̚.gɯ]
하지만 곧 그렇게,6,[ha.tʃi.maŋ.kot̚.kɯ.ɾʌt̚.ke],[ha.dʒi.man.got̚.gɯ.ɾʌt̚.ke]
내 억양이,6,[nɛ.ʌk̚.jaŋ.i],[nɛ.ʌk̚.jaŋ.i]
감옥에서 썩지,6,[kam.ok̚.e.sʌ.s͈ʌk̚.tʃi],[gam.ok̚.e.sʌ.s͈ʌk̚.tʃi]
party 파티를,6,[pʰa.tʰi.ɾɯl],[pʰa.tʰi.ɾɯl]
하지만 과연,6,[ha.tʃi.maŋ.kwa.jʌn],[ha.dʒi.man.gwa.jʌn]
party 파티를 위해,6,[pʰa.tʰi.ɾɯl.wi.hɛ],[pʰa.tʰi.ɾɯl.wi.hɛ]
하지만 괜찮다면,6,[ha.tʃi.maŋ.kwɛn.tʃʰan.ta.mjʌn],[ha.dʒi.man.gwɛn.tʃʰan.ta.mjʌn]
하지만 괜찮으시다면,6,[ha.tʃi.maŋ.kwɛn.tʃʰan.ɯ.si.ta.mjʌn],[ha.dʒi.man.gwɛn.tʃʰan.ɯ.si.da.mjʌn]
내 언니잖아,6,[nɛ.ʌn.ni.tʃan.a],[nɛ.ʌn.ni.dʒan.a]
벽 밖의,6,[pjʌk̚.pak̚.ɯi],[bjʌk̚.bak̚.ɯi]
하지만 규칙을,6,[ha.tʃi.maŋ.kju.tʃʰik̚.ɯl],[ha.dʒi.man.gju.tʃʰik̚.ɯl]
하지만 그 결정은,6,[ha.tʃi.maŋ.kɯ.kjʌl.tʃʌŋ.ɯn],[ha.dʒi.man.gɯ.gjʌl.tʃʌŋ.ɯn]
하지만 그 다음은,6,[ha.tʃi.maŋ.kɯ.ta.ɯm.ɯn],[ha.dʒi.man.gɯ.da.ɯm.ɯn]
하지만 그 돈을,6,[ha.tʃi.maŋ.kɯ.ton.ɯl],[ha.dʒi.man.gɯ.don.ɯl]
하지만 그 둘은,6,[ha.tʃi.maŋ.kɯ.tul.ɯn],[ha.dʒi.man.gɯ.dul.ɯn]
Nobody''s going,6,,
하지만 그 때문에,6,[ha.tʃi.maŋ.kɯ.t͈ɛ.mun.e],[ha.dʒi.man.gɯ.t͈ɛ.mun.e]
벽 안쪽에,6,[pjʌk̚.an.tʃ͈ok̚.e],[bjʌk̚.an.tʃ͈ok̚.e]
벽 좀 봐,6,[pjʌk̚.tʃom.pwa],[bjʌk̚.dʒom.bwa]
곧 알게 될 테니까,6,[kot̚.al.ke.twel.tʰe.ni.k͈a],[got̚.al.ke.dwel.tʰe.ni.k͈a]
벽 쪽으로 가,6,[pjʌk̚.tʃ͈ok̚.ɯ.ɾo.ka],[bjʌk̚.tʃ͈ok̚.ɯ.ɾo.ga]
벽과 함께,6,[pjʌk̚.kwa.ham.k͈e],[bjʌk̚.kwa.ham.k͈e]
하지만 그 일,6,[ha.tʃi.maŋ.kɯ.il],[ha.dʒi.man.gɯ.il]
벽과 함께 파괴되었다,6,[pjʌk̚.kwa.ham.k͈e.pʰa.kwe.twe.ʌt̚.ta],[bjʌk̚.kwa.ham.k͈e.pʰa.gwe.dwe.ʌt̚.ta]
벽난로 옆에,6,[pjʌk̚.nal.lo.jʌp̚.e],[bjʌk̚.nal.lo.jʌp̚.e]
Noel 의용,6,[ɯi.joŋ],[ɯi.joŋ]
하지만 그 자는,6,[ha.tʃi.maŋ.kɯ.tʃa.nɯn],[ha.dʒi.man.gɯ.dʒa.nɯn]
벽도 우릴,6,[pjʌk̚.to.u.ɾil],[bjʌk̚.to.u.ɾil]
벽도 우릴 막을,6,[pjʌk̚.to.u.ɾil.mak̚.ɯl],[bjʌk̚.to.u.ɾil.mak̚.ɯl]
벽도 우릴 막을 수,6,[pjʌk̚.to.u.ɾil.mak̚.ɯl.su],[bjʌk̚.to.u.ɾil.mak̚.ɯl.su]
벽돌로 내려친,6,[pjʌk̚.tol.ɾo.nɛ.ɾjʌ.tʃʰin],[bjʌk̚.tol.ɾo.nɛ.ɾjʌ.tʃʰin]
곧 알게될거야,6,[kot̚.al.ke.twel.kʌ.ja],[got̚.al.ke.dwel.kʌ.ja]
또는 당신이 남긴 사려,6,[t͈o.nɯn.taŋ.sin.i.nam.kin.sa.ɾjʌ],[t͈o.nɯn.daŋ.sin.i.nam.kin.sa.ɾjʌ]
이런 희생을,6,[i.ɾʌn.hɯi.sɛŋ.ɯl],[i.ɾʌn.hɯi.sɛŋ.ɯl]
하지만 그 후로,6,[ha.tʃi.maŋ.kɯ.hu.ɾo],[ha.dʒi.man.gɯ.hu.ɾo]
pass out,6,,
부딪칠 거예요,6,[pu.tit̚.tʃʰil.kʌ.je.jo],[bu.dit̚.tʃʰil.gʌ.je.jo]
감옥에서 죽었어,6,[kam.ok̚.e.sʌ.tʃuk̚.ʌt̚.ʌ],[gam.ok̚.e.sʌ.dʒuk̚.ʌt̚.ʌ]
하지만 그거 아세요,6,[ha.tʃi.maŋ.kɯ.kʌ.a.se.jo],[ha.dʒi.man.gɯ.gʌ.a.se.jo]
벽에 갇혀 있더라도 명심하라,6,[pjʌk̚.e.kat̚.hjʌ.it̚.tʌ.ɾa.to.mjʌŋ.sim.ha.ɾa],[bjʌk̚.e.gat̚.hjʌ.it̚.tʌ.ɾa.do.mjʌŋ.sim.ha.ɾa]
벽에 갇혀 있더라도,6,[pjʌk̚.e.kat̚.hjʌ.it̚.tʌ.ɾa.to],[bjʌk̚.e.gat̚.hjʌ.it̚.tʌ.ɾa.do]
하지만 그건 마치,6,[ha.tʃi.maŋ.kɯ.kʌn.ma.tʃʰi],[ha.dʒi.man.gɯ.gʌn.ma.tʃʰi]
하지만 그건 네 애인,6,[ha.tʃi.maŋ.kɯ.kʌn.ne.ɛ.in],[ha.dʒi.man.gɯ.gʌn.ne.ɛ.in]
하지만 그건 모두,6,[ha.tʃi.maŋ.kɯ.kʌn.mo.tu],[ha.dʒi.man.gɯ.gʌn.mo.du]
부딪혀서 생긴,6,[pu.tit̚.hjʌ.sʌ.sɛŋ.kin],[bu.dit̚.hjʌ.sʌ.sɛŋ.gin]
하지만 그건 모든 걸,6,[ha.tʃi.maŋ.kɯ.kʌn.mo.tɯŋ.kʌl],[ha.dʒi.man.gɯ.gʌn.mo.dɯn.gʌl]
하지만 그건 사실이 아니야,6,[ha.tʃi.maŋ.kɯ.kʌn.sa.sil.i.a.ni.ja],[ha.dʒi.man.gɯ.gʌn.sa.sil.i.a.ni.ja]
passed away,6,,
감옥에서 죽을거야,6,[kam.ok̚.e.sʌ.tʃuk̚.ɯl.kʌ.ja],[gam.ok̚.e.sʌ.dʒuk̚.ɯl.kʌ.ja]
형님 안,6,[hjʌŋ.nim.an],[hjʌŋ.nim.an]
형님을 위해,6,[hjʌŋ.nim.ɯl.wi.hɛ],[hjʌŋ.nim.ɯl.wi.hɛ]
벽에 부딪혔어요,6,[pjʌk̚.e.pu.tit̚.hjʌt̚.ʌ.jo],[bjʌk̚.e.bu.dit̚.hjʌt̚.ʌ.jo]
감옥에서 죽을거야 그리고,6,[kam.ok̚.e.sʌ.tʃuk̚.ɯl.kʌ.ja.kɯ.ɾi.ko],[gam.ok̚.e.sʌ.dʒuk̚.ɯl.kʌ.ja.gɯ.ɾi.go]
하지만 그것은 좋은,6,[ha.tʃi.maŋ.kɯ.kʌt̚.ɯn.tʃot̚.ɯn],[ha.dʒi.man.gɯ.gʌt̚.ɯn.dʒot̚.ɯn]
감옥에서 죽을거야 그리고 넌,6,[kam.ok̚.e.sʌ.tʃuk̚.ɯl.kʌ.ja.kɯ.ɾi.ko.nʌn],[gam.ok̚.e.sʌ.dʒuk̚.ɯl.kʌ.ja.gɯ.ɾi.go.nʌn]
하지만 그게 그,6,[ha.tʃi.maŋ.kɯ.ke.kɯ],[ha.dʒi.man.gɯ.ge.gɯ]
내 얼굴을 봤어요,6,[nɛ.ʌl.kul.ɯl.pwat̚.ʌ.jo],[nɛ.ʌl.kul.ɯl.bwat̚.ʌ.jo]
내가 소원을,6,[nɛ.ka.so.wʌn.ɯl],[nɛ.ga.so.wʌn.ɯl]
형도 잘,6,[hjʌŋ.to.tʃal],[hjʌŋ.do.dʒal]
하지만 그게 네가,6,[ha.tʃi.maŋ.kɯ.ke.ne.ka],[ha.dʒi.man.gɯ.ge.ne.ga]
하지만 그게 다가 아니야,6,[ha.tʃi.maŋ.kɯ.ke.ta.ka.a.ni.ja],[ha.dʒi.man.gɯ.ge.da.ga.a.ni.ja]
형량을 줄여줄,6,[hjʌŋ.ɾjaŋ.ɯl.tʃul.jʌ.tʃul],[hjʌŋ.ɾjaŋ.ɯl.dʒul.jʌ.dʒul]
벽에 있다고,6,[pjʌk̚.e.it̚.ta.ko],[bjʌk̚.e.it̚.ta.go]
하지만 그게 안,6,[ha.tʃi.maŋ.kɯ.ke.an],[ha.dʒi.man.gɯ.ge.an]
하지만 그게 아니라면,6,[ha.tʃi.maŋ.kɯ.ke.a.ni.ɾa.mjʌn],[ha.dʒi.man.gɯ.ge.a.ni.ɾa.mjʌn]
하지만 그게 사실이라면,6,[ha.tʃi.maŋ.kɯ.ke.sa.sil.i.ɾa.mjʌn],[ha.dʒi.man.gɯ.ge.sa.sil.i.ɾa.mjʌn]
하지만 그게 어떻게,6,[ha.tʃi.maŋ.kɯ.ke.ʌ.t͈ʌt̚.ke],[ha.dʒi.man.gɯ.ge.ʌ.t͈ʌt̚.ke]
곧 엄마가,6,[kot̚.ʌm.ma.ka],[got̚.ʌm.ma.ga]
내가 속으로,6,[nɛ.ka.sok̚.ɯ.ɾo],[nɛ.ga.sok̚.ɯ.ɾo]
벽을 기어,6,[pjʌk̚.ɯl.ki.ʌ],[bjʌk̚.ɯl.gi.ʌ]
형사 그,6,[hjʌŋ.sa.kɯ],[hjʌŋ.sa.gɯ]
내가 속였어,6,[nɛ.ka.sok̚.jʌt̚.ʌ],[nɛ.ga.sok̚.jʌt̚.ʌ]
하지만 그게 지금,6,[ha.tʃi.maŋ.kɯ.ke.tʃi.kɯm],[ha.dʒi.man.gɯ.ge.dʒi.gɯm]
벽을 넘는,6,[pjʌk̚.ɯl.lʌm.nɯn],[bjʌk̚.ɯl.lʌm.nɯn]
벽을 넘어서,6,[pjʌk̚.ɯl.lʌm.ʌ.sʌ],[bjʌk̚.ɯl.lʌm.ʌ.sʌ]
내 얼굴이었어,6,[nɛ.ʌl.kul.i.ʌt̚.ʌ],[nɛ.ʌl.kul.i.ʌt̚.ʌ]
passed the,6,,
하지만 그녀는 그,6,[ha.tʃi.maŋ.kɯ.njʌ.nɯŋ.kɯ],[ha.dʒi.man.gɯ.njʌ.nɯn.gɯ]
벽을 따라서,6,[pjʌk̚.ɯl.t͈a.ɾa.sʌ],[bjʌk̚.ɯl.t͈a.ɾa.sʌ]
하지만 그녀는 그렇다,6,[ha.tʃi.maŋ.kɯ.njʌ.nɯŋ.kɯ.ɾʌt̚.ta],[ha.dʒi.man.gɯ.njʌ.nɯn.gɯ.ɾʌt̚.ta]
하지만 그녀는 그렇게,6,[ha.tʃi.maŋ.kɯ.njʌ.nɯŋ.kɯ.ɾʌt̚.ke],[ha.dʒi.man.gɯ.njʌ.nɯn.gɯ.ɾʌt̚.ke]
하지만 그녀는 나에게,6,[ha.tʃi.maŋ.kɯ.njʌ.nɯn.na.e.ke],[ha.dʒi.man.gɯ.njʌ.nɯn.na.e.ge]
벽을 무너뜨리고,6,[pjʌk̚.ɯl.mu.nʌ.t͈ɯ.ɾi.ko],[bjʌk̚.ɯl.mu.nʌ.t͈ɯ.ɾi.go]
하지만 그는 계속,6,[ha.tʃi.maŋ.kɯ.nɯŋ.kje.sok̚],[ha.dʒi.man.gɯ.nɯn.gje.sok̚]
내 엄마를 쏘지,6,[nɛ.ʌm.ma.ɾɯl.s͈o.tʃi],[nɛ.ʌm.ma.ɾɯl.s͈o.dʒi]
내 엄마를 쏘지 마세요,6,[nɛ.ʌm.ma.ɾɯl.s͈o.tʃi.ma.se.jo],[nɛ.ʌm.ma.ɾɯl.s͈o.dʒi.ma.se.jo]
벽을 오르기란 어려울,6,[pjʌk̚.ɯl.o.ɾɯ.ki.ɾan.ʌ.ɾjʌ.ul],[bjʌk̚.ɯl.o.ɾɯ.gi.ɾan.ʌ.ɾjʌ.ul]
벽을 오르기란,6,[pjʌk̚.ɯl.o.ɾɯ.ki.ɾan],[bjʌk̚.ɯl.o.ɾɯ.gi.ɾan]
벽을 오르기란 어려울 겁니다,6,[pjʌk̚.ɯl.o.ɾɯ.ki.ɾan.ʌ.ɾjʌ.ul.kʌp̚.ni.ta],[bjʌk̚.ɯl.o.ɾɯ.gi.ɾan.ʌ.ɾjʌ.ul.gʌp̚.ni.da]
하지만 그는 나타나지 않았다,6,[ha.tʃi.maŋ.kɯ.nɯn.na.tʰa.na.tʃi.an.at̚.ta],[ha.dʒi.man.gɯ.nɯn.na.tʰa.na.dʒi.an.at̚.ta]
벽을 치고,6,[pjʌk̚.ɯl.tʃʰi.ko],[bjʌk̚.ɯl.tʃʰi.go]
하지만 그는 내게,6,[ha.tʃi.maŋ.kɯ.nɯn.nɛ.ke],[ha.dʒi.man.gɯ.nɯn.nɛ.ge]
하지만 그는 내가,6,[ha.tʃi.maŋ.kɯ.nɯn.nɛ.ka],[ha.dʒi.man.gɯ.nɯn.nɛ.ga]
부러지면 부모님이 날,6,[pu.ɾʌ.tʃi.mjʌm.pu.mo.nim.i.nal],[bu.ɾʌ.dʒi.mjʌn.bu.mo.nim.i.nal]
벽을 통과할,6,[pjʌk̚.ɯl.tʰoŋ.kwa.hal],[bjʌk̚.ɯl.tʰoŋ.gwa.hal]
부러지면 부모님이,6,[pu.ɾʌ.tʃi.mjʌm.pu.mo.nim.i],[bu.ɾʌ.dʒi.mjʌn.bu.mo.nim.i]
하지만 그는 살인자가,6,[ha.tʃi.maŋ.kɯ.nɯn.sal.in.tʃa.ka],[ha.dʒi.man.gɯ.nɯn.sal.in.tʃa.ga]
하지만 그는 아직,6,[ha.tʃi.maŋ.kɯ.nɯn.a.tʃik̚],[ha.dʒi.man.gɯ.nɯn.a.dʒik̚]
하지만 그는 우리,6,[ha.tʃi.maŋ.kɯ.nɯn.u.ɾi],[ha.dʒi.man.gɯ.nɯn.u.ɾi]
하지만 그는 우리의,6,[ha.tʃi.maŋ.kɯ.nɯn.u.ɾi.ɯi],[ha.dʒi.man.gɯ.nɯn.u.ɾi.ɯi]
하지만 그는 우리에게,6,[ha.tʃi.maŋ.kɯ.nɯn.u.ɾi.e.ke],[ha.dʒi.man.gɯ.nɯn.u.ɾi.e.ge]
하지만 그는 이,6,[ha.tʃi.maŋ.kɯ.nɯn.i],[ha.dʒi.man.gɯ.nɯn.i]
내 엄청난,6,[nɛ.ʌn.tʃʰʌŋ.nan],[nɛ.ʌn.tʃʰʌŋ.nan]
부러지면 부모님이 날 죽일거야,6,[pu.ɾʌ.tʃi.mjʌm.pu.mo.nim.i.nal.tʃuk̚.il.kʌ.ja],[bu.ɾʌ.dʒi.mjʌn.bu.mo.nim.i.nal.dʒuk̚.il.kʌ.ja]
형사가 된,6,[hjʌŋ.sa.ka.twen],[hjʌŋ.sa.ga.dwen]
하지만 그는 좋은,6,[ha.tʃi.maŋ.kɯ.nɯn.tʃot̚.ɯn],[ha.dʒi.man.gɯ.nɯn.dʒot̚.ɯn]
형사가 방금,6,[hjʌŋ.sa.ka.paŋ.kɯm],[hjʌŋ.sa.ga.baŋ.gɯm]
벽이 무너져서,6,[pjʌk̚.i.mu.nʌ.tʃjʌ.sʌ],[bjʌk̚.i.mu.nʌ.dʒjʌ.sʌ]
past few,6,,
하지만 그들과,6,[ha.tʃi.maŋ.kɯ.tɯl.kwa],[ha.dʒi.man.gɯ.dɯl.kwa]
벽이 아니야,6,[pjʌk̚.i.a.ni.ja],[bjʌk̚.i.a.ni.ja]
하지만 그들은 그렇지,6,[ha.tʃi.maŋ.kɯ.tɯl.ɯŋ.kɯ.ɾʌt̚.tʃi],[ha.dʒi.man.gɯ.dɯl.ɯn.gɯ.ɾʌt̚.tʃi]
내 엉덩이 좀,6,[nɛ.ʌŋ.tʌŋ.i.tʃom],[nɛ.ʌŋ.dʌŋ.i.dʒom]
하지만 그들은 단지,6,[ha.tʃi.maŋ.kɯ.tɯl.ɯn.tan.tʃi],[ha.dʒi.man.gɯ.dɯl.ɯn.dan.tʃi]
하지만 그들은 모두에,6,[ha.tʃi.maŋ.kɯ.tɯl.ɯn.mo.tu.e],[ha.dʒi.man.gɯ.dɯl.ɯn.mo.du.e]
감옥으로 다시,6,[kam.ok̚.ɯ.ɾo.ta.si],[gam.ok̚.ɯ.ɾo.da.si]
하지만 그들은 모두에 의해,6,[ha.tʃi.maŋ.kɯ.tɯl.ɯn.mo.tu.e.ɯi.hɛ],[ha.dʒi.man.gɯ.dɯl.ɯn.mo.du.e.ɯi.hɛ]
내 엉덩이까지,6,[nɛ.ʌŋ.tʌŋ.i.k͈a.tʃi],[nɛ.ʌŋ.dʌŋ.i.k͈a.dʒi]
내가 손을 써서,6,[nɛ.ka.son.ɯl.s͈ʌ.sʌ],[nɛ.ga.son.ɯl.s͈ʌ.sʌ]
변 사장 부,6,[pjʌn.sa.tʃam.pu],[bjʌn.sa.dʒaŋ.bu]
감옥으로 돌아가,6,[kam.ok̚.ɯ.ɾo.tol.a.ka],[gam.ok̚.ɯ.ɾo.dol.a.ga]
형사님 방금,6,[hjʌŋ.sa.nim.paŋ.kɯm],[hjʌŋ.sa.nim.baŋ.gɯm]
곧 연락하죠,6,[kot̚.jʌl.lak̚.ha.tʃjo],[got̚.jʌl.lak̚.ha.dʒjo]
하지만 그러고 싶지,6,[ha.tʃi.maŋ.kɯ.ɾʌ.ko.sip̚.tʃi],[ha.dʒi.man.gɯ.ɾʌ.go.sip̚.tʃi]
변기 물로,6,[pjʌŋ.ki.mul.ɾo],[bjʌŋ.ki.mul.ɾo]
하지만 그런 생각이,6,[ha.tʃi.maŋ.kɯ.ɾʌn.sɛŋ.kak̚.i],[ha.dʒi.man.gɯ.ɾʌn.sɛŋ.gak̚.i]
하지만 그런건,6,[ha.tʃi.maŋ.kɯ.ɾʌŋ.kʌn],[ha.dʒi.man.gɯ.ɾʌŋ.kʌn]
하지만 그런 짓을,6,[ha.tʃi.maŋ.kɯ.ɾʌn.tʃit̚.ɯl],[ha.dʒi.man.gɯ.ɾʌn.dʒit̚.ɯl]
하지만 그럴 가능성은,6,[ha.tʃi.maŋ.kɯ.ɾʌl.ka.nɯŋ.sʌŋ.ɯn],[ha.dʒi.man.gɯ.ɾʌl.ga.nɯŋ.sʌŋ.ɯn]
하지만 그럴 리가,6,[ha.tʃi.maŋ.kɯ.ɾʌl.ɾi.ka],[ha.dʒi.man.gɯ.ɾʌl.ɾi.ga]
변동 사항이,6,[pjʌn.toŋ.sa.haŋ.i],[bjʌn.toŋ.sa.haŋ.i]
곧 연락할게요,6,[kot̚.jʌl.lak̚.hal.ke.jo],[got̚.jʌl.lak̚.hal.ke.jo]
변명 따윈,6,[pjʌn.mjʌŋ.t͈a.win],[bjʌn.mjʌŋ.t͈a.win]
past two,6,,
하지만 그럴 일은 없을,6,[ha.tʃi.maŋ.kɯ.ɾʌl.il.ɯn.ʌp̚.ɯl],[ha.dʒi.man.gɯ.ɾʌl.il.ɯn.ʌp̚.ɯl]
변명 안 해도,6,[pjʌn.mjʌŋ.an.hɛ.to],[bjʌn.mjʌŋ.an.hɛ.do]
이럴 계획은,6,[i.ɾʌl.kje.hwek̚.ɯn],[i.ɾʌl.gje.hwek̚.ɯn]
변명은 됐고,6,[pjʌn.mjʌŋ.ɯn.twɛt̚.ko],[bjʌn.mjʌŋ.ɯn.dwɛt̚.ko]
하지만 그럴만한 가치가,6,[ha.tʃi.maŋ.kɯ.ɾʌl.man.haŋ.ka.tʃʰi.ka],[ha.dʒi.man.gɯ.ɾʌl.man.han.ga.tʃʰi.ga]
하지만 그럴만한,6,[ha.tʃi.maŋ.kɯ.ɾʌl.man.han],[ha.dʒi.man.gɯ.ɾʌl.man.han]
형사님 하지만 난,6,[hjʌŋ.sa.nim.ha.tʃi.man.nan],[hjʌŋ.sa.nim.ha.dʒi.man.nan]
형사님 한,6,[hjʌŋ.sa.nim.han],[hjʌŋ.sa.nim.han]
형사님은 좋은,6,[hjʌŋ.sa.nim.ɯn.tʃot̚.ɯn],[hjʌŋ.sa.nim.ɯn.dʒot̚.ɯn]
감옥으로 돌아가야,6,[kam.ok̚.ɯ.ɾo.tol.a.ka.ja],[gam.ok̚.ɯ.ɾo.dol.a.ga.ja]
하지만 그렇게 되진,6,[ha.tʃi.maŋ.kɯ.ɾʌt̚.ke.twe.tʃin],[ha.dʒi.man.gɯ.ɾʌt̚.ke.dwe.dʒin]
변명은 뭐야,6,[pjʌn.mjʌŋ.ɯn.mwʌ.ja],[bjʌn.mjʌŋ.ɯn.mwʌ.ja]
관리 사무소,6,[kwal.li.sa.mu.so],[gwal.li.sa.mu.so]
곧 열릴 겁니다,6,[kot̚.jʌl.ɾil.kʌp̚.ni.ta],[got̚.jʌl.ɾil.gʌp̚.ni.da]
하지만 그렇게 생각한다면,6,[ha.tʃi.maŋ.kɯ.ɾʌt̚.ke.sɛŋ.kak̚.han.ta.mjʌn],[ha.dʒi.man.gɯ.ɾʌt̚.ke.sɛŋ.gak̚.han.ta.mjʌn]
형사예요 무슨,6,[hjʌŋ.sa.je.jo.mu.sɯn],[hjʌŋ.sa.je.jo.mu.sɯn]
하지만 그렇기에,6,[ha.tʃi.maŋ.kɯ.ɾʌt̚.ki.e],[ha.dʒi.man.gɯ.ɾʌt̚.ki.e]
내 여동생이다,6,[nɛ.jʌ.toŋ.sɛŋ.i.ta],[nɛ.jʌ.doŋ.sɛŋ.i.da]
곧 영업,6,[kot̚.jʌŋ.ʌp̚],[got̚.jʌŋ.ʌp̚]
하지만 그렇지 않았어,6,[ha.tʃi.maŋ.kɯ.ɾʌt̚.tʃi.an.at̚.ʌ],[ha.dʒi.man.gɯ.ɾʌt̚.tʃi.an.at̚.ʌ]
하지만 그렇지 않죠,6,[ha.tʃi.maŋ.kɯ.ɾʌt̚.tʃi.an.tʃjo],[ha.dʒi.man.gɯ.ɾʌt̚.tʃi.an.tʃjo]
형사입니다 여긴,6,[hjʌŋ.sa.ip̚.ni.ta.jʌ.kin],[hjʌŋ.sa.ip̚.ni.da.jʌ.gin]
하지만 그로,6,[ha.tʃi.maŋ.kɯ.ɾo],[ha.dʒi.man.gɯ.ɾo]
부르고 싶네요,6,[pu.ɾɯ.ko.sip̚.ne.jo],[bu.ɾɯ.go.sip̚.ne.jo]
변명의 여지가 없죠,6,[pjʌn.mjʌŋ.ɯi.jʌ.tʃi.ka.ʌp̚.tʃjo],[bjʌn.mjʌŋ.ɯi.jʌ.dʒi.ga.ʌp̚.tʃjo]
하지만 그만한,6,[ha.tʃi.maŋ.kɯ.man.han],[ha.dʒi.man.gɯ.man.han]
변명의 여지는,6,[pjʌn.mjʌŋ.ɯi.jʌ.tʃi.nɯn],[bjʌn.mjʌŋ.ɯi.jʌ.dʒi.nɯn]
하지만 그이는,6,[ha.tʃi.maŋ.kɯ.i.nɯn],[ha.dʒi.man.gɯ.i.nɯn]
하지만 그자는,6,[ha.tʃi.maŋ.kɯ.tʃa.nɯn],[ha.dʒi.man.gɯ.dʒa.nɯn]
변명이라도 해,6,[pjʌn.mjʌŋ.i.ɾa.to.hɛ],[bjʌn.mjʌŋ.i.ɾa.do.hɛ]
내 여인이,6,[nɛ.jʌ.in.i],[nɛ.jʌ.in.i]
Did she,6,,
하지만 기다려,6,[ha.tʃi.maŋ.ki.ta.ɾjʌ],[ha.dʒi.man.gi.da.ɾjʌ]
하지만 급한,6,[ha.tʃi.maŋ.kɯp̚.han],[ha.dʒi.man.gɯp̚.han]
변비 걸린,6,[pjʌm.pi.kʌl.ɾin],[bjʌm.pi.gʌl.ɾin]
내 여자다,6,[nɛ.jʌ.tʃa.ta],[nɛ.jʌ.dʒa.da]
하지만 기억은,6,[ha.tʃi.maŋ.ki.ʌk̚.ɯn],[ha.dʒi.man.gi.ʌk̚.ɯn]
변수가 없는 원칙은,6,[pjʌn.su.ka.ʌp̚.nɯn.wʌn.tʃʰik̚.ɯn],[bjʌn.su.ga.ʌp̚.nɯn.wʌn.tʃʰik̚.ɯn]
하지만 깨달았지,6,[ha.tʃi.maŋ.k͈ɛ.tal.at̚.tʃi],[ha.dʒi.maŋ.k͈ɛ.dal.at̚.tʃi]
변수가 없는 원칙은 없어요,6,[pjʌn.su.ka.ʌp̚.nɯn.wʌn.tʃʰik̚.ɯn.ʌp̚.ʌ.jo],[bjʌn.su.ga.ʌp̚.nɯn.wʌn.tʃʰik̚.ɯn.ʌp̚.ʌ.jo]
하지만 꿈은,6,[ha.tʃi.maŋ.k͈um.ɯn],[ha.dʒi.maŋ.k͈um.ɯn]
변신 로봇,6,[pjʌn.sil.lo.pot̚],[bjʌn.sil.lo.bot̚]
하지만 끝났어,6,[ha.tʃi.maŋ.k͈ɯt̚.nat̚.ʌ],[ha.dʒi.maŋ.k͈ɯt̚.nat̚.ʌ]
path has,6,,
하지만 나 혼자서는,6,[ha.tʃi.man.na.hon.tʃa.sʌ.nɯn],[ha.dʒi.man.na.hon.tʃa.sʌ.nɯn]
하지만 나는 계속,6,[ha.tʃi.man.na.nɯŋ.kje.sok̚],[ha.dʒi.man.na.nɯn.gje.sok̚]
하지만 나는 그것에,6,[ha.tʃi.man.na.nɯŋ.kɯ.kʌt̚.e],[ha.dʒi.man.na.nɯn.gɯ.gʌt̚.e]
변신해야겠어 플래그,6,[pjʌn.sin.hɛ.ja.ket̚.ʌ.pʰɯl.ɾɛ.kɯ],[bjʌn.sin.hɛ.ja.get̚.ʌ.pʰɯl.ɾɛ.gɯ]
내 여자를 건드려,6,[nɛ.jʌ.tʃa.ɾɯl.kʌn.tɯ.ɾjʌ],[nɛ.jʌ.dʒa.ɾɯl.gʌn.tɯ.ɾjʌ]
형에게 할 말이 있어,6,[hjʌŋ.e.ke.hal.mal.i.it̚.ʌ],[hjʌŋ.e.ge.hal.mal.i.it̚.ʌ]
path has disappeared,6,,
형에게 할 말이,6,[hjʌŋ.e.ke.hal.mal.i],[hjʌŋ.e.ge.hal.mal.i]
하지만 나는 그에게,6,[ha.tʃi.man.na.nɯŋ.kɯ.e.ke],[ha.dʒi.man.na.nɯn.gɯ.e.ge]
곧 온,6,[kot̚.on],[got̚.on]
하지만 나는 너무,6,[ha.tʃi.man.na.nɯn.nʌ.mu],[ha.dʒi.man.na.nɯn.nʌ.mu]
내 여자지,6,[nɛ.jʌ.tʃa.tʃi],[nɛ.jʌ.dʒa.dʒi]
내 여자의,6,[nɛ.jʌ.tʃa.ɯi],[nɛ.jʌ.dʒa.ɯi]
pavements 이대로,6,[i.tɛ.ɾo],[i.dɛ.ɾo]
내 여자친구 티나,6,[nɛ.jʌ.tʃa.tʃʰiŋ.ku.tʰi.na],[nɛ.jʌ.dʒa.tʃʰiŋ.ku.tʰi.na]
형은 돈,6,[hjʌŋ.ɯn.ton],[hjʌŋ.ɯn.don]
하지만 나는 아직,6,[ha.tʃi.man.na.nɯn.a.tʃik̚],[ha.dʒi.man.na.nɯn.a.dʒik̚]
하지만 나는 알고,6,[ha.tʃi.man.na.nɯn.al.ko],[ha.dʒi.man.na.nɯn.al.ko]
변장할 수,6,[pjʌn.tʃaŋ.hal.su],[bjʌn.tʃaŋ.hal.su]
변조 음성,6,[pjʌn.tʃo.ɯm.sʌŋ],[bjʌn.tʃo.ɯm.sʌŋ]
형은 아무,6,[hjʌŋ.ɯn.a.mu],[hjʌŋ.ɯn.a.mu]
곧 온대,6,[kot̚.on.tɛ],[got̚.on.tɛ]
형은 아무것도,6,[hjʌŋ.ɯn.a.mu.kʌt̚.to],[hjʌŋ.ɯn.a.mu.gʌt̚.to]
변칙적 인,6,[pjʌn.tʃʰik̚.tʃʌk̚.in],[bjʌn.tʃʰik̚.tʃʌk̚.in]
변태 같으니,6,[pjʌn.tʰɛ.kat̚.ɯ.ni],[bjʌn.tʰɛ.gat̚.ɯ.ni]
변태 같은 새끼,6,[pjʌn.tʰɛ.kat̚.ɯn.sɛ.k͈i],[bjʌn.tʰɛ.gat̚.ɯn.sɛ.k͈i]
곧 올 거다,6,[kot̚.ol.kʌ.ta],[got̚.ol.gʌ.da]
하지만 나아질,6,[ha.tʃi.man.na.a.tʃil],[ha.dʒi.man.na.a.dʒil]
변태 놈,6,[pjʌn.tʰɛ.nom],[bjʌn.tʰɛ.nom]
pavements 이대로 나아가야,6,[i.tɛ.ɾo.na.a.ka.ja],[i.dɛ.ɾo.na.a.ga.ja]
하지만 난 결코,6,[ha.tʃi.man.naŋ.kjʌl.kʰo],[ha.dʒi.man.nan.gjʌl.kʰo]
하지만 난 거기,6,[ha.tʃi.man.naŋ.kʌ.ki],[ha.dʒi.man.nan.gʌ.gi]
하지만 난 관심,6,[ha.tʃi.man.naŋ.kwan.sim],[ha.dʒi.man.nan.gwan.sim]
내 여잘,6,[nɛ.jʌ.tʃal],[nɛ.jʌ.dʒal]
변태 짓,6,[pjʌn.tʰɛ.tʃit̚],[bjʌn.tʰɛ.dʒit̚]
하지만 난 그녀에게,6,[ha.tʃi.man.naŋ.kɯ.njʌ.e.ke],[ha.dʒi.man.nan.gɯ.njʌ.e.ge]
변태가 아니야,6,[pjʌn.tʰɛ.ka.a.ni.ja],[bjʌn.tʰɛ.ga.a.ni.ja]
None of this,6,,
하지만 난 그러지 않을,6,[ha.tʃi.man.naŋ.kɯ.ɾʌ.tʃi.an.ɯl],[ha.dʒi.man.nan.gɯ.ɾʌ.dʒi.an.ɯl]
내 여친도,6,[nɛ.jʌ.tʃʰin.to],[nɛ.jʌ.tʃʰin.to]
변하게 된,6,[pjʌn.ha.ke.twen],[bjʌn.ha.ge.dwen]
하지만 난 기꺼이,6,[ha.tʃi.man.naŋ.ki.k͈ʌ.i],[ha.dʒi.man.nan.gi.k͈ʌ.i]
하지만 난 내 자신을,6,[ha.tʃi.man.nan.nɛ.tʃa.sin.ɯl],[ha.dʒi.man.nan.nɛ.dʒa.sin.ɯl]
하지만 난 내 딸을,6,[ha.tʃi.man.nan.nɛ.t͈al.ɯl],[ha.dʒi.man.nan.nɛ.t͈al.ɯl]
pavements 이대로 나아가야 하나요,6,[i.tɛ.ɾo.na.a.ka.ja.ha.na.jo],[i.dɛ.ɾo.na.a.ga.ja.ha.na.jo]
하지만 난 다시,6,[ha.tʃi.man.nan.ta.si],[ha.dʒi.man.nan.da.si]
하지만 난 당신에게,6,[ha.tʃi.man.nan.taŋ.sin.e.ke],[ha.dʒi.man.nan.daŋ.sin.e.ge]
하지만 난 도움이,6,[ha.tʃi.man.nan.to.um.i],[ha.dʒi.man.nan.do.um.i]
변하기 시작했어요,6,[pjʌn.ha.ki.si.tʃak̚.hɛt̚.ʌ.jo],[bjʌn.ha.gi.si.dʒak̚.hɛt̚.ʌ.jo]
변하기 마련이죠,6,[pjʌn.ha.ki.ma.ɾjʌn.i.tʃjo],[bjʌn.ha.gi.ma.ɾjʌn.i.dʒjo]
하지만 난 뭔가,6,[ha.tʃi.man.nan.mwʌŋ.ka],[ha.dʒi.man.nan.mwʌŋ.ka]
하지만 난 믿어,6,[ha.tʃi.man.nan.mit̚.ʌ],[ha.dʒi.man.nan.mit̚.ʌ]
하지만 난 방금,6,[ha.tʃi.man.nam.paŋ.kɯm],[ha.dʒi.man.nan.baŋ.gɯm]
변하나 봐,6,[pjʌn.ha.na.pwa],[bjʌn.ha.na.bwa]
하지만 난 살인자가,6,[ha.tʃi.man.nan.sal.in.tʃa.ka],[ha.dʒi.man.nan.sal.in.tʃa.ga]
하지만 난 아마,6,[ha.tʃi.man.nan.a.ma],[ha.dʒi.man.nan.a.ma]
하지만 난 아니야 난,6,[ha.tʃi.man.nan.a.ni.ja.nan],[ha.dʒi.man.nan.a.ni.ja.nan]
감으면 안 돼,6,[kam.ɯ.mjʌn.an.twɛ],[gam.ɯ.mjʌn.an.dwɛ]
하지만 난 알아냈어,6,[ha.tʃi.man.nan.al.a.nɛt̚.ʌ],[ha.dʒi.man.nan.al.a.nɛt̚.ʌ]
하지만 난 오랫동안,6,[ha.tʃi.man.nan.o.ɾɛt̚.toŋ.an],[ha.dʒi.man.nan.o.ɾɛt̚.toŋ.an]
하지만 난 이런,6,[ha.tʃi.man.nan.i.ɾʌn],[ha.dʒi.man.nan.i.ɾʌn]
변하라고 말하고,6,[pjʌn.ha.ɾa.ko.mal.ha.ko],[bjʌn.ha.ɾa.go.mal.ha.go]
하지만 난 일을,6,[ha.tʃi.man.nan.il.ɯl],[ha.dʒi.man.nan.il.ɯl]
하지만 난 자네가,6,[ha.tʃi.man.nan.tʃa.ne.ka],[ha.dʒi.man.nan.dʒa.ne.ga]
변하라고 말하고 있어,6,[pjʌn.ha.ɾa.ko.mal.ha.ko.it̚.ʌ],[bjʌn.ha.ɾa.go.mal.ha.go.it̚.ʌ]
badly you,6,,
하지만 난 좋아,6,[ha.tʃi.man.nan.tʃot̚.a],[ha.dʒi.man.nan.dʒot̚.a]
곧 완전히,6,[kot̚.wan.tʃʌn.hi],[got̚.wan.tʃʌn.hi]
하지만 난 지금 여기,6,[ha.tʃi.man.nan.tʃi.kɯm.jʌ.ki],[ha.dʒi.man.nan.dʒi.gɯm.jʌ.gi]
부르는 게 좋겠어요,6,[pu.ɾɯ.nɯŋ.ke.tʃot̚.ket̚.ʌ.jo],[bu.ɾɯ.nɯn.ge.dʒot̚.ket̚.ʌ.jo]
형의 도움이 필요해,6,[hjʌŋ.ɯi.to.um.i.pʰil.jo.hɛ],[hjʌŋ.ɯi.do.um.i.pʰil.jo.hɛ]
하지만 난 진짜,6,[ha.tʃi.man.nan.tʃin.tʃ͈a],[ha.dʒi.man.nan.dʒin.tʃ͈a]
내 연구에 대해,6,[nɛ.jʌŋ.ku.e.tɛ.hɛ],[nɛ.jʌŋ.ku.e.dɛ.hɛ]
하지만 난 한,6,[ha.tʃi.man.nan.han],[ha.dʒi.man.nan.han]
변하지 않는 게,6,[pjʌn.ha.tʃi.an.nɯŋ.ke],[bjʌn.ha.dʒi.an.nɯn.ge]
내 연극은,6,[nɛ.jʌŋ.kɯk̚.ɯn],[nɛ.jʌŋ.kɯk̚.ɯn]
하지만 날 믿어봐,6,[ha.tʃi.man.nal.mit̚.ʌ.pwa],[ha.dʒi.man.nal.mit̚.ʌ.bwa]
내 연금을,6,[nɛ.jʌŋ.kɯm.ɯl],[nɛ.jʌŋ.kɯm.ɯl]
하지만 날 위해,6,[ha.tʃi.man.nal.wi.hɛ],[ha.dʒi.man.nal.wi.hɛ]
하지만 날 좀,6,[ha.tʃi.man.nal.tʃom],[ha.dʒi.man.nal.dʒom]
하지만 날 믿어야 해요,6,[ha.tʃi.man.nal.mit̚.ʌ.ja.hɛ.jo],[ha.dʒi.man.nal.mit̚.ʌ.ja.hɛ.jo]
하지만 남의,6,[ha.tʃi.man.nam.ɯi],[ha.dʒi.man.nam.ɯi]
감으면 오베린의,6,[kam.ɯ.mjʌn.o.pe.ɾin.ɯi],[gam.ɯ.mjʌn.o.be.ɾin.ɯi]
하지만 남편의,6,[ha.tʃi.man.nam.pʰjʌn.ɯi],[ha.dʒi.man.nam.pʰjʌn.ɯi]
변하지 않았소 드래곤글래스를,6,[pjʌn.ha.tʃi.an.at̚.so.tɯ.ɾɛ.koŋ.kɯl.ɾɛ.sɯ.ɾɯl],[bjʌn.ha.dʒi.an.at̚.so.dɯ.ɾɛ.goŋ.kɯl.ɾɛ.sɯ.ɾɯl]
하지만 내 경험상,6,[ha.tʃi.man.nɛ.kjʌŋ.hʌm.saŋ],[ha.dʒi.man.nɛ.gjʌŋ.hʌm.saŋ]
변하지 않았소 드래곤글래스를 채굴해서,6,[pjʌn.ha.tʃi.an.at̚.so.tɯ.ɾɛ.koŋ.kɯl.ɾɛ.sɯ.ɾɯl.tʃʰɛ.kul.hɛ.sʌ],[bjʌn.ha.dʒi.an.at̚.so.dɯ.ɾɛ.goŋ.kɯl.ɾɛ.sɯ.ɾɯl.tʃʰɛ.gul.hɛ.sʌ]
감으면 오베린의 해골 부서지는,6,[kam.ɯ.mjʌn.o.pe.ɾin.ɯi.hɛ.kol.pu.sʌ.tʃi.nɯn],[gam.ɯ.mjʌn.o.be.ɾin.ɯi.hɛ.gol.bu.sʌ.dʒi.nɯn]
하지만 내 말 잘,6,[ha.tʃi.man.nɛ.mal.tʃal],[ha.dʒi.man.nɛ.mal.dʒal]
하지만 내 말 들어,6,[ha.tʃi.man.nɛ.mal.tɯl.ʌ],[ha.dʒi.man.nɛ.mal.dɯl.ʌ]
하지만 내 생각에는,6,[ha.tʃi.man.nɛ.sɛŋ.kak̚.e.nɯn],[ha.dʒi.man.nɛ.sɛŋ.gak̚.e.nɯn]
하지만 내 생각엔 그가,6,[ha.tʃi.man.nɛ.sɛŋ.kak̚.eŋ.kɯ.ka],[ha.dʒi.man.nɛ.sɛŋ.gak̚.en.gɯ.ga]
형이 너,6,[hjʌŋ.i.nʌ],[hjʌŋ.i.nʌ]
하지만 내 인생의,6,[ha.tʃi.man.nɛ.in.sɛŋ.ɯi],[ha.dʒi.man.nɛ.in.sɛŋ.ɯi]
하지만 내 아들이,6,[ha.tʃi.man.nɛ.a.tɯl.i],[ha.dʒi.man.nɛ.a.dɯl.i]
하지만 내 임무는,6,[ha.tʃi.man.nɛ.im.mu.nɯn],[ha.dʒi.man.nɛ.im.mu.nɯn]
변하지 않을 것,6,[pjʌn.ha.tʃi.an.ɯl.kʌt̚],[bjʌn.ha.dʒi.an.ɯl.gʌt̚]
내 연락처에,6,[nɛ.jʌl.lak̚.tʃʰʌ.e],[nɛ.jʌl.lak̚.tʃʰʌ.e]
변하진 않아,6,[pjʌn.ha.tʃin.an.a],[bjʌn.ha.dʒin.an.a]
형이 당신,6,[hjʌŋ.i.taŋ.sin],[hjʌŋ.i.daŋ.sin]
곧 위치를,6,[kot̚.wi.tʃʰi.ɾɯl],[got̚.wi.tʃʰi.ɾɯl]
변한 거라고,6,[pjʌn.haŋ.kʌ.ɾa.ko],[bjʌn.han.gʌ.ɾa.go]
내 연설을,6,[nɛ.jʌn.sʌl.ɯl],[nɛ.jʌn.sʌl.ɯl]
하지만 내가 너에게,6,[ha.tʃi.man.nɛ.ka.nʌ.e.ke],[ha.dʒi.man.nɛ.ga.nʌ.e.ge]
하지만 내가 너라면,6,[ha.tʃi.man.nɛ.ka.nʌ.ɾa.mjʌn],[ha.dʒi.man.nɛ.ga.nʌ.ɾa.mjʌn]
감으면 오베린의 해골,6,[kam.ɯ.mjʌn.o.pe.ɾin.ɯi.hɛ.kol],[gam.ɯ.mjʌn.o.be.ɾin.ɯi.hɛ.gol]
하지만 내가 말하는데,6,[ha.tʃi.man.nɛ.ka.mal.ha.nɯn.te],[ha.dʒi.man.nɛ.ga.mal.ha.nɯn.te]
하지만 내가 들은,6,[ha.tʃi.man.nɛ.ka.tɯl.ɯn],[ha.dʒi.man.nɛ.ga.dɯl.ɯn]
내 연애사에,6,[nɛ.jʌn.ɛ.sa.e],[nɛ.jʌn.ɛ.sa.e]
하지만 내가 모르는,6,[ha.tʃi.man.nɛ.ka.mo.ɾɯ.nɯn],[ha.dʒi.man.nɛ.ga.mo.ɾɯ.nɯn]
내 연애에,6,[nɛ.jʌn.ɛ.e],[nɛ.jʌn.ɛ.e]
하지만 내가 본,6,[ha.tʃi.man.nɛ.ka.pon],[ha.dʒi.man.nɛ.ga.bon]
곧 유명해질,6,[kot̚.ju.mjʌŋ.hɛ.tʃil],[got̚.ju.mjʌŋ.hɛ.dʒil]
내 연인이 없으면 죽어버릴꺼야,6,[nɛ.jʌn.in.i.ʌp̚.ɯ.mjʌn.tʃuk̚.ʌ.pʌ.ɾil.k͈ʌ.ja],[nɛ.jʌn.in.i.ʌp̚.ɯ.mjʌn.dʒuk̚.ʌ.bʌ.ɾil.k͈ʌ.ja]
하지만 내가 알고 싶은,6,[ha.tʃi.man.nɛ.ka.al.ko.sip̚.ɯn],[ha.dʒi.man.nɛ.ga.al.ko.sip̚.ɯn]
하지만 내가 원하는,6,[ha.tʃi.man.nɛ.ka.wʌn.ha.nɯn],[ha.dʒi.man.nɛ.ga.wʌn.ha.nɯn]
하지만 내가 정말,6,[ha.tʃi.man.nɛ.ka.tʃʌŋ.mal],[ha.dʒi.man.nɛ.ga.dʒʌŋ.mal]
내 연주를,6,[nɛ.jʌn.tʃu.ɾɯl],[nɛ.jʌn.tʃu.ɾɯl]
변한 게 아니라,6,[pjʌn.haŋ.ke.a.ni.ɾa],[bjʌn.han.ge.a.ni.ɾa]
하지만 내면은,6,[ha.tʃi.man.nɛ.mjʌn.ɯn],[ha.dʒi.man.nɛ.mjʌn.ɯn]
하지만 내년에,6,[ha.tʃi.man.nɛ.njʌn.e],[ha.dʒi.man.nɛ.njʌn.e]
하지만 내일이면,6,[ha.tʃi.man.nɛ.il.i.mjʌn],[ha.dʒi.man.nɛ.il.i.mjʌn]
변한 게 하나도 없네,6,[pjʌn.haŋ.ke.ha.na.to.ʌp̚.ne],[bjʌn.han.ge.ha.na.do.ʌp̚.ne]
곧 이곳으로,6,[kot̚.i.kot̚.ɯ.ɾo],[got̚.i.got̚.ɯ.ɾo]
내 열정이,6,[nɛ.jʌl.tʃʌŋ.i],[nɛ.jʌl.tʃʌŋ.i]
곧 이곳을,6,[kot̚.i.kot̚.ɯl],[got̚.i.got̚.ɯl]
하지만 너는 꼬마,6,[ha.tʃi.man.nʌ.nɯŋ.k͈o.ma],[ha.dʒi.man.nʌ.nɯŋ.k͈o.ma]
하지만 너는 너의,6,[ha.tʃi.man.nʌ.nɯn.nʌ.ɯi],[ha.dʒi.man.nʌ.nɯn.nʌ.ɯi]
하지만 너는 내,6,[ha.tʃi.man.nʌ.nɯn.nɛ],[ha.dʒi.man.nʌ.nɯn.nɛ]
변한 모습을,6,[pjʌn.han.mo.sɯp̚.ɯl],[bjʌn.han.mo.sɯp̚.ɯl]
곧 이런,6,[kot̚.i.ɾʌn],[got̚.i.ɾʌn]
하지만 너라면,6,[ha.tʃi.man.nʌ.ɾa.mjʌn],[ha.dʒi.man.nʌ.ɾa.mjʌn]
변한 줄,6,[pjʌn.han.tʃul],[bjʌn.han.dʒul]
하지만 너무 늦었어,6,[ha.tʃi.man.nʌ.mu.nɯt̚.ʌt̚.ʌ],[ha.dʒi.man.nʌ.mu.nɯt̚.ʌt̚.ʌ]
pendulum throws,6,,
하지만 너무 늦은,6,[ha.tʃi.man.nʌ.mu.nɯt̚.ɯn],[ha.dʒi.man.nʌ.mu.nɯt̚.ɯn]
변할 거야 더,6,[pjʌn.hal.kʌ.ja.tʌ],[bjʌn.hal.gʌ.ja.dʌ]
하지만 너무나,6,[ha.tʃi.man.nʌ.mu.na],[ha.dʒi.man.nʌ.mu.na]
곧 이륙할 겁니다,6,[kot̚.i.ɾjuk̚.hal.kʌp̚.ni.ta],[got̚.i.ɾjuk̚.hal.gʌp̚.ni.da]
변할 걸,6,[pjʌn.hal.kʌl],[bjʌn.hal.gʌl]
변할 건,6,[pjʌn.hal.kʌn],[bjʌn.hal.gʌn]
감을 때마다 그,6,[kam.ɯl.t͈ɛ.ma.ta.kɯ],[gam.ɯl.t͈ɛ.ma.da.gɯ]
변할 때입니다,6,[pjʌn.hal.t͈ɛ.ip̚.ni.ta],[bjʌn.hal.t͈ɛ.ip̚.ni.da]
people all,6,,
변할 수 있고,6,[pjʌn.hal.su.it̚.ko],[bjʌn.hal.su.it̚.ko]
하지만 너흰,6,[ha.tʃi.man.nʌ.hɯin],[ha.dʒi.man.nʌ.hɯin]
변할 수 있습니다,6,[pjʌn.hal.su.it̚.sɯp̚.ni.ta],[bjʌn.hal.su.it̚.sɯp̚.ni.da]
하지만 넌 그녀를,6,[ha.tʃi.man.nʌŋ.kɯ.njʌ.ɾɯl],[ha.dʒi.man.nʌn.gɯ.njʌ.ɾɯl]
내 영의 명령을,6,[nɛ.jʌŋ.ɯi.mjʌŋ.ɾjʌŋ.ɯl],[nɛ.jʌŋ.ɯi.mjʌŋ.ɾjʌŋ.ɯl]
하지만 넌 그들을,6,[ha.tʃi.man.nʌŋ.kɯ.tɯl.ɯl],[ha.dʒi.man.nʌn.gɯ.dɯl.ɯl]
내 영의,6,[nɛ.jʌŋ.ɯi],[nɛ.jʌŋ.ɯi]
감을 믿어,6,[kam.ɯl.mit̚.ʌ],[gam.ɯl.mit̚.ʌ]
내 영의 명령을 들을지어다,6,[nɛ.jʌŋ.ɯi.mjʌŋ.ɾjʌŋ.ɯl.tɯl.ɯl.tʃi.ʌ.ta],[nɛ.jʌŋ.ɯi.mjʌŋ.ɾjʌŋ.ɯl.dɯl.ɯl.tʃi.ʌ.da]
곧 익숙해져,6,[kot̚.ik̚.suk̚.hɛ.tʃjʌ],[got̚.ik̚.suk̚.hɛ.dʒjʌ]
감을 못 잡고,6,[kam.ɯl.mot̚.tʃap̚.ko],[gam.ɯl.mot̚.dʒap̚.ko]
하지만 넌 네 마음을,6,[ha.tʃi.man.nʌn.ne.ma.ɯm.ɯl],[ha.dʒi.man.nʌn.ne.ma.ɯm.ɯl]
하지만 넌 다른,6,[ha.tʃi.man.nʌn.ta.ɾɯn],[ha.dʒi.man.nʌn.da.ɾɯn]
하지만 넌 방금,6,[ha.tʃi.man.nʌm.paŋ.kɯm],[ha.dʒi.man.nʌn.baŋ.gɯm]
변함없을 거야,6,[pjʌn.ham.ʌp̚.ɯl.kʌ.ja],[bjʌn.ham.ʌp̚.ɯl.gʌ.ja]
people are scared,6,,
하지만 넌 우리,6,[ha.tʃi.man.nʌn.u.ɾi],[ha.dʒi.man.nʌn.u.ɾi]
내 영혼까지,6,[nɛ.jʌŋ.hoŋ.k͈a.tʃi],[nɛ.jʌŋ.hoŋ.k͈a.dʒi]
변해버린 이,6,[pjʌn.hɛ.pʌ.ɾin.i],[bjʌn.hɛ.bʌ.ɾin.i]
내 영혼은 당신,6,[nɛ.jʌŋ.hon.ɯn.taŋ.sin],[nɛ.jʌŋ.hon.ɯn.daŋ.sin]
하지만 넌 혼자가,6,[ha.tʃi.man.nʌn.hon.tʃa.ka],[ha.dʒi.man.nʌn.hon.tʃa.ga]
변해야 한다고,6,[pjʌn.hɛ.ja.han.ta.ko],[bjʌn.hɛ.ja.han.ta.go]
하지만 네 누나가,6,[ha.tʃi.man.ne.nu.na.ka],[ha.dʒi.man.ne.nu.na.ga]
하지만 네 누나가 한,6,[ha.tʃi.man.ne.nu.na.ka.han],[ha.dʒi.man.ne.nu.na.ga.han]
형이 죽었을,6,[hjʌŋ.i.tʃuk̚.ʌt̚.ɯl],[hjʌŋ.i.dʒuk̚.ʌt̚.ɯl]
형이 죽을,6,[hjʌŋ.i.tʃuk̚.ɯl],[hjʌŋ.i.dʒuk̚.ɯl]
하지만 네 분노는 이해해,6,[ha.tʃi.man.ne.pun.no.nɯn.i.hɛ.hɛ],[ha.dʒi.man.ne.bun.no.nɯn.i.hɛ.hɛ]
하지만 네가 그,6,[ha.tʃi.man.ne.ka.kɯ],[ha.dʒi.man.ne.ga.gɯ]
곧 일을,6,[kot̚.il.ɯl],[got̚.il.ɯl]
부르렴 네,6,[pu.ɾɯ.ɾjʌm.ne],[bu.ɾɯ.ɾjʌm.ne]
하지만 네가 그를,6,[ha.tʃi.man.ne.ka.kɯ.ɾɯl],[ha.dʒi.man.ne.ga.gɯ.ɾɯl]
하지만 네가 먼저,6,[ha.tʃi.man.ne.ka.mʌn.tʃʌ],[ha.dʒi.man.ne.ga.mʌn.tʃʌ]
하지만 네가 말했잖아,6,[ha.tʃi.man.ne.ka.mal.hɛt̚.tʃan.a],[ha.dʒi.man.ne.ga.mal.hɛt̚.tʃan.a]
변했어 네가,6,[pjʌn.hɛt̚.ʌ.ne.ka],[bjʌn.hɛt̚.ʌ.ne.ga]
변했어 네,6,[pjʌn.hɛt̚.ʌ.ne],[bjʌn.hɛt̚.ʌ.ne]
변했어 이제,6,[pjʌn.hɛt̚.ʌ.i.tʃe],[bjʌn.hɛt̚.ʌ.i.dʒe]
하지만 네가 우리,6,[ha.tʃi.man.ne.ka.u.ɾi],[ha.dʒi.man.ne.ga.u.ɾi]
곧 입을,6,[kot̚.ip̚.ɯl],[got̚.ip̚.ɯl]
하지만 네가 할 수,6,[ha.tʃi.man.ne.ka.hal.su],[ha.dʒi.man.ne.ga.hal.su]
하지만 노력은,6,[ha.tʃi.man.no.ɾjʌk̚.ɯn],[ha.dʒi.man.no.ɾjʌk̚.ɯn]
변했을 거예요,6,[pjʌn.hɛt̚.ɯl.kʌ.je.jo],[bjʌn.hɛt̚.ɯl.gʌ.je.jo]
하지만 노력하고,6,[ha.tʃi.man.no.ɾjʌk̚.ha.ko],[ha.dʒi.man.no.ɾjʌk̚.ha.go]
형제 그래,6,[hjʌŋ.tʃe.kɯ.ɾɛ],[hjʌŋ.dʒe.gɯ.ɾɛ]
변형 인간을 찾는다,6,[pjʌn.hjʌŋ.iŋ.kan.ɯl.tʃʰat̚.nɯn.ta],[bjʌn.hjʌŋ.iŋ.kan.ɯl.tʃʰat̚.nɯn.ta]
변호 전략을,6,[pjʌn.ho.tʃʌl.ljak̚.ɯl],[bjʌn.ho.dʒʌl.ljak̚.ɯl]
변호를 맡게,6,[pjʌn.ho.ɾɯl.mat̚.ke],[bjʌn.ho.ɾɯl.mat̚.ke]
하지만 누구의,6,[ha.tʃi.man.nu.ku.ɯi],[ha.dʒi.man.nu.gu.ɯi]
곧 있음,6,[kot̚.it̚.ɯm],[got̚.it̚.ɯm]
변호를 맡아,6,[pjʌn.ho.ɾɯl.mat̚.a],[bjʌn.ho.ɾɯl.mat̚.a]
감이 아니야,6,[kam.i.a.ni.ja],[gam.i.a.ni.ja]
부르면 내,6,[pu.ɾɯ.mjʌn.nɛ],[bu.ɾɯ.mjʌn.nɛ]
하지만 누나는,6,[ha.tʃi.man.nu.na.nɯn],[ha.dʒi.man.nu.na.nɯn]
하지만 느낌이,6,[ha.tʃi.man.nɯ.k͈im.i],[ha.dʒi.man.nɯ.k͈im.i]
부르면 좋은 후렴구가,6,[pu.ɾɯ.mjʌn.tʃot̚.ɯn.hu.ɾjʌm.ku.ka],[bu.ɾɯ.mjʌn.dʒot̚.ɯn.hu.ɾjʌm.ku.ga]
부르면 좋은,6,[pu.ɾɯ.mjʌn.tʃot̚.ɯn],[bu.ɾɯ.mjʌn.dʒot̚.ɯn]
내 옆에 붙어 있어,6,[nɛ.jʌp̚.e.put̚.ʌ.it̚.ʌ],[nɛ.jʌp̚.e.but̚.ʌ.it̚.ʌ]
변호사 만나러,6,[pjʌn.ho.sa.man.na.ɾʌ],[bjʌn.ho.sa.man.na.ɾʌ]
하지만 다른 게,6,[ha.tʃi.man.ta.ɾɯŋ.ke],[ha.dʒi.man.da.ɾɯn.ge]
감이 아주,6,[kam.i.a.tʃu],[gam.i.a.dʒu]
부르세요 그럼,6,[pu.ɾɯ.se.jo.kɯ.ɾʌm],[bu.ɾɯ.se.jo.gɯ.ɾʌm]
하지만 다른 사람들도,6,[ha.tʃi.man.ta.ɾɯn.sa.ɾan.tɯl.to],[ha.dʒi.man.da.ɾɯn.sa.ɾan.tɯl.to]
변호사 밑에서,6,[pjʌn.ho.sa.mit̚.e.sʌ],[bjʌn.ho.sa.mit̚.e.sʌ]
형제나 다름없는,6,[hjʌŋ.tʃe.na.ta.ɾɯm.ʌp̚.nɯn],[hjʌŋ.dʒe.na.da.ɾɯm.ʌp̚.nɯn]
형제나 자매가,6,[hjʌŋ.tʃe.na.tʃa.mɛ.ka],[hjʌŋ.dʒe.na.dʒa.mɛ.ga]
형제는 없어요,6,[hjʌŋ.tʃe.nɯn.ʌp̚.ʌ.jo],[hjʌŋ.dʒe.nɯn.ʌp̚.ʌ.jo]
하지만 다시 한 번,6,[ha.tʃi.man.ta.si.ham.pʌn],[ha.dʒi.man.da.si.han.bʌn]
people come,6,,
내 옆에 있어 줘요,6,[nɛ.jʌp̚.e.it̚.ʌ.tʃwʌ.jo],[nɛ.jʌp̚.e.it̚.ʌ.dʒwʌ.jo]
내 옆에 있어야,6,[nɛ.jʌp̚.e.it̚.ʌ.ja],[nɛ.jʌp̚.e.it̚.ʌ.ja]
하지만 답은,6,[ha.tʃi.man.tap̚.ɯn],[ha.dʒi.man.dap̚.ɯn]
하지만 달은,6,[ha.tʃi.man.tal.ɯn],[ha.dʒi.man.dal.ɯn]
하지만 당신 도움이,6,[ha.tʃi.man.taŋ.sin.to.um.i],[ha.dʒi.man.daŋ.sin.do.um.i]
변호사 사무실입니다 메시지를,6,[pjʌn.ho.sa.sa.mu.sil.ip̚.ni.ta.me.si.tʃi.ɾɯl],[bjʌn.ho.sa.sa.mu.sil.ip̚.ni.da.me.si.dʒi.ɾɯl]
내가 시켜서,6,[nɛ.ka.si.kʰjʌ.sʌ],[nɛ.ga.si.kʰjʌ.sʌ]
하지만 당신은 그랬다,6,[ha.tʃi.man.taŋ.sin.ɯŋ.kɯ.ɾɛt̚.ta],[ha.dʒi.man.daŋ.sin.ɯn.gɯ.ɾɛt̚.ta]
하지만 당신은 그럴 것이다,6,[ha.tʃi.man.taŋ.sin.ɯŋ.kɯ.ɾʌl.kʌt̚.i.ta],[ha.dʒi.man.daŋ.sin.ɯn.gɯ.ɾʌl.gʌt̚.i.da]
하지만 당신은 그러지,6,[ha.tʃi.man.taŋ.sin.ɯŋ.kɯ.ɾʌ.tʃi],[ha.dʒi.man.daŋ.sin.ɯn.gɯ.ɾʌ.dʒi]
하지만 당신은 그렇습니다,6,[ha.tʃi.man.taŋ.sin.ɯŋ.kɯ.ɾʌt̚.sɯp̚.ni.ta],[ha.dʒi.man.daŋ.sin.ɯn.gɯ.ɾʌt̚.sɯp̚.ni.da]
하지만 당신은 그저,6,[ha.tʃi.man.taŋ.sin.ɯŋ.kɯ.tʃʌ],[ha.dʒi.man.daŋ.sin.ɯn.gɯ.dʒʌ]
하지만 당신은 그의,6,[ha.tʃi.man.taŋ.sin.ɯŋ.kɯ.ɯi],[ha.dʒi.man.daŋ.sin.ɯn.gɯ.ɯi]
변호사 없이는 아무,6,[pjʌn.ho.sa.ʌp̚.i.nɯn.a.mu],[bjʌn.ho.sa.ʌp̚.i.nɯn.a.mu]
변호사 왔어요,6,[pjʌn.ho.sa.wat̚.ʌ.jo],[bjʌn.ho.sa.wat̚.ʌ.jo]
형체를 알아볼 수,6,[hjʌŋ.tʃʰe.ɾɯl.al.a.pol.su],[hjʌŋ.tʃʰe.ɾɯl.al.a.bol.su]
변호사 없인,6,[pjʌn.ho.sa.ʌp̚.in],[bjʌn.ho.sa.ʌp̚.in]
변호사 이름이,6,[pjʌn.ho.sa.i.ɾɯm.i],[bjʌn.ho.sa.i.ɾɯm.i]
변호사 이름을,6,[pjʌn.ho.sa.i.ɾɯm.ɯl],[bjʌn.ho.sa.i.ɾɯm.ɯl]
곧 저렇게,6,[kot̚.tʃʌ.ɾʌt̚.ke],[got̚.dʒʌ.ɾʌt̚.ke]
하지만 당신은 당신,6,[ha.tʃi.man.taŋ.sin.ɯn.taŋ.sin],[ha.dʒi.man.daŋ.sin.ɯn.daŋ.sin]
하지만 당신은 달라요,6,[ha.tʃi.man.taŋ.sin.ɯn.tal.ɾa.jo],[ha.dʒi.man.daŋ.sin.ɯn.dal.ɾa.jo]
하지만 당신은 모든,6,[ha.tʃi.man.taŋ.sin.ɯn.mo.tɯn],[ha.dʒi.man.daŋ.sin.ɯn.mo.dɯn]
하지만 당신은 더,6,[ha.tʃi.man.taŋ.sin.ɯn.tʌ],[ha.dʒi.man.daŋ.sin.ɯn.dʌ]
하지만 당신은 모든 것을,6,[ha.tʃi.man.taŋ.sin.ɯn.mo.tɯŋ.kʌt̚.ɯl],[ha.dʒi.man.daŋ.sin.ɯn.mo.dɯn.gʌt̚.ɯl]
하지만 당신은 아니죠,6,[ha.tʃi.man.taŋ.sin.ɯn.a.ni.tʃjo],[ha.dʒi.man.daŋ.sin.ɯn.a.ni.dʒjo]
변호사 자격이,6,[pjʌn.ho.sa.tʃa.kjʌk̚.i],[bjʌn.ho.sa.dʒa.gjʌk̚.i]
내 예상,6,[nɛ.je.saŋ],[nɛ.je.saŋ]
변호사 자격증도,6,[pjʌn.ho.sa.tʃa.kjʌk̚.tʃɯŋ.to],[bjʌn.ho.sa.dʒa.gjʌk̚.tʃɯŋ.do]
형제를 잃었다지 사람들은 용이,6,[hjʌŋ.tʃe.ɾɯl.il.ʌt̚.ta.tʃi.sa.ɾan.tɯl.ɯn.joŋ.i],[hjʌŋ.dʒe.ɾɯl.il.ʌt̚.ta.dʒi.sa.ɾan.tɯl.ɯn.joŋ.i]
강한 말이다,6,[kaŋ.han.mal.i.ta],[gaŋ.han.mal.i.da]
하지만 당신은 우리에게,6,[ha.tʃi.man.taŋ.sin.ɯn.u.ɾi.e.ke],[ha.dʒi.man.daŋ.sin.ɯn.u.ɾi.e.ge]
부르지 그랬어요,6,[pu.ɾɯ.tʃi.kɯ.ɾɛt̚.ʌ.jo],[bu.ɾɯ.dʒi.gɯ.ɾɛt̚.ʌ.jo]
하지만 당신은 정말,6,[ha.tʃi.man.taŋ.sin.ɯn.tʃʌŋ.mal],[ha.dʒi.man.daŋ.sin.ɯn.dʒʌŋ.mal]
하지만 당신이 그,6,[ha.tʃi.man.taŋ.sin.i.kɯ],[ha.dʒi.man.daŋ.sin.i.gɯ]
내 예상보다 더,6,[nɛ.je.sam.po.ta.tʌ],[nɛ.je.saŋ.bo.da.dʌ]
하지만 당신이 틀렸어요,6,[ha.tʃi.man.taŋ.sin.i.tʰɯl.ɾjʌt̚.ʌ.jo],[ha.dʒi.man.daŋ.sin.i.tʰɯl.ɾjʌt̚.ʌ.jo]
내 예상으로는,6,[nɛ.je.saŋ.ɯ.ɾo.nɯn],[nɛ.je.saŋ.ɯ.ɾo.nɯn]
하지만 당신이 한,6,[ha.tʃi.man.taŋ.sin.i.han],[ha.dʒi.man.daŋ.sin.i.han]
하지만 당신이랑,6,[ha.tʃi.man.taŋ.sin.i.ɾaŋ],[ha.dʒi.man.daŋ.sin.i.ɾaŋ]
변호사가 그,6,[pjʌn.ho.sa.ka.kɯ],[bjʌn.ho.sa.ga.gɯ]
부르지 마 내가,6,[pu.ɾɯ.tʃi.ma.nɛ.ka],[bu.ɾɯ.dʒi.ma.nɛ.ga]
하지만 당신처럼,6,[ha.tʃi.man.taŋ.sin.tʃʰʌ.ɾʌm],[ha.dʒi.man.daŋ.sin.tʃʰʌ.ɾʌm]
형편이 어려운,6,[hjʌm.pʰjʌn.i.ʌ.ɾjʌ.un],[hjʌm.pʰjʌn.i.ʌ.ɾjʌ.un]
변호사가 돼서,6,[pjʌn.ho.sa.ka.twɛ.sʌ],[bjʌn.ho.sa.ga.dwɛ.sʌ]
하지만 대니가 여기,6,[ha.tʃi.man.tɛ.ni.ka.jʌ.ki],[ha.dʒi.man.dɛ.ni.ga.jʌ.gi]
내 예상이 맞다면,6,[nɛ.je.saŋ.i.mat̚.ta.mjʌn],[nɛ.je.saŋ.i.mat̚.ta.mjʌn]
하지만 대답은,6,[ha.tʃi.man.tɛ.tap̚.ɯn],[ha.dʒi.man.dɛ.dap̚.ɯn]
하지만 대부분이,6,[ha.tʃi.man.tɛ.pu.pun.i],[ha.dʒi.man.dɛ.bu.bun.i]
형한테 다,6,[hjʌŋ.han.tʰe.ta],[hjʌŋ.han.tʰe.da]
형한테 한,6,[hjʌŋ.han.tʰe.han],[hjʌŋ.han.tʰe.han]
부르는 너의 목소리를 들었어,6,[pu.ɾɯ.nɯn.nʌ.ɯi.mok̚.so.ɾi.ɾɯl.tɯl.ʌt̚.ʌ],[bu.ɾɯ.nɯn.nʌ.ɯi.mok̚.so.ɾi.ɾɯl.dɯl.ʌt̚.ʌ]
하지만 대의를,6,[ha.tʃi.man.tɛ.ɯi.ɾɯl],[ha.dʒi.man.dɛ.ɯi.ɾɯl]
내 예전 직장에서,6,[nɛ.je.tʃʌn.tʃik̚.tʃaŋ.e.sʌ],[nɛ.je.dʒʌn.dʒik̚.tʃaŋ.e.sʌ]
곧 전화가,6,[kot̚.tʃʌn.hwa.ka],[got̚.dʒʌn.hwa.ga]
하지만 대통령님,6,[ha.tʃi.man.tɛ.tʰoŋ.ɾjʌŋ.nim],[ha.dʒi.man.dɛ.tʰoŋ.ɾjʌŋ.nim]
감이 올,6,[kam.i.ol],[gam.i.ol]
하지만 더 나은,6,[ha.tʃi.man.tʌ.na.ɯn],[ha.dʒi.man.dʌ.na.ɯn]
하지만 더 이상은 못,6,[ha.tʃi.man.tʌ.i.saŋ.ɯn.mot̚],[ha.dʒi.man.dʌ.i.saŋ.ɯn.mot̚]
곧 전화할,6,[kot̚.tʃʌn.hwa.hal],[got̚.dʒʌn.hwa.hal]
하지만 더 중요한건,6,[ha.tʃi.man.tʌ.tʃuŋ.jo.haŋ.kʌn],[ha.dʒi.man.dʌ.dʒuŋ.jo.haŋ.kʌn]
하지만 더러운,6,[ha.tʃi.man.tʌ.ɾʌ.un],[ha.dʒi.man.dʌ.ɾʌ.un]
변호사가 아니고,6,[pjʌn.ho.sa.ka.a.ni.ko],[bjʌn.ho.sa.ga.a.ni.go]
변호사가 아닌,6,[pjʌn.ho.sa.ka.a.nin],[bjʌn.ho.sa.ga.a.nin]
내 오늘은,6,[nɛ.o.nɯl.ɯn],[nɛ.o.nɯl.ɯn]
혜성이 떨어지기,6,[hje.sʌŋ.i.t͈ʌl.ʌ.tʃi.ki],[hje.sʌŋ.i.t͈ʌl.ʌ.dʒi.gi]
하지만 도움은,6,[ha.tʃi.man.to.um.ɯn],[ha.dʒi.man.do.um.ɯn]
하지만 도움을,6,[ha.tʃi.man.to.um.ɯl],[ha.dʒi.man.do.um.ɯl]
하지만 도움이 될,6,[ha.tʃi.man.to.um.i.twel],[ha.dʒi.man.do.um.i.dwel]
내 오랜 친구가,6,[nɛ.o.ɾɛn.tʃʰiŋ.ku.ka],[nɛ.o.ɾɛn.tʃʰiŋ.ku.ga]
I didn''t expect,6,,
혜원의 어이없는,6,[hje.wʌn.ɯi.ʌ.i.ʌp̚.nɯn],[hje.wʌn.ɯi.ʌ.i.ʌp̚.nɯn]
하지만 돌이킬,6,[ha.tʃi.man.tol.i.kʰil],[ha.dʒi.man.dol.i.kʰil]
하지만 돌아왔잖아,6,[ha.tʃi.man.tol.a.wat̚.tʃan.a],[ha.dʒi.man.dol.a.wat̚.tʃan.a]
변호사가 우리,6,[pjʌn.ho.sa.ka.u.ɾi],[bjʌn.ho.sa.ga.u.ɾi]
하지만 두 사람이,6,[ha.tʃi.man.tu.sa.ɾam.i],[ha.dʒi.man.du.sa.ɾam.i]
하지만 두 사람은,6,[ha.tʃi.man.tu.sa.ɾam.ɯn],[ha.dʒi.man.du.sa.ɾam.ɯn]
변호사가 필요하면,6,[pjʌn.ho.sa.ka.pʰil.jo.ha.mjʌn],[bjʌn.ho.sa.ga.pʰil.jo.ha.mjʌn]
하지만 둘 중,6,[ha.tʃi.man.tul.tʃuŋ],[ha.dʒi.man.dul.dʒuŋ]
people from,6,,
변호사가 필요할까요,6,[pjʌn.ho.sa.ka.pʰil.jo.hal.k͈a.jo],[bjʌn.ho.sa.ga.pʰil.jo.hal.k͈a.jo]
내 오른팔,6,[nɛ.o.ɾɯm.pʰal],[nɛ.o.ɾɯm.pʰal]
하지만 딸을,6,[ha.tʃi.man.t͈al.ɯl],[ha.dʒi.man.t͈al.ɯl]
감이 잘,6,[kam.i.tʃal],[gam.i.dʒal]
변호사는 어디,6,[pjʌn.ho.sa.nɯn.ʌ.ti],[bjʌn.ho.sa.nɯn.ʌ.di]
내 오빠들인,6,[nɛ.o.p͈a.tɯl.in],[nɛ.o.p͈a.dɯl.in]
혜택 중,6,[hje.tʰɛk̚.tʃuŋ],[hje.tʰɛk̚.dʒuŋ]
하지만 라니스터군이,6,[ha.tʃi.mal.la.ni.sɯ.tʰʌ.kun.i],[ha.dʒi.mal.la.ni.sɯ.tʰʌ.gun.i]
변호사는 있어야지,6,[pjʌn.ho.sa.nɯn.it̚.ʌ.ja.tʃi],[bjʌn.ho.sa.nɯn.it̚.ʌ.ja.dʒi]
하지만 라니스터군이 세르세이에 대한,6,[ha.tʃi.mal.la.ni.sɯ.tʰʌ.kun.i.se.ɾɯ.se.i.e.tɛ.han],[ha.dʒi.mal.la.ni.sɯ.tʰʌ.gun.i.se.ɾɯ.se.i.e.dɛ.han]
하지만 라니스터는,6,[ha.tʃi.mal.la.ni.sɯ.tʰʌ.nɯn],[ha.dʒi.mal.la.ni.sɯ.tʰʌ.nɯn]
하지만 라니스터군이 세르세이에,6,[ha.tʃi.mal.la.ni.sɯ.tʰʌ.kun.i.se.ɾɯ.se.i.e],[ha.dʒi.mal.la.ni.sɯ.tʰʌ.gun.i.se.ɾɯ.se.i.e]
하지만 라니스터는 언제나 그,6,[ha.tʃi.mal.la.ni.sɯ.tʰʌ.nɯn.ʌn.tʃe.na.kɯ],[ha.dʒi.mal.la.ni.sɯ.tʰʌ.nɯn.ʌn.tʃe.na.gɯ]
변호사님 왜,6,[pjʌn.ho.sa.nim.wɛ],[bjʌn.ho.sa.nim.wɛ]
하지만 라일리는,6,[ha.tʃi.mal.la.il.ɾi.nɯn],[ha.dʒi.mal.la.il.ɾi.nɯn]
내 오빠들인 비세리스와,6,[nɛ.o.p͈a.tɯl.im.pi.se.ɾi.sɯ.wa],[nɛ.o.p͈a.dɯl.in.bi.se.ɾi.sɯ.wa]
하지만 레딩턴이,6,[ha.tʃi.mal.le.tiŋ.tʰʌn.i],[ha.dʒi.mal.le.diŋ.tʰʌn.i]
내 오빠들인 비세리스와 라예가르의,6,[nɛ.o.p͈a.tɯl.im.pi.se.ɾi.sɯ.wa.ɾa.je.ka.ɾɯ.ɯi],[nɛ.o.p͈a.dɯl.in.bi.se.ɾi.sɯ.wa.ɾa.je.ga.ɾɯ.ɯi]
변호사님 지금,6,[pjʌn.ho.sa.nin.tʃi.kɯm],[bjʌn.ho.sa.nim.dʒi.gɯm]
감이 잡히지,6,[kam.i.tʃap̚.hi.tʃi],[gam.i.dʒap̚.hi.dʒi]
부른 거 아니에요,6,[pu.ɾɯŋ.kʌ.a.ni.e.jo],[bu.ɾɯn.gʌ.a.ni.e.jo]
하지만 마지막은,6,[ha.tʃi.man.ma.tʃi.mak̚.ɯn],[ha.dʒi.man.ma.dʒi.mak̚.ɯn]
호 비행,6,[ho.pi.hɛŋ],[ho.bi.hɛŋ]
변호사로 일하고,6,[pjʌn.ho.sa.ɾo.il.ha.ko],[bjʌn.ho.sa.ɾo.il.ha.go]
하지만 마크는,6,[ha.tʃi.man.ma.kʰɯ.nɯn],[ha.dʒi.man.ma.kʰɯ.nɯn]
하지만 만약 그렇지,6,[ha.tʃi.man.man.jak̚.kɯ.ɾʌt̚.tʃi],[ha.dʒi.man.man.jak̚.gɯ.ɾʌt̚.tʃi]
변호사를 구해서,6,[pjʌn.ho.sa.ɾɯl.ku.hɛ.sʌ],[bjʌn.ho.sa.ɾɯl.gu.hɛ.sʌ]
내 온 몸에 뿌려줘,6,[nɛ.on.mom.e.p͈u.ɾjʌ.tʃwʌ],[nɛ.on.mom.e.p͈u.ɾjʌ.dʒwʌ]
호 팬,6,[ho.pʰɛn],[ho.pʰɛn]
하지만 만약 이게,6,[ha.tʃi.man.man.jak̚.i.ke],[ha.dʒi.man.man.jak̚.i.ge]
내 온 몸에,6,[nɛ.on.mom.e],[nɛ.on.mom.e]
하지만 만에 하나,6,[ha.tʃi.man.man.e.ha.na],[ha.dʒi.man.man.e.ha.na]
변호사를 못,6,[pjʌn.ho.sa.ɾɯl.mot̚],[bjʌn.ho.sa.ɾɯl.mot̚]
하지만 많은 사람이,6,[ha.tʃi.man.man.ɯn.sa.ɾam.i],[ha.dʒi.man.man.ɯn.sa.ɾam.i]
하지만 말씀드릴,6,[ha.tʃi.man.mal.s͈ɯn.tɯ.ɾil],[ha.dʒi.man.mal.s͈ɯn.tɯ.ɾil]
변호사를 부르지,6,[pjʌn.ho.sa.ɾɯl.pu.ɾɯ.tʃi],[bjʌn.ho.sa.ɾɯl.bu.ɾɯ.dʒi]
변호사를 불러도,6,[pjʌn.ho.sa.ɾɯl.pul.ɾʌ.to],[bjʌn.ho.sa.ɾɯl.bul.ɾʌ.do]
하지만 말이지,6,[ha.tʃi.man.mal.i.tʃi],[ha.dʒi.man.mal.i.dʒi]
변호사를 선임하고,6,[pjʌn.ho.sa.ɾɯl.sʌn.im.ha.ko],[bjʌn.ho.sa.ɾɯl.sʌn.im.ha.go]
변호사를 선임할 권리가 있다,6,[pjʌn.ho.sa.ɾɯl.sʌn.im.hal.kwʌl.li.ka.it̚.ta],[bjʌn.ho.sa.ɾɯl.sʌn.im.hal.gwʌl.li.ga.it̚.ta]
하지만 맹세컨대,6,[ha.tʃi.man.mɛŋ.se.kʰʌn.tɛ],[ha.dʒi.man.mɛŋ.se.kʰʌn.tɛ]
하지만 맥,6,[ha.tʃi.man.mɛk̚],[ha.dʒi.man.mɛk̚]
하지만 머리는,6,[ha.tʃi.man.mʌ.ɾi.nɯn],[ha.dʒi.man.mʌ.ɾi.nɯn]
하지만 머리를,6,[ha.tʃi.man.mʌ.ɾi.ɾɯl],[ha.dʒi.man.mʌ.ɾi.ɾɯl]
변호사를 선임할 여유가,6,[pjʌn.ho.sa.ɾɯl.sʌn.im.hal.jʌ.ju.ka],[bjʌn.ho.sa.ɾɯl.sʌn.im.hal.jʌ.ju.ga]
내 옷이랑,6,[nɛ.ot̚.i.ɾaŋ],[nɛ.ot̚.i.ɾaŋ]
감자 더,6,[kan.tʃa.tʌ],[gan.tʃa.dʌ]
하지만 먼저 할,6,[ha.tʃi.man.mʌn.tʃʌ.hal],[ha.dʒi.man.mʌn.tʃʌ.hal]
호기심을 자극하는,6,[ho.ki.sim.ɯl.tʃa.kɯk̚.ha.nɯn],[ho.gi.sim.ɯl.dʒa.gɯk̚.ha.nɯn]
하지만 멈출,6,[ha.tʃi.man.mʌn.tʃʰul],[ha.dʒi.man.mʌn.tʃʰul]
하지만 명령을,6,[ha.tʃi.man.mjʌŋ.ɾjʌŋ.ɯl],[ha.dʒi.man.mjʌŋ.ɾjʌŋ.ɯl]
하지만 명심해요,6,[ha.tʃi.man.mjʌŋ.sim.hɛ.jo],[ha.dʒi.man.mjʌŋ.sim.hɛ.jo]
하지만 명심해라,6,[ha.tʃi.man.mjʌŋ.sim.hɛ.ɾa],[ha.dʒi.man.mjʌŋ.sim.hɛ.ɾa]
내 옷장을,6,[nɛ.ot̚.tʃaŋ.ɯl],[nɛ.ot̚.tʃaŋ.ɯl]
하지만 몇 시간,6,[ha.tʃi.man.mjʌt̚.si.kan],[ha.dʒi.man.mjʌt̚.si.gan]
하지만 몇 분,6,[ha.tʃi.man.mjʌt̚.pun],[ha.dʒi.man.mjʌt̚.bun]
변호사를 찾아,6,[pjʌn.ho.sa.ɾɯl.tʃʰat̚.a],[bjʌn.ho.sa.ɾɯl.tʃʰat̚.a]
변호사를 통해서,6,[pjʌn.ho.sa.ɾɯl.tʰoŋ.hɛ.sʌ],[bjʌn.ho.sa.ɾɯl.tʰoŋ.hɛ.sʌ]
변호사야 내가,6,[pjʌn.ho.sa.ja.nɛ.ka],[bjʌn.ho.sa.ja.nɛ.ga]
감자 샐러드를,6,[kan.tʃa.sɛl.ɾʌ.tɯ.ɾɯl],[gan.tʃa.sɛl.ɾʌ.dɯ.ɾɯl]
하지만 모든 것을,6,[ha.tʃi.man.mo.tɯŋ.kʌt̚.ɯl],[ha.dʒi.man.mo.dɯn.gʌt̚.ɯl]
내 와이프는,6,[nɛ.wa.i.pʰɯ.nɯn],[nɛ.wa.i.pʰɯ.nɯn]
하지만 모든 마이크로 프로세서에,6,[ha.tʃi.man.mo.tɯn.ma.i.kʰɯ.ɾo.pʰɯ.ɾo.se.sʌ.e],[ha.dʒi.man.mo.dɯn.ma.i.kʰɯ.ɾo.pʰɯ.ɾo.se.sʌ.e]
하지만 모든 마이크로,6,[ha.tʃi.man.mo.tɯn.ma.i.kʰɯ.ɾo],[ha.dʒi.man.mo.dɯn.ma.i.kʰɯ.ɾo]
하지만 모든 사람은,6,[ha.tʃi.man.mo.tɯn.sa.ɾam.ɯn],[ha.dʒi.man.mo.dɯn.sa.ɾam.ɯn]
변호사예요 lrm,6,[pjʌn.ho.sa.je.jo],[bjʌn.ho.sa.je.jo]
하지만 모르몬트가 봤고 자네도,6,[ha.tʃi.man.mo.ɾɯ.mon.tʰɯ.ka.pwat̚.ko.tʃa.ne.to],[ha.dʒi.man.mo.ɾɯ.mon.tʰɯ.ga.bwat̚.ko.dʒa.ne.do]
하지만 모르몬트가 봤고,6,[ha.tʃi.man.mo.ɾɯ.mon.tʰɯ.ka.pwat̚.ko],[ha.dʒi.man.mo.ɾɯ.mon.tʰɯ.ga.bwat̚.ko]
하지만 모르몬트가,6,[ha.tʃi.man.mo.ɾɯ.mon.tʰɯ.ka],[ha.dʒi.man.mo.ɾɯ.mon.tʰɯ.ga]
내 와이프도,6,[nɛ.wa.i.pʰɯ.to],[nɛ.wa.i.pʰɯ.do]
하지만 목적이,6,[ha.tʃi.man.mok̚.tʃʌk̚.i],[ha.dʒi.man.mok̚.tʃʌk̚.i]
변호사한테 전화해,6,[pjʌn.ho.sa.han.tʰe.tʃʌn.hwa.hɛ],[bjʌn.ho.sa.han.tʰe.dʒʌn.hwa.hɛ]
곧 죽을 것 같은,6,[kot̚.tʃuk̚.ɯl.kʌt̚.kat̚.ɯn],[got̚.dʒuk̚.ɯl.gʌt̚.gat̚.ɯn]
하지만 무슨 말을,6,[ha.tʃi.man.mu.sɯn.mal.ɯl],[ha.dʒi.man.mu.sɯn.mal.ɯl]
하지만 무슨 일이 일어나는지,6,[ha.tʃi.man.mu.sɯn.il.i.il.ʌ.na.nɯn.tʃi],[ha.dʒi.man.mu.sɯn.il.i.il.ʌ.na.nɯn.tʃi]
변호인 측에서,6,[pjʌn.ho.in.tʃʰɯk̚.e.sʌ],[bjʌn.ho.in.tʃʰɯk̚.e.sʌ]
감자 칩도,6,[kan.tʃa.tʃʰip̚.to],[gan.tʃa.tʃʰip̚.to]
하지만 무엇,6,[ha.tʃi.man.mu.ʌt̚],[ha.dʒi.man.mu.ʌt̚]
변호인은 지금,6,[pjʌn.ho.in.ɯn.tʃi.kɯm],[bjʌn.ho.in.ɯn.dʒi.gɯm]
변호하고 있어,6,[pjʌn.ho.ha.ko.it̚.ʌ],[bjʌn.ho.ha.go.it̚.ʌ]
변호하는 거,6,[pjʌn.ho.ha.nɯŋ.kʌ],[bjʌn.ho.ha.nɯn.gʌ]
하지만 뭐든간에,6,[ha.tʃi.man.mwʌ.tɯŋ.kan.e],[ha.dʒi.man.mwʌ.dɯŋ.kan.e]
하지만 뭐가 됐든,6,[ha.tʃi.man.mwʌ.ka.twɛt̚.tɯn],[ha.dʒi.man.mwʌ.ga.dwɛt̚.tɯn]
하지만 뭐랄까,6,[ha.tʃi.man.mwʌ.ɾal.k͈a],[ha.dʒi.man.mwʌ.ɾal.k͈a]
하지만 뭔가 있다,6,[ha.tʃi.man.mwʌŋ.ka.it̚.ta],[ha.dʒi.man.mwʌŋ.ka.it̚.ta]
호랑이랑 싸우지 말아요,6,[ho.ɾaŋ.i.ɾaŋ.s͈a.u.tʃi.mal.a.jo],[ho.ɾaŋ.i.ɾaŋ.s͈a.u.dʒi.mal.a.jo]
하지만 미소까지,6,[ha.tʃi.man.mi.so.k͈a.tʃi],[ha.dʒi.man.mi.so.k͈a.dʒi]
하지만 미소까지 챙겨,6,[ha.tʃi.man.mi.so.k͈a.tʃi.tʃʰɛŋ.kjʌ],[ha.dʒi.man.mi.so.k͈a.dʒi.tʃʰɛŋ.gjʌ]
하지만 미소까지 챙겨 입어야죠,6,[ha.tʃi.man.mi.so.k͈a.tʃi.tʃʰɛŋ.kjʌ.ip̚.ʌ.ja.tʃjo],[ha.dʒi.man.mi.so.k͈a.dʒi.tʃʰɛŋ.gjʌ.ip̚.ʌ.ja.dʒjo]
하지만 미스,6,[ha.tʃi.man.mi.sɯ],[ha.dʒi.man.mi.sɯ]
변화 없습니다,6,[pjʌn.hwa.ʌp̚.sɯp̚.ni.ta],[bjʌn.hwa.ʌp̚.sɯp̚.ni.da]
변화 없어,6,[pjʌn.hwa.ʌp̚.ʌ],[bjʌn.hwa.ʌp̚.ʌ]
내 외로운,6,[nɛ.we.ɾo.un],[nɛ.we.ɾo.un]
하지만 민간,6,[ha.tʃi.man.miŋ.kan],[ha.dʒi.man.miŋ.kan]
하지만 미친,6,[ha.tʃi.man.mi.tʃʰin],[ha.dʒi.man.mi.tʃʰin]
호로 가,6,[ho.ɾo.ka],[ho.ɾo.ga]
내 외모가,6,[nɛ.we.mo.ka],[nɛ.we.mo.ga]
호루라기 소리가,6,[ho.ɾu.ɾa.ki.so.ɾi.ka],[ho.ɾu.ɾa.gi.so.ɾi.ga]
호루라기를 불면,6,[ho.ɾu.ɾa.ki.ɾɯl.pul.mjʌn],[ho.ɾu.ɾa.gi.ɾɯl.bul.mjʌn]
부른다 난,6,[pu.ɾɯn.ta.nan],[bu.ɾɯn.ta.nan]
하지만 바로 그,6,[ha.tʃi.mam.pa.ɾo.kɯ],[ha.dʒi.man.ba.ɾo.gɯ]
하지만 바보는,6,[ha.tʃi.mam.pa.po.nɯn],[ha.dʒi.man.ba.bo.nɯn]
하지만 박사님,6,[ha.tʃi.mam.pak̚.sa.nim],[ha.dʒi.man.bak̚.sa.nim]
부른다 손님들이 있느냐고,6,[pu.ɾɯn.ta.son.nin.tɯl.i.it̚.nɯ.nja.ko],[bu.ɾɯn.ta.son.nin.tɯl.i.it̚.nɯ.nja.go]
호르헤 살세도,6,[ho.ɾɯ.he.sal.se.to],[ho.ɾɯ.he.sal.se.do]
내 외투,6,[nɛ.we.tʰu],[nɛ.we.tʰu]
부른다고 응답하지 마라,6,[pu.ɾɯn.ta.ko.ɯŋ.tap̚.ha.tʃi.ma.ɾa],[bu.ɾɯn.ta.go.ɯŋ.dap̚.ha.dʒi.ma.ɾa]
부른 지,6,[pu.ɾɯn.tʃi],[bu.ɾɯn.dʒi]
호르몬 때문이지,6,[ho.ɾɯ.mon.t͈ɛ.mun.i.tʃi],[ho.ɾɯ.mon.t͈ɛ.mun.i.dʒi]
부른다고 응답하지,6,[pu.ɾɯn.ta.ko.ɯŋ.tap̚.ha.tʃi],[bu.ɾɯn.ta.go.ɯŋ.dap̚.ha.dʒi]
변화가 생기는,6,[pjʌn.hwa.ka.sɛŋ.ki.nɯn],[bjʌn.hwa.ga.sɛŋ.gi.nɯn]
내가 신분증을,6,[nɛ.ka.sim.pun.tʃɯŋ.ɯl],[nɛ.ga.sim.pun.tʃɯŋ.ɯl]
호를 타고,6,[ho.ɾɯl.tʰa.ko],[ho.ɾɯl.tʰa.go]
변화가 시작됐다 이제,6,[pjʌn.hwa.ka.si.tʃak̚.twɛt̚.ta.i.tʃe],[bjʌn.hwa.ga.si.dʒak̚.twɛt̚.ta.i.dʒe]
변화가 시작됐다 이제 네,6,[pjʌn.hwa.ka.si.tʃak̚.twɛt̚.ta.i.tʃe.ne],[bjʌn.hwa.ga.si.dʒak̚.twɛt̚.ta.i.dʒe.ne]
하지만 범행,6,[ha.tʃi.mam.pʌm.hɛŋ],[ha.dʒi.man.bʌm.hɛŋ]
변화가 없습니다,6,[pjʌn.hwa.ka.ʌp̚.sɯp̚.ni.ta],[bjʌn.hwa.ga.ʌp̚.sɯp̚.ni.da]
내 요구를 들어주면,6,[nɛ.jo.ku.ɾɯl.tɯl.ʌ.tʃu.mjʌn],[nɛ.jo.gu.ɾɯl.dɯl.ʌ.dʒu.mjʌn]
하지만 법적,6,[ha.tʃi.mam.pʌp̚.tʃʌk̚],[ha.dʒi.man.bʌp̚.tʃʌk̚]
변화가 없어요,6,[pjʌn.hwa.ka.ʌp̚.ʌ.jo],[bjʌn.hwa.ga.ʌp̚.ʌ.jo]
부른다고 응답하지 마라 그런데도,6,[pu.ɾɯn.ta.ko.ɯŋ.tap̚.ha.tʃi.ma.ɾa.kɯ.ɾʌn.te.to],[bu.ɾɯn.ta.go.ɯŋ.dap̚.ha.dʒi.ma.ɾa.gɯ.ɾʌn.te.do]
하지만 벤,6,[ha.tʃi.mam.pen],[ha.dʒi.man.ben]
변화가 없어,6,[pjʌn.hwa.ka.ʌp̚.ʌ],[bjʌn.hwa.ga.ʌp̚.ʌ]
하지만 변하지,6,[ha.tʃi.mam.pjʌn.ha.tʃi],[ha.dʒi.man.bjʌn.ha.dʒi]
변화가 있나,6,[pjʌn.hwa.ka.it̚.na],[bjʌn.hwa.ga.it̚.na]
감자를 어디서,6,[kan.tʃa.ɾɯl.ʌ.ti.sʌ],[gan.tʃa.ɾɯl.ʌ.di.sʌ]
곧 질,6,[kot̚.tʃil],[got̚.dʒil]
이렇게 대답해,6,[i.ɾʌt̚.ke.tɛ.tap̚.hɛ],[i.ɾʌt̚.ke.dɛ.dap̚.hɛ]
변화가 있어요,6,[pjʌn.hwa.ka.it̚.ʌ.jo],[bjʌn.hwa.ga.it̚.ʌ.jo]
내 요원들,6,[nɛ.jo.wʌn.tɯl],[nɛ.jo.wʌn.tɯl]
변화가 있었던,6,[pjʌn.hwa.ka.it̚.ʌt̚.tʌn],[bjʌn.hwa.ga.it̚.ʌt̚.tʌn]
하지만 부인의,6,[ha.tʃi.mam.pu.in.ɯi],[ha.dʒi.man.bu.in.ɯi]
하지만 불쌍한,6,[ha.tʃi.mam.pul.s͈aŋ.han],[ha.dʒi.man.bul.s͈aŋ.han]
하지만 불가능해요,6,[ha.tʃi.mam.pul.ka.nɯŋ.hɛ.jo],[ha.dʒi.man.bul.ka.nɯŋ.hɛ.jo]
변화가 있을 거야,6,[pjʌn.hwa.ka.it̚.ɯl.kʌ.ja],[bjʌn.hwa.ga.it̚.ɯl.gʌ.ja]
변화가 필요하다는,6,[pjʌn.hwa.ka.pʰil.jo.ha.ta.nɯn],[bjʌn.hwa.ga.pʰil.jo.ha.da.nɯn]
변화가 필요합니다,6,[pjʌn.hwa.ka.pʰil.jo.hap̚.ni.ta],[bjʌn.hwa.ga.pʰil.jo.hap̚.ni.da]
변화가 필요해서,6,[pjʌn.hwa.ka.pʰil.jo.hɛ.sʌ],[bjʌn.hwa.ga.pʰil.jo.hɛ.sʌ]
하지만 빨리 해,6,[ha.tʃi.mam.p͈al.ɾi.hɛ],[ha.dʒi.mam.p͈al.ɾi.hɛ]
하지만 뿌리를 단단히 내린,6,[ha.tʃi.mam.p͈u.ɾi.ɾɯl.tan.tan.hi.nɛ.ɾin],[ha.dʒi.mam.p͈u.ɾi.ɾɯl.dan.tan.hi.nɛ.ɾin]
하지만 뿌리를 단단히,6,[ha.tʃi.mam.p͈u.ɾi.ɾɯl.tan.tan.hi],[ha.dʒi.mam.p͈u.ɾi.ɾɯl.dan.tan.hi]
하지만 사건을,6,[ha.tʃi.man.sa.kʌn.ɯl],[ha.dʒi.man.sa.gʌn.ɯl]
하지만 사라는,6,[ha.tʃi.man.sa.ɾa.nɯn],[ha.dʒi.man.sa.ɾa.nɯn]
호송 중입니다,6,[ho.soŋ.tʃuŋ.ip̚.ni.ta],[ho.soŋ.dʒuŋ.ip̚.ni.da]
하지만 사람들,6,[ha.tʃi.man.sa.ɾan.tɯl],[ha.dʒi.man.sa.ɾan.tɯl]
내 요트를,6,[nɛ.jo.tʰɯ.ɾɯl],[nɛ.jo.tʰɯ.ɾɯl]
하지만 사랑을,6,[ha.tʃi.man.sa.ɾaŋ.ɯl],[ha.dʒi.man.sa.ɾaŋ.ɯl]
내 욕 했지,6,[nɛ.jok̚.hɛt̚.tʃi],[nɛ.jok̚.hɛt̚.tʃi]
하지만 사실은 그렇지,6,[ha.tʃi.man.sa.sil.ɯŋ.kɯ.ɾʌt̚.tʃi],[ha.dʒi.man.sa.sil.ɯn.gɯ.ɾʌt̚.tʃi]
곧 집에 돌아갈,6,[kot̚.tʃip̚.e.tol.a.kal],[got̚.dʒip̚.e.dol.a.gal]
하지만 사실이 아니에요,6,[ha.tʃi.man.sa.sil.i.a.ni.e.jo],[ha.dʒi.man.sa.sil.i.a.ni.e.jo]
하지만 사실이다,6,[ha.tʃi.man.sa.sil.i.ta],[ha.dʒi.man.sa.sil.i.da]
내 욕하고,6,[nɛ.jok̚.ha.ko],[nɛ.jok̚.ha.go]
하지만 사실입니다,6,[ha.tʃi.man.sa.sil.ip̚.ni.ta],[ha.dʒi.man.sa.sil.ip̚.ni.da]
하지만 사진은,6,[ha.tʃi.man.sa.tʃin.ɯn],[ha.dʒi.man.sa.dʒin.ɯn]
하지만 살다 보면,6,[ha.tʃi.man.sal.ta.po.mjʌn],[ha.dʒi.man.sal.ta.bo.mjʌn]
호수에 떨어 뜨 렸어,6,[ho.su.e.t͈ʌl.ʌ.t͈ɯ.ɾjʌt̚.ʌ],[ho.su.e.t͈ʌl.ʌ.t͈ɯ.ɾjʌt̚.ʌ]
곧 집에 올 거야,6,[kot̚.tʃip̚.e.ol.kʌ.ja],[got̚.dʒip̚.e.ol.gʌ.ja]
감자췹 피드백,6,[kan.tʃa.tʃʰwip̚.pʰi.tɯ.pɛk̚],[gan.tʃa.tʃʰwip̚.pʰi.dɯ.bɛk̚]
people just,6,,
감자췹 피드백 DC,6,[kan.tʃa.tʃʰwip̚.pʰi.tɯ.pɛk̚],[gan.tʃa.tʃʰwip̚.pʰi.dɯ.bɛk̚]
하지만 상당한,6,[ha.tʃi.man.saŋ.taŋ.han],[ha.dʒi.man.saŋ.daŋ.han]
부르는 너의 목소리를,6,[pu.ɾɯ.nɯn.nʌ.ɯi.mok̚.so.ɾi.ɾɯl],[bu.ɾɯ.nɯn.nʌ.ɯi.mok̚.so.ɾi.ɾɯl]
감자췹 피드백 DC 그아갤,6,[kan.tʃa.tʃʰwip̚.pʰi.tɯ.pɛk̚.kɯ.a.kɛl],[gan.tʃa.tʃʰwip̚.pʰi.dɯ.bɛk̚.gɯ.a.gɛl]
부를 생각,6,[pu.ɾɯl.sɛŋ.kak̚],[bu.ɾɯl.sɛŋ.gak̚]
변화를 줘야,6,[pjʌn.hwa.ɾɯl.tʃwʌ.ja],[bjʌn.hwa.ɾɯl.dʒwʌ.ja]
호수에 떨어 뜨린 사람에게,6,[ho.su.e.t͈ʌl.ʌ.t͈ɯ.ɾin.sa.ɾam.e.ke],[ho.su.e.t͈ʌl.ʌ.t͈ɯ.ɾin.sa.ɾam.e.ge]
내가 실망한,6,[nɛ.ka.sil.maŋ.han],[nɛ.ga.sil.maŋ.han]
내 우상이야,6,[nɛ.u.saŋ.i.ja],[nɛ.u.saŋ.i.ja]
하지만 서두를,6,[ha.tʃi.man.sʌ.tu.ɾɯl],[ha.dʒi.man.sʌ.du.ɾɯl]
변화에 영향을,6,[pjʌn.hwa.e.jʌŋ.hjaŋ.ɯl],[bjʌn.hwa.e.jʌŋ.hjaŋ.ɯl]
변화에 따른,6,[pjʌn.hwa.e.t͈a.ɾɯn],[bjʌn.hwa.e.t͈a.ɾɯn]
하지만 서약은 서약이지,6,[ha.tʃi.man.sʌ.jak̚.ɯn.sʌ.jak̚.i.tʃi],[ha.dʒi.man.sʌ.jak̚.ɯn.sʌ.jak̚.i.dʒi]
하지만 서약은,6,[ha.tʃi.man.sʌ.jak̚.ɯn],[ha.dʒi.man.sʌ.jak̚.ɯn]
하지만 서장님,6,[ha.tʃi.man.sʌ.tʃaŋ.nim],[ha.dʒi.man.sʌ.dʒaŋ.nim]
하지만 서약은 서약이지 그리고,6,[ha.tʃi.man.sʌ.jak̚.ɯn.sʌ.jak̚.i.tʃi.kɯ.ɾi.ko],[ha.dʒi.man.sʌ.jak̚.ɯn.sʌ.jak̚.i.dʒi.gɯ.ɾi.go]
변화해야 합니다,6,[pjʌn.hwa.hɛ.ja.hap̚.ni.ta],[bjʌn.hwa.hɛ.ja.hap̚.ni.da]
감자튀김 먹고,6,[kan.tʃa.tʰwi.kim.mʌk̚.ko],[gan.tʃa.tʰwi.gim.mʌk̚.ko]
곧 창립 파티가,6,[kot̚.tʃʰaŋ.ɾip̚.pʰa.tʰi.ka],[got̚.tʃʰaŋ.ɾip̚.pʰa.tʰi.ga]
호에 있는,6,[ho.e.it̚.nɯn],[ho.e.it̚.nɯn]
부를 수 있지,6,[pu.ɾɯl.su.it̚.tʃi],[bu.ɾɯl.su.it̚.tʃi]
내 우편함에,6,[nɛ.u.pʰjʌn.ham.e],[nɛ.u.pʰjʌn.ham.e]
내 운동을,6,[nɛ.un.toŋ.ɯl],[nɛ.un.toŋ.ɯl]
하지만 소용없어,6,[ha.tʃi.man.so.joŋ.ʌp̚.ʌ],[ha.dʒi.man.so.joŋ.ʌp̚.ʌ]
별 거 아니네,6,[pjʌl.kʌ.a.ni.ne],[bjʌl.gʌ.a.ni.ne]
별 거 아녜요,6,[pjʌl.kʌ.a.nje.jo],[bjʌl.gʌ.a.nje.jo]
하지만 속지,6,[ha.tʃi.man.sok̚.tʃi],[ha.dʒi.man.sok̚.tʃi]
하지만 솔직하게,6,[ha.tʃi.man.sol.tʃik̚.ha.ke],[ha.dʒi.man.sol.tʃik̚.ha.ge]
별 거 아니죠,6,[pjʌl.kʌ.a.ni.tʃjo],[bjʌl.gʌ.a.ni.dʒjo]
호의는 고맙지만,6,[ho.ɯi.nɯŋ.ko.map̚.tʃi.man],[ho.ɯi.nɯn.go.map̚.tʃi.man]
하지만 수수께끼가,6,[ha.tʃi.man.su.su.k͈e.k͈i.ka],[ha.dʒi.man.su.su.k͈e.k͈i.ga]
별 거 아닌데,6,[pjʌl.kʌ.a.nin.te],[bjʌl.gʌ.a.nin.te]
내 운명은 내가,6,[nɛ.un.mjʌŋ.ɯn.nɛ.ka],[nɛ.un.mjʌŋ.ɯn.nɛ.ga]
Did something happen,6,,
하지만 쉽지,6,[ha.tʃi.man.swip̚.tʃi],[ha.dʒi.man.swip̚.tʃi]
하지만 스스로를,6,[ha.tʃi.man.sɯ.sɯ.ɾo.ɾɯl],[ha.dʒi.man.sɯ.sɯ.ɾo.ɾɯl]
호주 공군 특수부대 요원,6,[ho.tʃu.koŋ.kun.tʰɯk̚.su.pu.tɛ.jo.wʌn],[ho.dʒu.goŋ.gun.tʰɯk̚.su.bu.dɛ.jo.wʌn]
하지만 시간이 없다,6,[ha.tʃi.man.si.kan.i.ʌp̚.ta],[ha.dʒi.man.si.gan.i.ʌp̚.ta]
내 운명이라고 말해줘요,6,[nɛ.un.mjʌŋ.i.ɾa.ko.mal.hɛ.tʃwʌ.jo],[nɛ.un.mjʌŋ.i.ɾa.go.mal.hɛ.dʒwʌ.jo]
부를 순 없지,6,[pu.ɾɯl.sun.ʌp̚.tʃi],[bu.ɾɯl.sun.ʌp̚.tʃi]
하지만 신께서,6,[ha.tʃi.man.siŋ.k͈e.sʌ],[ha.dʒi.man.siŋ.k͈e.sʌ]
하지만 신경 안,6,[ha.tʃi.man.siŋ.kjʌŋ.an],[ha.dʒi.man.siŋ.kjʌŋ.an]
별 게 아니에요,6,[pjʌl.ke.a.ni.e.jo],[bjʌl.ge.a.ni.e.jo]
하지만 실상은,6,[ha.tʃi.man.sil.saŋ.ɯn],[ha.dʒi.man.sil.saŋ.ɯn]
내 운은,6,[nɛ.un.ɯn],[nɛ.un.ɯn]
하지만 실수가,6,[ha.tʃi.man.sil.su.ka],[ha.dʒi.man.sil.su.ga]
곧 찾을 수 있을,6,[kot̚.tʃʰat̚.ɯl.su.it̚.ɯl],[got̚.tʃʰat̚.ɯl.su.it̚.ɯl]
하지만 실패했죠,6,[ha.tʃi.man.sil.pʰɛ.hɛt̚.tʃjo],[ha.dʒi.man.sil.pʰɛ.hɛt̚.tʃjo]
별 관심이 없어,6,[pjʌl.kwan.sim.i.ʌp̚.ʌ],[bjʌl.gwan.sim.i.ʌp̚.ʌ]
하지만 심장이,6,[ha.tʃi.man.sin.tʃaŋ.i],[ha.dʒi.man.sin.tʃaŋ.i]
하지만 십,6,[ha.tʃi.man.sip̚],[ha.dʒi.man.sip̚]
내 운전사가,6,[nɛ.un.tʃʌn.sa.ka],[nɛ.un.tʃʌn.sa.ga]
호에 대해,6,[ho.e.tɛ.hɛ],[ho.e.dɛ.hɛ]
별 내부의,6,[pjʌl.lɛ.pu.ɯi],[bjʌl.lɛ.bu.ɯi]
하지만 아기,6,[ha.tʃi.man.a.ki],[ha.dʒi.man.a.gi]
하지만 아기가,6,[ha.tʃi.man.a.ki.ka],[ha.dʒi.man.a.gi.ga]
하지만 아기를,6,[ha.tʃi.man.a.ki.ɾɯl],[ha.dʒi.man.a.gi.ɾɯl]
하지만 아내의,6,[ha.tʃi.man.a.nɛ.ɯi],[ha.dʒi.man.a.nɛ.ɯi]
하지만 아까는,6,[ha.tʃi.man.a.k͈a.nɯn],[ha.dʒi.man.a.k͈a.nɯn]
곧 출근해야,6,[kot̚.tʃʰul.kɯn.hɛ.ja],[got̚.tʃʰul.kɯn.hɛ.ja]
내가 실수했다는,6,[nɛ.ka.sil.su.hɛt̚.ta.nɯn],[nɛ.ga.sil.su.hɛt̚.ta.nɯn]
내 원수의,6,[nɛ.wʌn.su.ɯi],[nɛ.wʌn.su.ɯi]
하지만 아니라면,6,[ha.tʃi.man.a.ni.ɾa.mjʌn],[ha.dʒi.man.a.ni.ɾa.mjʌn]
하지만 아니었죠,6,[ha.tʃi.man.a.ni.ʌt̚.tʃjo],[ha.dʒi.man.a.ni.ʌt̚.tʃjo]
내 원칙은,6,[nɛ.wʌn.tʃʰik̚.ɯn],[nɛ.wʌn.tʃʰik̚.ɯn]
곧 출발할 겁니다,6,[kot̚.tʃʰul.pal.hal.kʌp̚.ni.ta],[got̚.tʃʰul.pal.hal.gʌp̚.ni.da]
하지만 아니죠,6,[ha.tʃi.man.a.ni.tʃjo],[ha.dʒi.man.a.ni.dʒjo]
부를까 봐,6,[pu.ɾɯl.k͈a.pwa],[bu.ɾɯl.k͈a.bwa]
별 도움이 되지,6,[pjʌl.to.um.i.twe.tʃi],[bjʌl.do.um.i.dwe.dʒi]
하지만 아들,6,[ha.tʃi.man.a.tɯl],[ha.dʒi.man.a.dɯl]
내 월급을,6,[nɛ.wʌl.kɯp̚.ɯl],[nɛ.wʌl.kɯp̚.ɯl]
하지만 아무 말도,6,[ha.tʃi.man.a.mu.mal.to],[ha.dʒi.man.a.mu.mal.to]
하지만 아만다,6,[ha.tʃi.man.a.man.ta],[ha.dʒi.man.a.man.ta]
하지만 아무 의미,6,[ha.tʃi.man.a.mu.ɯi.mi],[ha.dʒi.man.a.mu.ɯi.mi]
곧 출산할,6,[kot̚.tʃʰul.san.hal],[got̚.tʃʰul.san.hal]
하지만 아무도 날,6,[ha.tʃi.man.a.mu.to.nal],[ha.dʒi.man.a.mu.do.nal]
하지만 아무리 노력해도,6,[ha.tʃi.man.a.mu.ɾi.no.ɾjʌk̚.hɛ.to],[ha.dʒi.man.a.mu.ɾi.no.ɾjʌk̚.hɛ.do]
하지만 아빠랑,6,[ha.tʃi.man.a.p͈a.ɾaŋ],[ha.dʒi.man.a.p͈a.ɾaŋ]
별 문제 없는,6,[pjʌl.mun.tʃe.ʌp̚.nɯn],[bjʌl.mun.tʃe.ʌp̚.nɯn]
별 문제도,6,[pjʌl.mun.tʃe.to],[bjʌl.mun.tʃe.do]
내 위장이,6,[nɛ.wi.tʃaŋ.i],[nɛ.wi.dʒaŋ.i]
하지만 아직 갈,6,[ha.tʃi.man.a.tʃik̚.kal],[ha.dʒi.man.a.dʒik̚.gal]
하지만 아직 갈 길이,6,[ha.tʃi.man.a.tʃik̚.kal.kil.i],[ha.dʒi.man.a.dʒik̚.gal.gil.i]
내 위장을,6,[nɛ.wi.tʃaŋ.ɯl],[nɛ.wi.dʒaŋ.ɯl]
하지만 아직 끝나지 않았어,6,[ha.tʃi.man.a.tʃik̚.k͈ɯt̚.na.tʃi.an.at̚.ʌ],[ha.dʒi.man.a.dʒik̚.k͈ɯt̚.na.dʒi.an.at̚.ʌ]
하지만 안 그랬죠,6,[ha.tʃi.man.aŋ.kɯ.ɾɛt̚.tʃjo],[ha.dʒi.man.an.gɯ.ɾɛt̚.tʃjo]
하지만 악마가,6,[ha.tʃi.man.ak̚.ma.ka],[ha.dʒi.man.ak̚.ma.ga]
감정 기복도,6,[kan.tʃʌŋ.ki.pok̚.to],[gan.tʃʌŋ.gi.bok̚.to]
하지만 안전을,6,[ha.tʃi.man.an.tʃʌn.ɯl],[ha.dʒi.man.an.tʃʌn.ɯl]
호텔 사장 유아사 타케시,6,[ho.tʰel.sa.tʃaŋ.ju.a.sa.tʰa.kʰe.si],[ho.tʰel.sa.dʒaŋ.ju.a.sa.tʰa.kʰe.si]
내 위치를 알고,6,[nɛ.wi.tʃʰi.ɾɯl.al.ko],[nɛ.wi.tʃʰi.ɾɯl.al.ko]
별 사이에,6,[pjʌl.sa.i.e],[bjʌl.sa.i.e]
별 사이에 깃들일지라도,6,[pjʌl.sa.i.e.kit̚.tɯl.il.tʃi.ɾa.to],[bjʌl.sa.i.e.git̚.tɯl.il.tʃi.ɾa.do]
곧 터질 것,6,[kot̚.tʰʌ.tʃil.kʌt̚],[got̚.tʰʌ.dʒil.gʌt̚]
호텔 스위트룸에,6,[ho.tʰel.sɯ.wi.tʰɯ.ɾum.e],[ho.tʰel.sɯ.wi.tʰɯ.ɾum.e]
하지만 알리바이가,6,[ha.tʃi.man.al.ɾi.pa.i.ka],[ha.dʒi.man.al.ɾi.ba.i.ga]
별 상관없어,6,[pjʌl.saŋ.kwan.ʌp̚.ʌ],[bjʌl.saŋ.gwan.ʌp̚.ʌ]
별 상관 안,6,[pjʌl.saŋ.kwan.an],[bjʌl.saŋ.gwan.an]
하지만 알아두세요,6,[ha.tʃi.man.al.a.tu.se.jo],[ha.dʒi.man.al.a.du.se.jo]
별 세 개,6,[pjʌl.se.kɛ],[bjʌl.se.gɛ]
내 유일한 가족이야,6,[nɛ.ju.il.haŋ.ka.tʃok̚.i.ja],[nɛ.ju.il.han.ga.dʒok̚.i.ja]
내 유산이야,6,[nɛ.ju.san.i.ja],[nɛ.ju.san.i.ja]
별 속에,6,[pjʌl.sok̚.e],[bjʌl.sok̚.e]
하지만 약속하는데,6,[ha.tʃi.man.jak̚.sok̚.ha.nɯn.te],[ha.dʒi.man.jak̚.sok̚.ha.nɯn.te]
별 수가,6,[pjʌl.su.ka],[bjʌl.su.ga]
내가 실패했어,6,[nɛ.ka.sil.pʰɛ.hɛt̚.ʌ],[nɛ.ga.sil.pʰɛ.hɛt̚.ʌ]
하지만 약속해,6,[ha.tʃi.man.jak̚.sok̚.hɛ],[ha.dʒi.man.jak̚.sok̚.hɛ]
내 유일한 친구야,6,[nɛ.ju.il.han.tʃʰiŋ.ku.ja],[nɛ.ju.il.han.tʃʰiŋ.ku.ja]
내 유일한 딸을,6,[nɛ.ju.il.han.t͈al.ɯl],[nɛ.ju.il.han.t͈al.ɯl]
하지만 약속해요,6,[ha.tʃi.man.jak̚.sok̚.hɛ.jo],[ha.dʒi.man.jak̚.sok̚.hɛ.jo]
하지만 약이,6,[ha.tʃi.man.jak̚.i],[ha.dʒi.man.jak̚.i]
basically a,6,,
별 쓸모 없어요,6,[pjʌl.s͈ɯl.mo.ʌp̚.ʌ.jo],[bjʌl.s͈ɯl.mo.ʌp̚.ʌ.jo]
하지만 어,6,[ha.tʃi.man.ʌ],[ha.dʒi.man.ʌ]
내 유전자가,6,[nɛ.ju.tʃʌn.tʃa.ka],[nɛ.ju.dʒʌn.tʃa.ga]
하지만 어둠,6,[ha.tʃi.man.ʌ.tum],[ha.dʒi.man.ʌ.dum]
별 아름답게,6,[pjʌl.a.ɾɯn.tap̚.ke],[bjʌl.a.ɾɯn.tap̚.ke]
하지만 어둠은,6,[ha.tʃi.man.ʌ.tum.ɯn],[ha.dʒi.man.ʌ.dum.ɯn]
별 안에,6,[pjʌl.an.e],[bjʌl.an.e]
하지만 어디 있는지,6,[ha.tʃi.man.ʌ.ti.it̚.nɯn.tʃi],[ha.dʒi.man.ʌ.di.it̚.nɯn.tʃi]
곧 풀릴,6,[kot̚.pʰul.ɾil],[got̚.pʰul.ɾil]
people really,6,,
내 은퇴자금을,6,[nɛ.ɯn.tʰwe.tʃa.kɯm.ɯl],[nɛ.ɯn.tʰwe.dʒa.gɯm.ɯl]
하지만 어떻게 그걸,6,[ha.tʃi.man.ʌ.t͈ʌt̚.ke.kɯ.kʌl],[ha.dʒi.man.ʌ.t͈ʌt̚.ke.gɯ.gʌl]
하지만 어떻게 될지,6,[ha.tʃi.man.ʌ.t͈ʌt̚.ke.twel.tʃi],[ha.dʒi.man.ʌ.t͈ʌt̚.ke.dwel.tʃi]
하지만 어떻게 그,6,[ha.tʃi.man.ʌ.t͈ʌt̚.ke.kɯ],[ha.dʒi.man.ʌ.t͈ʌt̚.ke.gɯ]
하지만 어떻게 해야 할지,6,[ha.tʃi.man.ʌ.t͈ʌt̚.ke.hɛ.ja.hal.tʃi],[ha.dʒi.man.ʌ.t͈ʌt̚.ke.hɛ.ja.hal.tʃi]
내 은퇴자금을 훔쳤나,6,[nɛ.ɯn.tʰwe.tʃa.kɯm.ɯl.hun.tʃʰjʌt̚.na],[nɛ.ɯn.tʰwe.dʒa.gɯm.ɯl.hun.tʃʰjʌt̚.na]
Not anymore,6,,
별 의미가 없을,6,[pjʌl.ɯi.mi.ka.ʌp̚.ɯl],[bjʌl.ɯi.mi.ga.ʌp̚.ɯl]
하지만 어서,6,[ha.tʃi.man.ʌ.sʌ],[ha.dʒi.man.ʌ.sʌ]
부린 건,6,[pu.ɾiŋ.kʌn],[bu.ɾin.gʌn]
하지만 어쩔 수 없네요,6,[ha.tʃi.man.ʌ.tʃ͈ʌl.su.ʌp̚.ne.jo],[ha.dʒi.man.ʌ.tʃ͈ʌl.su.ʌp̚.ne.jo]
하지만 어쩔 수 없어요,6,[ha.tʃi.man.ʌ.tʃ͈ʌl.su.ʌp̚.ʌ.jo],[ha.dʒi.man.ʌ.tʃ͈ʌl.su.ʌp̚.ʌ.jo]
별 일 아니겠지만,6,[pjʌl.il.a.ni.ket̚.tʃi.man],[bjʌl.il.a.ni.get̚.tʃi.man]
내 음악에,6,[nɛ.ɯm.ak̚.e],[nɛ.ɯm.ak̚.e]
호텔에 머물고,6,[ho.tʰel.e.mʌ.mul.ko],[ho.tʰel.e.mʌ.mul.ko]
별 일 없었어요,6,[pjʌl.il.ʌp̚.ʌt̚.ʌ.jo],[bjʌl.il.ʌp̚.ʌt̚.ʌ.jo]
곧 할 겁니다,6,[kot̚.hal.kʌp̚.ni.ta],[got̚.hal.gʌp̚.ni.da]
하지만 엄마와,6,[ha.tʃi.man.ʌm.ma.wa],[ha.dʒi.man.ʌm.ma.wa]
하지만 엄밀히 말하면,6,[ha.tʃi.man.ʌm.mil.hi.mal.ha.mjʌn],[ha.dʒi.man.ʌm.mil.hi.mal.ha.mjʌn]
하지만 엉뚱한,6,[ha.tʃi.man.ʌŋ.t͈uŋ.han],[ha.dʒi.man.ʌŋ.t͈uŋ.han]
별 진전이,6,[pjʌl.tʃin.tʃʌn.i],[bjʌl.dʒin.tʃʌn.i]
별 짓,6,[pjʌl.tʃit̚],[bjʌl.dʒit̚]
감정 안,6,[kan.tʃʌŋ.an],[gan.tʃʌŋ.an]
내가 싫은 건,6,[nɛ.ka.sil.ɯŋ.kʌn],[nɛ.ga.sil.ɯn.gʌn]
별 차이 없어,6,[pjʌl.tʃʰa.i.ʌp̚.ʌ],[bjʌl.tʃʰa.i.ʌp̚.ʌ]
하지만 여기에는,6,[ha.tʃi.man.jʌ.ki.e.nɯn],[ha.dʒi.man.jʌ.gi.e.nɯn]
별 차이는,6,[pjʌl.tʃʰa.i.nɯn],[bjʌl.tʃʰa.i.nɯn]
하지만 여긴 내,6,[ha.tʃi.man.jʌ.kin.nɛ],[ha.dʒi.man.jʌ.gin.nɛ]
별 탈 없을,6,[pjʌl.tʰal.ʌp̚.ɯl],[bjʌl.tʰal.ʌp̚.ɯl]
하지만 여러 가지,6,[ha.tʃi.man.jʌ.ɾʌ.ka.tʃi],[ha.dʒi.man.jʌ.ɾʌ.ga.dʒi]
별 탈이,6,[pjʌl.tʰal.i],[bjʌl.tʰal.i]
하지만 여러분들이,6,[ha.tʃi.man.jʌ.ɾʌ.pun.tɯl.i],[ha.dʒi.man.jʌ.ɾʌ.bun.tɯl.i]
be Here,6,,
호텔에서 발생한 강철씨 피습사건의,6,[ho.tʰel.e.sʌ.pal.sɛŋ.haŋ.kaŋ.tʃʰʌl.s͈i.pʰi.sɯp̚.sa.kʌn.ɯi],[ho.tʰel.e.sʌ.bal.sɛŋ.han.gaŋ.tʃʰʌl.s͈i.pʰi.sɯp̚.sa.gʌn.ɯi]
하지만 여왕은,6,[ha.tʃi.man.jʌ.waŋ.ɯn],[ha.dʒi.man.jʌ.waŋ.ɯn]
별 하나가,6,[pjʌl.ha.na.ka],[bjʌl.ha.na.ga]
하지만 여자를,6,[ha.tʃi.man.jʌ.tʃa.ɾɯl],[ha.dʒi.man.jʌ.dʒa.ɾɯl]
하지만 여자들은,6,[ha.tʃi.man.jʌ.tʃa.tɯl.ɯn],[ha.dʒi.man.jʌ.dʒa.dɯl.ɯn]
호텔에서 봐요,6,[ho.tʰel.e.sʌ.pwa.jo],[ho.tʰel.e.sʌ.bwa.jo]
하지만 연락이,6,[ha.tʃi.man.jʌl.lak̚.i],[ha.dʒi.man.jʌl.lak̚.i]
별 희한한 곳을,6,[pjʌl.hɯi.han.haŋ.kot̚.ɯl],[bjʌl.hɯi.han.han.got̚.ɯl]
별 희한한 곳을 다,6,[pjʌl.hɯi.han.haŋ.kot̚.ɯl.ta],[bjʌl.hɯi.han.han.got̚.ɯl.da]
별 효과는,6,[pjʌl.hjo.kwa.nɯn],[bjʌl.hjo.gwa.nɯn]
부모 사망,6,[pu.mo.sa.maŋ],[bu.mo.sa.maŋ]
하지만 오늘의,6,[ha.tʃi.man.o.nɯl.ɯi],[ha.dʒi.man.o.nɯl.ɯi]
하지만 오래가지,6,[ha.tʃi.man.o.ɾɛ.ka.tʃi],[ha.dʒi.man.o.ɾɛ.ga.dʒi]
호텔을 파세요 내가 다가가서,6,[ho.tʰel.ɯl.pʰa.se.jo.nɛ.ka.ta.ka.ka.sʌ],[ho.tʰel.ɯl.pʰa.se.jo.nɛ.ga.da.ga.ga.sʌ]
하지만 오빠,6,[ha.tʃi.man.o.p͈a],[ha.dʒi.man.o.p͈a]
하지만 올리버가,6,[ha.tʃi.man.ol.ɾi.pʌ.ka],[ha.dʒi.man.ol.ɾi.bʌ.ga]
하지만 왜 그랬는지,6,[ha.tʃi.man.wɛ.kɯ.ɾɛt̚.nɯn.tʃi],[ha.dʒi.man.wɛ.gɯ.ɾɛt̚.nɯn.tʃi]
하지만 왜 그런,6,[ha.tʃi.man.wɛ.kɯ.ɾʌn],[ha.dʒi.man.wɛ.gɯ.ɾʌn]
호실에 있어요,6,[ho.sil.e.it̚.ʌ.jo],[ho.sil.e.it̚.ʌ.jo]
하지만 왜지,6,[ha.tʃi.man.wɛ.tʃi],[ha.dʒi.man.wɛ.dʒi]
별거 아니라니까,6,[pjʌl.kʌ.a.ni.ɾa.ni.k͈a],[bjʌl.kʌ.a.ni.ɾa.ni.k͈a]
곧 해결될 거예요,6,[kot̚.hɛ.kjʌl.twel.kʌ.je.jo],[got̚.hɛ.gjʌl.twel.gʌ.je.jo]
곧 해가 질 거야,6,[kot̚.hɛ.ka.tʃil.kʌ.ja],[got̚.hɛ.ga.dʒil.gʌ.ja]
하지만 외계인,6,[ha.tʃi.man.we.kje.in],[ha.dʒi.man.we.gje.in]
별거 아니란다,6,[pjʌl.kʌ.a.ni.ɾan.ta],[bjʌl.kʌ.a.ni.ɾan.ta]
별거 아니면,6,[pjʌl.kʌ.a.ni.mjʌn],[bjʌl.kʌ.a.ni.mjʌn]
곧 해결할,6,[kot̚.hɛ.kjʌl.hal],[got̚.hɛ.gjʌl.hal]
하지만 용의자는,6,[ha.tʃi.man.joŋ.ɯi.tʃa.nɯn],[ha.dʒi.man.joŋ.ɯi.dʒa.nɯn]
하지만 용기가,6,[ha.tʃi.man.joŋ.ki.ka],[ha.dʒi.man.joŋ.gi.ga]
하지만 우리 둘은,6,[ha.tʃi.man.u.ɾi.tul.ɯn],[ha.dʒi.man.u.ɾi.dul.ɯn]
별거 아니에요 그냥,6,[pjʌl.kʌ.a.ni.e.jo.kɯ.njaŋ],[bjʌl.kʌ.a.ni.e.jo.gɯ.njaŋ]
내 의상,6,[nɛ.ɯi.saŋ],[nɛ.ɯi.saŋ]
곧 해고될,6,[kot̚.hɛ.ko.twel],[got̚.hɛ.go.dwel]
하지만 우리 사이에,6,[ha.tʃi.man.u.ɾi.sa.i.e],[ha.dʒi.man.u.ɾi.sa.i.e]
하지만 우리 일을,6,[ha.tʃi.man.u.ɾi.il.ɯl],[ha.dʒi.man.u.ɾi.il.ɯl]
곧 헤어질,6,[kot̚.he.ʌ.tʃil],[got̚.he.ʌ.dʒil]
be Heroes,6,,
내 의식,6,[nɛ.ɯi.sik̚],[nɛ.ɯi.sik̚]
하지만 우리가 계속,6,[ha.tʃi.man.u.ɾi.ka.kje.sok̚],[ha.dʒi.man.u.ɾi.ga.gje.sok̚]
하지만 우리가 다시,6,[ha.tʃi.man.u.ɾi.ka.ta.si],[ha.dʒi.man.u.ɾi.ga.da.si]
내 의심은,6,[nɛ.ɯi.sim.ɯn],[nɛ.ɯi.sim.ɯn]
하지만 우리가 바꿀,6,[ha.tʃi.man.u.ɾi.ka.pa.k͈ul],[ha.dʒi.man.u.ɾi.ga.ba.k͈ul]
이렇게 만나네요,6,[i.ɾʌt̚.ke.man.na.ne.jo],[i.ɾʌt̚.ke.man.na.ne.jo]
별거 아닌걸요,6,[pjʌl.kʌ.a.niŋ.kʌl.jo],[bjʌl.kʌ.a.niŋ.kʌl.jo]
부모가 돼서,6,[pu.mo.ka.twɛ.sʌ],[bu.mo.ga.dwɛ.sʌ]
하지만 우리가 어떻게,6,[ha.tʃi.man.u.ɾi.ka.ʌ.t͈ʌt̚.ke],[ha.dʒi.man.u.ɾi.ga.ʌ.t͈ʌt̚.ke]
감정 잘,6,[kan.tʃʌŋ.tʃal],[gan.tʃʌŋ.dʒal]
하지만 우리가 이기고 적이,6,[ha.tʃi.man.u.ɾi.ka.i.ki.ko.tʃʌk̚.i],[ha.dʒi.man.u.ɾi.ga.i.gi.go.dʒʌk̚.i]
하지만 우리가 찾은,6,[ha.tʃi.man.u.ɾi.ka.tʃʰat̚.ɯn],[ha.dʒi.man.u.ɾi.ga.tʃʰat̚.ɯn]
별거 아닐 수도 있지만,6,[pjʌl.kʌ.a.nil.su.to.it̚.tʃi.man],[bjʌl.kʌ.a.nil.su.do.it̚.tʃi.man]
내 의자는,6,[nɛ.ɯi.tʃa.nɯn],[nɛ.ɯi.dʒa.nɯn]
하지만 우리는 그것이,6,[ha.tʃi.man.u.ɾi.nɯŋ.kɯ.kʌt̚.i],[ha.dʒi.man.u.ɾi.nɯn.gɯ.gʌt̚.i]
별거 안 해요,6,[pjʌl.kʌ.an.hɛ.jo],[bjʌl.kʌ.an.hɛ.jo]
하지만 우리는 그럴,6,[ha.tʃi.man.u.ɾi.nɯŋ.kɯ.ɾʌl],[ha.dʒi.man.u.ɾi.nɯn.gɯ.ɾʌl]
하지만 우리는 그들이,6,[ha.tʃi.man.u.ɾi.nɯŋ.kɯ.tɯl.i],[ha.dʒi.man.u.ɾi.nɯn.gɯ.dɯl.i]
하지만 우리는 그렇지,6,[ha.tʃi.man.u.ɾi.nɯŋ.kɯ.ɾʌt̚.tʃi],[ha.dʒi.man.u.ɾi.nɯn.gɯ.ɾʌt̚.tʃi]
하지만 우리는 다른,6,[ha.tʃi.man.u.ɾi.nɯn.ta.ɾɯn],[ha.dʒi.man.u.ɾi.nɯn.da.ɾɯn]
하지만 우리는 그의,6,[ha.tʃi.man.u.ɾi.nɯŋ.kɯ.ɯi],[ha.dʒi.man.u.ɾi.nɯn.gɯ.ɯi]
별거 없군,6,[pjʌl.kʌ.ʌp̚.kun],[bjʌl.kʌ.ʌp̚.kun]
하지만 우리는 많은,6,[ha.tʃi.man.u.ɾi.nɯn.man.ɯn],[ha.dʒi.man.u.ɾi.nɯn.man.ɯn]
호흡기를 달고,6,[ho.hɯp̚.ki.ɾɯl.tal.ko],[ho.hɯp̚.ki.ɾɯl.dal.ko]
호흡을 못 하지,6,[ho.hɯp̚.ɯl.mot̚.ha.tʃi],[ho.hɯp̚.ɯl.mot̚.ha.dʒi]
하지만 우리는 모두,6,[ha.tʃi.man.u.ɾi.nɯn.mo.tu],[ha.dʒi.man.u.ɾi.nɯn.mo.du]
하지만 우리는 여기,6,[ha.tʃi.man.u.ɾi.nɯn.jʌ.ki],[ha.dʒi.man.u.ɾi.nɯn.jʌ.gi]
내 의지는,6,[nɛ.ɯi.tʃi.nɯn],[nɛ.ɯi.dʒi.nɯn]
강한 이유입니다 아무도,6,[kaŋ.han.i.ju.ip̚.ni.ta.a.mu.to],[gaŋ.han.i.ju.ip̚.ni.da.a.mu.do]
내가 싸운,6,[nɛ.ka.s͈a.un],[nɛ.ga.s͈a.un]
곧 회복하실,6,[kot̚.hwe.pok̚.ha.sil],[got̚.hwe.bok̚.ha.sil]
곧 회복할,6,[kot̚.hwe.pok̚.hal],[got̚.hwe.bok̚.hal]
별거 없잖아,6,[pjʌl.kʌ.ʌp̚.tʃan.a],[bjʌl.kʌ.ʌp̚.tʃan.a]
호흡할 수,6,[ho.hɯp̚.hal.su],[ho.hɯp̚.hal.su]
별거 없지만,6,[pjʌl.kʌ.ʌp̚.tʃi.man],[bjʌl.kʌ.ʌp̚.tʃi.man]
내 의지와는,6,[nɛ.ɯi.tʃi.wa.nɯn],[nɛ.ɯi.dʒi.wa.nɯn]
별거 중이죠,6,[pjʌl.kʌ.tʃuŋ.i.tʃjo],[bjʌl.kʌ.dʒuŋ.i.dʒjo]
Not at all,6,,
혹시 가게,6,[hok̚.si.ka.ke],[hok̚.si.ga.ge]
부모가 될 준비가,6,[pu.mo.ka.twel.tʃum.pi.ka],[bu.mo.ga.dwel.dʒum.pi.ga]
호흡 장애,6,[ho.hɯp̚.tʃaŋ.ɛ],[ho.hɯp̚.dʒaŋ.ɛ]
하지만 우린 안,6,[ha.tʃi.man.u.ɾin.an],[ha.dʒi.man.u.ɾin.an]
곧바로 갈게,6,[kot̚.pa.ɾo.kal.ke],[got̚.pa.ɾo.gal.ke]
하지만 우린 여전히,6,[ha.tʃi.man.u.ɾin.jʌ.tʃʌn.hi],[ha.dʒi.man.u.ɾin.jʌ.dʒʌn.hi]
하지만 우린 인간이잖아,6,[ha.tʃi.man.u.ɾin.iŋ.kan.i.tʃan.a],[ha.dʒi.man.u.ɾin.iŋ.kan.i.dʒan.a]
별것 아녜요,6,[pjʌl.kʌt̚.a.nje.jo],[bjʌl.kʌt̚.a.nje.jo]
감정 표현도,6,[kan.tʃʌm.pʰjo.hjʌn.to],[gan.tʃʌm.pʰjo.hjʌn.to]
하지만 우연히,6,[ha.tʃi.man.u.jʌn.hi],[ha.dʒi.man.u.jʌn.hi]
별것 안,6,[pjʌl.kʌt̚.an],[bjʌl.kʌt̚.an]
하지만 운명이 대너리스 타르가르옌을,6,[ha.tʃi.man.un.mjʌŋ.i.tɛ.nʌ.ɾi.sɯ.tʰa.ɾɯ.ka.ɾɯ.jen.ɯl],[ha.dʒi.man.un.mjʌŋ.i.dɛ.nʌ.ɾi.sɯ.tʰa.ɾɯ.ga.ɾɯ.jen.ɯl]
하지만 운명이 대너리스,6,[ha.tʃi.man.un.mjʌŋ.i.tɛ.nʌ.ɾi.sɯ],[ha.dʒi.man.un.mjʌŋ.i.dɛ.nʌ.ɾi.sɯ]
강한 이유입니다 아무도 없다,6,[kaŋ.han.i.ju.ip̚.ni.ta.a.mu.to.ʌp̚.ta],[gaŋ.han.i.ju.ip̚.ni.da.a.mu.do.ʌp̚.ta]
별것 아닐,6,[pjʌl.kʌt̚.a.nil],[bjʌl.kʌt̚.a.nil]
하지만 위로가 된다면,6,[ha.tʃi.man.wi.ɾo.ka.twen.ta.mjʌn],[ha.dʒi.man.wi.ɾo.ga.dwen.ta.mjʌn]
하지만 위험은,6,[ha.tʃi.man.wi.hʌm.ɯn],[ha.dʒi.man.wi.hʌm.ɯn]
곧바로 집에,6,[kot̚.pa.ɾo.tʃip̚.e],[got̚.pa.ɾo.dʒip̚.e]
하지만 은행,6,[ha.tʃi.man.ɯn.hɛŋ],[ha.dʒi.man.ɯn.hɛŋ]
하지만 위험을,6,[ha.tʃi.man.wi.hʌm.ɯl],[ha.dʒi.man.wi.hʌm.ɯl]
부모가 한,6,[pu.mo.ka.han],[bu.mo.ga.han]
be a bank,6,,
하지만 의자에있는,6,[ha.tʃi.man.ɯi.tʃa.e.it̚.nɯn],[ha.dʒi.man.ɯi.dʒa.e.it̚.nɯn]
하지만 의자에있는 남자,6,[ha.tʃi.man.ɯi.tʃa.e.it̚.nɯn.nan.tʃa],[ha.dʒi.man.ɯi.dʒa.e.it̚.nɯn.nan.tʃa]
하지만 이 경우에는,6,[ha.tʃi.man.i.kjʌŋ.u.e.nɯn],[ha.dʒi.man.i.gjʌŋ.u.e.nɯn]
별나긴 해도,6,[pjʌl.la.kin.hɛ.to],[bjʌl.la.gin.hɛ.do]
내 이름 대면,6,[nɛ.i.ɾɯn.tɛ.mjʌn],[nɛ.i.ɾɯm.dɛ.mjʌn]
하지만 이 말을,6,[ha.tʃi.man.i.mal.ɯl],[ha.dʒi.man.i.mal.ɯl]
별다른 문제는,6,[pjʌl.ta.ɾɯn.mun.tʃe.nɯn],[bjʌl.ta.ɾɯn.mun.tʃe.nɯn]
별다른 의미,6,[pjʌl.ta.ɾɯn.ɯi.mi],[bjʌl.ta.ɾɯn.ɯi.mi]
하지만 이 안에,6,[ha.tʃi.man.i.an.e],[ha.dʒi.man.i.an.e]
별다른 의미 없는,6,[pjʌl.ta.ɾɯn.ɯi.mi.ʌp̚.nɯn],[bjʌl.ta.ɾɯn.ɯi.mi.ʌp̚.nɯn]
별다른 의미 없는 발렌타인데이,6,[pjʌl.ta.ɾɯn.ɯi.mi.ʌp̚.nɯm.pal.ɾen.tʰa.in.te.i],[bjʌl.ta.ɾɯn.ɯi.mi.ʌp̚.nɯn.bal.ɾen.tʰa.in.te.i]
별다른 일은,6,[pjʌl.ta.ɾɯn.il.ɯn],[bjʌl.ta.ɾɯn.il.ɯn]
하지만 이 일이 끝나면,6,[ha.tʃi.man.i.il.i.k͈ɯt̚.na.mjʌn],[ha.dʒi.man.i.il.i.k͈ɯt̚.na.mjʌn]
혹시 근처에,6,[hok̚.si.kɯn.tʃʰʌ.e],[hok̚.si.gɯn.tʃʰʌ.e]
별다를 게,6,[pjʌl.ta.ɾɯl.ke],[bjʌl.ta.ɾɯl.ge]
내 이름 부르지 마,6,[nɛ.i.ɾɯm.pu.ɾɯ.tʃi.ma],[nɛ.i.ɾɯm.bu.ɾɯ.dʒi.ma]
하지만 이 친구는,6,[ha.tʃi.man.i.tʃʰiŋ.ku.nɯn],[ha.dʒi.man.i.tʃʰiŋ.ku.nɯn]
하지만 이건 꽤,6,[ha.tʃi.man.i.kʌŋ.k͈wɛ],[ha.dʒi.man.i.gʌŋ.k͈wɛ]
곧장 갈 수,6,[kot̚.tʃaŋ.kal.su],[got̚.tʃaŋ.gal.su]
별들의 반짝임이,6,[pjʌl.tɯl.ɯi.pan.tʃ͈ak̚.im.i],[bjʌl.tɯl.ɯi.ban.tʃ͈ak̚.im.i]
하지만 이건 아니에요,6,[ha.tʃi.man.i.kʌn.a.ni.e.jo],[ha.dʒi.man.i.gʌn.a.ni.e.jo]
별들의 반짝임이 속삭여,6,[pjʌl.tɯl.ɯi.pan.tʃ͈ak̚.im.i.sok̚.sak̚.jʌ],[bjʌl.tɯl.ɯi.ban.tʃ͈ak̚.im.i.sok̚.sak̚.jʌ]
별들이 줄지어,6,[pjʌl.tɯl.i.tʃul.tʃi.ʌ],[bjʌl.tɯl.i.dʒul.tʃi.ʌ]
하지만 이건 제가,6,[ha.tʃi.man.i.kʌn.tʃe.ka],[ha.dʒi.man.i.gʌn.dʒe.ga]
내 이름도 알고,6,[nɛ.i.ɾɯn.to.al.ko],[nɛ.i.ɾɯn.to.al.ko]
하지만 이것보다,6,[ha.tʃi.man.i.kʌt̚.po.ta],[ha.dʒi.man.i.gʌt̚.po.da]
별로 가치가 없습니다 나한테야,6,[pjʌl.ɾo.ka.tʃʰi.ka.ʌp̚.sɯp̚.ni.ta.na.han.tʰe.ja],[bjʌl.ɾo.ga.tʃʰi.ga.ʌp̚.sɯp̚.ni.da.na.han.tʰe.ja]
별로 가치가 없습니다,6,[pjʌl.ɾo.ka.tʃʰi.ka.ʌp̚.sɯp̚.ni.ta],[bjʌl.ɾo.ga.tʃʰi.ga.ʌp̚.sɯp̚.ni.da]
곧장 다시,6,[kot̚.tʃaŋ.ta.si],[got̚.tʃaŋ.da.si]
하지만 이게 다,6,[ha.tʃi.man.i.ke.ta],[ha.dʒi.man.i.ge.da]
하지만 이게 어떻게,6,[ha.tʃi.man.i.ke.ʌ.t͈ʌt̚.ke],[ha.dʒi.man.i.ge.ʌ.t͈ʌt̚.ke]
하지만 이곳에서,6,[ha.tʃi.man.i.kot̚.e.sʌ],[ha.dʒi.man.i.got̚.e.sʌ]
별로 걱정하지,6,[pjʌl.ɾo.kʌk̚.tʃʌŋ.ha.tʃi],[bjʌl.ɾo.gʌk̚.tʃʌŋ.ha.dʒi]
하지만 이곳이,6,[ha.tʃi.man.i.kot̚.i],[ha.dʒi.man.i.got̚.i]
하지만 이는,6,[ha.tʃi.man.i.nɯn],[ha.dʒi.man.i.nɯn]
하지만 이내,6,[ha.tʃi.man.i.nɛ],[ha.dʒi.man.i.nɛ]
별로 관심도,6,[pjʌl.ɾo.kwan.sin.to],[bjʌl.ɾo.gwan.sin.to]
곧장 여기로,6,[kot̚.tʃaŋ.jʌ.ki.ɾo],[got̚.tʃaŋ.jʌ.gi.ɾo]
하지만 이런 게,6,[ha.tʃi.man.i.ɾʌŋ.ke],[ha.dʒi.man.i.ɾʌn.ge]
하지만 이런 걸,6,[ha.tʃi.man.i.ɾʌŋ.kʌl],[ha.dʒi.man.i.ɾʌn.gʌl]
하지만 이럼 안돼,6,[ha.tʃi.man.i.ɾʌm.an.twɛ],[ha.dʒi.man.i.ɾʌm.an.twɛ]
별로 그런,6,[pjʌl.ɾo.kɯ.ɾʌn],[bjʌl.ɾo.gɯ.ɾʌn]
하지만 이름이,6,[ha.tʃi.man.i.ɾɯm.i],[ha.dʒi.man.i.ɾɯm.i]
I didn''t kill,6,,
하지만 이미 데이트가 있어요,6,[ha.tʃi.man.i.mi.te.i.tʰɯ.ka.it̚.ʌ.jo],[ha.dʒi.man.i.mi.de.i.tʰɯ.ga.it̚.ʌ.jo]
하지만 이미 데이트가,6,[ha.tʃi.man.i.mi.te.i.tʰɯ.ka],[ha.dʒi.man.i.mi.de.i.tʰɯ.ga]
별로 그렇지 않다,6,[pjʌl.ɾo.kɯ.ɾʌt̚.tʃi.an.ta],[bjʌl.ɾo.gɯ.ɾʌt̚.tʃi.an.ta]
별로 근데,6,[pjʌl.ɾo.kɯn.te],[bjʌl.ɾo.gɯn.te]
별로 기대,6,[pjʌl.ɾo.ki.tɛ],[bjʌl.ɾo.gi.dɛ]
하지만 이상하게도,6,[ha.tʃi.man.i.saŋ.ha.ke.to],[ha.dʒi.man.i.saŋ.ha.ge.do]
하지만 이자는,6,[ha.tʃi.man.i.tʃa.nɯn],[ha.dʒi.man.i.dʒa.nɯn]
내 이름은 맥스,6,[nɛ.i.ɾɯm.ɯn.mɛk̚.sɯ],[nɛ.i.ɾɯm.ɯn.mɛk̚.sɯ]
하지만 이제 그런,6,[ha.tʃi.man.i.tʃe.kɯ.ɾʌn],[ha.dʒi.man.i.dʒe.gɯ.ɾʌn]
혹시 들은,6,[hok̚.si.tɯl.ɯn],[hok̚.si.dɯl.ɯn]
하지만 이제 네,6,[ha.tʃi.man.i.tʃe.ne],[ha.dʒi.man.i.dʒe.ne]
별로 나쁘진,6,[pjʌl.ɾo.na.p͈ɯ.tʃin],[bjʌl.ɾo.na.p͈ɯ.dʒin]
하지만 이제 다시,6,[ha.tʃi.man.i.tʃe.ta.si],[ha.dʒi.man.i.dʒe.da.si]
하지만 이제 다른,6,[ha.tʃi.man.i.tʃe.ta.ɾɯn],[ha.dʒi.man.i.dʒe.da.ɾɯn]
하지만 이제 때가,6,[ha.tʃi.man.i.tʃe.t͈ɛ.ka],[ha.dʒi.man.i.dʒe.t͈ɛ.ga]
별로 내키질,6,[pjʌl.ɾo.nɛ.kʰi.tʃil],[bjʌl.ɾo.nɛ.kʰi.dʒil]
별로 놀랄 일도,6,[pjʌl.ɾo.nol.ɾal.il.to],[bjʌl.ɾo.nol.ɾal.il.to]
be a better,6,,
내 이름은 브라이언 핀치,6,[nɛ.i.ɾɯm.ɯm.pɯ.ɾa.i.ʌm.pʰin.tʃʰi],[nɛ.i.ɾɯm.ɯn.bɯ.ɾa.i.ʌm.pʰin.tʃʰi]
내 이름은 안,6,[nɛ.i.ɾɯm.ɯn.an],[nɛ.i.ɾɯm.ɯn.an]
혹시 말이에요,6,[hok̚.si.mal.i.e.jo],[hok̚.si.mal.i.e.jo]
혹시 머리,6,[hok̚.si.mʌ.ɾi],[hok̚.si.mʌ.ɾi]
별로 놀랍진 않네요,6,[pjʌl.ɾo.nol.ɾap̚.tʃin.an.ne.jo],[bjʌl.ɾo.nol.ɾap̚.tʃin.an.ne.jo]
하지만 이젠 다,6,[ha.tʃi.man.i.tʃen.ta],[ha.dʒi.man.i.dʒen.da]
하지만 이젠 우리가,6,[ha.tʃi.man.i.tʃen.u.ɾi.ka],[ha.dʒi.man.i.dʒen.u.ɾi.ga]
별로 달라진 게,6,[pjʌl.ɾo.tal.ɾa.tʃiŋ.ke],[bjʌl.ɾo.dal.ɾa.dʒin.ge]
하지만 인간,6,[ha.tʃi.man.iŋ.kan],[ha.dʒi.man.iŋ.kan]
별로 달라진,6,[pjʌl.ɾo.tal.ɾa.tʃin],[bjʌl.ɾo.dal.ɾa.dʒin]
하지만 인간을,6,[ha.tʃi.man.iŋ.kan.ɯl],[ha.dʒi.man.iŋ.kan.ɯl]
하지만 인간들은,6,[ha.tʃi.man.iŋ.kan.tɯl.ɯn],[ha.dʒi.man.iŋ.kan.tɯl.ɯn]
골고루 잘,6,[kol.ko.ɾu.tʃal],[gol.ko.ɾu.dʒal]
내 이름은 에드,6,[nɛ.i.ɾɯm.ɯn.e.tɯ],[nɛ.i.ɾɯm.ɯn.e.dɯ]
내 이름은 어떻게 알죠,6,[nɛ.i.ɾɯm.ɯn.ʌ.t͈ʌt̚.ke.al.tʃjo],[nɛ.i.ɾɯm.ɯn.ʌ.t͈ʌt̚.ke.al.tʃjo]
부모님께 전화할,6,[pu.mo.nim.k͈e.tʃʌn.hwa.hal],[bu.mo.nim.k͈e.dʒʌn.hwa.hal]
하지만 일리는,6,[ha.tʃi.man.il.ɾi.nɯn],[ha.dʒi.man.il.ɾi.nɯn]
별로 똑똑하지,6,[pjʌl.ɾo.t͈ok̚.t͈ok̚.ha.tʃi],[bjʌl.ɾo.t͈ok̚.t͈ok̚.ha.dʒi]
하지만 임무,6,[ha.tʃi.man.im.mu],[ha.dʒi.man.im.mu]
하지만 있는,6,[ha.tʃi.man.it̚.nɯn],[ha.dʒi.man.it̚.nɯn]
별로 마음에 들지,6,[pjʌl.ɾo.ma.ɯm.e.tɯl.tʃi],[bjʌl.ɾo.ma.ɯm.e.dɯl.tʃi]
내 이름은 월터 하트웰,6,[nɛ.i.ɾɯm.ɯn.wʌl.tʰʌ.ha.tʰɯ.wel],[nɛ.i.ɾɯm.ɯn.wʌl.tʰʌ.ha.tʰɯ.wel]
내 이름은 월터,6,[nɛ.i.ɾɯm.ɯn.wʌl.tʰʌ],[nɛ.i.ɾɯm.ɯn.wʌl.tʰʌ]
별로 많지도,6,[pjʌl.ɾo.man.tʃi.to],[bjʌl.ɾo.man.tʃi.do]
별로 말,6,[pjʌl.ɾo.mal],[bjʌl.ɾo.mal]
별로 말하고 싶지,6,[pjʌl.ɾo.mal.ha.ko.sip̚.tʃi],[bjʌl.ɾo.mal.ha.go.sip̚.tʃi]
내 이름은 조나,6,[nɛ.i.ɾɯm.ɯn.tʃo.na],[nɛ.i.ɾɯm.ɯn.dʒo.na]
내 이름은 제이슨,6,[nɛ.i.ɾɯm.ɯn.tʃe.i.sɯn],[nɛ.i.ɾɯm.ɯn.dʒe.i.sɯn]
하지만 자연을,6,[ha.tʃi.man.tʃa.jʌn.ɯl],[ha.dʒi.man.dʒa.jʌn.ɯl]
별로 멀지도 않아,6,[pjʌl.ɾo.mʌl.tʃi.to.an.a],[bjʌl.ɾo.mʌl.tʃi.do.an.a]
혹시 뭐라도,6,[hok̚.si.mwʌ.ɾa.to],[hok̚.si.mwʌ.ɾa.do]
하지만 자연을 건드리면 대재앙을,6,[ha.tʃi.man.tʃa.jʌn.ɯl.kʌn.tɯ.ɾi.mjʌn.tɛ.tʃɛ.aŋ.ɯl],[ha.dʒi.man.dʒa.jʌn.ɯl.gʌn.tɯ.ɾi.mjʌn.dɛ.dʒɛ.aŋ.ɯl]
내 이름은 조나 쿡,6,[nɛ.i.ɾɯm.ɯn.tʃo.na.kʰuk̚],[nɛ.i.ɾɯm.ɯn.dʒo.na.kʰuk̚]
혹시 밖에서,6,[hok̚.si.pak̚.e.sʌ],[hok̚.si.bak̚.e.sʌ]
별로 바쁘지,6,[pjʌl.ɾo.pa.p͈ɯ.tʃi],[bjʌl.ɾo.ba.p͈ɯ.dʒi]
골동품 가게에서,6,[kol.tom.pʰum.ka.ke.e.sʌ],[gol.tom.pʰum.ga.ge.e.sʌ]
하지만 잘했어,6,[ha.tʃi.man.tʃal.hɛt̚.ʌ],[ha.dʒi.man.dʒal.hɛt̚.ʌ]
내 이름은 캐리,6,[nɛ.i.ɾɯm.ɯŋ.kʰɛ.ɾi],[nɛ.i.ɾɯm.ɯŋ.kʰɛ.ɾi]
내 이름은 찰스,6,[nɛ.i.ɾɯm.ɯn.tʃʰal.sɯ],[nɛ.i.ɾɯm.ɯn.tʃʰal.sɯ]
내 이름은 커트,6,[nɛ.i.ɾɯm.ɯŋ.kʰʌ.tʰɯ],[nɛ.i.ɾɯm.ɯŋ.kʰʌ.tʰɯ]
하지만 쟤는,6,[ha.tʃi.man.tʃjɛ.nɯn],[ha.dʒi.man.dʒjɛ.nɯn]
내 이름은 토마스,6,[nɛ.i.ɾɯm.ɯn.tʰo.ma.sɯ],[nɛ.i.ɾɯm.ɯn.tʰo.ma.sɯ]
별로 복잡한,6,[pjʌl.ɾo.pok̚.tʃap̚.han],[bjʌl.ɾo.bok̚.tʃap̚.han]
별로 사이가 안,6,[pjʌl.ɾo.sa.i.ka.an],[bjʌl.ɾo.sa.i.ga.an]
혹시 사건,6,[hok̚.si.sa.kʌn],[hok̚.si.sa.gʌn]
혹시 생각이,6,[hok̚.si.sɛŋ.kak̚.i],[hok̚.si.sɛŋ.gak̚.i]
하지만 저 친구는,6,[ha.tʃi.man.tʃʌ.tʃʰiŋ.ku.nɯn],[ha.dʒi.man.dʒʌ.tʃʰiŋ.ku.nɯn]
하지만 저는 그,6,[ha.tʃi.man.tʃʌ.nɯŋ.kɯ],[ha.dʒi.man.dʒʌ.nɯn.gɯ]
하지만 저는 이,6,[ha.tʃi.man.tʃʌ.nɯn.i],[ha.dʒi.man.dʒʌ.nɯn.i]
별로 생각이,6,[pjʌl.ɾo.sɛŋ.kak̚.i],[bjʌl.ɾo.sɛŋ.gak̚.i]
별로 섹시하지,6,[pjʌl.ɾo.sek̚.si.ha.tʃi],[bjʌl.ɾo.sek̚.si.ha.dʒi]
I didn''t know you,6,,
골드 클래스 아침,6,[kol.tɯ.kʰɯl.ɾɛ.sɯ.a.tʃʰim],[gol.tɯ.kʰɯl.ɾɛ.sɯ.a.tʃʰim]
감정에 의해,6,[kan.tʃʌŋ.e.ɯi.hɛ],[gan.tʃʌŋ.e.ɯi.hɛ]
별로 신나지,6,[pjʌl.ɾo.sin.na.tʃi],[bjʌl.ɾo.sin.na.dʒi]
골든 게이트,6,[kol.tɯŋ.ke.i.tʰɯ],[gol.tɯn.ge.i.tʰɯ]
내 이름을 부르는 너의,6,[nɛ.i.ɾɯm.ɯl.pu.ɾɯ.nɯn.nʌ.ɯi],[nɛ.i.ɾɯm.ɯl.bu.ɾɯ.nɯn.nʌ.ɯi]
하지만 전 그를,6,[ha.tʃi.man.tʃʌŋ.kɯ.ɾɯl],[ha.dʒi.man.dʒʌn.gɯ.ɾɯl]
하지만 전 그렇게,6,[ha.tʃi.man.tʃʌŋ.kɯ.ɾʌt̚.ke],[ha.dʒi.man.dʒʌn.gɯ.ɾʌt̚.ke]
하지만 전 당신을,6,[ha.tʃi.man.tʃʌn.taŋ.sin.ɯl],[ha.dʒi.man.dʒʌn.daŋ.sin.ɯl]
내 이름을 알게,6,[nɛ.i.ɾɯm.ɯl.al.ke],[nɛ.i.ɾɯm.ɯl.al.ke]
하지만 전 아무것도,6,[ha.tʃi.man.tʃʌn.a.mu.kʌt̚.to],[ha.dʒi.man.dʒʌn.a.mu.gʌt̚.to]
별로 안 내켜,6,[pjʌl.ɾo.an.nɛ.kʰjʌ],[bjʌl.ɾo.an.nɛ.kʰjʌ]
하지만 전과,6,[ha.tʃi.man.tʃʌŋ.kwa],[ha.dʒi.man.dʒʌŋ.kwa]
하지만 전체적으로,6,[ha.tʃi.man.tʃʌn.tʃʰe.tʃʌk̚.ɯ.ɾo],[ha.dʒi.man.dʒʌn.tʃʰe.dʒʌk̚.ɯ.ɾo]
별로 안 좋거든,6,[pjʌl.ɾo.an.tʃot̚.kʌ.tɯn],[bjʌl.ɾo.an.dʒot̚.kʌ.dɯn]
하지만 점점 더,6,[ha.tʃi.man.tʃʌn.tʃʌn.tʌ],[ha.dʒi.man.dʒʌn.tʃʌm.dʌ]
하지만 정당한,6,[ha.tʃi.man.tʃʌŋ.taŋ.han],[ha.dʒi.man.dʒʌŋ.daŋ.han]
하지만 점차,6,[ha.tʃi.man.tʃʌn.tʃʰa],[ha.dʒi.man.dʒʌn.tʃʰa]
별로 안 좋아 보이는데,6,[pjʌl.ɾo.an.tʃot̚.a.po.i.nɯn.te],[bjʌl.ɾo.an.dʒot̚.a.bo.i.nɯn.te]
별로 안 좋아하거든,6,[pjʌl.ɾo.an.tʃot̚.a.ha.kʌ.tɯn],[bjʌl.ɾo.an.dʒot̚.a.ha.gʌ.dɯn]
별로 안 좋아하거든요,6,[pjʌl.ɾo.an.tʃot̚.a.ha.kʌ.tɯn.jo],[bjʌl.ɾo.an.dʒot̚.a.ha.gʌ.dɯn.jo]
골든 서클에선,6,[kol.tɯn.sʌ.kʰɯl.e.sʌn],[gol.tɯn.sʌ.kʰɯl.e.sʌn]
골든 젯의,6,[kol.tɯn.tʃet̚.ɯi],[gol.tɯn.dʒet̚.ɯi]
하지만 제 친구가 말하기를,6,[ha.tʃi.man.tʃe.tʃʰiŋ.ku.ka.mal.ha.ki.ɾɯl],[ha.dʒi.man.dʒe.tʃʰiŋ.ku.ga.mal.ha.gi.ɾɯl]
하지만 제가 그,6,[ha.tʃi.man.tʃe.ka.kɯ],[ha.dʒi.man.dʒe.ga.gɯ]
내 이름이 새겨진,6,[nɛ.i.ɾɯm.i.sɛ.kjʌ.tʃin],[nɛ.i.ɾɯm.i.sɛ.gjʌ.dʒin]
내 이름이 뭔지,6,[nɛ.i.ɾɯm.i.mwʌn.tʃi],[nɛ.i.ɾɯm.i.mwʌn.tʃi]
부모님은 어쩌고,6,[pu.mo.nim.ɯn.ʌ.tʃ͈ʌ.ko],[bu.mo.nim.ɯn.ʌ.tʃ͈ʌ.go]
하지만 제가 아는,6,[ha.tʃi.man.tʃe.ka.a.nɯn],[ha.dʒi.man.dʒe.ga.a.nɯn]
내 이름이 왜,6,[nɛ.i.ɾɯm.i.wɛ],[nɛ.i.ɾɯm.i.wɛ]
별로 안 좋을,6,[pjʌl.ɾo.an.tʃot̚.ɯl],[bjʌl.ɾo.an.dʒot̚.ɯl]
내 이름이 적혀,6,[nɛ.i.ɾɯm.i.tʃʌk̚.hjʌ],[nɛ.i.ɾɯm.i.dʒʌk̚.hjʌ]
별로 안 좋잖아,6,[pjʌl.ɾo.an.tʃot̚.tʃan.a],[bjʌl.ɾo.an.dʒot̚.tʃan.a]
내 이름이나,6,[nɛ.i.ɾɯm.i.na],[nɛ.i.ɾɯm.i.na]
별로 안 해요,6,[pjʌl.ɾo.an.hɛ.jo],[bjʌl.ɾo.an.hɛ.jo]
골라 그래,6,[kol.ɾa.kɯ.ɾɛ],[gol.ɾa.gɯ.ɾɛ]
하지만 조금만 더,6,[ha.tʃi.man.tʃo.kɯm.man.tʌ],[ha.dʒi.man.dʒo.gɯm.man.dʌ]
하지만 조금은,6,[ha.tʃi.man.tʃo.kɯm.ɯn],[ha.dʒi.man.dʒo.gɯm.ɯn]
내 이름이랑,6,[nɛ.i.ɾɯm.i.ɾaŋ],[nɛ.i.ɾɯm.i.ɾaŋ]
골라 내가,6,[kol.ɾa.nɛ.ka],[gol.ɾa.nɛ.ga]
부모님은 정말,6,[pu.mo.nim.ɯn.tʃʌŋ.mal],[bu.mo.nim.ɯn.dʒʌŋ.mal]
하지만 조심해야 해,6,[ha.tʃi.man.tʃo.sim.hɛ.ja.hɛ],[ha.dʒi.man.dʒo.sim.hɛ.ja.hɛ]
하지만 좋아요,6,[ha.tʃi.man.tʃot̚.a.jo],[ha.dʒi.man.dʒot̚.a.jo]
감정은 상관없어,6,[kan.tʃʌŋ.ɯn.saŋ.kwan.ʌp̚.ʌ],[gan.tʃʌŋ.ɯn.saŋ.gwan.ʌp̚.ʌ]
혹시 이 근처에서,6,[hok̚.si.i.kɯn.tʃʰʌ.e.sʌ],[hok̚.si.i.gɯn.tʃʰʌ.e.sʌ]
별로 어렵진,6,[pjʌl.ɾo.ʌ.ɾjʌp̚.tʃin],[bjʌl.ɾo.ʌ.ɾjʌp̚.tʃin]
하지만 주요,6,[ha.tʃi.man.tʃu.jo],[ha.dʒi.man.dʒu.jo]
하지만 죽는 건 답이,6,[ha.tʃi.man.tʃuk̚.nɯŋ.kʌn.tap̚.i],[ha.dʒi.man.dʒuk̚.nɯn.gʌn.dap̚.i]
하지만 죽는 건,6,[ha.tʃi.man.tʃuk̚.nɯŋ.kʌn],[ha.dʒi.man.dʒuk̚.nɯn.gʌn]
하지만 죽음이,6,[ha.tʃi.man.tʃuk̚.ɯm.i],[ha.dʒi.man.dʒuk̚.ɯm.i]
하지만 죽이는 건,6,[ha.tʃi.man.tʃuk̚.i.nɯŋ.kʌn],[ha.dʒi.man.dʒuk̚.i.nɯn.gʌn]
be a good idea,6,,
하지만 죽이진 않았어요,6,[ha.tʃi.man.tʃuk̚.i.tʃin.an.at̚.ʌ.jo],[ha.dʒi.man.dʒuk̚.i.dʒin.an.at̚.ʌ.jo]
내 이미,6,[nɛ.i.mi],[nɛ.i.mi]
하지만 줄리안,6,[ha.tʃi.man.tʃul.ɾi.an],[ha.dʒi.man.dʒul.ɾi.an]
하지만 중요한 일이 먼저다,6,[ha.tʃi.man.tʃuŋ.jo.han.il.i.mʌn.tʃʌ.ta],[ha.dʒi.man.dʒuŋ.jo.han.il.i.mʌn.tʃʌ.da]
하지만 중요한 일이,6,[ha.tʃi.man.tʃuŋ.jo.han.il.i],[ha.dʒi.man.dʒuŋ.jo.han.il.i]
하지만 증거를,6,[ha.tʃi.man.tʃɯŋ.kʌ.ɾɯl],[ha.dʒi.man.dʒɯŋ.gʌ.ɾɯl]
하지만 증명할,6,[ha.tʃi.man.tʃɯŋ.mjʌŋ.hal],[ha.dʒi.man.dʒɯŋ.mjʌŋ.hal]
별로 없는데요,6,[pjʌl.ɾo.ʌp̚.nɯn.te.jo],[bjʌl.ɾo.ʌp̚.nɯn.te.jo]
별로 없더군요,6,[pjʌl.ɾo.ʌp̚.tʌ.kun.jo],[bjʌl.ɾo.ʌp̚.tʌ.gun.jo]
하지만 지금 네,6,[ha.tʃi.man.tʃi.kɯm.ne],[ha.dʒi.man.dʒi.gɯm.ne]
내 이빨에,6,[nɛ.i.p͈al.e],[nɛ.i.p͈al.e]
내 이빨이,6,[nɛ.i.p͈al.i],[nɛ.i.p͈al.i]
내 이상적인,6,[nɛ.i.saŋ.tʃʌk̚.in],[nɛ.i.saŋ.dʒʌk̚.in]
별로 없어 당신을,6,[pjʌl.ɾo.ʌp̚.ʌ.taŋ.sin.ɯl],[bjʌl.ɾo.ʌp̚.ʌ.daŋ.sin.ɯl]
별로 없어 넌,6,[pjʌl.ɾo.ʌp̚.ʌ.nʌn],[bjʌl.ɾo.ʌp̚.ʌ.nʌn]
하지만 지금은 괜찮아,6,[ha.tʃi.man.tʃi.kɯm.ɯŋ.kwɛn.tʃʰan.a],[ha.dʒi.man.dʒi.gɯm.ɯn.gwɛn.tʃʰan.a]
별로 없어 당신을 위험에,6,[pjʌl.ɾo.ʌp̚.ʌ.taŋ.sin.ɯl.wi.hʌm.e],[bjʌl.ɾo.ʌp̚.ʌ.daŋ.sin.ɯl.wi.hʌm.e]
하지만 지금은 그 타르가르옌,6,[ha.tʃi.man.tʃi.kɯm.ɯŋ.kɯ.tʰa.ɾɯ.ka.ɾɯ.jen],[ha.dʒi.man.dʒi.gɯm.ɯn.gɯ.tʰa.ɾɯ.ga.ɾɯ.jen]
내 이상형이야,6,[nɛ.i.saŋ.hjʌŋ.i.ja],[nɛ.i.saŋ.hjʌŋ.i.ja]
별로 없어요 하지만,6,[pjʌl.ɾo.ʌp̚.ʌ.jo.ha.tʃi.man],[bjʌl.ɾo.ʌp̚.ʌ.jo.ha.dʒi.man]
골라 줘,6,[kol.ɾa.tʃwʌ],[gol.ɾa.dʒwʌ]
be a long,6,,
하지만 지금은 아니에요,6,[ha.tʃi.man.tʃi.kɯm.ɯn.a.ni.e.jo],[ha.dʒi.man.dʒi.gɯm.ɯn.a.ni.e.jo]
내 이야기도,6,[nɛ.i.ja.ki.to],[nɛ.i.ja.gi.do]
하지만 지금처럼,6,[ha.tʃi.man.tʃi.kɯn.tʃʰʌ.ɾʌm],[ha.dʒi.man.dʒi.gɯn.tʃʰʌ.ɾʌm]
하지만 지난번,6,[ha.tʃi.man.tʃi.nam.pʌn],[ha.dʒi.man.dʒi.nam.pʌn]
부모님이 날 죽일거야,6,[pu.mo.nim.i.nal.tʃuk̚.il.kʌ.ja],[bu.mo.nim.i.nal.dʒuk̚.il.kʌ.ja]
하지만 지옥,6,[ha.tʃi.man.tʃi.ok̚],[ha.dʒi.man.dʒi.ok̚]
하지만 진정,6,[ha.tʃi.man.tʃin.tʃʌŋ],[ha.dʒi.man.dʒin.tʃʌŋ]
하지만 집은,6,[ha.tʃi.man.tʃip̚.ɯn],[ha.dʒi.man.dʒip̚.ɯn]
내 이웃이야,6,[nɛ.i.ut̚.i.ja],[nɛ.i.ut̚.i.ja]
골라봐 내가,6,[kol.ɾa.pwa.nɛ.ka],[gol.ɾa.bwa.nɛ.ga]
감정은 있어,6,[kan.tʃʌŋ.ɯn.it̚.ʌ],[gan.tʃʌŋ.ɯn.it̚.ʌ]
하지만 차라리,6,[ha.tʃi.man.tʃʰa.ɾa.ɾi],[ha.dʒi.man.tʃʰa.ɾa.ɾi]
별로 의미가,6,[pjʌl.ɾo.ɯi.mi.ka],[bjʌl.ɾo.ɯi.mi.ga]
감정은 있어요,6,[kan.tʃʌŋ.ɯn.it̚.ʌ.jo],[gan.tʃʌŋ.ɯn.it̚.ʌ.jo]
내 인격을,6,[nɛ.iŋ.kjʌk̚.ɯl],[nɛ.iŋ.kjʌk̚.ɯl]
하지만 체포,6,[ha.tʃi.man.tʃʰe.pʰo],[ha.dʒi.man.tʃʰe.pʰo]
별로 재미없어,6,[pjʌl.ɾo.tʃɛ.mi.ʌp̚.ʌ],[bjʌl.ɾo.dʒɛ.mi.ʌp̚.ʌ]
phone calls,6,,
하지만 충분한,6,[ha.tʃi.man.tʃʰum.pun.han],[ha.dʒi.man.tʃʰuŋ.bun.han]
하지만 친구로서,6,[ha.tʃi.man.tʃʰiŋ.ku.ɾo.sʌ],[ha.dʒi.man.tʃʰiŋ.ku.ɾo.sʌ]
하지만 친구는,6,[ha.tʃi.man.tʃʰiŋ.ku.nɯn],[ha.dʒi.man.tʃʰiŋ.ku.nɯn]
혹시나 내가,6,[hok̚.si.na.nɛ.ka],[hok̚.si.na.nɛ.ga]
하지만 카일은,6,[ha.tʃi.maŋ.kʰa.il.ɯn],[ha.dʒi.maŋ.kʰa.il.ɯn]
하지만 크리스는,6,[ha.tʃi.maŋ.kʰɯ.ɾi.sɯ.nɯn],[ha.dʒi.maŋ.kʰɯ.ɾi.sɯ.nɯn]
부모님이 아니야,6,[pu.mo.nim.i.a.ni.ja],[bu.mo.nim.i.a.ni.ja]
하지만 클레어,6,[ha.tʃi.maŋ.kʰɯl.ɾe.ʌ],[ha.dʒi.maŋ.kʰɯl.ɾe.ʌ]
별로 좋은 생각은 아닌,6,[pjʌl.ɾo.tʃot̚.ɯn.sɛŋ.kak̚.ɯn.a.nin],[bjʌl.ɾo.dʒot̚.ɯn.sɛŋ.gak̚.ɯn.a.nin]
하지만 틀림없이,6,[ha.tʃi.man.tʰɯl.ɾim.ʌp̚.i],[ha.dʒi.man.tʰɯl.ɾim.ʌp̚.i]
하지만 팀,6,[ha.tʃi.man.tʰim],[ha.dʒi.man.tʰim]
감정은 처음이야,6,[kan.tʃʌŋ.ɯn.tʃʰʌ.ɯm.i.ja],[gan.tʃʌŋ.ɯn.tʃʰʌ.ɯm.i.ja]
하지만 파트너가,6,[ha.tʃi.mam.pʰa.tʰɯ.nʌ.ka],[ha.dʒi.mam.pʰa.tʰɯ.nʌ.ga]
하지만 페이지는,6,[ha.tʃi.mam.pʰe.i.tʃi.nɯn],[ha.dʒi.mam.pʰe.i.dʒi.nɯn]
하지만 평화란,6,[ha.tʃi.mam.pʰjʌŋ.hwa.ɾan],[ha.dʒi.mam.pʰjʌŋ.hwa.ɾan]
하지만 평화란 이곳에선,6,[ha.tʃi.mam.pʰjʌŋ.hwa.ɾan.i.kot̚.e.sʌn],[ha.dʒi.mam.pʰjʌŋ.hwa.ɾan.i.got̚.e.sʌn]
하지만 평화는,6,[ha.tʃi.mam.pʰjʌŋ.hwa.nɯn],[ha.dʒi.mam.pʰjʌŋ.hwa.nɯn]
하지만 폐하는,6,[ha.tʃi.mam.pʰje.ha.nɯn],[ha.dʒi.mam.pʰje.ha.nɯn]
별로 좋지는,6,[pjʌl.ɾo.tʃot̚.tʃi.nɯn],[bjʌl.ɾo.dʒot̚.tʃi.nɯn]
하지만 폭탄은,6,[ha.tʃi.mam.pʰok̚.tʰan.ɯn],[ha.dʒi.mam.pʰok̚.tʰan.ɯn]
하지만 프랑스,6,[ha.tʃi.mam.pʰɯ.ɾaŋ.sɯ],[ha.dʒi.mam.pʰɯ.ɾaŋ.sɯ]
별로 좋지 않을,6,[pjʌl.ɾo.tʃot̚.tʃi.an.ɯl],[bjʌl.ɾo.dʒot̚.tʃi.an.ɯl]
하지만 피셔,6,[ha.tʃi.mam.pʰi.sjʌ],[ha.dʒi.mam.pʰi.sjʌ]
하지만 피를,6,[ha.tʃi.mam.pʰi.ɾɯl],[ha.dʒi.mam.pʰi.ɾɯl]
하지만 피해자가,6,[ha.tʃi.mam.pʰi.hɛ.tʃa.ka],[ha.dʒi.mam.pʰi.hɛ.dʒa.ga]
골라잡을 수,6,[kol.ɾa.tʃap̚.ɯl.su],[gol.ɾa.dʒap̚.ɯl.su]
부모님이 어떤,6,[pu.mo.nim.i.ʌ.t͈ʌn],[bu.mo.nim.i.ʌ.t͈ʌn]
하지만 필요하다면,6,[ha.tʃi.mam.pʰil.jo.ha.ta.mjʌn],[ha.dʒi.mam.pʰil.jo.ha.da.mjʌn]
하지만 필요하면,6,[ha.tʃi.mam.pʰil.jo.ha.mjʌn],[ha.dʒi.mam.pʰil.jo.ha.mjʌn]
내 인생 최고로,6,[nɛ.in.sɛŋ.tʃʰwe.ko.ɾo],[nɛ.in.sɛŋ.tʃʰwe.go.ɾo]
별로 하고 싶지 않아,6,[pjʌl.ɾo.ha.ko.sip̚.tʃi.an.a],[bjʌl.ɾo.ha.go.sip̚.tʃi.an.a]
혹시라도 당신이,6,[hok̚.si.ɾa.to.taŋ.sin.i],[hok̚.si.ɾa.do.daŋ.sin.i]
골랐을 거야,6,[kol.ɾat̚.ɯl.kʌ.ja],[gol.ɾat̚.ɯl.gʌ.ja]
하지만 한 달,6,[ha.tʃi.man.han.tal],[ha.dʒi.man.han.dal]
하지만 한 가지만은,6,[ha.tʃi.man.haŋ.ka.tʃi.man.ɯn],[ha.dʒi.man.han.ga.dʒi.man.ɯn]
혹시라도 잘못되면,6,[hok̚.si.ɾa.to.tʃal.mot̚.twe.mjʌn],[hok̚.si.ɾa.do.dʒal.mot̚.twe.mjʌn]
하지만 한 번만 더,6,[ha.tʃi.man.ham.pʌn.man.tʌ],[ha.dʒi.man.han.bʌn.man.dʌ]
하지만 한때는,6,[ha.tʃi.man.han.t͈ɛ.nɯn],[ha.dʒi.man.han.t͈ɛ.nɯn]
별로라는 걸,6,[pjʌl.ɾo.ɾa.nɯŋ.kʌl],[bjʌl.ɾo.ɾa.nɯn.gʌl]
하지만 할 수 있어요,6,[ha.tʃi.man.hal.su.it̚.ʌ.jo],[ha.dʒi.man.hal.su.it̚.ʌ.jo]
내 인생 통틀어,6,[nɛ.in.sɛŋ.tʰoŋ.tʰɯl.ʌ],[nɛ.in.sɛŋ.tʰoŋ.tʰɯl.ʌ]
하지만 할 일이,6,[ha.tʃi.man.hal.il.i],[ha.dʒi.man.hal.il.i]
하지만 해결,6,[ha.tʃi.man.hɛ.kjʌl],[ha.dʒi.man.hɛ.gjʌl]
하지만 해나가,6,[ha.tʃi.man.hɛ.na.ka],[ha.dʒi.man.hɛ.na.ga]
골로 간다,6,[kol.ɾo.kan.ta],[gol.ɾo.gan.ta]
하지만 해리슨,6,[ha.tʃi.man.hɛ.ɾi.sɯn],[ha.dʒi.man.hɛ.ɾi.sɯn]
골로 갔어,6,[kol.ɾo.kat̚.ʌ],[gol.ɾo.gat̚.ʌ]
내 인생에 그런,6,[nɛ.in.sɛŋ.e.kɯ.ɾʌn],[nɛ.in.sɛŋ.e.gɯ.ɾʌn]
하지만 현실에서,6,[ha.tʃi.man.hjʌn.sil.e.sʌ],[ha.dʒi.man.hjʌn.sil.e.sʌ]
감정을 공유할,6,[kan.tʃʌŋ.ɯl.koŋ.ju.hal],[gan.tʃʌŋ.ɯl.goŋ.ju.hal]
별로예요 그럼,6,[pjʌl.ɾo.je.jo.kɯ.ɾʌm],[bjʌl.ɾo.je.jo.gɯ.ɾʌm]
하지만 현재로선,6,[ha.tʃi.man.hjʌn.tʃɛ.ɾo.sʌn],[ha.dʒi.man.hjʌn.tʃɛ.ɾo.sʌn]
하지만 형 입으로,6,[ha.tʃi.man.hjʌŋ.ip̚.ɯ.ɾo],[ha.dʒi.man.hjʌŋ.ip̚.ɯ.ɾo]
내 인생에 대해서,6,[nɛ.in.sɛŋ.e.tɛ.hɛ.sʌ],[nɛ.in.sɛŋ.e.dɛ.hɛ.sʌ]
하지만 혹시나,6,[ha.tʃi.man.hok̚.si.na],[ha.dʒi.man.hok̚.si.na]
내 인생에 뭔가,6,[nɛ.in.sɛŋ.e.mwʌŋ.ka],[nɛ.in.sɛŋ.e.mwʌŋ.ka]
별로일 거야,6,[pjʌl.ɾo.il.kʌ.ja],[bjʌl.ɾo.il.gʌ.ja]
별론가 봐요,6,[pjʌl.ɾoŋ.ka.pwa.jo],[bjʌl.ɾoŋ.ka.bwa.jo]
별말 안 했어,6,[pjʌl.mal.an.hɛt̚.ʌ],[bjʌl.mal.an.hɛt̚.ʌ]
내 인생에 있어서,6,[nɛ.in.sɛŋ.e.it̚.ʌ.sʌ],[nɛ.in.sɛŋ.e.it̚.ʌ.sʌ]
혹한의 눈보라도 작열하는,6,[hok̚.han.ɯi.num.po.ɾa.to.tʃak̚.jʌl.ha.nɯn],[hok̚.han.ɯi.num.po.ɾa.do.dʒak̚.jʌl.ha.nɯn]
감정을 공유할 수,6,[kan.tʃʌŋ.ɯl.koŋ.ju.hal.su],[gan.tʃʌŋ.ɯl.goŋ.ju.hal.su]
하지만 힘이,6,[ha.tʃi.man.him.i],[ha.dʒi.man.him.i]
별말씀을요 이렇게,6,[pjʌl.mal.s͈ɯm.ɯl.jo.i.ɾʌt̚.ke],[bjʌl.mal.s͈ɯm.ɯl.jo.i.ɾʌt̚.ke]
혼나고 싶어,6,[hon.na.ko.sip̚.ʌ],[hon.na.go.sip̚.ʌ]
골목에 있어,6,[kol.mok̚.e.it̚.ʌ],[gol.mok̚.e.it̚.ʌ]
하지만요 하지만,6,[ha.tʃi.man.jo.ha.tʃi.man],[ha.dʒi.man.jo.ha.dʒi.man]
별말은 안,6,[pjʌl.mal.ɯn.an],[bjʌl.mal.ɯn.an]
하진 마요,6,[ha.tʃin.ma.jo],[ha.dʒin.ma.jo]
별말을 다 하네,6,[pjʌl.mal.ɯl.ta.ha.ne],[bjʌl.mal.ɯl.da.ha.ne]
하진 못해요,6,[ha.tʃin.mot̚.hɛ.jo],[ha.dʒin.mot̚.hɛ.jo]
하진 않겠어,6,[ha.tʃin.aŋ.ket̚.ʌ],[ha.dʒin.aŋ.ket̚.ʌ]
강해 네가,6,[kaŋ.hɛ.ne.ka],[gaŋ.hɛ.ne.ga]
하진 않던가요,6,[ha.tʃin.an.tʌŋ.ka.jo],[ha.dʒin.an.tʌŋ.ka.jo]
별명을 지어,6,[pjʌl.mjʌŋ.ɯl.tʃi.ʌ],[bjʌl.mjʌŋ.ɯl.dʒi.ʌ]
내가 아는 너는,6,[nɛ.ka.a.nɯn.nʌ.nɯn],[nɛ.ga.a.nɯn.nʌ.nɯn]
하진 않았겠죠,6,[ha.tʃin.an.at̚.ket̚.tʃjo],[ha.dʒin.an.at̚.ket̚.tʃjo]
골목으로 들어가는,6,[kol.mok̚.ɯ.ɾo.tɯl.ʌ.ka.nɯn],[gol.mok̚.ɯ.ɾo.dɯl.ʌ.ga.nɯn]
내 인생에서 말이야,6,[nɛ.in.sɛŋ.e.sʌ.mal.i.ja],[nɛ.in.sɛŋ.e.sʌ.mal.i.ja]
부부 관계는,6,[pu.pu.kwaŋ.kje.nɯn],[bu.bu.gwaŋ.kje.nɯn]
별문제 없어요,6,[pjʌl.mun.tʃe.ʌp̚.ʌ.jo],[bjʌl.mun.tʃe.ʌp̚.ʌ.jo]
하진 않으니까,6,[ha.tʃin.an.ɯ.ni.k͈a],[ha.dʒin.an.ɯ.ni.k͈a]
하진 않을게,6,[ha.tʃin.an.ɯl.ke],[ha.dʒin.an.ɯl.ke]
감정을 느껴야,6,[kan.tʃʌŋ.ɯl.lɯ.k͈jʌ.ja],[gan.tʃʌŋ.ɯl.lɯ.k͈jʌ.ja]
혼란 스럽다,6,[hol.lan.sɯ.ɾʌp̚.ta],[hol.lan.sɯ.ɾʌp̚.ta]
하진스 박사는,6,[ha.tʃin.sɯ.pak̚.sa.nɯn],[ha.dʒin.sɯ.bak̚.sa.nɯn]
하진스 박사님이,6,[ha.tʃin.sɯ.pak̚.sa.nim.i],[ha.dʒin.sɯ.bak̚.sa.nim.i]
하찮게 여기는,6,[ha.tʃʰaŋ.ke.jʌ.ki.nɯn],[ha.tʃʰaŋ.ke.jʌ.gi.nɯn]
하찮은 것들을,6,[ha.tʃʰan.ɯŋ.kʌt̚.tɯl.ɯl],[ha.tʃʰan.ɯn.gʌt̚.tɯl.ɯl]
하찮은 난쟁이,6,[ha.tʃʰan.ɯn.nan.tʃɛŋ.i],[ha.tʃʰan.ɯn.nan.tʃɛŋ.i]
하찮은 일,6,[ha.tʃʰan.ɯn.il],[ha.tʃʰan.ɯn.il]
별별 일이 다,6,[pjʌl.pjʌl.il.i.ta],[bjʌl.pjʌl.il.i.da]
하찮은 존재로,6,[ha.tʃʰan.ɯn.tʃon.tʃɛ.ɾo],[ha.tʃʰan.ɯn.dʒon.tʃɛ.ɾo]
하치 하치 하치,6,[ha.tʃʰi.ha.tʃʰi.ha.tʃʰi],[ha.tʃʰi.ha.tʃʰi.ha.tʃʰi]
하찮은 존재야,6,[ha.tʃʰan.ɯn.tʃon.tʃɛ.ja],[ha.tʃʰan.ɯn.dʒon.tʃɛ.ja]
내 인생은 내,6,[nɛ.in.sɛŋ.ɯn.nɛ],[nɛ.in.sɛŋ.ɯn.nɛ]
하쿠무 마을로,6,[ha.kʰu.mu.ma.ɯl.ɾo],[ha.kʰu.mu.ma.ɯl.ɾo]
하쿠무 마을에서,6,[ha.kʰu.mu.ma.ɯl.e.sʌ],[ha.kʰu.mu.ma.ɯl.e.sʌ]
별빛이 비치네 광활한,6,[pjʌl.pit̚.i.pi.tʃʰi.ne.kwaŋ.hwal.han],[bjʌl.pit̚.i.bi.tʃʰi.ne.gwaŋ.hwal.han]
별빛이 비치네 광활한 바다,6,[pjʌl.pit̚.i.pi.tʃʰi.ne.kwaŋ.hwal.ham.pa.ta],[bjʌl.pit̚.i.bi.tʃʰi.ne.gwaŋ.hwal.han.ba.da]
내 인생은 마이웨이다,6,[nɛ.in.sɛŋ.ɯn.ma.i.we.i.ta],[nɛ.in.sɛŋ.ɯn.ma.i.we.i.da]
골을 넣으면,6,[kol.ɯl.lʌt̚.ɯ.mjʌn],[gol.ɯl.lʌt̚.ɯ.mjʌn]
하키 마스크,6,[ha.kʰi.ma.sɯ.kʰɯ],[ha.kʰi.ma.sɯ.kʰɯ]
하키 경기에서,6,[ha.kʰi.kjʌŋ.ki.e.sʌ],[ha.kʰi.gjʌŋ.gi.e.sʌ]
하키 스틱을,6,[ha.kʰi.sɯ.tʰik̚.ɯl],[ha.kʰi.sɯ.tʰik̚.ɯl]
하킴 넌,6,[ha.kʰim.nʌn],[ha.kʰim.nʌn]
내 인생은 전부,6,[nɛ.in.sɛŋ.ɯn.tʃʌm.pu],[nɛ.in.sɛŋ.ɯn.dʒʌm.pu]
하킴 네,6,[ha.kʰim.ne],[ha.kʰim.ne]
하트 뿅뿅,6,[ha.tʰɯ.p͈jom.p͈joŋ],[ha.tʰɯ.p͈jom.p͈joŋ]
별수 없잖아요,6,[pjʌl.su.ʌp̚.tʃan.a.jo],[bjʌl.su.ʌp̚.tʃan.a.jo]
하트 제어 불가능,6,[ha.tʰɯ.tʃe.ʌ.pul.ka.nɯŋ],[ha.tʰɯ.dʒe.ʌ.bul.ka.nɯŋ]
하트 제어,6,[ha.tʰɯ.tʃe.ʌ],[ha.tʰɯ.dʒe.ʌ]
하트 제어 불가능 사태,6,[ha.tʰɯ.tʃe.ʌ.pul.ka.nɯŋ.sa.tʰɛ],[ha.tʰɯ.dʒe.ʌ.bul.ka.nɯŋ.sa.tʰɛ]
하트만 선생님,6,[ha.tʰɯ.man.sʌn.sɛŋ.nim],[ha.tʰɯ.man.sʌn.sɛŋ.nim]
하퍼 교수님,6,[ha.pʰʌ.kjo.su.nim],[ha.pʰʌ.gjo.su.nim]
하퍼 에이버리 상,6,[ha.pʰʌ.e.i.pʌ.ɾi.saŋ],[ha.pʰʌ.e.i.bʌ.ɾi.saŋ]
별에 대한,6,[pjʌl.e.tɛ.han],[bjʌl.e.dɛ.han]
별에 대해,6,[pjʌl.e.tɛ.hɛ],[bjʌl.e.dɛ.hɛ]
별을 끝내겠다고 했잖아,6,[pjʌl.ɯl.k͈ɯt̚.nɛ.ket̚.ta.ko.hɛt̚.tʃan.a],[bjʌl.ɯl.k͈ɯt̚.nɛ.get̚.ta.go.hɛt̚.tʃan.a]
별을 끝내겠다고,6,[pjʌl.ɯl.k͈ɯt̚.nɛ.ket̚.ta.ko],[bjʌl.ɯl.k͈ɯt̚.nɛ.get̚.ta.go]
하피의 아들들은,6,[ha.pʰi.ɯi.a.tɯl.tɯl.ɯn],[ha.pʰi.ɯi.a.dɯl.tɯl.ɯn]
별을 따라 올라가,6,[pjʌl.ɯl.t͈a.ɾa.ol.ɾa.ka],[bjʌl.ɯl.t͈a.ɾa.ol.ɾa.ga]
관심 없어요 그냥,6,[kwan.sim.ʌp̚.ʌ.jo.kɯ.njaŋ],[gwan.sim.ʌp̚.ʌ.jo.gɯ.njaŋ]
하필 여기죠,6,[ha.pʰil.jʌ.ki.tʃjo],[ha.pʰil.jʌ.gi.dʒjo]
하필 여기서,6,[ha.pʰil.jʌ.ki.sʌ],[ha.pʰil.jʌ.gi.sʌ]
하필 이런 때에,6,[ha.pʰil.i.ɾʌn.t͈ɛ.e],[ha.pʰil.i.ɾʌn.t͈ɛ.e]
하필 이때,6,[ha.pʰil.i.t͈ɛ],[ha.pʰil.i.t͈ɛ]
별의 기본,6,[pjʌl.ɯi.ki.pon],[bjʌl.ɯi.gi.bon]
별의 기본 뼈를,6,[pjʌl.ɯi.ki.pom.p͈jʌ.ɾɯl],[bjʌl.ɯi.gi.bom.p͈jʌ.ɾɯl]
별의 기본 뼈를 내,6,[pjʌl.ɯi.ki.pom.p͈jʌ.ɾɯl.lɛ],[bjʌl.ɯi.gi.bom.p͈jʌ.ɾɯl.lɛ]
내 인생을 바꿀,6,[nɛ.in.sɛŋ.ɯl.pa.k͈ul],[nɛ.in.sɛŋ.ɯl.ba.k͈ul]
골짜기로 다닐지라도 해를,6,[kol.tʃ͈a.ki.ɾo.ta.nil.tʃi.ɾa.to.hɛ.ɾɯl],[gol.tʃ͈a.gi.ɾo.da.nil.tʃi.ɾa.do.hɛ.ɾɯl]
하필이면 이,6,[ha.pʰil.i.mjʌn.i],[ha.pʰil.i.mjʌn.i]
감정을 느낀 건,6,[kan.tʃʌŋ.ɯl.lɯ.k͈iŋ.kʌn],[gan.tʃʌŋ.ɯl.lɯ.k͈in.gʌn]
별의 별,6,[pjʌl.ɯi.pjʌl],[bjʌl.ɯi.bjʌl]
골짜기로 다닐지라도 해를 두려워하지,6,[kol.tʃ͈a.ki.ɾo.ta.nil.tʃi.ɾa.to.hɛ.ɾɯl.tu.ɾjʌ.wʌ.ha.tʃi],[gol.tʃ͈a.gi.ɾo.da.nil.tʃi.ɾa.do.hɛ.ɾɯl.du.ɾjʌ.wʌ.ha.dʒi]
별의별 것을 다,6,[pjʌl.ɯi.pjʌl.kʌt̚.ɯl.ta],[bjʌl.ɯi.bjʌl.gʌt̚.ɯl.da]
별의별 것을,6,[pjʌl.ɯi.pjʌl.kʌt̚.ɯl],[bjʌl.ɯi.bjʌl.gʌt̚.ɯl]
골치 썩이는,6,[kol.tʃʰi.s͈ʌk̚.i.nɯn],[gol.tʃʰi.s͈ʌk̚.i.nɯn]
내 인생을 방해하고,6,[nɛ.in.sɛŋ.ɯl.paŋ.hɛ.ha.ko],[nɛ.in.sɛŋ.ɯl.baŋ.hɛ.ha.go]
별이 될,6,[pjʌl.i.twel],[bjʌl.i.dwel]
내 인생을 비참하게,6,[nɛ.in.sɛŋ.ɯl.pi.tʃʰam.ha.ke],[nɛ.in.sɛŋ.ɯl.bi.tʃʰam.ha.ge]
학교 갈 준비 안,6,[hak̚.kjo.kal.tʃum.pi.an],[hak̚.kjo.gal.dʒum.pi.an]
학교 갔고,6,[hak̚.kjo.kat̚.ko],[hak̚.kjo.gat̚.ko]
골치 아파져,6,[kol.tʃʰi.a.pʰa.tʃjʌ],[gol.tʃʰi.a.pʰa.dʒjʌ]
혼인 허가서,6,[hon.in.hʌ.ka.sʌ],[hon.in.hʌ.ga.sʌ]
학교 과제,6,[hak̚.kjo.kwa.tʃe],[hak̚.kjo.gwa.dʒe]
학교 공부를,6,[hak̚.kjo.kom.pu.ɾɯl],[hak̚.kjo.goŋ.bu.ɾɯl]
학교 계속,6,[hak̚.kjo.kje.sok̚],[hak̚.kjo.gje.sok̚]
별이 참,6,[pjʌl.i.tʃʰam],[bjʌl.i.tʃʰam]
학교 근처,6,[hak̚.kjo.kɯn.tʃʰʌ],[hak̚.kjo.gɯn.tʃʰʌ]
학교 급식,6,[hak̚.kjo.kɯp̚.sik̚],[hak̚.kjo.gɯp̚.sik̚]
학교 기록을,6,[hak̚.kjo.ki.ɾok̚.ɯl],[hak̚.kjo.gi.ɾok̚.ɯl]
학교 끝나고 바로,6,[hak̚.kjo.k͈ɯt̚.na.ko.pa.ɾo],[hak̚.kjo.k͈ɯt̚.na.go.ba.ɾo]
골치 아프고,6,[kol.tʃʰi.a.pʰɯ.ko],[gol.tʃʰi.a.pʰɯ.go]
내 인생의 대부분을,6,[nɛ.in.sɛŋ.ɯi.tɛ.pu.pun.ɯl],[nɛ.in.sɛŋ.ɯi.dɛ.bu.bun.ɯl]
부분 마비,6,[pu.pun.ma.pi],[bu.bun.ma.bi]
학교 다녀오겠습니다,6,[hak̚.kjo.ta.njʌ.o.ket̚.sɯp̚.ni.ta],[hak̚.kjo.da.njʌ.o.get̚.sɯp̚.ni.da]
학교 다녀왔습니다,6,[hak̚.kjo.ta.njʌ.wat̚.sɯp̚.ni.ta],[hak̚.kjo.da.njʌ.wat̚.sɯp̚.ni.da]
내 인생의 몇,6,[nɛ.in.sɛŋ.ɯi.mjʌt̚],[nɛ.in.sɛŋ.ɯi.mjʌt̚]
별일 아니예요,6,[pjʌl.il.a.ni.je.jo],[bjʌl.il.a.ni.je.jo]
골치 아프긴,6,[kol.tʃʰi.a.pʰɯ.kin],[gol.tʃʰi.a.pʰɯ.gin]
내가 아는 선함이 거기,6,[nɛ.ka.a.nɯn.sʌn.ham.i.kʌ.ki],[nɛ.ga.a.nɯn.sʌn.ham.i.gʌ.gi]
별일 아니잖아요,6,[pjʌl.il.a.ni.tʃan.a.jo],[bjʌl.il.a.ni.dʒan.a.jo]
내 인생의 사랑이,6,[nɛ.in.sɛŋ.ɯi.sa.ɾaŋ.i],[nɛ.in.sɛŋ.ɯi.sa.ɾaŋ.i]
골치 아프군,6,[kol.tʃʰi.a.pʰɯ.kun],[gol.tʃʰi.a.pʰɯ.gun]
혼자 가는 거,6,[hon.tʃa.ka.nɯŋ.kʌ],[hon.tʃa.ga.nɯn.gʌ]
학교 댄스파티,6,[hak̚.kjo.tɛn.sɯ.pʰa.tʰi],[hak̚.kjo.dɛn.sɯ.pʰa.tʰi]
내 인생의 사랑이었다,6,[nɛ.in.sɛŋ.ɯi.sa.ɾaŋ.i.ʌt̚.ta],[nɛ.in.sɛŋ.ɯi.sa.ɾaŋ.i.ʌt̚.ta]
학교 매점에서,6,[hak̚.kjo.mɛ.tʃʌm.e.sʌ],[hak̚.kjo.mɛ.dʒʌm.e.sʌ]
골치 아프니까,6,[kol.tʃʰi.a.pʰɯ.ni.k͈a],[gol.tʃʰi.a.pʰɯ.ni.k͈a]
별일 아닌 것처럼,6,[pjʌl.il.a.niŋ.kʌt̚.tʃʰʌ.ɾʌm],[bjʌl.il.a.nin.gʌt̚.tʃʰʌ.ɾʌm]
내 인생의 유일한,6,[nɛ.in.sɛŋ.ɯi.ju.il.han],[nɛ.in.sɛŋ.ɯi.ju.il.han]
별일 아닌 듯,6,[pjʌl.il.a.nin.tɯt̚],[bjʌl.il.a.nin.dɯt̚]
내 인생의 전부,6,[nɛ.in.sɛŋ.ɯi.tʃʌm.pu],[nɛ.in.sɛŋ.ɯi.dʒʌm.pu]
학교 밖에,6,[hak̚.kjo.pak̚.e],[hak̚.kjo.bak̚.e]
학교 밤이야,6,[hak̚.kjo.pam.i.ja],[hak̚.kjo.bam.i.ja]
학교 보내지,6,[hak̚.kjo.po.nɛ.tʃi],[hak̚.kjo.bo.nɛ.dʒi]
내 인생의 첫,6,[nɛ.in.sɛŋ.ɯi.tʃʰʌt̚],[nɛ.in.sɛŋ.ɯi.tʃʰʌt̚]
내 인생의 큰,6,[nɛ.in.sɛŋ.ɯi.kʰɯn],[nɛ.in.sɛŋ.ɯi.kʰɯn]
학교 시험,6,[hak̚.kjo.si.hʌm],[hak̚.kjo.si.hʌm]
학교 안 가요,6,[hak̚.kjo.aŋ.ka.jo],[hak̚.kjo.an.ga.jo]
별일 없기를,6,[pjʌl.il.ʌp̚.ki.ɾɯl],[bjʌl.il.ʌp̚.ki.ɾɯl]
학교 앞,6,[hak̚.kjo.ap̚],[hak̚.kjo.ap̚]
내 인생의 키라고,6,[nɛ.in.sɛŋ.ɯi.kʰi.ɾa.ko],[nɛ.in.sɛŋ.ɯi.kʰi.ɾa.go]
별일 없는 거,6,[pjʌl.il.ʌp̚.nɯŋ.kʌ],[bjʌl.il.ʌp̚.nɯn.gʌ]
학교 여행 일,6,[hak̚.kjo.jʌ.hɛŋ.il],[hak̚.kjo.jʌ.hɛŋ.il]
골치 아픈 건,6,[kol.tʃʰi.a.pʰɯŋ.kʌn],[gol.tʃʰi.a.pʰɯn.gʌn]
학교 여행 일 뿐이야,6,[hak̚.kjo.jʌ.hɛŋ.il.p͈un.i.ja],[hak̚.kjo.jʌ.hɛŋ.il.p͈un.i.ja]
학교 옥상에서,6,[hak̚.kjo.ok̚.saŋ.e.sʌ],[hak̚.kjo.ok̚.saŋ.e.sʌ]
학교 온,6,[hak̚.kjo.on],[hak̚.kjo.on]
학교 이름은,6,[hak̚.kjo.i.ɾɯm.ɯn],[hak̚.kjo.i.ɾɯm.ɯn]
학교 이사회에,6,[hak̚.kjo.i.sa.hwe.e],[hak̚.kjo.i.sa.hwe.e]
골치 아픈 일을,6,[kol.tʃʰi.a.pʰɯn.il.ɯl],[gol.tʃʰi.a.pʰɯn.il.ɯl]
내 인생이 어떻게,6,[nɛ.in.sɛŋ.i.ʌ.t͈ʌt̚.ke],[nɛ.in.sɛŋ.i.ʌ.t͈ʌt̚.ke]
내 인생이 달린,6,[nɛ.in.sɛŋ.i.tal.ɾin],[nɛ.in.sɛŋ.i.dal.ɾin]
be a wonderful world,6,,
별일 없었나,6,[pjʌl.il.ʌp̚.ʌt̚.na],[bjʌl.il.ʌp̚.ʌt̚.na]
내 인생이 왜 이렇게,6,[nɛ.in.sɛŋ.i.wɛ.i.ɾʌt̚.ke],[nɛ.in.sɛŋ.i.wɛ.i.ɾʌt̚.ke]
학교 쪽으로,6,[hak̚.kjo.tʃ͈ok̚.ɯ.ɾo],[hak̚.kjo.tʃ͈ok̚.ɯ.ɾo]
학교 총격,6,[hak̚.kjo.tʃʰoŋ.kjʌk̚],[hak̚.kjo.tʃʰoŋ.gjʌk̚]
학교 첫날인데,6,[hak̚.kjo.tʃʰʌt̚.nal.in.te],[hak̚.kjo.tʃʰʌt̚.nal.in.te]
학교 총기,6,[hak̚.kjo.tʃʰoŋ.ki],[hak̚.kjo.tʃʰoŋ.gi]
별일 없으니까,6,[pjʌl.il.ʌp̚.ɯ.ni.k͈a],[bjʌl.il.ʌp̚.ɯ.ni.k͈a]
별일 없었으면,6,[pjʌl.il.ʌp̚.ʌt̚.ɯ.mjʌn],[bjʌl.il.ʌp̚.ʌt̚.ɯ.mjʌn]
학교 친구예요,6,[hak̚.kjo.tʃʰiŋ.ku.je.jo],[hak̚.kjo.tʃʰiŋ.ku.je.jo]
골치가 아파요,6,[kol.tʃʰi.ka.a.pʰa.jo],[gol.tʃʰi.ga.a.pʰa.jo]
학교가 더,6,[hak̚.kjo.ka.tʌ],[hak̚.kjo.ga.dʌ]
내 인생이지,6,[nɛ.in.sɛŋ.i.tʃi],[nɛ.in.sɛŋ.i.dʒi]
학교가 있어요,6,[hak̚.kjo.ka.it̚.ʌ.jo],[hak̚.kjo.ga.it̚.ʌ.jo]
학교가 정말,6,[hak̚.kjo.ka.tʃʌŋ.mal],[hak̚.kjo.ga.dʒʌŋ.mal]
학교다닐 때,6,[hak̚.kjo.ta.nil.t͈ɛ],[hak̚.kjo.da.nil.t͈ɛ]
학교는 좀,6,[hak̚.kjo.nɯn.tʃom],[hak̚.kjo.nɯn.dʒom]
학교도 가고,6,[hak̚.kjo.to.ka.ko],[hak̚.kjo.do.ga.go]
학교도 다니고,6,[hak̚.kjo.to.ta.ni.ko],[hak̚.kjo.do.da.ni.go]
별일을 다,6,[pjʌl.il.ɯl.ta],[bjʌl.il.ɯl.da]
골칫거리가 될 거야,6,[kol.tʃʰit̚.kʌ.ɾi.ka.twel.kʌ.ja],[gol.tʃʰit̚.kʌ.ɾi.ga.dwel.gʌ.ja]
학교로 갈,6,[hak̚.kjo.ɾo.kal],[hak̚.kjo.ɾo.gal]
내가 아니네,6,[nɛ.ka.a.ni.ne],[nɛ.ga.a.ni.ne]
학교로 돌아가고,6,[hak̚.kjo.ɾo.tol.a.ka.ko],[hak̚.kjo.ɾo.dol.a.ga.go]
별장이 있어,6,[pjʌl.tʃaŋ.i.it̚.ʌ],[bjʌl.tʃaŋ.i.it̚.ʌ]
학교로 돌아갈래요,6,[hak̚.kjo.ɾo.tol.a.kal.ɾɛ.jo],[hak̚.kjo.ɾo.dol.a.gal.ɾɛ.jo]
별짓을 다 하네,6,[pjʌl.tʃit̚.ɯl.ta.ha.ne],[bjʌl.tʃit̚.ɯl.da.ha.ne]
학교를 그만둔,6,[hak̚.kjo.ɾɯl.kɯ.man.tun],[hak̚.kjo.ɾɯl.gɯ.man.tun]
내 일 하는,6,[nɛ.il.ha.nɯn],[nɛ.il.ha.nɯn]
부모님은 돌아가셨어요,6,[pu.mo.nim.ɯn.tol.a.ka.sjʌt̚.ʌ.jo],[bu.mo.nim.ɯn.dol.a.ga.sjʌt̚.ʌ.jo]
학교를 다닐,6,[hak̚.kjo.ɾɯl.ta.nil],[hak̚.kjo.ɾɯl.da.nil]
별첨 B를 가지고,6,[pjʌl.tʃʰʌm.ɾɯl.ka.tʃi.ko],[bjʌl.tʃʰʌm.ɾɯl.ga.dʒi.go]
내 일거수일투족을,6,[nɛ.il.kʌ.su.il.tʰu.tʃok̚.ɯl],[nɛ.il.kʌ.su.il.tʰu.dʒok̚.ɯl]
학교를 졸업했어요,6,[hak̚.kjo.ɾɯl.tʃol.ʌp̚.hɛt̚.ʌ.jo],[hak̚.kjo.ɾɯl.dʒol.ʌp̚.hɛt̚.ʌ.jo]
병 갖고,6,[pjʌŋ.kat̚.ko],[bjʌŋ.gat̚.ko]
혼자 나가,6,[hon.tʃa.na.ka],[hon.tʃa.na.ga]
병 갖다,6,[pjʌŋ.kat̚.ta],[bjʌŋ.gat̚.ta]
내 일까지,6,[nɛ.il.k͈a.tʃi],[nɛ.il.k͈a.dʒi]
pick up a,6,,
학교에 갔어,6,[hak̚.kjo.e.kat̚.ʌ],[hak̚.kjo.e.gat̚.ʌ]
병 더 줘요,6,[pjʌŋ.tʌ.tʃwʌ.jo],[bjʌŋ.dʌ.dʒwʌ.jo]
혼자 남겨두지,6,[hon.tʃa.nam.kjʌ.tu.tʃi],[hon.tʃa.nam.kjʌ.du.dʒi]
학교에 나오지,6,[hak̚.kjo.e.na.o.tʃi],[hak̚.kjo.e.na.o.dʒi]
학교에 다녔는데,6,[hak̚.kjo.e.ta.njʌt̚.nɯn.te],[hak̚.kjo.e.da.njʌt̚.nɯn.te]
병 더요,6,[pjʌŋ.tʌ.jo],[bjʌŋ.dʌ.jo]
내 일보다,6,[nɛ.il.po.ta],[nɛ.il.po.da]
학교에 다니지,6,[hak̚.kjo.e.ta.ni.tʃi],[hak̚.kjo.e.da.ni.dʒi]
학교에 더,6,[hak̚.kjo.e.tʌ],[hak̚.kjo.e.dʌ]
병 마셨어,6,[pjʌŋ.ma.sjʌt̚.ʌ],[bjʌŋ.ma.sjʌt̚.ʌ]
학교에 데리고,6,[hak̚.kjo.e.te.ɾi.ko],[hak̚.kjo.e.de.ɾi.go]
병 이리,6,[pjʌŋ.i.ɾi],[bjʌŋ.i.ɾi]
내 일상,6,[nɛ.il.saŋ],[nɛ.il.saŋ]
병 있는,6,[pjʌŋ.it̚.nɯn],[bjʌŋ.it̚.nɯn]
부분을 자세히,6,[pu.pun.ɯl.tʃa.se.hi],[bu.bun.ɯl.dʒa.se.hi]
학교에 새로,6,[hak̚.kjo.e.sɛ.ɾo],[hak̚.kjo.e.sɛ.ɾo]
감정을 숨기는,6,[kan.tʃʌŋ.ɯl.sum.ki.nɯn],[gan.tʃʌŋ.ɯl.sum.ki.nɯn]
학교에 왜,6,[hak̚.kjo.e.wɛ],[hak̚.kjo.e.wɛ]
골프 치기로,6,[kol.pʰɯ.tʃʰi.ki.ɾo],[gol.pʰɯ.tʃʰi.gi.ɾo]
내 일생에,6,[nɛ.il.sɛŋ.e],[nɛ.il.sɛŋ.e]
학교에 있을 때,6,[hak̚.kjo.e.it̚.ɯl.t͈ɛ],[hak̚.kjo.e.it̚.ɯl.t͈ɛ]
학교에 전화해,6,[hak̚.kjo.e.tʃʌn.hwa.hɛ],[hak̚.kjo.e.dʒʌn.hwa.hɛ]
학교에 전화한 게 아니라,6,[hak̚.kjo.e.tʃʌn.hwa.haŋ.ke.a.ni.ɾa],[hak̚.kjo.e.dʒʌn.hwa.han.ge.a.ni.ɾa]
병가 낸,6,[pjʌŋ.ka.nɛn],[bjʌŋ.ga.nɛn]
골프 친구,6,[kol.pʰɯ.tʃʰiŋ.ku],[gol.pʰɯ.tʃʰiŋ.ku]
학교에서 같이,6,[hak̚.kjo.e.sʌ.kat̚.i],[hak̚.kjo.e.sʌ.gat̚.i]
학교에서 공부를,6,[hak̚.kjo.e.sʌ.kom.pu.ɾɯl],[hak̚.kjo.e.sʌ.goŋ.bu.ɾɯl]
병가를 낸,6,[pjʌŋ.ka.ɾɯl.lɛn],[bjʌŋ.ga.ɾɯl.lɛn]
학교에서 그런,6,[hak̚.kjo.e.sʌ.kɯ.ɾʌn],[hak̚.kjo.e.sʌ.gɯ.ɾʌn]
학교에서 그러는데,6,[hak̚.kjo.e.sʌ.kɯ.ɾʌ.nɯn.te],[hak̚.kjo.e.sʌ.gɯ.ɾʌ.nɯn.te]
병가를 냈어,6,[pjʌŋ.ka.ɾɯl.lɛt̚.ʌ],[bjʌŋ.ga.ɾɯl.lɛt̚.ʌ]
병동에 알립니다,6,[pjʌŋ.toŋ.e.al.ɾip̚.ni.ta],[bjʌŋ.doŋ.e.al.ɾip̚.ni.da]
학교에서 대체,6,[hak̚.kjo.e.sʌ.tɛ.tʃʰe],[hak̚.kjo.e.sʌ.dɛ.tʃʰe]
병동이고 당신은 이제,6,[pjʌŋ.toŋ.i.ko.taŋ.sin.ɯn.i.tʃe],[bjʌŋ.doŋ.i.go.daŋ.sin.ɯn.i.dʒe]
병동이고 당신은,6,[pjʌŋ.toŋ.i.ko.taŋ.sin.ɯn],[bjʌŋ.doŋ.i.go.daŋ.sin.ɯn]
내 일에 대해서,6,[nɛ.il.e.tɛ.hɛ.sʌ],[nɛ.il.e.dɛ.hɛ.sʌ]
병동이고 당신은 이제 감염자가,6,[pjʌŋ.toŋ.i.ko.taŋ.sin.ɯn.i.tʃe.kam.jʌn.tʃa.ka],[bjʌŋ.doŋ.i.go.daŋ.sin.ɯn.i.dʒe.gam.jʌn.tʃa.ga]
감정을 알아,6,[kan.tʃʌŋ.ɯl.al.a],[gan.tʃʌŋ.ɯl.al.a]
혼자 다닐 수,6,[hon.tʃa.ta.nil.su],[hon.tʃa.da.nil.su]
혼자 대피소를,6,[hon.tʃa.tɛ.pʰi.so.ɾɯl],[hon.tʃa.dɛ.pʰi.so.ɾɯl]
내 일에는,6,[nɛ.il.e.nɯn],[nɛ.il.e.nɯn]
학교에서 유일하게,6,[hak̚.kjo.e.sʌ.ju.il.ha.ke],[hak̚.kjo.e.sʌ.ju.il.ha.ge]
학교에서 이것에 관해,6,[hak̚.kjo.e.sʌ.i.kʌt̚.e.kwan.hɛ],[hak̚.kjo.e.sʌ.i.gʌt̚.e.gwan.hɛ]
학교에서 이것에 관해 말할거야,6,[hak̚.kjo.e.sʌ.i.kʌt̚.e.kwan.hɛ.mal.hal.kʌ.ja],[hak̚.kjo.e.sʌ.i.gʌt̚.e.gwan.hɛ.mal.hal.kʌ.ja]
학교에서 이것에,6,[hak̚.kjo.e.sʌ.i.kʌt̚.e],[hak̚.kjo.e.sʌ.i.gʌt̚.e]
학교에서 인기가,6,[hak̚.kjo.e.sʌ.iŋ.ki.ka],[hak̚.kjo.e.sʌ.iŋ.ki.ga]
병력이 오고,6,[pjʌŋ.ɾjʌk̚.i.o.ko],[bjʌŋ.ɾjʌk̚.i.o.go]
학교에서 있었던 일,6,[hak̚.kjo.e.sʌ.it̚.ʌt̚.tʌn.il],[hak̚.kjo.e.sʌ.it̚.ʌt̚.tʌn.il]
학교에서 전화가 왔는데,6,[hak̚.kjo.e.sʌ.tʃʌn.hwa.ka.wat̚.nɯn.te],[hak̚.kjo.e.sʌ.dʒʌn.hwa.ga.wat̚.nɯn.te]
학교에서 제일 인기,6,[hak̚.kjo.e.sʌ.tʃe.il.iŋ.ki],[hak̚.kjo.e.sʌ.dʒe.il.iŋ.ki]
골프 클럽에서,6,[kol.pʰɯ.kʰɯl.ɾʌp̚.e.sʌ],[gol.pʰɯ.kʰɯl.ɾʌp̚.e.sʌ]
학교에서 쫓겨날,6,[hak̚.kjo.e.sʌ.tʃ͈ot̚.kjʌ.nal],[hak̚.kjo.e.sʌ.tʃ͈ot̚.kjʌ.nal]
학교에선 다들,6,[hak̚.kjo.e.sʌn.ta.tɯl],[hak̚.kjo.e.sʌn.da.dɯl]
병문안 온,6,[pjʌŋ.mun.an.on],[bjʌŋ.mun.an.on]
학교의 다른,6,[hak̚.kjo.ɯi.ta.ɾɯn],[hak̚.kjo.ɯi.da.ɾɯn]
학교엔 왜,6,[hak̚.kjo.en.wɛ],[hak̚.kjo.en.wɛ]
병사 둘이,6,[pjʌŋ.sa.tul.i],[bjʌŋ.sa.dul.i]
내 일은 다,6,[nɛ.il.ɯn.ta],[nɛ.il.ɯn.da]
학기 마지막,6,[hak̚.ki.ma.tʃi.mak̚],[hak̚.ki.ma.dʒi.mak̚]
병사 수는 열세일 겁니다,6,[pjʌŋ.sa.su.nɯn.jʌl.se.il.kʌp̚.ni.ta],[bjʌŋ.sa.su.nɯn.jʌl.se.il.gʌp̚.ni.da]
병사 수는 열세일,6,[pjʌŋ.sa.su.nɯn.jʌl.se.il],[bjʌŋ.sa.su.nɯn.jʌl.se.il]
혼자 두지마,6,[hon.tʃa.tu.tʃi.ma],[hon.tʃa.du.dʒi.ma]
학년 C반,6,[hak̚.njʌm.pan],[hak̚.njʌn.ban]
병사 한,6,[pjʌŋ.sa.han],[bjʌŋ.sa.han]
학년 때 내,6,[hak̚.njʌn.t͈ɛ.nɛ],[hak̚.njʌn.t͈ɛ.nɛ]
병사가 될,6,[pjʌŋ.sa.ka.twel],[bjʌŋ.sa.ga.dwel]
병사들과 함께,6,[pjʌŋ.sa.tɯl.kwa.ham.k͈e],[bjʌŋ.sa.dɯl.kwa.ham.k͈e]
학년 여름,6,[hak̚.njʌn.jʌ.ɾɯm],[hak̚.njʌn.jʌ.ɾɯm]
골프를 치고,6,[kol.pʰɯ.ɾɯl.tʃʰi.ko],[gol.pʰɯ.ɾɯl.tʃʰi.go]
학년이 됐을,6,[hak̚.njʌn.i.twɛt̚.ɯl],[hak̚.njʌn.i.dwɛt̚.ɯl]
학대를 당한,6,[hak̚.tɛ.ɾɯl.taŋ.han],[hak̚.tɛ.ɾɯl.daŋ.han]
감정을 이해할,6,[kan.tʃʌŋ.ɯl.i.hɛ.hal],[gan.tʃʌŋ.ɯl.i.hɛ.hal]
학대에 대해,6,[hak̚.tɛ.e.tɛ.hɛ],[hak̚.tɛ.e.dɛ.hɛ]
학대한 적,6,[hak̚.tɛ.han.tʃʌk̚],[hak̚.tɛ.han.dʒʌk̚]
혼자 떠들고,6,[hon.tʃa.t͈ʌ.tɯl.ko],[hon.tʃa.t͈ʌ.dɯl.ko]
골프를 치는,6,[kol.pʰɯ.ɾɯl.tʃʰi.nɯn],[gol.pʰɯ.ɾɯl.tʃʰi.nɯn]
병신 만들어,6,[pjʌŋ.sin.man.tɯl.ʌ],[bjʌŋ.sin.man.tɯl.ʌ]
병신 새끼가,6,[pjʌŋ.sin.sɛ.k͈i.ka],[bjʌŋ.sin.sɛ.k͈i.ga]
학비 내고 다닌다,6,[hak̚.pi.nɛ.ko.ta.nin.ta],[hak̚.pi.nɛ.go.da.nin.ta]
학사 학위를,6,[hak̚.sa.hak̚.wi.ɾɯl],[hak̚.sa.hak̚.wi.ɾɯl]
병신 새끼들,6,[pjʌŋ.sin.sɛ.k͈i.tɯl],[bjʌŋ.sin.sɛ.k͈i.dɯl]
혼자 마시게,6,[hon.tʃa.ma.si.ke],[hon.tʃa.ma.si.ge]
병신 왕국 나도,6,[pjʌŋ.sin.waŋ.kuk̚.na.to],[bjʌŋ.sin.waŋ.guk̚.na.do]
학생 수가,6,[hak̚.sɛŋ.su.ka],[hak̚.sɛŋ.su.ga]
병신 왕국 나도 병신,6,[pjʌŋ.sin.waŋ.kuk̚.na.to.pjʌŋ.sin],[bjʌŋ.sin.waŋ.guk̚.na.do.bjʌŋ.sin]
학생 시절에,6,[hak̚.sɛŋ.si.tʃʌl.e],[hak̚.sɛŋ.si.dʒʌl.e]
내 일을 하는 것뿐이야,6,[nɛ.il.ɯl.ha.nɯŋ.kʌt̚.p͈un.i.ja],[nɛ.il.ɯl.ha.nɯn.gʌt̚.p͈un.i.ja]
혼자 날아다니신대도 얼마나 걸릴지,6,[hon.tʃa.nal.a.ta.ni.sin.tɛ.to.ʌl.ma.na.kʌl.ɾil.tʃi],[hon.tʃa.nal.a.da.ni.sin.tɛ.do.ʌl.ma.na.gʌl.ɾil.tʃi]
학생 이름이,6,[hak̚.sɛŋ.i.ɾɯm.i],[hak̚.sɛŋ.i.ɾɯm.i]
병신 짓,6,[pjʌŋ.sin.tʃit̚],[bjʌŋ.sin.dʒit̚]
혼자 먹는 게,6,[hon.tʃa.mʌk̚.nɯŋ.ke],[hon.tʃa.mʌk̚.nɯn.ge]
부사장이 될,6,[pu.sa.tʃaŋ.i.twel],[bu.sa.dʒaŋ.i.dwel]
학생 출입,6,[hak̚.sɛŋ.tʃʰul.ip̚],[hak̚.sɛŋ.tʃʰul.ip̚]
혼자 먹어요,6,[hon.tʃa.mʌk̚.ʌ.jo],[hon.tʃa.mʌk̚.ʌ.jo]
학생과 부적절한,6,[hak̚.sɛŋ.kwa.pu.tʃʌk̚.tʃʌl.han],[hak̚.sɛŋ.gwa.bu.dʒʌk̚.tʃʌl.han]
곰 가죽,6,[kom.ka.tʃuk̚],[gom.ga.dʒuk̚]
학생들을 가르치고,6,[hak̚.sɛŋ.tɯl.ɯl.ka.ɾɯ.tʃʰi.ko],[hak̚.sɛŋ.dɯl.ɯl.ga.ɾɯ.tʃʰi.go]
병에 걸리기,6,[pjʌŋ.e.kʌl.ɾi.ki],[bjʌŋ.e.gʌl.ɾi.gi]
병에 걸리는,6,[pjʌŋ.e.kʌl.ɾi.nɯn],[bjʌŋ.e.gʌl.ɾi.nɯn]
학생들의 즐거운,6,[hak̚.sɛŋ.tɯl.ɯi.tʃɯl.kʌ.un],[hak̚.sɛŋ.dɯl.ɯi.dʒɯl.kʌ.un]
부상을 당했고,6,[pu.saŋ.ɯl.taŋ.hɛt̚.ko],[bu.saŋ.ɯl.daŋ.hɛt̚.ko]
내가 아니었다고,6,[nɛ.ka.a.ni.ʌt̚.ta.ko],[nɛ.ga.a.ni.ʌt̚.ta.go]
감정을 좀,6,[kan.tʃʌŋ.ɯl.tʃom],[gan.tʃʌŋ.ɯl.dʒom]
학생들이 저마다 대화한다,6,[hak̚.sɛŋ.tɯl.i.tʃʌ.ma.ta.tɛ.hwa.han.ta],[hak̚.sɛŋ.dɯl.i.dʒʌ.ma.da.dɛ.hwa.han.ta]
학생이 아니라,6,[hak̚.sɛŋ.i.a.ni.ɾa],[hak̚.sɛŋ.i.a.ni.ɾa]
감정을 주체 못,6,[kan.tʃʌŋ.ɯl.tʃu.tʃʰe.mot̚],[gan.tʃʌŋ.ɯl.dʒu.tʃʰe.mot̚]
병용의 거친,6,[pjʌŋ.joŋ.ɯi.kʌ.tʃʰin],[bjʌŋ.joŋ.ɯi.gʌ.tʃʰin]
병용의 거친 숨소리,6,[pjʌŋ.joŋ.ɯi.kʌ.tʃʰin.sum.so.ɾi],[bjʌŋ.joŋ.ɯi.gʌ.tʃʰin.sum.so.ɾi]
내 일이 너무,6,[nɛ.il.i.nʌ.mu],[nɛ.il.i.nʌ.mu]
학위 따고,6,[hak̚.wi.t͈a.ko],[hak̚.wi.t͈a.go]
학원 원장,6,[hak̚.wʌn.wʌn.tʃaŋ],[hak̚.wʌn.wʌn.tʃaŋ]
학위 때문에,6,[hak̚.wi.t͈ɛ.mun.e],[hak̚.wi.t͈ɛ.mun.e]
학위 따려고,6,[hak̚.wi.t͈a.ɾjʌ.ko],[hak̚.wi.t͈a.ɾjʌ.go]
곰 신입,6,[kom.sin.ip̚],[gom.sin.ip̚]
학자들은 그,6,[hak̚.tʃa.tɯl.ɯŋ.kɯ],[hak̚.tʃa.dɯl.ɯn.gɯ]
학점을 더,6,[hak̚.tʃʌm.ɯl.tʌ],[hak̚.tʃʌm.ɯl.dʌ]
곰 인형은,6,[kom.in.hjʌŋ.ɯn],[gom.in.hjʌŋ.ɯn]
학창 시절부터,6,[hak̚.tʃʰaŋ.si.tʃʌl.pu.tʰʌ],[hak̚.tʃʰaŋ.si.dʒʌl.pu.tʰʌ]
한 FBI,6,[han],[han]
한 Ultron,6,[han],[han]
한 TV,6,[han],[han]
한 Ultron 보조 암으로,6,[ham.po.tʃo.am.ɯ.ɾo],[han.bo.dʒo.am.ɯ.ɾo]
한 c,6,[han],[han]
한 Ultron 보조,6,[ham.po.tʃo],[han.bo.dʒo]
곰 젤리,6,[kon.tʃel.ɾi],[gom.dʒel.ɾi]
한 가닥만,6,[haŋ.ka.tak̚.man],[han.ga.dak̚.man]
강해지기 위해,6,[kaŋ.hɛ.tʃi.ki.wi.hɛ],[gaŋ.hɛ.dʒi.gi.wi.hɛ]
내 일이라,6,[nɛ.il.i.ɾa],[nɛ.il.i.ɾa]
혼자 살지,6,[hon.tʃa.sal.tʃi],[hon.tʃa.sal.tʃi]
한 가족에게,6,[haŋ.ka.tʃok̚.e.ke],[han.ga.dʒok̚.e.ge]
곰곰이 생각을,6,[kom.kom.i.sɛŋ.kak̚.ɯl],[gom.kom.i.sɛŋ.gak̚.ɯl]
혼자 살았어요,6,[hon.tʃa.sal.at̚.ʌ.jo],[hon.tʃa.sal.at̚.ʌ.jo]
한 가족이에요,6,[haŋ.ka.tʃok̚.i.e.jo],[han.ga.dʒok̚.i.e.jo]
한 가족이니까,6,[haŋ.ka.tʃok̚.i.ni.k͈a],[han.ga.dʒok̚.i.ni.k͈a]
한 가지 걸리는 게,6,[haŋ.ka.tʃi.kʌl.ɾi.nɯŋ.ke],[han.ga.dʒi.gʌl.ɾi.nɯn.ge]
병원 기록이,6,[pjʌŋ.wʌŋ.ki.ɾok̚.i],[bjʌŋ.wʌn.gi.ɾok̚.i]
한 가지 단순하고도 무시무시한,6,[haŋ.ka.tʃi.tan.sun.ha.ko.to.mu.si.mu.si.han],[han.ga.dʒi.dan.sun.ha.go.do.mu.si.mu.si.han]
한 가지 더 남았어,6,[haŋ.ka.tʃi.tʌ.nam.at̚.ʌ],[han.ga.dʒi.dʌ.nam.at̚.ʌ]
한 가지 단순하고도,6,[haŋ.ka.tʃi.tan.sun.ha.ko.to],[han.ga.dʒi.dan.sun.ha.go.do]
한 가지 더 있는데,6,[haŋ.ka.tʃi.tʌ.it̚.nɯn.te],[han.ga.dʒi.dʌ.it̚.nɯn.te]
한 가지 더 있네,6,[haŋ.ka.tʃi.tʌ.it̚.ne],[han.ga.dʒi.dʌ.it̚.ne]
병원 못,6,[pjʌŋ.wʌn.mot̚],[bjʌŋ.wʌn.mot̚]
병원 말고,6,[pjʌŋ.wʌn.mal.ko],[bjʌŋ.wʌn.mal.ko]
혼자 숨어,6,[hon.tʃa.sum.ʌ],[hon.tʃa.sum.ʌ]
한 가지 마음에 걸리는,6,[haŋ.ka.tʃi.ma.ɯm.e.kʌl.ɾi.nɯn],[han.ga.dʒi.ma.ɯm.e.gʌl.ɾi.nɯn]
한 가지 마음에,6,[haŋ.ka.tʃi.ma.ɯm.e],[han.ga.dʒi.ma.ɯm.e]
내 일인걸요,6,[nɛ.il.iŋ.kʌl.jo],[nɛ.il.iŋ.kʌl.jo]
혼자 실컷,6,[hon.tʃa.sil.kʰʌt̚],[hon.tʃa.sil.kʰʌt̚]
병원 밥,6,[pjʌŋ.wʌm.pap̚],[bjʌŋ.wʌn.bap̚]
병원 사람들,6,[pjʌŋ.wʌn.sa.ɾan.tɯl],[bjʌŋ.wʌn.sa.ɾan.tɯl]
한 가지 묻고,6,[haŋ.ka.tʃi.mut̚.ko],[han.ga.dʒi.mut̚.ko]
picked up the,6,,
한 가지 물어봐도,6,[haŋ.ka.tʃi.mul.ʌ.pwa.to],[han.ga.dʒi.mul.ʌ.bwa.do]
한 가지 방법밖에 없어요,6,[haŋ.ka.tʃi.pam.pʌp̚.pak̚.e.ʌp̚.ʌ.jo],[han.ga.dʒi.baŋ.bʌp̚.pak̚.e.ʌp̚.ʌ.jo]
한 가지 방법밖에 없을,6,[haŋ.ka.tʃi.pam.pʌp̚.pak̚.e.ʌp̚.ɯl],[han.ga.dʒi.baŋ.bʌp̚.pak̚.e.ʌp̚.ɯl]
한 가지 방법이 있어,6,[haŋ.ka.tʃi.pam.pʌp̚.i.it̚.ʌ],[han.ga.dʒi.baŋ.bʌp̚.i.it̚.ʌ]
한 가지 방법이 더,6,[haŋ.ka.tʃi.pam.pʌp̚.i.tʌ],[han.ga.dʒi.baŋ.bʌp̚.i.dʌ]
한 가지 배운 게,6,[haŋ.ka.tʃi.pɛ.uŋ.ke],[han.ga.dʒi.bɛ.un.ge]
이렇게 왔지,6,[i.ɾʌt̚.ke.wat̚.tʃi],[i.ɾʌt̚.ke.wat̚.tʃi]
이렇게 욕이 써져,6,[i.ɾʌt̚.ke.jok̚.i.s͈ʌ.tʃjʌ],[i.ɾʌt̚.ke.jok̚.i.s͈ʌ.dʒjʌ]
혼자 앉아있는,6,[hon.tʃa.an.a.it̚.nɯn],[hon.tʃa.an.a.it̚.nɯn]
병원 외과,6,[pjʌŋ.wʌn.we.kwa],[bjʌŋ.wʌn.we.gwa]
강해지는 걸,6,[kaŋ.hɛ.tʃi.nɯŋ.kʌl],[gaŋ.hɛ.dʒi.nɯn.gʌl]
한 가지 사실이,6,[haŋ.ka.tʃi.sa.sil.i],[han.ga.dʒi.sa.sil.i]
한 가지 소원이,6,[haŋ.ka.tʃi.so.wʌn.i],[han.ga.dʒi.so.wʌn.i]
한 가지 심각한,6,[haŋ.ka.tʃi.sim.kak̚.han],[han.ga.dʒi.sim.kak̚.han]
내 일처럼,6,[nɛ.il.tʃʰʌ.ɾʌm],[nɛ.il.tʃʰʌ.ɾʌm]
병원 응급실로,6,[pjʌŋ.wʌn.ɯŋ.kɯp̚.sil.ɾo],[bjʌŋ.wʌn.ɯŋ.gɯp̚.sil.ɾo]
병원 응급실 입구,6,[pjʌŋ.wʌn.ɯŋ.kɯp̚.sil.ip̚.ku],[bjʌŋ.wʌn.ɯŋ.gɯp̚.sil.ip̚.ku]
내가 아닌 것 같은데,6,[nɛ.ka.a.niŋ.kʌt̚.kat̚.ɯn.te],[nɛ.ga.a.nin.gʌt̚.gat̚.ɯn.te]
한 가지 예를,6,[haŋ.ka.tʃi.je.ɾɯl],[han.ga.dʒi.je.ɾɯl]
한 가지 이상한,6,[haŋ.ka.tʃi.i.saŋ.han],[han.ga.dʒi.i.saŋ.han]
내 잃어버린 함대와 죽은,6,[nɛ.il.ʌ.pʌ.ɾin.han.tɛ.wa.tʃuk̚.ɯn],[nɛ.il.ʌ.bʌ.ɾin.han.tɛ.wa.dʒuk̚.ɯn]
병원 이사회에,6,[pjʌŋ.wʌn.i.sa.hwe.e],[bjʌŋ.wʌn.i.sa.hwe.e]
내 잃어버린 함대와,6,[nɛ.il.ʌ.pʌ.ɾin.han.tɛ.wa],[nɛ.il.ʌ.bʌ.ɾin.han.tɛ.wa]
한 가지 있긴,6,[haŋ.ka.tʃi.it̚.kin],[han.ga.dʒi.it̚.kin]
병원 전체가,6,[pjʌŋ.wʌn.tʃʌn.tʃʰe.ka],[bjʌŋ.wʌn.dʒʌn.tʃʰe.ga]
한 가지 조건,6,[haŋ.ka.tʃi.tʃo.kʌn],[han.ga.dʒi.dʒo.gʌn]
한 가지 조건을,6,[haŋ.ka.tʃi.tʃo.kʌn.ɯl],[han.ga.dʒi.dʒo.gʌn.ɯl]
한 가지 조건이 있어요,6,[haŋ.ka.tʃi.tʃo.kʌn.i.it̚.ʌ.jo],[han.ga.dʒi.dʒo.gʌn.i.it̚.ʌ.jo]
곰돌이 플레이미,6,[kon.tol.i.pʰɯl.ɾe.i.mi],[gon.tol.i.pʰɯl.ɾe.i.mi]
혼자 오세요,6,[hon.tʃa.o.se.jo],[hon.tʃa.o.se.jo]
곰리 경사,6,[kom.ɾi.kjʌŋ.sa],[gom.ɾi.gjʌŋ.sa]
곰리 경위님이,6,[kom.ɾi.kjʌŋ.wi.nim.i],[gom.ɾi.gjʌŋ.wi.nim.i]
한 가지는 분명히,6,[haŋ.ka.tʃi.nɯm.pun.mjʌŋ.hi],[han.ga.dʒi.nɯn.bun.mjʌŋ.hi]
내 임신,6,[nɛ.im.sin],[nɛ.im.sin]
한 가지도,6,[haŋ.ka.tʃi.to],[han.ga.dʒi.do]
병원 혈액,6,[pjʌŋ.wʌn.hjʌl.ɛk̚],[bjʌŋ.wʌn.hjʌl.ɛk̚]
병원까지 같이,6,[pjʌŋ.wʌŋ.k͈a.tʃi.kat̚.i],[bjʌŋ.wʌŋ.k͈a.dʒi.gat̚.i]
병원균의 치료제를,6,[pjʌŋ.wʌŋ.kjun.ɯi.tʃʰi.ɾjo.tʃe.ɾɯl],[bjʌŋ.wʌŋ.kjun.ɯi.tʃʰi.ɾjo.dʒe.ɾɯl]
한 가지만 말씀드리죠,6,[haŋ.ka.tʃi.man.mal.s͈ɯn.tɯ.ɾi.tʃjo],[han.ga.dʒi.man.mal.s͈ɯn.tɯ.ɾi.dʒjo]
병원도 못,6,[pjʌŋ.wʌn.to.mot̚],[bjʌŋ.wʌn.to.mot̚]
곰을 본,6,[kom.ɯl.pon],[gom.ɯl.bon]
병원도 안,6,[pjʌŋ.wʌn.to.an],[bjʌŋ.wʌn.to.an]
한 가지만 부탁할게,6,[haŋ.ka.tʃi.mam.pu.tʰak̚.hal.ke],[han.ga.dʒi.man.bu.tʰak̚.hal.ke]
부서지는 것을,6,[pu.sʌ.tʃi.nɯŋ.kʌt̚.ɯl],[bu.sʌ.dʒi.nɯn.gʌt̚.ɯl]
한 가지만 약속해,6,[haŋ.ka.tʃi.man.jak̚.sok̚.hɛ],[han.ga.dʒi.man.jak̚.sok̚.hɛ]
병원비 때문에,6,[pjʌŋ.wʌm.pi.t͈ɛ.mun.e],[bjʌŋ.wʌm.pi.t͈ɛ.mun.e]
곰이 아니라,6,[kom.i.a.ni.ɾa],[gom.i.a.ni.ɾa]
관심 있어 하는,6,[kwan.sim.it̚.ʌ.ha.nɯn],[gwan.sim.it̚.ʌ.ha.nɯn]
한 가지뿐이야,6,[haŋ.ka.tʃi.p͈un.i.ja],[han.ga.dʒi.p͈un.i.ja]
한 가지뿐입니다,6,[haŋ.ka.tʃi.p͈un.ip̚.ni.ta],[han.ga.dʒi.p͈un.ip̚.ni.da]
한 가지에 대해서,6,[haŋ.ka.tʃi.e.tɛ.hɛ.sʌ],[han.ga.dʒi.e.dɛ.hɛ.sʌ]
병원에 가 보자,6,[pjʌŋ.wʌn.e.ka.po.tʃa],[bjʌŋ.wʌn.e.ga.bo.dʒa]
한 가지의,6,[haŋ.ka.tʃi.ɯi],[han.ga.dʒi.ɯi]
한 가진 확실해,6,[haŋ.ka.tʃin.hwak̚.sil.hɛ],[han.ga.dʒin.hwak̚.sil.hɛ]
내 입에 넣는,6,[nɛ.ip̚.e.nʌt̚.nɯn],[nɛ.ip̚.e.nʌt̚.nɯn]
곰팡이 같은,6,[kom.pʰaŋ.i.kat̚.ɯn],[gom.pʰaŋ.i.gat̚.ɯn]
병원에 가도,6,[pjʌŋ.wʌn.e.ka.to],[bjʌŋ.wʌn.e.ga.do]
부서지도록 날아올라라 짓이겨진 기억의,6,[pu.sʌ.tʃi.to.ɾok̚.nal.a.ol.ɾa.ɾa.tʃit̚.i.kjʌ.tʃiŋ.ki.ʌk̚.ɯi],[bu.sʌ.dʒi.do.ɾok̚.nal.a.ol.ɾa.ɾa.dʒit̚.i.gjʌ.dʒin.gi.ʌk̚.ɯi]
병원에 가려고,6,[pjʌŋ.wʌn.e.ka.ɾjʌ.ko],[bjʌŋ.wʌn.e.ga.ɾjʌ.go]
부서지는 소리가 들려 네,6,[pu.sʌ.tʃi.nɯn.so.ɾi.ka.tɯl.ɾjʌ.ne],[bu.sʌ.dʒi.nɯn.so.ɾi.ga.dɯl.ɾjʌ.ne]
병원에 가세요,6,[pjʌŋ.wʌn.e.ka.se.jo],[bjʌŋ.wʌn.e.ga.se.jo]
한 개인,6,[haŋ.kɛ.in],[han.gɛ.in]
병원에 가야 할 것,6,[pjʌŋ.wʌn.e.ka.ja.hal.kʌt̚],[bjʌŋ.wʌn.e.ga.ja.hal.gʌt̚]
곱게 보내,6,[kop̚.ke.po.nɛ],[gop̚.ke.bo.nɛ]
내 입을 막을,6,[nɛ.ip̚.ɯl.mak̚.ɯl],[nɛ.ip̚.ɯl.mak̚.ɯl]
내 입을 막지 말아줘,6,[nɛ.ip̚.ɯl.mak̚.tʃi.mal.a.tʃwʌ],[nɛ.ip̚.ɯl.mak̚.tʃi.mal.a.dʒwʌ]
이렇게 자는,6,[i.ɾʌt̚.ke.tʃa.nɯn],[i.ɾʌt̚.ke.dʒa.nɯn]
한 거 난,6,[haŋ.kʌ.nan],[han.gʌ.nan]
한 거 맞아요,6,[haŋ.kʌ.mat̚.a.jo],[han.gʌ.mat̚.a.jo]
혼자 있고 싶거든,6,[hon.tʃa.it̚.ko.sip̚.kʌ.tɯn],[hon.tʃa.it̚.ko.sip̚.kʌ.dɯn]
곱게 써,6,[kop̚.ke.s͈ʌ],[gop̚.ke.s͈ʌ]
한 거 아니었나,6,[haŋ.kʌ.a.ni.ʌt̚.na],[han.gʌ.a.ni.ʌt̚.na]
병원에 갔고,6,[pjʌŋ.wʌn.e.kat̚.ko],[bjʌŋ.wʌn.e.gat̚.ko]
한 거 아닐까요,6,[haŋ.kʌ.a.nil.k͈a.jo],[han.gʌ.a.nil.k͈a.jo]
한 거 알고 있어,6,[haŋ.kʌ.al.ko.it̚.ʌ],[han.gʌ.al.ko.it̚.ʌ]
한 거 야,6,[haŋ.kʌ.ja],[han.gʌ.ja]
한 거 없어,6,[haŋ.kʌ.ʌp̚.ʌ],[han.gʌ.ʌp̚.ʌ]
picture of me,6,,
한 거고 내가,6,[haŋ.kʌ.ko.nɛ.ka],[han.gʌ.go.nɛ.ga]
병원에 계시는,6,[pjʌŋ.wʌn.e.kje.si.nɯn],[bjʌŋ.wʌn.e.gje.si.nɯn]
곱씹어보는 것도,6,[kop̚.s͈ip̚.ʌ.po.nɯŋ.kʌt̚.to],[gop̚.s͈ip̚.ʌ.bo.nɯn.gʌt̚.to]
곱씹어보는 것도 실패하게,6,[kop̚.s͈ip̚.ʌ.po.nɯŋ.kʌt̚.to.sil.pʰɛ.ha.ke],[gop̚.s͈ip̚.ʌ.bo.nɯn.gʌt̚.to.sil.pʰɛ.ha.ge]
곱씹어보는 것도 실패하게 하는군,6,[kop̚.s͈ip̚.ʌ.po.nɯŋ.kʌt̚.to.sil.pʰɛ.ha.ke.ha.nɯŋ.kun],[gop̚.s͈ip̚.ʌ.bo.nɯn.gʌt̚.to.sil.pʰɛ.ha.ge.ha.nɯŋ.kun]
내 입지가,6,[nɛ.ip̚.tʃi.ka],[nɛ.ip̚.tʃi.ga]
병원에 데려,6,[pjʌŋ.wʌn.e.te.ɾjʌ],[bjʌŋ.wʌn.e.de.ɾjʌ]
picture with,6,,
한 거라고는,6,[haŋ.kʌ.ɾa.ko.nɯn],[han.gʌ.ɾa.go.nɯn]
병원에 데려가 줄게,6,[pjʌŋ.wʌn.e.te.ɾjʌ.ka.tʃul.ke],[bjʌŋ.wʌn.e.de.ɾjʌ.ga.dʒul.ke]
곱씹어봐 간수에게,6,[kop̚.s͈ip̚.ʌ.pwa.kan.su.e.ke],[gop̚.s͈ip̚.ʌ.bwa.gan.su.e.ge]
한 거라서,6,[haŋ.kʌ.ɾa.sʌ],[han.gʌ.ɾa.sʌ]
곱씹어봐 간수에게 몇 시간마다,6,[kop̚.s͈ip̚.ʌ.pwa.kan.su.e.ke.mjʌt̚.si.kan.ma.ta],[gop̚.s͈ip̚.ʌ.bwa.gan.su.e.ge.mjʌt̚.si.gan.ma.da]
한 거야 그게,6,[haŋ.kʌ.ja.kɯ.ke],[han.gʌ.ja.gɯ.ge]
병원에 데려가야겠어,6,[pjʌŋ.wʌn.e.te.ɾjʌ.ka.ja.ket̚.ʌ],[bjʌŋ.wʌn.e.de.ɾjʌ.ga.ja.get̚.ʌ]
내 자랑,6,[nɛ.tʃa.ɾaŋ],[nɛ.dʒa.ɾaŋ]
한 거야 근데,6,[haŋ.kʌ.ja.kɯn.te],[han.gʌ.ja.gɯn.te]
곱씹어봐 간수에게 몇,6,[kop̚.s͈ip̚.ʌ.pwa.kan.su.e.ke.mjʌt̚],[gop̚.s͈ip̚.ʌ.bwa.gan.su.e.ge.mjʌt̚]
병원에 데려간다고,6,[pjʌŋ.wʌn.e.te.ɾjʌ.kan.ta.ko],[bjʌŋ.wʌn.e.de.ɾjʌ.gan.ta.go]
한 거야 우리,6,[haŋ.kʌ.ja.u.ɾi],[han.gʌ.ja.u.ɾi]
감정이 아닙니다 사실이에요,6,[kan.tʃʌŋ.i.a.nip̚.ni.ta.sa.sil.i.e.jo],[gan.tʃʌŋ.i.a.nip̚.ni.da.sa.sil.i.e.jo]
부서지겠지 그건 옳지 않잖아,6,[pu.sʌ.tʃi.ket̚.tʃi.kɯ.kʌn.ol.tʃi.an.tʃan.a],[bu.sʌ.dʒi.get̚.tʃi.gɯ.gʌn.ol.tʃi.an.tʃan.a]
한 거예요 그렇게,6,[haŋ.kʌ.je.jo.kɯ.ɾʌt̚.ke],[han.gʌ.je.jo.gɯ.ɾʌt̚.ke]
병원에 도착하면,6,[pjʌŋ.wʌn.e.to.tʃʰak̚.ha.mjʌn],[bjʌŋ.wʌn.e.do.tʃʰak̚.ha.mjʌn]
곳 같은데요,6,[kot̚.kat̚.ɯn.te.jo],[got̚.gat̚.ɯn.te.jo]
병원에 들어가,6,[pjʌŋ.wʌn.e.tɯl.ʌ.ka],[bjʌŋ.wʌn.e.dɯl.ʌ.ga]
한 거예요 왜,6,[haŋ.kʌ.je.jo.wɛ],[han.gʌ.je.jo.wɛ]
한 거예요 정말,6,[haŋ.kʌ.je.jo.tʃʌŋ.mal],[han.gʌ.je.jo.dʒʌŋ.mal]
한 거죠 그,6,[haŋ.kʌ.tʃjo.kɯ],[han.gʌ.dʒjo.gɯ]
병원에 몰래,6,[pjʌŋ.wʌn.e.mol.ɾɛ],[bjʌŋ.wʌn.e.mol.ɾɛ]
한 거지 하지만,6,[haŋ.kʌ.tʃi.ha.tʃi.man],[han.gʌ.dʒi.ha.dʒi.man]
한 거짓말은,6,[haŋ.kʌ.tʃit̚.mal.ɯn],[han.gʌ.dʒit̚.mal.ɯn]
감정이 아닙니다 사실이에요 그,6,[kan.tʃʌŋ.i.a.nip̚.ni.ta.sa.sil.i.e.jo.kɯ],[gan.tʃʌŋ.i.a.nip̚.ni.da.sa.sil.i.e.jo.gɯ]
한 건 내가 아니라,6,[haŋ.kʌn.nɛ.ka.a.ni.ɾa],[han.gʌn.nɛ.ga.a.ni.ɾa]
한 건 너였어,6,[haŋ.kʌn.nʌ.jʌt̚.ʌ],[han.gʌn.nʌ.jʌt̚.ʌ]
한 건 네가,6,[haŋ.kʌn.ne.ka],[han.gʌn.ne.ga]
병원에 왔다,6,[pjʌŋ.wʌn.e.wat̚.ta],[bjʌŋ.wʌn.e.wat̚.ta]
곳 그녀는,6,[kot̚.kɯ.njʌ.nɯn],[got̚.gɯ.njʌ.nɯn]
한 건 당신이었어요,6,[haŋ.kʌn.taŋ.sin.i.ʌt̚.ʌ.jo],[han.gʌn.daŋ.sin.i.ʌt̚.ʌ.jo]
부수라고 할까 생각했어 참,6,[pu.su.ɾa.ko.hal.k͈a.sɛŋ.kak̚.hɛt̚.ʌ.tʃʰam],[bu.su.ɾa.go.hal.k͈a.sɛŋ.gak̚.hɛt̚.ʌ.tʃʰam]
병원에 왔어요,6,[pjʌŋ.wʌn.e.wat̚.ʌ.jo],[bjʌŋ.wʌn.e.wat̚.ʌ.jo]
내 자리에서 때려 눕히고,6,[nɛ.tʃa.ɾi.e.sʌ.t͈ɛ.ɾjʌ.nup̚.hi.ko],[nɛ.dʒa.ɾi.e.sʌ.t͈ɛ.ɾjʌ.nup̚.hi.go]
내 자리에서 때려,6,[nɛ.tʃa.ɾi.e.sʌ.t͈ɛ.ɾjʌ],[nɛ.dʒa.ɾi.e.sʌ.t͈ɛ.ɾjʌ]
한 건 아녜요,6,[haŋ.kʌn.a.nje.jo],[han.gʌn.a.nje.jo]
한 건 아니고요,6,[haŋ.kʌn.a.ni.ko.jo],[han.gʌn.a.ni.go.jo]
한 건 사실이지만,6,[haŋ.kʌn.sa.sil.i.tʃi.man],[han.gʌn.sa.sil.i.dʒi.man]
I didn''t like,6,,
병원에 입원해야,6,[pjʌŋ.wʌn.e.ip̚.wʌn.hɛ.ja],[bjʌŋ.wʌn.e.ip̚.wʌn.hɛ.ja]
내 자리예요,6,[nɛ.tʃa.ɾi.je.jo],[nɛ.dʒa.ɾi.je.jo]
한 건 아니었어요,6,[haŋ.kʌn.a.ni.ʌt̚.ʌ.jo],[han.gʌn.a.ni.ʌt̚.ʌ.jo]
병원에 입원했어,6,[pjʌŋ.wʌn.e.ip̚.wʌn.hɛt̚.ʌ],[bjʌŋ.wʌn.e.ip̚.wʌn.hɛt̚.ʌ]
이렇게 좀 더 뭉클,6,[i.ɾʌt̚.ke.tʃon.tʌ.muŋ.kʰɯl],[i.ɾʌt̚.ke.dʒom.dʌ.muŋ.kʰɯl]
곳 그래,6,[kot̚.kɯ.ɾɛ],[got̚.gɯ.ɾɛ]
한 건 아닌지,6,[haŋ.kʌn.a.nin.tʃi],[han.gʌn.a.nin.tʃi]
병원에 있거든,6,[pjʌŋ.wʌn.e.it̚.kʌ.tɯn],[bjʌŋ.wʌn.e.it̚.kʌ.dɯn]
한 건 아무것도,6,[haŋ.kʌn.a.mu.kʌt̚.to],[han.gʌn.a.mu.gʌt̚.to]
한 건 아닐,6,[haŋ.kʌn.a.nil],[han.gʌn.a.nil]
병원에 있나요,6,[pjʌŋ.wʌn.e.it̚.na.jo],[bjʌŋ.wʌn.e.it̚.na.jo]
병원에 있는 모든,6,[pjʌŋ.wʌn.e.it̚.nɯn.mo.tɯn],[bjʌŋ.wʌn.e.it̚.nɯn.mo.dɯn]
한 건 잘,6,[haŋ.kʌn.tʃal],[han.gʌn.dʒal]
병원에 있는지,6,[pjʌŋ.wʌn.e.it̚.nɯn.tʃi],[bjʌŋ.wʌn.e.it̚.nɯn.tʃi]
한 건 할,6,[haŋ.kʌn.hal],[han.gʌn.hal]
한 건 했나,6,[haŋ.kʌn.hɛt̚.na],[han.gʌn.hɛt̚.na]
곳 그들이,6,[kot̚.kɯ.tɯl.i],[got̚.gɯ.dɯl.i]
한 건 했지,6,[haŋ.kʌn.hɛt̚.tʃi],[han.gʌn.hɛt̚.tʃi]
한 건지 알고,6,[haŋ.kʌn.tʃi.al.ko],[han.gʌn.tʃi.al.ko]
한 건지 잘,6,[haŋ.kʌn.tʃi.tʃal],[han.gʌn.tʃi.dʒal]
병원에 있었죠,6,[pjʌŋ.wʌn.e.it̚.ʌt̚.tʃjo],[bjʌŋ.wʌn.e.it̚.ʌt̚.tʃjo]
내 자식이나,6,[nɛ.tʃa.sik̚.i.na],[nɛ.dʒa.sik̚.i.na]
한 건진 모르겠지만,6,[haŋ.kʌn.tʃin.mo.ɾɯ.ket̚.tʃi.man],[han.gʌn.tʃin.mo.ɾɯ.get̚.tʃi.man]
한 걸 그대로,6,[haŋ.kʌl.kɯ.tɛ.ɾo],[han.gʌl.gɯ.dɛ.ɾo]
병원에 있을 거야,6,[pjʌŋ.wʌn.e.it̚.ɯl.kʌ.ja],[bjʌŋ.wʌn.e.it̚.ɯl.gʌ.ja]
부순 다음에,6,[pu.sun.ta.ɯm.e],[bu.sun.da.ɯm.e]
한 걸 알고 있었나,6,[haŋ.kʌl.al.ko.it̚.ʌt̚.na],[han.gʌl.al.ko.it̚.ʌt̚.na]
혼자 잘해,6,[hon.tʃa.tʃal.hɛ],[hon.tʃa.dʒal.hɛ]
한 걸 알아요,6,[haŋ.kʌl.al.a.jo],[han.gʌl.al.a.jo]
한 걸 지금,6,[haŋ.kʌl.tʃi.kɯm],[han.gʌl.dʒi.gɯm]
감정이 없는데,6,[kan.tʃʌŋ.i.ʌp̚.nɯn.te],[gan.tʃʌŋ.i.ʌp̚.nɯn.te]
병원에 전화,6,[pjʌŋ.wʌn.e.tʃʌn.hwa],[bjʌŋ.wʌn.e.dʒʌn.hwa]
혼자 저,6,[hon.tʃa.tʃʌ],[hon.tʃa.dʒʌ]
병원에 전화를,6,[pjʌŋ.wʌn.e.tʃʌn.hwa.ɾɯl],[bjʌŋ.wʌn.e.dʒʌn.hwa.ɾɯl]
piece of me,6,,
내 자식인데,6,[nɛ.tʃa.sik̚.in.te],[nɛ.dʒa.sik̚.in.te]
내 자신과 내,6,[nɛ.tʃa.siŋ.kwa.nɛ],[nɛ.dʒa.siŋ.kwa.nɛ]
한 걸음만 더 가면,6,[haŋ.kʌl.ɯm.man.tʌ.ka.mjʌn],[han.gʌl.ɯm.man.dʌ.ga.mjʌn]
병원에는 안 가,6,[pjʌŋ.wʌn.e.nɯn.aŋ.ka],[bjʌŋ.wʌn.e.nɯn.an.ga]
한 걸음이,6,[haŋ.kʌl.ɯm.i],[han.gʌl.ɯm.i]
내 자신만,6,[nɛ.tʃa.sin.man],[nɛ.dʒa.sin.man]
혼자 지내면,6,[hon.tʃa.tʃi.nɛ.mjʌn],[hon.tʃa.dʒi.nɛ.mjʌn]
병원에서 그런,6,[pjʌŋ.wʌn.e.sʌ.kɯ.ɾʌn],[bjʌŋ.wʌn.e.sʌ.gɯ.ɾʌn]
병원에서 널,6,[pjʌŋ.wʌn.e.sʌ.nʌl],[bjʌŋ.wʌn.e.sʌ.nʌl]
병원에서 만난,6,[pjʌŋ.wʌn.e.sʌ.man.nan],[bjʌŋ.wʌn.e.sʌ.man.nan]
한 것 같지만,6,[haŋ.kʌt̚.kat̚.tʃi.man],[han.gʌt̚.gat̚.tʃi.man]
병원에서 무슨,6,[pjʌŋ.wʌn.e.sʌ.mu.sɯn],[bjʌŋ.wʌn.e.sʌ.mu.sɯn]
한 것 같진,6,[haŋ.kʌt̚.kat̚.tʃin],[han.gʌt̚.gat̚.tʃin]
병원에서 본,6,[pjʌŋ.wʌn.e.sʌ.pon],[bjʌŋ.wʌn.e.sʌ.bon]
병원에서 보자고,6,[pjʌŋ.wʌn.e.sʌ.po.tʃa.ko],[bjʌŋ.wʌn.e.sʌ.bo.dʒa.go]
내 자신을 가질,6,[nɛ.tʃa.sin.ɯl.ka.tʃil],[nɛ.dʒa.sin.ɯl.ga.dʒil]
한 것과 같은,6,[haŋ.kʌt̚.kwa.kat̚.ɯn],[han.gʌt̚.kwa.gat̚.ɯn]
한 것까지,6,[haŋ.kʌt̚.k͈a.tʃi],[han.gʌt̚.k͈a.dʒi]
한 것도 미안해요,6,[haŋ.kʌt̚.to.mi.an.hɛ.jo],[han.gʌt̚.to.mi.an.hɛ.jo]
감정이 없어요,6,[kan.tʃʌŋ.i.ʌp̚.ʌ.jo],[gan.tʃʌŋ.i.ʌp̚.ʌ.jo]
한 것도 없어요,6,[haŋ.kʌt̚.to.ʌp̚.ʌ.jo],[han.gʌt̚.to.ʌp̚.ʌ.jo]
혼자 하는 거,6,[hon.tʃa.ha.nɯŋ.kʌ],[hon.tʃa.ha.nɯn.gʌ]
병원에서 이,6,[pjʌŋ.wʌn.e.sʌ.i],[bjʌŋ.wʌn.e.sʌ.i]
곳 더 칠,6,[kot̚.tʌ.tʃʰil],[got̚.dʌ.tʃʰil]
내 자신을 보호할,6,[nɛ.tʃa.sin.ɯl.po.ho.hal],[nɛ.dʒa.sin.ɯl.bo.ho.hal]
곳 더 칠 수,6,[kot̚.tʌ.tʃʰil.su],[got̚.dʌ.tʃʰil.su]
병원에서 잘,6,[pjʌŋ.wʌn.e.sʌ.tʃal],[bjʌŋ.wʌn.e.sʌ.dʒal]
내가 아주 중요한,6,[nɛ.ka.a.tʃu.tʃuŋ.jo.han],[nɛ.ga.a.dʒu.dʒuŋ.jo.han]
병원에서 전화,6,[pjʌŋ.wʌn.e.sʌ.tʃʌn.hwa],[bjʌŋ.wʌn.e.sʌ.dʒʌn.hwa]
병원에서 전화가,6,[pjʌŋ.wʌn.e.sʌ.tʃʌn.hwa.ka],[bjʌŋ.wʌn.e.sʌ.dʒʌn.hwa.ga]
병원에서 제일,6,[pjʌŋ.wʌn.e.sʌ.tʃe.il],[bjʌŋ.wʌn.e.sʌ.dʒe.il]
한 것을 축하드립니다 바엘로르,6,[haŋ.kʌt̚.ɯl.tʃʰuk̚.ha.tɯ.ɾip̚.ni.ta.pa.el.ɾo.ɾɯ],[han.gʌt̚.ɯl.tʃʰuk̚.ha.dɯ.ɾip̚.ni.da.ba.el.ɾo.ɾɯ]
한 것을 축하드립니다,6,[haŋ.kʌt̚.ɯl.tʃʰuk̚.ha.tɯ.ɾip̚.ni.ta],[han.gʌt̚.ɯl.tʃʰuk̚.ha.dɯ.ɾip̚.ni.da]
한 것인가,6,[haŋ.kʌt̚.iŋ.ka],[han.gʌt̚.iŋ.ka]
한 것인지,6,[haŋ.kʌt̚.in.tʃi],[han.gʌt̚.in.tʃi]
병원엔 못,6,[pjʌŋ.wʌn.en.mot̚],[bjʌŋ.wʌn.en.mot̚]
내 자신을 증명할 수있는,6,[nɛ.tʃa.sin.ɯl.tʃɯŋ.mjʌŋ.hal.su.it̚.nɯn],[nɛ.dʒa.sin.ɯl.dʒɯŋ.mjʌŋ.hal.su.it̚.nɯn]
병원으로 가야 해요,6,[pjʌŋ.wʌn.ɯ.ɾo.ka.ja.hɛ.jo],[bjʌŋ.wʌn.ɯ.ɾo.ga.ja.hɛ.jo]
한 게 바로,6,[haŋ.ke.pa.ɾo],[han.ge.ba.ɾo]
한 게 아냐 내가,6,[haŋ.ke.a.nja.nɛ.ka],[han.ge.a.nja.nɛ.ga]
한 게 분명해요,6,[haŋ.ke.pun.mjʌŋ.hɛ.jo],[han.ge.bun.mjʌŋ.hɛ.jo]
한 게 뭔지,6,[haŋ.ke.mwʌn.tʃi],[han.ge.mwʌn.tʃi]
병원으로 간다,6,[pjʌŋ.wʌn.ɯ.ɾo.kan.ta],[bjʌŋ.wʌn.ɯ.ɾo.gan.ta]
한 게 아니면,6,[haŋ.ke.a.ni.mjʌn],[han.ge.a.ni.mjʌn]
한 게 아니야 내가,6,[haŋ.ke.a.ni.ja.nɛ.ka],[han.ge.a.ni.ja.nɛ.ga]
한 게 아니야 난,6,[haŋ.ke.a.ni.ja.nan],[han.ge.a.ni.ja.nan]
병원으로 데려가요,6,[pjʌŋ.wʌn.ɯ.ɾo.te.ɾjʌ.ka.jo],[bjʌŋ.wʌn.ɯ.ɾo.de.ɾjʌ.ga.jo]
곳 맞지,6,[kot̚.mat̚.tʃi],[got̚.mat̚.tʃi]
병원으로 데려가지,6,[pjʌŋ.wʌn.ɯ.ɾo.te.ɾjʌ.ka.tʃi],[bjʌŋ.wʌn.ɯ.ɾo.de.ɾjʌ.ga.dʒi]
한 게 아무것도,6,[haŋ.ke.a.mu.kʌt̚.to],[han.ge.a.mu.gʌt̚.to]
병원으로 보내,6,[pjʌŋ.wʌn.ɯ.ɾo.po.nɛ],[bjʌŋ.wʌn.ɯ.ɾo.bo.nɛ]
한 게 있나요,6,[haŋ.ke.it̚.na.jo],[han.ge.it̚.na.jo]
한 게 있나,6,[haŋ.ke.it̚.na],[han.ge.it̚.na]
감정이 있다,6,[kan.tʃʌŋ.i.it̚.ta],[gan.tʃʌŋ.i.it̚.ta]
병원으로 옮기자,6,[pjʌŋ.wʌn.ɯ.ɾo.om.ki.tʃa],[bjʌŋ.wʌn.ɯ.ɾo.om.ki.dʒa]
한 결정은,6,[haŋ.kjʌl.tʃʌŋ.ɯn],[han.gjʌl.tʃʌŋ.ɯn]
병원으로 옮겨야 해,6,[pjʌŋ.wʌn.ɯ.ɾo.om.kjʌ.ja.hɛ],[bjʌŋ.wʌn.ɯ.ɾo.om.kjʌ.ja.hɛ]
한 겹 더,6,[haŋ.kjʌp̚.tʌ],[han.gjʌp̚.dʌ]
감정이 있다는 걸,6,[kan.tʃʌŋ.i.it̚.ta.nɯŋ.kʌl],[gan.tʃʌŋ.i.it̚.ta.nɯn.gʌl]
한 경기에서,6,[haŋ.kjʌŋ.ki.e.sʌ],[han.gjʌŋ.gi.e.sʌ]
한 경찰,6,[haŋ.kjʌŋ.tʃʰal],[han.gjʌŋ.tʃʰal]
부스럭 챙긴다,6,[pu.sɯ.ɾʌk̚.tʃʰɛŋ.kin.ta],[bu.sɯ.ɾʌk̚.tʃʰɛŋ.gin.ta]
한 계단,6,[haŋ.kje.tan],[han.gje.dan]
혼자가 되지,6,[hon.tʃa.ka.twe.tʃi],[hon.tʃa.ga.dwe.dʒi]
한 계획을,6,[haŋ.kje.hwek̚.ɯl],[han.gje.hwek̚.ɯl]
병원은 안 돼요,6,[pjʌŋ.wʌn.ɯn.an.twɛ.jo],[bjʌŋ.wʌn.ɯn.an.dwɛ.jo]
한 곡 해,6,[haŋ.kok̚.hɛ],[han.gok̚.hɛ]
내 작업복,6,[nɛ.tʃak̚.ʌp̚.pok̚],[nɛ.dʒak̚.ʌp̚.pok̚]
부식되고 있어 전부 사본을,6,[pu.sik̚.twe.ko.it̚.ʌ.tʃʌm.pu.sa.pon.ɯl],[bu.sik̚.twe.go.it̚.ʌ.dʒʌm.pu.sa.bon.ɯl]
한 곡을 들려줬으면,6,[haŋ.kok̚.ɯl.tɯl.ɾjʌ.tʃwʌt̚.ɯ.mjʌn],[han.gok̚.ɯl.dɯl.ɾjʌ.dʒwʌt̚.ɯ.mjʌn]
한 곡이,6,[haŋ.kok̚.i],[han.gok̚.i]
한 곡을 들려줬으면 해서요,6,[haŋ.kok̚.ɯl.tɯl.ɾjʌ.tʃwʌt̚.ɯ.mjʌn.hɛ.sʌ.jo],[han.gok̚.ɯl.dɯl.ɾjʌ.dʒwʌt̚.ɯ.mjʌn.hɛ.sʌ.jo]
병원의 그,6,[pjʌŋ.wʌn.ɯi.kɯ],[bjʌŋ.wʌn.ɯi.gɯ]
병원을 위해,6,[pjʌŋ.wʌn.ɯl.wi.hɛ],[bjʌŋ.wʌn.ɯl.wi.hɛ]
혼자가 아니네요,6,[hon.tʃa.ka.a.ni.ne.jo],[hon.tʃa.ga.a.ni.ne.jo]
pinball wizard,6,,
곳 보여,6,[kot̚.po.jʌ],[got̚.bo.jʌ]
부식되고 있어,6,[pu.sik̚.twe.ko.it̚.ʌ],[bu.sik̚.twe.go.it̚.ʌ]
혼자가 아니니까요,6,[hon.tʃa.ka.a.ni.ni.k͈a.jo],[hon.tʃa.ga.a.ni.ni.k͈a.jo]
병으로 죽거나,6,[pjʌŋ.ɯ.ɾo.tʃuk̚.kʌ.na],[bjʌŋ.ɯ.ɾo.dʒuk̚.kʌ.na]
병으로 죽거나 그 전에,6,[pjʌŋ.ɯ.ɾo.tʃuk̚.kʌ.na.kɯ.tʃʌn.e],[bjʌŋ.ɯ.ɾo.dʒuk̚.kʌ.na.gɯ.dʒʌn.e]
병으로 죽거나 그,6,[pjʌŋ.ɯ.ɾo.tʃuk̚.kʌ.na.kɯ],[bjʌŋ.ɯ.ɾo.dʒuk̚.kʌ.na.gɯ]
한 곳이에요,6,[haŋ.kot̚.i.e.jo],[han.got̚.i.e.jo]
한 공간에서,6,[haŋ.koŋ.kan.e.sʌ],[han.goŋ.gan.e.sʌ]
병으로 죽었어요,6,[pjʌŋ.ɯ.ɾo.tʃuk̚.ʌt̚.ʌ.jo],[bjʌŋ.ɯ.ɾo.dʒuk̚.ʌt̚.ʌ.jo]
내 작은 친구,6,[nɛ.tʃak̚.ɯn.tʃʰiŋ.ku],[nɛ.dʒak̚.ɯn.tʃʰiŋ.ku]
혼자가 될 거야,6,[hon.tʃa.ka.twel.kʌ.ja],[hon.tʃa.ga.dwel.gʌ.ja]
한 공간을,6,[haŋ.koŋ.kan.ɯl],[han.goŋ.gan.ɯl]
병은 내가,6,[pjʌŋ.ɯn.nɛ.ka],[bjʌŋ.ɯn.nɛ.ga]
내 작전에,6,[nɛ.tʃak̚.tʃʌn.e],[nɛ.dʒak̚.tʃʌn.e]
한 교수가,6,[haŋ.kjo.su.ka],[han.gjo.su.ga]
병을 낫게,6,[pjʌŋ.ɯl.lat̚.ke],[bjʌŋ.ɯl.lat̚.ke]
내 잔,6,[nɛ.tʃan],[nɛ.dʒan]
한 권도 안,6,[haŋ.kwʌn.to.an],[han.gwʌn.to.an]
혼자가 아닌 걸,6,[hon.tʃa.ka.a.niŋ.kʌl],[hon.tʃa.ga.a.nin.gʌl]
한 권씩,6,[haŋ.kwʌn.s͈ik̚],[han.gwʌn.s͈ik̚]
pilots and,6,,
한 그런 일은,6,[haŋ.kɯ.ɾʌn.il.ɯn],[han.gɯ.ɾʌn.il.ɯn]
한 그렇지,6,[haŋ.kɯ.ɾʌt̚.tʃi],[han.gɯ.ɾʌt̚.tʃi]
한 그룹,6,[haŋ.kɯ.ɾup̚],[han.gɯ.ɾup̚]
병이 두,6,[pjʌŋ.i.tu],[bjʌŋ.i.du]
내 잘못에,6,[nɛ.tʃal.mot̚.e],[nɛ.dʒal.mot̚.e]
혼자라고 느끼지,6,[hon.tʃa.ɾa.ko.nɯ.k͈i.tʃi],[hon.tʃa.ɾa.go.nɯ.k͈i.dʒi]
한 글자가,6,[haŋ.kɯl.tʃa.ka],[han.gɯl.tʃa.ga]
한 기억은,6,[haŋ.ki.ʌk̚.ɯn],[han.gi.ʌk̚.ɯn]
한 기술,6,[haŋ.ki.sul],[han.gi.sul]
한 김에,6,[haŋ.kim.e],[han.gim.e]
한 길로,6,[haŋ.kil.ɾo],[han.gil.ɾo]
한 끝까지 그리할 것이오,6,[haŋ.k͈ɯt̚.k͈a.tʃi.kɯ.ɾi.hal.kʌt̚.i.o],[haŋ.k͈ɯt̚.k͈a.dʒi.gɯ.ɾi.hal.gʌt̚.i.o]
한 끝까지 그리할,6,[haŋ.k͈ɯt̚.k͈a.tʃi.kɯ.ɾi.hal],[haŋ.k͈ɯt̚.k͈a.dʒi.gɯ.ɾi.hal]
내 잘못은 아냐,6,[nɛ.tʃal.mot̚.ɯn.a.nja],[nɛ.dʒal.mot̚.ɯn.a.nja]
이렇게 하는 게 아니야,6,[i.ɾʌt̚.ke.ha.nɯŋ.ke.a.ni.ja],[i.ɾʌt̚.ke.ha.nɯn.ge.a.ni.ja]
똥줄 빠지게,6,[t͈oŋ.tʃul.p͈a.tʃi.ke],[t͈oŋ.dʒul.p͈a.dʒi.ge]
Boat One,6,,
곳 알지,6,[kot̚.al.tʃi],[got̚.al.tʃi]
혼자만의 생각이야,6,[hon.tʃa.man.ɯi.sɛŋ.kak̚.i.ja],[hon.tʃa.man.ɯi.sɛŋ.gak̚.i.ja]
한 나라에서,6,[han.na.ɾa.e.sʌ],[han.na.ɾa.e.sʌ]
병합 구분,6,[pjʌŋ.hap̚.ku.pun],[bjʌŋ.hap̚.gu.bun]
병합 구분 라인 by,6,[pjʌŋ.hap̚.ku.pul.la.in],[bjʌŋ.hap̚.gu.bul.la.in]
한 남자가 내게,6,[han.nan.tʃa.ka.nɛ.ke],[han.nan.tʃa.ga.nɛ.ge]
한 남자가 내,6,[han.nan.tʃa.ka.nɛ],[han.nan.tʃa.ga.nɛ]
병합 구분 라인,6,[pjʌŋ.hap̚.ku.pul.la.in],[bjʌŋ.hap̚.gu.bul.la.in]
병합 병합입니다,6,[pjʌŋ.hap̚.pjʌŋ.hap̚.ip̚.ni.ta],[bjʌŋ.hap̚.bjʌŋ.hap̚.ip̚.ni.da]
보 가위,6,[po.ka.wi],[bo.ga.wi]
감정이 중요한 겁니까,6,[kan.tʃʌŋ.i.tʃuŋ.jo.haŋ.kʌp̚.ni.k͈a],[gan.tʃʌŋ.i.dʒuŋ.jo.han.gʌp̚.ni.k͈a]
한 남자가 있었어요,6,[han.nan.tʃa.ka.it̚.ʌt̚.ʌ.jo],[han.nan.tʃa.ga.it̚.ʌt̚.ʌ.jo]
볕 들,6,[pjʌt̚.tɯl],[bjʌt̚.dɯl]
감정이 판단을 흐리게,6,[kan.tʃʌŋ.i.pʰan.tan.ɯl.hɯ.ɾi.ke],[gan.tʃʌŋ.i.pʰan.tan.ɯl.hɯ.ɾi.ge]
한 남자도,6,[han.nan.tʃa.to],[han.nan.tʃa.do]
보 랜돌프가,6,[po.ɾɛn.tol.pʰɯ.ka],[bo.ɾɛn.tol.pʰɯ.ga]
한 남자들 중 하나야,6,[han.nan.tʃa.tɯl.tʃuŋ.ha.na.ja],[han.nan.tʃa.dɯl.dʒuŋ.ha.na.ja]
한 남자들 중,6,[han.nan.tʃa.tɯl.tʃuŋ],[han.nan.tʃa.dɯl.dʒuŋ]
한 남자로,6,[han.nan.tʃa.ɾo],[han.nan.tʃa.ɾo]
내 잘못이 아니야 난,6,[nɛ.tʃal.mot̚.i.a.ni.ja.nan],[nɛ.dʒal.mot̚.i.a.ni.ja.nan]
보 여,6,[po.jʌ],[bo.jʌ]
한 남자에 관한,6,[han.nan.tʃa.e.kwan.han],[han.nan.tʃa.e.gwan.han]
보 존스의,6,[po.tʃon.sɯ.ɯi],[bo.dʒon.sɯ.ɯi]
내 잘못이 아니야 내,6,[nɛ.tʃal.mot̚.i.a.ni.ja.nɛ],[nɛ.dʒal.mot̚.i.a.ni.ja.nɛ]
감정이 풍부한,6,[kan.tʃʌŋ.i.pʰum.pu.han],[gan.tʃʌŋ.i.pʰuŋ.bu.han]
보거라 게,6,[po.kʌ.ɾa.ke],[bo.gʌ.ɾa.ge]
내 잘못이겠지,6,[nɛ.tʃal.mot̚.i.ket̚.tʃi],[nɛ.dʒal.mot̚.i.get̚.tʃi]
보거라 게 아무도 없느냐,6,[po.kʌ.ɾa.ke.a.mu.to.ʌp̚.nɯ.nja],[bo.gʌ.ɾa.ge.a.mu.do.ʌp̚.nɯ.nja]
보거라 게 아무도,6,[po.kʌ.ɾa.ke.a.mu.to],[bo.gʌ.ɾa.ge.a.mu.do]
한 놀라운 직업에,6,[han.nol.ɾa.un.tʃik̚.ʌp̚.e],[han.nol.ɾa.un.dʒik̚.ʌp̚.e]
한 노인이,6,[han.no.in.i],[han.no.in.i]
한 놀라운 직업에 대해,6,[han.nol.ɾa.un.tʃik̚.ʌp̚.e.tɛ.hɛ],[han.nol.ɾa.un.dʒik̚.ʌp̚.e.dɛ.hɛ]
보거라 내,6,[po.kʌ.ɾa.nɛ],[bo.gʌ.ɾa.nɛ]
혼자서 하고,6,[hon.tʃa.sʌ.ha.ko],[hon.tʃa.sʌ.ha.go]
내 잘못이네요,6,[nɛ.tʃal.mot̚.i.ne.jo],[nɛ.dʒal.mot̚.i.ne.jo]
내 잘못이기도,6,[nɛ.tʃal.mot̚.i.ki.to],[nɛ.dʒal.mot̚.i.gi.do]
혼자서는 다,6,[hon.tʃa.sʌ.nɯn.ta],[hon.tʃa.sʌ.nɯn.da]
한 놈들은,6,[han.non.tɯl.ɯn],[han.non.tɯl.ɯn]
한 놈의,6,[han.nom.ɯi],[han.nom.ɯi]
한 놈이 내,6,[han.nom.i.nɛ],[han.nom.i.nɛ]
보게 놔둬,6,[po.ke.nwa.twʌ],[bo.ge.nwa.dwʌ]
내 잘못이다 내가,6,[nɛ.tʃal.mot̚.i.ta.nɛ.ka],[nɛ.dʒal.mot̚.i.da.nɛ.ga]
한 놈한테,6,[han.nom.han.tʰe],[han.nom.han.tʰe]
pissed off,6,,
한 눈 팔지,6,[han.num.pʰal.tʃi],[han.num.pʰal.tʃi]
한 누군가,6,[han.nu.kuŋ.ka],[han.nu.guŋ.ka]
혼자서는 아무것도 못,6,[hon.tʃa.sʌ.nɯn.a.mu.kʌt̚.to.mot̚],[hon.tʃa.sʌ.nɯn.a.mu.gʌt̚.to.mot̚]
혼자서는 못해요,6,[hon.tʃa.sʌ.nɯn.mot̚.hɛ.jo],[hon.tʃa.sʌ.nɯn.mot̚.hɛ.jo]
한 다시,6,[han.ta.si],[han.da.si]
혼자서는 절대,6,[hon.tʃa.sʌ.nɯn.tʃʌl.tɛ],[hon.tʃa.sʌ.nɯn.dʒʌl.tɛ]
보게 됐잖아,6,[po.ke.twɛt̚.tʃan.a],[bo.ge.dwɛt̚.tʃan.a]
한 단계만,6,[han.taŋ.kje.man],[han.daŋ.kje.man]
내 잘못이란 거야,6,[nɛ.tʃal.mot̚.i.ɾaŋ.kʌ.ja],[nɛ.dʒal.mot̚.i.ɾan.gʌ.ja]
한 단어가,6,[han.tan.ʌ.ka],[han.dan.ʌ.ga]
보게 되기,6,[po.ke.twe.ki],[bo.ge.dwe.gi]
한 달 내로,6,[han.tal.lɛ.ɾo],[han.dal.lɛ.ɾo]
한 달 간격으로,6,[han.tal.kaŋ.kjʌk̚.ɯ.ɾo],[han.dal.gaŋ.kjʌk̚.ɯ.ɾo]
한 달 됐는데,6,[han.tal.twɛt̚.nɯn.te],[han.dal.dwɛt̚.nɯn.te]
한 달 된,6,[han.tal.twen],[han.dal.dwen]
보게 되는구나,6,[po.ke.twe.nɯŋ.ku.na],[bo.ge.dwe.nɯŋ.ku.na]
보게 되는데,6,[po.ke.twe.nɯn.te],[bo.ge.dwe.nɯn.te]
혼자서도 잘해요,6,[hon.tʃa.sʌ.to.tʃal.hɛ.jo],[hon.tʃa.sʌ.do.dʒal.hɛ.jo]
보게 되니 좋네요,6,[po.ke.twe.ni.tʃot̚.ne.jo],[bo.ge.dwe.ni.dʒot̚.ne.jo]
보게 되면 사람고기,6,[po.ke.twe.mjʌn.sa.ɾam.ko.ki],[bo.ge.dwe.mjʌn.sa.ɾam.ko.gi]
한 달 정도요,6,[han.tal.tʃʌŋ.to.jo],[han.dal.dʒʌŋ.do.jo]
보게 되면 사람고기 맛을,6,[po.ke.twe.mjʌn.sa.ɾam.ko.ki.mat̚.ɯl],[bo.ge.dwe.mjʌn.sa.ɾam.ko.gi.mat̚.ɯl]
한 달 쯤,6,[han.tal.tʃ͈ɯm],[han.dal.tʃ͈ɯm]
보게 되어 있어요,6,[po.ke.twe.ʌ.it̚.ʌ.jo],[bo.ge.dwe.ʌ.it̚.ʌ.jo]
내 잘못이야 넌,6,[nɛ.tʃal.mot̚.i.ja.nʌn],[nɛ.dʒal.mot̚.i.ja.nʌn]
한 달만 더,6,[han.tal.man.tʌ],[han.dal.man.dʌ]
보게 되잖아,6,[po.ke.twe.tʃan.a],[bo.ge.dwe.dʒan.a]
곳 저,6,[kot̚.tʃʌ],[got̚.dʒʌ]
내 잘못이야 아니,6,[nɛ.tʃal.mot̚.i.ja.a.ni],[nɛ.dʒal.mot̚.i.ja.a.ni]
한 달에 세,6,[han.tal.e.se],[han.dal.e.se]
혼자이고 싶지,6,[hon.tʃa.i.ko.sip̚.tʃi],[hon.tʃa.i.go.sip̚.tʃi]
곳 전체가,6,[kot̚.tʃʌn.tʃʰe.ka],[got̚.dʒʌn.tʃʰe.ga]
보게 될 거라는,6,[po.ke.twel.kʌ.ɾa.nɯn],[bo.ge.dwel.gʌ.ɾa.nɯn]
부유할 때나 가난할 때나,6,[pu.ju.hal.t͈ɛ.na.ka.nan.hal.t͈ɛ.na],[bu.ju.hal.t͈ɛ.na.ga.nan.hal.t͈ɛ.na]
내가 안 할 짓은,6,[nɛ.ka.an.hal.tʃit̚.ɯn],[nɛ.ga.an.hal.dʒit̚.ɯn]
한 달이요,6,[han.tal.i.jo],[han.dal.i.jo]
곳 전체를지었습니다,6,[kot̚.tʃʌn.tʃʰe.ɾɯl.tʃi.ʌt̚.sɯp̚.ni.ta],[got̚.dʒʌn.tʃʰe.ɾɯl.tʃi.ʌt̚.sɯp̚.ni.da]
보게 될 거야 내가,6,[po.ke.twel.kʌ.ja.nɛ.ka],[bo.ge.dwel.gʌ.ja.nɛ.ga]
한 당신이,6,[han.taŋ.sin.i],[han.daŋ.sin.i]
한 대 맞는,6,[han.tɛ.mat̚.nɯn],[han.dɛ.mat̚.nɯn]
혼전 계약서에,6,[hon.tʃʌŋ.kje.jak̚.sʌ.e],[hon.tʃʌn.gje.jak̚.sʌ.e]
한 대 맞아야 정신,6,[han.tɛ.mat̚.a.ja.tʃʌŋ.sin],[han.dɛ.mat̚.a.ja.dʒʌŋ.sin]
보게 될 건,6,[po.ke.twel.kʌn],[bo.ge.dwel.gʌn]
보게 될 것이오,6,[po.ke.twel.kʌt̚.i.o],[bo.ge.dwel.gʌt̚.i.o]
보게 될 수도,6,[po.ke.twel.su.to],[bo.ge.dwel.su.do]
내 잘못이지 내가,6,[nɛ.tʃal.mot̚.i.tʃi.nɛ.ka],[nɛ.dʒal.mot̚.i.dʒi.nɛ.ga]
한 대 피고,6,[han.tɛ.pʰi.ko],[han.dɛ.pʰi.go]
곳 중 한,6,[kot̚.tʃuŋ.han],[got̚.dʒuŋ.han]
한 대 피워도 돼요,6,[han.tɛ.pʰi.wʌ.to.twɛ.jo],[han.dɛ.pʰi.wʌ.do.dwɛ.jo]
한 대가 더,6,[han.tɛ.ka.tʌ],[han.dɛ.ga.dʌ]
한 대가를,6,[han.tɛ.ka.ɾɯl],[han.dɛ.ga.ɾɯl]
한 대가로,6,[han.tɛ.ka.ɾo],[han.dɛ.ga.ɾo]
Bohr에 대해,6,[e.tɛ.hɛ],[e.dɛ.hɛ]
한 대와,6,[han.tɛ.wa],[han.dɛ.wa]
한 대화는,6,[han.tɛ.hwa.nɯn],[han.dɛ.hwa.nɯn]
곳 찾아서,6,[kot̚.tʃʰat̚.a.sʌ],[got̚.tʃʰat̚.a.sʌ]
보게 만든,6,[po.ke.man.tɯn],[bo.ge.man.tɯn]
한 덕에,6,[han.tʌk̚.e],[han.dʌk̚.e]
한 덩어리로,6,[han.tʌŋ.ʌ.ɾi.ɾo],[han.dʌŋ.ʌ.ɾi.ɾo]
한 도시에,6,[han.to.si.e],[han.do.si.e]
한 도시의,6,[han.to.si.ɯi],[han.do.si.ɯi]
보게 생겼어,6,[po.ke.sɛŋ.kjʌt̚.ʌ],[bo.ge.sɛŋ.gjʌt̚.ʌ]
보게 뭘,6,[po.ke.mwʌl],[bo.ge.mwʌl]
보게 이걸,6,[po.ke.i.kʌl],[bo.ge.i.gʌl]
한 두 가지,6,[han.tu.ka.tʃi],[han.du.ga.dʒi]
보게 아주,6,[po.ke.a.tʃu],[bo.ge.a.dʒu]
한 두개가,6,[han.tu.kɛ.ka],[han.du.gɛ.ga]
보게 이게,6,[po.ke.i.ke],[bo.ge.i.ge]
한 둘,6,[han.tul],[han.dul]
보게 좀,6,[po.ke.tʃom],[bo.ge.dʒom]
보게 제,6,[po.ke.tʃe],[bo.ge.dʒe]
곳 한,6,[kot̚.han],[got̚.han]
홀딱 빠져,6,[hol.t͈ak̚.p͈a.tʃjʌ],[hol.t͈ak̚.p͈a.dʒjʌ]
보게 진짜,6,[po.ke.tʃin.tʃ͈a],[bo.ge.dʒin.tʃ͈a]
내 장갑을,6,[nɛ.tʃaŋ.kap̚.ɯl],[nɛ.dʒaŋ.gap̚.ɯl]
한 때를,6,[han.t͈ɛ.ɾɯl],[han.t͈ɛ.ɾɯl]
감정적이지 않아,6,[kan.tʃʌŋ.tʃʌk̚.i.tʃi.an.a],[gan.tʃʌŋ.dʒʌk̚.i.dʒi.an.a]
한 마담,6,[han.ma.tam],[han.ma.dam]
내 장기,6,[nɛ.tʃaŋ.ki],[nɛ.dʒaŋ.gi]
한 마당에,6,[han.ma.taŋ.e],[han.ma.daŋ.e]
한 마디 하고,6,[han.ma.ti.ha.ko],[han.ma.di.ha.go]
한 마디 해도,6,[han.ma.ti.hɛ.to],[han.ma.di.hɛ.do]
내가 안된다고,6,[nɛ.ka.an.twen.ta.ko],[nɛ.ga.an.twen.ta.go]
한 마디도 나가지 않을텐데,6,[han.ma.ti.to.na.ka.tʃi.an.ɯl.tʰen.te],[han.ma.di.do.na.ga.dʒi.an.ɯl.tʰen.te]
한 마디도 나가지,6,[han.ma.ti.to.na.ka.tʃi],[han.ma.di.do.na.ga.dʒi]
보게 해 달라고,6,[po.ke.hɛ.tal.ɾa.ko],[bo.ge.hɛ.dal.ɾa.go]
한 마디도하지,6,[han.ma.ti.to.ha.tʃi],[han.ma.di.do.ha.dʒi]
곳과 다른,6,[kot̚.kwa.ta.ɾɯn],[got̚.kwa.da.ɾɯn]
부인 그런,6,[pu.iŋ.kɯ.ɾʌn],[bu.in.gɯ.ɾʌn]
홀로 설,6,[hol.ɾo.sʌl],[hol.ɾo.sʌl]
내 장래,6,[nɛ.tʃaŋ.ɾɛ],[nɛ.dʒaŋ.ɾɛ]
내 장미,6,[nɛ.tʃaŋ.mi],[nɛ.dʒaŋ.mi]
한 마디만 해도,6,[han.ma.ti.man.hɛ.to],[han.ma.di.man.hɛ.do]
홀로 죽으러 가지,6,[hol.ɾo.tʃuk̚.ɯ.ɾʌ.ka.tʃi],[hol.ɾo.dʒuk̚.ɯ.ɾʌ.ga.dʒi]
한 마리 있어요,6,[han.ma.ɾi.it̚.ʌ.jo],[han.ma.ɾi.it̚.ʌ.jo]
홀로 태어나,6,[hol.ɾo.tʰɛ.ʌ.na],[hol.ɾo.tʰɛ.ʌ.na]
보겔 박사는,6,[po.kel.pak̚.sa.nɯn],[bo.gel.bak̚.sa.nɯn]
한 마지막 말이,6,[han.ma.tʃi.mak̚.mal.i],[han.ma.dʒi.mak̚.mal.i]
감지 침입자는,6,[kan.tʃi.tʃʰim.ip̚.tʃa.nɯn],[gan.tʃi.tʃʰim.ip̚.tʃa.nɯn]
내가 안으로,6,[nɛ.ka.an.ɯ.ɾo],[nɛ.ga.an.ɯ.ɾo]
홀린 거,6,[hol.ɾiŋ.kʌ],[hol.ɾin.gʌ]
한 말 다시,6,[han.mal.ta.si],[han.mal.da.si]
한 말 들었니,6,[han.mal.tɯl.ʌt̚.ni],[han.mal.dɯl.ʌt̚.ni]
한 말 때문에요,6,[han.mal.t͈ɛ.mun.e.jo],[han.mal.t͈ɛ.mun.e.jo]
보겠습니다 그래,6,[po.ket̚.sɯp̚.ni.ta.kɯ.ɾɛ],[bo.get̚.sɯp̚.ni.da.gɯ.ɾɛ]
한 말 명심해,6,[han.mal.mjʌŋ.sim.hɛ],[han.mal.mjʌŋ.sim.hɛ]
한 말 생각해 봤는데,6,[han.mal.sɛŋ.kak̚.hɛ.pwat̚.nɯn.te],[han.mal.sɛŋ.gak̚.hɛ.bwat̚.nɯn.te]
한 말 생각해봤어요,6,[han.mal.sɛŋ.kak̚.hɛ.pwat̚.ʌ.jo],[han.mal.sɛŋ.gak̚.hɛ.bwat̚.ʌ.jo]
한 말 전부,6,[han.mal.tʃʌm.pu],[han.mal.dʒʌm.pu]
홀로 가서,6,[hol.ɾo.ka.sʌ],[hol.ɾo.ga.sʌ]
한 말 중 가장,6,[han.mal.tʃuŋ.ka.tʃaŋ],[han.mal.dʒuŋ.ga.dʒaŋ]
감지 침입자는 당장,6,[kan.tʃi.tʃʰim.ip̚.tʃa.nɯn.taŋ.tʃaŋ],[gan.tʃi.tʃʰim.ip̚.tʃa.nɯn.daŋ.dʒaŋ]
홀트 대위가,6,[hol.tʰɯ.tɛ.wi.ka],[hol.tʰɯ.dɛ.wi.ga]
감지 침입자는 당장 떠나라,6,[kan.tʃi.tʃʰim.ip̚.tʃa.nɯn.taŋ.tʃaŋ.t͈ʌ.na.ɾa],[gan.tʃi.tʃʰim.ip̚.tʃa.nɯn.daŋ.dʒaŋ.t͈ʌ.na.ɾa]
한 말 하나도 못,6,[han.mal.ha.na.to.mot̚],[han.mal.ha.na.do.mot̚]
보고 가면,6,[po.ko.ka.mjʌn],[bo.go.ga.mjʌn]
한 말들은,6,[han.mal.tɯl.ɯn],[han.mal.tɯl.ɯn]
홀트 서장입니다,6,[hol.tʰɯ.sʌ.tʃaŋ.ip̚.ni.ta],[hol.tʰɯ.sʌ.dʒaŋ.ip̚.ni.da]
한 말만,6,[han.mal.man],[han.mal.man]
내 재킷은,6,[nɛ.tʃɛ.kʰit̚.ɯn],[nɛ.dʒɛ.kʰit̚.ɯn]
place on Earth,6,,
보고 같이,6,[po.ko.kat̚.i],[bo.go.gat̚.i]
한 말씀만 해 주시죠,6,[han.mal.s͈ɯm.man.hɛ.tʃu.si.tʃjo],[han.mal.s͈ɯm.man.hɛ.dʒu.si.dʒjo]
한 말씀만 해주세요,6,[han.mal.s͈ɯm.man.hɛ.tʃu.se.jo],[han.mal.s͈ɯm.man.hɛ.dʒu.se.jo]
한 말야,6,[han.mal.ja],[han.mal.ja]
한 말씀만 해주십시오,6,[han.mal.s͈ɯm.man.hɛ.tʃu.sip̚.si.o],[han.mal.s͈ɯm.man.hɛ.dʒu.sip̚.si.o]
한 말은 꼭,6,[han.mal.ɯŋ.k͈ok̚],[han.mal.ɯŋ.k͈ok̚]
감지되고 있어요,6,[kan.tʃi.twe.ko.it̚.ʌ.jo],[gan.tʃi.dwe.go.it̚.ʌ.jo]
한 말은 아니야,6,[han.mal.ɯn.a.ni.ja],[han.mal.ɯn.a.ni.ja]
보고 계시네요,6,[po.ko.kje.si.ne.jo],[bo.go.gje.si.ne.jo]
보고 계신 건,6,[po.ko.kje.siŋ.kʌn],[bo.go.gje.sin.gʌn]
감지되지 않습니다,6,[kan.tʃi.twe.tʃi.an.sɯp̚.ni.ta],[gan.tʃi.dwe.dʒi.an.sɯp̚.ni.da]
내 적을 죽여버리겠다,6,[nɛ.tʃʌk̚.ɯl.tʃuk̚.jʌ.pʌ.ɾi.ket̚.ta],[nɛ.dʒʌk̚.ɯl.dʒuk̚.jʌ.bʌ.ɾi.get̚.ta]
곳도 있죠,6,[kot̚.to.it̚.tʃjo],[got̚.to.it̚.tʃjo]
내 적을 죽여버리겠다 맹세한,6,[nɛ.tʃʌk̚.ɯl.tʃuk̚.jʌ.pʌ.ɾi.ket̚.ta.mɛŋ.se.han],[nɛ.dʒʌk̚.ɯl.dʒuk̚.jʌ.bʌ.ɾi.get̚.ta.mɛŋ.se.han]
한 말이 뭐야,6,[han.mal.i.mwʌ.ja],[han.mal.i.mwʌ.ja]
홈즈 씨의,6,[hon.tʃɯ.s͈i.ɯi],[hon.tʃɯ.s͈i.ɯi]
내 적의 힘을,6,[nɛ.tʃʌk̚.ɯi.him.ɯl],[nɛ.dʒʌk̚.ɯi.him.ɯl]
한 말이라면,6,[han.mal.i.ɾa.mjʌn],[han.mal.i.ɾa.mjʌn]
place so,6,,
내 적의 힘을 빼앗아,6,[nɛ.tʃʌk̚.ɯi.him.ɯl.p͈ɛ.at̚.a],[nɛ.dʒʌk̚.ɯi.him.ɯl.p͈ɛ.at̚.a]
한 말이야 내,6,[han.mal.i.ja.nɛ],[han.mal.i.ja.nɛ]
보고 깜짝 놀랐어,6,[po.ko.k͈an.tʃ͈ak̚.nol.ɾat̚.ʌ],[bo.go.k͈an.tʃ͈ak̚.nol.ɾat̚.ʌ]
내 전 남친,6,[nɛ.tʃʌn.nan.tʃʰin],[nɛ.dʒʌn.nan.tʃʰin]
내 전 남편,6,[nɛ.tʃʌn.nam.pʰjʌn],[nɛ.dʒʌn.nam.pʰjʌn]
곳만을 너무,6,[kot̚.man.ɯl.lʌ.mu],[got̚.man.ɯl.lʌ.mu]
한 면은,6,[han.mjʌn.ɯn],[han.mjʌn.ɯn]
곳보다 훨씬,6,[kot̚.po.ta.hwʌl.s͈in],[got̚.po.da.hwʌl.s͈in]
한 명 그는,6,[han.mjʌŋ.kɯ.nɯn],[han.mjʌŋ.gɯ.nɯn]
보고 나서도,6,[po.ko.na.sʌ.to],[bo.go.na.sʌ.do]
보고 난 후,6,[po.ko.nan.hu],[bo.go.nan.hu]
내 전공,6,[nɛ.tʃʌŋ.koŋ],[nɛ.dʒʌŋ.koŋ]
홍보 효과가,6,[hom.po.hjo.kwa.ka],[hoŋ.bo.hjo.gwa.ga]
보고 놀라는,6,[po.ko.nol.ɾa.nɯn],[bo.go.nol.ɾa.nɯn]
한 명 정도는,6,[han.mjʌŋ.tʃʌŋ.to.nɯn],[han.mjʌŋ.dʒʌŋ.do.nɯn]
보고 놀랐어요,6,[po.ko.nol.ɾat̚.ʌ.jo],[bo.go.nol.ɾat̚.ʌ.jo]
한 명꼴로,6,[han.mjʌŋ.k͈ol.ɾo],[han.mjʌŋ.k͈ol.ɾo]
내 전남편이,6,[nɛ.tʃʌn.nam.pʰjʌn.i],[nɛ.dʒʌn.nam.pʰjʌn.i]
한 명도 없는,6,[han.mjʌŋ.to.ʌp̚.nɯn],[han.mjʌŋ.do.ʌp̚.nɯn]
내 전담,6,[nɛ.tʃʌn.tam],[nɛ.dʒʌn.tam]
내 전남편을,6,[nɛ.tʃʌn.nam.pʰjʌn.ɯl],[nɛ.dʒʌn.nam.pʰjʌn.ɯl]
한 명도 없죠,6,[han.mjʌŋ.to.ʌp̚.tʃjo],[han.mjʌŋ.do.ʌp̚.tʃjo]
감쪽같이 사라졌어,6,[kan.tʃ͈ok̚.kat̚.i.sa.ɾa.tʃjʌt̚.ʌ],[gan.tʃ͈ok̚.kat̚.i.sa.ɾa.dʒjʌt̚.ʌ]
보고 당신은,6,[po.ko.taŋ.sin.ɯn],[bo.go.daŋ.sin.ɯn]
place with,6,,
한 명만 죽이면,6,[han.mjʌŋ.man.tʃuk̚.i.mjʌn],[han.mjʌŋ.man.dʒuk̚.i.mjʌn]
보고 당신의,6,[po.ko.taŋ.sin.ɯi],[bo.go.daŋ.sin.ɯi]
한 명뿐이었어,6,[han.mjʌm.p͈un.i.ʌt̚.ʌ],[han.mjʌm.p͈un.i.ʌt̚.ʌ]
한 명보다,6,[han.mjʌm.po.ta],[han.mjʌŋ.bo.da]
한 명뿐인데,6,[han.mjʌm.p͈un.in.te],[han.mjʌm.p͈un.in.te]
한 명뿐이지,6,[han.mjʌm.p͈un.i.tʃi],[han.mjʌm.p͈un.i.dʒi]
한 명씩 차례로,6,[han.mjʌŋ.s͈ik̚.tʃʰa.ɾje.ɾo],[han.mjʌŋ.s͈ik̚.tʃʰa.ɾje.ɾo]
한 명씩만,6,[han.mjʌŋ.s͈ik̚.man],[han.mjʌŋ.s͈ik̚.man]
한 명씩을,6,[han.mjʌŋ.s͈ik̚.ɯl],[han.mjʌŋ.s͈ik̚.ɯl]
보고 듣는 게,6,[po.ko.tɯt̚.nɯŋ.ke],[bo.go.dɯt̚.nɯn.ge]
한 명은 꼭,6,[han.mjʌŋ.ɯŋ.k͈ok̚],[han.mjʌŋ.ɯŋ.k͈ok̚]
한 명은 결국,6,[han.mjʌŋ.ɯŋ.kjʌl.kuk̚],[han.mjʌŋ.ɯn.gjʌl.kuk̚]
한 명은 사망했습니다,6,[han.mjʌŋ.ɯn.sa.maŋ.hɛt̚.sɯp̚.ni.ta],[han.mjʌŋ.ɯn.sa.maŋ.hɛt̚.sɯp̚.ni.da]
한 명은 더,6,[han.mjʌŋ.ɯn.tʌ],[han.mjʌŋ.ɯn.dʌ]
한 명은 여기,6,[han.mjʌŋ.ɯn.jʌ.ki],[han.mjʌŋ.ɯn.jʌ.gi]
한 명은 어디,6,[han.mjʌŋ.ɯn.ʌ.ti],[han.mjʌŋ.ɯn.ʌ.di]
보고 마음을,6,[po.ko.ma.ɯm.ɯl],[bo.go.ma.ɯm.ɯl]
한 명은 집에,6,[han.mjʌŋ.ɯn.tʃip̚.e],[han.mjʌŋ.ɯn.dʒip̚.e]
보고 마음이,6,[po.ko.ma.ɯm.i],[bo.go.ma.ɯm.i]
내 전부가,6,[nɛ.tʃʌm.pu.ka],[nɛ.dʒʌm.pu.ga]
보고 만질,6,[po.ko.man.tʃil],[bo.go.man.tʃil]
내 전부니까,6,[nɛ.tʃʌm.pu.ni.k͈a],[nɛ.dʒʌm.pu.ni.k͈a]
감찰반 애들,6,[kan.tʃʰal.pan.ɛ.tɯl],[gan.tʃʰal.pan.ɛ.dɯl]
한 명을 죽이면,6,[han.mjʌŋ.ɯl.tʃuk̚.i.mjʌn],[han.mjʌŋ.ɯl.dʒuk̚.i.mjʌn]
한 명을 죽인,6,[han.mjʌŋ.ɯl.tʃuk̚.in],[han.mjʌŋ.ɯl.dʒuk̚.in]
보고 말았어,6,[po.ko.mal.at̚.ʌ],[bo.go.mal.at̚.ʌ]
보고 많이,6,[po.ko.man.i],[bo.go.man.i]
한 명이 날,6,[han.mjʌŋ.i.nal],[han.mjʌŋ.i.nal]
한 명이 그를,6,[han.mjʌŋ.i.kɯ.ɾɯl],[han.mjʌŋ.i.gɯ.ɾɯl]
곳에 갈 거야,6,[kot̚.e.kal.kʌ.ja],[got̚.e.gal.gʌ.ja]
한 명이 말하길,6,[han.mjʌŋ.i.mal.ha.kil],[han.mjʌŋ.i.mal.ha.gil]
부인 얘기 좀,6,[pu.in.jɛ.ki.tʃom],[bu.in.jɛ.gi.dʒom]
내 전부인,6,[nɛ.tʃʌm.pu.in],[nɛ.dʒʌm.pu.in]
한 명이 아니에요,6,[han.mjʌŋ.i.a.ni.e.jo],[han.mjʌŋ.i.a.ni.e.jo]
화 공동 각본,6,[hwa.koŋ.toŋ.kak̚.pon],[hwa.goŋ.doŋ.gak̚.pon]
보고 모든 걸,6,[po.ko.mo.tɯŋ.kʌl],[bo.go.mo.dɯn.gʌl]
한 명이 총을,6,[han.mjʌŋ.i.tʃʰoŋ.ɯl],[han.mjʌŋ.i.tʃʰoŋ.ɯl]
한 명이 죽었어요,6,[han.mjʌŋ.i.tʃuk̚.ʌt̚.ʌ.jo],[han.mjʌŋ.i.dʒuk̚.ʌt̚.ʌ.jo]
한 명이 필요해,6,[han.mjʌŋ.i.pʰil.jo.hɛ],[han.mjʌŋ.i.pʰil.jo.hɛ]
한 명이 할,6,[han.mjʌŋ.i.hal],[han.mjʌŋ.i.hal]
내 전재산을 주겠어,6,[nɛ.tʃʌn.tʃɛ.san.ɯl.tʃu.ket̚.ʌ],[nɛ.dʒʌn.tʃɛ.san.ɯl.dʒu.get̚.ʌ]
내 전재산을,6,[nɛ.tʃʌn.tʃɛ.san.ɯl],[nɛ.dʒʌn.tʃɛ.san.ɯl]
보고 무슨 생각을,6,[po.ko.mu.sɯn.sɛŋ.kak̚.ɯl],[bo.go.mu.sɯn.sɛŋ.gak̚.ɯl]
내 전쟁,6,[nɛ.tʃʌn.tʃɛŋ],[nɛ.dʒʌn.tʃɛŋ]
보고 문장으로,6,[po.ko.mun.tʃaŋ.ɯ.ɾo],[bo.go.mun.tʃaŋ.ɯ.ɾo]
내 전쟁은,6,[nɛ.tʃʌn.tʃɛŋ.ɯn],[nɛ.dʒʌn.tʃɛŋ.ɯn]
보고 문장으로 말씀해,6,[po.ko.mun.tʃaŋ.ɯ.ɾo.mal.s͈ɯm.hɛ],[bo.go.mun.tʃaŋ.ɯ.ɾo.mal.s͈ɯm.hɛ]
보고 문장으로 말씀해 주시겠어요,6,[po.ko.mun.tʃaŋ.ɯ.ɾo.mal.s͈ɯm.hɛ.tʃu.si.ket̚.ʌ.jo],[bo.go.mun.tʃaŋ.ɯ.ɾo.mal.s͈ɯm.hɛ.dʒu.si.get̚.ʌ.jo]
한 명이란,6,[han.mjʌŋ.i.ɾan],[han.mjʌŋ.i.ɾan]
한 명이었고,6,[han.mjʌŋ.i.ʌt̚.ko],[han.mjʌŋ.i.ʌt̚.ko]
내 전처는,6,[nɛ.tʃʌn.tʃʰʌ.nɯn],[nɛ.dʒʌn.tʃʰʌ.nɯn]
한 명이잖아요,6,[han.mjʌŋ.i.tʃan.a.jo],[han.mjʌŋ.i.dʒan.a.jo]
보고 배우게,6,[po.ko.pɛ.u.ke],[bo.go.bɛ.u.ge]
보고 배우려고,6,[po.ko.pɛ.u.ɾjʌ.ko],[bo.go.bɛ.u.ɾjʌ.go]
보고 배운 게,6,[po.ko.pɛ.uŋ.ke],[bo.go.bɛ.un.ge]
한 모금 빨고,6,[han.mo.kɯm.p͈al.ko],[han.mo.gɯm.p͈al.ko]
내 전화기 내놔,6,[nɛ.tʃʌn.hwa.ki.nɛ.nwa],[nɛ.dʒʌn.hwa.gi.nɛ.nwa]
한 모금이,6,[han.mo.kɯm.i],[han.mo.gɯm.i]
내 전화기 보는,6,[nɛ.tʃʌn.hwa.ki.po.nɯn],[nɛ.dʒʌn.hwa.gi.bo.nɯn]
내 전화기 보는 걸,6,[nɛ.tʃʌn.hwa.ki.po.nɯŋ.kʌl],[nɛ.dʒʌn.hwa.gi.bo.nɯn.gʌl]
be bigger,6,,
화 한자,6,[hwa.han.tʃa],[hwa.han.tʃa]
내 전화기로,6,[nɛ.tʃʌn.hwa.ki.ɾo],[nɛ.dʒʌn.hwa.gi.ɾo]
보고 생각해,6,[po.ko.sɛŋ.kak̚.hɛ],[bo.go.sɛŋ.gak̚.hɛ]
한 몫을,6,[han.mok̚.ɯl],[han.mok̚.ɯl]
보고 손을,6,[po.ko.son.ɯl],[bo.go.son.ɯl]
한 무더기가,6,[han.mu.tʌ.ki.ka],[han.mu.dʌ.gi.ga]
한 못된,6,[han.mot̚.twen],[han.mot̚.twen]
보고 싶,6,[po.ko.sip̚],[bo.go.sip̚]
화 한자와 나오,6,[hwa.han.tʃa.wa.na.o],[hwa.han.tʃa.wa.na.o]
감추고 싶어,6,[kan.tʃʰu.ko.sip̚.ʌ],[gan.tʃʰu.go.sip̚.ʌ]
보고 싶겠다,6,[po.ko.sip̚.ket̚.ta],[bo.go.sip̚.ket̚.ta]
한 문장이,6,[han.mun.tʃaŋ.i],[han.mun.tʃaŋ.i]
한 미친,6,[han.mi.tʃʰin],[han.mi.tʃʰin]
내 전화를 받고,6,[nɛ.tʃʌn.hwa.ɾɯl.pat̚.ko],[nɛ.dʒʌn.hwa.ɾɯl.bat̚.ko]
한 바람에,6,[ham.pa.ɾam.e],[han.ba.ɾam.e]
보고 싶기도 하고,6,[po.ko.sip̚.ki.to.ha.ko],[bo.go.sip̚.ki.do.ha.go]
한 바퀴 돌자,6,[ham.pa.kʰwi.tol.tʃa],[han.ba.kʰwi.dol.tʃa]
한 박사님이,6,[ham.pak̚.sa.nim.i],[han.bak̚.sa.nim.i]
내 전화번호는,6,[nɛ.tʃʌn.hwa.pʌn.ho.nɯn],[nɛ.dʒʌn.hwa.bʌn.ho.nɯn]
한 반에,6,[ham.pan.e],[han.ban.e]
곳에 네,6,[kot̚.e.ne],[got̚.e.ne]
한 발 뒤로,6,[ham.pal.twi.ɾo],[han.bal.dwi.ɾo]
보고 싶다고 하면,6,[po.ko.sip̚.ta.ko.ha.mjʌn],[bo.go.sip̚.ta.go.ha.mjʌn]
한 발 물러서서,6,[ham.pal.mul.ɾʌ.sʌ.sʌ],[han.bal.mul.ɾʌ.sʌ.sʌ]
한 발 앞서 있다,6,[ham.pal.ap̚.sʌ.it̚.ta],[han.bal.ap̚.sʌ.it̚.ta]
내 전화에 답을,6,[nɛ.tʃʌn.hwa.e.tap̚.ɯl],[nɛ.dʒʌn.hwa.e.dap̚.ɯl]
화가 나서 그런,6,[hwa.ka.na.sʌ.kɯ.ɾʌn],[hwa.ga.na.sʌ.gɯ.ɾʌn]
한 발도 못,6,[ham.pal.to.mot̚],[han.bal.to.mot̚]
내 전화에 응답하지,6,[nɛ.tʃʌn.hwa.e.ɯŋ.tap̚.ha.tʃi],[nɛ.dʒʌn.hwa.e.ɯŋ.dap̚.ha.dʒi]
한 발이라도,6,[ham.pal.i.ɾa.to],[han.bal.i.ɾa.do]
한 발짝 뒤로,6,[ham.pal.tʃ͈ak̚.twi.ɾo],[han.bal.tʃ͈ak̚.dwi.ɾo]
보고 싶던,6,[po.ko.sip̚.tʌn],[bo.go.sip̚.tʌn]
감추고 있어요,6,[kan.tʃʰu.ko.it̚.ʌ.jo],[gan.tʃʰu.go.it̚.ʌ.jo]
곳에 대해서 말이야,6,[kot̚.e.tɛ.hɛ.sʌ.mal.i.ja],[got̚.e.dɛ.hɛ.sʌ.mal.i.ja]
한 방 먹었군,6,[ham.paŋ.mʌk̚.ʌt̚.kun],[han.baŋ.mʌk̚.ʌt̚.kun]
be clear,6,,
곳에 더,6,[kot̚.e.tʌ],[got̚.e.dʌ]
한 방 먹여요,6,[ham.paŋ.mʌk̚.jʌ.jo],[han.baŋ.mʌk̚.jʌ.jo]
plan for,6,,
한 방 먹여줄,6,[ham.paŋ.mʌk̚.jʌ.tʃul],[han.baŋ.mʌk̚.jʌ.dʒul]
화가 난 것처럼,6,[hwa.ka.naŋ.kʌt̚.tʃʰʌ.ɾʌm],[hwa.ga.nan.gʌt̚.tʃʰʌ.ɾʌm]
화가 났거든요,6,[hwa.ka.nat̚.kʌ.tɯn.jo],[hwa.ga.nat̚.kʌ.dɯn.jo]
곳에 데려갈,6,[kot̚.e.te.ɾjʌ.kal],[got̚.e.de.ɾjʌ.gal]
내 점수를,6,[nɛ.tʃʌm.su.ɾɯl],[nɛ.dʒʌm.su.ɾɯl]
한 방식으로,6,[ham.paŋ.sik̚.ɯ.ɾo],[han.baŋ.sik̚.ɯ.ɾo]
한 방에 다,6,[ham.paŋ.e.ta],[han.baŋ.e.da]
한 방에 한 놈씩,6,[ham.paŋ.e.han.nom.s͈ik̚],[han.baŋ.e.han.nom.s͈ik̚]
한 방에 해결할 수,6,[ham.paŋ.e.hɛ.kjʌl.hal.su],[han.baŋ.e.hɛ.gjʌl.hal.su]
보고 싶어 미치겠어,6,[po.ko.sip̚.ʌ.mi.tʃʰi.ket̚.ʌ],[bo.go.sip̚.ʌ.mi.tʃʰi.get̚.ʌ]
한 방울 안 흘릴,6,[ham.paŋ.ul.an.hɯl.ɾil],[han.baŋ.ul.an.hɯl.ɾil]
한 방울 한,6,[ham.paŋ.ul.han],[han.baŋ.ul.han]
보고 싶어 안,6,[po.ko.sip̚.ʌ.an],[bo.go.sip̚.ʌ.an]
한 방울로,6,[ham.paŋ.ul.ɾo],[han.baŋ.ul.ɾo]
보고 싶어 하고,6,[po.ko.sip̚.ʌ.ha.ko],[bo.go.sip̚.ʌ.ha.go]
보고 싶어 하겠어,6,[po.ko.sip̚.ʌ.ha.ket̚.ʌ],[bo.go.sip̚.ʌ.ha.get̚.ʌ]
보고 싶어 하는 것,6,[po.ko.sip̚.ʌ.ha.nɯŋ.kʌt̚],[bo.go.sip̚.ʌ.ha.nɯn.gʌt̚]
보고 싶어 하는데,6,[po.ko.sip̚.ʌ.ha.nɯn.te],[bo.go.sip̚.ʌ.ha.nɯn.te]
한 백인,6,[ham.pɛk̚.in],[han.bɛk̚.in]
한 번 가봐,6,[ham.pʌŋ.ka.pwa],[han.bʌn.ga.bwa]
한 번 감사합니다,6,[ham.pʌŋ.kam.sa.hap̚.ni.ta],[han.bʌn.gam.sa.hap̚.ni.da]
부인은 돈을 어디에서,6,[pu.in.ɯn.ton.ɯl.ʌ.ti.e.sʌ],[bu.in.ɯn.don.ɯl.ʌ.di.e.sʌ]
화가 났었나요,6,[hwa.ka.nat̚.ʌt̚.na.jo],[hwa.ga.nat̚.ʌt̚.na.jo]
보고 싶어 할걸,6,[po.ko.sip̚.ʌ.hal.kʌl],[bo.go.sip̚.ʌ.hal.kʌl]
보고 싶어 했는데,6,[po.ko.sip̚.ʌ.hɛt̚.nɯn.te],[bo.go.sip̚.ʌ.hɛt̚.nɯn.te]
Not possible,6,,
한 번 더 그러면,6,[ham.pʌn.tʌ.kɯ.ɾʌ.mjʌn],[han.bʌn.dʌ.gɯ.ɾʌ.mjʌn]
보고 싶어서 그래요,6,[po.ko.sip̚.ʌ.sʌ.kɯ.ɾɛ.jo],[bo.go.sip̚.ʌ.sʌ.gɯ.ɾɛ.jo]
부인은 어떠세요,6,[pu.in.ɯn.ʌ.t͈ʌ.se.jo],[bu.in.ɯn.ʌ.t͈ʌ.se.jo]
내 정신은 대체 어디에,6,[nɛ.tʃʌŋ.sin.ɯn.tɛ.tʃʰe.ʌ.ti.e],[nɛ.dʒʌŋ.sin.ɯn.dɛ.tʃʰe.ʌ.di.e]
내 정신에,6,[nɛ.tʃʌŋ.sin.e],[nɛ.dʒʌŋ.sin.e]
한 번 더 하죠,6,[ham.pʌn.tʌ.ha.tʃjo],[han.bʌn.dʌ.ha.dʒjo]
곳에 둔,6,[kot̚.e.tun],[got̚.e.dun]
내 정원,6,[nɛ.tʃʌŋ.wʌn],[nɛ.dʒʌŋ.wʌn]
한 번 만난 사이에,6,[ham.pʌn.man.nan.sa.i.e],[han.bʌn.man.nan.sa.i.e]
보고 싶어요 당신은,6,[po.ko.sip̚.ʌ.jo.taŋ.sin.ɯn],[bo.go.sip̚.ʌ.jo.daŋ.sin.ɯn]
한 번 만이라도,6,[ham.pʌn.man.i.ɾa.to],[han.bʌn.man.i.ɾa.do]
보고 싶어요 정말,6,[po.ko.sip̚.ʌ.jo.tʃʌŋ.mal],[bo.go.sip̚.ʌ.jo.dʒʌŋ.mal]
한 번 말할게,6,[ham.pʌn.mal.hal.ke],[han.bʌn.mal.hal.ke]
한 번 말한,6,[ham.pʌn.mal.han],[han.bʌn.mal.han]
내 정자는,6,[nɛ.tʃʌŋ.tʃa.nɯn],[nɛ.dʒʌŋ.dʒa.nɯn]
보고 싶어하실,6,[po.ko.sip̚.ʌ.ha.sil],[bo.go.sip̚.ʌ.ha.sil]
한 번 믿어봐,6,[ham.pʌn.mit̚.ʌ.pwa],[han.bʌn.mit̚.ʌ.bwa]
한 번 보고 싶어,6,[ham.pʌm.po.ko.sip̚.ʌ],[han.bʌn.bo.go.sip̚.ʌ]
한 번 보기만,6,[ham.pʌm.po.ki.man],[han.bʌn.bo.gi.man]
한 번 보렴,6,[ham.pʌm.po.ɾjʌm],[han.bʌn.bo.ɾjʌm]
한 번 보여,6,[ham.pʌm.po.jʌ],[han.bʌn.bo.jʌ]
내 정체성에,6,[nɛ.tʃʌŋ.tʃʰe.sʌŋ.e],[nɛ.dʒʌŋ.tʃʰe.sʌŋ.e]
한 번 볼 수,6,[ham.pʌm.pol.su],[han.bʌn.bol.su]
보고 싶었기,6,[po.ko.sip̚.ʌt̚.ki],[bo.go.sip̚.ʌt̚.ki]
보고 싶었나 봐,6,[po.ko.sip̚.ʌt̚.na.pwa],[bo.go.sip̚.ʌt̚.na.bwa]
곳에 말이죠,6,[kot̚.e.mal.i.tʃjo],[got̚.e.mal.i.dʒjo]
곳에 보관하고,6,[kot̚.e.po.kwan.ha.ko],[got̚.e.bo.gwan.ha.go]
곳에 물건을,6,[kot̚.e.mul.kʌn.ɯl],[got̚.e.mul.kʌn.ɯl]
내 제국을,6,[nɛ.tʃe.kuk̚.ɯl],[nɛ.dʒe.guk̚.ɯl]
한 번 뿐이에요,6,[ham.pʌm.p͈un.i.e.jo],[han.bʌm.p͈un.i.e.jo]
보고 싶었다고요,6,[po.ko.sip̚.ʌt̚.ta.ko.jo],[bo.go.sip̚.ʌt̚.ta.go.jo]
부인을 찾아,6,[pu.in.ɯl.tʃʰat̚.a],[bu.in.ɯl.tʃʰat̚.a]
한 번 알아볼게,6,[ham.pʌn.al.a.pol.ke],[han.bʌn.al.a.bol.ke]
한 번 오고,6,[ham.pʌn.o.ko],[han.bʌn.o.go]
한 번 올까 말까,6,[ham.pʌn.ol.k͈a.mal.k͈a],[han.bʌn.ol.k͈a.mal.k͈a]
한 번 있는데,6,[ham.pʌn.it̚.nɯn.te],[han.bʌn.it̚.nɯn.te]
plan was,6,,
보고 싶었어 너무,6,[po.ko.sip̚.ʌt̚.ʌ.nʌ.mu],[bo.go.sip̚.ʌt̚.ʌ.nʌ.mu]
곳에 사람이,6,[kot̚.e.sa.ɾam.i],[got̚.e.sa.ɾam.i]
한 번 있었죠,6,[ham.pʌn.it̚.ʌt̚.tʃjo],[han.bʌn.it̚.ʌt̚.tʃjo]
내 제의를,6,[nɛ.tʃe.ɯi.ɾɯl],[nɛ.dʒe.ɯi.ɾɯl]
보고 싶었어 보고,6,[po.ko.sip̚.ʌt̚.ʌ.po.ko],[bo.go.sip̚.ʌt̚.ʌ.bo.go]
한 번 잤다고,6,[ham.pʌn.tʃat̚.ta.ko],[han.bʌn.dʒat̚.ta.go]
한 번 잘못하면,6,[ham.pʌn.tʃal.mot̚.ha.mjʌn],[han.bʌn.dʒal.mot̚.ha.mjʌn]
부인이 그걸,6,[pu.in.i.kɯ.kʌl],[bu.in.i.gɯ.gʌl]
곳에 산다,6,[kot̚.e.san.ta],[got̚.e.san.ta]
plane crash,6,,
곳에 산다고,6,[kot̚.e.san.ta.ko],[got̚.e.san.ta.go]
한 번 한 번,6,[ham.pʌn.ham.pʌn],[han.bʌn.han.bʌn]
보고 싶었어요 나도 보고,6,[po.ko.sip̚.ʌt̚.ʌ.jo.na.to.po.ko],[bo.go.sip̚.ʌt̚.ʌ.jo.na.do.bo.go]
보고 싶었으니까,6,[po.ko.sip̚.ʌt̚.ɯ.ni.k͈a],[bo.go.sip̚.ʌt̚.ɯ.ni.k͈a]
한 번 해 보시지,6,[ham.pʌn.hɛ.po.si.tʃi],[han.bʌn.hɛ.bo.si.dʒi]
화나는 거,6,[hwa.na.nɯŋ.kʌ],[hwa.na.nɯn.gʌ]
한 번 해 볼까,6,[ham.pʌn.hɛ.pol.k͈a],[han.bʌn.hɛ.bol.k͈a]
내 제자들,6,[nɛ.tʃe.tʃa.tɯl],[nɛ.dʒe.dʒa.dɯl]
감추는 것,6,[kan.tʃʰu.nɯŋ.kʌt̚],[gan.tʃʰu.nɯn.gʌt̚]
한 번 해볼게요,6,[ham.pʌn.hɛ.pol.ke.jo],[han.bʌn.hɛ.bol.ke.jo]
보고 싶으니,6,[po.ko.sip̚.ɯ.ni],[bo.go.sip̚.ɯ.ni]
화나면 어떻게,6,[hwa.na.mjʌn.ʌ.t͈ʌt̚.ke],[hwa.na.mjʌn.ʌ.t͈ʌt̚.ke]
보고 싶으시대,6,[po.ko.sip̚.ɯ.si.tɛ],[bo.go.sip̚.ɯ.si.dɛ]
화나서 그런,6,[hwa.na.sʌ.kɯ.ɾʌn],[hwa.na.sʌ.gɯ.ɾʌn]
한 번 했던,6,[ham.pʌn.hɛt̚.tʌn],[han.bʌn.hɛt̚.tʌn]
부인이 문자 메시지를,6,[pu.in.i.mun.tʃa.me.si.tʃi.ɾɯl],[bu.in.i.mun.tʃa.me.si.dʒi.ɾɯl]
한 번도 가,6,[ham.pʌn.to.ka],[han.bʌn.to.ga]
보고 싶으신가요,6,[po.ko.sip̚.ɯ.siŋ.ka.jo],[bo.go.sip̚.ɯ.siŋ.ka.jo]
한 번도 나타나지,6,[ham.pʌn.to.na.tʰa.na.tʃi],[han.bʌn.to.na.tʰa.na.dʒi]
한 번도 만난 적,6,[ham.pʌn.to.man.nan.tʃʌk̚],[han.bʌn.to.man.nan.dʒʌk̚]
곳에 손을 놔,6,[kot̚.e.son.ɯl.lwa],[got̚.e.son.ɯl.lwa]
한 번도 말,6,[ham.pʌn.to.mal],[han.bʌn.to.mal]
내 조상,6,[nɛ.tʃo.saŋ],[nɛ.dʒo.saŋ]
내 조상들이,6,[nɛ.tʃo.saŋ.tɯl.i],[nɛ.dʒo.saŋ.dɯl.i]
한 번도 묻지,6,[ham.pʌn.to.mut̚.tʃi],[han.bʌn.to.mut̚.tʃi]
한 번도 못 봤지,6,[ham.pʌn.to.mot̚.pwat̚.tʃi],[han.bʌn.to.mot̚.bwat̚.tʃi]
곳에 숨겨줘,6,[kot̚.e.sum.kjʌ.tʃwʌ],[got̚.e.sum.kjʌ.dʒwʌ]
내 조수를,6,[nɛ.tʃo.su.ɾɯl],[nɛ.dʒo.su.ɾɯl]
보고 싶을 거,6,[po.ko.sip̚.ɯl.kʌ],[bo.go.sip̚.ɯl.gʌ]
한 번도 안 가봤어,6,[ham.pʌn.to.aŋ.ka.pwat̚.ʌ],[han.bʌn.to.an.ga.bwat̚.ʌ]
내 조언에,6,[nɛ.tʃo.ʌn.e],[nɛ.dʒo.ʌn.e]
Did you forget,6,,
보고 싶을 거에요,6,[po.ko.sip̚.ɯl.kʌ.e.jo],[bo.go.sip̚.ɯl.gʌ.e.jo]
한 번도 안 해봤는데,6,[ham.pʌn.to.an.hɛ.pwat̚.nɯn.te],[han.bʌn.to.an.hɛ.bwat̚.nɯn.te]
곳에 숨은,6,[kot̚.e.sum.ɯn],[got̚.e.sum.ɯn]
내 조언을 듣고,6,[nɛ.tʃo.ʌn.ɯl.tɯt̚.ko],[nɛ.dʒo.ʌn.ɯl.dɯt̚.ko]
한 번도 없는데,6,[ham.pʌn.to.ʌp̚.nɯn.te],[han.bʌn.to.ʌp̚.nɯn.te]
보고 싶을지도,6,[po.ko.sip̚.ɯl.tʃi.to],[bo.go.sip̚.ɯl.tʃi.do]
부인을 만나러,6,[pu.in.ɯl.man.na.ɾʌ],[bu.in.ɯl.man.na.ɾʌ]
내 조직은,6,[nɛ.tʃo.tʃik̚.ɯn],[nɛ.dʒo.dʒik̚.ɯn]
한 번도 없죠,6,[ham.pʌn.to.ʌp̚.tʃjo],[han.bʌn.to.ʌp̚.tʃjo]
화난 건 처음,6,[hwa.naŋ.kʌn.tʃʰʌ.ɯm],[hwa.nan.gʌn.tʃʰʌ.ɯm]
한 번도 의심한,6,[ham.pʌn.to.ɯi.sim.han],[han.bʌn.to.ɯi.sim.han]
한 번도 포기한,6,[ham.pʌn.to.pʰo.ki.han],[han.bʌn.to.pʰo.gi.han]
보고 싶지 않다고요,6,[po.ko.sip̚.tʃi.an.ta.ko.jo],[bo.go.sip̚.tʃi.an.ta.go.jo]
한 번도 후회한,6,[ham.pʌn.to.hu.hwe.han],[han.bʌn.to.hu.hwe.han]
보고 싶지 않다는,6,[po.ko.sip̚.tʃi.an.ta.nɯn],[bo.go.sip̚.tʃi.an.ta.nɯn]
이루어지이다 우리에게 일용할,6,[i.ɾu.ʌ.tʃi.i.ta.u.ɾi.e.ke.il.joŋ.hal],[i.ɾu.ʌ.dʒi.i.da.u.ɾi.e.ge.il.joŋ.hal]
곳에 앉아 있는,6,[kot̚.e.an.a.it̚.nɯn],[got̚.e.an.a.it̚.nɯn]
감추지 않아도,6,[kan.tʃʰu.tʃi.an.a.to],[gan.tʃʰu.dʒi.an.a.do]
한 번만 더 건드리면,6,[ham.pʌn.man.tʌ.kʌn.tɯ.ɾi.mjʌn],[han.bʌn.man.dʌ.gʌn.tɯ.ɾi.mjʌn]
내 조카들이,6,[nɛ.tʃo.kʰa.tɯl.i],[nɛ.dʒo.kʰa.dɯl.i]
화난 이유를,6,[hwa.nan.i.ju.ɾɯl],[hwa.nan.i.ju.ɾɯl]
내 조카딸이,6,[nɛ.tʃo.kʰa.t͈al.i],[nɛ.dʒo.kʰa.t͈al.i]
한 번만 더 날,6,[ham.pʌn.man.tʌ.nal],[han.bʌn.man.dʌ.nal]
부인이 함께,6,[pu.in.i.ham.k͈e],[bu.in.i.ham.k͈e]
한 번만 더 도와줘,6,[ham.pʌn.man.tʌ.to.wa.tʃwʌ],[han.bʌn.man.dʌ.do.wa.dʒwʌ]
보고 싶지도 않아,6,[po.ko.sip̚.tʃi.to.an.a],[bo.go.sip̚.tʃi.do.an.a]
보고 싶지도 않고,6,[po.ko.sip̚.tʃi.to.aŋ.ko],[bo.go.sip̚.tʃi.do.aŋ.ko]
한 번만 더 우리,6,[ham.pʌn.man.tʌ.u.ɾi],[han.bʌn.man.dʌ.u.ɾi]
부인이라고 부르지,6,[pu.in.i.ɾa.ko.pu.ɾɯ.tʃi],[bu.in.i.ɾa.go.bu.ɾɯ.dʒi]
한 번만 더 이러면,6,[ham.pʌn.man.tʌ.i.ɾʌ.mjʌn],[han.bʌn.man.dʌ.i.ɾʌ.mjʌn]
한 번만 더 쓰면,6,[ham.pʌn.man.tʌ.s͈ɯ.mjʌn],[han.bʌn.man.dʌ.s͈ɯ.mjʌn]
내 조카예요,6,[nɛ.tʃo.kʰa.je.jo],[nɛ.dʒo.kʰa.je.jo]
한 번만 만지게 해,6,[ham.pʌn.man.man.tʃi.ke.hɛ],[han.bʌn.man.man.tʃi.ge.hɛ]
한 번만 말해,6,[ham.pʌn.man.mal.hɛ],[han.bʌn.man.mal.hɛ]
곳에 영혼도 있어요 내가,6,[kot̚.e.jʌŋ.hon.to.it̚.ʌ.jo.nɛ.ka],[got̚.e.jʌŋ.hon.to.it̚.ʌ.jo.nɛ.ga]
화났구나 화,6,[hwa.nat̚.ku.na.hwa],[hwa.nat̚.ku.na.hwa]
보고 앉아,6,[po.ko.an.a],[bo.go.an.a]
한 번만 보게,6,[ham.pʌn.mam.po.ke],[han.bʌn.man.bo.ge]
한 번만 볼,6,[ham.pʌn.mam.pol],[han.bʌn.man.bol]
곳에 오게,6,[kot̚.e.o.ke],[got̚.e.o.ge]
한 번만 볼 수,6,[ham.pʌn.mam.pol.su],[han.bʌn.man.bol.su]
한 번만 봐주면,6,[ham.pʌn.mam.pwa.tʃu.mjʌn],[han.bʌn.man.bwa.dʒu.mjʌn]
보고 앉아서,6,[po.ko.an.a.sʌ],[bo.go.an.a.sʌ]
한 번만 봐줘요,6,[ham.pʌn.mam.pwa.tʃwʌ.jo],[han.bʌn.man.bwa.dʒwʌ.jo]
내 조카인,6,[nɛ.tʃo.kʰa.in],[nɛ.dʒo.kʰa.in]
보고 야,6,[po.ko.ja],[bo.go.ja]
곳에 오면,6,[kot̚.e.o.mjʌn],[got̚.e.o.mjʌn]
한 번만 하고,6,[ham.pʌn.man.ha.ko],[han.bʌn.man.ha.go]
부인하는 건,6,[pu.in.ha.nɯŋ.kʌn],[bu.in.ha.nɯn.gʌn]
보고 얘기해요,6,[po.ko.jɛ.ki.hɛ.jo],[bo.go.jɛ.gi.hɛ.jo]
한 번뿐이,6,[ham.pʌm.p͈un.i],[han.bʌm.p͈un.i]
보고 오는 길이에요,6,[po.ko.o.nɯŋ.kil.i.e.jo],[bo.go.o.nɯn.gil.i.e.jo]
한 번뿐인 기회야,6,[ham.pʌm.p͈un.iŋ.ki.hwe.ja],[han.bʌm.p͈un.in.gi.hwe.ja]
한 번뿐인 사랑이라면 네,6,[ham.pʌm.p͈un.in.sa.ɾaŋ.i.ɾa.mjʌn.ne],[han.bʌm.p͈un.in.sa.ɾaŋ.i.ɾa.mjʌn.ne]
한 번뿐일,6,[ham.pʌm.p͈un.il],[han.bʌm.p͈un.il]
한 번뿐인 인생,6,[ham.pʌm.p͈un.in.in.sɛŋ],[han.bʌm.p͈un.in.in.sɛŋ]
보고 올 테니,6,[po.ko.ol.tʰe.ni],[bo.go.ol.tʰe.ni]
한 번에 몇 주씩,6,[ham.pʌn.e.mjʌt̚.tʃu.s͈ik̚],[han.bʌn.e.mjʌt̚.dʒu.s͈ik̚]
보고 와도,6,[po.ko.wa.to],[bo.go.wa.do]
한 번에 좀,6,[ham.pʌn.e.tʃom],[han.bʌn.e.dʒom]
내 종교를,6,[nɛ.tʃoŋ.kjo.ɾɯl],[nɛ.dʒoŋ.gjo.ɾɯl]
한 번에 하나씩 해,6,[ham.pʌn.e.ha.na.s͈ik̚.hɛ],[han.bʌn.e.ha.na.s͈ik̚.hɛ]
보고 왔다,6,[po.ko.wat̚.ta],[bo.go.wat̚.ta]
내 종이,6,[nɛ.tʃoŋ.i],[nɛ.dʒoŋ.i]
한 번에요,6,[ham.pʌn.e.jo],[han.bʌn.e.jo]
한 번으로 다,6,[ham.pʌn.ɯ.ɾo.ta],[han.bʌn.ɯ.ɾo.da]
한 번으로 끝날,6,[ham.pʌn.ɯ.ɾo.k͈ɯt̚.nal],[han.bʌn.ɯ.ɾo.k͈ɯt̚.nal]
보고 왔지,6,[po.ko.wat̚.tʃi],[bo.go.wat̚.tʃi]
한 번으론,6,[ham.pʌn.ɯ.ɾon],[han.bʌn.ɯ.ɾon]
한 번으로도,6,[ham.pʌn.ɯ.ɾo.to],[han.bʌn.ɯ.ɾo.do]
한 번은 더,6,[ham.pʌn.ɯn.tʌ],[han.bʌn.ɯn.dʌ]
화내지 마라,6,[hwa.nɛ.tʃi.ma.ɾa],[hwa.nɛ.dʒi.ma.ɾa]
한 번은 제가,6,[ham.pʌn.ɯn.tʃe.ka],[han.bʌn.ɯn.dʒe.ga]
한 번은 이,6,[ham.pʌn.ɯn.i],[han.bʌn.ɯn.i]
보고 웃어요,6,[po.ko.ut̚.ʌ.jo],[bo.go.ut̚.ʌ.jo]
보고 웃으며,6,[po.ko.ut̚.ɯ.mjʌ],[bo.go.ut̚.ɯ.mjʌ]
한 번이면 되지,6,[ham.pʌn.i.mjʌn.twe.tʃi],[han.bʌn.i.mjʌn.dwe.dʒi]
한 번이면 족해요,6,[ham.pʌn.i.mjʌn.tʃok̚.hɛ.jo],[han.bʌn.i.mjʌn.dʒok̚.hɛ.jo]
한 번이었다,6,[ham.pʌn.i.ʌt̚.ta],[han.bʌn.i.ʌt̚.ta]
내 좋아하는,6,[nɛ.tʃot̚.a.ha.nɯn],[nɛ.dʒot̚.a.ha.nɯn]
I didn''t think you''d,6,,
곳에 위치하고,6,[kot̚.e.wi.tʃʰi.ha.ko],[got̚.e.wi.tʃʰi.ha.go]
한 벌 더,6,[ham.pʌl.tʌ],[han.bʌl.dʌ]
보고 이제,6,[po.ko.i.tʃe],[bo.go.i.dʒe]
부자 동네로,6,[pu.tʃa.toŋ.ne.ɾo],[bu.dʒa.doŋ.ne.ɾo]
한 변,6,[ham.pjʌn],[han.bjʌn]
한 변호사,6,[ham.pjʌn.ho.sa],[han.bjʌn.ho.sa]
보고 있고요,6,[po.ko.it̚.ko.jo],[bo.go.it̚.ko.jo]
내가 알려 줬어,6,[nɛ.ka.al.ɾjʌ.tʃwʌt̚.ʌ],[nɛ.ga.al.ɾjʌ.dʒwʌt̚.ʌ]
곳에 이르러 앉아 보니'',6,[kot̚.e.i.ɾɯ.ɾʌ.an.a.po.ni],[got̚.e.i.ɾɯ.ɾʌ.an.a.bo.ni]
한 병원이,6,[ham.pjʌŋ.wʌn.i],[han.bjʌŋ.wʌn.i]
한 병의,6,[ham.pjʌŋ.ɯi],[han.bjʌŋ.ɯi]
한 봉지가,6,[ham.poŋ.tʃi.ka],[han.boŋ.dʒi.ga]
한 복판에서,6,[ham.pok̚.pʰan.e.sʌ],[han.bok̚.pʰan.e.sʌ]
이뤄지는 돈세탁과,6,[i.ɾwʌ.tʃi.nɯn.ton.se.tʰak̚.kwa],[i.ɾwʌ.dʒi.nɯn.don.se.tʰak̚.kwa]
부자가 되겠지,6,[pu.tʃa.ka.twe.ket̚.tʃi],[bu.dʒa.ga.dwe.get̚.tʃi]
내 주는,6,[nɛ.tʃu.nɯn],[nɛ.dʒu.nɯn]
곳에 있거나 만날,6,[kot̚.e.it̚.kʌ.na.man.nal],[got̚.e.it̚.kʌ.na.man.nal]
보고 있는 것 같은데,6,[po.ko.it̚.nɯŋ.kʌt̚.kat̚.ɯn.te],[bo.go.it̚.nɯn.gʌt̚.gat̚.ɯn.te]
한 부분이죠,6,[ham.pu.pun.i.tʃjo],[han.bu.bun.i.dʒjo]
곳에 있거나 만날 수,6,[kot̚.e.it̚.kʌ.na.man.nal.su],[got̚.e.it̚.kʌ.na.man.nal.su]
한 분뿐입니다,6,[ham.pum.p͈un.ip̚.ni.ta],[han.bum.p͈un.ip̚.ni.da]
Bohr에 대해 이야기,6,[e.tɛ.hɛ.i.ja.ki],[e.dɛ.hɛ.i.ja.gi]
보고 있는건,6,[po.ko.it̚.nɯŋ.kʌn],[bo.go.it̚.nɯŋ.kʌn]
곳에 있기,6,[kot̚.e.it̚.ki],[got̚.e.it̚.ki]
화낼 일,6,[hwa.nɛl.il],[hwa.nɛl.il]
한 블록씩,6,[ham.pɯl.ɾok̚.s͈ik̚],[han.bɯl.ɾok̚.s͈ik̚]
한 비밀이,6,[ham.pi.mil.i],[han.bi.mil.i]
내 주먹,6,[nɛ.tʃu.mʌk̚],[nɛ.dʒu.mʌk̚]
한 빨리 돌아올게,6,[ham.p͈al.ɾi.tol.a.ol.ke],[ham.p͈al.ɾi.dol.a.ol.ke]
한 빨리 그,6,[ham.p͈al.ɾi.kɯ],[ham.p͈al.ɾi.gɯ]
한 빨리 여기로,6,[ham.p͈al.ɾi.jʌ.ki.ɾo],[ham.p͈al.ɾi.jʌ.gi.ɾo]
보고 있는지도,6,[po.ko.it̚.nɯn.tʃi.to],[bo.go.it̚.nɯn.tʃi.do]
곳에 있네,6,[kot̚.e.it̚.ne],[got̚.e.it̚.ne]
한 사람 말이야,6,[han.sa.ɾam.mal.i.ja],[han.sa.ɾam.mal.i.ja]
감탄을 금치,6,[kan.tʰan.ɯl.kɯn.tʃʰi],[gan.tʰan.ɯl.gɯn.tʃʰi]
한 사람 안에 숨어,6,[han.sa.ɾam.an.e.sum.ʌ],[han.sa.ɾam.an.e.sum.ʌ]
한 사람 안에,6,[han.sa.ɾam.an.e],[han.sa.ɾam.an.e]
곳에 있는 거야,6,[kot̚.e.it̚.nɯŋ.kʌ.ja],[got̚.e.it̚.nɯn.gʌ.ja]
한 사람 한 사람이,6,[han.sa.ɾam.han.sa.ɾam.i],[han.sa.ɾam.han.sa.ɾam.i]
내 주변에 스크린이있을거야,6,[nɛ.tʃu.pjʌn.e.sɯ.kʰɯ.ɾin.i.it̚.ɯl.kʌ.ja],[nɛ.dʒu.bjʌn.e.sɯ.kʰɯ.ɾin.i.it̚.ɯl.kʌ.ja]
한 사람들에게,6,[han.sa.ɾan.tɯl.e.ke],[han.sa.ɾan.tɯl.e.ge]
내 주변에 있는,6,[nɛ.tʃu.pjʌn.e.it̚.nɯn],[nɛ.dʒu.bjʌn.e.it̚.nɯn]
한 사람만 바라봐서,6,[han.sa.ɾam.mam.pa.ɾa.pwa.sʌ],[han.sa.ɾam.man.ba.ɾa.bwa.sʌ]
한 사람만 있으면,6,[han.sa.ɾam.man.it̚.ɯ.mjʌn],[han.sa.ɾam.man.it̚.ɯ.mjʌn]
보고 있대요,6,[po.ko.it̚.tɛ.jo],[bo.go.it̚.tɛ.jo]
한 사람뿐이에요,6,[han.sa.ɾam.p͈un.i.e.jo],[han.sa.ɾam.p͈un.i.e.jo]
한 사람에겐,6,[han.sa.ɾam.e.ken],[han.sa.ɾam.e.gen]
보고 있습니까,6,[po.ko.it̚.sɯp̚.ni.k͈a],[bo.go.it̚.sɯp̚.ni.k͈a]
곳에 있는 모든,6,[kot̚.e.it̚.nɯn.mo.tɯn],[got̚.e.it̚.nɯn.mo.dɯn]
보고 있어 그,6,[po.ko.it̚.ʌ.kɯ],[bo.go.it̚.ʌ.gɯ]
보고 있어 내가,6,[po.ko.it̚.ʌ.nɛ.ka],[bo.go.it̚.ʌ.nɛ.ga]
보고 있어 우리가,6,[po.ko.it̚.ʌ.u.ɾi.ka],[bo.go.it̚.ʌ.u.ɾi.ga]
한 사람이 아니라,6,[han.sa.ɾam.i.a.ni.ɾa],[han.sa.ɾam.i.a.ni.ɾa]
한 사람이 아닌,6,[han.sa.ɾam.i.a.nin],[han.sa.ɾam.i.a.nin]
한 사람이 이,6,[han.sa.ɾam.i.i],[han.sa.ɾam.i.i]
보고 있어'',6,[po.ko.it̚.ʌ],[bo.go.it̚.ʌ]
한 사람이 있어,6,[han.sa.ɾam.i.it̚.ʌ],[han.sa.ɾam.i.it̚.ʌ]
한 사람이 있다면,6,[han.sa.ɾam.i.it̚.ta.mjʌn],[han.sa.ɾam.i.it̚.ta.mjʌn]
한 사람이 한,6,[han.sa.ɾam.i.han],[han.sa.ɾam.i.han]
한 사람이고,6,[han.sa.ɾam.i.ko],[han.sa.ɾam.i.go]
보고 있어라,6,[po.ko.it̚.ʌ.ɾa],[bo.go.it̚.ʌ.ɾa]
곳에 있다면,6,[kot̚.e.it̚.ta.mjʌn],[got̚.e.it̚.ta.mjʌn]
감탄이 절로,6,[kan.tʰan.i.tʃʌl.ɾo],[gan.tʰan.i.dʒʌl.ɾo]
곳에 있다니,6,[kot̚.e.it̚.ta.ni],[got̚.e.it̚.ta.ni]
한 사람이었습니다,6,[han.sa.ɾam.i.ʌt̚.sɯp̚.ni.ta],[han.sa.ɾam.i.ʌt̚.sɯp̚.ni.da]
보고 있어요 정말,6,[po.ko.it̚.ʌ.jo.tʃʌŋ.mal],[bo.go.it̚.ʌ.jo.dʒʌŋ.mal]
보고 있었거든요,6,[po.ko.it̚.ʌt̚.kʌ.tɯn.jo],[bo.go.it̚.ʌt̚.kʌ.dɯn.jo]
내 주실래요,6,[nɛ.tʃu.sil.ɾɛ.jo],[nɛ.dʒu.sil.ɾɛ.jo]
한 사람하고만,6,[han.sa.ɾam.ha.ko.man],[han.sa.ɾam.ha.go.man]
내 주위,6,[nɛ.tʃu.wi],[nɛ.dʒu.wi]
한 사실을,6,[han.sa.sil.ɯl],[han.sa.sil.ɯl]
곳에 있단다,6,[kot̚.e.it̚.tan.ta],[got̚.e.it̚.tan.ta]
보고 있었니,6,[po.ko.it̚.ʌt̚.ni],[bo.go.it̚.ʌt̚.ni]
내 주위에 있는,6,[nɛ.tʃu.wi.e.it̚.nɯn],[nɛ.dʒu.wi.e.it̚.nɯn]
한 살이라도,6,[han.sal.i.ɾa.to],[han.sal.i.ɾa.do]
한 살짜리,6,[han.sal.tʃ͈a.ɾi],[han.sal.tʃ͈a.ɾi]
화려한 경력을,6,[hwa.ɾjʌ.haŋ.kjʌŋ.ɾjʌk̚.ɯl],[hwa.ɾjʌ.han.gjʌŋ.ɾjʌk̚.ɯl]
화려한 파티가 동반된,6,[hwa.ɾjʌ.ham.pʰa.tʰi.ka.tom.pan.twen],[hwa.ɾjʌ.ham.pʰa.tʰi.ga.doŋ.ban.twen]
내 주위에는,6,[nɛ.tʃu.wi.e.nɯn],[nɛ.dʒu.wi.e.nɯn]
한 상자나,6,[han.saŋ.tʃa.na],[han.saŋ.dʒa.na]
한 새끼는,6,[han.sɛ.k͈i.nɯn],[han.sɛ.k͈i.nɯn]
보고 있었잖아요,6,[po.ko.it̚.ʌt̚.tʃan.a.jo],[bo.go.it̚.ʌt̚.tʃan.a.jo]
한 성격,6,[han.sʌŋ.kjʌk̚],[han.sʌŋ.gjʌk̚]
한 세기를,6,[han.se.ki.ɾɯl],[han.se.gi.ɾɯl]
곳에 있어야 해,6,[kot̚.e.it̚.ʌ.ja.hɛ],[got̚.e.it̚.ʌ.ja.hɛ]
한 세대에서,6,[han.se.tɛ.e.sʌ],[han.se.dɛ.e.sʌ]
한 세대에,6,[han.se.tɛ.e],[han.se.dɛ.e]
한 소년과,6,[han.so.njʌŋ.kwa],[han.so.njʌŋ.kwa]
한 소녀가 있었다,6,[han.so.njʌ.ka.it̚.ʌt̚.ta],[han.so.njʌ.ga.it̚.ʌt̚.ta]
한 소년을,6,[han.so.njʌn.ɯl],[han.so.njʌn.ɯl]
한 소년이 인어를,6,[han.so.njʌn.i.in.ʌ.ɾɯl],[han.so.njʌn.i.in.ʌ.ɾɯl]
내 주치의는,6,[nɛ.tʃu.tʃʰi.ɯi.nɯn],[nɛ.dʒu.tʃʰi.ɯi.nɯn]
한 소년이 인어를 사랑하여,6,[han.so.njʌn.i.in.ʌ.ɾɯl.sa.ɾaŋ.ha.jʌ],[han.so.njʌn.i.in.ʌ.ɾɯl.sa.ɾaŋ.ha.jʌ]
보고 있을 때가,6,[po.ko.it̚.ɯl.t͈ɛ.ka],[bo.go.it̚.ɯl.t͈ɛ.ga]
한 소리 아니야,6,[han.so.ɾi.a.ni.ja],[han.so.ɾi.a.ni.ja]
내 주특기지,6,[nɛ.tʃu.tʰɯk̚.ki.tʃi],[nɛ.dʒu.tʰɯk̚.ki.dʒi]
play on,6,,
한 소린,6,[han.so.ɾin],[han.so.ɾin]
한 소린데,6,[han.so.ɾin.te],[han.so.ɾin.te]
보고 있을 수는,6,[po.ko.it̚.ɯl.su.nɯn],[bo.go.it̚.ɯl.su.nɯn]
한 솔로의,6,[han.sol.ɾo.ɯi],[han.sol.ɾo.ɯi]
한 솔로는,6,[han.sol.ɾo.nɯn],[han.sol.ɾo.nɯn]
보고 있자면,6,[po.ko.it̚.tʃa.mjʌn],[bo.go.it̚.tʃa.mjʌn]
한 수 배워,6,[han.su.pɛ.wʌ],[han.su.bɛ.wʌ]
한 수 위인,6,[han.su.wi.in],[han.su.wi.in]
한 수 위예요,6,[han.su.wi.je.jo],[han.su.wi.je.jo]
한 수 위라는,6,[han.su.wi.ɾa.nɯn],[han.su.wi.ɾa.nɯn]
한 수 위지,6,[han.su.wi.tʃi],[han.su.wi.dʒi]
보고 있지도,6,[po.ko.it̚.tʃi.to],[bo.go.it̚.tʃi.do]
한 순간부터,6,[han.suŋ.kam.pu.tʰʌ],[han.suŋ.kam.pu.tʰʌ]
부재로 인해 각색되었음을 밝힙니다,6,[pu.tʃɛ.ɾo.in.hɛ.kak̚.sɛk̚.twe.ʌt̚.ɯm.ɯl.pak̚.hip̚.ni.ta],[bu.dʒɛ.ɾo.in.hɛ.gak̚.sɛk̚.twe.ʌt̚.ɯm.ɯl.bak̚.hip̚.ni.da]
보고 자란,6,[po.ko.tʃa.ɾan],[bo.go.dʒa.ɾan]
한 술 더,6,[han.sul.tʌ],[han.sul.dʌ]
보고 제대로,6,[po.ko.tʃe.tɛ.ɾo],[bo.go.dʒe.dɛ.ɾo]
보고 좀 배워요,6,[po.ko.tʃom.pɛ.wʌ.jo],[bo.go.dʒom.bɛ.wʌ.jo]
내 줘야,6,[nɛ.tʃwʌ.ja],[nɛ.dʒwʌ.ja]
한 시간 됐어,6,[han.si.kan.twɛt̚.ʌ],[han.si.gan.dwɛt̚.ʌ]
감흥이 없어,6,[kam.hɯŋ.i.ʌp̚.ʌ],[gam.hɯŋ.i.ʌp̚.ʌ]
보고 지난,6,[po.ko.tʃi.nan],[bo.go.dʒi.nan]
한 시간 뒤에 다시,6,[han.si.kan.twi.e.ta.si],[han.si.gan.dwi.e.da.si]
내 줘요,6,[nɛ.tʃwʌ.jo],[nɛ.dʒwʌ.jo]
한 시간 반쯤,6,[han.si.kam.pan.tʃ͈ɯm],[han.si.gan.ban.tʃ͈ɯm]
내 즐거움을,6,[nɛ.tʃɯl.kʌ.um.ɯl],[nɛ.dʒɯl.kʌ.um.ɯl]
보고 충격을,6,[po.ko.tʃʰuŋ.kjʌk̚.ɯl],[bo.go.tʃʰuŋ.gjʌk̚.ɯl]
내 증언을,6,[nɛ.tʃɯŋ.ʌn.ɯl],[nɛ.dʒɯŋ.ʌn.ɯl]
한 시간 전엔,6,[han.si.kan.tʃʌn.en],[han.si.gan.dʒʌn.en]
보고 편지를,6,[po.ko.pʰjʌn.tʃi.ɾɯl],[bo.go.pʰjʌn.tʃi.ɾɯl]
한 시간 줄게,6,[han.si.kan.tʃul.ke],[han.si.gan.dʒul.ke]
한 시간 쯤,6,[han.si.kan.tʃ͈ɯm],[han.si.gan.tʃ͈ɯm]
한 시간도 안 되어,6,[han.si.kan.to.an.twe.ʌ],[han.si.gan.to.an.dwe.ʌ]
한 시간만 줘,6,[han.si.kan.man.tʃwʌ],[han.si.gan.man.dʒwʌ]
보고가 들어왔어요,6,[po.ko.ka.tɯl.ʌ.wat̚.ʌ.jo],[bo.go.ga.dɯl.ʌ.wat̚.ʌ.jo]
보고가 들어오고,6,[po.ko.ka.tɯl.ʌ.o.ko],[bo.go.ga.dɯl.ʌ.o.go]
보고가 있었다,6,[po.ko.ka.it̚.ʌt̚.ta],[bo.go.ga.it̚.ʌt̚.ta]
곳에 있을거야,6,[kot̚.e.it̚.ɯl.kʌ.ja],[got̚.e.it̚.ɯl.kʌ.ja]
play with me,6,,
한 시간은 걸릴,6,[han.si.kan.ɯŋ.kʌl.ɾil],[han.si.gan.ɯn.gʌl.ɾil]
내 지구에서는,6,[nɛ.tʃi.ku.e.sʌ.nɯn],[nɛ.dʒi.gu.e.sʌ.nɯn]
한 시간이나 지났어,6,[han.si.kan.i.na.tʃi.nat̚.ʌ],[han.si.gan.i.na.dʒi.nat̚.ʌ]
보고도 그런 말이 나와,6,[po.ko.to.kɯ.ɾʌn.mal.i.na.wa],[bo.go.do.gɯ.ɾʌn.mal.i.na.wa]
한 시간이면 돼,6,[han.si.kan.i.mjʌn.twɛ],[han.si.gan.i.mjʌn.dwɛ]
곳에 자리,6,[kot̚.e.tʃa.ɾi],[got̚.e.dʒa.ɾi]
한 시까지,6,[han.si.k͈a.tʃi],[han.si.k͈a.dʒi]
보고도 안 하고,6,[po.ko.to.an.ha.ko],[bo.go.do.an.ha.go]
한 시즌,6,[han.si.tʃɯn],[han.si.dʒɯn]
한 식구가,6,[han.sik̚.ku.ka],[han.sik̚.ku.ga]
한 실수는,6,[han.sil.su.nɯn],[han.sil.su.nɯn]
한 실수,6,[han.sil.su],[han.sil.su]
보고되지 않은,6,[po.ko.twe.tʃi.an.ɯn],[bo.go.dwe.dʒi.an.ɯn]
한 싸워야,6,[han.s͈a.wʌ.ja],[han.s͈a.wʌ.ja]
play you,6,,
한 아들은,6,[han.a.tɯl.ɯn],[han.a.dɯl.ɯn]
이름 같네,6,[i.ɾɯm.kat̚.ne],[i.ɾɯm.gat̚.ne]
한 아무 일도,6,[han.a.mu.il.to],[han.a.mu.il.to]
감히 그런 말을 해,6,[kam.hi.kɯ.ɾʌn.mal.ɯl.hɛ],[gam.hi.gɯ.ɾʌn.mal.ɯl.hɛ]
화면을 보고 문장으로,6,[hwa.mjʌn.ɯl.po.ko.mun.tʃaŋ.ɯ.ɾo],[hwa.mjʌn.ɯl.bo.go.mun.tʃaŋ.ɯ.ɾo]
화면을 보고 문장으로 말씀해,6,[hwa.mjʌn.ɯl.po.ko.mun.tʃaŋ.ɯ.ɾo.mal.s͈ɯm.hɛ],[hwa.mjʌn.ɯl.bo.go.mun.tʃaŋ.ɯ.ɾo.mal.s͈ɯm.hɛ]
한 아이들을 포기하지,6,[han.a.i.tɯl.ɯl.pʰo.ki.ha.tʃi],[han.a.i.dɯl.ɯl.pʰo.gi.ha.dʒi]
한 아이들을 포기하지 않을,6,[han.a.i.tɯl.ɯl.pʰo.ki.ha.tʃi.an.ɯl],[han.a.i.dɯl.ɯl.pʰo.gi.ha.dʒi.an.ɯl]
한 아주,6,[han.a.tʃu],[han.a.dʒu]
played the,6,,
곳에 하지만,6,[kot̚.e.ha.tʃi.man],[got̚.e.ha.dʒi.man]
한 안 돼,6,[han.an.twɛ],[han.an.dwɛ]
한 알 먹고,6,[han.al.mʌk̚.ko],[han.al.mʌk̚.ko]
한 알 더,6,[han.al.tʌ],[han.al.dʌ]
보고만 있어야,6,[po.ko.man.it̚.ʌ.ja],[bo.go.man.it̚.ʌ.ja]
곳에 함께,6,[kot̚.e.ham.k͈e],[got̚.e.ham.k͈e]
한 얘기 다,6,[han.jɛ.ki.ta],[han.jɛ.gi.da]
한 약속이야,6,[han.jak̚.sok̚.i.ja],[han.jak̚.sok̚.i.ja]
I didn''t try,6,,
be down,6,,
화분에 물 주고,6,[hwa.pun.e.mul.tʃu.ko],[hwa.bun.e.mul.dʒu.go]
곳에 희망을,6,[kot̚.e.hɯi.maŋ.ɯl],[got̚.e.hɯi.maŋ.ɯl]
한 얘기잖아요,6,[han.jɛ.ki.tʃan.a.jo],[han.jɛ.gi.dʒan.a.jo]
이름 나는,6,[i.ɾɯm.na.nɯn],[i.ɾɯm.na.nɯn]
한 여기,6,[han.jʌ.ki],[han.jʌ.gi]
한 어머니가,6,[han.ʌ.mʌ.ni.ka],[han.ʌ.mʌ.ni.ga]
보고만 있진 않을,6,[po.ko.man.it̚.tʃin.an.ɯl],[bo.go.man.it̚.tʃin.an.ɯl]
보고서 내,6,[po.ko.sʌ.nɛ],[bo.go.sʌ.nɛ]
한 여성은,6,[han.jʌ.sʌŋ.ɯn],[han.jʌ.sʌŋ.ɯn]
곳에서 같은,6,[kot̚.e.sʌ.kat̚.ɯn],[got̚.e.sʌ.gat̚.ɯn]
화살 하나도 위험합니다 너무,6,[hwa.sal.ha.na.to.wi.hʌm.hap̚.ni.ta.nʌ.mu],[hwa.sal.ha.na.do.wi.hʌm.hap̚.ni.da.nʌ.mu]
한 여인의,6,[han.jʌ.in.ɯi],[han.jʌ.in.ɯi]
한 여자가 있다,6,[han.jʌ.tʃa.ka.it̚.ta],[han.jʌ.dʒa.ga.it̚.ta]
보고서 사본,6,[po.ko.sʌ.sa.pon],[bo.go.sʌ.sa.bon]
화살을 되돌려,6,[hwa.sal.ɯl.twe.tol.ɾjʌ],[hwa.sal.ɯl.dwe.dol.ɾjʌ]
내 지인,6,[nɛ.tʃi.in],[nɛ.dʒi.in]
보고서 어디,6,[po.ko.sʌ.ʌ.ti],[bo.go.sʌ.ʌ.di]
한 영혼을,6,[han.jʌŋ.hon.ɯl],[han.jʌŋ.hon.ɯl]
보고서 제출해,6,[po.ko.sʌ.tʃe.tʃʰul.hɛ],[bo.go.sʌ.dʒe.tʃʰul.hɛ]
내 지지율은,6,[nɛ.tʃi.tʃi.jul.ɯn],[nɛ.dʒi.dʒi.jul.ɯn]
한 올이라도,6,[han.ol.i.ɾa.to],[han.ol.i.ɾa.do]
곳에서 그렇게,6,[kot̚.e.sʌ.kɯ.ɾʌt̚.ke],[got̚.e.sʌ.gɯ.ɾʌt̚.ke]
보고서는 다,6,[po.ko.sʌ.nɯn.ta],[bo.go.sʌ.nɯn.da]
감히 나와,6,[kam.hi.na.wa],[gam.hi.na.wa]
보고서를 기다리고,6,[po.ko.sʌ.ɾɯl.ki.ta.ɾi.ko],[bo.go.sʌ.ɾɯl.gi.da.ɾi.go]
내 지휘,6,[nɛ.tʃi.hwi],[nɛ.dʒi.hwi]
화상 채팅 앱,6,[hwa.saŋ.tʃʰɛ.tʰiŋ.ɛp̚],[hwa.saŋ.tʃʰɛ.tʰiŋ.ɛp̚]
내 지휘하에,6,[nɛ.tʃi.hwi.ha.e],[nɛ.dʒi.hwi.ha.e]
곳에서 나오는,6,[kot̚.e.sʌ.na.o.nɯn],[got̚.e.sʌ.na.o.nɯn]
내 직감에 따르면,6,[nɛ.tʃik̚.kam.e.t͈a.ɾɯ.mjʌn],[nɛ.dʒik̚.kam.e.t͈a.ɾɯ.mjʌn]
한 이국적인,6,[han.i.kuk̚.tʃʌk̚.in],[han.i.guk̚.tʃʌk̚.in]
한 이국적인 자료를 모두,6,[han.i.kuk̚.tʃʌk̚.in.tʃa.ɾjo.ɾɯl.mo.tu],[han.i.guk̚.tʃʌk̚.in.dʒa.ɾjo.ɾɯl.mo.du]
한 이런,6,[han.i.ɾʌn],[han.i.ɾʌn]
한 이국적인 자료를,6,[han.i.kuk̚.tʃʌk̚.in.tʃa.ɾjo.ɾɯl],[han.i.guk̚.tʃʌk̚.in.dʒa.ɾjo.ɾɯl]
한 이야기가,6,[han.i.ja.ki.ka],[han.i.ja.gi.ga]
곳에서 나온,6,[kot̚.e.sʌ.na.on],[got̚.e.sʌ.na.on]
보고서를 읽었는데,6,[po.ko.sʌ.ɾɯl.ik̚.ʌt̚.nɯn.te],[bo.go.sʌ.ɾɯl.ik̚.ʌt̚.nɯn.te]
한 이틀 정도,6,[han.i.tʰɯl.tʃʌŋ.to],[han.i.tʰɯl.dʒʌŋ.do]
한 인터뷰에서,6,[han.in.tʰʌ.pju.e.sʌ],[han.in.tʰʌ.bju.e.sʌ]
한 일 우리가,6,[han.il.u.ɾi.ka],[han.il.u.ɾi.ga]
보고서를 작성해,6,[po.ko.sʌ.ɾɯl.tʃak̚.sʌŋ.hɛ],[bo.go.sʌ.ɾɯl.dʒak̚.sʌŋ.hɛ]
보고서를 작성,6,[po.ko.sʌ.ɾɯl.tʃak̚.sʌŋ],[bo.go.sʌ.ɾɯl.dʒak̚.sʌŋ]
곳에서 너를,6,[kot̚.e.sʌ.nʌ.ɾɯl],[got̚.e.sʌ.nʌ.ɾɯl]
한 일 중에 제일,6,[han.il.tʃuŋ.e.tʃe.il],[han.il.dʒuŋ.e.dʒe.il]
내 직업도,6,[nɛ.tʃik̚.ʌp̚.to],[nɛ.dʒik̚.ʌp̚.to]
한 일만,6,[han.il.man],[han.il.man]
감히 나한테 그런,6,[kam.hi.na.han.tʰe.kɯ.ɾʌn],[gam.hi.na.han.tʰe.gɯ.ɾʌn]
화상통지서를 받았다,6,[hwa.saŋ.tʰoŋ.tʃi.sʌ.ɾɯl.pat̚.at̚.ta],[hwa.saŋ.tʰoŋ.dʒi.sʌ.ɾɯl.bat̚.at̚.ta]
보고싶지 않소,6,[po.ko.sip̚.tʃi.an.so],[bo.go.sip̚.tʃi.an.so]
한 일은 정말,6,[han.il.ɯn.tʃʌŋ.mal],[han.il.ɯn.dʒʌŋ.mal]
보고요 내가,6,[po.ko.jo.nɛ.ka],[bo.go.jo.nɛ.ga]
한 일을 할 수,6,[han.il.ɯl.hal.su],[han.il.ɯl.hal.su]
be easier,6,,
보고픈 루시,6,[po.ko.pʰɯl.lu.si],[bo.go.pʰɯl.lu.si]
내 직업이지,6,[nɛ.tʃik̚.ʌp̚.i.tʃi],[nɛ.dʒik̚.ʌp̚.i.dʒi]
화성 지부의,6,[hwa.sʌŋ.tʃi.pu.ɯi],[hwa.sʌŋ.dʒi.bu.ɯi]
보고픈 루시 숙모님,6,[po.ko.pʰɯl.lu.si.suk̚.mo.nim],[bo.go.pʰɯl.lu.si.suk̚.mo.nim]
보고하게 네,6,[po.ko.ha.ke.ne],[bo.go.ha.ge.ne]
한 일이라,6,[han.il.i.ɾa],[han.il.i.ɾa]
보고하고 네,6,[po.ko.ha.ko.ne],[bo.go.ha.go.ne]
내 직원들,6,[nɛ.tʃik̚.wʌn.tɯl],[nɛ.dʒik̚.wʌn.tɯl]
화성 궤도에,6,[hwa.sʌŋ.kwe.to.e],[hwa.sʌŋ.gwe.do.e]
내 직원들은,6,[nɛ.tʃik̚.wʌn.tɯl.ɯn],[nɛ.dʒik̚.wʌn.tɯl.ɯn]
한 일이었어,6,[han.il.i.ʌt̚.ʌ],[han.il.i.ʌt̚.ʌ]
내가 애도,6,[nɛ.ka.ɛ.to],[nɛ.ga.ɛ.do]
화성에 돌아갈,6,[hwa.sʌŋ.e.tol.a.kal],[hwa.sʌŋ.e.dol.a.gal]
내 직원이야,6,[nɛ.tʃik̚.wʌn.i.ja],[nɛ.dʒik̚.wʌn.i.ja]
부족하니 최소인원을,6,[pu.tʃok̚.ha.ni.tʃʰwe.so.in.wʌn.ɯl],[bu.dʒok̚.ha.ni.tʃʰwe.so.in.wʌn.ɯl]
보고하지 마,6,[po.ko.ha.tʃi.ma],[bo.go.ha.dʒi.ma]
한 입 먹을,6,[han.ip̚.mʌk̚.ɯl],[han.ip̚.mʌk̚.ɯl]
내 직장에서,6,[nɛ.tʃik̚.tʃaŋ.e.sʌ],[nɛ.dʒik̚.tʃaŋ.e.sʌ]
한 입 안 할,6,[han.ip̚.an.hal],[han.ip̚.an.hal]
보고할 거 있어,6,[po.ko.hal.kʌ.it̚.ʌ],[bo.go.hal.gʌ.it̚.ʌ]
부족하니 최소인원을 제외한 해당,6,[pu.tʃok̚.ha.ni.tʃʰwe.so.in.wʌn.ɯl.tʃe.we.han.hɛ.taŋ],[bu.dʒok̚.ha.ni.tʃʰwe.so.in.wʌn.ɯl.dʒe.we.han.hɛ.daŋ]
한 입만 먹자,6,[han.ip̚.man.mʌk̚.tʃa],[han.ip̚.man.mʌk̚.tʃa]
한 입으로 두,6,[han.ip̚.ɯ.ɾo.tu],[han.ip̚.ɯ.ɾo.du]
한 자기,6,[han.tʃa.ki],[han.dʒa.gi]
보고할 테니,6,[po.ko.hal.tʰe.ni],[bo.go.hal.tʰe.ni]
한 자리 더,6,[han.tʃa.ɾi.tʌ],[han.dʒa.ɾi.dʌ]
곳에서 만날,6,[kot̚.e.sʌ.man.nal],[got̚.e.sʌ.man.nal]
화염 방사기,6,[hwa.jʌm.paŋ.sa.ki],[hwa.jʌm.baŋ.sa.gi]
한 자와 나오키 제,6,[han.tʃa.wa.na.o.kʰi.tʃe],[han.dʒa.wa.na.o.kʰi.dʒe]
한 자와 나오키,6,[han.tʃa.wa.na.o.kʰi],[han.dʒa.wa.na.o.kʰi]
한 작품,6,[han.tʃak̚.pʰum],[han.dʒak̚.pʰum]
한 자신을,6,[han.tʃa.sin.ɯl],[han.dʒa.sin.ɯl]
내가 애써,6,[nɛ.ka.ɛ.s͈ʌ],[nɛ.ga.ɛ.s͈ʌ]
보고해야 하는,6,[po.ko.hɛ.ja.ha.nɯn],[bo.go.hɛ.ja.ha.nɯn]
내 진심으로,6,[nɛ.tʃin.sim.ɯ.ɾo],[nɛ.dʒin.sim.ɯ.ɾo]
be embarrassed,6,,
보곤 해요,6,[po.kon.hɛ.jo],[bo.gon.hɛ.jo]
한 잔 더 할,6,[han.tʃan.tʌ.hal],[han.dʒan.dʌ.hal]
보곤 했어,6,[po.kon.hɛt̚.ʌ],[bo.gon.hɛt̚.ʌ]
보곤 했다,6,[po.kon.hɛt̚.ta],[bo.gon.hɛt̚.ta]
보곤 했지,6,[po.kon.hɛt̚.tʃi],[bo.gon.hɛt̚.tʃi]
화요일이 아니라,6,[hwa.jo.il.i.a.ni.ɾa],[hwa.jo.il.i.a.ni.ɾa]
한 잔 마셨다,6,[han.tʃan.ma.sjʌt̚.ta],[han.dʒan.ma.sjʌt̚.ta]
한 잔 마시다,6,[han.tʃan.ma.si.ta],[han.dʒan.ma.si.da]
한 잔 마시러,6,[han.tʃan.ma.si.ɾʌ],[han.dʒan.ma.si.ɾʌ]
보관돼 있어,6,[po.kwan.twɛ.it̚.ʌ],[bo.gwan.twɛ.it̚.ʌ]
내 진짜 모습,6,[nɛ.tʃin.tʃ͈a.mo.sɯp̚],[nɛ.dʒin.tʃ͈a.mo.sɯp̚]
한 잔 못,6,[han.tʃan.mot̚],[han.dʒan.mot̚]
곳에서 뭐,6,[kot̚.e.sʌ.mwʌ],[got̚.e.sʌ.mwʌ]
한 잔 사고 싶은데요,6,[han.tʃan.sa.ko.sip̚.ɯn.te.jo],[han.dʒan.sa.go.sip̚.ɯn.te.jo]
한 잔 사죠,6,[han.tʃan.sa.tʃjo],[han.dʒan.sa.dʒjo]
곳에서 발견됐어요,6,[kot̚.e.sʌ.pal.kjʌn.twɛt̚.ʌ.jo],[got̚.e.sʌ.bal.kjʌn.twɛt̚.ʌ.jo]
한 잔 살게,6,[han.tʃan.sal.ke],[han.dʒan.sal.ke]
한 잔 살까,6,[han.tʃan.sal.k͈a],[han.dʒan.sal.k͈a]
한 잔 살까요,6,[han.tʃan.sal.k͈a.jo],[han.dʒan.sal.k͈a.jo]
보관하고 있을,6,[po.kwan.ha.ko.it̚.ɯl],[bo.gwan.ha.go.it̚.ɯl]
보관하고 있었어요,6,[po.kwan.ha.ko.it̚.ʌt̚.ʌ.jo],[bo.gwan.ha.go.it̚.ʌt̚.ʌ.jo]
곳에서 발견된다,6,[kot̚.e.sʌ.pal.kjʌn.twen.ta],[got̚.e.sʌ.bal.kjʌn.twen.ta]
곳에서 벗어나고,6,[kot̚.e.sʌ.pʌt̚.ʌ.na.ko],[got̚.e.sʌ.bʌt̚.ʌ.na.go]
감히 내 허락도,6,[kam.hi.nɛ.hʌ.ɾak̚.to],[gam.hi.nɛ.hʌ.ɾak̚.to]
내 질문에 답이나,6,[nɛ.tʃil.mun.e.tap̚.i.na],[nɛ.dʒil.mun.e.dap̚.i.na]
한 잔 줘라,6,[han.tʃan.tʃwʌ.ɾa],[han.dʒan.dʒwʌ.ɾa]
보관하는 데,6,[po.kwan.ha.nɯn.te],[bo.gwan.ha.nɯn.de]
Not unless,6,,
한 잔 하는게,6,[han.tʃan.ha.nɯŋ.ke],[han.dʒan.ha.nɯŋ.ke]
감히 내 허락도 없이,6,[kam.hi.nɛ.hʌ.ɾak̚.to.ʌp̚.i],[gam.hi.nɛ.hʌ.ɾak̚.to.ʌp̚.i]
화이트 와인이,6,[hwa.i.tʰɯ.wa.in.i],[hwa.i.tʰɯ.wa.in.i]
보관한 건,6,[po.kwan.haŋ.kʌn],[bo.gwan.han.gʌn]
한 잔 하죠,6,[han.tʃan.ha.tʃjo],[han.dʒan.ha.dʒjo]
한 잔 할까요,6,[han.tʃan.hal.k͈a.jo],[han.dʒan.hal.k͈a.jo]
곳에서 사는,6,[kot̚.e.sʌ.sa.nɯn],[got̚.e.sʌ.sa.nɯn]
보관할 수 있을,6,[po.kwan.hal.su.it̚.ɯl],[bo.gwan.hal.su.it̚.ɯl]
내 질문에 대답할,6,[nɛ.tʃil.mun.e.tɛ.tap̚.hal],[nɛ.dʒil.mun.e.dɛ.dap̚.hal]
화이트채플로 확산,6,[hwa.i.tʰɯ.tʃʰɛ.pʰɯl.ɾo.hwak̚.san],[hwa.i.tʰɯ.tʃʰɛ.pʰɯl.ɾo.hwak̚.san]
please let,6,,
한 잔만 더 하고,6,[han.tʃan.man.tʌ.ha.ko],[han.dʒan.man.dʌ.ha.go]
내 질문에 대답해요,6,[nɛ.tʃil.mun.e.tɛ.tap̚.hɛ.jo],[nɛ.dʒil.mun.e.dɛ.dap̚.hɛ.jo]
한 잔만 마셔도,6,[han.tʃan.man.ma.sjʌ.to],[han.dʒan.man.ma.sjʌ.do]
한 잔만 마실 수,6,[han.tʃan.man.ma.sil.su],[han.dʒan.man.ma.sil.su]
한 잔만 마실,6,[han.tʃan.man.ma.sil],[han.dʒan.man.ma.sil]
한 잔만 줄래,6,[han.tʃan.man.tʃul.ɾɛ],[han.dʒan.man.dʒul.ɾɛ]
곳에서 살아야,6,[kot̚.e.sʌ.sal.a.ja],[got̚.e.sʌ.sal.a.ja]
내 질문에나,6,[nɛ.tʃil.mun.e.na],[nɛ.dʒil.mun.e.na]
화장 좀 고치고 올게요,6,[hwa.tʃaŋ.tʃom.ko.tʃʰi.ko.ol.ke.jo],[hwa.dʒaŋ.dʒom.go.tʃʰi.go.ol.ke.jo]
보군 내가 도울,6,[po.kun.nɛ.ka.to.ul],[bo.gun.nɛ.ga.do.ul]
부족할 때가,6,[pu.tʃok̚.hal.t͈ɛ.ka],[bu.dʒok̚.hal.t͈ɛ.ga]
Not unless you,6,,
보군 내가 도울 게,6,[po.kun.nɛ.ka.to.ul.ke],[bo.gun.nɛ.ga.do.ul.ge]
내 질문의,6,[nɛ.tʃil.mun.ɯi],[nɛ.dʒil.mun.ɯi]
보군 다른,6,[po.kun.ta.ɾɯn],[bo.gun.da.ɾɯn]
내 질문이,6,[nɛ.tʃil.mun.i],[nɛ.dʒil.mun.i]
보군 무슨,6,[po.kun.mu.sɯn],[bo.gun.mu.sɯn]
한 장 온 카드가,6,[han.tʃaŋ.oŋ.kʰa.tɯ.ka],[han.dʒaŋ.oŋ.kʰa.dɯ.ga]
한 장 온,6,[han.tʃaŋ.on],[han.dʒaŋ.on]
보군 안,6,[po.kun.an],[bo.gun.an]
곳에서 얘기,6,[kot̚.e.sʌ.jɛ.ki],[got̚.e.sʌ.jɛ.gi]
화장실 가기,6,[hwa.tʃaŋ.sil.ka.ki],[hwa.dʒaŋ.sil.ga.gi]
한 장 찍을게요,6,[han.tʃaŋ.tʃ͈ik̚.ɯl.ke.jo],[han.dʒaŋ.tʃ͈ik̚.ɯl.ke.jo]
한 장 한 장,6,[han.tʃaŋ.han.tʃaŋ],[han.dʒaŋ.han.dʒaŋ]
한 장과,6,[han.tʃaŋ.kwa],[han.dʒaŋ.gwa]
보군 이봐,6,[po.kun.i.pwa],[bo.gun.i.bwa]
내 짐도,6,[nɛ.tʃin.to],[nɛ.dʒin.to]
보군요 그,6,[po.kun.jo.kɯ],[bo.gun.jo.gɯ]
한 장소에서 다른 장소로,6,[han.tʃaŋ.so.e.sʌ.ta.ɾɯn.tʃaŋ.so.ɾo],[han.dʒaŋ.so.e.sʌ.da.ɾɯn.dʒaŋ.so.ɾo]
please stop,6,,
곳에서 오래,6,[kot̚.e.sʌ.o.ɾɛ],[got̚.e.sʌ.o.ɾɛ]
보군요 내가,6,[po.kun.jo.nɛ.ka],[bo.gun.jo.nɛ.ga]
보궐 선거,6,[po.kwʌl.sʌŋ.kʌ],[bo.gwʌl.sʌŋ.kʌ]
곳에서 왔어,6,[kot̚.e.sʌ.wat̚.ʌ],[got̚.e.sʌ.wat̚.ʌ]
보금자리를 만들어,6,[po.kɯn.tʃa.ɾi.ɾɯl.man.tɯl.ʌ],[bo.gɯn.tʃa.ɾi.ɾɯl.man.tɯl.ʌ]
내 집 같은,6,[nɛ.tʃip̚.kat̚.ɯn],[nɛ.dʒip̚.gat̚.ɯn]
보금자리를 만들어 가고,6,[po.kɯn.tʃa.ɾi.ɾɯl.man.tɯl.ʌ.ka.ko],[bo.gɯn.tʃa.ɾi.ɾɯl.man.tɯl.ʌ.ga.go]
화장실 갈 때마다,6,[hwa.tʃaŋ.sil.kal.t͈ɛ.ma.ta],[hwa.dʒaŋ.sil.gal.t͈ɛ.ma.da]
부족해 네가,6,[pu.tʃok̚.hɛ.ne.ka],[bu.dʒok̚.hɛ.ne.ga]
보금자리를 만들어 가고 있다,6,[po.kɯn.tʃa.ɾi.ɾɯl.man.tɯl.ʌ.ka.ko.it̚.ta],[bo.gɯn.tʃa.ɾi.ɾɯl.man.tɯl.ʌ.ga.go.it̚.ta]
한 적 없었는데,6,[han.tʃʌk̚.ʌp̚.ʌt̚.nɯn.te],[han.dʒʌk̚.ʌp̚.ʌt̚.nɯn.te]
한 적 없어요 하지만,6,[han.tʃʌk̚.ʌp̚.ʌ.jo.ha.tʃi.man],[han.dʒʌk̚.ʌp̚.ʌ.jo.ha.dʒi.man]
화장실 갔나,6,[hwa.tʃaŋ.sil.kat̚.na],[hwa.dʒaŋ.sil.gat̚.na]
보급도 훌륭하죠,6,[po.kɯp̚.to.hul.ɾjuŋ.ha.tʃjo],[bo.gɯp̚.to.hul.ɾjuŋ.ha.dʒjo]
한 적 있잖아,6,[han.tʃʌk̚.it̚.tʃan.a],[han.dʒʌk̚.it̚.tʃan.a]
감히 말,6,[kam.hi.mal],[gam.hi.mal]
화장실 골탕,6,[hwa.tʃaŋ.sil.kol.tʰaŋ],[hwa.dʒaŋ.sil.gol.tʰaŋ]
내 집과 내,6,[nɛ.tʃip̚.kwa.nɛ],[nɛ.dʒip̚.kwa.nɛ]
한 적도 있어,6,[han.tʃʌk̚.to.it̚.ʌ],[han.dʒʌk̚.to.it̚.ʌ]
한 적은 없다,6,[han.tʃʌk̚.ɯn.ʌp̚.ta],[han.dʒʌk̚.ɯn.ʌp̚.ta]
한 적은 없는데,6,[han.tʃʌk̚.ɯn.ʌp̚.nɯn.te],[han.dʒʌk̚.ɯn.ʌp̚.nɯn.te]
한 적은 한,6,[han.tʃʌk̚.ɯn.han],[han.dʒʌk̚.ɯn.han]
화장실 때문에,6,[hwa.tʃaŋ.sil.t͈ɛ.mun.e],[hwa.dʒaŋ.sil.t͈ɛ.mun.e]
보기 때문에,6,[po.ki.t͈ɛ.mun.e],[bo.gi.t͈ɛ.mun.e]
보기 때문이다,6,[po.ki.t͈ɛ.mun.i.ta],[bo.gi.t͈ɛ.mun.i.da]
한 적이 없는데요,6,[han.tʃʌk̚.i.ʌp̚.nɯn.te.jo],[han.dʒʌk̚.i.ʌp̚.nɯn.te.jo]
곳에서 이런 장면이,6,[kot̚.e.sʌ.i.ɾʌn.tʃaŋ.mjʌn.i],[got̚.e.sʌ.i.ɾʌn.dʒaŋ.mjʌn.i]
보기 쉽지,6,[po.ki.swip̚.tʃi],[bo.gi.swip̚.tʃi]
보기 시작하는,6,[po.ki.si.tʃak̚.ha.nɯn],[bo.gi.si.dʒak̚.ha.nɯn]
내 집무실로,6,[nɛ.tʃip̚.mu.sil.ɾo],[nɛ.dʒip̚.mu.sil.ɾo]
내가 약해,6,[nɛ.ka.jak̚.hɛ],[nɛ.ga.jak̚.hɛ]
한 적이 없죠,6,[han.tʃʌk̚.i.ʌp̚.tʃjo],[han.dʒʌk̚.i.ʌp̚.tʃjo]
please tell me,6,,
내 집에 가서,6,[nɛ.tʃip̚.e.ka.sʌ],[nɛ.dʒip̚.e.ga.sʌ]
보기 싫거든요,6,[po.ki.sil.kʌ.tɯn.jo],[bo.gi.sil.kʌ.dɯn.jo]
곳에서 이런 장면이 반복되고,6,[kot̚.e.sʌ.i.ɾʌn.tʃaŋ.mjʌn.i.pam.pok̚.twe.ko],[got̚.e.sʌ.i.ɾʌn.dʒaŋ.mjʌn.i.bam.pok̚.twe.go]
한 적이 한 번도,6,[han.tʃʌk̚.i.ham.pʌn.to],[han.dʒʌk̚.i.han.bʌn.to]
한 적임자가,6,[han.tʃʌk̚.in.tʃa.ka],[han.dʒʌk̚.in.tʃa.ga]
보기 싫대,6,[po.ki.sil.tɛ],[bo.gi.sil.tɛ]
한 절대 안,6,[han.tʃʌl.tɛ.an],[han.dʒʌl.tɛ.an]
한 젊은이가,6,[han.tʃʌm.ɯn.i.ka],[han.dʒʌm.ɯn.i.ga]
내 집에 온 걸,6,[nɛ.tʃip̚.e.oŋ.kʌl],[nɛ.dʒip̚.e.on.gʌl]
내 집에 와서 내,6,[nɛ.tʃip̚.e.wa.sʌ.nɛ],[nɛ.dʒip̚.e.wa.sʌ.nɛ]
감히 말을,6,[kam.hi.mal.ɯl],[gam.hi.mal.ɯl]
한 조각까지,6,[han.tʃo.kak̚.k͈a.tʃi],[han.dʒo.gak̚.k͈a.dʒi]
한 조각 갖다,6,[han.tʃo.kak̚.kat̚.ta],[han.dʒo.gak̚.gat̚.ta]
부추기고 있습니다,6,[pu.tʃʰu.ki.ko.it̚.sɯp̚.ni.ta],[bu.tʃʰu.gi.go.it̚.sɯp̚.ni.da]
부추기고 있어,6,[pu.tʃʰu.ki.ko.it̚.ʌ],[bu.tʃʰu.gi.go.it̚.ʌ]
내 집에도,6,[nɛ.tʃip̚.e.to],[nɛ.dʒip̚.e.do]
한 주 정도,6,[han.tʃu.tʃʌŋ.to],[han.dʒu.dʒʌŋ.do]
한 주말 쉬어도,6,[han.tʃu.mal.swi.ʌ.to],[han.dʒu.mal.swi.ʌ.do]
보기 전까지는요,6,[po.ki.tʃʌŋ.k͈a.tʃi.nɯn.jo],[bo.gi.dʒʌŋ.k͈a.dʒi.nɯn.jo]
보기 전까지는 말이야,6,[po.ki.tʃʌŋ.k͈a.tʃi.nɯn.mal.i.ja],[bo.gi.dʒʌŋ.k͈a.dʒi.nɯn.mal.i.ja]
한 주먹,6,[han.tʃu.mʌk̚],[han.dʒu.mʌk̚]
한 주말 쉬어도 될까요,6,[han.tʃu.mal.swi.ʌ.to.twel.k͈a.jo],[han.dʒu.mal.swi.ʌ.do.dwel.k͈a.jo]
보기 전에 어서,6,[po.ki.tʃʌn.e.ʌ.sʌ],[bo.gi.dʒʌn.e.ʌ.sʌ]
내 집에서 나를,6,[nɛ.tʃip̚.e.sʌ.na.ɾɯl],[nɛ.dʒip̚.e.sʌ.na.ɾɯl]
보기 전에 얼른,6,[po.ki.tʃʌn.e.ʌl.ɾɯn],[bo.gi.dʒʌn.e.ʌl.ɾɯn]
보기 전에요,6,[po.ki.tʃʌn.e.jo],[bo.gi.dʒʌn.e.jo]
한 줄 알고,6,[han.tʃul.al.ko],[han.dʒul.al.ko]
한 줄 알았다,6,[han.tʃul.al.at̚.ta],[han.dʒul.al.at̚.ta]
한 줄 알았는데요,6,[han.tʃul.al.at̚.nɯn.te.jo],[han.dʒul.al.at̚.nɯn.te.jo]
한 줄 알았지,6,[han.tʃul.al.at̚.tʃi],[han.dʒul.al.at̚.tʃi]
한 줄기 빛을,6,[han.tʃul.ki.pit̚.ɯl],[han.dʒul.ki.bit̚.ɯl]
보기 좋고,6,[po.ki.tʃot̚.ko],[bo.gi.dʒot̚.ko]
곳에선 안,6,[kot̚.e.sʌn.an],[got̚.e.sʌn.an]
곳에서 함께,6,[kot̚.e.sʌ.ham.k͈e],[got̚.e.sʌ.ham.k͈e]
한 줄씩,6,[han.tʃul.s͈ik̚],[han.dʒul.s͈ik̚]
한 줄로 서세요,6,[han.tʃul.ɾo.sʌ.se.jo],[han.dʒul.ɾo.sʌ.se.jo]
보기 좋던데요,6,[po.ki.tʃot̚.tʌn.te.jo],[bo.gi.dʒot̚.tʌn.te.jo]
한 중국,6,[han.tʃuŋ.kuk̚],[han.dʒuŋ.guk̚]
한 증거는,6,[han.tʃɯŋ.kʌ.nɯn],[han.dʒɯŋ.gʌ.nɯn]
부츠 해제,6,[pu.tʃʰɯ.hɛ.tʃe],[bu.tʃʰɯ.hɛ.dʒe]
한 지 얼마나 됐어요,6,[han.tʃi.ʌl.ma.na.twɛt̚.ʌ.jo],[han.dʒi.ʌl.ma.na.dwɛt̚.ʌ.jo]
화장실 한,6,[hwa.tʃaŋ.sil.han],[hwa.dʒaŋ.sil.han]
한 지구,6,[han.tʃi.ku],[han.dʒi.gu]
보기 좋지 않다,6,[po.ki.tʃot̚.tʃi.an.ta],[bo.gi.dʒot̚.tʃi.an.ta]
보기 좋지는,6,[po.ki.tʃot̚.tʃi.nɯn],[bo.gi.dʒot̚.tʃi.nɯn]
한 지역에,6,[han.tʃi.jʌk̚.e],[han.dʒi.jʌk̚.e]
한 지점에,6,[han.tʃi.tʃʌm.e],[han.dʒi.dʒʌm.e]
한 지점으로,6,[han.tʃi.tʃʌm.ɯ.ɾo],[han.dʒi.dʒʌm.ɯ.ɾo]
보기 좋죠,6,[po.ki.tʃot̚.tʃjo],[bo.gi.dʒot̚.tʃjo]
한 직후에,6,[han.tʃik̚.hu.e],[han.dʒik̚.hu.e]
보기 흉하지,6,[po.ki.hjuŋ.ha.tʃi],[bo.gi.hjuŋ.ha.dʒi]
한 질문에,6,[han.tʃil.mun.e],[han.dʒil.mun.e]
보기 참,6,[po.ki.tʃʰam],[bo.gi.tʃʰam]
한 짓 때문에 난,6,[han.tʃit̚.t͈ɛ.mun.e.nan],[han.dʒit̚.t͈ɛ.mun.e.nan]
한 짓 같아,6,[han.tʃit̚.kat̚.a],[han.dʒit̚.gat̚.a]
한 짓 아니에요,6,[han.tʃit̚.a.ni.e.jo],[han.dʒit̚.a.ni.e.jo]
보기 힘들다'',6,[po.ki.hin.tɯl.ta],[bo.gi.hin.tɯl.ta]
내 집을 잃을 수있어,6,[nɛ.tʃip̚.ɯl.il.ɯl.su.it̚.ʌ],[nɛ.dʒip̚.ɯl.il.ɯl.su.it̚.ʌ]
보기 힘들지만,6,[po.ki.hin.tɯl.tʃi.man],[bo.gi.hin.tɯl.tʃi.man]
한 짓 중,6,[han.tʃit̚.tʃuŋ],[han.dʒit̚.dʒuŋ]
곳으로 가거라,6,[kot̚.ɯ.ɾo.ka.kʌ.ɾa],[got̚.ɯ.ɾo.ga.gʌ.ɾa]
부친께서도 늘,6,[pu.tʃʰiŋ.k͈e.sʌ.to.nɯl],[bu.tʃʰiŋ.k͈e.sʌ.do.nɯl]
부친은 자기,6,[pu.tʃʰin.ɯn.tʃa.ki],[bu.tʃʰin.ɯn.dʒa.gi]
곳으로 가게 될,6,[kot̚.ɯ.ɾo.ka.ke.twel],[got̚.ɯ.ɾo.ga.ge.dwel]
보기가 안,6,[po.ki.ka.an],[bo.gi.ga.an]
화장실에 가야 할까,6,[hwa.tʃaŋ.sil.e.ka.ja.hal.k͈a],[hwa.dʒaŋ.sil.e.ga.ja.hal.k͈a]
보기도 했고,6,[po.ki.to.hɛt̚.ko],[bo.gi.do.hɛt̚.ko]
한 짓은 용납할,6,[han.tʃit̚.ɯn.joŋ.nap̚.hal],[han.dʒit̚.ɯn.joŋ.nap̚.hal]
한 짓은 용서할,6,[han.tʃit̚.ɯn.joŋ.sʌ.hal],[han.dʒit̚.ɯn.joŋ.sʌ.hal]
한 짓은 용서할 수,6,[han.tʃit̚.ɯn.joŋ.sʌ.hal.su],[han.dʒit̚.ɯn.joŋ.sʌ.hal.su]
한 짓은 용납할 수,6,[han.tʃit̚.ɯn.joŋ.nap̚.hal.su],[han.dʒit̚.ɯn.joŋ.nap̚.hal.su]
한 짓을 되돌릴,6,[han.tʃit̚.ɯl.twe.tol.ɾil],[han.dʒit̚.ɯl.dwe.dol.ɾil]
보기라도 한다면,6,[po.ki.ɾa.to.han.ta.mjʌn],[bo.gi.ɾa.do.han.ta.mjʌn]
한 짓을 말할,6,[han.tʃit̚.ɯl.mal.hal],[han.dʒit̚.ɯl.mal.hal]
내 집이기도 해,6,[nɛ.tʃip̚.i.ki.to.hɛ],[nɛ.dʒip̚.i.gi.do.hɛ]
한 짓을 봤잖아,6,[han.tʃit̚.ɯl.pwat̚.tʃan.a],[han.dʒit̚.ɯl.bwat̚.tʃan.a]
한 짓을 알고 있어,6,[han.tʃit̚.ɯl.al.ko.it̚.ʌ],[han.dʒit̚.ɯl.al.ko.it̚.ʌ]
보기로 했잖아요,6,[po.ki.ɾo.hɛt̚.tʃan.a.jo],[bo.gi.ɾo.hɛt̚.tʃan.a.jo]
한 짓을 잊었어,6,[han.tʃit̚.ɯl.it̚.ʌt̚.ʌ],[han.dʒit̚.ɯl.it̚.ʌt̚.ʌ]
한 짓이 아닌,6,[han.tʃit̚.i.a.nin],[han.dʒit̚.i.a.nin]
보기만 할 뿐,6,[po.ki.man.hal.p͈un],[bo.gi.man.hal.p͈un]
한 짓이겠지,6,[han.tʃit̚.i.ket̚.tʃi],[han.dʒit̚.i.get̚.tʃi]
한 짓이군,6,[han.tʃit̚.i.kun],[han.dʒit̚.i.gun]
보기만 할게요,6,[po.ki.man.hal.ke.jo],[bo.gi.man.hal.ke.jo]
부탁 들어줄 수,6,[pu.tʰak̚.tɯl.ʌ.tʃul.su],[bu.tʰak̚.dɯl.ʌ.dʒul.su]
한 짓이야 내,6,[han.tʃit̚.i.ja.nɛ],[han.dʒit̚.i.ja.nɛ]
보기보다 강한,6,[po.ki.po.ta.kaŋ.han],[bo.gi.bo.da.gaŋ.han]
point is that,6,,
한 짓인 거,6,[han.tʃit̚.iŋ.kʌ],[han.dʒit̚.in.gʌ]
보기보다 똑똑하네,6,[po.ki.po.ta.t͈ok̚.t͈ok̚.ha.ne],[bo.gi.bo.da.t͈ok̚.t͈ok̚.ha.ne]
한 짓인 걸,6,[han.tʃit̚.iŋ.kʌl],[han.dʒit̚.in.gʌl]
보기보다 심하지,6,[po.ki.po.ta.sim.ha.tʃi],[bo.gi.bo.da.sim.ha.dʒi]
한 짝도,6,[han.tʃ͈ak̚.to],[han.tʃ͈ak̚.to]
한 짓일까요,6,[han.tʃit̚.il.k͈a.jo],[han.dʒit̚.il.k͈a.jo]
한 짝씩,6,[han.tʃ͈ak̚.s͈ik̚],[han.tʃ͈ak̚.s͈ik̚]
보기에 그녀는,6,[po.ki.e.kɯ.njʌ.nɯn],[bo.gi.e.gɯ.njʌ.nɯn]
보기에 너,6,[po.ki.e.nʌ],[bo.gi.e.nʌ]
부탁 안 해,6,[pu.tʰak̚.an.hɛ],[bu.tʰak̚.an.hɛ]
scare me,6,,
곳으로 가면 돼,6,[kot̚.ɯ.ɾo.ka.mjʌn.twɛ],[got̚.ɯ.ɾo.ga.mjʌn.dwɛ]
한 차로,6,[han.tʃʰa.ɾo],[han.tʃʰa.ɾo]
보기에도 끔찍했는걸,6,[po.ki.e.to.k͈ɯn.tʃ͈ik̚.hɛt̚.nɯŋ.kʌl],[bo.gi.e.do.k͈ɯn.tʃ͈ik̚.hɛt̚.nɯŋ.kʌl]
보기에도 끔찍했는걸 충격적,6,[po.ki.e.to.k͈ɯn.tʃ͈ik̚.hɛt̚.nɯŋ.kʌl.tʃʰuŋ.kjʌk̚.tʃʌk̚],[bo.gi.e.do.k͈ɯn.tʃ͈ik̚.hɛt̚.nɯŋ.kʌl.tʃʰuŋ.gjʌk̚.tʃʌk̚]
한 채에,6,[han.tʃʰɛ.e],[han.tʃʰɛ.e]
한 척만,6,[han.tʃʰʌk̚.man],[han.tʃʰʌk̚.man]
보기에도 끔찍했는걸 충격적 장면이었지,6,[po.ki.e.to.k͈ɯn.tʃ͈ik̚.hɛt̚.nɯŋ.kʌl.tʃʰuŋ.kjʌk̚.tʃʌk̚.tʃaŋ.mjʌn.i.ʌt̚.tʃi],[bo.gi.e.do.k͈ɯn.tʃ͈ik̚.hɛt̚.nɯŋ.kʌl.tʃʰuŋ.gjʌk̚.tʃʌk̚.dʒaŋ.mjʌn.i.ʌt̚.tʃi]
한 최대로,6,[han.tʃʰwe.tɛ.ɾo],[han.tʃʰwe.dɛ.ɾo]
한 최대한 쏴라,6,[han.tʃʰwe.tɛ.han.s͈wa.ɾa],[han.tʃʰwe.dɛ.han.s͈wa.ɾa]
내 쪽에,6,[nɛ.tʃ͈ok̚.e],[nɛ.tʃ͈ok̚.e]
한 치의 오차도 없이,6,[han.tʃʰi.ɯi.o.tʃʰa.to.ʌp̚.i],[han.tʃʰi.ɯi.o.tʃʰa.do.ʌp̚.i]
보기엔 여기서,6,[po.ki.en.jʌ.ki.sʌ],[bo.gi.en.jʌ.gi.sʌ]
내 쪽의,6,[nɛ.tʃ͈ok̚.ɯi],[nɛ.tʃ͈ok̚.ɯi]
보기엔 우리,6,[po.ki.en.u.ɾi],[bo.gi.en.u.ɾi]
곳으로 가자고요,6,[kot̚.ɯ.ɾo.ka.tʃa.ko.jo],[got̚.ɯ.ɾo.ga.dʒa.go.jo]
보기엔 이게,6,[po.ki.en.i.ke],[bo.gi.en.i.ge]
화재 원인이,6,[hwa.tʃɛ.wʌn.in.i],[hwa.dʒɛ.wʌn.in.i]
보기엔 이미,6,[po.ki.en.i.mi],[bo.gi.en.i.mi]
한 턱 쏴,6,[han.tʰʌk̚.s͈wa],[han.tʰʌk̚.s͈wa]
한 텔러가 틀릴,6,[han.tʰel.ɾʌ.ka.tʰɯl.ɾil],[han.tʰel.ɾʌ.ga.tʰɯl.ɾil]
한 텔러가 틀릴 리가,6,[han.tʰel.ɾʌ.ka.tʰɯl.ɾil.ɾi.ka],[han.tʰel.ɾʌ.ga.tʰɯl.ɾil.ɾi.ga]
한 텔러가,6,[han.tʰel.ɾʌ.ka],[han.tʰel.ɾʌ.ga]
보기와는 다른,6,[po.ki.wa.nɯn.ta.ɾɯn],[bo.gi.wa.nɯn.da.ɾɯn]
내 차 뒷좌석에,6,[nɛ.tʃʰa.twit̚.tʃwa.sʌk̚.e],[nɛ.tʃʰa.dwit̚.tʃwa.sʌk̚.e]
내 차 안에서,6,[nɛ.tʃʰa.an.e.sʌ],[nɛ.tʃʰa.an.e.sʌ]
화재로 사망,6,[hwa.tʃɛ.ɾo.sa.maŋ],[hwa.dʒɛ.ɾo.sa.maŋ]
한 통이랑,6,[han.tʰoŋ.i.ɾaŋ],[han.tʰoŋ.i.ɾaŋ]
내 차 야,6,[nɛ.tʃʰa.ja],[nɛ.tʃʰa.ja]
point out,6,,
한 특정,6,[han.tʰɯk̚.tʃʌŋ],[han.tʰɯk̚.tʃʌŋ]
화재 사건이,6,[hwa.tʃɛ.sa.kʌn.i],[hwa.dʒɛ.sa.gʌn.i]
한 팀 먹죠,6,[han.tʰim.mʌk̚.tʃjo],[han.tʰim.mʌk̚.tʃjo]
감히 제가,6,[kam.hi.tʃe.ka],[gam.hi.dʒe.ga]
한 팀으로서,6,[han.tʰim.ɯ.ɾo.sʌ],[han.tʰim.ɯ.ɾo.sʌ]
보길 원할,6,[po.kil.wʌn.hal],[bo.gil.wʌn.hal]
내 차 타고 가,6,[nɛ.tʃʰa.tʰa.ko.ka],[nɛ.tʃʰa.tʰa.go.ga]
곳으로 갈 겁니다,6,[kot̚.ɯ.ɾo.kal.kʌp̚.ni.ta],[got̚.ɯ.ɾo.gal.gʌp̚.ni.da]
한 팀이지,6,[han.tʰim.i.tʃi],[han.tʰim.i.dʒi]
보길 원했어,6,[po.kil.wʌn.hɛt̚.ʌ],[bo.gil.wʌn.hɛt̚.ʌ]
감히 주인을,6,[kam.hi.tʃu.in.ɯl],[gam.hi.dʒu.in.ɯl]
한 판 더 할까,6,[ham.pʰan.tʌ.hal.k͈a],[ham.pʰan.dʌ.hal.k͈a]
한 판 하고,6,[ham.pʰan.ha.ko],[ham.pʰan.ha.go]
한 판도,6,[ham.pʰan.to],[ham.pʰan.to]
보나 했는데,6,[po.na.hɛt̚.nɯn.te],[bo.na.hɛt̚.nɯn.te]
보나노 조직의,6,[po.na.no.tʃo.tʃik̚.ɯi],[bo.na.no.dʒo.dʒik̚.ɯi]
보내 같이,6,[po.nɛ.kat̚.i],[bo.nɛ.gat̚.i]
한 편 더,6,[ham.pʰjʌn.tʌ],[ham.pʰjʌn.dʌ]
한 편만,6,[ham.pʰjʌn.man],[ham.pʰjʌn.man]
한 평생,6,[ham.pʰjʌŋ.sɛŋ],[ham.pʰjʌŋ.sɛŋ]
한 표 던진다,6,[ham.pʰjo.tʌn.tʃin.ta],[ham.pʰjo.dʌn.tʃin.ta]
보내 나도,6,[po.nɛ.na.to],[bo.nɛ.na.do]
한 푼도 남김없이,6,[ham.pʰun.to.nam.kim.ʌp̚.i],[ham.pʰun.to.nam.kim.ʌp̚.i]
보내 넌,6,[po.nɛ.nʌn],[bo.nɛ.nʌn]
내 차례 야,6,[nɛ.tʃʰa.ɾje.ja],[nɛ.tʃʰa.ɾje.ja]
보내 놨어,6,[po.nɛ.nwat̚.ʌ],[bo.nɛ.nwat̚.ʌ]
한 푼도 안 남기고,6,[ham.pʰun.to.an.nam.ki.ko],[ham.pʰun.to.an.nam.ki.go]
한 푼도 없이,6,[ham.pʰun.to.ʌp̚.i],[ham.pʰun.to.ʌp̚.i]
내 차례는,6,[nɛ.tʃʰa.ɾje.nɯn],[nɛ.tʃʰa.ɾje.nɯn]
내가 어디 있는지도,6,[nɛ.ka.ʌ.ti.it̚.nɯn.tʃi.to],[nɛ.ga.ʌ.di.it̚.nɯn.tʃi.do]
한 푼도 줄,6,[ham.pʰun.to.tʃul],[ham.pʰun.to.dʒul]
Bohr에 대해 이야기 할,6,[e.tɛ.hɛ.i.ja.ki.hal],[e.dɛ.hɛ.i.ja.gi.hal]
한 학기에,6,[han.hak̚.ki.e],[han.hak̚.ki.e]
내 차례요,6,[nɛ.tʃʰa.ɾje.jo],[nɛ.tʃʰa.ɾje.jo]
내 차례인,6,[nɛ.tʃʰa.ɾje.in],[nɛ.tʃʰa.ɾje.in]
화합한 모든 육체,6,[hwa.hap̚.han.mo.tɯn.juk̚.tʃʰe],[hwa.hap̚.han.mo.dɯn.juk̚.tʃʰe]
부탁 하나만 들어주면,6,[pu.tʰak̚.ha.na.man.tɯl.ʌ.tʃu.mjʌn],[bu.tʰak̚.ha.na.man.dɯl.ʌ.dʒu.mjʌn]
한 형제가,6,[han.hjʌŋ.tʃe.ka],[han.hjʌŋ.dʒe.ga]
곳으로 그리고,6,[kot̚.ɯ.ɾo.kɯ.ɾi.ko],[got̚.ɯ.ɾo.gɯ.ɾi.go]
한 회사,6,[han.hwe.sa],[han.hwe.sa]
한 획을 그을,6,[han.hwek̚.ɯl.kɯ.ɯl],[han.hwek̚.ɯl.gɯ.ɯl]
한 회사를,6,[han.hwe.sa.ɾɯl],[han.hwe.sa.ɾɯl]
한 후에는,6,[han.hu.e.nɯn],[han.hu.e.nɯn]
한 후 폭발했다,6,[han.hu.pʰok̚.pal.hɛt̚.ta],[han.hu.pʰok̚.pal.hɛt̚.ta]
보내 오늘,6,[po.nɛ.o.nɯl],[bo.nɛ.o.nɯl]
곳으로 널,6,[kot̚.ɯ.ɾo.nʌl],[got̚.ɯ.ɾo.nʌl]
보내 온,6,[po.nɛ.on],[bo.nɛ.on]
한가운데에 있는,6,[haŋ.ka.un.te.e.it̚.nɯn],[haŋ.ka.un.te.e.it̚.nɯn]
내가 어디로 가는지,6,[nɛ.ka.ʌ.ti.ɾo.ka.nɯn.tʃi],[nɛ.ga.ʌ.di.ɾo.ga.nɯn.tʃi]
갑니다 그럼,6,[kap̚.ni.ta.kɯ.ɾʌm],[gap̚.ni.da.gɯ.ɾʌm]
화해의 선물이에요,6,[hwa.hɛ.ɯi.sʌn.mul.i.e.jo],[hwa.hɛ.ɯi.sʌn.mul.i.e.jo]
내 차보다,6,[nɛ.tʃʰa.po.ta],[nɛ.tʃʰa.bo.da]
보내 이런,6,[po.nɛ.i.ɾʌn],[bo.nɛ.i.ɾʌn]
한가지 밖에,6,[haŋ.ka.tʃi.pak̚.e],[haŋ.ka.dʒi.bak̚.e]
한가지 방법 뿐,6,[haŋ.ka.tʃi.pam.pʌp̚.p͈un],[haŋ.ka.dʒi.baŋ.bʌp̚.p͈un]
보내 이제,6,[po.nɛ.i.tʃe],[bo.nɛ.i.dʒe]
한가지 생각이,6,[haŋ.ka.tʃi.sɛŋ.kak̚.i],[haŋ.ka.dʒi.sɛŋ.gak̚.i]
보내 저,6,[po.nɛ.tʃʌ],[bo.nɛ.dʒʌ]
내 차에 무슨,6,[nɛ.tʃʰa.e.mu.sɯn],[nɛ.tʃʰa.e.mu.sɯn]
한가지 일을,6,[haŋ.ka.tʃi.il.ɯl],[haŋ.ka.dʒi.il.ɯl]
부탁드리는 거예요,6,[pu.tʰak̚.tɯ.ɾi.nɯŋ.kʌ.je.jo],[bu.tʰak̚.tɯ.ɾi.nɯn.gʌ.je.jo]
보내 주기,6,[po.nɛ.tʃu.ki],[bo.nɛ.dʒu.gi]
한가지가 더,6,[haŋ.ka.tʃi.ka.tʌ],[haŋ.ka.dʒi.ga.dʌ]
한가지만 빼고,6,[haŋ.ka.tʃi.mam.p͈ɛ.ko],[haŋ.ka.dʒi.mam.p͈ɛ.go]
보내 주려고,6,[po.nɛ.tʃu.ɾjʌ.ko],[bo.nɛ.dʒu.ɾjʌ.go]
보내 주면 안,6,[po.nɛ.tʃu.mjʌn.an],[bo.nɛ.dʒu.mjʌn.an]
확 불,6,[hwak̚.pul],[hwak̚.bul]
한거야 난,6,[haŋ.kʌ.ja.nan],[haŋ.kʌ.ja.nan]
확대한 거야,6,[hwak̚.tɛ.haŋ.kʌ.ja],[hwak̚.tɛ.han.gʌ.ja]
한것 같습니다,6,[haŋ.kʌt̚.kat̚.sɯp̚.ni.ta],[haŋ.kʌt̚.gat̚.sɯp̚.ni.da]
한게 아니라면,6,[haŋ.ke.a.ni.ɾa.mjʌn],[haŋ.ke.a.ni.ɾa.mjʌn]
한게 없잖아,6,[haŋ.ke.ʌp̚.tʃan.a],[haŋ.ke.ʌp̚.tʃan.a]
한게 있어요,6,[haŋ.ke.it̚.ʌ.jo],[haŋ.ke.it̚.ʌ.jo]
한게 아닙니다,6,[haŋ.ke.a.nip̚.ni.ta],[haŋ.ke.a.nip̚.ni.da]
내 착각인가,6,[nɛ.tʃʰak̚.kak̚.iŋ.ka],[nɛ.tʃʰak̚.kak̚.iŋ.ka]
확률이 꽤,6,[hwak̚.ɾjul.i.k͈wɛ],[hwak̚.ɾjul.i.k͈wɛ]
한계가 있어서요,6,[haŋ.kje.ka.it̚.ʌ.sʌ.jo],[haŋ.kje.ga.it̚.ʌ.sʌ.jo]
곳으로 데려다 줄게,6,[kot̚.ɯ.ɾo.te.ɾjʌ.ta.tʃul.ke],[got̚.ɯ.ɾo.de.ɾjʌ.da.dʒul.ke]
곳으로 데려다줄,6,[kot̚.ɯ.ɾo.te.ɾjʌ.ta.tʃul],[got̚.ɯ.ɾo.de.ɾjʌ.da.dʒul]
한계를 뛰어넘어야 합니다,6,[haŋ.kje.ɾɯl.t͈wi.ʌ.nʌm.ʌ.ja.hap̚.ni.ta],[haŋ.kje.ɾɯl.t͈wi.ʌ.nʌm.ʌ.ja.hap̚.ni.da]
poor souls,6,,
한계를 모르는,6,[haŋ.kje.ɾɯl.mo.ɾɯ.nɯn],[haŋ.kje.ɾɯl.mo.ɾɯ.nɯn]
보내 줘야 해,6,[po.nɛ.tʃwʌ.ja.hɛ],[bo.nɛ.dʒwʌ.ja.hɛ]
한계를 알고,6,[haŋ.kje.ɾɯl.al.ko],[haŋ.kje.ɾɯl.al.ko]
한계에 도달한,6,[haŋ.kje.e.to.tal.han],[haŋ.kje.e.do.dal.han]
한계에 다다르고,6,[haŋ.kje.e.ta.ta.ɾɯ.ko],[haŋ.kje.e.da.da.ɾɯ.go]
한곳에 모여,6,[haŋ.kot̚.e.mo.jʌ],[haŋ.kot̚.e.mo.jʌ]
한국 가면,6,[haŋ.kuk̚.ka.mjʌn],[haŋ.kuk̚.ga.mjʌn]
한국 사람들,6,[haŋ.kuk̚.sa.ɾan.tɯl],[haŋ.kuk̚.sa.ɾan.tɯl]
보내게 해서 곡창을,6,[po.nɛ.ke.hɛ.sʌ.kok̚.tʃʰaŋ.ɯl],[bo.nɛ.ge.hɛ.sʌ.gok̚.tʃʰaŋ.ɯl]
보내게 해서 곡창을 채우세요,6,[po.nɛ.ke.hɛ.sʌ.kok̚.tʃʰaŋ.ɯl.tʃʰɛ.u.se.jo],[bo.nɛ.ge.hɛ.sʌ.gok̚.tʃʰaŋ.ɯl.tʃʰɛ.u.se.jo]
내 책들,6,[nɛ.tʃʰɛk̚.tɯl],[nɛ.tʃʰɛk̚.tɯl]
한군데 있긴,6,[haŋ.kun.te.it̚.kin],[haŋ.kun.te.it̚.kin]
곳으로 돌아가고,6,[kot̚.ɯ.ɾo.tol.a.ka.ko],[got̚.ɯ.ɾo.dol.a.ga.go]
보내고 긴,6,[po.nɛ.ko.kin],[bo.nɛ.go.gin]
한글번역 말랑및쫀득,6,[haŋ.kɯl.pʌn.jʌk̚.mal.ɾaŋ.mit̚.tʃ͈on.tɯk̚],[haŋ.kɯl.pʌn.jʌk̚.mal.ɾaŋ.mit̚.tʃ͈on.tɯk̚]
보내고 나니,6,[po.nɛ.ko.na.ni],[bo.nɛ.go.na.ni]
내 책상에 갖다,6,[nɛ.tʃʰɛk̚.saŋ.e.kat̚.ta],[nɛ.tʃʰɛk̚.saŋ.e.gat̚.ta]
한글자막 감자췹,6,[haŋ.kɯl.tʃa.mak̚.kan.tʃa.tʃʰwip̚],[haŋ.kɯl.tʃa.mak̚.gan.tʃa.tʃʰwip̚]
보내고 넌,6,[po.nɛ.ko.nʌn],[bo.nɛ.go.nʌn]
한글자막 감자췹 피드백 DC,6,[haŋ.kɯl.tʃa.mak̚.kan.tʃa.tʃʰwip̚.pʰi.tɯ.pɛk̚],[haŋ.kɯl.tʃa.mak̚.gan.tʃa.tʃʰwip̚.pʰi.dɯ.bɛk̚]
Not your,6,,
확보는 제,6,[hwak̚.po.nɯn.tʃe],[hwak̚.po.nɯn.dʒe]
한글자막 무지개꽃 이전에,6,[haŋ.kɯl.tʃa.mak̚.mu.tʃi.kɛ.k͈ot̚.i.tʃʌn.e],[haŋ.kɯl.tʃa.mak̚.mu.dʒi.gɛ.k͈ot̚.i.dʒʌn.e]
보내고 싶다고요,6,[po.nɛ.ko.sip̚.ta.ko.jo],[bo.nɛ.go.sip̚.ta.go.jo]
한글자막 워키토끼 WEB,6,[haŋ.kɯl.tʃa.mak̚.wʌ.kʰi.tʰo.k͈i],[haŋ.kɯl.tʃa.mak̚.wʌ.kʰi.tʰo.k͈i]
내 책상은,6,[nɛ.tʃʰɛk̚.saŋ.ɯn],[nɛ.tʃʰɛk̚.saŋ.ɯn]
pop music,6,,
확보하고 나면,6,[hwak̚.po.ha.ko.na.mjʌn],[hwak̚.po.ha.go.na.mjʌn]
한꺼번에 두,6,[haŋ.k͈ʌ.pʌn.e.tu],[haŋ.k͈ʌ.bʌn.e.du]
보내고 싶었던,6,[po.nɛ.ko.sip̚.ʌt̚.tʌn],[bo.nɛ.go.sip̚.ʌt̚.tʌn]
내가 어떤 기분인지,6,[nɛ.ka.ʌ.t͈ʌŋ.ki.pun.in.tʃi],[nɛ.ga.ʌ.t͈ʌn.gi.bun.in.tʃi]
한나 맥케이가 매기 카스트너라는,6,[han.na.mɛk̚.kʰe.i.ka.mɛ.ki.kʰa.sɯ.tʰɯ.nʌ.ɾa.nɯn],[han.na.mɛk̚.kʰe.i.ga.mɛ.gi.kʰa.sɯ.tʰɯ.nʌ.ɾa.nɯn]
한나 맥케이가 매기,6,[han.na.mɛk̚.kʰe.i.ka.mɛ.ki],[han.na.mɛk̚.kʰe.i.ga.mɛ.gi]
한나 맥케이가 마이애미에,6,[han.na.mɛk̚.kʰe.i.ka.ma.i.ɛ.mi.e],[han.na.mɛk̚.kʰe.i.ga.ma.i.ɛ.mi.e]
확보한 것,6,[hwak̚.po.haŋ.kʌt̚],[hwak̚.po.han.gʌt̚]
관심이 있으니까요,6,[kwan.sim.i.it̚.ɯ.ni.k͈a.jo],[gwan.sim.i.it̚.ɯ.ni.k͈a.jo]
한나 요원입니다,6,[han.na.jo.wʌn.ip̚.ni.ta],[han.na.jo.wʌn.ip̚.ni.da]
보내고 싶지만,6,[po.nɛ.ko.sip̚.tʃi.man],[bo.nɛ.go.sip̚.tʃi.man]
한나가 죽은,6,[han.na.ka.tʃuk̚.ɯn],[han.na.ga.dʒuk̚.ɯn]
한나에 관한,6,[han.na.e.kwan.han],[han.na.e.gwan.han]
한나에 대해서,6,[han.na.e.tɛ.hɛ.sʌ],[han.na.e.dɛ.hɛ.sʌ]
보내고 올게,6,[po.nɛ.ko.ol.ke],[bo.nɛ.go.ol.ke]
확보해야 돼,6,[hwak̚.po.hɛ.ja.twɛ],[hwak̚.po.hɛ.ja.dwɛ]
한눈 팔지,6,[han.num.pʰal.tʃi],[han.num.pʰal.tʃi]
한눈에 알,6,[han.nun.e.al],[han.nun.e.al]
곳으로 돌아온 척하는,6,[kot̚.ɯ.ɾo.tol.a.on.tʃʰʌk̚.ha.nɯn],[got̚.ɯ.ɾo.dol.a.on.tʃʰʌk̚.ha.nɯn]
being used,6,,
한눈팔지 말고 잘,6,[han.num.pʰal.tʃi.mal.ko.tʃal],[han.num.pʰal.tʃi.mal.ko.dʒal]
갑니다 우리,6,[kap̚.ni.ta.u.ɾi],[gap̚.ni.da.u.ɾi]
한다 가장,6,[han.ta.ka.tʃaŋ],[han.ta.ga.dʒaŋ]
한다 그것도,6,[han.ta.kɯ.kʌt̚.to],[han.ta.gɯ.gʌt̚.to]
보내고 있었는데,6,[po.nɛ.ko.it̚.ʌt̚.nɯn.te],[bo.nɛ.go.it̚.ʌt̚.nɯn.te]
보내고 있을 거야,6,[po.nɛ.ko.it̚.ɯl.kʌ.ja],[bo.nɛ.go.it̚.ɯl.gʌ.ja]
보내고 있잖아,6,[po.nɛ.ko.it̚.tʃan.a],[bo.nɛ.go.it̚.tʃan.a]
한다 그러나,6,[han.ta.kɯ.ɾʌ.na],[han.ta.gɯ.ɾʌ.na]
한다 그러니까,6,[han.ta.kɯ.ɾʌ.ni.k͈a],[han.ta.gɯ.ɾʌ.ni.k͈a]
한다 그러지,6,[han.ta.kɯ.ɾʌ.tʃi],[han.ta.gɯ.ɾʌ.dʒi]
한다 그럴,6,[han.ta.kɯ.ɾʌl],[han.ta.gɯ.ɾʌl]
보내기 시작했다,6,[po.nɛ.ki.si.tʃak̚.hɛt̚.ta],[bo.nɛ.gi.si.dʒak̚.hɛt̚.ta]
갑니다 이런,6,[kap̚.ni.ta.i.ɾʌn],[gap̚.ni.da.i.ɾʌn]
한다 그에게,6,[han.ta.kɯ.e.ke],[han.ta.gɯ.e.ge]
내 책임인데,6,[nɛ.tʃʰɛk̚.im.in.te],[nɛ.tʃʰɛk̚.im.in.te]
한다 내일,6,[han.ta.nɛ.il],[han.ta.nɛ.il]
곳으로 모셔,6,[kot̚.ɯ.ɾo.mo.sjʌ],[got̚.ɯ.ɾo.mo.sjʌ]
내 챔피언이,6,[nɛ.tʃʰɛm.pʰi.ʌn.i],[nɛ.tʃʰɛm.pʰi.ʌn.i]
확신은 없지만,6,[hwak̚.sin.ɯn.ʌp̚.tʃi.man],[hwak̚.sin.ɯn.ʌp̚.tʃi.man]
보내기로 했는데,6,[po.nɛ.ki.ɾo.hɛt̚.nɯn.te],[bo.nɛ.gi.ɾo.hɛt̚.nɯn.te]
부족해 하지만,6,[pu.tʃok̚.hɛ.ha.tʃi.man],[bu.dʒok̚.hɛ.ha.dʒi.man]
부탁이 있소,6,[pu.tʰak̚.i.it̚.so],[bu.tʰak̚.i.it̚.so]
보내기로 했어요,6,[po.nɛ.ki.ɾo.hɛt̚.ʌ.jo],[bo.nɛ.gi.ɾo.hɛt̚.ʌ.jo]
곳으로 바로,6,[kot̚.ɯ.ɾo.pa.ɾo],[got̚.ɯ.ɾo.ba.ɾo]
한다 다시,6,[han.ta.ta.si],[han.ta.da.si]
한다 당신,6,[han.ta.taŋ.sin],[han.ta.daŋ.sin]
한다 다음,6,[han.ta.ta.ɯm],[han.ta.da.ɯm]
확신이 드는,6,[hwak̚.sin.i.tɯ.nɯn],[hwak̚.sin.i.dɯ.nɯn]
내 처음이자,6,[nɛ.tʃʰʌ.ɯm.i.tʃa],[nɛ.tʃʰʌ.ɯm.i.dʒa]
보내는 거다,6,[po.nɛ.nɯŋ.kʌ.ta],[bo.nɛ.nɯn.gʌ.da]
내 천만,6,[nɛ.tʃʰʌn.man],[nɛ.tʃʰʌn.man]
한다 바로,6,[han.ta.pa.ɾo],[han.ta.ba.ɾo]
한다 사실,6,[han.ta.sa.sil],[han.ta.sa.sil]
보내는 거였어,6,[po.nɛ.nɯŋ.kʌ.jʌt̚.ʌ],[bo.nɛ.nɯn.gʌ.jʌt̚.ʌ]
Nothing can,6,,
한다 아무도,6,[han.ta.a.mu.to],[han.ta.a.mu.do]
곳으로 보내야,6,[kot̚.ɯ.ɾo.po.nɛ.ja],[got̚.ɯ.ɾo.bo.nɛ.ja]
한다 알겠나,6,[han.ta.al.ket̚.na],[han.ta.al.ket̚.na]
내 첫 경험은,6,[nɛ.tʃʰʌt̚.kjʌŋ.hʌm.ɯn],[nɛ.tʃʰʌt̚.gjʌŋ.hʌm.ɯn]
한다 알았다,6,[han.ta.al.at̚.ta],[han.ta.al.at̚.ta]
보내는 건가요,6,[po.nɛ.nɯŋ.kʌŋ.ka.jo],[bo.nɛ.nɯn.gʌŋ.ka.jo]
보내는 건데,6,[po.nɛ.nɯŋ.kʌn.te],[bo.nɛ.nɯn.gʌn.te]
갑니다 제가,6,[kap̚.ni.ta.tʃe.ka],[gap̚.ni.da.dʒe.ga]
한다 여긴,6,[han.ta.jʌ.kin],[han.ta.jʌ.gin]
보내는 걸로,6,[po.nɛ.nɯŋ.kʌl.ɾo],[bo.nɛ.nɯn.gʌl.ɾo]
확신이 없었지,6,[hwak̚.sin.i.ʌp̚.ʌt̚.tʃi],[hwak̚.sin.i.ʌp̚.ʌt̚.tʃi]
곳으로 안내할,6,[kot̚.ɯ.ɾo.an.nɛ.hal],[got̚.ɯ.ɾo.an.nɛ.hal]
한다 이거,6,[han.ta.i.kʌ],[han.ta.i.gʌ]
확신이 없었는데,6,[hwak̚.sin.i.ʌp̚.ʌt̚.nɯn.te],[hwak̚.sin.i.ʌp̚.ʌt̚.nɯn.te]
갑니다 조심하세요,6,[kap̚.ni.ta.tʃo.sim.ha.se.jo],[gap̚.ni.da.dʒo.sim.ha.se.jo]
보내는 게 더,6,[po.nɛ.nɯŋ.ke.tʌ],[bo.nɛ.nɯn.ge.dʌ]
power for,6,,
한다 제발,6,[han.ta.tʃe.pal],[han.ta.dʒe.bal]
곳으로 옮겨야 해요,6,[kot̚.ɯ.ɾo.om.kjʌ.ja.hɛ.jo],[got̚.ɯ.ɾo.om.kjʌ.ja.hɛ.jo]
곳으로 옮겼어,6,[kot̚.ɯ.ɾo.om.kjʌt̚.ʌ],[got̚.ɯ.ɾo.om.kjʌt̚.ʌ]
내 체질이,6,[nɛ.tʃʰe.tʃil.i],[nɛ.tʃʰe.dʒil.i]
보내는 시간,6,[po.nɛ.nɯn.si.kan],[bo.nɛ.nɯn.si.gan]
한다고 근데,6,[han.ta.ko.kɯn.te],[han.ta.go.gɯn.te]
보내는 인사,6,[po.nɛ.nɯn.in.sa],[bo.nɛ.nɯn.in.sa]
보내는 일들,6,[po.nɛ.nɯn.il.tɯl],[bo.nɛ.nɯn.il.tɯl]
내 초상화를,6,[nɛ.tʃʰo.saŋ.hwa.ɾɯl],[nɛ.tʃʰo.saŋ.hwa.ɾɯl]
한다고 되는,6,[han.ta.ko.twe.nɯn],[han.ta.go.dwe.nɯn]
보내는 편이,6,[po.nɛ.nɯm.pʰjʌn.i],[bo.nɛ.nɯm.pʰjʌn.i]
한다고 말씀드렸잖아요,6,[han.ta.ko.mal.s͈ɯn.tɯ.ɾjʌt̚.tʃan.a.jo],[han.ta.go.mal.s͈ɯn.tɯ.ɾjʌt̚.tʃan.a.jo]
한다고 말야,6,[han.ta.ko.mal.ja],[han.ta.go.mal.ja]
보내다 보면,6,[po.nɛ.ta.po.mjʌn],[bo.nɛ.da.bo.mjʌn]
power in,6,,
한다고 말하는 거야,6,[han.ta.ko.mal.ha.nɯŋ.kʌ.ja],[han.ta.go.mal.ha.nɯn.gʌ.ja]
보내달라고 해요,6,[po.nɛ.tal.ɾa.ko.hɛ.jo],[bo.nɛ.dal.ɾa.go.hɛ.jo]
갑부가 될,6,[kap̚.pu.ka.twel],[gap̚.pu.ga.dwel]
한다고 말해줘,6,[han.ta.ko.mal.hɛ.tʃwʌ],[han.ta.go.mal.hɛ.dʒwʌ]
내 총 내놔,6,[nɛ.tʃʰoŋ.nɛ.nwa],[nɛ.tʃʰoŋ.nɛ.nwa]
한다고 못,6,[han.ta.ko.mot̚],[han.ta.go.mot̚]
한다고 믿고,6,[han.ta.ko.mit̚.ko],[han.ta.go.mit̚.ko]
곳으로 우릴,6,[kot̚.ɯ.ɾo.u.ɾil],[got̚.ɯ.ɾo.u.ɾil]
내 총과,6,[nɛ.tʃʰoŋ.kwa],[nɛ.tʃʰoŋ.gwa]
한다고 방금,6,[han.ta.ko.paŋ.kɯm],[han.ta.go.baŋ.gɯm]
곳으로 이,6,[kot̚.ɯ.ɾo.i],[got̚.ɯ.ɾo.i]
내 총알,6,[nɛ.tʃʰoŋ.al],[nɛ.tʃʰoŋ.al]
곳으로 이동해,6,[kot̚.ɯ.ɾo.i.toŋ.hɛ],[got̚.ɯ.ɾo.i.doŋ.hɛ]
한다고 생각하나요,6,[han.ta.ko.sɛŋ.kak̚.ha.na.jo],[han.ta.go.sɛŋ.gak̚.ha.na.jo]
내 총알을,6,[nɛ.tʃʰoŋ.al.ɯl],[nɛ.tʃʰoŋ.al.ɯl]
한다고 생각하는 것,6,[han.ta.ko.sɛŋ.kak̚.ha.nɯŋ.kʌt̚],[han.ta.go.sɛŋ.gak̚.ha.nɯn.gʌt̚]
한다고 생각하잖아요,6,[han.ta.ko.sɛŋ.kak̚.ha.tʃan.a.jo],[han.ta.go.sɛŋ.gak̚.ha.dʒan.a.jo]
한다고 생각하십니까,6,[han.ta.ko.sɛŋ.kak̚.ha.sip̚.ni.k͈a],[han.ta.go.sɛŋ.gak̚.ha.sip̚.ni.k͈a]
한다고 생각하진,6,[han.ta.ko.sɛŋ.kak̚.ha.tʃin],[han.ta.go.sɛŋ.gak̚.ha.dʒin]
보내려고 말이야,6,[po.nɛ.ɾjʌ.ko.mal.i.ja],[bo.nɛ.ɾjʌ.go.mal.i.ja]
보내려고 한,6,[po.nɛ.ɾjʌ.ko.han],[bo.nɛ.ɾjʌ.go.han]
한다고 생각해 봐,6,[han.ta.ko.sɛŋ.kak̚.hɛ.pwa],[han.ta.go.sɛŋ.gak̚.hɛ.bwa]
한다고 생각했거든,6,[han.ta.ko.sɛŋ.kak̚.hɛt̚.kʌ.tɯn],[han.ta.go.sɛŋ.gak̚.hɛt̚.kʌ.dɯn]
보내려고 했다,6,[po.nɛ.ɾjʌ.ko.hɛt̚.ta],[bo.nɛ.ɾjʌ.go.hɛt̚.ta]
한다고 생각했고,6,[han.ta.ko.sɛŋ.kak̚.hɛt̚.ko],[han.ta.go.sɛŋ.gak̚.hɛt̚.ko]
내가 어떻게 믿어,6,[nɛ.ka.ʌ.t͈ʌt̚.ke.mit̚.ʌ],[nɛ.ga.ʌ.t͈ʌt̚.ke.mit̚.ʌ]
곳으로 향하고,6,[kot̚.ɯ.ɾo.hjaŋ.ha.ko],[got̚.ɯ.ɾo.hjaŋ.ha.go]
한다고 아니면,6,[han.ta.ko.a.ni.mjʌn],[han.ta.go.a.ni.mjʌn]
한다고 안 했어,6,[han.ta.ko.an.hɛt̚.ʌ],[han.ta.go.an.hɛt̚.ʌ]
내 최대의 실수지 상상을,6,[nɛ.tʃʰwe.tɛ.ɯi.sil.su.tʃi.saŋ.saŋ.ɯl],[nɛ.tʃʰwe.dɛ.ɯi.sil.su.dʒi.saŋ.saŋ.ɯl]
보내면 더,6,[po.nɛ.mjʌn.tʌ],[bo.nɛ.mjʌn.dʌ]
보내면 내,6,[po.nɛ.mjʌn.nɛ],[bo.nɛ.mjʌn.nɛ]
한다고 약속했잖아,6,[han.ta.ko.jak̚.sok̚.hɛt̚.tʃan.a],[han.ta.go.jak̚.sok̚.hɛt̚.tʃan.a]
보내면 되는,6,[po.nɛ.mjʌn.twe.nɯn],[bo.nɛ.mjʌn.dwe.nɯn]
한다고 엄마한테,6,[han.ta.ko.ʌm.ma.han.tʰe],[han.ta.go.ʌm.ma.han.tʰe]
내 최대의 실수지,6,[nɛ.tʃʰwe.tɛ.ɯi.sil.su.tʃi],[nɛ.tʃʰwe.dɛ.ɯi.sil.su.dʒi]
확신할 수 있을까,6,[hwak̚.sin.hal.su.it̚.ɯl.k͈a],[hwak̚.sin.hal.su.it̚.ɯl.k͈a]
부탁이야 사랑해,6,[pu.tʰak̚.i.ja.sa.ɾaŋ.hɛ],[bu.tʰak̚.i.ja.sa.ɾaŋ.hɛ]
한다고 자기,6,[han.ta.ko.tʃa.ki],[han.ta.go.dʒa.gi]
한다고 이젠,6,[han.ta.ko.i.tʃen],[han.ta.go.i.dʒen]
한다고 전,6,[han.ta.ko.tʃʌn],[han.ta.go.dʒʌn]
보내면 안 되지,6,[po.nɛ.mjʌn.an.twe.tʃi],[bo.nɛ.mjʌn.an.dwe.dʒi]
한다고 제,6,[han.ta.ko.tʃe],[han.ta.go.dʒe]
보내면 어때,6,[po.nɛ.mjʌn.ʌ.t͈ɛ],[bo.nɛ.mjʌn.ʌ.t͈ɛ]
내 최우선,6,[nɛ.tʃʰwe.u.sʌn],[nɛ.tʃʰwe.u.sʌn]
한다고 주장하는,6,[han.ta.ko.tʃu.tʃaŋ.ha.nɯn],[han.ta.go.dʒu.dʒaŋ.ha.nɯn]
한다고 주장했죠,6,[han.ta.ko.tʃu.tʃaŋ.hɛt̚.tʃjo],[han.ta.go.dʒu.dʒaŋ.hɛt̚.tʃjo]
보내면 어떡해,6,[po.nɛ.mjʌn.ʌ.t͈ʌk̚.hɛ],[bo.nɛ.mjʌn.ʌ.t͈ʌk̚.hɛ]
한다고 하는,6,[han.ta.ko.ha.nɯn],[han.ta.go.ha.nɯn]
한다고 하니까,6,[han.ta.ko.ha.ni.k͈a],[han.ta.go.ha.ni.k͈a]
곳은 그녀 곁,6,[kot̚.ɯŋ.kɯ.njʌ.kjʌt̚],[got̚.ɯn.gɯ.njʌ.gjʌt̚]
곳은 그녀 곁 뿐이야,6,[kot̚.ɯŋ.kɯ.njʌ.kjʌt̚.p͈un.i.ja],[got̚.ɯn.gɯ.njʌ.gjʌt̚.p͈un.i.ja]
한다고 하세요,6,[han.ta.ko.ha.se.jo],[han.ta.go.ha.se.jo]
한다고 하지만 평화란,6,[han.ta.ko.ha.tʃi.mam.pʰjʌŋ.hwa.ɾan],[han.ta.go.ha.dʒi.mam.pʰjʌŋ.hwa.ɾan]
한다고 하지만 평화란 이곳에선,6,[han.ta.ko.ha.tʃi.mam.pʰjʌŋ.hwa.ɾan.i.kot̚.e.sʌn],[han.ta.go.ha.dʒi.mam.pʰjʌŋ.hwa.ɾan.i.got̚.e.sʌn]
한다고 한 게,6,[han.ta.ko.haŋ.ke],[han.ta.go.han.ge]
보내서 갓난아기를 살해하라고 한,6,[po.nɛ.sʌ.kat̚.nan.a.ki.ɾɯl.sal.hɛ.ha.ɾa.ko.han],[bo.nɛ.sʌ.gat̚.nan.a.gi.ɾɯl.sal.hɛ.ha.ɾa.go.han]
보내서 갓난아기를 살해하라고,6,[po.nɛ.sʌ.kat̚.nan.a.ki.ɾɯl.sal.hɛ.ha.ɾa.ko],[bo.nɛ.sʌ.gat̚.nan.a.gi.ɾɯl.sal.hɛ.ha.ɾa.go]
보내서 갓난아기를,6,[po.nɛ.sʌ.kat̚.nan.a.ki.ɾɯl],[bo.nɛ.sʌ.gat̚.nan.a.gi.ɾɯl]
확실하게 말씀드릴,6,[hwak̚.sil.ha.ke.mal.s͈ɯn.tɯ.ɾil],[hwak̚.sil.ha.ge.mal.s͈ɯn.tɯ.ɾil]
한다고 했는지,6,[han.ta.ko.hɛt̚.nɯn.tʃi],[han.ta.go.hɛt̚.nɯn.tʃi]
확실하게 말하는데,6,[hwak̚.sil.ha.ke.mal.ha.nɯn.te],[hwak̚.sil.ha.ge.mal.ha.nɯn.te]
내 축소,6,[nɛ.tʃʰuk̚.so],[nɛ.tʃʰuk̚.so]
부탁이야 이러지 마,6,[pu.tʰak̚.i.ja.i.ɾʌ.tʃi.ma],[bu.tʰak̚.i.ja.i.ɾʌ.dʒi.ma]
보내세요 감사합니다,6,[po.nɛ.se.jo.kam.sa.hap̚.ni.ta],[bo.nɛ.se.jo.gam.sa.hap̚.ni.da]
보내서 정말,6,[po.nɛ.sʌ.tʃʌŋ.mal],[bo.nɛ.sʌ.dʒʌŋ.mal]
한다고요 그건,6,[han.ta.ko.jo.kɯ.kʌn],[han.ta.go.jo.gɯ.gʌn]
한다고요 그래,6,[han.ta.ko.jo.kɯ.ɾɛ],[han.ta.go.jo.gɯ.ɾɛ]
보내세요 고맙습니다,6,[po.nɛ.se.jo.ko.map̚.sɯp̚.ni.ta],[bo.nɛ.se.jo.go.map̚.sɯp̚.ni.da]
곳은 단 한,6,[kot̚.ɯn.tan.han],[got̚.ɯn.dan.han]
한다고요 네,6,[han.ta.ko.jo.ne],[han.ta.go.jo.ne]
부탁이야 저,6,[pu.tʰak̚.i.ja.tʃʌ],[bu.tʰak̚.i.ja.dʒʌ]
확실하게 보여,6,[hwak̚.sil.ha.ke.po.jʌ],[hwak̚.sil.ha.ge.bo.jʌ]
한다구 난,6,[han.ta.ku.nan],[han.ta.gu.nan]
한다는 거 알고,6,[han.ta.nɯŋ.kʌ.al.ko],[han.ta.nɯn.gʌ.al.ko]
보내세요 왜,6,[po.nɛ.se.jo.wɛ],[bo.nɛ.se.jo.wɛ]
보내세요 안녕하세요,6,[po.nɛ.se.jo.an.njʌŋ.ha.se.jo],[bo.nɛ.se.jo.an.njʌŋ.ha.se.jo]
확실하게 얘기해,6,[hwak̚.sil.ha.ke.jɛ.ki.hɛ],[hwak̚.sil.ha.ge.jɛ.gi.hɛ]
보내세요 이건,6,[po.nɛ.se.jo.i.kʌn],[bo.nɛ.se.jo.i.gʌn]
내 충고가,6,[nɛ.tʃʰuŋ.ko.ka],[nɛ.tʃʰuŋ.go.ga]
한다는 거야 그러니,6,[han.ta.nɯŋ.kʌ.ja.kɯ.ɾʌ.ni],[han.ta.nɯn.gʌ.ja.gɯ.ɾʌ.ni]
갑시다 나,6,[kap̚.si.ta.na],[gap̚.si.da.na]
한다는 거잖아요,6,[han.ta.nɯŋ.kʌ.tʃan.a.jo],[han.ta.nɯn.gʌ.dʒan.a.jo]
보내신 거야,6,[po.nɛ.siŋ.kʌ.ja],[bo.nɛ.sin.gʌ.ja]
한다는 건 아니에요,6,[han.ta.nɯŋ.kʌn.a.ni.e.jo],[han.ta.nɯn.gʌn.a.ni.e.jo]
한다는 건 알지,6,[han.ta.nɯŋ.kʌn.al.tʃi],[han.ta.nɯn.gʌn.al.tʃi]
곳은 딱 질색이야,6,[kot̚.ɯn.t͈ak̚.tʃil.sɛk̚.i.ja],[got̚.ɯn.t͈ak̚.dʒil.sɛk̚.i.ja]
내 취미예요,6,[nɛ.tʃʰwi.mi.je.jo],[nɛ.tʃʰwi.mi.je.jo]
확실하고 실행,6,[hwak̚.sil.ha.ko.sil.hɛŋ],[hwak̚.sil.ha.go.sil.hɛŋ]
보내야 하고,6,[po.nɛ.ja.ha.ko],[bo.nɛ.ja.ha.go]
한다는 걸 알았어,6,[han.ta.nɯŋ.kʌl.al.at̚.ʌ],[han.ta.nɯn.gʌl.al.at̚.ʌ]
한다는 것을요,6,[han.ta.nɯŋ.kʌt̚.ɯl.jo],[han.ta.nɯn.gʌt̚.ɯl.jo]
보내야 한다면,6,[po.nɛ.ja.han.ta.mjʌn],[bo.nɛ.ja.han.ta.mjʌn]
보내야 할 거예요,6,[po.nɛ.ja.hal.kʌ.je.jo],[bo.nɛ.ja.hal.gʌ.je.jo]
부탁이에요 부탁이에요,6,[pu.tʰak̚.i.e.jo.pu.tʰak̚.i.e.jo],[bu.tʰak̚.i.e.jo.bu.tʰak̚.i.e.jo]
한다는 말로,6,[han.ta.nɯn.mal.ɾo],[han.ta.nɯn.mal.ɾo]
보내야 했죠,6,[po.nɛ.ja.hɛt̚.tʃjo],[bo.nɛ.ja.hɛt̚.tʃjo]
곳은 아니잖아,6,[kot̚.ɯn.a.ni.tʃan.a],[got̚.ɯn.a.ni.dʒan.a]
보내요 왜,6,[po.nɛ.jo.wɛ],[bo.nɛ.jo.wɛ]
보내요 우리,6,[po.nɛ.jo.u.ɾi],[bo.nɛ.jo.u.ɾi]
보내요 이,6,[po.nɛ.jo.i],[bo.nɛ.jo.i]
내 치료사가,6,[nɛ.tʃʰi.ɾjo.sa.ka],[nɛ.tʃʰi.ɾjo.sa.ga]
한다니 너무,6,[han.ta.ni.nʌ.mu],[han.ta.ni.nʌ.mu]
내 치료를,6,[nɛ.tʃʰi.ɾjo.ɾɯl],[nɛ.tʃʰi.ɾjo.ɾɯl]
한다니 믿을 수가,6,[han.ta.ni.mit̚.ɯl.su.ka],[han.ta.ni.mit̚.ɯl.su.ga]
보내자는 게 아니다,6,[po.nɛ.tʃa.nɯŋ.ke.a.ni.ta],[bo.nɛ.dʒa.nɯn.ge.a.ni.da]
부탁입니다 제발,6,[pu.tʰak̚.ip̚.ni.ta.tʃe.pal],[bu.tʰak̚.ip̚.ni.da.dʒe.bal]
내 치료에,6,[nɛ.tʃʰi.ɾjo.e],[nɛ.tʃʰi.ɾjo.e]
보내자는 게 아니다 직접,6,[po.nɛ.tʃa.nɯŋ.ke.a.ni.ta.tʃik̚.tʃʌp̚],[bo.nɛ.dʒa.nɯn.ge.a.ni.da.dʒik̚.tʃʌp̚]
내 치부를,6,[nɛ.tʃʰi.pu.ɾɯl],[nɛ.tʃʰi.bu.ɾɯl]
한다면 그것은,6,[han.ta.mjʌŋ.kɯ.kʌt̚.ɯn],[han.ta.mjʌn.gɯ.gʌt̚.ɯn]
한다면 그것도,6,[han.ta.mjʌŋ.kɯ.kʌt̚.to],[han.ta.mjʌn.gɯ.gʌt̚.to]
내 친,6,[nɛ.tʃʰin],[nɛ.tʃʰin]
갑시다 당신은,6,[kap̚.si.ta.taŋ.sin.ɯn],[gap̚.si.da.daŋ.sin.ɯn]
곳은 아닙니다,6,[kot̚.ɯn.a.nip̚.ni.ta],[got̚.ɯn.a.nip̚.ni.da]
한다면 그럼,6,[han.ta.mjʌŋ.kɯ.ɾʌm],[han.ta.mjʌn.gɯ.ɾʌm]
한다면 그렇게 할 거야,6,[han.ta.mjʌŋ.kɯ.ɾʌt̚.ke.hal.kʌ.ja],[han.ta.mjʌn.gɯ.ɾʌt̚.ke.hal.gʌ.ja]
보내죠 네,6,[po.nɛ.tʃjo.ne],[bo.nɛ.dʒjo.ne]
내 친구 신청,6,[nɛ.tʃʰiŋ.ku.sin.tʃʰʌŋ],[nɛ.tʃʰiŋ.ku.sin.tʃʰʌŋ]
보내주기 바란다,6,[po.nɛ.tʃu.ki.pa.ɾan.ta],[bo.nɛ.dʒu.gi.ba.ɾan.ta]
한다면 날,6,[han.ta.mjʌn.nal],[han.ta.mjʌn.nal]
곳은 아무 데도,6,[kot̚.ɯn.a.mu.te.to],[got̚.ɯn.a.mu.de.do]
확실한 것이냐,6,[hwak̚.sil.haŋ.kʌt̚.i.nja],[hwak̚.sil.han.gʌt̚.i.nja]
부탁하네 네,6,[pu.tʰak̚.ha.ne.ne],[bu.tʰak̚.ha.ne.ne]
보내주면 내가,6,[po.nɛ.tʃu.mjʌn.nɛ.ka],[bo.nɛ.dʒu.mjʌn.nɛ.ga]
곳은 아무,6,[kot̚.ɯn.a.mu],[got̚.ɯn.a.mu]
한다면 다른,6,[han.ta.mjʌn.ta.ɾɯn],[han.ta.mjʌn.da.ɾɯn]
한다면 다,6,[han.ta.mjʌn.ta],[han.ta.mjʌn.da]
한다면 당신에게,6,[han.ta.mjʌn.taŋ.sin.e.ke],[han.ta.mjʌn.daŋ.sin.e.ge]
보내주세요 네,6,[po.nɛ.tʃu.se.jo.ne],[bo.nɛ.dʒu.se.jo.ne]
곳은 아무 데도 없어,6,[kot̚.ɯn.a.mu.te.to.ʌp̚.ʌ],[got̚.ɯn.a.mu.de.do.ʌp̚.ʌ]
한다면 당연히,6,[han.ta.mjʌn.taŋ.jʌn.hi],[han.ta.mjʌn.daŋ.jʌn.hi]
보내주세요 제가,6,[po.nɛ.tʃu.se.jo.tʃe.ka],[bo.nɛ.dʒu.se.jo.dʒe.ga]
보내주시면 안,6,[po.nɛ.tʃu.si.mjʌn.an],[bo.nɛ.dʒu.si.mjʌn.an]
한다면 왜,6,[han.ta.mjʌn.wɛ],[han.ta.mjʌn.wɛ]
갑시다 당신이,6,[kap̚.si.ta.taŋ.sin.i],[gap̚.si.da.daŋ.sin.i]
보내준 건,6,[po.nɛ.tʃuŋ.kʌn],[bo.nɛ.dʒun.gʌn]
한다면 저는,6,[han.ta.mjʌn.tʃʌ.nɯn],[han.ta.mjʌn.dʒʌ.nɯn]
보내줄 거라고,6,[po.nɛ.tʃul.kʌ.ɾa.ko],[bo.nɛ.dʒul.gʌ.ɾa.go]
곳은 알죠,6,[kot̚.ɯn.al.tʃjo],[got̚.ɯn.al.tʃjo]
확실한 게 하나,6,[hwak̚.sil.haŋ.ke.ha.na],[hwak̚.sil.han.ge.ha.na]
한다면 훨씬,6,[han.ta.mjʌn.hwʌl.s͈in],[han.ta.mjʌn.hwʌl.s͈in]
곳은 어디든 갈,6,[kot̚.ɯn.ʌ.ti.tɯŋ.kal],[got̚.ɯn.ʌ.di.dɯn.gal]
한단 뜻이야,6,[han.tan.t͈ɯt̚.i.ja],[han.tan.t͈ɯt̚.i.ja]
보내줄 순 없어,6,[po.nɛ.tʃul.sun.ʌp̚.ʌ],[bo.nɛ.dʒul.sun.ʌp̚.ʌ]
내 친구가 아니다,6,[nɛ.tʃʰiŋ.ku.ka.a.ni.ta],[nɛ.tʃʰiŋ.ku.ga.a.ni.da]
한단다 그리고,6,[han.tan.ta.kɯ.ɾi.ko],[han.tan.ta.gɯ.ɾi.go]
보내줘 그래,6,[po.nɛ.tʃwʌ.kɯ.ɾɛ],[bo.nɛ.dʒwʌ.gɯ.ɾɛ]
한달 후에,6,[han.tal.hu.e],[han.tal.hu.e]
보내줘 그리고,6,[po.nɛ.tʃwʌ.kɯ.ɾi.ko],[bo.nɛ.dʒwʌ.gɯ.ɾi.go]
보내줘 그럼,6,[po.nɛ.tʃwʌ.kɯ.ɾʌm],[bo.nɛ.dʒwʌ.gɯ.ɾʌm]
한달에 한번씩,6,[han.tal.e.ham.pʌn.s͈ik̚],[han.tal.e.ham.pʌn.s͈ik̚]
곳은 어디야,6,[kot̚.ɯn.ʌ.ti.ja],[got̚.ɯn.ʌ.di.ja]
갑시다 뭐,6,[kap̚.si.ta.mwʌ],[gap̚.si.da.mwʌ]
한대 그래서,6,[han.tɛ.kɯ.ɾɛ.sʌ],[han.tɛ.gɯ.ɾɛ.sʌ]
부탁하러 왔어,6,[pu.tʰak̚.ha.ɾʌ.wat̚.ʌ],[bu.tʰak̚.ha.ɾʌ.wat̚.ʌ]
확실합니다 네 딸은 여기,6,[hwak̚.sil.hap̚.ni.ta.ne.t͈al.ɯn.jʌ.ki],[hwak̚.sil.hap̚.ni.da.ne.t͈al.ɯn.jʌ.gi]
한대 더,6,[han.tɛ.tʌ],[han.tɛ.dʌ]
한대 이,6,[han.tɛ.i],[han.tɛ.i]
곳은 어디에도 없어,6,[kot̚.ɯn.ʌ.ti.e.to.ʌp̚.ʌ],[got̚.ɯn.ʌ.di.e.do.ʌp̚.ʌ]
보내줘 안 돼,6,[po.nɛ.tʃwʌ.an.twɛ],[bo.nɛ.dʒwʌ.an.dwɛ]
보내줘 이,6,[po.nɛ.tʃwʌ.i],[bo.nɛ.dʒwʌ.i]
한데 꼭,6,[han.te.k͈ok̚],[han.te.k͈ok̚]
확실해 네가,6,[hwak̚.sil.hɛ.ne.ka],[hwak̚.sil.hɛ.ne.ga]
한데 너희,6,[han.te.nʌ.hɯi],[han.te.nʌ.hɯi]
보내줘요 정말,6,[po.nɛ.tʃwʌ.jo.tʃʌŋ.mal],[bo.nɛ.dʒwʌ.jo.dʒʌŋ.mal]
확실해 음,6,[hwak̚.sil.hɛ.ɯm],[hwak̚.sil.hɛ.ɯm]
관여하지 마라,6,[kwan.jʌ.ha.tʃi.ma.ɾa],[gwan.jʌ.ha.dʒi.ma.ɾa]
한데 묶을,6,[han.te.muk̚.ɯl],[han.te.muk̚.ɯl]
보내지 그래,6,[po.nɛ.tʃi.kɯ.ɾɛ],[bo.nɛ.dʒi.gɯ.ɾɛ]
내 친구들 중,6,[nɛ.tʃʰiŋ.ku.tɯl.tʃuŋ],[nɛ.tʃʰiŋ.ku.dɯl.dʒuŋ]
확실해 오늘은,6,[hwak̚.sil.hɛ.o.nɯl.ɯn],[hwak̚.sil.hɛ.o.nɯl.ɯn]
한데 아,6,[han.te.a],[han.te.a]
확실해요 난,6,[hwak̚.sil.hɛ.jo.nan],[hwak̚.sil.hɛ.jo.nan]
한데 여기,6,[han.te.jʌ.ki],[han.te.jʌ.gi]
보내지 말아 주세요,6,[po.nɛ.tʃi.mal.a.tʃu.se.jo],[bo.nɛ.dʒi.mal.a.dʒu.se.jo]
한데 오늘은,6,[han.te.o.nɯl.ɯn],[han.te.o.nɯl.ɯn]
보내지 말았어야 했어,6,[po.nɛ.tʃi.mal.at̚.ʌ.ja.hɛt̚.ʌ],[bo.nɛ.dʒi.mal.at̚.ʌ.ja.hɛt̚.ʌ]
한데 우리가,6,[han.te.u.ɾi.ka],[han.te.u.ɾi.ga]
한데 이거,6,[han.te.i.kʌ],[han.te.i.gʌ]
보내지 못해서,6,[po.nɛ.tʃi.mot̚.hɛ.sʌ],[bo.nɛ.dʒi.mot̚.hɛ.sʌ]
내 친구들은 전부,6,[nɛ.tʃʰiŋ.ku.tɯl.ɯn.tʃʌm.pu],[nɛ.tʃʰiŋ.ku.dɯl.ɯn.dʒʌm.pu]
내 친구들을 다치게,6,[nɛ.tʃʰiŋ.ku.tɯl.ɯl.ta.tʃʰi.ke],[nɛ.tʃʰiŋ.ku.dɯl.ɯl.da.tʃʰi.ge]
한동안 계속될,6,[han.toŋ.aŋ.kje.sok̚.twel],[han.toŋ.an.gje.sok̚.twel]
곳은 없었으니까요,6,[kot̚.ɯn.ʌp̚.ʌt̚.ɯ.ni.k͈a.jo],[got̚.ɯn.ʌp̚.ʌt̚.ɯ.ni.k͈a.jo]
보내지 않을 것입니다,6,[po.nɛ.tʃi.an.ɯl.kʌt̚.ip̚.ni.ta],[bo.nɛ.dʒi.an.ɯl.gʌt̚.ip̚.ni.da]
확실히 같은,6,[hwak̚.sil.hi.kat̚.ɯn],[hwak̚.sil.hi.gat̚.ɯn]
pressure point,6,,
내 친구들의 이마,6,[nɛ.tʃʰiŋ.ku.tɯl.ɯi.i.ma],[nɛ.tʃʰiŋ.ku.dɯl.ɯi.i.ma]
내 친구들의 이마 위에,6,[nɛ.tʃʰiŋ.ku.tɯl.ɯi.i.ma.wi.e],[nɛ.tʃʰiŋ.ku.dɯl.ɯi.i.ma.wi.e]
한동안 약을,6,[han.toŋ.an.jak̚.ɯl],[han.toŋ.an.jak̚.ɯl]
보내진 것,6,[po.nɛ.tʃiŋ.kʌt̚],[bo.nɛ.dʒin.gʌt̚]
곳은 없었으니까요 캐스털리,6,[kot̚.ɯn.ʌp̚.ʌt̚.ɯ.ni.k͈a.jo.kʰɛ.sɯ.tʰʌl.ɾi],[got̚.ɯn.ʌp̚.ʌt̚.ɯ.ni.k͈a.jo.kʰɛ.sɯ.tʰʌl.ɾi]
보내진 않았을,6,[po.nɛ.tʃin.an.at̚.ɯl],[bo.nɛ.dʒin.an.at̚.ɯl]
곳은 없었으니까요 캐스털리 록은,6,[kot̚.ɯn.ʌp̚.ʌt̚.ɯ.ni.k͈a.jo.kʰɛ.sɯ.tʰʌl.ɾi.ɾok̚.ɯn],[got̚.ɯn.ʌp̚.ʌt̚.ɯ.ni.k͈a.jo.kʰɛ.sɯ.tʰʌl.ɾi.ɾok̚.ɯn]
한동안 조용히,6,[han.toŋ.an.tʃo.joŋ.hi],[han.toŋ.an.dʒo.joŋ.hi]
갑시다 어디,6,[kap̚.si.ta.ʌ.ti],[gap̚.si.da.ʌ.di]
확실히 그랬어,6,[hwak̚.sil.hi.kɯ.ɾɛt̚.ʌ],[hwak̚.sil.hi.gɯ.ɾɛt̚.ʌ]
보내질 수,6,[po.nɛ.tʃil.su],[bo.nɛ.dʒil.su]
내 친구들이라고,6,[nɛ.tʃʰiŋ.ku.tɯl.i.ɾa.ko],[nɛ.tʃʰiŋ.ku.dɯl.i.ɾa.go]
한두 개 정도,6,[han.tu.kɛ.tʃʌŋ.to],[han.tu.gɛ.dʒʌŋ.do]
한두 개가 아니야,6,[han.tu.kɛ.ka.a.ni.ja],[han.tu.gɛ.ga.a.ni.ja]
한두 군데가,6,[han.tu.kun.te.ka],[han.tu.gun.te.ga]
보낸 거 아니에요,6,[po.nɛŋ.kʌ.a.ni.e.jo],[bo.nɛn.gʌ.a.ni.e.jo]
한두 마리가,6,[han.tu.ma.ɾi.ka],[han.tu.ma.ɾi.ga]
한두 마디,6,[han.tu.ma.ti],[han.tu.ma.di]
확실해요 젠장,6,[hwak̚.sil.hɛ.jo.tʃen.tʃaŋ],[hwak̚.sil.hɛ.jo.dʒen.tʃaŋ]
확실히 그녀는,6,[hwak̚.sil.hi.kɯ.njʌ.nɯn],[hwak̚.sil.hi.gɯ.njʌ.nɯn]
한두 명을,6,[han.tu.mjʌŋ.ɯl],[han.tu.mjʌŋ.ɯl]
한두 명의,6,[han.tu.mjʌŋ.ɯi],[han.tu.mjʌŋ.ɯi]
보낸 거고요,6,[po.nɛŋ.kʌ.ko.jo],[bo.nɛn.gʌ.go.jo]
보낸 거 맞지,6,[po.nɛŋ.kʌ.mat̚.tʃi],[bo.nɛn.gʌ.mat̚.tʃi]
한두 번이지,6,[han.tu.pʌn.i.tʃi],[han.tu.bʌn.i.dʒi]
보낸 거라니,6,[po.nɛŋ.kʌ.ɾa.ni],[bo.nɛn.gʌ.ɾa.ni]
한두 시간 정도,6,[han.tu.si.kan.tʃʌŋ.to],[han.tu.si.gan.dʒʌŋ.do]
보낸 거라니 비참하다 클레멘타인,6,[po.nɛŋ.kʌ.ɾa.ni.pi.tʃʰam.ha.ta.kʰɯl.ɾe.men.tʰa.in],[bo.nɛn.gʌ.ɾa.ni.bi.tʃʰam.ha.da.kʰɯl.ɾe.men.tʰa.in]
보낸 거라니 비참하다,6,[po.nɛŋ.kʌ.ɾa.ni.pi.tʃʰam.ha.ta],[bo.nɛn.gʌ.ɾa.ni.bi.tʃʰam.ha.da]
내 친구로서,6,[nɛ.tʃʰiŋ.ku.ɾo.sʌ],[nɛ.tʃʰiŋ.ku.ɾo.sʌ]
한두개 여야지,6,[han.tu.kɛ.jʌ.ja.tʃi],[han.tu.gɛ.jʌ.ja.dʒi]
한둘이 아니잖아요,6,[han.tul.i.a.ni.tʃan.a.jo],[han.tul.i.a.ni.dʒan.a.jo]
보낸 거였어요,6,[po.nɛŋ.kʌ.jʌt̚.ʌ.jo],[bo.nɛn.gʌ.jʌt̚.ʌ.jo]
확실히 나를,6,[hwak̚.sil.hi.na.ɾɯl],[hwak̚.sil.hi.na.ɾɯl]
한들 네가,6,[han.tɯl.le.ka],[han.tɯl.le.ga]
보낸 건 내,6,[po.nɛŋ.kʌn.nɛ],[bo.nɛn.gʌn.nɛ]
한때 나쁜,6,[han.t͈ɛ.na.p͈ɯn],[han.t͈ɛ.na.p͈ɯn]
한때 나는,6,[han.t͈ɛ.na.nɯn],[han.t͈ɛ.na.nɯn]
내 친구만,6,[nɛ.tʃʰiŋ.ku.man],[nɛ.tʃʰiŋ.ku.man]
확실히 다,6,[hwak̚.sil.hi.ta],[hwak̚.sil.hi.da]
한때 사랑했던,6,[han.t͈ɛ.sa.ɾaŋ.hɛt̚.tʌn],[han.t͈ɛ.sa.ɾaŋ.hɛt̚.tʌn]
한때 잘,6,[han.t͈ɛ.tʃal],[han.t͈ɛ.dʒal]
보낸 걸로,6,[po.nɛŋ.kʌl.ɾo],[bo.nɛn.gʌl.ɾo]
곳은 우리가,6,[kot̚.ɯn.u.ɾi.ka],[got̚.ɯn.u.ɾi.ga]
한류 스타,6,[hal.lju.sɯ.tʰa],[hal.lju.sɯ.tʰa]
한마디 하려고,6,[han.ma.ti.ha.ɾjʌ.ko],[han.ma.di.ha.ɾjʌ.go]
한마디 할래요,6,[han.ma.ti.hal.ɾɛ.jo],[han.ma.di.hal.ɾɛ.jo]
내 친구였다고,6,[nɛ.tʃʰiŋ.ku.jʌt̚.ta.ko],[nɛ.tʃʰiŋ.ku.jʌt̚.ta.go]
보낸 다른,6,[po.nɛn.ta.ɾɯn],[bo.nɛn.da.ɾɯn]
한마디 해야겠군,6,[han.ma.ti.hɛ.ja.ket̚.kun],[han.ma.di.hɛ.ja.get̚.kun]
내 친구였소,6,[nɛ.tʃʰiŋ.ku.jʌt̚.so],[nɛ.tʃʰiŋ.ku.jʌt̚.so]
한마디 해야겠어요,6,[han.ma.ti.hɛ.ja.ket̚.ʌ.jo],[han.ma.di.hɛ.ja.get̚.ʌ.jo]
곳은 와이파이입니다,6,[kot̚.ɯn.wa.i.pʰa.i.ip̚.ni.ta],[got̚.ɯn.wa.i.pʰa.i.ip̚.ni.da]
한마디 해주지,6,[han.ma.ti.hɛ.tʃu.tʃi],[han.ma.di.hɛ.dʒu.dʒi]
곳은 있나요,6,[kot̚.ɯn.it̚.na.jo],[got̚.ɯn.it̚.na.jo]
한마디도 믿지,6,[han.ma.ti.to.mit̚.tʃi],[han.ma.di.do.mit̚.tʃi]
한마디도 안 하셨어요,6,[han.ma.ti.to.an.ha.sjʌt̚.ʌ.jo],[han.ma.di.do.an.ha.sjʌt̚.ʌ.jo]
한마디도 안 할 겁니다,6,[han.ma.ti.to.an.hal.kʌp̚.ni.ta],[han.ma.di.do.an.hal.gʌp̚.ni.da]
내 친구였지,6,[nɛ.tʃʰiŋ.ku.jʌt̚.tʃi],[nɛ.tʃʰiŋ.ku.jʌt̚.tʃi]
pressurin'' me 날,6,[nal],[nal]
보낸 문자는,6,[po.nɛn.mun.tʃa.nɯn],[bo.nɛn.mun.tʃa.nɯn]
보낸 사람도,6,[po.nɛn.sa.ɾan.to],[bo.nɛn.sa.ɾan.to]
한마디도 하지마,6,[han.ma.ti.to.ha.tʃi.ma],[han.ma.di.do.ha.dʒi.ma]
보낸 사람들이,6,[po.nɛn.sa.ɾan.tɯl.i],[bo.nɛn.sa.ɾan.tɯl.i]
보낸 사람들,6,[po.nɛn.sa.ɾan.tɯl],[bo.nɛn.sa.ɾan.tɯl]
한마디로 이야기할,6,[han.ma.ti.ɾo.i.ja.ki.hal],[han.ma.di.ɾo.i.ja.gi.hal]
한마디로 이야기할 수 없군요,6,[han.ma.ti.ɾo.i.ja.ki.hal.su.ʌp̚.kun.jo],[han.ma.di.ɾo.i.ja.gi.hal.su.ʌp̚.kun.jo]
한마디를 안,6,[han.ma.ti.ɾɯl.an],[han.ma.di.ɾɯl.an]
한마디로 이야기할 수,6,[han.ma.ti.ɾo.i.ja.ki.hal.su],[han.ma.di.ɾo.i.ja.gi.hal.su]
한마디만 더 하죠,6,[han.ma.ti.man.tʌ.ha.tʃjo],[han.ma.di.man.dʌ.ha.dʒjo]
보낸 사람입니다,6,[po.nɛn.sa.ɾam.ip̚.ni.ta],[bo.nɛn.sa.ɾam.ip̚.ni.da]
pressurin'' me 날 압박하지마,6,[nal.ap̚.pak̚.ha.tʃi.ma],[nal.ap̚.pak̚.ha.dʒi.ma]
갑시다 이건,6,[kap̚.si.ta.i.kʌn],[gap̚.si.da.i.gʌn]
내 친구이고,6,[nɛ.tʃʰiŋ.ku.i.ko],[nɛ.tʃʰiŋ.ku.i.go]
확실히 말했어요,6,[hwak̚.sil.hi.mal.hɛt̚.ʌ.jo],[hwak̚.sil.hi.mal.hɛt̚.ʌ.jo]
확실히 매우,6,[hwak̚.sil.hi.mɛ.u],[hwak̚.sil.hi.mɛ.u]
보낸 선물이에요,6,[po.nɛn.sʌn.mul.i.e.jo],[bo.nɛn.sʌn.mul.i.e.jo]
내 친구이기,6,[nɛ.tʃʰiŋ.ku.i.ki],[nɛ.tʃʰiŋ.ku.i.gi]
한마디면 돼,6,[han.ma.ti.mjʌn.twɛ],[han.ma.di.mjʌn.dwɛ]
보낸 여자,6,[po.nɛn.jʌ.tʃa],[bo.nɛn.jʌ.dʒa]
한명 만,6,[han.mjʌŋ.man],[han.mjʌŋ.man]
한명이라도 내보냈다간,6,[han.mjʌŋ.i.ɾa.to.nɛ.po.nɛt̚.ta.kan],[han.mjʌŋ.i.ɾa.do.nɛ.bo.nɛt̚.ta.gan]
한명이라도 내보냈다간 시민 목숨이,6,[han.mjʌŋ.i.ɾa.to.nɛ.po.nɛt̚.ta.kan.si.min.mok̚.sum.i],[han.mjʌŋ.i.ɾa.do.nɛ.bo.nɛt̚.ta.gan.si.min.mok̚.sum.i]
한명이라도 내보냈다간 시민,6,[han.mjʌŋ.i.ɾa.to.nɛ.po.nɛt̚.ta.kan.si.min],[han.mjʌŋ.i.ɾa.do.nɛ.bo.nɛt̚.ta.gan.si.min]
갑시다 이봐요,6,[kap̚.si.ta.i.pwa.jo],[gap̚.si.da.i.bwa.jo]
한물 갔어,6,[han.mul.kat̚.ʌ],[han.mul.gat̚.ʌ]
한몫 챙기고,6,[han.mok̚.tʃʰɛŋ.ki.ko],[han.mok̚.tʃʰɛŋ.gi.go]
확실히 문제가,6,[hwak̚.sil.hi.mun.tʃe.ka],[hwak̚.sil.hi.mun.tʃe.ga]
한바퀴 돌고,6,[ham.pa.kʰwi.tol.ko],[ham.pa.kʰwi.dol.ko]
보낸 이메일이,6,[po.nɛn.i.me.il.i],[bo.nɛn.i.me.il.i]
한바탕 하고,6,[ham.pa.tʰaŋ.ha.ko],[ham.pa.tʰaŋ.ha.go]
갑시다 이제,6,[kap̚.si.ta.i.tʃe],[gap̚.si.da.i.dʒe]
보낸 자가,6,[po.nɛn.tʃa.ka],[bo.nɛn.dʒa.ga]
확실히 본,6,[hwak̚.sil.hi.pon],[hwak̚.sil.hi.bon]
한발 늦었네,6,[ham.pal.lɯt̚.ʌt̚.ne],[ham.pal.lɯt̚.ʌt̚.ne]
scrub 놈팽이는 싫어,6,[nom.pʰɛŋ.i.nɯn.sil.ʌ],[nom.pʰɛŋ.i.nɯn.sil.ʌ]
확실히 볼 수,6,[hwak̚.sil.hi.pol.su],[hwak̚.sil.hi.bol.su]
한발 늦었어요,6,[ham.pal.lɯt̚.ʌt̚.ʌ.jo],[ham.pal.lɯt̚.ʌt̚.ʌ.jo]
확실히 봤어,6,[hwak̚.sil.hi.pwat̚.ʌ],[hwak̚.sil.hi.bwat̚.ʌ]
한발 앞서고,6,[ham.pal.ap̚.sʌ.ko],[ham.pal.ap̚.sʌ.go]
곳은 항상,6,[kot̚.ɯn.haŋ.saŋ],[got̚.ɯn.haŋ.saŋ]
확실히 선을,6,[hwak̚.sil.hi.sʌn.ɯl],[hwak̚.sil.hi.sʌn.ɯl]
확실히 봤어요,6,[hwak̚.sil.hi.pwat̚.ʌ.jo],[hwak̚.sil.hi.bwat̚.ʌ.jo]
한밤중에 네,6,[ham.pan.tʃuŋ.e.ne],[ham.pan.tʃuŋ.e.ne]
한밤중에 울고 있어,6,[ham.pan.tʃuŋ.e.ul.ko.it̚.ʌ],[ham.pan.tʃuŋ.e.ul.ko.it̚.ʌ]
한밤중에 울고,6,[ham.pan.tʃuŋ.e.ul.ko],[ham.pan.tʃuŋ.e.ul.ko]
한방 더,6,[ham.paŋ.tʌ],[ham.paŋ.dʌ]
한방 먹였어,6,[ham.paŋ.mʌk̚.jʌt̚.ʌ],[ham.paŋ.mʌk̚.jʌt̚.ʌ]
한방 먹여,6,[ham.paŋ.mʌk̚.jʌ],[ham.paŋ.mʌk̚.jʌ]
확실히 알 수 없을,6,[hwak̚.sil.hi.al.su.ʌp̚.ɯl],[hwak̚.sil.hi.al.su.ʌp̚.ɯl]
갑시다 잠깐만,6,[kap̚.si.ta.tʃam.k͈an.man],[gap̚.si.da.dʒam.k͈an.man]
확실히 알게 될,6,[hwak̚.sil.hi.al.ke.twel],[hwak̚.sil.hi.al.ke.dwel]
내가 어린애,6,[nɛ.ka.ʌ.ɾin.ɛ],[nɛ.ga.ʌ.ɾin.ɛ]
보낸다고 해서,6,[po.nɛn.ta.ko.hɛ.sʌ],[bo.nɛn.ta.go.hɛ.sʌ]
확실히 알겠네요,6,[hwak̚.sil.hi.al.ket̚.ne.jo],[hwak̚.sil.hi.al.ket̚.ne.jo]
한번 가봐야,6,[ham.pʌŋ.ka.pwa.ja],[ham.pʌn.ga.bwa.ja]
보낸다고 했어요,6,[po.nɛn.ta.ko.hɛt̚.ʌ.jo],[bo.nɛn.ta.go.hɛt̚.ʌ.jo]
한번 갑시다,6,[ham.pʌŋ.kap̚.si.ta],[ham.pʌn.gap̚.si.da]
한번 감사합니다,6,[ham.pʌŋ.kam.sa.hap̚.ni.ta],[ham.pʌn.gam.sa.hap̚.ni.da]
한번 고맙습니다,6,[ham.pʌŋ.ko.map̚.sɯp̚.ni.ta],[ham.pʌn.go.map̚.sɯp̚.ni.da]
보낼 거란,6,[po.nɛl.kʌ.ɾan],[bo.nɛl.gʌ.ɾan]
한번 꼭,6,[ham.pʌŋ.k͈ok̚],[ham.pʌŋ.k͈ok̚]
한번 끝내주네요,6,[ham.pʌŋ.k͈ɯt̚.nɛ.tʃu.ne.jo],[ham.pʌŋ.k͈ɯt̚.nɛ.dʒu.ne.jo]
한번 나가면,6,[ham.pʌn.na.ka.mjʌn],[ham.pʌn.na.ga.mjʌn]
보낼 거에요,6,[po.nɛl.kʌ.e.jo],[bo.nɛl.gʌ.e.jo]
보낼 거야'',6,[po.nɛl.kʌ.ja],[bo.nɛl.gʌ.ja]
확실히 알았지,6,[hwak̚.sil.hi.al.at̚.tʃi],[hwak̚.sil.hi.al.at̚.tʃi]
한번 놀아 보자고,6,[ham.pʌn.nol.a.po.tʃa.ko],[ham.pʌn.nol.a.bo.dʒa.go]
한번 느껴봐,6,[ham.pʌn.nɯ.k͈jʌ.pwa],[ham.pʌn.nɯ.k͈jʌ.bwa]
내 칫솔을 충전하는,6,[nɛ.tʃʰit̚.sol.ɯl.tʃʰuŋ.tʃʌn.ha.nɯn],[nɛ.tʃʰit̚.sol.ɯl.tʃʰuŋ.dʒʌn.ha.nɯn]
한번 대,6,[ham.pʌn.tɛ],[ham.pʌn.dɛ]
보낼 건데요,6,[po.nɛl.kʌn.te.jo],[bo.nɛl.gʌn.te.jo]
곳을 말하는,6,[kot̚.ɯl.mal.ha.nɯn],[got̚.ɯl.mal.ha.nɯn]
한번 더 하고,6,[ham.pʌn.tʌ.ha.ko],[ham.pʌn.dʌ.ha.go]
내 칫솔을 충전하는 데,6,[nɛ.tʃʰit̚.sol.ɯl.tʃʰuŋ.tʃʌn.ha.nɯn.te],[nɛ.tʃʰit̚.sol.ɯl.tʃʰuŋ.dʒʌn.ha.nɯn.de]
내 칫솔이야,6,[nɛ.tʃʰit̚.sol.i.ja],[nɛ.tʃʰit̚.sol.i.ja]
보낼 것 같아,6,[po.nɛl.kʌt̚.kat̚.a],[bo.nɛl.gʌt̚.gat̚.a]
한번 뒤져,6,[ham.pʌn.twi.tʃjʌ],[ham.pʌn.dwi.dʒjʌ]
한번 둘러봐,6,[ham.pʌn.tul.ɾʌ.pwa],[ham.pʌn.dul.ɾʌ.bwa]
보낼 때는,6,[po.nɛl.t͈ɛ.nɯn],[bo.nɛl.t͈ɛ.nɯn]
한번 들어 봅시다,6,[ham.pʌn.tɯl.ʌ.pop̚.si.ta],[ham.pʌn.dɯl.ʌ.bop̚.si.da]
내 카메라는,6,[nɛ.kʰa.me.ɾa.nɯn],[nɛ.kʰa.me.ɾa.nɯn]
pretend to be,6,,
확실히 압니다,6,[hwak̚.sil.hi.ap̚.ni.ta],[hwak̚.sil.hi.ap̚.ni.da]
pretend you''re,6,,
한번 들어볼래,6,[ham.pʌn.tɯl.ʌ.pol.ɾɛ],[ham.pʌn.dɯl.ʌ.bol.ɾɛ]
한번 들어봅시다,6,[ham.pʌn.tɯl.ʌ.pop̚.si.ta],[ham.pʌn.dɯl.ʌ.bop̚.si.da]
보낼 생각을,6,[po.nɛl.sɛŋ.kak̚.ɯl],[bo.nɛl.sɛŋ.gak̚.ɯl]
한번 들여,6,[ham.pʌn.tɯl.jʌ],[ham.pʌn.dɯl.jʌ]
보낼 생각이,6,[po.nɛl.sɛŋ.kak̚.i],[bo.nɛl.sɛŋ.gak̚.i]
확실히 지금,6,[hwak̚.sil.hi.tʃi.kɯm],[hwak̚.sil.hi.dʒi.gɯm]
보낼 수 없는,6,[po.nɛl.su.ʌp̚.nɯn],[bo.nɛl.su.ʌp̚.nɯn]
한번 마셔봐,6,[ham.pʌn.ma.sjʌ.pwa],[ham.pʌn.ma.sjʌ.bwa]
한번 마음먹으면,6,[ham.pʌn.ma.ɯm.mʌk̚.ɯ.mjʌn],[ham.pʌn.ma.ɯm.mʌk̚.ɯ.mjʌn]
곳을 발견했어요,6,[kot̚.ɯl.pal.kjʌn.hɛt̚.ʌ.jo],[got̚.ɯl.bal.kjʌn.hɛt̚.ʌ.jo]
한번 만나 볼래,6,[ham.pʌn.man.na.pol.ɾɛ],[ham.pʌn.man.na.bol.ɾɛ]
한번 만나 보고,6,[ham.pʌn.man.na.po.ko],[ham.pʌn.man.na.bo.go]
한번 만나보는,6,[ham.pʌn.man.na.po.nɯn],[ham.pʌn.man.na.bo.nɯn]
한번 만져봐,6,[ham.pʌn.man.tʃjʌ.pwa],[ham.pʌn.man.tʃjʌ.bwa]
한번 말씀드립니다,6,[ham.pʌn.mal.s͈ɯn.tɯ.ɾip̚.ni.ta],[ham.pʌn.mal.s͈ɯn.tɯ.ɾip̚.ni.da]
보낼 수 있겠어요,6,[po.nɛl.su.it̚.ket̚.ʌ.jo],[bo.nɛl.su.it̚.ket̚.ʌ.jo]
보낼 수 있고,6,[po.nɛl.su.it̚.ko],[bo.nɛl.su.it̚.ko]
보낼 수 있다는,6,[po.nɛl.su.it̚.ta.nɯn],[bo.nɛl.su.it̚.ta.nɯn]
갑시다 좋았어,6,[kap̚.si.ta.tʃot̚.at̚.ʌ],[gap̚.si.da.dʒot̚.at̚.ʌ]
부탁해요 이제,6,[pu.tʰak̚.hɛ.jo.i.tʃe],[bu.tʰak̚.hɛ.jo.i.dʒe]
보낼 수 있어서,6,[po.nɛl.su.it̚.ʌ.sʌ],[bo.nɛl.su.it̚.ʌ.sʌ]
한번 못 보고서,6,[ham.pʌn.mot̚.po.ko.sʌ],[ham.pʌn.mot̚.bo.go.sʌ]
확실히 하고 싶었어요,6,[hwak̚.sil.hi.ha.ko.sip̚.ʌt̚.ʌ.jo],[hwak̚.sil.hi.ha.go.sip̚.ʌt̚.ʌ.jo]
한번 물면 절대,6,[ham.pʌn.mul.mjʌn.tʃʌl.tɛ],[ham.pʌn.mul.mjʌn.dʒʌl.tɛ]
보낼 수 있으면,6,[po.nɛl.su.it̚.ɯ.mjʌn],[bo.nɛl.su.it̚.ɯ.mjʌn]
한번 물어보지,6,[ham.pʌn.mul.ʌ.po.tʃi],[ham.pʌn.mul.ʌ.bo.dʒi]
한번 물어봐요,6,[ham.pʌn.mul.ʌ.pwa.jo],[ham.pʌn.mul.ʌ.bwa.jo]
내 커피를,6,[nɛ.kʰʌ.pʰi.ɾɯl],[nɛ.kʰʌ.pʰi.ɾɯl]
보낼 수 있을거야,6,[po.nɛl.su.it̚.ɯl.kʌ.ja],[bo.nɛl.su.it̚.ɯl.kʌ.ja]
한번 믿어 봐,6,[ham.pʌn.mit̚.ʌ.pwa],[ham.pʌn.mit̚.ʌ.bwa]
보낼 수 있을까요,6,[po.nɛl.su.it̚.ɯl.k͈a.jo],[bo.nɛl.su.it̚.ɯl.k͈a.jo]
보낼 수 있을지도,6,[po.nɛl.su.it̚.ɯl.tʃi.to],[bo.nɛl.su.it̚.ɯl.tʃi.do]
확실히 하는게,6,[hwak̚.sil.hi.ha.nɯŋ.ke],[hwak̚.sil.hi.ha.nɯŋ.ke]
한번 보겠나,6,[ham.pʌm.po.ket̚.na],[ham.pʌn.bo.get̚.na]
부탁합니다 뭐,6,[pu.tʰak̚.hap̚.ni.ta.mwʌ],[bu.tʰak̚.hap̚.ni.da.mwʌ]
한번 보시면,6,[ham.pʌm.po.si.mjʌn],[ham.pʌn.bo.si.mjʌn]
갑옷 거인을,6,[kap̚.ot̚.kʌ.in.ɯl],[gap̚.ot̚.gʌ.in.ɯl]
갖고 놀 생각,6,[kat̚.ko.nol.sɛŋ.kak̚],[gat̚.ko.nol.sɛŋ.gak̚]
한번 본,6,[ham.pʌm.pon],[ham.pʌn.bon]
보낼 순 없잖아,6,[po.nɛl.sun.ʌp̚.tʃan.a],[bo.nɛl.sun.ʌp̚.tʃan.a]
보낼 이유가,6,[po.nɛl.i.ju.ka],[bo.nɛl.i.ju.ga]
한번 봐볼게,6,[ham.pʌm.pwa.pol.ke],[ham.pʌn.bwa.bol.ke]
내 케이스,6,[nɛ.kʰe.i.sɯ],[nɛ.kʰe.i.sɯ]
갑옷 거인의 습격으로,6,[kap̚.ot̚.kʌ.in.ɯi.sɯp̚.kjʌk̚.ɯ.ɾo],[gap̚.ot̚.gʌ.in.ɯi.sɯp̚.kjʌk̚.ɯ.ɾo]
갑옷 거인의 습격으로 사람들의,6,[kap̚.ot̚.kʌ.in.ɯi.sɯp̚.kjʌk̚.ɯ.ɾo.sa.ɾan.tɯl.ɯi],[gap̚.ot̚.gʌ.in.ɯi.sɯp̚.kjʌk̚.ɯ.ɾo.sa.ɾan.tɯl.ɯi]
한번 봐야겠어,6,[ham.pʌm.pwa.ja.ket̚.ʌ],[ham.pʌn.bwa.ja.get̚.ʌ]
한번 봤어요,6,[ham.pʌm.pwat̚.ʌ.jo],[ham.pʌn.bwat̚.ʌ.jo]
한번 봐줄게,6,[ham.pʌm.pwa.tʃul.ke],[ham.pʌn.bwa.dʒul.ke]
곳을 안다,6,[kot̚.ɯl.an.ta],[got̚.ɯl.an.ta]
확실히 해 둬야,6,[hwak̚.sil.hi.hɛ.twʌ.ja],[hwak̚.sil.hi.hɛ.dwʌ.ja]
한번 살펴보죠,6,[ham.pʌn.sal.pʰjʌ.po.tʃjo],[ham.pʌn.sal.pʰjʌ.bo.dʒjo]
갑옷 거인이,6,[kap̚.ot̚.kʌ.in.i],[gap̚.ot̚.gʌ.in.i]
보낼게 그래,6,[po.nɛl.ke.kɯ.ɾɛ],[bo.nɛl.ke.gɯ.ɾɛ]
보낼게 이,6,[po.nɛl.ke.i],[bo.nɛl.ke.i]
확실히 해두고 싶은,6,[hwak̚.sil.hi.hɛ.tu.ko.sip̚.ɯn],[hwak̚.sil.hi.hɛ.du.go.sip̚.ɯn]
내 코알라를,6,[nɛ.kʰo.al.ɾa.ɾɯl],[nɛ.kʰo.al.ɾa.ɾɯl]
보낼게요 네,6,[po.nɛl.ke.jo.ne],[bo.nɛl.ke.jo.ne]
한번 설명해,6,[ham.pʌn.sʌl.mjʌŋ.hɛ],[ham.pʌn.sʌl.mjʌŋ.hɛ]
보낼게요 이제,6,[po.nɛl.ke.jo.i.tʃe],[bo.nɛl.ke.jo.i.dʒe]
보낼까 해,6,[po.nɛl.k͈a.hɛ],[bo.nɛl.k͈a.hɛ]
한번 시켜드릴까,6,[ham.pʌn.si.kʰjʌ.tɯ.ɾil.k͈a],[ham.pʌn.si.kʰjʌ.dɯ.ɾil.k͈a]
한번 시켜드릴까 합니다,6,[ham.pʌn.si.kʰjʌ.tɯ.ɾil.k͈a.hap̚.ni.ta],[ham.pʌn.si.kʰjʌ.dɯ.ɾil.k͈a.hap̚.ni.da]
내 코에서,6,[nɛ.kʰo.e.sʌ],[nɛ.kʰo.e.sʌ]
한번 신나게,6,[ham.pʌn.sin.na.ke],[ham.pʌn.sin.na.ge]
한번 쏴,6,[ham.pʌn.s͈wa],[ham.pʌn.s͈wa]
한번 앉아,6,[ham.pʌn.an.a],[ham.pʌn.an.a]
보냈나 보네,6,[po.nɛt̚.na.po.ne],[bo.nɛt̚.na.bo.ne]
보냈네 좋은,6,[po.nɛt̚.ne.tʃot̚.ɯn],[bo.nɛt̚.ne.dʒot̚.ɯn]
확실히 해야 한다,6,[hwak̚.sil.hi.hɛ.ja.han.ta],[hwak̚.sil.hi.hɛ.ja.han.ta]
한번 알아볼까,6,[ham.pʌn.al.a.pol.k͈a],[ham.pʌn.al.a.bol.k͈a]
내 크고,6,[nɛ.kʰɯ.ko],[nɛ.kʰɯ.go]
한번 열어봐,6,[ham.pʌn.jʌl.ʌ.pwa],[ham.pʌn.jʌl.ʌ.bwa]
갑옷도 부족하죠,6,[kap̚.ot̚.to.pu.tʃok̚.ha.tʃjo],[gap̚.ot̚.to.bu.dʒok̚.ha.dʒjo]
한번 와요,6,[ham.pʌn.wa.jo],[ham.pʌn.wa.jo]
보냈다 그,6,[po.nɛt̚.ta.kɯ],[bo.nɛt̚.ta.gɯ]
내 클럽에 와서,6,[nɛ.kʰɯl.ɾʌp̚.e.wa.sʌ],[nɛ.kʰɯl.ɾʌp̚.e.wa.sʌ]
보냈다 그의,6,[po.nɛt̚.ta.kɯ.ɯi],[bo.nɛt̚.ta.gɯ.ɯi]
한번 있을까,6,[ham.pʌn.it̚.ɯl.k͈a],[ham.pʌn.it̚.ɯl.k͈a]
보냈다 나는,6,[po.nɛt̚.ta.na.nɯn],[bo.nɛt̚.ta.na.nɯn]
한번 있을까 말까한,6,[ham.pʌn.it̚.ɯl.k͈a.mal.k͈a.han],[ham.pʌn.it̚.ɯl.k͈a.mal.k͈a.han]
갑옷도 부족하죠 하지만 라니스터군이,6,[kap̚.ot̚.to.pu.tʃok̚.ha.tʃjo.ha.tʃi.mal.la.ni.sɯ.tʰʌ.kun.i],[gap̚.ot̚.to.bu.dʒok̚.ha.dʒjo.ha.dʒi.mal.la.ni.sɯ.tʰʌ.gun.i]
한번 잘못,6,[ham.pʌn.tʃal.mot̚],[ham.pʌn.dʒal.mot̚]
보냈다 내가,6,[po.nɛt̚.ta.nɛ.ka],[bo.nɛt̚.ta.nɛ.ga]
보냈다 이,6,[po.nɛt̚.ta.i],[bo.nɛt̚.ta.i]
갑옷도 부족하죠 하지만,6,[kap̚.ot̚.to.pu.tʃok̚.ha.tʃjo.ha.tʃi.man],[gap̚.ot̚.to.bu.dʒok̚.ha.dʒjo.ha.dʒi.man]
확언할 수,6,[hwak̚.ʌn.hal.su],[hwak̚.ʌn.hal.su]
한번 죽은,6,[ham.pʌn.tʃuk̚.ɯn],[ham.pʌn.dʒuk̚.ɯn]
한번 즐겨,6,[ham.pʌn.tʃɯl.kjʌ],[ham.pʌn.dʒɯl.kjʌ]
보냈다고 하더군요,6,[po.nɛt̚.ta.ko.ha.tʌ.kun.jo],[bo.nɛt̚.ta.go.ha.dʌ.gun.jo]
확인 그리고,6,[hwak̚.iŋ.kɯ.ɾi.ko],[hwak̚.in.gɯ.ɾi.go]
확인 검사,6,[hwak̚.iŋ.kʌm.sa],[hwak̚.in.gʌm.sa]
보냈다고 하세요,6,[po.nɛt̚.ta.ko.ha.se.jo],[bo.nɛt̚.ta.go.ha.se.jo]
한번 쯤,6,[ham.pʌn.tʃ͈ɯm],[ham.pʌn.tʃ͈ɯm]
한번 참,6,[ham.pʌn.tʃʰam],[ham.pʌn.tʃʰam]
한번 찾아볼게요,6,[ham.pʌn.tʃʰat̚.a.pol.ke.jo],[ham.pʌn.tʃʰat̚.a.bol.ke.jo]
한번 찾아볼게,6,[ham.pʌn.tʃʰat̚.a.pol.ke],[ham.pʌn.tʃʰat̚.a.bol.ke]
한번 축하드립니다,6,[ham.pʌn.tʃʰuk̚.ha.tɯ.ɾip̚.ni.ta],[ham.pʌn.tʃʰuk̚.ha.dɯ.ɾip̚.ni.da]
한번 추자,6,[ham.pʌn.tʃʰu.tʃa],[ham.pʌn.tʃʰu.dʒa]
보냈던 것,6,[po.nɛt̚.tʌŋ.kʌt̚],[bo.nɛt̚.tʌn.gʌt̚]
pretty damn,6,,
곳을 알아낼 수,6,[kot̚.ɯl.al.a.nɛl.su],[got̚.ɯl.al.a.nɛl.su]
한번 풀어,6,[ham.pʌm.pʰul.ʌ],[ham.pʌm.pʰul.ʌ]
보냈어 거기서,6,[po.nɛt̚.ʌ.kʌ.ki.sʌ],[bo.nɛt̚.ʌ.gʌ.gi.sʌ]
갑옷을 입히십시오,6,[kap̚.ot̚.ɯl.ip̚.hi.sip̚.si.o],[gap̚.ot̚.ɯl.ip̚.hi.sip̚.si.o]
한번 하지,6,[ham.pʌn.ha.tʃi],[ham.pʌn.ha.dʒi]
한번 해 보겠습니다,6,[ham.pʌn.hɛ.po.ket̚.sɯp̚.ni.ta],[ham.pʌn.hɛ.bo.get̚.sɯp̚.ni.da]
보냈어 그들은,6,[po.nɛt̚.ʌ.kɯ.tɯl.ɯn],[bo.nɛt̚.ʌ.gɯ.dɯl.ɯn]
확인 안 해요,6,[hwak̚.in.an.hɛ.jo],[hwak̚.in.an.hɛ.jo]
한번 해 보자고요,6,[ham.pʌn.hɛ.po.tʃa.ko.jo],[ham.pʌn.hɛ.bo.dʒa.go.jo]
한번 해 봐라,6,[ham.pʌn.hɛ.pwa.ɾa],[ham.pʌn.hɛ.bwa.ɾa]
한번 해 줘,6,[ham.pʌn.hɛ.tʃwʌ],[ham.pʌn.hɛ.dʒwʌ]
한번 해 봤어요,6,[ham.pʌn.hɛ.pwat̚.ʌ.jo],[ham.pʌn.hɛ.bwat̚.ʌ.jo]
부풀어 오른,6,[pu.pʰul.ʌ.o.ɾɯn],[bu.pʰul.ʌ.o.ɾɯn]
내 타입인데,6,[nɛ.tʰa.ip̚.in.te],[nɛ.tʰa.ip̚.in.te]
내 탈출,6,[nɛ.tʰal.tʃʰul],[nɛ.tʰal.tʃʰul]
한번 해보려고,6,[ham.pʌn.hɛ.po.ɾjʌ.ko],[ham.pʌn.hɛ.bo.ɾjʌ.go]
pretty girl,6,,
확실히 아무,6,[hwak̚.sil.hi.a.mu],[hwak̚.sil.hi.a.mu]
내 탓 아니야,6,[nɛ.tʰat̚.a.ni.ja],[nɛ.tʰat̚.a.ni.ja]
보냈어 어떻게,6,[po.nɛt̚.ʌ.ʌ.t͈ʌt̚.ke],[bo.nɛt̚.ʌ.ʌ.t͈ʌt̚.ke]
부품 같은,6,[pu.pʰum.kat̚.ɯn],[bu.pʰum.gat̚.ɯn]
한번 해본,6,[ham.pʌn.hɛ.pon],[ham.pʌn.hɛ.bon]
한번 해보지 뭐,6,[ham.pʌn.hɛ.po.tʃi.mwʌ],[ham.pʌn.hɛ.bo.dʒi.mwʌ]
한번 해봐 좋아,6,[ham.pʌn.hɛ.pwa.tʃot̚.a],[ham.pʌn.hɛ.bwa.dʒot̚.a]
seconds out,6,,
한번 해봤어,6,[ham.pʌn.hɛ.pwat̚.ʌ],[ham.pʌn.hɛ.bwat̚.ʌ]
보냈어 지금,6,[po.nɛt̚.ʌ.tʃi.kɯm],[bo.nɛt̚.ʌ.dʒi.gɯm]
보냈어야 했는데,6,[po.nɛt̚.ʌ.ja.hɛt̚.nɯn.te],[bo.nɛt̚.ʌ.ja.hɛt̚.nɯn.te]
한번도 가본적이,6,[ham.pʌn.to.ka.pon.tʃʌk̚.i],[ham.pʌn.to.ga.bon.tʃʌk̚.i]
내 탓으로 돌릴,6,[nɛ.tʰat̚.ɯ.ɾo.tol.ɾil],[nɛ.tʰat̚.ɯ.ɾo.dol.ɾil]
곳을 정확히,6,[kot̚.ɯl.tʃʌŋ.hwak̚.hi],[got̚.ɯl.dʒʌŋ.hwak̚.hi]
보냈어요 그럼,6,[po.nɛt̚.ʌ.jo.kɯ.ɾʌm],[bo.nɛt̚.ʌ.jo.gɯ.ɾʌm]
한번도 말한,6,[ham.pʌn.to.mal.han],[ham.pʌn.to.mal.han]
한번도 못봤어,6,[ham.pʌn.to.mot̚.pwat̚.ʌ],[ham.pʌn.to.mot̚.pwat̚.ʌ]
보냈어요 네,6,[po.nɛt̚.ʌ.jo.ne],[bo.nɛt̚.ʌ.jo.ne]
보냈어요 당신이,6,[po.nɛt̚.ʌ.jo.taŋ.sin.i],[bo.nɛt̚.ʌ.jo.daŋ.sin.i]
한번도 보지못한 존재죠,6,[ham.pʌn.to.po.tʃi.mot̚.han.tʃon.tʃɛ.tʃjo],[ham.pʌn.to.bo.dʒi.mot̚.han.dʒon.tʃɛ.dʒjo]
내 탓은 아니지,6,[nɛ.tʰat̚.ɯn.a.ni.tʃi],[nɛ.tʰat̚.ɯn.a.ni.dʒi]
한번도 본 적 없는,6,[ham.pʌn.to.pon.tʃʌk̚.ʌp̚.nɯn],[ham.pʌn.to.bon.dʒʌk̚.ʌp̚.nɯn]
한번도 생각해본,6,[ham.pʌn.to.sɛŋ.kak̚.hɛ.pon],[ham.pʌn.to.sɛŋ.gak̚.hɛ.bon]
내 탓을 할,6,[nɛ.tʰat̚.ɯl.hal],[nɛ.tʰat̚.ɯl.hal]
갑자기 관심이,6,[kap̚.tʃa.ki.kwan.sim.i],[gap̚.tʃa.gi.gwan.sim.i]
확인 좀 하려고요,6,[hwak̚.in.tʃom.ha.ɾjʌ.ko.jo],[hwak̚.in.dʒom.ha.ɾjʌ.go.jo]
한번도 한,6,[ham.pʌn.to.han],[ham.pʌn.to.han]
보냈어요 이젠,6,[po.nɛt̚.ʌ.jo.i.tʃen],[bo.nɛt̚.ʌ.jo.i.dʒen]
한번도 해본 적이,6,[ham.pʌn.to.hɛ.pon.tʃʌk̚.i],[ham.pʌn.to.hɛ.bon.dʒʌk̚.i]
be in here,6,,
확인되면 바로,6,[hwak̚.in.twe.mjʌm.pa.ɾo],[hwak̚.in.twe.mjʌn.ba.ɾo]
한번만 더 기회를 주세요,6,[ham.pʌn.man.tʌ.ki.hwe.ɾɯl.tʃu.se.jo],[ham.pʌn.man.dʌ.gi.hwe.ɾɯl.dʒu.se.jo]
부하 중 한 명,6,[pu.ha.tʃuŋ.han.mjʌŋ],[bu.ha.dʒuŋ.han.mjʌŋ]
보냈을 것이다,6,[po.nɛt̚.ɯl.kʌt̚.i.ta],[bo.nɛt̚.ɯl.gʌt̚.i.da]
보냈을 겁니다,6,[po.nɛt̚.ɯl.kʌp̚.ni.ta],[bo.nɛt̚.ɯl.gʌp̚.ni.da]
곳을 찾고 있었어요,6,[kot̚.ɯl.tʃʰat̚.ko.it̚.ʌt̚.ʌ.jo],[got̚.ɯl.tʃʰat̚.ko.it̚.ʌt̚.ʌ.jo]
한번은 우리가,6,[ham.pʌn.ɯn.u.ɾi.ka],[ham.pʌn.ɯn.u.ɾi.ga]
보냈죠 그리고,6,[po.nɛt̚.tʃjo.kɯ.ɾi.ko],[bo.nɛt̚.tʃjo.gɯ.ɾi.go]
한번을 못,6,[ham.pʌn.ɯl.mot̚],[ham.pʌn.ɯl.mot̚]
한번의 기회가,6,[ham.pʌn.ɯi.ki.hwe.ka],[ham.pʌn.ɯi.gi.hwe.ga]
한복판에 있다고요,6,[ham.pok̚.pʰan.e.it̚.ta.ko.jo],[ham.pok̚.pʰan.e.it̚.ta.go.jo]
보냈지 난,6,[po.nɛt̚.tʃi.nan],[bo.nɛt̚.tʃi.nan]
갑자기 그가,6,[kap̚.tʃa.ki.kɯ.ka],[gap̚.tʃa.gi.gɯ.ga]
확인도 없이,6,[hwak̚.in.to.ʌp̚.i],[hwak̚.in.to.ʌp̚.i]
한성 슈퍼,6,[han.sʌŋ.sju.pʰʌ],[han.sʌŋ.sju.pʰʌ]
내 탓이라고요,6,[nɛ.tʰat̚.i.ɾa.ko.jo],[nɛ.tʰat̚.i.ɾa.go.jo]
한순간에 변할,6,[han.suŋ.kan.e.pjʌn.hal],[han.suŋ.kan.e.bjʌn.hal]
한술 더 떠서,6,[han.sul.tʌ.t͈ʌ.sʌ],[han.sul.dʌ.t͈ʌ.sʌ]
한숨 돌려,6,[han.sun.tol.ɾjʌ],[han.sum.dol.ɾjʌ]
내 탓이란 거야,6,[nɛ.tʰat̚.i.ɾaŋ.kʌ.ja],[nɛ.tʰat̚.i.ɾan.gʌ.ja]
한숨 돌릴 수,6,[han.sun.tol.ɾil.su],[han.sum.dol.ɾil.su]
한숨 못,6,[han.sum.mot̚],[han.sum.mot̚]
내 탓이야 그,6,[nɛ.tʰat̚.i.ja.kɯ],[nɛ.tʰat̚.i.ja.gɯ]
보네 그건,6,[po.ne.kɯ.kʌn],[bo.ne.gɯ.gʌn]
한숨 쉬며 걸어간다,6,[han.sum.swi.mjʌ.kʌl.ʌ.kan.ta],[han.sum.swi.mjʌ.gʌl.ʌ.gan.ta]
부하들은 네가,6,[pu.ha.tɯl.ɯn.ne.ka],[bu.ha.dɯl.ɯn.ne.ga]
한숨 쉬면서,6,[han.sum.swi.mjʌn.sʌ],[han.sum.swi.mjʌn.sʌ]
확인이 필요해요,6,[hwak̚.in.i.pʰil.jo.hɛ.jo],[hwak̚.in.i.pʰil.jo.hɛ.jo]
보네 그런,6,[po.ne.kɯ.ɾʌn],[bo.ne.gɯ.ɾʌn]
보네 그리고,6,[po.ne.kɯ.ɾi.ko],[bo.ne.gɯ.ɾi.go]
확인이나 해,6,[hwak̚.in.i.na.hɛ],[hwak̚.in.i.na.hɛ]
곳을 찾아라,6,[kot̚.ɯl.tʃʰat̚.a.ɾa],[got̚.ɯl.tʃʰat̚.a.ɾa]
한숨도 못잤어,6,[han.sun.to.mot̚.tʃat̚.ʌ],[han.sun.to.mot̚.tʃat̚.ʌ]
한숨을 크게,6,[han.sum.ɯl.kʰɯ.ke],[han.sum.ɯl.kʰɯ.ge]
내 탓이지만,6,[nɛ.tʰat̚.i.tʃi.man],[nɛ.tʰat̚.i.dʒi.man]
갑자기 그걸,6,[kap̚.tʃa.ki.kɯ.kʌl],[gap̚.tʃa.gi.gɯ.gʌl]
한스 그루버를,6,[han.sɯ.kɯ.ɾu.pʌ.ɾɯl],[han.sɯ.gɯ.ɾu.bʌ.ɾɯl]
내 탓인 것,6,[nɛ.tʰat̚.iŋ.kʌt̚],[nɛ.tʰat̚.in.gʌt̚]
내 탓일,6,[nɛ.tʰat̚.il],[nɛ.tʰat̚.il]
보네 안녕,6,[po.ne.an.njʌŋ],[bo.ne.an.njʌŋ]
보네 어떻게,6,[po.ne.ʌ.t͈ʌt̚.ke],[bo.ne.ʌ.t͈ʌt̚.ke]
한시간 이내에,6,[han.si.kan.i.nɛ.e],[han.si.gan.i.nɛ.e]
확인하고 싶은 거야,6,[hwak̚.in.ha.ko.sip̚.ɯŋ.kʌ.ja],[hwak̚.in.ha.go.sip̚.ɯn.gʌ.ja]
보네 우린,6,[po.ne.u.ɾin],[bo.ne.u.ɾin]
한시도 안,6,[han.si.to.an],[han.si.do.an]
한시도 쉬지,6,[han.si.to.swi.tʃi],[han.si.do.swi.dʒi]
곳을 찾아야 할,6,[kot̚.ɯl.tʃʰat̚.a.ja.hal],[got̚.ɯl.tʃʰat̚.a.ja.hal]
내 턱시도,6,[nɛ.tʰʌk̚.si.to],[nɛ.tʰʌk̚.si.do]
한심하기 짝이 없네,6,[han.sim.ha.ki.tʃ͈ak̚.i.ʌp̚.ne],[han.sim.ha.gi.tʃ͈ak̚.i.ʌp̚.ne]
보네 집에,6,[po.ne.tʃip̚.e],[bo.ne.dʒip̚.e]
보네요 그래서,6,[po.ne.jo.kɯ.ɾɛ.sʌ],[bo.ne.jo.gɯ.ɾɛ.sʌ]
보네요 그래요,6,[po.ne.jo.kɯ.ɾɛ.jo],[bo.ne.jo.gɯ.ɾɛ.jo]
확인하기 위해서요,6,[hwak̚.in.ha.ki.wi.hɛ.sʌ.jo],[hwak̚.in.ha.gi.wi.hɛ.sʌ.jo]
부하들이 지금,6,[pu.ha.tɯl.i.tʃi.kɯm],[bu.ha.dɯl.i.dʒi.gɯm]
한은 말이야,6,[han.ɯn.mal.i.ja],[han.ɯn.mal.i.ja]
한을 품은,6,[han.ɯl.pʰum.ɯn],[han.ɯl.pʰum.ɯn]
내 통제를,6,[nɛ.tʰoŋ.tʃe.ɾɯl],[nɛ.tʰoŋ.dʒe.ɾɯl]
한이 있더라도 말이야,6,[han.i.it̚.tʌ.ɾa.to.mal.i.ja],[han.i.it̚.tʌ.ɾa.do.mal.i.ja]
보네요 당신,6,[po.ne.jo.taŋ.sin],[bo.ne.jo.daŋ.sin]
한일에 대해,6,[han.il.e.tɛ.hɛ],[han.il.e.dɛ.hɛ]
내 통화,6,[nɛ.tʰoŋ.hwa],[nɛ.tʰoŋ.hwa]
한자 와,6,[han.tʃa.wa],[han.tʃa.wa]
한자 와 나오키 제,6,[han.tʃa.wa.na.o.kʰi.tʃe],[han.tʃa.wa.na.o.kʰi.dʒe]
보네요 뭐,6,[po.ne.jo.mwʌ],[bo.ne.jo.mwʌ]
보네요 아뇨,6,[po.ne.jo.a.njo],[bo.ne.jo.a.njo]
내 투자,6,[nɛ.tʰu.tʃa],[nɛ.tʰu.dʒa]
한자와 나,6,[han.tʃa.wa.na],[han.tʃa.wa.na]
한자와 나 오키,6,[han.tʃa.wa.na.o.kʰi],[han.tʃa.wa.na.o.kʰi]
한자와 나오 키,6,[han.tʃa.wa.na.o.kʰi],[han.tʃa.wa.na.o.kʰi]
내 투자를,6,[nɛ.tʰu.tʃa.ɾɯl],[nɛ.tʰu.dʒa.ɾɯl]
확인하기 전에는,6,[hwak̚.in.ha.ki.tʃʌn.e.nɯn],[hwak̚.in.ha.gi.dʒʌn.e.nɯn]
한자와 나오 키 제,6,[han.tʃa.wa.na.o.kʰi.tʃe],[han.tʃa.wa.na.o.kʰi.dʒe]
확인하는 것이,6,[hwak̚.in.ha.nɯŋ.kʌt̚.i],[hwak̚.in.ha.nɯn.gʌt̚.i]
보네요 어디,6,[po.ne.jo.ʌ.ti],[bo.ne.jo.ʌ.di]
한자와 차장은,6,[han.tʃa.wa.tʃʰa.tʃaŋ.ɯn],[han.tʃa.wa.tʃʰa.dʒaŋ.ɯn]
곳을 찾았지,6,[kot̚.ɯl.tʃʰat̚.at̚.tʃi],[got̚.ɯl.tʃʰat̚.at̚.tʃi]
확인하는 데 도움이,6,[hwak̚.in.ha.nɯn.te.to.um.i],[hwak̚.in.ha.nɯn.de.do.um.i]
보네요 이런,6,[po.ne.jo.i.ɾʌn],[bo.ne.jo.i.ɾʌn]
갑자기 그들이,6,[kap̚.tʃa.ki.kɯ.tɯl.i],[gap̚.tʃa.gi.gɯ.dɯl.i]
한잔 더 드릴까요,6,[han.tʃan.tʌ.tɯ.ɾil.k͈a.jo],[han.tʃan.dʌ.dɯ.ɾil.k͈a.jo]
한잔 더 줘,6,[han.tʃan.tʌ.tʃwʌ],[han.tʃan.dʌ.dʒwʌ]
한잔 더 할,6,[han.tʃan.tʌ.hal],[han.tʃan.dʌ.hal]
확인하는 책임이 있습니다,6,[hwak̚.in.ha.nɯn.tʃʰɛk̚.im.i.it̚.sɯp̚.ni.ta],[hwak̚.in.ha.nɯn.tʃʰɛk̚.im.i.it̚.sɯp̚.ni.da]
한잔 드릴게요,6,[han.tʃan.tɯ.ɾil.ke.jo],[han.tʃan.dɯ.ɾil.ke.jo]
한잔 더 해야겠어요,6,[han.tʃan.tʌ.hɛ.ja.ket̚.ʌ.jo],[han.tʃan.dʌ.hɛ.ja.get̚.ʌ.jo]
한잔 드세요,6,[han.tʃan.tɯ.se.jo],[han.tʃan.dɯ.se.jo]
한잔 마셔야,6,[han.tʃan.ma.sjʌ.ja],[han.tʃan.ma.sjʌ.ja]
한잔 마시면서,6,[han.tʃan.ma.si.mjʌn.sʌ],[han.tʃan.ma.si.mjʌn.sʌ]
한잔 마셔야겠어,6,[han.tʃan.ma.sjʌ.ja.ket̚.ʌ],[han.tʃan.ma.sjʌ.ja.get̚.ʌ]
한잔 부탁해,6,[han.tʃam.pu.tʰak̚.hɛ],[han.tʃan.bu.tʰak̚.hɛ]
보는 거 어때요,6,[po.nɯŋ.kʌ.ʌ.t͈ɛ.jo],[bo.nɯn.gʌ.ʌ.t͈ɛ.jo]
보는 거구나,6,[po.nɯŋ.kʌ.ku.na],[bo.nɯn.gʌ.gu.na]
한잔 줄게,6,[han.tʃan.tʃul.ke],[han.tʃan.dʒul.ke]
한잔 주게,6,[han.tʃan.tʃu.ke],[han.tʃan.dʒu.ge]
한잔 줄래,6,[han.tʃan.tʃul.ɾɛ],[han.tʃan.dʒul.ɾɛ]
한잔 줄까요,6,[han.tʃan.tʃul.k͈a.jo],[han.tʃan.dʒul.k͈a.jo]
내가 얼마나 힘든지,6,[nɛ.ka.ʌl.ma.na.hin.tɯn.tʃi],[nɛ.ga.ʌl.ma.na.hin.tɯn.tʃi]
보는 거라고요,6,[po.nɯŋ.kʌ.ɾa.ko.jo],[bo.nɯn.gʌ.ɾa.go.jo]
한잔 하고 싶어,6,[han.tʃan.ha.ko.sip̚.ʌ],[han.tʃan.ha.go.sip̚.ʌ]
한잔 하러 가자,6,[han.tʃan.ha.ɾʌ.ka.tʃa],[han.tʃan.ha.ɾʌ.ga.dʒa]
한잔 하는 게,6,[han.tʃan.ha.nɯŋ.ke],[han.tʃan.ha.nɯn.ge]
내 특기죠,6,[nɛ.tʰɯk̚.ki.tʃjo],[nɛ.tʰɯk̚.ki.dʒjo]
보는 거면,6,[po.nɯŋ.kʌ.mjʌn],[bo.nɯn.gʌ.mjʌn]
한잔 해도,6,[han.tʃan.hɛ.to],[han.tʃan.hɛ.do]
내 특수,6,[nɛ.tʰɯk̚.su],[nɛ.tʰɯk̚.su]
한잔하고 싶네요,6,[han.tʃan.ha.ko.sip̚.ne.jo],[han.tʃan.ha.go.sip̚.ne.jo]
보는 건 늘,6,[po.nɯŋ.kʌn.nɯl],[bo.nɯn.gʌn.nɯl]
보는 건 내,6,[po.nɯŋ.kʌn.nɛ],[bo.nɯn.gʌn.nɛ]
곳을 쳤군,6,[kot̚.ɯl.tʃʰjʌt̚.kun],[got̚.ɯl.tʃʰjʌt̚.kun]
한잔하기로 했어,6,[han.tʃan.ha.ki.ɾo.hɛt̚.ʌ],[han.tʃan.ha.gi.ɾo.hɛt̚.ʌ]
한잔하고 싶을,6,[han.tʃan.ha.ko.sip̚.ɯl],[han.tʃan.ha.go.sip̚.ɯl]
곳을 쳤군 위스퍼링,6,[kot̚.ɯl.tʃʰjʌt̚.kun.wi.sɯ.pʰʌ.ɾiŋ],[got̚.ɯl.tʃʰjʌt̚.kun.wi.sɯ.pʰʌ.ɾiŋ]
한잔하러 가지,6,[han.tʃan.ha.ɾʌ.ka.tʃi],[han.tʃan.ha.ɾʌ.ga.dʒi]
한잔하러 갈래,6,[han.tʃan.ha.ɾʌ.kal.ɾɛ],[han.tʃan.ha.ɾʌ.gal.ɾɛ]
보는 건 좀,6,[po.nɯŋ.kʌn.tʃom],[bo.nɯn.gʌn.dʒom]
한잔하러 갈래요,6,[han.tʃan.ha.ɾʌ.kal.ɾɛ.jo],[han.tʃan.ha.ɾʌ.gal.ɾɛ.jo]
한잔하려고 했는데,6,[han.tʃan.ha.ɾjʌ.ko.hɛt̚.nɯn.te],[han.tʃan.ha.ɾjʌ.go.hɛt̚.nɯn.te]
한잔하면 좋겠네 한잔하면,6,[han.tʃan.ha.mjʌn.tʃot̚.ket̚.ne.han.tʃan.ha.mjʌn],[han.tʃan.ha.mjʌn.dʒot̚.ket̚.ne.han.tʃan.ha.mjʌn]
내 팀원,6,[nɛ.tʰim.wʌn],[nɛ.tʰim.wʌn]
한적 없는데,6,[han.tʃʌk̚.ʌp̚.nɯn.te],[han.tʃʌk̚.ʌp̚.nɯn.te]
한적 있나요,6,[han.tʃʌk̚.it̚.na.jo],[han.tʃʌk̚.it̚.na.jo]
한적이 없어요,6,[han.tʃʌk̚.i.ʌp̚.ʌ.jo],[han.tʃʌk̚.i.ʌp̚.ʌ.jo]
내 팀으로,6,[nɛ.tʰim.ɯ.ɾo],[nɛ.tʰim.ɯ.ɾo]
한적이 있어요,6,[han.tʃʌk̚.i.it̚.ʌ.jo],[han.tʃʌk̚.i.it̚.ʌ.jo]
보는 걸 말했지,6,[po.nɯŋ.kʌl.mal.hɛt̚.tʃi],[bo.nɯn.gʌl.mal.hɛt̚.tʃi]
확인할 거고,6,[hwak̚.in.hal.kʌ.ko],[hwak̚.in.hal.gʌ.go]
한정되어 있어서,6,[han.tʃʌŋ.twe.ʌ.it̚.ʌ.sʌ],[han.tʃʌŋ.dwe.ʌ.it̚.ʌ.sʌ]
보는 걸 수도,6,[po.nɯŋ.kʌl.su.to],[bo.nɯn.gʌl.su.do]
한줄 알았는데,6,[han.tʃul.al.at̚.nɯn.te],[han.tʃul.al.at̚.nɯn.te]
보는 걸 좋아하지,6,[po.nɯŋ.kʌl.tʃot̚.a.ha.tʃi],[bo.nɯn.gʌl.dʒot̚.a.ha.dʒi]
갑자기 기억이,6,[kap̚.tʃa.ki.ki.ʌk̚.i],[gap̚.tʃa.gi.gi.ʌk̚.i]
곳을 향해,6,[kot̚.ɯl.hjaŋ.hɛ],[got̚.ɯl.hjaŋ.hɛ]
한쪽 다리를,6,[han.tʃ͈ok̚.ta.ɾi.ɾɯl],[han.tʃ͈ok̚.da.ɾi.ɾɯl]
한쪽 발을,6,[han.tʃ͈ok̚.pal.ɯl],[han.tʃ͈ok̚.bal.ɯl]
곳의 인어,6,[kot̚.ɯi.in.ʌ],[got̚.ɯi.in.ʌ]
내 파이를,6,[nɛ.pʰa.i.ɾɯl],[nɛ.pʰa.i.ɾɯl]
곳이 곧,6,[kot̚.i.kot̚],[got̚.i.got̚]
한참 기다려야,6,[han.tʃʰam.ki.ta.ɾjʌ.ja],[han.tʃʰam.gi.da.ɾjʌ.ja]
한참 됐네,6,[han.tʃʰan.twɛt̚.ne],[han.tʃʰam.dwɛt̚.ne]
한참 됐잖아,6,[han.tʃʰan.twɛt̚.tʃan.a],[han.tʃʰam.dwɛt̚.tʃan.a]
보는 것 같은,6,[po.nɯŋ.kʌt̚.kat̚.ɯn],[bo.nɯn.gʌt̚.gat̚.ɯn]
갑자기 깨닫게,6,[kap̚.tʃa.ki.k͈ɛ.tat̚.ke],[gap̚.tʃa.gi.k͈ɛ.dat̚.ke]
북부 멍청이가,6,[puk̚.pu.mʌŋ.tʃʰʌŋ.i.ka],[buk̚.pu.mʌŋ.tʃʰʌŋ.i.ga]
보는 것 같죠,6,[po.nɯŋ.kʌt̚.kat̚.tʃjo],[bo.nɯn.gʌt̚.gat̚.tʃjo]
내 파트너랑,6,[nɛ.pʰa.tʰɯ.nʌ.ɾaŋ],[nɛ.pʰa.tʰɯ.nʌ.ɾaŋ]
확인할 수 있지,6,[hwak̚.in.hal.su.it̚.tʃi],[hwak̚.in.hal.su.it̚.tʃi]
한참 잘못됐어,6,[han.tʃʰan.tʃal.mot̚.twɛt̚.ʌ],[han.tʃʰam.dʒal.mot̚.twɛt̚.ʌ]
한참 잘,6,[han.tʃʰan.tʃal],[han.tʃʰam.dʒal]
곳이 너무 많아,6,[kot̚.i.nʌ.mu.man.a],[got̚.i.nʌ.mu.man.a]
북부 해안,6,[puk̚.pu.hɛ.an],[buk̚.pu.hɛ.an]
내 파트너를 죽인,6,[nɛ.pʰa.tʰɯ.nʌ.ɾɯl.tʃuk̚.in],[nɛ.pʰa.tʰɯ.nʌ.ɾɯl.dʒuk̚.in]
곳이 네,6,[kot̚.i.ne],[got̚.i.ne]
한참 후에야,6,[han.tʃʰam.hu.e.ja],[han.tʃʰam.hu.e.ja]
한참 찾았잖아요,6,[han.tʃʰan.tʃʰat̚.at̚.tʃan.a.jo],[han.tʃʰan.tʃʰat̚.at̚.tʃan.a.jo]
한참을 돌고 돌아서,6,[han.tʃʰam.ɯl.tol.ko.tol.a.sʌ],[han.tʃʰam.ɯl.dol.ko.dol.a.sʌ]
한참을 돌고 돌아서 우리,6,[han.tʃʰam.ɯl.tol.ko.tol.a.sʌ.u.ɾi],[han.tʃʰam.ɯl.dol.ko.dol.a.sʌ.u.ɾi]
한참을 돌고,6,[han.tʃʰam.ɯl.tol.ko],[han.tʃʰam.ɯl.dol.ko]
내 파트너예요,6,[nɛ.pʰa.tʰɯ.nʌ.je.jo],[nɛ.pʰa.tʰɯ.nʌ.je.jo]
한참이 지나서야,6,[han.tʃʰam.i.tʃi.na.sʌ.ja],[han.tʃʰam.i.dʒi.na.sʌ.ja]
한창 얘기,6,[han.tʃʰaŋ.jɛ.ki],[han.tʃʰaŋ.jɛ.gi]
북부로 가서 적과,6,[puk̚.pu.ɾo.ka.sʌ.tʃʌk̚.kwa],[buk̚.pu.ɾo.ga.sʌ.dʒʌk̚.kwa]
한창 재밌었는데,6,[han.tʃʰaŋ.tʃɛ.mit̚.ʌt̚.nɯn.te],[han.tʃʰaŋ.dʒɛ.mit̚.ʌt̚.nɯn.te]
보는 것에 대해,6,[po.nɯŋ.kʌt̚.e.tɛ.hɛ],[bo.nɯn.gʌt̚.e.dɛ.hɛ]
갑자기 꿈에서,6,[kap̚.tʃa.ki.k͈um.e.sʌ],[gap̚.tʃa.gi.k͈um.e.sʌ]
한창나이에 쓰러진 젊은 나를,6,[han.tʃʰaŋ.na.i.e.s͈ɯ.ɾʌ.tʃin.tʃʌm.ɯn.na.ɾɯl],[han.tʃʰaŋ.na.i.e.s͈ɯ.ɾʌ.dʒin.dʒʌm.ɯn.na.ɾɯl]
한채진 군 유괴,6,[han.tʃʰɛ.tʃiŋ.kun.ju.kwe],[han.tʃʰɛ.dʒin.gun.ju.gwe]
한채진 군,6,[han.tʃʰɛ.tʃiŋ.kun],[han.tʃʰɛ.dʒin.gun]
곳이 될 겁니다,6,[kot̚.i.twel.kʌp̚.ni.ta],[got̚.i.dwel.gʌp̚.ni.da]
확인해 더,6,[hwak̚.in.hɛ.tʌ],[hwak̚.in.hɛ.dʌ]
한테 그런,6,[han.tʰe.kɯ.ɾʌn],[han.tʰe.gɯ.ɾʌn]
보는 게 나아,6,[po.nɯŋ.ke.na.a],[bo.nɯn.ge.na.a]
한테 돈을 줄,6,[han.tʰe.ton.ɯl.tʃul],[han.tʰe.don.ɯl.dʒul]
한테 돈을 줄 수,6,[han.tʰe.ton.ɯl.tʃul.su],[han.tʰe.don.ɯl.dʒul.su]
보는 게 낫지,6,[po.nɯŋ.ke.nat̚.tʃi],[bo.nɯn.ge.nat̚.tʃi]
한테 말하고있어,6,[han.tʰe.mal.ha.ko.it̚.ʌ],[han.tʰe.mal.ha.go.it̚.ʌ]
확인해 보렴,6,[hwak̚.in.hɛ.po.ɾjʌm],[hwak̚.in.hɛ.bo.ɾjʌm]
한테 말할거야,6,[han.tʰe.mal.hal.kʌ.ja],[han.tʰe.mal.hal.kʌ.ja]
한테 말하면,6,[han.tʰe.mal.ha.mjʌn],[han.tʰe.mal.ha.mjʌn]
북부의 모두가 윈터펠로,6,[puk̚.pu.ɯi.mo.tu.ka.win.tʰʌ.pʰel.ɾo],[buk̚.pu.ɯi.mo.du.ga.win.tʰʌ.pʰel.ɾo]
한테 뭐라고,6,[han.tʰe.mwʌ.ɾa.ko],[han.tʰe.mwʌ.ɾa.go]
북부의 모두가 윈터펠로 도망오게,6,[puk̚.pu.ɯi.mo.tu.ka.win.tʰʌ.pʰel.ɾo.to.maŋ.o.ke],[buk̚.pu.ɯi.mo.du.ga.win.tʰʌ.pʰel.ɾo.do.maŋ.o.ge]
보는 게 아니야,6,[po.nɯŋ.ke.a.ni.ja],[bo.nɯn.ge.a.ni.ja]
한테 빚 졌어,6,[han.tʰe.pit̚.tʃjʌt̚.ʌ],[han.tʰe.bit̚.dʒjʌt̚.ʌ]
한테 아무것도,6,[han.tʰe.a.mu.kʌt̚.to],[han.tʰe.a.mu.gʌt̚.to]
보는 게 좋을 거라,6,[po.nɯŋ.ke.tʃot̚.ɯl.kʌ.ɾa],[bo.nɯn.ge.dʒot̚.ɯl.gʌ.ɾa]
확인해 본 거예요,6,[hwak̚.in.hɛ.poŋ.kʌ.je.jo],[hwak̚.in.hɛ.bon.gʌ.je.jo]
한테 좀 물었 니,6,[han.tʰe.tʃom.mul.ʌt̚.ni],[han.tʰe.dʒom.mul.ʌt̚.ni]
한테 좀 물었,6,[han.tʰe.tʃom.mul.ʌt̚],[han.tʰe.dʒom.mul.ʌt̚]
한테 줄거야,6,[han.tʰe.tʃul.kʌ.ja],[han.tʰe.dʒul.kʌ.ja]
북부의 영주들은 내게 이끌어달라며,6,[puk̚.pu.ɯi.jʌŋ.tʃu.tɯl.ɯn.nɛ.ke.i.k͈ɯl.ʌ.tal.ɾa.mjʌ],[buk̚.pu.ɯi.jʌŋ.dʒu.dɯl.ɯn.nɛ.ge.i.k͈ɯl.ʌ.dal.ɾa.mjʌ]
보는 곳에,6,[po.nɯŋ.kot̚.e],[bo.nɯn.got̚.e]
한판 붙는,6,[ham.pʰam.put̚.nɯn],[ham.pʰan.but̚.nɯn]
보는 광경은,6,[po.nɯŋ.kwaŋ.kjʌŋ.ɯn],[bo.nɯn.gwaŋ.gjʌŋ.ɯn]
갑자기 나타나면,6,[kap̚.tʃa.ki.na.tʰa.na.mjʌn],[gap̚.tʃa.gi.na.tʰa.na.mjʌn]
한판 하자,6,[ham.pʰan.ha.tʃa],[ham.pʰan.ha.dʒa]
한판 할래,6,[ham.pʰan.hal.ɾɛ],[ham.pʰan.hal.ɾɛ]
한판 하시죠,6,[ham.pʰan.ha.si.tʃjo],[ham.pʰan.ha.si.dʒjo]
확인해 봐 네,6,[hwak̚.in.hɛ.pwa.ne],[hwak̚.in.hɛ.bwa.ne]
한패가 된,6,[ham.pʰɛ.ka.twen],[ham.pʰɛ.ga.dwen]
보는 기분이,6,[po.nɯŋ.ki.pun.i],[bo.nɯn.gi.bun.i]
한패인 줄,6,[ham.pʰɛ.in.tʃul],[ham.pʰɛ.in.dʒul]
한편으로는 이,6,[ham.pʰjʌn.ɯ.ɾo.nɯn.i],[ham.pʰjʌn.ɯ.ɾo.nɯn.i]
내 팔찌,6,[nɛ.pʰal.tʃ͈i],[nɛ.pʰal.tʃ͈i]
확인해 봐야 할 것,6,[hwak̚.in.hɛ.pwa.ja.hal.kʌt̚],[hwak̚.in.hɛ.bwa.ja.hal.gʌt̚]
보는 날이,6,[po.nɯn.nal.i],[bo.nɯn.nal.i]
할 lrm,6,[hal],[hal]
보는 놈이,6,[po.nɯn.nom.i],[bo.nɯn.nom.i]
할 거 같고,6,[hal.kʌ.kat̚.ko],[hal.gʌ.gat̚.ko]
내 패션,6,[nɛ.pʰɛ.sjʌn],[nɛ.pʰɛ.sjʌn]
곳이 생겨서,6,[kot̚.i.sɛŋ.kjʌ.sʌ],[got̚.i.sɛŋ.gjʌ.sʌ]
할 거 같은,6,[hal.kʌ.kat̚.ɯn],[hal.gʌ.gat̚.ɯn]
할 거 아니면,6,[hal.kʌ.a.ni.mjʌn],[hal.gʌ.a.ni.mjʌn]
확인해 봤나,6,[hwak̚.in.hɛ.pwat̚.na],[hwak̚.in.hɛ.bwat̚.na]
보는 눈빛을 봤어,6,[po.nɯn.num.pit̚.ɯl.pwat̚.ʌ],[bo.nɯn.num.pit̚.ɯl.bwat̚.ʌ]
probably gonna,6,,
보는 눈이 있네요,6,[po.nɯn.nun.i.it̚.ne.jo],[bo.nɯn.nun.i.it̚.ne.jo]
보는 눈이 있어요,6,[po.nɯn.nun.i.it̚.ʌ.jo],[bo.nɯn.nun.i.it̚.ʌ.jo]
할 거고 난,6,[hal.kʌ.ko.nan],[hal.gʌ.go.nan]
할 거고 나도,6,[hal.kʌ.ko.na.to],[hal.gʌ.go.na.do]
할 거냐 중요한,6,[hal.kʌ.nja.tʃuŋ.jo.han],[hal.gʌ.nja.dʒuŋ.jo.han]
할 거냐 중요한 결정을,6,[hal.kʌ.nja.tʃuŋ.jo.haŋ.kjʌl.tʃʌŋ.ɯl],[hal.gʌ.nja.dʒuŋ.jo.han.gjʌl.tʃʌŋ.ɯl]
할 거냐는,6,[hal.kʌ.nja.nɯn],[hal.gʌ.nja.nɯn]
북부의 왕이나 그,6,[puk̚.pu.ɯi.waŋ.i.na.kɯ],[buk̚.pu.ɯi.waŋ.i.na.gɯ]
보는 대신에,6,[po.nɯn.tɛ.sin.e],[bo.nɯn.dɛ.sin.e]
내 펜,6,[nɛ.pʰen],[nɛ.pʰen]
북부의 왕이라 칭함으로써 반역을,6,[puk̚.pu.ɯi.waŋ.i.ɾa.tʃʰiŋ.ham.ɯ.ɾo.s͈ʌ.pan.jʌk̚.ɯl],[buk̚.pu.ɯi.waŋ.i.ɾa.tʃʰiŋ.ham.ɯ.ɾo.s͈ʌ.ban.jʌk̚.ɯl]
할 거라고 믿어,6,[hal.kʌ.ɾa.ko.mit̚.ʌ],[hal.gʌ.ɾa.go.mit̚.ʌ]
할 거라고 말이야,6,[hal.kʌ.ɾa.ko.mal.i.ja],[hal.gʌ.ɾa.go.mal.i.ja]
보는 모든 것은,6,[po.nɯn.mo.tɯŋ.kʌt̚.ɯn],[bo.nɯn.mo.dɯn.gʌt̚.ɯn]
보는 모습을,6,[po.nɯn.mo.sɯp̚.ɯl],[bo.nɯn.mo.sɯp̚.ɯl]
곳이 아니었어,6,[kot̚.i.a.ni.ʌt̚.ʌ],[got̚.i.a.ni.ʌt̚.ʌ]
보는 바와,6,[po.nɯm.pa.wa],[bo.nɯn.ba.wa]
할 거라고 했어요,6,[hal.kʌ.ɾa.ko.hɛt̚.ʌ.jo],[hal.gʌ.ɾa.go.hɛt̚.ʌ.jo]
할 거라고는,6,[hal.kʌ.ɾa.ko.nɯn],[hal.gʌ.ɾa.go.nɯn]
북부의 왕이십니다 영주가,6,[puk̚.pu.ɯi.waŋ.i.sip̚.ni.ta.jʌŋ.tʃu.ka],[buk̚.pu.ɯi.waŋ.i.sip̚.ni.da.jʌŋ.dʒu.ga]
보는 방식,6,[po.nɯm.paŋ.sik̚],[bo.nɯn.baŋ.sik̚]
할 거라는 거 알아,6,[hal.kʌ.ɾa.nɯŋ.kʌ.al.a],[hal.gʌ.ɾa.nɯn.gʌ.al.a]
할 거라는 걸 알아,6,[hal.kʌ.ɾa.nɯŋ.kʌl.al.a],[hal.gʌ.ɾa.nɯn.gʌl.al.a]
할 거라니,6,[hal.kʌ.ɾa.ni],[hal.gʌ.ɾa.ni]
보는 법,6,[po.nɯm.pʌp̚],[bo.nɯn.bʌp̚]
내 편만,6,[nɛ.pʰjʌn.man],[nɛ.pʰjʌn.man]
보는 법을 배워야 해,6,[po.nɯm.pʌp̚.ɯl.pɛ.wʌ.ja.hɛ],[bo.nɯn.bʌp̚.ɯl.bɛ.wʌ.ja.hɛ]
북부인들의 생명을,6,[puk̚.pu.in.tɯl.ɯi.sɛŋ.mjʌŋ.ɯl],[buk̚.pu.in.tɯl.ɯi.sɛŋ.mjʌŋ.ɯl]
내 편에 서,6,[nɛ.pʰjʌn.e.sʌ],[nɛ.pʰjʌn.e.sʌ]
확인해 줬죠,6,[hwak̚.in.hɛ.tʃwʌt̚.tʃjo],[hwak̚.in.hɛ.dʒwʌt̚.tʃjo]
할 거랍니다,6,[hal.kʌ.ɾap̚.ni.ta],[hal.gʌ.ɾap̚.ni.da]
할 거랬잖아요,6,[hal.kʌ.ɾɛt̚.tʃan.a.jo],[hal.gʌ.ɾɛt̚.tʃan.a.jo]
할 거랬어요,6,[hal.kʌ.ɾɛt̚.ʌ.jo],[hal.gʌ.ɾɛt̚.ʌ.jo]
할 거랬지,6,[hal.kʌ.ɾɛt̚.tʃi],[hal.gʌ.ɾɛt̚.tʃi]
보는 사람들이에요,6,[po.nɯn.sa.ɾan.tɯl.i.e.jo],[bo.nɯn.sa.ɾan.tɯl.i.e.jo]
할 거면 나한테,6,[hal.kʌ.mjʌn.na.han.tʰe],[hal.gʌ.mjʌn.na.han.tʰe]
보는 사람에,6,[po.nɯn.sa.ɾam.e],[bo.nɯn.sa.ɾam.e]
할 거면 왜,6,[hal.kʌ.mjʌn.wɛ],[hal.gʌ.mjʌn.wɛ]
확인해볼게 무슨,6,[hwak̚.in.hɛ.pol.ke.mu.sɯn],[hwak̚.in.hɛ.bol.ke.mu.sɯn]
할 거야 그걸,6,[hal.kʌ.ja.kɯ.kʌl],[hal.gʌ.ja.gɯ.gʌl]
북부인들의 생명을 위해 토렌,6,[puk̚.pu.in.tɯl.ɯi.sɛŋ.mjʌŋ.ɯl.wi.hɛ.tʰo.ɾen],[buk̚.pu.in.tɯl.ɯi.sɛŋ.mjʌŋ.ɯl.wi.hɛ.tʰo.ɾen]
북상 중입니다,6,[puk̚.saŋ.tʃuŋ.ip̚.ni.ta],[buk̚.saŋ.dʒuŋ.ip̚.ni.da]
할 거야 그들을,6,[hal.kʌ.ja.kɯ.tɯl.ɯl],[hal.gʌ.ja.gɯ.dɯl.ɯl]
할 거야 그래야만,6,[hal.kʌ.ja.kɯ.ɾɛ.ja.man],[hal.gʌ.ja.gɯ.ɾɛ.ja.man]
보는 순간 내,6,[po.nɯn.suŋ.kan.nɛ],[bo.nɯn.suŋ.kan.nɛ]
내 편이 아니야,6,[nɛ.pʰjʌn.i.a.ni.ja],[nɛ.pʰjʌn.i.a.ni.ja]
갑자기 나타났잖아,6,[kap̚.tʃa.ki.na.tʰa.nat̚.tʃan.a],[gap̚.tʃa.gi.na.tʰa.nat̚.tʃan.a]
내 편이었지,6,[nɛ.pʰjʌn.i.ʌt̚.tʃi],[nɛ.pʰjʌn.i.ʌt̚.tʃi]
확인해야 하는데,6,[hwak̚.in.hɛ.ja.ha.nɯn.te],[hwak̚.in.hɛ.ja.ha.nɯn.te]
보는 앞에서 네,6,[po.nɯn.ap̚.e.sʌ.ne],[bo.nɯn.ap̚.e.sʌ.ne]
북부인들의 생명을 위해,6,[puk̚.pu.in.tɯl.ɯi.sɛŋ.mjʌŋ.ɯl.wi.hɛ],[buk̚.pu.in.tɯl.ɯi.sɛŋ.mjʌŋ.ɯl.wi.hɛ]
갖고 다녔지,6,[kat̚.ko.ta.njʌt̚.tʃi],[gat̚.ko.da.njʌt̚.tʃi]
보는 얼굴인데요,6,[po.nɯn.ʌl.kul.in.te.jo],[bo.nɯn.ʌl.kul.in.te.jo]
보는 여자,6,[po.nɯn.jʌ.tʃa],[bo.nɯn.jʌ.dʒa]
곳이 어디인지,6,[kot̚.i.ʌ.ti.in.tʃi],[got̚.i.ʌ.di.in.tʃi]
북신이 사라지기,6,[puk̚.sin.i.sa.ɾa.tʃi.ki],[buk̚.sin.i.sa.ɾa.dʒi.gi]
probably need,6,,
할 거야 다들,6,[hal.kʌ.ja.ta.tɯl],[hal.gʌ.ja.da.dɯl]
북을 둥둥,6,[puk̚.ɯl.tuŋ.tuŋ],[buk̚.ɯl.duŋ.duŋ]
할 거야 당신의,6,[hal.kʌ.ja.taŋ.sin.ɯi],[hal.gʌ.ja.daŋ.sin.ɯi]
곳이 어딘데,6,[kot̚.i.ʌ.tin.te],[got̚.i.ʌ.din.te]
북소리와 느린 파이프 소리,6,[puk̚.so.ɾi.wa.nɯ.ɾim.pʰa.i.pʰɯ.so.ɾi],[buk̚.so.ɾi.wa.nɯ.ɾim.pʰa.i.pʰɯ.so.ɾi]
확인해야 했다,6,[hwak̚.in.hɛ.ja.hɛt̚.ta],[hwak̚.in.hɛ.ja.hɛt̚.ta]
보는 제,6,[po.nɯn.tʃe],[bo.nɯn.dʒe]
보는 저,6,[po.nɯn.tʃʌ],[bo.nɯn.dʒʌ]
할 거야 미안해,6,[hal.kʌ.ja.mi.an.hɛ],[hal.gʌ.ja.mi.an.hɛ]
할 거야 뭔가,6,[hal.kʌ.ja.mwʌŋ.ka],[hal.gʌ.ja.mwʌŋ.ka]
할 거야 아,6,[hal.kʌ.ja.a],[hal.gʌ.ja.a]
할 거야 시간이,6,[hal.kʌ.ja.si.kan.i],[hal.gʌ.ja.si.gan.i]
할 거야 아무도,6,[hal.kʌ.ja.a.mu.to],[hal.gʌ.ja.a.mu.do]
할 거야 아빠가,6,[hal.kʌ.ja.a.p͈a.ka],[hal.gʌ.ja.a.p͈a.ga]
확인했어 그리고,6,[hwak̚.in.hɛt̚.ʌ.kɯ.ɾi.ko],[hwak̚.in.hɛt̚.ʌ.gɯ.ɾi.go]
할 거야 아직,6,[hal.kʌ.ja.a.tʃik̚],[hal.gʌ.ja.a.dʒik̚]
보는게 어때요,6,[po.nɯŋ.ke.ʌ.t͈ɛ.jo],[bo.nɯŋ.ke.ʌ.t͈ɛ.jo]
확인해줄 거예요,6,[hwak̚.in.hɛ.tʃul.kʌ.je.jo],[hwak̚.in.hɛ.dʒul.gʌ.je.jo]
확인했어 네,6,[hwak̚.in.hɛt̚.ʌ.ne],[hwak̚.in.hɛt̚.ʌ.ne]
할 거야 알아들었어,6,[hal.kʌ.ja.al.a.tɯl.ʌt̚.ʌ],[hal.gʌ.ja.al.a.dɯl.ʌt̚.ʌ]
보는데 그,6,[po.nɯn.te.kɯ],[bo.nɯn.te.gɯ]
내 평생 그런,6,[nɛ.pʰjʌŋ.sɛŋ.kɯ.ɾʌn],[nɛ.pʰjʌŋ.sɛŋ.gɯ.ɾʌn]
할 거야 약속해,6,[hal.kʌ.ja.jak̚.sok̚.hɛ],[hal.gʌ.ja.jak̚.sok̚.hɛ]
확장에 대한,6,[hwak̚.tʃaŋ.e.tɛ.han],[hwak̚.tʃaŋ.e.dɛ.han]
곳이 얼마나,6,[kot̚.i.ʌl.ma.na],[got̚.i.ʌl.ma.na]
할 거야 어떤,6,[hal.kʌ.ja.ʌ.t͈ʌn],[hal.gʌ.ja.ʌ.t͈ʌn]
보는데 두,6,[po.nɯn.te.tu],[bo.nɯn.te.du]
할 거야 엄마가,6,[hal.kʌ.ja.ʌm.ma.ka],[hal.gʌ.ja.ʌm.ma.ga]
곳이 없거든,6,[kot̚.i.ʌp̚.kʌ.tɯn],[got̚.i.ʌp̚.kʌ.dɯn]
갑자기 낯선,6,[kap̚.tʃa.ki.nat̚.sʌn],[gap̚.tʃa.gi.nat̚.sʌn]
확정된 건 아니지만,6,[hwak̚.tʃʌŋ.tweŋ.kʌn.a.ni.tʃi.man],[hwak̚.tʃʌŋ.dwen.gʌn.a.ni.dʒi.man]
할 거야 왜 그래,6,[hal.kʌ.ja.wɛ.kɯ.ɾɛ],[hal.gʌ.ja.wɛ.gɯ.ɾɛ]
보는데 왜,6,[po.nɯn.te.wɛ],[bo.nɯn.te.wɛ]
확정된 과거를 바꾸지 않고,6,[hwak̚.tʃʌŋ.tweŋ.kwa.kʌ.ɾɯl.pa.k͈u.tʃi.aŋ.ko],[hwak̚.tʃʌŋ.dwen.gwa.gʌ.ɾɯl.ba.k͈u.dʒi.aŋ.ko]
곳이 없거든요,6,[kot̚.i.ʌp̚.kʌ.tɯn.jo],[got̚.i.ʌp̚.kʌ.dɯn.jo]
할 거야 우리도,6,[hal.kʌ.ja.u.ɾi.to],[hal.gʌ.ja.u.ɾi.do]
보니 가슴이,6,[po.ni.ka.sɯm.i],[bo.ni.ga.sɯm.i]
곳이 없고,6,[kot̚.i.ʌp̚.ko],[got̚.i.ʌp̚.ko]
할 거야 이봐,6,[hal.kʌ.ja.i.pwa],[hal.gʌ.ja.i.bwa]
할 거야 자기,6,[hal.kʌ.ja.tʃa.ki],[hal.gʌ.ja.dʒa.gi]
갑자기 너는,6,[kap̚.tʃa.ki.nʌ.nɯn],[gap̚.tʃa.gi.nʌ.nɯn]
할 거야 자네도,6,[hal.kʌ.ja.tʃa.ne.to],[hal.gʌ.ja.dʒa.ne.do]
할 거야 전,6,[hal.kʌ.ja.tʃʌn],[hal.gʌ.ja.dʒʌn]
할 거야 전혀,6,[hal.kʌ.ja.tʃʌn.hjʌ],[hal.gʌ.ja.dʒʌn.hjʌ]
할 거야 저녁,6,[hal.kʌ.ja.tʃʌ.njʌk̚],[hal.gʌ.ja.dʒʌ.njʌk̚]
할 거야 정말요,6,[hal.kʌ.ja.tʃʌŋ.mal.jo],[hal.gʌ.ja.dʒʌŋ.mal.jo]
할 거야 제가,6,[hal.kʌ.ja.tʃe.ka],[hal.gʌ.ja.dʒe.ga]
보니 그것은,6,[po.ni.kɯ.kʌt̚.ɯn],[bo.ni.gɯ.gʌt̚.ɯn]
곳이 없네요,6,[kot̚.i.ʌp̚.ne.jo],[got̚.i.ʌp̚.ne.jo]
할 거야 조심해,6,[hal.kʌ.ja.tʃo.sim.hɛ],[hal.gʌ.ja.dʒo.sim.hɛ]
할 거야 좋은,6,[hal.kʌ.ja.tʃot̚.ɯn],[hal.gʌ.ja.dʒot̚.ɯn]
보니 그랬다,6,[po.ni.kɯ.ɾɛt̚.ta],[bo.ni.gɯ.ɾɛt̚.ta]
할 거야 할 수,6,[hal.kʌ.ja.hal.su],[hal.gʌ.ja.hal.su]
내 평생에 선하심과,6,[nɛ.pʰjʌŋ.sɛŋ.e.sʌn.ha.sim.kwa],[nɛ.pʰjʌŋ.sɛŋ.e.sʌn.ha.sim.kwa]
할 거에요 하지만,6,[hal.kʌ.e.jo.ha.tʃi.man],[hal.gʌ.e.jo.ha.dʒi.man]
보니 그의,6,[po.ni.kɯ.ɯi],[bo.ni.gɯ.ɯi]
할 거예요 그런,6,[hal.kʌ.je.jo.kɯ.ɾʌn],[hal.gʌ.je.jo.gɯ.ɾʌn]
내 평판에,6,[nɛ.pʰjʌm.pʰan.e],[nɛ.pʰjʌm.pʰan.e]
곳이 없더라고,6,[kot̚.i.ʌp̚.tʌ.ɾa.ko],[got̚.i.ʌp̚.tʌ.ɾa.go]
할 거예요 당신은,6,[hal.kʌ.je.jo.taŋ.sin.ɯn],[hal.gʌ.je.jo.daŋ.sin.ɯn]
곳이 없다고요,6,[kot̚.i.ʌp̚.ta.ko.jo],[got̚.i.ʌp̚.ta.go.jo]
보니 나쁜,6,[po.ni.na.p͈ɯn],[bo.ni.na.p͈ɯn]
북쪽으로 가고 있다,6,[puk̚.tʃ͈ok̚.ɯ.ɾo.ka.ko.it̚.ta],[buk̚.tʃ͈ok̚.ɯ.ɾo.ga.go.it̚.ta]
곳이 없소,6,[kot̚.i.ʌp̚.so],[got̚.i.ʌp̚.so]
할 거예요 어떻게,6,[hal.kʌ.je.jo.ʌ.t͈ʌt̚.ke],[hal.gʌ.je.jo.ʌ.t͈ʌt̚.ke]
내 표가,6,[nɛ.pʰjo.ka],[nɛ.pʰjo.ga]
할 거예요 좋아,6,[hal.kʌ.je.jo.tʃot̚.a],[hal.gʌ.je.jo.dʒot̚.a]
할 거예요 집으로,6,[hal.kʌ.je.jo.tʃip̚.ɯ.ɾo],[hal.gʌ.je.jo.dʒip̚.ɯ.ɾo]
환경을 제공할 수,6,[hwaŋ.kjʌŋ.ɯl.tʃe.koŋ.hal.su],[hwaŋ.kjʌŋ.ɯl.dʒe.goŋ.hal.su]
할 거예요'',6,[hal.kʌ.je.jo],[hal.gʌ.je.jo]
보니 당신 참 빈틈없군,6,[po.ni.taŋ.sin.tʃʰam.pin.tʰɯm.ʌp̚.kun],[bo.ni.daŋ.sin.tʃʰam.bin.tʰɯm.ʌp̚.kun]
보니 당신 참,6,[po.ni.taŋ.sin.tʃʰam],[bo.ni.daŋ.sin.tʃʰam]
갑자기 누군가가,6,[kap̚.tʃa.ki.nu.kuŋ.ka.ka],[gap̚.tʃa.gi.nu.guŋ.ka.ga]
환기 장치가,6,[hwaŋ.ki.tʃaŋ.tʃʰi.ka],[hwaŋ.ki.dʒaŋ.tʃʰi.ga]
보니 돈,6,[po.ni.ton],[bo.ni.don]
할 건가 봐,6,[hal.kʌŋ.ka.pwa],[hal.gʌŋ.ka.bwa]
할 건데 내가,6,[hal.kʌn.te.nɛ.ka],[hal.gʌn.te.nɛ.ga]
보니 딸이,6,[po.ni.t͈al.i],[bo.ni.t͈al.i]
내 품안에 안겨있어줘,6,[nɛ.pʰum.an.e.aŋ.kjʌ.it̚.ʌ.tʃwʌ],[nɛ.pʰum.an.e.aŋ.kjʌ.it̚.ʌ.dʒwʌ]
환기가 안,6,[hwaŋ.ki.ka.an],[hwaŋ.ki.ga.an]
내 품안에서,6,[nɛ.pʰum.an.e.sʌ],[nɛ.pʰum.an.e.sʌ]
갑자기 눈물이,6,[kap̚.tʃa.ki.nun.mul.i],[gap̚.tʃa.gi.nun.mul.i]
내 품에 들어왔어,6,[nɛ.pʰum.e.tɯl.ʌ.wat̚.ʌ],[nɛ.pʰum.e.dɯl.ʌ.wat̚.ʌ]
환불 못,6,[hwam.pul.mot̚],[hwam.pul.mot̚]
할 겁니다 lrm,6,[hal.kʌp̚.ni.ta],[hal.gʌp̚.ni.da]
보니 며칠,6,[po.ni.mjʌ.tʃʰil],[bo.ni.mjʌ.tʃʰil]
북쪽을 지키는 거야 그럴,6,[puk̚.tʃ͈ok̚.ɯl.tʃi.kʰi.nɯŋ.kʌ.ja.kɯ.ɾʌl],[buk̚.tʃ͈ok̚.ɯl.dʒi.kʰi.nɯn.gʌ.ja.gɯ.ɾʌl]
할 겁니다 그래,6,[hal.kʌp̚.ni.ta.kɯ.ɾɛ],[hal.gʌp̚.ni.da.gɯ.ɾɛ]
할 겁니다 그건,6,[hal.kʌp̚.ni.ta.kɯ.kʌn],[hal.gʌp̚.ni.da.gɯ.gʌn]
이리 올라오세요,6,[i.ɾi.ol.ɾa.o.se.jo],[i.ɾi.ol.ɾa.o.se.jo]
할 겁니다 그런,6,[hal.kʌp̚.ni.ta.kɯ.ɾʌn],[hal.gʌp̚.ni.da.gɯ.ɾʌn]
보니 못,6,[po.ni.mot̚],[bo.ni.mot̚]
할 겁니다 다른,6,[hal.kʌp̚.ni.ta.ta.ɾɯn],[hal.gʌp̚.ni.da.da.ɾɯn]
할 겁니다 아직,6,[hal.kʌp̚.ni.ta.a.tʃik̚],[hal.gʌp̚.ni.da.a.dʒik̚]
할 겁니다 여기서,6,[hal.kʌp̚.ni.ta.jʌ.ki.sʌ],[hal.gʌp̚.ni.da.jʌ.gi.sʌ]
할 겁니다 안,6,[hal.kʌp̚.ni.ta.an],[hal.gʌp̚.ni.da.an]
보니 뭘,6,[po.ni.mwʌl],[bo.ni.mwʌl]
보니 반갑군요,6,[po.ni.paŋ.kap̚.kun.jo],[bo.ni.baŋ.kap̚.kun.jo]
내 프로그램은,6,[nɛ.pʰɯ.ɾo.kɯ.ɾɛm.ɯn],[nɛ.pʰɯ.ɾo.gɯ.ɾɛm.ɯn]
할 것 같나요,6,[hal.kʌt̚.kat̚.na.jo],[hal.gʌt̚.gat̚.na.jo]
보니 생각보다,6,[po.ni.sɛŋ.kak̚.po.ta],[bo.ni.sɛŋ.gak̚.po.da]
환생할 수,6,[hwan.sɛŋ.hal.su],[hwan.sɛŋ.hal.su]
see any,6,,
할 것 같아 그리고,6,[hal.kʌt̚.kat̚.a.kɯ.ɾi.ko],[hal.gʌt̚.gat̚.a.gɯ.ɾi.go]
할 것 같아 알았어,6,[hal.kʌt̚.kat̚.a.al.at̚.ʌ],[hal.gʌt̚.gat̚.a.al.at̚.ʌ]
북한과 함께,6,[puk̚.haŋ.kwa.ham.k͈e],[buk̚.haŋ.kwa.ham.k͈e]
할 것 같아 우리,6,[hal.kʌt̚.kat̚.a.u.ɾi],[hal.gʌt̚.gat̚.a.u.ɾi]
할 것 같아 왜,6,[hal.kʌt̚.kat̚.a.wɛ],[hal.gʌt̚.gat̚.a.wɛ]
환상적이네 난,6,[hwan.saŋ.tʃʌk̚.i.ne.nan],[hwan.saŋ.dʒʌk̚.i.ne.nan]
할 것 같아 좋아,6,[hal.kʌt̚.kat̚.a.tʃot̚.a],[hal.gʌt̚.gat̚.a.dʒot̚.a]
분 가자,6,[puŋ.ka.tʃa],[bun.ga.dʒa]
할 것 같아서 말이야,6,[hal.kʌt̚.kat̚.a.sʌ.mal.i.ja],[hal.gʌt̚.gat̚.a.sʌ.mal.i.ja]
갑자기 도쿄에,6,[kap̚.tʃa.ki.to.kʰjo.e],[gap̚.tʃa.gi.do.kʰjo.e]
할 것 같아요 네,6,[hal.kʌt̚.kat̚.a.jo.ne],[hal.gʌt̚.gat̚.a.jo.ne]
보니 엄청난,6,[po.ni.ʌn.tʃʰʌŋ.nan],[bo.ni.ʌn.tʃʰʌŋ.nan]
할 것 같아요 정말,6,[hal.kʌt̚.kat̚.a.jo.tʃʌŋ.mal],[hal.gʌt̚.gat̚.a.jo.dʒʌŋ.mal]
곳이 이곳이야,6,[kot̚.i.i.kot̚.i.ja],[got̚.i.i.got̚.i.ja]
할 것 같았다,6,[hal.kʌt̚.kat̚.at̚.ta],[hal.gʌt̚.gat̚.at̚.ta]
환멸을 느낀,6,[hwan.mjʌl.ɯl.lɯ.k͈in],[hwan.mjʌl.ɯl.lɯ.k͈in]
할 것 같애,6,[hal.kʌt̚.kat̚.ɛ],[hal.gʌt̚.gat̚.ɛ]
곳이 있거든요,6,[kot̚.i.it̚.kʌ.tɯn.jo],[got̚.i.it̚.kʌ.dɯn.jo]
할 것 같은데 네,6,[hal.kʌt̚.kat̚.ɯn.te.ne],[hal.gʌt̚.gat̚.ɯn.te.ne]
보니 왜,6,[po.ni.wɛ],[bo.ni.wɛ]
보니 우린,6,[po.ni.u.ɾin],[bo.ni.u.ɾin]
곳이 있긴,6,[kot̚.i.it̚.kin],[got̚.i.it̚.kin]
problem with me,6,,
할 것을 알고,6,[hal.kʌt̚.ɯl.al.ko],[hal.gʌt̚.ɯl.al.ko]
환영이 더,6,[hwan.jʌŋ.i.tʌ],[hwan.jʌŋ.i.dʌ]
보니 자신의,6,[po.ni.tʃa.sin.ɯi],[bo.ni.dʒa.sin.ɯi]
이리 와 무슨 일이야,6,[i.ɾi.wa.mu.sɯn.il.i.ja],[i.ɾi.wa.mu.sɯn.il.i.ja]
보니 전부,6,[po.ni.tʃʌm.pu],[bo.ni.dʒʌm.pu]
할 것이다 네가,6,[hal.kʌt̚.i.ta.ne.ka],[hal.gʌt̚.i.da.ne.ga]
보니 전혀,6,[po.ni.tʃʌn.hjʌ],[bo.ni.dʒʌn.hjʌ]
내 피임,6,[nɛ.pʰi.im],[nɛ.pʰi.im]
할 것이다 우리,6,[hal.kʌt̚.i.ta.u.ɾi],[hal.gʌt̚.i.da.u.ɾi]
할 것이다 우리는,6,[hal.kʌt̚.i.ta.u.ɾi.nɯn],[hal.gʌt̚.i.da.u.ɾi.nɯn]
내 피자,6,[nɛ.pʰi.tʃa],[nɛ.pʰi.dʒa]
할 것이라고 생각했습니다,6,[hal.kʌt̚.i.ɾa.ko.sɛŋ.kak̚.hɛt̚.sɯp̚.ni.ta],[hal.gʌt̚.i.ɾa.go.sɛŋ.gak̚.hɛt̚.sɯp̚.ni.da]
내 핏속에,6,[nɛ.pʰit̚.sok̚.e],[nɛ.pʰit̚.sok̚.e]
내 핏줄이야,6,[nɛ.pʰit̚.tʃul.i.ja],[nɛ.pʰit̚.tʃul.i.ja]
보니 좋아,6,[po.ni.tʃot̚.a],[bo.ni.dʒot̚.a]
곳이 있니,6,[kot̚.i.it̚.ni],[got̚.i.it̚.ni]
환영합니다 멋진,6,[hwan.jʌŋ.hap̚.ni.ta.mʌt̚.tʃin],[hwan.jʌŋ.hap̚.ni.da.mʌt̚.tʃin]
process of,6,,
내 하나 뿐인 딸을,6,[nɛ.ha.na.p͈un.in.t͈al.ɯl],[nɛ.ha.na.p͈un.in.t͈al.ɯl]
보니 집이,6,[po.ni.tʃip̚.i],[bo.ni.dʒip̚.i]
보니 큰,6,[po.ni.kʰɯn],[bo.ni.kʰɯn]
보니 하지만,6,[po.ni.ha.tʃi.man],[bo.ni.ha.dʒi.man]
할 게 없어서,6,[hal.ke.ʌp̚.ʌ.sʌ],[hal.ge.ʌp̚.ʌ.sʌ]
보니 한동안,6,[po.ni.han.toŋ.an],[bo.ni.han.toŋ.an]
환영합니다 여왕께서도 긴 여정인,6,[hwan.jʌŋ.hap̚.ni.ta.jʌ.waŋ.k͈e.sʌ.to.kin.jʌ.tʃʌŋ.in],[hwan.jʌŋ.hap̚.ni.da.jʌ.waŋ.k͈e.sʌ.do.gin.jʌ.dʒʌŋ.in]
보니까 그래,6,[po.ni.k͈a.kɯ.ɾɛ],[bo.ni.k͈a.gɯ.ɾɛ]
환영합니다 우리,6,[hwan.jʌŋ.hap̚.ni.ta.u.ɾi],[hwan.jʌŋ.hap̚.ni.da.u.ɾi]
보니까 그러네,6,[po.ni.k͈a.kɯ.ɾʌ.ne],[bo.ni.k͈a.gɯ.ɾʌ.ne]
내 하루의,6,[nɛ.ha.ɾu.ɯi],[nɛ.ha.ɾu.ɯi]
할 게 정말,6,[hal.ke.tʃʌŋ.mal],[hal.ge.dʒʌŋ.mal]
할 게 있을까,6,[hal.ke.it̚.ɯl.k͈a],[hal.ge.it̚.ɯl.k͈a]
할 게 하나,6,[hal.ke.ha.na],[hal.ge.ha.na]
할 게임은,6,[hal.ke.im.ɯn],[hal.ge.im.ɯn]
곳이 있대요,6,[kot̚.i.it̚.tɛ.jo],[got̚.i.it̚.tɛ.jo]
할 경우를,6,[hal.kjʌŋ.u.ɾɯl],[hal.gjʌŋ.u.ɾɯl]
할 결정이,6,[hal.kjʌl.tʃʌŋ.i],[hal.gjʌl.tʃʌŋ.i]
할 계획이죠,6,[hal.kje.hwek̚.i.tʃjo],[hal.gje.hwek̚.i.dʒjo]
할 계획이다,6,[hal.kje.hwek̚.i.ta],[hal.gje.hwek̚.i.da]
보니까 너도,6,[po.ni.k͈a.nʌ.to],[bo.ni.k͈a.nʌ.do]
할 계획인지,6,[hal.kje.hwek̚.in.tʃi],[hal.gje.hwek̚.in.tʃi]
할 계획이지,6,[hal.kje.hwek̚.i.tʃi],[hal.gje.hwek̚.i.dʒi]
할 곳도,6,[hal.kot̚.to],[hal.got̚.to]
보니까 넌,6,[po.ni.k͈a.nʌn],[bo.ni.k͈a.nʌn]
할 곳은 어디인가,6,[hal.kot̚.ɯn.ʌ.ti.iŋ.ka],[hal.got̚.ɯn.ʌ.di.iŋ.ka]
보니까 누가,6,[po.ni.k͈a.nu.ka],[bo.ni.k͈a.nu.ga]
내 학생들,6,[nɛ.hak̚.sɛŋ.tɯl],[nɛ.hak̚.sɛŋ.dɯl]
보니까 다른,6,[po.ni.k͈a.ta.ɾɯn],[bo.ni.k͈a.da.ɾɯn]
보니까 당신,6,[po.ni.k͈a.taŋ.sin],[bo.ni.k͈a.daŋ.sin]
be mad at me,6,,
환영합니다 즐거운,6,[hwan.jʌŋ.hap̚.ni.ta.tʃɯl.kʌ.un],[hwan.jʌŋ.hap̚.ni.da.dʒɯl.kʌ.un]
할 과제가,6,[hal.kwa.tʃe.ka],[hal.gwa.dʒe.ga]
할 권리가 있다,6,[hal.kwʌl.li.ka.it̚.ta],[hal.gwʌl.li.ga.it̚.ta]
내 한계는,6,[nɛ.haŋ.kje.nɯn],[nɛ.haŋ.kje.nɯn]
보니까 둘이,6,[po.ni.k͈a.tul.i],[bo.ni.k͈a.dul.i]
할 권리를,6,[hal.kwʌl.li.ɾɯl],[hal.gwʌl.li.ɾɯl]
할 기다,6,[hal.ki.ta],[hal.gi.da]
할 기세야,6,[hal.ki.se.ja],[hal.gi.se.ja]
보니까 또,6,[po.ni.k͈a.t͈o],[bo.ni.k͈a.t͈o]
내 할 일은 다,6,[nɛ.hal.il.ɯn.ta],[nɛ.hal.il.ɯn.da]
보니까 벌써,6,[po.ni.k͈a.pʌl.s͈ʌ],[bo.ni.k͈a.bʌl.s͈ʌ]
할 까봐,6,[hal.k͈a.pwa],[hal.k͈a.bwa]
관한 걸로,6,[kwan.haŋ.kʌl.ɾo],[gwan.han.gʌl.ɾo]
내 할 일을 한,6,[nɛ.hal.il.ɯl.han],[nɛ.hal.il.ɯl.han]
할 내용은,6,[hal.lɛ.joŋ.ɯn],[hal.lɛ.joŋ.ɯn]
내 할 일을 했을,6,[nɛ.hal.il.ɯl.hɛt̚.ɯl],[nɛ.hal.il.ɯl.hɛt̚.ɯl]
환영해요 우리,6,[hwan.jʌŋ.hɛ.jo.u.ɾi],[hwan.jʌŋ.hɛ.jo.u.ɾi]
보니까 어때요,6,[po.ni.k͈a.ʌ.t͈ɛ.jo],[bo.ni.k͈a.ʌ.t͈ɛ.jo]
할 다른 일이,6,[hal.ta.ɾɯn.il.i],[hal.da.ɾɯn.il.i]
보니까 여기,6,[po.ni.k͈a.jʌ.ki],[bo.ni.k͈a.jʌ.gi]
보니까 오늘,6,[po.ni.k͈a.o.nɯl],[bo.ni.k͈a.o.nɯl]
할 더 큰,6,[hal.tʌ.kʰɯn],[hal.dʌ.kʰɯn]
곳이 있을 거예요,6,[kot̚.i.it̚.ɯl.kʌ.je.jo],[got̚.i.it̚.ɯl.gʌ.je.jo]
내 할아버님과,6,[nɛ.hal.a.pʌ.nim.kwa],[nɛ.hal.a.bʌ.nim.kwa]
환자 들어옵니다,6,[hwan.tʃa.tɯl.ʌ.op̚.ni.ta],[hwan.tʃa.dɯl.ʌ.op̚.ni.da]
보니까 이미,6,[po.ni.k͈a.i.mi],[bo.ni.k͈a.i.mi]
분 나는,6,[pun.na.nɯn],[bun.na.nɯn]
내 할아버님과 삼촌을 산채로,6,[nɛ.hal.a.pʌ.nim.kwa.san.tʃʰon.ɯl.san.tʃʰɛ.ɾo],[nɛ.hal.a.bʌ.nim.kwa.san.tʃʰon.ɯl.san.tʃʰɛ.ɾo]
할 때 그리고,6,[hal.t͈ɛ.kɯ.ɾi.ko],[hal.t͈ɛ.gɯ.ɾi.go]
할 때 너무,6,[hal.t͈ɛ.nʌ.mu],[hal.t͈ɛ.nʌ.mu]
내 할아버님과 삼촌을,6,[nɛ.hal.a.pʌ.nim.kwa.san.tʃʰon.ɯl],[nɛ.hal.a.bʌ.nim.kwa.san.tʃʰon.ɯl]
할 때 다른,6,[hal.t͈ɛ.ta.ɾɯn],[hal.t͈ɛ.da.ɾɯn]
내 할아버지는,6,[nɛ.hal.a.pʌ.tʃi.nɯn],[nɛ.hal.a.bʌ.dʒi.nɯn]
할 때 당신이,6,[hal.t͈ɛ.taŋ.sin.i],[hal.t͈ɛ.daŋ.sin.i]
갑자기 말,6,[kap̚.tʃa.ki.mal],[gap̚.tʃa.gi.mal]
할 때 들어,6,[hal.t͈ɛ.tɯl.ʌ],[hal.t͈ɛ.dɯl.ʌ]
환자 보호자,6,[hwan.tʃa.po.ho.tʃa],[hwan.tʃa.bo.ho.dʒa]
할 때 보면,6,[hal.t͈ɛ.po.mjʌn],[hal.t͈ɛ.bo.mjʌn]
할 때 베이비,6,[hal.t͈ɛ.pe.i.pi],[hal.t͈ɛ.be.i.bi]
환자 수술,6,[hwan.tʃa.su.sul],[hwan.tʃa.su.sul]
할 때 어디,6,[hal.t͈ɛ.ʌ.ti],[hal.t͈ɛ.ʌ.di]
할 때 안,6,[hal.t͈ɛ.an],[hal.t͈ɛ.an]
할 때 우리가,6,[hal.t͈ɛ.u.ɾi.ka],[hal.t͈ɛ.u.ɾi.ga]
할 때 좀,6,[hal.t͈ɛ.tʃom],[hal.t͈ɛ.dʒom]
할 때 제,6,[hal.t͈ɛ.tʃe],[hal.t͈ɛ.dʒe]
할 때 항상,6,[hal.t͈ɛ.haŋ.saŋ],[hal.t͈ɛ.haŋ.saŋ]
할 때'',6,[hal.t͈ɛ],[hal.t͈ɛ]
할 때가 되었다,6,[hal.t͈ɛ.ka.twe.ʌt̚.ta],[hal.t͈ɛ.ga.dwe.ʌt̚.ta]
할 때가 아냐,6,[hal.t͈ɛ.ka.a.nja],[hal.t͈ɛ.ga.a.nja]
보다 그래,6,[po.ta.kɯ.ɾɛ],[bo.da.gɯ.ɾɛ]
보다 그는,6,[po.ta.kɯ.nɯn],[bo.da.gɯ.nɯn]
할 때가 왔습니다,6,[hal.t͈ɛ.ka.wat̚.sɯp̚.ni.ta],[hal.t͈ɛ.ga.wat̚.sɯp̚.ni.da]
보다 나은 삶을,6,[po.ta.na.ɯn.sam.ɯl],[bo.da.na.ɯn.sam.ɯl]
할 때가 있다,6,[hal.t͈ɛ.ka.it̚.ta],[hal.t͈ɛ.ga.it̚.ta]
보다 나은 삶을 찾기,6,[po.ta.na.ɯn.sam.ɯl.tʃʰat̚.ki],[bo.da.na.ɯn.sam.ɯl.tʃʰat̚.ki]
할 때냐,6,[hal.t͈ɛ.nja],[hal.t͈ɛ.nja]
보다 너,6,[po.ta.nʌ],[bo.da.nʌ]
곳이 좋을 것,6,[kot̚.i.tʃot̚.ɯl.kʌt̚],[got̚.i.dʒot̚.ɯl.gʌt̚]
내 핸드다,6,[nɛ.hɛn.tɯ.ta],[nɛ.hɛn.tɯ.da]
갑자기 먹고,6,[kap̚.tʃa.ki.mʌk̚.ko],[gap̚.tʃa.gi.mʌk̚.ko]
할 때라고요,6,[hal.t͈ɛ.ɾa.ko.jo],[hal.t͈ɛ.ɾa.go.jo]
보다 더 나은 이름을,6,[po.ta.tʌ.na.ɯn.i.ɾɯm.ɯl],[bo.da.dʌ.na.ɯn.i.ɾɯm.ɯl]
곳이 필요하니까,6,[kot̚.i.pʰil.jo.ha.ni.k͈a],[got̚.i.pʰil.jo.ha.ni.k͈a]
내가 여기 있어도,6,[nɛ.ka.jʌ.ki.it̚.ʌ.to],[nɛ.ga.jʌ.gi.it̚.ʌ.do]
할 때마다 더,6,[hal.t͈ɛ.ma.ta.tʌ],[hal.t͈ɛ.ma.da.dʌ]
할 때마다 너무,6,[hal.t͈ɛ.ma.ta.nʌ.mu],[hal.t͈ɛ.ma.da.nʌ.mu]
내 핸드폰으로 전화해,6,[nɛ.hɛn.tɯ.pʰon.ɯ.ɾo.tʃʌn.hwa.hɛ],[nɛ.hɛn.tɯ.pʰon.ɯ.ɾo.dʒʌn.hwa.hɛ]
환자가 아닌,6,[hwan.tʃa.ka.a.nin],[hwan.tʃa.ga.a.nin]
할 때였죠,6,[hal.t͈ɛ.jʌt̚.tʃjo],[hal.t͈ɛ.jʌt̚.tʃjo]
보다 더한,6,[po.ta.tʌ.han],[bo.da.dʌ.han]
할 때일지도,6,[hal.t͈ɛ.il.tʃi.to],[hal.t͈ɛ.il.tʃi.do]
할 때인데,6,[hal.t͈ɛ.in.te],[hal.t͈ɛ.in.te]
보다 못한,6,[po.ta.mot̚.han],[bo.da.mot̚.han]
할 땝니다,6,[hal.t͈ɛp̚.ni.ta],[hal.t͈ɛp̚.ni.da]
할 뜻은 없었어요,6,[hal.t͈ɯt̚.ɯn.ʌp̚.ʌt̚.ʌ.jo],[hal.t͈ɯt̚.ɯn.ʌp̚.ʌt̚.ʌ.jo]
환자가 죽으면,6,[hwan.tʃa.ka.tʃuk̚.ɯ.mjʌn],[hwan.tʃa.ga.dʒuk̚.ɯ.mjʌn]
내 행동 때문에,6,[nɛ.hɛŋ.toŋ.t͈ɛ.mun.e],[nɛ.hɛŋ.doŋ.t͈ɛ.mun.e]
보다 안,6,[po.ta.an],[bo.da.an]
환자가 하나,6,[hwan.tʃa.ka.ha.na],[hwan.tʃa.ga.ha.na]
보다 안전한,6,[po.ta.an.tʃʌn.han],[bo.da.an.tʃʌn.han]
보다 아니,6,[po.ta.a.ni],[bo.da.a.ni]
환자가 한 명,6,[hwan.tʃa.ka.han.mjʌŋ],[hwan.tʃa.ga.han.mjʌŋ]
보다 아뇨,6,[po.ta.a.njo],[bo.da.a.njo]
보다 왜냐하면,6,[po.ta.wɛ.nja.ha.mjʌn],[bo.da.wɛ.nja.ha.mjʌn]
할 만큼 했습니다,6,[hal.maŋ.kʰɯm.hɛt̚.sɯp̚.ni.ta],[hal.maŋ.kʰɯm.hɛt̚.sɯp̚.ni.da]
보다 이제,6,[po.ta.i.tʃe],[bo.da.i.dʒe]
할 만큼 했어 이제,6,[hal.maŋ.kʰɯm.hɛt̚.ʌ.i.tʃe],[hal.maŋ.kʰɯm.hɛt̚.ʌ.i.dʒe]
할 만큼 했으니까,6,[hal.maŋ.kʰɯm.hɛt̚.ɯ.ni.k͈a],[hal.maŋ.kʰɯm.hɛt̚.ɯ.ni.k͈a]
Now it''s time,6,,
보다 잘,6,[po.ta.tʃal],[bo.da.dʒal]
할 만한 걸,6,[hal.man.haŋ.kʌl],[hal.man.han.gʌl]
할 만한 것도,6,[hal.man.haŋ.kʌt̚.to],[hal.man.han.gʌt̚.to]
할 만한 이유가,6,[hal.man.han.i.ju.ka],[hal.man.han.i.ju.ga]
할 만한 일,6,[hal.man.han.il],[hal.man.han.il]
할 말 다 했어요,6,[hal.mal.ta.hɛt̚.ʌ.jo],[hal.mal.da.hɛt̚.ʌ.jo]
할 말 못,6,[hal.mal.mot̚],[hal.mal.mot̚]
곳이 필요해서요,6,[kot̚.i.pʰil.jo.hɛ.sʌ.jo],[got̚.i.pʰil.jo.hɛ.sʌ.jo]
내 향수,6,[nɛ.hjaŋ.su],[nɛ.hjaŋ.su]
환자 만족도,6,[hwan.tʃa.man.tʃok̚.to],[hwan.tʃa.man.tʃok̚.to]
보다는 그,6,[po.ta.nɯŋ.kɯ],[bo.da.nɯn.gɯ]
환자들은 모두,6,[hwan.tʃa.tɯl.ɯn.mo.tu],[hwan.tʃa.dɯl.ɯn.mo.du]
할 말 없으니,6,[hal.mal.ʌp̚.ɯ.ni],[hal.mal.ʌp̚.ɯ.ni]
갑자기 몸이 안,6,[kap̚.tʃa.ki.mom.i.an],[gap̚.tʃa.gi.mom.i.an]
환자라는 걸,6,[hwan.tʃa.ɾa.nɯŋ.kʌl],[hwan.tʃa.ɾa.nɯn.gʌl]
할 말 있다,6,[hal.mal.it̚.ta],[hal.mal.it̚.ta]
내 허락없이 나를,6,[nɛ.hʌ.ɾak̚.ʌp̚.i.na.ɾɯl],[nɛ.hʌ.ɾak̚.ʌp̚.i.na.ɾɯl]
할 말 있어 뭔데,6,[hal.mal.it̚.ʌ.mwʌn.te],[hal.mal.it̚.ʌ.mwʌn.te]
할 말 있소,6,[hal.mal.it̚.so],[hal.mal.it̚.so]
보단 낫잖아,6,[po.tan.nat̚.tʃan.a],[bo.dan.nat̚.tʃan.a]
할 말 있으면 어서,6,[hal.mal.it̚.ɯ.mjʌn.ʌ.sʌ],[hal.mal.it̚.ɯ.mjʌn.ʌ.sʌ]
할 말 있으면 나한테,6,[hal.mal.it̚.ɯ.mjʌn.na.han.tʰe],[hal.mal.it̚.ɯ.mjʌn.na.han.tʰe]
내가 여기서 가장,6,[nɛ.ka.jʌ.ki.sʌ.ka.tʃaŋ],[nɛ.ga.jʌ.gi.sʌ.ga.dʒaŋ]
내 허락없이 나를 추적하는,6,[nɛ.hʌ.ɾak̚.ʌp̚.i.na.ɾɯl.tʃʰu.tʃʌk̚.ha.nɯn],[nɛ.hʌ.ɾak̚.ʌp̚.i.na.ɾɯl.tʃʰu.dʒʌk̚.ha.nɯn]
할 말 있으신가요,6,[hal.mal.it̚.ɯ.siŋ.ka.jo],[hal.mal.it̚.ɯ.siŋ.ka.jo]
환자를 수술할,6,[hwan.tʃa.ɾɯl.su.sul.hal],[hwan.tʃa.ɾɯl.su.sul.hal]
보답을 해,6,[po.tap̚.ɯl.hɛ],[bo.dap̚.ɯl.hɛ]
할 말도 없어요,6,[hal.mal.to.ʌp̚.ʌ.jo],[hal.mal.to.ʌp̚.ʌ.jo]
할 말들,6,[hal.mal.tɯl],[hal.mal.tɯl]
보답하고 싶어요,6,[po.tap̚.ha.ko.sip̚.ʌ.jo],[bo.dap̚.ha.go.sip̚.ʌ.jo]
be my friend,6,,
할 말씀이,6,[hal.mal.s͈ɯm.i],[hal.mal.s͈ɯm.i]
할 말은 그것뿐이야,6,[hal.mal.ɯŋ.kɯ.kʌt̚.p͈un.i.ja],[hal.mal.ɯn.gɯ.gʌt̚.p͈un.i.ja]
환자를 죽게,6,[hwan.tʃa.ɾɯl.tʃuk̚.ke],[hwan.tʃa.ɾɯl.dʒuk̚.ke]
내 허리를,6,[nɛ.hʌ.ɾi.ɾɯl],[nɛ.hʌ.ɾi.ɾɯl]
할 말은 없지만,6,[hal.mal.ɯn.ʌp̚.tʃi.man],[hal.mal.ɯn.ʌp̚.tʃi.man]
할 말은 없어요,6,[hal.mal.ɯn.ʌp̚.ʌ.jo],[hal.mal.ɯn.ʌp̚.ʌ.jo]
분 동안 계속,6,[pun.toŋ.aŋ.kje.sok̚],[bun.doŋ.an.gje.sok̚]
환자에게 도움이,6,[hwan.tʃa.e.ke.to.um.i],[hwan.tʃa.e.ge.do.um.i]
할 말을 할,6,[hal.mal.ɯl.hal],[hal.mal.ɯl.hal]
보던 걸까 손에,6,[po.tʌŋ.kʌl.k͈a.son.e],[bo.dʌn.gʌl.k͈a.son.e]
보던 걸까 손에 넣으면,6,[po.tʌŋ.kʌl.k͈a.son.e.nʌt̚.ɯ.mjʌn],[bo.dʌn.gʌl.k͈a.son.e.nʌt̚.ɯ.mjʌn]
할 말이 그게 다야,6,[hal.mal.i.kɯ.ke.ta.ja],[hal.mal.i.gɯ.ge.da.ja]
내 혀가,6,[nɛ.hjʌ.ka],[nɛ.hjʌ.ga]
내 혀,6,[nɛ.hjʌ],[nɛ.hjʌ]
보데가를 뚫고 나왔다,6,[po.te.ka.ɾɯl.t͈ul.ko.na.wat̚.ta],[bo.de.ga.ɾɯl.t͈ul.ko.na.wat̚.ta]
할 말이 많은,6,[hal.mal.i.man.ɯn],[hal.mal.i.man.ɯn]
보데가를 뚫고,6,[po.te.ka.ɾɯl.t͈ul.ko],[bo.de.ga.ɾɯl.t͈ul.ko]
환자의 경우,6,[hwan.tʃa.ɯi.kjʌŋ.u],[hwan.tʃa.ɯi.gjʌŋ.u]
보도 때문에,6,[po.to.t͈ɛ.mun.e],[bo.do.t͈ɛ.mun.e]
할 말이 뭐가 있겠어,6,[hal.mal.i.mwʌ.ka.it̚.ket̚.ʌ],[hal.mal.i.mwʌ.ga.it̚.ket̚.ʌ]
할 말이 뭐예요,6,[hal.mal.i.mwʌ.je.jo],[hal.mal.i.mwʌ.je.jo]
분 뒤 도착,6,[pun.twi.to.tʃʰak̚],[bun.dwi.do.tʃʰak̚]
환장을 했나,6,[hwan.tʃaŋ.ɯl.hɛt̚.na],[hwan.tʃaŋ.ɯl.hɛt̚.na]
곳이기도 해,6,[kot̚.i.ki.to.hɛ],[got̚.i.gi.do.hɛ]
할 말이 없더라고요,6,[hal.mal.i.ʌp̚.tʌ.ɾa.ko.jo],[hal.mal.i.ʌp̚.tʌ.ɾa.go.jo]
할 말이 없더라고,6,[hal.mal.i.ʌp̚.tʌ.ɾa.ko],[hal.mal.i.ʌp̚.tʌ.ɾa.go]
환장할 거야,6,[hwan.tʃaŋ.hal.kʌ.ja],[hwan.tʃaŋ.hal.gʌ.ja]
할 말이 없다는,6,[hal.mal.i.ʌp̚.ta.nɯn],[hal.mal.i.ʌp̚.ta.nɯn]
promised me,6,,
내가 여기서 나갈,6,[nɛ.ka.jʌ.ki.sʌ.na.kal],[nɛ.ga.jʌ.gi.sʌ.na.gal]
할 말이 있겠어요,6,[hal.mal.i.it̚.ket̚.ʌ.jo],[hal.mal.i.it̚.ket̚.ʌ.jo]
보도록 합시다,6,[po.to.ɾok̚.hap̚.si.ta],[bo.do.ɾok̚.hap̚.si.da]
할 말이 있겠죠,6,[hal.mal.i.it̚.ket̚.tʃjo],[hal.mal.i.it̚.ket̚.tʃjo]
보도를 하고,6,[po.to.ɾɯl.ha.ko],[bo.do.ɾɯl.ha.go]
보도할 때,6,[po.to.hal.t͈ɛ],[bo.do.hal.t͈ɛ]
갑자기 뭐예요,6,[kap̚.tʃa.ki.mwʌ.je.jo],[gap̚.tʃa.gi.mwʌ.je.jo]
할 말이 있다네,6,[hal.mal.i.it̚.ta.ne],[hal.mal.i.it̚.ta.ne]
내 형도,6,[nɛ.hjʌŋ.to],[nɛ.hjʌŋ.do]
promised you,6,,
환한 빛이,6,[hwan.ham.pit̚.i],[hwan.han.bit̚.i]
내 형의,6,[nɛ.hjʌŋ.ɯi],[nɛ.hjʌŋ.ɯi]
할 말이 있어 네,6,[hal.mal.i.it̚.ʌ.ne],[hal.mal.i.it̚.ʌ.ne]
할 말이 있어 이,6,[hal.mal.i.it̚.ʌ.i],[hal.mal.i.it̚.ʌ.i]
내 형이니까,6,[nɛ.hjʌŋ.i.ni.k͈a],[nɛ.hjʌŋ.i.ni.k͈a]
보듯 뻔해,6,[po.tɯt̚.p͈ʌn.hɛ],[bo.dɯt̚.p͈ʌn.hɛ]
할 말이 있어서야,6,[hal.mal.i.it̚.ʌ.sʌ.ja],[hal.mal.i.it̚.ʌ.sʌ.ja]
내 형이에요,6,[nɛ.hjʌŋ.i.e.jo],[nɛ.hjʌŋ.i.e.jo]
환호하고 있습니다,6,[hwan.ho.ha.ko.it̚.sɯp̚.ni.ta],[hwan.ho.ha.go.it̚.sɯp̚.ni.da]
분 뒤에 여기서,6,[pun.twi.e.jʌ.ki.sʌ],[bun.dwi.e.jʌ.gi.sʌ]
보디 수하,6,[po.ti.su.ha],[bo.di.su.ha]
내 형이잖아,6,[nɛ.hjʌŋ.i.tʃan.a],[nɛ.hjʌŋ.i.dʒan.a]
할 말이 있으면 그냥,6,[hal.mal.i.it̚.ɯ.mjʌŋ.kɯ.njaŋ],[hal.mal.i.it̚.ɯ.mjʌn.gɯ.njaŋ]
보라 나를,6,[po.ɾa.na.ɾɯl],[bo.ɾa.na.ɾɯl]
proof forest,6,,
할 말이 있으신가요,6,[hal.mal.i.it̚.ɯ.siŋ.ka.jo],[hal.mal.i.it̚.ɯ.siŋ.ka.jo]
be my lover,6,,
할 말이냐,6,[hal.mal.i.nja],[hal.mal.i.nja]
보라고 그,6,[po.ɾa.ko.kɯ],[bo.ɾa.go.gɯ]
활기가 넘치고,6,[hwal.ki.ka.nʌn.tʃʰi.ko],[hwal.ki.ga.nʌn.tʃʰi.go]
내 형제나,6,[nɛ.hjʌŋ.tʃe.na],[nɛ.hjʌŋ.dʒe.na]
할 말이라도 있어요,6,[hal.mal.i.ɾa.to.it̚.ʌ.jo],[hal.mal.i.ɾa.do.it̚.ʌ.jo]
활기찬 음악이,6,[hwal.ki.tʃʰan.ɯm.ak̚.i],[hwal.ki.tʃʰan.ɯm.ak̚.i]
할 말이란 게,6,[hal.mal.i.ɾaŋ.ke],[hal.mal.i.ɾan.ge]
보라고 네가,6,[po.ɾa.ko.ne.ka],[bo.ɾa.go.ne.ga]
할 명성이,6,[hal.mjʌŋ.sʌŋ.i],[hal.mjʌŋ.sʌŋ.i]
보라고 누가,6,[po.ɾa.ko.nu.ka],[bo.ɾa.go.nu.ga]
관한 것입니까,6,[kwan.haŋ.kʌt̚.ip̚.ni.k͈a],[gwan.han.gʌt̚.ip̚.ni.k͈a]
보라고 대체,6,[po.ɾa.ko.tɛ.tʃʰe],[bo.ɾa.go.dɛ.tʃʰe]
보라고 말해,6,[po.ɾa.ko.mal.hɛ],[bo.ɾa.go.mal.hɛ]
할 무언가가 필요하다,6,[hal.mu.ʌŋ.ka.ka.pʰil.jo.ha.ta],[hal.mu.ʌŋ.ka.ga.pʰil.jo.ha.da]
할 문제죠,6,[hal.mun.tʃe.tʃjo],[hal.mun.tʃe.dʒjo]
보라고 왜,6,[po.ɾa.ko.wɛ],[bo.ɾa.go.wɛ]
할 바를,6,[hal.pa.ɾɯl],[hal.ba.ɾɯl]
할 밤이야,6,[hal.pam.i.ja],[hal.bam.i.ja]
보라고 우린,6,[po.ɾa.ko.u.ɾin],[bo.ɾa.go.u.ɾin]
할 법적,6,[hal.pʌp̚.tʃʌk̚],[hal.bʌp̚.tʃʌk̚]
내 형제를 죽인,6,[nɛ.hjʌŋ.tʃe.ɾɯl.tʃuk̚.in],[nɛ.hjʌŋ.dʒe.ɾɯl.dʒuk̚.in]
갑자기 바뀐,6,[kap̚.tʃa.ki.pa.k͈win],[gap̚.tʃa.gi.ba.k͈win]
I do now,6,,
할 비밀이,6,[hal.pi.mil.i],[hal.bi.mil.i]
보라고 잘,6,[po.ɾa.ko.tʃal],[bo.ɾa.go.dʒal]
보라고 이제,6,[po.ɾa.ko.i.tʃe],[bo.ɾa.go.i.dʒe]
보라고 좋아,6,[po.ɾa.ko.tʃot̚.a],[bo.ɾa.go.dʒot̚.a]
곳이야 그게,6,[kot̚.i.ja.kɯ.ke],[got̚.i.ja.gɯ.ge]
활동하고 있어,6,[hwal.toŋ.ha.ko.it̚.ʌ],[hwal.toŋ.ha.go.it̚.ʌ]
할 뿐이니까,6,[hal.p͈un.i.ni.k͈a],[hal.p͈un.i.ni.k͈a]
할 뿐이고,6,[hal.p͈un.i.ko],[hal.p͈un.i.go]
활동이 전혀,6,[hwal.toŋ.i.tʃʌn.hjʌ],[hwal.toŋ.i.dʒʌn.hjʌ]
내 형제예요,6,[nɛ.hjʌŋ.tʃe.je.jo],[nɛ.hjʌŋ.dʒe.je.jo]
분 말이에요,6,[pun.mal.i.e.jo],[bun.mal.i.e.jo]
할 사건,6,[hal.sa.kʌn],[hal.sa.gʌn]
내 호기심을,6,[nɛ.ho.ki.sim.ɯl],[nɛ.ho.gi.sim.ɯl]
내 호루라기,6,[nɛ.ho.ɾu.ɾa.ki],[nɛ.ho.ɾu.ɾa.gi]
보라고 했다,6,[po.ɾa.ko.hɛt̚.ta],[bo.ɾa.go.hɛt̚.ta]
활성화 완료,6,[hwal.sʌŋ.hwa.wal.ljo],[hwal.sʌŋ.hwa.wal.ljo]
내 호주머니에,6,[nɛ.ho.tʃu.mʌ.ni.e],[nɛ.ho.dʒu.mʌ.ni.e]
할 사람은 저,6,[hal.sa.ɾam.ɯn.tʃʌ],[hal.sa.ɾam.ɯn.dʒʌ]
할 사람이 있다면,6,[hal.sa.ɾam.i.it̚.ta.mjʌn],[hal.sa.ɾam.i.it̚.ta.mjʌn]
할 사람이 있어서,6,[hal.sa.ɾam.i.it̚.ʌ.sʌ],[hal.sa.ɾam.i.it̚.ʌ.sʌ]
보라는 게,6,[po.ɾa.nɯŋ.ke],[bo.ɾa.nɯn.ge]
할 사람이 한 명,6,[hal.sa.ɾam.i.han.mjʌŋ],[hal.sa.ɾam.i.han.mjʌŋ]
할 사람이 한,6,[hal.sa.ɾam.i.han],[hal.sa.ɾam.i.han]
활용할 방법을,6,[hwal.joŋ.hal.pam.pʌp̚.ɯl],[hwal.joŋ.hal.baŋ.bʌp̚.ɯl]
보라색 액체가,6,[po.ɾa.sɛk̚.ɛk̚.tʃʰe.ka],[bo.ɾa.sɛk̚.ɛk̚.tʃʰe.ga]
할 상황이 올,6,[hal.saŋ.hwaŋ.i.ol],[hal.saŋ.hwaŋ.i.ol]
곳이야 나도,6,[kot̚.i.ja.na.to],[got̚.i.ja.na.do]
보람 있네,6,[po.ɾam.it̚.ne],[bo.ɾam.it̚.ne]
내 화면에 깜박,6,[nɛ.hwa.mjʌn.e.k͈am.pak̚],[nɛ.hwa.mjʌn.e.k͈am.pak̚]
할 생각이다,6,[hal.sɛŋ.kak̚.i.ta],[hal.sɛŋ.gak̚.i.da]
내 화면에 깜박 거림이있어,6,[nɛ.hwa.mjʌn.e.k͈am.pak̚.kʌ.ɾim.i.it̚.ʌ],[nɛ.hwa.mjʌn.e.k͈am.pak̚.gʌ.ɾim.i.it̚.ʌ]
이만 가봐야 해요,6,[i.maŋ.ka.pwa.ja.hɛ.jo],[i.man.ga.bwa.ja.hɛ.jo]
할 생각이었다,6,[hal.sɛŋ.kak̚.i.ʌt̚.ta],[hal.sɛŋ.gak̚.i.ʌt̚.ta]
내 화학,6,[nɛ.hwa.hak̚],[nɛ.hwa.hak̚]
할 생각이었죠,6,[hal.sɛŋ.kak̚.i.ʌt̚.tʃjo],[hal.sɛŋ.gak̚.i.ʌt̚.tʃjo]
내 환심을,6,[nɛ.hwan.sim.ɯl],[nɛ.hwan.sim.ɯl]
보람이 있어야,6,[po.ɾam.i.it̚.ʌ.ja],[bo.ɾam.i.it̚.ʌ.ja]
보람이 있어야 할,6,[po.ɾam.i.it̚.ʌ.ja.hal],[bo.ɾam.i.it̚.ʌ.ja.hal]
내 환영에,6,[nɛ.hwan.jʌŋ.e],[nɛ.hwan.jʌŋ.e]
내 화장품,6,[nɛ.hwa.tʃam.pʰum],[nɛ.hwa.dʒam.pʰum]
할 세,6,[hal.se],[hal.se]
할 셈이에요,6,[hal.sem.i.e.jo],[hal.sem.i.e.jo]
보람이 있죠,6,[po.ɾam.i.it̚.tʃjo],[bo.ɾam.i.it̚.tʃjo]
보람이 있을 거야,6,[po.ɾam.i.it̚.ɯl.kʌ.ja],[bo.ɾam.i.it̚.ɯl.gʌ.ja]
보랏빛이고 댁에겐 끔찍했겠구만,6,[po.ɾat̚.pit̚.i.ko.tɛk̚.e.keŋ.k͈ɯn.tʃ͈ik̚.hɛt̚.ket̚.ku.man],[bo.ɾat̚.pit̚.i.go.dɛk̚.e.geŋ.k͈ɯn.tʃ͈ik̚.hɛt̚.ket̚.ku.man]
보랏빛이고 댁에겐,6,[po.ɾat̚.pit̚.i.ko.tɛk̚.e.ken],[bo.ɾat̚.pit̚.i.go.dɛk̚.e.gen]
보랏빛이고 댁에겐 끔찍했겠구만 킹스가드로서,6,[po.ɾat̚.pit̚.i.ko.tɛk̚.e.keŋ.k͈ɯn.tʃ͈ik̚.hɛt̚.ket̚.ku.maŋ.kʰiŋ.sɯ.ka.tɯ.ɾo.sʌ],[bo.ɾat̚.pit̚.i.go.dɛk̚.e.geŋ.k͈ɯn.tʃ͈ik̚.hɛt̚.ket̚.ku.maŋ.kʰiŋ.sɯ.ga.dɯ.ɾo.sʌ]
할 소린 아닌,6,[hal.so.ɾin.a.nin],[hal.so.ɾin.a.nin]
할 소리요,6,[hal.so.ɾi.jo],[hal.so.ɾi.jo]
보람이 있지,6,[po.ɾam.i.it̚.tʃi],[bo.ɾam.i.it̚.tʃi]
Book of,6,,
할 수 없거나,6,[hal.su.ʌp̚.kʌ.na],[hal.su.ʌp̚.kʌ.na]
내 환자에게,6,[nɛ.hwan.tʃa.e.ke],[nɛ.hwan.tʃa.e.ge]
보러 가기로 했는데,6,[po.ɾʌ.ka.ki.ɾo.hɛt̚.nɯn.te],[bo.ɾʌ.ga.gi.ɾo.hɛt̚.nɯn.te]
곳이야 당신은,6,[kot̚.i.ja.taŋ.sin.ɯn],[got̚.i.ja.daŋ.sin.ɯn]
할 수 없는 한,6,[hal.su.ʌp̚.nɯn.han],[hal.su.ʌp̚.nɯn.han]
보러 가면 안,6,[po.ɾʌ.ka.mjʌn.an],[bo.ɾʌ.ga.mjʌn.an]
곳이야 바로,6,[kot̚.i.ja.pa.ɾo],[got̚.i.ja.ba.ɾo]
할 수 없니,6,[hal.su.ʌp̚.ni],[hal.su.ʌp̚.ni]
보러 가실,6,[po.ɾʌ.ka.sil],[bo.ɾʌ.ga.sil]
갑자기 사라졌죠,6,[kap̚.tʃa.ki.sa.ɾa.tʃjʌt̚.tʃjo],[gap̚.tʃa.gi.sa.ɾa.dʒjʌt̚.tʃjo]
할 수 없다구,6,[hal.su.ʌp̚.ta.ku],[hal.su.ʌp̚.ta.gu]
보러 가야 돼,6,[po.ɾʌ.ka.ja.twɛ],[bo.ɾʌ.ga.ja.dwɛ]
곳이야 여기서,6,[kot̚.i.ja.jʌ.ki.sʌ],[got̚.i.ja.jʌ.gi.sʌ]
protect your,6,,
보러 가야죠,6,[po.ɾʌ.ka.ja.tʃjo],[bo.ɾʌ.ga.ja.dʒjo]
곳이야 우리가,6,[kot̚.i.ja.u.ɾi.ka],[got̚.i.ja.u.ɾi.ga]
할 수 없어 좋아,6,[hal.su.ʌp̚.ʌ.tʃot̚.a],[hal.su.ʌp̚.ʌ.dʒot̚.a]
할 수 없어'',6,[hal.su.ʌp̚.ʌ],[hal.su.ʌp̚.ʌ]
내 후계자로,6,[nɛ.hu.kje.tʃa.ɾo],[nɛ.hu.gje.dʒa.ɾo]
황금 물고기는,6,[hwaŋ.kɯm.mul.ko.ki.nɯn],[hwaŋ.gɯm.mul.ko.gi.nɯn]
할 수 없어요 그럼,6,[hal.su.ʌp̚.ʌ.jo.kɯ.ɾʌm],[hal.su.ʌp̚.ʌ.jo.gɯ.ɾʌm]
할 수 없어요 난,6,[hal.su.ʌp̚.ʌ.jo.nan],[hal.su.ʌp̚.ʌ.jo.nan]
보러 간 적이,6,[po.ɾʌ.kan.tʃʌk̚.i],[bo.ɾʌ.gan.dʒʌk̚.i]
할 수 없었다고,6,[hal.su.ʌp̚.ʌt̚.ta.ko],[hal.su.ʌp̚.ʌt̚.ta.go]
보러 간다며,6,[po.ɾʌ.kan.ta.mjʌ],[bo.ɾʌ.gan.ta.mjʌ]
할 수 없었지만,6,[hal.su.ʌp̚.ʌt̚.tʃi.man],[hal.su.ʌp̚.ʌt̚.tʃi.man]
내 훈련을,6,[nɛ.hul.ljʌn.ɯl],[nɛ.hul.ljʌn.ɯl]
내가 연구하는,6,[nɛ.ka.jʌŋ.ku.ha.nɯn],[nɛ.ga.jʌŋ.ku.ha.nɯn]
보러 갑니다,6,[po.ɾʌ.kap̚.ni.ta],[bo.ɾʌ.gap̚.ni.da]
곳이야 이게,6,[kot̚.i.ja.i.ke],[got̚.i.ja.i.ge]
내 휴대전화를,6,[nɛ.hju.tɛ.tʃʌn.hwa.ɾɯl],[nɛ.hju.dɛ.dʒʌn.hwa.ɾɯl]
분 안에 끝날,6,[pun.an.e.k͈ɯt̚.nal],[bun.an.e.k͈ɯt̚.nal]
분 안에 닫힙니다,6,[pun.an.e.tat̚.hip̚.ni.ta],[bun.an.e.dat̚.hip̚.ni.da]
보러 갔네,6,[po.ɾʌ.kat̚.ne],[bo.ɾʌ.gat̚.ne]
관한 기억은,6,[kwan.haŋ.ki.ʌk̚.ɯn],[gwan.han.gi.ʌk̚.ɯn]
할 수 있겠냐고,6,[hal.su.it̚.ket̚.nja.ko],[hal.su.it̚.ket̚.nja.go]
보러 갔더니,6,[po.ɾʌ.kat̚.tʌ.ni],[bo.ɾʌ.gat̚.tʌ.ni]
내 휴대폰 내놔,6,[nɛ.hju.tɛ.pʰon.nɛ.nwa],[nɛ.hju.dɛ.pʰon.nɛ.nwa]
할 수 있겠는가,6,[hal.su.it̚.ket̚.nɯŋ.ka],[hal.su.it̚.ket̚.nɯŋ.ka]
곳이야 하지만,6,[kot̚.i.ja.ha.tʃi.man],[got̚.i.ja.ha.dʒi.man]
보러 갔잖아,6,[po.ɾʌ.kat̚.tʃan.a],[bo.ɾʌ.gat̚.tʃan.a]
갑자기 상태가,6,[kap̚.tʃa.ki.saŋ.tʰɛ.ka],[gap̚.tʃa.gi.saŋ.tʰɛ.ga]
보러 꼭,6,[po.ɾʌ.k͈ok̚],[bo.ɾʌ.k͈ok̚]
내 휴대폰이야,6,[nɛ.hju.tɛ.pʰon.i.ja],[nɛ.hju.dɛ.pʰon.i.ja]
분 안에 모두,6,[pun.an.e.mo.tu],[bun.an.e.mo.du]
내 흉내,6,[nɛ.hjuŋ.nɛ],[nɛ.hjuŋ.nɛ]
할 수 있느냐,6,[hal.su.it̚.nɯ.nja],[hal.su.it̚.nɯ.nja]
내가 연락하기,6,[nɛ.ka.jʌl.lak̚.ha.ki],[nɛ.ga.jʌl.lak̚.ha.gi]
보러 안 왔어,6,[po.ɾʌ.an.wat̚.ʌ],[bo.ɾʌ.an.wat̚.ʌ]
할 수 있는 거면,6,[hal.su.it̚.nɯŋ.kʌ.mjʌn],[hal.su.it̚.nɯn.gʌ.mjʌn]
보러 언제,6,[po.ɾʌ.ʌn.tʃe],[bo.ɾʌ.ʌn.tʃe]
곳이에요 그래,6,[kot̚.i.e.jo.kɯ.ɾɛ],[got̚.i.e.jo.gɯ.ɾɛ]
보러 오겠다는,6,[po.ɾʌ.o.ket̚.ta.nɯn],[bo.ɾʌ.o.get̚.ta.nɯn]
내 희망을,6,[nɛ.hɯi.maŋ.ɯl],[nɛ.hɯi.maŋ.ɯl]
곳이에요 내,6,[kot̚.i.e.jo.nɛ],[got̚.i.e.jo.nɛ]
할 수 있는 것처럼,6,[hal.su.it̚.nɯŋ.kʌt̚.tʃʰʌ.ɾʌm],[hal.su.it̚.nɯn.gʌt̚.tʃʰʌ.ɾʌm]
내 힘에,6,[nɛ.him.e],[nɛ.him.e]
할 수 있는 많은,6,[hal.su.it̚.nɯn.man.ɯn],[hal.su.it̚.nɯn.man.ɯn]
보러 오시는,6,[po.ɾʌ.o.si.nɯn],[bo.ɾʌ.o.si.nɯn]
보러 오신 거예요,6,[po.ɾʌ.o.siŋ.kʌ.je.jo],[bo.ɾʌ.o.sin.gʌ.je.jo]
보러 오죠,6,[po.ɾʌ.o.tʃjo],[bo.ɾʌ.o.dʒjo]
관한 내용입니다,6,[kwan.han.nɛ.joŋ.ip̚.ni.ta],[gwan.han.nɛ.joŋ.ip̚.ni.da]
할 수 있는 상태가,6,[hal.su.it̚.nɯn.saŋ.tʰɛ.ka],[hal.su.it̚.nɯn.saŋ.tʰɛ.ga]
할 수 있는 일과,6,[hal.su.it̚.nɯn.il.kwa],[hal.su.it̚.nɯn.il.kwa]
할 수 있는 일들,6,[hal.su.it̚.nɯn.il.tɯl],[hal.su.it̚.nɯn.il.tɯl]
pull her,6,,
할 수 있는 일들이,6,[hal.su.it̚.nɯn.il.tɯl.i],[hal.su.it̚.nɯn.il.tɯl.i]
할 수 있는 일이라도,6,[hal.su.it̚.nɯn.il.i.ɾa.to],[hal.su.it̚.nɯn.il.i.ɾa.do]
할 수 있는 일이라곤,6,[hal.su.it̚.nɯn.il.i.ɾa.kon],[hal.su.it̚.nɯn.il.i.ɾa.gon]
보러 온 건데,6,[po.ɾʌ.oŋ.kʌn.te],[bo.ɾʌ.on.gʌn.te]
할 수 있는 일이요,6,[hal.su.it̚.nɯn.il.i.jo],[hal.su.it̚.nɯn.il.i.jo]
회 성공,6,[hwe.sʌŋ.koŋ],[hwe.sʌŋ.goŋ]
내가 FBI를,6,[nɛ.ka.ɾɯl],[nɛ.ga.ɾɯl]
할 수 있는 최선이에요,6,[hal.su.it̚.nɯn.tʃʰwe.sʌn.i.e.jo],[hal.su.it̚.nɯn.tʃʰwe.sʌn.i.e.jo]
곳이에요 하지만,6,[kot̚.i.e.jo.ha.tʃi.man],[got̚.i.e.jo.ha.dʒi.man]
내가 FBI와,6,[nɛ.ka.wa],[nɛ.ga.wa]
할 수 있는 최악의,6,[hal.su.it̚.nɯn.tʃʰwe.ak̚.ɯi],[hal.su.it̚.nɯn.tʃʰwe.ak̚.ɯi]
보러 올 거지,6,[po.ɾʌ.ol.kʌ.tʃi],[bo.ɾʌ.ol.gʌ.dʒi]
회 청취조사까지,6,[hwe.tʃʰʌŋ.tʃʰwi.tʃo.sa.k͈a.tʃi],[hwe.tʃʰʌŋ.tʃʰwi.dʒo.sa.k͈a.dʒi]
회 헝거게임의,6,[hwe.hʌŋ.kʌ.ke.im.ɯi],[hwe.hʌŋ.gʌ.ge.im.ɯi]
보러 올 줄,6,[po.ɾʌ.ol.tʃul],[bo.ɾʌ.ol.dʒul]
곳이죠 대단한,6,[kot̚.i.tʃjo.tɛ.tan.han],[got̚.i.dʒjo.dɛ.dan.han]
할 수 있는데 왜,6,[hal.su.it̚.nɯn.te.wɛ],[hal.su.it̚.nɯn.te.wɛ]
할 수 있는지 몰랐어,6,[hal.su.it̚.nɯn.tʃi.mol.ɾat̚.ʌ],[hal.su.it̚.nɯn.tʃi.mol.ɾat̚.ʌ]
내가 TV에서,6,[nɛ.ka.e.sʌ],[nɛ.ga.e.sʌ]
곳이죠 대단한 광경이군,6,[kot̚.i.tʃjo.tɛ.tan.haŋ.kwaŋ.kjʌŋ.i.kun],[got̚.i.dʒjo.dɛ.dan.han.gwaŋ.gjʌŋ.i.gun]
곳이죠 대단한 광경이군 내,6,[kot̚.i.tʃjo.tɛ.tan.haŋ.kwaŋ.kjʌŋ.i.kun.nɛ],[got̚.i.dʒjo.dɛ.dan.han.gwaŋ.gjʌŋ.i.gun.nɛ]
할 수 있다 그,6,[hal.su.it̚.ta.kɯ],[hal.su.it̚.ta.gɯ]
갑자기 생겼어요,6,[kap̚.tʃa.ki.sɛŋ.kjʌt̚.ʌ.jo],[gap̚.tʃa.gi.sɛŋ.gjʌt̚.ʌ.jo]
할 수 있다 할,6,[hal.su.it̚.ta.hal],[hal.su.it̚.ta.hal]
곳이죠 여기,6,[kot̚.i.tʃjo.jʌ.ki],[got̚.i.dʒjo.jʌ.gi]
회계 담당,6,[hwe.kje.tan.taŋ],[hwe.gje.dan.taŋ]
내가 가게에,6,[nɛ.ka.ka.ke.e],[nɛ.ga.ga.ge.e]
보러 왔대,6,[po.ɾʌ.wat̚.tɛ],[bo.ɾʌ.wat̚.tɛ]
보러 왔다고요,6,[po.ɾʌ.wat̚.ta.ko.jo],[bo.ɾʌ.wat̚.ta.go.jo]
갑자기 세상이,6,[kap̚.tʃa.ki.se.saŋ.i],[gap̚.tʃa.gi.se.saŋ.i]
곳이죠 제가,6,[kot̚.i.tʃjo.tʃe.ka],[got̚.i.dʒjo.dʒe.ga]
be not so frail,6,,
Now that''s the,6,,
할 수 있다는 건,6,[hal.su.it̚.ta.nɯŋ.kʌn],[hal.su.it̚.ta.nɯn.gʌn]
할 수 있다는 것이다,6,[hal.su.it̚.ta.nɯŋ.kʌt̚.i.ta],[hal.su.it̚.ta.nɯn.gʌt̚.i.da]
할 수 있다는 것만,6,[hal.su.it̚.ta.nɯŋ.kʌt̚.man],[hal.su.it̚.ta.nɯn.gʌt̚.man]
할 수 있다는데,6,[hal.su.it̚.ta.nɯn.te],[hal.su.it̚.ta.nɯn.te]
할 수 있다면 난,6,[hal.su.it̚.ta.mjʌn.nan],[hal.su.it̚.ta.mjʌn.nan]
할 수 있단 말이야,6,[hal.su.it̚.tan.mal.i.ja],[hal.su.it̚.tan.mal.i.ja]
보려고 그런,6,[po.ɾjʌ.ko.kɯ.ɾʌn],[bo.ɾjʌ.go.gɯ.ɾʌn]
be not so fearful,6,,
내가 가는 건,6,[nɛ.ka.ka.nɯŋ.kʌn],[nɛ.ga.ga.nɯn.gʌn]
보려고 돈,6,[po.ɾjʌ.ko.ton],[bo.ɾjʌ.go.don]
할 수 있어 게다가,6,[hal.su.it̚.ʌ.ke.ta.ka],[hal.su.it̚.ʌ.ge.da.ga]
할 수 있어 같이,6,[hal.su.it̚.ʌ.kat̚.i],[hal.su.it̚.ʌ.gat̚.i]
회복되고 있어,6,[hwe.pok̚.twe.ko.it̚.ʌ],[hwe.bok̚.twe.go.it̚.ʌ]
할 수 있어 괜찮아,6,[hal.su.it̚.ʌ.kwɛn.tʃʰan.a],[hal.su.it̚.ʌ.gwɛn.tʃʰan.a]
할 수 있어 그걸,6,[hal.su.it̚.ʌ.kɯ.kʌl],[hal.su.it̚.ʌ.gɯ.gʌl]
보려고 뭐,6,[po.ɾjʌ.ko.mwʌ],[bo.ɾjʌ.go.mwʌ]
회복되려면 시간이,6,[hwe.pok̚.twe.ɾjʌ.mjʌn.si.kan.i],[hwe.bok̚.twe.ɾjʌ.mjʌn.si.gan.i]
할 수 있어 그렇게,6,[hal.su.it̚.ʌ.kɯ.ɾʌt̚.ke],[hal.su.it̚.ʌ.gɯ.ɾʌt̚.ke]
보려고 온 거야,6,[po.ɾjʌ.ko.oŋ.kʌ.ja],[bo.ɾjʌ.go.on.gʌ.ja]
할 수 있어 그렇지,6,[hal.su.it̚.ʌ.kɯ.ɾʌt̚.tʃi],[hal.su.it̚.ʌ.gɯ.ɾʌt̚.tʃi]
내가 가는 곳이야,6,[nɛ.ka.ka.nɯŋ.kot̚.i.ja],[nɛ.ga.ga.nɯn.got̚.i.ja]
곳이지 근데,6,[kot̚.i.tʃi.kɯn.te],[got̚.i.dʒi.gɯn.te]
내가 가는 길에,6,[nɛ.ka.ka.nɯŋ.kil.e],[nɛ.ga.ga.nɯn.gil.e]
내가 가능한,6,[nɛ.ka.ka.nɯŋ.han],[nɛ.ga.ga.nɯŋ.han]
보려고 일부러,6,[po.ɾjʌ.ko.il.pu.ɾʌ],[bo.ɾjʌ.go.il.pu.ɾʌ]
갑자기 아무것도,6,[kap̚.tʃa.ki.a.mu.kʌt̚.to],[gap̚.tʃa.gi.a.mu.gʌt̚.to]
할 수 있어 또,6,[hal.su.it̚.ʌ.t͈o],[hal.su.it̚.ʌ.t͈o]
내가 가라고 했어,6,[nɛ.ka.ka.ɾa.ko.hɛt̚.ʌ],[nɛ.ga.ga.ɾa.go.hɛt̚.ʌ]
내가 가려는,6,[nɛ.ka.ka.ɾjʌ.nɯn],[nɛ.ga.ga.ɾjʌ.nɯn]
할 수 있어 사실,6,[hal.su.it̚.ʌ.sa.sil],[hal.su.it̚.ʌ.sa.sil]
pull over,6,,
할 수 있어 아직,6,[hal.su.it̚.ʌ.a.tʃik̚],[hal.su.it̚.ʌ.a.dʒik̚]
보려고 한국어로 옮김,6,[po.ɾjʌ.ko.haŋ.kuk̚.ʌ.ɾo.om.kim],[bo.ɾjʌ.go.haŋ.kuk̚.ʌ.ɾo.om.kim]
보려고 한국어로,6,[po.ɾjʌ.ko.haŋ.kuk̚.ʌ.ɾo],[bo.ɾjʌ.go.haŋ.kuk̚.ʌ.ɾo]
회복에 대해,6,[hwe.pok̚.e.tɛ.hɛ],[hwe.bok̚.e.dɛ.hɛ]
보려고 한다,6,[po.ɾjʌ.ko.han.ta],[bo.ɾjʌ.go.han.ta]
할 수 있어 우리는,6,[hal.su.it̚.ʌ.u.ɾi.nɯn],[hal.su.it̚.ʌ.u.ɾi.nɯn]
할 수 있어 이리,6,[hal.su.it̚.ʌ.i.ɾi],[hal.su.it̚.ʌ.i.ɾi]
내가 가르쳐 줄게요,6,[nɛ.ka.ka.ɾɯ.tʃʰjʌ.tʃul.ke.jo],[nɛ.ga.ga.ɾɯ.tʃʰjʌ.dʒul.ke.jo]
내가 가르쳐주마,6,[nɛ.ka.ka.ɾɯ.tʃʰjʌ.tʃu.ma],[nɛ.ga.ga.ɾɯ.tʃʰjʌ.dʒu.ma]
be not so nervous,6,,
할 수 있어 젠장,6,[hal.su.it̚.ʌ.tʃen.tʃaŋ],[hal.su.it̚.ʌ.dʒen.tʃaŋ]
보려고 했죠,6,[po.ɾjʌ.ko.hɛt̚.tʃjo],[bo.ɾjʌ.go.hɛt̚.tʃjo]
회복하기 위해서는,6,[hwe.pok̚.ha.ki.wi.hɛ.sʌ.nɯn],[hwe.bok̚.ha.gi.wi.hɛ.sʌ.nɯn]
회복하기 위해서는 강철,6,[hwe.pok̚.ha.ki.wi.hɛ.sʌ.nɯŋ.kaŋ.tʃʰʌl],[hwe.bok̚.ha.gi.wi.hɛ.sʌ.nɯn.gaŋ.tʃʰʌl]
내가 가르쳐줄,6,[nɛ.ka.ka.ɾɯ.tʃʰjʌ.tʃul],[nɛ.ga.ga.ɾɯ.tʃʰjʌ.dʒul]
할 수 있어서 기뻐,6,[hal.su.it̚.ʌ.sʌ.ki.p͈ʌ],[hal.su.it̚.ʌ.sʌ.gi.p͈ʌ]
보려고요 우리,6,[po.ɾjʌ.ko.jo.u.ɾi],[bo.ɾjʌ.go.jo.u.ɾi]
보려고요 그,6,[po.ɾjʌ.ko.jo.kɯ],[bo.ɾjʌ.go.jo.gɯ]
곳인 거,6,[kot̚.iŋ.kʌ],[got̚.in.gʌ]
할 수 있어야지,6,[hal.su.it̚.ʌ.ja.tʃi],[hal.su.it̚.ʌ.ja.dʒi]
할 수 있어야죠,6,[hal.su.it̚.ʌ.ja.tʃjo],[hal.su.it̚.ʌ.ja.dʒjo]
보려는 건,6,[po.ɾjʌ.nɯŋ.kʌn],[bo.ɾjʌ.nɯn.gʌn]
회복하실 겁니다,6,[hwe.pok̚.ha.sil.kʌp̚.ni.ta],[hwe.bok̚.ha.sil.gʌp̚.ni.da]
할 수 있어요 그러면,6,[hal.su.it̚.ʌ.jo.kɯ.ɾʌ.mjʌn],[hal.su.it̚.ʌ.jo.gɯ.ɾʌ.mjʌn]
보려면 몇,6,[po.ɾjʌ.mjʌn.mjʌt̚],[bo.ɾjʌ.mjʌn.mjʌt̚]
할 수 있어요 나,6,[hal.su.it̚.ʌ.jo.na],[hal.su.it̚.ʌ.jo.na]
회복한 후에,6,[hwe.pok̚.han.hu.e],[hwe.bok̚.han.hu.e]
보렴 날 봐,6,[po.ɾjʌm.nal.pwa],[bo.ɾjʌm.nal.bwa]
할 수 있어요 못,6,[hal.su.it̚.ʌ.jo.mot̚],[hal.su.it̚.ʌ.jo.mot̚]
갑자기 양심이,6,[kap̚.tʃa.ki.jaŋ.sim.i],[gap̚.tʃa.gi.jaŋ.sim.i]
보렴 넌,6,[po.ɾjʌm.nʌn],[bo.ɾjʌm.nʌn]
할 수 있어요 우린,6,[hal.su.it̚.ʌ.jo.u.ɾin],[hal.su.it̚.ʌ.jo.u.ɾin]
be not so pale,6,,
보렴 정말,6,[po.ɾjʌn.tʃʌŋ.mal],[bo.ɾjʌm.dʒʌŋ.mal]
곳인가 봐요,6,[kot̚.iŋ.ka.pwa.jo],[got̚.iŋ.ka.bwa.jo]
할 수 있었기,6,[hal.su.it̚.ʌt̚.ki],[hal.su.it̚.ʌt̚.ki]
보류 중인,6,[po.ɾju.tʃuŋ.in],[bo.ɾju.dʒuŋ.in]
보류할 수,6,[po.ɾju.hal.su],[bo.ɾju.hal.su]
할 수 있었다 그,6,[hal.su.it̚.ʌt̚.ta.kɯ],[hal.su.it̚.ʌt̚.ta.gɯ]
관한 많은 것,6,[kwan.han.man.ɯŋ.kʌt̚],[gwan.han.man.ɯn.gʌt̚]
할 수 있었던 게,6,[hal.su.it̚.ʌt̚.tʌŋ.ke],[hal.su.it̚.ʌt̚.tʌn.ge]
갑자기 어디선가,6,[kap̚.tʃa.ki.ʌ.ti.sʌŋ.ka],[gap̚.tʃa.gi.ʌ.di.sʌŋ.ka]
보름 동안,6,[po.ɾɯn.toŋ.an],[bo.ɾɯm.doŋ.an]
회사 경영에,6,[hwe.sa.kjʌŋ.jʌŋ.e],[hwe.sa.gjʌŋ.jʌŋ.e]
분 정도 걸려요,6,[pun.tʃʌŋ.to.kʌl.ɾjʌ.jo],[bun.dʒʌŋ.do.gʌl.ɾjʌ.jo]
할 수 있었으면 좋겠어,6,[hal.su.it̚.ʌt̚.ɯ.mjʌn.tʃot̚.ket̚.ʌ],[hal.su.it̚.ʌt̚.ɯ.mjʌn.dʒot̚.ket̚.ʌ]
보름 안에,6,[po.ɾɯm.an.e],[bo.ɾɯm.an.e]
할 수 있었으면 좋겠어요,6,[hal.su.it̚.ʌt̚.ɯ.mjʌn.tʃot̚.ket̚.ʌ.jo],[hal.su.it̚.ʌt̚.ɯ.mjʌn.dʒot̚.ket̚.ʌ.jo]
내가 가방,6,[nɛ.ka.ka.paŋ],[nɛ.ga.ga.baŋ]
할 수 있었잖아요,6,[hal.su.it̚.ʌt̚.tʃan.a.jo],[hal.su.it̚.ʌt̚.tʃan.a.jo]
이메일을 읽고,6,[i.me.il.ɯl.ik̚.ko],[i.me.il.ɯl.ik̚.ko]
갑자기 어른이,6,[kap̚.tʃa.ki.ʌ.ɾɯn.i],[gap̚.tʃa.gi.ʌ.ɾɯn.i]
보리스 드루베츠코이 役,6,[po.ɾi.sɯ.tɯ.ɾu.pe.tʃʰɯ.kʰo.i],[bo.ɾi.sɯ.dɯ.ɾu.be.tʃʰɯ.kʰo.i]
보리스 드루베츠코이,6,[po.ɾi.sɯ.tɯ.ɾu.pe.tʃʰɯ.kʰo.i],[bo.ɾi.sɯ.dɯ.ɾu.be.tʃʰɯ.kʰo.i]
할 수 있으면 좋겠어요,6,[hal.su.it̚.ɯ.mjʌn.tʃot̚.ket̚.ʌ.jo],[hal.su.it̚.ɯ.mjʌn.dʒot̚.ket̚.ʌ.jo]
보며 그,6,[po.mjʌ.kɯ],[bo.mjʌ.gɯ]
보며 박수칠걸 아니면,6,[po.mjʌ.pak̚.su.tʃʰil.kʌl.a.ni.mjʌn],[bo.mjʌ.bak̚.su.tʃʰil.kʌl.a.ni.mjʌn]
보며 박수칠걸,6,[po.mjʌ.pak̚.su.tʃʰil.kʌl],[bo.mjʌ.bak̚.su.tʃʰil.kʌl]
내가 가봐야겠어,6,[nɛ.ka.ka.pwa.ja.ket̚.ʌ],[nɛ.ga.ga.bwa.ja.get̚.ʌ]
보며 박수칠걸 아니면 네,6,[po.mjʌ.pak̚.su.tʃʰil.kʌl.a.ni.mjʌn.ne],[bo.mjʌ.bak̚.su.tʃʰil.kʌl.a.ni.mjʌn.ne]
보며 자랐어,6,[po.mjʌ.tʃa.ɾat̚.ʌ],[bo.mjʌ.dʒa.ɾat̚.ʌ]
할 수 있을 리가,6,[hal.su.it̚.ɯl.ɾi.ka],[hal.su.it̚.ɯl.ɾi.ga]
할 수 있을 텐데,6,[hal.su.it̚.ɯl.tʰen.te],[hal.su.it̚.ɯl.tʰen.te]
할 수 있을거 같아,6,[hal.su.it̚.ɯl.kʌ.kat̚.a],[hal.su.it̚.ɯl.kʌ.gat̚.a]
내가 가서 그,6,[nɛ.ka.ka.sʌ.kɯ],[nɛ.ga.ga.sʌ.gɯ]
할 수 있을거 같은데,6,[hal.su.it̚.ɯl.kʌ.kat̚.ɯn.te],[hal.su.it̚.ɯl.kʌ.gat̚.ɯn.te]
보면 가만 안,6,[po.mjʌŋ.ka.man.an],[bo.mjʌn.ga.man.an]
내가 가서 말할게,6,[nɛ.ka.ka.sʌ.mal.hal.ke],[nɛ.ga.ga.sʌ.mal.hal.ke]
할 수 있을것 같아,6,[hal.su.it̚.ɯl.kʌt̚.kat̚.a],[hal.su.it̚.ɯl.kʌt̚.gat̚.a]
할 수 있을지 모른다,6,[hal.su.it̚.ɯl.tʃi.mo.ɾɯn.ta],[hal.su.it̚.ɯl.tʃi.mo.ɾɯn.ta]
보면 경찰에,6,[po.mjʌŋ.kjʌŋ.tʃʰal.e],[bo.mjʌn.gjʌŋ.tʃʰal.e]
곳일 것이다,6,[kot̚.il.kʌt̚.i.ta],[got̚.il.gʌt̚.i.da]
할 수 있을지 몰랐어,6,[hal.su.it̚.ɯl.tʃi.mol.ɾat̚.ʌ],[hal.su.it̚.ɯl.tʃi.mol.ɾat̚.ʌ]
내가 가서 볼게,6,[nɛ.ka.ka.sʌ.pol.ke],[nɛ.ga.ga.sʌ.bol.ke]
할 수 있을지도 모르겠다,6,[hal.su.it̚.ɯl.tʃi.to.mo.ɾɯ.ket̚.ta],[hal.su.it̚.ɯl.tʃi.do.mo.ɾɯ.get̚.ta]
할 수 있을지도요,6,[hal.su.it̚.ɯl.tʃi.to.jo],[hal.su.it̚.ɯl.tʃi.do.jo]
할 수 있잖아 그래,6,[hal.su.it̚.tʃan.a.kɯ.ɾɛ],[hal.su.it̚.tʃan.a.gɯ.ɾɛ]
할 수 있을지도 몰라요,6,[hal.su.it̚.ɯl.tʃi.to.mol.ɾa.jo],[hal.su.it̚.ɯl.tʃi.do.mol.ɾa.jo]
pull you,6,,
할 수 있죠 그리고,6,[hal.su.it̚.tʃjo.kɯ.ɾi.ko],[hal.su.it̚.tʃjo.gɯ.ɾi.go]
할 수 있지 내,6,[hal.su.it̚.tʃi.nɛ],[hal.su.it̚.tʃi.nɛ]
공 갖고,6,[koŋ.kat̚.ko],[goŋ.gat̚.ko]
갑자기 엄마가,6,[kap̚.tʃa.ki.ʌm.ma.ka],[gap̚.tʃa.gi.ʌm.ma.ga]
공 내놔,6,[koŋ.nɛ.nwa],[goŋ.nɛ.nwa]
할 수 있지만 하지만,6,[hal.su.it̚.tʃi.man.ha.tʃi.man],[hal.su.it̚.tʃi.man.ha.dʒi.man]
pulled her,6,,
pull your trigger,6,,
할 수가 없군,6,[hal.su.ka.ʌp̚.kun],[hal.su.ga.ʌp̚.kun]
할 수가 없다고요,6,[hal.su.ka.ʌp̚.ta.ko.jo],[hal.su.ga.ʌp̚.ta.go.jo]
보면 그런 게,6,[po.mjʌŋ.kɯ.ɾʌŋ.ke],[bo.mjʌn.gɯ.ɾʌn.ge]
보면 그렇죠,6,[po.mjʌŋ.kɯ.ɾʌt̚.tʃjo],[bo.mjʌn.gɯ.ɾʌt̚.tʃjo]
할 수가 없었거든요,6,[hal.su.ka.ʌp̚.ʌt̚.kʌ.tɯn.jo],[hal.su.ga.ʌp̚.ʌt̚.kʌ.dɯn.jo]
보면 그렇지만,6,[po.mjʌŋ.kɯ.ɾʌt̚.tʃi.man],[bo.mjʌn.gɯ.ɾʌt̚.tʃi.man]
내가 가야할,6,[nɛ.ka.ka.ja.hal],[nɛ.ga.ga.ja.hal]
공 던지고,6,[koŋ.tʌn.tʃi.ko],[goŋ.dʌn.tʃi.go]
갑자기 없던,6,[kap̚.tʃa.ki.ʌp̚.tʌn],[gap̚.tʃa.gi.ʌp̚.tʌn]
보면 그리고 나는,6,[po.mjʌŋ.kɯ.ɾi.ko.na.nɯn],[bo.mjʌn.gɯ.ɾi.go.na.nɯn]
할 수가 없잖아요,6,[hal.su.ka.ʌp̚.tʃan.a.jo],[hal.su.ga.ʌp̚.tʃan.a.jo]
보면 금방이라도,6,[po.mjʌŋ.kɯm.paŋ.i.ɾa.to],[bo.mjʌn.gɯm.paŋ.i.ɾa.do]
보면 금방이라도 쓰러질 것만,6,[po.mjʌŋ.kɯm.paŋ.i.ɾa.to.s͈ɯ.ɾʌ.tʃil.kʌt̚.man],[bo.mjʌn.gɯm.paŋ.i.ɾa.do.s͈ɯ.ɾʌ.dʒil.gʌt̚.man]
보면 금방이라도 쓰러질,6,[po.mjʌŋ.kɯm.paŋ.i.ɾa.to.s͈ɯ.ɾʌ.tʃil],[bo.mjʌn.gɯm.paŋ.i.ɾa.do.s͈ɯ.ɾʌ.dʒil]
할 수는 없네,6,[hal.su.nɯn.ʌp̚.ne],[hal.su.nɯn.ʌp̚.ne]
Now that''s the sound,6,,
회사 운영은,6,[hwe.sa.un.jʌŋ.ɯn],[hwe.sa.un.jʌŋ.ɯn]
보면 기뻐하실,6,[po.mjʌŋ.ki.p͈ʌ.ha.sil],[bo.mjʌn.gi.p͈ʌ.ha.sil]
보면 기분,6,[po.mjʌŋ.ki.pun],[bo.mjʌn.gi.bun]
보면 기운이,6,[po.mjʌŋ.ki.un.i],[bo.mjʌn.gi.un.i]
내가 예민하다고,6,[nɛ.ka.je.min.ha.ta.ko],[nɛ.ga.je.min.ha.da.go]
할 수는 있는,6,[hal.su.nɯn.it̚.nɯn],[hal.su.nɯn.it̚.nɯn]
할 수는 있어요,6,[hal.su.nɯn.it̚.ʌ.jo],[hal.su.nɯn.it̚.ʌ.jo]
보면 깜짝 놀랄걸,6,[po.mjʌŋ.k͈an.tʃ͈ak̚.nol.ɾal.kʌl],[bo.mjʌŋ.k͈an.tʃ͈ak̚.nol.ɾal.kʌl]
내가 가장 싫어하는,6,[nɛ.ka.ka.tʃaŋ.sil.ʌ.ha.nɯn],[nɛ.ga.ga.dʒaŋ.sil.ʌ.ha.nɯn]
내가 가장 아끼는 걸,6,[nɛ.ka.ka.tʃaŋ.a.k͈i.nɯŋ.kʌl],[nɛ.ga.ga.dʒaŋ.a.k͈i.nɯn.gʌl]
보면 나를,6,[po.mjʌn.na.ɾɯl],[bo.mjʌn.na.ɾɯl]
보면 나랑,6,[po.mjʌn.na.ɾaŋ],[bo.mjʌn.na.ɾaŋ]
공 비서의 고통스러운,6,[kom.pi.sʌ.ɯi.ko.tʰoŋ.sɯ.ɾʌ.un],[goŋ.bi.sʌ.ɯi.go.tʰoŋ.sɯ.ɾʌ.un]
할 수도 있었다,6,[hal.su.to.it̚.ʌt̚.ta],[hal.su.do.it̚.ʌt̚.ta]
할 수도 있었지만,6,[hal.su.to.it̚.ʌt̚.tʃi.man],[hal.su.do.it̚.ʌt̚.tʃi.man]
할 수도 있었을 텐데,6,[hal.su.to.it̚.ʌt̚.ɯl.tʰen.te],[hal.su.do.it̚.ʌt̚.ɯl.tʰen.te]
보면 너한테,6,[po.mjʌn.nʌ.han.tʰe],[bo.mjʌn.nʌ.han.tʰe]
할 수만 있다면 내,6,[hal.su.man.it̚.ta.mjʌn.nɛ],[hal.su.man.it̚.ta.mjʌn.nɛ]
공 비서의 고통스러운 신음,6,[kom.pi.sʌ.ɯi.ko.tʰoŋ.sɯ.ɾʌ.un.sin.ɯm],[goŋ.bi.sʌ.ɯi.go.tʰoŋ.sɯ.ɾʌ.un.sin.ɯm]
할 수밖에 없었어,6,[hal.su.pak̚.e.ʌp̚.ʌt̚.ʌ],[hal.su.bak̚.e.ʌp̚.ʌt̚.ʌ]
보면 놀라,6,[po.mjʌn.nol.ɾa],[bo.mjʌn.nol.ɾa]
보면 놀랄 거예요,6,[po.mjʌn.nol.ɾal.kʌ.je.jo],[bo.mjʌn.nol.ɾal.gʌ.je.jo]
할 수있는 것을 정말로,6,[hal.su.it̚.nɯŋ.kʌt̚.ɯl.tʃʌŋ.mal.ɾo],[hal.su.it̚.nɯn.gʌt̚.ɯl.dʒʌŋ.mal.ɾo]
할 수있는 것처럼 느껴진다,6,[hal.su.it̚.nɯŋ.kʌt̚.tʃʰʌ.ɾʌm.nɯ.k͈jʌ.tʃin.ta],[hal.su.it̚.nɯn.gʌt̚.tʃʰʌ.ɾʌm.nɯ.k͈jʌ.dʒin.ta]
할 수있는 경우,6,[hal.su.it̚.nɯŋ.kjʌŋ.u],[hal.su.it̚.nɯn.gjʌŋ.u]
be noticed,6,,
보면 다 알,6,[po.mjʌn.ta.al],[bo.mjʌn.da.al]
할 수있는 한 최대한,6,[hal.su.it̚.nɯn.han.tʃʰwe.tɛ.han],[hal.su.it̚.nɯn.han.tʃʰwe.dɛ.han]
할 수있는대로,6,[hal.su.it̚.nɯn.tɛ.ɾo],[hal.su.it̚.nɯn.tɛ.ɾo]
할 수있는건,6,[hal.su.it̚.nɯŋ.kʌn],[hal.su.it̚.nɯŋ.kʌn]
할 수있을 것,6,[hal.su.it̚.ɯl.kʌt̚],[hal.su.it̚.ɯl.gʌt̚]
보면 답이,6,[po.mjʌn.tap̚.i],[bo.mjʌn.dap̚.i]
할 순 없고,6,[hal.sun.ʌp̚.ko],[hal.sun.ʌp̚.ko]
보면 당신을,6,[po.mjʌn.taŋ.sin.ɯl],[bo.mjʌn.daŋ.sin.ɯl]
보면 당연히,6,[po.mjʌn.taŋ.jʌn.hi],[bo.mjʌn.daŋ.jʌn.hi]
pum pumpum,6,,
할 순 없어 그,6,[hal.sun.ʌp̚.ʌ.kɯ],[hal.sun.ʌp̚.ʌ.gɯ]
보면 대단한,6,[po.mjʌn.tɛ.tan.han],[bo.mjʌn.dɛ.dan.han]
할 순 없어 내가,6,[hal.sun.ʌp̚.ʌ.nɛ.ka],[hal.sun.ʌp̚.ʌ.nɛ.ga]
할 순 없을까요,6,[hal.sun.ʌp̚.ɯl.k͈a.jo],[hal.sun.ʌp̚.ɯl.k͈a.jo]
보면 돈을,6,[po.mjʌn.ton.ɯl],[bo.mjʌn.don.ɯl]
pum pum pumpum,6,,
할 순 있어,6,[hal.sun.it̚.ʌ],[hal.sun.it̚.ʌ]
회사 파티에서,6,[hwe.sa.pʰa.tʰi.e.sʌ],[hwe.sa.pʰa.tʰi.e.sʌ]
회사가 가장,6,[hwe.sa.ka.ka.tʃaŋ],[hwe.sa.ga.ga.dʒaŋ]
할 순간에,6,[hal.suŋ.kan.e],[hal.suŋ.kan.e]
공 잘,6,[koŋ.tʃal],[goŋ.dʒal]
할 시간이 없어요,6,[hal.si.kan.i.ʌp̚.ʌ.jo],[hal.si.gan.i.ʌp̚.ʌ.jo]
할 시간이네,6,[hal.si.kan.i.ne],[hal.si.gan.i.ne]
할 시간이군요,6,[hal.si.kan.i.kun.jo],[hal.si.gan.i.gun.jo]
할 시간이다 그렇게,6,[hal.si.kan.i.ta.kɯ.ɾʌt̚.ke],[hal.si.gan.i.da.gɯ.ɾʌt̚.ke]
할 시간이다 그렇게 하는,6,[hal.si.kan.i.ta.kɯ.ɾʌt̚.ke.ha.nɯn],[hal.si.gan.i.da.gɯ.ɾʌt̚.ke.ha.nɯn]
보면 된다,6,[po.mjʌn.twen.ta],[bo.mjʌn.dwen.ta]
할 아주,6,[hal.a.tʃu],[hal.a.dʒu]
내가 가져올 수,6,[nɛ.ka.ka.tʃjʌ.ol.su],[nɛ.ga.ga.dʒjʌ.ol.su]
할 얘기 있어서,6,[hal.jɛ.ki.it̚.ʌ.sʌ],[hal.jɛ.gi.it̚.ʌ.sʌ]
보면 많이,6,[po.mjʌn.man.i],[bo.mjʌn.man.i]
보면 말이다,6,[po.mjʌn.mal.i.ta],[bo.mjʌn.mal.i.da]
회사가 돈을,6,[hwe.sa.ka.ton.ɯl],[hwe.sa.ga.don.ɯl]
할 얘기가 많다,6,[hal.jɛ.ki.ka.man.ta],[hal.jɛ.gi.ga.man.ta]
내가 가져왔지,6,[nɛ.ka.ka.tʃjʌ.wat̚.tʃi],[nɛ.ga.ga.dʒjʌ.wat̚.tʃi]
pursuing a,6,,
할 얘기가 많지,6,[hal.jɛ.ki.ka.man.tʃi],[hal.jɛ.gi.ga.man.tʃi]
보면 말입니다,6,[po.mjʌn.mal.ip̚.ni.ta],[bo.mjʌn.mal.ip̚.ni.da]
할 얘기가 뭔데,6,[hal.jɛ.ki.ka.mwʌn.te],[hal.jɛ.gi.ga.mwʌn.te]
분 혹시,6,[pun.hok̚.si],[bun.hok̚.si]
pursuing a little,6,,
할 얘기가 있거든요,6,[hal.jɛ.ki.ka.it̚.kʌ.tɯn.jo],[hal.jɛ.gi.ga.it̚.kʌ.dɯn.jo]
할 얘기가 있다고요,6,[hal.jɛ.ki.ka.it̚.ta.ko.jo],[hal.jɛ.gi.ga.it̚.ta.go.jo]
회사가 더,6,[hwe.sa.ka.tʌ],[hwe.sa.ga.dʌ]
할 얘기가 있대요,6,[hal.jɛ.ki.ka.it̚.tɛ.jo],[hal.jɛ.gi.ga.it̚.tɛ.jo]
할 얘기가 있어 무슨,6,[hal.jɛ.ki.ka.it̚.ʌ.mu.sɯn],[hal.jɛ.gi.ga.it̚.ʌ.mu.sɯn]
내가 가족에게,6,[nɛ.ka.ka.tʃok̚.e.ke],[nɛ.ga.ga.dʒok̚.e.ge]
할 얘기가 있어 뭔데,6,[hal.jɛ.ki.ka.it̚.ʌ.mwʌn.te],[hal.jɛ.gi.ga.it̚.ʌ.mwʌn.te]
Did you tell,6,,
할 얘기가 있으면,6,[hal.jɛ.ki.ka.it̚.ɯ.mjʌn],[hal.jɛ.gi.ga.it̚.ɯ.mjʌn]
갑자기 왜 그러는데,6,[kap̚.tʃa.ki.wɛ.kɯ.ɾʌ.nɯn.te],[gap̚.tʃa.gi.wɛ.gɯ.ɾʌ.nɯn.te]
pursuing a little lost,6,,
보면 뭔가 생각날 것이다,6,[po.mjʌn.mwʌŋ.ka.sɛŋ.kak̚.nal.kʌt̚.i.ta],[bo.mjʌn.mwʌŋ.ka.sɛŋ.gak̚.nal.gʌt̚.i.da]
내가 가지 이,6,[nɛ.ka.ka.tʃi.i],[nɛ.ga.ga.dʒi.i]
할 엄청난,6,[hal.ʌn.tʃʰʌŋ.nan],[hal.ʌn.tʃʰʌŋ.nan]
할 어떤,6,[hal.ʌ.t͈ʌn],[hal.ʌ.t͈ʌn]
할 여유도,6,[hal.jʌ.ju.to],[hal.jʌ.ju.do]
할 여지가 없다,6,[hal.jʌ.tʃi.ka.ʌp̚.ta],[hal.jʌ.dʒi.ga.ʌp̚.ta]
보면 미확인범은,6,[po.mjʌn.mi.hwak̚.im.pʌm.ɯn],[bo.mjʌn.mi.hwak̚.im.pʌm.ɯn]
할 여지없이,6,[hal.jʌ.tʃi.ʌp̚.i],[hal.jʌ.dʒi.ʌp̚.i]
보면 믿을,6,[po.mjʌn.mit̚.ɯl],[bo.mjʌn.mit̚.ɯl]
회사는 지금,6,[hwe.sa.nɯn.tʃi.kɯm],[hwe.sa.nɯn.dʒi.gɯm]
할 예정이었다,6,[hal.je.tʃʌŋ.i.ʌt̚.ta],[hal.je.dʒʌŋ.i.ʌt̚.ta]
보면 반가울,6,[po.mjʌm.paŋ.ka.ul],[bo.mjʌn.baŋ.ka.ul]
할 완벽한,6,[hal.wam.pjʌk̚.han],[hal.wam.pjʌk̚.han]
할 운명이,6,[hal.un.mjʌŋ.i],[hal.un.mjʌŋ.i]
보면 볼,6,[po.mjʌm.pol],[bo.mjʌn.bol]
보면 보통,6,[po.mjʌm.po.tʰoŋ],[bo.mjʌn.bo.tʰoŋ]
회사는 이미,6,[hwe.sa.nɯn.i.mi],[hwe.sa.nɯn.i.mi]
할 의도는 없었어요,6,[hal.ɯi.to.nɯn.ʌp̚.ʌt̚.ʌ.jo],[hal.ɯi.do.nɯn.ʌp̚.ʌt̚.ʌ.jo]
보면 사람들,6,[po.mjʌn.sa.ɾan.tɯl],[bo.mjʌn.sa.ɾan.tɯl]
할 의무가 있다는,6,[hal.ɯi.mu.ka.it̚.ta.nɯn],[hal.ɯi.mu.ga.it̚.ta.nɯn]
내가 가지고 있는 것이,6,[nɛ.ka.ka.tʃi.ko.it̚.nɯŋ.kʌt̚.i],[nɛ.ga.ga.dʒi.go.it̚.nɯn.gʌt̚.i]
할 의무가 있어,6,[hal.ɯi.mu.ka.it̚.ʌ],[hal.ɯi.mu.ga.it̚.ʌ]
할 의지가,6,[hal.ɯi.tʃi.ka],[hal.ɯi.dʒi.ga]
보면 사실,6,[po.mjʌn.sa.sil],[bo.mjʌn.sa.sil]
공간 많잖아,6,[koŋ.kan.man.tʃan.a],[goŋ.gan.man.tʃan.a]
회사를 계속,6,[hwe.sa.ɾɯl.kje.sok̚],[hwe.sa.ɾɯl.gje.sok̚]
할 이유가 없다고,6,[hal.i.ju.ka.ʌp̚.ta.ko],[hal.i.ju.ga.ʌp̚.ta.go]
보면 쉽게,6,[po.mjʌn.swip̚.ke],[bo.mjʌn.swip̚.ke]
회사로 돌아가서,6,[hwe.sa.ɾo.tol.a.ka.sʌ],[hwe.sa.ɾo.dol.a.ga.sʌ]
할 이유가 없죠,6,[hal.i.ju.ka.ʌp̚.tʃjo],[hal.i.ju.ga.ʌp̚.tʃjo]
be okay with,6,,
분 후에 난,6,[pun.hu.e.nan],[bun.hu.e.nan]
할 이유는 없죠,6,[hal.i.ju.nɯn.ʌp̚.tʃjo],[hal.i.ju.nɯn.ʌp̚.tʃjo]
할 일 내가,6,[hal.il.lɛ.ka],[hal.il.lɛ.ga]
보면 아빠가,6,[po.mjʌn.a.p͈a.ka],[bo.mjʌn.a.p͈a.ga]
할 일 많아요,6,[hal.il.man.a.jo],[hal.il.man.a.jo]
내가 가지러,6,[nɛ.ka.ka.tʃi.ɾʌ],[nɛ.ga.ga.dʒi.ɾʌ]
be old,6,,
할 일 아닌가요,6,[hal.il.a.niŋ.ka.jo],[hal.il.a.niŋ.ka.jo]
갑자기 왜 이러세요,6,[kap̚.tʃa.ki.wɛ.i.ɾʌ.se.jo],[gap̚.tʃa.gi.wɛ.i.ɾʌ.se.jo]
할 일 없으니까,6,[hal.il.ʌp̚.ɯ.ni.k͈a],[hal.il.ʌp̚.ɯ.ni.k͈a]
할 일 없을,6,[hal.il.ʌp̚.ɯl],[hal.il.ʌp̚.ɯl]
내가 가진 거라곤,6,[nɛ.ka.ka.tʃiŋ.kʌ.ɾa.kon],[nɛ.ga.ga.dʒin.gʌ.ɾa.gon]
보면 안 되나,6,[po.mjʌn.an.twe.na],[bo.mjʌn.an.dwe.na]
할 일 하게,6,[hal.il.ha.ke],[hal.il.ha.ge]
보면 안 되는 거였는데,6,[po.mjʌn.an.twe.nɯŋ.kʌ.jʌt̚.nɯn.te],[bo.mjʌn.an.dwe.nɯn.gʌ.jʌt̚.nɯn.te]
보면 안 되니까,6,[po.mjʌn.an.twe.ni.k͈a],[bo.mjʌn.an.dwe.ni.k͈a]
보면 안 되죠,6,[po.mjʌn.an.twe.tʃjo],[bo.mjʌn.an.dwe.dʒjo]
할 일도 없으니까,6,[hal.il.to.ʌp̚.ɯ.ni.k͈a],[hal.il.to.ʌp̚.ɯ.ni.k͈a]
I do what I,6,,
할 일만 하고,6,[hal.il.man.ha.ko],[hal.il.man.ha.go]
갑자기 왜그래,6,[kap̚.tʃa.ki.wɛ.kɯ.ɾɛ],[gap̚.tʃa.gi.wɛ.gɯ.ɾɛ]
할 일은 그냥,6,[hal.il.ɯŋ.kɯ.njaŋ],[hal.il.ɯn.gɯ.njaŋ]
할 일은 끝난,6,[hal.il.ɯŋ.k͈ɯt̚.nan],[hal.il.ɯŋ.k͈ɯt̚.nan]
보면 안돼 난 칠,6,[po.mjʌn.an.twɛ.nan.tʃʰil],[bo.mjʌn.an.twɛ.nan.tʃʰil]
보면 안돼 난,6,[po.mjʌn.an.twɛ.nan],[bo.mjʌn.an.twɛ.nan]
보면 안됩니다,6,[po.mjʌn.an.twep̚.ni.ta],[bo.mjʌn.an.twep̚.ni.da]
할 일은 더,6,[hal.il.ɯn.tʌ],[hal.il.ɯn.dʌ]
보면 알 거 아니야,6,[po.mjʌn.al.kʌ.a.ni.ja],[bo.mjʌn.al.gʌ.a.ni.ja]
할 일은 뭐야,6,[hal.il.ɯn.mwʌ.ja],[hal.il.ɯn.mwʌ.ja]
공간도 있고,6,[koŋ.kan.to.it̚.ko],[goŋ.gan.to.it̚.ko]
회사에 도움이,6,[hwe.sa.e.to.um.i],[hwe.sa.e.do.um.i]
할 일은 살아남아서 지구와,6,[hal.il.ɯn.sal.a.nam.a.sʌ.tʃi.ku.wa],[hal.il.ɯn.sal.a.nam.a.sʌ.dʒi.gu.wa]
할 일은 살아남아서,6,[hal.il.ɯn.sal.a.nam.a.sʌ],[hal.il.ɯn.sal.a.nam.a.sʌ]
내가 가진 전부다,6,[nɛ.ka.ka.tʃin.tʃʌm.pu.ta],[nɛ.ga.ga.dʒin.dʒʌm.pu.da]
내가 오래전에,6,[nɛ.ka.o.ɾɛ.tʃʌn.e],[nɛ.ga.o.ɾɛ.dʒʌn.e]
할 일은 아니지,6,[hal.il.ɯn.a.ni.tʃi],[hal.il.ɯn.a.ni.dʒi]
할 일은 없다,6,[hal.il.ɯn.ʌp̚.ta],[hal.il.ɯn.ʌp̚.ta]
할 일은 아무것도,6,[hal.il.ɯn.a.mu.kʌt̚.to],[hal.il.ɯn.a.mu.gʌt̚.to]
할 일은 우리가,6,[hal.il.ɯn.u.ɾi.ka],[hal.il.ɯn.u.ɾi.ga]
내가 가진 전부예요,6,[nɛ.ka.ka.tʃin.tʃʌm.pu.je.jo],[nɛ.ga.ga.dʒin.dʒʌm.pu.je.jo]
내가 가진 전부입니다,6,[nɛ.ka.ka.tʃin.tʃʌm.pu.ip̚.ni.ta],[nɛ.ga.ga.dʒin.dʒʌm.pu.ip̚.ni.da]
할 일은 하나밖에,6,[hal.il.ɯn.ha.na.pak̚.e],[hal.il.ɯn.ha.na.bak̚.e]
할 일은하지 마,6,[hal.il.ɯn.ha.tʃi.ma],[hal.il.ɯn.ha.dʒi.ma]
할 일은하지,6,[hal.il.ɯn.ha.tʃi],[hal.il.ɯn.ha.dʒi]
보면 알거든,6,[po.mjʌn.al.kʌ.tɯn],[bo.mjʌn.al.kʌ.dɯn]
갑자기 울기,6,[kap̚.tʃa.ki.ul.ki],[gap̚.tʃa.gi.ul.ki]
회사에 좋은,6,[hwe.sa.e.tʃot̚.ɯn],[hwe.sa.e.dʒot̚.ɯn]
할 일을 알겠어,6,[hal.il.ɯl.al.ket̚.ʌ],[hal.il.ɯl.al.ket̚.ʌ]
할 일을 제대로,6,[hal.il.ɯl.tʃe.tɛ.ɾo],[hal.il.ɯl.dʒe.dɛ.ɾo]
할 일을 알게,6,[hal.il.ɯl.al.ke],[hal.il.ɯl.al.ke]
할 일을 하고 있어,6,[hal.il.ɯl.ha.ko.it̚.ʌ],[hal.il.ɯl.ha.go.it̚.ʌ]
할 일을 하도록,6,[hal.il.ɯl.ha.to.ɾok̚],[hal.il.ɯl.ha.do.ɾok̚]
할 일을 하자고,6,[hal.il.ɯl.ha.tʃa.ko],[hal.il.ɯl.ha.dʒa.go]
할 일을 하죠,6,[hal.il.ɯl.ha.tʃjo],[hal.il.ɯl.ha.dʒjo]
할 일을 하면서,6,[hal.il.ɯl.ha.mjʌn.sʌ],[hal.il.ɯl.ha.mjʌn.sʌ]
할 일을 한거야,6,[hal.il.ɯl.haŋ.kʌ.ja],[hal.il.ɯl.haŋ.kʌ.ja]
보면 어느 순간,6,[po.mjʌn.ʌ.nɯ.suŋ.kan],[bo.mjʌn.ʌ.nɯ.suŋ.kan]
내가 간다고 전해,6,[nɛ.ka.kan.ta.ko.tʃʌn.hɛ],[nɛ.ga.gan.ta.go.dʒʌn.hɛ]
할 일을 할 뿐입니다,6,[hal.il.ɯl.hal.p͈un.ip̚.ni.ta],[hal.il.ɯl.hal.p͈un.ip̚.ni.da]
내가 간다고 전해줘,6,[nɛ.ka.kan.ta.ko.tʃʌn.hɛ.tʃwʌ],[nɛ.ga.gan.ta.go.dʒʌn.hɛ.dʒwʌ]
할 일을 했습니다,6,[hal.il.ɯl.hɛt̚.sɯp̚.ni.ta],[hal.il.ɯl.hɛt̚.sɯp̚.ni.da]
내가 간다니까,6,[nɛ.ka.kan.ta.ni.k͈a],[nɛ.ga.gan.ta.ni.k͈a]
내가 간다는,6,[nɛ.ka.kan.ta.nɯn],[nɛ.ga.gan.ta.nɯn]
할 일을 했으니,6,[hal.il.ɯl.hɛt̚.ɯ.ni],[hal.il.ɯl.hɛt̚.ɯ.ni]
회사에서 일,6,[hwe.sa.e.sʌ.il],[hwe.sa.e.sʌ.il]
할 일이 남아서요,6,[hal.il.i.nam.a.sʌ.jo],[hal.il.i.nam.a.sʌ.jo]
분간 안,6,[puŋ.kan.an],[buŋ.kan.an]
할 일이 너무 많다,6,[hal.il.i.nʌ.mu.man.ta],[hal.il.i.nʌ.mu.man.ta]
Now they''re,6,,
보면 언제,6,[po.mjʌn.ʌn.tʃe],[bo.mjʌn.ʌn.tʃe]
할 일이 두,6,[hal.il.i.tu],[hal.il.i.du]
할 일이 더 좋다,6,[hal.il.i.tʌ.tʃot̚.ta],[hal.il.i.dʌ.dʒot̚.ta]
공간을 만드는,6,[koŋ.kan.ɯl.man.tɯ.nɯn],[goŋ.gan.ɯl.man.tɯ.nɯn]
보면 엄마,6,[po.mjʌn.ʌm.ma],[bo.mjʌn.ʌm.ma]
할 일이 많다고요,6,[hal.il.i.man.ta.ko.jo],[hal.il.i.man.ta.go.jo]
할 일이 많네요,6,[hal.il.i.man.ne.jo],[hal.il.i.man.ne.jo]
보면 여자,6,[po.mjʌn.jʌ.tʃa],[bo.mjʌn.jʌ.dʒa]
할 일이 산더미처럼,6,[hal.il.i.san.tʌ.mi.tʃʰʌ.ɾʌm],[hal.il.i.san.tʌ.mi.tʃʰʌ.ɾʌm]
회사의 그,6,[hwe.sa.ɯi.kɯ],[hwe.sa.ɯi.gɯ]
할 일이 아주 많아요,6,[hal.il.i.a.tʃu.man.a.jo],[hal.il.i.a.dʒu.man.a.jo]
보면 이런 생각이,6,[po.mjʌn.i.ɾʌn.sɛŋ.kak̚.i],[bo.mjʌn.i.ɾʌn.sɛŋ.gak̚.i]
할 일이 있나,6,[hal.il.i.it̚.na],[hal.il.i.it̚.na]
회사의 전,6,[hwe.sa.ɯi.tʃʌn],[hwe.sa.ɯi.dʒʌn]
할 일이 있단,6,[hal.il.i.it̚.tan],[hal.il.i.it̚.tan]
put an,6,,
내가 갈게 넌,6,[nɛ.ka.kal.ke.nʌn],[nɛ.ga.gal.ke.nʌn]
관한 소식을,6,[kwan.han.so.sik̚.ɯl],[gwan.han.so.sik̚.ɯl]
보면 자꾸,6,[po.mjʌn.tʃa.k͈u],[bo.mjʌn.dʒa.k͈u]
보면 자연스럽게,6,[po.mjʌn.tʃa.jʌn.sɯ.ɾʌp̚.ke],[bo.mjʌn.dʒa.jʌn.sɯ.ɾʌp̚.ke]
회색 후드티를 입고 안에는,6,[hwe.sɛk̚.hu.tɯ.tʰi.ɾɯl.ip̚.ko.an.e.nɯn],[hwe.sɛk̚.hu.dɯ.tʰi.ɾɯl.ip̚.ko.an.e.nɯn]
보면 작은,6,[po.mjʌn.tʃak̚.ɯn],[bo.mjʌn.dʒak̚.ɯn]
회수 한,6,[hwe.su.han],[hwe.su.han]
회수 요원,6,[hwe.su.jo.wʌn],[hwe.su.jo.wʌn]
회수 한 Ultron,6,[hwe.su.han],[hwe.su.han]
회수 한 Ultron 보조,6,[hwe.su.ham.po.tʃo],[hwe.su.han.bo.dʒo]
보면 저는,6,[po.mjʌn.tʃʌ.nɯn],[bo.mjʌn.dʒʌ.nɯn]
할 일이 참,6,[hal.il.i.tʃʰam],[hal.il.i.tʃʰam]
내가 갈게요 안,6,[nɛ.ka.kal.ke.jo.an],[nɛ.ga.gal.ke.jo.an]
할 일이 태산이에요,6,[hal.il.i.tʰɛ.san.i.e.jo],[hal.il.i.tʰɛ.san.i.e.jo]
내가 갈게요 안 돼,6,[nɛ.ka.kal.ke.jo.an.twɛ],[nɛ.ga.gal.ke.jo.an.dwɛ]
회수할 수 있어,6,[hwe.su.hal.su.it̚.ʌ],[hwe.su.hal.su.it̚.ʌ]
할 일이니,6,[hal.il.i.ni],[hal.il.i.ni]
할 일이네,6,[hal.il.i.ne],[hal.il.i.ne]
할 일이라곤,6,[hal.il.i.ɾa.kon],[hal.il.i.ɾa.gon]
할 일이라고요,6,[hal.il.i.ɾa.ko.jo],[hal.il.i.ɾa.go.jo]
분노는 더,6,[pun.no.nɯn.tʌ],[bun.no.nɯn.dʌ]
공간이 없습니다,6,[koŋ.kan.i.ʌp̚.sɯp̚.ni.ta],[goŋ.gan.i.ʌp̚.sɯp̚.ni.da]
분노는 사라진다,6,[pun.no.nɯn.sa.ɾa.tʃin.ta],[bun.no.nɯn.sa.ɾa.dʒin.ta]
할 일이있다,6,[hal.il.i.it̚.ta],[hal.il.i.it̚.ta]
할 일이예요,6,[hal.il.i.je.jo],[hal.il.i.je.jo]
회에 걸쳐,6,[hwe.e.kʌl.tʃʰjʌ],[hwe.e.gʌl.tʃʰjʌ]
보면 좋을 것,6,[po.mjʌn.tʃot̚.ɯl.kʌt̚],[bo.mjʌn.dʒot̚.ɯl.gʌt̚]
내가 감당하기엔,6,[nɛ.ka.kan.taŋ.ha.ki.en],[nɛ.ga.gan.taŋ.ha.gi.en]
내가 감당 못,6,[nɛ.ka.kan.taŋ.mot̚],[nɛ.ga.gan.taŋ.mot̚]
할 일처럼,6,[hal.il.tʃʰʌ.ɾʌm],[hal.il.tʃʰʌ.ɾʌm]
보면 죽일,6,[po.mjʌn.tʃuk̚.il],[bo.mjʌn.dʒuk̚.il]
내가 감당할 수 있을,6,[nɛ.ka.kan.taŋ.hal.su.it̚.ɯl],[nɛ.ga.gan.taŋ.hal.su.it̚.ɯl]
회원 명단,6,[hwe.wʌn.mjʌŋ.tan],[hwe.wʌn.mjʌŋ.dan]
회원 중,6,[hwe.wʌn.tʃuŋ],[hwe.wʌn.dʒuŋ]
보면 지금,6,[po.mjʌn.tʃi.kɯm],[bo.mjʌn.dʒi.gɯm]
할 자신 있어,6,[hal.tʃa.sin.it̚.ʌ],[hal.dʒa.sin.it̚.ʌ]
할 자는,6,[hal.tʃa.nɯn],[hal.dʒa.nɯn]
할 작정이다,6,[hal.tʃak̚.tʃʌŋ.i.ta],[hal.dʒak̚.tʃʌŋ.i.da]
할 작정인가,6,[hal.tʃak̚.tʃʌŋ.iŋ.ka],[hal.dʒak̚.tʃʌŋ.iŋ.ka]
할 적절한,6,[hal.tʃʌk̚.tʃʌl.han],[hal.dʒʌk̚.tʃʌl.han]
내가 감당할 수 있을지,6,[nɛ.ka.kan.taŋ.hal.su.it̚.ɯl.tʃi],[nɛ.ga.gan.taŋ.hal.su.it̚.ɯl.tʃi]
보면 피해자는,6,[po.mjʌm.pʰi.hɛ.tʃa.nɯn],[bo.mjʌm.pʰi.hɛ.dʒa.nɯn]
갑자기 이리,6,[kap̚.tʃa.ki.i.ɾi],[gap̚.tʃa.gi.i.ɾi]
할 정보가,6,[hal.tʃʌm.po.ka],[hal.dʒʌŋ.bo.ga]
공간이 있는지,6,[koŋ.kan.i.it̚.nɯn.tʃi],[goŋ.gan.i.it̚.nɯn.tʃi]
분노는 이해해 세르,6,[pun.no.nɯn.i.hɛ.hɛ.se.ɾɯ],[bun.no.nɯn.i.hɛ.hɛ.se.ɾɯ]
할 준비 됐어,6,[hal.tʃum.pi.twɛt̚.ʌ],[hal.dʒum.pi.dwɛt̚.ʌ]
보면 확실히,6,[po.mjʌn.hwak̚.sil.hi],[bo.mjʌn.hwak̚.sil.hi]
내가 감사해야,6,[nɛ.ka.kam.sa.hɛ.ja],[nɛ.ga.gam.sa.hɛ.ja]
갑자기 이상하게,6,[kap̚.tʃa.ki.i.saŋ.ha.ke],[gap̚.tʃa.gi.i.saŋ.ha.ge]
할 준비가 안 됐어요,6,[hal.tʃum.pi.ka.an.twɛt̚.ʌ.jo],[hal.dʒum.pi.ga.an.dwɛt̚.ʌ.jo]
할 준비가되어,6,[hal.tʃum.pi.ka.twe.ʌ],[hal.dʒum.pi.ga.dwe.ʌ]
보면서 그냥,6,[po.mjʌn.sʌ.kɯ.njaŋ],[bo.mjʌn.sʌ.gɯ.njaŋ]
보면서 나도,6,[po.mjʌn.sʌ.na.to],[bo.mjʌn.sʌ.na.do]
보면서 난,6,[po.mjʌn.sʌ.nan],[bo.mjʌn.sʌ.nan]
회의 있는,6,[hwe.ɯi.it̚.nɯn],[hwe.ɯi.it̚.nɯn]
내가 감옥에 갈,6,[nɛ.ka.kam.ok̚.e.kal],[nɛ.ga.gam.ok̚.e.gal]
갑자기 이성을,6,[kap̚.tʃa.ki.i.sʌŋ.ɯl],[gap̚.tʃa.gi.i.sʌŋ.ɯl]
회의 잘,6,[hwe.ɯi.tʃal],[hwe.ɯi.dʒal]
할 줄 아네요,6,[hal.tʃul.a.ne.jo],[hal.dʒul.a.ne.jo]
내가 감옥에 있을 때,6,[nɛ.ka.kam.ok̚.e.it̚.ɯl.t͈ɛ],[nɛ.ga.gam.ok̚.e.it̚.ɯl.t͈ɛ]
내가 감옥을,6,[nɛ.ka.kam.ok̚.ɯl],[nɛ.ga.gam.ok̚.ɯl]
갑자기 이해가,6,[kap̚.tʃa.ki.i.hɛ.ka],[gap̚.tʃa.gi.i.hɛ.ga]
보면서 이런,6,[po.mjʌn.sʌ.i.ɾʌn],[bo.mjʌn.sʌ.i.ɾʌn]
할 줄 알거든,6,[hal.tʃul.al.kʌ.tɯn],[hal.dʒul.al.kʌ.dɯn]
내가 감정,6,[nɛ.ka.kan.tʃʌŋ],[nɛ.ga.gan.tʃʌŋ]
할 줄 알고요,6,[hal.tʃul.al.ko.jo],[hal.dʒul.al.ko.jo]
보면서 하는,6,[po.mjʌn.sʌ.ha.nɯn],[bo.mjʌn.sʌ.ha.nɯn]
내가 감정이,6,[nɛ.ka.kan.tʃʌŋ.i],[nɛ.ga.gan.tʃʌŋ.i]
보면서 혼자,6,[po.mjʌn.sʌ.hon.tʃa],[bo.mjʌn.sʌ.hon.tʃa]
할 줄 알았으면,6,[hal.tʃul.al.at̚.ɯ.mjʌn],[hal.dʒul.al.at̚.ɯ.mjʌn]
공간이라는 개념만큼이나,6,[koŋ.kan.i.ɾa.nɯŋ.kɛ.njʌm.maŋ.kʰɯm.i.na],[goŋ.gan.i.ɾa.nɯn.gɛ.njʌm.maŋ.kʰɯm.i.na]
이미 말 했잖아,6,[i.mi.mal.hɛt̚.tʃan.a],[i.mi.mal.hɛt̚.tʃan.a]
내가 갑자기 나타나서,6,[nɛ.ka.kap̚.tʃa.ki.na.tʰa.na.sʌ],[nɛ.ga.gap̚.tʃa.gi.na.tʰa.na.sʌ]
보물 지도네요,6,[po.mul.tʃi.to.ne.jo],[bo.mul.dʒi.do.ne.jo]
공간이라는 개념만큼이나 괴상할 테니까,6,[koŋ.kan.i.ɾa.nɯŋ.kɛ.njʌm.maŋ.kʰɯm.i.na.kwe.saŋ.hal.tʰe.ni.k͈a],[goŋ.gan.i.ɾa.nɯn.gɛ.njʌm.maŋ.kʰɯm.i.na.gwe.saŋ.hal.tʰe.ni.k͈a]
할 지 몰랐어,6,[hal.tʃi.mol.ɾat̚.ʌ],[hal.dʒi.mol.ɾat̚.ʌ]
보물 찾으러,6,[po.mul.tʃʰat̚.ɯ.ɾʌ],[bo.mul.tʃʰat̚.ɯ.ɾʌ]
할 지 알아,6,[hal.tʃi.al.a],[hal.dʒi.al.a]
할 질문을,6,[hal.tʃil.mun.ɯl],[hal.dʒil.mun.ɯl]
할 짐이,6,[hal.tʃim.i],[hal.dʒim.i]
공간이라는 개념만큼이나 괴상할,6,[koŋ.kan.i.ɾa.nɯŋ.kɛ.njʌm.maŋ.kʰɯm.i.na.kwe.saŋ.hal],[goŋ.gan.i.ɾa.nɯn.gɛ.njʌm.maŋ.kʰɯm.i.na.gwe.saŋ.hal]
보물을 찾아,6,[po.mul.ɯl.tʃʰat̚.a],[bo.mul.ɯl.tʃʰat̚.a]
할 짓이 아니야,6,[hal.tʃit̚.i.a.ni.ja],[hal.dʒit̚.i.a.ni.ja]
갑자기 자기,6,[kap̚.tʃa.ki.tʃa.ki],[gap̚.tʃa.gi.dʒa.gi]
보바 펫,6,[po.pa.pʰet̚],[bo.ba.pʰet̚]
내가 강해지는,6,[nɛ.ka.kaŋ.hɛ.tʃi.nɯn],[nɛ.ga.gaŋ.hɛ.dʒi.nɯn]
내가 갖게,6,[nɛ.ka.kat̚.ke],[nɛ.ga.gat̚.ke]
할 충분한,6,[hal.tʃʰum.pun.han],[hal.tʃʰuŋ.bun.han]
할 최고의,6,[hal.tʃʰwe.ko.ɯi],[hal.tʃʰwe.go.ɯi]
내가 갖겠다,6,[nɛ.ka.kat̚.ket̚.ta],[nɛ.ga.gat̚.ket̚.ta]
할 터인데,6,[hal.tʰʌ.in.te],[hal.tʰʌ.in.te]
할 테냐,6,[hal.tʰe.nja],[hal.tʰe.nja]
보비 딘,6,[po.pi.tin],[bo.bi.din]
보비 딘이,6,[po.pi.tin.i],[bo.bi.din.i]
할 테니까 걱정,6,[hal.tʰe.ni.k͈a.kʌk̚.tʃʌŋ],[hal.tʰe.ni.k͈a.gʌk̚.tʃʌŋ]
보비 아저씨,6,[po.pi.a.tʃʌ.s͈i],[bo.bi.a.dʒʌ.s͈i]
put in a,6,,
분노하고 있습니다,6,[pun.no.ha.ko.it̚.sɯp̚.ni.ta],[bun.no.ha.go.it̚.sɯp̚.ni.da]
내가 갖고 있던,6,[nɛ.ka.kat̚.ko.it̚.tʌn],[nɛ.ga.gat̚.ko.it̚.tʌn]
회의를 소집했다,6,[hwe.ɯi.ɾɯl.so.tʃip̚.hɛt̚.ta],[hwe.ɯi.ɾɯl.so.dʒip̚.hɛt̚.ta]
할 테다,6,[hal.tʰe.ta],[hal.tʰe.da]
할 텐데 그럼,6,[hal.tʰen.te.kɯ.ɾʌm],[hal.tʰen.te.gɯ.ɾʌm]
보살펴 주셔서,6,[po.sal.pʰjʌ.tʃu.sjʌ.sʌ],[bo.sal.pʰjʌ.dʒu.sjʌ.sʌ]
할 텐데 네,6,[hal.tʰen.te.ne],[hal.tʰen.te.ne]
갑자기 전부,6,[kap̚.tʃa.ki.tʃʌm.pu],[gap̚.tʃa.gi.dʒʌm.pu]
할 텐데 말입니다,6,[hal.tʰen.te.mal.ip̚.ni.ta],[hal.tʰen.te.mal.ip̚.ni.da]
할 텐데 이제,6,[hal.tʰen.te.i.tʃe],[hal.tʰen.te.i.dʒe]
보살펴 줄 수,6,[po.sal.pʰjʌ.tʃul.su],[bo.sal.pʰjʌ.dʒul.su]
할 텐데 젠장,6,[hal.tʰen.te.tʃen.tʃaŋ],[hal.tʰen.te.dʒen.tʃaŋ]
보살펴 줄 거야,6,[po.sal.pʰjʌ.tʃul.kʌ.ja],[bo.sal.pʰjʌ.dʒul.gʌ.ja]
할 텐데요 제가,6,[hal.tʰen.te.jo.tʃe.ka],[hal.tʰen.te.jo.dʒe.ga]
내가 갖다 줄게요,6,[nɛ.ka.kat̚.ta.tʃul.ke.jo],[nɛ.ga.gat̚.ta.dʒul.ke.jo]
보살펴야 할,6,[po.sal.pʰjʌ.ja.hal],[bo.sal.pʰjʌ.ja.hal]
보살펴 줬어요,6,[po.sal.pʰjʌ.tʃwʌt̚.ʌ.jo],[bo.sal.pʰjʌ.dʒwʌt̚.ʌ.jo]
공감할 수 있다,6,[koŋ.kam.hal.su.it̚.ta],[goŋ.gam.hal.su.it̚.ta]
할 필요 없네,6,[hal.pʰil.jo.ʌp̚.ne],[hal.pʰil.jo.ʌp̚.ne]
할 필요 없습니다,6,[hal.pʰil.jo.ʌp̚.sɯp̚.ni.ta],[hal.pʰil.jo.ʌp̚.sɯp̚.ni.da]
보살펴줘서 고마워,6,[po.sal.pʰjʌ.tʃwʌ.sʌ.ko.ma.wʌ],[bo.sal.pʰjʌ.dʒwʌ.sʌ.go.ma.wʌ]
할 필요 없을,6,[hal.pʰil.jo.ʌp̚.ɯl],[hal.pʰil.jo.ʌp̚.ɯl]
보살피는 게,6,[po.sal.pʰi.nɯŋ.ke],[bo.sal.pʰi.nɯn.ge]
할 필요 없잖아요,6,[hal.pʰil.jo.ʌp̚.tʃan.a.jo],[hal.pʰil.jo.ʌp̚.tʃan.a.jo]
할 필요가 없었습니다,6,[hal.pʰil.jo.ka.ʌp̚.ʌt̚.sɯp̚.ni.ta],[hal.pʰil.jo.ga.ʌp̚.ʌt̚.sɯp̚.ni.da]
보상 같은,6,[po.saŋ.kat̚.ɯn],[bo.saŋ.gat̚.ɯn]
할 필요가 없지,6,[hal.pʰil.jo.ka.ʌp̚.tʃi],[hal.pʰil.jo.ga.ʌp̚.tʃi]
보상받을 거야,6,[po.sam.pat̚.ɯl.kʌ.ja],[bo.saŋ.bat̚.ɯl.gʌ.ja]
보상은 바로 주어지지,6,[po.saŋ.ɯm.pa.ɾo.tʃu.ʌ.tʃi.tʃi],[bo.saŋ.ɯn.ba.ɾo.dʒu.ʌ.dʒi.dʒi]
보상은 바로,6,[po.saŋ.ɯm.pa.ɾo],[bo.saŋ.ɯn.ba.ɾo]
보상은 바로 주어지지 않아,6,[po.saŋ.ɯm.pa.ɾo.tʃu.ʌ.tʃi.tʃi.an.a],[bo.saŋ.ɯn.ba.ɾo.dʒu.ʌ.dʒi.dʒi.an.a]
할 필요가 있죠,6,[hal.pʰil.jo.ka.it̚.tʃjo],[hal.pʰil.jo.ga.it̚.tʃjo]
보상을 기대했구만,6,[po.saŋ.ɯl.ki.tɛ.hɛt̚.ku.man],[bo.saŋ.ɯl.gi.dɛ.hɛt̚.ku.man]
보상을 기대했구만 시타델에서,6,[po.saŋ.ɯl.ki.tɛ.hɛt̚.ku.man.si.tʰa.tel.e.sʌ],[bo.saŋ.ɯl.gi.dɛ.hɛt̚.ku.man.si.tʰa.del.e.sʌ]
보상을 기대했구만 시타델에서 보상은,6,[po.saŋ.ɯl.ki.tɛ.hɛt̚.ku.man.si.tʰa.tel.e.sʌ.po.saŋ.ɯn],[bo.saŋ.ɯl.gi.dɛ.hɛt̚.ku.man.si.tʰa.del.e.sʌ.bo.saŋ.ɯn]
이미 뭘,6,[i.mi.mwʌl],[i.mi.mwʌl]
이미 밖에,6,[i.mi.pak̚.e],[i.mi.bak̚.e]
할 필요는 없었잖아,6,[hal.pʰil.jo.nɯn.ʌp̚.ʌt̚.tʃan.a],[hal.pʰil.jo.nɯn.ʌp̚.ʌt̚.tʃan.a]
할 필요는 없죠,6,[hal.pʰil.jo.nɯn.ʌp̚.tʃjo],[hal.pʰil.jo.nɯn.ʌp̚.tʃjo]
내가 같이 갈까,6,[nɛ.ka.kat̚.i.kal.k͈a],[nɛ.ga.gat̚.i.gal.k͈a]
할 필요도 없지,6,[hal.pʰil.jo.to.ʌp̚.tʃi],[hal.pʰil.jo.do.ʌp̚.tʃi]
보상을 받았다,6,[po.saŋ.ɯl.pat̚.at̚.ta],[bo.saŋ.ɯl.bat̚.at̚.ta]
분도 안 걸려,6,[pun.to.aŋ.kʌl.ɾjʌ],[bun.to.an.gʌl.ɾjʌ]
공개 시장에서,6,[koŋ.kɛ.si.tʃaŋ.e.sʌ],[goŋ.gɛ.si.dʒaŋ.e.sʌ]
put it back,6,,
내가 같이 일했던,6,[nɛ.ka.kat̚.i.il.hɛt̚.tʌn],[nɛ.ga.gat̚.i.il.hɛt̚.tʌn]
보상을 하고,6,[po.saŋ.ɯl.ha.ko],[bo.saŋ.ɯl.ha.go]
회장 자리에,6,[hwe.tʃaŋ.tʃa.ɾi.e],[hwe.dʒaŋ.dʒa.ɾi.e]
회장님 방에서,6,[hwe.tʃaŋ.nim.paŋ.e.sʌ],[hwe.dʒaŋ.nim.baŋ.e.sʌ]
보상을 해줘야,6,[po.saŋ.ɯl.hɛ.tʃwʌ.ja],[bo.saŋ.ɯl.hɛ.dʒwʌ.ja]
보상이 아닌,6,[po.saŋ.i.a.nin],[bo.saŋ.i.a.nin]
I doing here,6,,
보상이 있을 것이다,6,[po.saŋ.i.it̚.ɯl.kʌt̚.i.ta],[bo.saŋ.i.it̚.ɯl.gʌt̚.i.da]
내가 옳다면,6,[nɛ.ka.ol.ta.mjʌn],[nɛ.ga.ol.ta.mjʌn]
보상이 있을 것이다 내가,6,[po.saŋ.i.it̚.ɯl.kʌt̚.i.ta.nɛ.ka],[bo.saŋ.i.it̚.ɯl.gʌt̚.i.da.nɛ.ga]
내가 갚아,6,[nɛ.ka.kap̚.a],[nɛ.ga.gap̚.a]
보상하기 위해,6,[po.saŋ.ha.ki.wi.hɛ],[bo.saŋ.ha.gi.wi.hɛ]
내가 갚을게,6,[nɛ.ka.kap̚.ɯl.ke],[nɛ.ga.gap̚.ɯl.ke]
할거야 나는,6,[hal.kʌ.ja.na.nɯn],[hal.kʌ.ja.na.nɯn]
갑자기 전화해서,6,[kap̚.tʃa.ki.tʃʌn.hwa.hɛ.sʌ],[gap̚.tʃa.gi.dʒʌn.hwa.hɛ.sʌ]
할거야 너도,6,[hal.kʌ.ja.nʌ.to],[hal.kʌ.ja.nʌ.do]
할거야 무슨,6,[hal.kʌ.ja.mu.sɯn],[hal.kʌ.ja.mu.sɯn]
내가 개자식이라고,6,[nɛ.ka.kɛ.tʃa.sik̚.i.ɾa.ko],[nɛ.ga.gɛ.dʒa.sik̚.i.ɾa.go]
분도 없어요,6,[pun.to.ʌp̚.ʌ.jo],[bun.to.ʌp̚.ʌ.jo]
할거야 자네가,6,[hal.kʌ.ja.tʃa.ne.ka],[hal.kʌ.ja.dʒa.ne.ga]
할거에요 그리고,6,[hal.kʌ.e.jo.kɯ.ɾi.ko],[hal.kʌ.e.jo.gɯ.ɾi.go]
보석 박힌,6,[po.sʌk̚.pak̚.hin],[bo.sʌk̚.bak̚.hin]
공개되기 전에,6,[koŋ.kɛ.twe.ki.tʃʌn.e],[goŋ.gɛ.dwe.gi.dʒʌn.e]
put it down,6,,
회전 속도를,6,[hwe.tʃʌn.sok̚.to.ɾɯl],[hwe.dʒʌn.sok̚.to.ɾɯl]
할걸 내,6,[hal.kʌl.lɛ],[hal.kʌl.lɛ]
할걸 난,6,[hal.kʌl.lan],[hal.kʌl.lan]
회전 중입니다,6,[hwe.tʃʌn.tʃuŋ.ip̚.ni.ta],[hwe.dʒʌn.dʒuŋ.ip̚.ni.da]
공개된 곳에,6,[koŋ.kɛ.tweŋ.kot̚.e],[goŋ.gɛ.dwen.got̚.e]
할게 가자,6,[hal.ke.ka.tʃa],[hal.ke.ga.dʒa]
할게 c,6,[hal.ke],[hal.ke]
회의가 있고,6,[hwe.ɯi.ka.it̚.ko],[hwe.ɯi.ga.it̚.ko]
내가 거기 내려,6,[nɛ.ka.kʌ.ki.nɛ.ɾjʌ],[nɛ.ga.gʌ.gi.nɛ.ɾjʌ]
보석금을 내야,6,[po.sʌk̚.kɯm.ɯl.lɛ.ja],[bo.sʌk̚.kɯm.ɯl.lɛ.ja]
할게 그건,6,[hal.ke.kɯ.kʌn],[hal.ke.gɯ.gʌn]
보석금을 낼 수,6,[po.sʌk̚.kɯm.ɯl.lɛl.su],[bo.sʌk̚.kɯm.ɯl.lɛl.su]
할게 그런,6,[hal.ke.kɯ.ɾʌn],[hal.ke.gɯ.ɾʌn]
보석금을 주셔서,6,[po.sʌk̚.kɯm.ɯl.tʃu.sjʌ.sʌ],[bo.sʌk̚.kɯm.ɯl.dʒu.sjʌ.sʌ]
보석금을 냈어요,6,[po.sʌk̚.kɯm.ɯl.lɛt̚.ʌ.jo],[bo.sʌk̚.kɯm.ɯl.lɛt̚.ʌ.jo]
보석금을 주셔서 고마워,6,[po.sʌk̚.kɯm.ɯl.tʃu.sjʌ.sʌ.ko.ma.wʌ],[bo.sʌk̚.kɯm.ɯl.dʒu.sjʌ.sʌ.go.ma.wʌ]
내가 거기 내려 오게,6,[nɛ.ka.kʌ.ki.nɛ.ɾjʌ.o.ke],[nɛ.ga.gʌ.gi.nɛ.ɾjʌ.o.ge]
put it in the,6,,
보석으로 풀려났다,6,[po.sʌk̚.ɯ.ɾo.pʰul.ɾjʌ.nat̚.ta],[bo.sʌk̚.ɯ.ɾo.pʰul.ɾjʌ.nat̚.ta]
내가 거기 있어야,6,[nɛ.ka.kʌ.ki.it̚.ʌ.ja],[nɛ.ga.gʌ.gi.it̚.ʌ.ja]
할게 당신,6,[hal.ke.taŋ.sin],[hal.ke.daŋ.sin]
보석을 손에,6,[po.sʌk̚.ɯl.son.e],[bo.sʌk̚.ɯl.son.e]
내가 거기 있었어,6,[nɛ.ka.kʌ.ki.it̚.ʌt̚.ʌ],[nɛ.ga.gʌ.gi.it̚.ʌt̚.ʌ]
할게 또,6,[hal.ke.t͈o],[hal.ke.t͈o]
할게 뭐가,6,[hal.ke.mwʌ.ka],[hal.ke.mwʌ.ga]
할게 사랑해,6,[hal.ke.sa.ɾaŋ.hɛ],[hal.ke.sa.ɾaŋ.hɛ]
보세요 같이,6,[po.se.jo.kat̚.i],[bo.se.jo.gat̚.i]
보세요 경찰이,6,[po.se.jo.kjʌŋ.tʃʰal.i],[bo.se.jo.gjʌŋ.tʃʰal.i]
효과 있네요,6,[hjo.kwa.it̚.ne.jo],[hjo.gwa.it̚.ne.jo]
보세요 고마워,6,[po.se.jo.ko.ma.wʌ],[bo.se.jo.go.ma.wʌ]
보세요 계속,6,[po.se.jo.kje.sok̚],[bo.se.jo.gje.sok̚]
보세요 그건,6,[po.se.jo.kɯ.kʌn],[bo.se.jo.gɯ.gʌn]
공개적으로 총격을가합니다,6,[koŋ.kɛ.tʃʌk̚.ɯ.ɾo.tʃʰoŋ.kjʌk̚.ɯl.ka.hap̚.ni.ta],[goŋ.gɛ.dʒʌk̚.ɯ.ɾo.tʃʰoŋ.gjʌk̚.ɯl.ka.hap̚.ni.da]
할게 어,6,[hal.ke.ʌ],[hal.ke.ʌ]
내가 거기서 너를 끌어내리리라,6,[nɛ.ka.kʌ.ki.sʌ.nʌ.ɾɯl.k͈ɯl.ʌ.nɛ.ɾi.ɾi.ɾa],[nɛ.ga.gʌ.gi.sʌ.nʌ.ɾɯl.k͈ɯl.ʌ.nɛ.ɾi.ɾi.ɾa]
할게 어떤,6,[hal.ke.ʌ.t͈ʌn],[hal.ke.ʌ.t͈ʌn]
할게 어떻게,6,[hal.ke.ʌ.t͈ʌt̚.ke],[hal.ke.ʌ.t͈ʌt̚.ke]
내가 거기서 뭘,6,[nɛ.ka.kʌ.ki.sʌ.mwʌl],[nɛ.ga.gʌ.gi.sʌ.mwʌl]
할게 엄마,6,[hal.ke.ʌm.ma],[hal.ke.ʌm.ma]
보세요 그들이,6,[po.se.jo.kɯ.tɯl.i],[bo.se.jo.gɯ.dɯl.i]
할게 없어,6,[hal.ke.ʌp̚.ʌ],[hal.ke.ʌp̚.ʌ]
공개하는 걸,6,[koŋ.kɛ.ha.nɯŋ.kʌl],[goŋ.gɛ.ha.nɯn.gʌl]
할게 응,6,[hal.ke.ɯŋ],[hal.ke.ɯŋ]
할게 이게,6,[hal.ke.i.ke],[hal.ke.i.ge]
보세요 그렇게,6,[po.se.jo.kɯ.ɾʌt̚.ke],[bo.se.jo.gɯ.ɾʌt̚.ke]
할게 잘,6,[hal.ke.tʃal],[hal.ke.dʒal]
보세요 그의,6,[po.se.jo.kɯ.ɯi],[bo.se.jo.gɯ.ɯi]
할게 존,6,[hal.ke.tʃon],[hal.ke.dʒon]
공개하면 안,6,[koŋ.kɛ.ha.mjʌn.an],[goŋ.gɛ.ha.mjʌn.an]
공개하지 않고,6,[koŋ.kɛ.ha.tʃi.aŋ.ko],[goŋ.gɛ.ha.dʒi.aŋ.ko]
할게 할,6,[hal.ke.hal],[hal.ke.hal]
할게요 같이,6,[hal.ke.jo.kat̚.i],[hal.ke.jo.gat̚.i]
갑자기 집을,6,[kap̚.tʃa.ki.tʃip̚.ɯl],[gap̚.tʃa.gi.dʒip̚.ɯl]
보세요 다음,6,[po.se.jo.ta.ɯm],[bo.se.jo.da.ɯm]
할게요 괜찮아,6,[hal.ke.jo.kwɛn.tʃʰan.a],[hal.ke.jo.gwɛn.tʃʰan.a]
be ours,6,,
할게요 그러니까,6,[hal.ke.jo.kɯ.ɾʌ.ni.k͈a],[hal.ke.jo.gɯ.ɾʌ.ni.k͈a]
할게요 그러세요,6,[hal.ke.jo.kɯ.ɾʌ.se.jo],[hal.ke.jo.gɯ.ɾʌ.se.jo]
할게요 날,6,[hal.ke.jo.nal],[hal.ke.jo.nal]
할게요 내일,6,[hal.ke.jo.nɛ.il],[hal.ke.jo.nɛ.il]
보세요 딱,6,[po.se.jo.t͈ak̚],[bo.se.jo.t͈ak̚]
공개하지 않을,6,[koŋ.kɛ.ha.tʃi.an.ɯl],[goŋ.gɛ.ha.dʒi.an.ɯl]
보세요 만,6,[po.se.jo.man],[bo.se.jo.man]
할게요 넌,6,[hal.ke.jo.nʌn],[hal.ke.jo.nʌn]
할게요 네가,6,[hal.ke.jo.ne.ka],[hal.ke.jo.ne.ga]
be out there,6,,
할게요 다,6,[hal.ke.jo.ta],[hal.ke.jo.da]
보세요 몇,6,[po.se.jo.mjʌt̚],[bo.se.jo.mjʌt̚]
할게요 당신을,6,[hal.ke.jo.taŋ.sin.ɯl],[hal.ke.jo.daŋ.sin.ɯl]
보세요 모두,6,[po.se.jo.mo.tu],[bo.se.jo.mo.du]
갑자기 차를,6,[kap̚.tʃa.ki.tʃʰa.ɾɯl],[gap̚.tʃa.gi.tʃʰa.ɾɯl]
효과가 있겠죠,6,[hjo.kwa.ka.it̚.ket̚.tʃjo],[hjo.gwa.ga.it̚.ket̚.tʃjo]
할게요 뭐든지요,6,[hal.ke.jo.mwʌ.tɯn.tʃi.jo],[hal.ke.jo.mwʌ.dɯn.tʃi.jo]
내가 거짓말쟁이나,6,[nɛ.ka.kʌ.tʃit̚.mal.tʃɛŋ.i.na],[nɛ.ga.gʌ.dʒit̚.mal.tʃɛŋ.i.na]
내가 거짓말쟁이나 미친,6,[nɛ.ka.kʌ.tʃit̚.mal.tʃɛŋ.i.na.mi.tʃʰin],[nɛ.ga.gʌ.dʒit̚.mal.tʃɛŋ.i.na.mi.tʃʰin]
할게요 시간,6,[hal.ke.jo.si.kan],[hal.ke.jo.si.gan]
공개할 수 없다,6,[koŋ.kɛ.hal.su.ʌp̚.ta],[goŋ.gɛ.hal.su.ʌp̚.ta]
내가 거짓말쟁이나 미친 놈으로,6,[nɛ.ka.kʌ.tʃit̚.mal.tʃɛŋ.i.na.mi.tʃʰin.nom.ɯ.ɾo],[nɛ.ga.gʌ.dʒit̚.mal.tʃɛŋ.i.na.mi.tʃʰin.nom.ɯ.ɾo]
보세요 빨리,6,[po.se.jo.p͈al.ɾi],[bo.se.jo.p͈al.ɾi]
보세요 새로운,6,[po.se.jo.sɛ.ɾo.un],[bo.se.jo.sɛ.ɾo.un]
내가 거짓말하는 것,6,[nɛ.ka.kʌ.tʃit̚.mal.ha.nɯŋ.kʌt̚],[nɛ.ga.gʌ.dʒit̚.mal.ha.nɯn.gʌt̚]
보세요 생각보다,6,[po.se.jo.sɛŋ.kak̚.po.ta],[bo.se.jo.sɛŋ.gak̚.po.da]
할게요 여러분,6,[hal.ke.jo.jʌ.ɾʌ.pun],[hal.ke.jo.jʌ.ɾʌ.bun]
내가 거짓말하는 줄,6,[nɛ.ka.kʌ.tʃit̚.mal.ha.nɯn.tʃul],[nɛ.ga.gʌ.dʒit̚.mal.ha.nɯn.dʒul]
공개해야 돼,6,[koŋ.kɛ.hɛ.ja.twɛ],[goŋ.gɛ.hɛ.ja.dwɛ]
보세요 아무것도,6,[po.se.jo.a.mu.kʌt̚.to],[bo.se.jo.a.mu.gʌt̚.to]
공개해야 할,6,[koŋ.kɛ.hɛ.ja.hal],[goŋ.gɛ.hɛ.ja.hal]
할게요 일단,6,[hal.ke.jo.il.tan],[hal.ke.jo.il.tan]
할게요 잘했어,6,[hal.ke.jo.tʃal.hɛt̚.ʌ],[hal.ke.jo.dʒal.hɛt̚.ʌ]
할게요 저기,6,[hal.ke.jo.tʃʌ.ki],[hal.ke.jo.dʒʌ.gi]
할게요 잠깐만요,6,[hal.ke.jo.tʃam.k͈an.man.jo],[hal.ke.jo.dʒam.k͈an.man.jo]
할게요 절대,6,[hal.ke.jo.tʃʌl.tɛ],[hal.ke.jo.dʒʌl.tɛ]
보세요 어때요,6,[po.se.jo.ʌ.t͈ɛ.jo],[bo.se.jo.ʌ.t͈ɛ.jo]
할게요 좋습니다,6,[hal.ke.jo.tʃot̚.sɯp̚.ni.ta],[hal.ke.jo.dʒot̚.sɯp̚.ni.da]
보세요 어머니,6,[po.se.jo.ʌ.mʌ.ni],[bo.se.jo.ʌ.mʌ.ni]
공격 계획이,6,[koŋ.kjʌk̚.kje.hwek̚.i],[goŋ.gjʌk̚.gje.hwek̚.i]
할게요 지금은,6,[hal.ke.jo.tʃi.kɯm.ɯn],[hal.ke.jo.dʒi.gɯm.ɯn]
보세요 엄청,6,[po.se.jo.ʌn.tʃʰʌŋ],[bo.se.jo.ʌn.tʃʰʌŋ]
내가 거짓말했다고,6,[nɛ.ka.kʌ.tʃit̚.mal.hɛt̚.ta.ko],[nɛ.ga.gʌ.dʒit̚.mal.hɛt̚.ta.go]
할게요 할 수 있어요,6,[hal.ke.jo.hal.su.it̚.ʌ.jo],[hal.ke.jo.hal.su.it̚.ʌ.jo]
할게요 할 수,6,[hal.ke.jo.hal.su],[hal.ke.jo.hal.su]
할까 봐 겁이,6,[hal.k͈a.pwa.kʌp̚.i],[hal.k͈a.bwa.gʌp̚.i]
공격 그리고,6,[koŋ.kjʌk̚.kɯ.ɾi.ko],[goŋ.gjʌk̚.gɯ.ɾi.go]
보세요 예,6,[po.se.jo.je],[bo.se.jo.je]
효과가 있었고,6,[hjo.kwa.ka.it̚.ʌt̚.ko],[hjo.gwa.ga.it̚.ʌt̚.ko]
할까 생각했어 참,6,[hal.k͈a.sɛŋ.kak̚.hɛt̚.ʌ.tʃʰam],[hal.k͈a.sɛŋ.gak̚.hɛt̚.ʌ.tʃʰam]
공격 당시,6,[koŋ.kjʌk̚.taŋ.si],[goŋ.gjʌk̚.daŋ.si]
할까 생각했어 참 아름답네,6,[hal.k͈a.sɛŋ.kak̚.hɛt̚.ʌ.tʃʰam.a.ɾɯn.tap̚.ne],[hal.k͈a.sɛŋ.gak̚.hɛt̚.ʌ.tʃʰam.a.ɾɯn.tap̚.ne]
할까 우리,6,[hal.k͈a.u.ɾi],[hal.k͈a.u.ɾi]
be peace,6,,
보세요 우선,6,[po.se.jo.u.sʌn],[bo.se.jo.u.sʌn]
할께 뭐야 그게,6,[hal.k͈e.mwʌ.ja.kɯ.ke],[hal.k͈e.mwʌ.ja.gɯ.ge]
할께 뭐야,6,[hal.k͈e.mwʌ.ja],[hal.k͈e.mwʌ.ja]
갑자기 친한,6,[kap̚.tʃa.ki.tʃʰin.han],[gap̚.tʃa.gi.tʃʰin.han]
할께요 그래,6,[hal.k͈e.jo.kɯ.ɾɛ],[hal.k͈e.jo.gɯ.ɾɛ]
효과가 있었을,6,[hjo.kwa.ka.it̚.ʌt̚.ɯl],[hjo.gwa.ga.it̚.ʌt̚.ɯl]
내가 걱정하고,6,[nɛ.ka.kʌk̚.tʃʌŋ.ha.ko],[nɛ.ga.gʌk̚.tʃʌŋ.ha.go]
효과가 있었잖아,6,[hjo.kwa.ka.it̚.ʌt̚.tʃan.a],[hjo.gwa.ga.it̚.ʌt̚.tʃan.a]
보세요 이봐,6,[po.se.jo.i.pwa],[bo.se.jo.i.bwa]
할래 내가,6,[hal.ɾɛ.nɛ.ka],[hal.ɾɛ.nɛ.ga]
할래 말래,6,[hal.ɾɛ.mal.ɾɛ],[hal.ɾɛ.mal.ɾɛ]
할래요 그럼,6,[hal.ɾɛ.jo.kɯ.ɾʌm],[hal.ɾɛ.jo.gɯ.ɾʌm]
내가 걱정하는 건 그게,6,[nɛ.ka.kʌk̚.tʃʌŋ.ha.nɯŋ.kʌŋ.kɯ.ke],[nɛ.ga.gʌk̚.tʃʌŋ.ha.nɯn.gʌn.gɯ.ge]
보세요 자기,6,[po.se.jo.tʃa.ki],[bo.se.jo.dʒa.gi]
할래요 좋아,6,[hal.ɾɛ.jo.tʃot̚.a],[hal.ɾɛ.jo.dʒot̚.a]
갑자기 쾅,6,[kap̚.tʃa.ki.kʰwaŋ],[gap̚.tʃa.gi.kʰwaŋ]
내가 걱정하는 것은,6,[nɛ.ka.kʌk̚.tʃʌŋ.ha.nɯŋ.kʌt̚.ɯn],[nɛ.ga.gʌk̚.tʃʌŋ.ha.nɯn.gʌt̚.ɯn]
공격 대형으로,6,[koŋ.kjʌk̚.tɛ.hjʌŋ.ɯ.ɾo],[goŋ.gjʌk̚.dɛ.hjʌŋ.ɯ.ɾo]
할렘 구역 이스트,6,[hal.ɾem.ku.jʌk̚.i.sɯ.tʰɯ],[hal.ɾem.gu.jʌk̚.i.sɯ.tʰɯ]
할렘 구역,6,[hal.ɾem.ku.jʌk̚],[hal.ɾem.gu.jʌk̚]
할로우를 볼,6,[hal.ɾo.u.ɾɯl.pol],[hal.ɾo.u.ɾɯl.bol]
할로우들 데리고,6,[hal.ɾo.u.tɯl.te.ɾi.ko],[hal.ɾo.u.dɯl.de.ɾi.go]
할로우를 볼 수,6,[hal.ɾo.u.ɾɯl.pol.su],[hal.ɾo.u.ɾɯl.bol.su]
분리해야 해요,6,[pul.li.hɛ.ja.hɛ.jo],[bul.li.hɛ.ja.hɛ.jo]
할로윈 의상,6,[hal.ɾo.win.ɯi.saŋ],[hal.ɾo.win.ɯi.saŋ]
내가 걱정하지,6,[nɛ.ka.kʌk̚.tʃʌŋ.ha.tʃi],[nɛ.ga.gʌk̚.tʃʌŋ.ha.dʒi]
내가 걱정한 건,6,[nɛ.ka.kʌk̚.tʃʌŋ.haŋ.kʌn],[nɛ.ga.gʌk̚.tʃʌŋ.han.gʌn]
할로윈 해피 할로윈,6,[hal.ɾo.win.hɛ.pʰi.hal.ɾo.win],[hal.ɾo.win.hɛ.pʰi.hal.ɾo.win]
이미 연루되어,6,[i.mi.jʌl.lu.twe.ʌ],[i.mi.jʌl.lu.dwe.ʌ]
할리 퀸,6,[hal.ɾi.kʰwin],[hal.ɾi.kʰwin]
put on weight,6,,
분마다 한 번씩,6,[pun.ma.ta.ham.pʌn.s͈ik̚],[bun.ma.da.han.bʌn.s͈ik̚]
할리우드 아파트,6,[hal.ɾi.u.tɯ.a.pʰa.tʰɯ],[hal.ɾi.u.dɯ.a.pʰa.tʰɯ]
보세요 젠장,6,[po.se.jo.tʃen.tʃaŋ],[bo.se.jo.dʒen.tʃaŋ]
할리우드 프리미어 모텔,6,[hal.ɾi.u.tɯ.pʰɯ.ɾi.mi.ʌ.mo.tʰel],[hal.ɾi.u.dɯ.pʰɯ.ɾi.mi.ʌ.mo.tʰel]
공격 목표는,6,[koŋ.kjʌk̚.mok̚.pʰjo.nɯn],[goŋ.gjʌk̚.mok̚.pʰjo.nɯn]
효과도 없고,6,[hjo.kwa.to.ʌp̚.ko],[hjo.gwa.do.ʌp̚.ko]
할링 메이스,6,[hal.ɾiŋ.me.i.sɯ],[hal.ɾiŋ.me.i.sɯ]
효과를 내기,6,[hjo.kwa.ɾɯl.lɛ.ki],[hjo.gwa.ɾɯl.lɛ.gi]
할만한 걸,6,[hal.man.haŋ.kʌl],[hal.man.han.gʌl]
보세요 탄화수소,6,[po.se.jo.tʰan.hwa.su.so],[bo.se.jo.tʰan.hwa.su.so]
효과는 사람마다,6,[hjo.kwa.nɯn.sa.ɾam.ma.ta],[hjo.gwa.nɯn.sa.ɾam.ma.da]
할말 다,6,[hal.mal.ta],[hal.mal.da]
할말 있나,6,[hal.mal.it̚.na],[hal.mal.it̚.na]
할말 없으면,6,[hal.mal.ʌp̚.ɯ.mjʌn],[hal.mal.ʌp̚.ɯ.mjʌn]
할말 있으면,6,[hal.mal.it̚.ɯ.mjʌn],[hal.mal.it̚.ɯ.mjʌn]
내가 건물,6,[nɛ.ka.kʌn.mul],[nɛ.ga.gʌn.mul]
공격 받고있다,6,[koŋ.kjʌk̚.pat̚.ko.it̚.ta],[goŋ.gjʌk̚.bat̚.ko.it̚.ta]
이미 우리 함대의,6,[i.mi.u.ɾi.han.tɛ.ɯi],[i.mi.u.ɾi.han.tɛ.ɯi]
내가 걷기,6,[nɛ.ka.kʌt̚.ki],[nɛ.ga.gʌt̚.ki]
할망구가 내,6,[hal.maŋ.ku.ka.nɛ],[hal.maŋ.gu.ga.nɛ]
내가 걷는,6,[nɛ.ka.kʌt̚.nɯn],[nɛ.ga.gʌt̚.nɯn]
할망구들이야 죽는 게,6,[hal.maŋ.ku.tɯl.i.ja.tʃuk̚.nɯŋ.ke],[hal.maŋ.gu.dɯl.i.ja.dʒuk̚.nɯn.ge]
할망구들이야 죽는 게 일이잖아,6,[hal.maŋ.ku.tɯl.i.ja.tʃuk̚.nɯŋ.ke.il.i.tʃan.a],[hal.maŋ.gu.dɯl.i.ja.dʒuk̚.nɯn.ge.il.i.dʒan.a]
할망구들이야 죽는,6,[hal.maŋ.ku.tɯl.i.ja.tʃuk̚.nɯn],[hal.maŋ.gu.dɯl.i.ja.dʒuk̚.nɯn]
내가 걸게,6,[nɛ.ka.kʌl.ke],[nɛ.ga.gʌl.ke]
할머니 나,6,[hal.mʌ.ni.na],[hal.mʌ.ni.na]
할머니 그리고,6,[hal.mʌ.ni.kɯ.ɾi.ko],[hal.mʌ.ni.gɯ.ɾi.go]
할머니 냄새가,6,[hal.mʌ.ni.nɛm.sɛ.ka],[hal.mʌ.ni.nɛm.sɛ.ga]
할머니 괜찮으세요,6,[hal.mʌ.ni.kwɛn.tʃʰan.ɯ.se.jo],[hal.mʌ.ni.gwɛn.tʃʰan.ɯ.se.jo]
공격 받고 있다,6,[koŋ.kjʌk̚.pat̚.ko.it̚.ta],[goŋ.gjʌk̚.bat̚.ko.it̚.ta]
보셔야 할 것이,6,[po.sjʌ.ja.hal.kʌt̚.i],[bo.sjʌ.ja.hal.gʌt̚.i]
할머니 말씀 잘,6,[hal.mʌ.ni.mal.s͈ɯn.tʃal],[hal.mʌ.ni.mal.s͈ɯm.dʒal]
보셔야 할 게 있습니다,6,[po.sjʌ.ja.hal.ke.it̚.sɯp̚.ni.ta],[bo.sjʌ.ja.hal.ge.it̚.sɯp̚.ni.da]
공격 실패,6,[koŋ.kjʌk̚.sil.pʰɛ],[goŋ.gjʌk̚.sil.pʰɛ]
보셨나 해서요,6,[po.sjʌt̚.na.hɛ.sʌ.jo],[bo.sjʌt̚.na.hɛ.sʌ.jo]
할머니 안녕,6,[hal.mʌ.ni.an.njʌŋ],[hal.mʌ.ni.an.njʌŋ]
내가 겁낼 줄,6,[nɛ.ka.kʌp̚.nɛl.tʃul],[nɛ.ga.gʌp̚.nɛl.dʒul]
후 그것은,6,[hu.kɯ.kʌt̚.ɯn],[hu.gɯ.gʌt̚.ɯn]
갑자기 튀어나왔어요,6,[kap̚.tʃa.ki.tʰwi.ʌ.na.wat̚.ʌ.jo],[gap̚.tʃa.gi.tʰwi.ʌ.na.wat̚.ʌ.jo]
할머니 장례식,6,[hal.mʌ.ni.tʃaŋ.ɾje.sik̚],[hal.mʌ.ni.dʒaŋ.ɾje.sik̚]
할머니 제발,6,[hal.mʌ.ni.tʃe.pal],[hal.mʌ.ni.dʒe.bal]
공격 우리는,6,[koŋ.kjʌk̚.u.ɾi.nɯn],[goŋ.gjʌk̚.u.ɾi.nɯn]
할머니 지금,6,[hal.mʌ.ni.tʃi.kɯm],[hal.mʌ.ni.dʒi.gɯm]
보셨으면 합니다,6,[po.sjʌt̚.ɯ.mjʌn.hap̚.ni.ta],[bo.sjʌt̚.ɯ.mjʌn.hap̚.ni.da]
할머니 한테,6,[hal.mʌ.ni.han.tʰe],[hal.mʌ.ni.han.tʰe]
보셨을 텐데요,6,[po.sjʌt̚.ɯl.tʰen.te.jo],[bo.sjʌt̚.ɯl.tʰen.te.jo]
보수 공사가,6,[po.su.koŋ.sa.ka],[bo.su.goŋ.sa.ga]
분노 같은,6,[pun.no.kat̚.ɯn],[bun.no.gat̚.ɯn]
보수 공사를,6,[po.su.koŋ.sa.ɾɯl],[bo.su.goŋ.sa.ɾɯl]
할머니가 내,6,[hal.mʌ.ni.ka.nɛ],[hal.mʌ.ni.ga.nɛ]
보쉬 형사,6,[po.swi.hjʌŋ.sa],[bo.swi.hjʌŋ.sa]
내가 왜 그랬나,6,[nɛ.ka.wɛ.kɯ.ɾɛt̚.na],[nɛ.ga.wɛ.gɯ.ɾɛt̚.na]
보스 그냥,6,[po.sɯ.kɯ.njaŋ],[bo.sɯ.gɯ.njaŋ]
할머니가 돼,6,[hal.mʌ.ni.ka.twɛ],[hal.mʌ.ni.ga.dwɛ]
할머니가 몸을,6,[hal.mʌ.ni.ka.mom.ɯl],[hal.mʌ.ni.ga.mom.ɯl]
보스 내,6,[po.sɯ.nɛ],[bo.sɯ.nɛ]
갑자기 하늘에서,6,[kap̚.tʃa.ki.ha.nɯl.e.sʌ],[gap̚.tʃa.gi.ha.nɯl.e.sʌ]
할머니가 우리,6,[hal.mʌ.ni.ka.u.ɾi],[hal.mʌ.ni.ga.u.ɾi]
할머니가 왜,6,[hal.mʌ.ni.ka.wɛ],[hal.mʌ.ni.ga.wɛ]
보스 말이,6,[po.sɯ.mal.i],[bo.sɯ.mal.i]
할머니가 조랑말한테 독을 먹인,6,[hal.mʌ.ni.ka.tʃo.ɾaŋ.mal.han.tʰe.tok̚.ɯl.mʌk̚.in],[hal.mʌ.ni.ga.dʒo.ɾaŋ.mal.han.tʰe.dok̚.ɯl.mʌk̚.in]
할머니가 조랑말한테 독을,6,[hal.mʌ.ni.ka.tʃo.ɾaŋ.mal.han.tʰe.tok̚.ɯl],[hal.mʌ.ni.ga.dʒo.ɾaŋ.mal.han.tʰe.dok̚.ɯl]
할머니가 죽는,6,[hal.mʌ.ni.ka.tʃuk̚.nɯn],[hal.mʌ.ni.ga.dʒuk̚.nɯn]
할머니가 좀,6,[hal.mʌ.ni.ka.tʃom],[hal.mʌ.ni.ga.dʒom]
할머니가 죽는 걸,6,[hal.mʌ.ni.ka.tʃuk̚.nɯŋ.kʌl],[hal.mʌ.ni.ga.dʒuk̚.nɯn.gʌl]
할머니가 항상,6,[hal.mʌ.ni.ka.haŋ.saŋ],[hal.mʌ.ni.ga.haŋ.saŋ]
보스 베이비'',6,[po.sɯ.pe.i.pi],[bo.sɯ.be.i.bi]
내가 겪은 고통을,6,[nɛ.ka.kjʌk̚.ɯŋ.ko.tʰoŋ.ɯl],[nɛ.ga.gjʌk̚.ɯn.go.tʰoŋ.ɯl]
할머니네 파티,6,[hal.mʌ.ni.ne.pʰa.tʰi],[hal.mʌ.ni.ne.pʰa.tʰi]
공격 한,6,[koŋ.kjʌk̚.han],[goŋ.gjʌk̚.han]
할머니네 파티는,6,[hal.mʌ.ni.ne.pʰa.tʰi.nɯn],[hal.mʌ.ni.ne.pʰa.tʰi.nɯn]
할머니는 내가,6,[hal.mʌ.ni.nɯn.nɛ.ka],[hal.mʌ.ni.nɯn.nɛ.ga]
보스 아,6,[po.sɯ.a],[bo.sɯ.a]
보스 어디,6,[po.sɯ.ʌ.ti],[bo.sɯ.ʌ.di]
할머니는 제가,6,[hal.mʌ.ni.nɯn.tʃe.ka],[hal.mʌ.ni.nɯn.dʒe.ga]
보스 어딨어,6,[po.sɯ.ʌ.tit̚.ʌ],[bo.sɯ.ʌ.dit̚.ʌ]
할머니를 만난,6,[hal.mʌ.ni.ɾɯl.man.nan],[hal.mʌ.ni.ɾɯl.man.nan]
할머니를 뵈러,6,[hal.mʌ.ni.ɾɯl.pwe.ɾʌ],[hal.mʌ.ni.ɾɯl.bwe.ɾʌ]
공격 후에,6,[koŋ.kjʌk̚.hu.e],[goŋ.gjʌk̚.hu.e]
할머니에 대한,6,[hal.mʌ.ni.e.tɛ.han],[hal.mʌ.ni.e.dɛ.han]
보스 이봐,6,[po.sɯ.i.pwa],[bo.sɯ.i.bwa]
할머니와 같이,6,[hal.mʌ.ni.wa.kat̚.i],[hal.mʌ.ni.wa.gat̚.i]
내가 겪은 일은,6,[nɛ.ka.kjʌk̚.ɯn.il.ɯn],[nɛ.ga.gjʌk̚.ɯn.il.ɯn]
할부금은 네 딸이야,6,[hal.pu.kɯm.ɯn.ne.t͈al.i.ja],[hal.pu.gɯm.ɯn.ne.t͈al.i.ja]
할부금은 네,6,[hal.pu.kɯm.ɯn.ne],[hal.pu.gɯm.ɯn.ne]
공격과 함께,6,[koŋ.kjʌk̚.kwa.ham.k͈e],[goŋ.gjʌk̚.kwa.ham.k͈e]
할수 없다고,6,[hal.su.ʌp̚.ta.ko],[hal.su.ʌp̚.ta.go]
내가 결백하다는,6,[nɛ.ka.kjʌl.pɛk̚.ha.ta.nɯn],[nɛ.ga.gjʌl.pɛk̚.ha.da.nɯn]
공격당하고 있어,6,[koŋ.kjʌk̚.taŋ.ha.ko.it̚.ʌ],[goŋ.gjʌk̚.taŋ.ha.go.it̚.ʌ]
할수 있는 건,6,[hal.su.it̚.nɯŋ.kʌn],[hal.su.it̚.nɯn.gʌn]
보스가 아니에요,6,[po.sɯ.ka.a.ni.e.jo],[bo.sɯ.ga.a.ni.e.jo]
보스가 원하는,6,[po.sɯ.ka.wʌn.ha.nɯn],[bo.sɯ.ga.wʌn.ha.nɯn]
할수 있잖아,6,[hal.su.it̚.tʃan.a],[hal.su.it̚.tʃan.a]
공격당하실 수,6,[koŋ.kjʌk̚.taŋ.ha.sil.su],[goŋ.gjʌk̚.taŋ.ha.sil.su]
할수도 없고,6,[hal.su.to.ʌp̚.ko],[hal.su.do.ʌp̚.ko]
후 방금,6,[hu.paŋ.kɯm],[hu.baŋ.gɯm]
보스턴 매사추세츠,6,[po.sɯ.tʰʌn.mɛ.sa.tʃʰu.se.tʃʰɯ],[bo.sɯ.tʰʌn.mɛ.sa.tʃʰu.se.tʃʰɯ]
할수록 점점,6,[hal.su.ɾok̚.tʃʌn.tʃʌm],[hal.su.ɾok̚.dʒʌn.tʃʌm]
공격당하실 수 있습니다 화살,6,[koŋ.kjʌk̚.taŋ.ha.sil.su.it̚.sɯp̚.ni.ta.hwa.sal],[goŋ.gjʌk̚.taŋ.ha.sil.su.it̚.sɯp̚.ni.da.hwa.sal]
공격당하실 수 있습니다,6,[koŋ.kjʌk̚.taŋ.ha.sil.su.it̚.sɯp̚.ni.ta],[goŋ.gjʌk̚.taŋ.ha.sil.su.it̚.sɯp̚.ni.da]
보스턴에 사는,6,[po.sɯ.tʰʌn.e.sa.nɯn],[bo.sɯ.tʰʌn.e.sa.nɯn]
할스테드 선생님,6,[hal.sɯ.tʰe.tɯ.sʌn.sɛŋ.nim],[hal.sɯ.tʰe.dɯ.sʌn.sɛŋ.nim]
할스테드 형사는,6,[hal.sɯ.tʰe.tɯ.hjʌŋ.sa.nɯn],[hal.sɯ.tʰe.dɯ.hjʌŋ.sa.nɯn]
할아버님과 삼촌을,6,[hal.a.pʌ.nim.kwa.san.tʃʰon.ɯl],[hal.a.bʌ.nim.kwa.san.tʃʰon.ɯl]
할스테드 씨,6,[hal.sɯ.tʰe.tɯ.s͈i],[hal.sɯ.tʰe.dɯ.s͈i]
할아버지 같아,6,[hal.a.pʌ.tʃi.kat̚.a],[hal.a.bʌ.dʒi.gat̚.a]
할아버님과 삼촌을 산채로 불태웠지,6,[hal.a.pʌ.nim.kwa.san.tʃʰon.ɯl.san.tʃʰɛ.ɾo.pul.tʰɛ.wʌt̚.tʃi],[hal.a.bʌ.nim.kwa.san.tʃʰon.ɯl.san.tʃʰɛ.ɾo.bul.tʰɛ.wʌt̚.tʃi]
보시기 전에,6,[po.si.ki.tʃʌn.e],[bo.si.gi.dʒʌn.e]
할아버지 댁,6,[hal.a.pʌ.tʃi.tɛk̚],[hal.a.bʌ.dʒi.dɛk̚]
put things,6,,
할아버지 랑 뜻이,6,[hal.a.pʌ.tʃi.ɾaŋ.t͈ɯt̚.i],[hal.a.bʌ.dʒi.ɾaŋ.t͈ɯt̚.i]
할아버지 랑,6,[hal.a.pʌ.tʃi.ɾaŋ],[hal.a.bʌ.dʒi.ɾaŋ]
할아버지 랑 뜻이 같습니까,6,[hal.a.pʌ.tʃi.ɾaŋ.t͈ɯt̚.i.kat̚.sɯp̚.ni.k͈a],[hal.a.bʌ.dʒi.ɾaŋ.t͈ɯt̚.i.gat̚.sɯp̚.ni.k͈a]
보시나 봐요,6,[po.si.na.pwa.jo],[bo.si.na.bwa.jo]
할아버지 보러,6,[hal.a.pʌ.tʃi.po.ɾʌ],[hal.a.bʌ.dʒi.bo.ɾʌ]
할아버지 생신,6,[hal.a.pʌ.tʃi.sɛŋ.sin],[hal.a.bʌ.dʒi.sɛŋ.sin]
할아버지 안녕,6,[hal.a.pʌ.tʃi.an.njʌŋ],[hal.a.bʌ.dʒi.an.njʌŋ]
할아버지 생각이,6,[hal.a.pʌ.tʃi.sɛŋ.kak̚.i],[hal.a.bʌ.dʒi.sɛŋ.gak̚.i]
갑자기 휙,6,[kap̚.tʃa.ki.hwik̚],[gap̚.tʃa.gi.hwik̚]
공격당한 후에,6,[koŋ.kjʌk̚.taŋ.han.hu.e],[goŋ.gjʌk̚.taŋ.han.hu.e]
할아버지 이제,6,[hal.a.pʌ.tʃi.i.tʃe],[hal.a.bʌ.dʒi.i.dʒe]
할아버지 저도,6,[hal.a.pʌ.tʃi.tʃʌ.to],[hal.a.bʌ.dʒi.dʒʌ.do]
할아버지 차를,6,[hal.a.pʌ.tʃi.tʃʰa.ɾɯl],[hal.a.bʌ.dʒi.tʃʰa.ɾɯl]
할아버지 집에서,6,[hal.a.pʌ.tʃi.tʃip̚.e.sʌ],[hal.a.bʌ.dʒi.dʒip̚.e.sʌ]
후 시체를,6,[hu.si.tʃʰe.ɾɯl],[hu.si.tʃʰe.ɾɯl]
할아버지 할머니가,6,[hal.a.pʌ.tʃi.hal.mʌ.ni.ka],[hal.a.bʌ.dʒi.hal.mʌ.ni.ga]
보시는 게 좋겠어요,6,[po.si.nɯŋ.ke.tʃot̚.ket̚.ʌ.jo],[bo.si.nɯn.ge.dʒot̚.ket̚.ʌ.jo]
내가 결혼식,6,[nɛ.ka.kjʌl.hon.sik̚],[nɛ.ga.gjʌl.hon.sik̚]
할아버지가 곧,6,[hal.a.pʌ.tʃi.ka.kot̚],[hal.a.bʌ.dʒi.ga.got̚]
할아버지가 곧 오실 거야,6,[hal.a.pʌ.tʃi.ka.kot̚.o.sil.kʌ.ja],[hal.a.bʌ.dʒi.ga.got̚.o.sil.gʌ.ja]
할아버지가 곧 오실,6,[hal.a.pʌ.tʃi.ka.kot̚.o.sil],[hal.a.bʌ.dʒi.ga.got̚.o.sil]
보시는 이,6,[po.si.nɯn.i],[bo.si.nɯn.i]
보시다시피 난,6,[po.si.ta.si.pʰi.nan],[bo.si.da.si.pʰi.nan]
후 어디,6,[hu.ʌ.ti],[hu.ʌ.di]
할아버지가 돌아가셨을 때,6,[hal.a.pʌ.tʃi.ka.tol.a.ka.sjʌt̚.ɯl.t͈ɛ],[hal.a.bʌ.dʒi.ga.dol.a.ga.sjʌt̚.ɯl.t͈ɛ]
할아버지가 돌아가셨을,6,[hal.a.pʌ.tʃi.ka.tol.a.ka.sjʌt̚.ɯl],[hal.a.bʌ.dʒi.ga.dol.a.ga.sjʌt̚.ɯl]
후 실험실로 가서,6,[hu.sil.hʌm.sil.ɾo.ka.sʌ],[hu.sil.hʌm.sil.ɾo.ga.sʌ]
할아버지가 뭘,6,[hal.a.pʌ.tʃi.ka.mwʌl],[hal.a.bʌ.dʒi.ga.mwʌl]
할아버지가 어떻게,6,[hal.a.pʌ.tʃi.ka.ʌ.t͈ʌt̚.ke],[hal.a.bʌ.dʒi.ga.ʌ.t͈ʌt̚.ke]
보시다시피 지금,6,[po.si.ta.si.pʰi.tʃi.kɯm],[bo.si.da.si.pʰi.dʒi.gɯm]
Boom boom,6,,
할아버지가 여행,6,[hal.a.pʌ.tʃi.ka.jʌ.hɛŋ],[hal.a.bʌ.dʒi.ga.jʌ.hɛŋ]
put together,6,,
보시면 기뻐하실,6,[po.si.mjʌŋ.ki.p͈ʌ.ha.sil],[bo.si.mjʌn.gi.p͈ʌ.ha.sil]
할아버지가 졸업식에,6,[hal.a.pʌ.tʃi.ka.tʃol.ʌp̚.sik̚.e],[hal.a.bʌ.dʒi.ga.dʒol.ʌp̚.sik̚.e]
할아버지가 졸업식에 오셨어요,6,[hal.a.pʌ.tʃi.ka.tʃol.ʌp̚.sik̚.e.o.sjʌt̚.ʌ.jo],[hal.a.bʌ.dʒi.ga.dʒol.ʌp̚.sik̚.e.o.sjʌt̚.ʌ.jo]
보시면 꼭,6,[po.si.mjʌŋ.k͈ok̚],[bo.si.mjʌŋ.k͈ok̚]
할아버지가 좀,6,[hal.a.pʌ.tʃi.ka.tʃom],[hal.a.bʌ.dʒi.ga.dʒom]
내가 결혼했다는,6,[nɛ.ka.kjʌl.hon.hɛt̚.ta.nɯn],[nɛ.ga.gjʌl.hon.hɛt̚.ta.nɯn]
내가 결혼했을,6,[nɛ.ka.kjʌl.hon.hɛt̚.ɯl],[nɛ.ga.gjʌl.hon.hɛt̚.ɯl]
보시면 아실 거예요,6,[po.si.mjʌn.a.sil.kʌ.je.jo],[bo.si.mjʌn.a.sil.gʌ.je.jo]
내가 경고하는데,6,[nɛ.ka.kjʌŋ.ko.ha.nɯn.te],[nɛ.ga.gjʌŋ.go.ha.nɯn.te]
갑작스러운 건 알지만,6,[kap̚.tʃak̚.sɯ.ɾʌ.uŋ.kʌn.al.tʃi.man],[gap̚.tʃak̚.sɯ.ɾʌ.un.gʌn.al.tʃi.man]
내가 경고하지,6,[nɛ.ka.kjʌŋ.ko.ha.tʃi],[nɛ.ga.gjʌŋ.go.ha.dʒi]
보시면 정말,6,[po.si.mjʌn.tʃʌŋ.mal],[bo.si.mjʌn.dʒʌŋ.mal]
할아버지와 같이,6,[hal.a.pʌ.tʃi.wa.kat̚.i],[hal.a.bʌ.dʒi.wa.gat̚.i]
보시죠 그,6,[po.si.tʃjo.kɯ],[bo.si.dʒjo.gɯ]
내가 경고했잖나,6,[nɛ.ka.kjʌŋ.ko.hɛt̚.tʃan.na],[nɛ.ga.gjʌŋ.go.hɛt̚.tʃan.na]
be possible,6,,
후 정리 작업이 현재,6,[hu.tʃʌŋ.ɾi.tʃak̚.ʌp̚.i.hjʌn.tʃɛ],[hu.dʒʌŋ.ɾi.dʒak̚.ʌp̚.i.hjʌn.tʃɛ]
보시죠 그게,6,[po.si.tʃjo.kɯ.ke],[bo.si.dʒjo.gɯ.ge]
할인 매장에서,6,[hal.in.mɛ.tʃaŋ.e.sʌ],[hal.in.mɛ.dʒaŋ.e.sʌ]
보시죠 안,6,[po.si.tʃjo.an],[bo.si.dʒjo.an]
see what''s going on,6,,
후 최저,6,[hu.tʃʰwe.tʃʌ],[hu.tʃʰwe.dʒʌ]
후 최저 회복,6,[hu.tʃʰwe.tʃʌ.hwe.pok̚],[hu.tʃʰwe.dʒʌ.hwe.bok̚]
할인된 가격으로,6,[hal.in.tweŋ.ka.kjʌk̚.ɯ.ɾo],[hal.in.twen.ga.gjʌk̚.ɯ.ɾo]
공격에 대비해서,6,[koŋ.kjʌk̚.e.tɛ.pi.hɛ.sʌ],[goŋ.gjʌk̚.e.dɛ.bi.hɛ.sʌ]
할인을 받을,6,[hal.in.ɯl.pat̚.ɯl],[hal.in.ɯl.bat̚.ɯl]
공격에 대해 생각하러,6,[koŋ.kjʌk̚.e.tɛ.hɛ.sɛŋ.kak̚.ha.ɾʌ],[goŋ.gjʌk̚.e.dɛ.hɛ.sɛŋ.gak̚.ha.ɾʌ]
후 한 달,6,[hu.han.tal],[hu.han.dal]
할줄 알아,6,[hal.tʃul.al.a],[hal.tʃul.al.a]
할줄 아는,6,[hal.tʃul.a.nɯn],[hal.tʃul.a.nɯn]
공격에 대해 생각하러 내려왔다네,6,[koŋ.kjʌk̚.e.tɛ.hɛ.sɛŋ.kak̚.ha.ɾʌ.nɛ.ɾjʌ.wat̚.ta.ne],[goŋ.gjʌk̚.e.dɛ.hɛ.sɛŋ.gak̚.ha.ɾʌ.nɛ.ɾjʌ.wat̚.ta.ne]
할지 lrm,6,[hal.tʃi],[hal.tʃi]
후계자 자리를,6,[hu.kje.tʃa.tʃa.ɾi.ɾɯl],[hu.gje.dʒa.dʒa.ɾi.ɾɯl]
할지 결정하기,6,[hal.tʃi.kjʌl.tʃʌŋ.ha.ki],[hal.tʃi.gjʌl.tʃʌŋ.ha.gi]
분명 살아 계세요,6,[pun.mjʌŋ.sal.a.kje.se.jo],[bun.mjʌŋ.sal.a.gje.se.jo]
할지 결정해야 해,6,[hal.tʃi.kjʌl.tʃʌŋ.hɛ.ja.hɛ],[hal.tʃi.gjʌl.tʃʌŋ.hɛ.ja.hɛ]
보신 걸,6,[po.siŋ.kʌl],[bo.sin.gʌl]
할지 고민하고,6,[hal.tʃi.ko.min.ha.ko],[hal.tʃi.go.min.ha.go]
할지 계속,6,[hal.tʃi.kje.sok̚],[hal.tʃi.gje.sok̚]
공격에 대해 알고,6,[koŋ.kjʌk̚.e.tɛ.hɛ.al.ko],[goŋ.gjʌk̚.e.dɛ.hɛ.al.ko]
후기 운석,6,[hu.ki.un.sʌk̚],[hu.gi.un.sʌk̚]
후끈 달아오르게,6,[hu.k͈ɯn.tal.a.o.ɾɯ.ke],[hu.k͈ɯn.dal.a.o.ɾɯ.ge]
put up with,6,,
할지 너무,6,[hal.tʃi.nʌ.mu],[hal.tʃi.nʌ.mu]
할지 누가 알아,6,[hal.tʃi.nu.ka.al.a],[hal.tʃi.nu.ga.al.a]
할지 누가 알겠어,6,[hal.tʃi.nu.ka.al.ket̚.ʌ],[hal.tʃi.nu.ga.al.ket̚.ʌ]
갑판 위를,6,[kap̚.pʰan.wi.ɾɯl],[gap̚.pʰan.wi.ɾɯl]
할지 두렵지,6,[hal.tʃi.tu.ɾjʌp̚.tʃi],[hal.tʃi.du.ɾjʌp̚.tʃi]
Nutbush city,6,,
후 테리,6,[hu.tʰe.ɾi],[hu.tʰe.ɾi]
할지 말해줄게,6,[hal.tʃi.mal.hɛ.tʃul.ke],[hal.tʃi.mal.hɛ.dʒul.ke]
내가 경험이,6,[nɛ.ka.kjʌŋ.hʌm.i],[nɛ.ga.gjʌŋ.hʌm.i]
내가 왜 사과를,6,[nɛ.ka.wɛ.sa.kwa.ɾɯl],[nɛ.ga.wɛ.sa.gwa.ɾɯl]
후드 쓰고,6,[hu.tɯ.s͈ɯ.ko],[hu.dɯ.s͈ɯ.go]
할지 말해줘요,6,[hal.tʃi.mal.hɛ.tʃwʌ.jo],[hal.tʃi.mal.hɛ.dʒwʌ.jo]
보신 적 있죠,6,[po.sin.tʃʌk̚.it̚.tʃjo],[bo.sin.dʒʌk̚.it̚.tʃjo]
공격에서 살아남은,6,[koŋ.kjʌk̚.e.sʌ.sal.a.nam.ɯn],[goŋ.gjʌk̚.e.sʌ.sal.a.nam.ɯn]
내가 곁에 있는 한,6,[nɛ.ka.kjʌt̚.e.it̚.nɯn.han],[nɛ.ga.gjʌt̚.e.it̚.nɯn.han]
공격으로 인한,6,[koŋ.kjʌk̚.ɯ.ɾo.in.han],[goŋ.gjʌk̚.ɯ.ɾo.in.han]
할지 모르겠어 우리,6,[hal.tʃi.mo.ɾɯ.ket̚.ʌ.u.ɾi],[hal.tʃi.mo.ɾɯ.get̚.ʌ.u.ɾi]
보실 건가요,6,[po.sil.kʌŋ.ka.jo],[bo.sil.gʌŋ.ka.jo]
보실 겁니까,6,[po.sil.kʌp̚.ni.k͈a],[bo.sil.gʌp̚.ni.k͈a]
분명 아무도,6,[pun.mjʌŋ.a.mu.to],[bun.mjʌŋ.a.mu.do]
할지 모르겠어요 난,6,[hal.tʃi.mo.ɾɯ.ket̚.ʌ.jo.nan],[hal.tʃi.mo.ɾɯ.get̚.ʌ.jo.nan]
내가 곁에 있으면,6,[nɛ.ka.kjʌt̚.e.it̚.ɯ.mjʌn],[nɛ.ga.gjʌt̚.e.it̚.ɯ.mjʌn]
공격을 감행할,6,[koŋ.kjʌk̚.ɯl.kam.hɛŋ.hal],[goŋ.gjʌk̚.ɯl.gam.hɛŋ.hal]
할지 모르겠어요'' 레스터,6,[hal.tʃi.mo.ɾɯ.ket̚.ʌ.jo.ɾe.sɯ.tʰʌ],[hal.tʃi.mo.ɾɯ.get̚.ʌ.jo.ɾe.sɯ.tʰʌ]
할지 모르는 것,6,[hal.tʃi.mo.ɾɯ.nɯŋ.kʌt̚],[hal.tʃi.mo.ɾɯ.nɯn.gʌt̚]
보실 수 있게,6,[po.sil.su.it̚.ke],[bo.sil.su.it̚.ke]
보실 수 있을 겁니다,6,[po.sil.su.it̚.ɯl.kʌp̚.ni.ta],[bo.sil.su.it̚.ɯl.gʌp̚.ni.da]
공격을 개시하다,6,[koŋ.kjʌk̚.ɯl.kɛ.si.ha.ta],[goŋ.gjʌk̚.ɯl.gɛ.si.ha.da]
할지 모릅니다,6,[hal.tʃi.mo.ɾɯp̚.ni.ta],[hal.tʃi.mo.ɾɯp̚.ni.da]
내가 계속 여기,6,[nɛ.ka.kje.sok̚.jʌ.ki],[nɛ.ga.gje.sok̚.jʌ.gi]
내가 왜 아직 여기,6,[nɛ.ka.wɛ.a.tʃik̚.jʌ.ki],[nɛ.ga.wɛ.a.dʒik̚.jʌ.gi]
관한 토막글,6,[kwan.han.tʰo.mak̚.kɯl],[gwan.han.tʰo.mak̚.kɯl]
할지 몰랐고,6,[hal.tʃi.mol.ɾat̚.ko],[hal.tʃi.mol.ɾat̚.ko]
보십시오 이건,6,[po.sip̚.si.o.i.kʌn],[bo.sip̚.si.o.i.gʌn]
할지 뭘,6,[hal.tʃi.mwʌl],[hal.tʃi.mwʌl]
내가 계약,6,[nɛ.ka.kje.jak̚],[nɛ.ga.gje.jak̚]
내가 계획이,6,[nɛ.ka.kje.hwek̚.i],[nɛ.ga.gje.hwek̚.i]
할지 알 것 같아,6,[hal.tʃi.al.kʌt̚.kat̚.a],[hal.tʃi.al.gʌt̚.gat̚.a]
보아하니 너,6,[po.a.ha.ni.nʌ],[bo.a.ha.ni.nʌ]
내가 계획하고,6,[nɛ.ka.kje.hwek̚.ha.ko],[nɛ.ga.gje.hwek̚.ha.go]
후로 본,6,[hu.ɾo.pon],[hu.ɾo.bon]
보아하니 네가,6,[po.a.ha.ni.ne.ka],[bo.a.ha.ni.ne.ga]
할지 알다,6,[hal.tʃi.al.ta],[hal.tʃi.al.ta]
put you down,6,,
내가 고,6,[nɛ.ka.ko],[nɛ.ga.go]
할지 알면,6,[hal.tʃi.al.mjʌn],[hal.tʃi.al.mjʌn]
할지 알잖니,6,[hal.tʃi.al.tʃan.ni],[hal.tʃi.al.tʃan.ni]
공격을 당했어,6,[koŋ.kjʌk̚.ɯl.taŋ.hɛt̚.ʌ],[goŋ.gjʌk̚.ɯl.daŋ.hɛt̚.ʌ]
할지 어디로,6,[hal.tʃi.ʌ.ti.ɾo],[hal.tʃi.ʌ.di.ɾo]
후로 완전히,6,[hu.ɾo.wan.tʃʌn.hi],[hu.ɾo.wan.tʃʌn.hi]
보안 검색대를,6,[po.aŋ.kʌm.sɛk̚.tɛ.ɾɯl],[bo.an.gʌm.sɛk̚.tɛ.ɾɯl]
할지 전혀 모르겠어요,6,[hal.tʃi.tʃʌn.hjʌ.mo.ɾɯ.ket̚.ʌ.jo],[hal.tʃi.dʒʌn.hjʌ.mo.ɾɯ.get̚.ʌ.jo]
후로 이,6,[hu.ɾo.i],[hu.ɾo.i]
할지 정해야,6,[hal.tʃi.tʃʌŋ.hɛ.ja],[hal.tʃi.dʒʌŋ.hɛ.ja]
값어치 있는,6,[kap̚.ʌ.tʃʰi.it̚.nɯn],[gap̚.ʌ.tʃʰi.it̚.nɯn]
할지 좀,6,[hal.tʃi.tʃom],[hal.tʃi.dʒom]
할지는 몰라도,6,[hal.tʃi.nɯn.mol.ɾa.to],[hal.tʃi.nɯn.mol.ɾa.do]
할지도 모르겠군요,6,[hal.tʃi.to.mo.ɾɯ.ket̚.kun.jo],[hal.tʃi.do.mo.ɾɯ.get̚.kun.jo]
보안 구역에,6,[po.aŋ.ku.jʌk̚.e],[bo.an.gu.jʌk̚.e]
할지도 모르겠는데,6,[hal.tʃi.to.mo.ɾɯ.ket̚.nɯn.te],[hal.tʃi.do.mo.ɾɯ.get̚.nɯn.te]
할지도 모르겠지만,6,[hal.tʃi.to.mo.ɾɯ.ket̚.tʃi.man],[hal.tʃi.do.mo.ɾɯ.get̚.tʃi.man]
내가 고마울,6,[nɛ.ka.ko.ma.ul],[nɛ.ga.go.ma.ul]
할지도 몰라 그럼,6,[hal.tʃi.to.mol.ɾa.kɯ.ɾʌm],[hal.tʃi.do.mol.ɾa.gɯ.ɾʌm]
할지도 모른다는,6,[hal.tʃi.to.mo.ɾɯn.ta.nɯn],[hal.tʃi.do.mo.ɾɯn.ta.nɯn]
값에 팔,6,[kap̚.e.pʰal],[gap̚.e.pʰal]
보안 문제,6,[po.an.mun.tʃe],[bo.an.mun.tʃe]
할지도 잘,6,[hal.tʃi.to.tʃal],[hal.tʃi.do.dʒal]
보안 문제입니다,6,[po.an.mun.tʃe.ip̚.ni.ta],[bo.an.mun.tʃe.ip̚.ni.da]
내가 고양이를,6,[nɛ.ka.ko.jaŋ.i.ɾɯl],[nɛ.ga.go.jaŋ.i.ɾɯl]
할진 모르겠지만,6,[hal.tʃin.mo.ɾɯ.ket̚.tʃi.man],[hal.tʃin.mo.ɾɯ.get̚.tʃi.man]
공격을 막으면,6,[koŋ.kjʌk̚.ɯl.mak̚.ɯ.mjʌn],[goŋ.gjʌk̚.ɯl.mak̚.ɯ.mjʌn]
할퀴고 입에선 질질,6,[hal.kʰwi.ko.ip̚.e.sʌn.tʃil.tʃil],[hal.kʰwi.go.ip̚.e.sʌn.dʒil.tʃil]
할퀴고 입에선,6,[hal.kʰwi.ko.ip̚.e.sʌn],[hal.kʰwi.go.ip̚.e.sʌn]
할퀴고 입에선 질질 흘리고,6,[hal.kʰwi.ko.ip̚.e.sʌn.tʃil.tʃil.hɯl.ɾi.ko],[hal.kʰwi.go.ip̚.e.sʌn.dʒil.tʃil.hɯl.ɾi.go]
보안 서비스를,6,[po.an.sʌ.pi.sɯ.ɾɯl],[bo.an.sʌ.bi.sɯ.ɾɯl]
핥아도 돼,6,[hal.a.to.twɛ],[hal.a.do.dwɛ]
핥는 거,6,[hal.lɯŋ.kʌ],[hal.lɯn.gʌ]
분명 있을겁니다,6,[pun.mjʌŋ.it̚.ɯl.kʌp̚.ni.ta],[bun.mjʌŋ.it̚.ɯl.kʌp̚.ni.da]
함 께,6,[ham.k͈e],[ham.k͈e]
내가 고집을,6,[nɛ.ka.ko.tʃip̚.ɯl],[nɛ.ga.go.dʒip̚.ɯl]
함 봐,6,[ham.pwa],[ham.bwa]
후미 씨,6,[hu.mi.s͈i],[hu.mi.s͈i]
함 즉시,6,[han.tʃɯk̚.si],[ham.dʒɯk̚.si]
공격을 멈추게,6,[koŋ.kjʌk̚.ɯl.mʌn.tʃʰu.ke],[goŋ.gjʌk̚.ɯl.mʌn.tʃʰu.ge]
분명 전부,6,[pun.mjʌŋ.tʃʌm.pu],[bun.mjʌŋ.dʒʌm.pu]
후면 연료가,6,[hu.mjʌn.jʌl.ljo.ka],[hu.mjʌn.jʌl.ljo.ga]
함구하고 있어요,6,[ham.ku.ha.ko.it̚.ʌ.jo],[ham.ku.ha.go.it̚.ʌ.jo]
공격을 막을 수 있는,6,[koŋ.kjʌk̚.ɯl.mak̚.ɯl.su.it̚.nɯn],[goŋ.gjʌk̚.ɯl.mak̚.ɯl.su.it̚.nɯn]
함께 가겠어,6,[ham.k͈e.ka.ket̚.ʌ],[ham.k͈e.ga.get̚.ʌ]
보안 시설이,6,[po.an.si.sʌl.i],[bo.an.si.sʌl.i]
보안 시스템 장애,6,[po.an.si.sɯ.tʰen.tʃaŋ.ɛ],[bo.an.si.sɯ.tʰem.dʒaŋ.ɛ]
값을 더,6,[kap̚.ɯl.tʌ],[gap̚.ɯl.dʌ]
보안 시스템도,6,[po.an.si.sɯ.tʰen.to],[bo.an.si.sɯ.tʰen.to]
보안 시스템 장애 중앙,6,[po.an.si.sɯ.tʰen.tʃaŋ.ɛ.tʃuŋ.aŋ],[bo.an.si.sɯ.tʰem.dʒaŋ.ɛ.dʒuŋ.aŋ]
함께 가는 건,6,[ham.k͈e.ka.nɯŋ.kʌn],[ham.k͈e.ga.nɯn.gʌn]
공격을 멈춰,6,[koŋ.kjʌk̚.ɯl.mʌn.tʃʰwʌ],[goŋ.gjʌk̚.ɯl.mʌn.tʃʰwʌ]
분명 중요한,6,[pun.mjʌŋ.tʃuŋ.jo.han],[bun.mjʌŋ.dʒuŋ.jo.han]
내가 고친,6,[nɛ.ka.ko.tʃʰin],[nɛ.ga.go.tʃʰin]
함께 가셔야 합니다,6,[ham.k͈e.ka.sjʌ.ja.hap̚.ni.ta],[ham.k͈e.ga.sjʌ.ja.hap̚.ni.da]
보안 업체에서,6,[po.an.ʌp̚.tʃʰe.e.sʌ],[bo.an.ʌp̚.tʃʰe.e.sʌ]
함께 가시면,6,[ham.k͈e.ka.si.mjʌn],[ham.k͈e.ga.si.mjʌn]
함께 가셔야겠습니다,6,[ham.k͈e.ka.sjʌ.ja.ket̚.sɯp̚.ni.ta],[ham.k͈e.ga.sjʌ.ja.get̚.sɯp̚.ni.da]
내가 고칠거야,6,[nɛ.ka.ko.tʃʰil.kʌ.ja],[nɛ.ga.go.tʃʰil.kʌ.ja]
함께 가야겠어,6,[ham.k͈e.ka.ja.ket̚.ʌ],[ham.k͈e.ga.ja.get̚.ʌ]
함께 가정을,6,[ham.k͈e.ka.tʃʌŋ.ɯl],[ham.k͈e.ga.dʒʌŋ.ɯl]
보안 영상을 지울,6,[po.an.jʌŋ.saŋ.ɯl.tʃi.ul],[bo.an.jʌŋ.saŋ.ɯl.dʒi.ul]
put your head,6,,
관할 경찰서 아침 브리핑,6,[kwan.hal.kjʌŋ.tʃʰal.sʌ.a.tʃʰim.pɯ.ɾi.pʰiŋ],[gwan.hal.gjʌŋ.tʃʰal.sʌ.a.tʃʰim.bɯ.ɾi.pʰiŋ]
후보는 아직,6,[hu.po.nɯn.a.tʃik̚],[hu.bo.nɯn.a.dʒik̚]
보안 요원으로,6,[po.an.jo.wʌn.ɯ.ɾo],[bo.an.jo.wʌn.ɯ.ɾo]
함께 가지 않을래,6,[ham.k͈e.ka.tʃi.an.ɯl.ɾɛ],[ham.k͈e.ga.dʒi.an.ɯl.ɾɛ]
이민자처럼 친구들은 몰라,6,[i.min.tʃa.tʃʰʌ.ɾʌn.tʃʰiŋ.ku.tɯl.ɯn.mol.ɾa],[i.min.tʃa.tʃʰʌ.ɾʌn.tʃʰiŋ.ku.dɯl.ɯn.mol.ɾa]
내가 곤경에 처한,6,[nɛ.ka.koŋ.kjʌŋ.e.tʃʰʌ.han],[nɛ.ga.goŋ.kjʌŋ.e.tʃʰʌ.han]
보안 요원의,6,[po.an.jo.wʌn.ɯi],[bo.an.jo.wʌn.ɯi]
내가 곤란하게,6,[nɛ.ka.kol.lan.ha.ke],[nɛ.ga.gol.lan.ha.ge]
putting me,6,,
내가 곤란해,6,[nɛ.ka.kol.lan.hɛ],[nɛ.ga.gol.lan.hɛ]
후보자 명단을,6,[hu.po.tʃa.mjʌŋ.tan.ɯl],[hu.bo.dʒa.mjʌŋ.dan.ɯl]
분명 할 수,6,[pun.mjʌŋ.hal.su],[bun.mjʌŋ.hal.su]
함께 갈거에요,6,[ham.k͈e.kal.kʌ.e.jo],[ham.k͈e.gal.kʌ.e.jo]
분명하게 말했어,6,[pun.mjʌŋ.ha.ke.mal.hɛt̚.ʌ],[bun.mjʌŋ.ha.ge.mal.hɛt̚.ʌ]
함께 갔어요,6,[ham.k͈e.kat̚.ʌ.jo],[ham.k͈e.gat̚.ʌ.jo]
보안 전문가,6,[po.an.tʃʌn.muŋ.ka],[bo.an.dʒʌn.muŋ.ka]
보안 정보,6,[po.an.tʃʌm.po],[bo.an.dʒʌŋ.bo]
내가 공격,6,[nɛ.ka.koŋ.kjʌk̚],[nɛ.ga.goŋ.gjʌk̚]
함께 결정한,6,[ham.k͈e.kjʌl.tʃʌŋ.han],[ham.k͈e.gjʌl.tʃʌŋ.han]
보안 채널로,6,[po.an.tʃʰɛ.nʌl.ɾo],[bo.an.tʃʰɛ.nʌl.ɾo]
putting my,6,,
함께 그녀가,6,[ham.k͈e.kɯ.njʌ.ka],[ham.k͈e.gɯ.njʌ.ga]
함께 그런,6,[ham.k͈e.kɯ.ɾʌn],[ham.k͈e.gɯ.ɾʌn]
함께 글쎄,6,[ham.k͈e.kɯl.s͈e],[ham.k͈e.gɯl.s͈e]
값을 지불해,6,[kap̚.ɯl.tʃi.pul.hɛ],[gap̚.ɯl.dʒi.bul.hɛ]
후에 FBI가,6,[hu.e.ka],[hu.e.ga]
보안 카메라를 본,6,[po.aŋ.kʰa.me.ɾa.ɾɯl.pon],[bo.aŋ.kʰa.me.ɾa.ɾɯl.bon]
함께 기도합시다,6,[ham.k͈e.ki.to.hap̚.si.ta],[ham.k͈e.gi.do.hap̚.si.da]
보안 카메라를 본 사람들이,6,[po.aŋ.kʰa.me.ɾa.ɾɯl.pon.sa.ɾan.tɯl.i],[bo.aŋ.kʰa.me.ɾa.ɾɯl.bon.sa.ɾan.tɯl.i]
함께 꿈을,6,[ham.k͈e.k͈um.ɯl],[ham.k͈e.k͈um.ɯl]
값을 치러야,6,[kap̚.ɯl.tʃʰi.ɾʌ.ja],[gap̚.ɯl.tʃʰi.ɾʌ.ja]
보안 카메라에 찍힌,6,[po.aŋ.kʰa.me.ɾa.e.tʃ͈ik̚.hin],[bo.aŋ.kʰa.me.ɾa.e.tʃ͈ik̚.hin]
함께 나를,6,[ham.k͈e.na.ɾɯl],[ham.k͈e.na.ɾɯl]
보안 컨설턴트,6,[po.aŋ.kʰʌn.sʌl.tʰʌn.tʰɯ],[bo.aŋ.kʰʌn.sʌl.tʰʌn.tʰɯ]
값을 치루게,6,[kap̚.ɯl.tʃʰi.ɾu.ke],[gap̚.ɯl.tʃʰi.ɾu.ge]
함께 나온,6,[ham.k͈e.na.on],[ham.k͈e.na.on]
보안 테이프,6,[po.an.tʰe.i.pʰɯ],[bo.an.tʰe.i.pʰɯ]
함께 너는,6,[ham.k͈e.nʌ.nɯn],[ham.k͈e.nʌ.nɯn]
보안 팀에,6,[po.an.tʰim.e],[bo.an.tʰim.e]
함께 너무 많은,6,[ham.k͈e.nʌ.mu.man.ɯn],[ham.k͈e.nʌ.mu.man.ɯn]
putting you,6,,
후에 계속,6,[hu.e.kje.sok̚],[hu.e.gje.sok̚]
함께 눈을 떠요,6,[ham.k͈e.nun.ɯl.t͈ʌ.jo],[ham.k͈e.nun.ɯl.t͈ʌ.jo]
보안 회선이,6,[po.an.hwe.sʌn.i],[bo.an.hwe.sʌn.i]
공격을 피해,6,[koŋ.kjʌk̚.ɯl.pʰi.hɛ],[goŋ.gjʌk̚.ɯl.pʰi.hɛ]
공격을 하고,6,[koŋ.kjʌk̚.ɯl.ha.ko],[goŋ.gjʌk̚.ɯl.ha.go]
공격을 하도록,6,[koŋ.kjʌk̚.ɯl.ha.to.ɾok̚],[goŋ.gjʌk̚.ɯl.ha.do.ɾok̚]
내가 괜찮을 거라고,6,[nɛ.ka.kwɛn.tʃʰan.ɯl.kʌ.ɾa.ko],[nɛ.ga.gwɛn.tʃʰan.ɯl.gʌ.ɾa.go]
함께 들어가,6,[ham.k͈e.tɯl.ʌ.ka],[ham.k͈e.dɯl.ʌ.ga]
함께 또,6,[ham.k͈e.t͈o],[ham.k͈e.t͈o]
함께 떠났어,6,[ham.k͈e.t͈ʌ.nat̚.ʌ],[ham.k͈e.t͈ʌ.nat̚.ʌ]
후에 나도,6,[hu.e.na.to],[hu.e.na.do]
함께 마을을,6,[ham.k͈e.ma.ɯl.ɯl],[ham.k͈e.ma.ɯl.ɯl]
후에 나온,6,[hu.e.na.on],[hu.e.na.on]
함께 만드는,6,[ham.k͈e.man.tɯ.nɯn],[ham.k͈e.man.tɯ.nɯn]
함께 만나요,6,[ham.k͈e.man.na.jo],[ham.k͈e.man.na.jo]
공격을 해,6,[koŋ.kjʌk̚.ɯl.hɛ],[goŋ.gjʌk̚.ɯl.hɛ]
내가 괴물을 만들었어,6,[nɛ.ka.kwe.mul.ɯl.man.tɯl.ʌt̚.ʌ],[nɛ.ga.gwe.mul.ɯl.man.tɯl.ʌt̚.ʌ]
분명히 같은,6,[pun.mjʌŋ.hi.kat̚.ɯn],[bun.mjʌŋ.hi.gat̚.ɯn]
보안시스템 해제,6,[po.an.si.sɯ.tʰem.hɛ.tʃe],[bo.an.si.sɯ.tʰem.hɛ.dʒe]
보안시스템 해제 중앙컴퓨터,6,[po.an.si.sɯ.tʰem.hɛ.tʃe.tʃuŋ.aŋ.kʰʌm.pʰju.tʰʌ],[bo.an.si.sɯ.tʰem.hɛ.dʒe.dʒuŋ.aŋ.kʰʌm.pʰju.tʰʌ]
내가 괴물이야,6,[nɛ.ka.kwe.mul.i.ja],[nɛ.ga.gwe.mul.i.ja]
보안에 관한,6,[po.an.e.kwan.han],[bo.an.e.gwan.han]
보안시스템 해제 중앙컴퓨터 리부팅,6,[po.an.si.sɯ.tʰem.hɛ.tʃe.tʃuŋ.aŋ.kʰʌm.pʰju.tʰʌ.ɾi.pu.tʰiŋ],[bo.an.si.sɯ.tʰem.hɛ.dʒe.dʒuŋ.aŋ.kʰʌm.pʰju.tʰʌ.ɾi.bu.tʰiŋ]
함께 말이야 내가,6,[ham.k͈e.mal.i.ja.nɛ.ka],[ham.k͈e.mal.i.ja.nɛ.ga]
보안에 구멍이,6,[po.an.e.ku.mʌŋ.i],[bo.an.e.gu.mʌŋ.i]
보안에 대한 이마였습니다,6,[po.an.e.tɛ.han.i.ma.jʌt̚.sɯp̚.ni.ta],[bo.an.e.dɛ.han.i.ma.jʌt̚.sɯp̚.ni.da]
함께 말이야 아,6,[ham.k͈e.mal.i.ja.a],[ham.k͈e.mal.i.ja.a]
함께 말이야 무슨,6,[ham.k͈e.mal.i.ja.mu.sɯn],[ham.k͈e.mal.i.ja.mu.sɯn]
값이 꽤,6,[kap̚.i.k͈wɛ],[gap̚.i.k͈wɛ]
후에 그럼,6,[hu.e.kɯ.ɾʌm],[hu.e.gɯ.ɾʌm]
함께 말이야 우리가,6,[ham.k͈e.mal.i.ja.u.ɾi.ka],[ham.k͈e.mal.i.ja.u.ɾi.ga]
후에 놈을,6,[hu.e.nom.ɯl],[hu.e.nom.ɯl]
공격을 해요,6,[koŋ.kjʌk̚.ɯl.hɛ.jo],[goŋ.gjʌk̚.ɯl.hɛ.jo]
보안을 강화할,6,[po.an.ɯl.kaŋ.hwa.hal],[bo.an.ɯl.gaŋ.hwa.hal]
기다려 준,6,[ki.ta.ɾjʌ.tʃun],[gi.da.ɾjʌ.dʒun]
함께 맞서야,6,[ham.k͈e.mat̚.sʌ.ja],[ham.k͈e.mat̚.sʌ.ja]
보안을 개선하는,6,[po.an.ɯl.kɛ.sʌn.ha.nɯn],[bo.an.ɯl.gɛ.sʌn.ha.nɯn]
보안을 개선하는 동안,6,[po.an.ɯl.kɛ.sʌn.ha.nɯn.toŋ.an],[bo.an.ɯl.gɛ.sʌn.ha.nɯn.doŋ.an]
보안을 뚫고,6,[po.an.ɯl.t͈ul.ko],[bo.an.ɯl.t͈ul.ko]
함께 먹으면,6,[ham.k͈e.mʌk̚.ɯ.mjʌn],[ham.k͈e.mʌk̚.ɯ.mjʌn]
후에 당신에게,6,[hu.e.taŋ.sin.e.ke],[hu.e.daŋ.sin.e.ge]
함께 먹을,6,[ham.k͈e.mʌk̚.ɯl],[ham.k͈e.mʌk̚.ɯl]
값이 더,6,[kap̚.i.tʌ],[gap̚.i.dʌ]
내가 구경시켜,6,[nɛ.ka.ku.kjʌŋ.si.kʰjʌ],[nɛ.ga.gu.gjʌŋ.si.kʰjʌ]
보안을 철저히,6,[po.an.ɯl.tʃʰʌl.tʃʌ.hi],[bo.an.ɯl.tʃʰʌl.tʃʌ.hi]
함께 뭉쳐서,6,[ham.k͈e.muŋ.tʃʰjʌ.sʌ],[ham.k͈e.muŋ.tʃʰjʌ.sʌ]
공격의 배후가,6,[koŋ.kjʌk̚.ɯi.pɛ.hu.ka],[goŋ.gjʌk̚.ɯi.bɛ.hu.ga]
함께 뭐,6,[ham.k͈e.mwʌ],[ham.k͈e.mwʌ]
공격을 했어요,6,[koŋ.kjʌk̚.ɯl.hɛt̚.ʌ.jo],[goŋ.gjʌk̚.ɯl.hɛt̚.ʌ.jo]
함께 뭔가를,6,[ham.k͈e.mwʌŋ.ka.ɾɯl],[ham.k͈e.mwʌŋ.ka.ɾɯl]
함께 미국,6,[ham.k͈e.mi.kuk̚],[ham.k͈e.mi.guk̚]
함께 뭘,6,[ham.k͈e.mwʌl],[ham.k͈e.mwʌl]
보안이 너무,6,[po.an.i.nʌ.mu],[bo.an.i.nʌ.mu]
함께 미국으로,6,[ham.k͈e.mi.kuk̚.ɯ.ɾo],[ham.k͈e.mi.guk̚.ɯ.ɾo]
내가 구하지 못한,6,[nɛ.ka.ku.ha.tʃi.mot̚.han],[nɛ.ga.gu.ha.dʒi.mot̚.han]
함께 밥을,6,[ham.k͈e.pap̚.ɯl],[ham.k͈e.bap̚.ɯl]
보안이 잘,6,[po.an.i.tʃal],[bo.an.i.dʒal]
함께 배를 타고,6,[ham.k͈e.pɛ.ɾɯl.tʰa.ko],[ham.k͈e.bɛ.ɾɯl.tʰa.go]
보안이 철저해서,6,[po.an.i.tʃʰʌl.tʃʌ.hɛ.sʌ],[bo.an.i.tʃʰʌl.tʃʌ.hɛ.sʌ]
공격이 시작되면,6,[koŋ.kjʌk̚.i.si.tʃak̚.twe.mjʌn],[goŋ.gjʌk̚.i.si.dʒak̚.twe.mjʌn]
함께 보내고 싶어요,6,[ham.k͈e.po.nɛ.ko.sip̚.ʌ.jo],[ham.k͈e.bo.nɛ.go.sip̚.ʌ.jo]
후에 돌아오겠습니다,6,[hu.e.tol.a.o.ket̚.sɯp̚.ni.ta],[hu.e.dol.a.o.get̚.sɯp̚.ni.da]
값진 걸,6,[kap̚.tʃiŋ.kʌl],[gap̚.tʃin.gʌl]
공격이 시작되었고,6,[koŋ.kjʌk̚.i.si.tʃak̚.twe.ʌt̚.ko],[goŋ.gjʌk̚.i.si.dʒak̚.twe.ʌt̚.ko]
내가 구할게,6,[nɛ.ka.ku.hal.ke],[nɛ.ga.gu.hal.ke]
내가 구해 준,6,[nɛ.ka.ku.hɛ.tʃun],[nɛ.ga.gu.hɛ.dʒun]
보았다 난,6,[po.at̚.ta.nan],[bo.at̚.ta.nan]
보았다 나는,6,[po.at̚.ta.na.nɯn],[bo.at̚.ta.na.nɯn]
함께 보냈죠,6,[ham.k͈e.po.nɛt̚.tʃjo],[ham.k͈e.bo.nɛt̚.tʃjo]
O 형,6,[hjʌŋ],[hjʌŋ]
보았다 이,6,[po.at̚.ta.i],[bo.at̚.ta.i]
공격이 아니야,6,[koŋ.kjʌk̚.i.a.ni.ja],[goŋ.gjʌk̚.i.a.ni.ja]
후에 떠납니다,6,[hu.e.t͈ʌ.nap̚.ni.ta],[hu.e.t͈ʌ.nap̚.ni.da]
보았다고 말했다,6,[po.at̚.ta.ko.mal.hɛt̚.ta],[bo.at̚.ta.go.mal.hɛt̚.ta]
보았던 가장,6,[po.at̚.tʌŋ.ka.tʃaŋ],[bo.at̚.tʌn.ga.dʒaŋ]
함께 북쪽을,6,[ham.k͈e.puk̚.tʃ͈ok̚.ɯl],[ham.k͈e.buk̚.tʃ͈ok̚.ɯl]
값진 교훈을,6,[kap̚.tʃiŋ.kjo.hun.ɯl],[gap̚.tʃin.gjo.hun.ɯl]
함께 북쪽을 지키는 거야,6,[ham.k͈e.puk̚.tʃ͈ok̚.ɯl.tʃi.kʰi.nɯŋ.kʌ.ja],[ham.k͈e.buk̚.tʃ͈ok̚.ɯl.dʒi.kʰi.nɯn.gʌ.ja]
함께 북쪽을 지키는,6,[ham.k͈e.puk̚.tʃ͈ok̚.ɯl.tʃi.kʰi.nɯn],[ham.k͈e.buk̚.tʃ͈ok̚.ɯl.dʒi.kʰi.nɯn]
보았던 가장 시원한 물건이다,6,[po.at̚.tʌŋ.ka.tʃaŋ.si.wʌn.han.mul.kʌn.i.ta],[bo.at̚.tʌn.ga.dʒaŋ.si.wʌn.han.mul.kʌn.i.da]
함께 비행기를,6,[ham.k͈e.pi.hɛŋ.ki.ɾɯl],[ham.k͈e.bi.hɛŋ.gi.ɾɯl]
공격이 임박했다는,6,[koŋ.kjʌk̚.i.im.pak̚.hɛt̚.ta.nɯn],[goŋ.gjʌk̚.i.im.pak̚.hɛt̚.ta.nɯn]
함께 사는 건,6,[ham.k͈e.sa.nɯŋ.kʌn],[ham.k͈e.sa.nɯn.gʌn]
함께 사는 거야,6,[ham.k͈e.sa.nɯŋ.kʌ.ja],[ham.k͈e.sa.nɯn.gʌ.ja]
함께 사라졌다,6,[ham.k͈e.sa.ɾa.tʃjʌt̚.ta],[ham.k͈e.sa.ɾa.dʒjʌt̚.ta]
내가 구해줬잖아,6,[nɛ.ka.ku.hɛ.tʃwʌt̚.tʃan.a],[nɛ.ga.gu.hɛ.dʒwʌt̚.tʃan.a]
함께 사라지는,6,[ham.k͈e.sa.ɾa.tʃi.nɯn],[ham.k͈e.sa.ɾa.dʒi.nɯn]
함께 산다는,6,[ham.k͈e.san.ta.nɯn],[ham.k͈e.san.ta.nɯn]
함께 산을,6,[ham.k͈e.san.ɯl],[ham.k͈e.san.ɯl]
내가 구했지,6,[nɛ.ka.ku.hɛt̚.tʃi],[nɛ.ga.gu.hɛt̚.tʃi]
공격이 있었다는,6,[koŋ.kjʌk̚.i.it̚.ʌt̚.ta.nɯn],[goŋ.gjʌk̚.i.it̚.ʌt̚.ta.nɯn]
함께 살고 있다,6,[ham.k͈e.sal.ko.it̚.ta],[ham.k͈e.sal.ko.it̚.ta]
함께 살고 있습니다,6,[ham.k͈e.sal.ko.it̚.sɯp̚.ni.ta],[ham.k͈e.sal.ko.it̚.sɯp̚.ni.da]
Boom Boom Boom Boom,6,,
내가 군대에,6,[nɛ.ka.kun.tɛ.e],[nɛ.ga.gun.tɛ.e]
함께 살아가고,6,[ham.k͈e.sal.a.ka.ko],[ham.k͈e.sal.a.ga.go]
후에 밖으로,6,[hu.e.pak̚.ɯ.ɾo],[hu.e.bak̚.ɯ.ɾo]
함께 살아남을,6,[ham.k͈e.sal.a.nam.ɯl],[ham.k͈e.sal.a.nam.ɯl]
보여 그만,6,[po.jʌ.kɯ.man],[bo.jʌ.gɯ.man]
보여 그의,6,[po.jʌ.kɯ.ɯi],[bo.jʌ.gɯ.ɯi]
내가 궁금한 건 왜,6,[nɛ.ka.kuŋ.kɯm.haŋ.kʌn.wɛ],[nɛ.ga.guŋ.gɯm.han.gʌn.wɛ]
함께 살자고,6,[ham.k͈e.sal.tʃa.ko],[ham.k͈e.sal.tʃa.go]
내가 궁금한 건 이,6,[nɛ.ka.kuŋ.kɯm.haŋ.kʌn.i],[nɛ.ga.guŋ.gɯm.han.gʌn.i]
함께 새 삶을,6,[ham.k͈e.sɛ.sam.ɯl],[ham.k͈e.sɛ.sam.ɯl]
함께 새로운 삶을,6,[ham.k͈e.sɛ.ɾo.un.sam.ɯl],[ham.k͈e.sɛ.ɾo.un.sam.ɯl]
내가 궁금한건,6,[nɛ.ka.kuŋ.kɯm.haŋ.kʌn],[nɛ.ga.guŋ.gɯm.haŋ.kʌn]
보여 너도,6,[po.jʌ.nʌ.to],[bo.jʌ.nʌ.do]
quick word,6,,
함께 손을 잡고,6,[ham.k͈e.son.ɯl.tʃap̚.ko],[ham.k͈e.son.ɯl.dʒap̚.ko]
함께 숨을,6,[ham.k͈e.sum.ɯl],[ham.k͈e.sum.ɯl]
함께 시작한,6,[ham.k͈e.si.tʃak̚.han],[ham.k͈e.si.dʒak̚.han]
함께 시간을 보냈다,6,[ham.k͈e.si.kan.ɯl.po.nɛt̚.ta],[ham.k͈e.si.gan.ɯl.bo.nɛt̚.ta]
함께 시작할,6,[ham.k͈e.si.tʃak̚.hal],[ham.k͈e.si.dʒak̚.hal]
보여 다,6,[po.jʌ.ta],[bo.jʌ.da]
보여 다른,6,[po.jʌ.ta.ɾɯn],[bo.jʌ.da.ɾɯn]
내가 귀신이,6,[nɛ.ka.kwi.sin.i],[nɛ.ga.gwi.sin.i]
함께 싸웁시다,6,[ham.k͈e.s͈a.up̚.si.ta],[ham.k͈e.s͈a.up̚.si.da]
함께 싸울 거야,6,[ham.k͈e.s͈a.ul.kʌ.ja],[ham.k͈e.s͈a.ul.gʌ.ja]
보여 달래,6,[po.jʌ.tal.ɾɛ],[bo.jʌ.dal.ɾɛ]
보여 다시,6,[po.jʌ.ta.si],[bo.jʌ.da.si]
함께 안녕,6,[ham.k͈e.an.njʌŋ],[ham.k͈e.an.njʌŋ]
내가 그 날을,6,[nɛ.ka.kɯ.nal.ɯl],[nɛ.ga.gɯ.nal.ɯl]
함께 얘기했던 것,6,[ham.k͈e.jɛ.ki.hɛt̚.tʌŋ.kʌt̚],[ham.k͈e.jɛ.gi.hɛt̚.tʌn.gʌt̚]
함께 어,6,[ham.k͈e.ʌ],[ham.k͈e.ʌ]
함께 얘기했던,6,[ham.k͈e.jɛ.ki.hɛt̚.tʌn],[ham.k͈e.jɛ.gi.hɛt̚.tʌn]
보여 드리고 싶은,6,[po.jʌ.tɯ.ɾi.ko.sip̚.ɯn],[bo.jʌ.dɯ.ɾi.go.sip̚.ɯn]
보여 드리고 싶어요,6,[po.jʌ.tɯ.ɾi.ko.sip̚.ʌ.jo],[bo.jʌ.dɯ.ɾi.go.sip̚.ʌ.jo]
후에 안,6,[hu.e.an],[hu.e.an]
함께 어울리는,6,[ham.k͈e.ʌ.ul.ɾi.nɯn],[ham.k͈e.ʌ.ul.ɾi.nɯn]
함께 여기 있어,6,[ham.k͈e.jʌ.ki.it̚.ʌ],[ham.k͈e.jʌ.gi.it̚.ʌ]
함께 여행하는,6,[ham.k͈e.jʌ.hɛŋ.ha.nɯn],[ham.k͈e.jʌ.hɛŋ.ha.nɯn]
함께 여행하고,6,[ham.k͈e.jʌ.hɛŋ.ha.ko],[ham.k͈e.jʌ.hɛŋ.ha.go]
함께 여행도,6,[ham.k͈e.jʌ.hɛŋ.to],[ham.k͈e.jʌ.hɛŋ.do]
내가 그 놈을,6,[nɛ.ka.kɯ.nom.ɯl],[nɛ.ga.gɯ.nom.ɯl]
내가 그 녀석,6,[nɛ.ka.kɯ.njʌ.sʌk̚],[nɛ.ga.gɯ.njʌ.sʌk̚]
O.G. 는,6,[nɯn],[nɯn]
후에 여기에,6,[hu.e.jʌ.ki.e],[hu.e.jʌ.gi.e]
함께 오늘 밤,6,[ham.k͈e.o.nɯl.pam],[ham.k͈e.o.nɯl.bam]
내가 그 느낌을,6,[nɛ.ka.kɯ.nɯ.k͈im.ɯl],[nɛ.ga.gɯ.nɯ.k͈im.ɯl]
이번 앨범,6,[i.pʌn.ɛl.pʌm],[i.bʌn.ɛl.pʌm]
내가 그 대가를,6,[nɛ.ka.kɯ.tɛ.ka.ɾɯl],[nɛ.ga.gɯ.dɛ.ga.ɾɯl]
내가 그 돈,6,[nɛ.ka.kɯ.ton],[nɛ.ga.gɯ.don]
내가 그 두,6,[nɛ.ka.kɯ.tu],[nɛ.ga.gɯ.du]
내가 그 뒤를,6,[nɛ.ka.kɯ.twi.ɾɯl],[nɛ.ga.gɯ.dwi.ɾɯl]
함께 우릴,6,[ham.k͈e.u.ɾil],[ham.k͈e.u.ɾil]
보여 아냐,6,[po.jʌ.a.nja],[bo.jʌ.a.nja]
내가 그 많은,6,[nɛ.ka.kɯ.man.ɯn],[nɛ.ga.gɯ.man.ɯn]
함께 움직이는,6,[ham.k͈e.un.tʃik̚.i.nɯn],[ham.k͈e.un.tʃik̚.i.nɯn]
함께 움직이고,6,[ham.k͈e.un.tʃik̚.i.ko],[ham.k͈e.un.tʃik̚.i.go]
보여 아,6,[po.jʌ.a],[bo.jʌ.a]
함께 웃었던 것,6,[ham.k͈e.ut̚.ʌt̚.tʌŋ.kʌt̚],[ham.k͈e.ut̚.ʌt̚.tʌn.gʌt̚]
함께 웃었던,6,[ham.k͈e.ut̚.ʌt̚.tʌn],[ham.k͈e.ut̚.ʌt̚.tʌn]
공격하는 겁니다,6,[koŋ.kjʌk̚.ha.nɯŋ.kʌp̚.ni.ta],[goŋ.gjʌk̚.ha.nɯn.gʌp̚.ni.da]
be right here,6,,
함께 이 전쟁을,6,[ham.k͈e.i.tʃʌn.tʃɛŋ.ɯl],[ham.k͈e.i.dʒʌn.tʃɛŋ.ɯl]
quite believe,6,,
보여 어떤,6,[po.jʌ.ʌ.t͈ʌn],[bo.jʌ.ʌ.t͈ʌn]
함께 이겨,6,[ham.k͈e.i.kjʌ],[ham.k͈e.i.gjʌ]
함께 이것을,6,[ham.k͈e.i.kʌt̚.ɯl],[ham.k͈e.i.gʌt̚.ɯl]
내가 그 멍청한,6,[nɛ.ka.kɯ.mʌŋ.tʃʰʌŋ.han],[nɛ.ga.gɯ.mʌŋ.tʃʰʌŋ.han]
함께 이곳에서,6,[ham.k͈e.i.kot̚.e.sʌ],[ham.k͈e.i.got̚.e.sʌ]
함께 이봐,6,[ham.k͈e.i.pwa],[ham.k͈e.i.bwa]
함께 이제,6,[ham.k͈e.i.tʃe],[ham.k͈e.i.dʒe]
O.G. 의,6,[ɯi],[ɯi]
함께 일하기 위해,6,[ham.k͈e.il.ha.ki.wi.hɛ],[ham.k͈e.il.ha.gi.wi.hɛ]
내가 그 사람들,6,[nɛ.ka.kɯ.sa.ɾan.tɯl],[nɛ.ga.gɯ.sa.ɾan.tɯl]
함께 일하는 거,6,[ham.k͈e.il.ha.nɯŋ.kʌ],[ham.k͈e.il.ha.nɯn.gʌ]
함께 일하는 걸,6,[ham.k͈e.il.ha.nɯŋ.kʌl],[ham.k͈e.il.ha.nɯn.gʌl]
내가 그 사람들한테,6,[nɛ.ka.kɯ.sa.ɾan.tɯl.han.tʰe],[nɛ.ga.gɯ.sa.ɾan.tɯl.han.tʰe]
공격하려는 거야,6,[koŋ.kjʌk̚.ha.ɾjʌ.nɯŋ.kʌ.ja],[goŋ.gjʌk̚.ha.ɾjʌ.nɯn.gʌ.ja]
보여 잠깐만,6,[po.jʌ.tʃam.k͈an.man],[bo.jʌ.dʒam.k͈an.man]
함께 일하도록,6,[ham.k͈e.il.ha.to.ɾok̚],[ham.k͈e.il.ha.do.ɾok̚]
분명히 들었는데,6,[pun.mjʌŋ.hi.tɯl.ʌt̚.nɯn.te],[bun.mjʌŋ.hi.dɯl.ʌt̚.nɯn.te]
갓난아기를 살해하라고 한,6,[kat̚.nan.a.ki.ɾɯl.sal.hɛ.ha.ɾa.ko.han],[gat̚.nan.a.gi.ɾɯl.sal.hɛ.ha.ɾa.go.han]
갓난아기를 살해하라고,6,[kat̚.nan.a.ki.ɾɯl.sal.hɛ.ha.ɾa.ko],[gat̚.nan.a.gi.ɾɯl.sal.hɛ.ha.ɾa.go]
함께 일할 수 있어서,6,[ham.k͈e.il.hal.su.it̚.ʌ.sʌ],[ham.k͈e.il.hal.su.it̚.ʌ.sʌ]
함께 일할 수 있는,6,[ham.k͈e.il.hal.su.it̚.nɯn],[ham.k͈e.il.hal.su.it̚.nɯn]
함께 일할 수도 있어요,6,[ham.k͈e.il.hal.su.to.it̚.ʌ.jo],[ham.k͈e.il.hal.su.do.it̚.ʌ.jo]
공격하지 않고,6,[koŋ.kjʌk̚.ha.tʃi.aŋ.ko],[goŋ.gjʌk̚.ha.dʒi.aŋ.ko]
갓난아기를 살해하라고 한 걸,6,[kat̚.nan.a.ki.ɾɯl.sal.hɛ.ha.ɾa.ko.haŋ.kʌl],[gat̚.nan.a.gi.ɾɯl.sal.hɛ.ha.ɾa.go.han.gʌl]
함께 일했다고,6,[ham.k͈e.il.hɛt̚.ta.ko],[ham.k͈e.il.hɛt̚.ta.go]
갓프리 役,6,[kat̚.pʰɯ.ɾi],[gat̚.pʰɯ.ɾi]
관해 들었어,6,[kwan.hɛ.tɯl.ʌt̚.ʌ],[gwan.hɛ.dɯl.ʌt̚.ʌ]
함께 있게 될,6,[ham.k͈e.it̚.ke.twel],[ham.k͈e.it̚.ke.dwel]
내가 그 애한테,6,[nɛ.ka.kɯ.ɛ.han.tʰe],[nɛ.ga.gɯ.ɛ.han.tʰe]
내가 그 약을,6,[nɛ.ka.kɯ.jak̚.ɯl],[nɛ.ga.gɯ.jak̚.ɯl]
함께 있기 위해서,6,[ham.k͈e.it̚.ki.wi.hɛ.sʌ],[ham.k͈e.it̚.ki.wi.hɛ.sʌ]
함께 있기 위해,6,[ham.k͈e.it̚.ki.wi.hɛ],[ham.k͈e.it̚.ki.wi.hɛ]
보여 주는 건,6,[po.jʌ.tʃu.nɯŋ.kʌn],[bo.jʌ.dʒu.nɯn.gʌn]
함께 있네요,6,[ham.k͈e.it̚.ne.jo],[ham.k͈e.it̚.ne.jo]
보여 주는 것,6,[po.jʌ.tʃu.nɯŋ.kʌt̚],[bo.jʌ.dʒu.nɯn.gʌt̚]
Didn''t you ever,6,,
후에 해도,6,[hu.e.hɛ.to],[hu.e.hɛ.do]
함께 있는 걸 본,6,[ham.k͈e.it̚.nɯŋ.kʌl.pon],[ham.k͈e.it̚.nɯn.gʌl.bon]
함께 있는 걸 보면,6,[ham.k͈e.it̚.nɯŋ.kʌl.po.mjʌn],[ham.k͈e.it̚.nɯn.gʌl.bo.mjʌn]
공격하지 않아요,6,[koŋ.kjʌk̚.ha.tʃi.an.a.jo],[goŋ.gjʌk̚.ha.dʒi.an.a.jo]
이번 일은 너무,6,[i.pʌn.il.ɯn.nʌ.mu],[i.bʌn.il.ɯn.nʌ.mu]
함께 있는 것이,6,[ham.k͈e.it̚.nɯŋ.kʌt̚.i],[ham.k͈e.it̚.nɯn.gʌt̚.i]
공격하지 않았어,6,[koŋ.kjʌk̚.ha.tʃi.an.at̚.ʌ],[goŋ.gjʌk̚.ha.dʒi.an.at̚.ʌ]
보여 주려던,6,[po.jʌ.tʃu.ɾjʌ.tʌn],[bo.jʌ.dʒu.ɾjʌ.dʌn]
함께 있는 시간을,6,[ham.k͈e.it̚.nɯn.si.kan.ɯl],[ham.k͈e.it̚.nɯn.si.gan.ɯl]
함께 있는 줄,6,[ham.k͈e.it̚.nɯn.tʃul],[ham.k͈e.it̚.nɯn.dʒul]
내가 그 옆에,6,[nɛ.ka.kɯ.jʌp̚.e],[nɛ.ga.gɯ.jʌp̚.e]
내가 그 옆에 있을,6,[nɛ.ka.kɯ.jʌp̚.e.it̚.ɯl],[nɛ.ga.gɯ.jʌp̚.e.it̚.ɯl]
공격하지 않았지 왜지,6,[koŋ.kjʌk̚.ha.tʃi.an.at̚.tʃi.wɛ.tʃi],[goŋ.gjʌk̚.ha.dʒi.an.at̚.tʃi.wɛ.dʒi]
함께 있다고요,6,[ham.k͈e.it̚.ta.ko.jo],[ham.k͈e.it̚.ta.go.jo]
내가 그 이야기를,6,[nɛ.ka.kɯ.i.ja.ki.ɾɯl],[nɛ.ga.gɯ.i.ja.gi.ɾɯl]
함께 있더군,6,[ham.k͈e.it̚.tʌ.kun],[ham.k͈e.it̚.tʌ.gun]
보여 주셨죠,6,[po.jʌ.tʃu.sjʌt̚.tʃjo],[bo.jʌ.dʒu.sjʌt̚.tʃjo]
공격하지 않으면,6,[koŋ.kjʌk̚.ha.tʃi.an.ɯ.mjʌn],[goŋ.gjʌk̚.ha.dʒi.an.ɯ.mjʌn]
내가 그 이유를,6,[nɛ.ka.kɯ.i.ju.ɾɯl],[nɛ.ga.gɯ.i.ju.ɾɯl]
보여 주시고,6,[po.jʌ.tʃu.si.ko],[bo.jʌ.dʒu.si.go]
함께 있어 할 수,6,[ham.k͈e.it̚.ʌ.hal.su],[ham.k͈e.it̚.ʌ.hal.su]
함께 있어 할,6,[ham.k͈e.it̚.ʌ.hal],[ham.k͈e.it̚.ʌ.hal]
내가 그 인간,6,[nɛ.ka.kɯ.iŋ.kan],[nɛ.ga.gɯ.iŋ.kan]
함께 있어줘서,6,[ham.k͈e.it̚.ʌ.tʃwʌ.sʌ],[ham.k͈e.it̚.ʌ.dʒwʌ.sʌ]
후원자가 되어,6,[hu.wʌn.tʃa.ka.twe.ʌ],[hu.wʌn.tʃa.ga.dwe.ʌ]
함께 있었다고요,6,[ham.k͈e.it̚.ʌt̚.ta.ko.jo],[ham.k͈e.it̚.ʌt̚.ta.go.jo]
내가 그 자식한테,6,[nɛ.ka.kɯ.tʃa.sik̚.han.tʰe],[nɛ.ga.gɯ.dʒa.sik̚.han.tʰe]
보여 주지 마,6,[po.jʌ.tʃu.tʃi.ma],[bo.jʌ.dʒu.dʒi.ma]
보여 주지도,6,[po.jʌ.tʃu.tʃi.to],[bo.jʌ.dʒu.dʒi.do]
후원하는 캡션,6,[hu.wʌn.ha.nɯŋ.kʰɛp̚.sjʌn],[hu.wʌn.ha.nɯŋ.kʰɛp̚.sjʌn]
rage on 폭풍,6,[pʰok̚.pʰuŋ],[pʰok̚.pʰuŋ]
후작마저 질려버릴 정도로,6,[hu.tʃak̚.ma.tʃʌ.tʃil.ɾjʌ.pʌ.ɾil.tʃʌŋ.to.ɾo],[hu.dʒak̚.ma.dʒʌ.dʒil.ɾjʌ.bʌ.ɾil.dʒʌŋ.do.ɾo]
함께 있을 때도,6,[ham.k͈e.it̚.ɯl.t͈ɛ.to],[ham.k͈e.it̚.ɯl.t͈ɛ.do]
후작마저 질려버릴 정도로 거리의,6,[hu.tʃak̚.ma.tʃʌ.tʃil.ɾjʌ.pʌ.ɾil.tʃʌŋ.to.ɾo.kʌ.ɾi.ɯi],[hu.dʒak̚.ma.dʒʌ.dʒil.ɾjʌ.bʌ.ɾil.dʒʌŋ.do.ɾo.gʌ.ɾi.ɯi]
내가 그 집에,6,[nɛ.ka.kɯ.tʃip̚.e],[nɛ.ga.gɯ.dʒip̚.e]
함께 있지 않을,6,[ham.k͈e.it̚.tʃi.an.ɯl],[ham.k͈e.it̚.tʃi.an.ɯl]
내가 그 책을,6,[nɛ.ka.kɯ.tʃʰɛk̚.ɯl],[nɛ.ga.gɯ.tʃʰɛk̚.ɯl]
함께 자라고,6,[ham.k͈e.tʃa.ɾa.ko],[ham.k͈e.dʒa.ɾa.go]
후이루 후이루,6,[hu.i.ɾu.hu.i.ɾu],[hu.i.ɾu.hu.i.ɾu]
함께 자라지,6,[ham.k͈e.tʃa.ɾa.tʃi],[ham.k͈e.dʒa.ɾa.dʒi]
분명히 몇,6,[pun.mjʌŋ.hi.mjʌt̚],[bun.mjʌŋ.hi.mjʌt̚]
함께 자랐고,6,[ham.k͈e.tʃa.ɾat̚.ko],[ham.k͈e.dʒa.ɾat̚.ko]
공격한 것도,6,[koŋ.kjʌk̚.haŋ.kʌt̚.to],[goŋ.gjʌk̚.han.gʌt̚.to]
Boom boom boom,6,,
보여 줄께,6,[po.jʌ.tʃul.k͈e],[bo.jʌ.dʒul.k͈e]
분명히 무기의 근원입니다,6,[pun.mjʌŋ.hi.mu.ki.ɯi.kɯn.wʌn.ip̚.ni.ta],[bun.mjʌŋ.hi.mu.gi.ɯi.gɯn.wʌn.ip̚.ni.da]
공격한 것에,6,[koŋ.kjʌk̚.haŋ.kʌt̚.e],[goŋ.gjʌk̚.han.gʌt̚.e]
rage on 폭풍 몰아,6,[pʰok̚.pʰuŋ.mol.a],[pʰok̚.pʰuŋ.mol.a]
공격한 것처럼,6,[koŋ.kjʌk̚.haŋ.kʌt̚.tʃʰʌ.ɾʌm],[goŋ.gjʌk̚.han.gʌt̚.tʃʰʌ.ɾʌm]
후쿠 씨,6,[hu.kʰu.s͈i],[hu.kʰu.s͈i]
함께 제가,6,[ham.k͈e.tʃe.ka],[ham.k͈e.dʒe.ga]
보여 줘 이,6,[po.jʌ.tʃwʌ.i],[bo.jʌ.dʒwʌ.i]
함께 죽겠죠,6,[ham.k͈e.tʃuk̚.ket̚.tʃjo],[ham.k͈e.dʒuk̚.ket̚.tʃjo]
함께 죽어,6,[ham.k͈e.tʃuk̚.ʌ],[ham.k͈e.dʒuk̚.ʌ]
후퇴해야 합니다,6,[hu.tʰwe.hɛ.ja.hap̚.ni.ta],[hu.tʰwe.hɛ.ja.hap̚.ni.da]
내가 그걸 못,6,[nɛ.ka.kɯ.kʌl.mot̚],[nɛ.ga.gɯ.gʌl.mot̚]
함께 즐기는,6,[ham.k͈e.tʃɯl.ki.nɯn],[ham.k͈e.dʒɯl.ki.nɯn]
보여 줘야겠어,6,[po.jʌ.tʃwʌ.ja.ket̚.ʌ],[bo.jʌ.dʒwʌ.ja.get̚.ʌ]
내가 그걸 믿을,6,[nɛ.ka.kɯ.kʌl.mit̚.ɯl],[nɛ.ga.gɯ.gʌl.mit̚.ɯl]
공격한 남자,6,[koŋ.kjʌk̚.han.nan.tʃa],[goŋ.gjʌk̚.han.nan.tʃa]
후한 기부,6,[hu.haŋ.ki.pu],[hu.han.gi.bu]
이번 주만 벌써,6,[i.pʌn.tʃu.mam.pʌl.s͈ʌ],[i.bʌn.dʒu.man.bʌl.s͈ʌ]
내가 그걸 알고,6,[nɛ.ka.kɯ.kʌl.al.ko],[nɛ.ga.gɯ.gʌl.al.ko]
see you tonight,6,,
함께 지내도,6,[ham.k͈e.tʃi.nɛ.to],[ham.k͈e.dʒi.nɛ.do]
함께 지내야,6,[ham.k͈e.tʃi.nɛ.ja],[ham.k͈e.dʒi.nɛ.ja]
rain combining,6,,
보여 줬던,6,[po.jʌ.tʃwʌt̚.tʌn],[bo.jʌ.dʒwʌt̚.tʌn]
함께 지냈는데,6,[ham.k͈e.tʃi.nɛt̚.nɯn.te],[ham.k͈e.dʒi.nɛt̚.nɯn.te]
함께 지냈어요,6,[ham.k͈e.tʃi.nɛt̚.ʌ.jo],[ham.k͈e.dʒi.nɛt̚.ʌ.jo]
be safe in,6,,
함께 지옥의,6,[ham.k͈e.tʃi.ok̚.ɯi],[ham.k͈e.dʒi.ok̚.ɯi]
보여 줬으면,6,[po.jʌ.tʃwʌt̚.ɯ.mjʌn],[bo.jʌ.dʒwʌt̚.ɯ.mjʌn]
공격한 사람을,6,[koŋ.kjʌk̚.han.sa.ɾam.ɯl],[goŋ.gjʌk̚.han.sa.ɾam.ɯl]
내가 그걸 정말,6,[nɛ.ka.kɯ.kʌl.tʃʌŋ.mal],[nɛ.ga.gɯ.gʌl.dʒʌŋ.mal]
갔기 때문이야,6,[kat̚.ki.t͈ɛ.mun.i.ja],[gat̚.ki.t͈ɛ.mun.i.ja]
함께 처음으로,6,[ham.k͈e.tʃʰʌ.ɯm.ɯ.ɾo],[ham.k͈e.tʃʰʌ.ɯm.ɯ.ɾo]
함께 책을,6,[ham.k͈e.tʃʰɛk̚.ɯl],[ham.k͈e.tʃʰɛk̚.ɯl]
함께 천국에 있게,6,[ham.k͈e.tʃʰʌŋ.kuk̚.e.it̚.ke],[ham.k͈e.tʃʰʌŋ.kuk̚.e.it̚.ke]
보여 파편으로,6,[po.jʌ.pʰa.pʰjʌn.ɯ.ɾo],[bo.jʌ.pʰa.pʰjʌn.ɯ.ɾo]
함께 천국에 있게 되겠죠,6,[ham.k͈e.tʃʰʌŋ.kuk̚.e.it̚.ke.twe.ket̚.tʃjo],[ham.k͈e.tʃʰʌŋ.kuk̚.e.it̚.ke.dwe.get̚.tʃjo]
보여 파편으로 더 잘,6,[po.jʌ.pʰa.pʰjʌn.ɯ.ɾo.tʌ.tʃal],[bo.jʌ.pʰa.pʰjʌn.ɯ.ɾo.dʌ.dʒal]
함께 추수감사절을,6,[ham.k͈e.tʃʰu.su.kam.sa.tʃʌl.ɯl],[ham.k͈e.tʃʰu.su.gam.sa.dʒʌl.ɯl]
보여 파편으로 더,6,[po.jʌ.pʰa.pʰjʌn.ɯ.ɾo.tʌ],[bo.jʌ.pʰa.pʰjʌn.ɯ.ɾo.dʌ]
함께 춤추는,6,[ham.k͈e.tʃʰun.tʃʰu.nɯn],[ham.k͈e.tʃʰun.tʃʰu.nɯn]
함께 춤춰요,6,[ham.k͈e.tʃʰun.tʃʰwʌ.jo],[ham.k͈e.tʃʰun.tʃʰwʌ.jo]
보여도 안,6,[po.jʌ.to.an],[bo.jʌ.do.an]
공격한 줄,6,[koŋ.kjʌk̚.han.tʃul],[goŋ.gjʌk̚.han.dʒul]
분명히 생각하고 있지,6,[pun.mjʌŋ.hi.sɛŋ.kak̚.ha.ko.it̚.tʃi],[bun.mjʌŋ.hi.sɛŋ.gak̚.ha.go.it̚.tʃi]
함께 탈,6,[ham.k͈e.tʰal],[ham.k͈e.tʰal]
함께 파괴되었다,6,[ham.k͈e.pʰa.kwe.twe.ʌt̚.ta],[ham.k͈e.pʰa.gwe.dwe.ʌt̚.ta]
함께 팀을,6,[ham.k͈e.tʰim.ɯl],[ham.k͈e.tʰim.ɯl]
함께 하게 되어,6,[ham.k͈e.ha.ke.twe.ʌ],[ham.k͈e.ha.ge.dwe.ʌ]
보여드리고 싶습니다,6,[po.jʌ.tɯ.ɾi.ko.sip̚.sɯp̚.ni.ta],[bo.jʌ.dɯ.ɾi.go.sip̚.sɯp̚.ni.da]
함께 하겠어,6,[ham.k͈e.ha.ket̚.ʌ],[ham.k͈e.ha.get̚.ʌ]
보여드리고 싶은 게,6,[po.jʌ.tɯ.ɾi.ko.sip̚.ɯŋ.ke],[bo.jʌ.dɯ.ɾi.go.sip̚.ɯn.ge]
공격할 거다,6,[koŋ.kjʌk̚.hal.kʌ.ta],[goŋ.gjʌk̚.hal.gʌ.da]
함께 하고 있어요,6,[ham.k͈e.ha.ko.it̚.ʌ.jo],[ham.k͈e.ha.go.it̚.ʌ.jo]
rain will,6,,
함께 하는 것이,6,[ham.k͈e.ha.nɯŋ.kʌt̚.i],[ham.k͈e.ha.nɯn.gʌt̚.i]
보여드릴 수는 없고,6,[po.jʌ.tɯ.ɾil.su.nɯn.ʌp̚.ko],[bo.jʌ.dɯ.ɾil.su.nɯn.ʌp̚.ko]
보여드릴 수는 없고 크루친스키,6,[po.jʌ.tɯ.ɾil.su.nɯn.ʌp̚.ko.kʰɯ.ɾu.tʃʰin.sɯ.kʰi],[bo.jʌ.dɯ.ɾil.su.nɯn.ʌp̚.ko.kʰɯ.ɾu.tʃʰin.sɯ.kʰi]
내가 그곳에서,6,[nɛ.ka.kɯ.kot̚.e.sʌ],[nɛ.ga.gɯ.got̚.e.sʌ]
함께 하라고,6,[ham.k͈e.ha.ɾa.ko],[ham.k͈e.ha.ɾa.go]
보여드릴게 있어요,6,[po.jʌ.tɯ.ɾil.ke.it̚.ʌ.jo],[bo.jʌ.dɯ.ɾil.ke.it̚.ʌ.jo]
내가 그곳으로,6,[nɛ.ka.kɯ.kot̚.ɯ.ɾo],[nɛ.ga.gɯ.got̚.ɯ.ɾo]
함께 하면서,6,[ham.k͈e.ha.mjʌn.sʌ],[ham.k͈e.ha.mjʌn.sʌ]
보여서 나도,6,[po.jʌ.sʌ.na.to],[bo.jʌ.sʌ.na.do]
보여서 그,6,[po.jʌ.sʌ.kɯ],[bo.jʌ.sʌ.gɯ]
함께 하실 겁니다,6,[ham.k͈e.ha.sil.kʌp̚.ni.ta],[ham.k͈e.ha.sil.gʌp̚.ni.da]
후회되는구만 댁도 그럴거요 이만하면,6,[hu.hwe.twe.nɯŋ.ku.man.tɛk̚.to.kɯ.ɾʌl.kʌ.jo.i.man.ha.mjʌn],[hu.hwe.dwe.nɯŋ.ku.man.dɛk̚.to.gɯ.ɾʌl.kʌ.jo.i.man.ha.mjʌn]
함께 하십시오,6,[ham.k͈e.ha.sip̚.si.o],[ham.k͈e.ha.sip̚.si.o]
rain in Spain stays,6,,
함께 하지 못하는,6,[ham.k͈e.ha.tʃi.mot̚.ha.nɯn],[ham.k͈e.ha.dʒi.mot̚.ha.nɯn]
함께 하지 않으면,6,[ham.k͈e.ha.tʃi.an.ɯ.mjʌn],[ham.k͈e.ha.dʒi.an.ɯ.mjʌn]
함께 하진,6,[ham.k͈e.ha.tʃin],[ham.k͈e.ha.dʒin]
후회하게 해줄,6,[hu.hwe.ha.ke.hɛ.tʃul],[hu.hwe.ha.ge.hɛ.dʒul]
내가 운전할까요,6,[nɛ.ka.un.tʃʌn.hal.k͈a.jo],[nɛ.ga.un.tʃʌn.hal.k͈a.jo]
보여야 돼요,6,[po.jʌ.ja.twɛ.jo],[bo.jʌ.ja.dwɛ.jo]
갔나 했어,6,[kat̚.na.hɛt̚.ʌ],[gat̚.na.hɛt̚.ʌ]
보여야 하거든,6,[po.jʌ.ja.ha.kʌ.tɯn],[bo.jʌ.ja.ha.gʌ.dɯn]
함께 할 수 있다면,6,[ham.k͈e.hal.su.it̚.ta.mjʌn],[ham.k͈e.hal.su.it̚.ta.mjʌn]
함께 할 수 있다,6,[ham.k͈e.hal.su.it̚.ta],[ham.k͈e.hal.su.it̚.ta]
후회하고 있다,6,[hu.hwe.ha.ko.it̚.ta],[hu.hwe.ha.go.it̚.ta]
함께 할 수 있잖아,6,[ham.k͈e.hal.su.it̚.tʃan.a],[ham.k͈e.hal.su.it̚.tʃan.a]
보여야 한다고,6,[po.jʌ.ja.han.ta.ko],[bo.jʌ.ja.han.ta.go]
함께 할겁니다,6,[ham.k͈e.hal.kʌp̚.ni.ta],[ham.k͈e.hal.kʌp̚.ni.da]
함께 할거에요,6,[ham.k͈e.hal.kʌ.e.jo],[ham.k͈e.hal.kʌ.e.jo]
내가 그녀에게 말했을,6,[nɛ.ka.kɯ.njʌ.e.ke.mal.hɛt̚.ɯl],[nɛ.ga.gɯ.njʌ.e.ge.mal.hɛt̚.ɯl]
공격할 때까지,6,[koŋ.kjʌk̚.hal.t͈ɛ.k͈a.tʃi],[goŋ.gjʌk̚.hal.t͈ɛ.k͈a.dʒi]
함께 해 줄 거야,6,[ham.k͈e.hɛ.tʃul.kʌ.ja],[ham.k͈e.hɛ.dʒul.gʌ.ja]
함께 해결할 수,6,[ham.k͈e.hɛ.kjʌl.hal.su],[ham.k͈e.hɛ.gjʌl.hal.su]
내가 그녀의 생각을,6,[nɛ.ka.kɯ.njʌ.ɯi.sɛŋ.kak̚.ɯl],[nɛ.ga.gɯ.njʌ.ɯi.sɛŋ.gak̚.ɯl]
함께 해보니 우리는 새로운,6,[ham.k͈e.hɛ.po.ni.u.ɾi.nɯn.sɛ.ɾo.un],[ham.k͈e.hɛ.bo.ni.u.ɾi.nɯn.sɛ.ɾo.un]
함께 해보니 우리는,6,[ham.k͈e.hɛ.po.ni.u.ɾi.nɯn],[ham.k͈e.hɛ.bo.ni.u.ɾi.nɯn]
함께 해야 돼,6,[ham.k͈e.hɛ.ja.twɛ],[ham.k͈e.hɛ.ja.dwɛ]
보여요 그래요,6,[po.jʌ.jo.kɯ.ɾɛ.jo],[bo.jʌ.jo.gɯ.ɾɛ.jo]
후회하지 않겠어,6,[hu.hwe.ha.tʃi.aŋ.ket̚.ʌ],[hu.hwe.ha.dʒi.aŋ.ket̚.ʌ]
함께 해왔지,6,[ham.k͈e.hɛ.wat̚.tʃi],[ham.k͈e.hɛ.wat̚.tʃi]
be shy,6,,
함께 해주셔서 감사합니다,6,[ham.k͈e.hɛ.tʃu.sjʌ.sʌ.kam.sa.hap̚.ni.ta],[ham.k͈e.hɛ.dʒu.sjʌ.sʌ.gam.sa.hap̚.ni.da]
함께 했다 그리고 그,6,[ham.k͈e.hɛt̚.ta.kɯ.ɾi.ko.kɯ],[ham.k͈e.hɛt̚.ta.gɯ.ɾi.go.gɯ]
함께 했던 모든,6,[ham.k͈e.hɛt̚.tʌn.mo.tɯn],[ham.k͈e.hɛt̚.tʌn.mo.dɯn]
함께 했다 그리고,6,[ham.k͈e.hɛt̚.ta.kɯ.ɾi.ko],[ham.k͈e.hɛt̚.ta.gɯ.ɾi.go]
내가 그놈한테,6,[nɛ.ka.kɯ.nom.han.tʰe],[nɛ.ga.gɯ.nom.han.tʰe]
raise the roof,6,,
함께 헤쳐나갈 수,6,[ham.k͈e.he.tʃʰjʌ.na.kal.su],[ham.k͈e.he.tʃʰjʌ.na.gal.su]
raise you,6,,
Didn''t you ever think,6,,
보여요 맞아,6,[po.jʌ.jo.mat̚.a],[bo.jʌ.jo.mat̚.a]
내가 그대 포로인가,6,[nɛ.ka.kɯ.tɛ.pʰo.ɾo.iŋ.ka],[nɛ.ga.gɯ.dɛ.pʰo.ɾo.iŋ.ka]
공격할 수 있습니다,6,[koŋ.kjʌk̚.hal.su.it̚.sɯp̚.ni.ta],[goŋ.gjʌk̚.hal.su.it̚.sɯp̚.ni.da]
함께 휘파람 불어요 함께,6,[ham.k͈e.hwi.pʰa.ɾam.pul.ʌ.jo.ham.k͈e],[ham.k͈e.hwi.pʰa.ɾam.bul.ʌ.jo.ham.k͈e]
함께가 아니라,6,[ham.k͈e.ka.a.ni.ɾa],[ham.k͈e.ga.a.ni.ɾa]
보여요 아뇨,6,[po.jʌ.jo.a.njo],[bo.jʌ.jo.a.njo]
보여요 안,6,[po.jʌ.jo.an],[bo.jʌ.jo.an]
함께라면 우리는,6,[ham.k͈e.ɾa.mjʌn.u.ɾi.nɯn],[ham.k͈e.ɾa.mjʌn.u.ɾi.nɯn]
함께라면 언제나 즐거워 우린,6,[ham.k͈e.ɾa.mjʌn.ʌn.tʃe.na.tʃɯl.kʌ.wʌ.u.ɾin],[ham.k͈e.ɾa.mjʌn.ʌn.tʃe.na.dʒɯl.kʌ.wʌ.u.ɾin]
함께인 게,6,[ham.k͈e.iŋ.ke],[ham.k͈e.in.ge]
갔는데 그리고,6,[kat̚.nɯn.te.kɯ.ɾi.ko],[gat̚.nɯn.te.gɯ.ɾi.go]
함께일 수,6,[ham.k͈e.il.su],[ham.k͈e.il.su]
함께지 그들에 당적할 건,6,[ham.k͈e.tʃi.kɯ.tɯl.e.taŋ.tʃʌk̚.hal.kʌn],[ham.k͈e.dʒi.gɯ.dɯl.e.daŋ.dʒʌk̚.hal.gʌn]
함께지 그들에 당적할,6,[ham.k͈e.tʃi.kɯ.tɯl.e.taŋ.tʃʌk̚.hal],[ham.k͈e.dʒi.gɯ.dɯl.e.daŋ.dʒʌk̚.hal]
보여요 왜,6,[po.jʌ.jo.wɛ],[bo.jʌ.jo.wɛ]
함께하게 된,6,[ham.k͈e.ha.ke.twen],[ham.k͈e.ha.ge.dwen]
보여요 우리가,6,[po.jʌ.jo.u.ɾi.ka],[bo.jʌ.jo.u.ɾi.ga]
함께하고 섬기기를,6,[ham.k͈e.ha.ko.sʌm.ki.ki.ɾɯl],[ham.k͈e.ha.go.sʌm.ki.gi.ɾɯl]
함께하고 싶다고,6,[ham.k͈e.ha.ko.sip̚.ta.ko],[ham.k͈e.ha.go.sip̚.ta.go]
함께하고 싶습니다,6,[ham.k͈e.ha.ko.sip̚.sɯp̚.ni.ta],[ham.k͈e.ha.go.sip̚.sɯp̚.ni.da]
내가 그들을 죽였어,6,[nɛ.ka.kɯ.tɯl.ɯl.tʃuk̚.jʌt̚.ʌ],[nɛ.ga.gɯ.dɯl.ɯl.dʒuk̚.jʌt̚.ʌ]
함께하고 싶지 않아,6,[ham.k͈e.ha.ko.sip̚.tʃi.an.a],[ham.k͈e.ha.go.sip̚.tʃi.an.a]
후회되는구만 댁도 그럴거요,6,[hu.hwe.twe.nɯŋ.ku.man.tɛk̚.to.kɯ.ɾʌl.kʌ.jo],[hu.hwe.dwe.nɯŋ.ku.man.dɛk̚.to.gɯ.ɾʌl.kʌ.jo]
함께하길 바랍니다,6,[ham.k͈e.ha.kil.pa.ɾap̚.ni.ta],[ham.k͈e.ha.gil.ba.ɾap̚.ni.da]
함께하길 원해,6,[ham.k͈e.ha.kil.wʌn.hɛ],[ham.k͈e.ha.gil.wʌn.hɛ]
내가 그들처럼,6,[nɛ.ka.kɯ.tɯl.tʃʰʌ.ɾʌm],[nɛ.ga.gɯ.dɯl.tʃʰʌ.ɾʌm]
함께하는 거죠,6,[ham.k͈e.ha.nɯŋ.kʌ.tʃjo],[ham.k͈e.ha.nɯn.gʌ.dʒjo]
함께하는 것,6,[ham.k͈e.ha.nɯŋ.kʌt̚],[ham.k͈e.ha.nɯn.gʌt̚]
보여요 좋은,6,[po.jʌ.jo.tʃot̚.ɯn],[bo.jʌ.jo.dʒot̚.ɯn]
내가 그땐,6,[nɛ.ka.kɯ.t͈ɛn],[nɛ.ga.gɯ.t͈ɛn]
내가 그때까지,6,[nɛ.ka.kɯ.t͈ɛ.k͈a.tʃi],[nɛ.ga.gɯ.t͈ɛ.k͈a.dʒi]
보여주고 싶네요,6,[po.jʌ.tʃu.ko.sip̚.ne.jo],[bo.jʌ.dʒu.go.sip̚.ne.jo]
함께하면 좋겠어요,6,[ham.k͈e.ha.mjʌn.tʃot̚.ket̚.ʌ.jo],[ham.k͈e.ha.mjʌn.dʒot̚.ket̚.ʌ.jo]
함께하면 돼,6,[ham.k͈e.ha.mjʌn.twɛ],[ham.k͈e.ha.mjʌn.dwɛ]
함께하실 분,6,[ham.k͈e.ha.sil.pun],[ham.k͈e.ha.sil.bun]
후회할 텐데 우리,6,[hu.hwe.hal.tʰen.te.u.ɾi],[hu.hwe.hal.tʰen.te.u.ɾi]
함께하실 수,6,[ham.k͈e.ha.sil.su],[ham.k͈e.ha.sil.su]
함께하지 않아,6,[ham.k͈e.ha.tʃi.an.a],[ham.k͈e.ha.dʒi.an.a]
후회할까 봐,6,[hu.hwe.hal.k͈a.pwa],[hu.hwe.hal.k͈a.bwa]
함께한 게,6,[ham.k͈e.haŋ.ke],[ham.k͈e.han.ge]
함께한 것은,6,[ham.k͈e.haŋ.kʌt̚.ɯn],[ham.k͈e.han.gʌt̚.ɯn]
관해 물어봤어,6,[kwan.hɛ.mul.ʌ.pwat̚.ʌ],[gwan.hɛ.mul.ʌ.bwat̚.ʌ]
함께한다는 걸,6,[ham.k͈e.han.ta.nɯŋ.kʌl],[ham.k͈e.han.ta.nɯn.gʌl]
함께한 세월이 얼만데,6,[ham.k͈e.han.se.wʌl.i.ʌl.man.te],[ham.k͈e.han.se.wʌl.i.ʌl.man.te]
분명히 지금 우리들,6,[pun.mjʌŋ.hi.tʃi.kɯm.u.ɾi.tɯl],[bun.mjʌŋ.hi.dʒi.gɯm.u.ɾi.dɯl]
내가 그랬기,6,[nɛ.ka.kɯ.ɾɛt̚.ki],[nɛ.ga.gɯ.ɾɛt̚.ki]
함께할 거야 맹세할게,6,[ham.k͈e.hal.kʌ.ja.mɛŋ.se.hal.ke],[ham.k͈e.hal.gʌ.ja.mɛŋ.se.hal.ke]
훈련 과정에,6,[hul.ljʌŋ.kwa.tʃʌŋ.e],[hul.ljʌn.gwa.dʒʌŋ.e]
함께할 그,6,[ham.k͈e.hal.kɯ],[ham.k͈e.hal.gɯ]
훈련 과정을,6,[hul.ljʌŋ.kwa.tʃʌŋ.ɯl],[hul.ljʌn.gwa.dʒʌŋ.ɯl]
훈련 그리고,6,[hul.ljʌŋ.kɯ.ɾi.ko],[hul.ljʌn.gɯ.ɾi.go]
함께할 땐,6,[ham.k͈e.hal.t͈ɛn],[ham.k͈e.hal.t͈ɛn]
보여주고 우리,6,[po.jʌ.tʃu.ko.u.ɾi],[bo.jʌ.dʒu.go.u.ɾi]
함께할 사람이,6,[ham.k͈e.hal.sa.ɾam.i],[ham.k͈e.hal.sa.ɾam.i]
공격해 왜,6,[koŋ.kjʌk̚.hɛ.wɛ],[goŋ.gjʌk̚.hɛ.wɛ]
함께할 수 있다고,6,[ham.k͈e.hal.su.it̚.ta.ko],[ham.k͈e.hal.su.it̚.ta.go]
함께할 수 있다면,6,[ham.k͈e.hal.su.it̚.ta.mjʌn],[ham.k͈e.hal.su.it̚.ta.mjʌn]
함께할 수 있어서,6,[ham.k͈e.hal.su.it̚.ʌ.sʌ],[ham.k͈e.hal.su.it̚.ʌ.sʌ]
보여주기 싫어서,6,[po.jʌ.tʃu.ki.sil.ʌ.sʌ],[bo.jʌ.dʒu.gi.sil.ʌ.sʌ]
보여주기 싫었어,6,[po.jʌ.tʃu.ki.sil.ʌt̚.ʌ],[bo.jʌ.dʒu.gi.sil.ʌt̚.ʌ]
함께할 수도,6,[ham.k͈e.hal.su.to],[ham.k͈e.hal.su.do]
보여주기 싫은,6,[po.jʌ.tʃu.ki.sil.ɯn],[bo.jʌ.dʒu.gi.sil.ɯn]
내가 그랬다고 생각해,6,[nɛ.ka.kɯ.ɾɛt̚.ta.ko.sɛŋ.kak̚.hɛ],[nɛ.ga.gɯ.ɾɛt̚.ta.go.sɛŋ.gak̚.hɛ]
갔는데 당신이,6,[kat̚.nɯn.te.taŋ.sin.i],[gat̚.nɯn.te.daŋ.sin.i]
함께할 시간을,6,[ham.k͈e.hal.si.kan.ɯl],[ham.k͈e.hal.si.gan.ɯl]
내가 그랬다는 걸,6,[nɛ.ka.kɯ.ɾɛt̚.ta.nɯŋ.kʌl],[nɛ.ga.gɯ.ɾɛt̚.ta.nɯn.gʌl]
내가 그랬다는 거,6,[nɛ.ka.kɯ.ɾɛt̚.ta.nɯŋ.kʌ],[nɛ.ga.gɯ.ɾɛt̚.ta.nɯn.gʌ]
함께할 준비가,6,[ham.k͈e.hal.tʃum.pi.ka],[ham.k͈e.hal.dʒum.pi.ga]
함께할 자격이,6,[ham.k͈e.hal.tʃa.kjʌk̚.i],[ham.k͈e.hal.dʒa.gjʌk̚.i]
함께해 주세요,6,[ham.k͈e.hɛ.tʃu.se.jo],[ham.k͈e.hɛ.dʒu.se.jo]
함께할 텐가,6,[ham.k͈e.hal.tʰeŋ.ka],[ham.k͈e.hal.tʰeŋ.ka]
함께해 줘서 고마워,6,[ham.k͈e.hɛ.tʃwʌ.sʌ.ko.ma.wʌ],[ham.k͈e.hɛ.dʒwʌ.sʌ.go.ma.wʌ]
훈련 받았다,6,[hul.ljʌm.pat̚.at̚.ta],[hul.ljʌn.bat̚.at̚.ta]
함께해야 한다고,6,[ham.k͈e.hɛ.ja.han.ta.ko],[ham.k͈e.hɛ.ja.han.ta.go]
보여주는 건 어때,6,[po.jʌ.tʃu.nɯŋ.kʌn.ʌ.t͈ɛ],[bo.jʌ.dʒu.nɯn.gʌn.ʌ.t͈ɛ]
내가 그랬던 것,6,[nɛ.ka.kɯ.ɾɛt̚.tʌŋ.kʌt̚],[nɛ.ga.gɯ.ɾɛt̚.tʌn.gʌt̚]
보여주는 걸,6,[po.jʌ.tʃu.nɯŋ.kʌl],[bo.jʌ.dʒu.nɯn.gʌl]
내가 그랬대,6,[nɛ.ka.kɯ.ɾɛt̚.tɛ],[nɛ.ga.gɯ.ɾɛt̚.tɛ]
함대는 어디에나 있을,6,[han.tɛ.nɯn.ʌ.ti.e.na.it̚.ɯl],[han.tɛ.nɯn.ʌ.di.e.na.it̚.ɯl]
함대는 어디에나,6,[han.tɛ.nɯn.ʌ.ti.e.na],[han.tɛ.nɯn.ʌ.di.e.na]
함대가 협해를 장악하고 있는,6,[han.tɛ.ka.hjʌp̚.hɛ.ɾɯl.tʃaŋ.ak̚.ha.ko.it̚.nɯn],[han.tɛ.ga.hjʌp̚.hɛ.ɾɯl.dʒaŋ.ak̚.ha.go.it̚.nɯn]
함대를 찾아서,6,[han.tɛ.ɾɯl.tʃʰat̚.a.sʌ],[han.tɛ.ɾɯl.tʃʰat̚.a.sʌ]
함대를 찾아서 침몰시켜야,6,[han.tɛ.ɾɯl.tʃʰat̚.a.sʌ.tʃʰim.mol.si.kʰjʌ.ja],[han.tɛ.ɾɯl.tʃʰat̚.a.sʌ.tʃʰim.mol.si.kʰjʌ.ja]
함대는 어디에나 있을 수,6,[han.tɛ.nɯn.ʌ.ti.e.na.it̚.ɯl.su],[han.tɛ.nɯn.ʌ.di.e.na.it̚.ɯl.su]
함대와 죽은 동맹에,6,[han.tɛ.wa.tʃuk̚.ɯn.toŋ.mɛŋ.e],[han.tɛ.wa.dʒuk̚.ɯn.doŋ.mɛŋ.e]
함대와 죽은,6,[han.tɛ.wa.tʃuk̚.ɯn],[han.tɛ.wa.dʒuk̚.ɯn]
함대와 죽은 동맹에 대해,6,[han.tɛ.wa.tʃuk̚.ɯn.toŋ.mɛŋ.e.tɛ.hɛ],[han.tɛ.wa.dʒuk̚.ɯn.doŋ.mɛŋ.e.dɛ.hɛ]
함대와 함께,6,[han.tɛ.wa.ham.k͈e],[han.tɛ.wa.ham.k͈e]
보여주는 것도,6,[po.jʌ.tʃu.nɯŋ.kʌt̚.to],[bo.jʌ.dʒu.nɯn.gʌt̚.to]
함대의 상당수를 부쉈습니다,6,[han.tɛ.ɯi.saŋ.taŋ.su.ɾɯl.pu.swʌt̚.sɯp̚.ni.ta],[han.tɛ.ɯi.saŋ.daŋ.su.ɾɯl.bu.swʌt̚.sɯp̚.ni.da]
함대의 상당수를 부쉈습니다 나머지,6,[han.tɛ.ɯi.saŋ.taŋ.su.ɾɯl.pu.swʌt̚.sɯp̚.ni.ta.na.mʌ.tʃi],[han.tɛ.ɯi.saŋ.daŋ.su.ɾɯl.bu.swʌt̚.sɯp̚.ni.da.na.mʌ.dʒi]
함대의 상당수를,6,[han.tɛ.ɯi.saŋ.taŋ.su.ɾɯl],[han.tɛ.ɯi.saŋ.daŋ.su.ɾɯl]
함락되겠죠 우린 용도,6,[ham.ɾak̚.twe.ket̚.tʃjo.u.ɾin.joŋ.to],[ham.ɾak̚.twe.get̚.tʃjo.u.ɾin.joŋ.do]
보여주려고 말이야,6,[po.jʌ.tʃu.ɾjʌ.ko.mal.i.ja],[bo.jʌ.dʒu.ɾjʌ.go.mal.i.ja]
보여주려 했어요,6,[po.jʌ.tʃu.ɾjʌ.hɛt̚.ʌ.jo],[bo.jʌ.dʒu.ɾjʌ.hɛt̚.ʌ.jo]
함부로 건드리면 안 돼,6,[ham.pu.ɾo.kʌn.tɯ.ɾi.mjʌn.an.twɛ],[ham.pu.ɾo.gʌn.tɯ.ɾi.mjʌn.an.dwɛ]
갔는데 아무도,6,[kat̚.nɯn.te.a.mu.to],[gat̚.nɯn.te.a.mu.do]
함부로 대하지,6,[ham.pu.ɾo.tɛ.ha.tʃi],[ham.pu.ɾo.dɛ.ha.dʒi]
보여주려고 했어,6,[po.jʌ.tʃu.ɾjʌ.ko.hɛt̚.ʌ],[bo.jʌ.dʒu.ɾjʌ.go.hɛt̚.ʌ]
보여주려고 했어요,6,[po.jʌ.tʃu.ɾjʌ.ko.hɛt̚.ʌ.jo],[bo.jʌ.dʒu.ɾjʌ.go.hɛt̚.ʌ.jo]
내가 그랬을 때,6,[nɛ.ka.kɯ.ɾɛt̚.ɯl.t͈ɛ],[nɛ.ga.gɯ.ɾɛt̚.ɯl.t͈ɛ]
함부로 부르지,6,[ham.pu.ɾo.pu.ɾɯ.tʃi],[ham.pu.ɾo.bu.ɾɯ.dʒi]
함부로 손을,6,[ham.pu.ɾo.son.ɯl],[ham.pu.ɾo.son.ɯl]
보여주면 내,6,[po.jʌ.tʃu.mjʌn.nɛ],[bo.jʌ.dʒu.mjʌn.nɛ]
공경하는 게,6,[koŋ.kjʌŋ.ha.nɯŋ.ke],[goŋ.gjʌŋ.ha.nɯn.ge]
함부로 판단하지마,6,[ham.pu.ɾo.pʰan.tan.ha.tʃi.ma],[ham.pu.ɾo.pʰan.tan.ha.dʒi.ma]
공경하는 게 사회의,6,[koŋ.kjʌŋ.ha.nɯŋ.ke.sa.hwe.ɯi],[goŋ.gjʌŋ.ha.nɯn.ge.sa.hwe.ɯi]
훈련도 잘 됐고 보급도,6,[hul.ljʌn.to.tʃal.twɛt̚.ko.po.kɯp̚.to],[hul.ljʌn.to.dʒal.dwɛt̚.ko.bo.gɯp̚.to]
훈련받은 걸,6,[hul.ljʌm.pat̚.ɯŋ.kʌl],[hul.ljʌm.pat̚.ɯn.gʌl]
함부로 하는 거,6,[ham.pu.ɾo.ha.nɯŋ.kʌ],[ham.pu.ɾo.ha.nɯn.gʌ]
함부르크 행,6,[ham.pu.ɾɯ.kʰɯ.hɛŋ],[ham.pu.ɾɯ.kʰɯ.hɛŋ]
갔는데 아내는,6,[kat̚.nɯn.te.a.nɛ.nɯn],[gat̚.nɯn.te.a.nɛ.nɯn]
보여주세요 감사합니다,6,[po.jʌ.tʃu.se.jo.kam.sa.hap̚.ni.ta],[bo.jʌ.dʒu.se.jo.gam.sa.hap̚.ni.da]
보여주세요 그,6,[po.jʌ.tʃu.se.jo.kɯ],[bo.jʌ.dʒu.se.jo.gɯ]
보여주세요 당신의,6,[po.jʌ.tʃu.se.jo.taŋ.sin.ɯi],[bo.jʌ.dʒu.se.jo.daŋ.sin.ɯi]
함선에서 가져온,6,[ham.sʌn.e.sʌ.ka.tʃjʌ.on],[ham.sʌn.e.sʌ.ga.dʒjʌ.on]
공경하는 게 사회의 도리죠,6,[koŋ.kjʌŋ.ha.nɯŋ.ke.sa.hwe.ɯi.to.ɾi.tʃjo],[goŋ.gjʌŋ.ha.nɯn.ge.sa.hwe.ɯi.do.ɾi.dʒjo]
함선은 알려진,6,[ham.sʌn.ɯn.al.ɾjʌ.tʃin],[ham.sʌn.ɯn.al.ɾjʌ.dʒin]
보여주세요 제가,6,[po.jʌ.tʃu.se.jo.tʃe.ka],[bo.jʌ.dʒu.se.jo.dʒe.ga]
함선의 위치를,6,[ham.sʌn.ɯi.wi.tʃʰi.ɾɯl],[ham.sʌn.ɯi.wi.tʃʰi.ɾɯl]
함선이 왜,6,[ham.sʌn.i.wɛ],[ham.sʌn.i.wɛ]
보여주시기 바랍니다,6,[po.jʌ.tʃu.si.ki.pa.ɾap̚.ni.ta],[bo.jʌ.dʒu.si.gi.ba.ɾap̚.ni.da]
내가 그러려고,6,[nɛ.ka.kɯ.ɾʌ.ɾjʌ.ko],[nɛ.ga.gɯ.ɾʌ.ɾjʌ.go]
함장님이 함교에,6,[han.tʃaŋ.nim.i.ham.kjo.e],[han.tʃaŋ.nim.i.ham.kjo.e]
보여주실 수 있어요,6,[po.jʌ.tʃu.sil.su.it̚.ʌ.jo],[bo.jʌ.dʒu.sil.su.it̚.ʌ.jo]
함정 네이단,6,[han.tʃʌŋ.ne.i.tan],[han.tʃʌŋ.ne.i.dan]
함정 카드,6,[han.tʃʌŋ.kʰa.tɯ],[han.tʃʌŋ.kʰa.dɯ]
보여주지 말고,6,[po.jʌ.tʃu.tʃi.mal.ko],[bo.jʌ.dʒu.dʒi.mal.ko]
보여주지 마세요,6,[po.jʌ.tʃu.tʃi.ma.se.jo],[bo.jʌ.dʒu.dʒi.ma.se.jo]
보여주지 않아,6,[po.jʌ.tʃu.tʃi.an.a],[bo.jʌ.dʒu.dʒi.an.a]
함정에 빠뜨렸지,6,[han.tʃʌŋ.e.p͈a.t͈ɯ.ɾjʌt̚.tʃi],[han.tʃʌŋ.e.p͈a.t͈ɯ.ɾjʌt̚.tʃi]
함정에 빠뜨렸어요,6,[han.tʃʌŋ.e.p͈a.t͈ɯ.ɾjʌt̚.ʌ.jo],[han.tʃʌŋ.e.p͈a.t͈ɯ.ɾjʌt̚.ʌ.jo]
함정에 빠뜨리는,6,[han.tʃʌŋ.e.p͈a.t͈ɯ.ɾi.nɯn],[han.tʃʌŋ.e.p͈a.t͈ɯ.ɾi.nɯn]
함정에 빠뜨리고 있어,6,[han.tʃʌŋ.e.p͈a.t͈ɯ.ɾi.ko.it̚.ʌ],[han.tʃʌŋ.e.p͈a.t͈ɯ.ɾi.go.it̚.ʌ]
후회되는구만 댁도,6,[hu.hwe.twe.nɯŋ.ku.man.tɛk̚.to],[hu.hwe.dwe.nɯŋ.ku.man.dɛk̚.to]
함정에 빠졌다는,6,[han.tʃʌŋ.e.p͈a.tʃjʌt̚.ta.nɯn],[han.tʃʌŋ.e.p͈a.dʒjʌt̚.ta.nɯn]
공공 서비스를,6,[koŋ.koŋ.sʌ.pi.sɯ.ɾɯl],[goŋ.goŋ.sʌ.bi.sɯ.ɾɯl]
내가 그런 거 아냐,6,[nɛ.ka.kɯ.ɾʌŋ.kʌ.a.nja],[nɛ.ga.gɯ.ɾʌn.gʌ.a.nja]
함정에 빠진 거야,6,[han.tʃʌŋ.e.p͈a.tʃiŋ.kʌ.ja],[han.tʃʌŋ.e.p͈a.dʒin.gʌ.ja]
함정에 빠진 겁니다,6,[han.tʃʌŋ.e.p͈a.tʃiŋ.kʌp̚.ni.ta],[han.tʃʌŋ.e.p͈a.dʒin.gʌp̚.ni.da]
갔는데 왜,6,[kat̚.nɯn.te.wɛ],[gat̚.nɯn.te.wɛ]
보여준 것도,6,[po.jʌ.tʃuŋ.kʌt̚.to],[bo.jʌ.dʒun.gʌt̚.to]
이번엔 나랑,6,[i.pʌn.en.na.ɾaŋ],[i.bʌn.en.na.ɾaŋ]
함정을 판 거야,6,[han.tʃʌŋ.ɯl.pʰaŋ.kʌ.ja],[han.tʃʌŋ.ɯl.pʰan.gʌ.ja]
공공연한 비밀이죠,6,[koŋ.koŋ.jʌn.ham.pi.mil.i.tʃjo],[goŋ.goŋ.jʌn.han.bi.mil.i.dʒjo]
함정을 팠어,6,[han.tʃʌŋ.ɯl.pʰat̚.ʌ],[han.tʃʌŋ.ɯl.pʰat̚.ʌ]
보여준 이유가,6,[po.jʌ.tʃun.i.ju.ka],[bo.jʌ.dʒun.i.ju.ga]
함정이 아니야,6,[han.tʃʌŋ.i.a.ni.ja],[han.tʃʌŋ.i.a.ni.ja]
함정이란 걸,6,[han.tʃʌŋ.i.ɾaŋ.kʌl],[han.tʃʌŋ.i.ɾan.gʌl]
함정인 줄,6,[han.tʃʌŋ.in.tʃul],[han.tʃʌŋ.in.dʒul]
공공의 이익을 위해,6,[koŋ.koŋ.ɯi.i.ik̚.ɯl.wi.hɛ],[goŋ.goŋ.ɯi.i.ik̚.ɯl.wi.hɛ]
갔는데 이제,6,[kat̚.nɯn.te.i.tʃe],[gat̚.nɯn.te.i.dʒe]
훈련이 더,6,[hul.ljʌn.i.tʌ],[hul.ljʌn.i.dʌ]
보여줄 거에요,6,[po.jʌ.tʃul.kʌ.e.jo],[bo.jʌ.dʒul.gʌ.e.jo]
내가 그런 게 아니에요,6,[nɛ.ka.kɯ.ɾʌŋ.ke.a.ni.e.jo],[nɛ.ga.gɯ.ɾʌn.ge.a.ni.e.jo]
합격할 것,6,[hap̚.kjʌk̚.hal.kʌt̚],[hap̚.kjʌk̚.hal.gʌt̚]
보여줄 건가요,6,[po.jʌ.tʃul.kʌŋ.ka.jo],[bo.jʌ.dʒul.gʌŋ.ka.jo]
관해 생각해 봤어요,6,[kwan.hɛ.sɛŋ.kak̚.hɛ.pwat̚.ʌ.jo],[gwan.hɛ.sɛŋ.gak̚.hɛ.bwat̚.ʌ.jo]
합니다 nbsp,6,[hap̚.ni.ta],[hap̚.ni.da]
훈련하고 있었다,6,[hul.ljʌn.ha.ko.it̚.ʌt̚.ta],[hul.ljʌn.ha.go.it̚.ʌt̚.ta]
합니다 같이,6,[hap̚.ni.ta.kat̚.i],[hap̚.ni.da.gat̚.i]
훈련하는 걸,6,[hul.ljʌn.ha.nɯŋ.kʌl],[hul.ljʌn.ha.nɯn.gʌl]
보여줄 게 있는데,6,[po.jʌ.tʃul.ke.it̚.nɯn.te],[bo.jʌ.dʒul.ge.it̚.nɯn.te]
분부 받들겠습니다,6,[pum.pu.pat̚.tɯl.ket̚.sɯp̚.ni.ta],[bum.pu.bat̚.tɯl.ket̚.sɯp̚.ni.da]
분산되어 있을 수도,6,[pun.san.twe.ʌ.it̚.ɯl.su.to],[bun.san.twe.ʌ.it̚.ɯl.su.do]
보여줄 게 있대요,6,[po.jʌ.tʃul.ke.it̚.tɛ.jo],[bo.jʌ.dʒul.ge.it̚.tɛ.jo]
훈련하는 거,6,[hul.ljʌn.ha.nɯŋ.kʌ],[hul.ljʌn.ha.nɯn.gʌ]
내가 그런 사람이,6,[nɛ.ka.kɯ.ɾʌn.sa.ɾam.i],[nɛ.ga.gɯ.ɾʌn.sa.ɾam.i]
be so hard,6,,
합니다 그것도,6,[hap̚.ni.ta.kɯ.kʌt̚.to],[hap̚.ni.da.gɯ.gʌt̚.to]
합니다 그래서 오늘,6,[hap̚.ni.ta.kɯ.ɾɛ.sʌ.o.nɯl],[hap̚.ni.da.gɯ.ɾɛ.sʌ.o.nɯl]
내가 그런 적이,6,[nɛ.ka.kɯ.ɾʌn.tʃʌk̚.i],[nɛ.ga.gɯ.ɾʌn.dʒʌk̚.i]
보여줄 수 없다는 걸,6,[po.jʌ.tʃul.su.ʌp̚.ta.nɯŋ.kʌl],[bo.jʌ.dʒul.su.ʌp̚.ta.nɯn.gʌl]
보여줄 수 없다는,6,[po.jʌ.tʃul.su.ʌp̚.ta.nɯn],[bo.jʌ.dʒul.su.ʌp̚.ta.nɯn]
합니다 나,6,[hap̚.ni.ta.na],[hap̚.ni.da.na]
합니다 꽤,6,[hap̚.ni.ta.k͈wɛ],[hap̚.ni.da.k͈wɛ]
합니다 나쁜,6,[hap̚.ni.ta.na.p͈ɯn],[hap̚.ni.da.na.p͈ɯn]
보여줄 수 있습니다,6,[po.jʌ.tʃul.su.it̚.sɯp̚.ni.ta],[bo.jʌ.dʒul.su.it̚.sɯp̚.ni.da]
내가 그런가,6,[nɛ.ka.kɯ.ɾʌŋ.ka],[nɛ.ga.gɯ.ɾʌŋ.ka]
내가 원하는 걸 줘,6,[nɛ.ka.wʌn.ha.nɯŋ.kʌl.tʃwʌ],[nɛ.ga.wʌn.ha.nɯn.gʌl.dʒwʌ]
보여줄 수도 있어,6,[po.jʌ.tʃul.su.to.it̚.ʌ],[bo.jʌ.dʒul.su.do.it̚.ʌ]
합니다 당신처럼요 타르가르옌,6,[hap̚.ni.ta.taŋ.sin.tʃʰʌ.ɾʌm.jo.tʰa.ɾɯ.ka.ɾɯ.jen],[hap̚.ni.da.daŋ.sin.tʃʰʌ.ɾʌm.jo.tʰa.ɾɯ.ga.ɾɯ.jen]
합니다 당신처럼요,6,[hap̚.ni.ta.taŋ.sin.tʃʰʌ.ɾʌm.jo],[hap̚.ni.da.daŋ.sin.tʃʰʌ.ɾʌm.jo]
합니다 당신처럼요 타르가르옌 가문의,6,[hap̚.ni.ta.taŋ.sin.tʃʰʌ.ɾʌm.jo.tʰa.ɾɯ.ka.ɾɯ.jeŋ.ka.mun.ɯi],[hap̚.ni.da.daŋ.sin.tʃʰʌ.ɾʌm.jo.tʰa.ɾɯ.ga.ɾɯ.jen.ga.mun.ɯi]
공구 가져와,6,[koŋ.ku.ka.tʃjʌ.wa],[goŋ.gu.ga.dʒjʌ.wa]
보여줄게 그래,6,[po.jʌ.tʃul.ke.kɯ.ɾɛ],[bo.jʌ.dʒul.ke.gɯ.ɾɛ]
합니다 도대체,6,[hap̚.ni.ta.to.tɛ.tʃʰe],[hap̚.ni.da.do.dɛ.tʃʰe]
합니다 둘,6,[hap̚.ni.ta.tul],[hap̚.ni.da.dul]
합니다 레빈슨,6,[hap̚.ni.ta.ɾe.pin.sɯn],[hap̚.ni.da.ɾe.bin.sɯn]
합니다 맙소사,6,[hap̚.ni.ta.map̚.so.sa],[hap̚.ni.da.map̚.so.sa]
훌륭한 군인은 명령에 따른다,6,[hul.ɾjuŋ.haŋ.kun.in.ɯn.mjʌŋ.ɾjʌŋ.e.t͈a.ɾɯn.ta],[hul.ɾjuŋ.han.gun.in.ɯn.mjʌŋ.ɾjʌŋ.e.t͈a.ɾɯn.ta]
합니다 미안하지만,6,[hap̚.ni.ta.mi.an.ha.tʃi.man],[hap̚.ni.da.mi.an.ha.dʒi.man]
훌륭한 국장이,6,[hul.ɾjuŋ.haŋ.kuk̚.tʃaŋ.i],[hul.ɾjuŋ.han.guk̚.tʃaŋ.i]
합니다 분명,6,[hap̚.ni.ta.pun.mjʌŋ],[hap̚.ni.da.bun.mjʌŋ]
합니다 부디,6,[hap̚.ni.ta.pu.ti],[hap̚.ni.da.bu.di]
갔는지 말이야,6,[kat̚.nɯn.tʃi.mal.i.ja],[gat̚.nɯn.tʃi.mal.i.ja]
훌륭한 군인이야,6,[hul.ɾjuŋ.haŋ.kun.in.i.ja],[hul.ɾjuŋ.han.gun.in.i.ja]
보여줘 그런,6,[po.jʌ.tʃwʌ.kɯ.ɾʌn],[bo.jʌ.dʒwʌ.gɯ.ɾʌn]
합니다 실제로,6,[hap̚.ni.ta.sil.tʃe.ɾo],[hap̚.ni.da.sil.tʃe.ɾo]
훌륭한 남편이,6,[hul.ɾjuŋ.han.nam.pʰjʌn.i],[hul.ɾjuŋ.han.nam.pʰjʌn.i]
합니다 아내가,6,[hap̚.ni.ta.a.nɛ.ka],[hap̚.ni.da.a.nɛ.ga]
보여줘 나,6,[po.jʌ.tʃwʌ.na],[bo.jʌ.dʒwʌ.na]
분석 할,6,[pun.sʌk̚.hal],[bun.sʌk̚.hal]
내가 그렇게 놔두지,6,[nɛ.ka.kɯ.ɾʌt̚.ke.nwa.tu.tʃi],[nɛ.ga.gɯ.ɾʌt̚.ke.nwa.du.dʒi]
보여줘 당장,6,[po.jʌ.tʃwʌ.taŋ.tʃaŋ],[bo.jʌ.dʒwʌ.daŋ.dʒaŋ]
합니다 알겠습니까,6,[hap̚.ni.ta.al.ket̚.sɯp̚.ni.k͈a],[hap̚.ni.da.al.ket̚.sɯp̚.ni.k͈a]
보여줘 뭐,6,[po.jʌ.tʃwʌ.mwʌ],[bo.jʌ.dʒwʌ.mwʌ]
보여줘 안 돼,6,[po.jʌ.tʃwʌ.an.twɛ],[bo.jʌ.dʒwʌ.an.dwɛ]
내가 그렇게 두지,6,[nɛ.ka.kɯ.ɾʌt̚.ke.tu.tʃi],[nɛ.ga.gɯ.ɾʌt̚.ke.du.dʒi]
분석에 의하면,6,[pun.sʌk̚.e.ɯi.ha.mjʌn],[bun.sʌk̚.e.ɯi.ha.mjʌn]
합니다 여기는,6,[hap̚.ni.ta.jʌ.ki.nɯn],[hap̚.ni.da.jʌ.gi.nɯn]
합니다 여러분은,6,[hap̚.ni.ta.jʌ.ɾʌ.pun.ɯn],[hap̚.ni.da.jʌ.ɾʌ.bun.ɯn]
보여줘 이,6,[po.jʌ.tʃwʌ.i],[bo.jʌ.dʒwʌ.i]
훌륭한 변호사,6,[hul.ɾjuŋ.ham.pjʌn.ho.sa],[hul.ɾjuŋ.han.bjʌn.ho.sa]
합니다 역시,6,[hap̚.ni.ta.jʌk̚.si],[hap̚.ni.da.jʌk̚.si]
보여줘 이제,6,[po.jʌ.tʃwʌ.i.tʃe],[bo.jʌ.dʒwʌ.i.dʒe]
분석을 할,6,[pun.sʌk̚.ɯl.hal],[bun.sʌk̚.ɯl.hal]
공군 기지의,6,[koŋ.kuŋ.ki.tʃi.ɯi],[goŋ.gun.gi.dʒi.ɯi]
합니다 왜냐하면,6,[hap̚.ni.ta.wɛ.nja.ha.mjʌn],[hap̚.ni.da.wɛ.nja.ha.mjʌn]
보여줘 이게,6,[po.jʌ.tʃwʌ.i.ke],[bo.jʌ.dʒwʌ.i.ge]
훌륭하고 멋진,6,[hul.ɾjuŋ.ha.ko.mʌt̚.tʃin],[hul.ɾjuŋ.ha.go.mʌt̚.tʃin]
보여줘 지금,6,[po.jʌ.tʃwʌ.tʃi.kɯm],[bo.jʌ.dʒwʌ.dʒi.gɯm]
내가 원하는 그,6,[nɛ.ka.wʌn.ha.nɯŋ.kɯ],[nɛ.ga.wʌn.ha.nɯn.gɯ]
공군 장교,6,[koŋ.kun.tʃaŋ.kjo],[goŋ.gun.dʒaŋ.gjo]
훌륭한 부모가 될,6,[hul.ɾjuŋ.ham.pu.mo.ka.twel],[hul.ɾjuŋ.han.bu.mo.ga.dwel]
내가 그렇게 말하면,6,[nɛ.ka.kɯ.ɾʌt̚.ke.mal.ha.mjʌn],[nɛ.ga.gɯ.ɾʌt̚.ke.mal.ha.mjʌn]
합니다 이것이,6,[hap̚.ni.ta.i.kʌt̚.i],[hap̚.ni.da.i.gʌt̚.i]
내가 그렇게 말했,6,[nɛ.ka.kɯ.ɾʌt̚.ke.mal.hɛt̚],[nɛ.ga.gɯ.ɾʌt̚.ke.mal.hɛt̚]
합니다 이젠,6,[hap̚.ni.ta.i.tʃen],[hap̚.ni.da.i.dʒen]
합니다 자넨,6,[hap̚.ni.ta.tʃa.nen],[hap̚.ni.da.dʒa.nen]
내가 그렇게 말했 으니까,6,[nɛ.ka.kɯ.ɾʌt̚.ke.mal.hɛt̚.ɯ.ni.k͈a],[nɛ.ga.gɯ.ɾʌt̚.ke.mal.hɛt̚.ɯ.ni.k͈a]
합니다 잘 부탁드립니다 잘,6,[hap̚.ni.ta.tʃal.pu.tʰak̚.tɯ.ɾip̚.ni.ta.tʃal],[hap̚.ni.da.dʒal.bu.tʰak̚.tɯ.ɾip̚.ni.da.dʒal]
합니다 잠시,6,[hap̚.ni.ta.tʃam.si],[hap̚.ni.da.dʒam.si]
합니다 저렇게,6,[hap̚.ni.ta.tʃʌ.ɾʌt̚.ke],[hap̚.ni.da.dʒʌ.ɾʌt̚.ke]
내가 그렇게 말했지,6,[nɛ.ka.kɯ.ɾʌt̚.ke.mal.hɛt̚.tʃi],[nɛ.ga.gɯ.ɾʌt̚.ke.mal.hɛt̚.tʃi]
내가 그렇게 멍청한,6,[nɛ.ka.kɯ.ɾʌt̚.ke.mʌŋ.tʃʰʌŋ.han],[nɛ.ga.gɯ.ɾʌt̚.ke.mʌŋ.tʃʰʌŋ.han]
공군을 위해,6,[koŋ.kun.ɯl.wi.hɛ],[goŋ.gun.ɯl.wi.hɛ]
내가 원하는 사람이,6,[nɛ.ka.wʌn.ha.nɯn.sa.ɾam.i],[nɛ.ga.wʌn.ha.nɯn.sa.ɾam.i]
갔는지 못,6,[kat̚.nɯn.tʃi.mot̚],[gat̚.nɯn.tʃi.mot̚]
내가 원하는 방식으로,6,[nɛ.ka.wʌn.ha.nɯm.paŋ.sik̚.ɯ.ɾo],[nɛ.ga.wʌn.ha.nɯn.baŋ.sik̚.ɯ.ɾo]
관해 아무것도 몰라요,6,[kwan.hɛ.a.mu.kʌt̚.to.mol.ɾa.jo],[gwan.hɛ.a.mu.gʌt̚.to.mol.ɾa.jo]
보여줘요 안,6,[po.jʌ.tʃwʌ.jo.an],[bo.jʌ.dʒwʌ.jo.an]
갔는지 봤어요,6,[kat̚.nɯn.tʃi.pwat̚.ʌ.jo],[gat̚.nɯn.tʃi.bwat̚.ʌ.jo]
합니다 전하,6,[hap̚.ni.ta.tʃʌn.ha],[hap̚.ni.da.dʒʌn.ha]
합니다 전화,6,[hap̚.ni.ta.tʃʌn.hwa],[hap̚.ni.da.dʒʌn.hwa]
보여줬어 난,6,[po.jʌ.tʃwʌt̚.ʌ.nan],[bo.jʌ.dʒwʌt̚.ʌ.nan]
내가 그렇게 싫어,6,[nɛ.ka.kɯ.ɾʌt̚.ke.sil.ʌ],[nɛ.ga.gɯ.ɾʌt̚.ke.sil.ʌ]
합니다 제가 아주,6,[hap̚.ni.ta.tʃe.ka.a.tʃu],[hap̚.ni.da.dʒe.ga.a.dʒu]
보였나 봐,6,[po.jʌt̚.na.pwa],[bo.jʌt̚.na.bwa]
갖고 있는 한,6,[kat̚.ko.it̚.nɯn.han],[gat̚.ko.it̚.nɯn.han]
보였던 것,6,[po.jʌt̚.tʌŋ.kʌt̚],[bo.jʌt̚.tʌn.gʌt̚]
보였던 게,6,[po.jʌt̚.tʌŋ.ke],[bo.jʌt̚.tʌn.ge]
훌륭한 연설이었어,6,[hul.ɾjuŋ.han.jʌn.sʌl.i.ʌt̚.ʌ],[hul.ɾjuŋ.han.jʌn.sʌl.i.ʌt̚.ʌ]
보였습니다 하지만,6,[po.jʌt̚.sɯp̚.ni.ta.ha.tʃi.man],[bo.jʌt̚.sɯp̚.ni.da.ha.dʒi.man]
합니다 지금 당장,6,[hap̚.ni.ta.tʃi.kɯn.taŋ.tʃaŋ],[hap̚.ni.da.dʒi.gɯm.daŋ.dʒaŋ]
보였어 그래서,6,[po.jʌt̚.ʌ.kɯ.ɾɛ.sʌ],[bo.jʌt̚.ʌ.gɯ.ɾɛ.sʌ]
보였어 내,6,[po.jʌt̚.ʌ.nɛ],[bo.jʌt̚.ʌ.nɛ]
훌륭한 연설이었어요,6,[hul.ɾjuŋ.han.jʌn.sʌl.i.ʌt̚.ʌ.jo],[hul.ɾjuŋ.han.jʌn.sʌl.i.ʌt̚.ʌ.jo]
내가 그렇게 좋아,6,[nɛ.ka.kɯ.ɾʌt̚.ke.tʃot̚.a],[nɛ.ga.gɯ.ɾʌt̚.ke.dʒot̚.a]
내가 그렇게 열심히,6,[nɛ.ka.kɯ.ɾʌt̚.ke.jʌl.sim.hi],[nɛ.ga.gɯ.ɾʌt̚.ke.jʌl.sim.hi]
보였어 내가,6,[po.jʌt̚.ʌ.nɛ.ka],[bo.jʌt̚.ʌ.nɛ.ga]
보였어 하지만,6,[po.jʌt̚.ʌ.ha.tʃi.man],[bo.jʌt̚.ʌ.ha.dʒi.man]
합니다 최근,6,[hap̚.ni.ta.tʃʰwe.kɯn],[hap̚.ni.da.tʃʰwe.gɯn]
합니다 최대한,6,[hap̚.ni.ta.tʃʰwe.tɛ.han],[hap̚.ni.da.tʃʰwe.dɛ.han]
보였어요 그런,6,[po.jʌt̚.ʌ.jo.kɯ.ɾʌn],[bo.jʌt̚.ʌ.jo.gɯ.ɾʌn]
합니다 하셔야,6,[hap̚.ni.ta.ha.sjʌ.ja],[hap̚.ni.da.ha.sjʌ.ja]
합니다 하셔야 합니다,6,[hap̚.ni.ta.ha.sjʌ.ja.hap̚.ni.ta],[hap̚.ni.da.ha.sjʌ.ja.hap̚.ni.da]
합니다 하지만 그,6,[hap̚.ni.ta.ha.tʃi.maŋ.kɯ],[hap̚.ni.da.ha.dʒi.man.gɯ]
보였어요 그런데,6,[po.jʌt̚.ʌ.jo.kɯ.ɾʌn.te],[bo.jʌt̚.ʌ.jo.gɯ.ɾʌn.te]
내가 원하는지,6,[nɛ.ka.wʌn.ha.nɯn.tʃi],[nɛ.ga.wʌn.ha.nɯn.tʃi]
보였어요 이,6,[po.jʌt̚.ʌ.jo.i],[bo.jʌt̚.ʌ.jo.i]
보였으면 좋겠어,6,[po.jʌt̚.ɯ.mjʌn.tʃot̚.ket̚.ʌ],[bo.jʌt̚.ɯ.mjʌn.dʒot̚.ket̚.ʌ]
합동 수사를,6,[hap̚.toŋ.su.sa.ɾɯl],[hap̚.toŋ.su.sa.ɾɯl]
내가 그렇게 한가한,6,[nɛ.ka.kɯ.ɾʌt̚.ke.haŋ.ka.han],[nɛ.ga.gɯ.ɾʌt̚.ke.haŋ.ka.han]
합동 태스크,6,[hap̚.toŋ.tʰɛ.sɯ.kʰɯ],[hap̚.toŋ.tʰɛ.sɯ.kʰɯ]
훌륭한 젊은이였다고,6,[hul.ɾjuŋ.han.tʃʌm.ɯn.i.jʌt̚.ta.ko],[hul.ɾjuŋ.han.dʒʌm.ɯn.i.jʌt̚.ta.go]
분야 최고의,6,[pun.ja.tʃʰwe.ko.ɯi],[bun.ja.tʃʰwe.go.ɯi]
합류 할 수 있을지도,6,[hap̚.ɾju.hal.su.it̚.ɯl.tʃi.to],[hap̚.ɾju.hal.su.it̚.ɯl.tʃi.do]
내가 원하는게 뭔지,6,[nɛ.ka.wʌn.ha.nɯŋ.ke.mwʌn.tʃi],[nɛ.ga.wʌn.ha.nɯŋ.ke.mwʌn.tʃi]
훌륭한 정신과,6,[hul.ɾjuŋ.han.tʃʌŋ.siŋ.kwa],[hul.ɾjuŋ.han.dʒʌŋ.siŋ.kwa]
훌륭한 점을,6,[hul.ɾjuŋ.han.tʃʌm.ɯl],[hul.ɾjuŋ.han.dʒʌm.ɯl]
합류하고 싶습니다,6,[hap̚.ɾju.ha.ko.sip̚.sɯp̚.ni.ta],[hap̚.ɾju.ha.go.sip̚.sɯp̚.ni.da]
내가 그렇게까지,6,[nɛ.ka.kɯ.ɾʌt̚.ke.k͈a.tʃi],[nɛ.ga.gɯ.ɾʌt̚.ke.k͈a.dʒi]
보유 유가 증권,6,[po.ju.ju.ka.tʃɯŋ.kwʌn],[bo.ju.ju.ga.dʒɯŋ.gwʌn]
공급 장치가,6,[koŋ.kɯp̚.tʃaŋ.tʃʰi.ka],[goŋ.gɯp̚.dʒaŋ.tʃʰi.ga]
합류한 건,6,[hap̚.ɾju.haŋ.kʌn],[hap̚.ɾju.han.gʌn]
보유 할,6,[po.ju.hal],[bo.ju.hal]
합리적 리더십을,6,[hap̚.ɾi.tʃʌk̚.ɾi.tʌ.sip̚.ɯl],[hap̚.ɾi.dʒʌk̚.ɾi.dʌ.sip̚.ɯl]
훌륭한 학생이,6,[hul.ɾjuŋ.han.hak̚.sɛŋ.i],[hul.ɾjuŋ.han.hak̚.sɛŋ.i]
합리적 리더십을 회복하기 위해서는,6,[hap̚.ɾi.tʃʌk̚.ɾi.tʌ.sip̚.ɯl.hwe.pok̚.ha.ki.wi.hɛ.sʌ.nɯn],[hap̚.ɾi.dʒʌk̚.ɾi.dʌ.sip̚.ɯl.hwe.bok̚.ha.gi.wi.hɛ.sʌ.nɯn]
합리적 리더십을 회복하기,6,[hap̚.ɾi.tʃʌk̚.ɾi.tʌ.sip̚.ɯl.hwe.pok̚.ha.ki],[hap̚.ɾi.dʒʌk̚.ɾi.dʌ.sip̚.ɯl.hwe.bok̚.ha.gi]
보유하고 있어요,6,[po.ju.ha.ko.it̚.ʌ.jo],[bo.ju.ha.go.it̚.ʌ.jo]
합리적으로 부탁할,6,[hap̚.ɾi.tʃʌk̚.ɯ.ɾo.pu.tʰak̚.hal],[hap̚.ɾi.dʒʌk̚.ɯ.ɾo.bu.tʰak̚.hal]
합리적으로 부탁할 것,6,[hap̚.ɾi.tʃʌk̚.ɯ.ɾo.pu.tʰak̚.hal.kʌt̚],[hap̚.ɾi.dʒʌk̚.ɯ.ɾo.bu.tʰak̚.hal.gʌt̚]
보이 라이드,6,[po.i.ɾa.i.tɯ],[bo.i.ɾa.i.dɯ]
훌륭할 거예요,6,[hul.ɾjuŋ.hal.kʌ.je.jo],[hul.ɾjuŋ.hal.gʌ.je.jo]
합리적인 부탁은 아니지,6,[hap̚.ɾi.tʃʌk̚.im.pu.tʰak̚.ɯn.a.ni.tʃi],[hap̚.ɾi.dʒʌk̚.in.bu.tʰak̚.ɯn.a.ni.dʒi]
합리적인 사람이야,6,[hap̚.ɾi.tʃʌk̚.in.sa.ɾam.i.ja],[hap̚.ɾi.dʒʌk̚.in.sa.ɾam.i.ja]
합리적인 사람이에요,6,[hap̚.ɾi.tʃʌk̚.in.sa.ɾam.i.e.jo],[hap̚.ɾi.dʒʌk̚.in.sa.ɾam.i.e.jo]
보이게 될,6,[po.i.ke.twel],[bo.i.ge.dwel]
합리적인 의심을,6,[hap̚.ɾi.tʃʌk̚.in.ɯi.sim.ɯl],[hap̚.ɾi.dʒʌk̚.in.ɯi.sim.ɯl]
합법적으로 할,6,[hap̚.pʌp̚.tʃʌk̚.ɯ.ɾo.hal],[hap̚.pʌp̚.tʃʌk̚.ɯ.ɾo.hal]
합법적인 거예요,6,[hap̚.pʌp̚.tʃʌk̚.iŋ.kʌ.je.jo],[hap̚.pʌp̚.tʃʌk̚.in.gʌ.je.jo]
합법적인 것,6,[hap̚.pʌp̚.tʃʌk̚.iŋ.kʌt̚],[hap̚.pʌp̚.tʃʌk̚.in.gʌt̚]
보이게 만들고,6,[po.i.ke.man.tɯl.ko],[bo.i.ge.man.tɯl.ko]
내가 그를 더,6,[nɛ.ka.kɯ.ɾɯl.tʌ],[nɛ.ga.gɯ.ɾɯl.dʌ]
합법적인 사업을,6,[hap̚.pʌp̚.tʃʌk̚.in.sa.ʌp̚.ɯl],[hap̚.pʌp̚.tʃʌk̚.in.sa.ʌp̚.ɯl]
공급하고 있어,6,[koŋ.kɯp̚.ha.ko.it̚.ʌ],[goŋ.gɯp̚.ha.go.it̚.ʌ]
합법적인 일을,6,[hap̚.pʌp̚.tʃʌk̚.in.il.ɯl],[hap̚.pʌp̚.tʃʌk̚.in.il.ɯl]
be somewhere,6,,
합시다 같이,6,[hap̚.si.ta.kat̚.i],[hap̚.si.da.gat̚.i]
훌훌 털어,6,[hul.hul.tʰʌl.ʌ],[hul.hul.tʰʌl.ʌ]
훑어보고 있었다,6,[hul.ʌ.po.ko.it̚.ʌt̚.ta],[hul.ʌ.bo.go.it̚.ʌt̚.ta]
합시다 무슨,6,[hap̚.si.ta.mu.sɯn],[hap̚.si.da.mu.sɯn]
내가 그를 어떻게,6,[nɛ.ka.kɯ.ɾɯl.ʌ.t͈ʌt̚.ke],[nɛ.ga.gɯ.ɾɯl.ʌ.t͈ʌt̚.ke]
합시다 아,6,[hap̚.si.ta.a],[hap̚.si.da.a]
합시다 우리가,6,[hap̚.si.ta.u.ɾi.ka],[hap̚.si.da.u.ɾi.ga]
합시다 예,6,[hap̚.si.ta.je],[hap̚.si.da.je]
합의 사항에,6,[hap̚.ɯi.sa.haŋ.e],[hap̚.ɯi.sa.haŋ.e]
합의 사항을,6,[hap̚.ɯi.sa.haŋ.ɯl],[hap̚.ɯi.sa.haŋ.ɯl]
내가 그를 죽일,6,[nɛ.ka.kɯ.ɾɯl.tʃuk̚.il],[nɛ.ga.gɯ.ɾɯl.dʒuk̚.il]
공기 껍데기가,6,[koŋ.ki.k͈ʌp̚.te.ki.ka],[goŋ.gi.k͈ʌp̚.te.gi.ga]
합의 안 해,6,[hap̚.ɯi.an.hɛ],[hap̚.ɯi.an.hɛ]
합의 안 한다고,6,[hap̚.ɯi.an.han.ta.ko],[hap̚.ɯi.an.han.ta.go]
합의 조건은,6,[hap̚.ɯi.tʃo.kʌn.ɯn],[hap̚.ɯi.dʒo.gʌn.ɯn]
보이게 했어요,6,[po.i.ke.hɛt̚.ʌ.jo],[bo.i.ge.hɛt̚.ʌ.jo]
내가 그를 처음,6,[nɛ.ka.kɯ.ɾɯl.tʃʰʌ.ɯm],[nɛ.ga.gɯ.ɾɯl.tʃʰʌ.ɯm]
합의가 된,6,[hap̚.ɯi.ka.twen],[hap̚.ɯi.ga.dwen]
합의는 안,6,[hap̚.ɯi.nɯn.an],[hap̚.ɯi.nɯn.an]
rather than,6,,
합의를 볼 수,6,[hap̚.ɯi.ɾɯl.pol.su],[hap̚.ɯi.ɾɯl.bol.su]
보이고 나서,6,[po.i.ko.na.sʌ],[bo.i.go.na.sʌ]
훔 쳤어,6,[hun.tʃʰjʌt̚.ʌ],[hun.tʃʰjʌt̚.ʌ]
합의를 할,6,[hap̚.ɯi.ɾɯl.hal],[hap̚.ɯi.ɾɯl.hal]
보이고 싶다고,6,[po.i.ko.sip̚.ta.ko],[bo.i.go.sip̚.ta.go]
보이고 싶다면,6,[po.i.ko.sip̚.ta.mjʌn],[bo.i.go.sip̚.ta.mjʌn]
합의에 대해,6,[hap̚.ɯi.e.tɛ.hɛ],[hap̚.ɯi.e.dɛ.hɛ]
내가 그리워요,6,[nɛ.ka.kɯ.ɾi.wʌ.jo],[nɛ.ga.gɯ.ɾi.wʌ.jo]
합이 잘,6,[hap̚.i.tʃal],[hap̚.i.dʒal]
보이고 싶으니까,6,[po.i.ko.sip̚.ɯ.ni.k͈a],[bo.i.go.sip̚.ɯ.ni.k͈a]
내가 원해서 하는,6,[nɛ.ka.wʌn.hɛ.sʌ.ha.nɯn],[nɛ.ga.wʌn.hɛ.sʌ.ha.nɯn]
내가 그리웠지,6,[nɛ.ka.kɯ.ɾi.wʌt̚.tʃi],[nɛ.ga.gɯ.ɾi.wʌt̚.tʃi]
갔는지 알아봐,6,[kat̚.nɯn.tʃi.al.a.pwa],[gat̚.nɯn.tʃi.al.a.bwa]
보이고 싶진 않지만,6,[po.i.ko.sip̚.tʃin.an.tʃi.man],[bo.i.go.sip̚.tʃin.an.tʃi.man]
내가 그림,6,[nɛ.ka.kɯ.ɾim],[nɛ.ga.gɯ.ɾim]
보이고 있고,6,[po.i.ko.it̚.ko],[bo.i.go.it̚.ko]
Boom boom boom boom,6,,
내가 그림인,6,[nɛ.ka.kɯ.ɾim.in],[nɛ.ga.gɯ.ɾim.in]
갔는지 알아야,6,[kat̚.nɯn.tʃi.al.a.ja],[gat̚.nɯn.tʃi.al.a.ja]
공기 오염,6,[koŋ.ki.o.jʌm],[goŋ.gi.o.jʌm]
훔쳤는지 알,6,[hun.tʃʰjʌt̚.nɯn.tʃi.al],[hun.tʃʰjʌt̚.nɯn.tʃi.al]
핫 샷의,6,[hat̚.sjat̚.ɯi],[hat̚.sjat̚.ɯi]
핫 로드를,6,[hat̚.ɾo.tɯ.ɾɯl],[hat̚.ɾo.dɯ.ɾɯl]
핫 소스,6,[hat̚.so.sɯ],[hat̚.so.sɯ]
훔쳤다는 게,6,[hun.tʃʰjʌt̚.ta.nɯŋ.ke],[hun.tʃʰjʌt̚.ta.nɯn.ge]
보이기 시작한 혜성,6,[po.i.ki.si.tʃak̚.han.hje.sʌŋ],[bo.i.gi.si.dʒak̚.han.hje.sʌŋ]
내가 그만두면,6,[nɛ.ka.kɯ.man.tu.mjʌn],[nɛ.ga.gɯ.man.tu.mjʌn]
공기 정화,6,[koŋ.ki.tʃʌŋ.hwa],[goŋ.gi.dʒʌŋ.hwa]
핫도그 먹으러,6,[hat̚.to.kɯ.mʌk̚.ɯ.ɾʌ],[hat̚.to.gɯ.mʌk̚.ɯ.ɾʌ]
razor blades,6,,
핫팬츠 춤,6,[hat̚.pʰɛn.tʃʰɯ.tʃʰum],[hat̚.pʰɛn.tʃʰɯ.tʃʰum]
보이기 시작했죠,6,[po.i.ki.si.tʃak̚.hɛt̚.tʃjo],[bo.i.gi.si.dʒak̚.hɛt̚.tʃjo]
보이기 싫다,6,[po.i.ki.sil.ta],[bo.i.gi.sil.ta]
항공 교통을,6,[haŋ.koŋ.kjo.tʰoŋ.ɯl],[haŋ.goŋ.gjo.tʰoŋ.ɯl]
항공 독립,6,[haŋ.koŋ.tok̚.ɾip̚],[haŋ.goŋ.dok̚.ɾip̚]
항공 부대,6,[haŋ.kom.pu.tɛ],[haŋ.goŋ.bu.dɛ]
보이기 싫은,6,[po.i.ki.sil.ɯn],[bo.i.gi.sil.ɯn]
ON PA,6,,
내가 그에게 던져,6,[nɛ.ka.kɯ.e.ke.tʌn.tʃjʌ],[nɛ.ga.gɯ.e.ge.dʌn.tʃjʌ]
항공 전자 공학,6,[haŋ.koŋ.tʃʌn.tʃa.koŋ.hak̚],[haŋ.goŋ.dʒʌn.tʃa.goŋ.hak̚]
항공기 보안,6,[haŋ.koŋ.ki.po.an],[haŋ.goŋ.gi.bo.an]
항공기 및,6,[haŋ.koŋ.ki.mit̚],[haŋ.goŋ.gi.mit̚]
항공기 접근 중,6,[haŋ.koŋ.ki.tʃʌp̚.kɯn.tʃuŋ],[haŋ.goŋ.gi.dʒʌp̚.kɯn.dʒuŋ]
보이기도 하지 대너리스는,6,[po.i.ki.to.ha.tʃi.tɛ.nʌ.ɾi.sɯ.nɯn],[bo.i.gi.do.ha.dʒi.dɛ.nʌ.ɾi.sɯ.nɯn]
내가 그에게 던져 버렸어,6,[nɛ.ka.kɯ.e.ke.tʌn.tʃjʌ.pʌ.ɾjʌt̚.ʌ],[nɛ.ga.gɯ.e.ge.dʌn.tʃjʌ.bʌ.ɾjʌt̚.ʌ]
보이기도 하지 대너리스는 오래,6,[po.i.ki.to.ha.tʃi.tɛ.nʌ.ɾi.sɯ.nɯn.o.ɾɛ],[bo.i.gi.do.ha.dʒi.dɛ.nʌ.ɾi.sɯ.nɯn.o.ɾɛ]
항공사 비행기에서,6,[haŋ.koŋ.sa.pi.hɛŋ.ki.e.sʌ],[haŋ.goŋ.sa.bi.hɛŋ.gi.e.sʌ]
항공사 정비공이라고,6,[haŋ.koŋ.sa.tʃʌm.pi.koŋ.i.ɾa.ko],[haŋ.goŋ.sa.dʒʌŋ.bi.goŋ.i.ɾa.go]
항공사 비행기에서 신발과 양말을,6,[haŋ.koŋ.sa.pi.hɛŋ.ki.e.sʌ.sim.pal.kwa.jaŋ.mal.ɯl],[haŋ.goŋ.sa.bi.hɛŋ.gi.e.sʌ.sim.pal.kwa.jaŋ.mal.ɯl]
내가 그와 함께,6,[nɛ.ka.kɯ.wa.ham.k͈e],[nɛ.ga.gɯ.wa.ham.k͈e]
보이기만 해도,6,[po.i.ki.man.hɛ.to],[bo.i.gi.man.hɛ.do]
항구로 가서,6,[haŋ.ku.ɾo.ka.sʌ],[haŋ.gu.ɾo.ga.sʌ]
항구에 가서,6,[haŋ.ku.e.ka.sʌ],[haŋ.gu.e.ga.sʌ]
내가 그의 인생을,6,[nɛ.ka.kɯ.ɯi.in.sɛŋ.ɯl],[nɛ.ga.gɯ.ɯi.in.sɛŋ.ɯl]
내가 그의 차인지,6,[nɛ.ka.kɯ.ɯi.tʃʰa.in.tʃi],[nɛ.ga.gɯ.ɯi.tʃʰa.in.tʃi]
항로를 이탈하지,6,[haŋ.ɾo.ɾɯl.i.tʰal.ha.tʃi],[haŋ.ɾo.ɾɯl.i.tʰal.ha.dʒi]
보이긴 하지,6,[po.i.kin.ha.tʃi],[bo.i.gin.ha.dʒi]
seem to get enough,6,,
훔치는 게 아니야,6,[hun.tʃʰi.nɯŋ.ke.a.ni.ja],[hun.tʃʰi.nɯn.ge.a.ni.ja]
항로를 정하게,6,[haŋ.ɾo.ɾɯl.tʃʌŋ.ha.ke],[haŋ.ɾo.ɾɯl.dʒʌŋ.ha.ge]
내가 그의 차인지 어떻게,6,[nɛ.ka.kɯ.ɯi.tʃʰa.in.tʃi.ʌ.t͈ʌt̚.ke],[nɛ.ga.gɯ.ɯi.tʃʰa.in.tʃi.ʌ.t͈ʌt̚.ke]
훔치는 대신,6,[hun.tʃʰi.nɯn.tɛ.sin],[hun.tʃʰi.nɯn.dɛ.sin]
이봐 가,6,[i.pwa.ka],[i.bwa.ga]
갔는지도 모르잖아,6,[kat̚.nɯn.tʃi.to.mo.ɾɯ.tʃan.a],[gat̚.nɯn.tʃi.do.mo.ɾɯ.dʒan.a]
항문 성교를,6,[haŋ.mun.sʌŋ.kjo.ɾɯl],[haŋ.mun.sʌŋ.gjo.ɾɯl]
보이긴 했어요,6,[po.i.kin.hɛt̚.ʌ.jo],[bo.i.gin.hɛt̚.ʌ.jo]
항법 시스템,6,[ham.pʌp̚.si.sɯ.tʰem],[haŋ.bʌp̚.si.sɯ.tʰem]
보이나 보네,6,[po.i.na.po.ne],[bo.i.na.bo.ne]
항복하면 살려는,6,[ham.pok̚.ha.mjʌn.sal.ɾjʌ.nɯn],[haŋ.bok̚.ha.mjʌn.sal.ɾjʌ.nɯn]
항복하지 않아요,6,[ham.pok̚.ha.tʃi.an.a.jo],[haŋ.bok̚.ha.dʒi.an.a.jo]
항복하지 않을 겁니다,6,[ham.pok̚.ha.tʃi.an.ɯl.kʌp̚.ni.ta],[haŋ.bok̚.ha.dʒi.an.ɯl.gʌp̚.ni.da]
보이네 그리고,6,[po.i.ne.kɯ.ɾi.ko],[bo.i.ne.gɯ.ɾi.go]
내가 그쪽에,6,[nɛ.ka.kɯ.tʃ͈ok̚.e],[nɛ.ga.gɯ.tʃ͈ok̚.e]
항복할 기회를,6,[ham.pok̚.hal.ki.hwe.ɾɯl],[haŋ.bok̚.hal.gi.hwe.ɾɯl]
항복할 수,6,[ham.pok̚.hal.su],[haŋ.bok̚.hal.su]
공기 지원,6,[koŋ.ki.tʃi.wʌn],[goŋ.gi.dʒi.wʌn]
보이네 넌,6,[po.i.ne.nʌn],[bo.i.ne.nʌn]
훔치지 않아도,6,[hun.tʃʰi.tʃi.an.a.to],[hun.tʃʰi.dʒi.an.a.do]
분위기가 안 좋아,6,[pun.wi.ki.ka.an.tʃot̚.a],[bun.wi.gi.ga.an.dʒot̚.a]
항상 감사합니다,6,[haŋ.saŋ.kam.sa.hap̚.ni.ta],[haŋ.saŋ.gam.sa.hap̚.ni.da]
보이네 아빠,6,[po.i.ne.a.p͈a],[bo.i.ne.a.p͈a]
항상 같이 있을,6,[haŋ.saŋ.kat̚.i.it̚.ɯl],[haŋ.saŋ.gat̚.i.it̚.ɯl]
항상 개를,6,[haŋ.saŋ.kɛ.ɾɯl],[haŋ.saŋ.gɛ.ɾɯl]
항상 경계하고,6,[haŋ.saŋ.kjʌŋ.kje.ha.ko],[haŋ.saŋ.gjʌŋ.gje.ha.go]
항상 경찰이,6,[haŋ.saŋ.kjʌŋ.tʃʰal.i],[haŋ.saŋ.gjʌŋ.tʃʰal.i]
항상 곁에 있어,6,[haŋ.saŋ.kjʌt̚.e.it̚.ʌ],[haŋ.saŋ.gjʌt̚.e.it̚.ʌ]
갔는지도 몰라요,6,[kat̚.nɯn.tʃi.to.mol.ɾa.jo],[gat̚.nɯn.tʃi.do.mol.ɾa.jo]
보이네 왜,6,[po.i.ne.wɛ],[bo.i.ne.wɛ]
항상 고마워요,6,[haŋ.saŋ.ko.ma.wʌ.jo],[haŋ.saŋ.go.ma.wʌ.jo]
항상 그 자리에,6,[haŋ.saŋ.kɯ.tʃa.ɾi.e],[haŋ.saŋ.gɯ.dʒa.ɾi.e]
항상 그것들을,6,[haŋ.saŋ.kɯ.kʌt̚.tɯl.ɯl],[haŋ.saŋ.gɯ.gʌt̚.tɯl.ɯl]
보이네 잘,6,[po.i.ne.tʃal],[bo.i.ne.dʒal]
갔다 난,6,[kat̚.ta.nan],[gat̚.ta.nan]
항상 그냥,6,[haŋ.saŋ.kɯ.njaŋ],[haŋ.saŋ.gɯ.njaŋ]
보이네 저,6,[po.i.ne.tʃʌ],[bo.i.ne.dʒʌ]
항상 그대,6,[haŋ.saŋ.kɯ.tɛ],[haŋ.saŋ.gɯ.dɛ]
보이네요 그,6,[po.i.ne.jo.kɯ],[bo.i.ne.jo.gɯ]
항상 그들을,6,[haŋ.saŋ.kɯ.tɯl.ɯl],[haŋ.saŋ.gɯ.dɯl.ɯl]
항상 그래 왔잖아요,6,[haŋ.saŋ.kɯ.ɾɛ.wat̚.tʃan.a.jo],[haŋ.saŋ.gɯ.ɾɛ.wat̚.tʃan.a.jo]
항상 그래 왔어,6,[haŋ.saŋ.kɯ.ɾɛ.wat̚.ʌ],[haŋ.saŋ.gɯ.ɾɛ.wat̚.ʌ]
항상 그래왔으니까,6,[haŋ.saŋ.kɯ.ɾɛ.wat̚.ɯ.ni.k͈a],[haŋ.saŋ.gɯ.ɾɛ.wat̚.ɯ.ni.k͈a]
내가 기다려,6,[nɛ.ka.ki.ta.ɾjʌ],[nɛ.ga.gi.da.ɾjʌ]
보이네요 당신,6,[po.i.ne.jo.taŋ.sin],[bo.i.ne.jo.daŋ.sin]
공기가 빠져나가는,6,[koŋ.ki.ka.p͈a.tʃjʌ.na.ka.nɯn],[goŋ.gi.ga.p͈a.dʒjʌ.na.ga.nɯn]
내가 기다리라고,6,[nɛ.ka.ki.ta.ɾi.ɾa.ko],[nɛ.ga.gi.da.ɾi.ɾa.go]
보이네요 오,6,[po.i.ne.jo.o],[bo.i.ne.jo.o]
내가 기다릴,6,[nɛ.ka.ki.ta.ɾil],[nɛ.ga.gi.da.ɾil]
내가 기다리랬잖아,6,[nɛ.ka.ki.ta.ɾi.ɾɛt̚.tʃan.a],[nɛ.ga.gi.da.ɾi.ɾɛt̚.tʃan.a]
항상 그런 것은 아닙니다,6,[haŋ.saŋ.kɯ.ɾʌŋ.kʌt̚.ɯn.a.nip̚.ni.ta],[haŋ.saŋ.gɯ.ɾʌn.gʌt̚.ɯn.a.nip̚.ni.da]
항상 그런 식이야,6,[haŋ.saŋ.kɯ.ɾʌn.sik̚.i.ja],[haŋ.saŋ.gɯ.ɾʌn.sik̚.i.ja]
내가 기다릴게요,6,[nɛ.ka.ki.ta.ɾil.ke.jo],[nɛ.ga.gi.da.ɾil.ke.jo]
보이네요 정말,6,[po.i.ne.jo.tʃʌŋ.mal],[bo.i.ne.jo.dʒʌŋ.mal]
보이네요 하지만,6,[po.i.ne.jo.ha.tʃi.man],[bo.i.ne.jo.ha.dʒi.man]
항상 그렇지는 않아,6,[haŋ.saŋ.kɯ.ɾʌt̚.tʃi.nɯn.an.a],[haŋ.saŋ.gɯ.ɾʌt̚.tʃi.nɯn.an.a]
훔친 물건이,6,[hun.tʃʰin.mul.kʌn.i],[hun.tʃʰin.mul.kʌn.i]
보이는 거 알아요,6,[po.i.nɯŋ.kʌ.al.a.jo],[bo.i.nɯn.gʌ.al.a.jo]
항상 기다리고,6,[haŋ.saŋ.ki.ta.ɾi.ko],[haŋ.saŋ.gi.da.ɾi.go]
내가 기댈,6,[nɛ.ka.ki.tɛl],[nɛ.ga.gi.dɛl]
보이는 거니,6,[po.i.nɯŋ.kʌ.ni],[bo.i.nɯn.gʌ.ni]
항상 긴장하고,6,[haŋ.saŋ.kin.tʃaŋ.ha.ko],[haŋ.saŋ.gin.tʃaŋ.ha.go]
분은 계속,6,[pun.ɯŋ.kje.sok̚],[bun.ɯn.gje.sok̚]
내가 기름,6,[nɛ.ka.ki.ɾɯm],[nɛ.ga.gi.ɾɯm]
항상 남의,6,[haŋ.saŋ.nam.ɯi],[haŋ.saŋ.nam.ɯi]
분은 날,6,[pun.ɯn.nal],[bun.ɯn.nal]
항상 내 곁에 있어,6,[haŋ.saŋ.nɛ.kjʌt̚.e.it̚.ʌ],[haŋ.saŋ.nɛ.gjʌt̚.e.it̚.ʌ]
보이는 건 없어,6,[po.i.nɯŋ.kʌn.ʌp̚.ʌ],[bo.i.nɯn.gʌn.ʌp̚.ʌ]
내가 기사를,6,[nɛ.ka.ki.sa.ɾɯl],[nɛ.ga.gi.sa.ɾɯl]
보이는 걸까,6,[po.i.nɯŋ.kʌl.k͈a],[bo.i.nɯn.gʌl.k͈a]
항상 너와 함께,6,[haŋ.saŋ.nʌ.wa.ham.k͈e],[haŋ.saŋ.nʌ.wa.ham.k͈e]
보이는 걸요,6,[po.i.nɯŋ.kʌl.jo],[bo.i.nɯn.gʌl.jo]
훔칠 생각,6,[hun.tʃʰil.sɛŋ.kak̚],[hun.tʃʰil.sɛŋ.gak̚]
내가 기억 못 하는,6,[nɛ.ka.ki.ʌk̚.mot̚.ha.nɯn],[nɛ.ga.gi.ʌk̚.mot̚.ha.nɯn]
공기도 없고,6,[koŋ.ki.to.ʌp̚.ko],[goŋ.gi.do.ʌp̚.ko]
항상 노래를,6,[haŋ.saŋ.no.ɾɛ.ɾɯl],[haŋ.saŋ.no.ɾɛ.ɾɯl]
훔칠 수 있을,6,[hun.tʃʰil.su.it̚.ɯl],[hun.tʃʰil.su.it̚.ɯl]
보이는 것 이상을,6,[po.i.nɯŋ.kʌt̚.i.saŋ.ɯl],[bo.i.nɯn.gʌt̚.i.saŋ.ɯl]
내가 기억이,6,[nɛ.ka.ki.ʌk̚.i],[nɛ.ga.gi.ʌk̚.i]
항상 느끼고,6,[haŋ.saŋ.nɯ.k͈i.ko],[haŋ.saŋ.nɯ.k͈i.go]
항상 눈을,6,[haŋ.saŋ.nun.ɯl],[haŋ.saŋ.nun.ɯl]
훔칠 수 있어요,6,[hun.tʃʰil.su.it̚.ʌ.jo],[hun.tʃʰil.su.it̚.ʌ.jo]
항상 다른 사람을,6,[haŋ.saŋ.ta.ɾɯn.sa.ɾam.ɯl],[haŋ.saŋ.da.ɾɯn.sa.ɾam.ɯl]
보이는 것도 없지만 곧,6,[po.i.nɯŋ.kʌt̚.to.ʌp̚.tʃi.maŋ.kot̚],[bo.i.nɯn.gʌt̚.to.ʌp̚.tʃi.man.got̚]
보이는 것도 없지만,6,[po.i.nɯŋ.kʌt̚.to.ʌp̚.tʃi.man],[bo.i.nɯn.gʌt̚.to.ʌp̚.tʃi.man]
내가 기억하기로,6,[nɛ.ka.ki.ʌk̚.ha.ki.ɾo],[nɛ.ga.gi.ʌk̚.ha.gi.ɾo]
항상 답은,6,[haŋ.saŋ.tap̚.ɯn],[haŋ.saŋ.dap̚.ɯn]
항상 다음,6,[haŋ.saŋ.ta.ɯm],[haŋ.saŋ.da.ɯm]
항상 당신 곁에,6,[haŋ.saŋ.taŋ.siŋ.kjʌt̚.e],[haŋ.saŋ.daŋ.sin.gjʌt̚.e]
보이는 것만이,6,[po.i.nɯŋ.kʌt̚.man.i],[bo.i.nɯn.gʌt̚.man.i]
보이는 것만 믿어,6,[po.i.nɯŋ.kʌt̚.man.mit̚.ʌ],[bo.i.nɯn.gʌt̚.man.mit̚.ʌ]
항상 대우하는 것에,6,[haŋ.saŋ.tɛ.u.ha.nɯŋ.kʌt̚.e],[haŋ.saŋ.dɛ.u.ha.nɯn.gʌt̚.e]
항상 대우하는,6,[haŋ.saŋ.tɛ.u.ha.nɯn],[haŋ.saŋ.dɛ.u.ha.nɯn]
보이는 것보다 훨씬,6,[po.i.nɯŋ.kʌt̚.po.ta.hwʌl.s͈in],[bo.i.nɯn.gʌt̚.po.da.hwʌl.s͈in]
보이는 것보다 더 많은,6,[po.i.nɯŋ.kʌt̚.po.ta.tʌ.man.ɯn],[bo.i.nɯn.gʌt̚.po.da.dʌ.man.ɯn]
항상 더 나은,6,[haŋ.saŋ.tʌ.na.ɯn],[haŋ.saŋ.dʌ.na.ɯn]
항상 대우하는 것에 질,6,[haŋ.saŋ.tɛ.u.ha.nɯŋ.kʌt̚.e.tʃil],[haŋ.saŋ.dɛ.u.ha.nɯn.gʌt̚.e.dʒil]
항상 더 좋은,6,[haŋ.saŋ.tʌ.tʃot̚.ɯn],[haŋ.saŋ.dʌ.dʒot̚.ɯn]
항상 도움이,6,[haŋ.saŋ.to.um.i],[haŋ.saŋ.do.um.i]
항상 더 많은 걸,6,[haŋ.saŋ.tʌ.man.ɯŋ.kʌl],[haŋ.saŋ.dʌ.man.ɯn.gʌl]
reaching out,6,,
훔칠까 봐,6,[hun.tʃʰil.k͈a.pwa],[hun.tʃʰil.k͈a.bwa]
항상 돌아갈 수,6,[haŋ.saŋ.tol.a.kal.su],[haŋ.saŋ.dol.a.gal.su]
내가 기억하는 전부야,6,[nɛ.ka.ki.ʌk̚.ha.nɯn.tʃʌm.pu.ja],[nɛ.ga.gi.ʌk̚.ha.nɯn.dʒʌm.pu.ja]
분은 바로,6,[pun.ɯm.pa.ɾo],[bun.ɯn.ba.ɾo]
갔다 오겠습니다,6,[kat̚.ta.o.ket̚.sɯp̚.ni.ta],[gat̚.ta.o.get̚.sɯp̚.ni.da]
보이는 게 뭘까,6,[po.i.nɯŋ.ke.mwʌl.k͈a],[bo.i.nɯn.ge.mwʌl.k͈a]
항상 듣는,6,[haŋ.saŋ.tɯt̚.nɯn],[haŋ.saŋ.dɯt̚.nɯn]
항상 또,6,[haŋ.saŋ.t͈o],[haŋ.saŋ.t͈o]
보이는 게 다는,6,[po.i.nɯŋ.ke.ta.nɯn],[bo.i.nɯn.ge.da.nɯn]
보이는 게 전부는,6,[po.i.nɯŋ.ke.tʃʌm.pu.nɯn],[bo.i.nɯn.ge.dʒʌm.pu.nɯn]
항상 마음을,6,[haŋ.saŋ.ma.ɯm.ɯl],[haŋ.saŋ.ma.ɯm.ɯl]
항상 만나서,6,[haŋ.saŋ.man.na.sʌ],[haŋ.saŋ.man.na.sʌ]
항상 마지막에,6,[haŋ.saŋ.ma.tʃi.mak̚.e],[haŋ.saŋ.ma.dʒi.mak̚.e]
보이는 곳도,6,[po.i.nɯŋ.kot̚.to],[bo.i.nɯn.got̚.to]
항상 많이,6,[haŋ.saŋ.man.i],[haŋ.saŋ.man.i]
항상 말씀하시기를,6,[haŋ.saŋ.mal.s͈ɯm.ha.si.ki.ɾɯl],[haŋ.saŋ.mal.s͈ɯm.ha.si.gi.ɾɯl]
공기를 마시는,6,[koŋ.ki.ɾɯl.ma.si.nɯn],[goŋ.gi.ɾɯl.ma.si.nɯn]
항상 말하길,6,[haŋ.saŋ.mal.ha.kil],[haŋ.saŋ.mal.ha.gil]
항상 말하지,6,[haŋ.saŋ.mal.ha.tʃi],[haŋ.saŋ.mal.ha.dʒi]
항상 말을,6,[haŋ.saŋ.mal.ɯl],[haŋ.saŋ.mal.ɯl]
항상 매우,6,[haŋ.saŋ.mɛ.u],[haŋ.saŋ.mɛ.u]
보이는 널 위해,6,[po.i.nɯn.nʌl.wi.hɛ],[bo.i.nɯn.nʌl.wi.hɛ]
항상 멍청한,6,[haŋ.saŋ.mʌŋ.tʃʰʌŋ.han],[haŋ.saŋ.mʌŋ.tʃʰʌŋ.han]
항상 모두를,6,[haŋ.saŋ.mo.tu.ɾɯl],[haŋ.saŋ.mo.du.ɾɯl]
보이는 널,6,[po.i.nɯn.nʌl],[bo.i.nɯn.nʌl]
항상 모든 것을,6,[haŋ.saŋ.mo.tɯŋ.kʌt̚.ɯl],[haŋ.saŋ.mo.dɯn.gʌt̚.ɯl]
훨씬 그,6,[hwʌl.s͈iŋ.kɯ],[hwʌl.s͈in.gɯ]
훨씬 끔찍한,6,[hwʌl.s͈iŋ.k͈ɯn.tʃ͈ik̚.han],[hwʌl.s͈iŋ.k͈ɯn.tʃ͈ik̚.han]
내가 기필코,6,[nɛ.ka.ki.pʰil.kʰo],[nɛ.ga.gi.pʰil.kʰo]
보이는 데요,6,[po.i.nɯn.te.jo],[bo.i.nɯn.de.jo]
내가 길거리에서,6,[nɛ.ka.kil.kʌ.ɾi.e.sʌ],[nɛ.ga.gil.kʌ.ɾi.e.sʌ]
항상 뭐가,6,[haŋ.saŋ.mwʌ.ka],[haŋ.saŋ.mwʌ.ga]
내가 길,6,[nɛ.ka.kil],[nɛ.ga.gil]
분은 어떤,6,[pun.ɯn.ʌ.t͈ʌn],[bun.ɯn.ʌ.t͈ʌn]
read a,6,,
항상 믿지,6,[haŋ.saŋ.mit̚.tʃi],[haŋ.saŋ.mit̚.tʃi]
갔다 오는 길에,6,[kat̚.ta.o.nɯŋ.kil.e],[gat̚.ta.o.nɯn.gil.e]
훨씬 나은 것,6,[hwʌl.s͈in.na.ɯŋ.kʌt̚],[hwʌl.s͈in.na.ɯn.gʌt̚]
항상 바보,6,[haŋ.sam.pa.po],[haŋ.saŋ.ba.bo]
내가 유명한,6,[nɛ.ka.ju.mjʌŋ.han],[nɛ.ga.ju.mjʌŋ.han]
훨 낫지,6,[hwʌl.lat̚.tʃi],[hwʌl.lat̚.tʃi]
훨씬 나았을,6,[hwʌl.s͈in.na.at̚.ɯl],[hwʌl.s͈in.na.at̚.ɯl]
내가 까먹은,6,[nɛ.ka.k͈a.mʌk̚.ɯn],[nɛ.ga.k͈a.mʌk̚.ɯn]
공기를 좀,6,[koŋ.ki.ɾɯl.tʃom],[goŋ.gi.ɾɯl.dʒom]
항상 불평만,6,[haŋ.sam.pul.pʰjʌŋ.man],[haŋ.saŋ.bul.pʰjʌŋ.man]
보이는 수염을 약간,6,[po.i.nɯn.su.jʌm.ɯl.jak̚.kan],[bo.i.nɯn.su.jʌm.ɯl.jak̚.kan]
항상 사람들,6,[haŋ.saŋ.sa.ɾan.tɯl],[haŋ.saŋ.sa.ɾan.tɯl]
보이는 수염을,6,[po.i.nɯn.su.jʌm.ɯl],[bo.i.nɯn.su.jʌm.ɯl]
보이는 여자를,6,[po.i.nɯn.jʌ.tʃa.ɾɯl],[bo.i.nɯn.jʌ.dʒa.ɾɯl]
항상 사랑한다고,6,[haŋ.saŋ.sa.ɾaŋ.han.ta.ko],[haŋ.saŋ.sa.ɾaŋ.han.ta.go]
보이는 이유가,6,[po.i.nɯn.i.ju.ka],[bo.i.nɯn.i.ju.ga]
훨씬 낫네요 이제,6,[hwʌl.s͈in.nat̚.ne.jo.i.tʃe],[hwʌl.s͈in.nat̚.ne.jo.i.dʒe]
항상 새로운 걸,6,[haŋ.saŋ.sɛ.ɾo.uŋ.kʌl],[haŋ.saŋ.sɛ.ɾo.un.gʌl]
내가 깨닫게,6,[nɛ.ka.k͈ɛ.tat̚.ke],[nɛ.ga.k͈ɛ.dat̚.ke]
내가 음악,6,[nɛ.ka.ɯm.ak̚],[nɛ.ga.ɯm.ak̚]
항상 생각해,6,[haŋ.saŋ.sɛŋ.kak̚.hɛ],[haŋ.saŋ.sɛŋ.gak̚.hɛ]
항상 생각해요,6,[haŋ.saŋ.sɛŋ.kak̚.hɛ.jo],[haŋ.saŋ.sɛŋ.gak̚.hɛ.jo]
항상 선생님이,6,[haŋ.saŋ.sʌn.sɛŋ.nim.i],[haŋ.saŋ.sʌn.sɛŋ.nim.i]
내가 깨달았을 때,6,[nɛ.ka.k͈ɛ.tal.at̚.ɯl.t͈ɛ],[nɛ.ga.k͈ɛ.dal.at̚.ɯl.t͈ɛ]
보이는 즉시,6,[po.i.nɯn.tʃɯk̚.si],[bo.i.nɯn.dʒɯk̚.si]
보이는구나 이제,6,[po.i.nɯŋ.ku.na.i.tʃe],[bo.i.nɯŋ.ku.na.i.dʒe]
항상 세상을,6,[haŋ.saŋ.se.saŋ.ɯl],[haŋ.saŋ.se.saŋ.ɯl]
관해 좋은,6,[kwan.hɛ.tʃot̚.ɯn],[gwan.hɛ.dʒot̚.ɯn]
항상 술을,6,[haŋ.saŋ.sul.ɯl],[haŋ.saŋ.sul.ɯl]
보이는군 그렇지,6,[po.i.nɯŋ.kuŋ.kɯ.ɾʌt̚.tʃi],[bo.i.nɯŋ.kun.gɯ.ɾʌt̚.tʃi]
보이는군 네,6,[po.i.nɯŋ.kun.ne],[bo.i.nɯŋ.kun.ne]
보이는데 괜찮아요,6,[po.i.nɯn.te.kwɛn.tʃʰan.a.jo],[bo.i.nɯn.te.gwɛn.tʃʰan.a.jo]
보이는데 괜찮아,6,[po.i.nɯn.te.kwɛn.tʃʰan.a],[bo.i.nɯn.te.gwɛn.tʃʰan.a]
공기의 옅은,6,[koŋ.ki.ɯi.jʌt̚.ɯn],[goŋ.gi.ɯi.jʌt̚.ɯn]
항상 아버지가,6,[haŋ.saŋ.a.pʌ.tʃi.ka],[haŋ.saŋ.a.bʌ.dʒi.ga]
항상 아빠를,6,[haŋ.saŋ.a.p͈a.ɾɯl],[haŋ.saŋ.a.p͈a.ɾɯl]
항상 안 웃겨,6,[haŋ.saŋ.an.ut̚.kjʌ],[haŋ.saŋ.an.ut̚.kjʌ]
보이는데 그럼,6,[po.i.nɯn.te.kɯ.ɾʌm],[bo.i.nɯn.te.gɯ.ɾʌm]
보이는데 난 그대의 적이,6,[po.i.nɯn.te.naŋ.kɯ.tɛ.ɯi.tʃʌk̚.i],[bo.i.nɯn.te.nan.gɯ.dɛ.ɯi.dʒʌk̚.i]
보이는데 난 그대의,6,[po.i.nɯn.te.naŋ.kɯ.tɛ.ɯi],[bo.i.nɯn.te.nan.gɯ.dɛ.ɯi]
분을 부부로 선언합니다,6,[pun.ɯl.pu.pu.ɾo.sʌn.ʌn.hap̚.ni.ta],[bun.ɯl.bu.bu.ɾo.sʌn.ʌn.hap̚.ni.da]
항상 알고 있다,6,[haŋ.saŋ.al.ko.it̚.ta],[haŋ.saŋ.al.ko.it̚.ta]
항상 앞으로,6,[haŋ.saŋ.ap̚.ɯ.ɾo],[haŋ.saŋ.ap̚.ɯ.ɾo]
항상 약간,6,[haŋ.saŋ.jak̚.kan],[haŋ.saŋ.jak̚.kan]
항상 약에,6,[haŋ.saŋ.jak̚.e],[haŋ.saŋ.jak̚.e]
보이는데 뭘,6,[po.i.nɯn.te.mwʌl],[bo.i.nɯn.te.mwʌl]
항상 어둠 속에,6,[haŋ.saŋ.ʌ.tum.sok̚.e],[haŋ.saŋ.ʌ.dum.sok̚.e]
항상 어떻게,6,[haŋ.saŋ.ʌ.t͈ʌt̚.ke],[haŋ.saŋ.ʌ.t͈ʌt̚.ke]
이봐요 이리,6,[i.pwa.jo.i.ɾi],[i.bwa.jo.i.ɾi]
항상 엄청,6,[haŋ.saŋ.ʌn.tʃʰʌŋ],[haŋ.saŋ.ʌn.tʃʰʌŋ]
보이는데 우리,6,[po.i.nɯn.te.u.ɾi],[bo.i.nɯn.te.u.ɾi]
항상 여러,6,[haŋ.saŋ.jʌ.ɾʌ],[haŋ.saŋ.jʌ.ɾʌ]
항상 여자들을,6,[haŋ.saŋ.jʌ.tʃa.tɯl.ɯl],[haŋ.saŋ.jʌ.dʒa.dɯl.ɯl]
항상 여자가,6,[haŋ.saŋ.jʌ.tʃa.ka],[haŋ.saŋ.jʌ.dʒa.ga]
내가 꼬마였을,6,[nɛ.ka.k͈o.ma.jʌt̚.ɯl],[nɛ.ga.k͈o.ma.jʌt̚.ɯl]
공동 각본,6,[koŋ.toŋ.kak̚.pon],[goŋ.doŋ.gak̚.pon]
훨씬 더 복잡하다,6,[hwʌl.s͈in.tʌ.pok̚.tʃap̚.ha.ta],[hwʌl.s͈in.dʌ.bok̚.tʃap̚.ha.da]
항상 옳아,6,[haŋ.saŋ.ol.a],[haŋ.saŋ.ol.a]
항상 옳다는,6,[haŋ.saŋ.ol.ta.nɯn],[haŋ.saŋ.ol.ta.nɯn]
공동 소유,6,[koŋ.toŋ.so.ju],[goŋ.doŋ.so.ju]
항상 우는,6,[haŋ.saŋ.u.nɯn],[haŋ.saŋ.u.nɯn]
내가 꼭 구해줄게,6,[nɛ.ka.k͈ok̚.ku.hɛ.tʃul.ke],[nɛ.ga.k͈ok̚.gu.hɛ.dʒul.ke]
항상 우리는,6,[haŋ.saŋ.u.ɾi.nɯn],[haŋ.saŋ.u.ɾi.nɯn]
공동 설립자,6,[koŋ.toŋ.sʌl.ɾip̚.tʃa],[goŋ.doŋ.sʌl.ɾip̚.tʃa]
항상 우리보다 한,6,[haŋ.saŋ.u.ɾi.po.ta.han],[haŋ.saŋ.u.ɾi.bo.da.han]
내가 꽃을,6,[nɛ.ka.k͈ot̚.ɯl],[nɛ.ga.k͈ot̚.ɯl]
분이 걸립니다,6,[pun.i.kʌl.ɾip̚.ni.ta],[bun.i.gʌl.ɾip̚.ni.da]
보이더라고 그래서,6,[po.i.tʌ.ɾa.ko.kɯ.ɾɛ.sʌ],[bo.i.dʌ.ɾa.go.gɯ.ɾɛ.sʌ]
항상 원했던 것,6,[haŋ.saŋ.wʌn.hɛt̚.tʌŋ.kʌt̚],[haŋ.saŋ.wʌn.hɛt̚.tʌn.gʌt̚]
보이던 그,6,[po.i.tʌŋ.kɯ],[bo.i.dʌn.gɯ]
항상 음악을 듣고,6,[haŋ.saŋ.ɯm.ak̚.ɯl.tɯt̚.ko],[haŋ.saŋ.ɯm.ak̚.ɯl.dɯt̚.ko]
내가 꽤나,6,[nɛ.ka.k͈wɛ.na],[nɛ.ga.k͈wɛ.na]
항상 이거,6,[haŋ.saŋ.i.kʌ],[haŋ.saŋ.i.gʌ]
보이드 내가,6,[po.i.tɯ.nɛ.ka],[bo.i.dɯ.nɛ.ga]
항상 이곳에,6,[haŋ.saŋ.i.kot̚.e],[haŋ.saŋ.i.got̚.e]
항상 이겨,6,[haŋ.saŋ.i.kjʌ],[haŋ.saŋ.i.gjʌ]
보이드 크라우더와,6,[po.i.tɯ.kʰɯ.ɾa.u.tʌ.wa],[bo.i.dɯ.kʰɯ.ɾa.u.dʌ.wa]
갔다 오자,6,[kat̚.ta.o.tʃa],[gat̚.ta.o.dʒa]
항상 이러잖아,6,[haŋ.saŋ.i.ɾʌ.tʃan.a],[haŋ.saŋ.i.ɾʌ.dʒan.a]
보이드가 널,6,[po.i.tɯ.ka.nʌl],[bo.i.dɯ.ga.nʌl]
훨씬 더 좋아질,6,[hwʌl.s͈in.tʌ.tʃot̚.a.tʃil],[hwʌl.s͈in.dʌ.dʒot̚.a.dʒil]
보이드 크라우더의,6,[po.i.tɯ.kʰɯ.ɾa.u.tʌ.ɯi],[bo.i.dɯ.kʰɯ.ɾa.u.dʌ.ɯi]
항상 있는 것은,6,[haŋ.saŋ.it̚.nɯŋ.kʌt̚.ɯn],[haŋ.saŋ.it̚.nɯn.gʌt̚.ɯn]
훨씬 더 크다,6,[hwʌl.s͈in.tʌ.kʰɯ.ta],[hwʌl.s͈in.dʌ.kʰɯ.da]
보이면 내,6,[po.i.mjʌn.nɛ],[bo.i.mjʌn.nɛ]
보이면 네,6,[po.i.mjʌn.ne],[bo.i.mjʌn.ne]
분이 나한테,6,[pun.i.na.han.tʰe],[bun.i.na.han.tʰe]
내가 꿈속에서 그,6,[nɛ.ka.k͈um.sok̚.e.sʌ.kɯ],[nɛ.ga.k͈um.sok̚.e.sʌ.gɯ]
내가 꿈에,6,[nɛ.ka.k͈um.e],[nɛ.ga.k͈um.e]
항상 있었죠,6,[haŋ.saŋ.it̚.ʌt̚.tʃjo],[haŋ.saŋ.it̚.ʌt̚.tʃjo]
공동 제작자,6,[koŋ.toŋ.tʃe.tʃak̚.tʃa],[goŋ.doŋ.dʒe.dʒak̚.tʃa]
항상 자기를,6,[haŋ.saŋ.tʃa.ki.ɾɯl],[haŋ.saŋ.dʒa.gi.ɾɯl]
항상 잘해,6,[haŋ.saŋ.tʃal.hɛ],[haŋ.saŋ.dʒal.hɛ]
항상 잘못된,6,[haŋ.saŋ.tʃal.mot̚.twen],[haŋ.saŋ.dʒal.mot̚.twen]
보이스 메일로,6,[po.i.sɯ.me.il.ɾo],[bo.i.sɯ.me.il.ɾo]
Born of,6,,
항상 장갑을,6,[haŋ.saŋ.tʃaŋ.kap̚.ɯl],[haŋ.saŋ.dʒaŋ.gap̚.ɯl]
항상 저에게,6,[haŋ.saŋ.tʃʌ.e.ke],[haŋ.saŋ.dʒʌ.e.ge]
보이스 피싱,6,[po.i.sɯ.pʰi.siŋ],[bo.i.sɯ.pʰi.siŋ]
내가 끌어들인,6,[nɛ.ka.k͈ɯl.ʌ.tɯl.in],[nɛ.ga.k͈ɯl.ʌ.dɯl.in]
훨씬 많이 어딨어,6,[hwʌl.s͈in.man.i.ʌ.tit̚.ʌ],[hwʌl.s͈in.man.i.ʌ.dit̚.ʌ]
내가 끔찍한 실수를,6,[nɛ.ka.k͈ɯn.tʃ͈ik̚.han.sil.su.ɾɯl],[nɛ.ga.k͈ɯn.tʃ͈ik̚.han.sil.su.ɾɯl]
항상 정신,6,[haŋ.saŋ.tʃʌŋ.sin],[haŋ.saŋ.dʒʌŋ.sin]
보이어 씨,6,[po.i.ʌ.s͈i],[bo.i.ʌ.s͈i]
항상 조심하고,6,[haŋ.saŋ.tʃo.sim.ha.ko],[haŋ.saŋ.dʒo.sim.ha.go]
항상 좋아,6,[haŋ.saŋ.tʃot̚.a],[haŋ.saŋ.dʒot̚.a]
항상 좋게,6,[haŋ.saŋ.tʃot̚.ke],[haŋ.saŋ.dʒot̚.ke]
항상 좋아했어,6,[haŋ.saŋ.tʃot̚.a.hɛt̚.ʌ],[haŋ.saŋ.dʒot̚.a.hɛt̚.ʌ]
보이지 그럼,6,[po.i.tʃi.kɯ.ɾʌm],[bo.i.dʒi.gɯ.ɾʌm]
항상 좋지,6,[haŋ.saŋ.tʃot̚.tʃi],[haŋ.saŋ.dʒot̚.tʃi]
분이 뭘,6,[pun.i.mwʌl],[bun.i.mwʌl]
항상 좋은 게,6,[haŋ.saŋ.tʃot̚.ɯŋ.ke],[haŋ.saŋ.dʒot̚.ɯn.ge]
항상 주위에,6,[haŋ.saŋ.tʃu.wi.e],[haŋ.saŋ.dʒu.wi.e]
갔다 올 동안,6,[kat̚.ta.ol.toŋ.an],[gat̚.ta.ol.doŋ.an]
항상 지켜보고 있다,6,[haŋ.saŋ.tʃi.kʰjʌ.po.ko.it̚.ta],[haŋ.saŋ.dʒi.kʰjʌ.bo.go.it̚.ta]
항상 지켜줄게,6,[haŋ.saŋ.tʃi.kʰjʌ.tʃul.ke],[haŋ.saŋ.dʒi.kʰjʌ.dʒul.ke]
내가 끝내마,6,[nɛ.ka.k͈ɯt̚.nɛ.ma],[nɛ.ga.k͈ɯt̚.nɛ.ma]
보이지 않기,6,[po.i.tʃi.aŋ.ki],[bo.i.dʒi.aŋ.ki]
내가 끝내야,6,[nɛ.ka.k͈ɯt̚.nɛ.ja],[nɛ.ga.k͈ɯt̚.nɛ.ja]
항상 책을,6,[haŋ.saŋ.tʃʰɛk̚.ɯl],[haŋ.saŋ.tʃʰɛk̚.ɯl]
내가 끝내주는,6,[nɛ.ka.k͈ɯt̚.nɛ.tʃu.nɯn],[nɛ.ga.k͈ɯt̚.nɛ.dʒu.nɯn]
항상 최선은 아닙니다,6,[haŋ.saŋ.tʃʰwe.sʌn.ɯn.a.nip̚.ni.ta],[haŋ.saŋ.tʃʰwe.sʌn.ɯn.a.nip̚.ni.da]
공동의 목표를 위해,6,[koŋ.toŋ.ɯi.mok̚.pʰjo.ɾɯl.wi.hɛ],[goŋ.doŋ.ɯi.mok̚.pʰjo.ɾɯl.wi.hɛ]
훨씬 쉬웠을 텐데,6,[hwʌl.s͈in.swi.wʌt̚.ɯl.tʰen.te],[hwʌl.s͈in.swi.wʌt̚.ɯl.tʰen.te]
항상 켜,6,[haŋ.saŋ.kʰjʌ],[haŋ.saŋ.kʰjʌ]
항상 최악의,6,[haŋ.saŋ.tʃʰwe.ak̚.ɯi],[haŋ.saŋ.tʃʰwe.ak̚.ɯi]
항상 특별한,6,[haŋ.saŋ.tʰɯk̚.pjʌl.han],[haŋ.saŋ.tʰɯk̚.pjʌl.han]
보이지 않는 것,6,[po.i.tʃi.an.nɯŋ.kʌt̚],[bo.i.dʒi.an.nɯn.gʌt̚]
항상 필요할,6,[haŋ.sam.pʰil.jo.hal],[haŋ.sam.pʰil.jo.hal]
보이지 않는 걸,6,[po.i.tʃi.an.nɯŋ.kʌl],[bo.i.dʒi.an.nɯn.gʌl]
내가 끝낼 수,6,[nɛ.ka.k͈ɯt̚.nɛl.su],[nɛ.ga.k͈ɯt̚.nɛl.su]
항상 하고 싶었던 바로,6,[haŋ.saŋ.ha.ko.sip̚.ʌt̚.tʌm.pa.ɾo],[haŋ.saŋ.ha.go.sip̚.ʌt̚.tʌn.ba.ɾo]
항상 하죠,6,[haŋ.saŋ.ha.tʃjo],[haŋ.saŋ.ha.dʒjo]
보이지 않는 누군가에게 손,6,[po.i.tʃi.an.nɯn.nu.kuŋ.ka.e.ke.son],[bo.i.dʒi.an.nɯn.nu.guŋ.ka.e.ge.son]
보이지 않는 누군가에게,6,[po.i.tʃi.an.nɯn.nu.kuŋ.ka.e.ke],[bo.i.dʒi.an.nɯn.nu.guŋ.ka.e.ge]
내가 끝냈어,6,[nɛ.ka.k͈ɯt̚.nɛt̚.ʌ],[nɛ.ga.k͈ɯt̚.nɛt̚.ʌ]
항상 행복한,6,[haŋ.saŋ.hɛm.pok̚.han],[haŋ.saŋ.hɛŋ.bok̚.han]
항상 해요,6,[haŋ.saŋ.hɛ.jo],[haŋ.saŋ.hɛ.jo]
항상 화가 나,6,[haŋ.saŋ.hwa.ka.na],[haŋ.saŋ.hwa.ga.na]
내가 끼어들어서,6,[nɛ.ka.k͈i.ʌ.tɯl.ʌ.sʌ],[nɛ.ga.k͈i.ʌ.dɯl.ʌ.sʌ]
항상은 아니고,6,[haŋ.saŋ.ɯn.a.ni.ko],[haŋ.saŋ.ɯn.a.ni.go]
항상은 아니지만,6,[haŋ.saŋ.ɯn.a.ni.tʃi.man],[haŋ.saŋ.ɯn.a.ni.dʒi.man]
항상은 아냐,6,[haŋ.saŋ.ɯn.a.nja],[haŋ.saŋ.ɯn.a.nja]
훨씬 싸고,6,[hwʌl.s͈in.s͈a.ko],[hwʌl.s͈in.s͈a.go]
항생제가 필요해,6,[haŋ.sɛŋ.tʃe.ka.pʰil.jo.hɛ],[haŋ.sɛŋ.dʒe.ga.pʰil.jo.hɛ]
내가 끼워,6,[nɛ.ka.k͈i.wʌ],[nɛ.ga.k͈i.wʌ]
항성 간의,6,[haŋ.sʌŋ.kan.ɯi],[haŋ.sʌŋ.gan.ɯi]
공동체에 대해,6,[koŋ.toŋ.tʃʰe.e.tɛ.hɛ],[goŋ.doŋ.tʃʰe.e.dɛ.hɛ]
보이지 않더군요,6,[po.i.tʃi.an.tʌ.kun.jo],[bo.i.dʒi.an.tʌ.gun.jo]
항암 치료는,6,[haŋ.an.tʃʰi.ɾjo.nɯn],[haŋ.an.tʃʰi.ɾjo.nɯn]
항에 따르면,6,[haŋ.e.t͈a.ɾɯ.mjʌn],[haŋ.e.t͈a.ɾɯ.mjʌn]
항의는 애국심이,6,[haŋ.ɯi.nɯn.ɛ.kuk̚.sim.i],[haŋ.ɯi.nɯn.ɛ.guk̚.sim.i]
항의하기를 희망했기,6,[haŋ.ɯi.ha.ki.ɾɯl.hɯi.maŋ.hɛt̚.ki],[haŋ.ɯi.ha.gi.ɾɯl.hɯi.maŋ.hɛt̚.ki]
항의하기를 희망했기 때문에,6,[haŋ.ɯi.ha.ki.ɾɯl.hɯi.maŋ.hɛt̚.ki.t͈ɛ.mun.e],[haŋ.ɯi.ha.gi.ɾɯl.hɯi.maŋ.hɛt̚.ki.t͈ɛ.mun.e]
항의는 애국심이 강하다,6,[haŋ.ɯi.nɯn.ɛ.kuk̚.sim.i.kaŋ.ha.ta],[haŋ.ɯi.nɯn.ɛ.guk̚.sim.i.gaŋ.ha.da]
훨씬 잘해,6,[hwʌl.s͈in.tʃal.hɛ],[hwʌl.s͈in.dʒal.hɛ]
항해가 편안했길 바라오,6,[haŋ.hɛ.ka.pʰjʌn.an.hɛt̚.kil.pa.ɾa.o],[haŋ.hɛ.ga.pʰjʌn.an.hɛt̚.kil.ba.ɾa.o]
항해가 편안했길,6,[haŋ.hɛ.ka.pʰjʌn.an.hɛt̚.kil],[haŋ.hɛ.ga.pʰjʌn.an.hɛt̚.kil]
훨씬 재밌어요,6,[hwʌl.s͈in.tʃɛ.mit̚.ʌ.jo],[hwʌl.s͈in.dʒɛ.mit̚.ʌ.jo]
항해가 편안했길 바라오 바람이,6,[haŋ.hɛ.ka.pʰjʌn.an.hɛt̚.kil.pa.ɾa.o.pa.ɾam.i],[haŋ.hɛ.ga.pʰjʌn.an.hɛt̚.kil.ba.ɾa.o.ba.ɾam.i]
보이지 않았던,6,[po.i.tʃi.an.at̚.tʌn],[bo.i.dʒi.an.at̚.tʌn]
내가 나가라고,6,[nɛ.ka.na.ka.ɾa.ko],[nɛ.ga.na.ga.ɾa.go]
보이지 않았으면,6,[po.i.tʃi.an.at̚.ɯ.mjʌn],[bo.i.dʒi.an.at̚.ɯ.mjʌn]
공략할 거야,6,[koŋ.ɾjak̚.hal.kʌ.ja],[goŋ.ɾjak̚.hal.gʌ.ja]
해 We,6,[hɛ],[hɛ]
보이지 않으니까요,6,[po.i.tʃi.an.ɯ.ni.k͈a.jo],[bo.i.dʒi.an.ɯ.ni.k͈a.jo]
내가 나가면 문,6,[nɛ.ka.na.ka.mjʌn.mun],[nɛ.ga.na.ga.mjʌn.mun]
해 가기,6,[hɛ.ka.ki],[hɛ.ga.gi]
해 가까이,6,[hɛ.ka.k͈a.i],[hɛ.ga.k͈a.i]
해 가기 전에,6,[hɛ.ka.ki.tʃʌn.e],[hɛ.ga.gi.dʒʌn.e]
갔다 올게 네,6,[kat̚.ta.ol.ke.ne],[gat̚.ta.ol.ke.ne]
갔다 올게 금방,6,[kat̚.ta.ol.ke.kɯm.paŋ],[gat̚.ta.ol.ke.gɯm.paŋ]
해 가능한 한,6,[hɛ.ka.nɯŋ.han.han],[hɛ.ga.nɯŋ.han.han]
해 가끔은,6,[hɛ.ka.k͈ɯm.ɯn],[hɛ.ga.k͈ɯm.ɯn]
보이지 않을 수도,6,[po.i.tʃi.an.ɯl.su.to],[bo.i.dʒi.an.ɯl.su.do]
보이지 않을 겁니다,6,[po.i.tʃi.an.ɯl.kʌp̚.ni.ta],[bo.i.dʒi.an.ɯl.gʌp̚.ni.da]
보이지 않을거야,6,[po.i.tʃi.an.ɯl.kʌ.ja],[bo.i.dʒi.an.ɯl.kʌ.ja]
공로 훈장을,6,[koŋ.ɾo.hun.tʃaŋ.ɯl],[goŋ.ɾo.hun.tʃaŋ.ɯl]
보이지 않잖아,6,[po.i.tʃi.an.tʃan.a],[bo.i.dʒi.an.tʃan.a]
real good,6,,
해 감옥에,6,[hɛ.kam.ok̚.e],[hɛ.gam.ok̚.e]
해 감히,6,[hɛ.kam.hi],[hɛ.gam.hi]
공로를 인정받아,6,[koŋ.ɾo.ɾɯl.in.tʃʌm.pat̚.a],[goŋ.ɾo.ɾɯl.in.tʃʌŋ.bat̚.a]
내가 나갈게 안녕,6,[nɛ.ka.na.kal.ke.an.njʌŋ],[nɛ.ga.na.gal.ke.an.njʌŋ]
해 같이 갈,6,[hɛ.kat̚.i.kal],[hɛ.gat̚.i.gal]
seen him before in,6,,
보이지도 않고요,6,[po.i.tʃi.to.aŋ.ko.jo],[bo.i.dʒi.do.aŋ.ko.jo]
내가 이 안에,6,[nɛ.ka.i.an.e],[nɛ.ga.i.an.e]
훨씬 좋은데,6,[hwʌl.s͈in.tʃot̚.ɯn.te],[hwʌl.s͈in.dʒot̚.ɯn.te]
해 걜 찾아야 한다고,6,[hɛ.kjɛl.tʃʰat̚.a.ja.han.ta.ko],[hɛ.gjɛl.tʃʰat̚.a.ja.han.ta.go]
해 걜 찾아야,6,[hɛ.kjɛl.tʃʰat̚.a.ja],[hɛ.gjɛl.tʃʰat̚.a.ja]
갔다 올래,6,[kat̚.ta.ol.ɾɛ],[gat̚.ta.ol.ɾɛ]
보이지도 않아요,6,[po.i.tʃi.to.an.a.jo],[bo.i.dʒi.do.an.a.jo]
보이지도 않죠,6,[po.i.tʃi.to.an.tʃjo],[bo.i.dʒi.do.an.tʃjo]
내가 나란,6,[nɛ.ka.na.ɾan],[nɛ.ga.na.ɾan]
해 검사,6,[hɛ.kʌm.sa],[hɛ.gʌm.sa]
공립 학교에서,6,[koŋ.ɾip̚.hak̚.kjo.e.sʌ],[goŋ.ɾip̚.hak̚.kjo.e.sʌ]
해 겨우,6,[hɛ.kjʌ.u],[hɛ.gjʌ.u]
해 경찰은,6,[hɛ.kjʌŋ.tʃʰal.ɯn],[hɛ.gjʌŋ.tʃʰal.ɯn]
해 계단,6,[hɛ.kje.tan],[hɛ.gje.dan]
공립 학교에,6,[koŋ.ɾip̚.hak̚.kjo.e],[goŋ.ɾip̚.hak̚.kjo.e]
내가 나쁜 놈이라고,6,[nɛ.ka.na.p͈ɯn.nom.i.ɾa.ko],[nɛ.ga.na.p͈ɯn.nom.i.ɾa.go]
해 과거는,6,[hɛ.kwa.kʌ.nɯn],[hɛ.gwa.gʌ.nɯn]
보이진 않는군요,6,[po.i.tʃin.an.nɯŋ.kun.jo],[bo.i.dʒin.an.nɯŋ.kun.jo]
공매해 공매해,6,[koŋ.mɛ.hɛ.koŋ.mɛ.hɛ],[goŋ.mɛ.hɛ.goŋ.mɛ.hɛ]
이사 온 것,6,[i.sa.oŋ.kʌt̚],[i.sa.on.gʌt̚]
보이진 않는데요 제가 왕의,6,[po.i.tʃin.an.nɯn.te.jo.tʃe.ka.waŋ.ɯi],[bo.i.dʒin.an.nɯn.te.jo.dʒe.ga.waŋ.ɯi]
보이진 않는데요 제가,6,[po.i.tʃin.an.nɯn.te.jo.tʃe.ka],[bo.i.dʒin.an.nɯn.te.jo.dʒe.ga]
해 괜한,6,[hɛ.kwɛn.han],[hɛ.gwɛn.han]
보이진 않던데요,6,[po.i.tʃin.an.tʌn.te.jo],[bo.i.dʒin.an.tʌn.te.jo]
내가 나쁜 소식을,6,[nɛ.ka.na.p͈ɯn.so.sik̚.ɯl],[nɛ.ga.na.p͈ɯn.so.sik̚.ɯl]
공무 때문에,6,[koŋ.mu.t͈ɛ.mun.e],[goŋ.mu.t͈ɛ.mun.e]
해 그 다음,6,[hɛ.kɯ.ta.ɯm],[hɛ.gɯ.da.ɯm]
보이진 않습니다,6,[po.i.tʃin.an.sɯp̚.ni.ta],[bo.i.dʒin.an.sɯp̚.ni.da]
해 그 사람을,6,[hɛ.kɯ.sa.ɾam.ɯl],[hɛ.gɯ.sa.ɾam.ɯl]
보이진 않았지만,6,[po.i.tʃin.an.at̚.tʃi.man],[bo.i.dʒin.an.at̚.tʃi.man]
해 그 여자,6,[hɛ.kɯ.jʌ.tʃa],[hɛ.gɯ.jʌ.dʒa]
해 그 전에,6,[hɛ.kɯ.tʃʌn.e],[hɛ.gɯ.dʒʌn.e]
훨씬 편했을,6,[hwʌl.s͈im.pʰjʌn.hɛt̚.ɯl],[hwʌl.s͈im.pʰjʌn.hɛt̚.ɯl]
내가 나서면,6,[nɛ.ka.na.sʌ.mjʌn],[nɛ.ga.na.sʌ.mjʌn]
공무 중,6,[koŋ.mu.tʃuŋ],[goŋ.mu.dʒuŋ]
해 그건 좀,6,[hɛ.kɯ.kʌn.tʃom],[hɛ.gɯ.gʌn.dʒom]
해 그걸로,6,[hɛ.kɯ.kʌl.ɾo],[hɛ.gɯ.gʌl.ɾo]
해 그걸 어떻게 다,6,[hɛ.kɯ.kʌl.ʌ.t͈ʌt̚.ke.ta],[hɛ.gɯ.gʌl.ʌ.t͈ʌt̚.ke.da]
해 그건 안 돼,6,[hɛ.kɯ.kʌn.an.twɛ],[hɛ.gɯ.gʌn.an.dwɛ]
해 그것만,6,[hɛ.kɯ.kʌt̚.man],[hɛ.gɯ.gʌt̚.man]
보인 거죠,6,[po.iŋ.kʌ.tʃjo],[bo.in.gʌ.dʒjo]
내가 나서야지,6,[nɛ.ka.na.sʌ.ja.tʃi],[nɛ.ga.na.sʌ.ja.dʒi]
공무 중에,6,[koŋ.mu.tʃuŋ.e],[goŋ.mu.dʒuŋ.e]
해 그게 네,6,[hɛ.kɯ.ke.ne],[hɛ.gɯ.ge.ne]
분이 하실,6,[pun.i.ha.sil],[bun.i.ha.sil]
해 그게 바로,6,[hɛ.kɯ.ke.pa.ɾo],[hɛ.gɯ.ge.ba.ɾo]
해 그게 우리,6,[hɛ.kɯ.ke.u.ɾi],[hɛ.gɯ.ge.u.ɾi]
real name,6,,
해 그게 우리가,6,[hɛ.kɯ.ke.u.ɾi.ka],[hɛ.gɯ.ge.u.ɾi.ga]
해 그냥 가,6,[hɛ.kɯ.njaŋ.ka],[hɛ.gɯ.njaŋ.ga]
공무 집행 중입니다,6,[koŋ.mu.tʃip̚.hɛŋ.tʃuŋ.ip̚.ni.ta],[goŋ.mu.dʒip̚.hɛŋ.dʒuŋ.ip̚.ni.da]
내가 나에게,6,[nɛ.ka.na.e.ke],[nɛ.ga.na.e.ge]
해 그들에게,6,[hɛ.kɯ.tɯl.e.ke],[hɛ.gɯ.dɯl.e.ge]
해 그들은 내,6,[hɛ.kɯ.tɯl.ɯn.nɛ],[hɛ.gɯ.dɯl.ɯn.nɛ]
보인다 나도,6,[po.in.ta.na.to],[bo.in.ta.na.do]
내가 나오라고 할,6,[nɛ.ka.na.o.ɾa.ko.hal],[nɛ.ga.na.o.ɾa.go.hal]
해 그딴,6,[hɛ.kɯ.t͈an],[hɛ.gɯ.t͈an]
해 그땐,6,[hɛ.kɯ.t͈ɛn],[hɛ.gɯ.t͈ɛn]
보인다 날,6,[po.in.ta.nal],[bo.in.ta.nal]
내가 나오라고 할 때까지,6,[nɛ.ka.na.o.ɾa.ko.hal.t͈ɛ.k͈a.tʃi],[nɛ.ga.na.o.ɾa.go.hal.t͈ɛ.k͈a.dʒi]
해 그래서 네,6,[hɛ.kɯ.ɾɛ.sʌ.ne],[hɛ.gɯ.ɾɛ.sʌ.ne]
해 그래서 난,6,[hɛ.kɯ.ɾɛ.sʌ.nan],[hɛ.gɯ.ɾɛ.sʌ.nan]
해 그래서 말인데,6,[hɛ.kɯ.ɾɛ.sʌ.mal.in.te],[hɛ.gɯ.ɾɛ.sʌ.mal.in.te]
보인다 무슨,6,[po.in.ta.mu.sɯn],[bo.in.ta.mu.sɯn]
해 그래야 그,6,[hɛ.kɯ.ɾɛ.ja.kɯ],[hɛ.gɯ.ɾɛ.ja.gɯ]
보인다 아,6,[po.in.ta.a],[bo.in.ta.a]
공무원에게 뇌물을,6,[koŋ.mu.wʌn.e.ke.nwe.mul.ɯl],[goŋ.mu.wʌn.e.ge.nwe.mul.ɯl]
보인다 어디,6,[po.in.ta.ʌ.ti],[bo.in.ta.ʌ.di]
내가 나왔을,6,[nɛ.ka.na.wat̚.ɯl],[nɛ.ga.na.wat̚.ɯl]
공무원이 될,6,[koŋ.mu.wʌn.i.twel],[goŋ.mu.wʌn.i.dwel]
분이나 됐어,6,[pun.i.na.twɛt̚.ʌ],[bun.i.na.dwɛt̚.ʌ]
해 그러지 말고,6,[hɛ.kɯ.ɾʌ.tʃi.mal.ko],[hɛ.gɯ.ɾʌ.dʒi.mal.ko]
해 그러지 마,6,[hɛ.kɯ.ɾʌ.tʃi.ma],[hɛ.gɯ.ɾʌ.dʒi.ma]
해 그런 걸,6,[hɛ.kɯ.ɾʌŋ.kʌl],[hɛ.gɯ.ɾʌn.gʌl]
보인다 이건,6,[po.in.ta.i.kʌn],[bo.in.ta.i.gʌn]
해 그런 말,6,[hɛ.kɯ.ɾʌn.mal],[hɛ.gɯ.ɾʌn.mal]
해 그런 일이,6,[hɛ.kɯ.ɾʌn.il.i],[hɛ.gɯ.ɾʌn.il.i]
해 그런 일은,6,[hɛ.kɯ.ɾʌn.il.ɯn],[hɛ.gɯ.ɾʌn.il.ɯn]
보인다 이런,6,[po.in.ta.i.ɾʌn],[bo.in.ta.i.ɾʌn]
해 그럴 수 없어,6,[hɛ.kɯ.ɾʌl.su.ʌp̚.ʌ],[hɛ.gɯ.ɾʌl.su.ʌp̚.ʌ]
해 그럴 순,6,[hɛ.kɯ.ɾʌl.sun],[hɛ.gɯ.ɾʌl.sun]
보인다 정말,6,[po.in.ta.tʃʌŋ.mal],[bo.in.ta.dʒʌŋ.mal]
real thing,6,,
보인다고 하면,6,[po.in.ta.ko.ha.mjʌn],[bo.in.ta.go.ha.mjʌn]
해 그럼 그,6,[hɛ.kɯ.ɾʌm.kɯ],[hɛ.gɯ.ɾʌm.gɯ]
보인다고 합니다,6,[po.in.ta.ko.hap̚.ni.ta],[bo.in.ta.go.hap̚.ni.da]
해 그럼 우리,6,[hɛ.kɯ.ɾʌm.u.ɾi],[hɛ.gɯ.ɾʌm.u.ɾi]
해 그럼 우린,6,[hɛ.kɯ.ɾʌm.u.ɾin],[hɛ.gɯ.ɾʌm.u.ɾin]
해 그럼 이,6,[hɛ.kɯ.ɾʌm.i],[hɛ.gɯ.ɾʌm.i]
보인다는 거야,6,[po.in.ta.nɯŋ.kʌ.ja],[bo.in.ta.nɯn.gʌ.ja]
해 그렇게 하면,6,[hɛ.kɯ.ɾʌt̚.ke.ha.mjʌn],[hɛ.gɯ.ɾʌt̚.ke.ha.mjʌn]
보인다는 거죠,6,[po.in.ta.nɯŋ.kʌ.tʃjo],[bo.in.ta.nɯn.gʌ.dʒjo]
해 그렇게 해,6,[hɛ.kɯ.ɾʌt̚.ke.hɛ],[hɛ.gɯ.ɾʌt̚.ke.hɛ]
해 그렇게 할,6,[hɛ.kɯ.ɾʌt̚.ke.hal],[hɛ.gɯ.ɾʌt̚.ke.hal]
해 그렇게 해야,6,[hɛ.kɯ.ɾʌt̚.ke.hɛ.ja],[hɛ.gɯ.ɾʌt̚.ke.hɛ.ja]
보인다는 걸,6,[po.in.ta.nɯŋ.kʌl],[bo.in.ta.nɯn.gʌl]
휘터커 씨,6,[hwi.tʰʌ.kʰʌ.s͈i],[hwi.tʰʌ.kʰʌ.s͈i]
해 그렇죠,6,[hɛ.kɯ.ɾʌt̚.tʃjo],[hɛ.gɯ.ɾʌt̚.tʃjo]
해 그레이스,6,[hɛ.kɯ.ɾe.i.sɯ],[hɛ.gɯ.ɾe.i.sɯ]
해 그렇지만,6,[hɛ.kɯ.ɾʌt̚.tʃi.man],[hɛ.gɯ.ɾʌt̚.tʃi.man]
분이면 가,6,[pun.i.mjʌŋ.ka],[bun.i.mjʌn.ga]
realize how,6,,
해 그리고 이건,6,[hɛ.kɯ.ɾi.ko.i.kʌn],[hɛ.gɯ.ɾi.go.i.gʌn]
이상 more,6,[i.saŋ],[i.saŋ]
이상 more than,6,[i.saŋ],[i.saŋ]
이상 more than a,6,[i.saŋ],[i.saŋ]
해 그리고 이제,6,[hɛ.kɯ.ɾi.ko.i.tʃe],[hɛ.gɯ.ɾi.go.i.dʒe]
해 그자를,6,[hɛ.kɯ.tʃa.ɾɯl],[hɛ.gɯ.dʒa.ɾɯl]
분이면 갈 수,6,[pun.i.mjʌŋ.kal.su],[bun.i.mjʌn.gal.su]
해 글쎄요,6,[hɛ.kɯl.s͈e.jo],[hɛ.gɯl.s͈e.jo]
내가 날린,6,[nɛ.ka.nal.ɾin],[nɛ.ga.nal.ɾin]
내가 날개를,6,[nɛ.ka.nal.kɛ.ɾɯl],[nɛ.ga.nal.kɛ.ɾɯl]
해 금방 돌아올게,6,[hɛ.kɯm.paŋ.tol.a.ol.ke],[hɛ.gɯm.paŋ.dol.a.ol.ke]
해 기운,6,[hɛ.ki.un],[hɛ.gi.un]
해 기회는 한,6,[hɛ.ki.hwe.nɯn.han],[hɛ.gi.hwe.nɯn.han]
해 끔찍한,6,[hɛ.k͈ɯn.tʃ͈ik̚.han],[hɛ.k͈ɯn.tʃ͈ik̚.han]
갔다 왔는지,6,[kat̚.ta.wat̚.nɯn.tʃi],[gat̚.ta.wat̚.nɯn.tʃi]
be the first woman,6,,
realized I,6,,
해 나가면,6,[hɛ.na.ka.mjʌn],[hɛ.na.ga.mjʌn]
해 나 혼자,6,[hɛ.na.hon.tʃa],[hɛ.na.hon.tʃa]
해 나는 그,6,[hɛ.na.nɯŋ.kɯ],[hɛ.na.nɯn.gɯ]
해 나나,6,[hɛ.na.na],[hɛ.na.na]
보일 때도 있어,6,[po.il.t͈ɛ.to.it̚.ʌ],[bo.il.t͈ɛ.do.it̚.ʌ]
보일 리가,6,[po.il.ɾi.ka],[bo.il.ɾi.ga]
내가 남아,6,[nɛ.ka.nam.a],[nɛ.ga.nam.a]
해 나보다,6,[hɛ.na.po.ta],[hɛ.na.bo.da]
해 나보고,6,[hɛ.na.po.ko],[hɛ.na.bo.go]
해 나중에 다시,6,[hɛ.na.tʃuŋ.e.ta.si],[hɛ.na.dʒuŋ.e.da.si]
보일 수 있다는,6,[po.il.su.it̚.ta.nɯn],[bo.il.su.it̚.ta.nɯn]
해 나한텐,6,[hɛ.na.han.tʰen],[hɛ.na.han.tʰen]
공범이 있었을,6,[kom.pʌm.i.it̚.ʌt̚.ɯl],[goŋ.bʌm.i.it̚.ʌt̚.ɯl]
내가 남자들,6,[nɛ.ka.nan.tʃa.tɯl],[nɛ.ga.nan.tʃa.dɯl]
보일 수가,6,[po.il.su.ka],[bo.il.su.ga]
내가 남자라면,6,[nɛ.ka.nan.tʃa.ɾa.mjʌn],[nɛ.ga.nan.tʃa.ɾa.mjʌn]
내가 남자랑,6,[nɛ.ka.nan.tʃa.ɾaŋ],[nɛ.ga.nan.tʃa.ɾaŋ]
보일 수도 있습니다,6,[po.il.su.to.it̚.sɯp̚.ni.ta],[bo.il.su.do.it̚.sɯp̚.ni.da]
해 난 상관없어,6,[hɛ.nan.saŋ.kwan.ʌp̚.ʌ],[hɛ.nan.saŋ.gwan.ʌp̚.ʌ]
보일 순 없어,6,[po.il.sun.ʌp̚.ʌ],[bo.il.sun.ʌp̚.ʌ]
해 난 이런,6,[hɛ.nan.i.ɾʌn],[hɛ.nan.i.ɾʌn]
내가 남편이,6,[nɛ.ka.nam.pʰjʌn.i],[nɛ.ga.nam.pʰjʌn.i]
해 난 지금,6,[hɛ.nan.tʃi.kɯm],[hɛ.nan.dʒi.gɯm]
really alone,6,,
내가 납치된,6,[nɛ.ka.nap̚.tʃʰi.twen],[nɛ.ga.nap̚.tʃʰi.dwen]
휠체어에 앉은,6,[hwil.tʃʰe.ʌ.e.an.ɯn],[hwil.tʃʰe.ʌ.e.an.ɯn]
휩쓸고 있습니다,6,[hwip̚.s͈ɯl.ko.it̚.sɯp̚.ni.ta],[hwip̚.s͈ɯl.ko.it̚.sɯp̚.ni.da]
보일 줄 알았는데,6,[po.il.tʃul.al.at̚.nɯn.te],[bo.il.dʒul.al.at̚.nɯn.te]
갔다 왔소,6,[kat̚.ta.wat̚.so],[gat̚.ta.wat̚.so]
해 남편이,6,[hɛ.nam.pʰjʌn.i],[hɛ.nam.pʰjʌn.i]
휴 그랜트가,6,[hju.kɯ.ɾɛn.tʰɯ.ka],[hju.gɯ.ɾɛn.tʰɯ.ga]
해 남편은,6,[hɛ.nam.pʰjʌn.ɯn],[hɛ.nam.pʰjʌn.ɯn]
해 내 말 듣고,6,[hɛ.nɛ.mal.tɯt̚.ko],[hɛ.nɛ.mal.dɯt̚.ko]
공부 되게,6,[kom.pu.twe.ke],[goŋ.bu.dwe.ge]
해 내 말 잘,6,[hɛ.nɛ.mal.tʃal],[hɛ.nɛ.mal.dʒal]
해 내 말 믿어,6,[hɛ.nɛ.mal.mit̚.ʌ],[hɛ.nɛ.mal.mit̚.ʌ]
분이야 그,6,[pun.i.ja.kɯ],[bun.i.ja.gɯ]
해 내 새로운,6,[hɛ.nɛ.sɛ.ɾo.un],[hɛ.nɛ.sɛ.ɾo.un]
공부 못,6,[kom.pu.mot̚],[goŋ.bu.mot̚]
보일러 좀,6,[po.il.ɾʌ.tʃom],[bo.il.ɾʌ.dʒom]
내가 내 맘대로,6,[nɛ.ka.nɛ.man.tɛ.ɾo],[nɛ.ga.nɛ.man.tɛ.ɾo]
해 내가 무슨,6,[hɛ.nɛ.ka.mu.sɯn],[hɛ.nɛ.ga.mu.sɯn]
분이에요 하지만,6,[pun.i.e.jo.ha.tʃi.man],[bun.i.e.jo.ha.dʒi.man]
해 내가 본,6,[hɛ.nɛ.ka.pon],[hɛ.nɛ.ga.bon]
해 내가 얼마나,6,[hɛ.nɛ.ka.ʌl.ma.na],[hɛ.nɛ.ga.ʌl.ma.na]
공부 안 해도,6,[kom.pu.an.hɛ.to],[goŋ.bu.an.hɛ.do]
보일진 몰라도,6,[po.il.tʃin.mol.ɾa.to],[bo.il.tʃin.mol.ɾa.do]
해 내일 아침,6,[hɛ.nɛ.il.a.tʃʰim],[hɛ.nɛ.il.a.tʃʰim]
보입니다 더,6,[po.ip̚.ni.ta.tʌ],[bo.ip̚.ni.da.dʌ]
해 낼 거야,6,[hɛ.nɛl.kʌ.ja],[hɛ.nɛl.gʌ.ja]
보입니다 또한,6,[po.ip̚.ni.ta.t͈o.han],[bo.ip̚.ni.da.t͈o.han]
갔다 왔죠,6,[kat̚.ta.wat̚.tʃjo],[gat̚.ta.wat̚.tʃjo]
보입니다 잘,6,[po.ip̚.ni.ta.tʃal],[bo.ip̚.ni.da.dʒal]
내가 내내,6,[nɛ.ka.nɛ.nɛ],[nɛ.ga.nɛ.nɛ]
해 너도 알잖아,6,[hɛ.nʌ.to.al.tʃan.a],[hɛ.nʌ.do.al.tʃan.a]
분이에요 그럼,6,[pun.i.e.jo.kɯ.ɾʌm],[bun.i.e.jo.gɯ.ɾʌm]
해 너한텐,6,[hɛ.nʌ.han.tʰen],[hɛ.nʌ.han.tʰen]
해 너희 둘,6,[hɛ.nʌ.hɯi.tul],[hɛ.nʌ.hɯi.dul]
보자 그거,6,[po.tʃa.kɯ.kʌ],[bo.dʒa.gɯ.gʌ]
해 넌 여기,6,[hɛ.nʌn.jʌ.ki],[hɛ.nʌn.jʌ.gi]
be the man,6,,
내가 내린 결정이야,6,[nɛ.ka.nɛ.ɾiŋ.kjʌl.tʃʌŋ.i.ja],[nɛ.ga.nɛ.ɾin.gjʌl.tʃʌŋ.i.ja]
해 네 엄마가,6,[hɛ.ne.ʌm.ma.ka],[hɛ.ne.ʌm.ma.ga]
해 네가 한,6,[hɛ.ne.ka.han],[hɛ.ne.ga.han]
해 네가 먼저,6,[hɛ.ne.ka.mʌn.tʃʌ],[hɛ.ne.ga.mʌn.tʃʌ]
내가 내야지,6,[nɛ.ka.nɛ.ja.tʃi],[nɛ.ga.nɛ.ja.dʒi]
휴가는 어땠어,6,[hju.ka.nɯn.ʌ.t͈ɛt̚.ʌ],[hju.ga.nɯn.ʌ.t͈ɛt̚.ʌ]
really believe,6,,
해 놈들을,6,[hɛ.non.tɯl.ɯl],[hɛ.non.tɯl.ɯl]
휴가 갔어요,6,[hju.ka.kat̚.ʌ.jo],[hju.ga.gat̚.ʌ.jo]
보자 글쎄,6,[po.tʃa.kɯl.s͈e],[bo.dʒa.gɯl.s͈e]
보자 꼭,6,[po.tʃa.k͈ok̚],[bo.dʒa.k͈ok̚]
공부 제대로,6,[kom.pu.tʃe.tɛ.ɾo],[goŋ.bu.dʒe.dɛ.ɾo]
해 놨네,6,[hɛ.nwat̚.ne],[hɛ.nwat̚.ne]
해 누구나,6,[hɛ.nu.ku.na],[hɛ.nu.gu.na]
갔다 하니까,6,[kat̚.ta.ha.ni.k͈a],[gat̚.ta.ha.ni.k͈a]
해 누구와,6,[hɛ.nu.ku.wa],[hɛ.nu.gu.wa]
해 누구한테,6,[hɛ.nu.ku.han.tʰe],[hɛ.nu.gu.han.tʰe]
내가 낼 거야,6,[nɛ.ka.nɛl.kʌ.ja],[nɛ.ga.nɛl.gʌ.ja]
해 눈에 띄지,6,[hɛ.nun.e.t͈ɯi.tʃi],[hɛ.nun.e.t͈ɯi.dʒi]
휴가를 얻다,6,[hju.ka.ɾɯl.ʌt̚.ta],[hju.ga.ɾɯl.ʌt̚.ta]
해 늦으면 안,6,[hɛ.nɯt̚.ɯ.mjʌn.an],[hɛ.nɯt̚.ɯ.mjʌn.an]
해 다른 사람,6,[hɛ.ta.ɾɯn.sa.ɾam],[hɛ.da.ɾɯn.sa.ɾam]
해 다른 방법이,6,[hɛ.ta.ɾɯm.pam.pʌp̚.i],[hɛ.da.ɾɯn.baŋ.bʌp̚.i]
해 다섯,6,[hɛ.ta.sʌt̚],[hɛ.da.sʌt̚]
내가 너 대신할게,6,[nɛ.ka.nʌ.tɛ.sin.hal.ke],[nɛ.ga.nʌ.dɛ.sin.hal.ke]
보자 두,6,[po.tʃa.tu],[bo.dʒa.du]
보자 만약,6,[po.tʃa.man.jak̚],[bo.dʒa.man.jak̚]
내가 이겼잖아,6,[nɛ.ka.i.kjʌt̚.tʃan.a],[nɛ.ga.i.gjʌt̚.tʃan.a]
내가 너 사랑하는,6,[nɛ.ka.nʌ.sa.ɾaŋ.ha.nɯn],[nɛ.ga.nʌ.sa.ɾaŋ.ha.nɯn]
really busy,6,,
보자 모든,6,[po.tʃa.mo.tɯn],[bo.dʒa.mo.dɯn]
내가 너 사랑하는 거,6,[nɛ.ka.nʌ.sa.ɾaŋ.ha.nɯŋ.kʌ],[nɛ.ga.nʌ.sa.ɾaŋ.ha.nɯn.gʌ]
해 달래요,6,[hɛ.tal.ɾɛ.jo],[hɛ.dal.ɾɛ.jo]
보자 뭐라고,6,[po.tʃa.mwʌ.ɾa.ko],[bo.dʒa.mwʌ.ɾa.go]
보자 뭘,6,[po.tʃa.mwʌl],[bo.dʒa.mwʌl]
내가 너 좋아한다고,6,[nɛ.ka.nʌ.tʃot̚.a.han.ta.ko],[nɛ.ga.nʌ.dʒot̚.a.han.ta.go]
really big,6,,
내가 너 주려고,6,[nɛ.ka.nʌ.tʃu.ɾjʌ.ko],[nɛ.ga.nʌ.dʒu.ɾjʌ.go]
내가 너 죽일,6,[nɛ.ka.nʌ.tʃuk̚.il],[nɛ.ga.nʌ.dʒuk̚.il]
All of the,6,,
갔다 하지 말고,6,[kat̚.ta.ha.tʃi.mal.ko],[gat̚.ta.ha.dʒi.mal.ko]
휴대용 초신성이 아니다,6,[hju.tɛ.joŋ.tʃʰo.sin.sʌŋ.i.a.ni.ta],[hju.dɛ.joŋ.tʃʰo.sin.sʌŋ.i.a.ni.da]
휴대전화 기록,6,[hju.tɛ.tʃʌn.hwa.ki.ɾok̚],[hju.dɛ.dʒʌn.hwa.gi.ɾok̚]
해 더러운,6,[hɛ.tʌ.ɾʌ.un],[hɛ.dʌ.ɾʌ.un]
보자 아직,6,[po.tʃa.a.tʃik̚],[bo.dʒa.a.dʒik̚]
해 데이트,6,[hɛ.te.i.tʰɯ],[hɛ.de.i.tʰɯ]
휴대전화 번호,6,[hju.tɛ.tʃʌn.hwa.pʌn.ho],[hju.dɛ.dʒʌn.hwa.bʌn.ho]
내가 너도,6,[nɛ.ka.nʌ.to],[nɛ.ga.nʌ.do]
내가 너라도,6,[nɛ.ka.nʌ.ɾa.to],[nɛ.ga.nʌ.ɾa.do]
공부도 못,6,[kom.pu.to.mot̚],[goŋ.bu.do.mot̚]
해 돌아와,6,[hɛ.tol.a.wa],[hɛ.dol.a.wa]
해 동생,6,[hɛ.toŋ.sɛŋ],[hɛ.doŋ.sɛŋ]
보자 얘들아,6,[po.tʃa.jɛ.tɯl.a],[bo.dʒa.jɛ.dɯl.a]
휴대전화 알람이,6,[hju.tɛ.tʃʌn.hwa.al.ɾam.i],[hju.dɛ.dʒʌn.hwa.al.ɾam.i]
내가 너라면 도망칠,6,[nɛ.ka.nʌ.ɾa.mjʌn.to.maŋ.tʃʰil],[nɛ.ga.nʌ.ɾa.mjʌn.do.maŋ.tʃʰil]
보자 어때,6,[po.tʃa.ʌ.t͈ɛ],[bo.dʒa.ʌ.t͈ɛ]
보자 어떤,6,[po.tʃa.ʌ.t͈ʌn],[bo.dʒa.ʌ.t͈ʌn]
해 두면,6,[hɛ.tu.mjʌn],[hɛ.du.mjʌn]
내가 너라면 좀,6,[nɛ.ka.nʌ.ɾa.mjʌn.tʃom],[nɛ.ga.nʌ.ɾa.mjʌn.dʒom]
보자 어제,6,[po.tʃa.ʌ.tʃe],[bo.dʒa.ʌ.dʒe]
보자 어이,6,[po.tʃa.ʌ.i],[bo.dʒa.ʌ.i]
해 둘은,6,[hɛ.tul.ɯn],[hɛ.dul.ɯn]
내가 너라면 도망칠 거야,6,[nɛ.ka.nʌ.ɾa.mjʌn.to.maŋ.tʃʰil.kʌ.ja],[nɛ.ga.nʌ.ɾa.mjʌn.do.maŋ.tʃʰil.gʌ.ja]
내가 너라면 그,6,[nɛ.ka.nʌ.ɾa.mjʌŋ.kɯ],[nɛ.ga.nʌ.ɾa.mjʌn.gɯ]
내가 너랑 다르다는 거,6,[nɛ.ka.nʌ.ɾaŋ.ta.ɾɯ.ta.nɯŋ.kʌ],[nɛ.ga.nʌ.ɾaŋ.da.ɾɯ.da.nɯn.gʌ]
보자 오늘은,6,[po.tʃa.o.nɯl.ɯn],[bo.dʒa.o.nɯl.ɯn]
내가 너랑 다르다는,6,[nɛ.ka.nʌ.ɾaŋ.ta.ɾɯ.ta.nɯn],[nɛ.ga.nʌ.ɾaŋ.da.ɾɯ.da.nɯn]
해 드리면,6,[hɛ.tɯ.ɾi.mjʌn],[hɛ.dɯ.ɾi.mjʌn]
해 드릴 수 있는,6,[hɛ.tɯ.ɾil.su.it̚.nɯn],[hɛ.dɯ.ɾil.su.it̚.nɯn]
해 드릴 수 있습니다,6,[hɛ.tɯ.ɾil.su.it̚.sɯp̚.ni.ta],[hɛ.dɯ.ɾil.su.it̚.sɯp̚.ni.da]
해 들어,6,[hɛ.tɯl.ʌ],[hɛ.dɯl.ʌ]
해 들어와요,6,[hɛ.tɯl.ʌ.wa.jo],[hɛ.dɯl.ʌ.wa.jo]
해 듣고 있어,6,[hɛ.tɯt̚.ko.it̚.ʌ],[hɛ.dɯt̚.ko.it̚.ʌ]
보자 이따,6,[po.tʃa.i.t͈a],[bo.dʒa.i.t͈a]
해 떠날,6,[hɛ.t͈ʌ.nal],[hɛ.t͈ʌ.nal]
해 때로는,6,[hɛ.t͈ɛ.ɾo.nɯn],[hɛ.t͈ɛ.ɾo.nɯn]
갔다 해서,6,[kat̚.ta.hɛ.sʌ],[gat̚.ta.hɛ.sʌ]
내가 너를 믿어야,6,[nɛ.ka.nʌ.ɾɯl.mit̚.ʌ.ja],[nɛ.ga.nʌ.ɾɯl.mit̚.ʌ.ja]
해 뜨는 거,6,[hɛ.t͈ɯ.nɯŋ.kʌ],[hɛ.t͈ɯ.nɯn.gʌ]
해 러시아,6,[hɛ.ɾʌ.si.a],[hɛ.ɾʌ.si.a]
해 레이디버그,6,[hɛ.ɾe.i.ti.pʌ.kɯ],[hɛ.ɾe.i.di.bʌ.gɯ]
해 라이언,6,[hɛ.ɾa.i.ʌn],[hɛ.ɾa.i.ʌn]
공부를 한,6,[kom.pu.ɾɯl.han],[goŋ.bu.ɾɯl.han]
해 로저,6,[hɛ.ɾo.tʃʌ],[hɛ.ɾo.dʒʌ]
해 루시퍼,6,[hɛ.ɾu.si.pʰʌ],[hɛ.ɾu.si.pʰʌ]
해 론,6,[hɛ.ɾon],[hɛ.ɾon]
내가 너를 왜,6,[nɛ.ka.nʌ.ɾɯl.wɛ],[nɛ.ga.nʌ.ɾɯl.wɛ]
해 릭이,6,[hɛ.ɾik̚.i],[hɛ.ɾik̚.i]
해 링컨,6,[hɛ.ɾiŋ.kʰʌn],[hɛ.ɾiŋ.kʰʌn]
보자 저녁,6,[po.tʃa.tʃʌ.njʌk̚],[bo.dʒa.dʒʌ.njʌk̚]
보자 제가,6,[po.tʃa.tʃe.ka],[bo.dʒa.dʒe.ga]
휴대폰 네,6,[hju.tɛ.pʰon.ne],[hju.dɛ.pʰon.ne]
내가 너를 팔려고,6,[nɛ.ka.nʌ.ɾɯl.pʰal.ɾjʌ.ko],[nɛ.ga.nʌ.ɾɯl.pʰal.ɾjʌ.go]
내가 너를 팔려고 애쓰는거야,6,[nɛ.ka.nʌ.ɾɯl.pʰal.ɾjʌ.ko.ɛ.s͈ɯ.nɯŋ.kʌ.ja],[nɛ.ga.nʌ.ɾɯl.pʰal.ɾjʌ.go.ɛ.s͈ɯ.nɯŋ.kʌ.ja]
해 말 좀,6,[hɛ.mal.tʃom],[hɛ.mal.dʒom]
해 맘대로,6,[hɛ.man.tɛ.ɾo],[hɛ.man.tɛ.ɾo]
내가 너만할,6,[nɛ.ka.nʌ.man.hal],[nɛ.ga.nʌ.man.hal]
갔다 했어요,6,[kat̚.ta.hɛt̚.ʌ.jo],[gat̚.ta.hɛt̚.ʌ.jo]
휴대폰 신호,6,[hju.tɛ.pʰon.sin.ho],[hju.dɛ.pʰon.sin.ho]
해 머리가,6,[hɛ.mʌ.ɾi.ka],[hɛ.mʌ.ɾi.ga]
갔다가 그냥,6,[kat̚.ta.ka.kɯ.njaŋ],[gat̚.ta.ga.gɯ.njaŋ]
휴대폰 없이,6,[hju.tɛ.pʰon.ʌp̚.i],[hju.dɛ.pʰon.ʌp̚.i]
휴대폰 영상'',6,[hju.tɛ.pʰon.jʌŋ.saŋ],[hju.dɛ.pʰon.jʌŋ.saŋ]
해 몇 시간,6,[hɛ.mjʌt̚.si.kan],[hɛ.mjʌt̚.si.gan]
해 몇 년,6,[hɛ.mjʌt̚.njʌn],[hɛ.mjʌt̚.njʌn]
공부에 도움이,6,[kom.pu.e.to.um.i],[goŋ.bu.e.do.um.i]
해 목소리,6,[hɛ.mok̚.so.ɾi],[hɛ.mok̚.so.ɾi]
해 몸,6,[hɛ.mom],[hɛ.mom]
내가 너무 성급했어,6,[nɛ.ka.nʌ.mu.sʌŋ.kɯp̚.hɛt̚.ʌ],[nɛ.ga.nʌ.mu.sʌŋ.gɯp̚.hɛt̚.ʌ]
공부에 몰두할,6,[kom.pu.e.mol.tu.hal],[goŋ.bu.e.mol.tu.hal]
보자고 다들,6,[po.tʃa.ko.ta.tɯl],[bo.dʒa.go.da.dɯl]
내가 너무 쉽게,6,[nɛ.ka.nʌ.mu.swip̚.ke],[nɛ.ga.nʌ.mu.swip̚.ke]
공부하고 싶어,6,[kom.pu.ha.ko.sip̚.ʌ],[goŋ.bu.ha.go.sip̚.ʌ]
해 무슨 일이에요,6,[hɛ.mu.sɯn.il.i.e.jo],[hɛ.mu.sɯn.il.i.e.jo]
보자고 아,6,[po.tʃa.ko.a],[bo.dʒa.go.a]
보자고 세상에,6,[po.tʃa.ko.se.saŋ.e],[bo.dʒa.go.se.saŋ.e]
해 문제는,6,[hɛ.mun.tʃe.nɯn],[hɛ.mun.tʃe.nɯn]
해 물론이야,6,[hɛ.mul.ɾon.i.ja],[hɛ.mul.ɾon.i.ja]
보자고 어,6,[po.tʃa.ko.ʌ],[bo.dʒa.go.ʌ]
휴대폰 하나,6,[hju.tɛ.pʰon.ha.na],[hju.dɛ.pʰon.ha.na]
해 뭐가 그렇게,6,[hɛ.mwʌ.ka.kɯ.ɾʌt̚.ke],[hɛ.mwʌ.ga.gɯ.ɾʌt̚.ke]
보자고 어디,6,[po.tʃa.ko.ʌ.ti],[bo.dʒa.go.ʌ.di]
휴대폰 다,6,[hju.tɛ.pʰon.ta],[hju.dɛ.pʰon.da]
휴대폰으로 건,6,[hju.tɛ.pʰon.ɯ.ɾo.kʌn],[hju.dɛ.pʰon.ɯ.ɾo.gʌn]
해 뭐요,6,[hɛ.mwʌ.jo],[hɛ.mwʌ.jo]
내가 너무 취해서,6,[nɛ.ka.nʌ.mu.tʃʰwi.hɛ.sʌ],[nɛ.ga.nʌ.mu.tʃʰwi.hɛ.sʌ]
보자고 이게,6,[po.tʃa.ko.i.ke],[bo.dʒa.go.i.ge]
보자고 이제,6,[po.tʃa.ko.i.tʃe],[bo.dʒa.go.i.dʒe]
공부하기 위해,6,[kom.pu.ha.ki.wi.hɛ],[goŋ.bu.ha.gi.wi.hɛ]
휴대폰을 빠뜨리셨지,6,[hju.tɛ.pʰon.ɯl.p͈a.t͈ɯ.ɾi.sjʌt̚.tʃi],[hju.dɛ.pʰon.ɯl.p͈a.t͈ɯ.ɾi.sjʌt̚.tʃi]
해 바닥,6,[hɛ.pa.tak̚],[hɛ.ba.dak̚]
해 바닥에,6,[hɛ.pa.tak̚.e],[hɛ.ba.dak̚.e]
해 발을,6,[hɛ.pal.ɯl],[hɛ.bal.ɯl]
be there for,6,,
보자고 하네,6,[po.tʃa.ko.ha.ne],[bo.dʒa.go.ha.ne]
해 방에,6,[hɛ.paŋ.e],[hɛ.baŋ.e]
해 방아쇠를,6,[hɛ.paŋ.a.swe.ɾɯl],[hɛ.baŋ.a.swe.ɾɯl]
보자고 하세요,6,[po.tʃa.ko.ha.se.jo],[bo.dʒa.go.ha.se.jo]
해 배는,6,[hɛ.pɛ.nɯn],[hɛ.bɛ.nɯn]
해 배고파,6,[hɛ.pɛ.ko.pʰa],[hɛ.bɛ.go.pʰa]
해 버려요,6,[hɛ.pʌ.ɾjʌ.jo],[hɛ.bʌ.ɾjʌ.jo]
해 배가,6,[hɛ.pɛ.ka],[hɛ.bɛ.ga]
해 버리면,6,[hɛ.pʌ.ɾi.mjʌn],[hɛ.bʌ.ɾi.mjʌn]
해 별일,6,[hɛ.pjʌl.il],[hɛ.bjʌl.il]
갔다가 안,6,[kat̚.ta.ka.an],[gat̚.ta.ga.an]
휴스턴 들립니까,6,[hju.sɯ.tʰʌn.tɯl.ɾip̚.ni.k͈a],[hju.sɯ.tʰʌn.dɯl.ɾip̚.ni.k͈a]
해 보,6,[hɛ.po],[hɛ.bo]
해 보거라 게 아무도,6,[hɛ.po.kʌ.ɾa.ke.a.mu.to],[hɛ.bo.gʌ.ɾa.ge.a.mu.do]
해 보거라 게,6,[hɛ.po.kʌ.ɾa.ke],[hɛ.bo.gʌ.ɾa.ge]
해 보고 싶어서,6,[hɛ.po.ko.sip̚.ʌ.sʌ],[hɛ.bo.go.sip̚.ʌ.sʌ]
내가 너에게 갈게,6,[nɛ.ka.nʌ.e.ke.kal.ke],[nɛ.ga.nʌ.e.ge.gal.ke]
공부한 거,6,[kom.pu.haŋ.kʌ],[goŋ.bu.han.gʌ]
내가 너에게 돈을,6,[nɛ.ka.nʌ.e.ke.ton.ɯl],[nɛ.ga.nʌ.e.ge.don.ɯl]
해 보는 건 어때,6,[hɛ.po.nɯŋ.kʌn.ʌ.t͈ɛ],[hɛ.bo.nɯn.gʌn.ʌ.t͈ɛ]
보자고 했다고,6,[po.tʃa.ko.hɛt̚.ta.ko],[bo.dʒa.go.hɛt̚.ta.go]
공부한 적이,6,[kom.pu.han.tʃʌk̚.i],[goŋ.bu.han.dʒʌk̚.i]
보자고 했소,6,[po.tʃa.ko.hɛt̚.so],[bo.dʒa.go.hɛt̚.so]
휴식을 좀,6,[hju.sik̚.ɯl.tʃom],[hju.sik̚.ɯl.dʒom]
해 보든지,6,[hɛ.po.tɯn.tʃi],[hɛ.bo.dɯn.tʃi]
내가 너에게 말한,6,[nɛ.ka.nʌ.e.ke.mal.han],[nɛ.ga.nʌ.e.ge.mal.han]
해 보마,6,[hɛ.po.ma],[hɛ.bo.ma]
해 보려는,6,[hɛ.po.ɾjʌ.nɯn],[hɛ.bo.ɾjʌ.nɯn]
보자구 어떻게,6,[po.tʃa.ku.ʌ.t͈ʌt̚.ke],[bo.dʒa.gu.ʌ.t͈ʌt̚.ke]
휴식을 취하십시오,6,[hju.sik̚.ɯl.tʃʰwi.ha.sip̚.si.o],[hju.sik̚.ɯl.tʃʰwi.ha.sip̚.si.o]
해 보셨습니까,6,[hɛ.po.sjʌt̚.sɯp̚.ni.k͈a],[hɛ.bo.sjʌt̚.sɯp̚.ni.k͈a]
해 보시겠어요,6,[hɛ.po.si.ket̚.ʌ.jo],[hɛ.bo.si.get̚.ʌ.jo]
휴식이 좀,6,[hju.sik̚.i.tʃom],[hju.sik̚.i.dʒom]
보자는 거예요,6,[po.tʃa.nɯŋ.kʌ.je.jo],[bo.dʒa.nɯn.gʌ.je.jo]
해 보입니다,6,[hɛ.po.ip̚.ni.ta],[hɛ.bo.ip̚.ni.da]
해 보일,6,[hɛ.po.il],[hɛ.bo.il]
be there in a,6,,
해 보자 왜,6,[hɛ.po.tʃa.wɛ],[hɛ.bo.dʒa.wɛ]
해 보자구요,6,[hɛ.po.tʃa.ku.jo],[hɛ.bo.dʒa.gu.jo]
해 보자고 내가,6,[hɛ.po.tʃa.ko.nɛ.ka],[hɛ.bo.dʒa.go.nɛ.ga]
휴전 협정,6,[hju.tʃʌn.hjʌp̚.tʃʌŋ],[hju.dʒʌn.hjʌp̚.tʃʌŋ]
내가 너에게 몇 번이나,6,[nɛ.ka.nʌ.e.ke.mjʌt̚.pʌn.i.na],[nɛ.ga.nʌ.e.ge.mjʌt̚.bʌn.i.na]
공부할 필요가,6,[kom.pu.hal.pʰil.jo.ka],[goŋ.bu.hal.pʰil.jo.ga]
해 보지 뭐,6,[hɛ.po.tʃi.mwʌ],[hɛ.bo.dʒi.mwʌ]
해 본 건,6,[hɛ.poŋ.kʌn],[hɛ.bon.gʌn]
보장 연금,6,[po.tʃaŋ.jʌŋ.kɯm],[bo.dʒaŋ.jʌŋ.kɯm]
불 좀 더,6,[pul.tʃon.tʌ],[bul.dʒom.dʌ]
휴학 할,6,[hju.hak̚.hal],[hju.hak̚.hal]
내가 너에게 주는,6,[nɛ.ka.nʌ.e.ke.tʃu.nɯn],[nɛ.ga.nʌ.e.ge.dʒu.nɯn]
흉 안,6,[hjuŋ.an],[hjuŋ.an]
휴회를 요청합니다,6,[hju.hwe.ɾɯl.jo.tʃʰʌŋ.hap̚.ni.ta],[hju.hwe.ɾɯl.jo.tʃʰʌŋ.hap̚.ni.da]
흉갑을 가죽으로,6,[hjuŋ.kap̚.ɯl.ka.tʃuk̚.ɯ.ɾo],[hjuŋ.gap̚.ɯl.ga.dʒuk̚.ɯ.ɾo]
해 본 적이 없다,6,[hɛ.pon.tʃʌk̚.i.ʌp̚.ta],[hɛ.bon.dʒʌk̚.i.ʌp̚.ta]
흉갑을 가죽으로 덮는 건가요,6,[hjuŋ.kap̚.ɯl.ka.tʃuk̚.ɯ.ɾo.tʌp̚.nɯŋ.kʌŋ.ka.jo],[hjuŋ.gap̚.ɯl.ga.dʒuk̚.ɯ.ɾo.dʌp̚.nɯn.gʌŋ.ka.jo]
해 본 적이 있는가,6,[hɛ.pon.tʃʌk̚.i.it̚.nɯŋ.ka],[hɛ.bon.dʒʌk̚.i.it̚.nɯŋ.ka]
공부해야 한다고,6,[kom.pu.hɛ.ja.han.ta.ko],[goŋ.bu.hɛ.ja.han.ta.go]
해 볼 도리가 없어요,6,[hɛ.pol.to.ɾi.ka.ʌp̚.ʌ.jo],[hɛ.bol.do.ɾi.ga.ʌp̚.ʌ.jo]
흉내 그만,6,[hjuŋ.nɛ.kɯ.man],[hjuŋ.nɛ.gɯ.man]
보장은 못 해,6,[po.tʃaŋ.ɯn.mot̚.hɛ],[bo.dʒaŋ.ɯn.mot̚.hɛ]
해 볼까 해요,6,[hɛ.pol.k͈a.hɛ.jo],[hɛ.bol.k͈a.hɛ.jo]
해 봐 c,6,[hɛ.pwa],[hɛ.bwa]
보장이 없어,6,[po.tʃaŋ.i.ʌp̚.ʌ],[bo.dʒaŋ.i.ʌp̚.ʌ]
Born of cold,6,,
보장이 필요해요,6,[po.tʃaŋ.i.pʰil.jo.hɛ.jo],[bo.dʒaŋ.i.pʰil.jo.hɛ.jo]
해 봐 너,6,[hɛ.pwa.nʌ],[hɛ.bwa.nʌ]
보장할 수 없어,6,[po.tʃaŋ.hal.su.ʌp̚.ʌ],[bo.dʒaŋ.hal.su.ʌp̚.ʌ]
보장할 수 없습니다,6,[po.tʃaŋ.hal.su.ʌp̚.sɯp̚.ni.ta],[bo.dʒaŋ.hal.su.ʌp̚.sɯp̚.ni.da]
공사 일,6,[koŋ.sa.il],[goŋ.sa.il]
해 봐 뭐,6,[hɛ.pwa.mwʌ],[hɛ.bwa.mwʌ]
내가 너의 여행의 일부가되게,6,[nɛ.ka.nʌ.ɯi.jʌ.hɛŋ.ɯi.il.pu.ka.twe.ke],[nɛ.ga.nʌ.ɯi.jʌ.hɛŋ.ɯi.il.pu.ga.dwe.ge]
내가 너의 여행의,6,[nɛ.ka.nʌ.ɯi.jʌ.hɛŋ.ɯi],[nɛ.ga.nʌ.ɯi.jʌ.hɛŋ.ɯi]
해 봐 안 돼,6,[hɛ.pwa.an.twɛ],[hɛ.bwa.an.dwɛ]
내가 너의 유령이었어,6,[nɛ.ka.nʌ.ɯi.ju.ɾjʌŋ.i.ʌt̚.ʌ],[nɛ.ga.nʌ.ɯi.ju.ɾjʌŋ.i.ʌt̚.ʌ]
보장해 주는,6,[po.tʃaŋ.hɛ.tʃu.nɯn],[bo.dʒaŋ.hɛ.dʒu.nɯn]
해 봐 어떤,6,[hɛ.pwa.ʌ.t͈ʌn],[hɛ.bwa.ʌ.t͈ʌn]
해 봐 여기,6,[hɛ.pwa.jʌ.ki],[hɛ.bwa.jʌ.gi]
해 봐 여기서,6,[hɛ.pwa.jʌ.ki.sʌ],[hɛ.bwa.jʌ.gi.sʌ]
공사 중,6,[koŋ.sa.tʃuŋ],[goŋ.sa.dʒuŋ]
해 봐 왜,6,[hɛ.pwa.wɛ],[hɛ.bwa.wɛ]
갔다고 합니다,6,[kat̚.ta.ko.hap̚.ni.ta],[gat̚.ta.go.hap̚.ni.da]
보잭 내가,6,[po.tʃɛk̚.nɛ.ka],[bo.dʒɛk̚.nɛ.ga]
불 켜요,6,[pul.kʰjʌ.jo],[bul.kʰjʌ.jo]
내가 너하고,6,[nɛ.ka.nʌ.ha.ko],[nɛ.ga.nʌ.ha.go]
해 봐 정말,6,[hɛ.pwa.tʃʌŋ.mal],[hɛ.bwa.dʒʌŋ.mal]
해 봐 좋은,6,[hɛ.pwa.tʃot̚.ɯn],[hɛ.bwa.dʒot̚.ɯn]
보잭 홀스맨이랑,6,[po.tʃɛk̚.hol.sɯ.mɛn.i.ɾaŋ],[bo.dʒɛk̚.hol.sɯ.mɛn.i.ɾaŋ]
해 봐 해 봐,6,[hɛ.pwa.hɛ.pwa],[hɛ.bwa.hɛ.bwa]
해 봐도 돼,6,[hɛ.pwa.to.twɛ],[hɛ.bwa.do.dwɛ]
보잭 홀스맨입니다,6,[po.tʃɛk̚.hol.sɯ.mɛn.ip̚.ni.ta],[bo.dʒɛk̚.hol.sɯ.mɛn.ip̚.ni.da]
해 봐야 돼,6,[hɛ.pwa.ja.twɛ],[hɛ.bwa.ja.dwɛ]
해 봐야 될 거,6,[hɛ.pwa.ja.twel.kʌ],[hɛ.bwa.ja.dwel.gʌ]
해 봐야 알지,6,[hɛ.pwa.ja.al.tʃi],[hɛ.bwa.ja.al.tʃi]
내가 너한테 말한,6,[nɛ.ka.nʌ.han.tʰe.mal.han],[nɛ.ga.nʌ.han.tʰe.mal.han]
보조 동력,6,[po.tʃo.toŋ.ɾjʌk̚],[bo.dʒo.doŋ.ɾjʌk̚]
불 타 오르네요,6,[pul.tʰa.o.ɾɯ.ne.jo],[bul.tʰa.o.ɾɯ.ne.jo]
보조 동력을,6,[po.tʃo.toŋ.ɾjʌk̚.ɯl],[bo.dʒo.doŋ.ɾjʌk̚.ɯl]
I don''t go,6,,
내가 너한테 말,6,[nɛ.ka.nʌ.han.tʰe.mal],[nɛ.ga.nʌ.han.tʰe.mal]
해 봐야겠습니다,6,[hɛ.pwa.ja.ket̚.sɯp̚.ni.ta],[hɛ.bwa.ja.get̚.sɯp̚.ni.da]
보조 산소,6,[po.tʃo.san.so],[bo.dʒo.san.so]
해 봐야겠지,6,[hɛ.pwa.ja.ket̚.tʃi],[hɛ.bwa.ja.get̚.tʃi]
보조 암으로 제작되었습니다,6,[po.tʃo.am.ɯ.ɾo.tʃe.tʃak̚.twe.ʌt̚.sɯp̚.ni.ta],[bo.dʒo.am.ɯ.ɾo.dʒe.dʒak̚.twe.ʌt̚.sɯp̚.ni.da]
보조 외골격에,6,[po.tʃo.we.kol.kjʌk̚.e],[bo.dʒo.we.gol.kjʌk̚.e]
보조 외골격에 쌓여,6,[po.tʃo.we.kol.kjʌk̚.e.s͈at̚.jʌ],[bo.dʒo.we.gol.kjʌk̚.e.s͈at̚.jʌ]
보조 암으로,6,[po.tʃo.am.ɯ.ɾo],[bo.dʒo.am.ɯ.ɾo]
레이디 페인요,6,[ɾe.i.ti.pʰe.in.jo],[ɾe.i.di.pʰe.in.jo]
공사로 인해,6,[koŋ.sa.ɾo.in.hɛ],[goŋ.sa.ɾo.in.hɛ]
보조 외골격에 쌓여 있으니까요,6,[po.tʃo.we.kol.kjʌk̚.e.s͈at̚.jʌ.it̚.ɯ.ni.k͈a.jo],[bo.dʒo.we.gol.kjʌk̚.e.s͈at̚.jʌ.it̚.ɯ.ni.k͈a.jo]
really happened,6,,
보조 작가로,6,[po.tʃo.tʃak̚.ka.ɾo],[bo.dʒo.dʒak̚.ka.ɾo]
해 봤구나,6,[hɛ.pwat̚.ku.na],[hɛ.bwat̚.ku.na]
보조 장치,6,[po.tʃo.tʃaŋ.tʃʰi],[bo.dʒo.dʒaŋ.tʃʰi]
갔다고 했어요,6,[kat̚.ta.ko.hɛt̚.ʌ.jo],[gat̚.ta.go.hɛt̚.ʌ.jo]
해 봤다고요,6,[hɛ.pwat̚.ta.ko.jo],[hɛ.bwat̚.ta.go.jo]
해 봤던,6,[hɛ.pwat̚.tʌn],[hɛ.bwat̚.tʌn]
해 봤으니까,6,[hɛ.pwat̚.ɯ.ni.k͈a],[hɛ.bwat̚.ɯ.ni.k͈a]
보존하기 위해서,6,[po.tʃon.ha.ki.wi.hɛ.sʌ],[bo.dʒon.ha.gi.wi.hɛ.sʌ]
공사를 하고,6,[koŋ.sa.ɾɯl.ha.ko],[goŋ.sa.ɾɯl.ha.go]
해 부동산,6,[hɛ.pu.toŋ.san],[hɛ.bu.doŋ.san]
공산주의 국가를,6,[koŋ.san.tʃu.ɯi.kuk̚.ka.ɾɯl],[goŋ.san.tʃu.ɯi.guk̚.ka.ɾɯl]
흉상 할 수 없어,6,[hjuŋ.saŋ.hal.su.ʌp̚.ʌ],[hjuŋ.saŋ.hal.su.ʌp̚.ʌ]
보존할 수 있는,6,[po.tʃon.hal.su.it̚.nɯn],[bo.dʒon.hal.su.it̚.nɯn]
해 브라이언,6,[hɛ.pɯ.ɾa.i.ʌn],[hɛ.bɯ.ɾa.i.ʌn]
보죠 c,6,[po.tʃjo],[bo.dʒjo]
갔다고 했잖아,6,[kat̚.ta.ko.hɛt̚.tʃan.a],[gat̚.ta.go.hɛt̚.tʃan.a]
공상과학 영화,6,[koŋ.saŋ.kwa.hak̚.jʌŋ.hwa],[goŋ.saŋ.gwa.hak̚.jʌŋ.hwa]
해 사장님,6,[hɛ.sa.tʃaŋ.nim],[hɛ.sa.dʒaŋ.nim]
해 사악한,6,[hɛ.sa.ak̚.han],[hɛ.sa.ak̚.han]
갔다고 했지,6,[kat̚.ta.ko.hɛt̚.tʃi],[gat̚.ta.go.hɛt̚.tʃi]
해 살아,6,[hɛ.sal.a],[hɛ.sal.a]
I don''t hate,6,,
해 상관없어,6,[hɛ.saŋ.kwan.ʌp̚.ʌ],[hɛ.saŋ.gwan.ʌp̚.ʌ]
해 상황을,6,[hɛ.saŋ.hwaŋ.ɯl],[hɛ.saŋ.hwaŋ.ɯl]
흉터는 어떻게,6,[hjuŋ.tʰʌ.nɯn.ʌ.t͈ʌt̚.ke],[hjuŋ.tʰʌ.nɯn.ʌ.t͈ʌt̚.ke]
흉터도 몇 개,6,[hjuŋ.tʰʌ.to.mjʌt̚.kɛ],[hjuŋ.tʰʌ.do.mjʌt̚.gɛ]
해 생각,6,[hɛ.sɛŋ.kak̚],[hɛ.sɛŋ.gak̚]
내가 너희 모두를,6,[nɛ.ka.nʌ.hɯi.mo.tu.ɾɯl],[nɛ.ga.nʌ.hɯi.mo.du.ɾɯl]
공소권 없음으로,6,[koŋ.so.kwʌn.ʌp̚.ɯm.ɯ.ɾo],[goŋ.so.gwʌn.ʌp̚.ɯm.ɯ.ɾo]
해 선택의 여지가 없어,6,[hɛ.sʌn.tʰɛk̚.ɯi.jʌ.tʃi.ka.ʌp̚.ʌ],[hɛ.sʌn.tʰɛk̚.ɯi.jʌ.dʒi.ga.ʌp̚.ʌ]
해 세 번째,6,[hɛ.se.pʌn.tʃ͈ɛ],[hɛ.se.bʌn.tʃ͈ɛ]
해 세게,6,[hɛ.se.ke],[hɛ.se.ge]
공손하게 부탁하면,6,[koŋ.son.ha.ke.pu.tʰak̚.ha.mjʌn],[goŋ.son.ha.ge.bu.tʰak̚.ha.mjʌn]
보죠 아니,6,[po.tʃjo.a.ni],[bo.dʒjo.a.ni]
보죠 아주,6,[po.tʃjo.a.tʃu],[bo.dʒjo.a.dʒu]
해 숨,6,[hɛ.sum],[hɛ.sum]
해 수많은,6,[hɛ.su.man.ɯn],[hɛ.su.man.ɯn]
해 쉬는,6,[hɛ.swi.nɯn],[hɛ.swi.nɯn]
really in,6,,
해 스티브,6,[hɛ.sɯ.tʰi.pɯ],[hɛ.sɯ.tʰi.bɯ]
보죠 어떤,6,[po.tʃjo.ʌ.t͈ʌn],[bo.dʒjo.ʌ.t͈ʌn]
해 시키는 대로,6,[hɛ.si.kʰi.nɯn.tɛ.ɾo],[hɛ.si.kʰi.nɯn.dɛ.ɾo]
해 신발도,6,[hɛ.sim.pal.to],[hɛ.sim.pal.to]
be tough,6,,
해 실제로,6,[hɛ.sil.tʃe.ɾo],[hɛ.sil.tʃe.ɾo]
해 심장이,6,[hɛ.sin.tʃaŋ.i],[hɛ.sin.tʃaŋ.i]
해 심박수,6,[hɛ.sim.pak̚.su],[hɛ.sim.pak̚.su]
보죠 이미,6,[po.tʃjo.i.mi],[bo.dʒjo.i.mi]
보죠 이번,6,[po.tʃjo.i.pʌn],[bo.dʒjo.i.bʌn]
해 아내가,6,[hɛ.a.nɛ.ka],[hɛ.a.nɛ.ga]
내가 널 구해줬어,6,[nɛ.ka.nʌl.ku.hɛ.tʃwʌt̚.ʌ],[nɛ.ga.nʌl.gu.hɛ.dʒwʌt̚.ʌ]
보죠 젠장,6,[po.tʃjo.tʃen.tʃaŋ],[bo.dʒjo.dʒen.tʃaŋ]
내가 널 그,6,[nɛ.ka.nʌl.kɯ],[nɛ.ga.nʌl.gɯ]
해 아들을,6,[hɛ.a.tɯl.ɯl],[hɛ.a.dɯl.ɯl]
공식 기록을,6,[koŋ.sik̚.ki.ɾok̚.ɯl],[goŋ.sik̚.gi.ɾok̚.ɯl]
갔다는 것,6,[kat̚.ta.nɯŋ.kʌt̚],[gat̚.ta.nɯn.gʌt̚]
해 아무 일,6,[hɛ.a.mu.il],[hɛ.a.mu.il]
해 아무것도 못,6,[hɛ.a.mu.kʌt̚.to.mot̚],[hɛ.a.mu.gʌt̚.to.mot̚]
흐르는 대로,6,[hɯ.ɾɯ.nɯn.tɛ.ɾo],[hɯ.ɾɯ.nɯn.dɛ.ɾo]
보즈먼 씨가,6,[po.tʃɯ.mʌn.s͈i.ka],[bo.dʒɯ.mʌn.s͈i.ga]
흐르는 물은,6,[hɯ.ɾɯ.nɯn.mul.ɯn],[hɯ.ɾɯ.nɯn.mul.ɯn]
보즈먼 콜스태드,6,[po.tʃɯ.mʌŋ.kʰol.sɯ.tʰɛ.tɯ],[bo.dʒɯ.mʌŋ.kʰol.sɯ.tʰɛ.dɯ]
해 아버지를,6,[hɛ.a.pʌ.tʃi.ɾɯl],[hɛ.a.bʌ.dʒi.ɾɯl]
내가 널 다시 데려올게,6,[nɛ.ka.nʌl.ta.si.te.ɾjʌ.ol.ke],[nɛ.ga.nʌl.da.si.de.ɾjʌ.ol.ke]
해 아버지와,6,[hɛ.a.pʌ.tʃi.wa],[hɛ.a.bʌ.dʒi.wa]
불가능한 것도,6,[pul.ka.nɯŋ.haŋ.kʌt̚.to],[bul.ka.nɯŋ.han.gʌt̚.to]
해 아예,6,[hɛ.a.je],[hɛ.a.je]
해 아저씨가,6,[hɛ.a.tʃʌ.s͈i.ka],[hɛ.a.dʒʌ.s͈i.ga]
해 아치,6,[hɛ.a.tʃʰi],[hɛ.a.tʃʰi]
보지 c,6,[po.tʃi],[bo.dʒi]
해 안 가면,6,[hɛ.aŋ.ka.mjʌn],[hɛ.an.ga.mjʌn]
흐를 수,6,[hɯ.ɾɯl.su],[hɯ.ɾɯl.su]
보지 그런,6,[po.tʃi.kɯ.ɾʌn],[bo.dʒi.gɯ.ɾʌn]
해 안 될,6,[hɛ.an.twel],[hɛ.an.dwel]
해 안그럼,6,[hɛ.aŋ.kɯ.ɾʌm],[hɛ.aŋ.kɯ.ɾʌm]
내가 널 데리러 갈게,6,[nɛ.ka.nʌl.te.ɾi.ɾʌ.kal.ke],[nɛ.ga.nʌl.de.ɾi.ɾʌ.gal.ke]
공식 보고서를,6,[koŋ.sik̚.po.ko.sʌ.ɾɯl],[goŋ.sik̚.bo.go.sʌ.ɾɯl]
갔다는 사실을,6,[kat̚.ta.nɯn.sa.sil.ɯl],[gat̚.ta.nɯn.sa.sil.ɯl]
해 알겠다,6,[hɛ.al.ket̚.ta],[hɛ.al.ket̚.ta]
공식 사망,6,[koŋ.sik̚.sa.maŋ],[goŋ.sik̚.sa.maŋ]
불가능한 일도,6,[pul.ka.nɯŋ.han.il.to],[bul.ka.nɯŋ.han.il.to]
sell you,6,,
보지 마 내가,6,[po.tʃi.ma.nɛ.ka],[bo.dʒi.ma.nɛ.ga]
보지 마 내,6,[po.tʃi.ma.nɛ],[bo.dʒi.ma.nɛ]
해 앞으로도,6,[hɛ.ap̚.ɯ.ɾo.to],[hɛ.ap̚.ɯ.ɾo.do]
내가 널 두고,6,[nɛ.ka.nʌl.tu.ko],[nɛ.ga.nʌl.du.go]
해 애는,6,[hɛ.ɛ.nɯn],[hɛ.ɛ.nɯn]
공식 요청,6,[koŋ.sik̚.jo.tʃʰʌŋ],[goŋ.sik̚.jo.tʃʰʌŋ]
해 애들을,6,[hɛ.ɛ.tɯl.ɯl],[hɛ.ɛ.dɯl.ɯl]
해 애를,6,[hɛ.ɛ.ɾɯl],[hɛ.ɛ.ɾɯl]
보지 마시오,6,[po.tʃi.ma.si.o],[bo.dʒi.ma.si.o]
해 약간의,6,[hɛ.jak̚.kan.ɯi],[hɛ.jak̚.kan.ɯi]
해 얘야,6,[hɛ.jɛ.ja],[hɛ.jɛ.ja]
흑마법사의 웃음,6,[hɯk̚.ma.pʌp̚.sa.ɯi.ut̚.ɯm],[hɯk̚.ma.bʌp̚.sa.ɯi.ut̚.ɯm]
보지 말라고 했잖아,6,[po.tʃi.mal.ɾa.ko.hɛt̚.tʃan.a],[bo.dʒi.mal.ɾa.go.hɛt̚.tʃan.a]
보지 말아야 할,6,[po.tʃi.mal.a.ja.hal],[bo.dʒi.mal.a.ja.hal]
해 어떻게 된 거야,6,[hɛ.ʌ.t͈ʌt̚.ke.tweŋ.kʌ.ja],[hɛ.ʌ.t͈ʌt̚.ke.dwen.gʌ.ja]
내가 널 믿는,6,[nɛ.ka.nʌl.mit̚.nɯn],[nɛ.ga.nʌl.mit̚.nɯn]
내가 널 못 죽일,6,[nɛ.ka.nʌl.mot̚.tʃuk̚.il],[nɛ.ga.nʌl.mot̚.dʒuk̚.il]
해 어릴,6,[hɛ.ʌ.ɾil],[hɛ.ʌ.ɾil]
내가 널 버린,6,[nɛ.ka.nʌl.pʌ.ɾin],[nɛ.ga.nʌl.bʌ.ɾin]
해 억지로,6,[hɛ.ʌk̚.tʃi.ɾo],[hɛ.ʌk̚.tʃi.ɾo]
해 언론,6,[hɛ.ʌl.lon],[hɛ.ʌl.lon]
공식적으로 가장,6,[koŋ.sik̚.tʃʌk̚.ɯ.ɾo.ka.tʃaŋ],[goŋ.sik̚.tʃʌk̚.ɯ.ɾo.ga.dʒaŋ]
해 언젠가는,6,[hɛ.ʌn.tʃeŋ.ka.nɯn],[hɛ.ʌn.tʃeŋ.ka.nɯn]
해 얼굴,6,[hɛ.ʌl.kul],[hɛ.ʌl.kul]
보지 못한다는,6,[po.tʃi.mot̚.han.ta.nɯn],[bo.dʒi.mot̚.han.ta.nɯn]
내가 널 보호해,6,[nɛ.ka.nʌl.po.ho.hɛ],[nɛ.ga.nʌl.bo.ho.hɛ]
해 엄마 말,6,[hɛ.ʌm.ma.mal],[hɛ.ʌm.ma.mal]
해 엄마도,6,[hɛ.ʌm.ma.to],[hɛ.ʌm.ma.do]
보지 못할 겁니다,6,[po.tʃi.mot̚.hal.kʌp̚.ni.ta],[bo.dʒi.mot̚.hal.gʌp̚.ni.da]
해 엄만,6,[hɛ.ʌm.man],[hɛ.ʌm.man]
공식적으로 그,6,[koŋ.sik̚.tʃʌk̚.ɯ.ɾo.kɯ],[goŋ.sik̚.tʃʌk̚.ɯ.ɾo.gɯ]
흑인 친구들,6,[hɯk̚.in.tʃʰiŋ.ku.tɯl],[hɯk̚.in.tʃʰiŋ.ku.dɯl]
불가능할 거라,6,[pul.ka.nɯŋ.hal.kʌ.ɾa],[bul.ka.nɯŋ.hal.gʌ.ɾa]
해 엘리스,6,[hɛ.el.ɾi.sɯ],[hɛ.el.ɾi.sɯ]
해 에밀리,6,[hɛ.e.mil.ɾi],[hɛ.e.mil.ɾi]
보지 못해요,6,[po.tʃi.mot̚.hɛ.jo],[bo.dʒi.mot̚.hɛ.jo]
Born of cold and,6,,
불가능할 것 같다,6,[pul.ka.nɯŋ.hal.kʌt̚.kat̚.ta],[bul.ka.nɯŋ.hal.gʌt̚.gat̚.ta]
흑인의 목숨도,6,[hɯk̚.in.ɯi.mok̚.sun.to],[hɯk̚.in.ɯi.mok̚.sun.to]
해 여기서 기다려,6,[hɛ.jʌ.ki.sʌ.ki.ta.ɾjʌ],[hɛ.jʌ.gi.sʌ.gi.da.ɾjʌ]
해 여기로,6,[hɛ.jʌ.ki.ɾo],[hɛ.jʌ.gi.ɾo]
really know what,6,,
해 여기선 그들을 도울,6,[hɛ.jʌ.ki.sʌŋ.kɯ.tɯl.ɯl.to.ul],[hɛ.jʌ.gi.sʌn.gɯ.dɯl.ɯl.do.ul]
해 여기선 그들을,6,[hɛ.jʌ.ki.sʌŋ.kɯ.tɯl.ɯl],[hɛ.jʌ.gi.sʌn.gɯ.dɯl.ɯl]
불가능할 경우,6,[pul.ka.nɯŋ.hal.kjʌŋ.u],[bul.ka.nɯŋ.hal.gjʌŋ.u]
해 여기에,6,[hɛ.jʌ.ki.e],[hɛ.jʌ.gi.e]
해 여길,6,[hɛ.jʌ.kil],[hɛ.jʌ.gil]
해 여자는,6,[hɛ.jʌ.tʃa.nɯn],[hɛ.jʌ.dʒa.nɯn]
해 여자한테,6,[hɛ.jʌ.tʃa.han.tʰe],[hɛ.jʌ.dʒa.han.tʰe]
해 연방,6,[hɛ.jʌm.paŋ],[hɛ.jʌm.paŋ]
해 열,6,[hɛ.jʌl],[hɛ.jʌl]
내가 널 사랑해,6,[nɛ.ka.nʌl.sa.ɾaŋ.hɛ],[nɛ.ga.nʌl.sa.ɾaŋ.hɛ]
해 옛날,6,[hɛ.jet̚.nal],[hɛ.jet̚.nal]
내가 이상하지 않고,6,[nɛ.ka.i.saŋ.ha.tʃi.aŋ.ko],[nɛ.ga.i.saŋ.ha.dʒi.aŋ.ko]
흔들고 있습니다,6,[hɯn.tɯl.ko.it̚.sɯp̚.ni.ta],[hɯn.tɯl.ko.it̚.sɯp̚.ni.da]
내가 널 아는,6,[nɛ.ka.nʌl.a.nɯn],[nɛ.ga.nʌl.a.nɯn]
really miss,6,,
해 오후,6,[hɛ.o.hu],[hɛ.o.hu]
보지 않겠어,6,[po.tʃi.aŋ.ket̚.ʌ],[bo.dʒi.aŋ.ket̚.ʌ]
흔들려 影もおどる 그림자도 춤춰,6,[hɯn.tɯl.ɾjʌ.kɯ.ɾin.tʃa.to.tʃʰun.tʃʰwʌ],[hɯn.tɯl.ɾjʌ.gɯ.ɾin.tʃa.do.tʃʰun.tʃʰwʌ]
공식적으로는 아니다,6,[koŋ.sik̚.tʃʌk̚.ɯ.ɾo.nɯn.a.ni.ta],[goŋ.sik̚.tʃʌk̚.ɯ.ɾo.nɯn.a.ni.da]
내가 널 알기,6,[nɛ.ka.nʌl.al.ki],[nɛ.ga.nʌl.al.ki]
불가능해 보인다,6,[pul.ka.nɯŋ.hɛ.po.in.ta],[bul.ka.nɯŋ.hɛ.bo.in.ta]
해 왔지만,6,[hɛ.wat̚.tʃi.man],[hɛ.wat̚.tʃi.man]
흔들리는 가지를,6,[hɯn.tɯl.ɾi.nɯŋ.ka.tʃi.ɾɯl],[hɯn.tɯl.ɾi.nɯn.ga.dʒi.ɾɯl]
내가 널 얼마나 기다렸는데,6,[nɛ.ka.nʌl.ʌl.ma.na.ki.ta.ɾjʌt̚.nɯn.te],[nɛ.ga.nʌl.ʌl.ma.na.gi.da.ɾjʌt̚.nɯn.te]
해 왜 못,6,[hɛ.wɛ.mot̚],[hɛ.wɛ.mot̚]
해 우리가 뭘,6,[hɛ.u.ɾi.ka.mwʌl],[hɛ.u.ɾi.ga.mwʌl]
해 우리가 널,6,[hɛ.u.ɾi.ka.nʌl],[hɛ.u.ɾi.ga.nʌl]
해 우리끼리,6,[hɛ.u.ɾi.k͈i.ɾi],[hɛ.u.ɾi.k͈i.ɾi]
보지 않았을,6,[po.tʃi.an.at̚.ɯl],[bo.dʒi.an.at̚.ɯl]
보지 않았죠,6,[po.tʃi.an.at̚.tʃjo],[bo.dʒi.an.at̚.tʃjo]
해 우리랑,6,[hɛ.u.ɾi.ɾaŋ],[hɛ.u.ɾi.ɾaŋ]
공에 눈이,6,[koŋ.e.nun.i],[goŋ.e.nun.i]
내가 널 이렇게,6,[nɛ.ka.nʌl.i.ɾʌt̚.ke],[nɛ.ga.nʌl.i.ɾʌt̚.ke]
해 우와,6,[hɛ.u.wa],[hɛ.u.wa]
해 운이,6,[hɛ.un.i],[hɛ.un.i]
해 운전,6,[hɛ.un.tʃʌn],[hɛ.un.tʃʌn]
흔들릴 때마다,6,[hɯn.tɯl.ɾil.t͈ɛ.ma.ta],[hɯn.tɯl.ɾil.t͈ɛ.ma.da]
보지 않을 수,6,[po.tʃi.an.ɯl.su],[bo.dʒi.an.ɯl.su]
흔들릴 거예요,6,[hɯn.tɯl.ɾil.kʌ.je.jo],[hɯn.tɯl.ɾil.gʌ.je.jo]
해 움직이지 마,6,[hɛ.un.tʃik̚.i.tʃi.ma],[hɛ.un.tʃik̚.i.dʒi.ma]
공연 도중에,6,[koŋ.jʌn.to.tʃuŋ.e],[goŋ.jʌn.do.dʒuŋ.e]
내가 이제까지 보았던,6,[nɛ.ka.i.tʃe.k͈a.tʃi.po.at̚.tʌn],[nɛ.ga.i.dʒe.k͈a.dʒi.bo.at̚.tʌn]
해 원하는 건,6,[hɛ.wʌn.ha.nɯŋ.kʌn],[hɛ.wʌn.ha.nɯn.gʌn]
보지 않지,6,[po.tʃi.an.tʃi],[bo.dʒi.an.tʃi]
해 원하면,6,[hɛ.wʌn.ha.mjʌn],[hɛ.wʌn.ha.mjʌn]
보지 어떻게,6,[po.tʃi.ʌ.t͈ʌt̚.ke],[bo.dʒi.ʌ.t͈ʌt̚.ke]
흔들어 놓고,6,[hɯn.tɯl.ʌ.not̚.ko],[hɯn.tɯl.ʌ.not̚.ko]
흔들어 font color,6,[hɯn.tɯl.ʌ],[hɯn.tɯl.ʌ]
해 음성,6,[hɛ.ɯm.sʌŋ],[hɛ.ɯm.sʌŋ]
내가 널 잡을 수,6,[nɛ.ka.nʌl.tʃap̚.ɯl.su],[nɛ.ga.nʌl.dʒap̚.ɯl.su]
흔들어 주고,6,[hɯn.tɯl.ʌ.tʃu.ko],[hɯn.tɯl.ʌ.dʒu.go]
보지 우리가,6,[po.tʃi.u.ɾi.ka],[bo.dʒi.u.ɾi.ga]
보지 이,6,[po.tʃi.i],[bo.dʒi.i]
해 이거 놔,6,[hɛ.i.kʌ.nwa],[hɛ.i.gʌ.nwa]
해 이건 내가,6,[hɛ.i.kʌn.nɛ.ka],[hɛ.i.gʌn.nɛ.ga]
해 이거면,6,[hɛ.i.kʌ.mjʌn],[hɛ.i.gʌ.mjʌn]
보지 좋아요,6,[po.tʃi.tʃot̚.a.jo],[bo.dʒi.dʒot̚.a.jo]
해 이것만,6,[hɛ.i.kʌt̚.man],[hɛ.i.gʌt̚.man]
보지는 못했는데,6,[po.tʃi.nɯn.mot̚.hɛt̚.nɯn.te],[bo.dʒi.nɯn.mot̚.hɛt̚.nɯn.te]
내가 널 좋아한다고,6,[nɛ.ka.nʌl.tʃot̚.a.han.ta.ko],[nɛ.ga.nʌl.dʒot̚.a.han.ta.go]
흔들지 말아,6,[hɯn.tɯl.tʃi.mal.a],[hɯn.tɯl.tʃi.mal.a]
해 이게 무슨,6,[hɛ.i.ke.mu.sɯn],[hɛ.i.ge.mu.sɯn]
해 이게 다,6,[hɛ.i.ke.ta],[hɛ.i.ge.da]
해 이게 뭐야,6,[hɛ.i.ke.mwʌ.ja],[hɛ.i.ge.mwʌ.ja]
내가 널 죽이게,6,[nɛ.ka.nʌl.tʃuk̚.i.ke],[nɛ.ga.nʌl.dʒuk̚.i.ge]
보지도 못하게,6,[po.tʃi.to.mot̚.ha.ke],[bo.dʒi.do.mot̚.ha.ge]
be used,6,,
보지도 못하는,6,[po.tʃi.to.mot̚.ha.nɯn],[bo.dʒi.do.mot̚.ha.nɯn]
해 이번에는,6,[hɛ.i.pʌn.e.nɯn],[hɛ.i.bʌn.e.nɯn]
보지도 못했고,6,[po.tʃi.to.mot̚.hɛt̚.ko],[bo.dʒi.do.mot̚.hɛt̚.ko]
공연 보러 갈,6,[koŋ.jʌm.po.ɾʌ.kal],[goŋ.jʌn.bo.ɾʌ.gal]
해 이안,6,[hɛ.i.an],[hɛ.i.an]
보지도 않았고,6,[po.tʃi.to.an.at̚.ko],[bo.dʒi.do.an.at̚.ko]
해 이제 내,6,[hɛ.i.tʃe.nɛ],[hɛ.i.dʒe.nɛ]
해 이제는,6,[hɛ.i.tʃe.nɯn],[hɛ.i.dʒe.nɯn]
해 이제 그만,6,[hɛ.i.tʃe.kɯ.man],[hɛ.i.dʒe.gɯ.man]
해 이쪽으로,6,[hɛ.i.tʃ͈ok̚.ɯ.ɾo],[hɛ.i.tʃ͈ok̚.ɯ.ɾo]
해 이쪽,6,[hɛ.i.tʃ͈ok̚],[hɛ.i.tʃ͈ok̚]
해 이해가 안 돼,6,[hɛ.i.hɛ.ka.an.twɛ],[hɛ.i.hɛ.ga.an.dwɛ]
해 이해를 못,6,[hɛ.i.hɛ.ɾɯl.mot̚],[hɛ.i.hɛ.ɾɯl.mot̚]
보지도 않을 거야,6,[po.tʃi.to.an.ɯl.kʌ.ja],[bo.dʒi.do.an.ɯl.gʌ.ja]
내가 널 지켜보고,6,[nɛ.ka.nʌl.tʃi.kʰjʌ.po.ko],[nɛ.ga.nʌl.dʒi.kʰjʌ.bo.go]
해 인생을,6,[hɛ.in.sɛŋ.ɯl],[hɛ.in.sɛŋ.ɯl]
내가 널 지켜줄 수,6,[nɛ.ka.nʌl.tʃi.kʰjʌ.tʃul.su],[nɛ.ga.nʌl.dʒi.kʰjʌ.dʒul.su]
해 일단은,6,[hɛ.il.tan.ɯn],[hɛ.il.tan.ɯn]
해 일은,6,[hɛ.il.ɯn],[hɛ.il.ɯn]
해 일을,6,[hɛ.il.ɯl],[hɛ.il.ɯl]
내가 널 지킬,6,[nɛ.ka.nʌl.tʃi.kʰil],[nɛ.ga.nʌl.dʒi.kʰil]
공연 시간에,6,[koŋ.jʌn.si.kan.e],[goŋ.jʌn.si.gan.e]
흔적은 다,6,[hɯn.tʃʌk̚.ɯn.ta],[hɯn.tʃʌk̚.ɯn.da]
해 자기는,6,[hɛ.tʃa.ki.nɯn],[hɛ.dʒa.gi.nɯn]
보지못한 존재죠,6,[po.tʃi.mot̚.han.tʃon.tʃɛ.tʃjo],[bo.dʒi.mot̚.han.dʒon.tʃɛ.dʒjo]
해 자리가,6,[hɛ.tʃa.ɾi.ka],[hɛ.dʒa.ɾi.ga]
해 작년,6,[hɛ.tʃak̚.njʌn],[hɛ.dʒak̚.njʌn]
내가 널 찾을 거야,6,[nɛ.ka.nʌl.tʃʰat̚.ɯl.kʌ.ja],[nɛ.ga.nʌl.tʃʰat̚.ɯl.gʌ.ja]
공연 시작 전에,6,[koŋ.jʌn.si.tʃak̚.tʃʌn.e],[goŋ.jʌn.si.dʒak̚.dʒʌn.e]
해 작년에,6,[hɛ.tʃak̚.njʌn.e],[hɛ.dʒak̚.njʌn.e]
흔적도 찾을,6,[hɯn.tʃʌk̚.to.tʃʰat̚.ɯl],[hɯn.tʃʌk̚.to.tʃʰat̚.ɯl]
해 잘 될,6,[hɛ.tʃal.twel],[hɛ.dʒal.dwel]
보진 않았어,6,[po.tʃin.an.at̚.ʌ],[bo.dʒin.an.at̚.ʌ]
해 잘 봐,6,[hɛ.tʃal.pwa],[hɛ.dʒal.bwa]
보진 않았어요,6,[po.tʃin.an.at̚.ʌ.jo],[bo.dʒin.an.at̚.ʌ.jo]
해 잘난,6,[hɛ.tʃal.lan],[hɛ.dʒal.lan]
해 잘 지내,6,[hɛ.tʃal.tʃi.nɛ],[hɛ.dʒal.dʒi.nɛ]
해 잘못,6,[hɛ.tʃal.mot̚],[hɛ.dʒal.mot̚]
내가 널 처음 봤을,6,[nɛ.ka.nʌl.tʃʰʌ.ɯm.pwat̚.ɯl],[nɛ.ga.nʌl.tʃʰʌ.ɯm.bwat̚.ɯl]
해 재수,6,[hɛ.tʃɛ.su],[hɛ.dʒɛ.su]
공연 얘기를,6,[koŋ.jʌn.jɛ.ki.ɾɯl],[goŋ.jʌn.jɛ.gi.ɾɯl]
보채지 좀,6,[po.tʃʰɛ.tʃi.tʃom],[bo.tʃʰɛ.dʒi.dʒom]
해 쟨,6,[hɛ.tʃjɛn],[hɛ.dʒjɛn]
보초 서고,6,[po.tʃʰo.sʌ.ko],[bo.tʃʰo.sʌ.go]
공연 잘해,6,[koŋ.jʌn.tʃal.hɛ],[goŋ.jʌn.dʒal.hɛ]
해 저렇게,6,[hɛ.tʃʌ.ɾʌt̚.ke],[hɛ.dʒʌ.ɾʌt̚.ke]
흔적을 남기면,6,[hɯn.tʃʌk̚.ɯl.lam.ki.mjʌn],[hɯn.tʃʌk̚.ɯl.lam.ki.mjʌn]
해 전 아무,6,[hɛ.tʃʌn.a.mu],[hɛ.dʒʌn.a.mu]
보충해야 해요,6,[po.tʃʰuŋ.hɛ.ja.hɛ.jo],[bo.tʃʰuŋ.hɛ.ja.hɛ.jo]
갔던 일,6,[kat̚.tʌn.il],[gat̚.tʌn.il]
해 전에도,6,[hɛ.tʃʌn.e.to],[hɛ.dʒʌn.e.do]
갔던 이탈리아에서,6,[kat̚.tʌn.i.tʰal.ɾi.a.e.sʌ],[gat̚.tʌn.i.tʰal.ɾi.a.e.sʌ]
내가 네 것을,6,[nɛ.ka.ne.kʌt̚.ɯl],[nɛ.ga.ne.gʌt̚.ɯl]
해 전화기,6,[hɛ.tʃʌn.hwa.ki],[hɛ.dʒʌn.hwa.gi]
보킨 병장님,6,[po.kʰim.pjʌŋ.tʃaŋ.nim],[bo.kʰin.bjʌŋ.dʒaŋ.nim]
보탬이 되고,6,[po.tʰɛm.i.twe.ko],[bo.tʰɛm.i.dwe.go]
해 점점,6,[hɛ.tʃʌn.tʃʌm],[hɛ.dʒʌn.tʃʌm]
공연 좀,6,[koŋ.jʌn.tʃom],[goŋ.jʌn.dʒom]
해 정말 중요한,6,[hɛ.tʃʌŋ.mal.tʃuŋ.jo.han],[hɛ.dʒʌŋ.mal.dʒuŋ.jo.han]
해 정말이지,6,[hɛ.tʃʌŋ.mal.i.tʃi],[hɛ.dʒʌŋ.mal.i.dʒi]
보탬이 없이 사실 그대로,6,[po.tʰɛm.i.ʌp̚.i.sa.sil.kɯ.tɛ.ɾo],[bo.tʰɛm.i.ʌp̚.i.sa.sil.gɯ.dɛ.ɾo]
보탬이 없이 사실,6,[po.tʰɛm.i.ʌp̚.i.sa.sil],[bo.tʰɛm.i.ʌp̚.i.sa.sil]
해 제길,6,[hɛ.tʃe.kil],[hɛ.dʒe.gil]
보통 그냥,6,[po.tʰoŋ.kɯ.njaŋ],[bo.tʰoŋ.gɯ.njaŋ]
내가 네 나이일 때,6,[nɛ.ka.ne.na.i.il.t͈ɛ],[nɛ.ga.ne.na.i.il.t͈ɛ]
공연 좋았어,6,[koŋ.jʌn.tʃot̚.at̚.ʌ],[goŋ.jʌn.dʒot̚.at̚.ʌ]
해 제스,6,[hɛ.tʃe.sɯ],[hɛ.dʒe.sɯ]
해 제발요,6,[hɛ.tʃe.pal.jo],[hɛ.dʒe.bal.jo]
공연 준비,6,[koŋ.jʌn.tʃum.pi],[goŋ.jʌn.dʒum.pi]
해 제이슨,6,[hɛ.tʃe.i.sɯn],[hɛ.dʒe.i.sɯn]
Of all,6,,
해 조니,6,[hɛ.tʃo.ni],[hɛ.dʒo.ni]
보통 날,6,[po.tʰoŋ.nal],[bo.tʰoŋ.nal]
해 좀비가,6,[hɛ.tʃom.pi.ka],[hɛ.dʒom.pi.ga]
해 좋네,6,[hɛ.tʃot̚.ne],[hɛ.dʒot̚.ne]
보통 놈들이,6,[po.tʰoŋ.non.tɯl.i],[bo.tʰoŋ.non.tɯl.i]
해 좋아 그럼,6,[hɛ.tʃot̚.a.kɯ.ɾʌm],[hɛ.dʒot̚.a.gɯ.ɾʌm]
공연 중,6,[koŋ.jʌn.tʃuŋ],[goŋ.jʌn.dʒuŋ]
내가 네 목을,6,[nɛ.ka.ne.mok̚.ɯl],[nɛ.ga.ne.mok̚.ɯl]
보통 때보다,6,[po.tʰoŋ.t͈ɛ.po.ta],[bo.tʰoŋ.t͈ɛ.bo.da]
해 주겠죠,6,[hɛ.tʃu.ket̚.tʃjo],[hɛ.dʒu.get̚.tʃjo]
Of course I can,6,,
내가 네 살,6,[nɛ.ka.ne.sal],[nɛ.ga.ne.sal]
해 주고 싶어서,6,[hɛ.tʃu.ko.sip̚.ʌ.sʌ],[hɛ.dʒu.go.sip̚.ʌ.sʌ]
내가 네 심장을,6,[nɛ.ka.ne.sin.tʃaŋ.ɯl],[nɛ.ga.ne.sin.tʃaŋ.ɯl]
보통 뭘,6,[po.tʰoŋ.mwʌl],[bo.tʰoŋ.mwʌl]
갔습니다 이,6,[kat̚.sɯp̚.ni.ta.i],[gat̚.sɯp̚.ni.da.i]
해 주긴,6,[hɛ.tʃu.kin],[hɛ.dʒu.gin]
해 주길 바라,6,[hɛ.tʃu.kil.pa.ɾa],[hɛ.dʒu.gil.ba.ɾa]
보통 사람들 머리는,6,[po.tʰoŋ.sa.ɾan.tɯl.mʌ.ɾi.nɯn],[bo.tʰoŋ.sa.ɾan.tɯl.mʌ.ɾi.nɯn]
보통 사람들 상식보다,6,[po.tʰoŋ.sa.ɾan.tɯl.saŋ.sik̚.po.ta],[bo.tʰoŋ.sa.ɾan.tɯl.saŋ.sik̚.po.da]
보통 사람들 머리는 그런,6,[po.tʰoŋ.sa.ɾan.tɯl.mʌ.ɾi.nɯŋ.kɯ.ɾʌn],[bo.tʰoŋ.sa.ɾan.tɯl.mʌ.ɾi.nɯn.gɯ.ɾʌn]
보통 사람들 상식보다 정직한,6,[po.tʰoŋ.sa.ɾan.tɯl.saŋ.sik̚.po.ta.tʃʌŋ.tʃik̚.han],[bo.tʰoŋ.sa.ɾan.tɯl.saŋ.sik̚.po.da.dʒʌŋ.dʒik̚.han]
보통 사람들 정부는,6,[po.tʰoŋ.sa.ɾan.tɯl.tʃʌm.pu.nɯn],[bo.tʰoŋ.sa.ɾan.tɯl.dʒʌŋ.bu.nɯn]
해 주는군,6,[hɛ.tʃu.nɯŋ.kun],[hɛ.dʒu.nɯŋ.kun]
보통 사람들 정부는 고려한다,6,[po.tʰoŋ.sa.ɾan.tɯl.tʃʌm.pu.nɯŋ.ko.ɾjʌ.han.ta],[bo.tʰoŋ.sa.ɾan.tɯl.dʒʌŋ.bu.nɯn.go.ɾjʌ.han.ta]
해 주던가,6,[hɛ.tʃu.tʌŋ.ka],[hɛ.dʒu.dʌŋ.ka]
해 주더군,6,[hɛ.tʃu.tʌ.kun],[hɛ.dʒu.dʌ.gun]
흔적이 있었어,6,[hɯn.tʃʌk̚.i.it̚.ʌt̚.ʌ],[hɯn.tʃʌk̚.i.it̚.ʌt̚.ʌ]
해 주말에,6,[hɛ.tʃu.mal.e],[hɛ.dʒu.mal.e]
해 주면 내가,6,[hɛ.tʃu.mjʌn.nɛ.ka],[hɛ.dʒu.mjʌn.nɛ.ga]
보통 사람으로,6,[po.tʰoŋ.sa.ɾam.ɯ.ɾo],[bo.tʰoŋ.sa.ɾam.ɯ.ɾo]
내가 네 엄마야,6,[nɛ.ka.ne.ʌm.ma.ja],[nɛ.ga.ne.ʌm.ma.ja]
해 주세요 내,6,[hɛ.tʃu.se.jo.nɛ],[hɛ.dʒu.se.jo.nɛ]
보통 사람이 권력의,6,[po.tʰoŋ.sa.ɾam.i.kwʌl.ljʌk̚.ɯi],[bo.tʰoŋ.sa.ɾam.i.gwʌl.ljʌk̚.ɯi]
보통 사람을,6,[po.tʰoŋ.sa.ɾam.ɯl],[bo.tʰoŋ.sa.ɾam.ɯl]
보통 사람이 되고,6,[po.tʰoŋ.sa.ɾam.i.twe.ko],[bo.tʰoŋ.sa.ɾam.i.dwe.go]
내가 네 이름을,6,[nɛ.ka.ne.i.ɾɯm.ɯl],[nɛ.ga.ne.i.ɾɯm.ɯl]
보통 사람이 권력의 편린이라도,6,[po.tʰoŋ.sa.ɾam.i.kwʌl.ljʌk̚.ɯi.pʰjʌl.lin.i.ɾa.to],[bo.tʰoŋ.sa.ɾam.i.gwʌl.ljʌk̚.ɯi.pʰjʌl.lin.i.ɾa.do]
해 주세요 제발요,6,[hɛ.tʃu.se.jo.tʃe.pal.jo],[hɛ.dʒu.se.jo.dʒe.bal.jo]
해 주세요'',6,[hɛ.tʃu.se.jo],[hɛ.dʒu.se.jo]
해 주세요 지금,6,[hɛ.tʃu.se.jo.tʃi.kɯm],[hɛ.dʒu.se.jo.dʒi.gɯm]
공연도 안,6,[koŋ.jʌn.to.an],[goŋ.jʌn.to.an]
보통 사람이에요,6,[po.tʰoŋ.sa.ɾam.i.e.jo],[bo.tʰoŋ.sa.ɾam.i.e.jo]
해 주셔야 해요,6,[hɛ.tʃu.sjʌ.ja.hɛ.jo],[hɛ.dʒu.sjʌ.ja.hɛ.jo]
해 주셨는데,6,[hɛ.tʃu.sjʌt̚.nɯn.te],[hɛ.dʒu.sjʌt̚.nɯn.te]
내가 네 첫,6,[nɛ.ka.ne.tʃʰʌt̚],[nɛ.ga.ne.tʃʰʌt̚]
해 주셨던,6,[hɛ.tʃu.sjʌt̚.tʌn],[hɛ.dʒu.sjʌt̚.tʌn]
보통 씨는,6,[po.tʰoŋ.s͈i.nɯn],[bo.tʰoŋ.s͈i.nɯn]
불구하고 우리는,6,[pul.ku.ha.ko.u.ɾi.nɯn],[bul.ku.ha.go.u.ɾi.nɯn]
보통 아무도,6,[po.tʰoŋ.a.mu.to],[bo.tʰoŋ.a.mu.do]
내가 네가 원하는 곳에서,6,[nɛ.ka.ne.ka.wʌn.ha.nɯŋ.kot̚.e.sʌ],[nɛ.ga.ne.ga.wʌn.ha.nɯn.got̚.e.sʌ]
불구하고 이렇게,6,[pul.ku.ha.ko.i.ɾʌt̚.ke],[bul.ku.ha.go.i.ɾʌt̚.ke]
이상적이지 않다는,6,[i.saŋ.tʃʌk̚.i.tʃi.an.ta.nɯn],[i.saŋ.dʒʌk̚.i.dʒi.an.ta.nɯn]
해 주신대,6,[hɛ.tʃu.sin.tɛ],[hɛ.dʒu.sin.tɛ]
해 주신다면,6,[hɛ.tʃu.sin.ta.mjʌn],[hɛ.dʒu.sin.ta.mjʌn]
내가 네놈들을,6,[nɛ.ka.ne.non.tɯl.ɯl],[nɛ.ga.ne.non.tɯl.ɯl]
광장에 모여,6,[kwaŋ.tʃaŋ.e.mo.jʌ],[gwaŋ.dʒaŋ.e.mo.jʌ]
내가 노는,6,[nɛ.ka.no.nɯn],[nɛ.ga.no.nɯn]
해 주었다,6,[hɛ.tʃu.ʌt̚.ta],[hɛ.dʒu.ʌt̚.ta]
공연은 어땠어,6,[koŋ.jʌn.ɯn.ʌ.t͈ɛt̚.ʌ],[goŋ.jʌn.ɯn.ʌ.t͈ɛt̚.ʌ]
공연은 못,6,[koŋ.jʌn.ɯn.mot̚],[goŋ.jʌn.ɯn.mot̚]
갔어 그들은,6,[kat̚.ʌ.kɯ.tɯl.ɯn],[gat̚.ʌ.gɯ.dɯl.ɯn]
해 준 거예요,6,[hɛ.tʃuŋ.kʌ.je.jo],[hɛ.dʒun.gʌ.je.jo]
보통 자기,6,[po.tʰoŋ.tʃa.ki],[bo.tʰoŋ.dʒa.gi]
해 준 걸,6,[hɛ.tʃuŋ.kʌl],[hɛ.dʒun.gʌl]
해 준 것,6,[hɛ.tʃuŋ.kʌt̚],[hɛ.dʒun.gʌt̚]
공연은 어떻게,6,[koŋ.jʌn.ɯn.ʌ.t͈ʌt̚.ke],[goŋ.jʌn.ɯn.ʌ.t͈ʌt̚.ke]
내가 노리는 작은 그,6,[nɛ.ka.no.ɾi.nɯn.tʃak̚.ɯŋ.kɯ],[nɛ.ga.no.ɾi.nɯn.dʒak̚.ɯn.gɯ]
보통 제,6,[po.tʰoŋ.tʃe],[bo.tʰoŋ.dʒe]
해 준다며,6,[hɛ.tʃun.ta.mjʌ],[hɛ.dʒun.ta.mjʌ]
불길에 휩싸이고,6,[pul.kil.e.hwip̚.s͈a.i.ko],[bul.kil.e.hwip̚.s͈a.i.go]
보통 첫,6,[po.tʰoŋ.tʃʰʌt̚],[bo.tʰoŋ.tʃʰʌt̚]
내가 노리는 작은,6,[nɛ.ka.no.ɾi.nɯn.tʃak̚.ɯn],[nɛ.ga.no.ɾi.nɯn.dʒak̚.ɯn]
불길은 열정의,6,[pul.kil.ɯn.jʌl.tʃʌŋ.ɯi],[bul.kil.ɯn.jʌl.tʃʌŋ.ɯi]
보통 큰,6,[po.tʰoŋ.kʰɯn],[bo.tʰoŋ.kʰɯn]
보통 키에,6,[po.tʰoŋ.kʰi.e],[bo.tʰoŋ.kʰi.e]
불길은 열정의 증표,6,[pul.kil.ɯn.jʌl.tʃʌŋ.ɯi.tʃɯm.pʰjo],[bul.kil.ɯn.jʌl.tʃʌŋ.ɯi.dʒɯm.pʰjo]
해 줄 건,6,[hɛ.tʃul.kʌn],[hɛ.dʒul.gʌn]
보통 힘든 일이,6,[po.tʰoŋ.hin.tɯn.il.i],[bo.tʰoŋ.hin.tɯn.il.i]
내가 놀러,6,[nɛ.ka.nol.ɾʌ],[nɛ.ga.nol.ɾʌ]
갔어 그래도,6,[kat̚.ʌ.kɯ.ɾɛ.to],[gat̚.ʌ.gɯ.ɾɛ.do]
해 줄 수 없어,6,[hɛ.tʃul.su.ʌp̚.ʌ],[hɛ.dʒul.su.ʌp̚.ʌ]
해 줄 생각,6,[hɛ.tʃul.sɛŋ.kak̚],[hɛ.dʒul.sɛŋ.gak̚]
보통은 그래,6,[po.tʰoŋ.ɯŋ.kɯ.ɾɛ],[bo.tʰoŋ.ɯn.gɯ.ɾɛ]
흘렀는데 아직도,6,[hɯl.ɾʌt̚.nɯn.te.a.tʃik̚.to],[hɯl.ɾʌt̚.nɯn.te.a.dʒik̚.to]
해 줄 수 있는데,6,[hɛ.tʃul.su.it̚.nɯn.te],[hɛ.dʒul.su.it̚.nɯn.te]
해 줄 수 있죠,6,[hɛ.tʃul.su.it̚.tʃjo],[hɛ.dʒul.su.it̚.tʃjo]
보통은 내,6,[po.tʰoŋ.ɯn.nɛ],[bo.tʰoŋ.ɯn.nɛ]
공연을 볼,6,[koŋ.jʌn.ɯl.pol],[goŋ.jʌn.ɯl.bol]
해 줄 수가,6,[hɛ.tʃul.su.ka],[hɛ.dʒul.su.ga]
흘려서 미안,6,[hɯl.ɾjʌ.sʌ.mi.an],[hɯl.ɾjʌ.sʌ.mi.an]
해 줄 순,6,[hɛ.tʃul.sun],[hɛ.dʒul.sun]
내가 놈한테,6,[nɛ.ka.nom.han.tʰe],[nɛ.ga.nom.han.tʰe]
보통은 돈,6,[po.tʰoŋ.ɯn.ton],[bo.tʰoŋ.ɯn.don]
불길한 일이,6,[pul.kil.han.il.i],[bul.kil.han.il.i]
해 줄게 그래,6,[hɛ.tʃul.ke.kɯ.ɾɛ],[hɛ.dʒul.ke.gɯ.ɾɛ]
내가 농담을,6,[nɛ.ka.noŋ.tam.ɯl],[nɛ.ga.noŋ.dam.ɯl]
내가 농담하는 것,6,[nɛ.ka.noŋ.tam.ha.nɯŋ.kʌt̚],[nɛ.ga.noŋ.dam.ha.nɯn.gʌt̚]
보통은 제가,6,[po.tʰoŋ.ɯn.tʃe.ka],[bo.tʰoŋ.ɯn.dʒe.ga]
보통이 아니군,6,[po.tʰoŋ.i.a.ni.kun],[bo.tʰoŋ.i.a.ni.gun]
해 중,6,[hɛ.tʃuŋ],[hɛ.dʒuŋ]
흘리고 눈은 충혈되고,6,[hɯl.ɾi.ko.nun.ɯn.tʃʰuŋ.hjʌl.twe.ko],[hɯl.ɾi.go.nun.ɯn.tʃʰuŋ.hjʌl.twe.go]
보툴리눔 독소,6,[po.tʰul.ɾi.nun.tok̚.so],[bo.tʰul.ɾi.num.dok̚.so]
흘리고 눈은 충혈되고 피부는,6,[hɯl.ɾi.ko.nun.ɯn.tʃʰuŋ.hjʌl.twe.ko.pʰi.pu.nɯn],[hɯl.ɾi.go.nun.ɯn.tʃʰuŋ.hjʌl.twe.go.pʰi.bu.nɯn]
공연을 위해서,6,[koŋ.jʌn.ɯl.wi.hɛ.sʌ],[goŋ.jʌn.ɯl.wi.hɛ.sʌ]
보트 대여소,6,[po.tʰɯ.tɛ.jʌ.so],[bo.tʰɯ.dɛ.jʌ.so]
보트 내려,6,[po.tʰɯ.nɛ.ɾjʌ],[bo.tʰɯ.nɛ.ɾjʌ]
내가 놓치고 있는게,6,[nɛ.ka.not̚.tʃʰi.ko.it̚.nɯŋ.ke],[nɛ.ga.not̚.tʃʰi.go.it̚.nɯŋ.ke]
흘리고 있었다,6,[hɯl.ɾi.ko.it̚.ʌt̚.ta],[hɯl.ɾi.go.it̚.ʌt̚.ta]
보트 안에,6,[po.tʰɯ.an.e],[bo.tʰɯ.an.e]
갔어 나,6,[kat̚.ʌ.na],[gat̚.ʌ.na]
해 줘야 돼,6,[hɛ.tʃwʌ.ja.twɛ],[hɛ.dʒwʌ.ja.dwɛ]
해 줘야 되는데,6,[hɛ.tʃwʌ.ja.twe.nɯn.te],[hɛ.dʒwʌ.ja.dwe.nɯn.te]
보트 좀,6,[po.tʰɯ.tʃom],[bo.tʰɯ.dʒom]
흘리고 있지,6,[hɯl.ɾi.ko.it̚.tʃi],[hɯl.ɾi.go.it̚.tʃi]
해 줘야 하는,6,[hɛ.tʃwʌ.ja.ha.nɯn],[hɛ.dʒwʌ.ja.ha.nɯn]
보트 파티,6,[po.tʰɯ.pʰa.tʰi],[bo.tʰɯ.pʰa.tʰi]
흘리는 것,6,[hɯl.ɾi.nɯŋ.kʌt̚],[hɯl.ɾi.nɯn.gʌt̚]
해 줘요 내,6,[hɛ.tʃwʌ.jo.nɛ],[hɛ.dʒwʌ.jo.nɛ]
해 줘요 제발,6,[hɛ.tʃwʌ.jo.tʃe.pal],[hɛ.dʒwʌ.jo.dʒe.bal]
해 줘요 좋은,6,[hɛ.tʃwʌ.jo.tʃot̚.ɯn],[hɛ.dʒwʌ.jo.dʒot̚.ɯn]
보트 타러,6,[po.tʰɯ.tʰa.ɾʌ],[bo.tʰɯ.tʰa.ɾʌ]
해 줬네,6,[hɛ.tʃwʌt̚.ne],[hɛ.dʒwʌt̚.ne]
보트 피플,6,[po.tʰɯ.pʰi.pʰɯl],[bo.tʰɯ.pʰi.pʰɯl]
흘리며 쓰러져,6,[hɯl.ɾi.mjʌ.s͈ɯ.ɾʌ.tʃjʌ],[hɯl.ɾi.mjʌ.s͈ɯ.ɾʌ.dʒjʌ]
해 줬다는,6,[hɛ.tʃwʌt̚.ta.nɯn],[hɛ.dʒwʌt̚.ta.nɯn]
해 줬다고요,6,[hɛ.tʃwʌt̚.ta.ko.jo],[hɛ.dʒwʌt̚.ta.go.jo]
해 줬어야죠,6,[hɛ.tʃwʌt̚.ʌ.ja.tʃjo],[hɛ.dʒwʌt̚.ʌ.ja.dʒjo]
공연을 하러,6,[koŋ.jʌn.ɯl.ha.ɾʌ],[goŋ.jʌn.ɯl.ha.ɾʌ]
해 줬으면 하는,6,[hɛ.tʃwʌt̚.ɯ.mjʌn.ha.nɯn],[hɛ.dʒwʌt̚.ɯ.mjʌn.ha.nɯn]
해 줬을 거야,6,[hɛ.tʃwʌt̚.ɯl.kʌ.ja],[hɛ.dʒwʌt̚.ɯl.gʌ.ja]
보트에 있어요,6,[po.tʰɯ.e.it̚.ʌ.jo],[bo.tʰɯ.e.it̚.ʌ.jo]
해 증거가,6,[hɛ.tʃɯŋ.kʌ.ka],[hɛ.dʒɯŋ.gʌ.ga]
보트에 탄,6,[po.tʰɯ.e.tʰan],[bo.tʰɯ.e.tʰan]
해 지금 무슨,6,[hɛ.tʃi.kɯm.mu.sɯn],[hɛ.dʒi.gɯm.mu.sɯn]
내가 누구니,6,[nɛ.ka.nu.ku.ni],[nɛ.ga.nu.gu.ni]
해 지금은 안 돼,6,[hɛ.tʃi.kɯm.ɯn.an.twɛ],[hɛ.dʒi.gɯm.ɯn.an.dwɛ]
해 지금은 안,6,[hɛ.tʃi.kɯm.ɯn.an],[hɛ.dʒi.gɯm.ɯn.an]
보행자 신호음,6,[po.hɛŋ.tʃa.sin.ho.ɯm],[bo.hɛŋ.dʒa.sin.ho.ɯm]
해 지금처럼,6,[hɛ.tʃi.kɯn.tʃʰʌ.ɾʌm],[hɛ.dʒi.gɯn.tʃʰʌ.ɾʌm]
보험 K,6,[po.hʌm],[bo.hʌm]
해 진정하라고,6,[hɛ.tʃin.tʃʌŋ.ha.ɾa.ko],[hɛ.dʒin.tʃʌŋ.ha.ɾa.go]
보험 들었어,6,[po.hʌn.tɯl.ʌt̚.ʌ],[bo.hʌm.dɯl.ʌt̚.ʌ]
보험 관련,6,[po.hʌm.kwal.ljʌn],[bo.hʌm.gwal.ljʌn]
해 진정해요,6,[hɛ.tʃin.tʃʌŋ.hɛ.jo],[hɛ.dʒin.tʃʌŋ.hɛ.jo]
Discovery 프로덕션,6,[pʰɯ.ɾo.tʌk̚.sjʌn],[pʰɯ.ɾo.dʌk̚.sjʌn]
흘린 피로써,6,[hɯl.ɾim.pʰi.ɾo.s͈ʌ],[hɯl.ɾim.pʰi.ɾo.s͈ʌ]
해 짐을,6,[hɛ.tʃim.ɯl],[hɛ.dʒim.ɯl]
보험 증서,6,[po.hʌn.tʃɯŋ.sʌ],[bo.hʌm.dʒɯŋ.sʌ]
해 집에 가서,6,[hɛ.tʃip̚.e.ka.sʌ],[hɛ.dʒip̚.e.ga.sʌ]
보험 하나,6,[po.hʌm.ha.na],[bo.hʌm.ha.na]
보험 회사랑,6,[po.hʌm.hwe.sa.ɾaŋ],[bo.hʌm.hwe.sa.ɾaŋ]
흙 같은,6,[hɯk̚.kat̚.ɯn],[hɯk̚.gat̚.ɯn]
흙 먼지,6,[hɯk̚.mʌn.tʃi],[hɯk̚.mʌn.tʃi]
해 첫 번째,6,[hɛ.tʃʰʌt̚.pʌn.tʃ͈ɛ],[hɛ.tʃʰʌt̚.bʌn.tʃ͈ɛ]
흙으로 재는,6,[hɯk̚.ɯ.ɾo.tʃɛ.nɯn],[hɯk̚.ɯ.ɾo.dʒɛ.nɯn]
해 친구들,6,[hɛ.tʃʰiŋ.ku.tɯl],[hɛ.tʃʰiŋ.ku.dɯl]
보험에 가입한,6,[po.hʌm.e.ka.ip̚.han],[bo.hʌm.e.ga.ip̚.han]
흙이 들어가도,6,[hɯk̚.i.tɯl.ʌ.ka.to],[hɯk̚.i.dɯl.ʌ.ga.do]
해 친구를,6,[hɛ.tʃʰiŋ.ku.ɾɯl],[hɛ.tʃʰiŋ.ku.ɾɯl]
reason you,6,,
해 클레이,6,[hɛ.kʰɯl.ɾe.i],[hɛ.kʰɯl.ɾe.i]
보호 관찰관,6,[po.ho.kwan.tʃʰal.kwan],[bo.ho.gwan.tʃʰal.kwan]
갔어 너무,6,[kat̚.ʌ.nʌ.mu],[gat̚.ʌ.nʌ.mu]
해 팀,6,[hɛ.tʰim],[hɛ.tʰim]
해 팔,6,[hɛ.pʰal],[hɛ.pʰal]
해 피,6,[hɛ.pʰi],[hɛ.pʰi]
해 필요하면,6,[hɛ.pʰil.jo.ha.mjʌn],[hɛ.pʰil.jo.ha.mjʌn]
공연이 너무,6,[koŋ.jʌn.i.nʌ.mu],[goŋ.jʌn.i.nʌ.mu]
보호 그리고,6,[po.ho.kɯ.ɾi.ko],[bo.ho.gɯ.ɾi.go]
보호 그,6,[po.ho.kɯ],[bo.ho.gɯ]
내가 누군가에게,6,[nɛ.ka.nu.kuŋ.ka.e.ke],[nɛ.ga.nu.guŋ.ka.e.ge]
해 하루 종일,6,[hɛ.ha.ɾu.tʃoŋ.il],[hɛ.ha.ɾu.dʒoŋ.il]
해 하느님,6,[hɛ.ha.nɯ.nim],[hɛ.ha.nɯ.nim]
해 하루에,6,[hɛ.ha.ɾu.e],[hɛ.ha.ɾu.e]
해 하지만 네가,6,[hɛ.ha.tʃi.man.ne.ka],[hɛ.ha.dʒi.man.ne.ga]
보호 못 해요,6,[po.ho.mot̚.hɛ.jo],[bo.ho.mot̚.hɛ.jo]
해 하지만 우린,6,[hɛ.ha.tʃi.man.u.ɾin],[hɛ.ha.dʒi.man.u.ɾin]
보호 못 해,6,[po.ho.mot̚.hɛ],[bo.ho.mot̚.hɛ]
reasons to hold on,6,,
흥 푼다,6,[hɯm.pʰun.ta],[hɯm.pʰun.ta]
흥겨운 뽕짝풍 음악,6,[hɯŋ.kjʌ.um.p͈oŋ.tʃ͈ak̚.pʰuŋ.ɯm.ak̚],[hɯŋ.gjʌ.um.p͈oŋ.tʃ͈ak̚.pʰuŋ.ɯm.ak̚]
보호 받는,6,[po.ho.pat̚.nɯn],[bo.ho.bat̚.nɯn]
공연이 있어서,6,[koŋ.jʌn.i.it̚.ʌ.sʌ],[goŋ.jʌn.i.it̚.ʌ.sʌ]
이상하다고 생각한다,6,[i.saŋ.ha.ta.ko.sɛŋ.kak̚.han.ta],[i.saŋ.ha.da.go.sɛŋ.gak̚.han.ta]
해 한 번 더,6,[hɛ.ham.pʌn.tʌ],[hɛ.han.bʌn.dʌ]
불러 모을,6,[pul.ɾʌ.mo.ɯl],[bul.ɾʌ.mo.ɯl]
보호 서비스에,6,[po.ho.sʌ.pi.sɯ.e],[bo.ho.sʌ.bi.sɯ.e]
해 할 수 있을,6,[hɛ.hal.su.it̚.ɯl],[hɛ.hal.su.it̚.ɯl]
해 할머니,6,[hɛ.hal.mʌ.ni],[hɛ.hal.mʌ.ni]
해 할 얘기가,6,[hɛ.hal.jɛ.ki.ka],[hɛ.hal.jɛ.gi.ga]
해 해야,6,[hɛ.hɛ.ja],[hɛ.hɛ.ja]
보호 장비,6,[po.ho.tʃam.pi],[bo.ho.dʒaŋ.bi]
보호 장비가,6,[po.ho.tʃam.pi.ka],[bo.ho.dʒaŋ.bi.ga]
흥미로운 거,6,[hɯŋ.mi.ɾo.uŋ.kʌ],[hɯŋ.mi.ɾo.un.gʌ]
해 헤이,6,[hɛ.he.i],[hɛ.he.i]
해 헤일리,6,[hɛ.he.il.ɾi],[hɛ.he.il.ɾi]
보호 조치,6,[po.ho.tʃo.tʃʰi],[bo.ho.dʒo.tʃʰi]
해 형사님,6,[hɛ.hjʌŋ.sa.nim],[hɛ.hjʌŋ.sa.nim]
해 형님,6,[hɛ.hjʌŋ.nim],[hɛ.hjʌŋ.nim]
보호 증인,6,[po.ho.tʃɯŋ.in],[bo.ho.dʒɯŋ.in]
해 화장실,6,[hɛ.hwa.tʃaŋ.sil],[hɛ.hwa.dʒaŋ.sil]
해 확실히,6,[hɛ.hwak̚.sil.hi],[hɛ.hwak̚.sil.hi]
보호 프로그램이,6,[po.ho.pʰɯ.ɾo.kɯ.ɾɛm.i],[bo.ho.pʰɯ.ɾo.gɯ.ɾɛm.i]
해 힘내,6,[hɛ.him.nɛ],[hɛ.him.nɛ]
해가 거의,6,[hɛ.ka.kʌ.ɯi],[hɛ.ga.gʌ.ɯi]
공연한 거,6,[koŋ.jʌn.haŋ.kʌ],[goŋ.jʌn.han.gʌ]
내가 누군지 알겠어,6,[nɛ.ka.nu.kun.tʃi.al.ket̚.ʌ],[nɛ.ga.nu.gun.tʃi.al.ket̚.ʌ]
공연하러 가야,6,[koŋ.jʌn.ha.ɾʌ.ka.ja],[goŋ.jʌn.ha.ɾʌ.ga.ja]
해가 되는 건,6,[hɛ.ka.twe.nɯŋ.kʌn],[hɛ.ga.dwe.nɯn.gʌn]
내가 누군지 알겠어요,6,[nɛ.ka.nu.kun.tʃi.al.ket̚.ʌ.jo],[nɛ.ga.nu.gun.tʃi.al.ket̚.ʌ.jo]
보호가 필요하지,6,[po.ho.ka.pʰil.jo.ha.tʃi],[bo.ho.ga.pʰil.jo.ha.dʒi]
해가 될 거예요,6,[hɛ.ka.twel.kʌ.je.jo],[hɛ.ga.dwel.gʌ.je.jo]
Of course I want,6,,
해가 드리우면,6,[hɛ.ka.tɯ.ɾi.u.mjʌn],[hɛ.ga.dɯ.ɾi.u.mjʌn]
보호가 필요합니다,6,[po.ho.ka.pʰil.jo.hap̚.ni.ta],[bo.ho.ga.pʰil.jo.hap̚.ni.da]
해가 떨어지고 있어,6,[hɛ.ka.t͈ʌl.ʌ.tʃi.ko.it̚.ʌ],[hɛ.ga.t͈ʌl.ʌ.dʒi.go.it̚.ʌ]
해가 떨어지고,6,[hɛ.ka.t͈ʌl.ʌ.tʃi.ko],[hɛ.ga.t͈ʌl.ʌ.dʒi.go]
내가 누군지 알기 위해서,6,[nɛ.ka.nu.kun.tʃi.al.ki.wi.hɛ.sʌ],[nɛ.ga.nu.gun.tʃi.al.ki.wi.hɛ.sʌ]
해가 떴어요,6,[hɛ.ka.t͈ʌt̚.ʌ.jo],[hɛ.ga.t͈ʌt̚.ʌ.jo]
보호관찰을 받게,6,[po.ho.kwan.tʃʰal.ɯl.pat̚.ke],[bo.ho.gwan.tʃʰal.ɯl.bat̚.ke]
내가 누군지 알기나 해,6,[nɛ.ka.nu.kun.tʃi.al.ki.na.hɛ],[nɛ.ga.nu.gun.tʃi.al.ki.na.hɛ]
해가 뜨기도,6,[hɛ.ka.t͈ɯ.ki.to],[hɛ.ga.t͈ɯ.gi.do]
해가 뜨나,6,[hɛ.ka.t͈ɯ.na],[hɛ.ga.t͈ɯ.na]
보호관찰을 받게 되었다,6,[po.ho.kwan.tʃʰal.ɯl.pat̚.ke.twe.ʌt̚.ta],[bo.ho.gwan.tʃʰal.ɯl.bat̚.ke.dwe.ʌt̚.ta]
reasons to hold,6,,
로 나누면,6,[ɾo.na.nu.mjʌn],[ɾo.na.nu.mjʌn]
해가 뜬,6,[hɛ.ka.t͈ɯn],[hɛ.ga.t͈ɯn]
해가 뜨자마자,6,[hɛ.ka.t͈ɯ.tʃa.ma.tʃa],[hɛ.ga.t͈ɯ.dʒa.ma.dʒa]
해가 뜬다 말을,6,[hɛ.ka.t͈ɯn.ta.mal.ɯl],[hɛ.ga.t͈ɯn.ta.mal.ɯl]
해가 뜰 때,6,[hɛ.ka.t͈ɯl.t͈ɛ],[hɛ.ga.t͈ɯl.t͈ɛ]
보호도 받고,6,[po.ho.to.pat̚.ko],[bo.ho.do.bat̚.ko]
보호는 필요 없어,6,[po.ho.nɯm.pʰil.jo.ʌp̚.ʌ],[bo.ho.nɯm.pʰil.jo.ʌp̚.ʌ]
보호를 못,6,[po.ho.ɾɯl.mot̚],[bo.ho.ɾɯl.mot̚]
해가 잠드네 파도를,6,[hɛ.ka.tʃan.tɯ.ne.pʰa.to.ɾɯl],[hɛ.ga.dʒan.tɯ.ne.pʰa.do.ɾɯl]
해가 잠드네,6,[hɛ.ka.tʃan.tɯ.ne],[hɛ.ga.dʒan.tɯ.ne]
흥미로운 이야기를,6,[hɯŋ.mi.ɾo.un.i.ja.ki.ɾɯl],[hɯŋ.mi.ɾo.un.i.ja.gi.ɾɯl]
해가 잠드네 파도를 이불,6,[hɛ.ka.tʃan.tɯ.ne.pʰa.to.ɾɯl.i.pul],[hɛ.ga.dʒan.tɯ.ne.pʰa.do.ɾɯl.i.bul]
보호를 받고 있어,6,[po.ho.ɾɯl.pat̚.ko.it̚.ʌ],[bo.ho.ɾɯl.bat̚.ko.it̚.ʌ]
해가 중천인데,6,[hɛ.ka.tʃuŋ.tʃʰʌn.in.te],[hɛ.ga.dʒuŋ.tʃʰʌn.in.te]
내가 누군지 알잖아 내가,6,[nɛ.ka.nu.kun.tʃi.al.tʃan.a.nɛ.ka],[nɛ.ga.nu.gun.tʃi.al.tʃan.a.nɛ.ga]
내가 누군지 알잖아요,6,[nɛ.ka.nu.kun.tʃi.al.tʃan.a.jo],[nɛ.ga.nu.gun.tʃi.al.tʃan.a.jo]
해가 지지,6,[hɛ.ka.tʃi.tʃi],[hɛ.ga.dʒi.dʒi]
be with you in,6,,
흥미로운 제안을,6,[hɯŋ.mi.ɾo.un.tʃe.an.ɯl],[hɯŋ.mi.ɾo.un.dʒe.an.ɯl]
해결 능력을,6,[hɛ.kjʌl.lɯŋ.ɾjʌk̚.ɯl],[hɛ.gjʌl.lɯŋ.ɾjʌk̚.ɯl]
내가 누군지 전혀,6,[nɛ.ka.nu.kun.tʃi.tʃʌn.hjʌ],[nɛ.ga.nu.gun.tʃi.dʒʌn.hjʌ]
보호를 해,6,[po.ho.ɾɯl.hɛ],[bo.ho.ɾɯl.hɛ]
불러 좋아,6,[pul.ɾʌ.tʃot̚.a],[bul.ɾʌ.dʒot̚.a]
해결 방법은 단,6,[hɛ.kjʌl.pam.pʌp̚.ɯn.tan],[hɛ.gjʌl.baŋ.bʌp̚.ɯn.dan]
내가 누군지는 중요하지,6,[nɛ.ka.nu.kun.tʃi.nɯn.tʃuŋ.jo.ha.tʃi],[nɛ.ga.nu.gun.tʃi.nɯn.dʒuŋ.jo.ha.dʒi]
공원 가서,6,[koŋ.wʌŋ.ka.sʌ],[goŋ.wʌn.ga.sʌ]
보호받아야 합니다,6,[po.ho.pat̚.a.ja.hap̚.ni.ta],[bo.ho.bat̚.a.ja.hap̚.ni.da]
해결 전엔,6,[hɛ.kjʌl.tʃʌn.en],[hɛ.gjʌl.dʒʌn.en]
보호받지 못하는,6,[po.ho.pat̚.tʃi.mot̚.ha.nɯn],[bo.ho.bat̚.tʃi.mot̚.ha.nɯn]
해결돼서 다행이야,6,[hɛ.kjʌl.twɛ.sʌ.ta.hɛŋ.i.ja],[hɛ.gjʌl.twɛ.sʌ.da.hɛŋ.i.ja]
보호받지 못한,6,[po.ho.pat̚.tʃi.mot̚.han],[bo.ho.bat̚.tʃi.mot̚.han]
공원 관리원,6,[koŋ.wʌŋ.kwal.li.wʌn],[goŋ.wʌn.gwal.li.wʌn]
갖고 장난친,6,[kat̚.ko.tʃaŋ.nan.tʃʰin],[gat̚.ko.dʒaŋ.nan.tʃʰin]
해결되고 네가 웃으며,6,[hɛ.kjʌl.twe.ko.ne.ka.ut̚.ɯ.mjʌ],[hɛ.gjʌl.twe.go.ne.ga.ut̚.ɯ.mjʌ]
해결되고 네가 웃으며 날,6,[hɛ.kjʌl.twe.ko.ne.ka.ut̚.ɯ.mjʌ.nal],[hɛ.gjʌl.twe.go.ne.ga.ut̚.ɯ.mjʌ.nal]
갔어 아,6,[kat̚.ʌ.a],[gat̚.ʌ.a]
보호자가 되는,6,[po.ho.tʃa.ka.twe.nɯn],[bo.ho.dʒa.ga.dwe.nɯn]
내가 누굴 위해,6,[nɛ.ka.nu.kul.wi.hɛ],[nɛ.ga.nu.gul.wi.hɛ]
보호하고 싶다면,6,[po.ho.ha.ko.sip̚.ta.mjʌn],[bo.ho.ha.go.sip̚.ta.mjʌn]
보호하고 싶었어요,6,[po.ho.ha.ko.sip̚.ʌt̚.ʌ.jo],[bo.ho.ha.go.sip̚.ʌt̚.ʌ.jo]
해결될 때까진,6,[hɛ.kjʌl.twel.t͈ɛ.k͈a.tʃin],[hɛ.gjʌl.twel.t͈ɛ.k͈a.dʒin]
갔어 야,6,[kat̚.ʌ.ja],[gat̚.ʌ.ja]
흥분되는 일이지,6,[hɯm.pun.twe.nɯn.il.i.tʃi],[hɯŋ.bun.twe.nɯn.il.i.dʒi]
흥분되더라고 뛰어내리기 전에,6,[hɯm.pun.twe.tʌ.ɾa.ko.t͈wi.ʌ.nɛ.ɾi.ki.tʃʌn.e],[hɯŋ.bun.twe.dʌ.ɾa.go.t͈wi.ʌ.nɛ.ɾi.gi.dʒʌn.e]
해결이 된,6,[hɛ.kjʌl.i.twen],[hɛ.gjʌl.i.dwen]
공원 벤치에 앉아,6,[koŋ.wʌm.pen.tʃʰi.e.an.a],[goŋ.wʌn.ben.tʃʰi.e.an.a]
해결책은 파괴입니다 부패에,6,[hɛ.kjʌl.tʃʰɛk̚.ɯm.pʰa.kwe.ip̚.ni.ta.pu.pʰɛ.e],[hɛ.gjʌl.tʃʰɛk̚.ɯm.pʰa.gwe.ip̚.ni.da.bu.pʰɛ.e]
해결책은 파괴입니다 부패에 대한,6,[hɛ.kjʌl.tʃʰɛk̚.ɯm.pʰa.kwe.ip̚.ni.ta.pu.pʰɛ.e.tɛ.han],[hɛ.gjʌl.tʃʰɛk̚.ɯm.pʰa.gwe.ip̚.ni.da.bu.pʰɛ.e.dɛ.han]
보호하기 위해 뭐든,6,[po.ho.ha.ki.wi.hɛ.mwʌ.tɯn],[bo.ho.ha.gi.wi.hɛ.mwʌ.dɯn]
공원에 가면,6,[koŋ.wʌn.e.ka.mjʌn],[goŋ.wʌn.e.ga.mjʌn]
내가 눈을 감으면,6,[nɛ.ka.nun.ɯl.kam.ɯ.mjʌn],[nɛ.ga.nun.ɯl.gam.ɯ.mjʌn]
보호하기 위해서예요,6,[po.ho.ha.ki.wi.hɛ.sʌ.je.jo],[bo.ho.ha.gi.wi.hɛ.sʌ.je.jo]
보호하기 위해서였다,6,[po.ho.ha.ki.wi.hɛ.sʌ.jʌt̚.ta],[bo.ho.ha.gi.wi.hɛ.sʌ.jʌt̚.ta]
해결책이 아니란,6,[hɛ.kjʌl.tʃʰɛk̚.i.a.ni.ɾan],[hɛ.gjʌl.tʃʰɛk̚.i.a.ni.ɾan]
해결책이 있다,6,[hɛ.kjʌl.tʃʰɛk̚.i.it̚.ta],[hɛ.gjʌl.tʃʰɛk̚.i.it̚.ta]
해결책이 필요해,6,[hɛ.kjʌl.tʃʰɛk̚.i.pʰil.jo.hɛ],[hɛ.gjʌl.tʃʰɛk̚.i.pʰil.jo.hɛ]
해결책인 것,6,[hɛ.kjʌl.tʃʰɛk̚.iŋ.kʌt̚],[hɛ.gjʌl.tʃʰɛk̚.in.gʌt̚]
해결하고 있는,6,[hɛ.kjʌl.ha.ko.it̚.nɯn],[hɛ.gjʌl.ha.go.it̚.nɯn]
내가 뉴욕,6,[nɛ.ka.nju.jok̚],[nɛ.ga.nju.jok̚]
해결하기 힘든,6,[hɛ.kjʌl.ha.ki.hin.tɯn],[hɛ.gjʌl.ha.gi.hin.tɯn]
내가 뉴욕의,6,[nɛ.ka.nju.jok̚.ɯi],[nɛ.ga.nju.jok̚.ɯi]
해결하는 거예요,6,[hɛ.kjʌl.ha.nɯŋ.kʌ.je.jo],[hɛ.gjʌl.ha.nɯn.gʌ.je.jo]
보호하는 것보다,6,[po.ho.ha.nɯŋ.kʌt̚.po.ta],[bo.ho.ha.nɯn.gʌt̚.po.da]
해결하는 데 도움을,6,[hɛ.kjʌl.ha.nɯn.te.to.um.ɯl],[hɛ.gjʌl.ha.nɯn.de.do.um.ɯl]
해결하는 방법은,6,[hɛ.kjʌl.ha.nɯm.pam.pʌp̚.ɯn],[hɛ.gjʌl.ha.nɯn.baŋ.bʌp̚.ɯn]
갔어 어디,6,[kat̚.ʌ.ʌ.ti],[gat̚.ʌ.ʌ.di]
보호하는 유일한,6,[po.ho.ha.nɯn.ju.il.han],[bo.ho.ha.nɯn.ju.il.han]
불러도 될,6,[pul.ɾʌ.to.twel],[bul.ɾʌ.do.dwel]
해결하라고 해,6,[hɛ.kjʌl.ha.ɾa.ko.hɛ],[hɛ.gjʌl.ha.ɾa.go.hɛ]
흥분해 있는,6,[hɯm.pun.hɛ.it̚.nɯn],[hɯŋ.bun.hɛ.it̚.nɯn]
보호하러 왔어,6,[po.ho.ha.ɾʌ.wat̚.ʌ],[bo.ho.ha.ɾʌ.wat̚.ʌ]
갔어 오,6,[kat̚.ʌ.o],[gat̚.ʌ.o]
보호하려 했어,6,[po.ho.ha.ɾjʌ.hɛt̚.ʌ],[bo.ho.ha.ɾjʌ.hɛt̚.ʌ]
해결하면 돼요,6,[hɛ.kjʌl.ha.mjʌn.twɛ.jo],[hɛ.gjʌl.ha.mjʌn.dwɛ.jo]
해결하면 되지,6,[hɛ.kjʌl.ha.mjʌn.twe.tʃi],[hɛ.gjʌl.ha.mjʌn.dwe.dʒi]
내가 느낄,6,[nɛ.ka.nɯ.k͈il],[nɛ.ga.nɯ.k͈il]
해결하실 수,6,[hɛ.kjʌl.ha.sil.su],[hɛ.gjʌl.ha.sil.su]
해결하지 못하고,6,[hɛ.kjʌl.ha.tʃi.mot̚.ha.ko],[hɛ.gjʌl.ha.dʒi.mot̚.ha.go]
보호하려고 그랬지,6,[po.ho.ha.ɾjʌ.ko.kɯ.ɾɛt̚.tʃi],[bo.ho.ha.ɾjʌ.go.gɯ.ɾɛt̚.tʃi]
공원에 온,6,[koŋ.wʌn.e.on],[goŋ.wʌn.e.on]
내가 늘 곁에,6,[nɛ.ka.nɯl.kjʌt̚.e],[nɛ.ga.nɯl.gjʌt̚.e]
해결한 건,6,[hɛ.kjʌl.haŋ.kʌn],[hɛ.gjʌl.han.gʌn]
불러들였다면 그는,6,[pul.ɾʌ.tɯl.jʌt̚.ta.mjʌŋ.kɯ.nɯn],[bul.ɾʌ.dɯl.jʌt̚.ta.mjʌn.gɯ.nɯn]
해결한 게,6,[hɛ.kjʌl.haŋ.ke],[hɛ.gjʌl.han.ge]
보호하려고 애쓰는,6,[po.ho.ha.ɾjʌ.ko.ɛ.s͈ɯ.nɯn],[bo.ho.ha.ɾjʌ.go.ɛ.s͈ɯ.nɯn]
해결한다고 했잖아,6,[hɛ.kjʌl.han.ta.ko.hɛt̚.tʃan.a],[hɛ.gjʌl.han.ta.go.hɛt̚.tʃan.a]
보호하려고 했던 거야,6,[po.ho.ha.ɾjʌ.ko.hɛt̚.tʌŋ.kʌ.ja],[bo.ho.ha.ɾjʌ.go.hɛt̚.tʌn.gʌ.ja]
해결할 것이다,6,[hɛ.kjʌl.hal.kʌt̚.i.ta],[hɛ.gjʌl.hal.gʌt̚.i.da]
갔어 우리가,6,[kat̚.ʌ.u.ɾi.ka],[gat̚.ʌ.u.ɾi.ga]
해결할 기회가,6,[hɛ.kjʌl.hal.ki.hwe.ka],[hɛ.gjʌl.hal.gi.hwe.ga]
해결할 동안 거기,6,[hɛ.kjʌl.hal.toŋ.aŋ.kʌ.ki],[hɛ.gjʌl.hal.doŋ.an.gʌ.gi]
공원에 있던,6,[koŋ.wʌn.e.it̚.tʌn],[goŋ.wʌn.e.it̚.tʌn]
해결할 때가,6,[hɛ.kjʌl.hal.t͈ɛ.ka],[hɛ.gjʌl.hal.t͈ɛ.ga]
해결할 때,6,[hɛ.kjʌl.hal.t͈ɛ],[hɛ.gjʌl.hal.t͈ɛ]
보호하려는 거죠,6,[po.ho.ha.ɾjʌ.nɯŋ.kʌ.tʃjo],[bo.ho.ha.ɾjʌ.nɯn.gʌ.dʒjo]
해결할 방법이 있어,6,[hɛ.kjʌl.hal.pam.pʌp̚.i.it̚.ʌ],[hɛ.gjʌl.hal.baŋ.bʌp̚.i.it̚.ʌ]
공원에 있다고,6,[koŋ.wʌn.e.it̚.ta.ko],[goŋ.wʌn.e.it̚.ta.go]
보호하려던 거예요,6,[po.ho.ha.ɾjʌ.tʌŋ.kʌ.je.jo],[bo.ho.ha.ɾjʌ.dʌn.gʌ.je.jo]
공원에 있을,6,[koŋ.wʌn.e.it̚.ɯl],[goŋ.wʌn.e.it̚.ɯl]
흩어지거나 아니면 궤도에,6,[hɯt̚.ʌ.tʃi.kʌ.na.a.ni.mjʌŋ.kwe.to.e],[hɯt̚.ʌ.dʒi.gʌ.na.a.ni.mjʌn.gwe.do.e]
흩어지거나 아니면 궤도에 오르거나,6,[hɯt̚.ʌ.tʃi.kʌ.na.a.ni.mjʌŋ.kwe.to.e.o.ɾɯ.kʌ.na],[hɯt̚.ʌ.dʒi.gʌ.na.a.ni.mjʌn.gwe.do.e.o.ɾɯ.gʌ.na]
내가 늦을,6,[nɛ.ka.nɯt̚.ɯl],[nɛ.ga.nɯt̚.ɯl]
해결할 수 있었는데,6,[hɛ.kjʌl.hal.su.it̚.ʌt̚.nɯn.te],[hɛ.gjʌl.hal.su.it̚.ʌt̚.nɯn.te]
보호할 것을,6,[po.ho.hal.kʌt̚.ɯl],[bo.ho.hal.gʌt̚.ɯl]
해결할 수 있을 겁니다,6,[hɛ.kjʌl.hal.su.it̚.ɯl.kʌp̚.ni.ta],[hɛ.gjʌl.hal.su.it̚.ɯl.gʌp̚.ni.da]
해결할 수 있을까요,6,[hɛ.kjʌl.hal.su.it̚.ɯl.k͈a.jo],[hɛ.gjʌl.hal.su.it̚.ɯl.k͈a.jo]
해결할 순 없어,6,[hɛ.kjʌl.hal.sun.ʌp̚.ʌ],[hɛ.gjʌl.hal.sun.ʌp̚.ʌ]
해결할 시간은,6,[hɛ.kjʌl.hal.si.kan.ɯn],[hɛ.gjʌl.hal.si.gan.ɯn]
내가 니네,6,[nɛ.ka.ni.ne],[nɛ.ga.ni.ne]
흩어질 거야,6,[hɯt̚.ʌ.tʃil.kʌ.ja],[hɯt̚.ʌ.dʒil.gʌ.ja]
해결할 일이 좀,6,[hɛ.kjʌl.hal.il.i.tʃom],[hɛ.gjʌl.hal.il.i.dʒom]
흩어진다면 저항하는 그림자를,6,[hɯt̚.ʌ.tʃin.ta.mjʌn.tʃʌ.haŋ.ha.nɯŋ.kɯ.ɾin.tʃa.ɾɯl],[hɯt̚.ʌ.dʒin.ta.mjʌn.dʒʌ.haŋ.ha.nɯn.gɯ.ɾin.tʃa.ɾɯl]
갔어 저,6,[kat̚.ʌ.tʃʌ],[gat̚.ʌ.dʒʌ]
해결해 나갈,6,[hɛ.kjʌl.hɛ.na.kal],[hɛ.gjʌl.hɛ.na.gal]
해결해 드리죠,6,[hɛ.kjʌl.hɛ.tɯ.ɾi.tʃjo],[hɛ.gjʌl.hɛ.dɯ.ɾi.dʒjo]
해결해 드릴게요,6,[hɛ.kjʌl.hɛ.tɯ.ɾil.ke.jo],[hɛ.gjʌl.hɛ.dɯ.ɾil.ke.jo]
내가 다 가르쳐,6,[nɛ.ka.ta.ka.ɾɯ.tʃʰjʌ],[nɛ.ga.da.ga.ɾɯ.tʃʰjʌ]
보호해 주겠다고,6,[po.ho.hɛ.tʃu.ket̚.ta.ko],[bo.ho.hɛ.dʒu.get̚.ta.go]
해결해 주세요,6,[hɛ.kjʌl.hɛ.tʃu.se.jo],[hɛ.gjʌl.hɛ.dʒu.se.jo]
해결해 주면,6,[hɛ.kjʌl.hɛ.tʃu.mjʌn],[hɛ.gjʌl.hɛ.dʒu.mjʌn]
해결해 줄 거라고,6,[hɛ.kjʌl.hɛ.tʃul.kʌ.ɾa.ko],[hɛ.gjʌl.hɛ.dʒul.gʌ.ɾa.go]
공유 서비스를,6,[koŋ.ju.sʌ.pi.sɯ.ɾɯl],[goŋ.ju.sʌ.bi.sɯ.ɾɯl]
해결해 줄 수도,6,[hɛ.kjʌl.hɛ.tʃul.su.to],[hɛ.gjʌl.hɛ.dʒul.su.do]
해결해 줘요,6,[hɛ.kjʌl.hɛ.tʃwʌ.jo],[hɛ.gjʌl.hɛ.dʒwʌ.jo]
해결해야 하거든,6,[hɛ.kjʌl.hɛ.ja.ha.kʌ.tɯn],[hɛ.gjʌl.hɛ.ja.ha.gʌ.dɯn]
해결해야 한다,6,[hɛ.kjʌl.hɛ.ja.han.ta],[hɛ.gjʌl.hɛ.ja.han.ta]
공유 안 해,6,[koŋ.ju.an.hɛ],[goŋ.ju.an.hɛ]
해결해야 할 거야,6,[hɛ.kjʌl.hɛ.ja.hal.kʌ.ja],[hɛ.gjʌl.hɛ.ja.hal.gʌ.ja]
내가 다 먹었어,6,[nɛ.ka.ta.mʌk̚.ʌt̚.ʌ],[nɛ.ga.da.mʌk̚.ʌt̚.ʌ]
해결해주진 않아,6,[hɛ.kjʌl.hɛ.tʃu.tʃin.an.a],[hɛ.gjʌl.hɛ.dʒu.dʒin.an.a]
해결해야 했어,6,[hɛ.kjʌl.hɛ.ja.hɛt̚.ʌ],[hɛ.gjʌl.hɛ.ja.hɛt̚.ʌ]
보호해 줄까,6,[po.ho.hɛ.tʃul.k͈a],[bo.ho.hɛ.dʒul.k͈a]
공유하게 될,6,[koŋ.ju.ha.ke.twel],[goŋ.ju.ha.ge.dwel]
해고 당할,6,[hɛ.ko.taŋ.hal],[hɛ.go.daŋ.hal]
내가 있어야 할 곳이,6,[nɛ.ka.it̚.ʌ.ja.hal.kot̚.i],[nɛ.ga.it̚.ʌ.ja.hal.got̚.i]
해고 당했어,6,[hɛ.ko.taŋ.hɛt̚.ʌ],[hɛ.go.daŋ.hɛt̚.ʌ]
갔어 전부,6,[kat̚.ʌ.tʃʌm.pu],[gat̚.ʌ.dʒʌm.pu]
해고 안 해요,6,[hɛ.ko.an.hɛ.jo],[hɛ.go.an.hɛ.jo]
해고 할,6,[hɛ.ko.hal],[hɛ.go.hal]
공유하고 싶어,6,[koŋ.ju.ha.ko.sip̚.ʌ],[goŋ.ju.ha.go.sip̚.ʌ]
해고된 건,6,[hɛ.ko.tweŋ.kʌn],[hɛ.go.dwen.gʌn]
희망보다 나은,6,[hɯi.mam.po.ta.na.ɯn],[hɯi.maŋ.bo.da.na.ɯn]
해고된 것,6,[hɛ.ko.tweŋ.kʌt̚],[hɛ.go.dwen.gʌt̚]
해고되기 전에,6,[hɛ.ko.twe.ki.tʃʌn.e],[hɛ.go.dwe.gi.dʒʌn.e]
갔어 좀,6,[kat̚.ʌ.tʃom],[gat̚.ʌ.dʒom]
희망보다 나은 게 없으니까,6,[hɯi.mam.po.ta.na.ɯŋ.ke.ʌp̚.ɯ.ni.k͈a],[hɯi.maŋ.bo.da.na.ɯn.ge.ʌp̚.ɯ.ni.k͈a]
보호해야 했다,6,[po.ho.hɛ.ja.hɛt̚.ta],[bo.ho.hɛ.ja.hɛt̚.ta]
내가 다 부끄럽네,6,[nɛ.ka.ta.pu.k͈ɯ.ɾʌp̚.ne],[nɛ.ga.da.bu.k͈ɯ.ɾʌp̚.ne]
해고야 무슨,6,[hɛ.ko.ja.mu.sɯn],[hɛ.go.ja.mu.sɯn]
희망보다 나은 게,6,[hɯi.mam.po.ta.na.ɯŋ.ke],[hɯi.maŋ.bo.da.na.ɯn.ge]
해고하는 거예요,6,[hɛ.ko.ha.nɯŋ.kʌ.je.jo],[hɛ.go.ha.nɯn.gʌ.je.jo]
해고하는 건,6,[hɛ.ko.ha.nɯŋ.kʌn],[hɛ.go.ha.nɯn.gʌn]
이상한 사람 아니에요,6,[i.saŋ.han.sa.ɾam.a.ni.e.jo],[i.saŋ.han.sa.ɾam.a.ni.e.jo]
해고하는 게,6,[hɛ.ko.ha.nɯŋ.ke],[hɛ.go.ha.nɯn.ge]
내가 다 아는데,6,[nɛ.ka.ta.a.nɯn.te],[nɛ.ga.da.a.nɯn.te]
희망은 우리가,6,[hɯi.maŋ.ɯn.u.ɾi.ka],[hɯi.maŋ.ɯn.u.ɾi.ga]
해고하지 않으시겠습니까,6,[hɛ.ko.ha.tʃi.an.ɯ.si.ket̚.sɯp̚.ni.k͈a],[hɛ.go.ha.dʒi.an.ɯ.si.get̚.sɯp̚.ni.k͈a]
공유하고 있는,6,[koŋ.ju.ha.ko.it̚.nɯn],[goŋ.ju.ha.go.it̚.nɯn]
내가 다 안다고,6,[nɛ.ka.ta.an.ta.ko],[nɛ.ga.da.an.ta.go]
해고한 이유는,6,[hɛ.ko.han.i.ju.nɯn],[hɛ.go.han.i.ju.nɯn]
보희의 신음,6,[po.hɯi.ɯi.sin.ɯm],[bo.hɯi.ɯi.sin.ɯm]
내가 다 알고,6,[nɛ.ka.ta.al.ko],[nɛ.ga.da.al.ko]
내가 다 알아냈어,6,[nɛ.ka.ta.al.a.nɛt̚.ʌ],[nɛ.ga.da.al.a.nɛt̚.ʌ]
공유하고 있습니다,6,[koŋ.ju.ha.ko.it̚.sɯp̚.ni.ta],[goŋ.ju.ha.go.it̚.sɯp̚.ni.da]
해골 부서지는 소리가,6,[hɛ.kol.pu.sʌ.tʃi.nɯn.so.ɾi.ka],[hɛ.gol.bu.sʌ.dʒi.nɯn.so.ɾi.ga]
해골 부서지는 소리가 들려,6,[hɛ.kol.pu.sʌ.tʃi.nɯn.so.ɾi.ka.tɯl.ɾjʌ],[hɛ.gol.bu.sʌ.dʒi.nɯn.so.ɾi.ga.dɯl.ɾjʌ]
해골 부서지는,6,[hɛ.kol.pu.sʌ.tʃi.nɯn],[hɛ.gol.bu.sʌ.dʒi.nɯn]
해골이 철 왕좌에,6,[hɛ.kol.i.tʃʰʌl.waŋ.tʃwa.e],[hɛ.gol.i.tʃʰʌl.waŋ.dʒwa.e]
해골이 철,6,[hɛ.kol.i.tʃʰʌl],[hɛ.gol.i.tʃʰʌl]
희망을 가질 수,6,[hɯi.maŋ.ɯl.ka.tʃil.su],[hɯi.maŋ.ɯl.ga.dʒil.su]
해골이 철 왕좌에 앉을,6,[hɛ.kol.i.tʃʰʌl.waŋ.tʃwa.e.an.ɯl],[hɛ.gol.i.tʃʰʌl.waŋ.dʒwa.e.an.ɯl]
해군 범죄,6,[hɛ.kum.pʌn.tʃwe],[hɛ.gun.bʌn.tʃwe]
내가 다 알아서 해,6,[nɛ.ka.ta.al.a.sʌ.hɛ],[nɛ.ga.da.al.a.sʌ.hɛ]
해군 사령관,6,[hɛ.kun.sa.ɾjʌŋ.kwan],[hɛ.gun.sa.ɾjʌŋ.gwan]
해군 예비역,6,[hɛ.kun.je.pi.jʌk̚],[hɛ.gun.je.bi.jʌk̚]
복 받을 거야,6,[pok̚.pat̚.ɯl.kʌ.ja],[bok̚.bat̚.ɯl.gʌ.ja]
해군 정보부가,6,[hɛ.kun.tʃʌm.po.pu.ka],[hɛ.gun.dʒʌŋ.bo.bu.ga]
해군 정보부,6,[hɛ.kun.tʃʌm.po.pu],[hɛ.gun.dʒʌŋ.bo.bu]
내가 다 잘못했어,6,[nɛ.ka.ta.tʃal.mot̚.hɛt̚.ʌ],[nɛ.ga.da.dʒal.mot̚.hɛt̚.ʌ]
복구 할,6,[pok̚.ku.hal],[bok̚.ku.hal]
해군을 이끌고,6,[hɛ.kun.ɯl.i.k͈ɯl.ko],[hɛ.gun.ɯl.i.k͈ɯl.ko]
해군을 이끌고 제이미,6,[hɛ.kun.ɯl.i.k͈ɯl.ko.tʃe.i.mi],[hɛ.gun.ɯl.i.k͈ɯl.ko.dʒe.i.mi]
해군이 그 놈들,6,[hɛ.kun.i.kɯ.non.tɯl],[hɛ.gun.i.gɯ.non.tɯl]
해군이 그,6,[hɛ.kun.i.kɯ],[hɛ.gun.i.gɯ]
Of course there,6,,
내가 다 처리할,6,[nɛ.ka.ta.tʃʰʌ.ɾi.hal],[nɛ.ga.da.tʃʰʌ.ɾi.hal]
복구하기 위해,6,[pok̚.ku.ha.ki.wi.hɛ],[bok̚.ku.ha.gi.wi.hɛ]
희망을 버린,6,[hɯi.maŋ.ɯl.pʌ.ɾin],[hɯi.maŋ.ɯl.bʌ.ɾin]
해나 안녕,6,[hɛ.na.an.njʌŋ],[hɛ.na.an.njʌŋ]
해나가 날,6,[hɛ.na.ka.nal],[hɛ.na.ga.nal]
해나가 한,6,[hɛ.na.ka.han],[hɛ.na.ga.han]
복구할 수 있는 거야,6,[pok̚.ku.hal.su.it̚.nɯŋ.kʌ.ja],[bok̚.ku.hal.su.it̚.nɯn.gʌ.ja]
희망을 잃으면 안,6,[hɯi.maŋ.ɯl.il.ɯ.mjʌn.an],[hɯi.maŋ.ɯl.il.ɯ.mjʌn.an]
희망을 주는 거야,6,[hɯi.maŋ.ɯl.tʃu.nɯŋ.kʌ.ja],[hɯi.maŋ.ɯl.dʒu.nɯn.gʌ.ja]
내가 있을 곳은 그녀,6,[nɛ.ka.it̚.ɯl.kot̚.ɯŋ.kɯ.njʌ],[nɛ.ga.it̚.ɯl.got̚.ɯn.gɯ.njʌ]
해내고 있는,6,[hɛ.nɛ.ko.it̚.nɯn],[hɛ.nɛ.go.it̚.nɯn]
복구할 수 있어요,6,[pok̚.ku.hal.su.it̚.ʌ.jo],[bok̚.ku.hal.su.it̚.ʌ.jo]
내가 다 해야,6,[nɛ.ka.ta.hɛ.ja],[nɛ.ga.da.hɛ.ja]
불러요 제가,6,[pul.ɾʌ.jo.tʃe.ka],[bul.ɾʌ.jo.dʒe.ga]
serial killer,6,,
불러주세요 네,6,[pul.ɾʌ.tʃu.se.jo.ne],[bul.ɾʌ.dʒu.se.jo.ne]
해내야 합니다,6,[hɛ.nɛ.ja.hap̚.ni.ta],[hɛ.nɛ.ja.hap̚.ni.da]
희망을 품어 금보다 귀하니까,6,[hɯi.maŋ.ɯl.pʰum.ʌ.kɯm.po.ta.kwi.ha.ni.k͈a],[hɯi.maŋ.ɯl.pʰum.ʌ.gɯm.po.da.gwi.ha.ni.k͈a]
희망을 품은,6,[hɯi.maŋ.ɯl.pʰum.ɯn],[hɯi.maŋ.ɯl.pʰum.ɯn]
해내지 못했어요,6,[hɛ.nɛ.tʃi.mot̚.hɛt̚.ʌ.jo],[hɛ.nɛ.dʒi.mot̚.hɛt̚.ʌ.jo]
공유하는 것을,6,[koŋ.ju.ha.nɯŋ.kʌt̚.ɯl],[goŋ.ju.ha.nɯn.gʌt̚.ɯl]
복권 추첨을,6,[pok̚.kwʌn.tʃʰu.tʃʰʌm.ɯl],[bok̚.kwʌn.tʃʰu.tʃʰʌm.ɯl]
복권에 당첨되면,6,[pok̚.kwʌn.e.taŋ.tʃʰʌn.twe.mjʌn],[bok̚.kwʌn.e.daŋ.tʃʰʌn.twe.mjʌn]
복권에 당첨됐어,6,[pok̚.kwʌn.e.taŋ.tʃʰʌn.twɛt̚.ʌ],[bok̚.kwʌn.e.daŋ.tʃʰʌn.twɛt̚.ʌ]
복권에 당첨돼서,6,[pok̚.kwʌn.e.taŋ.tʃʰʌn.twɛ.sʌ],[bok̚.kwʌn.e.daŋ.tʃʰʌn.twɛ.sʌ]
복귀 시설에서,6,[pok̚.kwi.si.sʌl.e.sʌ],[bok̚.kwi.si.sʌl.e.sʌ]
복귀 못,6,[pok̚.kwi.mot̚],[bok̚.kwi.mot̚]
희망이 사라진,6,[hɯi.maŋ.i.sa.ɾa.tʃin],[hɯi.maŋ.i.sa.ɾa.dʒin]
해낼 거,6,[hɛ.nɛl.kʌ],[hɛ.nɛl.gʌ]
복귀 축하해요,6,[pok̚.kwi.tʃʰuk̚.ha.hɛ.jo],[bok̚.kwi.tʃʰuk̚.ha.hɛ.jo]
복귀 후,6,[pok̚.kwi.hu],[bok̚.kwi.hu]
해낼 거요,6,[hɛ.nɛl.kʌ.jo],[hɛ.nɛl.gʌ.jo]
해낼 수 없는,6,[hɛ.nɛl.su.ʌp̚.nɯn],[hɛ.nɛl.su.ʌp̚.nɯn]
복귀하세요 오로라,6,[pok̚.kwi.ha.se.jo.o.ɾo.ɾa],[bok̚.kwi.ha.se.jo.o.ɾo.ɾa]
복귀하는 게,6,[pok̚.kwi.ha.nɯŋ.ke],[bok̚.kwi.ha.nɯn.ge]
remember anything,6,,
복귀할 거예요,6,[pok̚.kwi.hal.kʌ.je.jo],[bok̚.kwi.hal.gʌ.je.jo]
복귀할 때까지,6,[pok̚.kwi.hal.t͈ɛ.k͈a.tʃi],[bok̚.kwi.hal.t͈ɛ.k͈a.dʒi]
복귀할 때,6,[pok̚.kwi.hal.t͈ɛ],[bok̚.kwi.hal.t͈ɛ]
복귀할 수 있도록,6,[pok̚.kwi.hal.su.it̚.to.ɾok̚],[bok̚.kwi.hal.su.it̚.to.ɾok̚]
내가 다르다는 걸,6,[nɛ.ka.ta.ɾɯ.ta.nɯŋ.kʌl],[nɛ.ga.da.ɾɯ.da.nɯn.gʌl]
해낼 수 있어서,6,[hɛ.nɛl.su.it̚.ʌ.sʌ],[hɛ.nɛl.su.it̚.ʌ.sʌ]
해낼 수 있을 거예요,6,[hɛ.nɛl.su.it̚.ɯl.kʌ.je.jo],[hɛ.nɛl.su.it̚.ɯl.gʌ.je.jo]
해낼 수 있을까요,6,[hɛ.nɛl.su.it̚.ɯl.k͈a.jo],[hɛ.nɛl.su.it̚.ɯl.k͈a.jo]
갖기 전까진,6,[kat̚.ki.tʃʌŋ.k͈a.tʃin],[gat̚.ki.dʒʌŋ.k͈a.dʒin]
희망이 있소,6,[hɯi.maŋ.i.it̚.so],[hɯi.maŋ.i.it̚.so]
해낼 수 있지,6,[hɛ.nɛl.su.it̚.tʃi],[hɛ.nɛl.su.it̚.tʃi]
갔어요 같은,6,[kat̚.ʌ.jo.kat̚.ɯn],[gat̚.ʌ.jo.gat̚.ɯn]
해낼 줄 알았다,6,[hɛ.nɛl.tʃul.al.at̚.ta],[hɛ.nɛl.dʒul.al.at̚.ta]
해낼 줄 알았는데,6,[hɛ.nɛl.tʃul.al.at̚.nɯn.te],[hɛ.nɛl.dʒul.al.at̚.nɯn.te]
복근 좀 봐,6,[pok̚.kɯn.tʃom.pwa],[bok̚.kɯn.dʒom.bwa]
복귀했을 때,6,[pok̚.kwi.hɛt̚.ɯl.t͈ɛ],[bok̚.kwi.hɛt̚.ɯl.t͈ɛ]
복도 건너편,6,[pok̚.to.kʌn.nʌ.pʰjʌn],[bok̚.to.gʌn.nʌ.pʰjʌn]
복대 주머니,6,[pok̚.tɛ.tʃu.mʌ.ni],[bok̚.tɛ.dʒu.mʌ.ni]
희망이 있잖아,6,[hɯi.maŋ.i.it̚.tʃan.a],[hɯi.maŋ.i.it̚.tʃan.a]
괜찮다 우리,6,[kwɛn.tʃʰan.ta.u.ɾi],[gwɛn.tʃʰan.ta.u.ɾi]
내가 있잖아 내가,6,[nɛ.ka.it̚.tʃan.a.nɛ.ka],[nɛ.ga.it̚.tʃan.a.nɛ.ga]
해냈어 그는,6,[hɛ.nɛt̚.ʌ.kɯ.nɯn],[hɛ.nɛt̚.ʌ.gɯ.nɯn]
불렀다 그리고,6,[pul.ɾʌt̚.ta.kɯ.ɾi.ko],[bul.ɾʌt̚.ta.gɯ.ɾi.go]
내가 다른 사람의,6,[nɛ.ka.ta.ɾɯn.sa.ɾam.ɯi],[nɛ.ga.da.ɾɯn.sa.ɾam.ɯi]
해냈어 내가 해냈어,6,[hɛ.nɛt̚.ʌ.nɛ.ka.hɛ.nɛt̚.ʌ],[hɛ.nɛt̚.ʌ.nɛ.ga.hɛ.nɛt̚.ʌ]
내가 다른 사람이,6,[nɛ.ka.ta.ɾɯn.sa.ɾam.i],[nɛ.ga.da.ɾɯn.sa.ɾam.i]
해냈어 아니,6,[hɛ.nɛt̚.ʌ.a.ni],[hɛ.nɛt̚.ʌ.a.ni]
복도 끝에요,6,[pok̚.to.k͈ɯt̚.e.jo],[bok̚.to.k͈ɯt̚.e.jo]
해냈어 이,6,[hɛ.nɛt̚.ʌ.i],[hɛ.nɛt̚.ʌ.i]
내가 다리 놔줄게,6,[nɛ.ka.ta.ɾi.nwa.tʃul.ke],[nɛ.ga.da.ɾi.nwa.dʒul.ke]
해냈어 한,6,[hɛ.nɛt̚.ʌ.han],[hɛ.nɛt̚.ʌ.han]
내가 다리에서,6,[nɛ.ka.ta.ɾi.e.sʌ],[nɛ.ga.da.ɾi.e.sʌ]
복도 따라서,6,[pok̚.to.t͈a.ɾa.sʌ],[bok̚.to.t͈a.ɾa.sʌ]
불렀어 그게,6,[pul.ɾʌt̚.ʌ.kɯ.ke],[bul.ɾʌt̚.ʌ.gɯ.ge]
해녀 부부,6,[hɛ.njʌ.pu.pu],[hɛ.njʌ.bu.bu]
복도 이상,6,[pok̚.to.i.saŋ],[bok̚.to.i.saŋ]
해노버 고등학교 모닝 쇼,6,[hɛ.no.pʌ.ko.tɯŋ.hak̚.kjo.mo.niŋ.sjo],[hɛ.no.bʌ.go.dɯŋ.hak̚.kjo.mo.niŋ.sjo]
해노버 고등학교 모닝,6,[hɛ.no.pʌ.ko.tɯŋ.hak̚.kjo.mo.niŋ],[hɛ.no.bʌ.go.dɯŋ.hak̚.kjo.mo.niŋ]
희박하다는 건,6,[hɯi.pak̚.ha.ta.nɯŋ.kʌn],[hɯi.bak̚.ha.da.nɯn.gʌn]
내가 다시 그,6,[nɛ.ka.ta.si.kɯ],[nɛ.ga.da.si.gɯ]
복도를 따라가면,6,[pok̚.to.ɾɯl.t͈a.ɾa.ka.mjʌn],[bok̚.to.ɾɯl.t͈a.ɾa.ga.mjʌn]
복도에 나가,6,[pok̚.to.e.na.ka],[bok̚.to.e.na.ga]
복도에 아무도,6,[pok̚.to.e.a.mu.to],[bok̚.to.e.a.mu.do]
해달라고 하지,6,[hɛ.tal.ɾa.ko.ha.tʃi],[hɛ.dal.ɾa.go.ha.dʒi]
희생양이 되는,6,[hɯi.sɛŋ.jaŋ.i.twe.nɯn],[hɯi.sɛŋ.jaŋ.i.dwe.nɯn]
remember him,6,,
해달라는 거지,6,[hɛ.tal.ɾa.nɯŋ.kʌ.tʃi],[hɛ.dal.ɾa.nɯn.gʌ.dʒi]
내가 잊어,6,[nɛ.ka.it̚.ʌ],[nɛ.ga.it̚.ʌ]
해달라는 건,6,[hɛ.tal.ɾa.nɯŋ.kʌn],[hɛ.dal.ɾa.nɯn.gʌn]
해달라는 것도,6,[hɛ.tal.ɾa.nɯŋ.kʌt̚.to],[hɛ.dal.ɾa.nɯn.gʌt̚.to]
PID 확인,6,[hwak̚.in],[hwak̚.in]
복도에서 말이야,6,[pok̚.to.e.sʌ.mal.i.ja],[bok̚.to.e.sʌ.mal.i.ja]
해달라는 대로 다,6,[hɛ.tal.ɾa.nɯn.tɛ.ɾo.ta],[hɛ.dal.ɾa.nɯn.dɛ.ɾo.da]
복도의 끝,6,[pok̚.to.ɯi.k͈ɯt̚],[bok̚.to.ɯi.k͈ɯt̚]
해답은 그거면 충분할 거야,6,[hɛ.tap̚.ɯŋ.kɯ.kʌ.mjʌn.tʃʰum.pun.hal.kʌ.ja],[hɛ.dap̚.ɯn.gɯ.gʌ.mjʌn.tʃʰuŋ.bun.hal.gʌ.ja]
해답은 그거면 충분할,6,[hɛ.tap̚.ɯŋ.kɯ.kʌ.mjʌn.tʃʰum.pun.hal],[hɛ.dap̚.ɯn.gɯ.gʌ.mjʌn.tʃʰuŋ.bun.hal]
내가 다시 전화해도 될까,6,[nɛ.ka.ta.si.tʃʌn.hwa.hɛ.to.twel.k͈a],[nɛ.ga.da.si.dʒʌn.hwa.hɛ.do.dwel.k͈a]
공은 어디,6,[koŋ.ɯn.ʌ.ti],[goŋ.ɯn.ʌ.di]
내가 다쳤을,6,[nɛ.ka.ta.tʃʰjʌt̚.ɯl],[nɛ.ga.da.tʃʰjʌt̚.ɯl]
희생을 할,6,[hɯi.sɛŋ.ɯl.hal],[hɯi.sɛŋ.ɯl.hal]
희망했기 때문에,6,[hɯi.maŋ.hɛt̚.ki.t͈ɛ.mun.e],[hɯi.maŋ.hɛt̚.ki.t͈ɛ.mun.e]
remember how I,6,,
희생을 해야,6,[hɯi.sɛŋ.ɯl.hɛ.ja],[hɯi.sɛŋ.ɯl.hɛ.ja]
해답이 필요하다,6,[hɛ.tap̚.i.pʰil.jo.ha.ta],[hɛ.dap̚.i.pʰil.jo.ha.da]
복면을 하고,6,[pok̚.mjʌn.ɯl.ha.ko],[bok̚.mjʌn.ɯl.ha.go]
해답이야 보통,6,[hɛ.tap̚.i.ja.po.tʰoŋ],[hɛ.dap̚.i.ja.bo.tʰoŋ]
해답이야 보통 사람들,6,[hɛ.tap̚.i.ja.po.tʰoŋ.sa.ɾan.tɯl],[hɛ.dap̚.i.ja.bo.tʰoŋ.sa.ɾan.tɯl]
해당 각 과,6,[hɛ.taŋ.kak̚.kwa],[hɛ.daŋ.gak̚.gwa]
해당 각,6,[hɛ.taŋ.kak̚],[hɛ.daŋ.gak̚]
복무 기록을,6,[pok̚.mu.ki.ɾok̚.ɯl],[bok̚.mu.gi.ɾok̚.ɯl]
해당 각 과 의료진들은,6,[hɛ.taŋ.kak̚.kwa.ɯi.ɾjo.tʃin.tɯl.ɯn],[hɛ.daŋ.gak̚.gwa.ɯi.ɾjo.dʒin.tɯl.ɯn]
내가 자기한테 비밀,6,[nɛ.ka.tʃa.ki.han.tʰe.pi.mil],[nɛ.ga.dʒa.gi.han.tʰe.bi.mil]
해당 편을,6,[hɛ.tam.pʰjʌn.ɯl],[hɛ.dam.pʰjʌn.ɯl]
해당되지 않지 죽은,6,[hɛ.taŋ.twe.tʃi.an.tʃi.tʃuk̚.ɯn],[hɛ.daŋ.dwe.dʒi.an.tʃi.dʒuk̚.ɯn]
해당되지 않지 죽은 자들의,6,[hɛ.taŋ.twe.tʃi.an.tʃi.tʃuk̚.ɯn.tʃa.tɯl.ɯi],[hɛ.daŋ.dwe.dʒi.an.tʃi.dʒuk̚.ɯn.dʒa.dɯl.ɯi]
해당되지 않지,6,[hɛ.taŋ.twe.tʃi.an.tʃi],[hɛ.daŋ.dwe.dʒi.an.tʃi]
해도 감옥에,6,[hɛ.to.kam.ok̚.e],[hɛ.do.gam.ok̚.e]
공을 너무,6,[koŋ.ɯl.lʌ.mu],[goŋ.ɯl.lʌ.mu]
희생자 가족들,6,[hɯi.sɛŋ.tʃa.ka.tʃok̚.tɯl],[hɯi.sɛŋ.dʒa.ga.dʒok̚.tɯl]
공을 던지고,6,[koŋ.ɯl.tʌn.tʃi.ko],[goŋ.ɯl.dʌn.tʃi.go]
해도 과언이 아니죠,6,[hɛ.to.kwa.ʌn.i.a.ni.tʃjo],[hɛ.do.gwa.ʌn.i.a.ni.dʒjo]
해도 관심,6,[hɛ.to.kwan.sim],[hɛ.do.gwan.sim]
복사한 거야,6,[pok̚.sa.haŋ.kʌ.ja],[bok̚.sa.han.gʌ.ja]
해도 괜찮다고,6,[hɛ.to.kwɛn.tʃʰan.ta.ko],[hɛ.do.gwɛn.tʃʰan.ta.go]
복사해 놨어,6,[pok̚.sa.hɛ.nwat̚.ʌ],[bok̚.sa.hɛ.nwat̚.ʌ]
복속된다는 생각,6,[pok̚.sok̚.twen.ta.nɯn.sɛŋ.kak̚],[bok̚.sok̚.twen.ta.nɯn.sɛŋ.gak̚]
복사해 왔어,6,[pok̚.sa.hɛ.wat̚.ʌ],[bok̚.sa.hɛ.wat̚.ʌ]
복속된다는 생각 여전하단 것도,6,[pok̚.sok̚.twen.ta.nɯn.sɛŋ.kak̚.jʌ.tʃʌn.ha.taŋ.kʌt̚.to],[bok̚.sok̚.twen.ta.nɯn.sɛŋ.gak̚.jʌ.dʒʌn.ha.dan.gʌt̚.to]
공을 던지는,6,[koŋ.ɯl.tʌn.tʃi.nɯn],[goŋ.ɯl.dʌn.tʃi.nɯn]
복수 같은,6,[pok̚.su.kat̚.ɯn],[bok̚.su.gat̚.ɯn]
복속된다는 생각 여전하단,6,[pok̚.sok̚.twen.ta.nɯn.sɛŋ.kak̚.jʌ.tʃʌn.ha.tan],[bok̚.sok̚.twen.ta.nɯn.sɛŋ.gak̚.jʌ.dʒʌn.ha.dan]
복수 안,6,[pok̚.su.an],[bok̚.su.an]
복수 자니,6,[pok̚.su.tʃa.ni],[bok̚.su.dʒa.ni]
내가 달라,6,[nɛ.ka.tal.ɾa],[nɛ.ga.dal.ɾa]
복수 자라는,6,[pok̚.su.tʃa.ɾa.nɯn],[bok̚.su.dʒa.ɾa.nɯn]
복수 자다,6,[pok̚.su.tʃa.ta],[bok̚.su.dʒa.da]
해도 그들이,6,[hɛ.to.kɯ.tɯl.i],[hɛ.do.gɯ.dɯl.i]
불륜 때문에,6,[pul.ɾjun.t͈ɛ.mun.e],[bul.ɾjun.t͈ɛ.mun.e]
복수 자입니다,6,[pok̚.su.tʃa.ip̚.ni.ta],[bok̚.su.dʒa.ip̚.ni.da]
복수 자라는 뜻이야,6,[pok̚.su.tʃa.ɾa.nɯn.t͈ɯt̚.i.ja],[bok̚.su.dʒa.ɾa.nɯn.t͈ɯt̚.i.ja]
내가 자네 핸드였어도,6,[nɛ.ka.tʃa.ne.hɛn.tɯ.jʌt̚.ʌ.to],[nɛ.ga.dʒa.ne.hɛn.tɯ.jʌt̚.ʌ.do]
해도 기분,6,[hɛ.to.ki.pun],[hɛ.do.gi.bun]
내가 달릴,6,[nɛ.ka.tal.ɾil],[nɛ.ga.dal.ɾil]
희생자에 대해,6,[hɯi.sɛŋ.tʃa.e.tɛ.hɛ],[hɯi.sɛŋ.dʒa.e.dɛ.hɛ]
해도 난 널,6,[hɛ.to.nan.nʌl],[hɛ.do.nan.nʌl]
해도 난 여전히,6,[hɛ.to.nan.jʌ.tʃʌn.hi],[hɛ.do.nan.jʌ.dʒʌn.hi]
해도 난 상관없어,6,[hɛ.to.nan.saŋ.kwan.ʌp̚.ʌ],[hɛ.do.nan.saŋ.gwan.ʌp̚.ʌ]
복수는 주님의,6,[pok̚.su.nɯn.tʃu.nim.ɯi],[bok̚.su.nɯn.dʒu.nim.ɯi]
흡입 광선을,6,[hɯp̚.ip̚.kwaŋ.sʌn.ɯl],[hɯp̚.ip̚.gwaŋ.sʌn.ɯl]
복수도 하고,6,[pok̚.su.to.ha.ko],[bok̚.su.do.ha.go]
갔어요 그렇군요,6,[kat̚.ʌ.jo.kɯ.ɾʌt̚.kun.jo],[gat̚.ʌ.jo.gɯ.ɾʌt̚.kun.jo]
복수를 원하는 건,6,[pok̚.su.ɾɯl.wʌn.ha.nɯŋ.kʌn],[bok̚.su.ɾɯl.wʌn.ha.nɯn.gʌn]
복수를 원한다면,6,[pok̚.su.ɾɯl.wʌn.han.ta.mjʌn],[bok̚.su.ɾɯl.wʌn.han.ta.mjʌn]
해도 느낌이,6,[hɛ.to.nɯ.k͈im.i],[hɛ.do.nɯ.k͈im.i]
해도 놈은,6,[hɛ.to.nom.ɯn],[hɛ.do.nom.ɯn]
복수를 원했다,6,[pok̚.su.ɾɯl.wʌn.hɛt̚.ta],[bok̚.su.ɾɯl.wʌn.hɛt̚.ta]
해도 다 알아,6,[hɛ.to.ta.al.a],[hɛ.do.da.al.a]
복수를 하게,6,[pok̚.su.ɾɯl.ha.ke],[bok̚.su.ɾɯl.ha.ge]
내가 당신 인생을,6,[nɛ.ka.taŋ.sin.in.sɛŋ.ɯl],[nɛ.ga.daŋ.sin.in.sɛŋ.ɯl]
복수를 하는 거지,6,[pok̚.su.ɾɯl.ha.nɯŋ.kʌ.tʃi],[bok̚.su.ɾɯl.ha.nɯn.gʌ.dʒi]
해도 돼 그래,6,[hɛ.to.twɛ.kɯ.ɾɛ],[hɛ.do.dwɛ.gɯ.ɾɛ]
내가 당신 일을,6,[nɛ.ka.taŋ.sin.il.ɯl],[nɛ.ga.daŋ.sin.il.ɯl]
희소식이 있어요,6,[hɯi.so.sik̚.i.it̚.ʌ.jo],[hɯi.so.sik̚.i.it̚.ʌ.jo]
해도 돼 나도,6,[hɛ.to.twɛ.na.to],[hɛ.do.dwɛ.na.do]
복수를 할 거야,6,[pok̚.su.ɾɯl.hal.kʌ.ja],[bok̚.su.ɾɯl.hal.gʌ.ja]
희찬의 한숨,6,[hɯi.tʃʰan.ɯi.han.sum],[hɯi.tʃʰan.ɯi.han.sum]
해도 돼 또,6,[hɛ.to.twɛ.t͈o],[hɛ.do.dwɛ.t͈o]
해도 돼 이,6,[hɛ.to.twɛ.i],[hɛ.do.dwɛ.i]
희한한 얼간이,6,[hɯi.han.han.ʌl.kan.i],[hɯi.han.han.ʌl.kan.i]
흰 가운,6,[hɯiŋ.ka.un],[hɯin.ga.un]
공을 세우는,6,[koŋ.ɯl.se.u.nɯn],[goŋ.ɯl.se.u.nɯn]
흰 빵,6,[hɯim.p͈aŋ],[hɯim.p͈aŋ]
해도 되게,6,[hɛ.to.twe.ke],[hɛ.do.dwe.ge]
해도 되거든요,6,[hɛ.to.twe.kʌ.tɯn.jo],[hɛ.do.dwe.gʌ.dɯn.jo]
복수심에 사로잡혀,6,[pok̚.su.sim.e.sa.ɾo.tʃap̚.hjʌ],[bok̚.su.sim.e.sa.ɾo.dʒap̚.hjʌ]
해도 되겠는데,6,[hɛ.to.twe.ket̚.nɯn.te],[hɛ.do.dwe.get̚.nɯn.te]
remember when I,6,,
복수심에 찬,6,[pok̚.su.sim.e.tʃʰan],[bok̚.su.sim.e.tʃʰan]
해도 되긴,6,[hɛ.to.twe.kin],[hɛ.do.dwe.gin]
내가 당신보다 더,6,[nɛ.ka.taŋ.sim.po.ta.tʌ],[nɛ.ga.daŋ.sim.po.da.dʌ]
공을 세워야,6,[koŋ.ɯl.se.wʌ.ja],[goŋ.ɯl.se.wʌ.ja]
복수의 맛을,6,[pok̚.su.ɯi.mat̚.ɯl],[bok̚.su.ɯi.mat̚.ɯl]
내가 당신에게 뭘,6,[nɛ.ka.taŋ.sin.e.ke.mwʌl],[nɛ.ga.daŋ.sin.e.ge.mwʌl]
해도 되는 거죠,6,[hɛ.to.twe.nɯŋ.kʌ.tʃjo],[hɛ.do.dwe.nɯn.gʌ.dʒjo]
해도 되는거야,6,[hɛ.to.twe.nɯŋ.kʌ.ja],[hɛ.do.dwe.nɯŋ.kʌ.ja]
복수자는 세금을 내야합니까,6,[pok̚.su.tʃa.nɯn.se.kɯm.ɯl.lɛ.ja.hap̚.ni.k͈a],[bok̚.su.dʒa.nɯn.se.gɯm.ɯl.lɛ.ja.hap̚.ni.k͈a]
복수자는 세금을,6,[pok̚.su.tʃa.nɯn.se.kɯm.ɯl],[bok̚.su.dʒa.nɯn.se.gɯm.ɯl]
갔어요 날,6,[kat̚.ʌ.jo.nal],[gat̚.ʌ.jo.nal]
이상해 있을 수,6,[i.saŋ.hɛ.it̚.ɯl.su],[i.saŋ.hɛ.it̚.ɯl.su]
해도 된다고 했어,6,[hɛ.to.twen.ta.ko.hɛt̚.ʌ],[hɛ.do.dwen.ta.go.hɛt̚.ʌ]
공을 세웠습니다,6,[koŋ.ɯl.se.wʌt̚.sɯp̚.ni.ta],[goŋ.ɯl.se.wʌt̚.sɯp̚.ni.da]
공을 인정해,6,[koŋ.ɯl.in.tʃʌŋ.hɛ],[goŋ.ɯl.in.tʃʌŋ.hɛ]
해도 될 만큼,6,[hɛ.to.twel.maŋ.kʰɯm],[hɛ.do.dwel.maŋ.kʰɯm]
복수하는 거예요,6,[pok̚.su.ha.nɯŋ.kʌ.je.jo],[bok̚.su.ha.nɯn.gʌ.je.jo]
내가 당신을 돕고,6,[nɛ.ka.taŋ.sin.ɯl.top̚.ko],[nɛ.ga.daŋ.sin.ɯl.dop̚.ko]
해도 듣질,6,[hɛ.to.tɯt̚.tʃil],[hɛ.do.dɯt̚.tʃil]
복수하는 것,6,[pok̚.su.ha.nɯŋ.kʌt̚],[bok̚.su.ha.nɯn.gʌt̚]
해도 막을 수 없네,6,[hɛ.to.mak̚.ɯl.su.ʌp̚.ne],[hɛ.do.mak̚.ɯl.su.ʌp̚.ne]
내가 당신을 믿는,6,[nɛ.ka.taŋ.sin.ɯl.mit̚.nɯn],[nɛ.ga.daŋ.sin.ɯl.mit̚.nɯn]
복수하려고 벼르고,6,[pok̚.su.ha.ɾjʌ.ko.pjʌ.ɾɯ.ko],[bok̚.su.ha.ɾjʌ.go.bjʌ.ɾɯ.go]
복수하려고 벼르고 있어,6,[pok̚.su.ha.ɾjʌ.ko.pjʌ.ɾɯ.ko.it̚.ʌ],[bok̚.su.ha.ɾjʌ.go.bjʌ.ɾɯ.go.it̚.ʌ]
해도 멋진,6,[hɛ.to.mʌt̚.tʃin],[hɛ.do.mʌt̚.tʃin]
복수하려는 거야,6,[pok̚.su.ha.ɾjʌ.nɯŋ.kʌ.ja],[bok̚.su.ha.ɾjʌ.nɯn.gʌ.ja]
해도 모자랄,6,[hɛ.to.mo.tʃa.ɾal],[hɛ.do.mo.dʒa.ɾal]
해도 무방하다,6,[hɛ.to.mu.paŋ.ha.ta],[hɛ.do.mu.baŋ.ha.da]
복수하려는 게,6,[pok̚.su.ha.ɾjʌ.nɯŋ.ke],[bok̚.su.ha.ɾjʌ.nɯn.ge]
해도 믿을,6,[hɛ.to.mit̚.ɯl],[hɛ.do.mit̚.ɯl]
내가 당신을 알고,6,[nɛ.ka.taŋ.sin.ɯl.al.ko],[nɛ.ga.daŋ.sin.ɯl.al.ko]
해도 사람들,6,[hɛ.to.sa.ɾan.tɯl],[hɛ.do.sa.ɾan.tɯl]
내가 당신을 어떻게 알아,6,[nɛ.ka.taŋ.sin.ɯl.ʌ.t͈ʌt̚.ke.al.a],[nɛ.ga.daŋ.sin.ɯl.ʌ.t͈ʌt̚.ke.al.a]
해도 사람들이,6,[hɛ.to.sa.ɾan.tɯl.i],[hɛ.do.sa.ɾan.tɯl.i]
복수할 방법을,6,[pok̚.su.hal.pam.pʌp̚.ɯl],[bok̚.su.hal.baŋ.bʌp̚.ɯl]
해도 상관 없어,6,[hɛ.to.saŋ.kwan.ʌp̚.ʌ],[hɛ.do.saŋ.gwan.ʌp̚.ʌ]
공을 탕 친다,6,[koŋ.ɯl.tʰaŋ.tʃʰin.ta],[goŋ.ɯl.tʰaŋ.tʃʰin.ta]
복수할 힘을,6,[pok̚.su.hal.him.ɯl],[bok̚.su.hal.him.ɯl]
해도 상황이,6,[hɛ.to.saŋ.hwaŋ.i],[hɛ.do.saŋ.hwaŋ.i]
공을 탕,6,[koŋ.ɯl.tʰaŋ],[goŋ.ɯl.tʰaŋ]
해도 새로운,6,[hɛ.to.sɛ.ɾo.un],[hɛ.do.sɛ.ɾo.un]
복수해 줄게요,6,[pok̚.su.hɛ.tʃul.ke.jo],[bok̚.su.hɛ.dʒul.ke.jo]
히스로 공항,6,[hi.sɯ.ɾo.koŋ.haŋ],[hi.sɯ.ɾo.goŋ.haŋ]
해도 심장이,6,[hɛ.to.sin.tʃaŋ.i],[hɛ.do.sin.tʃaŋ.i]
공이 너무,6,[koŋ.i.nʌ.mu],[goŋ.i.nʌ.mu]
해도 아,6,[hɛ.to.a],[hɛ.do.a]
히스토리 채널을,6,[hi.sɯ.tʰo.ɾi.tʃʰɛ.nʌl.ɯl],[hi.sɯ.tʰo.ɾi.tʃʰɛ.nʌl.ɯl]
히브리어 성경,6,[hi.pɯ.ɾi.ʌ.sʌŋ.kjʌŋ],[hi.bɯ.ɾi.ʌ.sʌŋ.gjʌŋ]
불리한 전투죠 많이 죽을,6,[pul.ɾi.han.tʃʌn.tʰu.tʃjo.man.i.tʃuk̚.ɯl],[bul.ɾi.han.dʒʌn.tʰu.dʒjo.man.i.dʒuk̚.ɯl]
해도 아무런,6,[hɛ.to.a.mu.ɾʌn],[hɛ.do.a.mu.ɾʌn]
히어로 같잖아요,6,[hi.ʌ.ɾo.kat̚.tʃan.a.jo],[hi.ʌ.ɾo.gat̚.tʃan.a.jo]
복식 호흡을,6,[pok̚.sik̚.ho.hɯp̚.ɯl],[bok̚.sik̚.ho.hɯp̚.ɯl]
해도 알 거야,6,[hɛ.to.al.kʌ.ja],[hɛ.do.al.gʌ.ja]
내가 당신의 생명을,6,[nɛ.ka.taŋ.sin.ɯi.sɛŋ.mjʌŋ.ɯl],[nɛ.ga.daŋ.sin.ɯi.sɛŋ.mjʌŋ.ɯl]
복싱 공연단,6,[pok̚.siŋ.koŋ.jʌn.tan],[bok̚.siŋ.goŋ.jʌn.tan]
히어로 협회에서,6,[hi.ʌ.ɾo.hjʌp̚.hwe.e.sʌ],[hi.ʌ.ɾo.hjʌp̚.hwe.e.sʌ]
해도 알죠,6,[hɛ.to.al.tʃjo],[hɛ.do.al.tʃjo]
복어 독을,6,[pok̚.ʌ.tok̚.ɯl],[bok̚.ʌ.dok̚.ɯl]
내가 당신의 생명을 구했다,6,[nɛ.ka.taŋ.sin.ɯi.sɛŋ.mjʌŋ.ɯl.ku.hɛt̚.ta],[nɛ.ga.daŋ.sin.ɯi.sɛŋ.mjʌŋ.ɯl.gu.hɛt̚.ta]
갔어요 당신이,6,[kat̚.ʌ.jo.taŋ.sin.i],[gat̚.ʌ.jo.daŋ.sin.i]
복역 중인데,6,[pok̚.jʌk̚.tʃuŋ.in.te],[bok̚.jʌk̚.dʒuŋ.in.te]
복역하는 동안,6,[pok̚.jʌk̚.ha.nɯn.toŋ.an],[bok̚.jʌk̚.ha.nɯn.doŋ.an]
복용 후,6,[pok̚.joŋ.hu],[bok̚.joŋ.hu]
해도 이상할 게,6,[hɛ.to.i.saŋ.hal.ke],[hɛ.do.i.saŋ.hal.ge]
I don''t have time,6,,
내가 당신한테 한,6,[nɛ.ka.taŋ.sin.han.tʰe.han],[nɛ.ga.daŋ.sin.han.tʰe.han]
해도 자기가,6,[hɛ.to.tʃa.ki.ka],[hɛ.do.dʒa.gi.ga]
복용해야 해요,6,[pok̚.joŋ.hɛ.ja.hɛ.jo],[bok̚.joŋ.hɛ.ja.hɛ.jo]
복이 있나니 실수조차,6,[pok̚.i.it̚.na.ni.sil.su.tʃo.tʃʰa],[bok̚.i.it̚.na.ni.sil.su.dʒo.tʃʰa]
히튼 해리스 법안을,6,[hi.tʰɯn.hɛ.ɾi.sɯ.pʌp̚.an.ɯl],[hi.tʰɯn.hɛ.ɾi.sɯ.bʌp̚.an.ɯl]
해도 제대로,6,[hɛ.to.tʃe.tɛ.ɾo],[hɛ.do.dʒe.dɛ.ɾo]
복이 있나니 실수조차 잊기,6,[pok̚.i.it̚.na.ni.sil.su.tʃo.tʃʰa.it̚.ki],[bok̚.i.it̚.na.ni.sil.su.dʒo.tʃʰa.it̚.ki]
해도 좋습니다,6,[hɛ.to.tʃot̚.sɯp̚.ni.ta],[hɛ.do.dʒot̚.sɯp̚.ni.da]
해도 좋고요,6,[hɛ.to.tʃot̚.ko.jo],[hɛ.do.dʒot̚.ko.jo]
해도 좋을 것,6,[hɛ.to.tʃot̚.ɯl.kʌt̚],[hɛ.do.dʒot̚.ɯl.gʌt̚]
히틀러를 죽인 적이,6,[hi.tʰɯl.ɾʌ.ɾɯl.tʃuk̚.in.tʃʌk̚.i],[hi.tʰɯl.ɾʌ.ɾɯl.dʒuk̚.in.dʒʌk̚.i]
복잡하게 만들었어,6,[pok̚.tʃap̚.ha.ke.man.tɯl.ʌt̚.ʌ],[bok̚.tʃap̚.ha.ge.man.tɯl.ʌt̚.ʌ]
히터 포함,6,[hi.tʰʌ.pʰo.ham],[hi.tʰʌ.pʰo.ham]
히틀러를 죽인 적이 없고,6,[hi.tʰɯl.ɾʌ.ɾɯl.tʃuk̚.in.tʃʌk̚.i.ʌp̚.ko],[hi.tʰɯl.ɾʌ.ɾɯl.dʒuk̚.in.dʒʌk̚.i.ʌp̚.ko]
해도 짜증,6,[hɛ.to.tʃ͈a.tʃɯŋ],[hɛ.do.tʃ͈a.dʒɯŋ]
갔어요 몇,6,[kat̚.ʌ.jo.mjʌt̚],[gat̚.ʌ.jo.mjʌt̚]
복잡하게 생각하지 마,6,[pok̚.tʃap̚.ha.ke.sɛŋ.kak̚.ha.tʃi.ma],[bok̚.tʃap̚.ha.ge.sɛŋ.gak̚.ha.dʒi.ma]
해도 화,6,[hɛ.to.hwa],[hɛ.do.hwa]
내가 대답해야,6,[nɛ.ka.tɛ.tap̚.hɛ.ja],[nɛ.ga.dɛ.dap̚.hɛ.ja]
해독제를 만들,6,[hɛ.tok̚.tʃe.ɾɯl.man.tɯl],[hɛ.dok̚.tʃe.ɾɯl.man.tɯl]
공작 전하의,6,[koŋ.tʃak̚.tʃʌn.ha.ɯi],[goŋ.dʒak̚.dʒʌn.ha.ɯi]
내가 대신 할게,6,[nɛ.ka.tɛ.sin.hal.ke],[nɛ.ga.dɛ.sin.hal.ke]
내가 대신 해,6,[nɛ.ka.tɛ.sin.hɛ],[nɛ.ga.dɛ.sin.hɛ]
해두는 게 좋을 거야,6,[hɛ.tu.nɯŋ.ke.tʃot̚.ɯl.kʌ.ja],[hɛ.du.nɯn.ge.dʒot̚.ɯl.gʌ.ja]
해두고 싶은,6,[hɛ.tu.ko.sip̚.ɯn],[hɛ.du.go.sip̚.ɯn]
공장 같은,6,[koŋ.tʃaŋ.kat̚.ɯn],[goŋ.dʒaŋ.gat̚.ɯn]
내가 자신이,6,[nɛ.ka.tʃa.sin.i],[nɛ.ga.dʒa.sin.i]
복잡한 그,6,[pok̚.tʃap̚.haŋ.kɯ],[bok̚.tʃap̚.han.gɯ]
복잡한 그 사이는,6,[pok̚.tʃap̚.haŋ.kɯ.sa.i.nɯn],[bok̚.tʃap̚.han.gɯ.sa.i.nɯn]
복잡한 단서들이,6,[pok̚.tʃap̚.han.tan.sʌ.tɯl.i],[bok̚.tʃap̚.han.dan.sʌ.dɯl.i]
복잡한 단서들이 여러,6,[pok̚.tʃap̚.han.tan.sʌ.tɯl.i.jʌ.ɾʌ],[bok̚.tʃap̚.han.dan.sʌ.dɯl.i.jʌ.ɾʌ]
내가 대신해 줄게,6,[nɛ.ka.tɛ.sin.hɛ.tʃul.ke],[nɛ.ga.dɛ.sin.hɛ.dʒul.ke]
복잡한 단서들이 여러 개,6,[pok̚.tʃap̚.han.tan.sʌ.tɯl.i.jʌ.ɾʌ.kɛ],[bok̚.tʃap̚.han.dan.sʌ.dɯl.i.jʌ.ɾʌ.gɛ]
복잡한 데이터를,6,[pok̚.tʃap̚.han.te.i.tʰʌ.ɾɯl],[bok̚.tʃap̚.han.de.i.tʰʌ.ɾɯl]
내가 대장이,6,[nɛ.ka.tɛ.tʃaŋ.i],[nɛ.ga.dɛ.dʒaŋ.i]
해드릴 게요,6,[hɛ.tɯ.ɾil.ke.jo],[hɛ.dɯ.ɾil.ge.jo]
해드릴 수 없습니다,6,[hɛ.tɯ.ɾil.su.ʌp̚.sɯp̚.ni.ta],[hɛ.dɯ.ɾil.su.ʌp̚.sɯp̚.ni.da]
공장 근처,6,[koŋ.tʃaŋ.kɯn.tʃʰʌ],[goŋ.dʒaŋ.gɯn.tʃʰʌ]
해드릴 수 있는 게,6,[hɛ.tɯ.ɾil.su.it̚.nɯŋ.ke],[hɛ.dɯ.ɾil.su.it̚.nɯn.ge]
beat I,6,,
공장 근처에,6,[koŋ.tʃaŋ.kɯn.tʃʰʌ.e],[goŋ.dʒaŋ.gɯn.tʃʰʌ.e]
해라 감사합니다 아치마에스터님 따라와라,6,[hɛ.ɾa.kam.sa.hap̚.ni.ta.a.tʃʰi.ma.e.sɯ.tʰʌ.nin.t͈a.ɾa.wa.ɾa],[hɛ.ɾa.gam.sa.hap̚.ni.da.a.tʃʰi.ma.e.sɯ.tʰʌ.nin.t͈a.ɾa.wa.ɾa]
해라 감사합니다 아치마에스터님,6,[hɛ.ɾa.kam.sa.hap̚.ni.ta.a.tʃʰi.ma.e.sɯ.tʰʌ.nim],[hɛ.ɾa.gam.sa.hap̚.ni.da.a.tʃʰi.ma.e.sɯ.tʰʌ.nim]
복잡한 문제죠,6,[pok̚.tʃap̚.han.mun.tʃe.tʃjo],[bok̚.tʃap̚.han.mun.tʃe.dʒjo]
remind us of,6,,
내가 대체 무슨 짓을,6,[nɛ.ka.tɛ.tʃʰe.mu.sɯn.tʃit̚.ɯl],[nɛ.ga.dɛ.tʃʰe.mu.sɯn.dʒit̚.ɯl]
복잡한 얘기를,6,[pok̚.tʃap̚.han.jɛ.ki.ɾɯl],[bok̚.tʃap̚.han.jɛ.gi.ɾɯl]
해라 안,6,[hɛ.ɾa.an],[hɛ.ɾa.an]
해라 우리,6,[hɛ.ɾa.u.ɾi],[hɛ.ɾa.u.ɾi]
복잡한 일을,6,[pok̚.tʃap̚.han.il.ɯl],[bok̚.tʃap̚.han.il.ɯl]
해라 우리가,6,[hɛ.ɾa.u.ɾi.ka],[hɛ.ɾa.u.ɾi.ga]
해라 저,6,[hɛ.ɾa.tʃʌ],[hɛ.ɾa.dʒʌ]
해라 잘,6,[hɛ.ɾa.tʃal],[hɛ.ɾa.dʒal]
해라 지금,6,[hɛ.ɾa.tʃi.kɯm],[hɛ.ɾa.dʒi.gɯm]
복잡한 케이스야,6,[pok̚.tʃap̚.haŋ.kʰe.i.sɯ.ja],[bok̚.tʃap̚.haŋ.kʰe.i.sɯ.ja]
복잡할 거 없어요,6,[pok̚.tʃap̚.hal.kʌ.ʌp̚.ʌ.jo],[bok̚.tʃap̚.hal.gʌ.ʌp̚.ʌ.jo]
복잡할 거 없어,6,[pok̚.tʃap̚.hal.kʌ.ʌp̚.ʌ],[bok̚.tʃap̚.hal.gʌ.ʌp̚.ʌ]
복잡한 일이에요,6,[pok̚.tʃap̚.han.il.i.e.jo],[bok̚.tʃap̚.han.il.i.e.jo]
해란의 힘겨운 신음,6,[hɛ.ɾan.ɯi.him.kjʌ.un.sin.ɯm],[hɛ.ɾan.ɯi.him.kjʌ.un.sin.ɯm]
해란의 힘겨운,6,[hɛ.ɾan.ɯi.him.kjʌ.un],[hɛ.ɾan.ɯi.him.kjʌ.un]
공장 폭발,6,[koŋ.tʃam.pʰok̚.pal],[goŋ.dʒam.pʰok̚.pal]
해럴드가 말했지,6,[hɛ.ɾʌl.tɯ.ka.mal.hɛt̚.tʃi],[hɛ.ɾʌl.tɯ.ga.mal.hɛt̚.tʃi]
해로드 교장선생님,6,[hɛ.ɾo.tɯ.kjo.tʃaŋ.sʌn.sɛŋ.nim],[hɛ.ɾo.dɯ.gjo.dʒaŋ.sʌn.sɛŋ.nim]
내가 대표로,6,[nɛ.ka.tɛ.pʰjo.ɾo],[nɛ.ga.dɛ.pʰjo.ɾo]
복잡할 수도,6,[pok̚.tʃap̚.hal.su.to],[bok̚.tʃap̚.hal.su.do]
beat I drum,6,,
힘 빠지게,6,[him.p͈a.tʃi.ke],[him.p͈a.dʒi.ge]
해롤드 네가,6,[hɛ.ɾol.tɯ.ne.ka],[hɛ.ɾol.tɯ.ne.ga]
해롤드 우린,6,[hɛ.ɾol.tɯ.u.ɾin],[hɛ.ɾol.tɯ.u.ɾin]
내가 대학 때,6,[nɛ.ka.tɛ.hak̚.t͈ɛ],[nɛ.ga.dɛ.hak̚.t͈ɛ]
내가 대학교,6,[nɛ.ka.tɛ.hak̚.kjo],[nɛ.ga.dɛ.hak̚.kjo]
해롤드 잘,6,[hɛ.ɾol.tɯ.tʃal],[hɛ.ɾol.tɯ.dʒal]
해롤드 잠깐만,6,[hɛ.ɾol.tɯ.tʃam.k͈an.man],[hɛ.ɾol.tɯ.dʒam.k͈an.man]
복잡해 내가,6,[pok̚.tʃap̚.hɛ.nɛ.ka],[bok̚.tʃap̚.hɛ.nɛ.ga]
해롤드 잠깐만 기다려봐 마음에,6,[hɛ.ɾol.tɯ.tʃam.k͈an.maŋ.ki.ta.ɾjʌ.pwa.ma.ɯm.e],[hɛ.ɾol.tɯ.dʒam.k͈an.man.gi.da.ɾjʌ.bwa.ma.ɯm.e]
해롤드 잠깐만 기다려봐,6,[hɛ.ɾol.tɯ.tʃam.k͈an.maŋ.ki.ta.ɾjʌ.pwa],[hɛ.ɾol.tɯ.dʒam.k͈an.man.gi.da.ɾjʌ.bwa]
remind us of days,6,,
해롭지 않아,6,[hɛ.ɾop̚.tʃi.an.a],[hɛ.ɾop̚.tʃi.an.a]
해롤드 해롤드,6,[hɛ.ɾol.tɯ.hɛ.ɾol.tɯ],[hɛ.ɾol.tɯ.hɛ.ɾol.tɯ]
복장 규정,6,[pok̚.tʃaŋ.kju.tʃʌŋ],[bok̚.tʃaŋ.gju.dʒʌŋ]
복장 규정을,6,[pok̚.tʃaŋ.kju.tʃʌŋ.ɯl],[bok̚.tʃaŋ.gju.dʒʌŋ.ɯl]
불만이라도 있나,6,[pul.man.i.ɾa.to.it̚.na],[bul.man.i.ɾa.do.it̚.na]
해를 끼치진,6,[hɛ.ɾɯl.k͈i.tʃʰi.tʃin],[hɛ.ɾɯl.k͈i.tʃʰi.dʒin]
내가 작업하고,6,[nɛ.ka.tʃak̚.ʌp̚.ha.ko],[nɛ.ga.dʒak̚.ʌp̚.ha.go]
힘 앞에,6,[him.ap̚.e],[him.ap̚.e]
내가 대화를,6,[nɛ.ka.tɛ.hwa.ɾɯl],[nɛ.ga.dɛ.hwa.ɾɯl]
해를 입히지,6,[hɛ.ɾɯl.ip̚.hi.tʃi],[hɛ.ɾɯl.ip̚.hi.dʒi]
해리 고마워요,6,[hɛ.ɾi.ko.ma.wʌ.jo],[hɛ.ɾi.go.ma.wʌ.jo]
복제 인간이,6,[pok̚.tʃe.iŋ.kan.i],[bok̚.tʃe.iŋ.kan.i]
힘 빼세요,6,[him.p͈ɛ.se.jo],[him.p͈ɛ.se.jo]
복제 인간이야,6,[pok̚.tʃe.iŋ.kan.i.ja],[bok̚.tʃe.iŋ.kan.i.ja]
해리 네,6,[hɛ.ɾi.ne],[hɛ.ɾi.ne]
내가 댁을,6,[nɛ.ka.tɛk̚.ɯl],[nɛ.ga.dɛk̚.ɯl]
해리 네가,6,[hɛ.ɾi.ne.ka],[hɛ.ɾi.ne.ga]
Of course they,6,,
내가 더 고맙지,6,[nɛ.ka.tʌ.ko.map̚.tʃi],[nɛ.ga.dʌ.go.map̚.tʃi]
해리 퍼시는,6,[hɛ.ɾi.pʰʌ.si.nɯn],[hɛ.ɾi.pʰʌ.si.nɯn]
해리 포터가,6,[hɛ.ɾi.pʰo.tʰʌ.ka],[hɛ.ɾi.pʰo.tʰʌ.ga]
해리 하퍼의,6,[hɛ.ɾi.ha.pʰʌ.ɯi],[hɛ.ɾi.ha.pʰʌ.ɯi]
갔어요 우리가,6,[kat̚.ʌ.jo.u.ɾi.ka],[gat̚.ʌ.jo.u.ɾi.ga]
힘 있는 친구들이,6,[him.it̚.nɯn.tʃʰiŋ.ku.tɯl.i],[him.it̚.nɯn.tʃʰiŋ.ku.dɯl.i]
힘 좀 빼고,6,[hin.tʃom.p͈ɛ.ko],[him.dʒom.p͈ɛ.go]
복종시킬 수,6,[pok̚.tʃoŋ.si.kʰil.su],[bok̚.tʃoŋ.si.kʰil.su]
해리스 FBI에서 나왔습니다,6,[hɛ.ɾi.sɯ.e.sʌ.na.wat̚.sɯp̚.ni.ta],[hɛ.ɾi.sɯ.e.sʌ.na.wat̚.sɯp̚.ni.da]
내가 잘 돌보고,6,[nɛ.ka.tʃal.tol.po.ko],[nɛ.ga.dʒal.dol.po.go]
해리스 법안을,6,[hɛ.ɾi.sɯ.pʌp̚.an.ɯl],[hɛ.ɾi.sɯ.bʌp̚.an.ɯl]
해리스 FBI에서,6,[hɛ.ɾi.sɯ.e.sʌ],[hɛ.ɾi.sɯ.e.sʌ]
복주 씨도,6,[pok̚.tʃu.s͈i.to],[bok̚.tʃu.s͈i.do]
해리슨 씨의,6,[hɛ.ɾi.sɯn.s͈i.ɯi],[hɛ.ɾi.sɯn.s͈i.ɯi]
해리슨 웰스를,6,[hɛ.ɾi.sɯn.wel.sɯ.ɾɯl],[hɛ.ɾi.sɯn.wel.sɯ.ɾɯl]
복주가 더,6,[pok̚.tʃu.ka.tʌ],[bok̚.tʃu.ga.dʌ]
해리슨 웰스야,6,[hɛ.ɾi.sɯn.wel.sɯ.ja],[hɛ.ɾi.sɯn.wel.sɯ.ja]
해리슨 웰스입니다,6,[hɛ.ɾi.sɯn.wel.sɯ.ip̚.ni.ta],[hɛ.ɾi.sɯn.wel.sɯ.ip̚.ni.da]
공적인 관계를,6,[koŋ.tʃʌk̚.iŋ.kwaŋ.kje.ɾɯl],[goŋ.dʒʌk̚.in.gwaŋ.kje.ɾɯl]
해리슨과 함께,6,[hɛ.ɾi.sɯŋ.kwa.ham.k͈e],[hɛ.ɾi.sɯŋ.kwa.ham.k͈e]
복주야 나,6,[pok̚.tʃu.ja.na],[bok̚.tʃu.ja.na]
내가 더 오래,6,[nɛ.ka.tʌ.o.ɾɛ],[nɛ.ga.dʌ.o.ɾɛ]
해리의 코드에,6,[hɛ.ɾi.ɯi.kʰo.tɯ.e],[hɛ.ɾi.ɯi.kʰo.dɯ.e]
해리의 코드에 부합하지 않으니까,6,[hɛ.ɾi.ɯi.kʰo.tɯ.e.pu.hap̚.ha.tʃi.an.ɯ.ni.k͈a],[hɛ.ɾi.ɯi.kʰo.dɯ.e.bu.hap̚.ha.dʒi.an.ɯ.ni.k͈a]
내가 더 이상이,6,[nɛ.ka.tʌ.i.saŋ.i],[nɛ.ga.dʌ.i.saŋ.i]
PIN 번호를 잊어,6,[pʌn.ho.ɾɯl.it̚.ʌ],[bʌn.ho.ɾɯl.it̚.ʌ]
해명할 수 있어,6,[hɛ.mjʌŋ.hal.su.it̚.ʌ],[hɛ.mjʌŋ.hal.su.it̚.ʌ]
복직 안,6,[pok̚.tʃik̚.an],[bok̚.tʃik̚.an]
해명할 수 있어요,6,[hɛ.mjʌŋ.hal.su.it̚.ʌ.jo],[hɛ.mjʌŋ.hal.su.it̚.ʌ.jo]
내가 더 이상이 일을하도록,6,[nɛ.ka.tʌ.i.saŋ.i.il.ɯl.ha.to.ɾok̚],[nɛ.ga.dʌ.i.saŋ.i.il.ɯl.ha.do.ɾok̚]
Of his,6,,
해밀턴 씨,6,[hɛ.mil.tʰʌn.s͈i],[hɛ.mil.tʰʌn.s͈i]
갔어요 이미,6,[kat̚.ʌ.jo.i.mi],[gat̚.ʌ.jo.i.mi]
힘과 능력을,6,[him.kwa.nɯŋ.ɾjʌk̚.ɯl],[him.kwa.nɯŋ.ɾjʌk̚.ɯl]
해방된 것,6,[hɛ.paŋ.tweŋ.kʌt̚],[hɛ.baŋ.dwen.gʌt̚]
해방될 거야,6,[hɛ.paŋ.twel.kʌ.ja],[hɛ.baŋ.dwel.gʌ.ja]
해방시켰는데 어떻게,6,[hɛ.paŋ.si.kʰjʌt̚.nɯn.te.ʌ.t͈ʌt̚.ke],[hɛ.baŋ.si.kʰjʌt̚.nɯn.te.ʌ.t͈ʌt̚.ke]
해방시켜 줄,6,[hɛ.paŋ.si.kʰjʌ.tʃul],[hɛ.baŋ.si.kʰjʌ.dʒul]
본 같은,6,[poŋ.kat̚.ɯn],[bon.gat̚.ɯn]
해방시켰는데 어떻게 돈을 벌지,6,[hɛ.paŋ.si.kʰjʌt̚.nɯn.te.ʌ.t͈ʌt̚.ke.ton.ɯl.pʌl.tʃi],[hɛ.baŋ.si.kʰjʌt̚.nɯn.te.ʌ.t͈ʌt̚.ke.don.ɯl.bʌl.tʃi]
해방시켰는데 어떻게 돈을,6,[hɛ.paŋ.si.kʰjʌt̚.nɯn.te.ʌ.t͈ʌt̚.ke.ton.ɯl],[hɛ.baŋ.si.kʰjʌt̚.nɯn.te.ʌ.t͈ʌt̚.ke.don.ɯl]
공정하게 말하자면,6,[koŋ.tʃʌŋ.ha.ke.mal.ha.tʃa.mjʌn],[goŋ.dʒʌŋ.ha.ge.mal.ha.dʒa.mjʌn]
힘과 용기를,6,[him.kwa.joŋ.ki.ɾɯl],[him.kwa.joŋ.gi.ɾɯl]
해방자 앞에 계십니다,6,[hɛ.paŋ.tʃa.ap̚.e.kje.sip̚.ni.ta],[hɛ.baŋ.dʒa.ap̚.e.gje.sip̚.ni.da]
해방자 앞에,6,[hɛ.paŋ.tʃa.ap̚.e],[hɛ.baŋ.dʒa.ap̚.e]
해방할 거야,6,[hɛ.paŋ.hal.kʌ.ja],[hɛ.baŋ.hal.gʌ.ja]
해방자 앞에 계십니다 존,6,[hɛ.paŋ.tʃa.ap̚.e.kje.sip̚.ni.ta.tʃon],[hɛ.baŋ.dʒa.ap̚.e.gje.sip̚.ni.da.dʒon]
본 거 다,6,[poŋ.kʌ.ta],[bon.gʌ.da]
해변 클럽에서,6,[hɛ.pjʌŋ.kʰɯl.ɾʌp̚.e.sʌ],[hɛ.bjʌŋ.kʰɯl.ɾʌp̚.e.sʌ]
해변 별장,6,[hɛ.pjʌm.pjʌl.tʃaŋ],[hɛ.bjʌn.bjʌl.tʃaŋ]
해변가 집,6,[hɛ.pjʌŋ.ka.tʃip̚],[hɛ.bjʌŋ.ka.dʒip̚]
공정하지 않다 소리지르는,6,[koŋ.tʃʌŋ.ha.tʃi.an.ta.so.ɾi.tʃi.ɾɯ.nɯn],[goŋ.dʒʌŋ.ha.dʒi.an.ta.so.ɾi.dʒi.ɾɯ.nɯn]
해변에 가고,6,[hɛ.pjʌn.e.ka.ko],[hɛ.bjʌn.e.ga.go]
해변에 간,6,[hɛ.pjʌn.e.kan],[hɛ.bjʌn.e.gan]
해변에 앉아서,6,[hɛ.pjʌn.e.an.a.sʌ],[hɛ.bjʌn.e.an.a.sʌ]
해변에 앉아,6,[hɛ.pjʌn.e.an.a],[hɛ.bjʌn.e.an.a]
해변에 있어,6,[hɛ.pjʌn.e.it̚.ʌ],[hɛ.bjʌn.e.it̚.ʌ]
본 거겠죠,6,[poŋ.kʌ.ket̚.tʃjo],[bon.gʌ.get̚.tʃjo]
본 거겠지,6,[poŋ.kʌ.ket̚.tʃi],[bon.gʌ.get̚.tʃi]
공정하지 않아,6,[koŋ.tʃʌŋ.ha.tʃi.an.a],[goŋ.dʒʌŋ.ha.dʒi.an.a]
공정하지 않다 소리지르는 어린애들일,6,[koŋ.tʃʌŋ.ha.tʃi.an.ta.so.ɾi.tʃi.ɾɯ.nɯn.ʌ.ɾin.ɛ.tɯl.il],[goŋ.dʒʌŋ.ha.dʒi.an.ta.so.ɾi.dʒi.ɾɯ.nɯn.ʌ.ɾin.ɛ.dɯl.il]
갔어요 잘,6,[kat̚.ʌ.jo.tʃal],[gat̚.ʌ.jo.dʒal]
본 거나,6,[poŋ.kʌ.na],[bon.gʌ.na]
힘도 더,6,[hin.to.tʌ],[hin.to.dʌ]
불법 도박,6,[pul.pʌp̚.to.pak̚],[bul.pʌp̚.do.bak̚]
본 거네요,6,[poŋ.kʌ.ne.jo],[bon.gʌ.ne.jo]
내가 데려,6,[nɛ.ka.te.ɾjʌ],[nɛ.ga.de.ɾjʌ]
해변이나 원하는 곳,6,[hɛ.pjʌn.i.na.wʌn.ha.nɯŋ.kot̚],[hɛ.bjʌn.i.na.wʌn.ha.nɯn.got̚]
해변이나 원하는,6,[hɛ.pjʌn.i.na.wʌn.ha.nɯn],[hɛ.bjʌn.i.na.wʌn.ha.nɯn]
해병 제,6,[hɛ.pjʌŋ.tʃe],[hɛ.bjʌŋ.dʒe]
해병대 기지,6,[hɛ.pjʌŋ.tɛ.ki.tʃi],[hɛ.bjʌŋ.dɛ.gi.dʒi]
해변이나 원하는 곳 어디든,6,[hɛ.pjʌn.i.na.wʌn.ha.nɯŋ.kot̚.ʌ.ti.tɯn],[hɛ.bjʌn.i.na.wʌn.ha.nɯn.got̚.ʌ.di.dɯn]
본 거라서,6,[poŋ.kʌ.ɾa.sʌ],[bon.gʌ.ɾa.sʌ]
공정하지 않은,6,[koŋ.tʃʌŋ.ha.tʃi.an.ɯn],[goŋ.dʒʌŋ.ha.dʒi.an.ɯn]
불법 석유,6,[pul.pʌp̚.sʌk̚.ju],[bul.pʌp̚.sʌk̚.ju]
공정한 거래를,6,[koŋ.tʃʌŋ.haŋ.kʌ.ɾɛ.ɾɯl],[goŋ.dʒʌŋ.han.gʌ.ɾɛ.ɾɯl]
해보고 싶네,6,[hɛ.po.ko.sip̚.ne],[hɛ.bo.go.sip̚.ne]
본 거야 다른,6,[poŋ.kʌ.ja.ta.ɾɯn],[bon.gʌ.ja.da.ɾɯn]
해보고 싶었다,6,[hɛ.po.ko.sip̚.ʌt̚.ta],[hɛ.bo.go.sip̚.ʌt̚.ta]
본 거야 내가,6,[poŋ.kʌ.ja.nɛ.ka],[bon.gʌ.ja.nɛ.ga]
공정한 경고,6,[koŋ.tʃʌŋ.haŋ.kjʌŋ.ko],[goŋ.dʒʌŋ.han.gjʌŋ.go]
내가 데려다 줄,6,[nɛ.ka.te.ɾjʌ.ta.tʃul],[nɛ.ga.de.ɾjʌ.da.dʒul]
해보긴 했는데,6,[hɛ.po.kin.hɛt̚.nɯn.te],[hɛ.bo.gin.hɛt̚.nɯn.te]
내가 데려다 줄께,6,[nɛ.ka.te.ɾjʌ.ta.tʃul.k͈e],[nɛ.ga.de.ɾjʌ.da.dʒul.k͈e]
해보니 우리는 새로운,6,[hɛ.po.ni.u.ɾi.nɯn.sɛ.ɾo.un],[hɛ.bo.ni.u.ɾi.nɯn.sɛ.ɾo.un]
해보니 우리는,6,[hɛ.po.ni.u.ɾi.nɯn],[hɛ.bo.ni.u.ɾi.nɯn]
해보니 우리는 새로운 레고,6,[hɛ.po.ni.u.ɾi.nɯn.sɛ.ɾo.ul.le.ko],[hɛ.bo.ni.u.ɾi.nɯn.sɛ.ɾo.ul.le.go]
공정한 싸움이,6,[koŋ.tʃʌŋ.han.s͈a.um.i],[goŋ.dʒʌŋ.han.s͈a.um.i]
해보려고 하는데,6,[hɛ.po.ɾjʌ.ko.ha.nɯn.te],[hɛ.bo.ɾjʌ.go.ha.nɯn.te]
해보면 안 돼,6,[hɛ.po.mjʌn.an.twɛ],[hɛ.bo.mjʌn.an.dwɛ]
본 건요,6,[poŋ.kʌn.jo],[bon.gʌn.jo]
본 건지도,6,[poŋ.kʌn.tʃi.to],[bon.gʌn.tʃi.do]
이야기 굉장해,6,[i.ja.ki.kweŋ.tʃaŋ.hɛ],[i.ja.gi.gweŋ.dʒaŋ.hɛ]
해보자 그,6,[hɛ.po.tʃa.kɯ],[hɛ.bo.dʒa.gɯ]
해보신 적 있어요,6,[hɛ.po.sin.tʃʌk̚.it̚.ʌ.jo],[hɛ.bo.sin.dʒʌk̚.it̚.ʌ.jo]
해보자 그럼,6,[hɛ.po.tʃa.kɯ.ɾʌm],[hɛ.bo.dʒa.gɯ.ɾʌm]
해보자 네,6,[hɛ.po.tʃa.ne],[hɛ.bo.dʒa.ne]
본 걸까,6,[poŋ.kʌl.k͈a],[bon.gʌl.k͈a]
해보자 자,6,[hɛ.po.tʃa.tʃa],[hɛ.bo.dʒa.dʒa]
갔어요 젠장,6,[kat̚.ʌ.jo.tʃen.tʃaŋ],[gat̚.ʌ.jo.dʒen.tʃaŋ]
힘내 넌 할 수,6,[him.nɛ.nʌn.hal.su],[him.nɛ.nʌn.hal.su]
힘든 거란다,6,[hin.tɯŋ.kʌ.ɾan.ta],[hin.tɯn.gʌ.ɾan.ta]
해보잔 거야,6,[hɛ.po.tʃaŋ.kʌ.ja],[hɛ.bo.dʒan.gʌ.ja]
내가 데리고 나갈게,6,[nɛ.ka.te.ɾi.ko.na.kal.ke],[nɛ.ga.de.ɾi.go.na.gal.ke]
beat of,6,,
내가 데리고 있어,6,[nɛ.ka.te.ɾi.ko.it̚.ʌ],[nɛ.ga.de.ɾi.go.it̚.ʌ]
해보지 않은,6,[hɛ.po.tʃi.an.ɯn],[hɛ.bo.dʒi.an.ɯn]
해본 건,6,[hɛ.poŋ.kʌn],[hɛ.bon.gʌn]
