Item,Frequency,Formal_IPA,Casual_IPA
살아 있을,193,[sal.a.it̚.ɯl],[sal.a.it̚.ɯl]
그 둘이,193,[kɯ.tul.i],[gɯ.dul.i]
지금 제가,193,[tʃi.kɯn.tʃe.ka],[dʒi.gɯm.dʒe.ga]
꽤 좋은,193,[k͈wɛ.tʃot̚.ɯn],[k͈wɛ.dʒot̚.ɯn]
가야 한다,193,[ka.ja.han.ta],[ga.ja.han.ta]
무슨 상관이에요,193,[mu.sɯn.saŋ.kwan.i.e.jo],[mu.sɯn.saŋ.gwan.i.e.jo]
마음이 안,193,[ma.ɯm.i.an],[ma.ɯm.i.an]
정말 자랑스러워,193,[tʃʌŋ.mal.tʃa.ɾaŋ.sɯ.ɾʌ.wʌ],[dʒʌŋ.mal.dʒa.ɾaŋ.sɯ.ɾʌ.wʌ]
we were,193,,
그의 이름을,193,[kɯ.ɯi.i.ɾɯm.ɯl],[gɯ.ɯi.i.ɾɯm.ɯl]
내 뒤를,193,[nɛ.twi.ɾɯl],[nɛ.dwi.ɾɯl]
괴로운 신음,193,[kwe.ɾo.un.sin.ɯm],[gwe.ɾo.un.sin.ɯm]
윅 씨,193,[wik̚.s͈i],[wik̚.s͈i]
Previously on,193,,
죄송해요 제가,193,[tʃwe.soŋ.hɛ.jo.tʃe.ka],[dʒwe.soŋ.hɛ.jo.dʒe.ga]
게 좋지,193,[ke.tʃot̚.tʃi],[ge.dʒot̚.tʃi]
그 녀석을,193,[kɯ.njʌ.sʌk̚.ɯl],[gɯ.njʌ.sʌk̚.ɯl]
나중에 또,193,[na.tʃuŋ.e.t͈o],[na.dʒuŋ.e.t͈o]
어떻게 할래,193,[ʌ.t͈ʌt̚.ke.hal.ɾɛ],[ʌ.t͈ʌt̚.ke.hal.ɾɛ]
아 그래,193,[a.kɯ.ɾɛ],[a.gɯ.ɾɛ]
우리 둘은,193,[u.ɾi.tul.ɯn],[u.ɾi.dul.ɯn]
무슨 말씀 하시는,193,[mu.sɯn.mal.s͈ɯm.ha.si.nɯn],[mu.sɯn.mal.s͈ɯm.ha.si.nɯn]
알게 되겠죠,193,[al.ke.twe.ket̚.tʃjo],[al.ke.dwe.get̚.tʃjo]
안 줄,193,[an.tʃul],[an.dʒul]
거라고 했어,193,[kʌ.ɾa.ko.hɛt̚.ʌ],[gʌ.ɾa.go.hɛt̚.ʌ]
발견했을 때,193,[pal.kjʌn.hɛt̚.ɯl.t͈ɛ],[bal.kjʌn.hɛt̚.ɯl.t͈ɛ]
제일 친한,193,[tʃe.il.tʃʰin.han],[dʒe.il.tʃʰin.han]
널 찾고,193,[nʌl.tʃʰat̚.ko],[nʌl.tʃʰat̚.ko]
하지만 누가,193,[ha.tʃi.man.nu.ka],[ha.dʒi.man.nu.ga]
한 명이야,193,[han.mjʌŋ.i.ja],[han.mjʌŋ.i.ja]
도움이 필요합니다,193,[to.um.i.pʰil.jo.hap̚.ni.ta],[do.um.i.pʰil.jo.hap̚.ni.da]
분 뒤,193,[pun.twi],[bun.dwi]
소리 하는 거야,193,[so.ɾi.ha.nɯŋ.kʌ.ja],[so.ɾi.ha.nɯn.gʌ.ja]
거 같군요,193,[kʌ.kat̚.kun.jo],[gʌ.gat̚.kun.jo]
같아 이,193,[kat̚.a.i],[gat̚.a.i]
있는 게 아니야,193,[it̚.nɯŋ.ke.a.ni.ja],[it̚.nɯn.ge.a.ni.ja]
가진 것,193,[ka.tʃiŋ.kʌt̚],[ga.dʒin.gʌt̚]
신호가 안,193,[sin.ho.ka.an],[sin.ho.ga.an]
줄 알았거든요,193,[tʃul.al.at̚.kʌ.tɯn.jo],[dʒul.al.at̚.kʌ.dɯn.jo]
도와줘서 고마워요,193,[to.wa.tʃwʌ.sʌ.ko.ma.wʌ.jo],[do.wa.dʒwʌ.sʌ.go.ma.wʌ.jo]
잘 어울려요,193,[tʃal.ʌ.ul.ɾjʌ.jo],[dʒal.ʌ.ul.ɾjʌ.jo]
센트럴 시티,193,[sen.tʰɯ.ɾʌl.si.tʰi],[sen.tʰɯ.ɾʌl.si.tʰi]
내 자리를,193,[nɛ.tʃa.ɾi.ɾɯl],[nɛ.dʒa.ɾi.ɾɯl]
좀 봐도,193,[tʃom.pwa.to],[dʒom.bwa.do]
안 어울려,193,[an.ʌ.ul.ɾjʌ],[an.ʌ.ul.ɾjʌ]
메시지를 남겨주세요,193,[me.si.tʃi.ɾɯl.lam.kjʌ.tʃu.se.jo],[me.si.dʒi.ɾɯl.lam.kjʌ.dʒu.se.jo]
그럴 가능성이,193,[kɯ.ɾʌl.ka.nɯŋ.sʌŋ.i],[gɯ.ɾʌl.ga.nɯŋ.sʌŋ.i]
생길 수,193,[sɛŋ.kil.su],[sɛŋ.gil.su]
보내는 게,193,[po.nɛ.nɯŋ.ke],[bo.nɛ.nɯn.ge]
너무 무서워,193,[nʌ.mu.mu.sʌ.wʌ],[nʌ.mu.mu.sʌ.wʌ]
전 아무,193,[tʃʌn.a.mu],[dʒʌn.a.mu]
줄 누가,193,[tʃul.lu.ka],[dʒul.lu.ga]
내 것도,193,[nɛ.kʌt̚.to],[nɛ.gʌt̚.to]
수 있었을까,193,[su.it̚.ʌt̚.ɯl.k͈a],[su.it̚.ʌt̚.ɯl.k͈a]
내 일이,193,[nɛ.il.i],[nɛ.il.i]
만한 이유가,193,[man.han.i.ju.ka],[man.han.i.ju.ga]
분 남았어요,193,[pun.nam.at̚.ʌ.jo],[bun.nam.at̚.ʌ.jo]
없어 다른,193,[ʌp̚.ʌ.ta.ɾɯn],[ʌp̚.ʌ.da.ɾɯn]
날 여기로,193,[nal.jʌ.ki.ɾo],[nal.jʌ.gi.ɾo]
이게 제,193,[i.ke.tʃe],[i.ge.dʒe]
모든 면에서,193,[mo.tɯn.mjʌn.e.sʌ],[mo.dɯn.mjʌn.e.sʌ]
건 제가,193,[kʌn.tʃe.ka],[gʌn.dʒe.ga]
우린 절대,193,[u.ɾin.tʃʌl.tɛ],[u.ɾin.dʒʌl.tɛ]
고통 없는,193,[ko.tʰoŋ.ʌp̚.nɯn],[go.tʰoŋ.ʌp̚.nɯn]
할 수 있잖아,193,[hal.su.it̚.tʃan.a],[hal.su.it̚.tʃan.a]
어떻게 했어,193,[ʌ.t͈ʌt̚.ke.hɛt̚.ʌ],[ʌ.t͈ʌt̚.ke.hɛt̚.ʌ]
여기 오면 안,193,[jʌ.ki.o.mjʌn.an],[jʌ.gi.o.mjʌn.an]
어찌 된,193,[ʌ.tʃ͈i.twen],[ʌ.tʃ͈i.dwen]
이 방을,193,[i.paŋ.ɯl],[i.baŋ.ɯl]
네가 해야 할,193,[ne.ka.hɛ.ja.hal],[ne.ga.hɛ.ja.hal]
듣자 하니,192,[tɯt̚.tʃa.ha.ni],[dɯt̚.tʃa.ha.ni]
할 건지,192,[hal.kʌn.tʃi],[hal.gʌn.tʃi]
오래 걸릴,192,[o.ɾɛ.kʌl.ɾil],[o.ɾɛ.gʌl.ɾil]
못 봐서,192,[mot̚.pwa.sʌ],[mot̚.bwa.sʌ]
짓을 한 거지,192,[tʃit̚.ɯl.haŋ.kʌ.tʃi],[dʒit̚.ɯl.han.gʌ.dʒi]
생각해 볼게,192,[sɛŋ.kak̚.hɛ.pol.ke],[sɛŋ.gak̚.hɛ.bol.ke]
해요 우리,192,[hɛ.jo.u.ɾi],[hɛ.jo.u.ɾi]
기분 어때,192,[ki.pun.ʌ.t͈ɛ],[gi.bun.ʌ.t͈ɛ]
어떻게 보면,192,[ʌ.t͈ʌt̚.ke.po.mjʌn],[ʌ.t͈ʌt̚.ke.bo.mjʌn]
일을 하려고,192,[il.ɯl.ha.ɾjʌ.ko],[il.ɯl.ha.ɾjʌ.go]
게 어떤 건지,192,[ke.ʌ.t͈ʌŋ.kʌn.tʃi],[ge.ʌ.t͈ʌn.gʌn.tʃi]
약 좀,192,[jak̚.tʃom],[jak̚.dʒom]
그녀는 정말,192,[kɯ.njʌ.nɯn.tʃʌŋ.mal],[gɯ.njʌ.nɯn.dʒʌŋ.mal]
내가 미쳤다고,192,[nɛ.ka.mi.tʃʰjʌt̚.ta.ko],[nɛ.ga.mi.tʃʰjʌt̚.ta.go]
너는 왜,192,[nʌ.nɯn.wɛ],[nʌ.nɯn.wɛ]
줄 아니,192,[tʃul.a.ni],[dʒul.a.ni]
큰 그림을,192,[kʰɯŋ.kɯ.ɾim.ɯl],[kʰɯn.gɯ.ɾim.ɯl]
하나 물어봐도,192,[ha.na.mul.ʌ.pwa.to],[ha.na.mul.ʌ.bwa.do]
We need,192,,
두고 보자,192,[tu.ko.po.tʃa],[du.go.bo.dʒa]
즐거운 시간을,192,[tʃɯl.kʌ.un.si.kan.ɯl],[dʒɯl.kʌ.un.si.gan.ɯl]
홈즈 씨,192,[hon.tʃɯ.s͈i],[hon.tʃɯ.s͈i]
혹시 내가,192,[hok̚.si.nɛ.ka],[hok̚.si.nɛ.ga]
동안 내,192,[toŋ.an.nɛ],[doŋ.an.nɛ]
이 곳은,192,[i.kot̚.ɯn],[i.got̚.ɯn]
out there,192,,
이 무슨,192,[i.mu.sɯn],[i.mu.sɯn]
좋아할 거예요,192,[tʃot̚.a.hal.kʌ.je.jo],[dʒot̚.a.hal.gʌ.je.jo]
지켜야 해,192,[tʃi.kʰjʌ.ja.hɛ],[dʒi.kʰjʌ.ja.hɛ]
것 그,192,[kʌt̚.kɯ],[gʌt̚.gɯ]
그 짓을,192,[kɯ.tʃit̚.ɯl],[gɯ.dʒit̚.ɯl]
애들 데리고,192,[ɛ.tɯl.te.ɾi.ko],[ɛ.dɯl.de.ɾi.go]
거기 가면,192,[kʌ.ki.ka.mjʌn],[gʌ.gi.ga.mjʌn]
더 있어야,192,[tʌ.it̚.ʌ.ja],[dʌ.it̚.ʌ.ja]
대로 해요,192,[tɛ.ɾo.hɛ.jo],[dɛ.ɾo.hɛ.jo]
있지 내가,192,[it̚.tʃi.nɛ.ka],[it̚.tʃi.nɛ.ga]
거지 하지만,192,[kʌ.tʃi.ha.tʃi.man],[gʌ.dʒi.ha.dʒi.man]
그래 그냥,192,[kɯ.ɾɛ.kɯ.njaŋ],[gɯ.ɾɛ.gɯ.njaŋ]
줄 것,192,[tʃul.kʌt̚],[dʒul.gʌt̚]
대체 뭐지,192,[tɛ.tʃʰe.mwʌ.tʃi],[dɛ.tʃʰe.mwʌ.dʒi]
그래서 그렇게,192,[kɯ.ɾɛ.sʌ.kɯ.ɾʌt̚.ke],[gɯ.ɾɛ.sʌ.gɯ.ɾʌt̚.ke]
내 남편은,192,[nɛ.nam.pʰjʌn.ɯn],[nɛ.nam.pʰjʌn.ɯn]
다 보여,192,[ta.po.jʌ],[da.bo.jʌ]
없어 아니,192,[ʌp̚.ʌ.a.ni],[ʌp̚.ʌ.a.ni]
결정할 수,192,[kjʌl.tʃʌŋ.hal.su],[gjʌl.tʃʌŋ.hal.su]
우린 네,192,[u.ɾin.ne],[u.ɾin.ne]
말은 내가,192,[mal.ɯn.nɛ.ka],[mal.ɯn.nɛ.ga]
있어 당신은,192,[it̚.ʌ.taŋ.sin.ɯn],[it̚.ʌ.daŋ.sin.ɯn]
나갈 거예요,192,[na.kal.kʌ.je.jo],[na.gal.gʌ.je.jo]
더 알고,192,[tʌ.al.ko],[dʌ.al.ko]
밤 되세요,192,[pan.twe.se.jo],[bam.dwe.se.jo]
어디 안,192,[ʌ.ti.an],[ʌ.di.an]
내가 이미,192,[nɛ.ka.i.mi],[nɛ.ga.i.mi]
줄 알았잖아,192,[tʃul.al.at̚.tʃan.a],[dʒul.al.at̚.tʃan.a]
거라는 거,192,[kʌ.ɾa.nɯŋ.kʌ],[gʌ.ɾa.nɯn.gʌ]
내 눈엔,192,[nɛ.nun.en],[nɛ.nun.en]
못 들었는데,192,[mot̚.tɯl.ʌt̚.nɯn.te],[mot̚.dɯl.ʌt̚.nɯn.te]
필요가 있어요,192,[pʰil.jo.ka.it̚.ʌ.jo],[pʰil.jo.ga.it̚.ʌ.jo]
거 참,192,[kʌ.tʃʰam],[gʌ.tʃʰam]
있을 텐데요,192,[it̚.ɯl.tʰen.te.jo],[it̚.ɯl.tʰen.te.jo]
그건 아닌,192,[kɯ.kʌn.a.nin],[gɯ.gʌn.a.nin]
그는 어디에,192,[kɯ.nɯn.ʌ.ti.e],[gɯ.nɯn.ʌ.di.e]
대학 때,192,[tɛ.hak̚.t͈ɛ],[dɛ.hak̚.t͈ɛ]
년 간,192,[njʌŋ.kan],[njʌn.gan]
갖고 있던,192,[kat̚.ko.it̚.tʌn],[gat̚.ko.it̚.tʌn]
전에 우리가,191,[tʃʌn.e.u.ɾi.ka],[dʒʌn.e.u.ɾi.ga]
이런 상황에서,191,[i.ɾʌn.saŋ.hwaŋ.e.sʌ],[i.ɾʌn.saŋ.hwaŋ.e.sʌ]
온 건데,191,[oŋ.kʌn.te],[on.gʌn.te]
내 잘못이에요,191,[nɛ.tʃal.mot̚.i.e.jo],[nɛ.dʒal.mot̚.i.e.jo]
그 점은,191,[kɯ.tʃʌm.ɯn],[gɯ.dʒʌm.ɯn]
당신은 이미,191,[taŋ.sin.ɯn.i.mi],[daŋ.sin.ɯn.i.mi]
내 다리,191,[nɛ.ta.ɾi],[nɛ.da.ɾi]
사람을 죽일,191,[sa.ɾam.ɯl.tʃuk̚.il],[sa.ɾam.ɯl.dʒuk̚.il]
어서 나가,191,[ʌ.sʌ.na.ka],[ʌ.sʌ.na.ga]
잘 다녀와,191,[tʃal.ta.njʌ.wa],[dʒal.da.njʌ.wa]
맞는 말이에요,191,[mat̚.nɯn.mal.i.e.jo],[mat̚.nɯn.mal.i.e.jo]
건지 모르겠어,191,[kʌn.tʃi.mo.ɾɯ.ket̚.ʌ],[gʌn.tʃi.mo.ɾɯ.get̚.ʌ]
내가 살게,191,[nɛ.ka.sal.ke],[nɛ.ga.sal.ke]
있는지 알아요,191,[it̚.nɯn.tʃi.al.a.jo],[it̚.nɯn.tʃi.al.a.jo]
안 와서,191,[an.wa.sʌ],[an.wa.sʌ]
같아 하지만,191,[kat̚.a.ha.tʃi.man],[gat̚.a.ha.dʒi.man]
절대 안돼,191,[tʃʌl.tɛ.an.twɛ],[dʒʌl.tɛ.an.twɛ]
그 사람에게,191,[kɯ.sa.ɾam.e.ke],[gɯ.sa.ɾam.e.ge]
먹는 걸,191,[mʌk̚.nɯŋ.kʌl],[mʌk̚.nɯn.gʌl]
없어요 그건,191,[ʌp̚.ʌ.jo.kɯ.kʌn],[ʌp̚.ʌ.jo.gɯ.gʌn]
하는 데,191,[ha.nɯn.te],[ha.nɯn.de]
있으면 돼요,191,[it̚.ɯ.mjʌn.twɛ.jo],[it̚.ɯ.mjʌn.dwɛ.jo]
내 전화,191,[nɛ.tʃʌn.hwa],[nɛ.dʒʌn.hwa]
기다려야 해,191,[ki.ta.ɾjʌ.ja.hɛ],[gi.da.ɾjʌ.ja.hɛ]
일을 더,191,[il.ɯl.tʌ],[il.ɯl.dʌ]
바로 그게,191,[pa.ɾo.kɯ.ke],[ba.ɾo.gɯ.ge]
할지 모르겠네요,191,[hal.tʃi.mo.ɾɯ.ket̚.ne.jo],[hal.tʃi.mo.ɾɯ.get̚.ne.jo]
거 없잖아,191,[kʌ.ʌp̚.tʃan.a],[gʌ.ʌp̚.tʃan.a]
와 있어,191,[wa.it̚.ʌ],[wa.it̚.ʌ]
아마 내가,191,[a.ma.nɛ.ka],[a.ma.nɛ.ga]
일어나고 있는,191,[il.ʌ.na.ko.it̚.nɯn],[il.ʌ.na.go.it̚.nɯn]
you like,191,,
내 생각,191,[nɛ.sɛŋ.kak̚],[nɛ.sɛŋ.gak̚]
아닐지도 몰라,191,[a.nil.tʃi.to.mol.ɾa],[a.nil.tʃi.do.mol.ɾa]
어떻게 해야 하지,191,[ʌ.t͈ʌt̚.ke.hɛ.ja.ha.tʃi],[ʌ.t͈ʌt̚.ke.hɛ.ja.ha.dʒi]
거야 그가,191,[kʌ.ja.kɯ.ka],[gʌ.ja.gɯ.ga]
어쩔 수 없죠,191,[ʌ.tʃ͈ʌl.su.ʌp̚.tʃjo],[ʌ.tʃ͈ʌl.su.ʌp̚.tʃjo]
가만 있어,191,[ka.man.it̚.ʌ],[ga.man.it̚.ʌ]
알 수 없다,191,[al.su.ʌp̚.ta],[al.su.ʌp̚.ta]
당신 말은,191,[taŋ.sin.mal.ɯn],[daŋ.sin.mal.ɯn]
제가 안,191,[tʃe.ka.an],[dʒe.ga.an]
네 옆에,191,[ne.jʌp̚.e],[ne.jʌp̚.e]
게 있는데요,191,[ke.it̚.nɯn.te.jo],[ge.it̚.nɯn.te.jo]
있어 잘,191,[it̚.ʌ.tʃal],[it̚.ʌ.dʒal]
갇혀 있는,191,[kat̚.hjʌ.it̚.nɯn],[gat̚.hjʌ.it̚.nɯn]
당신은 아무것도,191,[taŋ.sin.ɯn.a.mu.kʌt̚.to],[daŋ.sin.ɯn.a.mu.gʌt̚.to]
같아 무슨,191,[kat̚.a.mu.sɯn],[gat̚.a.mu.sɯn]
적당히 해,191,[tʃʌk̚.taŋ.hi.hɛ],[dʒʌk̚.taŋ.hi.hɛ]
안 되게,191,[an.twe.ke],[an.dwe.ge]
거예요 이런,191,[kʌ.je.jo.i.ɾʌn],[gʌ.je.jo.i.ɾʌn]
건 맞지만,191,[kʌn.mat̚.tʃi.man],[gʌn.mat̚.tʃi.man]
the night,191,,
내주셔서 감사합니다,191,[nɛ.tʃu.sjʌ.sʌ.kam.sa.hap̚.ni.ta],[nɛ.dʒu.sjʌ.sʌ.gam.sa.hap̚.ni.da]
때까지 계속,191,[t͈ɛ.k͈a.tʃi.kje.sok̚],[t͈ɛ.k͈a.dʒi.gje.sok̚]
I said,191,,
아빠 아빠,191,[a.p͈a.a.p͈a],[a.p͈a.a.p͈a]
예전 같지,191,[je.tʃʌŋ.kat̚.tʃi],[je.dʒʌn.gat̚.tʃi]
믿는 게,191,[mit̚.nɯŋ.ke],[mit̚.nɯn.ge]
of me,191,,
다섯 번째,191,[ta.sʌt̚.pʌn.tʃ͈ɛ],[da.sʌt̚.bʌn.tʃ͈ɛ]
좋아하지 않아,191,[tʃot̚.a.ha.tʃi.an.a],[dʒot̚.a.ha.dʒi.an.a]
아니 그,191,[a.ni.kɯ],[a.ni.gɯ]
얘기도 안,191,[jɛ.ki.to.an],[jɛ.gi.do.an]
들 수,190,[tɯl.su],[dɯl.su]
그렇게 말하는,190,[kɯ.ɾʌt̚.ke.mal.ha.nɯn],[gɯ.ɾʌt̚.ke.mal.ha.nɯn]
宇宙が歌うブルース 우주가 노래하는,190,[u.tʃu.ka.no.ɾɛ.ha.nɯn],[u.dʒu.ga.no.ɾɛ.ha.nɯn]
거야 제가,190,[kʌ.ja.tʃe.ka],[gʌ.ja.dʒe.ga]
못 하지만,190,[mot̚.ha.tʃi.man],[mot̚.ha.dʒi.man]
오늘 왜,190,[o.nɯl.wɛ],[o.nɯl.wɛ]
말할 수 없다,190,[mal.hal.su.ʌp̚.ta],[mal.hal.su.ʌp̚.ta]
가만 안 둘,190,[ka.man.an.tul],[ga.man.an.dul]
난 두,190,[nan.tu],[nan.du]
맛있는 거,190,[mat̚.it̚.nɯŋ.kʌ],[mat̚.it̚.nɯn.gʌ]
몇 군데,190,[mjʌt̚.kun.te],[mjʌt̚.gun.te]
돼요 내,190,[twɛ.jo.nɛ],[dwɛ.jo.nɛ]
있고 하지만,190,[it̚.ko.ha.tʃi.man],[it̚.ko.ha.dʒi.man]
필요 없고,190,[pʰil.jo.ʌp̚.ko],[pʰil.jo.ʌp̚.ko]
이렇게 만든,190,[i.ɾʌt̚.ke.man.tɯn],[i.ɾʌt̚.ke.man.tɯn]
날 도와줄,190,[nal.to.wa.tʃul],[nal.do.wa.dʒul]
근데 그거,190,[kɯn.te.kɯ.kʌ],[gɯn.te.gɯ.gʌ]
얼굴이 왜,190,[ʌl.kul.i.wɛ],[ʌl.kul.i.wɛ]
안 먹고,190,[an.mʌk̚.ko],[an.mʌk̚.ko]
이제 두,190,[i.tʃe.tu],[i.dʒe.du]
그래 여기,190,[kɯ.ɾɛ.jʌ.ki],[gɯ.ɾɛ.jʌ.gi]
무슨 말인지 알아,190,[mu.sɯn.mal.in.tʃi.al.a],[mu.sɯn.mal.in.tʃi.al.a]
하나 못,190,[ha.na.mot̚],[ha.na.mot̚]
宇宙が歌うブルース 우주가 노래하는 블루스,190,[u.tʃu.ka.no.ɾɛ.ha.nɯm.pɯl.ɾu.sɯ],[u.dʒu.ga.no.ɾɛ.ha.nɯn.bɯl.ɾu.sɯ]
생각한 거야,190,[sɛŋ.kak̚.haŋ.kʌ.ja],[sɛŋ.gak̚.han.gʌ.ja]
더 낫지,190,[tʌ.nat̚.tʃi],[dʌ.nat̚.tʃi]
놀 수,190,[nol.su],[nol.su]
왜 이런 짓을,190,[wɛ.i.ɾʌn.tʃit̚.ɯl],[wɛ.i.ɾʌn.dʒit̚.ɯl]
아닌 다른,190,[a.nin.ta.ɾɯn],[a.nin.da.ɾɯn]
이상한 걸,190,[i.saŋ.haŋ.kʌl],[i.saŋ.han.gʌl]
그냥 평범한,190,[kɯ.njam.pʰjʌm.pʌm.han],[gɯ.njam.pʰjʌŋ.bʌm.han]
아직 시간이,190,[a.tʃik̚.si.kan.i],[a.dʒik̚.si.gan.i]
넌 잘,190,[nʌn.tʃal],[nʌn.dʒal]
않아 그럼,190,[an.a.kɯ.ɾʌm],[an.a.gɯ.ɾʌm]
있는 그런,190,[it̚.nɯŋ.kɯ.ɾʌn],[it̚.nɯn.gɯ.ɾʌn]
우주가 노래하는,190,[u.tʃu.ka.no.ɾɛ.ha.nɯn],[u.dʒu.ga.no.ɾɛ.ha.nɯn]
그래 어떻게,190,[kɯ.ɾɛ.ʌ.t͈ʌt̚.ke],[gɯ.ɾɛ.ʌ.t͈ʌt̚.ke]
이렇게 큰,190,[i.ɾʌt̚.ke.kʰɯn],[i.ɾʌt̚.ke.kʰɯn]
take a,190,,
뒤로 가,190,[twi.ɾo.ka],[dwi.ɾo.ga]
년 반,190,[njʌm.pan],[njʌn.ban]
것 같지 않아요,190,[kʌt̚.kat̚.tʃi.an.a.jo],[gʌt̚.gat̚.tʃi.an.a.jo]
키 큰,190,[kʰi.kʰɯn],[kʰi.kʰɯn]
우주가 노래하는 블루스,190,[u.tʃu.ka.no.ɾɛ.ha.nɯm.pɯl.ɾu.sɯ],[u.dʒu.ga.no.ɾɛ.ha.nɯn.bɯl.ɾu.sɯ]
무슨 소릴 하는,190,[mu.sɯn.so.ɾil.ha.nɯn],[mu.sɯn.so.ɾil.ha.nɯn]
다 말해,190,[ta.mal.hɛ],[da.mal.hɛ]
노래하는 블루스,190,[no.ɾɛ.ha.nɯm.pɯl.ɾu.sɯ],[no.ɾɛ.ha.nɯn.bɯl.ɾu.sɯ]
그를 찾을,190,[kɯ.ɾɯl.tʃʰat̚.ɯl],[gɯ.ɾɯl.tʃʰat̚.ɯl]
좀 덜,190,[tʃon.tʌl],[dʒom.dʌl]
알아서 해요,190,[al.a.sʌ.hɛ.jo],[al.a.sʌ.hɛ.jo]
내 몸이,190,[nɛ.mom.i],[nɛ.mom.i]
왔을 땐,190,[wat̚.ɯl.t͈ɛn],[wat̚.ɯl.t͈ɛn]
다들 내,190,[ta.tɯl.lɛ],[da.dɯl.lɛ]
하는 거잖아,190,[ha.nɯŋ.kʌ.tʃan.a],[ha.nɯn.gʌ.dʒan.a]
무기 버려,190,[mu.ki.pʌ.ɾjʌ],[mu.gi.bʌ.ɾjʌ]
사람이 없어,190,[sa.ɾam.i.ʌp̚.ʌ],[sa.ɾam.i.ʌp̚.ʌ]
말하는 거지,190,[mal.ha.nɯŋ.kʌ.tʃi],[mal.ha.nɯn.gʌ.dʒi]
宇宙が歌うブルース 우주가,190,[u.tʃu.ka],[u.dʒu.ga]
해도 난,190,[hɛ.to.nan],[hɛ.do.nan]
나도 그랬어,190,[na.to.kɯ.ɾɛt̚.ʌ],[na.do.gɯ.ɾɛt̚.ʌ]
I saw,190,,
더 나을,190,[tʌ.na.ɯl],[dʌ.na.ɯl]
But you,190,,
얘길 하는,189,[jɛ.kil.ha.nɯn],[jɛ.gil.ha.nɯn]
너한테 할,189,[nʌ.han.tʰe.hal],[nʌ.han.tʰe.hal]
다 그렇게,189,[ta.kɯ.ɾʌt̚.ke],[da.gɯ.ɾʌt̚.ke]
적 있죠,189,[tʃʌk̚.it̚.tʃjo],[dʒʌk̚.it̚.tʃjo]
살기 위해,189,[sal.ki.wi.hɛ],[sal.ki.wi.hɛ]
안 먹어요,189,[an.mʌk̚.ʌ.jo],[an.mʌk̚.ʌ.jo]
거야 바로,189,[kʌ.ja.pa.ɾo],[gʌ.ja.ba.ɾo]
누구보다 잘,189,[nu.ku.po.ta.tʃal],[nu.gu.bo.da.dʒal]
내가 뭔가,189,[nɛ.ka.mwʌŋ.ka],[nɛ.ga.mwʌŋ.ka]
정말 반가워요,189,[tʃʌŋ.mal.paŋ.ka.wʌ.jo],[dʒʌŋ.mal.baŋ.ka.wʌ.jo]
내가 만난,189,[nɛ.ka.man.nan],[nɛ.ga.man.nan]
하지만 안,189,[ha.tʃi.man.an],[ha.dʒi.man.an]
좀 필요해,189,[tʃom.pʰil.jo.hɛ],[dʒom.pʰil.jo.hɛ]
별거 아냐,189,[pjʌl.kʌ.a.nja],[bjʌl.kʌ.a.nja]
내 사촌,189,[nɛ.sa.tʃʰon],[nɛ.sa.tʃʰon]
있는 거에요,189,[it̚.nɯŋ.kʌ.e.jo],[it̚.nɯn.gʌ.e.jo]
그 누구보다,189,[kɯ.nu.ku.po.ta],[gɯ.nu.gu.bo.da]
비장한 음악,189,[pi.tʃaŋ.han.ɯm.ak̚],[bi.dʒaŋ.han.ɯm.ak̚]
일을 못,189,[il.ɯl.mot̚],[il.ɯl.mot̚]
하고 싶지 않아요,189,[ha.ko.sip̚.tʃi.an.a.jo],[ha.go.sip̚.tʃi.an.a.jo]
것 같잖아,189,[kʌt̚.kat̚.tʃan.a],[gʌt̚.gat̚.tʃan.a]
어디든 갈,189,[ʌ.ti.tɯŋ.kal],[ʌ.di.dɯn.gal]
죽이려고 했어,189,[tʃuk̚.i.ɾjʌ.ko.hɛt̚.ʌ],[dʒuk̚.i.ɾjʌ.go.hɛt̚.ʌ]
전까지만 해도,189,[tʃʌŋ.k͈a.tʃi.man.hɛ.to],[dʒʌŋ.k͈a.dʒi.man.hɛ.do]
일 하는,189,[il.ha.nɯn],[il.ha.nɯn]
나오는 거야,189,[na.o.nɯŋ.kʌ.ja],[na.o.nɯn.gʌ.ja]
거야 알겠어,189,[kʌ.ja.al.ket̚.ʌ],[gʌ.ja.al.ket̚.ʌ]
몇 년이나,189,[mjʌt̚.njʌn.i.na],[mjʌt̚.njʌn.i.na]
다 너,189,[ta.nʌ],[da.nʌ]
다시 볼 수,189,[ta.si.pol.su],[da.si.bol.su]
걱정은 안,189,[kʌk̚.tʃʌŋ.ɯn.an],[gʌk̚.tʃʌŋ.ɯn.an]
나랑 같은,189,[na.ɾaŋ.kat̚.ɯn],[na.ɾaŋ.gat̚.ɯn]
I''m going to,189,,
그러는 넌,189,[kɯ.ɾʌ.nɯn.nʌn],[gɯ.ɾʌ.nɯn.nʌn]
나쁜 사람,189,[na.p͈ɯn.sa.ɾam],[na.p͈ɯn.sa.ɾam]
일이 어떻게,189,[il.i.ʌ.t͈ʌt̚.ke],[il.i.ʌ.t͈ʌt̚.ke]
당신은 할 수,189,[taŋ.sin.ɯn.hal.su],[daŋ.sin.ɯn.hal.su]
듣고 싶지 않아,189,[tɯt̚.ko.sip̚.tʃi.an.a],[dɯt̚.ko.sip̚.tʃi.an.a]
돼요 이,189,[twɛ.jo.i],[dwɛ.jo.i]
이제 여기서,189,[i.tʃe.jʌ.ki.sʌ],[i.dʒe.jʌ.gi.sʌ]
필요 없잖아요,189,[pʰil.jo.ʌp̚.tʃan.a.jo],[pʰil.jo.ʌp̚.tʃan.a.jo]
진짜 못,189,[tʃin.tʃ͈a.mot̚],[dʒin.tʃ͈a.mot̚]
지금 중요한,189,[tʃi.kɯn.tʃuŋ.jo.han],[dʒi.gɯm.dʒuŋ.jo.han]
있어 그걸,189,[it̚.ʌ.kɯ.kʌl],[it̚.ʌ.gɯ.gʌl]
상처투성이더라도 상관없어,189,[saŋ.tʃʰʌ.tʰu.sʌŋ.i.tʌ.ɾa.to.saŋ.kwan.ʌp̚.ʌ],[saŋ.tʃʰʌ.tʰu.sʌŋ.i.dʌ.ɾa.do.saŋ.gwan.ʌp̚.ʌ]
아니면 뭐,189,[a.ni.mjʌn.mwʌ],[a.ni.mjʌn.mwʌ]
내가 나쁜,189,[nɛ.ka.na.p͈ɯn],[nɛ.ga.na.p͈ɯn]
저기 온다,189,[tʃʌ.ki.on.ta],[dʒʌ.gi.on.ta]
싶어 했어요,189,[sip̚.ʌ.hɛt̚.ʌ.jo],[sip̚.ʌ.hɛt̚.ʌ.jo]
너는 어때,189,[nʌ.nɯn.ʌ.t͈ɛ],[nʌ.nɯn.ʌ.t͈ɛ]
건 하나도,189,[kʌn.ha.na.to],[gʌn.ha.na.do]
있긴 해요,189,[it̚.kin.hɛ.jo],[it̚.kin.hɛ.jo]
맘에 든다,189,[mam.e.tɯn.ta],[mam.e.dɯn.ta]
이 바보,189,[i.pa.po],[i.ba.bo]
전혀 몰라,189,[tʃʌn.hjʌ.mol.ɾa],[dʒʌn.hjʌ.mol.ɾa]
돈을 벌,189,[ton.ɯl.pʌl],[don.ɯl.bʌl]
게 없잖아,189,[ke.ʌp̚.tʃan.a],[ge.ʌp̚.tʃan.a]
봐요 네,189,[pwa.jo.ne],[bwa.jo.ne]
원하는 것은,189,[wʌn.ha.nɯŋ.kʌt̚.ɯn],[wʌn.ha.nɯn.gʌt̚.ɯn]
살 수 있을,189,[sal.su.it̚.ɯl],[sal.su.it̚.ɯl]
있는 저,189,[it̚.nɯn.tʃʌ],[it̚.nɯn.dʒʌ]
거야 아직,189,[kʌ.ja.a.tʃik̚],[gʌ.ja.a.dʒik̚]
시간 낭비하지,189,[si.kan.nam.pi.ha.tʃi],[si.gan.naŋ.bi.ha.dʒi]
때 그리고,189,[t͈ɛ.kɯ.ɾi.ko],[t͈ɛ.gɯ.ɾi.go]
천 년,189,[tʃʰʌn.njʌn],[tʃʰʌn.njʌn]
나는 그들에게,189,[na.nɯŋ.kɯ.tɯl.e.ke],[na.nɯn.gɯ.dɯl.e.ge]
정말 훌륭한,189,[tʃʌŋ.mal.hul.ɾjuŋ.han],[dʒʌŋ.mal.hul.ɾjuŋ.han]
가지고 있었어,189,[ka.tʃi.ko.it̚.ʌt̚.ʌ],[ga.dʒi.go.it̚.ʌt̚.ʌ]
아직 몰라요,189,[a.tʃik̚.mol.ɾa.jo],[a.dʒik̚.mol.ɾa.jo]
think you,189,,
않을 거란,189,[an.ɯl.kʌ.ɾan],[an.ɯl.gʌ.ɾan]
믿는 모든 걸,189,[mit̚.nɯn.mo.tɯŋ.kʌl],[mit̚.nɯn.mo.dɯn.gʌl]
처음 왔을,189,[tʃʰʌ.ɯm.wat̚.ɯl],[tʃʰʌ.ɯm.wat̚.ɯl]
살고 싶지,189,[sal.ko.sip̚.tʃi],[sal.ko.sip̚.tʃi]
않아요 난,189,[an.a.jo.nan],[an.a.jo.nan]
못하게 해,189,[mot̚.ha.ke.hɛ],[mot̚.ha.ge.hɛ]
잠시만 기다리세요,189,[tʃam.si.maŋ.ki.ta.ɾi.se.jo],[dʒam.si.man.gi.da.ɾi.se.jo]
You''re not,189,,
나도 못,188,[na.to.mot̚],[na.do.mot̚]
어떻게 날,188,[ʌ.t͈ʌt̚.ke.nal],[ʌ.t͈ʌt̚.ke.nal]
볼 수 있지,188,[pol.su.it̚.tʃi],[bol.su.it̚.tʃi]
우리 가족의,188,[u.ɾi.ka.tʃok̚.ɯi],[u.ɾi.ga.dʒok̚.ɯi]
다시 못,188,[ta.si.mot̚],[da.si.mot̚]
돼 이제,188,[twɛ.i.tʃe],[dwɛ.i.dʒe]
제발 이러지 마,188,[tʃe.pal.i.ɾʌ.tʃi.ma],[dʒe.bal.i.ɾʌ.dʒi.ma]
응 난,188,[ɯŋ.nan],[ɯŋ.nan]
잘 모르겠습니다,188,[tʃal.mo.ɾɯ.ket̚.sɯp̚.ni.ta],[dʒal.mo.ɾɯ.get̚.sɯp̚.ni.da]
더 하고,188,[tʌ.ha.ko],[dʌ.ha.go]
끝이 없는,188,[k͈ɯt̚.i.ʌp̚.nɯn],[k͈ɯt̚.i.ʌp̚.nɯn]
데려다 줘,188,[te.ɾjʌ.ta.tʃwʌ],[de.ɾjʌ.da.dʒwʌ]
키보드를 탁탁,188,[kʰi.po.tɯ.ɾɯl.tʰak̚.tʰak̚],[kʰi.bo.dɯ.ɾɯl.tʰak̚.tʰak̚]
일을 했어요,188,[il.ɯl.hɛt̚.ʌ.jo],[il.ɯl.hɛt̚.ʌ.jo]
다 알고 있어,188,[ta.al.ko.it̚.ʌ],[da.al.ko.it̚.ʌ]
될까 봐,188,[twel.k͈a.pwa],[dwel.k͈a.bwa]
양쪽 다,188,[jaŋ.tʃ͈ok̚.ta],[jaŋ.tʃ͈ok̚.da]
몰라 그,188,[mol.ɾa.kɯ],[mol.ɾa.gɯ]
말이 있는데,188,[mal.i.it̚.nɯn.te],[mal.i.it̚.nɯn.te]
시간이 너무,188,[si.kan.i.nʌ.mu],[si.gan.i.nʌ.mu]
그 이름,188,[kɯ.i.ɾɯm],[gɯ.i.ɾɯm]
그가 그,188,[kɯ.ka.kɯ],[gɯ.ga.gɯ]
이것 봐라,188,[i.kʌt̚.pwa.ɾa],[i.gʌt̚.bwa.ɾa]
왜냐면 넌,188,[wɛ.nja.mjʌn.nʌn],[wɛ.nja.mjʌn.nʌn]
거 아니었어요,188,[kʌ.a.ni.ʌt̚.ʌ.jo],[gʌ.a.ni.ʌt̚.ʌ.jo]
다음 달에,188,[ta.ɯn.tal.e],[da.ɯm.dal.e]
당신은 그냥,188,[taŋ.sin.ɯŋ.kɯ.njaŋ],[daŋ.sin.ɯn.gɯ.njaŋ]
그래서 무슨,188,[kɯ.ɾɛ.sʌ.mu.sɯn],[gɯ.ɾɛ.sʌ.mu.sɯn]
말하지 말라고,188,[mal.ha.tʃi.mal.ɾa.ko],[mal.ha.dʒi.mal.ɾa.go]
뭐라고 했는데,188,[mwʌ.ɾa.ko.hɛt̚.nɯn.te],[mwʌ.ɾa.go.hɛt̚.nɯn.te]
아무도 없다,188,[a.mu.to.ʌp̚.ta],[a.mu.do.ʌp̚.ta]
사람 같아요,188,[sa.ɾam.kat̚.a.jo],[sa.ɾam.gat̚.a.jo]
걸 알았을,188,[kʌl.al.at̚.ɯl],[gʌl.al.at̚.ɯl]
시간 낭비야,188,[si.kan.nam.pi.ja],[si.gan.naŋ.bi.ja]
with your,188,,
없어요 제,188,[ʌp̚.ʌ.jo.tʃe],[ʌp̚.ʌ.jo.dʒe]
아니면 안,188,[a.ni.mjʌn.an],[a.ni.mjʌn.an]
나만 믿어,188,[na.man.mit̚.ʌ],[na.man.mit̚.ʌ]
조심하는 게,188,[tʃo.sim.ha.nɯŋ.ke],[dʒo.sim.ha.nɯn.ge]
내 걸,188,[nɛ.kʌl],[nɛ.gʌl]
억 달러를,188,[ʌk̚.tal.ɾʌ.ɾɯl],[ʌk̚.dal.ɾʌ.ɾɯl]
가능한 빨리,188,[ka.nɯŋ.ham.p͈al.ɾi],[ga.nɯŋ.ham.p͈al.ɾi]
해 저,188,[hɛ.tʃʌ],[hɛ.dʒʌ]
찾으면 돼,188,[tʃʰat̚.ɯ.mjʌn.twɛ],[tʃʰat̚.ɯ.mjʌn.dwɛ]
있는 사람들이,188,[it̚.nɯn.sa.ɾan.tɯl.i],[it̚.nɯn.sa.ɾan.tɯl.i]
수백만 달러를,188,[su.pɛk̚.man.tal.ɾʌ.ɾɯl],[su.bɛk̚.man.dal.ɾʌ.ɾɯl]
당신은 당신이,188,[taŋ.sin.ɯn.taŋ.sin.i],[daŋ.sin.ɯn.daŋ.sin.i]
안 남았어요,188,[an.nam.at̚.ʌ.jo],[an.nam.at̚.ʌ.jo]
왜 그를,188,[wɛ.kɯ.ɾɯl],[wɛ.gɯ.ɾɯl]
이야기 하고,188,[i.ja.ki.ha.ko],[i.ja.gi.ha.go]
우리 학교,188,[u.ɾi.hak̚.kjo],[u.ɾi.hak̚.kjo]
두 배,188,[tu.pɛ],[du.bɛ]
해요 제가,188,[hɛ.jo.tʃe.ka],[hɛ.jo.dʒe.ga]
너무 바빠서,188,[nʌ.mu.pa.p͈a.sʌ],[nʌ.mu.ba.p͈a.sʌ]
그걸 말이라고,188,[kɯ.kʌl.mal.i.ɾa.ko],[gɯ.gʌl.mal.i.ɾa.go]
내가 마지막으로,188,[nɛ.ka.ma.tʃi.mak̚.ɯ.ɾo],[nɛ.ga.ma.dʒi.mak̚.ɯ.ɾo]
그래서 뭘,188,[kɯ.ɾɛ.sʌ.mwʌl],[gɯ.ɾɛ.sʌ.mwʌl]
말인지 알겠어,188,[mal.in.tʃi.al.ket̚.ʌ],[mal.in.tʃi.al.ket̚.ʌ]
중요한 일이에요,188,[tʃuŋ.jo.han.il.i.e.jo],[dʒuŋ.jo.han.il.i.e.jo]
인기 있는,188,[iŋ.ki.it̚.nɯn],[iŋ.ki.it̚.nɯn]
있다고 생각했어,188,[it̚.ta.ko.sɛŋ.kak̚.hɛt̚.ʌ],[it̚.ta.go.sɛŋ.gak̚.hɛt̚.ʌ]
무슨 짓을 할지,188,[mu.sɯn.tʃit̚.ɯl.hal.tʃi],[mu.sɯn.dʒit̚.ɯl.hal.tʃi]
고마워 그래,188,[ko.ma.wʌ.kɯ.ɾɛ],[go.ma.wʌ.gɯ.ɾɛ]
그녀에 대해,188,[kɯ.njʌ.e.tɛ.hɛ],[gɯ.njʌ.e.dɛ.hɛ]
나를 봐,188,[na.ɾɯl.pwa],[na.ɾɯl.bwa]
그러던 어느,188,[kɯ.ɾʌ.tʌn.ʌ.nɯ],[gɯ.ɾʌ.dʌn.ʌ.nɯ]
과연 그럴까,187,[kwa.jʌŋ.kɯ.ɾʌl.k͈a],[gwa.jʌn.gɯ.ɾʌl.k͈a]
건 알죠,187,[kʌn.al.tʃjo],[gʌn.al.tʃjo]
자격이 없어,187,[tʃa.kjʌk̚.i.ʌp̚.ʌ],[dʒa.gjʌk̚.i.ʌp̚.ʌ]
우리 둘을,187,[u.ɾi.tul.ɯl],[u.ɾi.dul.ɯl]
뛰어넘어 夢の中のシガラミなんて 飛び越えて 꿈속의,187,[t͈wi.ʌ.nʌm.ʌ.k͈um.sok̚.ɯi],[t͈wi.ʌ.nʌm.ʌ.k͈um.sok̚.ɯi]
아니 그게,187,[a.ni.kɯ.ke],[a.ni.gɯ.ge]
가기 싫어,187,[ka.ki.sil.ʌ],[ga.gi.sil.ʌ]
一緒なら 상처투성이더라도,187,[saŋ.tʃʰʌ.tʰu.sʌŋ.i.tʌ.ɾa.to],[saŋ.tʃʰʌ.tʰu.sʌŋ.i.dʌ.ɾa.do]
傷だらけでも構わない 一緒なら,187,,
돌아오지 않을,187,[tol.a.o.tʃi.an.ɯl],[dol.a.o.dʒi.an.ɯl]
할 게 있어,187,[hal.ke.it̚.ʌ],[hal.ge.it̚.ʌ]
없어요 당신이,187,[ʌp̚.ʌ.jo.taŋ.sin.i],[ʌp̚.ʌ.jo.daŋ.sin.i]
좀 해 줘,187,[tʃom.hɛ.tʃwʌ],[dʒom.hɛ.dʒwʌ]
걸 품고서,187,[kʌl.pʰum.ko.sʌ],[gʌl.pʰum.ko.sʌ]
있었어 그,187,[it̚.ʌt̚.ʌ.kɯ],[it̚.ʌt̚.ʌ.gɯ]
一緒なら 상처투성이더라도 상관없어,187,[saŋ.tʃʰʌ.tʰu.sʌŋ.i.tʌ.ɾa.to.saŋ.kwan.ʌp̚.ʌ],[saŋ.tʃʰʌ.tʰu.sʌŋ.i.dʌ.ɾa.do.saŋ.gwan.ʌp̚.ʌ]
나도 한,187,[na.to.han],[na.do.han]
네 덕분에,187,[ne.tʌk̚.pun.e],[ne.dʌk̚.pun.e]
그럴지도 모르죠,187,[kɯ.ɾʌl.tʃi.to.mo.ɾɯ.tʃjo],[gɯ.ɾʌl.tʃi.do.mo.ɾɯ.dʒjo]
다른 이유가,187,[ta.ɾɯn.i.ju.ka],[da.ɾɯn.i.ju.ga]
네가 믿는 모든 걸,187,[ne.ka.mit̚.nɯn.mo.tɯŋ.kʌl],[ne.ga.mit̚.nɯn.mo.dɯn.gʌl]
니가 날,187,[ni.ka.nal],[ni.ga.nal]
것 같아 그래,187,[kʌt̚.kat̚.a.kɯ.ɾɛ],[gʌt̚.gat̚.a.gɯ.ɾɛ]
모든 걸 품고서,187,[mo.tɯŋ.kʌl.pʰum.ko.sʌ],[mo.dɯn.gʌl.pʰum.ko.sʌ]
주지 않을,187,[tʃu.tʃi.an.ɯl],[dʒu.dʒi.an.ɯl]
뛰어넘어 夢の中のシガラミなんて 飛び越えて,187,[t͈wi.ʌ.nʌm.ʌ],[t͈wi.ʌ.nʌm.ʌ]
따윈 뛰어넘어 夢の中のシガラミなんて,187,[t͈a.win.t͈wi.ʌ.nʌm.ʌ],[t͈a.win.t͈wi.ʌ.nʌm.ʌ]
내 삶은,187,[nɛ.sam.ɯn],[nɛ.sam.ɯn]
아무것도 없는,187,[a.mu.kʌt̚.to.ʌp̚.nɯn],[a.mu.gʌt̚.to.ʌp̚.nɯn]
전 이미,187,[tʃʌn.i.mi],[dʒʌn.i.mi]
되어 있어,187,[twe.ʌ.it̚.ʌ],[dwe.ʌ.it̚.ʌ]
분도 안,187,[pun.to.an],[bun.to.an]
할 준비가,187,[hal.tʃum.pi.ka],[hal.dʒum.pi.ga]
상황이 좀,187,[saŋ.hwaŋ.i.tʃom],[saŋ.hwaŋ.i.dʒom]
큰 문제는,187,[kʰɯn.mun.tʃe.nɯn],[kʰɯn.mun.tʃe.nɯn]
준비가 되면,187,[tʃum.pi.ka.twe.mjʌn],[dʒum.pi.ga.dwe.mjʌn]
이리 내놔,187,[i.ɾi.nɛ.nwa],[i.ɾi.nɛ.nwa]
그런데 지금은,187,[kɯ.ɾʌn.te.tʃi.kɯm.ɯn],[gɯ.ɾʌn.te.dʒi.gɯm.ɯn]
나는 어떤,187,[na.nɯn.ʌ.t͈ʌn],[na.nɯn.ʌ.t͈ʌn]
못 보고,187,[mot̚.po.ko],[mot̚.bo.go]
어서 말해,187,[ʌ.sʌ.mal.hɛ],[ʌ.sʌ.mal.hɛ]
믿는 모든 걸 품고서,187,[mit̚.nɯn.mo.tɯŋ.kʌl.pʰum.ko.sʌ],[mit̚.nɯn.mo.dɯn.gʌl.pʰum.ko.sʌ]
믿지 마,187,[mit̚.tʃi.ma],[mit̚.tʃi.ma]
일도 없을,187,[il.to.ʌp̚.ɯl],[il.to.ʌp̚.ɯl]
다 알아서,187,[ta.al.a.sʌ],[da.al.a.sʌ]
것이 될,187,[kʌt̚.i.twel],[gʌt̚.i.dwel]
잘 지낼,187,[tʃal.tʃi.nɛl],[dʒal.dʒi.nɛl]
안 갔어요,187,[aŋ.kat̚.ʌ.jo],[an.gat̚.ʌ.jo]
이 아이가,187,[i.a.i.ka],[i.a.i.ga]
여기 뭔가,187,[jʌ.ki.mwʌŋ.ka],[jʌ.gi.mwʌŋ.ka]
그 정보를,187,[kɯ.tʃʌm.po.ɾɯl],[gɯ.dʒʌŋ.bo.ɾɯl]
수도 없어요,187,[su.to.ʌp̚.ʌ.jo],[su.do.ʌp̚.ʌ.jo]
傷だらけでも構わない 一緒なら 상처투성이더라도,187,[saŋ.tʃʰʌ.tʰu.sʌŋ.i.tʌ.ɾa.to],[saŋ.tʃʰʌ.tʰu.sʌŋ.i.dʌ.ɾa.do]
일어나지 않을,187,[il.ʌ.na.tʃi.an.ɯl],[il.ʌ.na.dʒi.an.ɯl]
끝내야 해,187,[k͈ɯt̚.nɛ.ja.hɛ],[k͈ɯt̚.nɛ.ja.hɛ]
君が信じるもの全て抱きしめて 네가 믿는 모든,187,[ne.ka.mit̚.nɯn.mo.tɯn],[ne.ga.mit̚.nɯn.mo.dɯn]
날 더,187,[nal.tʌ],[nal.dʌ]
속박 따윈 뛰어넘어 夢の中のシガラミなんて,187,[sok̚.pak̚.t͈a.win.t͈wi.ʌ.nʌm.ʌ],[sok̚.pak̚.t͈a.win.t͈wi.ʌ.nʌm.ʌ]
그래서 다른,187,[kɯ.ɾɛ.sʌ.ta.ɾɯn],[gɯ.ɾɛ.sʌ.da.ɾɯn]
傷だらけでも構わない 一緒なら 상처투성이더라도 상관없어,187,[saŋ.tʃʰʌ.tʰu.sʌŋ.i.tʌ.ɾa.to.saŋ.kwan.ʌp̚.ʌ],[saŋ.tʃʰʌ.tʰu.sʌŋ.i.dʌ.ɾa.do.saŋ.gwan.ʌp̚.ʌ]
따윈 뛰어넘어 夢の中のシガラミなんて 飛び越えて,187,[t͈a.win.t͈wi.ʌ.nʌm.ʌ],[t͈a.win.t͈wi.ʌ.nʌm.ʌ]
때 제가,187,[t͈ɛ.tʃe.ka],[t͈ɛ.dʒe.ga]
피 묻은,187,[pʰi.mut̚.ɯn],[pʰi.mut̚.ɯn]
그런 사람을,187,[kɯ.ɾʌn.sa.ɾam.ɯl],[gɯ.ɾʌn.sa.ɾam.ɯl]
얘기하고 싶어요,187,[jɛ.ki.ha.ko.sip̚.ʌ.jo],[jɛ.gi.ha.go.sip̚.ʌ.jo]
나도 여기,187,[na.to.jʌ.ki],[na.do.jʌ.gi]
얘기 좀 해봐,187,[jɛ.ki.tʃom.hɛ.pwa],[jɛ.gi.dʒom.hɛ.bwa]
괜찮은 거죠,187,[kwɛn.tʃʰan.ɯŋ.kʌ.tʃjo],[gwɛn.tʃʰan.ɯn.gʌ.dʒjo]
알 권리가,187,[al.kwʌl.li.ka],[al.gwʌl.li.ga]
걸릴 겁니다,187,[kʌl.ɾil.kʌp̚.ni.ta],[gʌl.ɾil.gʌp̚.ni.da]
갈 순 없어,187,[kal.sun.ʌp̚.ʌ],[gal.sun.ʌp̚.ʌ]
갖고 와,187,[kat̚.ko.wa],[gat̚.ko.wa]
말 하려고,187,[mal.ha.ɾjʌ.ko],[mal.ha.ɾjʌ.go]
때까지 기다려,187,[t͈ɛ.k͈a.tʃi.ki.ta.ɾjʌ],[t͈ɛ.k͈a.dʒi.gi.da.ɾjʌ]
나와 같은,187,[na.wa.kat̚.ɯn],[na.wa.gat̚.ɯn]
나아질 거야,187,[na.a.tʃil.kʌ.ja],[na.a.dʒil.gʌ.ja]
모두 이,187,[mo.tu.i],[mo.du.i]
제 생각은,187,[tʃe.sɛŋ.kak̚.ɯn],[dʒe.sɛŋ.gak̚.ɯn]
네가 믿는 모든,187,[ne.ka.mit̚.nɯn.mo.tɯn],[ne.ga.mit̚.nɯn.mo.dɯn]
뛰어넘어 夢の中のシガラミなんて,187,[t͈wi.ʌ.nʌm.ʌ],[t͈wi.ʌ.nʌm.ʌ]
君が信じるもの全て抱きしめて 네가,187,[ne.ka],[ne.ga]
君が信じるもの全て抱きしめて 네가 믿는,187,[ne.ka.mit̚.nɯn],[ne.ga.mit̚.nɯn]
힘든 일이,186,[hin.tɯn.il.i],[hin.tɯn.il.i]
나온 게,186,[na.oŋ.ke],[na.on.ge]
곧 돌아올,186,[kot̚.tol.a.ol],[got̚.dol.a.ol]
우리에게 필요한,186,[u.ɾi.e.ke.pʰil.jo.han],[u.ɾi.e.ge.pʰil.jo.han]
그냥 제,186,[kɯ.njaŋ.tʃe],[gɯ.njaŋ.dʒe]
겁니다 우리가,186,[kʌp̚.ni.ta.u.ɾi.ka],[gʌp̚.ni.da.u.ɾi.ga]
도와드릴 수,186,[to.wa.tɯ.ɾil.su],[do.wa.dɯ.ɾil.su]
집에 오면,186,[tʃip̚.e.o.mjʌn],[dʒip̚.e.o.mjʌn]
There''s a,186,,
당장 내,186,[taŋ.tʃaŋ.nɛ],[daŋ.dʒaŋ.nɛ]
think that,186,,
그 불쌍한,186,[kɯ.pul.s͈aŋ.han],[gɯ.bul.s͈aŋ.han]
전혀 그렇지,186,[tʃʌn.hjʌ.kɯ.ɾʌt̚.tʃi],[dʒʌn.hjʌ.gɯ.ɾʌt̚.tʃi]
뭔지 알고,186,[mwʌn.tʃi.al.ko],[mwʌn.tʃi.al.ko]
사람이 그,186,[sa.ɾam.i.kɯ],[sa.ɾam.i.gɯ]
I have a,186,,
아니야 왜,186,[a.ni.ja.wɛ],[a.ni.ja.wɛ]
꽤 많은,186,[k͈wɛ.man.ɯn],[k͈wɛ.man.ɯn]
줄은 몰랐는데,186,[tʃul.ɯn.mol.ɾat̚.nɯn.te],[dʒul.ɯn.mol.ɾat̚.nɯn.te]
위해 하지만,186,[wi.hɛ.ha.tʃi.man],[wi.hɛ.ha.dʒi.man]
생긴 건,186,[sɛŋ.kiŋ.kʌn],[sɛŋ.gin.gʌn]
잃을 수도,186,[il.ɯl.su.to],[il.ɯl.su.do]
문제가 있습니다,186,[mun.tʃe.ka.it̚.sɯp̚.ni.ta],[mun.tʃe.ga.it̚.sɯp̚.ni.da]
행사할 수,186,[hɛŋ.sa.hal.su],[hɛŋ.sa.hal.su]
굴지 말고,186,[kul.tʃi.mal.ko],[gul.tʃi.mal.ko]
때 무슨,186,[t͈ɛ.mu.sɯn],[t͈ɛ.mu.sɯn]
왔나 봐,186,[wat̚.na.pwa],[wat̚.na.bwa]
내가 당신한테,186,[nɛ.ka.taŋ.sin.han.tʰe],[nɛ.ga.daŋ.sin.han.tʰe]
네 근데,186,[ne.kɯn.te],[ne.gɯn.te]
있는 건지,186,[it̚.nɯŋ.kʌn.tʃi],[it̚.nɯn.gʌn.tʃi]
왜 그러는지,186,[wɛ.kɯ.ɾʌ.nɯn.tʃi],[wɛ.gɯ.ɾʌ.nɯn.tʃi]
이런 날이,186,[i.ɾʌn.nal.i],[i.ɾʌn.nal.i]
난 할 수 있어,186,[nan.hal.su.it̚.ʌ],[nan.hal.su.it̚.ʌ]
음악이 흐른다,186,[ɯm.ak̚.i.hɯ.ɾɯn.ta],[ɯm.ak̚.i.hɯ.ɾɯn.ta]
못 믿을,186,[mot̚.mit̚.ɯl],[mot̚.mit̚.ɯl]
모든 정보를,186,[mo.tɯn.tʃʌm.po.ɾɯl],[mo.dɯn.dʒʌŋ.bo.ɾɯl]
안 간다고,186,[aŋ.kan.ta.ko],[an.gan.ta.go]
우리는 이제,186,[u.ɾi.nɯn.i.tʃe],[u.ɾi.nɯn.i.dʒe]
다 잘 될,186,[ta.tʃal.twel],[da.dʒal.dwel]
수 없어 난,186,[su.ʌp̚.ʌ.nan],[su.ʌp̚.ʌ.nan]
이 자를,186,[i.tʃa.ɾɯl],[i.dʒa.ɾɯl]
말 있으면,186,[mal.it̚.ɯ.mjʌn],[mal.it̚.ɯ.mjʌn]
꼭 그런,186,[k͈ok̚.kɯ.ɾʌn],[k͈ok̚.gɯ.ɾʌn]
전에 여기,186,[tʃʌn.e.jʌ.ki],[dʒʌn.e.jʌ.gi]
데리고 있어,186,[te.ɾi.ko.it̚.ʌ],[de.ɾi.go.it̚.ʌ]
온 거요,186,[oŋ.kʌ.jo],[on.gʌ.jo]
없어 정말,186,[ʌp̚.ʌ.tʃʌŋ.mal],[ʌp̚.ʌ.dʒʌŋ.mal]
어떤 사람은,186,[ʌ.t͈ʌn.sa.ɾam.ɯn],[ʌ.t͈ʌn.sa.ɾam.ɯn]
덜컥 열린다,186,[tʌl.kʰʌk̚.jʌl.ɾin.ta],[dʌl.kʰʌk̚.jʌl.ɾin.ta]
그냥 두고,186,[kɯ.njaŋ.tu.ko],[gɯ.njaŋ.du.go]
what is,186,,
안 믿는,186,[an.mit̚.nɯn],[an.mit̚.nɯn]
돈 다,186,[ton.ta],[don.da]
게 없죠,186,[ke.ʌp̚.tʃjo],[ge.ʌp̚.tʃjo]
있다는 거예요,186,[it̚.ta.nɯŋ.kʌ.je.jo],[it̚.ta.nɯn.gʌ.je.jo]
적도 없는,186,[tʃʌk̚.to.ʌp̚.nɯn],[dʒʌk̚.to.ʌp̚.nɯn]
좀 볼까,186,[tʃom.pol.k͈a],[dʒom.bol.k͈a]
제 아내가,186,[tʃe.a.nɛ.ka],[dʒe.a.nɛ.ga]
의미 없는,186,[ɯi.mi.ʌp̚.nɯn],[ɯi.mi.ʌp̚.nɯn]
like this,186,,
수 있대요,186,[su.it̚.tɛ.jo],[su.it̚.tɛ.jo]
그런데 지금,186,[kɯ.ɾʌn.te.tʃi.kɯm],[gɯ.ɾʌn.te.dʒi.gɯm]
한 시간 안에,186,[han.si.kan.an.e],[han.si.gan.an.e]
데리고 와,186,[te.ɾi.ko.wa],[de.ɾi.go.wa]
그들은 내가,186,[kɯ.tɯl.ɯn.nɛ.ka],[gɯ.dɯl.ɯn.nɛ.ga]
이상 없어,186,[i.saŋ.ʌp̚.ʌ],[i.saŋ.ʌp̚.ʌ]
내 친구들이,186,[nɛ.tʃʰiŋ.ku.tɯl.i],[nɛ.tʃʰiŋ.ku.dɯl.i]
이유를 알고,186,[i.ju.ɾɯl.al.ko],[i.ju.ɾɯl.al.ko]
나오는 거,186,[na.o.nɯŋ.kʌ],[na.o.nɯn.gʌ]
해줄 수 있는,186,[hɛ.tʃul.su.it̚.nɯn],[hɛ.dʒul.su.it̚.nɯn]
이 아름다운,186,[i.a.ɾɯn.ta.un],[i.a.ɾɯn.ta.un]
그것에 대한,186,[kɯ.kʌt̚.e.tɛ.han],[gɯ.gʌt̚.e.dɛ.han]
없을 테니까,186,[ʌp̚.ɯl.tʰe.ni.k͈a],[ʌp̚.ɯl.tʰe.ni.k͈a]
건 아니니까,186,[kʌn.a.ni.ni.k͈a],[gʌn.a.ni.ni.k͈a]
우리 때문에,186,[u.ɾi.t͈ɛ.mun.e],[u.ɾi.t͈ɛ.mun.e]
명 정도,186,[mjʌŋ.tʃʌŋ.to],[mjʌŋ.dʒʌŋ.do]
걸 알았지,185,[kʌl.al.at̚.tʃi],[gʌl.al.at̚.tʃi]
널 보면,185,[nʌl.po.mjʌn],[nʌl.bo.mjʌn]
못 가서,185,[mot̚.ka.sʌ],[mot̚.ga.sʌ]
아 참,185,[a.tʃʰam],[a.tʃʰam]
무슨 짓을 한거야,185,[mu.sɯn.tʃit̚.ɯl.haŋ.kʌ.ja],[mu.sɯn.dʒit̚.ɯl.haŋ.kʌ.ja]
찾아낼 수,185,[tʃʰat̚.a.nɛl.su],[tʃʰat̚.a.nɛl.su]
하지만 이미,185,[ha.tʃi.man.i.mi],[ha.dʒi.man.i.mi]
뒤로 물러서,185,[twi.ɾo.mul.ɾʌ.sʌ],[dwi.ɾo.mul.ɾʌ.sʌ]
널 알아,185,[nʌl.al.a],[nʌl.al.a]
말 한 적,185,[mal.han.tʃʌk̚],[mal.han.dʒʌk̚]
없습니다 하지만,185,[ʌp̚.sɯp̚.ni.ta.ha.tʃi.man],[ʌp̚.sɯp̚.ni.da.ha.dʒi.man]
이 바보야,185,[i.pa.po.ja],[i.ba.bo.ja]
말씀 하시는 거예요,185,[mal.s͈ɯm.ha.si.nɯŋ.kʌ.je.jo],[mal.s͈ɯm.ha.si.nɯn.gʌ.je.jo]
그는 더,185,[kɯ.nɯn.tʌ],[gɯ.nɯn.dʌ]
잘 지냈니,185,[tʃal.tʃi.nɛt̚.ni],[dʒal.dʒi.nɛt̚.ni]
그들은 나에게,185,[kɯ.tɯl.ɯn.na.e.ke],[gɯ.dɯl.ɯn.na.e.ge]
그리고 솔직히,185,[kɯ.ɾi.ko.sol.tʃik̚.hi],[gɯ.ɾi.go.sol.tʃik̚.hi]
아니 넌,185,[a.ni.nʌn],[a.ni.nʌn]
그 힘을,185,[kɯ.him.ɯl],[gɯ.him.ɯl]
그는 우리의,185,[kɯ.nɯn.u.ɾi.ɯi],[gɯ.nɯn.u.ɾi.ɯi]
how to,185,,
얘기 좀 하고,185,[jɛ.ki.tʃom.ha.ko],[jɛ.gi.dʒom.ha.go]
한 지,185,[han.tʃi],[han.dʒi]
이 도시의,185,[i.to.si.ɯi],[i.do.si.ɯi]
말 걸지,185,[mal.kʌl.tʃi],[mal.gʌl.tʃi]
그가 왜,185,[kɯ.ka.wɛ],[gɯ.ga.wɛ]
아마도 그는,185,[a.ma.to.kɯ.nɯn],[a.ma.do.gɯ.nɯn]
봐 그럼,185,[pwa.kɯ.ɾʌm],[bwa.gɯ.ɾʌm]
수 있어 내,185,[su.it̚.ʌ.nɛ],[su.it̚.ʌ.nɛ]
하셔도 돼요,185,[ha.sjʌ.to.twɛ.jo],[ha.sjʌ.do.dwɛ.jo]
하는 것을,185,[ha.nɯŋ.kʌt̚.ɯl],[ha.nɯn.gʌt̚.ɯl]
뭐라고 한,185,[mwʌ.ɾa.ko.han],[mwʌ.ɾa.go.han]
그래서 그녀는,185,[kɯ.ɾɛ.sʌ.kɯ.njʌ.nɯn],[gɯ.ɾɛ.sʌ.gɯ.njʌ.nɯn]
때문에 이러는,185,[t͈ɛ.mun.e.i.ɾʌ.nɯn],[t͈ɛ.mun.e.i.ɾʌ.nɯn]
일을 해요,185,[il.ɯl.hɛ.jo],[il.ɯl.hɛ.jo]
믿을 수가 없어요,185,[mit̚.ɯl.su.ka.ʌp̚.ʌ.jo],[mit̚.ɯl.su.ga.ʌp̚.ʌ.jo]
것이다 이,185,[kʌt̚.i.ta.i],[gʌt̚.i.da.i]
정말 아름다워,185,[tʃʌŋ.mal.a.ɾɯn.ta.wʌ],[dʒʌŋ.mal.a.ɾɯn.ta.wʌ]
그러니까 이제,185,[kɯ.ɾʌ.ni.k͈a.i.tʃe],[gɯ.ɾʌ.ni.k͈a.i.dʒe]
생각하고 있어요,185,[sɛŋ.kak̚.ha.ko.it̚.ʌ.jo],[sɛŋ.gak̚.ha.go.it̚.ʌ.jo]
하늘에 계신,185,[ha.nɯl.e.kje.sin],[ha.nɯl.e.gje.sin]
너 어떻게,185,[nʌ.ʌ.t͈ʌt̚.ke],[nʌ.ʌ.t͈ʌt̚.ke]
내가 일을,185,[nɛ.ka.il.ɯl],[nɛ.ga.il.ɯl]
자네 같은,185,[tʃa.ne.kat̚.ɯn],[dʒa.ne.gat̚.ɯn]
수 있단다,185,[su.it̚.tan.ta],[su.it̚.tan.ta]
네 얼굴을,185,[ne.ʌl.kul.ɯl],[ne.ʌl.kul.ɯl]
잘 모르겠네,185,[tʃal.mo.ɾɯ.ket̚.ne],[dʒal.mo.ɾɯ.get̚.ne]
있어 뭔데,185,[it̚.ʌ.mwʌn.te],[it̚.ʌ.mwʌn.te]
왜 굳이,185,[wɛ.kut̚.i],[wɛ.gut̚.i]
나쁘지 않네,185,[na.p͈ɯ.tʃi.an.ne],[na.p͈ɯ.dʒi.an.ne]
말할 것도 없고,185,[mal.hal.kʌt̚.to.ʌp̚.ko],[mal.hal.gʌt̚.to.ʌp̚.ko]
기다리는 게,185,[ki.ta.ɾi.nɯŋ.ke],[gi.da.ɾi.nɯn.ge]
그는 그냥,185,[kɯ.nɯŋ.kɯ.njaŋ],[gɯ.nɯn.gɯ.njaŋ]
그냥 안,185,[kɯ.njaŋ.an],[gɯ.njaŋ.an]
못 믿겠어요,185,[mot̚.mit̚.ket̚.ʌ.jo],[mot̚.mit̚.ket̚.ʌ.jo]
나야 모르지,185,[na.ja.mo.ɾɯ.tʃi],[na.ja.mo.ɾɯ.dʒi]
우리 부모님,185,[u.ɾi.pu.mo.nim],[u.ɾi.bu.mo.nim]
해야만 해,185,[hɛ.ja.man.hɛ],[hɛ.ja.man.hɛ]
쓸 줄,185,[s͈ɯl.tʃul],[s͈ɯl.dʒul]
날 죽이고,185,[nal.tʃuk̚.i.ko],[nal.dʒuk̚.i.go]
지키는 게,185,[tʃi.kʰi.nɯŋ.ke],[dʒi.kʰi.nɯn.ge]
할 말 없어요,185,[hal.mal.ʌp̚.ʌ.jo],[hal.mal.ʌp̚.ʌ.jo]
사이가 안,185,[sa.i.ka.an],[sa.i.ga.an]
줄도 모르고,185,[tʃul.to.mo.ɾɯ.ko],[dʒul.to.mo.ɾɯ.go]
가장 많은,185,[ka.tʃaŋ.man.ɯn],[ga.dʒaŋ.man.ɯn]
믿을 거야,185,[mit̚.ɯl.kʌ.ja],[mit̚.ɯl.gʌ.ja]
대로 할,185,[tɛ.ɾo.hal],[dɛ.ɾo.hal]
이번 한,185,[i.pʌn.han],[i.bʌn.han]
저기 있네요,185,[tʃʌ.ki.it̚.ne.jo],[dʒʌ.gi.it̚.ne.jo]
집중할 수,185,[tʃip̚.tʃuŋ.hal.su],[dʒip̚.tʃuŋ.hal.su]
얼른 가자,184,[ʌl.ɾɯŋ.ka.tʃa],[ʌl.ɾɯn.ga.dʒa]
떠난 후,184,[t͈ʌ.nan.hu],[t͈ʌ.nan.hu]
그게 중요한 게,184,[kɯ.ke.tʃuŋ.jo.haŋ.ke],[gɯ.ge.dʒuŋ.jo.han.ge]
만드는 것,184,[man.tɯ.nɯŋ.kʌt̚],[man.tɯ.nɯn.gʌt̚]
정말 그런,184,[tʃʌŋ.mal.kɯ.ɾʌn],[dʒʌŋ.mal.gɯ.ɾʌn]
원하는 건 뭐든,184,[wʌn.ha.nɯŋ.kʌn.mwʌ.tɯn],[wʌn.ha.nɯn.gʌn.mwʌ.dɯn]
있던 거야,184,[it̚.tʌŋ.kʌ.ja],[it̚.tʌn.gʌ.ja]
대부분의 사람들은,184,[tɛ.pu.pun.ɯi.sa.ɾan.tɯl.ɯn],[dɛ.bu.bun.ɯi.sa.ɾan.tɯl.ɯn]
무슨 소리가,184,[mu.sɯn.so.ɾi.ka],[mu.sɯn.so.ɾi.ga]
걸지 마,184,[kʌl.tʃi.ma],[gʌl.tʃi.ma]
그래야만 해,184,[kɯ.ɾɛ.ja.man.hɛ],[gɯ.ɾɛ.ja.man.hɛ]
나 그냥,184,[na.kɯ.njaŋ],[na.gɯ.njaŋ]
말하고 있다,184,[mal.ha.ko.it̚.ta],[mal.ha.go.it̚.ta]
포기할 수,184,[pʰo.ki.hal.su],[pʰo.gi.hal.su]
정말 대단해요,184,[tʃʌŋ.mal.tɛ.tan.hɛ.jo],[dʒʌŋ.mal.dɛ.dan.hɛ.jo]
그래서 그가,184,[kɯ.ɾɛ.sʌ.kɯ.ka],[gɯ.ɾɛ.sʌ.gɯ.ga]
봐 무슨,184,[pwa.mu.sɯn],[bwa.mu.sɯn]
이제 그는,184,[i.tʃe.kɯ.nɯn],[i.dʒe.gɯ.nɯn]
그럼 당신,184,[kɯ.ɾʌn.taŋ.sin],[gɯ.ɾʌm.daŋ.sin]
수 있겠습니까,184,[su.it̚.ket̚.sɯp̚.ni.k͈a],[su.it̚.ket̚.sɯp̚.ni.k͈a]
정말 끔찍한,184,[tʃʌŋ.mal.k͈ɯn.tʃ͈ik̚.han],[dʒʌŋ.mal.k͈ɯn.tʃ͈ik̚.han]
그건 나중에,184,[kɯ.kʌn.na.tʃuŋ.e],[gɯ.gʌn.na.dʒuŋ.e]
때 정말,184,[t͈ɛ.tʃʌŋ.mal],[t͈ɛ.dʒʌŋ.mal]
그는 매우,184,[kɯ.nɯn.mɛ.u],[gɯ.nɯn.mɛ.u]
잔 주세요,184,[tʃan.tʃu.se.jo],[dʒan.dʒu.se.jo]
시간 있어요,184,[si.kan.it̚.ʌ.jo],[si.gan.it̚.ʌ.jo]
총을 겨누고,184,[tʃʰoŋ.ɯl.kjʌ.nu.ko],[tʃʰoŋ.ɯl.gjʌ.nu.go]
대해 생각해,184,[tɛ.hɛ.sɛŋ.kak̚.hɛ],[dɛ.hɛ.sɛŋ.gak̚.hɛ]
우린 어떻게,184,[u.ɾin.ʌ.t͈ʌt̚.ke],[u.ɾin.ʌ.t͈ʌt̚.ke]
get to,184,,
곧 알게 될 거야,184,[kot̚.al.ke.twel.kʌ.ja],[got̚.al.ke.dwel.gʌ.ja]
해 아니면,184,[hɛ.a.ni.mjʌn],[hɛ.a.ni.mjʌn]
뭐라고 하든,184,[mwʌ.ɾa.ko.ha.tɯn],[mwʌ.ɾa.go.ha.dɯn]
절대 그러지,184,[tʃʌl.tɛ.kɯ.ɾʌ.tʃi],[dʒʌl.tɛ.gɯ.ɾʌ.dʒi]
강조 효과음,184,[kaŋ.tʃo.hjo.kwa.ɯm],[gaŋ.dʒo.hjo.gwa.ɯm]
있죠 이,184,[it̚.tʃjo.i],[it̚.tʃjo.i]
아니야 우린,184,[a.ni.ja.u.ɾin],[a.ni.ja.u.ɾin]
바로 우리,184,[pa.ɾo.u.ɾi],[ba.ɾo.u.ɾi]
좀 하려고,184,[tʃom.ha.ɾjʌ.ko],[dʒom.ha.ɾjʌ.go]
적이 있습니까,184,[tʃʌk̚.i.it̚.sɯp̚.ni.k͈a],[dʒʌk̚.i.it̚.sɯp̚.ni.k͈a]
그 집을,184,[kɯ.tʃip̚.ɯl],[gɯ.dʒip̚.ɯl]
벌써 몇,184,[pʌl.s͈ʌ.mjʌt̚],[bʌl.s͈ʌ.mjʌt̚]
전 단지,184,[tʃʌn.tan.tʃi],[dʒʌn.dan.tʃi]
가 내가,184,[ka.nɛ.ka],[ga.nɛ.ga]
그래도 내,184,[kɯ.ɾɛ.to.nɛ],[gɯ.ɾɛ.do.nɛ]
바로 저,184,[pa.ɾo.tʃʌ],[ba.ɾo.dʒʌ]
잘 어울린다,184,[tʃal.ʌ.ul.ɾin.ta],[dʒal.ʌ.ul.ɾin.ta]
좀 줄까,184,[tʃon.tʃul.k͈a],[dʒom.dʒul.k͈a]
수가 없었다,184,[su.ka.ʌp̚.ʌt̚.ta],[su.ga.ʌp̚.ʌt̚.ta]
그렇기 때문에,184,[kɯ.ɾʌt̚.ki.t͈ɛ.mun.e],[gɯ.ɾʌt̚.ki.t͈ɛ.mun.e]
갈 수가,184,[kal.su.ka],[gal.su.ga]
하고 있고,184,[ha.ko.it̚.ko],[ha.go.it̚.ko]
어떤 거요,184,[ʌ.t͈ʌŋ.kʌ.jo],[ʌ.t͈ʌn.gʌ.jo]
지금은 때가,184,[tʃi.kɯm.ɯn.t͈ɛ.ka],[dʒi.gɯm.ɯn.t͈ɛ.ga]
저녁 식사를,184,[tʃʌ.njʌk̚.sik̚.sa.ɾɯl],[dʒʌ.njʌk̚.sik̚.sa.ɾɯl]
무슨 말씀 하시는 거예요,184,[mu.sɯn.mal.s͈ɯm.ha.si.nɯŋ.kʌ.je.jo],[mu.sɯn.mal.s͈ɯm.ha.si.nɯn.gʌ.je.jo]
위해 일하고,184,[wi.hɛ.il.ha.ko],[wi.hɛ.il.ha.go]
그래 안녕,184,[kɯ.ɾɛ.an.njʌŋ],[gɯ.ɾɛ.an.njʌŋ]
죽게 될 거야,184,[tʃuk̚.ke.twel.kʌ.ja],[dʒuk̚.ke.dwel.gʌ.ja]
거 본,184,[kʌ.pon],[gʌ.bon]
먹을 사람,184,[mʌk̚.ɯl.sa.ɾam],[mʌk̚.ɯl.sa.ɾam]
괜찮을 거라고,184,[kwɛn.tʃʰan.ɯl.kʌ.ɾa.ko],[gwɛn.tʃʰan.ɯl.gʌ.ɾa.go]
하지만 나도,184,[ha.tʃi.man.na.to],[ha.dʒi.man.na.do]
위해 싸우는,184,[wi.hɛ.s͈a.u.nɯn],[wi.hɛ.s͈a.u.nɯn]
어쩌다 보니,184,[ʌ.tʃ͈ʌ.ta.po.ni],[ʌ.tʃ͈ʌ.da.bo.ni]
한 적 없어요,183,[han.tʃʌk̚.ʌp̚.ʌ.jo],[han.dʒʌk̚.ʌp̚.ʌ.jo]
사람이 있을,183,[sa.ɾam.i.it̚.ɯl],[sa.ɾam.i.it̚.ɯl]
갔다 왔어,183,[kat̚.ta.wat̚.ʌ],[gat̚.ta.wat̚.ʌ]
도움이 될까,183,[to.um.i.twel.k͈a],[do.um.i.dwel.k͈a]
마실 거,183,[ma.sil.kʌ],[ma.sil.gʌ]
그 남자의,183,[kɯ.nan.tʃa.ɯi],[gɯ.nan.tʃa.ɯi]
것도 있어,183,[kʌt̚.to.it̚.ʌ],[gʌt̚.to.it̚.ʌ]
못 받았어,183,[mot̚.pat̚.at̚.ʌ],[mot̚.bat̚.at̚.ʌ]
우린 다른,183,[u.ɾin.ta.ɾɯn],[u.ɾin.da.ɾɯn]
가지고 있는 것,183,[ka.tʃi.ko.it̚.nɯŋ.kʌt̚],[ga.dʒi.go.it̚.nɯn.gʌt̚]
말도 하지 마,183,[mal.to.ha.tʃi.ma],[mal.to.ha.dʒi.ma]
할 것도,183,[hal.kʌt̚.to],[hal.gʌt̚.to]
내게 맡겨,183,[nɛ.ke.mat̚.kjʌ],[nɛ.ge.mat̚.kjʌ]
더 강한,183,[tʌ.kaŋ.han],[dʌ.gaŋ.han]
세계 대전,183,[se.kje.tɛ.tʃʌn],[se.gje.dɛ.dʒʌn]
그의 모든,183,[kɯ.ɯi.mo.tɯn],[gɯ.ɯi.mo.dɯn]
거기 있었어요,183,[kʌ.ki.it̚.ʌt̚.ʌ.jo],[gʌ.gi.it̚.ʌt̚.ʌ.jo]
너의 그,183,[nʌ.ɯi.kɯ],[nʌ.ɯi.gɯ]
떠나지 마,183,[t͈ʌ.na.tʃi.ma],[t͈ʌ.na.dʒi.ma]
저리 치워,183,[tʃʌ.ɾi.tʃʰi.wʌ],[dʒʌ.ɾi.tʃʰi.wʌ]
짐 싸서,183,[tʃim.s͈a.sʌ],[dʒim.s͈a.sʌ]
한번 봐,183,[ham.pʌm.pwa],[ham.pʌn.bwa]
어디로 가는 거야,183,[ʌ.ti.ɾo.ka.nɯŋ.kʌ.ja],[ʌ.di.ɾo.ga.nɯn.gʌ.ja]
짓을 하는지,183,[tʃit̚.ɯl.ha.nɯn.tʃi],[dʒit̚.ɯl.ha.nɯn.tʃi]
년 전의,183,[njʌn.tʃʌn.ɯi],[njʌn.dʒʌn.ɯi]
명이 더,183,[mjʌŋ.i.tʌ],[mjʌŋ.i.dʌ]
내 아내와,183,[nɛ.a.nɛ.wa],[nɛ.a.nɛ.wa]
끝낼 순 없어,183,[k͈ɯt̚.nɛl.sun.ʌp̚.ʌ],[k͈ɯt̚.nɛl.sun.ʌp̚.ʌ]
알았어 하지만,183,[al.at̚.ʌ.ha.tʃi.man],[al.at̚.ʌ.ha.dʒi.man]
난 몰라요,183,[nan.mol.ɾa.jo],[nan.mol.ɾa.jo]
좀 먹고,183,[tʃom.mʌk̚.ko],[dʒom.mʌk̚.ko]
내가 당신에게,183,[nɛ.ka.taŋ.sin.e.ke],[nɛ.ga.daŋ.sin.e.ge]
들어 내가,183,[tɯl.ʌ.nɛ.ka],[dɯl.ʌ.nɛ.ga]
제가 그런,183,[tʃe.ka.kɯ.ɾʌn],[dʒe.ga.gɯ.ɾʌn]
못 잤어,183,[mot̚.tʃat̚.ʌ],[mot̚.dʒat̚.ʌ]
얘길 하고,183,[jɛ.kil.ha.ko],[jɛ.gil.ha.go]
이 책을,183,[i.tʃʰɛk̚.ɯl],[i.tʃʰɛk̚.ɯl]
다시 그,183,[ta.si.kɯ],[da.si.gɯ]
건 그냥,183,[kʌŋ.kɯ.njaŋ],[gʌn.gɯ.njaŋ]
처음 봤어요,183,[tʃʰʌ.ɯm.pwat̚.ʌ.jo],[tʃʰʌ.ɯm.bwat̚.ʌ.jo]
무슨 얘기야,183,[mu.sɯn.jɛ.ki.ja],[mu.sɯn.jɛ.gi.ja]
거 보니까,183,[kʌ.po.ni.k͈a],[gʌ.bo.ni.k͈a]
말해야 할,183,[mal.hɛ.ja.hal],[mal.hɛ.ja.hal]
대가를 치러야,183,[tɛ.ka.ɾɯl.tʃʰi.ɾʌ.ja],[dɛ.ga.ɾɯl.tʃʰi.ɾʌ.ja]
그게 바로 내가,183,[kɯ.ke.pa.ɾo.nɛ.ka],[gɯ.ge.ba.ɾo.nɛ.ga]
the door,183,,
날 막을,183,[nal.mak̚.ɯl],[nal.mak̚.ɯl]
짓 한,183,[tʃit̚.han],[dʒit̚.han]
좋아 우리,183,[tʃot̚.a.u.ɾi],[dʒot̚.a.u.ɾi]
많은 사람들,183,[man.ɯn.sa.ɾan.tɯl],[man.ɯn.sa.ɾan.tɯl]
다치게 할,183,[ta.tʃʰi.ke.hal],[da.tʃʰi.ge.hal]
다시 보니,183,[ta.si.po.ni],[da.si.bo.ni]
아니면 우리가,183,[a.ni.mjʌn.u.ɾi.ka],[a.ni.mjʌn.u.ɾi.ga]
나 혼자서,183,[na.hon.tʃa.sʌ],[na.hon.tʃa.sʌ]
여기가 어디야,183,[jʌ.ki.ka.ʌ.ti.ja],[jʌ.gi.ga.ʌ.di.ja]
다 알잖아,183,[ta.al.tʃan.a],[da.al.tʃan.a]
밖으로 나와,183,[pak̚.ɯ.ɾo.na.wa],[bak̚.ɯ.ɾo.na.wa]
수 있을지 모르겠어,183,[su.it̚.ɯl.tʃi.mo.ɾɯ.ket̚.ʌ],[su.it̚.ɯl.tʃi.mo.ɾɯ.get̚.ʌ]
안 마셔,183,[an.ma.sjʌ],[an.ma.sjʌ]
그냥 그런,183,[kɯ.njaŋ.kɯ.ɾʌn],[gɯ.njaŋ.gɯ.ɾʌn]
여기 서,183,[jʌ.ki.sʌ],[jʌ.gi.sʌ]
내가 좋은,182,[nɛ.ka.tʃot̚.ɯn],[nɛ.ga.dʒot̚.ɯn]
그럼 대체,182,[kɯ.ɾʌn.tɛ.tʃʰe],[gɯ.ɾʌm.dɛ.tʃʰe]
up to,182,,
뭔가 있을,182,[mwʌŋ.ka.it̚.ɯl],[mwʌŋ.ka.it̚.ɯl]
좋은 거예요,182,[tʃot̚.ɯŋ.kʌ.je.jo],[dʒot̚.ɯn.gʌ.je.jo]
다시는 이런,182,[ta.si.nɯn.i.ɾʌn],[da.si.nɯn.i.ɾʌn]
왜 그러시죠,182,[wɛ.kɯ.ɾʌ.si.tʃjo],[wɛ.gɯ.ɾʌ.si.dʒjo]
어느 때보다도,182,[ʌ.nɯ.t͈ɛ.po.ta.to],[ʌ.nɯ.t͈ɛ.bo.da.do]
받고 있습니다,182,[pat̚.ko.it̚.sɯp̚.ni.ta],[bat̚.ko.it̚.sɯp̚.ni.da]
사람들은 모두,182,[sa.ɾan.tɯl.ɯn.mo.tu],[sa.ɾan.tɯl.ɯn.mo.du]
그게 아니라면,182,[kɯ.ke.a.ni.ɾa.mjʌn],[gɯ.ge.a.ni.ɾa.mjʌn]
말해 줄래,182,[mal.hɛ.tʃul.ɾɛ],[mal.hɛ.dʒul.ɾɛ]
건 아닐까,182,[kʌn.a.nil.k͈a],[gʌn.a.nil.k͈a]
이 손,182,[i.son],[i.son]
나는 그렇지,182,[na.nɯŋ.kɯ.ɾʌt̚.tʃi],[na.nɯn.gɯ.ɾʌt̚.tʃi]
보고 싶으면,182,[po.ko.sip̚.ɯ.mjʌn],[bo.go.sip̚.ɯ.mjʌn]
나한테서 떨어져,182,[na.han.tʰe.sʌ.t͈ʌl.ʌ.tʃjʌ],[na.han.tʰe.sʌ.t͈ʌl.ʌ.dʒjʌ]
이건 좋은,182,[i.kʌn.tʃot̚.ɯn],[i.gʌn.dʒot̚.ɯn]
수 있으며,182,[su.it̚.ɯ.mjʌ],[su.it̚.ɯ.mjʌ]
무슨 말을 해야 할지,182,[mu.sɯn.mal.ɯl.hɛ.ja.hal.tʃi],[mu.sɯn.mal.ɯl.hɛ.ja.hal.tʃi]
거야 알아,182,[kʌ.ja.al.a],[gʌ.ja.al.a]
그래요 그럼,182,[kɯ.ɾɛ.jo.kɯ.ɾʌm],[gɯ.ɾɛ.jo.gɯ.ɾʌm]
어떻게 이럴 수,182,[ʌ.t͈ʌt̚.ke.i.ɾʌl.su],[ʌ.t͈ʌt̚.ke.i.ɾʌl.su]
것 같던데요,182,[kʌt̚.kat̚.tʌn.te.jo],[gʌt̚.gat̚.tʌn.te.jo]
나는 매우,182,[na.nɯn.mɛ.u],[na.nɯn.mɛ.u]
살아가는 거야,182,[sal.a.ka.nɯŋ.kʌ.ja],[sal.a.ga.nɯn.gʌ.ja]
지난 번,182,[tʃi.nam.pʌn],[dʒi.nan.bʌn]
있어 어떤,182,[it̚.ʌ.ʌ.t͈ʌn],[it̚.ʌ.ʌ.t͈ʌn]
그때 난,182,[kɯ.t͈ɛ.nan],[gɯ.t͈ɛ.nan]
어떻게 되지,182,[ʌ.t͈ʌt̚.ke.twe.tʃi],[ʌ.t͈ʌt̚.ke.dwe.dʒi]
봐요 난,182,[pwa.jo.nan],[bwa.jo.nan]
우리가 사는,182,[u.ɾi.ka.sa.nɯn],[u.ɾi.ga.sa.nɯn]
잘 지내셨어요,182,[tʃal.tʃi.nɛ.sjʌt̚.ʌ.jo],[dʒal.dʒi.nɛ.sjʌt̚.ʌ.jo]
하지 그래,182,[ha.tʃi.kɯ.ɾɛ],[ha.dʒi.gɯ.ɾɛ]
그 말이야,182,[kɯ.mal.i.ja],[gɯ.mal.i.ja]
내가 왜 여기,182,[nɛ.ka.wɛ.jʌ.ki],[nɛ.ga.wɛ.jʌ.gi]
했어 네가,182,[hɛt̚.ʌ.ne.ka],[hɛt̚.ʌ.ne.ga]
나는 계속,182,[na.nɯŋ.kje.sok̚],[na.nɯn.gje.sok̚]
좀 들어봐요,182,[tʃon.tɯl.ʌ.pwa.jo],[dʒom.dɯl.ʌ.bwa.jo]
그걸 못,182,[kɯ.kʌl.mot̚],[gɯ.gʌl.mot̚]
제가 오늘,182,[tʃe.ka.o.nɯl],[dʒe.ga.o.nɯl]
알고 있었던,182,[al.ko.it̚.ʌt̚.tʌn],[al.ko.it̚.ʌt̚.tʌn]
나와 봐,182,[na.wa.pwa],[na.wa.bwa]
그리고 가장,182,[kɯ.ɾi.ko.ka.tʃaŋ],[gɯ.ɾi.go.ga.dʒaŋ]
가서 내,182,[ka.sʌ.nɛ],[ga.sʌ.nɛ]
다른 길을,182,[ta.ɾɯŋ.kil.ɯl],[da.ɾɯn.gil.ɯl]
그래도 그,182,[kɯ.ɾɛ.to.kɯ],[gɯ.ɾɛ.do.gɯ]
전 아니에요,182,[tʃʌn.a.ni.e.jo],[dʒʌn.a.ni.e.jo]
그래서 나도,182,[kɯ.ɾɛ.sʌ.na.to],[gɯ.ɾɛ.sʌ.na.do]
있지 않나요,182,[it̚.tʃi.an.na.jo],[it̚.tʃi.an.na.jo]
싶어 하지만,182,[sip̚.ʌ.ha.tʃi.man],[sip̚.ʌ.ha.dʒi.man]
그 말에,182,[kɯ.mal.e],[gɯ.mal.e]
네가 알고,182,[ne.ka.al.ko],[ne.ga.al.ko]
일도 안,182,[il.to.an],[il.to.an]
다른 방법으로,182,[ta.ɾɯm.pam.pʌp̚.ɯ.ɾo],[da.ɾɯn.baŋ.bʌp̚.ɯ.ɾo]
그 분,182,[kɯ.pun],[gɯ.bun]
받는 건,182,[pat̚.nɯŋ.kʌn],[bat̚.nɯn.gʌn]
이렇게 해야,182,[i.ɾʌt̚.ke.hɛ.ja],[i.ɾʌt̚.ke.hɛ.ja]
상관할 바,182,[saŋ.kwan.hal.pa],[saŋ.gwan.hal.ba]
걸릴 수도,182,[kʌl.ɾil.su.to],[gʌl.ɾil.su.do]
아냐 넌,182,[a.nja.nʌn],[a.nja.nʌn]
않아 이,182,[an.a.i],[an.a.i]
우리 애들이,182,[u.ɾi.ɛ.tɯl.i],[u.ɾi.ɛ.dɯl.i]
저 녀석이,182,[tʃʌ.njʌ.sʌk̚.i],[dʒʌ.njʌ.sʌk̚.i]
있을 줄 알았는데,182,[it̚.ɯl.tʃul.al.at̚.nɯn.te],[it̚.ɯl.dʒul.al.at̚.nɯn.te]
마 그럼,182,[ma.kɯ.ɾʌm],[ma.gɯ.ɾʌm]
같은 데,182,[kat̚.ɯn.te],[gat̚.ɯn.de]
거 아니잖아,182,[kʌ.a.ni.tʃan.a],[gʌ.a.ni.dʒan.a]
그럼 제,182,[kɯ.ɾʌn.tʃe],[gɯ.ɾʌm.dʒe]
좀 하시죠,182,[tʃom.ha.si.tʃjo],[dʒom.ha.si.dʒjo]
우리 애,182,[u.ɾi.ɛ],[u.ɾi.ɛ]
나는 당신의,181,[na.nɯn.taŋ.sin.ɯi],[na.nɯn.daŋ.sin.ɯi]
지금 당신이,181,[tʃi.kɯn.taŋ.sin.i],[dʒi.gɯm.daŋ.sin.i]
뭐라고 할까,181,[mwʌ.ɾa.ko.hal.k͈a],[mwʌ.ɾa.go.hal.k͈a]
되는 건데,181,[twe.nɯŋ.kʌn.te],[dwe.nɯn.gʌn.te]
아니면 네,181,[a.ni.mjʌn.ne],[a.ni.mjʌn.ne]
근데 뭐,181,[kɯn.te.mwʌ],[gɯn.te.mwʌ]
고마워 고마워,181,[ko.ma.wʌ.ko.ma.wʌ],[go.ma.wʌ.go.ma.wʌ]
아직 잘,181,[a.tʃik̚.tʃal],[a.dʒik̚.dʒal]
확인 안,181,[hwak̚.in.an],[hwak̚.in.an]
알 필요,181,[al.pʰil.jo],[al.pʰil.jo]
밥 먹자,181,[pap̚.mʌk̚.tʃa],[bap̚.mʌk̚.tʃa]
이 집이,181,[i.tʃip̚.i],[i.dʒip̚.i]
말하지 말고,181,[mal.ha.tʃi.mal.ko],[mal.ha.dʒi.mal.ko]
저 문을,181,[tʃʌ.mun.ɯl],[dʒʌ.mun.ɯl]
네 마음을,181,[ne.ma.ɯm.ɯl],[ne.ma.ɯm.ɯl]
해줘서 고마워,181,[hɛ.tʃwʌ.sʌ.ko.ma.wʌ],[hɛ.dʒwʌ.sʌ.go.ma.wʌ]
그러면 그,181,[kɯ.ɾʌ.mjʌŋ.kɯ],[gɯ.ɾʌ.mjʌn.gɯ]
일하는 걸,181,[il.ha.nɯŋ.kʌl],[il.ha.nɯn.gʌl]
절대 그런,181,[tʃʌl.tɛ.kɯ.ɾʌn],[dʒʌl.tɛ.gɯ.ɾʌn]
없어요 무슨,181,[ʌp̚.ʌ.jo.mu.sɯn],[ʌp̚.ʌ.jo.mu.sɯn]
보여 주는,181,[po.jʌ.tʃu.nɯn],[bo.jʌ.dʒu.nɯn]
난 아무 짓도 안,181,[nan.a.mu.tʃit̚.to.an],[nan.a.mu.dʒit̚.to.an]
뭔가 할,181,[mwʌŋ.ka.hal],[mwʌŋ.ka.hal]
만들 거예요,181,[man.tɯl.kʌ.je.jo],[man.tɯl.gʌ.je.jo]
얘기해야 해,181,[jɛ.ki.hɛ.ja.hɛ],[jɛ.gi.hɛ.ja.hɛ]
만나서 반가웠어,181,[man.na.sʌ.paŋ.ka.wʌt̚.ʌ],[man.na.sʌ.baŋ.ka.wʌt̚.ʌ]
있어 이봐,181,[it̚.ʌ.i.pwa],[it̚.ʌ.i.bwa]
잘 왔다,181,[tʃal.wat̚.ta],[dʒal.wat̚.ta]
한 남자를,181,[han.nan.tʃa.ɾɯl],[han.nan.tʃa.ɾɯl]
잘 할 수,181,[tʃal.hal.su],[dʒal.hal.su]
나은 사람이,181,[na.ɯn.sa.ɾam.i],[na.ɯn.sa.ɾam.i]
죽을 겁니다,181,[tʃuk̚.ɯl.kʌp̚.ni.ta],[dʒuk̚.ɯl.gʌp̚.ni.da]
너도 그렇게,181,[nʌ.to.kɯ.ɾʌt̚.ke],[nʌ.do.gɯ.ɾʌt̚.ke]
돼 우리가,181,[twɛ.u.ɾi.ka],[dwɛ.u.ɾi.ga]
가능한 모든,181,[ka.nɯŋ.han.mo.tɯn],[ga.nɯŋ.han.mo.dɯn]
차 세계,181,[tʃʰa.se.kje],[tʃʰa.se.gje]
뭐라도 좀,181,[mwʌ.ɾa.to.tʃom],[mwʌ.ɾa.do.dʒom]
어이가 없네,181,[ʌ.i.ka.ʌp̚.ne],[ʌ.i.ga.ʌp̚.ne]
할 것 같네요,181,[hal.kʌt̚.kat̚.ne.jo],[hal.gʌt̚.gat̚.ne.jo]
제가 도울,181,[tʃe.ka.to.ul],[dʒe.ga.do.ul]
뭔가 잘못된,181,[mwʌŋ.ka.tʃal.mot̚.twen],[mwʌŋ.ka.dʒal.mot̚.twen]
그럴지도 몰라,181,[kɯ.ɾʌl.tʃi.to.mol.ɾa],[gɯ.ɾʌl.tʃi.do.mol.ɾa]
얼마나 오랫동안,181,[ʌl.ma.na.o.ɾɛt̚.toŋ.an],[ʌl.ma.na.o.ɾɛt̚.toŋ.an]
밝힐 수,181,[pak̚.hil.su],[bak̚.hil.su]
봐 주세요,181,[pwa.tʃu.se.jo],[bwa.dʒu.se.jo]
미친 게,181,[mi.tʃʰiŋ.ke],[mi.tʃʰin.ge]
말해 보세요,181,[mal.hɛ.po.se.jo],[mal.hɛ.bo.se.jo]
to help,181,,
좀 있으면,181,[tʃom.it̚.ɯ.mjʌn],[dʒom.it̚.ɯ.mjʌn]
일이나 해,181,[il.i.na.hɛ],[il.i.na.hɛ]
합니다 이,181,[hap̚.ni.ta.i],[hap̚.ni.da.i]
모를 것,181,[mo.ɾɯl.kʌt̚],[mo.ɾɯl.gʌt̚]
나는 다시,181,[na.nɯn.ta.si],[na.nɯn.da.si]
그건 무슨,181,[kɯ.kʌn.mu.sɯn],[gɯ.gʌn.mu.sɯn]
있어 당신,181,[it̚.ʌ.taŋ.sin],[it̚.ʌ.daŋ.sin]
담배 한,181,[tam.pɛ.han],[dam.pɛ.han]
싶을 뿐이에요,181,[sip̚.ɯl.p͈un.i.e.jo],[sip̚.ɯl.p͈un.i.e.jo]
너무 커,181,[nʌ.mu.kʰʌ],[nʌ.mu.kʰʌ]
이런 상황에,181,[i.ɾʌn.saŋ.hwaŋ.e],[i.ɾʌn.saŋ.hwaŋ.e]
온 힘을,181,[on.him.ɯl],[on.him.ɯl]
우리가 너무,181,[u.ɾi.ka.nʌ.mu],[u.ɾi.ga.nʌ.mu]
도와줄 거예요,181,[to.wa.tʃul.kʌ.je.jo],[do.wa.dʒul.gʌ.je.jo]
있는 어떤,181,[it̚.nɯn.ʌ.t͈ʌn],[it̚.nɯn.ʌ.t͈ʌn]
우리가 좀,181,[u.ɾi.ka.tʃom],[u.ɾi.ga.dʒom]
문이 덜컥 열린다,181,[mun.i.tʌl.kʰʌk̚.jʌl.ɾin.ta],[mun.i.dʌl.kʰʌk̚.jʌl.ɾin.ta]
그거 진짜,181,[kɯ.kʌ.tʃin.tʃ͈a],[gɯ.gʌ.dʒin.tʃ͈a]
my heart,181,,
같아 왜,181,[kat̚.a.wɛ],[gat̚.a.wɛ]
지금 상황이,181,[tʃi.kɯm.saŋ.hwaŋ.i],[dʒi.gɯm.saŋ.hwaŋ.i]
이거 내,181,[i.kʌ.nɛ],[i.gʌ.nɛ]
당신 집에,181,[taŋ.sin.tʃip̚.e],[daŋ.sin.dʒip̚.e]
좋아하는 거야,181,[tʃot̚.a.ha.nɯŋ.kʌ.ja],[dʒot̚.a.ha.nɯn.gʌ.ja]
근데 제가,181,[kɯn.te.tʃe.ka],[gɯn.te.dʒe.ga]
미친 것,181,[mi.tʃʰiŋ.kʌt̚],[mi.tʃʰin.gʌt̚]
너희 둘을,181,[nʌ.hɯi.tul.ɯl],[nʌ.hɯi.dul.ɯl]
꼴 좀,181,[k͈ol.tʃom],[k͈ol.dʒom]
오늘 그,181,[o.nɯl.kɯ],[o.nɯl.gɯ]
말씀드릴 게,181,[mal.s͈ɯn.tɯ.ɾil.ke],[mal.s͈ɯn.tɯ.ɾil.ge]
게 아니라고요,181,[ke.a.ni.ɾa.ko.jo],[ge.a.ni.ɾa.go.jo]
주시면 안,181,[tʃu.si.mjʌn.an],[dʒu.si.mjʌn.an]
어디서 온,180,[ʌ.ti.sʌ.on],[ʌ.di.sʌ.on]
물드는 색채를 동경했었어,180,[mul.tɯ.nɯn.sɛk̚.tʃʰɛ.ɾɯl.toŋ.kjʌŋ.hɛt̚.ʌt̚.ʌ],[mul.tɯ.nɯn.sɛk̚.tʃʰɛ.ɾɯl.doŋ.gjʌŋ.hɛt̚.ʌt̚.ʌ]
그래도 계속,180,[kɯ.ɾɛ.to.kje.sok̚],[gɯ.ɾɛ.do.gje.sok̚]
마세요 제가,180,[ma.se.jo.tʃe.ka],[ma.se.jo.dʒe.ga]
없이 물드는 색채를,180,[ʌp̚.i.mul.tɯ.nɯn.sɛk̚.tʃʰɛ.ɾɯl],[ʌp̚.i.mul.tɯ.nɯn.sɛk̚.tʃʰɛ.ɾɯl]
너무 예쁘다,180,[nʌ.mu.je.p͈ɯ.ta],[nʌ.mu.je.p͈ɯ.da]
어떻게 하려고,180,[ʌ.t͈ʌt̚.ke.ha.ɾjʌ.ko],[ʌ.t͈ʌt̚.ke.ha.ɾjʌ.go]
재수 없게,180,[tʃɛ.su.ʌp̚.ke],[dʒɛ.su.ʌp̚.ke]
원래 이런,180,[wʌl.lɛ.i.ɾʌn],[wʌl.lɛ.i.ɾʌn]
나랑 얘기,180,[na.ɾaŋ.jɛ.ki],[na.ɾaŋ.jɛ.gi]
그 시간에,180,[kɯ.si.kan.e],[gɯ.si.gan.e]
없이 물드는,180,[ʌp̚.i.mul.tɯ.nɯn],[ʌp̚.i.mul.tɯ.nɯn]
찾은 건,180,[tʃʰat̚.ɯŋ.kʌn],[tʃʰat̚.ɯn.gʌn]
물드는 색채를,180,[mul.tɯ.nɯn.sɛk̚.tʃʰɛ.ɾɯl],[mul.tɯ.nɯn.sɛk̚.tʃʰɛ.ɾɯl]
말 안했어,180,[mal.an.hɛt̚.ʌ],[mal.an.hɛt̚.ʌ]
알았어 알았어,180,[al.at̚.ʌ.al.at̚.ʌ],[al.at̚.ʌ.al.at̚.ʌ]
볼 순,180,[pol.sun],[bol.sun]
질 거야,180,[tʃil.kʌ.ja],[dʒil.gʌ.ja]
곳에 있는,180,[kot̚.e.it̚.nɯn],[got̚.e.it̚.nɯn]
웃지 마,180,[ut̚.tʃi.ma],[ut̚.tʃi.ma]
우린 서로를,180,[u.ɾin.sʌ.ɾo.ɾɯl],[u.ɾin.sʌ.ɾo.ɾɯl]
알고 있다는,180,[al.ko.it̚.ta.nɯn],[al.ko.it̚.ta.nɯn]
또 그런,180,[t͈o.kɯ.ɾʌn],[t͈o.gɯ.ɾʌn]
라이드 온,180,[ɾa.i.tɯ.on],[ɾa.i.dɯ.on]
내가 찾은,180,[nɛ.ka.tʃʰat̚.ɯn],[nɛ.ga.tʃʰat̚.ɯn]
됐어 내가,180,[twɛt̚.ʌ.nɛ.ka],[dwɛt̚.ʌ.nɛ.ga]
앞으로도 그럴,180,[ap̚.ɯ.ɾo.to.kɯ.ɾʌl],[ap̚.ɯ.ɾo.do.gɯ.ɾʌl]
어디든 갈 수,180,[ʌ.ti.tɯŋ.kal.su],[ʌ.di.dɯn.gal.su]
짓 때문에,180,[tʃit̚.t͈ɛ.mun.e],[dʒit̚.t͈ɛ.mun.e]
우리 관계를,180,[u.ɾi.kwaŋ.kje.ɾɯl],[u.ɾi.gwaŋ.kje.ɾɯl]
우리 진짜,180,[u.ɾi.tʃin.tʃ͈a],[u.ɾi.dʒin.tʃ͈a]
달에 한,180,[tal.e.han],[dal.e.han]
He was,180,,
그리고 그렇다면,180,[kɯ.ɾi.ko.kɯ.ɾʌt̚.ta.mjʌn],[gɯ.ɾi.go.gɯ.ɾʌt̚.ta.mjʌn]
전에 우리,180,[tʃʌn.e.u.ɾi],[dʒʌn.e.u.ɾi]
Date on,180,,
그런 적이,180,[kɯ.ɾʌn.tʃʌk̚.i],[gɯ.ɾʌn.dʒʌk̚.i]
ためらわず染まる色彩に憧れた 망설임,180,[maŋ.sʌl.im],[maŋ.sʌl.im]
소식을 듣고,180,[so.sik̚.ɯl.tɯt̚.ko],[so.sik̚.ɯl.dɯt̚.ko]
망설임 없이 물드는 색채를,180,[maŋ.sʌl.im.ʌp̚.i.mul.tɯ.nɯn.sɛk̚.tʃʰɛ.ɾɯl],[maŋ.sʌl.im.ʌp̚.i.mul.tɯ.nɯn.sɛk̚.tʃʰɛ.ɾɯl]
건 뭐야,180,[kʌn.mwʌ.ja],[gʌn.mwʌ.ja]
저 여잔,180,[tʃʌ.jʌ.tʃan],[dʒʌ.jʌ.dʒan]
돕는 게,180,[top̚.nɯŋ.ke],[dop̚.nɯn.ge]
없이 물드는 색채를 동경했었어,180,[ʌp̚.i.mul.tɯ.nɯn.sɛk̚.tʃʰɛ.ɾɯl.toŋ.kjʌŋ.hɛt̚.ʌt̚.ʌ],[ʌp̚.i.mul.tɯ.nɯn.sɛk̚.tʃʰɛ.ɾɯl.doŋ.gjʌŋ.hɛt̚.ʌt̚.ʌ]
망설임 없이 물드는,180,[maŋ.sʌl.im.ʌp̚.i.mul.tɯ.nɯn],[maŋ.sʌl.im.ʌp̚.i.mul.tɯ.nɯn]
Air Date on,180,,
네 여자,180,[ne.jʌ.tʃa],[ne.jʌ.dʒa]
보고 있는데,180,[po.ko.it̚.nɯn.te],[bo.go.it̚.nɯn.te]
보러 왔어,180,[po.ɾʌ.wat̚.ʌ],[bo.ɾʌ.wat̚.ʌ]
그건 불가능해요,180,[kɯ.kʌm.pul.ka.nɯŋ.hɛ.jo],[gɯ.gʌn.bul.ka.nɯŋ.hɛ.jo]
시간 반,180,[si.kam.pan],[si.gan.ban]
없는 세상으로,180,[ʌp̚.nɯn.se.saŋ.ɯ.ɾo],[ʌp̚.nɯn.se.saŋ.ɯ.ɾo]
거지 그래,180,[kʌ.tʃi.kɯ.ɾɛ],[gʌ.dʒi.gɯ.ɾɛ]
이거 내가,180,[i.kʌ.nɛ.ka],[i.gʌ.nɛ.ga]
알고 지낸,180,[al.ko.tʃi.nɛn],[al.ko.dʒi.nɛn]
초 동안,180,[tʃʰo.toŋ.an],[tʃʰo.doŋ.an]
it all,180,,
처음 봤을 때,180,[tʃʰʌ.ɯm.pwat̚.ɯl.t͈ɛ],[tʃʰʌ.ɯm.bwat̚.ɯl.t͈ɛ]
ためらわず染まる色彩に憧れた 망설임 없이 물드는,180,[maŋ.sʌl.im.ʌp̚.i.mul.tɯ.nɯn],[maŋ.sʌl.im.ʌp̚.i.mul.tɯ.nɯn]
여긴 제,180,[jʌ.kin.tʃe],[jʌ.gin.dʒe]
이 친구야,180,[i.tʃʰiŋ.ku.ja],[i.tʃʰiŋ.ku.ja]
마음 속에,180,[ma.ɯm.sok̚.e],[ma.ɯm.sok̚.e]
ためらわず染まる色彩に憧れた 망설임 없이,180,[maŋ.sʌl.im.ʌp̚.i],[maŋ.sʌl.im.ʌp̚.i]
해요 그게,180,[hɛ.jo.kɯ.ke],[hɛ.jo.gɯ.ge]
어디로 갈지,180,[ʌ.ti.ɾo.kal.tʃi],[ʌ.di.ɾo.gal.tʃi]
곧 도착할,180,[kot̚.to.tʃʰak̚.hal],[got̚.do.tʃʰak̚.hal]
이젠 다,180,[i.tʃen.ta],[i.dʒen.da]
달라고 해,180,[tal.ɾa.ko.hɛ],[dal.ɾa.go.hɛ]
할 줄 알아,180,[hal.tʃul.al.a],[hal.dʒul.al.a]
걸 갖고,180,[kʌl.kat̚.ko],[gʌl.gat̚.ko]
도대체 뭐가,180,[to.tɛ.tʃʰe.mwʌ.ka],[do.dɛ.tʃʰe.mwʌ.ga]
그걸 누가,180,[kɯ.kʌl.lu.ka],[gɯ.gʌl.lu.ga]
제발 그냥,180,[tʃe.pal.kɯ.njaŋ],[dʒe.bal.gɯ.njaŋ]
흔적도 없이,180,[hɯn.tʃʌk̚.to.ʌp̚.i],[hɯn.tʃʌk̚.to.ʌp̚.i]
색채를 동경했었어,180,[sɛk̚.tʃʰɛ.ɾɯl.toŋ.kjʌŋ.hɛt̚.ʌt̚.ʌ],[sɛk̚.tʃʰɛ.ɾɯl.doŋ.gjʌŋ.hɛt̚.ʌt̚.ʌ]
돌아온 거야,180,[tol.a.oŋ.kʌ.ja],[dol.a.on.gʌ.ja]
그렇게 나쁜,180,[kɯ.ɾʌt̚.ke.na.p͈ɯn],[gɯ.ɾʌt̚.ke.na.p͈ɯn]
무슨 말인지 알겠어,180,[mu.sɯn.mal.in.tʃi.al.ket̚.ʌ],[mu.sɯn.mal.in.tʃi.al.ket̚.ʌ]
한번 보자,180,[ham.pʌm.po.tʃa],[ham.pʌn.bo.dʒa]
때 더,179,[t͈ɛ.tʌ],[t͈ɛ.dʌ]
해요 우리가,179,[hɛ.jo.u.ɾi.ka],[hɛ.jo.u.ɾi.ga]
걸 알고 있어,179,[kʌl.al.ko.it̚.ʌ],[gʌl.al.ko.it̚.ʌ]
I knew,179,,
잘 챙겨,179,[tʃal.tʃʰɛŋ.kjʌ],[dʒal.tʃʰɛŋ.gjʌ]
말이 맞지,179,[mal.i.mat̚.tʃi],[mal.i.mat̚.tʃi]
것 같아 난,179,[kʌt̚.kat̚.a.nan],[gʌt̚.gat̚.a.nan]
바로 갈게요,179,[pa.ɾo.kal.ke.jo],[ba.ɾo.gal.ke.jo]
give me,179,,
좀 하라고,179,[tʃom.ha.ɾa.ko],[dʒom.ha.ɾa.go]
걸 막을,179,[kʌl.mak̚.ɯl],[gʌl.mak̚.ɯl]
무시할 수,179,[mu.si.hal.su],[mu.si.hal.su]
당장 이,179,[taŋ.tʃaŋ.i],[daŋ.dʒaŋ.i]
번에 한,179,[pʌn.e.han],[bʌn.e.han]
뭘 하고 있는지,179,[mwʌl.ha.ko.it̚.nɯn.tʃi],[mwʌl.ha.go.it̚.nɯn.tʃi]
했어요 제가,179,[hɛt̚.ʌ.jo.tʃe.ka],[hɛt̚.ʌ.jo.dʒe.ga]
to keep,179,,
할 것 같다,179,[hal.kʌt̚.kat̚.ta],[hal.gʌt̚.gat̚.ta]
그런 거 없어,179,[kɯ.ɾʌŋ.kʌ.ʌp̚.ʌ],[gɯ.ɾʌn.gʌ.ʌp̚.ʌ]
자네가 내,179,[tʃa.ne.ka.nɛ],[dʒa.ne.ga.nɛ]
수가 없는,179,[su.ka.ʌp̚.nɯn],[su.ga.ʌp̚.nɯn]
난 더이상,179,[nan.tʌ.i.saŋ],[nan.dʌ.i.saŋ]
부스럭 소리,179,[pu.sɯ.ɾʌk̚.so.ɾi],[bu.sɯ.ɾʌk̚.so.ɾi]
일어날 거야,179,[il.ʌ.nal.kʌ.ja],[il.ʌ.nal.gʌ.ja]
만한 건,179,[man.haŋ.kʌn],[man.han.gʌn]
것을 알고 있다,179,[kʌt̚.ɯl.al.ko.it̚.ta],[gʌt̚.ɯl.al.ko.it̚.ta]
이제 거의,179,[i.tʃe.kʌ.ɯi],[i.dʒe.gʌ.ɯi]
그런가 봐,179,[kɯ.ɾʌŋ.ka.pwa],[gɯ.ɾʌŋ.ka.bwa]
말이야 정말,179,[mal.i.ja.tʃʌŋ.mal],[mal.i.ja.dʒʌŋ.mal]
안 받을,179,[am.pat̚.ɯl],[an.bat̚.ɯl]
싶어 한다,179,[sip̚.ʌ.han.ta],[sip̚.ʌ.han.ta]
가는 길을,179,[ka.nɯŋ.kil.ɯl],[ga.nɯn.gil.ɯl]
쉬고 있어,179,[swi.ko.it̚.ʌ],[swi.go.it̚.ʌ]
함께 있다,179,[ham.k͈e.it̚.ta],[ham.k͈e.it̚.ta]
있는 거라고,179,[it̚.nɯŋ.kʌ.ɾa.ko],[it̚.nɯn.gʌ.ɾa.go]
게 필요해,179,[ke.pʰil.jo.hɛ],[ge.pʰil.jo.hɛ]
문제가 아냐,179,[mun.tʃe.ka.a.nja],[mun.tʃe.ga.a.nja]
좀 드세요,179,[tʃon.tɯ.se.jo],[dʒom.dɯ.se.jo]
여기 있니,179,[jʌ.ki.it̚.ni],[jʌ.gi.it̚.ni]
정말 좋았어요,179,[tʃʌŋ.mal.tʃot̚.at̚.ʌ.jo],[dʒʌŋ.mal.dʒot̚.at̚.ʌ.jo]
그랬던 것,179,[kɯ.ɾɛt̚.tʌŋ.kʌt̚],[gɯ.ɾɛt̚.tʌn.gʌt̚]
말하고 싶었어,179,[mal.ha.ko.sip̚.ʌt̚.ʌ],[mal.ha.go.sip̚.ʌt̚.ʌ]
여기 왔어요,179,[jʌ.ki.wat̚.ʌ.jo],[jʌ.gi.wat̚.ʌ.jo]
만든 것,179,[man.tɯŋ.kʌt̚],[man.tɯn.gʌt̚]
정확히 말하면,179,[tʃʌŋ.hwak̚.hi.mal.ha.mjʌn],[dʒʌŋ.hwak̚.hi.mal.ha.mjʌn]
내 말 못,179,[nɛ.mal.mot̚],[nɛ.mal.mot̚]
관련이 있는,179,[kwal.ljʌn.i.it̚.nɯn],[gwal.ljʌn.i.it̚.nɯn]
해요 전,179,[hɛ.jo.tʃʌn],[hɛ.jo.dʒʌn]
정말 말도,179,[tʃʌŋ.mal.mal.to],[dʒʌŋ.mal.mal.to]
아무데도 안,179,[a.mu.te.to.an],[a.mu.de.do.an]
내가 사는,179,[nɛ.ka.sa.nɯn],[nɛ.ga.sa.nɯn]
여긴 내가,179,[jʌ.kin.nɛ.ka],[jʌ.gin.nɛ.ga]
다른 사람들에게,179,[ta.ɾɯn.sa.ɾan.tɯl.e.ke],[da.ɾɯn.sa.ɾan.tɯl.e.ge]
지금 뭐라고,179,[tʃi.kɯm.mwʌ.ɾa.ko],[dʒi.gɯm.mwʌ.ɾa.go]
Original Air Date on,179,,
잘 어울리는,179,[tʃal.ʌ.ul.ɾi.nɯn],[dʒal.ʌ.ul.ɾi.nɯn]
이번엔 내가,179,[i.pʌn.en.nɛ.ka],[i.bʌn.en.nɛ.ga]
건지 알아,179,[kʌn.tʃi.al.a],[gʌn.tʃi.al.a]
끝난 거야,179,[k͈ɯt̚.naŋ.kʌ.ja],[k͈ɯt̚.nan.gʌ.ja]
돼 나도,179,[twɛ.na.to],[dwɛ.na.do]
이 문,179,[i.mun],[i.mun]
되기 위해,179,[twe.ki.wi.hɛ],[dwe.gi.wi.hɛ]
당신은 당신,179,[taŋ.sin.ɯn.taŋ.sin],[daŋ.sin.ɯn.daŋ.sin]
내 인생 최고의,179,[nɛ.in.sɛŋ.tʃʰwe.ko.ɯi],[nɛ.in.sɛŋ.tʃʰwe.go.ɯi]
절대 아니에요,179,[tʃʌl.tɛ.a.ni.e.jo],[dʒʌl.tɛ.a.ni.e.jo]
the whole,179,,
지금은 그냥,178,[tʃi.kɯm.ɯŋ.kɯ.njaŋ],[dʒi.gɯm.ɯn.gɯ.njaŋ]
하지만 좋은,178,[ha.tʃi.man.tʃot̚.ɯn],[ha.dʒi.man.dʒot̚.ɯn]
안 고파,178,[aŋ.ko.pʰa],[an.go.pʰa]
중요한 것,178,[tʃuŋ.jo.haŋ.kʌt̚],[dʒuŋ.jo.han.gʌt̚]
알았어요 그럼,178,[al.at̚.ʌ.jo.kɯ.ɾʌm],[al.at̚.ʌ.jo.gɯ.ɾʌm]
진짜 내가,178,[tʃin.tʃ͈a.nɛ.ka],[dʒin.tʃ͈a.nɛ.ga]
지금 할,178,[tʃi.kɯm.hal],[dʒi.gɯm.hal]
여기 어딘가에,178,[jʌ.ki.ʌ.tiŋ.ka.e],[jʌ.gi.ʌ.diŋ.ka.e]
되어 있었다,178,[twe.ʌ.it̚.ʌt̚.ta],[dwe.ʌ.it̚.ʌt̚.ta]
했죠 그,178,[hɛt̚.tʃjo.kɯ],[hɛt̚.tʃjo.gɯ]
한 입,178,[han.ip̚],[han.ip̚]
하지 않아도,178,[ha.tʃi.an.a.to],[ha.dʒi.an.a.do]
이건 아주,178,[i.kʌn.a.tʃu],[i.gʌn.a.dʒu]
돼 그건,178,[twɛ.kɯ.kʌn],[dwɛ.gɯ.gʌn]
하는 게 어때,178,[ha.nɯŋ.ke.ʌ.t͈ɛ],[ha.nɯn.ge.ʌ.t͈ɛ]
전 아직,178,[tʃʌn.a.tʃik̚],[dʒʌn.a.dʒik̚]
밑에서 일하는,178,[mit̚.e.sʌ.il.ha.nɯn],[mit̚.e.sʌ.il.ha.nɯn]
시간을 줘,178,[si.kan.ɯl.tʃwʌ],[si.gan.ɯl.dʒwʌ]
우린 괜찮을,178,[u.ɾiŋ.kwɛn.tʃʰan.ɯl],[u.ɾin.gwɛn.tʃʰan.ɯl]
뭔가 알고,178,[mwʌŋ.ka.al.ko],[mwʌŋ.ka.al.ko]
하죠 하지만,178,[ha.tʃjo.ha.tʃi.man],[ha.dʒjo.ha.dʒi.man]
잘 어울릴,178,[tʃal.ʌ.ul.ɾil],[dʒal.ʌ.ul.ɾil]
안 그랬으면,178,[aŋ.kɯ.ɾɛt̚.ɯ.mjʌn],[an.gɯ.ɾɛt̚.ɯ.mjʌn]
뭔가 이상한,178,[mwʌŋ.ka.i.saŋ.han],[mwʌŋ.ka.i.saŋ.han]
그러고 싶은데,178,[kɯ.ɾʌ.ko.sip̚.ɯn.te],[gɯ.ɾʌ.go.sip̚.ɯn.te]
거기서 뭘,178,[kʌ.ki.sʌ.mwʌl],[gʌ.gi.sʌ.mwʌl]
우리의 유일한,178,[u.ɾi.ɯi.ju.il.han],[u.ɾi.ɯi.ju.il.han]
놔 줘,178,[nwa.tʃwʌ],[nwa.dʒwʌ]
이게 뭔데,178,[i.ke.mwʌn.te],[i.ge.mwʌn.te]
못 했네,178,[mot̚.hɛt̚.ne],[mot̚.hɛt̚.ne]
내가 너희,178,[nɛ.ka.nʌ.hɯi],[nɛ.ga.nʌ.hɯi]
심호흡 제네시스,178,[sim.ho.hɯp̚.tʃe.ne.si.sɯ],[sim.ho.hɯp̚.dʒe.ne.si.sɯ]
술 한 잔,178,[sul.han.tʃan],[sul.han.dʒan]
그 돈이,178,[kɯ.ton.i],[gɯ.don.i]
초빅뱅 심호흡,178,[tʃʰo.pik̚.pɛŋ.sim.ho.hɯp̚],[tʃʰo.bik̚.pɛŋ.sim.ho.hɯp̚]
하는 게 아니야,178,[ha.nɯŋ.ke.a.ni.ja],[ha.nɯn.ge.a.ni.ja]
여기서 못,178,[jʌ.ki.sʌ.mot̚],[jʌ.gi.sʌ.mot̚]
있었던 게,178,[it̚.ʌt̚.tʌŋ.ke],[it̚.ʌt̚.tʌn.ge]
그럼 두,178,[kɯ.ɾʌn.tu],[gɯ.ɾʌm.du]
좋은 질문이야,178,[tʃot̚.ɯn.tʃil.mun.i.ja],[dʒot̚.ɯn.dʒil.mun.i.ja]
사람이 필요해요,178,[sa.ɾam.i.pʰil.jo.hɛ.jo],[sa.ɾam.i.pʰil.jo.hɛ.jo]
일을 제대로,178,[il.ɯl.tʃe.tɛ.ɾo],[il.ɯl.dʒe.dɛ.ɾo]
너무 세게,178,[nʌ.mu.se.ke],[nʌ.mu.se.ge]
있어 한,178,[it̚.ʌ.han],[it̚.ʌ.han]
대해 얘기하고,178,[tɛ.hɛ.jɛ.ki.ha.ko],[dɛ.hɛ.jɛ.gi.ha.go]
우리는 아직,178,[u.ɾi.nɯn.a.tʃik̚],[u.ɾi.nɯn.a.dʒik̚]
건 없죠,178,[kʌn.ʌp̚.tʃjo],[gʌn.ʌp̚.tʃjo]
되는 겁니까,178,[twe.nɯŋ.kʌp̚.ni.k͈a],[dwe.nɯn.gʌp̚.ni.k͈a]
어떻게 되는 거야,178,[ʌ.t͈ʌt̚.ke.twe.nɯŋ.kʌ.ja],[ʌ.t͈ʌt̚.ke.dwe.nɯn.gʌ.ja]
여기는 어쩐 일이야,178,[jʌ.ki.nɯn.ʌ.tʃ͈ʌn.il.i.ja],[jʌ.gi.nɯn.ʌ.tʃ͈ʌn.il.i.ja]
이쪽은 제,178,[i.tʃ͈ok̚.ɯn.tʃe],[i.tʃ͈ok̚.ɯn.dʒe]
행복할 수,178,[hɛm.pok̚.hal.su],[hɛŋ.bok̚.hal.su]
시작할 때,178,[si.tʃak̚.hal.t͈ɛ],[si.dʒak̚.hal.t͈ɛ]
일주일에 한,178,[il.tʃu.il.e.han],[il.tʃu.il.e.han]
도움이 될 것,178,[to.um.i.twel.kʌt̚],[do.um.i.dwel.gʌt̚]
그런 얘기는,178,[kɯ.ɾʌn.jɛ.ki.nɯn],[gɯ.ɾʌn.jɛ.gi.nɯn]
빨리 가서,178,[p͈al.ɾi.ka.sʌ],[p͈al.ɾi.ga.sʌ]
가야 합니다,178,[ka.ja.hap̚.ni.ta],[ga.ja.hap̚.ni.da]
해 여기,178,[hɛ.jʌ.ki],[hɛ.jʌ.gi]
말하지 않는,178,[mal.ha.tʃi.an.nɯn],[mal.ha.dʒi.an.nɯn]
그게 안,178,[kɯ.ke.an],[gɯ.ge.an]
이게 대체 무슨,178,[i.ke.tɛ.tʃʰe.mu.sɯn],[i.ge.dɛ.tʃʰe.mu.sɯn]
곧 갈게,178,[kot̚.kal.ke],[got̚.gal.ke]
좋은 친구야,178,[tʃot̚.ɯn.tʃʰiŋ.ku.ja],[dʒot̚.ɯn.tʃʰiŋ.ku.ja]
돌아가는 거야,178,[tol.a.ka.nɯŋ.kʌ.ja],[dol.a.ga.nɯn.gʌ.ja]
넌 이걸,178,[nʌn.i.kʌl],[nʌn.i.gʌl]
할 것은,178,[hal.kʌt̚.ɯn],[hal.gʌt̚.ɯn]
나보다 훨씬,178,[na.po.ta.hwʌl.s͈in],[na.bo.da.hwʌl.s͈in]
네 맞아요,178,[ne.mat̚.a.jo],[ne.mat̚.a.jo]
없어요 우리,178,[ʌp̚.ʌ.jo.u.ɾi],[ʌp̚.ʌ.jo.u.ɾi]
모든 사람들은,178,[mo.tɯn.sa.ɾan.tɯl.ɯn],[mo.dɯn.sa.ɾan.tɯl.ɯn]
있어요 다른,178,[it̚.ʌ.jo.ta.ɾɯn],[it̚.ʌ.jo.da.ɾɯn]
이번 일을,178,[i.pʌn.il.ɯl],[i.bʌn.il.ɯl]
너무 많은 걸,178,[nʌ.mu.man.ɯŋ.kʌl],[nʌ.mu.man.ɯn.gʌl]
생긴 게,178,[sɛŋ.kiŋ.ke],[sɛŋ.gin.ge]
초빅뱅 심호흡 제네시스,178,[tʃʰo.pik̚.pɛŋ.sim.ho.hɯp̚.tʃe.ne.si.sɯ],[tʃʰo.bik̚.pɛŋ.sim.ho.hɯp̚.dʒe.ne.si.sɯ]
없는 사람,178,[ʌp̚.nɯn.sa.ɾam],[ʌp̚.nɯn.sa.ɾam]
중에 누가,178,[tʃuŋ.e.nu.ka],[dʒuŋ.e.nu.ga]
열심히 하고,178,[jʌl.sim.hi.ha.ko],[jʌl.sim.hi.ha.go]
That''s what,178,,
눈 감고,178,[nuŋ.kam.ko],[nun.gam.ko]
내가 알아서 할,178,[nɛ.ka.al.a.sʌ.hal],[nɛ.ga.al.a.sʌ.hal]
보면 안 돼,178,[po.mjʌn.an.twɛ],[bo.mjʌn.an.dwɛ]
그들이 어떻게,177,[kɯ.tɯl.i.ʌ.t͈ʌt̚.ke],[gɯ.dɯl.i.ʌ.t͈ʌt̚.ke]
사람들이 있어요,177,[sa.ɾan.tɯl.i.it̚.ʌ.jo],[sa.ɾan.tɯl.i.it̚.ʌ.jo]
진실을 말하는,177,[tʃin.sil.ɯl.mal.ha.nɯn],[dʒin.sil.ɯl.mal.ha.nɯn]
알 수 있지,177,[al.su.it̚.tʃi],[al.su.it̚.tʃi]
몰라 그냥,177,[mol.ɾa.kɯ.njaŋ],[mol.ɾa.gɯ.njaŋ]
마치 내가,177,[ma.tʃʰi.nɛ.ka],[ma.tʃʰi.nɛ.ga]
좀 할 수 있을까요,177,[tʃom.hal.su.it̚.ɯl.k͈a.jo],[dʒom.hal.su.it̚.ɯl.k͈a.jo]
수 있겠소,177,[su.it̚.ket̚.so],[su.it̚.ket̚.so]
아는 바로는,177,[a.nɯm.pa.ɾo.nɯn],[a.nɯn.ba.ɾo.nɯn]
때문에 이렇게,177,[t͈ɛ.mun.e.i.ɾʌt̚.ke],[t͈ɛ.mun.e.i.ɾʌt̚.ke]
제가 뭐,177,[tʃe.ka.mwʌ],[dʒe.ga.mwʌ]
옷 입은,177,[ot̚.ip̚.ɯn],[ot̚.ip̚.ɯn]
워싱턴 DC,177,[wʌ.siŋ.tʰʌn],[wʌ.siŋ.tʰʌn]
해 다른,177,[hɛ.ta.ɾɯn],[hɛ.da.ɾɯn]
give you,177,,
저 진짜,177,[tʃʌ.tʃin.tʃ͈a],[dʒʌ.dʒin.tʃ͈a]
믿으면 안,177,[mit̚.ɯ.mjʌn.an],[mit̚.ɯ.mjʌn.an]
해칠 수,177,[hɛ.tʃʰil.su],[hɛ.tʃʰil.su]
아무 생각,177,[a.mu.sɛŋ.kak̚],[a.mu.sɛŋ.gak̚]
같은 짓을,177,[kat̚.ɯn.tʃit̚.ɯl],[gat̚.ɯn.dʒit̚.ɯl]
That was,177,,
내 친구들은,177,[nɛ.tʃʰiŋ.ku.tɯl.ɯn],[nɛ.tʃʰiŋ.ku.dɯl.ɯn]
밤의 어둠에,177,[pam.ɯi.ʌ.tum.e],[bam.ɯi.ʌ.dum.e]
얘기하는 걸,177,[jɛ.ki.ha.nɯŋ.kʌl],[jɛ.gi.ha.nɯn.gʌl]
무슨 말을 하는 거야,177,[mu.sɯn.mal.ɯl.ha.nɯŋ.kʌ.ja],[mu.sɯn.mal.ɯl.ha.nɯn.gʌ.ja]
한 조각,177,[han.tʃo.kak̚],[han.dʒo.gak̚]
있는 거냐,177,[it̚.nɯŋ.kʌ.nja],[it̚.nɯn.gʌ.nja]
알고 있는데,177,[al.ko.it̚.nɯn.te],[al.ko.it̚.nɯn.te]
건 한,177,[kʌn.han],[gʌn.han]
있었어 난,177,[it̚.ʌt̚.ʌ.nan],[it̚.ʌt̚.ʌ.nan]
거예요 여기,177,[kʌ.je.jo.jʌ.ki],[gʌ.je.jo.jʌ.gi]
사이에 무슨,177,[sa.i.e.mu.sɯn],[sa.i.e.mu.sɯn]
세월 동안,177,[se.wʌl.toŋ.an],[se.wʌl.doŋ.an]
않아 그래,177,[an.a.kɯ.ɾɛ],[an.a.gɯ.ɾɛ]
아빠가 날,177,[a.p͈a.ka.nal],[a.p͈a.ga.nal]
있던 게,177,[it̚.tʌŋ.ke],[it̚.tʌn.ge]
근데 진짜,177,[kɯn.te.tʃin.tʃ͈a],[gɯn.te.dʒin.tʃ͈a]
계속 달리고,177,[kje.sok̚.tal.ɾi.ko],[gje.sok̚.dal.ɾi.go]
아니야 나는,177,[a.ni.ja.na.nɯn],[a.ni.ja.na.nɯn]
내가 알아야,177,[nɛ.ka.al.a.ja],[nɛ.ga.al.a.ja]
얼마나 됐지,177,[ʌl.ma.na.twɛt̚.tʃi],[ʌl.ma.na.dwɛt̚.tʃi]
거지 내,177,[kʌ.tʃi.nɛ],[gʌ.dʒi.nɛ]
해야 할지 모르겠어요,177,[hɛ.ja.hal.tʃi.mo.ɾɯ.ket̚.ʌ.jo],[hɛ.ja.hal.tʃi.mo.ɾɯ.get̚.ʌ.jo]
무슨 의미인지,177,[mu.sɯn.ɯi.mi.in.tʃi],[mu.sɯn.ɯi.mi.in.tʃi]
내 가족,177,[nɛ.ka.tʃok̚],[nɛ.ga.dʒok̚]
그게 뭐지,177,[kɯ.ke.mwʌ.tʃi],[gɯ.ge.mwʌ.dʒi]
상황이 더,177,[saŋ.hwaŋ.i.tʌ],[saŋ.hwaŋ.i.dʌ]
와서 좀,177,[wa.sʌ.tʃom],[wa.sʌ.dʒom]
전화를 받을 수,177,[tʃʌn.hwa.ɾɯl.pat̚.ɯl.su],[dʒʌn.hwa.ɾɯl.bat̚.ɯl.su]
그 노래,177,[kɯ.no.ɾɛ],[gɯ.no.ɾɛ]
뭐가 있는데,177,[mwʌ.ka.it̚.nɯn.te],[mwʌ.ga.it̚.nɯn.te]
깊은 밤의 어둠에,177,[kip̚.ɯm.pam.ɯi.ʌ.tum.e],[gip̚.ɯn.bam.ɯi.ʌ.dum.e]
이 문제는,177,[i.mun.tʃe.nɯn],[i.mun.tʃe.nɯn]
그냥 가요,177,[kɯ.njaŋ.ka.jo],[gɯ.njaŋ.ga.jo]
거예요 그러니까,177,[kʌ.je.jo.kɯ.ɾʌ.ni.k͈a],[gʌ.je.jo.gɯ.ɾʌ.ni.k͈a]
넘치는 음악,177,[nʌn.tʃʰi.nɯn.ɯm.ak̚],[nʌn.tʃʰi.nɯn.ɯm.ak̚]
나는 알고,177,[na.nɯn.al.ko],[na.nɯn.al.ko]
술 마시는,177,[sul.ma.si.nɯn],[sul.ma.si.nɯn]
깊은 밤의,177,[kip̚.ɯm.pam.ɯi],[gip̚.ɯn.bam.ɯi]
이해할 수 없는,177,[i.hɛ.hal.su.ʌp̚.nɯn],[i.hɛ.hal.su.ʌp̚.nɯn]
멈추지 마,177,[mʌn.tʃʰu.tʃi.ma],[mʌn.tʃʰu.dʒi.ma]
없이 어떻게,177,[ʌp̚.i.ʌ.t͈ʌt̚.ke],[ʌp̚.i.ʌ.t͈ʌt̚.ke]
같이 가도,177,[kat̚.i.ka.to],[gat̚.i.ga.do]
넌 괜찮을,177,[nʌŋ.kwɛn.tʃʰan.ɯl],[nʌn.gwɛn.tʃʰan.ɯl]
셀 수,177,[sel.su],[sel.su]
났을 때,177,[nat̚.ɯl.t͈ɛ],[nat̚.ɯl.t͈ɛ]
내가 만약,177,[nɛ.ka.man.jak̚],[nɛ.ga.man.jak̚]
바로 갈게,177,[pa.ɾo.kal.ke],[ba.ɾo.gal.ke]
삼켜지지 않으려,177,[sam.kʰjʌ.tʃi.tʃi.an.ɯ.ɾjʌ],[sam.kʰjʌ.dʒi.dʒi.an.ɯ.ɾjʌ]
동안 그,177,[toŋ.aŋ.kɯ],[doŋ.an.gɯ]
La La,177,,
우린 너무,177,[u.ɾin.nʌ.mu],[u.ɾin.nʌ.mu]
나쁜 사람이,177,[na.p͈ɯn.sa.ɾam.i],[na.p͈ɯn.sa.ɾam.i]
줄 알죠,177,[tʃul.al.tʃjo],[dʒul.al.tʃjo]
적이 있는데,177,[tʃʌk̚.i.it̚.nɯn.te],[dʒʌk̚.i.it̚.nɯn.te]
주는 거예요,177,[tʃu.nɯŋ.kʌ.je.jo],[dʒu.nɯn.gʌ.je.jo]
줘 알았어,177,[tʃwʌ.al.at̚.ʌ],[dʒwʌ.al.at̚.ʌ]
생각이 들어,177,[sɛŋ.kak̚.i.tɯl.ʌ],[sɛŋ.gak̚.i.dɯl.ʌ]
반짝임은 찰나,176,[pan.tʃ͈ak̚.im.ɯn.tʃʰal.la],[ban.tʃ͈ak̚.im.ɯn.tʃʰal.la]
do you think,176,,
잠시 동안,176,[tʃam.si.toŋ.an],[dʒam.si.doŋ.an]
게 안,176,[ke.an],[ge.an]
超ビッグバン深呼吸ジェネシス 초빅뱅 심호흡,176,[tʃʰo.pik̚.pɛŋ.sim.ho.hɯp̚],[tʃʰo.bik̚.pɛŋ.sim.ho.hɯp̚]
품고서 君が信じるもの全て抱きしめて 네가 믿는,176,[pʰum.ko.sʌ.ne.ka.mit̚.nɯn],[pʰum.ko.sʌ.ne.ga.mit̚.nɯn]
슬픔 없는,176,[sɯl.pʰɯm.ʌp̚.nɯn],[sɯl.pʰɯm.ʌp̚.nɯn]
誰かの叫びが砕け散っている 누군가의 외침이 흩날리고,176,[nu.kuŋ.ka.ɯi.we.tʃʰim.i.hɯt̚.nal.ɾi.ko],[nu.guŋ.ka.ɯi.we.tʃʰim.i.hɯt̚.nal.ɾi.go]
분밖에 안,176,[pum.pak̚.e.an],[bum.pak̚.e.an]
처음부터 알고,176,[tʃʰʌ.ɯm.pu.tʰʌ.al.ko],[tʃʰʌ.ɯm.pu.tʰʌ.al.ko]
誰かの叫びが砕け散っている 누군가의 외침이,176,[nu.kuŋ.ka.ɯi.we.tʃʰim.i],[nu.guŋ.ka.ɯi.we.tʃʰim.i]
생각은 없었어,176,[sɛŋ.kak̚.ɯn.ʌp̚.ʌt̚.ʌ],[sɛŋ.gak̚.ɯn.ʌp̚.ʌt̚.ʌ]
것 같이,176,[kʌt̚.kat̚.i],[gʌt̚.gat̚.i]
다음에 다시,176,[ta.ɯm.e.ta.si],[da.ɯm.e.da.si]
내가 보는,176,[nɛ.ka.po.nɯn],[nɛ.ga.bo.nɯn]
내가 여기 있어,176,[nɛ.ka.jʌ.ki.it̚.ʌ],[nɛ.ga.jʌ.gi.it̚.ʌ]
문이 드르륵,176,[mun.i.tɯ.ɾɯ.ɾɯk̚],[mun.i.dɯ.ɾɯ.ɾɯk̚]
나는 여기,176,[na.nɯn.jʌ.ki],[na.nɯn.jʌ.gi]
哀ない 罪と痛みない世界へ 슬픔,176,[sɯl.pʰɯm],[sɯl.pʰɯm]
있는 걸까,176,[it̚.nɯŋ.kʌl.k͈a],[it̚.nɯn.gʌl.k͈a]
함께라면 傷だらけでも構わない 一緒なら 상처투성이더라도,176,[ham.k͈e.ɾa.mjʌn.saŋ.tʃʰʌ.tʰu.sʌŋ.i.tʌ.ɾa.to],[ham.k͈e.ɾa.mjʌn.saŋ.tʃʰʌ.tʰu.sʌŋ.i.dʌ.ɾa.do]
걸 품고서 君が信じるもの全て抱きしめて,176,[kʌl.pʰum.ko.sʌ],[gʌl.pʰum.ko.sʌ]
많이 먹어,176,[man.i.mʌk̚.ʌ],[man.i.mʌk̚.ʌ]
때 전,176,[t͈ɛ.tʃʌn],[t͈ɛ.dʒʌn]
深い夜の闇に飲まれないよう 깊은 밤의,176,[kip̚.ɯm.pam.ɯi],[gip̚.ɯn.bam.ɯi]
항상 그런,176,[haŋ.saŋ.kɯ.ɾʌn],[haŋ.saŋ.gɯ.ɾʌn]
없는 것 같아요,176,[ʌp̚.nɯŋ.kʌt̚.kat̚.a.jo],[ʌp̚.nɯn.gʌt̚.gat̚.a.jo]
걸 잊지,176,[kʌl.it̚.tʃi],[gʌl.it̚.tʃi]
哀ない 罪と痛みない世界へ 슬픔 없는,176,[sɯl.pʰɯm.ʌp̚.nɯn],[sɯl.pʰɯm.ʌp̚.nɯn]
모르는 거,176,[mo.ɾɯ.nɯŋ.kʌ],[mo.ɾɯ.nɯn.gʌ]
믿기지 않아,176,[mit̚.ki.tʃi.an.a],[mit̚.ki.dʒi.an.a]
내가 미친,176,[nɛ.ka.mi.tʃʰin],[nɛ.ga.mi.tʃʰin]
보고 있었어요,176,[po.ko.it̚.ʌt̚.ʌ.jo],[bo.go.it̚.ʌt̚.ʌ.jo]
명의 파이터,176,[mjʌŋ.ɯi.pʰa.i.tʰʌ],[mjʌŋ.ɯi.pʰa.i.tʰʌ]
걸 품고서 君が信じるもの全て抱きしめて 네가,176,[kʌl.pʰum.ko.sʌ.ne.ka],[gʌl.pʰum.ko.sʌ.ne.ga]
누군가의 외침이 흩날리고 있어,176,[nu.kuŋ.ka.ɯi.we.tʃʰim.i.hɯt̚.nal.ɾi.ko.it̚.ʌ],[nu.guŋ.ka.ɯi.we.tʃʰim.i.hɯt̚.nal.ɾi.go.it̚.ʌ]
수 있었고,176,[su.it̚.ʌt̚.ko],[su.it̚.ʌt̚.ko]
하면 되는,176,[ha.mjʌn.twe.nɯn],[ha.mjʌn.dwe.nɯn]
모든 걸 품고서 君が信じるもの全て抱きしめて,176,[mo.tɯŋ.kʌl.pʰum.ko.sʌ],[mo.dɯn.gʌl.pʰum.ko.sʌ]
좀 보여줘,176,[tʃom.po.jʌ.tʃwʌ],[dʒom.bo.jʌ.dʒwʌ]
하는지 알고,176,[ha.nɯn.tʃi.al.ko],[ha.nɯn.tʃi.al.ko]
이 나라에서,176,[i.na.ɾa.e.sʌ],[i.na.ɾa.e.sʌ]
네가 가지고,176,[ne.ka.ka.tʃi.ko],[ne.ga.ga.dʒi.go]
하지만 너도,176,[ha.tʃi.man.nʌ.to],[ha.dʒi.man.nʌ.do]
그 이상한,176,[kɯ.i.saŋ.han],[gɯ.i.saŋ.han]
looking for,176,,
밤의 어둠에 삼켜지지,176,[pam.ɯi.ʌ.tum.e.sam.kʰjʌ.tʃi.tʃi],[bam.ɯi.ʌ.dum.e.sam.kʰjʌ.dʒi.dʒi]
죄와 고통,176,[tʃwe.wa.ko.tʰoŋ],[dʒwe.wa.go.tʰoŋ]
아닌 것 같다,176,[a.niŋ.kʌt̚.kat̚.ta],[a.nin.gʌt̚.gat̚.ta]
誰かの叫びが砕け散っている 누군가의,176,[nu.kuŋ.ka.ɯi],[nu.guŋ.ka.ɯi]
포기하지 마,176,[pʰo.ki.ha.tʃi.ma],[pʰo.gi.ha.dʒi.ma]
품고서 君が信じるもの全て抱きしめて,176,[pʰum.ko.sʌ],[pʰum.ko.sʌ]
때가 있어요,176,[t͈ɛ.ka.it̚.ʌ.jo],[t͈ɛ.ga.it̚.ʌ.jo]
罪と痛みない世界へ 슬픔 없는,176,[sɯl.pʰɯm.ʌp̚.nɯn],[sɯl.pʰɯm.ʌp̚.nɯn]
널 안,176,[nʌl.an],[nʌl.an]
당신은 누구죠,176,[taŋ.sin.ɯn.nu.ku.tʃjo],[daŋ.sin.ɯn.nu.gu.dʒjo]
어둠에 삼켜지지 않으려,176,[ʌ.tum.e.sam.kʰjʌ.tʃi.tʃi.an.ɯ.ɾjʌ],[ʌ.dum.e.sam.kʰjʌ.dʒi.dʒi.an.ɯ.ɾjʌ]
함께라면 傷だらけでも構わない,176,[ham.k͈e.ɾa.mjʌn],[ham.k͈e.ɾa.mjʌn]
一人のファイター 한 명의,176,[han.mjʌŋ.ɯi],[han.mjʌŋ.ɯi]
고통 없는 세상으로,176,[ko.tʰoŋ.ʌp̚.nɯn.se.saŋ.ɯ.ɾo],[go.tʰoŋ.ʌp̚.nɯn.se.saŋ.ɯ.ɾo]
대한 건,176,[tɛ.haŋ.kʌn],[dɛ.han.gʌn]
좋은 소식이 있어요,176,[tʃot̚.ɯn.so.sik̚.i.it̚.ʌ.jo],[dʒot̚.ɯn.so.sik̚.i.it̚.ʌ.jo]
별일 아니야,176,[pjʌl.il.a.ni.ja],[bjʌl.il.a.ni.ja]
of that,176,,
외침이 흩날리고 있어,176,[we.tʃʰim.i.hɯt̚.nal.ɾi.ko.it̚.ʌ],[we.tʃʰim.i.hɯt̚.nal.ɾi.go.it̚.ʌ]
제가 그걸,176,[tʃe.ka.kɯ.kʌl],[dʒe.ga.gɯ.gʌl]
죄와 고통 없는 세상으로,176,[tʃwe.wa.ko.tʰoŋ.ʌp̚.nɯn.se.saŋ.ɯ.ɾo],[dʒwe.wa.go.tʰoŋ.ʌp̚.nɯn.se.saŋ.ɯ.ɾo]
여기 왔어,176,[jʌ.ki.wat̚.ʌ],[jʌ.gi.wat̚.ʌ]
어둠에 삼켜지지,176,[ʌ.tum.e.sam.kʰjʌ.tʃi.tʃi],[ʌ.dum.e.sam.kʰjʌ.dʒi.dʒi]
거 같은,176,[kʌ.kat̚.ɯn],[gʌ.gat̚.ɯn]
超ビッグバン深呼吸ジェネシス 초빅뱅,176,[tʃʰo.pik̚.pɛŋ],[tʃʰo.bik̚.pɛŋ]
나갈 수 있어,176,[na.kal.su.it̚.ʌ],[na.gal.su.it̚.ʌ]
거예요 고마워요,176,[kʌ.je.jo.ko.ma.wʌ.jo],[gʌ.je.jo.go.ma.wʌ.jo]
몇 달 전,176,[mjʌt̚.tal.tʃʌn],[mjʌt̚.dal.dʒʌn]
哀ない 罪と痛みない世界へ,176,,
알아 그래도,176,[al.a.kɯ.ɾɛ.to],[al.a.gɯ.ɾɛ.do]
다 떨어졌어,176,[ta.t͈ʌl.ʌ.tʃjʌt̚.ʌ],[da.t͈ʌl.ʌ.dʒjʌt̚.ʌ]
함께라면 傷だらけでも構わない 一緒なら,176,[ham.k͈e.ɾa.mjʌn],[ham.k͈e.ɾa.mjʌn]
사람과 함께,176,[sa.ɾam.kwa.ham.k͈e],[sa.ɾam.kwa.ham.k͈e]
하고 싶다고,176,[ha.ko.sip̚.ta.ko],[ha.go.sip̚.ta.go]
된 일인지,176,[twen.il.in.tʃi],[dwen.il.in.tʃi]
죽인 거,176,[tʃuk̚.iŋ.kʌ],[dʒuk̚.in.gʌ]
一人のファイター 한 명의 파이터,176,[han.mjʌŋ.ɯi.pʰa.i.tʰʌ],[han.mjʌŋ.ɯi.pʰa.i.tʰʌ]
죄와 고통 없는,176,[tʃwe.wa.ko.tʰoŋ.ʌp̚.nɯn],[dʒwe.wa.go.tʰoŋ.ʌp̚.nɯn]
품고서 君が信じるもの全て抱きしめて 네가,176,[pʰum.ko.sʌ.ne.ka],[pʰum.ko.sʌ.ne.ga]
너도 알겠지만,176,[nʌ.to.al.ket̚.tʃi.man],[nʌ.do.al.ket̚.tʃi.man]
게 언제죠,176,[ke.ʌn.tʃe.tʃjo],[ge.ʌn.tʃe.dʒjo]
深い夜の闇に飲まれないよう 깊은,176,[kip̚.ɯn],[gip̚.ɯn]
여기 얼마나,176,[jʌ.ki.ʌl.ma.na],[jʌ.gi.ʌl.ma.na]
深い夜の闇に飲まれないよう 깊은 밤의 어둠에,176,[kip̚.ɯm.pam.ɯi.ʌ.tum.e],[gip̚.ɯn.bam.ɯi.ʌ.dum.e]
당신은 그걸,176,[taŋ.sin.ɯŋ.kɯ.kʌl],[daŋ.sin.ɯn.gɯ.gʌl]
輝きは刹那 반짝임은,176,[pan.tʃ͈ak̚.im.ɯn],[ban.tʃ͈ak̚.im.ɯn]
특수 요원,176,[tʰɯk̚.su.jo.wʌn],[tʰɯk̚.su.jo.wʌn]
超ビッグバン深呼吸ジェネシス 초빅뱅 심호흡 제네시스,176,[tʃʰo.pik̚.pɛŋ.sim.ho.hɯp̚.tʃe.ne.si.sɯ],[tʃʰo.bik̚.pɛŋ.sim.ho.hɯp̚.dʒe.ne.si.sɯ]
난 어떤,176,[nan.ʌ.t͈ʌn],[nan.ʌ.t͈ʌn]
깊은 밤의 어둠에 삼켜지지,176,[kip̚.ɯm.pam.ɯi.ʌ.tum.e.sam.kʰjʌ.tʃi.tʃi],[gip̚.ɯn.bam.ɯi.ʌ.dum.e.sam.kʰjʌ.dʒi.dʒi]
그가 말하길,176,[kɯ.ka.mal.ha.kil],[gɯ.ga.mal.ha.gil]
관한 한,176,[kwan.han.han],[gwan.han.han]
있어 누가,176,[it̚.ʌ.nu.ka],[it̚.ʌ.nu.ga]
지금 저,176,[tʃi.kɯn.tʃʌ],[dʒi.gɯm.dʒʌ]
흩날리고 있어,176,[hɯt̚.nal.ɾi.ko.it̚.ʌ],[hɯt̚.nal.ɾi.go.it̚.ʌ]
罪と痛みない世界へ 슬픔,176,[sɯl.pʰɯm],[sɯl.pʰɯm]
사는 걸,176,[sa.nɯŋ.kʌl],[sa.nɯn.gʌl]
집에 오는,176,[tʃip̚.e.o.nɯn],[dʒip̚.e.o.nɯn]
밤의 어둠에 삼켜지지 않으려,176,[pam.ɯi.ʌ.tum.e.sam.kʰjʌ.tʃi.tʃi.an.ɯ.ɾjʌ],[bam.ɯi.ʌ.dum.e.sam.kʰjʌ.dʒi.dʒi.an.ɯ.ɾjʌ]
누군가의 외침이 흩날리고,176,[nu.kuŋ.ka.ɯi.we.tʃʰim.i.hɯt̚.nal.ɾi.ko],[nu.guŋ.ka.ɯi.we.tʃʰim.i.hɯt̚.nal.ɾi.go]
안 나와요,176,[an.na.wa.jo],[an.na.wa.jo]
탈 거야,176,[tʰal.kʌ.ja],[tʰal.gʌ.ja]
一人のファイター 한,176,[han],[han]
외상 후,176,[we.saŋ.hu],[we.saŋ.hu]
한 명의 파이터,176,[han.mjʌŋ.ɯi.pʰa.i.tʰʌ],[han.mjʌŋ.ɯi.pʰa.i.tʰʌ]
輝きは刹那 반짝임은 찰나,176,[pan.tʃ͈ak̚.im.ɯn.tʃʰal.la],[ban.tʃ͈ak̚.im.ɯn.tʃʰal.la]
직접 만든,176,[tʃik̚.tʃʌp̚.man.tɯn],[dʒik̚.tʃʌp̚.man.tɯn]
누군가의 외침이,176,[nu.kuŋ.ka.ɯi.we.tʃʰim.i],[nu.guŋ.ka.ɯi.we.tʃʰim.i]
외침이 흩날리고,176,[we.tʃʰim.i.hɯt̚.nal.ɾi.ko],[we.tʃʰim.i.hɯt̚.nal.ɾi.go]
갈 거라고,175,[kal.kʌ.ɾa.ko],[gal.gʌ.ɾa.go]
관심 있어,175,[kwan.sim.it̚.ʌ],[gwan.sim.it̚.ʌ]
어떤 이들은,175,[ʌ.t͈ʌn.i.tɯl.ɯn],[ʌ.t͈ʌn.i.dɯl.ɯn]
지금 나는,175,[tʃi.kɯm.na.nɯn],[dʒi.gɯm.na.nɯn]
지금은 내가,175,[tʃi.kɯm.ɯn.nɛ.ka],[dʒi.gɯm.ɯn.nɛ.ga]
자는 게,175,[tʃa.nɯŋ.ke],[dʒa.nɯn.ge]
다시 올게,175,[ta.si.ol.ke],[da.si.ol.ke]
말해 주지,175,[mal.hɛ.tʃu.tʃi],[mal.hɛ.dʒu.dʒi]
시간 내주셔서 감사합니다,175,[si.kan.nɛ.tʃu.sjʌ.sʌ.kam.sa.hap̚.ni.ta],[si.gan.nɛ.dʒu.sjʌ.sʌ.gam.sa.hap̚.ni.da]
있다고 말했다,175,[it̚.ta.ko.mal.hɛt̚.ta],[it̚.ta.go.mal.hɛt̚.ta]
좋은 밤 되세요,175,[tʃot̚.ɯm.pan.twe.se.jo],[dʒot̚.ɯn.bam.dwe.se.jo]
너도 이제,175,[nʌ.to.i.tʃe],[nʌ.do.i.dʒe]
믿지 않는,175,[mit̚.tʃi.an.nɯn],[mit̚.tʃi.an.nɯn]
그 놈을,175,[kɯ.nom.ɯl],[gɯ.nom.ɯl]
뭐든지 다,175,[mwʌ.tɯn.tʃi.ta],[mwʌ.dɯn.tʃi.da]
싸울 거야,175,[s͈a.ul.kʌ.ja],[s͈a.ul.gʌ.ja]
그렇게 되는,175,[kɯ.ɾʌt̚.ke.twe.nɯn],[gɯ.ɾʌt̚.ke.dwe.nɯn]
게 아니었는데,175,[ke.a.ni.ʌt̚.nɯn.te],[ge.a.ni.ʌt̚.nɯn.te]
여기서 꺼져,175,[jʌ.ki.sʌ.k͈ʌ.tʃjʌ],[jʌ.gi.sʌ.k͈ʌ.dʒjʌ]
나는 것,175,[na.nɯŋ.kʌt̚],[na.nɯn.gʌt̚]
나쁜 놈이야,175,[na.p͈ɯn.nom.i.ja],[na.p͈ɯn.nom.i.ja]
아무 문제 없어,175,[a.mu.mun.tʃe.ʌp̚.ʌ],[a.mu.mun.tʃe.ʌp̚.ʌ]
모르겠어 난,175,[mo.ɾɯ.ket̚.ʌ.nan],[mo.ɾɯ.get̚.ʌ.nan]
당신은 너무,175,[taŋ.sin.ɯn.nʌ.mu],[daŋ.sin.ɯn.nʌ.mu]
게 아닌가,175,[ke.a.niŋ.ka],[ge.a.niŋ.ka]
얼마나 사랑하는지,175,[ʌl.ma.na.sa.ɾaŋ.ha.nɯn.tʃi],[ʌl.ma.na.sa.ɾaŋ.ha.nɯn.tʃi]
해결해야 할,175,[hɛ.kjʌl.hɛ.ja.hal],[hɛ.gjʌl.hɛ.ja.hal]
안 하니까,175,[an.ha.ni.k͈a],[an.ha.ni.k͈a]
시작하는 거야,175,[si.tʃak̚.ha.nɯŋ.kʌ.ja],[si.dʒak̚.ha.nɯn.gʌ.ja]
죽을 수도 있어,175,[tʃuk̚.ɯl.su.to.it̚.ʌ],[dʒuk̚.ɯl.su.do.it̚.ʌ]
넌 누구냐,175,[nʌn.nu.ku.nja],[nʌn.nu.gu.nja]
저 놈,175,[tʃʌ.nom],[dʒʌ.nom]
게 뭐 있어,175,[ke.mwʌ.it̚.ʌ],[ge.mwʌ.it̚.ʌ]
너도 그,175,[nʌ.to.kɯ],[nʌ.do.gɯ]
내 목을,175,[nɛ.mok̚.ɯl],[nɛ.mok̚.ɯl]
to come,175,,
가도 될까요,175,[ka.to.twel.k͈a.jo],[ga.do.dwel.k͈a.jo]
거야 어디,175,[kʌ.ja.ʌ.ti],[gʌ.ja.ʌ.di]
그 여자와,175,[kɯ.jʌ.tʃa.wa],[gɯ.jʌ.dʒa.wa]
어디 계셔,175,[ʌ.ti.kje.sjʌ],[ʌ.di.gje.sjʌ]
아실 겁니다,175,[a.sil.kʌp̚.ni.ta],[a.sil.gʌp̚.ni.da]
제 남편,175,[tʃe.nam.pʰjʌn],[dʒe.nam.pʰjʌn]
없는 건가,175,[ʌp̚.nɯŋ.kʌŋ.ka],[ʌp̚.nɯn.gʌŋ.ka]
게 나아요,175,[ke.na.a.jo],[ge.na.a.jo]
that is,175,,
주셔서 정말,175,[tʃu.sjʌ.sʌ.tʃʌŋ.mal],[dʒu.sjʌ.sʌ.dʒʌŋ.mal]
내가 분명히,175,[nɛ.ka.pun.mjʌŋ.hi],[nɛ.ga.bun.mjʌŋ.hi]
네가 본,175,[ne.ka.pon],[ne.ga.bon]
했다는 걸,175,[hɛt̚.ta.nɯŋ.kʌl],[hɛt̚.ta.nɯn.gʌl]
난 완전히,175,[nan.wan.tʃʌn.hi],[nan.wan.tʃʌn.hi]
아니야 그리고,175,[a.ni.ja.kɯ.ɾi.ko],[a.ni.ja.gɯ.ɾi.go]
그걸 가지고,175,[kɯ.kʌl.ka.tʃi.ko],[gɯ.gʌl.ga.dʒi.go]
수 있어 넌,175,[su.it̚.ʌ.nʌn],[su.it̚.ʌ.nʌn]
말해 줄게,175,[mal.hɛ.tʃul.ke],[mal.hɛ.dʒul.ke]
다들 내가,175,[ta.tɯl.lɛ.ka],[da.dɯl.lɛ.ga]
총에 맞았어요,175,[tʃʰoŋ.e.mat̚.at̚.ʌ.jo],[tʃʰoŋ.e.mat̚.at̚.ʌ.jo]
모두 알고,175,[mo.tu.al.ko],[mo.du.al.ko]
누군지 알,175,[nu.kun.tʃi.al],[nu.gun.tʃi.al]
네 동생이,175,[ne.toŋ.sɛŋ.i],[ne.doŋ.sɛŋ.i]
아빠랑 같이,175,[a.p͈a.ɾaŋ.kat̚.i],[a.p͈a.ɾaŋ.gat̚.i]
그리고 나는 그것을,175,[kɯ.ɾi.ko.na.nɯŋ.kɯ.kʌt̚.ɯl],[gɯ.ɾi.go.na.nɯn.gɯ.gʌt̚.ɯl]
그 남자랑,175,[kɯ.nan.tʃa.ɾaŋ],[gɯ.nan.tʃa.ɾaŋ]
아니에요 이건,175,[a.ni.e.jo.i.kʌn],[a.ni.e.jo.i.gʌn]
떠날 거예요,174,[t͈ʌ.nal.kʌ.je.jo],[t͈ʌ.nal.gʌ.je.jo]
기다리는 동안,174,[ki.ta.ɾi.nɯn.toŋ.an],[gi.da.ɾi.nɯn.doŋ.an]
이럴 땐,174,[i.ɾʌl.t͈ɛn],[i.ɾʌl.t͈ɛn]
게 몇,174,[ke.mjʌt̚],[ge.mjʌt̚]
그러고 싶어요,174,[kɯ.ɾʌ.ko.sip̚.ʌ.jo],[gɯ.ɾʌ.go.sip̚.ʌ.jo]
이제 그런,174,[i.tʃe.kɯ.ɾʌn],[i.dʒe.gɯ.ɾʌn]
내가 전에,174,[nɛ.ka.tʃʌn.e],[nɛ.ga.dʒʌn.e]
게 없다고,174,[ke.ʌp̚.ta.ko],[ge.ʌp̚.ta.go]
있는 일이야,174,[it̚.nɯn.il.i.ja],[it̚.nɯn.il.i.ja]
일하고 있어요,174,[il.ha.ko.it̚.ʌ.jo],[il.ha.go.it̚.ʌ.jo]
일은 유감이야,174,[il.ɯn.ju.kam.i.ja],[il.ɯn.ju.gam.i.ja]
시간이 별로 없어,174,[si.kan.i.pjʌl.ɾo.ʌp̚.ʌ],[si.gan.i.bjʌl.ɾo.ʌp̚.ʌ]
위해 할,174,[wi.hɛ.hal],[wi.hɛ.hal]
있는 거 다,174,[it̚.nɯŋ.kʌ.ta],[it̚.nɯn.gʌ.da]
둘이 함께,174,[tul.i.ham.k͈e],[dul.i.ham.k͈e]
마 날,174,[ma.nal],[ma.nal]
숨을 몰아쉰다,174,[sum.ɯl.mol.a.swin.ta],[sum.ɯl.mol.a.swin.ta]
밖에 없어요,174,[pak̚.e.ʌp̚.ʌ.jo],[bak̚.e.ʌp̚.ʌ.jo]
널 사랑하는,174,[nʌl.sa.ɾaŋ.ha.nɯn],[nʌl.sa.ɾaŋ.ha.nɯn]
안 자,174,[an.tʃa],[an.dʒa]
싶어 난,174,[sip̚.ʌ.nan],[sip̚.ʌ.nan]
저녁 먹을,174,[tʃʌ.njʌk̚.mʌk̚.ɯl],[dʒʌ.njʌk̚.mʌk̚.ɯl]
제 남편이,174,[tʃe.nam.pʰjʌn.i],[dʒe.nam.pʰjʌn.i]
손도 안,174,[son.to.an],[son.to.an]
문제가 생길,174,[mun.tʃe.ka.sɛŋ.kil],[mun.tʃe.ga.sɛŋ.gil]
네 그래요,174,[ne.kɯ.ɾɛ.jo],[ne.gɯ.ɾɛ.jo]
숨기는 거,174,[sum.ki.nɯŋ.kʌ],[sum.ki.nɯn.gʌ]
한 개,174,[haŋ.kɛ],[han.gɛ]
소름 끼치는,174,[so.ɾɯm.k͈i.tʃʰi.nɯn],[so.ɾɯm.k͈i.tʃʰi.nɯn]
죽은 사람이,174,[tʃuk̚.ɯn.sa.ɾam.i],[dʒuk̚.ɯn.sa.ɾam.i]
운 좋게,174,[un.tʃot̚.ke],[un.dʒot̚.ke]
막을 수 있어,174,[mak̚.ɯl.su.it̚.ʌ],[mak̚.ɯl.su.it̚.ʌ]
여기서 하는,174,[jʌ.ki.sʌ.ha.nɯn],[jʌ.gi.sʌ.ha.nɯn]
말이 맞는 것,174,[mal.i.mat̚.nɯŋ.kʌt̚],[mal.i.mat̚.nɯn.gʌt̚]
년 동안이나,174,[njʌn.toŋ.an.i.na],[njʌn.doŋ.an.i.na]
해요 그래,174,[hɛ.jo.kɯ.ɾɛ],[hɛ.jo.gɯ.ɾɛ]
봐 이제,174,[pwa.i.tʃe],[bwa.i.dʒe]
좀 보여,174,[tʃom.po.jʌ],[dʒom.bo.jʌ]
내가 있을,174,[nɛ.ka.it̚.ɯl],[nɛ.ga.it̚.ɯl]
오실 거야,174,[o.sil.kʌ.ja],[o.sil.gʌ.ja]
근데 그건,174,[kɯn.te.kɯ.kʌn],[gɯn.te.gɯ.gʌn]
가자 가자,174,[ka.tʃa.ka.tʃa],[ga.dʒa.ga.dʒa]
것 없이,174,[kʌt̚.ʌp̚.i],[gʌt̚.ʌp̚.i]
우리 아들을,174,[u.ɾi.a.tɯl.ɯl],[u.ɾi.a.dɯl.ɯl]
도움을 줄,174,[to.um.ɯl.tʃul],[do.um.ɯl.dʒul]
아무 것도 안,174,[a.mu.kʌt̚.to.an],[a.mu.gʌt̚.to.an]
없어요 당신은,174,[ʌp̚.ʌ.jo.taŋ.sin.ɯn],[ʌp̚.ʌ.jo.daŋ.sin.ɯn]
우리가 당신을,174,[u.ɾi.ka.taŋ.sin.ɯl],[u.ɾi.ga.daŋ.sin.ɯl]
받고 있어요,174,[pat̚.ko.it̚.ʌ.jo],[bat̚.ko.it̚.ʌ.jo]
내보내 줘,174,[nɛ.po.nɛ.tʃwʌ],[nɛ.bo.nɛ.dʒwʌ]
이 편지를,174,[i.pʰjʌn.tʃi.ɾɯl],[i.pʰjʌn.tʃi.ɾɯl]
you mean,174,,
또 한 번,174,[t͈o.ham.pʌn],[t͈o.han.bʌn]
이걸 가지고,174,[i.kʌl.ka.tʃi.ko],[i.gʌl.ga.dʒi.go]
전화 주세요,174,[tʃʌn.hwa.tʃu.se.jo],[dʒʌn.hwa.dʒu.se.jo]
흘릴 수,174,[hɯl.ɾil.su],[hɯl.ɾil.su]
책임을 져야,174,[tʃʰɛk̚.im.ɯl.tʃjʌ.ja],[tʃʰɛk̚.im.ɯl.dʒjʌ.ja]
드릴 게,174,[tɯ.ɾil.ke],[dɯ.ɾil.ge]
다른 일이,174,[ta.ɾɯn.il.i],[da.ɾɯn.il.i]
적 있는데,174,[tʃʌk̚.it̚.nɯn.te],[dʒʌk̚.it̚.nɯn.te]
이러는 건,174,[i.ɾʌ.nɯŋ.kʌn],[i.ɾʌ.nɯn.gʌn]
더 강하게,174,[tʌ.kaŋ.ha.ke],[dʌ.gaŋ.ha.ge]
있을 뿐이다,174,[it̚.ɯl.p͈un.i.ta],[it̚.ɯl.p͈un.i.da]
네 것이,174,[ne.kʌt̚.i],[ne.gʌt̚.i]
좀 알아냈어,173,[tʃom.al.a.nɛt̚.ʌ],[dʒom.al.a.nɛt̚.ʌ]
있는 거 같아,173,[it̚.nɯŋ.kʌ.kat̚.a],[it̚.nɯn.gʌ.gat̚.a]
난 아니에요,173,[nan.a.ni.e.jo],[nan.a.ni.e.jo]
건 제,173,[kʌn.tʃe],[gʌn.dʒe]
됐어 이제,173,[twɛt̚.ʌ.i.tʃe],[dwɛt̚.ʌ.i.dʒe]
알아요 내가,173,[al.a.jo.nɛ.ka],[al.a.jo.nɛ.ga]
서 있을,173,[sʌ.it̚.ɯl],[sʌ.it̚.ɯl]
전에 이미,173,[tʃʌn.e.i.mi],[dʒʌn.e.i.mi]
중 하나예요,173,[tʃuŋ.ha.na.je.jo],[dʒuŋ.ha.na.je.jo]
이 옷,173,[i.ot̚],[i.ot̚]
내 아들의,173,[nɛ.a.tɯl.ɯi],[nɛ.a.dɯl.ɯi]
것을 알게,173,[kʌt̚.ɯl.al.ke],[gʌt̚.ɯl.al.ke]
보여 줄게,173,[po.jʌ.tʃul.ke],[bo.jʌ.dʒul.ke]
있다면 말이야,173,[it̚.ta.mjʌn.mal.i.ja],[it̚.ta.mjʌn.mal.i.ja]
순 없다고,173,[sun.ʌp̚.ta.ko],[sun.ʌp̚.ta.go]
있다고 생각하나,173,[it̚.ta.ko.sɛŋ.kak̚.ha.na],[it̚.ta.go.sɛŋ.gak̚.ha.na]
쓰지 마요,173,[s͈ɯ.tʃi.ma.jo],[s͈ɯ.dʒi.ma.jo]
있어서 그래,173,[it̚.ʌ.sʌ.kɯ.ɾɛ],[it̚.ʌ.sʌ.gɯ.ɾɛ]
어떤 영향을,173,[ʌ.t͈ʌn.jʌŋ.hjaŋ.ɯl],[ʌ.t͈ʌn.jʌŋ.hjaŋ.ɯl]
같아 네,173,[kat̚.a.ne],[gat̚.a.ne]
여기에 있다,173,[jʌ.ki.e.it̚.ta],[jʌ.gi.e.it̚.ta]
가 보세요,173,[ka.po.se.jo],[ga.bo.se.jo]
우리 부모님이,173,[u.ɾi.pu.mo.nim.i],[u.ɾi.bu.mo.nim.i]
제가 한번,173,[tʃe.ka.ham.pʌn],[dʒe.ga.ham.pʌn]
필요 없죠,173,[pʰil.jo.ʌp̚.tʃjo],[pʰil.jo.ʌp̚.tʃjo]
가서 자,173,[ka.sʌ.tʃa],[ga.sʌ.dʒa]
발견 된,173,[pal.kjʌn.twen],[bal.kjʌn.dwen]
좋은 시간을,173,[tʃot̚.ɯn.si.kan.ɯl],[dʒot̚.ɯn.si.gan.ɯl]
내 모습을,173,[nɛ.mo.sɯp̚.ɯl],[nɛ.mo.sɯp̚.ɯl]
가까이 가지,173,[ka.k͈a.i.ka.tʃi],[ga.k͈a.i.ga.dʒi]
못 찾을 거야,173,[mot̚.tʃʰat̚.ɯl.kʌ.ja],[mot̚.tʃʰat̚.ɯl.gʌ.ja]
넌 모든,173,[nʌn.mo.tɯn],[nʌn.mo.dɯn]
누가 당신을,173,[nu.ka.taŋ.sin.ɯl],[nu.ga.daŋ.sin.ɯl]
거 같애,173,[kʌ.kat̚.ɛ],[gʌ.gat̚.ɛ]
so I,173,,
최선을 다해서,173,[tʃʰwe.sʌn.ɯl.ta.hɛ.sʌ],[tʃʰwe.sʌn.ɯl.da.hɛ.sʌ]
먹어야 해,173,[mʌk̚.ʌ.ja.hɛ],[mʌk̚.ʌ.ja.hɛ]
이제 제가,173,[i.tʃe.tʃe.ka],[i.dʒe.dʒe.ga]
간 거예요,173,[kaŋ.kʌ.je.jo],[gan.gʌ.je.jo]
그 기분,173,[kɯ.ki.pun],[gɯ.gi.bun]
뭘 하고 있는,173,[mwʌl.ha.ko.it̚.nɯn],[mwʌl.ha.go.it̚.nɯn]
꽉 잡고,173,[k͈wak̚.tʃap̚.ko],[k͈wak̚.dʒap̚.ko]
제가 좋아하는,173,[tʃe.ka.tʃot̚.a.ha.nɯn],[dʒe.ga.dʒot̚.a.ha.nɯn]
어떻게 찾았어,173,[ʌ.t͈ʌt̚.ke.tʃʰat̚.at̚.ʌ],[ʌ.t͈ʌt̚.ke.tʃʰat̚.at̚.ʌ]
그냥 같이,173,[kɯ.njaŋ.kat̚.i],[gɯ.njaŋ.gat̚.i]
젠장 젠장,173,[tʃen.tʃaŋ.tʃen.tʃaŋ],[dʒen.tʃaŋ.dʒen.tʃaŋ]
필요할 거예요,173,[pʰil.jo.hal.kʌ.je.jo],[pʰil.jo.hal.gʌ.je.jo]
얘기한 적,173,[jɛ.ki.han.tʃʌk̚],[jɛ.gi.han.dʒʌk̚]
이제 더 이상,173,[i.tʃe.tʌ.i.saŋ],[i.dʒe.dʌ.i.saŋ]
보고 싶은데,173,[po.ko.sip̚.ɯn.te],[bo.go.sip̚.ɯn.te]
제 시간에,173,[tʃe.si.kan.e],[dʒe.si.gan.e]
질문에 대한,173,[tʃil.mun.e.tɛ.han],[dʒil.mun.e.dɛ.han]
기회를 주는,173,[ki.hwe.ɾɯl.tʃu.nɯn],[gi.hwe.ɾɯl.dʒu.nɯn]
모르겠지만 난,173,[mo.ɾɯ.ket̚.tʃi.man.nan],[mo.ɾɯ.get̚.tʃi.man.nan]
처음 봤어,173,[tʃʰʌ.ɯm.pwat̚.ʌ],[tʃʰʌ.ɯm.bwat̚.ʌ]
좀 그래,173,[tʃom.kɯ.ɾɛ],[dʒom.gɯ.ɾɛ]
사람이 어디,173,[sa.ɾam.i.ʌ.ti],[sa.ɾam.i.ʌ.di]
마 그래,173,[ma.kɯ.ɾɛ],[ma.gɯ.ɾɛ]
거예요 c,173,[kʌ.je.jo],[gʌ.je.jo]
오늘 여기서,173,[o.nɯl.jʌ.ki.sʌ],[o.nɯl.jʌ.gi.sʌ]
사람도 없고,173,[sa.ɾan.to.ʌp̚.ko],[sa.ɾan.to.ʌp̚.ko]
거야 두,173,[kʌ.ja.tu],[gʌ.ja.du]
죽인 것,173,[tʃuk̚.iŋ.kʌt̚],[dʒuk̚.in.gʌt̚]
like the,173,,
말할 수도,173,[mal.hal.su.to],[mal.hal.su.do]
우리 부모님은,173,[u.ɾi.pu.mo.nim.ɯn],[u.ɾi.bu.mo.nim.ɯn]
좀 다른,173,[tʃon.ta.ɾɯn],[dʒom.da.ɾɯn]
지금 갈게,173,[tʃi.kɯm.kal.ke],[dʒi.gɯm.gal.ke]
다른 일,173,[ta.ɾɯn.il],[da.ɾɯn.il]
안 보는,173,[am.po.nɯn],[an.bo.nɯn]
남은 거,173,[nam.ɯŋ.kʌ],[nam.ɯn.gʌ]
신경 쓰지 말고,173,[siŋ.kjʌŋ.s͈ɯ.tʃi.mal.ko],[siŋ.kjʌŋ.s͈ɯ.dʒi.mal.ko]
말 못 해요,173,[mal.mot̚.hɛ.jo],[mal.mot̚.hɛ.jo]
그렇게 한,173,[kɯ.ɾʌt̚.ke.han],[gɯ.ɾʌt̚.ke.han]
또 어떤,173,[t͈o.ʌ.t͈ʌn],[t͈o.ʌ.t͈ʌn]
나는 모든 것을,173,[na.nɯn.mo.tɯŋ.kʌt̚.ɯl],[na.nɯn.mo.dɯn.gʌt̚.ɯl]
that we,173,,
네가 해냈어,173,[ne.ka.hɛ.nɛt̚.ʌ],[ne.ga.hɛ.nɛt̚.ʌ]
왜 당신,173,[wɛ.taŋ.sin],[wɛ.daŋ.sin]
좀 찾았어,173,[tʃon.tʃʰat̚.at̚.ʌ],[dʒon.tʃʰat̚.at̚.ʌ]
네가 그녀를,172,[ne.ka.kɯ.njʌ.ɾɯl],[ne.ga.gɯ.njʌ.ɾɯl]
별로 좋은,172,[pjʌl.ɾo.tʃot̚.ɯn],[bjʌl.ɾo.dʒot̚.ɯn]
off the,172,,
행복하게 해,172,[hɛm.pok̚.ha.ke.hɛ],[hɛŋ.bok̚.ha.ge.hɛ]
그렇게 생각 안 해,172,[kɯ.ɾʌt̚.ke.sɛŋ.kak̚.an.hɛ],[gɯ.ɾʌt̚.ke.sɛŋ.gak̚.an.hɛ]
거예요 그래요,172,[kʌ.je.jo.kɯ.ɾɛ.jo],[gʌ.je.jo.gɯ.ɾɛ.jo]
우리 사이의,172,[u.ɾi.sa.i.ɯi],[u.ɾi.sa.i.ɯi]
될 거라,172,[twel.kʌ.ɾa],[dwel.gʌ.ɾa]
좋은 점은,172,[tʃot̚.ɯn.tʃʌm.ɯn],[dʒot̚.ɯn.dʒʌm.ɯn]
도와야 해,172,[to.wa.ja.hɛ],[do.wa.ja.hɛ]
생각을 하는지,172,[sɛŋ.kak̚.ɯl.ha.nɯn.tʃi],[sɛŋ.gak̚.ɯl.ha.nɯn.tʃi]
너무 늦기,172,[nʌ.mu.nɯt̚.ki],[nʌ.mu.nɯt̚.ki]
안 쓰고,172,[an.s͈ɯ.ko],[an.s͈ɯ.go]
거야 젠장,172,[kʌ.ja.tʃen.tʃaŋ],[gʌ.ja.dʒen.tʃaŋ]
아직 살아있어,172,[a.tʃik̚.sal.a.it̚.ʌ],[a.dʒik̚.sal.a.it̚.ʌ]
나는 이것이,172,[na.nɯn.i.kʌt̚.i],[na.nɯn.i.gʌt̚.i]
들은 적,172,[tɯl.ɯn.tʃʌk̚],[dɯl.ɯn.dʒʌk̚]
모든 사람들을,172,[mo.tɯn.sa.ɾan.tɯl.ɯl],[mo.dɯn.sa.ɾan.tɯl.ɯl]
다시 보고,172,[ta.si.po.ko],[da.si.bo.go]
해 정말,172,[hɛ.tʃʌŋ.mal],[hɛ.dʒʌŋ.mal]
한 그,172,[haŋ.kɯ],[han.gɯ]
그러고 있어,172,[kɯ.ɾʌ.ko.it̚.ʌ],[gɯ.ɾʌ.go.it̚.ʌ]
내 집을,172,[nɛ.tʃip̚.ɯl],[nɛ.dʒip̚.ɯl]
이유가 없어,172,[i.ju.ka.ʌp̚.ʌ],[i.ju.ga.ʌp̚.ʌ]
돈을 못,172,[ton.ɯl.mot̚],[don.ɯl.mot̚]
그 이름은,172,[kɯ.i.ɾɯm.ɯn],[gɯ.i.ɾɯm.ɯn]
구하는 게,172,[ku.ha.nɯŋ.ke],[gu.ha.nɯn.ge]
Is it,172,,
어떻게 여기,172,[ʌ.t͈ʌt̚.ke.jʌ.ki],[ʌ.t͈ʌt̚.ke.jʌ.gi]
it out,172,,
이해할 수가,172,[i.hɛ.hal.su.ka],[i.hɛ.hal.su.ga]
잘 알겠지,172,[tʃal.al.ket̚.tʃi],[dʒal.al.ket̚.tʃi]
있는 방법은,172,[it̚.nɯm.pam.pʌp̚.ɯn],[it̚.nɯn.baŋ.bʌp̚.ɯn]
네 명의,172,[ne.mjʌŋ.ɯi],[ne.mjʌŋ.ɯi]
이제 정말,172,[i.tʃe.tʃʌŋ.mal],[i.dʒe.dʒʌŋ.mal]
거라고 생각해요,172,[kʌ.ɾa.ko.sɛŋ.kak̚.hɛ.jo],[gʌ.ɾa.go.sɛŋ.gak̚.hɛ.jo]
그러니까 넌,172,[kɯ.ɾʌ.ni.k͈a.nʌn],[gɯ.ɾʌ.ni.k͈a.nʌn]
생각해 봤어요,172,[sɛŋ.kak̚.hɛ.pwat̚.ʌ.jo],[sɛŋ.gak̚.hɛ.bwat̚.ʌ.jo]
없을 수도,172,[ʌp̚.ɯl.su.to],[ʌp̚.ɯl.su.do]
더 이상 못,172,[tʌ.i.saŋ.mot̚],[dʌ.i.saŋ.mot̚]
없어요 네,172,[ʌp̚.ʌ.jo.ne],[ʌp̚.ʌ.jo.ne]
이런 씨발,172,[i.ɾʌn.s͈i.pal],[i.ɾʌn.s͈i.bal]
저는 지금,172,[tʃʌ.nɯn.tʃi.kɯm],[dʒʌ.nɯn.dʒi.gɯm]
와서 내,172,[wa.sʌ.nɛ],[wa.sʌ.nɛ]
먹어도 돼,172,[mʌk̚.ʌ.to.twɛ],[mʌk̚.ʌ.do.dwɛ]
그러던 어느 날,172,[kɯ.ɾʌ.tʌn.ʌ.nɯ.nal],[gɯ.ɾʌ.dʌn.ʌ.nɯ.nal]
고마워요 고마워요,172,[ko.ma.wʌ.jo.ko.ma.wʌ.jo],[go.ma.wʌ.jo.go.ma.wʌ.jo]
수도 있었잖아,172,[su.to.it̚.ʌt̚.tʃan.a],[su.do.it̚.ʌt̚.tʃan.a]
살인 혐의로,172,[sal.in.hjʌm.ɯi.ɾo],[sal.in.hjʌm.ɯi.ɾo]
도움은 필요,172,[to.um.ɯm.pʰil.jo],[do.um.ɯm.pʰil.jo]
혹시 모르니,172,[hok̚.si.mo.ɾɯ.ni],[hok̚.si.mo.ɾɯ.ni]
때 우리는,172,[t͈ɛ.u.ɾi.nɯn],[t͈ɛ.u.ɾi.nɯn]
사람인 줄,172,[sa.ɾam.in.tʃul],[sa.ɾam.in.dʒul]
전에 난,172,[tʃʌn.e.nan],[dʒʌn.e.nan]
이 도시에서,172,[i.to.si.e.sʌ],[i.do.si.e.sʌ]
그가 원하는,172,[kɯ.ka.wʌn.ha.nɯn],[gɯ.ga.wʌn.ha.nɯn]
당신이 나한테,172,[taŋ.sin.i.na.han.tʰe],[daŋ.sin.i.na.han.tʰe]
나도 그럴,172,[na.to.kɯ.ɾʌl],[na.do.gɯ.ɾʌl]
안 맞아요,172,[an.mat̚.a.jo],[an.mat̚.a.jo]
누가 네,172,[nu.ka.ne],[nu.ga.ne]
그 자식은,172,[kɯ.tʃa.sik̚.ɯn],[gɯ.dʒa.sik̚.ɯn]
내가 돈,172,[nɛ.ka.ton],[nɛ.ga.don]
주말 내내,172,[tʃu.mal.lɛ.nɛ],[dʒu.mal.lɛ.nɛ]
없기 때문에,172,[ʌp̚.ki.t͈ɛ.mun.e],[ʌp̚.ki.t͈ɛ.mun.e]
좀 치워,172,[tʃon.tʃʰi.wʌ],[dʒon.tʃʰi.wʌ]
건 필요,172,[kʌm.pʰil.jo],[gʌm.pʰil.jo]
이제 누가,172,[i.tʃe.nu.ka],[i.dʒe.nu.ga]
두고 간,172,[tu.ko.kan],[du.go.gan]
오늘 안,172,[o.nɯl.an],[o.nɯl.an]
난 싫어,172,[nan.sil.ʌ],[nan.sil.ʌ]
아 맞다,171,[a.mat̚.ta],[a.mat̚.ta]
몇 개월,171,[mjʌt̚.kɛ.wʌl],[mjʌt̚.gɛ.wʌl]
오고 있습니다,171,[o.ko.it̚.sɯp̚.ni.ta],[o.go.it̚.sɯp̚.ni.da]
건 알았지만,171,[kʌn.al.at̚.tʃi.man],[gʌn.al.at̚.tʃi.man]
그러니까 우리,171,[kɯ.ɾʌ.ni.k͈a.u.ɾi],[gɯ.ɾʌ.ni.k͈a.u.ɾi]
소리 들려,171,[so.ɾi.tɯl.ɾjʌ],[so.ɾi.dɯl.ɾjʌ]
하지만 시간이,171,[ha.tʃi.man.si.kan.i],[ha.dʒi.man.si.gan.i]
이제 와,171,[i.tʃe.wa],[i.dʒe.wa]
알았어 내,171,[al.at̚.ʌ.nɛ],[al.at̚.ʌ.nɛ]
안 갈래,171,[aŋ.kal.ɾɛ],[an.gal.ɾɛ]
필요가 없어요,171,[pʰil.jo.ka.ʌp̚.ʌ.jo],[pʰil.jo.ga.ʌp̚.ʌ.jo]
있는 거잖아,171,[it̚.nɯŋ.kʌ.tʃan.a],[it̚.nɯn.gʌ.dʒan.a]
없어 어떻게,171,[ʌp̚.ʌ.ʌ.t͈ʌt̚.ke],[ʌp̚.ʌ.ʌ.t͈ʌt̚.ke]
이리 나와,171,[i.ɾi.na.wa],[i.ɾi.na.wa]
그러니 제발,171,[kɯ.ɾʌ.ni.tʃe.pal],[gɯ.ɾʌ.ni.dʒe.bal]
무슨 문제 있어,171,[mu.sɯn.mun.tʃe.it̚.ʌ],[mu.sɯn.mun.tʃe.it̚.ʌ]
몇 잔,171,[mjʌt̚.tʃan],[mjʌt̚.dʒan]
우주가 노래하는 블루스 宇宙が歌うブルース,171,[u.tʃu.ka.no.ɾɛ.ha.nɯm.pɯl.ɾu.sɯ],[u.dʒu.ga.no.ɾɛ.ha.nɯn.bɯl.ɾu.sɯ]
노래하는 블루스 宇宙が歌うブルース,171,[no.ɾɛ.ha.nɯm.pɯl.ɾu.sɯ],[no.ɾɛ.ha.nɯn.bɯl.ɾu.sɯ]
줘 난,171,[tʃwʌ.nan],[dʒwʌ.nan]
thank you,171,,
뭐 필요한 거,171,[mwʌ.pʰil.jo.haŋ.kʌ],[mwʌ.pʰil.jo.han.gʌ]
오늘 무슨,171,[o.nɯl.mu.sɯn],[o.nɯl.mu.sɯn]
너무 심하게,171,[nʌ.mu.sim.ha.ke],[nʌ.mu.sim.ha.ge]
있는 일,171,[it̚.nɯn.il],[it̚.nɯn.il]
당신 혼자,171,[taŋ.sin.hon.tʃa],[daŋ.sin.hon.tʃa]
않을 때,171,[an.ɯl.t͈ɛ],[an.ɯl.t͈ɛ]
정말 도움이,171,[tʃʌŋ.mal.to.um.i],[dʒʌŋ.mal.do.um.i]
있어요 나도,171,[it̚.ʌ.jo.na.to],[it̚.ʌ.jo.na.do]
늘 그렇게,171,[nɯl.kɯ.ɾʌt̚.ke],[nɯl.gɯ.ɾʌt̚.ke]
생일 파티,171,[sɛŋ.il.pʰa.tʰi],[sɛŋ.il.pʰa.tʰi]
큰일 났어,171,[kʰɯn.il.lat̚.ʌ],[kʰɯn.il.lat̚.ʌ]
거 잊지 마,171,[kʌ.it̚.tʃi.ma],[gʌ.it̚.tʃi.ma]
나라를 위해,171,[na.ɾa.ɾɯl.wi.hɛ],[na.ɾa.ɾɯl.wi.hɛ]
네가 바로,171,[ne.ka.pa.ɾo],[ne.ga.ba.ɾo]
만난 게,171,[man.naŋ.ke],[man.nan.ge]
help you,171,,
안 했다,171,[an.hɛt̚.ta],[an.hɛt̚.ta]
내가 그랬지,171,[nɛ.ka.kɯ.ɾɛt̚.tʃi],[nɛ.ga.gɯ.ɾɛt̚.tʃi]
좋아하는 사람이,171,[tʃot̚.a.ha.nɯn.sa.ɾam.i],[dʒot̚.a.ha.nɯn.sa.ɾam.i]
있는 모든 것,171,[it̚.nɯn.mo.tɯŋ.kʌt̚],[it̚.nɯn.mo.dɯn.gʌt̚]
다들 왜,171,[ta.tɯl.wɛ],[da.dɯl.wɛ]
넌 언제나,171,[nʌn.ʌn.tʃe.na],[nʌn.ʌn.tʃe.na]
제가 얼마나,171,[tʃe.ka.ʌl.ma.na],[dʒe.ga.ʌl.ma.na]
갈 수는,171,[kal.su.nɯn],[gal.su.nɯn]
블루스 宇宙が歌うブルース 우주가,171,[pɯl.ɾu.sɯ.u.tʃu.ka],[bɯl.ɾu.sɯ.u.dʒu.ga]
내가 처리할,171,[nɛ.ka.tʃʰʌ.ɾi.hal],[nɛ.ga.tʃʰʌ.ɾi.hal]
한 거요,171,[haŋ.kʌ.jo],[han.gʌ.jo]
블루스 宇宙が歌うブルース,171,[pɯl.ɾu.sɯ],[bɯl.ɾu.sɯ]
안 먹을,171,[an.mʌk̚.ɯl],[an.mʌk̚.ɯl]
모든게 다,171,[mo.tɯŋ.ke.ta],[mo.dɯŋ.ke.da]
얼마나 멀리,171,[ʌl.ma.na.mʌl.ɾi],[ʌl.ma.na.mʌl.ɾi]
뭘 봤는지,171,[mwʌl.pwat̚.nɯn.tʃi],[mwʌl.bwat̚.nɯn.tʃi]
노래하는 블루스 宇宙が歌うブルース 우주가,171,[no.ɾɛ.ha.nɯm.pɯl.ɾu.sɯ.u.tʃu.ka],[no.ɾɛ.ha.nɯn.bɯl.ɾu.sɯ.u.dʒu.ga]
달 후에,171,[tal.hu.e],[dal.hu.e]
대해 뭐라고,171,[tɛ.hɛ.mwʌ.ɾa.ko],[dɛ.hɛ.mwʌ.ɾa.go]
숨길 게,171,[sum.kil.ke],[sum.kil.ge]
네가 진짜,171,[ne.ka.tʃin.tʃ͈a],[ne.ga.dʒin.tʃ͈a]
못 찾아,171,[mot̚.tʃʰat̚.a],[mot̚.tʃʰat̚.a]
고마워 난,171,[ko.ma.wʌ.nan],[go.ma.wʌ.nan]
있었던 거지,171,[it̚.ʌt̚.tʌŋ.kʌ.tʃi],[it̚.ʌt̚.tʌn.gʌ.dʒi]
만난 지,171,[man.nan.tʃi],[man.nan.dʒi]
그 어느 때보다,171,[kɯ.ʌ.nɯ.t͈ɛ.po.ta],[gɯ.ʌ.nɯ.t͈ɛ.bo.da]
it in,171,,
문 닫히는,171,[mun.tat̚.hi.nɯn],[mun.dat̚.hi.nɯn]
큰 의미가,171,[kʰɯn.ɯi.mi.ka],[kʰɯn.ɯi.mi.ga]
도울 수 있을,171,[to.ul.su.it̚.ɯl],[do.ul.su.it̚.ɯl]
거죠 이,171,[kʌ.tʃjo.i],[gʌ.dʒjo.i]
뜻이 아니라,171,[t͈ɯt̚.i.a.ni.ɾa],[t͈ɯt̚.i.a.ni.ɾa]
당연히 그렇겠지,171,[taŋ.jʌn.hi.kɯ.ɾʌt̚.ket̚.tʃi],[daŋ.jʌn.hi.gɯ.ɾʌt̚.ket̚.tʃi]
거 있나,171,[kʌ.it̚.na],[gʌ.it̚.na]
그냥 가만히,171,[kɯ.njaŋ.ka.man.hi],[gɯ.njaŋ.ga.man.hi]
날 죽이지,171,[nal.tʃuk̚.i.tʃi],[nal.dʒuk̚.i.dʒi]
맞는 게,171,[mat̚.nɯŋ.ke],[mat̚.nɯn.ge]
나도 이런,171,[na.to.i.ɾʌn],[na.do.i.ɾʌn]
그 더러운,171,[kɯ.tʌ.ɾʌ.un],[gɯ.dʌ.ɾʌ.un]
좀 할 수 있을까,171,[tʃom.hal.su.it̚.ɯl.k͈a],[dʒom.hal.su.it̚.ɯl.k͈a]
없어 그런,171,[ʌp̚.ʌ.kɯ.ɾʌn],[ʌp̚.ʌ.gɯ.ɾʌn]
가치가 있어,171,[ka.tʃʰi.ka.it̚.ʌ],[ga.tʃʰi.ga.it̚.ʌ]
블루스 宇宙が歌うブルース 우주가 노래하는,171,[pɯl.ɾu.sɯ.u.tʃu.ka.no.ɾɛ.ha.nɯn],[bɯl.ɾu.sɯ.u.dʒu.ga.no.ɾɛ.ha.nɯn]
둘 수는,171,[tul.su.nɯn],[dul.su.nɯn]
몇 분만,171,[mjʌt̚.pun.man],[mjʌt̚.bun.man]
이 나라는,171,[i.na.ɾa.nɯn],[i.na.ɾa.nɯn]
보면 그,171,[po.mjʌŋ.kɯ],[bo.mjʌn.gɯ]
알잖아 난,171,[al.tʃan.a.nan],[al.tʃan.a.nan]
고마워 정말,171,[ko.ma.wʌ.tʃʌŋ.mal],[go.ma.wʌ.dʒʌŋ.mal]
걸리지 않을,171,[kʌl.ɾi.tʃi.an.ɯl],[gʌl.ɾi.dʒi.an.ɯl]
기억을 못,171,[ki.ʌk̚.ɯl.mot̚],[gi.ʌk̚.ɯl.mot̚]
잠깐 잠깐,171,[tʃam.k͈an.tʃam.k͈an],[dʒam.k͈an.dʒam.k͈an]
나한테 빚진,171,[na.han.tʰe.pit̚.tʃin],[na.han.tʰe.bit̚.tʃin]
어떻게 되는 거죠,171,[ʌ.t͈ʌt̚.ke.twe.nɯŋ.kʌ.tʃjo],[ʌ.t͈ʌt̚.ke.dwe.nɯn.gʌ.dʒjo]
이 차를,171,[i.tʃʰa.ɾɯl],[i.tʃʰa.ɾɯl]
내가 알기론,171,[nɛ.ka.al.ki.ɾon],[nɛ.ga.al.ki.ɾon]
걸 좋아하는,171,[kʌl.tʃot̚.a.ha.nɯn],[gʌl.dʒot̚.a.ha.nɯn]
왜 하는,170,[wɛ.ha.nɯn],[wɛ.ha.nɯn]
그렇게 말,170,[kɯ.ɾʌt̚.ke.mal],[gɯ.ɾʌt̚.ke.mal]
나도 그렇고,170,[na.to.kɯ.ɾʌt̚.ko],[na.do.gɯ.ɾʌt̚.ko]
그는 아직,170,[kɯ.nɯn.a.tʃik̚],[gɯ.nɯn.a.dʒik̚]
리 없잖아,170,[ɾi.ʌp̚.tʃan.a],[ɾi.ʌp̚.tʃan.a]
봐 저,170,[pwa.tʃʌ],[bwa.dʒʌ]
차 문을,170,[tʃʰa.mun.ɯl],[tʃʰa.mun.ɯl]
그랬을 거예요,170,[kɯ.ɾɛt̚.ɯl.kʌ.je.jo],[gɯ.ɾɛt̚.ɯl.gʌ.je.jo]
뭔지 모르겠어,170,[mwʌn.tʃi.mo.ɾɯ.ket̚.ʌ],[mwʌn.tʃi.mo.ɾɯ.get̚.ʌ]
말아 주세요,170,[mal.a.tʃu.se.jo],[mal.a.dʒu.se.jo]
더 많아,170,[tʌ.man.a],[dʌ.man.a]
사람은 안,170,[sa.ɾam.ɯn.an],[sa.ɾam.ɯn.an]
기회를 줘,170,[ki.hwe.ɾɯl.tʃwʌ],[gi.hwe.ɾɯl.dʒwʌ]
이상 없습니다,170,[i.saŋ.ʌp̚.sɯp̚.ni.ta],[i.saŋ.ʌp̚.sɯp̚.ni.da]
할 것 같아서요,170,[hal.kʌt̚.kat̚.a.sʌ.jo],[hal.gʌt̚.gat̚.a.sʌ.jo]
때 어떻게,170,[t͈ɛ.ʌ.t͈ʌt̚.ke],[t͈ɛ.ʌ.t͈ʌt̚.ke]
어떻게 그런 말을,170,[ʌ.t͈ʌt̚.ke.kɯ.ɾʌn.mal.ɯl],[ʌ.t͈ʌt̚.ke.gɯ.ɾʌn.mal.ɯl]
이해가 안 가요,170,[i.hɛ.ka.aŋ.ka.jo],[i.hɛ.ga.an.ga.jo]
저 애는,170,[tʃʌ.ɛ.nɯn],[dʒʌ.ɛ.nɯn]
네 엄마랑,170,[ne.ʌm.ma.ɾaŋ],[ne.ʌm.ma.ɾaŋ]
네가 만든,170,[ne.ka.man.tɯn],[ne.ga.man.tɯn]
여기서 나가요,170,[jʌ.ki.sʌ.na.ka.jo],[jʌ.gi.sʌ.na.ga.jo]
어디에 있니,170,[ʌ.ti.e.it̚.ni],[ʌ.di.e.it̚.ni]
다음 화,170,[ta.ɯm.hwa],[da.ɯm.hwa]
해서 내가,170,[hɛ.sʌ.nɛ.ka],[hɛ.sʌ.nɛ.ga]
돌아가는 게,170,[tol.a.ka.nɯŋ.ke],[dol.a.ga.nɯn.ge]
그러니 내,170,[kɯ.ɾʌ.ni.nɛ],[gɯ.ɾʌ.ni.nɛ]
하나 더 있어,170,[ha.na.tʌ.it̚.ʌ],[ha.na.dʌ.it̚.ʌ]
우릴 다,170,[u.ɾil.ta],[u.ɾil.da]
나는 거,170,[na.nɯŋ.kʌ],[na.nɯn.gʌ]
수 있겠지만,170,[su.it̚.ket̚.tʃi.man],[su.it̚.ket̚.tʃi.man]
뭐 그렇게,170,[mwʌ.kɯ.ɾʌt̚.ke],[mwʌ.gɯ.ɾʌt̚.ke]
사람 있나,170,[sa.ɾam.it̚.na],[sa.ɾam.it̚.na]
적어도 난,170,[tʃʌk̚.ʌ.to.nan],[dʒʌk̚.ʌ.do.nan]
안 됐잖아,170,[an.twɛt̚.tʃan.a],[an.dwɛt̚.tʃan.a]
my own,170,,
말이 안 되잖아,170,[mal.i.an.twe.tʃan.a],[mal.i.an.dwe.dʒan.a]
못 써,170,[mot̚.s͈ʌ],[mot̚.s͈ʌ]
하면 된다,170,[ha.mjʌn.twen.ta],[ha.mjʌn.dwen.ta]
그렇게 나쁘진,170,[kɯ.ɾʌt̚.ke.na.p͈ɯ.tʃin],[gɯ.ɾʌt̚.ke.na.p͈ɯ.dʒin]
그런 말 한,170,[kɯ.ɾʌn.mal.han],[gɯ.ɾʌn.mal.han]
was just,170,,
내가 알아서 해,170,[nɛ.ka.al.a.sʌ.hɛ],[nɛ.ga.al.a.sʌ.hɛ]
이게 네가,170,[i.ke.ne.ka],[i.ge.ne.ga]
수 있을거에요,170,[su.it̚.ɯl.kʌ.e.jo],[su.it̚.ɯl.kʌ.e.jo]
주 내내,170,[tʃu.nɛ.nɛ],[dʒu.nɛ.nɛ]
해야 한다는,170,[hɛ.ja.han.ta.nɯn],[hɛ.ja.han.ta.nɯn]
이걸 보면,170,[i.kʌl.po.mjʌn],[i.gʌl.bo.mjʌn]
그는 여기,170,[kɯ.nɯn.jʌ.ki],[gɯ.nɯn.jʌ.gi]
것이 더,170,[kʌt̚.i.tʌ],[gʌt̚.i.dʌ]
색채를 동경했었어 ためらわず染まる色彩に憧れた 망설임,170,[sɛk̚.tʃʰɛ.ɾɯl.toŋ.kjʌŋ.hɛt̚.ʌt̚.ʌ.maŋ.sʌl.im],[sɛk̚.tʃʰɛ.ɾɯl.doŋ.gjʌŋ.hɛt̚.ʌt̚.ʌ.maŋ.sʌl.im]
수는 없는,170,[su.nɯn.ʌp̚.nɯn],[su.nɯn.ʌp̚.nɯn]
이 꽃을,170,[i.k͈ot̚.ɯl],[i.k͈ot̚.ɯl]
넌 참,170,[nʌn.tʃʰam],[nʌn.tʃʰam]
어쩜 좋아,170,[ʌ.tʃ͈ʌn.tʃot̚.a],[ʌ.tʃ͈ʌm.dʒot̚.a]
보는 거지,170,[po.nɯŋ.kʌ.tʃi],[bo.nɯn.gʌ.dʒi]
내 맘대로,170,[nɛ.man.tɛ.ɾo],[nɛ.man.tɛ.ɾo]
처음 뵙겠습니다,170,[tʃʰʌ.ɯm.pwep̚.ket̚.sɯp̚.ni.ta],[tʃʰʌ.ɯm.bwep̚.ket̚.sɯp̚.ni.da]
한 놈이,170,[han.nom.i],[han.nom.i]
당신이 안,170,[taŋ.sin.i.an],[daŋ.sin.i.an]
권리가 있어요,170,[kwʌl.li.ka.it̚.ʌ.jo],[gwʌl.li.ga.it̚.ʌ.jo]
You can''t,170,,
좀 빨리,170,[tʃom.p͈al.ɾi],[dʒom.p͈al.ɾi]
가야 한다고,170,[ka.ja.han.ta.ko],[ga.ja.han.ta.go]
예 예,170,[je.je],[je.je]
고를 수,170,[ko.ɾɯl.su],[go.ɾɯl.su]
죽여 버릴 거야,170,[tʃuk̚.jʌ.pʌ.ɾil.kʌ.ja],[dʒuk̚.jʌ.bʌ.ɾil.gʌ.ja]
통화 종료음,170,[tʰoŋ.hwa.tʃoŋ.ɾjo.ɯm],[tʰoŋ.hwa.dʒoŋ.ɾjo.ɯm]
리가 없다,170,[ɾi.ka.ʌp̚.ta],[ɾi.ga.ʌp̚.ta]
우리 셋이,170,[u.ɾi.set̚.i],[u.ɾi.set̚.i]
먹고 있어,170,[mʌk̚.ko.it̚.ʌ],[mʌk̚.ko.it̚.ʌ]
무고한 사람을,170,[mu.ko.han.sa.ɾam.ɯl],[mu.go.han.sa.ɾam.ɯl]
함께 이,170,[ham.k͈e.i],[ham.k͈e.i]
넌 또,170,[nʌn.t͈o],[nʌn.t͈o]
You think,170,,
색채를 동경했었어 ためらわず染まる色彩に憧れた,170,[sɛk̚.tʃʰɛ.ɾɯl.toŋ.kjʌŋ.hɛt̚.ʌt̚.ʌ],[sɛk̚.tʃʰɛ.ɾɯl.doŋ.gjʌŋ.hɛt̚.ʌt̚.ʌ]
정확히 어떻게,170,[tʃʌŋ.hwak̚.hi.ʌ.t͈ʌt̚.ke],[dʒʌŋ.hwak̚.hi.ʌ.t͈ʌt̚.ke]
우리가 찾은,170,[u.ɾi.ka.tʃʰat̚.ɯn],[u.ɾi.ga.tʃʰat̚.ɯn]
항상 네,170,[haŋ.saŋ.ne],[haŋ.saŋ.ne]
하지만 결국,170,[ha.tʃi.maŋ.kjʌl.kuk̚],[ha.dʒi.man.gjʌl.kuk̚]
몸 좀,170,[mon.tʃom],[mom.dʒom]
못 봐요,170,[mot̚.pwa.jo],[mot̚.bwa.jo]
아마노 하루코,170,[a.ma.no.ha.ɾu.kʰo],[a.ma.no.ha.ɾu.kʰo]
시간이 많이,170,[si.kan.i.man.i],[si.gan.i.man.i]
나도 그게,170,[na.to.kɯ.ke],[na.do.gɯ.ge]
내지 마,170,[nɛ.tʃi.ma],[nɛ.dʒi.ma]
동경했었어 ためらわず染まる色彩に憧れた,170,[toŋ.kjʌŋ.hɛt̚.ʌt̚.ʌ],[doŋ.gjʌŋ.hɛt̚.ʌt̚.ʌ]
아무것도 안 보여,170,[a.mu.kʌt̚.to.am.po.jʌ],[a.mu.gʌt̚.to.an.bo.jʌ]
있다고 해도,170,[it̚.ta.ko.hɛ.to],[it̚.ta.go.hɛ.do]
해 너,170,[hɛ.nʌ],[hɛ.nʌ]
마음대로 하세요,170,[ma.ɯn.tɛ.ɾo.ha.se.jo],[ma.ɯn.tɛ.ɾo.ha.se.jo]
그 둘은,170,[kɯ.tul.ɯn],[gɯ.dul.ɯn]
게 있죠,170,[ke.it̚.tʃjo],[ge.it̚.tʃjo]
해 줘서,170,[hɛ.tʃwʌ.sʌ],[hɛ.dʒwʌ.sʌ]
뭐 이렇게,170,[mwʌ.i.ɾʌt̚.ke],[mwʌ.i.ɾʌt̚.ke]
동경했었어 ためらわず染まる色彩に憧れた 망설임,170,[toŋ.kjʌŋ.hɛt̚.ʌt̚.ʌ.maŋ.sʌl.im],[doŋ.gjʌŋ.hɛt̚.ʌt̚.ʌ.maŋ.sʌl.im]
있다는 걸 말이야,170,[it̚.ta.nɯŋ.kʌl.mal.i.ja],[it̚.ta.nɯn.gʌl.mal.i.ja]
동경했었어 ためらわず染まる色彩に憧れた 망설임 없이,170,[toŋ.kjʌŋ.hɛt̚.ʌt̚.ʌ.maŋ.sʌl.im.ʌp̚.i],[doŋ.gjʌŋ.hɛt̚.ʌt̚.ʌ.maŋ.sʌl.im.ʌp̚.i]
잘 살고,170,[tʃal.sal.ko],[dʒal.sal.ko]
그리고 그를,170,[kɯ.ɾi.ko.kɯ.ɾɯl],[gɯ.ɾi.go.gɯ.ɾɯl]
얼마나 걸려,170,[ʌl.ma.na.kʌl.ɾjʌ],[ʌl.ma.na.gʌl.ɾjʌ]
대체 무슨 소리야,170,[tɛ.tʃʰe.mu.sɯn.so.ɾi.ja],[dɛ.tʃʰe.mu.sɯn.so.ɾi.ja]
난 괜찮을 거야,170,[naŋ.kwɛn.tʃʰan.ɯl.kʌ.ja],[nan.gwɛn.tʃʰan.ɯl.gʌ.ja]
두 마리,170,[tu.ma.ɾi],[du.ma.ɾi]
싶지 않았다,170,[sip̚.tʃi.an.at̚.ta],[sip̚.tʃi.an.at̚.ta]
La La La,170,,
물드는 색채를 동경했었어 ためらわず染まる色彩に憧れた,170,[mul.tɯ.nɯn.sɛk̚.tʃʰɛ.ɾɯl.toŋ.kjʌŋ.hɛt̚.ʌt̚.ʌ],[mul.tɯ.nɯn.sɛk̚.tʃʰɛ.ɾɯl.doŋ.gjʌŋ.hɛt̚.ʌt̚.ʌ]
사람 아니에요,170,[sa.ɾam.a.ni.e.jo],[sa.ɾam.a.ni.e.jo]
말할 수 없어,170,[mal.hal.su.ʌp̚.ʌ],[mal.hal.su.ʌp̚.ʌ]
안 했는데요,170,[an.hɛt̚.nɯn.te.jo],[an.hɛt̚.nɯn.te.jo]
제가 가장,169,[tʃe.ka.ka.tʃaŋ],[dʒe.ga.ga.dʒaŋ]
가면 돼요,169,[ka.mjʌn.twɛ.jo],[ga.mjʌn.dwɛ.jo]
식으로 말하지,169,[sik̚.ɯ.ɾo.mal.ha.tʃi],[sik̚.ɯ.ɾo.mal.ha.dʒi]
내 안의,169,[nɛ.an.ɯi],[nɛ.an.ɯi]
여기 있잖아요,169,[jʌ.ki.it̚.tʃan.a.jo],[jʌ.gi.it̚.tʃan.a.jo]
달라고 했어요,169,[tal.ɾa.ko.hɛt̚.ʌ.jo],[dal.ɾa.go.hɛt̚.ʌ.jo]
얼마 남지,169,[ʌl.ma.nan.tʃi],[ʌl.ma.nan.tʃi]
내가 그것을,169,[nɛ.ka.kɯ.kʌt̚.ɯl],[nɛ.ga.gɯ.gʌt̚.ɯl]
너는 그를,169,[nʌ.nɯŋ.kɯ.ɾɯl],[nʌ.nɯn.gɯ.ɾɯl]
기어올라 계속 달리고,169,[ki.ʌ.ol.ɾa.kje.sok̚.tal.ɾi.ko],[gi.ʌ.ol.ɾa.gje.sok̚.dal.ɾi.go]
도움이 될 수,169,[to.um.i.twel.su],[do.um.i.dwel.su]
그게 무슨 상관이야,169,[kɯ.ke.mu.sɯn.saŋ.kwan.i.ja],[gɯ.ge.mu.sɯn.saŋ.gwan.i.ja]
죽은 사람을,169,[tʃuk̚.ɯn.sa.ɾam.ɯl],[dʒuk̚.ɯn.sa.ɾam.ɯl]
아주 아주,169,[a.tʃu.a.tʃu],[a.dʒu.a.dʒu]
이런 맙소사,169,[i.ɾʌn.map̚.so.sa],[i.ɾʌn.map̚.so.sa]
생각해 본 적,169,[sɛŋ.kak̚.hɛ.pon.tʃʌk̚],[sɛŋ.gak̚.hɛ.bon.dʒʌk̚]
혼자 갈,169,[hon.tʃa.kal],[hon.tʃa.gal]
돼요 네,169,[twɛ.jo.ne],[dwɛ.jo.ne]
저도 모르겠어요,169,[tʃʌ.to.mo.ɾɯ.ket̚.ʌ.jo],[dʒʌ.do.mo.ɾɯ.get̚.ʌ.jo]
이건 뭐,169,[i.kʌn.mwʌ],[i.gʌn.mwʌ]
넌 나랑,169,[nʌn.na.ɾaŋ],[nʌn.na.ɾaŋ]
숨을 후,169,[sum.ɯl.hu],[sum.ɯl.hu]
훨씬 더 많은,169,[hwʌl.s͈in.tʌ.man.ɯn],[hwʌl.s͈in.dʌ.man.ɯn]
일이 아닙니다,169,[il.i.a.nip̚.ni.ta],[il.i.a.nip̚.ni.da]
오 제발,169,[o.tʃe.pal],[o.dʒe.bal]
알아서 잘,169,[al.a.sʌ.tʃal],[al.a.sʌ.dʒal]
같아요 네,169,[kat̚.a.jo.ne],[gat̚.a.jo.ne]
끌 수,169,[k͈ɯl.su],[k͈ɯl.su]
아니야 나도,169,[a.ni.ja.na.to],[a.ni.ja.na.do]
하지만 솔직히,169,[ha.tʃi.man.sol.tʃik̚.hi],[ha.dʒi.man.sol.tʃik̚.hi]
볼 땐,169,[pol.t͈ɛn],[bol.t͈ɛn]
분노에 찬,169,[pun.no.e.tʃʰan],[bun.no.e.tʃʰan]
운 좋게도,169,[un.tʃot̚.ke.to],[un.dʒot̚.ke.do]
있어요 그냥,169,[it̚.ʌ.jo.kɯ.njaŋ],[it̚.ʌ.jo.gɯ.njaŋ]
말이야 나도,169,[mal.i.ja.na.to],[mal.i.ja.na.do]
네 이제,169,[ne.i.tʃe],[ne.i.dʒe]
끝난 거,169,[k͈ɯt̚.naŋ.kʌ],[k͈ɯt̚.nan.gʌ]
밖으로 나가,169,[pak̚.ɯ.ɾo.na.ka],[bak̚.ɯ.ɾo.na.ga]
것만 같은,169,[kʌt̚.maŋ.kat̚.ɯn],[gʌt̚.man.gat̚.ɯn]
이거 너무,169,[i.kʌ.nʌ.mu],[i.gʌ.nʌ.mu]
기어올라 계속,169,[ki.ʌ.ol.ɾa.kje.sok̚],[gi.ʌ.ol.ɾa.gje.sok̚]
아니면 더,169,[a.ni.mjʌn.tʌ],[a.ni.mjʌn.dʌ]
같아 그리고,169,[kat̚.a.kɯ.ɾi.ko],[gat̚.a.gɯ.ɾi.go]
這い上がって走り続けて 기어올라 계속,169,[ki.ʌ.ol.ɾa.kje.sok̚],[gi.ʌ.ol.ɾa.gje.sok̚]
그 여자애,169,[kɯ.jʌ.tʃa.ɛ],[gɯ.jʌ.dʒa.ɛ]
우리가 같은,169,[u.ɾi.ka.kat̚.ɯn],[u.ɾi.ga.gat̚.ɯn]
這い上がって走り続けて 기어올라 계속 달리고,169,[ki.ʌ.ol.ɾa.kje.sok̚.tal.ɾi.ko],[gi.ʌ.ol.ɾa.gje.sok̚.dal.ɾi.go]
돈을 좀,169,[ton.ɯl.tʃom],[don.ɯl.dʒom]
생각 좀 해,169,[sɛŋ.kak̚.tʃom.hɛ],[sɛŋ.gak̚.dʒom.hɛ]
찾을 수 있는지,169,[tʃʰat̚.ɯl.su.it̚.nɯn.tʃi],[tʃʰat̚.ɯl.su.it̚.nɯn.tʃi]
것 같고요,169,[kʌt̚.kat̚.ko.jo],[gʌt̚.gat̚.ko.jo]
확실히 하기,169,[hwak̚.sil.hi.ha.ki],[hwak̚.sil.hi.ha.gi]
못 할 거예요,169,[mot̚.hal.kʌ.je.jo],[mot̚.hal.gʌ.je.jo]
오늘 우리가,169,[o.nɯl.u.ɾi.ka],[o.nɯl.u.ɾi.ga]
이번엔 또,169,[i.pʌn.en.t͈o],[i.bʌn.en.t͈o]
아직은 아니에요,169,[a.tʃik̚.ɯn.a.ni.e.jo],[a.dʒik̚.ɯn.a.ni.e.jo]
난 무슨,169,[nan.mu.sɯn],[nan.mu.sɯn]
這い上がって走り続けて 기어올라,169,[ki.ʌ.ol.ɾa],[gi.ʌ.ol.ɾa]
만나게 해,169,[man.na.ke.hɛ],[man.na.ge.hɛ]
그래도 돼요,169,[kɯ.ɾɛ.to.twɛ.jo],[gɯ.ɾɛ.do.dwɛ.jo]
둘 중 한,169,[tul.tʃuŋ.han],[dul.dʒuŋ.han]
잘 했어요,169,[tʃal.hɛt̚.ʌ.jo],[dʒal.hɛt̚.ʌ.jo]
압니다 하지만,169,[ap̚.ni.ta.ha.tʃi.man],[ap̚.ni.da.ha.dʒi.man]
여기서 일하는,169,[jʌ.ki.sʌ.il.ha.nɯn],[jʌ.gi.sʌ.il.ha.nɯn]
다른 여자,169,[ta.ɾɯn.jʌ.tʃa],[da.ɾɯn.jʌ.dʒa]
다시 해봐,169,[ta.si.hɛ.pwa],[da.si.hɛ.bwa]
난 그들이,169,[naŋ.kɯ.tɯl.i],[nan.gɯ.dɯl.i]
이거 참,169,[i.kʌ.tʃʰam],[i.gʌ.tʃʰam]
그럴 일은 없을,169,[kɯ.ɾʌl.il.ɯn.ʌp̚.ɯl],[gɯ.ɾʌl.il.ɯn.ʌp̚.ɯl]
해 오늘,169,[hɛ.o.nɯl],[hɛ.o.nɯl]
어쩐 일이에요,169,[ʌ.tʃ͈ʌn.il.i.e.jo],[ʌ.tʃ͈ʌn.il.i.e.jo]
않는 걸,169,[an.nɯŋ.kʌl],[an.nɯn.gʌl]
그가 그렇게,169,[kɯ.ka.kɯ.ɾʌt̚.ke],[gɯ.ga.gɯ.ɾʌt̚.ke]
밥 먹으러,169,[pap̚.mʌk̚.ɯ.ɾʌ],[bap̚.mʌk̚.ɯ.ɾʌ]
놀란 숨을,169,[nol.ɾan.sum.ɯl],[nol.ɾan.sum.ɯl]
뭔가 있어요,169,[mwʌŋ.ka.it̚.ʌ.jo],[mwʌŋ.ka.it̚.ʌ.jo]
모든 종류의,169,[mo.tɯn.tʃoŋ.ɾju.ɯi],[mo.dɯn.dʒoŋ.ɾju.ɯi]
그 애도,169,[kɯ.ɛ.to],[gɯ.ɛ.do]
아직 아니야,169,[a.tʃik̚.a.ni.ja],[a.dʒik̚.a.ni.ja]
겁니다 그게,169,[kʌp̚.ni.ta.kɯ.ke],[gʌp̚.ni.da.gɯ.ge]
아침 내내,169,[a.tʃʰim.nɛ.nɛ],[a.tʃʰim.nɛ.nɛ]
갈 거니까,169,[kal.kʌ.ni.k͈a],[gal.gʌ.ni.k͈a]
저 애,169,[tʃʌ.ɛ],[dʒʌ.ɛ]
know you,169,,
주는 거지,169,[tʃu.nɯŋ.kʌ.tʃi],[dʒu.nɯn.gʌ.dʒi]
나는 오늘,169,[na.nɯn.o.nɯl],[na.nɯn.o.nɯl]
오늘 일,168,[o.nɯl.il],[o.nɯl.il]
눈 깜짝할,168,[nuŋ.k͈an.tʃ͈ak̚.hal],[nuŋ.k͈an.tʃ͈ak̚.hal]
잘 돼,168,[tʃal.twɛ],[dʒal.dwɛ]
본 거예요,168,[poŋ.kʌ.je.jo],[bon.gʌ.je.jo]
좋은 거죠,168,[tʃot̚.ɯŋ.kʌ.tʃjo],[dʒot̚.ɯn.gʌ.dʒjo]
would you,168,,
했어 근데,168,[hɛt̚.ʌ.kɯn.te],[hɛt̚.ʌ.gɯn.te]
걸 알고 있었어,168,[kʌl.al.ko.it̚.ʌt̚.ʌ],[gʌl.al.ko.it̚.ʌt̚.ʌ]
아픈 거,168,[a.pʰɯŋ.kʌ],[a.pʰɯn.gʌ]
거야 그거,168,[kʌ.ja.kɯ.kʌ],[gʌ.ja.gɯ.gʌ]
하려는 건,168,[ha.ɾjʌ.nɯŋ.kʌn],[ha.ɾjʌ.nɯn.gʌn]
너희 집,168,[nʌ.hɯi.tʃip̚],[nʌ.hɯi.dʒip̚]
응 내가,168,[ɯŋ.nɛ.ka],[ɯŋ.nɛ.ga]
있다고 해서,168,[it̚.ta.ko.hɛ.sʌ],[it̚.ta.go.hɛ.sʌ]
잘 맞는,168,[tʃal.mat̚.nɯn],[dʒal.mat̚.nɯn]
일이 될,168,[il.i.twel],[il.i.dwel]
지울 수,168,[tʃi.ul.su],[dʒi.ul.su]
바 아니야,168,[pa.a.ni.ja],[ba.a.ni.ja]
좋아 네,168,[tʃot̚.a.ne],[dʒot̚.a.ne]
구조 본부,168,[ku.tʃo.pom.pu],[gu.dʒo.bom.pu]
있어 더,168,[it̚.ʌ.tʌ],[it̚.ʌ.dʌ]
願い事も背負い生きてやれ 소망도,168,[so.maŋ.to],[so.maŋ.do]
거야 이렇게,168,[kʌ.ja.i.ɾʌt̚.ke],[gʌ.ja.i.ɾʌt̚.ke]
아니면 네가,168,[a.ni.mjʌn.ne.ka],[a.ni.mjʌn.ne.ga]
정말 그래,168,[tʃʌŋ.mal.kɯ.ɾɛ],[dʒʌŋ.mal.gɯ.ɾɛ]
나의 가장,168,[na.ɯi.ka.tʃaŋ],[na.ɯi.ga.dʒaŋ]
짊어지고 살아가는 거야,168,[tʃim.ʌ.tʃi.ko.sal.a.ka.nɯŋ.kʌ.ja],[dʒim.ʌ.dʒi.go.sal.a.ga.nɯn.gʌ.ja]
이 지역에,168,[i.tʃi.jʌk̚.e],[i.dʒi.jʌk̚.e]
잘 듣고,168,[tʃal.tɯt̚.ko],[dʒal.dɯt̚.ko]
소망도 짊어지고 살아가는,168,[so.maŋ.to.tʃim.ʌ.tʃi.ko.sal.a.ka.nɯn],[so.maŋ.do.dʒim.ʌ.dʒi.go.sal.a.ga.nɯn]
미안해요 괜찮아요,168,[mi.an.hɛ.jo.kwɛn.tʃʰan.a.jo],[mi.an.hɛ.jo.gwɛn.tʃʰan.a.jo]
어떻게 말해야,168,[ʌ.t͈ʌt̚.ke.mal.hɛ.ja],[ʌ.t͈ʌt̚.ke.mal.hɛ.ja]
소망도 짊어지고,168,[so.maŋ.to.tʃim.ʌ.tʃi.ko],[so.maŋ.do.dʒim.ʌ.dʒi.go]
네 얘기,168,[ne.jɛ.ki],[ne.jɛ.gi]
he is,168,,
사람이 아무도,168,[sa.ɾam.i.a.mu.to],[sa.ɾam.i.a.mu.do]
입고 있어,168,[ip̚.ko.it̚.ʌ],[ip̚.ko.it̚.ʌ]
안 되겠네,168,[an.twe.ket̚.ne],[an.dwe.get̚.ne]
난 거의,168,[naŋ.kʌ.ɯi],[nan.gʌ.ɯi]
할 수도 있어,168,[hal.su.to.it̚.ʌ],[hal.su.do.it̚.ʌ]
내버려 두지,168,[nɛ.pʌ.ɾjʌ.tu.tʃi],[nɛ.bʌ.ɾjʌ.du.dʒi]
진실을 말하고,168,[tʃin.sil.ɯl.mal.ha.ko],[dʒin.sil.ɯl.mal.ha.go]
중에서 가장,168,[tʃuŋ.e.sʌ.ka.tʃaŋ],[dʒuŋ.e.sʌ.ga.dʒaŋ]
않는 거죠,168,[an.nɯŋ.kʌ.tʃjo],[an.nɯn.gʌ.dʒjo]
말하려고 했어,168,[mal.ha.ɾjʌ.ko.hɛt̚.ʌ],[mal.ha.ɾjʌ.go.hɛt̚.ʌ]
거 없지,168,[kʌ.ʌp̚.tʃi],[gʌ.ʌp̚.tʃi]
짊어지고 살아가는,168,[tʃim.ʌ.tʃi.ko.sal.a.ka.nɯn],[dʒim.ʌ.dʒi.go.sal.a.ga.nɯn]
make a,168,,
소망도 짊어지고 살아가는 거야,168,[so.maŋ.to.tʃim.ʌ.tʃi.ko.sal.a.ka.nɯŋ.kʌ.ja],[so.maŋ.do.dʒim.ʌ.dʒi.go.sal.a.ga.nɯn.gʌ.ja]
신사숙녀 여러분,168,[sin.sa.suk̚.njʌ.jʌ.ɾʌ.pun],[sin.sa.suk̚.njʌ.jʌ.ɾʌ.bun]
쏘지 마요,168,[s͈o.tʃi.ma.jo],[s͈o.dʒi.ma.jo]
무슨 일이 벌어지고,168,[mu.sɯn.il.i.pʌl.ʌ.tʃi.ko],[mu.sɯn.il.i.bʌl.ʌ.dʒi.go]
전화 왔어,168,[tʃʌn.hwa.wat̚.ʌ],[dʒʌn.hwa.wat̚.ʌ]
보일 거예요,168,[po.il.kʌ.je.jo],[bo.il.gʌ.je.jo]
그 무엇도,168,[kɯ.mu.ʌt̚.to],[gɯ.mu.ʌt̚.to]
해서 죄송해요,168,[hɛ.sʌ.tʃwe.soŋ.hɛ.jo],[hɛ.sʌ.dʒwe.soŋ.hɛ.jo]
사람들은 내가,168,[sa.ɾan.tɯl.ɯn.nɛ.ka],[sa.ɾan.tɯl.ɯn.nɛ.ga]
한 번에 한,168,[ham.pʌn.e.han],[han.bʌn.e.han]
있어요 이런,168,[it̚.ʌ.jo.i.ɾʌn],[it̚.ʌ.jo.i.ɾʌn]
너 거기,168,[nʌ.kʌ.ki],[nʌ.gʌ.gi]
뭘 했다고,168,[mwʌl.hɛt̚.ta.ko],[mwʌl.hɛt̚.ta.go]
많을 거야,168,[man.ɯl.kʌ.ja],[man.ɯl.gʌ.ja]
게 별로,168,[ke.pjʌl.ɾo],[ge.bjʌl.ɾo]
안 해봤어,168,[an.hɛ.pwat̚.ʌ],[an.hɛ.bwat̚.ʌ]
우린 아무,168,[u.ɾin.a.mu],[u.ɾin.a.mu]
우리 애가,168,[u.ɾi.ɛ.ka],[u.ɾi.ɛ.ga]
없어 너,168,[ʌp̚.ʌ.nʌ],[ʌp̚.ʌ.nʌ]
아무 말도 하지 마,168,[a.mu.mal.to.ha.tʃi.ma],[a.mu.mal.to.ha.dʒi.ma]
거야 같이,168,[kʌ.ja.kat̚.i],[gʌ.ja.gat̚.i]
말 안 들려,168,[mal.an.tɯl.ɾjʌ],[mal.an.dɯl.ɾjʌ]
중 하나입니다,168,[tʃuŋ.ha.na.ip̚.ni.ta],[dʒuŋ.ha.na.ip̚.ni.da]
소리가 들렸어,168,[so.ɾi.ka.tɯl.ɾjʌt̚.ʌ],[so.ɾi.ga.dɯl.ɾjʌt̚.ʌ]
죽음에 대해,168,[tʃuk̚.ɯm.e.tɛ.hɛ],[dʒuk̚.ɯm.e.dɛ.hɛ]
내가 미안해,168,[nɛ.ka.mi.an.hɛ],[nɛ.ga.mi.an.hɛ]
거 안 보여,168,[kʌ.am.po.jʌ],[gʌ.an.bo.jʌ]
죽는 거,168,[tʃuk̚.nɯŋ.kʌ],[dʒuk̚.nɯn.gʌ]
하나 주세요,168,[ha.na.tʃu.se.jo],[ha.na.dʒu.se.jo]
더는 못 참아,168,[tʌ.nɯn.mot̚.tʃʰam.a],[dʌ.nɯn.mot̚.tʃʰam.a]
얘기 듣고,168,[jɛ.ki.tɯt̚.ko],[jɛ.gi.dɯt̚.ko]
우리가 직접,168,[u.ɾi.ka.tʃik̚.tʃʌp̚],[u.ɾi.ga.dʒik̚.tʃʌp̚]
願い事も背負い生きてやれ 소망도 짊어지고 살아가는,168,[so.maŋ.to.tʃim.ʌ.tʃi.ko.sal.a.ka.nɯn],[so.maŋ.do.dʒim.ʌ.dʒi.go.sal.a.ga.nɯn]
하지만 그걸,168,[ha.tʃi.maŋ.kɯ.kʌl],[ha.dʒi.man.gɯ.gʌl]
보여 줘요,168,[po.jʌ.tʃwʌ.jo],[bo.jʌ.dʒwʌ.jo]
제 딸이,168,[tʃe.t͈al.i],[dʒe.t͈al.i]
제 아들을,168,[tʃe.a.tɯl.ɯl],[dʒe.a.dɯl.ɯl]
만나서 반갑다,168,[man.na.sʌ.paŋ.kap̚.ta],[man.na.sʌ.baŋ.kap̚.ta]
願い事も背負い生きてやれ 소망도 짊어지고,168,[so.maŋ.to.tʃim.ʌ.tʃi.ko],[so.maŋ.do.dʒim.ʌ.dʒi.go]
있을 수 없어,168,[it̚.ɯl.su.ʌp̚.ʌ],[it̚.ɯl.su.ʌp̚.ʌ]
움직이지 마세요,168,[un.tʃik̚.i.tʃi.ma.se.jo],[un.tʃik̚.i.dʒi.ma.se.jo]
항상 날,168,[haŋ.saŋ.nal],[haŋ.saŋ.nal]
내가 가장 좋아하는,168,[nɛ.ka.ka.tʃaŋ.tʃot̚.a.ha.nɯn],[nɛ.ga.ga.dʒaŋ.dʒot̚.a.ha.nɯn]
너무 싫어,168,[nʌ.mu.sil.ʌ],[nʌ.mu.sil.ʌ]
왜냐하면 난,168,[wɛ.nja.ha.mjʌn.nan],[wɛ.nja.ha.mjʌn.nan]
모르는 사람,168,[mo.ɾɯ.nɯn.sa.ɾam],[mo.ɾɯ.nɯn.sa.ɾam]
세 개의,168,[se.kɛ.ɯi],[se.gɛ.ɯi]
먹을 것 좀,168,[mʌk̚.ɯl.kʌt̚.tʃom],[mʌk̚.ɯl.gʌt̚.dʒom]
여기서 뭐 하세요,167,[jʌ.ki.sʌ.mwʌ.ha.se.jo],[jʌ.gi.sʌ.mwʌ.ha.se.jo]
달 후,167,[tal.hu],[dal.hu]
학교 안,167,[hak̚.kjo.an],[hak̚.kjo.an]
질 수,167,[tʃil.su],[dʒil.su]
잠깐이면 돼,167,[tʃam.k͈an.i.mjʌn.twɛ],[dʒam.k͈an.i.mjʌn.dwɛ]
기분이 좋아,167,[ki.pun.i.tʃot̚.a],[gi.bun.i.dʒot̚.a]
기분은 어때,167,[ki.pun.ɯn.ʌ.t͈ɛ],[gi.bun.ɯn.ʌ.t͈ɛ]
있어요 어떤,167,[it̚.ʌ.jo.ʌ.t͈ʌn],[it̚.ʌ.jo.ʌ.t͈ʌn]
여긴 왜 왔어요,167,[jʌ.kin.wɛ.wat̚.ʌ.jo],[jʌ.gin.wɛ.wat̚.ʌ.jo]
난 널 믿어,167,[nan.nʌl.mit̚.ʌ],[nan.nʌl.mit̚.ʌ]
내가 봤어,167,[nɛ.ka.pwat̚.ʌ],[nɛ.ga.bwat̚.ʌ]
보지 말고,167,[po.tʃi.mal.ko],[bo.dʒi.mal.ko]
그는 네가,167,[kɯ.nɯn.ne.ka],[gɯ.nɯn.ne.ga]
좀 가,167,[tʃom.ka],[dʒom.ga]
나도 하나,167,[na.to.ha.na],[na.do.ha.na]
가지 말아요,167,[ka.tʃi.mal.a.jo],[ga.dʒi.mal.a.jo]
아니 그건,167,[a.ni.kɯ.kʌn],[a.ni.gɯ.gʌn]
한다는 거,167,[han.ta.nɯŋ.kʌ],[han.ta.nɯn.gʌ]
그녀는 지금,167,[kɯ.njʌ.nɯn.tʃi.kɯm],[gɯ.njʌ.nɯn.dʒi.gɯm]
많은 것이,167,[man.ɯŋ.kʌt̚.i],[man.ɯn.gʌt̚.i]
안 돼요 안,167,[an.twɛ.jo.an],[an.dwɛ.jo.an]
넌 괜찮을 거야,167,[nʌŋ.kwɛn.tʃʰan.ɯl.kʌ.ja],[nʌn.gwɛn.tʃʰan.ɯl.gʌ.ja]
않아요 그럼,167,[an.a.jo.kɯ.ɾʌm],[an.a.jo.gɯ.ɾʌm]
우리는 다른,167,[u.ɾi.nɯn.ta.ɾɯn],[u.ɾi.nɯn.da.ɾɯn]
그 곳에,167,[kɯ.kot̚.e],[gɯ.got̚.e]
무슨 소리 하는 거야,167,[mu.sɯn.so.ɾi.ha.nɯŋ.kʌ.ja],[mu.sɯn.so.ɾi.ha.nɯn.gʌ.ja]
하고 싶다면,167,[ha.ko.sip̚.ta.mjʌn],[ha.go.sip̚.ta.mjʌn]
게 아주,167,[ke.a.tʃu],[ge.a.dʒu]
같이 살고,167,[kat̚.i.sal.ko],[gat̚.i.sal.ko]
여긴 어디죠,167,[jʌ.kin.ʌ.ti.tʃjo],[jʌ.gin.ʌ.di.dʒjo]
여쭤봐도 될까요,167,[jʌ.tʃ͈wʌ.pwa.to.twel.k͈a.jo],[jʌ.tʃ͈wʌ.bwa.do.dwel.k͈a.jo]
그건 아니지만,167,[kɯ.kʌn.a.ni.tʃi.man],[gɯ.gʌn.a.ni.dʒi.man]
줄 거,167,[tʃul.kʌ],[dʒul.gʌ]
어떡할 거야,167,[ʌ.t͈ʌk̚.hal.kʌ.ja],[ʌ.t͈ʌk̚.hal.gʌ.ja]
받는 거야,167,[pat̚.nɯŋ.kʌ.ja],[bat̚.nɯn.gʌ.ja]
안 돼 제발,167,[an.twɛ.tʃe.pal],[an.dwɛ.dʒe.bal]
받는 거,167,[pat̚.nɯŋ.kʌ],[bat̚.nɯn.gʌ]
그럴 수 있어요,167,[kɯ.ɾʌl.su.it̚.ʌ.jo],[gɯ.ɾʌl.su.it̚.ʌ.jo]
손 놓고,167,[son.not̚.ko],[son.not̚.ko]
근데 이거,167,[kɯn.te.i.kʌ],[gɯn.te.i.gʌ]
지금 말하는,167,[tʃi.kɯm.mal.ha.nɯn],[dʒi.gɯm.mal.ha.nɯn]
나도 이해해,167,[na.to.i.hɛ.hɛ],[na.do.i.hɛ.hɛ]
혼자 사는,167,[hon.tʃa.sa.nɯn],[hon.tʃa.sa.nɯn]
얼마 동안,167,[ʌl.ma.toŋ.an],[ʌl.ma.doŋ.an]
당신 아들이,167,[taŋ.sin.a.tɯl.i],[daŋ.sin.a.dɯl.i]
알게 될거야,167,[al.ke.twel.kʌ.ja],[al.ke.dwel.kʌ.ja]
제 의뢰인은,167,[tʃe.ɯi.ɾwe.in.ɯn],[dʒe.ɯi.ɾwe.in.ɯn]
찾아야 할,167,[tʃʰat̚.a.ja.hal],[tʃʰat̚.a.ja.hal]
알게 돼,167,[al.ke.twɛ],[al.ke.dwɛ]
그는 날,167,[kɯ.nɯn.nal],[gɯ.nɯn.nal]
안 걸릴,167,[aŋ.kʌl.ɾil],[an.gʌl.ɾil]
안 된다면,167,[an.twen.ta.mjʌn],[an.dwen.ta.mjʌn]
바라지 않아,167,[pa.ɾa.tʃi.an.a],[ba.ɾa.dʒi.an.a]
말이야 아니,167,[mal.i.ja.a.ni],[mal.i.ja.a.ni]
내가 기억하는,167,[nɛ.ka.ki.ʌk̚.ha.nɯn],[nɛ.ga.gi.ʌk̚.ha.nɯn]
걸 할 수,167,[kʌl.hal.su],[gʌl.hal.su]
난 별로,167,[nam.pjʌl.ɾo],[nan.bjʌl.ɾo]
그러나 우리는,167,[kɯ.ɾʌ.na.u.ɾi.nɯn],[gɯ.ɾʌ.na.u.ɾi.nɯn]
한다고 생각해요,167,[han.ta.ko.sɛŋ.kak̚.hɛ.jo],[han.ta.go.sɛŋ.gak̚.hɛ.jo]
왜 거기,167,[wɛ.kʌ.ki],[wɛ.gʌ.gi]
게 누군데,167,[ke.nu.kun.te],[ge.nu.gun.te]
왜 여기로,167,[wɛ.jʌ.ki.ɾo],[wɛ.jʌ.gi.ɾo]
만 원,167,[man.wʌn],[man.wʌn]
전 여기서,167,[tʃʌn.jʌ.ki.sʌ],[dʒʌn.jʌ.gi.sʌ]
아니에요 제,167,[a.ni.e.jo.tʃe],[a.ni.e.jo.dʒe]
기분이 어떤지,167,[ki.pun.i.ʌ.t͈ʌn.tʃi],[gi.bun.i.ʌ.t͈ʌn.tʃi]
내가 간다,167,[nɛ.ka.kan.ta],[nɛ.ga.gan.ta]
다 보고,167,[ta.po.ko],[da.bo.go]
안 돼 그럼,167,[an.twɛ.kɯ.ɾʌm],[an.dwɛ.gɯ.ɾʌm]
할 일이 있어요,167,[hal.il.i.it̚.ʌ.jo],[hal.il.i.it̚.ʌ.jo]
다닐 수,167,[ta.nil.su],[da.nil.su]
여기 있는데,167,[jʌ.ki.it̚.nɯn.te],[jʌ.gi.it̚.nɯn.te]
믿지 않아요,167,[mit̚.tʃi.an.a.jo],[mit̚.tʃi.an.a.jo]
거예요 나도,167,[kʌ.je.jo.na.to],[gʌ.je.jo.na.do]
우리 함께,167,[u.ɾi.ham.k͈e],[u.ɾi.ham.k͈e]
날 믿어야 해,167,[nal.mit̚.ʌ.ja.hɛ],[nal.mit̚.ʌ.ja.hɛ]
섞인 신음,167,[sʌk̚.in.sin.ɯm],[sʌk̚.in.sin.ɯm]
그런데 이제,167,[kɯ.ɾʌn.te.i.tʃe],[gɯ.ɾʌn.te.i.dʒe]
왜 같이,167,[wɛ.kat̚.i],[wɛ.gat̚.i]
사람이 되는,167,[sa.ɾam.i.twe.nɯn],[sa.ɾam.i.dwe.nɯn]
버스 타고,167,[pʌ.sɯ.tʰa.ko],[bʌ.sɯ.tʰa.go]
수 있어 그,167,[su.it̚.ʌ.kɯ],[su.it̚.ʌ.gɯ]
없어 저,167,[ʌp̚.ʌ.tʃʌ],[ʌp̚.ʌ.dʒʌ]
나도 너,167,[na.to.nʌ],[na.do.nʌ]
죄송합니다 제가,167,[tʃwe.soŋ.hap̚.ni.ta.tʃe.ka],[dʒwe.soŋ.hap̚.ni.da.dʒe.ga]
줘야 할,167,[tʃwʌ.ja.hal],[dʒwʌ.ja.hal]
같긴 한데,167,[kat̚.kin.han.te],[gat̚.kin.han.te]
쉬지 않고,167,[swi.tʃi.aŋ.ko],[swi.dʒi.aŋ.ko]
네가 아니야,167,[ne.ka.a.ni.ja],[ne.ga.a.ni.ja]
리 없지,167,[ɾi.ʌp̚.tʃi],[ɾi.ʌp̚.tʃi]
주면 안 돼,167,[tʃu.mjʌn.an.twɛ],[dʒu.mjʌn.an.dwɛ]
거기 누구야,167,[kʌ.ki.nu.ku.ja],[gʌ.gi.nu.gu.ja]
사실을 알게,167,[sa.sil.ɯl.al.ke],[sa.sil.ɯl.al.ke]
할 수 있겠어요,167,[hal.su.it̚.ket̚.ʌ.jo],[hal.su.it̚.ket̚.ʌ.jo]
당장 나와,167,[taŋ.tʃaŋ.na.wa],[daŋ.dʒaŋ.na.wa]
않을 걸,167,[an.ɯl.kʌl],[an.ɯl.gʌl]
좋은 방법은,167,[tʃot̚.ɯm.pam.pʌp̚.ɯn],[dʒot̚.ɯn.baŋ.bʌp̚.ɯn]
죽은 자의,167,[tʃuk̚.ɯn.tʃa.ɯi],[dʒuk̚.ɯn.dʒa.ɯi]
넌 그녀를,167,[nʌŋ.kɯ.njʌ.ɾɯl],[nʌn.gɯ.njʌ.ɾɯl]
것은 없다,167,[kʌt̚.ɯn.ʌp̚.ta],[gʌt̚.ɯn.ʌp̚.ta]
그 중 한,167,[kɯ.tʃuŋ.han],[gɯ.dʒuŋ.han]
그런 짓을 한,166,[kɯ.ɾʌn.tʃit̚.ɯl.han],[gɯ.ɾʌn.dʒit̚.ɯl.han]
네 어떻게,166,[ne.ʌ.t͈ʌt̚.ke],[ne.ʌ.t͈ʌt̚.ke]
그렇게 하세요,166,[kɯ.ɾʌt̚.ke.ha.se.jo],[gɯ.ɾʌt̚.ke.ha.se.jo]
그럴 이유가,166,[kɯ.ɾʌl.i.ju.ka],[gɯ.ɾʌl.i.ju.ga]
수 있어 그래,166,[su.it̚.ʌ.kɯ.ɾɛ],[su.it̚.ʌ.gɯ.ɾɛ]
중 어떤,166,[tʃuŋ.ʌ.t͈ʌn],[dʒuŋ.ʌ.t͈ʌn]
말이야 음,166,[mal.i.ja.ɯm],[mal.i.ja.ɯm]
난 매일,166,[nan.mɛ.il],[nan.mɛ.il]
모르는 건,166,[mo.ɾɯ.nɯŋ.kʌn],[mo.ɾɯ.nɯn.gʌn]
이 쓰레기,166,[i.s͈ɯ.ɾe.ki],[i.s͈ɯ.ɾe.gi]
사실 내가,166,[sa.sil.lɛ.ka],[sa.sil.lɛ.ga]
때 우린,166,[t͈ɛ.u.ɾin],[t͈ɛ.u.ɾin]
최선을 다할,166,[tʃʰwe.sʌn.ɯl.ta.hal],[tʃʰwe.sʌn.ɯl.da.hal]
두 가지를,166,[tu.ka.tʃi.ɾɯl],[du.ga.dʒi.ɾɯl]
우린 할 수 있어,166,[u.ɾin.hal.su.it̚.ʌ],[u.ɾin.hal.su.it̚.ʌ]
널 보러,166,[nʌl.po.ɾʌ],[nʌl.bo.ɾʌ]
말이 좀,166,[mal.i.tʃom],[mal.i.dʒom]
이 녀석을,166,[i.njʌ.sʌk̚.ɯl],[i.njʌ.sʌk̚.ɯl]
뭘 또,166,[mwʌl.t͈o],[mwʌl.t͈o]
사람들이 널,166,[sa.ɾan.tɯl.i.nʌl],[sa.ɾan.tɯl.i.nʌl]
What if,166,,
없어 뭐,166,[ʌp̚.ʌ.mwʌ],[ʌp̚.ʌ.mwʌ]
생각하지 않았다,166,[sɛŋ.kak̚.ha.tʃi.an.at̚.ta],[sɛŋ.gak̚.ha.dʒi.an.at̚.ta]
온 것도,166,[oŋ.kʌt̚.to],[on.gʌt̚.to]
그럼 누구,166,[kɯ.ɾʌm.nu.ku],[gɯ.ɾʌm.nu.gu]
don''t need,166,,
좀 물어봐도,166,[tʃom.mul.ʌ.pwa.to],[dʒom.mul.ʌ.bwa.do]
걸 수,166,[kʌl.su],[gʌl.su]
필요는 없지,166,[pʰil.jo.nɯn.ʌp̚.tʃi],[pʰil.jo.nɯn.ʌp̚.tʃi]
거야 미안해,166,[kʌ.ja.mi.an.hɛ],[gʌ.ja.mi.an.hɛ]
집에 갈 거야,166,[tʃip̚.e.kal.kʌ.ja],[dʒip̚.e.gal.gʌ.ja]
봐 우리가,166,[pwa.u.ɾi.ka],[bwa.u.ɾi.ga]
생각해 보니까,166,[sɛŋ.kak̚.hɛ.po.ni.k͈a],[sɛŋ.gak̚.hɛ.bo.ni.k͈a]
smi by,166,,
농담하는 거지,166,[noŋ.tam.ha.nɯŋ.kʌ.tʃi],[noŋ.dam.ha.nɯn.gʌ.dʒi]
하면 더,166,[ha.mjʌn.tʌ],[ha.mjʌn.dʌ]
그를 데리고,166,[kɯ.ɾɯl.te.ɾi.ko],[gɯ.ɾɯl.de.ɾi.go]
내 몸,166,[nɛ.mom],[nɛ.mom]
사실 전,166,[sa.sil.tʃʌn],[sa.sil.dʒʌn]
내가 죽인,166,[nɛ.ka.tʃuk̚.in],[nɛ.ga.dʒuk̚.in]
뭐라고 말,166,[mwʌ.ɾa.ko.mal],[mwʌ.ɾa.go.mal]
올 때마다,166,[ol.t͈ɛ.ma.ta],[ol.t͈ɛ.ma.da]
그는 당신을,166,[kɯ.nɯn.taŋ.sin.ɯl],[gɯ.nɯn.daŋ.sin.ɯl]
당신은 내게,166,[taŋ.sin.ɯn.nɛ.ke],[daŋ.sin.ɯn.nɛ.ge]
갔을 거야,166,[kat̚.ɯl.kʌ.ja],[gat̚.ɯl.gʌ.ja]
혼자 두고,166,[hon.tʃa.tu.ko],[hon.tʃa.du.go]
It is,166,,
이 시점에서,166,[i.si.tʃʌm.e.sʌ],[i.si.dʒʌm.e.sʌ]
지켜 줄,166,[tʃi.kʰjʌ.tʃul],[dʒi.kʰjʌ.dʒul]
그렇게 큰,166,[kɯ.ɾʌt̚.ke.kʰɯn],[gɯ.ɾʌt̚.ke.kʰɯn]
그것은 또한,166,[kɯ.kʌt̚.ɯn.t͈o.han],[gɯ.gʌt̚.ɯn.t͈o.han]
건지 모르겠어요,166,[kʌn.tʃi.mo.ɾɯ.ket̚.ʌ.jo],[gʌn.tʃi.mo.ɾɯ.get̚.ʌ.jo]
우리 관계가,166,[u.ɾi.kwaŋ.kje.ka],[u.ɾi.gwaŋ.kje.ga]
못 들어오게,166,[mot̚.tɯl.ʌ.o.ke],[mot̚.dɯl.ʌ.o.ge]
하고 싶지만,166,[ha.ko.sip̚.tʃi.man],[ha.go.sip̚.tʃi.man]
안 줘,166,[an.tʃwʌ],[an.dʒwʌ]
떠나는 거야,166,[t͈ʌ.na.nɯŋ.kʌ.ja],[t͈ʌ.na.nɯn.gʌ.ja]
잘 잤어요,166,[tʃal.tʃat̚.ʌ.jo],[dʒal.dʒat̚.ʌ.jo]
있어 만약,166,[it̚.ʌ.man.jak̚],[it̚.ʌ.man.jak̚]
위해 건배,166,[wi.hɛ.kʌm.pɛ],[wi.hɛ.gʌm.pɛ]
그 친구를,166,[kɯ.tʃʰiŋ.ku.ɾɯl],[gɯ.tʃʰiŋ.ku.ɾɯl]
알려줄 수,166,[al.ɾjʌ.tʃul.su],[al.ɾjʌ.dʒul.su]
말할 수 있다,166,[mal.hal.su.it̚.ta],[mal.hal.su.it̚.ta]
방금 무슨,166,[paŋ.kɯm.mu.sɯn],[baŋ.gɯm.mu.sɯn]
네 맘대로,166,[ne.man.tɛ.ɾo],[ne.man.tɛ.ɾo]
네 생각이,166,[ne.sɛŋ.kak̚.i],[ne.sɛŋ.gak̚.i]
너무 쉽게,166,[nʌ.mu.swip̚.ke],[nʌ.mu.swip̚.ke]
있었어요 하지만,166,[it̚.ʌt̚.ʌ.jo.ha.tʃi.man],[it̚.ʌt̚.ʌ.jo.ha.dʒi.man]
혼자 할 수,166,[hon.tʃa.hal.su],[hon.tʃa.hal.su]
하고 싶은 거,166,[ha.ko.sip̚.ɯŋ.kʌ],[ha.go.sip̚.ɯn.gʌ]
할 순 없어요,166,[hal.sun.ʌp̚.ʌ.jo],[hal.sun.ʌp̚.ʌ.jo]
그건 다른,166,[kɯ.kʌn.ta.ɾɯn],[gɯ.gʌn.da.ɾɯn]
걸 압니다,166,[kʌl.ap̚.ni.ta],[gʌl.ap̚.ni.da]
내가 죽은,166,[nɛ.ka.tʃuk̚.ɯn],[nɛ.ga.dʒuk̚.ɯn]
않을 거,166,[an.ɯl.kʌ],[an.ɯl.gʌ]
있을 거 같아,166,[it̚.ɯl.kʌ.kat̚.a],[it̚.ɯl.gʌ.gat̚.a]
대답할 수,166,[tɛ.tap̚.hal.su],[dɛ.dap̚.hal.su]
안내 음성,166,[an.nɛ.ɯm.sʌŋ],[an.nɛ.ɯm.sʌŋ]
다치게 하고,166,[ta.tʃʰi.ke.ha.ko],[da.tʃʰi.ge.ha.go]
우린 둘,166,[u.ɾin.tul],[u.ɾin.dul]
다른 방법이 있을,166,[ta.ɾɯm.pam.pʌp̚.i.it̚.ɯl],[da.ɾɯn.baŋ.bʌp̚.i.it̚.ɯl]
우리는 우리,166,[u.ɾi.nɯn.u.ɾi],[u.ɾi.nɯn.u.ɾi]
난 알아요,166,[nan.al.a.jo],[nan.al.a.jo]
관한 건,166,[kwan.haŋ.kʌn],[gwan.han.gʌn]
더 중요해,166,[tʌ.tʃuŋ.jo.hɛ],[dʌ.dʒuŋ.jo.hɛ]
않으면 내가,166,[an.ɯ.mjʌn.nɛ.ka],[an.ɯ.mjʌn.nɛ.ga]
내가 너랑,166,[nɛ.ka.nʌ.ɾaŋ],[nɛ.ga.nʌ.ɾaŋ]
거죠 내가,166,[kʌ.tʃjo.nɛ.ka],[gʌ.dʒjo.nɛ.ga]
그 한,166,[kɯ.han],[gɯ.han]
잊지 않을,166,[it̚.tʃi.an.ɯl],[it̚.tʃi.an.ɯl]
대해 말하는,166,[tɛ.hɛ.mal.ha.nɯn],[dɛ.hɛ.mal.ha.nɯn]
그거 좋네,166,[kɯ.kʌ.tʃot̚.ne],[gɯ.gʌ.dʒot̚.ne]
살게 될,166,[sal.ke.twel],[sal.ke.dwel]
뭘 했는데,166,[mwʌl.hɛt̚.nɯn.te],[mwʌl.hɛt̚.nɯn.te]
일어나 봐,166,[il.ʌ.na.pwa],[il.ʌ.na.bwa]
궁금한 게 있는데,166,[kuŋ.kɯm.haŋ.ke.it̚.nɯn.te],[guŋ.gɯm.han.ge.it̚.nɯn.te]
넌 여기 있어,166,[nʌn.jʌ.ki.it̚.ʌ],[nʌn.jʌ.gi.it̚.ʌ]
있는 건데,166,[it̚.nɯŋ.kʌn.te],[it̚.nɯn.gʌn.te]
괜찮아요 괜찮아요,166,[kwɛn.tʃʰan.a.jo.kwɛn.tʃʰan.a.jo],[gwɛn.tʃʰan.a.jo.gwɛn.tʃʰan.a.jo]
어떻게 돼가,166,[ʌ.t͈ʌt̚.ke.twɛ.ka],[ʌ.t͈ʌt̚.ke.dwɛ.ga]
그 땐,166,[kɯ.t͈ɛn],[gɯ.t͈ɛn]
온 거잖아,166,[oŋ.kʌ.tʃan.a],[on.gʌ.dʒan.a]
총 맞은,166,[tʃʰoŋ.mat̚.ɯn],[tʃʰoŋ.mat̚.ɯn]
And the,166,,
빛보다 빠르게,166,[pit̚.po.ta.p͈a.ɾɯ.ke],[bit̚.po.da.p͈a.ɾɯ.ge]
년 형을,166,[njʌn.hjʌŋ.ɯl],[njʌn.hjʌŋ.ɯl]
우린 좋은,166,[u.ɾin.tʃot̚.ɯn],[u.ɾin.dʒot̚.ɯn]
해요 그래서,166,[hɛ.jo.kɯ.ɾɛ.sʌ],[hɛ.jo.gɯ.ɾɛ.sʌ]
일하고 있다,165,[il.ha.ko.it̚.ta],[il.ha.go.it̚.ta]
내가 그럴,165,[nɛ.ka.kɯ.ɾʌl],[nɛ.ga.gɯ.ɾʌl]
이쪽으로 오시죠,165,[i.tʃ͈ok̚.ɯ.ɾo.o.si.tʃjo],[i.tʃ͈ok̚.ɯ.ɾo.o.si.dʒjo]
꽃과 같으라,165,[k͈ot̚.kwa.kat̚.ɯ.ɾa],[k͈ot̚.kwa.gat̚.ɯ.ɾa]
난 알고,165,[nan.al.ko],[nan.al.ko]
게임을 하고,165,[ke.im.ɯl.ha.ko],[ge.im.ɯl.ha.go]
그 옷,165,[kɯ.ot̚],[gɯ.ot̚]
된다는 거야,165,[twen.ta.nɯŋ.kʌ.ja],[dwen.ta.nɯn.gʌ.ja]
건 이게,165,[kʌn.i.ke],[gʌn.i.ge]
무슨 말 하는,165,[mu.sɯn.mal.ha.nɯn],[mu.sɯn.mal.ha.nɯn]
그런데 내,165,[kɯ.ɾʌn.te.nɛ],[gɯ.ɾʌn.te.nɛ]
La La La La,165,,
저 애가,165,[tʃʌ.ɛ.ka],[dʒʌ.ɛ.ga]
피어나는 꽃과,165,[pʰi.ʌ.na.nɯŋ.k͈ot̚.kwa],[pʰi.ʌ.na.nɯŋ.k͈ot̚.kwa]
戦場に咲く華の様であれ 전쟁터에서 피어나는,165,[tʃʌn.tʃɛŋ.tʰʌ.e.sʌ.pʰi.ʌ.na.nɯn],[dʒʌn.tʃɛŋ.tʰʌ.e.sʌ.pʰi.ʌ.na.nɯn]
아니야 무슨,165,[a.ni.ja.mu.sɯn],[a.ni.ja.mu.sɯn]
戦場に咲く華の様であれ 전쟁터에서,165,[tʃʌn.tʃɛŋ.tʰʌ.e.sʌ],[dʒʌn.tʃɛŋ.tʰʌ.e.sʌ]
흩날리고 있어 誰かの叫びが砕け散っている 누군가의,165,[hɯt̚.nal.ɾi.ko.it̚.ʌ.nu.kuŋ.ka.ɯi],[hɯt̚.nal.ɾi.go.it̚.ʌ.nu.guŋ.ka.ɯi]
나쁜 짓,165,[na.p͈ɯn.tʃit̚],[na.p͈ɯn.dʒit̚]
때문에 다,165,[t͈ɛ.mun.e.ta],[t͈ɛ.mun.e.da]
없는 세상으로 哀ない,165,[ʌp̚.nɯn.se.saŋ.ɯ.ɾo],[ʌp̚.nɯn.se.saŋ.ɯ.ɾo]
있어 誰かの叫びが砕け散っている 누군가의,165,[it̚.ʌ.nu.kuŋ.ka.ɯi],[it̚.ʌ.nu.guŋ.ka.ɯi]
않으려 深い夜の闇に飲まれないよう 깊은 밤의,165,[an.ɯ.ɾjʌ.kip̚.ɯm.pam.ɯi],[an.ɯ.ɾjʌ.gip̚.ɯn.bam.ɯi]
없는 세상으로 哀ない 罪と痛みない世界へ,165,[ʌp̚.nɯn.se.saŋ.ɯ.ɾo],[ʌp̚.nɯn.se.saŋ.ɯ.ɾo]
우린 모든,165,[u.ɾin.mo.tɯn],[u.ɾin.mo.dɯn]
게 아니라는,165,[ke.a.ni.ɾa.nɯn],[ge.a.ni.ɾa.nɯn]
가본 적이,165,[ka.pon.tʃʌk̚.i],[ga.bon.dʒʌk̚.i]
안에 든,165,[an.e.tɯn],[an.e.dɯn]
일은 일어나지,165,[il.ɯn.il.ʌ.na.tʃi],[il.ɯn.il.ʌ.na.dʒi]
전쟁터에서 피어나는 꽃과 같으라,165,[tʃʌn.tʃɛŋ.tʰʌ.e.sʌ.pʰi.ʌ.na.nɯŋ.k͈ot̚.kwa.kat̚.ɯ.ɾa],[dʒʌn.tʃɛŋ.tʰʌ.e.sʌ.pʰi.ʌ.na.nɯŋ.k͈ot̚.kwa.gat̚.ɯ.ɾa]
Why are,165,,
삼켜지지 않으려 深い夜の闇に飲まれないよう 깊은,165,[sam.kʰjʌ.tʃi.tʃi.an.ɯ.ɾjʌ.kip̚.ɯn],[sam.kʰjʌ.dʒi.dʒi.an.ɯ.ɾjʌ.gip̚.ɯn]
내 아버지는,165,[nɛ.a.pʌ.tʃi.nɯn],[nɛ.a.bʌ.dʒi.nɯn]
세상으로 哀ない,165,[se.saŋ.ɯ.ɾo],[se.saŋ.ɯ.ɾo]
흩날리고 있어 誰かの叫びが砕け散っている,165,[hɯt̚.nal.ɾi.ko.it̚.ʌ],[hɯt̚.nal.ɾi.go.it̚.ʌ]
어둠에 삼켜지지 않으려 深い夜の闇に飲まれないよう,165,[ʌ.tum.e.sam.kʰjʌ.tʃi.tʃi.an.ɯ.ɾjʌ],[ʌ.dum.e.sam.kʰjʌ.dʒi.dʒi.an.ɯ.ɾjʌ]
잘 알고 있습니다,165,[tʃal.al.ko.it̚.sɯp̚.ni.ta],[dʒal.al.ko.it̚.sɯp̚.ni.da]
있어 그런,165,[it̚.ʌ.kɯ.ɾʌn],[it̚.ʌ.gɯ.ɾʌn]
심호흡 제네시스 超ビッグバン深呼吸ジェネシス 초빅뱅,165,[sim.ho.hɯp̚.tʃe.ne.si.sɯ.tʃʰo.pik̚.pɛŋ],[sim.ho.hɯp̚.dʒe.ne.si.sɯ.tʃʰo.bik̚.pɛŋ]
거야 좋아요,165,[kʌ.ja.tʃot̚.a.jo],[gʌ.ja.dʒot̚.a.jo]
세상으로 哀ない 罪と痛みない世界へ 슬픔,165,[se.saŋ.ɯ.ɾo.sɯl.pʰɯm],[se.saŋ.ɯ.ɾo.sɯl.pʰɯm]
필요한 것은,165,[pʰil.jo.haŋ.kʌt̚.ɯn],[pʰil.jo.han.gʌt̚.ɯn]
그 모든 걸,165,[kɯ.mo.tɯŋ.kʌl],[gɯ.mo.dɯn.gʌl]
세상으로 哀ない 罪と痛みない世界へ,165,[se.saŋ.ɯ.ɾo],[se.saŋ.ɯ.ɾo]
초빅뱅 심호흡 제네시스 超ビッグバン深呼吸ジェネシス,165,[tʃʰo.pik̚.pɛŋ.sim.ho.hɯp̚.tʃe.ne.si.sɯ],[tʃʰo.bik̚.pɛŋ.sim.ho.hɯp̚.dʒe.ne.si.sɯ]
적 있지,165,[tʃʌk̚.it̚.tʃi],[dʒʌk̚.it̚.tʃi]
그럼 다음,165,[kɯ.ɾʌn.ta.ɯm],[gɯ.ɾʌm.da.ɯm]
좋은 소식이에요,165,[tʃot̚.ɯn.so.sik̚.i.e.jo],[dʒot̚.ɯn.so.sik̚.i.e.jo]
네 생각을,165,[ne.sɛŋ.kak̚.ɯl],[ne.sɛŋ.gak̚.ɯl]
걱정 안 해도 돼,165,[kʌk̚.tʃʌŋ.an.hɛ.to.twɛ],[gʌk̚.tʃʌŋ.an.hɛ.do.dwɛ]
네 얼굴,165,[ne.ʌl.kul],[ne.ʌl.kul]
제네시스 超ビッグバン深呼吸ジェネシス 초빅뱅,165,[tʃe.ne.si.sɯ.tʃʰo.pik̚.pɛŋ],[dʒe.ne.si.sɯ.tʃʰo.bik̚.pɛŋ]
알지만 하지만,165,[al.tʃi.man.ha.tʃi.man],[al.tʃi.man.ha.dʒi.man]
전쟁터에서 피어나는 꽃과,165,[tʃʌn.tʃɛŋ.tʰʌ.e.sʌ.pʰi.ʌ.na.nɯŋ.k͈ot̚.kwa],[dʒʌn.tʃɛŋ.tʰʌ.e.sʌ.pʰi.ʌ.na.nɯŋ.k͈ot̚.kwa]
심호흡 제네시스 超ビッグバン深呼吸ジェネシス,165,[sim.ho.hɯp̚.tʃe.ne.si.sɯ],[sim.ho.hɯp̚.dʒe.ne.si.sɯ]
우리는 여기서,165,[u.ɾi.nɯn.jʌ.ki.sʌ],[u.ɾi.nɯn.jʌ.gi.sʌ]
지금 가고,165,[tʃi.kɯm.ka.ko],[dʒi.gɯm.ga.go]
감옥에 있는,165,[kam.ok̚.e.it̚.nɯn],[gam.ok̚.e.it̚.nɯn]
그는 우리를,165,[kɯ.nɯn.u.ɾi.ɾɯl],[gɯ.nɯn.u.ɾi.ɾɯl]
계속 할,165,[kje.sok̚.hal],[gje.sok̚.hal]
당신의 도움이,165,[taŋ.sin.ɯi.to.um.i],[daŋ.sin.ɯi.do.um.i]
우리가 여기 있는,165,[u.ɾi.ka.jʌ.ki.it̚.nɯn],[u.ɾi.ga.jʌ.gi.it̚.nɯn]
않으려 深い夜の闇に飲まれないよう,165,[an.ɯ.ɾjʌ],[an.ɯ.ɾjʌ]
자기가 한,165,[tʃa.ki.ka.han],[dʒa.gi.ga.han]
이것 보세요,165,[i.kʌt̚.po.se.jo],[i.gʌt̚.bo.se.jo]
네 모든,165,[ne.mo.tɯn],[ne.mo.dɯn]
제네시스 超ビッグバン深呼吸ジェネシス,165,[tʃe.ne.si.sɯ],[dʒe.ne.si.sɯ]
문 닫히는 소리,165,[mun.tat̚.hi.nɯn.so.ɾi],[mun.dat̚.hi.nɯn.so.ɾi]
있어 誰かの叫びが砕け散っている,165,[it̚.ʌ],[it̚.ʌ]
그럴 순 없어요,165,[kɯ.ɾʌl.sun.ʌp̚.ʌ.jo],[gɯ.ɾʌl.sun.ʌp̚.ʌ.jo]
게 뭡니까,165,[ke.mwʌp̚.ni.k͈a],[ge.mwʌp̚.ni.k͈a]
있어 誰かの叫びが砕け散っている 누군가의 외침이,165,[it̚.ʌ.nu.kuŋ.ka.ɯi.we.tʃʰim.i],[it̚.ʌ.nu.guŋ.ka.ɯi.we.tʃʰim.i]
너무 좋아서,165,[nʌ.mu.tʃot̚.a.sʌ],[nʌ.mu.dʒot̚.a.sʌ]
제가 다시,165,[tʃe.ka.ta.si],[dʒe.ga.da.si]
숨기고 있는,165,[sum.ki.ko.it̚.nɯn],[sum.ki.go.it̚.nɯn]
엄마가 날,165,[ʌm.ma.ka.nal],[ʌm.ma.ga.nal]
알려지지 않은,165,[al.ɾjʌ.tʃi.tʃi.an.ɯn],[al.ɾjʌ.dʒi.dʒi.an.ɯn]
피어나는 꽃과 같으라,165,[pʰi.ʌ.na.nɯŋ.k͈ot̚.kwa.kat̚.ɯ.ɾa],[pʰi.ʌ.na.nɯŋ.k͈ot̚.kwa.gat̚.ɯ.ɾa]
제가 갈게요,165,[tʃe.ka.kal.ke.jo],[dʒe.ga.gal.ke.jo]
제네시스 超ビッグバン深呼吸ジェネシス 초빅뱅 심호흡,165,[tʃe.ne.si.sɯ.tʃʰo.pik̚.pɛŋ.sim.ho.hɯp̚],[dʒe.ne.si.sɯ.tʃʰo.bik̚.pɛŋ.sim.ho.hɯp̚]
다신 그런,165,[ta.siŋ.kɯ.ɾʌn],[da.sin.gɯ.ɾʌn]
고통 없는 세상으로 哀ない,165,[ko.tʰoŋ.ʌp̚.nɯn.se.saŋ.ɯ.ɾo],[go.tʰoŋ.ʌp̚.nɯn.se.saŋ.ɯ.ɾo]
받았을 때,165,[pat̚.at̚.ɯl.t͈ɛ],[bat̚.at̚.ɯl.t͈ɛ]
있었어 내,165,[it̚.ʌt̚.ʌ.nɛ],[it̚.ʌt̚.ʌ.nɛ]
나도 그렇게 생각해,165,[na.to.kɯ.ɾʌt̚.ke.sɛŋ.kak̚.hɛ],[na.do.gɯ.ɾʌt̚.ke.sɛŋ.gak̚.hɛ]
戦場に咲く華の様であれ 전쟁터에서 피어나는 꽃과,165,[tʃʌn.tʃɛŋ.tʰʌ.e.sʌ.pʰi.ʌ.na.nɯŋ.k͈ot̚.kwa],[dʒʌn.tʃɛŋ.tʰʌ.e.sʌ.pʰi.ʌ.na.nɯŋ.k͈ot̚.kwa]
않으려 深い夜の闇に飲まれないよう 깊은,165,[an.ɯ.ɾjʌ.kip̚.ɯn],[an.ɯ.ɾjʌ.gip̚.ɯn]
떠나는 걸,165,[t͈ʌ.na.nɯŋ.kʌl],[t͈ʌ.na.nɯn.gʌl]
우리는 당신의,165,[u.ɾi.nɯn.taŋ.sin.ɯi],[u.ɾi.nɯn.daŋ.sin.ɯi]
가 봐야겠어,165,[ka.pwa.ja.ket̚.ʌ],[ga.bwa.ja.get̚.ʌ]
계획이 있어요,165,[kje.hwek̚.i.it̚.ʌ.jo],[gje.hwek̚.i.it̚.ʌ.jo]
어디에 있든,165,[ʌ.ti.e.it̚.tɯn],[ʌ.di.e.it̚.tɯn]
보기 전에,165,[po.ki.tʃʌn.e],[bo.gi.dʒʌn.e]
삼켜지지 않으려 深い夜の闇に飲まれないよう,165,[sam.kʰjʌ.tʃi.tʃi.an.ɯ.ɾjʌ],[sam.kʰjʌ.dʒi.dʒi.an.ɯ.ɾjʌ]
한다는 거죠,165,[han.ta.nɯŋ.kʌ.tʃjo],[han.ta.nɯn.gʌ.dʒjo]
살고 싶어요,165,[sal.ko.sip̚.ʌ.jo],[sal.ko.sip̚.ʌ.jo]
걱정 마라,165,[kʌk̚.tʃʌŋ.ma.ɾa],[gʌk̚.tʃʌŋ.ma.ɾa]
정말 할,165,[tʃʌŋ.mal.hal],[dʒʌŋ.mal.hal]
걸 좋아해,165,[kʌl.tʃot̚.a.hɛ],[gʌl.dʒot̚.a.hɛ]
있는지 알,165,[it̚.nɯn.tʃi.al],[it̚.nɯn.tʃi.al]
그래도 이건,165,[kɯ.ɾɛ.to.i.kʌn],[gɯ.ɾɛ.do.i.gʌn]
전 잘,165,[tʃʌn.tʃal],[dʒʌn.dʒal]
관련된 모든,165,[kwal.ljʌn.twen.mo.tɯn],[gwal.ljʌn.twen.mo.dɯn]
네 그래서,165,[ne.kɯ.ɾɛ.sʌ],[ne.gɯ.ɾɛ.sʌ]
위해 뭐든,165,[wi.hɛ.mwʌ.tɯn],[wi.hɛ.mwʌ.dɯn]
외침이 흩날리고 있어 誰かの叫びが砕け散っている,165,[we.tʃʰim.i.hɯt̚.nal.ɾi.ko.it̚.ʌ],[we.tʃʰim.i.hɯt̚.nal.ɾi.go.it̚.ʌ]
그는 그가,164,[kɯ.nɯŋ.kɯ.ka],[gɯ.nɯn.gɯ.ga]
그런 소릴,164,[kɯ.ɾʌn.so.ɾil],[gɯ.ɾʌn.so.ɾil]
can you,164,,
쓴 거예요,164,[s͈ɯŋ.kʌ.je.jo],[s͈ɯn.gʌ.je.jo]
보내 주세요,164,[po.nɛ.tʃu.se.jo],[bo.nɛ.dʒu.se.jo]
그들은 당신을,164,[kɯ.tɯl.ɯn.taŋ.sin.ɯl],[gɯ.dɯl.ɯn.daŋ.sin.ɯl]
읽어 봐,164,[ik̚.ʌ.pwa],[ik̚.ʌ.bwa]
있을지 모르겠어요,164,[it̚.ɯl.tʃi.mo.ɾɯ.ket̚.ʌ.jo],[it̚.ɯl.tʃi.mo.ɾɯ.get̚.ʌ.jo]
중 두,164,[tʃuŋ.tu],[dʒuŋ.du]
안 돼 넌,164,[an.twɛ.nʌn],[an.dwɛ.nʌn]
돼 이런,164,[twɛ.i.ɾʌn],[dwɛ.i.ɾʌn]
너무 커서,164,[nʌ.mu.kʰʌ.sʌ],[nʌ.mu.kʰʌ.sʌ]
싶지 않다면,164,[sip̚.tʃi.an.ta.mjʌn],[sip̚.tʃi.an.ta.mjʌn]
사람이 어떻게,164,[sa.ɾam.i.ʌ.t͈ʌt̚.ke],[sa.ɾam.i.ʌ.t͈ʌt̚.ke]
운이 좋다면,164,[un.i.tʃot̚.ta.mjʌn],[un.i.dʒot̚.ta.mjʌn]
그렇게 하자,164,[kɯ.ɾʌt̚.ke.ha.tʃa],[gɯ.ɾʌt̚.ke.ha.dʒa]
넌 무슨,164,[nʌn.mu.sɯn],[nʌn.mu.sɯn]
중요한 일,164,[tʃuŋ.jo.han.il],[dʒuŋ.jo.han.il]
확실히 해,164,[hwak̚.sil.hi.hɛ],[hwak̚.sil.hi.hɛ]
알면서 왜,164,[al.mjʌn.sʌ.wɛ],[al.mjʌn.sʌ.wɛ]
못 받아,164,[mot̚.pat̚.a],[mot̚.bat̚.a]
안 되는 건,164,[an.twe.nɯŋ.kʌn],[an.dwe.nɯn.gʌn]
이건 옳지,164,[i.kʌn.ol.tʃi],[i.gʌn.ol.tʃi]
분명히 말하는데,164,[pun.mjʌŋ.hi.mal.ha.nɯn.te],[bun.mjʌŋ.hi.mal.ha.nɯn.te]
그건 그래,164,[kɯ.kʌŋ.kɯ.ɾɛ],[gɯ.gʌn.gɯ.ɾɛ]
네 동생을,164,[ne.toŋ.sɛŋ.ɯl],[ne.doŋ.sɛŋ.ɯl]
안녕히 계십시오,164,[an.njʌŋ.hi.kje.sip̚.si.o],[an.njʌŋ.hi.gje.sip̚.si.o]
널 찾을,164,[nʌl.tʃʰat̚.ɯl],[nʌl.tʃʰat̚.ɯl]
좀 와,164,[tʃom.wa],[dʒom.wa]
잘 하는,164,[tʃal.ha.nɯn],[dʒal.ha.nɯn]
for your,164,,
그렇지 하지만,164,[kɯ.ɾʌt̚.tʃi.ha.tʃi.man],[gɯ.ɾʌt̚.tʃi.ha.dʒi.man]
이미 죽었어,164,[i.mi.tʃuk̚.ʌt̚.ʌ],[i.mi.dʒuk̚.ʌt̚.ʌ]
아직 준비가 안,164,[a.tʃik̚.tʃum.pi.ka.an],[a.dʒik̚.dʒum.pi.ga.an]
계속할 수,164,[kje.sok̚.hal.su],[gje.sok̚.hal.su]
우리는 항상,164,[u.ɾi.nɯn.haŋ.saŋ],[u.ɾi.nɯn.haŋ.saŋ]
한 여자가,164,[han.jʌ.tʃa.ka],[han.jʌ.dʒa.ga]
근데 안,164,[kɯn.te.an],[gɯn.te.an]
그래 오늘,164,[kɯ.ɾɛ.o.nɯl],[gɯ.ɾɛ.o.nɯl]
빠르게 키스하겠어,164,[p͈a.ɾɯ.ke.kʰi.sɯ.ha.ket̚.ʌ],[p͈a.ɾɯ.ge.kʰi.sɯ.ha.get̚.ʌ]
했죠 그래서,164,[hɛt̚.tʃjo.kɯ.ɾɛ.sʌ],[hɛt̚.tʃjo.gɯ.ɾɛ.sʌ]
없는 것처럼,164,[ʌp̚.nɯŋ.kʌt̚.tʃʰʌ.ɾʌm],[ʌp̚.nɯn.gʌt̚.tʃʰʌ.ɾʌm]
시간 보내세요,164,[si.kam.po.nɛ.se.jo],[si.gan.bo.nɛ.se.jo]
너를 위한,164,[nʌ.ɾɯl.wi.han],[nʌ.ɾɯl.wi.han]
왜 전화,164,[wɛ.tʃʌn.hwa],[wɛ.dʒʌn.hwa]
아주 위험한,164,[a.tʃu.wi.hʌm.han],[a.dʒu.wi.hʌm.han]
생각할 시간을,164,[sɛŋ.kak̚.hal.si.kan.ɯl],[sɛŋ.gak̚.hal.si.gan.ɯl]
갈 거지,164,[kal.kʌ.tʃi],[gal.gʌ.dʒi]
뭐 하고 있는,164,[mwʌ.ha.ko.it̚.nɯn],[mwʌ.ha.go.it̚.nɯn]
내 가방,164,[nɛ.ka.paŋ],[nɛ.ga.baŋ]
왜 다른,164,[wɛ.ta.ɾɯn],[wɛ.da.ɾɯn]
잊으면 안,164,[it̚.ɯ.mjʌn.an],[it̚.ɯ.mjʌn.an]
그렇지는 않다,164,[kɯ.ɾʌt̚.tʃi.nɯn.an.ta],[gɯ.ɾʌt̚.tʃi.nɯn.an.ta]
몰라 네가,164,[mol.ɾa.ne.ka],[mol.ɾa.ne.ga]
망설임 없는,164,[maŋ.sʌl.im.ʌp̚.nɯn],[maŋ.sʌl.im.ʌp̚.nɯn]
있어 모든,164,[it̚.ʌ.mo.tɯn],[it̚.ʌ.mo.dɯn]
한 명이라도,164,[han.mjʌŋ.i.ɾa.to],[han.mjʌŋ.i.ɾa.do]
다 내 잘못이야,164,[ta.nɛ.tʃal.mot̚.i.ja],[da.nɛ.dʒal.mot̚.i.ja]
on me,164,,
아무 소리도,164,[a.mu.so.ɾi.to],[a.mu.so.ɾi.do]
사랑해 사랑해,164,[sa.ɾaŋ.hɛ.sa.ɾaŋ.hɛ],[sa.ɾaŋ.hɛ.sa.ɾaŋ.hɛ]
너한테 줄,164,[nʌ.han.tʰe.tʃul],[nʌ.han.tʰe.dʒul]
다음과 같다,164,[ta.ɯm.kwa.kat̚.ta],[da.ɯm.kwa.gat̚.ta]
좀 쉬고,164,[tʃom.swi.ko],[dʒom.swi.go]
가지고 있다면,164,[ka.tʃi.ko.it̚.ta.mjʌn],[ga.dʒi.go.it̚.ta.mjʌn]
내가 죽을,164,[nɛ.ka.tʃuk̚.ɯl],[nɛ.ga.dʒuk̚.ɯl]
일을 하는 거야,164,[il.ɯl.ha.nɯŋ.kʌ.ja],[il.ɯl.ha.nɯn.gʌ.ja]
미쳤나 봐,164,[mi.tʃʰjʌt̚.na.pwa],[mi.tʃʰjʌt̚.na.bwa]
기분 좀,164,[ki.pun.tʃom],[gi.bun.dʒom]
말 들리나,164,[mal.tɯl.ɾi.na],[mal.dɯl.ɾi.na]
어디 갔는지,164,[ʌ.ti.kat̚.nɯn.tʃi],[ʌ.di.gat̚.nɯn.tʃi]
빛보다 빠르게 키스하겠어,164,[pit̚.po.ta.p͈a.ɾɯ.ke.kʰi.sɯ.ha.ket̚.ʌ],[bit̚.po.da.p͈a.ɾɯ.ge.kʰi.sɯ.ha.get̚.ʌ]
말은 못,164,[mal.ɯn.mot̚],[mal.ɯn.mot̚]
항상 널,164,[haŋ.saŋ.nʌl],[haŋ.saŋ.nʌl]
최선을 다,164,[tʃʰwe.sʌn.ɯl.ta],[tʃʰwe.sʌn.ɯl.da]
볼 게,164,[pol.ke],[bol.ge]
질문 좀,164,[tʃil.mun.tʃom],[dʒil.mun.dʒom]
그러나 그들은,164,[kɯ.ɾʌ.na.kɯ.tɯl.ɯn],[gɯ.ɾʌ.na.gɯ.dɯl.ɯn]
이 봐,164,[i.pwa],[i.bwa]
마 너,164,[ma.nʌ],[ma.nʌ]
했지 하지만,164,[hɛt̚.tʃi.ha.tʃi.man],[hɛt̚.tʃi.ha.dʒi.man]
좀 볼 수,164,[tʃom.pol.su],[dʒom.bol.su]
정말 놀라운,164,[tʃʌŋ.mal.lol.ɾa.un],[dʒʌŋ.mal.lol.ɾa.un]
맞지 않아,164,[mat̚.tʃi.an.a],[mat̚.tʃi.an.a]
가고 싶다,164,[ka.ko.sip̚.ta],[ga.go.sip̚.ta]
죽지 않을,164,[tʃuk̚.tʃi.an.ɯl],[dʒuk̚.tʃi.an.ɯl]
죽은 날,164,[tʃuk̚.ɯn.nal],[dʒuk̚.ɯn.nal]
있지 않나,164,[it̚.tʃi.an.na],[it̚.tʃi.an.na]
필요해 내가,164,[pʰil.jo.hɛ.nɛ.ka],[pʰil.jo.hɛ.nɛ.ga]
내가 뭘 할,163,[nɛ.ka.mwʌl.hal],[nɛ.ga.mwʌl.hal]
더 큰 문제가,163,[tʌ.kʰɯn.mun.tʃe.ka],[dʌ.kʰɯn.mun.tʃe.ga]
우리 손에,163,[u.ɾi.son.e],[u.ɾi.son.e]
정말 아무것도,163,[tʃʌŋ.mal.a.mu.kʌt̚.to],[dʒʌŋ.mal.a.mu.gʌt̚.to]
그렇게 말한,163,[kɯ.ɾʌt̚.ke.mal.han],[gɯ.ɾʌt̚.ke.mal.han]
내가 확실히,163,[nɛ.ka.hwak̚.sil.hi],[nɛ.ga.hwak̚.sil.hi]
없어요 우린,163,[ʌp̚.ʌ.jo.u.ɾin],[ʌp̚.ʌ.jo.u.ɾin]
일이 있었지,163,[il.i.it̚.ʌt̚.tʃi],[il.i.it̚.ʌt̚.tʃi]
찾은 게,163,[tʃʰat̚.ɯŋ.ke],[tʃʰat̚.ɯn.ge]
어디에 있어,163,[ʌ.ti.e.it̚.ʌ],[ʌ.di.e.it̚.ʌ]
그게 우리의,163,[kɯ.ke.u.ɾi.ɯi],[gɯ.ge.u.ɾi.ɯi]
알게 될 거예요,163,[al.ke.twel.kʌ.je.jo],[al.ke.dwel.gʌ.je.jo]
다 됐네,163,[ta.twɛt̚.ne],[da.dwɛt̚.ne]
말을 해요,163,[mal.ɯl.hɛ.jo],[mal.ɯl.hɛ.jo]
없어 다,163,[ʌp̚.ʌ.ta],[ʌp̚.ʌ.da]
한 것은,163,[haŋ.kʌt̚.ɯn],[han.gʌt̚.ɯn]
모르지 하지만,163,[mo.ɾɯ.tʃi.ha.tʃi.man],[mo.ɾɯ.dʒi.ha.dʒi.man]
안 봤어,163,[am.pwat̚.ʌ],[an.bwat̚.ʌ]
해요 왜,163,[hɛ.jo.wɛ],[hɛ.jo.wɛ]
않아 그리고,163,[an.a.kɯ.ɾi.ko],[an.a.gɯ.ɾi.go]
그 방에,163,[kɯ.paŋ.e],[gɯ.baŋ.e]
못 하니까,163,[mot̚.ha.ni.k͈a],[mot̚.ha.ni.k͈a]
뭘 찾는,163,[mwʌl.tʃʰat̚.nɯn],[mwʌl.tʃʰat̚.nɯn]
돼 지금,163,[twɛ.tʃi.kɯm],[dwɛ.dʒi.gɯm]
넌 아니야,163,[nʌn.a.ni.ja],[nʌn.a.ni.ja]
없었던 거야,163,[ʌp̚.ʌt̚.tʌŋ.kʌ.ja],[ʌp̚.ʌt̚.tʌn.gʌ.ja]
넌 그저,163,[nʌŋ.kɯ.tʃʌ],[nʌn.gɯ.dʒʌ]
거예요 좋아,163,[kʌ.je.jo.tʃot̚.a],[gʌ.je.jo.dʒot̚.a]
모두를 위해서,163,[mo.tu.ɾɯl.wi.hɛ.sʌ],[mo.du.ɾɯl.wi.hɛ.sʌ]
알아낸 건,163,[al.a.nɛŋ.kʌn],[al.a.nɛn.gʌn]
하루 이틀,163,[ha.ɾu.i.tʰɯl],[ha.ɾu.i.tʰɯl]
뭘 찾고,163,[mwʌl.tʃʰat̚.ko],[mwʌl.tʃʰat̚.ko]
이렇게 잘,163,[i.ɾʌt̚.ke.tʃal],[i.ɾʌt̚.ke.dʒal]
당신을 보고,163,[taŋ.sin.ɯl.po.ko],[daŋ.sin.ɯl.bo.go]
문 열리는,163,[mun.jʌl.ɾi.nɯn],[mun.jʌl.ɾi.nɯn]
but it''s,163,,
그건 못,163,[kɯ.kʌn.mot̚],[gɯ.gʌn.mot̚]
might be,163,,
당신은 그가,163,[taŋ.sin.ɯŋ.kɯ.ka],[daŋ.sin.ɯn.gɯ.ga]
없단 걸,163,[ʌp̚.taŋ.kʌl],[ʌp̚.tan.gʌl]
말하는 거죠,163,[mal.ha.nɯŋ.kʌ.tʃjo],[mal.ha.nɯn.gʌ.dʒjo]
자격이 있다,163,[tʃa.kjʌk̚.i.it̚.ta],[dʒa.gjʌk̚.i.it̚.ta]
우린 그렇게,163,[u.ɾiŋ.kɯ.ɾʌt̚.ke],[u.ɾin.gɯ.ɾʌt̚.ke]
보는 거죠,163,[po.nɯŋ.kʌ.tʃjo],[bo.nɯn.gʌ.dʒjo]
잘 지내세요,163,[tʃal.tʃi.nɛ.se.jo],[dʒal.dʒi.nɛ.se.jo]
신용 카드,163,[sin.joŋ.kʰa.tɯ],[sin.joŋ.kʰa.dɯ]
벌써 세,163,[pʌl.s͈ʌ.se],[bʌl.s͈ʌ.se]
몇 살이야,163,[mjʌt̚.sal.i.ja],[mjʌt̚.sal.i.ja]
사람을 죽인,163,[sa.ɾam.ɯl.tʃuk̚.in],[sa.ɾam.ɯl.dʒuk̚.in]
우리가 본,163,[u.ɾi.ka.pon],[u.ɾi.ga.bon]
수 있는 가장,163,[su.it̚.nɯŋ.ka.tʃaŋ],[su.it̚.nɯn.ga.dʒaŋ]
방금 전에,163,[paŋ.kɯn.tʃʌn.e],[baŋ.gɯm.dʒʌn.e]
얘기 좀 해야겠어,163,[jɛ.ki.tʃom.hɛ.ja.ket̚.ʌ],[jɛ.gi.dʒom.hɛ.ja.get̚.ʌ]
오늘 저녁은,163,[o.nɯl.tʃʌ.njʌk̚.ɯn],[o.nɯl.dʒʌ.njʌk̚.ɯn]
만 달러는,163,[man.tal.ɾʌ.nɯn],[man.dal.ɾʌ.nɯn]
찾는 것,163,[tʃʰat̚.nɯŋ.kʌt̚],[tʃʰat̚.nɯn.gʌt̚]
내 작은,163,[nɛ.tʃak̚.ɯn],[nɛ.dʒak̚.ɯn]
어떻게 되고,163,[ʌ.t͈ʌt̚.ke.twe.ko],[ʌ.t͈ʌt̚.ke.dwe.go]
기가 찬 숨소리,163,[ki.ka.tʃʰan.sum.so.ɾi],[gi.ga.tʃʰan.sum.so.ɾi]
얌전히 있어,163,[jan.tʃʌn.hi.it̚.ʌ],[jan.tʃʌn.hi.it̚.ʌ]
오는 줄,163,[o.nɯn.tʃul],[o.nɯn.dʒul]
것이다 내가,163,[kʌt̚.i.ta.nɛ.ka],[gʌt̚.i.da.nɛ.ga]
말도 안 했어,163,[mal.to.an.hɛt̚.ʌ],[mal.to.an.hɛt̚.ʌ]
더 쉽게,163,[tʌ.swip̚.ke],[dʌ.swip̚.ke]
천천히 가,163,[tʃʰʌn.tʃʰʌn.hi.ka],[tʃʰʌn.tʃʰʌn.hi.ga]
아무 짓,163,[a.mu.tʃit̚],[a.mu.dʒit̚]
사람이 내,163,[sa.ɾam.i.nɛ],[sa.ɾam.i.nɛ]
이게 제일,163,[i.ke.tʃe.il],[i.ge.dʒe.il]
아주 많아,163,[a.tʃu.man.a],[a.dʒu.man.a]
너 방금,163,[nʌ.paŋ.kɯm],[nʌ.baŋ.gɯm]
보면 알아,163,[po.mjʌn.al.a],[bo.mjʌn.al.a]
게다가 난,163,[ke.ta.ka.nan],[ge.da.ga.nan]
된 줄,163,[twen.tʃul],[dwen.dʒul]
네가 나에게,163,[ne.ka.na.e.ke],[ne.ga.na.e.ge]
보고 있을,163,[po.ko.it̚.ɯl],[bo.go.it̚.ɯl]
잘 지내고 있어,163,[tʃal.tʃi.nɛ.ko.it̚.ʌ],[dʒal.dʒi.nɛ.go.it̚.ʌ]
그 문제를,163,[kɯ.mun.tʃe.ɾɯl],[gɯ.mun.tʃe.ɾɯl]
물어봐도 될까요,163,[mul.ʌ.pwa.to.twel.k͈a.jo],[mul.ʌ.bwa.do.dwel.k͈a.jo]
소리 지르지,163,[so.ɾi.tʃi.ɾɯ.tʃi],[so.ɾi.dʒi.ɾɯ.dʒi]
첫 번째로,163,[tʃʰʌt̚.pʌn.tʃ͈ɛ.ɾo],[tʃʰʌt̚.bʌn.tʃ͈ɛ.ɾo]
당신 이름이,163,[taŋ.sin.i.ɾɯm.i],[daŋ.sin.i.ɾɯm.i]
당신은 나에게,163,[taŋ.sin.ɯn.na.e.ke],[daŋ.sin.ɯn.na.e.ge]
여기 네,163,[jʌ.ki.ne],[jʌ.gi.ne]
그래도 우리,163,[kɯ.ɾɛ.to.u.ɾi],[gɯ.ɾɛ.do.u.ɾi]
해 근데,163,[hɛ.kɯn.te],[hɛ.gɯn.te]
썩 꺼져,163,[s͈ʌk̚.k͈ʌ.tʃjʌ],[s͈ʌk̚.k͈ʌ.dʒjʌ]
그런 거 같아요,163,[kɯ.ɾʌŋ.kʌ.kat̚.a.jo],[gɯ.ɾʌn.gʌ.gat̚.a.jo]
수 있어 그리고,163,[su.it̚.ʌ.kɯ.ɾi.ko],[su.it̚.ʌ.gɯ.ɾi.go]
있다고 했지,163,[it̚.ta.ko.hɛt̚.tʃi],[it̚.ta.go.hɛt̚.tʃi]
좋아할 줄,163,[tʃot̚.a.hal.tʃul],[dʒot̚.a.hal.dʒul]
구급차 불러,163,[ku.kɯp̚.tʃʰa.pul.ɾʌ],[gu.gɯp̚.tʃʰa.bul.ɾʌ]
아무 이유,163,[a.mu.i.ju],[a.mu.i.ju]
있어 괜찮아,163,[it̚.ʌ.kwɛn.tʃʰan.a],[it̚.ʌ.gwɛn.tʃʰan.a]
그랬으면 좋겠어,163,[kɯ.ɾɛt̚.ɯ.mjʌn.tʃot̚.ket̚.ʌ],[gɯ.ɾɛt̚.ɯ.mjʌn.dʒot̚.ket̚.ʌ]
와야 해,163,[wa.ja.hɛ],[wa.ja.hɛ]
왜 진작,163,[wɛ.tʃin.tʃak̚],[wɛ.dʒin.tʃak̚]
시간을 보낼,163,[si.kan.ɯl.po.nɛl],[si.gan.ɯl.bo.nɛl]
나는 몇,163,[na.nɯn.mjʌt̚],[na.nɯn.mjʌt̚]
너도 내,163,[nʌ.to.nɛ],[nʌ.do.nɛ]
다 봤어요,163,[ta.pwat̚.ʌ.jo],[da.bwat̚.ʌ.jo]
평생 동안,162,[pʰjʌŋ.sɛŋ.toŋ.an],[pʰjʌŋ.sɛŋ.doŋ.an]
계속되는 한,162,[kje.sok̚.twe.nɯn.han],[gje.sok̚.twe.nɯn.han]
누구 밑에서,162,[nu.ku.mit̚.e.sʌ],[nu.gu.mit̚.e.sʌ]
about you,162,,
아무도 죽이지,162,[a.mu.to.tʃuk̚.i.tʃi],[a.mu.do.dʒuk̚.i.dʒi]
그들이 당신을,162,[kɯ.tɯl.i.taŋ.sin.ɯl],[gɯ.dɯl.i.daŋ.sin.ɯl]
문 열리는 소리,162,[mun.jʌl.ɾi.nɯn.so.ɾi],[mun.jʌl.ɾi.nɯn.so.ɾi]
아무에게도 말하지,162,[a.mu.e.ke.to.mal.ha.tʃi],[a.mu.e.ge.do.mal.ha.dʒi]
그 큰,162,[kɯ.kʰɯn],[gɯ.kʰɯn]
정말 이상한,162,[tʃʌŋ.mal.i.saŋ.han],[dʒʌŋ.mal.i.saŋ.han]
방과 후에,162,[paŋ.kwa.hu.e],[baŋ.gwa.hu.e]
다른 거야,162,[ta.ɾɯŋ.kʌ.ja],[da.ɾɯn.gʌ.ja]
거야 전,162,[kʌ.ja.tʃʌn],[gʌ.ja.dʒʌn]
와 함께,162,[wa.ham.k͈e],[wa.ham.k͈e]
나랑 얘기 좀,162,[na.ɾaŋ.jɛ.ki.tʃom],[na.ɾaŋ.jɛ.gi.dʒom]
좀 써도,162,[tʃom.s͈ʌ.to],[dʒom.s͈ʌ.do]
일 다,162,[il.ta],[il.da]
주고 싶었어,162,[tʃu.ko.sip̚.ʌt̚.ʌ],[dʒu.go.sip̚.ʌt̚.ʌ]
싶은 것,162,[sip̚.ɯŋ.kʌt̚],[sip̚.ɯn.gʌt̚]
네가 원하는 걸,162,[ne.ka.wʌn.ha.nɯŋ.kʌl],[ne.ga.wʌn.ha.nɯn.gʌl]
거야 게다가,162,[kʌ.ja.ke.ta.ka],[gʌ.ja.ge.da.ga]
건지도 몰라,162,[kʌn.tʃi.to.mol.ɾa],[gʌn.tʃi.do.mol.ɾa]
같이 있던,162,[kat̚.i.it̚.tʌn],[gat̚.i.it̚.tʌn]
거 아세요,162,[kʌ.a.se.jo],[gʌ.a.se.jo]
왜 안돼,162,[wɛ.an.twɛ],[wɛ.an.twɛ]
가 봐야겠어요,162,[ka.pwa.ja.ket̚.ʌ.jo],[ga.bwa.ja.get̚.ʌ.jo]
저녁 같이,162,[tʃʌ.njʌk̚.kat̚.i],[dʒʌ.njʌk̚.gat̚.i]
큰 것,162,[kʰɯŋ.kʌt̚],[kʰɯn.gʌt̚]
그때 내가,162,[kɯ.t͈ɛ.nɛ.ka],[gɯ.t͈ɛ.nɛ.ga]
좀 자,162,[tʃon.tʃa],[dʒom.dʒa]
본 적 없는,162,[pon.tʃʌk̚.ʌp̚.nɯn],[bon.dʒʌk̚.ʌp̚.nɯn]
너 설마,162,[nʌ.sʌl.ma],[nʌ.sʌl.ma]
좋은 일이야,162,[tʃot̚.ɯn.il.i.ja],[dʒot̚.ɯn.il.i.ja]
하다 보면,162,[ha.ta.po.mjʌn],[ha.da.bo.mjʌn]
있어 그렇게,162,[it̚.ʌ.kɯ.ɾʌt̚.ke],[it̚.ʌ.gɯ.ɾʌt̚.ke]
일이 아니다,162,[il.i.a.ni.ta],[il.i.a.ni.da]
막을 수 있는,162,[mak̚.ɯl.su.it̚.nɯn],[mak̚.ɯl.su.it̚.nɯn]
대체 뭐하는,162,[tɛ.tʃʰe.mwʌ.ha.nɯn],[dɛ.tʃʰe.mwʌ.ha.nɯn]
계속 꿈을,162,[kje.sok̚.k͈um.ɯl],[gje.sok̚.k͈um.ɯl]
난 많은,162,[nan.man.ɯn],[nan.man.ɯn]
무슨 말을 하고,162,[mu.sɯn.mal.ɯl.ha.ko],[mu.sɯn.mal.ɯl.ha.go]
해요 지금,162,[hɛ.jo.tʃi.kɯm],[hɛ.jo.dʒi.gɯm]
넌 아직도,162,[nʌn.a.tʃik̚.to],[nʌn.a.dʒik̚.to]
what are,162,,
도와줄 수 있어요,162,[to.wa.tʃul.su.it̚.ʌ.jo],[do.wa.dʒul.su.it̚.ʌ.jo]
What is this,162,,
알고 있었습니다,162,[al.ko.it̚.ʌt̚.sɯp̚.ni.ta],[al.ko.it̚.ʌt̚.sɯp̚.ni.da]
내 말이 맞지,162,[nɛ.mal.i.mat̚.tʃi],[nɛ.mal.i.mat̚.tʃi]
문제가 있다,162,[mun.tʃe.ka.it̚.ta],[mun.tʃe.ga.it̚.ta]
보낸 건,162,[po.nɛŋ.kʌn],[bo.nɛn.gʌn]
시간을 보내는,162,[si.kan.ɯl.po.nɛ.nɯn],[si.gan.ɯl.bo.nɛ.nɯn]
결정을 내려야,162,[kjʌl.tʃʌŋ.ɯl.lɛ.ɾjʌ.ja],[gjʌl.tʃʌŋ.ɯl.lɛ.ɾjʌ.ja]
알고 있지만,162,[al.ko.it̚.tʃi.man],[al.ko.it̚.tʃi.man]
있어 아,162,[it̚.ʌ.a],[it̚.ʌ.a]
일이 있었는데,162,[il.i.it̚.ʌt̚.nɯn.te],[il.i.it̚.ʌt̚.nɯn.te]
내가 믿는,162,[nɛ.ka.mit̚.nɯn],[nɛ.ga.mit̚.nɯn]
어디 아파,162,[ʌ.ti.a.pʰa],[ʌ.di.a.pʰa]
어디 있냐,162,[ʌ.ti.it̚.nja],[ʌ.di.it̚.nja]
한 주,162,[han.tʃu],[han.dʒu]
거야 음,162,[kʌ.ja.ɯm],[gʌ.ja.ɯm]
입 다물어요,162,[ip̚.ta.mul.ʌ.jo],[ip̚.da.mul.ʌ.jo]
이걸 좀,162,[i.kʌl.tʃom],[i.gʌl.dʒom]
그런 짓 안,162,[kɯ.ɾʌn.tʃit̚.an],[gɯ.ɾʌn.dʒit̚.an]
위한 거예요,162,[wi.haŋ.kʌ.je.jo],[wi.han.gʌ.je.jo]
나 집에,162,[na.tʃip̚.e],[na.dʒip̚.e]
아직 밖에,162,[a.tʃik̚.pak̚.e],[a.dʒik̚.bak̚.e]
겪고 있는,162,[kjʌk̚.ko.it̚.nɯn],[gjʌk̚.ko.it̚.nɯn]
그러지 말라고,162,[kɯ.ɾʌ.tʃi.mal.ɾa.ko],[gɯ.ɾʌ.dʒi.mal.ɾa.go]
중 아무도,162,[tʃuŋ.a.mu.to],[dʒuŋ.a.mu.do]
only one,162,,
받은 건,162,[pat̚.ɯŋ.kʌn],[bat̚.ɯn.gʌn]
분위기가 고조되는,162,[pun.wi.ki.ka.ko.tʃo.twe.nɯn],[bun.wi.gi.ga.go.dʒo.dwe.nɯn]
아주 안,162,[a.tʃu.an],[a.dʒu.an]
일 끝나고,162,[il.k͈ɯt̚.na.ko],[il.k͈ɯt̚.na.go]
어릴 땐,162,[ʌ.ɾil.t͈ɛn],[ʌ.ɾil.t͈ɛn]
I won''t,162,,
부탁이 있어,162,[pu.tʰak̚.i.it̚.ʌ],[bu.tʰak̚.i.it̚.ʌ]
집에 와,162,[tʃip̚.e.wa],[dʒip̚.e.wa]
진짜가 아니야,162,[tʃin.tʃ͈a.ka.a.ni.ja],[dʒin.tʃ͈a.ga.a.ni.ja]
어디로 가,162,[ʌ.ti.ɾo.ka],[ʌ.di.ɾo.ga]
모든 사람의,162,[mo.tɯn.sa.ɾam.ɯi],[mo.dɯn.sa.ɾam.ɯi]
Do you know,162,,
안 될 것 같아,162,[an.twel.kʌt̚.kat̚.a],[an.dwel.gʌt̚.gat̚.a]
내가 틀렸어,162,[nɛ.ka.tʰɯl.ɾjʌt̚.ʌ],[nɛ.ga.tʰɯl.ɾjʌt̚.ʌ]
하지만 널,161,[ha.tʃi.man.nʌl],[ha.dʒi.man.nʌl]
쓴 게,161,[s͈ɯŋ.ke],[s͈ɯn.ge]
만들 수도,161,[man.tɯl.su.to],[man.tɯl.su.do]
우리의 가장,161,[u.ɾi.ɯi.ka.tʃaŋ],[u.ɾi.ɯi.ga.dʒaŋ]
그래요 내가,161,[kɯ.ɾɛ.jo.nɛ.ka],[gɯ.ɾɛ.jo.nɛ.ga]
우리 엄마도,161,[u.ɾi.ʌm.ma.to],[u.ɾi.ʌm.ma.do]
이번 일로,161,[i.pʌn.il.ɾo],[i.bʌn.il.ɾo]
그거 때문에,161,[kɯ.kʌ.t͈ɛ.mun.e],[gɯ.gʌ.t͈ɛ.mun.e]
아니 하지만,161,[a.ni.ha.tʃi.man],[a.ni.ha.dʒi.man]
숨 쉬는,161,[sum.swi.nɯn],[sum.swi.nɯn]
하지만 이번,161,[ha.tʃi.man.i.pʌn],[ha.dʒi.man.i.bʌn]
누가 그걸,161,[nu.ka.kɯ.kʌl],[nu.ga.gɯ.gʌl]
난 좋아,161,[nan.tʃot̚.a],[nan.dʒot̚.a]
내 남편을,161,[nɛ.nam.pʰjʌn.ɯl],[nɛ.nam.pʰjʌn.ɯl]
걸 모두,161,[kʌl.mo.tu],[gʌl.mo.du]
주는 것,161,[tʃu.nɯŋ.kʌt̚],[dʒu.nɯn.gʌt̚]
말을 했어,161,[mal.ɯl.hɛt̚.ʌ],[mal.ɯl.hɛt̚.ʌ]
엄마 말이,161,[ʌm.ma.mal.i],[ʌm.ma.mal.i]
없단 말이야,161,[ʌp̚.tan.mal.i.ja],[ʌp̚.tan.mal.i.ja]
How do,161,,
때문에 너무,161,[t͈ɛ.mun.e.nʌ.mu],[t͈ɛ.mun.e.nʌ.mu]
있다고 했죠,161,[it̚.ta.ko.hɛt̚.tʃjo],[it̚.ta.go.hɛt̚.tʃjo]
찾은 것 같아요,161,[tʃʰat̚.ɯŋ.kʌt̚.kat̚.a.jo],[tʃʰat̚.ɯn.gʌt̚.gat̚.a.jo]
보면 알 수,161,[po.mjʌn.al.su],[bo.mjʌn.al.su]
말이 아니야,161,[mal.i.a.ni.ja],[mal.i.a.ni.ja]
생일 축하한다,161,[sɛŋ.il.tʃʰuk̚.ha.han.ta],[sɛŋ.il.tʃʰuk̚.ha.han.ta]
없어 여기,161,[ʌp̚.ʌ.jʌ.ki],[ʌp̚.ʌ.jʌ.gi]
몰라도 돼,161,[mol.ɾa.to.twɛ],[mol.ɾa.do.dwɛ]
시간 여행,161,[si.kan.jʌ.hɛŋ],[si.gan.jʌ.hɛŋ]
난 아무 데도,161,[nan.a.mu.te.to],[nan.a.mu.de.do]
잃은 것,161,[il.ɯŋ.kʌt̚],[il.ɯn.gʌt̚]
목소리 낮춰,161,[mok̚.so.ɾi.nat̚.tʃʰwʌ],[mok̚.so.ɾi.nat̚.tʃʰwʌ]
실례 좀,161,[sil.ɾje.tʃom],[sil.ɾje.dʒom]
거야 알았어요,161,[kʌ.ja.al.at̚.ʌ.jo],[gʌ.ja.al.at̚.ʌ.jo]
죽은 후,161,[tʃuk̚.ɯn.hu],[dʒuk̚.ɯn.hu]
같아 뭐,161,[kat̚.a.mwʌ],[gat̚.a.mwʌ]
수 있냐고,161,[su.it̚.nja.ko],[su.it̚.nja.go]
거야 맙소사,161,[kʌ.ja.map̚.so.sa],[gʌ.ja.map̚.so.sa]
입 닥치고,161,[ip̚.tak̚.tʃʰi.ko],[ip̚.dak̚.tʃʰi.go]
못 하겠다,161,[mot̚.ha.ket̚.ta],[mot̚.ha.get̚.ta]
것 같아 내,161,[kʌt̚.kat̚.a.nɛ],[gʌt̚.gat̚.a.nɛ]
우리가 필요한,161,[u.ɾi.ka.pʰil.jo.han],[u.ɾi.ga.pʰil.jo.han]
무슨 도움이,161,[mu.sɯn.to.um.i],[mu.sɯn.do.um.i]
하게 되면,161,[ha.ke.twe.mjʌn],[ha.ge.dwe.mjʌn]
그래 괜찮아,161,[kɯ.ɾɛ.kwɛn.tʃʰan.a],[gɯ.ɾɛ.gwɛn.tʃʰan.a]
이거 보여,161,[i.kʌ.po.jʌ],[i.gʌ.bo.jʌ]
어제 밤에,161,[ʌ.tʃe.pam.e],[ʌ.dʒe.bam.e]
아무도 믿지,161,[a.mu.to.mit̚.tʃi],[a.mu.do.mit̚.tʃi]
좀 있는데,161,[tʃom.it̚.nɯn.te],[dʒom.it̚.nɯn.te]
널 잘,161,[nʌl.tʃal],[nʌl.dʒal]
알 수 있다,161,[al.su.it̚.ta],[al.su.it̚.ta]
그게 전부야,161,[kɯ.ke.tʃʌm.pu.ja],[gɯ.ge.dʒʌm.pu.ja]
네 엄마와,161,[ne.ʌm.ma.wa],[ne.ʌm.ma.wa]
오늘 뭐,161,[o.nɯl.mwʌ],[o.nɯl.mwʌ]
다 그렇지,161,[ta.kɯ.ɾʌt̚.tʃi],[da.gɯ.ɾʌt̚.tʃi]
막아야 해요,161,[mak̚.a.ja.hɛ.jo],[mak̚.a.ja.hɛ.jo]
많이 알고,161,[man.i.al.ko],[man.i.al.ko]
내 아버지를,161,[nɛ.a.pʌ.tʃi.ɾɯl],[nɛ.a.bʌ.dʒi.ɾɯl]
우린 가야,161,[u.ɾiŋ.ka.ja],[u.ɾin.ga.ja]
할 거죠,161,[hal.kʌ.tʃjo],[hal.gʌ.dʒjo]
할 시간이,161,[hal.si.kan.i],[hal.si.gan.i]
대해 얘기,161,[tɛ.hɛ.jɛ.ki],[dɛ.hɛ.jɛ.gi]
네 일을,161,[ne.il.ɯl],[ne.il.ɯl]
일은 어떻게,161,[il.ɯn.ʌ.t͈ʌt̚.ke],[il.ɯn.ʌ.t͈ʌt̚.ke]
수가 있죠,161,[su.ka.it̚.tʃjo],[su.ga.it̚.tʃjo]
도움이 되고,161,[to.um.i.twe.ko],[do.um.i.dwe.go]
그래도 안,161,[kɯ.ɾɛ.to.an],[gɯ.ɾɛ.do.an]
무릎을 꿇고,161,[mu.ɾɯp̚.ɯl.k͈ul.ko],[mu.ɾɯp̚.ɯl.k͈ul.ko]
누가 그를,161,[nu.ka.kɯ.ɾɯl],[nu.ga.gɯ.ɾɯl]
there''s a,161,,
얼마나 많은데,161,[ʌl.ma.na.man.ɯn.te],[ʌl.ma.na.man.ɯn.te]
또 어떻게,161,[t͈o.ʌ.t͈ʌt̚.ke],[t͈o.ʌ.t͈ʌt̚.ke]
did it,161,,
누가 그렇게,161,[nu.ka.kɯ.ɾʌt̚.ke],[nu.ga.gɯ.ɾʌt̚.ke]
머리 속에,161,[mʌ.ɾi.sok̚.e],[mʌ.ɾi.sok̚.e]
모른 채,161,[mo.ɾɯn.tʃʰɛ],[mo.ɾɯn.tʃʰɛ]
어떻게 이럴 수가,161,[ʌ.t͈ʌt̚.ke.i.ɾʌl.su.ka],[ʌ.t͈ʌt̚.ke.i.ɾʌl.su.ga]
자신에 대해,161,[tʃa.sin.e.tɛ.hɛ],[dʒa.sin.e.dɛ.hɛ]
건 다른,161,[kʌn.ta.ɾɯn],[gʌn.da.ɾɯn]
있다고 했잖아,161,[it̚.ta.ko.hɛt̚.tʃan.a],[it̚.ta.go.hɛt̚.tʃan.a]
전에 먼저,161,[tʃʌn.e.mʌn.tʃʌ],[dʒʌn.e.mʌn.tʃʌ]
것 같다는,161,[kʌt̚.kat̚.ta.nɯn],[gʌt̚.gat̚.ta.nɯn]
있어 여기서,161,[it̚.ʌ.jʌ.ki.sʌ],[it̚.ʌ.jʌ.gi.sʌ]
노력 중이에요,161,[no.ɾjʌk̚.tʃuŋ.i.e.jo],[no.ɾjʌk̚.dʒuŋ.i.e.jo]
여기 있었는데,161,[jʌ.ki.it̚.ʌt̚.nɯn.te],[jʌ.gi.it̚.ʌt̚.nɯn.te]
와도 돼,161,[wa.to.twɛ],[wa.do.dwɛ]
근데 너무,161,[kɯn.te.nʌ.mu],[gɯn.te.nʌ.mu]
네 친구는,161,[ne.tʃʰiŋ.ku.nɯn],[ne.tʃʰiŋ.ku.nɯn]
말라고 해,161,[mal.ɾa.ko.hɛ],[mal.ɾa.go.hɛ]
우리의 마지막,161,[u.ɾi.ɯi.ma.tʃi.mak̚],[u.ɾi.ɯi.ma.dʒi.mak̚]
당신은 더,161,[taŋ.sin.ɯn.tʌ],[daŋ.sin.ɯn.dʌ]
겁 안,161,[kʌp̚.an],[gʌp̚.an]
내가 누굴,161,[nɛ.ka.nu.kul],[nɛ.ga.nu.gul]
그런 데,161,[kɯ.ɾʌn.te],[gɯ.ɾʌn.de]
그래요 하지만,161,[kɯ.ɾɛ.jo.ha.tʃi.man],[gɯ.ɾɛ.jo.ha.dʒi.man]
년 더,161,[njʌn.tʌ],[njʌn.dʌ]
전날 밤,161,[tʃʌn.nal.pam],[dʒʌn.nal.bam]
딱 맞춰,161,[t͈ak̚.mat̚.tʃʰwʌ],[t͈ak̚.mat̚.tʃʰwʌ]
그래 지금,161,[kɯ.ɾɛ.tʃi.kɯm],[gɯ.ɾɛ.dʒi.gɯm]
여쭤볼 게,161,[jʌ.tʃ͈wʌ.pol.ke],[jʌ.tʃ͈wʌ.bol.ge]
It''s all,161,,
그걸 어떻게 알아요,161,[kɯ.kʌl.ʌ.t͈ʌt̚.ke.al.a.jo],[gɯ.gʌl.ʌ.t͈ʌt̚.ke.al.a.jo]
않았을 것이다,161,[an.at̚.ɯl.kʌt̚.i.ta],[an.at̚.ɯl.gʌt̚.i.da]
어떻게 하실,161,[ʌ.t͈ʌt̚.ke.ha.sil],[ʌ.t͈ʌt̚.ke.ha.sil]
안 되니까요,161,[an.twe.ni.k͈a.jo],[an.dwe.ni.k͈a.jo]
되고 있어요,161,[twe.ko.it̚.ʌ.jo],[dwe.go.it̚.ʌ.jo]
떠나지 않을 거야,161,[t͈ʌ.na.tʃi.an.ɯl.kʌ.ja],[t͈ʌ.na.dʒi.an.ɯl.gʌ.ja]
물어봐도 될까,160,[mul.ʌ.pwa.to.twel.k͈a],[mul.ʌ.bwa.do.dwel.k͈a]
걸 봐,160,[kʌl.pwa],[gʌl.bwa]
필요는 없잖아요,160,[pʰil.jo.nɯn.ʌp̚.tʃan.a.jo],[pʰil.jo.nɯn.ʌp̚.tʃan.a.jo]
사람들이 있어,160,[sa.ɾan.tɯl.i.it̚.ʌ],[sa.ɾan.tɯl.i.it̚.ʌ]
모두 날,160,[mo.tu.nal],[mo.du.nal]
전에도 이런,160,[tʃʌn.e.to.i.ɾʌn],[dʒʌn.e.do.i.ɾʌn]
깃발을 드높이 내걸고,160,[kit̚.pal.ɯl.tɯ.nop̚.i.nɛ.kʌl.ko],[git̚.pal.ɯl.dɯ.nop̚.i.nɛ.gʌl.ko]
그리고 그렇게,160,[kɯ.ɾi.ko.kɯ.ɾʌt̚.ke],[gɯ.ɾi.go.gɯ.ɾʌt̚.ke]
조의를 표합니다,160,[tʃo.ɯi.ɾɯl.pʰjo.hap̚.ni.ta],[dʒo.ɯi.ɾɯl.pʰjo.hap̚.ni.da]
올 줄 알았어,160,[ol.tʃul.al.at̚.ʌ],[ol.dʒul.al.at̚.ʌ]
어떻게 왔어,160,[ʌ.t͈ʌt̚.ke.wat̚.ʌ],[ʌ.t͈ʌt̚.ke.wat̚.ʌ]
같진 않아,160,[kat̚.tʃin.an.a],[gat̚.tʃin.an.a]
망설임 없는 깃발을,160,[maŋ.sʌl.im.ʌp̚.nɯŋ.kit̚.pal.ɯl],[maŋ.sʌl.im.ʌp̚.nɯn.git̚.pal.ɯl]
금방 끝날,160,[kɯm.paŋ.k͈ɯt̚.nal],[gɯm.paŋ.k͈ɯt̚.nal]
숨 쉬고,160,[sum.swi.ko],[sum.swi.go]
그 이유가,160,[kɯ.i.ju.ka],[gɯ.i.ju.ga]
무슨 짓을 하는,160,[mu.sɯn.tʃit̚.ɯl.ha.nɯn],[mu.sɯn.dʒit̚.ɯl.ha.nɯn]
우리 엄마랑,160,[u.ɾi.ʌm.ma.ɾaŋ],[u.ɾi.ʌm.ma.ɾaŋ]
깃발을 드높이,160,[kit̚.pal.ɯl.tɯ.nop̚.i],[git̚.pal.ɯl.dɯ.nop̚.i]
그건 진짜,160,[kɯ.kʌn.tʃin.tʃ͈a],[gɯ.gʌn.dʒin.tʃ͈a]
아무리 생각해도,160,[a.mu.ɾi.sɛŋ.kak̚.hɛ.to],[a.mu.ɾi.sɛŋ.gak̚.hɛ.do]
지금 그런,160,[tʃi.kɯm.kɯ.ɾʌn],[dʒi.gɯm.gɯ.ɾʌn]
거야 좀,160,[kʌ.ja.tʃom],[gʌ.ja.dʒom]
네 손,160,[ne.son],[ne.son]
이미 끝난,160,[i.mi.k͈ɯt̚.nan],[i.mi.k͈ɯt̚.nan]
제정신이 아니야,160,[tʃe.tʃʌŋ.sin.i.a.ni.ja],[dʒe.dʒʌŋ.sin.i.a.ni.ja]
뭔가 이상해요,160,[mwʌŋ.ka.i.saŋ.hɛ.jo],[mwʌŋ.ka.i.saŋ.hɛ.jo]
일이 있어서요,160,[il.i.it̚.ʌ.sʌ.jo],[il.i.it̚.ʌ.sʌ.jo]
迷いのない旗を高く掲げて 망설임 없는,160,[maŋ.sʌl.im.ʌp̚.nɯn],[maŋ.sʌl.im.ʌp̚.nɯn]
아닌 거 같아,160,[a.niŋ.kʌ.kat̚.a],[a.nin.gʌ.gat̚.a]
난 벌써,160,[nam.pʌl.s͈ʌ],[nan.bʌl.s͈ʌ]
있을 곳이,160,[it̚.ɯl.kot̚.i],[it̚.ɯl.got̚.i]
정말 운이,160,[tʃʌŋ.mal.un.i],[dʒʌŋ.mal.un.i]
맘에 드네요,160,[mam.e.tɯ.ne.jo],[mam.e.dɯ.ne.jo]
is my,160,,
하고 말이야,160,[ha.ko.mal.i.ja],[ha.go.mal.i.ja]
우리 애들은,160,[u.ɾi.ɛ.tɯl.ɯn],[u.ɾi.ɛ.dɯl.ɯn]
아는 대로,160,[a.nɯn.tɛ.ɾo],[a.nɯn.dɛ.ɾo]
줄 수는,160,[tʃul.su.nɯn],[dʒul.su.nɯn]
드높이 내걸고,160,[tɯ.nop̚.i.nɛ.kʌl.ko],[dɯ.nop̚.i.nɛ.gʌl.ko]
말이야 그녀는,160,[mal.i.ja.kɯ.njʌ.nɯn],[mal.i.ja.gɯ.njʌ.nɯn]
했어 그럼,160,[hɛt̚.ʌ.kɯ.ɾʌm],[hɛt̚.ʌ.gɯ.ɾʌm]
같지 않다,160,[kat̚.tʃi.an.ta],[gat̚.tʃi.an.ta]
걸 알지만,160,[kʌl.al.tʃi.man],[gʌl.al.tʃi.man]
택시 타고,160,[tʰɛk̚.si.tʰa.ko],[tʰɛk̚.si.tʰa.go]
넌 오늘,160,[nʌn.o.nɯl],[nʌn.o.nɯl]
않아 그냥,160,[an.a.kɯ.njaŋ],[an.a.gɯ.njaŋ]
그는 우리에게,160,[kɯ.nɯn.u.ɾi.e.ke],[gɯ.nɯn.u.ɾi.e.ge]
싶을 거예요,160,[sip̚.ɯl.kʌ.je.jo],[sip̚.ɯl.gʌ.je.jo]
그럴 수밖에,160,[kɯ.ɾʌl.su.pak̚.e],[gɯ.ɾʌl.su.bak̚.e]
직접 보고,160,[tʃik̚.tʃʌp̚.po.ko],[dʒik̚.tʃʌp̚.bo.go]
별 하늘을,160,[pjʌl.ha.nɯl.ɯl],[bjʌl.ha.nɯl.ɯl]
이게 유일한,160,[i.ke.ju.il.han],[i.ge.ju.il.han]
자막 제공,160,[tʃa.mak̚.tʃe.koŋ],[dʒa.mak̚.dʒe.goŋ]
있었나 봐,160,[it̚.ʌt̚.na.pwa],[it̚.ʌt̚.na.bwa]
사람이 날,160,[sa.ɾam.i.nal],[sa.ɾam.i.nal]
너 너무,160,[nʌ.nʌ.mu],[nʌ.nʌ.mu]
난 몇,160,[nan.mjʌt̚],[nan.mjʌt̚]
일은 아니지만,160,[il.ɯn.a.ni.tʃi.man],[il.ɯn.a.ni.dʒi.man]
우린 이걸,160,[u.ɾin.i.kʌl],[u.ɾin.i.gʌl]
건 이미,160,[kʌn.i.mi],[gʌn.i.mi]
못했을 거야,160,[mot̚.hɛt̚.ɯl.kʌ.ja],[mot̚.hɛt̚.ɯl.gʌ.ja]
이 동네에서,160,[i.toŋ.ne.e.sʌ],[i.doŋ.ne.e.sʌ]
때 가장,160,[t͈ɛ.ka.tʃaŋ],[t͈ɛ.ga.dʒaŋ]
빼고 다,160,[p͈ɛ.ko.ta],[p͈ɛ.go.da]
망설임 없는 깃발을 드높이,160,[maŋ.sʌl.im.ʌp̚.nɯŋ.kit̚.pal.ɯl.tɯ.nop̚.i],[maŋ.sʌl.im.ʌp̚.nɯn.git̚.pal.ɯl.dɯ.nop̚.i]
얘기 하지,160,[jɛ.ki.ha.tʃi],[jɛ.gi.ha.dʒi]
그가 그녀를,160,[kɯ.ka.kɯ.njʌ.ɾɯl],[gɯ.ga.gɯ.njʌ.ɾɯl]
넌 그게,160,[nʌŋ.kɯ.ke],[nʌn.gɯ.ge]
넌 이해 못,160,[nʌn.i.hɛ.mot̚],[nʌn.i.hɛ.mot̚]
왜 저러는,160,[wɛ.tʃʌ.ɾʌ.nɯn],[wɛ.dʒʌ.ɾʌ.nɯn]
나 또한,160,[na.t͈o.han],[na.t͈o.han]
할 수 있니,160,[hal.su.it̚.ni],[hal.su.it̚.ni]
있다면 그,160,[it̚.ta.mjʌŋ.kɯ],[it̚.ta.mjʌn.gɯ]
왜 다,160,[wɛ.ta],[wɛ.da]
마지막 순간에,160,[ma.tʃi.mak̚.suŋ.kan.e],[ma.dʒi.mak̚.suŋ.kan.e]
있어 아주,160,[it̚.ʌ.a.tʃu],[it̚.ʌ.a.dʒu]
네 알겠습니다,160,[ne.al.ket̚.sɯp̚.ni.ta],[ne.al.ket̚.sɯp̚.ni.da]
원하는 게 뭔지,160,[wʌn.ha.nɯŋ.ke.mwʌn.tʃi],[wʌn.ha.nɯn.ge.mwʌn.tʃi]
소리 지르고,160,[so.ɾi.tʃi.ɾɯ.ko],[so.ɾi.dʒi.ɾɯ.go]
迷いのない旗を高く掲げて 망설임,160,[maŋ.sʌl.im],[maŋ.sʌl.im]
잘 안다고,160,[tʃal.an.ta.ko],[dʒal.an.ta.go]
迷いのない旗を高く掲げて 망설임 없는 깃발을,160,[maŋ.sʌl.im.ʌp̚.nɯŋ.kit̚.pal.ɯl],[maŋ.sʌl.im.ʌp̚.nɯn.git̚.pal.ɯl]
내 엉덩이,160,[nɛ.ʌŋ.tʌŋ.i],[nɛ.ʌŋ.dʌŋ.i]
나는 더 이상,160,[na.nɯn.tʌ.i.saŋ],[na.nɯn.dʌ.i.saŋ]
없는 깃발을,160,[ʌp̚.nɯŋ.kit̚.pal.ɯl],[ʌp̚.nɯn.git̚.pal.ɯl]
저게 무슨,160,[tʃʌ.ke.mu.sɯn],[dʒʌ.ge.mu.sɯn]
왜 왔지,160,[wɛ.wat̚.tʃi],[wɛ.wat̚.tʃi]
본 적 있나,160,[pon.tʃʌk̚.it̚.na],[bon.dʒʌk̚.it̚.na]
대해 많이,160,[tɛ.hɛ.man.i],[dɛ.hɛ.man.i]
비디오 게임,160,[pi.ti.o.ke.im],[bi.di.o.ge.im]
됐을 거야,160,[twɛt̚.ɯl.kʌ.ja],[dwɛt̚.ɯl.gʌ.ja]
너랑 네,160,[nʌ.ɾaŋ.ne],[nʌ.ɾaŋ.ne]
없는 깃발을 드높이,160,[ʌp̚.nɯŋ.kit̚.pal.ɯl.tɯ.nop̚.i],[ʌp̚.nɯn.git̚.pal.ɯl.dɯ.nop̚.i]
하지만 사실은,160,[ha.tʃi.man.sa.sil.ɯn],[ha.dʒi.man.sa.sil.ɯn]
네 우리,160,[ne.u.ɾi],[ne.u.ɾi]
바로 여기야,160,[pa.ɾo.jʌ.ki.ja],[ba.ɾo.jʌ.gi.ja]
게 이,160,[ke.i],[ge.i]
얘기할 때,160,[jɛ.ki.hal.t͈ɛ],[jɛ.gi.hal.t͈ɛ]
믿을 수가 없군,160,[mit̚.ɯl.su.ka.ʌp̚.kun],[mit̚.ɯl.su.ga.ʌp̚.kun]
내 가족이,160,[nɛ.ka.tʃok̚.i],[nɛ.ga.dʒok̚.i]
너 아직도,160,[nʌ.a.tʃik̚.to],[nʌ.a.dʒik̚.to]
눈으로 직접,160,[nun.ɯ.ɾo.tʃik̚.tʃʌp̚],[nun.ɯ.ɾo.dʒik̚.tʃʌp̚]
만약 그랬다면,160,[man.jak̚.kɯ.ɾɛt̚.ta.mjʌn],[man.jak̚.gɯ.ɾɛt̚.ta.mjʌn]
무슨 생각을 하고,160,[mu.sɯn.sɛŋ.kak̚.ɯl.ha.ko],[mu.sɯn.sɛŋ.gak̚.ɯl.ha.go]
건 없습니다,160,[kʌn.ʌp̚.sɯp̚.ni.ta],[gʌn.ʌp̚.sɯp̚.ni.da]
아니야 아니,160,[a.ni.ja.a.ni],[a.ni.ja.a.ni]
때문에 못,160,[t͈ɛ.mun.e.mot̚],[t͈ɛ.mun.e.mot̚]
안 돼 네가,160,[an.twɛ.ne.ka],[an.dwɛ.ne.ga]
두고 갈 순,160,[tu.ko.kal.sun],[du.go.gal.sun]
우린 둘 다,160,[u.ɾin.tul.ta],[u.ɾin.dul.da]
그래도 넌,160,[kɯ.ɾɛ.to.nʌn],[gɯ.ɾɛ.do.nʌn]
이번 일,160,[i.pʌn.il],[i.bʌn.il]
다 가지고,160,[ta.ka.tʃi.ko],[da.ga.dʒi.go]
뭐야 이거,160,[mwʌ.ja.i.kʌ],[mwʌ.ja.i.gʌ]
주셔서 고마워요,160,[tʃu.sjʌ.sʌ.ko.ma.wʌ.jo],[dʒu.sjʌ.sʌ.go.ma.wʌ.jo]
못 한다는,160,[mot̚.han.ta.nɯn],[mot̚.han.ta.nɯn]
없는 깃발을 드높이 내걸고,160,[ʌp̚.nɯŋ.kit̚.pal.ɯl.tɯ.nop̚.i.nɛ.kʌl.ko],[ʌp̚.nɯn.git̚.pal.ɯl.dɯ.nop̚.i.nɛ.gʌl.ko]
해야 했어,160,[hɛ.ja.hɛt̚.ʌ],[hɛ.ja.hɛt̚.ʌ]
이건 그,160,[i.kʌŋ.kɯ],[i.gʌn.gɯ]
수 있다면요,160,[su.it̚.ta.mjʌn.jo],[su.it̚.ta.mjʌn.jo]
안 괜찮아요,159,[aŋ.kwɛn.tʃʰan.a.jo],[an.gwɛn.tʃʰan.a.jo]
할 건가,159,[hal.kʌŋ.ka],[hal.gʌŋ.ka]
여기 좀 봐,159,[jʌ.ki.tʃom.pwa],[jʌ.gi.dʒom.bwa]
왜 나,159,[wɛ.na],[wɛ.na]
한 것 같은데,159,[haŋ.kʌt̚.kat̚.ɯn.te],[han.gʌt̚.gat̚.ɯn.te]
멈추지 않을 거야,159,[mʌn.tʃʰu.tʃi.an.ɯl.kʌ.ja],[mʌn.tʃʰu.dʒi.an.ɯl.gʌ.ja]
난 방금,159,[nam.paŋ.kɯm],[nan.baŋ.gɯm]
도착할 겁니다,159,[to.tʃʰak̚.hal.kʌp̚.ni.ta],[do.tʃʰak̚.hal.gʌp̚.ni.da]
이제 잘,159,[i.tʃe.tʃal],[i.dʒe.dʒal]
진짜 내,159,[tʃin.tʃ͈a.nɛ],[dʒin.tʃ͈a.nɛ]
수 있는 방법은,159,[su.it̚.nɯm.pam.pʌp̚.ɯn],[su.it̚.nɯn.baŋ.bʌp̚.ɯn]
대체 어디 있는,159,[tɛ.tʃʰe.ʌ.ti.it̚.nɯn],[dɛ.tʃʰe.ʌ.di.it̚.nɯn]
이렇게 말할,159,[i.ɾʌt̚.ke.mal.hal],[i.ɾʌt̚.ke.mal.hal]
있어 어디,159,[it̚.ʌ.ʌ.ti],[it̚.ʌ.ʌ.di]
you''re gonna,159,,
아무것도 없습니다,159,[a.mu.kʌt̚.to.ʌp̚.sɯp̚.ni.ta],[a.mu.gʌt̚.to.ʌp̚.sɯp̚.ni.da]
알아낸 거,159,[al.a.nɛŋ.kʌ],[al.a.nɛn.gʌ]
기분 나빠,159,[ki.pun.na.p͈a],[gi.bun.na.p͈a]
여기 어떻게,159,[jʌ.ki.ʌ.t͈ʌt̚.ke],[jʌ.gi.ʌ.t͈ʌt̚.ke]
도는 음악,159,[to.nɯn.ɯm.ak̚],[do.nɯn.ɯm.ak̚]
그대로 있어요,159,[kɯ.tɛ.ɾo.it̚.ʌ.jo],[gɯ.dɛ.ɾo.it̚.ʌ.jo]
그 순간을,159,[kɯ.suŋ.kan.ɯl],[gɯ.suŋ.kan.ɯl]
어딨는 거야,159,[ʌ.tit̚.nɯŋ.kʌ.ja],[ʌ.dit̚.nɯn.gʌ.ja]
걱정하지 말고,159,[kʌk̚.tʃʌŋ.ha.tʃi.mal.ko],[gʌk̚.tʃʌŋ.ha.dʒi.mal.ko]
다시 만나,159,[ta.si.man.na],[da.si.man.na]
다 세려면,159,[ta.se.ɾjʌ.mjʌn],[da.se.ɾjʌ.mjʌn]
것이다 하지만,159,[kʌt̚.i.ta.ha.tʃi.man],[gʌt̚.i.da.ha.dʒi.man]
아직 안 끝났어요,159,[a.tʃik̚.aŋ.k͈ɯt̚.nat̚.ʌ.jo],[a.dʒik̚.aŋ.k͈ɯt̚.nat̚.ʌ.jo]
당신을 사랑해요,159,[taŋ.sin.ɯl.sa.ɾaŋ.hɛ.jo],[daŋ.sin.ɯl.sa.ɾaŋ.hɛ.jo]
그런 건 아니야,159,[kɯ.ɾʌŋ.kʌn.a.ni.ja],[gɯ.ɾʌn.gʌn.a.ni.ja]
이것들 중,159,[i.kʌt̚.tɯl.tʃuŋ],[i.gʌt̚.tɯl.dʒuŋ]
분명 언젠가,159,[pun.mjʌŋ.ʌn.tʃeŋ.ka],[bun.mjʌŋ.ʌn.tʃeŋ.ka]
말라고 했지,159,[mal.ɾa.ko.hɛt̚.tʃi],[mal.ɾa.go.hɛt̚.tʃi]
정말 알고,159,[tʃʌŋ.mal.al.ko],[dʒʌŋ.mal.al.ko]
나온 건,159,[na.oŋ.kʌn],[na.on.gʌn]
세려면 한참인 별,159,[se.ɾjʌ.mjʌn.han.tʃʰam.im.pjʌl],[se.ɾjʌ.mjʌn.han.tʃʰam.in.bjʌl]
내가 누군지 알아,159,[nɛ.ka.nu.kun.tʃi.al.a],[nɛ.ga.nu.gun.tʃi.al.a]
생각엔 우리가,159,[sɛŋ.kak̚.en.u.ɾi.ka],[sɛŋ.gak̚.en.u.ɾi.ga]
away from,159,,
했을 수도,159,[hɛt̚.ɯl.su.to],[hɛt̚.ɯl.su.do]
말한 적이,159,[mal.han.tʃʌk̚.i],[mal.han.dʒʌk̚.i]
꼭 그래야,159,[k͈ok̚.kɯ.ɾɛ.ja],[k͈ok̚.gɯ.ɾɛ.ja]
아니라 이,159,[a.ni.ɾa.i],[a.ni.ɾa.i]
다 세려면 한참인 별,159,[ta.se.ɾjʌ.mjʌn.han.tʃʰam.im.pjʌl],[da.se.ɾjʌ.mjʌn.han.tʃʰam.in.bjʌl]
왜 한,159,[wɛ.han],[wɛ.han]
so sorry,159,,
잡을 수 있어,159,[tʃap̚.ɯl.su.it̚.ʌ],[dʒap̚.ɯl.su.it̚.ʌ]
들을 거야,159,[tɯl.ɯl.kʌ.ja],[dɯl.ɯl.gʌ.ja]
그들은 우리가,159,[kɯ.tɯl.ɯn.u.ɾi.ka],[gɯ.dɯl.ɯn.u.ɾi.ga]
이 거대한,159,[i.kʌ.tɛ.han],[i.gʌ.dɛ.han]
한참인 별,159,[han.tʃʰam.im.pjʌl],[han.tʃʰam.in.bjʌl]
세려면 한참인 별 하늘을,159,[se.ɾjʌ.mjʌn.han.tʃʰam.im.pjʌl.ha.nɯl.ɯl],[se.ɾjʌ.mjʌn.han.tʃʰam.in.bjʌl.ha.nɯl.ɯl]
다 세려면 한참인,159,[ta.se.ɾjʌ.mjʌn.han.tʃʰam.in],[da.se.ɾjʌ.mjʌn.han.tʃʰam.in]
아주 잘하고,159,[a.tʃu.tʃal.ha.ko],[a.dʒu.dʒal.ha.go]
텐데 왜,159,[tʰen.te.wɛ],[tʰen.te.wɛ]
뭔가가 있어,159,[mwʌŋ.ka.ka.it̚.ʌ],[mwʌŋ.ka.ga.it̚.ʌ]
수 없는 건,159,[su.ʌp̚.nɯŋ.kʌn],[su.ʌp̚.nɯn.gʌn]
저에 대해,159,[tʃʌ.e.tɛ.hɛ],[dʒʌ.e.dɛ.hɛ]
좀 쐬고,159,[tʃom.s͈we.ko],[dʒom.s͈we.go]
뭔지 잘,159,[mwʌn.tʃi.tʃal],[mwʌn.tʃi.dʒal]
거라고 생각했어요,159,[kʌ.ɾa.ko.sɛŋ.kak̚.hɛt̚.ʌ.jo],[gʌ.ɾa.go.sɛŋ.gak̚.hɛt̚.ʌ.jo]
한참인 별 하늘을,159,[han.tʃʰam.im.pjʌl.ha.nɯl.ɯl],[han.tʃʰam.in.bjʌl.ha.nɯl.ɯl]
만나는 거,159,[man.na.nɯŋ.kʌ],[man.na.nɯn.gʌ]
can be,159,,
내 말 들리나,159,[nɛ.mal.tɯl.ɾi.na],[nɛ.mal.dɯl.ɾi.na]
당신은 그렇게,159,[taŋ.sin.ɯŋ.kɯ.ɾʌt̚.ke],[daŋ.sin.ɯn.gɯ.ɾʌt̚.ke]
조국을 위해,159,[tʃo.kuk̚.ɯl.wi.hɛ],[dʒo.guk̚.ɯl.wi.hɛ]
같아요 하지만,159,[kat̚.a.jo.ha.tʃi.man],[gat̚.a.jo.ha.dʒi.man]
아직 다 세려면,159,[a.tʃik̚.ta.se.ɾjʌ.mjʌn],[a.dʒik̚.da.se.ɾjʌ.mjʌn]
일이 있었나요,159,[il.i.it̚.ʌt̚.na.jo],[il.i.it̚.ʌt̚.na.jo]
찾을 수 있어요,159,[tʃʰat̚.ɯl.su.it̚.ʌ.jo],[tʃʰat̚.ɯl.su.it̚.ʌ.jo]
It''s just,159,,
것 같애,159,[kʌt̚.kat̚.ɛ],[gʌt̚.gat̚.ɛ]
아직 다 세려면 한참인,159,[a.tʃik̚.ta.se.ɾjʌ.mjʌn.han.tʃʰam.in],[a.dʒik̚.da.se.ɾjʌ.mjʌn.han.tʃʰam.in]
너 아직,159,[nʌ.a.tʃik̚],[nʌ.a.dʒik̚]
중 하나에,159,[tʃuŋ.ha.na.e],[dʒuŋ.ha.na.e]
있을 수 없는,159,[it̚.ɯl.su.ʌp̚.nɯn],[it̚.ɯl.su.ʌp̚.nɯn]
요즘 좀,159,[jo.tʃɯn.tʃom],[jo.dʒɯm.dʒom]
만난 적도,159,[man.nan.tʃʌk̚.to],[man.nan.dʒʌk̚.to]
up in,159,,
당신이 그것을,159,[taŋ.sin.i.kɯ.kʌt̚.ɯl],[daŋ.sin.i.gɯ.gʌt̚.ɯl]
순 없을,159,[sun.ʌp̚.ɯl],[sun.ʌp̚.ɯl]
아무 것도 없어요,159,[a.mu.kʌt̚.to.ʌp̚.ʌ.jo],[a.mu.gʌt̚.to.ʌp̚.ʌ.jo]
보안 카메라,159,[po.aŋ.kʰa.me.ɾa],[bo.aŋ.kʰa.me.ɾa]
갖다 줄게,159,[kat̚.ta.tʃul.ke],[gat̚.ta.dʒul.ke]
세려면 한참인,159,[se.ɾjʌ.mjʌn.han.tʃʰam.in],[se.ɾjʌ.mjʌn.han.tʃʰam.in]
당신은 모든,159,[taŋ.sin.ɯn.mo.tɯn],[daŋ.sin.ɯn.mo.dɯn]
안 잡혀,159,[an.tʃap̚.hjʌ],[an.dʒap̚.hjʌ]
이리 와라,159,[i.ɾi.wa.ɾa],[i.ɾi.wa.ɾa]
뜻이 아니야,159,[t͈ɯt̚.i.a.ni.ja],[t͈ɯt̚.i.a.ni.ja]
돼 정말,159,[twɛ.tʃʌŋ.mal],[dwɛ.dʒʌŋ.mal]
어떻게 해야 할지 모르겠어,159,[ʌ.t͈ʌt̚.ke.hɛ.ja.hal.tʃi.mo.ɾɯ.ket̚.ʌ],[ʌ.t͈ʌt̚.ke.hɛ.ja.hal.tʃi.mo.ɾɯ.get̚.ʌ]
내 딸의,159,[nɛ.t͈al.ɯi],[nɛ.t͈al.ɯi]
내가 자네를,159,[nɛ.ka.tʃa.ne.ɾɯl],[nɛ.ga.dʒa.ne.ɾɯl]
할 이,159,[hal.i],[hal.i]
좋아요 좋아요,159,[tʃot̚.a.jo.tʃot̚.a.jo],[dʒot̚.a.jo.dʒot̚.a.jo]
그 기회를,158,[kɯ.ki.hwe.ɾɯl],[gɯ.gi.hwe.ɾɯl]
따라 해,158,[t͈a.ɾa.hɛ],[t͈a.ɾa.hɛ]
마 나도,158,[ma.na.to],[ma.na.do]
했어 왜,158,[hɛt̚.ʌ.wɛ],[hɛt̚.ʌ.wɛ]
나를 위한,158,[na.ɾɯl.wi.han],[na.ɾɯl.wi.han]
당신이 그녀를,158,[taŋ.sin.i.kɯ.njʌ.ɾɯl],[daŋ.sin.i.gɯ.njʌ.ɾɯl]
몇 살,158,[mjʌt̚.sal],[mjʌt̚.sal]
살 수는,158,[sal.su.nɯn],[sal.su.nɯn]
말 마,158,[mal.ma],[mal.ma]
닥터 로즈,158,[tak̚.tʰʌ.ɾo.tʃɯ],[dak̚.tʰʌ.ɾo.dʒɯ]
오 그래,158,[o.kɯ.ɾɛ],[o.gɯ.ɾɛ]
와 봐요,158,[wa.pwa.jo],[wa.bwa.jo]
같아요 그럼,158,[kat̚.a.jo.kɯ.ɾʌm],[gat̚.a.jo.gɯ.ɾʌm]
없어 이런,158,[ʌp̚.ʌ.i.ɾʌn],[ʌp̚.ʌ.i.ɾʌn]
있다는 것도,158,[it̚.ta.nɯŋ.kʌt̚.to],[it̚.ta.nɯn.gʌt̚.to]
나 여기서,158,[na.jʌ.ki.sʌ],[na.jʌ.gi.sʌ]
무력한 채로,158,[mu.ɾjʌk̚.han.tʃʰɛ.ɾo],[mu.ɾjʌk̚.han.tʃʰɛ.ɾo]
게 중요해,158,[ke.tʃuŋ.jo.hɛ],[ge.dʒuŋ.jo.hɛ]
그런 말은 안,158,[kɯ.ɾʌn.mal.ɯn.an],[gɯ.ɾʌn.mal.ɯn.an]
하고 싶은 게,158,[ha.ko.sip̚.ɯŋ.ke],[ha.go.sip̚.ɯn.ge]
내가 원한,158,[nɛ.ka.wʌn.han],[nɛ.ga.wʌn.han]
팔랑팔랑 휘날리는,158,[pʰal.ɾam.pʰal.ɾaŋ.hwi.nal.ɾi.nɯn],[pʰal.ɾam.pʰal.ɾaŋ.hwi.nal.ɾi.nɯn]
걸 알게 될 거야,158,[kʌl.al.ke.twel.kʌ.ja],[gʌl.al.ke.dwel.gʌ.ja]
그 질문에,158,[kɯ.tʃil.mun.e],[gɯ.dʒil.mun.e]
있는 방법을,158,[it̚.nɯm.pam.pʌp̚.ɯl],[it̚.nɯn.baŋ.bʌp̚.ɯl]
잔말 말고,158,[tʃan.mal.mal.ko],[dʒan.mal.mal.ko]
위해 하는,158,[wi.hɛ.ha.nɯn],[wi.hɛ.ha.nɯn]
그럼 가,158,[kɯ.ɾʌm.ka],[gɯ.ɾʌm.ga]
휘날리는 이,158,[hwi.nal.ɾi.nɯn.i],[hwi.nal.ɾi.nɯn.i]
데려와야 해,158,[te.ɾjʌ.wa.ja.hɛ],[de.ɾjʌ.wa.ja.hɛ]
바로 나야,158,[pa.ɾo.na.ja],[ba.ɾo.na.ja]
할 사람,158,[hal.sa.ɾam],[hal.sa.ɾam]
여기가 내,158,[jʌ.ki.ka.nɛ],[jʌ.gi.ga.nɛ]
밖에 있어요,158,[pak̚.e.it̚.ʌ.jo],[bak̚.e.it̚.ʌ.jo]
그 차를,158,[kɯ.tʃʰa.ɾɯl],[gɯ.tʃʰa.ɾɯl]
거야 이미,158,[kʌ.ja.i.mi],[gʌ.ja.i.mi]
사람들 모두,158,[sa.ɾan.tɯl.mo.tu],[sa.ɾan.tɯl.mo.du]
얼마나 됐어요,158,[ʌl.ma.na.twɛt̚.ʌ.jo],[ʌl.ma.na.dwɛt̚.ʌ.jo]
나온 것,158,[na.oŋ.kʌt̚],[na.on.gʌt̚]
처음부터 끝까지,158,[tʃʰʌ.ɯm.pu.tʰʌ.k͈ɯt̚.k͈a.tʃi],[tʃʰʌ.ɯm.pu.tʰʌ.k͈ɯt̚.k͈a.dʒi]
더 나아,158,[tʌ.na.a],[dʌ.na.a]
동안 말이야,158,[toŋ.an.mal.i.ja],[doŋ.an.mal.i.ja]
만들고 있어요,158,[man.tɯl.ko.it̚.ʌ.jo],[man.tɯl.ko.it̚.ʌ.jo]
너무 늦기 전에,158,[nʌ.mu.nɯt̚.ki.tʃʌn.e],[nʌ.mu.nɯt̚.ki.dʒʌn.e]
안 보이네,158,[am.po.i.ne],[an.bo.i.ne]
일 후에,158,[il.hu.e],[il.hu.e]
그를 죽일,158,[kɯ.ɾɯl.tʃuk̚.il],[gɯ.ɾɯl.dʒuk̚.il]
알아요 난,158,[al.a.jo.nan],[al.a.jo.nan]
마시면 안,158,[ma.si.mjʌn.an],[ma.si.mjʌn.an]
것이 아니야,158,[kʌt̚.i.a.ni.ja],[gʌt̚.i.a.ni.ja]
우리 팀은,158,[u.ɾi.tʰim.ɯn],[u.ɾi.tʰim.ɯn]
하나 안,158,[ha.na.an],[ha.na.an]
내가 시키는 대로,158,[nɛ.ka.si.kʰi.nɯn.tɛ.ɾo],[nɛ.ga.si.kʰi.nɯn.dɛ.ɾo]
초 만에,158,[tʃʰo.man.e],[tʃʰo.man.e]
있으면 좋겠다,158,[it̚.ɯ.mjʌn.tʃot̚.ket̚.ta],[it̚.ɯ.mjʌn.dʒot̚.ket̚.ta]
휘날리는 이 꽃을,158,[hwi.nal.ɾi.nɯn.i.k͈ot̚.ɯl],[hwi.nal.ɾi.nɯn.i.k͈ot̚.ɯl]
좋아 보여요,158,[tʃot̚.a.po.jʌ.jo],[dʒot̚.a.bo.jʌ.jo]
안 오고,158,[an.o.ko],[an.o.go]
일이 있는데,158,[il.i.it̚.nɯn.te],[il.i.it̚.nɯn.te]
화 안 났어,158,[hwa.an.nat̚.ʌ],[hwa.an.nat̚.ʌ]
해 안 돼,158,[hɛ.an.twɛ],[hɛ.an.dwɛ]
방으로 가,158,[paŋ.ɯ.ɾo.ka],[baŋ.ɯ.ɾo.ga]
시간 되세요,158,[si.kan.twe.se.jo],[si.gan.dwe.se.jo]
엄마 좀,158,[ʌm.ma.tʃom],[ʌm.ma.dʒom]
있을 수도 있어,158,[it̚.ɯl.su.to.it̚.ʌ],[it̚.ɯl.su.do.it̚.ʌ]
안 좋았어,158,[an.tʃot̚.at̚.ʌ],[an.dʒot̚.at̚.ʌ]
말을 해도,158,[mal.ɯl.hɛ.to],[mal.ɯl.hɛ.do]
알기 전에,158,[al.ki.tʃʌn.e],[al.ki.dʒʌn.e]
갖고 노는,158,[kat̚.ko.no.nɯn],[gat̚.ko.no.nɯn]
엄마 때문에,158,[ʌm.ma.t͈ɛ.mun.e],[ʌm.ma.t͈ɛ.mun.e]
죽인 걸,158,[tʃuk̚.iŋ.kʌl],[dʒuk̚.in.gʌl]
그 사람에,158,[kɯ.sa.ɾam.e],[gɯ.sa.ɾam.e]
학교 다닐,158,[hak̚.kjo.ta.nil],[hak̚.kjo.da.nil]
모두 죽을,158,[mo.tu.tʃuk̚.ɯl],[mo.du.dʒuk̚.ɯl]
바로 여기에,158,[pa.ɾo.jʌ.ki.e],[ba.ɾo.jʌ.gi.e]
보고 싶네요,158,[po.ko.sip̚.ne.jo],[bo.go.sip̚.ne.jo]
여긴 어디야,158,[jʌ.kin.ʌ.ti.ja],[jʌ.gin.ʌ.di.ja]
있었으면 좋겠어,158,[it̚.ʌt̚.ɯ.mjʌn.tʃot̚.ket̚.ʌ],[it̚.ʌt̚.ɯ.mjʌn.dʒot̚.ket̚.ʌ]
행운을 비네,158,[hɛŋ.un.ɯl.pi.ne],[hɛŋ.un.ɯl.bi.ne]
팔랑팔랑 휘날리는 이 꽃을,158,[pʰal.ɾam.pʰal.ɾaŋ.hwi.nal.ɾi.nɯn.i.k͈ot̚.ɯl],[pʰal.ɾam.pʰal.ɾaŋ.hwi.nal.ɾi.nɯn.i.k͈ot̚.ɯl]
죽일 것이다,158,[tʃuk̚.il.kʌt̚.i.ta],[dʒuk̚.il.gʌt̚.i.da]
어떻게 생각하나,158,[ʌ.t͈ʌt̚.ke.sɛŋ.kak̚.ha.na],[ʌ.t͈ʌt̚.ke.sɛŋ.gak̚.ha.na]
게 낫겠다,158,[ke.nat̚.ket̚.ta],[ge.nat̚.ket̚.ta]
두고 온,158,[tu.ko.on],[du.go.on]
봐 좋아,158,[pwa.tʃot̚.a],[bwa.dʒot̚.a]
할 말 있으면,158,[hal.mal.it̚.ɯ.mjʌn],[hal.mal.it̚.ɯ.mjʌn]
얘기 안 해,158,[jɛ.ki.an.hɛ],[jɛ.gi.an.hɛ]
봐 잘,158,[pwa.tʃal],[bwa.dʒal]
거죠 그리고,158,[kʌ.tʃjo.kɯ.ɾi.ko],[gʌ.dʒjo.gɯ.ɾi.go]
네가 한 짓을,158,[ne.ka.han.tʃit̚.ɯl],[ne.ga.han.dʒit̚.ɯl]
잘 어울리네,158,[tʃal.ʌ.ul.ɾi.ne],[dʒal.ʌ.ul.ɾi.ne]
내가 장담하는데,158,[nɛ.ka.tʃaŋ.tam.ha.nɯn.te],[nɛ.ga.dʒaŋ.dam.ha.nɯn.te]
같이 있었어,158,[kat̚.i.it̚.ʌt̚.ʌ],[gat̚.i.it̚.ʌt̚.ʌ]
좋아질 거야,158,[tʃot̚.a.tʃil.kʌ.ja],[dʒot̚.a.dʒil.gʌ.ja]
네 방으로,158,[ne.paŋ.ɯ.ɾo],[ne.baŋ.ɯ.ɾo]
돼서 정말,158,[twɛ.sʌ.tʃʌŋ.mal],[dwɛ.sʌ.dʒʌŋ.mal]
거야 뭐라고,158,[kʌ.ja.mwʌ.ɾa.ko],[gʌ.ja.mwʌ.ɾa.go]
말하려고 했는데,158,[mal.ha.ɾjʌ.ko.hɛt̚.nɯn.te],[mal.ha.ɾjʌ.go.hɛt̚.nɯn.te]
한 달 동안,158,[han.tal.toŋ.an],[han.dal.doŋ.an]
able to,158,,
수 있음,158,[su.it̚.ɯm],[su.it̚.ɯm]
없어요 당신,158,[ʌp̚.ʌ.jo.taŋ.sin],[ʌp̚.ʌ.jo.daŋ.sin]
told me,158,,
누구나 다,158,[nu.ku.na.ta],[nu.gu.na.da]
여기 사람들은,158,[jʌ.ki.sa.ɾan.tɯl.ɯn],[jʌ.gi.sa.ɾan.tɯl.ɯn]
거야 모두,158,[kʌ.ja.mo.tu],[gʌ.ja.mo.du]
아는 유일한,158,[a.nɯn.ju.il.han],[a.nɯn.ju.il.han]
이건 다른,158,[i.kʌn.ta.ɾɯn],[i.gʌn.da.ɾɯn]
not like,158,,
만드는 거,158,[man.tɯ.nɯŋ.kʌ],[man.tɯ.nɯn.gʌ]
고마워 내,158,[ko.ma.wʌ.nɛ],[go.ma.wʌ.nɛ]
아는 사이야,158,[a.nɯn.sa.i.ja],[a.nɯn.sa.i.ja]
당장 그,158,[taŋ.tʃaŋ.kɯ],[daŋ.dʒaŋ.gɯ]
이거 무슨,158,[i.kʌ.mu.sɯn],[i.gʌ.mu.sɯn]
분 남았습니다,158,[pun.nam.at̚.sɯp̚.ni.ta],[bun.nam.at̚.sɯp̚.ni.da]
거야 빨리,158,[kʌ.ja.p͈al.ɾi],[gʌ.ja.p͈al.ɾi]
더 줘요,158,[tʌ.tʃwʌ.jo],[dʌ.dʒwʌ.jo]
제거할 수,158,[tʃe.kʌ.hal.su],[dʒe.gʌ.hal.su]
팔랑팔랑 휘날리는 이,158,[pʰal.ɾam.pʰal.ɾaŋ.hwi.nal.ɾi.nɯn.i],[pʰal.ɾam.pʰal.ɾaŋ.hwi.nal.ɾi.nɯn.i]
봐요 내,158,[pwa.jo.nɛ],[bwa.jo.nɛ]
것이다 그,158,[kʌt̚.i.ta.kɯ],[gʌt̚.i.da.gɯ]
여기는 왜,158,[jʌ.ki.nɯn.wɛ],[jʌ.gi.nɯn.wɛ]
분위기가 고조되는 음악,158,[pun.wi.ki.ka.ko.tʃo.twe.nɯn.ɯm.ak̚],[bun.wi.gi.ga.go.dʒo.dwe.nɯn.ɯm.ak̚]
to be a,158,,
살아 있다는,158,[sal.a.it̚.ta.nɯn],[sal.a.it̚.ta.nɯn]
수 없겠지,158,[su.ʌp̚.ket̚.tʃi],[su.ʌp̚.ket̚.tʃi]
수가 없었죠,158,[su.ka.ʌp̚.ʌt̚.tʃjo],[su.ga.ʌp̚.ʌt̚.tʃjo]
너무 늦은,158,[nʌ.mu.nɯt̚.ɯn],[nʌ.mu.nɯt̚.ɯn]
나 왔어요,157,[na.wat̚.ʌ.jo],[na.wat̚.ʌ.jo]
아무한테도 말 못,157,[a.mu.han.tʰe.to.mal.mot̚],[a.mu.han.tʰe.do.mal.mot̚]
명 모두,157,[mjʌŋ.mo.tu],[mjʌŋ.mo.du]
널 기다리고,157,[nʌl.ki.ta.ɾi.ko],[nʌl.gi.da.ɾi.go]
한 곳에,157,[haŋ.kot̚.e],[han.got̚.e]
부르는 게,157,[pu.ɾɯ.nɯŋ.ke],[bu.ɾɯ.nɯn.ge]
같아 우리,157,[kat̚.a.u.ɾi],[gat̚.a.u.ɾi]
당신은 알고,157,[taŋ.sin.ɯn.al.ko],[daŋ.sin.ɯn.al.ko]
할 수 있는데,157,[hal.su.it̚.nɯn.te],[hal.su.it̚.nɯn.te]
숨이 붙은,157,[sum.i.put̚.ɯn],[sum.i.but̚.ɯn]
전 대원,157,[tʃʌn.tɛ.wʌn],[dʒʌn.dɛ.wʌn]
있어 자,157,[it̚.ʌ.tʃa],[it̚.ʌ.dʒa]
게 언제야,157,[ke.ʌn.tʃe.ja],[ge.ʌn.tʃe.ja]
멋지지 않아,157,[mʌt̚.tʃi.tʃi.an.a],[mʌt̚.tʃi.dʒi.an.a]
날 도와줘,157,[nal.to.wa.tʃwʌ],[nal.do.wa.dʒwʌ]
무력한 채로 끝낼,157,[mu.ɾjʌk̚.han.tʃʰɛ.ɾo.k͈ɯt̚.nɛl],[mu.ɾjʌk̚.han.tʃʰɛ.ɾo.k͈ɯt̚.nɛl]
내가 볼 수,157,[nɛ.ka.pol.su],[nɛ.ga.bol.su]
것 같아 그,157,[kʌt̚.kat̚.a.kɯ],[gʌt̚.gat̚.a.gɯ]
내게 남은,157,[nɛ.ke.nam.ɯn],[nɛ.ge.nam.ɯn]
것을 가지고 있다,157,[kʌt̚.ɯl.ka.tʃi.ko.it̚.ta],[gʌt̚.ɯl.ga.dʒi.go.it̚.ta]
있지 이,157,[it̚.tʃi.i],[it̚.tʃi.i]
있다 네가,157,[it̚.ta.ne.ka],[it̚.ta.ne.ga]
아무도 그,157,[a.mu.to.kɯ],[a.mu.do.gɯ]
예 아,157,[je.a],[je.a]
알 수 없어,157,[al.su.ʌp̚.ʌ],[al.su.ʌp̚.ʌ]
위해서 그리고,157,[wi.hɛ.sʌ.kɯ.ɾi.ko],[wi.hɛ.sʌ.gɯ.ɾi.go]
싸우는 게,157,[s͈a.u.nɯŋ.ke],[s͈a.u.nɯn.ge]
얘기 했어,157,[jɛ.ki.hɛt̚.ʌ],[jɛ.gi.hɛt̚.ʌ]
쓴 것,157,[s͈ɯŋ.kʌt̚],[s͈ɯn.gʌt̚]
제가 정말,157,[tʃe.ka.tʃʌŋ.mal],[dʒe.ga.dʒʌŋ.mal]
무엇이든 할,157,[mu.ʌt̚.i.tɯn.hal],[mu.ʌt̚.i.dɯn.hal]
있는데 내가,157,[it̚.nɯn.te.nɛ.ka],[it̚.nɯn.te.nɛ.ga]
게 많아요,157,[ke.man.a.jo],[ge.man.a.jo]
게 어떨까,157,[ke.ʌ.t͈ʌl.k͈a],[ge.ʌ.t͈ʌl.k͈a]
뭐가 문제죠,157,[mwʌ.ka.mun.tʃe.tʃjo],[mwʌ.ga.mun.tʃe.dʒjo]
no one,157,,
있다고 믿는다,157,[it̚.ta.ko.mit̚.nɯn.ta],[it̚.ta.go.mit̚.nɯn.ta]
채로 끝낼 순 없어,157,[tʃʰɛ.ɾo.k͈ɯt̚.nɛl.sun.ʌp̚.ʌ],[tʃʰɛ.ɾo.k͈ɯt̚.nɛl.sun.ʌp̚.ʌ]
뭔가 해야,157,[mwʌŋ.ka.hɛ.ja],[mwʌŋ.ka.hɛ.ja]
어떻게 감히,157,[ʌ.t͈ʌt̚.ke.kam.hi],[ʌ.t͈ʌt̚.ke.gam.hi]
했나 봐,157,[hɛt̚.na.pwa],[hɛt̚.na.bwa]
쿠도 칸쿠로,157,[kʰu.to.kʰaŋ.kʰu.ɾo],[kʰu.do.kʰaŋ.kʰu.ɾo]
붙은 한,157,[put̚.ɯn.han],[but̚.ɯn.han]
무력한 채로 끝낼 순,157,[mu.ɾjʌk̚.han.tʃʰɛ.ɾo.k͈ɯt̚.nɛl.sun],[mu.ɾjʌk̚.han.tʃʰɛ.ɾo.k͈ɯt̚.nɛl.sun]
나 간다,157,[na.kan.ta],[na.gan.ta]
모르는 척,157,[mo.ɾɯ.nɯn.tʃʰʌk̚],[mo.ɾɯ.nɯn.tʃʰʌk̚]
보내고 있어,157,[po.nɛ.ko.it̚.ʌ],[bo.nɛ.go.it̚.ʌ]
할지 모르겠다,157,[hal.tʃi.mo.ɾɯ.ket̚.ta],[hal.tʃi.mo.ɾɯ.get̚.ta]
몇 대,157,[mjʌt̚.tɛ],[mjʌt̚.dɛ]
뭐가 들었는지,157,[mwʌ.ka.tɯl.ʌt̚.nɯn.tʃi],[mwʌ.ga.dɯl.ʌt̚.nɯn.tʃi]
say that,157,,
왜 그러냐,157,[wɛ.kɯ.ɾʌ.nja],[wɛ.gɯ.ɾʌ.nja]
이봐 이봐,157,[i.pwa.i.pwa],[i.bwa.i.bwa]
사람이 있으면,157,[sa.ɾam.i.it̚.ɯ.mjʌn],[sa.ɾam.i.it̚.ɯ.mjʌn]
일을 하면,157,[il.ɯl.ha.mjʌn],[il.ɯl.ha.mjʌn]
실수하는 거야,157,[sil.su.ha.nɯŋ.kʌ.ja],[sil.su.ha.nɯn.gʌ.ja]
오직 한,157,[o.tʃik̚.han],[o.dʒik̚.han]
여기 우리,157,[jʌ.ki.u.ɾi],[jʌ.gi.u.ɾi]
했어요 난,157,[hɛt̚.ʌ.jo.nan],[hɛt̚.ʌ.jo.nan]
그래도 괜찮아,157,[kɯ.ɾɛ.to.kwɛn.tʃʰan.a],[gɯ.ɾɛ.do.gwɛn.tʃʰan.a]
새 친구,157,[sɛ.tʃʰiŋ.ku],[sɛ.tʃʰiŋ.ku]
가게 해,157,[ka.ke.hɛ],[ga.ge.hɛ]
Where are,157,,
당신을 도울,157,[taŋ.sin.ɯl.to.ul],[daŋ.sin.ɯl.do.ul]
당신 말,157,[taŋ.sin.mal],[daŋ.sin.mal]
정말 날,157,[tʃʌŋ.mal.lal],[dʒʌŋ.mal.lal]
원하는 모든,157,[wʌn.ha.nɯn.mo.tɯn],[wʌn.ha.nɯn.mo.dɯn]
있게 해줘,157,[it̚.ke.hɛ.tʃwʌ],[it̚.ke.hɛ.dʒwʌ]
지금 어떤,157,[tʃi.kɯm.ʌ.t͈ʌn],[dʒi.gɯm.ʌ.t͈ʌn]
음산한 음악,157,[ɯm.san.han.ɯm.ak̚],[ɯm.san.han.ɯm.ak̚]
게 중요한,157,[ke.tʃuŋ.jo.han],[ge.dʒuŋ.jo.han]
無力なままでは終われない 무력한 채로,157,[mu.ɾjʌk̚.han.tʃʰɛ.ɾo],[mu.ɾjʌk̚.han.tʃʰɛ.ɾo]
채로 끝낼 순,157,[tʃʰɛ.ɾo.k͈ɯt̚.nɛl.sun],[tʃʰɛ.ɾo.k͈ɯt̚.nɛl.sun]
차분한 음악,157,[tʃʰa.pun.han.ɯm.ak̚],[tʃʰa.bun.han.ɯm.ak̚]
말을 하려는,157,[mal.ɯl.ha.ɾjʌ.nɯn],[mal.ɯl.ha.ɾjʌ.nɯn]
말 듣고 있어,157,[mal.tɯt̚.ko.it̚.ʌ],[mal.dɯt̚.ko.it̚.ʌ]
증인 보호,157,[tʃɯŋ.im.po.ho],[dʒɯŋ.in.bo.ho]
대해 말해봐,157,[tɛ.hɛ.mal.hɛ.pwa],[dɛ.hɛ.mal.hɛ.bwa]
살인 사건에,157,[sal.in.sa.kʌn.e],[sal.in.sa.gʌn.e]
하지만 그렇지,157,[ha.tʃi.maŋ.kɯ.ɾʌt̚.tʃi],[ha.dʒi.man.gɯ.ɾʌt̚.tʃi]
볼 수 없는,157,[pol.su.ʌp̚.nɯn],[bol.su.ʌp̚.nɯn]
그래서 그게,157,[kɯ.ɾɛ.sʌ.kɯ.ke],[gɯ.ɾɛ.sʌ.gɯ.ge]
누가 왔는지,157,[nu.ka.wat̚.nɯn.tʃi],[nu.ga.wat̚.nɯn.tʃi]
無力なままでは終われない 무력한,157,[mu.ɾjʌk̚.han],[mu.ɾjʌk̚.han]
않아요 내가,157,[an.a.jo.nɛ.ka],[an.a.jo.nɛ.ga]
the right,157,,
보고 있지,157,[po.ko.it̚.tʃi],[bo.go.it̚.tʃi]
장난치지 마,157,[tʃaŋ.nan.tʃʰi.tʃi.ma],[dʒaŋ.nan.tʃʰi.dʒi.ma]
맞아 그,157,[mat̚.a.kɯ],[mat̚.a.gɯ]
하고 그,157,[ha.ko.kɯ],[ha.go.gɯ]
다른 사람이랑,157,[ta.ɾɯn.sa.ɾam.i.ɾaŋ],[da.ɾɯn.sa.ɾam.i.ɾaŋ]
들어가 있어,157,[tɯl.ʌ.ka.it̚.ʌ],[dɯl.ʌ.ga.it̚.ʌ]
걸 봤는데,157,[kʌl.pwat̚.nɯn.te],[gʌl.bwat̚.nɯn.te]
같아 그래서,157,[kat̚.a.kɯ.ɾɛ.sʌ],[gat̚.a.gɯ.ɾɛ.sʌ]
같이 갈 거야,157,[kat̚.i.kal.kʌ.ja],[gat̚.i.gal.gʌ.ja]
위해 뭘,157,[wi.hɛ.mwʌl],[wi.hɛ.mwʌl]
이제 남은,157,[i.tʃe.nam.ɯn],[i.dʒe.nam.ɯn]
왜 그럴까,157,[wɛ.kɯ.ɾʌl.k͈a],[wɛ.gɯ.ɾʌl.k͈a]
간 거죠,157,[kaŋ.kʌ.tʃjo],[gan.gʌ.dʒjo]
無力なままでは終われない 무력한 채로 끝낼,157,[mu.ɾjʌk̚.han.tʃʰɛ.ɾo.k͈ɯt̚.nɛl],[mu.ɾjʌk̚.han.tʃʰɛ.ɾo.k͈ɯt̚.nɛl]
우리는 한,157,[u.ɾi.nɯn.han],[u.ɾi.nɯn.han]
있어요 뭐,157,[it̚.ʌ.jo.mwʌ],[it̚.ʌ.jo.mwʌ]
말이야 그냥,157,[mal.i.ja.kɯ.njaŋ],[mal.i.ja.gɯ.njaŋ]
많지 않아,157,[man.tʃi.an.a],[man.tʃi.an.a]
다시 만나게,157,[ta.si.man.na.ke],[da.si.man.na.ge]
뭘 하는 거지,157,[mwʌl.ha.nɯŋ.kʌ.tʃi],[mwʌl.ha.nɯn.gʌ.dʒi]
한 것 같아요,157,[haŋ.kʌt̚.kat̚.a.jo],[han.gʌt̚.gat̚.a.jo]
거야 그녀는,157,[kʌ.ja.kɯ.njʌ.nɯn],[gʌ.ja.gɯ.njʌ.nɯn]
아플 거야,157,[a.pʰɯl.kʌ.ja],[a.pʰɯl.gʌ.ja]
한다는 게,157,[han.ta.nɯŋ.ke],[han.ta.nɯn.ge]
네가 원하는 건,157,[ne.ka.wʌn.ha.nɯŋ.kʌn],[ne.ga.wʌn.ha.nɯn.gʌn]
죽던 날,157,[tʃuk̚.tʌn.nal],[dʒuk̚.tʌn.nal]
조언 하나,157,[tʃo.ʌn.ha.na],[dʒo.ʌn.ha.na]
숨이 붙은 한,157,[sum.i.put̚.ɯn.han],[sum.i.but̚.ɯn.han]
말이야 그들은,157,[mal.i.ja.kɯ.tɯl.ɯn],[mal.i.ja.gɯ.dɯl.ɯn]
아니면 우리,157,[a.ni.mjʌn.u.ɾi],[a.ni.mjʌn.u.ɾi]
그건 아니에요,157,[kɯ.kʌn.a.ni.e.jo],[gɯ.gʌn.a.ni.e.jo]
꼭 그렇지는,157,[k͈ok̚.kɯ.ɾʌt̚.tʃi.nɯn],[k͈ok̚.gɯ.ɾʌt̚.tʃi.nɯn]
누구 있어,157,[nu.ku.it̚.ʌ],[nu.gu.it̚.ʌ]
가서 네,157,[ka.sʌ.ne],[ga.sʌ.ne]
알아내야 해요,157,[al.a.nɛ.ja.hɛ.jo],[al.a.nɛ.ja.hɛ.jo]
채로 끝낼,157,[tʃʰɛ.ɾo.k͈ɯt̚.nɛl],[tʃʰɛ.ɾo.k͈ɯt̚.nɛl]
뭔 말인지,157,[mwʌn.mal.in.tʃi],[mwʌn.mal.in.tʃi]
했나 봐요,157,[hɛt̚.na.pwa.jo],[hɛt̚.na.bwa.jo]
그런데 그게,157,[kɯ.ɾʌn.te.kɯ.ke],[gɯ.ɾʌn.te.gɯ.ge]
게 전혀,157,[ke.tʃʌn.hjʌ],[ge.dʒʌn.hjʌ]
수도 있겠네,157,[su.to.it̚.ket̚.ne],[su.do.it̚.ket̚.ne]
서 있지,157,[sʌ.it̚.tʃi],[sʌ.it̚.tʃi]
난 갈 거야,156,[naŋ.kal.kʌ.ja],[nan.gal.gʌ.ja]
애 좀,156,[ɛ.tʃom],[ɛ.dʒom]
보게 해,156,[po.ke.hɛ],[bo.ge.hɛ]
倒れくじけ 한없이 발버둥치고 꺾여,156,[han.ʌp̚.i.pal.pʌ.tuŋ.tʃʰi.ko.k͈ʌk̚.jʌ],[han.ʌp̚.i.bal.pʌ.duŋ.tʃʰi.go.k͈ʌk̚.jʌ]
있어요 고마워요,156,[it̚.ʌ.jo.ko.ma.wʌ.jo],[it̚.ʌ.jo.go.ma.wʌ.jo]
데려가 줘,156,[te.ɾjʌ.ka.tʃwʌ],[de.ɾjʌ.ga.dʒwʌ]
모습을 보고,156,[mo.sɯp̚.ɯl.po.ko],[mo.sɯp̚.ɯl.bo.go]
뭐 하는데,156,[mwʌ.ha.nɯn.te],[mwʌ.ha.nɯn.te]
あがき続け 倒れくじけ,156,,
あがき続け 倒れくじけ 한없이,156,[han.ʌp̚.i],[han.ʌp̚.i]
않아 우리,156,[an.a.u.ɾi],[an.a.u.ɾi]
いつか何処か 언젠가,156,[ʌn.tʃeŋ.ka],[ʌn.tʃeŋ.ka]
어디로 가요,156,[ʌ.ti.ɾo.ka.jo],[ʌ.di.ɾo.ga.jo]
잠 못,156,[tʃam.mot̚],[dʒam.mot̚]
이상은 못,156,[i.saŋ.ɯn.mot̚],[i.saŋ.ɯn.mot̚]
きっといつか 분명 언젠가,156,[pun.mjʌŋ.ʌn.tʃeŋ.ka],[bun.mjʌŋ.ʌn.tʃeŋ.ka]
수 있어 그럼,156,[su.it̚.ʌ.kɯ.ɾʌm],[su.it̚.ʌ.gɯ.ɾʌm]
수 있다니,156,[su.it̚.ta.ni],[su.it̚.ta.ni]
괜찮아질 거예요,156,[kwɛn.tʃʰan.a.tʃil.kʌ.je.jo],[gwɛn.tʃʰan.a.dʒil.gʌ.je.jo]
계속 이런,156,[kje.sok̚.i.ɾʌn],[gje.sok̚.i.ɾʌn]
希望という船を出そう 희망이라는,156,[hɯi.maŋ.i.ɾa.nɯn],[hɯi.maŋ.i.ɾa.nɯn]
당신도 알다시피,156,[taŋ.sin.to.al.ta.si.pʰi],[daŋ.sin.to.al.ta.si.pʰi]
한 시간 동안,156,[han.si.kan.toŋ.an],[han.si.gan.doŋ.an]
마우스 클릭음,156,[ma.u.sɯ.kʰɯl.ɾik̚.ɯm],[ma.u.sɯ.kʰɯl.ɾik̚.ɯm]
계속 달리고 這い上がって走り続けて 기어올라,156,[kje.sok̚.tal.ɾi.ko.ki.ʌ.ol.ɾa],[gje.sok̚.dal.ɾi.go.gi.ʌ.ol.ɾa]
정말 예뻐,156,[tʃʌŋ.mal.je.p͈ʌ],[dʒʌŋ.mal.je.p͈ʌ]
마음 단단히,156,[ma.ɯn.tan.tan.hi],[ma.ɯm.dan.tan.hi]
쓸쓸한 음악,156,[s͈ɯl.s͈ɯl.han.ɯm.ak̚],[s͈ɯl.s͈ɯl.han.ɯm.ak̚]
거예요 lrm,156,[kʌ.je.jo],[gʌ.je.jo]
거야 願い事も背負い生きてやれ,156,[kʌ.ja],[gʌ.ja]
倒れくじけ 한없이 발버둥치고,156,[han.ʌp̚.i.pal.pʌ.tuŋ.tʃʰi.ko],[han.ʌp̚.i.bal.pʌ.duŋ.tʃʰi.go]
일 할,156,[il.hal],[il.hal]
달리고 這い上がって走り続けて 기어올라 계속,156,[tal.ɾi.ko.ki.ʌ.ol.ɾa.kje.sok̚],[dal.ɾi.go.gi.ʌ.ol.ɾa.gje.sok̚]
할 곳으로,156,[hal.kot̚.ɯ.ɾo],[hal.got̚.ɯ.ɾo]
우리가 말하는,156,[u.ɾi.ka.mal.ha.nɯn],[u.ɾi.ga.mal.ha.nɯn]
붙어 있어,156,[put̚.ʌ.it̚.ʌ],[but̚.ʌ.it̚.ʌ]
희망이라는 배를 띄우리,156,[hɯi.maŋ.i.ɾa.nɯm.pɛ.ɾɯl.t͈ɯi.u.ɾi],[hɯi.maŋ.i.ɾa.nɯn.bɛ.ɾɯl.t͈ɯi.u.ɾi]
배를 띄우리,156,[pɛ.ɾɯl.t͈ɯi.u.ɾi],[bɛ.ɾɯl.t͈ɯi.u.ɾi]
안 들었어,156,[an.tɯl.ʌt̚.ʌ],[an.dɯl.ʌt̚.ʌ]
나왔을 때,156,[na.wat̚.ɯl.t͈ɛ],[na.wat̚.ɯl.t͈ɛ]
息の限り 続く限り 숨이 붙은,156,[sum.i.put̚.ɯn],[sum.i.but̚.ɯn]
언젠가 어딘가,156,[ʌn.tʃeŋ.ka.ʌ.tiŋ.ka],[ʌn.tʃeŋ.ka.ʌ.diŋ.ka]
짊어지고 살아가는 거야 願い事も背負い生きてやれ,156,[tʃim.ʌ.tʃi.ko.sal.a.ka.nɯŋ.kʌ.ja],[dʒim.ʌ.dʒi.go.sal.a.ga.nɯn.gʌ.ja]
한없이 발버둥치고 꺾여,156,[han.ʌp̚.i.pal.pʌ.tuŋ.tʃʰi.ko.k͈ʌk̚.jʌ],[han.ʌp̚.i.bal.pʌ.duŋ.tʃʰi.go.k͈ʌk̚.jʌ]
続く限り 숨이 붙은,156,[sum.i.put̚.ɯn],[sum.i.but̚.ɯn]
죽이지 않을,156,[tʃuk̚.i.tʃi.an.ɯl],[dʒuk̚.i.dʒi.an.ɯl]
살 것,156,[sal.kʌt̚],[sal.gʌt̚]
거기 있는 거,156,[kʌ.ki.it̚.nɯŋ.kʌ],[gʌ.gi.it̚.nɯn.gʌ]
息の限り 続く限り,156,,
두렵지 않아요,156,[tu.ɾjʌp̚.tʃi.an.a.jo],[du.ɾjʌp̚.tʃi.an.a.jo]
도와 달라고,156,[to.wa.tal.ɾa.ko],[do.wa.dal.ɾa.go]
살인 사건의,156,[sal.in.sa.kʌn.ɯi],[sal.in.sa.gʌn.ɯi]
이 사건에서,156,[i.sa.kʌn.e.sʌ],[i.sa.gʌn.e.sʌ]
거야 願い事も背負い生きてやれ 소망도 짊어지고,156,[kʌ.ja.so.maŋ.to.tʃim.ʌ.tʃi.ko],[gʌ.ja.so.maŋ.do.dʒim.ʌ.dʒi.go]
눈을 보고,156,[nun.ɯl.po.ko],[nun.ɯl.bo.go]
그럼 언제,156,[kɯ.ɾʌm.ʌn.tʃe],[gɯ.ɾʌm.ʌn.tʃe]
승객 여러분,156,[sɯŋ.kɛk̚.jʌ.ɾʌ.pun],[sɯŋ.gɛk̚.jʌ.ɾʌ.bun]
내 마음대로,156,[nɛ.ma.ɯn.tɛ.ɾo],[nɛ.ma.ɯn.tɛ.ɾo]
발버둥치고 꺾여,156,[pal.pʌ.tuŋ.tʃʰi.ko.k͈ʌk̚.jʌ],[bal.pʌ.duŋ.tʃʰi.go.k͈ʌk̚.jʌ]
그들은 이미,156,[kɯ.tɯl.ɯn.i.mi],[gɯ.dɯl.ɯn.i.mi]
수 없군,156,[su.ʌp̚.kun],[su.ʌp̚.kun]
그는 아마,156,[kɯ.nɯn.a.ma],[gɯ.nɯn.a.ma]
걸 알기,156,[kʌl.al.ki],[gʌl.al.ki]
용서해 줘,156,[joŋ.sʌ.hɛ.tʃwʌ],[joŋ.sʌ.hɛ.dʒwʌ]
いつか何処か 언젠가 어딘가,156,[ʌn.tʃeŋ.ka.ʌ.tiŋ.ka],[ʌn.tʃeŋ.ka.ʌ.diŋ.ka]
희망이라는 배를,156,[hɯi.maŋ.i.ɾa.nɯm.pɛ.ɾɯl],[hɯi.maŋ.i.ɾa.nɯn.bɛ.ɾɯl]
息の限り 続く限り 숨이,156,[sum.i],[sum.i]
두고 가,156,[tu.ko.ka],[du.go.ga]
나중에 전화할게,156,[na.tʃuŋ.e.tʃʌn.hwa.hal.ke],[na.dʒuŋ.e.dʒʌn.hwa.hal.ke]
곁에 있는,156,[kjʌt̚.e.it̚.nɯn],[gjʌt̚.e.it̚.nɯn]
여기 못,156,[jʌ.ki.mot̚],[jʌ.gi.mot̚]
살아가는 거야 願い事も背負い生きてやれ,156,[sal.a.ka.nɯŋ.kʌ.ja],[sal.a.ga.nɯn.gʌ.ja]
이 방은,156,[i.paŋ.ɯn],[i.baŋ.ɯn]
倒れくじけ 한없이,156,[han.ʌp̚.i],[han.ʌp̚.i]
본 것 같아,156,[poŋ.kʌt̚.kat̚.a],[bon.gʌt̚.gat̚.a]
잘 알겠습니다,156,[tʃal.al.ket̚.sɯp̚.ni.ta],[dʒal.al.ket̚.sɯp̚.ni.da]
그 미친,156,[kɯ.mi.tʃʰin],[gɯ.mi.tʃʰin]
결혼 생활이,156,[kjʌl.hon.sɛŋ.hwal.i],[gjʌl.hon.sɛŋ.hwal.i]
난 가야 해,156,[naŋ.ka.ja.hɛ],[nan.ga.ja.hɛ]
쓰고 있는,156,[s͈ɯ.ko.it̚.nɯn],[s͈ɯ.go.it̚.nɯn]
続く限り 숨이 붙은 한,156,[sum.i.put̚.ɯn.han],[sum.i.but̚.ɯn.han]
고장 났어,156,[ko.tʃaŋ.nat̚.ʌ],[go.dʒaŋ.nat̚.ʌ]
없이는 못,156,[ʌp̚.i.nɯn.mot̚],[ʌp̚.i.nɯn.mot̚]
あがき続け 倒れくじけ 한없이 발버둥치고,156,[han.ʌp̚.i.pal.pʌ.tuŋ.tʃʰi.ko],[han.ʌp̚.i.bal.pʌ.duŋ.tʃʰi.go]
希望という船を出そう 희망이라는 배를,156,[hɯi.maŋ.i.ɾa.nɯm.pɛ.ɾɯl],[hɯi.maŋ.i.ɾa.nɯn.bɛ.ɾɯl]
문 좀 열어,156,[mun.tʃom.jʌl.ʌ],[mun.dʒom.jʌl.ʌ]
때까지 여기,156,[t͈ɛ.k͈a.tʃi.jʌ.ki],[t͈ɛ.k͈a.dʒi.jʌ.gi]
말이 아니라,156,[mal.i.a.ni.ɾa],[mal.i.a.ni.ɾa]
그럴 생각,156,[kɯ.ɾʌl.sɛŋ.kak̚],[gɯ.ɾʌl.sɛŋ.gak̚]
잘 지냈지,156,[tʃal.tʃi.nɛt̚.tʃi],[dʒal.dʒi.nɛt̚.tʃi]
続く限り 숨이,156,[sum.i],[sum.i]
알았어 그,156,[al.at̚.ʌ.kɯ],[al.at̚.ʌ.gɯ]
얼른 와,156,[ʌl.ɾɯn.wa],[ʌl.ɾɯn.wa]
생각하는 것보다,156,[sɛŋ.kak̚.ha.nɯŋ.kʌt̚.po.ta],[sɛŋ.gak̚.ha.nɯn.gʌt̚.po.da]
의사 선생,156,[ɯi.sa.sʌn.sɛŋ],[ɯi.sa.sʌn.sɛŋ]
기다릴 거야,156,[ki.ta.ɾil.kʌ.ja],[gi.da.ɾil.gʌ.ja]
떨어져 있는,156,[t͈ʌl.ʌ.tʃjʌ.it̚.nɯn],[t͈ʌl.ʌ.dʒjʌ.it̚.nɯn]
살아가는 거야 願い事も背負い生きてやれ 소망도,156,[sal.a.ka.nɯŋ.kʌ.ja.so.maŋ.to],[sal.a.ga.nɯn.gʌ.ja.so.maŋ.do]
누가 우리,156,[nu.ka.u.ɾi],[nu.ga.u.ɾi]
얘기 한,156,[jɛ.ki.han],[jɛ.gi.han]
꿈을 꾸며,156,[k͈um.ɯl.k͈u.mjʌ],[k͈um.ɯl.k͈u.mjʌ]
아빠가 될,156,[a.p͈a.ka.twel],[a.p͈a.ga.dwel]
우린 늘,156,[u.ɾin.nɯl],[u.ɾin.nɯl]
우리 여기서,156,[u.ɾi.jʌ.ki.sʌ],[u.ɾi.jʌ.gi.sʌ]
그래요 난,156,[kɯ.ɾɛ.jo.nan],[gɯ.ɾɛ.jo.nan]
죽인 거예요,156,[tʃuk̚.iŋ.kʌ.je.jo],[dʒuk̚.in.gʌ.je.jo]
주지 않으면,156,[tʃu.tʃi.an.ɯ.mjʌn],[dʒu.dʒi.an.ɯ.mjʌn]
거야 願い事も背負い生きてやれ 소망도,156,[kʌ.ja.so.maŋ.to],[gʌ.ja.so.maŋ.do]
다 잊고,156,[ta.it̚.ko],[da.it̚.ko]
결정을 내릴,156,[kjʌl.tʃʌŋ.ɯl.lɛ.ɾil],[gjʌl.tʃʌŋ.ɯl.lɛ.ɾil]
제 아들이,156,[tʃe.a.tɯl.i],[dʒe.a.dɯl.i]
계속 달리고 這い上がって走り続けて,156,[kje.sok̚.tal.ɾi.ko],[gje.sok̚.dal.ɾi.go]
갈 거,156,[kal.kʌ],[gal.gʌ]
달리고 這い上がって走り続けて,156,[tal.ɾi.ko],[dal.ɾi.go]
달리고 這い上がって走り続けて 기어올라,156,[tal.ɾi.ko.ki.ʌ.ol.ɾa],[dal.ɾi.go.gi.ʌ.ol.ɾa]
내 기분이,156,[nɛ.ki.pun.i],[nɛ.gi.bun.i]
기어올라 계속 달리고 這い上がって走り続けて,156,[ki.ʌ.ol.ɾa.kje.sok̚.tal.ɾi.ko],[gi.ʌ.ol.ɾa.gje.sok̚.dal.ɾi.go]
When I,156,,
거예요 이게,156,[kʌ.je.jo.i.ke],[gʌ.je.jo.i.ge]
한없이 발버둥치고 꺾여 쓰러지고,156,[han.ʌp̚.i.pal.pʌ.tuŋ.tʃʰi.ko.k͈ʌk̚.jʌ.s͈ɯ.ɾʌ.tʃi.ko],[han.ʌp̚.i.bal.pʌ.duŋ.tʃʰi.go.k͈ʌk̚.jʌ.s͈ɯ.ɾʌ.dʒi.go]
싶은 게 있어,156,[sip̚.ɯŋ.ke.it̚.ʌ],[sip̚.ɯn.ge.it̚.ʌ]
거 뭐,156,[kʌ.mwʌ],[gʌ.mwʌ]
네 머리를,156,[ne.mʌ.ɾi.ɾɯl],[ne.mʌ.ɾi.ɾɯl]
발버둥치고 꺾여 쓰러지고,156,[pal.pʌ.tuŋ.tʃʰi.ko.k͈ʌk̚.jʌ.s͈ɯ.ɾʌ.tʃi.ko],[bal.pʌ.duŋ.tʃʰi.go.k͈ʌk̚.jʌ.s͈ɯ.ɾʌ.dʒi.go]
때 기억나,156,[t͈ɛ.ki.ʌk̚.na],[t͈ɛ.gi.ʌk̚.na]
모든 사람에게,156,[mo.tɯn.sa.ɾam.e.ke],[mo.dɯn.sa.ɾam.e.ge]
지금은 그,156,[tʃi.kɯm.ɯŋ.kɯ],[dʒi.gɯm.ɯn.gɯ]
希望という船を出そう 희망이라는 배를 띄우리,156,[hɯi.maŋ.i.ɾa.nɯm.pɛ.ɾɯl.t͈ɯi.u.ɾi],[hɯi.maŋ.i.ɾa.nɯn.bɛ.ɾɯl.t͈ɯi.u.ɾi]
그 손,156,[kɯ.son],[gɯ.son]
대체 뭐죠,156,[tɛ.tʃʰe.mwʌ.tʃjo],[dɛ.tʃʰe.mwʌ.dʒjo]
꺾여 쓰러지고,156,[k͈ʌk̚.jʌ.s͈ɯ.ɾʌ.tʃi.ko],[k͈ʌk̚.jʌ.s͈ɯ.ɾʌ.dʒi.go]
자기 일을,156,[tʃa.ki.il.ɯl],[dʒa.gi.il.ɯl]
한없이 발버둥치고,156,[han.ʌp̚.i.pal.pʌ.tuŋ.tʃʰi.ko],[han.ʌp̚.i.bal.pʌ.duŋ.tʃʰi.go]
지금은 아니야,156,[tʃi.kɯm.ɯn.a.ni.ja],[dʒi.gɯm.ɯn.a.ni.ja]
きっといつか 분명,156,[pun.mjʌŋ],[bun.mjʌŋ]
통과할 수,156,[tʰoŋ.kwa.hal.su],[tʰoŋ.gwa.hal.su]
And then,155,,
두고 왔어,155,[tu.ko.wat̚.ʌ],[du.go.wat̚.ʌ]
그런 얘길,155,[kɯ.ɾʌn.jɛ.kil],[gɯ.ɾʌn.jɛ.gil]
한 잔씩,155,[han.tʃan.s͈ik̚],[han.dʒan.s͈ik̚]
다 괜찮아질,155,[ta.kwɛn.tʃʰan.a.tʃil],[da.gwɛn.tʃʰan.a.dʒil]
전엔 안,155,[tʃʌn.en.an],[dʒʌn.en.an]
그만 좀 해요,155,[kɯ.man.tʃom.hɛ.jo],[gɯ.man.dʒom.hɛ.jo]
나한테 말해,155,[na.han.tʰe.mal.hɛ],[na.han.tʰe.mal.hɛ]
봐 너,155,[pwa.nʌ],[bwa.nʌ]
어서 빨리,155,[ʌ.sʌ.p͈al.ɾi],[ʌ.sʌ.p͈al.ɾi]
널 다치게,155,[nʌl.ta.tʃʰi.ke],[nʌl.da.tʃʰi.ge]
누가 좀 도와줘요,155,[nu.ka.tʃon.to.wa.tʃwʌ.jo],[nu.ga.dʒom.do.wa.dʒwʌ.jo]
사람을 잘못,155,[sa.ɾam.ɯl.tʃal.mot̚],[sa.ɾam.ɯl.dʒal.mot̚]
같은 일이,155,[kat̚.ɯn.il.i],[gat̚.ɯn.il.i]
네가 거기,155,[ne.ka.kʌ.ki],[ne.ga.gʌ.gi]
정체가 뭐야,155,[tʃʌŋ.tʃʰe.ka.mwʌ.ja],[dʒʌŋ.tʃʰe.ga.mwʌ.ja]
봐 여기,155,[pwa.jʌ.ki],[bwa.jʌ.gi]
당신 아버지,155,[taŋ.sin.a.pʌ.tʃi],[daŋ.sin.a.bʌ.dʒi]
처리해야 할,155,[tʃʰʌ.ɾi.hɛ.ja.hal],[tʃʰʌ.ɾi.hɛ.ja.hal]
혼자 힘으로,155,[hon.tʃa.him.ɯ.ɾo],[hon.tʃa.him.ɯ.ɾo]
왜 혼자,155,[wɛ.hon.tʃa],[wɛ.hon.tʃa]
I couldn''t,155,,
있는 곳이,155,[it̚.nɯŋ.kot̚.i],[it̚.nɯn.got̚.i]
그에게 무슨,155,[kɯ.e.ke.mu.sɯn],[gɯ.e.ge.mu.sɯn]
저건 또,155,[tʃʌ.kʌn.t͈o],[dʒʌ.gʌn.t͈o]
게다가 그,155,[ke.ta.ka.kɯ],[ge.da.ga.gɯ]
아직도 못,155,[a.tʃik̚.to.mot̚],[a.dʒik̚.to.mot̚]
수 있었을 텐데,155,[su.it̚.ʌt̚.ɯl.tʰen.te],[su.it̚.ʌt̚.ɯl.tʰen.te]
돌릴 수,155,[tol.ɾil.su],[dol.ɾil.su]
해요 그건,155,[hɛ.jo.kɯ.kʌn],[hɛ.jo.gɯ.gʌn]
네 뭐,155,[ne.mwʌ],[ne.mwʌ]
본 사람은,155,[pon.sa.ɾam.ɯn],[bon.sa.ɾam.ɯn]
적 있으세요,155,[tʃʌk̚.it̚.ɯ.se.jo],[dʒʌk̚.it̚.ɯ.se.jo]
만에 하나,155,[man.e.ha.na],[man.e.ha.na]
got the,155,,
어디 있소,155,[ʌ.ti.it̚.so],[ʌ.di.it̚.so]
하지 않겠어,155,[ha.tʃi.aŋ.ket̚.ʌ],[ha.dʒi.aŋ.ket̚.ʌ]
그 사건에,155,[kɯ.sa.kʌn.e],[gɯ.sa.gʌn.e]
무슨 그런,155,[mu.sɯŋ.kɯ.ɾʌn],[mu.sɯn.gɯ.ɾʌn]
안 고파요,155,[aŋ.ko.pʰa.jo],[an.go.pʰa.jo]
뭔 일이야,155,[mwʌn.il.i.ja],[mwʌn.il.i.ja]
내가 보낸,155,[nɛ.ka.po.nɛn],[nɛ.ga.bo.nɛn]
책임이 있는,155,[tʃʰɛk̚.im.i.it̚.nɯn],[tʃʰɛk̚.im.i.it̚.nɯn]
필요한 만큼,155,[pʰil.jo.han.maŋ.kʰɯm],[pʰil.jo.han.maŋ.kʰɯm]
했던 것처럼,155,[hɛt̚.tʌŋ.kʌt̚.tʃʰʌ.ɾʌm],[hɛt̚.tʌn.gʌt̚.tʃʰʌ.ɾʌm]
내가 당신의,155,[nɛ.ka.taŋ.sin.ɯi],[nɛ.ga.daŋ.sin.ɯi]
못 봤다고,155,[mot̚.pwat̚.ta.ko],[mot̚.bwat̚.ta.go]
때문에 날,155,[t͈ɛ.mun.e.nal],[t͈ɛ.mun.e.nal]
take it,155,,
같은 걸로,155,[kat̚.ɯŋ.kʌl.ɾo],[gat̚.ɯn.gʌl.ɾo]
화가 많이,155,[hwa.ka.man.i],[hwa.ga.man.i]
내 방,155,[nɛ.paŋ],[nɛ.baŋ]
어서 와라,155,[ʌ.sʌ.wa.ɾa],[ʌ.sʌ.wa.ɾa]
건 확실해,155,[kʌn.hwak̚.sil.hɛ],[gʌn.hwak̚.sil.hɛ]
of course,155,,
고마워요 네,155,[ko.ma.wʌ.jo.ne],[go.ma.wʌ.jo.ne]
배는 더,155,[pɛ.nɯn.tʌ],[bɛ.nɯn.dʌ]
있어 그들은,155,[it̚.ʌ.kɯ.tɯl.ɯn],[it̚.ʌ.gɯ.dɯl.ɯn]
년 뒤에,155,[njʌn.twi.e],[njʌn.dwi.e]
하늘을 나는,155,[ha.nɯl.ɯl.la.nɯn],[ha.nɯl.ɯl.la.nɯn]
저 망할,155,[tʃʌ.maŋ.hal],[dʒʌ.maŋ.hal]
가만히 앉아서,155,[ka.man.hi.an.a.sʌ],[ga.man.hi.an.a.sʌ]
말을 믿어,155,[mal.ɯl.mit̚.ʌ],[mal.ɯl.mit̚.ʌ]
때 이런,155,[t͈ɛ.i.ɾʌn],[t͈ɛ.i.ɾʌn]
있는 곳이야,155,[it̚.nɯŋ.kot̚.i.ja],[it̚.nɯn.got̚.i.ja]
그럼 너도,155,[kɯ.ɾʌm.nʌ.to],[gɯ.ɾʌm.nʌ.do]
이 이야기를,155,[i.i.ja.ki.ɾɯl],[i.i.ja.gi.ɾɯl]
울음 섞인 숨소리,155,[ul.ɯm.sʌk̚.in.sum.so.ɾi],[ul.ɯm.sʌk̚.in.sum.so.ɾi]
I hope,155,,
사실 좀,155,[sa.sil.tʃom],[sa.sil.dʒom]
그리고 이젠,155,[kɯ.ɾi.ko.i.tʃen],[gɯ.ɾi.go.i.dʒen]
적 없다고,155,[tʃʌk̚.ʌp̚.ta.ko],[dʒʌk̚.ʌp̚.ta.go]
대화할 수,155,[tɛ.hwa.hal.su],[dɛ.hwa.hal.su]
아는 사람이에요,155,[a.nɯn.sa.ɾam.i.e.jo],[a.nɯn.sa.ɾam.i.e.jo]
have the,155,,
하루 만에,155,[ha.ɾu.man.e],[ha.ɾu.man.e]
the most,155,,
있다 우리가,155,[it̚.ta.u.ɾi.ka],[it̚.ta.u.ɾi.ga]
총을 갖고,155,[tʃʰoŋ.ɯl.kat̚.ko],[tʃʰoŋ.ɯl.gat̚.ko]
한 무리의,155,[han.mu.ɾi.ɯi],[han.mu.ɾi.ɯi]
그가 그것을,155,[kɯ.ka.kɯ.kʌt̚.ɯl],[gɯ.ga.gɯ.gʌt̚.ɯl]
한번 해봐,155,[ham.pʌn.hɛ.pwa],[ham.pʌn.hɛ.bwa]
있지 않은,155,[it̚.tʃi.an.ɯn],[it̚.tʃi.an.ɯn]
틀렸다는 걸,155,[tʰɯl.ɾjʌt̚.ta.nɯŋ.kʌl],[tʰɯl.ɾjʌt̚.ta.nɯn.gʌl]
어이없는 숨소리,155,[ʌ.i.ʌp̚.nɯn.sum.so.ɾi],[ʌ.i.ʌp̚.nɯn.sum.so.ɾi]
원하는 게 뭐예요,155,[wʌn.ha.nɯŋ.ke.mwʌ.je.jo],[wʌn.ha.nɯn.ge.mwʌ.je.jo]
있어요 안,155,[it̚.ʌ.jo.an],[it̚.ʌ.jo.an]
주고 싶은,155,[tʃu.ko.sip̚.ɯn],[dʒu.go.sip̚.ɯn]
원한 게,155,[wʌn.haŋ.ke],[wʌn.han.ge]
거 처음,155,[kʌ.tʃʰʌ.ɯm],[gʌ.tʃʰʌ.ɯm]
쉽지 않아요,155,[swip̚.tʃi.an.a.jo],[swip̚.tʃi.an.a.jo]
눈 앞에,155,[nun.ap̚.e],[nun.ap̚.e]
없어요 그게,155,[ʌp̚.ʌ.jo.kɯ.ke],[ʌp̚.ʌ.jo.gɯ.ge]
전 재산을,155,[tʃʌn.tʃɛ.san.ɯl],[dʒʌn.dʒɛ.san.ɯl]
싶은 거지,155,[sip̚.ɯŋ.kʌ.tʃi],[sip̚.ɯn.gʌ.dʒi]
이렇게 좋은,154,[i.ɾʌt̚.ke.tʃot̚.ɯn],[i.ɾʌt̚.ke.dʒot̚.ɯn]
뉴 걸,154,[nju.kʌl],[nju.gʌl]
때 우리가,154,[t͈ɛ.u.ɾi.ka],[t͈ɛ.u.ɾi.ga]
피어나는 꽃과 같으라 戦場に咲く華の様であれ,154,[pʰi.ʌ.na.nɯŋ.k͈ot̚.kwa.kat̚.ɯ.ɾa],[pʰi.ʌ.na.nɯŋ.k͈ot̚.kwa.gat̚.ɯ.ɾa]
찾을 것이다,154,[tʃʰat̚.ɯl.kʌt̚.i.ta],[tʃʰat̚.ɯl.gʌt̚.i.da]
해 줄까,154,[hɛ.tʃul.k͈a],[hɛ.dʒul.k͈a]
光より早くキスをしよう 빛보다 빠르게,154,[pit̚.po.ta.p͈a.ɾɯ.ke],[bit̚.po.da.p͈a.ɾɯ.ge]
말을 하려고,154,[mal.ɯl.ha.ɾjʌ.ko],[mal.ɯl.ha.ɾjʌ.go]
모르나 본데,154,[mo.ɾɯ.na.pon.te],[mo.ɾɯ.na.bon.te]
그 문제는,154,[kɯ.mun.tʃe.nɯn],[gɯ.mun.tʃe.nɯn]
의미가 있는,154,[ɯi.mi.ka.it̚.nɯn],[ɯi.mi.ga.it̚.nɯn]
이럴 수는,154,[i.ɾʌl.su.nɯn],[i.ɾʌl.su.nɯn]
네 그게,154,[ne.kɯ.ke],[ne.gɯ.ge]
다음과 같은,154,[ta.ɯm.kwa.kat̚.ɯn],[da.ɯm.kwa.gat̚.ɯn]
突き抜けて 情熱の先へ,154,,
이 세상이,154,[i.se.saŋ.i],[i.se.saŋ.i]
않아 네,154,[an.a.ne],[an.a.ne]
전사들은 꿈의 조각에서,154,[tʃʌn.sa.tɯl.ɯŋ.k͈um.ɯi.tʃo.kak̚.e.sʌ],[dʒʌn.sa.dɯl.ɯŋ.k͈um.ɯi.dʒo.gak̚.e.sʌ]
도움이 필요하다,154,[to.um.i.pʰil.jo.ha.ta],[do.um.i.pʰil.jo.ha.da]
줄 모르는,154,[tʃul.mo.ɾɯ.nɯn],[dʒul.mo.ɾɯ.nɯn]
동의할 수,154,[toŋ.ɯi.hal.su],[doŋ.ɯi.hal.su]
제발 하지,154,[tʃe.pal.ha.tʃi],[dʒe.bal.ha.dʒi]
내게 무슨,154,[nɛ.ke.mu.sɯn],[nɛ.ge.mu.sɯn]
数え足りない 星空を 아직,154,[a.tʃik̚],[a.dʒik̚]
그래야 한다,154,[kɯ.ɾɛ.ja.han.ta],[gɯ.ɾɛ.ja.han.ta]
적 없다,154,[tʃʌk̚.ʌp̚.ta],[dʒʌk̚.ʌp̚.ta]
찰나 輝きは刹那 반짝임은,154,[tʃʰal.la.pan.tʃ͈ak̚.im.ɯn],[tʃʰal.la.ban.tʃ͈ak̚.im.ɯn]
星空を 아직,154,[a.tʃik̚],[a.dʒik̚]
말 거예요,154,[mal.kʌ.je.jo],[mal.gʌ.je.jo]
What did,154,,
그 인간이,154,[kɯ.iŋ.kan.i],[gɯ.iŋ.kan.i]
한 명의 파이터 一人のファイター,154,[han.mjʌŋ.ɯi.pʰa.i.tʰʌ],[han.mjʌŋ.ɯi.pʰa.i.tʰʌ]
사는 것도,154,[sa.nɯŋ.kʌt̚.to],[sa.nɯn.gʌt̚.to]
줄 알았다니까,154,[tʃul.al.at̚.ta.ni.k͈a],[dʒul.al.at̚.ta.ni.k͈a]
방에 가서,154,[paŋ.e.ka.sʌ],[baŋ.e.ga.sʌ]
이해 못 할,154,[i.hɛ.mot̚.hal],[i.hɛ.mot̚.hal]
ひらひらと舞い散る この花を 팔랑팔랑 휘날리는,154,[pʰal.ɾam.pʰal.ɾaŋ.hwi.nal.ɾi.nɯn],[pʰal.ɾam.pʰal.ɾaŋ.hwi.nal.ɾi.nɯn]
まだ 数え足りない 星空を,154,,
별일 없죠,154,[pjʌl.il.ʌp̚.tʃjo],[bjʌl.il.ʌp̚.tʃjo]
꽃과 같으라 戦場に咲く華の様であれ,154,[k͈ot̚.kwa.kat̚.ɯ.ɾa],[k͈ot̚.kwa.gat̚.ɯ.ɾa]
強者たちは夢のかけらに 전사들은 꿈의,154,[tʃʌn.sa.tɯl.ɯŋ.k͈um.ɯi],[dʒʌn.sa.dɯl.ɯŋ.k͈um.ɯi]
数え足りない 星空を 아직 다,154,[a.tʃik̚.ta],[a.dʒik̚.da]
強者たちは夢のかけらに 전사들은,154,[tʃʌn.sa.tɯl.ɯn],[dʒʌn.sa.dɯl.ɯn]
왜 절,154,[wɛ.tʃʌl],[wɛ.dʒʌl]
말할 수 없어요,154,[mal.hal.su.ʌp̚.ʌ.jo],[mal.hal.su.ʌp̚.ʌ.jo]
불러 주세요,154,[pul.ɾʌ.tʃu.se.jo],[bul.ɾʌ.dʒu.se.jo]
파이터 一人のファイター 한 명의,154,[pʰa.i.tʰʌ.han.mjʌŋ.ɯi],[pʰa.i.tʰʌ.han.mjʌŋ.ɯi]
명의 파이터 一人のファイター 한,154,[mjʌŋ.ɯi.pʰa.i.tʰʌ.han],[mjʌŋ.ɯi.pʰa.i.tʰʌ.han]
같으라 戦場に咲く華の様であれ,154,[kat̚.ɯ.ɾa],[gat̚.ɯ.ɾa]
같으라 戦場に咲く華の様であれ 전쟁터에서,154,[kat̚.ɯ.ɾa.tʃʌn.tʃɛŋ.tʰʌ.e.sʌ],[gat̚.ɯ.ɾa.dʒʌn.tʃɛŋ.tʰʌ.e.sʌ]
않은 것 같아,154,[an.ɯŋ.kʌt̚.kat̚.a],[an.ɯn.gʌt̚.gat̚.a]
まだ 数え足りない 星空を 아직,154,[a.tʃik̚],[a.dʒik̚]
올 걸,154,[ol.kʌl],[ol.gʌl]
光より早くキスをしよう 빛보다,154,[pit̚.po.ta],[bit̚.po.da]
네가 나,154,[ne.ka.na],[ne.ga.na]
활짝 피어라,154,[hwal.tʃ͈ak̚.pʰi.ʌ.ɾa],[hwal.tʃ͈ak̚.pʰi.ʌ.ɾa]
제가 대신,154,[tʃe.ka.tɛ.sin],[dʒe.ga.dɛ.sin]
파이터 一人のファイター,154,[pʰa.i.tʰʌ],[pʰa.i.tʰʌ]
強者たちは夢のかけらに 전사들은 꿈의 조각에서,154,[tʃʌn.sa.tɯl.ɯŋ.k͈um.ɯi.tʃo.kak̚.e.sʌ],[dʒʌn.sa.dɯl.ɯŋ.k͈um.ɯi.dʒo.gak̚.e.sʌ]
말 잘 들어요,154,[mal.tʃal.tɯl.ʌ.jo],[mal.dʒal.dɯl.ʌ.jo]
시간 내,154,[si.kan.nɛ],[si.gan.nɛ]
정열 너머로,154,[tʃʌŋ.jʌl.lʌ.mʌ.ɾo],[dʒʌŋ.jʌl.lʌ.mʌ.ɾo]
ひらひらと舞い散る この花を 팔랑팔랑,154,[pʰal.ɾam.pʰal.ɾaŋ],[pʰal.ɾam.pʰal.ɾaŋ]
まだ 数え足りない,154,,
애들 좀,154,[ɛ.tɯl.tʃom],[ɛ.dɯl.dʒom]
항상 그래,154,[haŋ.saŋ.kɯ.ɾɛ],[haŋ.saŋ.gɯ.ɾɛ]
네 개의,154,[ne.kɛ.ɯi],[ne.gɛ.ɯi]
있는지 말이야,154,[it̚.nɯn.tʃi.mal.i.ja],[it̚.nɯn.tʃi.mal.i.ja]
저 놈이,154,[tʃʌ.nom.i],[dʒʌ.nom.i]
네가 필요한,154,[ne.ka.pʰil.jo.han],[ne.ga.pʰil.jo.han]
꿈의 조각에서,154,[k͈um.ɯi.tʃo.kak̚.e.sʌ],[k͈um.ɯi.dʒo.gak̚.e.sʌ]
극적인 음악,154,[kɯk̚.tʃʌk̚.in.ɯm.ak̚],[gɯk̚.tʃʌk̚.in.ɯm.ak̚]
이유도 없이,154,[i.ju.to.ʌp̚.i],[i.ju.do.ʌp̚.i]
우리가 간다,154,[u.ɾi.ka.kan.ta],[u.ɾi.ga.gan.ta]
후 내뱉는다,154,[hu.nɛ.pɛt̚.nɯn.ta],[hu.nɛ.bɛt̚.nɯn.ta]
그런 거요,154,[kɯ.ɾʌŋ.kʌ.jo],[gɯ.ɾʌn.gʌ.jo]
should be,154,,
내 목소리,154,[nɛ.mok̚.so.ɾi],[nɛ.mok̚.so.ɾi]
この花を 팔랑팔랑 휘날리는 이,154,[pʰal.ɾam.pʰal.ɾaŋ.hwi.nal.ɾi.nɯn.i],[pʰal.ɾam.pʰal.ɾaŋ.hwi.nal.ɾi.nɯn.i]
해 봐야,154,[hɛ.pwa.ja],[hɛ.bwa.ja]
명의 파이터 一人のファイター,154,[mjʌŋ.ɯi.pʰa.i.tʰʌ],[mjʌŋ.ɯi.pʰa.i.tʰʌ]
안 된대,154,[an.twen.tɛ],[an.dwen.tɛ]
나이 많은,154,[na.i.man.ɯn],[na.i.man.ɯn]
이상 없다,154,[i.saŋ.ʌp̚.ta],[i.saŋ.ʌp̚.ta]
너희 아빠,154,[nʌ.hɯi.a.p͈a],[nʌ.hɯi.a.p͈a]
그래서 안,154,[kɯ.ɾɛ.sʌ.an],[gɯ.ɾɛ.sʌ.an]
함께 일하고,154,[ham.k͈e.il.ha.ko],[ham.k͈e.il.ha.go]
뭘 하는 거야,154,[mwʌl.ha.nɯŋ.kʌ.ja],[mwʌl.ha.nɯn.gʌ.ja]
나오는 게,154,[na.o.nɯŋ.ke],[na.o.nɯn.ge]
거야 그들은,154,[kʌ.ja.kɯ.tɯl.ɯn],[gʌ.ja.gɯ.dɯl.ɯn]
다른 방식으로,154,[ta.ɾɯm.paŋ.sik̚.ɯ.ɾo],[da.ɾɯn.baŋ.sik̚.ɯ.ɾo]
잘 몰라서,154,[tʃal.mol.ɾa.sʌ],[dʒal.mol.ɾa.sʌ]
꽃과 같으라 戦場に咲く華の様であれ 전쟁터에서,154,[k͈ot̚.kwa.kat̚.ɯ.ɾa.tʃʌn.tʃɛŋ.tʰʌ.e.sʌ],[k͈ot̚.kwa.gat̚.ɯ.ɾa.dʒʌn.tʃɛŋ.tʰʌ.e.sʌ]
돈이 좀,154,[ton.i.tʃom],[don.i.dʒom]
아냐 그,154,[a.nja.kɯ],[a.nja.gɯ]
수백만 명의,154,[su.pɛk̚.man.mjʌŋ.ɯi],[su.bɛk̚.man.mjʌŋ.ɯi]
시 사이에,154,[si.sa.i.e],[si.sa.i.e]
온 김에,154,[oŋ.kim.e],[on.gim.e]
輝きは刹那 반짝임은 찰나 輝きは刹那,154,[pan.tʃ͈ak̚.im.ɯn.tʃʰal.la],[ban.tʃ͈ak̚.im.ɯn.tʃʰal.la]
말고 빨리,154,[mal.ko.p͈al.ɾi],[mal.ko.p͈al.ɾi]
너 먼저,154,[nʌ.mʌn.tʃʌ],[nʌ.mʌn.tʃʌ]
우리가 어떤,154,[u.ɾi.ka.ʌ.t͈ʌn],[u.ɾi.ga.ʌ.t͈ʌn]
안 서,154,[an.sʌ],[an.sʌ]
생각하고 있었어,154,[sɛŋ.kak̚.ha.ko.it̚.ʌt̚.ʌ],[sɛŋ.gak̚.ha.go.it̚.ʌt̚.ʌ]
할 수만,154,[hal.su.man],[hal.su.man]
この花を 팔랑팔랑 휘날리는,154,[pʰal.ɾam.pʰal.ɾaŋ.hwi.nal.ɾi.nɯn],[pʰal.ɾam.pʰal.ɾaŋ.hwi.nal.ɾi.nɯn]
이러는 거죠,154,[i.ɾʌ.nɯŋ.kʌ.tʃjo],[i.ɾʌ.nɯn.gʌ.dʒjo]
星空を 아직 다 세려면,154,[a.tʃik̚.ta.se.ɾjʌ.mjʌn],[a.dʒik̚.da.se.ɾjʌ.mjʌn]
앉아도 될까요,154,[an.a.to.twel.k͈a.jo],[an.a.do.dwel.k͈a.jo]
이러시면 안,154,[i.ɾʌ.si.mjʌn.an],[i.ɾʌ.si.mjʌn.an]
전 당신,154,[tʃʌn.taŋ.sin],[dʒʌn.daŋ.sin]
뭔 상관이야,154,[mwʌn.saŋ.kwan.i.ja],[mwʌn.saŋ.gwan.i.ja]
이제 널,154,[i.tʃe.nʌl],[i.dʒe.nʌl]
찰나 輝きは刹那 반짝임은 찰나,154,[tʃʰal.la.pan.tʃ͈ak̚.im.ɯn.tʃʰal.la],[tʃʰal.la.ban.tʃ͈ak̚.im.ɯn.tʃʰal.la]
星空を 아직 다,154,[a.tʃik̚.ta],[a.dʒik̚.da]
멈춰야 해,154,[mʌn.tʃʰwʌ.ja.hɛ],[mʌn.tʃʰwʌ.ja.hɛ]
있다는 걸 알고,154,[it̚.ta.nɯŋ.kʌl.al.ko],[it̚.ta.nɯn.gʌl.al.ko]
하고 난,154,[ha.ko.nan],[ha.go.nan]
같으라 戦場に咲く華の様であれ 전쟁터에서 피어나는,154,[kat̚.ɯ.ɾa.tʃʌn.tʃɛŋ.tʰʌ.e.sʌ.pʰi.ʌ.na.nɯn],[gat̚.ɯ.ɾa.dʒʌn.tʃɛŋ.tʰʌ.e.sʌ.pʰi.ʌ.na.nɯn]
건 또,154,[kʌn.t͈o],[gʌn.t͈o]
많지 않아요,154,[man.tʃi.an.a.jo],[man.tʃi.an.a.jo]
좀 보라고,154,[tʃom.po.ɾa.ko],[dʒom.bo.ɾa.go]
대해 말하고,154,[tɛ.hɛ.mal.ha.ko],[dɛ.hɛ.mal.ha.go]
この花を 팔랑팔랑,154,[pʰal.ɾam.pʰal.ɾaŋ],[pʰal.ɾam.pʰal.ɾaŋ]
미친 짓,154,[mi.tʃʰin.tʃit̚],[mi.tʃʰin.dʒit̚]
보일 수,154,[po.il.su],[bo.il.su]
거짓말을 할,154,[kʌ.tʃit̚.mal.ɯl.hal],[gʌ.dʒit̚.mal.ɯl.hal]
数え足りない 星空を,154,,
get out,154,,
먹기 전에,154,[mʌk̚.ki.tʃʌn.e],[mʌk̚.ki.dʒʌn.e]
네 잘,154,[ne.tʃal],[ne.dʒal]
光より早くキスをしよう 빛보다 빠르게 키스하겠어,154,[pit̚.po.ta.p͈a.ɾɯ.ke.kʰi.sɯ.ha.ket̚.ʌ],[bit̚.po.da.p͈a.ɾɯ.ge.kʰi.sɯ.ha.get̚.ʌ]
반짝임은 찰나 輝きは刹那 반짝임은,154,[pan.tʃ͈ak̚.im.ɯn.tʃʰal.la.pan.tʃ͈ak̚.im.ɯn],[ban.tʃ͈ak̚.im.ɯn.tʃʰal.la.ban.tʃ͈ak̚.im.ɯn]
난 뭐,154,[nan.mwʌ],[nan.mwʌ]
짓은 하지,154,[tʃit̚.ɯn.ha.tʃi],[dʒit̚.ɯn.ha.dʒi]
보는 거예요,154,[po.nɯŋ.kʌ.je.jo],[bo.nɯn.gʌ.je.jo]
두 번은,154,[tu.pʌn.ɯn],[du.bʌn.ɯn]
이 마을에,154,[i.ma.ɯl.e],[i.ma.ɯl.e]
나 같으면,154,[na.kat̚.ɯ.mjʌn],[na.gat̚.ɯ.mjʌn]
도움 필요,154,[to.um.pʰil.jo],[do.um.pʰil.jo]
자신을 위해서,154,[tʃa.sin.ɯl.wi.hɛ.sʌ],[dʒa.sin.ɯl.wi.hɛ.sʌ]
있으면 내가,154,[it̚.ɯ.mjʌn.nɛ.ka],[it̚.ɯ.mjʌn.nɛ.ga]
돌진해서 정열 너머로,154,[tol.tʃin.hɛ.sʌ.tʃʌŋ.jʌl.lʌ.mʌ.ɾo],[dol.tʃin.hɛ.sʌ.dʒʌŋ.jʌl.lʌ.mʌ.ɾo]
없어요 이건,154,[ʌp̚.ʌ.jo.i.kʌn],[ʌp̚.ʌ.jo.i.gʌn]
곳이 있어,154,[kot̚.i.it̚.ʌ],[got̚.i.it̚.ʌ]
그를 다시,154,[kɯ.ɾɯl.ta.si],[gɯ.ɾɯl.da.si]
파이터 一人のファイター 한,154,[pʰa.i.tʰʌ.han],[pʰa.i.tʰʌ.han]
하고 있다는,154,[ha.ko.it̚.ta.nɯn],[ha.go.it̚.ta.nɯn]
ひらひらと舞い散る この花を,154,,
눈 떠,154,[nun.t͈ʌ],[nun.t͈ʌ]
할 수 있는게,154,[hal.su.it̚.nɯŋ.ke],[hal.su.it̚.nɯŋ.ke]
내 자신이,154,[nɛ.tʃa.sin.i],[nɛ.dʒa.sin.i]
하고 있니,154,[ha.ko.it̚.ni],[ha.go.it̚.ni]
당신이 너무,154,[taŋ.sin.i.nʌ.mu],[daŋ.sin.i.nʌ.mu]
돌진해서 정열,154,[tol.tʃin.hɛ.sʌ.tʃʌŋ.jʌl],[dol.tʃin.hɛ.sʌ.dʒʌŋ.jʌl]
방법을 찾아야 해,154,[pam.pʌp̚.ɯl.tʃʰat̚.a.ja.hɛ],[baŋ.bʌp̚.ɯl.tʃʰat̚.a.ja.hɛ]
기록에 따르면,154,[ki.ɾok̚.e.t͈a.ɾɯ.mjʌn],[gi.ɾok̚.e.t͈a.ɾɯ.mjʌn]
우린 못,154,[u.ɾin.mot̚],[u.ɾin.mot̚]
찰나 輝きは刹那,154,[tʃʰal.la],[tʃʰal.la]
무슨 일이 일어난,154,[mu.sɯn.il.i.il.ʌ.nan],[mu.sɯn.il.i.il.ʌ.nan]
전사들은 꿈의,154,[tʃʌn.sa.tɯl.ɯŋ.k͈um.ɯi],[dʒʌn.sa.dɯl.ɯŋ.k͈um.ɯi]
일 있었어요,154,[il.it̚.ʌt̚.ʌ.jo],[il.it̚.ʌt̚.ʌ.jo]
세상을 바꿀,154,[se.saŋ.ɯl.pa.k͈ul],[se.saŋ.ɯl.ba.k͈ul]
반짝임은 찰나 輝きは刹那,154,[pan.tʃ͈ak̚.im.ɯn.tʃʰal.la],[ban.tʃ͈ak̚.im.ɯn.tʃʰal.la]
해야 하고,154,[hɛ.ja.ha.ko],[hɛ.ja.ha.go]
데 필요한,154,[te.pʰil.jo.han],[de.pʰil.jo.han]
이 근처에서,154,[i.kɯn.tʃʰʌ.e.sʌ],[i.gɯn.tʃʰʌ.e.sʌ]
力にして明日を強く咲き誇れ 힘으로 삼고 내일,153,[him.ɯ.ɾo.sam.ko.nɛ.il],[him.ɯ.ɾo.sam.ko.nɛ.il]
날 죽이면,153,[nal.tʃuk̚.i.mjʌn],[nal.dʒuk̚.i.mjʌn]
신경 쓰고,153,[siŋ.kjʌŋ.s͈ɯ.ko],[siŋ.kjʌŋ.s͈ɯ.go]
극복할 수,153,[kɯk̚.pok̚.hal.su],[gɯk̚.pok̚.hal.su]
수 없을 만큼,153,[su.ʌp̚.ɯl.maŋ.kʰɯm],[su.ʌp̚.ɯl.maŋ.kʰɯm]
같은 놈이,153,[kat̚.ɯn.nom.i],[gat̚.ɯn.nom.i]
하지만 중요한,153,[ha.tʃi.man.tʃuŋ.jo.han],[ha.dʒi.man.dʒuŋ.jo.han]
않았어 난,153,[an.at̚.ʌ.nan],[an.at̚.ʌ.nan]
보고 있으면,153,[po.ko.it̚.ɯ.mjʌn],[bo.go.it̚.ɯ.mjʌn]
알아 그럼,153,[al.a.kɯ.ɾʌm],[al.a.gɯ.ɾʌm]
우리 일은,153,[u.ɾi.il.ɯn],[u.ɾi.il.ɯn]
망치지 마,153,[maŋ.tʃʰi.tʃi.ma],[maŋ.tʃʰi.dʒi.ma]
저 뒤에,153,[tʃʌ.twi.e],[dʒʌ.dwi.e]
삼고 내일 굳세게,153,[sam.ko.nɛ.il.kut̚.se.ke],[sam.ko.nɛ.il.gut̚.se.ge]
거의 매일,153,[kʌ.ɯi.mɛ.il],[gʌ.ɯi.mɛ.il]
일하는 거야,153,[il.ha.nɯŋ.kʌ.ja],[il.ha.nɯn.gʌ.ja]
가르쳐 줄,153,[ka.ɾɯ.tʃʰjʌ.tʃul],[ga.ɾɯ.tʃʰjʌ.dʒul]
네 제,153,[ne.tʃe],[ne.dʒe]
온 이유가,153,[on.i.ju.ka],[on.i.ju.ga]
거짓말을 한,153,[kʌ.tʃit̚.mal.ɯl.han],[gʌ.dʒit̚.mal.ɯl.han]
먼저 가서,153,[mʌn.tʃʌ.ka.sʌ],[mʌn.tʃʌ.ga.sʌ]
대한 나의,153,[tɛ.han.na.ɯi],[dɛ.han.na.ɯi]
말 안 해요,153,[mal.an.hɛ.jo],[mal.an.hɛ.jo]
해 보자고,153,[hɛ.po.tʃa.ko],[hɛ.bo.dʒa.go]
잡는 게,153,[tʃap̚.nɯŋ.ke],[dʒap̚.nɯn.ge]
당신 덕분에,153,[taŋ.sin.tʌk̚.pun.e],[daŋ.sin.dʌk̚.pun.e]
하지만 이걸,153,[ha.tʃi.man.i.kʌl],[ha.dʒi.man.i.gʌl]
力にして明日を強く咲き誇れ 힘으로,153,[him.ɯ.ɾo],[him.ɯ.ɾo]
굳세게 활짝,153,[kut̚.se.ke.hwal.tʃ͈ak̚],[gut̚.se.ge.hwal.tʃ͈ak̚]
제가 만든,153,[tʃe.ka.man.tɯn],[dʒe.ga.man.tɯn]
through the,153,,
계속 날,153,[kje.sok̚.nal],[gje.sok̚.nal]
노오넨 레나,153,[no.o.nel.le.na],[no.o.nel.le.na]
벌써 두,153,[pʌl.s͈ʌ.tu],[bʌl.s͈ʌ.du]
게 없습니다,153,[ke.ʌp̚.sɯp̚.ni.ta],[ge.ʌp̚.sɯp̚.ni.da]
그들은 그녀를,153,[kɯ.tɯl.ɯŋ.kɯ.njʌ.ɾɯl],[gɯ.dɯl.ɯn.gɯ.njʌ.ɾɯl]
감성적인 음악,153,[kam.sʌŋ.tʃʌk̚.in.ɯm.ak̚],[gam.sʌŋ.dʒʌk̚.in.ɯm.ak̚]
받은 거,153,[pat̚.ɯŋ.kʌ],[bat̚.ɯn.gʌ]
없을 거,153,[ʌp̚.ɯl.kʌ],[ʌp̚.ɯl.gʌ]
힘으로 삼고 내일,153,[him.ɯ.ɾo.sam.ko.nɛ.il],[him.ɯ.ɾo.sam.ko.nɛ.il]
네가 가장,153,[ne.ka.ka.tʃaŋ],[ne.ga.ga.dʒaŋ]
힘으로 삼고 내일 굳세게,153,[him.ɯ.ɾo.sam.ko.nɛ.il.kut̚.se.ke],[him.ɯ.ɾo.sam.ko.nɛ.il.gut̚.se.ge]
이유가 있다,153,[i.ju.ka.it̚.ta],[i.ju.ga.it̚.ta]
알고 싶지 않아,153,[al.ko.sip̚.tʃi.an.a],[al.ko.sip̚.tʃi.an.a]
아니란 건,153,[a.ni.ɾaŋ.kʌn],[a.ni.ɾan.gʌn]
화가 났다,153,[hwa.ka.nat̚.ta],[hwa.ga.nat̚.ta]
삼고 내일,153,[sam.ko.nɛ.il],[sam.ko.nɛ.il]
안 그런,153,[aŋ.kɯ.ɾʌn],[an.gɯ.ɾʌn]
우리 딸을,153,[u.ɾi.t͈al.ɯl],[u.ɾi.t͈al.ɯl]
오랜 시간이,153,[o.ɾɛn.si.kan.i],[o.ɾɛn.si.gan.i]
나은 삶을,153,[na.ɯn.sam.ɯl],[na.ɯn.sam.ɯl]
있어 아직,153,[it̚.ʌ.a.tʃik̚],[it̚.ʌ.a.dʒik̚]
하지만 뭔가,153,[ha.tʃi.man.mwʌŋ.ka],[ha.dʒi.man.mwʌŋ.ka]
오늘 진짜,153,[o.nɯl.tʃin.tʃ͈a],[o.nɯl.dʒin.tʃ͈a]
말이 되네,153,[mal.i.twe.ne],[mal.i.dwe.ne]
이 지역에서,153,[i.tʃi.jʌk̚.e.sʌ],[i.dʒi.jʌk̚.e.sʌ]
더 기회를,153,[tʌ.ki.hwe.ɾɯl],[dʌ.gi.hwe.ɾɯl]
이 문을,153,[i.mun.ɯl],[i.mun.ɯl]
굳세게 활짝 피어라,153,[kut̚.se.ke.hwal.tʃ͈ak̚.pʰi.ʌ.ɾa],[gut̚.se.ge.hwal.tʃ͈ak̚.pʰi.ʌ.ɾa]
수 있어 네가,153,[su.it̚.ʌ.ne.ka],[su.it̚.ʌ.ne.ga]
네가 어떻게 알아,153,[ne.ka.ʌ.t͈ʌt̚.ke.al.a],[ne.ga.ʌ.t͈ʌt̚.ke.al.a]
이름을 따서,153,[i.ɾɯm.ɯl.t͈a.sʌ],[i.ɾɯm.ɯl.t͈a.sʌ]
내일 굳세게,153,[nɛ.il.kut̚.se.ke],[nɛ.il.gut̚.se.ge]
전해 줘요,153,[tʃʌn.hɛ.tʃwʌ.jo],[dʒʌn.hɛ.dʒwʌ.jo]
It''s the,153,,
내일 굳세게 활짝 피어라,153,[nɛ.il.kut̚.se.ke.hwal.tʃ͈ak̚.pʰi.ʌ.ɾa],[nɛ.il.gut̚.se.ge.hwal.tʃ͈ak̚.pʰi.ʌ.ɾa]
누가 보면,153,[nu.ka.po.mjʌn],[nu.ga.bo.mjʌn]
어디 갈,153,[ʌ.ti.kal],[ʌ.di.gal]
일은 잘,153,[il.ɯn.tʃal],[il.ɯn.dʒal]
들어오면 안,153,[tɯl.ʌ.o.mjʌn.an],[dɯl.ʌ.o.mjʌn.an]
네 편이야,153,[ne.pʰjʌn.i.ja],[ne.pʰjʌn.i.ja]
하루가 될,153,[ha.ɾu.ka.twel],[ha.ɾu.ga.dwel]
순 없소,153,[sun.ʌp̚.so],[sun.ʌp̚.so]
적 없지,153,[tʃʌk̚.ʌp̚.tʃi],[dʒʌk̚.ʌp̚.tʃi]
가까운 곳에,153,[ka.k͈a.uŋ.kot̚.e],[ga.k͈a.un.got̚.e]
줄 알았습니다,153,[tʃul.al.at̚.sɯp̚.ni.ta],[dʒul.al.at̚.sɯp̚.ni.da]
당신 진짜,153,[taŋ.sin.tʃin.tʃ͈a],[daŋ.sin.dʒin.tʃ͈a]
만들 수 있어요,153,[man.tɯl.su.it̚.ʌ.jo],[man.tɯl.su.it̚.ʌ.jo]
안 마셔요,153,[an.ma.sjʌ.jo],[an.ma.sjʌ.jo]
죽일 때,153,[tʃuk̚.il.t͈ɛ],[dʒuk̚.il.t͈ɛ]
알지도 못하면서,153,[al.tʃi.to.mot̚.ha.mjʌn.sʌ],[al.tʃi.do.mot̚.ha.mjʌn.sʌ]
about this,153,,
확인해 보세요,153,[hwak̚.in.hɛ.po.se.jo],[hwak̚.in.hɛ.bo.se.jo]
찾게 될,153,[tʃʰat̚.ke.twel],[tʃʰat̚.ke.dwel]
내 말 듣고 있어,153,[nɛ.mal.tɯt̚.ko.it̚.ʌ],[nɛ.mal.dɯt̚.ko.it̚.ʌ]
탈출할 수,153,[tʰal.tʃʰul.hal.su],[tʰal.tʃʰul.hal.su]
게 아니니까,153,[ke.a.ni.ni.k͈a],[ge.a.ni.ni.k͈a]
나 뭐,153,[na.mwʌ],[na.mwʌ]
그냥 제가,153,[kɯ.njaŋ.tʃe.ka],[gɯ.njaŋ.dʒe.ga]
수 없는 거야,153,[su.ʌp̚.nɯŋ.kʌ.ja],[su.ʌp̚.nɯn.gʌ.ja]
내일 굳세게 활짝,153,[nɛ.il.kut̚.se.ke.hwal.tʃ͈ak̚],[nɛ.il.gut̚.se.ge.hwal.tʃ͈ak̚]
뜻인지 알아,153,[t͈ɯt̚.in.tʃi.al.a],[t͈ɯt̚.in.tʃi.al.a]
넌 거기,153,[nʌŋ.kʌ.ki],[nʌn.gʌ.gi]
받고 있는,153,[pat̚.ko.it̚.nɯn],[bat̚.ko.it̚.nɯn]
해 이런,153,[hɛ.i.ɾʌn],[hɛ.i.ɾʌn]
가만두지 않을,153,[ka.man.tu.tʃi.an.ɯl],[ga.man.tu.dʒi.an.ɯl]
손 안에,153,[son.an.e],[son.an.e]
시간 이내에,153,[si.kan.i.nɛ.e],[si.gan.i.nɛ.e]
게 확실해요,153,[ke.hwak̚.sil.hɛ.jo],[ge.hwak̚.sil.hɛ.jo]
빚진 거,153,[pit̚.tʃiŋ.kʌ],[bit̚.tʃin.gʌ]
줄 알았다고,153,[tʃul.al.at̚.ta.ko],[dʒul.al.at̚.ta.go]
사람들이 내,153,[sa.ɾan.tɯl.i.nɛ],[sa.ɾan.tɯl.i.nɛ]
여기 누가,153,[jʌ.ki.nu.ka],[jʌ.gi.nu.ga]
力にして明日を強く咲き誇れ 힘으로 삼고,153,[him.ɯ.ɾo.sam.ko],[him.ɯ.ɾo.sam.ko]
정말 내,153,[tʃʌŋ.mal.lɛ],[dʒʌŋ.mal.lɛ]
힘으로 삼고,153,[him.ɯ.ɾo.sam.ko],[him.ɯ.ɾo.sam.ko]
you for,153,,
있다 그는,153,[it̚.ta.kɯ.nɯn],[it̚.ta.gɯ.nɯn]
삼고 내일 굳세게 활짝,153,[sam.ko.nɛ.il.kut̚.se.ke.hwal.tʃ͈ak̚],[sam.ko.nɛ.il.gut̚.se.ge.hwal.tʃ͈ak̚]
그럼 정말,153,[kɯ.ɾʌn.tʃʌŋ.mal],[gɯ.ɾʌm.dʒʌŋ.mal]
보러 가자,153,[po.ɾʌ.ka.tʃa],[bo.ɾʌ.ga.dʒa]
우리는 서로,153,[u.ɾi.nɯn.sʌ.ɾo],[u.ɾi.nɯn.sʌ.ɾo]
보낼 순,153,[po.nɛl.sun],[bo.nɛl.sun]
허락 없이,153,[hʌ.ɾak̚.ʌp̚.i],[hʌ.ɾak̚.ʌp̚.i]
그러지 않았다,153,[kɯ.ɾʌ.tʃi.an.at̚.ta],[gɯ.ɾʌ.dʒi.an.at̚.ta]
떠날 수 없어,153,[t͈ʌ.nal.su.ʌp̚.ʌ],[t͈ʌ.nal.su.ʌp̚.ʌ]
I really,153,,
내 생애,153,[nɛ.sɛŋ.ɛ],[nɛ.sɛŋ.ɛ]
못 하는데,153,[mot̚.ha.nɯn.te],[mot̚.ha.nɯn.te]
있다는 겁니다,153,[it̚.ta.nɯŋ.kʌp̚.ni.ta],[it̚.ta.nɯn.gʌp̚.ni.da]
이제 모두,152,[i.tʃe.mo.tu],[i.dʒe.mo.du]
필요해 난,152,[pʰil.jo.hɛ.nan],[pʰil.jo.hɛ.nan]
그러니 너는,152,[kɯ.ɾʌ.ni.nʌ.nɯn],[gɯ.ɾʌ.ni.nʌ.nɯn]
여기 오래,152,[jʌ.ki.o.ɾɛ],[jʌ.gi.o.ɾɛ]
아니에요 그건,152,[a.ni.e.jo.kɯ.kʌn],[a.ni.e.jo.gɯ.gʌn]
그거 좋네요,152,[kɯ.kʌ.tʃot̚.ne.jo],[gɯ.gʌ.dʒot̚.ne.jo]
me in,152,,
마음에 든다,152,[ma.ɯm.e.tɯn.ta],[ma.ɯm.e.dɯn.ta]
here to,152,,
네가 여기서,152,[ne.ka.jʌ.ki.sʌ],[ne.ga.jʌ.gi.sʌ]
위해 만든,152,[wi.hɛ.man.tɯn],[wi.hɛ.man.tɯn]
대체 어디서,152,[tɛ.tʃʰe.ʌ.ti.sʌ],[dɛ.tʃʰe.ʌ.di.sʌ]
번 해,152,[pʌn.hɛ],[bʌn.hɛ]
전 오늘,152,[tʃʌn.o.nɯl],[dʒʌn.o.nɯl]
아닌 거 같은데,152,[a.niŋ.kʌ.kat̚.ɯn.te],[a.nin.gʌ.gat̚.ɯn.te]
못 올,152,[mot̚.ol],[mot̚.ol]
그들은 또한,152,[kɯ.tɯl.ɯn.t͈o.han],[gɯ.dɯl.ɯn.t͈o.han]
정말 특별한,152,[tʃʌŋ.mal.tʰɯk̚.pjʌl.han],[dʒʌŋ.mal.tʰɯk̚.pjʌl.han]
그럼 나한테,152,[kɯ.ɾʌm.na.han.tʰe],[gɯ.ɾʌm.na.han.tʰe]
우리 자신의,152,[u.ɾi.tʃa.sin.ɯi],[u.ɾi.dʒa.sin.ɯi]
그것은 나를,152,[kɯ.kʌt̚.ɯn.na.ɾɯl],[gɯ.gʌt̚.ɯn.na.ɾɯl]
누가 할,152,[nu.ka.hal],[nu.ga.hal]
자네가 그,152,[tʃa.ne.ka.kɯ],[dʒa.ne.ga.gɯ]
게 아니오,152,[ke.a.ni.o],[ge.a.ni.o]
기운 내,152,[ki.un.nɛ],[gi.un.nɛ]
어쩜 그렇게,152,[ʌ.tʃ͈ʌm.kɯ.ɾʌt̚.ke],[ʌ.tʃ͈ʌm.gɯ.ɾʌt̚.ke]
몇 개만,152,[mjʌt̚.kɛ.man],[mjʌt̚.gɛ.man]
내 머릿속에,152,[nɛ.mʌ.ɾit̚.sok̚.e],[nɛ.mʌ.ɾit̚.sok̚.e]
그 안에 있는,152,[kɯ.an.e.it̚.nɯn],[gɯ.an.e.it̚.nɯn]
more than,152,,
좀 일찍,152,[tʃom.il.tʃ͈ik̚],[dʒom.il.tʃ͈ik̚]
그래 우리가,152,[kɯ.ɾɛ.u.ɾi.ka],[gɯ.ɾɛ.u.ɾi.ga]
해 그런,152,[hɛ.kɯ.ɾʌn],[hɛ.gɯ.ɾʌn]
만한 걸,152,[man.haŋ.kʌl],[man.han.gʌl]
아니야 우리가,152,[a.ni.ja.u.ɾi.ka],[a.ni.ja.u.ɾi.ga]
정말 말도 안,152,[tʃʌŋ.mal.mal.to.an],[dʒʌŋ.mal.mal.to.an]
난 진실을,152,[nan.tʃin.sil.ɯl],[nan.dʒin.sil.ɯl]
내 삶에,152,[nɛ.sam.e],[nɛ.sam.e]
들은 적이,152,[tɯl.ɯn.tʃʌk̚.i],[dɯl.ɯn.dʒʌk̚.i]
묻는 거예요,152,[mut̚.nɯŋ.kʌ.je.jo],[mut̚.nɯn.gʌ.je.jo]
고대 우주 비행사 이론가들은,152,[ko.tɛ.u.tʃu.pi.hɛŋ.sa.i.ɾoŋ.ka.tɯl.ɯn],[go.dɛ.u.dʒu.bi.hɛŋ.sa.i.ɾoŋ.ka.dɯl.ɯn]
말이야 어떻게,152,[mal.i.ja.ʌ.t͈ʌt̚.ke],[mal.i.ja.ʌ.t͈ʌt̚.ke]
다시 내,152,[ta.si.nɛ],[da.si.nɛ]
있어 그런데,152,[it̚.ʌ.kɯ.ɾʌn.te],[it̚.ʌ.gɯ.ɾʌn.te]
수천 명이,152,[su.tʃʰʌn.mjʌŋ.i],[su.tʃʰʌn.mjʌŋ.i]
사실 나도,152,[sa.sil.la.to],[sa.sil.la.do]
나올 때,152,[na.ol.t͈ɛ],[na.ol.t͈ɛ]
겁니다 이제,152,[kʌp̚.ni.ta.i.tʃe],[gʌp̚.ni.da.i.dʒe]
삐 소리,152,[p͈i.so.ɾi],[p͈i.so.ɾi]
좋아요 하지만,152,[tʃot̚.a.jo.ha.tʃi.man],[dʒot̚.a.jo.ha.dʒi.man]
봐 뭐,152,[pwa.mwʌ],[bwa.mwʌ]
하나 없이,152,[ha.na.ʌp̚.i],[ha.na.ʌp̚.i]
such a,152,,
손을 잡아,152,[son.ɯl.tʃap̚.a],[son.ɯl.dʒap̚.a]
고백할 게,152,[ko.pɛk̚.hal.ke],[go.bɛk̚.hal.ge]
좋아 그,152,[tʃot̚.a.kɯ],[dʒot̚.a.gɯ]
우리가 있는,152,[u.ɾi.ka.it̚.nɯn],[u.ɾi.ga.it̚.nɯn]
깜짝 놀랐어,152,[k͈an.tʃ͈ak̚.nol.ɾat̚.ʌ],[k͈an.tʃ͈ak̚.nol.ɾat̚.ʌ]
말고 또,152,[mal.ko.t͈o],[mal.ko.t͈o]
근데 여기,152,[kɯn.te.jʌ.ki],[gɯn.te.jʌ.gi]
놓칠 수,152,[not̚.tʃʰil.su],[not̚.tʃʰil.su]
때를 대비해서,152,[t͈ɛ.ɾɯl.tɛ.pi.hɛ.sʌ],[t͈ɛ.ɾɯl.dɛ.bi.hɛ.sʌ]
하는 거 아냐,152,[ha.nɯŋ.kʌ.a.nja],[ha.nɯn.gʌ.a.nja]
씨 이,152,[s͈i.i],[s͈i.i]
정말 멋지네요,152,[tʃʌŋ.mal.mʌt̚.tʃi.ne.jo],[dʒʌŋ.mal.mʌt̚.tʃi.ne.jo]
좀 이따,152,[tʃom.i.t͈a],[dʒom.i.t͈a]
데려가야 해,152,[te.ɾjʌ.ka.ja.hɛ],[de.ɾjʌ.ga.ja.hɛ]
가진 사람,152,[ka.tʃin.sa.ɾam],[ga.dʒin.sa.ɾam]
절대 포기하지,152,[tʃʌl.tɛ.pʰo.ki.ha.tʃi],[dʒʌl.tɛ.pʰo.gi.ha.dʒi]
이제 어떡해,152,[i.tʃe.ʌ.t͈ʌk̚.hɛ],[i.dʒe.ʌ.t͈ʌk̚.hɛ]
시간 남았어,152,[si.kan.nam.at̚.ʌ],[si.gan.nam.at̚.ʌ]
내가 알던,152,[nɛ.ka.al.tʌn],[nɛ.ga.al.tʌn]
and we,152,,
잘 생각했어,152,[tʃal.sɛŋ.kak̚.hɛt̚.ʌ],[dʒal.sɛŋ.gak̚.hɛt̚.ʌ]
설명해 봐,152,[sʌl.mjʌŋ.hɛ.pwa],[sʌl.mjʌŋ.hɛ.bwa]
잘 잤니,152,[tʃal.tʃat̚.ni],[dʒal.dʒat̚.ni]
좋지 않다,152,[tʃot̚.tʃi.an.ta],[dʒot̚.tʃi.an.ta]
거 진짜,152,[kʌ.tʃin.tʃ͈a],[gʌ.dʒin.tʃ͈a]
이유는 모르겠지만,152,[i.ju.nɯn.mo.ɾɯ.ket̚.tʃi.man],[i.ju.nɯn.mo.ɾɯ.get̚.tʃi.man]
다음 분,152,[ta.ɯm.pun],[da.ɯm.bun]
난 죽을,152,[nan.tʃuk̚.ɯl],[nan.dʒuk̚.ɯl]
미안해요 내가,152,[mi.an.hɛ.jo.nɛ.ka],[mi.an.hɛ.jo.nɛ.ga]
잘 지내니,152,[tʃal.tʃi.nɛ.ni],[dʒal.dʒi.nɛ.ni]
원하는 건 뭐든지,152,[wʌn.ha.nɯŋ.kʌn.mwʌ.tɯn.tʃi],[wʌn.ha.nɯn.gʌn.mwʌ.dɯn.tʃi]
말할 필요,152,[mal.hal.pʰil.jo],[mal.hal.pʰil.jo]
얘기 잘,152,[jɛ.ki.tʃal],[jɛ.gi.dʒal]
가장 강한,152,[ka.tʃaŋ.kaŋ.han],[ga.dʒaŋ.gaŋ.han]
같이 갈게요,152,[kat̚.i.kal.ke.jo],[gat̚.i.gal.ke.jo]
명이 넘는,152,[mjʌŋ.i.nʌm.nɯn],[mjʌŋ.i.nʌm.nɯn]
워 워,152,[wʌ.wʌ],[wʌ.wʌ]
그냥 빨리,152,[kɯ.njam.p͈al.ɾi],[gɯ.njam.p͈al.ɾi]
당신이 알고,152,[taŋ.sin.i.al.ko],[daŋ.sin.i.al.ko]
친한 친구가,152,[tʃʰin.han.tʃʰiŋ.ku.ka],[tʃʰin.han.tʃʰiŋ.ku.ga]
날 떠나지,152,[nal.t͈ʌ.na.tʃi],[nal.t͈ʌ.na.dʒi]
하지만 이렇게,152,[ha.tʃi.man.i.ɾʌt̚.ke],[ha.dʒi.man.i.ɾʌt̚.ke]
먼저 갈게요,152,[mʌn.tʃʌ.kal.ke.jo],[mʌn.tʃʌ.gal.ke.jo]
위험에 처한,152,[wi.hʌm.e.tʃʰʌ.han],[wi.hʌm.e.tʃʰʌ.han]
그런데 당신은,152,[kɯ.ɾʌn.te.taŋ.sin.ɯn],[gɯ.ɾʌn.te.daŋ.sin.ɯn]
네 친구들이,152,[ne.tʃʰiŋ.ku.tɯl.i],[ne.tʃʰiŋ.ku.dɯl.i]
자고 싶어,152,[tʃa.ko.sip̚.ʌ],[dʒa.go.sip̚.ʌ]
그러면 안 되지,152,[kɯ.ɾʌ.mjʌn.an.twe.tʃi],[gɯ.ɾʌ.mjʌn.an.dwe.dʒi]
아무 짓 안,152,[a.mu.tʃit̚.an],[a.mu.dʒit̚.an]
talk about,152,,
올 줄은,152,[ol.tʃul.ɯn],[ol.dʒul.ɯn]
일어났을 때,152,[il.ʌ.nat̚.ɯl.t͈ɛ],[il.ʌ.nat̚.ɯl.t͈ɛ]
어떤 것을,152,[ʌ.t͈ʌŋ.kʌt̚.ɯl],[ʌ.t͈ʌn.gʌt̚.ɯl]
못 버텨,152,[mot̚.pʌ.tʰjʌ],[mot̚.bʌ.tʰjʌ]
그래 우린,152,[kɯ.ɾɛ.u.ɾin],[gɯ.ɾɛ.u.ɾin]
그럼 뭔데,152,[kɯ.ɾʌm.mwʌn.te],[gɯ.ɾʌm.mwʌn.te]
거야 몇,152,[kʌ.ja.mjʌt̚],[gʌ.ja.mjʌt̚]
뭐라고 했니,152,[mwʌ.ɾa.ko.hɛt̚.ni],[mwʌ.ɾa.go.hɛt̚.ni]
전 그게,152,[tʃʌŋ.kɯ.ke],[dʒʌn.gɯ.ge]
같은 시간에,152,[kat̚.ɯn.si.kan.e],[gat̚.ɯn.si.gan.e]
성령의 이름으로,152,[sʌŋ.ɾjʌŋ.ɯi.i.ɾɯm.ɯ.ɾo],[sʌŋ.ɾjʌŋ.ɯi.i.ɾɯm.ɯ.ɾo]
우리는 그의,152,[u.ɾi.nɯŋ.kɯ.ɯi],[u.ɾi.nɯn.gɯ.ɯi]
문제가 안,152,[mun.tʃe.ka.an],[mun.tʃe.ga.an]
동안 계속,152,[toŋ.aŋ.kje.sok̚],[doŋ.an.gje.sok̚]
Don''t you,151,,
돈 내놔,151,[ton.nɛ.nwa],[don.nɛ.nwa]
거죠 그게,151,[kʌ.tʃjo.kɯ.ke],[gʌ.dʒjo.gɯ.ge]
내가 하려는,151,[nɛ.ka.ha.ɾjʌ.nɯn],[nɛ.ga.ha.ɾjʌ.nɯn]
갖게 될,151,[kat̚.ke.twel],[gat̚.ke.dwel]
일이 일어나는,151,[il.i.il.ʌ.na.nɯn],[il.i.il.ʌ.na.nɯn]
가장 훌륭한,151,[ka.tʃaŋ.hul.ɾjuŋ.han],[ga.dʒaŋ.hul.ɾjuŋ.han]
그건 아직,151,[kɯ.kʌn.a.tʃik̚],[gɯ.gʌn.a.dʒik̚]
하는 일에,151,[ha.nɯn.il.e],[ha.nɯn.il.e]
없어 그러니까,151,[ʌp̚.ʌ.kɯ.ɾʌ.ni.k͈a],[ʌp̚.ʌ.gɯ.ɾʌ.ni.k͈a]
할 수 없다는,151,[hal.su.ʌp̚.ta.nɯn],[hal.su.ʌp̚.ta.nɯn]
왜 우리를,151,[wɛ.u.ɾi.ɾɯl],[wɛ.u.ɾi.ɾɯl]
상황에 따라,151,[saŋ.hwaŋ.e.t͈a.ɾa],[saŋ.hwaŋ.e.t͈a.ɾa]
지금 이렇게,151,[tʃi.kɯm.i.ɾʌt̚.ke],[dʒi.gɯm.i.ɾʌt̚.ke]
니가 그,151,[ni.ka.kɯ],[ni.ga.gɯ]
언제 마지막으로,151,[ʌn.tʃe.ma.tʃi.mak̚.ɯ.ɾo],[ʌn.tʃe.ma.dʒi.mak̚.ɯ.ɾo]
그 순간에,151,[kɯ.suŋ.kan.e],[gɯ.suŋ.kan.e]
의사 선생님이,151,[ɯi.sa.sʌn.sɛŋ.nim.i],[ɯi.sa.sʌn.sɛŋ.nim.i]
난 그러지,151,[naŋ.kɯ.ɾʌ.tʃi],[nan.gɯ.ɾʌ.dʒi]
돈 버는,151,[tom.pʌ.nɯn],[don.bʌ.nɯn]
내 영혼을,151,[nɛ.jʌŋ.hon.ɯl],[nɛ.jʌŋ.hon.ɯl]
있을지 몰라요,151,[it̚.ɯl.tʃi.mol.ɾa.jo],[it̚.ɯl.tʃi.mol.ɾa.jo]
줄 알,151,[tʃul.al],[dʒul.al]
집중 좀,151,[tʃip̚.tʃuŋ.tʃom],[dʒip̚.tʃuŋ.dʒom]
있도록 말이야,151,[it̚.to.ɾok̚.mal.i.ja],[it̚.to.ɾok̚.mal.i.ja]
여지가 없었어,151,[jʌ.tʃi.ka.ʌp̚.ʌt̚.ʌ],[jʌ.dʒi.ga.ʌp̚.ʌt̚.ʌ]
got it,151,,
있을 거고,151,[it̚.ɯl.kʌ.ko],[it̚.ɯl.gʌ.go]
사람을 죽이고,151,[sa.ɾam.ɯl.tʃuk̚.i.ko],[sa.ɾam.ɯl.dʒuk̚.i.go]
여기 혼자,151,[jʌ.ki.hon.tʃa],[jʌ.gi.hon.tʃa]
그런 소리를,151,[kɯ.ɾʌn.so.ɾi.ɾɯl],[gɯ.ɾʌn.so.ɾi.ɾɯl]
너희 엄마는,151,[nʌ.hɯi.ʌm.ma.nɯn],[nʌ.hɯi.ʌm.ma.nɯn]
거야 내일,151,[kʌ.ja.nɛ.il],[gʌ.ja.nɛ.il]
이런 곳에서,151,[i.ɾʌŋ.kot̚.e.sʌ],[i.ɾʌn.got̚.e.sʌ]
모두 네,151,[mo.tu.ne],[mo.du.ne]
일이 있고,151,[il.i.it̚.ko],[il.i.it̚.ko]
내 일,151,[nɛ.il],[nɛ.il]
me the,151,,
앞으로 몇,151,[ap̚.ɯ.ɾo.mjʌt̚],[ap̚.ɯ.ɾo.mjʌt̚]
이리로 와,151,[i.ɾi.ɾo.wa],[i.ɾi.ɾo.wa]
안 돼 이건,151,[an.twɛ.i.kʌn],[an.dwɛ.i.gʌn]
집으로 가자,151,[tʃip̚.ɯ.ɾo.ka.tʃa],[dʒip̚.ɯ.ɾo.ga.dʒa]
몇 년째,151,[mjʌt̚.njʌn.tʃ͈ɛ],[mjʌt̚.njʌn.tʃ͈ɛ]
I need you,151,,
뭐가 문제인지,151,[mwʌ.ka.mun.tʃe.in.tʃi],[mwʌ.ga.mun.tʃe.in.tʃi]
난 그렇게 생각,151,[naŋ.kɯ.ɾʌt̚.ke.sɛŋ.kak̚],[nan.gɯ.ɾʌt̚.ke.sɛŋ.gak̚]
어떻게 된 겁니까,151,[ʌ.t͈ʌt̚.ke.tweŋ.kʌp̚.ni.k͈a],[ʌ.t͈ʌt̚.ke.dwen.gʌp̚.ni.k͈a]
이 땅에,151,[i.t͈aŋ.e],[i.t͈aŋ.e]
있었기 때문에,151,[it̚.ʌt̚.ki.t͈ɛ.mun.e],[it̚.ʌt̚.ki.t͈ɛ.mun.e]
누가 우릴,151,[nu.ka.u.ɾil],[nu.ga.u.ɾil]
신음 소리,151,[sin.ɯm.so.ɾi],[sin.ɯm.so.ɾi]
만나야 해요,151,[man.na.ja.hɛ.jo],[man.na.ja.hɛ.jo]
난 이거,151,[nan.i.kʌ],[nan.i.gʌ]
up with,151,,
그냥 놔둬,151,[kɯ.njaŋ.nwa.twʌ],[gɯ.njaŋ.nwa.dwʌ]
일을 안,151,[il.ɯl.an],[il.ɯl.an]
필요 없는데,151,[pʰil.jo.ʌp̚.nɯn.te],[pʰil.jo.ʌp̚.nɯn.te]
마 이제,151,[ma.i.tʃe],[ma.i.dʒe]
원하는게 뭐야,151,[wʌn.ha.nɯŋ.ke.mwʌ.ja],[wʌn.ha.nɯŋ.ke.mwʌ.ja]
하나 봐,151,[ha.na.pwa],[ha.na.bwa]
꽤 큰,151,[k͈wɛ.kʰɯn],[k͈wɛ.kʰɯn]
항상 그,151,[haŋ.saŋ.kɯ],[haŋ.saŋ.gɯ]
잘하는 게,151,[tʃal.ha.nɯŋ.ke],[dʒal.ha.nɯn.ge]
그리고 정말,151,[kɯ.ɾi.ko.tʃʌŋ.mal],[gɯ.ɾi.go.dʒʌŋ.mal]
괜찮아 넌,151,[kwɛn.tʃʰan.a.nʌn],[gwɛn.tʃʰan.a.nʌn]
거부할 수,151,[kʌ.pu.hal.su],[gʌ.bu.hal.su]
하시는 거죠,151,[ha.si.nɯŋ.kʌ.tʃjo],[ha.si.nɯn.gʌ.dʒjo]
생각한 적,151,[sɛŋ.kak̚.han.tʃʌk̚],[sɛŋ.gak̚.han.dʒʌk̚]
널 도울 수,151,[nʌl.to.ul.su],[nʌl.do.ul.su]
생각 해,151,[sɛŋ.kak̚.hɛ],[sɛŋ.gak̚.hɛ]
걸 해,151,[kʌl.hɛ],[gʌl.hɛ]
마요 난,151,[ma.jo.nan],[ma.jo.nan]
계획을 세우고,151,[kje.hwek̚.ɯl.se.u.ko],[gje.hwek̚.ɯl.se.u.go]
있는 음악,151,[it̚.nɯn.ɯm.ak̚],[it̚.nɯn.ɯm.ak̚]
같아요 그래,151,[kat̚.a.jo.kɯ.ɾɛ],[gat̚.a.jo.gɯ.ɾɛ]
안 되겠죠,151,[an.twe.ket̚.tʃjo],[an.dwe.get̚.tʃjo]
바로 거기,151,[pa.ɾo.kʌ.ki],[ba.ɾo.gʌ.gi]
갔다 올게요,151,[kat̚.ta.ol.ke.jo],[gat̚.ta.ol.ke.jo]
그것을 위해,151,[kɯ.kʌt̚.ɯl.wi.hɛ],[gɯ.gʌt̚.ɯl.wi.hɛ]
그럼 뭐야,151,[kɯ.ɾʌm.mwʌ.ja],[gɯ.ɾʌm.mwʌ.ja]
그건 아닌 것,151,[kɯ.kʌn.a.niŋ.kʌt̚],[gɯ.gʌn.a.nin.gʌt̚]
시킨 대로,151,[si.kʰin.tɛ.ɾo],[si.kʰin.dɛ.ɾo]
오늘은 내가,151,[o.nɯl.ɯn.nɛ.ka],[o.nɯl.ɯn.nɛ.ga]
사람은 누구나,151,[sa.ɾam.ɯn.nu.ku.na],[sa.ɾam.ɯn.nu.gu.na]
다 알,151,[ta.al],[da.al]
있던 건,151,[it̚.tʌŋ.kʌn],[it̚.tʌn.gʌn]
우리가 이길,151,[u.ɾi.ka.i.kil],[u.ɾi.ga.i.gil]
같이 있었어요,151,[kat̚.i.it̚.ʌt̚.ʌ.jo],[gat̚.i.it̚.ʌt̚.ʌ.jo]
접속할 수,151,[tʃʌp̚.sok̚.hal.su],[dʒʌp̚.sok̚.hal.su]
거절할 수,151,[kʌ.tʃʌl.hal.su],[gʌ.dʒʌl.hal.su]
알게 되는,151,[al.ke.twe.nɯn],[al.ke.dwe.nɯn]
늦으면 안,151,[nɯt̚.ɯ.mjʌn.an],[nɯt̚.ɯ.mjʌn.an]
꿈을 계속,151,[k͈um.ɯl.kje.sok̚],[k͈um.ɯl.gje.sok̚]
죽일 거라고,151,[tʃuk̚.il.kʌ.ɾa.ko],[dʒuk̚.il.gʌ.ɾa.go]
말이 있다,151,[mal.i.it̚.ta],[mal.i.it̚.ta]
좀 쉬어야,150,[tʃom.swi.ʌ.ja],[dʒom.swi.ʌ.ja]
나는 아직,150,[na.nɯn.a.tʃik̚],[na.nɯn.a.dʒik̚]
않고 있습니다,150,[aŋ.ko.it̚.sɯp̚.ni.ta],[aŋ.ko.it̚.sɯp̚.ni.da]
피리 부는,150,[pʰi.ɾi.pu.nɯn],[pʰi.ɾi.bu.nɯn]
겁니다 지금,150,[kʌp̚.ni.ta.tʃi.kɯm],[gʌp̚.ni.da.dʒi.gɯm]
해요 당신이,150,[hɛ.jo.taŋ.sin.i],[hɛ.jo.daŋ.sin.i]
했어요 그럼,150,[hɛt̚.ʌ.jo.kɯ.ɾʌm],[hɛt̚.ʌ.jo.gɯ.ɾʌm]
친구가 아니야,150,[tʃʰiŋ.ku.ka.a.ni.ja],[tʃʰiŋ.ku.ga.a.ni.ja]
내가 알기로는,150,[nɛ.ka.al.ki.ɾo.nɯn],[nɛ.ga.al.ki.ɾo.nɯn]
비행기를 타고,150,[pi.hɛŋ.ki.ɾɯl.tʰa.ko],[bi.hɛŋ.gi.ɾɯl.tʰa.go]
안 좋은 일이,150,[an.tʃot̚.ɯn.il.i],[an.dʒot̚.ɯn.il.i]
해낼 수 있어,150,[hɛ.nɛl.su.it̚.ʌ],[hɛ.nɛl.su.it̚.ʌ]
숨을 후 내뱉는다,150,[sum.ɯl.hu.nɛ.pɛt̚.nɯn.ta],[sum.ɯl.hu.nɛ.bɛt̚.nɯn.ta]
괜찮아요 그냥,150,[kwɛn.tʃʰan.a.jo.kɯ.njaŋ],[gwɛn.tʃʰan.a.jo.gɯ.njaŋ]
우리가 그런,150,[u.ɾi.ka.kɯ.ɾʌn],[u.ɾi.ga.gɯ.ɾʌn]
그는 나의,150,[kɯ.nɯn.na.ɯi],[gɯ.nɯn.na.ɯi]
좀 줘봐,150,[tʃon.tʃwʌ.pwa],[dʒom.dʒwʌ.bwa]
정말 좋아해요,150,[tʃʌŋ.mal.tʃot̚.a.hɛ.jo],[dʒʌŋ.mal.dʒot̚.a.hɛ.jo]
거 난,150,[kʌ.nan],[gʌ.nan]
다른 쪽,150,[ta.ɾɯn.tʃ͈ok̚],[da.ɾɯn.tʃ͈ok̚]
이리 오너라,150,[i.ɾi.o.nʌ.ɾa],[i.ɾi.o.nʌ.ɾa]
알고 싶은 건,150,[al.ko.sip̚.ɯŋ.kʌn],[al.ko.sip̚.ɯn.gʌn]
할 수 있습니까,150,[hal.su.it̚.sɯp̚.ni.k͈a],[hal.su.it̚.sɯp̚.ni.k͈a]
저쪽으로 가,150,[tʃʌ.tʃ͈ok̚.ɯ.ɾo.ka],[dʒʌ.tʃ͈ok̚.ɯ.ɾo.ga]
배 안 고파,150,[pɛ.aŋ.ko.pʰa],[bɛ.an.go.pʰa]
아니라는 거,150,[a.ni.ɾa.nɯŋ.kʌ],[a.ni.ɾa.nɯn.gʌ]
집에 왔어,150,[tʃip̚.e.wat̚.ʌ],[dʒip̚.e.wat̚.ʌ]
지나지 않아,150,[tʃi.na.tʃi.an.a],[dʒi.na.dʒi.an.a]
알아 이,150,[al.a.i],[al.a.i]
아니면 누가,150,[a.ni.mjʌn.nu.ka],[a.ni.mjʌn.nu.ga]
수가 없군요,150,[su.ka.ʌp̚.kun.jo],[su.ga.ʌp̚.kun.jo]
I don''t want to,150,,
보자 그래,150,[po.tʃa.kɯ.ɾɛ],[bo.dʒa.gɯ.ɾɛ]
하지 난,150,[ha.tʃi.nan],[ha.dʒi.nan]
소리 질러,150,[so.ɾi.tʃil.ɾʌ],[so.ɾi.dʒil.ɾʌ]
도움이 된다면,150,[to.um.i.twen.ta.mjʌn],[do.um.i.dwen.ta.mjʌn]
저와 제,150,[tʃʌ.wa.tʃe],[dʒʌ.wa.dʒe]
다 죽여,150,[ta.tʃuk̚.jʌ],[da.dʒuk̚.jʌ]
보기만 해도,150,[po.ki.man.hɛ.to],[bo.gi.man.hɛ.do]
알지 못한다,150,[al.tʃi.mot̚.han.ta],[al.tʃi.mot̚.han.ta]
정말 그렇게 생각해,150,[tʃʌŋ.mal.kɯ.ɾʌt̚.ke.sɛŋ.kak̚.hɛ],[dʒʌŋ.mal.gɯ.ɾʌt̚.ke.sɛŋ.gak̚.hɛ]
있어야 합니다,150,[it̚.ʌ.ja.hap̚.ni.ta],[it̚.ʌ.ja.hap̚.ni.da]
원했던 건,150,[wʌn.hɛt̚.tʌŋ.kʌn],[wʌn.hɛt̚.tʌn.gʌn]
여자에 대해,150,[jʌ.tʃa.e.tɛ.hɛ],[jʌ.dʒa.e.dɛ.hɛ]
이 나라가,150,[i.na.ɾa.ka],[i.na.ɾa.ga]
닥치고 있어,150,[tak̚.tʃʰi.ko.it̚.ʌ],[dak̚.tʃʰi.go.it̚.ʌ]
그런 말도,150,[kɯ.ɾʌn.mal.to],[gɯ.ɾʌn.mal.to]
잠깐만 기다려요,150,[tʃam.k͈an.maŋ.ki.ta.ɾjʌ.jo],[dʒam.k͈an.man.gi.da.ɾjʌ.jo]
알아 우리,150,[al.a.u.ɾi],[al.a.u.ɾi]
손을 맞잡고,150,[son.ɯl.mat̚.tʃap̚.ko],[son.ɯl.mat̚.tʃap̚.ko]
넌 누구지,150,[nʌn.nu.ku.tʃi],[nʌn.nu.gu.dʒi]
다시 전화,150,[ta.si.tʃʌn.hwa],[da.si.dʒʌn.hwa]
다른 건요,150,[ta.ɾɯŋ.kʌn.jo],[da.ɾɯn.gʌn.jo]
말 있어요,150,[mal.it̚.ʌ.jo],[mal.it̚.ʌ.jo]
당신이 그런,150,[taŋ.sin.i.kɯ.ɾʌn],[daŋ.sin.i.gɯ.ɾʌn]
너는 너의,150,[nʌ.nɯn.nʌ.ɯi],[nʌ.nɯn.nʌ.ɯi]
드높이 내걸고 迷いのない旗を高く掲げて,150,[tɯ.nop̚.i.nɛ.kʌl.ko],[dɯ.nop̚.i.nɛ.gʌl.ko]
진실을 말해,150,[tʃin.sil.ɯl.mal.hɛ],[dʒin.sil.ɯl.mal.hɛ]
가서 확인해,150,[ka.sʌ.hwak̚.in.hɛ],[ga.sʌ.hwak̚.in.hɛ]
거 아니냐,150,[kʌ.a.ni.nja],[gʌ.a.ni.nja]
얼굴 보고,150,[ʌl.kul.po.ko],[ʌl.kul.bo.go]
네 번,150,[ne.pʌn],[ne.bʌn]
말하는 것을,150,[mal.ha.nɯŋ.kʌt̚.ɯl],[mal.ha.nɯn.gʌt̚.ɯl]
내걸고 迷いのない旗を高く掲げて 망설임 없는,150,[nɛ.kʌl.ko.maŋ.sʌl.im.ʌp̚.nɯn],[nɛ.gʌl.ko.maŋ.sʌl.im.ʌp̚.nɯn]
안전하지 않아요,150,[an.tʃʌn.ha.tʃi.an.a.jo],[an.tʃʌn.ha.dʒi.an.a.jo]
무슨 짓을 한 거지,150,[mu.sɯn.tʃit̚.ɯl.haŋ.kʌ.tʃi],[mu.sɯn.dʒit̚.ɯl.han.gʌ.dʒi]
그러지 않을 거야,150,[kɯ.ɾʌ.tʃi.an.ɯl.kʌ.ja],[gɯ.ɾʌ.dʒi.an.ɯl.gʌ.ja]
그렇게 할 거야,150,[kɯ.ɾʌt̚.ke.hal.kʌ.ja],[gɯ.ɾʌt̚.ke.hal.gʌ.ja]
사람 아니야,150,[sa.ɾam.a.ni.ja],[sa.ɾam.a.ni.ja]
술을 마시고,150,[sul.ɯl.ma.si.ko],[sul.ɯl.ma.si.go]
있던 그,150,[it̚.tʌŋ.kɯ],[it̚.tʌn.gɯ]
일이 뭔지,150,[il.i.mwʌn.tʃi],[il.i.mwʌn.tʃi]
보고 있습니다,150,[po.ko.it̚.sɯp̚.ni.ta],[bo.go.it̚.sɯp̚.ni.da]
너는 나에게,150,[nʌ.nɯn.na.e.ke],[nʌ.nɯn.na.e.ge]
당신이 필요해,150,[taŋ.sin.i.pʰil.jo.hɛ],[daŋ.sin.i.pʰil.jo.hɛ]
드높이 내걸고 迷いのない旗を高く掲げて 망설임,150,[tɯ.nop̚.i.nɛ.kʌl.ko.maŋ.sʌl.im],[dɯ.nop̚.i.nɛ.gʌl.ko.maŋ.sʌl.im]
리가 없죠,150,[ɾi.ka.ʌp̚.tʃjo],[ɾi.ga.ʌp̚.tʃjo]
있는 작은,150,[it̚.nɯn.tʃak̚.ɯn],[it̚.nɯn.dʒak̚.ɯn]
쓰여 있어,150,[s͈ɯ.jʌ.it̚.ʌ],[s͈ɯ.jʌ.it̚.ʌ]
살아갈 수,150,[sal.a.kal.su],[sal.a.gal.su]
내 감정을,150,[nɛ.kan.tʃʌŋ.ɯl],[nɛ.gan.tʃʌŋ.ɯl]
수 있었지만,150,[su.it̚.ʌt̚.tʃi.man],[su.it̚.ʌt̚.tʃi.man]
중 하나일,150,[tʃuŋ.ha.na.il],[dʒuŋ.ha.na.il]
돼 날,150,[twɛ.nal],[dwɛ.nal]
얘기를 한,150,[jɛ.ki.ɾɯl.han],[jɛ.gi.ɾɯl.han]
걸 알지,150,[kʌl.al.tʃi],[gʌl.al.tʃi]
좀 하자고,150,[tʃom.ha.tʃa.ko],[dʒom.ha.dʒa.go]
I think I,150,,
믿거나 말거나,150,[mit̚.kʌ.na.mal.kʌ.na],[mit̚.kʌ.na.mal.kʌ.na]
내걸고 迷いのない旗を高く掲げて 망설임,150,[nɛ.kʌl.ko.maŋ.sʌl.im],[nɛ.gʌl.ko.maŋ.sʌl.im]
없었던 것,150,[ʌp̚.ʌt̚.tʌŋ.kʌt̚],[ʌp̚.ʌt̚.tʌn.gʌt̚]
어디를 가든,150,[ʌ.ti.ɾɯl.ka.tɯn],[ʌ.di.ɾɯl.ga.dɯn]
me that,150,,
그들이 내,150,[kɯ.tɯl.i.nɛ],[gɯ.dɯl.i.nɛ]
사람에 대한,150,[sa.ɾam.e.tɛ.han],[sa.ɾam.e.dɛ.han]
또 이런,150,[t͈o.i.ɾʌn],[t͈o.i.ɾʌn]
내가 자네,150,[nɛ.ka.tʃa.ne],[nɛ.ga.dʒa.ne]
내걸고 迷いのない旗を高く掲げて,150,[nɛ.kʌl.ko],[nɛ.gʌl.ko]
안 봐요,150,[am.pwa.jo],[an.bwa.jo]
당신은 어떤,150,[taŋ.sin.ɯn.ʌ.t͈ʌn],[daŋ.sin.ɯn.ʌ.t͈ʌn]
하지만 무슨,150,[ha.tʃi.man.mu.sɯn],[ha.dʒi.man.mu.sɯn]
죽이려 했어,150,[tʃuk̚.i.ɾjʌ.hɛt̚.ʌ],[dʒuk̚.i.ɾjʌ.hɛt̚.ʌ]
깃발을 드높이 내걸고 迷いのない旗を高く掲げて,150,[kit̚.pal.ɯl.tɯ.nop̚.i.nɛ.kʌl.ko],[git̚.pal.ɯl.dɯ.nop̚.i.nɛ.gʌl.ko]
이동 중,150,[i.toŋ.tʃuŋ],[i.doŋ.dʒuŋ]
꺼내지 마,150,[k͈ʌ.nɛ.tʃi.ma],[k͈ʌ.nɛ.dʒi.ma]
적이 없다고,150,[tʃʌk̚.i.ʌp̚.ta.ko],[dʒʌk̚.i.ʌp̚.ta.go]
봐야 돼,150,[pwa.ja.twɛ],[bwa.ja.dwɛ]
거야 아마,150,[kʌ.ja.a.ma],[gʌ.ja.a.ma]
없다 이,150,[ʌp̚.ta.i],[ʌp̚.ta.i]
필요로 할,150,[pʰil.jo.ɾo.hal],[pʰil.jo.ɾo.hal]
말았어야 했는데,150,[mal.at̚.ʌ.ja.hɛt̚.nɯn.te],[mal.at̚.ʌ.ja.hɛt̚.nɯn.te]
뭐 좀 알아냈어,150,[mwʌ.tʃom.al.a.nɛt̚.ʌ],[mwʌ.dʒom.al.a.nɛt̚.ʌ]
어디 있는지 말해,149,[ʌ.ti.it̚.nɯn.tʃi.mal.hɛ],[ʌ.di.it̚.nɯn.tʃi.mal.hɛ]
하지만 난 네가,149,[ha.tʃi.man.nan.ne.ka],[ha.dʒi.man.nan.ne.ga]
번 정도,149,[pʌn.tʃʌŋ.to],[bʌn.dʒʌŋ.do]
거예요 아니,149,[kʌ.je.jo.a.ni],[gʌ.je.jo.a.ni]
수 있는 사람을,149,[su.it̚.nɯn.sa.ɾam.ɯl],[su.it̚.nɯn.sa.ɾam.ɯl]
진짜 짜증,149,[tʃin.tʃ͈a.tʃ͈a.tʃɯŋ],[dʒin.tʃ͈a.tʃ͈a.dʒɯŋ]
제 동생,149,[tʃe.toŋ.sɛŋ],[dʒe.doŋ.sɛŋ]
알게 됐지,149,[al.ke.twɛt̚.tʃi],[al.ke.dwɛt̚.tʃi]
내가 아끼는,149,[nɛ.ka.a.k͈i.nɯn],[nɛ.ga.a.k͈i.nɯn]
넌 해고야,149,[nʌn.hɛ.ko.ja],[nʌn.hɛ.go.ja]
별 볼,149,[pjʌl.pol],[bjʌl.bol]
놀고 있어,149,[nol.ko.it̚.ʌ],[nol.ko.it̚.ʌ]
옌하오 오빠,149,[jen.ha.o.o.p͈a],[jen.ha.o.o.p͈a]
거 확실해,149,[kʌ.hwak̚.sil.hɛ],[gʌ.hwak̚.sil.hɛ]
외람된 말씀이지만,149,[we.ɾan.twen.mal.s͈ɯm.i.tʃi.man],[we.ɾan.twen.mal.s͈ɯm.i.dʒi.man]
그럼 저는,149,[kɯ.ɾʌn.tʃʌ.nɯn],[gɯ.ɾʌm.dʒʌ.nɯn]
일이 생길지,149,[il.i.sɛŋ.kil.tʃi],[il.i.sɛŋ.gil.tʃi]
영향력 있는,149,[jʌŋ.hjaŋ.ɾjʌk̚.it̚.nɯn],[jʌŋ.hjaŋ.ɾjʌk̚.it̚.nɯn]
알아내기 위해,149,[al.a.nɛ.ki.wi.hɛ],[al.a.nɛ.gi.wi.hɛ]
비밀 하나,149,[pi.mil.ha.na],[bi.mil.ha.na]
see the,149,,
with my,149,,
힘든 시간을,149,[hin.tɯn.si.kan.ɯl],[hin.tɯn.si.gan.ɯl]
그런 짓은,149,[kɯ.ɾʌn.tʃit̚.ɯn],[gɯ.ɾʌn.dʒit̚.ɯn]
네 머리,149,[ne.mʌ.ɾi],[ne.mʌ.ɾi]
이 자리를,149,[i.tʃa.ɾi.ɾɯl],[i.dʒa.ɾi.ɾɯl]
도움이 안 돼요,149,[to.um.i.an.twɛ.jo],[do.um.i.an.dwɛ.jo]
생각 했어,149,[sɛŋ.kak̚.hɛt̚.ʌ],[sɛŋ.gak̚.hɛt̚.ʌ]
그렇게 부르지 마,149,[kɯ.ɾʌt̚.ke.pu.ɾɯ.tʃi.ma],[gɯ.ɾʌt̚.ke.bu.ɾɯ.dʒi.ma]
당신을 믿어요,149,[taŋ.sin.ɯl.mit̚.ʌ.jo],[daŋ.sin.ɯl.mit̚.ʌ.jo]
솔직히 난,149,[sol.tʃik̚.hi.nan],[sol.tʃik̚.hi.nan]
바꿀 수 있어,149,[pa.k͈ul.su.it̚.ʌ],[ba.k͈ul.su.it̚.ʌ]
거예요 오늘,149,[kʌ.je.jo.o.nɯl],[gʌ.je.jo.o.nɯl]
거 아니고,149,[kʌ.a.ni.ko],[gʌ.a.ni.go]
그것은 무엇일까요,149,[kɯ.kʌt̚.ɯn.mu.ʌt̚.il.k͈a.jo],[gɯ.gʌt̚.ɯn.mu.ʌt̚.il.k͈a.jo]
받은 것,149,[pat̚.ɯŋ.kʌt̚],[bat̚.ɯn.gʌt̚]
나랑 같이 가자,149,[na.ɾaŋ.kat̚.i.ka.tʃa],[na.ɾaŋ.gat̚.i.ga.dʒa]
걸 좋아하지,149,[kʌl.tʃot̚.a.ha.tʃi],[gʌl.dʒot̚.a.ha.dʒi]
수 있는 방법을,149,[su.it̚.nɯm.pam.pʌp̚.ɯl],[su.it̚.nɯn.baŋ.bʌp̚.ɯl]
어떻게 그게,149,[ʌ.t͈ʌt̚.ke.kɯ.ke],[ʌ.t͈ʌt̚.ke.gɯ.ge]
숨을 쉴,149,[sum.ɯl.swil],[sum.ɯl.swil]
그 표정,149,[kɯ.pʰjo.tʃʌŋ],[gɯ.pʰjo.dʒʌŋ]
했던 게,149,[hɛt̚.tʌŋ.ke],[hɛt̚.tʌn.ge]
on this,149,,
그리고 그들을,149,[kɯ.ɾi.ko.kɯ.tɯl.ɯl],[gɯ.ɾi.go.gɯ.dɯl.ɯl]
집 앞에서,149,[tʃip̚.ap̚.e.sʌ],[dʒip̚.ap̚.e.sʌ]
필요도 없고,149,[pʰil.jo.to.ʌp̚.ko],[pʰil.jo.do.ʌp̚.ko]
배워야 해,149,[pɛ.wʌ.ja.hɛ],[bɛ.wʌ.ja.hɛ]
죽음에 대한,149,[tʃuk̚.ɯm.e.tɛ.han],[dʒuk̚.ɯm.e.dɛ.han]
때 엄마가,149,[t͈ɛ.ʌm.ma.ka],[t͈ɛ.ʌm.ma.ga]
우리 둘 중,149,[u.ɾi.tul.tʃuŋ],[u.ɾi.dul.dʒuŋ]
아무 이유 없이,149,[a.mu.i.ju.ʌp̚.i],[a.mu.i.ju.ʌp̚.i]
그들은 더,149,[kɯ.tɯl.ɯn.tʌ],[gɯ.dɯl.ɯn.dʌ]
그래 아니,149,[kɯ.ɾɛ.a.ni],[gɯ.ɾɛ.a.ni]
너희 집에,149,[nʌ.hɯi.tʃip̚.e],[nʌ.hɯi.dʒip̚.e]
꿈을 꿨어,149,[k͈um.ɯl.k͈wʌt̚.ʌ],[k͈um.ɯl.k͈wʌt̚.ʌ]
어떤 상황인지,149,[ʌ.t͈ʌn.saŋ.hwaŋ.in.tʃi],[ʌ.t͈ʌn.saŋ.hwaŋ.in.tʃi]
죽을 거라고,149,[tʃuk̚.ɯl.kʌ.ɾa.ko],[dʒuk̚.ɯl.gʌ.ɾa.go]
것처럼 보입니다,149,[kʌt̚.tʃʰʌ.ɾʌm.po.ip̚.ni.ta],[gʌt̚.tʃʰʌ.ɾʌm.bo.ip̚.ni.da]
한 명과,149,[han.mjʌŋ.kwa],[han.mjʌŋ.gwa]
침대에 누워,149,[tʃʰin.tɛ.e.nu.wʌ],[tʃʰin.tɛ.e.nu.wʌ]
제 일은,149,[tʃe.il.ɯn],[dʒe.il.ɯn]
짓을 했어요,149,[tʃit̚.ɯl.hɛt̚.ʌ.jo],[dʒit̚.ɯl.hɛt̚.ʌ.jo]
do I,149,,
그렇다 해도,149,[kɯ.ɾʌt̚.ta.hɛ.to],[gɯ.ɾʌt̚.ta.hɛ.do]
정말 예뻐요,149,[tʃʌŋ.mal.je.p͈ʌ.jo],[dʒʌŋ.mal.je.p͈ʌ.jo]
잘 돌봐,149,[tʃal.tol.pwa],[dʒal.dol.pwa]
거지 그래서,149,[kʌ.tʃi.kɯ.ɾɛ.sʌ],[gʌ.dʒi.gɯ.ɾɛ.sʌ]
아니 안,149,[a.ni.an],[a.ni.an]
안녕 난,149,[an.njʌŋ.nan],[an.njʌŋ.nan]
피를 많이,149,[pʰi.ɾɯl.man.i],[pʰi.ɾɯl.man.i]
주는 걸,149,[tʃu.nɯŋ.kʌl],[dʒu.nɯn.gʌl]
그런 말 한 적,149,[kɯ.ɾʌn.mal.han.tʃʌk̚],[gɯ.ɾʌn.mal.han.dʒʌk̚]
가만히 계세요,149,[ka.man.hi.kje.se.jo],[ga.man.hi.gje.se.jo]
we go,149,,
잘 지내죠,149,[tʃal.tʃi.nɛ.tʃjo],[dʒal.dʒi.nɛ.dʒjo]
다 먹어,149,[ta.mʌk̚.ʌ],[da.mʌk̚.ʌ]
여기 있죠,149,[jʌ.ki.it̚.tʃjo],[jʌ.gi.it̚.tʃjo]
그 문제에,149,[kɯ.mun.tʃe.e],[gɯ.mun.tʃe.e]
했을 겁니다,149,[hɛt̚.ɯl.kʌp̚.ni.ta],[hɛt̚.ɯl.gʌp̚.ni.da]
전화 줘,149,[tʃʌn.hwa.tʃwʌ],[dʒʌn.hwa.dʒwʌ]
do we,149,,
있었을 것이다,149,[it̚.ʌt̚.ɯl.kʌt̚.i.ta],[it̚.ʌt̚.ɯl.gʌt̚.i.da]
기다리고 있었다,149,[ki.ta.ɾi.ko.it̚.ʌt̚.ta],[gi.da.ɾi.go.it̚.ʌt̚.ta]
오후 내내,149,[o.hu.nɛ.nɛ],[o.hu.nɛ.nɛ]
지켜보고 있어,149,[tʃi.kʰjʌ.po.ko.it̚.ʌ],[dʒi.kʰjʌ.bo.go.it̚.ʌ]
이런 말도,149,[i.ɾʌn.mal.to],[i.ɾʌn.mal.to]
주고 싶어요,149,[tʃu.ko.sip̚.ʌ.jo],[dʒu.go.sip̚.ʌ.jo]
하나 하지,149,[ha.na.ha.tʃi],[ha.na.ha.dʒi]
건데 같이,149,[kʌn.te.kat̚.i],[gʌn.te.gat̚.i]
절 위해,149,[tʃʌl.wi.hɛ],[dʒʌl.wi.hɛ]
넌 아무것도 몰라,149,[nʌn.a.mu.kʌt̚.to.mol.ɾa],[nʌn.a.mu.gʌt̚.to.mol.ɾa]
아마짱 제,149,[a.ma.tʃ͈aŋ.tʃe],[a.ma.tʃ͈aŋ.dʒe]
당신은 뭘,149,[taŋ.sin.ɯn.mwʌl],[daŋ.sin.ɯn.mwʌl]
않았다는 걸,149,[an.at̚.ta.nɯŋ.kʌl],[an.at̚.ta.nɯn.gʌl]
미안해요 난,149,[mi.an.hɛ.jo.nan],[mi.an.hɛ.jo.nan]
다 어떻게,149,[ta.ʌ.t͈ʌt̚.ke],[da.ʌ.t͈ʌt̚.ke]
알잖아 내가,149,[al.tʃan.a.nɛ.ka],[al.tʃan.a.nɛ.ga]
거예요 그런데,149,[kʌ.je.jo.kɯ.ɾʌn.te],[gʌ.je.jo.gɯ.ɾʌn.te]
이렇게 되는,149,[i.ɾʌt̚.ke.twe.nɯn],[i.ɾʌt̚.ke.dwe.nɯn]
가까이 있어,149,[ka.k͈a.i.it̚.ʌ],[ga.k͈a.i.it̚.ʌ]
우리는 결코,149,[u.ɾi.nɯŋ.kjʌl.kʰo],[u.ɾi.nɯn.gjʌl.kʰo]
어디 있나요,149,[ʌ.ti.it̚.na.jo],[ʌ.di.it̚.na.jo]
다 이,149,[ta.i],[da.i]
당신은 누구시죠,149,[taŋ.sin.ɯn.nu.ku.si.tʃjo],[daŋ.sin.ɯn.nu.gu.si.dʒjo]
안 드는,149,[an.tɯ.nɯn],[an.dɯ.nɯn]
난 아무 데도 안,149,[nan.a.mu.te.to.an],[nan.a.mu.de.do.an]
최춘희 씨,149,[tʃʰwe.tʃʰun.hɯi.s͈i],[tʃʰwe.tʃʰun.hɯi.s͈i]
잔잔한 음악이 흘러나온다,149,[tʃan.tʃan.han.ɯm.ak̚.i.hɯl.ɾʌ.na.on.ta],[dʒan.tʃan.han.ɯm.ak̚.i.hɯl.ɾʌ.na.on.ta]
된다는 건,149,[twen.ta.nɯŋ.kʌn],[dwen.ta.nɯn.gʌn]
당신은 그녀를,149,[taŋ.sin.ɯŋ.kɯ.njʌ.ɾɯl],[daŋ.sin.ɯn.gɯ.njʌ.ɾɯl]
맞아요 그럼,149,[mat̚.a.jo.kɯ.ɾʌm],[mat̚.a.jo.gɯ.ɾʌm]
온 것 같아,149,[oŋ.kʌt̚.kat̚.a],[on.gʌt̚.gat̚.a]
제일 많이,149,[tʃe.il.man.i],[dʒe.il.man.i]
마음에 드네,149,[ma.ɯm.e.tɯ.ne],[ma.ɯm.e.dɯ.ne]
도대체 무슨 일이야,148,[to.tɛ.tʃʰe.mu.sɯn.il.i.ja],[do.dɛ.tʃʰe.mu.sɯn.il.i.ja]
이거 뭐,148,[i.kʌ.mwʌ],[i.gʌ.mwʌ]
이 회사,148,[i.hwe.sa],[i.hwe.sa]
우리 앞에,148,[u.ɾi.ap̚.e],[u.ɾi.ap̚.e]
모른 척,148,[mo.ɾɯn.tʃʰʌk̚],[mo.ɾɯn.tʃʰʌk̚]
자리 좀 비켜,148,[tʃa.ɾi.tʃom.pi.kʰjʌ],[dʒa.ɾi.dʒom.bi.kʰjʌ]
설 수,148,[sʌl.su],[sʌl.su]
일이 있었나,148,[il.i.it̚.ʌt̚.na],[il.i.it̚.ʌt̚.na]
기회를 주지,148,[ki.hwe.ɾɯl.tʃu.tʃi],[gi.hwe.ɾɯl.dʒu.dʒi]
가자 그래,148,[ka.tʃa.kɯ.ɾɛ],[ga.dʒa.gɯ.ɾɛ]
좀 내버려 둬,148,[tʃom.nɛ.pʌ.ɾjʌ.twʌ],[dʒom.nɛ.bʌ.ɾjʌ.dwʌ]
싶지도 않아,148,[sip̚.tʃi.to.an.a],[sip̚.tʃi.do.an.a]
있어요 근데,148,[it̚.ʌ.jo.kɯn.te],[it̚.ʌ.jo.gɯn.te]
There is,148,,
있어 너도,148,[it̚.ʌ.nʌ.to],[it̚.ʌ.nʌ.do]
좀 기다려,148,[tʃom.ki.ta.ɾjʌ],[dʒom.gi.da.ɾjʌ]
못 쓰게,148,[mot̚.s͈ɯ.ke],[mot̚.s͈ɯ.ge]
딴 사람,148,[t͈an.sa.ɾam],[t͈an.sa.ɾam]
하고 있잖아요,148,[ha.ko.it̚.tʃan.a.jo],[ha.go.it̚.tʃan.a.jo]
용서해 주세요,148,[joŋ.sʌ.hɛ.tʃu.se.jo],[joŋ.sʌ.hɛ.dʒu.se.jo]
not going,148,,
수도 있었다,148,[su.to.it̚.ʌt̚.ta],[su.do.it̚.ʌt̚.ta]
하지만 잘,148,[ha.tʃi.man.tʃal],[ha.dʒi.man.dʒal]
건 아닌 것,148,[kʌn.a.niŋ.kʌt̚],[gʌn.a.nin.gʌt̚]
어느 것도,148,[ʌ.nɯ.kʌt̚.to],[ʌ.nɯ.gʌt̚.to]
날 것,148,[nal.kʌt̚],[nal.gʌt̚]
그래서 이게,148,[kɯ.ɾɛ.sʌ.i.ke],[gɯ.ɾɛ.sʌ.i.ge]
해도 안,148,[hɛ.to.an],[hɛ.do.an]
그 생각,148,[kɯ.sɛŋ.kak̚],[gɯ.sɛŋ.gak̚]
좋은 일은,148,[tʃot̚.ɯn.il.ɯn],[dʒot̚.ɯn.il.ɯn]
이제 못,148,[i.tʃe.mot̚],[i.dʒe.mot̚]
했어 우리,148,[hɛt̚.ʌ.u.ɾi],[hɛt̚.ʌ.u.ɾi]
일을 하다,148,[il.ɯl.ha.ta],[il.ɯl.ha.da]
무슨 뜻인지 알아,148,[mu.sɯn.t͈ɯt̚.in.tʃi.al.a],[mu.sɯn.t͈ɯt̚.in.tʃi.al.a]
제발 부탁이야,148,[tʃe.pal.pu.tʰak̚.i.ja],[dʒe.bal.bu.tʰak̚.i.ja]
안 써도,148,[an.s͈ʌ.to],[an.s͈ʌ.do]
해서 죄송합니다,148,[hɛ.sʌ.tʃwe.soŋ.hap̚.ni.ta],[hɛ.sʌ.dʒwe.soŋ.hap̚.ni.da]
감히 날,148,[kam.hi.nal],[gam.hi.nal]
Give me,148,,
확인해 봐요,148,[hwak̚.in.hɛ.pwa.jo],[hwak̚.in.hɛ.bwa.jo]
하지만 그냥,148,[ha.tʃi.maŋ.kɯ.njaŋ],[ha.dʒi.man.gɯ.njaŋ]
왜 여기 있지,148,[wɛ.jʌ.ki.it̚.tʃi],[wɛ.jʌ.gi.it̚.tʃi]
이제 나,148,[i.tʃe.na],[i.dʒe.na]
있어 진짜,148,[it̚.ʌ.tʃin.tʃ͈a],[it̚.ʌ.dʒin.tʃ͈a]
게 뭐든,148,[ke.mwʌ.tɯn],[ge.mwʌ.dɯn]
제 남편은,148,[tʃe.nam.pʰjʌn.ɯn],[dʒe.nam.pʰjʌn.ɯn]
마지막으로 봤을,148,[ma.tʃi.mak̚.ɯ.ɾo.pwat̚.ɯl],[ma.dʒi.mak̚.ɯ.ɾo.bwat̚.ɯl]
주는 거죠,148,[tʃu.nɯŋ.kʌ.tʃjo],[dʒu.nɯn.gʌ.dʒjo]
건 아무도,148,[kʌn.a.mu.to],[gʌn.a.mu.do]
돼 너무,148,[twɛ.nʌ.mu],[dwɛ.nʌ.mu]
걷잡을 수,148,[kʌt̚.tʃap̚.ɯl.su],[gʌt̚.tʃap̚.ɯl.su]
아뇨 전,148,[a.njo.tʃʌn],[a.njo.dʒʌn]
여기가 바로,148,[jʌ.ki.ka.pa.ɾo],[jʌ.gi.ga.ba.ɾo]
이름을 말해,148,[i.ɾɯm.ɯl.mal.hɛ],[i.ɾɯm.ɯl.mal.hɛ]
이 땅을,148,[i.t͈aŋ.ɯl],[i.t͈aŋ.ɯl]
오늘 일은,148,[o.nɯl.il.ɯn],[o.nɯl.il.ɯn]
때도 있어요,148,[t͈ɛ.to.it̚.ʌ.jo],[t͈ɛ.do.it̚.ʌ.jo]
술 마실,148,[sul.ma.sil],[sul.ma.sil]
이렇게 일찍,148,[i.ɾʌt̚.ke.il.tʃ͈ik̚],[i.ɾʌt̚.ke.il.tʃ͈ik̚]
마 다,148,[ma.ta],[ma.da]
수 없기,148,[su.ʌp̚.ki],[su.ʌp̚.ki]
늦은 시간에,148,[nɯt̚.ɯn.si.kan.e],[nɯt̚.ɯn.si.gan.e]
늦어서 미안,148,[nɯt̚.ʌ.sʌ.mi.an],[nɯt̚.ʌ.sʌ.mi.an]
네가 보고,148,[ne.ka.po.ko],[ne.ga.bo.go]
수 없다는 거,148,[su.ʌp̚.ta.nɯŋ.kʌ],[su.ʌp̚.ta.nɯn.gʌ]
시간이 많지,148,[si.kan.i.man.tʃi],[si.gan.i.man.tʃi]
만 명,148,[man.mjʌŋ],[man.mjʌŋ]
난 여기가,148,[nan.jʌ.ki.ka],[nan.jʌ.gi.ga]
당신을 못,148,[taŋ.sin.ɯl.mot̚],[daŋ.sin.ɯl.mot̚]
당신을 어떻게,148,[taŋ.sin.ɯl.ʌ.t͈ʌt̚.ke],[daŋ.sin.ɯl.ʌ.t͈ʌt̚.ke]
나한테 안,148,[na.han.tʰe.an],[na.han.tʰe.an]
Excuse me,148,,
무슨 소리에요,148,[mu.sɯn.so.ɾi.e.jo],[mu.sɯn.so.ɾi.e.jo]
나 자신에게,148,[na.tʃa.sin.e.ke],[na.dʒa.sin.e.ge]
I''m the,148,,
하면 됩니다,148,[ha.mjʌn.twep̚.ni.ta],[ha.mjʌn.dwep̚.ni.da]
받은 게,148,[pat̚.ɯŋ.ke],[bat̚.ɯn.ge]
말을 하다니,148,[mal.ɯl.ha.ta.ni],[mal.ɯl.ha.da.ni]
나도 알아 하지만,148,[na.to.al.a.ha.tʃi.man],[na.do.al.a.ha.dʒi.man]
봐요 그,148,[pwa.jo.kɯ],[bwa.jo.gɯ]
한 건가,148,[haŋ.kʌŋ.ka],[han.gʌŋ.ka]
말이 없어,148,[mal.i.ʌp̚.ʌ],[mal.i.ʌp̚.ʌ]
나는 너와,148,[na.nɯn.nʌ.wa],[na.nɯn.nʌ.wa]
중 몇몇은,148,[tʃuŋ.mjʌt̚.mjʌt̚.ɯn],[dʒuŋ.mjʌt̚.mjʌt̚.ɯn]
결코 하지,148,[kjʌl.kʰo.ha.tʃi],[gjʌl.kʰo.ha.dʒi]
죽지 않아,148,[tʃuk̚.tʃi.an.a],[dʒuk̚.tʃi.an.a]
뭐 좀 찾았어,148,[mwʌ.tʃon.tʃʰat̚.at̚.ʌ],[mwʌ.dʒon.tʃʰat̚.at̚.ʌ]
있잖아 그,148,[it̚.tʃan.a.kɯ],[it̚.tʃan.a.gɯ]
고마워요 내가,148,[ko.ma.wʌ.jo.nɛ.ka],[go.ma.wʌ.jo.nɛ.ga]
조용히 하고,148,[tʃo.joŋ.hi.ha.ko],[dʒo.joŋ.hi.ha.go]
제발 도와줘,148,[tʃe.pal.to.wa.tʃwʌ],[dʒe.bal.do.wa.dʒwʌ]
그럼 우리는,148,[kɯ.ɾʌm.u.ɾi.nɯn],[gɯ.ɾʌm.u.ɾi.nɯn]
나가기 전에,148,[na.ka.ki.tʃʌn.e],[na.ga.gi.dʒʌn.e]
싸우는 걸,148,[s͈a.u.nɯŋ.kʌl],[s͈a.u.nɯn.gʌl]
보이는 거,148,[po.i.nɯŋ.kʌ],[bo.i.nɯn.gʌ]
친구가 될 수,148,[tʃʰiŋ.ku.ka.twel.su],[tʃʰiŋ.ku.ga.dwel.su]
그런 거 없어요,148,[kɯ.ɾʌŋ.kʌ.ʌp̚.ʌ.jo],[gɯ.ɾʌn.gʌ.ʌp̚.ʌ.jo]
안 나는,148,[an.na.nɯn],[an.na.nɯn]
나는 안,148,[na.nɯn.an],[na.nɯn.an]
거야 저기,148,[kʌ.ja.tʃʌ.ki],[gʌ.ja.dʒʌ.gi]
여기 있기,148,[jʌ.ki.it̚.ki],[jʌ.gi.it̚.ki]
우리가 여기 온,148,[u.ɾi.ka.jʌ.ki.on],[u.ɾi.ga.jʌ.gi.on]
하고 싶진,148,[ha.ko.sip̚.tʃin],[ha.go.sip̚.tʃin]
괜찮은 것 같아,148,[kwɛn.tʃʰan.ɯŋ.kʌt̚.kat̚.a],[gwɛn.tʃʰan.ɯn.gʌt̚.gat̚.a]
좋아 네가,148,[tʃot̚.a.ne.ka],[dʒot̚.a.ne.ga]
고마워 이제,148,[ko.ma.wʌ.i.tʃe],[go.ma.wʌ.i.dʒe]
네 개,147,[ne.kɛ],[ne.gɛ]
그 이상을,147,[kɯ.i.saŋ.ɯl],[gɯ.i.saŋ.ɯl]
너랑 내가,147,[nʌ.ɾaŋ.nɛ.ka],[nʌ.ɾaŋ.nɛ.ga]
제 아내는,147,[tʃe.a.nɛ.nɯn],[dʒe.a.nɛ.nɯn]
의미 없어,147,[ɯi.mi.ʌp̚.ʌ],[ɯi.mi.ʌp̚.ʌ]
느끼는 대로,147,[nɯ.k͈i.nɯn.tɛ.ɾo],[nɯ.k͈i.nɯn.dɛ.ɾo]
같이 갈까,147,[kat̚.i.kal.k͈a],[gat̚.i.gal.k͈a]
봐 알았어,147,[pwa.al.at̚.ʌ],[bwa.al.at̚.ʌ]
것 같아요 그,147,[kʌt̚.kat̚.a.jo.kɯ],[gʌt̚.gat̚.a.jo.gɯ]
위해 모든 걸,147,[wi.hɛ.mo.tɯŋ.kʌl],[wi.hɛ.mo.dɯn.gʌl]
있을 곳은,147,[it̚.ɯl.kot̚.ɯn],[it̚.ɯl.got̚.ɯn]
걸 하고,147,[kʌl.ha.ko],[gʌl.ha.go]
난 모르는,147,[nan.mo.ɾɯ.nɯn],[nan.mo.ɾɯ.nɯn]
알고 계시죠,147,[al.ko.kje.si.tʃjo],[al.ko.gje.si.dʒjo]
바꿀 순,147,[pa.k͈ul.sun],[ba.k͈ul.sun]
잘 가게,147,[tʃal.ka.ke],[dʒal.ga.ge]
플래시 시즌,147,[pʰɯl.ɾɛ.si.si.tʃɯn],[pʰɯl.ɾɛ.si.si.dʒɯn]
알았어 근데,147,[al.at̚.ʌ.kɯn.te],[al.at̚.ʌ.gɯn.te]
안 되는 게,147,[an.twe.nɯŋ.ke],[an.dwe.nɯn.ge]
줄 수 없어,147,[tʃul.su.ʌp̚.ʌ],[dʒul.su.ʌp̚.ʌ]
of all,147,,
불러도 돼,147,[pul.ɾʌ.to.twɛ],[bul.ɾʌ.do.dwɛ]
확인해 볼게요,147,[hwak̚.in.hɛ.pol.ke.jo],[hwak̚.in.hɛ.bol.ke.jo]
문제 있나,147,[mun.tʃe.it̚.na],[mun.tʃe.it̚.na]
음악 좀,147,[ɯm.ak̚.tʃom],[ɯm.ak̚.dʒom]
네 아버지의,147,[ne.a.pʌ.tʃi.ɯi],[ne.a.bʌ.dʒi.ɯi]
말 못 할 이,147,[mal.mot̚.hal.i],[mal.mot̚.hal.i]
이제 나도,147,[i.tʃe.na.to],[i.dʒe.na.do]
나올 겁니다,147,[na.ol.kʌp̚.ni.ta],[na.ol.gʌp̚.ni.da]
다들 널,147,[ta.tɯl.lʌl],[da.dɯl.lʌl]
같은 것을,147,[kat̚.ɯŋ.kʌt̚.ɯl],[gat̚.ɯn.gʌt̚.ɯl]
했잖아 내가,147,[hɛt̚.tʃan.a.nɛ.ka],[hɛt̚.tʃan.a.nɛ.ga]
저도 사랑해요,147,[tʃʌ.to.sa.ɾaŋ.hɛ.jo],[dʒʌ.do.sa.ɾaŋ.hɛ.jo]
쉬는 게,147,[swi.nɯŋ.ke],[swi.nɯn.ge]
빨리 움직여야,147,[p͈al.ɾi.un.tʃik̚.jʌ.ja],[p͈al.ɾi.un.tʃik̚.jʌ.ja]
수 있을거라,147,[su.it̚.ɯl.kʌ.ɾa],[su.it̚.ɯl.kʌ.ɾa]
뭐 하는 거니,147,[mwʌ.ha.nɯŋ.kʌ.ni],[mwʌ.ha.nɯn.gʌ.ni]
것 내가,147,[kʌt̚.nɛ.ka],[gʌt̚.nɛ.ga]
저 이제,147,[tʃʌ.i.tʃe],[dʒʌ.i.dʒe]
그래 그건,147,[kɯ.ɾɛ.kɯ.kʌn],[gɯ.ɾɛ.gɯ.gʌn]
내가 아닌,147,[nɛ.ka.a.nin],[nɛ.ga.a.nin]
여기 있게,147,[jʌ.ki.it̚.ke],[jʌ.gi.it̚.ke]
좀 풀어,147,[tʃom.pʰul.ʌ],[dʒom.pʰul.ʌ]
그 이상,147,[kɯ.i.saŋ],[gɯ.i.saŋ]
시간이 필요해요,147,[si.kan.i.pʰil.jo.hɛ.jo],[si.gan.i.pʰil.jo.hɛ.jo]
번도 본,147,[pʌn.to.pon],[bʌn.to.bon]
또 시작이군,147,[t͈o.si.tʃak̚.i.kun],[t͈o.si.dʒak̚.i.gun]
about that,147,,
꼴도 보기,147,[k͈ol.to.po.ki],[k͈ol.to.bo.gi]
이 설렘,147,[i.sʌl.ɾem],[i.sʌl.ɾem]
시간이 없습니다,147,[si.kan.i.ʌp̚.sɯp̚.ni.ta],[si.gan.i.ʌp̚.sɯp̚.ni.da]
우리 사이,147,[u.ɾi.sa.i],[u.ɾi.sa.i]
걸 보게,147,[kʌl.po.ke],[gʌl.bo.ge]
같지 않은데,147,[kat̚.tʃi.an.ɯn.te],[gat̚.tʃi.an.ɯn.te]
내가 나중에,147,[nɛ.ka.na.tʃuŋ.e],[nɛ.ga.na.dʒuŋ.e]
거지 그게,147,[kʌ.tʃi.kɯ.ke],[gʌ.dʒi.gɯ.ge]
쓰는 걸,147,[s͈ɯ.nɯŋ.kʌl],[s͈ɯ.nɯn.gʌl]
거 말이에요,147,[kʌ.mal.i.e.jo],[gʌ.mal.i.e.jo]
언제 또,147,[ʌn.tʃe.t͈o],[ʌn.tʃe.t͈o]
부를 거예요,147,[pu.ɾɯl.kʌ.je.jo],[bu.ɾɯl.gʌ.je.jo]
없나 봐,147,[ʌp̚.na.pwa],[ʌp̚.na.bwa]
있어야 한다고,147,[it̚.ʌ.ja.han.ta.ko],[it̚.ʌ.ja.han.ta.go]
전에 네,147,[tʃʌn.e.ne],[dʒʌn.e.ne]
단 한 가지,147,[tan.haŋ.ka.tʃi],[dan.han.ga.dʒi]
없다 내가,147,[ʌp̚.ta.nɛ.ka],[ʌp̚.ta.nɛ.ga]
달리 방법이,147,[tal.ɾi.pam.pʌp̚.i],[dal.ɾi.baŋ.bʌp̚.i]
할 이 설렘,147,[hal.i.sʌl.ɾem],[hal.i.sʌl.ɾem]
나한테 말하지,147,[na.han.tʰe.mal.ha.tʃi],[na.han.tʰe.mal.ha.dʒi]
a great,147,,
뭐가 이렇게,147,[mwʌ.ka.i.ɾʌt̚.ke],[mwʌ.ga.i.ɾʌt̚.ke]
들어올 때,147,[tɯl.ʌ.ol.t͈ɛ],[dɯl.ʌ.ol.t͈ɛ]
일을 많이,147,[il.ɯl.man.i],[il.ɯl.man.i]
말하지 않았어요,147,[mal.ha.tʃi.an.at̚.ʌ.jo],[mal.ha.dʒi.an.at̚.ʌ.jo]
돈이 많이,147,[ton.i.man.i],[don.i.man.i]
없어 당신은,147,[ʌp̚.ʌ.taŋ.sin.ɯn],[ʌp̚.ʌ.daŋ.sin.ɯn]
해요 당신은,147,[hɛ.jo.taŋ.sin.ɯn],[hɛ.jo.daŋ.sin.ɯn]
아무한테도 말 못 할,147,[a.mu.han.tʰe.to.mal.mot̚.hal],[a.mu.han.tʰe.do.mal.mot̚.hal]
좋아 나도,147,[tʃot̚.a.na.to],[dʒot̚.a.na.do]
얘기하지 마,147,[jɛ.ki.ha.tʃi.ma],[jɛ.gi.ha.dʒi.ma]
이해할 거야,147,[i.hɛ.hal.kʌ.ja],[i.hɛ.hal.gʌ.ja]
못 할 이,147,[mot̚.hal.i],[mot̚.hal.i]
We don''t,147,,
많이 보고,147,[man.i.po.ko],[man.i.bo.go]
우린 여전히,147,[u.ɾin.jʌ.tʃʌn.hi],[u.ɾin.jʌ.dʒʌn.hi]
네가 방금,147,[ne.ka.paŋ.kɯm],[ne.ga.baŋ.gɯm]
초 남았어,147,[tʃʰo.nam.at̚.ʌ],[tʃʰo.nam.at̚.ʌ]
다치게 하지,147,[ta.tʃʰi.ke.ha.tʃi],[da.tʃʰi.ge.ha.dʒi]
왜 제,147,[wɛ.tʃe],[wɛ.dʒe]
나를 위해서,147,[na.ɾɯl.wi.hɛ.sʌ],[na.ɾɯl.wi.hɛ.sʌ]
똑바로 해,147,[t͈ok̚.pa.ɾo.hɛ],[t͈ok̚.pa.ɾo.hɛ]
무슨 생각을 하는지,147,[mu.sɯn.sɛŋ.kak̚.ɯl.ha.nɯn.tʃi],[mu.sɯn.sɛŋ.gak̚.ɯl.ha.nɯn.tʃi]
힘을 가진,147,[him.ɯl.ka.tʃin],[him.ɯl.ga.dʒin]
도움이 돼,147,[to.um.i.twɛ],[do.um.i.dwɛ]
돼야 해,147,[twɛ.ja.hɛ],[dwɛ.ja.hɛ]
된 건가,147,[tweŋ.kʌŋ.ka],[dwen.gʌŋ.ka]
근데 무슨,147,[kɯn.te.mu.sɯn],[gɯn.te.mu.sɯn]
죽일 순,147,[tʃuk̚.il.sun],[dʒuk̚.il.sun]
줄 알았다면,147,[tʃul.al.at̚.ta.mjʌn],[dʒul.al.at̚.ta.mjʌn]
얘기 좀 하죠,147,[jɛ.ki.tʃom.ha.tʃjo],[jɛ.gi.dʒom.ha.dʒjo]
한 단계,147,[han.taŋ.kje],[han.daŋ.kje]
알아낸 것,147,[al.a.nɛŋ.kʌt̚],[al.a.nɛn.gʌt̚]
아직도 여기,147,[a.tʃik̚.to.jʌ.ki],[a.dʒik̚.to.jʌ.gi]
못 할 이 설렘,147,[mot̚.hal.i.sʌl.ɾem],[mot̚.hal.i.sʌl.ɾem]
만나러 갈,147,[man.na.ɾʌ.kal],[man.na.ɾʌ.gal]
부자가 될,146,[pu.tʃa.ka.twel],[bu.dʒa.ga.dwel]
해 줘야,146,[hɛ.tʃwʌ.ja],[hɛ.dʒwʌ.ja]
수 있을 텐데,146,[su.it̚.ɯl.tʰen.te],[su.it̚.ɯl.tʰen.te]
거고 난,146,[kʌ.ko.nan],[gʌ.go.nan]
잘 아니까,146,[tʃal.a.ni.k͈a],[dʒal.a.ni.k͈a]
제발 그,146,[tʃe.pal.kɯ],[dʒe.bal.gɯ]
텐데 내가,146,[tʰen.te.nɛ.ka],[tʰen.te.nɛ.ga]
가장 끔찍한,146,[ka.tʃaŋ.k͈ɯn.tʃ͈ik̚.han],[ga.dʒaŋ.k͈ɯn.tʃ͈ik̚.han]
내가 함께,146,[nɛ.ka.ham.k͈e],[nɛ.ga.ham.k͈e]
그리고 나의,146,[kɯ.ɾi.ko.na.ɯi],[gɯ.ɾi.go.na.ɯi]
별 볼 일,146,[pjʌl.pol.il],[bjʌl.bol.il]
때 그런,146,[t͈ɛ.kɯ.ɾʌn],[t͈ɛ.gɯ.ɾʌn]
딴 데로,146,[t͈an.te.ɾo],[t͈an.de.ɾo]
저 안에서,146,[tʃʌ.an.e.sʌ],[dʒʌ.an.e.sʌ]
왕이 될,146,[waŋ.i.twel],[waŋ.i.dwel]
무슨 생각이야,146,[mu.sɯn.sɛŋ.kak̚.i.ja],[mu.sɯn.sɛŋ.gak̚.i.ja]
내가 옆에,146,[nɛ.ka.jʌp̚.e],[nɛ.ga.jʌp̚.e]
두고 보자고,146,[tu.ko.po.tʃa.ko],[du.go.bo.dʒa.go]
그건 아주,146,[kɯ.kʌn.a.tʃu],[gɯ.gʌn.a.dʒu]
한 얘기,146,[han.jɛ.ki],[han.jɛ.gi]
난 신경 안,146,[nan.siŋ.kjʌŋ.an],[nan.siŋ.kjʌŋ.an]
나가는 거야,146,[na.ka.nɯŋ.kʌ.ja],[na.ga.nɯn.gʌ.ja]
여기 없는,146,[jʌ.ki.ʌp̚.nɯn],[jʌ.gi.ʌp̚.nɯn]
그러니까 네,146,[kɯ.ɾʌ.ni.k͈a.ne],[gɯ.ɾʌ.ni.k͈a.ne]
안 좋네요,146,[an.tʃot̚.ne.jo],[an.dʒot̚.ne.jo]
네가 무슨 짓을,146,[ne.ka.mu.sɯn.tʃit̚.ɯl],[ne.ga.mu.sɯn.dʒit̚.ɯl]
있을 수 있다,146,[it̚.ɯl.su.it̚.ta],[it̚.ɯl.su.it̚.ta]
한 번도 본,146,[ham.pʌn.to.pon],[han.bʌn.to.bon]
얘기해 줘,146,[jɛ.ki.hɛ.tʃwʌ],[jɛ.gi.hɛ.dʒwʌ]
못 하겠지,146,[mot̚.ha.ket̚.tʃi],[mot̚.ha.get̚.tʃi]
여긴 어쩐 일이야,146,[jʌ.kin.ʌ.tʃ͈ʌn.il.i.ja],[jʌ.gin.ʌ.tʃ͈ʌn.il.i.ja]
이 중에,146,[i.tʃuŋ.e],[i.dʒuŋ.e]
나가고 싶어,146,[na.ka.ko.sip̚.ʌ],[na.ga.go.sip̚.ʌ]
그 지역,146,[kɯ.tʃi.jʌk̚],[gɯ.dʒi.jʌk̚]
것 알아,146,[kʌt̚.al.a],[gʌt̚.al.a]
아셔야 할,146,[a.sjʌ.ja.hal],[a.sjʌ.ja.hal]
없어요 지금,146,[ʌp̚.ʌ.jo.tʃi.kɯm],[ʌp̚.ʌ.jo.dʒi.gɯm]
네 오늘,146,[ne.o.nɯl],[ne.o.nɯl]
get the,146,,
총 이리,146,[tʃʰoŋ.i.ɾi],[tʃʰoŋ.i.ɾi]
그렇게 간단한,146,[kɯ.ɾʌt̚.ke.kan.tan.han],[gɯ.ɾʌt̚.ke.gan.tan.han]
나가는 걸,146,[na.ka.nɯŋ.kʌl],[na.ga.nɯn.gʌl]
갈 길,146,[kal.kil],[gal.gil]
또 할,146,[t͈o.hal],[t͈o.hal]
이런 미친,146,[i.ɾʌn.mi.tʃʰin],[i.ɾʌn.mi.tʃʰin]
그가 무엇을,146,[kɯ.ka.mu.ʌt̚.ɯl],[gɯ.ga.mu.ʌt̚.ɯl]
내 가족은,146,[nɛ.ka.tʃok̚.ɯn],[nɛ.ga.dʒok̚.ɯn]
꼭 가야,146,[k͈ok̚.ka.ja],[k͈ok̚.ga.ja]
그러니까 우리가,146,[kɯ.ɾʌ.ni.k͈a.u.ɾi.ka],[gɯ.ɾʌ.ni.k͈a.u.ɾi.ga]
잘못 본,146,[tʃal.mot̚.pon],[dʒal.mot̚.bon]
뭘 기다리는,146,[mwʌl.ki.ta.ɾi.nɯn],[mwʌl.gi.da.ɾi.nɯn]
그리고 여기서,146,[kɯ.ɾi.ko.jʌ.ki.sʌ],[gɯ.ɾi.go.jʌ.gi.sʌ]
있을 뿐이야,146,[it̚.ɯl.p͈un.i.ja],[it̚.ɯl.p͈un.i.ja]
하는지 모르겠어,146,[ha.nɯn.tʃi.mo.ɾɯ.ket̚.ʌ],[ha.nɯn.tʃi.mo.ɾɯ.get̚.ʌ]
하지만 그렇다고,146,[ha.tʃi.maŋ.kɯ.ɾʌt̚.ta.ko],[ha.dʒi.man.gɯ.ɾʌt̚.ta.go]
싶지 않지만,146,[sip̚.tʃi.an.tʃi.man],[sip̚.tʃi.an.tʃi.man]
이거 한,146,[i.kʌ.han],[i.gʌ.han]
때도 있죠,146,[t͈ɛ.to.it̚.tʃjo],[t͈ɛ.do.it̚.tʃjo]
있었나 봐요,146,[it̚.ʌt̚.na.pwa.jo],[it̚.ʌt̚.na.bwa.jo]
이 노래를,146,[i.no.ɾɛ.ɾɯl],[i.no.ɾɛ.ɾɯl]
이 건물에,146,[i.kʌn.mul.e],[i.gʌn.mul.e]
일단 좀,146,[il.tan.tʃom],[il.tan.dʒom]
써야 해요,146,[s͈ʌ.ja.hɛ.jo],[s͈ʌ.ja.hɛ.jo]
선택의 여지가 없었어,146,[sʌn.tʰɛk̚.ɯi.jʌ.tʃi.ka.ʌp̚.ʌt̚.ʌ],[sʌn.tʰɛk̚.ɯi.jʌ.dʒi.ga.ʌp̚.ʌt̚.ʌ]
않았어 내가,146,[an.at̚.ʌ.nɛ.ka],[an.at̚.ʌ.nɛ.ga]
그리고 이런,146,[kɯ.ɾi.ko.i.ɾʌn],[gɯ.ɾi.go.i.ɾʌn]
정확히 어떤,146,[tʃʌŋ.hwak̚.hi.ʌ.t͈ʌn],[dʒʌŋ.hwak̚.hi.ʌ.t͈ʌn]
제가 아니라,146,[tʃe.ka.a.ni.ɾa],[dʒe.ga.a.ni.ɾa]
이제 너도,146,[i.tʃe.nʌ.to],[i.dʒe.nʌ.do]
관심 없는,146,[kwan.sim.ʌp̚.nɯn],[gwan.sim.ʌp̚.nɯn]
못 받았어요,146,[mot̚.pat̚.at̚.ʌ.jo],[mot̚.bat̚.at̚.ʌ.jo]
이건 어디서,146,[i.kʌn.ʌ.ti.sʌ],[i.gʌn.ʌ.di.sʌ]
어디 있었죠,146,[ʌ.ti.it̚.ʌt̚.tʃjo],[ʌ.di.it̚.ʌt̚.tʃjo]
난 네게,146,[nan.ne.ke],[nan.ne.ge]
친구 좀,146,[tʃʰiŋ.ku.tʃom],[tʃʰiŋ.ku.dʒom]
같은 곳에,146,[kat̚.ɯŋ.kot̚.e],[gat̚.ɯn.got̚.e]
알았어 이제,146,[al.at̚.ʌ.i.tʃe],[al.at̚.ʌ.i.dʒe]
그 길을,146,[kɯ.kil.ɯl],[gɯ.gil.ɯl]
for this,146,,
지킬 거야,146,[tʃi.kʰil.kʌ.ja],[dʒi.kʰil.gʌ.ja]
짓을 하다니,146,[tʃit̚.ɯl.ha.ta.ni],[dʒit̚.ɯl.ha.da.ni]
마 우리가,146,[ma.u.ɾi.ka],[ma.u.ɾi.ga]
out of the,146,,
뜻인지 알지,146,[t͈ɯt̚.in.tʃi.al.tʃi],[t͈ɯt̚.in.tʃi.al.tʃi]
바뀔 수,146,[pa.k͈wil.su],[ba.k͈wil.su]
수 있도록 말이야,146,[su.it̚.to.ɾok̚.mal.i.ja],[su.it̚.to.ɾok̚.mal.i.ja]
것보다 훨씬 더,146,[kʌt̚.po.ta.hwʌl.s͈in.tʌ],[gʌt̚.po.da.hwʌl.s͈in.dʌ]
가는 것도,146,[ka.nɯŋ.kʌt̚.to],[ga.nɯn.gʌt̚.to]
그렇죠 하지만,146,[kɯ.ɾʌt̚.tʃjo.ha.tʃi.man],[gɯ.ɾʌt̚.tʃjo.ha.dʒi.man]
난 자네를,146,[nan.tʃa.ne.ɾɯl],[nan.dʒa.ne.ɾɯl]
것도 있어요,146,[kʌt̚.to.it̚.ʌ.jo],[gʌt̚.to.it̚.ʌ.jo]
그건 그렇지만,146,[kɯ.kʌŋ.kɯ.ɾʌt̚.tʃi.man],[gɯ.gʌn.gɯ.ɾʌt̚.tʃi.man]
소식 들었어,146,[so.sik̚.tɯl.ʌt̚.ʌ],[so.sik̚.dɯl.ʌt̚.ʌ]
기분 나쁜,146,[ki.pun.na.p͈ɯn],[gi.bun.na.p͈ɯn]
자격이 있다고,146,[tʃa.kjʌk̚.i.it̚.ta.ko],[dʒa.gjʌk̚.i.it̚.ta.go]
적 있는,146,[tʃʌk̚.it̚.nɯn],[dʒʌk̚.it̚.nɯn]
될 거라는,146,[twel.kʌ.ɾa.nɯn],[dwel.gʌ.ɾa.nɯn]
네 지금,146,[ne.tʃi.kɯm],[ne.dʒi.gɯm]
들 거예요,146,[tɯl.kʌ.je.jo],[dɯl.gʌ.je.jo]
말이 맞을지도,146,[mal.i.mat̚.ɯl.tʃi.to],[mal.i.mat̚.ɯl.tʃi.do]
줄 수 있을,146,[tʃul.su.it̚.ɯl],[dʒul.su.it̚.ɯl]
필요는 없다,146,[pʰil.jo.nɯn.ʌp̚.ta],[pʰil.jo.nɯn.ʌp̚.ta]
이 얘길,146,[i.jɛ.kil],[i.jɛ.gil]
들어가는 걸,146,[tɯl.ʌ.ka.nɯŋ.kʌl],[dɯl.ʌ.ga.nɯn.gʌl]
안녕하세요 안녕,146,[an.njʌŋ.ha.se.jo.an.njʌŋ],[an.njʌŋ.ha.se.jo.an.njʌŋ]
이 안에서,146,[i.an.e.sʌ],[i.an.e.sʌ]
거죠 난,146,[kʌ.tʃjo.nan],[gʌ.dʒjo.nan]
그게 사실이야,146,[kɯ.ke.sa.sil.i.ja],[gɯ.ge.sa.sil.i.ja]
당신이 가지고,146,[taŋ.sin.i.ka.tʃi.ko],[daŋ.sin.i.ga.dʒi.go]
전혀 모르고,146,[tʃʌn.hjʌ.mo.ɾɯ.ko],[dʒʌn.hjʌ.mo.ɾɯ.go]
그리고 바로,146,[kɯ.ɾi.ko.pa.ɾo],[gɯ.ɾi.go.ba.ɾo]
그는 자신의,146,[kɯ.nɯn.tʃa.sin.ɯi],[gɯ.nɯn.dʒa.sin.ɯi]
데가 있어,146,[te.ka.it̚.ʌ],[de.ga.it̚.ʌ]
그 사람이야,146,[kɯ.sa.ɾam.i.ja],[gɯ.sa.ɾam.i.ja]
거 필요,146,[kʌ.pʰil.jo],[gʌ.pʰil.jo]
없으면 안,146,[ʌp̚.ɯ.mjʌn.an],[ʌp̚.ɯ.mjʌn.an]
충고 하나,146,[tʃʰuŋ.ko.ha.na],[tʃʰuŋ.go.ha.na]
목숨을 애태우며 fusion,145,[mok̚.sum.ɯl.ɛ.tʰɛ.u.mjʌ],[mok̚.sum.ɯl.ɛ.tʰɛ.u.mjʌ]
별똥별처럼 누군가의,145,[pjʌl.t͈om.pjʌl.tʃʰʌ.ɾʌm.nu.kuŋ.ka.ɯi],[bjʌl.t͈oŋ.bjʌl.tʃʰʌ.ɾʌm.nu.guŋ.ka.ɯi]
돼 그래서,145,[twɛ.kɯ.ɾɛ.sʌ],[dwɛ.gɯ.ɾɛ.sʌ]
하지 않는다면,145,[ha.tʃi.an.nɯn.ta.mjʌn],[ha.dʒi.an.nɯn.ta.mjʌn]
싶지 않네요,145,[sip̚.tʃi.an.ne.jo],[sip̚.tʃi.an.ne.jo]
할 것이,145,[hal.kʌt̚.i],[hal.gʌt̚.i]
your own,145,,
안 한 게,145,[an.haŋ.ke],[an.han.ge]
그건 말이,145,[kɯ.kʌn.mal.i],[gɯ.gʌn.mal.i]
정말 짜증,145,[tʃʌŋ.mal.tʃ͈a.tʃɯŋ],[dʒʌŋ.mal.tʃ͈a.dʒɯŋ]
집에 가도,145,[tʃip̚.e.ka.to],[dʒip̚.e.ga.do]
이제 안전해,145,[i.tʃe.an.tʃʌn.hɛ],[i.dʒe.an.tʃʌn.hɛ]
않는 게 좋을,145,[an.nɯŋ.ke.tʃot̚.ɯl],[an.nɯn.ge.dʒot̚.ɯl]
나 몰래,145,[na.mol.ɾɛ],[na.mol.ɾɛ]
오늘 한,145,[o.nɯl.han],[o.nɯl.han]
어디로 갔어,145,[ʌ.ti.ɾo.kat̚.ʌ],[ʌ.di.ɾo.gat̚.ʌ]
하지만 그녀가,145,[ha.tʃi.maŋ.kɯ.njʌ.ka],[ha.dʒi.man.gɯ.njʌ.ga]
해 잘,145,[hɛ.tʃal],[hɛ.dʒal]
할 수 있지만,145,[hal.su.it̚.tʃi.man],[hal.su.it̚.tʃi.man]
허락 안,145,[hʌ.ɾak̚.an],[hʌ.ɾak̚.an]
그 자식을,145,[kɯ.tʃa.sik̚.ɯl],[gɯ.dʒa.sik̚.ɯl]
줄 거라고,145,[tʃul.kʌ.ɾa.ko],[dʒul.gʌ.ɾa.go]
날 속였어,145,[nal.sok̚.jʌt̚.ʌ],[nal.sok̚.jʌt̚.ʌ]
우리 편이,145,[u.ɾi.pʰjʌn.i],[u.ɾi.pʰjʌn.i]
믿는 대로,145,[mit̚.nɯn.tɛ.ɾo],[mit̚.nɯn.dɛ.ɾo]
at all,145,,
있다는 걸 알아,145,[it̚.ta.nɯŋ.kʌl.al.a],[it̚.ta.nɯn.gʌl.al.a]
그럼 저도,145,[kɯ.ɾʌn.tʃʌ.to],[gɯ.ɾʌm.dʒʌ.do]
지금 이런,145,[tʃi.kɯm.i.ɾʌn],[dʒi.gɯm.i.ɾʌn]
애태우며 fusion,145,[ɛ.tʰɛ.u.mjʌ],[ɛ.tʰɛ.u.mjʌ]
쓸 수 있어,145,[s͈ɯl.su.it̚.ʌ],[s͈ɯl.su.it̚.ʌ]
이만 가볼게요,145,[i.maŋ.ka.pol.ke.jo],[i.man.ga.bol.ke.jo]
알고 있으니까,145,[al.ko.it̚.ɯ.ni.k͈a],[al.ko.it̚.ɯ.ni.k͈a]
날 보라고,145,[nal.po.ɾa.ko],[nal.bo.ɾa.go]
우리가 네,145,[u.ɾi.ka.ne],[u.ɾi.ga.ne]
우린 왜,145,[u.ɾin.wɛ],[u.ɾin.wɛ]
말 못 들었어,145,[mal.mot̚.tɯl.ʌt̚.ʌ],[mal.mot̚.dɯl.ʌt̚.ʌ]
뭘 해도,145,[mwʌl.hɛ.to],[mwʌl.hɛ.do]
있지 않습니까,145,[it̚.tʃi.an.sɯp̚.ni.k͈a],[it̚.tʃi.an.sɯp̚.ni.k͈a]
난 거,145,[naŋ.kʌ],[nan.gʌ]
위험한 건,145,[wi.hʌm.haŋ.kʌn],[wi.hʌm.han.gʌn]
짓 하는,145,[tʃit̚.ha.nɯn],[dʒit̚.ha.nɯn]
이건 꼭,145,[i.kʌŋ.k͈ok̚],[i.gʌŋ.k͈ok̚]
분 더,145,[pun.tʌ],[bun.dʌ]
쓸데없는 소리,145,[s͈ɯl.te.ʌp̚.nɯn.so.ɾi],[s͈ɯl.te.ʌp̚.nɯn.so.ɾi]
그래서 그것은,145,[kɯ.ɾɛ.sʌ.kɯ.kʌt̚.ɯn],[gɯ.ɾɛ.sʌ.gɯ.gʌt̚.ɯn]
I told you,145,,
않았을 텐데,145,[an.at̚.ɯl.tʰen.te],[an.at̚.ɯl.tʰen.te]
거야 곧,145,[kʌ.ja.kot̚],[gʌ.ja.got̚]
건 없고,145,[kʌn.ʌp̚.ko],[gʌn.ʌp̚.ko]
우리 사이는,145,[u.ɾi.sa.i.nɯn],[u.ɾi.sa.i.nɯn]
우리는 당신이,145,[u.ɾi.nɯn.taŋ.sin.i],[u.ɾi.nɯn.daŋ.sin.i]
사람 안,145,[sa.ɾam.an],[sa.ɾam.an]
너에 대해서,145,[nʌ.e.tɛ.hɛ.sʌ],[nʌ.e.dɛ.hɛ.sʌ]
말할 줄,145,[mal.hal.tʃul],[mal.hal.dʒul]
않을 거라는,145,[an.ɯl.kʌ.ɾa.nɯn],[an.ɯl.gʌ.ɾa.nɯn]
무슨 뜻인가,145,[mu.sɯn.t͈ɯt̚.iŋ.ka],[mu.sɯn.t͈ɯt̚.iŋ.ka]
메시지를 남겨,145,[me.si.tʃi.ɾɯl.lam.kjʌ],[me.si.dʒi.ɾɯl.lam.kjʌ]
못마땅한 숨소리,145,[mot̚.ma.t͈aŋ.han.sum.so.ɾi],[mot̚.ma.t͈aŋ.han.sum.so.ɾi]
게 진짜,145,[ke.tʃin.tʃ͈a],[ge.dʒin.tʃ͈a]
도와줄 사람이,145,[to.wa.tʃul.sa.ɾam.i],[do.wa.dʒul.sa.ɾam.i]
거야 계속,145,[kʌ.ja.kje.sok̚],[gʌ.ja.gje.sok̚]
좀 이상해요,145,[tʃom.i.saŋ.hɛ.jo],[dʒom.i.saŋ.hɛ.jo]
전화를 안 받아,145,[tʃʌn.hwa.ɾɯl.am.pat̚.a],[dʒʌn.hwa.ɾɯl.an.bat̚.a]
난 바로,145,[nam.pa.ɾo],[nan.ba.ɾo]
아무 말도 안 했어,145,[a.mu.mal.to.an.hɛt̚.ʌ],[a.mu.mal.to.an.hɛt̚.ʌ]
있다 지금,145,[it̚.ta.tʃi.kɯm],[it̚.ta.dʒi.gɯm]
게 아닐까요,145,[ke.a.nil.k͈a.jo],[ge.a.nil.k͈a.jo]
재능 있는,145,[tʃɛ.nɯŋ.it̚.nɯn],[dʒɛ.nɯŋ.it̚.nɯn]
다 널,145,[ta.nʌl],[da.nʌl]
목숨을 애태우며,145,[mok̚.sum.ɯl.ɛ.tʰɛ.u.mjʌ],[mok̚.sum.ɯl.ɛ.tʰɛ.u.mjʌ]
정리 좀,145,[tʃʌŋ.ɾi.tʃom],[dʒʌŋ.ɾi.dʒom]
떨어져 있어,145,[t͈ʌl.ʌ.tʃjʌ.it̚.ʌ],[t͈ʌl.ʌ.dʒjʌ.it̚.ʌ]
그래서 여기 온,145,[kɯ.ɾɛ.sʌ.jʌ.ki.on],[gɯ.ɾɛ.sʌ.jʌ.gi.on]
쓴 건,145,[s͈ɯŋ.kʌn],[s͈ɯn.gʌn]
게 뭔가,145,[ke.mwʌŋ.ka],[ge.mwʌŋ.ka]
여기서 할,145,[jʌ.ki.sʌ.hal],[jʌ.gi.sʌ.hal]
없어요 저,145,[ʌp̚.ʌ.jo.tʃʌ],[ʌp̚.ʌ.jo.dʒʌ]
멀리 가지,145,[mʌl.ɾi.ka.tʃi],[mʌl.ɾi.ga.dʒi]
갈 수 없어요,145,[kal.su.ʌp̚.ʌ.jo],[gal.su.ʌp̚.ʌ.jo]
좀 다물어,145,[tʃon.ta.mul.ʌ],[dʒom.da.mul.ʌ]
안 하셔도 돼요,145,[an.ha.sjʌ.to.twɛ.jo],[an.ha.sjʌ.do.dwɛ.jo]
끌고 가,145,[k͈ɯl.ko.ka],[k͈ɯl.ko.ga]
같아 그게,145,[kat̚.a.kɯ.ke],[gat̚.a.gɯ.ge]
때 다른,145,[t͈ɛ.ta.ɾɯn],[t͈ɛ.da.ɾɯn]
아직 늦지,145,[a.tʃik̚.nɯt̚.tʃi],[a.dʒik̚.nɯt̚.tʃi]
네가 와서,145,[ne.ka.wa.sʌ],[ne.ga.wa.sʌ]
다 썼어,145,[ta.s͈ʌt̚.ʌ],[da.s͈ʌt̚.ʌ]
모르겠어 하지만,145,[mo.ɾɯ.ket̚.ʌ.ha.tʃi.man],[mo.ɾɯ.get̚.ʌ.ha.dʒi.man]
두 달 전에,145,[tu.tal.tʃʌn.e],[du.dal.dʒʌn.e]
think of,145,,
조심 좀,145,[tʃo.sin.tʃom],[dʒo.sim.dʒom]
내 아기,145,[nɛ.a.ki],[nɛ.a.gi]
몰라 네,145,[mol.ɾa.ne],[mol.ɾa.ne]
me and,145,,
we don''t,145,,
내가 상관할,145,[nɛ.ka.saŋ.kwan.hal],[nɛ.ga.saŋ.gwan.hal]
그래서 이런,145,[kɯ.ɾɛ.sʌ.i.ɾʌn],[gɯ.ɾɛ.sʌ.i.ɾʌn]
여기까지 와서,145,[jʌ.ki.k͈a.tʃi.wa.sʌ],[jʌ.gi.k͈a.dʒi.wa.sʌ]
있죠 그럼,145,[it̚.tʃjo.kɯ.ɾʌm],[it̚.tʃjo.gɯ.ɾʌm]
내 얼굴이,145,[nɛ.ʌl.kul.i],[nɛ.ʌl.kul.i]
거 어때,145,[kʌ.ʌ.t͈ɛ],[gʌ.ʌ.t͈ɛ]
星屑のように誰かの 별똥별처럼 누군가의,145,[pjʌl.t͈om.pjʌl.tʃʰʌ.ɾʌm.nu.kuŋ.ka.ɯi],[bjʌl.t͈oŋ.bjʌl.tʃʰʌ.ɾʌm.nu.guŋ.ka.ɯi]
시간 더,145,[si.kan.tʌ],[si.gan.dʌ]
더 깊은,145,[tʌ.kip̚.ɯn],[dʌ.gip̚.ɯn]
바로잡을 수,145,[pa.ɾo.tʃap̚.ɯl.su],[ba.ɾo.dʒap̚.ɯl.su]
안에 있을 거야,145,[an.e.it̚.ɯl.kʌ.ja],[an.e.it̚.ɯl.gʌ.ja]
할 일을 한,145,[hal.il.ɯl.han],[hal.il.ɯl.han]
걸 그랬어요,145,[kʌl.kɯ.ɾɛt̚.ʌ.jo],[gʌl.gɯ.ɾɛt̚.ʌ.jo]
위험할 수,145,[wi.hʌm.hal.su],[wi.hʌm.hal.su]
중요한 게 아니야,145,[tʃuŋ.jo.haŋ.ke.a.ni.ja],[dʒuŋ.jo.han.ge.a.ni.ja]
없을 거요,145,[ʌp̚.ɯl.kʌ.jo],[ʌp̚.ɯl.gʌ.jo]
많은 거,145,[man.ɯŋ.kʌ],[man.ɯn.gʌ]
오늘은 내,145,[o.nɯl.ɯn.nɛ],[o.nɯl.ɯn.nɛ]
그리고 널,145,[kɯ.ɾi.ko.nʌl],[gɯ.ɾi.go.nʌl]
星屑のように誰かの 별똥별처럼,145,[pjʌl.t͈om.pjʌl.tʃʰʌ.ɾʌm],[bjʌl.t͈oŋ.bjʌl.tʃʰʌ.ɾʌm]
내 친구는,145,[nɛ.tʃʰiŋ.ku.nɯn],[nɛ.tʃʰiŋ.ku.nɯn]
뭐하는 거지,145,[mwʌ.ha.nɯŋ.kʌ.tʃi],[mwʌ.ha.nɯn.gʌ.dʒi]
커피 한잔,145,[kʰʌ.pʰi.han.tʃan],[kʰʌ.pʰi.han.tʃan]
한숨을 내쉰다,145,[han.sum.ɯl.lɛ.swin.ta],[han.sum.ɯl.lɛ.swin.ta]
뭐 하자는 거야,145,[mwʌ.ha.tʃa.nɯŋ.kʌ.ja],[mwʌ.ha.dʒa.nɯn.gʌ.ja]
그러나 그는,145,[kɯ.ɾʌ.na.kɯ.nɯn],[gɯ.ɾʌ.na.gɯ.nɯn]
말이 있어서,145,[mal.i.it̚.ʌ.sʌ],[mal.i.it̚.ʌ.sʌ]
누가 알았겠어,145,[nu.ka.al.at̚.ket̚.ʌ],[nu.ga.al.at̚.ket̚.ʌ]
말은 다,145,[mal.ɯn.ta],[mal.ɯn.da]
못하는 게,145,[mot̚.ha.nɯŋ.ke],[mot̚.ha.nɯn.ge]
내 오랜,145,[nɛ.o.ɾɛn],[nɛ.o.ɾɛn]
왜 저래요,145,[wɛ.tʃʌ.ɾɛ.jo],[wɛ.dʒʌ.ɾɛ.jo]
당신과 내가,145,[taŋ.siŋ.kwa.nɛ.ka],[daŋ.siŋ.kwa.nɛ.ga]
사실 이,145,[sa.sil.i],[sa.sil.i]
향하고 있다,145,[hjaŋ.ha.ko.it̚.ta],[hjaŋ.ha.go.it̚.ta]
데리러 갈,145,[te.ɾi.ɾʌ.kal],[de.ɾi.ɾʌ.gal]
사랑하는 사람,145,[sa.ɾaŋ.ha.nɯn.sa.ɾam],[sa.ɾaŋ.ha.nɯn.sa.ɾam]
우린 우리,145,[u.ɾin.u.ɾi],[u.ɾin.u.ɾi]
나는 여기서,145,[na.nɯn.jʌ.ki.sʌ],[na.nɯn.jʌ.gi.sʌ]
오늘 밤에는,145,[o.nɯl.pam.e.nɯn],[o.nɯl.bam.e.nɯn]
그들은 너를,145,[kɯ.tɯl.ɯn.nʌ.ɾɯl],[gɯ.dɯl.ɯn.nʌ.ɾɯl]
날 믿고,145,[nal.mit̚.ko],[nal.mit̚.ko]
그래서 당신을,145,[kɯ.ɾɛ.sʌ.taŋ.sin.ɯl],[gɯ.ɾɛ.sʌ.daŋ.sin.ɯl]
수년 동안,145,[su.njʌn.toŋ.an],[su.njʌn.doŋ.an]
일 아니야,145,[il.a.ni.ja],[il.a.ni.ja]
내 잘못,145,[nɛ.tʃal.mot̚],[nɛ.dʒal.mot̚]
못한 것,144,[mot̚.haŋ.kʌt̚],[mot̚.han.gʌt̚]
전화한 거야,144,[tʃʌn.hwa.haŋ.kʌ.ja],[dʒʌn.hwa.han.gʌ.ja]
생각은 없어요,144,[sɛŋ.kak̚.ɯn.ʌp̚.ʌ.jo],[sɛŋ.gak̚.ɯn.ʌp̚.ʌ.jo]
나도 할 수,144,[na.to.hal.su],[na.do.hal.su]
물론 내가,144,[mul.ɾon.nɛ.ka],[mul.ɾon.nɛ.ga]
한 짓 때문에,144,[han.tʃit̚.t͈ɛ.mun.e],[han.dʒit̚.t͈ɛ.mun.e]
목숨을 구했어,144,[mok̚.sum.ɯl.ku.hɛt̚.ʌ],[mok̚.sum.ɯl.gu.hɛt̚.ʌ]
막을 거야,144,[mak̚.ɯl.kʌ.ja],[mak̚.ɯl.gʌ.ja]
이상하게 들리겠지만,144,[i.saŋ.ha.ke.tɯl.ɾi.ket̚.tʃi.man],[i.saŋ.ha.ge.dɯl.ɾi.get̚.tʃi.man]
나쁜 놈이,144,[na.p͈ɯn.nom.i],[na.p͈ɯn.nom.i]
했어 그게,144,[hɛt̚.ʌ.kɯ.ke],[hɛt̚.ʌ.gɯ.ge]
묵비권을 행사할 수,144,[muk̚.pi.kwʌn.ɯl.hɛŋ.sa.hal.su],[muk̚.pi.gwʌn.ɯl.hɛŋ.sa.hal.su]
때문에 난,144,[t͈ɛ.mun.e.nan],[t͈ɛ.mun.e.nan]
가진 거,144,[ka.tʃiŋ.kʌ],[ga.dʒin.gʌ]
안 갖고,144,[aŋ.kat̚.ko],[an.gat̚.ko]
그 일에 대해,144,[kɯ.il.e.tɛ.hɛ],[gɯ.il.e.dɛ.hɛ]
갖고 있다고,144,[kat̚.ko.it̚.ta.ko],[gat̚.ko.it̚.ta.go]
좀 들어 봐,144,[tʃon.tɯl.ʌ.pwa],[dʒom.dɯl.ʌ.bwa]
나 임신했어,144,[na.im.sin.hɛt̚.ʌ],[na.im.sin.hɛt̚.ʌ]
내 두,144,[nɛ.tu],[nɛ.du]
없어 無力なままでは終われない 무력한,144,[ʌp̚.ʌ.mu.ɾjʌk̚.han],[ʌp̚.ʌ.mu.ɾjʌk̚.han]
둘 중 하나는,144,[tul.tʃuŋ.ha.na.nɯn],[dul.dʒuŋ.ha.na.nɯn]
먹어도 돼요,144,[mʌk̚.ʌ.to.twɛ.jo],[mʌk̚.ʌ.do.dwɛ.jo]
것이다 내,144,[kʌt̚.i.ta.nɛ],[gʌt̚.i.da.nɛ]
걸 더,144,[kʌl.tʌ],[gʌl.dʌ]
아니에요 당신이,144,[a.ni.e.jo.taŋ.sin.i],[a.ni.e.jo.daŋ.sin.i]
생각 중이에요,144,[sɛŋ.kak̚.tʃuŋ.i.e.jo],[sɛŋ.gak̚.dʒuŋ.i.e.jo]
운이 좋았어요,144,[un.i.tʃot̚.at̚.ʌ.jo],[un.i.dʒot̚.at̚.ʌ.jo]
야 이,144,[ja.i],[ja.i]
친구가 되고,144,[tʃʰiŋ.ku.ka.twe.ko],[tʃʰiŋ.ku.ga.dwe.go]
화가 났어요,144,[hwa.ka.nat̚.ʌ.jo],[hwa.ga.nat̚.ʌ.jo]
Have you,144,,
노력하고 있어요,144,[no.ɾjʌk̚.ha.ko.it̚.ʌ.jo],[no.ɾjʌk̚.ha.go.it̚.ʌ.jo]
보기 위해서,144,[po.ki.wi.hɛ.sʌ],[bo.gi.wi.hɛ.sʌ]
순 없어 無力なままでは終われない,144,[sun.ʌp̚.ʌ],[sun.ʌp̚.ʌ]
하지만 다시,144,[ha.tʃi.man.ta.si],[ha.dʒi.man.da.si]
나랑 안,144,[na.ɾaŋ.an],[na.ɾaŋ.an]
어떻게 든,144,[ʌ.t͈ʌt̚.ke.tɯn],[ʌ.t͈ʌt̚.ke.dɯn]
좋긴 한데,144,[tʃot̚.kin.han.te],[dʒot̚.kin.han.te]
그럼 계속,144,[kɯ.ɾʌm.kje.sok̚],[gɯ.ɾʌm.gje.sok̚]
해 당신이,144,[hɛ.taŋ.sin.i],[hɛ.daŋ.sin.i]
맞을 수도,144,[mat̚.ɯl.su.to],[mat̚.ɯl.su.do]
굳세게 활짝 피어라 力にして明日を強く咲き誇れ,144,[kut̚.se.ke.hwal.tʃ͈ak̚.pʰi.ʌ.ɾa],[gut̚.se.ge.hwal.tʃ͈ak̚.pʰi.ʌ.ɾa]
있어 좋은,144,[it̚.ʌ.tʃot̚.ɯn],[it̚.ʌ.dʒot̚.ɯn]
나은 것,144,[na.ɯŋ.kʌt̚],[na.ɯn.gʌt̚]
오래 걸리지 않을,144,[o.ɾɛ.kʌl.ɾi.tʃi.an.ɯl],[o.ɾɛ.gʌl.ɾi.dʒi.an.ɯl]
만든 거,144,[man.tɯŋ.kʌ],[man.tɯn.gʌ]
달릴 수,144,[tal.ɾil.su],[dal.ɾil.su]
별일 없는,144,[pjʌl.il.ʌp̚.nɯn],[bjʌl.il.ʌp̚.nɯn]
아니라 네,144,[a.ni.ɾa.ne],[a.ni.ɾa.ne]
피어라 力にして明日を強く咲き誇れ,144,[pʰi.ʌ.ɾa],[pʰi.ʌ.ɾa]
있어 안녕,144,[it̚.ʌ.an.njʌŋ],[it̚.ʌ.an.njʌŋ]
태어날 때부터,144,[tʰɛ.ʌ.nal.t͈ɛ.pu.tʰʌ],[tʰɛ.ʌ.nal.t͈ɛ.bu.tʰʌ]
제대로 할,144,[tʃe.tɛ.ɾo.hal],[dʒe.dɛ.ɾo.hal]
변하지 않아,144,[pjʌn.ha.tʃi.an.a],[bjʌn.ha.dʒi.an.a]
우리가 모두,144,[u.ɾi.ka.mo.tu],[u.ɾi.ga.mo.du]
이건 어떻게,144,[i.kʌn.ʌ.t͈ʌt̚.ke],[i.gʌn.ʌ.t͈ʌt̚.ke]
원래 있던,144,[wʌl.lɛ.it̚.tʌn],[wʌl.lɛ.it̚.tʌn]
the TARDIS,144,,
이 길을,144,[i.kil.ɯl],[i.gil.ɯl]
안 되겠네요,144,[an.twe.ket̚.ne.jo],[an.dwe.get̚.ne.jo]
그냥 널,144,[kɯ.njaŋ.nʌl],[gɯ.njaŋ.nʌl]
했으면 좋겠어,144,[hɛt̚.ɯ.mjʌn.tʃot̚.ket̚.ʌ],[hɛt̚.ɯ.mjʌn.dʒot̚.ket̚.ʌ]
생각을 한,144,[sɛŋ.kak̚.ɯl.han],[sɛŋ.gak̚.ɯl.han]
보여 주세요,144,[po.jʌ.tʃu.se.jo],[bo.jʌ.dʒu.se.jo]
절대 모를,144,[tʃʌl.tɛ.mo.ɾɯl],[dʒʌl.tɛ.mo.ɾɯl]
이틀 후에,144,[i.tʰɯl.hu.e],[i.tʰɯl.hu.e]
좋은 친구가,144,[tʃot̚.ɯn.tʃʰiŋ.ku.ka],[dʒot̚.ɯn.tʃʰiŋ.ku.ga]
말 했잖아,144,[mal.hɛt̚.tʃan.a],[mal.hɛt̚.tʃan.a]
거예요 그러니,144,[kʌ.je.jo.kɯ.ɾʌ.ni],[gʌ.je.jo.gɯ.ɾʌ.ni]
좀만 더,144,[tʃom.man.tʌ],[dʒom.man.dʌ]
끝낼 순 없어 無力なままでは終われない,144,[k͈ɯt̚.nɛl.sun.ʌp̚.ʌ],[k͈ɯt̚.nɛl.sun.ʌp̚.ʌ]
잘 지켜봐,144,[tʃal.tʃi.kʰjʌ.pwa],[dʒal.dʒi.kʰjʌ.bwa]
내 아버지,144,[nɛ.a.pʌ.tʃi],[nɛ.a.bʌ.dʒi]
활짝 피어라 力にして明日を強く咲き誇れ,144,[hwal.tʃ͈ak̚.pʰi.ʌ.ɾa],[hwal.tʃ͈ak̚.pʰi.ʌ.ɾa]
없어 無力なままでは終われない 무력한 채로,144,[ʌp̚.ʌ.mu.ɾjʌk̚.han.tʃʰɛ.ɾo],[ʌp̚.ʌ.mu.ɾjʌk̚.han.tʃʰɛ.ɾo]
나올 것,144,[na.ol.kʌt̚],[na.ol.gʌt̚]
널 해치지,144,[nʌl.hɛ.tʃʰi.tʃi],[nʌl.hɛ.tʃʰi.dʒi]
다 좋아,144,[ta.tʃot̚.a],[da.dʒot̚.a]
아주 많아요,144,[a.tʃu.man.a.jo],[a.dʒu.man.a.jo]
with him,144,,
아닙니다 그럼,144,[a.nip̚.ni.ta.kɯ.ɾʌm],[a.nip̚.ni.da.gɯ.ɾʌm]
왜 그런 말을 해,144,[wɛ.kɯ.ɾʌn.mal.ɯl.hɛ],[wɛ.gɯ.ɾʌn.mal.ɯl.hɛ]
아니에요 당신은,144,[a.ni.e.jo.taŋ.sin.ɯn],[a.ni.e.jo.daŋ.sin.ɯn]
수 있겠는가,144,[su.it̚.ket̚.nɯŋ.ka],[su.it̚.ket̚.nɯŋ.ka]
아직은 안,144,[a.tʃik̚.ɯn.an],[a.dʒik̚.ɯn.an]
말 하기,144,[mal.ha.ki],[mal.ha.gi]
피어라 力にして明日を強く咲き誇れ 힘으로,144,[pʰi.ʌ.ɾa.him.ɯ.ɾo],[pʰi.ʌ.ɾa.him.ɯ.ɾo]
무슨 뜻인지 알지,144,[mu.sɯn.t͈ɯt̚.in.tʃi.al.tʃi],[mu.sɯn.t͈ɯt̚.in.tʃi.al.tʃi]
우리는 그것이,144,[u.ɾi.nɯŋ.kɯ.kʌt̚.i],[u.ɾi.nɯn.gɯ.gʌt̚.i]
잘은 모르지만,144,[tʃal.ɯn.mo.ɾɯ.tʃi.man],[dʒal.ɯn.mo.ɾɯ.dʒi.man]
그 부분을,144,[kɯ.pu.pun.ɯl],[gɯ.bu.bun.ɯl]
알고 있는지,144,[al.ko.it̚.nɯn.tʃi],[al.ko.it̚.nɯn.tʃi]
대체 왜 이래,144,[tɛ.tʃʰe.wɛ.i.ɾɛ],[dɛ.tʃʰe.wɛ.i.ɾɛ]
이 불쌍한,144,[i.pul.s͈aŋ.han],[i.bul.s͈aŋ.han]
만들 수 있는,144,[man.tɯl.su.it̚.nɯn],[man.tɯl.su.it̚.nɯn]
살아 있다고,144,[sal.a.it̚.ta.ko],[sal.a.it̚.ta.go]
나랑 가자,144,[na.ɾaŋ.ka.tʃa],[na.ɾaŋ.ga.dʒa]
순 없어 無力なままでは終われない 무력한,144,[sun.ʌp̚.ʌ.mu.ɾjʌk̚.han],[sun.ʌp̚.ʌ.mu.ɾjʌk̚.han]
이상 안,144,[i.saŋ.an],[i.saŋ.an]
활짝 피어라 力にして明日を強く咲き誇れ 힘으로,144,[hwal.tʃ͈ak̚.pʰi.ʌ.ɾa.him.ɯ.ɾo],[hwal.tʃ͈ak̚.pʰi.ʌ.ɾa.him.ɯ.ɾo]
좋아 넌,144,[tʃot̚.a.nʌn],[dʒot̚.a.nʌn]
없어 無力なままでは終われない,144,[ʌp̚.ʌ],[ʌp̚.ʌ]
What the hell,144,,
문제가 하나,144,[mun.tʃe.ka.ha.na],[mun.tʃe.ga.ha.na]
그렇고 말고,144,[kɯ.ɾʌt̚.ko.mal.ko],[gɯ.ɾʌt̚.ko.mal.ko]
건 몰라도,144,[kʌn.mol.ɾa.to],[gʌn.mol.ɾa.do]
들어 있는,144,[tɯl.ʌ.it̚.nɯn],[dɯl.ʌ.it̚.nɯn]
피어라 力にして明日を強く咲き誇れ 힘으로 삼고,144,[pʰi.ʌ.ɾa.him.ɯ.ɾo.sam.ko],[pʰi.ʌ.ɾa.him.ɯ.ɾo.sam.ko]
해결 못,144,[hɛ.kjʌl.mot̚],[hɛ.gjʌl.mot̚]
속이 안,144,[sok̚.i.an],[sok̚.i.an]
있죠 그래서,144,[it̚.tʃjo.kɯ.ɾɛ.sʌ],[it̚.tʃjo.gɯ.ɾɛ.sʌ]
이길 수 있어,144,[i.kil.su.it̚.ʌ],[i.gil.su.it̚.ʌ]
짓을 한 거죠,144,[tʃit̚.ɯl.haŋ.kʌ.tʃjo],[dʒit̚.ɯl.han.gʌ.dʒjo]
나는 아직도,144,[na.nɯn.a.tʃik̚.to],[na.nɯn.a.dʒik̚.to]
없을 것 같아요,144,[ʌp̚.ɯl.kʌt̚.kat̚.a.jo],[ʌp̚.ɯl.gʌt̚.gat̚.a.jo]
그렇지 않나,144,[kɯ.ɾʌt̚.tʃi.an.na],[gɯ.ɾʌt̚.tʃi.an.na]
벗어나야 해,144,[pʌt̚.ʌ.na.ja.hɛ],[bʌt̚.ʌ.na.ja.hɛ]
대로 하세요,144,[tɛ.ɾo.ha.se.jo],[dɛ.ɾo.ha.se.jo]
오늘 처음,144,[o.nɯl.tʃʰʌ.ɯm],[o.nɯl.tʃʰʌ.ɯm]
그게 누군지,144,[kɯ.ke.nu.kun.tʃi],[gɯ.ge.nu.gun.tʃi]
두고 볼,144,[tu.ko.pol],[du.go.bol]
있었어 그리고,144,[it̚.ʌt̚.ʌ.kɯ.ɾi.ko],[it̚.ʌt̚.ʌ.gɯ.ɾi.go]
어떻게 이걸,144,[ʌ.t͈ʌt̚.ke.i.kʌl],[ʌ.t͈ʌt̚.ke.i.gʌl]
그냥 가서,144,[kɯ.njaŋ.ka.sʌ],[gɯ.njaŋ.ga.sʌ]
눈이 안,144,[nun.i.an],[nun.i.an]
이야기를 하고,144,[i.ja.ki.ɾɯl.ha.ko],[i.ja.gi.ɾɯl.ha.go]
거야 세상에,144,[kʌ.ja.se.saŋ.e],[gʌ.ja.se.saŋ.e]
왜 필요해,144,[wɛ.pʰil.jo.hɛ],[wɛ.pʰil.jo.hɛ]
그 자를,143,[kɯ.tʃa.ɾɯl],[gɯ.dʒa.ɾɯl]
혼자서는 흘릴 수 없는,143,[hon.tʃa.sʌ.nɯn.hɯl.ɾil.su.ʌp̚.nɯn],[hon.tʃa.sʌ.nɯn.hɯl.ɾil.su.ʌp̚.nɯn]
終わりなき 夢の間と間 끝이,143,[k͈ɯt̚.i],[k͈ɯt̚.i]
gonna do,143,,
戦場で咲く華の様に 전쟁터에서 피어나는,143,[tʃʌn.tʃɛŋ.tʰʌ.e.sʌ.pʰi.ʌ.na.nɯn],[dʒʌn.tʃɛŋ.tʰʌ.e.sʌ.pʰi.ʌ.na.nɯn]
이 꽃을 ひらひらと舞い散る,143,[i.k͈ot̚.ɯl],[i.k͈ot̚.ɯl]
왜 그랬을까요,143,[wɛ.kɯ.ɾɛt̚.ɯl.k͈a.jo],[wɛ.gɯ.ɾɛt̚.ɯl.k͈a.jo]
네 방에,143,[ne.paŋ.e],[ne.baŋ.e]
위해 나는,143,[wi.hɛ.na.nɯn],[wi.hɛ.na.nɯn]
또 하나의,143,[t͈o.ha.na.ɯi],[t͈o.ha.na.ɯi]
夢の間と間 끝이 없는,143,[k͈ɯt̚.i.ʌp̚.nɯn],[k͈ɯt̚.i.ʌp̚.nɯn]
했어요 그게,143,[hɛt̚.ʌ.jo.kɯ.ke],[hɛt̚.ʌ.jo.gɯ.ge]
그건 저도,143,[kɯ.kʌn.tʃʌ.to],[gɯ.gʌn.dʒʌ.do]
휘날리는 이 꽃을 ひらひらと舞い散る,143,[hwi.nal.ɾi.nɯn.i.k͈ot̚.ɯl],[hwi.nal.ɾi.nɯn.i.k͈ot̚.ɯl]
꽃을 ひらひらと舞い散る,143,[k͈ot̚.ɯl],[k͈ot̚.ɯl]
없는 꿈의,143,[ʌp̚.nɯŋ.k͈um.ɯi],[ʌp̚.nɯŋ.k͈um.ɯi]
느낌이 들어,143,[nɯ.k͈im.i.tɯl.ʌ],[nɯ.k͈im.i.dɯl.ʌ]
된다고 했잖아,143,[twen.ta.ko.hɛt̚.tʃan.a],[dwen.ta.go.hɛt̚.tʃan.a]
배를 띄우리 希望という船を出そう 희망이라는,143,[pɛ.ɾɯl.t͈ɯi.u.ɾi.hɯi.maŋ.i.ɾa.nɯn],[bɛ.ɾɯl.t͈ɯi.u.ɾi.hɯi.maŋ.i.ɾa.nɯn]
그 어떤 것도,143,[kɯ.ʌ.t͈ʌŋ.kʌt̚.to],[gɯ.ʌ.t͈ʌn.gʌt̚.to]
끝이 없는 꿈의 틈바구니,143,[k͈ɯt̚.i.ʌp̚.nɯŋ.k͈um.ɯi.tʰɯm.pa.ku.ni],[k͈ɯt̚.i.ʌp̚.nɯŋ.k͈um.ɯi.tʰɯm.pa.gu.ni]
될 수 있다고,143,[twel.su.it̚.ta.ko],[dwel.su.it̚.ta.go]
멈추지 않아,143,[mʌn.tʃʰu.tʃi.an.a],[mʌn.tʃʰu.dʒi.an.a]
우리 거야,143,[u.ɾi.kʌ.ja],[u.ɾi.gʌ.ja]
나타날 거야,143,[na.tʰa.nal.kʌ.ja],[na.tʰa.nal.gʌ.ja]
내 몸은,143,[nɛ.mom.ɯn],[nɛ.mom.ɯn]
안에 있던,143,[an.e.it̚.tʌn],[an.e.it̚.tʌn]
that the,143,,
남을 거야,143,[nam.ɯl.kʌ.ja],[nam.ɯl.gʌ.ja]
戦場で咲く華の様に 전쟁터에서,143,[tʃʌn.tʃɛŋ.tʰʌ.e.sʌ],[dʒʌn.tʃɛŋ.tʰʌ.e.sʌ]
우리 아들은,143,[u.ɾi.a.tɯl.ɯn],[u.ɾi.a.dɯl.ɯn]
トLH인 유전자,143,[in.ju.tʃʌn.tʃa],[in.ju.dʒʌn.tʃa]
조각에서 強者たちは夢のかけらに 전사들은,143,[tʃo.kak̚.e.sʌ.tʃʌn.sa.tɯl.ɯn],[dʒo.gak̚.e.sʌ.dʒʌn.sa.dɯl.ɯn]
우리 전부,143,[u.ɾi.tʃʌm.pu],[u.ɾi.dʒʌm.pu]
띄우리 希望という船を出そう,143,[t͈ɯi.u.ɾi],[t͈ɯi.u.ɾi]
일 있는,143,[il.it̚.nɯn],[il.it̚.nɯn]
거야 말,143,[kʌ.ja.mal],[gʌ.ja.mal]
나에 관한,143,[na.e.kwan.han],[na.e.gwan.han]
별 하늘을 まだ,143,[pjʌl.ha.nɯl.ɯl],[bjʌl.ha.nɯl.ɯl]
코이즈미 쿄코,143,[kʰo.i.tʃɯ.mi.kʰjo.kʰo],[kʰo.i.dʒɯ.mi.kʰjo.kʰo]
하지 않나요,143,[ha.tʃi.an.na.jo],[ha.dʒi.an.na.jo]
안 돼 우리,143,[an.twɛ.u.ɾi],[an.dwɛ.u.ɾi]
돼요 왜,143,[twɛ.jo.wɛ],[dwɛ.jo.wɛ]
꿈의 틈바구니,143,[k͈um.ɯi.tʰɯm.pa.ku.ni],[k͈um.ɯi.tʰɯm.pa.gu.ni]
테이블 위에,143,[tʰe.i.pɯl.wi.e],[tʰe.i.bɯl.wi.e]
나 말이야,143,[na.mal.i.ja],[na.mal.i.ja]
꺾여 쓰러지고 あがき続け,143,[k͈ʌk̚.jʌ.s͈ɯ.ɾʌ.tʃi.ko],[k͈ʌk̚.jʌ.s͈ɯ.ɾʌ.dʒi.go]
그건 어디서,143,[kɯ.kʌn.ʌ.ti.sʌ],[gɯ.gʌn.ʌ.di.sʌ]
정말 맘에,143,[tʃʌŋ.mal.mam.e],[dʒʌŋ.mal.mam.e]
하늘을 まだ 数え足りない 星空を,143,[ha.nɯl.ɯl],[ha.nɯl.ɯl]
꿈의 조각에서 強者たちは夢のかけらに 전사들은,143,[k͈um.ɯi.tʃo.kak̚.e.sʌ.tʃʌn.sa.tɯl.ɯn],[k͈um.ɯi.dʒo.gak̚.e.sʌ.dʒʌn.sa.dɯl.ɯn]
전 절대,143,[tʃʌn.tʃʌl.tɛ],[dʒʌn.dʒʌl.tɛ]
해 그렇게,143,[hɛ.kɯ.ɾʌt̚.ke],[hɛ.gɯ.ɾʌt̚.ke]
夢を見続け彷徨う 꿈을 계속 꾸며,143,[k͈um.ɯl.kje.sok̚.k͈u.mjʌ],[k͈um.ɯl.gje.sok̚.k͈u.mjʌ]
브로드 가,143,[pɯ.ɾo.tɯ.ka],[bɯ.ɾo.dɯ.ga]
꽃을 ひらひらと舞い散る この花を,143,[k͈ot̚.ɯl],[k͈ot̚.ɯl]
혼자서는 흘릴 수,143,[hon.tʃa.sʌ.nɯn.hɯl.ɾil.su],[hon.tʃa.sʌ.nɯn.hɯl.ɾil.su]
계속 꿈을 꾸며,143,[kje.sok̚.k͈um.ɯl.k͈u.mjʌ],[gje.sok̚.k͈um.ɯl.k͈u.mjʌ]
안 되는데요,143,[an.twe.nɯn.te.jo],[an.dwe.nɯn.te.jo]
피어나는 꽃처럼,143,[pʰi.ʌ.na.nɯŋ.k͈ot̚.tʃʰʌ.ɾʌm],[pʰi.ʌ.na.nɯŋ.k͈ot̚.tʃʰʌ.ɾʌm]
당신 남편이,143,[taŋ.sin.nam.pʰjʌn.i],[daŋ.sin.nam.pʰjʌn.i]
一人では 流せない,143,,
띄우리 希望という船を出そう 희망이라는,143,[t͈ɯi.u.ɾi.hɯi.maŋ.i.ɾa.nɯn],[t͈ɯi.u.ɾi.hɯi.maŋ.i.ɾa.nɯn]
이 사람아,143,[i.sa.ɾam.a],[i.sa.ɾam.a]
자네가 날,143,[tʃa.ne.ka.nal],[dʒa.ne.ga.nal]
수 없는 눈물이,143,[su.ʌp̚.nɯn.nun.mul.i],[su.ʌp̚.nɯn.nun.mul.i]
끝이 없는 꿈의,143,[k͈ɯt̚.i.ʌp̚.nɯŋ.k͈um.ɯi],[k͈ɯt̚.i.ʌp̚.nɯŋ.k͈um.ɯi]
안 됐지만,143,[an.twɛt̚.tʃi.man],[an.dwɛt̚.tʃi.man]
나 때문이야,143,[na.t͈ɛ.mun.i.ja],[na.t͈ɛ.mun.i.ja]
수 있어 네,143,[su.it̚.ʌ.ne],[su.it̚.ʌ.ne]
알고 있었나,143,[al.ko.it̚.ʌt̚.na],[al.ko.it̚.ʌt̚.na]
이거 보세요,143,[i.kʌ.po.se.jo],[i.gʌ.bo.se.jo]
여기부터 움직이라,143,[jʌ.ki.pu.tʰʌ.un.tʃik̚.i.ɾa],[jʌ.gi.bu.tʰʌ.un.tʃik̚.i.ɾa]
주 안에,143,[tʃu.an.e],[dʒu.an.e]
夢を見続け彷徨う 계속 꿈을,143,[kje.sok̚.k͈um.ɯl],[gje.sok̚.k͈um.ɯl]
계속 꾸며 방황하네,143,[kje.sok̚.k͈u.mjʌ.paŋ.hwaŋ.ha.ne],[gje.sok̚.k͈u.mjʌ.baŋ.hwaŋ.ha.ne]
夢の間と間 끝이 없는 꿈의,143,[k͈ɯt̚.i.ʌp̚.nɯŋ.k͈um.ɯi],[k͈ɯt̚.i.ʌp̚.nɯŋ.k͈um.ɯi]
있을 줄은,143,[it̚.ɯl.tʃul.ɯn],[it̚.ɯl.dʒul.ɯn]
내가 생각한,143,[nɛ.ka.sɛŋ.kak̚.han],[nɛ.ga.sɛŋ.gak̚.han]
진실을 말할,143,[tʃin.sil.ɯl.mal.hal],[dʒin.sil.ɯl.mal.hal]
오면 안 돼,143,[o.mjʌn.an.twɛ],[o.mjʌn.an.dwɛ]
한참인 별 하늘을 まだ,143,[han.tʃʰam.im.pjʌl.ha.nɯl.ɯl],[han.tʃʰam.in.bjʌl.ha.nɯl.ɯl]
말이 하고,143,[mal.i.ha.ko],[mal.i.ha.go]
싶은 거예요,143,[sip̚.ɯŋ.kʌ.je.jo],[sip̚.ɯn.gʌ.je.jo]
이 꽃을 ひらひらと舞い散る この花を,143,[i.k͈ot̚.ɯl],[i.k͈ot̚.ɯl]
말 들었지,143,[mal.tɯl.ʌt̚.tʃi],[mal.dɯl.ʌt̚.tʃi]
건가 봐,143,[kʌŋ.ka.pwa],[gʌŋ.ka.bwa]
방해하지 마,143,[paŋ.hɛ.ha.tʃi.ma],[baŋ.hɛ.ha.dʒi.ma]
쓰러지고 あがき続け,143,[s͈ɯ.ɾʌ.tʃi.ko],[s͈ɯ.ɾʌ.dʒi.go]
꿈을 계속 꾸며,143,[k͈um.ɯl.kje.sok̚.k͈u.mjʌ],[k͈um.ɯl.gje.sok̚.k͈u.mjʌ]
命焦がしてfusion 목숨을 애태우며 fusion,143,[mok̚.sum.ɯl.ɛ.tʰɛ.u.mjʌ],[mok̚.sum.ɯl.ɛ.tʰɛ.u.mjʌ]
誰にも言えない胸騒ぎ 아무한테도 말 못,143,[a.mu.han.tʰe.to.mal.mot̚],[a.mu.han.tʰe.do.mal.mot̚]
최대한 많이,143,[tʃʰwe.tɛ.han.man.i],[tʃʰwe.dɛ.han.man.i]
알았어 고마워,143,[al.at̚.ʌ.ko.ma.wʌ],[al.at̚.ʌ.go.ma.wʌ]
상대가 안,143,[saŋ.tɛ.ka.an],[saŋ.dɛ.ga.an]
전쟁터에서 피어나는 꽃처럼,143,[tʃʌn.tʃɛŋ.tʰʌ.e.sʌ.pʰi.ʌ.na.nɯŋ.k͈ot̚.tʃʰʌ.ɾʌm],[dʒʌn.tʃɛŋ.tʰʌ.e.sʌ.pʰi.ʌ.na.nɯŋ.k͈ot̚.tʃʰʌ.ɾʌm]
夢を見続け彷徨う 꿈을,143,[k͈um.ɯl],[k͈um.ɯl]
않았어 하지만,143,[an.at̚.ʌ.ha.tʃi.man],[an.at̚.ʌ.ha.dʒi.man]
있는 기회를,143,[it̚.nɯŋ.ki.hwe.ɾɯl],[it̚.nɯn.gi.hwe.ɾɯl]
키스하겠어 光より早くキスをしよう,143,[kʰi.sɯ.ha.ket̚.ʌ],[kʰi.sɯ.ha.get̚.ʌ]
봐요 이,143,[pwa.jo.i],[bwa.jo.i]
네가 모르는,143,[ne.ka.mo.ɾɯ.nɯn],[ne.ga.mo.ɾɯ.nɯn]
流せない 涙 혼자서는 흘릴,143,[hon.tʃa.sʌ.nɯn.hɯl.ɾil],[hon.tʃa.sʌ.nɯn.hɯl.ɾil]
흘릴 수 없는,143,[hɯl.ɾil.su.ʌp̚.nɯn],[hɯl.ɾil.su.ʌp̚.nɯn]
運命よ ここから動き出せ 운명이여,143,[un.mjʌŋ.i.jʌ],[un.mjʌŋ.i.jʌ]
조각에서 強者たちは夢のかけらに 전사들은 꿈의,143,[tʃo.kak̚.e.sʌ.tʃʌn.sa.tɯl.ɯŋ.k͈um.ɯi],[dʒo.gak̚.e.sʌ.dʒʌn.sa.dɯl.ɯŋ.k͈um.ɯi]
희망이라는 배를 띄우리 希望という船を出そう,143,[hɯi.maŋ.i.ɾa.nɯm.pɛ.ɾɯl.t͈ɯi.u.ɾi],[hɯi.maŋ.i.ɾa.nɯn.bɛ.ɾɯl.t͈ɯi.u.ɾi]
병원에 가야,143,[pjʌŋ.wʌn.e.ka.ja],[bjʌŋ.wʌn.e.ga.ja]
것 이,143,[kʌt̚.i],[gʌt̚.i]
없는 꿈의 틈바구니,143,[ʌp̚.nɯŋ.k͈um.ɯi.tʰɯm.pa.ku.ni],[ʌp̚.nɯŋ.k͈um.ɯi.tʰɯm.pa.gu.ni]
항상 이런,143,[haŋ.saŋ.i.ɾʌn],[haŋ.saŋ.i.ɾʌn]
終わりなき 夢の間と間,143,,
있어 다,143,[it̚.ʌ.ta],[it̚.ʌ.da]
夢を見続け彷徨う 꿈을 계속,143,[k͈um.ɯl.kje.sok̚],[k͈um.ɯl.gje.sok̚]
지난 밤,143,[tʃi.nam.pam],[dʒi.nan.bam]
말이야 근데,143,[mal.i.ja.kɯn.te],[mal.i.ja.gɯn.te]
문자 그대로,143,[mun.tʃa.kɯ.tɛ.ɾo],[mun.tʃa.gɯ.dɛ.ɾo]
한 息の限り 続く限り,143,[han],[han]
流せない 涙,143,,
너무 뻔해,143,[nʌ.mu.p͈ʌn.hɛ],[nʌ.mu.p͈ʌn.hɛ]
전사들은 꿈의 조각에서 強者たちは夢のかけらに,143,[tʃʌn.sa.tɯl.ɯŋ.k͈um.ɯi.tʃo.kak̚.e.sʌ],[dʒʌn.sa.dɯl.ɯŋ.k͈um.ɯi.dʒo.gak̚.e.sʌ]
생각이 아니야,143,[sɛŋ.kak̚.i.a.ni.ja],[sɛŋ.gak̚.i.a.ni.ja]
꽃을 ひらひらと舞い散る この花を 팔랑팔랑,143,[k͈ot̚.ɯl.pʰal.ɾam.pʰal.ɾaŋ],[k͈ot̚.ɯl.pʰal.ɾam.pʰal.ɾaŋ]
당신 생각은,143,[taŋ.sin.sɛŋ.kak̚.ɯn],[daŋ.sin.sɛŋ.gak̚.ɯn]
그래 그런,143,[kɯ.ɾɛ.kɯ.ɾʌn],[gɯ.ɾɛ.gɯ.ɾʌn]
느낄 수 있어,143,[nɯ.k͈il.su.it̚.ʌ],[nɯ.k͈il.su.it̚.ʌ]
배를 띄우리 希望という船を出そう,143,[pɛ.ɾɯl.t͈ɯi.u.ɾi],[bɛ.ɾɯl.t͈ɯi.u.ɾi]
키스하겠어 光より早くキスをしよう 빛보다,143,[kʰi.sɯ.ha.ket̚.ʌ.pit̚.po.ta],[kʰi.sɯ.ha.get̚.ʌ.bit̚.po.da]
一人では 流せない 涙 혼자서는,143,[hon.tʃa.sʌ.nɯn],[hon.tʃa.sʌ.nɯn]
조각에서 強者たちは夢のかけらに,143,[tʃo.kak̚.e.sʌ],[dʒo.gak̚.e.sʌ]
誰にも言えない胸騒ぎ 아무한테도 말,143,[a.mu.han.tʰe.to.mal],[a.mu.han.tʰe.do.mal]
전설에 따르면,143,[tʃʌn.sʌl.e.t͈a.ɾɯ.mjʌn],[dʒʌn.sʌl.e.t͈a.ɾɯ.mjʌn]
빠르게 키스하겠어 光より早くキスをしよう 빛보다,143,[p͈a.ɾɯ.ke.kʰi.sɯ.ha.ket̚.ʌ.pit̚.po.ta],[p͈a.ɾɯ.ge.kʰi.sɯ.ha.get̚.ʌ.bit̚.po.da]
꼼짝 못,143,[k͈on.tʃ͈ak̚.mot̚],[k͈on.tʃ͈ak̚.mot̚]
보낸 거예요,143,[po.nɛŋ.kʌ.je.jo],[bo.nɛn.gʌ.je.jo]
좀 줄래요,143,[tʃon.tʃul.ɾɛ.jo],[dʒom.dʒul.ɾɛ.jo]
할 수 없죠,143,[hal.su.ʌp̚.tʃjo],[hal.su.ʌp̚.tʃjo]
별 하늘을 まだ 数え足りない,143,[pjʌl.ha.nɯl.ɯl],[bjʌl.ha.nɯl.ɯl]
알아요 그,143,[al.a.jo.kɯ],[al.a.jo.gɯ]
텐데 그,143,[tʰen.te.kɯ],[tʰen.te.gɯ]
들어 이,143,[tɯl.ʌ.i],[dɯl.ʌ.i]
한 息の限り 続く限り 숨이,143,[han.sum.i],[han.sum.i]
찾기 전에,143,[tʃʰat̚.ki.tʃʌn.e],[tʃʰat̚.ki.dʒʌn.e]
텐데 난,143,[tʰen.te.nan],[tʰen.te.nan]
꿈을 꾸며 방황하네,143,[k͈um.ɯl.k͈u.mjʌ.paŋ.hwaŋ.ha.ne],[k͈um.ɯl.k͈u.mjʌ.baŋ.hwaŋ.ha.ne]
혼자서는 흘릴,143,[hon.tʃa.sʌ.nɯn.hɯl.ɾil],[hon.tʃa.sʌ.nɯn.hɯl.ɾil]
돼 뭐,143,[twɛ.mwʌ],[dwɛ.mwʌ]
涙 혼자서는,143,[hon.tʃa.sʌ.nɯn],[hon.tʃa.sʌ.nɯn]
해 줄 거야,143,[hɛ.tʃul.kʌ.ja],[hɛ.dʒul.gʌ.ja]
내가 곧,143,[nɛ.ka.kot̚],[nɛ.ga.got̚]
주 실장,143,[tʃu.sil.tʃaŋ],[dʒu.sil.tʃaŋ]
고마워요 이제,143,[ko.ma.wʌ.jo.i.tʃe],[go.ma.wʌ.jo.i.dʒe]
말 나온,143,[mal.la.on],[mal.la.on]
도착할 때까지,143,[to.tʃʰak̚.hal.t͈ɛ.k͈a.tʃi],[do.tʃʰak̚.hal.t͈ɛ.k͈a.dʒi]
하늘을 まだ,143,[ha.nɯl.ɯl],[ha.nɯl.ɯl]
얘기할 거야,143,[jɛ.ki.hal.kʌ.ja],[jɛ.gi.hal.gʌ.ja]
이제 없어,143,[i.tʃe.ʌp̚.ʌ],[i.dʒe.ʌp̚.ʌ]
하고 있나,143,[ha.ko.it̚.na],[ha.go.it̚.na]
誰にも言えない胸騒ぎ 아무한테도,143,[a.mu.han.tʰe.to],[a.mu.han.tʰe.do]
涙 혼자서는 흘릴,143,[hon.tʃa.sʌ.nɯn.hɯl.ɾil],[hon.tʃa.sʌ.nɯn.hɯl.ɾil]
ここから動き出せ 운명이여,143,[un.mjʌŋ.i.jʌ],[un.mjʌŋ.i.jʌ]
계속 꾸며,143,[kje.sok̚.k͈u.mjʌ],[gje.sok̚.k͈u.mjʌ]
죽은 줄 알았어,143,[tʃuk̚.ɯn.tʃul.al.at̚.ʌ],[dʒuk̚.ɯn.dʒul.al.at̚.ʌ]
빠르게 키스하겠어 光より早くキスをしよう,143,[p͈a.ɾɯ.ke.kʰi.sɯ.ha.ket̚.ʌ],[p͈a.ɾɯ.ge.kʰi.sɯ.ha.get̚.ʌ]
쓸 거,143,[s͈ɯl.kʌ],[s͈ɯl.gʌ]
손 머리,143,[son.mʌ.ɾi],[son.mʌ.ɾi]
발버둥치고 꺾여 쓰러지고 あがき続け,143,[pal.pʌ.tuŋ.tʃʰi.ko.k͈ʌk̚.jʌ.s͈ɯ.ɾʌ.tʃi.ko],[bal.pʌ.duŋ.tʃʰi.go.k͈ʌk̚.jʌ.s͈ɯ.ɾʌ.dʒi.go]
빛보다 빠르게 키스하겠어 光より早くキスをしよう,143,[pit̚.po.ta.p͈a.ɾɯ.ke.kʰi.sɯ.ha.ket̚.ʌ],[bit̚.po.da.p͈a.ɾɯ.ge.kʰi.sɯ.ha.get̚.ʌ]
못 했던,143,[mot̚.hɛt̚.tʌn],[mot̚.hɛt̚.tʌn]
더 멋진,143,[tʌ.mʌt̚.tʃin],[dʌ.mʌt̚.tʃin]
夢を見続け彷徨う 계속 꿈을 꾸며,143,[kje.sok̚.k͈um.ɯl.k͈u.mjʌ],[gje.sok̚.k͈um.ɯl.k͈u.mjʌ]
수 있는 거죠,143,[su.it̚.nɯŋ.kʌ.tʃjo],[su.it̚.nɯn.gʌ.dʒjo]
戦場で咲く華の様に 전쟁터에서 피어나는 꽃처럼,143,[tʃʌn.tʃɛŋ.tʰʌ.e.sʌ.pʰi.ʌ.na.nɯŋ.k͈ot̚.tʃʰʌ.ɾʌm],[dʒʌn.tʃɛŋ.tʰʌ.e.sʌ.pʰi.ʌ.na.nɯŋ.k͈ot̚.tʃʰʌ.ɾʌm]
좋은 것 같아,143,[tʃot̚.ɯŋ.kʌt̚.kat̚.a],[dʒot̚.ɯn.gʌt̚.gat̚.a]
命焦がしてfusion 목숨을 애태우며,143,[mok̚.sum.ɯl.ɛ.tʰɛ.u.mjʌ],[mok̚.sum.ɯl.ɛ.tʰɛ.u.mjʌ]
꿈을 계속 꾸며 방황하네,143,[k͈um.ɯl.kje.sok̚.k͈u.mjʌ.paŋ.hwaŋ.ha.ne],[k͈um.ɯl.gje.sok̚.k͈u.mjʌ.baŋ.hwaŋ.ha.ne]
命焦がしてfusion 목숨을,143,[mok̚.sum.ɯl],[mok̚.sum.ɯl]
流せない 涙 혼자서는,143,[hon.tʃa.sʌ.nɯn],[hon.tʃa.sʌ.nɯn]
더 좋다,143,[tʌ.tʃot̚.ta],[dʌ.dʒot̚.ta]
잠깐이면 돼요,143,[tʃam.k͈an.i.mjʌn.twɛ.jo],[dʒam.k͈an.i.mjʌn.dwɛ.jo]
소릴 하는 거야,143,[so.ɾil.ha.nɯŋ.kʌ.ja],[so.ɾil.ha.nɯn.gʌ.ja]
그 중에,143,[kɯ.tʃuŋ.e],[gɯ.dʒuŋ.e]
꺾여 쓰러지고 あがき続け 倒れくじけ,143,[k͈ʌk̚.jʌ.s͈ɯ.ɾʌ.tʃi.ko],[k͈ʌk̚.jʌ.s͈ɯ.ɾʌ.dʒi.go]
運命よ ここから動き出せ,143,,
건 알지만 하지만,143,[kʌn.al.tʃi.man.ha.tʃi.man],[gʌn.al.tʃi.man.ha.dʒi.man]
말이 그 말이야,143,[mal.i.kɯ.mal.i.ja],[mal.i.gɯ.mal.i.ja]
이런 일도,143,[i.ɾʌn.il.to],[i.ɾʌn.il.to]
그러지 뭐,143,[kɯ.ɾʌ.tʃi.mwʌ],[gɯ.ɾʌ.dʒi.mwʌ]
번째 기회를,143,[pʌn.tʃ͈ɛ.ki.hwe.ɾɯl],[bʌn.tʃ͈ɛ.gi.hwe.ɾɯl]
涙 혼자서는 흘릴 수,143,[hon.tʃa.sʌ.nɯn.hɯl.ɾil.su],[hon.tʃa.sʌ.nɯn.hɯl.ɾil.su]
어떻게 되나,143,[ʌ.t͈ʌt̚.ke.twe.na],[ʌ.t͈ʌt̚.ke.dwe.na]
우리가 알고 있는,143,[u.ɾi.ka.al.ko.it̚.nɯn],[u.ɾi.ga.al.ko.it̚.nɯn]
딱 보면,143,[t͈ak̚.po.mjʌn],[t͈ak̚.bo.mjʌn]
나도 당신,143,[na.to.taŋ.sin],[na.do.daŋ.sin]
죽이려 한,143,[tʃuk̚.i.ɾjʌ.han],[dʒuk̚.i.ɾjʌ.han]
꿈의 조각에서 強者たちは夢のかけらに,143,[k͈um.ɯi.tʃo.kak̚.e.sʌ],[k͈um.ɯi.dʒo.gak̚.e.sʌ]
널 더,143,[nʌl.tʌ],[nʌl.dʌ]
遺伝子 막무,143,[mak̚.mu],[mak̚.mu]
쓰러지고 あがき続け 倒れくじけ,143,[s͈ɯ.ɾʌ.tʃi.ko],[s͈ɯ.ɾʌ.dʒi.go]
무슨 일 있으면,143,[mu.sɯn.il.it̚.ɯ.mjʌn],[mu.sɯn.il.it̚.ɯ.mjʌn]
계속되는 한 息の限り 続く限り,143,[kje.sok̚.twe.nɯn.han],[gje.sok̚.twe.nɯn.han]
죽기 싫어,143,[tʃuk̚.ki.sil.ʌ],[dʒuk̚.ki.sil.ʌ]
계속 꿈을 꾸며 방황하네,143,[kje.sok̚.k͈um.ɯl.k͈u.mjʌ.paŋ.hwaŋ.ha.ne],[gje.sok̚.k͈um.ɯl.k͈u.mjʌ.baŋ.hwaŋ.ha.ne]
여자 친구를,143,[jʌ.tʃa.tʃʰiŋ.ku.ɾɯl],[jʌ.dʒa.tʃʰiŋ.ku.ɾɯl]
키스하겠어 光より早くキスをしよう 빛보다 빠르게,143,[kʰi.sɯ.ha.ket̚.ʌ.pit̚.po.ta.p͈a.ɾɯ.ke],[kʰi.sɯ.ha.get̚.ʌ.bit̚.po.da.p͈a.ɾɯ.ge]
말이 무슨,143,[mal.i.mu.sɯn],[mal.i.mu.sɯn]
한 息の限り,143,[han],[han]
쓰러지고 あがき続け 倒れくじけ 한없이,143,[s͈ɯ.ɾʌ.tʃi.ko.han.ʌp̚.i],[s͈ɯ.ɾʌ.dʒi.go.han.ʌp̚.i]
없는 눈물이,143,[ʌp̚.nɯn.nun.mul.i],[ʌp̚.nɯn.nun.mul.i]
하늘을 まだ 数え足りない,143,[ha.nɯl.ɯl],[ha.nɯl.ɯl]
흘릴 수 없는 눈물이,143,[hɯl.ɾil.su.ʌp̚.nɯn.nun.mul.i],[hɯl.ɾil.su.ʌp̚.nɯn.nun.mul.i]
우리 관계는,143,[u.ɾi.kwaŋ.kje.nɯn],[u.ɾi.gwaŋ.kje.nɯn]
띄우리 希望という船を出そう 희망이라는 배를,143,[t͈ɯi.u.ɾi.hɯi.maŋ.i.ɾa.nɯm.pɛ.ɾɯl],[t͈ɯi.u.ɾi.hɯi.maŋ.i.ɾa.nɯn.bɛ.ɾɯl]
난 당신에게,143,[nan.taŋ.sin.e.ke],[nan.daŋ.sin.e.ge]
終わりなき 夢の間と間 끝이 없는,143,[k͈ɯt̚.i.ʌp̚.nɯn],[k͈ɯt̚.i.ʌp̚.nɯn]
제발 도와줘요,143,[tʃe.pal.to.wa.tʃwʌ.jo],[dʒe.bal.do.wa.dʒwʌ.jo]
걸 다행으로,143,[kʌl.ta.hɛŋ.ɯ.ɾo],[gʌl.da.hɛŋ.ɯ.ɾo]
그의 마지막,143,[kɯ.ɯi.ma.tʃi.mak̚],[gɯ.ɯi.ma.dʒi.mak̚]
좋은 친구,143,[tʃot̚.ɯn.tʃʰiŋ.ku],[dʒot̚.ɯn.tʃʰiŋ.ku]
계속되는 한 息の限り,143,[kje.sok̚.twe.nɯn.han],[gje.sok̚.twe.nɯn.han]
거야 고마워요,143,[kʌ.ja.ko.ma.wʌ.jo],[gʌ.ja.go.ma.wʌ.jo]
夢の間と間 끝이,143,[k͈ɯt̚.i],[k͈ɯt̚.i]
그건 그,143,[kɯ.kʌŋ.kɯ],[gɯ.gʌn.gɯ]
夢を見続け彷徨う 계속,143,[kje.sok̚],[gje.sok̚]
一人では 流せない 涙,143,,
소리가 들려,142,[so.ɾi.ka.tɯl.ɾjʌ],[so.ɾi.ga.dɯl.ɾjʌ]
않는 거지,142,[an.nɯŋ.kʌ.tʃi],[an.nɯn.gʌ.dʒi]
괜찮을 거에요,142,[kwɛn.tʃʰan.ɯl.kʌ.e.jo],[gwɛn.tʃʰan.ɯl.gʌ.e.jo]
말하기 전에,142,[mal.ha.ki.tʃʌn.e],[mal.ha.gi.dʒʌn.e]
사람은 바로,142,[sa.ɾam.ɯm.pa.ɾo],[sa.ɾam.ɯn.ba.ɾo]
탓이 아니야,142,[tʰat̚.i.a.ni.ja],[tʰat̚.i.a.ni.ja]
없죠 하지만,142,[ʌp̚.tʃjo.ha.tʃi.man],[ʌp̚.tʃjo.ha.dʒi.man]
당장 나가요,142,[taŋ.tʃaŋ.na.ka.jo],[daŋ.dʒaŋ.na.ga.jo]
보이지 않게,142,[po.i.tʃi.aŋ.ke],[bo.i.dʒi.aŋ.ke]
네가 그럴,142,[ne.ka.kɯ.ɾʌl],[ne.ga.gɯ.ɾʌl]
문제가 아닙니다,142,[mun.tʃe.ka.a.nip̚.ni.ta],[mun.tʃe.ga.a.nip̚.ni.da]
만들 때,142,[man.tɯl.t͈ɛ],[man.tɯl.t͈ɛ]
끝나는 거야,142,[k͈ɯt̚.na.nɯŋ.kʌ.ja],[k͈ɯt̚.na.nɯn.gʌ.ja]
물어볼 게 있어요,142,[mul.ʌ.pol.ke.it̚.ʌ.jo],[mul.ʌ.bol.ge.it̚.ʌ.jo]
앉아 있어요,142,[an.a.it̚.ʌ.jo],[an.a.it̚.ʌ.jo]
것을 의미한다,142,[kʌt̚.ɯl.ɯi.mi.han.ta],[gʌt̚.ɯl.ɯi.mi.han.ta]
해요 제,142,[hɛ.jo.tʃe],[hɛ.jo.dʒe]
안 좋았어요,142,[an.tʃot̚.at̚.ʌ.jo],[an.dʒot̚.at̚.ʌ.jo]
방법을 찾고,142,[pam.pʌp̚.ɯl.tʃʰat̚.ko],[baŋ.bʌp̚.ɯl.tʃʰat̚.ko]
몇 안,142,[mjʌt̚.an],[mjʌt̚.an]
모르겠어요 하지만,142,[mo.ɾɯ.ket̚.ʌ.jo.ha.tʃi.man],[mo.ɾɯ.get̚.ʌ.jo.ha.dʒi.man]
다 하는,142,[ta.ha.nɯn],[da.ha.nɯn]
많은 이들이,142,[man.ɯn.i.tɯl.i],[man.ɯn.i.dɯl.i]
내가 뭔가를,142,[nɛ.ka.mwʌŋ.ka.ɾɯl],[nɛ.ga.mwʌŋ.ka.ɾɯl]
아니야 그게,142,[a.ni.ja.kɯ.ke],[a.ni.ja.gɯ.ge]
수 있는 곳,142,[su.it̚.nɯŋ.kot̚],[su.it̚.nɯn.got̚]
준비가 됐어요,142,[tʃum.pi.ka.twɛt̚.ʌ.jo],[dʒum.pi.ga.dwɛt̚.ʌ.jo]
있어 다시,142,[it̚.ʌ.ta.si],[it̚.ʌ.da.si]
걱정돼서 그래,142,[kʌk̚.tʃʌŋ.twɛ.sʌ.kɯ.ɾɛ],[gʌk̚.tʃʌŋ.dwɛ.sʌ.gɯ.ɾɛ]
생긴 거,142,[sɛŋ.kiŋ.kʌ],[sɛŋ.gin.gʌ]
사람을 어떻게,142,[sa.ɾam.ɯl.ʌ.t͈ʌt̚.ke],[sa.ɾam.ɯl.ʌ.t͈ʌt̚.ke]
견딜 수가,142,[kjʌn.til.su.ka],[gjʌn.til.su.ga]
알았어요 내가,142,[al.at̚.ʌ.jo.nɛ.ka],[al.at̚.ʌ.jo.nɛ.ga]
있는 네,142,[it̚.nɯn.ne],[it̚.nɯn.ne]
거예요 뭐,142,[kʌ.je.jo.mwʌ],[gʌ.je.jo.mwʌ]
어떻게 나한테,142,[ʌ.t͈ʌt̚.ke.na.han.tʰe],[ʌ.t͈ʌt̚.ke.na.han.tʰe]
왜 우리한테,142,[wɛ.u.ɾi.han.tʰe],[wɛ.u.ɾi.han.tʰe]
너한테 한,142,[nʌ.han.tʰe.han],[nʌ.han.tʰe.han]
한 달에 한,142,[han.tal.e.han],[han.dal.e.han]
이건 당신이,142,[i.kʌn.taŋ.sin.i],[i.gʌn.daŋ.sin.i]
we need,142,,
입을 수,142,[ip̚.ɯl.su],[ip̚.ɯl.su]
적이 있나,142,[tʃʌk̚.i.it̚.na],[dʒʌk̚.i.it̚.na]
새로운 것을,142,[sɛ.ɾo.uŋ.kʌt̚.ɯl],[sɛ.ɾo.un.gʌt̚.ɯl]
사람이 할,142,[sa.ɾam.i.hal],[sa.ɾam.i.hal]
엄마가 널,142,[ʌm.ma.ka.nʌl],[ʌm.ma.ga.nʌl]
그만들 해,142,[kɯ.man.tɯl.hɛ],[gɯ.man.tɯl.hɛ]
안 할 겁니다,142,[an.hal.kʌp̚.ni.ta],[an.hal.gʌp̚.ni.da]
일을 하는지,142,[il.ɯl.ha.nɯn.tʃi],[il.ɯl.ha.nɯn.tʃi]
이제 다들,142,[i.tʃe.ta.tɯl],[i.dʒe.da.dɯl]
없었어요 하지만,142,[ʌp̚.ʌt̚.ʌ.jo.ha.tʃi.man],[ʌp̚.ʌt̚.ʌ.jo.ha.dʒi.man]
날 그냥,142,[nal.kɯ.njaŋ],[nal.gɯ.njaŋ]
잘 아시잖아요,142,[tʃal.a.si.tʃan.a.jo],[dʒal.a.si.dʒan.a.jo]
응 좋아,142,[ɯŋ.tʃot̚.a],[ɯŋ.dʒot̚.a]
어떤지 알아,142,[ʌ.t͈ʌn.tʃi.al.a],[ʌ.t͈ʌn.tʃi.al.a]
대해 다,142,[tɛ.hɛ.ta],[dɛ.hɛ.da]
같이 온,142,[kat̚.i.on],[gat̚.i.on]
네가 계속,142,[ne.ka.kje.sok̚],[ne.ga.gje.sok̚]
큰일 났다,142,[kʰɯn.il.lat̚.ta],[kʰɯn.il.lat̚.ta]
못 막아,142,[mot̚.mak̚.a],[mot̚.mak̚.a]
게 당신,142,[ke.taŋ.sin],[ge.daŋ.sin]
했어 이,142,[hɛt̚.ʌ.i],[hɛt̚.ʌ.i]
우리가 아니라,142,[u.ɾi.ka.a.ni.ɾa],[u.ɾi.ga.a.ni.ɾa]
이상은 안,142,[i.saŋ.ɯn.an],[i.saŋ.ɯn.an]
우리 쪽으로,142,[u.ɾi.tʃ͈ok̚.ɯ.ɾo],[u.ɾi.tʃ͈ok̚.ɯ.ɾo]
그걸로 뭘,142,[kɯ.kʌl.ɾo.mwʌl],[gɯ.gʌl.ɾo.mwʌl]
건 싫어요,142,[kʌn.sil.ʌ.jo],[gʌn.sil.ʌ.jo]
걸 알아야,142,[kʌl.al.a.ja],[gʌl.al.a.ja]
더 기다려,142,[tʌ.ki.ta.ɾjʌ],[dʌ.gi.da.ɾjʌ]
그 대가를,142,[kɯ.tɛ.ka.ɾɯl],[gɯ.dɛ.ga.ɾɯl]
없어 당신,142,[ʌp̚.ʌ.taŋ.sin],[ʌp̚.ʌ.daŋ.sin]
해 당신,142,[hɛ.taŋ.sin],[hɛ.daŋ.sin]
정도가 아니라,142,[tʃʌŋ.to.ka.a.ni.ɾa],[dʒʌŋ.do.ga.a.ni.ɾa]
대가를 치르게 될,142,[tɛ.ka.ɾɯl.tʃʰi.ɾɯ.ke.twel],[dɛ.ga.ɾɯl.tʃʰi.ɾɯ.ge.dwel]
다 가질,142,[ta.ka.tʃil],[da.ga.dʒil]
해 알겠습니다,142,[hɛ.al.ket̚.sɯp̚.ni.ta],[hɛ.al.ket̚.sɯp̚.ni.da]
하지만 진짜,142,[ha.tʃi.man.tʃin.tʃ͈a],[ha.dʒi.man.dʒin.tʃ͈a]
싶어 내,142,[sip̚.ʌ.nɛ],[sip̚.ʌ.nɛ]
있는 모든 것을,142,[it̚.nɯn.mo.tɯŋ.kʌt̚.ɯl],[it̚.nɯn.mo.dɯn.gʌt̚.ɯl]
결혼식 때,142,[kjʌl.hon.sik̚.t͈ɛ],[gjʌl.hon.sik̚.t͈ɛ]
가지 않을 거야,142,[ka.tʃi.an.ɯl.kʌ.ja],[ga.dʒi.an.ɯl.gʌ.ja]
이게 도움이,142,[i.ke.to.um.i],[i.ge.do.um.i]
것도 그렇고,142,[kʌt̚.to.kɯ.ɾʌt̚.ko],[gʌt̚.to.gɯ.ɾʌt̚.ko]
된 기분이야,142,[tweŋ.ki.pun.i.ja],[dwen.gi.bun.i.ja]
집으로 와,142,[tʃip̚.ɯ.ɾo.wa],[dʒip̚.ɯ.ɾo.wa]
보이지 않아요,142,[po.i.tʃi.an.a.jo],[bo.i.dʒi.an.a.jo]
겁먹지 마,142,[kʌp̚.mʌk̚.tʃi.ma],[gʌp̚.mʌk̚.tʃi.ma]
그런 건 아니에요,142,[kɯ.ɾʌŋ.kʌn.a.ni.e.jo],[gɯ.ɾʌn.gʌn.a.ni.e.jo]
총 들고,142,[tʃʰoŋ.tɯl.ko],[tʃʰoŋ.dɯl.ko]
있어요 이게,142,[it̚.ʌ.jo.i.ke],[it̚.ʌ.jo.i.ge]
그거 아니,142,[kɯ.kʌ.a.ni],[gɯ.gʌ.a.ni]
빛을 보고,142,[pit̚.ɯl.po.ko],[bit̚.ɯl.bo.go]
겁니다 그건,142,[kʌp̚.ni.ta.kɯ.kʌn],[gʌp̚.ni.da.gɯ.gʌn]
같은 느낌이,142,[kat̚.ɯn.nɯ.k͈im.i],[gat̚.ɯn.nɯ.k͈im.i]
그러니까 제,142,[kɯ.ɾʌ.ni.k͈a.tʃe],[gɯ.ɾʌ.ni.k͈a.dʒe]
없었을 거예요,142,[ʌp̚.ʌt̚.ɯl.kʌ.je.jo],[ʌp̚.ʌt̚.ɯl.gʌ.je.jo]
무엇을 할 수,142,[mu.ʌt̚.ɯl.hal.su],[mu.ʌt̚.ɯl.hal.su]
물론 그렇지,142,[mul.ɾoŋ.kɯ.ɾʌt̚.tʃi],[mul.ɾon.gɯ.ɾʌt̚.tʃi]
그래 이건,142,[kɯ.ɾɛ.i.kʌn],[gɯ.ɾɛ.i.gʌn]
봐 그게,142,[pwa.kɯ.ke],[bwa.gɯ.ge]
당신이 아는,142,[taŋ.sin.i.a.nɯn],[daŋ.sin.i.a.nɯn]
도망 못,142,[to.maŋ.mot̚],[do.maŋ.mot̚]
몇 시간만,142,[mjʌt̚.si.kan.man],[mjʌt̚.si.gan.man]
멋질 거야,142,[mʌt̚.tʃil.kʌ.ja],[mʌt̚.tʃil.gʌ.ja]
그 지역에,142,[kɯ.tʃi.jʌk̚.e],[gɯ.dʒi.jʌk̚.e]
널 죽이고,142,[nʌl.tʃuk̚.i.ko],[nʌl.dʒuk̚.i.go]
잊지 마라,142,[it̚.tʃi.ma.ɾa],[it̚.tʃi.ma.ɾa]
건 어떨까요,142,[kʌn.ʌ.t͈ʌl.k͈a.jo],[gʌn.ʌ.t͈ʌl.k͈a.jo]
했어 네,142,[hɛt̚.ʌ.ne],[hɛt̚.ʌ.ne]
기억나는 건,142,[ki.ʌk̚.na.nɯŋ.kʌn],[gi.ʌk̚.na.nɯn.gʌn]
뭔지 몰라도,141,[mwʌn.tʃi.mol.ɾa.to],[mwʌn.tʃi.mol.ɾa.do]
학교 끝나고,141,[hak̚.kjo.k͈ɯt̚.na.ko],[hak̚.kjo.k͈ɯt̚.na.go]
나 그거,141,[na.kɯ.kʌ],[na.gɯ.gʌ]
다시 와서,141,[ta.si.wa.sʌ],[da.si.wa.sʌ]
솔직히 말할게,141,[sol.tʃik̚.hi.mal.hal.ke],[sol.tʃik̚.hi.mal.hal.ke]
만나는 걸,141,[man.na.nɯŋ.kʌl],[man.na.nɯn.gʌl]
안 하실,141,[an.ha.sil],[an.ha.sil]
안 되거든,141,[an.twe.kʌ.tɯn],[an.dwe.gʌ.dɯn]
사는 거지,141,[sa.nɯŋ.kʌ.tʃi],[sa.nɯn.gʌ.dʒi]
뭐 할 거야,141,[mwʌ.hal.kʌ.ja],[mwʌ.hal.gʌ.ja]
왜 이러는 거예요,141,[wɛ.i.ɾʌ.nɯŋ.kʌ.je.jo],[wɛ.i.ɾʌ.nɯn.gʌ.je.jo]
전에 네가,141,[tʃʌn.e.ne.ka],[dʒʌn.e.ne.ga]
그러면 우리는,141,[kɯ.ɾʌ.mjʌn.u.ɾi.nɯn],[gɯ.ɾʌ.mjʌn.u.ɾi.nɯn]
그들은 모든,141,[kɯ.tɯl.ɯn.mo.tɯn],[gɯ.dɯl.ɯn.mo.dɯn]
말 나온 김에,141,[mal.la.oŋ.kim.e],[mal.la.on.gim.e]
건 아니다,141,[kʌn.a.ni.ta],[gʌn.a.ni.da]
그런 적 없어요,141,[kɯ.ɾʌn.tʃʌk̚.ʌp̚.ʌ.jo],[gɯ.ɾʌn.dʒʌk̚.ʌp̚.ʌ.jo]
know it,141,,
가치가 있다고,141,[ka.tʃʰi.ka.it̚.ta.ko],[ga.tʃʰi.ga.it̚.ta.go]
이렇게 말했죠,141,[i.ɾʌt̚.ke.mal.hɛt̚.tʃjo],[i.ɾʌt̚.ke.mal.hɛt̚.tʃjo]
알고 있던,141,[al.ko.it̚.tʌn],[al.ko.it̚.tʌn]
여기 있어야 해,141,[jʌ.ki.it̚.ʌ.ja.hɛ],[jʌ.gi.it̚.ʌ.ja.hɛ]
당신 곁에,141,[taŋ.siŋ.kjʌt̚.e],[daŋ.sin.gjʌt̚.e]
거요 그,141,[kʌ.jo.kɯ],[gʌ.jo.gɯ]
꼴이 말이,141,[k͈ol.i.mal.i],[k͈ol.i.mal.i]
하루에 두,141,[ha.ɾu.e.tu],[ha.ɾu.e.du]
TV 쇼,141,[sjo],[sjo]
열심히 일하는,141,[jʌl.sim.hi.il.ha.nɯn],[jʌl.sim.hi.il.ha.nɯn]
이렇게 해서,141,[i.ɾʌt̚.ke.hɛ.sʌ],[i.ɾʌt̚.ke.hɛ.sʌ]
설명 안,141,[sʌl.mjʌŋ.an],[sʌl.mjʌŋ.an]
말하고 있어,141,[mal.ha.ko.it̚.ʌ],[mal.ha.go.it̚.ʌ]
하는 이유가,141,[ha.nɯn.i.ju.ka],[ha.nɯn.i.ju.ga]
원래 이렇게,141,[wʌl.lɛ.i.ɾʌt̚.ke],[wʌl.lɛ.i.ɾʌt̚.ke]
해서 정말,141,[hɛ.sʌ.tʃʌŋ.mal],[hɛ.sʌ.dʒʌŋ.mal]
걸 네가,141,[kʌl.le.ka],[gʌl.le.ga]
깨달은 게,141,[k͈ɛ.tal.ɯŋ.ke],[k͈ɛ.dal.ɯn.ge]
씨 아,141,[s͈i.a],[s͈i.a]
못마땅한 신음,141,[mot̚.ma.t͈aŋ.han.sin.ɯm],[mot̚.ma.t͈aŋ.han.sin.ɯm]
내가 말했던,141,[nɛ.ka.mal.hɛt̚.tʌn],[nɛ.ga.mal.hɛt̚.tʌn]
운 좋은 줄,141,[un.tʃot̚.ɯn.tʃul],[un.dʒot̚.ɯn.dʒul]
그건 아니죠,141,[kɯ.kʌn.a.ni.tʃjo],[gɯ.gʌn.a.ni.dʒjo]
두 개나,141,[tu.kɛ.na],[du.gɛ.na]
널 원해,141,[nʌl.wʌn.hɛ],[nʌl.wʌn.hɛ]
그럼 너,141,[kɯ.ɾʌm.nʌ],[gɯ.ɾʌm.nʌ]
걱정 많이,141,[kʌk̚.tʃʌŋ.man.i],[gʌk̚.tʃʌŋ.man.i]
그가 할 수,141,[kɯ.ka.hal.su],[gɯ.ga.hal.su]
구할 수 있어요,141,[ku.hal.su.it̚.ʌ.jo],[gu.hal.su.it̚.ʌ.jo]
낼 거예요,141,[nɛl.kʌ.je.jo],[nɛl.gʌ.je.jo]
네가 아직,141,[ne.ka.a.tʃik̚],[ne.ga.a.dʒik̚]
목소리 좀,141,[mok̚.so.ɾi.tʃom],[mok̚.so.ɾi.dʒom]
하고 있었는지,141,[ha.ko.it̚.ʌt̚.nɯn.tʃi],[ha.go.it̚.ʌt̚.nɯn.tʃi]
내가 말하고,141,[nɛ.ka.mal.ha.ko],[nɛ.ga.mal.ha.go]
try to,141,,
관련 있는,141,[kwal.ljʌn.it̚.nɯn],[gwal.ljʌn.it̚.nɯn]
건 원치,141,[kʌn.wʌn.tʃʰi],[gʌn.wʌn.tʃʰi]
재밌게 놀아,141,[tʃɛ.mit̚.ke.nol.a],[dʒɛ.mit̚.ke.nol.a]
최대한 많은,141,[tʃʰwe.tɛ.han.man.ɯn],[tʃʰwe.dɛ.han.man.ɯn]
기억나는 게,141,[ki.ʌk̚.na.nɯŋ.ke],[gi.ʌk̚.na.nɯn.ge]
아니에요 우린,141,[a.ni.e.jo.u.ɾin],[a.ni.e.jo.u.ɾin]
to give,141,,
어떻게 알,141,[ʌ.t͈ʌt̚.ke.al],[ʌ.t͈ʌt̚.ke.al]
want you to,141,,
know who,141,,
되는 건가,141,[twe.nɯŋ.kʌŋ.ka],[dwe.nɯn.gʌŋ.ka]
좀 해야겠다,141,[tʃom.hɛ.ja.ket̚.ta],[dʒom.hɛ.ja.get̚.ta]
하는 거 아니에요,141,[ha.nɯŋ.kʌ.a.ni.e.jo],[ha.nɯn.gʌ.a.ni.e.jo]
집에 혼자,141,[tʃip̚.e.hon.tʃa],[dʒip̚.e.hon.tʃa]
한 게 아니야,141,[haŋ.ke.a.ni.ja],[han.ge.a.ni.ja]
같은 건 없어요,141,[kat̚.ɯŋ.kʌn.ʌp̚.ʌ.jo],[gat̚.ɯn.gʌn.ʌp̚.ʌ.jo]
같은 실수를,141,[kat̚.ɯn.sil.su.ɾɯl],[gat̚.ɯn.sil.su.ɾɯl]
지금 집에,141,[tʃi.kɯn.tʃip̚.e],[dʒi.gɯm.dʒip̚.e]
여기가 어디죠,141,[jʌ.ki.ka.ʌ.ti.tʃjo],[jʌ.gi.ga.ʌ.di.dʒjo]
하나 있지,141,[ha.na.it̚.tʃi],[ha.na.it̚.tʃi]
말씀이 있습니다,141,[mal.s͈ɯm.i.it̚.sɯp̚.ni.ta],[mal.s͈ɯm.i.it̚.sɯp̚.ni.da]
큰 걸,141,[kʰɯŋ.kʌl],[kʰɯn.gʌl]
없어 더,141,[ʌp̚.ʌ.tʌ],[ʌp̚.ʌ.dʌ]
리 없죠,141,[ɾi.ʌp̚.tʃjo],[ɾi.ʌp̚.tʃjo]
줄 알았지만,141,[tʃul.al.at̚.tʃi.man],[dʒul.al.at̚.tʃi.man]
무슨 일 생기면,141,[mu.sɯn.il.sɛŋ.ki.mjʌn],[mu.sɯn.il.sɛŋ.gi.mjʌn]
거란 말이야,141,[kʌ.ɾan.mal.i.ja],[gʌ.ɾan.mal.i.ja]
그게 다에요,141,[kɯ.ke.ta.e.jo],[gɯ.ge.da.e.jo]
해 한,141,[hɛ.han],[hɛ.han]
해요 좋아요,141,[hɛ.jo.tʃot̚.a.jo],[hɛ.jo.dʒot̚.a.jo]
없어 그러니,141,[ʌp̚.ʌ.kɯ.ɾʌ.ni],[ʌp̚.ʌ.gɯ.ɾʌ.ni]
일을 하면서,141,[il.ɯl.ha.mjʌn.sʌ],[il.ɯl.ha.mjʌn.sʌ]
세 명을,141,[se.mjʌŋ.ɯl],[se.mjʌŋ.ɯl]
친구 중,141,[tʃʰiŋ.ku.tʃuŋ],[tʃʰiŋ.ku.dʒuŋ]
갈 줄,141,[kal.tʃul],[gal.dʒul]
있어 좀,141,[it̚.ʌ.tʃom],[it̚.ʌ.dʒom]
어떻게 돼 가,141,[ʌ.t͈ʌt̚.ke.twɛ.ka],[ʌ.t͈ʌt̚.ke.dwɛ.ga]
이리 온,141,[i.ɾi.on],[i.ɾi.on]
될 수있다,141,[twel.su.it̚.ta],[dwel.su.it̚.ta]
아니에요 당신,141,[a.ni.e.jo.taŋ.sin],[a.ni.e.jo.daŋ.sin]
있었어요 그리고,141,[it̚.ʌt̚.ʌ.jo.kɯ.ɾi.ko],[it̚.ʌt̚.ʌ.jo.gɯ.ɾi.go]
있는데 어떻게,141,[it̚.nɯn.te.ʌ.t͈ʌt̚.ke],[it̚.nɯn.te.ʌ.t͈ʌt̚.ke]
바랄 뿐이야,141,[pa.ɾal.p͈un.i.ja],[ba.ɾal.p͈un.i.ja]
주 정도,141,[tʃu.tʃʌŋ.to],[dʒu.dʒʌŋ.do]
Can I,141,,
왜 저를,141,[wɛ.tʃʌ.ɾɯl],[wɛ.dʒʌ.ɾɯl]
그들은 매우,141,[kɯ.tɯl.ɯn.mɛ.u],[gɯ.dɯl.ɯn.mɛ.u]
혈액 검사,141,[hjʌl.ɛk̚.kʌm.sa],[hjʌl.ɛk̚.gʌm.sa]
거 알아요 하지만,141,[kʌ.al.a.jo.ha.tʃi.man],[gʌ.al.a.jo.ha.dʒi.man]
않았을 겁니다,141,[an.at̚.ɯl.kʌp̚.ni.ta],[an.at̚.ɯl.gʌp̚.ni.da]
되는 것도,141,[twe.nɯŋ.kʌt̚.to],[dwe.nɯn.gʌt̚.to]
내가 데리고,141,[nɛ.ka.te.ɾi.ko],[nɛ.ga.de.ɾi.go]
이 마을을,141,[i.ma.ɯl.ɯl],[i.ma.ɯl.ɯl]
한 마리가,141,[han.ma.ɾi.ka],[han.ma.ɾi.ga]
곳을 찾는,141,[kot̚.ɯl.tʃʰat̚.nɯn],[got̚.ɯl.tʃʰat̚.nɯn]
안 나네,141,[an.na.ne],[an.na.ne]
오늘 너무,141,[o.nɯl.lʌ.mu],[o.nɯl.lʌ.mu]
잘 듣게,141,[tʃal.tɯt̚.ke],[dʒal.dɯt̚.ke]
와서 날,141,[wa.sʌ.nal],[wa.sʌ.nal]
짓을 하지,141,[tʃit̚.ɯl.ha.tʃi],[dʒit̚.ɯl.ha.dʒi]
보낼 거예요,141,[po.nɛl.kʌ.je.jo],[bo.nɛl.gʌ.je.jo]
저는 그저,141,[tʃʌ.nɯŋ.kɯ.tʃʌ],[dʒʌ.nɯn.gɯ.dʒʌ]
때 나도,141,[t͈ɛ.na.to],[t͈ɛ.na.do]
되는 겁니다,141,[twe.nɯŋ.kʌp̚.ni.ta],[dwe.nɯn.gʌp̚.ni.da]
없는 것도,141,[ʌp̚.nɯŋ.kʌt̚.to],[ʌp̚.nɯn.gʌt̚.to]
되어 영광입니다,141,[twe.ʌ.jʌŋ.kwaŋ.ip̚.ni.ta],[dwe.ʌ.jʌŋ.gwaŋ.ip̚.ni.da]
맘에 드네,141,[mam.e.tɯ.ne],[mam.e.dɯ.ne]
거라 생각해,141,[kʌ.ɾa.sɛŋ.kak̚.hɛ],[gʌ.ɾa.sɛŋ.gak̚.hɛ]
little bit,141,,
가 입니다,141,[ka.ip̚.ni.ta],[ga.ip̚.ni.da]
못 잤어요,141,[mot̚.tʃat̚.ʌ.jo],[mot̚.dʒat̚.ʌ.jo]
문 잠그고,141,[mun.tʃam.kɯ.ko],[mun.dʒam.kɯ.go]
잘은 모르겠지만,141,[tʃal.ɯn.mo.ɾɯ.ket̚.tʃi.man],[dʒal.ɯn.mo.ɾɯ.get̚.tʃi.man]
함께 일할,141,[ham.k͈e.il.hal],[ham.k͈e.il.hal]
안돼 안돼 안돼,141,[an.twɛ.an.twɛ.an.twɛ],[an.twɛ.an.twɛ.an.twɛ]
네 감사합니다,141,[ne.kam.sa.hap̚.ni.ta],[ne.gam.sa.hap̚.ni.da]
도움이 될지,141,[to.um.i.twel.tʃi],[do.um.i.dwel.tʃi]
시민 여러분,141,[si.min.jʌ.ɾʌ.pun],[si.min.jʌ.ɾʌ.bun]
이건 말도 안 돼요,141,[i.kʌn.mal.to.an.twɛ.jo],[i.gʌn.mal.to.an.dwɛ.jo]
구할 거야,141,[ku.hal.kʌ.ja],[gu.hal.gʌ.ja]
어린 시절을,141,[ʌ.ɾin.si.tʃʌl.ɯl],[ʌ.ɾin.si.dʒʌl.ɯl]
어디로 갈까,141,[ʌ.ti.ɾo.kal.k͈a],[ʌ.di.ɾo.gal.k͈a]
날 계속,141,[nal.kje.sok̚],[nal.gje.sok̚]
그의 말을,141,[kɯ.ɯi.mal.ɯl],[gɯ.ɯi.mal.ɯl]
시작도 안,141,[si.tʃak̚.to.an],[si.dʒak̚.to.an]
조사를 좀,141,[tʃo.sa.ɾɯl.tʃom],[dʒo.sa.ɾɯl.dʒom]
그 앨,141,[kɯ.ɛl],[gɯ.ɛl]
싶어 내가,141,[sip̚.ʌ.nɛ.ka],[sip̚.ʌ.nɛ.ga]
대답 좀,141,[tɛ.tap̚.tʃom],[dɛ.dap̚.dʒom]
볼 일이,141,[pol.il.i],[bol.il.i]
된다고 생각해,141,[twen.ta.ko.sɛŋ.kak̚.hɛ],[dwen.ta.go.sɛŋ.gak̚.hɛ]
수 있을지 모르겠어요,140,[su.it̚.ɯl.tʃi.mo.ɾɯ.ket̚.ʌ.jo],[su.it̚.ɯl.tʃi.mo.ɾɯ.get̚.ʌ.jo]
했어요 그런데,140,[hɛt̚.ʌ.jo.kɯ.ɾʌn.te],[hɛt̚.ʌ.jo.gɯ.ɾʌn.te]
눈에 띄면,140,[nun.e.t͈ɯi.mjʌn],[nun.e.t͈ɯi.mjʌn]
전화를 받지,140,[tʃʌn.hwa.ɾɯl.pat̚.tʃi],[dʒʌn.hwa.ɾɯl.bat̚.tʃi]
없다 난,140,[ʌp̚.ta.nan],[ʌp̚.ta.nan]
왜 전화를,140,[wɛ.tʃʌn.hwa.ɾɯl],[wɛ.dʒʌn.hwa.ɾɯl]
자동차 시동음,140,[tʃa.toŋ.tʃʰa.si.toŋ.ɯm],[dʒa.doŋ.tʃʰa.si.doŋ.ɯm]
어떻게 오셨죠,140,[ʌ.t͈ʌt̚.ke.o.sjʌt̚.tʃjo],[ʌ.t͈ʌt̚.ke.o.sjʌt̚.tʃjo]
긴장 풀어요,140,[kin.tʃam.pʰul.ʌ.jo],[gin.tʃam.pʰul.ʌ.jo]
아직 멀었어,140,[a.tʃik̚.mʌl.ʌt̚.ʌ],[a.dʒik̚.mʌl.ʌt̚.ʌ]
없어요 이제,140,[ʌp̚.ʌ.jo.i.tʃe],[ʌp̚.ʌ.jo.i.dʒe]
by The,140,,
때 제,140,[t͈ɛ.tʃe],[t͈ɛ.dʒe]
해 너도,140,[hɛ.nʌ.to],[hɛ.nʌ.do]
엄마가 될,140,[ʌm.ma.ka.twel],[ʌm.ma.ga.dwel]
네 눈을,140,[ne.nun.ɯl],[ne.nun.ɯl]
가지고 있는지,140,[ka.tʃi.ko.it̚.nɯn.tʃi],[ga.dʒi.go.it̚.nɯn.tʃi]
어디 봐요,140,[ʌ.ti.pwa.jo],[ʌ.di.bwa.jo]
가지 않을거야,140,[ka.tʃi.an.ɯl.kʌ.ja],[ga.dʒi.an.ɯl.kʌ.ja]
와줘서 정말,140,[wa.tʃwʌ.sʌ.tʃʌŋ.mal],[wa.dʒwʌ.sʌ.dʒʌŋ.mal]
있다고 생각했다,140,[it̚.ta.ko.sɛŋ.kak̚.hɛt̚.ta],[it̚.ta.go.sɛŋ.gak̚.hɛt̚.ta]
직접 가서,140,[tʃik̚.tʃʌp̚.ka.sʌ],[dʒik̚.tʃʌp̚.ga.sʌ]
거예요 근데,140,[kʌ.je.jo.kɯn.te],[gʌ.je.jo.gɯn.te]
것 같냐,140,[kʌt̚.kat̚.nja],[gʌt̚.gat̚.nja]
여기 오기 전에,140,[jʌ.ki.o.ki.tʃʌn.e],[jʌ.gi.o.gi.dʒʌn.e]
따라 와,140,[t͈a.ɾa.wa],[t͈a.ɾa.wa]
같은데 내가,140,[kat̚.ɯn.te.nɛ.ka],[gat̚.ɯn.te.nɛ.ga]
제 마음을,140,[tʃe.ma.ɯm.ɯl],[dʒe.ma.ɯm.ɯl]
모든 게 네,140,[mo.tɯŋ.ke.ne],[mo.dɯn.ge.ne]
가만히 좀,140,[ka.man.hi.tʃom],[ga.man.hi.dʒom]
만나 봐,140,[man.na.pwa],[man.na.bwa]
우리 이,140,[u.ɾi.i],[u.ɾi.i]
힘들 거예요,140,[hin.tɯl.kʌ.je.jo],[hin.tɯl.gʌ.je.jo]
위해 싸울,140,[wi.hɛ.s͈a.ul],[wi.hɛ.s͈a.ul]
정말 그럴,140,[tʃʌŋ.mal.kɯ.ɾʌl],[dʒʌŋ.mal.gɯ.ɾʌl]
있지 내,140,[it̚.tʃi.nɛ],[it̚.tʃi.nɛ]
수도 있겠다,140,[su.to.it̚.ket̚.ta],[su.do.it̚.ket̚.ta]
못 해도,140,[mot̚.hɛ.to],[mot̚.hɛ.do]
난 후,140,[nan.hu],[nan.hu]
내가 자기,140,[nɛ.ka.tʃa.ki],[nɛ.ga.dʒa.gi]
이러고 싶지,140,[i.ɾʌ.ko.sip̚.tʃi],[i.ɾʌ.go.sip̚.tʃi]
사람도 있어요,140,[sa.ɾan.to.it̚.ʌ.jo],[sa.ɾan.to.it̚.ʌ.jo]
난 너가,140,[nan.nʌ.ka],[nan.nʌ.ga]
구두 소리,140,[ku.tu.so.ɾi],[gu.du.so.ɾi]
사실 제가,140,[sa.sil.tʃe.ka],[sa.sil.dʒe.ga]
있다면 내가,140,[it̚.ta.mjʌn.nɛ.ka],[it̚.ta.mjʌn.nɛ.ga]
그래도 이,140,[kɯ.ɾɛ.to.i],[gɯ.ɾɛ.do.i]
우리 둘이서,140,[u.ɾi.tul.i.sʌ],[u.ɾi.dul.i.sʌ]
뭐 내가,140,[mwʌ.nɛ.ka],[mwʌ.nɛ.ga]
그냥 앉아,140,[kɯ.njaŋ.an.a],[gɯ.njaŋ.an.a]
고마워 네,140,[ko.ma.wʌ.ne],[go.ma.wʌ.ne]
빨간 머리,140,[p͈al.kan.mʌ.ɾi],[p͈al.kan.mʌ.ɾi]
방법을 알고,140,[pam.pʌp̚.ɯl.al.ko],[baŋ.bʌp̚.ɯl.al.ko]
때 이미,140,[t͈ɛ.i.mi],[t͈ɛ.i.mi]
있는 사람들을,140,[it̚.nɯn.sa.ɾan.tɯl.ɯl],[it̚.nɯn.sa.ɾan.tɯl.ɯl]
싶지 않아서,140,[sip̚.tʃi.an.a.sʌ],[sip̚.tʃi.an.a.sʌ]
앞으로 나아갈,140,[ap̚.ɯ.ɾo.na.a.kal],[ap̚.ɯ.ɾo.na.a.gal]
난 아무것도 안,140,[nan.a.mu.kʌt̚.to.an],[nan.a.mu.gʌt̚.to.an]
거 하나도,140,[kʌ.ha.na.to],[gʌ.ha.na.do]
보내는 거야,140,[po.nɛ.nɯŋ.kʌ.ja],[bo.nɛ.nɯn.gʌ.ja]
신의 가호가,140,[sin.ɯi.ka.ho.ka],[sin.ɯi.ga.ho.ga]
but you,140,,
가장 똑똑한,140,[ka.tʃaŋ.t͈ok̚.t͈ok̚.han],[ga.dʒaŋ.t͈ok̚.t͈ok̚.han]
마음대로 해요,140,[ma.ɯn.tɛ.ɾo.hɛ.jo],[ma.ɯn.tɛ.ɾo.hɛ.jo]
때 왜,140,[t͈ɛ.wɛ],[t͈ɛ.wɛ]
보낸 거,140,[po.nɛŋ.kʌ],[bo.nɛn.gʌ]
있다면 그건,140,[it̚.ta.mjʌŋ.kɯ.kʌn],[it̚.ta.mjʌn.gɯ.gʌn]
신분증 좀,140,[sim.pun.tʃɯŋ.tʃom],[sim.pun.tʃɯŋ.dʒom]
하는 사람은,140,[ha.nɯn.sa.ɾam.ɯn],[ha.nɯn.sa.ɾam.ɯn]
없어요 우리가,140,[ʌp̚.ʌ.jo.u.ɾi.ka],[ʌp̚.ʌ.jo.u.ɾi.ga]
말고 있어,140,[mal.ko.it̚.ʌ],[mal.ko.it̚.ʌ]
해 다,140,[hɛ.ta],[hɛ.da]
하는 거라고,140,[ha.nɯŋ.kʌ.ɾa.ko],[ha.nɯn.gʌ.ɾa.go]
이해 못 해요,140,[i.hɛ.mot̚.hɛ.jo],[i.hɛ.mot̚.hɛ.jo]
오 맙소사,140,[o.map̚.so.sa],[o.map̚.so.sa]
going to be,140,,
알고 싶어서,140,[al.ko.sip̚.ʌ.sʌ],[al.ko.sip̚.ʌ.sʌ]
널 사랑하지,140,[nʌl.sa.ɾaŋ.ha.tʃi],[nʌl.sa.ɾaŋ.ha.dʒi]
전화를 받고,140,[tʃʌn.hwa.ɾɯl.pat̚.ko],[dʒʌn.hwa.ɾɯl.bat̚.ko]
언제 다시,140,[ʌn.tʃe.ta.si],[ʌn.tʃe.da.si]
부리지 마,140,[pu.ɾi.tʃi.ma],[bu.ɾi.dʒi.ma]
다니는 거,140,[ta.ni.nɯŋ.kʌ],[da.ni.nɯn.gʌ]
안 먹으면,140,[an.mʌk̚.ɯ.mjʌn],[an.mʌk̚.ɯ.mjʌn]
그건 뭐예요,140,[kɯ.kʌn.mwʌ.je.jo],[gɯ.gʌn.mwʌ.je.jo]
웃는 거야,140,[ut̚.nɯŋ.kʌ.ja],[ut̚.nɯn.gʌ.ja]
왜 내게,140,[wɛ.nɛ.ke],[wɛ.nɛ.ge]
the car,140,,
제 목숨을,140,[tʃe.mok̚.sum.ɯl],[dʒe.mok̚.sum.ɯl]
다들 그,140,[ta.tɯl.kɯ],[da.dɯl.gɯ]
걸 내,140,[kʌl.lɛ],[gʌl.lɛ]
년 뒤,140,[njʌn.twi],[njʌn.dwi]
좀 앉아,140,[tʃom.an.a],[dʒom.an.a]
건 나,140,[kʌn.na],[gʌn.na]
보게 되면,140,[po.ke.twe.mjʌn],[bo.ge.dwe.mjʌn]
찾는 사람이,140,[tʃʰat̚.nɯn.sa.ɾam.i],[tʃʰat̚.nɯn.sa.ɾam.i]
이 분이,140,[i.pun.i],[i.bun.i]
같이 한,140,[kat̚.i.han],[gat̚.i.han]
와 내가,140,[wa.nɛ.ka],[wa.nɛ.ga]
살려 줘요,140,[sal.ɾjʌ.tʃwʌ.jo],[sal.ɾjʌ.dʒwʌ.jo]
준비가 돼,140,[tʃum.pi.ka.twɛ],[dʒum.pi.ga.dwɛ]
꼴 보기,140,[k͈ol.po.ki],[k͈ol.bo.gi]
필요 없네,140,[pʰil.jo.ʌp̚.ne],[pʰil.jo.ʌp̚.ne]
어떻게 작동하는지,140,[ʌ.t͈ʌt̚.ke.tʃak̚.toŋ.ha.nɯn.tʃi],[ʌ.t͈ʌt̚.ke.dʒak̚.toŋ.ha.nɯn.tʃi]
기분 안,140,[ki.pun.an],[gi.bun.an]
같아요 내가,140,[kat̚.a.jo.nɛ.ka],[gat̚.a.jo.nɛ.ga]
일을 위해,140,[il.ɯl.wi.hɛ],[il.ɯl.wi.hɛ]
여지가 없다,140,[jʌ.tʃi.ka.ʌp̚.ta],[jʌ.dʒi.ga.ʌp̚.ta]
나한테 그,140,[na.han.tʰe.kɯ],[na.han.tʰe.gɯ]
토할 것 같아,140,[tʰo.hal.kʌt̚.kat̚.a],[tʰo.hal.gʌt̚.gat̚.a]
그렇게 보지,140,[kɯ.ɾʌt̚.ke.po.tʃi],[gɯ.ɾʌt̚.ke.bo.dʒi]
말한 그,140,[mal.haŋ.kɯ],[mal.han.gɯ]
수도 있으니,140,[su.to.it̚.ɯ.ni],[su.do.it̚.ɯ.ni]
당신 뭐야,140,[taŋ.sin.mwʌ.ja],[daŋ.sin.mwʌ.ja]
맞출 수,140,[mat̚.tʃʰul.su],[mat̚.tʃʰul.su]
전화 한 통,140,[tʃʌn.hwa.han.tʰoŋ],[dʒʌn.hwa.han.tʰoŋ]
제가 알기론,140,[tʃe.ka.al.ki.ɾon],[dʒe.ga.al.ki.ɾon]
딱 두,140,[t͈ak̚.tu],[t͈ak̚.du]
말할 필요도,140,[mal.hal.pʰil.jo.to],[mal.hal.pʰil.jo.do]
잠이 안 와,140,[tʃam.i.an.wa],[dʒam.i.an.wa]
살고 있습니다,140,[sal.ko.it̚.sɯp̚.ni.ta],[sal.ko.it̚.sɯp̚.ni.da]
했던 그,140,[hɛt̚.tʌŋ.kɯ],[hɛt̚.tʌn.gɯ]
수 없을거야,140,[su.ʌp̚.ɯl.kʌ.ja],[su.ʌp̚.ɯl.kʌ.ja]
필요가 없습니다,140,[pʰil.jo.ka.ʌp̚.sɯp̚.ni.ta],[pʰil.jo.ga.ʌp̚.sɯp̚.ni.da]
일찍 왔네,140,[il.tʃ͈ik̚.wat̚.ne],[il.tʃ͈ik̚.wat̚.ne]
잘 해낼,140,[tʃal.hɛ.nɛl],[dʒal.hɛ.nɛl]
이럴 필요 없어,140,[i.ɾʌl.pʰil.jo.ʌp̚.ʌ],[i.ɾʌl.pʰil.jo.ʌp̚.ʌ]
차 한잔,139,[tʃʰa.han.tʃan],[tʃʰa.han.tʃan]
전혀 아니야,139,[tʃʌn.hjʌ.a.ni.ja],[dʒʌn.hjʌ.a.ni.ja]
되는 거 아니야,139,[twe.nɯŋ.kʌ.a.ni.ja],[dwe.nɯn.gʌ.a.ni.ja]
좀 불러,139,[tʃom.pul.ɾʌ],[dʒom.bul.ɾʌ]
하면 어떻게,139,[ha.mjʌn.ʌ.t͈ʌt̚.ke],[ha.mjʌn.ʌ.t͈ʌt̚.ke]
건 시간,139,[kʌn.si.kan],[gʌn.si.gan]
거짓말을 했어요,139,[kʌ.tʃit̚.mal.ɯl.hɛt̚.ʌ.jo],[gʌ.dʒit̚.mal.ɯl.hɛt̚.ʌ.jo]
이미 그,139,[i.mi.kɯ],[i.mi.gɯ]
있어요 오늘,139,[it̚.ʌ.jo.o.nɯl],[it̚.ʌ.jo.o.nɯl]
왜 그녀가,139,[wɛ.kɯ.njʌ.ka],[wɛ.gɯ.njʌ.ga]
제가 하고,139,[tʃe.ka.ha.ko],[dʒe.ga.ha.go]
있어 고마워,139,[it̚.ʌ.ko.ma.wʌ],[it̚.ʌ.go.ma.wʌ]
그럼 어쩔,139,[kɯ.ɾʌm.ʌ.tʃ͈ʌl],[gɯ.ɾʌm.ʌ.tʃ͈ʌl]
총을 쏠,139,[tʃʰoŋ.ɯl.s͈ol],[tʃʰoŋ.ɯl.s͈ol]
같아요 이,139,[kat̚.a.jo.i],[gat̚.a.jo.i]
거예요 날,139,[kʌ.je.jo.nal],[gʌ.je.jo.nal]
가 어서,139,[ka.ʌ.sʌ],[ga.ʌ.sʌ]
나한테 무슨 짓을,139,[na.han.tʰe.mu.sɯn.tʃit̚.ɯl],[na.han.tʰe.mu.sɯn.dʒit̚.ɯl]
죽지 마,139,[tʃuk̚.tʃi.ma],[dʒuk̚.tʃi.ma]
어떻게 죽었는지,139,[ʌ.t͈ʌt̚.ke.tʃuk̚.ʌt̚.nɯn.tʃi],[ʌ.t͈ʌt̚.ke.dʒuk̚.ʌt̚.nɯn.tʃi]
이게 지금,139,[i.ke.tʃi.kɯm],[i.ge.dʒi.gɯm]
우리는 다시,139,[u.ɾi.nɯn.ta.si],[u.ɾi.nɯn.da.si]
심각한 문제가,139,[sim.kak̚.han.mun.tʃe.ka],[sim.kak̚.han.mun.tʃe.ga]
없을 줄,139,[ʌp̚.ɯl.tʃul],[ʌp̚.ɯl.dʒul]
Why don''t,139,,
바로 우리가,139,[pa.ɾo.u.ɾi.ka],[ba.ɾo.u.ɾi.ga]
어서 가자고,139,[ʌ.sʌ.ka.tʃa.ko],[ʌ.sʌ.ga.dʒa.go]
네 엄마한테,139,[ne.ʌm.ma.han.tʰe],[ne.ʌm.ma.han.tʰe]
이렇게 말하는,139,[i.ɾʌt̚.ke.mal.ha.nɯn],[i.ɾʌt̚.ke.mal.ha.nɯn]
도움이 될지도,139,[to.um.i.twel.tʃi.to],[do.um.i.dwel.tʃi.do]
와서 앉아,139,[wa.sʌ.an.a],[wa.sʌ.an.a]
조용히 좀 해,139,[tʃo.joŋ.hi.tʃom.hɛ],[dʒo.joŋ.hi.dʒom.hɛ]
그렇게 하도록,139,[kɯ.ɾʌt̚.ke.ha.to.ɾok̚],[gɯ.ɾʌt̚.ke.ha.do.ɾok̚]
몰라요 그,139,[mol.ɾa.jo.kɯ],[mol.ɾa.jo.gɯ]
사람들은 날,139,[sa.ɾan.tɯl.ɯn.nal],[sa.ɾan.tɯl.ɯn.nal]
그냥 둘,139,[kɯ.njaŋ.tul],[gɯ.njaŋ.dul]
맘에 들,139,[mam.e.tɯl],[mam.e.dɯl]
무슨 소리를 하는,139,[mu.sɯn.so.ɾi.ɾɯl.ha.nɯn],[mu.sɯn.so.ɾi.ɾɯl.ha.nɯn]
그렇게 좋은,139,[kɯ.ɾʌt̚.ke.tʃot̚.ɯn],[gɯ.ɾʌt̚.ke.dʒot̚.ɯn]
없지 하지만,139,[ʌp̚.tʃi.ha.tʃi.man],[ʌp̚.tʃi.ha.dʒi.man]
우리가 만든,139,[u.ɾi.ka.man.tɯn],[u.ɾi.ga.man.tɯn]
감시하고 있어,139,[kam.si.ha.ko.it̚.ʌ],[gam.si.ha.go.it̚.ʌ]
여기서 얼마나,139,[jʌ.ki.sʌ.ʌl.ma.na],[jʌ.gi.sʌ.ʌl.ma.na]
말을 했어요,139,[mal.ɯl.hɛt̚.ʌ.jo],[mal.ɯl.hɛt̚.ʌ.jo]
잘 보이려고,139,[tʃal.po.i.ɾjʌ.ko],[dʒal.bo.i.ɾjʌ.go]
데려가는 거야,139,[te.ɾjʌ.ka.nɯŋ.kʌ.ja],[de.ɾjʌ.ga.nɯn.gʌ.ja]
하지 않았을,139,[ha.tʃi.an.at̚.ɯl],[ha.dʒi.an.at̚.ɯl]
일어난 일에,139,[il.ʌ.nan.il.e],[il.ʌ.nan.il.e]
돈을 가지고,139,[ton.ɯl.ka.tʃi.ko],[don.ɯl.ga.dʒi.go]
흔적은 없어,139,[hɯn.tʃʌk̚.ɯn.ʌp̚.ʌ],[hɯn.tʃʌk̚.ɯn.ʌp̚.ʌ]
멀지 않은,139,[mʌl.tʃi.an.ɯn],[mʌl.tʃi.an.ɯn]
된 것 같다,139,[tweŋ.kʌt̚.kat̚.ta],[dwen.gʌt̚.gat̚.ta]
했단 말이야,139,[hɛt̚.tan.mal.i.ja],[hɛt̚.tan.mal.i.ja]
당신은 여전히,139,[taŋ.sin.ɯn.jʌ.tʃʌn.hi],[daŋ.sin.ɯn.jʌ.dʒʌn.hi]
같진 않아요,139,[kat̚.tʃin.an.a.jo],[gat̚.tʃin.an.a.jo]
알아요 그래서,139,[al.a.jo.kɯ.ɾɛ.sʌ],[al.a.jo.gɯ.ɾɛ.sʌ]
맥카시 부인,139,[mɛk̚.kʰa.si.pu.in],[mɛk̚.kʰa.si.bu.in]
가고 있는,139,[ka.ko.it̚.nɯn],[ga.go.it̚.nɯn]
이 차는,139,[i.tʃʰa.nɯn],[i.tʃʰa.nɯn]
건 아닐까요,139,[kʌn.a.nil.k͈a.jo],[gʌn.a.nil.k͈a.jo]
보내 줘요,139,[po.nɛ.tʃwʌ.jo],[bo.nɛ.dʒwʌ.jo]
그저 그런,139,[kɯ.tʃʌ.kɯ.ɾʌn],[gɯ.dʒʌ.gɯ.ɾʌn]
건 처음이야,139,[kʌn.tʃʰʌ.ɯm.i.ja],[gʌn.tʃʰʌ.ɯm.i.ja]
체포할 수,139,[tʃʰe.pʰo.hal.su],[tʃʰe.pʰo.hal.su]
믿을 수 없어요,139,[mit̚.ɯl.su.ʌp̚.ʌ.jo],[mit̚.ɯl.su.ʌp̚.ʌ.jo]
똑같은 걸,139,[t͈ok̚.kat̚.ɯŋ.kʌl],[t͈ok̚.kat̚.ɯn.gʌl]
나쁘진 않아,139,[na.p͈ɯ.tʃin.an.a],[na.p͈ɯ.dʒin.an.a]
묻고 싶은 게,139,[mut̚.ko.sip̚.ɯŋ.ke],[mut̚.ko.sip̚.ɯn.ge]
하면 안 되지,139,[ha.mjʌn.an.twe.tʃi],[ha.mjʌn.an.dwe.dʒi]
그로 인해,139,[kɯ.ɾo.in.hɛ],[gɯ.ɾo.in.hɛ]
그 차,139,[kɯ.tʃʰa],[gɯ.tʃʰa]
뭔지 알지,139,[mwʌn.tʃi.al.tʃi],[mwʌn.tʃi.al.tʃi]
알 수도,139,[al.su.to],[al.su.do]
제가 말한,139,[tʃe.ka.mal.han],[dʒe.ga.mal.han]
않았어요 하지만,139,[an.at̚.ʌ.jo.ha.tʃi.man],[an.at̚.ʌ.jo.ha.dʒi.man]
없는 것 같은데,139,[ʌp̚.nɯŋ.kʌt̚.kat̚.ɯn.te],[ʌp̚.nɯn.gʌt̚.gat̚.ɯn.te]
그리고 아무도,139,[kɯ.ɾi.ko.a.mu.to],[gɯ.ɾi.go.a.mu.do]
이제 어떡하지,139,[i.tʃe.ʌ.t͈ʌk̚.ha.tʃi],[i.dʒe.ʌ.t͈ʌk̚.ha.dʒi]
거짓말은 안,139,[kʌ.tʃit̚.mal.ɯn.an],[gʌ.dʒit̚.mal.ɯn.an]
그녀가 한,139,[kɯ.njʌ.ka.han],[gɯ.njʌ.ga.han]
자는 거,139,[tʃa.nɯŋ.kʌ],[dʒa.nɯn.gʌ]
왜 오셨어요,139,[wɛ.o.sjʌt̚.ʌ.jo],[wɛ.o.sjʌt̚.ʌ.jo]
안 하네,139,[an.ha.ne],[an.ha.ne]
마음의 준비를,139,[ma.ɯm.ɯi.tʃum.pi.ɾɯl],[ma.ɯm.ɯi.dʒum.pi.ɾɯl]
더 해야,139,[tʌ.hɛ.ja],[dʌ.hɛ.ja]
리가 없는데,139,[ɾi.ka.ʌp̚.nɯn.te],[ɾi.ga.ʌp̚.nɯn.te]
don''t know what,139,,
잘 들어봐,139,[tʃal.tɯl.ʌ.pwa],[dʒal.dɯl.ʌ.bwa]
내가 낼게,139,[nɛ.ka.nɛl.ke],[nɛ.ga.nɛl.ke]
난 최선을,139,[nan.tʃʰwe.sʌn.ɯl],[nan.tʃʰwe.sʌn.ɯl]
재밌을 것,139,[tʃɛ.mit̚.ɯl.kʌt̚],[dʒɛ.mit̚.ɯl.gʌt̚]
한 적은,139,[han.tʃʌk̚.ɯn],[han.dʒʌk̚.ɯn]
성난 숨소리,139,[sʌŋ.nan.sum.so.ɾi],[sʌŋ.nan.sum.so.ɾi]
나를 노려보는,139,[na.ɾɯl.lo.ɾjʌ.po.nɯn],[na.ɾɯl.lo.ɾjʌ.bo.nɯn]
내 말이 그 말이야,139,[nɛ.mal.i.kɯ.mal.i.ja],[nɛ.mal.i.gɯ.mal.i.ja]
그럼 그게,139,[kɯ.ɾʌm.kɯ.ke],[gɯ.ɾʌm.gɯ.ge]
있는 걸로,139,[it̚.nɯŋ.kʌl.ɾo],[it̚.nɯn.gʌl.ɾo]
하지 않았나,139,[ha.tʃi.an.at̚.na],[ha.dʒi.an.at̚.na]
성공 못,139,[sʌŋ.koŋ.mot̚],[sʌŋ.goŋ.mot̚]
온 적,139,[on.tʃʌk̚],[on.dʒʌk̚]
것을 볼,139,[kʌt̚.ɯl.pol],[gʌt̚.ɯl.bol]
나도 거기,139,[na.to.kʌ.ki],[na.do.gʌ.gi]
뭐하고 있는,139,[mwʌ.ha.ko.it̚.nɯn],[mwʌ.ha.go.it̚.nɯn]
데 라,139,[te.ɾa],[de.ɾa]
년이 지난,139,[njʌn.i.tʃi.nan],[njʌn.i.dʒi.nan]
당신 친구가,139,[taŋ.sin.tʃʰiŋ.ku.ka],[daŋ.sin.tʃʰiŋ.ku.ga]
당신을 체포합니다,139,[taŋ.sin.ɯl.tʃʰe.pʰo.hap̚.ni.ta],[daŋ.sin.ɯl.tʃʰe.pʰo.hap̚.ni.da]
이 회사를,139,[i.hwe.sa.ɾɯl],[i.hwe.sa.ɾɯl]
내가 무엇을,139,[nɛ.ka.mu.ʌt̚.ɯl],[nɛ.ga.mu.ʌt̚.ɯl]
같진 않은데,139,[kat̚.tʃin.an.ɯn.te],[gat̚.tʃin.an.ɯn.te]
없어요 그래,139,[ʌp̚.ʌ.jo.kɯ.ɾɛ],[ʌp̚.ʌ.jo.gɯ.ɾɛ]
기다리고 있었어요,139,[ki.ta.ɾi.ko.it̚.ʌt̚.ʌ.jo],[gi.da.ɾi.go.it̚.ʌt̚.ʌ.jo]
아무 소용,139,[a.mu.so.joŋ],[a.mu.so.joŋ]
대해 전혀,139,[tɛ.hɛ.tʃʌn.hjʌ],[dɛ.hɛ.dʒʌn.hjʌ]
말만 해요,139,[mal.man.hɛ.jo],[mal.man.hɛ.jo]
혐의를 받고,139,[hjʌm.ɯi.ɾɯl.pat̚.ko],[hjʌm.ɯi.ɾɯl.bat̚.ko]
죽지 않았어,139,[tʃuk̚.tʃi.an.at̚.ʌ],[dʒuk̚.tʃi.an.at̚.ʌ]
번 안,139,[pʌn.an],[bʌn.an]
누가 있는지,139,[nu.ka.it̚.nɯn.tʃi],[nu.ga.it̚.nɯn.tʃi]
돈이 없어,139,[ton.i.ʌp̚.ʌ],[don.i.ʌp̚.ʌ]
내 머리가,139,[nɛ.mʌ.ɾi.ka],[nɛ.mʌ.ɾi.ga]
우리가 누군지,139,[u.ɾi.ka.nu.kun.tʃi],[u.ɾi.ga.nu.gun.tʃi]
문이 열린다,139,[mun.i.jʌl.ɾin.ta],[mun.i.jʌl.ɾin.ta]
안 먹었어,139,[an.mʌk̚.ʌt̚.ʌ],[an.mʌk̚.ʌt̚.ʌ]
지 알아,139,[tʃi.al.a],[dʒi.al.a]
나한테 말을,138,[na.han.tʰe.mal.ɯl],[na.han.tʰe.mal.ɯl]
밥 먹을,138,[pap̚.mʌk̚.ɯl],[bap̚.mʌk̚.ɯl]
얼마나 걸릴까요,138,[ʌl.ma.na.kʌl.ɾil.k͈a.jo],[ʌl.ma.na.gʌl.ɾil.k͈a.jo]
알게 된다면,138,[al.ke.twen.ta.mjʌn],[al.ke.dwen.ta.mjʌn]
운이 좋아,138,[un.i.tʃot̚.a],[un.i.dʒot̚.a]
있는 남자,138,[it̚.nɯn.nan.tʃa],[it̚.nɯn.nan.tʃa]
넌 나의,138,[nʌn.na.ɯi],[nʌn.na.ɯi]
겁니다 왜,138,[kʌp̚.ni.ta.wɛ],[gʌp̚.ni.da.wɛ]
적어도 한,138,[tʃʌk̚.ʌ.to.han],[dʒʌk̚.ʌ.do.han]
이제 나한테,138,[i.tʃe.na.han.tʰe],[i.dʒe.na.han.tʰe]
있잖아 내,138,[it̚.tʃan.a.nɛ],[it̚.tʃan.a.nɛ]
남는 게,138,[nam.nɯŋ.ke],[nam.nɯn.ge]
if we,138,,
좀 하면,138,[tʃom.ha.mjʌn],[dʒom.ha.mjʌn]
몰라요 난,138,[mol.ɾa.jo.nan],[mol.ɾa.jo.nan]
네가 사랑하는,138,[ne.ka.sa.ɾaŋ.ha.nɯn],[ne.ga.sa.ɾaŋ.ha.nɯn]
줄일 수,138,[tʃul.il.su],[dʒul.il.su]
나는 하지,138,[na.nɯn.ha.tʃi],[na.nɯn.ha.dʒi]
봐 이거,138,[pwa.i.kʌ],[bwa.i.gʌ]
데 있어,138,[te.it̚.ʌ],[de.it̚.ʌ]
잘 자렴,138,[tʃal.tʃa.ɾjʌm],[dʒal.dʒa.ɾjʌm]
거야 자기,138,[kʌ.ja.tʃa.ki],[gʌ.ja.dʒa.gi]
어느 쪽으로,138,[ʌ.nɯ.tʃ͈ok̚.ɯ.ɾo],[ʌ.nɯ.tʃ͈ok̚.ɯ.ɾo]
그래서 다시,138,[kɯ.ɾɛ.sʌ.ta.si],[gɯ.ɾɛ.sʌ.da.si]
알게 뭐야,138,[al.ke.mwʌ.ja],[al.ke.mwʌ.ja]
우리는 많은,138,[u.ɾi.nɯn.man.ɯn],[u.ɾi.nɯn.man.ɯn]
때문이 아니에요,138,[t͈ɛ.mun.i.a.ni.e.jo],[t͈ɛ.mun.i.a.ni.e.jo]
그러기엔 너무,138,[kɯ.ɾʌ.ki.en.nʌ.mu],[gɯ.ɾʌ.gi.en.nʌ.mu]
거 아니니까,138,[kʌ.a.ni.ni.k͈a],[gʌ.a.ni.ni.k͈a]
얻는 건,138,[ʌt̚.nɯŋ.kʌn],[ʌt̚.nɯn.gʌn]
안 온,138,[an.on],[an.on]
신경 쓰여,138,[siŋ.kjʌŋ.s͈ɯ.jʌ],[siŋ.kjʌŋ.s͈ɯ.jʌ]
나는 우리,138,[na.nɯn.u.ɾi],[na.nɯn.u.ɾi]
That''s a,138,,
무슨 근거로,138,[mu.sɯŋ.kɯŋ.kʌ.ɾo],[mu.sɯn.gɯŋ.kʌ.ɾo]
무고한 사람들을,138,[mu.ko.han.sa.ɾan.tɯl.ɯl],[mu.go.han.sa.ɾan.tɯl.ɯl]
못 한다,138,[mot̚.han.ta],[mot̚.han.ta]
그러게 왜,138,[kɯ.ɾʌ.ke.wɛ],[gɯ.ɾʌ.ge.wɛ]
거야 할,138,[kʌ.ja.hal],[gʌ.ja.hal]
가능성이 있다,138,[ka.nɯŋ.sʌŋ.i.it̚.ta],[ga.nɯŋ.sʌŋ.i.it̚.ta]
탁 친다,138,[tʰak̚.tʃʰin.ta],[tʰak̚.tʃʰin.ta]
내가 도와줄게요,138,[nɛ.ka.to.wa.tʃul.ke.jo],[nɛ.ga.do.wa.dʒul.ke.jo]
있을 때가,138,[it̚.ɯl.t͈ɛ.ka],[it̚.ɯl.t͈ɛ.ga]
모든 것들,138,[mo.tɯŋ.kʌt̚.tɯl],[mo.dɯn.gʌt̚.tɯl]
봐 어떻게,138,[pwa.ʌ.t͈ʌt̚.ke],[bwa.ʌ.t͈ʌt̚.ke]
수 없어 하지만,138,[su.ʌp̚.ʌ.ha.tʃi.man],[su.ʌp̚.ʌ.ha.dʒi.man]
대가를 치를,138,[tɛ.ka.ɾɯl.tʃʰi.ɾɯl],[dɛ.ga.ɾɯl.tʃʰi.ɾɯl]
뭐라고 하는,138,[mwʌ.ɾa.ko.ha.nɯn],[mwʌ.ɾa.go.ha.nɯn]
of our,138,,
일을 알고,138,[il.ɯl.al.ko],[il.ɯl.al.ko]
당연한 거,138,[taŋ.jʌn.haŋ.kʌ],[daŋ.jʌn.han.gʌ]
여기 있을 수,138,[jʌ.ki.it̚.ɯl.su],[jʌ.gi.it̚.ɯl.su]
그렇게 되지,138,[kɯ.ɾʌt̚.ke.twe.tʃi],[gɯ.ɾʌt̚.ke.dwe.dʒi]
다 우리,138,[ta.u.ɾi],[da.u.ɾi]
긴장한 숨소리,138,[kin.tʃaŋ.han.sum.so.ɾi],[gin.tʃaŋ.han.sum.so.ɾi]
그냥 앉아서,138,[kɯ.njaŋ.an.a.sʌ],[gɯ.njaŋ.an.a.sʌ]
너의 모든,138,[nʌ.ɯi.mo.tɯn],[nʌ.ɯi.mo.dɯn]
좋은 꿈,138,[tʃot̚.ɯŋ.k͈um],[dʒot̚.ɯŋ.k͈um]
응 왜,138,[ɯŋ.wɛ],[ɯŋ.wɛ]
네 이름,138,[ne.i.ɾɯm],[ne.i.ɾɯm]
집 밖에,138,[tʃip̚.pak̚.e],[dʒip̚.bak̚.e]
부르는 거야,138,[pu.ɾɯ.nɯŋ.kʌ.ja],[bu.ɾɯ.nɯn.gʌ.ja]
gonna get,138,,
안 좋네,138,[an.tʃot̚.ne],[an.dʒot̚.ne]
기댈 수,138,[ki.tɛl.su],[gi.dɛl.su]
내가 사람을,138,[nɛ.ka.sa.ɾam.ɯl],[nɛ.ga.sa.ɾam.ɯl]
소리 지르는,138,[so.ɾi.tʃi.ɾɯ.nɯn],[so.ɾi.dʒi.ɾɯ.nɯn]
수 없을 거예요,138,[su.ʌp̚.ɯl.kʌ.je.jo],[su.ʌp̚.ɯl.gʌ.je.jo]
고칠 수 있어,138,[ko.tʃʰil.su.it̚.ʌ],[go.tʃʰil.su.it̚.ʌ]
한 때,138,[han.t͈ɛ],[han.t͈ɛ]
여기 더,138,[jʌ.ki.tʌ],[jʌ.gi.dʌ]
알게 될 것이다,138,[al.ke.twel.kʌt̚.i.ta],[al.ke.dwel.gʌt̚.i.da]
당신 이름을,138,[taŋ.sin.i.ɾɯm.ɯl],[daŋ.sin.i.ɾɯm.ɯl]
널 두고,138,[nʌl.tu.ko],[nʌl.du.go]
방법이 있을 거예요,138,[pam.pʌp̚.i.it̚.ɯl.kʌ.je.jo],[baŋ.bʌp̚.i.it̚.ɯl.gʌ.je.jo]
무슨 일 있었어요,138,[mu.sɯn.il.it̚.ʌt̚.ʌ.jo],[mu.sɯn.il.it̚.ʌt̚.ʌ.jo]
안에 들어가서,138,[an.e.tɯl.ʌ.ka.sʌ],[an.e.dɯl.ʌ.ga.sʌ]
있어 그가,138,[it̚.ʌ.kɯ.ka],[it̚.ʌ.gɯ.ga]
길을 잃었어,138,[kil.ɯl.il.ʌt̚.ʌ],[gil.ɯl.il.ʌt̚.ʌ]
그리고 몇,138,[kɯ.ɾi.ko.mjʌt̚],[gɯ.ɾi.go.mjʌt̚]
봐 줘,138,[pwa.tʃwʌ],[bwa.dʒwʌ]
거예요 잘,138,[kʌ.je.jo.tʃal],[gʌ.je.jo.dʒal]
날 갖고,138,[nal.kat̚.ko],[nal.gat̚.ko]
wants to,138,,
죽이지 마,138,[tʃuk̚.i.tʃi.ma],[dʒuk̚.i.dʒi.ma]
그냥 못,138,[kɯ.njaŋ.mot̚],[gɯ.njaŋ.mot̚]
저 차,138,[tʃʌ.tʃʰa],[dʒʌ.tʃʰa]
무슨 일인가요,138,[mu.sɯn.il.iŋ.ka.jo],[mu.sɯn.il.iŋ.ka.jo]
해결할 거야,138,[hɛ.kjʌl.hal.kʌ.ja],[hɛ.gjʌl.hal.gʌ.ja]
돌아올 것이다,138,[tol.a.ol.kʌt̚.i.ta],[dol.a.ol.gʌt̚.i.da]
내 눈앞에서,138,[nɛ.nun.ap̚.e.sʌ],[nɛ.nun.ap̚.e.sʌ]
받은 적이,138,[pat̚.ɯn.tʃʌk̚.i],[bat̚.ɯn.dʒʌk̚.i]
때가 아니에요,138,[t͈ɛ.ka.a.ni.e.jo],[t͈ɛ.ga.a.ni.e.jo]
그게 문제예요,138,[kɯ.ke.mun.tʃe.je.jo],[gɯ.ge.mun.tʃe.je.jo]
지켜줄 수,138,[tʃi.kʰjʌ.tʃul.su],[dʒi.kʰjʌ.dʒul.su]
고마워요 이,138,[ko.ma.wʌ.jo.i],[go.ma.wʌ.jo.i]
당신도 알잖아,138,[taŋ.sin.to.al.tʃan.a],[daŋ.sin.to.al.tʃan.a]
아니야 이제,138,[a.ni.ja.i.tʃe],[a.ni.ja.i.dʒe]
좀 먹을래,138,[tʃom.mʌk̚.ɯl.ɾɛ],[dʒom.mʌk̚.ɯl.ɾɛ]
난 그때,138,[naŋ.kɯ.t͈ɛ],[nan.gɯ.t͈ɛ]
무슨 의미죠,138,[mu.sɯn.ɯi.mi.tʃjo],[mu.sɯn.ɯi.mi.dʒjo]
다 안다고,138,[ta.an.ta.ko],[da.an.ta.go]
뭘 도와,138,[mwʌl.to.wa],[mwʌl.do.wa]
눈 앞에서,138,[nun.ap̚.e.sʌ],[nun.ap̚.e.sʌ]
가능성이 있어,138,[ka.nɯŋ.sʌŋ.i.it̚.ʌ],[ga.nɯŋ.sʌŋ.i.it̚.ʌ]
거 너도,138,[kʌ.nʌ.to],[gʌ.nʌ.do]
안 나왔어,138,[an.na.wat̚.ʌ],[an.na.wat̚.ʌ]
내가 어떻게 해야,138,[nɛ.ka.ʌ.t͈ʌt̚.ke.hɛ.ja],[nɛ.ga.ʌ.t͈ʌt̚.ke.hɛ.ja]
비행기 타고,138,[pi.hɛŋ.ki.tʰa.ko],[bi.hɛŋ.gi.tʰa.go]
이번 일이,138,[i.pʌn.il.i],[i.bʌn.il.i]
거야 그들이,138,[kʌ.ja.kɯ.tɯl.i],[gʌ.ja.gɯ.dɯl.i]
어딘가에 있을,138,[ʌ.tiŋ.ka.e.it̚.ɯl],[ʌ.diŋ.ka.e.it̚.ɯl]
그들이 할 수,138,[kɯ.tɯl.i.hal.su],[gɯ.dɯl.i.hal.su]
이번 사건은,138,[i.pʌn.sa.kʌn.ɯn],[i.bʌn.sa.gʌn.ɯn]
지금 널,138,[tʃi.kɯm.nʌl],[dʒi.gɯm.nʌl]
움직이지 말고,138,[un.tʃik̚.i.tʃi.mal.ko],[un.tʃik̚.i.dʒi.mal.ko]
건 뭐죠,138,[kʌn.mwʌ.tʃjo],[gʌn.mwʌ.dʒjo]
걸 난,138,[kʌl.lan],[gʌl.lan]
내 명령을,138,[nɛ.mjʌŋ.ɾjʌŋ.ɯl],[nɛ.mjʌŋ.ɾjʌŋ.ɯl]
생각할 게,138,[sɛŋ.kak̚.hal.ke],[sɛŋ.gak̚.hal.ge]
이제 보니,138,[i.tʃe.po.ni],[i.dʒe.bo.ni]
너 완전,138,[nʌ.wan.tʃʌn],[nʌ.wan.tʃʌn]
갔다 온,138,[kat̚.ta.on],[gat̚.ta.on]
있어 빨리,138,[it̚.ʌ.p͈al.ɾi],[it̚.ʌ.p͈al.ɾi]
아닙니다 하지만,138,[a.nip̚.ni.ta.ha.tʃi.man],[a.nip̚.ni.da.ha.dʒi.man]
거라고 생각하지,138,[kʌ.ɾa.ko.sɛŋ.kak̚.ha.tʃi],[gʌ.ɾa.go.sɛŋ.gak̚.ha.dʒi]
보내 줄,138,[po.nɛ.tʃul],[bo.nɛ.dʒul]
잃은 건,138,[il.ɯŋ.kʌn],[il.ɯn.gʌn]
너무 빨라,138,[nʌ.mu.p͈al.ɾa],[nʌ.mu.p͈al.ɾa]
맞아요 그,138,[mat̚.a.jo.kɯ],[mat̚.a.jo.gɯ]
나쁜 놈아,138,[na.p͈ɯn.nom.a],[na.p͈ɯn.nom.a]
내가 가는,138,[nɛ.ka.ka.nɯn],[nɛ.ga.ga.nɯn]
어쩔 수 없잖아,138,[ʌ.tʃ͈ʌl.su.ʌp̚.tʃan.a],[ʌ.tʃ͈ʌl.su.ʌp̚.tʃan.a]
그는 너무,138,[kɯ.nɯn.nʌ.mu],[gɯ.nɯn.nʌ.mu]
항상 내가,138,[haŋ.saŋ.nɛ.ka],[haŋ.saŋ.nɛ.ga]
하지 않을거야,138,[ha.tʃi.an.ɯl.kʌ.ja],[ha.dʒi.an.ɯl.kʌ.ja]
거예요 한,138,[kʌ.je.jo.han],[gʌ.je.jo.han]
맥주 한 잔,138,[mɛk̚.tʃu.han.tʃan],[mɛk̚.tʃu.han.dʒan]
수 있지 않을까,138,[su.it̚.tʃi.an.ɯl.k͈a],[su.it̚.tʃi.an.ɯl.k͈a]
좋은 생각이다,138,[tʃot̚.ɯn.sɛŋ.kak̚.i.ta],[dʒot̚.ɯn.sɛŋ.gak̚.i.da]
정말 아름다워요,138,[tʃʌŋ.mal.a.ɾɯn.ta.wʌ.jo],[dʒʌŋ.mal.a.ɾɯn.ta.wʌ.jo]
써도 돼요,138,[s͈ʌ.to.twɛ.jo],[s͈ʌ.do.dwɛ.jo]
뭐가 잘못됐나요,138,[mwʌ.ka.tʃal.mot̚.twɛt̚.na.jo],[mwʌ.ga.dʒal.mot̚.twɛt̚.na.jo]
데도 못 가,138,[te.to.mot̚.ka],[de.do.mot̚.ga]
적이 있는,138,[tʃʌk̚.i.it̚.nɯn],[dʒʌk̚.i.it̚.nɯn]
때문에 왔어요,138,[t͈ɛ.mun.e.wat̚.ʌ.jo],[t͈ɛ.mun.e.wat̚.ʌ.jo]
알고 있었니,138,[al.ko.it̚.ʌt̚.ni],[al.ko.it̚.ʌt̚.ni]
엄청 잘,138,[ʌn.tʃʰʌŋ.tʃal],[ʌn.tʃʰʌŋ.dʒal]
다른 방법,138,[ta.ɾɯm.pam.pʌp̚],[da.ɾɯn.baŋ.bʌp̚]
와서 같이,138,[wa.sʌ.kat̚.i],[wa.sʌ.gat̚.i]
될 거야 내가,138,[twel.kʌ.ja.nɛ.ka],[dwel.gʌ.ja.nɛ.ga]
왜 이렇게 안,138,[wɛ.i.ɾʌt̚.ke.an],[wɛ.i.ɾʌt̚.ke.an]
제가 그렇게,138,[tʃe.ka.kɯ.ɾʌt̚.ke],[dʒe.ga.gɯ.ɾʌt̚.ke]
대기 중,138,[tɛ.ki.tʃuŋ],[dɛ.gi.dʒuŋ]
그러니 이,138,[kɯ.ɾʌ.ni.i],[gɯ.ɾʌ.ni.i]
이 이상,138,[i.i.saŋ],[i.i.saŋ]
날 여기서,138,[nal.jʌ.ki.sʌ],[nal.jʌ.gi.sʌ]
순 없는,138,[sun.ʌp̚.nɯn],[sun.ʌp̚.nɯn]
그 이야기는,138,[kɯ.i.ja.ki.nɯn],[gɯ.i.ja.gi.nɯn]
않게 해,138,[aŋ.ke.hɛ],[aŋ.ke.hɛ]
그런 식으로 말하지,138,[kɯ.ɾʌn.sik̚.ɯ.ɾo.mal.ha.tʃi],[gɯ.ɾʌn.sik̚.ɯ.ɾo.mal.ha.dʒi]
옳지 않아요,138,[ol.tʃi.an.a.jo],[ol.tʃi.an.a.jo]
내가 너보다,138,[nɛ.ka.nʌ.po.ta],[nɛ.ga.nʌ.bo.da]
필요는 없죠,138,[pʰil.jo.nɯn.ʌp̚.tʃjo],[pʰil.jo.nɯn.ʌp̚.tʃjo]
올 거지,138,[ol.kʌ.tʃi],[ol.gʌ.dʒi]
믿어야 해요,138,[mit̚.ʌ.ja.hɛ.jo],[mit̚.ʌ.ja.hɛ.jo]
못 봤지,137,[mot̚.pwat̚.tʃi],[mot̚.bwat̚.tʃi]
사람들이 더,137,[sa.ɾan.tɯl.i.tʌ],[sa.ɾan.tɯl.i.dʌ]
긴장한 신음,137,[kin.tʃaŋ.han.sin.ɯm],[gin.tʃaŋ.han.sin.ɯm]
여기까지 왔는데,137,[jʌ.ki.k͈a.tʃi.wat̚.nɯn.te],[jʌ.gi.k͈a.dʒi.wat̚.nɯn.te]
붙어 있는,137,[put̚.ʌ.it̚.nɯn],[but̚.ʌ.it̚.nɯn]
게 나을 것,137,[ke.na.ɯl.kʌt̚],[ge.na.ɯl.gʌt̚]
블록 떨어진,137,[pɯl.ɾok̚.t͈ʌl.ʌ.tʃin],[bɯl.ɾok̚.t͈ʌl.ʌ.dʒin]
줄 알아야,137,[tʃul.al.a.ja],[dʒul.al.a.ja]
깊은 곳에서,137,[kip̚.ɯŋ.kot̚.e.sʌ],[gip̚.ɯn.got̚.e.sʌ]
고마워요 천만에요,137,[ko.ma.wʌ.jo.tʃʰʌn.man.e.jo],[go.ma.wʌ.jo.tʃʰʌn.man.e.jo]
그는 그렇지,137,[kɯ.nɯŋ.kɯ.ɾʌt̚.tʃi],[gɯ.nɯn.gɯ.ɾʌt̚.tʃi]
늘 하던,137,[nɯl.ha.tʌn],[nɯl.ha.dʌn]
어서 들어와,137,[ʌ.sʌ.tɯl.ʌ.wa],[ʌ.sʌ.dɯl.ʌ.wa]
잃었을 때,137,[il.ʌt̚.ɯl.t͈ɛ],[il.ʌt̚.ɯl.t͈ɛ]
왜 이러고,137,[wɛ.i.ɾʌ.ko],[wɛ.i.ɾʌ.go]
그 사진을,137,[kɯ.sa.tʃin.ɯl],[gɯ.sa.dʒin.ɯl]
있어 안 돼,137,[it̚.ʌ.an.twɛ],[it̚.ʌ.an.dwɛ]
이제 알겠어요,137,[i.tʃe.al.ket̚.ʌ.jo],[i.dʒe.al.ket̚.ʌ.jo]
되었을 때,137,[twe.ʌt̚.ɯl.t͈ɛ],[dwe.ʌt̚.ɯl.t͈ɛ]
뭐 하는거야,137,[mwʌ.ha.nɯŋ.kʌ.ja],[mwʌ.ha.nɯŋ.kʌ.ja]
죽일 수 있는,137,[tʃuk̚.il.su.it̚.nɯn],[dʒuk̚.il.su.it̚.nɯn]
왜 우리는,137,[wɛ.u.ɾi.nɯn],[wɛ.u.ɾi.nɯn]
그렇긴 하지,137,[kɯ.ɾʌt̚.kin.ha.tʃi],[gɯ.ɾʌt̚.kin.ha.dʒi]
일이 또,137,[il.i.t͈o],[il.i.t͈o]
수 없는 것,137,[su.ʌp̚.nɯŋ.kʌt̚],[su.ʌp̚.nɯn.gʌt̚]
그거 좋지,137,[kɯ.kʌ.tʃot̚.tʃi],[gɯ.gʌ.dʒot̚.tʃi]
전화할 거야,137,[tʃʌn.hwa.hal.kʌ.ja],[dʒʌn.hwa.hal.gʌ.ja]
원하는 게 뭐지,137,[wʌn.ha.nɯŋ.ke.mwʌ.tʃi],[wʌn.ha.nɯn.ge.mwʌ.dʒi]
정말 힘든,137,[tʃʌŋ.mal.hin.tɯn],[dʒʌŋ.mal.hin.tɯn]
놈이 내,137,[nom.i.nɛ],[nom.i.nɛ]
더 할 말,137,[tʌ.hal.mal],[dʌ.hal.mal]
여지가 없어요,137,[jʌ.tʃi.ka.ʌp̚.ʌ.jo],[jʌ.dʒi.ga.ʌp̚.ʌ.jo]
노려보는 내가,137,[no.ɾjʌ.po.nɯn.nɛ.ka],[no.ɾjʌ.bo.nɯn.nɛ.ga]
한 놈은,137,[han.nom.ɯn],[han.nom.ɯn]
죽이고 싶지,137,[tʃuk̚.i.ko.sip̚.tʃi],[dʒuk̚.i.go.sip̚.tʃi]
그게 말이죠,137,[kɯ.ke.mal.i.tʃjo],[gɯ.ge.mal.i.dʒjo]
조사 중입니다,137,[tʃo.sa.tʃuŋ.ip̚.ni.ta],[dʒo.sa.dʒuŋ.ip̚.ni.da]
그리고 이거,137,[kɯ.ɾi.ko.i.kʌ],[gɯ.ɾi.go.i.gʌ]
고마워 하지만,137,[ko.ma.wʌ.ha.tʃi.man],[go.ma.wʌ.ha.dʒi.man]
온 가족이,137,[oŋ.ka.tʃok̚.i],[on.ga.dʒok̚.i]
찾고 있었다,137,[tʃʰat̚.ko.it̚.ʌt̚.ta],[tʃʰat̚.ko.it̚.ʌt̚.ta]
술에 취해서,137,[sul.e.tʃʰwi.hɛ.sʌ],[sul.e.tʃʰwi.hɛ.sʌ]
모두 그,137,[mo.tu.kɯ],[mo.du.gɯ]
했어요 전,137,[hɛt̚.ʌ.jo.tʃʌn],[hɛt̚.ʌ.jo.dʒʌn]
듣고 있나,137,[tɯt̚.ko.it̚.na],[dɯt̚.ko.it̚.na]
그럼 어떤,137,[kɯ.ɾʌm.ʌ.t͈ʌn],[gɯ.ɾʌm.ʌ.t͈ʌn]
뭐라고 할지,137,[mwʌ.ɾa.ko.hal.tʃi],[mwʌ.ɾa.go.hal.tʃi]
떨지 마,137,[t͈ʌl.tʃi.ma],[t͈ʌl.tʃi.ma]
있을 곳을,137,[it̚.ɯl.kot̚.ɯl],[it̚.ɯl.got̚.ɯl]
네가 죽인,137,[ne.ka.tʃuk̚.in],[ne.ga.dʒuk̚.in]
당신이 직접,137,[taŋ.sin.i.tʃik̚.tʃʌp̚],[daŋ.sin.i.dʒik̚.tʃʌp̚]
솔직히 좀,137,[sol.tʃik̚.hi.tʃom],[sol.tʃik̚.hi.dʒom]
하나 있다,137,[ha.na.it̚.ta],[ha.na.it̚.ta]
못 했지만,137,[mot̚.hɛt̚.tʃi.man],[mot̚.hɛt̚.tʃi.man]
보통 씨,137,[po.tʰoŋ.s͈i],[bo.tʰoŋ.s͈i]
대체 왜 이러는,137,[tɛ.tʃʰe.wɛ.i.ɾʌ.nɯn],[dɛ.tʃʰe.wɛ.i.ɾʌ.nɯn]
우리가 온,137,[u.ɾi.ka.on],[u.ɾi.ga.on]
살고 있다,137,[sal.ko.it̚.ta],[sal.ko.it̚.ta]
줄 모르고,137,[tʃul.mo.ɾɯ.ko],[dʒul.mo.ɾɯ.go]
받지 마,137,[pat̚.tʃi.ma],[bat̚.tʃi.ma]
사람은 내,137,[sa.ɾam.ɯn.nɛ],[sa.ɾam.ɯn.nɛ]
준비를 해야,137,[tʃum.pi.ɾɯl.hɛ.ja],[dʒum.pi.ɾɯl.hɛ.ja]
가서 얘기해,137,[ka.sʌ.jɛ.ki.hɛ],[ga.sʌ.jɛ.gi.hɛ]
그럼 다음에,137,[kɯ.ɾʌn.ta.ɯm.e],[gɯ.ɾʌm.da.ɯm.e]
정보에 따르면,137,[tʃʌm.po.e.t͈a.ɾɯ.mjʌn],[dʒʌŋ.bo.e.t͈a.ɾɯ.mjʌn]
너무 피곤해,137,[nʌ.mu.pʰi.kon.hɛ],[nʌ.mu.pʰi.gon.hɛ]
궁금한 거,137,[kuŋ.kɯm.haŋ.kʌ],[guŋ.gɯm.han.gʌ]
what you''re,137,,
하지만 우리의,137,[ha.tʃi.man.u.ɾi.ɯi],[ha.dʒi.man.u.ɾi.ɯi]
말이야 우린,137,[mal.i.ja.u.ɾin],[mal.i.ja.u.ɾin]
꼭 좀,137,[k͈ok̚.tʃom],[k͈ok̚.dʒom]
싶은 사람이,137,[sip̚.ɯn.sa.ɾam.i],[sip̚.ɯn.sa.ɾam.i]
당신 도움이 필요해요,137,[taŋ.sin.to.um.i.pʰil.jo.hɛ.jo],[daŋ.sin.do.um.i.pʰil.jo.hɛ.jo]
와 이리,137,[wa.i.ɾi],[wa.i.ɾi]
도와줄 수 있는,137,[to.wa.tʃul.su.it̚.nɯn],[do.wa.dʒul.su.it̚.nɯn]
나한테 무슨 일이,137,[na.han.tʰe.mu.sɯn.il.i],[na.han.tʰe.mu.sɯn.il.i]
feel like,137,,
잊을 수가,137,[it̚.ɯl.su.ka],[it̚.ɯl.su.ga]
일도 없었던,137,[il.to.ʌp̚.ʌt̚.tʌn],[il.to.ʌp̚.ʌt̚.tʌn]
죽이는 거야,137,[tʃuk̚.i.nɯŋ.kʌ.ja],[dʒuk̚.i.nɯn.gʌ.ja]
거야 이걸,137,[kʌ.ja.i.kʌl],[gʌ.ja.i.gʌl]
통화할 수,137,[tʰoŋ.hwa.hal.su],[tʰoŋ.hwa.hal.su]
넌 알고,137,[nʌn.al.ko],[nʌn.al.ko]
게 없는데,137,[ke.ʌp̚.nɯn.te],[ge.ʌp̚.nɯn.te]
직접 만나서,137,[tʃik̚.tʃʌp̚.man.na.sʌ],[dʒik̚.tʃʌp̚.man.na.sʌ]
안 돼요 난,137,[an.twɛ.jo.nan],[an.dwɛ.jo.nan]
말을 어떻게,137,[mal.ɯl.ʌ.t͈ʌt̚.ke],[mal.ɯl.ʌ.t͈ʌt̚.ke]
당신은 절대,137,[taŋ.sin.ɯn.tʃʌl.tɛ],[daŋ.sin.ɯn.dʒʌl.tɛ]
날 필요로,137,[nal.pʰil.jo.ɾo],[nal.pʰil.jo.ɾo]
맞지 않는,137,[mat̚.tʃi.an.nɯn],[mat̚.tʃi.an.nɯn]
여기 뭐가,137,[jʌ.ki.mwʌ.ka],[jʌ.gi.mwʌ.ga]
말한 거예요,137,[mal.haŋ.kʌ.je.jo],[mal.han.gʌ.je.jo]
전화가 왔어,137,[tʃʌn.hwa.ka.wat̚.ʌ],[dʒʌn.hwa.ga.wat̚.ʌ]
들은 건,137,[tɯl.ɯŋ.kʌn],[dɯl.ɯn.gʌn]
문제가 있나요,137,[mun.tʃe.ka.it̚.na.jo],[mun.tʃe.ga.it̚.na.jo]
제가 하죠,137,[tʃe.ka.ha.tʃjo],[dʒe.ga.ha.dʒjo]
and I''m,137,,
내 말 안 들려,137,[nɛ.mal.an.tɯl.ɾjʌ],[nɛ.mal.an.dɯl.ɾjʌ]
전화를 걸었다,137,[tʃʌn.hwa.ɾɯl.kʌl.ʌt̚.ta],[dʒʌn.hwa.ɾɯl.gʌl.ʌt̚.ta]
게 맞아,137,[ke.mat̚.a],[ge.mat̚.a]
이게 당신,137,[i.ke.taŋ.sin],[i.ge.daŋ.sin]
맞아요 난,137,[mat̚.a.jo.nan],[mat̚.a.jo.nan]
그러는 거예요,137,[kɯ.ɾʌ.nɯŋ.kʌ.je.jo],[gɯ.ɾʌ.nɯn.gʌ.je.jo]
사 줄게,137,[sa.tʃul.ke],[sa.dʒul.ke]
숨어 있어,137,[sum.ʌ.it̚.ʌ],[sum.ʌ.it̚.ʌ]
그가 어디,137,[kɯ.ka.ʌ.ti],[gɯ.ga.ʌ.di]
그거 아주,137,[kɯ.kʌ.a.tʃu],[gɯ.gʌ.a.dʒu]
그냥 할,137,[kɯ.njaŋ.hal],[gɯ.njaŋ.hal]
그런 말씀을,137,[kɯ.ɾʌn.mal.s͈ɯm.ɯl],[gɯ.ɾʌn.mal.s͈ɯm.ɯl]
고장 났어요,137,[ko.tʃaŋ.nat̚.ʌ.jo],[go.dʒaŋ.nat̚.ʌ.jo]
can I,137,,
안 하나,137,[an.ha.na],[an.ha.na]
내 거예요,137,[nɛ.kʌ.je.jo],[nɛ.gʌ.je.jo]
때도 있고,137,[t͈ɛ.to.it̚.ko],[t͈ɛ.do.it̚.ko]
정말 그래요,137,[tʃʌŋ.mal.kɯ.ɾɛ.jo],[dʒʌŋ.mal.gɯ.ɾɛ.jo]
누구를 위해,137,[nu.ku.ɾɯl.wi.hɛ],[nu.gu.ɾɯl.wi.hɛ]
될 거 아니야,137,[twel.kʌ.a.ni.ja],[dwel.gʌ.a.ni.ja]
지난 주,137,[tʃi.nan.tʃu],[dʒi.nan.dʒu]
아니야 아니야,137,[a.ni.ja.a.ni.ja],[a.ni.ja.a.ni.ja]
그는 그렇게,137,[kɯ.nɯŋ.kɯ.ɾʌt̚.ke],[gɯ.nɯn.gɯ.ɾʌt̚.ke]
짓을 했든,137,[tʃit̚.ɯl.hɛt̚.tɯn],[dʒit̚.ɯl.hɛt̚.tɯn]
그렇고 말고요,137,[kɯ.ɾʌt̚.ko.mal.ko.jo],[gɯ.ɾʌt̚.ko.mal.ko.jo]
게 잘,137,[ke.tʃal],[ge.dʒal]
괜찮아요 제가,137,[kwɛn.tʃʰan.a.jo.tʃe.ka],[gwɛn.tʃʰan.a.jo.dʒe.ga]
to stay,137,,
위해서가 아니라,137,[wi.hɛ.sʌ.ka.a.ni.ɾa],[wi.hɛ.sʌ.ga.a.ni.ɾa]
끝도 없이,137,[k͈ɯt̚.to.ʌp̚.i],[k͈ɯt̚.to.ʌp̚.i]
my love,137,,
봐 나도,137,[pwa.na.to],[bwa.na.do]
없었던 것처럼,137,[ʌp̚.ʌt̚.tʌŋ.kʌt̚.tʃʰʌ.ɾʌm],[ʌp̚.ʌt̚.tʌn.gʌt̚.tʃʰʌ.ɾʌm]
근데 전,137,[kɯn.te.tʃʌn],[gɯn.te.dʒʌn]
놔두지 않을,137,[nwa.tu.tʃi.an.ɯl],[nwa.du.dʒi.an.ɯl]
좀 어떻게,137,[tʃom.ʌ.t͈ʌt̚.ke],[dʒom.ʌ.t͈ʌt̚.ke]
해결해야 해,137,[hɛ.kjʌl.hɛ.ja.hɛ],[hɛ.gjʌl.hɛ.ja.hɛ]
걱정할 필요 없어,137,[kʌk̚.tʃʌŋ.hal.pʰil.jo.ʌp̚.ʌ],[gʌk̚.tʃʌŋ.hal.pʰil.jo.ʌp̚.ʌ]
알고 계세요,137,[al.ko.kje.se.jo],[al.ko.gje.se.jo]
모르죠 하지만,137,[mo.ɾɯ.tʃjo.ha.tʃi.man],[mo.ɾɯ.dʒjo.ha.dʒi.man]
더 나은 사람이,137,[tʌ.na.ɯn.sa.ɾam.i],[dʌ.na.ɯn.sa.ɾam.i]
때가 됐어요,137,[t͈ɛ.ka.twɛt̚.ʌ.jo],[t͈ɛ.ga.dwɛt̚.ʌ.jo]
관한 것이다,137,[kwan.haŋ.kʌt̚.i.ta],[gwan.han.gʌt̚.i.da]
그들이 우릴,137,[kɯ.tɯl.i.u.ɾil],[gɯ.dɯl.i.u.ɾil]
이게 당신이,137,[i.ke.taŋ.sin.i],[i.ge.daŋ.sin.i]
입 좀 다물어,137,[ip̚.tʃon.ta.mul.ʌ],[ip̚.dʒom.da.mul.ʌ]
데리고 가서,137,[te.ɾi.ko.ka.sʌ],[de.ɾi.go.ga.sʌ]
내가 전화할게,137,[nɛ.ka.tʃʌn.hwa.hal.ke],[nɛ.ga.dʒʌn.hwa.hal.ke]
없이 말이야,137,[ʌp̚.i.mal.i.ja],[ʌp̚.i.mal.i.ja]
이제 갈,137,[i.tʃe.kal],[i.dʒe.gal]
영웅이 될,136,[jʌŋ.uŋ.i.twel],[jʌŋ.uŋ.i.dwel]
갈 것 같아,136,[kal.kʌt̚.kat̚.a],[gal.gʌt̚.gat̚.a]
이 집의,136,[i.tʃip̚.ɯi],[i.dʒip̚.ɯi]
그녀는 항상,136,[kɯ.njʌ.nɯn.haŋ.saŋ],[gɯ.njʌ.nɯn.haŋ.saŋ]
네가 이겼어,136,[ne.ka.i.kjʌt̚.ʌ],[ne.ga.i.gjʌt̚.ʌ]
우릴 어떻게,136,[u.ɾil.ʌ.t͈ʌt̚.ke],[u.ɾil.ʌ.t͈ʌt̚.ke]
그러니 네가,136,[kɯ.ɾʌ.ni.ne.ka],[gɯ.ɾʌ.ni.ne.ga]
게 마음에,136,[ke.ma.ɯm.e],[ge.ma.ɯm.e]
없어 당신이,136,[ʌp̚.ʌ.taŋ.sin.i],[ʌp̚.ʌ.daŋ.sin.i]
누가 한,136,[nu.ka.han],[nu.ga.han]
있어서 정말,136,[it̚.ʌ.sʌ.tʃʌŋ.mal],[it̚.ʌ.sʌ.dʒʌŋ.mal]
모두 나가,136,[mo.tu.na.ka],[mo.du.na.ga]
僕を睨む僕がここにいる 나를 노려보는 내가,136,[na.ɾɯl.lo.ɾjʌ.po.nɯn.nɛ.ka],[na.ɾɯl.lo.ɾjʌ.bo.nɯn.nɛ.ga]
잘 지내는,136,[tʃal.tʃi.nɛ.nɯn],[dʒal.dʒi.nɛ.nɯn]
죽을 거,136,[tʃuk̚.ɯl.kʌ],[dʒuk̚.ɯl.gʌ]
생각해 보자,136,[sɛŋ.kak̚.hɛ.po.tʃa],[sɛŋ.gak̚.hɛ.bo.dʒa]
어떻게 지내는지,136,[ʌ.t͈ʌt̚.ke.tʃi.nɛ.nɯn.tʃi],[ʌ.t͈ʌt̚.ke.dʒi.nɛ.nɯn.tʃi]
아주 먼,136,[a.tʃu.mʌn],[a.dʒu.mʌn]
널 볼,136,[nʌl.pol],[nʌl.bol]
네가 내게,136,[ne.ka.nɛ.ke],[ne.ga.nɛ.ge]
온 거 아니에요,136,[oŋ.kʌ.a.ni.e.jo],[on.gʌ.a.ni.e.jo]
나도 들었어,136,[na.to.tɯl.ʌt̚.ʌ],[na.do.dɯl.ʌt̚.ʌ]
잘 있었나,136,[tʃal.it̚.ʌt̚.na],[dʒal.it̚.ʌt̚.na]
하던 일,136,[ha.tʌn.il],[ha.dʌn.il]
갈 수 있게,136,[kal.su.it̚.ke],[gal.su.it̚.ke]
더 좋고,136,[tʌ.tʃot̚.ko],[dʌ.dʒot̚.ko]
사람들이 웅성거린다,136,[sa.ɾan.tɯl.i.uŋ.sʌŋ.kʌ.ɾin.ta],[sa.ɾan.tɯl.i.uŋ.sʌŋ.gʌ.ɾin.ta]
거 너무,136,[kʌ.nʌ.mu],[gʌ.nʌ.mu]
있어요 한,136,[it̚.ʌ.jo.han],[it̚.ʌ.jo.han]
된 겁니다,136,[tweŋ.kʌp̚.ni.ta],[dwen.gʌp̚.ni.da]
우리가 아직,136,[u.ɾi.ka.a.tʃik̚],[u.ɾi.ga.a.dʒik̚]
있습니다 그리고,136,[it̚.sɯp̚.ni.ta.kɯ.ɾi.ko],[it̚.sɯp̚.ni.da.gɯ.ɾi.go]
안 놔,136,[an.nwa],[an.nwa]
뭐 좀 물어봐도,136,[mwʌ.tʃom.mul.ʌ.pwa.to],[mwʌ.dʒom.mul.ʌ.bwa.do]
안 하세요,136,[an.ha.se.jo],[an.ha.se.jo]
내 부하,136,[nɛ.pu.ha],[nɛ.bu.ha]
열심히 일하고,136,[jʌl.sim.hi.il.ha.ko],[jʌl.sim.hi.il.ha.go]
겁먹은 숨소리,136,[kʌp̚.mʌk̚.ɯn.sum.so.ɾi],[gʌp̚.mʌk̚.ɯn.sum.so.ɾi]
이 얘긴,136,[i.jɛ.kin],[i.jɛ.gin]
될 수 있을,136,[twel.su.it̚.ɯl],[dwel.su.it̚.ɯl]
어떤 의미인지,136,[ʌ.t͈ʌn.ɯi.mi.in.tʃi],[ʌ.t͈ʌn.ɯi.mi.in.tʃi]
알고 있었고,136,[al.ko.it̚.ʌt̚.ko],[al.ko.it̚.ʌt̚.ko]
거다 네,136,[kʌ.ta.ne],[gʌ.da.ne]
하지 내가,136,[ha.tʃi.nɛ.ka],[ha.dʒi.nɛ.ga]
僕を睨む僕がここにいる 나를,136,[na.ɾɯl],[na.ɾɯl]
일 있나,136,[il.it̚.na],[il.it̚.na]
노려보는 내가 여기 있어,136,[no.ɾjʌ.po.nɯn.nɛ.ka.jʌ.ki.it̚.ʌ],[no.ɾjʌ.bo.nɯn.nɛ.ga.jʌ.gi.it̚.ʌ]
우린 방금,136,[u.ɾim.paŋ.kɯm],[u.ɾin.baŋ.gɯm]
내가 해냈어,136,[nɛ.ka.hɛ.nɛt̚.ʌ],[nɛ.ga.hɛ.nɛt̚.ʌ]
그들 모두,136,[kɯ.tɯl.mo.tu],[gɯ.dɯl.mo.du]
그리고 마지막으로,136,[kɯ.ɾi.ko.ma.tʃi.mak̚.ɯ.ɾo],[gɯ.ɾi.go.ma.dʒi.mak̚.ɯ.ɾo]
뭐 하게,136,[mwʌ.ha.ke],[mwʌ.ha.ge]
그런 짓을 할,136,[kɯ.ɾʌn.tʃit̚.ɯl.hal],[gɯ.ɾʌn.dʒit̚.ɯl.hal]
말이야 그런데,136,[mal.i.ja.kɯ.ɾʌn.te],[mal.i.ja.gɯ.ɾʌn.te]
사람 중 한,136,[sa.ɾan.tʃuŋ.han],[sa.ɾam.dʒuŋ.han]
우주 비행사 이론가들,136,[u.tʃu.pi.hɛŋ.sa.i.ɾoŋ.ka.tɯl],[u.dʒu.bi.hɛŋ.sa.i.ɾoŋ.ka.dɯl]
나를 노려보는 내가,136,[na.ɾɯl.lo.ɾjʌ.po.nɯn.nɛ.ka],[na.ɾɯl.lo.ɾjʌ.bo.nɯn.nɛ.ga]
올릴 수,136,[ol.ɾil.su],[ol.ɾil.su]
나랑 내,136,[na.ɾaŋ.nɛ],[na.ɾaŋ.nɛ]
네 아버지와,136,[ne.a.pʌ.tʃi.wa],[ne.a.bʌ.dʒi.wa]
수 없는 걸,136,[su.ʌp̚.nɯŋ.kʌl],[su.ʌp̚.nɯn.gʌl]
있어 젠장,136,[it̚.ʌ.tʃen.tʃaŋ],[it̚.ʌ.dʒen.tʃaŋ]
떠난 지,136,[t͈ʌ.nan.tʃi],[t͈ʌ.nan.dʒi]
그럼 뭐라고,136,[kɯ.ɾʌm.mwʌ.ɾa.ko],[gɯ.ɾʌm.mwʌ.ɾa.go]
우리가 할 일은,136,[u.ɾi.ka.hal.il.ɯn],[u.ɾi.ga.hal.il.ɯn]
할 일이 많아,136,[hal.il.i.man.a],[hal.il.i.man.a]
그녀는 그녀의,136,[kɯ.njʌ.nɯŋ.kɯ.njʌ.ɯi],[gɯ.njʌ.nɯn.gɯ.njʌ.ɯi]
총 좀,136,[tʃʰoŋ.tʃom],[tʃʰoŋ.dʒom]
그냥 너무,136,[kɯ.njaŋ.nʌ.mu],[gɯ.njaŋ.nʌ.mu]
좀 있었어,136,[tʃom.it̚.ʌt̚.ʌ],[dʒom.it̚.ʌt̚.ʌ]
그 때는,136,[kɯ.t͈ɛ.nɯn],[gɯ.t͈ɛ.nɯn]
이 책,136,[i.tʃʰɛk̚],[i.tʃʰɛk̚]
널 좋아해,136,[nʌl.tʃot̚.a.hɛ],[nʌl.dʒot̚.a.hɛ]
노려보는 내가 여기,136,[no.ɾjʌ.po.nɯn.nɛ.ka.jʌ.ki],[no.ɾjʌ.bo.nɯn.nɛ.ga.jʌ.gi]
나 빼고,136,[na.p͈ɛ.ko],[na.p͈ɛ.go]
곧 오실,136,[kot̚.o.sil],[got̚.o.sil]
네가 준,136,[ne.ka.tʃun],[ne.ga.dʒun]
수 있어요 하지만,136,[su.it̚.ʌ.jo.ha.tʃi.man],[su.it̚.ʌ.jo.ha.dʒi.man]
방금 내가,136,[paŋ.kɯm.nɛ.ka],[baŋ.gɯm.nɛ.ga]
대해 이야기하고,136,[tɛ.hɛ.i.ja.ki.ha.ko],[dɛ.hɛ.i.ja.gi.ha.go]
좀 가져다,136,[tʃom.ka.tʃjʌ.ta],[dʒom.ga.dʒjʌ.da]
말이야 나,136,[mal.i.ja.na],[mal.i.ja.na]
거야 잠깐만,136,[kʌ.ja.tʃam.k͈an.man],[gʌ.ja.dʒam.k͈an.man]
받을 때,136,[pat̚.ɯl.t͈ɛ],[bat̚.ɯl.t͈ɛ]
우리가 계속,136,[u.ɾi.ka.kje.sok̚],[u.ɾi.ga.gje.sok̚]
알고 있다면,136,[al.ko.it̚.ta.mjʌn],[al.ko.it̚.ta.mjʌn]
주 만에,136,[tʃu.man.e],[dʒu.man.e]
겁니다 무슨,136,[kʌp̚.ni.ta.mu.sɯn],[gʌp̚.ni.da.mu.sɯn]
한 마디만,136,[han.ma.ti.man],[han.ma.di.man]
내 말 잘 들어요,136,[nɛ.mal.tʃal.tɯl.ʌ.jo],[nɛ.mal.dʒal.dɯl.ʌ.jo]
근데 당신은,136,[kɯn.te.taŋ.sin.ɯn],[gɯn.te.daŋ.sin.ɯn]
마음에 쏙,136,[ma.ɯm.e.s͈ok̚],[ma.ɯm.e.s͈ok̚]
시작하는 게,136,[si.tʃak̚.ha.nɯŋ.ke],[si.dʒak̚.ha.nɯn.ge]
두 장,136,[tu.tʃaŋ],[du.dʒaŋ]
잘 됐어요,136,[tʃal.twɛt̚.ʌ.jo],[dʒal.dwɛt̚.ʌ.jo]
통제가 안,136,[tʰoŋ.tʃe.ka.an],[tʰoŋ.dʒe.ga.an]
못 하겠네요,136,[mot̚.ha.ket̚.ne.jo],[mot̚.ha.get̚.ne.jo]
네 엄마도,136,[ne.ʌm.ma.to],[ne.ʌm.ma.do]
잘못이 아냐,136,[tʃal.mot̚.i.a.nja],[dʒal.mot̚.i.a.nja]
그들이 뭘,136,[kɯ.tɯl.i.mwʌl],[gɯ.dɯl.i.mwʌl]
보고 있잖아,136,[po.ko.it̚.tʃan.a],[bo.go.it̚.tʃan.a]
대체 뭐 하는 거야,136,[tɛ.tʃʰe.mwʌ.ha.nɯŋ.kʌ.ja],[dɛ.tʃʰe.mwʌ.ha.nɯn.gʌ.ja]
표현할 수,136,[pʰjo.hjʌn.hal.su],[pʰjo.hjʌn.hal.su]
기회를 주세요,136,[ki.hwe.ɾɯl.tʃu.se.jo],[gi.hwe.ɾɯl.dʒu.se.jo]
있잖아 그래,136,[it̚.tʃan.a.kɯ.ɾɛ],[it̚.tʃan.a.gɯ.ɾɛ]
해치지 않아,136,[hɛ.tʃʰi.tʃi.an.a],[hɛ.tʃʰi.dʒi.an.a]
날 너무,136,[nal.lʌ.mu],[nal.lʌ.mu]
僕を睨む僕がここにいる 나를 노려보는,136,[na.ɾɯl.lo.ɾjʌ.po.nɯn],[na.ɾɯl.lo.ɾjʌ.bo.nɯn]
이 돈을,136,[i.ton.ɯl],[i.don.ɯl]
다른 건 다,136,[ta.ɾɯŋ.kʌn.ta],[da.ɾɯn.gʌn.da]
늦지 않았어,136,[nɯt̚.tʃi.an.at̚.ʌ],[nɯt̚.tʃi.an.at̚.ʌ]
한 대가,136,[han.tɛ.ka],[han.dɛ.ga]
거 본 적,136,[kʌ.pon.tʃʌk̚],[gʌ.bon.dʒʌk̚]
모두 여기,136,[mo.tu.jʌ.ki],[mo.du.jʌ.gi]
뭘 하죠,136,[mwʌl.ha.tʃjo],[mwʌl.ha.dʒjo]
저런 걸,136,[tʃʌ.ɾʌŋ.kʌl],[dʒʌ.ɾʌn.gʌl]
만들어 준,136,[man.tɯl.ʌ.tʃun],[man.tɯl.ʌ.dʒun]
싶은 게 있어요,136,[sip̚.ɯŋ.ke.it̚.ʌ.jo],[sip̚.ɯn.ge.it̚.ʌ.jo]
짓을 할 수,136,[tʃit̚.ɯl.hal.su],[dʒit̚.ɯl.hal.su]
더 커,136,[tʌ.kʰʌ],[dʌ.kʰʌ]
비행사 이론가들,136,[pi.hɛŋ.sa.i.ɾoŋ.ka.tɯl],[bi.hɛŋ.sa.i.ɾoŋ.ka.dɯl]
설명이 안,136,[sʌl.mjʌŋ.i.an],[sʌl.mjʌŋ.i.an]
모르겠어요 그냥,136,[mo.ɾɯ.ket̚.ʌ.jo.kɯ.njaŋ],[mo.ɾɯ.get̚.ʌ.jo.gɯ.njaŋ]
무슨 뜻인데,136,[mu.sɯn.t͈ɯt̚.in.te],[mu.sɯn.t͈ɯt̚.in.te]
나를 노려보는 내가 여기,136,[na.ɾɯl.lo.ɾjʌ.po.nɯn.nɛ.ka.jʌ.ki],[na.ɾɯl.lo.ɾjʌ.bo.nɯn.nɛ.ga.jʌ.gi]
내가 아는 한,136,[nɛ.ka.a.nɯn.han],[nɛ.ga.a.nɯn.han]
같아 정말,136,[kat̚.a.tʃʌŋ.mal],[gat̚.a.dʒʌŋ.mal]
제가 가서,136,[tʃe.ka.ka.sʌ],[dʒe.ga.ga.sʌ]
진짜 많이,136,[tʃin.tʃ͈a.man.i],[dʒin.tʃ͈a.man.i]
잘 수가,136,[tʃal.su.ka],[dʒal.su.ga]
도움이 좀,136,[to.um.i.tʃom],[do.um.i.dʒom]
벌써 한,136,[pʌl.s͈ʌ.han],[bʌl.s͈ʌ.han]
아무 데도 못 가,136,[a.mu.te.to.mot̚.ka],[a.mu.de.do.mot̚.ga]
거지 그리고,136,[kʌ.tʃi.kɯ.ɾi.ko],[gʌ.dʒi.gɯ.ɾi.go]
누가 나한테,136,[nu.ka.na.han.tʰe],[nu.ga.na.han.tʰe]
미친 짓을,136,[mi.tʃʰin.tʃit̚.ɯl],[mi.tʃʰin.dʒit̚.ɯl]
당신이 지금,136,[taŋ.sin.i.tʃi.kɯm],[daŋ.sin.i.dʒi.gɯm]
그것도 아주,136,[kɯ.kʌt̚.to.a.tʃu],[gɯ.gʌt̚.to.a.dʒu]
사람은 내가,136,[sa.ɾam.ɯn.nɛ.ka],[sa.ɾam.ɯn.nɛ.ga]
엄밀히 따지면,136,[ʌm.mil.hi.t͈a.tʃi.mjʌn],[ʌm.mil.hi.t͈a.dʒi.mjʌn]
누군지 몰라요,136,[nu.kun.tʃi.mol.ɾa.jo],[nu.gun.tʃi.mol.ɾa.jo]
달 만에,136,[tal.man.e],[dal.man.e]
못 버틸,136,[mot̚.pʌ.tʰil],[mot̚.bʌ.tʰil]
know why,136,,
법을 배워야,136,[pʌp̚.ɯl.pɛ.wʌ.ja],[bʌp̚.ɯl.bɛ.wʌ.ja]
갈 사람,136,[kal.sa.ɾam],[gal.sa.ɾam]
하지 않습니다,136,[ha.tʃi.an.sɯp̚.ni.ta],[ha.dʒi.an.sɯp̚.ni.da]
그들은 여전히,136,[kɯ.tɯl.ɯn.jʌ.tʃʌn.hi],[gɯ.dɯl.ɯn.jʌ.dʒʌn.hi]
생각해 볼게요,136,[sɛŋ.kak̚.hɛ.pol.ke.jo],[sɛŋ.gak̚.hɛ.bol.ke.jo]
보이는 거야,136,[po.i.nɯŋ.kʌ.ja],[bo.i.nɯn.gʌ.ja]
그러지 않으면,136,[kɯ.ɾʌ.tʃi.an.ɯ.mjʌn],[gɯ.ɾʌ.dʒi.an.ɯ.mjʌn]
하려는 게,136,[ha.ɾjʌ.nɯŋ.ke],[ha.ɾjʌ.nɯn.ge]
the truth,136,,
잘 지내나,136,[tʃal.tʃi.nɛ.na],[dʒal.dʒi.nɛ.na]
그는 죽었다,136,[kɯ.nɯn.tʃuk̚.ʌt̚.ta],[gɯ.nɯn.dʒuk̚.ʌt̚.ta]
수 있는데요,136,[su.it̚.nɯn.te.jo],[su.it̚.nɯn.te.jo]
것 같았지,136,[kʌt̚.kat̚.at̚.tʃi],[gʌt̚.gat̚.at̚.tʃi]
도움이 됐어요,136,[to.um.i.twɛt̚.ʌ.jo],[do.um.i.dwɛt̚.ʌ.jo]
잠깐 좀,136,[tʃam.k͈an.tʃom],[dʒam.k͈an.dʒom]
좀 진정해,136,[tʃon.tʃin.tʃʌŋ.hɛ],[dʒom.dʒin.tʃʌŋ.hɛ]
있으면 좋겠어,135,[it̚.ɯ.mjʌn.tʃot̚.ket̚.ʌ],[it̚.ɯ.mjʌn.dʒot̚.ket̚.ʌ]
알아야 합니다,135,[al.a.ja.hap̚.ni.ta],[al.a.ja.hap̚.ni.da]
문제 될,135,[mun.tʃe.twel],[mun.tʃe.dwel]
생각 하지 마,135,[sɛŋ.kak̚.ha.tʃi.ma],[sɛŋ.gak̚.ha.dʒi.ma]
한 두,135,[han.tu],[han.du]
자 자,135,[tʃa.tʃa],[dʒa.dʒa]
없어 그래도,135,[ʌp̚.ʌ.kɯ.ɾɛ.to],[ʌp̚.ʌ.gɯ.ɾɛ.do]
in love,135,,
하려고 했던,135,[ha.ɾjʌ.ko.hɛt̚.tʌn],[ha.ɾjʌ.go.hɛt̚.tʌn]
좋아하는 사람,135,[tʃot̚.a.ha.nɯn.sa.ɾam],[dʒot̚.a.ha.nɯn.sa.ɾam]
문제 있나요,135,[mun.tʃe.it̚.na.jo],[mun.tʃe.it̚.na.jo]
적이 없지,135,[tʃʌk̚.i.ʌp̚.tʃi],[dʒʌk̚.i.ʌp̚.tʃi]
잘 지켜,135,[tʃal.tʃi.kʰjʌ],[dʒal.dʒi.kʰjʌ]
걸 깨달았어,135,[kʌl.k͈ɛ.tal.at̚.ʌ],[gʌl.k͈ɛ.dal.at̚.ʌ]
봐 이런,135,[pwa.i.ɾʌn],[bwa.i.ɾʌn]
이걸 할,135,[i.kʌl.hal],[i.gʌl.hal]
왜 저한테,135,[wɛ.tʃʌ.han.tʰe],[wɛ.dʒʌ.han.tʰe]
사랑에 빠졌어,135,[sa.ɾaŋ.e.p͈a.tʃjʌt̚.ʌ],[sa.ɾaŋ.e.p͈a.dʒjʌt̚.ʌ]
먹을 거예요,135,[mʌk̚.ɯl.kʌ.je.jo],[mʌk̚.ɯl.gʌ.je.jo]
그건 아니고,135,[kɯ.kʌn.a.ni.ko],[gɯ.gʌn.a.ni.go]
하면 안돼,135,[ha.mjʌn.an.twɛ],[ha.mjʌn.an.twɛ]
필요 없어 난,135,[pʰil.jo.ʌp̚.ʌ.nan],[pʰil.jo.ʌp̚.ʌ.nan]
꼬마 아가씨,135,[k͈o.ma.a.ka.s͈i],[k͈o.ma.a.ga.s͈i]
그래 좀,135,[kɯ.ɾɛ.tʃom],[gɯ.ɾɛ.dʒom]
농담 아니에요,135,[noŋ.tam.a.ni.e.jo],[noŋ.dam.a.ni.e.jo]
몇 개의,135,[mjʌt̚.kɛ.ɯi],[mjʌt̚.gɛ.ɯi]
거예요 저는,135,[kʌ.je.jo.tʃʌ.nɯn],[gʌ.je.jo.dʒʌ.nɯn]
했어요 이,135,[hɛt̚.ʌ.jo.i],[hɛt̚.ʌ.jo.i]
위해 우리가,135,[wi.hɛ.u.ɾi.ka],[wi.hɛ.u.ɾi.ga]
건 딱,135,[kʌn.t͈ak̚],[gʌn.t͈ak̚]
말도 안 하고,135,[mal.to.an.ha.ko],[mal.to.an.ha.go]
전혀 도움이,135,[tʃʌn.hjʌ.to.um.i],[dʒʌn.hjʌ.do.um.i]
이 시간,135,[i.si.kan],[i.si.gan]
일 있나요,135,[il.it̚.na.jo],[il.it̚.na.jo]
어떤 것 같아,135,[ʌ.t͈ʌŋ.kʌt̚.kat̚.a],[ʌ.t͈ʌn.gʌt̚.gat̚.a]
있는 것으로,135,[it̚.nɯŋ.kʌt̚.ɯ.ɾo],[it̚.nɯn.gʌt̚.ɯ.ɾo]
있지 않을까요,135,[it̚.tʃi.an.ɯl.k͈a.jo],[it̚.tʃi.an.ɯl.k͈a.jo]
우리는 그녀를,135,[u.ɾi.nɯŋ.kɯ.njʌ.ɾɯl],[u.ɾi.nɯn.gɯ.njʌ.ɾɯl]
같은 사람들이,135,[kat̚.ɯn.sa.ɾan.tɯl.i],[gat̚.ɯn.sa.ɾan.tɯl.i]
않은 거죠,135,[an.ɯŋ.kʌ.tʃjo],[an.ɯn.gʌ.dʒjo]
됐어요 이제,135,[twɛt̚.ʌ.jo.i.tʃe],[dwɛt̚.ʌ.jo.i.dʒe]
to meet,135,,
걸 줄,135,[kʌl.tʃul],[gʌl.dʒul]
translated by,135,,
she was,135,,
We got,135,,
생각은 없었어요,135,[sɛŋ.kak̚.ɯn.ʌp̚.ʌt̚.ʌ.jo],[sɛŋ.gak̚.ɯn.ʌp̚.ʌt̚.ʌ.jo]
주실 수 있나요,135,[tʃu.sil.su.it̚.na.jo],[dʒu.sil.su.it̚.na.jo]
거 같던데,135,[kʌ.kat̚.tʌn.te],[gʌ.gat̚.tʌn.te]
about to,135,,
그냥 잘,135,[kɯ.njaŋ.tʃal],[gɯ.njaŋ.dʒal]
않아 그래서,135,[an.a.kɯ.ɾɛ.sʌ],[an.a.gɯ.ɾɛ.sʌ]
아 그리고,135,[a.kɯ.ɾi.ko],[a.gɯ.ɾi.go]
특별한 걸,135,[tʰɯk̚.pjʌl.haŋ.kʌl],[tʰɯk̚.pjʌl.han.gʌl]
좀 천천히,135,[tʃon.tʃʰʌn.tʃʰʌn.hi],[dʒon.tʃʰʌn.tʃʰʌn.hi]
얘기해 볼게,135,[jɛ.ki.hɛ.pol.ke],[jɛ.gi.hɛ.bol.ke]
허락하지 않을,135,[hʌ.ɾak̚.ha.tʃi.an.ɯl],[hʌ.ɾak̚.ha.dʒi.an.ɯl]
그 사람이 바로,135,[kɯ.sa.ɾam.i.pa.ɾo],[gɯ.sa.ɾam.i.ba.ɾo]
될 걸세,135,[twel.kʌl.se],[dwel.gʌl.se]
흔치 않은,135,[hɯn.tʃʰi.an.ɯn],[hɯn.tʃʰi.an.ɯn]
잃은 게,135,[il.ɯŋ.ke],[il.ɯn.ge]
볼 필요가,135,[pol.pʰil.jo.ka],[bol.pʰil.jo.ga]
너무 꽉,135,[nʌ.mu.k͈wak̚],[nʌ.mu.k͈wak̚]
아닐 텐데요,135,[a.nil.tʰen.te.jo],[a.nil.tʰen.te.jo]
문제가 생겼습니다,135,[mun.tʃe.ka.sɛŋ.kjʌt̚.sɯp̚.ni.ta],[mun.tʃe.ga.sɛŋ.gjʌt̚.sɯp̚.ni.da]
가지 질문을,135,[ka.tʃi.tʃil.mun.ɯl],[ga.dʒi.dʒil.mun.ɯl]
당신이 좋아하는,135,[taŋ.sin.i.tʃot̚.a.ha.nɯn],[daŋ.sin.i.dʒot̚.a.ha.nɯn]
가진 사람이,135,[ka.tʃin.sa.ɾam.i],[ga.dʒin.sa.ɾam.i]
좋아요 난,135,[tʃot̚.a.jo.nan],[dʒot̚.a.jo.nan]
시간 됐어,135,[si.kan.twɛt̚.ʌ],[si.gan.dwɛt̚.ʌ]
겁니다 우린,135,[kʌp̚.ni.ta.u.ɾin],[gʌp̚.ni.da.u.ɾin]
봐 지금,135,[pwa.tʃi.kɯm],[bwa.dʒi.gɯm]
죽은 후에,135,[tʃuk̚.ɯn.hu.e],[dʒuk̚.ɯn.hu.e]
온 이후로,135,[on.i.hu.ɾo],[on.i.hu.ɾo]
you will,135,,
선택한 거야,135,[sʌn.tʰɛk̚.haŋ.kʌ.ja],[sʌn.tʰɛk̚.han.gʌ.ja]
거 아니니,135,[kʌ.a.ni.ni],[gʌ.a.ni.ni]
그렇게 말하지 마,135,[kɯ.ɾʌt̚.ke.mal.ha.tʃi.ma],[gɯ.ɾʌt̚.ke.mal.ha.dʒi.ma]
하지만 두,135,[ha.tʃi.man.tu],[ha.dʒi.man.du]
여자가 내,135,[jʌ.tʃa.ka.nɛ],[jʌ.dʒa.ga.nɛ]
가져갈 거야,135,[ka.tʃjʌ.kal.kʌ.ja],[ga.dʒjʌ.gal.gʌ.ja]
저 애를,135,[tʃʌ.ɛ.ɾɯl],[dʒʌ.ɛ.ɾɯl]
네 안녕하세요,135,[ne.an.njʌŋ.ha.se.jo],[ne.an.njʌŋ.ha.se.jo]
그런 거잖아,135,[kɯ.ɾʌŋ.kʌ.tʃan.a],[gɯ.ɾʌn.gʌ.dʒan.a]
전에 날,135,[tʃʌn.e.nal],[dʒʌn.e.nal]
고마워요 그럼,135,[ko.ma.wʌ.jo.kɯ.ɾʌm],[go.ma.wʌ.jo.gɯ.ɾʌm]
그렇다면 왜,135,[kɯ.ɾʌt̚.ta.mjʌn.wɛ],[gɯ.ɾʌt̚.ta.mjʌn.wɛ]
빠질 수,135,[p͈a.tʃil.su],[p͈a.dʒil.su]
그 점이,135,[kɯ.tʃʌm.i],[gɯ.dʒʌm.i]
네 어머니가,135,[ne.ʌ.mʌ.ni.ka],[ne.ʌ.mʌ.ni.ga]
a thing,135,,
as you,135,,
하기로 했어,135,[ha.ki.ɾo.hɛt̚.ʌ],[ha.gi.ɾo.hɛt̚.ʌ]
일도 없었어,135,[il.to.ʌp̚.ʌt̚.ʌ],[il.to.ʌp̚.ʌt̚.ʌ]
오는 것,135,[o.nɯŋ.kʌt̚],[o.nɯn.gʌt̚]
거예요 알았어요,135,[kʌ.je.jo.al.at̚.ʌ.jo],[gʌ.je.jo.al.at̚.ʌ.jo]
노크 소리가,135,[no.kʰɯ.so.ɾi.ka],[no.kʰɯ.so.ɾi.ga]
않아 왜,135,[an.a.wɛ],[an.a.wɛ]
할 수는 없어,135,[hal.su.nɯn.ʌp̚.ʌ],[hal.su.nɯn.ʌp̚.ʌ]
look like,135,,
바람 좀 쐬고,135,[pa.ɾan.tʃom.s͈we.ko],[ba.ɾam.dʒom.s͈we.go]
해야 되는,135,[hɛ.ja.twe.nɯn],[hɛ.ja.dwe.nɯn]
그럴 리가 없어요,135,[kɯ.ɾʌl.ɾi.ka.ʌp̚.ʌ.jo],[gɯ.ɾʌl.ɾi.ga.ʌp̚.ʌ.jo]
다른 남자,135,[ta.ɾɯn.nan.tʃa],[da.ɾɯn.nan.tʃa]
네 친구를,135,[ne.tʃʰiŋ.ku.ɾɯl],[ne.tʃʰiŋ.ku.ɾɯl]
같은 놈들한테,135,[kat̚.ɯn.non.tɯl.han.tʰe],[gat̚.ɯn.non.tɯl.han.tʰe]
네 집에,135,[ne.tʃip̚.e],[ne.dʒip̚.e]
아닌 것 같네요,135,[a.niŋ.kʌt̚.kat̚.ne.jo],[a.nin.gʌt̚.gat̚.ne.jo]
있어요 잘,135,[it̚.ʌ.jo.tʃal],[it̚.ʌ.jo.dʒal]
위험을 무릅쓰고,135,[wi.hʌm.ɯl.mu.ɾɯp̚.s͈ɯ.ko],[wi.hʌm.ɯl.mu.ɾɯp̚.s͈ɯ.go]
나랑 무슨,135,[na.ɾaŋ.mu.sɯn],[na.ɾaŋ.mu.sɯn]
무슨 일이예요,135,[mu.sɯn.il.i.je.jo],[mu.sɯn.il.i.je.jo]
푸른 빛을,135,[pʰu.ɾɯm.pit̚.ɯl],[pʰu.ɾɯn.bit̚.ɯl]
해요 그냥,135,[hɛ.jo.kɯ.njaŋ],[hɛ.jo.gɯ.njaŋ]
끝나기 전에,135,[k͈ɯt̚.na.ki.tʃʌn.e],[k͈ɯt̚.na.gi.dʒʌn.e]
기분이 안 좋아,135,[ki.pun.i.an.tʃot̚.a],[gi.bun.i.an.dʒot̚.a]
on you,135,,
있습니다 제가,135,[it̚.sɯp̚.ni.ta.tʃe.ka],[it̚.sɯp̚.ni.da.dʒe.ga]
한번 생각해,135,[ham.pʌn.sɛŋ.kak̚.hɛ],[ham.pʌn.sɛŋ.gak̚.hɛ]
나 어때,135,[na.ʌ.t͈ɛ],[na.ʌ.t͈ɛ]
좋은 줄 알아,135,[tʃot̚.ɯn.tʃul.al.a],[dʒot̚.ɯn.dʒul.al.a]
내 말대로 해,134,[nɛ.mal.tɛ.ɾo.hɛ],[nɛ.mal.tɛ.ɾo.hɛ]
자기가 뭘,134,[tʃa.ki.ka.mwʌl],[dʒa.gi.ga.mwʌl]
왜 전화 안,134,[wɛ.tʃʌn.hwa.an],[wɛ.dʒʌn.hwa.an]
would have,134,,
그냥 조용히,134,[kɯ.njaŋ.tʃo.joŋ.hi],[gɯ.njaŋ.dʒo.joŋ.hi]
없다 하지만,134,[ʌp̚.ta.ha.tʃi.man],[ʌp̚.ta.ha.dʒi.man]
한숨 돌릴,134,[han.sun.tol.ɾil],[han.sum.dol.ɾil]
만 달러에,134,[man.tal.ɾʌ.e],[man.dal.ɾʌ.e]
큰 힘이,134,[kʰɯn.him.i],[kʰɯn.him.i]
we do,134,,
걱정은 하지 마,134,[kʌk̚.tʃʌŋ.ɯn.ha.tʃi.ma],[gʌk̚.tʃʌŋ.ɯn.ha.dʒi.ma]
못 했네요,134,[mot̚.hɛt̚.ne.jo],[mot̚.hɛt̚.ne.jo]
이유가 있는,134,[i.ju.ka.it̚.nɯn],[i.ju.ga.it̚.nɯn]
알았어 그래서,134,[al.at̚.ʌ.kɯ.ɾɛ.sʌ],[al.at̚.ʌ.gɯ.ɾɛ.sʌ]
또 어디,134,[t͈o.ʌ.ti],[t͈o.ʌ.di]
이젠 아니야,134,[i.tʃen.a.ni.ja],[i.dʒen.a.ni.ja]
그것이 바로,134,[kɯ.kʌt̚.i.pa.ɾo],[gɯ.gʌt̚.i.ba.ɾo]
못 간다고,134,[mot̚.kan.ta.ko],[mot̚.gan.ta.go]
우리 뭐,134,[u.ɾi.mwʌ],[u.ɾi.mwʌ]
것이 있습니다,134,[kʌt̚.i.it̚.sɯp̚.ni.ta],[gʌt̚.i.it̚.sɯp̚.ni.da]
있어 엄마,134,[it̚.ʌ.ʌm.ma],[it̚.ʌ.ʌm.ma]
당신 아들,134,[taŋ.sin.a.tɯl],[daŋ.sin.a.dɯl]
근데 이젠,134,[kɯn.te.i.tʃen],[gɯn.te.i.dʒen]
더 작은,134,[tʌ.tʃak̚.ɯn],[dʌ.dʒak̚.ɯn]
더 심각한,134,[tʌ.sim.kak̚.han],[dʌ.sim.kak̚.han]
살 먹은,134,[sal.mʌk̚.ɯn],[sal.mʌk̚.ɯn]
둘이 무슨,134,[tul.i.mu.sɯn],[dul.i.mu.sɯn]
얘길 안,134,[jɛ.kil.an],[jɛ.gil.an]
나 원래,134,[na.wʌl.lɛ],[na.wʌl.lɛ]
표정이 왜,134,[pʰjo.tʃʌŋ.i.wɛ],[pʰjo.dʒʌŋ.i.wɛ]
일이 안,134,[il.i.an],[il.i.an]
그냥 가세요,134,[kɯ.njaŋ.ka.se.jo],[gɯ.njaŋ.ga.se.jo]
난 곧,134,[naŋ.kot̚],[nan.got̚]
미안해 정말 미안해,134,[mi.an.hɛ.tʃʌŋ.mal.mi.an.hɛ],[mi.an.hɛ.dʒʌŋ.mal.mi.an.hɛ]
잃을 순 없어,134,[il.ɯl.sun.ʌp̚.ʌ],[il.ɯl.sun.ʌp̚.ʌ]
만 달러짜리,134,[man.tal.ɾʌ.tʃ͈a.ɾi],[man.dal.ɾʌ.tʃ͈a.ɾi]
아뇨 그냥,134,[a.njo.kɯ.njaŋ],[a.njo.gɯ.njaŋ]
쉬어야 해,134,[swi.ʌ.ja.hɛ],[swi.ʌ.ja.hɛ]
말을 믿지,134,[mal.ɯl.mit̚.tʃi],[mal.ɯl.mit̚.tʃi]
긴장 풀고,134,[kin.tʃam.pʰul.ko],[gin.tʃam.pʰul.ko]
했지 내가,134,[hɛt̚.tʃi.nɛ.ka],[hɛt̚.tʃi.nɛ.ga]
관련 없는,134,[kwal.ljʌn.ʌp̚.nɯn],[gwal.ljʌn.ʌp̚.nɯn]
먼저 할,134,[mʌn.tʃʌ.hal],[mʌn.tʃʌ.hal]
못 믿어요,134,[mot̚.mit̚.ʌ.jo],[mot̚.mit̚.ʌ.jo]
찾을 수도,134,[tʃʰat̚.ɯl.su.to],[tʃʰat̚.ɯl.su.do]
배 안 고파요,134,[pɛ.aŋ.ko.pʰa.jo],[bɛ.an.go.pʰa.jo]
우린 시간이,134,[u.ɾin.si.kan.i],[u.ɾin.si.gan.i]
우리 엄마한테,134,[u.ɾi.ʌm.ma.han.tʰe],[u.ɾi.ʌm.ma.han.tʰe]
해 봅시다,134,[hɛ.pop̚.si.ta],[hɛ.bop̚.si.da]
그래 그렇게,134,[kɯ.ɾɛ.kɯ.ɾʌt̚.ke],[gɯ.ɾɛ.gɯ.ɾʌt̚.ke]
있었던 것 같아,134,[it̚.ʌt̚.tʌŋ.kʌt̚.kat̚.a],[it̚.ʌt̚.tʌn.gʌt̚.gat̚.a]
말만 하면,134,[mal.man.ha.mjʌn],[mal.man.ha.mjʌn]
늦어서 죄송합니다,134,[nɯt̚.ʌ.sʌ.tʃwe.soŋ.hap̚.ni.ta],[nɯt̚.ʌ.sʌ.dʒwe.soŋ.hap̚.ni.da]
말도 안 했어요,134,[mal.to.an.hɛt̚.ʌ.jo],[mal.to.an.hɛt̚.ʌ.jo]
어떻게 된 일인지,134,[ʌ.t͈ʌt̚.ke.twen.il.in.tʃi],[ʌ.t͈ʌt̚.ke.dwen.il.in.tʃi]
그럼 됐어,134,[kɯ.ɾʌn.twɛt̚.ʌ],[gɯ.ɾʌm.dwɛt̚.ʌ]
올 수 있어,134,[ol.su.it̚.ʌ],[ol.su.it̚.ʌ]
아무도 다치지,134,[a.mu.to.ta.tʃʰi.tʃi],[a.mu.do.da.tʃʰi.dʒi]
되고 싶었어,134,[twe.ko.sip̚.ʌt̚.ʌ],[dwe.go.sip̚.ʌt̚.ʌ]
들어가도 돼요,134,[tɯl.ʌ.ka.to.twɛ.jo],[dɯl.ʌ.ga.do.dwɛ.jo]
이름이 뭐였지,134,[i.ɾɯm.i.mwʌ.jʌt̚.tʃi],[i.ɾɯm.i.mwʌ.jʌt̚.tʃi]
갖고 싶은,134,[kat̚.ko.sip̚.ɯn],[gat̚.ko.sip̚.ɯn]
꼭 다시,134,[k͈ok̚.ta.si],[k͈ok̚.da.si]
되지 않을까,134,[twe.tʃi.an.ɯl.k͈a],[dwe.dʒi.an.ɯl.k͈a]
그리고 마침내,134,[kɯ.ɾi.ko.ma.tʃʰim.nɛ],[gɯ.ɾi.go.ma.tʃʰim.nɛ]
우리 말을,134,[u.ɾi.mal.ɯl],[u.ɾi.mal.ɯl]
내 얘길,134,[nɛ.jɛ.kil],[nɛ.jɛ.gil]
때문에 죽은,134,[t͈ɛ.mun.e.tʃuk̚.ɯn],[t͈ɛ.mun.e.dʒuk̚.ɯn]
봐 너무,134,[pwa.nʌ.mu],[bwa.nʌ.mu]
옮길 수,134,[om.kil.su],[om.kil.su]
이제 저,134,[i.tʃe.tʃʌ],[i.dʒe.dʒʌ]
일 있니,134,[il.it̚.ni],[il.it̚.ni]
말 되네,134,[mal.twe.ne],[mal.dwe.ne]
몰라 넌,134,[mol.ɾa.nʌn],[mol.ɾa.nʌn]
이게 어떻게 된,134,[i.ke.ʌ.t͈ʌt̚.ke.twen],[i.ge.ʌ.t͈ʌt̚.ke.dwen]
없다는 거죠,134,[ʌp̚.ta.nɯŋ.kʌ.tʃjo],[ʌp̚.ta.nɯn.gʌ.dʒjo]
만날 거예요,134,[man.nal.kʌ.je.jo],[man.nal.gʌ.je.jo]
할 건데요,134,[hal.kʌn.te.jo],[hal.gʌn.te.jo]
가고 싶은데,134,[ka.ko.sip̚.ɯn.te],[ga.go.sip̚.ɯn.te]
has a,134,,
하나 있습니다,134,[ha.na.it̚.sɯp̚.ni.ta],[ha.na.it̚.sɯp̚.ni.da]
안 나네요,134,[an.na.ne.jo],[an.na.ne.jo]
안녕 잘,134,[an.njʌŋ.tʃal],[an.njʌŋ.dʒal]
말은 우리가,134,[mal.ɯn.u.ɾi.ka],[mal.ɯn.u.ɾi.ga]
이 곳,134,[i.kot̚],[i.got̚]
미친 짓이에요,134,[mi.tʃʰin.tʃit̚.i.e.jo],[mi.tʃʰin.dʒit̚.i.e.jo]
브리클베리 국립공원,134,[pɯ.ɾi.kʰɯl.pe.ɾi.kuk̚.ɾip̚.koŋ.wʌn],[bɯ.ɾi.kʰɯl.pe.ɾi.guk̚.ɾip̚.koŋ.wʌn]
얘기하는 건,134,[jɛ.ki.ha.nɯŋ.kʌn],[jɛ.gi.ha.nɯn.gʌn]
내 사랑을,134,[nɛ.sa.ɾaŋ.ɯl],[nɛ.sa.ɾaŋ.ɯl]
알아낼 수 있을,134,[al.a.nɛl.su.it̚.ɯl],[al.a.nɛl.su.it̚.ɯl]
데리고 온,134,[te.ɾi.ko.on],[de.ɾi.go.on]
김 과장,134,[kim.kwa.tʃaŋ],[gim.gwa.dʒaŋ]
저는 괜찮아요,134,[tʃʌ.nɯŋ.kwɛn.tʃʰan.a.jo],[dʒʌ.nɯn.gwɛn.tʃʰan.a.jo]
겁니다 이건,134,[kʌp̚.ni.ta.i.kʌn],[gʌp̚.ni.da.i.gʌn]
먹은 거야,134,[mʌk̚.ɯŋ.kʌ.ja],[mʌk̚.ɯn.gʌ.ja]
어느 쪽이야,134,[ʌ.nɯ.tʃ͈ok̚.i.ja],[ʌ.nɯ.tʃ͈ok̚.i.ja]
되지 않는다,134,[twe.tʃi.an.nɯn.ta],[dwe.dʒi.an.nɯn.ta]
해 줄게요,134,[hɛ.tʃul.ke.jo],[hɛ.dʒul.ke.jo]
여기 온 거,134,[jʌ.ki.oŋ.kʌ],[jʌ.gi.on.gʌ]
맥길 씨,134,[mɛk̚.kil.s͈i],[mɛk̚.kil.s͈i]
하지만 적어도,134,[ha.tʃi.man.tʃʌk̚.ʌ.to],[ha.dʒi.man.dʒʌk̚.ʌ.do]
올라갈 수,134,[ol.ɾa.kal.su],[ol.ɾa.gal.su]
도울 수 없어,134,[to.ul.su.ʌp̚.ʌ],[do.ul.su.ʌp̚.ʌ]
이름을 딴,134,[i.ɾɯm.ɯl.t͈an],[i.ɾɯm.ɯl.t͈an]
정말 고맙다,134,[tʃʌŋ.mal.ko.map̚.ta],[dʒʌŋ.mal.go.map̚.ta]
자 여기,134,[tʃa.jʌ.ki],[dʒa.jʌ.gi]
아닌데 왜,134,[a.nin.te.wɛ],[a.nin.te.wɛ]
대해 할,134,[tɛ.hɛ.hal],[dɛ.hɛ.hal]
만드는 걸,134,[man.tɯ.nɯŋ.kʌl],[man.tɯ.nɯn.gʌl]
상관 안 해요,134,[saŋ.kwan.an.hɛ.jo],[saŋ.gwan.an.hɛ.jo]
왜 나만,134,[wɛ.na.man],[wɛ.na.man]
함께 있으면,134,[ham.k͈e.it̚.ɯ.mjʌn],[ham.k͈e.it̚.ɯ.mjʌn]
상관할 일이,134,[saŋ.kwan.hal.il.i],[saŋ.gwan.hal.il.i]
너는 가는,134,[nʌ.nɯŋ.ka.nɯn],[nʌ.nɯn.ga.nɯn]
나오는 걸,134,[na.o.nɯŋ.kʌl],[na.o.nɯn.gʌl]
건지 잘,134,[kʌn.tʃi.tʃal],[gʌn.tʃi.dʒal]
거야 아빠가,134,[kʌ.ja.a.p͈a.ka],[gʌ.ja.a.p͈a.ga]
소리도 안,134,[so.ɾi.to.an],[so.ɾi.do.an]
아빠 때문에,134,[a.p͈a.t͈ɛ.mun.e],[a.p͈a.t͈ɛ.mun.e]
뭐가 있어요,134,[mwʌ.ka.it̚.ʌ.jo],[mwʌ.ga.it̚.ʌ.jo]
안 입고,134,[an.ip̚.ko],[an.ip̚.ko]
그대로를 사랑해,134,[kɯ.tɛ.ɾo.ɾɯl.sa.ɾaŋ.hɛ],[gɯ.dɛ.ɾo.ɾɯl.sa.ɾaŋ.hɛ]
못 나가게,134,[mot̚.na.ka.ke],[mot̚.na.ga.ge]
지 한,134,[tʃi.han],[dʒi.han]
난 니,134,[nan.ni],[nan.ni]
네 앞에,134,[ne.ap̚.e],[ne.ap̚.e]
방법이 있지,134,[pam.pʌp̚.i.it̚.tʃi],[baŋ.bʌp̚.i.it̚.tʃi]
문이 쾅,134,[mun.i.kʰwaŋ],[mun.i.kʰwaŋ]
잘못된 거야,134,[tʃal.mot̚.tweŋ.kʌ.ja],[dʒal.mot̚.twen.gʌ.ja]
제가 가진,134,[tʃe.ka.ka.tʃin],[dʒe.ga.ga.dʒin]
내가 저지른,134,[nɛ.ka.tʃʌ.tʃi.ɾɯn],[nɛ.ga.dʒʌ.dʒi.ɾɯn]
of here,134,,
거짓말을 하는,134,[kʌ.tʃit̚.mal.ɯl.ha.nɯn],[gʌ.dʒit̚.mal.ɯl.ha.nɯn]
날 보는,134,[nal.po.nɯn],[nal.bo.nɯn]
것 같아 이,134,[kʌt̚.kat̚.a.i],[gʌt̚.gat̚.a.i]
가는 곳마다,134,[ka.nɯŋ.kot̚.ma.ta],[ga.nɯn.got̚.ma.da]
몰라 나도,134,[mol.ɾa.na.to],[mol.ɾa.na.do]
거야 너는,134,[kʌ.ja.nʌ.nɯn],[gʌ.ja.nʌ.nɯn]
수 있겠군요,134,[su.it̚.ket̚.kun.jo],[su.it̚.ket̚.kun.jo]
저녁 먹자,134,[tʃʌ.njʌk̚.mʌk̚.tʃa],[dʒʌ.njʌk̚.mʌk̚.tʃa]
어디서 본,134,[ʌ.ti.sʌ.pon],[ʌ.di.sʌ.bon]
난 여기에,134,[nan.jʌ.ki.e],[nan.jʌ.gi.e]
당신 손에,134,[taŋ.sin.son.e],[daŋ.sin.son.e]
했지 난,133,[hɛt̚.tʃi.nan],[hɛt̚.tʃi.nan]
가장 행복한,133,[ka.tʃaŋ.hɛm.pok̚.han],[ga.dʒaŋ.hɛŋ.bok̚.han]
범죄 현장에서,133,[pʌn.tʃwe.hjʌn.tʃaŋ.e.sʌ],[bʌn.tʃwe.hjʌn.tʃaŋ.e.sʌ]
난 내 일을,133,[nan.nɛ.il.ɯl],[nan.nɛ.il.ɯl]
너는 네,133,[nʌ.nɯn.ne],[nʌ.nɯn.ne]
거 같았어,133,[kʌ.kat̚.at̚.ʌ],[gʌ.gat̚.at̚.ʌ]
어차피 다,133,[ʌ.tʃʰa.pʰi.ta],[ʌ.tʃʰa.pʰi.da]
우리 오늘,133,[u.ɾi.o.nɯl],[u.ɾi.o.nɯl]
into a,133,,
돌이킬 수 없는,133,[tol.i.kʰil.su.ʌp̚.nɯn],[dol.i.kʰil.su.ʌp̚.nɯn]
is going,133,,
최선을 다하겠습니다,133,[tʃʰwe.sʌn.ɯl.ta.ha.ket̚.sɯp̚.ni.ta],[tʃʰwe.sʌn.ɯl.da.ha.get̚.sɯp̚.ni.da]
빚진 게,133,[pit̚.tʃiŋ.ke],[bit̚.tʃin.ge]
있어 잠깐,133,[it̚.ʌ.tʃam.k͈an],[it̚.ʌ.dʒam.k͈an]
말하는 것은,133,[mal.ha.nɯŋ.kʌt̚.ɯn],[mal.ha.nɯn.gʌt̚.ɯn]
on it,133,,
자격 없어,133,[tʃa.kjʌk̚.ʌp̚.ʌ],[dʒa.gjʌk̚.ʌp̚.ʌ]
내가 해결할,133,[nɛ.ka.hɛ.kjʌl.hal],[nɛ.ga.hɛ.gjʌl.hal]
여기서 당장,133,[jʌ.ki.sʌ.taŋ.tʃaŋ],[jʌ.gi.sʌ.daŋ.dʒaŋ]
다시는 돌아오지,133,[ta.si.nɯn.tol.a.o.tʃi],[da.si.nɯn.dol.a.o.dʒi]
지켜줄 거야,133,[tʃi.kʰjʌ.tʃul.kʌ.ja],[dʒi.kʰjʌ.dʒul.gʌ.ja]
돌아가셨을 때,133,[tol.a.ka.sjʌt̚.ɯl.t͈ɛ],[dol.a.ga.sjʌt̚.ɯl.t͈ɛ]
어쩌면 그,133,[ʌ.tʃ͈ʌ.mjʌŋ.kɯ],[ʌ.tʃ͈ʌ.mjʌn.gɯ]
다음에 봐,133,[ta.ɯm.e.pwa],[da.ɯm.e.bwa]
존 윅,133,[tʃon.wik̚],[dʒon.wik̚]
정보를 얻을,133,[tʃʌm.po.ɾɯl.ʌt̚.ɯl],[dʒʌŋ.bo.ɾɯl.ʌt̚.ɯl]
안 지,133,[an.tʃi],[an.dʒi]
난 분명히,133,[nam.pun.mjʌŋ.hi],[nan.bun.mjʌŋ.hi]
거야 그의,133,[kʌ.ja.kɯ.ɯi],[gʌ.ja.gɯ.ɯi]
집에 갈래,133,[tʃip̚.e.kal.ɾɛ],[dʒip̚.e.gal.ɾɛ]
들어갔을 때,133,[tɯl.ʌ.kat̚.ɯl.t͈ɛ],[dɯl.ʌ.gat̚.ɯl.t͈ɛ]
키울 수,133,[kʰi.ul.su],[kʰi.ul.su]
문을 열,133,[mun.ɯl.jʌl],[mun.ɯl.jʌl]
미안해 나도,133,[mi.an.hɛ.na.to],[mi.an.hɛ.na.do]
못 할걸,133,[mot̚.hal.kʌl],[mot̚.hal.kʌl]
part of,133,,
여기 모인,133,[jʌ.ki.mo.in],[jʌ.gi.mo.in]
건 없다고,133,[kʌn.ʌp̚.ta.ko],[gʌn.ʌp̚.ta.go]
전화 못,133,[tʃʌn.hwa.mot̚],[dʒʌn.hwa.mot̚]
타고 있는,133,[tʰa.ko.it̚.nɯn],[tʰa.go.it̚.nɯn]
필요로 한다,133,[pʰil.jo.ɾo.han.ta],[pʰil.jo.ɾo.han.ta]
생각이 들어요,133,[sɛŋ.kak̚.i.tɯl.ʌ.jo],[sɛŋ.gak̚.i.dɯl.ʌ.jo]
할 수만 있다면,133,[hal.su.man.it̚.ta.mjʌn],[hal.su.man.it̚.ta.mjʌn]
나이 때,133,[na.i.t͈ɛ],[na.i.t͈ɛ]
끝난 줄,133,[k͈ɯt̚.nan.tʃul],[k͈ɯt̚.nan.dʒul]
난 당신한테,133,[nan.taŋ.sin.han.tʰe],[nan.daŋ.sin.han.tʰe]
돌릴 수도,133,[tol.ɾil.su.to],[dol.ɾil.su.do]
생각이 아닌,133,[sɛŋ.kak̚.i.a.nin],[sɛŋ.gak̚.i.a.nin]
그런 얘긴,133,[kɯ.ɾʌn.jɛ.kin],[gɯ.ɾʌn.jɛ.gin]
만나러 가는,133,[man.na.ɾʌ.ka.nɯn],[man.na.ɾʌ.ga.nɯn]
아냐 네가,133,[a.nja.ne.ka],[a.nja.ne.ga]
지금 당장요,133,[tʃi.kɯn.taŋ.tʃaŋ.jo],[dʒi.gɯm.daŋ.dʒaŋ.jo]
누가 신경,133,[nu.ka.siŋ.kjʌŋ],[nu.ga.siŋ.kjʌŋ]
조금 전,133,[tʃo.kɯn.tʃʌn],[dʒo.gɯm.dʒʌn]
나도 갈게,133,[na.to.kal.ke],[na.do.gal.ke]
내고 있어,133,[nɛ.ko.it̚.ʌ],[nɛ.go.it̚.ʌ]
걸 좀,133,[kʌl.tʃom],[gʌl.dʒom]
지금 그걸,133,[tʃi.kɯm.kɯ.kʌl],[dʒi.gɯm.gɯ.gʌl]
약속할 수,133,[jak̚.sok̚.hal.su],[jak̚.sok̚.hal.su]
중 제일,133,[tʃuŋ.tʃe.il],[dʒuŋ.dʒe.il]
온 것을,133,[oŋ.kʌt̚.ɯl],[on.gʌt̚.ɯl]
행운을 빌게,133,[hɛŋ.un.ɯl.pil.ke],[hɛŋ.un.ɯl.bil.ke]
말 걸,133,[mal.kʌl],[mal.gʌl]
지옥 같은,133,[tʃi.ok̚.kat̚.ɯn],[dʒi.ok̚.gat̚.ɯn]
널 죽이려고,133,[nʌl.tʃuk̚.i.ɾjʌ.ko],[nʌl.dʒuk̚.i.ɾjʌ.go]
말인지 모르겠어요,133,[mal.in.tʃi.mo.ɾɯ.ket̚.ʌ.jo],[mal.in.tʃi.mo.ɾɯ.get̚.ʌ.jo]
거야 물론,133,[kʌ.ja.mul.ɾon],[gʌ.ja.mul.ɾon]
쓸 일이,133,[s͈ɯl.il.i],[s͈ɯl.il.i]
아직 이,133,[a.tʃik̚.i],[a.dʒik̚.i]
what it,133,,
네가 집에,133,[ne.ka.tʃip̚.e],[ne.ga.dʒip̚.e]
왜 그들이,133,[wɛ.kɯ.tɯl.i],[wɛ.gɯ.dɯl.i]
말 안 하는,133,[mal.an.ha.nɯn],[mal.an.ha.nɯn]
네가 있는,133,[ne.ka.it̚.nɯn],[ne.ga.it̚.nɯn]
우리 다 같이,133,[u.ɾi.ta.kat̚.i],[u.ɾi.da.gat̚.i]
그러나 그,133,[kɯ.ɾʌ.na.kɯ],[gɯ.ɾʌ.na.gɯ]
뭔지 아나,133,[mwʌn.tʃi.a.na],[mwʌn.tʃi.a.na]
내 손이,133,[nɛ.son.i],[nɛ.son.i]
닥터 그레이,133,[tak̚.tʰʌ.kɯ.ɾe.i],[dak̚.tʰʌ.gɯ.ɾe.i]
없어 그는,133,[ʌp̚.ʌ.kɯ.nɯn],[ʌp̚.ʌ.gɯ.nɯn]
내 마음에,133,[nɛ.ma.ɯm.e],[nɛ.ma.ɯm.e]
아예 안,133,[a.je.an],[a.je.an]
혼자 있게,133,[hon.tʃa.it̚.ke],[hon.tʃa.it̚.ke]
쿵 하는,133,[kʰuŋ.ha.nɯn],[kʰuŋ.ha.nɯn]
못 쉬겠어,133,[mot̚.swi.ket̚.ʌ],[mot̚.swi.get̚.ʌ]
돈 내고,133,[ton.nɛ.ko],[don.nɛ.go]
한 사람만,133,[han.sa.ɾam.man],[han.sa.ɾam.man]
말하고 싶다,133,[mal.ha.ko.sip̚.ta],[mal.ha.go.sip̚.ta]
you didn''t,133,,
저기 좀 봐,133,[tʃʌ.ki.tʃom.pwa],[dʒʌ.gi.dʒom.bwa]
아무 상관 없어,133,[a.mu.saŋ.kwan.ʌp̚.ʌ],[a.mu.saŋ.gwan.ʌp̚.ʌ]
그 전엔,133,[kɯ.tʃʌn.en],[gɯ.dʒʌn.en]
알 수 없어요,133,[al.su.ʌp̚.ʌ.jo],[al.su.ʌp̚.ʌ.jo]
소리를 듣고,133,[so.ɾi.ɾɯl.tɯt̚.ko],[so.ɾi.ɾɯl.dɯt̚.ko]
제대로 하고,133,[tʃe.tɛ.ɾo.ha.ko],[dʒe.dɛ.ɾo.ha.go]
갖고 왔어,133,[kat̚.ko.wat̚.ʌ],[gat̚.ko.wat̚.ʌ]
어떻게 알겠어,133,[ʌ.t͈ʌt̚.ke.al.ket̚.ʌ],[ʌ.t͈ʌt̚.ke.al.ket̚.ʌ]
내가 이거,133,[nɛ.ka.i.kʌ],[nɛ.ga.i.gʌ]
작은 목소리로,133,[tʃak̚.ɯn.mok̚.so.ɾi.ɾo],[dʒak̚.ɯn.mok̚.so.ɾi.ɾo]
옛 친구,133,[jet̚.tʃʰiŋ.ku],[jet̚.tʃʰiŋ.ku]
당신을 다시,133,[taŋ.sin.ɯl.ta.si],[daŋ.sin.ɯl.da.si]
상관없는 일이야,133,[saŋ.kwan.ʌp̚.nɯn.il.i.ja],[saŋ.gwan.ʌp̚.nɯn.il.i.ja]
몰라 이,133,[mol.ɾa.i],[mol.ɾa.i]
그런가 봐요,133,[kɯ.ɾʌŋ.ka.pwa.jo],[gɯ.ɾʌŋ.ka.bwa.jo]
네 그냥,133,[ne.kɯ.njaŋ],[ne.gɯ.njaŋ]
너무 무서워요,133,[nʌ.mu.mu.sʌ.wʌ.jo],[nʌ.mu.mu.sʌ.wʌ.jo]
거예요 그래도,133,[kʌ.je.jo.kɯ.ɾɛ.to],[gʌ.je.jo.gɯ.ɾɛ.do]
씨 야,133,[s͈i.ja],[s͈i.ja]
그만한 가치가,133,[kɯ.man.haŋ.ka.tʃʰi.ka],[gɯ.man.han.ga.tʃʰi.ga]
당신과 나는,133,[taŋ.siŋ.kwa.na.nɯn],[daŋ.siŋ.kwa.na.nɯn]
좋은 엄마가,133,[tʃot̚.ɯn.ʌm.ma.ka],[dʒot̚.ɯn.ʌm.ma.ga]
의 기합,133,[ɯi.ki.hap̚],[ɯi.gi.hap̚]
알 것이다,133,[al.kʌt̚.i.ta],[al.gʌt̚.i.da]
가고 싶다고,133,[ka.ko.sip̚.ta.ko],[ga.go.sip̚.ta.go]
하라고 해,133,[ha.ɾa.ko.hɛ],[ha.ɾa.go.hɛ]
내 집에서 나가,133,[nɛ.tʃip̚.e.sʌ.na.ka],[nɛ.dʒip̚.e.sʌ.na.ga]
자는 거야,133,[tʃa.nɯŋ.kʌ.ja],[dʒa.nɯn.gʌ.ja]
손 잡아,133,[son.tʃap̚.a],[son.dʒap̚.a]
해야 하니까,133,[hɛ.ja.ha.ni.k͈a],[hɛ.ja.ha.ni.k͈a]
다 뭐예요,133,[ta.mwʌ.je.jo],[da.mwʌ.je.jo]
처리해야 해,133,[tʃʰʌ.ɾi.hɛ.ja.hɛ],[tʃʰʌ.ɾi.hɛ.ja.hɛ]
수 있다는 거,133,[su.it̚.ta.nɯŋ.kʌ],[su.it̚.ta.nɯn.gʌ]
것 없다,133,[kʌt̚.ʌp̚.ta],[gʌt̚.ʌp̚.ta]
그래요 그,133,[kɯ.ɾɛ.jo.kɯ],[gɯ.ɾɛ.jo.gɯ]
않아 그건,133,[an.a.kɯ.kʌn],[an.a.gɯ.gʌn]
생각하지 말고,133,[sɛŋ.kak̚.ha.tʃi.mal.ko],[sɛŋ.gak̚.ha.dʒi.mal.ko]
데리고 있는,133,[te.ɾi.ko.it̚.nɯn],[de.ɾi.go.it̚.nɯn]
아무것도 아닙니다,133,[a.mu.kʌt̚.to.a.nip̚.ni.ta],[a.mu.gʌt̚.to.a.nip̚.ni.da]
들어올 거야,133,[tɯl.ʌ.ol.kʌ.ja],[dɯl.ʌ.ol.gʌ.ja]
가까이 와,133,[ka.k͈a.i.wa],[ga.k͈a.i.wa]
지금 어디 있어,133,[tʃi.kɯm.ʌ.ti.it̚.ʌ],[dʒi.gɯm.ʌ.di.it̚.ʌ]
아무 일도 없었던,133,[a.mu.il.to.ʌp̚.ʌt̚.tʌn],[a.mu.il.to.ʌp̚.ʌt̚.tʌn]
해요 당신,133,[hɛ.jo.taŋ.sin],[hɛ.jo.daŋ.sin]
너 참,133,[nʌ.tʃʰam],[nʌ.tʃʰam]
아니야 그런,133,[a.ni.ja.kɯ.ɾʌn],[a.ni.ja.gɯ.ɾʌn]
지난 며칠간,133,[tʃi.nan.mjʌ.tʃʰil.kan],[dʒi.nan.mjʌ.tʃʰil.kan]
내 인생에서 가장,133,[nɛ.in.sɛŋ.e.sʌ.ka.tʃaŋ],[nɛ.in.sɛŋ.e.sʌ.ga.dʒaŋ]
얻을 수 있을,133,[ʌt̚.ɯl.su.it̚.ɯl],[ʌt̚.ɯl.su.it̚.ɯl]
수 있었다면,133,[su.it̚.ʌt̚.ta.mjʌn],[su.it̚.ʌt̚.ta.mjʌn]
진짜 그렇게,133,[tʃin.tʃ͈a.kɯ.ɾʌt̚.ke],[dʒin.tʃ͈a.gɯ.ɾʌt̚.ke]
악마 같은,133,[ak̚.ma.kat̚.ɯn],[ak̚.ma.gat̚.ɯn]
돼 어떻게,133,[twɛ.ʌ.t͈ʌt̚.ke],[dwɛ.ʌ.t͈ʌt̚.ke]
터질 것,133,[tʰʌ.tʃil.kʌt̚],[tʰʌ.dʒil.gʌt̚]
just like,133,,
몰라요 내가,133,[mol.ɾa.jo.nɛ.ka],[mol.ɾa.jo.nɛ.ga]
질문을 할,132,[tʃil.mun.ɯl.hal],[dʒil.mun.ɯl.hal]
꿈의 spark를,132,[k͈um.ɯi.ɾɯl],[k͈um.ɯi.ɾɯl]
일으킬 수,132,[il.ɯ.kʰil.su],[il.ɯ.kʰil.su]
하려는 거지,132,[ha.ɾjʌ.nɯŋ.kʌ.tʃi],[ha.ɾjʌ.nɯn.gʌ.dʒi]
永遠なくとも 영원치,132,[jʌŋ.wʌn.tʃʰi],[jʌŋ.wʌn.tʃʰi]
별똥별처럼 누군가의 星屑のように誰かの,132,[pjʌl.t͈om.pjʌl.tʃʰʌ.ɾʌm.nu.kuŋ.ka.ɯi],[bjʌl.t͈oŋ.bjʌl.tʃʰʌ.ɾʌm.nu.guŋ.ka.ɯi]
얘들 아,132,[jɛ.tɯl.a],[jɛ.dɯl.a]
여기서 뭐해요,132,[jʌ.ki.sʌ.mwʌ.hɛ.jo],[jʌ.gi.sʌ.mwʌ.hɛ.jo]
내 파트너,132,[nɛ.pʰa.tʰɯ.nʌ],[nɛ.pʰa.tʰɯ.nʌ]
生まれたままを愛してる 태어난 그대로를,132,[tʰɛ.ʌ.naŋ.kɯ.tɛ.ɾo.ɾɯl],[tʰɛ.ʌ.nan.gɯ.dɛ.ɾo.ɾɯl]
다른 남자랑,132,[ta.ɾɯn.nan.tʃa.ɾaŋ],[da.ɾɯn.nan.tʃa.ɾaŋ]
이번 주는,132,[i.pʌn.tʃu.nɯn],[i.bʌn.dʒu.nɯn]
물어봐 줘서,132,[mul.ʌ.pwa.tʃwʌ.sʌ],[mul.ʌ.bwa.dʒwʌ.sʌ]
저 문,132,[tʃʌ.mun],[dʒʌ.mun]
거지 네,132,[kʌ.tʃi.ne],[gʌ.dʒi.ne]
널 데리고,132,[nʌl.te.ɾi.ko],[nʌl.de.ɾi.go]
네 형이,132,[ne.hjʌŋ.i],[ne.hjʌŋ.i]
것만 같은 가슴의 열기,132,[kʌt̚.maŋ.kat̚.ɯŋ.ka.sɯm.ɯi.jʌl.ki],[gʌt̚.man.gat̚.ɯn.ga.sɯm.ɯi.jʌl.ki]
누군가의 星屑のように誰かの,132,[nu.kuŋ.ka.ɯi],[nu.guŋ.ka.ɯi]
It''s like,132,,
게 어떨까요,132,[ke.ʌ.t͈ʌl.k͈a.jo],[ge.ʌ.t͈ʌl.k͈a.jo]
We''re gonna,132,,
어떻게 되는데,132,[ʌ.t͈ʌt̚.ke.twe.nɯn.te],[ʌ.t͈ʌt̚.ke.dwe.nɯn.te]
때문에 더,132,[t͈ɛ.mun.e.tʌ],[t͈ɛ.mun.e.dʌ]
to her,132,,
can see,132,,
하시는 겁니까,132,[ha.si.nɯŋ.kʌp̚.ni.k͈a],[ha.si.nɯn.gʌp̚.ni.k͈a]
not to,132,,
것만 같은 가슴의,132,[kʌt̚.maŋ.kat̚.ɯŋ.ka.sɯm.ɯi],[gʌt̚.man.gat̚.ɯn.ga.sɯm.ɯi]
순 없었어,132,[sun.ʌp̚.ʌt̚.ʌ],[sun.ʌp̚.ʌt̚.ʌ]
말이 없다,132,[mal.i.ʌp̚.ta],[mal.i.ʌp̚.ta]
이길 수 없어,132,[i.kil.su.ʌp̚.ʌ],[i.gil.su.ʌp̚.ʌ]
있을 수는,132,[it̚.ɯl.su.nɯn],[it̚.ɯl.su.nɯn]
fusion 命焦がしてfusion,132,,
여기서 죽을,132,[jʌ.ki.sʌ.tʃuk̚.ɯl],[jʌ.gi.sʌ.dʒuk̚.ɯl]
偽りそうな胸の熱 속일 것만 같은,132,[sok̚.il.kʌt̚.maŋ.kat̚.ɯn],[sok̚.il.gʌt̚.man.gat̚.ɯn]
못 볼 줄,132,[mot̚.pol.tʃul],[mot̚.bol.dʒul]
유전자 雅夢Sha,132,[ju.tʃʌn.tʃa],[ju.dʒʌn.tʃa]
별똥별처럼 누군가의 星屑のように誰かの 별똥별처럼,132,[pjʌl.t͈om.pjʌl.tʃʰʌ.ɾʌm.nu.kuŋ.ka.ɯi.pjʌl.t͈om.pjʌl.tʃʰʌ.ɾʌm],[bjʌl.t͈oŋ.bjʌl.tʃʰʌ.ɾʌm.nu.guŋ.ka.ɯi.bjʌl.t͈oŋ.bjʌl.tʃʰʌ.ɾʌm]
나도 갈래,132,[na.to.kal.ɾɛ],[na.do.gal.ɾɛ]
fusion 命焦がしてfusion 목숨을,132,[mok̚.sum.ɯl],[mok̚.sum.ɯl]
짜증 섞인 신음,132,[tʃ͈a.tʃɯŋ.sʌk̚.in.sin.ɯm],[tʃ͈a.dʒɯŋ.sʌk̚.in.sin.ɯm]
안 나왔어요,132,[an.na.wat̚.ʌ.jo],[an.na.wat̚.ʌ.jo]
can get,132,,
help me,132,,
가장 어려운,132,[ka.tʃaŋ.ʌ.ɾjʌ.un],[ga.dʒaŋ.ʌ.ɾjʌ.un]
넌 뭐가,132,[nʌn.mwʌ.ka],[nʌn.mwʌ.ga]
다 괜찮은,132,[ta.kwɛn.tʃʰan.ɯn],[da.gwɛn.tʃʰan.ɯn]
偽りそうな胸の熱 속일,132,[sok̚.il],[sok̚.il]
찾았을 때,132,[tʃʰat̚.at̚.ɯl.t͈ɛ],[tʃʰat̚.at̚.ɯl.t͈ɛ]
선물이 있어,132,[sʌn.mul.i.it̚.ʌ],[sʌn.mul.i.it̚.ʌ]
갈 길을,132,[kal.kil.ɯl],[gal.gil.ɯl]
感じるまま 信じるまま 느끼는,132,[nɯ.k͈i.nɯn],[nɯ.k͈i.nɯn]
아니에요 우리,132,[a.ni.e.jo.u.ɾi],[a.ni.e.jo.u.ɾi]
어쩌라는 거야,132,[ʌ.tʃ͈ʌ.ɾa.nɯŋ.kʌ.ja],[ʌ.tʃ͈ʌ.ɾa.nɯn.gʌ.ja]
그가 가지고,132,[kɯ.ka.ka.tʃi.ko],[gɯ.ga.ga.dʒi.go]
태어난 그대로를 사랑해,132,[tʰɛ.ʌ.naŋ.kɯ.tɛ.ɾo.ɾɯl.sa.ɾaŋ.hɛ],[tʰɛ.ʌ.nan.gɯ.dɛ.ɾo.ɾɯl.sa.ɾaŋ.hɛ]
영원치 않을지라도,132,[jʌŋ.wʌn.tʃʰi.an.ɯl.tʃi.ɾa.to],[jʌŋ.wʌn.tʃʰi.an.ɯl.tʃi.ɾa.do]
결국 그,132,[kjʌl.kuk̚.kɯ],[gjʌl.kuk̚.gɯ]
이 꼴이,132,[i.k͈ol.i],[i.k͈ol.i]
하는지 알아요,132,[ha.nɯn.tʃi.al.a.jo],[ha.nɯn.tʃi.al.a.jo]
가슴의 열기,132,[ka.sɯm.ɯi.jʌl.ki],[ga.sɯm.ɯi.jʌl.ki]
숨을 안,132,[sum.ɯl.an],[sum.ɯl.an]
그러고 나면,132,[kɯ.ɾʌ.ko.na.mjʌn],[gɯ.ɾʌ.go.na.mjʌn]
you so,132,,
없는 눈물이 一人では 流せない,132,[ʌp̚.nɯn.nun.mul.i],[ʌp̚.nɯn.nun.mul.i]
fusion 命焦がしてfusion 목숨을 애태우며,132,[mok̚.sum.ɯl.ɛ.tʰɛ.u.mjʌ],[mok̚.sum.ɯl.ɛ.tʰɛ.u.mjʌ]
그러니 너는 가는,132,[kɯ.ɾʌ.ni.nʌ.nɯŋ.ka.nɯn],[gɯ.ɾʌ.ni.nʌ.nɯn.ga.nɯn]
you had,132,,
간 적이,132,[kan.tʃʌk̚.i],[gan.dʒʌk̚.i]
같은 가슴의,132,[kat̚.ɯŋ.ka.sɯm.ɯi],[gat̚.ɯn.ga.sɯm.ɯi]
내 생각엔 우리가,132,[nɛ.sɛŋ.kak̚.en.u.ɾi.ka],[nɛ.sɛŋ.gak̚.en.u.ɾi.ga]
될 수 있을까,132,[twel.su.it̚.ɯl.k͈a],[dwel.su.it̚.ɯl.k͈a]
여기서 안,132,[jʌ.ki.sʌ.an],[jʌ.gi.sʌ.an]
때 다시,132,[t͈ɛ.ta.si],[t͈ɛ.da.si]
거야 절대,132,[kʌ.ja.tʃʌl.tɛ],[gʌ.ja.dʒʌl.tɛ]
지지 마,132,[tʃi.tʃi.ma],[dʒi.dʒi.ma]
have no,132,,
수 있는 기회를,132,[su.it̚.nɯŋ.ki.hwe.ɾɯl],[su.it̚.nɯn.gi.hwe.ɾɯl]
다가 아니야,132,[ta.ka.a.ni.ja],[da.ga.a.ni.ja]
꽃처럼 戦場で咲く華の様に 전쟁터에서 피어나는,132,[k͈ot̚.tʃʰʌ.ɾʌn.tʃʌn.tʃɛŋ.tʰʌ.e.sʌ.pʰi.ʌ.na.nɯn],[k͈ot̚.tʃʰʌ.ɾʌm.dʒʌn.tʃɛŋ.tʰʌ.e.sʌ.pʰi.ʌ.na.nɯn]
다른 한 명은,132,[ta.ɾɯn.han.mjʌŋ.ɯn],[da.ɾɯn.han.mjʌŋ.ɯn]
다시 돌아갈,132,[ta.si.tol.a.kal],[da.si.dol.a.gal]
일을 한 거야,132,[il.ɯl.haŋ.kʌ.ja],[il.ɯl.han.gʌ.ja]
얼마 못,132,[ʌl.ma.mot̚],[ʌl.ma.mot̚]
感じるまま 信じるまま 느끼는 대로,132,[nɯ.k͈i.nɯn.tɛ.ɾo],[nɯ.k͈i.nɯn.dɛ.ɾo]
수 없는 눈물이 一人では,132,[su.ʌp̚.nɯn.nun.mul.i],[su.ʌp̚.nɯn.nun.mul.i]
못 들어가,132,[mot̚.tɯl.ʌ.ka],[mot̚.dɯl.ʌ.ga]
너 스스로,132,[nʌ.sɯ.sɯ.ɾo],[nʌ.sɯ.sɯ.ɾo]
중요한 거지,132,[tʃuŋ.jo.haŋ.kʌ.tʃi],[dʒuŋ.jo.han.gʌ.dʒi]
내가 많이,132,[nɛ.ka.man.i],[nɛ.ga.man.i]
데 시간이,132,[te.si.kan.i],[de.si.gan.i]
생각이 났어,132,[sɛŋ.kak̚.i.nat̚.ʌ],[sɛŋ.gak̚.i.nat̚.ʌ]
永遠なくとも 영원치 않을지라도,132,[jʌŋ.wʌn.tʃʰi.an.ɯl.tʃi.ɾa.to],[jʌŋ.wʌn.tʃʰi.an.ɯl.tʃi.ɾa.do]
죽여야 할,132,[tʃuk̚.jʌ.ja.hal],[dʒuk̚.jʌ.ja.hal]
실화를 바탕으로,132,[sil.hwa.ɾɯl.pa.tʰaŋ.ɯ.ɾo],[sil.hwa.ɾɯl.ba.tʰaŋ.ɯ.ɾo]
トLH인 유전자 雅夢Sha,132,[in.ju.tʃʌn.tʃa],[in.ju.dʒʌn.tʃa]
感じるまま 信じるまま,132,,
할 것을,132,[hal.kʌt̚.ɯl],[hal.gʌt̚.ɯl]
生まれたままを愛してる 태어난,132,[tʰɛ.ʌ.nan],[tʰɛ.ʌ.nan]
이익을 위해,132,[i.ik̚.ɯl.wi.hɛ],[i.ik̚.ɯl.wi.hɛ]
것처럼 보이게,132,[kʌt̚.tʃʰʌ.ɾʌm.po.i.ke],[gʌt̚.tʃʰʌ.ɾʌm.bo.i.ge]
널 도와줄,132,[nʌl.to.wa.tʃul],[nʌl.do.wa.dʒul]
꿈의 spark를 일으켜,132,[k͈um.ɯi.ɾɯl.il.ɯ.kʰjʌ],[k͈um.ɯi.ɾɯl.il.ɯ.kʰjʌ]
목숨을 애태우며 fusion 命焦がしてfusion,132,[mok̚.sum.ɯl.ɛ.tʰɛ.u.mjʌ],[mok̚.sum.ɯl.ɛ.tʰɛ.u.mjʌ]
네가 여기 있는,132,[ne.ka.jʌ.ki.it̚.nɯn],[ne.ga.jʌ.gi.it̚.nɯn]
이 설렘 誰にも言えない胸騒ぎ,132,[i.sʌl.ɾem],[i.sʌl.ɾem]
그 날이,132,[kɯ.nal.i],[gɯ.nal.i]
속일 것만 같은 가슴의,132,[sok̚.il.kʌt̚.maŋ.kat̚.ɯŋ.ka.sɯm.ɯi],[sok̚.il.gʌt̚.man.gat̚.ɯn.ga.sɯm.ɯi]
거라고 했지,132,[kʌ.ɾa.ko.hɛt̚.tʃi],[gʌ.ɾa.go.hɛt̚.tʃi]
그렇다고 해도,132,[kɯ.ɾʌt̚.ta.ko.hɛ.to],[gɯ.ɾʌt̚.ta.go.hɛ.do]
여기부터 움직이라 運命よ,132,[jʌ.ki.pu.tʰʌ.un.tʃik̚.i.ɾa],[jʌ.gi.bu.tʰʌ.un.tʃik̚.i.ɾa]
애태우며 fusion 命焦がしてfusion 목숨을,132,[ɛ.tʰɛ.u.mjʌ.mok̚.sum.ɯl],[ɛ.tʰɛ.u.mjʌ.mok̚.sum.ɯl]
다 알지,132,[ta.al.tʃi],[da.al.tʃi]
짐 싸,132,[tʃim.s͈a],[dʒim.s͈a]
그가 죽은,132,[kɯ.ka.tʃuk̚.ɯn],[gɯ.ga.dʒuk̚.ɯn]
어떻게 생각하나요,132,[ʌ.t͈ʌt̚.ke.sɛŋ.kak̚.ha.na.jo],[ʌ.t͈ʌt̚.ke.sɛŋ.gak̚.ha.na.jo]
어떻게 돼요,132,[ʌ.t͈ʌt̚.ke.twɛ.jo],[ʌ.t͈ʌt̚.ke.dwɛ.jo]
up and,132,,
좋을 것 같은데,132,[tʃot̚.ɯl.kʌt̚.kat̚.ɯn.te],[dʒot̚.ɯl.gʌt̚.gat̚.ɯn.te]
아직도 모르겠어,132,[a.tʃik̚.to.mo.ɾɯ.ket̚.ʌ],[a.dʒik̚.to.mo.ɾɯ.get̚.ʌ]
그거 내려놔,132,[kɯ.kʌ.nɛ.ɾjʌ.nwa],[gɯ.gʌ.nɛ.ɾjʌ.nwa]
태어난 그대로를,132,[tʰɛ.ʌ.naŋ.kɯ.tɛ.ɾo.ɾɯl],[tʰɛ.ʌ.nan.gɯ.dɛ.ɾo.ɾɯl]
새로 생긴,132,[sɛ.ɾo.sɛŋ.kin],[sɛ.ɾo.sɛŋ.gin]
信じるまま 느끼는 대로,132,[nɯ.k͈i.nɯn.tɛ.ɾo],[nɯ.k͈i.nɯn.dɛ.ɾo]
꽃처럼 戦場で咲く華の様に,132,[k͈ot̚.tʃʰʌ.ɾʌm],[k͈ot̚.tʃʰʌ.ɾʌm]
움직이라 運命よ ここから動き出せ,132,[un.tʃik̚.i.ɾa],[un.tʃik̚.i.ɾa]
be here,132,,
문제 때문에,132,[mun.tʃe.t͈ɛ.mun.e],[mun.tʃe.t͈ɛ.mun.e]
줄 몰라요,132,[tʃul.mol.ɾa.jo],[dʒul.mol.ɾa.jo]
그러니 너는 가는 거야,132,[kɯ.ɾʌ.ni.nʌ.nɯŋ.ka.nɯŋ.kʌ.ja],[gɯ.ɾʌ.ni.nʌ.nɯn.ga.nɯn.gʌ.ja]
내가 말을,132,[nɛ.ka.mal.ɯl],[nɛ.ga.mal.ɯl]
because I,132,,
없어요 그런,132,[ʌp̚.ʌ.jo.kɯ.ɾʌn],[ʌp̚.ʌ.jo.gɯ.ɾʌn]
위험을 감수하고,132,[wi.hʌm.ɯl.kam.su.ha.ko],[wi.hʌm.ɯl.gam.su.ha.go]
건 없나요,132,[kʌn.ʌp̚.na.jo],[gʌn.ʌp̚.na.jo]
星屑のように誰かの 별똥별처럼 누군가의 星屑のように誰かの,132,[pjʌl.t͈om.pjʌl.tʃʰʌ.ɾʌm.nu.kuŋ.ka.ɯi],[bjʌl.t͈oŋ.bjʌl.tʃʰʌ.ɾʌm.nu.guŋ.ka.ɯi]
갈 필요,132,[kal.pʰil.jo],[gal.pʰil.jo]
out the,132,,
だから君は行くんだよ 그러니 너는,132,[kɯ.ɾʌ.ni.nʌ.nɯn],[gɯ.ɾʌ.ni.nʌ.nɯn]
夢のsparkあげるよ 꿈의 spark를,132,[k͈um.ɯi.ɾɯl],[k͈um.ɯi.ɾɯl]
설렘 誰にも言えない胸騒ぎ 아무한테도 말,132,[sʌl.ɾem.a.mu.han.tʰe.to.mal],[sʌl.ɾem.a.mu.han.tʰe.do.mal]
偽りそうな胸の熱 속일 것만,132,[sok̚.il.kʌt̚.man],[sok̚.il.gʌt̚.man]
같은 가슴의 열기,132,[kat̚.ɯŋ.ka.sɯm.ɯi.jʌl.ki],[gat̚.ɯn.ga.sɯm.ɯi.jʌl.ki]
길을 따라,132,[kil.ɯl.t͈a.ɾa],[gil.ɯl.t͈a.ɾa]
이 부분은,132,[i.pu.pun.ɯn],[i.bu.bun.ɯn]
있다 한들,132,[it̚.ta.han.tɯl],[it̚.ta.han.tɯl]
信じるまま 느끼는,132,[nɯ.k͈i.nɯn],[nɯ.k͈i.nɯn]
안 나오면,132,[an.na.o.mjʌn],[an.na.o.mjʌn]
널 믿지,132,[nʌl.mit̚.tʃi],[nʌl.mit̚.tʃi]
미안해 내,132,[mi.an.hɛ.nɛ],[mi.an.hɛ.nɛ]
눈물이 一人では 流せない,132,[nun.mul.i],[nun.mul.i]
여기부터 움직이라 運命よ ここから動き出せ,132,[jʌ.ki.pu.tʰʌ.un.tʃik̚.i.ɾa],[jʌ.gi.bu.tʰʌ.un.tʃik̚.i.ɾa]
당신 거예요,132,[taŋ.siŋ.kʌ.je.jo],[daŋ.sin.gʌ.je.jo]
생각해 볼,132,[sɛŋ.kak̚.hɛ.pol],[sɛŋ.gak̚.hɛ.bol]
괜찮아 나,132,[kwɛn.tʃʰan.a.na],[gwɛn.tʃʰan.a.na]
집으로 갈,132,[tʃip̚.ɯ.ɾo.kal],[dʒip̚.ɯ.ɾo.gal]
정말 하고,132,[tʃʌŋ.mal.ha.ko],[dʒʌŋ.mal.ha.go]
오늘 밤이,132,[o.nɯl.pam.i],[o.nɯl.bam.i]
함께 그리고,132,[ham.k͈e.kɯ.ɾi.ko],[ham.k͈e.gɯ.ɾi.go]
너는 가는 거야,132,[nʌ.nɯŋ.ka.nɯŋ.kʌ.ja],[nʌ.nɯn.ga.nɯn.gʌ.ja]
夢のsparkあげるよ 꿈의,132,[k͈um.ɯi],[k͈um.ɯi]
그 모든 것을,132,[kɯ.mo.tɯŋ.kʌt̚.ɯl],[gɯ.mo.dɯn.gʌt̚.ɯl]
꽃처럼 戦場で咲く華の様に 전쟁터에서,132,[k͈ot̚.tʃʰʌ.ɾʌn.tʃʌn.tʃɛŋ.tʰʌ.e.sʌ],[k͈ot̚.tʃʰʌ.ɾʌm.dʒʌn.tʃɛŋ.tʰʌ.e.sʌ]
했던 모든,132,[hɛt̚.tʌn.mo.tɯn],[hɛt̚.tʌn.mo.dɯn]
속일 것만,132,[sok̚.il.kʌt̚.man],[sok̚.il.gʌt̚.man]
뭐라고 하죠,132,[mwʌ.ɾa.ko.ha.tʃjo],[mwʌ.ɾa.go.ha.dʒjo]
것도 없죠,132,[kʌt̚.to.ʌp̚.tʃjo],[gʌt̚.to.ʌp̚.tʃjo]
참 좋네요,132,[tʃʰan.tʃot̚.ne.jo],[tʃʰam.dʒot̚.ne.jo]
수 없는데,132,[su.ʌp̚.nɯn.te],[su.ʌp̚.nɯn.te]
있을 때도,132,[it̚.ɯl.t͈ɛ.to],[it̚.ɯl.t͈ɛ.do]
그녀가 여기,132,[kɯ.njʌ.ka.jʌ.ki],[gɯ.njʌ.ga.jʌ.gi]
지금 그는,132,[tʃi.kɯm.kɯ.nɯn],[dʒi.gɯm.gɯ.nɯn]
때까지 닿아라,132,[t͈ɛ.k͈a.tʃi.tat̚.a.ɾa],[t͈ɛ.k͈a.dʒi.dat̚.a.ɾa]
의사 말로는,132,[ɯi.sa.mal.ɾo.nɯn],[ɯi.sa.mal.ɾo.nɯn]
날 버리고,132,[nal.pʌ.ɾi.ko],[nal.bʌ.ɾi.go]
합니다 하지만,132,[hap̚.ni.ta.ha.tʃi.man],[hap̚.ni.da.ha.dʒi.man]
누군가의 星屑のように誰かの 별똥별처럼 누군가의,132,[nu.kuŋ.ka.ɯi.pjʌl.t͈om.pjʌl.tʃʰʌ.ɾʌm.nu.kuŋ.ka.ɯi],[nu.guŋ.ka.ɯi.bjʌl.t͈oŋ.bjʌl.tʃʰʌ.ɾʌm.nu.guŋ.ka.ɯi]
할 줄은,132,[hal.tʃul.ɯn],[hal.dʒul.ɯn]
사람이 아니다,132,[sa.ɾam.i.a.ni.ta],[sa.ɾam.i.a.ni.da]
만나고 싶어요,132,[man.na.ko.sip̚.ʌ.jo],[man.na.go.sip̚.ʌ.jo]
좀 해 주세요,132,[tʃom.hɛ.tʃu.se.jo],[dʒom.hɛ.dʒu.se.jo]
이 섬에,132,[i.sʌm.e],[i.sʌm.e]
때 누가,132,[t͈ɛ.nu.ka],[t͈ɛ.nu.ga]
夢のsparkあげるよ 꿈의 spark를 일으켜,132,[k͈um.ɯi.ɾɯl.il.ɯ.kʰjʌ],[k͈um.ɯi.ɾɯl.il.ɯ.kʰjʌ]
사람이 아닌,132,[sa.ɾam.i.a.nin],[sa.ɾam.i.a.nin]
묻는 게,132,[mut̚.nɯŋ.ke],[mut̚.nɯn.ge]
spark를 일으켜,132,[ɾɯl.il.ɯ.kʰjʌ],[ɾɯl.il.ɯ.kʰjʌ]
애태우며 fusion 命焦がしてfusion,132,[ɛ.tʰɛ.u.mjʌ],[ɛ.tʰɛ.u.mjʌ]
피어나는 꽃처럼 戦場で咲く華の様に,132,[pʰi.ʌ.na.nɯŋ.k͈ot̚.tʃʰʌ.ɾʌm],[pʰi.ʌ.na.nɯŋ.k͈ot̚.tʃʰʌ.ɾʌm]
아는 것처럼,132,[a.nɯŋ.kʌt̚.tʃʰʌ.ɾʌm],[a.nɯn.gʌt̚.tʃʰʌ.ɾʌm]
아무 문제 없어요,132,[a.mu.mun.tʃe.ʌp̚.ʌ.jo],[a.mu.mun.tʃe.ʌp̚.ʌ.jo]
I say,132,,
이 곳에서,132,[i.kot̚.e.sʌ],[i.got̚.e.sʌ]
피어나는 꽃처럼 戦場で咲く華の様に 전쟁터에서,132,[pʰi.ʌ.na.nɯŋ.k͈ot̚.tʃʰʌ.ɾʌn.tʃʌn.tʃɛŋ.tʰʌ.e.sʌ],[pʰi.ʌ.na.nɯŋ.k͈ot̚.tʃʰʌ.ɾʌm.dʒʌn.tʃɛŋ.tʰʌ.e.sʌ]
그런 눈으로,132,[kɯ.ɾʌn.nun.ɯ.ɾo],[gɯ.ɾʌn.nun.ɯ.ɾo]
내 시간을,132,[nɛ.si.kan.ɯl],[nɛ.si.gan.ɯl]
들은 바로는,132,[tɯl.ɯm.pa.ɾo.nɯn],[dɯl.ɯn.ba.ɾo.nɯn]
했어 이제,132,[hɛt̚.ʌ.i.tʃe],[hɛt̚.ʌ.i.dʒe]
앞이 안,132,[ap̚.i.an],[ap̚.i.an]
진짜 모습을,132,[tʃin.tʃ͈a.mo.sɯp̚.ɯl],[dʒin.tʃ͈a.mo.sɯp̚.ɯl]
누군가의 星屑のように誰かの 별똥별처럼,132,[nu.kuŋ.ka.ɯi.pjʌl.t͈om.pjʌl.tʃʰʌ.ɾʌm],[nu.guŋ.ka.ɯi.bjʌl.t͈oŋ.bjʌl.tʃʰʌ.ɾʌm]
있다 우리는,132,[it̚.ta.u.ɾi.nɯn],[it̚.ta.u.ɾi.nɯn]
수 있다는 거야,132,[su.it̚.ta.nɯŋ.kʌ.ja],[su.it̚.ta.nɯn.gʌ.ja]
설렘 誰にも言えない胸騒ぎ 아무한테도,132,[sʌl.ɾem.a.mu.han.tʰe.to],[sʌl.ɾem.a.mu.han.tʰe.do]
움직이라 運命よ ここから動き出せ 운명이여,132,[un.tʃik̚.i.ɾa.un.mjʌŋ.i.jʌ],[un.tʃik̚.i.ɾa.un.mjʌŋ.i.jʌ]
전쟁터에서 피어나는 꽃처럼 戦場で咲く華の様に,132,[tʃʌn.tʃɛŋ.tʰʌ.e.sʌ.pʰi.ʌ.na.nɯŋ.k͈ot̚.tʃʰʌ.ɾʌm],[dʒʌn.tʃɛŋ.tʰʌ.e.sʌ.pʰi.ʌ.na.nɯŋ.k͈ot̚.tʃʰʌ.ɾʌm]
눈물이 一人では 流せない 涙,132,[nun.mul.i],[nun.mul.i]
그 회사,132,[kɯ.hwe.sa],[gɯ.hwe.sa]
生まれたままを愛してる 태어난 그대로를 사랑해,132,[tʰɛ.ʌ.naŋ.kɯ.tɛ.ɾo.ɾɯl.sa.ɾaŋ.hɛ],[tʰɛ.ʌ.nan.gɯ.dɛ.ɾo.ɾɯl.sa.ɾaŋ.hɛ]
だから君は行くんだよ 그러니,132,[kɯ.ɾʌ.ni],[gɯ.ɾʌ.ni]
빨리 나가,132,[p͈al.ɾi.na.ka],[p͈al.ɾi.na.ga]
뭐 어때요,132,[mwʌ.ʌ.t͈ɛ.jo],[mwʌ.ʌ.t͈ɛ.jo]
할 이 설렘 誰にも言えない胸騒ぎ,132,[hal.i.sʌl.ɾem],[hal.i.sʌl.ɾem]
だから君は行くんだよ 그러니 너는 가는,132,[kɯ.ɾʌ.ni.nʌ.nɯŋ.ka.nɯn],[gɯ.ɾʌ.ni.nʌ.nɯn.ga.nɯn]
될 테니까요,132,[twel.tʰe.ni.k͈a.jo],[dwel.tʰe.ni.k͈a.jo]
배 속에,132,[pɛ.sok̚.e],[bɛ.sok̚.e]
되는 일이,132,[twe.nɯn.il.i],[dwe.nɯn.il.i]
없는 눈물이 一人では,132,[ʌp̚.nɯn.nun.mul.i],[ʌp̚.nɯn.nun.mul.i]
움직이라 運命よ,132,[un.tʃik̚.i.ɾa],[un.tʃik̚.i.ɾa]
이 설렘 誰にも言えない胸騒ぎ 아무한테도,132,[i.sʌl.ɾem.a.mu.han.tʰe.to],[i.sʌl.ɾem.a.mu.han.tʰe.do]
중요치 않아,132,[tʃuŋ.jo.tʃʰi.an.a],[dʒuŋ.jo.tʃʰi.an.a]
냄새 안,132,[nɛm.sɛ.an],[nɛm.sɛ.an]
안 들어가,132,[an.tɯl.ʌ.ka],[an.dɯl.ʌ.ga]
설렘 誰にも言えない胸騒ぎ,132,[sʌl.ɾem],[sʌl.ɾem]
우리는 또한,132,[u.ɾi.nɯn.t͈o.han],[u.ɾi.nɯn.t͈o.han]
눈물이 一人では,132,[nun.mul.i],[nun.mul.i]
속일 것만 같은,132,[sok̚.il.kʌt̚.maŋ.kat̚.ɯn],[sok̚.il.gʌt̚.man.gat̚.ɯn]
걸 전부,132,[kʌl.tʃʌm.pu],[gʌl.dʒʌm.pu]
안 아파,132,[an.a.pʰa],[an.a.pʰa]
날아갈 수,132,[nal.a.kal.su],[nal.a.gal.su]
해 줬어,132,[hɛ.tʃwʌt̚.ʌ],[hɛ.dʒwʌt̚.ʌ]
될 줄 알았어,131,[twel.tʃul.al.at̚.ʌ],[dwel.dʒul.al.at̚.ʌ]
오 오,131,[o.o],[o.o]
안 보이네요,131,[am.po.i.ne.jo],[an.bo.i.ne.jo]
결혼할 거야,131,[kjʌl.hon.hal.kʌ.ja],[gjʌl.hon.hal.gʌ.ja]
우리보다 더,131,[u.ɾi.po.ta.tʌ],[u.ɾi.bo.da.dʌ]
나도 잘 모르겠어,131,[na.to.tʃal.mo.ɾɯ.ket̚.ʌ],[na.do.dʒal.mo.ɾɯ.get̚.ʌ]
책을 읽고,131,[tʃʰɛk̚.ɯl.ik̚.ko],[tʃʰɛk̚.ɯl.ik̚.ko]
know the,131,,
나중에 해,131,[na.tʃuŋ.e.hɛ],[na.dʒuŋ.e.hɛ]
것 말고는,131,[kʌt̚.mal.ko.nɯn],[gʌt̚.mal.ko.nɯn]
어디 갔었어요,131,[ʌ.ti.kat̚.ʌt̚.ʌ.jo],[ʌ.di.gat̚.ʌt̚.ʌ.jo]
안 올 거야,131,[an.ol.kʌ.ja],[an.ol.gʌ.ja]
질문이 있어요,131,[tʃil.mun.i.it̚.ʌ.jo],[dʒil.mun.i.it̚.ʌ.jo]
있어요 참,131,[it̚.ʌ.jo.tʃʰam],[it̚.ʌ.jo.tʃʰam]
돼 나는,131,[twɛ.na.nɯn],[dwɛ.na.nɯn]
가야 할 것,131,[ka.ja.hal.kʌt̚],[ga.ja.hal.gʌt̚]
그는 알고,131,[kɯ.nɯn.al.ko],[gɯ.nɯn.al.ko]
중 한 명이야,131,[tʃuŋ.han.mjʌŋ.i.ja],[dʒuŋ.han.mjʌŋ.i.ja]
맞아 그럼,131,[mat̚.a.kɯ.ɾʌm],[mat̚.a.gɯ.ɾʌm]
나도 당신을,131,[na.to.taŋ.sin.ɯl],[na.do.daŋ.sin.ɯl]
하지만 당신을,131,[ha.tʃi.man.taŋ.sin.ɯl],[ha.dʒi.man.daŋ.sin.ɯl]
왜 말을 안,131,[wɛ.mal.ɯl.an],[wɛ.mal.ɯl.an]
왜 나는,131,[wɛ.na.nɯn],[wɛ.na.nɯn]
내가 이길,131,[nɛ.ka.i.kil],[nɛ.ga.i.gil]
안 나가,131,[an.na.ka],[an.na.ga]
대해 내가,131,[tɛ.hɛ.nɛ.ka],[dɛ.hɛ.nɛ.ga]
거긴 왜,131,[kʌ.kin.wɛ],[gʌ.gin.wɛ]
일도 일어나지,131,[il.to.il.ʌ.na.tʃi],[il.to.il.ʌ.na.dʒi]
모든 일의,131,[mo.tɯn.il.ɯi],[mo.dɯn.il.ɯi]
해 더,131,[hɛ.tʌ],[hɛ.dʌ]
한 거잖아,131,[haŋ.kʌ.tʃan.a],[han.gʌ.dʒan.a]
최선을 다했어요,131,[tʃʰwe.sʌn.ɯl.ta.hɛt̚.ʌ.jo],[tʃʰwe.sʌn.ɯl.da.hɛt̚.ʌ.jo]
말씀해 보세요,131,[mal.s͈ɯm.hɛ.po.se.jo],[mal.s͈ɯm.hɛ.bo.se.jo]
좀 해야겠어요,131,[tʃom.hɛ.ja.ket̚.ʌ.jo],[dʒom.hɛ.ja.get̚.ʌ.jo]
있었는데 그,131,[it̚.ʌt̚.nɯn.te.kɯ],[it̚.ʌt̚.nɯn.te.gɯ]
뭘 하지,131,[mwʌl.ha.tʃi],[mwʌl.ha.dʒi]
건 아녜요,131,[kʌn.a.nje.jo],[gʌn.a.nje.jo]
것도 아니잖아요,131,[kʌt̚.to.a.ni.tʃan.a.jo],[gʌt̚.to.a.ni.dʒan.a.jo]
지금은 내,131,[tʃi.kɯm.ɯn.nɛ],[dʒi.gɯm.ɯn.nɛ]
아닌 것처럼,131,[a.niŋ.kʌt̚.tʃʰʌ.ɾʌm],[a.nin.gʌt̚.tʃʰʌ.ɾʌm]
어떻게 해야 하는지,131,[ʌ.t͈ʌt̚.ke.hɛ.ja.ha.nɯn.tʃi],[ʌ.t͈ʌt̚.ke.hɛ.ja.ha.nɯn.tʃi]
만들고 싶어,131,[man.tɯl.ko.sip̚.ʌ],[man.tɯl.ko.sip̚.ʌ]
내 팔을,131,[nɛ.pʰal.ɯl],[nɛ.pʰal.ɯl]
거 아니다,131,[kʌ.a.ni.ta],[gʌ.a.ni.da]
원하지 않을,131,[wʌn.ha.tʃi.an.ɯl],[wʌn.ha.dʒi.an.ɯl]
not for,131,,
안 좋다고,131,[an.tʃot̚.ta.ko],[an.dʒot̚.ta.go]
곳에 있어,131,[kot̚.e.it̚.ʌ],[got̚.e.it̚.ʌ]
하지만 계속,131,[ha.tʃi.maŋ.kje.sok̚],[ha.dʒi.man.gje.sok̚]
아무것도 기억,131,[a.mu.kʌt̚.to.ki.ʌk̚],[a.mu.gʌt̚.to.gi.ʌk̚]
너무 깊이,131,[nʌ.mu.kip̚.i],[nʌ.mu.gip̚.i]
알고 있습니까,131,[al.ko.it̚.sɯp̚.ni.k͈a],[al.ko.it̚.sɯp̚.ni.k͈a]
아무도 모릅니다,131,[a.mu.to.mo.ɾɯp̚.ni.ta],[a.mu.do.mo.ɾɯp̚.ni.da]
없는 사람을,131,[ʌp̚.nɯn.sa.ɾam.ɯl],[ʌp̚.nɯn.sa.ɾam.ɯl]
전 다른,131,[tʃʌn.ta.ɾɯn],[dʒʌn.da.ɾɯn]
가지고 있죠,131,[ka.tʃi.ko.it̚.tʃjo],[ga.dʒi.go.it̚.tʃjo]
게 좋겠네요,131,[ke.tʃot̚.ket̚.ne.jo],[ge.dʒot̚.ket̚.ne.jo]
와 어서,131,[wa.ʌ.sʌ],[wa.ʌ.sʌ]
싫어하는 건,131,[sil.ʌ.ha.nɯŋ.kʌn],[sil.ʌ.ha.nɯn.gʌn]
내가 이기면,131,[nɛ.ka.i.ki.mjʌn],[nɛ.ga.i.gi.mjʌn]
위로 올려,131,[wi.ɾo.ol.ɾjʌ],[wi.ɾo.ol.ɾjʌ]
하지만 가장,131,[ha.tʃi.maŋ.ka.tʃaŋ],[ha.dʒi.man.ga.dʒaŋ]
그녀는 단지,131,[kɯ.njʌ.nɯn.tan.tʃi],[gɯ.njʌ.nɯn.dan.tʃi]
밖에 못,131,[pak̚.e.mot̚],[bak̚.e.mot̚]
하려는 말은,131,[ha.ɾjʌ.nɯn.mal.ɯn],[ha.ɾjʌ.nɯn.mal.ɯn]
내 문제가,131,[nɛ.mun.tʃe.ka],[nɛ.mun.tʃe.ga]
여기서 더,131,[jʌ.ki.sʌ.tʌ],[jʌ.gi.sʌ.dʌ]
너와 난,131,[nʌ.wa.nan],[nʌ.wa.nan]
수 있을 때까지,131,[su.it̚.ɯl.t͈ɛ.k͈a.tʃi],[su.it̚.ɯl.t͈ɛ.k͈a.dʒi]
대체 여기서,131,[tɛ.tʃʰe.jʌ.ki.sʌ],[dɛ.tʃʰe.jʌ.gi.sʌ]
아주 좋았어,131,[a.tʃu.tʃot̚.at̚.ʌ],[a.dʒu.dʒot̚.at̚.ʌ]
저 자신을,131,[tʃʌ.tʃa.sin.ɯl],[dʒʌ.dʒa.sin.ɯl]
같아 네가,131,[kat̚.a.ne.ka],[gat̚.a.ne.ga]
아빠 좀,131,[a.p͈a.tʃom],[a.p͈a.dʒom]
이렇게 돼서,131,[i.ɾʌt̚.ke.twɛ.sʌ],[i.ɾʌt̚.ke.dwɛ.sʌ]
아까 말한,131,[a.k͈a.mal.han],[a.k͈a.mal.han]
밖에 나가,131,[pak̚.e.na.ka],[bak̚.e.na.ga]
당신이 만든,131,[taŋ.sin.i.man.tɯn],[daŋ.sin.i.man.tɯn]
있어 줘,131,[it̚.ʌ.tʃwʌ],[it̚.ʌ.dʒwʌ]
뭘 해야 하는지,131,[mwʌl.hɛ.ja.ha.nɯn.tʃi],[mwʌl.hɛ.ja.ha.nɯn.tʃi]
거야 자네가,131,[kʌ.ja.tʃa.ne.ka],[gʌ.ja.dʒa.ne.ga]
I want you,131,,
위해 더,131,[wi.hɛ.tʌ],[wi.hɛ.dʌ]
높은 곳에,131,[nop̚.ɯŋ.kot̚.e],[nop̚.ɯn.got̚.e]
내 책임이야,131,[nɛ.tʃʰɛk̚.im.i.ja],[nɛ.tʃʰɛk̚.im.i.ja]
당신과 같이,131,[taŋ.siŋ.kwa.kat̚.i],[daŋ.siŋ.kwa.gat̚.i]
그건 아는데,131,[kɯ.kʌn.a.nɯn.te],[gɯ.gʌn.a.nɯn.te]
이제 슬슬,131,[i.tʃe.sɯl.sɯl],[i.dʒe.sɯl.sɯl]
날 데리러,131,[nal.te.ɾi.ɾʌ],[nal.de.ɾi.ɾʌ]
Origin by,131,,
없어요 다른,131,[ʌp̚.ʌ.jo.ta.ɾɯn],[ʌp̚.ʌ.jo.da.ɾɯn]
돼 그런,131,[twɛ.kɯ.ɾʌn],[dwɛ.gɯ.ɾʌn]
몰라 그래,131,[mol.ɾa.kɯ.ɾɛ],[mol.ɾa.gɯ.ɾɛ]
건 아무,131,[kʌn.a.mu],[gʌn.a.mu]
있어 아니면,131,[it̚.ʌ.a.ni.mjʌn],[it̚.ʌ.a.ni.mjʌn]
좋은 데,131,[tʃot̚.ɯn.te],[dʒot̚.ɯn.de]
그러면 우리,131,[kɯ.ɾʌ.mjʌn.u.ɾi],[gɯ.ɾʌ.mjʌn.u.ɾi]
누군가 그,131,[nu.kuŋ.ka.kɯ],[nu.guŋ.ka.gɯ]
좋아요 내가,131,[tʃot̚.a.jo.nɛ.ka],[dʒot̚.a.jo.nɛ.ga]
사람이 될 수,131,[sa.ɾam.i.twel.su],[sa.ɾam.i.dwel.su]
거 있으세요,131,[kʌ.it̚.ɯ.se.jo],[gʌ.it̚.ɯ.se.jo]
그리고 만약 당신이,131,[kɯ.ɾi.ko.man.jak̚.taŋ.sin.i],[gɯ.ɾi.go.man.jak̚.daŋ.sin.i]
봐 우린,131,[pwa.u.ɾin],[bwa.u.ɾin]
해 우리는,131,[hɛ.u.ɾi.nɯn],[hɛ.u.ɾi.nɯn]
얼마나 중요한,131,[ʌl.ma.na.tʃuŋ.jo.han],[ʌl.ma.na.dʒuŋ.jo.han]
가질 수 있는,131,[ka.tʃil.su.it̚.nɯn],[ga.dʒil.su.it̚.nɯn]
여기 서서,131,[jʌ.ki.sʌ.sʌ],[jʌ.gi.sʌ.sʌ]
다른 문제가,131,[ta.ɾɯn.mun.tʃe.ka],[da.ɾɯn.mun.tʃe.ga]
가장 사랑하는,131,[ka.tʃaŋ.sa.ɾaŋ.ha.nɯn],[ga.dʒaŋ.sa.ɾaŋ.ha.nɯn]
하지만 그 전에,131,[ha.tʃi.maŋ.kɯ.tʃʌn.e],[ha.dʒi.man.gɯ.dʒʌn.e]
돼 너,131,[twɛ.nʌ],[dwɛ.nʌ]
얼마 안 남았어,131,[ʌl.ma.an.nam.at̚.ʌ],[ʌl.ma.an.nam.at̚.ʌ]
하지만 이번엔,131,[ha.tʃi.man.i.pʌn.en],[ha.dʒi.man.i.bʌn.en]
허락도 없이,131,[hʌ.ɾak̚.to.ʌp̚.i],[hʌ.ɾak̚.to.ʌp̚.i]
거짓말을 했다,131,[kʌ.tʃit̚.mal.ɯl.hɛt̚.ta],[gʌ.dʒit̚.mal.ɯl.hɛt̚.ta]
나도 모르겠어요,131,[na.to.mo.ɾɯ.ket̚.ʌ.jo],[na.do.mo.ɾɯ.get̚.ʌ.jo]
게 없네요,131,[ke.ʌp̚.ne.jo],[ge.ʌp̚.ne.jo]
계속 움직여,131,[kje.sok̚.un.tʃik̚.jʌ],[gje.sok̚.un.tʃik̚.jʌ]
문이 열려,131,[mun.i.jʌl.ɾjʌ],[mun.i.jʌl.ɾjʌ]
따라 다르죠,131,[t͈a.ɾa.ta.ɾɯ.tʃjo],[t͈a.ɾa.da.ɾɯ.dʒjo]
며칠 후에,131,[mjʌ.tʃʰil.hu.e],[mjʌ.tʃʰil.hu.e]
놔둘 수,131,[nwa.tul.su],[nwa.dul.su]
네 친구들은,131,[ne.tʃʰiŋ.ku.tɯl.ɯn],[ne.tʃʰiŋ.ku.dɯl.ɯn]
와주셔서 감사해요,131,[wa.tʃu.sjʌ.sʌ.kam.sa.hɛ.jo],[wa.dʒu.sjʌ.sʌ.gam.sa.hɛ.jo]
있었어 그래서,131,[it̚.ʌt̚.ʌ.kɯ.ɾɛ.sʌ],[it̚.ʌt̚.ʌ.gɯ.ɾɛ.sʌ]
좀 했어,131,[tʃom.hɛt̚.ʌ],[dʒom.hɛt̚.ʌ]
그리고 무슨,131,[kɯ.ɾi.ko.mu.sɯn],[gɯ.ɾi.go.mu.sɯn]
못 죽여,131,[mot̚.tʃuk̚.jʌ],[mot̚.dʒuk̚.jʌ]
계속 가요,131,[kje.sok̚.ka.jo],[gje.sok̚.ga.jo]
만나는 사람,131,[man.na.nɯn.sa.ɾam],[man.na.nɯn.sa.ɾam]
안 하겠다고,131,[an.ha.ket̚.ta.ko],[an.ha.get̚.ta.go]
없었어 난,131,[ʌp̚.ʌt̚.ʌ.nan],[ʌp̚.ʌt̚.ʌ.nan]
못 하겠지만,131,[mot̚.ha.ket̚.tʃi.man],[mot̚.ha.get̚.tʃi.man]
그리고 물론,131,[kɯ.ɾi.ko.mul.ɾon],[gɯ.ɾi.go.mul.ɾon]
거기 그대로,131,[kʌ.ki.kɯ.tɛ.ɾo],[gʌ.gi.gɯ.dɛ.ɾo]
한 번쯤은,131,[ham.pʌn.tʃ͈ɯm.ɯn],[han.bʌn.tʃ͈ɯm.ɯn]
아이를 가질,131,[a.i.ɾɯl.ka.tʃil],[a.i.ɾɯl.ga.dʒil]
당신은 다른,131,[taŋ.sin.ɯn.ta.ɾɯn],[daŋ.sin.ɯn.da.ɾɯn]
없었어 내가,131,[ʌp̚.ʌt̚.ʌ.nɛ.ka],[ʌp̚.ʌt̚.ʌ.nɛ.ga]
꿈도 못,131,[k͈un.to.mot̚],[k͈un.to.mot̚]
해 그래야,131,[hɛ.kɯ.ɾɛ.ja],[hɛ.gɯ.ɾɛ.ja]
많은 것들을,131,[man.ɯŋ.kʌt̚.tɯl.ɯl],[man.ɯn.gʌt̚.tɯl.ɯl]
갖고 있었어,131,[kat̚.ko.it̚.ʌt̚.ʌ],[gat̚.ko.it̚.ʌt̚.ʌ]
긴장감이 도는,131,[kin.tʃaŋ.kam.i.to.nɯn],[gin.tʃaŋ.gam.i.do.nɯn]
아무 상관도,131,[a.mu.saŋ.kwan.to],[a.mu.saŋ.gwan.to]
지금 있는,131,[tʃi.kɯm.it̚.nɯn],[dʒi.gɯm.it̚.nɯn]
없는데 왜,131,[ʌp̚.nɯn.te.wɛ],[ʌp̚.nɯn.te.wɛ]
말할 순,131,[mal.hal.sun],[mal.hal.sun]
여기 온 이유는,131,[jʌ.ki.on.i.ju.nɯn],[jʌ.gi.on.i.ju.nɯn]
이젠 날,131,[i.tʃen.nal],[i.dʒen.nal]
여자 말이야,131,[jʌ.tʃa.mal.i.ja],[jʌ.dʒa.mal.i.ja]
하지 말았어야,131,[ha.tʃi.mal.at̚.ʌ.ja],[ha.dʒi.mal.at̚.ʌ.ja]
좋아 잘,131,[tʃot̚.a.tʃal],[dʒot̚.a.dʒal]
드릴 말씀이 있습니다,131,[tɯ.ɾil.mal.s͈ɯm.i.it̚.sɯp̚.ni.ta],[dɯ.ɾil.mal.s͈ɯm.i.it̚.sɯp̚.ni.da]
여러 개,131,[jʌ.ɾʌ.kɛ],[jʌ.ɾʌ.gɛ]
있습니다 그럼,130,[it̚.sɯp̚.ni.ta.kɯ.ɾʌm],[it̚.sɯp̚.ni.da.gɯ.ɾʌm]
きっといつか 분명 언젠가 きっといつか,130,[pun.mjʌŋ.ʌn.tʃeŋ.ka],[bun.mjʌŋ.ʌn.tʃeŋ.ka]
앉아 계세요,130,[an.a.kje.se.jo],[an.a.gje.se.jo]
거기 앉아,130,[kʌ.ki.an.a],[gʌ.gi.an.a]
존재하지 않아,130,[tʃon.tʃɛ.ha.tʃi.an.a],[dʒon.tʃɛ.ha.dʒi.an.a]
let you,130,,
하지 않을까요,130,[ha.tʃi.an.ɯl.k͈a.jo],[ha.dʒi.an.ɯl.k͈a.jo]
내가 두,130,[nɛ.ka.tu],[nɛ.ga.du]
이유가 없지,130,[i.ju.ka.ʌp̚.tʃi],[i.ju.ga.ʌp̚.tʃi]
그럼 어떡해,130,[kɯ.ɾʌm.ʌ.t͈ʌk̚.hɛ],[gɯ.ɾʌm.ʌ.t͈ʌk̚.hɛ]
도달하리라 믿어,130,[to.tal.ha.ɾi.ɾa.mit̚.ʌ],[do.dal.ha.ɾi.ɾa.mit̚.ʌ]
그럴 일은 없어,130,[kɯ.ɾʌl.il.ɯn.ʌp̚.ʌ],[gɯ.ɾʌl.il.ɯn.ʌp̚.ʌ]
어디로 가고,130,[ʌ.ti.ɾo.ka.ko],[ʌ.di.ɾo.ga.go]
온 이유를,130,[on.i.ju.ɾɯl],[on.i.ju.ɾɯl]
드릴 겁니다,130,[tɯ.ɾil.kʌp̚.ni.ta],[dɯ.ɾil.gʌp̚.ni.da]
몇 번을 꺾이고 헤맨들,130,[mjʌt̚.pʌn.ɯl.k͈ʌk̚.i.ko.he.mɛn.tɯl],[mjʌt̚.bʌn.ɯl.k͈ʌk̚.i.go.he.mɛn.tɯl]
놓을 수,130,[not̚.ɯl.su],[not̚.ɯl.su]
오늘 밤을,130,[o.nɯl.pam.ɯl],[o.nɯl.bam.ɯl]
말을 들어야,130,[mal.ɯl.tɯl.ʌ.ja],[mal.ɯl.dɯl.ʌ.ja]
있어요 아주,130,[it̚.ʌ.jo.a.tʃu],[it̚.ʌ.jo.a.dʒu]
꺾이고 헤맨들,130,[k͈ʌk̚.i.ko.he.mɛn.tɯl],[k͈ʌk̚.i.go.he.mɛn.tɯl]
지금 장난해요,130,[tʃi.kɯn.tʃaŋ.nan.hɛ.jo],[dʒi.gɯm.dʒaŋ.nan.hɛ.jo]
것을 할,130,[kʌt̚.ɯl.hal],[gʌt̚.ɯl.hal]
당신이 아니라,130,[taŋ.sin.i.a.ni.ɾa],[daŋ.sin.i.a.ni.ɾa]
원래 그렇게,130,[wʌl.lɛ.kɯ.ɾʌt̚.ke],[wʌl.lɛ.gɯ.ɾʌt̚.ke]
열지 마,130,[jʌl.tʃi.ma],[jʌl.tʃi.ma]
어떻게 됐는데,130,[ʌ.t͈ʌt̚.ke.twɛt̚.nɯn.te],[ʌ.t͈ʌt̚.ke.dwɛt̚.nɯn.te]
우리를 위한,130,[u.ɾi.ɾɯl.wi.han],[u.ɾi.ɾɯl.wi.han]
다행인 줄,130,[ta.hɛŋ.in.tʃul],[da.hɛŋ.in.dʒul]
辿り着くと信じて 도달하리라,130,[to.tal.ha.ɾi.ɾa],[do.dal.ha.ɾi.ɾa]
언젠가 きっといつか,130,[ʌn.tʃeŋ.ka],[ʌn.tʃeŋ.ka]
이 지역의,130,[i.tʃi.jʌk̚.ɯi],[i.dʒi.jʌk̚.ɯi]
음성 사서함으로,130,[ɯm.sʌŋ.sa.sʌ.ham.ɯ.ɾo],[ɯm.sʌŋ.sa.sʌ.ham.ɯ.ɾo]
잘 살,130,[tʃal.sal],[dʒal.sal]
몇 번을 꺾이고,130,[mjʌt̚.pʌn.ɯl.k͈ʌk̚.i.ko],[mjʌt̚.bʌn.ɯl.k͈ʌk̚.i.go]
있지 그럼,130,[it̚.tʃi.kɯ.ɾʌm],[it̚.tʃi.gɯ.ɾʌm]
꿈을 꾸며 방황하네 夢を見続け彷徨う,130,[k͈um.ɯl.k͈u.mjʌ.paŋ.hwaŋ.ha.ne],[k͈um.ɯl.k͈u.mjʌ.baŋ.hwaŋ.ha.ne]
많이 사랑해,130,[man.i.sa.ɾaŋ.hɛ],[man.i.sa.ɾaŋ.hɛ]
일이 있다고,130,[il.i.it̚.ta.ko],[il.i.it̚.ta.go]
그리고 이렇게,130,[kɯ.ɾi.ko.i.ɾʌt̚.ke],[gɯ.ɾi.go.i.ɾʌt̚.ke]
何度くじけ迷えど 몇 번을,130,[mjʌt̚.pʌn.ɯl],[mjʌt̚.bʌn.ɯl]
도움 될,130,[to.un.twel],[do.um.dwel]
여기 있는 모든,130,[jʌ.ki.it̚.nɯn.mo.tɯn],[jʌ.gi.it̚.nɯn.mo.dɯn]
거야 여긴,130,[kʌ.ja.jʌ.kin],[gʌ.ja.jʌ.gin]
맞아 이,130,[mat̚.a.i],[mat̚.a.i]
수도 있으니까요,130,[su.to.it̚.ɯ.ni.k͈a.jo],[su.do.it̚.ɯ.ni.k͈a.jo]
점심 먹고,130,[tʃʌm.sim.mʌk̚.ko],[dʒʌm.sim.mʌk̚.ko]
틈바구니 終わりなき 夢の間と間 끝이,130,[tʰɯm.pa.ku.ni.k͈ɯt̚.i],[tʰɯm.pa.gu.ni.k͈ɯt̚.i]
그 집은,130,[kɯ.tʃip̚.ɯn],[gɯ.dʒip̚.ɯn]
맞아 넌,130,[mat̚.a.nʌn],[mat̚.a.nʌn]
하신 거예요,130,[ha.siŋ.kʌ.je.jo],[ha.sin.gʌ.je.jo]
이해 못 하는,130,[i.hɛ.mot̚.ha.nɯn],[i.hɛ.mot̚.ha.nɯn]
조심히 가세요,130,[tʃo.sim.hi.ka.se.jo],[dʒo.sim.hi.ga.se.jo]
위해 난,130,[wi.hɛ.nan],[wi.hɛ.nan]
그것은 내,130,[kɯ.kʌt̚.ɯn.nɛ],[gɯ.gʌt̚.ɯn.nɛ]
좀 달라,130,[tʃon.tal.ɾa],[dʒom.dal.ɾa]
계속 꾸며 방황하네 夢を見続け彷徨う,130,[kje.sok̚.k͈u.mjʌ.paŋ.hwaŋ.ha.ne],[gje.sok̚.k͈u.mjʌ.baŋ.hwaŋ.ha.ne]
딱 좋아,130,[t͈ak̚.tʃot̚.a],[t͈ak̚.dʒot̚.a]
데이비스 앤,130,[te.i.pi.sɯ.ɛn],[de.i.bi.sɯ.ɛn]
것도 아니에요,130,[kʌt̚.to.a.ni.e.jo],[gʌt̚.to.a.ni.e.jo]
이거 하나,130,[i.kʌ.ha.na],[i.gʌ.ha.na]
아니야 나,130,[a.ni.ja.na],[a.ni.ja.na]
방황하네 夢を見続け彷徨う 계속,130,[paŋ.hwaŋ.ha.ne.kje.sok̚],[baŋ.hwaŋ.ha.ne.gje.sok̚]
꾸며 방황하네 夢を見続け彷徨う 꿈을,130,[k͈u.mjʌ.paŋ.hwaŋ.ha.ne.k͈um.ɯl],[k͈u.mjʌ.baŋ.hwaŋ.ha.ne.k͈um.ɯl]
세상의 푸른,130,[se.saŋ.ɯi.pʰu.ɾɯn],[se.saŋ.ɯi.pʰu.ɾɯn]
어딘가 いつか何処か 언젠가,130,[ʌ.tiŋ.ka.ʌn.tʃeŋ.ka],[ʌ.diŋ.ka.ʌn.tʃeŋ.ka]
그냥 우리가,130,[kɯ.njaŋ.u.ɾi.ka],[gɯ.njaŋ.u.ɾi.ga]
필요는 없습니다,130,[pʰil.jo.nɯn.ʌp̚.sɯp̚.ni.ta],[pʰil.jo.nɯn.ʌp̚.sɯp̚.ni.da]
어딘가 いつか何処か,130,[ʌ.tiŋ.ka],[ʌ.diŋ.ka]
않는 거,130,[an.nɯŋ.kʌ],[an.nɯn.gʌ]
찾으러 올,130,[tʃʰat̚.ɯ.ɾʌ.ol],[tʃʰat̚.ɯ.ɾʌ.ol]
것 같아 무슨,130,[kʌt̚.kat̚.a.mu.sɯn],[gʌt̚.gat̚.a.mu.sɯn]
네 나이,130,[ne.na.i],[ne.na.i]
하지만 다,130,[ha.tʃi.man.ta],[ha.dʒi.man.da]
何度くじけ迷えど 몇,130,[mjʌt̚],[mjʌt̚]
다 좋은,130,[ta.tʃot̚.ɯn],[da.dʒot̚.ɯn]
죽을 뻔했어요,130,[tʃuk̚.ɯl.p͈ʌn.hɛt̚.ʌ.jo],[dʒuk̚.ɯl.p͈ʌn.hɛt̚.ʌ.jo]
끊지 마,130,[k͈ɯn.tʃi.ma],[k͈ɯn.tʃi.ma]
분명 언젠가 きっといつか 분명,130,[pun.mjʌŋ.ʌn.tʃeŋ.ka.pun.mjʌŋ],[bun.mjʌŋ.ʌn.tʃeŋ.ka.bun.mjʌŋ]
꾸며 방황하네 夢を見続け彷徨う 계속,130,[k͈u.mjʌ.paŋ.hwaŋ.ha.ne.kje.sok̚],[k͈u.mjʌ.baŋ.hwaŋ.ha.ne.gje.sok̚]
이렇게 됐어,130,[i.ɾʌt̚.ke.twɛt̚.ʌ],[i.ɾʌt̚.ke.dwɛt̚.ʌ]
도움을 받아,130,[to.um.ɯl.pat̚.a],[do.um.ɯl.bat̚.a]
하는 것이다,130,[ha.nɯŋ.kʌt̚.i.ta],[ha.nɯn.gʌt̚.i.da]
수 있을지도 몰라요,130,[su.it̚.ɯl.tʃi.to.mol.ɾa.jo],[su.it̚.ɯl.tʃi.do.mol.ɾa.jo]
번을 꺾이고,130,[pʌn.ɯl.k͈ʌk̚.i.ko],[bʌn.ɯl.k͈ʌk̚.i.go]
한 푼,130,[ham.pʰun],[ham.pʰun]
다른 방법도,130,[ta.ɾɯm.pam.pʌp̚.to],[da.ɾɯn.baŋ.bʌp̚.to]
좋을 거다,130,[tʃot̚.ɯl.kʌ.ta],[dʒot̚.ɯl.gʌ.da]
그를 죽이지,130,[kɯ.ɾɯl.tʃuk̚.i.tʃi],[gɯ.ɾɯl.dʒuk̚.i.dʒi]
짐승 같은,130,[tʃim.sɯŋ.kat̚.ɯn],[dʒim.sɯŋ.gat̚.ɯn]
거 싫어요,130,[kʌ.sil.ʌ.jo],[gʌ.sil.ʌ.jo]
없는 꿈의 틈바구니 終わりなき,130,[ʌp̚.nɯŋ.k͈um.ɯi.tʰɯm.pa.ku.ni],[ʌp̚.nɯŋ.k͈um.ɯi.tʰɯm.pa.gu.ni]
말라고 했어,130,[mal.ɾa.ko.hɛt̚.ʌ],[mal.ɾa.go.hɛt̚.ʌ]
나 이런,130,[na.i.ɾʌn],[na.i.ɾʌn]
또 안,130,[t͈o.an],[t͈o.an]
도대체 뭐,130,[to.tɛ.tʃʰe.mwʌ],[do.dɛ.tʃʰe.mwʌ]
얘기를 해야,130,[jɛ.ki.ɾɯl.hɛ.ja],[jɛ.gi.ɾɯl.hɛ.ja]
번을 꺾이고 헤맨들,130,[pʌn.ɯl.k͈ʌk̚.i.ko.he.mɛn.tɯl],[bʌn.ɯl.k͈ʌk̚.i.go.he.mɛn.tɯl]
무서운 게,130,[mu.sʌ.uŋ.ke],[mu.sʌ.un.ge]
뭐하는 거죠,130,[mwʌ.ha.nɯŋ.kʌ.tʃjo],[mwʌ.ha.nɯn.gʌ.dʒjo]
맞는 것 같아요,130,[mat̚.nɯŋ.kʌt̚.kat̚.a.jo],[mat̚.nɯn.gʌt̚.gat̚.a.jo]
어딘가 いつか何処か 언젠가 어딘가,130,[ʌ.tiŋ.ka.ʌn.tʃeŋ.ka.ʌ.tiŋ.ka],[ʌ.diŋ.ka.ʌn.tʃeŋ.ka.ʌ.diŋ.ka]
그래 안,130,[kɯ.ɾɛ.an],[gɯ.ɾɛ.an]
갚을 수,130,[kap̚.ɯl.su],[gap̚.ɯl.su]
그게 도움이,130,[kɯ.ke.to.um.i],[gɯ.ge.do.um.i]
틈바구니 終わりなき 夢の間と間,130,[tʰɯm.pa.ku.ni],[tʰɯm.pa.gu.ni]
언젠가 어딘가 いつか何処か,130,[ʌn.tʃeŋ.ka.ʌ.tiŋ.ka],[ʌn.tʃeŋ.ka.ʌ.diŋ.ka]
거 없나,130,[kʌ.ʌp̚.na],[gʌ.ʌp̚.na]
하던 거,130,[ha.tʌŋ.kʌ],[ha.dʌn.gʌ]
이렇게 늦게,130,[i.ɾʌt̚.ke.nɯt̚.ke],[i.ɾʌt̚.ke.nɯt̚.ke]
거야 엄마가,130,[kʌ.ja.ʌm.ma.ka],[gʌ.ja.ʌm.ma.ga]
You''re the,130,,
이러지 말고,130,[i.ɾʌ.tʃi.mal.ko],[i.ɾʌ.dʒi.mal.ko]
알지 못했다,130,[al.tʃi.mot̚.hɛt̚.ta],[al.tʃi.mot̚.hɛt̚.ta]
여름 내내,130,[jʌ.ɾɯm.nɛ.nɛ],[jʌ.ɾɯm.nɛ.nɛ]
만나러 온,130,[man.na.ɾʌ.on],[man.na.ɾʌ.on]
내일 또,130,[nɛ.il.t͈o],[nɛ.il.t͈o]
우리 결혼,130,[u.ɾi.kjʌl.hon],[u.ɾi.gjʌl.hon]
어렸을 땐,130,[ʌ.ɾjʌt̚.ɯl.t͈ɛn],[ʌ.ɾjʌt̚.ɯl.t͈ɛn]
연락도 안,130,[jʌl.lak̚.to.an],[jʌl.lak̚.to.an]
말을 들으니,130,[mal.ɯl.tɯl.ɯ.ni],[mal.ɯl.dɯl.ɯ.ni]
my way,130,,
뭐라고 해야 할지,130,[mwʌ.ɾa.ko.hɛ.ja.hal.tʃi],[mwʌ.ɾa.go.hɛ.ja.hal.tʃi]
푸른 빛을 보고,130,[pʰu.ɾɯm.pit̚.ɯl.po.ko],[pʰu.ɾɯn.bit̚.ɯl.bo.go]
팔 거야,130,[pʰal.kʌ.ja],[pʰal.gʌ.ja]
이제 시작이야,130,[i.tʃe.si.tʃak̚.i.ja],[i.dʒe.si.dʒak̚.i.ja]
내가 말할게,130,[nɛ.ka.mal.hal.ke],[nɛ.ga.mal.hal.ke]
세기 동안,130,[se.ki.toŋ.an],[se.gi.doŋ.an]
何度くじけ迷えど 몇 번을 꺾이고,130,[mjʌt̚.pʌn.ɯl.k͈ʌk̚.i.ko],[mjʌt̚.bʌn.ɯl.k͈ʌk̚.i.go]
집 밖으로,130,[tʃip̚.pak̚.ɯ.ɾo],[dʒip̚.bak̚.ɯ.ɾo]
않다는 것을,130,[an.ta.nɯŋ.kʌt̚.ɯl],[an.ta.nɯn.gʌt̚.ɯl]
저는 이제,130,[tʃʌ.nɯn.i.tʃe],[dʒʌ.nɯn.i.dʒe]
받게 될 거야,130,[pat̚.ke.twel.kʌ.ja],[bat̚.ke.dwel.gʌ.ja]
사진을 찍고,130,[sa.tʃin.ɯl.tʃ͈ik̚.ko],[sa.dʒin.ɯl.tʃ͈ik̚.ko]
우린 오늘,130,[u.ɾin.o.nɯl],[u.ɾin.o.nɯl]
빛을 보고 싶어,130,[pit̚.ɯl.po.ko.sip̚.ʌ],[bit̚.ɯl.bo.go.sip̚.ʌ]
푸른 빛을 보고 싶어,130,[pʰu.ɾɯm.pit̚.ɯl.po.ko.sip̚.ʌ],[pʰu.ɾɯn.bit̚.ɯl.bo.go.sip̚.ʌ]
아마 이,130,[a.ma.i],[a.ma.i]
없어요 정말,130,[ʌp̚.ʌ.jo.tʃʌŋ.mal],[ʌp̚.ʌ.jo.dʒʌŋ.mal]
말해 줄래요,130,[mal.hɛ.tʃul.ɾɛ.jo],[mal.hɛ.dʒul.ɾɛ.jo]
일이 아냐,130,[il.i.a.nja],[il.i.a.nja]
언젠가 きっといつか 분명 언젠가,130,[ʌn.tʃeŋ.ka.pun.mjʌŋ.ʌn.tʃeŋ.ka],[ʌn.tʃeŋ.ka.bun.mjʌŋ.ʌn.tʃeŋ.ka]
언젠가 きっといつか 분명,130,[ʌn.tʃeŋ.ka.pun.mjʌŋ],[ʌn.tʃeŋ.ka.bun.mjʌŋ]
거 신경,130,[kʌ.siŋ.kjʌŋ],[gʌ.siŋ.kjʌŋ]
다른 얘기,130,[ta.ɾɯn.jɛ.ki],[da.ɾɯn.jɛ.gi]
좀 더 일찍,130,[tʃon.tʌ.il.tʃ͈ik̚],[dʒom.dʌ.il.tʃ͈ik̚]
세상의 푸른 빛을,130,[se.saŋ.ɯi.pʰu.ɾɯm.pit̚.ɯl],[se.saŋ.ɯi.pʰu.ɾɯn.bit̚.ɯl]
잠깐만 잠깐만,130,[tʃam.k͈an.man.tʃam.k͈an.man],[dʒam.k͈an.man.dʒam.k͈an.man]
무섭지 않아,130,[mu.sʌp̚.tʃi.an.a],[mu.sʌp̚.tʃi.an.a]
그가 나에게,130,[kɯ.ka.na.e.ke],[gɯ.ga.na.e.ge]
말 안 했는데,130,[mal.an.hɛt̚.nɯn.te],[mal.an.hɛt̚.nɯn.te]
더 좋지,130,[tʌ.tʃot̚.tʃi],[dʌ.dʒot̚.tʃi]
잘 감시해,130,[tʃal.kam.si.hɛ],[dʒal.gam.si.hɛ]
우리 정말,130,[u.ɾi.tʃʌŋ.mal],[u.ɾi.dʒʌŋ.mal]
힘 있는,130,[him.it̚.nɯn],[him.it̚.nɯn]
결혼한 지,130,[kjʌl.hon.han.tʃi],[gjʌl.hon.han.dʒi]
못 돼요,130,[mot̚.twɛ.jo],[mot̚.dwɛ.jo]
꿈의 틈바구니 終わりなき 夢の間と間,130,[k͈um.ɯi.tʰɯm.pa.ku.ni],[k͈um.ɯi.tʰɯm.pa.gu.ni]
나 좀 내버려,130,[na.tʃom.nɛ.pʌ.ɾjʌ],[na.dʒom.nɛ.bʌ.ɾjʌ]
내가 어릴,130,[nɛ.ka.ʌ.ɾil],[nɛ.ga.ʌ.ɾil]
찾으러 온,130,[tʃʰat̚.ɯ.ɾʌ.on],[tʃʰat̚.ɯ.ɾʌ.on]
꿈의 틈바구니 終わりなき,130,[k͈um.ɯi.tʰɯm.pa.ku.ni],[k͈um.ɯi.tʰɯm.pa.gu.ni]
돈 못,130,[ton.mot̚],[don.mot̚]
있어 할,130,[it̚.ʌ.hal],[it̚.ʌ.hal]
a long,130,,
알았어 네가,130,[al.at̚.ʌ.ne.ka],[al.at̚.ʌ.ne.ga]
언젠가 어딘가 いつか何処か 언젠가,130,[ʌn.tʃeŋ.ka.ʌ.tiŋ.ka.ʌn.tʃeŋ.ka],[ʌn.tʃeŋ.ka.ʌ.diŋ.ka.ʌn.tʃeŋ.ka]
어떻게 되나요,130,[ʌ.t͈ʌt̚.ke.twe.na.jo],[ʌ.t͈ʌt̚.ke.dwe.na.jo]
어디서 찾을,130,[ʌ.ti.sʌ.tʃʰat̚.ɯl],[ʌ.di.sʌ.tʃʰat̚.ɯl]
입은 거야,130,[ip̚.ɯŋ.kʌ.ja],[ip̚.ɯn.gʌ.ja]
방황하네 夢を見続け彷徨う 꿈을,130,[paŋ.hwaŋ.ha.ne.k͈um.ɯl],[baŋ.hwaŋ.ha.ne.k͈um.ɯl]
좀 그렇지,130,[tʃom.kɯ.ɾʌt̚.tʃi],[dʒom.gɯ.ɾʌt̚.tʃi]
가지 질문이,130,[ka.tʃi.tʃil.mun.i],[ga.dʒi.dʒil.mun.i]
어떻게 알겠어요,130,[ʌ.t͈ʌt̚.ke.al.ket̚.ʌ.jo],[ʌ.t͈ʌt̚.ke.al.ket̚.ʌ.jo]
방황하네 夢を見続け彷徨う 꿈을 계속,130,[paŋ.hwaŋ.ha.ne.k͈um.ɯl.kje.sok̚],[baŋ.hwaŋ.ha.ne.k͈um.ɯl.gje.sok̚]
개월 후에,130,[kɛ.wʌl.hu.e],[gɛ.wʌl.hu.e]
이 사진은,130,[i.sa.tʃin.ɯn],[i.sa.dʒin.ɯn]
거야 뭐야,130,[kʌ.ja.mwʌ.ja],[gʌ.ja.mwʌ.ja]
봐 어서,130,[pwa.ʌ.sʌ],[bwa.ʌ.sʌ]
이렇게 멋진,130,[i.ɾʌt̚.ke.mʌt̚.tʃin],[i.ɾʌt̚.ke.mʌt̚.tʃin]
맥주 좀,130,[mɛk̚.tʃu.tʃom],[mɛk̚.tʃu.dʒom]
그래 다,130,[kɯ.ɾɛ.ta],[gɯ.ɾɛ.da]
분명 언젠가 きっといつか,130,[pun.mjʌŋ.ʌn.tʃeŋ.ka],[bun.mjʌŋ.ʌn.tʃeŋ.ka]
왜 물어,130,[wɛ.mul.ʌ],[wɛ.mul.ʌ]
말하고 싶어요,130,[mal.ha.ko.sip̚.ʌ.jo],[mal.ha.go.sip̚.ʌ.jo]
That is,130,,
いつか何処か 언젠가 어딘가 いつか何処か,130,[ʌn.tʃeŋ.ka.ʌ.tiŋ.ka],[ʌn.tʃeŋ.ka.ʌ.diŋ.ka]
왠지 알아,130,[wɛn.tʃi.al.a],[wɛn.tʃi.al.a]
하기 싫은,130,[ha.ki.sil.ɯn],[ha.gi.sil.ɯn]
그 남자한테,130,[kɯ.nan.tʃa.han.tʰe],[gɯ.nan.tʃa.han.tʰe]
이런 적,130,[i.ɾʌn.tʃʌk̚],[i.ɾʌn.dʒʌk̚]
And I''m,130,,
남자에 대해,130,[nan.tʃa.e.tɛ.hɛ],[nan.tʃa.e.dɛ.hɛ]
모든 일,130,[mo.tɯn.il],[mo.dɯn.il]
찾을 때,130,[tʃʰat̚.ɯl.t͈ɛ],[tʃʰat̚.ɯl.t͈ɛ]
세상의 푸른 빛을 보고,130,[se.saŋ.ɯi.pʰu.ɾɯm.pit̚.ɯl.po.ko],[se.saŋ.ɯi.pʰu.ɾɯn.bit̚.ɯl.bo.go]
축복이 있기를,130,[tʃʰuk̚.pok̚.i.it̚.ki.ɾɯl],[tʃʰuk̚.pok̚.i.it̚.ki.ɾɯl]
틈바구니 終わりなき,130,[tʰɯm.pa.ku.ni],[tʰɯm.pa.gu.ni]
그런 끔찍한,130,[kɯ.ɾʌŋ.k͈ɯn.tʃ͈ik̚.han],[gɯ.ɾʌŋ.k͈ɯn.tʃ͈ik̚.han]
방황하네 夢を見続け彷徨う 계속 꿈을,130,[paŋ.hwaŋ.ha.ne.kje.sok̚.k͈um.ɯl],[baŋ.hwaŋ.ha.ne.gje.sok̚.k͈um.ɯl]
사랑하는 건,130,[sa.ɾaŋ.ha.nɯŋ.kʌn],[sa.ɾaŋ.ha.nɯn.gʌn]
하려고 하는,130,[ha.ɾjʌ.ko.ha.nɯn],[ha.ɾjʌ.go.ha.nɯn]
몰라 왜,130,[mol.ɾa.wɛ],[mol.ɾa.wɛ]
뭔지 말해,130,[mwʌn.tʃi.mal.hɛ],[mwʌn.tʃi.mal.hɛ]
어 그래,130,[ʌ.kɯ.ɾɛ],[ʌ.gɯ.ɾɛ]
이유 중,130,[i.ju.tʃuŋ],[i.ju.dʒuŋ]
辿り着くと信じて 도달하리라 믿어,130,[to.tal.ha.ɾi.ɾa.mit̚.ʌ],[do.dal.ha.ɾi.ɾa.mit̚.ʌ]
같아 우리가,129,[kat̚.a.u.ɾi.ka],[gat̚.a.u.ɾi.ga]
증거가 될,129,[tʃɯŋ.kʌ.ka.twel],[dʒɯŋ.gʌ.ga.dwel]
게 쉽지,129,[ke.swip̚.tʃi],[ge.swip̚.tʃi]
감옥에 가게,129,[kam.ok̚.e.ka.ke],[gam.ok̚.e.ga.ge]
살아남기 위해,129,[sal.a.nam.ki.wi.hɛ],[sal.a.nam.ki.wi.hɛ]
존재하지 않는다,129,[tʃon.tʃɛ.ha.tʃi.an.nɯn.ta],[dʒon.tʃɛ.ha.dʒi.an.nɯn.ta]
아무 말이나,129,[a.mu.mal.i.na],[a.mu.mal.i.na]
하고 내가,129,[ha.ko.nɛ.ka],[ha.go.nɛ.ga]
죽일 겁니다,129,[tʃuk̚.il.kʌp̚.ni.ta],[dʒuk̚.il.gʌp̚.ni.da]
그러는 동안,129,[kɯ.ɾʌ.nɯn.toŋ.an],[gɯ.ɾʌ.nɯn.doŋ.an]
나왔으니 말인데,129,[na.wat̚.ɯ.ni.mal.in.te],[na.wat̚.ɯ.ni.mal.in.te]
있다면 난,129,[it̚.ta.mjʌn.nan],[it̚.ta.mjʌn.nan]
어쩔 줄,129,[ʌ.tʃ͈ʌl.tʃul],[ʌ.tʃ͈ʌl.dʒul]
잠깐 자리,129,[tʃam.k͈an.tʃa.ɾi],[dʒam.k͈an.dʒa.ɾi]
않아요 그,129,[an.a.jo.kɯ],[an.a.jo.gɯ]
무슨 말인지 모르겠어요,129,[mu.sɯn.mal.in.tʃi.mo.ɾɯ.ket̚.ʌ.jo],[mu.sɯn.mal.in.tʃi.mo.ɾɯ.get̚.ʌ.jo]
못한 채,129,[mot̚.han.tʃʰɛ],[mot̚.han.tʃʰɛ]
해킹할 수,129,[hɛ.kʰiŋ.hal.su],[hɛ.kʰiŋ.hal.su]
그 당시에,129,[kɯ.taŋ.si.e],[gɯ.daŋ.si.e]
말이 그거야,129,[mal.i.kɯ.kʌ.ja],[mal.i.gɯ.gʌ.ja]
대체 어디 있는 거야,129,[tɛ.tʃʰe.ʌ.ti.it̚.nɯŋ.kʌ.ja],[dɛ.tʃʰe.ʌ.di.it̚.nɯn.gʌ.ja]
생각할 수도,129,[sɛŋ.kak̚.hal.su.to],[sɛŋ.gak̚.hal.su.do]
게 중요해요,129,[ke.tʃuŋ.jo.hɛ.jo],[ge.dʒuŋ.jo.hɛ.jo]
이럴 수 있어,129,[i.ɾʌl.su.it̚.ʌ],[i.ɾʌl.su.it̚.ʌ]
본 순간,129,[pon.suŋ.kan],[bon.suŋ.kan]
해 볼래,129,[hɛ.pol.ɾɛ],[hɛ.bol.ɾɛ]
the house,129,,
두 발,129,[tu.pal],[du.bal]
사람을 잘,129,[sa.ɾam.ɯl.tʃal],[sa.ɾam.ɯl.dʒal]
우린 그들을,129,[u.ɾiŋ.kɯ.tɯl.ɯl],[u.ɾin.gɯ.dɯl.ɯl]
그리고 아마,129,[kɯ.ɾi.ko.a.ma],[gɯ.ɾi.go.a.ma]
좋아요 그,129,[tʃot̚.a.jo.kɯ],[dʒot̚.a.jo.gɯ]
오래 걸려서,129,[o.ɾɛ.kʌl.ɾjʌ.sʌ],[o.ɾɛ.gʌl.ɾjʌ.sʌ]
말을 하게,129,[mal.ɯl.ha.ke],[mal.ɯl.ha.ge]
어제 그,129,[ʌ.tʃe.kɯ],[ʌ.dʒe.gɯ]
잘 안다,129,[tʃal.an.ta],[dʒal.an.ta]
어디 가는 거예요,129,[ʌ.ti.ka.nɯŋ.kʌ.je.jo],[ʌ.di.ga.nɯn.gʌ.je.jo]
그거 내가,129,[kɯ.kʌ.nɛ.ka],[gɯ.gʌ.nɛ.ga]
이제 어디로,129,[i.tʃe.ʌ.ti.ɾo],[i.dʒe.ʌ.di.ɾo]
수 있단 걸,129,[su.it̚.taŋ.kʌl],[su.it̚.tan.gʌl]
어쩜 이렇게,129,[ʌ.tʃ͈ʌm.i.ɾʌt̚.ke],[ʌ.tʃ͈ʌm.i.ɾʌt̚.ke]
될 건,129,[twel.kʌn],[dwel.gʌn]
말라고 했어요,129,[mal.ɾa.ko.hɛt̚.ʌ.jo],[mal.ɾa.go.hɛt̚.ʌ.jo]
그거 이리,129,[kɯ.kʌ.i.ɾi],[gɯ.gʌ.i.ɾi]
함께 있지,129,[ham.k͈e.it̚.tʃi],[ham.k͈e.it̚.tʃi]
만드는 거지,129,[man.tɯ.nɯŋ.kʌ.tʃi],[man.tɯ.nɯn.gʌ.dʒi]
말이 안 되는,129,[mal.i.an.twe.nɯn],[mal.i.an.dwe.nɯn]
그러니까 난,129,[kɯ.ɾʌ.ni.k͈a.nan],[gɯ.ɾʌ.ni.k͈a.nan]
오늘날 우리가,129,[o.nɯl.lal.u.ɾi.ka],[o.nɯl.lal.u.ɾi.ga]
안 될 거예요,129,[an.twel.kʌ.je.jo],[an.dwel.gʌ.je.jo]
잘 부탁합니다,129,[tʃal.pu.tʰak̚.hap̚.ni.ta],[dʒal.bu.tʰak̚.hap̚.ni.da]
잘 아네,129,[tʃal.a.ne],[dʒal.a.ne]
걸 그랬나,129,[kʌl.kɯ.ɾɛt̚.na],[gʌl.gɯ.ɾɛt̚.na]
못 찾은,129,[mot̚.tʃʰat̚.ɯn],[mot̚.tʃʰat̚.ɯn]
수는 없잖아요,129,[su.nɯn.ʌp̚.tʃan.a.jo],[su.nɯn.ʌp̚.tʃan.a.jo]
어떻게 좀 해봐,129,[ʌ.t͈ʌt̚.ke.tʃom.hɛ.pwa],[ʌ.t͈ʌt̚.ke.dʒom.hɛ.bwa]
알게 돼서,129,[al.ke.twɛ.sʌ],[al.ke.dwɛ.sʌ]
난 그렇게 생각 안,129,[naŋ.kɯ.ɾʌt̚.ke.sɛŋ.kak̚.an],[nan.gɯ.ɾʌt̚.ke.sɛŋ.gak̚.an]
이리 주세요,129,[i.ɾi.tʃu.se.jo],[i.ɾi.dʒu.se.jo]
싶었을 뿐이야,129,[sip̚.ʌt̚.ɯl.p͈un.i.ja],[sip̚.ʌt̚.ɯl.p͈un.i.ja]
될 수도 있어요,129,[twel.su.to.it̚.ʌ.jo],[dwel.su.do.it̚.ʌ.jo]
선택을 할,129,[sʌn.tʰɛk̚.ɯl.hal],[sʌn.tʰɛk̚.ɯl.hal]
정말 괜찮겠어,129,[tʃʌŋ.mal.kwɛn.tʃʰaŋ.ket̚.ʌ],[dʒʌŋ.mal.gwɛn.tʃʰaŋ.ket̚.ʌ]
우리의 새로운,129,[u.ɾi.ɯi.sɛ.ɾo.un],[u.ɾi.ɯi.sɛ.ɾo.un]
있어 뭘,129,[it̚.ʌ.mwʌl],[it̚.ʌ.mwʌl]
일이 잘못되면,129,[il.i.tʃal.mot̚.twe.mjʌn],[il.i.dʒal.mot̚.twe.mjʌn]
같이 하자,129,[kat̚.i.ha.tʃa],[gat̚.i.ha.dʒa]
물어보고 싶은,129,[mul.ʌ.po.ko.sip̚.ɯn],[mul.ʌ.bo.go.sip̚.ɯn]
하려는 거예요,129,[ha.ɾjʌ.nɯŋ.kʌ.je.jo],[ha.ɾjʌ.nɯn.gʌ.je.jo]
적이 없죠,129,[tʃʌk̚.i.ʌp̚.tʃjo],[dʒʌk̚.i.ʌp̚.tʃjo]
더 있는데,129,[tʌ.it̚.nɯn.te],[dʌ.it̚.nɯn.te]
잠깐만 기다려봐,129,[tʃam.k͈an.maŋ.ki.ta.ɾjʌ.pwa],[dʒam.k͈an.man.gi.da.ɾjʌ.bwa]
일은 없을 겁니다,129,[il.ɯn.ʌp̚.ɯl.kʌp̚.ni.ta],[il.ɯn.ʌp̚.ɯl.gʌp̚.ni.da]
맞아 그래,129,[mat̚.a.kɯ.ɾɛ],[mat̚.a.gɯ.ɾɛ]
어떻게 알게,129,[ʌ.t͈ʌt̚.ke.al.ke],[ʌ.t͈ʌt̚.ke.al.ke]
몇 살이지,129,[mjʌt̚.sal.i.tʃi],[mjʌt̚.sal.i.dʒi]
지키기 위해서,129,[tʃi.kʰi.ki.wi.hɛ.sʌ],[dʒi.kʰi.gi.wi.hɛ.sʌ]
사람들이 그,129,[sa.ɾan.tɯl.i.kɯ],[sa.ɾan.tɯl.i.gɯ]
우리 아직,129,[u.ɾi.a.tʃik̚],[u.ɾi.a.dʒik̚]
갈 때마다,129,[kal.t͈ɛ.ma.ta],[gal.t͈ɛ.ma.da]
그녀를 데리고,129,[kɯ.njʌ.ɾɯl.te.ɾi.ko],[gɯ.njʌ.ɾɯl.de.ɾi.go]
난 그렇지,129,[naŋ.kɯ.ɾʌt̚.tʃi],[nan.gɯ.ɾʌt̚.tʃi]
말도 안 되지,129,[mal.to.an.twe.tʃi],[mal.to.an.dwe.dʒi]
때 여기,129,[t͈ɛ.jʌ.ki],[t͈ɛ.jʌ.gi]
맞을지도 몰라,129,[mat̚.ɯl.tʃi.to.mol.ɾa],[mat̚.ɯl.tʃi.do.mol.ɾa]
물론 그,129,[mul.ɾoŋ.kɯ],[mul.ɾon.gɯ]
이게 뭐 하는,129,[i.ke.mwʌ.ha.nɯn],[i.ge.mwʌ.ha.nɯn]
네 마음,129,[ne.ma.ɯm],[ne.ma.ɯm]
그 사람들한테,129,[kɯ.sa.ɾan.tɯl.han.tʰe],[gɯ.sa.ɾan.tɯl.han.tʰe]
이 게임,129,[i.ke.im],[i.ge.im]
결국 이렇게,129,[kjʌl.kuk̚.i.ɾʌt̚.ke],[gjʌl.kuk̚.i.ɾʌt̚.ke]
이미 내,129,[i.mi.nɛ],[i.mi.nɛ]
왜 왔죠,129,[wɛ.wat̚.tʃjo],[wɛ.wat̚.tʃjo]
않을 거야 내가,129,[an.ɯl.kʌ.ja.nɛ.ka],[an.ɯl.gʌ.ja.nɛ.ga]
마법 같은,129,[ma.pʌp̚.kat̚.ɯn],[ma.bʌp̚.gat̚.ɯn]
네 덕에,129,[ne.tʌk̚.e],[ne.dʌk̚.e]
엄마랑 아빠가,129,[ʌm.ma.ɾaŋ.a.p͈a.ka],[ʌm.ma.ɾaŋ.a.p͈a.ga]
말하고 있잖아,129,[mal.ha.ko.it̚.tʃan.a],[mal.ha.go.it̚.tʃan.a]
만들어 낸,129,[man.tɯl.ʌ.nɛn],[man.tɯl.ʌ.nɛn]
네 그런데,129,[ne.kɯ.ɾʌn.te],[ne.gɯ.ɾʌn.te]
있는 거니,129,[it̚.nɯŋ.kʌ.ni],[it̚.nɯn.gʌ.ni]
같은 건데,129,[kat̚.ɯŋ.kʌn.te],[gat̚.ɯn.gʌn.te]
기다려 봐요,129,[ki.ta.ɾjʌ.pwa.jo],[gi.da.ɾjʌ.bwa.jo]
어디 갔죠,129,[ʌ.ti.kat̚.tʃjo],[ʌ.di.gat̚.tʃjo]
I heard,129,,
짓을 해도,129,[tʃit̚.ɯl.hɛ.to],[dʒit̚.ɯl.hɛ.do]
돕는 거야,129,[top̚.nɯŋ.kʌ.ja],[dop̚.nɯn.gʌ.ja]
was in,129,,
가기 싫어요,129,[ka.ki.sil.ʌ.jo],[ga.gi.sil.ʌ.jo]
그는 당신의,129,[kɯ.nɯn.taŋ.sin.ɯi],[gɯ.nɯn.daŋ.sin.ɯi]
하진 않을,129,[ha.tʃin.an.ɯl],[ha.dʒin.an.ɯl]
권리가 있습니다,129,[kwʌl.li.ka.it̚.sɯp̚.ni.ta],[gwʌl.li.ga.it̚.sɯp̚.ni.da]
번 도로,129,[pʌn.to.ɾo],[bʌn.do.ɾo]
집에 가기,129,[tʃip̚.e.ka.ki],[dʒip̚.e.ga.gi]
나는 정말로,129,[na.nɯn.tʃʌŋ.mal.ɾo],[na.nɯn.dʒʌŋ.mal.ɾo]
전혀 없는,129,[tʃʌn.hjʌ.ʌp̚.nɯn],[dʒʌn.hjʌ.ʌp̚.nɯn]
그 말도,129,[kɯ.mal.to],[gɯ.mal.to]
안 되겠지만,129,[an.twe.ket̚.tʃi.man],[an.dwe.get̚.tʃi.man]
아직 끝난,129,[a.tʃik̚.k͈ɯt̚.nan],[a.dʒik̚.k͈ɯt̚.nan]
칼을 들고,129,[kʰal.ɯl.tɯl.ko],[kʰal.ɯl.dɯl.ko]
있어 또,129,[it̚.ʌ.t͈o],[it̚.ʌ.t͈o]
사진 속,129,[sa.tʃin.sok̚],[sa.dʒin.sok̚]
한 시간 내로,129,[han.si.kan.nɛ.ɾo],[han.si.gan.nɛ.ɾo]
뭐 때문이지요,129,[mwʌ.t͈ɛ.mun.i.tʃi.jo],[mwʌ.t͈ɛ.mun.i.dʒi.jo]
나 또,129,[na.t͈o],[na.t͈o]
모든 걸 알고,129,[mo.tɯŋ.kʌl.al.ko],[mo.dɯn.gʌl.al.ko]
지키고 있어,129,[tʃi.kʰi.ko.it̚.ʌ],[dʒi.kʰi.go.it̚.ʌ]
술 먹고,129,[sul.mʌk̚.ko],[sul.mʌk̚.ko]
돈을 줄,129,[ton.ɯl.tʃul],[don.ɯl.dʒul]
이건 아니지,129,[i.kʌn.a.ni.tʃi],[i.gʌn.a.ni.dʒi]
처음 왔을 때,129,[tʃʰʌ.ɯm.wat̚.ɯl.t͈ɛ],[tʃʰʌ.ɯm.wat̚.ɯl.t͈ɛ]
기다리고 계십니다,129,[ki.ta.ɾi.ko.kje.sip̚.ni.ta],[gi.da.ɾi.go.gje.sip̚.ni.da]
해줄 수 있어,129,[hɛ.tʃul.su.it̚.ʌ],[hɛ.dʒul.su.it̚.ʌ]
다른 사람들의,129,[ta.ɾɯn.sa.ɾan.tɯl.ɯi],[da.ɾɯn.sa.ɾan.tɯl.ɯi]
come back,129,,
다시 해보자,129,[ta.si.hɛ.po.tʃa],[da.si.hɛ.bo.dʒa]
앞뒤가 안,129,[ap̚.twi.ka.an],[ap̚.twi.ga.an]
후 스트레스,129,[hu.sɯ.tʰɯ.ɾe.sɯ],[hu.sɯ.tʰɯ.ɾe.sɯ]
그게 너무,129,[kɯ.ke.nʌ.mu],[gɯ.ge.nʌ.mu]
별로 좋지,129,[pjʌl.ɾo.tʃot̚.tʃi],[bjʌl.ɾo.dʒot̚.tʃi]
오실 거예요,129,[o.sil.kʌ.je.jo],[o.sil.gʌ.je.jo]
그 어느 때보다도,129,[kɯ.ʌ.nɯ.t͈ɛ.po.ta.to],[gɯ.ʌ.nɯ.t͈ɛ.bo.da.do]
제 첫,129,[tʃe.tʃʰʌt̚],[dʒe.tʃʰʌt̚]
두 사람 모두,129,[tu.sa.ɾam.mo.tu],[du.sa.ɾam.mo.du]
우리 형,129,[u.ɾi.hjʌŋ],[u.ɾi.hjʌŋ]
잘될 거예요,129,[tʃal.twel.kʌ.je.jo],[dʒal.twel.gʌ.je.jo]
생각해야 해,129,[sɛŋ.kak̚.hɛ.ja.hɛ],[sɛŋ.gak̚.hɛ.ja.hɛ]
그래서 어쩌라고,129,[kɯ.ɾɛ.sʌ.ʌ.tʃ͈ʌ.ɾa.ko],[gɯ.ɾɛ.sʌ.ʌ.tʃ͈ʌ.ɾa.go]
거야 이젠,129,[kʌ.ja.i.tʃen],[gʌ.ja.i.dʒen]
숨 쉴,129,[sum.swil],[sum.swil]
뚫을 수,129,[t͈ul.ɯl.su],[t͈ul.ɯl.su]
할 때야,129,[hal.t͈ɛ.ja],[hal.t͈ɛ.ja]
힘을 다해,129,[him.ɯl.ta.hɛ],[him.ɯl.da.hɛ]
인정 안,129,[in.tʃʌŋ.an],[in.tʃʌŋ.an]
것 같아 하지만,129,[kʌt̚.kat̚.a.ha.tʃi.man],[gʌt̚.gat̚.a.ha.dʒi.man]
사이에 무슨 일이,129,[sa.i.e.mu.sɯn.il.i],[sa.i.e.mu.sɯn.il.i]
꿈 깨,129,[k͈um.k͈ɛ],[k͈um.k͈ɛ]
하려던 건,129,[ha.ɾjʌ.tʌŋ.kʌn],[ha.ɾjʌ.dʌn.gʌn]
a little bit,129,,
해 너무,129,[hɛ.nʌ.mu],[hɛ.nʌ.mu]
그녀를 찾을,129,[kɯ.njʌ.ɾɯl.tʃʰat̚.ɯl],[gɯ.njʌ.ɾɯl.tʃʰat̚.ɯl]
될 거야 하지만,129,[twel.kʌ.ja.ha.tʃi.man],[dwel.gʌ.ja.ha.dʒi.man]
있을 수가,128,[it̚.ɯl.su.ka],[it̚.ɯl.su.ga]
읽을 줄,128,[ik̚.ɯl.tʃul],[ik̚.ɯl.dʒul]
있는 마지막,128,[it̚.nɯn.ma.tʃi.mak̚],[it̚.nɯn.ma.dʒi.mak̚]
없어 알았어,128,[ʌp̚.ʌ.al.at̚.ʌ],[ʌp̚.ʌ.al.at̚.ʌ]
한 후,128,[han.hu],[han.hu]
대체 언제,128,[tɛ.tʃʰe.ʌn.tʃe],[dɛ.tʃʰe.ʌn.tʃe]
그래야 하지,128,[kɯ.ɾɛ.ja.ha.tʃi],[gɯ.ɾɛ.ja.ha.dʒi]
어딜 가려고,128,[ʌ.til.ka.ɾjʌ.ko],[ʌ.dil.ga.ɾjʌ.go]
안 썼어,128,[an.s͈ʌt̚.ʌ],[an.s͈ʌt̚.ʌ]
그것을 할 수,128,[kɯ.kʌt̚.ɯl.hal.su],[gɯ.gʌt̚.ɯl.hal.su]
도우려는 거야,128,[to.u.ɾjʌ.nɯŋ.kʌ.ja],[do.u.ɾjʌ.nɯn.gʌ.ja]
좀 봐줄래,128,[tʃom.pwa.tʃul.ɾɛ],[dʒom.bwa.dʒul.ɾɛ]
않는 것이,128,[an.nɯŋ.kʌt̚.i],[an.nɯn.gʌt̚.i]
것 내,128,[kʌt̚.nɛ],[gʌt̚.nɛ]
적 없는데요,128,[tʃʌk̚.ʌp̚.nɯn.te.jo],[dʒʌk̚.ʌp̚.nɯn.te.jo]
죽은 거예요,128,[tʃuk̚.ɯŋ.kʌ.je.jo],[dʒuk̚.ɯn.gʌ.je.jo]
어떻게 알 수,128,[ʌ.t͈ʌt̚.ke.al.su],[ʌ.t͈ʌt̚.ke.al.su]
입 벌려,128,[ip̚.pʌl.ɾjʌ],[ip̚.bʌl.ɾjʌ]
you should,128,,
다른 여자를,128,[ta.ɾɯn.jʌ.tʃa.ɾɯl],[da.ɾɯn.jʌ.dʒa.ɾɯl]
지내는 게,128,[tʃi.nɛ.nɯŋ.ke],[dʒi.nɛ.nɯn.ge]
해치지 마,128,[hɛ.tʃʰi.tʃi.ma],[hɛ.tʃʰi.dʒi.ma]
빨리 갈,128,[p͈al.ɾi.kal],[p͈al.ɾi.gal]
곧 집에,128,[kot̚.tʃip̚.e],[got̚.dʒip̚.e]
모두 한,128,[mo.tu.han],[mo.du.han]
네 손을,128,[ne.son.ɯl],[ne.son.ɯl]
끝난 후,128,[k͈ɯt̚.nan.hu],[k͈ɯt̚.nan.hu]
그럼 다들,128,[kɯ.ɾʌn.ta.tɯl],[gɯ.ɾʌm.da.dɯl]
오늘 아주,128,[o.nɯl.a.tʃu],[o.nɯl.a.dʒu]
don''t have to,128,,
the moon,128,,
같아요 무슨,128,[kat̚.a.jo.mu.sɯn],[gat̚.a.jo.mu.sɯn]
있을 것 같다,128,[it̚.ɯl.kʌt̚.kat̚.ta],[it̚.ɯl.gʌt̚.gat̚.ta]
대한 정보가,128,[tɛ.han.tʃʌm.po.ka],[dɛ.han.dʒʌŋ.bo.ga]
한참 전에,128,[han.tʃʰan.tʃʌn.e],[han.tʃʰam.dʒʌn.e]
뭘 찾았는지,128,[mwʌl.tʃʰat̚.at̚.nɯn.tʃi],[mwʌl.tʃʰat̚.at̚.nɯn.tʃi]
그러니 그,128,[kɯ.ɾʌ.ni.kɯ],[gɯ.ɾʌ.ni.gɯ]
알려 주지,128,[al.ɾjʌ.tʃu.tʃi],[al.ɾjʌ.dʒu.dʒi]
think we,128,,
이건 못,128,[i.kʌn.mot̚],[i.gʌn.mot̚]
개의 다른,128,[kɛ.ɯi.ta.ɾɯn],[gɛ.ɯi.da.ɾɯn]
누구 때문에,128,[nu.ku.t͈ɛ.mun.e],[nu.gu.t͈ɛ.mun.e]
우리는 같은,128,[u.ɾi.nɯŋ.kat̚.ɯn],[u.ɾi.nɯn.gat̚.ɯn]
볼 수 없을,128,[pol.su.ʌp̚.ɯl],[bol.su.ʌp̚.ɯl]
못 들었나,128,[mot̚.tɯl.ʌt̚.na],[mot̚.dɯl.ʌt̚.na]
제 인생,128,[tʃe.in.sɛŋ],[dʒe.in.sɛŋ]
날 사랑하는,128,[nal.sa.ɾaŋ.ha.nɯn],[nal.sa.ɾaŋ.ha.nɯn]
전 그걸,128,[tʃʌŋ.kɯ.kʌl],[dʒʌn.gɯ.gʌl]
있는 사람이야,128,[it̚.nɯn.sa.ɾam.i.ja],[it̚.nɯn.sa.ɾam.i.ja]
있어요 누가,128,[it̚.ʌ.jo.nu.ka],[it̚.ʌ.jo.nu.ga]
없을지도 몰라,128,[ʌp̚.ɯl.tʃi.to.mol.ɾa],[ʌp̚.ɯl.tʃi.do.mol.ɾa]
거 한,128,[kʌ.han],[gʌ.han]
이유가 뭡니까,128,[i.ju.ka.mwʌp̚.ni.k͈a],[i.ju.ga.mwʌp̚.ni.k͈a]
돈이 필요해,128,[ton.i.pʰil.jo.hɛ],[don.i.pʰil.jo.hɛ]
왜 이제야,128,[wɛ.i.tʃe.ja],[wɛ.i.dʒe.ja]
있다 해도,128,[it̚.ta.hɛ.to],[it̚.ta.hɛ.do]
저를 위해,128,[tʃʌ.ɾɯl.wi.hɛ],[dʒʌ.ɾɯl.wi.hɛ]
구해 줄,128,[ku.hɛ.tʃul],[gu.hɛ.dʒul]
마세요 전,128,[ma.se.jo.tʃʌn],[ma.se.jo.dʒʌn]
상태가 안 좋아,128,[saŋ.tʰɛ.ka.an.tʃot̚.a],[saŋ.tʰɛ.ga.an.dʒot̚.a]
여러 가지로,128,[jʌ.ɾʌ.ka.tʃi.ɾo],[jʌ.ɾʌ.ga.dʒi.ɾo]
얘기는 나중에,128,[jɛ.ki.nɯn.na.tʃuŋ.e],[jɛ.gi.nɯn.na.dʒuŋ.e]
같아 나도,128,[kat̚.a.na.to],[gat̚.a.na.do]
제가 제,128,[tʃe.ka.tʃe],[dʒe.ga.dʒe]
그냥 혼자,128,[kɯ.njaŋ.hon.tʃa],[gɯ.njaŋ.hon.tʃa]
생애 최고의,128,[sɛŋ.ɛ.tʃʰwe.ko.ɯi],[sɛŋ.ɛ.tʃʰwe.go.ɯi]
뭐 있어요,128,[mwʌ.it̚.ʌ.jo],[mwʌ.it̚.ʌ.jo]
좀 주실래요,128,[tʃon.tʃu.sil.ɾɛ.jo],[dʒom.dʒu.sil.ɾɛ.jo]
할 수 있을 때,128,[hal.su.it̚.ɯl.t͈ɛ],[hal.su.it̚.ɯl.t͈ɛ]
다들 여기,128,[ta.tɯl.jʌ.ki],[da.dɯl.jʌ.gi]
말을 타고,128,[mal.ɯl.tʰa.ko],[mal.ɯl.tʰa.go]
했어 넌,128,[hɛt̚.ʌ.nʌn],[hɛt̚.ʌ.nʌn]
넌 한,128,[nʌn.han],[nʌn.han]
하지만 또,128,[ha.tʃi.man.t͈o],[ha.dʒi.man.t͈o]
않는 이상,128,[an.nɯn.i.saŋ],[an.nɯn.i.saŋ]
뭐가 문제예요,128,[mwʌ.ka.mun.tʃe.je.jo],[mwʌ.ga.mun.tʃe.je.jo]
분이면 돼,128,[pun.i.mjʌn.twɛ],[bun.i.mjʌn.dwɛ]
사람을 찾을,128,[sa.ɾam.ɯl.tʃʰat̚.ɯl],[sa.ɾam.ɯl.tʃʰat̚.ɯl]
때가 아냐,128,[t͈ɛ.ka.a.nja],[t͈ɛ.ga.a.nja]
일해야 해,128,[il.hɛ.ja.hɛ],[il.hɛ.ja.hɛ]
뭔지 알,128,[mwʌn.tʃi.al],[mwʌn.tʃi.al]
일이 없어,128,[il.i.ʌp̚.ʌ],[il.i.ʌp̚.ʌ]
근데 그걸,128,[kɯn.te.kɯ.kʌl],[gɯn.te.gɯ.gʌl]
내 얘기는,128,[nɛ.jɛ.ki.nɯn],[nɛ.jɛ.gi.nɯn]
거죠 제가,128,[kʌ.tʃjo.tʃe.ka],[gʌ.dʒjo.dʒe.ga]
가 주세요,128,[ka.tʃu.se.jo],[ga.dʒu.se.jo]
짓을 했다고,128,[tʃit̚.ɯl.hɛt̚.ta.ko],[dʒit̚.ɯl.hɛt̚.ta.go]
이러면 안 돼요,128,[i.ɾʌ.mjʌn.an.twɛ.jo],[i.ɾʌ.mjʌn.an.dwɛ.jo]
살해 혐의로,128,[sal.hɛ.hjʌm.ɯi.ɾo],[sal.hɛ.hjʌm.ɯi.ɾo]
있는 걸까요,128,[it̚.nɯŋ.kʌl.k͈a.jo],[it̚.nɯn.gʌl.k͈a.jo]
도와 줄,128,[to.wa.tʃul],[do.wa.dʒul]
뭐에 대해서,128,[mwʌ.e.tɛ.hɛ.sʌ],[mwʌ.e.dɛ.hɛ.sʌ]
한 다음,128,[han.ta.ɯm],[han.da.ɯm]
인제 그만,128,[in.tʃe.kɯ.man],[in.tʃe.gɯ.man]
믿고 있어,128,[mit̚.ko.it̚.ʌ],[mit̚.ko.it̚.ʌ]
내가 여기에,128,[nɛ.ka.jʌ.ki.e],[nɛ.ga.jʌ.gi.e]
말이야 뭐,128,[mal.i.ja.mwʌ],[mal.i.ja.mwʌ]
좋은 지적이야,128,[tʃot̚.ɯn.tʃi.tʃʌk̚.i.ja],[dʒot̚.ɯn.dʒi.dʒʌk̚.i.ja]
빨리 보고,128,[p͈al.ɾi.po.ko],[p͈al.ɾi.bo.go]
차 한 잔,128,[tʃʰa.han.tʃan],[tʃʰa.han.dʒan]
사는 데,128,[sa.nɯn.te],[sa.nɯn.de]
잠시 얘기,128,[tʃam.si.jɛ.ki],[dʒam.si.jɛ.gi]
고마워요 난,128,[ko.ma.wʌ.jo.nan],[go.ma.wʌ.jo.nan]
그 지역을,128,[kɯ.tʃi.jʌk̚.ɯl],[gɯ.dʒi.jʌk̚.ɯl]
사람들이 이,128,[sa.ɾan.tɯl.i.i],[sa.ɾan.tɯl.i.i]
그렇지 뭐,128,[kɯ.ɾʌt̚.tʃi.mwʌ],[gɯ.ɾʌt̚.tʃi.mwʌ]
강도 사건,128,[kaŋ.to.sa.kʌn],[gaŋ.do.sa.gʌn]
방법이 없잖아,128,[pam.pʌp̚.i.ʌp̚.tʃan.a],[baŋ.bʌp̚.i.ʌp̚.tʃan.a]
걸 알죠,128,[kʌl.al.tʃjo],[gʌl.al.tʃjo]
내가 없으면,128,[nɛ.ka.ʌp̚.ɯ.mjʌn],[nɛ.ga.ʌp̚.ɯ.mjʌn]
밥 리,128,[pap̚.ɾi],[bap̚.ɾi]
뿐이야 내가,128,[p͈un.i.ja.nɛ.ka],[p͈un.i.ja.nɛ.ga]
없습니다 그럼,128,[ʌp̚.sɯp̚.ni.ta.kɯ.ɾʌm],[ʌp̚.sɯp̚.ni.da.gɯ.ɾʌm]
절대 말하지,128,[tʃʌl.tɛ.mal.ha.tʃi],[dʒʌl.tɛ.mal.ha.dʒi]
내가 일하는,128,[nɛ.ka.il.ha.nɯn],[nɛ.ga.il.ha.nɯn]
그 점에,128,[kɯ.tʃʌm.e],[gɯ.dʒʌm.e]
그런 것 같습니다,128,[kɯ.ɾʌŋ.kʌt̚.kat̚.sɯp̚.ni.ta],[gɯ.ɾʌn.gʌt̚.gat̚.sɯp̚.ni.da]
다 필요,128,[ta.pʰil.jo],[da.pʰil.jo]
네가 상관할,128,[ne.ka.saŋ.kwan.hal],[ne.ga.saŋ.gwan.hal]
하기엔 너무,128,[ha.ki.en.nʌ.mu],[ha.gi.en.nʌ.mu]
당신은 아직,128,[taŋ.sin.ɯn.a.tʃik̚],[daŋ.sin.ɯn.a.dʒik̚]
왜 울어,128,[wɛ.ul.ʌ],[wɛ.ul.ʌ]
있었 니,128,[it̚.ʌt̚.ni],[it̚.ʌt̚.ni]
봐 그런,128,[pwa.kɯ.ɾʌn],[bwa.gɯ.ɾʌn]
돼 여기,128,[twɛ.jʌ.ki],[dwɛ.jʌ.gi]
나는 그와,128,[na.nɯŋ.kɯ.wa],[na.nɯn.gɯ.wa]
해 그러니까,128,[hɛ.kɯ.ɾʌ.ni.k͈a],[hɛ.gɯ.ɾʌ.ni.k͈a]
찾고 있는데요,128,[tʃʰat̚.ko.it̚.nɯn.te.jo],[tʃʰat̚.ko.it̚.nɯn.te.jo]
싸우는 거야,128,[s͈a.u.nɯŋ.kʌ.ja],[s͈a.u.nɯn.gʌ.ja]
그건 미친,128,[kɯ.kʌn.mi.tʃʰin],[gɯ.gʌn.mi.tʃʰin]
있는 것 같군,128,[it̚.nɯŋ.kʌt̚.kat̚.kun],[it̚.nɯn.gʌt̚.gat̚.kun]
하면 그,128,[ha.mjʌŋ.kɯ],[ha.mjʌn.gɯ]
뭘 하는 거죠,128,[mwʌl.ha.nɯŋ.kʌ.tʃjo],[mwʌl.ha.nɯn.gʌ.dʒjo]
when the,128,,
사람도 있어,128,[sa.ɾan.to.it̚.ʌ],[sa.ɾan.to.it̚.ʌ]
가치가 있다,128,[ka.tʃʰi.ka.it̚.ta],[ga.tʃʰi.ga.it̚.ta]
감수할 수,128,[kam.su.hal.su],[gam.su.hal.su]
아는 거 있어,128,[a.nɯŋ.kʌ.it̚.ʌ],[a.nɯn.gʌ.it̚.ʌ]
거라 생각했어,128,[kʌ.ɾa.sɛŋ.kak̚.hɛt̚.ʌ],[gʌ.ɾa.sɛŋ.gak̚.hɛt̚.ʌ]
그 옛날의,128,[kɯ.jet̚.nal.ɯi],[gɯ.jet̚.nal.ɯi]
무슨 말이라도,128,[mu.sɯn.mal.i.ɾa.to],[mu.sɯn.mal.i.ɾa.do]
운전할 수,128,[un.tʃʌn.hal.su],[un.tʃʌn.hal.su]
내 피를,128,[nɛ.pʰi.ɾɯl],[nɛ.pʰi.ɾɯl]
거 아닌데,128,[kʌ.a.nin.te],[gʌ.a.nin.te]
지금 가요,128,[tʃi.kɯm.ka.jo],[dʒi.gɯm.ga.jo]
증거를 가지고,128,[tʃɯŋ.kʌ.ɾɯl.ka.tʃi.ko],[dʒɯŋ.gʌ.ɾɯl.ga.dʒi.go]
우리 둘의,128,[u.ɾi.tul.ɯi],[u.ɾi.dul.ɯi]
다시 말해 봐,128,[ta.si.mal.hɛ.pwa],[da.si.mal.hɛ.bwa]
수 있는 일을,128,[su.it̚.nɯn.il.ɯl],[su.it̚.nɯn.il.ɯl]
저는 제가,128,[tʃʌ.nɯn.tʃe.ka],[dʒʌ.nɯn.dʒe.ga]
좋은 곳으로,127,[tʃot̚.ɯŋ.kot̚.ɯ.ɾo],[dʒot̚.ɯn.got̚.ɯ.ɾo]
다시 가서,127,[ta.si.ka.sʌ],[da.si.ga.sʌ]
설명 할,127,[sʌl.mjʌŋ.hal],[sʌl.mjʌŋ.hal]
별일 아니에요,127,[pjʌl.il.a.ni.e.jo],[bjʌl.il.a.ni.e.jo]
널 죽이려,127,[nʌl.tʃuk̚.i.ɾjʌ],[nʌl.dʒuk̚.i.ɾjʌ]
모르겠어 그냥,127,[mo.ɾɯ.ket̚.ʌ.kɯ.njaŋ],[mo.ɾɯ.get̚.ʌ.gɯ.njaŋ]
이걸 봐요,127,[i.kʌl.pwa.jo],[i.gʌl.bwa.jo]
건 별로,127,[kʌm.pjʌl.ɾo],[gʌn.bjʌl.ɾo]
말을 안 해,127,[mal.ɯl.an.hɛ],[mal.ɯl.an.hɛ]
여기 있는 동안,127,[jʌ.ki.it̚.nɯn.toŋ.an],[jʌ.gi.it̚.nɯn.doŋ.an]
난 이해가 안돼,127,[nan.i.hɛ.ka.an.twɛ],[nan.i.hɛ.ga.an.twɛ]
거지 이,127,[kʌ.tʃi.i],[gʌ.dʒi.i]
그냥 있어,127,[kɯ.njaŋ.it̚.ʌ],[gɯ.njaŋ.it̚.ʌ]
집으로 돌아가,127,[tʃip̚.ɯ.ɾo.tol.a.ka],[dʒip̚.ɯ.ɾo.dol.a.ga]
우리는 당신을,127,[u.ɾi.nɯn.taŋ.sin.ɯl],[u.ɾi.nɯn.daŋ.sin.ɯl]
때 그녀는,127,[t͈ɛ.kɯ.njʌ.nɯn],[t͈ɛ.gɯ.njʌ.nɯn]
걸 봤죠,127,[kʌl.pwat̚.tʃjo],[gʌl.bwat̚.tʃjo]
바꿀 수 있는,127,[pa.k͈ul.su.it̚.nɯn],[ba.k͈ul.su.it̚.nɯn]
적 없잖아요,127,[tʃʌk̚.ʌp̚.tʃan.a.jo],[dʒʌk̚.ʌp̚.tʃan.a.jo]
일로 오셨죠,127,[il.ɾo.o.sjʌt̚.tʃjo],[il.ɾo.o.sjʌt̚.tʃjo]
더 이상 안,127,[tʌ.i.saŋ.an],[dʌ.i.saŋ.an]
거 알았어,127,[kʌ.al.at̚.ʌ],[gʌ.al.at̚.ʌ]
볼 수 있다면,127,[pol.su.it̚.ta.mjʌn],[bol.su.it̚.ta.mjʌn]
얘기한 거,127,[jɛ.ki.haŋ.kʌ],[jɛ.gi.han.gʌ]
한 방울,127,[ham.paŋ.ul],[han.baŋ.ul]
a very,127,,
이게 대체 뭐야,127,[i.ke.tɛ.tʃʰe.mwʌ.ja],[i.ge.dɛ.tʃʰe.mwʌ.ja]
좀 있어서요,127,[tʃom.it̚.ʌ.sʌ.jo],[dʒom.it̚.ʌ.sʌ.jo]
더 가야,127,[tʌ.ka.ja],[dʌ.ga.ja]
그 총을,127,[kɯ.tʃʰoŋ.ɯl],[gɯ.tʃʰoŋ.ɯl]
그와 그의,127,[kɯ.wa.kɯ.ɯi],[gɯ.wa.gɯ.ɯi]
상상해 봐,127,[saŋ.saŋ.hɛ.pwa],[saŋ.saŋ.hɛ.bwa]
경찰 부를,127,[kjʌŋ.tʃʰal.pu.ɾɯl],[gjʌŋ.tʃʰal.bu.ɾɯl]
거야 제,127,[kʌ.ja.tʃe],[gʌ.ja.dʒe]
연락 좀,127,[jʌl.lak̚.tʃom],[jʌl.lak̚.dʒom]
여기 자주,127,[jʌ.ki.tʃa.tʃu],[jʌ.gi.dʒa.dʒu]
뭐 더,127,[mwʌ.tʌ],[mwʌ.dʌ]
말할 수 없는,127,[mal.hal.su.ʌp̚.nɯn],[mal.hal.su.ʌp̚.nɯn]
우릴 보는,127,[u.ɾil.po.nɯn],[u.ɾil.bo.nɯn]
것을 알고 있었다,127,[kʌt̚.ɯl.al.ko.it̚.ʌt̚.ta],[gʌt̚.ɯl.al.ko.it̚.ʌt̚.ta]
더 나빠,127,[tʌ.na.p͈a],[dʌ.na.p͈a]
이런 일로,127,[i.ɾʌn.il.ɾo],[i.ɾʌn.il.ɾo]
이 길로,127,[i.kil.ɾo],[i.gil.ɾo]
뭔가 찾았어,127,[mwʌŋ.ka.tʃʰat̚.at̚.ʌ],[mwʌŋ.ka.tʃʰat̚.at̚.ʌ]
어떤 느낌인지,127,[ʌ.t͈ʌn.nɯ.k͈im.in.tʃi],[ʌ.t͈ʌn.nɯ.k͈im.in.tʃi]
설명할 수 없는,127,[sʌl.mjʌŋ.hal.su.ʌp̚.nɯn],[sʌl.mjʌŋ.hal.su.ʌp̚.nɯn]
없는 사람이,127,[ʌp̚.nɯn.sa.ɾam.i],[ʌp̚.nɯn.sa.ɾam.i]
있잖아 우리,127,[it̚.tʃan.a.u.ɾi],[it̚.tʃan.a.u.ɾi]
쓸 수도,127,[s͈ɯl.su.to],[s͈ɯl.su.do]
좀 괜찮아,127,[tʃom.kwɛn.tʃʰan.a],[dʒom.gwɛn.tʃʰan.a]
제대로 하는,127,[tʃe.tɛ.ɾo.ha.nɯn],[dʒe.dɛ.ɾo.ha.nɯn]
there is,127,,
그렇게 된다면,127,[kɯ.ɾʌt̚.ke.twen.ta.mjʌn],[gɯ.ɾʌt̚.ke.dwen.ta.mjʌn]
걱정하는 게,127,[kʌk̚.tʃʌŋ.ha.nɯŋ.ke],[gʌk̚.tʃʌŋ.ha.nɯn.ge]
나중에 얘기해요,127,[na.tʃuŋ.e.jɛ.ki.hɛ.jo],[na.dʒuŋ.e.jɛ.gi.hɛ.jo]
당신도 알고,127,[taŋ.sin.to.al.ko],[daŋ.sin.to.al.ko]
대해 얘기해,127,[tɛ.hɛ.jɛ.ki.hɛ],[dɛ.hɛ.jɛ.gi.hɛ]
죽이는 거,127,[tʃuk̚.i.nɯŋ.kʌ],[dʒuk̚.i.nɯn.gʌ]
우리는 오늘,127,[u.ɾi.nɯn.o.nɯl],[u.ɾi.nɯn.o.nɯl]
무슨 이유로,127,[mu.sɯn.i.ju.ɾo],[mu.sɯn.i.ju.ɾo]
사람이 있는,127,[sa.ɾam.i.it̚.nɯn],[sa.ɾam.i.it̚.nɯn]
집에 두고,127,[tʃip̚.e.tu.ko],[dʒip̚.e.du.go]
좀 꺼,127,[tʃom.k͈ʌ],[dʒom.k͈ʌ]
삶을 사는,127,[sam.ɯl.sa.nɯn],[sam.ɯl.sa.nɯn]
뭐가 달라,127,[mwʌ.ka.tal.ɾa],[mwʌ.ga.dal.ɾa]
생각하지 않습니다,127,[sɛŋ.kak̚.ha.tʃi.an.sɯp̚.ni.ta],[sɛŋ.gak̚.ha.dʒi.an.sɯp̚.ni.da]
신경 쓰지 마요,127,[siŋ.kjʌŋ.s͈ɯ.tʃi.ma.jo],[siŋ.kjʌŋ.s͈ɯ.dʒi.ma.jo]
드는 게,127,[tɯ.nɯŋ.ke],[dɯ.nɯn.ge]
쓰면 돼,127,[s͈ɯ.mjʌn.twɛ],[s͈ɯ.mjʌn.dwɛ]
술 마시러,127,[sul.ma.si.ɾʌ],[sul.ma.si.ɾʌ]
아니라 네가,127,[a.ni.ɾa.ne.ka],[a.ni.ɾa.ne.ga]
그게 누구죠,127,[kɯ.ke.nu.ku.tʃjo],[gɯ.ge.nu.gu.dʒjo]
전혀 없습니다,127,[tʃʌn.hjʌ.ʌp̚.sɯp̚.ni.ta],[dʒʌn.hjʌ.ʌp̚.sɯp̚.ni.da]
Origin by Michael,127,,
이런 거죠,127,[i.ɾʌŋ.kʌ.tʃjo],[i.ɾʌn.gʌ.dʒjo]
두 대,127,[tu.tɛ],[du.dɛ]
come to,127,,
찾고 있지,127,[tʃʰat̚.ko.it̚.tʃi],[tʃʰat̚.ko.it̚.tʃi]
그릴 수,127,[kɯ.ɾil.su],[gɯ.ɾil.su]
to him,127,,
있습니다 제,127,[it̚.sɯp̚.ni.ta.tʃe],[it̚.sɯp̚.ni.da.dʒe]
그 사진,127,[kɯ.sa.tʃin],[gɯ.sa.dʒin]
있어요 그런데,127,[it̚.ʌ.jo.kɯ.ɾʌn.te],[it̚.ʌ.jo.gɯ.ɾʌn.te]
할지도 몰라요,127,[hal.tʃi.to.mol.ɾa.jo],[hal.tʃi.do.mol.ɾa.jo]
돈을 벌 수,127,[ton.ɯl.pʌl.su],[don.ɯl.bʌl.su]
그렇지 않다고,127,[kɯ.ɾʌt̚.tʃi.an.ta.ko],[gɯ.ɾʌt̚.tʃi.an.ta.go]
여기 진짜,127,[jʌ.ki.tʃin.tʃ͈a],[jʌ.gi.dʒin.tʃ͈a]
거야 아니야,127,[kʌ.ja.a.ni.ja],[gʌ.ja.a.ni.ja]
타는 거,127,[tʰa.nɯŋ.kʌ],[tʰa.nɯn.gʌ]
거 알면서,127,[kʌ.al.mjʌn.sʌ],[gʌ.al.mjʌn.sʌ]
거 해,127,[kʌ.hɛ],[gʌ.hɛ]
그건 걱정,127,[kɯ.kʌŋ.kʌk̚.tʃʌŋ],[gɯ.gʌn.gʌk̚.tʃʌŋ]
긴장 좀,127,[kin.tʃaŋ.tʃom],[gin.tʃaŋ.dʒom]
you going,127,,
이 놈,127,[i.nom],[i.nom]
I''m sure,127,,
무기를 버려,127,[mu.ki.ɾɯl.pʌ.ɾjʌ],[mu.gi.ɾɯl.bʌ.ɾjʌ]
오지 않았다,127,[o.tʃi.an.at̚.ta],[o.dʒi.an.at̚.ta]
더 있는,127,[tʌ.it̚.nɯn],[dʌ.it̚.nɯn]
수 있다'',127,[su.it̚.ta],[su.it̚.ta]
한번 해보자,127,[ham.pʌn.hɛ.po.tʃa],[ham.pʌn.hɛ.bo.dʒa]
그럼 좋은,127,[kɯ.ɾʌn.tʃot̚.ɯn],[gɯ.ɾʌm.dʒot̚.ɯn]
이름을 가진,127,[i.ɾɯm.ɯl.ka.tʃin],[i.ɾɯm.ɯl.ga.dʒin]
그리고 많은,127,[kɯ.ɾi.ko.man.ɯn],[gɯ.ɾi.go.man.ɯn]
좀 더 빨리,127,[tʃon.tʌ.p͈al.ɾi],[dʒom.dʌ.p͈al.ɾi]
두 사람에게,127,[tu.sa.ɾam.e.ke],[du.sa.ɾam.e.ge]
잡고 있는,127,[tʃap̚.ko.it̚.nɯn],[dʒap̚.ko.it̚.nɯn]
제공할 수,127,[tʃe.koŋ.hal.su],[dʒe.goŋ.hal.su]
도움이 될 만한,127,[to.um.i.twel.man.han],[do.um.i.dwel.man.han]
여지 없이,127,[jʌ.tʃi.ʌp̚.i],[jʌ.dʒi.ʌp̚.i]
이상하지 않아요,127,[i.saŋ.ha.tʃi.an.a.jo],[i.saŋ.ha.dʒi.an.a.jo]
그들은 이,127,[kɯ.tɯl.ɯn.i],[gɯ.dɯl.ɯn.i]
할 줄 알아요,127,[hal.tʃul.al.a.jo],[hal.dʒul.al.a.jo]
볼 테니까,127,[pol.tʰe.ni.k͈a],[bol.tʰe.ni.k͈a]
그게 뭘,127,[kɯ.ke.mwʌl],[gɯ.ge.mwʌl]
생일 축하,127,[sɛŋ.il.tʃʰuk̚.ha],[sɛŋ.il.tʃʰuk̚.ha]
너는 이,127,[nʌ.nɯn.i],[nʌ.nɯn.i]
옷 벗어,127,[ot̚.pʌt̚.ʌ],[ot̚.bʌt̚.ʌ]
살아야 할,127,[sal.a.ja.hal],[sal.a.ja.hal]
우리 할머니,127,[u.ɾi.hal.mʌ.ni],[u.ɾi.hal.mʌ.ni]
늘 내,127,[nɯl.lɛ],[nɯl.lɛ]
아니야 날,127,[a.ni.ja.nal],[a.ni.ja.nal]
거라고 했죠,127,[kʌ.ɾa.ko.hɛt̚.tʃjo],[gʌ.ɾa.go.hɛt̚.tʃjo]
찾고 있다고,127,[tʃʰat̚.ko.it̚.ta.ko],[tʃʰat̚.ko.it̚.ta.go]
I wish,127,,
부른 건,127,[pu.ɾɯŋ.kʌn],[bu.ɾɯn.gʌn]
가지 일을,127,[ka.tʃi.il.ɯl],[ga.dʒi.il.ɯl]
우리의 첫,127,[u.ɾi.ɯi.tʃʰʌt̚],[u.ɾi.ɯi.tʃʰʌt̚]
거의 없어,127,[kʌ.ɯi.ʌp̚.ʌ],[gʌ.ɯi.ʌp̚.ʌ]
저 문으로,127,[tʃʌ.mun.ɯ.ɾo],[dʒʌ.mun.ɯ.ɾo]
싸우는 건,127,[s͈a.u.nɯŋ.kʌn],[s͈a.u.nɯn.gʌn]
안녕하세요 저는,127,[an.njʌŋ.ha.se.jo.tʃʌ.nɯn],[an.njʌŋ.ha.se.jo.dʒʌ.nɯn]
너무 열심히,127,[nʌ.mu.jʌl.sim.hi],[nʌ.mu.jʌl.sim.hi]
친구들과 함께,127,[tʃʰiŋ.ku.tɯl.kwa.ham.k͈e],[tʃʰiŋ.ku.dɯl.kwa.ham.k͈e]
안 잤어,127,[an.tʃat̚.ʌ],[an.dʒat̚.ʌ]
사람 있나요,127,[sa.ɾam.it̚.na.jo],[sa.ɾam.it̚.na.jo]
내 이름으로,127,[nɛ.i.ɾɯm.ɯ.ɾo],[nɛ.i.ɾɯm.ɯ.ɾo]
볼 수 없다,127,[pol.su.ʌp̚.ta],[bol.su.ʌp̚.ta]
내 집으로,127,[nɛ.tʃip̚.ɯ.ɾo],[nɛ.dʒip̚.ɯ.ɾo]
좀 내,127,[tʃom.nɛ],[dʒom.nɛ]
네가 우리를,127,[ne.ka.u.ɾi.ɾɯl],[ne.ga.u.ɾi.ɾɯl]
당신은 여기서,127,[taŋ.sin.ɯn.jʌ.ki.sʌ],[daŋ.sin.ɯn.jʌ.gi.sʌ]
좋아요 고마워요,127,[tʃot̚.a.jo.ko.ma.wʌ.jo],[dʒot̚.a.jo.go.ma.wʌ.jo]
너무 아파요,127,[nʌ.mu.a.pʰa.jo],[nʌ.mu.a.pʰa.jo]
볼 거,127,[pol.kʌ],[bol.gʌ]
저 자식이,127,[tʃʌ.tʃa.sik̚.i],[dʒʌ.dʒa.sik̚.i]
되면 안,127,[twe.mjʌn.an],[dwe.mjʌn.an]
못 받은,127,[mot̚.pat̚.ɯn],[mot̚.bat̚.ɯn]
아니라 진짜,127,[a.ni.ɾa.tʃin.tʃ͈a],[a.ni.ɾa.dʒin.tʃ͈a]
것 같습니까,127,[kʌt̚.kat̚.sɯp̚.ni.k͈a],[gʌt̚.gat̚.sɯp̚.ni.k͈a]
이 아이,127,[i.a.i],[i.a.i]
시간 맞춰,127,[si.kan.mat̚.tʃʰwʌ],[si.gan.mat̚.tʃʰwʌ]
달라질 건,127,[tal.ɾa.tʃil.kʌn],[dal.ɾa.dʒil.gʌn]
얘기해 볼게요,127,[jɛ.ki.hɛ.pol.ke.jo],[jɛ.gi.hɛ.bol.ke.jo]
우리 새,127,[u.ɾi.sɛ],[u.ɾi.sɛ]
생각을 할,127,[sɛŋ.kak̚.ɯl.hal],[sɛŋ.gak̚.ɯl.hal]
지내고 있어요,127,[tʃi.nɛ.ko.it̚.ʌ.jo],[dʒi.nɛ.go.it̚.ʌ.jo]
건 아니라고,127,[kʌn.a.ni.ɾa.ko],[gʌn.a.ni.ɾa.go]
누가 뭘,127,[nu.ka.mwʌl],[nu.ga.mwʌl]
저 인간,127,[tʃʌ.iŋ.kan],[dʒʌ.iŋ.kan]
이 영화를,127,[i.jʌŋ.hwa.ɾɯl],[i.jʌŋ.hwa.ɾɯl]
여기서 기다려요,127,[jʌ.ki.sʌ.ki.ta.ɾjʌ.jo],[jʌ.gi.sʌ.gi.da.ɾjʌ.jo]
무슨 말이든,127,[mu.sɯn.mal.i.tɯn],[mu.sɯn.mal.i.dɯn]
하지 하지만,127,[ha.tʃi.ha.tʃi.man],[ha.dʒi.ha.dʒi.man]
몇 명의,127,[mjʌt̚.mjʌŋ.ɯi],[mjʌt̚.mjʌŋ.ɯi]
안 걸려요,126,[aŋ.kʌl.ɾjʌ.jo],[an.gʌl.ɾjʌ.jo]
제발 가지,126,[tʃe.pal.ka.tʃi],[dʒe.bal.ga.dʒi]
Why are you,126,,
분명 뭔가,126,[pun.mjʌŋ.mwʌŋ.ka],[bun.mjʌŋ.mwʌŋ.ka]
what are you,126,,
누군가 날,126,[nu.kuŋ.ka.nal],[nu.guŋ.ka.nal]
안 한다는,126,[an.han.ta.nɯn],[an.han.ta.nɯn]
자격이 있는,126,[tʃa.kjʌk̚.i.it̚.nɯn],[dʒa.gjʌk̚.i.it̚.nɯn]
있어서 다행이야,126,[it̚.ʌ.sʌ.ta.hɛŋ.i.ja],[it̚.ʌ.sʌ.da.hɛŋ.i.ja]
날 좋아하는,126,[nal.tʃot̚.a.ha.nɯn],[nal.dʒot̚.a.ha.nɯn]
계속 걸어,126,[kje.sok̚.kʌl.ʌ],[gje.sok̚.gʌl.ʌ]
두 번째 기회를,126,[tu.pʌn.tʃ͈ɛ.ki.hwe.ɾɯl],[du.bʌn.tʃ͈ɛ.gi.hwe.ɾɯl]
그 사건은,126,[kɯ.sa.kʌn.ɯn],[gɯ.sa.gʌn.ɯn]
없인 못,126,[ʌp̚.in.mot̚],[ʌp̚.in.mot̚]
우리가 찾을,126,[u.ɾi.ka.tʃʰat̚.ɯl],[u.ɾi.ga.tʃʰat̚.ɯl]
한숨을 쉰다,126,[han.sum.ɯl.swin.ta],[han.sum.ɯl.swin.ta]
내 꿈을,126,[nɛ.k͈um.ɯl],[nɛ.k͈um.ɯl]
혼자 있고 싶어,126,[hon.tʃa.it̚.ko.sip̚.ʌ],[hon.tʃa.it̚.ko.sip̚.ʌ]
연락이 왔는데,126,[jʌl.lak̚.i.wat̚.nɯn.te],[jʌl.lak̚.i.wat̚.nɯn.te]
돼 다른,126,[twɛ.ta.ɾɯn],[dwɛ.da.ɾɯn]
시간을 보냈다,126,[si.kan.ɯl.po.nɛt̚.ta],[si.gan.ɯl.bo.nɛt̚.ta]
그와 같은,126,[kɯ.wa.kat̚.ɯn],[gɯ.wa.gat̚.ɯn]
지난 몇 년간,126,[tʃi.nan.mjʌt̚.njʌŋ.kan],[dʒi.nan.mjʌt̚.njʌŋ.kan]
a couple,126,,
있어 c,126,[it̚.ʌ],[it̚.ʌ]
네 인생,126,[ne.in.sɛŋ],[ne.in.sɛŋ]
한 명에게,126,[han.mjʌŋ.e.ke],[han.mjʌŋ.e.ge]
진짜 미안해,126,[tʃin.tʃ͈a.mi.an.hɛ],[dʒin.tʃ͈a.mi.an.hɛ]
이게 누구신가,126,[i.ke.nu.ku.siŋ.ka],[i.ge.nu.gu.siŋ.ka]
당신 앞에,126,[taŋ.sin.ap̚.e],[daŋ.sin.ap̚.e]
do you mean,126,,
수 많은,126,[su.man.ɯn],[su.man.ɯn]
걱정 마십시오,126,[kʌk̚.tʃʌŋ.ma.sip̚.si.o],[gʌk̚.tʃʌŋ.ma.sip̚.si.o]
했는데 안,126,[hɛt̚.nɯn.te.an],[hɛt̚.nɯn.te.an]
해 자,126,[hɛ.tʃa],[hɛ.dʒa]
그래도 우린,126,[kɯ.ɾɛ.to.u.ɾin],[gɯ.ɾɛ.do.u.ɾin]
back into,126,,
希望のはな 繋いだ絆を 희망의,126,[hɯi.maŋ.ɯi],[hɯi.maŋ.ɯi]
누굴 위해,126,[nu.kul.wi.hɛ],[nu.gul.wi.hɛ]
이제 어떻게 되는,126,[i.tʃe.ʌ.t͈ʌt̚.ke.twe.nɯn],[i.dʒe.ʌ.t͈ʌt̚.ke.dwe.nɯn]
머리 뒤로,126,[mʌ.ɾi.twi.ɾo],[mʌ.ɾi.dwi.ɾo]
얼마나 많은 사람들이,126,[ʌl.ma.na.man.ɯn.sa.ɾan.tɯl.i],[ʌl.ma.na.man.ɯn.sa.ɾan.tɯl.i]
이걸 갖고,126,[i.kʌl.kat̚.ko],[i.gʌl.gat̚.ko]
이 마을,126,[i.ma.ɯl],[i.ma.ɯl]
얻을 것이다,126,[ʌt̚.ɯl.kʌt̚.i.ta],[ʌt̚.ɯl.gʌt̚.i.da]
we got,126,,
my god,126,,
그런 말씀,126,[kɯ.ɾʌn.mal.s͈ɯm],[gɯ.ɾʌn.mal.s͈ɯm]
달라고 했어,126,[tal.ɾa.ko.hɛt̚.ʌ],[dal.ɾa.go.hɛt̚.ʌ]
탁탁 두드린다,126,[tʰak̚.tʰak̚.tu.tɯ.ɾin.ta],[tʰak̚.tʰak̚.du.dɯ.ɾin.ta]
다시 시작하는,126,[ta.si.si.tʃak̚.ha.nɯn],[da.si.si.dʒak̚.ha.nɯn]
繋いだ絆を 희망의 꽃,126,[hɯi.maŋ.ɯi.k͈ot̚],[hɯi.maŋ.ɯi.k͈ot̚]
되는 건가요,126,[twe.nɯŋ.kʌŋ.ka.jo],[dwe.nɯn.gʌŋ.ka.jo]
별거 아닌,126,[pjʌl.kʌ.a.nin],[bjʌl.kʌ.a.nin]
보내야 해,126,[po.nɛ.ja.hɛ],[bo.nɛ.ja.hɛ]
누가 안,126,[nu.ka.an],[nu.ga.an]
누가 그런 짓을,126,[nu.ka.kɯ.ɾʌn.tʃit̚.ɯl],[nu.ga.gɯ.ɾʌn.dʒit̚.ɯl]
아빠 말,126,[a.p͈a.mal],[a.p͈a.mal]
같은 건 안,126,[kat̚.ɯŋ.kʌn.an],[gat̚.ɯn.gʌn.an]
날 이,126,[nal.i],[nal.i]
막을 수가,126,[mak̚.ɯl.su.ka],[mak̚.ɯl.su.ga]
우리는 어떤,126,[u.ɾi.nɯn.ʌ.t͈ʌn],[u.ɾi.nɯn.ʌ.t͈ʌn]
지금 해,126,[tʃi.kɯm.hɛ],[dʒi.gɯm.hɛ]
싶지 않은데,126,[sip̚.tʃi.an.ɯn.te],[sip̚.tʃi.an.ɯn.te]
방해 안,126,[paŋ.hɛ.an],[baŋ.hɛ.an]
수는 없을,126,[su.nɯn.ʌp̚.ɯl],[su.nɯn.ʌp̚.ɯl]
걸 환영하네,126,[kʌl.hwan.jʌŋ.ha.ne],[gʌl.hwan.jʌŋ.ha.ne]
그들이 한,126,[kɯ.tɯl.i.han],[gɯ.dɯl.i.han]
고맙다는 말을,126,[ko.map̚.ta.nɯn.mal.ɯl],[go.map̚.ta.nɯn.mal.ɯl]
무슨 소릴 하는 거야,126,[mu.sɯn.so.ɾil.ha.nɯŋ.kʌ.ja],[mu.sɯn.so.ɾil.ha.nɯn.gʌ.ja]
이해가 잘,126,[i.hɛ.ka.tʃal],[i.hɛ.ga.dʒal]
여기 살아요,126,[jʌ.ki.sal.a.jo],[jʌ.gi.sal.a.jo]
우리는 그들이,126,[u.ɾi.nɯŋ.kɯ.tɯl.i],[u.ɾi.nɯn.gɯ.dɯl.i]
믿을 수 없을 정도로,126,[mit̚.ɯl.su.ʌp̚.ɯl.tʃʌŋ.to.ɾo],[mit̚.ɯl.su.ʌp̚.ɯl.dʒʌŋ.do.ɾo]
당장 안,126,[taŋ.tʃaŋ.an],[daŋ.dʒaŋ.an]
들어 본 적,126,[tɯl.ʌ.pon.tʃʌk̚],[dɯl.ʌ.bon.dʒʌk̚]
이게 뭔가,126,[i.ke.mwʌŋ.ka],[i.ge.mwʌŋ.ka]
그 둘을,126,[kɯ.tul.ɯl],[gɯ.dul.ɯl]
하고 있었던,126,[ha.ko.it̚.ʌt̚.tʌn],[ha.go.it̚.ʌt̚.tʌn]
게 낫죠,126,[ke.nat̚.tʃjo],[ge.nat̚.tʃjo]
것 같대,126,[kʌt̚.kat̚.tɛ],[gʌt̚.gat̚.tɛ]
우리 일이,126,[u.ɾi.il.i],[u.ɾi.il.i]
널 데리러,126,[nʌl.te.ɾi.ɾʌ],[nʌl.de.ɾi.ɾʌ]
대해 말할,126,[tɛ.hɛ.mal.hal],[dɛ.hɛ.mal.hal]
준비가 안 됐어요,126,[tʃum.pi.ka.an.twɛt̚.ʌ.jo],[dʒum.pi.ga.an.dwɛt̚.ʌ.jo]
여기 말고,126,[jʌ.ki.mal.ko],[jʌ.gi.mal.ko]
둘이 서로,126,[tul.i.sʌ.ɾo],[dul.i.sʌ.ɾo]
네 새,126,[ne.sɛ],[ne.sɛ]
안 하는 거야,126,[an.ha.nɯŋ.kʌ.ja],[an.ha.nɯn.gʌ.ja]
만 달러요,126,[man.tal.ɾʌ.jo],[man.dal.ɾʌ.jo]
때문에 그렇게,126,[t͈ɛ.mun.e.kɯ.ɾʌt̚.ke],[t͈ɛ.mun.e.gɯ.ɾʌt̚.ke]
타고 갈,126,[tʰa.ko.kal],[tʰa.go.gal]
적이 없었어,126,[tʃʌk̚.i.ʌp̚.ʌt̚.ʌ],[dʒʌk̚.i.ʌp̚.ʌt̚.ʌ]
알아 날,126,[al.a.nal],[al.a.nal]
당신 얘기를,126,[taŋ.sin.jɛ.ki.ɾɯl],[daŋ.sin.jɛ.gi.ɾɯl]
사람 그리고,126,[sa.ɾam.kɯ.ɾi.ko],[sa.ɾam.gɯ.ɾi.go]
때문에 온 게,126,[t͈ɛ.mun.e.oŋ.ke],[t͈ɛ.mun.e.on.ge]
놀라게 할,126,[nol.ɾa.ke.hal],[nol.ɾa.ge.hal]
거 있나요,126,[kʌ.it̚.na.jo],[gʌ.it̚.na.jo]
들은 거야,126,[tɯl.ɯŋ.kʌ.ja],[dɯl.ɯn.gʌ.ja]
가방 좀,126,[ka.paŋ.tʃom],[ga.baŋ.dʒom]
진행 중입니다,126,[tʃin.hɛŋ.tʃuŋ.ip̚.ni.ta],[dʒin.hɛŋ.dʒuŋ.ip̚.ni.da]
말 들어 봐,126,[mal.tɯl.ʌ.pwa],[mal.dɯl.ʌ.bwa]
希望のはな 繋いだ絆を,126,,
내가 뭘 할 수,126,[nɛ.ka.mwʌl.hal.su],[nɛ.ga.mwʌl.hal.su]
it on,126,,
싶은 거죠,126,[sip̚.ɯŋ.kʌ.tʃjo],[sip̚.ɯn.gʌ.dʒjo]
우리가 했던,126,[u.ɾi.ka.hɛt̚.tʌn],[u.ɾi.ga.hɛt̚.tʌn]
같이 있지,126,[kat̚.i.it̚.tʃi],[gat̚.i.it̚.tʃi]
말이 있으면,126,[mal.i.it̚.ɯ.mjʌn],[mal.i.it̚.ɯ.mjʌn]
두 분께,126,[tu.puŋ.k͈e],[du.buŋ.k͈e]
시간을 많이,126,[si.kan.ɯl.man.i],[si.gan.ɯl.man.i]
with that,126,,
저 아이를,126,[tʃʌ.a.i.ɾɯl],[dʒʌ.a.i.ɾɯl]
싶은 사람은,126,[sip̚.ɯn.sa.ɾam.ɯn],[sip̚.ɯn.sa.ɾam.ɯn]
좀 그렇지만,126,[tʃom.kɯ.ɾʌt̚.tʃi.man],[dʒom.gɯ.ɾʌt̚.tʃi.man]
그 자체로,126,[kɯ.tʃa.tʃʰe.ɾo],[gɯ.dʒa.tʃʰe.ɾo]
정말 다행이에요,126,[tʃʌŋ.mal.ta.hɛŋ.i.e.jo],[dʒʌŋ.mal.da.hɛŋ.i.e.jo]
안 열려,126,[an.jʌl.ɾjʌ],[an.jʌl.ɾjʌ]
지금은 안돼,126,[tʃi.kɯm.ɯn.an.twɛ],[dʒi.gɯm.ɯn.an.twɛ]
운동 좀,126,[un.toŋ.tʃom],[un.toŋ.dʒom]
내 여동생,126,[nɛ.jʌ.toŋ.sɛŋ],[nɛ.jʌ.doŋ.sɛŋ]
소리 효과음,126,[so.ɾi.hjo.kwa.ɯm],[so.ɾi.hjo.gwa.ɯm]
드릴 수 있어요,126,[tɯ.ɾil.su.it̚.ʌ.jo],[dɯ.ɾil.su.it̚.ʌ.jo]
된 지,126,[twen.tʃi],[dwen.dʒi]
마 이건,126,[ma.i.kʌn],[ma.i.gʌn]
싶은 말을,126,[sip̚.ɯn.mal.ɯl],[sip̚.ɯn.mal.ɯl]
이 영상을,126,[i.jʌŋ.saŋ.ɯl],[i.jʌŋ.saŋ.ɯl]
있지 않았어,126,[it̚.tʃi.an.at̚.ʌ],[it̚.tʃi.an.at̚.ʌ]
해 이봐,126,[hɛ.i.pwa],[hɛ.i.bwa]
할 게 있어요,126,[hal.ke.it̚.ʌ.jo],[hal.ge.it̚.ʌ.jo]
그는 어디,126,[kɯ.nɯn.ʌ.ti],[gɯ.nɯn.ʌ.di]
당신을 잘,126,[taŋ.sin.ɯl.tʃal],[daŋ.sin.ɯl.dʒal]
내가 원래,126,[nɛ.ka.wʌl.lɛ],[nɛ.ga.wʌl.lɛ]
없을 테니,126,[ʌp̚.ɯl.tʰe.ni],[ʌp̚.ɯl.tʰe.ni]
더 구체적으로,126,[tʌ.ku.tʃʰe.tʃʌk̚.ɯ.ɾo],[dʌ.gu.tʃʰe.dʒʌk̚.ɯ.ɾo]
get you,126,,
나는 여기에,126,[na.nɯn.jʌ.ki.e],[na.nɯn.jʌ.gi.e]
이어진 인연을,126,[i.ʌ.tʃin.in.jʌn.ɯl],[i.ʌ.dʒin.in.jʌn.ɯl]
알았어요 하지만,126,[al.at̚.ʌ.jo.ha.tʃi.man],[al.at̚.ʌ.jo.ha.dʒi.man]
파괴할 수,126,[pʰa.kwe.hal.su],[pʰa.gwe.hal.su]
될 거야 그리고,126,[twel.kʌ.ja.kɯ.ɾi.ko],[dwel.gʌ.ja.gɯ.ɾi.go]
繋いだ絆を 희망의,126,[hɯi.maŋ.ɯi],[hɯi.maŋ.ɯi]
피할 수 없는,126,[pʰi.hal.su.ʌp̚.nɯn],[pʰi.hal.su.ʌp̚.nɯn]
of his,126,,
되면 그,126,[twe.mjʌŋ.kɯ],[dwe.mjʌn.gɯ]
아냐 이건,126,[a.nja.i.kʌn],[a.nja.i.gʌn]
살고 있지,126,[sal.ko.it̚.tʃi],[sal.ko.it̚.tʃi]
first time,126,,
그냥 나한테,126,[kɯ.njaŋ.na.han.tʰe],[gɯ.njaŋ.na.han.tʰe]
같은 사람들은,126,[kat̚.ɯn.sa.ɾan.tɯl.ɯn],[gat̚.ɯn.sa.ɾan.tɯl.ɯn]
돼 저,126,[twɛ.tʃʌ],[dwɛ.dʒʌ]
일 수,126,[il.su],[il.su]
여는 소리,126,[jʌ.nɯn.so.ɾi],[jʌ.nɯn.so.ɾi]
있지만 난,126,[it̚.tʃi.man.nan],[it̚.tʃi.man.nan]
여기 온 지,126,[jʌ.ki.on.tʃi],[jʌ.gi.on.dʒi]
같은데 난,126,[kat̚.ɯn.te.nan],[gat̚.ɯn.te.nan]
잘못 안,126,[tʃal.mot̚.an],[dʒal.mot̚.an]
보지 못한,126,[po.tʃi.mot̚.han],[bo.dʒi.mot̚.han]
아무 일 없어,126,[a.mu.il.ʌp̚.ʌ],[a.mu.il.ʌp̚.ʌ]
약 때문에,126,[jak̚.t͈ɛ.mun.e],[jak̚.t͈ɛ.mun.e]
머리에 총알을,126,[mʌ.ɾi.e.tʃʰoŋ.al.ɯl],[mʌ.ɾi.e.tʃʰoŋ.al.ɯl]
하는 게 아니라,126,[ha.nɯŋ.ke.a.ni.ɾa],[ha.nɯn.ge.a.ni.ɾa]
그런 뜻은,126,[kɯ.ɾʌn.t͈ɯt̚.ɯn],[gɯ.ɾʌn.t͈ɯt̚.ɯn]
전 세계적으로,126,[tʃʌn.se.kje.tʃʌk̚.ɯ.ɾo],[dʒʌn.se.gje.dʒʌk̚.ɯ.ɾo]
希望のはな 繋いだ絆を 희망의 꽃,126,[hɯi.maŋ.ɯi.k͈ot̚],[hɯi.maŋ.ɯi.k͈ot̚]
누가 그랬어,126,[nu.ka.kɯ.ɾɛt̚.ʌ],[nu.ga.gɯ.ɾɛt̚.ʌ]
Origin by Michael Archangel,126,,
이걸 보세요,126,[i.kʌl.po.se.jo],[i.gʌl.bo.se.jo]
기계 같은,126,[ki.kje.kat̚.ɯn],[gi.gje.gat̚.ɯn]
말이야 지금,126,[mal.i.ja.tʃi.kɯm],[mal.i.ja.dʒi.gɯm]
말은 네가,126,[mal.ɯn.ne.ka],[mal.ɯn.ne.ga]
여자가 날,126,[jʌ.tʃa.ka.nal],[jʌ.dʒa.ga.nal]
열 거야,126,[jʌl.kʌ.ja],[jʌl.gʌ.ja]
우린 친구가,126,[u.ɾin.tʃʰiŋ.ku.ka],[u.ɾin.tʃʰiŋ.ku.ga]
아이들을 위해,126,[a.i.tɯl.ɯl.wi.hɛ],[a.i.dɯl.ɯl.wi.hɛ]
전 남자,125,[tʃʌn.nan.tʃa],[dʒʌn.nan.tʃa]
해 할,125,[hɛ.hal],[hɛ.hal]
누가 이걸,125,[nu.ka.i.kʌl],[nu.ga.i.gʌl]
어떻게 해야 하죠,125,[ʌ.t͈ʌt̚.ke.hɛ.ja.ha.tʃjo],[ʌ.t͈ʌt̚.ke.hɛ.ja.ha.dʒjo]
피넛버터 씨,125,[pʰi.nʌt̚.pʌ.tʰʌ.s͈i],[pʰi.nʌt̚.pʌ.tʰʌ.s͈i]
천 명이,125,[tʃʰʌn.mjʌŋ.i],[tʃʰʌn.mjʌŋ.i]
이 이야기는,125,[i.i.ja.ki.nɯn],[i.i.ja.gi.nɯn]
해 누가,125,[hɛ.nu.ka],[hɛ.nu.ga]
무슨 일이 있었어,125,[mu.sɯn.il.i.it̚.ʌt̚.ʌ],[mu.sɯn.il.i.it̚.ʌt̚.ʌ]
뒤에 있어요,125,[twi.e.it̚.ʌ.jo],[dwi.e.it̚.ʌ.jo]
타고 있어,125,[tʰa.ko.it̚.ʌ],[tʰa.go.it̚.ʌ]
잡고 있어요,125,[tʃap̚.ko.it̚.ʌ.jo],[dʒap̚.ko.it̚.ʌ.jo]
건 없지만,125,[kʌn.ʌp̚.tʃi.man],[gʌn.ʌp̚.tʃi.man]
알아 그냥,125,[al.a.kɯ.njaŋ],[al.a.gɯ.njaŋ]
모든 게 네 탓이라며,125,[mo.tɯŋ.ke.ne.tʰat̚.i.ɾa.mjʌ],[mo.dɯn.ge.ne.tʰat̚.i.ɾa.mjʌ]
할 생각,125,[hal.sɛŋ.kak̚],[hal.sɛŋ.gak̚]
없었어 그래서,125,[ʌp̚.ʌt̚.ʌ.kɯ.ɾɛ.sʌ],[ʌp̚.ʌt̚.ʌ.gɯ.ɾɛ.sʌ]
대단히 감사합니다,125,[tɛ.tan.hi.kam.sa.hap̚.ni.ta],[dɛ.dan.hi.gam.sa.hap̚.ni.da]
너 뭐 하는,125,[nʌ.mwʌ.ha.nɯn],[nʌ.mwʌ.ha.nɯn]
알 겁니다,125,[al.kʌp̚.ni.ta],[al.gʌp̚.ni.da]
탁탁 친다,125,[tʰak̚.tʰak̚.tʃʰin.ta],[tʰak̚.tʰak̚.tʃʰin.ta]
당신이 나에게,125,[taŋ.sin.i.na.e.ke],[daŋ.sin.i.na.e.ge]
제 딸을,125,[tʃe.t͈al.ɯl],[dʒe.t͈al.ɯl]
아니면 왜,125,[a.ni.mjʌn.wɛ],[a.ni.mjʌn.wɛ]
없어 너무,125,[ʌp̚.ʌ.nʌ.mu],[ʌp̚.ʌ.nʌ.mu]
위해 온,125,[wi.hɛ.on],[wi.hɛ.on]
스스로 목숨을,125,[sɯ.sɯ.ɾo.mok̚.sum.ɯl],[sɯ.sɯ.ɾo.mok̚.sum.ɯl]
아닌가 봐,125,[a.niŋ.ka.pwa],[a.niŋ.ka.bwa]
하게 된,125,[ha.ke.twen],[ha.ge.dwen]
정말 싫어요,125,[tʃʌŋ.mal.sil.ʌ.jo],[dʒʌŋ.mal.sil.ʌ.jo]
드려도 될까요,125,[tɯ.ɾjʌ.to.twel.k͈a.jo],[dɯ.ɾjʌ.do.dwel.k͈a.jo]
이상한 것,125,[i.saŋ.haŋ.kʌt̚],[i.saŋ.han.gʌt̚]
없을 거에요,125,[ʌp̚.ɯl.kʌ.e.jo],[ʌp̚.ɯl.gʌ.e.jo]
앉아 있을,125,[an.a.it̚.ɯl],[an.a.it̚.ɯl]
이 사람의,125,[i.sa.ɾam.ɯi],[i.sa.ɾam.ɯi]
주세요 제가,125,[tʃu.se.jo.tʃe.ka],[dʒu.se.jo.dʒe.ga]
가자 난,125,[ka.tʃa.nan],[ga.dʒa.nan]
만약 내,125,[man.jak̚.nɛ],[man.jak̚.nɛ]
서 있어요,125,[sʌ.it̚.ʌ.jo],[sʌ.it̚.ʌ.jo]
거요 난,125,[kʌ.jo.nan],[gʌ.jo.nan]
거야 꼭,125,[kʌ.ja.k͈ok̚],[gʌ.ja.k͈ok̚]
수 없으면,125,[su.ʌp̚.ɯ.mjʌn],[su.ʌp̚.ɯ.mjʌn]
이름이 뭐더라,125,[i.ɾɯm.i.mwʌ.tʌ.ɾa],[i.ɾɯm.i.mwʌ.dʌ.ɾa]
out of here,125,,
a minute,125,,
저건 뭐죠,125,[tʃʌ.kʌn.mwʌ.tʃjo],[dʒʌ.gʌn.mwʌ.dʒjo]
만나기 위해,125,[man.na.ki.wi.hɛ],[man.na.gi.wi.hɛ]
거야 무슨 일이,125,[kʌ.ja.mu.sɯn.il.i],[gʌ.ja.mu.sɯn.il.i]
want me,125,,
옆에 서,125,[jʌp̚.e.sʌ],[jʌp̚.e.sʌ]
준비 됐나,125,[tʃum.pi.twɛt̚.na],[dʒum.pi.dwɛt̚.na]
안 됩니까,125,[an.twep̚.ni.k͈a],[an.dwep̚.ni.k͈a]
우리가 볼,125,[u.ɾi.ka.pol],[u.ɾi.ga.bol]
수 있으세요,125,[su.it̚.ɯ.se.jo],[su.it̚.ɯ.se.jo]
수 없군요,125,[su.ʌp̚.kun.jo],[su.ʌp̚.kun.jo]
맞아 우린,125,[mat̚.a.u.ɾin],[mat̚.a.u.ɾin]
약에 취해,125,[jak̚.e.tʃʰwi.hɛ],[jak̚.e.tʃʰwi.hɛ]
그래 당신,125,[kɯ.ɾɛ.taŋ.sin],[gɯ.ɾɛ.daŋ.sin]
고대 우주 비행사 이론가들,125,[ko.tɛ.u.tʃu.pi.hɛŋ.sa.i.ɾoŋ.ka.tɯl],[go.dɛ.u.dʒu.bi.hɛŋ.sa.i.ɾoŋ.ka.dɯl]
절대 안 해,125,[tʃʌl.tɛ.an.hɛ],[dʒʌl.tɛ.an.hɛ]
뭐 그냥,125,[mwʌ.kɯ.njaŋ],[mwʌ.gɯ.njaŋ]
아니 우리,125,[a.ni.u.ɾi],[a.ni.u.ɾi]
처리할 거야,125,[tʃʰʌ.ɾi.hal.kʌ.ja],[tʃʰʌ.ɾi.hal.gʌ.ja]
내 몫을,125,[nɛ.mok̚.ɯl],[nɛ.mok̚.ɯl]
감사 인사를,125,[kam.sa.in.sa.ɾɯl],[gam.sa.in.sa.ɾɯl]
되고 싶다고,125,[twe.ko.sip̚.ta.ko],[dwe.go.sip̚.ta.go]
말한 걸,125,[mal.haŋ.kʌl],[mal.han.gʌl]
그럼 너는,125,[kɯ.ɾʌm.nʌ.nɯn],[gɯ.ɾʌm.nʌ.nɯn]
우리가 무엇을,125,[u.ɾi.ka.mu.ʌt̚.ɯl],[u.ɾi.ga.mu.ʌt̚.ɯl]
가 그,125,[ka.kɯ],[ga.gɯ]
당신은 그런,125,[taŋ.sin.ɯŋ.kɯ.ɾʌn],[daŋ.sin.ɯn.gɯ.ɾʌn]
당신 아버지는,125,[taŋ.sin.a.pʌ.tʃi.nɯn],[daŋ.sin.a.bʌ.dʒi.nɯn]
네 탓이야,125,[ne.tʰat̚.i.ja],[ne.tʰat̚.i.ja]
나은 세상을,125,[na.ɯn.se.saŋ.ɯl],[na.ɯn.se.saŋ.ɯl]
전에 나한테,125,[tʃʌn.e.na.han.tʰe],[dʒʌn.e.na.han.tʰe]
네 탓이라며,125,[ne.tʰat̚.i.ɾa.mjʌ],[ne.tʰat̚.i.ɾa.mjʌ]
뭘 드릴까요,125,[mwʌl.tɯ.ɾil.k͈a.jo],[mwʌl.dɯ.ɾil.k͈a.jo]
상관 없는,125,[saŋ.kwan.ʌp̚.nɯn],[saŋ.gwan.ʌp̚.nɯn]
정말 믿을,125,[tʃʌŋ.mal.mit̚.ɯl],[dʒʌŋ.mal.mit̚.ɯl]
내 새로운,125,[nɛ.sɛ.ɾo.un],[nɛ.sɛ.ɾo.un]
죽어 가고,125,[tʃuk̚.ʌ.ka.ko],[dʒuk̚.ʌ.ga.go]
뭘 했는데요,125,[mwʌl.hɛt̚.nɯn.te.jo],[mwʌl.hɛt̚.nɯn.te.jo]
나한테 할 말,125,[na.han.tʰe.hal.mal],[na.han.tʰe.hal.mal]
your eyes,125,,
할 수 있나,125,[hal.su.it̚.na],[hal.su.it̚.na]
때까지 말이야,125,[t͈ɛ.k͈a.tʃi.mal.i.ja],[t͈ɛ.k͈a.dʒi.mal.i.ja]
줘 봐요,125,[tʃwʌ.pwa.jo],[dʒwʌ.bwa.jo]
구해 준,125,[ku.hɛ.tʃun],[gu.hɛ.dʒun]
좋아요 이,125,[tʃot̚.a.jo.i],[dʒot̚.a.jo.i]
있어 너무,125,[it̚.ʌ.nʌ.mu],[it̚.ʌ.nʌ.mu]
그러는 거지,125,[kɯ.ɾʌ.nɯŋ.kʌ.tʃi],[gɯ.ɾʌ.nɯn.gʌ.dʒi]
저는 정말,125,[tʃʌ.nɯn.tʃʌŋ.mal],[dʒʌ.nɯn.dʒʌŋ.mal]
무슨 말을 하려는,125,[mu.sɯn.mal.ɯl.ha.ɾjʌ.nɯn],[mu.sɯn.mal.ɯl.ha.ɾjʌ.nɯn]
젠장 내가,125,[tʃen.tʃaŋ.nɛ.ka],[dʒen.tʃaŋ.nɛ.ga]
자책하지 마,125,[tʃa.tʃʰɛk̚.ha.tʃi.ma],[dʒa.tʃʰɛk̚.ha.dʒi.ma]
가능성이 있는,125,[ka.nɯŋ.sʌŋ.i.it̚.nɯn],[ga.nɯŋ.sʌŋ.i.it̚.nɯn]
여기서 나갈 수,125,[jʌ.ki.sʌ.na.kal.su],[jʌ.gi.sʌ.na.gal.su]
그는 절대,125,[kɯ.nɯn.tʃʌl.tɛ],[gɯ.nɯn.dʒʌl.tɛ]
게 네 탓이라며,125,[ke.ne.tʰat̚.i.ɾa.mjʌ],[ge.ne.tʰat̚.i.ɾa.mjʌ]
깊은 곳에,125,[kip̚.ɯŋ.kot̚.e],[gip̚.ɯn.got̚.e]
모르고 있어,125,[mo.ɾɯ.ko.it̚.ʌ],[mo.ɾɯ.go.it̚.ʌ]
이 마을은,125,[i.ma.ɯl.ɯn],[i.ma.ɯl.ɯn]
몇 시간 후에,125,[mjʌt̚.si.kan.hu.e],[mjʌt̚.si.gan.hu.e]
그건 사실이 아니야,125,[kɯ.kʌn.sa.sil.i.a.ni.ja],[gɯ.gʌn.sa.sil.i.a.ni.ja]
사이에 있는,125,[sa.i.e.it̚.nɯn],[sa.i.e.it̚.nɯn]
근데 오늘,125,[kɯn.te.o.nɯl],[gɯn.te.o.nɯl]
죽이려고 한,125,[tʃuk̚.i.ɾjʌ.ko.han],[dʒuk̚.i.ɾjʌ.go.han]
나가게 해,125,[na.ka.ke.hɛ],[na.ga.ge.hɛ]
좋아하지 않을,125,[tʃot̚.a.ha.tʃi.an.ɯl],[dʒot̚.a.ha.dʒi.an.ɯl]
안 좋아하는,125,[an.tʃot̚.a.ha.nɯn],[an.dʒot̚.a.ha.nɯn]
그렇게 간단하지,125,[kɯ.ɾʌt̚.ke.kan.tan.ha.tʃi],[gɯ.ɾʌt̚.ke.gan.tan.ha.dʒi]
했는지 알아요,125,[hɛt̚.nɯn.tʃi.al.a.jo],[hɛt̚.nɯn.tʃi.al.a.jo]
I''m in,125,,
얼마나 좋아하는지,125,[ʌl.ma.na.tʃot̚.a.ha.nɯn.tʃi],[ʌl.ma.na.dʒot̚.a.ha.nɯn.tʃi]
오실 줄,125,[o.sil.tʃul],[o.sil.dʒul]
신경 좀,125,[siŋ.kjʌŋ.tʃom],[siŋ.kjʌŋ.dʒom]
거예요 저도,125,[kʌ.je.jo.tʃʌ.to],[gʌ.je.jo.dʒʌ.do]
얼른 가서,125,[ʌl.ɾɯŋ.ka.sʌ],[ʌl.ɾɯn.ga.sʌ]
doing here,125,,
제 인생을,125,[tʃe.in.sɛŋ.ɯl],[dʒe.in.sɛŋ.ɯl]
하고 있었는데,125,[ha.ko.it̚.ʌt̚.nɯn.te],[ha.go.it̚.ʌt̚.nɯn.te]
다시 봐서,125,[ta.si.pwa.sʌ],[da.si.bwa.sʌ]
있어 바로,125,[it̚.ʌ.pa.ɾo],[it̚.ʌ.ba.ɾo]
저 오늘,125,[tʃʌ.o.nɯl],[dʒʌ.o.nɯl]
누가 여기,125,[nu.ka.jʌ.ki],[nu.ga.jʌ.gi]
게 좋을 겁니다,125,[ke.tʃot̚.ɯl.kʌp̚.ni.ta],[ge.dʒot̚.ɯl.gʌp̚.ni.da]
그것은 내가,125,[kɯ.kʌt̚.ɯn.nɛ.ka],[gɯ.gʌt̚.ɯn.nɛ.ga]
것 같더라고요,125,[kʌt̚.kat̚.tʌ.ɾa.ko.jo],[gʌt̚.gat̚.tʌ.ɾa.go.jo]
이 지경이,125,[i.tʃi.kjʌŋ.i],[i.dʒi.gjʌŋ.i]
그런데 말이야,125,[kɯ.ɾʌn.te.mal.i.ja],[gɯ.ɾʌn.te.mal.i.ja]
애 아빠가,125,[ɛ.a.p͈a.ka],[ɛ.a.p͈a.ga]
한 거니,125,[haŋ.kʌ.ni],[han.gʌ.ni]
그녀는 이미,125,[kɯ.njʌ.nɯn.i.mi],[gɯ.njʌ.nɯn.i.mi]
따로 있어,125,[t͈a.ɾo.it̚.ʌ],[t͈a.ɾo.it̚.ʌ]
많이 해서,125,[man.i.hɛ.sʌ],[man.i.hɛ.sʌ]
할 일이 있어서,125,[hal.il.i.it̚.ʌ.sʌ],[hal.il.i.it̚.ʌ.sʌ]
문제가 생겨서,125,[mun.tʃe.ka.sɛŋ.kjʌ.sʌ],[mun.tʃe.ga.sɛŋ.gjʌ.sʌ]
더 나은 삶을,125,[tʌ.na.ɯn.sam.ɯl],[dʌ.na.ɯn.sam.ɯl]
왜 그러지,125,[wɛ.kɯ.ɾʌ.tʃi],[wɛ.gɯ.ɾʌ.dʒi]
지나갈 수,125,[tʃi.na.kal.su],[dʒi.na.gal.su]
짓 했어,125,[tʃit̚.hɛt̚.ʌ],[dʒit̚.hɛt̚.ʌ]
했을 뿐이에요,125,[hɛt̚.ɯl.p͈un.i.e.jo],[hɛt̚.ɯl.p͈un.i.e.jo]
괜찮아 내,125,[kwɛn.tʃʰan.a.nɛ],[gwɛn.tʃʰan.a.nɛ]
모든 곳에,125,[mo.tɯŋ.kot̚.e],[mo.dɯn.got̚.e]
늦을 거야,125,[nɯt̚.ɯl.kʌ.ja],[nɯt̚.ɯl.gʌ.ja]
못 하는 게,125,[mot̚.ha.nɯŋ.ke],[mot̚.ha.nɯn.ge]
여기로 온,125,[jʌ.ki.ɾo.on],[jʌ.gi.ɾo.on]
여기로 와,125,[jʌ.ki.ɾo.wa],[jʌ.gi.ɾo.wa]
알아 왜,125,[al.a.wɛ],[al.a.wɛ]
용서하지 않을,125,[joŋ.sʌ.ha.tʃi.an.ɯl],[joŋ.sʌ.ha.dʒi.an.ɯl]
아주 흥미로운,125,[a.tʃu.hɯŋ.mi.ɾo.un],[a.dʒu.hɯŋ.mi.ɾo.un]
전에 여기서,125,[tʃʌn.e.jʌ.ki.sʌ],[dʒʌn.e.jʌ.gi.sʌ]
들어온 거야,125,[tɯl.ʌ.oŋ.kʌ.ja],[dɯl.ʌ.on.gʌ.ja]
게 아니고요,125,[ke.a.ni.ko.jo],[ge.a.ni.go.jo]
더 크고,125,[tʌ.kʰɯ.ko],[dʌ.kʰɯ.go]
이 장면은,125,[i.tʃaŋ.mjʌn.ɯn],[i.dʒaŋ.mjʌn.ɯn]
그게 누군데요,125,[kɯ.ke.nu.kun.te.jo],[gɯ.ge.nu.gun.te.jo]
나 갈게,125,[na.kal.ke],[na.gal.ke]
여길 봐,125,[jʌ.kil.pwa],[jʌ.gil.bwa]
가자 네,125,[ka.tʃa.ne],[ga.dʒa.ne]
여기서 나가고,125,[jʌ.ki.sʌ.na.ka.ko],[jʌ.gi.sʌ.na.ga.go]
의 아파하는,125,[ɯi.a.pʰa.ha.nɯn],[ɯi.a.pʰa.ha.nɯn]
거고 그럼,125,[kʌ.ko.kɯ.ɾʌm],[gʌ.go.gɯ.ɾʌm]
허락해 줄게,125,[hʌ.ɾak̚.hɛ.tʃul.ke],[hʌ.ɾak̚.hɛ.dʒul.ke]
멍청한 자식,125,[mʌŋ.tʃʰʌŋ.han.tʃa.sik̚],[mʌŋ.tʃʰʌŋ.han.dʒa.sik̚]
그녀가 어떻게,125,[kɯ.njʌ.ka.ʌ.t͈ʌt̚.ke],[gɯ.njʌ.ga.ʌ.t͈ʌt̚.ke]
할 뿐이야,125,[hal.p͈un.i.ja],[hal.p͈un.i.ja]
해 그럴,124,[hɛ.kɯ.ɾʌl],[hɛ.gɯ.ɾʌl]
짓을 했지,124,[tʃit̚.ɯl.hɛt̚.tʃi],[dʒit̚.ɯl.hɛt̚.tʃi]
구한 거야,124,[ku.haŋ.kʌ.ja],[gu.han.gʌ.ja]
없이 그냥,124,[ʌp̚.i.kɯ.njaŋ],[ʌp̚.i.gɯ.njaŋ]
전화가 왔어요,124,[tʃʌn.hwa.ka.wat̚.ʌ.jo],[dʒʌn.hwa.ga.wat̚.ʌ.jo]
것을 알,124,[kʌt̚.ɯl.al],[gʌt̚.ɯl.al]
그 시간,124,[kɯ.si.kan],[gɯ.si.gan]
시간을 갖고,124,[si.kan.ɯl.kat̚.ko],[si.gan.ɯl.gat̚.ko]
있다 우리,124,[it̚.ta.u.ɾi],[it̚.ta.u.ɾi]
게 있잖아,124,[ke.it̚.tʃan.a],[ge.it̚.tʃan.a]
해 여기서,124,[hɛ.jʌ.ki.sʌ],[hɛ.jʌ.gi.sʌ]
뭘 알아냈어,124,[mwʌl.al.a.nɛt̚.ʌ],[mwʌl.al.a.nɛt̚.ʌ]
것 같아 그럼,124,[kʌt̚.kat̚.a.kɯ.ɾʌm],[gʌt̚.gat̚.a.gɯ.ɾʌm]
말아 줘,124,[mal.a.tʃwʌ],[mal.a.dʒwʌ]
김 실장,124,[kim.sil.tʃaŋ],[gim.sil.tʃaŋ]
용서 안,124,[joŋ.sʌ.an],[joŋ.sʌ.an]
넌 아마,124,[nʌn.a.ma],[nʌn.a.ma]
훨씬 낫네,124,[hwʌl.s͈in.nat̚.ne],[hwʌl.s͈in.nat̚.ne]
최대한 멀리,124,[tʃʰwe.tɛ.han.mʌl.ɾi],[tʃʰwe.dɛ.han.mʌl.ɾi]
봐 진짜,124,[pwa.tʃin.tʃ͈a],[bwa.dʒin.tʃ͈a]
내가 아까,124,[nɛ.ka.a.k͈a],[nɛ.ga.a.k͈a]
보호해 줄,124,[po.ho.hɛ.tʃul],[bo.ho.hɛ.dʒul]
사람들이 왜,124,[sa.ɾan.tɯl.i.wɛ],[sa.ɾan.tɯl.i.wɛ]
있으면 좋겠어요,124,[it̚.ɯ.mjʌn.tʃot̚.ket̚.ʌ.jo],[it̚.ɯ.mjʌn.dʒot̚.ket̚.ʌ.jo]
몇 년은,124,[mjʌt̚.njʌn.ɯn],[mjʌt̚.njʌn.ɯn]
않아 나도,124,[an.a.na.to],[an.a.na.do]
마시는 게,124,[ma.si.nɯŋ.ke],[ma.si.nɯn.ge]
일을 겪고,124,[il.ɯl.kjʌk̚.ko],[il.ɯl.gjʌk̚.ko]
얼마나 되죠,124,[ʌl.ma.na.twe.tʃjo],[ʌl.ma.na.dwe.dʒjo]
아무도 이,124,[a.mu.to.i],[a.mu.do.i]
그는 할,124,[kɯ.nɯn.hal],[gɯ.nɯn.hal]
사랑에 빠지지,124,[sa.ɾaŋ.e.p͈a.tʃi.tʃi],[sa.ɾaŋ.e.p͈a.dʒi.dʒi]
이해해 줄,124,[i.hɛ.hɛ.tʃul],[i.hɛ.hɛ.dʒul]
이 말이,124,[i.mal.i],[i.mal.i]
제가 아는 건,124,[tʃe.ka.a.nɯŋ.kʌn],[dʒe.ga.a.nɯn.gʌn]
안 거야,124,[aŋ.kʌ.ja],[an.gʌ.ja]
그리고 그런,124,[kɯ.ɾi.ko.kɯ.ɾʌn],[gɯ.ɾi.go.gɯ.ɾʌn]
자격이 있어요,124,[tʃa.kjʌk̚.i.it̚.ʌ.jo],[dʒa.gjʌk̚.i.it̚.ʌ.jo]
외상 후 스트레스,124,[we.saŋ.hu.sɯ.tʰɯ.ɾe.sɯ],[we.saŋ.hu.sɯ.tʰɯ.ɾe.sɯ]
안 듣는,124,[an.tɯt̚.nɯn],[an.dɯt̚.nɯn]
있어요 그러니까,124,[it̚.ʌ.jo.kɯ.ɾʌ.ni.k͈a],[it̚.ʌ.jo.gɯ.ɾʌ.ni.k͈a]
자신 있어,124,[tʃa.sin.it̚.ʌ],[dʒa.sin.it̚.ʌ]
해 당신은,124,[hɛ.taŋ.sin.ɯn],[hɛ.daŋ.sin.ɯn]
돌아갈 순,124,[tol.a.kal.sun],[dol.a.gal.sun]
짐작 가는,124,[tʃin.tʃak̚.ka.nɯn],[dʒin.tʃak̚.ga.nɯn]
난 바보가,124,[nam.pa.po.ka],[nan.ba.bo.ga]
어디서 볼,124,[ʌ.ti.sʌ.pol],[ʌ.di.sʌ.bol]
못 받아요,124,[mot̚.pat̚.a.jo],[mot̚.bat̚.a.jo]
도망갈 수,124,[to.maŋ.kal.su],[do.maŋ.gal.su]
그냥 몇,124,[kɯ.njaŋ.mjʌt̚],[gɯ.njaŋ.mjʌt̚]
줄 알지만,124,[tʃul.al.tʃi.man],[dʒul.al.tʃi.man]
고장 나서,124,[ko.tʃaŋ.na.sʌ],[go.dʒaŋ.na.sʌ]
것 같아 왜,124,[kʌt̚.kat̚.a.wɛ],[gʌt̚.gat̚.a.wɛ]
안전을 위해서,124,[an.tʃʌn.ɯl.wi.hɛ.sʌ],[an.tʃʌn.ɯl.wi.hɛ.sʌ]
거라 생각했어요,124,[kʌ.ɾa.sɛŋ.kak̚.hɛt̚.ʌ.jo],[gʌ.ɾa.sɛŋ.gak̚.hɛt̚.ʌ.jo]
달칵 여닫힌다,124,[tal.kʰak̚.jʌ.tat̚.hin.ta],[dal.kʰak̚.jʌ.dat̚.hin.ta]
항상 이렇게,124,[haŋ.saŋ.i.ɾʌt̚.ke],[haŋ.saŋ.i.ɾʌt̚.ke]
그래야 내가,124,[kɯ.ɾɛ.ja.nɛ.ka],[gɯ.ɾɛ.ja.nɛ.ga]
거 있잖아요,124,[kʌ.it̚.tʃan.a.jo],[gʌ.it̚.tʃan.a.jo]
겨우 몇,124,[kjʌ.u.mjʌt̚],[gjʌ.u.mjʌt̚]
다들 알고,124,[ta.tɯl.al.ko],[da.dɯl.al.ko]
이 상태로,124,[i.saŋ.tʰɛ.ɾo],[i.saŋ.tʰɛ.ɾo]
게 우리를,124,[ke.u.ɾi.ɾɯl],[ge.u.ɾi.ɾɯl]
한 가지가,124,[haŋ.ka.tʃi.ka],[han.ga.dʒi.ga]
따지고 보면,124,[t͈a.tʃi.ko.po.mjʌn],[t͈a.dʒi.go.bo.mjʌn]
있을 리가,124,[it̚.ɯl.ɾi.ka],[it̚.ɯl.ɾi.ga]
또 이렇게,124,[t͈o.i.ɾʌt̚.ke],[t͈o.i.ɾʌt̚.ke]
할 수밖에 없어,124,[hal.su.pak̚.e.ʌp̚.ʌ],[hal.su.bak̚.e.ʌp̚.ʌ]
어떤 건,124,[ʌ.t͈ʌŋ.kʌn],[ʌ.t͈ʌn.gʌn]
몇 가지를,124,[mjʌt̚.ka.tʃi.ɾɯl],[mjʌt̚.ga.dʒi.ɾɯl]
대한 얘기를,124,[tɛ.han.jɛ.ki.ɾɯl],[dɛ.han.jɛ.gi.ɾɯl]
네 형은,124,[ne.hjʌŋ.ɯn],[ne.hjʌŋ.ɯn]
갈 수 있다,124,[kal.su.it̚.ta],[gal.su.it̚.ta]
우리가 정말,124,[u.ɾi.ka.tʃʌŋ.mal],[u.ɾi.ga.dʒʌŋ.mal]
찍을 수,124,[tʃ͈ik̚.ɯl.su],[tʃ͈ik̚.ɯl.su]
방법이 없다,124,[pam.pʌp̚.i.ʌp̚.ta],[baŋ.bʌp̚.i.ʌp̚.ta]
장난 좀,124,[tʃaŋ.nan.tʃom],[dʒaŋ.nan.dʒom]
당신은 나한테,124,[taŋ.sin.ɯn.na.han.tʰe],[daŋ.sin.ɯn.na.han.tʰe]
make you,124,,
그딴 건,124,[kɯ.t͈aŋ.kʌn],[gɯ.t͈an.gʌn]
그는 다른,124,[kɯ.nɯn.ta.ɾɯn],[gɯ.nɯn.da.ɾɯn]
안부 전해줘,124,[am.pu.tʃʌn.hɛ.tʃwʌ],[am.pu.dʒʌn.hɛ.dʒwʌ]
오늘 오전,124,[o.nɯl.o.tʃʌn],[o.nɯl.o.dʒʌn]
일인지 말해,124,[il.in.tʃi.mal.hɛ],[il.in.tʃi.mal.hɛ]
관한 정보를,124,[kwan.han.tʃʌm.po.ɾɯl],[gwan.han.dʒʌŋ.bo.ɾɯl]
여기 있어서,124,[jʌ.ki.it̚.ʌ.sʌ],[jʌ.gi.it̚.ʌ.sʌ]
죽고 나서,124,[tʃuk̚.ko.na.sʌ],[dʒuk̚.ko.na.sʌ]
한다 네,124,[han.ta.ne],[han.ta.ne]
배 더,124,[pɛ.tʌ],[bɛ.dʌ]
That''s the,124,,
같은 사람들,124,[kat̚.ɯn.sa.ɾan.tɯl],[gat̚.ɯn.sa.ɾan.tɯl]
거기서 무슨,124,[kʌ.ki.sʌ.mu.sɯn],[gʌ.gi.sʌ.mu.sɯn]
갖다 놔,124,[kat̚.ta.nwa],[gat̚.ta.nwa]
우리도 알아,124,[u.ɾi.to.al.a],[u.ɾi.do.al.a]
거라는 건,124,[kʌ.ɾa.nɯŋ.kʌn],[gʌ.ɾa.nɯn.gʌn]
진짜 너무,124,[tʃin.tʃ͈a.nʌ.mu],[dʒin.tʃ͈a.nʌ.mu]
기다려야 할,124,[ki.ta.ɾjʌ.ja.hal],[gi.da.ɾjʌ.ja.hal]
제 거예요,124,[tʃe.kʌ.je.jo],[dʒe.gʌ.je.jo]
해요 이건,124,[hɛ.jo.i.kʌn],[hɛ.jo.i.gʌn]
병 더,124,[pjʌŋ.tʌ],[bjʌŋ.dʌ]
있는 곳에서,124,[it̚.nɯŋ.kot̚.e.sʌ],[it̚.nɯn.got̚.e.sʌ]
하지만 항상,124,[ha.tʃi.man.haŋ.saŋ],[ha.dʒi.man.haŋ.saŋ]
좀 해 봐요,124,[tʃom.hɛ.pwa.jo],[dʒom.hɛ.bwa.jo]
숨 쉬어요,124,[sum.swi.ʌ.jo],[sum.swi.ʌ.jo]
나도 봤어,124,[na.to.pwat̚.ʌ],[na.do.bwat̚.ʌ]
참 많이,124,[tʃʰam.man.i],[tʃʰam.man.i]
수 있었잖아,124,[su.it̚.ʌt̚.tʃan.a],[su.it̚.ʌt̚.tʃan.a]
강 형사님,124,[kaŋ.hjʌŋ.sa.nim],[gaŋ.hjʌŋ.sa.nim]
효과가 있어,124,[hjo.kwa.ka.it̚.ʌ],[hjo.gwa.ga.it̚.ʌ]
못 할 거,124,[mot̚.hal.kʌ],[mot̚.hal.gʌ]
내가 찾을,124,[nɛ.ka.tʃʰat̚.ɯl],[nɛ.ga.tʃʰat̚.ɯl]
그건 너무 뻔해,124,[kɯ.kʌn.nʌ.mu.p͈ʌn.hɛ],[gɯ.gʌn.nʌ.mu.p͈ʌn.hɛ]
지금 한,124,[tʃi.kɯm.han],[dʒi.gɯm.han]
옳은 일,124,[ol.ɯn.il],[ol.ɯn.il]
볼 수 없어,124,[pol.su.ʌp̚.ʌ],[bol.su.ʌp̚.ʌ]
이 전쟁에서,124,[i.tʃʌn.tʃɛŋ.e.sʌ],[i.dʒʌn.tʃɛŋ.e.sʌ]
괜찮지 않아요,124,[kwɛn.tʃʰan.tʃi.an.a.jo],[gwɛn.tʃʰan.tʃi.an.a.jo]
저 아이는,124,[tʃʌ.a.i.nɯn],[dʒʌ.a.i.nɯn]
범죄 현장에,124,[pʌn.tʃwe.hjʌn.tʃaŋ.e],[bʌn.tʃwe.hjʌn.tʃaŋ.e]
싶어 하죠,124,[sip̚.ʌ.ha.tʃjo],[sip̚.ʌ.ha.dʒjo]
이 번호로,124,[i.pʌn.ho.ɾo],[i.bʌn.ho.ɾo]
내가 도움이,124,[nɛ.ka.to.um.i],[nɛ.ga.do.um.i]
것도 없는데,124,[kʌt̚.to.ʌp̚.nɯn.te],[gʌt̚.to.ʌp̚.nɯn.te]
생각이 들었어,124,[sɛŋ.kak̚.i.tɯl.ʌt̚.ʌ],[sɛŋ.gak̚.i.dɯl.ʌt̚.ʌ]
위에 있어요,124,[wi.e.it̚.ʌ.jo],[wi.e.it̚.ʌ.jo]
all that,124,,
너희 모두를,124,[nʌ.hɯi.mo.tu.ɾɯl],[nʌ.hɯi.mo.du.ɾɯl]
제발 내가,124,[tʃe.pal.lɛ.ka],[dʒe.bal.lɛ.ga]
사람들 눈에,124,[sa.ɾan.tɯl.lun.e],[sa.ɾan.tɯl.lun.e]
알았어 넌,124,[al.at̚.ʌ.nʌn],[al.at̚.ʌ.nʌn]
왜 그렇게 생각해,124,[wɛ.kɯ.ɾʌt̚.ke.sɛŋ.kak̚.hɛ],[wɛ.gɯ.ɾʌt̚.ke.sɛŋ.gak̚.hɛ]
내 도움을,124,[nɛ.to.um.ɯl],[nɛ.do.um.ɯl]
게 없네,124,[ke.ʌp̚.ne],[ge.ʌp̚.ne]
잘난 척,124,[tʃal.lan.tʃʰʌk̚],[dʒal.lan.tʃʰʌk̚]
돼 가요,124,[twɛ.ka.jo],[dwɛ.ga.jo]
사람이 이,124,[sa.ɾam.i.i],[sa.ɾam.i.i]
훔친 게,124,[hun.tʃʰiŋ.ke],[hun.tʃʰin.ge]
been a,124,,
작작 좀,124,[tʃak̚.tʃak̚.tʃom],[dʒak̚.tʃak̚.dʒom]
그렇게 생각하고,124,[kɯ.ɾʌt̚.ke.sɛŋ.kak̚.ha.ko],[gɯ.ɾʌt̚.ke.sɛŋ.gak̚.ha.go]
짓을 하면,124,[tʃit̚.ɯl.ha.mjʌn],[dʒit̚.ɯl.ha.mjʌn]
합니다 그,124,[hap̚.ni.ta.kɯ],[hap̚.ni.da.gɯ]
있으면 좋을,124,[it̚.ɯ.mjʌn.tʃot̚.ɯl],[it̚.ɯ.mjʌn.dʒot̚.ɯl]
또 날,124,[t͈o.nal],[t͈o.nal]
우리가 도울,124,[u.ɾi.ka.to.ul],[u.ɾi.ga.do.ul]
결혼할 수,124,[kjʌl.hon.hal.su],[gjʌl.hon.hal.su]
아주 천천히,124,[a.tʃu.tʃʰʌn.tʃʰʌn.hi],[a.dʒu.tʃʰʌn.tʃʰʌn.hi]
나는 거야,124,[na.nɯŋ.kʌ.ja],[na.nɯn.gʌ.ja]
내가 맞춰볼게,124,[nɛ.ka.mat̚.tʃʰwʌ.pol.ke],[nɛ.ga.mat̚.tʃʰwʌ.bol.ke]
그래서 만약,124,[kɯ.ɾɛ.sʌ.man.jak̚],[gɯ.ɾɛ.sʌ.man.jak̚]
어떻게 아셨죠,124,[ʌ.t͈ʌt̚.ke.a.sjʌt̚.tʃjo],[ʌ.t͈ʌt̚.ke.a.sjʌt̚.tʃjo]
없었어요 그래서,124,[ʌp̚.ʌt̚.ʌ.jo.kɯ.ɾɛ.sʌ],[ʌp̚.ʌt̚.ʌ.jo.gɯ.ɾɛ.sʌ]
네가 알아야,124,[ne.ka.al.a.ja],[ne.ga.al.a.ja]
of time,124,,
아니면 제가,124,[a.ni.mjʌn.tʃe.ka],[a.ni.mjʌn.dʒe.ga]
게 뭐요,124,[ke.mwʌ.jo],[ge.mwʌ.jo]
어떻게 됐나요,124,[ʌ.t͈ʌt̚.ke.twɛt̚.na.jo],[ʌ.t͈ʌt̚.ke.dwɛt̚.na.jo]
그래서 제,124,[kɯ.ɾɛ.sʌ.tʃe],[gɯ.ɾɛ.sʌ.dʒe]
마실 거야,124,[ma.sil.kʌ.ja],[ma.sil.gʌ.ja]
있어 이거,124,[it̚.ʌ.i.kʌ],[it̚.ʌ.i.gʌ]
그리고 뭐,124,[kɯ.ɾi.ko.mwʌ],[gɯ.ɾi.go.mwʌ]
뭐가 중요해,124,[mwʌ.ka.tʃuŋ.jo.hɛ],[mwʌ.ga.dʒuŋ.jo.hɛ]
제가 같이,124,[tʃe.ka.kat̚.i],[dʒe.ga.gat̚.i]
믿어주세요 진짜예요,124,[mit̚.ʌ.tʃu.se.jo.tʃin.tʃ͈a.je.jo],[mit̚.ʌ.dʒu.se.jo.dʒin.tʃ͈a.je.jo]
그걸 뭐라고,124,[kɯ.kʌl.mwʌ.ɾa.ko],[gɯ.gʌl.mwʌ.ɾa.go]
됐을 텐데,124,[twɛt̚.ɯl.tʰen.te],[dwɛt̚.ɯl.tʰen.te]
저는 당신이,124,[tʃʌ.nɯn.taŋ.sin.i],[dʒʌ.nɯn.daŋ.sin.i]
냄새가 나는데,124,[nɛm.sɛ.ka.na.nɯn.te],[nɛm.sɛ.ga.na.nɯn.te]
어디에 있나,124,[ʌ.ti.e.it̚.na],[ʌ.di.e.it̚.na]
싸워야 해,124,[s͈a.wʌ.ja.hɛ],[s͈a.wʌ.ja.hɛ]
있어요 그러니,124,[it̚.ʌ.jo.kɯ.ɾʌ.ni],[it̚.ʌ.jo.gɯ.ɾʌ.ni]
위에 서있어,124,[wi.e.sʌ.it̚.ʌ],[wi.e.sʌ.it̚.ʌ]
난 할 일이,124,[nan.hal.il.i],[nan.hal.il.i]
위해서 하지만,124,[wi.hɛ.sʌ.ha.tʃi.man],[wi.hɛ.sʌ.ha.dʒi.man]
확인해야 해,124,[hwak̚.in.hɛ.ja.hɛ],[hwak̚.in.hɛ.ja.hɛ]
하고 있었죠,124,[ha.ko.it̚.ʌt̚.tʃjo],[ha.go.it̚.ʌt̚.tʃjo]
하루 더,124,[ha.ɾu.tʌ],[ha.ɾu.dʌ]
여기 온 게,124,[jʌ.ki.oŋ.ke],[jʌ.gi.on.ge]
생각은 못,124,[sɛŋ.kak̚.ɯn.mot̚],[sɛŋ.gak̚.ɯn.mot̚]
당신이 말하는,124,[taŋ.sin.i.mal.ha.nɯn],[daŋ.sin.i.mal.ha.nɯn]
온 사람,124,[on.sa.ɾam],[on.sa.ɾam]
말도 안 할,124,[mal.to.an.hal],[mal.to.an.hal]
당장 가야,123,[taŋ.tʃaŋ.ka.ja],[daŋ.dʒaŋ.ga.ja]
있는 거 알아요,123,[it̚.nɯŋ.kʌ.al.a.jo],[it̚.nɯn.gʌ.al.a.jo]
너의 바람과 싱크로한 거야,123,[nʌ.ɯi.pa.ɾam.kwa.siŋ.kʰɯ.ɾo.haŋ.kʌ.ja],[nʌ.ɯi.ba.ɾam.kwa.siŋ.kʰɯ.ɾo.han.gʌ.ja]
혹시 몰라서,123,[hok̚.si.mol.ɾa.sʌ],[hok̚.si.mol.ɾa.sʌ]
돌릴 수도 없는 불길,123,[tol.ɾil.su.to.ʌp̚.nɯm.pul.kil],[dol.ɾil.su.do.ʌp̚.nɯn.bul.kil]
당신은 늘,123,[taŋ.sin.ɯn.nɯl],[daŋ.sin.ɯn.nɯl]
거의 못,123,[kʌ.ɯi.mot̚],[gʌ.ɯi.mot̚]
네가 이런,123,[ne.ka.i.ɾʌn],[ne.ga.i.ɾʌn]
뭐 먹고,123,[mwʌ.mʌk̚.ko],[mwʌ.mʌk̚.ko]
what do,123,,
have any,123,,
아닐 수,123,[a.nil.su],[a.nil.su]
너의 바람과 싱크로한,123,[nʌ.ɯi.pa.ɾam.kwa.siŋ.kʰɯ.ɾo.han],[nʌ.ɯi.ba.ɾam.kwa.siŋ.kʰɯ.ɾo.han]
돌아갈 거예요,123,[tol.a.kal.kʌ.je.jo],[dol.a.gal.gʌ.je.jo]
그럼 진짜,123,[kɯ.ɾʌn.tʃin.tʃ͈a],[gɯ.ɾʌm.dʒin.tʃ͈a]
어떤 일이 있어도,123,[ʌ.t͈ʌn.il.i.it̚.ʌ.to],[ʌ.t͈ʌn.il.i.it̚.ʌ.do]
걸 알게 되면,123,[kʌl.al.ke.twe.mjʌn],[gʌl.al.ke.dwe.mjʌn]
돌릴 수도 없는,123,[tol.ɾil.su.to.ʌp̚.nɯn],[dol.ɾil.su.do.ʌp̚.nɯn]
날 정말,123,[nal.tʃʌŋ.mal],[nal.dʒʌŋ.mal]
없는 불길,123,[ʌp̚.nɯm.pul.kil],[ʌp̚.nɯn.bul.kil]
널 그렇게,123,[nʌl.kɯ.ɾʌt̚.ke],[nʌl.gɯ.ɾʌt̚.ke]
거예요 좋은,123,[kʌ.je.jo.tʃot̚.ɯn],[gʌ.je.jo.dʒot̚.ɯn]
우리가 갈,123,[u.ɾi.ka.kal],[u.ɾi.ga.gal]
태어났을 때,123,[tʰɛ.ʌ.nat̚.ɯl.t͈ɛ],[tʰɛ.ʌ.nat̚.ɯl.t͈ɛ]
다시 만날 수,123,[ta.si.man.nal.su],[da.si.man.nal.su]
계속 안,123,[kje.sok̚.an],[gje.sok̚.an]
올 텐데,123,[ol.tʰen.te],[ol.tʰen.te]
당신이 제,123,[taŋ.sin.i.tʃe],[daŋ.sin.i.dʒe]
잘못 아니야,123,[tʃal.mot̚.a.ni.ja],[dʒal.mot̚.a.ni.ja]
일이 일어나지,123,[il.i.il.ʌ.na.tʃi],[il.i.il.ʌ.na.dʒi]
어쨌든 그,123,[ʌ.tʃ͈ɛt̚.tɯŋ.kɯ],[ʌ.tʃ͈ɛt̚.tɯn.gɯ]
처음부터 알고 있었지,123,[tʃʰʌ.ɯm.pu.tʰʌ.al.ko.it̚.ʌt̚.tʃi],[tʃʰʌ.ɯm.pu.tʰʌ.al.ko.it̚.ʌt̚.tʃi]
네가 틀렸어,123,[ne.ka.tʰɯl.ɾjʌt̚.ʌ],[ne.ga.tʰɯl.ɾjʌt̚.ʌ]
더 좋게,123,[tʌ.tʃot̚.ke],[dʌ.dʒot̚.ke]
이런 상황을,123,[i.ɾʌn.saŋ.hwaŋ.ɯl],[i.ɾʌn.saŋ.hwaŋ.ɯl]
순 있어,123,[sun.it̚.ʌ],[sun.it̚.ʌ]
가슴속에 있으니까,123,[ka.sɯm.sok̚.e.it̚.ɯ.ni.k͈a],[ga.sɯm.sok̚.e.it̚.ɯ.ni.k͈a]
살아 있다면,123,[sal.a.it̚.ta.mjʌn],[sal.a.it̚.ta.mjʌn]
has been,123,,
우리 애들을,123,[u.ɾi.ɛ.tɯl.ɯl],[u.ɾi.ɛ.dɯl.ɯl]
많이 못,123,[man.i.mot̚],[man.i.mot̚]
소리 못,123,[so.ɾi.mot̚],[so.ɾi.mot̚]
도와 줘,123,[to.wa.tʃwʌ],[do.wa.dʒwʌ]
없는 불길 속에서는,123,[ʌp̚.nɯm.pul.kil.sok̚.e.sʌ.nɯn],[ʌp̚.nɯn.bul.kil.sok̚.e.sʌ.nɯn]
많은 도움이,123,[man.ɯn.to.um.i],[man.ɯn.do.um.i]
끝낼 수 있어,123,[k͈ɯt̚.nɛl.su.it̚.ʌ],[k͈ɯt̚.nɛl.su.it̚.ʌ]
할 수 없다고,123,[hal.su.ʌp̚.ta.ko],[hal.su.ʌp̚.ta.go]
좀 써,123,[tʃom.s͈ʌ],[dʒom.s͈ʌ]
새로 나온,123,[sɛ.ɾo.na.on],[sɛ.ɾo.na.on]
어디 계시죠,123,[ʌ.ti.kje.si.tʃjo],[ʌ.di.gje.si.dʒjo]
him to,123,,
한숨 돌릴 수도 없는,123,[han.sun.tol.ɾil.su.to.ʌp̚.nɯn],[han.sum.dol.ɾil.su.do.ʌp̚.nɯn]
아무 생각도,123,[a.mu.sɛŋ.kak̚.to],[a.mu.sɛŋ.gak̚.to]
가진 사람은,123,[ka.tʃin.sa.ɾam.ɯn],[ga.dʒin.sa.ɾam.ɯn]
살 수가,123,[sal.su.ka],[sal.su.ga]
응 괜찮아,123,[ɯŋ.kwɛn.tʃʰan.a],[ɯŋ.gwɛn.tʃʰan.a]
못 보겠어,123,[mot̚.po.ket̚.ʌ],[mot̚.bo.get̚.ʌ]
싱크로한 거야,123,[siŋ.kʰɯ.ɾo.haŋ.kʌ.ja],[siŋ.kʰɯ.ɾo.han.gʌ.ja]
말씀해 주시겠어요,123,[mal.s͈ɯm.hɛ.tʃu.si.ket̚.ʌ.jo],[mal.s͈ɯm.hɛ.dʒu.si.get̚.ʌ.jo]
난 그에게,123,[naŋ.kɯ.e.ke],[nan.gɯ.e.ge]
만지지 마세요,123,[man.tʃi.tʃi.ma.se.jo],[man.tʃi.dʒi.ma.se.jo]
것 같더군,123,[kʌt̚.kat̚.tʌ.kun],[gʌt̚.gat̚.tʌ.gun]
확실한 증거가,123,[hwak̚.sil.han.tʃɯŋ.kʌ.ka],[hwak̚.sil.han.dʒɯŋ.gʌ.ga]
one thing,123,,
얘기는 못,123,[jɛ.ki.nɯn.mot̚],[jɛ.gi.nɯn.mot̚]
이건 뭐예요,123,[i.kʌn.mwʌ.je.jo],[i.gʌn.mwʌ.je.jo]
여기서 나가는,123,[jʌ.ki.sʌ.na.ka.nɯn],[jʌ.gi.sʌ.na.ga.nɯn]
말이야 이봐,123,[mal.i.ja.i.pwa],[mal.i.ja.i.bwa]
안 봤어요,123,[am.pwat̚.ʌ.jo],[an.bwat̚.ʌ.jo]
무슨 소리냐,123,[mu.sɯn.so.ɾi.nja],[mu.sɯn.so.ɾi.nja]
달러 정도,123,[tal.ɾʌ.tʃʌŋ.to],[dal.ɾʌ.dʒʌŋ.do]
불길 속에서는,123,[pul.kil.sok̚.e.sʌ.nɯn],[bul.kil.sok̚.e.sʌ.nɯn]
얼굴을 보고,123,[ʌl.kul.ɯl.po.ko],[ʌl.kul.ɯl.bo.go]
수도 없는 불길,123,[su.to.ʌp̚.nɯm.pul.kil],[su.do.ʌp̚.nɯn.bul.kil]
제멋대로 키스하겠어,123,[tʃe.mʌt̚.tɛ.ɾo.kʰi.sɯ.ha.ket̚.ʌ],[dʒe.mʌt̚.tɛ.ɾo.kʰi.sɯ.ha.get̚.ʌ]
너의 바람과,123,[nʌ.ɯi.pa.ɾam.kwa],[nʌ.ɯi.ba.ɾam.kwa]
이제 때가,123,[i.tʃe.t͈ɛ.ka],[i.dʒe.t͈ɛ.ga]
비켜 주세요,123,[pi.kʰjʌ.tʃu.se.jo],[bi.kʰjʌ.dʒu.se.jo]
잠시 얘기 좀,123,[tʃam.si.jɛ.ki.tʃom],[dʒam.si.jɛ.gi.dʒom]
거예요 더,123,[kʌ.je.jo.tʌ],[gʌ.je.jo.dʌ]
뭐 다른,123,[mwʌ.ta.ɾɯn],[mwʌ.da.ɾɯn]
많이 하고,123,[man.i.ha.ko],[man.i.ha.go]
전 당신의,123,[tʃʌn.taŋ.sin.ɯi],[dʒʌn.daŋ.sin.ɯi]
네가 우릴,123,[ne.ka.u.ɾil],[ne.ga.u.ɾil]
못한 게,123,[mot̚.haŋ.ke],[mot̚.han.ge]
사진 찍어,123,[sa.tʃin.tʃ͈ik̚.ʌ],[sa.dʒin.tʃ͈ik̚.ʌ]
들어왔을 때,123,[tɯl.ʌ.wat̚.ɯl.t͈ɛ],[dɯl.ʌ.wat̚.ɯl.t͈ɛ]
바람과 싱크로한 거야,123,[pa.ɾam.kwa.siŋ.kʰɯ.ɾo.haŋ.kʌ.ja],[ba.ɾam.kwa.siŋ.kʰɯ.ɾo.han.gʌ.ja]
그러면 왜,123,[kɯ.ɾʌ.mjʌn.wɛ],[gɯ.ɾʌ.mjʌn.wɛ]
여기 남아,123,[jʌ.ki.nam.a],[jʌ.gi.nam.a]
네 명이,123,[ne.mjʌŋ.i],[ne.mjʌŋ.i]
너희 같은,123,[nʌ.hɯi.kat̚.ɯn],[nʌ.hɯi.gat̚.ɯn]
않기 때문에,123,[aŋ.ki.t͈ɛ.mun.e],[aŋ.ki.t͈ɛ.mun.e]
전 할,123,[tʃʌn.hal],[dʒʌn.hal]
명복을 빕니다,123,[mjʌm.pok̚.ɯl.pip̚.ni.ta],[mjʌŋ.bok̚.ɯl.bip̚.ni.da]
한숨 돌릴 수도,123,[han.sun.tol.ɾil.su.to],[han.sum.dol.ɾil.su.do]
두고 봐야지,123,[tu.ko.pwa.ja.tʃi],[du.go.bwa.ja.dʒi]
사람의 모든,123,[sa.ɾam.ɯi.mo.tɯn],[sa.ɾam.ɯi.mo.dɯn]
눈 뜨고,123,[nun.t͈ɯ.ko],[nun.t͈ɯ.go]
그래 이런,123,[kɯ.ɾɛ.i.ɾʌn],[gɯ.ɾɛ.i.ɾʌn]
제가 여기서,123,[tʃe.ka.jʌ.ki.sʌ],[dʒe.ga.jʌ.gi.sʌ]
역할을 할,123,[jʌk̚.hal.ɯl.hal],[jʌk̚.hal.ɯl.hal]
감당이 안,123,[kan.taŋ.i.an],[gan.taŋ.i.an]
너무 추워,123,[nʌ.mu.tʃʰu.wʌ],[nʌ.mu.tʃʰu.wʌ]
해요 저,123,[hɛ.jo.tʃʌ],[hɛ.jo.dʒʌ]
어떻게 해야할지,123,[ʌ.t͈ʌt̚.ke.hɛ.ja.hal.tʃi],[ʌ.t͈ʌt̚.ke.hɛ.ja.hal.tʃi]
정말 좋아해,123,[tʃʌŋ.mal.tʃot̚.a.hɛ],[dʒʌŋ.mal.dʒot̚.a.hɛ]
있어 제발,123,[it̚.ʌ.tʃe.pal],[it̚.ʌ.dʒe.bal]
수도 없는 불길 속에서는,123,[su.to.ʌp̚.nɯm.pul.kil.sok̚.e.sʌ.nɯn],[su.do.ʌp̚.nɯn.bul.kil.sok̚.e.sʌ.nɯn]
절대 멈추지,123,[tʃʌl.tɛ.mʌn.tʃʰu.tʃi],[dʒʌl.tɛ.mʌn.tʃʰu.dʒi]
서로 아는,123,[sʌ.ɾo.a.nɯn],[sʌ.ɾo.a.nɯn]
도와주실 수,123,[to.wa.tʃu.sil.su],[do.wa.dʒu.sil.su]
사람 죽이는,123,[sa.ɾan.tʃuk̚.i.nɯn],[sa.ɾam.dʒuk̚.i.nɯn]
좀 했어요,123,[tʃom.hɛt̚.ʌ.jo],[dʒom.hɛt̚.ʌ.jo]
잘 살아,123,[tʃal.sal.a],[dʒal.sal.a]
그래야 해요,123,[kɯ.ɾɛ.ja.hɛ.jo],[gɯ.ɾɛ.ja.hɛ.jo]
놓치지 마,123,[not̚.tʃʰi.tʃi.ma],[not̚.tʃʰi.dʒi.ma]
전화 왔어요,123,[tʃʌn.hwa.wat̚.ʌ.jo],[dʒʌn.hwa.wat̚.ʌ.jo]
나쁜 놈들을,123,[na.p͈ɯn.non.tɯl.ɯl],[na.p͈ɯn.non.tɯl.ɯl]
하게 될 거야,123,[ha.ke.twel.kʌ.ja],[ha.ge.dwel.gʌ.ja]
내일 아침 일찍,123,[nɛ.il.a.tʃʰim.il.tʃ͈ik̚],[nɛ.il.a.tʃʰim.il.tʃ͈ik̚]
있던 거,123,[it̚.tʌŋ.kʌ],[it̚.tʌn.gʌ]
그 자는,123,[kɯ.tʃa.nɯn],[gɯ.dʒa.nɯn]
사 왔어요,123,[sa.wat̚.ʌ.jo],[sa.wat̚.ʌ.jo]
일 얘기,123,[il.jɛ.ki],[il.jɛ.gi]
것 자체가,123,[kʌt̚.tʃa.tʃʰe.ka],[gʌt̚.dʒa.tʃʰe.ga]
우리 오빠,123,[u.ɾi.o.p͈a],[u.ɾi.o.p͈a]
하는 그런,123,[ha.nɯŋ.kɯ.ɾʌn],[ha.nɯn.gɯ.ɾʌn]
우리가 뭐,123,[u.ɾi.ka.mwʌ],[u.ɾi.ga.mwʌ]
거 알면,123,[kʌ.al.mjʌn],[gʌ.al.mjʌn]
이거 네,123,[i.kʌ.ne],[i.gʌ.ne]
you did,123,,
네 가족을,123,[ne.ka.tʃok̚.ɯl],[ne.ga.dʒok̚.ɯl]
질문을 하고,123,[tʃil.mun.ɯl.ha.ko],[dʒil.mun.ɯl.ha.go]
가장 뛰어난,123,[ka.tʃaŋ.t͈wi.ʌ.nan],[ga.dʒaŋ.t͈wi.ʌ.nan]
you the,123,,
아무 걱정,123,[a.mu.kʌk̚.tʃʌŋ],[a.mu.gʌk̚.tʃʌŋ]
맞아 그래서,123,[mat̚.a.kɯ.ɾɛ.sʌ],[mat̚.a.gɯ.ɾɛ.sʌ]
에 있는,123,[e.it̚.nɯn],[e.it̚.nɯn]
날 기다리고,123,[nal.ki.ta.ɾi.ko],[nal.gi.da.ɾi.go]
다 돼,123,[ta.twɛ],[da.dwɛ]
할 수 있는 걸,123,[hal.su.it̚.nɯŋ.kʌl],[hal.su.it̚.nɯn.gʌl]
왜냐하면 그들은,123,[wɛ.nja.ha.mjʌŋ.kɯ.tɯl.ɯn],[wɛ.nja.ha.mjʌn.gɯ.dɯl.ɯn]
그는 한,123,[kɯ.nɯn.han],[gɯ.nɯn.han]
그게 옳은,123,[kɯ.ke.ol.ɯn],[gɯ.ge.ol.ɯn]
수 없는 일이야,123,[su.ʌp̚.nɯn.il.i.ja],[su.ʌp̚.nɯn.il.i.ja]
말이야 이건,123,[mal.i.ja.i.kʌn],[mal.i.ja.i.gʌn]
봐야 할 것,123,[pwa.ja.hal.kʌt̚],[bwa.ja.hal.gʌt̚]
줘서 고맙다,123,[tʃwʌ.sʌ.ko.map̚.ta],[dʒwʌ.sʌ.go.map̚.ta]
안 돼 그래,123,[an.twɛ.kɯ.ɾɛ],[an.dwɛ.gɯ.ɾɛ]
추수 감사절,123,[tʃʰu.su.kam.sa.tʃʌl],[tʃʰu.su.gam.sa.dʒʌl]
이게 도대체,123,[i.ke.to.tɛ.tʃʰe],[i.ge.do.dɛ.tʃʰe]
그 후에는,123,[kɯ.hu.e.nɯn],[gɯ.hu.e.nɯn]
그는 방금,123,[kɯ.nɯm.paŋ.kɯm],[gɯ.nɯn.baŋ.gɯm]
다 네가,123,[ta.ne.ka],[da.ne.ga]
you said,123,,
내 사진을,123,[nɛ.sa.tʃin.ɯl],[nɛ.sa.dʒin.ɯl]
그건 단지,123,[kɯ.kʌn.tan.tʃi],[gɯ.gʌn.dan.tʃi]
지금 같은,123,[tʃi.kɯm.kat̚.ɯn],[dʒi.gɯm.gat̚.ɯn]
뛸 수,123,[t͈wil.su],[t͈wil.su]
바람과 싱크로한,123,[pa.ɾam.kwa.siŋ.kʰɯ.ɾo.han],[ba.ɾam.kwa.siŋ.kʰɯ.ɾo.han]
있죠 난,123,[it̚.tʃjo.nan],[it̚.tʃjo.nan]
똥이 아니라,123,[t͈oŋ.i.a.ni.ɾa],[t͈oŋ.i.a.ni.ɾa]
그래서 계속,123,[kɯ.ɾɛ.sʌ.kje.sok̚],[gɯ.ɾɛ.sʌ.gje.sok̚]
난 알,123,[nan.al],[nan.al]
당신은 그의,123,[taŋ.sin.ɯŋ.kɯ.ɯi],[daŋ.sin.ɯn.gɯ.ɯi]
나쁜 일,123,[na.p͈ɯn.il],[na.p͈ɯn.il]
문이 달칵 여닫힌다,122,[mun.i.tal.kʰak̚.jʌ.tat̚.hin.ta],[mun.i.dal.kʰak̚.jʌ.dat̚.hin.ta]
너밖에 없어,122,[nʌ.pak̚.e.ʌp̚.ʌ],[nʌ.bak̚.e.ʌp̚.ʌ]
달 안에,122,[tal.an.e],[dal.an.e]
본 적 있나요,122,[pon.tʃʌk̚.it̚.na.jo],[bon.dʒʌk̚.it̚.na.jo]
여기 있던,122,[jʌ.ki.it̚.tʌn],[jʌ.gi.it̚.tʌn]
요 며칠,122,[jo.mjʌ.tʃʰil],[jo.mjʌ.tʃʰil]
같이 하는,122,[kat̚.i.ha.nɯn],[gat̚.i.ha.nɯn]
문을 열면,122,[mun.ɯl.jʌl.mjʌn],[mun.ɯl.jʌl.mjʌn]
알았어야 했는데,122,[al.at̚.ʌ.ja.hɛt̚.nɯn.te],[al.at̚.ʌ.ja.hɛt̚.nɯn.te]
잔해 위에,122,[tʃan.hɛ.wi.e],[dʒan.hɛ.wi.e]
건 확실해요,122,[kʌn.hwak̚.sil.hɛ.jo],[gʌn.hwak̚.sil.hɛ.jo]
할 수 없었어,122,[hal.su.ʌp̚.ʌt̚.ʌ],[hal.su.ʌp̚.ʌt̚.ʌ]
그렇군요 그럼,122,[kɯ.ɾʌt̚.kun.jo.kɯ.ɾʌm],[gɯ.ɾʌt̚.kun.jo.gɯ.ɾʌm]
in his,122,,
하지만 내 생각엔,122,[ha.tʃi.man.nɛ.sɛŋ.kak̚.en],[ha.dʒi.man.nɛ.sɛŋ.gak̚.en]
있다고 생각했어요,122,[it̚.ta.ko.sɛŋ.kak̚.hɛt̚.ʌ.jo],[it̚.ta.go.sɛŋ.gak̚.hɛt̚.ʌ.jo]
허락할 수,122,[hʌ.ɾak̚.hal.su],[hʌ.ɾak̚.hal.su]
이거 한번,122,[i.kʌ.ham.pʌn],[i.gʌ.ham.pʌn]
나는 못,122,[na.nɯn.mot̚],[na.nɯn.mot̚]
시킨 거야,122,[si.kʰiŋ.kʌ.ja],[si.kʰin.gʌ.ja]
일 안에,122,[il.an.e],[il.an.e]
당신 차례예요,122,[taŋ.sin.tʃʰa.ɾje.je.jo],[daŋ.sin.tʃʰa.ɾje.je.jo]
생각은 하지,122,[sɛŋ.kak̚.ɯn.ha.tʃi],[sɛŋ.gak̚.ɯn.ha.dʒi]
마음을 아프게,122,[ma.ɯm.ɯl.a.pʰɯ.ke],[ma.ɯm.ɯl.a.pʰɯ.ge]
안 되니,122,[an.twe.ni],[an.dwe.ni]
달라지는 건,122,[tal.ɾa.tʃi.nɯŋ.kʌn],[dal.ɾa.dʒi.nɯn.gʌn]
원래 그래,122,[wʌl.lɛ.kɯ.ɾɛ],[wʌl.lɛ.gɯ.ɾɛ]
두 남자가,122,[tu.nan.tʃa.ka],[du.nan.tʃa.ga]
할 수가 없어,122,[hal.su.ka.ʌp̚.ʌ],[hal.su.ga.ʌp̚.ʌ]
만날 때,122,[man.nal.t͈ɛ],[man.nal.t͈ɛ]
있고 내가,122,[it̚.ko.nɛ.ka],[it̚.ko.nɛ.ga]
뭐라고 말해야,122,[mwʌ.ɾa.ko.mal.hɛ.ja],[mwʌ.ɾa.go.mal.hɛ.ja]
아무리 봐도,122,[a.mu.ɾi.pwa.to],[a.mu.ɾi.bwa.do]
말야 난,122,[mal.ja.nan],[mal.ja.nan]
없어 널,122,[ʌp̚.ʌ.nʌl],[ʌp̚.ʌ.nʌl]
든 게,122,[tɯŋ.ke],[dɯn.ge]
진짜 괜찮아,122,[tʃin.tʃ͈a.kwɛn.tʃʰan.a],[dʒin.tʃ͈a.gwɛn.tʃʰan.a]
하지만 사실,122,[ha.tʃi.man.sa.sil],[ha.dʒi.man.sa.sil]
될 것 같네요,122,[twel.kʌt̚.kat̚.ne.jo],[dwel.gʌt̚.gat̚.ne.jo]
음악 잦아든다,122,[ɯm.ak̚.tʃat̚.a.tɯn.ta],[ɯm.ak̚.dʒat̚.a.dɯn.ta]
하고 내,122,[ha.ko.nɛ],[ha.go.nɛ]
보면 알겠지,122,[po.mjʌn.al.ket̚.tʃi],[bo.mjʌn.al.ket̚.tʃi]
뭘 도와줄까,122,[mwʌl.to.wa.tʃul.k͈a],[mwʌl.do.wa.dʒul.k͈a]
몇 시간은,122,[mjʌt̚.si.kan.ɯn],[mjʌt̚.si.gan.ɯn]
나서 나는,122,[na.sʌ.na.nɯn],[na.sʌ.na.nɯn]
그런 게 아냐,122,[kɯ.ɾʌŋ.ke.a.nja],[gɯ.ɾʌn.ge.a.nja]
총 쏘는,122,[tʃʰoŋ.s͈o.nɯn],[tʃʰoŋ.s͈o.nɯn]
했어 무슨,122,[hɛt̚.ʌ.mu.sɯn],[hɛt̚.ʌ.mu.sɯn]
당신 집에서,122,[taŋ.sin.tʃip̚.e.sʌ],[daŋ.sin.dʒip̚.e.sʌ]
깜짝 놀랐어요,122,[k͈an.tʃ͈ak̚.nol.ɾat̚.ʌ.jo],[k͈an.tʃ͈ak̚.nol.ɾat̚.ʌ.jo]
마 뭐,122,[ma.mwʌ],[ma.mwʌ]
무슨 소리인지,122,[mu.sɯn.so.ɾi.in.tʃi],[mu.sɯn.so.ɾi.in.tʃi]
안 하잖아요,122,[an.ha.tʃan.a.jo],[an.ha.dʒan.a.jo]
방해해서 죄송해요,122,[paŋ.hɛ.hɛ.sʌ.tʃwe.soŋ.hɛ.jo],[baŋ.hɛ.hɛ.sʌ.dʒwe.soŋ.hɛ.jo]
죽을 줄 알아,122,[tʃuk̚.ɯl.tʃul.al.a],[dʒuk̚.ɯl.dʒul.al.a]
이 새끼들아,122,[i.sɛ.k͈i.tɯl.a],[i.sɛ.k͈i.dɯl.a]
대해 한,122,[tɛ.hɛ.han],[dɛ.hɛ.han]
꼭 그런 건,122,[k͈ok̚.kɯ.ɾʌŋ.kʌn],[k͈ok̚.gɯ.ɾʌn.gʌn]
그런 일 없을,122,[kɯ.ɾʌn.il.ʌp̚.ɯl],[gɯ.ɾʌn.il.ʌp̚.ɯl]
세 번째는,122,[se.pʌn.tʃ͈ɛ.nɯn],[se.bʌn.tʃ͈ɛ.nɯn]
What happened,122,,
of those,122,,
년 됐어요,122,[njʌn.twɛt̚.ʌ.jo],[njʌn.dwɛt̚.ʌ.jo]
너도 내가,122,[nʌ.to.nɛ.ka],[nʌ.do.nɛ.ga]
맞아 내,122,[mat̚.a.nɛ],[mat̚.a.nɛ]
못할 수도,122,[mot̚.hal.su.to],[mot̚.hal.su.do]
뭐 하는 거요,122,[mwʌ.ha.nɯŋ.kʌ.jo],[mwʌ.ha.nɯn.gʌ.jo]
것을 발견했다,122,[kʌt̚.ɯl.pal.kjʌn.hɛt̚.ta],[gʌt̚.ɯl.bal.kjʌn.hɛt̚.ta]
안 웃겨,122,[an.ut̚.kjʌ],[an.ut̚.kjʌ]
원하는 건 다,122,[wʌn.ha.nɯŋ.kʌn.ta],[wʌn.ha.nɯn.gʌn.da]
가 가,122,[ka.ka],[ga.ga]
나와 있어,122,[na.wa.it̚.ʌ],[na.wa.it̚.ʌ]
무슨 일이오,122,[mu.sɯn.il.i.o],[mu.sɯn.il.i.o]
음식 좀,122,[ɯm.sik̚.tʃom],[ɯm.sik̚.dʒom]
아무것도 안 했어,122,[a.mu.kʌt̚.to.an.hɛt̚.ʌ],[a.mu.gʌt̚.to.an.hɛt̚.ʌ]
하는 걸까,122,[ha.nɯŋ.kʌl.k͈a],[ha.nɯn.gʌl.k͈a]
하지만 그때,122,[ha.tʃi.maŋ.kɯ.t͈ɛ],[ha.dʒi.man.gɯ.t͈ɛ]
우리 집이야,122,[u.ɾi.tʃip̚.i.ja],[u.ɾi.dʒip̚.i.ja]
당신과 당신의,122,[taŋ.siŋ.kwa.taŋ.sin.ɯi],[daŋ.siŋ.kwa.daŋ.sin.ɯi]
내 기억이,122,[nɛ.ki.ʌk̚.i],[nɛ.gi.ʌk̚.i]
어느 쪽,122,[ʌ.nɯ.tʃ͈ok̚],[ʌ.nɯ.tʃ͈ok̚]
일 해,122,[il.hɛ],[il.hɛ]
그의 얼굴을,122,[kɯ.ɯi.ʌl.kul.ɯl],[gɯ.ɯi.ʌl.kul.ɯl]
그런 건 아니고,122,[kɯ.ɾʌŋ.kʌn.a.ni.ko],[gɯ.ɾʌn.gʌn.a.ni.go]
내 아버지의,122,[nɛ.a.pʌ.tʃi.ɯi],[nɛ.a.bʌ.dʒi.ɯi]
다 말할,122,[ta.mal.hal],[da.mal.hal]
네 친구들,122,[ne.tʃʰiŋ.ku.tɯl],[ne.tʃʰiŋ.ku.dɯl]
말해도 돼요,122,[mal.hɛ.to.twɛ.jo],[mal.hɛ.do.dwɛ.jo]
사람이 있는지,122,[sa.ɾam.i.it̚.nɯn.tʃi],[sa.ɾam.i.it̚.nɯn.tʃi]
난 준비됐어,122,[nan.tʃum.pi.twɛt̚.ʌ],[nan.dʒum.pi.dwɛt̚.ʌ]
물어볼 수,122,[mul.ʌ.pol.su],[mul.ʌ.bol.su]
것이다 네,122,[kʌt̚.i.ta.ne],[gʌt̚.i.da.ne]
그래서 좀,122,[kɯ.ɾɛ.sʌ.tʃom],[gɯ.ɾɛ.sʌ.dʒom]
있어요 저는,122,[it̚.ʌ.jo.tʃʌ.nɯn],[it̚.ʌ.jo.dʒʌ.nɯn]
끝날 때,122,[k͈ɯt̚.nal.t͈ɛ],[k͈ɯt̚.nal.t͈ɛ]
더할 나위,122,[tʌ.hal.la.wi],[dʌ.hal.la.wi]
때 당신,122,[t͈ɛ.taŋ.sin],[t͈ɛ.daŋ.sin]
어디 있는지는,122,[ʌ.ti.it̚.nɯn.tʃi.nɯn],[ʌ.di.it̚.nɯn.tʃi.nɯn]
수 없어 내가,122,[su.ʌp̚.ʌ.nɛ.ka],[su.ʌp̚.ʌ.nɛ.ga]
차 문이 탁,122,[tʃʰa.mun.i.tʰak̚],[tʃʰa.mun.i.tʰak̚]
그 꿈을,122,[kɯ.k͈um.ɯl],[gɯ.k͈um.ɯl]
그것을 볼,122,[kɯ.kʌt̚.ɯl.pol],[gɯ.gʌt̚.ɯl.bol]
짓이든 할,122,[tʃit̚.i.tɯn.hal],[dʒit̚.i.dɯn.hal]
우리 아빠를,122,[u.ɾi.a.p͈a.ɾɯl],[u.ɾi.a.p͈a.ɾɯl]
만약 그렇지,122,[man.jak̚.kɯ.ɾʌt̚.tʃi],[man.jak̚.gɯ.ɾʌt̚.tʃi]
함께 있어요,122,[ham.k͈e.it̚.ʌ.jo],[ham.k͈e.it̚.ʌ.jo]
was that,122,,
다른 쪽으로,122,[ta.ɾɯn.tʃ͈ok̚.ɯ.ɾo],[da.ɾɯn.tʃ͈ok̚.ɯ.ɾo]
지금 가,122,[tʃi.kɯm.ka],[dʒi.gɯm.ga]
한 분,122,[ham.pun],[han.bun]
것을 다,122,[kʌt̚.ɯl.ta],[gʌt̚.ɯl.da]
each other,122,,
못하고 있어,122,[mot̚.ha.ko.it̚.ʌ],[mot̚.ha.go.it̚.ʌ]
좋은 생각이 아닌,122,[tʃot̚.ɯn.sɛŋ.kak̚.i.a.nin],[dʒot̚.ɯn.sɛŋ.gak̚.i.a.nin]
내가 곁에,122,[nɛ.ka.kjʌt̚.e],[nɛ.ga.gjʌt̚.e]
아슬아슬할 때까지,122,[a.sɯl.a.sɯl.hal.t͈ɛ.k͈a.tʃi],[a.sɯl.a.sɯl.hal.t͈ɛ.k͈a.dʒi]
아냐 네,122,[a.nja.ne],[a.nja.ne]
말인지 모르겠어,122,[mal.in.tʃi.mo.ɾɯ.ket̚.ʌ],[mal.in.tʃi.mo.ɾɯ.get̚.ʌ]
만난 날,122,[man.nan.nal],[man.nan.nal]
놀라게 해,122,[nol.ɾa.ke.hɛ],[nol.ɾa.ge.hɛ]
관한 것,122,[kwan.haŋ.kʌt̚],[gwan.han.gʌt̚]
사람은 아무도 없어,122,[sa.ɾam.ɯn.a.mu.to.ʌp̚.ʌ],[sa.ɾam.ɯn.a.mu.do.ʌp̚.ʌ]
대의를 위해,122,[tɛ.ɯi.ɾɯl.wi.hɛ],[dɛ.ɯi.ɾɯl.wi.hɛ]
뒤로 물러나,122,[twi.ɾo.mul.ɾʌ.na],[dwi.ɾo.mul.ɾʌ.na]
없어 그럴,122,[ʌp̚.ʌ.kɯ.ɾʌl],[ʌp̚.ʌ.gɯ.ɾʌl]
이렇게 하는 거야,122,[i.ɾʌt̚.ke.ha.nɯŋ.kʌ.ja],[i.ɾʌt̚.ke.ha.nɯn.gʌ.ja]
안해도 돼,122,[an.hɛ.to.twɛ],[an.hɛ.do.dwɛ]
아직 말,122,[a.tʃik̚.mal],[a.dʒik̚.mal]
파티 때,122,[pʰa.tʰi.t͈ɛ],[pʰa.tʰi.t͈ɛ]
제 손을,122,[tʃe.son.ɯl],[dʒe.son.ɯl]
아무 일 없을 거야,122,[a.mu.il.ʌp̚.ɯl.kʌ.ja],[a.mu.il.ʌp̚.ɯl.gʌ.ja]
그렇게 말했잖아,122,[kɯ.ɾʌt̚.ke.mal.hɛt̚.tʃan.a],[gɯ.ɾʌt̚.ke.mal.hɛt̚.tʃan.a]
왜 갖고,122,[wɛ.kat̚.ko],[wɛ.gat̚.ko]
괜찮아 우리,122,[kwɛn.tʃʰan.a.u.ɾi],[gwɛn.tʃʰan.a.u.ɾi]
남자 친구를,122,[nan.tʃa.tʃʰiŋ.ku.ɾɯl],[nan.tʃa.tʃʰiŋ.ku.ɾɯl]
명령에 따라,122,[mjʌŋ.ɾjʌŋ.e.t͈a.ɾa],[mjʌŋ.ɾjʌŋ.e.t͈a.ɾa]
겁니다 당신이,122,[kʌp̚.ni.ta.taŋ.sin.i],[gʌp̚.ni.da.daŋ.sin.i]
한번 해 봐,122,[ham.pʌn.hɛ.pwa],[ham.pʌn.hɛ.bwa]
나한테 뭐라고,122,[na.han.tʰe.mwʌ.ɾa.ko],[na.han.tʰe.mwʌ.ɾa.go]
거기서 뭐 해,122,[kʌ.ki.sʌ.mwʌ.hɛ],[gʌ.gi.sʌ.mwʌ.hɛ]
무슨 생각인지,122,[mu.sɯn.sɛŋ.kak̚.in.tʃi],[mu.sɯn.sɛŋ.gak̚.in.tʃi]
전에 나는,122,[tʃʌn.e.na.nɯn],[dʒʌn.e.na.nɯn]
아버지와 함께,122,[a.pʌ.tʃi.wa.ham.k͈e],[a.bʌ.dʒi.wa.ham.k͈e]
거야 얼마나,122,[kʌ.ja.ʌl.ma.na],[gʌ.ja.ʌl.ma.na]
고마워요 내,122,[ko.ma.wʌ.jo.nɛ],[go.ma.wʌ.jo.nɛ]
내가 죽는,122,[nɛ.ka.tʃuk̚.nɯn],[nɛ.ga.dʒuk̚.nɯn]
집에 오지,122,[tʃip̚.e.o.tʃi],[dʒip̚.e.o.dʒi]
설마 내가,122,[sʌl.ma.nɛ.ka],[sʌl.ma.nɛ.ga]
이룬 꿈을,122,[i.ɾuŋ.k͈um.ɯl],[i.ɾuŋ.k͈um.ɯl]
know where,122,,
내가 걱정하는,122,[nɛ.ka.kʌk̚.tʃʌŋ.ha.nɯn],[nɛ.ga.gʌk̚.tʃʌŋ.ha.nɯn]
아니란 거,122,[a.ni.ɾaŋ.kʌ],[a.ni.ɾan.gʌ]
날 그,122,[nal.kɯ],[nal.gɯ]
오지 마요,122,[o.tʃi.ma.jo],[o.dʒi.ma.jo]
우린 괜찮아요,122,[u.ɾiŋ.kwɛn.tʃʰan.a.jo],[u.ɾin.gwɛn.tʃʰan.a.jo]
한 분이,122,[ham.pun.i],[han.bun.i]
것 같기도 하고,122,[kʌt̚.kat̚.ki.to.ha.ko],[gʌt̚.gat̚.ki.do.ha.go]
사람 누구야,122,[sa.ɾam.nu.ku.ja],[sa.ɾam.nu.gu.ja]
전에 만난,122,[tʃʌn.e.man.nan],[dʒʌn.e.man.nan]
못 볼 거야,122,[mot̚.pol.kʌ.ja],[mot̚.bol.gʌ.ja]
그렇다고 할,122,[kɯ.ɾʌt̚.ta.ko.hal],[gɯ.ɾʌt̚.ta.go.hal]
넌 이해 못 해,122,[nʌn.i.hɛ.mot̚.hɛ],[nʌn.i.hɛ.mot̚.hɛ]
내 옷,122,[nɛ.ot̚],[nɛ.ot̚]
수 있어 이,122,[su.it̚.ʌ.i],[su.it̚.ʌ.i]
문 여는,122,[mun.jʌ.nɯn],[mun.jʌ.nɯn]
있었을 겁니다,122,[it̚.ʌt̚.ɯl.kʌp̚.ni.ta],[it̚.ʌt̚.ɯl.gʌp̚.ni.da]
있었으면 좋겠다,122,[it̚.ʌt̚.ɯ.mjʌn.tʃot̚.ket̚.ta],[it̚.ʌt̚.ɯ.mjʌn.dʒot̚.ket̚.ta]
죽을지도 몰라,122,[tʃuk̚.ɯl.tʃi.to.mol.ɾa],[dʒuk̚.ɯl.tʃi.do.mol.ɾa]
거 같구나,122,[kʌ.kat̚.ku.na],[gʌ.gat̚.ku.na]
같은 가슴의 열기 偽りそうな胸の熱,121,[kat̚.ɯŋ.ka.sɯm.ɯi.jʌl.ki],[gat̚.ɯn.ga.sɯm.ɯi.jʌl.ki]
キスをしよう 제멋대로,121,[tʃe.mʌt̚.tɛ.ɾo],[dʒe.mʌt̚.tɛ.ɾo]
그대로를 사랑해 生まれたままを愛してる 태어난,121,[kɯ.tɛ.ɾo.ɾɯl.sa.ɾaŋ.hɛ.tʰɛ.ʌ.nan],[gɯ.dɛ.ɾo.ɾɯl.sa.ɾaŋ.hɛ.tʰɛ.ʌ.nan]
저 사람들을,121,[tʃʌ.sa.ɾan.tɯl.ɯl],[dʒʌ.sa.ɾan.tɯl.ɯl]
셜록 홈즈,121,[sjʌl.ɾok̚.hon.tʃɯ],[sjʌl.ɾok̚.hon.tʃɯ]
믿는 대로 感じるまま 信じるまま,121,[mit̚.nɯn.tɛ.ɾo],[mit̚.nɯn.dɛ.ɾo]
날개 달린,121,[nal.kɛ.tal.ɾin],[nal.kɛ.dal.ɾin]
시작해 볼까,121,[si.tʃak̚.hɛ.pol.k͈a],[si.dʒak̚.hɛ.bol.k͈a]
대로 感じるまま,121,[tɛ.ɾo],[dɛ.ɾo]
가슴의 열기 偽りそうな胸の熱,121,[ka.sɯm.ɯi.jʌl.ki],[ga.sɯm.ɯi.jʌl.ki]
일이 벌어질,121,[il.i.pʌl.ʌ.tʃil],[il.i.bʌl.ʌ.dʒil]
열기 偽りそうな胸の熱,121,[jʌl.ki],[jʌl.ki]
맞아요 내가,121,[mat̚.a.jo.nɛ.ka],[mat̚.a.jo.nɛ.ga]
없는 사람은,121,[ʌp̚.nɯn.sa.ɾam.ɯn],[ʌp̚.nɯn.sa.ɾam.ɯn]
대로 感じるまま 信じるまま 느끼는,121,[tɛ.ɾo.nɯ.k͈i.nɯn],[dɛ.ɾo.nɯ.k͈i.nɯn]
알았어 우리,121,[al.at̚.ʌ.u.ɾi],[al.at̚.ʌ.u.ɾi]
아님 내가,121,[a.nim.nɛ.ka],[a.nim.nɛ.ga]
일으켜 夢のsparkあげるよ 꿈의 spark를,121,[il.ɯ.kʰjʌ.k͈um.ɯi.ɾɯl],[il.ɯ.kʰjʌ.k͈um.ɯi.ɾɯl]
조금 있으면,121,[tʃo.kɯm.it̚.ɯ.mjʌn],[dʒo.gɯm.it̚.ɯ.mjʌn]
태어난 그대로를 사랑해 生まれたままを愛してる,121,[tʰɛ.ʌ.naŋ.kɯ.tɛ.ɾo.ɾɯl.sa.ɾaŋ.hɛ],[tʰɛ.ʌ.nan.gɯ.dɛ.ɾo.ɾɯl.sa.ɾaŋ.hɛ]
있는 것 같습니다,121,[it̚.nɯŋ.kʌt̚.kat̚.sɯp̚.ni.ta],[it̚.nɯn.gʌt̚.gat̚.sɯp̚.ni.da]
믿는 대로 感じるまま,121,[mit̚.nɯn.tɛ.ɾo],[mit̚.nɯn.dɛ.ɾo]
보고 싶었다,121,[po.ko.sip̚.ʌt̚.ta],[bo.go.sip̚.ʌt̚.ta]
그렇게 생각할,121,[kɯ.ɾʌt̚.ke.sɛŋ.kak̚.hal],[gɯ.ɾʌt̚.ke.sɛŋ.gak̚.hal]
덜컹덜컹 부딪치는 코어로,121,[tʌl.kʰʌŋ.tʌl.kʰʌm.pu.tit̚.tʃʰi.nɯŋ.kʰo.ʌ.ɾo],[dʌl.kʰʌŋ.dʌl.kʰʌŋ.bu.dit̚.tʃʰi.nɯŋ.kʰo.ʌ.ɾo]
제가 그를,121,[tʃe.ka.kɯ.ɾɯl],[dʒe.ga.gɯ.ɾɯl]
알았어요 난,121,[al.at̚.ʌ.jo.nan],[al.at̚.ʌ.jo.nan]
엄마는 내가,121,[ʌm.ma.nɯn.nɛ.ka],[ʌm.ma.nɯn.nɛ.ga]
영어 할,121,[jʌŋ.ʌ.hal],[jʌŋ.ʌ.hal]
너무 많다,121,[nʌ.mu.man.ta],[nʌ.mu.man.ta]
始めから気付いていた 처음부터 알고 있었지,121,[tʃʰʌ.ɯm.pu.tʰʌ.al.ko.it̚.ʌt̚.tʃi],[tʃʰʌ.ɯm.pu.tʰʌ.al.ko.it̚.ʌt̚.tʃi]
우린 당신을,121,[u.ɾin.taŋ.sin.ɯl],[u.ɾin.daŋ.sin.ɯl]
그런데 네가,121,[kɯ.ɾʌn.te.ne.ka],[gɯ.ɾʌn.te.ne.ga]
거예요 그걸,121,[kʌ.je.jo.kɯ.kʌl],[gʌ.je.jo.gɯ.gʌl]
그 마음,121,[kɯ.ma.ɯm],[gɯ.ma.ɯm]
ワガママな キスをしよう 제멋대로 키스하겠어,121,[tʃe.mʌt̚.tɛ.ɾo.kʰi.sɯ.ha.ket̚.ʌ],[dʒe.mʌt̚.tɛ.ɾo.kʰi.sɯ.ha.get̚.ʌ]
너무 좋은,121,[nʌ.mu.tʃot̚.ɯn],[nʌ.mu.dʒot̚.ɯn]
일으켜 夢のsparkあげるよ 꿈의,121,[il.ɯ.kʰjʌ.k͈um.ɯi],[il.ɯ.kʰjʌ.k͈um.ɯi]
말 듣지 마,121,[mal.tɯt̚.tʃi.ma],[mal.dɯt̚.tʃi.ma]
왜 그랬지,121,[wɛ.kɯ.ɾɛt̚.tʃi],[wɛ.gɯ.ɾɛt̚.tʃi]
全てが君のせいだと 모든 게,121,[mo.tɯŋ.ke],[mo.dɯn.ge]
그를 본,121,[kɯ.ɾɯl.pon],[gɯ.ɾɯl.bon]
줄은 꿈에도,121,[tʃul.ɯŋ.k͈um.e.to],[dʒul.ɯŋ.k͈um.e.do]
輝いた六等星 찬란하게 빛난,121,[tʃʰal.lan.ha.ke.pit̚.nan],[tʃʰal.lan.ha.ge.bit̚.nan]
사과 안,121,[sa.kwa.an],[sa.gwa.an]
별일 없어요,121,[pjʌl.il.ʌp̚.ʌ.jo],[bjʌl.il.ʌp̚.ʌ.jo]
계속 이,121,[kje.sok̚.i],[gje.sok̚.i]
my dad,121,,
始めから気付いていた 처음부터 알고,121,[tʃʰʌ.ɯm.pu.tʰʌ.al.ko],[tʃʰʌ.ɯm.pu.tʰʌ.al.ko]
함께 하고,121,[ham.k͈e.ha.ko],[ham.k͈e.ha.go]
바보 같은 소리,121,[pa.po.kat̚.ɯn.so.ɾi],[ba.bo.gat̚.ɯn.so.ɾi]
그들이 나를,121,[kɯ.tɯl.i.na.ɾɯl],[gɯ.dɯl.i.na.ɾɯl]
그러면 이,121,[kɯ.ɾʌ.mjʌn.i],[gɯ.ɾʌ.mjʌn.i]
같은 생각을,121,[kat̚.ɯn.sɛŋ.kak̚.ɯl],[gat̚.ɯn.sɛŋ.gak̚.ɯl]
이젠 못,121,[i.tʃen.mot̚],[i.dʒen.mot̚]
난 그만,121,[naŋ.kɯ.man],[nan.gɯ.man]
딱 걸렸어,121,[t͈ak̚.kʌl.ɾjʌt̚.ʌ],[t͈ak̚.gʌl.ɾjʌt̚.ʌ]
나는 건,121,[na.nɯŋ.kʌn],[na.nɯn.gʌn]
이 꼴로,121,[i.k͈ol.ɾo],[i.k͈ol.ɾo]
때까지 Love,121,[t͈ɛ.k͈a.tʃi],[t͈ɛ.k͈a.dʒi]
꿈의 spark를 일으켜 夢のsparkあげるよ,121,[k͈um.ɯi.ɾɯl.il.ɯ.kʰjʌ],[k͈um.ɯi.ɾɯl.il.ɯ.kʰjʌ]
기억에서 사라진 몸도,121,[ki.ʌk̚.e.sʌ.sa.ɾa.tʃin.mon.to],[gi.ʌk̚.e.sʌ.sa.ɾa.dʒin.mon.to]
그럼 이걸,121,[kɯ.ɾʌm.i.kʌl],[gɯ.ɾʌm.i.gʌl]
그렇게 할게요,121,[kɯ.ɾʌt̚.ke.hal.ke.jo],[gɯ.ɾʌt̚.ke.hal.ke.jo]
이건 확실히,121,[i.kʌn.hwak̚.sil.hi],[i.gʌn.hwak̚.sil.hi]
모든 것에 대해,121,[mo.tɯŋ.kʌt̚.e.tɛ.hɛ],[mo.dɯn.gʌt̚.e.dɛ.hɛ]
집으로 돌아갈,121,[tʃip̚.ɯ.ɾo.tol.a.kal],[dʒip̚.ɯ.ɾo.dol.a.gal]
우린 괜찮을 거야,121,[u.ɾiŋ.kwɛn.tʃʰan.ɯl.kʌ.ja],[u.ɾin.gwɛn.tʃʰan.ɯl.gʌ.ja]
어디로 가죠,121,[ʌ.ti.ɾo.ka.tʃjo],[ʌ.di.ɾo.ga.dʒjo]
소리 들었어,121,[so.ɾi.tɯl.ʌt̚.ʌ],[so.ɾi.dɯl.ʌt̚.ʌ]
네 놈이,121,[ne.nom.i],[ne.nom.i]
알았어요 고마워요,121,[al.at̚.ʌ.jo.ko.ma.wʌ.jo],[al.at̚.ʌ.jo.go.ma.wʌ.jo]
思想 위장된 이상,121,[wi.tʃaŋ.twen.i.saŋ],[wi.dʒaŋ.dwen.i.saŋ]
돼 이게,121,[twɛ.i.ke],[dwɛ.i.ge]
것 그게,121,[kʌt̚.kɯ.ke],[gʌt̚.gɯ.ge]
의 웃음,121,[ɯi.ut̚.ɯm],[ɯi.ut̚.ɯm]
좀 갖고,121,[tʃom.kat̚.ko],[dʒom.gat̚.ko]
누군가 내,121,[nu.kuŋ.ka.nɛ],[nu.guŋ.ka.nɛ]
there was,121,,
나도 사랑해요,121,[na.to.sa.ɾaŋ.hɛ.jo],[na.do.sa.ɾaŋ.hɛ.jo]
제 이름이,121,[tʃe.i.ɾɯm.i],[dʒe.i.ɾɯm.i]
다른 계획이,121,[ta.ɾɯŋ.kje.hwek̚.i],[da.ɾɯn.gje.hwek̚.i]
내가 했어,121,[nɛ.ka.hɛt̚.ʌ],[nɛ.ga.hɛt̚.ʌ]
된다는 거,121,[twen.ta.nɯŋ.kʌ],[dwen.ta.nɯn.gʌ]
없다고 했어요,121,[ʌp̚.ta.ko.hɛt̚.ʌ.jo],[ʌp̚.ta.go.hɛt̚.ʌ.jo]
나한테 이런,121,[na.han.tʰe.i.ɾʌn],[na.han.tʰe.i.ɾʌn]
내가 그녀에게,121,[nɛ.ka.kɯ.njʌ.e.ke],[nɛ.ga.gɯ.njʌ.e.ge]
가슴의 열기 偽りそうな胸の熱 속일,121,[ka.sɯm.ɯi.jʌl.ki.sok̚.il],[ga.sɯm.ɯi.jʌl.ki.sok̚.il]
불타오르는 잔해 위에 서있어,121,[pul.tʰa.o.ɾɯ.nɯn.tʃan.hɛ.wi.e.sʌ.it̚.ʌ],[bul.tʰa.o.ɾɯ.nɯn.dʒan.hɛ.wi.e.sʌ.it̚.ʌ]
원하지 않았어,121,[wʌn.ha.tʃi.an.at̚.ʌ],[wʌn.ha.dʒi.an.at̚.ʌ]
痛みの音が聴こえた 아픔의 소리가 들렸어,121,[a.pʰɯm.ɯi.so.ɾi.ka.tɯl.ɾjʌt̚.ʌ],[a.pʰɯm.ɯi.so.ɾi.ga.dɯl.ɾjʌt̚.ʌ]
불타오르는 잔해,121,[pul.tʰa.o.ɾɯ.nɯn.tʃan.hɛ],[bul.tʰa.o.ɾɯ.nɯn.dʒan.hɛ]
希望 무장된,121,[mu.tʃaŋ.twen],[mu.dʒaŋ.dwen]
영향을 줄,121,[jʌŋ.hjaŋ.ɯl.tʃul],[jʌŋ.hjaŋ.ɯl.dʒul]
똑바로 보고,121,[t͈ok̚.pa.ɾo.po.ko],[t͈ok̚.pa.ɾo.bo.go]
마 지금,121,[ma.tʃi.kɯm],[ma.dʒi.gɯm]
하는 말이에요,121,[ha.nɯn.mal.i.e.jo],[ha.nɯn.mal.i.e.jo]
걸 생각해,121,[kʌl.sɛŋ.kak̚.hɛ],[gʌl.sɛŋ.gak̚.hɛ]
사람일 수도,121,[sa.ɾam.il.su.to],[sa.ɾam.il.su.do]
나는 두,121,[na.nɯn.tu],[na.nɯn.du]
오래 걸리진,121,[o.ɾɛ.kʌl.ɾi.tʃin],[o.ɾɛ.gʌl.ɾi.dʒin]
하러 왔어,121,[ha.ɾʌ.wat̚.ʌ],[ha.ɾʌ.wat̚.ʌ]
여기서 기다리세요,121,[jʌ.ki.sʌ.ki.ta.ɾi.se.jo],[jʌ.gi.sʌ.gi.da.ɾi.se.jo]
아슬아슬할 때까지 Love forever,121,[a.sɯl.a.sɯl.hal.t͈ɛ.k͈a.tʃi],[a.sɯl.a.sɯl.hal.t͈ɛ.k͈a.dʒi]
있으면 안돼,121,[it̚.ɯ.mjʌn.an.twɛ],[it̚.ɯ.mjʌn.an.twɛ]
잔해 위에 서있어,121,[tʃan.hɛ.wi.e.sʌ.it̚.ʌ],[dʒan.hɛ.wi.e.sʌ.it̚.ʌ]
일어나고 있어,121,[il.ʌ.na.ko.it̚.ʌ],[il.ʌ.na.go.it̚.ʌ]
눈을 떠,121,[nun.ɯl.t͈ʌ],[nun.ɯl.t͈ʌ]
확신이 안,121,[hwak̚.sin.i.an],[hwak̚.sin.i.an]
찾는 거죠,121,[tʃʰat̚.nɯŋ.kʌ.tʃjo],[tʃʰat̚.nɯn.gʌ.dʒjo]
사라진 몸도,121,[sa.ɾa.tʃin.mon.to],[sa.ɾa.dʒin.mon.to]
그럴 일 없어요,121,[kɯ.ɾʌl.il.ʌp̚.ʌ.jo],[gɯ.ɾʌl.il.ʌp̚.ʌ.jo]
사랑해 生まれたままを愛してる,121,[sa.ɾaŋ.hɛ],[sa.ɾaŋ.hɛ]
내가 아냐,121,[nɛ.ka.a.nja],[nɛ.ga.a.nja]
뭔가 특별한,121,[mwʌŋ.ka.tʰɯk̚.pjʌl.han],[mwʌŋ.ka.tʰɯk̚.pjʌl.han]
キスをしよう 제멋대로 키스하겠어,121,[tʃe.mʌt̚.tɛ.ɾo.kʰi.sɯ.ha.ket̚.ʌ],[dʒe.mʌt̚.tɛ.ɾo.kʰi.sɯ.ha.get̚.ʌ]
偽装した理想 思想,121,,
대로 感じるまま 信じるまま,121,[tɛ.ɾo],[dɛ.ɾo]
하나 더 있어요,121,[ha.na.tʌ.it̚.ʌ.jo],[ha.na.dʌ.it̚.ʌ.jo]
위해 무슨,121,[wi.hɛ.mu.sɯn],[wi.hɛ.mu.sɯn]
뭐 문제,121,[mwʌ.mun.tʃe],[mwʌ.mun.tʃe]
큰 일을,121,[kʰɯn.il.ɯl],[kʰɯn.il.ɯl]
must be,121,,
어디서 배웠어,121,[ʌ.ti.sʌ.pɛ.wʌt̚.ʌ],[ʌ.di.sʌ.bɛ.wʌt̚.ʌ]
그런 뜻이 아니라,121,[kɯ.ɾʌn.t͈ɯt̚.i.a.ni.ɾa],[gɯ.ɾʌn.t͈ɯt̚.i.a.ni.ɾa]
무슨 문제 있어요,121,[mu.sɯn.mun.tʃe.it̚.ʌ.jo],[mu.sɯn.mun.tʃe.it̚.ʌ.jo]
武装した野望 希望,121,,
아픔의 소리가 들렸어,121,[a.pʰɯm.ɯi.so.ɾi.ka.tɯl.ɾjʌt̚.ʌ],[a.pʰɯm.ɯi.so.ɾi.ga.dɯl.ɾjʌt̚.ʌ]
좀 해도 될까요,121,[tʃom.hɛ.to.twel.k͈a.jo],[dʒom.hɛ.do.dwel.k͈a.jo]
신경쓰지 마,121,[siŋ.kjʌŋ.s͈ɯ.tʃi.ma],[siŋ.kjʌŋ.s͈ɯ.dʒi.ma]
다시 집으로,121,[ta.si.tʃip̚.ɯ.ɾo],[da.si.dʒip̚.ɯ.ɾo]
ドゥクドゥク ぶつかるコアで,121,,
몰라 무슨,121,[mol.ɾa.mu.sɯn],[mol.ɾa.mu.sɯn]
나는 당신에게,121,[na.nɯn.taŋ.sin.e.ke],[na.nɯn.daŋ.sin.e.ge]
spark를 일으켜 夢のsparkあげるよ 꿈의,121,[ɾɯl.il.ɯ.kʰjʌ.k͈um.ɯi],[ɾɯl.il.ɯ.kʰjʌ.k͈um.ɯi]
사진 찍는,121,[sa.tʃin.tʃ͈ik̚.nɯn],[sa.dʒin.tʃ͈ik̚.nɯn]
이게 뭐냐,121,[i.ke.mwʌ.nja],[i.ge.mwʌ.nja]
안 됐죠,121,[an.twɛt̚.tʃjo],[an.dwɛt̚.tʃjo]
진짜 싫어,121,[tʃin.tʃ͈a.sil.ʌ],[dʒin.tʃ͈a.sil.ʌ]
않아 우린,121,[an.a.u.ɾin],[an.a.u.ɾin]
사랑해 生まれたままを愛してる 태어난,121,[sa.ɾaŋ.hɛ.tʰɛ.ʌ.nan],[sa.ɾaŋ.hɛ.tʰɛ.ʌ.nan]
덜컹덜컹 부딪치는,121,[tʌl.kʰʌŋ.tʌl.kʰʌm.pu.tit̚.tʃʰi.nɯn],[dʌl.kʰʌŋ.dʌl.kʰʌŋ.bu.dit̚.tʃʰi.nɯn]
듣게 될,121,[tɯt̚.ke.twel],[dɯt̚.ke.dwel]
아는 것은,121,[a.nɯŋ.kʌt̚.ɯn],[a.nɯn.gʌt̚.ɯn]
이해가 안 되네,121,[i.hɛ.ka.an.twe.ne],[i.hɛ.ga.an.dwe.ne]
못 찾는,121,[mot̚.tʃʰat̚.nɯn],[mot̚.tʃʰat̚.nɯn]
을 위해,121,[ɯl.wi.hɛ],[ɯl.wi.hɛ]
機械のような奴らに 기계 같은 놈들한테,121,[ki.kje.kat̚.ɯn.non.tɯl.han.tʰe],[gi.gje.gat̚.ɯn.non.tɯl.han.tʰe]
ぶつかるコアで 덜컹덜컹 부딪치는 코어로,121,[tʌl.kʰʌŋ.tʌl.kʰʌm.pu.tit̚.tʃʰi.nɯŋ.kʰo.ʌ.ɾo],[dʌl.kʰʌŋ.dʌl.kʰʌŋ.bu.dit̚.tʃʰi.nɯŋ.kʰo.ʌ.ɾo]
우리는 그렇게,121,[u.ɾi.nɯŋ.kɯ.ɾʌt̚.ke],[u.ɾi.nɯn.gɯ.ɾʌt̚.ke]
뭐 드릴까요,121,[mwʌ.tɯ.ɾil.k͈a.jo],[mwʌ.dɯ.ɾil.k͈a.jo]
있어 저기,121,[it̚.ʌ.tʃʌ.ki],[it̚.ʌ.dʒʌ.gi]
우린 이런,121,[u.ɾin.i.ɾʌn],[u.ɾin.i.ɾʌn]
해야 할 것 같아,121,[hɛ.ja.hal.kʌt̚.kat̚.a],[hɛ.ja.hal.gʌt̚.gat̚.a]
알게 되었다,121,[al.ke.twe.ʌt̚.ta],[al.ke.dwe.ʌt̚.ta]
좀 이상하지,121,[tʃom.i.saŋ.ha.tʃi],[dʒom.i.saŋ.ha.dʒi]
저 녀석을,121,[tʃʌ.njʌ.sʌk̚.ɯl],[dʒʌ.njʌ.sʌk̚.ɯl]
열기 偽りそうな胸の熱 속일 것만,121,[jʌl.ki.sok̚.il.kʌt̚.man],[jʌl.ki.sok̚.il.gʌt̚.man]
사랑해 生まれたままを愛してる 태어난 그대로를,121,[sa.ɾaŋ.hɛ.tʰɛ.ʌ.naŋ.kɯ.tɛ.ɾo.ɾɯl],[sa.ɾaŋ.hɛ.tʰɛ.ʌ.nan.gɯ.dɛ.ɾo.ɾɯl]
ワガママな キスをしよう 제멋대로,121,[tʃe.mʌt̚.tɛ.ɾo],[dʒe.mʌt̚.tɛ.ɾo]
때까지 Love forever,121,[t͈ɛ.k͈a.tʃi],[t͈ɛ.k͈a.dʒi]
돌아올 줄,121,[tol.a.ol.tʃul],[dol.a.ol.dʒul]
어디서 볼 수,121,[ʌ.ti.sʌ.pol.su],[ʌ.di.sʌ.bol.su]
일주일 전,121,[il.tʃu.il.tʃʌn],[il.tʃu.il.dʒʌn]
생일 파티에,121,[sɛŋ.il.pʰa.tʰi.e],[sɛŋ.il.pʰa.tʰi.e]
don''t care,121,,
思想 위장된,121,[wi.tʃaŋ.twen],[wi.dʒaŋ.dwen]
가족 중,121,[ka.tʃok̚.tʃuŋ],[ga.dʒok̚.dʒuŋ]
여기 있나,121,[jʌ.ki.it̚.na],[jʌ.gi.it̚.na]
지난 몇 주,121,[tʃi.nan.mjʌt̚.tʃu],[dʒi.nan.mjʌt̚.dʒu]
않아요 전,121,[an.a.jo.tʃʌn],[an.a.jo.dʒʌn]
몰라 우리,121,[mol.ɾa.u.ɾi],[mol.ɾa.u.ɾi]
밥 먹어,121,[pap̚.mʌk̚.ʌ],[bap̚.mʌk̚.ʌ]
성난 신음,121,[sʌŋ.nan.sin.ɯm],[sʌŋ.nan.sin.ɯm]
아니야 정말,121,[a.ni.ja.tʃʌŋ.mal],[a.ni.ja.dʒʌŋ.mal]
ぶつかるコアで 덜컹덜컹,121,[tʌl.kʰʌŋ.tʌl.kʰʌŋ],[dʌl.kʰʌŋ.dʌl.kʰʌŋ]
아픔의 소리가,121,[a.pʰɯm.ɯi.so.ɾi.ka],[a.pʰɯm.ɯi.so.ɾi.ga]
아니야 너,121,[a.ni.ja.nʌ],[a.ni.ja.nʌ]
over the,121,,
全てが君のせいだと 모든,121,[mo.tɯn],[mo.dɯn]
될 텐데요,121,[twel.tʰen.te.jo],[dwel.tʰen.te.jo]
난 널 알아,121,[nan.nʌl.al.a],[nan.nʌl.al.a]
Love forever,121,,
원할 때,121,[wʌn.hal.t͈ɛ],[wʌn.hal.t͈ɛ]
의심 안,121,[ɯi.sim.an],[ɯi.sim.an]
ドゥクドゥク ぶつかるコアで 덜컹덜컹,121,[tʌl.kʰʌŋ.tʌl.kʰʌŋ],[dʌl.kʰʌŋ.dʌl.kʰʌŋ]
넌 방금,121,[nʌm.paŋ.kɯm],[nʌn.baŋ.gɯm]
있어요 lrm,121,[it̚.ʌ.jo],[it̚.ʌ.jo]
말이 아니에요,121,[mal.i.a.ni.e.jo],[mal.i.a.ni.e.jo]
機械のような奴らに 기계 같은,121,[ki.kje.kat̚.ɯn],[gi.gje.gat̚.ɯn]
열기 偽りそうな胸の熱 속일,121,[jʌl.ki.sok̚.il],[jʌl.ki.sok̚.il]
전화가 왔는데,121,[tʃʌn.hwa.ka.wat̚.nɯn.te],[dʒʌn.hwa.ga.wat̚.nɯn.te]
내가 떠난,121,[nɛ.ka.t͈ʌ.nan],[nɛ.ga.t͈ʌ.nan]
繰り返す日常に 반복되는 일상에,121,[pam.pok̚.twe.nɯn.il.saŋ.e],[bam.pok̚.twe.nɯn.il.saŋ.e]
찾으러 갈,121,[tʃʰat̚.ɯ.ɾʌ.kal],[tʃʰat̚.ɯ.ɾʌ.gal]
위해 할 수,121,[wi.hɛ.hal.su],[wi.hɛ.hal.su]
닥터 베일리,121,[tak̚.tʰʌ.pe.il.ɾi],[dak̚.tʰʌ.be.il.ɾi]
美しくあれ戦士よ 아름다우라,121,[a.ɾɯn.ta.u.ɾa],[a.ɾɯn.ta.u.ɾa]
기억에서 사라진,121,[ki.ʌk̚.e.sʌ.sa.ɾa.tʃin],[gi.ʌk̚.e.sʌ.sa.ɾa.dʒin]
우리는 그렇지 않다,121,[u.ɾi.nɯŋ.kɯ.ɾʌt̚.tʃi.an.ta],[u.ɾi.nɯn.gɯ.ɾʌt̚.tʃi.an.ta]
아직도 날,121,[a.tʃik̚.to.nal],[a.dʒik̚.to.nal]
알아요 그리고,121,[al.a.jo.kɯ.ɾi.ko],[al.a.jo.gɯ.ɾi.go]
혹시 다른,121,[hok̚.si.ta.ɾɯn],[hok̚.si.da.ɾɯn]
알 만한,121,[al.man.han],[al.man.han]
난 절대 안,121,[nan.tʃʌl.tɛ.an],[nan.dʒʌl.tɛ.an]
조용히 하세요,121,[tʃo.joŋ.hi.ha.se.jo],[dʒo.joŋ.hi.ha.se.jo]
부딪치는 코어로,121,[pu.tit̚.tʃʰi.nɯŋ.kʰo.ʌ.ɾo],[bu.dit̚.tʃʰi.nɯŋ.kʰo.ʌ.ɾo]
아슬아슬할 때까지 Love,121,[a.sɯl.a.sɯl.hal.t͈ɛ.k͈a.tʃi],[a.sɯl.a.sɯl.hal.t͈ɛ.k͈a.dʒi]
웅장한 음악,121,[uŋ.tʃaŋ.han.ɯm.ak̚],[uŋ.dʒaŋ.han.ɯm.ak̚]
talking to,121,,
이길 수 있는,121,[i.kil.su.it̚.nɯn],[i.gil.su.it̚.nɯn]
거 기억해,121,[kʌ.ki.ʌk̚.hɛ],[gʌ.gi.ʌk̚.hɛ]
그대로를 사랑해 生まれたままを愛してる,121,[kɯ.tɛ.ɾo.ɾɯl.sa.ɾaŋ.hɛ],[gɯ.dɛ.ɾo.ɾɯl.sa.ɾaŋ.hɛ]
왜 온 거죠,121,[wɛ.oŋ.kʌ.tʃjo],[wɛ.on.gʌ.dʒjo]
빠른 속도로,121,[p͈a.ɾɯn.sok̚.to.ɾo],[p͈a.ɾɯn.sok̚.to.ɾo]
수 없으니까요,121,[su.ʌp̚.ɯ.ni.k͈a.jo],[su.ʌp̚.ɯ.ni.k͈a.jo]
아닐 수도 있어,121,[a.nil.su.to.it̚.ʌ],[a.nil.su.do.it̚.ʌ]
위장된 이상,121,[wi.tʃaŋ.twen.i.saŋ],[wi.dʒaŋ.dwen.i.saŋ]
와 주세요,121,[wa.tʃu.se.jo],[wa.dʒu.se.jo]
수도 있었지만,121,[su.to.it̚.ʌt̚.tʃi.man],[su.do.it̚.ʌt̚.tʃi.man]
일이 있었다,121,[il.i.it̚.ʌt̚.ta],[il.i.it̚.ʌt̚.ta]
진짜 나쁜,121,[tʃin.tʃ͈a.na.p͈ɯn],[dʒin.tʃ͈a.na.p͈ɯn]
武装した野望 希望 무장된,121,[mu.tʃaŋ.twen],[mu.dʒaŋ.dwen]
全てが君のせいだと 모든 게 네,121,[mo.tɯŋ.ke.ne],[mo.dɯn.ge.ne]
痛みの音が聴こえた 아픔의 소리가,121,[a.pʰɯm.ɯi.so.ɾi.ka],[a.pʰɯm.ɯi.so.ɾi.ga]
문 닫는,121,[mun.tat̚.nɯn],[mun.dat̚.nɯn]
전화하지 마,121,[tʃʌn.hwa.ha.tʃi.ma],[dʒʌn.hwa.ha.dʒi.ma]
偽装した理想 思想 위장된,121,[wi.tʃaŋ.twen],[wi.dʒaŋ.dwen]
輝いた六等星 찬란하게,121,[tʃʰal.lan.ha.ke],[tʃʰal.lan.ha.ge]
미친 사람,121,[mi.tʃʰin.sa.ɾam],[mi.tʃʰin.sa.ɾam]
시간 가는,121,[si.kaŋ.ka.nɯn],[si.gan.ga.nɯn]
거야 약속할게,121,[kʌ.ja.jak̚.sok̚.hal.ke],[gʌ.ja.jak̚.sok̚.hal.ke]
You''re a,121,,
偽装した理想 思想 위장된 이상,121,[wi.tʃaŋ.twen.i.saŋ],[wi.dʒaŋ.dwen.i.saŋ]
너는 무엇을,121,[nʌ.nɯn.mu.ʌt̚.ɯl],[nʌ.nɯn.mu.ʌt̚.ɯl]
그녀가 할,121,[kɯ.njʌ.ka.hal],[gɯ.njʌ.ga.hal]
대해 알게,121,[tɛ.hɛ.al.ke],[dɛ.hɛ.al.ke]
두 번의,121,[tu.pʌn.ɯi],[du.bʌn.ɯi]
척 하는,121,[tʃʰʌk̚.ha.nɯn],[tʃʰʌk̚.ha.nɯn]
what the,121,,
같아요 제가,121,[kat̚.a.jo.tʃe.ka],[gat̚.a.jo.dʒe.ga]
무장된 야망,121,[mu.tʃaŋ.twen.ja.maŋ],[mu.dʒaŋ.dwen.ja.maŋ]
ぶつかるコアで 덜컹덜컹 부딪치는,121,[tʌl.kʰʌŋ.tʌl.kʰʌm.pu.tit̚.tʃʰi.nɯn],[dʌl.kʰʌŋ.dʌl.kʰʌŋ.bu.dit̚.tʃʰi.nɯn]
希望 무장된 야망,121,[mu.tʃaŋ.twen.ja.maŋ],[mu.dʒaŋ.dwen.ja.maŋ]
좋아 여기,121,[tʃot̚.a.jʌ.ki],[dʒot̚.a.jʌ.gi]
ドゥクドゥク ぶつかるコアで 덜컹덜컹 부딪치는,121,[tʌl.kʰʌŋ.tʌl.kʰʌm.pu.tit̚.tʃʰi.nɯn],[dʌl.kʰʌŋ.dʌl.kʰʌŋ.bu.dit̚.tʃʰi.nɯn]
거짓말을 해,121,[kʌ.tʃit̚.mal.ɯl.hɛ],[gʌ.dʒit̚.mal.ɯl.hɛ]
spark를 일으켜 夢のsparkあげるよ,121,[ɾɯl.il.ɯ.kʰjʌ],[ɾɯl.il.ɯ.kʰjʌ]
武装した野望 希望 무장된 야망,121,[mu.tʃaŋ.twen.ja.maŋ],[mu.dʒaŋ.dwen.ja.maŋ]
게 중요하지,121,[ke.tʃuŋ.jo.ha.tʃi],[ge.dʒuŋ.jo.ha.dʒi]
일으켜 夢のsparkあげるよ,121,[il.ɯ.kʰjʌ],[il.ɯ.kʰjʌ]
찬란하게 빛난,121,[tʃʰal.lan.ha.ke.pit̚.nan],[tʃʰal.lan.ha.ge.bit̚.nan]
줘 네,121,[tʃwʌ.ne],[dʒwʌ.ne]
내는 거야,121,[nɛ.nɯŋ.kʌ.ja],[nɛ.nɯn.gʌ.ja]
처럼 보인다,121,[tʃʰʌ.ɾʌm.po.in.ta],[tʃʰʌ.ɾʌm.bo.in.ta]
웃을 수,121,[ut̚.ɯl.su],[ut̚.ɯl.su]
불타오르는 잔해 위에,121,[pul.tʰa.o.ɾɯ.nɯn.tʃan.hɛ.wi.e],[bul.tʰa.o.ɾɯ.nɯn.dʒan.hɛ.wi.e]
繰り返す日常に 반복되는,121,[pam.pok̚.twe.nɯn],[bam.pok̚.twe.nɯn]
始めから気付いていた 처음부터,121,[tʃʰʌ.ɯm.pu.tʰʌ],[tʃʰʌ.ɯm.pu.tʰʌ]
시간 여행을,121,[si.kan.jʌ.hɛŋ.ɯl],[si.gan.jʌ.hɛŋ.ɯl]
특별한 게,121,[tʰɯk̚.pjʌl.haŋ.ke],[tʰɯk̚.pjʌl.han.ge]
the rest,121,,
되고 싶었어요,121,[twe.ko.sip̚.ʌt̚.ʌ.jo],[dwe.go.sip̚.ʌt̚.ʌ.jo]
알았어 왜,121,[al.at̚.ʌ.wɛ],[al.at̚.ʌ.wɛ]
ワガママな キスをしよう,121,,
어떻게 생각하십니까,121,[ʌ.t͈ʌt̚.ke.sɛŋ.kak̚.ha.sip̚.ni.k͈a],[ʌ.t͈ʌt̚.ke.sɛŋ.gak̚.ha.sip̚.ni.k͈a]
여기 또,121,[jʌ.ki.t͈o],[jʌ.gi.t͈o]
다른 종류의,121,[ta.ɾɯn.tʃoŋ.ɾju.ɯi],[da.ɾɯn.dʒoŋ.ɾju.ɯi]
있었어요 그래서,121,[it̚.ʌt̚.ʌ.jo.kɯ.ɾɛ.sʌ],[it̚.ʌt̚.ʌ.jo.gɯ.ɾɛ.sʌ]
믿기지 않아요,121,[mit̚.ki.tʃi.an.a.jo],[mit̚.ki.dʒi.an.a.jo]
있을 때마다,121,[it̚.ɯl.t͈ɛ.ma.ta],[it̚.ɯl.t͈ɛ.ma.da]
기계 같은 놈들한테,121,[ki.kje.kat̚.ɯn.non.tɯl.han.tʰe],[gi.gje.gat̚.ɯn.non.tɯl.han.tʰe]
없어 누가,121,[ʌp̚.ʌ.nu.ka],[ʌp̚.ʌ.nu.ga]
機械のような奴らに 기계,121,[ki.kje],[gi.gje]
내 능력을,121,[nɛ.nɯŋ.ɾjʌk̚.ɯl],[nɛ.nɯŋ.ɾjʌk̚.ɯl]
반복되는 일상에,121,[pam.pok̚.twe.nɯn.il.saŋ.e],[bam.pok̚.twe.nɯn.il.saŋ.e]
일을 하고 있어,121,[il.ɯl.ha.ko.it̚.ʌ],[il.ɯl.ha.go.it̚.ʌ]
있어 그들이,121,[it̚.ʌ.kɯ.tɯl.i],[it̚.ʌ.gɯ.dɯl.i]
痛みの音が聴こえた 아픔의,121,[a.pʰɯm.ɯi],[a.pʰɯm.ɯi]
안 하게,121,[an.ha.ke],[an.ha.ge]
얼마나 위험한지,121,[ʌl.ma.na.wi.hʌm.han.tʃi],[ʌl.ma.na.wi.hʌm.han.tʃi]
이 학교,120,[i.hak̚.kjo],[i.hak̚.kjo]
했지 그,120,[hɛt̚.tʃi.kɯ],[hɛt̚.tʃi.gɯ]
좋은 말,120,[tʃot̚.ɯn.mal],[dʒot̚.ɯn.mal]
당신은 어때요,120,[taŋ.sin.ɯn.ʌ.t͈ɛ.jo],[daŋ.sin.ɯn.ʌ.t͈ɛ.jo]
대기 중입니다,120,[tɛ.ki.tʃuŋ.ip̚.ni.ta],[dɛ.gi.dʒuŋ.ip̚.ni.da]
그래서 당신,120,[kɯ.ɾɛ.sʌ.taŋ.sin],[gɯ.ɾɛ.sʌ.daŋ.sin]
거야 자네,120,[kʌ.ja.tʃa.ne],[gʌ.ja.dʒa.ne]
몇 개는,120,[mjʌt̚.kɛ.nɯn],[mjʌt̚.gɛ.nɯn]
줄 어떻게,120,[tʃul.ʌ.t͈ʌt̚.ke],[dʒul.ʌ.t͈ʌt̚.ke]
할 말 있어요,120,[hal.mal.it̚.ʌ.jo],[hal.mal.it̚.ʌ.jo]
끝이 안,120,[k͈ɯt̚.i.an],[k͈ɯt̚.i.an]
건 아닌지,120,[kʌn.a.nin.tʃi],[gʌn.a.nin.tʃi]
너는 할,120,[nʌ.nɯn.hal],[nʌ.nɯn.hal]
위해 그것을,120,[wi.hɛ.kɯ.kʌt̚.ɯl],[wi.hɛ.gɯ.gʌt̚.ɯl]
고마워 그리고,120,[ko.ma.wʌ.kɯ.ɾi.ko],[go.ma.wʌ.gɯ.ɾi.go]
참 좋아,120,[tʃʰan.tʃot̚.a],[tʃʰam.dʒot̚.a]
뭐라고 말 좀,120,[mwʌ.ɾa.ko.mal.tʃom],[mwʌ.ɾa.go.mal.dʒom]
like I,120,,
やがて叶った夢を 마침내 이룬 꿈을,120,[ma.tʃʰim.nɛ.i.ɾuŋ.k͈um.ɯl],[ma.tʃʰim.nɛ.i.ɾuŋ.k͈um.ɯl]
あなたの風に シンクロしたんだ,120,,
그녀는 여기,120,[kɯ.njʌ.nɯn.jʌ.ki],[gɯ.njʌ.nɯn.jʌ.gi]
무슨 일인지 말해,120,[mu.sɯn.il.in.tʃi.mal.hɛ],[mu.sɯn.il.in.tʃi.mal.hɛ]
것을 원하지,120,[kʌt̚.ɯl.wʌn.ha.tʃi],[gʌt̚.ɯl.wʌn.ha.dʒi]
내 편이,120,[nɛ.pʰjʌn.i],[nɛ.pʰjʌn.i]
목적을 위해,120,[mok̚.tʃʌk̚.ɯl.wi.hɛ],[mok̚.tʃʌk̚.ɯl.wi.hɛ]
내 의견을,120,[nɛ.ɯi.kjʌn.ɯl],[nɛ.ɯi.gjʌn.ɯl]
그냥 그렇다고,120,[kɯ.njaŋ.kɯ.ɾʌt̚.ta.ko],[gɯ.njaŋ.gɯ.ɾʌt̚.ta.go]
무슨 짓을 하는지,120,[mu.sɯn.tʃit̚.ɯl.ha.nɯn.tʃi],[mu.sɯn.dʒit̚.ɯl.ha.nɯn.tʃi]
수 없는 게,120,[su.ʌp̚.nɯŋ.ke],[su.ʌp̚.nɯn.ge]
그 여자야,120,[kɯ.jʌ.tʃa.ja],[gɯ.jʌ.dʒa.ja]
될 거란,120,[twel.kʌ.ɾan],[dwel.gʌ.ɾan]
기왕이면 똥이,120,[ki.waŋ.i.mjʌn.t͈oŋ.i],[gi.waŋ.i.mjʌn.t͈oŋ.i]
내 계획을,120,[nɛ.kje.hwek̚.ɯl],[nɛ.gje.hwek̚.ɯl]
You see,120,,
잘못 없어,120,[tʃal.mot̚.ʌp̚.ʌ],[dʒal.mot̚.ʌp̚.ʌ]
집에 잘,120,[tʃip̚.e.tʃal],[dʒip̚.e.dʒal]
되는 소리를,120,[twe.nɯn.so.ɾi.ɾɯl],[dwe.nɯn.so.ɾi.ɾɯl]
왜 화를,120,[wɛ.hwa.ɾɯl],[wɛ.hwa.ɾɯl]
깜짝 놀라게,120,[k͈an.tʃ͈ak̚.nol.ɾa.ke],[k͈an.tʃ͈ak̚.nol.ɾa.ge]
제일 중요한 건,120,[tʃe.il.tʃuŋ.jo.haŋ.kʌn],[dʒe.il.dʒuŋ.jo.han.gʌn]
말 못해,120,[mal.mot̚.hɛ],[mal.mot̚.hɛ]
될 거야 넌,120,[twel.kʌ.ja.nʌn],[dwel.gʌ.ja.nʌn]
말 안 할게요,120,[mal.an.hal.ke.jo],[mal.an.hal.ke.jo]
내 딸과,120,[nɛ.t͈al.kwa],[nɛ.t͈al.kwa]
기왕이면 똥이 아니라,120,[ki.waŋ.i.mjʌn.t͈oŋ.i.a.ni.ɾa],[gi.waŋ.i.mjʌn.t͈oŋ.i.a.ni.ɾa]
가져도 돼,120,[ka.tʃjʌ.to.twɛ],[ga.dʒjʌ.do.dwɛ]
아무 말도 안 했어요,120,[a.mu.mal.to.an.hɛt̚.ʌ.jo],[a.mu.mal.to.an.hɛt̚.ʌ.jo]
자네가 이,120,[tʃa.ne.ka.i],[dʒa.ne.ga.i]
やがて叶った夢を 마침내 이룬,120,[ma.tʃʰim.nɛ.i.ɾun],[ma.tʃʰim.nɛ.i.ɾun]
정말 몰라요,120,[tʃʌŋ.mal.mol.ɾa.jo],[dʒʌŋ.mal.mol.ɾa.jo]
무슨 관련이,120,[mu.sɯŋ.kwal.ljʌn.i],[mu.sɯn.gwal.ljʌn.i]
왜 너한테,120,[wɛ.nʌ.han.tʰe],[wɛ.nʌ.han.tʰe]
무슨 일이십니까,120,[mu.sɯn.il.i.sip̚.ni.k͈a],[mu.sɯn.il.i.sip̚.ni.k͈a]
Love Forever,120,,
아니 그런,120,[a.ni.kɯ.ɾʌn],[a.ni.gɯ.ɾʌn]
있잖아 네,120,[it̚.tʃan.a.ne],[it̚.tʃan.a.ne]
사건 현장에서,120,[sa.kʌn.hjʌn.tʃaŋ.e.sʌ],[sa.gʌn.hjʌn.tʃaŋ.e.sʌ]
그들이 우리를,120,[kɯ.tɯl.i.u.ɾi.ɾɯl],[gɯ.dɯl.i.u.ɾi.ɾɯl]
오게 된,120,[o.ke.twen],[o.ge.dwen]
있었던 것 같아요,120,[it̚.ʌt̚.tʌŋ.kʌt̚.kat̚.a.jo],[it̚.ʌt̚.tʌn.gʌt̚.gat̚.a.jo]
되어 있어요,120,[twe.ʌ.it̚.ʌ.jo],[dwe.ʌ.it̚.ʌ.jo]
땅을 기며 맞서지,120,[t͈aŋ.ɯl.ki.mjʌ.mat̚.sʌ.tʃi],[t͈aŋ.ɯl.gi.mjʌ.mat̚.sʌ.dʒi]
일을 좀,120,[il.ɯl.tʃom],[il.ɯl.dʒom]
그걸 할,120,[kɯ.kʌl.hal],[gɯ.gʌl.hal]
따라오지 마,120,[t͈a.ɾa.o.tʃi.ma],[t͈a.ɾa.o.dʒi.ma]
진짜 그,120,[tʃin.tʃ͈a.kɯ],[dʒin.tʃ͈a.gɯ]
해도 그,120,[hɛ.to.kɯ],[hɛ.do.gɯ]
아니야 그래서,120,[a.ni.ja.kɯ.ɾɛ.sʌ],[a.ni.ja.gɯ.ɾɛ.sʌ]
あなたの風に シンクロしたんだ 너의,120,[nʌ.ɯi],[nʌ.ɯi]
やがて叶った夢を 마침내,120,[ma.tʃʰim.nɛ],[ma.tʃʰim.nɛ]
안 사,120,[an.sa],[an.sa]
못 들어가요,120,[mot̚.tɯl.ʌ.ka.jo],[mot̚.dɯl.ʌ.ga.jo]
그녀가 뭘,120,[kɯ.njʌ.ka.mwʌl],[gɯ.njʌ.ga.mwʌl]
내 말 들어 봐,120,[nɛ.mal.tɯl.ʌ.pwa],[nɛ.mal.dɯl.ʌ.bwa]
해도 될,120,[hɛ.to.twel],[hɛ.do.dwel]
여기 있었던,120,[jʌ.ki.it̚.ʌt̚.tʌn],[jʌ.gi.it̚.ʌt̚.tʌn]
될 수도 있고,120,[twel.su.to.it̚.ko],[dwel.su.do.it̚.ko]
있어 그녀는,120,[it̚.ʌ.kɯ.njʌ.nɯn],[it̚.ʌ.gɯ.njʌ.nɯn]
내 돈은,120,[nɛ.ton.ɯn],[nɛ.don.ɯn]
들어 있어,120,[tɯl.ʌ.it̚.ʌ],[dɯl.ʌ.it̚.ʌ]
도와주러 온,120,[to.wa.tʃu.ɾʌ.on],[do.wa.dʒu.ɾʌ.on]
좀 어떠니,120,[tʃom.ʌ.t͈ʌ.ni],[dʒom.ʌ.t͈ʌ.ni]
일이 얼마나,120,[il.i.ʌl.ma.na],[il.i.ʌl.ma.na]
당신 딸이,120,[taŋ.sin.t͈al.i],[daŋ.sin.t͈al.i]
저러는 거야,120,[tʃʌ.ɾʌ.nɯŋ.kʌ.ja],[dʒʌ.ɾʌ.nɯn.gʌ.ja]
알다시피 난,120,[al.ta.si.pʰi.nan],[al.ta.si.pʰi.nan]
뭐 그,120,[mwʌ.kɯ],[mwʌ.gɯ]
기며 맞서지,120,[ki.mjʌ.mat̚.sʌ.tʃi],[gi.mjʌ.mat̚.sʌ.dʒi]
단지 그,120,[tan.tʃi.kɯ],[dan.tʃi.gɯ]
사람들 중에서,120,[sa.ɾan.tɯl.tʃuŋ.e.sʌ],[sa.ɾan.tɯl.dʒuŋ.e.sʌ]
이번 건은,120,[i.pʌŋ.kʌn.ɯn],[i.bʌn.gʌn.ɯn]
결정할 일이,120,[kjʌl.tʃʌŋ.hal.il.i],[gjʌl.tʃʌŋ.hal.il.i]
얼마나 걸릴까,120,[ʌl.ma.na.kʌl.ɾil.k͈a],[ʌl.ma.na.gʌl.ɾil.k͈a]
셋 넷,120,[set̚.net̚],[set̚.net̚]
거야 だから君は行くんだよ 그러니,120,[kʌ.ja.kɯ.ɾʌ.ni],[gʌ.ja.gɯ.ɾʌ.ni]
채울 수,120,[tʃʰɛ.ul.su],[tʃʰɛ.ul.su]
내가 이 일을,120,[nɛ.ka.i.il.ɯl],[nɛ.ga.i.il.ɯl]
여기서 나가면,120,[jʌ.ki.sʌ.na.ka.mjʌn],[jʌ.gi.sʌ.na.ga.mjʌn]
地を這い立ち向かうよ 땅을 기며,120,[t͈aŋ.ɯl.ki.mjʌ],[t͈aŋ.ɯl.gi.mjʌ]
그가 이,120,[kɯ.ka.i],[gɯ.ga.i]
킨 요원,120,[kʰin.jo.wʌn],[kʰin.jo.wʌn]
다친 데,120,[ta.tʃʰin.te],[da.tʃʰin.de]
뭔가 잘못,120,[mwʌŋ.ka.tʃal.mot̚],[mwʌŋ.ka.dʒal.mot̚]
혼돈의 절정,120,[hon.ton.ɯi.tʃʌl.tʃʌŋ],[hon.ton.ɯi.dʒʌl.tʃʌŋ]
확실한 거야,120,[hwak̚.sil.haŋ.kʌ.ja],[hwak̚.sil.han.gʌ.ja]
알아야 할 것,120,[al.a.ja.hal.kʌt̚],[al.a.ja.hal.gʌt̚]
그 노래를,120,[kɯ.no.ɾɛ.ɾɯl],[gɯ.no.ɾɛ.ɾɯl]
どうせならクズじゃなく 기왕이면 똥이,120,[ki.waŋ.i.mjʌn.t͈oŋ.i],[gi.waŋ.i.mjʌn.t͈oŋ.i]
좀 걸릴 거야,120,[tʃom.kʌl.ɾil.kʌ.ja],[dʒom.gʌl.ɾil.gʌ.ja]
배리 앨런,120,[pɛ.ɾi.ɛl.ɾʌn],[bɛ.ɾi.ɛl.ɾʌn]
수백 명의,120,[su.pɛk̚.mjʌŋ.ɯi],[su.bɛk̚.mjʌŋ.ɯi]
우리는 정말,120,[u.ɾi.nɯn.tʃʌŋ.mal],[u.ɾi.nɯn.dʒʌŋ.mal]
걸 아무도,120,[kʌl.a.mu.to],[gʌl.a.mu.do]
아 왜,120,[a.wɛ],[a.wɛ]
먹을 수 있는,120,[mʌk̚.ɯl.su.it̚.nɯn],[mʌk̚.ɯl.su.it̚.nɯn]
쏜 게,120,[s͈oŋ.ke],[s͈on.ge]
the sun,120,,
저는 안,120,[tʃʌ.nɯn.an],[dʒʌ.nɯn.an]
맞잡고 우리는,120,[mat̚.tʃap̚.ko.u.ɾi.nɯn],[mat̚.tʃap̚.ko.u.ɾi.nɯn]
스타 시티,120,[sɯ.tʰa.si.tʰi],[sɯ.tʰa.si.tʰi]
하는지 잘,120,[ha.nɯn.tʃi.tʃal],[ha.nɯn.tʃi.dʒal]
문제가 있으면,120,[mun.tʃe.ka.it̚.ɯ.mjʌn],[mun.tʃe.ga.it̚.ɯ.mjʌn]
말을 하든,120,[mal.ɯl.ha.tɯn],[mal.ɯl.ha.dɯn]
に放った願い 우주에 펼친,120,[u.tʃu.e.pʰjʌl.tʃʰin],[u.dʒu.e.pʰjʌl.tʃʰin]
해 드릴게요,120,[hɛ.tɯ.ɾil.ke.jo],[hɛ.dɯ.ɾil.ke.jo]
우주에 펼친,120,[u.tʃu.e.pʰjʌl.tʃʰin],[u.dʒu.e.pʰjʌl.tʃʰin]
휴대 전화를,120,[hju.tɛ.tʃʌn.hwa.ɾɯl],[hju.dɛ.dʒʌn.hwa.ɾɯl]
겁니다 그런,120,[kʌp̚.ni.ta.kɯ.ɾʌn],[gʌp̚.ni.da.gɯ.ɾʌn]
그 약속을,120,[kɯ.jak̚.sok̚.ɯl],[gɯ.jak̚.sok̚.ɯl]
嘘だよ それじゃ当たり前すぎる 거짓말,120,[kʌ.tʃit̚.mal],[gʌ.dʒit̚.mal]
手を取りあって僕ら 손을 맞잡고,120,[son.ɯl.mat̚.tʃap̚.ko],[son.ɯl.mat̚.tʃap̚.ko]
네가 말했잖아,120,[ne.ka.mal.hɛt̚.tʃan.a],[ne.ga.mal.hɛt̚.tʃan.a]
있는 유일한 방법은,120,[it̚.nɯn.ju.il.ham.pam.pʌp̚.ɯn],[it̚.nɯn.ju.il.han.baŋ.bʌp̚.ɯn]
그녀가 그를,120,[kɯ.njʌ.ka.kɯ.ɾɯl],[gɯ.njʌ.ga.gɯ.ɾɯl]
그런 생각 안,120,[kɯ.ɾʌn.sɛŋ.kak̚.an],[gɯ.ɾʌn.sɛŋ.gak̚.an]
손을 맞잡고 우리는,120,[son.ɯl.mat̚.tʃap̚.ko.u.ɾi.nɯn],[son.ɯl.mat̚.tʃap̚.ko.u.ɾi.nɯn]
シンクロしたんだ 너의,120,[nʌ.ɯi],[nʌ.ɯi]
거야 だから君は行くんだよ,120,[kʌ.ja],[gʌ.ja]
다른 일은,120,[ta.ɾɯn.il.ɯn],[da.ɾɯn.il.ɯn]
それじゃ当たり前すぎる 거짓말,120,[kʌ.tʃit̚.mal],[gʌ.dʒit̚.mal]
펼친 소망,120,[pʰjʌl.tʃʰin.so.maŋ],[pʰjʌl.tʃʰin.so.maŋ]
地を這い立ち向かうよ 땅을 기며 맞서지,120,[t͈aŋ.ɯl.ki.mjʌ.mat̚.sʌ.tʃi],[t͈aŋ.ɯl.gi.mjʌ.mat̚.sʌ.dʒi]
딱 그,120,[t͈ak̚.kɯ],[t͈ak̚.gɯ]
이제 어쩔 거야,120,[i.tʃe.ʌ.tʃ͈ʌl.kʌ.ja],[i.dʒe.ʌ.tʃ͈ʌl.gʌ.ja]
처리할 수 있어,120,[tʃʰʌ.ɾi.hal.su.it̚.ʌ],[tʃʰʌ.ɾi.hal.su.it̚.ʌ]
手を取りあって僕ら 손을,120,[son.ɯl],[son.ɯl]
이해할 수 있는,120,[i.hɛ.hal.su.it̚.nɯn],[i.hɛ.hal.su.it̚.nɯn]
더 이상은 못,120,[tʌ.i.saŋ.ɯn.mot̚],[dʌ.i.saŋ.ɯn.mot̚]
경찰에 신고할,120,[kjʌŋ.tʃʰal.e.siŋ.ko.hal],[gjʌŋ.tʃʰal.e.siŋ.ko.hal]
기분 아니야,120,[ki.pun.a.ni.ja],[gi.bun.a.ni.ja]
シンクロしたんだ 너의 바람과 싱크로한,120,[nʌ.ɯi.pa.ɾam.kwa.siŋ.kʰɯ.ɾo.han],[nʌ.ɯi.ba.ɾam.kwa.siŋ.kʰɯ.ɾo.han]
될 거야 난,120,[twel.kʌ.ja.nan],[dwel.gʌ.ja.nan]
금방 갈,120,[kɯm.paŋ.kal],[gɯm.paŋ.gal]
위해서 한,120,[wi.hɛ.sʌ.han],[wi.hɛ.sʌ.han]
짓을 한 거예요,120,[tʃit̚.ɯl.haŋ.kʌ.je.jo],[dʒit̚.ɯl.han.gʌ.je.jo]
그는 자기,120,[kɯ.nɯn.tʃa.ki],[gɯ.nɯn.dʒa.gi]
地を這い立ち向かうよ 땅을,120,[t͈aŋ.ɯl],[t͈aŋ.ɯl]
여기 어디,120,[jʌ.ki.ʌ.ti],[jʌ.gi.ʌ.di]
줘 그래,120,[tʃwʌ.kɯ.ɾɛ],[dʒwʌ.gɯ.ɾɛ]
너는 가는 거야 だから君は行くんだよ,120,[nʌ.nɯŋ.ka.nɯŋ.kʌ.ja],[nʌ.nɯn.ga.nɯn.gʌ.ja]
どうせならクズじゃなく 기왕이면 똥이 아니라,120,[ki.waŋ.i.mjʌn.t͈oŋ.i.a.ni.ɾa],[gi.waŋ.i.mjʌn.t͈oŋ.i.a.ni.ɾa]
嘘だよ それじゃ当たり前すぎる,120,,
큰 게,120,[kʰɯŋ.ke],[kʰɯn.ge]
우주에 펼친 소망,120,[u.tʃu.e.pʰjʌl.tʃʰin.so.maŋ],[u.dʒu.e.pʰjʌl.tʃʰin.so.maŋ]
진짜 무슨,120,[tʃin.tʃ͈a.mu.sɯn],[dʒin.tʃ͈a.mu.sɯn]
어디 있다고,120,[ʌ.ti.it̚.ta.ko],[ʌ.di.it̚.ta.go]
우리는 계속,120,[u.ɾi.nɯŋ.kje.sok̚],[u.ɾi.nɯn.gje.sok̚]
버린 거야,120,[pʌ.ɾiŋ.kʌ.ja],[bʌ.ɾin.gʌ.ja]
볼 수는,120,[pol.su.nɯn],[bol.su.nɯn]
に放った願い 우주에,120,[u.tʃu.e],[u.dʒu.e]
문제 없을,120,[mun.tʃe.ʌp̚.ɯl],[mun.tʃe.ʌp̚.ɯl]
이후로 계속,120,[i.hu.ɾo.kje.sok̚],[i.hu.ɾo.gje.sok̚]
피비린내 나는,120,[pʰi.pi.ɾin.nɛ.na.nɯn],[pʰi.bi.ɾin.nɛ.na.nɯn]
보는 것만,120,[po.nɯŋ.kʌt̚.man],[bo.nɯn.gʌt̚.man]
저는 이만,120,[tʃʌ.nɯn.i.man],[dʒʌ.nɯn.i.man]
왜 나와,120,[wɛ.na.wa],[wɛ.na.wa]
늘 이렇게,120,[nɯl.i.ɾʌt̚.ke],[nɯl.i.ɾʌt̚.ke]
그런 느낌이,120,[kɯ.ɾʌn.nɯ.k͈im.i],[gɯ.ɾʌn.nɯ.k͈im.i]
관련이 있다고,120,[kwal.ljʌn.i.it̚.ta.ko],[gwal.ljʌn.i.it̚.ta.go]
지금 오고,120,[tʃi.kɯm.o.ko],[dʒi.gɯm.o.go]
どうせならクズじゃなく 기왕이면,120,[ki.waŋ.i.mjʌn],[gi.waŋ.i.mjʌn]
그럼 어서,120,[kɯ.ɾʌm.ʌ.sʌ],[gɯ.ɾʌm.ʌ.sʌ]
に放った願い 우주에 펼친 소망,120,[u.tʃu.e.pʰjʌl.tʃʰin.so.maŋ],[u.dʒu.e.pʰjʌl.tʃʰin.so.maŋ]
있을 순 없지,120,[it̚.ɯl.sun.ʌp̚.tʃi],[it̚.ɯl.sun.ʌp̚.tʃi]
있죠 제가,120,[it̚.tʃjo.tʃe.ka],[it̚.tʃjo.dʒe.ga]
물었을 때,120,[mul.ʌt̚.ɯl.t͈ɛ],[mul.ʌt̚.ɯl.t͈ɛ]
가는 거야 だから君は行くんだよ,120,[ka.nɯŋ.kʌ.ja],[ga.nɯn.gʌ.ja]
말 믿어요,120,[mal.mit̚.ʌ.jo],[mal.mit̚.ʌ.jo]
마침내 이룬,120,[ma.tʃʰim.nɛ.i.ɾun],[ma.tʃʰim.nɛ.i.ɾun]
다가와 줘,120,[ta.ka.wa.tʃwʌ],[da.ga.wa.dʒwʌ]
파악할 수,120,[pʰa.ak̚.hal.su],[pʰa.ak̚.hal.su]
생각도 하지,120,[sɛŋ.kak̚.to.ha.tʃi],[sɛŋ.gak̚.to.ha.dʒi]
또 이,120,[t͈o.i],[t͈o.i]
手を取りあって僕ら 손을 맞잡고 우리는,120,[son.ɯl.mat̚.tʃap̚.ko.u.ɾi.nɯn],[son.ɯl.mat̚.tʃap̚.ko.u.ɾi.nɯn]
for my,120,,
의 비명,120,[ɯi.pi.mjʌŋ],[ɯi.bi.mjʌŋ]
네 시간,120,[ne.si.kan],[ne.si.gan]
안에 있는 거,120,[an.e.it̚.nɯŋ.kʌ],[an.e.it̚.nɯn.gʌ]
シンクロしたんだ 너의 바람과,120,[nʌ.ɯi.pa.ɾam.kwa],[nʌ.ɯi.ba.ɾam.kwa]
남아 있어,120,[nam.a.it̚.ʌ],[nam.a.it̚.ʌ]
잘 먹었습니다,120,[tʃal.mʌk̚.ʌt̚.sɯp̚.ni.ta],[dʒal.mʌk̚.ʌt̚.sɯp̚.ni.da]
내 심장을,120,[nɛ.sin.tʃaŋ.ɯl],[nɛ.sin.tʃaŋ.ɯl]
준비 됐니,120,[tʃum.pi.twɛt̚.ni],[dʒum.pi.dwɛt̚.ni]
나 돈,120,[na.ton],[na.don]
놀랄 일도,120,[nol.ɾal.il.to],[nol.ɾal.il.to]
거야 だから君は行くんだよ 그러니 너는,120,[kʌ.ja.kɯ.ɾʌ.ni.nʌ.nɯn],[gʌ.ja.gɯ.ɾʌ.ni.nʌ.nɯn]
있는 것 같네요,120,[it̚.nɯŋ.kʌt̚.kat̚.ne.jo],[it̚.nɯn.gʌt̚.gat̚.ne.jo]
하지만 난 널,120,[ha.tʃi.man.nan.nʌl],[ha.dʒi.man.nan.nʌl]
도와줄 수 있을,120,[to.wa.tʃul.su.it̚.ɯl],[do.wa.dʒul.su.it̚.ɯl]
때문에 네가,120,[t͈ɛ.mun.e.ne.ka],[t͈ɛ.mun.e.ne.ga]
사실대로 말하면,120,[sa.sil.tɛ.ɾo.mal.ha.mjʌn],[sa.sil.tɛ.ɾo.mal.ha.mjʌn]
다 똑같은,120,[ta.t͈ok̚.kat̚.ɯn],[da.t͈ok̚.kat̚.ɯn]
너 없이는,120,[nʌ.ʌp̚.i.nɯn],[nʌ.ʌp̚.i.nɯn]
당신을 사랑하는,120,[taŋ.sin.ɯl.sa.ɾaŋ.ha.nɯn],[daŋ.sin.ɯl.sa.ɾaŋ.ha.nɯn]
말을 안 들어,120,[mal.ɯl.an.tɯl.ʌ],[mal.ɯl.an.dɯl.ʌ]
일이 많아서,120,[il.i.man.a.sʌ],[il.i.man.a.sʌ]
네가 어디,120,[ne.ka.ʌ.ti],[ne.ga.ʌ.di]
가는 거야 だから君は行くんだよ 그러니,120,[ka.nɯŋ.kʌ.ja.kɯ.ɾʌ.ni],[ga.nɯn.gʌ.ja.gɯ.ɾʌ.ni]
같은 거 없어,120,[kat̚.ɯŋ.kʌ.ʌp̚.ʌ],[gat̚.ɯn.gʌ.ʌp̚.ʌ]
가만히 있을,120,[ka.man.hi.it̚.ɯl],[ga.man.hi.it̚.ɯl]
여긴 너무,120,[jʌ.kin.nʌ.mu],[jʌ.gin.nʌ.mu]
あなたの風に シンクロしたんだ 너의 바람과,120,[nʌ.ɯi.pa.ɾam.kwa],[nʌ.ɯi.ba.ɾam.kwa]
필요 없소,120,[pʰil.jo.ʌp̚.so],[pʰil.jo.ʌp̚.so]
마약 단속국,120,[ma.jak̚.tan.sok̚.kuk̚],[ma.jak̚.dan.sok̚.kuk̚]
뵐 수,120,[pwel.su],[bwel.su]
먹은 것,120,[mʌk̚.ɯŋ.kʌt̚],[mʌk̚.ɯn.gʌt̚]
해 본 적이,120,[hɛ.pon.tʃʌk̚.i],[hɛ.bon.dʒʌk̚.i]
거 보여,120,[kʌ.po.jʌ],[gʌ.bo.jʌ]
땅을 기며,120,[t͈aŋ.ɯl.ki.mjʌ],[t͈aŋ.ɯl.gi.mjʌ]
알아요 제가,120,[al.a.jo.tʃe.ka],[al.a.jo.dʒe.ga]
걸 깨닫게,120,[kʌl.k͈ɛ.tat̚.ke],[gʌl.k͈ɛ.dat̚.ke]
겁니다 감사합니다,120,[kʌp̚.ni.ta.kam.sa.hap̚.ni.ta],[gʌp̚.ni.da.gam.sa.hap̚.ni.da]
나도 똑같이,120,[na.to.t͈ok̚.kat̚.i],[na.do.t͈ok̚.kat̚.i]
입니다 이번역은,120,[ip̚.ni.ta.i.pʌn.jʌk̚.ɯn],[ip̚.ni.da.i.bʌn.jʌk̚.ɯn]
생명 유지,120,[sɛŋ.mjʌŋ.ju.tʃi],[sɛŋ.mjʌŋ.ju.dʒi]
혼자 한,120,[hon.tʃa.han],[hon.tʃa.han]
곧 끝날,120,[kot̚.k͈ɯt̚.nal],[got̚.k͈ɯt̚.nal]
너 어디야,120,[nʌ.ʌ.ti.ja],[nʌ.ʌ.di.ja]
마침내 이룬 꿈을,120,[ma.tʃʰim.nɛ.i.ɾuŋ.k͈um.ɯl],[ma.tʃʰim.nɛ.i.ɾuŋ.k͈um.ɯl]
그러니 그냥,119,[kɯ.ɾʌ.ni.kɯ.njaŋ],[gɯ.ɾʌ.ni.gɯ.njaŋ]
몰라요 그럼,119,[mol.ɾa.jo.kɯ.ɾʌm],[mol.ɾa.jo.gɯ.ɾʌm]
있지만 하지만,119,[it̚.tʃi.man.ha.tʃi.man],[it̚.tʃi.man.ha.dʒi.man]
그 이야기,119,[kɯ.i.ja.ki],[gɯ.i.ja.gi]
빨리 들어가,119,[p͈al.ɾi.tɯl.ʌ.ka],[p͈al.ɾi.dɯl.ʌ.ga]
일이 벌어지는지,119,[il.i.pʌl.ʌ.tʃi.nɯn.tʃi],[il.i.bʌl.ʌ.dʒi.nɯn.tʃi]
우리가 그것을,119,[u.ɾi.ka.kɯ.kʌt̚.ɯl],[u.ɾi.ga.gɯ.gʌt̚.ɯl]
못 믿겠으면,119,[mot̚.mit̚.ket̚.ɯ.mjʌn],[mot̚.mit̚.ket̚.ɯ.mjʌn]
말해야 해요,119,[mal.hɛ.ja.hɛ.jo],[mal.hɛ.ja.hɛ.jo]
널 여기,119,[nʌl.jʌ.ki],[nʌl.jʌ.gi]
Love Forever 아슬아슬할 때까지,119,[a.sɯl.a.sɯl.hal.t͈ɛ.k͈a.tʃi],[a.sɯl.a.sɯl.hal.t͈ɛ.k͈a.dʒi]
알아 둬,119,[al.a.twʌ],[al.a.dwʌ]
그냥 가면,119,[kɯ.njaŋ.ka.mjʌn],[gɯ.njaŋ.ga.mjʌn]
없는데 어떻게,119,[ʌp̚.nɯn.te.ʌ.t͈ʌt̚.ke],[ʌp̚.nɯn.te.ʌ.t͈ʌt̚.ke]
또 뭐가 있지,119,[t͈o.mwʌ.ka.it̚.tʃi],[t͈o.mwʌ.ga.it̚.tʃi]
息継ぎも出来ない炎の中では 한숨 돌릴 수도,119,[han.sun.tol.ɾil.su.to],[han.sum.dol.ɾil.su.do]
옳은 결정을,119,[ol.ɯŋ.kjʌl.tʃʌŋ.ɯl],[ol.ɯn.gjʌl.tʃʌŋ.ɯl]
and he,119,,
아니야 다른,119,[a.ni.ja.ta.ɾɯn],[a.ni.ja.da.ɾɯn]
정신을 못,119,[tʃʌŋ.sin.ɯl.mot̚],[dʒʌŋ.sin.ɯl.mot̚]
ギリギリまで Love Forever,119,,
파는 게,119,[pʰa.nɯŋ.ke],[pʰa.nɯn.ge]
담배 좀,119,[tam.pɛ.tʃom],[dam.pɛ.dʒom]
몰라요 그냥,119,[mol.ɾa.jo.kɯ.njaŋ],[mol.ɾa.jo.gɯ.njaŋ]
정말 화가,119,[tʃʌŋ.mal.hwa.ka],[dʒʌŋ.mal.hwa.ga]
때문에 안,119,[t͈ɛ.mun.e.an],[t͈ɛ.mun.e.an]
무기를 버려라,119,[mu.ki.ɾɯl.pʌ.ɾjʌ.ɾa],[mu.gi.ɾɯl.bʌ.ɾjʌ.ɾa]
그냥 막,119,[kɯ.njaŋ.mak̚],[gɯ.njaŋ.mak̚]
알 수 있을까요,119,[al.su.it̚.ɯl.k͈a.jo],[al.su.it̚.ɯl.k͈a.jo]
안 갈 거예요,119,[aŋ.kal.kʌ.je.jo],[an.gal.gʌ.je.jo]
있기 싫어,119,[it̚.ki.sil.ʌ],[it̚.ki.sil.ʌ]
신경쓰지 마세요,119,[siŋ.kjʌŋ.s͈ɯ.tʃi.ma.se.jo],[siŋ.kjʌŋ.s͈ɯ.dʒi.ma.se.jo]
그냥 나,119,[kɯ.njaŋ.na],[gɯ.njaŋ.na]
안녕 안녕하세요,119,[an.njʌŋ.an.njʌŋ.ha.se.jo],[an.njʌŋ.an.njʌŋ.ha.se.jo]
with it,119,,
이런 건 처음,119,[i.ɾʌŋ.kʌn.tʃʰʌ.ɯm],[i.ɾʌn.gʌn.tʃʰʌ.ɯm]
ギリギリまで Love,119,,
あげるわ 混沌,119,,
것도 나쁘지,119,[kʌt̚.to.na.p͈ɯ.tʃi],[gʌt̚.to.na.p͈ɯ.dʒi]
또 누구야,119,[t͈o.nu.ku.ja],[t͈o.nu.gu.ja]
Forever 아슬아슬할 때까지,119,[a.sɯl.a.sɯl.hal.t͈ɛ.k͈a.tʃi],[a.sɯl.a.sɯl.hal.t͈ɛ.k͈a.dʒi]
우리와 같이,119,[u.ɾi.wa.kat̚.i],[u.ɾi.wa.gat̚.i]
내가 죽였어,119,[nɛ.ka.tʃuk̚.jʌt̚.ʌ],[nɛ.ga.dʒuk̚.jʌt̚.ʌ]
네 동생은,119,[ne.toŋ.sɛŋ.ɯn],[ne.doŋ.sɛŋ.ɯn]
too much,119,,
게 있거든,119,[ke.it̚.kʌ.tɯn],[ge.it̚.kʌ.dɯn]
우릴 보고,119,[u.ɾil.po.ko],[u.ɾil.bo.go]
나도 동의해,119,[na.to.toŋ.ɯi.hɛ],[na.do.doŋ.ɯi.hɛ]
tried to,119,,
난 뭐든,119,[nan.mwʌ.tɯn],[nan.mwʌ.dɯn]
놀랄 일이,119,[nol.ɾal.il.i],[nol.ɾal.il.i]
사랑하지 않는,119,[sa.ɾaŋ.ha.tʃi.an.nɯn],[sa.ɾaŋ.ha.dʒi.an.nɯn]
그래 이게,119,[kɯ.ɾɛ.i.ke],[gɯ.ɾɛ.i.ge]
당신은 몰라요,119,[taŋ.sin.ɯn.mol.ɾa.jo],[daŋ.sin.ɯn.mol.ɾa.jo]
Forever 아슬아슬할 때까지 Love,119,[a.sɯl.a.sɯl.hal.t͈ɛ.k͈a.tʃi],[a.sɯl.a.sɯl.hal.t͈ɛ.k͈a.dʒi]
협박하는 거야,119,[hjʌp̚.pak̚.ha.nɯŋ.kʌ.ja],[hjʌp̚.pak̚.ha.nɯn.gʌ.ja]
화를 내,119,[hwa.ɾɯl.lɛ],[hwa.ɾɯl.lɛ]
것 같아 네,119,[kʌt̚.kat̚.a.ne],[gʌt̚.gat̚.a.ne]
게 있다는,119,[ke.it̚.ta.nɯn],[ge.it̚.ta.nɯn]
만드는 거죠,119,[man.tɯ.nɯŋ.kʌ.tʃjo],[man.tɯ.nɯn.gʌ.dʒjo]
걸 수도 있어,119,[kʌl.su.to.it̚.ʌ],[gʌl.su.do.it̚.ʌ]
할 수있어,119,[hal.su.it̚.ʌ],[hal.su.it̚.ʌ]
계속 내,119,[kje.sok̚.nɛ],[gje.sok̚.nɛ]
뭘 위해,119,[mwʌl.wi.hɛ],[mwʌl.wi.hɛ]
go back,119,,
내가 아무리,119,[nɛ.ka.a.mu.ɾi],[nɛ.ga.a.mu.ɾi]
물어볼 게 있는데,119,[mul.ʌ.pol.ke.it̚.nɯn.te],[mul.ʌ.bol.ge.it̚.nɯn.te]
없어요 그래도,119,[ʌp̚.ʌ.jo.kɯ.ɾɛ.to],[ʌp̚.ʌ.jo.gɯ.ɾɛ.do]
타이밍과 자막,119,[tʰa.i.miŋ.kwa.tʃa.mak̚],[tʰa.i.miŋ.gwa.dʒa.mak̚]
자고 있어요,119,[tʃa.ko.it̚.ʌ.jo],[dʒa.go.it̚.ʌ.jo]
그러면 어떻게,119,[kɯ.ɾʌ.mjʌn.ʌ.t͈ʌt̚.ke],[gɯ.ɾʌ.mjʌn.ʌ.t͈ʌt̚.ke]
거예요 아니면,119,[kʌ.je.jo.a.ni.mjʌn],[gʌ.je.jo.a.ni.mjʌn]
여긴 아무도,119,[jʌ.kin.a.mu.to],[jʌ.gin.a.mu.do]
모든 사람,119,[mo.tɯn.sa.ɾam],[mo.dɯn.sa.ɾam]
a new,119,,
하루 보내,119,[ha.ɾu.po.nɛ],[ha.ɾu.bo.nɛ]
내가 신경,119,[nɛ.ka.siŋ.kjʌŋ],[nɛ.ga.siŋ.kjʌŋ]
네 생각은 어때,119,[ne.sɛŋ.kak̚.ɯn.ʌ.t͈ɛ],[ne.sɛŋ.gak̚.ɯn.ʌ.t͈ɛ]
사람들은 그,119,[sa.ɾan.tɯl.ɯŋ.kɯ],[sa.ɾan.tɯl.ɯn.gɯ]
제 아버지는,119,[tʃe.a.pʌ.tʃi.nɯn],[dʒe.a.bʌ.dʒi.nɯn]
옆에 앉아,119,[jʌp̚.e.an.a],[jʌp̚.e.an.a]
우리 아버지를,119,[u.ɾi.a.pʌ.tʃi.ɾɯl],[u.ɾi.a.bʌ.dʒi.ɾɯl]
아픈 건,119,[a.pʰɯŋ.kʌn],[a.pʰɯn.gʌn]
꼴은 못,119,[k͈ol.ɯn.mot̚],[k͈ol.ɯn.mot̚]
내가 너와,119,[nɛ.ka.nʌ.wa],[nɛ.ga.nʌ.wa]
총을 든,119,[tʃʰoŋ.ɯl.tɯn],[tʃʰoŋ.ɯl.dɯn]
do not,119,,
수 있을 거 같아,119,[su.it̚.ɯl.kʌ.kat̚.a],[su.it̚.ɯl.gʌ.gat̚.a]
전부 갖춰져,119,[tʃʌm.pu.kat̚.tʃʰwʌ.tʃjʌ],[dʒʌm.pu.gat̚.tʃʰwʌ.dʒjʌ]
돌리지 마,119,[tol.ɾi.tʃi.ma],[dol.ɾi.dʒi.ma]
息継ぎも出来ない炎の中では 한숨,119,[han.sum],[han.sum]
어서 오렴,119,[ʌ.sʌ.o.ɾjʌm],[ʌ.sʌ.o.ɾjʌm]
되찾기 위해,119,[twe.tʃʰat̚.ki.wi.hɛ],[dwe.tʃʰat̚.ki.wi.hɛ]
영향을 미칠,119,[jʌŋ.hjaŋ.ɯl.mi.tʃʰil],[jʌŋ.hjaŋ.ɯl.mi.tʃʰil]
거래를 할,119,[kʌ.ɾɛ.ɾɯl.hal],[gʌ.ɾɛ.ɾɯl.hal]
이번 건,119,[i.pʌŋ.kʌn],[i.bʌn.gʌn]
燃え上がる瓦礫の上に立っている 불타오르는 잔해 위에,119,[pul.tʰa.o.ɾɯ.nɯn.tʃan.hɛ.wi.e],[bul.tʰa.o.ɾɯ.nɯn.dʒan.hɛ.wi.e]
맘대로 해요,119,[man.tɛ.ɾo.hɛ.jo],[man.tɛ.ɾo.hɛ.jo]
일도 없어,119,[il.to.ʌp̚.ʌ],[il.to.ʌp̚.ʌ]
네가 뭘 알아,119,[ne.ka.mwʌl.al.a],[ne.ga.mwʌl.al.a]
패밀리 가이가,119,[pʰɛ.mil.ɾi.ka.i.ka],[pʰɛ.mil.ɾi.ga.i.ga]
찾을 수 있을까,119,[tʃʰat̚.ɯl.su.it̚.ɯl.k͈a],[tʃʰat̚.ɯl.su.it̚.ɯl.k͈a]
게 없을,119,[ke.ʌp̚.ɯl],[ge.ʌp̚.ɯl]
있어야 하지,119,[it̚.ʌ.ja.ha.tʃi],[it̚.ʌ.ja.ha.dʒi]
Why do,119,,
근데 네,119,[kɯn.te.ne],[gɯn.te.ne]
남자 말이야,119,[nan.tʃa.mal.i.ja],[nan.tʃa.mal.i.ja]
해낼 줄,119,[hɛ.nɛl.tʃul],[hɛ.nɛl.dʒul]
조금씩 조금씩,119,[tʃo.kɯm.s͈ik̚.tʃo.kɯm.s͈ik̚],[dʒo.gɯm.s͈ik̚.dʒo.gɯm.s͈ik̚]
당신은 그렇지,119,[taŋ.sin.ɯŋ.kɯ.ɾʌt̚.tʃi],[daŋ.sin.ɯn.gɯ.ɾʌt̚.tʃi]
다른 곳을,119,[ta.ɾɯŋ.kot̚.ɯl],[da.ɾɯn.got̚.ɯl]
건 아시죠,119,[kʌn.a.si.tʃjo],[gʌn.a.si.dʒjo]
내가 원하는 게,119,[nɛ.ka.wʌn.ha.nɯŋ.ke],[nɛ.ga.wʌn.ha.nɯn.ge]
있지 그리고,119,[it̚.tʃi.kɯ.ɾi.ko],[it̚.tʃi.gɯ.ɾi.go]
여기 있어 僕を睨む僕がここにいる,119,[jʌ.ki.it̚.ʌ],[jʌ.gi.it̚.ʌ]
뭘 어쨌다고,119,[mwʌl.ʌ.tʃ͈ɛt̚.ta.ko],[mwʌl.ʌ.tʃ͈ɛt̚.ta.go]
그래 저,119,[kɯ.ɾɛ.tʃʌ],[gɯ.ɾɛ.dʒʌ]
우리 뒤에,119,[u.ɾi.twi.e],[u.ɾi.dwi.e]
있어 僕を睨む僕がここにいる 나를,119,[it̚.ʌ.na.ɾɯl],[it̚.ʌ.na.ɾɯl]
그거 뭐야,119,[kɯ.kʌ.mwʌ.ja],[gɯ.gʌ.mwʌ.ja]
think it''s,119,,
같은 새끼,119,[kat̚.ɯn.sɛ.k͈i],[gat̚.ɯn.sɛ.k͈i]
좋아요 네,119,[tʃot̚.a.jo.ne],[dʒot̚.a.jo.ne]
말 하고,119,[mal.ha.ko],[mal.ha.go]
ギリギリまで Love Forever 아슬아슬할,119,[a.sɯl.a.sɯl.hal],[a.sɯl.a.sɯl.hal]
사람들이 어떻게,119,[sa.ɾan.tɯl.i.ʌ.t͈ʌt̚.ke],[sa.ɾan.tɯl.i.ʌ.t͈ʌt̚.ke]
휴대 전화 진동음,119,[hju.tɛ.tʃʌn.hwa.tʃin.toŋ.ɯm],[hju.dɛ.dʒʌn.hwa.dʒin.toŋ.ɯm]
할 필요가 있다,119,[hal.pʰil.jo.ka.it̚.ta],[hal.pʰil.jo.ga.it̚.ta]
죽었다는 걸,119,[tʃuk̚.ʌt̚.ta.nɯŋ.kʌl],[dʒuk̚.ʌt̚.ta.nɯn.gʌl]
써도 될까요,119,[s͈ʌ.to.twel.k͈a.jo],[s͈ʌ.do.dwel.k͈a.jo]
그가 너에게,119,[kɯ.ka.nʌ.e.ke],[gɯ.ga.nʌ.e.ge]
이걸 찾았어,119,[i.kʌl.tʃʰat̚.at̚.ʌ],[i.gʌl.tʃʰat̚.at̚.ʌ]
해요 이제,119,[hɛ.jo.i.tʃe],[hɛ.jo.i.dʒe]
것 같아 그리고,119,[kʌt̚.kat̚.a.kɯ.ɾi.ko],[gʌt̚.gat̚.a.gɯ.ɾi.go]
술 마시면,119,[sul.ma.si.mjʌn],[sul.ma.si.mjʌn]
you hear,119,,
돼 어서,119,[twɛ.ʌ.sʌ],[dwɛ.ʌ.sʌ]
사람이 있다,119,[sa.ɾam.i.it̚.ta],[sa.ɾam.i.it̚.ta]
저 남자를,119,[tʃʌ.nan.tʃa.ɾɯl],[dʒʌ.nan.tʃa.ɾɯl]
요즘 어때,119,[jo.tʃɯm.ʌ.t͈ɛ],[jo.dʒɯm.ʌ.t͈ɛ]
아니야 안,119,[a.ni.ja.an],[a.ni.ja.an]
모자 쓴,119,[mo.tʃa.s͈ɯn],[mo.dʒa.s͈ɯn]
그게 왜요,119,[kɯ.ke.wɛ.jo],[gɯ.ge.wɛ.jo]
만도 하지,119,[man.to.ha.tʃi],[man.to.ha.dʒi]
네 뒤에,119,[ne.twi.e],[ne.dwi.e]
어떤 사람을,119,[ʌ.t͈ʌn.sa.ɾam.ɯl],[ʌ.t͈ʌn.sa.ɾam.ɯl]
범죄 현장을,119,[pʌn.tʃwe.hjʌn.tʃaŋ.ɯl],[bʌn.tʃwe.hjʌn.tʃaŋ.ɯl]
이 자식은,119,[i.tʃa.sik̚.ɯn],[i.dʒa.sik̚.ɯn]
숨을 크게,119,[sum.ɯl.kʰɯ.ke],[sum.ɯl.kʰɯ.ge]
전화 진동음,119,[tʃʌn.hwa.tʃin.toŋ.ɯm],[dʒʌn.hwa.dʒin.toŋ.ɯm]
위해 일하지,119,[wi.hɛ.il.ha.tʃi],[wi.hɛ.il.ha.dʒi]
있어 僕を睨む僕がここにいる 나를 노려보는,119,[it̚.ʌ.na.ɾɯl.lo.ɾjʌ.po.nɯn],[it̚.ʌ.na.ɾɯl.lo.ɾjʌ.bo.nɯn]
그냥 이대로,119,[kɯ.njaŋ.i.tɛ.ɾo],[gɯ.njaŋ.i.dɛ.ɾo]
것이 아니었다,119,[kʌt̚.i.a.ni.ʌt̚.ta],[gʌt̚.i.a.ni.ʌt̚.ta]
있어 僕を睨む僕がここにいる,119,[it̚.ʌ],[it̚.ʌ]
돼 엄마,119,[twɛ.ʌm.ma],[dwɛ.ʌm.ma]
내가 여기 있어 僕を睨む僕がここにいる,119,[nɛ.ka.jʌ.ki.it̚.ʌ],[nɛ.ga.jʌ.gi.it̚.ʌ]
許して あげるわ 混沌,119,,
그때 나는,119,[kɯ.t͈ɛ.na.nɯn],[gɯ.t͈ɛ.na.nɯn]
들어 봤어요,119,[tɯl.ʌ.pwat̚.ʌ.jo],[dɯl.ʌ.bwat̚.ʌ.jo]
Forever 아슬아슬할,119,[a.sɯl.a.sɯl.hal],[a.sɯl.a.sɯl.hal]
그래도 아직,119,[kɯ.ɾɛ.to.a.tʃik̚],[gɯ.ɾɛ.do.a.dʒik̚]
저도 압니다,119,[tʃʌ.to.ap̚.ni.ta],[dʒʌ.do.ap̚.ni.da]
안 간,119,[aŋ.kan],[an.gan]
더 쉬울,119,[tʌ.swi.ul],[dʌ.swi.ul]
걸 생각하면,119,[kʌl.sɛŋ.kak̚.ha.mjʌn],[gʌl.sɛŋ.gak̚.ha.mjʌn]
you all,119,,
네 명,119,[ne.mjʌŋ],[ne.mjʌŋ]
나쁘지 않아요,119,[na.p͈ɯ.tʃi.an.a.jo],[na.p͈ɯ.dʒi.an.a.jo]
돈 없어,119,[ton.ʌp̚.ʌ],[don.ʌp̚.ʌ]
쓸 것,119,[s͈ɯl.kʌt̚],[s͈ɯl.gʌt̚]
길을 잘못,119,[kil.ɯl.tʃal.mot̚],[gil.ɯl.dʒal.mot̚]
걸 본 적이,119,[kʌl.pon.tʃʌk̚.i],[gʌl.bon.dʒʌk̚.i]
난 그녀의,119,[naŋ.kɯ.njʌ.ɯi],[nan.gɯ.njʌ.ɯi]
許して あげるわ,119,,
息継ぎも出来ない炎の中では 한숨 돌릴,119,[han.sun.tol.ɾil],[han.sum.dol.ɾil]
손으로 직접,119,[son.ɯ.ɾo.tʃik̚.tʃʌp̚],[son.ɯ.ɾo.dʒik̚.tʃʌp̚]
만든 거죠,119,[man.tɯŋ.kʌ.tʃjo],[man.tɯn.gʌ.dʒjo]
잡을 거예요,119,[tʃap̚.ɯl.kʌ.je.jo],[dʒap̚.ɯl.gʌ.je.jo]
여기 있어 僕を睨む僕がここにいる 나를,119,[jʌ.ki.it̚.ʌ.na.ɾɯl],[jʌ.gi.it̚.ʌ.na.ɾɯl]
가치도 없어,119,[ka.tʃʰi.to.ʌp̚.ʌ],[ga.tʃʰi.do.ʌp̚.ʌ]
그냥 넘어갈,119,[kɯ.njaŋ.nʌm.ʌ.kal],[gɯ.njaŋ.nʌm.ʌ.gal]
잘 돌아왔어,119,[tʃal.tol.a.wat̚.ʌ],[dʒal.dol.a.wat̚.ʌ]
큰일 났어요,119,[kʰɯn.il.lat̚.ʌ.jo],[kʰɯn.il.lat̚.ʌ.jo]
나가 주세요,119,[na.ka.tʃu.se.jo],[na.ga.dʒu.se.jo]
내가 망쳤어,119,[nɛ.ka.maŋ.tʃʰjʌt̚.ʌ],[nɛ.ga.maŋ.tʃʰjʌt̚.ʌ]
시간 내줘서,119,[si.kan.nɛ.tʃwʌ.sʌ],[si.gan.nɛ.dʒwʌ.sʌ]
기록을 보면,119,[ki.ɾok̚.ɯl.po.mjʌn],[gi.ɾok̚.ɯl.bo.mjʌn]
그 이름이,119,[kɯ.i.ɾɯm.i],[gɯ.i.ɾɯm.i]
그리고 이걸,119,[kɯ.ɾi.ko.i.kʌl],[gɯ.ɾi.go.i.gʌl]
이름이 뭔가,119,[i.ɾɯm.i.mwʌŋ.ka],[i.ɾɯm.i.mwʌŋ.ka]
燃え上がる瓦礫の上に立っている 불타오르는 잔해,119,[pul.tʰa.o.ɾɯ.nɯn.tʃan.hɛ],[bul.tʰa.o.ɾɯ.nɯn.dʒan.hɛ]
your life,119,,
그런 거라면,119,[kɯ.ɾʌŋ.kʌ.ɾa.mjʌn],[gɯ.ɾʌn.gʌ.ɾa.mjʌn]
Love Forever 아슬아슬할,119,[a.sɯl.a.sɯl.hal],[a.sɯl.a.sɯl.hal]
아뇨 그,119,[a.njo.kɯ],[a.njo.gɯ]
燃え上がる瓦礫の上に立っている 불타오르는,119,[pul.tʰa.o.ɾɯ.nɯn],[bul.tʰa.o.ɾɯ.nɯn]
이 특별한,119,[i.tʰɯk̚.pjʌl.han],[i.tʰɯk̚.pjʌl.han]
우리는 방금,119,[u.ɾi.nɯm.paŋ.kɯm],[u.ɾi.nɯn.baŋ.gɯm]
어떻게 믿어,119,[ʌ.t͈ʌt̚.ke.mit̚.ʌ],[ʌ.t͈ʌt̚.ke.mit̚.ʌ]
난 그거,119,[naŋ.kɯ.kʌ],[nan.gɯ.gʌ]
일이 그렇게,119,[il.i.kɯ.ɾʌt̚.ke],[il.i.gɯ.ɾʌt̚.ke]
이래서 내가,119,[i.ɾɛ.sʌ.nɛ.ka],[i.ɾɛ.sʌ.nɛ.ga]
같이 가야,119,[kat̚.i.ka.ja],[gat̚.i.ga.ja]
확실하진 않지만,118,[hwak̚.sil.ha.tʃin.an.tʃi.man],[hwak̚.sil.ha.dʒin.an.tʃi.man]
아니에요 그런,118,[a.ni.e.jo.kɯ.ɾʌn],[a.ni.e.jo.gɯ.ɾʌn]
전 더,118,[tʃʌn.tʌ],[dʒʌn.dʌ]
본 거죠,118,[poŋ.kʌ.tʃjo],[bon.gʌ.dʒjo]
지 얼마나 됐죠,118,[tʃi.ʌl.ma.na.twɛt̚.tʃjo],[dʒi.ʌl.ma.na.dwɛt̚.tʃjo]
we should,118,,
당신은 우리가,118,[taŋ.sin.ɯn.u.ɾi.ka],[daŋ.sin.ɯn.u.ɾi.ga]
만나는 거야,118,[man.na.nɯŋ.kʌ.ja],[man.na.nɯn.gʌ.ja]
망치고 싶지,118,[maŋ.tʃʰi.ko.sip̚.tʃi],[maŋ.tʃʰi.go.sip̚.tʃi]
아뇨 난,118,[a.njo.nan],[a.njo.nan]
이 섬에서,118,[i.sʌm.e.sʌ],[i.sʌm.e.sʌ]
먹고 싶어요,118,[mʌk̚.ko.sip̚.ʌ.jo],[mʌk̚.ko.sip̚.ʌ.jo]
대체 무슨 짓을 한,118,[tɛ.tʃʰe.mu.sɯn.tʃit̚.ɯl.han],[dɛ.tʃʰe.mu.sɯn.dʒit̚.ɯl.han]
없지 난,118,[ʌp̚.tʃi.nan],[ʌp̚.tʃi.nan]
움직이지 마요,118,[un.tʃik̚.i.tʃi.ma.jo],[un.tʃik̚.i.dʒi.ma.jo]
받을 수도,118,[pat̚.ɯl.su.to],[bat̚.ɯl.su.do]
만난 거야,118,[man.naŋ.kʌ.ja],[man.nan.gʌ.ja]
당신이 죽인,118,[taŋ.sin.i.tʃuk̚.in],[daŋ.sin.i.dʒuk̚.in]
깜짝 선물이,118,[k͈an.tʃ͈ak̚.sʌn.mul.i],[k͈an.tʃ͈ak̚.sʌn.mul.i]
어서 먹어,118,[ʌ.sʌ.mʌk̚.ʌ],[ʌ.sʌ.mʌk̚.ʌ]
안 들었어요,118,[an.tɯl.ʌt̚.ʌ.jo],[an.dɯl.ʌt̚.ʌ.jo]
안 그럴게,118,[aŋ.kɯ.ɾʌl.ke],[an.gɯ.ɾʌl.ke]
아니지 난,118,[a.ni.tʃi.nan],[a.ni.dʒi.nan]
애들 다,118,[ɛ.tɯl.ta],[ɛ.dɯl.da]
남자 친구는,118,[nan.tʃa.tʃʰiŋ.ku.nɯn],[nan.tʃa.tʃʰiŋ.ku.nɯn]
다른 여자랑,118,[ta.ɾɯn.jʌ.tʃa.ɾaŋ],[da.ɾɯn.jʌ.dʒa.ɾaŋ]
걱정 안 해,118,[kʌk̚.tʃʌŋ.an.hɛ],[gʌk̚.tʃʌŋ.an.hɛ]
말하고 있었다,118,[mal.ha.ko.it̚.ʌt̚.ta],[mal.ha.go.it̚.ʌt̚.ta]
당신이 이걸,118,[taŋ.sin.i.i.kʌl],[daŋ.sin.i.i.gʌl]
할 거 같아요,118,[hal.kʌ.kat̚.a.jo],[hal.gʌ.gat̚.a.jo]
하지만 이제는,118,[ha.tʃi.man.i.tʃe.nɯn],[ha.dʒi.man.i.dʒe.nɯn]
재밌는 거,118,[tʃɛ.mit̚.nɯŋ.kʌ],[dʒɛ.mit̚.nɯn.gʌ]
그저 들려오는 마음도,118,[kɯ.tʃʌ.tɯl.ɾjʌ.o.nɯn.ma.ɯn.to],[gɯ.dʒʌ.dɯl.ɾjʌ.o.nɯn.ma.ɯn.to]
인제 와서,118,[in.tʃe.wa.sʌ],[in.tʃe.wa.sʌ]
대신 내가,118,[tɛ.sin.nɛ.ka],[dɛ.sin.nɛ.ga]
중학교 때,118,[tʃuŋ.hak̚.kjo.t͈ɛ],[dʒuŋ.hak̚.kjo.t͈ɛ]
뭐라 할,118,[mwʌ.ɾa.hal],[mwʌ.ɾa.hal]
한 거에요,118,[haŋ.kʌ.e.jo],[han.gʌ.e.jo]
훨씬 잘,118,[hwʌl.s͈in.tʃal],[hwʌl.s͈in.dʒal]
이런 날이 올,118,[i.ɾʌn.nal.i.ol],[i.ɾʌn.nal.i.ol]
줄 게 있어요,118,[tʃul.ke.it̚.ʌ.jo],[dʒul.ge.it̚.ʌ.jo]
문 닫을,118,[mun.tat̚.ɯl],[mun.dat̚.ɯl]
돼요 전,118,[twɛ.jo.tʃʌn],[dwɛ.jo.dʒʌn]
뭐라고 쓰여,118,[mwʌ.ɾa.ko.s͈ɯ.jʌ],[mwʌ.ɾa.go.s͈ɯ.jʌ]
도대체 어떻게 된,118,[to.tɛ.tʃʰe.ʌ.t͈ʌt̚.ke.twen],[do.dɛ.tʃʰe.ʌ.t͈ʌt̚.ke.dwen]
날 내버려 둬,118,[nal.lɛ.pʌ.ɾjʌ.twʌ],[nal.lɛ.bʌ.ɾjʌ.dwʌ]
이것보다 더,118,[i.kʌt̚.po.ta.tʌ],[i.gʌt̚.po.da.dʌ]
것도 그,118,[kʌt̚.to.kɯ],[gʌt̚.to.gɯ]
와 있어요,118,[wa.it̚.ʌ.jo],[wa.it̚.ʌ.jo]
보신 적,118,[po.sin.tʃʌk̚],[bo.sin.dʒʌk̚]
넌 훌륭한,118,[nʌn.hul.ɾjuŋ.han],[nʌn.hul.ɾjuŋ.han]
날 사랑한다고,118,[nal.sa.ɾaŋ.han.ta.ko],[nal.sa.ɾaŋ.han.ta.go]
나는 확실히,118,[na.nɯn.hwak̚.sil.hi],[na.nɯn.hwak̚.sil.hi]
나도 당신이,118,[na.to.taŋ.sin.i],[na.do.daŋ.sin.i]
당신 자신의,118,[taŋ.sin.tʃa.sin.ɯi],[daŋ.sin.dʒa.sin.ɯi]
도울 일이,118,[to.ul.il.i],[do.ul.il.i]
거예요 그럴,118,[kʌ.je.jo.kɯ.ɾʌl],[gʌ.je.jo.gɯ.ɾʌl]
do you know,118,,
얻게 될,118,[ʌt̚.ke.twel],[ʌt̚.ke.dwel]
무슨 일이 있었지,118,[mu.sɯn.il.i.it̚.ʌt̚.tʃi],[mu.sɯn.il.i.it̚.ʌt̚.tʃi]
못 잊을,118,[mot̚.it̚.ɯl],[mot̚.it̚.ɯl]
밤 그,118,[pam.kɯ],[bam.gɯ]
무슨 짓을 한 거죠,118,[mu.sɯn.tʃit̚.ɯl.haŋ.kʌ.tʃjo],[mu.sɯn.dʒit̚.ɯl.han.gʌ.dʒjo]
지금 우리는,118,[tʃi.kɯm.u.ɾi.nɯn],[dʒi.gɯm.u.ɾi.nɯn]
아니 아니 아니,118,[a.ni.a.ni.a.ni],[a.ni.a.ni.a.ni]
결혼 생활,118,[kjʌl.hon.sɛŋ.hwal],[gjʌl.hon.sɛŋ.hwal]
보고서에 따르면,118,[po.ko.sʌ.e.t͈a.ɾɯ.mjʌn],[bo.go.sʌ.e.t͈a.ɾɯ.mjʌn]
건 불가능해,118,[kʌm.pul.ka.nɯŋ.hɛ],[gʌn.bul.ka.nɯŋ.hɛ]
내 길을,118,[nɛ.kil.ɯl],[nɛ.gil.ɯl]
좋은 생각 있어,118,[tʃot̚.ɯn.sɛŋ.kak̚.it̚.ʌ],[dʒot̚.ɯn.sɛŋ.gak̚.it̚.ʌ]
이렇게 된 거야,118,[i.ɾʌt̚.ke.tweŋ.kʌ.ja],[i.ɾʌt̚.ke.dwen.gʌ.ja]
밤이 될,118,[pam.i.twel],[bam.i.dwel]
쾅 닫힌다,118,[kʰwaŋ.tat̚.hin.ta],[kʰwaŋ.dat̚.hin.ta]
해요 그 사람이,118,[hɛ.jo.kɯ.sa.ɾam.i],[hɛ.jo.gɯ.sa.ɾam.i]
우린 당신이,118,[u.ɾin.taŋ.sin.i],[u.ɾin.daŋ.sin.i]
to put,118,,
우리가 다른,118,[u.ɾi.ka.ta.ɾɯn],[u.ɾi.ga.da.ɾɯn]
그를 잘,118,[kɯ.ɾɯl.tʃal],[gɯ.ɾɯl.dʒal]
기분이 들어,118,[ki.pun.i.tɯl.ʌ],[gi.bun.i.dɯl.ʌ]
어떤지 알잖아,118,[ʌ.t͈ʌn.tʃi.al.tʃan.a],[ʌ.t͈ʌn.tʃi.al.tʃan.a]
것 말고,118,[kʌt̚.mal.ko],[gʌt̚.mal.ko]
없다고 했잖아,118,[ʌp̚.ta.ko.hɛt̚.tʃan.a],[ʌp̚.ta.go.hɛt̚.tʃan.a]
때 마다,118,[t͈ɛ.ma.ta],[t͈ɛ.ma.da]
안 들으면,118,[an.tɯl.ɯ.mjʌn],[an.dɯl.ɯ.mjʌn]
준 거죠,118,[tʃuŋ.kʌ.tʃjo],[dʒun.gʌ.dʒjo]
줄 거지,118,[tʃul.kʌ.tʃi],[dʒul.gʌ.dʒi]
이제 너는,118,[i.tʃe.nʌ.nɯn],[i.dʒe.nʌ.nɯn]
일 년에,118,[il.ljʌn.e],[il.ljʌn.e]
진짜 이,118,[tʃin.tʃ͈a.i],[dʒin.tʃ͈a.i]
안 통해요,118,[an.tʰoŋ.hɛ.jo],[an.tʰoŋ.hɛ.jo]
때 너무,118,[t͈ɛ.nʌ.mu],[t͈ɛ.nʌ.mu]
그런 짓을 해,118,[kɯ.ɾʌn.tʃit̚.ɯl.hɛ],[gɯ.ɾʌn.dʒit̚.ɯl.hɛ]
못 봤잖아,118,[mot̚.pwat̚.tʃan.a],[mot̚.bwat̚.tʃan.a]
뭘 원해요,118,[mwʌl.wʌn.hɛ.jo],[mwʌl.wʌn.hɛ.jo]
가족 중에,118,[ka.tʃok̚.tʃuŋ.e],[ga.dʒok̚.dʒuŋ.e]
궁금해서 그러는데,118,[kuŋ.kɯm.hɛ.sʌ.kɯ.ɾʌ.nɯn.te],[guŋ.gɯm.hɛ.sʌ.gɯ.ɾʌ.nɯn.te]
나쁜 소식을,118,[na.p͈ɯn.so.sik̚.ɯl],[na.p͈ɯn.so.sik̚.ɯl]
그냥 내버려 둬,118,[kɯ.njaŋ.nɛ.pʌ.ɾjʌ.twʌ],[gɯ.njaŋ.nɛ.bʌ.ɾjʌ.dwʌ]
오래 전부터,118,[o.ɾɛ.tʃʌm.pu.tʰʌ],[o.ɾɛ.dʒʌm.pu.tʰʌ]
믿기 힘든,118,[mit̚.ki.hin.tɯn],[mit̚.ki.hin.tɯn]
당신들 모두,118,[taŋ.sin.tɯl.mo.tu],[daŋ.sin.tɯl.mo.du]
앞에 있어,118,[ap̚.e.it̚.ʌ],[ap̚.e.it̚.ʌ]
그녀에 대한,118,[kɯ.njʌ.e.tɛ.han],[gɯ.njʌ.e.dɛ.han]
나쁜 뜻은,118,[na.p͈ɯn.t͈ɯt̚.ɯn],[na.p͈ɯn.t͈ɯt̚.ɯn]
그들이 하는,118,[kɯ.tɯl.i.ha.nɯn],[gɯ.dɯl.i.ha.nɯn]
왜 그러고,118,[wɛ.kɯ.ɾʌ.ko],[wɛ.gɯ.ɾʌ.go]
죽은 자들의,118,[tʃuk̚.ɯn.tʃa.tɯl.ɯi],[dʒuk̚.ɯn.dʒa.dɯl.ɯi]
것은 아닙니다,118,[kʌt̚.ɯn.a.nip̚.ni.ta],[gʌt̚.ɯn.a.nip̚.ni.da]
정말 잘됐다,118,[tʃʌŋ.mal.tʃal.twɛt̚.ta],[dʒʌŋ.mal.dʒal.twɛt̚.ta]
그는 너에게,118,[kɯ.nɯn.nʌ.e.ke],[gɯ.nɯn.nʌ.e.ge]
되지 않아요,118,[twe.tʃi.an.a.jo],[dwe.dʒi.an.a.jo]
몸 안에,118,[mom.an.e],[mom.an.e]
하는 그,118,[ha.nɯŋ.kɯ],[ha.nɯn.gɯ]
금방 올 거야,118,[kɯm.paŋ.ol.kʌ.ja],[gɯm.paŋ.ol.gʌ.ja]
좋아요 내,118,[tʃot̚.a.jo.nɛ],[dʒot̚.a.jo.nɛ]
들려오는 마음도,118,[tɯl.ɾjʌ.o.nɯn.ma.ɯn.to],[dɯl.ɾjʌ.o.nɯn.ma.ɯn.to]
안 되거든요,118,[an.twe.kʌ.tɯn.jo],[an.dwe.gʌ.dɯn.jo]
내 이름도,118,[nɛ.i.ɾɯn.to],[nɛ.i.ɾɯn.to]
이상 없음,118,[i.saŋ.ʌp̚.ɯm],[i.saŋ.ʌp̚.ɯm]
해 c,118,[hɛ],[hɛ]
줄 알았던,118,[tʃul.al.at̚.tʌn],[dʒul.al.at̚.tʌn]
보여 줄 게,118,[po.jʌ.tʃul.ke],[bo.jʌ.dʒul.ge]
제 잘못입니다,118,[tʃe.tʃal.mot̚.ip̚.ni.ta],[dʒe.dʒal.mot̚.ip̚.ni.da]
아 네,118,[a.ne],[a.ne]
있는 만큼,118,[it̚.nɯn.maŋ.kʰɯm],[it̚.nɯn.maŋ.kʰɯm]
사람들을 위한,118,[sa.ɾan.tɯl.ɯl.wi.han],[sa.ɾan.tɯl.ɯl.wi.han]
난 안 가,118,[nan.aŋ.ka],[nan.an.ga]
like it,118,,
먼저 들어가,118,[mʌn.tʃʌ.tɯl.ʌ.ka],[mʌn.tʃʌ.dɯl.ʌ.ga]
말이 더,118,[mal.i.tʌ],[mal.i.dʌ]
동안 나는,118,[toŋ.an.na.nɯn],[doŋ.an.na.nɯn]
다리 좀,118,[ta.ɾi.tʃom],[da.ɾi.dʒom]
애나 캣,118,[ɛ.na.kʰɛt̚],[ɛ.na.kʰɛt̚]
너를 위해서,118,[nʌ.ɾɯl.wi.hɛ.sʌ],[nʌ.ɾɯl.wi.hɛ.sʌ]
생각엔 내가,118,[sɛŋ.kak̚.en.nɛ.ka],[sɛŋ.gak̚.en.nɛ.ga]
봐 줄,118,[pwa.tʃul],[bwa.dʒul]
더 끔찍한,118,[tʌ.k͈ɯn.tʃ͈ik̚.han],[dʌ.k͈ɯn.tʃ͈ik̚.han]
너 그거 알아,118,[nʌ.kɯ.kʌ.al.a],[nʌ.gɯ.gʌ.al.a]
말할 필요가,118,[mal.hal.pʰil.jo.ka],[mal.hal.pʰil.jo.ga]
어린 역,118,[ʌ.ɾin.jʌk̚],[ʌ.ɾin.jʌk̚]
내 아내야,118,[nɛ.a.nɛ.ja],[nɛ.a.nɛ.ja]
더 드릴까요,118,[tʌ.tɯ.ɾil.k͈a.jo],[dʌ.dɯ.ɾil.k͈a.jo]
저 역시,118,[tʃʌ.jʌk̚.si],[dʒʌ.jʌk̚.si]
내 가슴,118,[nɛ.ka.sɯm],[nɛ.ga.sɯm]
그게 어디,118,[kɯ.ke.ʌ.ti],[gɯ.ge.ʌ.di]
How did,118,,
가질 거야,118,[ka.tʃil.kʌ.ja],[ga.dʒil.gʌ.ja]
쓰는 것,118,[s͈ɯ.nɯŋ.kʌt̚],[s͈ɯ.nɯn.gʌt̚]
방법을 생각해,118,[pam.pʌp̚.ɯl.sɛŋ.kak̚.hɛ],[baŋ.bʌp̚.ɯl.sɛŋ.gak̚.hɛ]
That''s why,118,,
나서 우리는,118,[na.sʌ.u.ɾi.nɯn],[na.sʌ.u.ɾi.nɯn]
없다 내,118,[ʌp̚.ta.nɛ],[ʌp̚.ta.nɛ]
내 정신,118,[nɛ.tʃʌŋ.sin],[nɛ.dʒʌŋ.sin]
그럴 생각은,118,[kɯ.ɾʌl.sɛŋ.kak̚.ɯn],[gɯ.ɾʌl.sɛŋ.gak̚.ɯn]
저 대신,118,[tʃʌ.tɛ.sin],[dʒʌ.dɛ.sin]
말이야 날,118,[mal.i.ja.nal],[mal.i.ja.nal]
그 약을,118,[kɯ.jak̚.ɯl],[gɯ.jak̚.ɯl]
잘 있어라,118,[tʃal.it̚.ʌ.ɾa],[dʒal.it̚.ʌ.ɾa]
소리 하네,118,[so.ɾi.ha.ne],[so.ɾi.ha.ne]
안 한 거야,118,[an.haŋ.kʌ.ja],[an.han.gʌ.ja]
한 말이에요,118,[han.mal.i.e.jo],[han.mal.i.e.jo]
알 바 아니야,118,[al.pa.a.ni.ja],[al.ba.a.ni.ja]
거야 야,118,[kʌ.ja.ja],[gʌ.ja.ja]
총을 쏘고,118,[tʃʰoŋ.ɯl.s͈o.ko],[tʃʰoŋ.ɯl.s͈o.go]
you need to,118,,
내가 알고 싶은,118,[nɛ.ka.al.ko.sip̚.ɯn],[nɛ.ga.al.ko.sip̚.ɯn]
얼마나 됐다고,118,[ʌl.ma.na.twɛt̚.ta.ko],[ʌl.ma.na.dwɛt̚.ta.go]
데려올 거야,118,[te.ɾjʌ.ol.kʌ.ja],[de.ɾjʌ.ol.gʌ.ja]
난 죽은,118,[nan.tʃuk̚.ɯn],[nan.dʒuk̚.ɯn]
그렇게 하게,118,[kɯ.ɾʌt̚.ke.ha.ke],[gɯ.ɾʌt̚.ke.ha.ge]
소용 없어,118,[so.joŋ.ʌp̚.ʌ],[so.joŋ.ʌp̚.ʌ]
수밖에 없었어요,118,[su.pak̚.e.ʌp̚.ʌt̚.ʌ.jo],[su.bak̚.e.ʌp̚.ʌt̚.ʌ.jo]
죽은 채로,118,[tʃuk̚.ɯn.tʃʰɛ.ɾo],[dʒuk̚.ɯn.tʃʰɛ.ɾo]
일어나 일어나,118,[il.ʌ.na.il.ʌ.na],[il.ʌ.na.il.ʌ.na]
못했을 거예요,118,[mot̚.hɛt̚.ɯl.kʌ.je.jo],[mot̚.hɛt̚.ɯl.gʌ.je.jo]
이러고 있을,118,[i.ɾʌ.ko.it̚.ɯl],[i.ɾʌ.go.it̚.ɯl]
접근할 수 있는,118,[tʃʌp̚.kɯn.hal.su.it̚.nɯn],[dʒʌp̚.kɯn.hal.su.it̚.nɯn]
아주 조금,118,[a.tʃu.tʃo.kɯm],[a.dʒu.dʒo.gɯm]
일 없을 거예요,118,[il.ʌp̚.ɯl.kʌ.je.jo],[il.ʌp̚.ɯl.gʌ.je.jo]
있는 거 같아요,118,[it̚.nɯŋ.kʌ.kat̚.a.jo],[it̚.nɯn.gʌ.gat̚.a.jo]
차 세계 대전,118,[tʃʰa.se.kje.tɛ.tʃʌn],[tʃʰa.se.gje.dɛ.dʒʌn]
제정신이 아닌,118,[tʃe.tʃʌŋ.sin.i.a.nin],[dʒe.dʒʌŋ.sin.i.a.nin]
하고 싶을,118,[ha.ko.sip̚.ɯl],[ha.go.sip̚.ɯl]
알려 주고,118,[al.ɾjʌ.tʃu.ko],[al.ɾjʌ.dʒu.go]
얼마나 안,118,[ʌl.ma.na.an],[ʌl.ma.na.an]
문 열고,118,[mun.jʌl.ko],[mun.jʌl.ko]
날 함정에,118,[nal.han.tʃʌŋ.e],[nal.han.tʃʌŋ.e]
괜찮아 다,118,[kwɛn.tʃʰan.a.ta],[gwɛn.tʃʰan.a.da]
잘 아는데,118,[tʃal.a.nɯn.te],[dʒal.a.nɯn.te]
같은 기분이,118,[kat̚.ɯŋ.ki.pun.i],[gat̚.ɯn.gi.bun.i]
정말 맛있어요,118,[tʃʌŋ.mal.mat̚.it̚.ʌ.jo],[dʒʌŋ.mal.mat̚.it̚.ʌ.jo]
내가 뭐랬어요,118,[nɛ.ka.mwʌ.ɾɛt̚.ʌ.jo],[nɛ.ga.mwʌ.ɾɛt̚.ʌ.jo]
사귀는 거,118,[sa.kwi.nɯŋ.kʌ],[sa.gwi.nɯn.gʌ]
이번 기회에,118,[i.pʌŋ.ki.hwe.e],[i.bʌn.gi.hwe.e]
닥치는 대로,118,[tak̚.tʃʰi.nɯn.tɛ.ɾo],[dak̚.tʃʰi.nɯn.dɛ.ɾo]
죽일 수 있어,118,[tʃuk̚.il.su.it̚.ʌ],[dʒuk̚.il.su.it̚.ʌ]
재미있을 것,118,[tʃɛ.mi.it̚.ɯl.kʌt̚],[dʒɛ.mi.it̚.ɯl.gʌt̚]
앞으로 더,118,[ap̚.ɯ.ɾo.tʌ],[ap̚.ɯ.ɾo.dʌ]
listen to,118,,
어디 봅시다,118,[ʌ.ti.pop̚.si.ta],[ʌ.di.bop̚.si.da]
그저 들려오는,118,[kɯ.tʃʌ.tɯl.ɾjʌ.o.nɯn],[gɯ.dʒʌ.dɯl.ɾjʌ.o.nɯn]
수 없을까,118,[su.ʌp̚.ɯl.k͈a],[su.ʌp̚.ɯl.k͈a]
전화 해,118,[tʃʌn.hwa.hɛ],[dʒʌn.hwa.hɛ]
게 이런,118,[ke.i.ɾʌn],[ge.i.ɾʌn]
you feel,118,,
도울 거야,118,[to.ul.kʌ.ja],[do.ul.gʌ.ja]
거야 걱정,118,[kʌ.ja.kʌk̚.tʃʌŋ],[gʌ.ja.gʌk̚.tʃʌŋ]
줄 수 있다,118,[tʃul.su.it̚.ta],[dʒul.su.it̚.ta]
저 사람한테,118,[tʃʌ.sa.ɾam.han.tʰe],[dʒʌ.sa.ɾam.han.tʰe]
내가 혼자,118,[nɛ.ka.hon.tʃa],[nɛ.ga.hon.tʃa]
가 봐야 해,118,[ka.pwa.ja.hɛ],[ga.bwa.ja.hɛ]
어떻게 좀 해,118,[ʌ.t͈ʌt̚.ke.tʃom.hɛ],[ʌ.t͈ʌt̚.ke.dʒom.hɛ]
찾아야 한다,118,[tʃʰat̚.a.ja.han.ta],[tʃʰat̚.a.ja.han.ta]
어디에 있죠,118,[ʌ.ti.e.it̚.tʃjo],[ʌ.di.e.it̚.tʃjo]
몇 가지 질문을,118,[mjʌt̚.ka.tʃi.tʃil.mun.ɯl],[mjʌt̚.ga.dʒi.dʒil.mun.ɯl]
thought you,118,,
그 애들은,118,[kɯ.ɛ.tɯl.ɯn],[gɯ.ɛ.dɯl.ɯn]
봐 아니,118,[pwa.a.ni],[bwa.a.ni]
이 방에 있는,118,[i.paŋ.e.it̚.nɯn],[i.baŋ.e.it̚.nɯn]
다시 시작할 수,118,[ta.si.si.tʃak̚.hal.su],[da.si.si.dʒak̚.hal.su]
같은 놈들,118,[kat̚.ɯn.non.tɯl],[gat̚.ɯn.non.tɯl]
그랬을 수도,118,[kɯ.ɾɛt̚.ɯl.su.to],[gɯ.ɾɛt̚.ɯl.su.do]
이런 말은,117,[i.ɾʌn.mal.ɯn],[i.ɾʌn.mal.ɯn]
사람 그 사람의,117,[sa.ɾam.kɯ.sa.ɾam.ɯi],[sa.ɾam.gɯ.sa.ɾam.ɯi]
난 여기 있을,117,[nan.jʌ.ki.it̚.ɯl],[nan.jʌ.gi.it̚.ɯl]
일어난 일이야,117,[il.ʌ.nan.il.i.ja],[il.ʌ.nan.il.i.ja]
적이 있지,117,[tʃʌk̚.i.it̚.tʃi],[dʒʌk̚.i.it̚.tʃi]
너무 무서워서,117,[nʌ.mu.mu.sʌ.wʌ.sʌ],[nʌ.mu.mu.sʌ.wʌ.sʌ]
다 뭐죠,117,[ta.mwʌ.tʃjo],[da.mwʌ.dʒjo]
믿어 辿り着くと信じて 도달하리라,117,[mit̚.ʌ.to.tal.ha.ɾi.ɾa],[mit̚.ʌ.do.dal.ha.ɾi.ɾa]
문제가 되지,117,[mun.tʃe.ka.twe.tʃi],[mun.tʃe.ga.dwe.dʒi]
오늘 어땠어,117,[o.nɯl.ʌ.t͈ɛt̚.ʌ],[o.nɯl.ʌ.t͈ɛt̚.ʌ]
절대 용서,117,[tʃʌl.tɛ.joŋ.sʌ],[dʒʌl.tɛ.joŋ.sʌ]
헤맨들 何度くじけ迷えど 몇 번을,117,[he.mɛn.tɯl.mjʌt̚.pʌn.ɯl],[he.mɛn.tɯl.mjʌt̚.bʌn.ɯl]
안 본,117,[am.pon],[an.bon]
全部揃っていたとしても 전부 갖춰져 있다,117,[tʃʌm.pu.kat̚.tʃʰwʌ.tʃjʌ.it̚.ta],[dʒʌm.pu.gat̚.tʃʰwʌ.dʒjʌ.it̚.ta]
때문인 것,117,[t͈ɛ.mun.iŋ.kʌt̚],[t͈ɛ.mun.in.gʌt̚]
그런 줄 알았어,117,[kɯ.ɾʌn.tʃul.al.at̚.ʌ],[gɯ.ɾʌn.dʒul.al.at̚.ʌ]
그들은 우리의,117,[kɯ.tɯl.ɯn.u.ɾi.ɯi],[gɯ.dɯl.ɯn.u.ɾi.ɯi]
그 사람의 모든,117,[kɯ.sa.ɾam.ɯi.mo.tɯn],[gɯ.sa.ɾam.ɯi.mo.dɯn]
날 거예요,117,[nal.kʌ.je.jo],[nal.gʌ.je.jo]
했다는 거야,117,[hɛt̚.ta.nɯŋ.kʌ.ja],[hɛt̚.ta.nɯn.gʌ.ja]
이런 거지,117,[i.ɾʌŋ.kʌ.tʃi],[i.ɾʌn.gʌ.dʒi]
그게 무슨 뜻이에요,117,[kɯ.ke.mu.sɯn.t͈ɯt̚.i.e.jo],[gɯ.ge.mu.sɯn.t͈ɯt̚.i.e.jo]
곳이 있어요,117,[kot̚.i.it̚.ʌ.jo],[got̚.i.it̚.ʌ.jo]
그게 말이야,117,[kɯ.ke.mal.i.ja],[gɯ.ge.mal.i.ja]
다시 전화할게요,117,[ta.si.tʃʌn.hwa.hal.ke.jo],[da.si.dʒʌn.hwa.hal.ke.jo]
당신 대체,117,[taŋ.sin.tɛ.tʃʰe],[daŋ.sin.dɛ.tʃʰe]
아무 말 하지,117,[a.mu.mal.ha.tʃi],[a.mu.mal.ha.dʒi]
말이 맞다면,117,[mal.i.mat̚.ta.mjʌn],[mal.i.mat̚.ta.mjʌn]
될 것 같습니다,117,[twel.kʌt̚.kat̚.sɯp̚.ni.ta],[dwel.gʌt̚.gat̚.sɯp̚.ni.da]
먼 길,117,[mʌŋ.kil],[mʌn.gil]
무슨 소리니,117,[mu.sɯn.so.ɾi.ni],[mu.sɯn.so.ɾi.ni]
번을 꺾이고 헤맨들 何度くじけ迷えど,117,[pʌn.ɯl.k͈ʌk̚.i.ko.he.mɛn.tɯl],[bʌn.ɯl.k͈ʌk̚.i.go.he.mɛn.tɯl]
그러니까 제발,117,[kɯ.ɾʌ.ni.k͈a.tʃe.pal],[gɯ.ɾʌ.ni.k͈a.dʒe.bal]
채 안,117,[tʃʰɛ.an],[tʃʰɛ.an]
못 받을,117,[mot̚.pat̚.ɯl],[mot̚.bat̚.ɯl]
네 자,117,[ne.tʃa],[ne.dʒa]
내 동생이야,117,[nɛ.toŋ.sɛŋ.i.ja],[nɛ.doŋ.sɛŋ.i.ja]
수밖에 없었어,117,[su.pak̚.e.ʌp̚.ʌt̚.ʌ],[su.bak̚.e.ʌp̚.ʌt̚.ʌ]
어떻게 지내니,117,[ʌ.t͈ʌt̚.ke.tʃi.nɛ.ni],[ʌ.t͈ʌt̚.ke.dʒi.nɛ.ni]
해요 우린,117,[hɛ.jo.u.ɾin],[hɛ.jo.u.ɾin]
넌 우리가,117,[nʌn.u.ɾi.ka],[nʌn.u.ɾi.ga]
아니요 그럼,117,[a.ni.jo.kɯ.ɾʌm],[a.ni.jo.gɯ.ɾʌm]
전부 갖춰져 있다 한들,117,[tʃʌm.pu.kat̚.tʃʰwʌ.tʃjʌ.it̚.ta.han.tɯl],[dʒʌm.pu.gat̚.tʃʰwʌ.dʒjʌ.it̚.ta.han.tɯl]
포기하면 안,117,[pʰo.ki.ha.mjʌn.an],[pʰo.gi.ha.mjʌn.an]
네 다른,117,[ne.ta.ɾɯn],[ne.da.ɾɯn]
마음만 먹으면,117,[ma.ɯm.man.mʌk̚.ɯ.mjʌn],[ma.ɯm.man.mʌk̚.ɯ.mjʌn]
이거 먹어,117,[i.kʌ.mʌk̚.ʌ],[i.gʌ.mʌk̚.ʌ]
믿어 辿り着くと信じて,117,[mit̚.ʌ],[mit̚.ʌ]
증명하기 위해,117,[tʃɯŋ.mjʌŋ.ha.ki.wi.hɛ],[dʒɯŋ.mjʌŋ.ha.gi.wi.hɛ]
있었다 그리고,117,[it̚.ʌt̚.ta.kɯ.ɾi.ko],[it̚.ʌt̚.ta.gɯ.ɾi.go]
자는 동안,117,[tʃa.nɯn.toŋ.an],[dʒa.nɯn.doŋ.an]
전혀 아니에요,117,[tʃʌn.hjʌ.a.ni.e.jo],[dʒʌn.hjʌ.a.ni.e.jo]
다시 잘,117,[ta.si.tʃal],[da.si.dʒal]
걸 알면서,117,[kʌl.al.mjʌn.sʌ],[gʌl.al.mjʌn.sʌ]
못 갈 것,117,[mot̚.kal.kʌt̚],[mot̚.gal.gʌt̚]
내가 잘못한,117,[nɛ.ka.tʃal.mot̚.han],[nɛ.ga.dʒal.mot̚.han]
마 좋아,117,[ma.tʃot̚.a],[ma.dʒot̚.a]
못 보셨어요,117,[mot̚.po.sjʌt̚.ʌ.jo],[mot̚.bo.sjʌt̚.ʌ.jo]
채어가 줘,117,[tʃʰɛ.ʌ.ka.tʃwʌ],[tʃʰɛ.ʌ.ga.dʒwʌ]
꿈쩍도 안,117,[k͈un.tʃ͈ʌk̚.to.an],[k͈un.tʃ͈ʌk̚.to.an]
눈 똑바로,117,[nun.t͈ok̚.pa.ɾo],[nun.t͈ok̚.pa.ɾo]
같아 넌,117,[kat̚.a.nʌn],[gat̚.a.nʌn]
건지 알고,117,[kʌn.tʃi.al.ko],[gʌn.tʃi.al.ko]
많지 않다,117,[man.tʃi.an.ta],[man.tʃi.an.ta]
일한 지,117,[il.han.tʃi],[il.han.dʒi]
나갔다 올게,117,[na.kat̚.ta.ol.ke],[na.gat̚.ta.ol.ke]
what we,117,,
우리가 모든,117,[u.ɾi.ka.mo.tɯn],[u.ɾi.ga.mo.dɯn]
갖춰져 있다,117,[kat̚.tʃʰwʌ.tʃjʌ.it̚.ta],[gat̚.tʃʰwʌ.dʒjʌ.it̚.ta]
둔 거야,117,[tuŋ.kʌ.ja],[dun.gʌ.ja]
대해 알아,117,[tɛ.hɛ.al.a],[dɛ.hɛ.al.a]
도달하리라 믿어 辿り着くと信じて 도달하리라,117,[to.tal.ha.ɾi.ɾa.mit̚.ʌ.to.tal.ha.ɾi.ɾa],[do.dal.ha.ɾi.ɾa.mit̚.ʌ.do.dal.ha.ɾi.ɾa]
말이 맞아 난,117,[mal.i.mat̚.a.nan],[mal.i.mat̚.a.nan]
인연을 希望のはな 繋いだ絆を,117,[in.jʌn.ɯl],[in.jʌn.ɯl]
하지 말라는,117,[ha.tʃi.mal.ɾa.nɯn],[ha.dʒi.mal.ɾa.nɯn]
어디 가십니까,117,[ʌ.ti.ka.sip̚.ni.k͈a],[ʌ.di.ga.sip̚.ni.k͈a]
그럼 이거,117,[kɯ.ɾʌm.i.kʌ],[gɯ.ɾʌm.i.gʌ]
있는 게 더,117,[it̚.nɯŋ.ke.tʌ],[it̚.nɯn.ge.dʌ]
눈을 감으면,117,[nun.ɯl.kam.ɯ.mjʌn],[nun.ɯl.gam.ɯ.mjʌn]
한 적도,117,[han.tʃʌk̚.to],[han.dʒʌk̚.to]
한숨도 못,117,[han.sun.to.mot̚],[han.sun.to.mot̚]
생각이 들었어요,117,[sɛŋ.kak̚.i.tɯl.ʌt̚.ʌ.jo],[sɛŋ.gak̚.i.dɯl.ʌt̚.ʌ.jo]
걸 알려,117,[kʌl.al.ɾjʌ],[gʌl.al.ɾjʌ]
없어 너도,117,[ʌp̚.ʌ.nʌ.to],[ʌp̚.ʌ.nʌ.do]
전 됐어요,117,[tʃʌn.twɛt̚.ʌ.jo],[dʒʌn.dwɛt̚.ʌ.jo]
상상도 못할,117,[saŋ.saŋ.to.mot̚.hal],[saŋ.saŋ.do.mot̚.hal]
여기선 안,117,[jʌ.ki.sʌn.an],[jʌ.gi.sʌn.an]
어려울 것,117,[ʌ.ɾjʌ.ul.kʌt̚],[ʌ.ɾjʌ.ul.gʌt̚]
전부 갖춰져 있다,117,[tʃʌm.pu.kat̚.tʃʰwʌ.tʃjʌ.it̚.ta],[dʒʌm.pu.gat̚.tʃʰwʌ.dʒjʌ.it̚.ta]
isn''t it,117,,
도달하리라 믿어 辿り着くと信じて,117,[to.tal.ha.ɾi.ɾa.mit̚.ʌ],[do.dal.ha.ɾi.ɾa.mit̚.ʌ]
말을 왜,117,[mal.ɯl.wɛ],[mal.ɯl.wɛ]
이런 빌어먹을,117,[i.ɾʌm.pil.ʌ.mʌk̚.ɯl],[i.ɾʌn.bil.ʌ.mʌk̚.ɯl]
이어진 인연을 希望のはな 繋いだ絆を,117,[i.ʌ.tʃin.in.jʌn.ɯl],[i.ʌ.dʒin.in.jʌn.ɯl]
같이 자는,117,[kat̚.i.tʃa.nɯn],[gat̚.i.dʒa.nɯn]
이어진 인연을 希望のはな,117,[i.ʌ.tʃin.in.jʌn.ɯl],[i.ʌ.dʒin.in.jʌn.ɯl]
거 아니까,117,[kʌ.a.ni.k͈a],[gʌ.a.ni.k͈a]
왔어 내가,117,[wat̚.ʌ.nɛ.ka],[wat̚.ʌ.nɛ.ga]
바뀔 거야,117,[pa.k͈wil.kʌ.ja],[ba.k͈wil.gʌ.ja]
네 괜찮아요,117,[ne.kwɛn.tʃʰan.a.jo],[ne.gwɛn.tʃʰan.a.jo]
있었어 그래,117,[it̚.ʌt̚.ʌ.kɯ.ɾɛ],[it̚.ʌt̚.ʌ.gɯ.ɾɛ]
아니야 당신이,117,[a.ni.ja.taŋ.sin.i],[a.ni.ja.daŋ.sin.i]
바뀌는 건,117,[pa.k͈wi.nɯŋ.kʌn],[ba.k͈wi.nɯn.gʌn]
중요하지 않다,117,[tʃuŋ.jo.ha.tʃi.an.ta],[dʒuŋ.jo.ha.dʒi.an.ta]
그건 말도 안 돼,117,[kɯ.kʌn.mal.to.an.twɛ],[gɯ.gʌn.mal.to.an.dwɛ]
헤맨들 何度くじけ迷えど 몇,117,[he.mɛn.tɯl.mjʌt̚],[he.mɛn.tɯl.mjʌt̚]
그녀에게 무슨,117,[kɯ.njʌ.e.ke.mu.sɯn],[gɯ.njʌ.e.ge.mu.sɯn]
훨씬 더 많이,117,[hwʌl.s͈in.tʌ.man.i],[hwʌl.s͈in.dʌ.man.i]
얘기를 왜,117,[jɛ.ki.ɾɯl.wɛ],[jɛ.gi.ɾɯl.wɛ]
꽤 오랫동안,117,[k͈wɛ.o.ɾɛt̚.toŋ.an],[k͈wɛ.o.ɾɛt̚.toŋ.an]
인연을 希望のはな,117,[in.jʌn.ɯl],[in.jʌn.ɯl]
그러니까 그게,117,[kɯ.ɾʌ.ni.k͈a.kɯ.ke],[gɯ.ɾʌ.ni.k͈a.gɯ.ge]
것이 없다,117,[kʌt̚.i.ʌp̚.ta],[gʌt̚.i.ʌp̚.ta]
무사해서 다행이야,117,[mu.sa.hɛ.sʌ.ta.hɛŋ.i.ja],[mu.sa.hɛ.sʌ.da.hɛŋ.i.ja]
it again,117,,
같아 좋아,117,[kat̚.a.tʃot̚.a],[gat̚.a.dʒot̚.a]
더 쉬운,117,[tʌ.swi.un],[dʌ.swi.un]
새 출발을,117,[sɛ.tʃʰul.pal.ɯl],[sɛ.tʃʰul.pal.ɯl]
싶어 그래,117,[sip̚.ʌ.kɯ.ɾɛ],[sip̚.ʌ.gɯ.ɾɛ]
것도 알아요,117,[kʌt̚.to.al.a.jo],[gʌt̚.to.al.a.jo]
全部揃っていたとしても 전부 갖춰져,117,[tʃʌm.pu.kat̚.tʃʰwʌ.tʃjʌ],[dʒʌm.pu.gat̚.tʃʰwʌ.dʒjʌ]
보낸 것,117,[po.nɛŋ.kʌt̚],[bo.nɛn.gʌt̚]
해치지 마세요,117,[hɛ.tʃʰi.tʃi.ma.se.jo],[hɛ.tʃʰi.dʒi.ma.se.jo]
거 미안해,117,[kʌ.mi.an.hɛ],[gʌ.mi.an.hɛ]
말을 듣는,117,[mal.ɯl.tɯt̚.nɯn],[mal.ɯl.dɯt̚.nɯn]
차 대전,117,[tʃʰa.tɛ.tʃʌn],[tʃʰa.dɛ.dʒʌn]
좋지 않습니다,117,[tʃot̚.tʃi.an.sɯp̚.ni.ta],[dʒot̚.tʃi.an.sɯp̚.ni.da]
우리는 어떻게,117,[u.ɾi.nɯn.ʌ.t͈ʌt̚.ke],[u.ɾi.nɯn.ʌ.t͈ʌt̚.ke]
중 하나이다,117,[tʃuŋ.ha.na.i.ta],[dʒuŋ.ha.na.i.da]
수도 있다고요,117,[su.to.it̚.ta.ko.jo],[su.do.it̚.ta.go.jo]
그것은 나에게,117,[kɯ.kʌt̚.ɯn.na.e.ke],[gɯ.gʌt̚.ɯn.na.e.ge]
줬으면 좋겠어,117,[tʃwʌt̚.ɯ.mjʌn.tʃot̚.ket̚.ʌ],[dʒwʌt̚.ɯ.mjʌn.dʒot̚.ket̚.ʌ]
우는 거야,117,[u.nɯŋ.kʌ.ja],[u.nɯn.gʌ.ja]
주셔야 해요,117,[tʃu.sjʌ.ja.hɛ.jo],[dʒu.sjʌ.ja.hɛ.jo]
피를 흘리고,117,[pʰi.ɾɯl.hɯl.ɾi.ko],[pʰi.ɾɯl.hɯl.ɾi.go]
辿り着くと信じて 도달하리라 믿어 辿り着くと信じて,117,[to.tal.ha.ɾi.ɾa.mit̚.ʌ],[do.dal.ha.ɾi.ɾa.mit̚.ʌ]
현장에 있던,117,[hjʌn.tʃaŋ.e.it̚.tʌn],[hjʌn.tʃaŋ.e.it̚.tʌn]
믿어 辿り着くと信じて 도달하리라 믿어,117,[mit̚.ʌ.to.tal.ha.ɾi.ɾa.mit̚.ʌ],[mit̚.ʌ.do.dal.ha.ɾi.ɾa.mit̚.ʌ]
넌 혼자가,117,[nʌn.hon.tʃa.ka],[nʌn.hon.tʃa.ga]
여전히 그,117,[jʌ.tʃʌn.hi.kɯ],[jʌ.dʒʌn.hi.gɯ]
때보다 더,117,[t͈ɛ.po.ta.tʌ],[t͈ɛ.bo.da.dʌ]
인연을 希望のはな 繋いだ絆を 희망의,117,[in.jʌn.ɯl.hɯi.maŋ.ɯi],[in.jʌn.ɯl.hɯi.maŋ.ɯi]
전화했을 때,117,[tʃʌn.hwa.hɛt̚.ɯl.t͈ɛ],[dʒʌn.hwa.hɛt̚.ɯl.t͈ɛ]
난 평범한,117,[nam.pʰjʌm.pʌm.han],[nam.pʰjʌŋ.bʌm.han]
일하고 있었다,117,[il.ha.ko.it̚.ʌt̚.ta],[il.ha.go.it̚.ʌt̚.ta]
얘기를 하면,117,[jɛ.ki.ɾɯl.ha.mjʌn],[jɛ.gi.ɾɯl.ha.mjʌn]
무슨 얘기요,117,[mu.sɯn.jɛ.ki.jo],[mu.sɯn.jɛ.gi.jo]
우린 그가,117,[u.ɾiŋ.kɯ.ka],[u.ɾin.gɯ.ga]
뭘 할까요,117,[mwʌl.hal.k͈a.jo],[mwʌl.hal.k͈a.jo]
만난 적은,117,[man.nan.tʃʌk̚.ɯn],[man.nan.dʒʌk̚.ɯn]
같아 이제,117,[kat̚.a.i.tʃe],[gat̚.a.i.dʒe]
全部揃っていたとしても 전부,117,[tʃʌm.pu],[dʒʌm.pu]
그 지역의,117,[kɯ.tʃi.jʌk̚.ɯi],[gɯ.dʒi.jʌk̚.ɯi]
차에 타요,117,[tʃʰa.e.tʰa.jo],[tʃʰa.e.tʰa.jo]
돼요 그냥,117,[twɛ.jo.kɯ.njaŋ],[dwɛ.jo.gɯ.njaŋ]
기쁜 마음으로,117,[ki.p͈ɯn.ma.ɯm.ɯ.ɾo],[gi.p͈ɯn.ma.ɯm.ɯ.ɾo]
아는 줄,117,[a.nɯn.tʃul],[a.nɯn.dʒul]
당신 집,117,[taŋ.sin.tʃip̚],[daŋ.sin.dʒip̚]
안 했네,117,[an.hɛt̚.ne],[an.hɛt̚.ne]
일을 하죠,117,[il.ɯl.ha.tʃjo],[il.ɯl.ha.dʒjo]
영영 못,117,[jʌŋ.jʌŋ.mot̚],[jʌŋ.jʌŋ.mot̚]
걸로 알고,117,[kʌl.ɾo.al.ko],[gʌl.ɾo.al.ko]
it go,117,,
당신이 할 수 있는,117,[taŋ.sin.i.hal.su.it̚.nɯn],[daŋ.sin.i.hal.su.it̚.nɯn]
아닙니다 이,117,[a.nip̚.ni.ta.i],[a.nip̚.ni.da.i]
마요 내가,117,[ma.jo.nɛ.ka],[ma.jo.nɛ.ga]
거의 없다,117,[kʌ.ɯi.ʌp̚.ta],[gʌ.ɯi.ʌp̚.ta]
너나 나나,117,[nʌ.na.na.na],[nʌ.na.na.na]
헤맨들 何度くじけ迷えど,117,[he.mɛn.tɯl],[he.mɛn.tɯl]
모든 게 우리를,117,[mo.tɯŋ.ke.u.ɾi.ɾɯl],[mo.dɯn.ge.u.ɾi.ɾɯl]
칠 거야,117,[tʃʰil.kʌ.ja],[tʃʰil.gʌ.ja]
한 시간만,117,[han.si.kan.man],[han.si.gan.man]
사람을 찾는,117,[sa.ɾam.ɯl.tʃʰat̚.nɯn],[sa.ɾam.ɯl.tʃʰat̚.nɯn]
그렇게 믿고,117,[kɯ.ɾʌt̚.ke.mit̚.ko],[gɯ.ɾʌt̚.ke.mit̚.ko]
전화벨 소리,117,[tʃʌn.hwa.pel.so.ɾi],[dʒʌn.hwa.bel.so.ɾi]
저 말,117,[tʃʌ.mal],[dʒʌ.mal]
다들 괜찮아,117,[ta.tɯl.kwɛn.tʃʰan.a],[da.dɯl.gwɛn.tʃʰan.a]
그래도 잘,117,[kɯ.ɾɛ.to.tʃal],[gɯ.ɾɛ.do.dʒal]
싫어하는 게,117,[sil.ʌ.ha.nɯŋ.ke],[sil.ʌ.ha.nɯn.ge]
후에 말이야,117,[hu.e.mal.i.ja],[hu.e.mal.i.ja]
게 믿기지,117,[ke.mit̚.ki.tʃi],[ge.mit̚.ki.dʒi]
거란 거,117,[kʌ.ɾaŋ.kʌ],[gʌ.ɾan.gʌ]
않다는 거,117,[an.ta.nɯŋ.kʌ],[an.ta.nɯn.gʌ]
대단한 일을,117,[tɛ.tan.han.il.ɯl],[dɛ.dan.han.il.ɯl]
그 차는,117,[kɯ.tʃʰa.nɯn],[gɯ.tʃʰa.nɯn]
그는 내게,117,[kɯ.nɯn.nɛ.ke],[gɯ.nɯn.nɛ.ge]
갖춰져 있다 한들,117,[kat̚.tʃʰwʌ.tʃjʌ.it̚.ta.han.tɯl],[gat̚.tʃʰwʌ.dʒjʌ.it̚.ta.han.tɯl]
뭔진 몰라도,117,[mwʌn.tʃin.mol.ɾa.to],[mwʌn.tʃin.mol.ɾa.do]
우리 도움이,117,[u.ɾi.to.um.i],[u.ɾi.do.um.i]
될지 모르겠지만,117,[twel.tʃi.mo.ɾɯ.ket̚.tʃi.man],[dwel.tʃi.mo.ɾɯ.get̚.tʃi.man]
FBI 요원,117,[jo.wʌn],[jo.wʌn]
꺾이고 헤맨들 何度くじけ迷えど,117,[k͈ʌk̚.i.ko.he.mɛn.tɯl],[k͈ʌk̚.i.go.he.mɛn.tɯl]
아니라는 건,117,[a.ni.ɾa.nɯŋ.kʌn],[a.ni.ɾa.nɯn.gʌn]
이 좋은,117,[i.tʃot̚.ɯn],[i.dʒot̚.ɯn]
It''s okay,117,,
발견 할,117,[pal.kjʌn.hal],[bal.kjʌn.hal]
꺾이고 헤맨들 何度くじけ迷えど 몇,117,[k͈ʌk̚.i.ko.he.mɛn.tɯl.mjʌt̚],[k͈ʌk̚.i.go.he.mɛn.tɯl.mjʌt̚]
그래 좋은,117,[kɯ.ɾɛ.tʃot̚.ɯn],[gɯ.ɾɛ.dʒot̚.ɯn]
아무 의미가,117,[a.mu.ɯi.mi.ka],[a.mu.ɯi.mi.ga]
수 있을 거에요,117,[su.it̚.ɯl.kʌ.e.jo],[su.it̚.ɯl.gʌ.e.jo]
it for,117,,
좀 사다,117,[tʃom.sa.ta],[dʒom.sa.da]
거야 항상,117,[kʌ.ja.haŋ.saŋ],[gʌ.ja.haŋ.saŋ]
옅은 숨을,117,[jʌt̚.ɯn.sum.ɯl],[jʌt̚.ɯn.sum.ɯl]
you that,117,,
만 파운드,117,[mam.pʰa.un.tɯ],[mam.pʰa.un.tɯ]
안 가는 게,117,[aŋ.ka.nɯŋ.ke],[an.ga.nɯn.ge]
효과가 있을,117,[hjo.kwa.ka.it̚.ɯl],[hjo.gwa.ga.it̚.ɯl]
우린 가야 해,117,[u.ɾiŋ.ka.ja.hɛ],[u.ɾin.ga.ja.hɛ]
뭐 먹을래,117,[mwʌ.mʌk̚.ɯl.ɾɛ],[mwʌ.mʌk̚.ɯl.ɾɛ]
국가 안보,117,[kuk̚.ka.am.po],[guk̚.ka.am.po]
나한테 말도,117,[na.han.tʰe.mal.to],[na.han.tʰe.mal.to]
씨 전,117,[s͈i.tʃʌn],[s͈i.dʒʌn]
말 때문에,117,[mal.t͈ɛ.mun.e],[mal.t͈ɛ.mun.e]
온 게 아닙니다,117,[oŋ.ke.a.nip̚.ni.ta],[on.ge.a.nip̚.ni.da]
얘기를 했어요,117,[jɛ.ki.ɾɯl.hɛt̚.ʌ.jo],[jɛ.gi.ɾɯl.hɛt̚.ʌ.jo]
무슨 냄새야,117,[mu.sɯn.nɛm.sɛ.ja],[mu.sɯn.nɛm.sɛ.ja]
무엇을 알고,117,[mu.ʌt̚.ɯl.al.ko],[mu.ʌt̚.ɯl.al.ko]
분명히 뭔가,117,[pun.mjʌŋ.hi.mwʌŋ.ka],[bun.mjʌŋ.hi.mwʌŋ.ka]
함께 시간을,117,[ham.k͈e.si.kan.ɯl],[ham.k͈e.si.gan.ɯl]
아까 한,117,[a.k͈a.han],[a.k͈a.han]
네 목을,117,[ne.mok̚.ɯl],[ne.mok̚.ɯl]
있어 몇,117,[it̚.ʌ.mjʌt̚],[it̚.ʌ.mjʌt̚]
얘기는 왜,116,[jɛ.ki.nɯn.wɛ],[jɛ.gi.nɯn.wɛ]
있다 그래서,116,[it̚.ta.kɯ.ɾɛ.sʌ],[it̚.ta.gɯ.ɾɛ.sʌ]
게 좋을 거,116,[ke.tʃot̚.ɯl.kʌ],[ge.dʒot̚.ɯl.gʌ]
다시 전화해,116,[ta.si.tʃʌn.hwa.hɛ],[da.si.dʒʌn.hwa.hɛ]
같이 잘,116,[kat̚.i.tʃal],[gat̚.i.dʒal]
뭐 어떻게,116,[mwʌ.ʌ.t͈ʌt̚.ke],[mwʌ.ʌ.t͈ʌt̚.ke]
걸 하는,116,[kʌl.ha.nɯn],[gʌl.ha.nɯn]
거야 그래요,116,[kʌ.ja.kɯ.ɾɛ.jo],[gʌ.ja.gɯ.ɾɛ.jo]
두고 왔어요,116,[tu.ko.wat̚.ʌ.jo],[du.go.wat̚.ʌ.jo]
말도 안 해,116,[mal.to.an.hɛ],[mal.to.an.hɛ]
멋쩍은 숨소리,116,[mʌt̚.tʃ͈ʌk̚.ɯn.sum.so.ɾi],[mʌt̚.tʃ͈ʌk̚.ɯn.sum.so.ɾi]
어디서 찾을 수,116,[ʌ.ti.sʌ.tʃʰat̚.ɯl.su],[ʌ.di.sʌ.tʃʰat̚.ɯl.su]
그리고 나를,116,[kɯ.ɾi.ko.na.ɾɯl],[gɯ.ɾi.go.na.ɾɯl]
어두운 효과음,116,[ʌ.tu.un.hjo.kwa.ɯm],[ʌ.du.un.hjo.gwa.ɯm]
신고 안,116,[siŋ.ko.an],[siŋ.ko.an]
안 둘 거야,116,[an.tul.kʌ.ja],[an.dul.gʌ.ja]
있어도 돼요,116,[it̚.ʌ.to.twɛ.jo],[it̚.ʌ.do.dwɛ.jo]
의 아파하는 신음,116,[ɯi.a.pʰa.ha.nɯn.sin.ɯm],[ɯi.a.pʰa.ha.nɯn.sin.ɯm]
아주 좋습니다,116,[a.tʃu.tʃot̚.sɯp̚.ni.ta],[a.dʒu.dʒot̚.sɯp̚.ni.da]
있어 모두,116,[it̚.ʌ.mo.tu],[it̚.ʌ.mo.du]
무슨 짓이든 할,116,[mu.sɯn.tʃit̚.i.tɯn.hal],[mu.sɯn.dʒit̚.i.dɯn.hal]
사람이 다,116,[sa.ɾam.i.ta],[sa.ɾam.i.da]
있을 만한,116,[it̚.ɯl.man.han],[it̚.ɯl.man.han]
전에 다,116,[tʃʌn.e.ta],[dʒʌn.e.da]
우리가 보는 건,116,[u.ɾi.ka.po.nɯŋ.kʌn],[u.ɾi.ga.bo.nɯn.gʌn]
가자 빨리,116,[ka.tʃa.p͈al.ɾi],[ga.dʒa.p͈al.ɾi]
단지 내가,116,[tan.tʃi.nɛ.ka],[dan.tʃi.nɛ.ga]
너는 그냥,116,[nʌ.nɯŋ.kɯ.njaŋ],[nʌ.nɯn.gɯ.njaŋ]
말해 난,116,[mal.hɛ.nan],[mal.hɛ.nan]
우리 중 누구도,116,[u.ɾi.tʃuŋ.nu.ku.to],[u.ɾi.dʒuŋ.nu.gu.do]
제가 알아서 할게요,116,[tʃe.ka.al.a.sʌ.hal.ke.jo],[dʒe.ga.al.a.sʌ.hal.ke.jo]
그 놈들이,116,[kɯ.non.tɯl.i],[gɯ.non.tɯl.i]
일 차,116,[il.tʃʰa],[il.tʃʰa]
왜 그런 걸,116,[wɛ.kɯ.ɾʌŋ.kʌl],[wɛ.gɯ.ɾʌn.gʌl]
놀랄 만한,116,[nol.ɾal.man.han],[nol.ɾal.man.han]
it''s not like,116,,
뭔가 찾은,116,[mwʌŋ.ka.tʃʰat̚.ɯn],[mwʌŋ.ka.tʃʰat̚.ɯn]
대한 그의,116,[tɛ.haŋ.kɯ.ɯi],[dɛ.han.gɯ.ɯi]
한 잔 주세요,116,[han.tʃan.tʃu.se.jo],[han.dʒan.dʒu.se.jo]
하고 싶은데요,116,[ha.ko.sip̚.ɯn.te.jo],[ha.go.sip̚.ɯn.te.jo]
가르쳐 준,116,[ka.ɾɯ.tʃʰjʌ.tʃun],[ga.ɾɯ.tʃʰjʌ.dʒun]
당장 가서,116,[taŋ.tʃaŋ.ka.sʌ],[daŋ.dʒaŋ.ga.sʌ]
닿을 수,116,[tat̚.ɯl.su],[dat̚.ɯl.su]
그만하면 됐어,116,[kɯ.man.ha.mjʌn.twɛt̚.ʌ],[gɯ.man.ha.mjʌn.dwɛt̚.ʌ]
됐을 거예요,116,[twɛt̚.ɯl.kʌ.je.jo],[dwɛt̚.ɯl.gʌ.je.jo]
말한 줄,116,[mal.han.tʃul],[mal.han.dʒul]
하 하,116,[ha.ha],[ha.ha]
아무데도 못,116,[a.mu.te.to.mot̚],[a.mu.de.do.mot̚]
발견해도 의미가,116,[pal.kjʌn.hɛ.to.ɯi.mi.ka],[bal.kjʌn.hɛ.do.ɯi.mi.ga]
볼 때는,116,[pol.t͈ɛ.nɯn],[bol.t͈ɛ.nɯn]
훔칠 수,116,[hun.tʃʰil.su],[hun.tʃʰil.su]
그래서 나,116,[kɯ.ɾɛ.sʌ.na],[gɯ.ɾɛ.sʌ.na]
몇 시간이나,116,[mjʌt̚.si.kan.i.na],[mjʌt̚.si.gan.i.na]
잘 나가는,116,[tʃal.la.ka.nɯn],[dʒal.la.ga.nɯn]
사람들 전부,116,[sa.ɾan.tɯl.tʃʌm.pu],[sa.ɾan.tɯl.dʒʌm.pu]
자유를 위해,116,[tʃa.ju.ɾɯl.wi.hɛ],[dʒa.ju.ɾɯl.wi.hɛ]
필요 없으니까,116,[pʰil.jo.ʌp̚.ɯ.ni.k͈a],[pʰil.jo.ʌp̚.ɯ.ni.k͈a]
두 가지가,116,[tu.ka.tʃi.ka],[du.ga.dʒi.ga]
얘기 좀 할래,116,[jɛ.ki.tʃom.hal.ɾɛ],[jɛ.gi.dʒom.hal.ɾɛ]
초대 안,116,[tʃʰo.tɛ.an],[tʃʰo.dɛ.an]
다 어디서,116,[ta.ʌ.ti.sʌ],[da.ʌ.di.sʌ]
거란 건,116,[kʌ.ɾaŋ.kʌn],[gʌ.ɾan.gʌn]
말고 그,116,[mal.ko.kɯ],[mal.ko.gɯ]
곧 나올,116,[kot̚.na.ol],[got̚.na.ol]
없었어 하지만,116,[ʌp̚.ʌt̚.ʌ.ha.tʃi.man],[ʌp̚.ʌt̚.ʌ.ha.dʒi.man]
인생 최악의,116,[in.sɛŋ.tʃʰwe.ak̚.ɯi],[in.sɛŋ.tʃʰwe.ak̚.ɯi]
and get,116,,
all this,116,,
DNA 검사,116,[kʌm.sa],[gʌm.sa]
알아요 나도,116,[al.a.jo.na.to],[al.a.jo.na.do]
될 거 같아요,116,[twel.kʌ.kat̚.a.jo],[dwel.gʌ.gat̚.a.jo]
일어나기 전에,116,[il.ʌ.na.ki.tʃʌn.e],[il.ʌ.na.gi.dʒʌn.e]
하려고 했어요,116,[ha.ɾjʌ.ko.hɛt̚.ʌ.jo],[ha.ɾjʌ.go.hɛt̚.ʌ.jo]
뭘 아는지,116,[mwʌl.a.nɯn.tʃi],[mwʌl.a.nɯn.tʃi]
봐도 될까,116,[pwa.to.twel.k͈a],[bwa.do.dwel.k͈a]
생각 말고,116,[sɛŋ.kak̚.mal.ko],[sɛŋ.gak̚.mal.ko]
못하는 것,116,[mot̚.ha.nɯŋ.kʌt̚],[mot̚.ha.nɯn.gʌt̚]
거 기억,116,[kʌ.ki.ʌk̚],[gʌ.gi.ʌk̚]
그리고 당신도,116,[kɯ.ɾi.ko.taŋ.sin.to],[gɯ.ɾi.go.daŋ.sin.to]
아주 좋았어요,116,[a.tʃu.tʃot̚.at̚.ʌ.jo],[a.dʒu.dʒot̚.at̚.ʌ.jo]
건 저,116,[kʌn.tʃʌ],[gʌn.dʒʌ]
때문에 말이야,116,[t͈ɛ.mun.e.mal.i.ja],[t͈ɛ.mun.e.mal.i.ja]
왜 집에,116,[wɛ.tʃip̚.e],[wɛ.dʒip̚.e]
무슨 헛소리야,116,[mu.sɯn.hʌt̚.so.ɾi.ja],[mu.sɯn.hʌt̚.so.ɾi.ja]
걱정 말게,116,[kʌk̚.tʃʌŋ.mal.ke],[gʌk̚.tʃʌŋ.mal.ke]
못 가고,116,[mot̚.ka.ko],[mot̚.ga.go]
우리 가슴속에,116,[u.ɾi.ka.sɯm.sok̚.e],[u.ɾi.ga.sɯm.sok̚.e]
여기 있으면 안 돼요,116,[jʌ.ki.it̚.ɯ.mjʌn.an.twɛ.jo],[jʌ.gi.it̚.ɯ.mjʌn.an.dwɛ.jo]
해볼 수,116,[hɛ.pol.su],[hɛ.bol.su]
안 주고,116,[an.tʃu.ko],[an.dʒu.go]
않으면 안,116,[an.ɯ.mjʌn.an],[an.ɯ.mjʌn.an]
그런 것 같군,116,[kɯ.ɾʌŋ.kʌt̚.kat̚.kun],[gɯ.ɾʌn.gʌt̚.gat̚.kun]
미안해 나,116,[mi.an.hɛ.na],[mi.an.hɛ.na]
말 안 했잖아,116,[mal.an.hɛt̚.tʃan.a],[mal.an.hɛt̚.tʃan.a]
말씀 많이,116,[mal.s͈ɯm.man.i],[mal.s͈ɯm.man.i]
돼요 제가,116,[twɛ.jo.tʃe.ka],[dwɛ.jo.dʒe.ga]
좀 도와줄래요,116,[tʃon.to.wa.tʃul.ɾɛ.jo],[dʒom.do.wa.dʒul.ɾɛ.jo]
고마워 그럼,116,[ko.ma.wʌ.kɯ.ɾʌm],[go.ma.wʌ.gɯ.ɾʌm]
하는 거다,116,[ha.nɯŋ.kʌ.ta],[ha.nɯn.gʌ.da]
무슨 일이 있는,116,[mu.sɯn.il.i.it̚.nɯn],[mu.sɯn.il.i.it̚.nɯn]
넌 이게,116,[nʌn.i.ke],[nʌn.i.ge]
망할 년,116,[maŋ.hal.ljʌn],[maŋ.hal.ljʌn]
결혼식 날,116,[kjʌl.hon.sik̚.nal],[gjʌl.hon.sik̚.nal]
계속 같이,116,[kje.sok̚.kat̚.i],[gje.sok̚.gat̚.i]
도대체 이게,116,[to.tɛ.tʃʰe.i.ke],[do.dɛ.tʃʰe.i.ge]
했어요 근데,116,[hɛt̚.ʌ.jo.kɯn.te],[hɛt̚.ʌ.jo.gɯn.te]
그래야 할 것,116,[kɯ.ɾɛ.ja.hal.kʌt̚],[gɯ.ɾɛ.ja.hal.gʌt̚]
나 그런,116,[na.kɯ.ɾʌn],[na.gɯ.ɾʌn]
그럼 이따,116,[kɯ.ɾʌm.i.t͈a],[gɯ.ɾʌm.i.t͈a]
조용히 있어,116,[tʃo.joŋ.hi.it̚.ʌ],[dʒo.joŋ.hi.it̚.ʌ]
진심으로 하는,116,[tʃin.sim.ɯ.ɾo.ha.nɯn],[dʒin.sim.ɯ.ɾo.ha.nɯn]
눈을 뜨고,116,[nun.ɯl.t͈ɯ.ko],[nun.ɯl.t͈ɯ.go]
여기 처음,116,[jʌ.ki.tʃʰʌ.ɯm],[jʌ.gi.tʃʰʌ.ɯm]
부르는 건,116,[pu.ɾɯ.nɯŋ.kʌn],[bu.ɾɯ.nɯn.gʌn]
난 아무도 안,116,[nan.a.mu.to.an],[nan.a.mu.do.an]
그럼 바로,116,[kɯ.ɾʌm.pa.ɾo],[gɯ.ɾʌm.ba.ɾo]
하지도 마,116,[ha.tʃi.to.ma],[ha.dʒi.do.ma]
가야 하는,116,[ka.ja.ha.nɯn],[ga.ja.ha.nɯn]
받을 것이다,116,[pat̚.ɯl.kʌt̚.i.ta],[bat̚.ɯl.gʌt̚.i.da]
빠진 거,116,[p͈a.tʃiŋ.kʌ],[p͈a.dʒin.gʌ]
하고 있던,116,[ha.ko.it̚.tʌn],[ha.go.it̚.tʌn]
말씀 못,116,[mal.s͈ɯm.mot̚],[mal.s͈ɯm.mot̚]
거야 가서,116,[kʌ.ja.ka.sʌ],[gʌ.ja.ga.sʌ]
않아 날,116,[an.a.nal],[an.a.nal]
있는지 몰라,116,[it̚.nɯn.tʃi.mol.ɾa],[it̚.nɯn.tʃi.mol.ɾa]
가진 유일한,116,[ka.tʃin.ju.il.han],[ga.dʒin.ju.il.han]
대한 네,116,[tɛ.han.ne],[dɛ.han.ne]
아는 사람을,116,[a.nɯn.sa.ɾam.ɯl],[a.nɯn.sa.ɾam.ɯl]
일은 아니죠,116,[il.ɯn.a.ni.tʃjo],[il.ɯn.a.ni.dʒjo]
이건 말이,116,[i.kʌn.mal.i],[i.gʌn.mal.i]
있는 건 아무것도,116,[it̚.nɯŋ.kʌn.a.mu.kʌt̚.to],[it̚.nɯn.gʌn.a.mu.gʌt̚.to]
않았기 때문에,116,[an.at̚.ki.t͈ɛ.mun.e],[an.at̚.ki.t͈ɛ.mun.e]
할 수 있는건,116,[hal.su.it̚.nɯŋ.kʌn],[hal.su.it̚.nɯŋ.kʌn]
잘못 없어요,116,[tʃal.mot̚.ʌp̚.ʌ.jo],[dʒal.mot̚.ʌp̚.ʌ.jo]
줄 알아야지,116,[tʃul.al.a.ja.tʃi],[dʒul.al.a.ja.dʒi]
And if,116,,
거야 일단,116,[kʌ.ja.il.tan],[gʌ.ja.il.tan]
you really,116,,
살리기 위해,116,[sal.ɾi.ki.wi.hɛ],[sal.ɾi.gi.wi.hɛ]
일이 있었니,116,[il.i.it̚.ʌt̚.ni],[il.i.it̚.ʌt̚.ni]
발견해도 의미가 없어,116,[pal.kjʌn.hɛ.to.ɯi.mi.ka.ʌp̚.ʌ],[bal.kjʌn.hɛ.do.ɯi.mi.ga.ʌp̚.ʌ]
물론 그렇겠죠,116,[mul.ɾoŋ.kɯ.ɾʌt̚.ket̚.tʃjo],[mul.ɾon.gɯ.ɾʌt̚.ket̚.tʃjo]
보내는 건,116,[po.nɛ.nɯŋ.kʌn],[bo.nɛ.nɯn.gʌn]
무슨 개같은,116,[mu.sɯŋ.kɛ.kat̚.ɯn],[mu.sɯn.gɛ.gat̚.ɯn]
걱정 마 내가,116,[kʌk̚.tʃʌŋ.ma.nɛ.ka],[gʌk̚.tʃʌŋ.ma.nɛ.ga]
그냥 아무,116,[kɯ.njaŋ.a.mu],[gɯ.njaŋ.a.mu]
늘 이런,116,[nɯl.i.ɾʌn],[nɯl.i.ɾʌn]
이 몸이,116,[i.mom.i],[i.mom.i]
물론 아니죠,116,[mul.ɾon.a.ni.tʃjo],[mul.ɾon.a.ni.dʒjo]
알고 싶다면,116,[al.ko.sip̚.ta.mjʌn],[al.ko.sip̚.ta.mjʌn]
말 하긴,116,[mal.ha.kin],[mal.ha.gin]
나도 알지만,116,[na.to.al.tʃi.man],[na.do.al.tʃi.man]
쉬울 거야,116,[swi.ul.kʌ.ja],[swi.ul.gʌ.ja]
건 알겠지만,116,[kʌn.al.ket̚.tʃi.man],[gʌn.al.ket̚.tʃi.man]
많은 정보를,116,[man.ɯn.tʃʌm.po.ɾɯl],[man.ɯn.dʒʌŋ.bo.ɾɯl]
더 좋은 생각,116,[tʌ.tʃot̚.ɯn.sɛŋ.kak̚],[dʌ.dʒot̚.ɯn.sɛŋ.gak̚]
나를 그렇게,116,[na.ɾɯl.kɯ.ɾʌt̚.ke],[na.ɾɯl.gɯ.ɾʌt̚.ke]
말이야 너,116,[mal.i.ja.nʌ],[mal.i.ja.nʌ]
널 이렇게,116,[nʌl.i.ɾʌt̚.ke],[nʌl.i.ɾʌt̚.ke]
아니에요 무슨,116,[a.ni.e.jo.mu.sɯn],[a.ni.e.jo.mu.sɯn]
멋진 걸,116,[mʌt̚.tʃiŋ.kʌl],[mʌt̚.tʃin.gʌl]
이건 왜,116,[i.kʌn.wɛ],[i.gʌn.wɛ]
알았어 네,116,[al.at̚.ʌ.ne],[al.at̚.ʌ.ne]
좋은 소식이네요,116,[tʃot̚.ɯn.so.sik̚.i.ne.jo],[dʒot̚.ɯn.so.sik̚.i.ne.jo]
특히 그,116,[tʰɯk̚.hi.kɯ],[tʰɯk̚.hi.gɯ]
걱정하지 마십시오,116,[kʌk̚.tʃʌŋ.ha.tʃi.ma.sip̚.si.o],[gʌk̚.tʃʌŋ.ha.dʒi.ma.sip̚.si.o]
그러는 건,116,[kɯ.ɾʌ.nɯŋ.kʌn],[gɯ.ɾʌ.nɯn.gʌn]
아직 있어,116,[a.tʃik̚.it̚.ʌ],[a.dʒik̚.it̚.ʌ]
좋아 고마워,116,[tʃot̚.a.ko.ma.wʌ],[dʒot̚.a.go.ma.wʌ]
생각한 건,116,[sɛŋ.kak̚.haŋ.kʌn],[sɛŋ.gak̚.han.gʌn]
대한 제,116,[tɛ.han.tʃe],[dɛ.han.dʒe]
그렇게 생각하지 않는다,116,[kɯ.ɾʌt̚.ke.sɛŋ.kak̚.ha.tʃi.an.nɯn.ta],[gɯ.ɾʌt̚.ke.sɛŋ.gak̚.ha.dʒi.an.nɯn.ta]
하루에 한,116,[ha.ɾu.e.han],[ha.ɾu.e.han]
아냐 그래,116,[a.nja.kɯ.ɾɛ],[a.nja.gɯ.ɾɛ]
사람들이 우릴,116,[sa.ɾan.tɯl.i.u.ɾil],[sa.ɾan.tɯl.i.u.ɾil]
안 날,116,[an.nal],[an.nal]
분명한 건,116,[pun.mjʌŋ.haŋ.kʌn],[bun.mjʌŋ.han.gʌn]
네가 없는,116,[ne.ka.ʌp̚.nɯn],[ne.ga.ʌp̚.nɯn]
좋아하지 않아요,116,[tʃot̚.a.ha.tʃi.an.a.jo],[dʒot̚.a.ha.dʒi.an.a.jo]
우리가 가는,116,[u.ɾi.ka.ka.nɯn],[u.ɾi.ga.ga.nɯn]
필요해 내,116,[pʰil.jo.hɛ.nɛ],[pʰil.jo.hɛ.nɛ]
좀 아닌,116,[tʃom.a.nin],[dʒom.a.nin]
엿 먹으라고,116,[jʌt̚.mʌk̚.ɯ.ɾa.ko],[jʌt̚.mʌk̚.ɯ.ɾa.go]
다 먹고,116,[ta.mʌk̚.ko],[da.mʌk̚.ko]
다음과 같습니다,116,[ta.ɯm.kwa.kat̚.sɯp̚.ni.ta],[da.ɯm.kwa.gat̚.sɯp̚.ni.da]
영어 할 줄,116,[jʌŋ.ʌ.hal.tʃul],[jʌŋ.ʌ.hal.dʒul]
내가 대체,116,[nɛ.ka.tɛ.tʃʰe],[nɛ.ga.dɛ.tʃʰe]
거야 지금은,116,[kʌ.ja.tʃi.kɯm.ɯn],[gʌ.ja.dʒi.gɯm.ɯn]
돌아오기 전에,116,[tol.a.o.ki.tʃʌn.e],[dol.a.o.gi.dʒʌn.e]
더 나은 세상을,116,[tʌ.na.ɯn.se.saŋ.ɯl],[dʌ.na.ɯn.se.saŋ.ɯl]
네 생각,116,[ne.sɛŋ.kak̚],[ne.sɛŋ.gak̚]
떠난 게,116,[t͈ʌ.naŋ.ke],[t͈ʌ.nan.ge]
뭐 하는 거냐,116,[mwʌ.ha.nɯŋ.kʌ.nja],[mwʌ.ha.nɯn.gʌ.nja]
아냐 괜찮아,116,[a.nja.kwɛn.tʃʰan.a],[a.nja.gwɛn.tʃʰan.a]
그런 걸로,116,[kɯ.ɾʌŋ.kʌl.ɾo],[gɯ.ɾʌn.gʌl.ɾo]
정말 착한,116,[tʃʌŋ.mal.tʃʰak̚.han],[dʒʌŋ.mal.tʃʰak̚.han]
그건 문제가,116,[kɯ.kʌn.mun.tʃe.ka],[gɯ.gʌn.mun.tʃe.ga]
있을 뿐,116,[it̚.ɯl.p͈un],[it̚.ɯl.p͈un]
뭘 가지고,116,[mwʌl.ka.tʃi.ko],[mwʌl.ga.dʒi.go]
아무도 우릴,116,[a.mu.to.u.ɾil],[a.mu.do.u.ɾil]
당신은 나의,115,[taŋ.sin.ɯn.na.ɯi],[daŋ.sin.ɯn.na.ɯi]
자네가 한,115,[tʃa.ne.ka.han],[dʒa.ne.ga.han]
세부 사항,115,[se.pu.sa.haŋ],[se.bu.sa.haŋ]
세상에 정말,115,[se.saŋ.e.tʃʌŋ.mal],[se.saŋ.e.dʒʌŋ.mal]
먼저 해,115,[mʌn.tʃʌ.hɛ],[mʌn.tʃʌ.hɛ]
I wanted,115,,
수도 있었을,115,[su.to.it̚.ʌt̚.ɯl],[su.do.it̚.ʌt̚.ɯl]
모르는 일이야,115,[mo.ɾɯ.nɯn.il.i.ja],[mo.ɾɯ.nɯn.il.i.ja]
익숙한 그,115,[ik̚.suk̚.haŋ.kɯ],[ik̚.suk̚.han.gɯ]
좀 마셔,115,[tʃom.ma.sjʌ],[dʒom.ma.sjʌ]
기회는 한,115,[ki.hwe.nɯn.han],[gi.hwe.nɯn.han]
What about,115,,
끝나지 않을,115,[k͈ɯt̚.na.tʃi.an.ɯl],[k͈ɯt̚.na.dʒi.an.ɯl]
건 본,115,[kʌm.pon],[gʌn.bon]
둘 다 알고,115,[tul.ta.al.ko],[dul.da.al.ko]
싫은 거야,115,[sil.ɯŋ.kʌ.ja],[sil.ɯn.gʌ.ja]
구해야 해요,115,[ku.hɛ.ja.hɛ.jo],[gu.hɛ.ja.hɛ.jo]
이상한 짓,115,[i.saŋ.han.tʃit̚],[i.saŋ.han.dʒit̚]
세상을 구할,115,[se.saŋ.ɯl.ku.hal],[se.saŋ.ɯl.gu.hal]
제아무리 최악일지라도,115,[tʃe.a.mu.ɾi.tʃʰwe.ak̚.il.tʃi.ɾa.to],[dʒe.a.mu.ɾi.tʃʰwe.ak̚.il.tʃi.ɾa.do]
그 아인,115,[kɯ.a.in],[gɯ.a.in]
같은 거로,115,[kat̚.ɯŋ.kʌ.ɾo],[gat̚.ɯn.gʌ.ɾo]
진짜 좋다,115,[tʃin.tʃ͈a.tʃot̚.ta],[dʒin.tʃ͈a.dʒot̚.ta]
가 내,115,[ka.nɛ],[ga.nɛ]
대해 거짓말을,115,[tɛ.hɛ.kʌ.tʃit̚.mal.ɯl],[dɛ.hɛ.gʌ.dʒit̚.mal.ɯl]
얼마나 좋은지,115,[ʌl.ma.na.tʃot̚.ɯn.tʃi],[ʌl.ma.na.dʒot̚.ɯn.tʃi]
여자 좀,115,[jʌ.tʃa.tʃom],[jʌ.dʒa.dʒom]
못 찾겠어요,115,[mot̚.tʃʰat̚.ket̚.ʌ.jo],[mot̚.tʃʰat̚.ket̚.ʌ.jo]
이 순간부터,115,[i.suŋ.kam.pu.tʰʌ],[i.suŋ.kam.pu.tʰʌ]
생각해본 적,115,[sɛŋ.kak̚.hɛ.pon.tʃʌk̚],[sɛŋ.gak̚.hɛ.bon.dʒʌk̚]
생각을 했어요,115,[sɛŋ.kak̚.ɯl.hɛt̚.ʌ.jo],[sɛŋ.gak̚.ɯl.hɛt̚.ʌ.jo]
일이 생기든,115,[il.i.sɛŋ.ki.tɯn],[il.i.sɛŋ.gi.dɯn]
남자 대,115,[nan.tʃa.tɛ],[nan.tʃa.dɛ]
말인지 알겠어요,115,[mal.in.tʃi.al.ket̚.ʌ.jo],[mal.in.tʃi.al.ket̚.ʌ.jo]
얘기 좀 하시죠,115,[jɛ.ki.tʃom.ha.si.tʃjo],[jɛ.gi.dʒom.ha.si.dʒjo]
기가 막혀,115,[ki.ka.mak̚.hjʌ],[gi.ga.mak̚.hjʌ]
위한 것이다,115,[wi.haŋ.kʌt̚.i.ta],[wi.han.gʌt̚.i.da]
위해서라면 뭐든,115,[wi.hɛ.sʌ.ɾa.mjʌn.mwʌ.tɯn],[wi.hɛ.sʌ.ɾa.mjʌn.mwʌ.dɯn]
있는 최고의,115,[it̚.nɯn.tʃʰwe.ko.ɯi],[it̚.nɯn.tʃʰwe.go.ɯi]
아는 사람도,115,[a.nɯn.sa.ɾan.to],[a.nɯn.sa.ɾan.to]
할 시간,115,[hal.si.kan],[hal.si.gan]
있죠 내가,115,[it̚.tʃjo.nɛ.ka],[it̚.tʃjo.nɛ.ga]
있어요 그걸,115,[it̚.ʌ.jo.kɯ.kʌl],[it̚.ʌ.jo.gɯ.gʌl]
중인 거,115,[tʃuŋ.iŋ.kʌ],[dʒuŋ.in.gʌ]
말인지 모르겠네요,115,[mal.in.tʃi.mo.ɾɯ.ket̚.ne.jo],[mal.in.tʃi.mo.ɾɯ.get̚.ne.jo]
내 개인,115,[nɛ.kɛ.in],[nɛ.gɛ.in]
두 눈으로,115,[tu.nun.ɯ.ɾo],[du.nun.ɯ.ɾo]
이렇게 막,115,[i.ɾʌt̚.ke.mak̚],[i.ɾʌt̚.ke.mak̚]
이렇게 살,115,[i.ɾʌt̚.ke.sal],[i.ɾʌt̚.ke.sal]
주 뒤에,115,[tʃu.twi.e],[dʒu.dwi.e]
마시는 거,115,[ma.si.nɯŋ.kʌ],[ma.si.nɯn.gʌ]
따라 다르지,115,[t͈a.ɾa.ta.ɾɯ.tʃi],[t͈a.ɾa.da.ɾɯ.dʒi]
could have,115,,
수 없겠죠,115,[su.ʌp̚.ket̚.tʃjo],[su.ʌp̚.ket̚.tʃjo]
맞은 것,115,[mat̚.ɯŋ.kʌt̚],[mat̚.ɯn.gʌt̚]
여기 오게,115,[jʌ.ki.o.ke],[jʌ.gi.o.ge]
말이라고 해,115,[mal.i.ɾa.ko.hɛ],[mal.i.ɾa.go.hɛ]
이름을 어떻게,115,[i.ɾɯm.ɯl.ʌ.t͈ʌt̚.ke],[i.ɾɯm.ɯl.ʌ.t͈ʌt̚.ke]
봤어 내가,115,[pwat̚.ʌ.nɛ.ka],[bwat̚.ʌ.nɛ.ga]
쪽이 더,115,[tʃ͈ok̚.i.tʌ],[tʃ͈ok̚.i.dʌ]
옆에 있을,115,[jʌp̚.e.it̚.ɯl],[jʌp̚.e.it̚.ɯl]
못 기다려,115,[mot̚.ki.ta.ɾjʌ],[mot̚.gi.da.ɾjʌ]
한글자막 by,115,[haŋ.kɯl.tʃa.mak̚],[haŋ.kɯl.tʃa.mak̚]
저도 같은,115,[tʃʌ.to.kat̚.ɯn],[dʒʌ.do.gat̚.ɯn]
사건 파일을,115,[sa.kʌm.pʰa.il.ɯl],[sa.gʌm.pʰa.il.ɯl]
아는 가장,115,[a.nɯŋ.ka.tʃaŋ],[a.nɯn.ga.dʒaŋ]
하도록 해,115,[ha.to.ɾok̚.hɛ],[ha.do.ɾok̚.hɛ]
이 한,115,[i.han],[i.han]
난 완전,115,[nan.wan.tʃʌn],[nan.wan.tʃʌn]
우리 회사는,115,[u.ɾi.hwe.sa.nɯn],[u.ɾi.hwe.sa.nɯn]
그들은 항상,115,[kɯ.tɯl.ɯn.haŋ.saŋ],[gɯ.dɯl.ɯn.haŋ.saŋ]
곧 갈,115,[kot̚.kal],[got̚.gal]
아무데도 가지,115,[a.mu.te.to.ka.tʃi],[a.mu.de.do.ga.dʒi]
알 길이,115,[al.kil.i],[al.gil.i]
가 이,115,[ka.i],[ga.i]
일 끝나면,115,[il.k͈ɯt̚.na.mjʌn],[il.k͈ɯt̚.na.mjʌn]
남은 시간,115,[nam.ɯn.si.kan],[nam.ɯn.si.gan]
너한테 할 말이,115,[nʌ.han.tʰe.hal.mal.i],[nʌ.han.tʰe.hal.mal.i]
그래 날,115,[kɯ.ɾɛ.nal],[gɯ.ɾɛ.nal]
네 차,115,[ne.tʃʰa],[ne.tʃʰa]
아무한테도 말하지 마,115,[a.mu.han.tʰe.to.mal.ha.tʃi.ma],[a.mu.han.tʰe.do.mal.ha.dʒi.ma]
일 없었어,115,[il.ʌp̚.ʌt̚.ʌ],[il.ʌp̚.ʌt̚.ʌ]
여기 무슨,115,[jʌ.ki.mu.sɯn],[jʌ.gi.mu.sɯn]
온 세상에,115,[on.se.saŋ.e],[on.se.saŋ.e]
바로 위에,115,[pa.ɾo.wi.e],[ba.ɾo.wi.e]
했는데 네가,115,[hɛt̚.nɯn.te.ne.ka],[hɛt̚.nɯn.te.ne.ga]
전에 할,115,[tʃʌn.e.hal],[dʒʌn.e.hal]
남아 있지,115,[nam.a.it̚.tʃi],[nam.a.it̚.tʃi]
너는 그걸,115,[nʌ.nɯŋ.kɯ.kʌl],[nʌ.nɯn.gɯ.gʌl]
않아요 이,115,[an.a.jo.i],[an.a.jo.i]
걸 거예요,115,[kʌl.kʌ.je.jo],[gʌl.gʌ.je.jo]
본 것 같은데,115,[poŋ.kʌt̚.kat̚.ɯn.te],[bon.gʌt̚.gat̚.ɯn.te]
돈을 버는,115,[ton.ɯl.pʌ.nɯn],[don.ɯl.bʌ.nɯn]
빨리 끝내,115,[p͈al.ɾi.k͈ɯt̚.nɛ],[p͈al.ɾi.k͈ɯt̚.nɛ]
일을 하세요,115,[il.ɯl.ha.se.jo],[il.ɯl.ha.se.jo]
말 맞지,115,[mal.mat̚.tʃi],[mal.mat̚.tʃi]
수 있는 거지,115,[su.it̚.nɯŋ.kʌ.tʃi],[su.it̚.nɯn.gʌ.dʒi]
해야 하나요,115,[hɛ.ja.ha.na.jo],[hɛ.ja.ha.na.jo]
그들은 날,115,[kɯ.tɯl.ɯn.nal],[gɯ.dɯl.ɯn.nal]
있어 같이,115,[it̚.ʌ.kat̚.i],[it̚.ʌ.gat̚.i]
하고 있었지,115,[ha.ko.it̚.ʌt̚.tʃi],[ha.go.it̚.ʌt̚.tʃi]
무슨 소리요,115,[mu.sɯn.so.ɾi.jo],[mu.sɯn.so.ɾi.jo]
사람은 못,115,[sa.ɾam.ɯn.mot̚],[sa.ɾam.ɯn.mot̚]
알고 싶습니다,115,[al.ko.sip̚.sɯp̚.ni.ta],[al.ko.sip̚.sɯp̚.ni.da]
맘에 들지,115,[mam.e.tɯl.tʃi],[mam.e.dɯl.tʃi]
대해 알고 있다,115,[tɛ.hɛ.al.ko.it̚.ta],[dɛ.hɛ.al.ko.it̚.ta]
괴물 같은,115,[kwe.mul.kat̚.ɯn],[gwe.mul.gat̚.ɯn]
가 있는,115,[ka.it̚.nɯn],[ga.it̚.nɯn]
못한 건,115,[mot̚.haŋ.kʌn],[mot̚.han.gʌn]
그가 어떤,115,[kɯ.ka.ʌ.t͈ʌn],[gɯ.ga.ʌ.t͈ʌn]
내가 하려던,115,[nɛ.ka.ha.ɾjʌ.tʌn],[nɛ.ga.ha.ɾjʌ.dʌn]
나가는 건,115,[na.ka.nɯŋ.kʌn],[na.ga.nɯn.gʌn]
있는 거 아니야,115,[it̚.nɯŋ.kʌ.a.ni.ja],[it̚.nɯn.gʌ.a.ni.ja]
겪은 일을,115,[kjʌk̚.ɯn.il.ɯl],[gjʌk̚.ɯn.il.ɯl]
보고 올게,115,[po.ko.ol.ke],[bo.go.ol.ke]
You should,115,,
있어 다들,115,[it̚.ʌ.ta.tɯl],[it̚.ʌ.da.dɯl]
뭔가 문제가,115,[mwʌŋ.ka.mun.tʃe.ka],[mwʌŋ.ka.mun.tʃe.ga]
알려져 있습니다,115,[al.ɾjʌ.tʃjʌ.it̚.sɯp̚.ni.ta],[al.ɾjʌ.dʒjʌ.it̚.sɯp̚.ni.da]
바로 전에,115,[pa.ɾo.tʃʌn.e],[ba.ɾo.dʒʌn.e]
빨리 뛰어,115,[p͈al.ɾi.t͈wi.ʌ],[p͈al.ɾi.t͈wi.ʌ]
사람 이름이,115,[sa.ɾam.i.ɾɯm.i],[sa.ɾam.i.ɾɯm.i]
할 정도로,115,[hal.tʃʌŋ.to.ɾo],[hal.dʒʌŋ.do.ɾo]
세부 사항을,115,[se.pu.sa.haŋ.ɯl],[se.bu.sa.haŋ.ɯl]
여기서 내,115,[jʌ.ki.sʌ.nɛ],[jʌ.gi.sʌ.nɛ]
옛날의 좋은,115,[jet̚.nal.ɯi.tʃot̚.ɯn],[jet̚.nal.ɯi.dʒot̚.ɯn]
난 돈,115,[nan.ton],[nan.don]
성부와 성자와,115,[sʌm.pu.wa.sʌŋ.tʃa.wa],[sʌŋ.bu.wa.sʌŋ.dʒa.wa]
것 보다 더,115,[kʌt̚.po.ta.tʌ],[gʌt̚.bo.da.dʌ]
메시지를 남겨 주세요,115,[me.si.tʃi.ɾɯl.lam.kjʌ.tʃu.se.jo],[me.si.dʒi.ɾɯl.lam.kjʌ.dʒu.se.jo]
그를 죽인,115,[kɯ.ɾɯl.tʃuk̚.in],[gɯ.ɾɯl.dʒuk̚.in]
we''re gonna,115,,
대로 하는,115,[tɛ.ɾo.ha.nɯn],[dɛ.ɾo.ha.nɯn]
당신은 이해,115,[taŋ.sin.ɯn.i.hɛ],[daŋ.sin.ɯn.i.hɛ]
온 거에요,115,[oŋ.kʌ.e.jo],[on.gʌ.e.jo]
네 딸을,115,[ne.t͈al.ɯl],[ne.t͈al.ɯl]
네가 갖고,115,[ne.ka.kat̚.ko],[ne.ga.gat̚.ko]
어떻게 들어왔어,115,[ʌ.t͈ʌt̚.ke.tɯl.ʌ.wat̚.ʌ],[ʌ.t͈ʌt̚.ke.dɯl.ʌ.wat̚.ʌ]
쫓고 있어요,115,[tʃ͈ot̚.ko.it̚.ʌ.jo],[tʃ͈ot̚.ko.it̚.ʌ.jo]
좋은 가치는,115,[tʃot̚.ɯŋ.ka.tʃʰi.nɯn],[dʒot̚.ɯn.ga.tʃʰi.nɯn]
같은 곳에서,115,[kat̚.ɯŋ.kot̚.e.sʌ],[gat̚.ɯn.got̚.e.sʌ]
방법을 찾아,115,[pam.pʌp̚.ɯl.tʃʰat̚.a],[baŋ.bʌp̚.ɯl.tʃʰat̚.a]
건 다들,115,[kʌn.ta.tɯl],[gʌn.da.dɯl]
뭘 하라고,115,[mwʌl.ha.ɾa.ko],[mwʌl.ha.ɾa.go]
돼 젠장,115,[twɛ.tʃen.tʃaŋ],[dwɛ.dʒen.tʃaŋ]
이유가 없어요,115,[i.ju.ka.ʌp̚.ʌ.jo],[i.ju.ga.ʌp̚.ʌ.jo]
나 잠깐,115,[na.tʃam.k͈an],[na.dʒam.k͈an]
이걸로 뭘,115,[i.kʌl.ɾo.mwʌl],[i.gʌl.ɾo.mwʌl]
있었다는 것을,115,[it̚.ʌt̚.ta.nɯŋ.kʌt̚.ɯl],[it̚.ʌt̚.ta.nɯn.gʌt̚.ɯl]
어쩌면 좋지,115,[ʌ.tʃ͈ʌ.mjʌn.tʃot̚.tʃi],[ʌ.tʃ͈ʌ.mjʌn.dʒot̚.tʃi]
사람은 어떻게,115,[sa.ɾam.ɯn.ʌ.t͈ʌt̚.ke],[sa.ɾam.ɯn.ʌ.t͈ʌt̚.ke]
왜인지는 잊어버렸지만,115,[wɛ.in.tʃi.nɯn.it̚.ʌ.pʌ.ɾjʌt̚.tʃi.man],[wɛ.in.tʃi.nɯn.it̚.ʌ.bʌ.ɾjʌt̚.tʃi.man]
보고 싶구나,115,[po.ko.sip̚.ku.na],[bo.go.sip̚.ku.na]
그래도 한,115,[kɯ.ɾɛ.to.han],[gɯ.ɾɛ.do.han]
준 적,115,[tʃun.tʃʌk̚],[dʒun.dʒʌk̚]
전에 그는,115,[tʃʌn.e.kɯ.nɯn],[dʒʌn.e.gɯ.nɯn]
어린 시절의,115,[ʌ.ɾin.si.tʃʌl.ɯi],[ʌ.ɾin.si.dʒʌl.ɯi]
차 키,115,[tʃʰa.kʰi],[tʃʰa.kʰi]
실수를 한,115,[sil.su.ɾɯl.han],[sil.su.ɾɯl.han]
우리 삶을,115,[u.ɾi.sam.ɯl],[u.ɾi.sam.ɯl]
사실이 아닙니다,115,[sa.sil.i.a.nip̚.ni.ta],[sa.sil.i.a.nip̚.ni.da]
안 잡혀요,115,[an.tʃap̚.hjʌ.jo],[an.dʒap̚.hjʌ.jo]
시간 이상,115,[si.kan.i.saŋ],[si.gan.i.saŋ]
안 가도 돼,115,[aŋ.ka.to.twɛ],[an.ga.do.dwɛ]
내 엉덩이를,115,[nɛ.ʌŋ.tʌŋ.i.ɾɯl],[nɛ.ʌŋ.dʌŋ.i.ɾɯl]
방법이 있다면,115,[pam.pʌp̚.i.it̚.ta.mjʌn],[baŋ.bʌp̚.i.it̚.ta.mjʌn]
드실 분,115,[tɯ.sil.pun],[dɯ.sil.bun]
무슨 일이 생길지,115,[mu.sɯn.il.i.sɛŋ.kil.tʃi],[mu.sɯn.il.i.sɛŋ.gil.tʃi]
저건 뭐지,115,[tʃʌ.kʌn.mwʌ.tʃi],[dʒʌ.gʌn.mwʌ.dʒi]
하지만 여기서,115,[ha.tʃi.man.jʌ.ki.sʌ],[ha.dʒi.man.jʌ.gi.sʌ]
안 하지만,115,[an.ha.tʃi.man],[an.ha.dʒi.man]
나쁘지 않은,115,[na.p͈ɯ.tʃi.an.ɯn],[na.p͈ɯ.dʒi.an.ɯn]
그리고 다음,115,[kɯ.ɾi.ko.ta.ɯm],[gɯ.ɾi.go.da.ɯm]
사랑하는 게,115,[sa.ɾaŋ.ha.nɯŋ.ke],[sa.ɾaŋ.ha.nɯn.ge]
한 거냐,115,[haŋ.kʌ.nja],[han.gʌ.nja]
믿어도 돼요,115,[mit̚.ʌ.to.twɛ.jo],[mit̚.ʌ.do.dwɛ.jo]
봐줄 수,115,[pwa.tʃul.su],[bwa.dʒul.su]
그 오랜,115,[kɯ.o.ɾɛn],[gɯ.o.ɾɛn]
아무 일도 없을,115,[a.mu.il.to.ʌp̚.ɯl],[a.mu.il.to.ʌp̚.ɯl]
쟤 왜,115,[tʃjɛ.wɛ],[dʒjɛ.wɛ]
가까이 갈,115,[ka.k͈a.i.kal],[ga.k͈a.i.gal]
너희들 모두,115,[nʌ.hɯi.tɯl.mo.tu],[nʌ.hɯi.dɯl.mo.du]
두 손,115,[tu.son],[du.son]
좋은 생각이 아니야,115,[tʃot̚.ɯn.sɛŋ.kak̚.i.a.ni.ja],[dʒot̚.ɯn.sɛŋ.gak̚.i.a.ni.ja]
가르쳐 줄게,115,[ka.ɾɯ.tʃʰjʌ.tʃul.ke],[ga.ɾɯ.tʃʰjʌ.dʒul.ke]
확인해 줄,115,[hwak̚.in.hɛ.tʃul],[hwak̚.in.hɛ.dʒul]
기대할 수,114,[ki.tɛ.hal.su],[gi.dɛ.hal.su]
이기는 거야,114,[i.ki.nɯŋ.kʌ.ja],[i.gi.nɯn.gʌ.ja]
말인지 알죠,114,[mal.in.tʃi.al.tʃjo],[mal.in.tʃi.al.tʃjo]
수 있어요 그럼,114,[su.it̚.ʌ.jo.kɯ.ɾʌm],[su.it̚.ʌ.jo.gɯ.ɾʌm]
너도 네,114,[nʌ.to.ne],[nʌ.do.ne]
쉽지 않을 거야,114,[swip̚.tʃi.an.ɯl.kʌ.ja],[swip̚.tʃi.an.ɯl.gʌ.ja]
왜 그녀를,114,[wɛ.kɯ.njʌ.ɾɯl],[wɛ.gɯ.njʌ.ɾɯl]
해 주십시오,114,[hɛ.tʃu.sip̚.si.o],[hɛ.dʒu.sip̚.si.o]
말은 그,114,[mal.ɯŋ.kɯ],[mal.ɯn.gɯ]
말이야 당신은,114,[mal.i.ja.taŋ.sin.ɯn],[mal.i.ja.daŋ.sin.ɯn]
밥 먹는,114,[pap̚.mʌk̚.nɯn],[bap̚.mʌk̚.nɯn]
제아무리 최악일지라도 미래를,114,[tʃe.a.mu.ɾi.tʃʰwe.ak̚.il.tʃi.ɾa.to.mi.ɾɛ.ɾɯl],[dʒe.a.mu.ɾi.tʃʰwe.ak̚.il.tʃi.ɾa.do.mi.ɾɛ.ɾɯl]
네가 다시,114,[ne.ka.ta.si],[ne.ga.da.si]
이 책은,114,[i.tʃʰɛk̚.ɯn],[i.tʃʰɛk̚.ɯn]
백 년,114,[pɛk̚.njʌn],[bɛk̚.njʌn]
같이 해,114,[kat̚.i.hɛ],[gat̚.i.hɛ]
옆에 있으면,114,[jʌp̚.e.it̚.ɯ.mjʌn],[jʌp̚.e.it̚.ɯ.mjʌn]
우린 끝이야,114,[u.ɾiŋ.k͈ɯt̚.i.ja],[u.ɾiŋ.k͈ɯt̚.i.ja]
게 있네,114,[ke.it̚.ne],[ge.it̚.ne]
우리가 못,114,[u.ɾi.ka.mot̚],[u.ɾi.ga.mot̚]
있어 이걸,114,[it̚.ʌ.i.kʌl],[it̚.ʌ.i.gʌl]
모을 수,114,[mo.ɯl.su],[mo.ɯl.su]
문제 있는,114,[mun.tʃe.it̚.nɯn],[mun.tʃe.it̚.nɯn]
여기 있군,114,[jʌ.ki.it̚.kun],[jʌ.gi.it̚.kun]
일 오후,114,[il.o.hu],[il.o.hu]
그냥 한번,114,[kɯ.njaŋ.ham.pʌn],[gɯ.njaŋ.ham.pʌn]
떠나고 싶어,114,[t͈ʌ.na.ko.sip̚.ʌ],[t͈ʌ.na.go.sip̚.ʌ]
절대 아닙니다,114,[tʃʌl.tɛ.a.nip̚.ni.ta],[dʒʌl.tɛ.a.nip̚.ni.da]
널 내,114,[nʌl.lɛ],[nʌl.lɛ]
안 한 거,114,[an.haŋ.kʌ],[an.han.gʌ]
곳이 없어요,114,[kot̚.i.ʌp̚.ʌ.jo],[got̚.i.ʌp̚.ʌ.jo]
당신이 먼저,114,[taŋ.sin.i.mʌn.tʃʌ],[daŋ.sin.i.mʌn.tʃʌ]
여기서 뭘 하고,114,[jʌ.ki.sʌ.mwʌl.ha.ko],[jʌ.gi.sʌ.mwʌl.ha.go]
망치고 있어,114,[maŋ.tʃʰi.ko.it̚.ʌ],[maŋ.tʃʰi.go.it̚.ʌ]
말을 다,114,[mal.ɯl.ta],[mal.ɯl.da]
못 가는,114,[mot̚.ka.nɯn],[mot̚.ga.nɯn]
잊고 있었어,114,[it̚.ko.it̚.ʌt̚.ʌ],[it̚.ko.it̚.ʌt̚.ʌ]
아니야 뭐,114,[a.ni.ja.mwʌ],[a.ni.ja.mwʌ]
필요할 겁니다,114,[pʰil.jo.hal.kʌp̚.ni.ta],[pʰil.jo.hal.gʌp̚.ni.da]
함께 살고,114,[ham.k͈e.sal.ko],[ham.k͈e.sal.ko]
않으면 그,114,[an.ɯ.mjʌŋ.kɯ],[an.ɯ.mjʌn.gɯ]
어디 있는지도,114,[ʌ.ti.it̚.nɯn.tʃi.to],[ʌ.di.it̚.nɯn.tʃi.do]
비켜 봐,114,[pi.kʰjʌ.pwa],[bi.kʰjʌ.bwa]
두고 보면,114,[tu.ko.po.mjʌn],[du.go.bo.mjʌn]
지금 말고,114,[tʃi.kɯm.mal.ko],[dʒi.gɯm.mal.ko]
온 걸 환영해요,114,[oŋ.kʌl.hwan.jʌŋ.hɛ.jo],[on.gʌl.hwan.jʌŋ.hɛ.jo]
그리고 그녀를,114,[kɯ.ɾi.ko.kɯ.njʌ.ɾɯl],[gɯ.ɾi.go.gɯ.njʌ.ɾɯl]
필요할 것이다,114,[pʰil.jo.hal.kʌt̚.i.ta],[pʰil.jo.hal.gʌt̚.i.da]
뵙게 되어,114,[pwep̚.ke.twe.ʌ],[bwep̚.ke.dwe.ʌ]
있어 가자,114,[it̚.ʌ.ka.tʃa],[it̚.ʌ.ga.dʒa]
this one,114,,
그렇게 만든,114,[kɯ.ɾʌt̚.ke.man.tɯn],[gɯ.ɾʌt̚.ke.man.tɯn]
바로 네,114,[pa.ɾo.ne],[ba.ɾo.ne]
하는 사람 그 사람의,114,[ha.nɯn.sa.ɾam.kɯ.sa.ɾam.ɯi],[ha.nɯn.sa.ɾam.gɯ.sa.ɾam.ɯi]
제가 이렇게,114,[tʃe.ka.i.ɾʌt̚.ke],[dʒe.ga.i.ɾʌt̚.ke]
당하고만 있을,114,[taŋ.ha.ko.man.it̚.ɯl],[daŋ.ha.go.man.it̚.ɯl]
한 시간쯤,114,[han.si.kan.tʃ͈ɯm],[han.si.gan.tʃ͈ɯm]
하실 건가요,114,[ha.sil.kʌŋ.ka.jo],[ha.sil.gʌŋ.ka.jo]
당신이 우릴,114,[taŋ.sin.i.u.ɾil],[daŋ.sin.i.u.ɾil]
하실 말씀이,114,[ha.sil.mal.s͈ɯm.i],[ha.sil.mal.s͈ɯm.i]
하나밖에 없는,114,[ha.na.pak̚.e.ʌp̚.nɯn],[ha.na.bak̚.e.ʌp̚.nɯn]
제아무리 최악일지라도 미래를 택해,114,[tʃe.a.mu.ɾi.tʃʰwe.ak̚.il.tʃi.ɾa.to.mi.ɾɛ.ɾɯl.tʰɛk̚.hɛ],[dʒe.a.mu.ɾi.tʃʰwe.ak̚.il.tʃi.ɾa.do.mi.ɾɛ.ɾɯl.tʰɛk̚.hɛ]
개 중,114,[kɛ.tʃuŋ],[gɛ.dʒuŋ]
먹은 게,114,[mʌk̚.ɯŋ.ke],[mʌk̚.ɯn.ge]
안 돌아가,114,[an.tol.a.ka],[an.dol.a.ga]
무슨 일 있는,114,[mu.sɯn.il.it̚.nɯn],[mu.sɯn.il.it̚.nɯn]
최악일지라도 미래를,114,[tʃʰwe.ak̚.il.tʃi.ɾa.to.mi.ɾɛ.ɾɯl],[tʃʰwe.ak̚.il.tʃi.ɾa.do.mi.ɾɛ.ɾɯl]
Why would,114,,
your love,114,,
말이 없네요,114,[mal.i.ʌp̚.ne.jo],[mal.i.ʌp̚.ne.jo]
널 처음,114,[nʌl.tʃʰʌ.ɯm],[nʌl.tʃʰʌ.ɯm]
알고 싶은 게,114,[al.ko.sip̚.ɯŋ.ke],[al.ko.sip̚.ɯn.ge]
내가 선택한,114,[nɛ.ka.sʌn.tʰɛk̚.han],[nɛ.ga.sʌn.tʰɛk̚.han]
그 사람의 모든 게,114,[kɯ.sa.ɾam.ɯi.mo.tɯŋ.ke],[gɯ.sa.ɾam.ɯi.mo.dɯn.ge]
말이 나왔으니,114,[mal.i.na.wat̚.ɯ.ni],[mal.i.na.wat̚.ɯ.ni]
넌 곧,114,[nʌŋ.kot̚],[nʌn.got̚]
사람이 있나,114,[sa.ɾam.i.it̚.na],[sa.ɾam.i.it̚.na]
아니에요 저,114,[a.ni.e.jo.tʃʌ],[a.ni.e.jo.dʒʌ]
위해 돈을,114,[wi.hɛ.ton.ɯl],[wi.hɛ.don.ɯl]
끝나고 나면,114,[k͈ɯt̚.na.ko.na.mjʌn],[k͈ɯt̚.na.go.na.mjʌn]
But it''s,114,,
있다 넌,114,[it̚.ta.nʌn],[it̚.ta.nʌn]
가만있어 봐,114,[ka.man.it̚.ʌ.pwa],[ga.man.it̚.ʌ.bwa]
지금 넌,114,[tʃi.kɯm.nʌn],[dʒi.gɯm.nʌn]
말 없이,114,[mal.ʌp̚.i],[mal.ʌp̚.i]
오 예,114,[o.je],[o.je]
무슨 얘긴지,114,[mu.sɯn.jɛ.kin.tʃi],[mu.sɯn.jɛ.gin.tʃi]
우리 왔어,114,[u.ɾi.wat̚.ʌ],[u.ɾi.wat̚.ʌ]
어떤 놈인지,114,[ʌ.t͈ʌn.nom.in.tʃi],[ʌ.t͈ʌn.nom.in.tʃi]
도달해야 할,114,[to.tal.hɛ.ja.hal],[do.dal.hɛ.ja.hal]
여긴 내 집이야,114,[jʌ.kin.nɛ.tʃip̚.i.ja],[jʌ.gin.nɛ.dʒip̚.i.ja]
당신은 그럴,114,[taŋ.sin.ɯŋ.kɯ.ɾʌl],[daŋ.sin.ɯn.gɯ.ɾʌl]
할 줄 알았어,114,[hal.tʃul.al.at̚.ʌ],[hal.dʒul.al.at̚.ʌ]
책임감 있는,114,[tʃʰɛk̚.im.kam.it̚.nɯn],[tʃʰɛk̚.im.kam.it̚.nɯn]
확률이 얼마나,114,[hwak̚.ɾjul.i.ʌl.ma.na],[hwak̚.ɾjul.i.ʌl.ma.na]
봐요 그래,114,[pwa.jo.kɯ.ɾɛ],[bwa.jo.gɯ.ɾɛ]
시 방향에,114,[si.paŋ.hjaŋ.e],[si.baŋ.hjaŋ.e]
한창 화려했던,114,[han.tʃʰaŋ.hwa.ɾjʌ.hɛt̚.tʌn],[han.tʃʰaŋ.hwa.ɾjʌ.hɛt̚.tʌn]
쉬운 일은,114,[swi.un.il.ɯn],[swi.un.il.ɯn]
다섯 개,114,[ta.sʌt̚.kɛ],[da.sʌt̚.gɛ]
왜 얘기,114,[wɛ.jɛ.ki],[wɛ.jɛ.gi]
어디 한,114,[ʌ.ti.han],[ʌ.di.han]
should have,114,,
게임을 하는,114,[ke.im.ɯl.ha.nɯn],[ge.im.ɯl.ha.nɯn]
잘 가세요,114,[tʃal.ka.se.jo],[dʒal.ga.se.jo]
나는 사랑에,114,[na.nɯn.sa.ɾaŋ.e],[na.nɯn.sa.ɾaŋ.e]
것은 아무것도,114,[kʌt̚.ɯn.a.mu.kʌt̚.to],[gʌt̚.ɯn.a.mu.gʌt̚.to]
너무 예뻐요,114,[nʌ.mu.je.p͈ʌ.jo],[nʌ.mu.je.p͈ʌ.jo]
했잖아 난,114,[hɛt̚.tʃan.a.nan],[hɛt̚.tʃan.a.nan]
해 본 적,114,[hɛ.pon.tʃʌk̚],[hɛ.bon.dʒʌk̚]
oh oh,114,,
a way,114,,
그렇게 중요한,114,[kɯ.ɾʌt̚.ke.tʃuŋ.jo.han],[gɯ.ɾʌt̚.ke.dʒuŋ.jo.han]
할 수 있는 유일한,114,[hal.su.it̚.nɯn.ju.il.han],[hal.su.it̚.nɯn.ju.il.han]
때가 있죠,114,[t͈ɛ.ka.it̚.tʃjo],[t͈ɛ.ga.it̚.tʃjo]
없어 한,114,[ʌp̚.ʌ.han],[ʌp̚.ʌ.han]
하러 왔어요,114,[ha.ɾʌ.wat̚.ʌ.jo],[ha.ɾʌ.wat̚.ʌ.jo]
짜증 나요,114,[tʃ͈a.tʃɯŋ.na.jo],[tʃ͈a.dʒɯŋ.na.jo]
김 비서,114,[kim.pi.sʌ],[gim.bi.sʌ]
What''s the,114,,
웃게 해요,114,[ut̚.ke.hɛ.jo],[ut̚.ke.hɛ.jo]
네 아빠한테,114,[ne.a.p͈a.han.tʰe],[ne.a.p͈a.han.tʰe]
안 나지만,114,[an.na.tʃi.man],[an.na.dʒi.man]
하고 나면,114,[ha.ko.na.mjʌn],[ha.go.na.mjʌn]
back into the,114,,
때 널,114,[t͈ɛ.nʌl],[t͈ɛ.nʌl]
있는데 이,114,[it̚.nɯn.te.i],[it̚.nɯn.te.i]
나는 거의,114,[na.nɯŋ.kʌ.ɯi],[na.nɯn.gʌ.ɯi]
어떤 것이,114,[ʌ.t͈ʌŋ.kʌt̚.i],[ʌ.t͈ʌn.gʌt̚.i]
때 안,114,[t͈ɛ.an],[t͈ɛ.an]
심각한 건,114,[sim.kak̚.haŋ.kʌn],[sim.kak̚.han.gʌn]
그래서 나한테,114,[kɯ.ɾɛ.sʌ.na.han.tʰe],[gɯ.ɾɛ.sʌ.na.han.tʰe]
이 놈이,114,[i.nom.i],[i.nom.i]
sort of,114,,
내 목에,114,[nɛ.mok̚.e],[nɛ.mok̚.e]
그럴 수도 있지만,114,[kɯ.ɾʌl.su.to.it̚.tʃi.man],[gɯ.ɾʌl.su.do.it̚.tʃi.man]
용납 못 해,114,[joŋ.nap̚.mot̚.hɛ],[joŋ.nap̚.mot̚.hɛ]
이상 할,114,[i.saŋ.hal],[i.saŋ.hal]
저에 대한,114,[tʃʌ.e.tɛ.han],[dʒʌ.e.dɛ.han]
우리가 의지하던 그,114,[u.ɾi.ka.ɯi.tʃi.ha.tʌŋ.kɯ],[u.ɾi.ga.ɯi.dʒi.ha.dʌn.gɯ]
있지 네,114,[it̚.tʃi.ne],[it̚.tʃi.ne]
you sure,114,,
이건 전부,114,[i.kʌn.tʃʌm.pu],[i.gʌn.dʒʌm.pu]
제가 당신,114,[tʃe.ka.taŋ.sin],[dʒe.ga.daŋ.sin]
한다는 것을,114,[han.ta.nɯŋ.kʌt̚.ɯl],[han.ta.nɯn.gʌt̚.ɯl]
말로 할,114,[mal.ɾo.hal],[mal.ɾo.hal]
게 아니라 그냥,114,[ke.a.ni.ɾa.kɯ.njaŋ],[ge.a.ni.ɾa.gɯ.njaŋ]
그 옛날의 좋은,114,[kɯ.jet̚.nal.ɯi.tʃot̚.ɯn],[gɯ.jet̚.nal.ɯi.dʒot̚.ɯn]
늘 그렇듯이,114,[nɯl.kɯ.ɾʌt̚.tɯt̚.i],[nɯl.gɯ.ɾʌt̚.tɯt̚.i]
가질 수 있어,114,[ka.tʃil.su.it̚.ʌ],[ga.dʒil.su.it̚.ʌ]
같은 건가,114,[kat̚.ɯŋ.kʌŋ.ka],[gat̚.ɯn.gʌŋ.ka]
안 그럴게요,114,[aŋ.kɯ.ɾʌl.ke.jo],[an.gɯ.ɾʌl.ke.jo]
죽이려고 했어요,114,[tʃuk̚.i.ɾjʌ.ko.hɛt̚.ʌ.jo],[dʒuk̚.i.ɾjʌ.go.hɛt̚.ʌ.jo]
일 중,114,[il.tʃuŋ],[il.dʒuŋ]
다른 말은,114,[ta.ɾɯn.mal.ɯn],[da.ɾɯn.mal.ɯn]
받은 거예요,114,[pat̚.ɯŋ.kʌ.je.jo],[bat̚.ɯn.gʌ.je.jo]
전혀 모르겠어요,114,[tʃʌn.hjʌ.mo.ɾɯ.ket̚.ʌ.jo],[dʒʌn.hjʌ.mo.ɾɯ.get̚.ʌ.jo]
해요 알았어요,114,[hɛ.jo.al.at̚.ʌ.jo],[hɛ.jo.al.at̚.ʌ.jo]
다시 확인해,114,[ta.si.hwak̚.in.hɛ],[da.si.hwak̚.in.hɛ]
그렇게 생각하세요,114,[kɯ.ɾʌt̚.ke.sɛŋ.kak̚.ha.se.jo],[gɯ.ɾʌt̚.ke.sɛŋ.gak̚.ha.se.jo]
나한테 거짓말을,114,[na.han.tʰe.kʌ.tʃit̚.mal.ɯl],[na.han.tʰe.gʌ.dʒit̚.mal.ɯl]
갖고 싶어요,114,[kat̚.ko.sip̚.ʌ.jo],[gat̚.ko.sip̚.ʌ.jo]
가지고 와,114,[ka.tʃi.ko.wa],[ga.dʒi.go.wa]
우리가 의지하던,114,[u.ɾi.ka.ɯi.tʃi.ha.tʌn],[u.ɾi.ga.ɯi.dʒi.ha.dʌn]
그들이 가지고,114,[kɯ.tɯl.i.ka.tʃi.ko],[gɯ.dɯl.i.ga.dʒi.go]
여기 내가,114,[jʌ.ki.nɛ.ka],[jʌ.gi.nɛ.ga]
한창 화려했던 시대의,114,[han.tʃʰaŋ.hwa.ɾjʌ.hɛt̚.tʌn.si.tɛ.ɯi],[han.tʃʰaŋ.hwa.ɾjʌ.hɛt̚.tʌn.si.dɛ.ɯi]
훨씬 낫지,114,[hwʌl.s͈in.nat̚.tʃi],[hwʌl.s͈in.nat̚.tʃi]
그러지 말았어야,114,[kɯ.ɾʌ.tʃi.mal.at̚.ʌ.ja],[gɯ.ɾʌ.dʒi.mal.at̚.ʌ.ja]
아주 좋네요,114,[a.tʃu.tʃot̚.ne.jo],[a.dʒu.dʒot̚.ne.jo]
거 몰라요,114,[kʌ.mol.ɾa.jo],[gʌ.mol.ɾa.jo]
날 데려가,114,[nal.te.ɾjʌ.ka],[nal.de.ɾjʌ.ga]
전에 어서,114,[tʃʌn.e.ʌ.sʌ],[dʒʌn.e.ʌ.sʌ]
한 가지를,114,[haŋ.ka.tʃi.ɾɯl],[han.ga.dʒi.ɾɯl]
아니라는 것을,114,[a.ni.ɾa.nɯŋ.kʌt̚.ɯl],[a.ni.ɾa.nɯn.gʌt̚.ɯl]
우리 어디,114,[u.ɾi.ʌ.ti],[u.ɾi.ʌ.di]
내 아들과,114,[nɛ.a.tɯl.kwa],[nɛ.a.dɯl.kwa]
나는 나의,114,[na.nɯn.na.ɯi],[na.nɯn.na.ɯi]
to this,114,,
그렇게 할게,114,[kɯ.ɾʌt̚.ke.hal.ke],[gɯ.ɾʌt̚.ke.hal.ke]
하지만 몇,114,[ha.tʃi.man.mjʌt̚],[ha.dʒi.man.mjʌt̚]
떠날 순,114,[t͈ʌ.nal.sun],[t͈ʌ.nal.sun]
하고 그래,114,[ha.ko.kɯ.ɾɛ],[ha.go.gɯ.ɾɛ]
해 잠깐,114,[hɛ.tʃam.k͈an],[hɛ.dʒam.k͈an]
