Item,Frequency,Formal_IPA,Casual_IPA
천 유로가,7,[tʃʰʌn.ju.ɾo.ka],[tʃʰʌn.ju.ɾo.ga]
계속 외치면 生きることに 滾,7,[kje.sok̚.we.tʃʰi.mjʌn],[gje.sok̚.we.tʃʰi.mjʌn]
미행은 없었어,7,[mi.hɛŋ.ɯn.ʌp̚.ʌt̚.ʌ],[mi.hɛŋ.ɯn.ʌp̚.ʌt̚.ʌ]
천 척의,7,[tʃʰʌn.tʃʰʌk̚.ɯi],[tʃʰʌn.tʃʰʌk̚.ɯi]
천 쪼가리,7,[tʃʰʌn.tʃ͈o.ka.ɾi],[tʃʰʌn.tʃ͈o.ga.ɾi]
천 파운드는,7,[tʃʰʌm.pʰa.un.tɯ.nɯn],[tʃʰʌm.pʰa.un.tɯ.nɯn]
천개의 태양,7,[tʃʰʌŋ.kɛ.ɯi.tʰɛ.jaŋ],[tʃʰʌŋ.kɛ.ɯi.tʰɛ.jaŋ]
천개의 태양 아래서,7,[tʃʰʌŋ.kɛ.ɯi.tʰɛ.jaŋ.a.ɾɛ.sʌ],[tʃʰʌŋ.kɛ.ɯi.tʰɛ.jaŋ.a.ɾɛ.sʌ]
내 친구 잘,7,[nɛ.tʃʰiŋ.ku.tʃal],[nɛ.tʃʰiŋ.ku.dʒal]
Me By Your Name,7,,
천국에 가,7,[tʃʰʌŋ.kuk̚.e.ka],[tʃʰʌŋ.kuk̚.e.ga]
한다면 당신을,7,[han.ta.mjʌn.taŋ.sin.ɯl],[han.ta.mjʌn.daŋ.sin.ɯl]
한다면 당신이,7,[han.ta.mjʌn.taŋ.sin.i],[han.ta.mjʌn.daŋ.sin.i]
날 믿지 않을 거야,7,[nal.mit̚.tʃi.an.ɯl.kʌ.ja],[nal.mit̚.tʃi.an.ɯl.gʌ.ja]
미확인 범,7,[mi.hwak̚.im.pʌm],[mi.hwak̚.in.bʌm]
천국에서 내려온,7,[tʃʰʌŋ.kuk̚.e.sʌ.nɛ.ɾjʌ.on],[tʃʰʌŋ.kuk̚.e.sʌ.nɛ.ɾjʌ.on]
날 밀어내고,7,[nal.mil.ʌ.nɛ.ko],[nal.mil.ʌ.nɛ.go]
천국에서 온,7,[tʃʰʌŋ.kuk̚.e.sʌ.on],[tʃʰʌŋ.kuk̚.e.sʌ.on]
미확인 항공기,7,[mi.hwak̚.in.haŋ.koŋ.ki],[mi.hwak̚.in.haŋ.goŋ.gi]
천국으로 간다,7,[tʃʰʌŋ.kuk̚.ɯ.ɾo.kan.ta],[tʃʰʌŋ.kuk̚.ɯ.ɾo.gan.ta]
천국으로 돌아갈,7,[tʃʰʌŋ.kuk̚.ɯ.ɾo.tol.a.kal],[tʃʰʌŋ.kuk̚.ɯ.ɾo.dol.a.gal]
천국의 문에서요,7,[tʃʰʌŋ.kuk̚.ɯi.mun.e.sʌ.jo],[tʃʰʌŋ.kuk̚.ɯi.mun.e.sʌ.jo]
천국의 샘을,7,[tʃʰʌŋ.kuk̚.ɯi.sɛm.ɯl],[tʃʰʌŋ.kuk̚.ɯi.sɛm.ɯl]
천년 된,7,[tʃʰʌn.njʌn.twen],[tʃʰʌn.njʌn.dwen]
now we know,7,,
날 바라보고,7,[nal.pa.ɾa.po.ko],[nal.ba.ɾa.bo.go]
민 거,7,[miŋ.kʌ],[min.gʌ]
날 바라보지,7,[nal.pa.ɾa.po.tʃi],[nal.ba.ɾa.bo.dʒi]
민간 기업,7,[miŋ.kaŋ.ki.ʌp̚],[miŋ.kan.gi.ʌp̚]
민간 병리학 업계의,7,[miŋ.kam.pjʌŋ.ɾi.hak̚.ʌp̚.kje.ɯi],[miŋ.kan.bjʌŋ.ɾi.hak̚.ʌp̚.kje.ɯi]
민간 기업이,7,[miŋ.kaŋ.ki.ʌp̚.i],[miŋ.kan.gi.ʌp̚.i]
민간 부문으로,7,[miŋ.kam.pu.mun.ɯ.ɾo],[miŋ.kan.bu.mun.ɯ.ɾo]
민간 부문에서,7,[miŋ.kam.pu.mun.e.sʌ],[miŋ.kan.bu.mun.e.sʌ]
천만 원이,7,[tʃʰʌn.man.wʌn.i],[tʃʰʌn.man.wʌn.i]
민간인 한,7,[miŋ.kan.in.han],[miŋ.kan.in.han]
천만에 우리,7,[tʃʰʌn.man.e.u.ɾi],[tʃʰʌn.man.e.u.ɾi]
천만에 헤프타메론,7,[tʃʰʌn.man.e.he.pʰɯ.tʰa.me.ɾon],[tʃʰʌn.man.e.he.pʰɯ.tʰa.me.ɾon]
천만에 헤프타메론 책 못,7,[tʃʰʌn.man.e.he.pʰɯ.tʰa.me.ɾon.tʃʰɛk̚.mot̚],[tʃʰʌn.man.e.he.pʰɯ.tʰa.me.ɾon.tʃʰɛk̚.mot̚]
천만에 헤프타메론 책,7,[tʃʰʌn.man.e.he.pʰɯ.tʰa.me.ɾon.tʃʰɛk̚],[tʃʰʌn.man.e.he.pʰɯ.tʰa.me.ɾon.tʃʰɛk̚]
계속 움직여서,7,[kje.sok̚.un.tʃik̚.jʌ.sʌ],[gje.sok̚.un.tʃik̚.jʌ.sʌ]
천만에요 하지만,7,[tʃʰʌn.man.e.jo.ha.tʃi.man],[tʃʰʌn.man.e.jo.ha.dʒi.man]
천만해요 이쪽이야,7,[tʃʰʌn.man.hɛ.jo.i.tʃ͈ok̚.i.ja],[tʃʰʌn.man.hɛ.jo.i.tʃ͈ok̚.i.ja]
천문학 자들은,7,[tʃʰʌn.mun.hak̚.tʃa.tɯl.ɯn],[tʃʰʌn.mun.hak̚.dʒa.dɯl.ɯn]
민망한 신음,7,[min.maŋ.han.sin.ɯm],[min.maŋ.han.sin.ɯm]
천백경 원장님,7,[tʃʰʌm.pɛk̚.kjʌŋ.wʌn.tʃaŋ.nim],[tʃʰʌm.pɛk̚.kjʌŋ.wʌn.tʃaŋ.nim]
한데 I,7,[han.te],[han.te]
민성 종합병원,7,[min.sʌŋ.tʃoŋ.hap̚.pjʌŋ.wʌn],[min.sʌŋ.dʒoŋ.hap̚.pjʌŋ.wʌn]
날 바보로 아는,7,[nal.pa.po.ɾo.a.nɯn],[nal.ba.bo.ɾo.a.nɯn]
날 바보로 아나,7,[nal.pa.po.ɾo.a.na],[nal.ba.bo.ɾo.a.na]
천사와 악마,7,[tʃʰʌn.sa.wa.ak̚.ma],[tʃʰʌn.sa.wa.ak̚.ma]
천사와 악마가,7,[tʃʰʌn.sa.wa.ak̚.ma.ka],[tʃʰʌn.sa.wa.ak̚.ma.ga]
민영의 깊은,7,[min.jʌŋ.ɯi.kip̚.ɯn],[min.jʌŋ.ɯi.gip̚.ɯn]
천샤오시 너,7,[tʃʰʌn.sja.o.si.nʌ],[tʃʰʌn.sja.o.si.nʌ]
민영의 깊은 한숨,7,[min.jʌŋ.ɯi.kip̚.ɯn.han.sum],[min.jʌŋ.ɯi.gip̚.ɯn.han.sum]
I can keep,7,,
천식이 있어서,7,[tʃʰʌn.sik̚.i.it̚.ʌ.sʌ],[tʃʰʌn.sik̚.i.it̚.ʌ.sʌ]
천식 발작을,7,[tʃʰʌn.sik̚.pal.tʃak̚.ɯl],[tʃʰʌn.sik̚.bal.tʃak̚.ɯl]
확실해 이제,7,[hwak̚.sil.hɛ.i.tʃe],[hwak̚.sil.hɛ.i.dʒe]
민영의 비명,7,[min.jʌŋ.ɯi.pi.mjʌŋ],[min.jʌŋ.ɯi.bi.mjʌŋ]
날 받아줘서,7,[nal.pat̚.a.tʃwʌ.sʌ],[nal.bat̚.a.dʒwʌ.sʌ]
천장을 바라보며,7,[tʃʰʌn.tʃaŋ.ɯl.pa.ɾa.po.mjʌ],[tʃʰʌn.tʃaŋ.ɯl.ba.ɾa.bo.mjʌ]
민영의 울음 섞인,7,[min.jʌŋ.ɯi.ul.ɯm.sʌk̚.in],[min.jʌŋ.ɯi.ul.ɯm.sʌk̚.in]
천천히 Slowly,7,[tʃʰʌn.tʃʰʌn.hi],[tʃʰʌn.tʃʰʌn.hi]
천천히 가세요,7,[tʃʰʌn.tʃʰʌn.hi.ka.se.jo],[tʃʰʌn.tʃʰʌn.hi.ga.se.jo]
천천히 걷는다,7,[tʃʰʌn.tʃʰʌn.hi.kʌt̚.nɯn.ta],[tʃʰʌn.tʃʰʌn.hi.gʌt̚.nɯn.ta]
민재의 격정적인 신음,7,[min.tʃɛ.ɯi.kjʌk̚.tʃʌŋ.tʃʌk̚.in.sin.ɯm],[min.tʃɛ.ɯi.gjʌk̚.tʃʌŋ.dʒʌk̚.in.sin.ɯm]
계속 웃는 거야,7,[kje.sok̚.ut̚.nɯŋ.kʌ.ja],[gje.sok̚.ut̚.nɯn.gʌ.ja]
천천히 그래,7,[tʃʰʌn.tʃʰʌn.hi.kɯ.ɾɛ],[tʃʰʌn.tʃʰʌn.hi.gɯ.ɾɛ]
천천히 그렇게,7,[tʃʰʌn.tʃʰʌn.hi.kɯ.ɾʌt̚.ke],[tʃʰʌn.tʃʰʌn.hi.gɯ.ɾʌt̚.ke]
천천히 깊게,7,[tʃʰʌn.tʃʰʌn.hi.kip̚.ke],[tʃʰʌn.tʃʰʌn.hi.gip̚.ke]
날 밤 그리고,7,[nal.pam.kɯ.ɾi.ko],[nal.bam.gɯ.ɾi.go]
Me Now by,7,,
천천히 내려와,7,[tʃʰʌn.tʃʰʌn.hi.nɛ.ɾjʌ.wa],[tʃʰʌn.tʃʰʌn.hi.nɛ.ɾjʌ.wa]
민주적인 투표로,7,[min.tʃu.tʃʌk̚.in.tʰu.pʰjo.ɾo],[min.tʃu.dʒʌk̚.in.tʰu.pʰjo.ɾo]
천천히 됐어,7,[tʃʰʌn.tʃʰʌn.hi.twɛt̚.ʌ],[tʃʰʌn.tʃʰʌn.hi.dwɛt̚.ʌ]
천천히 들어,7,[tʃʰʌn.tʃʰʌn.hi.tɯl.ʌ],[tʃʰʌn.tʃʰʌn.hi.dɯl.ʌ]
천천히 말씀해,7,[tʃʰʌn.tʃʰʌn.hi.mal.s͈ɯm.hɛ],[tʃʰʌn.tʃʰʌn.hi.mal.s͈ɯm.hɛ]
Me Now by Queen,7,,
민폐 끼치지,7,[mim.pʰje.k͈i.tʃʰi.tʃi],[mim.pʰje.k͈i.tʃʰi.dʒi]
천천히 먹어요,7,[tʃʰʌn.tʃʰʌn.hi.mʌk̚.ʌ.jo],[tʃʰʌn.tʃʰʌn.hi.mʌk̚.ʌ.jo]
천천히 봐,7,[tʃʰʌn.tʃʰʌn.hi.pwa],[tʃʰʌn.tʃʰʌn.hi.bwa]
천천히 빨리,7,[tʃʰʌn.tʃʰʌn.hi.p͈al.ɾi],[tʃʰʌn.tʃʰʌn.hi.p͈al.ɾi]
천천히 생각하세요,7,[tʃʰʌn.tʃʰʌn.hi.sɛŋ.kak̚.ha.se.jo],[tʃʰʌn.tʃʰʌn.hi.sɛŋ.gak̚.ha.se.jo]
날 밤에 말이야,7,[nal.pam.e.mal.i.ja],[nal.bam.e.mal.i.ja]
천천히 손을,7,[tʃʰʌn.tʃʰʌn.hi.son.ɯl],[tʃʰʌn.tʃʰʌn.hi.son.ɯl]
한동안 널,7,[han.toŋ.an.nʌl],[han.toŋ.an.nʌl]
민혁의 어이없는,7,[min.hjʌk̚.ɯi.ʌ.i.ʌp̚.nɯn],[min.hjʌk̚.ɯi.ʌ.i.ʌp̚.nɯn]
계속 유지하고,7,[kje.sok̚.ju.tʃi.ha.ko],[gje.sok̚.ju.dʒi.ha.go]
천천히 읽어,7,[tʃʰʌn.tʃʰʌn.hi.ik̚.ʌ],[tʃʰʌn.tʃʰʌn.hi.ik̚.ʌ]
천천히 접근,7,[tʃʰʌn.tʃʰʌn.hi.tʃʌp̚.kɯn],[tʃʰʌn.tʃʰʌn.hi.dʒʌp̚.kɯn]
천천히 좀 먹어,7,[tʃʰʌn.tʃʰʌn.hi.tʃom.mʌk̚.ʌ],[tʃʰʌn.tʃʰʌn.hi.dʒom.mʌk̚.ʌ]
천천히 죽는,7,[tʃʰʌn.tʃʰʌn.hi.tʃuk̚.nɯn],[tʃʰʌn.tʃʰʌn.hi.dʒuk̚.nɯn]
천천히 죽게,7,[tʃʰʌn.tʃʰʌn.hi.tʃuk̚.ke],[tʃʰʌn.tʃʰʌn.hi.dʒuk̚.ke]
한두 군데,7,[han.tu.kun.te],[han.tu.gun.te]
민호와 순정의,7,[min.ho.wa.sun.tʃʌŋ.ɯi],[min.ho.wa.sun.tʃʌŋ.ɯi]
천천히 하면 돼,7,[tʃʰʌn.tʃʰʌn.hi.ha.mjʌn.twɛ],[tʃʰʌn.tʃʰʌn.hi.ha.mjʌn.dwɛ]
계속 유지할 수,7,[kje.sok̚.ju.tʃi.hal.su],[gje.sok̚.ju.dʒi.hal.su]
날 방해할,7,[nal.paŋ.hɛ.hal],[nal.baŋ.hɛ.hal]
천한 것들,7,[tʃʰʌn.haŋ.kʌt̚.tɯl],[tʃʰʌn.han.gʌt̚.tɯl]
천한 것이,7,[tʃʰʌn.haŋ.kʌt̚.i],[tʃʰʌn.han.gʌt̚.i]
확실히 그녀의,7,[hwak̚.sil.hi.kɯ.njʌ.ɯi],[hwak̚.sil.hi.gɯ.njʌ.ɯi]
철 왕좌를,7,[tʃʰʌl.waŋ.tʃwa.ɾɯl],[tʃʰʌl.waŋ.dʒwa.ɾɯl]
믿게 돼,7,[mit̚.ke.twɛ],[mit̚.ke.dwɛ]
날 배신하다니,7,[nal.pɛ.sin.ha.ta.ni],[nal.bɛ.sin.ha.da.ni]
믿게 되겠지,7,[mit̚.ke.twe.ket̚.tʃi],[mit̚.ke.dwe.get̚.tʃi]
철도 리아스선,7,[tʃʰʌl.to.ɾi.a.sɯ.sʌn],[tʃʰʌl.to.ɾi.a.sɯ.sʌn]
철딱서니 없는,7,[tʃʰʌl.t͈ak̚.sʌ.ni.ʌp̚.nɯn],[tʃʰʌl.t͈ak̚.sʌ.ni.ʌp̚.nɯn]
이 남자가 무슨,7,[i.nan.tʃa.ka.mu.sɯn],[i.nan.tʃa.ga.mu.sɯn]
철민의 웃음,7,[tʃʰʌl.min.ɯi.ut̚.ɯm],[tʃʰʌl.min.ɯi.ut̚.ɯm]
그분은 안,7,[kɯ.pun.ɯn.an],[gɯ.bun.ɯn.an]
철사를 끼고,7,[tʃʰʌl.sa.ɾɯl.k͈i.ko],[tʃʰʌl.sa.ɾɯl.k͈i.go]
철수할 거야,7,[tʃʰʌl.su.hal.kʌ.ja],[tʃʰʌl.su.hal.gʌ.ja]
날 배신했다는,7,[nal.pɛ.sin.hɛt̚.ta.nɯn],[nal.bɛ.sin.hɛt̚.ta.nɯn]
철수해야 합니다,7,[tʃʰʌl.su.hɛ.ja.hap̚.ni.ta],[tʃʰʌl.su.hɛ.ja.hap̚.ni.da]
철이 든,7,[tʃʰʌl.i.tɯn],[tʃʰʌl.i.dɯn]
믿게 만들어서,7,[mit̚.ke.man.tɯl.ʌ.sʌ],[mit̚.ke.man.tɯl.ʌ.sʌ]
철이 안,7,[tʃʰʌl.i.an],[tʃʰʌl.i.an]
철자가 어떻게 되죠,7,[tʃʰʌl.tʃa.ka.ʌ.t͈ʌt̚.ke.twe.tʃjo],[tʃʰʌl.tʃa.ga.ʌ.t͈ʌt̚.ke.dwe.dʒjo]
믿게 만들죠,7,[mit̚.ke.man.tɯl.tʃjo],[mit̚.ke.man.tɯl.tʃjo]
철저한 수사를,7,[tʃʰʌl.tʃʌ.han.su.sa.ɾɯl],[tʃʰʌl.tʃʌ.han.su.sa.ɾɯl]
now 지금,7,[tʃi.kɯm],[dʒi.gɯm]
철저히 비밀에,7,[tʃʰʌl.tʃʌ.hi.pi.mil.e],[tʃʰʌl.tʃʌ.hi.bi.mil.e]
철저히 조사해,7,[tʃʰʌl.tʃʌ.hi.tʃo.sa.hɛ],[tʃʰʌl.tʃʌ.hi.dʒo.sa.hɛ]
믿게 하면,7,[mit̚.ke.ha.mjʌn],[mit̚.ke.ha.mjʌn]
믿게 해야 해,7,[mit̚.ke.hɛ.ja.hɛ],[mit̚.ke.hɛ.ja.hɛ]
믿게 했다,7,[mit̚.ke.hɛt̚.ta],[mit̚.ke.hɛt̚.ta]
날 버렸을,7,[nal.pʌ.ɾjʌt̚.ɯl],[nal.bʌ.ɾjʌt̚.ɯl]
믿게 해야지,7,[mit̚.ke.hɛ.ja.tʃi],[mit̚.ke.hɛ.ja.dʒi]
철통 같은,7,[tʃʰʌl.tʰoŋ.kat̚.ɯn],[tʃʰʌl.tʰoŋ.gat̚.ɯn]
믿게 했죠,7,[mit̚.ke.hɛt̚.tʃjo],[mit̚.ke.hɛt̚.tʃjo]
한때 이 목걸이를 걸고,7,[han.t͈ɛ.i.mok̚.kʌl.i.ɾɯl.kʌl.ko],[han.t͈ɛ.i.mok̚.kʌl.i.ɾɯl.gʌl.ko]
첨단 과학,7,[tʃʰʌn.taŋ.kwa.hak̚],[tʃʰʌn.tan.gwa.hak̚]
계속 이러면 안 돼,7,[kje.sok̚.i.ɾʌ.mjʌn.an.twɛ],[gje.sok̚.i.ɾʌ.mjʌn.an.dwɛ]
날 버리고 갔어,7,[nal.pʌ.ɾi.ko.kat̚.ʌ],[nal.bʌ.ɾi.go.gat̚.ʌ]
첩자가 아니라,7,[tʃʰʌp̚.tʃa.ka.a.ni.ɾa],[tʃʰʌp̚.tʃa.ga.a.ni.ɾa]
첩자가 아니야,7,[tʃʰʌp̚.tʃa.ka.a.ni.ja],[tʃʰʌp̚.tʃa.ga.a.ni.ja]
믿고 계세요,7,[mit̚.ko.kje.se.jo],[mit̚.ko.gje.se.jo]
첫 경기를,7,[tʃʰʌt̚.kjʌŋ.ki.ɾɯl],[tʃʰʌt̚.gjʌŋ.gi.ɾɯl]
날 버리다니,7,[nal.pʌ.ɾi.ta.ni],[nal.bʌ.ɾi.da.ni]
갇힐 수,7,[kat̚.hil.su],[gat̚.hil.su]
믿고 난,7,[mit̚.ko.nan],[mit̚.ko.nan]
믿고 나대는,7,[mit̚.ko.na.tɛ.nɯn],[mit̚.ko.na.dɛ.nɯn]
믿고 내가,7,[mit̚.ko.nɛ.ka],[mit̚.ko.nɛ.ga]
첫 기차를,7,[tʃʰʌt̚.ki.tʃʰa.ɾɯl],[tʃʰʌt̚.gi.tʃʰa.ɾɯl]
첫 날에 저,7,[tʃʰʌt̚.nal.e.tʃʌ],[tʃʰʌt̚.nal.e.dʒʌ]
첫 날에 저 셔츠를,7,[tʃʰʌt̚.nal.e.tʃʌ.sjʌ.tʃʰɯ.ɾɯl],[tʃʰʌt̚.nal.e.dʒʌ.sjʌ.tʃʰɯ.ɾɯl]
첫 날이,7,[tʃʰʌt̚.nal.i],[tʃʰʌt̚.nal.i]
nowhere to,7,,
첫 남편이,7,[tʃʰʌt̚.nam.pʰjʌn.i],[tʃʰʌt̚.nam.pʰjʌn.i]
날 버릴 수,7,[nal.pʌ.ɾil.su],[nal.bʌ.ɾil.su]
첫 단계지,7,[tʃʰʌt̚.taŋ.kje.tʃi],[tʃʰʌt̚.daŋ.kje.dʒi]
걸 느꼈다,7,[kʌl.lɯ.k͈jʌt̚.ta],[gʌl.lɯ.k͈jʌt̚.ta]
갇힐 수도 있어,7,[kat̚.hil.su.to.it̚.ʌ],[gat̚.hil.su.do.it̚.ʌ]
믿고 싶습니다만,7,[mit̚.ko.sip̚.sɯp̚.ni.ta.man],[mit̚.ko.sip̚.sɯp̚.ni.da.man]
첫 반응은,7,[tʃʰʌt̚.pan.ɯŋ.ɯn],[tʃʰʌt̚.ban.ɯŋ.ɯn]
날 벽에,7,[nal.pjʌk̚.e],[nal.bjʌk̚.e]
날 변하게,7,[nal.pjʌn.ha.ke],[nal.bjʌn.ha.ge]
날 변화시켰어,7,[nal.pjʌn.hwa.si.kʰjʌt̚.ʌ],[nal.bjʌn.hwa.si.kʰjʌt̚.ʌ]
첫 번째 기회를,7,[tʃʰʌt̚.pʌn.tʃ͈ɛ.ki.hwe.ɾɯl],[tʃʰʌt̚.bʌn.tʃ͈ɛ.gi.hwe.ɾɯl]
첫 번째 도전,7,[tʃʰʌt̚.pʌn.tʃ͈ɛ.to.tʃʌn],[tʃʰʌt̚.bʌn.tʃ͈ɛ.do.dʒʌn]
갈 거 같은데,7,[kal.kʌ.kat̚.ɯn.te],[gal.gʌ.gat̚.ɯn.te]
때 두 분이,7,[t͈ɛ.tu.pun.i],[t͈ɛ.du.bun.i]
첫 번째 방이에요,7,[tʃʰʌt̚.pʌn.tʃ͈ɛ.paŋ.i.e.jo],[tʃʰʌt̚.bʌn.tʃ͈ɛ.baŋ.i.e.jo]
첫 번째 사람은,7,[tʃʰʌt̚.pʌn.tʃ͈ɛ.sa.ɾam.ɯn],[tʃʰʌt̚.bʌn.tʃ͈ɛ.sa.ɾam.ɯn]
날 보고 말해,7,[nal.po.ko.mal.hɛ],[nal.bo.go.mal.hɛ]
첫 번째 사람이야,7,[tʃʰʌt̚.pʌn.tʃ͈ɛ.sa.ɾam.i.ja],[tʃʰʌt̚.bʌn.tʃ͈ɛ.sa.ɾam.i.ja]
첫 번째 생일,7,[tʃʰʌt̚.pʌn.tʃ͈ɛ.sɛŋ.il],[tʃʰʌt̚.bʌn.tʃ͈ɛ.sɛŋ.il]
믿고 싶지가,7,[mit̚.ko.sip̚.tʃi.ka],[mit̚.ko.sip̚.tʃi.ga]
첫 번째 여자가,7,[tʃʰʌt̚.pʌn.tʃ͈ɛ.jʌ.tʃa.ka],[tʃʰʌt̚.bʌn.tʃ͈ɛ.jʌ.dʒa.ga]
첫 번째 여자,7,[tʃʰʌt̚.pʌn.tʃ͈ɛ.jʌ.tʃa],[tʃʰʌt̚.bʌn.tʃ͈ɛ.jʌ.dʒa]
내 친구와 함께,7,[nɛ.tʃʰiŋ.ku.wa.ham.k͈e],[nɛ.tʃʰiŋ.ku.wa.ham.k͈e]
첫 번째 일은,7,[tʃʰʌt̚.pʌn.tʃ͈ɛ.il.ɯn],[tʃʰʌt̚.bʌn.tʃ͈ɛ.il.ɯn]
갈 거 아니면,7,[kal.kʌ.a.ni.mjʌn],[gal.gʌ.a.ni.mjʌn]
그분을 아세요,7,[kɯ.pun.ɯl.a.se.jo],[gɯ.bun.ɯl.a.se.jo]
첫 번째 줄,7,[tʃʰʌt̚.pʌn.tʃ͈ɛ.tʃul],[tʃʰʌt̚.bʌn.tʃ͈ɛ.dʒul]
첫 번째 피해자와,7,[tʃʰʌt̚.pʌn.tʃ͈ɛ.pʰi.hɛ.tʃa.wa],[tʃʰʌt̚.bʌn.tʃ͈ɛ.pʰi.hɛ.dʒa.wa]
날 보고 있는,7,[nal.po.ko.it̚.nɯn],[nal.bo.go.it̚.nɯn]
계속 이렇게 하면,7,[kje.sok̚.i.ɾʌt̚.ke.ha.mjʌn],[gje.sok̚.i.ɾʌt̚.ke.ha.mjʌn]
첫 번째도,7,[tʃʰʌt̚.pʌn.tʃ͈ɛ.to],[tʃʰʌt̚.bʌn.tʃ͈ɛ.do]
한마디만 해도 될까요,7,[han.ma.ti.man.hɛ.to.twel.k͈a.jo],[han.ma.di.man.hɛ.do.dwel.k͈a.jo]
믿고 있고요,7,[mit̚.ko.it̚.ko.jo],[mit̚.ko.it̚.ko.jo]
계속 이름을,7,[kje.sok̚.i.ɾɯm.ɯl],[gje.sok̚.i.ɾɯm.ɯl]
날 보고도,7,[nal.po.ko.to],[nal.bo.go.do]
첫 번째와 두,7,[tʃʰʌt̚.pʌn.tʃ͈ɛ.wa.tu],[tʃʰʌt̚.bʌn.tʃ͈ɛ.wa.du]
첫 사건,7,[tʃʰʌt̚.sa.kʌn],[tʃʰʌt̚.sa.gʌn]
날 보내려고,7,[nal.po.nɛ.ɾjʌ.ko],[nal.bo.nɛ.ɾjʌ.go]
갈 거 알잖아요,7,[kal.kʌ.al.tʃan.a.jo],[gal.gʌ.al.tʃan.a.jo]
첫 손님,7,[tʃʰʌt̚.son.nim],[tʃʰʌt̚.son.nim]
날 보내서,7,[nal.po.nɛ.sʌ],[nal.bo.nɛ.sʌ]
첫 실전,7,[tʃʰʌt̚.sil.tʃʌn],[tʃʰʌt̚.sil.tʃʌn]
믿고 있었죠,7,[mit̚.ko.it̚.ʌt̚.tʃjo],[mit̚.ko.it̚.ʌt̚.tʃjo]
믿고 있으니까,7,[mit̚.ko.it̚.ɯ.ni.k͈a],[mit̚.ko.it̚.ɯ.ni.k͈a]
날 보낼,7,[nal.po.nɛl],[nal.bo.nɛl]
갑시다 이쪽으로,7,[kap̚.si.ta.i.tʃ͈ok̚.ɯ.ɾo],[gap̚.si.da.i.tʃ͈ok̚.ɯ.ɾo]
첫 장을,7,[tʃʰʌt̚.tʃaŋ.ɯl],[tʃʰʌt̚.dʒaŋ.ɯl]
믿기 때문이죠,7,[mit̚.ki.t͈ɛ.mun.i.tʃjo],[mit̚.ki.t͈ɛ.mun.i.dʒjo]
첫 좀비,7,[tʃʰʌt̚.tʃom.pi],[tʃʰʌt̚.dʒom.pi]
첫 촬영을,7,[tʃʰʌt̚.tʃʰwal.jʌŋ.ɯl],[tʃʰʌt̚.tʃʰwal.jʌŋ.ɯl]
첫 타자가,7,[tʃʰʌt̚.tʰa.tʃa.ka],[tʃʰʌt̚.tʰa.dʒa.ga]
첫 페이지에,7,[tʃʰʌt̚.pʰe.i.tʃi.e],[tʃʰʌt̚.pʰe.i.dʒi.e]
첫 흑인,7,[tʃʰʌt̚.hɯk̚.in],[tʃʰʌt̚.hɯk̚.in]
pretend you,7,,
날 보라구요,7,[nal.po.ɾa.ku.jo],[nal.bo.ɾa.gu.jo]
첫째 주,7,[tʃʰʌt̚.tʃ͈ɛ.tʃu],[tʃʰʌt̚.tʃ͈ɛ.dʒu]
날 보란,7,[nal.po.ɾan],[nal.bo.ɾan]
청각 장애가,7,[tʃʰʌŋ.kak̚.tʃaŋ.ɛ.ka],[tʃʰʌŋ.gak̚.dʒaŋ.ɛ.ga]
믿기 힘듭니다,7,[mit̚.ki.hin.tɯp̚.ni.ta],[mit̚.ki.hin.tɯp̚.ni.da]
청년 마이크,7,[tʃʰʌŋ.njʌn.ma.i.kʰɯ],[tʃʰʌŋ.njʌn.ma.i.kʰɯ]
청량 음료,7,[tʃʰʌŋ.ɾjaŋ.ɯm.ɾjo],[tʃʰʌŋ.ɾjaŋ.ɯm.ɾjo]
청부업자의 힘주는,7,[tʃʰʌm.pu.ʌp̚.tʃa.ɯi.hin.tʃu.nɯn],[tʃʰʌŋ.bu.ʌp̚.tʃa.ɯi.hin.tʃu.nɯn]
믿기지 않는구나,7,[mit̚.ki.tʃi.an.nɯŋ.ku.na],[mit̚.ki.dʒi.an.nɯŋ.ku.na]
청부업자의 힘주는 신음,7,[tʃʰʌm.pu.ʌp̚.tʃa.ɯi.hin.tʃu.nɯn.sin.ɯm],[tʃʰʌŋ.bu.ʌp̚.tʃa.ɯi.hin.tʃu.nɯn.sin.ɯm]
날 보러 왔지,7,[nal.po.ɾʌ.wat̚.tʃi],[nal.bo.ɾʌ.wat̚.tʃi]
계속 읽고,7,[kje.sok̚.ik̚.ko],[gje.sok̚.ik̚.ko]
날 보렴 날,7,[nal.po.ɾjʌm.nal],[nal.bo.ɾjʌm.nal]
청소년 관람,7,[tʃʰʌŋ.so.njʌŋ.kwal.lam],[tʃʰʌŋ.so.njʌn.gwal.lam]
청소년 센터,7,[tʃʰʌŋ.so.njʌn.sen.tʰʌ],[tʃʰʌŋ.so.njʌn.sen.tʰʌ]
청소년을 위한,7,[tʃʰʌŋ.so.njʌn.ɯl.wi.han],[tʃʰʌŋ.so.njʌn.ɯl.wi.han]
보낼 걸세,7,[po.nɛl.kʌl.se],[bo.nɛl.gʌl.se]
청소를 해,7,[tʃʰʌŋ.so.ɾɯl.hɛ],[tʃʰʌŋ.so.ɾɯl.hɛ]
청소를 했어요,7,[tʃʰʌŋ.so.ɾɯl.hɛt̚.ʌ.jo],[tʃʰʌŋ.so.ɾɯl.hɛt̚.ʌ.jo]
계속 읽으세요,7,[kje.sok̚.ik̚.ɯ.se.jo],[gje.sok̚.ik̚.ɯ.se.jo]
청소하고 있었어,7,[tʃʰʌŋ.so.ha.ko.it̚.ʌt̚.ʌ],[tʃʰʌŋ.so.ha.go.it̚.ʌt̚.ʌ]
확실히 엉망이었어,7,[hwak̚.sil.hi.ʌŋ.maŋ.i.ʌt̚.ʌ],[hwak̚.sil.hi.ʌŋ.maŋ.i.ʌt̚.ʌ]
날 보여,7,[nal.po.jʌ],[nal.bo.jʌ]
청소한 것,7,[tʃʰʌŋ.so.haŋ.kʌt̚],[tʃʰʌŋ.so.han.gʌt̚]
믿는 거 아니지,7,[mit̚.nɯŋ.kʌ.a.ni.tʃi],[mit̚.nɯn.gʌ.a.ni.dʒi]
계속 입 다물고,7,[kje.sok̚.ip̚.ta.mul.ko],[gje.sok̚.ip̚.da.mul.ko]
청소해야 해,7,[tʃʰʌŋ.so.hɛ.ja.hɛ],[tʃʰʌŋ.so.hɛ.ja.hɛ]
믿는 거 알지,7,[mit̚.nɯŋ.kʌ.al.tʃi],[mit̚.nɯn.gʌ.al.tʃi]
날 보자고 한,7,[nal.po.tʃa.ko.han],[nal.bo.dʒa.go.han]
믿는 거고,7,[mit̚.nɯŋ.kʌ.ko],[mit̚.nɯn.gʌ.go]
청하러 왔어요,7,[tʃʰʌŋ.ha.ɾʌ.wat̚.ʌ.jo],[tʃʰʌŋ.ha.ɾʌ.wat̚.ʌ.jo]
청하러 온,7,[tʃʰʌŋ.ha.ɾʌ.on],[tʃʰʌŋ.ha.ɾʌ.on]
청한 건,7,[tʃʰʌŋ.haŋ.kʌn],[tʃʰʌŋ.han.gʌn]
청할 때,7,[tʃʰʌŋ.hal.t͈ɛ],[tʃʰʌŋ.hal.t͈ɛ]
갈 거라고는,7,[kal.kʌ.ɾa.ko.nɯn],[gal.gʌ.ɾa.go.nɯn]
청해야 해,7,[tʃʰʌŋ.hɛ.ja.hɛ],[tʃʰʌŋ.hɛ.ja.hɛ]
oder sterben,7,,
청혼한 거,7,[tʃʰʌŋ.hon.haŋ.kʌ],[tʃʰʌŋ.hon.han.gʌ]
갈 거라는 걸,7,[kal.kʌ.ɾa.nɯŋ.kʌl],[gal.gʌ.ɾa.nɯn.gʌl]
체력 시험,7,[tʃʰe.ɾjʌk̚.si.hʌm],[tʃʰe.ɾjʌk̚.si.hʌm]
체류 중인,7,[tʃʰe.ɾju.tʃuŋ.in],[tʃʰe.ɾju.dʒuŋ.in]
체리 나와라,7,[tʃʰe.ɾi.na.wa.ɾa],[tʃʰe.ɾi.na.wa.ɾa]
계속 있다간,7,[kje.sok̚.it̚.ta.kan],[gje.sok̚.it̚.ta.gan]
of Braavos,7,,
체비 체이스,7,[tʃʰe.pi.tʃʰe.i.sɯ],[tʃʰe.bi.tʃʰe.i.sɯ]
체면이 있지,7,[tʃʰe.mjʌn.i.it̚.tʃi],[tʃʰe.mjʌn.i.it̚.tʃi]
날 보호해주지,7,[nal.po.ho.hɛ.tʃu.tʃi],[nal.bo.ho.hɛ.dʒu.dʒi]
체스 선수권,7,[tʃʰe.sɯ.sʌn.su.kwʌn],[tʃʰe.sɯ.sʌn.su.gwʌn]
체스터필드 대령,7,[tʃʰe.sɯ.tʰʌ.pʰil.tɯ.tɛ.ɾjʌŋ],[tʃʰe.sɯ.tʰʌ.pʰil.tɯ.dɛ.ɾjʌŋ]
믿는 데,7,[mit̚.nɯn.te],[mit̚.nɯn.de]
한번 만나서,7,[ham.pʌn.man.na.sʌ],[ham.pʌn.man.na.sʌ]
체육관에 갈,7,[tʃʰe.juk̚.kwan.e.kal],[tʃʰe.juk̚.kwan.e.gal]
체육관에 가서,7,[tʃʰe.juk̚.kwan.e.ka.sʌ],[tʃʰe.juk̚.kwan.e.ga.sʌ]
날 볼 수 없을,7,[nal.pol.su.ʌp̚.ɯl],[nal.bol.su.ʌp̚.ɯl]
믿는 사람은 아무도,7,[mit̚.nɯn.sa.ɾam.ɯn.a.mu.to],[mit̚.nɯn.sa.ɾam.ɯn.a.mu.do]
갈 거란 걸,7,[kal.kʌ.ɾaŋ.kʌl],[gal.gʌ.ɾan.gʌl]
날 볼 일,7,[nal.pol.il],[nal.bol.il]
체첸 공화국,7,[tʃʰe.tʃʰeŋ.koŋ.hwa.kuk̚],[tʃʰe.tʃʰen.goŋ.hwa.guk̚]
날 볼 일 없을,7,[nal.pol.il.ʌp̚.ɯl],[nal.bol.il.ʌp̚.ɯl]
믿는 사람이야,7,[mit̚.nɯn.sa.ɾam.i.ja],[mit̚.nɯn.sa.ɾam.i.ja]
믿는 사람한테,7,[mit̚.nɯn.sa.ɾam.han.tʰe],[mit̚.nɯn.sa.ɾam.han.tʰe]
날 봐 괜찮아,7,[nal.pwa.kwɛn.tʃʰan.a],[nal.bwa.gwɛn.tʃʰan.a]
체크인하고 있어,7,[tʃʰe.kʰɯ.in.ha.ko.it̚.ʌ],[tʃʰe.kʰɯ.in.ha.go.it̚.ʌ]
체크인할 때,7,[tʃʰe.kʰɯ.in.hal.t͈ɛ],[tʃʰe.kʰɯ.in.hal.t͈ɛ]
체크할 수,7,[tʃʰe.kʰɯ.hal.su],[tʃʰe.kʰɯ.hal.su]
체크해 볼게요,7,[tʃʰe.kʰɯ.hɛ.pol.ke.jo],[tʃʰe.kʰɯ.hɛ.bol.ke.jo]
곳을 보여줄게,7,[kot̚.ɯl.po.jʌ.tʃul.ke],[got̚.ɯl.bo.jʌ.dʒul.ke]
믿는 일에,7,[mit̚.nɯn.il.e],[mit̚.nɯn.il.e]
체포 건이,7,[tʃʰe.pʰo.kʌn.i],[tʃʰe.pʰo.gʌn.i]
체포 기록은,7,[tʃʰe.pʰo.ki.ɾok̚.ɯn],[tʃʰe.pʰo.gi.ɾok̚.ɯn]
갈 거래요,7,[kal.kʌ.ɾɛ.jo],[gal.gʌ.ɾɛ.jo]
믿는 자들은,7,[mit̚.nɯn.tʃa.tɯl.ɯn],[mit̚.nɯn.dʒa.dɯl.ɯn]
체포 소식을,7,[tʃʰe.pʰo.so.sik̚.ɯl],[tʃʰe.pʰo.so.sik̚.ɯl]
체포 안 해요,7,[tʃʰe.pʰo.an.hɛ.jo],[tʃʰe.pʰo.an.hɛ.jo]
믿는 편이,7,[mit̚.nɯm.pʰjʌn.i],[mit̚.nɯm.pʰjʌn.i]
체포 영장도,7,[tʃʰe.pʰo.jʌŋ.tʃaŋ.to],[tʃʰe.pʰo.jʌŋ.dʒaŋ.do]
체포 영장이 나왔어,7,[tʃʰe.pʰo.jʌŋ.tʃaŋ.i.na.wat̚.ʌ],[tʃʰe.pʰo.jʌŋ.dʒaŋ.i.na.wat̚.ʌ]
체포되면 안,7,[tʃʰe.pʰo.twe.mjʌn.an],[tʃʰe.pʰo.dwe.mjʌn.an]
믿는다고 해도,7,[mit̚.nɯn.ta.ko.hɛ.to],[mit̚.nɯn.ta.go.hɛ.do]
체포되지 않을,7,[tʃʰe.pʰo.twe.tʃi.an.ɯl],[tʃʰe.pʰo.dwe.dʒi.an.ɯl]
믿는다고 해서,7,[mit̚.nɯn.ta.ko.hɛ.sʌ],[mit̚.nɯn.ta.go.hɛ.sʌ]
체포된 거예요,7,[tʃʰe.pʰo.tweŋ.kʌ.je.jo],[tʃʰe.pʰo.dwen.gʌ.je.jo]
믿는다고 했어,7,[mit̚.nɯn.ta.ko.hɛt̚.ʌ],[mit̚.nɯn.ta.go.hɛt̚.ʌ]
체포된 것도,7,[tʃʰe.pʰo.tweŋ.kʌt̚.to],[tʃʰe.pʰo.dwen.gʌt̚.to]
날 봐 당신은,7,[nal.pwa.taŋ.sin.ɯn],[nal.bwa.daŋ.sin.ɯn]
체포된 사람은,7,[tʃʰe.pʰo.twen.sa.ɾam.ɯn],[tʃʰe.pʰo.dwen.sa.ɾam.ɯn]
of Dorne,7,,
체포된 적은,7,[tʃʰe.pʰo.twen.tʃʌk̚.ɯn],[tʃʰe.pʰo.dwen.dʒʌk̚.ɯn]
체포하는 건가요,7,[tʃʰe.pʰo.ha.nɯŋ.kʌŋ.ka.jo],[tʃʰe.pʰo.ha.nɯn.gʌŋ.ka.jo]
체포하는 겁니다,7,[tʃʰe.pʰo.ha.nɯŋ.kʌp̚.ni.ta],[tʃʰe.pʰo.ha.nɯn.gʌp̚.ni.da]
체포하러 갈,7,[tʃʰe.pʰo.ha.ɾʌ.kal],[tʃʰe.pʰo.ha.ɾʌ.gal]
이 대체,7,[i.tɛ.tʃʰe],[i.dɛ.tʃʰe]
체포하러 왔다,7,[tʃʰe.pʰo.ha.ɾʌ.wat̚.ta],[tʃʰe.pʰo.ha.ɾʌ.wat̚.ta]
갈 거면서,7,[kal.kʌ.mjʌn.sʌ],[gal.gʌ.mjʌn.sʌ]
날 봐라 날,7,[nal.pwa.ɾa.nal],[nal.bwa.ɾa.nal]
가는 거야 정말,7,[ka.nɯŋ.kʌ.ja.tʃʌŋ.mal],[ga.nɯn.gʌ.ja.dʒʌŋ.mal]
체포한 건,7,[tʃʰe.pʰo.haŋ.kʌn],[tʃʰe.pʰo.han.gʌn]
체포한 것,7,[tʃʰe.pʰo.haŋ.kʌt̚],[tʃʰe.pʰo.han.gʌt̚]
체포한 뒤,7,[tʃʰe.pʰo.han.twi],[tʃʰe.pʰo.han.dwi]
체포한다 당신은 묵비권을,7,[tʃʰe.pʰo.han.ta.taŋ.sin.ɯn.muk̚.pi.kwʌn.ɯl],[tʃʰe.pʰo.han.ta.daŋ.sin.ɯn.muk̚.pi.gwʌn.ɯl]
체포한다 당신은 묵비권을 행사할,7,[tʃʰe.pʰo.han.ta.taŋ.sin.ɯn.muk̚.pi.kwʌn.ɯl.hɛŋ.sa.hal],[tʃʰe.pʰo.han.ta.daŋ.sin.ɯn.muk̚.pi.gwʌn.ɯl.hɛŋ.sa.hal]
믿어 I believe I,7,[mit̚.ʌ],[mit̚.ʌ]
믿어 I believe,7,[mit̚.ʌ],[mit̚.ʌ]
믿어 lrm,7,[mit̚.ʌ],[mit̚.ʌ]
한번 봐줄래,7,[ham.pʌm.pwa.tʃul.ɾɛ],[ham.pʌn.bwa.dʒul.ɾɛ]
계속 잠들어,7,[kje.sok̚.tʃan.tɯl.ʌ],[gje.sok̚.dʒan.tɯl.ʌ]
확실히 할게요,7,[hwak̚.sil.hi.hal.ke.jo],[hwak̚.sil.hi.hal.ke.jo]
체포합니다 당신에겐 진술거부권이,7,[tʃʰe.pʰo.hap̚.ni.ta.taŋ.sin.e.ken.tʃin.sul.kʌ.pu.kwʌn.i],[tʃʰe.pʰo.hap̚.ni.da.daŋ.sin.e.gen.dʒin.sul.kʌ.bu.gwʌn.i]
체포할 순 없어요,7,[tʃʰe.pʰo.hal.sun.ʌp̚.ʌ.jo],[tʃʰe.pʰo.hal.sun.ʌp̚.ʌ.jo]
믿어 그런데,7,[mit̚.ʌ.kɯ.ɾʌn.te],[mit̚.ʌ.gɯ.ɾʌn.te]
계속 잡혀,7,[kje.sok̚.tʃap̚.hjʌ],[gje.sok̚.dʒap̚.hjʌ]
체포해도 돼,7,[tʃʰe.pʰo.hɛ.to.twɛ],[tʃʰe.pʰo.hɛ.do.dwɛ]
믿어 난 널,7,[mit̚.ʌ.nan.nʌl],[mit̚.ʌ.nan.nʌl]
계속 저러고,7,[kje.sok̚.tʃʌ.ɾʌ.ko],[gje.sok̚.dʒʌ.ɾʌ.go]
쳇바퀴 돌듯,7,[tʃʰet̚.pa.kʰwi.tol.tɯt̚],[tʃʰet̚.pa.kʰwi.dol.tɯt̚]
쳉 지입니다,7,[tʃʰeŋ.tʃi.ip̚.ni.ta],[tʃʰeŋ.dʒi.ip̚.ni.da]
are Here,7,,
믿어 다른,7,[mit̚.ʌ.ta.ɾɯn],[mit̚.ʌ.da.ɾɯn]
쳐 먹어,7,[tʃʰjʌ.mʌk̚.ʌ],[tʃʰjʌ.mʌk̚.ʌ]
쳐 보자,7,[tʃʰjʌ.po.tʃa],[tʃʰjʌ.bo.dʒa]
믿어 달라는,7,[mit̚.ʌ.tal.ɾa.nɯn],[mit̚.ʌ.dal.ɾa.nɯn]
날 봤을 때,7,[nal.pwat̚.ɯl.t͈ɛ],[nal.bwat̚.ɯl.t͈ɛ]
믿어 만약,7,[mit̚.ʌ.man.jak̚],[mit̚.ʌ.man.jak̚]
날 봤잖아,7,[nal.pwat̚.tʃan.a],[nal.bwat̚.tʃan.a]
날 봤지,7,[nal.pwat̚.tʃi],[nal.bwat̚.tʃi]
쳐다 보면서,7,[tʃʰjʌ.ta.po.mjʌn.sʌ],[tʃʰjʌ.da.bo.mjʌn.sʌ]
쳐다 보지 마,7,[tʃʰjʌ.ta.po.tʃi.ma],[tʃʰjʌ.da.bo.dʒi.ma]
갈 거야 같이 갈,7,[kal.kʌ.ja.kat̚.i.kal],[gal.gʌ.ja.gat̚.i.gal]
쳐다보고 있으면,7,[tʃʰjʌ.ta.po.ko.it̚.ɯ.mjʌn],[tʃʰjʌ.da.bo.go.it̚.ɯ.mjʌn]
쳐다보는 거 봤어,7,[tʃʰjʌ.ta.po.nɯŋ.kʌ.pwat̚.ʌ],[tʃʰjʌ.da.bo.nɯn.gʌ.bwat̚.ʌ]
쳐다보는 거죠,7,[tʃʰjʌ.ta.po.nɯŋ.kʌ.tʃjo],[tʃʰjʌ.da.bo.nɯn.gʌ.dʒjo]
믿어 어서,7,[mit̚.ʌ.ʌ.sʌ],[mit̚.ʌ.ʌ.sʌ]
갈 거야 게다가,7,[kal.kʌ.ja.ke.ta.ka],[gal.gʌ.ja.ge.da.ga]
쳐다보는 눈빛,7,[tʃʰjʌ.ta.po.nɯn.num.pit̚],[tʃʰjʌ.da.bo.nɯn.num.pit̚]
믿어 의심치 않아,7,[mit̚.ʌ.ɯi.sin.tʃʰi.an.a],[mit̚.ʌ.ɯi.sin.tʃʰi.an.a]
계속 전화 안,7,[kje.sok̚.tʃʌn.hwa.an],[gje.sok̚.dʒʌn.hwa.an]
믿어 이젠,7,[mit̚.ʌ.i.tʃen],[mit̚.ʌ.i.dʒen]
계속 전화를 안,7,[kje.sok̚.tʃʌn.hwa.ɾɯl.an],[gje.sok̚.dʒʌn.hwa.ɾɯl.an]
날 불러서,7,[nal.pul.ɾʌ.sʌ],[nal.bul.ɾʌ.sʌ]
계속 전화하고,7,[kje.sok̚.tʃʌn.hwa.ha.ko],[gje.sok̚.dʒʌn.hwa.ha.go]
쳐다봤어 내가,7,[tʃʰjʌ.ta.pwat̚.ʌ.nɛ.ka],[tʃʰjʌ.da.bwat̚.ʌ.nɛ.ga]
계속 전화하는,7,[kje.sok̚.tʃʌn.hwa.ha.nɯn],[gje.sok̚.dʒʌn.hwa.ha.nɯn]
믿어 정말이야,7,[mit̚.ʌ.tʃʌŋ.mal.i.ja],[mit̚.ʌ.dʒʌŋ.mal.i.ja]
갈 거야 그건,7,[kal.kʌ.ja.kɯ.kʌn],[gal.gʌ.ja.gɯ.gʌn]
쳐보고 싶어서,7,[tʃʰjʌ.po.ko.sip̚.ʌ.sʌ],[tʃʰjʌ.bo.go.sip̚.ʌ.sʌ]
쳐야 돼 오후에,7,[tʃʰjʌ.ja.twɛ.o.hu.e],[tʃʰjʌ.ja.dwɛ.o.hu.e]
쳐야 돼 오후에 아무할,7,[tʃʰjʌ.ja.twɛ.o.hu.e.a.mu.hal],[tʃʰjʌ.ja.dwɛ.o.hu.e.a.mu.hal]
쳐야 하는,7,[tʃʰjʌ.ja.ha.nɯn],[tʃʰjʌ.ja.ha.nɯn]
날 불렀지,7,[nal.pul.ɾʌt̚.tʃi],[nal.bul.ɾʌt̚.tʃi]
믿어 주셔야,7,[mit̚.ʌ.tʃu.sjʌ.ja],[mit̚.ʌ.dʒu.sjʌ.ja]
쳐요 그리고,7,[tʃʰjʌ.jo.kɯ.ɾi.ko],[tʃʰjʌ.jo.gɯ.ɾi.go]
계속 전화했는데 왜,7,[kje.sok̚.tʃʌn.hwa.hɛt̚.nɯn.te.wɛ],[gje.sok̚.dʒʌn.hwa.hɛt̚.nɯn.te.wɛ]
믿어 줘서 고마워,7,[mit̚.ʌ.tʃwʌ.sʌ.ko.ma.wʌ],[mit̚.ʌ.dʒwʌ.sʌ.go.ma.wʌ]
쳤을 거야,7,[tʃʰjʌt̚.ɯl.kʌ.ja],[tʃʰjʌt̚.ɯl.gʌ.ja]
쳤을 거예요,7,[tʃʰjʌt̚.ɯl.kʌ.je.jo],[tʃʰjʌt̚.ɯl.gʌ.je.jo]
믿어 줘서 고마워요,7,[mit̚.ʌ.tʃwʌ.sʌ.ko.ma.wʌ.jo],[mit̚.ʌ.dʒwʌ.sʌ.go.ma.wʌ.jo]
초 걸릴,7,[tʃʰo.kʌl.ɾil],[tʃʰo.gʌl.ɾil]
믿어 줬어요,7,[mit̚.ʌ.tʃwʌt̚.ʌ.jo],[mit̚.ʌ.dʒwʌt̚.ʌ.jo]
계속 전화했어요,7,[kje.sok̚.tʃʌn.hwa.hɛt̚.ʌ.jo],[gje.sok̚.dʒʌn.hwa.hɛt̚.ʌ.jo]
초 남은,7,[tʃʰo.nam.ɯn],[tʃʰo.nam.ɯn]
날 붙들어 줘,7,[nal.put̚.tɯl.ʌ.tʃwʌ],[nal.but̚.tɯl.ʌ.dʒwʌ]
한번 직접,7,[ham.pʌn.tʃik̚.tʃʌp̚],[ham.pʌn.dʒik̚.tʃʌp̚]
초 늦었어,7,[tʃʰo.nɯt̚.ʌt̚.ʌ],[tʃʰo.nɯt̚.ʌt̚.ʌ]
내 클론이,7,[nɛ.kʰɯl.ɾon.i],[nɛ.kʰɯl.ɾon.i]
초 동안은,7,[tʃʰo.toŋ.an.ɯn],[tʃʰo.doŋ.an.ɯn]
초 만이라도,7,[tʃʰo.man.i.ɾa.to],[tʃʰo.man.i.ɾa.do]
믿어도 돼요 내,7,[mit̚.ʌ.to.twɛ.jo.nɛ],[mit̚.ʌ.do.dwɛ.jo.nɛ]
날 붙잡을,7,[nal.put̚.tʃap̚.ɯl],[nal.but̚.tʃap̚.ɯl]
믿어도 되겠소,7,[mit̚.ʌ.to.twe.ket̚.so],[mit̚.ʌ.do.dwe.get̚.so]
보냈던 거야,7,[po.nɛt̚.tʌŋ.kʌ.ja],[bo.nɛt̚.tʌn.gʌ.ja]
be in a,7,,
갈 거야 그러니까,7,[kal.kʌ.ja.kɯ.ɾʌ.ni.k͈a],[gal.gʌ.ja.gɯ.ɾʌ.ni.k͈a]
초 주겠어요,7,[tʃʰo.tʃu.ket̚.ʌ.jo],[tʃʰo.dʒu.get̚.ʌ.jo]
초 줄 테니까,7,[tʃʰo.tʃul.tʰe.ni.k͈a],[tʃʰo.dʒul.tʰe.ni.k͈a]
초 치지 마,7,[tʃʰo.tʃʰi.tʃi.ma],[tʃʰo.tʃʰi.dʒi.ma]
날 비웃었어,7,[nal.pi.ut̚.ʌt̚.ʌ],[nal.bi.ut̚.ʌt̚.ʌ]
초 후에는,7,[tʃʰo.hu.e.nɯn],[tʃʰo.hu.e.nɯn]
믿어서 그런,7,[mit̚.ʌ.sʌ.kɯ.ɾʌn],[mit̚.ʌ.sʌ.gɯ.ɾʌn]
믿어서는 안 돼,7,[mit̚.ʌ.sʌ.nɯn.an.twɛ],[mit̚.ʌ.sʌ.nɯn.an.dwɛ]
초기 증거,7,[tʃʰo.ki.tʃɯŋ.kʌ],[tʃʰo.gi.dʒɯŋ.gʌ]
날 빛나게,7,[nal.pit̚.na.ke],[nal.bit̚.na.ge]
초능력 같은,7,[tʃʰo.nɯŋ.ɾjʌk̚.kat̚.ɯn],[tʃʰo.nɯŋ.ɾjʌk̚.gat̚.ɯn]
초능력을 가지고,7,[tʃʰo.nɯŋ.ɾjʌk̚.ɯl.ka.tʃi.ko],[tʃʰo.nɯŋ.ɾjʌk̚.ɯl.ga.dʒi.go]
초능력이 있다고,7,[tʃʰo.nɯŋ.ɾjʌk̚.i.it̚.ta.ko],[tʃʰo.nɯŋ.ɾjʌk̚.i.it̚.ta.go]
믿어야 하고,7,[mit̚.ʌ.ja.ha.ko],[mit̚.ʌ.ja.ha.go]
초대 못 받았어,7,[tʃʰo.tɛ.mot̚.pat̚.at̚.ʌ],[tʃʰo.dɛ.mot̚.bat̚.at̚.ʌ]
초대 받은,7,[tʃʰo.tɛ.pat̚.ɯn],[tʃʰo.dɛ.bat̚.ɯn]
초대 받았어,7,[tʃʰo.tɛ.pat̚.at̚.ʌ],[tʃʰo.dɛ.bat̚.at̚.ʌ]
초대를 받지,7,[tʃʰo.tɛ.ɾɯl.pat̚.tʃi],[tʃʰo.dɛ.ɾɯl.bat̚.tʃi]
초대받은 적,7,[tʃʰo.tɛ.pat̚.ɯn.tʃʌk̚],[tʃʰo.dɛ.bat̚.ɯn.dʒʌk̚]
믿어야 합니까,7,[mit̚.ʌ.ja.hap̚.ni.k͈a],[mit̚.ʌ.ja.hap̚.ni.k͈a]
보냈어 네,7,[po.nɛt̚.ʌ.ne],[bo.nɛt̚.ʌ.ne]
보냈어 넌,7,[po.nɛt̚.ʌ.nʌn],[bo.nɛt̚.ʌ.nʌn]
한번 해보는 게,7,[ham.pʌn.hɛ.po.nɯŋ.ke],[ham.pʌn.hɛ.bo.nɯn.ge]
초대한 거지,7,[tʃʰo.tɛ.haŋ.kʌ.tʃi],[tʃʰo.dɛ.han.gʌ.dʒi]
초대한 사람이,7,[tʃʰo.tɛ.han.sa.ɾam.i],[tʃʰo.dɛ.han.sa.ɾam.i]
초대한 이유는,7,[tʃʰo.tɛ.han.i.ju.nɯn],[tʃʰo.dɛ.han.i.ju.nɯn]
믿어요 그건,7,[mit̚.ʌ.jo.kɯ.kʌn],[mit̚.ʌ.jo.gɯ.gʌn]
초대할 수도,7,[tʃʰo.tɛ.hal.su.to],[tʃʰo.dɛ.hal.su.do]
믿어요 그는,7,[mit̚.ʌ.jo.kɯ.nɯn],[mit̚.ʌ.jo.gɯ.nɯn]
초대해 주셔서 고마워요,7,[tʃʰo.tɛ.hɛ.tʃu.sjʌ.sʌ.ko.ma.wʌ.jo],[tʃʰo.dɛ.hɛ.dʒu.sjʌ.sʌ.go.ma.wʌ.jo]
초대해 주셔서 감사해요 엘리오,7,[tʃʰo.tɛ.hɛ.tʃu.sjʌ.sʌ.kam.sa.hɛ.jo.el.ɾi.o],[tʃʰo.dɛ.hɛ.dʒu.sjʌ.sʌ.gam.sa.hɛ.jo.el.ɾi.o]
믿어요 근데,7,[mit̚.ʌ.jo.kɯn.te],[mit̚.ʌ.jo.gɯn.te]
초대형 거인이,7,[tʃʰo.tɛ.hjʌŋ.kʌ.in.i],[tʃʰo.dɛ.hjʌŋ.gʌ.in.i]
초도 같이,7,[tʃʰo.to.kat̚.i],[tʃʰo.do.gat̚.i]
믿어요 당신의,7,[mit̚.ʌ.jo.taŋ.sin.ɯi],[mit̚.ʌ.jo.daŋ.sin.ɯi]
초도 안 남았어,7,[tʃʰo.to.an.nam.at̚.ʌ],[tʃʰo.do.an.nam.at̚.ʌ]
한번 해줘,7,[ham.pʌn.hɛ.tʃwʌ],[ham.pʌn.hɛ.dʒwʌ]
믿어요 아무도,7,[mit̚.ʌ.jo.a.mu.to],[mit̚.ʌ.jo.a.mu.do]
믿어요 알았어요,7,[mit̚.ʌ.jo.al.at̚.ʌ.jo],[mit̚.ʌ.jo.al.at̚.ʌ.jo]
날 사랑하는 거 알아,7,[nal.sa.ɾaŋ.ha.nɯŋ.kʌ.al.a],[nal.sa.ɾaŋ.ha.nɯn.gʌ.al.a]
날 사랑하는 걸,7,[nal.sa.ɾaŋ.ha.nɯŋ.kʌl],[nal.sa.ɾaŋ.ha.nɯn.gʌl]
초록색 눈,7,[tʃʰo.ɾok̚.sɛk̚.nun],[tʃʰo.ɾok̚.sɛk̚.nun]
믿어요 정말,7,[mit̚.ʌ.jo.tʃʌŋ.mal],[mit̚.ʌ.jo.dʒʌŋ.mal]
한번도 보지못한,7,[ham.pʌn.to.po.tʃi.mot̚.han],[ham.pʌn.to.bo.dʒi.mot̚.han]
초만 실례하겠습니다,7,[tʃʰo.man.sil.ɾje.ha.ket̚.sɯp̚.ni.ta],[tʃʰo.man.sil.ɾje.ha.get̚.sɯp̚.ni.da]
초만 주면,7,[tʃʰo.man.tʃu.mjʌn],[tʃʰo.man.dʒu.mjʌn]
초만 좀,7,[tʃʰo.man.tʃom],[tʃʰo.man.dʒom]
초면 될,7,[tʃʰo.mjʌn.twel],[tʃʰo.mjʌn.dwel]
초면 됩니다,7,[tʃʰo.mjʌn.twep̚.ni.ta],[tʃʰo.mjʌn.dwep̚.ni.da]
날 사랑하잖아요,7,[nal.sa.ɾaŋ.ha.tʃan.a.jo],[nal.sa.ɾaŋ.ha.dʒan.a.jo]
초월한 다의성이,7,[tʃʰo.wʌl.han.ta.ɯi.sʌŋ.i],[tʃʰo.wʌl.han.da.ɯi.sʌŋ.i]
믿어준 사람은,7,[mit̚.ʌ.tʃun.sa.ɾam.ɯn],[mit̚.ʌ.dʒun.sa.ɾam.ɯn]
날 사랑하지 않는다,7,[nal.sa.ɾaŋ.ha.tʃi.an.nɯn.ta],[nal.sa.ɾaŋ.ha.dʒi.an.nɯn.ta]
믿어줄 수,7,[mit̚.ʌ.tʃul.su],[mit̚.ʌ.dʒul.su]
초음파 방향,7,[tʃʰo.ɯm.pʰa.paŋ.hjaŋ],[tʃʰo.ɯm.pʰa.baŋ.hjaŋ]
날 사랑하지 않을,7,[nal.sa.ɾaŋ.ha.tʃi.an.ɯl],[nal.sa.ɾaŋ.ha.dʒi.an.ɯl]
계속 지켜볼 겁니다,7,[kje.sok̚.tʃi.kʰjʌ.pol.kʌp̚.ni.ta],[gje.sok̚.dʒi.kʰjʌ.bol.gʌp̚.ni.da]
초인종 누르고,7,[tʃʰo.in.tʃoŋ.nu.ɾɯ.ko],[tʃʰo.in.tʃoŋ.nu.ɾɯ.go]
날 사랑하지만,7,[nal.sa.ɾaŋ.ha.tʃi.man],[nal.sa.ɾaŋ.ha.dʒi.man]
믿어지지 않는군,7,[mit̚.ʌ.tʃi.tʃi.an.nɯŋ.kun],[mit̚.ʌ.dʒi.dʒi.an.nɯŋ.kun]
초자연 현상을,7,[tʃʰo.tʃa.jʌn.hjʌn.saŋ.ɯl],[tʃʰo.dʒa.jʌn.hjʌn.saŋ.ɯl]
믿어지지 않는군요,7,[mit̚.ʌ.tʃi.tʃi.an.nɯŋ.kun.jo],[mit̚.ʌ.dʒi.dʒi.an.nɯŋ.kun.jo]
초자연적 현상을,7,[tʃʰo.tʃa.jʌn.tʃʌk̚.hjʌn.saŋ.ɯl],[tʃʰo.dʒa.jʌn.tʃʌk̚.hjʌn.saŋ.ɯl]
곳을 찾고 있다,7,[kot̚.ɯl.tʃʰat̚.ko.it̚.ta],[got̚.ɯl.tʃʰat̚.ko.it̚.ta]
초창기 그리스,7,[tʃʰo.tʃʰaŋ.ki.kɯ.ɾi.sɯ],[tʃʰo.tʃʰaŋ.gi.gɯ.ɾi.sɯ]
초창기 그리스 문학에,7,[tʃʰo.tʃʰaŋ.ki.kɯ.ɾi.sɯ.mun.hak̚.e],[tʃʰo.tʃʰaŋ.gi.gɯ.ɾi.sɯ.mun.hak̚.e]
초창기 그리스 문학에 대해,7,[tʃʰo.tʃʰaŋ.ki.kɯ.ɾi.sɯ.mun.hak̚.e.tɛ.hɛ],[tʃʰo.tʃʰaŋ.gi.gɯ.ɾi.sɯ.mun.hak̚.e.dɛ.hɛ]
초청 강연을,7,[tʃʰo.tʃʰʌŋ.kaŋ.jʌn.ɯl],[tʃʰo.tʃʰʌŋ.gaŋ.jʌn.ɯl]
갑자기 그 여자가,7,[kap̚.tʃa.ki.kɯ.jʌ.tʃa.ka],[gap̚.tʃa.gi.gɯ.jʌ.dʒa.ga]
한사람이 조각상을 녹여서,7,[han.sa.ɾam.i.tʃo.kak̚.saŋ.ɯl.lok̚.jʌ.sʌ],[han.sa.ɾam.i.dʒo.gak̚.saŋ.ɯl.lok̚.jʌ.sʌ]
초콜릿 아몬드,7,[tʃʰo.kʰol.ɾit̚.a.mon.tɯ],[tʃʰo.kʰol.ɾit̚.a.mon.tɯ]
믿었다는 거야,7,[mit̚.ʌt̚.ta.nɯŋ.kʌ.ja],[mit̚.ʌt̚.ta.nɯn.gʌ.ja]
부하가 아냐,7,[pu.ha.ka.a.nja],[bu.ha.ga.a.nja]
믿었던 모든 게,7,[mit̚.ʌt̚.tʌn.mo.tɯŋ.ke],[mit̚.ʌt̚.tʌn.mo.dɯn.ge]
날 사랑해 주는,7,[nal.sa.ɾaŋ.hɛ.tʃu.nɯn],[nal.sa.ɾaŋ.hɛ.dʒu.nɯn]
한숨 돌리게,7,[han.sun.tol.ɾi.ke],[han.sum.dol.ɾi.ge]
믿었어 근데,7,[mit̚.ʌt̚.ʌ.kɯn.te],[mit̚.ʌt̚.ʌ.gɯn.te]
믿었어 난,7,[mit̚.ʌt̚.ʌ.nan],[mit̚.ʌt̚.ʌ.nan]
촌스러운 게,7,[tʃʰon.sɯ.ɾʌ.uŋ.ke],[tʃʰon.sɯ.ɾʌ.un.ge]
믿었어 내가,7,[mit̚.ʌt̚.ʌ.nɛ.ka],[mit̚.ʌt̚.ʌ.nɛ.ga]
날 사랑해줘,7,[nal.sa.ɾaŋ.hɛ.tʃwʌ],[nal.sa.ɾaŋ.hɛ.dʒwʌ]
믿었어 네,7,[mit̚.ʌt̚.ʌ.ne],[mit̚.ʌt̚.ʌ.ne]
촛불을 켜고,7,[tʃʰot̚.pul.ɯl.kʰjʌ.ko],[tʃʰot̚.pul.ɯl.kʰjʌ.go]
믿었어 왜,7,[mit̚.ʌt̚.ʌ.wɛ],[mit̚.ʌt̚.ʌ.wɛ]
총 거래를,7,[tʃʰoŋ.kʌ.ɾɛ.ɾɯl],[tʃʰoŋ.gʌ.ɾɛ.ɾɯl]
날 사랑했다면,7,[nal.sa.ɾaŋ.hɛt̚.ta.mjʌn],[nal.sa.ɾaŋ.hɛt̚.ta.mjʌn]
확인이 필요하다,7,[hwak̚.in.i.pʰil.jo.ha.ta],[hwak̚.in.i.pʰil.jo.ha.da]
총 그리고,7,[tʃʰoŋ.kɯ.ɾi.ko],[tʃʰoŋ.gɯ.ɾi.go]
계속 진행하세요,7,[kje.sok̚.tʃin.hɛŋ.ha.se.jo],[gje.sok̚.dʒin.hɛŋ.ha.se.jo]
믿었을 때,7,[mit̚.ʌt̚.ɯl.t͈ɛ],[mit̚.ʌt̚.ɯl.t͈ɛ]
믿었죠 하지만,7,[mit̚.ʌt̚.tʃjo.ha.tʃi.man],[mit̚.ʌt̚.tʃjo.ha.dʒi.man]
갈 거야 뭐라고,7,[kal.kʌ.ja.mwʌ.ɾa.ko],[gal.gʌ.ja.mwʌ.ɾa.go]
날 사랑했지,7,[nal.sa.ɾaŋ.hɛt̚.tʃi],[nal.sa.ɾaŋ.hɛt̚.tʃi]
총 내려놓지,7,[tʃʰoŋ.nɛ.ɾjʌ.not̚.tʃi],[tʃʰoŋ.nɛ.ɾjʌ.not̚.tʃi]
믿으라고 하는,7,[mit̚.ɯ.ɾa.ko.ha.nɯn],[mit̚.ɯ.ɾa.go.ha.nɯn]
날 산채로,7,[nal.san.tʃʰɛ.ɾo],[nal.san.tʃʰɛ.ɾo]
믿으라고 했잖아,7,[mit̚.ɯ.ɾa.ko.hɛt̚.tʃan.a],[mit̚.ɯ.ɾa.go.hɛt̚.tʃan.a]
날 살려 준,7,[nal.sal.ɾjʌ.tʃun],[nal.sal.ɾjʌ.dʒun]
총 두 자루,7,[tʃʰoŋ.tu.tʃa.ɾu],[tʃʰoŋ.du.dʒa.ɾu]
믿으란 말이야,7,[mit̚.ɯ.ɾan.mal.i.ja],[mit̚.ɯ.ɾan.mal.i.ja]
I''ve just been,7,,
총 맞는 건,7,[tʃʰoŋ.mat̚.nɯŋ.kʌn],[tʃʰoŋ.mat̚.nɯn.gʌn]
이 땀 좀 봐,7,[i.t͈an.tʃom.pwa],[i.t͈am.dʒom.bwa]
총 맞아 죽는,7,[tʃʰoŋ.mat̚.a.tʃuk̚.nɯn],[tʃʰoŋ.mat̚.a.dʒuk̚.nɯn]
이 딸을,7,[i.t͈al.ɯl],[i.t͈al.ɯl]
All about,7,,
한시도 눈을,7,[han.si.to.nun.ɯl],[han.si.do.nun.ɯl]
믿으세요 제가,7,[mit̚.ɯ.se.jo.tʃe.ka],[mit̚.ɯ.se.jo.dʒe.ga]
총 맞은 사람,7,[tʃʰoŋ.mat̚.ɯn.sa.ɾam],[tʃʰoŋ.mat̚.ɯn.sa.ɾam]
are a lot,7,,
총 맞을까 봐,7,[tʃʰoŋ.mat̚.ɯl.k͈a.pwa],[tʃʰoŋ.mat̚.ɯl.k͈a.bwa]
믿으셔야 돼요,7,[mit̚.ɯ.sjʌ.ja.twɛ.jo],[mit̚.ɯ.sjʌ.ja.dwɛ.jo]
총 몇 발,7,[tʃʰoŋ.mjʌt̚.pal],[tʃʰoŋ.mjʌt̚.bal]
총 몇 명이지,7,[tʃʰoŋ.mjʌt̚.mjʌŋ.i.tʃi],[tʃʰoŋ.mjʌt̚.mjʌŋ.i.dʒi]
이 땅에 다시,7,[i.t͈aŋ.e.ta.si],[i.t͈aŋ.e.da.si]
총 버려 당장,7,[tʃʰom.pʌ.ɾjʌ.taŋ.tʃaŋ],[tʃʰoŋ.bʌ.ɾjʌ.daŋ.dʒaŋ]
총 버려라,7,[tʃʰom.pʌ.ɾjʌ.ɾa],[tʃʰoŋ.bʌ.ɾjʌ.ɾa]
총 뽑아,7,[tʃʰom.p͈op̚.a],[tʃʰom.p͈op̚.a]
믿은 거,7,[mit̚.ɯŋ.kʌ],[mit̚.ɯn.gʌ]
총 쏘기 전에,7,[tʃʰoŋ.s͈o.ki.tʃʌn.e],[tʃʰoŋ.s͈o.gi.dʒʌn.e]
계속 쫓아올,7,[kje.sok̚.tʃ͈ot̚.a.ol],[gje.sok̚.tʃ͈ot̚.a.ol]
믿은 거예요,7,[mit̚.ɯŋ.kʌ.je.jo],[mit̚.ɯn.gʌ.je.jo]
날 새,7,[nal.sɛ],[nal.sɛ]
총 쏘는 소리,7,[tʃʰoŋ.s͈o.nɯn.so.ɾi],[tʃʰoŋ.s͈o.nɯn.so.ɾi]
믿은 겁니다,7,[mit̚.ɯŋ.kʌp̚.ni.ta],[mit̚.ɯn.gʌp̚.ni.da]
총 쏜 거,7,[tʃʰoŋ.s͈oŋ.kʌ],[tʃʰoŋ.s͈on.gʌ]
총 쏜 사람,7,[tʃʰoŋ.s͈on.sa.ɾam],[tʃʰoŋ.s͈on.sa.ɾam]
총 쏴도,7,[tʃʰoŋ.s͈wa.to],[tʃʰoŋ.s͈wa.do]
갈 거야 알아,7,[kal.kʌ.ja.al.a],[gal.gʌ.ja.al.a]
믿을 거고,7,[mit̚.ɯl.kʌ.ko],[mit̚.ɯl.gʌ.go]
날 선택하지,7,[nal.sʌn.tʰɛk̚.ha.tʃi],[nal.sʌn.tʰɛk̚.ha.dʒi]
날 선택한 게,7,[nal.sʌn.tʰɛk̚.haŋ.ke],[nal.sʌn.tʰɛk̚.han.ge]
총 있잖아,7,[tʃʰoŋ.it̚.tʃan.a],[tʃʰoŋ.it̚.tʃan.a]
갈 거야 알았어요,7,[kal.kʌ.ja.al.at̚.ʌ.jo],[gal.gʌ.ja.al.at̚.ʌ.jo]
한은 없어요,7,[han.ɯn.ʌp̚.ʌ.jo],[han.ɯn.ʌp̚.ʌ.jo]
총 집어,7,[tʃʰoŋ.tʃip̚.ʌ],[tʃʰoŋ.dʒip̚.ʌ]
믿을 게 못 돼요,7,[mit̚.ɯl.ke.mot̚.twɛ.jo],[mit̚.ɯl.ge.mot̚.dwɛ.jo]
총 치우라고,7,[tʃʰoŋ.tʃʰi.u.ɾa.ko],[tʃʰoŋ.tʃʰi.u.ɾa.go]
보네요 맞아요,7,[po.ne.jo.mat̚.a.jo],[bo.ne.jo.mat̚.a.jo]
믿을 때까지,7,[mit̚.ɯl.t͈ɛ.k͈a.tʃi],[mit̚.ɯl.t͈ɛ.k͈a.dʒi]
믿을 만하고,7,[mit̚.ɯl.man.ha.ko],[mit̚.ɯl.man.ha.go]
총각 파티도,7,[tʃʰoŋ.kak̚.pʰa.tʰi.to],[tʃʰoŋ.gak̚.pʰa.tʰi.do]
총각 파티야,7,[tʃʰoŋ.kak̚.pʰa.tʰi.ja],[tʃʰoŋ.gak̚.pʰa.tʰi.ja]
날 설득하려는,7,[nal.sʌl.tɯk̚.ha.ɾjʌ.nɯn],[nal.sʌl.tɯk̚.ha.ɾjʌ.nɯn]
한이 있어도요,7,[han.i.it̚.ʌ.to.jo],[han.i.it̚.ʌ.do.jo]
한자리에 모여서,7,[han.tʃa.ɾi.e.mo.jʌ.sʌ],[han.tʃa.ɾi.e.mo.jʌ.sʌ]
총격 사건과,7,[tʃʰoŋ.kjʌk̚.sa.kʌŋ.kwa],[tʃʰoŋ.gjʌk̚.sa.gʌŋ.kwa]
믿을 만한 게,7,[mit̚.ɯl.man.haŋ.ke],[mit̚.ɯl.man.han.ge]
총격 사건에 대한,7,[tʃʰoŋ.kjʌk̚.sa.kʌn.e.tɛ.han],[tʃʰoŋ.gjʌk̚.sa.gʌn.e.dɛ.han]
총격 사건에 대해,7,[tʃʰoŋ.kjʌk̚.sa.kʌn.e.tɛ.hɛ],[tʃʰoŋ.gjʌk̚.sa.gʌn.e.dɛ.hɛ]
계속 찾아 봐,7,[kje.sok̚.tʃʰat̚.a.pwa],[gje.sok̚.tʃʰat̚.a.bwa]
총격 사건으로,7,[tʃʰoŋ.kjʌk̚.sa.kʌn.ɯ.ɾo],[tʃʰoŋ.gjʌk̚.sa.gʌn.ɯ.ɾo]
믿을 만한 사람에게,7,[mit̚.ɯl.man.han.sa.ɾam.e.ke],[mit̚.ɯl.man.han.sa.ɾam.e.ge]
갈 거야 어서,7,[kal.kʌ.ja.ʌ.sʌ],[gal.gʌ.ja.ʌ.sʌ]
총격을 가했다,7,[tʃʰoŋ.kjʌk̚.ɯl.ka.hɛt̚.ta],[tʃʰoŋ.gjʌk̚.ɯl.ga.hɛt̚.ta]
믿을 만한 사람한테,7,[mit̚.ɯl.man.han.sa.ɾam.han.tʰe],[mit̚.ɯl.man.han.sa.ɾam.han.tʰe]
날 설득해서,7,[nal.sʌl.tɯk̚.hɛ.sʌ],[nal.sʌl.tɯk̚.hɛ.sʌ]
한잔 같이,7,[han.tʃaŋ.kat̚.i],[han.tʃan.gat̚.i]
총격이 있었고,7,[tʃʰoŋ.kjʌk̚.i.it̚.ʌt̚.ko],[tʃʰoŋ.gjʌk̚.i.it̚.ʌt̚.ko]
총격이 있었어,7,[tʃʰoŋ.kjʌk̚.i.it̚.ʌt̚.ʌ],[tʃʰoŋ.gjʌk̚.i.it̚.ʌt̚.ʌ]
믿을 만한 정보가,7,[mit̚.ɯl.man.han.tʃʌm.po.ka],[mit̚.ɯl.man.han.dʒʌŋ.bo.ga]
총격전이 있었어요,7,[tʃʰoŋ.kjʌk̚.tʃʌn.i.it̚.ʌt̚.ʌ.jo],[tʃʰoŋ.gjʌk̚.tʃʌn.i.it̚.ʌt̚.ʌ.jo]
총과 같은,7,[tʃʰoŋ.kwa.kat̚.ɯn],[tʃʰoŋ.gwa.gat̚.ɯn]
총과 함께,7,[tʃʰoŋ.kwa.ham.k͈e],[tʃʰoŋ.gwa.ham.k͈e]
한잔 더요,7,[han.tʃan.tʌ.jo],[han.tʃan.dʌ.jo]
총구를 들이대고,7,[tʃʰoŋ.ku.ɾɯl.tɯl.i.tɛ.ko],[tʃʰoŋ.gu.ɾɯl.dɯl.i.dɛ.go]
총기 구매,7,[tʃʰoŋ.ki.ku.mɛ],[tʃʰoŋ.gi.gu.mɛ]
믿을 사람을,7,[mit̚.ɯl.sa.ɾam.ɯl],[mit̚.ɯl.sa.ɾam.ɯl]
날 속였구나,7,[nal.sok̚.jʌt̚.ku.na],[nal.sok̚.jʌt̚.ku.na]
총기 단속국이다,7,[tʃʰoŋ.ki.tan.sok̚.kuk̚.i.ta],[tʃʰoŋ.gi.dan.sok̚.kuk̚.i.da]
날 속였다고,7,[nal.sok̚.jʌt̚.ta.ko],[nal.sok̚.jʌt̚.ta.go]
총기 소지로,7,[tʃʰoŋ.ki.so.tʃi.ɾo],[tʃʰoŋ.gi.so.dʒi.ɾo]
총기 폭력,7,[tʃʰoŋ.ki.pʰok̚.ɾjʌk̚],[tʃʰoŋ.gi.pʰok̚.ɾjʌk̚]
갈 거야 올리버에게,7,[kal.kʌ.ja.ol.ɾi.pʌ.e.ke],[gal.gʌ.ja.ol.ɾi.bʌ.e.ge]
총도 없어,7,[tʃʰoŋ.to.ʌp̚.ʌ],[tʃʰoŋ.do.ʌp̚.ʌ]
of a sudden,7,,
믿을 수 없어 내,7,[mit̚.ɯl.su.ʌp̚.ʌ.nɛ],[mit̚.ɯl.su.ʌp̚.ʌ.nɛ]
믿을 수 없어 내가,7,[mit̚.ɯl.su.ʌp̚.ʌ.nɛ.ka],[mit̚.ɯl.su.ʌp̚.ʌ.nɛ.ga]
이 마을에 서있는,7,[i.ma.ɯl.e.sʌ.it̚.nɯn],[i.ma.ɯl.e.sʌ.it̚.nɯn]
총력을 다해,7,[tʃʰoŋ.ɾjʌk̚.ɯl.ta.hɛ],[tʃʰoŋ.ɾjʌk̚.ɯl.da.hɛ]
갈 거야 올리버에게 발굴한,7,[kal.kʌ.ja.ol.ɾi.pʌ.e.ke.pal.kul.han],[gal.gʌ.ja.ol.ɾi.bʌ.e.ge.bal.kul.han]
믿을 수 없을 거야,7,[mit̚.ɯl.su.ʌp̚.ɯl.kʌ.ja],[mit̚.ɯl.su.ʌp̚.ɯl.gʌ.ja]
날 속이진,7,[nal.sok̚.i.tʃin],[nal.sok̚.i.dʒin]
날 속인 거,7,[nal.sok̚.iŋ.kʌ],[nal.sok̚.in.gʌ]
계속 찾아야 해,7,[kje.sok̚.tʃʰat̚.a.ja.hɛ],[gje.sok̚.tʃʰat̚.a.ja.hɛ]
총성이 울려 퍼진다,7,[tʃʰoŋ.sʌŋ.i.ul.ɾjʌ.pʰʌ.tʃin.ta],[tʃʰoŋ.sʌŋ.i.ul.ɾjʌ.pʰʌ.dʒin.ta]
계속 찾아요,7,[kje.sok̚.tʃʰat̚.a.jo],[gje.sok̚.tʃʰat̚.a.jo]
날 속인 건,7,[nal.sok̚.iŋ.kʌn],[nal.sok̚.in.gʌn]
이 마음,7,[i.ma.ɯm],[i.ma.ɯm]
총소리가 들리면,7,[tʃʰoŋ.so.ɾi.ka.tɯl.ɾi.mjʌn],[tʃʰoŋ.so.ɾi.ga.dɯl.ɾi.mjʌn]
날 속일 생각은,7,[nal.sok̚.il.sɛŋ.kak̚.ɯn],[nal.sok̚.il.sɛŋ.gak̚.ɯn]
총알 없어,7,[tʃʰoŋ.al.ʌp̚.ʌ],[tʃʰoŋ.al.ʌp̚.ʌ]
총알 파편,7,[tʃʰoŋ.al.pʰa.pʰjʌn],[tʃʰoŋ.al.pʰa.pʰjʌn]
of air,7,,
믿을 수 있었다,7,[mit̚.ɯl.su.it̚.ʌt̚.ta],[mit̚.ɯl.su.it̚.ʌt̚.ta]
갈 거야 음,7,[kal.kʌ.ja.ɯm],[gal.gʌ.ja.ɯm]
총알을 넣어,7,[tʃʰoŋ.al.ɯl.lʌt̚.ʌ],[tʃʰoŋ.al.ɯl.lʌt̚.ʌ]
총알을 맞았다,7,[tʃʰoŋ.al.ɯl.mat̚.at̚.ta],[tʃʰoŋ.al.ɯl.mat̚.at̚.ta]
믿을 수가 없구만,7,[mit̚.ɯl.su.ka.ʌp̚.ku.man],[mit̚.ɯl.su.ga.ʌp̚.ku.man]
믿을 수가 없다고,7,[mit̚.ɯl.su.ka.ʌp̚.ta.ko],[mit̚.ɯl.su.ga.ʌp̚.ta.go]
날 수 있다고 믿어,7,[nal.su.it̚.ta.ko.mit̚.ʌ],[nal.su.it̚.ta.go.mit̚.ʌ]
총알이 더,7,[tʃʰoŋ.al.i.tʌ],[tʃʰoŋ.al.i.dʌ]
계속 쳐다봐,7,[kje.sok̚.tʃʰjʌ.ta.pwa],[gje.sok̚.tʃʰjʌ.da.bwa]
총알이 발사되었다,7,[tʃʰoŋ.al.i.pal.sa.twe.ʌt̚.ta],[tʃʰoŋ.al.i.bal.sa.dwe.ʌt̚.ta]
총알이 빗발치는,7,[tʃʰoŋ.al.i.pit̚.pal.tʃʰi.nɯn],[tʃʰoŋ.al.i.bit̚.pal.tʃʰi.nɯn]
총알이 박힐 거야,7,[tʃʰoŋ.al.i.pak̚.hil.kʌ.ja],[tʃʰoŋ.al.i.bak̚.hil.gʌ.ja]
날 수 있도록,7,[nal.su.it̚.to.ɾok̚],[nal.su.it̚.to.ɾok̚]
총에 맞게,7,[tʃʰoŋ.e.mat̚.ke],[tʃʰoŋ.e.mat̚.ke]
이 말썽꾸러기,7,[i.mal.s͈ʌŋ.k͈u.ɾʌ.ki],[i.mal.s͈ʌŋ.k͈u.ɾʌ.gi]
믿을 수있다,7,[mit̚.ɯl.su.it̚.ta],[mit̚.ɯl.su.it̚.ta]
날 수 있죠,7,[nal.su.it̚.tʃjo],[nal.su.it̚.tʃjo]
믿을 순 없죠,7,[mit̚.ɯl.sun.ʌp̚.tʃjo],[mit̚.ɯl.sun.ʌp̚.tʃjo]
날 수도 있고,7,[nal.su.to.it̚.ko],[nal.su.do.it̚.ko]
총에 맞았다고요,7,[tʃʰoŋ.e.mat̚.at̚.ta.ko.jo],[tʃʰoŋ.e.mat̚.at̚.ta.go.jo]
of all this,7,,
계속 침묵을,7,[kje.sok̚.tʃʰim.muk̚.ɯl],[gje.sok̚.tʃʰim.muk̚.ɯl]
날 순,7,[nal.sun],[nal.sun]
총에 맞은 사람이,7,[tʃʰoŋ.e.mat̚.ɯn.sa.ɾam.i],[tʃʰoŋ.e.mat̚.ɯn.sa.ɾam.i]
총에 맞을 때,7,[tʃʰoŋ.e.mat̚.ɯl.t͈ɛ],[tʃʰoŋ.e.mat̚.ɯl.t͈ɛ]
총에서 떨어져,7,[tʃʰoŋ.e.sʌ.t͈ʌl.ʌ.tʃjʌ],[tʃʰoŋ.e.sʌ.t͈ʌl.ʌ.dʒjʌ]
총에서 손 떼,7,[tʃʰoŋ.e.sʌ.son.t͈e],[tʃʰoŋ.e.sʌ.son.t͈e]
날 스스로,7,[nal.sɯ.sɯ.ɾo],[nal.sɯ.sɯ.ɾo]
총으로 사람을,7,[tʃʰoŋ.ɯ.ɾo.sa.ɾam.ɯl],[tʃʰoŋ.ɯ.ɾo.sa.ɾam.ɯl]
날 슬프게 해,7,[nal.sɯl.pʰɯ.ke.hɛ],[nal.sɯl.pʰɯ.ge.hɛ]
총으로 죽이지 않는다,7,[tʃʰoŋ.ɯ.ɾo.tʃuk̚.i.tʃi.an.nɯn.ta],[tʃʰoŋ.ɯ.ɾo.dʒuk̚.i.dʒi.an.nɯn.ta]
총은 갖고,7,[tʃʰoŋ.ɯŋ.kat̚.ko],[tʃʰoŋ.ɯn.gat̚.ko]
총은 내려놓고,7,[tʃʰoŋ.ɯn.nɛ.ɾjʌ.not̚.ko],[tʃʰoŋ.ɯn.nɛ.ɾjʌ.not̚.ko]
믿을진 모르겠지만,7,[mit̚.ɯl.tʃin.mo.ɾɯ.ket̚.tʃi.man],[mit̚.ɯl.tʃin.mo.ɾɯ.get̚.tʃi.man]
갈 거야 절대,7,[kal.kʌ.ja.tʃʌl.tɛ],[gal.gʌ.ja.dʒʌl.tɛ]
of all those,7,,
총은 우리가,7,[tʃʰoŋ.ɯn.u.ɾi.ka],[tʃʰoŋ.ɯn.u.ɾi.ga]
계속 파다,7,[kje.sok̚.pʰa.ta],[gje.sok̚.pʰa.da]
날 실망시켜서 걜,7,[nal.sil.maŋ.si.kʰjʌ.sʌ.kjɛl],[nal.sil.maŋ.si.kʰjʌ.sʌ.gjɛl]
날 실망시켜서 걜 죽일,7,[nal.sil.maŋ.si.kʰjʌ.sʌ.kjɛl.tʃuk̚.il],[nal.sil.maŋ.si.kʰjʌ.sʌ.gjɛl.dʒuk̚.il]
총을 가져가,7,[tʃʰoŋ.ɯl.ka.tʃjʌ.ka],[tʃʰoŋ.ɯl.ga.dʒjʌ.ga]
총을 가져다,7,[tʃʰoŋ.ɯl.ka.tʃjʌ.ta],[tʃʰoŋ.ɯl.ga.dʒjʌ.da]
계속 파고,7,[kje.sok̚.pʰa.ko],[gje.sok̚.pʰa.go]
계속 파봐,7,[kje.sok̚.pʰa.pwa],[gje.sok̚.pʰa.bwa]
믿음을 가져야 해,7,[mit̚.ɯm.ɯl.ka.tʃjʌ.ja.hɛ],[mit̚.ɯm.ɯl.ga.dʒjʌ.ja.hɛ]
믿음을 가질,7,[mit̚.ɯm.ɯl.ka.tʃil],[mit̚.ɯm.ɯl.ga.dʒil]
갈 거야 좋아,7,[kal.kʌ.ja.tʃot̚.a],[gal.gʌ.ja.dʒot̚.a]
날 실망시킨 적이,7,[nal.sil.maŋ.si.kʰin.tʃʌk̚.i],[nal.sil.maŋ.si.kʰin.dʒʌk̚.i]
믿음을 저버리는,7,[mit̚.ɯm.ɯl.tʃʌ.pʌ.ɾi.nɯn],[mit̚.ɯm.ɯl.dʒʌ.bʌ.ɾi.nɯn]
총을 겨누며,7,[tʃʰoŋ.ɯl.kjʌ.nu.mjʌ],[tʃʰoŋ.ɯl.gjʌ.nu.mjʌ]
총을 겨누면서,7,[tʃʰoŋ.ɯl.kjʌ.nu.mjʌn.sʌ],[tʃʰoŋ.ɯl.gjʌ.nu.mjʌn.sʌ]
갈 거야 좋은,7,[kal.kʌ.ja.tʃot̚.ɯn],[gal.gʌ.ja.dʒot̚.ɯn]
총을 겨눴다고,7,[tʃʰoŋ.ɯl.kjʌ.nwʌt̚.ta.ko],[tʃʰoŋ.ɯl.gjʌ.nwʌt̚.ta.go]
총을 겨눴을 때,7,[tʃʰoŋ.ɯl.kjʌ.nwʌt̚.ɯl.t͈ɛ],[tʃʰoŋ.ɯl.gjʌ.nwʌt̚.ɯl.t͈ɛ]
총을 그,7,[tʃʰoŋ.ɯl.kɯ],[tʃʰoŋ.ɯl.gɯ]
총을 꺼내려,7,[tʃʰoŋ.ɯl.k͈ʌ.nɛ.ɾjʌ],[tʃʰoŋ.ɯl.k͈ʌ.nɛ.ɾjʌ]
총을 나한테,7,[tʃʰoŋ.ɯl.la.han.tʰe],[tʃʰoŋ.ɯl.la.han.tʰe]
총을 난사했어요,7,[tʃʰoŋ.ɯl.lan.sa.hɛt̚.ʌ.jo],[tʃʰoŋ.ɯl.lan.sa.hɛt̚.ʌ.jo]
총을 내려놓을,7,[tʃʰoŋ.ɯl.lɛ.ɾjʌ.not̚.ɯl],[tʃʰoŋ.ɯl.lɛ.ɾjʌ.not̚.ɯl]
믿음이 우리,7,[mit̚.ɯm.i.u.ɾi],[mit̚.ɯm.i.u.ɾi]
믿음이 있어야,7,[mit̚.ɯm.i.it̚.ʌ.ja],[mit̚.ɯm.i.it̚.ʌ.ja]
날 싫어하는걸,7,[nal.sil.ʌ.ha.nɯŋ.kʌl],[nal.sil.ʌ.ha.nɯŋ.kʌl]
날 싫어하는 줄 알았다,7,[nal.sil.ʌ.ha.nɯn.tʃul.al.at̚.ta],[nal.sil.ʌ.ha.nɯn.dʒul.al.at̚.ta]
날 싫어하는걸 아느니,7,[nal.sil.ʌ.ha.nɯŋ.kʌl.a.nɯ.ni],[nal.sil.ʌ.ha.nɯŋ.kʌl.a.nɯ.ni]
날 싫어하는걸 아느니 죽는,7,[nal.sil.ʌ.ha.nɯŋ.kʌl.a.nɯ.ni.tʃuk̚.nɯn],[nal.sil.ʌ.ha.nɯŋ.kʌl.a.nɯ.ni.dʒuk̚.nɯn]
총을 들고 있잖아,7,[tʃʰoŋ.ɯl.tɯl.ko.it̚.tʃan.a],[tʃʰoŋ.ɯl.dɯl.ko.it̚.tʃan.a]
믿지 그럼,7,[mit̚.tʃi.kɯ.ɾʌm],[mit̚.tʃi.gɯ.ɾʌm]
총을 들이대고,7,[tʃʰoŋ.ɯl.tɯl.i.tɛ.ko],[tʃʰoŋ.ɯl.dɯl.i.dɛ.go]
날 싫어하는구나,7,[nal.sil.ʌ.ha.nɯŋ.ku.na],[nal.sil.ʌ.ha.nɯŋ.ku.na]
믿지 마라'',7,[mit̚.tʃi.ma.ɾa],[mit̚.tʃi.ma.ɾa]
총을 많이,7,[tʃʰoŋ.ɯl.man.i],[tʃʰoŋ.ɯl.man.i]
총을 맞는,7,[tʃʰoŋ.ɯl.mat̚.nɯn],[tʃʰoŋ.ɯl.mat̚.nɯn]
총을 맞기,7,[tʃʰoŋ.ɯl.mat̚.ki],[tʃʰoŋ.ɯl.mat̚.ki]
믿지 말,7,[mit̚.tʃi.mal],[mit̚.tʃi.mal]
믿지 말라,7,[mit̚.tʃi.mal.ɾa],[mit̚.tʃi.mal.ɾa]
Men of,7,,
총을 맞으면,7,[tʃʰoŋ.ɯl.mat̚.ɯ.mjʌn],[tʃʰoŋ.ɯl.mat̚.ɯ.mjʌn]
총을 머리에,7,[tʃʰoŋ.ɯl.mʌ.ɾi.e],[tʃʰoŋ.ɯl.mʌ.ɾi.e]
총을 바닥에,7,[tʃʰoŋ.ɯl.pa.tak̚.e],[tʃʰoŋ.ɯl.ba.dak̚.e]
날 싫어한다고 생각하면,7,[nal.sil.ʌ.han.ta.ko.sɛŋ.kak̚.ha.mjʌn],[nal.sil.ʌ.han.ta.go.sɛŋ.gak̚.ha.mjʌn]
총을 버려요,7,[tʃʰoŋ.ɯl.pʌ.ɾjʌ.jo],[tʃʰoŋ.ɯl.bʌ.ɾjʌ.jo]
날 싫어한다고 생각하면 견디기,7,[nal.sil.ʌ.han.ta.ko.sɛŋ.kak̚.ha.mjʌŋ.kjʌn.ti.ki],[nal.sil.ʌ.han.ta.go.sɛŋ.gak̚.ha.mjʌn.gjʌn.ti.gi]
갈 거예요 거기서,7,[kal.kʌ.je.jo.kʌ.ki.sʌ],[gal.gʌ.je.jo.gʌ.gi.sʌ]
날 싫어해도,7,[nal.sil.ʌ.hɛ.to],[nal.sil.ʌ.hɛ.do]
총을 사려고,7,[tʃʰoŋ.ɯl.sa.ɾjʌ.ko],[tʃʰoŋ.ɯl.sa.ɾjʌ.go]
총을 사용하지,7,[tʃʰoŋ.ɯl.sa.joŋ.ha.tʃi],[tʃʰoŋ.ɯl.sa.joŋ.ha.dʒi]
총을 살 수,7,[tʃʰoŋ.ɯl.sal.su],[tʃʰoŋ.ɯl.sal.su]
믿지 못하실,7,[mit̚.tʃi.mot̚.ha.sil],[mit̚.tʃi.mot̚.ha.sil]
계속 하도록,7,[kje.sok̚.ha.to.ɾok̚],[gje.sok̚.ha.do.ɾok̚]
총을 쏘거나,7,[tʃʰoŋ.ɯl.s͈o.kʌ.na],[tʃʰoŋ.ɯl.s͈o.gʌ.na]
총을 쏘겠지,7,[tʃʰoŋ.ɯl.s͈o.ket̚.tʃi],[tʃʰoŋ.ɯl.s͈o.get̚.tʃi]
날 심문하는,7,[nal.sim.mun.ha.nɯn],[nal.sim.mun.ha.nɯn]
총을 쏘고 있어요,7,[tʃʰoŋ.ɯl.s͈o.ko.it̚.ʌ.jo],[tʃʰoŋ.ɯl.s͈o.go.it̚.ʌ.jo]
총을 쏘기도,7,[tʃʰoŋ.ɯl.s͈o.ki.to],[tʃʰoŋ.ɯl.s͈o.gi.do]
계속 하렴,7,[kje.sok̚.ha.ɾjʌm],[gje.sok̚.ha.ɾjʌm]
계속 하면,7,[kje.sok̚.ha.mjʌn],[gje.sok̚.ha.mjʌn]
총을 쏜 사람,7,[tʃʰoŋ.ɯl.s͈on.sa.ɾam],[tʃʰoŋ.ɯl.s͈on.sa.ɾam]
총을 쏜다면,7,[tʃʰoŋ.ɯl.s͈on.ta.mjʌn],[tʃʰoŋ.ɯl.s͈on.ta.mjʌn]
총을 쏠 거예요,7,[tʃʰoŋ.ɯl.s͈ol.kʌ.je.jo],[tʃʰoŋ.ɯl.s͈ol.gʌ.je.jo]
믿지 않는 것 같아,7,[mit̚.tʃi.an.nɯŋ.kʌt̚.kat̚.a],[mit̚.tʃi.an.nɯn.gʌt̚.gat̚.a]
날 쏘려고 했어,7,[nal.s͈o.ɾjʌ.ko.hɛt̚.ʌ],[nal.s͈o.ɾjʌ.go.hɛt̚.ʌ]
총을 쐈잖아요,7,[tʃʰoŋ.ɯl.s͈wat̚.tʃan.a.jo],[tʃʰoŋ.ɯl.s͈wat̚.tʃan.a.jo]
날 쏙,7,[nal.s͈ok̚],[nal.s͈ok̚]
믿지 않아 난,7,[mit̚.tʃi.an.a.nan],[mit̚.tʃi.an.a.nan]
총을 주는,7,[tʃʰoŋ.ɯl.tʃu.nɯn],[tʃʰoŋ.ɯl.dʒu.nɯn]
총을 좀,7,[tʃʰoŋ.ɯl.tʃom],[tʃʰoŋ.ɯl.dʒom]
갈 거예요 내가,7,[kal.kʌ.je.jo.nɛ.ka],[gal.gʌ.je.jo.nɛ.ga]
계속 한다면,7,[kje.sok̚.han.ta.mjʌn],[gje.sok̚.han.ta.mjʌn]
날 쏠 때,7,[nal.s͈ol.t͈ɛ],[nal.s͈ol.t͈ɛ]
총을 찾았어요,7,[tʃʰoŋ.ɯl.tʃʰat̚.at̚.ʌ.jo],[tʃʰoŋ.ɯl.tʃʰat̚.at̚.ʌ.jo]
총을 찾았어,7,[tʃʰoŋ.ɯl.tʃʰat̚.at̚.ʌ],[tʃʰoŋ.ɯl.tʃʰat̚.at̚.ʌ]
날 쏠 수,7,[nal.s͈ol.su],[nal.s͈ol.su]
날 쏠거야,7,[nal.s͈ol.kʌ.ja],[nal.s͈ol.kʌ.ja]
총을 판,7,[tʃʰoŋ.ɯl.pʰan],[tʃʰoŋ.ɯl.pʰan]
총을 하나,7,[tʃʰoŋ.ɯl.ha.na],[tʃʰoŋ.ɯl.ha.na]
날 쏴도,7,[nal.s͈wa.to],[nal.s͈wa.do]
총이 고장,7,[tʃʰoŋ.i.ko.tʃaŋ],[tʃʰoŋ.i.go.dʒaŋ]
of beer on,7,,
날 쏴야,7,[nal.s͈wa.ja],[nal.s͈wa.ja]
총이 없잖아요,7,[tʃʰoŋ.i.ʌp̚.tʃan.a.jo],[tʃʰoŋ.i.ʌp̚.tʃan.a.jo]
믿지 않으시는,7,[mit̚.tʃi.an.ɯ.si.nɯn],[mit̚.tʃi.an.ɯ.si.nɯn]
총이 여기,7,[tʃʰoŋ.i.jʌ.ki],[tʃʰoŋ.i.jʌ.gi]
날 쐈을,7,[nal.s͈wat̚.ɯl],[nal.s͈wat̚.ɯl]
총이 있는데,7,[tʃʰoŋ.i.it̚.nɯn.te],[tʃʰoŋ.i.it̚.nɯn.te]
한판 해,7,[ham.pʰan.hɛ],[ham.pʰan.hɛ]
총이 있죠,7,[tʃʰoŋ.i.it̚.tʃjo],[tʃʰoŋ.i.it̚.tʃjo]
보는 남자가,7,[po.nɯn.nan.tʃa.ka],[bo.nɯn.nan.tʃa.ga]
날 아낀다고,7,[nal.a.k͈in.ta.ko],[nal.a.k͈in.ta.go]
총잡이 중,7,[tʃʰoŋ.tʃap̚.i.tʃuŋ],[tʃʰoŋ.dʒap̚.i.dʒuŋ]
이 명단,7,[i.mjʌŋ.tan],[i.mjʌŋ.dan]
내 팔자가,7,[nɛ.pʰal.tʃa.ka],[nɛ.pʰal.tʃa.ga]
날 아내가,7,[nal.a.nɛ.ka],[nal.a.nɛ.ga]
날 아나,7,[nal.a.na],[nal.a.na]
촬영 금지,7,[tʃʰwal.jʌŋ.kɯn.tʃi],[tʃʰwal.jʌŋ.gɯn.tʃi]
촬영 끝,7,[tʃʰwal.jʌŋ.k͈ɯt̚],[tʃʰwal.jʌŋ.k͈ɯt̚]
믿지는 않지만,7,[mit̚.tʃi.nɯn.an.tʃi.man],[mit̚.tʃi.nɯn.an.tʃi.man]
날 아내로,7,[nal.a.nɛ.ɾo],[nal.a.nɛ.ɾo]
촬영 좀,7,[tʃʰwal.jʌŋ.tʃom],[tʃʰwal.jʌŋ.dʒom]
믿지도 않아요,7,[mit̚.tʃi.to.an.a.jo],[mit̚.tʃi.do.an.a.jo]
가는 걸 본,7,[ka.nɯŋ.kʌl.pon],[ga.nɯn.gʌl.bon]
날 아는 사람은,7,[nal.a.nɯn.sa.ɾam.ɯn],[nal.a.nɯn.sa.ɾam.ɯn]
촬영 팀이,7,[tʃʰwal.jʌŋ.tʰim.i],[tʃʰwal.jʌŋ.tʰim.i]
of beer on the,7,,
촬영을 마치고,7,[tʃʰwal.jʌŋ.ɯl.ma.tʃʰi.ko],[tʃʰwal.jʌŋ.ɯl.ma.tʃʰi.go]
are both,7,,
밀가루 한,7,[mil.ka.ɾu.han],[mil.ka.ɾu.han]
촬영한 겁니다,7,[tʃʰwal.jʌŋ.haŋ.kʌp̚.ni.ta],[tʃʰwal.jʌŋ.han.gʌp̚.ni.da]
날 아버지,7,[nal.a.pʌ.tʃi],[nal.a.bʌ.dʒi]
촬영할 겁니다,7,[tʃʰwal.jʌŋ.hal.kʌp̚.ni.ta],[tʃʰwal.jʌŋ.hal.gʌp̚.ni.da]
촬영할 땐,7,[tʃʰwal.jʌŋ.hal.t͈ɛn],[tʃʰwal.jʌŋ.hal.t͈ɛn]
밀고 밀어서,7,[mil.ko.mil.ʌ.sʌ],[mil.ko.mil.ʌ.sʌ]
최 변호사,7,[tʃʰwe.pjʌn.ho.sa],[tʃʰwe.bjʌn.ho.sa]
최 선생님,7,[tʃʰwe.sʌn.sɛŋ.nim],[tʃʰwe.sʌn.sɛŋ.nim]
최 주임,7,[tʃʰwe.tʃu.im],[tʃʰwe.dʒu.im]
밀라다 호라코바,7,[mil.ɾa.ta.ho.ɾa.kʰo.pa],[mil.ɾa.da.ho.ɾa.kʰo.ba]
최 팀장이,7,[tʃʰwe.tʰin.tʃaŋ.i],[tʃʰwe.tʰin.tʃaŋ.i]
날 아침에도,7,[nal.a.tʃʰim.e.to],[nal.a.tʃʰim.e.do]
밀란 담지는,7,[mil.ɾan.tan.tʃi.nɯn],[mil.ɾan.dan.tʃi.nɯn]
날 아침엔,7,[nal.a.tʃʰim.en],[nal.a.tʃʰim.en]
최고 경영자로,7,[tʃʰwe.ko.kjʌŋ.jʌŋ.tʃa.ɾo],[tʃʰwe.go.gjʌŋ.jʌŋ.dʒa.ɾo]
날 아프게 할 수,7,[nal.a.pʰɯ.ke.hal.su],[nal.a.pʰɯ.ge.hal.su]
최고 기록,7,[tʃʰwe.ko.ki.ɾok̚],[tʃʰwe.go.gi.ɾok̚]
날 악당으로,7,[nal.ak̚.taŋ.ɯ.ɾo],[nal.ak̚.taŋ.ɯ.ɾo]
최고 속도,7,[tʃʰwe.ko.sok̚.to],[tʃʰwe.go.sok̚.to]
최고 속도가,7,[tʃʰwe.ko.sok̚.to.ka],[tʃʰwe.go.sok̚.to.ga]
할 거다 이,7,[hal.kʌ.ta.i],[hal.gʌ.da.i]
날 안 믿어,7,[nal.an.mit̚.ʌ],[nal.an.mit̚.ʌ]
갈 거지만,7,[kal.kʌ.tʃi.man],[gal.gʌ.dʒi.man]
날 안 믿었어,7,[nal.an.mit̚.ʌt̚.ʌ],[nal.an.mit̚.ʌt̚.ʌ]
할 거라고 그럼,7,[hal.kʌ.ɾa.ko.kɯ.ɾʌm],[hal.gʌ.ɾa.go.gɯ.ɾʌm]
날 안 믿을,7,[nal.an.mit̚.ɯl],[nal.an.mit̚.ɯl]
갑자기 나타난 초대형,7,[kap̚.tʃa.ki.na.tʰa.nan.tʃʰo.tɛ.hjʌŋ],[gap̚.tʃa.gi.na.tʰa.nan.tʃʰo.dɛ.hjʌŋ]
할 거라고 생각한,7,[hal.kʌ.ɾa.ko.sɛŋ.kak̚.han],[hal.gʌ.ɾa.go.sɛŋ.gak̚.han]
최고 중 한 명이다,7,[tʃʰwe.ko.tʃuŋ.han.mjʌŋ.i.ta],[tʃʰwe.go.dʒuŋ.han.mjʌŋ.i.da]
할 거라고 확신해,7,[hal.kʌ.ɾa.ko.hwak̚.sin.hɛ],[hal.gʌ.ɾa.go.hwak̚.sin.hɛ]
계속 확인,7,[kje.sok̚.hwak̚.in],[gje.sok̚.hwak̚.in]
할 거란 건,7,[hal.kʌ.ɾaŋ.kʌn],[hal.gʌ.ɾan.gʌn]
계속 화를,7,[kje.sok̚.hwa.ɾɯl],[gje.sok̚.hwa.ɾɯl]
최고라고 생각하는,7,[tʃʰwe.ko.ɾa.ko.sɛŋ.kak̚.ha.nɯn],[tʃʰwe.go.ɾa.go.sɛŋ.gak̚.ha.nɯn]
최고라고 했잖아요,7,[tʃʰwe.ko.ɾa.ko.hɛt̚.tʃan.a.jo],[tʃʰwe.go.ɾa.go.hɛt̚.tʃan.a.jo]
날 안다는,7,[nal.an.ta.nɯn],[nal.an.ta.nɯn]
최고로 똑똑한,7,[tʃʰwe.ko.ɾo.t͈ok̚.t͈ok̚.han],[tʃʰwe.go.ɾo.t͈ok̚.t͈ok̚.han]
최고야 그,7,[tʃʰwe.ko.ja.kɯ],[tʃʰwe.go.ja.gɯ]
최고야 그런데,7,[tʃʰwe.ko.ja.kɯ.ɾʌn.te],[tʃʰwe.go.ja.gɯ.ɾʌn.te]
날 안아준,7,[nal.an.a.tʃun],[nal.an.a.dʒun]
최고야 나도,7,[tʃʰwe.ko.ja.na.to],[tʃʰwe.go.ja.na.do]
날 안아줘,7,[nal.an.a.tʃwʌ],[nal.an.a.dʒwʌ]
최고야 네가,7,[tʃʰwe.ko.ja.ne.ka],[tʃʰwe.go.ja.ne.ga]
최고야 이제,7,[tʃʰwe.ko.ja.i.tʃe],[tʃʰwe.go.ja.i.dʒe]
밀린 일,7,[mil.ɾin.il],[mil.ɾin.il]
최고예요 고마워요,7,[tʃʰwe.ko.je.jo.ko.ma.wʌ.jo],[tʃʰwe.go.je.jo.go.ma.wʌ.jo]
밀봉되어 절대,7,[mil.poŋ.twe.ʌ.tʃʌl.tɛ],[mil.poŋ.dwe.ʌ.dʒʌl.tɛ]
밀봉되어 절대 뚫을 수,7,[mil.poŋ.twe.ʌ.tʃʌl.tɛ.t͈ul.ɯl.su],[mil.poŋ.dwe.ʌ.dʒʌl.tɛ.t͈ul.ɯl.su]
밀봉되어 절대 뚫을,7,[mil.poŋ.twe.ʌ.tʃʌl.tɛ.t͈ul.ɯl],[mil.poŋ.dwe.ʌ.dʒʌl.tɛ.t͈ul.ɯl]
최고의 것을,7,[tʃʰwe.ko.ɯi.kʌt̚.ɯl],[tʃʰwe.go.ɯi.gʌt̚.ɯl]
최고의 결혼은,7,[tʃʰwe.ko.ɯi.kjʌl.hon.ɯn],[tʃʰwe.go.ɯi.gjʌl.hon.ɯn]
최고의 결정을,7,[tʃʰwe.ko.ɯi.kjʌl.tʃʌŋ.ɯl],[tʃʰwe.go.ɯi.gjʌl.tʃʌŋ.ɯl]
최고의 경험,7,[tʃʰwe.ko.ɯi.kjʌŋ.hʌm],[tʃʰwe.go.ɯi.gjʌŋ.hʌm]
밀스 부인,7,[mil.sɯ.pu.in],[mil.sɯ.bu.in]
날 알기나,7,[nal.al.ki.na],[nal.al.ki.na]
최고의 기회를,7,[tʃʰwe.ko.ɯi.ki.hwe.ɾɯl],[tʃʰwe.go.ɯi.gi.hwe.ɾɯl]
날 알아보는,7,[nal.al.a.po.nɯn],[nal.al.a.bo.nɯn]
최고의 남자가,7,[tʃʰwe.ko.ɯi.nan.tʃa.ka],[tʃʰwe.go.ɯi.nan.tʃa.ga]
최고의 남자를,7,[tʃʰwe.ko.ɯi.nan.tʃa.ɾɯl],[tʃʰwe.go.ɯi.nan.tʃa.ɾɯl]
날 알아보지,7,[nal.al.a.po.tʃi],[nal.al.a.bo.dʒi]
갈 건데 너도,7,[kal.kʌn.te.nʌ.to],[gal.gʌn.te.nʌ.do]
of cold,7,,
최고의 변호사가,7,[tʃʰwe.ko.ɯi.pjʌn.ho.sa.ka],[tʃʰwe.go.ɯi.bjʌn.ho.sa.ga]
보는 이를 갈망하게,7,[po.nɯn.i.ɾɯl.kal.maŋ.ha.ke],[bo.nɯn.i.ɾɯl.gal.maŋ.ha.ge]
밀어 버릴,7,[mil.ʌ.pʌ.ɾil],[mil.ʌ.bʌ.ɾil]
최고의 부동산,7,[tʃʰwe.ko.ɯi.pu.toŋ.san],[tʃʰwe.go.ɯi.bu.doŋ.san]
최고의 사람,7,[tʃʰwe.ko.ɯi.sa.ɾam],[tʃʰwe.go.ɯi.sa.ɾam]
계속돼야 합니다,7,[kje.sok̚.twɛ.ja.hap̚.ni.ta],[gje.sok̚.twɛ.ja.hap̚.ni.da]
밀어 줘,7,[mil.ʌ.tʃwʌ],[mil.ʌ.dʒwʌ]
밀어내고 있어,7,[mil.ʌ.nɛ.ko.it̚.ʌ],[mil.ʌ.nɛ.go.it̚.ʌ]
최고의 선물,7,[tʃʰwe.ko.ɯi.sʌn.mul],[tʃʰwe.go.ɯi.sʌn.mul]
최고의 선물이에요,7,[tʃʰwe.ko.ɯi.sʌn.mul.i.e.jo],[tʃʰwe.go.ɯi.sʌn.mul.i.e.jo]
날 알지도 못하잖아요,7,[nal.al.tʃi.to.mot̚.ha.tʃan.a.jo],[nal.al.tʃi.do.mot̚.ha.dʒan.a.jo]
최고의 선택이,7,[tʃʰwe.ko.ɯi.sʌn.tʰɛk̚.i],[tʃʰwe.go.ɯi.sʌn.tʰɛk̚.i]
밀어낼 거야,7,[mil.ʌ.nɛl.kʌ.ja],[mil.ʌ.nɛl.gʌ.ja]
확인해야 했거든,7,[hwak̚.in.hɛ.ja.hɛt̚.kʌ.tɯn],[hwak̚.in.hɛ.ja.hɛt̚.kʌ.dɯn]
최고의 쓰레기,7,[tʃʰwe.ko.ɯi.s͈ɯ.ɾe.ki],[tʃʰwe.go.ɯi.s͈ɯ.ɾe.gi]
날 어둠,7,[nal.ʌ.tum],[nal.ʌ.dum]
밀어붙일 수,7,[mil.ʌ.put̚.il.su],[mil.ʌ.but̚.il.su]
최고의 여름,7,[tʃʰwe.ko.ɯi.jʌ.ɾɯm],[tʃʰwe.go.ɯi.jʌ.ɾɯm]
최고의 일이,7,[tʃʰwe.ko.ɯi.il.i],[tʃʰwe.go.ɯi.il.i]
최고의 주말이,7,[tʃʰwe.ko.ɯi.tʃu.mal.i],[tʃʰwe.go.ɯi.dʒu.mal.i]
보는데 너무,7,[po.nɯn.te.nʌ.mu],[bo.nɯn.te.nʌ.mu]
최고의 치킨,7,[tʃʰwe.ko.ɯi.tʃʰi.kʰin],[tʃʰwe.go.ɯi.tʃʰi.kʰin]
할 거야 어디,7,[hal.kʌ.ja.ʌ.ti],[hal.gʌ.ja.ʌ.di]
계속되어 왔다,7,[kje.sok̚.twe.ʌ.wat̚.ta],[gje.sok̚.twe.ʌ.wat̚.ta]
날 어디에,7,[nal.ʌ.ti.e],[nal.ʌ.di.e]
최고의 팀,7,[tʃʰwe.ko.ɯi.tʰim],[tʃʰwe.go.ɯi.tʰim]
밀튼 의원님,7,[mil.tʰɯn.ɯi.wʌn.nim],[mil.tʰɯn.ɯi.wʌn.nim]
날 어떻게 막을,7,[nal.ʌ.t͈ʌt̚.ke.mak̚.ɯl],[nal.ʌ.t͈ʌt̚.ke.mak̚.ɯl]
최고의 하루를,7,[tʃʰwe.ko.ɯi.ha.ɾu.ɾɯl],[tʃʰwe.go.ɯi.ha.ɾu.ɾɯl]
최고의 퍼포먼스,7,[tʃʰwe.ko.ɯi.pʰʌ.pʰo.mʌn.sɯ],[tʃʰwe.go.ɯi.pʰʌ.pʰo.mʌn.sɯ]
최고의 홍보,7,[tʃʰwe.ko.ɯi.hom.po],[tʃʰwe.go.ɯi.hoŋ.bo]
밋첼 한나,7,[mit̚.tʃʰel.han.na],[mit̚.tʃʰel.han.na]
보니 갑자기,7,[po.ni.kap̚.tʃa.ki],[bo.ni.gap̚.tʃa.gi]
밋첼 한나 앤더슨 스티븐,7,[mit̚.tʃʰel.han.na.ɛn.tʌ.sɯn.sɯ.tʰi.pɯn],[mit̚.tʃʰel.han.na.ɛn.tʌ.sɯn.sɯ.tʰi.bɯn]
밍 선수,7,[miŋ.sʌn.su],[miŋ.sʌn.su]
밍 선수는,7,[miŋ.sʌn.su.nɯn],[miŋ.sʌn.su.nɯn]
날 어떻게 생각할지,7,[nal.ʌ.t͈ʌt̚.ke.sɛŋ.kak̚.hal.tʃi],[nal.ʌ.t͈ʌt̚.ke.sɛŋ.gak̚.hal.tʃi]
최근 내가,7,[tʃʰwe.kɯn.nɛ.ka],[tʃʰwe.gɯn.nɛ.ga]
날 어떻게 알지,7,[nal.ʌ.t͈ʌt̚.ke.al.tʃi],[nal.ʌ.t͈ʌt̚.ke.al.tʃi]
이 목걸이를 걸고 다녔어,7,[i.mok̚.kʌl.i.ɾɯl.kʌl.ko.ta.njʌt̚.ʌ],[i.mok̚.kʌl.i.ɾɯl.gʌl.ko.da.njʌt̚.ʌ]
계속될 것,7,[kje.sok̚.twel.kʌt̚],[gje.sok̚.twel.gʌt̚]
최근 여론,7,[tʃʰwe.kɯn.jʌ.ɾon],[tʃʰwe.gɯn.jʌ.ɾon]
of course not,7,,
및 또는,7,[mit̚.t͈o.nɯn],[mit̚.t͈o.nɯn]
계속될 것이다,7,[kje.sok̚.twel.kʌt̚.i.ta],[gje.sok̚.twel.gʌt̚.i.da]
날 어떻게 할지,7,[nal.ʌ.t͈ʌt̚.ke.hal.tʃi],[nal.ʌ.t͈ʌt̚.ke.hal.tʃi]
할 거야 필요한,7,[hal.kʌ.ja.pʰil.jo.han],[hal.gʌ.ja.pʰil.jo.han]
최근 제가,7,[tʃʰwe.kɯn.tʃe.ka],[tʃʰwe.gɯn.dʒe.ga]
최근 통화,7,[tʃʰwe.kɯn.tʰoŋ.hwa],[tʃʰwe.gɯn.tʰoŋ.hwa]
최근 피해자,7,[tʃʰwe.kɯm.pʰi.hɛ.tʃa],[tʃʰwe.gɯm.pʰi.hɛ.dʒa]
최근에 다른,7,[tʃʰwe.kɯn.e.ta.ɾɯn],[tʃʰwe.gɯn.e.da.ɾɯn]
및 수용자,7,[mit̚.su.joŋ.tʃa],[mit̚.su.joŋ.dʒa]
최근에 뭔가,7,[tʃʰwe.kɯn.e.mwʌŋ.ka],[tʃʰwe.gɯn.e.mwʌŋ.ka]
최근에 새로운,7,[tʃʰwe.kɯn.e.sɛ.ɾo.un],[tʃʰwe.gɯn.e.sɛ.ɾo.un]
및 압수,7,[mit̚.ap̚.su],[mit̚.ap̚.su]
of course you''re,7,,
및 약물 장면을,7,[mit̚.jak̚.mul.tʃaŋ.mjʌn.ɯl],[mit̚.jak̚.mul.dʒaŋ.mjʌn.ɯl]
갈 것 같네,7,[kal.kʌt̚.kat̚.ne],[gal.gʌt̚.gat̚.ne]
및 약물 장면을 포함하고,7,[mit̚.jak̚.mul.tʃaŋ.mjʌn.ɯl.pʰo.ham.ha.ko],[mit̚.jak̚.mul.dʒaŋ.mjʌn.ɯl.pʰo.ham.ha.go]
최근에 연락한,7,[tʃʰwe.kɯn.e.jʌl.lak̚.han],[tʃʰwe.gɯn.e.jʌl.lak̚.han]
날 엄마가,7,[nal.ʌm.ma.ka],[nal.ʌm.ma.ga]
최근에 이런,7,[tʃʰwe.kɯn.e.i.ɾʌn],[tʃʰwe.gɯn.e.i.ɾʌn]
최근에 자주,7,[tʃʰwe.kɯn.e.tʃa.tʃu],[tʃʰwe.gɯn.e.dʒa.dʒu]
날 없는,7,[nal.ʌp̚.nɯn],[nal.ʌp̚.nɯn]
최근에 힘든,7,[tʃʰwe.kɯn.e.hin.tɯn],[tʃʰwe.gɯn.e.hin.tɯn]
이 무기들을 다시,7,[i.mu.ki.tɯl.ɯl.ta.si],[i.mu.gi.dɯl.ɯl.da.si]
최대 마약,7,[tʃʰwe.tɛ.ma.jak̚],[tʃʰwe.dɛ.ma.jak̚]
날 없앨,7,[nal.ʌp̚.ɛl],[nal.ʌp̚.ɛl]
및 제어 방법,7,[mit̚.tʃe.ʌ.pam.pʌp̚],[mit̚.dʒe.ʌ.baŋ.bʌp̚]
및 제어 방법 서민의,7,[mit̚.tʃe.ʌ.pam.pʌp̚.sʌ.min.ɯi],[mit̚.dʒe.ʌ.baŋ.bʌp̚.sʌ.min.ɯi]
계속하는 거예요,7,[kje.sok̚.ha.nɯŋ.kʌ.je.jo],[gje.sok̚.ha.nɯn.gʌ.je.jo]
최대한 길게,7,[tʃʰwe.tɛ.haŋ.kil.ke],[tʃʰwe.dɛ.han.gil.ke]
최대한 도움을,7,[tʃʰwe.tɛ.han.to.um.ɯl],[tʃʰwe.dɛ.han.do.um.ɯl]
및 화재,7,[mit̚.hwa.tʃɛ],[mit̚.hwa.dʒɛ]
밑 빠진 독에,7,[mit̚.p͈a.tʃin.tok̚.e],[mit̚.p͈a.dʒin.dok̚.e]
최대한 말이야,7,[tʃʰwe.tɛ.han.mal.i.ja],[tʃʰwe.dɛ.han.mal.i.ja]
날 여기 붙잡아,7,[nal.jʌ.ki.put̚.tʃap̚.a],[nal.jʌ.gi.but̚.tʃap̚.a]
날 여기 붙잡아 둘,7,[nal.jʌ.ki.put̚.tʃap̚.a.tul],[nal.jʌ.gi.but̚.tʃap̚.a.dul]
밑바닥 인생을,7,[mit̚.pa.tak̚.in.sɛŋ.ɯl],[mit̚.pa.dak̚.in.sɛŋ.ɯl]
밑바닥에 숨겨진,7,[mit̚.pa.tak̚.e.sum.kjʌ.tʃin],[mit̚.pa.dak̚.e.sum.kjʌ.dʒin]
밑바닥에 숨겨진 의미는,7,[mit̚.pa.tak̚.e.sum.kjʌ.tʃin.ɯi.mi.nɯn],[mit̚.pa.dak̚.e.sum.kjʌ.dʒin.ɯi.mi.nɯn]
밑바닥에 숨겨진 의미는 그,7,[mit̚.pa.tak̚.e.sum.kjʌ.tʃin.ɯi.mi.nɯŋ.kɯ],[mit̚.pa.dak̚.e.sum.kjʌ.dʒin.ɯi.mi.nɯn.gɯ]
밑바닥에 있는,7,[mit̚.pa.tak̚.e.it̚.nɯn],[mit̚.pa.dak̚.e.it̚.nɯn]
최대한 빨리 다시,7,[tʃʰwe.tɛ.ham.p͈al.ɾi.ta.si],[tʃʰwe.dɛ.ham.p͈al.ɾi.da.si]
밑에 계세요,7,[mit̚.e.kje.se.jo],[mit̚.e.gje.se.jo]
계속하다 보면,7,[kje.sok̚.ha.ta.po.mjʌn],[gje.sok̚.ha.da.bo.mjʌn]
최대한 빨리 여기로,7,[tʃʰwe.tɛ.ham.p͈al.ɾi.jʌ.ki.ɾo],[tʃʰwe.dɛ.ham.p͈al.ɾi.jʌ.gi.ɾo]
계속하세요 네,7,[kje.sok̚.ha.se.jo.ne],[gje.sok̚.ha.se.jo.ne]
최대한 빨리 왔다,7,[tʃʰwe.tɛ.ham.p͈al.ɾi.wat̚.ta],[tʃʰwe.dɛ.ham.p͈al.ɾi.wat̚.ta]
최대한 빨리 왔습니다,7,[tʃʰwe.tɛ.ham.p͈al.ɾi.wat̚.sɯp̚.ni.ta],[tʃʰwe.dɛ.ham.p͈al.ɾi.wat̚.sɯp̚.ni.da]
이 문구를,7,[i.muŋ.ku.ɾɯl],[i.muŋ.ku.ɾɯl]
아니야 구역에서 대피하십시오 즉시,7,[a.ni.ja.ku.jʌk̚.e.sʌ.tɛ.pʰi.ha.sip̚.si.o.tʃɯk̚.si],[a.ni.ja.gu.jʌk̚.e.sʌ.dɛ.pʰi.ha.sip̚.si.o.dʒɯk̚.si]
날 여기로 보냈어요,7,[nal.jʌ.ki.ɾo.po.nɛt̚.ʌ.jo],[nal.jʌ.gi.ɾo.bo.nɛt̚.ʌ.jo]
최대한 자연스럽게,7,[tʃʰwe.tɛ.han.tʃa.jʌn.sɯ.ɾʌp̚.ke],[tʃʰwe.dɛ.han.dʒa.jʌn.sɯ.ɾʌp̚.ke]
계속하세요 전,7,[kje.sok̚.ha.se.jo.tʃʌn],[gje.sok̚.ha.se.jo.dʒʌn]
최대한 좋은,7,[tʃʰwe.tɛ.han.tʃot̚.ɯn],[tʃʰwe.dɛ.han.dʒot̚.ɯn]
최대한 편하게,7,[tʃʰwe.tɛ.ham.pʰjʌn.ha.ke],[tʃʰwe.dɛ.ham.pʰjʌn.ha.ge]
밑에 서,7,[mit̚.e.sʌ],[mit̚.e.sʌ]
관한 거였죠,7,[kwan.haŋ.kʌ.jʌt̚.tʃjo],[gwan.han.gʌ.jʌt̚.tʃjo]
최루 가스를,7,[tʃʰwe.ɾu.ka.sɯ.ɾɯl],[tʃʰwe.ɾu.ga.sɯ.ɾɯl]
최루탄이 펑펑,7,[tʃʰwe.ɾu.tʰan.i.pʰʌm.pʰʌŋ],[tʃʰwe.ɾu.tʰan.i.pʰʌm.pʰʌŋ]
이 문에,7,[i.mun.e],[i.mun.e]
밑에 숨어 있는,7,[mit̚.e.sum.ʌ.it̚.nɯn],[mit̚.e.sum.ʌ.it̚.nɯn]
계속하지 않으면,7,[kje.sok̚.ha.tʃi.an.ɯ.mjʌn],[gje.sok̚.ha.dʒi.an.ɯ.mjʌn]
할 겁니다 난,7,[hal.kʌp̚.ni.ta.nan],[hal.gʌp̚.ni.da.nan]
최무각 순경,7,[tʃʰwe.mu.kak̚.suŋ.kjʌŋ],[tʃʰwe.mu.gak̚.suŋ.kjʌŋ]
최상위 계층의,7,[tʃʰwe.saŋ.wi.kje.tʃʰɯŋ.ɯi],[tʃʰwe.saŋ.wi.gje.tʃʰɯŋ.ɯi]
최상위 계층의 요새라고나,7,[tʃʰwe.saŋ.wi.kje.tʃʰɯŋ.ɯi.jo.sɛ.ɾa.ko.na],[tʃʰwe.saŋ.wi.gje.tʃʰɯŋ.ɯi.jo.sɛ.ɾa.go.na]
최상위 계층의 요새라고나 할까,7,[tʃʰwe.saŋ.wi.kje.tʃʰɯŋ.ɯi.jo.sɛ.ɾa.ko.na.hal.k͈a],[tʃʰwe.saŋ.wi.gje.tʃʰɯŋ.ɯi.jo.sɛ.ɾa.go.na.hal.k͈a]
최상의 시나리오는,7,[tʃʰwe.saŋ.ɯi.si.na.ɾi.o.nɯn],[tʃʰwe.saŋ.ɯi.si.na.ɾi.o.nɯn]
밑에 있는데,7,[mit̚.e.it̚.nɯn.te],[mit̚.e.it̚.nɯn.te]
최선을 다 해,7,[tʃʰwe.sʌn.ɯl.ta.hɛ],[tʃʰwe.sʌn.ɯl.da.hɛ]
최선을 다 했어요,7,[tʃʰwe.sʌn.ɯl.ta.hɛt̚.ʌ.jo],[tʃʰwe.sʌn.ɯl.da.hɛt̚.ʌ.jo]
갈 것이며,7,[kal.kʌt̚.i.mjʌ],[gal.gʌt̚.i.mjʌ]
날 여전히,7,[nal.jʌ.tʃʌn.hi],[nal.jʌ.dʒʌn.hi]
Michael Archangel--,7,,
최선을 다하길,7,[tʃʰwe.sʌn.ɯl.ta.ha.kil],[tʃʰwe.sʌn.ɯl.da.ha.gil]
최선을 다하는 중이야,7,[tʃʰwe.sʌn.ɯl.ta.ha.nɯn.tʃuŋ.i.ja],[tʃʰwe.sʌn.ɯl.da.ha.nɯn.dʒuŋ.i.ja]
최선을 다하라고,7,[tʃʰwe.sʌn.ɯl.ta.ha.ɾa.ko],[tʃʰwe.sʌn.ɯl.da.ha.ɾa.go]
밑에 있잖아,7,[mit̚.e.it̚.tʃan.a],[mit̚.e.it̚.tʃan.a]
밑에 층에,7,[mit̚.e.tʃʰɯŋ.e],[mit̚.e.tʃʰɯŋ.e]
최선을 다할 뿐이야,7,[tʃʰwe.sʌn.ɯl.ta.hal.p͈un.i.ja],[tʃʰwe.sʌn.ɯl.da.hal.p͈un.i.ja]
날 엿먹이고 있어,7,[nal.jʌt̚.mʌk̚.i.ko.it̚.ʌ],[nal.jʌt̚.mʌk̚.i.go.it̚.ʌ]
밑에서 날,7,[mit̚.e.sʌ.nal],[mit̚.e.sʌ.nal]
최선을 다해 돕겠습니다,7,[tʃʰwe.sʌn.ɯl.ta.hɛ.top̚.ket̚.sɯp̚.ni.ta],[tʃʰwe.sʌn.ɯl.da.hɛ.dop̚.ket̚.sɯp̚.ni.da]
할 것 같아 그,7,[hal.kʌt̚.kat̚.a.kɯ],[hal.gʌt̚.gat̚.a.gɯ]
계속할 수 있다,7,[kje.sok̚.hal.su.it̚.ta],[gje.sok̚.hal.su.it̚.ta]
밑에서 일어나는,7,[mit̚.e.sʌ.il.ʌ.na.nɯn],[mit̚.e.sʌ.il.ʌ.na.nɯn]
갈 게요,7,[kal.ke.jo],[gal.ge.jo]
밑에서 일하고 있어,7,[mit̚.e.sʌ.il.ha.ko.it̚.ʌ],[mit̚.e.sʌ.il.ha.go.it̚.ʌ]
할 것 같아 오,7,[hal.kʌt̚.kat̚.a.o],[hal.gʌt̚.gat̚.a.o]
보니 알겠어,7,[po.ni.al.ket̚.ʌ],[bo.ni.al.ket̚.ʌ]
계속할 수 있습니다,7,[kje.sok̚.hal.su.it̚.sɯp̚.ni.ta],[gje.sok̚.hal.su.it̚.sɯp̚.ni.da]
밑에서 일하는 거지,7,[mit̚.e.sʌ.il.ha.nɯŋ.kʌ.tʃi],[mit̚.e.sʌ.il.ha.nɯn.gʌ.dʒi]
계속할 수 있을,7,[kje.sok̚.hal.su.it̚.ɯl],[gje.sok̚.hal.su.it̚.ɯl]
최선의 방법이라고,7,[tʃʰwe.sʌn.ɯi.pam.pʌp̚.i.ɾa.ko],[tʃʰwe.sʌn.ɯi.baŋ.bʌp̚.i.ɾa.go]
갈 계획이야,7,[kal.kje.hwek̚.i.ja],[gal.gje.hwek̚.i.ja]
최선의 방법입니다,7,[tʃʰwe.sʌn.ɯi.pam.pʌp̚.ip̚.ni.ta],[tʃʰwe.sʌn.ɯi.baŋ.bʌp̚.ip̚.ni.da]
날 완전하게,7,[nal.wan.tʃʌn.ha.ke],[nal.wan.tʃʌn.ha.ge]
할 것 같아요 아니,7,[hal.kʌt̚.kat̚.a.jo.a.ni],[hal.gʌt̚.gat̚.a.jo.a.ni]
밑에서 일한 적,7,[mit̚.e.sʌ.il.han.tʃʌk̚],[mit̚.e.sʌ.il.han.dʒʌk̚]
밑에서 일해야,7,[mit̚.e.sʌ.il.hɛ.ja],[mit̚.e.sʌ.il.hɛ.ja]
계속할 의지는,7,[kje.sok̚.hal.ɯi.tʃi.nɯn],[gje.sok̚.hal.ɯi.dʒi.nɯn]
of dying,7,,
밑에서도 일하지,7,[mit̚.e.sʌ.to.il.ha.tʃi],[mit̚.e.sʌ.do.il.ha.dʒi]
of each,7,,
날 용서하고,7,[nal.joŋ.sʌ.ha.ko],[nal.joŋ.sʌ.ha.go]
최소한 제,7,[tʃʰwe.so.han.tʃe],[tʃʰwe.so.han.dʒe]
환심을 산,7,[hwan.sim.ɯl.san],[hwan.sim.ɯl.san]
계속해 보자,7,[kje.sok̚.hɛ.po.tʃa],[gje.sok̚.hɛ.bo.dʒa]
최신수정버전은 기미갤에서 By,7,[tʃʰwe.sin.su.tʃʌm.pʌ.tʃʌn.ɯŋ.ki.mi.kɛl.e.sʌ],[tʃʰwe.sin.su.dʒʌŋ.bʌ.dʒʌn.ɯn.gi.mi.gɛl.e.sʌ]
최악의 결정을,7,[tʃʰwe.ak̚.ɯi.kjʌl.tʃʌŋ.ɯl],[tʃʰwe.ak̚.ɯi.gjʌl.tʃʌŋ.ɯl]
밑으론 안,7,[mit̚.ɯ.ɾon.an],[mit̚.ɯ.ɾon.an]
갈 곳도 없어요,7,[kal.kot̚.to.ʌp̚.ʌ.jo],[gal.got̚.to.ʌp̚.ʌ.jo]
날 용서해 줄래,7,[nal.joŋ.sʌ.hɛ.tʃul.ɾɛ],[nal.joŋ.sʌ.hɛ.dʒul.ɾɛ]
밑이나 닦아주지 기적을,7,[mit̚.i.na.tak̚.a.tʃu.tʃi.ki.tʃʌk̚.ɯl],[mit̚.i.na.dak̚.a.dʒu.dʒi.gi.dʒʌk̚.ɯl]
최악의 상황도,7,[tʃʰwe.ak̚.ɯi.saŋ.hwaŋ.to],[tʃʰwe.ak̚.ɯi.saŋ.hwaŋ.do]
최악의 상황에서,7,[tʃʰwe.ak̚.ɯi.saŋ.hwaŋ.e.sʌ],[tʃʰwe.ak̚.ɯi.saŋ.hwaŋ.e.sʌ]
밑져야 본전이죠,7,[mit̚.tʃjʌ.ja.pon.tʃʌn.i.tʃjo],[mit̚.tʃjʌ.ja.bon.tʃʌn.i.dʒjo]
날 용서해라,7,[nal.joŋ.sʌ.hɛ.ɾa],[nal.joŋ.sʌ.hɛ.ɾa]
날 용서해요,7,[nal.joŋ.sʌ.hɛ.jo],[nal.joŋ.sʌ.hɛ.jo]
날 용서해주게,7,[nal.joŋ.sʌ.hɛ.tʃu.ke],[nal.joŋ.sʌ.hɛ.dʒu.ge]
이 미친 놈아,7,[i.mi.tʃʰin.nom.a],[i.mi.tʃʰin.nom.a]
계속해 이,7,[kje.sok̚.hɛ.i],[gje.sok̚.hɛ.i]
최악의 일,7,[tʃʰwe.ak̚.ɯi.il],[tʃʰwe.ak̚.ɯi.il]
날 용서해줬으면,7,[nal.joŋ.sʌ.hɛ.tʃwʌt̚.ɯ.mjʌn],[nal.joŋ.sʌ.hɛ.dʒwʌt̚.ɯ.mjʌn]
최악이야 내,7,[tʃʰwe.ak̚.i.ja.nɛ],[tʃʰwe.ak̚.i.ja.nɛ]
최악이야 내가,7,[tʃʰwe.ak̚.i.ja.nɛ.ka],[tʃʰwe.ak̚.i.ja.nɛ.ga]
최악인 것,7,[tʃʰwe.ak̚.iŋ.kʌt̚],[tʃʰwe.ak̚.in.gʌt̚]
갈 곳은 한,7,[kal.kot̚.ɯn.han],[gal.got̚.ɯn.han]
최연소 수석,7,[tʃʰwe.jʌn.so.su.sʌk̚],[tʃʰwe.jʌn.so.su.sʌk̚]
최우선 사항은,7,[tʃʰwe.u.sʌn.sa.haŋ.ɯn],[tʃʰwe.u.sʌn.sa.haŋ.ɯn]
최우선 목표는,7,[tʃʰwe.u.sʌn.mok̚.pʰjo.nɯn],[tʃʰwe.u.sʌn.mok̚.pʰjo.nɯn]
최우수 여성,7,[tʃʰwe.u.su.jʌ.sʌŋ],[tʃʰwe.u.su.jʌ.sʌŋ]
계속해서 같은,7,[kje.sok̚.hɛ.sʌ.kat̚.ɯn],[gje.sok̚.hɛ.sʌ.gat̚.ɯn]
날 우습게 보는,7,[nal.u.sɯp̚.ke.po.nɯn],[nal.u.sɯp̚.ke.bo.nɯn]
바 없지,7,[pa.ʌp̚.tʃi],[ba.ʌp̚.tʃi]
최종 진입,7,[tʃʰwe.tʃoŋ.tʃin.ip̚],[tʃʰwe.dʒoŋ.dʒin.ip̚]
날 원망하는,7,[nal.wʌn.maŋ.ha.nɯn],[nal.wʌn.maŋ.ha.nɯn]
날 원망할,7,[nal.wʌn.maŋ.hal],[nal.wʌn.maŋ.hal]
날 원하는 거야,7,[nal.wʌn.ha.nɯŋ.kʌ.ja],[nal.wʌn.ha.nɯn.gʌ.ja]
보니까 그런,7,[po.ni.k͈a.kɯ.ɾʌn],[bo.ni.k͈a.gɯ.ɾʌn]
바가 없는,7,[pa.ka.ʌp̚.nɯn],[ba.ga.ʌp̚.nɯn]
최초의 인간이,7,[tʃʰwe.tʃʰo.ɯi.iŋ.kan.i],[tʃʰwe.tʃʰo.ɯi.iŋ.kan.i]
날 원하지 않는다고,7,[nal.wʌn.ha.tʃi.an.nɯn.ta.ko],[nal.wʌn.ha.dʒi.an.nɯn.ta.go]
최후 수단의,7,[tʃʰwe.hu.su.tan.ɯi],[tʃʰwe.hu.su.dan.ɯi]
of evil,7,,
최후를 위해,7,[tʃʰwe.hu.ɾɯl.wi.hɛ],[tʃʰwe.hu.ɾɯl.wi.hɛ]
내 학교,7,[nɛ.hak̚.kjo],[nɛ.hak̚.kjo]
최후의 만찬을,7,[tʃʰwe.hu.ɯi.man.tʃʰan.ɯl],[tʃʰwe.hu.ɯi.man.tʃʰan.ɯl]
바가지 쓴,7,[pa.ka.tʃi.s͈ɯn],[ba.ga.dʒi.s͈ɯn]
최후의 수단이야,7,[tʃʰwe.hu.ɯi.su.tan.i.ja],[tʃʰwe.hu.ɯi.su.dan.i.ja]
최후의 심판의,7,[tʃʰwe.hu.ɯi.sim.pʰan.ɯi],[tʃʰwe.hu.ɯi.sim.pʰan.ɯi]
최후의 여자가,7,[tʃʰwe.hu.ɯi.jʌ.tʃa.ka],[tʃʰwe.hu.ɯi.jʌ.dʒa.ga]
계속해서 움직여야 할,7,[kje.sok̚.hɛ.sʌ.un.tʃik̚.jʌ.ja.hal],[gje.sok̚.hɛ.sʌ.un.tʃik̚.jʌ.ja.hal]
추가 비용,7,[tʃʰu.ka.pi.joŋ],[tʃʰu.ga.bi.joŋ]
바깥 공기가,7,[pa.k͈at̚.koŋ.ki.ka],[ba.k͈at̚.goŋ.gi.ga]
추가 조사를,7,[tʃʰu.ka.tʃo.sa.ɾɯl],[tʃʰu.ga.dʒo.sa.ɾɯl]
환영합니다 저희는,7,[hwan.jʌŋ.hap̚.ni.ta.tʃʌ.hɯi.nɯn],[hwan.jʌŋ.hap̚.ni.da.dʒʌ.hɯi.nɯn]
이 바보 같은 놈,7,[i.pa.po.kat̚.ɯn.nom],[i.ba.bo.gat̚.ɯn.nom]
그에게 좀,7,[kɯ.e.ke.tʃom],[gɯ.e.ge.dʒom]
추가 할 수,7,[tʃʰu.ka.hal.su],[tʃʰu.ga.hal.su]
계속해야 돼,7,[kje.sok̚.hɛ.ja.twɛ],[gje.sok̚.hɛ.ja.dwɛ]
바깥 세상에선,7,[pa.k͈at̚.se.saŋ.e.sʌn],[ba.k͈at̚.se.saŋ.e.sʌn]
계속해야 한다고,7,[kje.sok̚.hɛ.ja.han.ta.ko],[gje.sok̚.hɛ.ja.han.ta.go]
바깥에 나가서,7,[pa.k͈at̚.e.na.ka.sʌ],[ba.k͈at̚.e.na.ga.sʌ]
추게 될,7,[tʃʰu.ke.twel],[tʃʰu.ge.dwel]
바깥에 무슨,7,[pa.k͈at̚.e.mu.sɯn],[ba.k͈at̚.e.mu.sɯn]
바꾸게 될 거야,7,[pa.k͈u.ke.twel.kʌ.ja],[ba.k͈u.ge.dwel.gʌ.ja]
추구할 수,7,[tʃʰu.ku.hal.su],[tʃʰu.gu.hal.su]
날 위해 내가,7,[nal.wi.hɛ.nɛ.ka],[nal.wi.hɛ.nɛ.ga]
추는 거예요,7,[tʃʰu.nɯŋ.kʌ.je.jo],[tʃʰu.nɯn.gʌ.je.jo]
추는 게,7,[tʃʰu.nɯŋ.ke],[tʃʰu.nɯn.ge]
바꾸고 싶지 않아요,7,[pa.k͈u.ko.sip̚.tʃi.an.a.jo],[ba.k͈u.go.sip̚.tʃi.an.a.jo]
갈 기분,7,[kal.ki.pun],[gal.gi.bun]
날 위해 바다를,7,[nal.wi.hɛ.pa.ta.ɾɯl],[nal.wi.hɛ.ba.da.ɾɯl]
추락한 거야,7,[tʃʰu.ɾak̚.haŋ.kʌ.ja],[tʃʰu.ɾak̚.han.gʌ.ja]
추락한 것,7,[tʃʰu.ɾak̚.haŋ.kʌt̚],[tʃʰu.ɾak̚.han.gʌt̚]
바꾸기 전까진,7,[pa.k͈u.ki.tʃʌŋ.k͈a.tʃin],[ba.k͈u.gi.dʒʌŋ.k͈a.dʒin]
갈 기다,7,[kal.ki.ta],[gal.gi.da]
바꾸기엔 너무,7,[pa.k͈u.ki.en.nʌ.mu],[ba.k͈u.gi.en.nʌ.mu]
추리 소설,7,[tʃʰu.ɾi.so.sʌl],[tʃʰu.ɾi.so.sʌl]
날 위해 이러는,7,[nal.wi.hɛ.i.ɾʌ.nɯn],[nal.wi.hɛ.i.ɾʌ.nɯn]
내가 여기 있다는 것만,7,[nɛ.ka.jʌ.ki.it̚.ta.nɯŋ.kʌt̚.man],[nɛ.ga.jʌ.gi.it̚.ta.nɯn.gʌt̚.man]
추스를 시간이,7,[tʃʰu.sɯ.ɾɯl.si.kan.i],[tʃʰu.sɯ.ɾɯl.si.gan.i]
추악한 면을,7,[tʃʰu.ak̚.han.mjʌn.ɯl],[tʃʰu.ak̚.han.mjʌn.ɯl]
바꾸다니 믿기,7,[pa.k͈u.ta.ni.mit̚.ki],[ba.k͈u.da.ni.mit̚.ki]
바꾸다니 믿기 싫다,7,[pa.k͈u.ta.ni.mit̚.ki.sil.ta],[ba.k͈u.da.ni.mit̚.ki.sil.ta]
바꾸다니 믿기 싫다 좀,7,[pa.k͈u.ta.ni.mit̚.ki.sil.ta.tʃom],[ba.k͈u.da.ni.mit̚.ki.sil.ta.dʒom]
of getting,7,,
할 때 누가,7,[hal.t͈ɛ.nu.ka],[hal.t͈ɛ.nu.ga]
가는 것뿐이야,7,[ka.nɯŋ.kʌt̚.p͈un.i.ja],[ga.nɯn.gʌt̚.p͈un.i.ja]
바꾸려 했던,7,[pa.k͈u.ɾjʌ.hɛt̚.tʌn],[ba.k͈u.ɾjʌ.hɛt̚.tʌn]
날 위해 총알을,7,[nal.wi.hɛ.tʃʰoŋ.al.ɯl],[nal.wi.hɛ.tʃʰoŋ.al.ɯl]
추억이 왕좌를,7,[tʃʰu.ʌk̚.i.waŋ.tʃwa.ɾɯl],[tʃʰu.ʌk̚.i.waŋ.dʒwa.ɾɯl]
날 위해 하는 거야,7,[nal.wi.hɛ.ha.nɯŋ.kʌ.ja],[nal.wi.hɛ.ha.nɯn.gʌ.ja]
추억이 참,7,[tʃʰu.ʌk̚.i.tʃʰam],[tʃʰu.ʌk̚.i.tʃʰam]
바꾸려고 해,7,[pa.k͈u.ɾjʌ.ko.hɛ],[ba.k͈u.ɾjʌ.go.hɛ]
갑자기 말도,7,[kap̚.tʃa.ki.mal.to],[gap̚.tʃa.gi.mal.to]
바꾸려는 건,7,[pa.k͈u.ɾjʌ.nɯŋ.kʌn],[ba.k͈u.ɾjʌ.nɯn.gʌn]
추운 곳에,7,[tʃʰu.uŋ.kot̚.e],[tʃʰu.un.got̚.e]
바꾸면 되잖아,7,[pa.k͈u.mjʌn.twe.tʃan.a],[ba.k͈u.mjʌn.dwe.dʒan.a]
추운 밤,7,[tʃʰu.um.pam],[tʃʰu.un.bam]
바꾸면 될,7,[pa.k͈u.mjʌn.twel],[ba.k͈u.mjʌn.dwel]
추워 나,7,[tʃʰu.wʌ.na],[tʃʰu.wʌ.na]
바꾸면 어떻게,7,[pa.k͈u.mjʌn.ʌ.t͈ʌt̚.ke],[ba.k͈u.mjʌn.ʌ.t͈ʌt̚.ke]
바꾸신 것,7,[pa.k͈u.siŋ.kʌt̚],[ba.k͈u.sin.gʌt̚]
갈 길 가요,7,[kal.kil.ka.jo],[gal.gil.ga.jo]
추위에 떠는 신음,7,[tʃʰu.wi.e.t͈ʌ.nɯn.sin.ɯm],[tʃʰu.wi.e.t͈ʌ.nɯn.sin.ɯm]
갈 길 갈,7,[kal.kil.kal],[gal.gil.gal]
추적 가능해,7,[tʃʰu.tʃʌk̚.ka.nɯŋ.hɛ],[tʃʰu.dʒʌk̚.ga.nɯŋ.hɛ]
바꾸지 못해요,7,[pa.k͈u.tʃi.mot̚.hɛ.jo],[ba.k͈u.dʒi.mot̚.hɛ.jo]
날 위해서 한,7,[nal.wi.hɛ.sʌ.han],[nal.wi.hɛ.sʌ.han]
추적 끝에,7,[tʃʰu.tʃʌk̚.k͈ɯt̚.e],[tʃʰu.dʒʌk̚.k͈ɯt̚.e]
계시는 군요,7,[kje.si.nɯŋ.kun.jo],[gje.si.nɯn.gun.jo]
때 왔던,7,[t͈ɛ.wat̚.tʌn],[t͈ɛ.wat̚.tʌn]
계시는 분들은,7,[kje.si.nɯm.pun.tɯl.ɯn],[gje.si.nɯn.bun.tɯl.ɯn]
이 방에 또,7,[i.paŋ.e.t͈o],[i.baŋ.e.t͈o]
추적 팀이,7,[tʃʰu.tʃʌk̚.tʰim.i],[tʃʰu.dʒʌk̚.tʰim.i]
바꾸진 못해,7,[pa.k͈u.tʃin.mot̚.hɛ],[ba.k͈u.dʒin.mot̚.hɛ]
이 방에 들어올,7,[i.paŋ.e.tɯl.ʌ.ol],[i.baŋ.e.dɯl.ʌ.ol]
바꾸진 않을,7,[pa.k͈u.tʃin.an.ɯl],[ba.k͈u.dʒin.an.ɯl]
추적기를 달았어요,7,[tʃʰu.tʃʌk̚.ki.ɾɯl.tal.at̚.ʌ.jo],[tʃʰu.dʒʌk̚.ki.ɾɯl.dal.at̚.ʌ.jo]
추적당할 수,7,[tʃʰu.tʃʌk̚.taŋ.hal.su],[tʃʰu.dʒʌk̚.taŋ.hal.su]
추적기를 달았어,7,[tʃʰu.tʃʌk̚.ki.ɾɯl.tal.at̚.ʌ],[tʃʰu.dʒʌk̚.ki.ɾɯl.dal.at̚.ʌ]
추적도 못,7,[tʃʰu.tʃʌk̚.to.mot̚],[tʃʰu.dʒʌk̚.to.mot̚]
추적을 못,7,[tʃʰu.tʃʌk̚.ɯl.mot̚],[tʃʰu.dʒʌk̚.ɯl.mot̚]
갈 길로,7,[kal.kil.ɾo],[gal.gil.ɾo]
추적을 피해,7,[tʃʰu.tʃʌk̚.ɯl.pʰi.hɛ],[tʃʰu.dʒʌk̚.ɯl.pʰi.hɛ]
추적이 안 돼,7,[tʃʰu.tʃʌk̚.i.an.twɛ],[tʃʰu.dʒʌk̚.i.an.dwɛ]
추적이 안 됩니다,7,[tʃʰu.tʃʌk̚.i.an.twep̚.ni.ta],[tʃʰu.dʒʌk̚.i.an.dwep̚.ni.da]
날 위협하고,7,[nal.wi.hjʌp̚.ha.ko],[nal.wi.hjʌp̚.ha.go]
바꾼 적,7,[pa.k͈un.tʃʌk̚],[ba.k͈un.dʒʌk̚]
추적하고 있지만,7,[tʃʰu.tʃʌk̚.ha.ko.it̚.tʃi.man],[tʃʰu.dʒʌk̚.ha.go.it̚.tʃi.man]
of heart,7,,
추적하는 거,7,[tʃʰu.tʃʌk̚.ha.nɯŋ.kʌ],[tʃʰu.dʒʌk̚.ha.nɯn.gʌ]
바꿀 거에요,7,[pa.k͈ul.kʌ.e.jo],[ba.k͈ul.gʌ.e.jo]
이 방에서 나가지,7,[i.paŋ.e.sʌ.na.ka.tʃi],[i.baŋ.e.sʌ.na.ga.dʒi]
추적하는 데 도움이 될,7,[tʃʰu.tʃʌk̚.ha.nɯn.te.to.um.i.twel],[tʃʰu.dʒʌk̚.ha.nɯn.de.do.um.i.dwel]
추적한 건,7,[tʃʰu.tʃʌk̚.haŋ.kʌn],[tʃʰu.dʒʌk̚.han.gʌn]
of heaven,7,,
추적할 게,7,[tʃʰu.tʃʌk̚.hal.ke],[tʃʰu.dʒʌk̚.hal.ge]
바꿀 때까지,7,[pa.k͈ul.t͈ɛ.k͈a.tʃi],[ba.k͈ul.t͈ɛ.k͈a.dʒi]
추적할 방법이 없어,7,[tʃʰu.tʃʌk̚.hal.pam.pʌp̚.i.ʌp̚.ʌ],[tʃʰu.dʒʌk̚.hal.baŋ.bʌp̚.i.ʌp̚.ʌ]
바꿀 때마다,7,[pa.k͈ul.t͈ɛ.ma.ta],[ba.k͈ul.t͈ɛ.ma.da]
바꿀 때도,7,[pa.k͈ul.t͈ɛ.to],[ba.k͈ul.t͈ɛ.do]
Might be,7,,
날 의심하는 건,7,[nal.ɯi.sim.ha.nɯŋ.kʌn],[nal.ɯi.sim.ha.nɯn.gʌn]
추적할 수 있을지도 몰라,7,[tʃʰu.tʃʌk̚.hal.su.it̚.ɯl.tʃi.to.mol.ɾa],[tʃʰu.dʒʌk̚.hal.su.it̚.ɯl.tʃi.do.mol.ɾa]
날 의심하지 마,7,[nal.ɯi.sim.ha.tʃi.ma],[nal.ɯi.sim.ha.dʒi.ma]
추적할 테니까,7,[tʃʰu.tʃʌk̚.hal.tʰe.ni.k͈a],[tʃʰu.dʒʌk̚.hal.tʰe.ni.k͈a]
추적해 볼게요,7,[tʃʰu.tʃʌk̚.hɛ.pol.ke.jo],[tʃʰu.dʒʌk̚.hɛ.bol.ke.jo]
바꿀 수 없습니다,7,[pa.k͈ul.su.ʌp̚.sɯp̚.ni.ta],[ba.k͈ul.su.ʌp̚.sɯp̚.ni.da]
바꿀 수 없단,7,[pa.k͈ul.su.ʌp̚.tan],[ba.k͈ul.su.ʌp̚.tan]
날 이 일에,7,[nal.i.il.e],[nal.i.il.e]
I can take,7,,
추정하고 있어,7,[tʃʰu.tʃʌŋ.ha.ko.it̚.ʌ],[tʃʰu.dʒʌŋ.ha.go.it̚.ʌ]
날 이기고,7,[nal.i.ki.ko],[nal.i.gi.go]
바꿀 수 있는지,7,[pa.k͈ul.su.it̚.nɯn.tʃi],[ba.k͈ul.su.it̚.nɯn.tʃi]
바꿀 수 있단,7,[pa.k͈ul.su.it̚.tan],[ba.k͈ul.su.it̚.tan]
날 이긴,7,[nal.i.kin],[nal.i.gin]
할 만큼 했다,7,[hal.maŋ.kʰɯm.hɛt̚.ta],[hal.maŋ.kʰɯm.hɛt̚.ta]
바꿀 수 있으니까,7,[pa.k͈ul.su.it̚.ɯ.ni.k͈a],[ba.k͈ul.su.it̚.ɯ.ni.k͈a]
추천으로 오게 되었어,7,[tʃʰu.tʃʰʌn.ɯ.ɾo.o.ke.twe.ʌt̚.ʌ],[tʃʰu.tʃʰʌn.ɯ.ɾo.o.ge.dwe.ʌt̚.ʌ]
추천으로 오게,7,[tʃʰu.tʃʰʌn.ɯ.ɾo.o.ke],[tʃʰu.tʃʰʌn.ɯ.ɾo.o.ge]
추천해 드려요,7,[tʃʰu.tʃʰʌn.hɛ.tɯ.ɾjʌ.jo],[tʃʰu.tʃʰʌn.hɛ.dɯ.ɾjʌ.jo]
이 배우가,7,[i.pɛ.u.ka],[i.bɛ.u.ga]
추천해 준,7,[tʃʰu.tʃʰʌn.hɛ.tʃun],[tʃʰu.tʃʰʌn.hɛ.dʒun]
바꿀 수도 있어,7,[pa.k͈ul.su.to.it̚.ʌ],[ba.k͈ul.su.do.it̚.ʌ]
추측을 할,7,[tʃʰu.tʃʰɯk̚.ɯl.hal],[tʃʰu.tʃʰɯk̚.ɯl.hal]
추측일 뿐이죠,7,[tʃʰu.tʃʰɯk̚.il.p͈un.i.tʃjo],[tʃʰu.tʃʰɯk̚.il.p͈un.i.dʒjo]
추측하고 있어,7,[tʃʰu.tʃʰɯk̚.ha.ko.it̚.ʌ],[tʃʰu.tʃʰɯk̚.ha.go.it̚.ʌ]
추측하지 마,7,[tʃʰu.tʃʰɯk̚.ha.tʃi.ma],[tʃʰu.tʃʰɯk̚.ha.dʒi.ma]
갈 길이 멀군,7,[kal.kil.i.mʌl.kun],[gal.gil.i.mʌl.kun]
바꿀 아이디어가,7,[pa.k͈ul.a.i.ti.ʌ.ka],[ba.k͈ul.a.i.di.ʌ.ga]
날 이렇게 만들었어요,7,[nal.i.ɾʌt̚.ke.man.tɯl.ʌt̚.ʌ.jo],[nal.i.ɾʌt̚.ke.man.tɯl.ʌt̚.ʌ.jo]
날 이렇게 만들었잖아,7,[nal.i.ɾʌt̚.ke.man.tɯl.ʌt̚.tʃan.a],[nal.i.ɾʌt̚.ke.man.tɯl.ʌt̚.tʃan.a]
추측해 볼,7,[tʃʰu.tʃʰɯk̚.hɛ.pol],[tʃʰu.tʃʰɯk̚.hɛ.bol]
추파를 던진,7,[tʃʰu.pʰa.ɾɯl.tʌn.tʃin],[tʃʰu.pʰa.ɾɯl.dʌn.tʃin]
바꿀 필요는,7,[pa.k͈ul.pʰil.jo.nɯn],[ba.k͈ul.pʰil.jo.nɯn]
추후 법정에서,7,[tʃʰu.hu.pʌp̚.tʃʌŋ.e.sʌ],[tʃʰu.hu.bʌp̚.tʃʌŋ.e.sʌ]
추호도 없어요,7,[tʃʰu.ho.to.ʌp̚.ʌ.jo],[tʃʰu.ho.do.ʌp̚.ʌ.jo]
바꿀까 봐,7,[pa.k͈ul.k͈a.pwa],[ba.k͈ul.k͈a.bwa]
바꿔 놓고,7,[pa.k͈wʌ.not̚.ko],[ba.k͈wʌ.not̚.ko]
축 처져서,7,[tʃʰuk̚.tʃʰʌ.tʃjʌ.sʌ],[tʃʰuk̚.tʃʰʌ.dʒjʌ.sʌ]
of hope,7,,
날 이상한,7,[nal.i.saŋ.han],[nal.i.saŋ.han]
계신 거지,7,[kje.siŋ.kʌ.tʃi],[gje.sin.gʌ.dʒi]
축구 보러,7,[tʃʰuk̚.ku.po.ɾʌ],[tʃʰuk̚.ku.bo.ɾʌ]
축구 시합에,7,[tʃʰuk̚.ku.si.hap̚.e],[tʃʰuk̚.ku.si.hap̚.e]
of his own,7,,
축구 할,7,[tʃʰuk̚.ku.hal],[tʃʰuk̚.ku.hal]
바꿔 달래요,7,[pa.k͈wʌ.tal.ɾɛ.jo],[ba.k͈wʌ.dal.ɾɛ.jo]
날 이용할,7,[nal.i.joŋ.hal],[nal.i.joŋ.hal]
바꿔 보자,7,[pa.k͈wʌ.po.tʃa],[ba.k͈wʌ.bo.dʒa]
바꿔 생각해,7,[pa.k͈wʌ.sɛŋ.kak̚.hɛ],[ba.k͈wʌ.sɛŋ.gak̚.hɛ]
축복이 함께하시길,7,[tʃʰuk̚.pok̚.i.ham.k͈e.ha.si.kil],[tʃʰuk̚.pok̚.i.ham.k͈e.ha.si.gil]
축복하기 위해,7,[tʃʰuk̚.pok̚.ha.ki.wi.hɛ],[tʃʰuk̚.pok̚.ha.gi.wi.hɛ]
바꿔 이,7,[pa.k͈wʌ.i],[ba.k͈wʌ.i]
바꿔 주는,7,[pa.k͈wʌ.tʃu.nɯn],[ba.k͈wʌ.dʒu.nɯn]
축복해 주소서,7,[tʃʰuk̚.pok̚.hɛ.tʃu.so.sʌ],[tʃʰuk̚.pok̚.hɛ.dʒu.so.sʌ]
축을 중심으로,7,[tʃʰuk̚.ɯl.tʃuŋ.sim.ɯ.ɾo],[tʃʰuk̚.ɯl.dʒuŋ.sim.ɯ.ɾo]
축제를 열고,7,[tʃʰuk̚.tʃe.ɾɯl.jʌl.ko],[tʃʰuk̚.tʃe.ɾɯl.jʌl.ko]
축제를 즐길,7,[tʃʰuk̚.tʃe.ɾɯl.tʃɯl.kil],[tʃʰuk̚.tʃe.ɾɯl.dʒɯl.kil]
계신 것 같습니다,7,[kje.siŋ.kʌt̚.kat̚.sɯp̚.ni.ta],[gje.sin.gʌt̚.gat̚.sɯp̚.ni.da]
축하 노래를,7,[tʃʰuk̚.ha.no.ɾɛ.ɾɯl],[tʃʰuk̚.ha.no.ɾɛ.ɾɯl]
축하 메시지,7,[tʃʰuk̚.ha.me.si.tʃi],[tʃʰuk̚.ha.me.si.dʒi]
날 이해하고,7,[nal.i.hɛ.ha.ko],[nal.i.hɛ.ha.go]
축하 파티 하자,7,[tʃʰuk̚.ha.pʰa.tʰi.ha.tʃa],[tʃʰuk̚.ha.pʰa.tʰi.ha.dʒa]
Mind if,7,,
날 이해한다고,7,[nal.i.hɛ.han.ta.ko],[nal.i.hɛ.han.ta.go]
축하 파티라도,7,[tʃʰuk̚.ha.pʰa.tʰi.ɾa.to],[tʃʰuk̚.ha.pʰa.tʰi.ɾa.do]
축하 파티하자,7,[tʃʰuk̚.ha.pʰa.tʰi.ha.tʃa],[tʃʰuk̚.ha.pʰa.tʰi.ha.dʒa]
축하 행사,7,[tʃʰuk̚.ha.hɛŋ.sa],[tʃʰuk̚.ha.hɛŋ.sa]
바꿔보세요 자신을,7,[pa.k͈wʌ.po.se.jo.tʃa.sin.ɯl],[ba.k͈wʌ.bo.se.jo.dʒa.sin.ɯl]
바꿔보세요 자신을 바꿔보세요,7,[pa.k͈wʌ.po.se.jo.tʃa.sin.ɯl.pa.k͈wʌ.po.se.jo],[ba.k͈wʌ.bo.se.jo.dʒa.sin.ɯl.ba.k͈wʌ.bo.se.jo]
바꿔야 하나,7,[pa.k͈wʌ.ja.ha.na],[ba.k͈wʌ.ja.ha.na]
축하하고 싶었어,7,[tʃʰuk̚.ha.ha.ko.sip̚.ʌt̚.ʌ],[tʃʰuk̚.ha.ha.go.sip̚.ʌt̚.ʌ]
바꿔야 하죠,7,[pa.k͈wʌ.ja.ha.tʃjo],[ba.k͈wʌ.ja.ha.dʒjo]
갈 길이야,7,[kal.kil.i.ja],[gal.gil.i.ja]
바꿔야 할 거야,7,[pa.k͈wʌ.ja.hal.kʌ.ja],[ba.k͈wʌ.ja.hal.gʌ.ja]
갈 꺼야,7,[kal.k͈ʌ.ja],[gal.k͈ʌ.ja]
축하하는 자리입니다,7,[tʃʰuk̚.ha.ha.nɯn.tʃa.ɾi.ip̚.ni.ta],[tʃʰuk̚.ha.ha.nɯn.dʒa.ɾi.ip̚.ni.da]
날 일도,7,[nal.il.to],[nal.il.to]
축하하러 온,7,[tʃʰuk̚.ha.ha.ɾʌ.on],[tʃʰuk̚.ha.ha.ɾʌ.on]
축하하면 어때,7,[tʃʰuk̚.ha.ha.mjʌn.ʌ.t͈ɛ],[tʃʰuk̚.ha.ha.mjʌn.ʌ.t͈ɛ]
축하한다고 전해,7,[tʃʰuk̚.ha.han.ta.ko.tʃʌn.hɛ],[tʃʰuk̚.ha.han.ta.go.dʒʌn.hɛ]
of humor,7,,
축하한다는 말을,7,[tʃʰuk̚.ha.han.ta.nɯn.mal.ɯl],[tʃʰuk̚.ha.han.ta.nɯn.mal.ɯl]
내 혀는,7,[nɛ.hjʌ.nɯn],[nɛ.hjʌ.nɯn]
축하할 일이라도,7,[tʃʰuk̚.ha.hal.il.i.ɾa.to],[tʃʰuk̚.ha.hal.il.i.ɾa.do]
축하할 일이지,7,[tʃʰuk̚.ha.hal.il.i.tʃi],[tʃʰuk̚.ha.hal.il.i.dʒi]
축하합니다 사랑하는 우리,7,[tʃʰuk̚.ha.hap̚.ni.ta.sa.ɾaŋ.ha.nɯn.u.ɾi],[tʃʰuk̚.ha.hap̚.ni.da.sa.ɾaŋ.ha.nɯn.u.ɾi]
바꿨어 그래 왜,7,[pa.k͈wʌt̚.ʌ.kɯ.ɾɛ.wɛ],[ba.k͈wʌt̚.ʌ.gɯ.ɾɛ.wɛ]
날 잃게,7,[nal.il.ke],[nal.il.ke]
Mind if I,7,,
축하해 고맙습니다,7,[tʃʰuk̚.ha.hɛ.ko.map̚.sɯp̚.ni.ta],[tʃʰuk̚.ha.hɛ.go.map̚.sɯp̚.ni.da]
곳이긴 하지만,7,[kot̚.i.kin.ha.tʃi.man],[got̚.i.gin.ha.dʒi.man]
축하해 내,7,[tʃʰuk̚.ha.hɛ.nɛ],[tʃʰuk̚.ha.hɛ.nɛ]
축하해 네,7,[tʃʰuk̚.ha.hɛ.ne],[tʃʰuk̚.ha.hɛ.ne]
축하해 또,7,[tʃʰuk̚.ha.hɛ.t͈o],[tʃʰuk̚.ha.hɛ.t͈o]
축하해 모두,7,[tʃʰuk̚.ha.hɛ.mo.tu],[tʃʰuk̚.ha.hɛ.mo.du]
축하해 오늘,7,[tʃʰuk̚.ha.hɛ.o.nɯl],[tʃʰuk̚.ha.hɛ.o.nɯl]
갈 데 없는,7,[kal.te.ʌp̚.nɯn],[gal.de.ʌp̚.nɯn]
축하해요 감사합니다,7,[tʃʰuk̚.ha.hɛ.jo.kam.sa.hap̚.ni.ta],[tʃʰuk̚.ha.hɛ.jo.gam.sa.hap̚.ni.da]
축하해요 내,7,[tʃʰuk̚.ha.hɛ.jo.nɛ],[tʃʰuk̚.ha.hɛ.jo.nɛ]
축하해요 당신은,7,[tʃʰuk̚.ha.hɛ.jo.taŋ.sin.ɯn],[tʃʰuk̚.ha.hɛ.jo.daŋ.sin.ɯn]
축하해요 하지만,7,[tʃʰuk̚.ha.hɛ.jo.ha.tʃi.man],[tʃʰuk̚.ha.hɛ.jo.ha.dʒi.man]
계신 분 중에,7,[kje.sim.pun.tʃuŋ.e],[gje.sin.bun.dʒuŋ.e]
출 것,7,[tʃʰul.kʌt̚],[tʃʰul.gʌt̚]
날 잊은 건,7,[nal.it̚.ɯŋ.kʌn],[nal.it̚.ɯn.gʌn]
출 수 있는,7,[tʃʰul.su.it̚.nɯn],[tʃʰul.su.it̚.nɯn]
출 수도,7,[tʃʰul.su.to],[tʃʰul.su.do]
출 수 있어,7,[tʃʰul.su.it̚.ʌ],[tʃʰul.su.it̚.ʌ]
날 잊은 줄,7,[nal.it̚.ɯn.tʃul],[nal.it̚.ɯn.dʒul]
출구가 없어,7,[tʃʰul.ku.ka.ʌp̚.ʌ],[tʃʰul.ku.ga.ʌp̚.ʌ]
바뀌어야 한다고,7,[pa.k͈wi.ʌ.ja.han.ta.ko],[ba.k͈wi.ʌ.ja.han.ta.go]
출구가 있습니다,7,[tʃʰul.ku.ka.it̚.sɯp̚.ni.ta],[tʃʰul.ku.ga.it̚.sɯp̚.ni.da]
출구가 있어,7,[tʃʰul.ku.ka.it̚.ʌ],[tʃʰul.ku.ga.it̚.ʌ]
바뀌었나 봐,7,[pa.k͈wi.ʌt̚.na.pwa],[ba.k͈wi.ʌt̚.na.bwa]
출구를 찾아,7,[tʃʰul.ku.ɾɯl.tʃʰat̚.a],[tʃʰul.ku.ɾɯl.tʃʰat̚.a]
출근 시간에,7,[tʃʰul.kɯn.si.kan.e],[tʃʰul.kɯn.si.gan.e]
계신 분이죠,7,[kje.sim.pun.i.tʃjo],[gje.sin.bun.i.dʒjo]
할 말이 있어요 난,7,[hal.mal.i.it̚.ʌ.jo.nan],[hal.mal.i.it̚.ʌ.jo.nan]
출근 안 할,7,[tʃʰul.kɯn.an.hal],[tʃʰul.kɯn.an.hal]
바뀌었어 우리,7,[pa.k͈wi.ʌt̚.ʌ.u.ɾi],[ba.k͈wi.ʌt̚.ʌ.u.ɾi]
갈 데가 없는,7,[kal.te.ka.ʌp̚.nɯn],[gal.de.ga.ʌp̚.nɯn]
출근 첫날에,7,[tʃʰul.kɯn.tʃʰʌt̚.nal.e],[tʃʰul.kɯn.tʃʰʌt̚.nal.e]
계신 신사분께서,7,[kje.sin.sin.sa.puŋ.k͈e.sʌ],[gje.sin.sin.sa.buŋ.k͈e.sʌ]
출근하는 게,7,[tʃʰul.kɯn.ha.nɯŋ.ke],[tʃʰul.kɯn.ha.nɯn.ge]
보든 박사는,7,[po.tɯm.pak̚.sa.nɯn],[bo.dɯn.bak̚.sa.nɯn]
바뀌지 않은,7,[pa.k͈wi.tʃi.an.ɯn],[ba.k͈wi.dʒi.an.ɯn]
계신 여러분은,7,[kje.sin.jʌ.ɾʌ.pun.ɯn],[gje.sin.jʌ.ɾʌ.bun.ɯn]
이 병원으로,7,[i.pjʌŋ.wʌn.ɯ.ɾo],[i.bjʌŋ.wʌn.ɯ.ɾo]
출동 안,7,[tʃʰul.toŋ.an],[tʃʰul.toŋ.an]
of it is,7,,
바뀌진 않아요,7,[pa.k͈wi.tʃin.an.a.jo],[ba.k͈wi.dʒin.an.a.jo]
할 말이다,7,[hal.mal.i.ta],[hal.mal.i.da]
출마할 거예요,7,[tʃʰul.ma.hal.kʌ.je.jo],[tʃʰul.ma.hal.gʌ.je.jo]
are leaving,7,,
출발 못,7,[tʃʰul.pal.mot̚],[tʃʰul.pal.mot̚]
바뀐 건 없어,7,[pa.k͈wiŋ.kʌn.ʌp̚.ʌ],[ba.k͈win.gʌn.ʌp̚.ʌ]
출발 할 기회를,7,[tʃʰul.pal.hal.ki.hwe.ɾɯl],[tʃʰul.pal.hal.gi.hwe.ɾɯl]
바뀐 것 같은데,7,[pa.k͈wiŋ.kʌt̚.kat̚.ɯn.te],[ba.k͈win.gʌt̚.gat̚.ɯn.te]
이 보다 더,7,[i.po.ta.tʌ],[i.bo.da.dʌ]
바뀐 줄,7,[pa.k͈win.tʃul],[ba.k͈win.dʒul]
날 잡아먹으려,7,[nal.tʃap̚.a.mʌk̚.ɯ.ɾjʌ],[nal.dʒap̚.a.mʌk̚.ɯ.ɾjʌ]
바뀔 거다,7,[pa.k͈wil.kʌ.ta],[ba.k͈wil.gʌ.da]
날 잡아야,7,[nal.tʃap̚.a.ja],[nal.dʒap̚.a.ja]
바뀔 뿐이란,7,[pa.k͈wil.p͈un.i.ɾan],[ba.k͈wil.p͈un.i.ɾan]
바뀔 뿐이란 걸,7,[pa.k͈wil.p͈un.i.ɾaŋ.kʌl],[ba.k͈wil.p͈un.i.ɾan.gʌl]
계신가 봐요,7,[kje.siŋ.ka.pwa.jo],[gje.siŋ.ka.bwa.jo]
출산 축하,7,[tʃʰul.san.tʃʰuk̚.ha],[tʃʰul.san.tʃʰuk̚.ha]
날 잡으러 오고 있어,7,[nal.tʃap̚.ɯ.ɾʌ.o.ko.it̚.ʌ],[nal.dʒap̚.ɯ.ɾʌ.o.go.it̚.ʌ]
출산 후,7,[tʃʰul.san.hu],[tʃʰul.san.hu]
바뀔 수가,7,[pa.k͈wil.su.ka],[ba.k͈wil.su.ga]
출산할 때까지,7,[tʃʰul.san.hal.t͈ɛ.k͈a.tʃi],[tʃʰul.san.hal.t͈ɛ.k͈a.dʒi]
바뀔 줄,7,[pa.k͈wil.tʃul],[ba.k͈wil.dʒul]
출소한 후,7,[tʃʰul.so.han.hu],[tʃʰul.so.han.hu]
바뀔 테니까,7,[pa.k͈wil.tʰe.ni.k͈a],[ba.k͈wil.tʰe.ni.k͈a]
출신 그리고,7,[tʃʰul.siŋ.kɯ.ɾi.ko],[tʃʰul.sin.gɯ.ɾi.go]
계신데 제가,7,[kje.sin.te.tʃe.ka],[gje.sin.te.dʒe.ga]
바뀔지도 몰라,7,[pa.k͈wil.tʃi.to.mol.ɾa],[ba.k͈wil.tʃi.do.mol.ɾa]
바나나 껍질,7,[pa.na.na.k͈ʌp̚.tʃil],[ba.na.na.k͈ʌp̚.tʃil]
출신이고 사과를,7,[tʃʰul.sin.i.ko.sa.kwa.ɾɯl],[tʃʰul.sin.i.go.sa.gwa.ɾɯl]
바나나 청년 마이크,7,[pa.na.na.tʃʰʌŋ.njʌn.ma.i.kʰɯ],[ba.na.na.tʃʰʌŋ.njʌn.ma.i.kʰɯ]
출신이라서 혼자만,7,[tʃʰul.sin.i.ɾa.sʌ.hon.tʃa.man],[tʃʰul.sin.i.ɾa.sʌ.hon.tʃa.man]
바나나 파나,7,[pa.na.na.pʰa.na],[ba.na.na.pʰa.na]
of know,7,,
출신이야 난,7,[tʃʰul.sin.i.ja.nan],[tʃʰul.sin.i.ja.nan]
바넘 씨,7,[pa.nʌm.s͈i],[ba.nʌm.s͈i]
바네사 반,7,[pa.ne.sa.pan],[ba.ne.sa.ban]
계신지 몰랐네요,7,[kje.sin.tʃi.mol.ɾat̚.ne.jo],[gje.sin.tʃi.mol.ɾat̚.ne.jo]
of knowing,7,,
출입 카드,7,[tʃʰul.ip̚.kʰa.tɯ],[tʃʰul.ip̚.kʰa.dɯ]
계신지 알고,7,[kje.sin.tʃi.al.ko],[gje.sin.tʃi.al.ko]
출입이 금지되어,7,[tʃʰul.ip̚.i.kɯn.tʃi.twe.ʌ],[tʃʰul.ip̚.i.gɯn.tʃi.dwe.ʌ]
출입이 안,7,[tʃʰul.ip̚.i.an],[tʃʰul.ip̚.i.an]
출입자 명단에,7,[tʃʰul.ip̚.tʃa.mjʌŋ.tan.e],[tʃʰul.ip̚.tʃa.mjʌŋ.dan.e]
출입할 수 없습니다,7,[tʃʰul.ip̚.hal.su.ʌp̚.sɯp̚.ni.ta],[tʃʰul.ip̚.hal.su.ʌp̚.sɯp̚.ni.da]
계신지 알아요,7,[kje.sin.tʃi.al.a.jo],[gje.sin.tʃi.al.a.jo]
출장 가,7,[tʃʰul.tʃaŋ.ka],[tʃʰul.tʃaŋ.ga]
출장 가서,7,[tʃʰul.tʃaŋ.ka.sʌ],[tʃʰul.tʃaŋ.ga.sʌ]
출장 가실,7,[tʃʰul.tʃaŋ.ka.sil],[tʃʰul.tʃaŋ.ga.sil]
출장 때문에,7,[tʃʰul.tʃaŋ.t͈ɛ.mun.e],[tʃʰul.tʃaŋ.t͈ɛ.mun.e]
출장 갔어요,7,[tʃʰul.tʃaŋ.kat̚.ʌ.jo],[tʃʰul.tʃaŋ.gat̚.ʌ.jo]
바는 아니야,7,[pa.nɯn.a.ni.ja],[ba.nɯn.a.ni.ja]
바는 아니죠,7,[pa.nɯn.a.ni.tʃjo],[ba.nɯn.a.ni.dʒjo]
계실 거,7,[kje.sil.kʌ],[gje.sil.gʌ]
계실 거라,7,[kje.sil.kʌ.ɾa],[gje.sil.gʌ.ɾa]
바는 없습니다,7,[pa.nɯn.ʌp̚.sɯp̚.ni.ta],[ba.nɯn.ʌp̚.sɯp̚.ni.da]
출전 정지,7,[tʃʰul.tʃʌn.tʃʌŋ.tʃi],[tʃʰul.tʃʌn.dʒʌŋ.dʒi]
때 있어요,7,[t͈ɛ.it̚.ʌ.jo],[t͈ɛ.it̚.ʌ.jo]
출전할 거야,7,[tʃʰul.tʃʌn.hal.kʌ.ja],[tʃʰul.tʃʌn.hal.gʌ.ja]
바늘 자국,7,[pa.nɯl.tʃa.kuk̚],[ba.nɯl.dʒa.guk̚]
출처를 꼭 표기해,7,[tʃʰul.tʃʰʌ.ɾɯl.k͈ok̚.pʰjo.ki.hɛ],[tʃʰul.tʃʰʌ.ɾɯl.k͈ok̚.pʰjo.gi.hɛ]
출처를 꼭 표기해 주세요,7,[tʃʰul.tʃʰʌ.ɾɯl.k͈ok̚.pʰjo.ki.hɛ.tʃu.se.jo],[tʃʰul.tʃʰʌ.ɾɯl.k͈ok̚.pʰjo.gi.hɛ.dʒu.se.jo]
내가 여자라는,7,[nɛ.ka.jʌ.tʃa.ɾa.nɯn],[nɛ.ga.jʌ.dʒa.ɾa.nɯn]
날 정말 많이,7,[nal.tʃʌŋ.mal.man.i],[nal.dʒʌŋ.mal.man.i]
출혈을 막으려고,7,[tʃʰul.hjʌl.ɯl.mak̚.ɯ.ɾjʌ.ko],[tʃʰul.hjʌl.ɯl.mak̚.ɯ.ɾjʌ.go]
바늘을 찾고,7,[pa.nɯl.ɯl.tʃʰat̚.ko],[ba.nɯl.ɯl.tʃʰat̚.ko]
바늘이 안,7,[pa.nɯl.i.an],[ba.nɯl.i.an]
갈 데도 없는데,7,[kal.te.to.ʌp̚.nɯn.te],[gal.de.do.ʌp̚.nɯn.te]
출혈을 멈춰야 해,7,[tʃʰul.hjʌl.ɯl.mʌn.tʃʰwʌ.ja.hɛ],[tʃʰul.hjʌl.ɯl.mʌn.tʃʰwʌ.ja.hɛ]
바니에 정신,7,[pa.ni.e.tʃʌŋ.sin],[ba.ni.e.dʒʌŋ.sin]
바니 힐,7,[pa.ni.hil],[ba.ni.hil]
출혈이 멈출,7,[tʃʰul.hjʌl.i.mʌn.tʃʰul],[tʃʰul.hjʌl.i.mʌn.tʃʰul]
갈 데도 없는,7,[kal.te.to.ʌp̚.nɯn],[gal.de.do.ʌp̚.nɯn]
바닐라 아이스크림,7,[pa.nil.ɾa.a.i.sɯ.kʰɯ.ɾim],[ba.nil.ɾa.a.i.sɯ.kʰɯ.ɾim]
출혈이 있었어,7,[tʃʰul.hjʌl.i.it̚.ʌt̚.ʌ],[tʃʰul.hjʌl.i.it̚.ʌt̚.ʌ]
춤 동작,7,[tʃʰun.toŋ.tʃak̚],[tʃʰum.doŋ.dʒak̚]
이 분과,7,[i.puŋ.kwa],[i.buŋ.kwa]
바다 멀리,7,[pa.ta.mʌl.ɾi],[ba.da.mʌl.ɾi]
바다 밑에서,7,[pa.ta.mit̚.e.sʌ],[ba.da.mit̚.e.sʌ]
춤 추자,7,[tʃʰun.tʃʰu.tʃa],[tʃʰun.tʃʰu.dʒa]
춤 출래,7,[tʃʰun.tʃʰul.ɾɛ],[tʃʰun.tʃʰul.ɾɛ]
바다 속으로,7,[pa.ta.sok̚.ɯ.ɾo],[ba.da.sok̚.ɯ.ɾo]
바다 안,7,[pa.ta.an],[ba.da.an]
춤도 안 추고,7,[tʃʰun.to.an.tʃʰu.ko],[tʃʰun.to.an.tʃʰu.go]
갈 데도 없잖아,7,[kal.te.to.ʌp̚.tʃan.a],[gal.de.do.ʌp̚.tʃan.a]
춤도 출 수,7,[tʃʰun.to.tʃʰul.su],[tʃʰun.to.tʃʰul.su]
계실 분이,7,[kje.sil.pun.i],[gje.sil.bun.i]
바다 유리,7,[pa.ta.ju.ɾi],[ba.da.ju.ɾi]
춤을 보고,7,[tʃʰum.ɯl.po.ko],[tʃʰum.ɯl.bo.go]
갈 데라도,7,[kal.te.ɾa.to],[gal.de.ɾa.do]
날 조종하려,7,[nal.tʃo.tʃoŋ.ha.ɾjʌ],[nal.dʒo.dʒoŋ.ha.ɾjʌ]
갈 돈,7,[kal.ton],[gal.don]
바다가 보여요,7,[pa.ta.ka.po.jʌ.jo],[ba.da.ga.bo.jʌ.jo]
바다가 좋다,7,[pa.ta.ka.tʃot̚.ta],[ba.da.ga.dʒot̚.ta]
날 조종할 수,7,[nal.tʃo.tʃoŋ.hal.su],[nal.dʒo.dʒoŋ.hal.su]
날 조종했어,7,[nal.tʃo.tʃoŋ.hɛt̚.ʌ],[nal.dʒo.dʒoŋ.hɛt̚.ʌ]
춤을 추었다,7,[tʃʰum.ɯl.tʃʰu.ʌt̚.ta],[tʃʰum.ɯl.tʃʰu.ʌt̚.ta]
Miss Pitt,7,,
바다로 나가서,7,[pa.ta.ɾo.na.ka.sʌ],[ba.da.ɾo.na.ga.sʌ]
날 존경하지,7,[nal.tʃoŋ.kjʌŋ.ha.tʃi],[nal.dʒoŋ.kjʌŋ.ha.dʒi]
계실 테니,7,[kje.sil.tʰe.ni],[gje.sil.tʰe.ni]
춤을 췄는데,7,[tʃʰum.ɯl.tʃʰwʌt̚.nɯn.te],[tʃʰum.ɯl.tʃʰwʌt̚.nɯn.te]
춤을 췄고,7,[tʃʰum.ɯl.tʃʰwʌt̚.ko],[tʃʰum.ɯl.tʃʰwʌt̚.ko]
춤을 췄죠,7,[tʃʰum.ɯl.tʃʰwʌt̚.tʃjo],[tʃʰum.ɯl.tʃʰwʌt̚.tʃjo]
날 졸졸,7,[nal.tʃol.tʃol],[nal.dʒol.tʃol]
이 붉은,7,[i.puk̚.ɯn],[i.buk̚.ɯn]
바다를 보고,7,[pa.ta.ɾɯl.po.ko],[ba.da.ɾɯl.bo.go]
바다를 지키는,7,[pa.ta.ɾɯl.tʃi.kʰi.nɯn],[ba.da.ɾɯl.dʒi.kʰi.nɯn]
바다에 던져,7,[pa.ta.e.tʌn.tʃjʌ],[ba.da.e.dʌn.tʃjʌ]
바다에 빠져,7,[pa.ta.e.p͈a.tʃjʌ],[ba.da.e.p͈a.dʒjʌ]
춤추자 춤추자,7,[tʃʰun.tʃʰu.tʃa.tʃʰun.tʃʰu.tʃa],[tʃʰun.tʃʰu.dʒa.tʃʰun.tʃʰu.dʒa]
춤출 거예요,7,[tʃʰun.tʃʰul.kʌ.je.jo],[tʃʰun.tʃʰul.gʌ.je.jo]
춤출 수 있는,7,[tʃʰun.tʃʰul.su.it̚.nɯn],[tʃʰun.tʃʰul.su.it̚.nɯn]
춤출 준비,7,[tʃʰun.tʃʰul.tʃum.pi],[tʃʰun.tʃʰul.dʒum.pi]
줘 존,7,[tʃwʌ.tʃon],[dʒwʌ.dʒon]
춥고 배고픈,7,[tʃʰup̚.ko.pɛ.ko.pʰɯn],[tʃʰup̚.ko.bɛ.go.pʰɯn]
바다의 신,7,[pa.ta.ɯi.sin],[ba.da.ɯi.sin]
바다의 힘,7,[pa.ta.ɯi.him],[ba.da.ɯi.him]
충격 요법,7,[tʃʰuŋ.kjʌk̚.jo.pʌp̚],[tʃʰuŋ.gjʌk̚.jo.bʌp̚]
충격 요법을,7,[tʃʰuŋ.kjʌk̚.jo.pʌp̚.ɯl],[tʃʰuŋ.gjʌk̚.jo.bʌp̚.ɯl]
갈 때 말이야,7,[kal.t͈ɛ.mal.i.ja],[gal.t͈ɛ.mal.i.ja]
바닥 위에,7,[pa.tak̚.wi.e],[ba.dak̚.wi.e]
충격받을 거예요,7,[tʃʰuŋ.kjʌk̚.pat̚.ɯl.kʌ.je.jo],[tʃʰuŋ.gjʌk̚.pat̚.ɯl.gʌ.je.jo]
충격에 대비하세요,7,[tʃʰuŋ.kjʌk̚.e.tɛ.pi.ha.se.jo],[tʃʰuŋ.gjʌk̚.e.dɛ.bi.ha.se.jo]
충격에 빠뜨린,7,[tʃʰuŋ.kjʌk̚.e.p͈a.t͈ɯ.ɾin],[tʃʰuŋ.gjʌk̚.e.p͈a.t͈ɯ.ɾin]
갈 때 입는,7,[kal.t͈ɛ.ip̚.nɯn],[gal.t͈ɛ.ip̚.nɯn]
바닥 청소를,7,[pa.tak̚.tʃʰʌŋ.so.ɾɯl],[ba.dak̚.tʃʰʌŋ.so.ɾɯl]
충격을 좀,7,[tʃʰuŋ.kjʌk̚.ɯl.tʃom],[tʃʰuŋ.gjʌk̚.ɯl.dʒom]
충격을 준,7,[tʃʰuŋ.kjʌk̚.ɯl.tʃun],[tʃʰuŋ.gjʌk̚.ɯl.dʒun]
충격을 줘서,7,[tʃʰuŋ.kjʌk̚.ɯl.tʃwʌ.sʌ],[tʃʰuŋ.gjʌk̚.ɯl.dʒwʌ.sʌ]
충격이 너무 커서,7,[tʃʰuŋ.kjʌk̚.i.nʌ.mu.kʰʌ.sʌ],[tʃʰuŋ.gjʌk̚.i.nʌ.mu.kʰʌ.sʌ]
충격이 아직,7,[tʃʰuŋ.kjʌk̚.i.a.tʃik̚],[tʃʰuŋ.gjʌk̚.i.a.dʒik̚]
충격이 컸던,7,[tʃʰuŋ.kjʌk̚.i.kʰʌt̚.tʌn],[tʃʰuŋ.gjʌk̚.i.kʰʌt̚.tʌn]
날 좋아하는지,7,[nal.tʃot̚.a.ha.nɯn.tʃi],[nal.dʒot̚.a.ha.nɯn.tʃi]
이 빌어먹을 자식아,7,[i.pil.ʌ.mʌk̚.ɯl.tʃa.sik̚.a],[i.bil.ʌ.mʌk̚.ɯl.dʒa.sik̚.a]
충격적인 사건이,7,[tʃʰuŋ.kjʌk̚.tʃʌk̚.in.sa.kʌn.i],[tʃʰuŋ.gjʌk̚.tʃʌk̚.in.sa.gʌn.i]
바닥에 대고,7,[pa.tak̚.e.tɛ.ko],[ba.dak̚.e.dɛ.go]
날 좋아하잖아요,7,[nal.tʃot̚.a.ha.tʃan.a.jo],[nal.dʒot̚.a.ha.dʒan.a.jo]
바닥에 머리를,7,[pa.tak̚.e.mʌ.ɾi.ɾɯl],[ba.dak̚.e.mʌ.ɾi.ɾɯl]
충고 하나만,7,[tʃʰuŋ.ko.ha.na.man],[tʃʰuŋ.go.ha.na.man]
충고를 들어야,7,[tʃʰuŋ.ko.ɾɯl.tɯl.ʌ.ja],[tʃʰuŋ.go.ɾɯl.dɯl.ʌ.ja]
충고를 해,7,[tʃʰuŋ.ko.ɾɯl.hɛ],[tʃʰuŋ.go.ɾɯl.hɛ]
바닥에 엎드려 있으십시요,7,[pa.tak̚.e.ʌp̚.tɯ.ɾjʌ.it̚.ɯ.sip̚.si.jo],[ba.dak̚.e.ʌp̚.tɯ.ɾjʌ.it̚.ɯ.sip̚.si.jo]
충돌로 인한,7,[tʃʰuŋ.tol.ɾo.in.han],[tʃʰuŋ.dol.ɾo.in.han]
바닥에 엎드려 있으십시요 안,7,[pa.tak̚.e.ʌp̚.tɯ.ɾjʌ.it̚.ɯ.sip̚.si.jo.an],[ba.dak̚.e.ʌp̚.tɯ.ɾjʌ.it̚.ɯ.sip̚.si.jo.an]
날 좋아할 필요는,7,[nal.tʃot̚.a.hal.pʰil.jo.nɯn],[nal.dʒot̚.a.hal.pʰil.jo.nɯn]
충동을 느끼고,7,[tʃʰuŋ.toŋ.ɯl.lɯ.k͈i.ko],[tʃʰuŋ.doŋ.ɯl.lɯ.k͈i.go]
충동적으로 그런,7,[tʃʰuŋ.toŋ.tʃʌk̚.ɯ.ɾo.kɯ.ɾʌn],[tʃʰuŋ.doŋ.dʒʌk̚.ɯ.ɾo.gɯ.ɾʌn]
충분치 않았죠,7,[tʃʰum.pun.tʃʰi.an.at̚.tʃjo],[tʃʰuŋ.bun.tʃʰi.an.at̚.tʃjo]
충분치 않았어요,7,[tʃʰum.pun.tʃʰi.an.at̚.ʌ.jo],[tʃʰuŋ.bun.tʃʰi.an.at̚.ʌ.jo]
충분하고도 남아,7,[tʃʰum.pun.ha.ko.to.nam.a],[tʃʰuŋ.bun.ha.go.do.nam.a]
바닥에서 일어나면 죽는다,7,[pa.tak̚.e.sʌ.il.ʌ.na.mjʌn.tʃuk̚.nɯn.ta],[ba.dak̚.e.sʌ.il.ʌ.na.mjʌn.dʒuk̚.nɯn.ta]
이 사건에서 손 떼,7,[i.sa.kʌn.e.sʌ.son.t͈e],[i.sa.gʌn.e.sʌ.son.t͈e]
바닥에서 자,7,[pa.tak̚.e.sʌ.tʃa],[ba.dak̚.e.sʌ.dʒa]
바닥에서 잘게요,7,[pa.tak̚.e.sʌ.tʃal.ke.jo],[ba.dak̚.e.sʌ.dʒal.ke.jo]
바닥을 닦고,7,[pa.tak̚.ɯl.tak̚.ko],[ba.dak̚.ɯl.dak̚.ko]
계약 못,7,[kje.jak̚.mot̚],[gje.jak̚.mot̚]
황제가 되는,7,[hwaŋ.tʃe.ka.twe.nɯn],[hwaŋ.dʒe.ga.dwe.nɯn]
충분하지 않소,7,[tʃʰum.pun.ha.tʃi.an.so],[tʃʰuŋ.bun.ha.dʒi.an.so]
바닥을 보고,7,[pa.tak̚.ɯl.po.ko],[ba.dak̚.ɯl.bo.go]
충분하지 않은 것,7,[tʃʰum.pun.ha.tʃi.an.ɯŋ.kʌt̚],[tʃʰuŋ.bun.ha.dʒi.an.ɯn.gʌt̚]
충분하지 않지,7,[tʃʰum.pun.ha.tʃi.an.tʃi],[tʃʰuŋ.bun.ha.dʒi.an.tʃi]
계약 위반,7,[kje.jak̚.wi.pan],[gje.jak̚.wi.ban]
바닥이 너무,7,[pa.tak̚.i.nʌ.mu],[ba.dak̚.i.nʌ.mu]
바닥이 안,7,[pa.tak̚.i.an],[ba.dak̚.i.an]
충분한 근거가,7,[tʃʰum.pun.haŋ.kɯŋ.kʌ.ka],[tʃʰuŋ.bun.han.gɯŋ.kʌ.ga]
갈 때야,7,[kal.t͈ɛ.ja],[gal.t͈ɛ.ja]
충분한 단서를,7,[tʃʰum.pun.han.tan.sʌ.ɾɯl],[tʃʰuŋ.bun.han.dan.sʌ.ɾɯl]
충분한 양이,7,[tʃʰum.pun.han.jaŋ.i],[tʃʰuŋ.bun.han.jaŋ.i]
바닷속에서 찾을 필요,7,[pa.tat̚.sok̚.e.sʌ.tʃʰat̚.ɯl.pʰil.jo],[ba.dat̚.sok̚.e.sʌ.tʃʰat̚.ɯl.pʰil.jo]
바닷속에서 찾을 필요 없어,7,[pa.tat̚.sok̚.e.sʌ.tʃʰat̚.ɯl.pʰil.jo.ʌp̚.ʌ],[ba.dat̚.sok̚.e.sʌ.tʃʰat̚.ɯl.pʰil.jo.ʌp̚.ʌ]
충분한 자원이,7,[tʃʰum.pun.han.tʃa.wʌn.i],[tʃʰuŋ.bun.han.dʒa.wʌn.i]
바도 아니고,7,[pa.to.a.ni.ko],[ba.do.a.ni.go]
바닷속에서 찾을,7,[pa.tat̚.sok̚.e.sʌ.tʃʰat̚.ɯl],[ba.dat̚.sok̚.e.sʌ.tʃʰat̚.ɯl]
바디 밤,7,[pa.ti.pam],[ba.di.bam]
충분한 점수를,7,[tʃʰum.pun.han.tʃʌm.su.ɾɯl],[tʃʰuŋ.bun.han.dʒʌm.su.ɾɯl]
충분한 힘이,7,[tʃʰum.pun.han.him.i],[tʃʰuŋ.bun.han.him.i]
충분한 힘을,7,[tʃʰum.pun.han.him.ɯl],[tʃʰuŋ.bun.han.him.ɯl]
충분합니다 지난,7,[tʃʰum.pun.hap̚.ni.ta.tʃi.nan],[tʃʰuŋ.bun.hap̚.ni.da.dʒi.nan]
충분해 그리고,7,[tʃʰum.pun.hɛ.kɯ.ɾi.ko],[tʃʰuŋ.bun.hɛ.gɯ.ɾi.go]
계약 조항,7,[kje.jak̚.tʃo.haŋ],[gje.jak̚.dʒo.haŋ]
And on,7,,
충분해 안,7,[tʃʰum.pun.hɛ.an],[tʃʰuŋ.bun.hɛ.an]
충분해 우리,7,[tʃʰum.pun.hɛ.u.ɾi],[tʃʰuŋ.bun.hɛ.u.ɾi]
계약도 안,7,[kje.jak̚.to.an],[gje.jak̚.to.an]
충분해요 난,7,[tʃʰum.pun.hɛ.jo.nan],[tʃʰuŋ.bun.hɛ.jo.nan]
충분해요 마르시아는,7,[tʃʰum.pun.hɛ.jo.ma.ɾɯ.si.a.nɯn],[tʃʰuŋ.bun.hɛ.jo.ma.ɾɯ.si.a.nɯn]
충분해요 마르시아는 승낙 할,7,[tʃʰum.pun.hɛ.jo.ma.ɾɯ.si.a.nɯn.sɯŋ.nak̚.hal],[tʃʰuŋ.bun.hɛ.jo.ma.ɾɯ.si.a.nɯn.sɯŋ.nak̚.hal]
이 사고를,7,[i.sa.ko.ɾɯl],[i.sa.go.ɾɯl]
충분히 가까이 갈,7,[tʃʰum.pun.hi.ka.k͈a.i.kal],[tʃʰuŋ.bun.hi.ga.k͈a.i.gal]
충분히 가까이 갈 수,7,[tʃʰum.pun.hi.ka.k͈a.i.kal.su],[tʃʰuŋ.bun.hi.ga.k͈a.i.gal.su]
충분히 가치가,7,[tʃʰum.pun.hi.ka.tʃʰi.ka],[tʃʰuŋ.bun.hi.ga.tʃʰi.ga]
충분히 감사할 수,7,[tʃʰum.pun.hi.kam.sa.hal.su],[tʃʰuŋ.bun.hi.gam.sa.hal.su]
충분히 감사할,7,[tʃʰum.pun.hi.kam.sa.hal],[tʃʰuŋ.bun.hi.gam.sa.hal]
충분히 강력한,7,[tʃʰum.pun.hi.kaŋ.ɾjʌk̚.han],[tʃʰuŋ.bun.hi.gaŋ.ɾjʌk̚.han]
충분히 강해,7,[tʃʰum.pun.hi.kaŋ.hɛ],[tʃʰuŋ.bun.hi.gaŋ.hɛ]
날 죽이거나,7,[nal.tʃuk̚.i.kʌ.na],[nal.dʒuk̚.i.gʌ.na]
바라네 네,7,[pa.ɾa.ne.ne],[ba.ɾa.ne.ne]
충분히 노력하지,7,[tʃʰum.pun.hi.no.ɾjʌk̚.ha.tʃi],[tʃʰuŋ.bun.hi.no.ɾjʌk̚.ha.dʒi]
are my only,7,,
충분히 도움이,7,[tʃʰum.pun.hi.to.um.i],[tʃʰuŋ.bun.hi.do.um.i]
바라는 거겠죠,7,[pa.ɾa.nɯŋ.kʌ.ket̚.tʃjo],[ba.ɾa.nɯn.gʌ.get̚.tʃjo]
충분히 마신,7,[tʃʰum.pun.hi.ma.sin],[tʃʰuŋ.bun.hi.ma.sin]
날 죽이고 싶겠지,7,[nal.tʃuk̚.i.ko.sip̚.ket̚.tʃi],[nal.dʒuk̚.i.go.sip̚.ket̚.tʃi]
충분히 많아,7,[tʃʰum.pun.hi.man.a],[tʃʰuŋ.bun.hi.man.a]
충분히 말했다,7,[tʃʰum.pun.hi.mal.hɛt̚.ta],[tʃʰuŋ.bun.hi.mal.hɛt̚.ta]
충분히 먹었다,7,[tʃʰum.pun.hi.mʌk̚.ʌt̚.ta],[tʃʰuŋ.bun.hi.mʌk̚.ʌt̚.ta]
갈 마음이,7,[kal.ma.ɯm.i],[gal.ma.ɯm.i]
바라는 거잖아요,7,[pa.ɾa.nɯŋ.kʌ.tʃan.a.jo],[ba.ɾa.nɯn.gʌ.dʒan.a.jo]
관한 노래는,7,[kwan.han.no.ɾɛ.nɯn],[gwan.han.no.ɾɛ.nɯn]
충분히 믿지,7,[tʃʰum.pun.hi.mit̚.tʃi],[tʃʰuŋ.bun.hi.mit̚.tʃi]
충분히 모이면,7,[tʃʰum.pun.hi.mo.i.mjʌn],[tʃʰuŋ.bun.hi.mo.i.mjʌn]
충분히 벌,7,[tʃʰum.pun.hi.pʌl],[tʃʰuŋ.bun.hi.bʌl]
바라는 건 그게,7,[pa.ɾa.nɯŋ.kʌŋ.kɯ.ke],[ba.ɾa.nɯn.gʌn.gɯ.ge]
계약서에 서명했어,7,[kje.jak̚.sʌ.e.sʌ.mjʌŋ.hɛt̚.ʌ],[gje.jak̚.sʌ.e.sʌ.mjʌŋ.hɛt̚.ʌ]
충분히 살 수,7,[tʃʰum.pun.hi.sal.su],[tʃʰuŋ.bun.hi.sal.su]
이 사람 말대로 해요,7,[i.sa.ɾam.mal.tɛ.ɾo.hɛ.jo],[i.sa.ɾam.mal.tɛ.ɾo.hɛ.jo]
충분히 설명할,7,[tʃʰum.pun.hi.sʌl.mjʌŋ.hal],[tʃʰuŋ.bun.hi.sʌl.mjʌŋ.hal]
바라는 건지,7,[pa.ɾa.nɯŋ.kʌn.tʃi],[ba.ɾa.nɯn.gʌn.tʃi]
충분히 알고 있어,7,[tʃʰum.pun.hi.al.ko.it̚.ʌ],[tʃʰuŋ.bun.hi.al.ko.it̚.ʌ]
계약서에 있는,7,[kje.jak̚.sʌ.e.it̚.nɯn],[gje.jak̚.sʌ.e.it̚.nɯn]
are my only one,7,,
충분히 얻을 수,7,[tʃʰum.pun.hi.ʌt̚.ɯl.su],[tʃʰuŋ.bun.hi.ʌt̚.ɯl.su]
충분히 얻을,7,[tʃʰum.pun.hi.ʌt̚.ɯl],[tʃʰuŋ.bun.hi.ʌt̚.ɯl]
이 사람 몰라요,7,[i.sa.ɾam.mol.ɾa.jo],[i.sa.ɾam.mol.ɾa.jo]
날 죽이든가,7,[nal.tʃuk̚.i.tɯŋ.ka],[nal.dʒuk̚.i.dɯŋ.ka]
바라는 게 그거야,7,[pa.ɾa.nɯŋ.ke.kɯ.kʌ.ja],[ba.ɾa.nɯn.ge.gɯ.gʌ.ja]
충분히 있습니다,7,[tʃʰum.pun.hi.it̚.sɯp̚.ni.ta],[tʃʰuŋ.bun.hi.it̚.sɯp̚.ni.da]
충분히 자격,7,[tʃʰum.pun.hi.tʃa.kjʌk̚],[tʃʰuŋ.bun.hi.dʒa.gjʌk̚]
바라는 게 뭔지,7,[pa.ɾa.nɯŋ.ke.mwʌn.tʃi],[ba.ɾa.nɯn.ge.mwʌn.tʃi]
날 죽이러 온 거야,7,[nal.tʃuk̚.i.ɾʌ.oŋ.kʌ.ja],[nal.dʒuk̚.i.ɾʌ.on.gʌ.ja]
바라는 게 아닙니다,7,[pa.ɾa.nɯŋ.ke.a.nip̚.ni.ta],[ba.ɾa.nɯn.ge.a.nip̚.ni.da]
계약은 안,7,[kje.jak̚.ɯn.an],[gje.jak̚.ɯn.an]
바라는 게 있어요,7,[pa.ɾa.nɯŋ.ke.it̚.ʌ.jo],[ba.ɾa.nɯn.ge.it̚.ʌ.jo]
충분히 해낼,7,[tʃʰum.pun.hi.hɛ.nɛl],[tʃʰuŋ.bun.hi.hɛ.nɛl]
충분히 해낼 수,7,[tʃʰum.pun.hi.hɛ.nɛl.su],[tʃʰuŋ.bun.hi.hɛ.nɛl.su]
충분히 화가,7,[tʃʰum.pun.hi.hwa.ka],[tʃʰuŋ.bun.hi.hwa.ga]
바라는 사람도,7,[pa.ɾa.nɯn.sa.ɾan.to],[ba.ɾa.nɯn.sa.ɾan.to]
충성을 다,7,[tʃʰuŋ.sʌŋ.ɯl.ta],[tʃʰuŋ.sʌŋ.ɯl.da]
충성심이 없어,7,[tʃʰuŋ.sʌŋ.sim.i.ʌp̚.ʌ],[tʃʰuŋ.sʌŋ.sim.i.ʌp̚.ʌ]
충성을 다하는,7,[tʃʰuŋ.sʌŋ.ɯl.ta.ha.nɯn],[tʃʰuŋ.sʌŋ.ɯl.da.ha.nɯn]
때 죽었죠,7,[t͈ɛ.tʃuk̚.ʌt̚.tʃjo],[t͈ɛ.dʒuk̚.ʌt̚.tʃjo]
이 사람 지금,7,[i.sa.ɾan.tʃi.kɯm],[i.sa.ɾam.dʒi.gɯm]
I can try,7,,
충성을 맹세해,7,[tʃʰuŋ.sʌŋ.ɯl.mɛŋ.se.hɛ],[tʃʰuŋ.sʌŋ.ɯl.mɛŋ.se.hɛ]
바라던 거,7,[pa.ɾa.tʌŋ.kʌ],[ba.ɾa.dʌn.gʌ]
충성을 바칠,7,[tʃʰuŋ.sʌŋ.ɯl.pa.tʃʰil],[tʃʰuŋ.sʌŋ.ɯl.ba.tʃʰil]
바라던 건,7,[pa.ɾa.tʌŋ.kʌn],[ba.ɾa.dʌn.gʌn]
바라던 게 아니야,7,[pa.ɾa.tʌŋ.ke.a.ni.ja],[ba.ɾa.dʌn.ge.a.ni.ja]
바라던 사람이,7,[pa.ɾa.tʌn.sa.ɾam.i],[ba.ɾa.dʌn.sa.ɾam.i]
바라면 안 돼,7,[pa.ɾa.mjʌn.an.twɛ],[ba.ɾa.mjʌn.an.dwɛ]
충혈되고 피부는,7,[tʃʰuŋ.hjʌl.twe.ko.pʰi.pu.nɯn],[tʃʰuŋ.hjʌl.twe.go.pʰi.bu.nɯn]
바라보고 있습니다,7,[pa.ɾa.po.ko.it̚.sɯp̚.ni.ta],[ba.ɾa.bo.go.it̚.sɯp̚.ni.da]
바라보고 있었다,7,[pa.ɾa.po.ko.it̚.ʌt̚.ta],[ba.ɾa.bo.go.it̚.ʌt̚.ta]
걸 들을 수,7,[kʌl.tɯl.ɯl.su],[gʌl.dɯl.ɯl.su]
바라보는 건,7,[pa.ɾa.po.nɯŋ.kʌn],[ba.ɾa.bo.nɯn.gʌn]
취급 주의,7,[tʃʰwi.kɯp̚.tʃu.ɯi],[tʃʰwi.gɯp̚.dʒu.ɯi]
이 사람들은 가족이,7,[i.sa.ɾan.tɯl.ɯŋ.ka.tʃok̚.i],[i.sa.ɾan.tɯl.ɯn.ga.dʒok̚.i]
취급을 받고,7,[tʃʰwi.kɯp̚.ɯl.pat̚.ko],[tʃʰwi.gɯp̚.ɯl.bat̚.ko]
바라보는 모습을,7,[pa.ɾa.po.nɯn.mo.sɯp̚.ɯl],[ba.ɾa.bo.nɯn.mo.sɯp̚.ɯl]
취급할 수,7,[tʃʰwi.kɯp̚.hal.su],[tʃʰwi.gɯp̚.hal.su]
취미 같은,7,[tʃʰwi.mi.kat̚.ɯn],[tʃʰwi.mi.gat̚.ɯn]
취미 생활,7,[tʃʰwi.mi.sɛŋ.hwal],[tʃʰwi.mi.sɛŋ.hwal]
날 죽이려는 거지,7,[nal.tʃuk̚.i.ɾjʌ.nɯŋ.kʌ.tʃi],[nal.dʒuk̚.i.ɾjʌ.nɯn.gʌ.dʒi]
취소하는 걸,7,[tʃʰwi.so.ha.nɯŋ.kʌl],[tʃʰwi.so.ha.nɯn.gʌl]
취소한 거,7,[tʃʰwi.so.haŋ.kʌ],[tʃʰwi.so.han.gʌ]
날 죽이면 넌,7,[nal.tʃuk̚.i.mjʌn.nʌn],[nal.dʒuk̚.i.mjʌn.nʌn]
취소할 수 있어요,7,[tʃʰwi.so.hal.su.it̚.ʌ.jo],[tʃʰwi.so.hal.su.it̚.ʌ.jo]
취소해 달라고,7,[tʃʰwi.so.hɛ.tal.ɾa.ko],[tʃʰwi.so.hɛ.dal.ɾa.go]
바라시는 겁니까,7,[pa.ɾa.si.nɯŋ.kʌp̚.ni.k͈a],[ba.ɾa.si.nɯn.gʌp̚.ni.k͈a]
바라시는 대로,7,[pa.ɾa.si.nɯn.tɛ.ɾo],[ba.ɾa.si.nɯn.dɛ.ɾo]
바라실 거야,7,[pa.ɾa.sil.kʌ.ja],[ba.ɾa.sil.gʌ.ja]
취업 설명회,7,[tʃʰwi.ʌp̚.sʌl.mjʌŋ.hwe],[tʃʰwi.ʌp̚.sʌl.mjʌŋ.hwe]
바라야지 그럼,7,[pa.ɾa.ja.tʃi.kɯ.ɾʌm],[ba.ɾa.ja.dʒi.gɯ.ɾʌm]
Miss Vickers,7,,
취재 중이에요,7,[tʃʰwi.tʃɛ.tʃuŋ.i.e.jo],[tʃʰwi.dʒɛ.dʒuŋ.i.e.jo]
취재를 하고,7,[tʃʰwi.tʃɛ.ɾɯl.ha.ko],[tʃʰwi.dʒɛ.ɾɯl.ha.go]
취직할 거야,7,[tʃʰwi.tʃik̚.hal.kʌ.ja],[tʃʰwi.dʒik̚.hal.gʌ.ja]
계약할 거예요,7,[kje.jak̚.hal.kʌ.je.jo],[gje.jak̚.hal.gʌ.je.jo]
취하게 할,7,[tʃʰwi.ha.ke.hal],[tʃʰwi.ha.ge.hal]
취하고 땅이 육체를 삼키겠지,7,[tʃʰwi.ha.ko.t͈aŋ.i.juk̚.tʃʰe.ɾɯl.sam.kʰi.ket̚.tʃi],[tʃʰwi.ha.go.t͈aŋ.i.juk̚.tʃʰe.ɾɯl.sam.kʰi.get̚.tʃi]
취하고 싶어요,7,[tʃʰwi.ha.ko.sip̚.ʌ.jo],[tʃʰwi.ha.go.sip̚.ʌ.jo]
취하고 있는,7,[tʃʰwi.ha.ko.it̚.nɯn],[tʃʰwi.ha.go.it̚.nɯn]
바라죠 난,7,[pa.ɾa.tʃjo.nan],[ba.ɾa.dʒjo.nan]
취하지 않는,7,[tʃʰwi.ha.tʃi.an.nɯn],[tʃʰwi.ha.dʒi.an.nɯn]
취하지 않았습니다,7,[tʃʰwi.ha.tʃi.an.at̚.sɯp̚.ni.ta],[tʃʰwi.ha.dʒi.an.at̚.sɯp̚.ni.da]
이 사람은 안,7,[i.sa.ɾam.ɯn.an],[i.sa.ɾam.ɯn.an]
계장의 신음,7,[kje.tʃaŋ.ɯi.sin.ɯm],[gje.dʒaŋ.ɯi.sin.ɯm]
바라지 않소,7,[pa.ɾa.tʃi.an.so],[ba.ɾa.dʒi.an.so]
취한 것 같다,7,[tʃʰwi.haŋ.kʌt̚.kat̚.ta],[tʃʰwi.han.gʌt̚.gat̚.ta]
날 죽일 거요,7,[nal.tʃuk̚.il.kʌ.jo],[nal.dʒuk̚.il.gʌ.jo]
취한 데다,7,[tʃʰwi.han.te.ta],[tʃʰwi.han.de.da]
바라지 않으세요,7,[pa.ɾa.tʃi.an.ɯ.se.jo],[ba.ɾa.dʒi.an.ɯ.se.jo]
are not going,7,,
취한 사람은,7,[tʃʰwi.han.sa.ɾam.ɯn],[tʃʰwi.han.sa.ɾam.ɯn]
취한 적이,7,[tʃʰwi.han.tʃʌk̚.i],[tʃʰwi.han.dʒʌk̚.i]
취할 것을,7,[tʃʰwi.hal.kʌt̚.ɯl],[tʃʰwi.hal.gʌt̚.ɯl]
갈 사람을,7,[kal.sa.ɾam.ɯl],[gal.sa.ɾam.ɯl]
바라지는 않아요,7,[pa.ɾa.tʃi.nɯn.an.a.jo],[ba.ɾa.dʒi.nɯn.an.a.jo]
취할 수가,7,[tʃʰwi.hal.su.ka],[tʃʰwi.hal.su.ga]
취할 수밖에,7,[tʃʰwi.hal.su.pak̚.e],[tʃʰwi.hal.su.bak̚.e]
취해 봐요,7,[tʃʰwi.hɛ.pwa.jo],[tʃʰwi.hɛ.bwa.jo]
바라지만 난,7,[pa.ɾa.tʃi.man.nan],[ba.ɾa.dʒi.man.nan]
바라지만 하지만,7,[pa.ɾa.tʃi.man.ha.tʃi.man],[ba.ɾa.dʒi.man.ha.dʒi.man]
취해 있었다고,7,[tʃʰwi.hɛ.it̚.ʌt̚.ta.ko],[tʃʰwi.hɛ.it̚.ʌt̚.ta.go]
취해 있었습니다,7,[tʃʰwi.hɛ.it̚.ʌt̚.sɯp̚.ni.ta],[tʃʰwi.hɛ.it̚.ʌt̚.sɯp̚.ni.da]
바라진 않을,7,[pa.ɾa.tʃin.an.ɯl],[ba.ɾa.dʒin.an.ɯl]
계좌 번호가,7,[kje.tʃwa.pʌn.ho.ka],[gje.dʒwa.bʌn.ho.ga]
취해서 기억,7,[tʃʰwi.hɛ.sʌ.ki.ʌk̚],[tʃʰwi.hɛ.sʌ.gi.ʌk̚]
취해서 내,7,[tʃʰwi.hɛ.sʌ.nɛ],[tʃʰwi.hɛ.sʌ.nɛ]
취해서 말이야,7,[tʃʰwi.hɛ.sʌ.mal.i.ja],[tʃʰwi.hɛ.sʌ.mal.i.ja]
갈 생각 마,7,[kal.sɛŋ.kak̚.ma],[gal.sɛŋ.gak̚.ma]
회사 가치가,7,[hwe.sa.ka.tʃʰi.ka],[hwe.sa.ga.tʃʰi.ga]
바란 게 아니에요,7,[pa.ɾaŋ.ke.a.ni.e.jo],[ba.ɾan.ge.a.ni.e.jo]
취했나 보네,7,[tʃʰwi.hɛt̚.na.po.ne],[tʃʰwi.hɛt̚.na.bo.ne]
취했던 것,7,[tʃʰwi.hɛt̚.tʌŋ.kʌt̚],[tʃʰwi.hɛt̚.tʌn.gʌt̚]
취했었나 봐,7,[tʃʰwi.hɛt̚.ʌt̚.na.pwa],[tʃʰwi.hɛt̚.ʌt̚.na.bwa]
취향 아니에요,7,[tʃʰwi.hjaŋ.a.ni.e.jo],[tʃʰwi.hjaŋ.a.ni.e.jo]
날 죽일까,7,[nal.tʃuk̚.il.k͈a],[nal.dʒuk̚.il.k͈a]
취향에 따라,7,[tʃʰwi.hjaŋ.e.t͈a.ɾa],[tʃʰwi.hjaŋ.e.t͈a.ɾa]
취향에 대한,7,[tʃʰwi.hjaŋ.e.tɛ.han],[tʃʰwi.hjaŋ.e.dɛ.han]
바란다 난,7,[pa.ɾan.ta.nan],[ba.ɾan.ta.nan]
바란다 넌,7,[pa.ɾan.ta.nʌn],[ba.ɾan.ta.nʌn]
취향을 가진,7,[tʃʰwi.hjaŋ.ɯl.ka.tʃin],[tʃʰwi.hjaŋ.ɯl.ga.dʒin]
취향이 아니라,7,[tʃʰwi.hjaŋ.i.a.ni.ɾa],[tʃʰwi.hjaŋ.i.a.ni.ɾa]
바란다 다들,7,[pa.ɾan.ta.ta.tɯl],[ba.ɾan.ta.da.dɯl]
할 수 있으면요,7,[hal.su.it̚.ɯ.mjʌn.jo],[hal.su.it̚.ɯ.mjʌn.jo]
바란다 왜,7,[pa.ɾan.ta.wɛ],[ba.ɾan.ta.wɛ]
보면 가만,7,[po.mjʌŋ.ka.man],[bo.mjʌn.ga.man]
날 줄 알았어,7,[nal.tʃul.al.at̚.ʌ],[nal.dʒul.al.at̚.ʌ]
측 변호인이,7,[tʃʰɯk̚.pjʌn.ho.in.i],[tʃʰɯk̚.bjʌn.ho.in.i]
날 줄은,7,[nal.tʃul.ɯn],[nal.dʒul.ɯn]
측 주장을,7,[tʃʰɯk̚.tʃu.tʃaŋ.ɯl],[tʃʰɯk̚.dʒu.dʒaŋ.ɯl]
바란다 젠장,7,[pa.ɾan.ta.tʃen.tʃaŋ],[ba.ɾan.ta.dʒen.tʃaŋ]
측근에 따르면,7,[tʃʰɯk̚.kɯn.e.t͈a.ɾɯ.mjʌn],[tʃʰɯk̚.kɯn.e.t͈a.ɾɯ.mjʌn]
날 줘,7,[nal.tʃwʌ],[nal.dʒwʌ]
바란다면 내가,7,[pa.ɾan.ta.mjʌn.nɛ.ka],[ba.ɾan.ta.mjʌn.nɛ.ga]
계좌를 계설하고,7,[kje.tʃwa.ɾɯl.kje.sʌl.ha.ko],[gje.dʒwa.ɾɯl.gje.sʌl.ha.go]
측정할 거야,7,[tʃʰɯk̚.tʃʌŋ.hal.kʌ.ja],[tʃʰɯk̚.tʃʌŋ.hal.gʌ.ja]
바랄 걸,7,[pa.ɾal.kʌl],[ba.ɾal.gʌl]
바랄 것이,7,[pa.ɾal.kʌt̚.i],[ba.ɾal.gʌt̚.i]
계좌를 계설하고 싶은데요,7,[kje.tʃwa.ɾɯl.kje.sʌl.ha.ko.sip̚.ɯn.te.jo],[gje.dʒwa.ɾɯl.gje.sʌl.ha.go.sip̚.ɯn.te.jo]
날 즐겁게 해,7,[nal.tʃɯl.kʌp̚.ke.hɛ],[nal.dʒɯl.kʌp̚.ke.hɛ]
층 아래로,7,[tʃʰɯŋ.a.ɾɛ.ɾo],[tʃʰɯŋ.a.ɾɛ.ɾo]
층 아래에,7,[tʃʰɯŋ.a.ɾɛ.e],[tʃʰɯŋ.a.ɾɛ.e]
바랄 때도,7,[pa.ɾal.t͈ɛ.to],[ba.ɾal.t͈ɛ.do]
날 증오해,7,[nal.tʃɯŋ.o.hɛ],[nal.dʒɯŋ.o.hɛ]
바랄 뿐이오,7,[pa.ɾal.p͈un.i.o],[ba.ɾal.p͈un.i.o]
층에 있고,7,[tʃʰɯŋ.e.it̚.ko],[tʃʰɯŋ.e.it̚.ko]
할 수 있을지 몰라,7,[hal.su.it̚.ɯl.tʃi.mol.ɾa],[hal.su.it̚.ɯl.tʃi.mol.ɾa]
of nothing,7,,
바랄거야 자기,7,[pa.ɾal.kʌ.ja.tʃa.ki],[ba.ɾal.kʌ.ja.dʒa.gi]
바랄거야 자기 아들이,7,[pa.ɾal.kʌ.ja.tʃa.ki.a.tɯl.i],[ba.ɾal.kʌ.ja.dʒa.gi.a.dɯl.i]
바랄거야 자기 아들이 이성을,7,[pa.ɾal.kʌ.ja.tʃa.ki.a.tɯl.i.i.sʌŋ.ɯl],[ba.ɾal.kʌ.ja.dʒa.gi.a.dɯl.i.i.sʌŋ.ɯl]
바랄게요 고마워요,7,[pa.ɾal.ke.jo.ko.ma.wʌ.jo],[ba.ɾal.ke.jo.go.ma.wʌ.jo]
치게 할,7,[tʃʰi.ke.hal],[tʃʰi.ge.hal]
바람 맞았어,7,[pa.ɾam.mat̚.at̚.ʌ],[ba.ɾam.mat̚.at̚.ʌ]
치고 말이야,7,[tʃʰi.ko.mal.i.ja],[tʃʰi.go.mal.i.ja]
바람 부는 오늘 밤,7,[pa.ɾam.pu.nɯn.o.nɯl.pam],[ba.ɾam.bu.nɯn.o.nɯl.bam]
바람 부는 오늘,7,[pa.ɾam.pu.nɯn.o.nɯl],[ba.ɾam.bu.nɯn.o.nɯl]
바람 부는 쪽으로,7,[pa.ɾam.pu.nɯn.tʃ͈ok̚.ɯ.ɾo],[ba.ɾam.bu.nɯn.tʃ͈ok̚.ɯ.ɾo]
치고 싶지,7,[tʃʰi.ko.sip̚.tʃi],[tʃʰi.go.sip̚.tʃi]
바람 빠지는,7,[pa.ɾam.p͈a.tʃi.nɯn],[ba.ɾam.p͈a.dʒi.nɯn]
치고 있었다,7,[tʃʰi.ko.it̚.ʌt̚.ta],[tʃʰi.go.it̚.ʌt̚.ta]
치고 있을,7,[tʃʰi.ko.it̚.ɯl],[tʃʰi.go.it̚.ɯl]
바람 속에 있다,7,[pa.ɾam.sok̚.e.it̚.ta],[ba.ɾam.sok̚.e.it̚.ta]
바람 속의,7,[pa.ɾam.sok̚.ɯi],[ba.ɾam.sok̚.ɯi]
바람 속에서,7,[pa.ɾam.sok̚.e.sʌ],[ba.ɾam.sok̚.e.sʌ]
계집 주제에,7,[kje.tʃip̚.tʃu.tʃe.e],[gje.dʒip̚.dʒu.dʒe.e]
치과 진료 기록,7,[tʃʰi.kwa.tʃil.ljo.ki.ɾok̚],[tʃʰi.gwa.dʒil.ljo.gi.ɾok̚]
바람 쐬고 올게,7,[pa.ɾam.s͈we.ko.ol.ke],[ba.ɾam.s͈we.go.ol.ke]
할 수가 없었다,7,[hal.su.ka.ʌp̚.ʌt̚.ta],[hal.su.ga.ʌp̚.ʌt̚.ta]
치과에 데려다,7,[tʃʰi.kwa.e.te.ɾjʌ.ta],[tʃʰi.gwa.e.de.ɾjʌ.da]
갈 수 없고,7,[kal.su.ʌp̚.ko],[gal.su.ʌp̚.ko]
날 지켜준,7,[nal.tʃi.kʰjʌ.tʃun],[nal.dʒi.kʰjʌ.dʒun]
치긴 했지만,7,[tʃʰi.kin.hɛt̚.tʃi.man],[tʃʰi.gin.hɛt̚.tʃi.man]
바람 앞의,7,[pa.ɾam.ap̚.ɯi],[ba.ɾam.ap̚.ɯi]
바람 잘 날이,7,[pa.ɾan.tʃal.lal.i],[ba.ɾam.dʒal.lal.i]
치는 동안,7,[tʃʰi.nɯn.toŋ.an],[tʃʰi.nɯn.doŋ.an]
치는 식으로 쳐,7,[tʃʰi.nɯn.sik̚.ɯ.ɾo.tʃʰjʌ],[tʃʰi.nɯn.sik̚.ɯ.ɾo.tʃʰjʌ]
치는 식으로 쳐 본,7,[tʃʰi.nɯn.sik̚.ɯ.ɾo.tʃʰjʌ.pon],[tʃʰi.nɯn.sik̚.ɯ.ɾo.tʃʰjʌ.bon]
치는 식으로,7,[tʃʰi.nɯn.sik̚.ɯ.ɾo],[tʃʰi.nɯn.sik̚.ɯ.ɾo]
치다가 돌아,7,[tʃʰi.ta.ka.tol.a],[tʃʰi.da.ga.dol.a]
치다가 돌아 온 거니,7,[tʃʰi.ta.ka.tol.a.oŋ.kʌ.ni],[tʃʰi.da.ga.dol.a.on.gʌ.ni]
치디 난,7,[tʃʰi.ti.nan],[tʃʰi.di.nan]
계집애가 진짜,7,[kje.tʃip̚.ɛ.ka.tʃin.tʃ͈a],[gje.dʒip̚.ɛ.ga.dʒin.tʃ͈a]
바람 피웠어,7,[pa.ɾam.pʰi.wʌt̚.ʌ],[ba.ɾam.pʰi.wʌt̚.ʌ]
날 질투하게,7,[nal.tʃil.tʰu.ha.ke],[nal.dʒil.tʰu.ha.ge]
치려고 했어,7,[tʃʰi.ɾjʌ.ko.hɛt̚.ʌ],[tʃʰi.ɾjʌ.go.hɛt̚.ʌ]
날 질투하는,7,[nal.tʃil.tʰu.ha.nɯn],[nal.dʒil.tʰu.ha.nɯn]
계집애처럼 굴지 말고,7,[kje.tʃip̚.ɛ.tʃʰʌ.ɾʌm.kul.tʃi.mal.ko],[gje.dʒip̚.ɛ.tʃʰʌ.ɾʌm.gul.tʃi.mal.ko]
치료 다,7,[tʃʰi.ɾjo.ta],[tʃʰi.ɾjo.da]
날 집까지,7,[nal.tʃip̚.k͈a.tʃi],[nal.dʒip̚.k͈a.dʒi]
바람난 거,7,[pa.ɾam.naŋ.kʌ],[ba.ɾam.nan.gʌ]
치료 받아야,7,[tʃʰi.ɾjo.pat̚.a.ja],[tʃʰi.ɾjo.bat̚.a.ja]
치료 받으면,7,[tʃʰi.ɾjo.pat̚.ɯ.mjʌn],[tʃʰi.ɾjo.bat̚.ɯ.mjʌn]
바람난 게,7,[pa.ɾam.naŋ.ke],[ba.ɾam.nan.ge]
바람도 넣었어요,7,[pa.ɾan.to.nʌt̚.ʌt̚.ʌ.jo],[ba.ɾan.to.nʌt̚.ʌt̚.ʌ.jo]
날 집으로 보내줘요,7,[nal.tʃip̚.ɯ.ɾo.po.nɛ.tʃwʌ.jo],[nal.dʒip̚.ɯ.ɾo.bo.nɛ.dʒwʌ.jo]
바람에 그렇게,7,[pa.ɾam.e.kɯ.ɾʌt̚.ke],[ba.ɾam.e.gɯ.ɾʌt̚.ke]
치료가 더,7,[tʃʰi.ɾjo.ka.tʌ],[tʃʰi.ɾjo.ga.dʌ]
치료가 될,7,[tʃʰi.ɾjo.ka.twel],[tʃʰi.ɾjo.ga.dwel]
갈 수 없다면,7,[kal.su.ʌp̚.ta.mjʌn],[gal.su.ʌp̚.ta.mjʌn]
치료가 필요합니다,7,[tʃʰi.ɾjo.ka.pʰil.jo.hap̚.ni.ta],[tʃʰi.ɾjo.ga.pʰil.jo.hap̚.ni.da]
바람에 못,7,[pa.ɾam.e.mot̚],[ba.ɾam.e.mot̚]
계층의 요새라고나 할까,7,[kje.tʃʰɯŋ.ɯi.jo.sɛ.ɾa.ko.na.hal.k͈a],[gje.tʃʰɯŋ.ɯi.jo.sɛ.ɾa.go.na.hal.k͈a]
치료는 잘,7,[tʃʰi.ɾjo.nɯn.tʃal],[tʃʰi.ɾjo.nɯn.dʒal]
바람에 우리가,7,[pa.ɾam.e.u.ɾi.ka],[ba.ɾam.e.u.ɾi.ga]
바람에 의해,7,[pa.ɾam.e.ɯi.hɛ],[ba.ɾam.e.ɯi.hɛ]
때 한 말,7,[t͈ɛ.han.mal],[t͈ɛ.han.mal]
치료된 게,7,[tʃʰi.ɾjo.tweŋ.ke],[tʃʰi.ɾjo.dwen.ge]
바람에 일이,7,[pa.ɾam.e.il.i],[ba.ɾam.e.il.i]
바람에 흩날리는,7,[pa.ɾam.e.hɯt̚.nal.ɾi.nɯn],[ba.ɾam.e.hɯt̚.nal.ɾi.nɯn]
치료를 받고 있어요,7,[tʃʰi.ɾjo.ɾɯl.pat̚.ko.it̚.ʌ.jo],[tʃʰi.ɾjo.ɾɯl.bat̚.ko.it̚.ʌ.jo]
치료를 받던,7,[tʃʰi.ɾjo.ɾɯl.pat̚.tʌn],[tʃʰi.ɾjo.ɾɯl.bat̚.tʌn]
치료를 받았다,7,[tʃʰi.ɾjo.ɾɯl.pat̚.at̚.ta],[tʃʰi.ɾjo.ɾɯl.bat̚.at̚.ta]
치료를 받았습니다,7,[tʃʰi.ɾjo.ɾɯl.pat̚.at̚.sɯp̚.ni.ta],[tʃʰi.ɾjo.ɾɯl.bat̚.at̚.sɯp̚.ni.da]
치료를 받았죠,7,[tʃʰi.ɾjo.ɾɯl.pat̚.at̚.tʃjo],[tʃʰi.ɾjo.ɾɯl.bat̚.at̚.tʃjo]
치료를 받으셔야,7,[tʃʰi.ɾjo.ɾɯl.pat̚.ɯ.sjʌ.ja],[tʃʰi.ɾjo.ɾɯl.bat̚.ɯ.sjʌ.ja]
of our lives,7,,
바람을 위해,7,[pa.ɾam.ɯl.wi.hɛ],[ba.ɾam.ɯl.wi.hɛ]
바람을 타고 있다,7,[pa.ɾam.ɯl.tʰa.ko.it̚.ta],[ba.ɾam.ɯl.tʰa.go.it̚.ta]
날 쫓아와,7,[nal.tʃ͈ot̚.a.wa],[nal.tʃ͈ot̚.a.wa]
치료받게 해,7,[tʃʰi.ɾjo.pat̚.ke.hɛ],[tʃʰi.ɾjo.bat̚.ke.hɛ]
계획 그리고,7,[kje.hwek̚.kɯ.ɾi.ko],[gje.hwek̚.gɯ.ɾi.go]
바람을 피우고 있어,7,[pa.ɾam.ɯl.pʰi.u.ko.it̚.ʌ],[ba.ɾam.ɯl.pʰi.u.go.it̚.ʌ]
날 쫓아왔어요,7,[nal.tʃ͈ot̚.a.wat̚.ʌ.jo],[nal.tʃ͈ot̚.a.wat̚.ʌ.jo]
날 쫓을,7,[nal.tʃ͈ot̚.ɯl],[nal.tʃ͈ot̚.ɯl]
바람을 피우다,7,[pa.ɾam.ɯl.pʰi.u.ta],[ba.ɾam.ɯl.pʰi.u.da]
치료법은 없어,7,[tʃʰi.ɾjo.pʌp̚.ɯn.ʌp̚.ʌ],[tʃʰi.ɾjo.bʌp̚.ɯn.ʌp̚.ʌ]
치료법을 찾아서,7,[tʃʰi.ɾjo.pʌp̚.ɯl.tʃʰat̚.a.sʌ],[tʃʰi.ɾjo.bʌp̚.ɯl.tʃʰat̚.a.sʌ]
치료법을 찾으려고,7,[tʃʰi.ɾjo.pʌp̚.ɯl.tʃʰat̚.ɯ.ɾjʌ.ko],[tʃʰi.ɾjo.bʌp̚.ɯl.tʃʰat̚.ɯ.ɾjʌ.go]
치료법이 없어요,7,[tʃʰi.ɾjo.pʌp̚.i.ʌp̚.ʌ.jo],[tʃʰi.ɾjo.bʌp̚.i.ʌp̚.ʌ.jo]
치료비 때문에,7,[tʃʰi.ɾjo.pi.t͈ɛ.mun.e],[tʃʰi.ɾjo.bi.t͈ɛ.mun.e]
치료실로 가,7,[tʃʰi.ɾjo.sil.ɾo.ka],[tʃʰi.ɾjo.sil.ɾo.ga]
치료에 도움이 될,7,[tʃʰi.ɾjo.e.to.um.i.twel],[tʃʰi.ɾjo.e.do.um.i.dwel]
날 차고,7,[nal.tʃʰa.ko],[nal.tʃʰa.go]
이 살인자가,7,[i.sal.in.tʃa.ka],[i.sal.in.tʃa.ga]
치료제를 찾기,7,[tʃʰi.ɾjo.tʃe.ɾɯl.tʃʰat̚.ki],[tʃʰi.ɾjo.dʒe.ɾɯl.tʃʰat̚.ki]
치료하기 위해서,7,[tʃʰi.ɾjo.ha.ki.wi.hɛ.sʌ],[tʃʰi.ɾjo.ha.gi.wi.hɛ.sʌ]
치료하는 건,7,[tʃʰi.ɾjo.ha.nɯŋ.kʌn],[tʃʰi.ɾjo.ha.nɯn.gʌn]
치료하는 거야,7,[tʃʰi.ɾjo.ha.nɯŋ.kʌ.ja],[tʃʰi.ɾjo.ha.nɯn.gʌ.ja]
치료한 적,7,[tʃʰi.ɾjo.han.tʃʌk̚],[tʃʰi.ɾjo.han.dʒʌk̚]
공 위에,7,[koŋ.wi.e],[goŋ.wi.e]
치료할 방법은,7,[tʃʰi.ɾjo.hal.pam.pʌp̚.ɯn],[tʃʰi.ɾjo.hal.baŋ.bʌp̚.ɯn]
치료할 수 없다고,7,[tʃʰi.ɾjo.hal.su.ʌp̚.ta.ko],[tʃʰi.ɾjo.hal.su.ʌp̚.ta.go]
치료할 수 있나요,7,[tʃʰi.ɾjo.hal.su.it̚.na.jo],[tʃʰi.ɾjo.hal.su.it̚.na.jo]
치료할 수가,7,[tʃʰi.ɾjo.hal.su.ka],[tʃʰi.ɾjo.hal.su.ga]
바람이 불어올,7,[pa.ɾam.i.pul.ʌ.ol],[ba.ɾam.i.bul.ʌ.ol]
날 찾고 있는,7,[nal.tʃʰat̚.ko.it̚.nɯn],[nal.tʃʰat̚.ko.it̚.nɯn]
내가 가져다 줄게,7,[nɛ.ka.ka.tʃjʌ.ta.tʃul.ke],[nɛ.ga.ga.dʒjʌ.da.dʒul.ke]
바람이 불었는지,7,[pa.ɾam.i.pul.ʌt̚.nɯn.tʃi],[ba.ɾam.i.bul.ʌt̚.nɯn.tʃi]
치료해 준,7,[tʃʰi.ɾjo.hɛ.tʃun],[tʃʰi.ɾjo.hɛ.dʒun]
바람이 쏴,7,[pa.ɾam.i.s͈wa],[ba.ɾam.i.s͈wa]
치루게 될,7,[tʃʰi.ɾu.ke.twel],[tʃʰi.ɾu.ge.dwel]
치루는 건,7,[tʃʰi.ɾu.nɯŋ.kʌn],[tʃʰi.ɾu.nɯn.gʌn]
바람이 휭 부는,7,[pa.ɾam.i.hwim.pu.nɯn],[ba.ɾam.i.hwiŋ.bu.nɯn]
바람이 휭 부는 효과음,7,[pa.ɾam.i.hwim.pu.nɯn.hjo.kwa.ɯm],[ba.ɾam.i.hwiŋ.bu.nɯn.hjo.gwa.ɯm]
치르게 하겠어요,7,[tʃʰi.ɾɯ.ke.ha.ket̚.ʌ.jo],[tʃʰi.ɾɯ.ge.ha.get̚.ʌ.jo]
치르게 할 겁니다,7,[tʃʰi.ɾɯ.ke.hal.kʌp̚.ni.ta],[tʃʰi.ɾɯ.ge.hal.gʌp̚.ni.da]
치르게 할 거예요,7,[tʃʰi.ɾɯ.ke.hal.kʌ.je.jo],[tʃʰi.ɾɯ.ge.hal.gʌ.je.jo]
치르게 해 주지,7,[tʃʰi.ɾɯ.ke.hɛ.tʃu.tʃi],[tʃʰi.ɾɯ.ge.hɛ.dʒu.dʒi]
바람피는 걸,7,[pa.ɾam.pʰi.nɯŋ.kʌl],[ba.ɾam.pʰi.nɯn.gʌl]
치르고 있어요,7,[tʃʰi.ɾɯ.ko.it̚.ʌ.jo],[tʃʰi.ɾɯ.go.it̚.ʌ.jo]
치르기 전에,7,[tʃʰi.ɾɯ.ki.tʃʌn.e],[tʃʰi.ɾɯ.gi.dʒʌn.e]
치르기 위해,7,[tʃʰi.ɾɯ.ki.wi.hɛ],[tʃʰi.ɾɯ.gi.wi.hɛ]
치르는 거죠,7,[tʃʰi.ɾɯ.nɯŋ.kʌ.tʃjo],[tʃʰi.ɾɯ.nɯn.gʌ.dʒjo]
치르지 않을,7,[tʃʰi.ɾɯ.tʃi.an.ɯl],[tʃʰi.ɾɯ.dʒi.an.ɯl]
치른 것,7,[tʃʰi.ɾɯŋ.kʌt̚],[tʃʰi.ɾɯn.gʌt̚]
of perpetual,7,,
치를 것입니다,7,[tʃʰi.ɾɯl.kʌt̚.ip̚.ni.ta],[tʃʰi.ɾɯl.gʌt̚.ip̚.ni.da]
치를 수 있을,7,[tʃʰi.ɾɯl.su.it̚.ɯl],[tʃʰi.ɾɯl.su.it̚.ɯl]
치를 준비가,7,[tʃʰi.ɾɯl.tʃum.pi.ka],[tʃʰi.ɾɯl.dʒum.pi.ga]
치마 속을,7,[tʃʰi.ma.sok̚.ɯl],[tʃʰi.ma.sok̚.ɯl]
날 찾아야,7,[nal.tʃʰat̚.a.ja],[nal.tʃʰat̚.a.ja]
바랍니다 그럴,7,[pa.ɾap̚.ni.ta.kɯ.ɾʌl],[ba.ɾap̚.ni.da.gɯ.ɾʌl]
치맛자락 꽃,7,[tʃʰi.mat̚.tʃa.ɾak̚.k͈ot̚],[tʃʰi.mat̚.tʃa.ɾak̚.k͈ot̚]
치맛자락 꽃 같은 얼굴'',7,[tʃʰi.mat̚.tʃa.ɾak̚.k͈ot̚.kat̚.ɯn.ʌl.kul],[tʃʰi.mat̚.tʃa.ɾak̚.k͈ot̚.gat̚.ɯn.ʌl.kul]
갈 수 있게 해,7,[kal.su.it̚.ke.hɛ],[gal.su.it̚.ke.hɛ]
바랍니다 내,7,[pa.ɾap̚.ni.ta.nɛ],[ba.ɾap̚.ni.da.nɛ]
치면 내가,7,[tʃʰi.mjʌn.nɛ.ka],[tʃʰi.mjʌn.nɛ.ga]
치면 되지 바하는 기타,7,[tʃʰi.mjʌn.twe.tʃi.pa.ha.nɯŋ.ki.tʰa],[tʃʰi.mjʌn.dwe.dʒi.ba.ha.nɯn.gi.tʰa]
치면 되지 바하는,7,[tʃʰi.mjʌn.twe.tʃi.pa.ha.nɯn],[tʃʰi.mjʌn.dwe.dʒi.ba.ha.nɯn]
바랍니다 반복합니다,7,[pa.ɾap̚.ni.ta.pam.pok̚.hap̚.ni.ta],[ba.ɾap̚.ni.da.bam.pok̚.hap̚.ni.da]
치면 안 돼요,7,[tʃʰi.mjʌn.an.twɛ.jo],[tʃʰi.mjʌn.an.dwɛ.jo]
바랍니다 아,7,[pa.ɾap̚.ni.ta.a],[ba.ɾap̚.ni.da.a]
치명적이진 않아,7,[tʃʰi.mjʌŋ.tʃʌk̚.i.tʃin.an.a],[tʃʰi.mjʌŋ.dʒʌk̚.i.dʒin.an.a]
치명적인 결함이,7,[tʃʰi.mjʌŋ.tʃʌk̚.iŋ.kjʌl.ham.i],[tʃʰi.mjʌŋ.dʒʌk̚.in.gjʌl.ham.i]
바랍니다 여기,7,[pa.ɾap̚.ni.ta.jʌ.ki],[ba.ɾap̚.ni.da.jʌ.gi]
치명적인 실수를,7,[tʃʰi.mjʌŋ.tʃʌk̚.in.sil.su.ɾɯl],[tʃʰi.mjʌŋ.dʒʌk̚.in.sil.su.ɾɯl]
치명적인 전염병,7,[tʃʰi.mjʌŋ.tʃʌk̚.in.tʃʌn.jʌm.pjʌŋ],[tʃʰi.mjʌŋ.dʒʌk̚.in.dʒʌn.jʌm.pjʌŋ]
치명적인 질병을,7,[tʃʰi.mjʌŋ.tʃʌk̚.in.tʃil.pjʌŋ.ɯl],[tʃʰi.mjʌŋ.dʒʌk̚.in.dʒil.pjʌŋ.ɯl]
치명적일 수 있어요,7,[tʃʰi.mjʌŋ.tʃʌk̚.il.su.it̚.ʌ.jo],[tʃʰi.mjʌŋ.dʒʌk̚.il.su.it̚.ʌ.jo]
바랍니다 자,7,[pa.ɾap̚.ni.ta.tʃa],[ba.ɾap̚.ni.da.dʒa]
치사한 새끼,7,[tʃʰi.sa.han.sɛ.k͈i],[tʃʰi.sa.han.sɛ.k͈i]
치솟고 있어요,7,[tʃʰi.sot̚.ko.it̚.ʌ.jo],[tʃʰi.sot̚.ko.it̚.ʌ.jo]
치안 유지,7,[tʃʰi.an.ju.tʃi],[tʃʰi.an.ju.dʒi]
치었을 때,7,[tʃʰi.ʌt̚.ɯl.t͈ɛ],[tʃʰi.ʌt̚.ɯl.t͈ɛ]
바랐나 봐,7,[pa.ɾat̚.na.pwa],[ba.ɾat̚.na.bwa]
갑자기 왜 이,7,[kap̚.tʃa.ki.wɛ.i],[gap̚.tʃa.gi.wɛ.i]
치우고 있어요,7,[tʃʰi.u.ko.it̚.ʌ.jo],[tʃʰi.u.go.it̚.ʌ.jo]
치우기 위해서,7,[tʃʰi.u.ki.wi.hɛ.sʌ],[tʃʰi.u.gi.wi.hɛ.sʌ]
치우는 동안,7,[tʃʰi.u.nɯn.toŋ.an],[tʃʰi.u.nɯn.doŋ.an]
계획 짤,7,[kje.hwek̚.tʃ͈al],[gje.hwek̚.tʃ͈al]
치우라고 했잖아,7,[tʃʰi.u.ɾa.ko.hɛt̚.tʃan.a],[tʃʰi.u.ɾa.go.hɛt̚.tʃan.a]
날 찾았네,7,[nal.tʃʰat̚.at̚.ne],[nal.tʃʰat̚.at̚.ne]
날 찾았는지,7,[nal.tʃʰat̚.at̚.nɯn.tʃi],[nal.tʃʰat̚.at̚.nɯn.tʃi]
날 찾았다고요,7,[nal.tʃʰat̚.at̚.ta.ko.jo],[nal.tʃʰat̚.at̚.ta.go.jo]
치운 거야,7,[tʃʰi.uŋ.kʌ.ja],[tʃʰi.un.gʌ.ja]
공간 Your Space,7,[koŋ.kan],[goŋ.gan]
분 후다,7,[pun.hu.ta],[bun.hu.da]
바래 난,7,[pa.ɾɛ.nan],[ba.ɾɛ.nan]
할 의무가 있어요,7,[hal.ɯi.mu.ka.it̚.ʌ.jo],[hal.ɯi.mu.ga.it̚.ʌ.jo]
바래 그리고,7,[pa.ɾɛ.kɯ.ɾi.ko],[ba.ɾɛ.gɯ.ɾi.go]
날 찾았잖아,7,[nal.tʃʰat̚.at̚.tʃan.a],[nal.tʃʰat̚.at̚.tʃan.a]
공간 Your,7,[koŋ.kan],[goŋ.gan]
치워 안,7,[tʃʰi.wʌ.an],[tʃʰi.wʌ.an]
치워 이제,7,[tʃʰi.wʌ.i.tʃe],[tʃʰi.wʌ.i.dʒe]
치워 줄래요,7,[tʃʰi.wʌ.tʃul.ɾɛ.jo],[tʃʰi.wʌ.dʒul.ɾɛ.jo]
치워 줄,7,[tʃʰi.wʌ.tʃul],[tʃʰi.wʌ.dʒul]
할 이유가 없잖아요,7,[hal.i.ju.ka.ʌp̚.tʃan.a.jo],[hal.i.ju.ga.ʌp̚.tʃan.a.jo]
바래다 줘서,7,[pa.ɾɛ.ta.tʃwʌ.sʌ],[ba.ɾɛ.da.dʒwʌ.sʌ]
치워도 돼,7,[tʃʰi.wʌ.to.twɛ],[tʃʰi.wʌ.do.dwɛ]
계획대로 되지는,7,[kje.hwek̚.tɛ.ɾo.twe.tʃi.nɯn],[gje.hwek̚.tɛ.ɾo.dwe.dʒi.nɯn]
바랬던 거야,7,[pa.ɾɛt̚.tʌŋ.kʌ.ja],[ba.ɾɛt̚.tʌn.gʌ.ja]
치유 할 수,7,[tʃʰi.ju.hal.su],[tʃʰi.ju.hal.su]
치유되고 있어,7,[tʃʰi.ju.twe.ko.it̚.ʌ],[tʃʰi.ju.dwe.go.it̚.ʌ]
치유하려고 너무나 혼신을,7,[tʃʰi.ju.ha.ɾjʌ.ko.nʌ.mu.na.hon.sin.ɯl],[tʃʰi.ju.ha.ɾjʌ.go.nʌ.mu.na.hon.sin.ɯl]
치유하려고 너무나,7,[tʃʰi.ju.ha.ɾjʌ.ko.nʌ.mu.na],[tʃʰi.ju.ha.ɾjʌ.go.nʌ.mu.na]
치유할 수 있어,7,[tʃʰi.ju.hal.su.it̚.ʌ],[tʃʰi.ju.hal.su.it̚.ʌ]
치유할 수 있는,7,[tʃʰi.ju.hal.su.it̚.nɯn],[tʃʰi.ju.hal.su.it̚.nɯn]
날 찾을 수 있을,7,[nal.tʃʰat̚.ɯl.su.it̚.ɯl],[nal.tʃʰat̚.ɯl.su.it̚.ɯl]
치자 그,7,[tʃʰi.tʃa.kɯ],[tʃʰi.dʒa.gɯ]
계획대로 안 됐어,7,[kje.hwek̚.tɛ.ɾo.an.twɛt̚.ʌ],[gje.hwek̚.tɛ.ɾo.an.dwɛt̚.ʌ]
날 찾지도,7,[nal.tʃʰat̚.tʃi.to],[nal.tʃʰat̚.tʃi.do]
치즈 강판,7,[tʃʰi.tʃɯ.kam.pʰan],[tʃʰi.dʒɯ.gam.pʰan]
치즈 다,7,[tʃʰi.tʃɯ.ta],[tʃʰi.dʒɯ.da]
날 처음 봤을,7,[nal.tʃʰʌ.ɯm.pwat̚.ɯl],[nal.tʃʰʌ.ɯm.bwat̚.ɯl]
날 처음 봤을 때,7,[nal.tʃʰʌ.ɯm.pwat̚.ɯl.t͈ɛ],[nal.tʃʰʌ.ɯm.bwat̚.ɯl.t͈ɛ]
치즈 안,7,[tʃʰi.tʃɯ.an],[tʃʰi.dʒɯ.an]
치즈 스테이크,7,[tʃʰi.tʃɯ.sɯ.tʰe.i.kʰɯ],[tʃʰi.dʒɯ.sɯ.tʰe.i.kʰɯ]
치즈 샌드위치야,7,[tʃʰi.tʃɯ.sɛn.tɯ.wi.tʃʰi.ja],[tʃʰi.dʒɯ.sɛn.tɯ.wi.tʃʰi.ja]
치즈 퍼프,7,[tʃʰi.tʃɯ.pʰʌ.pʰɯ],[tʃʰi.dʒɯ.pʰʌ.pʰɯ]
바로 가져올게요,7,[pa.ɾo.ka.tʃjʌ.ol.ke.jo],[ba.ɾo.ga.dʒjʌ.ol.ke.jo]
바로 가지고,7,[pa.ɾo.ka.tʃi.ko],[ba.ɾo.ga.dʒi.go]
치즈를 만들 수,7,[tʃʰi.tʃɯ.ɾɯl.man.tɯl.su],[tʃʰi.dʒɯ.ɾɯl.man.tɯl.su]
치즈버거 먹고,7,[tʃʰi.tʃɯ.pʌ.kʌ.mʌk̚.ko],[tʃʰi.dʒɯ.bʌ.gʌ.mʌk̚.ko]
치지 마세요,7,[tʃʰi.tʃi.ma.se.jo],[tʃʰi.dʒi.ma.se.jo]
계획대로 진행될,7,[kje.hwek̚.tɛ.ɾo.tʃin.hɛŋ.twel],[gje.hwek̚.tɛ.ɾo.dʒin.hɛŋ.dwel]
날 체포하고,7,[nal.tʃʰe.pʰo.ha.ko],[nal.tʃʰe.pʰo.ha.go]
치지 않았다면,7,[tʃʰi.tʃi.an.at̚.ta.mjʌn],[tʃʰi.dʒi.an.at̚.ta.mjʌn]
바로 갈거야,7,[pa.ɾo.kal.kʌ.ja],[ba.ɾo.gal.kʌ.ja]
치지 않을거야,7,[tʃʰi.tʃi.an.ɯl.kʌ.ja],[tʃʰi.dʒi.an.ɯl.kʌ.ja]
치코의 원숭이 농장,7,[tʃʰi.kʰo.ɯi.wʌn.suŋ.i.noŋ.tʃaŋ],[tʃʰi.kʰo.ɯi.wʌn.suŋ.i.noŋ.dʒaŋ]
치킨 먹고,7,[tʃʰi.kʰin.mʌk̚.ko],[tʃʰi.kʰin.mʌk̚.ko]
치킨 수프,7,[tʃʰi.kʰin.su.pʰɯ],[tʃʰi.kʰin.su.pʰɯ]
치프 선생님,7,[tʃʰi.pʰɯ.sʌn.sɛŋ.nim],[tʃʰi.pʰɯ.sʌn.sɛŋ.nim]
친 거 밖에서 친,7,[tʃʰiŋ.kʌ.pak̚.e.sʌ.tʃʰin],[tʃʰin.gʌ.bak̚.e.sʌ.tʃʰin]
친 거 밖에서,7,[tʃʰiŋ.kʌ.pak̚.e.sʌ],[tʃʰin.gʌ.bak̚.e.sʌ]
이 샘플들을,7,[i.sɛm.pʰɯl.tɯl.ɯl],[i.sɛm.pʰɯl.tɯl.ɯl]
친 그 곡으로,7,[tʃʰiŋ.kɯ.kok̚.ɯ.ɾo],[tʃʰin.gɯ.gok̚.ɯ.ɾo]
친 그 곡으로 하라고,7,[tʃʰiŋ.kɯ.kok̚.ɯ.ɾo.ha.ɾa.ko],[tʃʰin.gɯ.gok̚.ɯ.ɾo.ha.ɾa.go]
친 매니저,7,[tʃʰin.mɛ.ni.tʃʌ],[tʃʰin.mɛ.ni.dʒʌ]
날 쳐다,7,[nal.tʃʰjʌ.ta],[nal.tʃʰjʌ.da]
바로 그 날이야,7,[pa.ɾo.kɯ.nal.i.ja],[ba.ɾo.gɯ.nal.i.ja]
친 지,7,[tʃʰin.tʃi],[tʃʰin.dʒi]
공간에 대한,7,[koŋ.kan.e.tɛ.han],[goŋ.gan.e.dɛ.han]
갈 수 있는 곳은,7,[kal.su.it̚.nɯŋ.kot̚.ɯn],[gal.su.it̚.nɯn.got̚.ɯn]
친구 lrm,7,[tʃʰiŋ.ku],[tʃʰiŋ.ku]
갈 수 있는 방법이,7,[kal.su.it̚.nɯm.pam.pʌp̚.i],[gal.su.it̚.nɯn.baŋ.bʌp̚.i]
바로 그 때문이다,7,[pa.ɾo.kɯ.t͈ɛ.mun.i.ta],[ba.ɾo.gɯ.t͈ɛ.mun.i.da]
날 쳐다보고 있어,7,[nal.tʃʰjʌ.ta.po.ko.it̚.ʌ],[nal.tʃʰjʌ.da.bo.go.it̚.ʌ]
계획대로 해야지,7,[kje.hwek̚.tɛ.ɾo.hɛ.ja.tʃi],[gje.hwek̚.tɛ.ɾo.hɛ.ja.dʒi]
친구 결혼식에,7,[tʃʰiŋ.ku.kjʌl.hon.sik̚.e],[tʃʰiŋ.ku.gjʌl.hon.sik̚.e]
of saying,7,,
친구 계속,7,[tʃʰiŋ.ku.kje.sok̚],[tʃʰiŋ.ku.gje.sok̚]
친구 관계가,7,[tʃʰiŋ.ku.kwaŋ.kje.ka],[tʃʰiŋ.ku.gwaŋ.kje.ga]
친구 그녀는,7,[tʃʰiŋ.ku.kɯ.njʌ.nɯn],[tʃʰiŋ.ku.gɯ.njʌ.nɯn]
바로 그 사람이었어,7,[pa.ɾo.kɯ.sa.ɾam.i.ʌt̚.ʌ],[ba.ɾo.gɯ.sa.ɾam.i.ʌt̚.ʌ]
친구 내 말은,7,[tʃʰiŋ.ku.nɛ.mal.ɯn],[tʃʰiŋ.ku.nɛ.mal.ɯn]
of scientists,7,,
바로 그 표정이야,7,[pa.ɾo.kɯ.pʰjo.tʃʌŋ.i.ja],[ba.ɾo.gɯ.pʰjo.dʒʌŋ.i.ja]
친구 다음에,7,[tʃʰiŋ.ku.ta.ɯm.e],[tʃʰiŋ.ku.da.ɯm.e]
친구 당신이,7,[tʃʰiŋ.ku.taŋ.sin.i],[tʃʰiŋ.ku.daŋ.sin.i]
친구 된,7,[tʃʰiŋ.ku.twen],[tʃʰiŋ.ku.dwen]
친구 로버트,7,[tʃʰiŋ.ku.ɾo.pʌ.tʰɯ],[tʃʰiŋ.ku.ɾo.bʌ.tʰɯ]
계획도 있어,7,[kje.hwek̚.to.it̚.ʌ],[gje.hwek̚.to.it̚.ʌ]
친구 만나러요,7,[tʃʰiŋ.ku.man.na.ɾʌ.jo],[tʃʰiŋ.ku.man.na.ɾʌ.jo]
날 추적하고,7,[nal.tʃʰu.tʃʌk̚.ha.ko],[nal.tʃʰu.dʒʌk̚.ha.go]
바로 그거야 네가,7,[pa.ɾo.kɯ.kʌ.ja.ne.ka],[ba.ɾo.gɯ.gʌ.ja.ne.ga]
are rehearsing,7,,
할 일을 한 것뿐이에요,7,[hal.il.ɯl.haŋ.kʌt̚.p͈un.i.e.jo],[hal.il.ɯl.han.gʌt̚.p͈un.i.e.jo]
바로 그거야 이건,7,[pa.ɾo.kɯ.kʌ.ja.i.kʌn],[ba.ɾo.gɯ.gʌ.ja.i.gʌn]
친구 머리,7,[tʃʰiŋ.ku.mʌ.ɾi],[tʃʰiŋ.ku.mʌ.ɾi]
친구 머리를,7,[tʃʰiŋ.ku.mʌ.ɾi.ɾɯl],[tʃʰiŋ.ku.mʌ.ɾi.ɾɯl]
are rehearsing a,7,,
친구 몇 명을,7,[tʃʰiŋ.ku.mjʌt̚.mjʌŋ.ɯl],[tʃʰiŋ.ku.mjʌt̚.mjʌŋ.ɯl]
친구 목숨이,7,[tʃʰiŋ.ku.mok̚.sum.i],[tʃʰiŋ.ku.mok̚.sum.i]
바로 그거예요 그래서,7,[pa.ɾo.kɯ.kʌ.je.jo.kɯ.ɾɛ.sʌ],[ba.ɾo.gɯ.gʌ.je.jo.gɯ.ɾɛ.sʌ]
친구 별로,7,[tʃʰiŋ.ku.pjʌl.ɾo],[tʃʰiŋ.ku.bjʌl.ɾo]
친구 본 적,7,[tʃʰiŋ.ku.pon.tʃʌk̚],[tʃʰiŋ.ku.bon.dʒʌk̚]
바로 그거예요 이제,7,[pa.ɾo.kɯ.kʌ.je.jo.i.tʃe],[ba.ɾo.gɯ.gʌ.je.jo.i.dʒe]
바로 그거잖아,7,[pa.ɾo.kɯ.kʌ.tʃan.a],[ba.ɾo.gɯ.gʌ.dʒan.a]
공간을 더,7,[koŋ.kan.ɯl.tʌ],[goŋ.gan.ɯl.dʌ]
날 키워준,7,[nal.kʰi.wʌ.tʃun],[nal.kʰi.wʌ.dʒun]
친구 사이도,7,[tʃʰiŋ.ku.sa.i.to],[tʃʰiŋ.ku.sa.i.do]
친구 사이라고,7,[tʃʰiŋ.ku.sa.i.ɾa.ko],[tʃʰiŋ.ku.sa.i.ɾa.go]
친구 사이죠,7,[tʃʰiŋ.ku.sa.i.tʃjo],[tʃʰiŋ.ku.sa.i.dʒjo]
바로 그게 내가,7,[pa.ɾo.kɯ.ke.nɛ.ka],[ba.ɾo.gɯ.ge.nɛ.ga]
are rehearsing a play,7,,
바로 그날이야,7,[pa.ɾo.kɯ.nal.i.ja],[ba.ɾo.gɯ.nal.i.ja]
친구 아닌,7,[tʃʰiŋ.ku.a.nin],[tʃʰiŋ.ku.a.nin]
친구 아니지,7,[tʃʰiŋ.ku.a.ni.tʃi],[tʃʰiŋ.ku.a.ni.dʒi]
날 탓할 거야,7,[nal.tʰat̚.hal.kʌ.ja],[nal.tʰat̚.hal.gʌ.ja]
날 탓할 수,7,[nal.tʰat̚.hal.su],[nal.tʰat̚.hal.su]
친구 안녕하세요,7,[tʃʰiŋ.ku.an.njʌŋ.ha.se.jo],[tʃʰiŋ.ku.an.njʌŋ.ha.se.jo]
날 탓해,7,[nal.tʰat̚.hɛ],[nal.tʰat̚.hɛ]
날 태우고,7,[nal.tʰɛ.u.ko],[nal.tʰɛ.u.go]
친구 얘기 좀,7,[tʃʰiŋ.ku.jɛ.ki.tʃom],[tʃʰiŋ.ku.jɛ.gi.dʒom]
바로 그래,7,[pa.ɾo.kɯ.ɾɛ],[ba.ɾo.gɯ.ɾɛ]
친구 엄청,7,[tʃʰiŋ.ku.ʌn.tʃʰʌŋ],[tʃʰiŋ.ku.ʌn.tʃʰʌŋ]
친구 없나,7,[tʃʰiŋ.ku.ʌp̚.na],[tʃʰiŋ.ku.ʌp̚.na]
친구 없이,7,[tʃʰiŋ.ku.ʌp̚.i],[tʃʰiŋ.ku.ʌp̚.i]
친구 여자,7,[tʃʰiŋ.ku.jʌ.tʃa],[tʃʰiŋ.ku.jʌ.dʒa]
바로 그렇죠,7,[pa.ɾo.kɯ.ɾʌt̚.tʃjo],[ba.ɾo.gɯ.ɾʌt̚.tʃjo]
바로 그를,7,[pa.ɾo.kɯ.ɾɯl],[ba.ɾo.gɯ.ɾɯl]
날 통과해야,7,[nal.tʰoŋ.kwa.hɛ.ja],[nal.tʰoŋ.gwa.hɛ.ja]
바로 나가,7,[pa.ɾo.na.ka],[ba.ɾo.na.ga]
날 파트너로,7,[nal.pʰa.tʰɯ.nʌ.ɾo],[nal.pʰa.tʰɯ.nʌ.ɾo]
때가 아녜요,7,[t͈ɛ.ka.a.nje.jo],[t͈ɛ.ga.a.nje.jo]
날 판단할,7,[nal.pʰan.tan.hal],[nal.pʰan.tan.hal]
친구 잠깐,7,[tʃʰiŋ.ku.tʃam.k͈an],[tʃʰiŋ.ku.dʒam.k͈an]
날 판단해,7,[nal.pʰan.tan.hɛ],[nal.pʰan.tan.hɛ]
친구 저기,7,[tʃʰiŋ.ku.tʃʌ.ki],[tʃʰiŋ.ku.dʒʌ.gi]
A million,7,,
친구 젠장,7,[tʃʰiŋ.ku.tʃen.tʃaŋ],[tʃʰiŋ.ku.dʒen.tʃaŋ]
바로 나오는,7,[pa.ɾo.na.o.nɯn],[ba.ɾo.na.o.nɯn]
바로 나죠,7,[pa.ɾo.na.tʃjo],[ba.ɾo.na.dʒjo]
I can''t believe that,7,,
친구 집에 놀러,7,[tʃʰiŋ.ku.tʃip̚.e.nol.ɾʌ],[tʃʰiŋ.ku.dʒip̚.e.nol.ɾʌ]
날 포기하지 마,7,[nal.pʰo.ki.ha.tʃi.ma],[nal.pʰo.gi.ha.dʒi.ma]
친구 집을,7,[tʃʰiŋ.ku.tʃip̚.ɯl],[tʃʰiŋ.ku.dʒip̚.ɯl]
계획은 그대로,7,[kje.hwek̚.ɯŋ.kɯ.tɛ.ɾo],[gje.hwek̚.ɯn.gɯ.dɛ.ɾo]
바로 내가 여기,7,[pa.ɾo.nɛ.ka.jʌ.ki],[ba.ɾo.nɛ.ga.jʌ.gi]
이 세상 누구보다,7,[i.se.saŋ.nu.ku.po.ta],[i.se.saŋ.nu.gu.bo.da]
이 세상 마지막,7,[i.se.saŋ.ma.tʃi.mak̚],[i.se.saŋ.ma.dʒi.mak̚]
친구 하지,7,[tʃʰiŋ.ku.ha.tʃi],[tʃʰiŋ.ku.ha.dʒi]
바로 내가 하는,7,[pa.ɾo.nɛ.ka.ha.nɯn],[ba.ɾo.nɛ.ga.ha.nɯn]
친구 한영훈에게,7,[tʃʰiŋ.ku.han.jʌŋ.hun.e.ke],[tʃʰiŋ.ku.han.jʌŋ.hun.e.ge]
친구가 같이,7,[tʃʰiŋ.ku.ka.kat̚.i],[tʃʰiŋ.ku.ga.gat̚.i]
친구가 그럴,7,[tʃʰiŋ.ku.ka.kɯ.ɾʌl],[tʃʰiŋ.ku.ga.gɯ.ɾʌl]
친구가 길을,7,[tʃʰiŋ.ku.ka.kil.ɯl],[tʃʰiŋ.ku.ga.gil.ɯl]
바로 너야 너,7,[pa.ɾo.nʌ.ja.nʌ],[ba.ɾo.nʌ.ja.nʌ]
바로 너에게,7,[pa.ɾo.nʌ.e.ke],[ba.ɾo.nʌ.e.ge]
of song,7,,
바로 너와,7,[pa.ɾo.nʌ.wa],[ba.ɾo.nʌ.wa]
계획은 무슨,7,[kje.hwek̚.ɯn.mu.sɯn],[gje.hwek̚.ɯn.mu.sɯn]
날 풀어줬어요,7,[nal.pʰul.ʌ.tʃwʌt̚.ʌ.jo],[nal.pʰul.ʌ.dʒwʌt̚.ʌ.jo]
친구가 놀러,7,[tʃʰiŋ.ku.ka.nol.ɾʌ],[tʃʰiŋ.ku.ga.nol.ɾʌ]
바로 너처럼,7,[pa.ɾo.nʌ.tʃʰʌ.ɾʌm],[ba.ɾo.nʌ.tʃʰʌ.ɾʌm]
친구가 됐잖아,7,[tʃʰiŋ.ku.ka.twɛt̚.tʃan.a],[tʃʰiŋ.ku.ga.dwɛt̚.tʃan.a]
날 피하는 것,7,[nal.pʰi.ha.nɯŋ.kʌt̚],[nal.pʰi.ha.nɯn.gʌt̚]
내가 감당,7,[nɛ.ka.kan.taŋ],[nɛ.ga.gan.taŋ]
친구가 되고 싶다고,7,[tʃʰiŋ.ku.ka.twe.ko.sip̚.ta.ko],[tʃʰiŋ.ku.ga.dwe.go.sip̚.ta.go]
할 일이오,7,[hal.il.i.o],[hal.il.i.o]
친구가 되었어요,7,[tʃʰiŋ.ku.ka.twe.ʌt̚.ʌ.jo],[tʃʰiŋ.ku.ga.dwe.ʌt̚.ʌ.jo]
친구가 된 건,7,[tʃʰiŋ.ku.ka.tweŋ.kʌn],[tʃʰiŋ.ku.ga.dwen.gʌn]
바로 달려왔어요,7,[pa.ɾo.tal.ɾjʌ.wat̚.ʌ.jo],[ba.ɾo.dal.ɾjʌ.wat̚.ʌ.jo]
바로 달려갈,7,[pa.ɾo.tal.ɾjʌ.kal],[ba.ɾo.dal.ɾjʌ.gal]
친구가 될 것,7,[tʃʰiŋ.ku.ka.twel.kʌt̚],[tʃʰiŋ.ku.ga.dwel.gʌt̚]
친구가 될 거예요,7,[tʃʰiŋ.ku.ka.twel.kʌ.je.jo],[tʃʰiŋ.ku.ga.dwel.gʌ.je.jo]
친구가 말하기를,7,[tʃʰiŋ.ku.ka.mal.ha.ki.ɾɯl],[tʃʰiŋ.ku.ga.mal.ha.gi.ɾɯl]
친구가 몇 명,7,[tʃʰiŋ.ku.ka.mjʌt̚.mjʌŋ],[tʃʰiŋ.ku.ga.mjʌt̚.mjʌŋ]
날 학교,7,[nal.hak̚.kjo],[nal.hak̚.kjo]
바로 데리러,7,[pa.ɾo.te.ɾi.ɾʌ],[ba.ɾo.de.ɾi.ɾʌ]
갈 수 있었죠,7,[kal.su.it̚.ʌt̚.tʃjo],[gal.su.it̚.ʌt̚.tʃjo]
바로 돈,7,[pa.ɾo.ton],[ba.ɾo.don]
바로 돌아가야,7,[pa.ɾo.tol.a.ka.ja],[ba.ɾo.dol.a.ga.ja]
친구가 생겼나,7,[tʃʰiŋ.ku.ka.sɛŋ.kjʌt̚.na],[tʃʰiŋ.ku.ga.sɛŋ.gjʌt̚.na]
친구가 생긴 것,7,[tʃʰiŋ.ku.ka.sɛŋ.kiŋ.kʌt̚],[tʃʰiŋ.ku.ga.sɛŋ.gin.gʌt̚]
날 할,7,[nal.hal],[nal.hal]
바로 뒤에 있는,7,[pa.ɾo.twi.e.it̚.nɯn],[ba.ɾo.dwi.e.it̚.nɯn]
날 함정에 빠뜨리고,7,[nal.han.tʃʌŋ.e.p͈a.t͈ɯ.ɾi.ko],[nal.han.tʃʌŋ.e.p͈a.t͈ɯ.ɾi.go]
바로 뒤에서,7,[pa.ɾo.twi.e.sʌ],[ba.ɾo.dwi.e.sʌ]
바로 뒤에요,7,[pa.ɾo.twi.e.jo],[ba.ɾo.dwi.e.jo]
친구가 왔어요,7,[tʃʰiŋ.ku.ka.wat̚.ʌ.jo],[tʃʰiŋ.ku.ga.wat̚.ʌ.jo]
친구가 위험에,7,[tʃʰiŋ.ku.ka.wi.hʌm.e],[tʃʰiŋ.ku.ga.wi.hʌm.e]
바로 따라갈게요,7,[pa.ɾo.t͈a.ɾa.kal.ke.jo],[ba.ɾo.t͈a.ɾa.gal.ke.jo]
날 해고할 순,7,[nal.hɛ.ko.hal.sun],[nal.hɛ.go.hal.sun]
친구가 있긴,7,[tʃʰiŋ.ku.ka.it̚.kin],[tʃʰiŋ.ku.ga.it̚.kin]
친구가 있나요,7,[tʃʰiŋ.ku.ka.it̚.na.jo],[tʃʰiŋ.ku.ga.it̚.na.jo]
친구가 있군요,7,[tʃʰiŋ.ku.ka.it̚.kun.jo],[tʃʰiŋ.ku.ga.it̚.kun.jo]
바로 레전드다,7,[pa.ɾo.ɾe.tʃʌn.tɯ.ta],[ba.ɾo.ɾe.dʒʌn.tɯ.da]
친구가 있는데 그,7,[tʃʰiŋ.ku.ka.it̚.nɯn.te.kɯ],[tʃʰiŋ.ku.ga.it̚.nɯn.te.gɯ]
날 해고했어요,7,[nal.hɛ.ko.hɛt̚.ʌ.jo],[nal.hɛ.go.hɛt̚.ʌ.jo]
Mom and,7,,
바로 맞은편에,7,[pa.ɾo.mat̚.ɯm.pʰjʌn.e],[ba.ɾo.mat̚.ɯm.pʰjʌn.e]
날 해치지 말아요,7,[nal.hɛ.tʃʰi.tʃi.mal.a.jo],[nal.hɛ.tʃʰi.dʒi.mal.a.jo]
바로 며칠 전에,7,[pa.ɾo.mjʌ.tʃʰil.tʃʌn.e],[ba.ɾo.mjʌ.tʃʰil.dʒʌn.e]
친구가 있었지,7,[tʃʰiŋ.ku.ka.it̚.ʌt̚.tʃi],[tʃʰiŋ.ku.ga.it̚.ʌt̚.tʃi]
친구가 자네,7,[tʃʰiŋ.ku.ka.tʃa.ne],[tʃʰiŋ.ku.ga.dʒa.ne]
친구가 저기,7,[tʃʰiŋ.ku.ka.tʃʌ.ki],[tʃʰiŋ.ku.ga.dʒʌ.gi]
친구가 죽었다고,7,[tʃʰiŋ.ku.ka.tʃuk̚.ʌt̚.ta.ko],[tʃʰiŋ.ku.ga.dʒuk̚.ʌt̚.ta.go]
바로 밑으로,7,[pa.ɾo.mit̚.ɯ.ɾo],[ba.ɾo.mit̚.ɯ.ɾo]
친구가 차를,7,[tʃʰiŋ.ku.ka.tʃʰa.ɾɯl],[tʃʰiŋ.ku.ga.tʃʰa.ɾɯl]
친구가 필요하죠,7,[tʃʰiŋ.ku.ka.pʰil.jo.ha.tʃjo],[tʃʰiŋ.ku.ga.pʰil.jo.ha.dʒjo]
바로 방금,7,[pa.ɾo.paŋ.kɯm],[ba.ɾo.baŋ.gɯm]
친구가 하나 있는데,7,[tʃʰiŋ.ku.ka.ha.na.it̚.nɯn.te],[tʃʰiŋ.ku.ga.ha.na.it̚.nɯn.te]
계획은 이래요,7,[kje.hwek̚.ɯn.i.ɾɛ.jo],[gje.hwek̚.ɯn.i.ɾɛ.jo]
친구나 가족을,7,[tʃʰiŋ.ku.na.ka.tʃok̚.ɯl],[tʃʰiŋ.ku.na.ga.dʒok̚.ɯl]
할 줄은 몰랐네요,7,[hal.tʃul.ɯn.mol.ɾat̚.ne.jo],[hal.dʒul.ɯn.mol.ɾat̚.ne.jo]
친구는 그냥,7,[tʃʰiŋ.ku.nɯŋ.kɯ.njaŋ],[tʃʰiŋ.ku.nɯn.gɯ.njaŋ]
바로 보일,7,[pa.ɾo.po.il],[ba.ɾo.bo.il]
바로 본국으로 돌아갈 거야,7,[pa.ɾo.poŋ.kuk̚.ɯ.ɾo.tol.a.kal.kʌ.ja],[ba.ɾo.boŋ.kuk̚.ɯ.ɾo.dol.a.gal.gʌ.ja]
바로 본국으로 돌아갈,7,[pa.ɾo.poŋ.kuk̚.ɯ.ɾo.tol.a.kal],[ba.ɾo.boŋ.kuk̚.ɯ.ɾo.dol.a.gal]
친구는 몇,7,[tʃʰiŋ.ku.nɯn.mjʌt̚],[tʃʰiŋ.ku.nɯn.mjʌt̚]
친구는 빙봉 빙봉,7,[tʃʰiŋ.ku.nɯm.pim.pom.pim.poŋ],[tʃʰiŋ.ku.nɯn.biŋ.boŋ.biŋ.boŋ]
친구는 빙봉,7,[tʃʰiŋ.ku.nɯm.pim.poŋ],[tʃʰiŋ.ku.nɯn.biŋ.boŋ]
친구는 서로,7,[tʃʰiŋ.ku.nɯn.sʌ.ɾo],[tʃʰiŋ.ku.nɯn.sʌ.ɾo]
친구는 아냐,7,[tʃʰiŋ.ku.nɯn.a.nja],[tʃʰiŋ.ku.nɯn.a.nja]
바로 빠져,7,[pa.ɾo.p͈a.tʃjʌ],[ba.ɾo.p͈a.dʒjʌ]
계획은 있으세요,7,[kje.hwek̚.ɯn.it̚.ɯ.se.jo],[gje.hwek̚.ɯn.it̚.ɯ.se.jo]
친구는 어때요,7,[tʃʰiŋ.ku.nɯn.ʌ.t͈ɛ.jo],[tʃʰiŋ.ku.nɯn.ʌ.t͈ɛ.jo]
바로 사랑의,7,[pa.ɾo.sa.ɾaŋ.ɯi],[ba.ɾo.sa.ɾaŋ.ɯi]
날 협박했어요,7,[nal.hjʌp̚.pak̚.hɛt̚.ʌ.jo],[nal.hjʌp̚.pak̚.hɛt̚.ʌ.jo]
친구는 여기서,7,[tʃʰiŋ.ku.nɯn.jʌ.ki.sʌ],[tʃʰiŋ.ku.nɯn.jʌ.gi.sʌ]
보물을 찾으러,7,[po.mul.ɯl.tʃʰat̚.ɯ.ɾʌ],[bo.mul.ɯl.tʃʰat̚.ɯ.ɾʌ]
할 짓이 없어서,7,[hal.tʃit̚.i.ʌp̚.ʌ.sʌ],[hal.dʒit̚.i.ʌp̚.ʌ.sʌ]
친구는 이미,7,[tʃʰiŋ.ku.nɯn.i.mi],[tʃʰiŋ.ku.nɯn.i.mi]
친구는 자기가,7,[tʃʰiŋ.ku.nɯn.tʃa.ki.ka],[tʃʰiŋ.ku.nɯn.dʒa.gi.ga]
친구는 정말,7,[tʃʰiŋ.ku.nɯn.tʃʌŋ.mal],[tʃʰiŋ.ku.nɯn.dʒʌŋ.mal]
친구는 조금,7,[tʃʰiŋ.ku.nɯn.tʃo.kɯm],[tʃʰiŋ.ku.nɯn.dʒo.gɯm]
이 소식에,7,[i.so.sik̚.e],[i.so.sik̚.e]
친구는 지금,7,[tʃʰiŋ.ku.nɯn.tʃi.kɯm],[tʃʰiŋ.ku.nɯn.dʒi.gɯm]
계획은 정말,7,[kje.hwek̚.ɯn.tʃʌŋ.mal],[gje.hwek̚.ɯn.dʒʌŋ.mal]
바로 시작하도록,7,[pa.ɾo.si.tʃak̚.ha.to.ɾok̚],[ba.ɾo.si.dʒak̚.ha.do.ɾok̚]
친구는 필요 없어요,7,[tʃʰiŋ.ku.nɯm.pʰil.jo.ʌp̚.ʌ.jo],[tʃʰiŋ.ku.nɯm.pʰil.jo.ʌp̚.ʌ.jo]
날 혼자 두지 마,7,[nal.hon.tʃa.tu.tʃi.ma],[nal.hon.tʃa.du.dʒi.ma]
친구니까 네가,7,[tʃʰiŋ.ku.ni.k͈a.ne.ka],[tʃʰiŋ.ku.ni.k͈a.ne.ga]
바로 시작할 수,7,[pa.ɾo.si.tʃak̚.hal.su],[ba.ɾo.si.dʒak̚.hal.su]
날 화나게 하는,7,[nal.hwa.na.ke.ha.nɯn],[nal.hwa.na.ge.ha.nɯn]
친구도 만나고,7,[tʃʰiŋ.ku.to.man.na.ko],[tʃʰiŋ.ku.do.man.na.go]
바로 시작합시다,7,[pa.ɾo.si.tʃak̚.hap̚.si.ta],[ba.ɾo.si.dʒak̚.hap̚.si.da]
바로 시작해요,7,[pa.ɾo.si.tʃak̚.hɛ.jo],[ba.ɾo.si.dʒak̚.hɛ.jo]
날 화나게 하면,7,[nal.hwa.na.ke.ha.mjʌn],[nal.hwa.na.ge.ha.mjʌn]
친구도 사귈,7,[tʃʰiŋ.ku.to.sa.kwil],[tʃʰiŋ.ku.do.sa.gwil]
날 화나게 해,7,[nal.hwa.na.ke.hɛ],[nal.hwa.na.ge.hɛ]
날 화장하지 마 날,7,[nal.hwa.tʃaŋ.ha.tʃi.ma.nal],[nal.hwa.dʒaŋ.ha.dʒi.ma.nal]
바로 아래야,7,[pa.ɾo.a.ɾɛ.ja],[ba.ɾo.a.ɾɛ.ja]
친구도 여기,7,[tʃʰiŋ.ku.to.jʌ.ki],[tʃʰiŋ.ku.do.jʌ.gi]
갈 수 있음,7,[kal.su.it̚.ɯm],[gal.su.it̚.ɯm]
바로 아실,7,[pa.ɾo.a.sil],[ba.ɾo.a.sil]
날 후회하게,7,[nal.hu.hwe.ha.ke],[nal.hu.hwe.ha.ge]
계획을 가지고 있어,7,[kje.hwek̚.ɯl.ka.tʃi.ko.it̚.ʌ],[gje.hwek̚.ɯl.ga.dʒi.go.it̚.ʌ]
친구들 더,7,[tʃʰiŋ.ku.tɯl.tʌ],[tʃʰiŋ.ku.dɯl.dʌ]
바로 알 수 있어,7,[pa.ɾo.al.su.it̚.ʌ],[ba.ɾo.al.su.it̚.ʌ]
갖고 오기로,7,[kat̚.ko.o.ki.ɾo],[gat̚.ko.o.gi.ɾo]
날 흥분하게,7,[nal.hɯm.pun.ha.ke],[nal.hɯŋ.bun.ha.ge]
바로 알려주게,7,[pa.ɾo.al.ɾjʌ.tʃu.ke],[ba.ɾo.al.ɾjʌ.dʒu.ge]
친구들 모두가,7,[tʃʰiŋ.ku.tɯl.mo.tu.ka],[tʃʰiŋ.ku.dɯl.mo.du.ga]
갖고 여길,7,[kat̚.ko.jʌ.kil],[gat̚.ko.jʌ.gil]
계획을 갖고 있어요,7,[kje.hwek̚.ɯl.kat̚.ko.it̚.ʌ.jo],[gje.hwek̚.ɯl.gat̚.ko.it̚.ʌ.jo]
날 힘들게 하는,7,[nal.hin.tɯl.ke.ha.nɯn],[nal.hin.tɯl.ke.ha.nɯn]
친구들 오면,7,[tʃʰiŋ.ku.tɯl.o.mjʌn],[tʃʰiŋ.ku.dɯl.o.mjʌn]
친구들 오늘,7,[tʃʰiŋ.ku.tɯl.o.nɯl],[tʃʰiŋ.ku.dɯl.o.nɯl]
Bell dings,7,,
바로 알았죠,7,[pa.ɾo.al.at̚.tʃjo],[ba.ɾo.al.at̚.tʃjo]
친구들 정말,7,[tʃʰiŋ.ku.tɯl.tʃʌŋ.mal],[tʃʰiŋ.ku.dɯl.dʒʌŋ.mal]
친구들 전부,7,[tʃʰiŋ.ku.tɯl.tʃʌm.pu],[tʃʰiŋ.ku.dɯl.dʒʌm.pu]
친구들 진짜,7,[tʃʰiŋ.ku.tɯl.tʃin.tʃ͈a],[tʃʰiŋ.ku.dɯl.dʒin.tʃ͈a]
친구들도 좀,7,[tʃʰiŋ.ku.tɯl.to.tʃom],[tʃʰiŋ.ku.dɯl.to.dʒom]
날개 펴고,7,[nal.kɛ.pʰjʌ.ko],[nal.kɛ.pʰjʌ.go]
내가 갖는다,7,[nɛ.ka.kat̚.nɯn.ta],[nɛ.ga.gat̚.nɯn.ta]
할 텨,7,[hal.tʰjʌ],[hal.tʰjʌ]
날개가 돋았네,7,[nal.kɛ.ka.tot̚.at̚.ne],[nal.kɛ.ga.dot̚.at̚.ne]
친구들은 네가,7,[tʃʰiŋ.ku.tɯl.ɯn.ne.ka],[tʃʰiŋ.ku.dɯl.ɯn.ne.ga]
친구들은 다들,7,[tʃʰiŋ.ku.tɯl.ɯn.ta.tɯl],[tʃʰiŋ.ku.dɯl.ɯn.da.dɯl]
바로 여기 눈,7,[pa.ɾo.jʌ.ki.nun],[ba.ɾo.jʌ.gi.nun]
are such,7,,
친구들은 서로,7,[tʃʰiŋ.ku.tɯl.ɯn.sʌ.ɾo],[tʃʰiŋ.ku.dɯl.ɯn.sʌ.ɾo]
할 포소얀,7,[hal.pʰo.so.jan],[hal.pʰo.so.jan]
친구들은 왜,7,[tʃʰiŋ.ku.tɯl.ɯn.wɛ],[tʃʰiŋ.ku.dɯl.ɯn.wɛ]
바로 여기 있다,7,[pa.ɾo.jʌ.ki.it̚.ta],[ba.ɾo.jʌ.gi.it̚.ta]
바로 여기 있었는데,7,[pa.ɾo.jʌ.ki.it̚.ʌt̚.nɯn.te],[ba.ɾo.jʌ.gi.it̚.ʌt̚.nɯn.te]
친구들을 다치게,7,[tʃʰiŋ.ku.tɯl.ɯl.ta.tʃʰi.ke],[tʃʰiŋ.ku.dɯl.ɯl.da.tʃʰi.ge]
친구들을 더,7,[tʃʰiŋ.ku.tɯl.ɯl.tʌ],[tʃʰiŋ.ku.dɯl.ɯl.dʌ]
친구들을 데리고,7,[tʃʰiŋ.ku.tɯl.ɯl.te.ɾi.ko],[tʃʰiŋ.ku.dɯl.ɯl.de.ɾi.go]
친구들을 만나서,7,[tʃʰiŋ.ku.tɯl.ɯl.man.na.sʌ],[tʃʰiŋ.ku.dɯl.ɯl.man.na.sʌ]
친구들을 어떻게,7,[tʃʰiŋ.ku.tɯl.ɯl.ʌ.t͈ʌt̚.ke],[tʃʰiŋ.ku.dɯl.ɯl.ʌ.t͈ʌt̚.ke]
날개를 가지고,7,[nal.kɛ.ɾɯl.ka.tʃi.ko],[nal.kɛ.ɾɯl.ga.dʒi.go]
갈 수가 없어서,7,[kal.su.ka.ʌp̚.ʌ.sʌ],[gal.su.ga.ʌp̚.ʌ.sʌ]
할 특별한,7,[hal.tʰɯk̚.pjʌl.han],[hal.tʰɯk̚.pjʌl.han]
바로 여기에 있는,7,[pa.ɾo.jʌ.ki.e.it̚.nɯn],[ba.ɾo.jʌ.gi.e.it̚.nɯn]
친구들이 나한테,7,[tʃʰiŋ.ku.tɯl.i.na.han.tʰe],[tʃʰiŋ.ku.dɯl.i.na.han.tʰe]
바로 여러분의,7,[pa.ɾo.jʌ.ɾʌ.pun.ɯi],[ba.ɾo.jʌ.ɾʌ.bun.ɯi]
계획을 말해봐,7,[kje.hwek̚.ɯl.mal.hɛ.pwa],[gje.hwek̚.ɯl.mal.hɛ.bwa]
친구들이 몇 명,7,[tʃʰiŋ.ku.tɯl.i.mjʌt̚.mjʌŋ],[tʃʰiŋ.ku.dɯl.i.mjʌt̚.mjʌŋ]
바로 연락드릴게요,7,[pa.ɾo.jʌl.lak̚.tɯ.ɾil.ke.jo],[ba.ɾo.jʌl.lak̚.tɯ.ɾil.ke.jo]
날개를 펼칠,7,[nal.kɛ.ɾɯl.pʰjʌl.tʃʰil],[nal.kɛ.ɾɯl.pʰjʌl.tʃʰil]
바로 연락하고,7,[pa.ɾo.jʌl.lak̚.ha.ko],[ba.ɾo.jʌl.lak̚.ha.go]
날개를 활짝,7,[nal.kɛ.ɾɯl.hwal.tʃ͈ak̚],[nal.kɛ.ɾɯl.hwal.tʃ͈ak̚]
계획을 망쳐,7,[kje.hwek̚.ɯl.maŋ.tʃʰjʌ],[gje.hwek̚.ɯl.maŋ.tʃʰjʌ]
친구들이 이,7,[tʃʰiŋ.ku.tɯl.i.i],[tʃʰiŋ.ku.dɯl.i.i]
날것이 좋아 자기,7,[nal.kʌt̚.i.tʃot̚.a.tʃa.ki],[nal.kʌt̚.i.dʒot̚.a.dʒa.gi]
계획을 망치게,7,[kje.hwek̚.ɯl.maŋ.tʃʰi.ke],[gje.hwek̚.ɯl.maŋ.tʃʰi.ge]
친구들이 있었다,7,[tʃʰiŋ.ku.tɯl.i.it̚.ʌt̚.ta],[tʃʰiŋ.ku.dɯl.i.it̚.ʌt̚.ta]
바로 옆에 있는데,7,[pa.ɾo.jʌp̚.e.it̚.nɯn.te],[ba.ɾo.jʌp̚.e.it̚.nɯn.te]
친구들이 전부,7,[tʃʰiŋ.ku.tɯl.i.tʃʌm.pu],[tʃʰiŋ.ku.dɯl.i.dʒʌm.pu]
날게 해,7,[nal.ke.hɛ],[nal.ke.hɛ]
친구들이 죽을,7,[tʃʰiŋ.ku.tɯl.i.tʃuk̚.ɯl],[tʃʰiŋ.ku.dɯl.i.dʒuk̚.ɯl]
바로 옆으로,7,[pa.ɾo.jʌp̚.ɯ.ɾo],[ba.ɾo.jʌp̚.ɯ.ɾo]
바로 옆의,7,[pa.ɾo.jʌp̚.ɯi],[ba.ɾo.jʌp̚.ɯi]
할 필요성,7,[hal.pʰil.jo.sʌŋ],[hal.pʰil.jo.sʌŋ]
친구들이 하는,7,[tʃʰiŋ.ku.tɯl.i.ha.nɯn],[tʃʰiŋ.ku.dɯl.i.ha.nɯn]
친구들이랑 노는,7,[tʃʰiŋ.ku.tɯl.i.ɾaŋ.no.nɯn],[tʃʰiŋ.ku.dɯl.i.ɾaŋ.no.nɯn]
are talking,7,,
친구들이랑 놀러,7,[tʃʰiŋ.ku.tɯl.i.ɾaŋ.nol.ɾʌ],[tʃʰiŋ.ku.dɯl.i.ɾaŋ.nol.ɾʌ]
친구들이랑 술,7,[tʃʰiŋ.ku.tɯl.i.ɾaŋ.sul],[tʃʰiŋ.ku.dɯl.i.ɾaŋ.sul]
바로 옆이지,7,[pa.ɾo.jʌp̚.i.tʃi],[ba.ɾo.jʌp̚.i.dʒi]
친구들하고 같이,7,[tʃʰiŋ.ku.tɯl.ha.ko.kat̚.i],[tʃʰiŋ.ku.dɯl.ha.go.gat̚.i]
of the Seven Kingdoms,7,,
친구들한테 잘,7,[tʃʰiŋ.ku.tɯl.han.tʰe.tʃal],[tʃʰiŋ.ku.dɯl.han.tʰe.dʒal]
바로 오늘부터,7,[pa.ɾo.o.nɯl.pu.tʰʌ],[ba.ɾo.o.nɯl.pu.tʰʌ]
바로 오른쪽에,7,[pa.ɾo.o.ɾɯn.tʃ͈ok̚.e],[ba.ɾo.o.ɾɯn.tʃ͈ok̚.e]
바로 오라고,7,[pa.ɾo.o.ɾa.ko],[ba.ɾo.o.ɾa.go]
계획을 미리,7,[kje.hwek̚.ɯl.mi.ɾi],[gje.hwek̚.ɯl.mi.ɾi]
때가 있으니까,7,[t͈ɛ.ka.it̚.ɯ.ni.k͈a],[t͈ɛ.ga.it̚.ɯ.ni.k͈a]
그의 문제는,7,[kɯ.ɯi.mun.tʃe.nɯn],[gɯ.ɯi.mun.tʃe.nɯn]
날고 있을,7,[nal.ko.it̚.ɯl],[nal.ko.it̚.ɯl]
친구라고 했어,7,[tʃʰiŋ.ku.ɾa.ko.hɛt̚.ʌ],[tʃʰiŋ.ku.ɾa.go.hɛt̚.ʌ]
할거야 그래,7,[hal.kʌ.ja.kɯ.ɾɛ],[hal.kʌ.ja.gɯ.ɾɛ]
친구라고 했잖아,7,[tʃʰiŋ.ku.ɾa.ko.hɛt̚.tʃan.a],[tʃʰiŋ.ku.ɾa.go.hɛt̚.tʃan.a]
회장님 지시,7,[hwe.tʃaŋ.nin.tʃi.si],[hwe.dʒaŋ.nim.dʒi.si]
친구라도 되는,7,[tʃʰiŋ.ku.ɾa.to.twe.nɯn],[tʃʰiŋ.ku.ɾa.do.dwe.nɯn]
날기 위해,7,[nal.ki.wi.hɛ],[nal.ki.wi.hɛ]
바로 왔습니다,7,[pa.ɾo.wat̚.sɯp̚.ni.ta],[ba.ɾo.wat̚.sɯp̚.ni.da]
날기 위해서,7,[nal.ki.wi.hɛ.sʌ],[nal.ki.wi.hɛ.sʌ]
바로 요점이야,7,[pa.ɾo.jo.tʃʌm.i.ja],[ba.ɾo.jo.dʒʌm.i.ja]
친구랑 함께,7,[tʃʰiŋ.ku.ɾaŋ.ham.k͈e],[tʃʰiŋ.ku.ɾaŋ.ham.k͈e]
친구로 남을래,7,[tʃʰiŋ.ku.ɾo.nam.ɯl.ɾɛ],[tʃʰiŋ.ku.ɾo.nam.ɯl.ɾɛ]
친구로 지내면,7,[tʃʰiŋ.ku.ɾo.tʃi.nɛ.mjʌn],[tʃʰiŋ.ku.ɾo.dʒi.nɛ.mjʌn]
바로 우리에게,7,[pa.ɾo.u.ɾi.e.ke],[ba.ɾo.u.ɾi.e.ge]
친구로서 하는,7,[tʃʰiŋ.ku.ɾo.sʌ.ha.nɯn],[tʃʰiŋ.ku.ɾo.sʌ.ha.nɯn]
갈 수도 없어,7,[kal.su.to.ʌp̚.ʌ],[gal.su.do.ʌp̚.ʌ]
친구를 구하기,7,[tʃʰiŋ.ku.ɾɯl.ku.ha.ki],[tʃʰiŋ.ku.ɾɯl.gu.ha.gi]
친구를 구하러,7,[tʃʰiŋ.ku.ɾɯl.ku.ha.ɾʌ],[tʃʰiŋ.ku.ɾɯl.gu.ha.ɾʌ]
바로 우주입니다,7,[pa.ɾo.u.tʃu.ip̚.ni.ta],[ba.ɾo.u.dʒu.ip̚.ni.da]
날도 얼마 안 남았어,7,[nal.to.ʌl.ma.an.nam.at̚.ʌ],[nal.to.ʌl.ma.an.nam.at̚.ʌ]
친구를 너무,7,[tʃʰiŋ.ku.ɾɯl.lʌ.mu],[tʃʰiŋ.ku.ɾɯl.lʌ.mu]
친구를 다시,7,[tʃʰiŋ.ku.ɾɯl.ta.si],[tʃʰiŋ.ku.ɾɯl.da.si]
바로 위를,7,[pa.ɾo.wi.ɾɯl],[ba.ɾo.wi.ɾɯl]
친구를 데려왔어요,7,[tʃʰiŋ.ku.ɾɯl.te.ɾjʌ.wat̚.ʌ.jo],[tʃʰiŋ.ku.ɾɯl.de.ɾjʌ.wat̚.ʌ.jo]
Montodine 까지,7,[k͈a.tʃi],[k͈a.dʒi]
바로 위쪽,7,[pa.ɾo.wi.tʃ͈ok̚],[ba.ɾo.wi.tʃ͈ok̚]
친구를 만나기로,7,[tʃʰiŋ.ku.ɾɯl.man.na.ki.ɾo],[tʃʰiŋ.ku.ɾɯl.man.na.gi.ɾo]
바로 음성,7,[pa.ɾo.ɯm.sʌŋ],[ba.ɾo.ɯm.sʌŋ]
날도 있어요,7,[nal.to.it̚.ʌ.jo],[nal.to.it̚.ʌ.jo]
바로 이 곳,7,[pa.ɾo.i.kot̚],[ba.ɾo.i.got̚]
친구를 만들었어,7,[tʃʰiŋ.ku.ɾɯl.man.tɯl.ʌt̚.ʌ],[tʃʰiŋ.ku.ɾɯl.man.tɯl.ʌt̚.ʌ]
친구를 만들지,7,[tʃʰiŋ.ku.ɾɯl.man.tɯl.tʃi],[tʃʰiŋ.ku.ɾɯl.man.tɯl.tʃi]
날도 있지,7,[nal.to.it̚.tʃi],[nal.to.it̚.tʃi]
친구를 배신하지,7,[tʃʰiŋ.ku.ɾɯl.pɛ.sin.ha.tʃi],[tʃʰiŋ.ku.ɾɯl.bɛ.sin.ha.dʒi]
친구를 배신하는,7,[tʃʰiŋ.ku.ɾɯl.pɛ.sin.ha.nɯn],[tʃʰiŋ.ku.ɾɯl.bɛ.sin.ha.nɯn]
친구를 보면,7,[tʃʰiŋ.ku.ɾɯl.po.mjʌn],[tʃʰiŋ.ku.ɾɯl.bo.mjʌn]
친구를 사귀면,7,[tʃʰiŋ.ku.ɾɯl.sa.kwi.mjʌn],[tʃʰiŋ.ku.ɾɯl.sa.gwi.mjʌn]
Montodine 까지 데려,7,[k͈a.tʃi.te.ɾjʌ],[k͈a.dʒi.de.ɾjʌ]
회장의 옅은,7,[hwe.tʃaŋ.ɯi.jʌt̚.ɯn],[hwe.dʒaŋ.ɯi.jʌt̚.ɯn]
친구를 소개하지,7,[tʃʰiŋ.ku.ɾɯl.so.kɛ.ha.tʃi],[tʃʰiŋ.ku.ɾɯl.so.gɛ.ha.dʒi]
날들을 우린,7,[nal.tɯl.ɯl.u.ɾin],[nal.tɯl.ɯl.u.ɾin]
바로 이거야 좋아,7,[pa.ɾo.i.kʌ.ja.tʃot̚.a],[ba.ɾo.i.gʌ.ja.dʒot̚.a]
날들을 우린 찾아가고,7,[nal.tɯl.ɯl.u.ɾin.tʃʰat̚.a.ka.ko],[nal.tɯl.ɯl.u.ɾin.tʃʰat̚.a.ga.go]
바로 이거에요,7,[pa.ɾo.i.kʌ.e.jo],[ba.ɾo.i.gʌ.e.jo]
날들을 우린 찾아가고 있잖아,7,[nal.tɯl.ɯl.u.ɾin.tʃʰat̚.a.ka.ko.it̚.tʃan.a],[nal.tɯl.ɯl.u.ɾin.tʃʰat̚.a.ga.go.it̚.tʃan.a]
친구를 잃었고,7,[tʃʰiŋ.ku.ɾɯl.il.ʌt̚.ko],[tʃʰiŋ.ku.ɾɯl.il.ʌt̚.ko]
바로 이것이다,7,[pa.ɾo.i.kʌt̚.i.ta],[ba.ɾo.i.gʌt̚.i.da]
친구를 잘못,7,[tʃʰiŋ.ku.ɾɯl.tʃal.mot̚],[tʃʰiŋ.ku.ɾɯl.dʒal.mot̚]
갈 수도 있다는,7,[kal.su.to.it̚.ta.nɯn],[gal.su.do.it̚.ta.nɯn]
친구를 죽였다고,7,[tʃʰiŋ.ku.ɾɯl.tʃuk̚.jʌt̚.ta.ko],[tʃʰiŋ.ku.ɾɯl.dʒuk̚.jʌt̚.ta.go]
바로 이동한다,7,[pa.ɾo.i.toŋ.han.ta],[ba.ɾo.i.doŋ.han.ta]
획을 그을,7,[hwek̚.ɯl.kɯ.ɯl],[hwek̚.ɯl.gɯ.ɯl]
이 순간을 위한,7,[i.suŋ.kan.ɯl.wi.han],[i.suŋ.kan.ɯl.wi.han]
날려 버려야,7,[nal.ɾjʌ.pʌ.ɾjʌ.ja],[nal.ɾjʌ.bʌ.ɾjʌ.ja]
친구야 너도,7,[tʃʰiŋ.ku.ja.nʌ.to],[tʃʰiŋ.ku.ja.nʌ.do]
바로 인간의,7,[pa.ɾo.iŋ.kan.ɯi],[ba.ɾo.iŋ.kan.ɯi]
날려 버렸잖아,7,[nal.ɾjʌ.pʌ.ɾjʌt̚.tʃan.a],[nal.ɾjʌ.bʌ.ɾjʌt̚.tʃan.a]
친구야 이쪽은,7,[tʃʰiŋ.ku.ja.i.tʃ͈ok̚.ɯn],[tʃʰiŋ.ku.ja.i.tʃ͈ok̚.ɯn]
are the best,7,,
날려 버리기 전에,7,[nal.ɾjʌ.pʌ.ɾi.ki.tʃʌn.e],[nal.ɾjʌ.bʌ.ɾi.gi.dʒʌn.e]
계획을 세운다,7,[kje.hwek̚.ɯl.se.un.ta],[gje.hwek̚.ɯl.se.un.ta]
친구에게 무슨,7,[tʃʰiŋ.ku.e.ke.mu.sɯn],[tʃʰiŋ.ku.e.ge.mu.sɯn]
친구에게 부탁해서,7,[tʃʰiŋ.ku.e.ke.pu.tʰak̚.hɛ.sʌ],[tʃʰiŋ.ku.e.ge.bu.tʰak̚.hɛ.sʌ]
친구여서 정말,7,[tʃʰiŋ.ku.jʌ.sʌ.tʃʌŋ.mal],[tʃʰiŋ.ku.jʌ.sʌ.dʒʌŋ.mal]
친구였기 때문에,7,[tʃʰiŋ.ku.jʌt̚.ki.t͈ɛ.mun.e],[tʃʰiŋ.ku.jʌt̚.ki.t͈ɛ.mun.e]
친구였던 적이,7,[tʃʰiŋ.ku.jʌt̚.tʌn.tʃʌk̚.i],[tʃʰiŋ.ku.jʌt̚.tʌn.dʒʌk̚.i]
친구예요 그럼,7,[tʃʰiŋ.ku.je.jo.kɯ.ɾʌm],[tʃʰiŋ.ku.je.jo.gɯ.ɾʌm]
바로 잡을게,7,[pa.ɾo.tʃap̚.ɯl.ke],[ba.ɾo.dʒap̚.ɯl.ke]
친구예요 지금,7,[tʃʰiŋ.ku.je.jo.tʃi.kɯm],[tʃʰiŋ.ku.je.jo.dʒi.gɯm]
갈 수도 있었어,7,[kal.su.to.it̚.ʌt̚.ʌ],[gal.su.do.it̚.ʌt̚.ʌ]
친구와 가족들을,7,[tʃʰiŋ.ku.wa.ka.tʃok̚.tɯl.ɯl],[tʃʰiŋ.ku.wa.ga.dʒok̚.tɯl.ɯl]
친구와 가족을,7,[tʃʰiŋ.ku.wa.ka.tʃok̚.ɯl],[tʃʰiŋ.ku.wa.ga.dʒok̚.ɯl]
바로 저거지,7,[pa.ɾo.tʃʌ.kʌ.tʃi],[ba.ɾo.dʒʌ.gʌ.dʒi]
할게 알겠지,7,[hal.ke.al.ket̚.tʃi],[hal.ke.al.ket̚.tʃi]
할게 어디,7,[hal.ke.ʌ.ti],[hal.ke.ʌ.di]
공개하기 전에,7,[koŋ.kɛ.ha.ki.tʃʌn.e],[goŋ.gɛ.ha.gi.dʒʌn.e]
친구와 얘기했는데,7,[tʃʰiŋ.ku.wa.jɛ.ki.hɛt̚.nɯn.te],[tʃʰiŋ.ku.wa.jɛ.gi.hɛt̚.nɯn.te]
친구의 도움을,7,[tʃʰiŋ.ku.ɯi.to.um.ɯl],[tʃʰiŋ.ku.ɯi.do.um.ɯl]
친구의 아내를,7,[tʃʰiŋ.ku.ɯi.a.nɛ.ɾɯl],[tʃʰiŋ.ku.ɯi.a.nɛ.ɾɯl]
친구의 친구의,7,[tʃʰiŋ.ku.ɯi.tʃʰiŋ.ku.ɯi],[tʃʰiŋ.ku.ɯi.tʃʰiŋ.ku.ɯi]
친구이기도 하니까,7,[tʃʰiŋ.ku.i.ki.to.ha.ni.k͈a],[tʃʰiŋ.ku.i.gi.do.ha.ni.k͈a]
바로 저기에요,7,[pa.ɾo.tʃʌ.ki.e.jo],[ba.ɾo.dʒʌ.gi.e.jo]
친구이기도 해,7,[tʃʰiŋ.ku.i.ki.to.hɛ],[tʃʰiŋ.ku.i.gi.do.hɛ]
효과가 나타날,7,[hjo.kwa.ka.na.tʰa.nal],[hjo.gwa.ga.na.tʰa.nal]
친구인 건 알지만,7,[tʃʰiŋ.ku.iŋ.kʌn.al.tʃi.man],[tʃʰiŋ.ku.in.gʌn.al.tʃi.man]
바로 저요,7,[pa.ɾo.tʃʌ.jo],[ba.ɾo.dʒʌ.jo]
날려버릴 뻔,7,[nal.ɾjʌ.pʌ.ɾil.p͈ʌn],[nal.ɾjʌ.bʌ.ɾil.p͈ʌn]
친구인가 봐,7,[tʃʰiŋ.ku.iŋ.ka.pwa],[tʃʰiŋ.ku.iŋ.ka.bwa]
날려버릴 거예요,7,[nal.ɾjʌ.pʌ.ɾil.kʌ.je.jo],[nal.ɾjʌ.bʌ.ɾil.gʌ.je.jo]
친구죠 난,7,[tʃʰiŋ.ku.tʃjo.nan],[tʃʰiŋ.ku.dʒjo.nan]
바로 전에요,7,[pa.ɾo.tʃʌn.e.jo],[ba.ɾo.dʒʌn.e.jo]
친구한테 들었어,7,[tʃʰiŋ.ku.han.tʰe.tɯl.ʌt̚.ʌ],[tʃʰiŋ.ku.han.tʰe.dɯl.ʌt̚.ʌ]
친구한테 보낸,7,[tʃʰiŋ.ku.han.tʰe.po.nɛn],[tʃʰiŋ.ku.han.tʰe.bo.nɛn]
친구한테 비밀이 있는,7,[tʃʰiŋ.ku.han.tʰe.pi.mil.i.it̚.nɯn],[tʃʰiŋ.ku.han.tʰe.bi.mil.i.it̚.nɯn]
Montodine 까지 데려 갈까요,7,[k͈a.tʃi.te.ɾjʌ.kal.k͈a.jo],[k͈a.dʒi.de.ɾjʌ.gal.k͈a.jo]
친구한테 줄,7,[tʃʰiŋ.ku.han.tʰe.tʃul],[tʃʰiŋ.ku.han.tʰe.dʒul]
친구한테 한,7,[tʃʰiŋ.ku.han.tʰe.han],[tʃʰiŋ.ku.han.tʰe.han]
바로 제 앞에,7,[pa.ɾo.tʃe.ap̚.e],[ba.ɾo.dʒe.ap̚.e]
친다면 이렇게,7,[tʃʰin.ta.mjʌn.i.ɾʌt̚.ke],[tʃʰin.ta.mjʌn.i.ɾʌt̚.ke]
친다면 이렇게 편곡,7,[tʃʰin.ta.mjʌn.i.ɾʌt̚.ke.pʰjʌŋ.kok̚],[tʃʰin.ta.mjʌn.i.ɾʌt̚.ke.pʰjʌŋ.kok̚]
날로 먹는,7,[nal.ɾo.mʌk̚.nɯn],[nal.ɾo.mʌk̚.nɯn]
할게요 그런,7,[hal.ke.jo.kɯ.ɾʌn],[hal.ke.jo.gɯ.ɾʌn]
친애하는 엘레나에게,7,[tʃʰin.ɛ.ha.nɯn.el.ɾe.na.e.ke],[tʃʰin.ɛ.ha.nɯn.el.ɾe.na.e.ge]
바로 지금부터,7,[pa.ɾo.tʃi.kɯm.pu.tʰʌ],[ba.ɾo.dʒi.gɯm.pu.tʰʌ]
I can''t control,7,,
친절하게 굴,7,[tʃʰin.tʃʌl.ha.ke.kul],[tʃʰin.tʃʌl.ha.ge.gul]
친절하게 구는,7,[tʃʰin.tʃʌl.ha.ke.ku.nɯn],[tʃʰin.tʃʌl.ha.ge.gu.nɯn]
바로 지금은,7,[pa.ɾo.tʃi.kɯm.ɯn],[ba.ɾo.dʒi.gɯm.ɯn]
날리는 거예요,7,[nal.ɾi.nɯŋ.kʌ.je.jo],[nal.ɾi.nɯn.gʌ.je.jo]
할게요 너무,7,[hal.ke.jo.nʌ.mu],[hal.ke.jo.nʌ.mu]
계획을 아는,7,[kje.hwek̚.ɯl.a.nɯn],[gje.hwek̚.ɯl.a.nɯn]
친절하게도 저번에,7,[tʃʰin.tʃʌl.ha.ke.to.tʃʌ.pʌn.e],[tʃʰin.tʃʌl.ha.ge.do.dʒʌ.bʌn.e]
친절하게도 저번에 선물로 보내,7,[tʃʰin.tʃʌl.ha.ke.to.tʃʌ.pʌn.e.sʌn.mul.ɾo.po.nɛ],[tʃʰin.tʃʌl.ha.ge.do.dʒʌ.bʌn.e.sʌn.mul.ɾo.bo.nɛ]
날리는 건,7,[nal.ɾi.nɯŋ.kʌn],[nal.ɾi.nɯn.gʌn]
친절하시네요 이,7,[tʃʰin.tʃʌl.ha.si.ne.jo.i],[tʃʰin.tʃʌl.ha.si.ne.jo.i]
친절하지 않아,7,[tʃʰin.tʃʌl.ha.tʃi.an.a],[tʃʰin.tʃʌl.ha.dʒi.an.a]
친절하시네요 하지만,7,[tʃʰin.tʃʌl.ha.si.ne.jo.ha.tʃi.man],[tʃʰin.tʃʌl.ha.si.ne.jo.ha.dʒi.man]
친절한 게,7,[tʃʰin.tʃʌl.haŋ.ke],[tʃʰin.tʃʌl.han.ge]
친절한 말이네 친절,7,[tʃʰin.tʃʌl.han.mal.i.ne.tʃʰin.tʃʌl],[tʃʰin.tʃʌl.han.mal.i.ne.tʃʰin.tʃʌl]
친척들에게 연락을,7,[tʃʰin.tʃʰʌk̚.tɯl.e.ke.jʌl.lak̚.ɯl],[tʃʰin.tʃʰʌk̚.tɯl.e.ge.jʌl.lak̚.ɯl]
친척들에게 연락을 드린,7,[tʃʰin.tʃʰʌk̚.tɯl.e.ke.jʌl.lak̚.ɯl.tɯ.ɾin],[tʃʰin.tʃʰʌk̚.tɯl.e.ge.jʌl.lak̚.ɯl.dɯ.ɾin]
친척들에게 연락을 드린 다음,7,[tʃʰin.tʃʰʌk̚.tɯl.e.ke.jʌl.lak̚.ɯl.tɯ.ɾin.ta.ɯm],[tʃʰin.tʃʰʌk̚.tɯl.e.ge.jʌl.lak̚.ɯl.dɯ.ɾin.da.ɯm]
친척을 만나러,7,[tʃʰin.tʃʰʌk̚.ɯl.man.na.ɾʌ],[tʃʰin.tʃʰʌk̚.ɯl.man.na.ɾʌ]
친하게 지내는 거,7,[tʃʰin.ha.ke.tʃi.nɛ.nɯŋ.kʌ],[tʃʰin.ha.ge.dʒi.nɛ.nɯn.gʌ]
친하게 지낼 수,7,[tʃʰin.ha.ke.tʃi.nɛl.su],[tʃʰin.ha.ge.dʒi.nɛl.su]
바로 총을,7,[pa.ɾo.tʃʰoŋ.ɯl],[ba.ɾo.tʃʰoŋ.ɯl]
친하지 않아,7,[tʃʰin.ha.tʃi.an.a],[tʃʰin.ha.dʒi.an.a]
친하게 지냈어요,7,[tʃʰin.ha.ke.tʃi.nɛt̚.ʌ.jo],[tʃʰin.ha.ge.dʒi.nɛt̚.ʌ.jo]
바로 출발하죠,7,[pa.ɾo.tʃʰul.pal.ha.tʃjo],[ba.ɾo.tʃʰul.pal.ha.dʒjo]
친한 걸,7,[tʃʰin.haŋ.kʌl],[tʃʰin.han.gʌl]
할게요 어떤,7,[hal.ke.jo.ʌ.t͈ʌn],[hal.ke.jo.ʌ.t͈ʌn]
할게요 오,7,[hal.ke.jo.o],[hal.ke.jo.o]
친한 척하는,7,[tʃʰin.han.tʃʰʌk̚.ha.nɯn],[tʃʰin.han.tʃʰʌk̚.ha.nɯn]
날릴 수 있는,7,[nal.ɾil.su.it̚.nɯn],[nal.ɾil.su.it̚.nɯn]
날릴 순,7,[nal.ɾil.sun],[nal.ɾil.sun]
친한 친구들이,7,[tʃʰin.han.tʃʰiŋ.ku.tɯl.i],[tʃʰin.han.tʃʰiŋ.ku.dɯl.i]
바로 하자,7,[pa.ɾo.ha.tʃa],[ba.ɾo.ha.dʒa]
날립니다 그대로,7,[nal.ɾip̚.ni.ta.kɯ.tɛ.ɾo],[nal.ɾip̚.ni.da.gɯ.dɛ.ɾo]
날립니다 그대로 쓰러져,7,[nal.ɾip̚.ni.ta.kɯ.tɛ.ɾo.s͈ɯ.ɾʌ.tʃjʌ],[nal.ɾip̚.ni.da.gɯ.dɛ.ɾo.s͈ɯ.ɾʌ.dʒjʌ]
날립니다 그대로 쓰러져 로프에,7,[nal.ɾip̚.ni.ta.kɯ.tɛ.ɾo.s͈ɯ.ɾʌ.tʃjʌ.ɾo.pʰɯ.e],[nal.ɾip̚.ni.da.gɯ.dɛ.ɾo.s͈ɯ.ɾʌ.dʒjʌ.ɾo.pʰɯ.e]
바로 호텔로,7,[pa.ɾo.ho.tʰel.ɾo],[ba.ɾo.ho.tʰel.ɾo]
친해져야 해,7,[tʃʰin.hɛ.tʃjʌ.ja.hɛ],[tʃʰin.hɛ.dʒjʌ.ja.hɛ]
날마다 오는,7,[nal.ma.ta.o.nɯn],[nal.ma.da.o.nɯn]
친해지고 싶다,7,[tʃʰin.hɛ.tʃi.ko.sip̚.ta],[tʃʰin.hɛ.dʒi.go.sip̚.ta]
걸 말이야 그래,7,[kʌl.mal.i.ja.kɯ.ɾɛ],[gʌl.mal.i.ja.gɯ.ɾɛ]
칠 거면,7,[tʃʰil.kʌ.mjʌn],[tʃʰil.gʌ.mjʌn]
칠 거지,7,[tʃʰil.kʌ.tʃi],[tʃʰil.gʌ.dʒi]
칠 걸,7,[tʃʰil.kʌl],[tʃʰil.gʌl]
날며 다른 違う世界の青を見たい,7,[nal.mjʌ.ta.ɾɯn],[nal.mjʌ.da.ɾɯn]
보세요 여기가,7,[po.se.jo.jʌ.ki.ka],[bo.se.jo.jʌ.gi.ga]
계획을 짜기,7,[kje.hwek̚.ɯl.tʃ͈a.ki],[gje.hwek̚.ɯl.tʃ͈a.gi]
날며 다른 違う世界の青を見たい 세상의,7,[nal.mjʌ.ta.ɾɯn.se.saŋ.ɯi],[nal.mjʌ.da.ɾɯn.se.saŋ.ɯi]
are the last,7,,
바로잡고 타이어에,7,[pa.ɾo.tʃap̚.ko.tʰa.i.ʌ.e],[ba.ɾo.dʒap̚.ko.tʰa.i.ʌ.e]
바로잡고 타이어에 바람도 넣었어요,7,[pa.ɾo.tʃap̚.ko.tʰa.i.ʌ.e.pa.ɾan.to.nʌt̚.ʌt̚.ʌ.jo],[ba.ɾo.dʒap̚.ko.tʰa.i.ʌ.e.ba.ɾan.to.nʌt̚.ʌt̚.ʌ.jo]
바로잡고 타이어에 바람도,7,[pa.ɾo.tʃap̚.ko.tʰa.i.ʌ.e.pa.ɾan.to],[ba.ɾo.dʒap̚.ko.tʰa.i.ʌ.e.ba.ɾan.to]
칠 수 있다면,7,[tʃʰil.su.it̚.ta.mjʌn],[tʃʰil.su.it̚.ta.mjʌn]
칠 수 있다고,7,[tʃʰil.su.it̚.ta.ko],[tʃʰil.su.it̚.ta.go]
바로잡는 거야,7,[pa.ɾo.tʃap̚.nɯŋ.kʌ.ja],[ba.ɾo.dʒap̚.nɯn.gʌ.ja]
날부터 계속,7,[nal.pu.tʰʌ.kje.sok̚],[nal.pu.tʰʌ.gje.sok̚]
바로잡는 데,7,[pa.ɾo.tʃap̚.nɯn.te],[ba.ɾo.dʒap̚.nɯn.de]
칠 줄 아는,7,[tʃʰil.tʃul.a.nɯn],[tʃʰil.dʒul.a.nɯn]
칠 줄 알았어,7,[tʃʰil.tʃul.al.at̚.ʌ],[tʃʰil.dʒul.al.at̚.ʌ]
바로잡을 기회야,7,[pa.ɾo.tʃap̚.ɯl.ki.hwe.ja],[ba.ɾo.dʒap̚.ɯl.gi.hwe.ja]
칠 테고,7,[tʃʰil.tʰe.ko],[tʃʰil.tʰe.go]
바로잡을 수 있는,7,[pa.ɾo.tʃap̚.ɯl.su.it̚.nɯn],[ba.ɾo.dʒap̚.ɯl.su.it̚.nɯn]
칠면조 베이컨,7,[tʃʰil.mjʌn.tʃo.pe.i.kʰʌn],[tʃʰil.mjʌn.tʃo.be.i.kʰʌn]
칠면조 다리,7,[tʃʰil.mjʌn.tʃo.ta.ɾi],[tʃʰil.mjʌn.tʃo.da.ɾi]
칠면조 요리,7,[tʃʰil.mjʌn.tʃo.jo.ɾi],[tʃʰil.mjʌn.tʃo.jo.ɾi]
칠면조 요리를,7,[tʃʰil.mjʌn.tʃo.jo.ɾi.ɾɯl],[tʃʰil.mjʌn.tʃo.jo.ɾi.ɾɯl]
칠성의 거친,7,[tʃʰil.sʌŋ.ɯi.kʌ.tʃʰin],[tʃʰil.sʌŋ.ɯi.gʌ.tʃʰin]
칠수 없나봐 그래도,7,[tʃʰil.su.ʌp̚.na.pwa.kɯ.ɾɛ.to],[tʃʰil.su.ʌp̚.na.bwa.gɯ.ɾɛ.do]
바로잡을 시간이,7,[pa.ɾo.tʃap̚.ɯl.si.kan.i],[ba.ɾo.dʒap̚.ɯl.si.gan.i]
칠수 없나봐 그래도 한걸음,7,[tʃʰil.su.ʌp̚.na.pwa.kɯ.ɾɛ.to.haŋ.kʌl.ɯm],[tʃʰil.su.ʌp̚.na.bwa.gɯ.ɾɛ.do.haŋ.kʌl.ɯm]
칠지도 몰라,7,[tʃʰil.tʃi.to.mol.ɾa],[tʃʰil.tʃi.do.mol.ɾa]
칠턴 박사를,7,[tʃʰil.tʰʌm.pak̚.sa.ɾɯl],[tʃʰil.tʰʌn.bak̚.sa.ɾɯl]
바르 신드롬,7,[pa.ɾɯ.sin.tɯ.ɾom],[ba.ɾɯ.sin.tɯ.ɾom]
계획을 함께,7,[kje.hwek̚.ɯl.ham.k͈e],[gje.hwek̚.ɯl.ham.k͈e]
칠하는 걸,7,[tʃʰil.ha.nɯŋ.kʌl],[tʃʰil.ha.nɯn.gʌl]
계획의 모든,7,[kje.hwek̚.ɯi.mo.tɯn],[gje.hwek̚.ɯi.mo.dɯn]
바르고 있어,7,[pa.ɾɯ.ko.it̚.ʌ],[ba.ɾɯ.go.it̚.ʌ]
침 뱉어서,7,[tʃʰim.pɛt̚.ʌ.sʌ],[tʃʰim.bɛt̚.ʌ.sʌ]
할레이션 THE WAR 눈을,7,[hal.ɾe.i.sjʌn.nun.ɯl],[hal.ɾe.i.sjʌn.nun.ɯl]
날씨가 너무 안,7,[nal.s͈i.ka.nʌ.mu.an],[nal.s͈i.ga.nʌ.mu.an]
침공에 대비해,7,[tʃʰim.koŋ.e.tɛ.pi.hɛ],[tʃʰim.koŋ.e.dɛ.bi.hɛ]
날씨가 더,7,[nal.s͈i.ka.tʌ],[nal.s͈i.ga.dʌ]
내가 걱정하는 게,7,[nɛ.ka.kʌk̚.tʃʌŋ.ha.nɯŋ.ke],[nɛ.ga.gʌk̚.tʃʌŋ.ha.nɯn.ge]
침대 맡에,7,[tʃʰin.tɛ.mat̚.e],[tʃʰin.tɛ.mat̚.e]
날씨가 왜,7,[nal.s͈i.ka.wɛ],[nal.s͈i.ga.wɛ]
할렘에 있는,7,[hal.ɾem.e.it̚.nɯn],[hal.ɾem.e.it̚.nɯn]
침대 밑에 숨어서,7,[tʃʰin.tɛ.mit̚.e.sum.ʌ.sʌ],[tʃʰin.tɛ.mit̚.e.sum.ʌ.sʌ]
이 썅년,7,[i.s͈jaŋ.njʌn],[i.s͈jaŋ.njʌn]
침대 발치에,7,[tʃʰin.tɛ.pal.tʃʰi.e],[tʃʰin.tɛ.bal.tʃʰi.e]
바른 사람이,7,[pa.ɾɯn.sa.ɾam.i],[ba.ɾɯn.sa.ɾam.i]
바른 판단을,7,[pa.ɾɯm.pʰan.tan.ɯl],[ba.ɾɯm.pʰan.tan.ɯl]
침대 아니면,7,[tʃʰin.tɛ.a.ni.mjʌn],[tʃʰin.tɛ.a.ni.mjʌn]
계획의 일부일,7,[kje.hwek̚.ɯi.il.pu.il],[gje.hwek̚.ɯi.il.pu.il]
침대 위로,7,[tʃʰin.tɛ.wi.ɾo],[tʃʰin.tɛ.wi.ɾo]
바를 모르겠어요,7,[pa.ɾɯl.mo.ɾɯ.ket̚.ʌ.jo],[ba.ɾɯl.mo.ɾɯ.get̚.ʌ.jo]
날씨가 좋지,7,[nal.s͈i.ka.tʃot̚.tʃi],[nal.s͈i.ga.dʒot̚.tʃi]
때까지 나오지 마,7,[t͈ɛ.k͈a.tʃi.na.o.tʃi.ma],[t͈ɛ.k͈a.dʒi.na.o.dʒi.ma]
침대가 너무,7,[tʃʰin.tɛ.ka.nʌ.mu],[tʃʰin.tɛ.ga.nʌ.mu]
침대는 안,7,[tʃʰin.tɛ.nɯn.an],[tʃʰin.tɛ.nɯn.an]
바리스 경은,7,[pa.ɾi.sɯ.kjʌŋ.ɯn],[ba.ɾi.sɯ.gjʌŋ.ɯn]
바리케이드를 치다,7,[pa.ɾi.kʰe.i.tɯ.ɾɯl.tʃʰi.ta],[ba.ɾi.kʰe.i.dɯ.ɾɯl.tʃʰi.da]
바바라 바바라,7,[pa.pa.ɾa.pa.pa.ɾa],[ba.ba.ɾa.ba.ba.ɾa]
침대로 다시,7,[tʃʰin.tɛ.ɾo.ta.si],[tʃʰin.tɛ.ɾo.da.si]
침대로 돌아와,7,[tʃʰin.tɛ.ɾo.tol.a.wa],[tʃʰin.tɛ.ɾo.dol.a.wa]
침대를 같이,7,[tʃʰin.tɛ.ɾɯl.kat̚.i],[tʃʰin.tɛ.ɾɯl.gat̚.i]
침대를 쓰는,7,[tʃʰin.tɛ.ɾɯl.s͈ɯ.nɯn],[tʃʰin.tɛ.ɾɯl.s͈ɯ.nɯn]
바보 같겠지만,7,[pa.po.kat̚.ket̚.tʃi.man],[ba.bo.gat̚.ket̚.tʃi.man]
할만한 가치가,7,[hal.man.haŋ.ka.tʃʰi.ka],[hal.man.han.ga.tʃʰi.ga]
침대에 누울,7,[tʃʰin.tɛ.e.nu.ul],[tʃʰin.tɛ.e.nu.ul]
침대에 누워있는,7,[tʃʰin.tɛ.e.nu.wʌ.it̚.nɯn],[tʃʰin.tɛ.e.nu.wʌ.it̚.nɯn]
are the same,7,,
보세요 할,7,[po.se.jo.hal],[bo.se.jo.hal]
날씨도 추운데,7,[nal.s͈i.to.tʃʰu.un.te],[nal.s͈i.do.tʃʰu.un.te]
침대에 다시 누워,7,[tʃʰin.tɛ.e.ta.si.nu.wʌ],[tʃʰin.tɛ.e.da.si.nu.wʌ]
바보 같아도,7,[pa.po.kat̚.a.to],[ba.bo.gat̚.a.do]
침대에 묶여,7,[tʃʰin.tɛ.e.muk̚.jʌ],[tʃʰin.tɛ.e.muk̚.jʌ]
계획이 무엇인지,7,[kje.hwek̚.i.mu.ʌt̚.in.tʃi],[gje.hwek̚.i.mu.ʌt̚.in.tʃi]
침대에 있던,7,[tʃʰin.tɛ.e.it̚.tʌn],[tʃʰin.tɛ.e.it̚.tʌn]
침대에 있고,7,[tʃʰin.tɛ.e.it̚.ko],[tʃʰin.tɛ.e.it̚.ko]
갈 시간인,7,[kal.si.kan.in],[gal.si.gan.in]
침대에 좀,7,[tʃʰin.tɛ.e.tʃom],[tʃʰin.tɛ.e.dʒom]
걸 말이야 우리가,7,[kʌl.mal.i.ja.u.ɾi.ka],[gʌl.mal.i.ja.u.ɾi.ga]
보셔야 될 거,7,[po.sjʌ.ja.twel.kʌ],[bo.sjʌ.ja.dwel.gʌ]
침대에서 말이야,7,[tʃʰin.tɛ.e.sʌ.mal.i.ja],[tʃʰin.tɛ.e.sʌ.mal.i.ja]
갈 시간인 것,7,[kal.si.kan.iŋ.kʌt̚],[gal.si.gan.in.gʌt̚]
바보 같은 녀석,7,[pa.po.kat̚.ɯn.njʌ.sʌk̚],[ba.bo.gat̚.ɯn.njʌ.sʌk̚]
계획이 뭐라고,7,[kje.hwek̚.i.mwʌ.ɾa.ko],[gje.hwek̚.i.mwʌ.ɾa.go]
날아가고 있어,7,[nal.a.ka.ko.it̚.ʌ],[nal.a.ga.go.it̚.ʌ]
날아가고 싶어,7,[nal.a.ka.ko.sip̚.ʌ],[nal.a.ga.go.sip̚.ʌ]
바보 같은 생각,7,[pa.po.kat̚.ɯn.sɛŋ.kak̚],[ba.bo.gat̚.ɯn.sɛŋ.gak̚]
날아가는 거,7,[nal.a.ka.nɯŋ.kʌ],[nal.a.ga.nɯn.gʌ]
할머니 돌아가시고,7,[hal.mʌ.ni.tol.a.ka.si.ko],[hal.mʌ.ni.dol.a.ga.si.go]
침몰 했어 가십에,7,[tʃʰim.mol.hɛt̚.ʌ.ka.sip̚.e],[tʃʰim.mol.hɛt̚.ʌ.ga.sip̚.e]
침몰 했어,7,[tʃʰim.mol.hɛt̚.ʌ],[tʃʰim.mol.hɛt̚.ʌ]
바보 같은 소리를,7,[pa.po.kat̚.ɯn.so.ɾi.ɾɯl],[ba.bo.gat̚.ɯn.so.ɾi.ɾɯl]
바보 같은 소리지만,7,[pa.po.kat̚.ɯn.so.ɾi.tʃi.man],[ba.bo.gat̚.ɯn.so.ɾi.dʒi.man]
are the three,7,,
바보 같은 옷을,7,[pa.po.kat̚.ɯn.ot̚.ɯl],[ba.bo.gat̚.ɯn.ot̚.ɯl]
of the man,7,,
할머니 말씀,7,[hal.mʌ.ni.mal.s͈ɯm],[hal.mʌ.ni.mal.s͈ɯm]
침묵을 지켜야,7,[tʃʰim.muk̚.ɯl.tʃi.kʰjʌ.ja],[tʃʰim.muk̚.ɯl.dʒi.kʰjʌ.ja]
바보 같은 자식,7,[pa.po.kat̚.ɯn.tʃa.sik̚],[ba.bo.gat̚.ɯn.dʒa.sik̚]
침묵이 견디기 힘들어,7,[tʃʰim.muk̚.i.kjʌn.ti.ki.hin.tɯl.ʌ],[tʃʰim.muk̚.i.gjʌn.ti.gi.hin.tɯl.ʌ]
침묵이 견디기,7,[tʃʰim.muk̚.i.kjʌn.ti.ki],[tʃʰim.muk̚.i.gjʌn.ti.gi]
침묵이 날,7,[tʃʰim.muk̚.i.nal],[tʃʰim.muk̚.i.nal]
침묵이 날 죽이겠어,7,[tʃʰim.muk̚.i.nal.tʃuk̚.i.ket̚.ʌ],[tʃʰim.muk̚.i.nal.dʒuk̚.i.get̚.ʌ]
침범할 수,7,[tʃʰim.pʌm.hal.su],[tʃʰim.pʌm.hal.su]
날아가는 효과음,7,[nal.a.ka.nɯn.hjo.kwa.ɯm],[nal.a.ga.nɯn.hjo.gwa.ɯm]
More than a,7,,
바보 같은 짓을 했어,7,[pa.po.kat̚.ɯn.tʃit̚.ɯl.hɛt̚.ʌ],[ba.bo.gat̚.ɯn.dʒit̚.ɯl.hɛt̚.ʌ]
are the three words,7,,
침실로 가,7,[tʃʰim.sil.ɾo.ka],[tʃʰim.sil.ɾo.ga]
날아간 거,7,[nal.a.kaŋ.kʌ],[nal.a.gan.gʌ]
침실이 두,7,[tʃʰim.sil.i.tu],[tʃʰim.sil.i.du]
날아간 건,7,[nal.a.kaŋ.kʌn],[nal.a.gan.gʌn]
침을 뱉었어요,7,[tʃʰim.ɯl.pɛt̚.ʌt̚.ʌ.jo],[tʃʰim.ɯl.bɛt̚.ʌt̚.ʌ.jo]
할머니 집으로,7,[hal.mʌ.ni.tʃip̚.ɯ.ɾo],[hal.mʌ.ni.dʒip̚.ɯ.ɾo]
바보 난,7,[pa.po.nan],[ba.bo.nan]
날아갈 겁니다,7,[nal.a.kal.kʌp̚.ni.ta],[nal.a.gal.gʌp̚.ni.da]
바보 멍청아,7,[pa.po.mʌŋ.tʃʰʌŋ.a],[ba.bo.mʌŋ.tʃʰʌŋ.a]
of the pack,7,,
날아갈 때,7,[nal.a.kal.t͈ɛ],[nal.a.gal.t͈ɛ]
침입하기 전에,7,[tʃʰim.ip̚.ha.ki.tʃʌn.e],[tʃʰim.ip̚.ha.gi.dʒʌn.e]
갈 의향이,7,[kal.ɯi.hjaŋ.i],[gal.ɯi.hjaŋ.i]
바보 아저씨,7,[pa.po.a.tʃʌ.s͈i],[ba.bo.a.dʒʌ.s͈i]
침입한 흔적도 없다,7,[tʃʰim.ip̚.han.hɯn.tʃʌk̚.to.ʌp̚.ta],[tʃʰim.ip̚.han.hɯn.tʃʌk̚.to.ʌp̚.ta]
날아갈 수 있어,7,[nal.a.kal.su.it̚.ʌ],[nal.a.gal.su.it̚.ʌ]
후 너무,7,[hu.nʌ.mu],[hu.nʌ.mu]
보스 말,7,[po.sɯ.mal],[bo.sɯ.mal]
날아갈 줄 알아,7,[nal.a.kal.tʃul.al.a],[nal.a.gal.dʒul.al.a]
할머니가 좋아하는,7,[hal.mʌ.ni.ka.tʃot̚.a.ha.nɯn],[hal.mʌ.ni.ga.dʒot̚.a.ha.nɯn]
계획이 성공하면,7,[kje.hwek̚.i.sʌŋ.koŋ.ha.mjʌn],[gje.hwek̚.i.sʌŋ.goŋ.ha.mjʌn]
침투할 수 있어,7,[tʃʰin.tʰu.hal.su.it̚.ʌ],[tʃʰin.tʰu.hal.su.it̚.ʌ]
계획이 성공할,7,[kje.hwek̚.i.sʌŋ.koŋ.hal],[gje.hwek̚.i.sʌŋ.goŋ.hal]
할머니는 날,7,[hal.mʌ.ni.nɯn.nal],[hal.mʌ.ni.nɯn.nal]
계획이 수포로,7,[kje.hwek̚.i.su.pʰo.ɾo],[gje.hwek̚.i.su.pʰo.ɾo]
계획이 실패하면,7,[kje.hwek̚.i.sil.pʰɛ.ha.mjʌn],[gje.hwek̚.i.sil.pʰɛ.ha.mjʌn]
칭찬으로 듣겠습니다,7,[tʃʰiŋ.tʃʰan.ɯ.ɾo.tɯt̚.ket̚.sɯp̚.ni.ta],[tʃʰiŋ.tʃʰan.ɯ.ɾo.dɯt̚.ket̚.sɯp̚.ni.da]
More than a woman,7,,
칭찬이지 생각지도 못할,7,[tʃʰiŋ.tʃʰan.i.tʃi.sɛŋ.kak̚.tʃi.to.mot̚.hal],[tʃʰiŋ.tʃʰan.i.dʒi.sɛŋ.gak̚.tʃi.do.mot̚.hal]
칭찬이지 생각지도,7,[tʃʰiŋ.tʃʰan.i.tʃi.sɛŋ.kak̚.tʃi.to],[tʃʰiŋ.tʃʰan.i.dʒi.sɛŋ.gak̚.tʃi.do]
칭찬이지 생각지도 못할 때,7,[tʃʰiŋ.tʃʰan.i.tʃi.sɛŋ.kak̚.tʃi.to.mot̚.hal.t͈ɛ],[tʃʰiŋ.tʃʰan.i.dʒi.sɛŋ.gak̚.tʃi.do.mot̚.hal.t͈ɛ]
칭찬하는 거,7,[tʃʰiŋ.tʃʰan.ha.nɯŋ.kʌ],[tʃʰiŋ.tʃʰan.ha.nɯn.gʌ]
칭찬해 주는,7,[tʃʰiŋ.tʃʰan.hɛ.tʃu.nɯn],[tʃʰiŋ.tʃʰan.hɛ.dʒu.nɯn]
갈 일은 없을,7,[kal.il.ɯn.ʌp̚.ɯl],[gal.il.ɯn.ʌp̚.ɯl]
카 뱉는다,7,[kʰa.pɛt̚.nɯn.ta],[kʰa.bɛt̚.nɯn.ta]
바보는 아니네,7,[pa.po.nɯn.a.ni.ne],[ba.bo.nɯn.a.ni.ne]
카드 가지고,7,[kʰa.tɯ.ka.tʃi.ko],[kʰa.dɯ.ga.dʒi.go]
카드 갖고,7,[kʰa.tɯ.kat̚.ko],[kʰa.dɯ.gat̚.ko]
카드 같은 거,7,[kʰa.tɯ.kat̚.ɯŋ.kʌ],[kʰa.dɯ.gat̚.ɯn.gʌ]
카드 결제,7,[kʰa.tɯ.kjʌl.tʃe],[kʰa.dɯ.gjʌl.tʃe]
카드 번호,7,[kʰa.tɯ.pʌn.ho],[kʰa.dɯ.bʌn.ho]
계획이 안,7,[kje.hwek̚.i.an],[gje.hwek̚.i.an]
계획이 약간,7,[kje.hwek̚.i.jak̚.kan],[gje.hwek̚.i.jak̚.kan]
바보라고 생각해,7,[pa.po.ɾa.ko.sɛŋ.kak̚.hɛ],[ba.bo.ɾa.go.sɛŋ.gak̚.hɛ]
바보란 소린 아니잖아,7,[pa.po.ɾan.so.ɾin.a.ni.tʃan.a],[ba.bo.ɾan.so.ɾin.a.ni.dʒan.a]
바보란 소린,7,[pa.po.ɾan.so.ɾin],[ba.bo.ɾan.so.ɾin]
바보란 소린 아니잖아 그만해요,7,[pa.po.ɾan.so.ɾin.a.ni.tʃan.a.kɯ.man.hɛ.jo],[ba.bo.ɾan.so.ɾin.a.ni.dʒan.a.gɯ.man.hɛ.jo]
바보로 만드는,7,[pa.po.ɾo.man.tɯ.nɯn],[ba.bo.ɾo.man.tɯ.nɯn]
바보로 만들었죠,7,[pa.po.ɾo.man.tɯl.ʌt̚.tʃjo],[ba.bo.ɾo.man.tɯl.ʌt̚.tʃjo]
계획이 없다면,7,[kje.hwek̚.i.ʌp̚.ta.mjʌn],[gje.hwek̚.i.ʌp̚.ta.mjʌn]
할수도 있고,7,[hal.su.to.it̚.ko],[hal.su.do.it̚.ko]
날에 저,7,[nal.e.tʃʌ],[nal.e.dʒʌ]
날에 저 셔츠를,7,[nal.e.tʃʌ.sjʌ.tʃʰɯ.ɾɯl],[nal.e.dʒʌ.sjʌ.tʃʰɯ.ɾɯl]
카드를 계속,7,[kʰa.tɯ.ɾɯl.kje.sok̚],[kʰa.dɯ.ɾɯl.gje.sok̚]
날에 저 셔츠를 입고,7,[nal.e.tʃʌ.sjʌ.tʃʰɯ.ɾɯl.ip̚.ko],[nal.e.dʒʌ.sjʌ.tʃʰɯ.ɾɯl.ip̚.ko]
이 안에 있는데,7,[i.an.e.it̚.nɯn.te],[i.an.e.it̚.nɯn.te]
카드를 쓰고,7,[kʰa.tɯ.ɾɯl.s͈ɯ.ko],[kʰa.dɯ.ɾɯl.s͈ɯ.go]
카라 네가,7,[kʰa.ɾa.ne.ka],[kʰa.ɾa.ne.ga]
할아버지 때문에,7,[hal.a.pʌ.tʃi.t͈ɛ.mun.e],[hal.a.bʌ.dʒi.t͈ɛ.mun.e]
날은 더,7,[nal.ɯn.tʌ],[nal.ɯn.dʌ]
이 안에 있지,7,[i.an.e.it̚.tʃi],[i.an.e.it̚.tʃi]
카람지트 싱을 석방하라,7,[kʰa.ɾan.tʃi.tʰɯ.siŋ.ɯl.sʌk̚.paŋ.ha.ɾa],[kʰa.ɾan.tʃi.tʰɯ.siŋ.ɯl.sʌk̚.paŋ.ha.ɾa]
카람지트 싱을,7,[kʰa.ɾan.tʃi.tʰɯ.siŋ.ɯl],[kʰa.ɾan.tʃi.tʰɯ.siŋ.ɯl]
날은 어땠어,7,[nal.ɯn.ʌ.t͈ɛt̚.ʌ],[nal.ɯn.ʌ.t͈ɛt̚.ʌ]
카루마 검사,7,[kʰa.ɾu.ma.kʌm.sa],[kʰa.ɾu.ma.gʌm.sa]
카르텔에 대해,7,[kʰa.ɾɯ.tʰel.e.tɛ.hɛ],[kʰa.ɾɯ.tʰel.e.dɛ.hɛ]
날은 오지,7,[nal.ɯn.o.tʃi],[nal.ɯn.o.dʒi]
카르텔을 위해,7,[kʰa.ɾɯ.tʰel.ɯl.wi.hɛ],[kʰa.ɾɯ.tʰel.ɯl.wi.hɛ]
날을 계속,7,[nal.ɯl.kje.sok̚],[nal.ɯl.gje.sok̚]
카를로스 네,7,[kʰa.ɾɯl.ɾo.sɯ.ne],[kʰa.ɾɯl.ɾo.sɯ.ne]
바본 줄 아나,7,[pa.pon.tʃul.a.na],[ba.bon.dʒul.a.na]
바본 줄 알아요,7,[pa.pon.tʃul.al.a.jo],[ba.bon.dʒul.al.a.jo]
후 아,7,[hu.a],[hu.a]
후 아버지,7,[hu.a.pʌ.tʃi],[hu.a.bʌ.dʒi]
카메라 갖고,7,[kʰa.me.ɾa.kat̚.ko],[kʰa.me.ɾa.gat̚.ko]
바비 뉴포트입니다,7,[pa.pi.nju.pʰo.tʰɯ.ip̚.ni.ta],[ba.bi.nju.pʰo.tʰɯ.ip̚.ni.da]
날을 보냈다고,7,[nal.ɯl.po.nɛt̚.ta.ko],[nal.ɯl.bo.nɛt̚.ta.go]
카메라 든,7,[kʰa.me.ɾa.tɯn],[kʰa.me.ɾa.dɯn]
바비 에스가,7,[pa.pi.e.sɯ.ka],[ba.bi.e.sɯ.ga]
계획이 있길,7,[kje.hwek̚.i.it̚.kil],[gje.hwek̚.i.it̚.kil]
날을 위한,7,[nal.ɯl.wi.han],[nal.ɯl.wi.han]
계획이 있는 거야,7,[kje.hwek̚.i.it̚.nɯŋ.kʌ.ja],[gje.hwek̚.i.it̚.nɯn.gʌ.ja]
카메라 어디,7,[kʰa.me.ɾa.ʌ.ti],[kʰa.me.ɾa.ʌ.di]
카메라 없어요,7,[kʰa.me.ɾa.ʌp̚.ʌ.jo],[kʰa.me.ɾa.ʌp̚.ʌ.jo]
바빠 보이는데,7,[pa.p͈a.po.i.nɯn.te],[ba.p͈a.bo.i.nɯn.te]
카메라 위치를,7,[kʰa.me.ɾa.wi.tʃʰi.ɾɯl],[kʰa.me.ɾa.wi.tʃʰi.ɾɯl]
카메라 이리 줘,7,[kʰa.me.ɾa.i.ɾi.tʃwʌ],[kʰa.me.ɾa.i.ɾi.dʒwʌ]
카메라 잘,7,[kʰa.me.ɾa.tʃal],[kʰa.me.ɾa.dʒal]
바빠 할,7,[pa.p͈a.hal],[ba.p͈a.hal]
카메라 치워요,7,[kʰa.me.ɾa.tʃʰi.wʌ.jo],[kʰa.me.ɾa.tʃʰi.wʌ.jo]
바빠서 그래요,7,[pa.p͈a.sʌ.kɯ.ɾɛ.jo],[ba.p͈a.sʌ.gɯ.ɾɛ.jo]
카메라 테스트,7,[kʰa.me.ɾa.tʰe.sɯ.tʰɯ],[kʰa.me.ɾa.tʰe.sɯ.tʰɯ]
할아버지에 대해,7,[hal.a.pʌ.tʃi.e.tɛ.hɛ],[hal.a.bʌ.dʒi.e.dɛ.hɛ]
카메라가 너무,7,[kʰa.me.ɾa.ka.nʌ.mu],[kʰa.me.ɾa.ga.nʌ.mu]
날이 기억나,7,[nal.i.ki.ʌk̚.na],[nal.i.gi.ʌk̚.na]
날이 곧,7,[nal.i.kot̚],[nal.i.got̚]
카메라가 있고,7,[kʰa.me.ɾa.ka.it̚.ko],[kʰa.me.ɾa.ga.it̚.ko]
날이 내,7,[nal.i.nɛ],[nal.i.nɛ]
카메라가 있습니다,7,[kʰa.me.ɾa.ka.it̚.sɯp̚.ni.ta],[kʰa.me.ɾa.ga.it̚.sɯp̚.ni.da]
날이 내가,7,[nal.i.nɛ.ka],[nal.i.nɛ.ga]
카메라가 있었어,7,[kʰa.me.ɾa.ka.it̚.ʌt̚.ʌ],[kʰa.me.ɾa.ga.it̚.ʌt̚.ʌ]
날이 다가오고,7,[nal.i.ta.ka.o.ko],[nal.i.da.ga.o.go]
카메라는 계속,7,[kʰa.me.ɾa.nɯŋ.kje.sok̚],[kʰa.me.ɾa.nɯn.gje.sok̚]
바빠요 그렇군요,7,[pa.p͈a.jo.kɯ.ɾʌt̚.kun.jo],[ba.p͈a.jo.gɯ.ɾʌt̚.kun.jo]
카메라는 없고,7,[kʰa.me.ɾa.nɯn.ʌp̚.ko],[kʰa.me.ɾa.nɯn.ʌp̚.ko]
바빠지기 전에,7,[pa.p͈a.tʃi.ki.tʃʌn.e],[ba.p͈a.dʒi.gi.dʒʌn.e]
카메라를 갖고,7,[kʰa.me.ɾa.ɾɯl.kat̚.ko],[kʰa.me.ɾa.ɾɯl.gat̚.ko]
카메라를 멈추면 안,7,[kʰa.me.ɾa.ɾɯl.mʌn.tʃʰu.mjʌn.an],[kʰa.me.ɾa.ɾɯl.mʌn.tʃʰu.mjʌn.an]
카메라를 멈추면 안 돼,7,[kʰa.me.ɾa.ɾɯl.mʌn.tʃʰu.mjʌn.an.twɛ],[kʰa.me.ɾa.ɾɯl.mʌn.tʃʰu.mjʌn.an.dwɛ]
카메라를 본,7,[kʰa.me.ɾa.ɾɯl.pon],[kʰa.me.ɾa.ɾɯl.bon]
카메라를 피할,7,[kʰa.me.ɾa.ɾɯl.pʰi.hal],[kʰa.me.ɾa.ɾɯl.pʰi.hal]
바쁘게 지내는,7,[pa.p͈ɯ.ke.tʃi.nɛ.nɯn],[ba.p͈ɯ.ge.dʒi.nɛ.nɯn]
후가 될,7,[hu.ka.twel],[hu.ga.dwel]
바쁘게 해,7,[pa.p͈ɯ.ke.hɛ],[ba.p͈ɯ.ge.hɛ]
바쁘니까 빨리,7,[pa.p͈ɯ.ni.k͈a.p͈al.ɾi],[ba.p͈ɯ.ni.k͈a.p͈al.ɾi]
카메라에 잡히지,7,[kʰa.me.ɾa.e.tʃap̚.hi.tʃi],[kʰa.me.ɾa.e.dʒap̚.hi.dʒi]
분명 살아계신다,7,[pun.mjʌŋ.sal.a.kje.sin.ta],[bun.mjʌŋ.sal.a.gje.sin.ta]
바쁘다고 했잖아요,7,[pa.p͈ɯ.ta.ko.hɛt̚.tʃan.a.jo],[ba.p͈ɯ.da.go.hɛt̚.tʃan.a.jo]
날이 될 겁니다,7,[nal.i.twel.kʌp̚.ni.ta],[nal.i.dwel.gʌp̚.ni.da]
내가 경찰이라서,7,[nɛ.ka.kjʌŋ.tʃʰal.i.ɾa.sʌ],[nɛ.ga.gjʌŋ.tʃʰal.i.ɾa.sʌ]
바쁘신 거 알지만,7,[pa.p͈ɯ.siŋ.kʌ.al.tʃi.man],[ba.p͈ɯ.sin.gʌ.al.tʃi.man]
바쁘신 와중에,7,[pa.p͈ɯ.sin.wa.tʃuŋ.e],[ba.p͈ɯ.sin.wa.dʒuŋ.e]
카사하라 씨,7,[kʰa.sa.ha.ɾa.s͈i],[kʰa.sa.ha.ɾa.s͈i]
계획이 있어야,7,[kje.hwek̚.i.it̚.ʌ.ja],[gje.hwek̚.i.it̚.ʌ.ja]
바쁜 건 아는데,7,[pa.p͈ɯŋ.kʌn.a.nɯn.te],[ba.p͈ɯn.gʌn.a.nɯn.te]
카시우스 디오,7,[kʰa.si.u.sɯ.ti.o],[kʰa.si.u.sɯ.di.o]
바쁜 것 같아,7,[pa.p͈ɯŋ.kʌt̚.kat̚.a],[ba.p͈ɯn.gʌt̚.gat̚.a]
카와 씨,7,[kʰa.wa.s͈i],[kʰa.wa.s͈i]
카우보이 모자를,7,[kʰa.u.po.i.mo.tʃa.ɾɯl],[kʰa.u.bo.i.mo.dʒa.ɾɯl]
카운터에 손,7,[kʰa.un.tʰʌ.e.son],[kʰa.un.tʰʌ.e.son]
바쁜 시간을,7,[pa.p͈ɯn.si.kan.ɯl],[ba.p͈ɯn.si.gan.ɯl]
카운티 경찰서,7,[kʰa.un.tʰi.kjʌŋ.tʃʰal.sʌ],[kʰa.un.tʰi.gjʌŋ.tʃʰal.sʌ]
카운티 경찰국,7,[kʰa.un.tʰi.kjʌŋ.tʃʰal.kuk̚],[kʰa.un.tʰi.gjʌŋ.tʃʰal.kuk̚]
카운티 교도소에,7,[kʰa.un.tʰi.kjo.to.so.e],[kʰa.un.tʰi.gjo.do.so.e]
바쁜 하루,7,[pa.p͈ɯn.ha.ɾu],[ba.p͈ɯn.ha.ɾu]
바쁜 하루를,7,[pa.p͈ɯn.ha.ɾu.ɾɯl],[ba.p͈ɯn.ha.ɾu.ɾɯl]
카운티 보안관국의,7,[kʰa.un.tʰi.po.aŋ.kwaŋ.kuk̚.ɯi],[kʰa.un.tʰi.bo.aŋ.kwaŋ.kuk̚.ɯi]
할지 말해 줘,7,[hal.tʃi.mal.hɛ.tʃwʌ],[hal.tʃi.mal.hɛ.dʒwʌ]
카이로에 있는,7,[kʰa.i.ɾo.e.it̚.nɯn],[kʰa.i.ɾo.e.it̚.nɯn]
카일 경,7,[kʰa.il.kjʌŋ],[kʰa.il.gjʌŋ]
are those,7,,
날이 안,7,[nal.i.an],[nal.i.an]
바쁠 겁니다,7,[pa.p͈ɯl.kʌp̚.ni.ta],[ba.p͈ɯl.gʌp̚.ni.da]
카일 소머,7,[kʰa.il.so.mʌ],[kʰa.il.so.mʌ]
바쁠 것 같아요,7,[pa.p͈ɯl.kʌt̚.kat̚.a.jo],[ba.p͈ɯl.gʌt̚.gat̚.a.jo]
카즈 씨,7,[kʰa.tʃɯ.s͈i],[kʰa.dʒɯ.s͈i]
날이 없네,7,[nal.i.ʌp̚.ne],[nal.i.ʌp̚.ne]
계획이 있었잖아,7,[kje.hwek̚.i.it̚.ʌt̚.tʃan.a],[gje.hwek̚.i.it̚.ʌt̚.tʃan.a]
날이 없다,7,[nal.i.ʌp̚.ta],[nal.i.ʌp̚.ta]
카키색 셔츠,7,[kʰa.kʰi.sɛk̚.sjʌ.tʃʰɯ],[kʰa.kʰi.sɛk̚.sjʌ.tʃʰɯ]
카터 그리고,7,[kʰa.tʰʌ.kɯ.ɾi.ko],[kʰa.tʰʌ.gɯ.ɾi.go]
바스락 집는다,7,[pa.sɯ.ɾak̚.tʃip̚.nɯn.ta],[ba.sɯ.ɾak̚.dʒip̚.nɯn.ta]
카터 대통령이,7,[kʰa.tʰʌ.tɛ.tʰoŋ.ɾjʌŋ.i],[kʰa.tʰʌ.dɛ.tʰoŋ.ɾjʌŋ.i]
카터 깁슨이,7,[kʰa.tʰʌ.kip̚.sɯn.i],[kʰa.tʰʌ.gip̚.sɯn.i]
카터 요원님,7,[kʰa.tʰʌ.jo.wʌn.nim],[kʰa.tʰʌ.jo.wʌn.nim]
바실리 후보를,7,[pa.sil.ɾi.hu.po.ɾɯl],[ba.sil.ɾi.hu.bo.ɾɯl]
카트 좀,7,[kʰa.tʰɯ.tʃom],[kʰa.tʰɯ.dʒom]
바실리 후보,7,[pa.sil.ɾi.hu.po],[ba.sil.ɾi.hu.bo]
바싹 튀긴,7,[pa.s͈ak̚.tʰwi.kin],[ba.s͈ak̚.tʰwi.gin]
of their own,7,,
카파 카파 타우,7,[kʰa.pʰa.kʰa.pʰa.tʰa.u],[kʰa.pʰa.kʰa.pʰa.tʰa.u]
날이 오지,7,[nal.i.o.tʃi],[nal.i.o.dʒi]
카페 영업,7,[kʰa.pʰe.jʌŋ.ʌp̚],[kʰa.pʰe.jʌŋ.ʌp̚]
계획이 있으십니까,7,[kje.hwek̚.i.it̚.ɯ.sip̚.ni.k͈a],[gje.hwek̚.i.it̚.ɯ.sip̚.ni.k͈a]
바에 갈,7,[pa.e.kal],[ba.e.gal]
바에 대해,7,[pa.e.tɛ.hɛ],[ba.e.dɛ.hɛ]
카푸치노 한 잔,7,[kʰa.pʰu.tʃʰi.no.han.tʃan],[kʰa.pʰu.tʃʰi.no.han.dʒan]
카플란 씨는,7,[kʰa.pʰɯl.ɾan.s͈i.nɯn],[kʰa.pʰɯl.ɾan.s͈i.nɯn]
칵번 회장님,7,[kʰak̚.pʌn.hwe.tʃaŋ.nim],[kʰak̚.pʌn.hwe.dʒaŋ.nim]
칵테일 마시고,7,[kʰak̚.tʰe.il.ma.si.ko],[kʰak̚.tʰe.il.ma.si.go]
칵테일 새우,7,[kʰak̚.tʰe.il.sɛ.u],[kʰak̚.tʰe.il.sɛ.u]
칵테일을 마시며,7,[kʰak̚.tʰe.il.ɯl.ma.si.mjʌ],[kʰak̚.tʰe.il.ɯl.ma.si.mjʌ]
바에는 그냥,7,[pa.e.nɯŋ.kɯ.njaŋ],[ba.e.nɯn.gɯ.njaŋ]
후로 아무것도,7,[hu.ɾo.a.mu.kʌt̚.to],[hu.ɾo.a.mu.gʌt̚.to]
날이 올 줄 알았다,7,[nal.i.ol.tʃul.al.at̚.ta],[nal.i.ol.dʒul.al.at̚.ta]
할지 알고 있었다,7,[hal.tʃi.al.ko.it̚.ʌt̚.ta],[hal.tʃi.al.ko.it̚.ʌt̚.ta]
바에서 뭐,7,[pa.e.sʌ.mwʌ],[ba.e.sʌ.mwʌ]
칸이 될,7,[kʰan.i.twel],[kʰan.i.dwel]
바에서 술을,7,[pa.e.sʌ.sul.ɯl],[ba.e.sʌ.sul.ɯl]
할지 알고 있어요,7,[hal.tʃi.al.ko.it̚.ʌ.jo],[hal.tʃi.al.ko.it̚.ʌ.jo]
칼 같이,7,[kʰal.kat̚.i],[kʰal.gat̚.i]
칼 말이,7,[kʰal.mal.i],[kʰal.mal.i]
날이 왔으면,7,[nal.i.wat̚.ɯ.mjʌn],[nal.i.wat̚.ɯ.mjʌn]
후로 좀,7,[hu.ɾo.tʃom],[hu.ɾo.dʒom]
때까지 이봐,7,[t͈ɛ.k͈a.tʃi.i.pwa],[t͈ɛ.k͈a.dʒi.i.bwa]
Moscazzano 로 놀러,7,[ɾo.nol.ɾʌ],[ɾo.nol.ɾʌ]
바위 뒤에,7,[pa.wi.twi.e],[ba.wi.dwi.e]
칼 엘리아스,7,[kʰal.el.ɾi.a.sɯ],[kʰal.el.ɾi.a.sɯ]
칼 에머슨,7,[kʰal.e.mʌ.sɯn],[kʰal.e.mʌ.sɯn]
칼 잡는,7,[kʰal.tʃap̚.nɯn],[kʰal.dʒap̚.nɯn]
Moscazzano 로,7,[ɾo],[ɾo]
날이 적당한 어느 날,7,[nal.i.tʃʌk̚.taŋ.han.ʌ.nɯ.nal],[nal.i.dʒʌk̚.taŋ.han.ʌ.nɯ.nal]
공격을 막으려고,7,[koŋ.kjʌk̚.ɯl.mak̚.ɯ.ɾjʌ.ko],[goŋ.gjʌk̚.ɯl.mak̚.ɯ.ɾjʌ.go]
칼과 총을,7,[kʰal.kwa.tʃʰoŋ.ɯl],[kʰal.kwa.tʃʰoŋ.ɯl]
계획이 하나,7,[kje.hwek̚.i.ha.na],[gje.hwek̚.i.ha.na]
날이 적당해서,7,[nal.i.tʃʌk̚.taŋ.hɛ.sʌ],[nal.i.dʒʌk̚.taŋ.hɛ.sʌ]
이 없어요,7,[i.ʌp̚.ʌ.jo],[i.ʌp̚.ʌ.jo]
칼라일 씨,7,[kʰal.ɾa.il.s͈i],[kʰal.ɾa.il.s͈i]
바이 팀장님과,7,[pa.i.tʰin.tʃaŋ.nim.kwa],[ba.i.tʰin.tʃaŋ.nim.kwa]
이 없,7,[i.ʌp̚],[i.ʌp̚]
칼로 내,7,[kʰal.ɾo.nɛ],[kʰal.ɾo.nɛ]
계획이라도 있나요,7,[kje.hwek̚.i.ɾa.to.it̚.na.jo],[gje.hwek̚.i.ɾa.do.it̚.na.jo]
칼로 한,7,[kʰal.ɾo.han],[kʰal.ɾo.han]
칼루 선생,7,[kʰal.ɾu.sʌn.sɛŋ],[kʰal.ɾu.sʌn.sɛŋ]
칼륨 수치가,7,[kʰal.ɾjum.su.tʃʰi.ka],[kʰal.ɾjum.su.tʃʰi.ga]
바이러스 확산을,7,[pa.i.ɾʌ.sɯ.hwak̚.san.ɯl],[ba.i.ɾʌ.sɯ.hwak̚.san.ɯl]
할지 잘 모르겠어요,7,[hal.tʃi.tʃal.mo.ɾɯ.ket̚.ʌ.jo],[hal.tʃi.dʒal.mo.ɾɯ.get̚.ʌ.jo]
칼리스 소냐,7,[kʰal.ɾi.sɯ.so.nja],[kʰal.ɾi.sɯ.so.nja]
함 내,7,[ham.nɛ],[ham.nɛ]
바이러스가 퍼진,7,[pa.i.ɾʌ.sɯ.ka.pʰʌ.tʃin],[ba.i.ɾʌ.sɯ.ga.pʰʌ.dʒin]
날이다 그리고,7,[nal.i.ta.kɯ.ɾi.ko],[nal.i.da.gɯ.ɾi.go]
계획이야 그리고,7,[kje.hwek̚.i.ja.kɯ.ɾi.ko],[gje.hwek̚.i.ja.gɯ.ɾi.go]
바이러스는 질병 관리,7,[pa.i.ɾʌ.sɯ.nɯn.tʃil.pjʌŋ.kwal.li],[ba.i.ɾʌ.sɯ.nɯn.dʒil.pjʌŋ.gwal.li]
바이러스는 질병 관리 센터,7,[pa.i.ɾʌ.sɯ.nɯn.tʃil.pjʌŋ.kwal.li.sen.tʰʌ],[ba.i.ɾʌ.sɯ.nɯn.dʒil.pjʌŋ.gwal.li.sen.tʰʌ]
칼에 찔렸을 때,7,[kʰal.e.tʃ͈il.ɾjʌt̚.ɯl.t͈ɛ],[kʰal.e.tʃ͈il.ɾjʌt̚.ɯl.t͈ɛ]
칼에 찔렸을,7,[kʰal.e.tʃ͈il.ɾjʌt̚.ɯl],[kʰal.e.tʃ͈il.ɾjʌt̚.ɯl]
칼에 찔리는,7,[kʰal.e.tʃ͈il.ɾi.nɯn],[kʰal.e.tʃ͈il.ɾi.nɯn]
칼에 푹 찔린다,7,[kʰal.e.pʰuk̚.tʃ͈il.ɾin.ta],[kʰal.e.pʰuk̚.tʃ͈il.ɾin.ta]
칼에 푹,7,[kʰal.e.pʰuk̚],[kʰal.e.pʰuk̚]
바이러스를 만들 수,7,[pa.i.ɾʌ.sɯ.ɾɯl.man.tɯl.su],[ba.i.ɾʌ.sɯ.ɾɯl.man.tɯl.su]
칼은 어딨어,7,[kʰal.ɯn.ʌ.tit̚.ʌ],[kʰal.ɯn.ʌ.dit̚.ʌ]
바이러스를 찾아,7,[pa.i.ɾʌ.sɯ.ɾɯl.tʃʰat̚.a],[ba.i.ɾʌ.sɯ.ɾɯl.tʃʰat̚.a]
날이야 네,7,[nal.i.ja.ne],[nal.i.ja.ne]
계획인 거야,7,[kje.hwek̚.iŋ.kʌ.ja],[gje.hwek̚.in.gʌ.ja]
칼을 다시,7,[kʰal.ɯl.ta.si],[kʰal.ɯl.da.si]
are turning,7,,
칼을 들이댔는데,7,[kʰal.ɯl.tɯl.i.tɛt̚.nɯn.te],[kʰal.ɯl.dɯl.i.dɛt̚.nɯn.te]
칼을 들이대고,7,[kʰal.ɯl.tɯl.i.tɛ.ko],[kʰal.ɯl.dɯl.i.dɛ.go]
칼을 쓴,7,[kʰal.ɯl.s͈ɯn],[kʰal.ɯl.s͈ɯn]
칼을 푹,7,[kʰal.ɯl.pʰuk̚],[kʰal.ɯl.pʰuk̚]
칼을 휙,7,[kʰal.ɯl.hwik̚],[kʰal.ɯl.hwik̚]
칼이 바람을 쉭,7,[kʰal.i.pa.ɾam.ɯl.swik̚],[kʰal.i.ba.ɾam.ɯl.swik̚]
Moscazzano 로 놀러 안,7,[ɾo.nol.ɾʌ.an],[ɾo.nol.ɾʌ.an]
칼이 아니라,7,[kʰal.i.a.ni.ɾa],[kʰal.i.a.ni.ɾa]
바이탈은 안정적입니다,7,[pa.i.tʰal.ɯn.an.tʃʌŋ.tʃʌk̚.ip̚.ni.ta],[ba.i.tʰal.ɯn.an.tʃʌŋ.dʒʌk̚.ip̚.ni.da]
칼이 어떻게,7,[kʰal.i.ʌ.t͈ʌt̚.ke],[kʰal.i.ʌ.t͈ʌt̚.ke]
칼자루 쥔,7,[kʰal.tʃa.ɾu.tʃwin],[kʰal.tʃa.ɾu.dʒwin]
바지 두,7,[pa.tʃi.tu],[ba.dʒi.du]
날지도 몰라요,7,[nal.tʃi.to.mol.ɾa.jo],[nal.tʃi.do.mol.ɾa.jo]
바지 벗기기,7,[pa.tʃi.pʌt̚.ki.ki],[ba.dʒi.bʌt̚.ki.gi]
캄풍 콜람,7,[kʰam.pʰuŋ.kʰol.ɾam],[kʰam.pʰuŋ.kʰol.ɾam]
바지 벗어 이건,7,[pa.tʃi.pʌt̚.ʌ.i.kʌn],[ba.dʒi.bʌt̚.ʌ.i.gʌn]
바지 벗어 이건 약속이야,7,[pa.tʃi.pʌt̚.ʌ.i.kʌn.jak̚.sok̚.i.ja],[ba.dʒi.bʌt̚.ʌ.i.gʌn.jak̚.sok̚.i.ja]
캐고 있어,7,[kʰɛ.ko.it̚.ʌ],[kʰɛ.go.it̚.ʌ]
캐내야 해,7,[kʰɛ.nɛ.ja.hɛ],[kʰɛ.nɛ.ja.hɛ]
캐너츠 박사에,7,[kʰɛ.nʌ.tʃʰɯ.pak̚.sa.e],[kʰɛ.nʌ.tʃʰɯ.bak̚.sa.e]
캐닝 씨,7,[kʰɛ.niŋ.s͈i],[kʰɛ.niŋ.s͈i]
캐딜락을 타고,7,[kʰɛ.til.ɾak̚.ɯl.tʰa.ko],[kʰɛ.dil.ɾak̚.ɯl.tʰa.go]
갈 필요 없잖아,7,[kal.pʰil.jo.ʌp̚.tʃan.a],[gal.pʰil.jo.ʌp̚.tʃan.a]
바지 정장,7,[pa.tʃi.tʃʌŋ.tʃaŋ],[ba.dʒi.dʒʌŋ.dʒaŋ]
함께 그리고 나는,7,[ham.k͈e.kɯ.ɾi.ko.na.nɯn],[ham.k͈e.gɯ.ɾi.go.na.nɯn]
캐리 내가,7,[kʰɛ.ɾi.nɛ.ka],[kʰɛ.ɾi.nɛ.ga]
캐리 매티슨이,7,[kʰɛ.ɾi.mɛ.tʰi.sɯn.i],[kʰɛ.ɾi.mɛ.tʰi.sɯn.i]
캐리 매티슨입니다,7,[kʰɛ.ɾi.mɛ.tʰi.sɯn.ip̚.ni.ta],[kʰɛ.ɾi.mɛ.tʰi.sɯn.ip̚.ni.da]
후에 가서,7,[hu.e.ka.sʌ],[hu.e.ga.sʌ]
바지랑기 발리에게 영광을,7,[pa.tʃi.ɾaŋ.ki.pal.ɾi.e.ke.jʌŋ.kwaŋ.ɯl],[ba.dʒi.ɾaŋ.gi.bal.ɾi.e.ge.jʌŋ.gwaŋ.ɯl]
바지랑기 발리에게 영광을 원수의,7,[pa.tʃi.ɾaŋ.ki.pal.ɾi.e.ke.jʌŋ.kwaŋ.ɯl.wʌn.su.ɯi],[ba.dʒi.ɾaŋ.gi.bal.ɾi.e.ge.jʌŋ.gwaŋ.ɯl.wʌn.su.ɯi]
캐면 한 포대다,7,[kʰɛ.mjʌn.ham.pʰo.tɛ.ta],[kʰɛ.mjʌn.ham.pʰo.dɛ.da]
캐묻는 게,7,[kʰɛ.mut̚.nɯŋ.ke],[kʰɛ.mut̚.nɯn.ge]
캐면 한,7,[kʰɛ.mjʌn.han],[kʰɛ.mjʌn.han]
낡긴 했지만,7,[nak̚.kin.hɛt̚.tʃi.man],[nak̚.kin.hɛt̚.tʃi.man]
바지를 벗어,7,[pa.tʃi.ɾɯl.pʌt̚.ʌ],[ba.dʒi.ɾɯl.bʌt̚.ʌ]
캐사 에스더 가렐,7,[kʰɛ.sa.e.sɯ.tʌ.ka.ɾel],[kʰɛ.sa.e.sɯ.dʌ.ga.ɾel]
바지를 입는,7,[pa.tʃi.ɾɯl.ip̚.nɯn],[ba.dʒi.ɾɯl.ip̚.nɯn]
캐서린 음,7,[kʰɛ.sʌ.ɾin.ɯm],[kʰɛ.sʌ.ɾin.ɯm]
남 걱정할,7,[nam.kʌk̚.tʃʌŋ.hal],[nam.gʌk̚.tʃʌŋ.hal]
캐슬 블랙에서,7,[kʰɛ.sɯl.pɯl.ɾɛk̚.e.sʌ],[kʰɛ.sɯl.bɯl.ɾɛk̚.e.sʌ]
캐슬먼 부인,7,[kʰɛ.sɯl.mʌm.pu.in],[kʰɛ.sɯl.mʌn.bu.in]
캐슬이 살아,7,[kʰɛ.sɯl.i.sal.a],[kʰɛ.sɯl.i.sal.a]
바짝 붙어 있어,7,[pa.tʃ͈ak̚.put̚.ʌ.it̚.ʌ],[ba.tʃ͈ak̚.but̚.ʌ.it̚.ʌ]
캐시 사건,7,[kʰɛ.si.sa.kʌn],[kʰɛ.si.sa.gʌn]
계획한 거라고,7,[kje.hwek̚.haŋ.kʌ.ɾa.ko],[gje.hwek̚.han.gʌ.ɾa.go]
바짝 쫓고,7,[pa.tʃ͈ak̚.tʃ͈ot̚.ko],[ba.tʃ͈ak̚.tʃ͈ot̚.ko]
내가 괜한 얘기를,7,[nɛ.ka.kwɛn.han.jɛ.ki.ɾɯl],[nɛ.ga.gwɛn.han.jɛ.gi.ɾɯl]
queen of,7,,
계획한 거죠,7,[kje.hwek̚.haŋ.kʌ.tʃjo],[gje.hwek̚.han.gʌ.dʒjo]
캔자스 파크시티,7,[kʰɛn.tʃa.sɯ.pʰa.kʰɯ.si.tʰi],[kʰɛn.tʃa.sɯ.pʰa.kʰɯ.si.tʰi]
캔트웰 크리스토퍼 C 로저스,7,[kʰɛn.tʰɯ.wel.kʰɯ.ɾi.sɯ.tʰo.pʰʌ.ɾo.tʃʌ.sɯ],[kʰɛn.tʰɯ.wel.kʰɯ.ɾi.sɯ.tʰo.pʰʌ.ɾo.dʒʌ.sɯ]
캘리포니아 대학,7,[kʰɛl.ɾi.pʰo.ni.a.tɛ.hak̚],[kʰɛl.ɾi.pʰo.ni.a.dɛ.hak̚]
바친 곡이지,7,[pa.tʃʰiŋ.kok̚.i.tʃi],[ba.tʃʰin.gok̚.i.dʒi]
남 탓하지,7,[nan.tʰat̚.ha.tʃi],[nan.tʰat̚.ha.dʒi]
캘리포니아 주립,7,[kʰɛl.ɾi.pʰo.ni.a.tʃu.ɾip̚],[kʰɛl.ɾi.pʰo.ni.a.dʒu.ɾip̚]
계획한 것처럼,7,[kje.hwek̚.haŋ.kʌt̚.tʃʰʌ.ɾʌm],[gje.hwek̚.han.gʌt̚.tʃʰʌ.ɾʌm]
함께 말이야 네가,7,[ham.k͈e.mal.i.ja.ne.ka],[ham.k͈e.mal.i.ja.ne.ga]
바칠 것이,7,[pa.tʃʰil.kʌt̚.i],[ba.tʃʰil.gʌt̚.i]
캠 삼촌이,7,[kʰɛm.san.tʃʰon.i],[kʰɛm.san.tʃʰon.i]
남게 돼요,7,[nam.ke.twɛ.jo],[nam.ke.dwɛ.jo]
캠 터커,7,[kʰɛn.tʰʌ.kʰʌ],[kʰɛn.tʰʌ.kʰʌ]
함께 말이야 우리는,7,[ham.k͈e.mal.i.ja.u.ɾi.nɯn],[ham.k͈e.mal.i.ja.u.ɾi.nɯn]
캠벨 부인,7,[kʰɛm.pel.pu.in],[kʰɛm.pel.bu.in]
캠벨 선생님,7,[kʰɛm.pel.sʌn.sɛŋ.nim],[kʰɛm.pel.sʌn.sɛŋ.nim]
바퀴 끌리는 소리,7,[pa.kʰwi.k͈ɯl.ɾi.nɯn.so.ɾi],[ba.kʰwi.k͈ɯl.ɾi.nɯn.so.ɾi]
바퀴 끌리는,7,[pa.kʰwi.k͈ɯl.ɾi.nɯn],[ba.kʰwi.k͈ɯl.ɾi.nɯn]
캠블 차장님,7,[kʰɛm.pɯl.tʃʰa.tʃaŋ.nim],[kʰɛm.pɯl.tʃʰa.dʒaŋ.nim]
계획한 모든,7,[kje.hwek̚.han.mo.tɯn],[gje.hwek̚.han.mo.dɯn]
남게 되면,7,[nam.ke.twe.mjʌn],[nam.ke.dwe.mjʌn]
이 영상을 보면,7,[i.jʌŋ.saŋ.ɯl.po.mjʌn],[i.jʌŋ.saŋ.ɯl.bo.mjʌn]
내가 교회,7,[nɛ.ka.kjo.hwe],[nɛ.ga.gjo.hwe]
캠프 데이비드,7,[kʰɛm.pʰɯ.te.i.pi.tɯ],[kʰɛm.pʰɯ.de.i.bi.dɯ]
캠프 밖으로,7,[kʰɛm.pʰɯ.pak̚.ɯ.ɾo],[kʰɛm.pʰɯ.bak̚.ɯ.ɾo]
캠프 씨는,7,[kʰɛm.pʰɯ.s͈i.nɯn],[kʰɛm.pʰɯ.s͈i.nɯn]
of time before,7,,
캠프를 세우고,7,[kʰɛm.pʰɯ.ɾɯl.se.u.ko],[kʰɛm.pʰɯ.ɾɯl.se.u.go]
바퀴 돌았어,7,[pa.kʰwi.tol.at̚.ʌ],[ba.kʰwi.dol.at̚.ʌ]
바퀴 돌자,7,[pa.kʰwi.tol.tʃa],[ba.kʰwi.dol.tʃa]
캠프에 가고,7,[kʰɛm.pʰɯ.e.ka.ko],[kʰɛm.pʰɯ.e.ga.go]
캠프에 안,7,[kʰɛm.pʰɯ.e.an],[kʰɛm.pʰɯ.e.an]
캠프에 가서,7,[kʰɛm.pʰɯ.e.ka.sʌ],[kʰɛm.pʰɯ.e.ga.sʌ]
바퀴가 달린,7,[pa.kʰwi.ka.tal.ɾin],[ba.kʰwi.ga.dal.ɾin]
캠프의 헬렌,7,[kʰɛm.pʰɯ.ɯi.hel.ɾen],[kʰɛm.pʰɯ.ɯi.hel.ɾen]
바퀴도 바로잡고 타이어에,7,[pa.kʰwi.to.pa.ɾo.tʃap̚.ko.tʰa.i.ʌ.e],[ba.kʰwi.do.ba.ɾo.dʒap̚.ko.tʰa.i.ʌ.e]
바퀴도 바로잡고 타이어에 바람도,7,[pa.kʰwi.to.pa.ɾo.tʃap̚.ko.tʰa.i.ʌ.e.pa.ɾan.to],[ba.kʰwi.do.ba.ɾo.dʒap̚.ko.tʰa.i.ʌ.e.ba.ɾan.to]
남겨 놨어요,7,[nam.kjʌ.nwat̚.ʌ.jo],[nam.kjʌ.nwat̚.ʌ.jo]
후에 돈을,7,[hu.e.ton.ɯl],[hu.e.don.ɯl]
바크 산업,7,[pa.kʰɯ.san.ʌp̚],[ba.kʰɯ.san.ʌp̚]
계획했던 게,7,[kje.hwek̚.hɛt̚.tʌŋ.ke],[gje.hwek̚.hɛt̚.tʌn.ge]
캣니스 에버딘이,7,[kʰɛt̚.ni.sɯ.e.pʌ.tin.i],[kʰɛt̚.ni.sɯ.e.bʌ.din.i]
커 가지고,7,[kʰʌ.ka.tʃi.ko],[kʰʌ.ga.dʒi.go]
커 난,7,[kʰʌ.nan],[kʰʌ.nan]
바텐더 말로는,7,[pa.tʰen.tʌ.mal.ɾo.nɯn],[ba.tʰen.tʌ.mal.ɾo.nɯn]
남겨 주고,7,[nam.kjʌ.tʃu.ko],[nam.kjʌ.dʒu.go]
커 보이네,7,[kʰʌ.po.i.ne],[kʰʌ.bo.i.ne]
커 입으면,7,[kʰʌ.ip̚.ɯ.mjʌn],[kʰʌ.ip̚.ɯ.mjʌn]
커 입으면 좋아할 거야,7,[kʰʌ.ip̚.ɯ.mjʌn.tʃot̚.a.hal.kʌ.ja],[kʰʌ.ip̚.ɯ.mjʌn.dʒot̚.a.hal.gʌ.ja]
커 입으면 좋아할,7,[kʰʌ.ip̚.ɯ.mjʌn.tʃot̚.a.hal],[kʰʌ.ip̚.ɯ.mjʌn.dʒot̚.a.hal]
바하 곡을,7,[pa.ha.kok̚.ɯl],[ba.ha.gok̚.ɯl]
바하 곡을 바하,7,[pa.ha.kok̚.ɯl.pa.ha],[ba.ha.gok̚.ɯl.ba.ha]
바하 곡을 바하 식으로,7,[pa.ha.kok̚.ɯl.pa.ha.sik̚.ɯ.ɾo],[ba.ha.gok̚.ɯl.ba.ha.sik̚.ɯ.ɾo]
바하 곡인지도 확실치,7,[pa.ha.kok̚.in.tʃi.to.hwak̚.sil.tʃʰi],[ba.ha.gok̚.in.tʃi.do.hwak̚.sil.tʃʰi]
바하 곡인지도 확실치 않고,7,[pa.ha.kok̚.in.tʃi.to.hwak̚.sil.tʃʰi.aŋ.ko],[ba.ha.gok̚.in.tʃi.do.hwak̚.sil.tʃʰi.aŋ.ko]
바하 식으로 치면 되지,7,[pa.ha.sik̚.ɯ.ɾo.tʃʰi.mjʌn.twe.tʃi],[ba.ha.sik̚.ɯ.ɾo.tʃʰi.mjʌn.dwe.dʒi]
바하는 기타,7,[pa.ha.nɯŋ.ki.tʰa],[ba.ha.nɯn.gi.tʰa]
바하는 기타 곡을,7,[pa.ha.nɯŋ.ki.tʰa.kok̚.ɯl],[ba.ha.nɯn.gi.tʰa.gok̚.ɯl]
바하는 기타 곡을 쓴,7,[pa.ha.nɯŋ.ki.tʰa.kok̚.ɯl.s͈ɯn],[ba.ha.nɯn.gi.tʰa.gok̚.ɯl.s͈ɯn]
바하를 싫어하는,7,[pa.ha.ɾɯl.sil.ʌ.ha.nɯn],[ba.ha.ɾɯl.sil.ʌ.ha.nɯn]
바하를 싫어하는 줄,7,[pa.ha.ɾɯl.sil.ʌ.ha.nɯn.tʃul],[ba.ha.ɾɯl.sil.ʌ.ha.nɯn.dʒul]
바하를 친다면,7,[pa.ha.ɾɯl.tʃʰin.ta.mjʌn],[ba.ha.ɾɯl.tʃʰin.ta.mjʌn]
바하를 친다면 이렇게,7,[pa.ha.ɾɯl.tʃʰin.ta.mjʌn.i.ɾʌt̚.ke],[ba.ha.ɾɯl.tʃʰin.ta.mjʌn.i.ɾʌt̚.ke]
바하를 친다면 이렇게 편곡,7,[pa.ha.ɾɯl.tʃʰin.ta.mjʌn.i.ɾʌt̚.ke.pʰjʌŋ.kok̚],[ba.ha.ɾɯl.tʃʰin.ta.mjʌn.i.ɾʌt̚.ke.pʰjʌŋ.kok̚]
바하마에 있는,7,[pa.ha.ma.e.it̚.nɯn],[ba.ha.ma.e.it̚.nɯn]
박 검,7,[pak̚.kʌm],[bak̚.gʌm]
남겨두고 떠났다,7,[nam.kjʌ.tu.ko.t͈ʌ.nat̚.ta],[nam.kjʌ.du.go.t͈ʌ.nat̚.ta]
박 모,7,[pak̚.mo],[bak̚.mo]
즉시 집으로 들어가시오,7,[tʃɯk̚.si.tʃip̚.ɯ.ɾo.tɯl.ʌ.ka.si.o],[dʒɯk̚.si.dʒip̚.ɯ.ɾo.dɯl.ʌ.ga.si.o]
커요 그럼,7,[kʰʌ.jo.kɯ.ɾʌm],[kʰʌ.jo.gɯ.ɾʌm]
이 욕조,7,[i.jok̚.tʃo],[i.jok̚.tʃo]
박 원장님,7,[pak̚.wʌn.tʃaŋ.nim],[bak̚.wʌn.tʃaŋ.nim]
커지지 않게,7,[kʰʌ.tʃi.tʃi.aŋ.ke],[kʰʌ.dʒi.dʒi.aŋ.ke]
커진 건,7,[kʰʌ.tʃiŋ.kʌn],[kʰʌ.dʒin.gʌn]
고 반장님,7,[ko.pan.tʃaŋ.nim],[go.ban.tʃaŋ.nim]
박 형사님,7,[pak̚.hjʌŋ.sa.nim],[bak̚.hjʌŋ.sa.nim]
커질 거라고,7,[kʰʌ.tʃil.kʌ.ɾa.ko],[kʰʌ.dʒil.gʌ.ɾa.go]
남겨둔 채,7,[nam.kjʌ.tun.tʃʰɛ],[nam.kjʌ.dun.tʃʰɛ]
함께 살아갈,7,[ham.k͈e.sal.a.kal],[ham.k͈e.sal.a.gal]
커크맨 대통령의,7,[kʰʌ.kʰɯ.mɛn.tɛ.tʰoŋ.ɾjʌŋ.ɯi],[kʰʌ.kʰɯ.mɛn.dɛ.tʰoŋ.ɾjʌŋ.ɯi]
박나윤 씨,7,[pak̚.na.jun.s͈i],[bak̚.na.jun.s͈i]
of us have,7,,
커크에 대해,7,[kʰʌ.kʰɯ.e.tɛ.hɛ],[kʰʌ.kʰɯ.e.dɛ.hɛ]
고 생각했다,7,[ko.sɛŋ.kak̚.hɛt̚.ta],[go.sɛŋ.gak̚.hɛt̚.ta]
함께 서로,7,[ham.k͈e.sʌ.ɾo],[ham.k͈e.sʌ.ɾo]
커트 웰러가,7,[kʰʌ.tʰɯ.wel.ɾʌ.ka],[kʰʌ.tʰɯ.wel.ɾʌ.ga]
박도 못하는,7,[pak̚.to.mot̚.ha.nɯn],[bak̚.to.mot̚.ha.nɯn]
커트 웰러야,7,[kʰʌ.tʰɯ.wel.ɾʌ.ja],[kʰʌ.tʰɯ.wel.ɾʌ.ja]
커트 코베인의,7,[kʰʌ.tʰɯ.kʰo.pe.in.ɯi],[kʰʌ.tʰɯ.kʰo.be.in.ɯi]
커트웰 사건을,7,[kʰʌ.tʰɯ.wel.sa.kʌn.ɯl],[kʰʌ.tʰɯ.wel.sa.gʌn.ɯl]
커튼 뒤에 있는,7,[kʰʌ.tʰɯn.twi.e.it̚.nɯn],[kʰʌ.tʰɯn.dwi.e.it̚.nɯn]
커튼 뒤의,7,[kʰʌ.tʰɯn.twi.ɯi],[kʰʌ.tʰɯn.dwi.ɯi]
박람회 때,7,[pak̚.ɾam.hwe.t͈ɛ],[bak̚.ɾam.hwe.t͈ɛ]
박멸 서비스,7,[pak̚.mjʌl.sʌ.pi.sɯ],[bak̚.mjʌl.sʌ.bi.sɯ]
커플 아니에요,7,[kʰʌ.pʰɯl.a.ni.e.jo],[kʰʌ.pʰɯl.a.ni.e.jo]
고 피쉬,7,[ko.pʰi.swi],[go.pʰi.swi]
커플이 되는,7,[kʰʌ.pʰɯl.i.twe.nɯn],[kʰʌ.pʰɯl.i.dwe.nɯn]
커플이 아니야,7,[kʰʌ.pʰɯl.i.a.ni.ja],[kʰʌ.pʰɯl.i.a.ni.ja]
남겨주시면 다시,7,[nam.kjʌ.tʃu.si.mjʌn.ta.si],[nam.kjʌ.dʒu.si.mjʌn.da.si]
커피 amp,7,[kʰʌ.pʰi],[kʰʌ.pʰi]
박물관에 전시돼,7,[pak̚.mul.kwan.e.tʃʌn.si.twɛ],[bak̚.mul.kwan.e.dʒʌn.si.dwɛ]
남겨주시면 바로,7,[nam.kjʌ.tʃu.si.mjʌm.pa.ɾo],[nam.kjʌ.dʒu.si.mjʌn.ba.ɾo]
남겨주시면 연락,7,[nam.kjʌ.tʃu.si.mjʌn.jʌl.lak̚],[nam.kjʌ.dʒu.si.mjʌn.jʌl.lak̚]
고 하면,7,[ko.ha.mjʌn],[go.ha.mjʌn]
커피 내릴 줄,7,[kʰʌ.pʰi.nɛ.ɾil.tʃul],[kʰʌ.pʰi.nɛ.ɾil.dʒul]
박사 그래,7,[pak̚.sa.kɯ.ɾɛ],[bak̚.sa.gɯ.ɾɛ]
박사 논문,7,[pak̚.sa.non.mun],[bak̚.sa.non.mun]
커피 드시겠어요,7,[kʰʌ.pʰi.tɯ.si.ket̚.ʌ.jo],[kʰʌ.pʰi.dɯ.si.get̚.ʌ.jo]
박사 덕분에,7,[pak̚.sa.tʌk̚.pun.e],[bak̚.sa.dʌk̚.pun.e]
고 했어요,7,[ko.hɛt̚.ʌ.jo],[go.hɛt̚.ʌ.jo]
커피 마시려고,7,[kʰʌ.pʰi.ma.si.ɾjʌ.ko],[kʰʌ.pʰi.ma.si.ɾjʌ.go]
커피 마시자고,7,[kʰʌ.pʰi.ma.si.tʃa.ko],[kʰʌ.pʰi.ma.si.dʒa.go]
커피 마실 건데,7,[kʰʌ.pʰi.ma.sil.kʌn.te],[kʰʌ.pʰi.ma.sil.gʌn.te]
박사 우리가,7,[pak̚.sa.u.ɾi.ka],[bak̚.sa.u.ɾi.ga]
남겼는데 아직,7,[nam.kjʌt̚.nɯn.te.a.tʃik̚],[nam.kjʌt̚.nɯn.te.a.dʒik̚]
커피 머신은,7,[kʰʌ.pʰi.mʌ.sin.ɯn],[kʰʌ.pʰi.mʌ.sin.ɯn]
커피 새로,7,[kʰʌ.pʰi.sɛ.ɾo],[kʰʌ.pʰi.sɛ.ɾo]
커피 심부름을,7,[kʰʌ.pʰi.sim.pu.ɾɯm.ɯl],[kʰʌ.pʰi.sim.pu.ɾɯm.ɯl]
공격하기 시작했어요,7,[koŋ.kjʌk̚.ha.ki.si.tʃak̚.hɛt̚.ʌ.jo],[goŋ.gjʌk̚.ha.gi.si.dʒak̚.hɛt̚.ʌ.jo]
커피 아직,7,[kʰʌ.pʰi.a.tʃik̚],[kʰʌ.pʰi.a.dʒik̚]
커피 우유,7,[kʰʌ.pʰi.u.ju],[kʰʌ.pʰi.u.ju]
박사가 더,7,[pak̚.sa.ka.tʌ],[bak̚.sa.ga.dʌ]
고개 남았네,7,[ko.kɛ.nam.at̚.ne],[go.gɛ.nam.at̚.ne]
커피 취향을,7,[kʰʌ.pʰi.tʃʰwi.hjaŋ.ɯl],[kʰʌ.pʰi.tʃʰwi.hjaŋ.ɯl]
박사가 백신을,7,[pak̚.sa.ka.pɛk̚.sin.ɯl],[bak̚.sa.ga.bɛk̚.sin.ɯl]
커피 타는,7,[kʰʌ.pʰi.tʰa.nɯn],[kʰʌ.pʰi.tʰa.nɯn]
quite an,7,,
커피 한 잔 마시고,7,[kʰʌ.pʰi.han.tʃan.ma.si.ko],[kʰʌ.pʰi.han.dʒan.ma.si.go]
남과 다른,7,[nam.kwa.ta.ɾɯn],[nam.kwa.da.ɾɯn]
커피 한 잔에,7,[kʰʌ.pʰi.han.tʃan.e],[kʰʌ.pʰi.han.dʒan.e]
박사가 우리 중,7,[pak̚.sa.ka.u.ɾi.tʃuŋ],[bak̚.sa.ga.u.ɾi.dʒuŋ]
박사가 이,7,[pak̚.sa.ka.i],[bak̚.sa.ga.i]
남극 대륙은,7,[nam.kɯk̚.tɛ.ɾjuk̚.ɯn],[nam.kɯk̚.dɛ.ɾjuk̚.ɯn]
박사가 있는,7,[pak̚.sa.ka.it̚.nɯn],[bak̚.sa.ga.it̚.nɯn]
커피 한잔할래요,7,[kʰʌ.pʰi.han.tʃan.hal.ɾɛ.jo],[kʰʌ.pʰi.han.tʃan.hal.ɾɛ.jo]
커피나 마시고,7,[kʰʌ.pʰi.na.ma.si.ko],[kʰʌ.pʰi.na.ma.si.go]
박사고 이쪽은,7,[pak̚.sa.ko.i.tʃ͈ok̚.ɯn],[bak̚.sa.go.i.tʃ͈ok̚.ɯn]
함께 움직여,7,[ham.k͈e.un.tʃik̚.jʌ],[ham.k͈e.un.tʃik̚.jʌ]
박사는 내가,7,[pak̚.sa.nɯn.nɛ.ka],[bak̚.sa.nɯn.nɛ.ga]
커피는 더,7,[kʰʌ.pʰi.nɯn.tʌ],[kʰʌ.pʰi.nɯn.dʌ]
박사는 아직,7,[pak̚.sa.nɯn.a.tʃik̚],[bak̚.sa.nɯn.a.dʒik̚]
커피도 못,7,[kʰʌ.pʰi.to.mot̚],[kʰʌ.pʰi.do.mot̚]
남극 탐사를,7,[nam.kɯk̚.tʰam.sa.ɾɯl],[nam.kɯk̚.tʰam.sa.ɾɯl]
커피라도 드릴까요,7,[kʰʌ.pʰi.ɾa.to.tɯ.ɾil.k͈a.jo],[kʰʌ.pʰi.ɾa.do.dɯ.ɾil.k͈a.jo]
커피라도 한 잔,7,[kʰʌ.pʰi.ɾa.to.han.tʃan],[kʰʌ.pʰi.ɾa.do.han.dʒan]
커피를 가져다,7,[kʰʌ.pʰi.ɾɯl.ka.tʃjʌ.ta],[kʰʌ.pʰi.ɾɯl.ga.dʒjʌ.da]
커피를 들고,7,[kʰʌ.pʰi.ɾɯl.tɯl.ko],[kʰʌ.pʰi.ɾɯl.dɯl.ko]
내가 그 망할,7,[nɛ.ka.kɯ.maŋ.hal],[nɛ.ga.gɯ.maŋ.hal]
내가 용서,7,[nɛ.ka.joŋ.sʌ],[nɛ.ga.joŋ.sʌ]
고개 돌리고,7,[ko.kɛ.tol.ɾi.ko],[go.gɛ.dol.ɾi.go]
of what I,7,,
커피에 독,7,[kʰʌ.pʰi.e.tok̚],[kʰʌ.pʰi.e.dok̚]
컨디션 어때,7,[kʰʌn.ti.sjʌn.ʌ.t͈ɛ],[kʰʌn.ti.sjʌn.ʌ.t͈ɛ]
컨디션은 어때,7,[kʰʌn.ti.sjʌn.ɯn.ʌ.t͈ɛ],[kʰʌn.ti.sjʌn.ɯn.ʌ.t͈ɛ]
컨디션이 좋아,7,[kʰʌn.ti.sjʌn.i.tʃot̚.a],[kʰʌn.ti.sjʌn.i.dʒot̚.a]
박사님 네,7,[pak̚.sa.nim.ne],[bak̚.sa.nim.ne]
박사님 다른,7,[pak̚.sa.nin.ta.ɾɯn],[bak̚.sa.nim.da.ɾɯn]
컨트랄토 말라노테에게,7,[kʰʌn.tʰɯ.ɾal.tʰo.mal.ɾa.no.tʰe.e.ke],[kʰʌn.tʰɯ.ɾal.tʰo.mal.ɾa.no.tʰe.e.ge]
컨트랄토 말라노테에게 보내는 선물이야,7,[kʰʌn.tʰɯ.ɾal.tʰo.mal.ɾa.no.tʰe.e.ke.po.nɛ.nɯn.sʌn.mul.i.ja],[kʰʌn.tʰɯ.ɾal.tʰo.mal.ɾa.no.tʰe.e.ge.bo.nɛ.nɯn.sʌn.mul.i.ja]
함께 일하는 거야,7,[ham.k͈e.il.ha.nɯŋ.kʌ.ja],[ham.k͈e.il.ha.nɯn.gʌ.ja]
컨트리 클럽에,7,[kʰʌn.tʰɯ.ɾi.kʰɯl.ɾʌp̚.e],[kʰʌn.tʰɯ.ɾi.kʰɯl.ɾʌp̚.e]
고개 들지,7,[ko.kɛ.tɯl.tʃi],[go.gɛ.dɯl.tʃi]
박사님 말을,7,[pak̚.sa.nim.mal.ɯl],[bak̚.sa.nim.mal.ɯl]
컬러 슬라이드 수,7,[kʰʌl.ɾʌ.sɯl.ɾa.i.tɯ.su],[kʰʌl.ɾʌ.sɯl.ɾa.i.dɯ.su]
컬러 슬라이드,7,[kʰʌl.ɾʌ.sɯl.ɾa.i.tɯ],[kʰʌl.ɾʌ.sɯl.ɾa.i.dɯ]
갓 짜낸,7,[kat̚.tʃ͈a.nɛn],[gat̚.tʃ͈a.nɛn]
컬러 슬라이드 수 백,7,[kʰʌl.ɾʌ.sɯl.ɾa.i.tɯ.su.pɛk̚],[kʰʌl.ɾʌ.sɯl.ɾa.i.dɯ.su.bɛk̚]
박사님 안녕,7,[pak̚.sa.nim.an.njʌŋ],[bak̚.sa.nim.an.njʌŋ]
갈게 그렇게,7,[kal.ke.kɯ.ɾʌt̚.ke],[gal.ke.gɯ.ɾʌt̚.ke]
남기는 거지,7,[nam.ki.nɯŋ.kʌ.tʃi],[nam.ki.nɯn.gʌ.dʒi]
박사님 얘기 좀,7,[pak̚.sa.nim.jɛ.ki.tʃom],[bak̚.sa.nim.jɛ.gi.dʒom]
남기는 것,7,[nam.ki.nɯŋ.kʌt̚],[nam.ki.nɯn.gʌt̚]
컴퓨터 고장,7,[kʰʌm.pʰju.tʰʌ.ko.tʃaŋ],[kʰʌm.pʰju.tʰʌ.go.dʒaŋ]
이 음탕한,7,[i.ɯn.tʰaŋ.han],[i.ɯn.tʰaŋ.han]
박사님 오늘,7,[pak̚.sa.nim.o.nɯl],[bak̚.sa.nim.o.nɯl]
컴퓨터 바이러스를,7,[kʰʌm.pʰju.tʰʌ.pa.i.ɾʌ.sɯ.ɾɯl],[kʰʌm.pʰju.tʰʌ.ba.i.ɾʌ.sɯ.ɾɯl]
박사님 우린,7,[pak̚.sa.nim.u.ɾin],[bak̚.sa.nim.u.ɾin]
컴퓨터 속,7,[kʰʌm.pʰju.tʰʌ.sok̚],[kʰʌm.pʰju.tʰʌ.sok̚]
갈게 근데,7,[kal.ke.kɯn.te],[gal.ke.gɯn.te]
보여 주고 싶었던,7,[po.jʌ.tʃu.ko.sip̚.ʌt̚.tʌn],[bo.jʌ.dʒu.go.sip̚.ʌt̚.tʌn]
컴퓨터 안에,7,[kʰʌm.pʰju.tʰʌ.an.e],[kʰʌm.pʰju.tʰʌ.an.e]
아니에요 전혀요,7,[a.ni.e.jo.tʃʌn.hjʌ.jo],[a.ni.e.jo.dʒʌn.hjʌ.jo]
컴퓨터 어디,7,[kʰʌm.pʰju.tʰʌ.ʌ.ti],[kʰʌm.pʰju.tʰʌ.ʌ.di]
컴퓨터 재부팅,7,[kʰʌm.pʰju.tʰʌ.tʃɛ.pu.tʰiŋ],[kʰʌm.pʰju.tʰʌ.dʒɛ.bu.tʰiŋ]
박사님 이런,7,[pak̚.sa.nim.i.ɾʌn],[bak̚.sa.nim.i.ɾʌn]
are we looking,7,,
박사님 이쪽은 올리버입니다,7,[pak̚.sa.nim.i.tʃ͈ok̚.ɯn.ol.ɾi.pʌ.ip̚.ni.ta],[bak̚.sa.nim.i.tʃ͈ok̚.ɯn.ol.ɾi.bʌ.ip̚.ni.da]
are we safe,7,,
컴퓨터 해킹,7,[kʰʌm.pʰju.tʰʌ.hɛ.kʰiŋ],[kʰʌm.pʰju.tʰʌ.hɛ.kʰiŋ]
박사님 잠시,7,[pak̚.sa.nin.tʃam.si],[bak̚.sa.nim.dʒam.si]
박사님 제 말,7,[pak̚.sa.nin.tʃe.mal],[bak̚.sa.nim.dʒe.mal]
컴퓨터가 왜,7,[kʰʌm.pʰju.tʰʌ.ka.wɛ],[kʰʌm.pʰju.tʰʌ.ga.wɛ]
컴퓨터로 만든,7,[kʰʌm.pʰju.tʰʌ.ɾo.man.tɯn],[kʰʌm.pʰju.tʰʌ.ɾo.man.tɯn]
박사님 좀,7,[pak̚.sa.nin.tʃom],[bak̚.sa.nim.dʒom]
남기지 말고 다,7,[nam.ki.tʃi.mal.ko.ta],[nam.ki.dʒi.mal.ko.da]
컴퓨터를 보고,7,[kʰʌm.pʰju.tʰʌ.ɾɯl.po.ko],[kʰʌm.pʰju.tʰʌ.ɾɯl.bo.go]
컴퓨터를 쓸,7,[kʰʌm.pʰju.tʰʌ.ɾɯl.s͈ɯl],[kʰʌm.pʰju.tʰʌ.ɾɯl.s͈ɯl]
컴퓨터를 통해,7,[kʰʌm.pʰju.tʰʌ.ɾɯl.tʰoŋ.hɛ],[kʰʌm.pʰju.tʰʌ.ɾɯl.tʰoŋ.hɛ]
갈게 나는,7,[kal.ke.na.nɯn],[gal.ke.na.nɯn]
컴퓨터에 꽂으면,7,[kʰʌm.pʰju.tʰʌ.e.k͈ot̚.ɯ.mjʌn],[kʰʌm.pʰju.tʰʌ.e.k͈ot̚.ɯ.mjʌn]
남기지 않도록,7,[nam.ki.tʃi.an.to.ɾok̚],[nam.ki.dʒi.an.to.ɾok̚]
고개를 끄덕이며,7,[ko.kɛ.ɾɯl.k͈ɯ.tʌk̚.i.mjʌ],[go.gɛ.ɾɯl.k͈ɯ.dʌk̚.i.mjʌ]
컴퓨터에서 나온,7,[kʰʌm.pʰju.tʰʌ.e.sʌ.na.on],[kʰʌm.pʰju.tʰʌ.e.sʌ.na.on]
of work to,7,,
고개를 높이 들고,7,[ko.kɛ.ɾɯl.lop̚.i.tɯl.ko],[go.gɛ.ɾɯl.lop̚.i.dɯl.ko]
컸다는 거,7,[kʰʌt̚.ta.nɯŋ.kʌ],[kʰʌt̚.ta.nɯn.gʌ]
박사님이 얼마나,7,[pak̚.sa.nim.i.ʌl.ma.na],[bak̚.sa.nim.i.ʌl.ma.na]
컸을 거야,7,[kʰʌt̚.ɯl.kʌ.ja],[kʰʌt̚.ɯl.gʌ.ja]
케겔 운동,7,[kʰe.kel.un.toŋ],[kʰe.gel.un.toŋ]
케네디 대통령과,7,[kʰe.ne.ti.tɛ.tʰoŋ.ɾjʌŋ.kwa],[kʰe.ne.di.dɛ.tʰoŋ.ɾjʌŋ.gwa]
케네디 대통령의,7,[kʰe.ne.ti.tɛ.tʰoŋ.ɾjʌŋ.ɯi],[kʰe.ne.di.dɛ.tʰoŋ.ɾjʌŋ.ɯi]
of work to do,7,,
남긴 거지,7,[nam.kiŋ.kʌ.tʃi],[nam.kin.gʌ.dʒi]
박사를 만나러,7,[pak̚.sa.ɾɯl.man.na.ɾʌ],[bak̚.sa.ɾɯl.man.na.ɾʌ]
고개를 뒤로,7,[ko.kɛ.ɾɯl.twi.ɾo],[go.gɛ.ɾɯl.dwi.ɾo]
남긴 걸까,7,[nam.kiŋ.kʌl.k͈a],[nam.kin.gʌl.k͈a]
때다 우리,7,[t͈ɛ.ta.u.ɾi],[t͈ɛ.da.u.ɾi]
케니 케니,7,[kʰe.ni.kʰe.ni],[kʰe.ni.kʰe.ni]
케빈 내가,7,[kʰe.pin.nɛ.ka],[kʰe.bin.nɛ.ga]
케빈 엄마,7,[kʰe.pin.ʌm.ma],[kʰe.bin.ʌm.ma]
남긴 말이,7,[nam.kin.mal.i],[nam.kin.mal.i]
박사와 하이드,7,[pak̚.sa.wa.ha.i.tɯ],[bak̚.sa.wa.ha.i.dɯ]
남긴 마지막,7,[nam.kin.ma.tʃi.mak̚],[nam.kin.ma.dʒi.mak̚]
케빈 웬델,7,[kʰe.pin.wen.tel],[kʰe.bin.wen.tel]
케빈 이제,7,[kʰe.pin.i.tʃe],[kʰe.bin.i.dʒe]
케빈 이,7,[kʰe.pin.i],[kʰe.bin.i]
케빈 정말,7,[kʰe.pin.tʃʌŋ.mal],[kʰe.bin.dʒʌŋ.mal]
케빈 케빈 케빈,7,[kʰe.piŋ.kʰe.piŋ.kʰe.pin],[kʰe.biŋ.kʰe.biŋ.kʰe.bin]
케빈 트랜,7,[kʰe.pin.tʰɯ.ɾɛn],[kʰe.bin.tʰɯ.ɾɛn]
케이 요원,7,[kʰe.i.jo.wʌn],[kʰe.i.jo.wʌn]
케이 케이 케이 케이,7,[kʰe.i.kʰe.i.kʰe.i.kʰe.i],[kʰe.i.kʰe.i.kʰe.i.kʰe.i]
케이드 씨,7,[kʰe.i.tɯ.s͈i],[kʰe.i.dɯ.s͈i]
박사입니다 제가,7,[pak̚.sa.ip̚.ni.ta.tʃe.ka],[bak̚.sa.ip̚.ni.da.dʒe.ga]
케이블 TV를,7,[kʰe.i.pɯl.ɾɯl],[kʰe.i.bɯl.ɾɯl]
케이블 TV도,7,[kʰe.i.pɯl.to],[kʰe.i.bɯl.do]
케이블 채널,7,[kʰe.i.pɯl.tʃʰɛ.nʌl],[kʰe.i.bɯl.tʃʰɛ.nʌl]
박살 내기,7,[pak̚.sal.lɛ.ki],[bak̚.sal.lɛ.gi]
케이스가 있어,7,[kʰe.i.sɯ.ka.it̚.ʌ],[kʰe.i.sɯ.ga.it̚.ʌ]
박살 내버려,7,[pak̚.sal.lɛ.pʌ.ɾjʌ],[bak̚.sal.lɛ.bʌ.ɾjʌ]
케이시 앤서니,7,[kʰe.i.si.ɛn.sʌ.ni],[kʰe.i.si.ɛn.sʌ.ni]
박살 내자,7,[pak̚.sal.lɛ.tʃa],[bak̚.sal.lɛ.dʒa]
남길 필요는,7,[nam.kil.pʰil.jo.nɯn],[nam.kil.pʰil.jo.nɯn]
케이크 두,7,[kʰe.i.kʰɯ.tu],[kʰe.i.kʰɯ.du]
남녀 모두,7,[nam.njʌ.mo.tu],[nam.njʌ.mo.du]
함께 즐거운 시간을,7,[ham.k͈e.tʃɯl.kʌ.un.si.kan.ɯl],[ham.k͈e.dʒɯl.kʌ.un.si.gan.ɯl]
케이트 난,7,[kʰe.i.tʰɯ.nan],[kʰe.i.tʰɯ.nan]
케이트 내,7,[kʰe.i.tʰɯ.nɛ],[kʰe.i.tʰɯ.nɛ]
박상희 지난,7,[pak̚.saŋ.hɯi.tʃi.nan],[bak̚.saŋ.hɯi.dʒi.nan]
박상희 지난 이야기,7,[pak̚.saŋ.hɯi.tʃi.nan.i.ja.ki],[bak̚.saŋ.hɯi.dʒi.nan.i.ja.gi]
박선우 기자,7,[pak̚.sʌn.u.ki.tʃa],[bak̚.sʌn.u.gi.dʒa]
박수 갈채,7,[pak̚.su.kal.tʃʰɛ],[bak̚.su.gal.tʃʰɛ]
박수 그만,7,[pak̚.su.kɯ.man],[bak̚.su.gɯ.man]
케이트 윌리엄스는,7,[kʰe.i.tʰɯ.wil.ɾi.ʌm.sɯ.nɯn],[kʰe.i.tʰɯ.wil.ɾi.ʌm.sɯ.nɯn]
케이트 조던,7,[kʰe.i.tʰɯ.tʃo.tʌn],[kʰe.i.tʰɯ.dʒo.dʌn]
박수 보내주세요,7,[pak̚.su.po.nɛ.tʃu.se.jo],[bak̚.su.bo.nɛ.dʒu.se.jo]
케이트는 어때,7,[kʰe.i.tʰɯ.nɯn.ʌ.t͈ɛ],[kʰe.i.tʰɯ.nɯn.ʌ.t͈ɛ]
남녀노소 할,7,[nam.njʌ.no.so.hal],[nam.njʌ.no.so.hal]
함께 지냈어,7,[ham.k͈e.tʃi.nɛt̚.ʌ],[ham.k͈e.dʒi.nɛt̚.ʌ]
남녀노소 할 것 없이,7,[nam.njʌ.no.so.hal.kʌt̚.ʌp̚.i],[nam.njʌ.no.so.hal.gʌt̚.ʌp̚.i]
남녀노소 할 것,7,[nam.njʌ.no.so.hal.kʌt̚],[nam.njʌ.no.so.hal.gʌt̚]
박수 쳐주세요,7,[pak̚.su.tʃʰjʌ.tʃu.se.jo],[bak̚.su.tʃʰjʌ.dʒu.se.jo]
케이프 커내버럴에서,7,[kʰe.i.pʰɯ.kʰʌ.nɛ.pʌ.ɾʌl.e.sʌ],[kʰe.i.pʰɯ.kʰʌ.nɛ.bʌ.ɾʌl.e.sʌ]
켄 씨,7,[kʰen.s͈i],[kʰen.s͈i]
남는 것도,7,[nam.nɯŋ.kʌt̚.to],[nam.nɯn.gʌt̚.to]
켈러 보안관님,7,[kʰel.ɾʌ.po.aŋ.kwan.nim],[kʰel.ɾʌ.bo.aŋ.kwan.nim]
켈로그 씨가,7,[kʰel.ɾo.kɯ.s͈i.ka],[kʰel.ɾo.gɯ.s͈i.ga]
박수를 보내 주세요,7,[pak̚.su.ɾɯl.po.nɛ.tʃu.se.jo],[bak̚.su.ɾɯl.bo.nɛ.dʒu.se.jo]
켜 놨어,7,[kʰjʌ.nwat̚.ʌ],[kʰjʌ.nwat̚.ʌ]
박스 더,7,[pak̚.sɯ.tʌ],[bak̚.sɯ.dʌ]
켜져 있잖아,7,[kʰjʌ.tʃjʌ.it̚.tʃan.a],[kʰjʌ.dʒjʌ.it̚.tʃan.a]
OF THRONES,7,,
박식해지면 사실,7,[pak̚.sik̚.hɛ.tʃi.mjʌn.sa.sil],[bak̚.sik̚.hɛ.dʒi.mjʌn.sa.sil]
박식해지면 사실 대단한,7,[pak̚.sik̚.hɛ.tʃi.mjʌn.sa.sil.tɛ.tan.han],[bak̚.sik̚.hɛ.dʒi.mjʌn.sa.sil.dɛ.dan.han]
박식해지면 사실 대단한 사람이,7,[pak̚.sik̚.hɛ.tʃi.mjʌn.sa.sil.tɛ.tan.han.sa.ɾam.i],[bak̚.sik̚.hɛ.dʒi.mjʌn.sa.sil.dɛ.dan.han.sa.ɾam.i]
켜질 거야,7,[kʰjʌ.tʃil.kʌ.ja],[kʰjʌ.dʒil.gʌ.ja]
함께 하실래요,7,[ham.k͈e.ha.sil.ɾɛ.jo],[ham.k͈e.ha.sil.ɾɛ.jo]
보여서 내가,7,[po.jʌ.sʌ.nɛ.ka],[bo.jʌ.sʌ.nɛ.ga]
켤 때마다,7,[kʰjʌl.t͈ɛ.ma.ta],[kʰjʌl.t͈ɛ.ma.da]
켰다 껐다,7,[kʰjʌt̚.ta.k͈ʌt̚.ta],[kʰjʌt̚.ta.k͈ʌt̚.ta]
남동생이 있어요,7,[nan.toŋ.sɛŋ.i.it̚.ʌ.jo],[nan.toŋ.sɛŋ.i.it̚.ʌ.jo]
갈게 몇,7,[kal.ke.mjʌt̚],[gal.ke.mjʌt̚]
코 골지,7,[kʰo.kol.tʃi],[kʰo.gol.tʃi]
코 앞이야,7,[kʰo.ap̚.i.ja],[kʰo.ap̚.i.ja]
이 일에 말려들게,7,[i.il.e.mal.ɾjʌ.tɯl.ke],[i.il.e.mal.ɾjʌ.dɯl.ke]
코가 삐뚤어지게,7,[kʰo.ka.p͈i.t͈ul.ʌ.tʃi.ke],[kʰo.ga.p͈i.t͈ul.ʌ.dʒi.ge]
남들 생각은,7,[nan.tɯl.sɛŋ.kak̚.ɯn],[nan.tɯl.sɛŋ.gak̚.ɯn]
코가 좀,7,[kʰo.ka.tʃom],[kʰo.ga.dʒom]
때도 많고,7,[t͈ɛ.to.maŋ.ko],[t͈ɛ.do.maŋ.ko]
코끼리가 되고,7,[kʰo.k͈i.ɾi.ka.twe.ko],[kʰo.k͈i.ɾi.ga.dwe.go]
코끼리를 타고,7,[kʰo.k͈i.ɾi.ɾɯl.tʰa.ko],[kʰo.k͈i.ɾi.ɾɯl.tʰa.go]
함께 할 수 있을,7,[ham.k͈e.hal.su.it̚.ɯl],[ham.k͈e.hal.su.it̚.ɯl]
코나카 마사루,7,[kʰo.na.kʰa.ma.sa.ɾu],[kʰo.na.kʰa.ma.sa.ɾu]
박정우 씨,7,[pak̚.tʃʌŋ.u.s͈i],[bak̚.tʃʌŋ.u.s͈i]
고객님이 전화를 받지,7,[ko.kɛk̚.nim.i.tʃʌn.hwa.ɾɯl.pat̚.tʃi],[go.gɛk̚.nim.i.dʒʌn.hwa.ɾɯl.bat̚.tʃi]
남들과 다르다고,7,[nan.tɯl.kwa.ta.ɾɯ.ta.ko],[nan.tɯl.kwa.da.ɾɯ.da.go]
코네티컷에 있는,7,[kʰo.ne.tʰi.kʰʌt̚.e.it̚.nɯn],[kʰo.ne.tʰi.kʰʌt̚.e.it̚.nɯn]
고객들을 위한,7,[ko.kɛk̚.tɯl.ɯl.wi.han],[go.gɛk̚.tɯl.ɯl.wi.han]
코는 어때,7,[kʰo.nɯn.ʌ.t͈ɛ],[kʰo.nɯn.ʌ.t͈ɛ]
박차고 나온,7,[pak̚.tʃʰa.ko.na.on],[bak̚.tʃʰa.go.na.on]
코니 lrm,7,[kʰo.ni],[kʰo.ni]
박차고 일어나,7,[pak̚.tʃʰa.ko.il.ʌ.na],[bak̚.tʃʰa.go.il.ʌ.na]
박탈하고 종신형에,7,[pak̚.tʰal.ha.ko.tʃoŋ.sin.hjʌŋ.e],[bak̚.tʰal.ha.go.dʒoŋ.sin.hjʌŋ.e]
박탈하고 종신형에 처한다,7,[pak̚.tʰal.ha.ko.tʃoŋ.sin.hjʌŋ.e.tʃʰʌ.han.ta],[bak̚.tʰal.ha.go.dʒoŋ.sin.hjʌŋ.e.tʃʰʌ.han.ta]
코드 안에,7,[kʰo.tɯ.an.e],[kʰo.dɯ.an.e]
코드 핑크,7,[kʰo.tɯ.pʰiŋ.kʰɯ],[kʰo.dɯ.pʰiŋ.kʰɯ]
코드가 안,7,[kʰo.tɯ.ka.an],[kʰo.dɯ.ga.an]
박하영 씨,7,[pak̚.ha.jʌŋ.s͈i],[bak̚.ha.jʌŋ.s͈i]
코드를 입력하세요,7,[kʰo.tɯ.ɾɯl.ip̚.ɾjʌk̚.ha.se.jo],[kʰo.dɯ.ɾɯl.ip̚.ɾjʌk̚.ha.se.jo]
때도 우리,7,[t͈ɛ.to.u.ɾi],[t͈ɛ.do.u.ɾi]
코드를 줘,7,[kʰo.tɯ.ɾɯl.tʃwʌ],[kʰo.dɯ.ɾɯl.dʒwʌ]
코라 c,7,[kʰo.ɾa],[kʰo.ɾa]
코를 가지고,7,[kʰo.ɾɯl.ka.tʃi.ko],[kʰo.ɾɯl.ga.dʒi.go]
이 일은 아무,7,[i.il.ɯn.a.mu],[i.il.ɯn.a.mu]
함께 있으니까 엄마는 알아요,7,[ham.k͈e.it̚.ɯ.ni.k͈a.ʌm.ma.nɯn.al.a.jo],[ham.k͈e.it̚.ɯ.ni.k͈a.ʌm.ma.nɯn.al.a.jo]
코를 부러뜨린,7,[kʰo.ɾɯl.pu.ɾʌ.t͈ɯ.ɾin],[kʰo.ɾɯl.bu.ɾʌ.t͈ɯ.ɾin]
박힌 거,7,[pak̚.hiŋ.kʌ],[bak̚.hin.gʌ]
코를 좀,7,[kʰo.ɾɯl.tʃom],[kʰo.ɾɯl.dʒom]
코를 잡고,7,[kʰo.ɾɯl.tʃap̚.ko],[kʰo.ɾɯl.dʒap̚.ko]
박힌 건,7,[pak̚.hiŋ.kʌn],[bak̚.hin.gʌn]
박힌 것,7,[pak̚.hiŋ.kʌt̚],[bak̚.hin.gʌt̚]
박힌 게,7,[pak̚.hiŋ.ke],[bak̚.hin.ge]
함께 현장에,7,[ham.k͈e.hjʌn.tʃaŋ.e],[ham.k͈e.hjʌn.tʃaŋ.e]
코미디 클럽에,7,[kʰo.mi.ti.kʰɯl.ɾʌp̚.e],[kʰo.mi.di.kʰɯl.ɾʌp̚.e]
코믹한 음악 끝난다,7,[kʰo.mik̚.han.ɯm.ak̚.k͈ɯt̚.nan.ta],[kʰo.mik̚.han.ɯm.ak̚.k͈ɯt̚.nan.ta]
코박스 씨,7,[kʰo.pak̚.sɯ.s͈i],[kʰo.bak̚.sɯ.s͈i]
코비 부동산,7,[kʰo.pi.pu.toŋ.san],[kʰo.bi.bu.doŋ.san]
밖에 그대로,7,[pak̚.e.kɯ.tɛ.ɾo],[bak̚.e.gɯ.dɛ.ɾo]
코빼기도 안 보이고,7,[kʰo.p͈ɛ.ki.to.am.po.i.ko],[kʰo.p͈ɛ.gi.do.an.bo.i.go]
코빼기도 안 보이더니,7,[kʰo.p͈ɛ.ki.to.am.po.i.tʌ.ni],[kʰo.p͈ɛ.gi.do.an.bo.i.dʌ.ni]
코서렉 보안관 매니토웍,7,[kʰo.sʌ.ɾek̚.po.aŋ.kwan.mɛ.ni.tʰo.wʌk̚],[kʰo.sʌ.ɾek̚.bo.aŋ.kwan.mɛ.ni.tʰo.wʌk̚]
밖에 나가게,7,[pak̚.e.na.ka.ke],[bak̚.e.na.ga.ge]
남들이 원하는,7,[nan.tɯl.i.wʌn.ha.nɯn],[nan.tɯl.i.wʌn.ha.nɯn]
코앞까지 왔어,7,[kʰo.ap̚.k͈a.tʃi.wat̚.ʌ],[kʰo.ap̚.k͈a.dʒi.wat̚.ʌ]
are you calling,7,,
남부 억양,7,[nam.pu.ʌk̚.jaŋ],[nam.pu.ʌk̚.jaŋ]
고객이 아니야,7,[ko.kɛk̚.i.a.ni.ja],[go.gɛk̚.i.a.ni.ja]
코지모 귀하,7,[kʰo.tʃi.mo.kwi.ha],[kʰo.dʒi.mo.gwi.ha]
남부 억양을,7,[nam.pu.ʌk̚.jaŋ.ɯl],[nam.pu.ʌk̚.jaŋ.ɯl]
코지모 드 메디치의,7,[kʰo.tʃi.mo.tɯ.me.ti.tʃʰi.ɯi],[kʰo.dʒi.mo.dɯ.me.di.tʃʰi.ɯi]
밖에 나면,7,[pak̚.e.na.mjʌn],[bak̚.e.na.mjʌn]
밖에 나올,7,[pak̚.e.na.ol],[bak̚.e.na.ol]
코카인을 운반할,7,[kʰo.kʰa.in.ɯl.um.pan.hal],[kʰo.kʰa.in.ɯl.um.pan.hal]
밖에 나와 있어,7,[pak̚.e.na.wa.it̚.ʌ],[bak̚.e.na.wa.it̚.ʌ]
코코넛 크림,7,[kʰo.kʰo.nʌt̚.kʰɯ.ɾim],[kʰo.kʰo.nʌt̚.kʰɯ.ɾim]
고객이 있어요,7,[ko.kɛk̚.i.it̚.ʌ.jo],[go.gɛk̚.i.it̚.ʌ.jo]
코트 경력,7,[kʰo.tʰɯ.kjʌŋ.ɾjʌk̚],[kʰo.tʰɯ.gjʌŋ.ɾjʌk̚]
고객이 전화를 받지 않아,7,[ko.kɛk̚.i.tʃʌn.hwa.ɾɯl.pat̚.tʃi.an.a],[go.gɛk̚.i.dʒʌn.hwa.ɾɯl.bat̚.tʃi.an.a]
코트 벗어,7,[kʰo.tʰɯ.pʌt̚.ʌ],[kʰo.tʰɯ.bʌt̚.ʌ]
남부장 아저씨,7,[nam.pu.tʃaŋ.a.tʃʌ.s͈i],[nam.pu.dʒaŋ.a.dʒʌ.s͈i]
밖에 누가 왔어,7,[pak̚.e.nu.ka.wat̚.ʌ],[bak̚.e.nu.ga.wat̚.ʌ]
코트 주세요,7,[kʰo.tʰɯ.tʃu.se.jo],[kʰo.tʰɯ.dʒu.se.jo]
밖에 누구 없어요,7,[pak̚.e.nu.ku.ʌp̚.ʌ.jo],[bak̚.e.nu.gu.ʌp̚.ʌ.jo]
남북 전쟁에,7,[nam.puk̚.tʃʌn.tʃɛŋ.e],[nam.puk̚.dʒʌn.tʃɛŋ.e]
남북 전쟁에서,7,[nam.puk̚.tʃʌn.tʃɛŋ.e.sʌ],[nam.puk̚.dʒʌn.tʃɛŋ.e.sʌ]
코트는 어디,7,[kʰo.tʰɯ.nɯn.ʌ.ti],[kʰo.tʰɯ.nɯn.ʌ.di]
고객이 전화를 받지,7,[ko.kɛk̚.i.tʃʌn.hwa.ɾɯl.pat̚.tʃi],[go.gɛk̚.i.dʒʌn.hwa.ɾɯl.bat̚.tʃi]
고결한 척하는,7,[ko.kjʌl.han.tʃʰʌk̚.ha.nɯn],[go.gjʌl.han.tʃʰʌk̚.ha.nɯn]
코플린 씨,7,[kʰo.pʰɯl.ɾin.s͈i],[kʰo.pʰɯl.ɾin.s͈i]
코피 흘리는 거,7,[kʰo.pʰi.hɯl.ɾi.nɯŋ.kʌ],[kʰo.pʰi.hɯl.ɾi.nɯn.gʌ]
코피 흘리는 거 아니지,7,[kʰo.pʰi.hɯl.ɾi.nɯŋ.kʌ.a.ni.tʃi],[kʰo.pʰi.hɯl.ɾi.nɯn.gʌ.a.ni.dʒi]
코피가 나요,7,[kʰo.pʰi.ka.na.jo],[kʰo.pʰi.ga.na.jo]
때도 있단다,7,[t͈ɛ.to.it̚.tan.ta],[t͈ɛ.do.it̚.tan.ta]
코피를 흘려서 그냥,7,[kʰo.pʰi.ɾɯl.hɯl.ɾjʌ.sʌ.kɯ.njaŋ],[kʰo.pʰi.ɾɯl.hɯl.ɾjʌ.sʌ.gɯ.njaŋ]
코헤이 씨는,7,[kʰo.he.i.s͈i.nɯn],[kʰo.he.i.s͈i.nɯn]
코헤이 씨,7,[kʰo.he.i.s͈i],[kʰo.he.i.s͈i]
코헨 갱랜드 언더커버,7,[kʰo.heŋ.kɛŋ.ɾɛn.tɯ.ʌn.tʌ.kʰʌ.pʌ],[kʰo.hen.gɛŋ.ɾɛn.tɯ.ʌn.tʌ.kʰʌ.bʌ]
코헨 갱랜드,7,[kʰo.heŋ.kɛŋ.ɾɛn.tɯ],[kʰo.hen.gɛŋ.ɾɛn.tɯ]
고고학 문서들과,7,[ko.ko.hak̚.mun.sʌ.tɯl.kwa],[go.go.hak̚.mun.sʌ.dɯl.kwa]
콘돔 끼고,7,[kʰon.tom.k͈i.ko],[kʰon.tom.k͈i.go]
콘래드 그레이슨에게,7,[kʰol.lɛ.tɯ.kɯ.ɾe.i.sɯn.e.ke],[kʰol.lɛ.dɯ.gɯ.ɾe.i.sɯn.e.ge]
콘서트를 봤어,7,[kʰon.sʌ.tʰɯ.ɾɯl.pwat̚.ʌ],[kʰon.sʌ.tʰɯ.ɾɯl.bwat̚.ʌ]
콘서트를 봤어 런던까지 히치하이크해서,7,[kʰon.sʌ.tʰɯ.ɾɯl.pwat̚.ʌ.ɾʌn.tʌŋ.k͈a.tʃi.hi.tʃʰi.ha.i.kʰɯ.hɛ.sʌ],[kʰon.sʌ.tʰɯ.ɾɯl.bwat̚.ʌ.ɾʌn.tʌŋ.k͈a.dʒi.hi.tʃʰi.ha.i.kʰɯ.hɛ.sʌ]
고고학 문서들과 연결되고,7,[ko.ko.hak̚.mun.sʌ.tɯl.kwa.jʌŋ.kjʌl.twe.ko],[go.go.hak̚.mun.sʌ.dɯl.kwa.jʌŋ.kjʌl.twe.go]
콘서트에 갈,7,[kʰon.sʌ.tʰɯ.e.kal],[kʰon.sʌ.tʰɯ.e.gal]
갈게 알겠어,7,[kal.ke.al.ket̚.ʌ],[gal.ke.al.ket̚.ʌ]
남성과 여성이,7,[nam.sʌŋ.kwa.jʌ.sʌŋ.i],[nam.sʌŋ.gwa.jʌ.sʌŋ.i]
밖에 비,7,[pak̚.e.pi],[bak̚.e.bi]
콘크리트 바닥에,7,[kʰoŋ.kʰɯ.ɾi.tʰɯ.pa.tak̚.e],[kʰoŋ.kʰɯ.ɾi.tʰɯ.ba.dak̚.e]
콘크리트 블록을,7,[kʰoŋ.kʰɯ.ɾi.tʰɯ.pɯl.ɾok̚.ɯl],[kʰoŋ.kʰɯ.ɾi.tʰɯ.bɯl.ɾok̚.ɯl]
내가 그랬습니다,7,[nɛ.ka.kɯ.ɾɛt̚.sɯp̚.ni.ta],[nɛ.ga.gɯ.ɾɛt̚.sɯp̚.ni.da]
밖에 아무것도,7,[pak̚.e.a.mu.kʌt̚.to],[bak̚.e.a.mu.gʌt̚.to]
콜라 두,7,[kʰol.ɾa.tu],[kʰol.ɾa.du]
콜라 좀,7,[kʰol.ɾa.tʃom],[kʰol.ɾa.dʒom]
남아 달라고,7,[nam.a.tal.ɾa.ko],[nam.a.dal.ɾa.go]
보여주는 게 좋을,7,[po.jʌ.tʃu.nɯŋ.ke.tʃot̚.ɯl],[bo.jʌ.dʒu.nɯn.ge.dʒot̚.ɯl]
밖에 안 남았어요,7,[pak̚.e.an.nam.at̚.ʌ.jo],[bak̚.e.an.nam.at̚.ʌ.jo]
고교 졸업 후,7,[ko.kjo.tʃol.ʌp̚.hu],[go.gjo.dʒol.ʌp̚.hu]
콜론 씨가,7,[kʰol.ɾon.s͈i.ka],[kʰol.ɾon.s͈i.ga]
콜롬비아 만세,7,[kʰol.ɾom.pi.a.man.se],[kʰol.ɾom.pi.a.man.se]
갈게 얘들아,7,[kal.ke.jɛ.tɯl.a],[gal.ke.jɛ.dɯl.a]
콜롬비아에서 가장,7,[kʰol.ɾom.pi.a.e.sʌ.ka.tʃaŋ],[kʰol.ɾom.pi.a.e.sʌ.ga.dʒaŋ]
콜린스 씨를,7,[kʰol.ɾin.sɯ.s͈i.ɾɯl],[kʰol.ɾin.sɯ.s͈i.ɾɯl]
밖에 앉아 있는,7,[pak̚.e.an.a.it̚.nɯn],[bak̚.e.an.a.it̚.nɯn]
콜먼 씨가,7,[kʰol.mʌn.s͈i.ka],[kʰol.mʌn.s͈i.ga]
콜바인 부인,7,[kʰol.pa.im.pu.in],[kʰol.pa.in.bu.in]
콜슨 요원과,7,[kʰol.sɯn.jo.wʌŋ.kwa],[kʰol.sɯn.jo.wʌŋ.kwa]
남아 있는 거야,7,[nam.a.it̚.nɯŋ.kʌ.ja],[nam.a.it̚.nɯn.gʌ.ja]
콜슨 요원이,7,[kʰol.sɯn.jo.wʌn.i],[kʰol.sɯn.jo.wʌn.i]
남아 있는 걸,7,[nam.a.it̚.nɯŋ.kʌl],[nam.a.it̚.nɯn.gʌl]
함부로 손,7,[ham.pu.ɾo.son],[ham.pu.ɾo.son]
함부로 손대지,7,[ham.pu.ɾo.son.tɛ.tʃi],[ham.pu.ɾo.son.tɛ.dʒi]
밖에 없는 거,7,[pak̚.e.ʌp̚.nɯŋ.kʌ],[bak̚.e.ʌp̚.nɯn.gʌ]
밖에 없는 거야,7,[pak̚.e.ʌp̚.nɯŋ.kʌ.ja],[bak̚.e.ʌp̚.nɯn.gʌ.ja]
밖에 없는거야,7,[pak̚.e.ʌp̚.nɯŋ.kʌ.ja],[bak̚.e.ʌp̚.nɯŋ.kʌ.ja]
함부로 해,7,[ham.pu.ɾo.hɛ],[ham.pu.ɾo.hɛ]
콧대가 하늘을,7,[kʰot̚.tɛ.ka.ha.nɯl.ɯl],[kʰot̚.tɛ.ga.ha.nɯl.ɯl]
콩밥 좀,7,[kʰom.pap̚.tʃom],[kʰoŋ.bap̚.dʒom]
밖에 없었고,7,[pak̚.e.ʌp̚.ʌt̚.ko],[bak̚.e.ʌp̚.ʌt̚.ko]
콰이번은 내가 아는,7,[kʰwa.i.pʌn.ɯn.nɛ.ka.a.nɯn],[kʰwa.i.bʌn.ɯn.nɛ.ga.a.nɯn]
콰이번은 내가,7,[kʰwa.i.pʌn.ɯn.nɛ.ka],[kʰwa.i.bʌn.ɯn.nɛ.ga]
밖에 없었는데,7,[pak̚.e.ʌp̚.ʌt̚.nɯn.te],[bak̚.e.ʌp̚.ʌt̚.nɯn.te]
밖에 없었을 때부터지,7,[pak̚.e.ʌp̚.ʌt̚.ɯl.t͈ɛ.pu.tʰʌ.tʃi],[bak̚.e.ʌp̚.ʌt̚.ɯl.t͈ɛ.bu.tʰʌ.dʒi]
남아 있어도,7,[nam.a.it̚.ʌ.to],[nam.a.it̚.ʌ.do]
밖에 여자가,7,[pak̚.e.jʌ.tʃa.ka],[bak̚.e.jʌ.dʒa.ga]
밖에 와 있어,7,[pak̚.e.wa.it̚.ʌ],[bak̚.e.wa.it̚.ʌ]
남아 있어야 해요,7,[nam.a.it̚.ʌ.ja.hɛ.jo],[nam.a.it̚.ʌ.ja.hɛ.jo]
밖에 우리,7,[pak̚.e.u.ɾi],[bak̚.e.u.ɾi]
고급 기술,7,[ko.kɯp̚.ki.sul],[go.gɯp̚.gi.sul]
문이 어디,7,[mun.i.ʌ.ti],[mun.i.ʌ.di]
쿠델리아 씨한테,7,[kʰu.tel.ɾi.a.s͈i.han.tʰe],[kʰu.del.ɾi.a.s͈i.han.tʰe]
밖에 이렇게,7,[pak̚.e.i.ɾʌt̚.ke],[bak̚.e.i.ɾʌt̚.ke]
분밖에 안 됐어,7,[pum.pak̚.e.an.twɛt̚.ʌ],[bum.pak̚.e.an.dwɛt̚.ʌ]
밖에 있는 걸,7,[pak̚.e.it̚.nɯŋ.kʌl],[bak̚.e.it̚.nɯn.gʌl]
밖에 있는 사람,7,[pak̚.e.it̚.nɯn.sa.ɾam],[bak̚.e.it̚.nɯn.sa.ɾam]
쿠바에 있는,7,[kʰu.pa.e.it̚.nɯn],[kʰu.ba.e.it̚.nɯn]
쿠엔틴 타란티노,7,[kʰu.en.tʰin.tʰa.ɾan.tʰi.no],[kʰu.en.tʰin.tʰa.ɾan.tʰi.no]
갈게 여보,7,[kal.ke.jʌ.po],[gal.ke.jʌ.bo]
쿠키 드실래요,7,[kʰu.kʰi.tɯ.sil.ɾɛ.jo],[kʰu.kʰi.dɯ.sil.ɾɛ.jo]
쿠키 라이온의,7,[kʰu.kʰi.ɾa.i.on.ɯi],[kʰu.kʰi.ɾa.i.on.ɯi]
갈게 오,7,[kal.ke.o],[gal.ke.o]
함정을 팠어요,7,[han.tʃʌŋ.ɯl.pʰat̚.ʌ.jo],[han.tʃʌŋ.ɯl.pʰat̚.ʌ.jo]
쿠키가 날,7,[kʰu.kʰi.ka.nal],[kʰu.kʰi.ga.nal]
함정이 아니라,7,[han.tʃʌŋ.i.a.ni.ɾa],[han.tʃʌŋ.i.a.ni.ɾa]
갈게 오늘은,7,[kal.ke.o.nɯl.ɯn],[gal.ke.o.nɯl.ɯn]
쿠퍼 맞아요,7,[kʰu.pʰʌ.mat̚.a.jo],[kʰu.pʰʌ.mat̚.a.jo]
쿠퍼 박사,7,[kʰu.pʰʌ.pak̚.sa],[kʰu.pʰʌ.bak̚.sa]
남아 있을거야,7,[nam.a.it̚.ɯl.kʌ.ja],[nam.a.it̚.ɯl.kʌ.ja]
남아 있을게,7,[nam.a.it̚.ɯl.ke],[nam.a.it̚.ɯl.ke]
쿠퍼 부국장이,7,[kʰu.pʰʌ.pu.kuk̚.tʃaŋ.i],[kʰu.pʰʌ.bu.guk̚.tʃaŋ.i]
함정이 있다고 느끼고 그래서,7,[han.tʃʌŋ.i.it̚.ta.ko.nɯ.k͈i.ko.kɯ.ɾɛ.sʌ],[han.tʃʌŋ.i.it̚.ta.go.nɯ.k͈i.go.gɯ.ɾɛ.sʌ]
밖에 있을 테니까,7,[pak̚.e.it̚.ɯl.tʰe.ni.k͈a],[bak̚.e.it̚.ɯl.tʰe.ni.k͈a]
밖에 있을때,7,[pak̚.e.it̚.ɯl.t͈ɛ],[bak̚.e.it̚.ɯl.t͈ɛ]
쿠퍼 안돼요,7,[kʰu.pʰʌ.an.twɛ.jo],[kʰu.pʰʌ.an.twɛ.jo]
쿠퍼 조금만,7,[kʰu.pʰʌ.tʃo.kɯm.man],[kʰu.pʰʌ.dʒo.gɯm.man]
밖에 추운데,7,[pak̚.e.tʃʰu.un.te],[bak̚.e.tʃʰu.un.te]
밖에도 안,7,[pak̚.e.to.an],[bak̚.e.do.an]
남아도 돼,7,[nam.a.to.twɛ],[nam.a.do.dwɛ]
쿨하지 않아,7,[kʰul.ha.tʃi.an.a],[kʰul.ha.dʒi.an.a]
남아서 날,7,[nam.a.sʌ.nal],[nam.a.sʌ.nal]
쿨한 거야,7,[kʰul.haŋ.kʌ.ja],[kʰul.han.gʌ.ja]
밖에서 기다리다가,7,[pak̚.e.sʌ.ki.ta.ɾi.ta.ka],[bak̚.e.sʌ.gi.da.ɾi.da.ga]
쿵 닫는다,7,[kʰuŋ.tat̚.nɯn.ta],[kʰuŋ.dat̚.nɯn.ta]
밖에서 기다리지,7,[pak̚.e.sʌ.ki.ta.ɾi.tʃi],[bak̚.e.sʌ.gi.da.ɾi.dʒi]
갈게 이게,7,[kal.ke.i.ke],[gal.ke.i.ge]
쿵 부딪히는 소리,7,[kʰum.pu.tit̚.hi.nɯn.so.ɾi],[kʰuŋ.bu.dit̚.hi.nɯn.so.ɾi]
쿵 쓰러진다,7,[kʰuŋ.s͈ɯ.ɾʌ.tʃin.ta],[kʰuŋ.s͈ɯ.ɾʌ.dʒin.ta]
쿵 울린다,7,[kʰuŋ.ul.ɾin.ta],[kʰuŋ.ul.ɾin.ta]
쿵 하는 소리가,7,[kʰuŋ.ha.nɯn.so.ɾi.ka],[kʰuŋ.ha.nɯn.so.ɾi.ga]
쿵쿵 뛴다,7,[kʰuŋ.kʰuŋ.t͈win.ta],[kʰuŋ.kʰuŋ.t͈win.ta]
쿵쿵거리는 소리가,7,[kʰuŋ.kʰuŋ.kʌ.ɾi.nɯn.so.ɾi.ka],[kʰuŋ.kʰuŋ.gʌ.ɾi.nɯn.so.ɾi.ga]
남아야 할 것,7,[nam.a.ja.hal.kʌt̚],[nam.a.ja.hal.gʌt̚]
밖에서 놀,7,[pak̚.e.sʌ.nol],[bak̚.e.sʌ.nol]
쿼호그 유치원,7,[kʰwʌ.ho.kɯ.ju.tʃʰi.wʌn],[kʰwʌ.ho.gɯ.ju.tʃʰi.wʌn]
퀴리 부인,7,[kʰwi.ɾi.pu.in],[kʰwi.ɾi.bu.in]
이 자리에 모셨습니다,7,[i.tʃa.ɾi.e.mo.sjʌt̚.sɯp̚.ni.ta],[i.dʒa.ɾi.e.mo.sjʌt̚.sɯp̚.ni.da]
밖에서 다시,7,[pak̚.e.sʌ.ta.si],[bak̚.e.sʌ.da.si]
퀴즈 쇼에,7,[kʰwi.tʃɯ.sjo.e],[kʰwi.dʒɯ.sjo.e]
밖에서 따로,7,[pak̚.e.sʌ.t͈a.ɾo],[bak̚.e.sʌ.t͈a.ɾo]
보여줘 그,7,[po.jʌ.tʃwʌ.kɯ],[bo.jʌ.dʒwʌ.gɯ]
남아있는 유일한,7,[nam.a.it̚.nɯn.ju.il.han],[nam.a.it̚.nɯn.ju.il.han]
이 자리에 오기까지,7,[i.tʃa.ɾi.e.o.ki.k͈a.tʃi],[i.dʒa.ɾi.e.o.gi.k͈a.dʒi]
고기 먹을래요,7,[ko.ki.mʌk̚.ɯl.ɾɛ.jo],[go.gi.mʌk̚.ɯl.ɾɛ.jo]
이 자리에 모신,7,[i.tʃa.ɾi.e.mo.sin],[i.dʒa.ɾi.e.mo.sin]
퀸타스 아티우스,7,[kʰwin.tʰa.sɯ.a.tʰi.u.sɯ],[kʰwin.tʰa.sɯ.a.tʰi.u.sɯ]
큐피드 미,7,[kʰju.pʰi.tɯ.mi],[kʰju.pʰi.dɯ.mi]
고기 먹지,7,[ko.ki.mʌk̚.tʃi],[go.gi.mʌk̚.tʃi]
크건 작건,7,[kʰɯ.kʌn.tʃak̚.kʌn],[kʰɯ.gʌn.dʒak̚.kʌn]
남아프리카 공화국의,7,[nam.a.pʰɯ.ɾi.kʰa.koŋ.hwa.kuk̚.ɯi],[nam.a.pʰɯ.ɾi.kʰa.goŋ.hwa.guk̚.ɯi]
off it,7,,
크게 될 수,7,[kʰɯ.ke.twel.su],[kʰɯ.ge.dwel.su]
크게 될 거야,7,[kʰɯ.ke.twel.kʌ.ja],[kʰɯ.ge.dwel.gʌ.ja]
크게 들이쉰다,7,[kʰɯ.ke.tɯl.i.swin.ta],[kʰɯ.ge.dɯl.i.swin.ta]
밖에서 얘기 좀 할까,7,[pak̚.e.sʌ.jɛ.ki.tʃom.hal.k͈a],[bak̚.e.sʌ.jɛ.gi.dʒom.hal.k͈a]
크게 만들 수,7,[kʰɯ.ke.man.tɯl.su],[kʰɯ.ge.man.tɯl.su]
크게 만드는,7,[kʰɯ.ke.man.tɯ.nɯn],[kʰɯ.ge.man.tɯ.nɯn]
크게 만들고 싶지,7,[kʰɯ.ke.man.tɯl.ko.sip̚.tʃi],[kʰɯ.ge.man.tɯl.ko.sip̚.tʃi]
크게 만들면,7,[kʰɯ.ke.man.tɯl.mjʌn],[kʰɯ.ge.man.tɯl.mjʌn]
크게 만들지 말고,7,[kʰɯ.ke.man.tɯl.tʃi.mal.ko],[kʰɯ.ge.man.tɯl.tʃi.mal.ko]
크게 말하는,7,[kʰɯ.ke.mal.ha.nɯn],[kʰɯ.ge.mal.ha.nɯn]
크게 말할,7,[kʰɯ.ke.mal.hal],[kʰɯ.ge.mal.hal]
남았나 봐,7,[nam.at̚.na.pwa],[nam.at̚.na.bwa]
크게 말했나,7,[kʰɯ.ke.mal.hɛt̚.na],[kʰɯ.ge.mal.hɛt̚.na]
남았나 봐요,7,[nam.at̚.na.pwa.jo],[nam.at̚.na.bwa.jo]
크게 보면,7,[kʰɯ.ke.po.mjʌn],[kʰɯ.ge.bo.mjʌn]
크게 보이게,7,[kʰɯ.ke.po.i.ke],[kʰɯ.ge.bo.i.ge]
밖에서 자고,7,[pak̚.e.sʌ.tʃa.ko],[bak̚.e.sʌ.dʒa.go]
크게 소리치며,7,[kʰɯ.ke.so.ɾi.tʃʰi.mjʌ],[kʰɯ.ge.so.ɾi.tʃʰi.mjʌ]
훌륭한 배우가,7,[hul.ɾjuŋ.ham.pɛ.u.ka],[hul.ɾjuŋ.han.bɛ.u.ga]
off her,7,,
크게 싸워서,7,[kʰɯ.ke.s͈a.wʌ.sʌ],[kʰɯ.ge.s͈a.wʌ.sʌ]
밖에서 차,7,[pak̚.e.sʌ.tʃʰa],[bak̚.e.sʌ.tʃʰa]
밖에서 총에,7,[pak̚.e.sʌ.tʃʰoŋ.e],[bak̚.e.sʌ.tʃʰoŋ.e]
밖에서 친 거,7,[pak̚.e.sʌ.tʃʰiŋ.kʌ],[bak̚.e.sʌ.tʃʰin.gʌ]
밖에서 친 거 밖에서,7,[pak̚.e.sʌ.tʃʰiŋ.kʌ.pak̚.e.sʌ],[bak̚.e.sʌ.tʃʰin.gʌ.bak̚.e.sʌ]
크게 웃음,7,[kʰɯ.ke.ut̚.ɯm],[kʰɯ.ge.ut̚.ɯm]
밖에서 친 그 곡으로,7,[pak̚.e.sʌ.tʃʰiŋ.kɯ.kok̚.ɯ.ɾo],[bak̚.e.sʌ.tʃʰin.gɯ.gok̚.ɯ.ɾo]
합니다 이봐,7,[hap̚.ni.ta.i.pwa],[hap̚.ni.da.i.bwa]
보여줘야 하는데,7,[po.jʌ.tʃwʌ.ja.ha.nɯn.te],[bo.jʌ.dʒwʌ.ja.ha.nɯn.te]
밖에서 친 그,7,[pak̚.e.sʌ.tʃʰiŋ.kɯ],[bak̚.e.sʌ.tʃʰin.gɯ]
크게 하는,7,[kʰɯ.ke.ha.nɯn],[kʰɯ.ge.ha.nɯn]
크게 한숨을,7,[kʰɯ.ke.han.sum.ɯl],[kʰɯ.ge.han.sum.ɯl]
밖에서 혼자,7,[pak̚.e.sʌ.hon.tʃa],[bak̚.e.sʌ.hon.tʃa]
밖에서는 살 수,7,[pak̚.e.sʌ.nɯn.sal.su],[bak̚.e.sʌ.nɯn.sal.su]
밖에서는 살 수 없어,7,[pak̚.e.sʌ.nɯn.sal.su.ʌp̚.ʌ],[bak̚.e.sʌ.nɯn.sal.su.ʌp̚.ʌ]
고기도 안,7,[ko.ki.to.an],[go.gi.do.an]
크게 흐느낀다,7,[kʰɯ.ke.hɯ.nɯ.k͈in.ta],[kʰɯ.ge.hɯ.nɯ.k͈in.ta]
크고 강하고,7,[kʰɯ.ko.kaŋ.ha.ko],[kʰɯ.go.gaŋ.ha.go]
밖에선 못,7,[pak̚.e.sʌn.mot̚],[bak̚.e.sʌn.mot̚]
밖엔 안,7,[pak̚.en.an],[bak̚.en.an]
크고 빨간,7,[kʰɯ.ko.p͈al.kan],[kʰɯ.go.p͈al.kan]
남았어 그게,7,[nam.at̚.ʌ.kɯ.ke],[nam.at̚.ʌ.gɯ.ge]
밖으로 가지고,7,[pak̚.ɯ.ɾo.ka.tʃi.ko],[bak̚.ɯ.ɾo.ga.dʒi.go]
밖으로 걸어,7,[pak̚.ɯ.ɾo.kʌl.ʌ],[bak̚.ɯ.ɾo.gʌl.ʌ]
고기를 굽는,7,[ko.ki.ɾɯl.kup̚.nɯn],[go.gi.ɾɯl.gup̚.nɯn]
are you kidding,7,,
밖으로 끌어낼,7,[pak̚.ɯ.ɾo.k͈ɯl.ʌ.nɛl],[bak̚.ɯ.ɾo.k͈ɯl.ʌ.nɛl]
크군 사진에 다,7,[kʰɯ.kun.sa.tʃin.e.ta],[kʰɯ.gun.sa.dʒin.e.da]
크군 사진에,7,[kʰɯ.kun.sa.tʃin.e],[kʰɯ.gun.sa.dʒin.e]
밖으로 나가길,7,[pak̚.ɯ.ɾo.na.ka.kil],[bak̚.ɯ.ɾo.na.ga.gil]
남았어 날,7,[nam.at̚.ʌ.nal],[nam.at̚.ʌ.nal]
남았어 너무,7,[nam.at̚.ʌ.nʌ.mu],[nam.at̚.ʌ.nʌ.mu]
관해 아주,7,[kwan.hɛ.a.tʃu],[gwan.hɛ.a.dʒu]
밖으로 나가라고,7,[pak̚.ɯ.ɾo.na.ka.ɾa.ko],[bak̚.ɯ.ɾo.na.ga.ɾa.go]
밖으로 나가려고,7,[pak̚.ɯ.ɾo.na.ka.ɾjʌ.ko],[bak̚.ɯ.ɾo.na.ga.ɾjʌ.go]
크라우드 펀딩,7,[kʰɯ.ɾa.u.tɯ.pʰʌn.tiŋ],[kʰɯ.ɾa.u.dɯ.pʰʌn.tiŋ]
크라운 호텔,7,[kʰɯ.ɾa.un.ho.tʰel],[kʰɯ.ɾa.un.ho.tʰel]
합니다 특히,7,[hap̚.ni.ta.tʰɯk̚.hi],[hap̚.ni.da.tʰɯk̚.hi]
크랩 케이크,7,[kʰɯ.ɾɛp̚.kʰe.i.kʰɯ],[kʰɯ.ɾɛp̚.kʰe.i.kʰɯ]
크레마로 가야 돼,7,[kʰɯ.ɾe.ma.ɾo.ka.ja.twɛ],[kʰɯ.ɾe.ma.ɾo.ga.ja.dwɛ]
크레마로 가야 돼 크레마,7,[kʰɯ.ɾe.ma.ɾo.ka.ja.twɛ.kʰɯ.ɾe.ma],[kʰɯ.ɾe.ma.ɾo.ga.ja.dwɛ.kʰɯ.ɾe.ma]
크레마로 가야,7,[kʰɯ.ɾe.ma.ɾo.ka.ja],[kʰɯ.ɾe.ma.ɾo.ga.ja]
크레이그 엄마의,7,[kʰɯ.ɾe.i.kɯ.ʌm.ma.ɯi],[kʰɯ.ɾe.i.gɯ.ʌm.ma.ɯi]
합니다 할,7,[hap̚.ni.ta.hal],[hap̚.ni.da.hal]
크레이즈 나는 나야,7,[kʰɯ.ɾe.i.tʃɯ.na.nɯn.na.ja],[kʰɯ.ɾe.i.dʒɯ.na.nɯn.na.ja]
크레이즈 나는 나야 궁지에,7,[kʰɯ.ɾe.i.tʃɯ.na.nɯn.na.ja.kuŋ.tʃi.e],[kʰɯ.ɾe.i.dʒɯ.na.nɯn.na.ja.guŋ.dʒi.e]
크레이즈 나는,7,[kʰɯ.ɾe.i.tʃɯ.na.nɯn],[kʰɯ.ɾe.i.dʒɯ.na.nɯn]
크레이즈 본능을 끌어내 봐,7,[kʰɯ.ɾe.i.tʃɯ.pon.nɯŋ.ɯl.k͈ɯl.ʌ.nɛ.pwa],[kʰɯ.ɾe.i.dʒɯ.bon.nɯŋ.ɯl.k͈ɯl.ʌ.nɛ.bwa]
크레인 세쌍둥이,7,[kʰɯ.ɾe.in.se.s͈aŋ.tuŋ.i],[kʰɯ.ɾe.in.se.s͈aŋ.duŋ.i]
크로니쉬 박사님,7,[kʰɯ.ɾo.ni.swi.pak̚.sa.nim],[kʰɯ.ɾo.ni.swi.bak̚.sa.nim]
갈게 좋아요,7,[kal.ke.tʃot̚.a.jo],[gal.ke.dʒot̚.a.jo]
합류 할 수,7,[hap̚.ɾju.hal.su],[hap̚.ɾju.hal.su]
밖으로 나갔다가,7,[pak̚.ɯ.ɾo.na.kat̚.ta.ka],[bak̚.ɯ.ɾo.na.gat̚.ta.ga]
크로싱 요양,7,[kʰɯ.ɾo.siŋ.jo.jaŋ],[kʰɯ.ɾo.siŋ.jo.jaŋ]
남았어 어쩌면,7,[nam.at̚.ʌ.ʌ.tʃ͈ʌ.mjʌn],[nam.at̚.ʌ.ʌ.tʃ͈ʌ.mjʌn]
훌륭한 조언을,7,[hul.ɾjuŋ.han.tʃo.ʌn.ɯl],[hul.ɾjuŋ.han.dʒo.ʌn.ɯl]
갈게 좋았어,7,[kal.ke.tʃot̚.at̚.ʌ],[gal.ke.dʒot̚.at̚.ʌ]
남았어 우리는,7,[nam.at̚.ʌ.u.ɾi.nɯn],[nam.at̚.ʌ.u.ɾi.nɯn]
훌륭한 팀이 될,7,[hul.ɾjuŋ.han.tʰim.i.twel],[hul.ɾjuŋ.han.tʰim.i.dwel]
고놈 참,7,[ko.non.tʃʰam],[go.non.tʃʰam]
때를 기다리면서,7,[t͈ɛ.ɾɯl.ki.ta.ɾi.mjʌn.sʌ],[t͈ɛ.ɾɯl.gi.da.ɾi.mjʌn.sʌ]
밖으로 나오자,7,[pak̚.ɯ.ɾo.na.o.tʃa],[bak̚.ɯ.ɾo.na.o.dʒa]
크리쉬나 밧,7,[kʰɯ.ɾi.swi.na.pat̚],[kʰɯ.ɾi.swi.na.bat̚]
남았어 정말,7,[nam.at̚.ʌ.tʃʌŋ.mal],[nam.at̚.ʌ.dʒʌŋ.mal]
밖으로 나와야,7,[pak̚.ɯ.ɾo.na.wa.ja],[bak̚.ɯ.ɾo.na.wa.ja]
밖으로 나왔고,7,[pak̚.ɯ.ɾo.na.wat̚.ko],[bak̚.ɯ.ɾo.na.wat̚.ko]
크리스 목사님,7,[kʰɯ.ɾi.sɯ.mok̚.sa.nim],[kʰɯ.ɾi.sɯ.mok̚.sa.nim]
크리스 매닉스,7,[kʰɯ.ɾi.sɯ.mɛ.nik̚.sɯ],[kʰɯ.ɾi.sɯ.mɛ.nik̚.sɯ]
훌륭한 이유,7,[hul.ɾjuŋ.han.i.ju],[hul.ɾjuŋ.han.i.ju]
크리스 이,7,[kʰɯ.ɾi.sɯ.i],[kʰɯ.ɾi.sɯ.i]
보이 베이'',7,[po.i.pe.i],[bo.i.be.i]
크리스 좀,7,[kʰɯ.ɾi.sɯ.tʃom],[kʰɯ.ɾi.sɯ.dʒom]
크리스 트레거,7,[kʰɯ.ɾi.sɯ.tʰɯ.ɾe.kʌ],[kʰɯ.ɾi.sɯ.tʰɯ.ɾe.gʌ]
밖으로 내보내고,7,[pak̚.ɯ.ɾo.nɛ.po.nɛ.ko],[bak̚.ɯ.ɾo.nɛ.bo.nɛ.go]
크리스는 어딨어,7,[kʰɯ.ɾi.sɯ.nɯn.ʌ.tit̚.ʌ],[kʰɯ.ɾi.sɯ.nɯn.ʌ.dit̚.ʌ]
밖으로 내보내는,7,[pak̚.ɯ.ɾo.nɛ.po.nɛ.nɯn],[bak̚.ɯ.ɾo.nɛ.bo.nɛ.nɯn]
크리스마스 계획을,7,[kʰɯ.ɾi.sɯ.ma.sɯ.kje.hwek̚.ɯl],[kʰɯ.ɾi.sɯ.ma.sɯ.gje.hwek̚.ɯl]
남았어요 그래서,7,[nam.at̚.ʌ.jo.kɯ.ɾɛ.sʌ],[nam.at̚.ʌ.jo.gɯ.ɾɛ.sʌ]
크리스마스 때만,7,[kʰɯ.ɾi.sɯ.ma.sɯ.t͈ɛ.man],[kʰɯ.ɾi.sɯ.ma.sɯ.t͈ɛ.man]
밖으로 대피해,7,[pak̚.ɯ.ɾo.tɛ.pʰi.hɛ],[bak̚.ɯ.ɾo.dɛ.pʰi.hɛ]
크리스마스 땐,7,[kʰɯ.ɾi.sɯ.ma.sɯ.t͈ɛn],[kʰɯ.ɾi.sɯ.ma.sɯ.t͈ɛn]
크리스마스 선물도,7,[kʰɯ.ɾi.sɯ.ma.sɯ.sʌn.mul.to],[kʰɯ.ɾi.sɯ.ma.sɯ.sʌn.mul.to]
남았어요 당신,7,[nam.at̚.ʌ.jo.taŋ.sin],[nam.at̚.ʌ.jo.daŋ.sin]
밖으로 데려가,7,[pak̚.ɯ.ɾo.te.ɾjʌ.ka],[bak̚.ɯ.ɾo.de.ɾjʌ.ga]
갈게 차,7,[kal.ke.tʃʰa],[gal.ke.tʃʰa]
남았어요 우린,7,[nam.at̚.ʌ.jo.u.ɾin],[nam.at̚.ʌ.jo.u.ɾin]
크리스마스 아침에,7,[kʰɯ.ɾi.sɯ.ma.sɯ.a.tʃʰim.e],[kʰɯ.ɾi.sɯ.ma.sɯ.a.tʃʰim.e]
밖으로 뛰어,7,[pak̚.ɯ.ɾo.t͈wi.ʌ],[bak̚.ɯ.ɾo.t͈wi.ʌ]
크리스마스 잘 보내,7,[kʰɯ.ɾi.sɯ.ma.sɯ.tʃal.po.nɛ],[kʰɯ.ɾi.sɯ.ma.sɯ.dʒal.bo.nɛ]
밖으로 빼,7,[pak̚.ɯ.ɾo.p͈ɛ],[bak̚.ɯ.ɾo.p͈ɛ]
밖으로 빼는,7,[pak̚.ɯ.ɾo.p͈ɛ.nɯn],[bak̚.ɯ.ɾo.p͈ɛ.nɯn]
크리스마스 캐럴,7,[kʰɯ.ɾi.sɯ.ma.sɯ.kʰɛ.ɾʌl],[kʰɯ.ɾi.sɯ.ma.sɯ.kʰɛ.ɾʌl]
크리스마스 크리스마스,7,[kʰɯ.ɾi.sɯ.ma.sɯ.kʰɯ.ɾi.sɯ.ma.sɯ],[kʰɯ.ɾi.sɯ.ma.sɯ.kʰɯ.ɾi.sɯ.ma.sɯ]
크리스마스 트리처럼,7,[kʰɯ.ɾi.sɯ.ma.sɯ.tʰɯ.ɾi.tʃʰʌ.ɾʌm],[kʰɯ.ɾi.sɯ.ma.sɯ.tʰɯ.ɾi.tʃʰʌ.ɾʌm]
크리스마스는 늘,7,[kʰɯ.ɾi.sɯ.ma.sɯ.nɯn.nɯl],[kʰɯ.ɾi.sɯ.ma.sɯ.nɯn.nɯl]
크리스마스를 망칠,7,[kʰɯ.ɾi.sɯ.ma.sɯ.ɾɯl.maŋ.tʃʰil],[kʰɯ.ɾi.sɯ.ma.sɯ.ɾɯl.maŋ.tʃʰil]
합의 봤어요,7,[hap̚.ɯi.pwat̚.ʌ.jo],[hap̚.ɯi.bwat̚.ʌ.jo]
크리스마스에 우리,7,[kʰɯ.ɾi.sɯ.ma.sɯ.e.u.ɾi],[kʰɯ.ɾi.sɯ.ma.sɯ.e.u.ɾi]
크리스마스의 기적이야,7,[kʰɯ.ɾi.sɯ.ma.sɯ.ɯi.ki.tʃʌk̚.i.ja],[kʰɯ.ɾi.sɯ.ma.sɯ.ɯi.gi.dʒʌk̚.i.ja]
크리스마스의 정신을,7,[kʰɯ.ɾi.sɯ.ma.sɯ.ɯi.tʃʌŋ.sin.ɯl],[kʰɯ.ɾi.sɯ.ma.sɯ.ɯi.dʒʌŋ.sin.ɯl]
크리스탈 해골,7,[kʰɯ.ɾi.sɯ.tʰal.hɛ.kol],[kʰɯ.ɾi.sɯ.tʰal.hɛ.gol]
그의 정치적,7,[kɯ.ɯi.tʃʌŋ.tʃʰi.tʃʌk̚],[gɯ.ɯi.dʒʌŋ.tʃʰi.dʒʌk̚]
크리스토퍼 C 로저스,7,[kʰɯ.ɾi.sɯ.tʰo.pʰʌ.ɾo.tʃʌ.sɯ],[kʰɯ.ɾi.sɯ.tʰo.pʰʌ.ɾo.dʒʌ.sɯ]
내가 그리워,7,[nɛ.ka.kɯ.ɾi.wʌ],[nɛ.ga.gɯ.ɾi.wʌ]
훔쳐간 거야,7,[hun.tʃʰjʌ.kaŋ.kʌ.ja],[hun.tʃʰjʌ.gan.gʌ.ja]
남에게 상처를,7,[nam.e.ke.saŋ.tʃʰʌ.ɾɯl],[nam.e.ge.saŋ.tʃʰʌ.ɾɯl]
크리스티 씨가,7,[kʰɯ.ɾi.sɯ.tʰi.s͈i.ka],[kʰɯ.ɾi.sɯ.tʰi.s͈i.ga]
밖을 볼,7,[pak̚.ɯl.pol],[bak̚.ɯl.bol]
갈게요 감사합니다,7,[kal.ke.jo.kam.sa.hap̚.ni.ta],[gal.ke.jo.gam.sa.hap̚.ni.da]
남으면 안 돼,7,[nam.ɯ.mjʌn.an.twɛ],[nam.ɯ.mjʌn.an.dwɛ]
밖의 모든 것,7,[pak̚.ɯi.mo.tɯŋ.kʌt̚],[bak̚.ɯi.mo.dɯn.gʌt̚]
갈게요 고마워,7,[kal.ke.jo.ko.ma.wʌ],[gal.ke.jo.go.ma.wʌ]
남은 가족을,7,[nam.ɯŋ.ka.tʃok̚.ɯl],[nam.ɯn.ga.dʒok̚.ɯl]
남은 거 같아,7,[nam.ɯŋ.kʌ.kat̚.a],[nam.ɯn.gʌ.gat̚.a]
밖의 저,7,[pak̚.ɯi.tʃʌ],[bak̚.ɯi.dʒʌ]
큰 갈색,7,[kʰɯŋ.kal.sɛk̚],[kʰɯn.gal.sɛk̚]
남은 거 있나,7,[nam.ɯŋ.kʌ.it̚.na],[nam.ɯn.gʌ.it̚.na]
큰 개를,7,[kʰɯŋ.kɛ.ɾɯl],[kʰɯn.gɛ.ɾɯl]
큰 거라고,7,[kʰɯŋ.kʌ.ɾa.ko],[kʰɯn.gʌ.ɾa.go]
큰 거시기를,7,[kʰɯŋ.kʌ.si.ki.ɾɯl],[kʰɯn.gʌ.si.gi.ɾɯl]
큰 건이라고,7,[kʰɯŋ.kʌn.i.ɾa.ko],[kʰɯn.gʌn.i.ɾa.go]
반 고흐가,7,[paŋ.ko.hɯ.ka],[ban.go.hɯ.ga]
off the safeguards,7,,
반 다이크가,7,[pan.ta.i.kʰɯ.ka],[ban.da.i.kʰɯ.ga]
고대 신화에,7,[ko.tɛ.sin.hwa.e],[go.dɛ.sin.hwa.e]
항공기 접근,7,[haŋ.koŋ.ki.tʃʌp̚.kɯn],[haŋ.goŋ.gi.dʒʌp̚.kɯn]
갈게요 그냥,7,[kal.ke.jo.kɯ.njaŋ],[gal.ke.jo.gɯ.njaŋ]
반 마일 정도,7,[pan.ma.il.tʃʌŋ.to],[ban.ma.il.dʒʌŋ.do]
반 마일쯤,7,[pan.ma.il.tʃ͈ɯm],[ban.ma.il.tʃ͈ɯm]
큰 고기는,7,[kʰɯŋ.ko.ki.nɯn],[kʰɯn.go.gi.nɯn]
큰 고객을,7,[kʰɯŋ.ko.kɛk̚.ɯl],[kʰɯn.go.gɛk̚.ɯl]
남은 건데,7,[nam.ɯŋ.kʌn.te],[nam.ɯn.gʌn.te]
남은 걸로,7,[nam.ɯŋ.kʌl.ɾo],[nam.ɯn.gʌl.ɾo]
큰 공헌을,7,[kʰɯŋ.koŋ.hʌn.ɯl],[kʰɯn.goŋ.hʌn.ɯl]
고대 외계인들은,7,[ko.tɛ.we.kje.in.tɯl.ɯn],[go.dɛ.we.gje.in.tɯl.ɯn]
고대 외계인들은 정말,7,[ko.tɛ.we.kje.in.tɯl.ɯn.tʃʌŋ.mal],[go.dɛ.we.gje.in.tɯl.ɯn.dʒʌŋ.mal]
큰 규모로,7,[kʰɯŋ.kju.mo.ɾo],[kʰɯn.gju.mo.ɾo]
큰 그림에서,7,[kʰɯŋ.kɯ.ɾim.e.sʌ],[kʰɯn.gɯ.ɾim.e.sʌ]
반 이상은,7,[pan.i.saŋ.ɯn],[ban.i.saŋ.ɯn]
남은 것은 오직,7,[nam.ɯŋ.kʌt̚.ɯn.o.tʃik̚],[nam.ɯn.gʌt̚.ɯn.o.dʒik̚]
큰 그림을 봐야,7,[kʰɯŋ.kɯ.ɾim.ɯl.pwa.ja],[kʰɯn.gɯ.ɾim.ɯl.bwa.ja]
큰 금발,7,[kʰɯŋ.kɯm.pal],[kʰɯn.gɯm.pal]
반 전체가,7,[pan.tʃʌn.tʃʰe.ka],[ban.dʒʌn.tʃʰe.ga]
큰 기사를,7,[kʰɯŋ.ki.sa.ɾɯl],[kʰɯn.gi.sa.ɾɯl]
반 죽여,7,[pan.tʃuk̚.jʌ],[ban.dʒuk̚.jʌ]
갈게요 그리고,7,[kal.ke.jo.kɯ.ɾi.ko],[gal.ke.jo.gɯ.ɾi.go]
큰 남자한테,7,[kʰɯn.nan.tʃa.han.tʰe],[kʰɯn.nan.tʃa.han.tʰe]
반 친구가,7,[pan.tʃʰiŋ.ku.ka],[ban.tʃʰiŋ.ku.ga]
큰 논란이,7,[kʰɯn.nol.lan.i],[kʰɯn.nol.lan.i]
고대 우주 비행사 이론가들에게는,7,[ko.tɛ.u.tʃu.pi.hɛŋ.sa.i.ɾoŋ.ka.tɯl.e.ke.nɯn],[go.dɛ.u.dʒu.bi.hɛŋ.sa.i.ɾoŋ.ka.dɯl.e.ge.nɯn]
반 친구들이,7,[pan.tʃʰiŋ.ku.tɯl.i],[ban.tʃʰiŋ.ku.dɯl.i]
반 토막이,7,[pan.tʰo.mak̚.i],[ban.tʰo.mak̚.i]
큰 대의를,7,[kʰɯn.tɛ.ɯi.ɾɯl],[kʰɯn.dɛ.ɯi.ɾɯl]
큰 덩어리가,7,[kʰɯn.tʌŋ.ʌ.ɾi.ka],[kʰɯn.dʌŋ.ʌ.ɾi.ga]
큰 데,7,[kʰɯn.te],[kʰɯn.de]
큰 도박을,7,[kʰɯn.to.pak̚.ɯl],[kʰɯn.do.bak̚.ɯl]
반가운 소리군요,7,[paŋ.ka.un.so.ɾi.kun.jo],[baŋ.ka.un.so.ɾi.gun.jo]
큰 도시에,7,[kʰɯn.to.si.e],[kʰɯn.do.si.e]
남은 날을,7,[nam.ɯn.nal.ɯl],[nam.ɯn.nal.ɯl]
off together,7,,
큰 도움이 돼요,7,[kʰɯn.to.um.i.twɛ.jo],[kʰɯn.do.um.i.dwɛ.jo]
큰 도움이 되겠네요,7,[kʰɯn.to.um.i.twe.ket̚.ne.jo],[kʰɯn.do.um.i.dwe.get̚.ne.jo]
큰 도움이 되네요,7,[kʰɯn.to.um.i.twe.ne.jo],[kʰɯn.do.um.i.dwe.ne.jo]
are you ready,7,,
반가운 얘기네요,7,[paŋ.ka.un.jɛ.ki.ne.jo],[baŋ.ka.un.jɛ.gi.ne.jo]
반가운 얼굴,7,[paŋ.ka.un.ʌl.kul],[baŋ.ka.un.ʌl.kul]
고대 우주 이론가들은,7,[ko.tɛ.u.tʃu.i.ɾoŋ.ka.tɯl.ɯn],[go.dɛ.u.dʒu.i.ɾoŋ.ka.dɯl.ɯn]
큰 도움이 될 것입니다,7,[kʰɯn.to.um.i.twel.kʌt̚.ip̚.ni.ta],[kʰɯn.do.um.i.dwel.gʌt̚.ip̚.ni.da]
가는 비행기에서,7,[ka.nɯm.pi.hɛŋ.ki.e.sʌ],[ga.nɯn.bi.hɛŋ.gi.e.sʌ]
반가울 줄은,7,[paŋ.ka.ul.tʃul.ɯn],[baŋ.ka.ul.dʒul.ɯn]
반가워 그리고,7,[paŋ.ka.wʌ.kɯ.ɾi.ko],[baŋ.ka.wʌ.gɯ.ɾi.go]
큰 똥,7,[kʰɯn.t͈oŋ],[kʰɯn.t͈oŋ]
큰 량시아,7,[kʰɯl.ljaŋ.si.a],[kʰɯl.ljaŋ.si.a]
큰 목적을 위해,7,[kʰɯn.mok̚.tʃʌk̚.ɯl.wi.hɛ],[kʰɯn.mok̚.tʃʌk̚.ɯl.wi.hɛ]
큰 문제가 있다,7,[kʰɯn.mun.tʃe.ka.it̚.ta],[kʰɯn.mun.tʃe.ga.it̚.ta]
큰 문제가 있잖아,7,[kʰɯn.mun.tʃe.ka.it̚.tʃan.a],[kʰɯn.mun.tʃe.ga.it̚.tʃan.a]
큰 문제가 있죠,7,[kʰɯn.mun.tʃe.ka.it̚.tʃjo],[kʰɯn.mun.tʃe.ga.it̚.tʃjo]
항상 고마워,7,[haŋ.saŋ.ko.ma.wʌ],[haŋ.saŋ.go.ma.wʌ]
남은 사람들,7,[nam.ɯn.sa.ɾan.tɯl],[nam.ɯn.sa.ɾan.tɯl]
반가워요 같이 저녁,7,[paŋ.ka.wʌ.jo.kat̚.i.tʃʌ.njʌk̚],[baŋ.ka.wʌ.jo.gat̚.i.dʒʌ.njʌk̚]
반가워요 같이 저녁 먹고,7,[paŋ.ka.wʌ.jo.kat̚.i.tʃʌ.njʌk̚.mʌk̚.ko],[baŋ.ka.wʌ.jo.gat̚.i.dʒʌ.njʌk̚.mʌk̚.ko]
항상 그것에,7,[haŋ.saŋ.kɯ.kʌt̚.e],[haŋ.saŋ.gɯ.gʌt̚.e]
큰 박수 부탁드려요,7,[kʰɯm.pak̚.su.pu.tʰak̚.tɯ.ɾjʌ.jo],[kʰɯn.bak̚.su.bu.tʰak̚.tɯ.ɾjʌ.jo]
큰 박수 부탁해요,7,[kʰɯm.pak̚.su.pu.tʰak̚.hɛ.jo],[kʰɯn.bak̚.su.bu.tʰak̚.hɛ.jo]
반가워요 근데,7,[paŋ.ka.wʌ.jo.kɯn.te],[baŋ.ka.wʌ.jo.gɯn.te]
큰 박수로 맞아주세요,7,[kʰɯm.pak̚.su.ɾo.mat̚.a.tʃu.se.jo],[kʰɯn.bak̚.su.ɾo.mat̚.a.dʒu.se.jo]
반가워요 나도요,7,[paŋ.ka.wʌ.jo.na.to.jo],[baŋ.ka.wʌ.jo.na.do.jo]
큰 방에,7,[kʰɯm.paŋ.e],[kʰɯn.baŋ.e]
반가워요 내 방은,7,[paŋ.ka.wʌ.jo.nɛ.paŋ.ɯn],[baŋ.ka.wʌ.jo.nɛ.baŋ.ɯn]
반가워요 내 방은 이제,7,[paŋ.ka.wʌ.jo.nɛ.paŋ.ɯn.i.tʃe],[baŋ.ka.wʌ.jo.nɛ.baŋ.ɯn.i.dʒe]
큰 범죄,7,[kʰɯm.pʌn.tʃwe],[kʰɯn.bʌn.tʃwe]
남은 생애를,7,[nam.ɯn.sɛŋ.ɛ.ɾɯl],[nam.ɯn.sɛŋ.ɛ.ɾɯl]
고대 이집트에서는,7,[ko.tɛ.i.tʃip̚.tʰɯ.e.sʌ.nɯn],[go.dɛ.i.dʒip̚.tʰɯ.e.sʌ.nɯn]
항상 그들의,7,[haŋ.saŋ.kɯ.tɯl.ɯi],[haŋ.saŋ.gɯ.dɯl.ɯi]
반가워요 아,7,[paŋ.ka.wʌ.jo.a],[baŋ.ka.wʌ.jo.a]
큰 부상은,7,[kʰɯm.pu.saŋ.ɯn],[kʰɯn.bu.saŋ.ɯn]
큰 부탁이야,7,[kʰɯm.pu.tʰak̚.i.ja],[kʰɯn.bu.tʰak̚.i.ja]
큰 부탁인,7,[kʰɯm.pu.tʰak̚.in],[kʰɯn.bu.tʰak̚.in]
반가워요 얘기,7,[paŋ.ka.wʌ.jo.jɛ.ki],[baŋ.ka.wʌ.jo.jɛ.gi]
off you go,7,,
반가워요 여긴,7,[paŋ.ka.wʌ.jo.jʌ.kin],[baŋ.ka.wʌ.jo.jʌ.gin]
갈게요 당신은,7,[kal.ke.jo.taŋ.sin.ɯn],[gal.ke.jo.daŋ.sin.ɯn]
큰 비용이,7,[kʰɯm.pi.joŋ.i],[kʰɯn.bi.joŋ.i]
반가워요 우린,7,[paŋ.ka.wʌ.jo.u.ɾin],[baŋ.ka.wʌ.jo.u.ɾin]
반가워요 이런,7,[paŋ.ka.wʌ.jo.i.ɾʌn],[baŋ.ka.wʌ.jo.i.ɾʌn]
반가워요 우리가,7,[paŋ.ka.wʌ.jo.u.ɾi.ka],[baŋ.ka.wʌ.jo.u.ɾi.ga]
큰 빚을 지고,7,[kʰɯm.pit̚.ɯl.tʃi.ko],[kʰɯn.bit̚.ɯl.dʒi.go]
큰 사건들을,7,[kʰɯn.sa.kʌn.tɯl.ɯl],[kʰɯn.sa.gʌn.tɯl.ɯl]
큰 사고는,7,[kʰɯn.sa.ko.nɯn],[kʰɯn.sa.go.nɯn]
고대 인도의,7,[ko.tɛ.in.to.ɯi],[go.dɛ.in.to.ɯi]
큰 사람이 될,7,[kʰɯn.sa.ɾam.i.twel],[kʰɯn.sa.ɾam.i.dwel]
큰 사업을,7,[kʰɯn.sa.ʌp̚.ɯl],[kʰɯn.sa.ʌp̚.ɯl]
큰 상,7,[kʰɯn.saŋ],[kʰɯn.saŋ]
큰 산이,7,[kʰɯn.san.i],[kʰɯn.san.i]
반가워요 제가,7,[paŋ.ka.wʌ.jo.tʃe.ka],[baŋ.ka.wʌ.jo.dʒe.ga]
고대 잉카,7,[ko.tɛ.iŋ.kʰa],[go.dɛ.iŋ.kʰa]
큰 선물은,7,[kʰɯn.sʌn.mul.ɯn],[kʰɯn.sʌn.mul.ɯn]
큰 선을 위해,7,[kʰɯn.sʌn.ɯl.wi.hɛ],[kʰɯn.sʌn.ɯl.wi.hɛ]
반가웠어 그래,7,[paŋ.ka.wʌt̚.ʌ.kɯ.ɾɛ],[baŋ.ka.wʌt̚.ʌ.gɯ.ɾɛ]
큰 성인,7,[kʰɯn.sʌŋ.in],[kʰɯn.sʌŋ.in]
큰 소년,7,[kʰɯn.so.njʌn],[kʰɯn.so.njʌn]
반가웠어요 다시,7,[paŋ.ka.wʌt̚.ʌ.jo.ta.si],[baŋ.ka.wʌt̚.ʌ.jo.da.si]
큰 소리는,7,[kʰɯn.so.ɾi.nɯn],[kʰɯn.so.ɾi.nɯn]
반가웠어요 저도,7,[paŋ.ka.wʌt̚.ʌ.jo.tʃʌ.to],[baŋ.ka.wʌt̚.ʌ.jo.dʒʌ.do]
큰 소리로 말하지,7,[kʰɯn.so.ɾi.ɾo.mal.ha.tʃi],[kʰɯn.so.ɾi.ɾo.mal.ha.dʒi]
남은 음식은,7,[nam.ɯn.ɯm.sik̚.ɯn],[nam.ɯn.ɯm.sik̚.ɯn]
고대 텍스트,7,[ko.tɛ.tʰek̚.sɯ.tʰɯ],[go.dɛ.tʰek̚.sɯ.tʰɯ]
반감 생겼니,7,[paŋ.kam.sɛŋ.kjʌt̚.ni],[baŋ.kam.sɛŋ.gjʌt̚.ni]
큰 소식을,7,[kʰɯn.so.sik̚.ɯl],[kʰɯn.so.sik̚.ɯl]
반감을 가지고,7,[paŋ.kam.ɯl.ka.tʃi.ko],[baŋ.kam.ɯl.ga.dʒi.go]
큰 수술,7,[kʰɯn.su.sul],[kʰɯn.su.sul]
큰 실수 하는 거예요,7,[kʰɯn.sil.su.ha.nɯŋ.kʌ.je.jo],[kʰɯn.sil.su.ha.nɯn.gʌ.je.jo]
큰 실수를 한 것,7,[kʰɯn.sil.su.ɾɯl.haŋ.kʌt̚],[kʰɯn.sil.su.ɾɯl.han.gʌt̚]
남은 일생 동안,7,[nam.ɯn.il.sɛŋ.toŋ.an],[nam.ɯn.il.sɛŋ.doŋ.an]
남은 일생동안,7,[nam.ɯn.il.sɛŋ.toŋ.an],[nam.ɯn.il.sɛŋ.doŋ.an]
큰 실수입니다,7,[kʰɯn.sil.su.ip̚.ni.ta],[kʰɯn.sil.su.ip̚.ni.da]
반갑습니다 그리고,7,[paŋ.kap̚.sɯp̚.ni.ta.kɯ.ɾi.ko],[baŋ.kap̚.sɯp̚.ni.da.gɯ.ɾi.go]
남은 일이,7,[nam.ɯn.il.i],[nam.ɯn.il.i]
반갑습니다 말씀,7,[paŋ.kap̚.sɯp̚.ni.ta.mal.s͈ɯm],[baŋ.kap̚.sɯp̚.ni.da.mal.s͈ɯm]
큰 아저씨가,7,[kʰɯn.a.tʃʌ.s͈i.ka],[kʰɯn.a.dʒʌ.s͈i.ga]
큰 애들은,7,[kʰɯn.ɛ.tɯl.ɯn],[kʰɯn.ɛ.dɯl.ɯn]
반갑습니다 아,7,[paŋ.kap̚.sɯp̚.ni.ta.a],[baŋ.kap̚.sɯp̚.ni.da.a]
큰 어떤,7,[kʰɯn.ʌ.t͈ʌn],[kʰɯn.ʌ.t͈ʌn]
큰 어르신은,7,[kʰɯn.ʌ.ɾɯ.sin.ɯn],[kʰɯn.ʌ.ɾɯ.sin.ɯn]
남은 자리는,7,[nam.ɯn.tʃa.ɾi.nɯn],[nam.ɯn.dʒa.ɾi.nɯn]
반갑습니다 와주셔서,7,[paŋ.kap̚.sɯp̚.ni.ta.wa.tʃu.sjʌ.sʌ],[baŋ.kap̚.sɯp̚.ni.da.wa.dʒu.sjʌ.sʌ]
큰 에너지,7,[kʰɯn.e.nʌ.tʃi],[kʰɯn.e.nʌ.dʒi]
큰 역할,7,[kʰɯn.jʌk̚.hal],[kʰɯn.jʌk̚.hal]
반갑습니다 잘,7,[paŋ.kap̚.sɯp̚.ni.ta.tʃal],[baŋ.kap̚.sɯp̚.ni.da.dʒal]
offered to,7,,
남은 질문은,7,[nam.ɯn.tʃil.mun.ɯn],[nam.ɯn.dʒil.mun.ɯn]
공기도 마시고,7,[koŋ.ki.to.ma.si.ko],[goŋ.gi.do.ma.si.go]
큰 오빠,7,[kʰɯn.o.p͈a],[kʰɯn.o.p͈a]
큰 오빠가,7,[kʰɯn.o.p͈a.ka],[kʰɯn.o.p͈a.ga]
큰 오해를 하고,7,[kʰɯn.o.hɛ.ɾɯl.ha.ko],[kʰɯn.o.hɛ.ɾɯl.ha.go]
큰 오해를,7,[kʰɯn.o.hɛ.ɾɯl],[kʰɯn.o.hɛ.ɾɯl]
고대의 우주 비행사 이론가들은,7,[ko.tɛ.ɯi.u.tʃu.pi.hɛŋ.sa.i.ɾoŋ.ka.tɯl.ɯn],[go.dɛ.ɯi.u.dʒu.bi.hɛŋ.sa.i.ɾoŋ.ka.dɯl.ɯn]
반격할 때야 그래,7,[paŋ.kjʌk̚.hal.t͈ɛ.ja.kɯ.ɾɛ],[baŋ.kjʌk̚.hal.t͈ɛ.ja.gɯ.ɾɛ]
반격할 때야 그래 베어버렸어,7,[paŋ.kjʌk̚.hal.t͈ɛ.ja.kɯ.ɾɛ.pe.ʌ.pʌ.ɾjʌt̚.ʌ],[baŋ.kjʌk̚.hal.t͈ɛ.ja.gɯ.ɾɛ.be.ʌ.bʌ.ɾjʌt̚.ʌ]
큰 음모의,7,[kʰɯn.ɯm.mo.ɯi],[kʰɯn.ɯm.mo.ɯi]
큰 의문은,7,[kʰɯn.ɯi.mun.ɯn],[kʰɯn.ɯi.mun.ɯn]
반기지 않는,7,[paŋ.ki.tʃi.an.nɯn],[baŋ.ki.dʒi.an.nɯn]
반기지 않아요,7,[paŋ.ki.tʃi.an.a.jo],[baŋ.ki.dʒi.an.a.jo]
반기지 않았죠,7,[paŋ.ki.tʃi.an.at̚.tʃjo],[baŋ.ki.dʒi.an.at̚.tʃjo]
큰 인물이,7,[kʰɯn.in.mul.i],[kʰɯn.in.mul.i]
큰 일에,7,[kʰɯn.il.e],[kʰɯn.il.e]
큰 일을 할 수,7,[kʰɯn.il.ɯl.hal.su],[kʰɯn.il.ɯl.hal.su]
고대하고 있다,7,[ko.tɛ.ha.ko.it̚.ta],[go.dɛ.ha.go.it̚.ta]
남을 걸,7,[nam.ɯl.kʌl],[nam.ɯl.gʌl]
항상 다른 사람이,7,[haŋ.saŋ.ta.ɾɯn.sa.ɾam.i],[haŋ.saŋ.da.ɾɯn.sa.ɾam.i]
큰 장점은,7,[kʰɯn.tʃaŋ.tʃʌm.ɯn],[kʰɯn.dʒaŋ.dʒʌm.ɯn]
often do you,7,,
반대 운동,7,[pan.tɛ.un.toŋ],[ban.tɛ.un.toŋ]
큰 전투야,7,[kʰɯn.tʃʌn.tʰu.ja],[kʰɯn.dʒʌn.tʰu.ja]
큰 점수,7,[kʰɯn.tʃʌm.su],[kʰɯn.dʒʌm.su]
갈게요 아니에요,7,[kal.ke.jo.a.ni.e.jo],[gal.ke.jo.a.ni.e.jo]
큰 죄가,7,[kʰɯn.tʃwe.ka],[kʰɯn.dʒwe.ga]
고대하던 순간이,7,[ko.tɛ.ha.tʌn.suŋ.kan.i],[go.dɛ.ha.dʌn.suŋ.kan.i]
반대 입장을,7,[pan.tɛ.ip̚.tʃaŋ.ɯl],[ban.tɛ.ip̚.tʃaŋ.ɯl]
큰 주목을,7,[kʰɯn.tʃu.mok̚.ɯl],[kʰɯn.dʒu.mok̚.ɯl]
훗날 네,7,[hut̚.nal.le],[hut̚.nal.le]
반대는 안,7,[pan.tɛ.nɯn.an],[ban.tɛ.nɯn.an]
가는 사람이 있나요,7,[ka.nɯn.sa.ɾam.i.it̚.na.jo],[ga.nɯn.sa.ɾam.i.it̚.na.jo]
이 제국을,7,[i.tʃe.kuk̚.ɯl],[i.dʒe.guk̚.ɯl]
are you sure about,7,,
반대로 해,7,[pan.tɛ.ɾo.hɛ],[ban.tɛ.ɾo.hɛ]
큰 총은,7,[kʰɯn.tʃʰoŋ.ɯn],[kʰɯn.tʃʰoŋ.ɯn]
갈게요 아직,7,[kal.ke.jo.a.tʃik̚],[gal.ke.jo.a.dʒik̚]
큰 충격에,7,[kʰɯn.tʃʰuŋ.kjʌk̚.e],[kʰɯn.tʃʰuŋ.gjʌk̚.e]
큰 충격이었어요,7,[kʰɯn.tʃʰuŋ.kjʌk̚.i.ʌt̚.ʌ.jo],[kʰɯn.tʃʰuŋ.gjʌk̚.i.ʌt̚.ʌ.jo]
항상 마음,7,[haŋ.saŋ.ma.ɯm],[haŋ.saŋ.ma.ɯm]
큰 칼,7,[kʰɯŋ.kʰal],[kʰɯŋ.kʰal]
oh You''re,7,,
이 조각상은 레키 백작으로,7,[i.tʃo.kak̚.saŋ.ɯl.le.kʰi.pɛk̚.tʃak̚.ɯ.ɾo],[i.dʒo.gak̚.saŋ.ɯl.le.kʰi.bɛk̚.tʃak̚.ɯ.ɾo]
큰 타격을 줄,7,[kʰɯn.tʰa.kjʌk̚.ɯl.tʃul],[kʰɯn.tʰa.gjʌk̚.ɯl.dʒul]
반대편에 서서,7,[pan.tɛ.pʰjʌn.e.sʌ.sʌ],[ban.tɛ.pʰjʌn.e.sʌ.sʌ]
큰 파도,7,[kʰɯm.pʰa.to],[kʰɯm.pʰa.do]
큰 특징은,7,[kʰɯn.tʰɯk̚.tʃiŋ.ɯn],[kʰɯn.tʰɯk̚.tʃiŋ.ɯn]
갈게요 아직도,7,[kal.ke.jo.a.tʃik̚.to],[gal.ke.jo.a.dʒik̚.to]
are you sure you,7,,
반대편에서 보자고,7,[pan.tɛ.pʰjʌn.e.sʌ.po.tʃa.ko],[ban.tɛ.pʰjʌn.e.sʌ.bo.dʒa.go]
큰 피해,7,[kʰɯm.pʰi.hɛ],[kʰɯm.pʰi.hɛ]
큰 행운이,7,[kʰɯn.hɛŋ.un.i],[kʰɯn.hɛŋ.un.i]
큰 혼란에,7,[kʰɯn.hol.lan.e],[kʰɯn.hol.lan.e]
반대하지 않아,7,[pan.tɛ.ha.tʃi.an.a],[ban.tɛ.ha.dʒi.an.a]
큰 희망을,7,[kʰɯn.hɯi.maŋ.ɯl],[kʰɯn.hɯi.maŋ.ɯl]
반대한다 반대한다,7,[pan.tɛ.han.ta.pan.tɛ.han.ta],[ban.tɛ.han.ta.ban.tɛ.han.ta]
반대할 거예요,7,[pan.tɛ.hal.kʌ.je.jo],[ban.tɛ.hal.gʌ.je.jo]
반대할 겁니다,7,[pan.tɛ.hal.kʌp̚.ni.ta],[ban.tɛ.hal.gʌp̚.ni.da]
갈게요 안녕히 계세요,7,[kal.ke.jo.an.njʌŋ.hi.kje.se.jo],[gal.ke.jo.an.njʌŋ.hi.gje.se.jo]
큰 힘이 될 거예요,7,[kʰɯn.him.i.twel.kʌ.je.jo],[kʰɯn.him.i.dwel.gʌ.je.jo]
큰데 어떻게,7,[kʰɯn.te.ʌ.t͈ʌt̚.ke],[kʰɯn.te.ʌ.t͈ʌt̚.ke]
고도로 숙련,7,[ko.to.ɾo.suk̚.ɾjʌn],[go.do.ɾo.suk̚.ɾjʌn]
고도로 숙련 된,7,[ko.to.ɾo.suk̚.ɾjʌn.twen],[go.do.ɾo.suk̚.ɾjʌn.dwen]
항상 물건을,7,[haŋ.saŋ.mul.kʌn.ɯl],[haŋ.saŋ.mul.kʌn.ɯl]
큰마음 먹고,7,[kʰɯn.ma.ɯm.mʌk̚.ko],[kʰɯn.ma.ɯm.mʌk̚.ko]
큰일 나겠네,7,[kʰɯn.il.la.ket̚.ne],[kʰɯn.il.la.get̚.ne]
훨씬 나빠,7,[hwʌl.s͈in.na.p͈a],[hwʌl.s͈in.na.p͈a]
큰일 난 것처럼,7,[kʰɯn.il.laŋ.kʌt̚.tʃʰʌ.ɾʌm],[kʰɯn.il.lan.gʌt̚.tʃʰʌ.ɾʌm]
반드시 그녀를,7,[pan.tɯ.si.kɯ.njʌ.ɾɯl],[ban.tɯ.si.gɯ.njʌ.ɾɯl]
남의 눈을,7,[nam.ɯi.nun.ɯl],[nam.ɯi.nun.ɯl]
Must be the,7,,
항상 사고를,7,[haŋ.saŋ.sa.ko.ɾɯl],[haŋ.saŋ.sa.go.ɾɯl]
큰일 났구나,7,[kʰɯn.il.lat̚.ku.na],[kʰɯn.il.lat̚.ku.na]
큰일 났다고,7,[kʰɯn.il.lat̚.ta.ko],[kʰɯn.il.lat̚.ta.go]
반드시 그를,7,[pan.tɯ.si.kɯ.ɾɯl],[ban.tɯ.si.gɯ.ɾɯl]
큰일 났을,7,[kʰɯn.il.lat̚.ɯl],[kʰɯn.il.lat̚.ɯl]
큰일났단 얘기지,7,[kʰɯn.il.lat̚.tan.jɛ.ki.tʃi],[kʰɯn.il.lat̚.tan.jɛ.gi.dʒi]
반드시 다시,7,[pan.tɯ.si.ta.si],[ban.tɯ.si.da.si]
반드시 당신을,7,[pan.tɯ.si.taŋ.sin.ɯl],[ban.tɯ.si.daŋ.sin.ɯl]
큰일을 해낼,7,[kʰɯn.il.ɯl.hɛ.nɛl],[kʰɯn.il.ɯl.hɛ.nɛl]
반드시 막아야 해,7,[pan.tɯ.si.mak̚.a.ja.hɛ],[ban.tɯ.si.mak̚.a.ja.hɛ]
반드시 반드시,7,[pan.tɯ.si.pan.tɯ.si],[ban.tɯ.si.ban.tɯ.si]
클 줄 알았는데,7,[kʰɯl.tʃul.al.at̚.nɯn.te],[kʰɯl.dʒul.al.at̚.nɯn.te]
클 줄은,7,[kʰɯl.tʃul.ɯn],[kʰɯl.dʒul.ɯn]
반드시 살,7,[pan.tɯ.si.sal],[ban.tɯ.si.sal]
훨씬 낫겠지,7,[hwʌl.s͈in.nat̚.ket̚.tʃi],[hwʌl.s͈in.nat̚.ket̚.tʃi]
클라라 내,7,[kʰɯl.ɾa.ɾa.nɛ],[kʰɯl.ɾa.ɾa.nɛ]
클라라 오스왈드가,7,[kʰɯl.ɾa.ɾa.o.sɯ.wal.tɯ.ka],[kʰɯl.ɾa.ɾa.o.sɯ.wal.tɯ.ga]
클라라 클라라,7,[kʰɯl.ɾa.ɾa.kʰɯl.ɾa.ɾa],[kʰɯl.ɾa.ɾa.kʰɯl.ɾa.ɾa]
이 좌표,7,[i.tʃwa.pʰjo],[i.dʒwa.pʰjo]
남의 시선,7,[nam.ɯi.si.sʌn],[nam.ɯi.si.sʌn]
클라이브 본,7,[kʰɯl.ɾa.i.pɯ.pon],[kʰɯl.ɾa.i.bɯ.bon]
항상 안키즈가 운전하기 쉽도록,7,[haŋ.saŋ.aŋ.kʰi.tʃɯ.ka.un.tʃʌn.ha.ki.swip̚.to.ɾok̚],[haŋ.saŋ.aŋ.kʰi.dʒɯ.ga.un.tʃʌn.ha.gi.swip̚.to.ɾok̚]
반드시 알아야,7,[pan.tɯ.si.al.a.ja],[ban.tɯ.si.al.a.ja]
갈게요 예,7,[kal.ke.jo.je],[gal.ke.jo.je]
고독한 늑대,7,[ko.tok̚.han.nɯk̚.tɛ],[go.dok̚.han.nɯk̚.tɛ]
남의 얘기,7,[nam.ɯi.jɛ.ki],[nam.ɯi.jɛ.gi]
남의 얘기를,7,[nam.ɯi.jɛ.ki.ɾɯl],[nam.ɯi.jɛ.gi.ɾɯl]
반드시 이긴다,7,[pan.tɯ.si.i.kin.ta],[ban.tɯ.si.i.gin.ta]
클래식 음악을,7,[kʰɯl.ɾɛ.sik̚.ɯm.ak̚.ɯl],[kʰɯl.ɾɛ.sik̚.ɯm.ak̚.ɯl]
반드시 좋은,7,[pan.tɯ.si.tʃot̚.ɯn],[ban.tɯ.si.dʒot̚.ɯn]
항상 알,7,[haŋ.saŋ.al],[haŋ.saŋ.al]
반드시 죽을,7,[pan.tɯ.si.tʃuk̚.ɯl],[ban.tɯ.si.dʒuk̚.ɯl]
갈게요 오,7,[kal.ke.jo.o],[gal.ke.jo.o]
클럽 회장,7,[kʰɯl.ɾʌp̚.hwe.tʃaŋ],[kʰɯl.ɾʌp̚.hwe.dʒaŋ]
oh so,7,,
남의 자식,7,[nam.ɯi.tʃa.sik̚],[nam.ɯi.dʒa.sik̚]
클럽에 갔어,7,[kʰɯl.ɾʌp̚.e.kat̚.ʌ],[kʰɯl.ɾʌp̚.e.gat̚.ʌ]
반드시 찾아야 해,7,[pan.tɯ.si.tʃʰat̚.a.ja.hɛ],[ban.tɯ.si.tʃʰat̚.a.ja.hɛ]
남의 자식을,7,[nam.ɯi.tʃa.sik̚.ɯl],[nam.ɯi.dʒa.sik̚.ɯl]
클럽에 온 걸 환영해,7,[kʰɯl.ɾʌp̚.e.oŋ.kʌl.hwan.jʌŋ.hɛ],[kʰɯl.ɾʌp̚.e.on.gʌl.hwan.jʌŋ.hɛ]
반드시 치르게,7,[pan.tɯ.si.tʃʰi.ɾɯ.ke],[ban.tɯ.si.tʃʰi.ɾɯ.ge]
클럽에 있었죠,7,[kʰɯl.ɾʌp̚.e.it̚.ʌt̚.tʃjo],[kʰɯl.ɾʌp̚.e.it̚.ʌt̚.tʃjo]
클럽에 자주,7,[kʰɯl.ɾʌp̚.e.tʃa.tʃu],[kʰɯl.ɾʌp̚.e.dʒa.dʒu]
남의 집 귀한,7,[nam.ɯi.tʃip̚.kwi.han],[nam.ɯi.dʒip̚.gwi.han]
클럽에서 일하고,7,[kʰɯl.ɾʌp̚.e.sʌ.il.ha.ko],[kʰɯl.ɾʌp̚.e.sʌ.il.ha.go]
반드시 해낼,7,[pan.tɯ.si.hɛ.nɛl],[ban.tɯ.si.hɛ.nɛl]
클럽의 회원이,7,[kʰɯl.ɾʌp̚.ɯi.hwe.wʌn.i],[kʰɯl.ɾʌp̚.ɯi.hwe.wʌn.i]
남의 집에 함부로,7,[nam.ɯi.tʃip̚.e.ham.pu.ɾo],[nam.ɯi.dʒip̚.e.ham.pu.ɾo]
때마다 조금씩,7,[t͈ɛ.ma.ta.tʃo.kɯm.s͈ik̚],[t͈ɛ.ma.da.dʒo.gɯm.s͈ik̚]
훨씬 더 재미있어,7,[hwʌl.s͈in.tʌ.tʃɛ.mi.it̚.ʌ],[hwʌl.s͈in.dʌ.dʒɛ.mi.it̚.ʌ]
클레어 내,7,[kʰɯl.ɾe.ʌ.nɛ],[kʰɯl.ɾe.ʌ.nɛ]
고든 양,7,[ko.tɯn.jaŋ],[go.dɯn.jaŋ]
클레어 드,7,[kʰɯl.ɾe.ʌ.tɯ],[kʰɯl.ɾe.ʌ.dɯ]
클레어 못,7,[kʰɯl.ɾe.ʌ.mot̚],[kʰɯl.ɾe.ʌ.mot̚]
남이 내,7,[nam.i.nɛ],[nam.i.nɛ]
클레어 부,7,[kʰɯl.ɾe.ʌ.pu],[kʰɯl.ɾe.ʌ.bu]
반론의 여지가,7,[pal.lon.ɯi.jʌ.tʃi.ka],[bal.lon.ɯi.jʌ.dʒi.ga]
클레어 여기,7,[kʰɯl.ɾe.ʌ.jʌ.ki],[kʰɯl.ɾe.ʌ.jʌ.gi]
고든 양은,7,[ko.tɯn.jaŋ.ɯn],[go.dɯn.jaŋ.ɯn]
반면 다른,7,[pan.mjʌn.ta.ɾɯn],[ban.mjʌn.da.ɾɯn]
클레어가 그,7,[kʰɯl.ɾe.ʌ.ka.kɯ],[kʰɯl.ɾe.ʌ.ga.gɯ]
클레어와 함께,7,[kʰɯl.ɾe.ʌ.wa.ham.k͈e],[kʰɯl.ɾe.ʌ.wa.ham.k͈e]
클레이 스펜서,7,[kʰɯl.ɾe.i.sɯ.pʰen.sʌ],[kʰɯl.ɾe.i.sɯ.pʰen.sʌ]
클레이 젠슨,7,[kʰɯl.ɾe.i.tʃen.sɯn],[kʰɯl.ɾe.i.dʒen.sɯn]
클레이 잘,7,[kʰɯl.ɾe.i.tʃal],[kʰɯl.ɾe.i.dʒal]
반박은 못,7,[pam.pak̚.ɯn.mot̚],[bam.pak̚.ɯn.mot̚]
클레이턴 특목고,7,[kʰɯl.ɾe.i.tʰʌn.tʰɯk̚.mok̚.ko],[kʰɯl.ɾe.i.tʰʌn.tʰɯk̚.mok̚.ko]
때만 그래,7,[t͈ɛ.maŋ.kɯ.ɾɛ],[t͈ɛ.man.gɯ.ɾɛ]
클로버 힐,7,[kʰɯl.ɾo.pʌ.hil],[kʰɯl.ɾo.bʌ.hil]
클로이 브라운 뮬러,7,[kʰɯl.ɾo.i.pɯ.ɾa.un.mjul.ɾʌ],[kʰɯl.ɾo.i.bɯ.ɾa.un.mjul.ɾʌ]
okay with it,7,,
클로이 오브라이언,7,[kʰɯl.ɾo.i.o.pɯ.ɾa.i.ʌn],[kʰɯl.ɾo.i.o.bɯ.ɾa.i.ʌn]
고등 교육,7,[ko.tɯŋ.kjo.juk̚],[go.dɯŋ.gjo.juk̚]
클리브랜드 대체,7,[kʰɯl.ɾi.pɯ.ɾɛn.tɯ.tɛ.tʃʰe],[kʰɯl.ɾi.bɯ.ɾɛn.tɯ.dɛ.tʃʰe]
남자 거시기,7,[nan.tʃa.kʌ.si.ki],[nan.tʃa.gʌ.si.gi]
남자 고르는,7,[nan.tʃa.ko.ɾɯ.nɯn],[nan.tʃa.go.ɾɯ.nɯn]
갈게요 잘 가,7,[kal.ke.jo.tʃal.ka],[gal.ke.jo.dʒal.ga]
클리어 다시,7,[kʰɯl.ɾi.ʌ.ta.si],[kʰɯl.ɾi.ʌ.da.si]
클리프턴 포지,7,[kʰɯl.ɾi.pʰɯ.tʰʌm.pʰo.tʃi],[kʰɯl.ɾi.pʰɯ.tʰʌm.pʰo.dʒi]
이 지경이 될,7,[i.tʃi.kjʌŋ.i.twel],[i.dʒi.gjʌŋ.i.dwel]
고등학교 나왔어,7,[ko.tɯŋ.hak̚.kjo.na.wat̚.ʌ],[go.dɯŋ.hak̚.kjo.na.wat̚.ʌ]
반복하는 건,7,[pam.pok̚.ha.nɯŋ.kʌn],[bam.pok̚.ha.nɯn.gʌn]
고등학교 내내,7,[ko.tɯŋ.hak̚.kjo.nɛ.nɛ],[go.dɯŋ.hak̚.kjo.nɛ.nɛ]
항상 존재하고 단지 바뀔,7,[haŋ.saŋ.tʃon.tʃɛ.ha.ko.tan.tʃi.pa.k͈wil],[haŋ.saŋ.dʒon.tʃɛ.ha.go.dan.tʃi.ba.k͈wil]
반복하지 마,7,[pam.pok̚.ha.tʃi.ma],[bam.pok̚.ha.dʒi.ma]
old and,7,,
남자 그래서,7,[nan.tʃa.kɯ.ɾɛ.sʌ],[nan.tʃa.gɯ.ɾɛ.sʌ]
남자 그럼,7,[nan.tʃa.kɯ.ɾʌm],[nan.tʃa.gɯ.ɾʌm]
키 입력,7,[kʰi.ip̚.ɾjʌk̚],[kʰi.ip̚.ɾjʌk̚]
키 주세요,7,[kʰi.tʃu.se.jo],[kʰi.dʒu.se.jo]
고등학교 동창이고,7,[ko.tɯŋ.hak̚.kjo.toŋ.tʃʰaŋ.i.ko],[go.dɯŋ.hak̚.kjo.doŋ.tʃʰaŋ.i.go]
키 큰 놈,7,[kʰi.kʰɯn.nom],[kʰi.kʰɯn.nom]
고등학교 동창이야,7,[ko.tɯŋ.hak̚.kjo.toŋ.tʃʰaŋ.i.ja],[go.dɯŋ.hak̚.kjo.doŋ.tʃʰaŋ.i.ja]
항상 착한 소녀가,7,[haŋ.saŋ.tʃʰak̚.han.so.njʌ.ka],[haŋ.saŋ.tʃʰak̚.han.so.njʌ.ga]
고등학교 동창이에요,7,[ko.tɯŋ.hak̚.kjo.toŋ.tʃʰaŋ.i.e.jo],[go.dɯŋ.hak̚.kjo.doŋ.tʃʰaŋ.i.e.jo]
키가 아주,7,[kʰi.ka.a.tʃu],[kʰi.ga.a.dʒu]
키가 작아,7,[kʰi.ka.tʃak̚.a],[kʰi.ga.dʒak̚.a]
고등학교 동창회,7,[ko.tɯŋ.hak̚.kjo.toŋ.tʃʰaŋ.hwe],[go.dɯŋ.hak̚.kjo.doŋ.tʃʰaŋ.hwe]
키가 커요,7,[kʰi.ka.kʰʌ.jo],[kʰi.ga.kʰʌ.jo]
키가 커서,7,[kʰi.ka.kʰʌ.sʌ],[kʰi.ga.kʰʌ.sʌ]
반송 주소는,7,[pan.soŋ.tʃu.so.nɯn],[ban.soŋ.dʒu.so.nɯn]
항상 착한 소녀가 되야,7,[haŋ.saŋ.tʃʰak̚.han.so.njʌ.ka.twe.ja],[haŋ.saŋ.tʃʰak̚.han.so.njʌ.ga.dwe.ja]
항상 최선은,7,[haŋ.saŋ.tʃʰwe.sʌn.ɯn],[haŋ.saŋ.tʃʰwe.sʌn.ɯn]
키는 이 정도,7,[kʰi.nɯn.i.tʃʌŋ.to],[kʰi.nɯn.i.dʒʌŋ.do]
반에서 가장,7,[pan.e.sʌ.ka.tʃaŋ],[ban.e.sʌ.ga.dʒaŋ]
갈게요 전,7,[kal.ke.jo.tʃʌn],[gal.ke.jo.dʒʌn]
키드 포포,7,[kʰi.tɯ.pʰo.pʰo],[kʰi.dɯ.pʰo.pʰo]
반역을 저질렀다는,7,[pan.jʌk̚.ɯl.tʃʌ.tʃil.ɾʌt̚.ta.nɯn],[ban.jʌk̚.ɯl.dʒʌ.dʒil.ɾʌt̚.ta.nɯn]
키라는 신 인간은,7,[kʰi.ɾa.nɯn.sin.iŋ.kan.ɯn],[kʰi.ɾa.nɯn.sin.iŋ.kan.ɯn]
키를 돌려,7,[kʰi.ɾɯl.tol.ɾjʌ],[kʰi.ɾɯl.dol.ɾjʌ]
키를 쥐고,7,[kʰi.ɾɯl.tʃwi.ko],[kʰi.ɾɯl.dʒwi.go]
키리시마 군,7,[kʰi.ɾi.si.ma.kun],[kʰi.ɾi.si.ma.gun]
반은 네,7,[pan.ɯn.ne],[ban.ɯn.ne]
남자 누군지,7,[nan.tʃa.nu.kun.tʃi],[nan.tʃa.nu.gun.tʃi]
반은 맞는,7,[pan.ɯn.mat̚.nɯn],[ban.ɯn.mat̚.nɯn]
반은 사람,7,[pan.ɯn.sa.ɾam],[ban.ɯn.sa.ɾam]
고등학교 때도,7,[ko.tɯŋ.hak̚.kjo.t͈ɛ.to],[go.dɯŋ.hak̚.kjo.t͈ɛ.do]
반은 외계인인,7,[pan.ɯn.we.kje.in.in],[ban.ɯn.we.gje.in.in]
반은 외계인인 아이는 세상에서,7,[pan.ɯn.we.kje.in.in.a.i.nɯn.se.saŋ.e.sʌ],[ban.ɯn.we.gje.in.in.a.i.nɯn.se.saŋ.e.sʌ]
반은 외계인인 아이는,7,[pan.ɯn.we.kje.in.in.a.i.nɯn],[ban.ɯn.we.gje.in.in.a.i.nɯn]
남자 다시,7,[nan.tʃa.ta.si],[nan.tʃa.da.si]
키스 때문에,7,[kʰi.sɯ.t͈ɛ.mun.e],[kʰi.sɯ.t͈ɛ.mun.e]
키스 님,7,[kʰi.sɯ.nim],[kʰi.sɯ.nim]
반은 인간이고 반은 외계인인,7,[pan.ɯn.iŋ.kan.i.ko.pan.ɯn.we.kje.in.in],[ban.ɯn.iŋ.kan.i.go.ban.ɯn.we.gje.in.in]
반을 소유하고,7,[pan.ɯl.so.ju.ha.ko],[ban.ɯl.so.ju.ha.go]
반응 시간을,7,[pan.ɯŋ.si.kan.ɯl],[ban.ɯŋ.si.gan.ɯl]
키스 하나 불어줘,7,[kʰi.sɯ.ha.na.pul.ʌ.tʃwʌ],[kʰi.sɯ.ha.na.bul.ʌ.dʒwʌ]
키스 할 수 있다면,7,[kʰi.sɯ.hal.su.it̚.ta.mjʌn],[kʰi.sɯ.hal.su.it̚.ta.mjʌn]
증거는 필요,7,[tʃɯŋ.kʌ.nɯm.pʰil.jo],[dʒɯŋ.gʌ.nɯm.pʰil.jo]
키스도 안 하고,7,[kʰi.sɯ.to.an.ha.ko],[kʰi.sɯ.do.an.ha.go]
고등학교 생활은,7,[ko.tɯŋ.hak̚.kjo.sɛŋ.hwal.ɯn],[go.dɯŋ.hak̚.kjo.sɛŋ.hwal.ɯn]
반응에 대해,7,[pan.ɯŋ.e.tɛ.hɛ],[ban.ɯŋ.e.dɛ.hɛ]
반응은 양자면을,7,[pan.ɯŋ.ɯn.jaŋ.tʃa.mjʌn.ɯl],[ban.ɯŋ.ɯn.jaŋ.dʒa.mjʌn.ɯl]
반응은 양자면을 지나면서,7,[pan.ɯŋ.ɯn.jaŋ.tʃa.mjʌn.ɯl.tʃi.na.mjʌn.sʌ],[ban.ɯŋ.ɯn.jaŋ.dʒa.mjʌn.ɯl.dʒi.na.mjʌn.sʌ]
고등학교 수학,7,[ko.tɯŋ.hak̚.kjo.su.hak̚],[go.dɯŋ.hak̚.kjo.su.hak̚]
키스를 하지,7,[kʰi.sɯ.ɾɯl.ha.tʃi],[kʰi.sɯ.ɾɯl.ha.dʒi]
키스를 했고,7,[kʰi.sɯ.ɾɯl.hɛt̚.ko],[kʰi.sɯ.ɾɯl.hɛt̚.ko]
키스를 했어,7,[kʰi.sɯ.ɾɯl.hɛt̚.ʌ],[kʰi.sɯ.ɾɯl.hɛt̚.ʌ]
남자 뒤에,7,[nan.tʃa.twi.e],[nan.tʃa.dwi.e]
키스를 했지,7,[kʰi.sɯ.ɾɯl.hɛt̚.tʃi],[kʰi.sɯ.ɾɯl.hɛt̚.tʃi]
반응을 보여,7,[pan.ɯŋ.ɯl.po.jʌ],[ban.ɯŋ.ɯl.bo.jʌ]
남자 마음에,7,[nan.tʃa.ma.ɯm.e],[nan.tʃa.ma.ɯm.e]
반응을 보인,7,[pan.ɯŋ.ɯl.po.in],[ban.ɯŋ.ɯl.bo.in]
남자 만나려고,7,[nan.tʃa.man.na.ɾjʌ.ko],[nan.tʃa.man.na.ɾjʌ.go]
항상 훌륭한,7,[haŋ.saŋ.hul.ɾjuŋ.han],[haŋ.saŋ.hul.ɾjuŋ.han]
갈게요 죄송해요,7,[kal.ke.jo.tʃwe.soŋ.hɛ.jo],[gal.ke.jo.dʒwe.soŋ.hɛ.jo]
키스하는 여자를,7,[kʰi.sɯ.ha.nɯn.jʌ.tʃa.ɾɯl],[kʰi.sɯ.ha.nɯn.jʌ.dʒa.ɾɯl]
관해서 좀,7,[kwan.hɛ.sʌ.tʃom],[gwan.hɛ.sʌ.dʒom]
키스하는 여자를 잘,7,[kʰi.sɯ.ha.nɯn.jʌ.tʃa.ɾɯl.tʃal],[kʰi.sɯ.ha.nɯn.jʌ.dʒa.ɾɯl.dʒal]
키스하면 넌,7,[kʰi.sɯ.ha.mjʌn.nʌn],[kʰi.sɯ.ha.mjʌn.nʌn]
훨씬 잘할 수,7,[hwʌl.s͈in.tʃal.hal.su],[hwʌl.s͈in.dʒal.hal.su]
반응이 마치 내가,7,[pan.ɯŋ.i.ma.tʃʰi.nɛ.ka],[ban.ɯŋ.i.ma.tʃʰi.nɛ.ga]
Bettinoi Craxi 총리에게,7,[tʃʰoŋ.ɾi.e.ke],[tʃʰoŋ.ɾi.e.ge]
고등학교 졸업생,7,[ko.tɯŋ.hak̚.kjo.tʃol.ʌp̚.sɛŋ],[go.dɯŋ.hak̚.kjo.dʒol.ʌp̚.sɛŋ]
키아라에게 왜,7,[kʰi.a.ɾa.e.ke.wɛ],[kʰi.a.ɾa.e.ge.wɛ]
키아라에게 왜 화가,7,[kʰi.a.ɾa.e.ke.wɛ.hwa.ka],[kʰi.a.ɾa.e.ge.wɛ.hwa.ga]
키아라에게 화가 났기,7,[kʰi.a.ɾa.e.ke.hwa.ka.nat̚.ki],[kʰi.a.ɾa.e.ge.hwa.ga.nat̚.ki]
키아라에게 화가,7,[kʰi.a.ɾa.e.ke.hwa.ka],[kʰi.a.ɾa.e.ge.hwa.ga]
키아라에게 화가 났기 때문이야,7,[kʰi.a.ɾa.e.ke.hwa.ka.nat̚.ki.t͈ɛ.mun.i.ja],[kʰi.a.ɾa.e.ge.hwa.ga.nat̚.ki.t͈ɛ.mun.i.ja]
이 집 주인,7,[i.tʃip̚.tʃu.in],[i.dʒip̚.dʒu.in]
반응이 있는,7,[pan.ɯŋ.i.it̚.nɯn],[ban.ɯŋ.i.it̚.nɯn]
이 집단,7,[i.tʃip̚.tan],[i.dʒip̚.tan]
고등학교 졸업하면,7,[ko.tɯŋ.hak̚.kjo.tʃol.ʌp̚.ha.mjʌn],[go.dɯŋ.hak̚.kjo.dʒol.ʌp̚.ha.mjʌn]
보이지 않으세요,7,[po.i.tʃi.an.ɯ.se.jo],[bo.i.dʒi.an.ɯ.se.jo]
키우고 있습니다,7,[kʰi.u.ko.it̚.sɯp̚.ni.ta],[kʰi.u.go.it̚.sɯp̚.ni.da]
갈게요 하나,7,[kal.ke.jo.ha.na],[gal.ke.jo.ha.na]
남자 머리,7,[nan.tʃa.mʌ.ɾi],[nan.tʃa.mʌ.ɾi]
키우다 보면,7,[kʰi.u.ta.po.mjʌn],[kʰi.u.da.bo.mjʌn]
고등학교 중퇴,7,[ko.tɯŋ.hak̚.kjo.tʃuŋ.tʰwe],[go.dɯŋ.hak̚.kjo.dʒuŋ.tʰwe]
키우면 돼,7,[kʰi.u.mjʌn.twɛ],[kʰi.u.mjʌn.dwɛ]
키우지 마,7,[kʰi.u.tʃi.ma],[kʰi.u.dʒi.ma]
반응하지 않는다,7,[pan.ɯŋ.ha.tʃi.an.nɯn.ta],[ban.ɯŋ.ha.dʒi.an.nɯn.ta]
키운 내,7,[kʰi.un.nɛ],[kʰi.un.nɛ]
남자 모두,7,[nan.tʃa.mo.tu],[nan.tʃa.mo.du]
반응할 수,7,[pan.ɯŋ.hal.su],[ban.ɯŋ.hal.su]
반응할 줄,7,[pan.ɯŋ.hal.tʃul],[ban.ɯŋ.hal.dʒul]
키울 수 있는지,7,[kʰi.ul.su.it̚.nɯn.tʃi],[kʰi.ul.su.it̚.nɯn.tʃi]
반입이 안,7,[pan.ip̚.i.an],[ban.ip̚.i.an]
반장님 반장님,7,[pan.tʃaŋ.nim.pan.tʃaŋ.nim],[ban.tʃaŋ.nim.ban.tʃaŋ.nim]
반장님 말로는,7,[pan.tʃaŋ.nim.mal.ɾo.nɯn],[ban.tʃaŋ.nim.mal.ɾo.nɯn]
반장님 저,7,[pan.tʃaŋ.nin.tʃʌ],[ban.tʃaŋ.nim.dʒʌ]
반장님 제가,7,[pan.tʃaŋ.nin.tʃe.ka],[ban.tʃaŋ.nim.dʒe.ga]
키워 줘서 고마워,7,[kʰi.wʌ.tʃwʌ.sʌ.ko.ma.wʌ],[kʰi.wʌ.dʒwʌ.sʌ.go.ma.wʌ]
남자 뭐,7,[nan.tʃa.mwʌ],[nan.tʃa.mwʌ]
are you wearing,7,,
고등학교도 졸업 못,7,[ko.tɯŋ.hak̚.kjo.to.tʃol.ʌp̚.mot̚],[go.dɯŋ.hak̚.kjo.do.dʒol.ʌp̚.mot̚]
남자 바로,7,[nan.tʃa.pa.ɾo],[nan.tʃa.ba.ɾo]
반지 끼워,7,[pan.tʃi.k͈i.wʌ],[ban.tʃi.k͈i.wʌ]
키타로 향할께,7,[kʰi.tʰa.ɾo.hjaŋ.hal.k͈e],[kʰi.tʰa.ɾo.hjaŋ.hal.k͈e]
키타에 돌아가는거야,7,[kʰi.tʰa.e.tol.a.ka.nɯŋ.kʌ.ja],[kʰi.tʰa.e.dol.a.ga.nɯŋ.kʌ.ja]
키터리지 선생님,7,[kʰi.tʰʌ.ɾi.tʃi.sʌn.sɛŋ.nim],[kʰi.tʰʌ.ɾi.dʒi.sʌn.sɛŋ.nim]
남자 보는 눈은,7,[nan.tʃa.po.nɯn.nun.ɯn],[nan.tʃa.bo.nɯn.nun.ɯn]
보이지만 사실,7,[po.i.tʃi.man.sa.sil],[bo.i.dʒi.man.sa.sil]
남자 보다 더,7,[nan.tʃa.po.ta.tʌ],[nan.tʃa.bo.da.dʌ]
남자 보다 더 멋진데,7,[nan.tʃa.po.ta.tʌ.mʌt̚.tʃin.te],[nan.tʃa.bo.da.dʌ.mʌt̚.tʃin.te]
고등학교를 졸업하자마자,7,[ko.tɯŋ.hak̚.kjo.ɾɯl.tʃol.ʌp̚.ha.tʃa.ma.tʃa],[go.dɯŋ.hak̚.kjo.ɾɯl.dʒol.ʌp̚.ha.dʒa.ma.dʒa]
킥스탠드를 달칵 내린다,7,[kʰik̚.sɯ.tʰɛn.tɯ.ɾɯl.tal.kʰak̚.nɛ.ɾin.ta],[kʰik̚.sɯ.tʰɛn.tɯ.ɾɯl.dal.kʰak̚.nɛ.ɾin.ta]
훨씬 크죠,7,[hwʌl.s͈iŋ.kʰɯ.tʃjo],[hwʌl.s͈iŋ.kʰɯ.dʒjo]
고등학교에 다닐,7,[ko.tɯŋ.hak̚.kjo.e.ta.nil],[go.dɯŋ.hak̚.kjo.e.da.nil]
반지를 갖고,7,[pan.tʃi.ɾɯl.kat̚.ko],[ban.tʃi.ɾɯl.gat̚.ko]
남자 봐,7,[nan.tʃa.pwa],[nan.tʃa.bwa]
킨 입니다,7,[kʰin.ip̚.ni.ta],[kʰin.ip̚.ni.da]
반지를 사,7,[pan.tʃi.ɾɯl.sa],[ban.tʃi.ɾɯl.sa]
킬 스위치야,7,[kʰil.sɯ.wi.tʃʰi.ja],[kʰil.sɯ.wi.tʃʰi.ja]
남자 새끼가,7,[nan.tʃa.sɛ.k͈i.ka],[nan.tʃa.sɛ.k͈i.ga]
킬 질,7,[kʰil.tʃil],[kʰil.dʒil]
킬 코드를,7,[kʰil.kʰo.tɯ.ɾɯl],[kʰil.kʰo.dɯ.ɾɯl]
킬러 본능을,7,[kʰil.ɾʌ.pon.nɯŋ.ɯl],[kʰil.ɾʌ.bon.nɯŋ.ɯl]
남자 생각을,7,[nan.tʃa.sɛŋ.kak̚.ɯl],[nan.tʃa.sɛŋ.gak̚.ɯl]
킬로미터 정도,7,[kʰil.ɾo.mi.tʰʌ.tʃʌŋ.to],[kʰil.ɾo.mi.tʰʌ.dʒʌŋ.do]
남자 성기가,7,[nan.tʃa.sʌŋ.ki.ka],[nan.tʃa.sʌŋ.gi.ga]
갈기갈기 찢는,7,[kal.ki.kal.ki.tʃ͈it̚.nɯn],[gal.ki.gal.ki.tʃ͈it̚.nɯn]
반짝 반짝 빛나는,7,[pan.tʃ͈ak̚.pan.tʃ͈ak̚.pit̚.na.nɯn],[ban.tʃ͈ak̚.ban.tʃ͈ak̚.bit̚.na.nɯn]
반짝 빛나는,7,[pan.tʃ͈ak̚.pit̚.na.nɯn],[ban.tʃ͈ak̚.bit̚.na.nɯn]
이 집을 소유하고,7,[i.tʃip̚.ɯl.so.ju.ha.ko],[i.dʒip̚.ɯl.so.ju.ha.go]
킴이 메사,7,[kʰim.i.me.sa],[kʰim.i.me.sa]
킴이 메사 베르데를,7,[kʰim.i.me.sa.pe.ɾɯ.te.ɾɯl],[kʰim.i.me.sa.be.ɾɯ.de.ɾɯl]
해 그것보다,7,[hɛ.kɯ.kʌt̚.po.ta],[hɛ.gɯ.gʌt̚.po.da]
이 집의 모든,7,[i.tʃip̚.ɯi.mo.tɯn],[i.dʒip̚.ɯi.mo.dɯn]
고래 기름을,7,[ko.ɾɛ.ki.ɾɯm.ɯl],[go.ɾɛ.gi.ɾɯm.ɯl]
킹스턴 씨,7,[kʰiŋ.sɯ.tʰʌn.s͈i],[kʰiŋ.sɯ.tʰʌn.s͈i]
킹은 내,7,[kʰiŋ.ɯn.nɛ],[kʰiŋ.ɯn.nɛ]
해 그래야죠,7,[hɛ.kɯ.ɾɛ.ja.tʃjo],[hɛ.gɯ.ɾɛ.ja.dʒjo]
타 다,7,[tʰa.ta],[tʰa.da]
해 그러기,7,[hɛ.kɯ.ɾʌ.ki],[hɛ.gɯ.ɾʌ.gi]
타 버렸어,7,[tʰa.pʌ.ɾjʌt̚.ʌ],[tʰa.bʌ.ɾjʌt̚.ʌ]
반창고 하나,7,[pan.tʃʰaŋ.ko.ha.na],[ban.tʃʰaŋ.go.ha.na]
반칙하지 마세요,7,[pan.tʃʰik̚.ha.tʃi.ma.se.jo],[ban.tʃʰik̚.ha.dʒi.ma.se.jo]
남자 얘기는,7,[nan.tʃa.jɛ.ki.nɯn],[nan.tʃa.jɛ.gi.nɯn]
반품 안,7,[pam.pʰum.an],[bam.pʰum.an]
고려는 해,7,[ko.ɾjʌ.nɯn.hɛ],[go.ɾjʌ.nɯn.hɛ]
남자 얘기도,7,[nan.tʃa.jɛ.ki.to],[nan.tʃa.jɛ.gi.do]
타 저,7,[tʰa.tʃʌ],[tʰa.dʒʌ]
타 죽어,7,[tʰa.tʃuk̚.ʌ],[tʰa.dʒuk̚.ʌ]
반한 거 같아,7,[pan.haŋ.kʌ.kat̚.a],[ban.han.gʌ.gat̚.a]
타 줄게,7,[tʰa.tʃul.ke],[tʰa.dʒul.ke]
반한 거죠,7,[pan.haŋ.kʌ.tʃjo],[ban.han.gʌ.dʒjo]
이 차 안에서,7,[i.tʃʰa.an.e.sʌ],[i.tʃʰa.an.e.sʌ]
반한 걸 알잖아,7,[pan.haŋ.kʌl.al.tʃan.a],[ban.han.gʌl.al.tʃan.a]
타겟'' 지난 이야기,7,[tʰa.ket̚.tʃi.nan.i.ja.ki],[tʰa.get̚.dʒi.nan.i.ja.gi]
반한 것 같아요,7,[pan.haŋ.kʌt̚.kat̚.a.jo],[ban.han.gʌt̚.gat̚.a.jo]
공범과 함께,7,[kom.pʌm.kwa.ham.k͈e],[goŋ.bʌm.kwa.ham.k͈e]
타격을 받고,7,[tʰa.kjʌk̚.ɯl.pat̚.ko],[tʰa.gjʌk̚.ɯl.bat̚.ko]
타격을 입었다,7,[tʰa.kjʌk̚.ɯl.ip̚.ʌt̚.ta],[tʰa.gjʌk̚.ɯl.ip̚.ʌt̚.ta]
타격을 입었어요,7,[tʰa.kjʌk̚.ɯl.ip̚.ʌt̚.ʌ.jo],[tʰa.gjʌk̚.ɯl.ip̚.ʌt̚.ʌ.jo]
고려하고 있습니다,7,[ko.ɾjʌ.ha.ko.it̚.sɯp̚.ni.ta],[go.ɾjʌ.ha.go.it̚.sɯp̚.ni.da]
남자 엉덩이에,7,[nan.tʃa.ʌŋ.tʌŋ.i.e],[nan.tʃa.ʌŋ.dʌŋ.i.e]
보인다면 떨리는,7,[po.in.ta.mjʌn.t͈ʌl.ɾi.nɯn],[bo.in.ta.mjʌn.t͈ʌl.ɾi.nɯn]
해 그렇지 않아,7,[hɛ.kɯ.ɾʌt̚.tʃi.an.a],[hɛ.gɯ.ɾʌt̚.tʃi.an.a]
고려하고 있어,7,[ko.ɾjʌ.ha.ko.it̚.ʌ],[go.ɾjʌ.ha.go.it̚.ʌ]
타고 가는 걸,7,[tʰa.ko.ka.nɯŋ.kʌl],[tʰa.go.ga.nɯn.gʌl]
남자 여자가,7,[nan.tʃa.jʌ.tʃa.ka],[nan.tʃa.jʌ.dʒa.ga]
보인단 말이지,7,[po.in.tan.mal.i.tʃi],[bo.in.tan.mal.i.dʒi]
타고 가실래요,7,[tʰa.ko.ka.sil.ɾɛ.jo],[tʰa.go.ga.sil.ɾɛ.jo]
타고 가야겠어,7,[tʰa.ko.ka.ja.ket̚.ʌ],[tʰa.go.ga.ja.get̚.ʌ]
고려하지 않는,7,[ko.ɾjʌ.ha.tʃi.an.nɯn],[go.ɾjʌ.ha.dʒi.an.nɯn]
타고 갈 거예요,7,[tʰa.ko.kal.kʌ.je.jo],[tʰa.go.gal.gʌ.je.jo]
받게 될 거다,7,[pat̚.ke.twel.kʌ.ta],[bat̚.ke.dwel.gʌ.da]
받게 될 거에요,7,[pat̚.ke.twel.kʌ.e.jo],[bat̚.ke.dwel.gʌ.e.jo]
타고 나가,7,[tʰa.ko.na.ka],[tʰa.go.na.ga]
타고 나갔어요,7,[tʰa.ko.na.kat̚.ʌ.jo],[tʰa.go.na.gat̚.ʌ.jo]
받게 될 테니까,7,[pat̚.ke.twel.tʰe.ni.k͈a],[bat̚.ke.dwel.tʰe.ni.k͈a]
타고 나서,7,[tʰa.ko.na.sʌ],[tʰa.go.na.sʌ]
갈까 해서,7,[kal.k͈a.hɛ.sʌ],[gal.k͈a.hɛ.sʌ]
받게 될거에요,7,[pat̚.ke.twel.kʌ.e.jo],[bat̚.ke.dwel.kʌ.e.jo]
남자 이름이 뭐야,7,[nan.tʃa.i.ɾɯm.i.mwʌ.ja],[nan.tʃa.i.ɾɯm.i.mwʌ.ja]
타고 다닌,7,[tʰa.ko.ta.nin],[tʰa.go.da.nin]
타고 당장,7,[tʰa.ko.taŋ.tʃaŋ],[tʰa.go.daŋ.dʒaŋ]
고려할 가치도,7,[ko.ɾjʌ.hal.ka.tʃʰi.to],[go.ɾjʌ.hal.ga.tʃʰi.do]
받게 할래,7,[pat̚.ke.hal.ɾɛ],[bat̚.ke.hal.ɾɛ]
타고 몇,7,[tʰa.ko.mjʌt̚],[tʰa.go.mjʌt̚]
타고 바다를,7,[tʰa.ko.pa.ta.ɾɯl],[tʰa.go.ba.da.ɾɯl]
분이면 되는데,7,[pun.i.mjʌn.twe.nɯn.te],[bun.i.mjʌn.dwe.nɯn.te]
타고 시내로,7,[tʰa.ko.si.nɛ.ɾo],[tʰa.go.si.nɛ.ɾo]
타고 싶다고,7,[tʰa.ko.sip̚.ta.ko],[tʰa.go.sip̚.ta.go]
받게 했어요,7,[pat̚.ke.hɛt̚.ʌ.jo],[bat̚.ke.hɛt̚.ʌ.jo]
휠러 씨는,7,[hwil.ɾʌ.s͈i.nɯn],[hwil.ɾʌ.s͈i.nɯn]
타고 싶은데,7,[tʰa.ko.sip̚.ɯn.te],[tʰa.go.sip̚.ɯn.te]
타고 어디든,7,[tʰa.ko.ʌ.ti.tɯn],[tʰa.go.ʌ.di.dɯn]
받겠습니다 하지만,7,[pat̚.ket̚.sɯp̚.ni.ta.ha.tʃi.man],[bat̚.ket̚.sɯp̚.ni.da.ha.dʒi.man]
타고 오고,7,[tʰa.ko.o.ko],[tʰa.go.o.go]
고려해 보겠습니다,7,[ko.ɾjʌ.hɛ.po.ket̚.sɯp̚.ni.ta],[go.ɾjʌ.hɛ.bo.get̚.sɯp̚.ni.da]
타고 올라가면,7,[tʰa.ko.ol.ɾa.ka.mjʌn],[tʰa.go.ol.ɾa.ga.mjʌn]
타고 올라와,7,[tʰa.ko.ol.ɾa.wa],[tʰa.go.ol.ɾa.wa]
타고 올라갈,7,[tʰa.ko.ol.ɾa.kal],[tʰa.go.ol.ɾa.gal]
갈께 나랑 나온,7,[kal.k͈e.na.ɾaŋ.na.on],[gal.k͈e.na.ɾaŋ.na.on]
타고 왔는데요,7,[tʰa.ko.wat̚.nɯn.te.jo],[tʰa.go.wat̚.nɯn.te.jo]
갈께 나랑,7,[kal.k͈e.na.ɾaŋ],[gal.k͈e.na.ɾaŋ]
받고 다음,7,[pat̚.ko.ta.ɯm],[bat̚.ko.da.ɯm]
갈께 나랑 나온 건,7,[kal.k͈e.na.ɾaŋ.na.oŋ.kʌn],[gal.k͈e.na.ɾaŋ.na.on.gʌn]
남자 중 한,7,[nan.tʃa.tʃuŋ.han],[nan.tʃa.dʒuŋ.han]
고려해 보셨나요,7,[ko.ɾjʌ.hɛ.po.sjʌt̚.na.jo],[go.ɾjʌ.hɛ.bo.sjʌt̚.na.jo]
타고 있는지,7,[tʰa.ko.it̚.nɯn.tʃi],[tʰa.go.it̚.nɯn.tʃi]
갈께 풍경,7,[kal.k͈e.pʰuŋ.kjʌŋ],[gal.k͈e.pʰuŋ.gjʌŋ]
이 창문은,7,[i.tʃʰaŋ.mun.ɯn],[i.tʃʰaŋ.mun.ɯn]
받고 문자도,7,[pat̚.ko.mun.tʃa.to],[bat̚.ko.mun.tʃa.do]
타고 있어야,7,[tʰa.ko.it̚.ʌ.ja],[tʰa.go.it̚.ʌ.ja]
받고 새로운,7,[pat̚.ko.sɛ.ɾo.un],[bat̚.ko.sɛ.ɾo.un]
받고 사람을,7,[pat̚.ko.sa.ɾam.ɯl],[bat̚.ko.sa.ɾam.ɯl]
받고 섹스하는,7,[pat̚.ko.sek̚.sɯ.ha.nɯn],[bat̚.ko.sek̚.sɯ.ha.nɯn]
갈께 풍경 좀,7,[kal.k͈e.pʰuŋ.kjʌŋ.tʃom],[gal.k͈e.pʰuŋ.gjʌŋ.dʒom]
받고 싶고,7,[pat̚.ko.sip̚.ko],[bat̚.ko.sip̚.ko]
받고 싶니,7,[pat̚.ko.sip̚.ni],[bat̚.ko.sip̚.ni]
갈께 풍경 좀 보세요,7,[kal.k͈e.pʰuŋ.kjʌŋ.tʃom.po.se.jo],[gal.k͈e.pʰuŋ.gjʌŋ.dʒom.bo.se.jo]
타고 집에 가,7,[tʰa.ko.tʃip̚.e.ka],[tʰa.go.dʒip̚.e.ga]
타고 흐르고,7,[tʰa.ko.hɯ.ɾɯ.ko],[tʰa.go.hɯ.ɾɯ.go]
타고나는 거지,7,[tʰa.ko.na.nɯŋ.kʌ.tʃi],[tʰa.go.na.nɯn.gʌ.dʒi]
타고난 걸,7,[tʰa.ko.naŋ.kʌl],[tʰa.go.nan.gʌl]
해 난 조금 더,7,[hɛ.nan.tʃo.kɯn.tʌ],[hɛ.nan.dʒo.gɯm.dʌ]
보일 요원,7,[po.il.jo.wʌn],[bo.il.jo.wʌn]
남자 친구 아니에요,7,[nan.tʃa.tʃʰiŋ.ku.a.ni.e.jo],[nan.tʃa.tʃʰiŋ.ku.a.ni.e.jo]
고려해 봐,7,[ko.ɾjʌ.hɛ.pwa],[go.ɾjʌ.hɛ.bwa]
타기엔 너무,7,[tʰa.ki.en.nʌ.mu],[tʰa.gi.en.nʌ.mu]
갈등 해결,7,[kal.tɯŋ.hɛ.kjʌl],[gal.tɯŋ.hɛ.gjʌl]
이 척박한,7,[i.tʃʰʌk̚.pak̚.han],[i.tʃʰʌk̚.pak̚.han]
타깃으로 한,7,[tʰa.kit̚.ɯ.ɾo.han],[tʰa.git̚.ɯ.ɾo.han]
타깃이 될,7,[tʰa.kit̚.i.twel],[tʰa.git̚.i.dwel]
타깃이 보이지,7,[tʰa.kit̚.i.po.i.tʃi],[tʰa.git̚.i.bo.i.dʒi]
타네이치 선배가,7,[tʰa.ne.i.tʃʰi.sʌm.pɛ.ka],[tʰa.ne.i.tʃʰi.sʌm.pɛ.ga]
타는 걸 본,7,[tʰa.nɯŋ.kʌl.pon],[tʰa.nɯn.gʌl.bon]
때문에 그러는 건,7,[t͈ɛ.mun.e.kɯ.ɾʌ.nɯŋ.kʌn],[t͈ɛ.mun.e.gɯ.ɾʌ.nɯn.gʌn]
갈등을 빚고,7,[kal.tɯŋ.ɯl.pit̚.ko],[gal.tɯŋ.ɯl.bit̚.ko]
타는 것 같아 좋아지게,7,[tʰa.nɯŋ.kʌt̚.kat̚.a.tʃot̚.a.tʃi.ke],[tʰa.nɯn.gʌt̚.gat̚.a.dʒot̚.a.dʒi.ge]
때문에 그러는 게,7,[t͈ɛ.mun.e.kɯ.ɾʌ.nɯŋ.ke],[t͈ɛ.mun.e.gɯ.ɾʌ.nɯn.ge]
고려해 봤을 때,7,[ko.ɾjʌ.hɛ.pwat̚.ɯl.t͈ɛ],[go.ɾjʌ.hɛ.bwat̚.ɯl.t͈ɛ]
남자 친구는 어디,7,[nan.tʃa.tʃʰiŋ.ku.nɯn.ʌ.ti],[nan.tʃa.tʃʰiŋ.ku.nɯn.ʌ.di]
타는 듯한,7,[tʰa.nɯn.tɯt̚.han],[tʰa.nɯn.dɯt̚.han]
타는 법,7,[tʰa.nɯm.pʌp̚],[tʰa.nɯn.bʌp̚]
받고 일해요,7,[pat̚.ko.il.hɛ.jo],[bat̚.ko.il.hɛ.jo]
타는 사람이,7,[tʰa.nɯn.sa.ɾam.i],[tʰa.nɯn.sa.ɾam.i]
타다 남은,7,[tʰa.ta.nam.ɯn],[tʰa.da.nam.ɯn]
남자 친구니까,7,[nan.tʃa.tʃʰiŋ.ku.ni.k͈a],[nan.tʃa.tʃʰiŋ.ku.ni.k͈a]
해 내가 아마도 널,7,[hɛ.nɛ.ka.a.ma.to.nʌl],[hɛ.nɛ.ga.a.ma.do.nʌl]
해 내가 이,7,[hɛ.nɛ.ka.i],[hɛ.nɛ.ga.i]
타들어 간,7,[tʰa.tɯl.ʌ.kan],[tʰa.dɯl.ʌ.gan]
aren''t I,7,,
받고 있어서,7,[pat̚.ko.it̚.ʌ.sʌ],[bat̚.ko.it̚.ʌ.sʌ]
받고 있었는데,7,[pat̚.ko.it̚.ʌt̚.nɯn.te],[bat̚.ko.it̚.ʌt̚.nɯn.te]
받고 있었던,7,[pat̚.ko.it̚.ʌt̚.tʌn],[bat̚.ko.it̚.ʌt̚.tʌn]
남자 친구에,7,[nan.tʃa.tʃʰiŋ.ku.e],[nan.tʃa.tʃʰiŋ.ku.e]
타라 놀스,7,[tʰa.ɾa.nol.sɯ],[tʰa.ɾa.nol.sɯ]
이 최첨단,7,[i.tʃʰwe.tʃʰʌn.tan],[i.tʃʰwe.tʃʰʌn.tan]
받고 있으니까,7,[pat̚.ko.it̚.ɯ.ni.k͈a],[bat̚.ko.it̚.ɯ.ni.k͈a]
갈등이 있는,7,[kal.tɯŋ.i.it̚.nɯn],[gal.tɯŋ.i.it̚.nɯn]
이 최신,7,[i.tʃʰwe.sin],[i.tʃʰwe.sin]
타락한 천사,7,[tʰa.ɾak̚.han.tʃʰʌn.sa],[tʰa.ɾak̚.han.tʃʰʌn.sa]
타러 간다,7,[tʰa.ɾʌ.kan.ta],[tʰa.ɾʌ.gan.ta]
받고 제,7,[pat̚.ko.tʃe],[bat̚.ko.dʒe]
남자 친구인 줄,7,[nan.tʃa.tʃʰiŋ.ku.in.tʃul],[nan.tʃa.tʃʰiŋ.ku.in.dʒul]
받고 집에,7,[pat̚.ko.tʃip̚.e],[bat̚.ko.dʒip̚.e]
타러 갈래요,7,[tʰa.ɾʌ.kal.ɾɛ.jo],[tʰa.ɾʌ.gal.ɾɛ.jo]
갈등하고 있어요,7,[kal.tɯŋ.ha.ko.it̚.ʌ.jo],[gal.tɯŋ.ha.go.it̚.ʌ.jo]
때문에 그런 짓을,7,[t͈ɛ.mun.e.kɯ.ɾʌn.tʃit̚.ɯl],[t͈ɛ.mun.e.gɯ.ɾʌn.dʒit̚.ɯl]
타르트 내,7,[tʰa.ɾɯ.tʰɯ.nɛ],[tʰa.ɾɯ.tʰɯ.nɛ]
타르트 내 갈께 풍경,7,[tʰa.ɾɯ.tʰɯ.nɛ.kal.k͈e.pʰuŋ.kjʌŋ],[tʰa.ɾɯ.tʰɯ.nɛ.gal.k͈e.pʰuŋ.gjʌŋ]
타면 안 되지,7,[tʰa.mjʌn.an.twe.tʃi],[tʰa.mjʌn.an.dwe.dʒi]
남자 하나는,7,[nan.tʃa.ha.na.nɯn],[nan.tʃa.ha.na.nɯn]
받기로 맹세합니다,7,[pat̚.ki.ɾo.mɛŋ.se.hap̚.ni.ta],[bat̚.ki.ɾo.mɛŋ.se.hap̚.ni.da]
해 농담이,7,[hɛ.noŋ.tam.i],[hɛ.noŋ.dam.i]
갈라놓으려는 거야,7,[kal.ɾa.not̚.ɯ.ɾjʌ.nɯŋ.kʌ.ja],[gal.ɾa.not̚.ɯ.ɾjʌ.nɯn.gʌ.ja]
타본 적 없어,7,[tʰa.pon.tʃʌk̚.ʌp̚.ʌ],[tʰa.bon.dʒʌk̚.ʌp̚.ʌ]
남자 화장실은,7,[nan.tʃa.hwa.tʃaŋ.sil.ɯn],[nan.tʃa.hwa.dʒaŋ.sil.ɯn]
해 다른 사람을,7,[hɛ.ta.ɾɯn.sa.ɾam.ɯl],[hɛ.da.ɾɯn.sa.ɾam.ɯl]
공부가 될,7,[kom.pu.ka.twel],[goŋ.bu.ga.dwel]
분자 구조를,7,[pun.tʃa.ku.tʃo.ɾɯl],[bun.tʃa.gu.dʒo.ɾɯl]
받는 걸로,7,[pat̚.nɯŋ.kʌl.ɾo],[bat̚.nɯn.gʌl.ɾo]
남자가 감옥에,7,[nan.tʃa.ka.kam.ok̚.e],[nan.tʃa.ga.gam.ok̚.e]
받는 것과,7,[pat̚.nɯŋ.kʌt̚.kwa],[bat̚.nɯn.gʌt̚.kwa]
타야 하거든,7,[tʰa.ja.ha.kʌ.tɯn],[tʰa.ja.ha.gʌ.dɯn]
타야 했어,7,[tʰa.ja.hɛt̚.ʌ],[tʰa.ja.hɛt̚.ʌ]
고르지 못합니다,7,[ko.ɾɯ.tʃi.mot̚.hap̚.ni.ta],[go.ɾɯ.dʒi.mot̚.hap̚.ni.da]
받는 게 더,7,[pat̚.nɯŋ.ke.tʌ],[bat̚.nɯn.ge.dʌ]
받는 게 아니라,7,[pat̚.nɯŋ.ke.a.ni.ɾa],[bat̚.nɯn.ge.a.ni.ɾa]
받는 게 좋겠어,7,[pat̚.nɯŋ.ke.tʃot̚.ket̚.ʌ],[bat̚.nɯn.ge.dʒot̚.ket̚.ʌ]
on J'',7,,
타오르는 불,7,[tʰa.o.ɾɯ.nɯm.pul],[tʰa.o.ɾɯ.nɯn.bul]
남자가 그녀를,7,[nan.tʃa.ka.kɯ.njʌ.ɾɯl],[nan.tʃa.ga.gɯ.njʌ.ɾɯl]
타요 난,7,[tʰa.jo.nan],[tʰa.jo.nan]
타운에 있는,7,[tʰa.un.e.it̚.nɯn],[tʰa.un.e.it̚.nɯn]
타이 음식,7,[tʰa.i.ɯm.sik̚],[tʰa.i.ɯm.sik̚]
타이거 우즈,7,[tʰa.i.kʌ.u.tʃɯ],[tʰa.i.gʌ.u.dʒɯ]
타이밍 기가,7,[tʰa.i.miŋ.ki.ka],[tʰa.i.miŋ.gi.ga]
타이밍 참,7,[tʰa.i.miŋ.tʃʰam],[tʰa.i.miŋ.tʃʰam]
받는다 해도,7,[pat̚.nɯn.ta.hɛ.to],[bat̚.nɯn.ta.hɛ.do]
받는다는 건,7,[pat̚.nɯn.ta.nɯŋ.kʌn],[bat̚.nɯn.ta.nɯn.gʌn]
타이밍이 좋다,7,[tʰa.i.miŋ.i.tʃot̚.ta],[tʰa.i.miŋ.i.dʒot̚.ta]
타이밍이 중요해,7,[tʰa.i.miŋ.i.tʃuŋ.jo.hɛ],[tʰa.i.miŋ.i.dʒuŋ.jo.hɛ]
타이슨 프라이어는,7,[tʰa.i.sɯm.pʰɯ.ɾa.i.ʌ.nɯn],[tʰa.i.sɯm.pʰɯ.ɾa.i.ʌ.nɯn]
때문에 깼구나,7,[t͈ɛ.mun.e.k͈ɛt̚.ku.na],[t͈ɛ.mun.e.k͈ɛt̚.ku.na]
타이어 긁기,7,[tʰa.i.ʌ.kɯk̚.ki],[tʰa.i.ʌ.gɯk̚.ki]
타이어 소리,7,[tʰa.i.ʌ.so.ɾi],[tʰa.i.ʌ.so.ɾi]
받던 중,7,[pat̚.tʌn.tʃuŋ],[bat̚.tʌn.dʒuŋ]
타이어가 sc거리는,7,[tʰa.i.ʌ.ka.kʌ.ɾi.nɯn],[tʰa.i.ʌ.ga.gʌ.ɾi.nɯn]
타이어가 sc거리는 소리,7,[tʰa.i.ʌ.ka.kʌ.ɾi.nɯn.so.ɾi],[tʰa.i.ʌ.ga.gʌ.ɾi.nɯn.so.ɾi]
고른 게 아니에요,7,[ko.ɾɯŋ.ke.a.ni.e.jo],[go.ɾɯn.ge.a.ni.e.jo]
타이어에 바람도 넣었어요,7,[tʰa.i.ʌ.e.pa.ɾan.to.nʌt̚.ʌt̚.ʌ.jo],[tʰa.i.ʌ.e.ba.ɾan.to.nʌt̚.ʌt̚.ʌ.jo]
타이어에 펑크가,7,[tʰa.i.ʌ.e.pʰʌŋ.kʰɯ.ka],[tʰa.i.ʌ.e.pʰʌŋ.kʰɯ.ga]
남자가 누구야,7,[nan.tʃa.ka.nu.ku.ja],[nan.tʃa.ga.nu.gu.ja]
받아 가요,7,[pat̚.a.ka.jo],[bat̚.a.ga.jo]
타이터스 안드로메돈,7,[tʰa.i.tʰʌ.sɯ.an.tɯ.ɾo.me.ton],[tʰa.i.tʰʌ.sɯ.an.tɯ.ɾo.me.don]
받아 가지,7,[pat̚.a.ka.tʃi],[bat̚.a.ga.dʒi]
타인을 돕는,7,[tʰa.in.ɯl.top̚.nɯn],[tʰa.in.ɯl.dop̚.nɯn]
타일러 대위입니다,7,[tʰa.il.ɾʌ.tɛ.wi.ip̚.ni.ta],[tʰa.il.ɾʌ.dɛ.wi.ip̚.ni.da]
타일러 씨가,7,[tʰa.il.ɾʌ.s͈i.ka],[tʰa.il.ɾʌ.s͈i.ga]
타일러 제임스,7,[tʰa.il.ɾʌ.tʃe.im.sɯ],[tʰa.il.ɾʌ.dʒe.im.sɯ]
타일러 페리,7,[tʰa.il.ɾʌ.pʰe.ɾi],[tʰa.il.ɾʌ.pʰe.ɾi]
받아 괜찮아,7,[pat̚.a.kwɛn.tʃʰan.a],[bat̚.a.gwɛn.tʃʰan.a]
남자가 당신에게,7,[nan.tʃa.ka.taŋ.sin.e.ke],[nan.tʃa.ga.daŋ.sin.e.ge]
타임 슬립,7,[tʰa.im.sɯl.ɾip̚],[tʰa.im.sɯl.ɾip̚]
남자가 당신이,7,[nan.tʃa.ka.taŋ.sin.i],[nan.tʃa.ga.daŋ.sin.i]
갈래 내,7,[kal.ɾɛ.nɛ],[gal.ɾɛ.nɛ]
받아 내는,7,[pat̚.a.nɛ.nɯn],[bat̚.a.nɛ.nɯn]
받아 내려고,7,[pat̚.a.nɛ.ɾjʌ.ko],[bat̚.a.nɛ.ɾjʌ.go]
남자가 돈,7,[nan.tʃa.ka.ton],[nan.tʃa.ga.don]
타임머신 같은,7,[tʰa.im.mʌ.siŋ.kat̚.ɯn],[tʰa.im.mʌ.sin.gat̚.ɯn]
갈래 내가,7,[kal.ɾɛ.nɛ.ka],[gal.ɾɛ.nɛ.ga]
고를 게,7,[ko.ɾɯl.ke],[go.ɾɯl.ge]
타임스 스퀘어,7,[tʰa.im.sɯ.sɯ.kʰwe.ʌ],[tʰa.im.sɯ.sɯ.kʰwe.ʌ]
타임스스퀘어의 가방에서,7,[tʰa.im.sɯ.sɯ.kʰwe.ʌ.ɯi.ka.paŋ.e.sʌ],[tʰa.im.sɯ.sɯ.kʰwe.ʌ.ɯi.ga.baŋ.e.sʌ]
타임스스퀘어의 가방에서 기어 나오기,7,[tʰa.im.sɯ.sɯ.kʰwe.ʌ.ɯi.ka.paŋ.e.sʌ.ki.ʌ.na.o.ki],[tʰa.im.sɯ.sɯ.kʰwe.ʌ.ɯi.ga.baŋ.e.sʌ.gi.ʌ.na.o.gi]
타임스스퀘어의 가방에서 기어,7,[tʰa.im.sɯ.sɯ.kʰwe.ʌ.ɯi.ka.paŋ.e.sʌ.ki.ʌ],[tʰa.im.sɯ.sɯ.kʰwe.ʌ.ɯi.ga.baŋ.e.sʌ.gi.ʌ]
남자가 되게,7,[nan.tʃa.ka.twe.ke],[nan.tʃa.ga.dwe.ge]
휴가를 떠나기로 마음먹기 전까지,7,[hju.ka.ɾɯl.t͈ʌ.na.ki.ɾo.ma.ɯm.mʌk̚.ki.tʃʌŋ.k͈a.tʃi],[hju.ga.ɾɯl.t͈ʌ.na.gi.ɾo.ma.ɯm.mʌk̚.ki.dʒʌŋ.k͈a.dʒi]
남자가 되고 싶었어,7,[nan.tʃa.ka.twe.ko.sip̚.ʌt̚.ʌ],[nan.tʃa.ga.dwe.go.sip̚.ʌt̚.ʌ]
남자가 되길,7,[nan.tʃa.ka.twe.kil],[nan.tʃa.ga.dwe.gil]
타지 말라고,7,[tʰa.tʃi.mal.ɾa.ko],[tʰa.dʒi.mal.ɾa.go]
타지 말아 주세요,7,[tʰa.tʃi.mal.a.tʃu.se.jo],[tʰa.dʒi.mal.a.dʒu.se.jo]
타지 말아,7,[tʰa.tʃi.mal.a],[tʰa.dʒi.mal.a]
남자가 되면,7,[nan.tʃa.ka.twe.mjʌn],[nan.tʃa.ga.dwe.mjʌn]
타크 팀,7,[tʰa.kʰɯ.tʰim],[tʰa.kʰɯ.tʰim]
타협 안,7,[tʰa.hjʌp̚.an],[tʰa.hjʌp̚.an]
타협이 비극이니까 이,7,[tʰa.hjʌp̚.i.pi.kɯk̚.i.ni.k͈a.i],[tʰa.hjʌp̚.i.bi.gɯk̚.i.ni.k͈a.i]
타협이 비극이니까,7,[tʰa.hjʌp̚.i.pi.kɯk̚.i.ni.k͈a],[tʰa.hjʌp̚.i.bi.gɯk̚.i.ni.k͈a]
타협이네요 그런 말,7,[tʰa.hjʌp̚.i.ne.jo.kɯ.ɾʌn.mal],[tʰa.hjʌp̚.i.ne.jo.gɯ.ɾʌn.mal]
타협이네요 그런 말 말아요,7,[tʰa.hjʌp̚.i.ne.jo.kɯ.ɾʌn.mal.mal.a.jo],[tʰa.hjʌp̚.i.ne.jo.gɯ.ɾʌn.mal.mal.a.jo]
타협이네요 그런,7,[tʰa.hjʌp̚.i.ne.jo.kɯ.ɾʌn],[tʰa.hjʌp̚.i.ne.jo.gɯ.ɾʌn]
타협을 해야,7,[tʰa.hjʌp̚.ɯl.hɛ.ja],[tʰa.hjʌp̚.ɯl.hɛ.ja]
받아 보는,7,[pat̚.a.po.nɯn],[bat̚.a.bo.nɯn]
타협해야 할,7,[tʰa.hjʌp̚.hɛ.ja.hal],[tʰa.hjʌp̚.hɛ.ja.hal]
on Saturday,7,,
탁 구르며,7,[tʰak̚.ku.ɾɯ.mjʌ],[tʰak̚.gu.ɾɯ.mjʌ]
남자가 둘,7,[nan.tʃa.ka.tul],[nan.tʃa.ga.dul]
갈래 집에,7,[kal.ɾɛ.tʃip̚.e],[gal.ɾɛ.dʒip̚.e]
남자가 둘이나,7,[nan.tʃa.ka.tul.i.na],[nan.tʃa.ga.dul.i.na]
탁 내리친다,7,[tʰak̚.nɛ.ɾi.tʃʰin.ta],[tʰak̚.nɛ.ɾi.tʃʰin.ta]
남자가 들어왔어,7,[nan.tʃa.ka.tɯl.ʌ.wat̚.ʌ],[nan.tʃa.ga.dɯl.ʌ.wat̚.ʌ]
남자가 들어와서,7,[nan.tʃa.ka.tɯl.ʌ.wa.sʌ],[nan.tʃa.ga.dɯl.ʌ.wa.sʌ]
탁 선다,7,[tʰak̚.sʌn.ta],[tʰak̚.sʌn.ta]
탁 소리가,7,[tʰak̚.so.ɾi.ka],[tʰak̚.so.ɾi.ga]
받아 봐요,7,[pat̚.a.pwa.jo],[bat̚.a.bwa.jo]
탁 연다,7,[tʰak̚.jʌn.ta],[tʰak̚.jʌn.ta]
탁 집어,7,[tʰak̚.tʃip̚.ʌ],[tʰak̚.dʒip̚.ʌ]
이 택시에,7,[i.tʰɛk̚.si.e],[i.tʰɛk̚.si.e]
갈래요 내가,7,[kal.ɾɛ.jo.nɛ.ka],[gal.ɾɛ.jo.nɛ.ga]
탁월한 선택,7,[tʰak̚.wʌl.han.sʌn.tʰɛk̚],[tʰak̚.wʌl.han.sʌn.tʰɛk̚]
탁자 위로,7,[tʰak̚.tʃa.wi.ɾo],[tʰak̚.tʃa.wi.ɾo]
탁자 위에 있는,7,[tʰak̚.tʃa.wi.e.it̚.nɯn],[tʰak̚.tʃa.wi.e.it̚.nɯn]
탁자를 탁탁,7,[tʰak̚.tʃa.ɾɯl.tʰak̚.tʰak̚],[tʰak̚.tʃa.ɾɯl.tʰak̚.tʰak̚]
탁자를 탁 치며,7,[tʰak̚.tʃa.ɾɯl.tʰak̚.tʃʰi.mjʌ],[tʰak̚.tʃa.ɾɯl.tʰak̚.tʃʰi.mjʌ]
탁자에 올려,7,[tʰak̚.tʃa.e.ol.ɾjʌ],[tʰak̚.tʃa.e.ol.ɾjʌ]
탁자에서 내려와,7,[tʰak̚.tʃa.e.sʌ.nɛ.ɾjʌ.wa],[tʰak̚.tʃa.e.sʌ.nɛ.ɾjʌ.wa]
탁자에 앉아,7,[tʰak̚.tʃa.e.an.a],[tʰak̚.tʃa.e.an.a]
받아 오죠,7,[pat̚.a.o.tʃjo],[bat̚.a.o.dʒjo]
탁탁 소리,7,[tʰak̚.tʰak̚.so.ɾi],[tʰak̚.tʰak̚.so.ɾi]
탁탁 정리한다,7,[tʰak̚.tʰak̚.tʃʌŋ.ɾi.han.ta],[tʰak̚.tʰak̚.dʒʌŋ.ɾi.han.ta]
받아 왔고,7,[pat̚.a.wat̚.ko],[bat̚.a.wat̚.ko]
이 터무니 없는,7,[i.tʰʌ.mu.ni.ʌp̚.nɯn],[i.tʰʌ.mu.ni.ʌp̚.nɯn]
이 터무니,7,[i.tʰʌ.mu.ni],[i.tʰʌ.mu.ni]
탄 기차가,7,[tʰaŋ.ki.tʃʰa.ka],[tʰan.gi.tʃʰa.ga]
탄 남자를,7,[tʰan.nan.tʃa.ɾɯl],[tʰan.nan.tʃa.ɾɯl]
고립된 채,7,[ko.ɾip̚.twen.tʃʰɛ],[go.ɾip̚.twen.tʃʰɛ]
탄 사람들,7,[tʰan.sa.ɾan.tɯl],[tʰan.sa.ɾan.tɯl]
탄 차를,7,[tʰan.tʃʰa.ɾɯl],[tʰan.tʃʰa.ɾɯl]
탄 차는,7,[tʰan.tʃʰa.nɯn],[tʰan.tʃʰa.nɯn]
고마 쌔리,7,[ko.ma.s͈ɛ.ɾi],[go.ma.s͈ɛ.ɾi]
탄도 검사 결과,7,[tʰan.to.kʌm.sa.kjʌl.kwa],[tʰan.to.gʌm.sa.gjʌl.kwa]
고마운 걸,7,[ko.ma.uŋ.kʌl],[go.ma.un.gʌl]
탄도 보고서,7,[tʰan.to.po.ko.sʌ],[tʰan.to.bo.go.sʌ]
받아 주마,7,[pat̚.a.tʃu.ma],[bat̚.a.dʒu.ma]
고마운 말씀이지만,7,[ko.ma.un.mal.s͈ɯm.i.tʃi.man],[go.ma.un.mal.s͈ɯm.i.dʒi.man]
탄소 기반,7,[tʰan.so.ki.pan],[tʰan.so.gi.ban]
남자가 아니라면,7,[nan.tʃa.ka.a.ni.ɾa.mjʌn],[nan.tʃa.ga.a.ni.ɾa.mjʌn]
남자가 아니었어,7,[nan.tʃa.ka.a.ni.ʌt̚.ʌ],[nan.tʃa.ga.a.ni.ʌt̚.ʌ]
탄창 하나,7,[tʰan.tʃʰaŋ.ha.na],[tʰan.tʃʰaŋ.ha.na]
탈 거,7,[tʰal.kʌ],[tʰal.gʌ]
받아 줬지,7,[pat̚.a.tʃwʌt̚.tʃi],[bat̚.a.dʒwʌt̚.tʃi]
광고를 낸,7,[kwaŋ.ko.ɾɯl.lɛn],[gwaŋ.go.ɾɯl.lɛn]
탈 수 있겠어,7,[tʰal.su.it̚.ket̚.ʌ],[tʰal.su.it̚.ket̚.ʌ]
탈 수 있을까,7,[tʰal.su.it̚.ɯl.k͈a],[tʰal.su.it̚.ɯl.k͈a]
고마운 줄 모르는,7,[ko.ma.un.tʃul.mo.ɾɯ.nɯn],[go.ma.un.dʒul.mo.ɾɯ.nɯn]
받아드릴 수,7,[pat̚.a.tɯ.ɾil.su],[bat̚.a.dɯ.ɾil.su]
받아들여 난,7,[pat̚.a.tɯl.jʌ.nan],[bat̚.a.dɯl.jʌ.nan]
탈 준비,7,[tʰal.tʃum.pi],[tʰal.dʒum.pi]
탈 준비해,7,[tʰal.tʃum.pi.hɛ],[tʰal.dʒum.pi.hɛ]
받아들여 너 만큼 빈정대면서,7,[pat̚.a.tɯl.jʌ.nʌ.maŋ.kʰɯm.pin.tʃʌŋ.tɛ.mjʌn.sʌ],[bat̚.a.dɯl.jʌ.nʌ.maŋ.kʰɯm.bin.tʃʌŋ.dɛ.mjʌn.sʌ]
받아들여 너 만큼,7,[pat̚.a.tɯl.jʌ.nʌ.maŋ.kʰɯm],[bat̚.a.dɯl.jʌ.nʌ.maŋ.kʰɯm]
받아들여 안,7,[pat̚.a.tɯl.jʌ.an],[bat̚.a.dɯl.jʌ.an]
탈리 경,7,[tʰal.ɾi.kjʌŋ],[tʰal.ɾi.gjʌŋ]
내가 이래 봬도,7,[nɛ.ka.i.ɾɛ.pwɛ.to],[nɛ.ga.i.ɾɛ.bwɛ.do]
탈리아 알,7,[tʰal.ɾi.a.al],[tʰal.ɾi.a.al]
탈출 경로가,7,[tʰal.tʃʰul.kjʌŋ.ɾo.ka],[tʰal.tʃʰul.gjʌŋ.ɾo.ga]
고마운데 나,7,[ko.ma.un.te.na],[go.ma.un.te.na]
탈출 지점은,7,[tʰal.tʃʰul.tʃi.tʃʌm.ɯn],[tʰal.tʃʰul.dʒi.dʒʌm.ɯn]
고마운데 내가,7,[ko.ma.un.te.nɛ.ka],[go.ma.un.te.nɛ.ga]
탈출엔 늘,7,[tʰal.tʃʰul.en.nɯl],[tʰal.tʃʰul.en.nɯl]
탈출엔 늘 두,7,[tʰal.tʃʰul.en.nɯl.tu],[tʰal.tʃʰul.en.nɯl.du]
탈출엔 늘 두 명이,7,[tʰal.tʃʰul.en.nɯl.tu.mjʌŋ.i],[tʰal.tʃʰul.en.nɯl.du.mjʌŋ.i]
탈출을 위해,7,[tʰal.tʃʰul.ɯl.wi.hɛ],[tʰal.tʃʰul.ɯl.wi.hɛ]
탈출하기 위해서,7,[tʰal.tʃʰul.ha.ki.wi.hɛ.sʌ],[tʰal.tʃʰul.ha.gi.wi.hɛ.sʌ]
탈출하는 건,7,[tʰal.tʃʰul.ha.nɯŋ.kʌn],[tʰal.tʃʰul.ha.nɯn.gʌn]
받아들이고 싶지,7,[pat̚.a.tɯl.i.ko.sip̚.tʃi],[bat̚.a.dɯl.i.go.sip̚.tʃi]
고마운데 지금,7,[ko.ma.un.te.tʃi.kɯm],[go.ma.un.te.dʒi.gɯm]
받아들이기 힘드네요,7,[pat̚.a.tɯl.i.ki.hin.tɯ.ne.jo],[bat̚.a.dɯl.i.gi.hin.tɯ.ne.jo]
탈출한 적이,7,[tʰal.tʃʰul.han.tʃʌk̚.i],[tʰal.tʃʰul.han.dʒʌk̚.i]
갈만한 곳을,7,[kal.man.haŋ.kot̚.ɯl],[gal.man.han.got̚.ɯl]
탈출할 수 있도록,7,[tʰal.tʃʰul.hal.su.it̚.to.ɾok̚],[tʰal.tʃʰul.hal.su.it̚.to.ɾok̚]
탈출할 수 있다,7,[tʰal.tʃʰul.hal.su.it̚.ta],[tʰal.tʃʰul.hal.su.it̚.ta]
받아들이기 힘들죠,7,[pat̚.a.tɯl.i.ki.hin.tɯl.tʃjo],[bat̚.a.dɯl.i.gi.hin.tɯl.tʃjo]
갈망하게 만드는,7,[kal.maŋ.ha.ke.man.tɯ.nɯn],[gal.maŋ.ha.ge.man.tɯ.nɯn]
받아들이기로 했어,7,[pat̚.a.tɯl.i.ki.ɾo.hɛt̚.ʌ],[bat̚.a.dɯl.i.gi.ɾo.hɛt̚.ʌ]
받아들이기엔 뭐가 문제야,7,[pat̚.a.tɯl.i.ki.en.mwʌ.ka.mun.tʃe.ja],[bat̚.a.dɯl.i.gi.en.mwʌ.ga.mun.tʃe.ja]
탐사 계획,7,[tʰam.sa.kje.hwek̚],[tʰam.sa.gje.hwek̚]
탐사 보도,7,[tʰam.sa.po.to],[tʰam.sa.bo.do]
받아들이기엔 뭐가,7,[pat̚.a.tɯl.i.ki.en.mwʌ.ka],[bat̚.a.dɯl.i.gi.en.mwʌ.ga]
Bettinoi Craxi,7,,
고마울 데가,7,[ko.ma.ul.te.ka],[go.ma.ul.de.ga]
받아들이는 데 시간이,7,[pat̚.a.tɯl.i.nɯn.te.si.kan.i],[bat̚.a.dɯl.i.nɯn.de.si.gan.i]
on a case,7,,
탐정이 되고,7,[tʰan.tʃʌŋ.i.twe.ko],[tʰan.tʃʌŋ.i.dwe.go]
때문에 늦었어요,7,[t͈ɛ.mun.e.nɯt̚.ʌt̚.ʌ.jo],[t͈ɛ.mun.e.nɯt̚.ʌt̚.ʌ.jo]
해 보인다,7,[hɛ.po.in.ta],[hɛ.bo.in.ta]
받아들이도록 해,7,[pat̚.a.tɯl.i.to.ɾok̚.hɛ],[bat̚.a.dɯl.i.do.ɾok̚.hɛ]
받아들이면 돼,7,[pat̚.a.tɯl.i.mjʌn.twɛ],[bat̚.a.dɯl.i.mjʌn.dwɛ]
받아들이셔야 해요,7,[pat̚.a.tɯl.i.sjʌ.ja.hɛ.jo],[bat̚.a.dɯl.i.sjʌ.ja.hɛ.jo]
남자가 있었다는,7,[nan.tʃa.ka.it̚.ʌt̚.ta.nɯn],[nan.tʃa.ga.it̚.ʌt̚.ta.nɯn]
남자가 있었죠,7,[nan.tʃa.ka.it̚.ʌt̚.tʃjo],[nan.tʃa.ga.it̚.ʌt̚.tʃjo]
고마워 가끔,7,[ko.ma.wʌ.ka.k͈ɯm],[go.ma.wʌ.ga.k͈ɯm]
해 볼 수 있을,7,[hɛ.pol.su.it̚.ɯl],[hɛ.bol.su.it̚.ɯl]
탑 안에,7,[tʰap̚.an.e],[tʰap̚.an.e]
남자가 있었지,7,[nan.tʃa.ka.it̚.ʌt̚.tʃi],[nan.tʃa.ga.it̚.ʌt̚.tʃi]
해 볼게 안 돼,7,[hɛ.pol.ke.an.twɛ],[hɛ.bol.ke.an.dwɛ]
받아들이지 못했어요,7,[pat̚.a.tɯl.i.tʃi.mot̚.hɛt̚.ʌ.jo],[bat̚.a.dɯl.i.dʒi.mot̚.hɛt̚.ʌ.jo]
탑승하기 전에,7,[tʰap̚.sɯŋ.ha.ki.tʃʌn.e],[tʰap̚.sɯŋ.ha.gi.dʒʌn.e]
탑재돼 있어요,7,[tʰap̚.tʃɛ.twɛ.it̚.ʌ.jo],[tʰap̚.tʃɛ.dwɛ.it̚.ʌ.jo]
받아들이지 않소,7,[pat̚.a.tɯl.i.tʃi.an.so],[bat̚.a.dɯl.i.dʒi.an.so]
받아들이지 않아서,7,[pat̚.a.tɯl.i.tʃi.an.a.sʌ],[bat̚.a.dɯl.i.dʒi.an.a.sʌ]
받아들이지 않았어요,7,[pat̚.a.tɯl.i.tʃi.an.at̚.ʌ.jo],[bat̚.a.dɯl.i.dʒi.an.at̚.ʌ.jo]
고마워 갑자기,7,[ko.ma.wʌ.kap̚.tʃa.ki],[go.ma.wʌ.gap̚.tʃa.gi]
탓만 할,7,[tʰat̚.man.hal],[tʰat̚.man.hal]
탓으로 돌렸죠,7,[tʰat̚.ɯ.ɾo.tol.ɾjʌt̚.tʃjo],[tʰat̚.ɯ.ɾo.dol.ɾjʌt̚.tʃjo]
탓으로 돌리면,7,[tʰat̚.ɯ.ɾo.tol.ɾi.mjʌn],[tʰat̚.ɯ.ɾo.dol.ɾi.mjʌn]
고마워 거기서,7,[ko.ma.wʌ.kʌ.ki.sʌ],[go.ma.wʌ.gʌ.gi.sʌ]
고마워 거기,7,[ko.ma.wʌ.kʌ.ki],[go.ma.wʌ.gʌ.gi]
받아들이진 마,7,[pat̚.a.tɯl.i.tʃin.ma],[bat̚.a.dɯl.i.dʒin.ma]
받아들이진 마세요,7,[pat̚.a.tɯl.i.tʃin.ma.se.jo],[bat̚.a.dɯl.i.dʒin.ma.se.jo]
남자가 제일,7,[nan.tʃa.ka.tʃe.il],[nan.tʃa.ga.dʒe.il]
탓은 아니지만,7,[tʰat̚.ɯn.a.ni.tʃi.man],[tʰat̚.ɯn.a.ni.dʒi.man]
받아들이진 않을,7,[pat̚.a.tɯl.i.tʃin.an.ɯl],[bat̚.a.dɯl.i.dʒin.an.ɯl]
해 봐 아니,7,[hɛ.pwa.a.ni],[hɛ.bwa.a.ni]
받아들인 거죠,7,[pat̚.a.tɯl.iŋ.kʌ.tʃjo],[bat̚.a.dɯl.in.gʌ.dʒjo]
탓을 하는 게,7,[tʰat̚.ɯl.ha.nɯŋ.ke],[tʰat̚.ɯl.ha.nɯn.ge]
고마워 걱정,7,[ko.ma.wʌ.kʌk̚.tʃʌŋ],[go.ma.wʌ.gʌk̚.tʃʌŋ]
탓을 했어,7,[tʰat̚.ɯl.hɛt̚.ʌ],[tʰat̚.ɯl.hɛt̚.ʌ]
남자가 좋은,7,[nan.tʃa.ka.tʃot̚.ɯn],[nan.tʃa.ga.dʒot̚.ɯn]
탓이 아니지,7,[tʰat̚.i.a.ni.tʃi],[tʰat̚.i.a.ni.dʒi]
탓이라고 생각해요,7,[tʰat̚.i.ɾa.ko.sɛŋ.kak̚.hɛ.jo],[tʰat̚.i.ɾa.go.sɛŋ.gak̚.hɛ.jo]
탓이라는 거예요,7,[tʰat̚.i.ɾa.nɯŋ.kʌ.je.jo],[tʰat̚.i.ɾa.nɯn.gʌ.je.jo]
받아들일 것 같아,7,[pat̚.a.tɯl.il.kʌt̚.kat̚.a],[bat̚.a.dɯl.il.gʌt̚.gat̚.a]
받아들일 것입니다,7,[pat̚.a.tɯl.il.kʌt̚.ip̚.ni.ta],[bat̚.a.dɯl.il.gʌt̚.ip̚.ni.da]
탓이야 넌,7,[tʰat̚.i.ja.nʌn],[tʰat̚.i.ja.nʌn]
받아들일 수 밖에,7,[pat̚.a.tɯl.il.su.pak̚.e],[bat̚.a.dɯl.il.su.bak̚.e]
해 봐 여보세요,7,[hɛ.pwa.jʌ.po.se.jo],[hɛ.bwa.jʌ.bo.se.jo]
탓인 줄,7,[tʰat̚.in.tʃul],[tʰat̚.in.dʒul]
탓하는 것,7,[tʰat̚.ha.nɯŋ.kʌt̚],[tʰat̚.ha.nɯn.gʌt̚]
탓하는 게 아니라,7,[tʰat̚.ha.nɯŋ.ke.a.ni.ɾa],[tʰat̚.ha.nɯn.ge.a.ni.ɾa]
남자가 차에서,7,[nan.tʃa.ka.tʃʰa.e.sʌ],[nan.tʃa.ga.tʃʰa.e.sʌ]
고마워 고마워할,7,[ko.ma.wʌ.ko.ma.wʌ.hal],[go.ma.wʌ.go.ma.wʌ.hal]
해 봐 이제,7,[hɛ.pwa.i.tʃe],[hɛ.bwa.i.dʒe]
탓할 생각,7,[tʰat̚.hal.sɛŋ.kak̚],[tʰat̚.hal.sɛŋ.gak̚]
탓할 사람을,7,[tʰat̚.hal.sa.ɾam.ɯl],[tʰat̚.hal.sa.ɾam.ɯl]
탓할 수 있나요,7,[tʰat̚.hal.su.it̚.na.jo],[tʰat̚.hal.su.it̚.na.jo]
탓할 순 없어,7,[tʰat̚.hal.sun.ʌp̚.ʌ],[tʰat̚.hal.sun.ʌp̚.ʌ]
탓할 순 없잖아,7,[tʰat̚.hal.sun.ʌp̚.tʃan.a],[tʰat̚.hal.sun.ʌp̚.tʃan.a]
탓할 순 없죠,7,[tʰat̚.hal.sun.ʌp̚.tʃjo],[tʰat̚.hal.sun.ʌp̚.tʃjo]
남자가 필요한,7,[nan.tʃa.ka.pʰil.jo.han],[nan.tʃa.ga.pʰil.jo.han]
탕 대표님,7,[tʰaŋ.tɛ.pʰjo.nim],[tʰaŋ.dɛ.pʰjo.nim]
받아서 내가,7,[pat̚.a.sʌ.nɛ.ka],[bat̚.a.sʌ.nɛ.ga]
탕아가 돌아왔군,7,[tʰaŋ.a.ka.tol.a.wat̚.kun],[tʰaŋ.a.ga.dol.a.wat̚.kun]
받아서 다,7,[pat̚.a.sʌ.ta],[bat̚.a.sʌ.da]
해 봐야겠네,7,[hɛ.pwa.ja.ket̚.ne],[hɛ.bwa.ja.get̚.ne]
남자가 할 수,7,[nan.tʃa.ka.hal.su],[nan.tʃa.ga.hal.su]
남자가 할 일을,7,[nan.tʃa.ka.hal.il.ɯl],[nan.tʃa.ga.hal.il.ɯl]
태그 취소해,7,[tʰɛ.kɯ.tʃʰwi.so.hɛ],[tʰɛ.gɯ.tʃʰwi.so.hɛ]
태너 볼트,7,[tʰɛ.nʌ.pol.tʰɯ],[tʰɛ.nʌ.bol.tʰɯ]
고마워 괜찮을 거야,7,[ko.ma.wʌ.kwɛn.tʃʰan.ɯl.kʌ.ja],[go.ma.wʌ.gwɛn.tʃʰan.ɯl.gʌ.ja]
걸 받은,7,[kʌl.pat̚.ɯn],[gʌl.bat̚.ɯn]
into desperate,7,,
받아야 겠어요,7,[pat̚.a.ja.ket̚.ʌ.jo],[bat̚.a.ja.get̚.ʌ.jo]
해 봐요 내가,7,[hɛ.pwa.jo.nɛ.ka],[hɛ.bwa.jo.nɛ.ga]
태도에 대해,7,[tʰɛ.to.e.tɛ.hɛ],[tʰɛ.do.e.dɛ.hɛ]
이 필사본과,7,[i.pʰil.sa.poŋ.kwa],[i.pʰil.sa.boŋ.kwa]
태묵의 거친 숨소리,7,[tʰɛ.muk̚.ɯi.kʌ.tʃʰin.sum.so.ɾi],[tʰɛ.muk̚.ɯi.gʌ.tʃʰin.sum.so.ɾi]
태블릿을 통해,7,[tʰɛ.pɯl.ɾit̚.ɯl.tʰoŋ.hɛ],[tʰɛ.bɯl.ɾit̚.ɯl.tʰoŋ.hɛ]
받아야 마땅하다,7,[pat̚.a.ja.ma.t͈aŋ.ha.ta],[bat̚.a.ja.ma.t͈aŋ.ha.da]
태세를 갖추다,7,[tʰɛ.se.ɾɯl.kat̚.tʃʰu.ta],[tʰɛ.se.ɾɯl.gat̚.tʃʰu.da]
태송이 형,7,[tʰɛ.soŋ.i.hjʌŋ],[tʰɛ.soŋ.i.hjʌŋ]
남자는 그럴,7,[nan.tʃa.nɯŋ.kɯ.ɾʌl],[nan.tʃa.nɯn.gɯ.ɾʌl]
태식의 짜증 섞인,7,[tʰɛ.sik̚.ɯi.tʃ͈a.tʃɯŋ.sʌk̚.in],[tʰɛ.sik̚.ɯi.tʃ͈a.dʒɯŋ.sʌk̚.in]
태식의 짜증,7,[tʰɛ.sik̚.ɯi.tʃ͈a.tʃɯŋ],[tʰɛ.sik̚.ɯi.tʃ͈a.dʒɯŋ]
태양 빛을,7,[tʰɛ.jam.pit̚.ɯl],[tʰɛ.jaŋ.bit̚.ɯl]
태양 전지를,7,[tʰɛ.jaŋ.tʃʌn.tʃi.ɾɯl],[tʰɛ.jaŋ.dʒʌn.tʃi.ɾɯl]
고마워 그것은,7,[ko.ma.wʌ.kɯ.kʌt̚.ɯn],[go.ma.wʌ.gɯ.gʌt̚.ɯn]
태양 플레어,7,[tʰɛ.jam.pʰɯl.ɾe.ʌ],[tʰɛ.jam.pʰɯl.ɾe.ʌ]
태양계 밖으로,7,[tʰɛ.jaŋ.kje.pak̚.ɯ.ɾo],[tʰɛ.jaŋ.gje.bak̚.ɯ.ɾo]
받아야 할 거야,7,[pat̚.a.ja.hal.kʌ.ja],[bat̚.a.ja.hal.gʌ.ja]
아닌 존재,7,[a.nin.tʃon.tʃɛ],[a.nin.dʒon.tʃɛ]
이 학교에선,7,[i.hak̚.kjo.e.sʌn],[i.hak̚.kjo.e.sʌn]
갈비뼈가 부러졌어,7,[kal.pi.p͈jʌ.ka.pu.ɾʌ.tʃjʌt̚.ʌ],[gal.pi.p͈jʌ.ga.bu.ɾʌ.dʒjʌt̚.ʌ]
고마워 그게 다야,7,[ko.ma.wʌ.kɯ.ke.ta.ja],[go.ma.wʌ.gɯ.ge.da.ja]
받아야 해 그,7,[pat̚.a.ja.hɛ.kɯ],[bat̚.a.ja.hɛ.gɯ]
태양을 보는,7,[tʰɛ.jaŋ.ɯl.po.nɯn],[tʰɛ.jaŋ.ɯl.bo.nɯn]
고마워 그녀는,7,[ko.ma.wʌ.kɯ.njʌ.nɯn],[go.ma.wʌ.gɯ.njʌ.nɯn]
태양이 날,7,[tʰɛ.jaŋ.i.nal],[tʰɛ.jaŋ.i.nal]
남자는 누가,7,[nan.tʃa.nɯn.nu.ka],[nan.tʃa.nɯn.nu.ga]
갈비뼈가 부러진,7,[kal.pi.p͈jʌ.ka.pu.ɾʌ.tʃin],[gal.pi.p͈jʌ.ga.bu.ɾʌ.dʒin]
흉터는 왜,7,[hjuŋ.tʰʌ.nɯn.wɛ],[hjuŋ.tʰʌ.nɯn.wɛ]
태어나 화요일에,7,[tʰɛ.ʌ.na.hwa.jo.il.e],[tʰɛ.ʌ.na.hwa.jo.il.e]
남자는 누구인가,7,[nan.tʃa.nɯn.nu.ku.iŋ.ka],[nan.tʃa.nɯn.nu.gu.iŋ.ka]
받아요 그리고,7,[pat̚.a.jo.kɯ.ɾi.ko],[bat̚.a.jo.gɯ.ɾi.go]
태어나기 전까지,7,[tʰɛ.ʌ.na.ki.tʃʌŋ.k͈a.tʃi],[tʰɛ.ʌ.na.gi.dʒʌŋ.k͈a.dʒi]
태어나는 건,7,[tʰɛ.ʌ.na.nɯŋ.kʌn],[tʰɛ.ʌ.na.nɯn.gʌn]
태어나는 걸 볼,7,[tʰɛ.ʌ.na.nɯŋ.kʌl.pol],[tʰɛ.ʌ.na.nɯn.gʌl.bol]
around the world,7,,
태어나는 순간부터,7,[tʰɛ.ʌ.na.nɯn.suŋ.kam.pu.tʰʌ],[tʰɛ.ʌ.na.nɯn.suŋ.kam.pu.tʰʌ]
태어나면 그,7,[tʰɛ.ʌ.na.mjʌŋ.kɯ],[tʰɛ.ʌ.na.mjʌn.gɯ]
남자는 당신,7,[nan.tʃa.nɯn.taŋ.sin],[nan.tʃa.nɯn.daŋ.sin]
태어나서 지금까지,7,[tʰɛ.ʌ.na.sʌ.tʃi.kɯm.k͈a.tʃi],[tʰɛ.ʌ.na.sʌ.dʒi.gɯm.k͈a.dʒi]
받아요 정말,7,[pat̚.a.jo.tʃʌŋ.mal],[bat̚.a.jo.dʒʌŋ.mal]
이 핵폭탄들을 가져온 이유는,7,[i.hɛk̚.pʰok̚.tʰan.tɯl.ɯl.ka.tʃjʌ.on.i.ju.nɯn],[i.hɛk̚.pʰok̚.tʰan.tɯl.ɯl.ga.dʒjʌ.on.i.ju.nɯn]
남자는 많아,7,[nan.tʃa.nɯn.man.a],[nan.tʃa.nɯn.man.a]
태어나지 않았어요,7,[tʰɛ.ʌ.na.tʃi.an.at̚.ʌ.jo],[tʰɛ.ʌ.na.dʒi.an.at̚.ʌ.jo]
해 수업,7,[hɛ.su.ʌp̚],[hɛ.su.ʌp̚]
태어난 것도 아니고,7,[tʰɛ.ʌ.naŋ.kʌt̚.to.a.ni.ko],[tʰɛ.ʌ.nan.gʌt̚.to.a.ni.go]
받아준 건,7,[pat̚.a.tʃuŋ.kʌn],[bat̚.a.dʒun.gʌn]
흉터가 있었어요,7,[hjuŋ.tʰʌ.ka.it̚.ʌt̚.ʌ.jo],[hjuŋ.tʰʌ.ga.it̚.ʌt̚.ʌ.jo]
남자는 뭐,7,[nan.tʃa.nɯn.mwʌ],[nan.tʃa.nɯn.mwʌ]
태어난 곳에서,7,[tʰɛ.ʌ.naŋ.kot̚.e.sʌ],[tʰɛ.ʌ.nan.got̚.e.sʌ]
받아줄 수 있어,7,[pat̚.a.tʃul.su.it̚.ʌ],[bat̚.a.dʒul.su.it̚.ʌ]
태어난 곳이야,7,[tʰɛ.ʌ.naŋ.kot̚.i.ja],[tʰɛ.ʌ.nan.got̚.i.ja]
태어난 곳이지,7,[tʰɛ.ʌ.naŋ.kot̚.i.tʃi],[tʰɛ.ʌ.nan.got̚.i.dʒi]
태어난 날에,7,[tʰɛ.ʌ.nan.nal.e],[tʰɛ.ʌ.nan.nal.e]
남자는 본,7,[nan.tʃa.nɯm.pon],[nan.tʃa.nɯn.bon]
태어난 아기,7,[tʰɛ.ʌ.nan.a.ki],[tʰɛ.ʌ.nan.a.gi]
받았기 때문이야,7,[pat̚.at̚.ki.t͈ɛ.mun.i.ja],[bat̚.at̚.ki.t͈ɛ.mun.i.ja]
태어난 지 얼마,7,[tʰɛ.ʌ.nan.tʃi.ʌl.ma],[tʰɛ.ʌ.nan.dʒi.ʌl.ma]
태어난 후로,7,[tʰɛ.ʌ.nan.hu.ɾo],[tʰɛ.ʌ.nan.hu.ɾo]
남자는 아마,7,[nan.tʃa.nɯn.a.ma],[nan.tʃa.nɯn.a.ma]
태어날 것이다,7,[tʰɛ.ʌ.nal.kʌt̚.i.ta],[tʰɛ.ʌ.nal.gʌt̚.i.da]
흐려지고 있어,7,[hɯ.ɾjʌ.tʃi.ko.it̚.ʌ],[hɯ.ɾjʌ.dʒi.go.it̚.ʌ]
태어날 땐,7,[tʰɛ.ʌ.nal.t͈ɛn],[tʰɛ.ʌ.nal.t͈ɛn]
around to,7,,
받았는지 알려줘요 인상,7,[pat̚.at̚.nɯn.tʃi.al.ɾjʌ.tʃwʌ.jo.in.saŋ],[bat̚.at̚.nɯn.tʃi.al.ɾjʌ.dʒwʌ.jo.in.saŋ]
받았는지 알려줘요 인상 깊은,7,[pat̚.at̚.nɯn.tʃi.al.ɾjʌ.tʃwʌ.jo.in.saŋ.kip̚.ɯn],[bat̚.at̚.nɯn.tʃi.al.ɾjʌ.dʒwʌ.jo.in.saŋ.gip̚.ɯn]
태어났다 어른들은,7,[tʰɛ.ʌ.nat̚.ta.ʌ.ɾɯn.tɯl.ɯn],[tʰɛ.ʌ.nat̚.ta.ʌ.ɾɯn.tɯl.ɯn]
받았는지 알아요,7,[pat̚.at̚.nɯn.tʃi.al.a.jo],[bat̚.at̚.nɯn.tʃi.al.a.jo]
보죠 정말,7,[po.tʃjo.tʃʌŋ.mal],[bo.dʒjo.dʒʌŋ.mal]
해 아니면 내가,7,[hɛ.a.ni.mjʌn.nɛ.ka],[hɛ.a.ni.mjʌn.nɛ.ga]
받았다 내가,7,[pat̚.at̚.ta.nɛ.ka],[bat̚.at̚.ta.nɛ.ga]
때문에 망칠 순 없어,7,[t͈ɛ.mun.e.maŋ.tʃʰil.sun.ʌp̚.ʌ],[t͈ɛ.mun.e.maŋ.tʃʰil.sun.ʌp̚.ʌ]
문제 없어 내가,7,[mun.tʃe.ʌp̚.ʌ.nɛ.ka],[mun.tʃe.ʌp̚.ʌ.nɛ.ga]
남자는 없었어,7,[nan.tʃa.nɯn.ʌp̚.ʌt̚.ʌ],[nan.tʃa.nɯn.ʌp̚.ʌt̚.ʌ]
받았다고 생각해,7,[pat̚.at̚.ta.ko.sɛŋ.kak̚.hɛ],[bat̚.at̚.ta.go.sɛŋ.gak̚.hɛ]
받았다고 하면,7,[pat̚.at̚.ta.ko.ha.mjʌn],[bat̚.at̚.ta.go.ha.mjʌn]
태운 거지,7,[tʰɛ.uŋ.kʌ.tʃi],[tʰɛ.un.gʌ.dʒi]
받았다고 해서,7,[pat̚.at̚.ta.ko.hɛ.sʌ],[bat̚.at̚.ta.go.hɛ.sʌ]
태운 채로,7,[tʰɛ.un.tʃʰɛ.ɾo],[tʰɛ.un.tʃʰɛ.ɾo]
남자는 오직,7,[nan.tʃa.nɯn.o.tʃik̚],[nan.tʃa.nɯn.o.dʒik̚]
태울 것이다,7,[tʰɛ.ul.kʌt̚.i.ta],[tʰɛ.ul.gʌt̚.i.da]
받았단 걸,7,[pat̚.at̚.taŋ.kʌl],[bat̚.at̚.tan.gʌl]
남자는 완전히,7,[nan.tʃa.nɯn.wan.tʃʌn.hi],[nan.tʃa.nɯn.wan.tʃʌn.hi]
태울 수는,7,[tʰɛ.ul.su.nɯn],[tʰɛ.ul.su.nɯn]
받았던 그 셔츠를,7,[pat̚.at̚.tʌŋ.kɯ.sjʌ.tʃʰɯ.ɾɯl],[bat̚.at̚.tʌn.gɯ.sjʌ.tʃʰɯ.ɾɯl]
남자는 우리가,7,[nan.tʃa.nɯn.u.ɾi.ka],[nan.tʃa.nɯn.u.ɾi.ga]
받았던 그 셔츠를 입으렴,7,[pat̚.at̚.tʌŋ.kɯ.sjʌ.tʃʰɯ.ɾɯl.ip̚.ɯ.ɾjʌm],[bat̚.at̚.tʌn.gɯ.sjʌ.tʃʰɯ.ɾɯl.ip̚.ɯ.ɾjʌm]
받았습니다 무슨,7,[pat̚.at̚.sɯp̚.ni.ta.mu.sɯn],[bat̚.at̚.sɯp̚.ni.da.mu.sɯn]
태워 주는,7,[tʰɛ.wʌ.tʃu.nɯn],[tʰɛ.wʌ.dʒu.nɯn]
태워 죽일,7,[tʰɛ.wʌ.tʃuk̚.il],[tʰɛ.wʌ.dʒuk̚.il]
태워 줄 수,7,[tʰɛ.wʌ.tʃul.su],[tʰɛ.wʌ.dʒul.su]
받았습니다 하지만,7,[pat̚.at̚.sɯp̚.ni.ta.ha.tʃi.man],[bat̚.at̚.sɯp̚.ni.da.ha.dʒi.man]
갈색 머리카락,7,[kal.sɛk̚.mʌ.ɾi.kʰa.ɾak̚],[gal.sɛk̚.mʌ.ɾi.kʰa.ɾak̚]
받았어 그건,7,[pat̚.at̚.ʌ.kɯ.kʌn],[bat̚.at̚.ʌ.gɯ.gʌn]
받았어 그냥,7,[pat̚.at̚.ʌ.kɯ.njaŋ],[bat̚.at̚.ʌ.gɯ.njaŋ]
고마워 나에게,7,[ko.ma.wʌ.na.e.ke],[go.ma.wʌ.na.e.ge]
태워다 주었다,7,[tʰɛ.wʌ.ta.tʃu.ʌt̚.ta],[tʰɛ.wʌ.da.dʒu.ʌt̚.ta]
받았어 그러니,7,[pat̚.at̚.ʌ.kɯ.ɾʌ.ni],[bat̚.at̚.ʌ.gɯ.ɾʌ.ni]
받았어 그럼,7,[pat̚.at̚.ʌ.kɯ.ɾʌm],[bat̚.at̚.ʌ.gɯ.ɾʌm]
남자는 전부,7,[nan.tʃa.nɯn.tʃʌm.pu],[nan.tʃa.nɯn.dʒʌm.pu]
남자는 전혀,7,[nan.tʃa.nɯn.tʃʌn.hjʌ],[nan.tʃa.nɯn.dʒʌn.hjʌ]
태웠다는 걸,7,[tʰɛ.wʌt̚.ta.nɯŋ.kʌl],[tʰɛ.wʌt̚.ta.nɯn.gʌl]
남자는 죽었다,7,[nan.tʃa.nɯn.tʃuk̚.ʌt̚.ta],[nan.tʃa.nɯn.dʒuk̚.ʌt̚.ta]
남자는 좀,7,[nan.tʃa.nɯn.tʃom],[nan.tʃa.nɯn.dʒom]
태초에 어둠이 있었고 대폭발이,7,[tʰɛ.tʃʰo.e.ʌ.tum.i.it̚.ʌt̚.ko.tɛ.pʰok̚.pal.i],[tʰɛ.tʃʰo.e.ʌ.dum.i.it̚.ʌt̚.ko.dɛ.pʰok̚.pal.i]
태초에 어둠이 있었고,7,[tʰɛ.tʃʰo.e.ʌ.tum.i.it̚.ʌt̚.ko],[tʰɛ.tʃʰo.e.ʌ.dum.i.it̚.ʌt̚.ko]
태평양 북서부,7,[tʰɛ.pʰjʌŋ.jam.puk̚.sʌ.pu],[tʰɛ.pʰjʌŋ.jaŋ.buk̚.sʌ.bu]
on at,7,,
받았어 이건,7,[pat̚.at̚.ʌ.i.kʌn],[bat̚.at̚.ʌ.i.gʌn]
택배 기사가,7,[tʰɛk̚.pɛ.ki.sa.ka],[tʰɛk̚.pɛ.gi.sa.ga]
해 약속할게,7,[hɛ.jak̚.sok̚.hal.ke],[hɛ.jak̚.sok̚.hal.ke]
택시 기사에게,7,[tʰɛk̚.si.ki.sa.e.ke],[tʰɛk̚.si.gi.sa.e.ge]
택시 뒷좌석에,7,[tʰɛk̚.si.twit̚.tʃwa.sʌk̚.e],[tʰɛk̚.si.dwit̚.tʃwa.sʌk̚.e]
택시 부를게,7,[tʰɛk̚.si.pu.ɾɯl.ke],[tʰɛk̚.si.bu.ɾɯl.ke]
택시 부를게요,7,[tʰɛk̚.si.pu.ɾɯl.ke.jo],[tʰɛk̚.si.bu.ɾɯl.ke.jo]
택시 불러드릴까요,7,[tʰɛk̚.si.pul.ɾʌ.tɯ.ɾil.k͈a.jo],[tʰɛk̚.si.bul.ɾʌ.dɯ.ɾil.k͈a.jo]
받았어요 그가,7,[pat̚.at̚.ʌ.jo.kɯ.ka],[bat̚.at̚.ʌ.jo.gɯ.ga]
택시 운전사를,7,[tʰɛk̚.si.un.tʃʌn.sa.ɾɯl],[tʰɛk̚.si.un.tʃʌn.sa.ɾɯl]
택시 운전을,7,[tʰɛk̚.si.un.tʃʌn.ɯl],[tʰɛk̚.si.un.tʃʌn.ɯl]
남자답게 굴라고,7,[nan.tʃa.tap̚.ke.kul.ɾa.ko],[nan.tʃa.dap̚.ke.gul.ɾa.go]
갈색 여우가,7,[kal.sɛk̚.jʌ.u.ka],[gal.sɛk̚.jʌ.u.ga]
택시 타고 가면,7,[tʰɛk̚.si.tʰa.ko.ka.mjʌn],[tʰɛk̚.si.tʰa.go.ga.mjʌn]
택시 타고 갈,7,[tʰɛk̚.si.tʰa.ko.kal],[tʰɛk̚.si.tʰa.go.gal]
택시 타고 왔어,7,[tʰɛk̚.si.tʰa.ko.wat̚.ʌ],[tʰɛk̚.si.tʰa.go.wat̚.ʌ]
택시 타고 집에,7,[tʰɛk̚.si.tʰa.ko.tʃip̚.e],[tʰɛk̚.si.tʰa.go.dʒip̚.e]
택시 한,7,[tʰɛk̚.si.han],[tʰɛk̚.si.han]
고마워 내가 뭘,7,[ko.ma.wʌ.nɛ.ka.mwʌl],[go.ma.wʌ.nɛ.ga.mwʌl]
Bettinoi Craxi 총리에게 갔어,7,[tʃʰoŋ.ɾi.e.ke.kat̚.ʌ],[tʃʰoŋ.ɾi.e.ge.gat̚.ʌ]
받았어요 여기,7,[pat̚.at̚.ʌ.jo.jʌ.ki],[bat̚.at̚.ʌ.jo.jʌ.gi]
택시를 잡아요,7,[tʰɛk̚.si.ɾɯl.tʃap̚.a.jo],[tʰɛk̚.si.ɾɯl.dʒap̚.a.jo]
택시를 탔어,7,[tʰɛk̚.si.ɾɯl.tʰat̚.ʌ],[tʰɛk̚.si.ɾɯl.tʰat̚.ʌ]
택시비 좀,7,[tʰɛk̚.si.pi.tʃom],[tʰɛk̚.si.bi.dʒom]
택시에 타서,7,[tʰɛk̚.si.e.tʰa.sʌ],[tʰɛk̚.si.e.tʰa.sʌ]
남자대 남자로,7,[nan.tʃa.tɛ.nan.tʃa.ɾo],[nan.tʃa.dɛ.nan.tʃa.ɾo]
남자도 같이,7,[nan.tʃa.to.kat̚.i],[nan.tʃa.do.gat̚.i]
택하는 건,7,[tʰɛk̚.ha.nɯŋ.kʌn],[tʰɛk̚.ha.nɯn.gʌn]
받았으면 좋겠는데,7,[pat̚.at̚.ɯ.mjʌn.tʃot̚.ket̚.nɯn.te],[bat̚.at̚.ɯ.mjʌn.dʒot̚.ket̚.nɯn.te]
받았으면 좋겠다,7,[pat̚.at̚.ɯ.mjʌn.tʃot̚.ket̚.ta],[bat̚.at̚.ɯ.mjʌn.dʒot̚.ket̚.ta]
택할 겁니다,7,[tʰɛk̚.hal.kʌp̚.ni.ta],[tʰɛk̚.hal.gʌp̚.ni.da]
택할 수도,7,[tʰɛk̚.hal.su.to],[tʰɛk̚.hal.su.do]
탠디 뉴턴,7,[tʰɛn.ti.nju.tʰʌn],[tʰɛn.ti.nju.tʰʌn]
탠디 뉴턴 마에브,7,[tʰɛn.ti.nju.tʰʌn.ma.e.pɯ],[tʰɛn.ti.nju.tʰʌn.ma.e.bɯ]
받았을 때는,7,[pat̚.at̚.ɯl.t͈ɛ.nɯn],[bat̚.at̚.ɯl.t͈ɛ.nɯn]
터너 소령을,7,[tʰʌ.nʌ.so.ɾjʌŋ.ɯl],[tʰʌ.nʌ.so.ɾjʌŋ.ɯl]
해 여기 있어,7,[hɛ.jʌ.ki.it̚.ʌ],[hɛ.jʌ.gi.it̚.ʌ]
터널에 대해,7,[tʰʌ.nʌl.e.tɛ.hɛ],[tʰʌ.nʌl.e.dɛ.hɛ]
남자들 앞에서,7,[nan.tʃa.tɯl.ap̚.e.sʌ],[nan.tʃa.dɯl.ap̚.e.sʌ]
흑인이 될,7,[hɯk̚.in.i.twel],[hɯk̚.in.i.dwel]
이 황당한,7,[i.hwaŋ.taŋ.han],[i.hwaŋ.daŋ.han]
터놓고 얘기할,7,[tʰʌ.not̚.ko.jɛ.ki.hal],[tʰʌ.not̚.ko.jɛ.gi.hal]
고마워 너의,7,[ko.ma.wʌ.nʌ.ɯi],[go.ma.wʌ.nʌ.ɯi]
터는 것도,7,[tʰʌ.nɯŋ.kʌt̚.to],[tʰʌ.nɯn.gʌt̚.to]
남자들도 있어,7,[nan.tʃa.tɯl.to.it̚.ʌ],[nan.tʃa.dɯl.to.it̚.ʌ]
받으러 간다,7,[pat̚.ɯ.ɾʌ.kan.ta],[bat̚.ɯ.ɾʌ.gan.ta]
갈수록 가관이네,7,[kal.su.ɾok̚.ka.kwan.i.ne],[gal.su.ɾok̚.ga.gwan.i.ne]
받으러 다닐,7,[pat̚.ɯ.ɾʌ.ta.nil],[bat̚.ɯ.ɾʌ.da.nil]
터벅터벅 발소리,7,[tʰʌ.pʌk̚.tʰʌ.pʌk̚.pal.so.ɾi],[tʰʌ.bʌk̚.tʰʌ.bʌk̚.bal.so.ɾi]
터져버릴 거야,7,[tʰʌ.tʃjʌ.pʌ.ɾil.kʌ.ja],[tʰʌ.dʒjʌ.bʌ.ɾil.gʌ.ja]
터져버릴 것,7,[tʰʌ.tʃjʌ.pʌ.ɾil.kʌt̚],[tʰʌ.dʒjʌ.bʌ.ɾil.gʌt̚]
남자들은 누구지,7,[nan.tʃa.tɯl.ɯn.nu.ku.tʃi],[nan.tʃa.dɯl.ɯn.nu.gu.dʒi]
터지기 일보,7,[tʰʌ.tʃi.ki.il.po],[tʰʌ.dʒi.gi.il.po]
받으려고 온,7,[pat̚.ɯ.ɾjʌ.ko.on],[bat̚.ɯ.ɾjʌ.go.on]
터지는 거지,7,[tʰʌ.tʃi.nɯŋ.kʌ.tʃi],[tʰʌ.dʒi.nɯn.gʌ.dʒi]
이 흰,7,[i.hɯin],[i.hɯin]
터지는 바람에,7,[tʰʌ.tʃi.nɯm.pa.ɾam.e],[tʰʌ.dʒi.nɯn.ba.ɾam.e]
arrived at,7,,
터지지 않아,7,[tʰʌ.tʃi.tʃi.an.a],[tʰʌ.dʒi.dʒi.an.a]
on each,7,,
터진 것도,7,[tʰʌ.tʃiŋ.kʌt̚.to],[tʰʌ.dʒin.gʌt̚.to]
터진 것 같아요,7,[tʰʌ.tʃiŋ.kʌt̚.kat̚.a.jo],[tʰʌ.dʒin.gʌt̚.gat̚.a.jo]
터질 것 같은,7,[tʰʌ.tʃil.kʌt̚.kat̚.ɯn],[tʰʌ.dʒil.gʌt̚.gat̚.ɯn]
받으면 되는,7,[pat̚.ɯ.mjʌn.twe.nɯn],[bat̚.ɯ.mjʌn.dwe.nɯn]
받으면 되잖아요,7,[pat̚.ɯ.mjʌn.twe.tʃan.a.jo],[bat̚.ɯ.mjʌn.dwe.dʒan.a.jo]
남자들은 이런,7,[nan.tʃa.tɯl.ɯn.i.ɾʌn],[nan.tʃa.dɯl.ɯn.i.ɾʌn]
터질 때마다,7,[tʰʌ.tʃil.t͈ɛ.ma.ta],[tʰʌ.dʒil.t͈ɛ.ma.da]
남자들은 전부,7,[nan.tʃa.tɯl.ɯn.tʃʌm.pu],[nan.tʃa.dɯl.ɯn.dʒʌm.pu]
터질거야 You,7,[tʰʌ.tʃil.kʌ.ja],[tʰʌ.dʒil.kʌ.ja]
남자들은 정말,7,[nan.tʃa.tɯl.ɯn.tʃʌŋ.mal],[nan.tʃa.dɯl.ɯn.dʒʌŋ.mal]
터질지 몰라요,7,[tʰʌ.tʃil.tʃi.mol.ɾa.jo],[tʰʌ.dʒil.tʃi.mol.ɾa.jo]
터질지 몰라,7,[tʰʌ.tʃil.tʃi.mol.ɾa],[tʰʌ.dʒil.tʃi.mol.ɾa]
이가 부누엘 감독을 사랑해요,7,[i.ka.pu.nu.el.kan.tok̚.ɯl.sa.ɾaŋ.hɛ.jo],[i.ga.bu.nu.el.gan.tok̚.ɯl.sa.ɾaŋ.hɛ.jo]
터치스크린 클릭,7,[tʰʌ.tʃʰi.sɯ.kʰɯ.ɾiŋ.kʰɯl.ɾik̚],[tʰʌ.tʃʰi.sɯ.kʰɯ.ɾiŋ.kʰɯl.ɾik̚]
이가 부누엘 감독을,7,[i.ka.pu.nu.el.kan.tok̚.ɯl],[i.ga.bu.nu.el.gan.tok̚.ɯl]
받으면 어떡해,7,[pat̚.ɯ.mjʌn.ʌ.t͈ʌk̚.hɛ],[bat̚.ɯ.mjʌn.ʌ.t͈ʌk̚.hɛ]
남자들을 많이,7,[nan.tʃa.tɯl.ɯl.man.i],[nan.tʃa.dɯl.ɯl.man.i]
터트리는 걸,7,[tʰʌ.tʰɯ.ɾi.nɯŋ.kʌl],[tʰʌ.tʰɯ.ɾi.nɯn.gʌl]
터트릴 거예요,7,[tʰʌ.tʰɯ.ɾil.kʌ.je.jo],[tʰʌ.tʰɯ.ɾil.gʌ.je.jo]
받으면 우리가,7,[pat̚.ɯ.mjʌn.u.ɾi.ka],[bat̚.ɯ.mjʌn.u.ɾi.ga]
이가 부누엘,7,[i.ka.pu.nu.el],[i.ga.bu.nu.el]
받으면 이렇게,7,[pat̚.ɯ.mjʌn.i.ɾʌt̚.ke],[bat̚.ɯ.mjʌn.i.ɾʌt̚.ke]
터프해 보이지,7,[tʰʌ.pʰɯ.hɛ.po.i.tʃi],[tʰʌ.pʰɯ.hɛ.bo.i.dʒi]
턱 좀,7,[tʰʌk̚.tʃom],[tʰʌk̚.dʒom]
턱도 없지,7,[tʰʌk̚.to.ʌp̚.tʃi],[tʰʌk̚.to.ʌp̚.tʃi]
고마워 닥터,7,[ko.ma.wʌ.tak̚.tʰʌ],[go.ma.wʌ.dak̚.tʰʌ]
털 달린,7,[tʰʌl.tal.ɾin],[tʰʌl.dal.ɾin]
남자들이 널,7,[nan.tʃa.tɯl.i.nʌl],[nan.tʃa.dɯl.i.nʌl]
털 뭉치,7,[tʰʌl.muŋ.tʃʰi],[tʰʌl.muŋ.tʃʰi]
털 안,7,[tʰʌl.an],[tʰʌl.an]
털고 있는,7,[tʰʌl.ko.it̚.nɯn],[tʰʌl.ko.it̚.nɯn]
털고 있을,7,[tʰʌl.ko.it̚.ɯl],[tʰʌl.ko.it̚.ɯl]
My head,7,,
고마워 당연한,7,[ko.ma.wʌ.taŋ.jʌn.han],[go.ma.wʌ.daŋ.jʌn.han]
털썩 주저앉는다,7,[tʰʌl.s͈ʌk̚.tʃu.tʃʌ.an.nɯn.ta],[tʰʌl.s͈ʌk̚.dʒu.dʒʌ.an.nɯn.ta]
털어놓게 될,7,[tʰʌl.ʌ.not̚.ke.twel],[tʰʌl.ʌ.not̚.ke.dwel]
털어놓게 해,7,[tʰʌl.ʌ.not̚.ke.hɛ],[tʰʌl.ʌ.not̚.ke.hɛ]
받은 거 아니야,7,[pat̚.ɯŋ.kʌ.a.ni.ja],[bat̚.ɯn.gʌ.a.ni.ja]
털어놓는 게 좋을,7,[tʰʌl.ʌ.not̚.nɯŋ.ke.tʃot̚.ɯl],[tʰʌl.ʌ.not̚.nɯn.ge.dʒot̚.ɯl]
털어놓을 거예요,7,[tʰʌl.ʌ.not̚.ɯl.kʌ.je.jo],[tʰʌl.ʌ.not̚.ɯl.gʌ.je.jo]
받은 거고,7,[pat̚.ɯŋ.kʌ.ko],[bat̚.ɯn.gʌ.go]
남자라고 생각했어,7,[nan.tʃa.ɾa.ko.sɛŋ.kak̚.hɛt̚.ʌ],[nan.tʃa.ɾa.go.sɛŋ.gak̚.hɛt̚.ʌ]
털어서 먼지 안 나는,7,[tʰʌl.ʌ.sʌ.mʌn.tʃi.an.na.nɯn],[tʰʌl.ʌ.sʌ.mʌn.tʃi.an.na.nɯn]
털을 뽑고,7,[tʰʌl.ɯl.p͈op̚.ko],[tʰʌl.ɯl.p͈op̚.ko]
털이 난,7,[tʰʌl.i.nan],[tʰʌl.i.nan]
고마워 도와줘서,7,[ko.ma.wʌ.to.wa.tʃwʌ.sʌ],[go.ma.wʌ.do.wa.dʒwʌ.sʌ]
털이 없는,7,[tʰʌl.i.ʌp̚.nɯn],[tʰʌl.i.ʌp̚.nɯn]
털이 하나도,7,[tʰʌl.i.ha.na.to],[tʰʌl.i.ha.na.do]
받은 건지,7,[pat̚.ɯŋ.kʌn.tʃi],[bat̚.ɯn.gʌn.tʃi]
텅 비었는데,7,[tʰʌm.pi.ʌt̚.nɯn.te],[tʰʌŋ.bi.ʌt̚.nɯn.te]
흑인 문화,7,[hɯk̚.in.mun.hwa],[hɯk̚.in.mun.hwa]
텅 빈 거,7,[tʰʌm.piŋ.kʌ],[tʰʌŋ.bin.gʌ]
텅 빈 우주에서,7,[tʰʌm.pin.u.tʃu.e.sʌ],[tʰʌŋ.bin.u.dʒu.e.sʌ]
테고 그냥,7,[tʰe.ko.kɯ.njaŋ],[tʰe.go.gɯ.njaŋ]
받은 것 같은데,7,[pat̚.ɯŋ.kʌt̚.kat̚.ɯn.te],[bat̚.ɯn.gʌt̚.gat̚.ɯn.te]
테고 그렇지,7,[tʰe.ko.kɯ.ɾʌt̚.tʃi],[tʰe.go.gɯ.ɾʌt̚.tʃi]
남자랑 데이트,7,[nan.tʃa.ɾaŋ.te.i.tʰɯ],[nan.tʃa.ɾaŋ.de.i.tʰɯ]
테고 그리고,7,[tʰe.ko.kɯ.ɾi.ko],[tʰe.go.gɯ.ɾi.go]
테고 넌,7,[tʰe.ko.nʌn],[tʰe.go.nʌn]
받은 경찰이,7,[pat̚.ɯŋ.kjʌŋ.tʃʰal.i],[bat̚.ɯn.gjʌŋ.tʃʰal.i]
보지는 못했지만,7,[po.tʃi.nɯn.mot̚.hɛt̚.tʃi.man],[bo.dʒi.nɯn.mot̚.hɛt̚.tʃi.man]
테고 당신은,7,[tʰe.ko.taŋ.sin.ɯn],[tʰe.go.daŋ.sin.ɯn]
받은 기록이,7,[pat̚.ɯŋ.ki.ɾok̚.i],[bat̚.ɯn.gi.ɾok̚.i]
남자랑 뭘,7,[nan.tʃa.ɾaŋ.mwʌl],[nan.tʃa.ɾaŋ.mwʌl]
테고 우리는,7,[tʰe.ko.u.ɾi.nɯn],[tʰe.go.u.ɾi.nɯn]
테네시 주에,7,[tʰe.ne.si.tʃu.e],[tʰe.ne.si.dʒu.e]
테니 가만히,7,[tʰe.ni.ka.man.hi],[tʰe.ni.ga.man.hi]
고마워 또 보자,7,[ko.ma.wʌ.t͈o.po.tʃa],[go.ma.wʌ.t͈o.bo.dʒa]
받은 두,7,[pat̚.ɯn.tu],[bat̚.ɯn.du]
테니 고마워요,7,[tʰe.ni.ko.ma.wʌ.jo],[tʰe.ni.go.ma.wʌ.jo]
테니 괜찮아,7,[tʰe.ni.kwɛn.tʃʰan.a],[tʰe.ni.gwɛn.tʃʰan.a]
테니 그래,7,[tʰe.ni.kɯ.ɾɛ],[tʰe.ni.gɯ.ɾɛ]
고마워 마음,7,[ko.ma.wʌ.ma.ɯm],[go.ma.wʌ.ma.ɯm]
받은 선물을,7,[pat̚.ɯn.sʌn.mul.ɯl],[bat̚.ɯn.sʌn.mul.ɯl]
테니 나랑,7,[tʰe.ni.na.ɾaŋ],[tʰe.ni.na.ɾaŋ]
받은 셈,7,[pat̚.ɯn.sem],[bat̚.ɯn.sem]
고마워 마지막,7,[ko.ma.wʌ.ma.tʃi.mak̚],[go.ma.wʌ.ma.dʒi.mak̚]
남자랑 할,7,[nan.tʃa.ɾaŋ.hal],[nan.tʃa.ɾaŋ.hal]
All good,7,,
테니 당연히,7,[tʰe.ni.taŋ.jʌn.hi],[tʰe.ni.daŋ.jʌn.hi]
테니 마음대로,7,[tʰe.ni.ma.ɯn.tɛ.ɾo],[tʰe.ni.ma.ɯn.tɛ.ɾo]
테니 말,7,[tʰe.ni.mal],[tʰe.ni.mal]
테니 바로,7,[tʰe.ni.pa.ɾo],[tʰe.ni.ba.ɾo]
갈아입고 와서,7,[kal.a.ip̚.ko.wa.sʌ],[gal.a.ip̚.ko.wa.sʌ]
받은 적이 있습니까,7,[pat̚.ɯn.tʃʌk̚.i.it̚.sɯp̚.ni.k͈a],[bat̚.ɯn.dʒʌk̚.i.it̚.sɯp̚.ni.k͈a]
테니 생각해,7,[tʰe.ni.sɛŋ.kak̚.hɛ],[tʰe.ni.sɛŋ.gak̚.hɛ]
테니 아무도,7,[tʰe.ni.a.mu.to],[tʰe.ni.a.mu.do]
이거 너희,7,[i.kʌ.nʌ.hɯi],[i.gʌ.nʌ.hɯi]
받은 최고의,7,[pat̚.ɯn.tʃʰwe.ko.ɯi],[bat̚.ɯn.tʃʰwe.go.ɯi]
테니 안심해요,7,[tʰe.ni.an.sim.hɛ.jo],[tʰe.ni.an.sim.hɛ.jo]
받은 편지를,7,[pat̚.ɯm.pʰjʌn.tʃi.ɾɯl],[bat̚.ɯm.pʰjʌn.tʃi.ɾɯl]
테니 알았어,7,[tʰe.ni.al.at̚.ʌ],[tʰe.ni.al.at̚.ʌ]
테니 얘기 좀,7,[tʰe.ni.jɛ.ki.tʃom],[tʰe.ni.jɛ.gi.dʒom]
테니 어디,7,[tʰe.ni.ʌ.ti],[tʰe.ni.ʌ.di]
남자를 다,7,[nan.tʃa.ɾɯl.ta],[nan.tʃa.ɾɯl.da]
테니 얼른,7,[tʰe.ni.ʌl.ɾɯn],[tʰe.ni.ʌl.ɾɯn]
갈아입고 있어,7,[kal.a.ip̚.ko.it̚.ʌ],[gal.a.ip̚.ko.it̚.ʌ]
남자를 데리고,7,[nan.tʃa.ɾɯl.te.ɾi.ko],[nan.tʃa.ɾɯl.de.ɾi.go]
테니 우선,7,[tʰe.ni.u.sʌn],[tʰe.ni.u.sʌn]
테니 이런,7,[tʰe.ni.i.ɾʌn],[tʰe.ni.i.ɾʌn]
남자를 때리고,7,[nan.tʃa.ɾɯl.t͈ɛ.ɾi.ko],[nan.tʃa.ɾɯl.t͈ɛ.ɾi.go]
받을 거야 난,7,[pat̚.ɯl.kʌ.ja.nan],[bat̚.ɯl.gʌ.ja.nan]
갔던 날 기억나,7,[kat̚.tʌn.nal.ki.ʌk̚.na],[gat̚.tʌn.nal.gi.ʌk̚.na]
남자를 만나게 될,7,[nan.tʃa.ɾɯl.man.na.ke.twel],[nan.tʃa.ɾɯl.man.na.ge.dwel]
테니 정신,7,[tʰe.ni.tʃʌŋ.sin],[tʰe.ni.dʒʌŋ.sin]
갈아입는 걸,7,[kal.a.ip̚.nɯŋ.kʌl],[gal.a.ip̚.nɯn.gʌl]
테니 진정해,7,[tʰe.ni.tʃin.tʃʌŋ.hɛ],[tʰe.ni.dʒin.tʃʌŋ.hɛ]
테니 짐,7,[tʰe.ni.tʃim],[tʰe.ni.dʒim]
남자를 만나러,7,[nan.tʃa.ɾɯl.man.na.ɾʌ],[nan.tʃa.ɾɯl.man.na.ɾʌ]
테니 집으로,7,[tʰe.ni.tʃip̚.ɯ.ɾo],[tʰe.ni.dʒip̚.ɯ.ɾo]
받을 것 같아요,7,[pat̚.ɯl.kʌt̚.kat̚.a.jo],[bat̚.ɯl.gʌt̚.gat̚.a.jo]
고마워 무슨 일이,7,[ko.ma.wʌ.mu.sɯn.il.i],[go.ma.wʌ.mu.sɯn.il.i]
해 재밌게,7,[hɛ.tʃɛ.mit̚.ke],[hɛ.dʒɛ.mit̚.ke]
받을 기회가,7,[pat̚.ɯl.ki.hwe.ka],[bat̚.ɯl.gi.hwe.ga]
받을 때가 있어요,7,[pat̚.ɯl.t͈ɛ.ka.it̚.ʌ.jo],[bat̚.ɯl.t͈ɛ.ga.it̚.ʌ.jo]
테니까 나랑,7,[tʰe.ni.k͈a.na.ɾaŋ],[tʰe.ni.k͈a.na.ɾaŋ]
갈아입을 시간이,7,[kal.a.ip̚.ɯl.si.kan.i],[gal.a.ip̚.ɯl.si.gan.i]
테니까 너랑,7,[tʰe.ni.k͈a.nʌ.ɾaŋ],[tʰe.ni.k͈a.nʌ.ɾaŋ]
테니까 너희,7,[tʰe.ni.k͈a.nʌ.hɯi],[tʰe.ni.k͈a.nʌ.hɯi]
해 전부 다,7,[hɛ.tʃʌm.pu.ta],[hɛ.dʒʌm.pu.da]
받을 사람을,7,[pat̚.ɯl.sa.ɾam.ɯl],[bat̚.ɯl.sa.ɾam.ɯl]
고마워 뭐 좀,7,[ko.ma.wʌ.mwʌ.tʃom],[go.ma.wʌ.mwʌ.dʒom]
테니까 당신도,7,[tʰe.ni.k͈a.taŋ.sin.to],[tʰe.ni.k͈a.daŋ.sin.to]
테니까 당신을,7,[tʰe.ni.k͈a.taŋ.sin.ɯl],[tʰe.ni.k͈a.daŋ.sin.ɯl]
테니까 두고 봐,7,[tʰe.ni.k͈a.tu.ko.pwa],[tʰe.ni.k͈a.du.go.bwa]
이거 느낌이 안,7,[i.kʌ.nɯ.k͈im.i.an],[i.gʌ.nɯ.k͈im.i.an]
받을 수 없다면,7,[pat̚.ɯl.su.ʌp̚.ta.mjʌn],[bat̚.ɯl.su.ʌp̚.ta.mjʌn]
on its way,7,,
테니까 마음,7,[tʰe.ni.k͈a.ma.ɯm],[tʰe.ni.k͈a.ma.ɯm]
고마워 뭐 하는 거야,7,[ko.ma.wʌ.mwʌ.ha.nɯŋ.kʌ.ja],[go.ma.wʌ.mwʌ.ha.nɯn.gʌ.ja]
테니까 말야,7,[tʰe.ni.k͈a.mal.ja],[tʰe.ni.k͈a.mal.ja]
남자를 사랑했어,7,[nan.tʃa.ɾɯl.sa.ɾaŋ.hɛt̚.ʌ],[nan.tʃa.ɾɯl.sa.ɾaŋ.hɛt̚.ʌ]
남자를 소개해,7,[nan.tʃa.ɾɯl.so.kɛ.hɛ],[nan.tʃa.ɾɯl.so.gɛ.hɛ]
테니까 물론,7,[tʰe.ni.k͈a.mul.ɾon],[tʰe.ni.k͈a.mul.ɾon]
받을 수 없을,7,[pat̚.ɯl.su.ʌp̚.ɯl],[bat̚.ɯl.su.ʌp̚.ɯl]
테니까 사실,7,[tʰe.ni.k͈a.sa.sil],[tʰe.ni.k͈a.sa.sil]
받을 수 있겠죠,7,[pat̚.ɯl.su.it̚.ket̚.tʃjo],[bat̚.ɯl.su.it̚.ket̚.tʃjo]
남자를 쐈어요,7,[nan.tʃa.ɾɯl.s͈wat̚.ʌ.jo],[nan.tʃa.ɾɯl.s͈wat̚.ʌ.jo]
테니까 아직도,7,[tʰe.ni.k͈a.a.tʃik̚.to],[tʰe.ni.k͈a.a.dʒik̚.to]
내가 네 나이일,7,[nɛ.ka.ne.na.i.il],[nɛ.ga.ne.na.i.il]
테니까 알겠지,7,[tʰe.ni.k͈a.al.ket̚.tʃi],[tʰe.ni.k͈a.al.ket̚.tʃi]
테니까 앞으로,7,[tʰe.ni.k͈a.ap̚.ɯ.ɾo],[tʰe.ni.k͈a.ap̚.ɯ.ɾo]
테니까 어떤,7,[tʰe.ni.k͈a.ʌ.t͈ʌn],[tʰe.ni.k͈a.ʌ.t͈ʌn]
테니까 얌전히,7,[tʰe.ni.k͈a.jan.tʃʌn.hi],[tʰe.ni.k͈a.jan.tʃʌn.hi]
보통 그런 일은,7,[po.tʰoŋ.kɯ.ɾʌn.il.ɯn],[bo.tʰoŋ.gɯ.ɾʌn.il.ɯn]
테니까 엘리오,7,[tʰe.ni.k͈a.el.ɾi.o],[tʰe.ni.k͈a.el.ɾi.o]
갈아입을게 아래층에서,7,[kal.a.ip̚.ɯl.ke.a.ɾɛ.tʃʰɯŋ.e.sʌ],[gal.a.ip̚.ɯl.ke.a.ɾɛ.tʃʰɯŋ.e.sʌ]
고마워 미안하지만,7,[ko.ma.wʌ.mi.an.ha.tʃi.man],[go.ma.wʌ.mi.an.ha.dʒi.man]
받을 수 있으니까요,7,[pat̚.ɯl.su.it̚.ɯ.ni.k͈a.jo],[bat̚.ɯl.su.it̚.ɯ.ni.k͈a.jo]
갈아입을게 아래층에서 보자,7,[kal.a.ip̚.ɯl.ke.a.ɾɛ.tʃʰɯŋ.e.sʌ.po.tʃa],[gal.a.ip̚.ɯl.ke.a.ɾɛ.tʃʰɯŋ.e.sʌ.bo.dʒa]
테니까 이렇게,7,[tʰe.ni.k͈a.i.ɾʌt̚.ke],[tʰe.ni.k͈a.i.ɾʌt̚.ke]
받을 수 있을 것,7,[pat̚.ɯl.su.it̚.ɯl.kʌt̚],[bat̚.ɯl.su.it̚.ɯl.gʌt̚]
남자를 원해,7,[nan.tʃa.ɾɯl.wʌn.hɛ],[nan.tʃa.ɾɯl.wʌn.hɛ]
테니까 잘 들어,7,[tʰe.ni.k͈a.tʃal.tɯl.ʌ],[tʰe.ni.k͈a.dʒal.dɯl.ʌ]
받을 수 있을까 해서요,7,[pat̚.ɯl.su.it̚.ɯl.k͈a.hɛ.sʌ.jo],[bat̚.ɯl.su.it̚.ɯl.k͈a.hɛ.sʌ.jo]
테니까 저녁,7,[tʰe.ni.k͈a.tʃʌ.njʌk̚],[tʰe.ni.k͈a.dʒʌ.njʌk̚]
테니까 조금만 기다려,7,[tʰe.ni.k͈a.tʃo.kɯm.maŋ.ki.ta.ɾjʌ],[tʰe.ni.k͈a.dʒo.gɯm.man.gi.da.ɾjʌ]
테니까 집,7,[tʰe.ni.k͈a.tʃip̚],[tʰe.ni.k͈a.dʒip̚]
갈아입을게 아래층에서 보자 응,7,[kal.a.ip̚.ɯl.ke.a.ɾɛ.tʃʰɯŋ.e.sʌ.po.tʃa.ɯŋ],[gal.a.ip̚.ɯl.ke.a.ɾɛ.tʃʰɯŋ.e.sʌ.bo.dʒa.ɯŋ]
테니까 하나,7,[tʰe.ni.k͈a.ha.na],[tʰe.ni.k͈a.ha.na]
테니까요 그래요,7,[tʰe.ni.k͈a.jo.kɯ.ɾɛ.jo],[tʰe.ni.k͈a.jo.gɯ.ɾɛ.jo]
받을 시간이다,7,[pat̚.ɯl.si.kan.i.ta],[bat̚.ɯl.si.gan.i.da]
해 주겠대,7,[hɛ.tʃu.ket̚.tɛ],[hɛ.dʒu.get̚.tɛ]
테니까요 그런,7,[tʰe.ni.k͈a.jo.kɯ.ɾʌn],[tʰe.ni.k͈a.jo.gɯ.ɾʌn]
테니까요 근데,7,[tʰe.ni.k͈a.jo.kɯn.te],[tʰe.ni.k͈a.jo.gɯn.te]
갈아타야 해,7,[kal.a.tʰa.ja.hɛ],[gal.a.tʰa.ja.hɛ]
남자를 좋아한다고,7,[nan.tʃa.ɾɯl.tʃot̚.a.han.ta.ko],[nan.tʃa.ɾɯl.dʒot̚.a.han.ta.go]
고마워 별 말씀을,7,[ko.ma.wʌ.pjʌl.mal.s͈ɯm.ɯl],[go.ma.wʌ.bjʌl.mal.s͈ɯm.ɯl]
남자를 좋아할,7,[nan.tʃa.ɾɯl.tʃot̚.a.hal],[nan.tʃa.ɾɯl.dʒot̚.a.hal]
테니까요 이제,7,[tʰe.ni.k͈a.jo.i.tʃe],[tʰe.ni.k͈a.jo.i.dʒe]
테니까요 이런,7,[tʰe.ni.k͈a.jo.i.ɾʌn],[tʰe.ni.k͈a.jo.i.ɾʌn]
갈증 나,7,[kal.tʃɯŋ.na],[gal.tʃɯŋ.na]
테니스 라켓,7,[tʰe.ni.sɯ.ɾa.kʰet̚],[tʰe.ni.sɯ.ɾa.kʰet̚]
받을 자격이 있는지,7,[pat̚.ɯl.tʃa.kjʌk̚.i.it̚.nɯn.tʃi],[bat̚.ɯl.dʒa.gjʌk̚.i.it̚.nɯn.tʃi]
감염이 멈춘,7,[kam.jʌm.i.mʌn.tʃʰun],[gam.jʌm.i.mʌn.tʃʰun]
테디 루스벨트,7,[tʰe.ti.ɾu.sɯ.pel.tʰɯ],[tʰe.di.ɾu.sɯ.bel.tʰɯ]
테디 아저씨,7,[tʰe.ti.a.tʃʌ.s͈i],[tʰe.di.a.dʒʌ.s͈i]
받을 줄 알았어,7,[pat̚.ɯl.tʃul.al.at̚.ʌ],[bat̚.ɯl.dʒul.al.at̚.ʌ]
on moving Keep,7,,
테러 경보가,7,[tʰe.ɾʌ.kjʌm.po.ka],[tʰe.ɾʌ.gjʌŋ.bo.ga]
테러 공격의,7,[tʰe.ɾʌ.koŋ.kjʌk̚.ɯi],[tʰe.ɾʌ.goŋ.gjʌk̚.ɯi]
테러 당일,7,[tʰe.ɾʌ.taŋ.il],[tʰe.ɾʌ.daŋ.il]
공연 한,7,[koŋ.jʌn.han],[goŋ.jʌn.han]
고마워 비록,7,[ko.ma.wʌ.pi.ɾok̚],[go.ma.wʌ.bi.ɾok̚]
테러 위협이,7,[tʰe.ɾʌ.wi.hjʌp̚.i],[tʰe.ɾʌ.wi.hjʌp̚.i]
받을만 해,7,[pat̚.ɯl.man.hɛ],[bat̚.ɯl.man.hɛ]
남자를 찾을 수,7,[nan.tʃa.ɾɯl.tʃʰat̚.ɯl.su],[nan.tʃa.ɾɯl.tʃʰat̚.ɯl.su]
남자를 처음,7,[nan.tʃa.ɾɯl.tʃʰʌ.ɯm],[nan.tʃa.ɾɯl.tʃʰʌ.ɯm]
테러 활동,7,[tʰe.ɾʌ.hwal.toŋ],[tʰe.ɾʌ.hwal.toŋ]
받자마자 바로,7,[pat̚.tʃa.ma.tʃa.pa.ɾo],[bat̚.tʃa.ma.dʒa.ba.ɾo]
받지 그래,7,[pat̚.tʃi.kɯ.ɾɛ],[bat̚.tʃi.gɯ.ɾɛ]
테러범 아니에요,7,[tʰe.ɾʌ.pʌm.a.ni.e.jo],[tʰe.ɾʌ.bʌm.a.ni.e.jo]
테러리즘과 싸우기 위해 우리는,7,[tʰe.ɾʌ.ɾi.tʃɯm.kwa.s͈a.u.ki.wi.hɛ.u.ɾi.nɯn],[tʰe.ɾʌ.ɾi.dʒɯm.kwa.s͈a.u.gi.wi.hɛ.u.ɾi.nɯn]
on moving Keep moving,7,,
테러범과 협상 안 해,7,[tʰe.ɾʌ.pʌm.kwa.hjʌp̚.saŋ.an.hɛ],[tʰe.ɾʌ.bʌm.kwa.hjʌp̚.saŋ.an.hɛ]
테러에 관한,7,[tʰe.ɾʌ.e.kwan.han],[tʰe.ɾʌ.e.gwan.han]
받지 못하게,7,[pat̚.tʃi.mot̚.ha.ke],[bat̚.tʃi.mot̚.ha.ge]
남자보다 여자가,7,[nan.tʃa.po.ta.jʌ.tʃa.ka],[nan.tʃa.bo.da.jʌ.dʒa.ga]
테러와의 전쟁에,7,[tʰe.ɾʌ.wa.ɯi.tʃʌn.tʃɛŋ.e],[tʰe.ɾʌ.wa.ɯi.dʒʌn.tʃɛŋ.e]
흔적이 전혀 없어요,7,[hɯn.tʃʌk̚.i.tʃʌn.hjʌ.ʌp̚.ʌ.jo],[hɯn.tʃʌk̚.i.dʒʌn.hjʌ.ʌp̚.ʌ.jo]
테레사 부인께,7,[tʰe.ɾe.sa.pu.iŋ.k͈e],[tʰe.ɾe.sa.bu.iŋ.k͈e]
테레사 수녀님,7,[tʰe.ɾe.sa.su.njʌ.nim],[tʰe.ɾe.sa.su.njʌ.nim]
테레사 수녀는,7,[tʰe.ɾe.sa.su.njʌ.nɯn],[tʰe.ɾe.sa.su.njʌ.nɯn]
테레사 할바흐,7,[tʰe.ɾe.sa.hal.pa.hɯ],[tʰe.ɾe.sa.hal.pa.hɯ]
이거 만들,7,[i.kʌ.man.tɯl],[i.gʌ.man.tɯl]
남자애 하나,7,[nan.tʃa.ɛ.ha.na],[nan.tʃa.ɛ.ha.na]
테리 난,7,[tʰe.ɾi.nan],[tʰe.ɾi.nan]
테리 네,7,[tʰe.ɾi.ne],[tʰe.ɾi.ne]
받지 못했다고,7,[pat̚.tʃi.mot̚.hɛt̚.ta.ko],[bat̚.tʃi.mot̚.hɛt̚.ta.go]
받지 못했어,7,[pat̚.tʃi.mot̚.hɛt̚.ʌ],[bat̚.tʃi.mot̚.hɛt̚.ʌ]
I can''t sleep,7,,
남자애든 여자애든,7,[nan.tʃa.ɛ.tɯn.jʌ.tʃa.ɛ.tɯn],[nan.tʃa.ɛ.dɯn.jʌ.dʒa.ɛ.dɯn]
고마워 시간,7,[ko.ma.wʌ.si.kan],[go.ma.wʌ.si.gan]
받지 않고요,7,[pat̚.tʃi.aŋ.ko.jo],[bat̚.tʃi.aŋ.ko.jo]
받지 않기로,7,[pat̚.tʃi.aŋ.ki.ɾo],[bat̚.tʃi.aŋ.ki.ɾo]
테스트 몇,7,[tʰe.sɯ.tʰɯ.mjʌt̚],[tʰe.sɯ.tʰɯ.mjʌt̚]
테스트 시작합니다,7,[tʰe.sɯ.tʰɯ.si.tʃak̚.hap̚.ni.ta],[tʰe.sɯ.tʰɯ.si.dʒak̚.hap̚.ni.da]
남자야 그래,7,[nan.tʃa.ja.kɯ.ɾɛ],[nan.tʃa.ja.gɯ.ɾɛ]
고마워 실례합니다만,7,[ko.ma.wʌ.sil.ɾje.hap̚.ni.ta.man],[go.ma.wʌ.sil.ɾje.hap̚.ni.da.man]
테스트 테스트,7,[tʰe.sɯ.tʰɯ.tʰe.sɯ.tʰɯ],[tʰe.sɯ.tʰɯ.tʰe.sɯ.tʰɯ]
남자야 내,7,[nan.tʃa.ja.nɛ],[nan.tʃa.ja.nɛ]
테스트를 하는,7,[tʰe.sɯ.tʰɯ.ɾɯl.ha.nɯn],[tʰe.sɯ.tʰɯ.ɾɯl.ha.nɯn]
테스트를 했다,7,[tʰe.sɯ.tʰɯ.ɾɯl.hɛt̚.ta],[tʰe.sɯ.tʰɯ.ɾɯl.hɛt̚.ta]
보통 여기,7,[po.tʰoŋ.jʌ.ki],[bo.tʰoŋ.jʌ.gi]
이거 맛있어요,7,[i.kʌ.mat̚.it̚.ʌ.jo],[i.gʌ.mat̚.it̚.ʌ.jo]
테온 표정,7,[tʰe.om.pʰjo.tʃʌŋ],[tʰe.om.pʰjo.dʒʌŋ]
갈지도 모른다,7,[kal.tʃi.to.mo.ɾɯn.ta],[gal.tʃi.do.mo.ɾɯn.ta]
받지 않으려고 강점을 느끼지,7,[pat̚.tʃi.an.ɯ.ɾjʌ.ko.kaŋ.tʃʌm.ɯl.lɯ.k͈i.tʃi],[bat̚.tʃi.an.ɯ.ɾjʌ.go.gaŋ.dʒʌm.ɯl.lɯ.k͈i.dʒi]
테이블 아래,7,[tʰe.i.pɯl.a.ɾɛ],[tʰe.i.bɯl.a.ɾɛ]
테이블 아래로 발장난,7,[tʰe.i.pɯl.a.ɾɛ.ɾo.pal.tʃaŋ.nan],[tʰe.i.bɯl.a.ɾɛ.ɾo.bal.tʃaŋ.nan]
테이블 축구,7,[tʰe.i.pɯl.tʃʰuk̚.ku],[tʰe.i.bɯl.tʃʰuk̚.ku]
갈지도 모른다고,7,[kal.tʃi.to.mo.ɾɯn.ta.ko],[gal.tʃi.do.mo.ɾɯn.ta.go]
고마워 아무도,7,[ko.ma.wʌ.a.mu.to],[go.ma.wʌ.a.mu.do]
받지 않을거야,7,[pat̚.tʃi.an.ɯl.kʌ.ja],[bat̚.tʃi.an.ɯl.kʌ.ja]
받지 않죠,7,[pat̚.tʃi.an.tʃjo],[bat̚.tʃi.an.tʃjo]
테이블을 탁 친다,7,[tʰe.i.pɯl.ɯl.tʰak̚.tʃʰin.ta],[tʰe.i.bɯl.ɯl.tʰak̚.tʃʰin.ta]
테이트 씨,7,[tʰe.i.tʰɯ.s͈i],[tʰe.i.tʰɯ.s͈i]
테이프 안,7,[tʰe.i.pʰɯ.an],[tʰe.i.pʰɯ.an]
발 굴러,7,[pal.kul.ɾʌ],[bal.gul.ɾʌ]
테이프를 찍 뜯는다,7,[tʰe.i.pʰɯ.ɾɯl.tʃ͈ik̚.t͈ɯt̚.nɯn.ta],[tʰe.i.pʰɯ.ɾɯl.tʃ͈ik̚.t͈ɯt̚.nɯn.ta]
남자에게 한,7,[nan.tʃa.e.ke.han],[nan.tʃa.e.ge.han]
남자예요 하지만,7,[nan.tʃa.je.jo.ha.tʃi.man],[nan.tʃa.je.jo.ha.dʒi.man]
테일러 스위프트랑,7,[tʰe.il.ɾʌ.sɯ.wi.pʰɯ.tʰɯ.ɾaŋ],[tʰe.il.ɾʌ.sɯ.wi.pʰɯ.tʰɯ.ɾaŋ]
남자와 결혼할,7,[nan.tʃa.wa.kjʌl.hon.hal],[nan.tʃa.wa.gjʌl.hon.hal]
테일러 씨가,7,[tʰe.il.ɾʌ.s͈i.ka],[tʰe.il.ɾʌ.s͈i.ga]
테일러 스위프트의,7,[tʰe.il.ɾʌ.sɯ.wi.pʰɯ.tʰɯ.ɯi],[tʰe.il.ɾʌ.sɯ.wi.pʰɯ.tʰɯ.ɯi]
발 때문에,7,[pal.t͈ɛ.mun.e],[bal.t͈ɛ.mun.e]
남자와 관계를,7,[nan.tʃa.wa.kwaŋ.kje.ɾɯl],[nan.tʃa.wa.gwaŋ.kje.ɾɯl]
테지 내가,7,[tʰe.tʃi.nɛ.ka],[tʰe.dʒi.nɛ.ga]
테지 네,7,[tʰe.tʃi.ne],[tʰe.dʒi.ne]
발 맞고,7,[pal.mat̚.ko],[bal.mat̚.ko]
테크노 음악,7,[tʰe.kʰɯ.no.ɯm.ak̚],[tʰe.kʰɯ.no.ɯm.ak̚]
발 맞은,7,[pal.mat̚.ɯn],[bal.mat̚.ɯn]
흘러가는 것,7,[hɯl.ɾʌ.ka.nɯŋ.kʌt̚],[hɯl.ɾʌ.ga.nɯn.gʌt̚]
발 모두,7,[pal.mo.tu],[bal.mo.du]
해 줄 수 있잖아,7,[hɛ.tʃul.su.it̚.tʃan.a],[hɛ.dʒul.su.it̚.tʃan.a]
이거 뭔지 알아,7,[i.kʌ.mwʌn.tʃi.al.a],[i.gʌ.mwʌn.tʃi.al.a]
텐데 걱정하지,7,[tʰen.te.kʌk̚.tʃʌŋ.ha.tʃi],[tʰen.te.gʌk̚.tʃʌŋ.ha.dʒi]
발 빼려고,7,[pal.p͈ɛ.ɾjʌ.ko],[bal.p͈ɛ.ɾjʌ.go]
걸 보고 내가,7,[kʌl.po.ko.nɛ.ka],[gʌl.bo.go.nɛ.ga]
텐데 곧,7,[tʰen.te.kot̚],[tʰen.te.got̚]
텐데 그거,7,[tʰen.te.kɯ.kʌ],[tʰen.te.gɯ.gʌ]
발 사이즈가,7,[pal.sa.i.tʃɯ.ka],[bal.sa.i.dʒɯ.ga]
남자와 한 여자,7,[nan.tʃa.wa.han.jʌ.tʃa],[nan.tʃa.wa.han.jʌ.dʒa]
on my phone,7,,
해 줄께,7,[hɛ.tʃul.k͈e],[hɛ.dʒul.k͈e]
보통이 아니네요,7,[po.tʰoŋ.i.a.ni.ne.jo],[bo.tʰoŋ.i.a.ni.ne.jo]
흘리게 해,7,[hɯl.ɾi.ke.hɛ],[hɯl.ɾi.ge.hɛ]
텐데 그만해,7,[tʰen.te.kɯ.man.hɛ],[tʰen.te.gɯ.man.hɛ]
남자의 거친,7,[nan.tʃa.ɯi.kʌ.tʃʰin],[nan.tʃa.ɯi.gʌ.tʃʰin]
텐데 나중에,7,[tʰen.te.na.tʃuŋ.e],[tʰen.te.na.dʒuŋ.e]
남자의 뇌를,7,[nan.tʃa.ɯi.nwe.ɾɯl],[nan.tʃa.ɯi.nwe.ɾɯl]
고마워 어디 보자,7,[ko.ma.wʌ.ʌ.ti.po.tʃa],[go.ma.wʌ.ʌ.di.bo.dʒa]
텐데 누군가는,7,[tʰen.te.nu.kuŋ.ka.nɯn],[tʰen.te.nu.guŋ.ka.nɯn]
발 좀 봐,7,[pal.tʃom.pwa],[bal.dʒom.bwa]
텐데 당신도,7,[tʰen.te.taŋ.sin.to],[tʰen.te.daŋ.sin.to]
발 크기는,7,[pal.kʰɯ.ki.nɯn],[bal.kʰɯ.gi.nɯn]
텐데 됐다,7,[tʰen.te.twɛt̚.ta],[tʰen.te.dwɛt̚.ta]
텐데 말야,7,[tʰen.te.mal.ja],[tʰen.te.mal.ja]
해 주네,7,[hɛ.tʃu.ne],[hɛ.dʒu.ne]
텐데 먼저,7,[tʰen.te.mʌn.tʃʌ],[tʰen.te.mʌn.tʃʌ]
텐데 모두,7,[tʰen.te.mo.tu],[tʰen.te.mo.du]
남자의 신음 소리,7,[nan.tʃa.ɯi.sin.ɯm.so.ɾi],[nan.tʃa.ɯi.sin.ɯm.so.ɾi]
텐데 뭐 하러,7,[tʰen.te.mwʌ.ha.ɾʌ],[tʰen.te.mwʌ.ha.ɾʌ]
텐데 뭐야,7,[tʰen.te.mwʌ.ja],[tʰen.te.mwʌ.ja]
텐데 벌써,7,[tʰen.te.pʌl.s͈ʌ],[tʰen.te.bʌl.s͈ʌ]
감 놔라 배,7,[kam.nwa.ɾa.pɛ],[gam.nwa.ɾa.bɛ]
흘리게 하는,7,[hɯl.ɾi.ke.ha.nɯn],[hɯl.ɾi.ge.ha.nɯn]
남자의 이름이,7,[nan.tʃa.ɯi.i.ɾɯm.i],[nan.tʃa.ɯi.i.ɾɯm.i]
텐데 시간이,7,[tʰen.te.si.kan.i],[tʰen.te.si.gan.i]
텐데 아냐,7,[tʰen.te.a.nja],[tʰen.te.a.nja]
발견 그리고,7,[pal.kjʌŋ.kɯ.ɾi.ko],[bal.kjʌn.gɯ.ɾi.go]
발견 됐어,7,[pal.kjʌn.twɛt̚.ʌ],[bal.kjʌn.dwɛt̚.ʌ]
남자의 이야기를,7,[nan.tʃa.ɯi.i.ja.ki.ɾɯl],[nan.tʃa.ɯi.i.ja.gi.ɾɯl]
발견 될 수 있다고,7,[pal.kjʌn.twel.su.it̚.ta.ko],[bal.kjʌn.dwel.su.it̚.ta.go]
텐데 아빠,7,[tʰen.te.a.p͈a],[tʰen.te.a.p͈a]
텐데 안녕,7,[tʰen.te.an.njʌŋ],[tʰen.te.an.njʌŋ]
고마워 어쨌든,7,[ko.ma.wʌ.ʌ.tʃ͈ɛt̚.tɯn],[go.ma.wʌ.ʌ.tʃ͈ɛt̚.tɯn]
고마워 어차피,7,[ko.ma.wʌ.ʌ.tʃʰa.pʰi],[go.ma.wʌ.ʌ.tʃʰa.pʰi]
텐데 알아,7,[tʰen.te.al.a],[tʰen.te.al.a]
발견 안 된,7,[pal.kjʌn.an.twen],[bal.kjʌn.an.dwen]
텐데 어쩌면,7,[tʰen.te.ʌ.tʃ͈ʌ.mjʌn],[tʰen.te.ʌ.tʃ͈ʌ.mjʌn]
감 잡았어요,7,[kan.tʃap̚.at̚.ʌ.jo],[gam.dʒap̚.at̚.ʌ.jo]
텐데 어찌,7,[tʰen.te.ʌ.tʃ͈i],[tʰen.te.ʌ.tʃ͈i]
해 줬거든,7,[hɛ.tʃwʌt̚.kʌ.tɯn],[hɛ.dʒwʌt̚.kʌ.dɯn]
텐데 얼마나,7,[tʰen.te.ʌl.ma.na],[tʰen.te.ʌl.ma.na]
발견 한 것,7,[pal.kjʌn.haŋ.kʌt̚],[bal.kjʌn.han.gʌt̚]
남자인 척,7,[nan.tʃa.in.tʃʰʌk̚],[nan.tʃa.in.tʃʰʌk̚]
불난 거,7,[pul.laŋ.kʌ],[bul.lan.gʌ]
발견 할 수 있도록,7,[pal.kjʌn.hal.su.it̚.to.ɾok̚],[bal.kjʌn.hal.su.it̚.to.ɾok̚]
남자일 뿐이지,7,[nan.tʃa.il.p͈un.i.tʃi],[nan.tʃa.il.p͈un.i.dʒi]
발견됐습니다 경찰은,7,[pal.kjʌn.twɛt̚.sɯp̚.ni.ta.kjʌŋ.tʃʰal.ɯn],[bal.kjʌn.twɛt̚.sɯp̚.ni.da.gjʌŋ.tʃʰal.ɯn]
텐데 일단,7,[tʰen.te.il.tan],[tʰen.te.il.tan]
감각 상실,7,[kam.kak̚.saŋ.sil],[gam.kak̚.saŋ.sil]
불덩이를 던지곤,7,[pul.tʌŋ.i.ɾɯl.tʌn.tʃi.kon],[bul.tʌŋ.i.ɾɯl.dʌn.tʃi.gon]
텐데 잠깐,7,[tʰen.te.tʃam.k͈an],[tʰen.te.dʒam.k͈an]
텐데 잠깐만요,7,[tʰen.te.tʃam.k͈an.man.jo],[tʰen.te.dʒam.k͈an.man.jo]
남자지 네가,7,[nan.tʃa.tʃi.ne.ka],[nan.tʃa.dʒi.ne.ga]
발견되길 바란,7,[pal.kjʌn.twe.kil.pa.ɾan],[bal.kjʌn.twe.gil.ba.ɾan]
텐데 직접,7,[tʰen.te.tʃik̚.tʃʌp̚],[tʰen.te.dʒik̚.tʃʌp̚]
해 지금부터,7,[hɛ.tʃi.kɯm.pu.tʰʌ],[hɛ.dʒi.gɯm.pu.tʰʌ]
남자처럼 보여,7,[nan.tʃa.tʃʰʌ.ɾʌm.po.jʌ],[nan.tʃa.tʃʰʌ.ɾʌm.bo.jʌ]
텐데요 c,7,[tʰen.te.jo],[tʰen.te.jo]
남자친구 같은,7,[nan.tʃa.tʃʰiŋ.ku.kat̚.ɯn],[nan.tʃa.tʃʰiŋ.ku.gat̚.ɯn]
텐데요 그렇게,7,[tʰen.te.jo.kɯ.ɾʌt̚.ke],[tʰen.te.jo.gɯ.ɾʌt̚.ke]
발견되지 않을,7,[pal.kjʌn.twe.tʃi.an.ɯl],[bal.kjʌn.twe.dʒi.an.ɯl]
고마워 여기 근처에,7,[ko.ma.wʌ.jʌ.ki.kɯn.tʃʰʌ.e],[go.ma.wʌ.jʌ.gi.gɯn.tʃʰʌ.e]
고마워 여기 근처에 은행이,7,[ko.ma.wʌ.jʌ.ki.kɯn.tʃʰʌ.e.ɯn.hɛŋ.i],[go.ma.wʌ.jʌ.gi.gɯn.tʃʰʌ.e.ɯn.hɛŋ.i]
텐데요 뭐,7,[tʰen.te.jo.mwʌ],[tʰen.te.jo.mwʌ]
남자친구 없어,7,[nan.tʃa.tʃʰiŋ.ku.ʌp̚.ʌ],[nan.tʃa.tʃʰiŋ.ku.ʌp̚.ʌ]
텐데요 오늘,7,[tʰen.te.jo.o.nɯl],[tʰen.te.jo.o.nɯl]
텐데요 왜,7,[tʰen.te.jo.wɛ],[tʰen.te.jo.wɛ]
텐데요 우리가,7,[tʰen.te.jo.u.ɾi.ka],[tʰen.te.jo.u.ɾi.ga]
텐트 안으로,7,[tʰen.tʰɯ.an.ɯ.ɾo],[tʰen.tʰɯ.an.ɯ.ɾo]
남자친구 집에,7,[nan.tʃa.tʃʰiŋ.ku.tʃip̚.e],[nan.tʃa.tʃʰiŋ.ku.dʒip̚.e]
발견된 날,7,[pal.kjʌn.twen.nal],[bal.kjʌn.twen.nal]
남자친구가 아니야,7,[nan.tʃa.tʃʰiŋ.ku.ka.a.ni.ja],[nan.tʃa.tʃʰiŋ.ku.ga.a.ni.ja]
텔러가 들을 수 있으니까,7,[tʰel.ɾʌ.ka.tɯl.ɯl.su.it̚.ɯ.ni.k͈a],[tʰel.ɾʌ.ga.dɯl.ɯl.su.it̚.ɯ.ni.k͈a]
텔러가 들을 수,7,[tʰel.ɾʌ.ka.tɯl.ɯl.su],[tʰel.ɾʌ.ga.dɯl.ɯl.su]
고마워 여기는,7,[ko.ma.wʌ.jʌ.ki.nɯn],[go.ma.wʌ.jʌ.gi.nɯn]
발견된 시체,7,[pal.kjʌn.twen.si.tʃʰe],[bal.kjʌn.twen.si.tʃʰe]
고마워 여긴 교수님,7,[ko.ma.wʌ.jʌ.kiŋ.kjo.su.nim],[go.ma.wʌ.jʌ.gin.gjo.su.nim]
고마워 여긴 교수님 과수원인가요,7,[ko.ma.wʌ.jʌ.kiŋ.kjo.su.nim.kwa.su.wʌn.iŋ.ka.jo],[go.ma.wʌ.jʌ.gin.gjo.su.nim.gwa.su.wʌn.iŋ.ka.jo]
발견될 것이다,7,[pal.kjʌn.twel.kʌt̚.i.ta],[bal.kjʌn.twel.gʌt̚.i.da]
템스 강에서,7,[tʰem.sɯ.kaŋ.e.sʌ],[tʰem.sɯ.gaŋ.e.sʌ]
남자친구는 어때,7,[nan.tʃa.tʃʰiŋ.ku.nɯn.ʌ.t͈ɛ],[nan.tʃa.tʃʰiŋ.ku.nɯn.ʌ.t͈ɛ]
발견을 할,7,[pal.kjʌn.ɯl.hal],[bal.kjʌn.ɯl.hal]
발견이 기대되는,7,[pal.kjʌn.i.ki.tɛ.twe.nɯn],[bal.kjʌn.i.gi.dɛ.dwe.nɯn]
토 나오는,7,[tʰo.na.o.nɯn],[tʰo.na.o.nɯn]
발견이 기대되는 비밀스러운 이,7,[pal.kjʌn.i.ki.tɛ.twe.nɯm.pi.mil.sɯ.ɾʌ.un.i],[bal.kjʌn.i.gi.dɛ.dwe.nɯn.bi.mil.sɯ.ɾʌ.un.i]
발견이 기대되는 비밀스러운,7,[pal.kjʌn.i.ki.tɛ.twe.nɯm.pi.mil.sɯ.ɾʌ.un],[bal.kjʌn.i.gi.dɛ.dwe.nɯn.bi.mil.sɯ.ɾʌ.un]
고마워 여자,7,[ko.ma.wʌ.jʌ.tʃa],[go.ma.wʌ.jʌ.dʒa]
토고시 씨,7,[tʰo.ko.si.s͈i],[tʰo.go.si.s͈i]
토끼 두,7,[tʰo.k͈i.tu],[tʰo.k͈i.du]
발견하기 전까지,7,[pal.kjʌn.ha.ki.tʃʌŋ.k͈a.tʃi],[bal.kjʌn.ha.gi.dʒʌŋ.k͈a.dʒi]
토끼 모자를,7,[tʰo.k͈i.mo.tʃa.ɾɯl],[tʰo.k͈i.mo.dʒa.ɾɯl]
토끼 한,7,[tʰo.k͈i.han],[tʰo.k͈i.han]
on our way to,7,,
발견하는 건,7,[pal.kjʌn.ha.nɯŋ.kʌn],[bal.kjʌn.ha.nɯn.gʌn]
감각을 갖고,7,[kam.kak̚.ɯl.kat̚.ko],[gam.kak̚.ɯl.gat̚.ko]
발견하다 그리고,7,[pal.kjʌn.ha.ta.kɯ.ɾi.ko],[bal.kjʌn.ha.da.gɯ.ɾi.go]
토네이도 경보를,7,[tʰo.ne.i.to.kjʌm.po.ɾɯl],[tʰo.ne.i.do.gjʌŋ.bo.ɾɯl]
토니 난,7,[tʰo.ni.nan],[tʰo.ni.nan]
토니 디노죠,7,[tʰo.ni.ti.no.tʃjo],[tʰo.ni.di.no.dʒjo]
때문에 오신 건,7,[t͈ɛ.mun.e.o.siŋ.kʌn],[t͈ɛ.mun.e.o.sin.gʌn]
토니 스타크가,7,[tʰo.ni.sɯ.tʰa.kʰɯ.ka],[tʰo.ni.sɯ.tʰa.kʰɯ.ga]
on out,7,,
토니랑 같이,7,[tʰo.ni.ɾaŋ.kat̚.i],[tʰo.ni.ɾaŋ.gat̚.i]
토대로 만든,7,[tʰo.tɛ.ɾo.man.tɯn],[tʰo.dɛ.ɾo.man.tɯn]
고마워 오늘밤,7,[ko.ma.wʌ.o.nɯl.pam],[go.ma.wʌ.o.nɯl.pam]
토대로 제작됐습니다 폭력 및,7,[tʰo.tɛ.ɾo.tʃe.tʃak̚.twɛt̚.sɯp̚.ni.ta.pʰok̚.ɾjʌk̚.mit̚],[tʰo.dɛ.ɾo.dʒe.dʒak̚.twɛt̚.sɯp̚.ni.da.pʰok̚.ɾjʌk̚.mit̚]
토대로 제작됐습니다 폭력,7,[tʰo.tɛ.ɾo.tʃe.tʃak̚.twɛt̚.sɯp̚.ni.ta.pʰok̚.ɾjʌk̚],[tʰo.dɛ.ɾo.dʒe.dʒak̚.twɛt̚.sɯp̚.ni.da.pʰok̚.ɾjʌk̚]
남자한테 무슨 일이,7,[nan.tʃa.han.tʰe.mu.sɯn.il.i],[nan.tʃa.han.tʰe.mu.sɯn.il.i]
보호 및,7,[po.ho.mit̚],[bo.ho.mit̚]
해 하지만 이건,7,[hɛ.ha.tʃi.man.i.kʌn],[hɛ.ha.dʒi.man.i.gʌn]
남자한테 뭘,7,[nan.tʃa.han.tʰe.mwʌl],[nan.tʃa.han.tʰe.mwʌl]
발견한 것 같아,7,[pal.kjʌn.haŋ.kʌt̚.kat̚.a],[bal.kjʌn.han.gʌt̚.gat̚.a]
남잔 다,7,[nan.tʃan.ta],[nan.tʃan.da]
발견한 것이,7,[pal.kjʌn.haŋ.kʌt̚.i],[bal.kjʌn.han.gʌt̚.i]
고마워 올,7,[ko.ma.wʌ.ol],[go.ma.wʌ.ol]
고마워 오케이,7,[ko.ma.wʌ.o.kʰe.i],[go.ma.wʌ.o.kʰe.i]
발견한 뒤,7,[pal.kjʌn.han.twi],[bal.kjʌn.han.dwi]
토를 다는,7,[tʰo.ɾɯl.ta.nɯn],[tʰo.ɾɯl.da.nɯn]
토를 하고,7,[tʰo.ɾɯl.ha.ko],[tʰo.ɾɯl.ha.go]
남지 않아요,7,[nan.tʃi.an.a.jo],[nan.tʃi.an.a.jo]
토마스 깁슨 기획,7,[tʰo.ma.sɯ.kip̚.sɯŋ.ki.hwek̚],[tʰo.ma.sɯ.gip̚.sɯn.gi.hwek̚]
발견한 적이,7,[pal.kjʌn.han.tʃʌk̚.i],[bal.kjʌn.han.dʒʌk̚.i]
토마스 밋첼,7,[tʰo.ma.sɯ.mit̚.tʃʰel],[tʰo.ma.sɯ.mit̚.tʃʰel]
토마스 밋첼 한나,7,[tʰo.ma.sɯ.mit̚.tʃʰel.han.na],[tʰo.ma.sɯ.mit̚.tʃʰel.han.na]
토마호크 미사일을,7,[tʰo.ma.ho.kʰɯ.mi.sa.il.ɯl],[tʰo.ma.ho.kʰɯ.mi.sa.il.ɯl]
on radio,7,,
발견할 때마다,7,[pal.kjʌn.hal.t͈ɛ.ma.ta],[bal.kjʌn.hal.t͈ɛ.ma.da]
토막 살인,7,[tʰo.mak̚.sal.in],[tʰo.mak̚.sal.in]
발견할 수 있을,7,[pal.kjʌn.hal.su.it̚.ɯl],[bal.kjʌn.hal.su.it̚.ɯl]
토머스 토머스,7,[tʰo.mʌ.sɯ.tʰo.mʌ.sɯ],[tʰo.mʌ.sɯ.tʰo.mʌ.sɯ]
발견해도 의미가 없어 壊せ,7,[pal.kjʌn.hɛ.to.ɯi.mi.ka.ʌp̚.ʌ],[bal.kjʌn.hɛ.do.ɯi.mi.ga.ʌp̚.ʌ]
토미 내,7,[tʰo.mi.nɛ],[tʰo.mi.nɛ]
발견했는지 누설하지 말라는,7,[pal.kjʌn.hɛt̚.nɯn.tʃi.nu.sʌl.ha.tʃi.mal.ɾa.nɯn],[bal.kjʌn.hɛt̚.nɯn.tʃi.nu.sʌl.ha.dʒi.mal.ɾa.nɯn]
발견했는지 누설하지 말라는 건가요,7,[pal.kjʌn.hɛt̚.nɯn.tʃi.nu.sʌl.ha.tʃi.mal.ɾa.nɯŋ.kʌŋ.ka.jo],[bal.kjʌn.hɛt̚.nɯn.tʃi.nu.sʌl.ha.dʒi.mal.ɾa.nɯn.gʌŋ.ka.jo]
이거 봐 이런,7,[i.kʌ.pwa.i.ɾʌn],[i.gʌ.bwa.i.ɾʌn]
토사키 씨는,7,[tʰo.sa.kʰi.s͈i.nɯn],[tʰo.sa.kʰi.s͈i.nɯn]
발견했다고 들었는데 멋진데요,7,[pal.kjʌn.hɛt̚.ta.ko.tɯl.ʌt̚.nɯn.te.mʌt̚.tʃin.te.jo],[bal.kjʌn.hɛt̚.ta.go.dɯl.ʌt̚.nɯn.te.mʌt̚.tʃin.te.jo]
보호 필요,7,[po.ho.pʰil.jo],[bo.ho.pʰil.jo]
감각이 있는,7,[kam.kak̚.i.it̚.nɯn],[gam.kak̚.i.it̚.nɯn]
해가 떠서,7,[hɛ.ka.t͈ʌ.sʌ],[hɛ.ga.t͈ʌ.sʌ]
남쪽 끝,7,[nan.tʃ͈ok̚.k͈ɯt̚],[nan.tʃ͈ok̚.k͈ɯt̚]
토스를 올려줄,7,[tʰo.sɯ.ɾɯl.ol.ɾjʌ.tʃul],[tʰo.sɯ.ɾɯl.ol.ɾjʌ.dʒul]
토스트 먹을,7,[tʰo.sɯ.tʰɯ.mʌk̚.ɯl],[tʰo.sɯ.tʰɯ.mʌk̚.ɯl]
Cellphone dings,7,,
남쪽 끝에,7,[nan.tʃ͈ok̚.k͈ɯt̚.e],[nan.tʃ͈ok̚.k͈ɯt̚.e]
토스트가 될,7,[tʰo.sɯ.tʰɯ.ka.twel],[tʰo.sɯ.tʰɯ.ga.dwel]
발견했어 내,7,[pal.kjʌn.hɛt̚.ʌ.nɛ],[bal.kjʌn.hɛt̚.ʌ.nɛ]
보호되고 있다,7,[po.ho.twe.ko.it̚.ta],[bo.ho.dwe.go.it̚.ta]
토요일 밤을,7,[tʰo.jo.il.pam.ɯl],[tʰo.jo.il.bam.ɯl]
고마워 으응,7,[ko.ma.wʌ.ɯ.ɯŋ],[go.ma.wʌ.ɯ.ɯŋ]
토요일에 내,7,[tʰo.jo.il.e.nɛ],[tʰo.jo.il.e.nɛ]
토요일에 시간,7,[tʰo.jo.il.e.si.kan],[tʰo.jo.il.e.si.gan]
I can''t stop him,7,,
남쪽에 있다,7,[nan.tʃ͈ok̚.e.it̚.ta],[nan.tʃ͈ok̚.e.it̚.ta]
남쪽에 있습니다,7,[nan.tʃ͈ok̚.e.it̚.sɯp̚.ni.ta],[nan.tʃ͈ok̚.e.it̚.sɯp̚.ni.da]
발견했죠 그래서,7,[pal.kjʌn.hɛt̚.tʃjo.kɯ.ɾɛ.sʌ],[bal.kjʌn.hɛt̚.tʃjo.gɯ.ɾɛ.sʌ]
이거 안 되겠네,7,[i.kʌ.an.twe.ket̚.ne],[i.gʌ.an.dwe.get̚.ne]
남쪽으로 가고 있어,7,[nan.tʃ͈ok̚.ɯ.ɾo.ka.ko.it̚.ʌ],[nan.tʃ͈ok̚.ɯ.ɾo.ga.go.it̚.ʌ]
토한 걸,7,[tʰo.haŋ.kʌl],[tʰo.han.gʌl]
발굴 현장에서,7,[pal.kul.hjʌn.tʃaŋ.e.sʌ],[bal.kul.hjʌn.tʃaŋ.e.sʌ]
발굴한 곳을 보여주려나,7,[pal.kul.haŋ.kot̚.ɯl.po.jʌ.tʃu.ɾjʌ.na],[bal.kul.han.got̚.ɯl.bo.jʌ.dʒu.ɾjʌ.na]
발굴한 곳을,7,[pal.kul.haŋ.kot̚.ɯl],[bal.kul.han.got̚.ɯl]
발굴한 곳을 보여주려나 봐,7,[pal.kul.haŋ.kot̚.ɯl.po.jʌ.tʃu.ɾjʌ.na.pwa],[bal.kul.han.got̚.ɯl.bo.jʌ.dʒu.ɾjʌ.na.bwa]
토할 뻔,7,[tʰo.hal.p͈ʌn],[tʰo.hal.p͈ʌn]
토해 놓은,7,[tʰo.hɛ.not̚.ɯn],[tʰo.hɛ.not̚.ɯn]
발길을 돌렸지,7,[pal.kil.ɯl.tol.ɾjʌt̚.tʃi],[bal.kil.ɯl.dol.ɾjʌt̚.tʃi]
해결 해,7,[hɛ.kjʌl.hɛ],[hɛ.gjʌl.hɛ]
톰 굿맨 힐 이바노,7,[tʰom.kut̚.mɛn.hil.i.pa.no],[tʰom.gut̚.mɛn.hil.i.ba.no]
톰 그리고,7,[tʰom.kɯ.ɾi.ko],[tʰom.gɯ.ɾi.go]
이거 어디로,7,[i.kʌ.ʌ.ti.ɾo],[i.gʌ.ʌ.di.ɾo]
발라 도하에리스,7,[pal.ɾa.to.ha.e.ɾi.sɯ],[bal.ɾa.do.ha.e.ɾi.sɯ]
톰 브래디,7,[tʰom.pɯ.ɾɛ.ti],[tʰom.bɯ.ɾɛ.di]
발라줬는데 효과가,7,[pal.ɾa.tʃwʌt̚.nɯn.te.hjo.kwa.ka],[bal.ɾa.dʒwʌt̚.nɯn.te.hjo.gwa.ga]
발라줬는데 효과가 있나봐,7,[pal.ɾa.tʃwʌt̚.nɯn.te.hjo.kwa.ka.it̚.na.pwa],[bal.ɾa.dʒwʌt̚.nɯn.te.hjo.gwa.ga.it̚.na.bwa]
발라줬는데 효과가 있나봐 기다릴래,7,[pal.ɾa.tʃwʌt̚.nɯn.te.hjo.kwa.ka.it̚.na.pwa.ki.ta.ɾil.ɾɛ],[bal.ɾa.dʒwʌt̚.nɯn.te.hjo.gwa.ga.it̚.na.bwa.gi.da.ɾil.ɾɛ]
남친 아니야,7,[nan.tʃʰin.a.ni.ja],[nan.tʃʰin.a.ni.ja]
톰 코서렉 보안관 매니토웍,7,[tʰom.kʰo.sʌ.ɾek̚.po.aŋ.kwan.mɛ.ni.tʰo.wʌk̚],[tʰom.kʰo.sʌ.ɾek̚.bo.aŋ.kwan.mɛ.ni.tʰo.wʌk̚]
허수아비 같다고,7,[hʌ.su.a.pi.kat̚.ta.ko],[hʌ.su.a.bi.gat̚.ta.go]
발렌타인이 날,7,[pal.ɾen.tʰa.in.i.nal],[bal.ɾen.tʰa.in.i.nal]
톰에 대해,7,[tʰom.e.tɛ.hɛ],[tʰom.e.dɛ.hɛ]
발렌타인이 엔젤을,7,[pal.ɾen.tʰa.in.i.en.tʃel.ɯl],[bal.ɾen.tʰa.in.i.en.tʃel.ɯl]
발령 날,7,[pal.ɾjʌŋ.nal],[bal.ɾjʌŋ.nal]
보호하기 위해 이,7,[po.ho.ha.ki.wi.hɛ.i],[bo.ho.ha.gi.wi.hɛ.i]
발령 났어,7,[pal.ɾjʌŋ.nat̚.ʌ],[bal.ɾjʌŋ.nat̚.ʌ]
이거 어떻게 해,7,[i.kʌ.ʌ.t͈ʌt̚.ke.hɛ],[i.gʌ.ʌ.t͈ʌt̚.ke.hɛ]
발로 내,7,[pal.ɾo.nɛ],[bal.ɾo.nɛ]
남편 대신,7,[nam.pʰjʌn.tɛ.sin],[nam.pʰjʌn.dɛ.sin]
통 모르겠군,7,[tʰoŋ.mo.ɾɯ.ket̚.kun],[tʰoŋ.mo.ɾɯ.get̚.kun]
고마워 이쪽은,7,[ko.ma.wʌ.i.tʃ͈ok̚.ɯn],[go.ma.wʌ.i.tʃ͈ok̚.ɯn]
남편 말고,7,[nam.pʰjʌn.mal.ko],[nam.pʰjʌn.mal.ko]
통 해야겠어,7,[tʰoŋ.hɛ.ja.ket̚.ʌ],[tʰoŋ.hɛ.ja.get̚.ʌ]
발로 퍽,7,[pal.ɾo.pʰʌk̚],[bal.ɾo.pʰʌk̚]
발로 퍽 찬다,7,[pal.ɾo.pʰʌk̚.tʃʰan.ta],[bal.ɾo.pʰʌk̚.tʃʰan.ta]
남편 소식을,7,[nam.pʰjʌn.so.sik̚.ɯl],[nam.pʰjʌn.so.sik̚.ɯl]
통과하는 거,7,[tʰoŋ.kwa.ha.nɯŋ.kʌ],[tʰoŋ.gwa.ha.nɯn.gʌ]
발리에게 영광을,7,[pal.ɾi.e.ke.jʌŋ.kwaŋ.ɯl],[bal.ɾi.e.ge.jʌŋ.gwaŋ.ɯl]
통과하는 순간,7,[tʰoŋ.kwa.ha.nɯn.suŋ.kan],[tʰoŋ.gwa.ha.nɯn.suŋ.kan]
발리에게 영광을 원수의,7,[pal.ɾi.e.ke.jʌŋ.kwaŋ.ɯl.wʌn.su.ɯi],[bal.ɾi.e.ge.jʌŋ.gwaŋ.ɯl.wʌn.su.ɯi]
발리에게 영광을 원수의 뼈를,7,[pal.ɾi.e.ke.jʌŋ.kwaŋ.ɯl.wʌn.su.ɯi.p͈jʌ.ɾɯl],[bal.ɾi.e.ge.jʌŋ.gwaŋ.ɯl.wʌn.su.ɯi.p͈jʌ.ɾɯl]
내가 느끼는 게,7,[nɛ.ka.nɯ.k͈i.nɯŋ.ke],[nɛ.ga.nɯ.k͈i.nɯn.ge]
통과한 거야,7,[tʰoŋ.kwa.haŋ.kʌ.ja],[tʰoŋ.gwa.han.gʌ.ja]
통과할 수 있다,7,[tʰoŋ.kwa.hal.su.it̚.ta],[tʰoŋ.gwa.hal.su.it̚.ta]
통과해야 하는데,7,[tʰoŋ.kwa.hɛ.ja.ha.nɯn.te],[tʰoŋ.gwa.hɛ.ja.ha.nɯn.te]
통과했을 때,7,[tʰoŋ.kwa.hɛt̚.ɯl.t͈ɛ],[tʰoŋ.gwa.hɛt̚.ɯl.t͈ɛ]
발목을 잡아,7,[pal.mok̚.ɯl.tʃap̚.a],[bal.mok̚.ɯl.dʒap̚.a]
발목을 잡은,7,[pal.mok̚.ɯl.tʃap̚.ɯn],[bal.mok̚.ɯl.dʒap̚.ɯn]
통로는 원자적으로 밀봉되어,7,[tʰoŋ.ɾo.nɯn.wʌn.tʃa.tʃʌk̚.ɯ.ɾo.mil.poŋ.twe.ʌ],[tʰoŋ.ɾo.nɯn.wʌn.tʃa.dʒʌk̚.ɯ.ɾo.mil.poŋ.dwe.ʌ]
통로는 원자적으로,7,[tʰoŋ.ɾo.nɯn.wʌn.tʃa.tʃʌk̚.ɯ.ɾo],[tʰoŋ.ɾo.nɯn.wʌn.tʃa.dʒʌk̚.ɯ.ɾo]
통로는 원자적으로 밀봉되어 절대,7,[tʰoŋ.ɾo.nɯn.wʌn.tʃa.tʃʌk̚.ɯ.ɾo.mil.poŋ.twe.ʌ.tʃʌl.tɛ],[tʰoŋ.ɾo.nɯn.wʌn.tʃa.dʒʌk̚.ɯ.ɾo.mil.poŋ.dwe.ʌ.dʒʌl.tɛ]
흥분했던 것,7,[hɯm.pun.hɛt̚.tʌŋ.kʌt̚],[hɯŋ.bun.hɛt̚.tʌn.gʌt̚]
남편 일,7,[nam.pʰjʌn.il],[nam.pʰjʌn.il]
통신 상태가,7,[tʰoŋ.sin.saŋ.tʰɛ.ka],[tʰoŋ.sin.saŋ.tʰɛ.ga]
통신 시스템은,7,[tʰoŋ.sin.si.sɯ.tʰem.ɯn],[tʰoŋ.sin.si.sɯ.tʰem.ɯn]
남편 있는,7,[nam.pʰjʌn.it̚.nɯn],[nam.pʰjʌn.it̚.nɯn]
통신 연결,7,[tʰoŋ.sin.jʌŋ.kjʌl],[tʰoŋ.sin.jʌŋ.kjʌl]
발버둥 칠,7,[pal.pʌ.tuŋ.tʃʰil],[bal.pʌ.duŋ.tʃʰil]
남편 존,7,[nam.pʰjʌn.tʃon],[nam.pʰjʌn.dʒon]
통신을 방해하는,7,[tʰoŋ.sin.ɯl.paŋ.hɛ.ha.nɯn],[tʰoŋ.sin.ɯl.baŋ.hɛ.ha.nɯn]
고마워 자네는,7,[ko.ma.wʌ.tʃa.ne.nɯn],[go.ma.wʌ.dʒa.ne.nɯn]
통신이 두절됐습니다,7,[tʰoŋ.sin.i.tu.tʃʌl.twɛt̚.sɯp̚.ni.ta],[tʰoŋ.sin.i.du.dʒʌl.twɛt̚.sɯp̚.ni.da]
통에 뭐가,7,[tʰoŋ.e.mwʌ.ka],[tʰoŋ.e.mwʌ.ga]
고마워 잘 지내,7,[ko.ma.wʌ.tʃal.tʃi.nɛ],[go.ma.wʌ.dʒal.dʒi.nɛ]
발사 완료,7,[pal.sa.wal.ljo],[bal.sa.wal.ljo]
감금할 수,7,[kam.kɯm.hal.su],[gam.kɯm.hal.su]
통장 잔고가,7,[tʰoŋ.tʃaŋ.tʃaŋ.ko.ka],[tʰoŋ.dʒaŋ.dʒaŋ.ko.ga]
통제 된,7,[tʰoŋ.tʃe.twen],[tʰoŋ.dʒe.dwen]
발사 준비됐습니다,7,[pal.sa.tʃum.pi.twɛt̚.sɯp̚.ni.ta],[bal.sa.dʒum.pi.dwɛt̚.sɯp̚.ni.da]
통제 못 해요,7,[tʰoŋ.tʃe.mot̚.hɛ.jo],[tʰoŋ.dʒe.mot̚.hɛ.jo]
통제 불능으로,7,[tʰoŋ.tʃe.pul.lɯŋ.ɯ.ɾo],[tʰoŋ.dʒe.bul.lɯŋ.ɯ.ɾo]
발사 직전 스리 투,7,[pal.sa.tʃik̚.tʃʌn.sɯ.ɾi.tʰu],[bal.sa.dʒik̚.tʃʌn.sɯ.ɾi.tʰu]
발사 직전 스리,7,[pal.sa.tʃik̚.tʃʌn.sɯ.ɾi],[bal.sa.dʒik̚.tʃʌn.sɯ.ɾi]
발사 코드를,7,[pal.sa.kʰo.tɯ.ɾɯl],[bal.sa.kʰo.dɯ.ɾɯl]
고마워 잠깐만요,7,[ko.ma.wʌ.tʃam.k͈an.man.jo],[go.ma.wʌ.dʒam.k͈an.man.jo]
발사 할 수,7,[pal.sa.hal.su],[bal.sa.hal.su]
as hard,7,,
통제권을 되찾을,7,[tʰoŋ.tʃe.kwʌn.ɯl.twe.tʃʰat̚.ɯl],[tʰoŋ.dʒe.gwʌn.ɯl.dwe.tʃʰat̚.ɯl]
고마워 잠시만,7,[ko.ma.wʌ.tʃam.si.man],[go.ma.wʌ.dʒam.si.man]
통제력을 가지고,7,[tʰoŋ.tʃe.ɾjʌk̚.ɯl.ka.tʃi.ko],[tʰoŋ.dʒe.ɾjʌk̚.ɯl.ga.dʒi.go]
남편도 아나요,7,[nam.pʰjʌn.to.a.na.jo],[nam.pʰjʌn.to.a.na.jo]
통제를 받고,7,[tʰoŋ.tʃe.ɾɯl.pat̚.ko],[tʰoŋ.dʒe.ɾɯl.bat̚.ko]
발생 시각은,7,[pal.sɛŋ.si.kak̚.ɯn],[bal.sɛŋ.si.gak̚.ɯn]
남편보다 더,7,[nam.pʰjʌm.po.ta.tʌ],[nam.pʰjʌm.po.da.dʌ]
통제하고 있다는,7,[tʰoŋ.tʃe.ha.ko.it̚.ta.nɯn],[tʰoŋ.dʒe.ha.go.it̚.ta.nɯn]
남편분 일은,7,[nam.pʰjʌm.pun.il.ɯn],[nam.pʰjʌm.pun.il.ɯn]
발생 이틀,7,[pal.sɛŋ.i.tʰɯl],[bal.sɛŋ.i.tʰɯl]
통제하고 있지,7,[tʰoŋ.tʃe.ha.ko.it̚.tʃi],[tʰoŋ.dʒe.ha.go.it̚.tʃi]
My partner,7,,
남편분이 정말,7,[nam.pʰjʌm.pun.i.tʃʌŋ.mal],[nam.pʰjʌm.pun.i.dʒʌŋ.mal]
통제하는 방법을,7,[tʰoŋ.tʃe.ha.nɯm.pam.pʌp̚.ɯl],[tʰoŋ.dʒe.ha.nɯn.baŋ.bʌp̚.ɯl]
통제할 때,7,[tʰoŋ.tʃe.hal.t͈ɛ],[tʰoŋ.dʒe.hal.t͈ɛ]
발생하지 않도록,7,[pal.sɛŋ.ha.tʃi.an.to.ɾok̚],[bal.sɛŋ.ha.dʒi.an.to.ɾok̚]
남편에 의해,7,[nam.pʰjʌn.e.ɯi.hɛ],[nam.pʰjʌn.e.ɯi.hɛ]
통제할 수 있어야,7,[tʰoŋ.tʃe.hal.su.it̚.ʌ.ja],[tʰoŋ.dʒe.hal.su.it̚.ʌ.ja]
통제할 수가 없어,7,[tʰoŋ.tʃe.hal.su.ka.ʌp̚.ʌ],[tʰoŋ.dʒe.hal.su.ga.ʌp̚.ʌ]
통제할 수 있지,7,[tʰoŋ.tʃe.hal.su.it̚.tʃi],[tʰoŋ.dʒe.hal.su.it̚.tʃi]
남편으로 맞이하여,7,[nam.pʰjʌn.ɯ.ɾo.mat̚.i.ha.jʌ],[nam.pʰjʌn.ɯ.ɾo.mat̚.i.ha.jʌ]
고마워 정말 감사합니다,7,[ko.ma.wʌ.tʃʌŋ.mal.kam.sa.hap̚.ni.ta],[go.ma.wʌ.dʒʌŋ.mal.gam.sa.hap̚.ni.da]
통지를 받았다,7,[tʰoŋ.tʃi.ɾɯl.pat̚.at̚.ta],[tʰoŋ.dʒi.ɾɯl.bat̚.at̚.ta]
통찰력을 가지고,7,[tʰoŋ.tʃʰal.ɾjʌk̚.ɯl.ka.tʃi.ko],[tʰoŋ.tʃʰal.ɾjʌk̚.ɯl.ga.dʒi.go]
통치자가 될,7,[tʰoŋ.tʃʰi.tʃa.ka.twel],[tʰoŋ.tʃʰi.dʒa.ga.dwel]
고마워 정말 멋진,7,[ko.ma.wʌ.tʃʌŋ.mal.mʌt̚.tʃin],[go.ma.wʌ.dʒʌŋ.mal.mʌt̚.tʃin]
남편은 매일,7,[nam.pʰjʌn.ɯn.mɛ.il],[nam.pʰjʌn.ɯn.mɛ.il]
해고 했어,7,[hɛ.ko.hɛt̚.ʌ],[hɛ.go.hɛt̚.ʌ]
통하고 있어,7,[tʰoŋ.ha.ko.it̚.ʌ],[tʰoŋ.ha.go.it̚.ʌ]
남편은 몇,7,[nam.pʰjʌn.ɯn.mjʌt̚],[nam.pʰjʌn.ɯn.mjʌt̚]
통하는 게 있는,7,[tʰoŋ.ha.nɯŋ.ke.it̚.nɯn],[tʰoŋ.ha.nɯn.ge.it̚.nɯn]
발설하지 않을,7,[pal.sʌl.ha.tʃi.an.ɯl],[bal.sʌl.ha.dʒi.an.ɯl]
통하는 사람을,7,[tʰoŋ.ha.nɯn.sa.ɾam.ɯl],[tʰoŋ.ha.nɯn.sa.ɾam.ɯl]
발소리 멀어진다,7,[pal.so.ɾi.mʌl.ʌ.tʃin.ta],[bal.so.ɾi.mʌl.ʌ.dʒin.ta]
남편은 뭐,7,[nam.pʰjʌn.ɯn.mwʌ],[nam.pʰjʌn.ɯn.mwʌ]
통한 거,7,[tʰoŋ.haŋ.kʌ],[tʰoŋ.han.gʌ]
통할 것이다,7,[tʰoŋ.hal.kʌt̚.i.ta],[tʰoŋ.hal.gʌt̚.i.da]
남편은 왜,7,[nam.pʰjʌn.ɯn.wɛ],[nam.pʰjʌn.ɯn.wɛ]
발언은 손들고,7,[pal.ʌn.ɯn.son.tɯl.ko],[bal.ʌn.ɯn.son.tɯl.ko]
통해 널,7,[tʰoŋ.hɛ.nʌl],[tʰoŋ.hɛ.nʌl]
발언은 손들고 해주세요,7,[pal.ʌn.ɯn.son.tɯl.ko.hɛ.tʃu.se.jo],[bal.ʌn.ɯn.son.tɯl.ko.hɛ.dʒu.se.jo]
발언을 했습니다,7,[pal.ʌn.ɯl.hɛt̚.sɯp̚.ni.ta],[bal.ʌn.ɯl.hɛt̚.sɯp̚.ni.da]
발에 감각이 없어,7,[pal.e.kam.kak̚.i.ʌp̚.ʌ],[bal.e.gam.kak̚.i.ʌp̚.ʌ]
통해 많은,7,[tʰoŋ.hɛ.man.ɯn],[tʰoŋ.hɛ.man.ɯn]
통해 먹고,7,[tʰoŋ.hɛ.mʌk̚.ko],[tʰoŋ.hɛ.mʌk̚.ko]
내가 다 알아서 할,7,[nɛ.ka.ta.al.a.sʌ.hal],[nɛ.ga.da.al.a.sʌ.hal]
발은 어때요,7,[pal.ɯn.ʌ.t͈ɛ.jo],[bal.ɯn.ʌ.t͈ɛ.jo]
통해 보고,7,[tʰoŋ.hɛ.po.ko],[tʰoŋ.hɛ.bo.go]
통해 서로,7,[tʰoŋ.hɛ.sʌ.ɾo],[tʰoŋ.hɛ.sʌ.ɾo]
통해 세상을,7,[tʰoŋ.hɛ.se.saŋ.ɯl],[tʰoŋ.hɛ.se.saŋ.ɯl]
발을 내딛는,7,[pal.ɯl.lɛ.tit̚.nɯn],[bal.ɯl.lɛ.dit̚.nɯn]
발을 다른,7,[pal.ɯl.ta.ɾɯn],[bal.ɯl.da.ɾɯn]
통해 어떻게,7,[tʰoŋ.hɛ.ʌ.t͈ʌt̚.ke],[tʰoŋ.hɛ.ʌ.t͈ʌt̚.ke]
통해 얻을 수,7,[tʰoŋ.hɛ.ʌt̚.ɯl.su],[tʰoŋ.hɛ.ʌt̚.ɯl.su]
남편은 출장,7,[nam.pʰjʌn.ɯn.tʃʰul.tʃaŋ],[nam.pʰjʌn.ɯn.tʃʰul.tʃaŋ]
on the beach,7,,
통해 외국어로 말하는,7,[tʰoŋ.hɛ.we.kuk̚.ʌ.ɾo.mal.ha.nɯn],[tʰoŋ.hɛ.we.guk̚.ʌ.ɾo.mal.ha.nɯn]
그중 제일,7,[kɯ.tʃuŋ.tʃe.il],[gɯ.dʒuŋ.dʒe.il]
고마워 즐거운,7,[ko.ma.wʌ.tʃɯl.kʌ.un],[go.ma.wʌ.dʒɯl.kʌ.un]
해군 함정에,7,[hɛ.kun.han.tʃʌŋ.e],[hɛ.gun.han.tʃʌŋ.e]
그중 최고는,7,[kɯ.tʃuŋ.tʃʰwe.ko.nɯn],[gɯ.dʒuŋ.tʃʰwe.go.nɯn]
발을 들이게,7,[pal.ɯl.tɯl.i.ke],[bal.ɯl.dɯl.i.ge]
남편을 두고,7,[nam.pʰjʌn.ɯl.tu.ko],[nam.pʰjʌn.ɯl.du.go]
남편을 둔,7,[nam.pʰjʌn.ɯl.tun],[nam.pʰjʌn.ɯl.dun]
복구될 거야,7,[pok̚.ku.twel.kʌ.ja],[bok̚.ku.dwel.gʌ.ja]
불러요 당신은,7,[pul.ɾʌ.jo.taŋ.sin.ɯn],[bul.ɾʌ.jo.daŋ.sin.ɯn]
해군 장교가,7,[hɛ.kun.tʃaŋ.kjo.ka],[hɛ.gun.dʒaŋ.gjo.ga]
통해 힘을,7,[tʰoŋ.hɛ.him.ɯl],[tʰoŋ.hɛ.him.ɯl]
남편을 만나고,7,[nam.pʰjʌn.ɯl.man.na.ko],[nam.pʰjʌn.ɯl.man.na.go]
통해서 더,7,[tʰoŋ.hɛ.sʌ.tʌ],[tʰoŋ.hɛ.sʌ.dʌ]
발을 땅에,7,[pal.ɯl.t͈aŋ.e],[bal.ɯl.t͈aŋ.e]
고마워 진짜로,7,[ko.ma.wʌ.tʃin.tʃ͈a.ɾo],[go.ma.wʌ.dʒin.tʃ͈a.ɾo]
남편을 보러,7,[nam.pʰjʌn.ɯl.po.ɾʌ],[nam.pʰjʌn.ɯl.bo.ɾʌ]
발을 빼야,7,[pal.ɯl.p͈ɛ.ja],[bal.ɯl.p͈ɛ.ja]
통화 내역이,7,[tʰoŋ.hwa.nɛ.jʌk̚.i],[tʰoŋ.hwa.nɛ.jʌk̚.i]
통화 목록,7,[tʰoŋ.hwa.mok̚.ɾok̚],[tʰoŋ.hwa.mok̚.ɾok̚]
발을 재촉하고,7,[pal.ɯl.tʃɛ.tʃʰok̚.ha.ko],[bal.ɯl.dʒɛ.tʃʰok̚.ha.go]
발을 질질,7,[pal.ɯl.tʃil.tʃil],[bal.ɯl.dʒil.tʃil]
통화 연결,7,[tʰoŋ.hwa.jʌŋ.kjʌl],[tʰoŋ.hwa.jʌŋ.kjʌl]
발을 쿵,7,[pal.ɯl.kʰuŋ],[bal.ɯl.kʰuŋ]
통화 좀 할,7,[tʰoŋ.hwa.tʃom.hal],[tʰoŋ.hwa.dʒom.hal]
on the board,7,,
통화 좀 할 수,7,[tʰoŋ.hwa.tʃom.hal.su],[tʰoŋ.hwa.dʒom.hal.su]
발을 탁 구르며,7,[pal.ɯl.tʰak̚.ku.ɾɯ.mjʌ],[bal.ɯl.tʰak̚.gu.ɾɯ.mjʌ]
남편을 위한,7,[nam.pʰjʌn.ɯl.wi.han],[nam.pʰjʌn.ɯl.wi.han]
고마워 참고로,7,[ko.ma.wʌ.tʃʰam.ko.ɾo],[go.ma.wʌ.tʃʰam.ko.ɾo]
통화 중이었어,7,[tʰoŋ.hwa.tʃuŋ.i.ʌt̚.ʌ],[tʰoŋ.hwa.dʒuŋ.i.ʌt̚.ʌ]
남편을 잃었고,7,[nam.pʰjʌn.ɯl.il.ʌt̚.ko],[nam.pʰjʌn.ɯl.il.ʌt̚.ko]
남편을 잘,7,[nam.pʰjʌn.ɯl.tʃal],[nam.pʰjʌn.ɯl.dʒal]
발이 걸려,7,[pal.i.kʌl.ɾjʌ],[bal.i.gʌl.ɾjʌ]
이거 읽어봐,7,[i.kʌ.ik̚.ʌ.pwa],[i.gʌ.ik̚.ʌ.bwa]
남편을 죽였어요,7,[nam.pʰjʌn.ɯl.tʃuk̚.jʌt̚.ʌ.jo],[nam.pʰjʌn.ɯl.dʒuk̚.jʌt̚.ʌ.jo]
통화를 할,7,[tʰoŋ.hwa.ɾɯl.hal],[tʰoŋ.hwa.ɾɯl.hal]
발이 달린,7,[pal.i.tal.ɾin],[bal.i.dal.ɾin]
희망을 버리면 안,7,[hɯi.maŋ.ɯl.pʌ.ɾi.mjʌn.an],[hɯi.maŋ.ɯl.bʌ.ɾi.mjʌn.an]
발이 묶였다,7,[pal.i.muk̚.jʌt̚.ta],[bal.i.muk̚.jʌt̚.ta]
통화만 하면,7,[tʰoŋ.hwa.man.ha.mjʌn],[tʰoŋ.hwa.man.ha.mjʌn]
통화하고 싶대,7,[tʰoŋ.hwa.ha.ko.sip̚.tɛ],[tʰoŋ.hwa.ha.go.sip̚.tɛ]
발이 아파요,7,[pal.i.a.pʰa.jo],[bal.i.a.pʰa.jo]
통화하는 건,7,[tʰoŋ.hwa.ha.nɯŋ.kʌn],[tʰoŋ.hwa.ha.nɯn.gʌn]
통화한 거,7,[tʰoŋ.hwa.haŋ.kʌ],[tʰoŋ.hwa.han.gʌ]
때문에 저도,7,[t͈ɛ.mun.e.tʃʌ.to],[t͈ɛ.mun.e.dʒʌ.do]
통화한 후에,7,[tʰoŋ.hwa.han.hu.e],[tʰoŋ.hwa.han.hu.e]
발자국 소리가,7,[pal.tʃa.kuk̚.so.ɾi.ka],[bal.tʃa.guk̚.so.ɾi.ga]
통화할 수 없다,7,[tʰoŋ.hwa.hal.su.ʌp̚.ta],[tʰoŋ.hwa.hal.su.ʌp̚.ta]
발자국이 있어,7,[pal.tʃa.kuk̚.i.it̚.ʌ],[bal.tʃa.guk̚.i.it̚.ʌ]
be 항상,7,[haŋ.saŋ],[haŋ.saŋ]
All for,7,,
퇴근 안 하고,7,[tʰwe.kɯn.an.ha.ko],[tʰwe.gɯn.an.ha.go]
퇴근 안 하세요,7,[tʰwe.kɯn.an.ha.se.jo],[tʰwe.gɯn.an.ha.se.jo]
퇴근 안 했어,7,[tʰwe.kɯn.an.hɛt̚.ʌ],[tʰwe.gɯn.an.hɛt̚.ʌ]
고마워 티나,7,[ko.ma.wʌ.tʰi.na],[go.ma.wʌ.tʰi.na]
퇴근하고 바로,7,[tʰwe.kɯn.ha.ko.pa.ɾo],[tʰwe.gɯn.ha.go.ba.ɾo]
퇴근할 건데,7,[tʰwe.kɯn.hal.kʌn.te],[tʰwe.gɯn.hal.gʌn.te]
내가 다른 사람,7,[nɛ.ka.ta.ɾɯn.sa.ɾam],[nɛ.ga.da.ɾɯn.sa.ɾam]
남편이 그런,7,[nam.pʰjʌn.i.kɯ.ɾʌn],[nam.pʰjʌn.i.gɯ.ɾʌn]
갖기 위해선,7,[kat̚.ki.wi.hɛ.sʌn],[gat̚.ki.wi.hɛ.sʌn]
감당 못 하겠어요,7,[kan.taŋ.mot̚.ha.ket̚.ʌ.jo],[gan.taŋ.mot̚.ha.get̚.ʌ.jo]
퇴역 군인은,7,[tʰwe.jʌk̚.kun.in.ɯn],[tʰwe.jʌk̚.gun.in.ɯn]
발전기가 있어요,7,[pal.tʃʌŋ.ki.ka.it̚.ʌ.jo],[bal.tʃʌŋ.ki.ga.it̚.ʌ.jo]
퇴역 미공군 장교,7,[tʰwe.jʌk̚.mi.koŋ.kun.tʃaŋ.kjo],[tʰwe.jʌk̚.mi.goŋ.gun.dʒaŋ.gjo]
퇴원하셔도 됩니다,7,[tʰwe.wʌn.ha.sjʌ.to.twep̚.ni.ta],[tʰwe.wʌn.ha.sjʌ.do.dwep̚.ni.da]
퇴짜 맞은,7,[tʰwe.tʃ͈a.mat̚.ɯn],[tʰwe.tʃ͈a.mat̚.ɯn]
남편이 너무,7,[nam.pʰjʌn.i.nʌ.mu],[nam.pʰjʌn.i.nʌ.mu]
발전을 위해서,7,[pal.tʃʌn.ɯl.wi.hɛ.sʌ],[bal.tʃʌn.ɯl.wi.hɛ.sʌ]
퇴학 안,7,[tʰwe.hak̚.an],[tʰwe.hak̚.an]
남편이 네,7,[nam.pʰjʌn.i.ne],[nam.pʰjʌn.i.ne]
감당 못 한다고,7,[kan.taŋ.mot̚.han.ta.ko],[gan.taŋ.mot̚.han.ta.go]
투 대시,7,[tʰu.tɛ.si],[tʰu.dɛ.si]
투 더 퓨처'',7,[tʰu.tʌ.pʰju.tʃʰʌ],[tʰu.dʌ.pʰju.tʃʰʌ]
투 원피스를,7,[tʰu.wʌm.pʰi.sɯ.ɾɯl],[tʰu.wʌm.pʰi.sɯ.ɾɯl]
투 원피스를 휘날리면,7,[tʰu.wʌm.pʰi.sɯ.ɾɯl.hwi.nal.ɾi.mjʌn],[tʰu.wʌm.pʰi.sɯ.ɾɯl.hwi.nal.ɾi.mjʌn]
투 페어,7,[tʰu.pʰe.ʌ],[tʰu.pʰe.ʌ]
투 혼즈,7,[tʰu.hon.tʃɯ],[tʰu.hon.tʃɯ]
발전할 수 있는,7,[pal.tʃʌn.hal.su.it̚.nɯn],[bal.tʃʌn.hal.su.it̚.nɯn]
투루루 숨을,7,[tʰu.ɾu.ɾu.sum.ɯl],[tʰu.ɾu.ɾu.sum.ɯl]
발전함에 따라,7,[pal.tʃʌn.ham.e.t͈a.ɾa],[bal.tʃʌn.ham.e.t͈a.ɾa]
투명 광선,7,[tʰu.mjʌŋ.kwaŋ.sʌn],[tʰu.mjʌŋ.gwaŋ.sʌn]
감당 못 할 거야,7,[kan.taŋ.mot̚.hal.kʌ.ja],[gan.taŋ.mot̚.hal.gʌ.ja]
투명성을 위해,7,[tʰu.mjʌŋ.sʌŋ.ɯl.wi.hɛ],[tʰu.mjʌŋ.sʌŋ.ɯl.wi.hɛ]
발짝 뒤로,7,[pal.tʃ͈ak̚.twi.ɾo],[bal.tʃ͈ak̚.dwi.ɾo]
투명인간이 아니야,7,[tʰu.mjʌŋ.iŋ.kan.i.a.ni.ja],[tʰu.mjʌŋ.iŋ.kan.i.a.ni.ja]
투명인간이 된,7,[tʰu.mjʌŋ.iŋ.kan.i.twen],[tʰu.mjʌŋ.iŋ.kan.i.dwen]
갔어요 그가,7,[kat̚.ʌ.jo.kɯ.ka],[gat̚.ʌ.jo.gɯ.ga]
투손에 생존자가 있다,7,[tʰu.son.e.sɛŋ.tʃon.tʃa.ka.it̚.ta],[tʰu.son.e.sɛŋ.dʒon.tʃa.ga.it̚.ta]
on the edge of,7,,
투어 공연,7,[tʰu.ʌ.koŋ.jʌn],[tʰu.ʌ.goŋ.jʌn]
투어는 어땠어,7,[tʰu.ʌ.nɯn.ʌ.t͈ɛt̚.ʌ],[tʰu.ʌ.nɯn.ʌ.t͈ɛt̚.ʌ]
남편이 떠난,7,[nam.pʰjʌn.i.t͈ʌ.nan],[nam.pʰjʌn.i.t͈ʌ.nan]
투어를 했다,7,[tʰu.ʌ.ɾɯl.hɛt̚.ta],[tʰu.ʌ.ɾɯl.hɛt̚.ta]
불렀어요 그게,7,[pul.ɾʌt̚.ʌ.jo.kɯ.ke],[bul.ɾʌt̚.ʌ.jo.gɯ.ge]
투이는 어디,7,[tʰu.i.nɯn.ʌ.ti],[tʰu.i.nɯn.ʌ.di]
투이는 어디 있어,7,[tʰu.i.nɯn.ʌ.ti.it̚.ʌ],[tʰu.i.nɯn.ʌ.di.it̚.ʌ]
발톱 자국,7,[pal.tʰop̚.tʃa.kuk̚],[bal.tʰop̚.dʒa.guk̚]
투입할 겁니다,7,[tʰu.ip̚.hal.kʌp̚.ni.ta],[tʰu.ip̚.hal.gʌp̚.ni.da]
투자 설명서에,7,[tʰu.tʃa.sʌl.mjʌŋ.sʌ.e],[tʰu.dʒa.sʌl.mjʌŋ.sʌ.e]
투자 설명서,7,[tʰu.tʃa.sʌl.mjʌŋ.sʌ],[tʰu.dʒa.sʌl.mjʌŋ.sʌ]
on the farm,7,,
발포 중지,7,[pal.pʰo.tʃuŋ.tʃi],[bal.pʰo.dʒuŋ.dʒi]
이거 효과,7,[i.kʌ.hjo.kwa],[i.gʌ.hjo.gwa]
발포해도 좋다,7,[pal.pʰo.hɛ.to.tʃot̚.ta],[bal.pʰo.hɛ.do.dʒot̚.ta]
내가 다시 전화해도,7,[nɛ.ka.ta.si.tʃʌn.hwa.hɛ.to],[nɛ.ga.da.si.dʒʌn.hwa.hɛ.do]
남편이 살해당한,7,[nam.pʰjʌn.i.sal.hɛ.taŋ.han],[nam.pʰjʌn.i.sal.hɛ.daŋ.han]
이거나 입어,7,[i.kʌ.na.ip̚.ʌ],[i.gʌ.na.ip̚.ʌ]
투자하는 거죠,7,[tʰu.tʃa.ha.nɯŋ.kʌ.tʃjo],[tʰu.dʒa.ha.nɯn.gʌ.dʒjo]
투자한 걸,7,[tʰu.tʃa.haŋ.kʌl],[tʰu.dʒa.han.gʌl]
투쟁의 흔적은,7,[tʰu.tʃɛŋ.ɯi.hɯn.tʃʌk̚.ɯn],[tʰu.dʒɛŋ.ɯi.hɯn.tʃʌk̚.ɯn]
투표 결과에,7,[tʰu.pʰjo.kjʌl.kwa.e],[tʰu.pʰjo.gjʌl.kwa.e]
발표를 해야,7,[pal.pʰjo.ɾɯl.hɛ.ja],[bal.pʰjo.ɾɯl.hɛ.ja]
남편이 애를,7,[nam.pʰjʌn.i.ɛ.ɾɯl],[nam.pʰjʌn.i.ɛ.ɾɯl]
on the first,7,,
복부에 총을,7,[pok̚.pu.e.tʃʰoŋ.ɯl],[bok̚.pu.e.tʃʰoŋ.ɯl]
투표를 했는데,7,[tʰu.pʰjo.ɾɯl.hɛt̚.nɯn.te],[tʰu.pʰjo.ɾɯl.hɛt̚.nɯn.te]
남편이 얼마나,7,[nam.pʰjʌn.i.ʌl.ma.na],[nam.pʰjʌn.i.ʌl.ma.na]
남편이 없어요,7,[nam.pʰjʌn.i.ʌp̚.ʌ.jo],[nam.pʰjʌn.i.ʌp̚.ʌ.jo]
고마워 훌륭한,7,[ko.ma.wʌ.hul.ɾjuŋ.han],[go.ma.wʌ.hul.ɾjuŋ.han]
남편이 올,7,[nam.pʰjʌn.i.ol],[nam.pʰjʌn.i.ol]
고마워 혼자,7,[ko.ma.wʌ.hon.tʃa],[go.ma.wʌ.hon.tʃa]
복사본을 갖고,7,[pok̚.sa.pon.ɯl.kat̚.ko],[bok̚.sa.bon.ɯl.gat̚.ko]
발할 수,7,[pal.hal.su],[bal.hal.su]
툭 차며,7,[tʰuk̚.tʃʰa.mjʌ],[tʰuk̚.tʃʰa.mjʌ]
발행 안,7,[pal.hɛŋ.an],[bal.hɛŋ.an]
be 항상 착한,7,[haŋ.saŋ.tʃʰak̚.han],[haŋ.saŋ.tʃʰak̚.han]
남편이 이렇게,7,[nam.pʰjʌn.i.i.ɾʌt̚.ke],[nam.pʰjʌn.i.i.ɾʌt̚.ke]
툰드라 타운,7,[tʰun.tɯ.ɾa.tʰa.un],[tʰun.tɯ.ɾa.tʰa.un]
퉁퉁 불은,7,[tʰuŋ.tʰum.pul.ɯn],[tʰuŋ.tʰuŋ.bul.ɯn]
발휘할 기회를,7,[pal.hwi.hal.ki.hwe.ɾɯl],[bal.hwi.hal.gi.hwe.ɾɯl]
튀김 먹을래,7,[tʰwi.kim.mʌk̚.ɯl.ɾɛ],[tʰwi.gim.mʌk̚.ɯl.ɾɛ]
튀는 걸,7,[tʰwi.nɯŋ.kʌl],[tʰwi.nɯn.gʌl]
튀면 돼,7,[tʰwi.mjʌn.twɛ],[tʰwi.mjʌn.dwɛ]
튀어나온 거,7,[tʰwi.ʌ.na.oŋ.kʌ],[tʰwi.ʌ.na.on.gʌ]
남편이 저를,7,[nam.pʰjʌn.i.tʃʌ.ɾɯl],[nam.pʰjʌn.i.dʒʌ.ɾɯl]
밝게 웃으면서,7,[pak̚.ke.ut̚.ɯ.mjʌn.sʌ],[bak̚.ke.ut̚.ɯ.mjʌn.sʌ]
해도 꽤,7,[hɛ.to.k͈wɛ],[hɛ.do.k͈wɛ]
튀지 않는,7,[tʰwi.tʃi.an.nɯn],[tʰwi.dʒi.an.nɯn]
튈 거예요,7,[tʰwil.kʌ.je.jo],[tʰwil.gʌ.je.jo]
튈까 봐,7,[tʰwil.k͈a.pwa],[tʰwil.k͈a.bwa]
튈지 몰라,7,[tʰwil.tʃi.mol.ɾa],[tʰwil.tʃi.mol.ɾa]
튤립 꽃,7,[tʰjul.ɾip̚.k͈ot̚],[tʰjul.ɾip̚.k͈ot̚]
튤립은 어디 있지,7,[tʰjul.ɾip̚.ɯn.ʌ.ti.it̚.tʃi],[tʰjul.ɾip̚.ɯn.ʌ.di.it̚.tʃi]
남편이 죽었을,7,[nam.pʰjʌn.i.tʃuk̚.ʌt̚.ɯl],[nam.pʰjʌn.i.dʒuk̚.ʌt̚.ɯl]
감당도 못할,7,[kan.taŋ.to.mot̚.hal],[gan.taŋ.do.mot̚.hal]
트래비스를 죽인,7,[tʰɯ.ɾɛ.pi.sɯ.ɾɯl.tʃuk̚.in],[tʰɯ.ɾɛ.bi.sɯ.ɾɯl.dʒuk̚.in]
트랜스 폰더,7,[tʰɯ.ɾɛn.sɯ.pʰon.tʌ],[tʰɯ.ɾɛn.sɯ.pʰon.tʌ]
밝은 빛은,7,[pak̚.ɯm.pit̚.ɯn],[bak̚.ɯn.bit̚.ɯn]
트럭 경적,7,[tʰɯ.ɾʌk̚.kjʌŋ.tʃʌk̚],[tʰɯ.ɾʌk̚.gjʌŋ.dʒʌk̚]
트럭 말이야,7,[tʰɯ.ɾʌk̚.mal.i.ja],[tʰɯ.ɾʌk̚.mal.i.ja]
남편이 할,7,[nam.pʰjʌn.i.hal],[nam.pʰjʌn.i.hal]
트럭 안으로,7,[tʰɯ.ɾʌk̚.an.ɯ.ɾo],[tʰɯ.ɾʌk̚.an.ɯ.ɾo]
트럭 운전사와,7,[tʰɯ.ɾʌk̚.un.tʃʌn.sa.wa],[tʰɯ.ɾʌk̚.un.tʃʌn.sa.wa]
밝혀 줘,7,[pak̚.hjʌ.tʃwʌ],[bak̚.hjʌ.dʒwʌ]
트럭에 대한,7,[tʰɯ.ɾʌk̚.e.tɛ.han],[tʰɯ.ɾʌk̚.e.dɛ.han]
남편한테 안,7,[nam.pʰjʌn.han.tʰe.an],[nam.pʰjʌn.han.tʰe.an]
이건 CIA,7,[i.kʌn],[i.gʌn]
이건 Craxi,7,[i.kʌn],[i.gʌn]
트럭에서 떨어져,7,[tʰɯ.ɾʌk̚.e.sʌ.t͈ʌl.ʌ.tʃjʌ],[tʰɯ.ɾʌk̚.e.sʌ.t͈ʌl.ʌ.dʒjʌ]
남학생 탈의실,7,[nam.hak̚.sɛŋ.tʰal.ɯi.sil],[nam.hak̚.sɛŋ.tʰal.ɯi.sil]
트럭은 어딨어,7,[tʰɯ.ɾʌk̚.ɯn.ʌ.tit̚.ʌ],[tʰɯ.ɾʌk̚.ɯn.ʌ.dit̚.ʌ]
트럭을 갖고,7,[tʰɯ.ɾʌk̚.ɯl.kat̚.ko],[tʰɯ.ɾʌk̚.ɯl.gat̚.ko]
밝혀지는 걸,7,[pak̚.hjʌ.tʃi.nɯŋ.kʌl],[bak̚.hjʌ.dʒi.nɯn.gʌl]
트럭을 샀다,7,[tʰɯ.ɾʌk̚.ɯl.sat̚.ta],[tʰɯ.ɾʌk̚.ɯl.sat̚.ta]
남호의 웃음,7,[nam.ho.ɯi.ut̚.ɯm],[nam.ho.ɯi.ut̚.ɯm]
밝혀지지 않았고,7,[pak̚.hjʌ.tʃi.tʃi.an.at̚.ko],[bak̚.hjʌ.dʒi.dʒi.an.at̚.ko]
트럭을 운전하고,7,[tʰɯ.ɾʌk̚.ɯl.un.tʃʌn.ha.ko],[tʰɯ.ɾʌk̚.ɯl.un.tʃʌn.ha.go]
트럭이 오고,7,[tʰɯ.ɾʌk̚.i.o.ko],[tʰɯ.ɾʌk̚.i.o.go]
이건 개,7,[i.kʌŋ.kɛ],[i.gʌn.gɛ]
밝혀진 것은,7,[pak̚.hjʌ.tʃiŋ.kʌt̚.ɯn],[bak̚.hjʌ.dʒin.gʌt̚.ɯn]
밝혀질 거라고,7,[pak̚.hjʌ.tʃil.kʌ.ɾa.ko],[bak̚.hjʌ.dʒil.gʌ.ɾa.go]
트렁크 속에,7,[tʰɯ.ɾʌŋ.kʰɯ.sok̚.e],[tʰɯ.ɾʌŋ.kʰɯ.sok̚.e]
트렁크 열어요,7,[tʰɯ.ɾʌŋ.kʰɯ.jʌl.ʌ.jo],[tʰɯ.ɾʌŋ.kʰɯ.jʌl.ʌ.jo]
as it''s,7,,
이건 개인적인 일이야,7,[i.kʌŋ.kɛ.in.tʃʌk̚.in.il.i.ja],[i.gʌn.gɛ.in.tʃʌk̚.in.il.i.ja]
트레버는 왜,7,[tʰɯ.ɾe.pʌ.nɯn.wɛ],[tʰɯ.ɾe.bʌ.nɯn.wɛ]
트레일러 파크,7,[tʰɯ.ɾe.il.ɾʌ.pʰa.kʰɯ],[tʰɯ.ɾe.il.ɾʌ.pʰa.kʰɯ]
트렌트 맥브라이드,7,[tʰɯ.ɾen.tʰɯ.mɛk̚.pɯ.ɾa.i.tɯ],[tʰɯ.ɾen.tʰɯ.mɛk̚.pɯ.ɾa.i.dɯ]
트로이 목마가,7,[tʰɯ.ɾo.i.mok̚.ma.ka],[tʰɯ.ɾo.i.mok̚.ma.ga]
고마워요 그가,7,[ko.ma.wʌ.jo.kɯ.ka],[go.ma.wʌ.jo.gɯ.ga]
트로피 같은,7,[tʰɯ.ɾo.pʰi.kat̚.ɯn],[tʰɯ.ɾo.pʰi.gat̚.ɯn]
트로피 와이프,7,[tʰɯ.ɾo.pʰi.wa.i.pʰɯ],[tʰɯ.ɾo.pʰi.wa.i.pʰɯ]
트롤의 날,7,[tʰɯ.ɾol.ɯi.nal],[tʰɯ.ɾol.ɯi.nal]
밝히지 않았어,7,[pak̚.hi.tʃi.an.at̚.ʌ],[bak̚.hi.dʒi.an.at̚.ʌ]
밝히지 않았어요,7,[pak̚.hi.tʃi.an.at̚.ʌ.jo],[bak̚.hi.dʒi.an.at̚.ʌ.jo]
트리 괜찮아,7,[tʰɯ.ɾi.kwɛn.tʃʰan.a],[tʰɯ.ɾi.gwɛn.tʃʰan.a]
트리 안녕,7,[tʰɯ.ɾi.an.njʌŋ],[tʰɯ.ɾi.an.njʌŋ]
복수하는 건,7,[pok̚.su.ha.nɯŋ.kʌn],[bok̚.su.ha.nɯn.gʌn]
해도 또,7,[hɛ.to.t͈o],[hɛ.do.t͈o]
트리시 트리시,7,[tʰɯ.ɾi.si.tʰɯ.ɾi.si],[tʰɯ.ɾi.si.tʰɯ.ɾi.si]
고마워요 그것,7,[ko.ma.wʌ.jo.kɯ.kʌt̚],[go.ma.wʌ.jo.gɯ.gʌt̚]
납치 당시,7,[nap̚.tʃʰi.taŋ.si],[nap̚.tʃʰi.daŋ.si]
밝힐 수 없다,7,[pak̚.hil.su.ʌp̚.ta],[bak̚.hil.su.ʌp̚.ta]
as long as you,7,,
트인 곳에,7,[tʰɯ.iŋ.kot̚.e],[tʰɯ.in.got̚.e]
트인 곳에서,7,[tʰɯ.iŋ.kot̚.e.sʌ],[tʰɯ.in.got̚.e.sʌ]
특권 중,7,[tʰɯk̚.kwʌn.tʃuŋ],[tʰɯk̚.kwʌn.dʒuŋ]
특권이 있다,7,[tʰɯk̚.kwʌn.i.it̚.ta],[tʰɯk̚.kwʌn.i.it̚.ta]
밝힐 수도,7,[pak̚.hil.su.to],[bak̚.hil.su.do]
set my,7,,
특별 공연,7,[tʰɯk̚.pjʌl.koŋ.jʌn],[tʰɯk̚.pjʌl.goŋ.jʌn]
특별 배달입니다,7,[tʰɯk̚.pjʌl.pɛ.tal.ip̚.ni.ta],[tʰɯk̚.pjʌl.bɛ.dal.ip̚.ni.da]
특별 보도,7,[tʰɯk̚.pjʌl.po.to],[tʰɯk̚.pjʌl.bo.do]
특별 수사대를,7,[tʰɯk̚.pjʌl.su.sa.tɛ.ɾɯl],[tʰɯk̚.pjʌl.su.sa.dɛ.ɾɯl]
특별 수사팀이,7,[tʰɯk̚.pjʌl.su.sa.tʰim.i],[tʰɯk̚.pjʌl.su.sa.tʰim.i]
납치 혐의로,7,[nap̚.tʃʰi.hjʌm.ɯi.ɾo],[nap̚.tʃʰi.hjʌm.ɯi.ɾo]
밟아 봐,7,[pal.a.pwa],[bal.a.bwa]
특별 접근,7,[tʰɯk̚.pjʌl.tʃʌp̚.kɯn],[tʰɯk̚.pjʌl.dʒʌp̚.kɯn]
특별 주문한,7,[tʰɯk̚.pjʌl.tʃu.mun.han],[tʰɯk̚.pjʌl.dʒu.mun.han]
특별 초대,7,[tʰɯk̚.pjʌl.tʃʰo.tɛ],[tʰɯk̚.pjʌl.tʃʰo.dɛ]
as many,7,,
납치당했을 때,7,[nap̚.tʃʰi.taŋ.hɛt̚.ɯl.t͈ɛ],[nap̚.tʃʰi.daŋ.hɛt̚.ɯl.t͈ɛ]
고마워요 그럴,7,[ko.ma.wʌ.jo.kɯ.ɾʌl],[go.ma.wʌ.jo.gɯ.ɾʌl]
특별하지 않아요,7,[tʰɯk̚.pjʌl.ha.tʃi.an.a.jo],[tʰɯk̚.pjʌl.ha.dʒi.an.a.jo]
특별하지 않은,7,[tʰɯk̚.pjʌl.ha.tʃi.an.ɯn],[tʰɯk̚.pjʌl.ha.dʒi.an.ɯn]
밟은 게,7,[pal.ɯŋ.ke],[bal.ɯn.ge]
감당할 능력이,7,[kan.taŋ.hal.lɯŋ.ɾjʌk̚.i],[gan.taŋ.hal.lɯŋ.ɾjʌk̚.i]
특별한 거예요,7,[tʰɯk̚.pjʌl.haŋ.kʌ.je.jo],[tʰɯk̚.pjʌl.han.gʌ.je.jo]
특별한 거죠,7,[tʰɯk̚.pjʌl.haŋ.kʌ.tʃjo],[tʰɯk̚.pjʌl.han.gʌ.dʒjo]
고마워요 그럼 이제,7,[ko.ma.wʌ.jo.kɯ.ɾʌm.i.tʃe],[go.ma.wʌ.jo.gɯ.ɾʌm.i.dʒe]
특별한 건 없었어,7,[tʰɯk̚.pjʌl.haŋ.kʌn.ʌp̚.ʌt̚.ʌ],[tʰɯk̚.pjʌl.han.gʌn.ʌp̚.ʌt̚.ʌ]
특별한 건데,7,[tʰɯk̚.pjʌl.haŋ.kʌn.te],[tʰɯk̚.pjʌl.han.gʌn.te]
My soul,7,,
밟지 마세요,7,[pal.tʃi.ma.se.jo],[bal.tʃi.ma.se.jo]
밟지 말고,7,[pal.tʃi.mal.ko],[bal.tʃi.mal.ko]
밤 갑자기,7,[pam.kap̚.tʃa.ki],[bam.gap̚.tʃa.gi]
특별한 게 없어요,7,[tʰɯk̚.pjʌl.haŋ.ke.ʌp̚.ʌ.jo],[tʰɯk̚.pjʌl.han.ge.ʌp̚.ʌ.jo]
납치된 거예요,7,[nap̚.tʃʰi.tweŋ.kʌ.je.jo],[nap̚.tʃʰi.dwen.gʌ.je.jo]
특별한 경험을,7,[tʰɯk̚.pjʌl.haŋ.kjʌŋ.hʌm.ɯl],[tʰɯk̚.pjʌl.han.gjʌŋ.hʌm.ɯl]
고마워요 그리,7,[ko.ma.wʌ.jo.kɯ.ɾi],[go.ma.wʌ.jo.gɯ.ɾi]
특별한 기술,7,[tʰɯk̚.pjʌl.haŋ.ki.sul],[tʰɯk̚.pjʌl.han.gi.sul]
특별한 기회를,7,[tʰɯk̚.pjʌl.haŋ.ki.hwe.ɾɯl],[tʰɯk̚.pjʌl.han.gi.hwe.ɾɯl]
특별한 날에만,7,[tʰɯk̚.pjʌl.han.nal.e.man],[tʰɯk̚.pjʌl.han.nal.e.man]
고마워요 그쪽,7,[ko.ma.wʌ.jo.kɯ.tʃ͈ok̚],[go.ma.wʌ.jo.gɯ.tʃ͈ok̚]
감당할 수 없게,7,[kan.taŋ.hal.su.ʌp̚.ke],[gan.taŋ.hal.su.ʌp̚.ke]
특별한 날이니까,7,[tʰɯk̚.pjʌl.han.nal.i.ni.k͈a],[tʰɯk̚.pjʌl.han.nal.i.ni.k͈a]
밤 공연을,7,[pam.koŋ.jʌn.ɯl],[bam.goŋ.jʌn.ɯl]
밤 그 일로 나한테,7,[pam.kɯ.il.ɾo.na.han.tʰe],[bam.gɯ.il.ɾo.na.han.tʰe]
납치를 당한,7,[nap̚.tʃʰi.ɾɯl.taŋ.han],[nap̚.tʃʰi.ɾɯl.daŋ.han]
밤 그녀의,7,[pam.kɯ.njʌ.ɯi],[bam.gɯ.njʌ.ɯi]
밤 그래,7,[pam.kɯ.ɾɛ],[bam.gɯ.ɾɛ]
밤 그를,7,[pam.kɯ.ɾɯl],[bam.gɯ.ɾɯl]
밤 근무,7,[pam.kɯn.mu],[bam.gɯn.mu]
밤 꼭,7,[pam.k͈ok̚],[bam.k͈ok̚]
히트 칠,7,[hi.tʰɯ.tʃʰil],[hi.tʰɯ.tʃʰil]
특별한 손님,7,[tʰɯk̚.pjʌl.han.son.nim],[tʰɯk̚.pjʌl.han.son.nim]
밤 꿈에,7,[pam.k͈um.e],[bam.k͈um.e]
특별한 애야,7,[tʰɯk̚.pjʌl.han.ɛ.ja],[tʰɯk̚.pjʌl.han.ɛ.ja]
특별한 여자를,7,[tʰɯk̚.pjʌl.han.jʌ.tʃa.ɾɯl],[tʰɯk̚.pjʌl.han.jʌ.dʒa.ɾɯl]
특별한 역할을,7,[tʰɯk̚.pjʌl.han.jʌk̚.hal.ɯl],[tʰɯk̚.pjʌl.han.jʌk̚.hal.ɯl]
특별한 우정을 가지고 있는지,7,[tʰɯk̚.pjʌl.han.u.tʃʌŋ.ɯl.ka.tʃi.ko.it̚.nɯn.tʃi],[tʰɯk̚.pjʌl.han.u.dʒʌŋ.ɯl.ga.dʒi.go.it̚.nɯn.tʃi]
특별한 우정을 가지고,7,[tʰɯk̚.pjʌl.han.u.tʃʌŋ.ɯl.ka.tʃi.ko],[tʰɯk̚.pjʌl.han.u.dʒʌŋ.ɯl.ga.dʒi.go]
특별한 이유가 있나요,7,[tʰɯk̚.pjʌl.han.i.ju.ka.it̚.na.jo],[tʰɯk̚.pjʌl.han.i.ju.ga.it̚.na.jo]
특별한 이유라도 있나요,7,[tʰɯk̚.pjʌl.han.i.ju.ɾa.to.it̚.na.jo],[tʰɯk̚.pjʌl.han.i.ju.ɾa.do.it̚.na.jo]
특별한 임무를,7,[tʰɯk̚.pjʌl.han.im.mu.ɾɯl],[tʰɯk̚.pjʌl.han.im.mu.ɾɯl]
밤 내게,7,[pam.nɛ.ke],[bam.nɛ.ge]
납치하는 걸,7,[nap̚.tʃʰi.ha.nɯŋ.kʌl],[nap̚.tʃʰi.ha.nɯn.gʌl]
특별한 재주가,7,[tʰɯk̚.pjʌl.han.tʃɛ.tʃu.ka],[tʰɯk̚.pjʌl.han.dʒɛ.dʒu.ga]
특별한 점은 없었어요,7,[tʰɯk̚.pjʌl.han.tʃʌm.ɯn.ʌp̚.ʌt̚.ʌ.jo],[tʰɯk̚.pjʌl.han.dʒʌm.ɯn.ʌp̚.ʌt̚.ʌ.jo]
밤 너와 함께,7,[pam.nʌ.wa.ham.k͈e],[bam.nʌ.wa.ham.k͈e]
밤 너의,7,[pam.nʌ.ɯi],[bam.nʌ.ɯi]
특별한 추억이,7,[tʰɯk̚.pjʌl.han.tʃʰu.ʌk̚.i],[tʰɯk̚.pjʌl.han.tʃʰu.ʌk̚.i]
특별한 힘을 가진,7,[tʰɯk̚.pjʌl.han.him.ɯl.ka.tʃin],[tʰɯk̚.pjʌl.han.him.ɯl.ga.dʒin]
밤 누군가,7,[pam.nu.kuŋ.ka],[bam.nu.guŋ.ka]
특별할 것 없는,7,[tʰɯk̚.pjʌl.hal.kʌt̚.ʌp̚.nɯn],[tʰɯk̚.pjʌl.hal.gʌt̚.ʌp̚.nɯn]
내가 대답하지,7,[nɛ.ka.tɛ.tap̚.ha.tʃi],[nɛ.ga.dɛ.dap̚.ha.dʒi]
특별히 그렇지는,7,[tʰɯk̚.pjʌl.hi.kɯ.ɾʌt̚.tʃi.nɯn],[tʰɯk̚.pjʌl.hi.gɯ.ɾʌt̚.tʃi.nɯn]
특별히 널,7,[tʰɯk̚.pjʌl.hi.nʌl],[tʰɯk̚.pjʌl.hi.nʌl]
on the run,7,,
납치한 것 같아요,7,[nap̚.tʃʰi.haŋ.kʌt̚.kat̚.a.jo],[nap̚.tʃʰi.han.gʌt̚.gat̚.a.jo]
납치한 것 처럼,7,[nap̚.tʃʰi.haŋ.kʌt̚.tʃʰʌ.ɾʌm],[nap̚.tʃʰi.han.gʌt̚.tʃʰʌ.ɾʌm]
불만 사항을,7,[pul.man.sa.haŋ.ɯl],[bul.man.sa.haŋ.ɯl]
공작 영애,7,[koŋ.tʃak̚.jʌŋ.ɛ],[goŋ.dʒak̚.jʌŋ.ɛ]
납치한 것 처럼 말이지,7,[nap̚.tʃʰi.haŋ.kʌt̚.tʃʰʌ.ɾʌm.mal.i.tʃi],[nap̚.tʃʰi.han.gʌt̚.tʃʰʌ.ɾʌm.mal.i.dʒi]
특별히 주문한,7,[tʰɯk̚.pjʌl.hi.tʃu.mun.han],[tʰɯk̚.pjʌl.hi.dʒu.mun.han]
납치한 것도,7,[nap̚.tʃʰi.haŋ.kʌt̚.to],[nap̚.tʃʰi.han.gʌt̚.to]
납치한 게 아니야,7,[nap̚.tʃʰi.haŋ.ke.a.ni.ja],[nap̚.tʃʰi.han.ge.a.ni.ja]
밤 되게,7,[pan.twe.ke],[bam.dwe.ge]
특별히 한,7,[tʰɯk̚.pjʌl.hi.han],[tʰɯk̚.pjʌl.hi.han]
특수 공무,7,[tʰɯk̚.su.koŋ.mu],[tʰɯk̚.su.goŋ.mu]
특수 공무 집행,7,[tʰɯk̚.su.koŋ.mu.tʃip̚.hɛŋ],[tʰɯk̚.su.goŋ.mu.dʒip̚.hɛŋ]
특수 기동대가,7,[tʰɯk̚.su.ki.toŋ.tɛ.ka],[tʰɯk̚.su.gi.doŋ.dɛ.ga]
납치한 사람,7,[nap̚.tʃʰi.han.sa.ɾam],[nap̚.tʃʰi.han.sa.ɾam]
납치한 사람은,7,[nap̚.tʃʰi.han.sa.ɾam.ɯn],[nap̚.tʃʰi.han.sa.ɾam.ɯn]
밤 떠날,7,[pan.t͈ʌ.nal],[ban.t͈ʌ.nal]
특수 요원에게,7,[tʰɯk̚.su.jo.wʌn.e.ke],[tʰɯk̚.su.jo.wʌn.e.ge]
특수 조명과,7,[tʰɯk̚.su.tʃo.mjʌŋ.kwa],[tʰɯk̚.su.dʒo.mjʌŋ.gwa]
밤 몇 시간씩,7,[pam.mjʌt̚.si.kan.s͈ik̚],[bam.mjʌt̚.si.gan.s͈ik̚]
밤 몇 시간씩 나와,7,[pam.mjʌt̚.si.kan.s͈ik̚.na.wa],[bam.mjʌt̚.si.gan.s͈ik̚.na.wa]
납치할 때,7,[nap̚.tʃʰi.hal.t͈ɛ],[nap̚.tʃʰi.hal.t͈ɛ]
고마워요 너한테,7,[ko.ma.wʌ.jo.nʌ.han.tʰe],[go.ma.wʌ.jo.nʌ.han.tʰe]
해드려서 죄송하지만,7,[hɛ.tɯ.ɾjʌ.sʌ.tʃwe.soŋ.ha.tʃi.man],[hɛ.dɯ.ɾjʌ.sʌ.dʒwe.soŋ.ha.dʒi.man]
You''re a good,7,,
납치해야 해,7,[nap̚.tʃʰi.hɛ.ja.hɛ],[nap̚.tʃʰi.hɛ.ja.hɛ]
고마워요 넘어졌어,7,[ko.ma.wʌ.jo.nʌm.ʌ.tʃjʌt̚.ʌ],[go.ma.wʌ.jo.nʌm.ʌ.dʒjʌt̚.ʌ]
밤 본,7,[pam.pon],[bam.bon]
밤 부터,7,[pam.pu.tʰʌ],[bam.bu.tʰʌ]
낫게 만들고,7,[nat̚.ke.man.tɯl.ko],[nat̚.ke.man.tɯl.ko]
밤 비행기를,7,[pam.pi.hɛŋ.ki.ɾɯl],[bam.bi.hɛŋ.gi.ɾɯl]
낫게 하고,7,[nat̚.ke.ha.ko],[nat̚.ke.ha.go]
특이한 것이,7,[tʰɯk̚.i.haŋ.kʌt̚.i],[tʰɯk̚.i.han.gʌt̚.i]
특이한 것을,7,[tʰɯk̚.i.haŋ.kʌt̚.ɯl],[tʰɯk̚.i.han.gʌt̚.ɯl]
밤 수영할,7,[pam.su.jʌŋ.hal],[bam.su.jʌŋ.hal]
고마워요 누구,7,[ko.ma.wʌ.jo.nu.ku],[go.ma.wʌ.jo.nu.gu]
밤 수영할 때 나체를,7,[pam.su.jʌŋ.hal.t͈ɛ.na.tʃʰe.ɾɯl],[bam.su.jʌŋ.hal.t͈ɛ.na.tʃʰe.ɾɯl]
밤 수영할 때,7,[pam.su.jʌŋ.hal.t͈ɛ],[bam.su.jʌŋ.hal.t͈ɛ]
고마워요 다 같이,7,[ko.ma.wʌ.jo.ta.kat̚.i],[go.ma.wʌ.jo.da.gat̚.i]
밤 술에,7,[pam.sul.e],[bam.sul.e]
낫게 해줄 거야,7,[nat̚.ke.hɛ.tʃul.kʌ.ja],[nat̚.ke.hɛ.dʒul.gʌ.ja]
밤 시간,7,[pam.si.kan],[bam.si.gan]
해라 진짜,7,[hɛ.ɾa.tʃin.tʃ͈a],[hɛ.ɾa.dʒin.tʃ͈a]
특정 장소를,7,[tʰɯk̚.tʃʌŋ.tʃaŋ.so.ɾɯl],[tʰɯk̚.tʃʌŋ.dʒaŋ.so.ɾɯl]
밤 얘기,7,[pam.jɛ.ki],[bam.jɛ.gi]
때문에요 그게,7,[t͈ɛ.mun.e.jo.kɯ.ke],[t͈ɛ.mun.e.jo.gɯ.ge]
특허를 가지고,7,[tʰɯk̚.hʌ.ɾɯl.ka.tʃi.ko],[tʰɯk̚.hʌ.ɾɯl.ga.dʒi.go]
특히 고려할,7,[tʰɯk̚.hi.ko.ɾjʌ.hal],[tʰɯk̚.hi.go.ɾjʌ.hal]
감당할 수 있는지,7,[kan.taŋ.hal.su.it̚.nɯn.tʃi],[gan.taŋ.hal.su.it̚.nɯn.tʃi]
밤 어디 있었죠,7,[pam.ʌ.ti.it̚.ʌt̚.tʃjo],[bam.ʌ.di.it̚.ʌt̚.tʃjo]
특히 그가,7,[tʰɯk̚.hi.kɯ.ka],[tʰɯk̚.hi.gɯ.ga]
특히 그를,7,[tʰɯk̚.hi.kɯ.ɾɯl],[tʰɯk̚.hi.gɯ.ɾɯl]
밤 엄마,7,[pam.ʌm.ma],[bam.ʌm.ma]
특히 나한테,7,[tʰɯk̚.hi.na.han.tʰe],[tʰɯk̚.hi.na.han.tʰe]
공장에 가서,7,[koŋ.tʃaŋ.e.ka.sʌ],[goŋ.dʒaŋ.e.ga.sʌ]
특히 너의,7,[tʰɯk̚.hi.nʌ.ɯi],[tʰɯk̚.hi.nʌ.ɯi]
특히 너처럼,7,[tʰɯk̚.hi.nʌ.tʃʰʌ.ɾʌm],[tʰɯk̚.hi.nʌ.tʃʰʌ.ɾʌm]
감당할 수 있다는,7,[kan.taŋ.hal.su.it̚.ta.nɯn],[gan.taŋ.hal.su.it̚.ta.nɯn]
특히 당신의,7,[tʰɯk̚.hi.taŋ.sin.ɯi],[tʰɯk̚.hi.daŋ.sin.ɯi]
특히 당신을,7,[tʰɯk̚.hi.taŋ.sin.ɯl],[tʰɯk̚.hi.daŋ.sin.ɯl]
특히 어린,7,[tʰɯk̚.hi.ʌ.ɾin],[tʰɯk̚.hi.ʌ.ɾin]
복장 규정이,7,[pok̚.tʃaŋ.kju.tʃʌŋ.i],[bok̚.tʃaŋ.gju.dʒʌŋ.i]
특히 여자,7,[tʰɯk̚.hi.jʌ.tʃa],[tʰɯk̚.hi.jʌ.dʒa]
낫네 그래,7,[nat̚.ne.kɯ.ɾɛ],[nat̚.ne.gɯ.ɾɛ]
특히 이렇게,7,[tʰɯk̚.hi.i.ɾʌt̚.ke],[tʰɯk̚.hi.i.ɾʌt̚.ke]
밤 이후론,7,[pam.i.hu.ɾon],[bam.i.hu.ɾon]
해를 끼친,7,[hɛ.ɾɯl.k͈i.tʃʰin],[hɛ.ɾɯl.k͈i.tʃʰin]
밤 일에 대해,7,[pam.il.e.tɛ.hɛ],[bam.il.e.dɛ.hɛ]
그쪽으로 가도,7,[kɯ.tʃ͈ok̚.ɯ.ɾo.ka.to],[gɯ.tʃ͈ok̚.ɯ.ɾo.ga.do]
힘 조절을,7,[hin.tʃo.tʃʌl.ɯl],[him.dʒo.dʒʌl.ɯl]
이건 내가 아냐,7,[i.kʌn.nɛ.ka.a.nja],[i.gʌn.nɛ.ga.a.nja]
낫다고 생각하지,7,[nat̚.ta.ko.sɛŋ.kak̚.ha.tʃi],[nat̚.ta.go.sɛŋ.gak̚.ha.dʒi]
틀고 있어,7,[tʰɯl.ko.it̚.ʌ],[tʰɯl.ko.it̚.ʌ]
틀렸다고 말하는,7,[tʰɯl.ɾjʌt̚.ta.ko.mal.ha.nɯn],[tʰɯl.ɾjʌt̚.ta.go.mal.ha.nɯn]
틀렸다고 말할,7,[tʰɯl.ɾjʌt̚.ta.ko.mal.hal],[tʰɯl.ɾjʌt̚.ta.go.mal.hal]
밤 전에,7,[pan.tʃʌn.e],[bam.dʒʌn.e]
틀렸다고 생각해요,7,[tʰɯl.ɾjʌt̚.ta.ko.sɛŋ.kak̚.hɛ.jo],[tʰɯl.ɾjʌt̚.ta.go.sɛŋ.gak̚.hɛ.jo]
고마워요 대단한,7,[ko.ma.wʌ.jo.tɛ.tan.han],[go.ma.wʌ.jo.dɛ.dan.han]
복주가 어디가,7,[pok̚.tʃu.ka.ʌ.ti.ka],[bok̚.tʃu.ga.ʌ.di.ga]
reminded me,7,,
밤 중,7,[pan.tʃuŋ],[bam.dʒuŋ]
틀렸어 나는,7,[tʰɯl.ɾjʌt̚.ʌ.na.nɯn],[tʰɯl.ɾjʌt̚.ʌ.na.nɯn]
낫다는 것을,7,[nat̚.ta.nɯŋ.kʌt̚.ɯl],[nat̚.ta.nɯn.gʌt̚.ɯl]
틀렸어 이건,7,[tʰɯl.ɾjʌt̚.ʌ.i.kʌn],[tʰɯl.ɾjʌt̚.ʌ.i.gʌn]
틀렸어요 그,7,[tʰɯl.ɾjʌt̚.ʌ.jo.kɯ],[tʰɯl.ɾjʌt̚.ʌ.jo.gɯ]
낫죠 네,7,[nat̚.tʃjo.ne],[nat̚.tʃjo.ne]
틀렸을 때,7,[tʰɯl.ɾjʌt̚.ɯl.t͈ɛ],[tʰɯl.ɾjʌt̚.ɯl.t͈ɛ]
beat a,7,,
틀렸을지도 모르지만,7,[tʰɯl.ɾjʌt̚.ɯl.tʃi.to.mo.ɾɯ.tʃi.man],[tʰɯl.ɾjʌt̚.ɯl.tʃi.do.mo.ɾɯ.dʒi.man]
틀리지 않는다,7,[tʰɯl.ɾi.tʃi.an.nɯn.ta],[tʰɯl.ɾi.dʒi.an.nɯn.ta]
공정성을 위해,7,[koŋ.tʃʌŋ.sʌŋ.ɯl.wi.hɛ],[goŋ.dʒʌŋ.sʌŋ.ɯl.wi.hɛ]
틀린 거면,7,[tʰɯl.ɾiŋ.kʌ.mjʌn],[tʰɯl.ɾin.gʌ.mjʌn]
틀린 건 아니잖아요,7,[tʰɯl.ɾiŋ.kʌn.a.ni.tʃan.a.jo],[tʰɯl.ɾin.gʌn.a.ni.dʒan.a.jo]
낫지 나는,7,[nat̚.tʃi.na.nɯn],[nat̚.tʃi.na.nɯn]
틀린 것 같네,7,[tʰɯl.ɾiŋ.kʌt̚.kat̚.ne],[tʰɯl.ɾin.gʌt̚.gat̚.ne]
틀린 것 같은데,7,[tʰɯl.ɾiŋ.kʌt̚.kat̚.ɯn.te],[tʰɯl.ɾin.gʌt̚.gat̚.ɯn.te]
밤과 낮이,7,[pam.kwa.nat̚.i],[bam.kwa.nat̚.i]
틀린 말은 아냐,7,[tʰɯl.ɾin.mal.ɯn.a.nja],[tʰɯl.ɾin.mal.ɯn.a.nja]
낫지 뭐,7,[nat̚.tʃi.mwʌ],[nat̚.tʃi.mwʌ]
틀린 말을,7,[tʰɯl.ɾin.mal.ɯl],[tʰɯl.ɾin.mal.ɯl]
틀린 말이,7,[tʰɯl.ɾin.mal.i],[tʰɯl.ɾin.mal.i]
밤낮을 가리지 않고,7,[pam.nat̚.ɯl.ka.ɾi.tʃi.aŋ.ko],[bam.nat̚.ɯl.ga.ɾi.dʒi.aŋ.ko]
감당할 수도,7,[kan.taŋ.hal.su.to],[gan.taŋ.hal.su.do]
틀린 적이 없어,7,[tʰɯl.ɾin.tʃʌk̚.i.ʌp̚.ʌ],[tʰɯl.ɾin.dʒʌk̚.i.ʌp̚.ʌ]
틀린데 편곡한 거야,7,[tʰɯl.ɾin.te.pʰjʌŋ.kok̚.haŋ.kʌ.ja],[tʰɯl.ɾin.te.pʰjʌŋ.kok̚.han.gʌ.ja]
틀린데 편곡한,7,[tʰɯl.ɾin.te.pʰjʌŋ.kok̚.han],[tʰɯl.ɾin.te.pʰjʌŋ.kok̚.han]
밤늦게 찾아와서,7,[pam.nɯt̚.ke.tʃʰat̚.a.wa.sʌ],[bam.nɯt̚.ke.tʃʰat̚.a.wa.sʌ]
낫지 않겠소,7,[nat̚.tʃi.aŋ.ket̚.so],[nat̚.tʃi.aŋ.ket̚.so]
틀릴 수도 있지만,7,[tʰɯl.ɾil.su.to.it̚.tʃi.man],[tʰɯl.ɾil.su.do.it̚.tʃi.man]
불바다가 될,7,[pul.pa.ta.ka.twel],[bul.pa.da.ga.dwel]
틀림없는 것,7,[tʰɯl.ɾim.ʌp̚.nɯŋ.kʌt̚],[tʰɯl.ɾim.ʌp̚.nɯn.gʌt̚]
본 거 맞아,7,[poŋ.kʌ.mat̚.a],[bon.gʌ.mat̚.a]
틀림없어 그럼,7,[tʰɯl.ɾim.ʌp̚.ʌ.kɯ.ɾʌm],[tʰɯl.ɾim.ʌp̚.ʌ.gɯ.ɾʌm]
밤바다가 노할까,7,[pam.pa.ta.ka.no.hal.k͈a],[bam.pa.da.ga.no.hal.k͈a]
틀림없어 아니야,7,[tʰɯl.ɾim.ʌp̚.ʌ.a.ni.ja],[tʰɯl.ɾim.ʌp̚.ʌ.a.ni.ja]
밤바다가 노할까 숨죽여,7,[pam.pa.ta.ka.no.hal.k͈a.sun.tʃuk̚.jʌ],[bam.pa.da.ga.no.hal.k͈a.sun.tʃuk̚.jʌ]
틀림없을 겁니다,7,[tʰɯl.ɾim.ʌp̚.ɯl.kʌp̚.ni.ta],[tʰɯl.ɾim.ʌp̚.ɯl.gʌp̚.ni.da]
감당할 여력이,7,[kan.taŋ.hal.jʌ.ɾjʌk̚.i],[gan.taŋ.hal.jʌ.ɾjʌk̚.i]
틀림없이 그랬을 거야,7,[tʰɯl.ɾim.ʌp̚.i.kɯ.ɾɛt̚.ɯl.kʌ.ja],[tʰɯl.ɾim.ʌp̚.i.gɯ.ɾɛt̚.ɯl.gʌ.ja]
틀림없이 너를,7,[tʰɯl.ɾim.ʌp̚.i.nʌ.ɾɯl],[tʰɯl.ɾim.ʌp̚.i.nʌ.ɾɯl]
틀림없이 내가,7,[tʰɯl.ɾim.ʌp̚.i.nɛ.ka],[tʰɯl.ɾim.ʌp̚.i.nɛ.ga]
밤새 기다릴,7,[pam.sɛ.ki.ta.ɾil],[bam.sɛ.gi.da.ɾil]
낫지 않았어요,7,[nat̚.tʃi.an.at̚.ʌ.jo],[nat̚.tʃi.an.at̚.ʌ.jo]
밤새 나가,7,[pam.sɛ.na.ka],[bam.sɛ.na.ga]
틀어 놓은,7,[tʰɯl.ʌ.not̚.ɯn],[tʰɯl.ʌ.not̚.ɯn]
틀어 보세요,7,[tʰɯl.ʌ.po.se.jo],[tʰɯl.ʌ.bo.se.jo]
해변으로 가는,7,[hɛ.pjʌn.ɯ.ɾo.ka.nɯn],[hɛ.bjʌn.ɯ.ɾo.ga.nɯn]
틀어박혀 있어,7,[tʰɯl.ʌ.pak̚.hjʌ.it̚.ʌ],[tʰɯl.ʌ.bak̚.hjʌ.it̚.ʌ]
틀어지는 걸,7,[tʰɯl.ʌ.tʃi.nɯŋ.kʌl],[tʰɯl.ʌ.dʒi.nɯn.gʌl]
틀어질 수도,7,[tʰɯl.ʌ.tʃil.su.to],[tʰɯl.ʌ.dʒil.su.do]
밤새 술을,7,[pam.sɛ.sul.ɯl],[bam.sɛ.sul.ɯl]
이건 누구도,7,[i.kʌn.nu.ku.to],[i.gʌn.nu.gu.do]
감당할 자신이,7,[kan.taŋ.hal.tʃa.sin.i],[gan.taŋ.hal.dʒa.sin.i]
틈 없어,7,[tʰɯm.ʌp̚.ʌ],[tʰɯm.ʌp̚.ʌ]
내가 잘 알아서,7,[nɛ.ka.tʃal.al.a.sʌ],[nɛ.ga.dʒal.al.a.sʌ]
밤새 우리,7,[pam.sɛ.u.ɾi],[bam.sɛ.u.ɾi]
고마워요 말도,7,[ko.ma.wʌ.jo.mal.to],[go.ma.wʌ.jo.mal.to]
밤새 이럴,7,[pam.sɛ.i.ɾʌl],[bam.sɛ.i.ɾʌl]
밤새 잘,7,[pam.sɛ.tʃal],[bam.sɛ.dʒal]
났나 보네,7,[nat̚.na.po.ne],[nat̚.na.bo.ne]
틈이 없네,7,[tʰɯm.i.ʌp̚.ne],[tʰɯm.i.ʌp̚.ne]
틈이 없죠,7,[tʰɯm.i.ʌp̚.tʃjo],[tʰɯm.i.ʌp̚.tʃjo]
감당할 준비가 안,7,[kan.taŋ.hal.tʃum.pi.ka.an],[gan.taŋ.hal.dʒum.pi.ga.an]
틈이 없지,7,[tʰɯm.i.ʌp̚.tʃi],[tʰɯm.i.ʌp̚.tʃi]
티 난다고요,7,[tʰi.nan.ta.ko.jo],[tʰi.nan.ta.go.jo]
티 난다,7,[tʰi.nan.ta],[tʰi.nan.ta]
티 난다고요 오늘 밤에,7,[tʰi.nan.ta.ko.jo.o.nɯl.pam.e],[tʰi.nan.ta.go.jo.o.nɯl.bam.e]
티 난다고요 오늘,7,[tʰi.nan.ta.ko.jo.o.nɯl],[tʰi.nan.ta.go.jo.o.nɯl]
고마워요 맛있게,7,[ko.ma.wʌ.jo.mat̚.it̚.ke],[go.ma.wʌ.jo.mat̚.it̚.ke]
밤새도록 이,7,[pam.sɛ.to.ɾok̚.i],[bam.sɛ.do.ɾok̚.i]
티 입은,7,[tʰi.ip̚.ɯn],[tʰi.ip̚.ɯn]
티가 나네,7,[tʰi.ka.na.ne],[tʰi.ga.na.ne]
티가 나잖아,7,[tʰi.ka.na.tʃan.a],[tʰi.ga.na.dʒan.a]
티가 너무 나잖아요,7,[tʰi.ka.nʌ.mu.na.tʃan.a.jo],[tʰi.ga.nʌ.mu.na.dʒan.a.jo]
고마워요 머리,7,[ko.ma.wʌ.jo.mʌ.ɾi],[go.ma.wʌ.jo.mʌ.ɾi]
티나 네가,7,[tʰi.na.ne.ka],[tʰi.na.ne.ga]
티나 언니,7,[tʰi.na.ʌn.ni],[tʰi.na.ʌn.ni]
티나 터너,7,[tʰi.na.tʰʌ.nʌ],[tʰi.na.tʰʌ.nʌ]
본 건 없어요,7,[poŋ.kʌn.ʌp̚.ʌ.jo],[bon.gʌn.ʌp̚.ʌ.jo]
밤에 그는,7,[pam.e.kɯ.nɯn],[bam.e.gɯ.nɯn]
밤에 나갈까,7,[pam.e.na.kal.k͈a],[bam.e.na.gal.k͈a]
이건 다르다,7,[i.kʌn.ta.ɾɯ.ta],[i.gʌn.da.ɾɯ.da]
났던 거,7,[nat̚.tʌŋ.kʌ],[nat̚.tʌn.gʌ]
티리온 라니스터의,7,[tʰi.ɾi.ol.la.ni.sɯ.tʰʌ.ɯi],[tʰi.ɾi.ol.la.ni.sɯ.tʰʌ.ɯi]
밤에 나랑 같이,7,[pam.e.na.ɾaŋ.kat̚.i],[bam.e.na.ɾaŋ.gat̚.i]
티모시 샬라메,7,[tʰi.mo.si.sjal.ɾa.me],[tʰi.mo.si.sjal.ɾa.me]
티모시 샬라메 마이클 스털바그,7,[tʰi.mo.si.sjal.ɾa.me.ma.i.kʰɯl.sɯ.tʰʌl.pa.kɯ],[tʰi.mo.si.sjal.ɾa.me.ma.i.kʰɯl.sɯ.tʰʌl.pa.gɯ]
티모시 샬라메 마이클,7,[tʰi.mo.si.sjal.ɾa.me.ma.i.kʰɯl],[tʰi.mo.si.sjal.ɾa.me.ma.i.kʰɯl]
티볼리 별장에 뒀는데,7,[tʰi.pol.ɾi.pjʌl.tʃaŋ.e.twʌt̚.nɯn.te],[tʰi.bol.ɾi.bjʌl.tʃaŋ.e.dwʌt̚.nɯn.te]
티볼리 별장에,7,[tʰi.pol.ɾi.pjʌl.tʃaŋ.e],[tʰi.bol.ɾi.bjʌl.tʃaŋ.e]
고마워요 무슨 일,7,[ko.ma.wʌ.jo.mu.sɯn.il],[go.ma.wʌ.jo.mu.sɯn.il]
다 조사할,7,[ta.tʃo.sa.hal],[da.dʒo.sa.hal]
고마워요 무슨 일로,7,[ko.ma.wʌ.jo.mu.sɯn.il.ɾo],[go.ma.wʌ.jo.mu.sɯn.il.ɾo]
밤에 놀러 나가고,7,[pam.e.nol.ɾʌ.na.ka.ko],[bam.e.nol.ɾʌ.na.ga.go]
이건 당신답지 않아,7,[i.kʌn.taŋ.sin.tap̚.tʃi.an.a],[i.gʌn.daŋ.sin.tap̚.tʃi.an.a]
고마워요 무슨 일이,7,[ko.ma.wʌ.jo.mu.sɯn.il.i],[go.ma.wʌ.jo.mu.sɯn.il.i]
났던 그,7,[nat̚.tʌŋ.kɯ],[nat̚.tʌn.gɯ]
밤에 다른,7,[pam.e.ta.ɾɯn],[bam.e.da.ɾɯn]
밤에 당신을,7,[pam.e.taŋ.sin.ɯl],[bam.e.daŋ.sin.ɯl]
고마워요 무지,7,[ko.ma.wʌ.jo.mu.tʃi],[go.ma.wʌ.jo.mu.dʒi]
밤에 댄스 장에서,7,[pam.e.tɛn.sɯ.tʃaŋ.e.sʌ],[bam.e.dɛn.sɯ.dʒaŋ.e.sʌ]
밤에 댄스 장에서 멋지더라,7,[pam.e.tɛn.sɯ.tʃaŋ.e.sʌ.mʌt̚.tʃi.tʌ.ɾa],[bam.e.dɛn.sɯ.dʒaŋ.e.sʌ.mʌt̚.tʃi.dʌ.ɾa]
났어 나,7,[nat̚.ʌ.na],[nat̚.ʌ.na]
팀 꾸려서,7,[tʰim.k͈u.ɾjʌ.sʌ],[tʰim.k͈u.ɾjʌ.sʌ]
걸 보여 줘요,7,[kʌl.po.jʌ.tʃwʌ.jo],[gʌl.bo.jʌ.dʒwʌ.jo]
밤에 둘이,7,[pam.e.tul.i],[bam.e.dul.i]
이건 대박,7,[i.kʌn.tɛ.pak̚],[i.gʌn.dɛ.bak̚]
팀 말이야,7,[tʰim.mal.i.ja],[tʰim.mal.i.ja]
팀 맥기,7,[tʰim.mɛk̚.ki],[tʰim.mɛk̚.ki]
팀 리더,7,[tʰim.ɾi.tʌ],[tʰim.ɾi.dʌ]
팀 무슨,7,[tʰim.mu.sɯn],[tʰim.mu.sɯn]
밤에 만나서,7,[pam.e.man.na.sʌ],[bam.e.man.na.sʌ]
팀 선수,7,[tʰim.sʌn.su],[tʰim.sʌn.su]
on this trip,7,,
팀 아이필드가 살해된,7,[tʰim.a.i.pʰil.tɯ.ka.sal.hɛ.twen],[tʰim.a.i.pʰil.tɯ.ga.sal.hɛ.dwen]
밤에 못,7,[pam.e.mot̚],[bam.e.mot̚]
팀 왜,7,[tʰim.wɛ],[tʰim.wɛ]
고마워요 뭐라고,7,[ko.ma.wʌ.jo.mwʌ.ɾa.ko],[go.ma.wʌ.jo.mwʌ.ɾa.go]
팀 이름은,7,[tʰim.i.ɾɯm.ɯn],[tʰim.i.ɾɯm.ɯn]
밤에 뭐 할,7,[pam.e.mwʌ.hal],[bam.e.mwʌ.hal]
팀 전원이,7,[tʰin.tʃʌn.wʌn.i],[tʰim.dʒʌn.wʌn.i]
팀 전원을,7,[tʰin.tʃʌn.wʌn.ɯl],[tʰim.dʒʌn.wʌn.ɯl]
팀 전체의,7,[tʰin.tʃʌn.tʃʰe.ɯi],[tʰim.dʒʌn.tʃʰe.ɯi]
밤에 뭐해,7,[pam.e.mwʌ.hɛ],[bam.e.mwʌ.hɛ]
팀 중에,7,[tʰin.tʃuŋ.e],[tʰim.dʒuŋ.e]
밤에 발,7,[pam.e.pal],[bam.e.bal]
밤에 발 뻗고,7,[pam.e.pal.p͈ʌt̚.ko],[bam.e.bal.p͈ʌt̚.ko]
밤에 버릇없는,7,[pam.e.pʌ.ɾɯt̚.ʌp̚.nɯn],[bam.e.bʌ.ɾɯt̚.ʌp̚.nɯn]
밤에 버릇없는 행동,7,[pam.e.pʌ.ɾɯt̚.ʌp̚.nɯn.hɛŋ.toŋ],[bam.e.bʌ.ɾɯt̚.ʌp̚.nɯn.hɛŋ.doŋ]
팀과 내가,7,[tʰim.kwa.nɛ.ka],[tʰim.kwa.nɛ.ga]
밤에 버릇없는 행동 하면,7,[pam.e.pʌ.ɾɯt̚.ʌp̚.nɯn.hɛŋ.toŋ.ha.mjʌn],[bam.e.bʌ.ɾɯt̚.ʌp̚.nɯn.hɛŋ.doŋ.ha.mjʌn]
이건 돈이,7,[i.kʌn.ton.i],[i.gʌn.don.i]
밤에 볼 수,7,[pam.e.pol.su],[bam.e.bol.su]
팀에 소속되어,7,[tʰim.e.so.sok̚.twe.ʌ],[tʰim.e.so.sok̚.twe.ʌ]
팀에 연락해서,7,[tʰim.e.jʌl.lak̚.hɛ.sʌ],[tʰim.e.jʌl.lak̚.hɛ.sʌ]
밤에 불을,7,[pam.e.pul.ɯl],[bam.e.bul.ɯl]
팀에 있을 때,7,[tʰim.e.it̚.ɯl.t͈ɛ],[tʰim.e.it̚.ɯl.t͈ɛ]
팀에 잘,7,[tʰim.e.tʃal],[tʰim.e.dʒal]
팀에 합류해,7,[tʰim.e.hap̚.ɾju.hɛ],[tʰim.e.hap̚.ɾju.hɛ]
팀원 모두,7,[tʰim.wʌn.mo.tu],[tʰim.wʌn.mo.du]
팀원 중 하나가,7,[tʰim.wʌn.tʃuŋ.ha.na.ka],[tʰim.wʌn.dʒuŋ.ha.na.ga]
팀원들 중에서,7,[tʰim.wʌn.tɯl.tʃuŋ.e.sʌ],[tʰim.wʌn.tɯl.dʒuŋ.e.sʌ]
이건 또 뭐냐,7,[i.kʌn.t͈o.mwʌ.nja],[i.gʌn.t͈o.mwʌ.nja]
때문이야 그걸,7,[t͈ɛ.mun.i.ja.kɯ.kʌl],[t͈ɛ.mun.i.ja.gɯ.gʌl]
팀은 안,7,[tʰim.ɯn.an],[tʰim.ɯn.an]
밤에 얼마나,7,[pam.e.ʌl.ma.na],[bam.e.ʌl.ma.na]
팀은 어디 있지,7,[tʰim.ɯn.ʌ.ti.it̚.tʃi],[tʰim.ɯn.ʌ.di.it̚.tʃi]
해봅시다 좋아요,7,[hɛ.pop̚.si.ta.tʃot̚.a.jo],[hɛ.bop̚.si.da.dʒot̚.a.jo]
밤에 여기서 만날래,7,[pam.e.jʌ.ki.sʌ.man.nal.ɾɛ],[bam.e.jʌ.gi.sʌ.man.nal.ɾɛ]
해봐 구경만,7,[hɛ.pwa.ku.kjʌŋ.man],[hɛ.bwa.gu.gjʌŋ.man]
팀을 구성해,7,[tʰim.ɯl.ku.sʌŋ.hɛ],[tʰim.ɯl.gu.sʌŋ.hɛ]
이건 또 뭔가,7,[i.kʌn.t͈o.mwʌŋ.ka],[i.gʌn.t͈o.mwʌŋ.ka]
났어요 제가,7,[nat̚.ʌ.jo.tʃe.ka],[nat̚.ʌ.jo.dʒe.ga]
팀을 만들어서,7,[tʰim.ɯl.man.tɯl.ʌ.sʌ],[tʰim.ɯl.man.tɯl.ʌ.sʌ]
고마워요 번역,7,[ko.ma.wʌ.jo.pʌn.jʌk̚],[go.ma.wʌ.jo.bʌn.jʌk̚]
고마워요 벌써,7,[ko.ma.wʌ.jo.pʌl.s͈ʌ],[go.ma.wʌ.jo.bʌl.s͈ʌ]
이건 라틴어에서 그리스어로,7,[i.kʌl.la.tʰin.ʌ.e.sʌ.kɯ.ɾi.sɯ.ʌ.ɾo],[i.gʌl.la.tʰin.ʌ.e.sʌ.gɯ.ɾi.sɯ.ʌ.ɾo]
본 게 언제니,7,[poŋ.ke.ʌn.tʃe.ni],[bon.ge.ʌn.tʃe.ni]
해봐 못,7,[hɛ.pwa.mot̚],[hɛ.bwa.mot̚]
밤에 이걸,7,[pam.e.i.kʌl],[bam.e.i.gʌl]
밤에 이상한,7,[pam.e.i.saŋ.han],[bam.e.i.saŋ.han]
밤에 일어난,7,[pam.e.il.ʌ.nan],[bam.e.il.ʌ.nan]
팀을 이뤄서,7,[tʰim.ɯl.i.ɾwʌ.sʌ],[tʰim.ɯl.i.ɾwʌ.sʌ]
고마워요 벤,7,[ko.ma.wʌ.jo.pen],[go.ma.wʌ.jo.ben]
밤에 일이,7,[pam.e.il.i],[bam.e.il.i]
팀을 찾고,7,[tʰim.ɯl.tʃʰat̚.ko],[tʰim.ɯl.tʃʰat̚.ko]
팀의 누군가가,7,[tʰim.ɯi.nu.kuŋ.ka.ka],[tʰim.ɯi.nu.guŋ.ka.ga]
밤에 일한다,7,[pam.e.il.han.ta],[bam.e.il.han.ta]
불법적인 것은,7,[pul.pʌp̚.tʃʌk̚.iŋ.kʌt̚.ɯn],[bul.pʌp̚.tʃʌk̚.in.gʌt̚.ɯn]
밤에 입을,7,[pam.e.ip̚.ɯl],[bam.e.ip̚.ɯl]
밤에 자는,7,[pam.e.tʃa.nɯn],[bam.e.dʒa.nɯn]
밤에 자주,7,[pam.e.tʃa.tʃu],[bam.e.dʒa.dʒu]
밤에 잘 때,7,[pam.e.tʃal.t͈ɛ],[bam.e.dʒal.t͈ɛ]
밤에 잘 수,7,[pam.e.tʃal.su],[bam.e.dʒal.su]
났죠 그,7,[nat̚.tʃjo.kɯ],[nat̚.tʃjo.gɯ]
팀이 아직,7,[tʰim.i.a.tʃik̚],[tʰim.i.a.dʒik̚]
팀이 여기,7,[tʰim.i.jʌ.ki],[tʰim.i.jʌ.gi]
해봐 이게,7,[hɛ.pwa.i.ke],[hɛ.bwa.i.ge]
팀이 있는데,7,[tʰim.i.it̚.nɯn.te],[tʰim.i.it̚.nɯn.te]
팀이 있습니다,7,[tʰim.i.it̚.sɯp̚.ni.ta],[tʰim.i.it̚.sɯp̚.ni.da]
밤에 저,7,[pam.e.tʃʌ],[bam.e.dʒʌ]
밤에 저녁 먹으로,7,[pam.e.tʃʌ.njʌk̚.mʌk̚.ɯ.ɾo],[bam.e.dʒʌ.njʌk̚.mʌk̚.ɯ.ɾo]
밤에 저녁 먹으로 올래,7,[pam.e.tʃʌ.njʌk̚.mʌk̚.ɯ.ɾo.ol.ɾɛ],[bam.e.dʒʌ.njʌk̚.mʌk̚.ɯ.ɾo.ol.ɾɛ]
팀이 필요합니다,7,[tʰim.i.pʰil.jo.hap̚.ni.ta],[tʰim.i.pʰil.jo.hap̚.ni.da]
밤에 전화할게,7,[pam.e.tʃʌn.hwa.hal.ke],[bam.e.dʒʌn.hwa.hal.ke]
해봐 크레이즈 본능을,7,[hɛ.pwa.kʰɯ.ɾe.i.tʃɯ.pon.nɯŋ.ɯl],[hɛ.bwa.kʰɯ.ɾe.i.dʒɯ.bon.nɯŋ.ɯl]
해봐 크레이즈,7,[hɛ.pwa.kʰɯ.ɾe.i.tʃɯ],[hɛ.bwa.kʰɯ.ɾe.i.dʒɯ]
낭비 같아,7,[nam.pi.kat̚.a],[naŋ.bi.gat̚.a]
팀장의 신음,7,[tʰin.tʃaŋ.ɯi.sin.ɯm],[tʰin.tʃaŋ.ɯi.sin.ɯm]
팁 고마워,7,[tʰip̚.ko.ma.wʌ],[tʰip̚.go.ma.wʌ]
밤에 집에 돌아오다가,7,[pam.e.tʃip̚.e.tol.a.o.ta.ka],[bam.e.dʒip̚.e.dol.a.o.da.ga]
밤에 집으로,7,[pam.e.tʃip̚.ɯ.ɾo],[bam.e.dʒip̚.ɯ.ɾo]
감독은 천재,7,[kan.tok̚.ɯn.tʃʰʌn.tʃɛ],[gan.tok̚.ɯn.tʃʰʌn.tʃɛ]
밤에 차,7,[pam.e.tʃʰa],[bam.e.tʃʰa]
팁을 하나,7,[tʰip̚.ɯl.ha.na],[tʰip̚.ɯl.ha.na]
감독은 천재 였어,7,[kan.tok̚.ɯn.tʃʰʌn.tʃɛ.jʌt̚.ʌ],[gan.tok̚.ɯn.tʃʰʌn.tʃɛ.jʌt̚.ʌ]
해봐 안녕하세요,7,[hɛ.pwa.an.njʌŋ.ha.se.jo],[hɛ.bwa.an.njʌŋ.ha.se.jo]
해봐야 알지,7,[hɛ.pwa.ja.al.tʃi],[hɛ.bwa.ja.al.tʃi]
파 보고,7,[pʰa.po.ko],[pʰa.bo.go]
감독을 사랑해요 저,7,[kan.tok̚.ɯl.sa.ɾaŋ.hɛ.jo.tʃʌ],[gan.tok̚.ɯl.sa.ɾaŋ.hɛ.jo.dʒʌ]
밤에는 안,7,[pam.e.nɯn.an],[bam.e.nɯn.an]
밤엔 그런,7,[pam.eŋ.kɯ.ɾʌn],[bam.en.gɯ.ɾʌn]
밤엔 꼭,7,[pam.eŋ.k͈ok̚],[bam.eŋ.k͈ok̚]
밤엔 다른,7,[pam.en.ta.ɾɯn],[bam.en.da.ɾɯn]
감독을 사랑해요,7,[kan.tok̚.ɯl.sa.ɾaŋ.hɛ.jo],[gan.tok̚.ɯl.sa.ɾaŋ.hɛ.jo]
파괴된 걸,7,[pʰa.kwe.tweŋ.kʌl],[pʰa.gwe.dwen.gʌl]
파괴될 때까지,7,[pʰa.kwe.twel.t͈ɛ.k͈a.tʃi],[pʰa.gwe.dwel.t͈ɛ.k͈a.dʒi]
밤엔 아무도,7,[pam.en.a.mu.to],[bam.en.a.mu.do]
감독을 사랑해요 저 사람,7,[kan.tok̚.ɯl.sa.ɾaŋ.hɛ.jo.tʃʌ.sa.ɾam],[gan.tok̚.ɯl.sa.ɾaŋ.hɛ.jo.dʒʌ.sa.ɾam]
파괴를 위해,7,[pʰa.kwe.ɾɯl.wi.hɛ],[pʰa.gwe.ɾɯl.wi.hɛ]
밤엔 안 돼,7,[pam.en.an.twɛ],[bam.en.an.dwɛ]
낭비를 하고,7,[nam.pi.ɾɯl.ha.ko],[naŋ.bi.ɾɯl.ha.go]
낭비를 하는,7,[nam.pi.ɾɯl.ha.nɯn],[naŋ.bi.ɾɯl.ha.nɯn]
밤엔 정말,7,[pam.en.tʃʌŋ.mal],[bam.en.dʒʌŋ.mal]
밤엔 좀,7,[pam.en.tʃom],[bam.en.dʒom]
감독이 죽은 얘기를,7,[kan.tok̚.i.tʃuk̚.ɯn.jɛ.ki.ɾɯl],[gan.tok̚.i.dʒuk̚.ɯn.jɛ.gi.ɾɯl]
밤은 그,7,[pam.ɯŋ.kɯ],[bam.ɯn.gɯ]
낭비일까 내가,7,[nam.pi.il.k͈a.nɛ.ka],[naŋ.bi.il.k͈a.nɛ.ga]
낭비일까 내가 너무,7,[nam.pi.il.k͈a.nɛ.ka.nʌ.mu],[naŋ.bi.il.k͈a.nɛ.ga.nʌ.mu]
파괴하는 것이다,7,[pʰa.kwe.ha.nɯŋ.kʌt̚.i.ta],[pʰa.gwe.ha.nɯn.gʌt̚.i.da]
낭비일까 내가 너무 두서없이,7,[nam.pi.il.k͈a.nɛ.ka.nʌ.mu.tu.sʌ.ʌp̚.i],[naŋ.bi.il.k͈a.nɛ.ga.nʌ.mu.du.sʌ.ʌp̚.i]
파괴한 후,7,[pʰa.kwe.han.hu],[pʰa.gwe.han.hu]
낭비하고 싶지 않다,7,[nam.pi.ha.ko.sip̚.tʃi.an.ta],[naŋ.bi.ha.go.sip̚.tʃi.an.ta]
감독이 죽은 얘기를 해,7,[kan.tok̚.i.tʃuk̚.ɯn.jɛ.ki.ɾɯl.hɛ],[gan.tok̚.i.dʒuk̚.ɯn.jɛ.gi.ɾɯl.hɛ]
밤은 어땠어,7,[pam.ɯn.ʌ.t͈ɛt̚.ʌ],[bam.ɯn.ʌ.t͈ɛt̚.ʌ]
파괴할 뻔,7,[pʰa.kwe.hal.p͈ʌn],[pʰa.gwe.hal.p͈ʌn]
감독이 죽은,7,[kan.tok̚.i.tʃuk̚.ɯn],[gan.tok̚.i.dʒuk̚.ɯn]
파괴할 수 있을까,7,[pʰa.kwe.hal.su.it̚.ɯl.k͈a],[pʰa.gwe.hal.su.it̚.ɯl.k͈a]
내가 도와줄 수 있지,7,[nɛ.ka.to.wa.tʃul.su.it̚.tʃi],[nɛ.ga.do.wa.dʒul.su.it̚.tʃi]
파괴해야 해요,7,[pʰa.kwe.hɛ.ja.hɛ.jo],[pʰa.gwe.hɛ.ja.hɛ.jo]
밤은 잘,7,[pam.ɯn.tʃal],[bam.ɯn.dʒal]
밤은 이제,7,[pam.ɯn.i.tʃe],[bam.ɯn.i.dʒe]
파기할 수,7,[pʰa.ki.hal.su],[pʰa.gi.hal.su]
파내신 것,7,[pʰa.nɛ.siŋ.kʌt̚],[pʰa.nɛ.sin.gʌt̚]
파내신 것 같은데요 글쎄,7,[pʰa.nɛ.siŋ.kʌt̚.kat̚.ɯn.te.jo.kɯl.s͈e],[pʰa.nɛ.sin.gʌt̚.gat̚.ɯn.te.jo.gɯl.s͈e]
밤은 참,7,[pam.ɯn.tʃʰam],[bam.ɯn.tʃʰam]
밤은 푹,7,[pam.ɯm.pʰuk̚],[bam.ɯm.pʰuk̚]
파는 거 아니에요,7,[pʰa.nɯŋ.kʌ.a.ni.e.jo],[pʰa.nɯn.gʌ.a.ni.e.jo]
이건 뭐래,7,[i.kʌn.mwʌ.ɾɛ],[i.gʌn.mwʌ.ɾɛ]
낭비하기 싫어요,7,[nam.pi.ha.ki.sil.ʌ.jo],[naŋ.bi.ha.gi.sil.ʌ.jo]
파는 것은,7,[pʰa.nɯŋ.kʌt̚.ɯn],[pʰa.nɯn.gʌt̚.ɯn]
파는 것이,7,[pʰa.nɯŋ.kʌt̚.i],[pʰa.nɯn.gʌt̚.i]
밤을 못 넘길,7,[pam.ɯl.mot̚.nʌm.kil],[bam.ɯl.mot̚.nʌm.kil]
고마워요 실례해요,7,[ko.ma.wʌ.jo.sil.ɾje.hɛ.jo],[go.ma.wʌ.jo.sil.ɾje.hɛ.jo]
파는 곳을,7,[pʰa.nɯŋ.kot̚.ɯl],[pʰa.nɯn.got̚.ɯl]
낭비하긴 싫어,7,[nam.pi.ha.kin.sil.ʌ],[naŋ.bi.ha.gin.sil.ʌ]
파는 사람을,7,[pʰa.nɯn.sa.ɾam.ɯl],[pʰa.nɯn.sa.ɾam.ɯl]
파는 여자,7,[pʰa.nɯn.jʌ.tʃa],[pʰa.nɯn.jʌ.dʒa]
파는 일은,7,[pʰa.nɯn.il.ɯn],[pʰa.nɯn.il.ɯn]
파는 일이,7,[pʰa.nɯn.il.i],[pʰa.nɯn.il.i]
내가 도와줄게 난,7,[nɛ.ka.to.wa.tʃul.ke.nan],[nɛ.ga.do.wa.dʒul.ke.nan]
밤을 보내자,7,[pam.ɯl.po.nɛ.tʃa],[bam.ɯl.bo.nɛ.dʒa]
My whole,7,,
밤을 보냈는데,7,[pam.ɯl.po.nɛt̚.nɯn.te],[bam.ɯl.bo.nɛt̚.nɯn.te]
파라 씨,7,[pʰa.ɾa.s͈i],[pʰa.ɾa.s͈i]
밤을 새우고,7,[pam.ɯl.sɛ.u.ko],[bam.ɯl.sɛ.u.go]
파라 포셋,7,[pʰa.ɾa.pʰo.set̚],[pʰa.ɾa.pʰo.set̚]
고마워요 아내가,7,[ko.ma.wʌ.jo.a.nɛ.ka],[go.ma.wʌ.jo.a.nɛ.ga]
밤을 새웠다,7,[pam.ɯl.sɛ.wʌt̚.ta],[bam.ɯl.sɛ.wʌt̚.ta]
파란 모자를,7,[pʰa.ɾan.mo.tʃa.ɾɯl],[pʰa.ɾan.mo.dʒa.ɾɯl]
낭비하지 말고요,7,[nam.pi.ha.tʃi.mal.ko.jo],[naŋ.bi.ha.dʒi.mal.ko.jo]
밤을 즐기고,7,[pam.ɯl.tʃɯl.ki.ko],[bam.ɯl.dʒɯl.ki.go]
고마워요 아냐,7,[ko.ma.wʌ.jo.a.nja],[go.ma.wʌ.jo.a.nja]
파란 파일을,7,[pʰa.ɾam.pʰa.il.ɯl],[pʰa.ɾam.pʰa.il.ɯl]
파란 하늘 아래에서,7,[pʰa.ɾan.ha.nɯl.a.ɾɛ.e.sʌ],[pʰa.ɾan.ha.nɯl.a.ɾɛ.e.sʌ]
파란 하늘 아래에서 당신을,7,[pʰa.ɾan.ha.nɯl.a.ɾɛ.e.sʌ.taŋ.sin.ɯl],[pʰa.ɾan.ha.nɯl.a.ɾɛ.e.sʌ.daŋ.sin.ɯl]
파란 하늘을,7,[pʰa.ɾan.ha.nɯl.ɯl],[pʰa.ɾan.ha.nɯl.ɯl]
밤의 생물들이,7,[pam.ɯi.sɛŋ.mul.tɯl.i],[bam.ɯi.sɛŋ.mul.tɯl.i]
낭비하지 말죠,7,[nam.pi.ha.tʃi.mal.tʃjo],[naŋ.bi.ha.dʒi.mal.tʃjo]
파르네세 교황들 중,7,[pʰa.ɾɯ.ne.se.kjo.hwaŋ.tɯl.tʃuŋ],[pʰa.ɾɯ.ne.se.gjo.hwaŋ.dɯl.dʒuŋ]
파르네세 교황들,7,[pʰa.ɾɯ.ne.se.kjo.hwaŋ.tɯl],[pʰa.ɾɯ.ne.se.gjo.hwaŋ.dɯl]
파르하드 가지,7,[pʰa.ɾɯ.ha.tɯ.ka.tʃi],[pʰa.ɾɯ.ha.dɯ.ga.dʒi]
파르네세 교황들 중 한사람이,7,[pʰa.ɾɯ.ne.se.kjo.hwaŋ.tɯl.tʃuŋ.han.sa.ɾam.i],[pʰa.ɾɯ.ne.se.gjo.hwaŋ.dɯl.dʒuŋ.han.sa.ɾam.i]
on two,7,,
밤의 왕 죽은 자들의,7,[pam.ɯi.waŋ.tʃuk̚.ɯn.tʃa.tɯl.ɯi],[bam.ɯi.waŋ.dʒuk̚.ɯn.dʒa.dɯl.ɯi]
밤의 왕 죽은,7,[pam.ɯi.waŋ.tʃuk̚.ɯn],[bam.ɯi.waŋ.dʒuk̚.ɯn]
낭비하지 않는,7,[nam.pi.ha.tʃi.an.nɯn],[naŋ.bi.ha.dʒi.an.nɯn]
파리나 지너스,7,[pʰa.ɾi.na.tʃi.nʌ.sɯ],[pʰa.ɾi.na.dʒi.nʌ.sɯ]
낭비하지 않도록,7,[nam.pi.ha.tʃi.an.to.ɾok̚],[naŋ.bi.ha.dʒi.an.to.ɾok̚]
파리에 갈 수,7,[pʰa.ɾi.e.kal.su],[pʰa.ɾi.e.gal.su]
밤의 왕을 물리치지,7,[pam.ɯi.waŋ.ɯl.mul.ɾi.tʃʰi.tʃi],[bam.ɯi.waŋ.ɯl.mul.ɾi.tʃʰi.dʒi]
파리에 온,7,[pʰa.ɾi.e.on],[pʰa.ɾi.e.on]
파리에 있을 때,7,[pʰa.ɾi.e.it̚.ɯl.t͈ɛ],[pʰa.ɾi.e.it̚.ɯl.t͈ɛ]
밤이 끝날,7,[pam.i.k͈ɯt̚.nal],[bam.i.k͈ɯt̚.nal]
파리에서 온 아가씨,7,[pʰa.ɾi.e.sʌ.on.a.ka.s͈i],[pʰa.ɾi.e.sʌ.on.a.ga.s͈i]
낭비한 건,7,[nam.pi.haŋ.kʌn],[naŋ.bi.han.gʌn]
낭비할 거야,7,[nam.pi.hal.kʌ.ja],[naŋ.bi.hal.gʌ.ja]
파멸 끝으로 기적을,7,[pʰa.mjʌl.k͈ɯt̚.ɯ.ɾo.ki.tʃʌk̚.ɯl],[pʰa.mjʌl.k͈ɯt̚.ɯ.ɾo.gi.dʒʌk̚.ɯl]
파멸 끝으로 기적을 불러,7,[pʰa.mjʌl.k͈ɯt̚.ɯ.ɾo.ki.tʃʌk̚.ɯl.pul.ɾʌ],[pʰa.mjʌl.k͈ɯt̚.ɯ.ɾo.gi.dʒʌk̚.ɯl.bul.ɾʌ]
감동적이며 늘 새로운,7,[kan.toŋ.tʃʌk̚.i.mjʌ.nɯl.sɛ.ɾo.un],[gan.toŋ.dʒʌk̚.i.mjʌ.nɯl.sɛ.ɾo.un]
파멸로 이끌,7,[pʰa.mjʌl.ɾo.i.k͈ɯl],[pʰa.mjʌl.ɾo.i.k͈ɯl]
밤이 될 것,7,[pam.i.twel.kʌt̚],[bam.i.dwel.gʌt̚]
밤이 아니라,7,[pam.i.a.ni.ɾa],[bam.i.a.ni.ɾa]
감동적이며 늘,7,[kan.toŋ.tʃʌk̚.i.mjʌ.nɯl],[gan.toŋ.dʒʌk̚.i.mjʌ.nɯl]
감동적이며 늘 새로운 발견이,7,[kan.toŋ.tʃʌk̚.i.mjʌ.nɯl.sɛ.ɾo.um.pal.kjʌn.i],[gan.toŋ.dʒʌk̚.i.mjʌ.nɯl.sɛ.ɾo.un.bal.kjʌn.i]
낭비해선 안,7,[nam.pi.hɛ.sʌn.an],[naŋ.bi.hɛ.sʌn.an]
on when,7,,
파시스트 놈들,7,[pʰa.si.sɯ.tʰɯ.non.tɯl],[pʰa.si.sɯ.tʰɯ.non.tɯl]
낮게 날면,7,[nat̚.ke.nal.mjʌn],[nat̚.ke.nal.mjʌn]
고마워요 앉으세요,7,[ko.ma.wʌ.jo.an.ɯ.se.jo],[go.ma.wʌ.jo.an.ɯ.se.jo]
고마워요 알겠어요,7,[ko.ma.wʌ.jo.al.ket̚.ʌ.jo],[go.ma.wʌ.jo.al.ket̚.ʌ.jo]
파악 중이야,7,[pʰa.ak̚.tʃuŋ.i.ja],[pʰa.ak̚.dʒuŋ.i.ja]
낮과 밤,7,[nat̚.kwa.pam],[nat̚.kwa.bam]
밥 난,7,[pap̚.nan],[bap̚.nan]
파악을 위해,7,[pʰa.ak̚.ɯl.wi.hɛ],[pʰa.ak̚.ɯl.wi.hɛ]
낮과 밤이,7,[nat̚.kwa.pam.i],[nat̚.kwa.bam.i]
낮다고 그녀가,7,[nat̚.ta.ko.kɯ.njʌ.ka],[nat̚.ta.go.gɯ.njʌ.ga]
파악하는 건,7,[pʰa.ak̚.ha.nɯŋ.kʌn],[pʰa.ak̚.ha.nɯn.gʌn]
낮다고 그녀가 말했고,7,[nat̚.ta.ko.kɯ.njʌ.ka.mal.hɛt̚.ko],[nat̚.ta.go.gɯ.njʌ.ga.mal.hɛt̚.ko]
파악하는 중이에요,7,[pʰa.ak̚.ha.nɯn.tʃuŋ.i.e.jo],[pʰa.ak̚.ha.nɯn.dʒuŋ.i.e.jo]
파악한 건,7,[pʰa.ak̚.haŋ.kʌn],[pʰa.ak̚.han.gʌn]
파악할 수 있을 거야,7,[pʰa.ak̚.hal.su.it̚.ɯl.kʌ.ja],[pʰa.ak̚.hal.su.it̚.ɯl.gʌ.ja]
파야 합니다,7,[pʰa.ja.hap̚.ni.ta],[pʰa.ja.hap̚.ni.da]
파야 해요,7,[pʰa.ja.hɛ.jo],[pʰa.ja.hɛ.jo]
밥 먹는 걸,7,[pap̚.mʌk̚.nɯŋ.kʌl],[bap̚.mʌk̚.nɯn.gʌl]
파운드 짜리,7,[pʰa.un.tɯ.tʃ͈a.ɾi],[pʰa.un.tɯ.tʃ͈a.ɾi]
낮은 가격으로,7,[nat̚.ɯŋ.ka.kjʌk̚.ɯ.ɾo],[nat̚.ɯn.ga.gjʌk̚.ɯ.ɾo]
파운드는 될,7,[pʰa.un.tɯ.nɯn.twel],[pʰa.un.tɯ.nɯn.dwel]
파이 먹으러,7,[pʰa.i.mʌk̚.ɯ.ɾʌ],[pʰa.i.mʌk̚.ɯ.ɾʌ]
파이 먹을래,7,[pʰa.i.mʌk̚.ɯl.ɾɛ],[pʰa.i.mʌk̚.ɯl.ɾɛ]
파이 먹는,7,[pʰa.i.mʌk̚.nɯn],[pʰa.i.mʌk̚.nɯn]
파이가 먹고,7,[pʰa.i.ka.mʌk̚.ko],[pʰa.i.ga.mʌk̚.ko]
밥 먹으라고,7,[pap̚.mʌk̚.ɯ.ɾa.ko],[bap̚.mʌk̚.ɯ.ɾa.go]
낮은 목소리,7,[nat̚.ɯn.mok̚.so.ɾi],[nat̚.ɯn.mok̚.so.ɾi]
밥 먹으러 와,7,[pap̚.mʌk̚.ɯ.ɾʌ.wa],[bap̚.mʌk̚.ɯ.ɾʌ.wa]
낮은 신음,7,[nat̚.ɯn.sin.ɯm],[nat̚.ɯn.sin.ɯm]
파이프 소리,7,[pʰa.i.pʰɯ.so.ɾi],[pʰa.i.pʰɯ.so.ɾi]
밥 먹이는,7,[pap̚.mʌk̚.i.nɯn],[bap̚.mʌk̚.i.nɯn]
이건 살인 사건,7,[i.kʌn.sal.in.sa.kʌn],[i.gʌn.sal.in.sa.gʌn]
파일 몇 개,7,[pʰa.il.mjʌt̚.kɛ],[pʰa.il.mjʌt̚.gɛ]
고마워요 어이,7,[ko.ma.wʌ.jo.ʌ.i],[go.ma.wʌ.jo.ʌ.i]
해서 직접,7,[hɛ.sʌ.tʃik̚.tʃʌp̚],[hɛ.sʌ.dʒik̚.tʃʌp̚]
파일 어딨어,7,[pʰa.il.ʌ.tit̚.ʌ],[pʰa.il.ʌ.dit̚.ʌ]
내가 도움이 될 수도,7,[nɛ.ka.to.um.i.twel.su.to],[nɛ.ga.do.um.i.dwel.su.do]
밥 사주세요,7,[pap̚.sa.tʃu.se.jo],[bap̚.sa.dʒu.se.jo]
밥 사줄게,7,[pap̚.sa.tʃul.ke],[bap̚.sa.dʒul.ke]
낮잠 시간이야,7,[nat̚.tʃam.si.kan.i.ja],[nat̚.tʃam.si.gan.i.ja]
밥 안 먹어도,7,[pap̚.an.mʌk̚.ʌ.to],[bap̚.an.mʌk̚.ʌ.do]
파일에 있던,7,[pʰa.il.e.it̚.tʌn],[pʰa.il.e.it̚.tʌn]
고마워요 언제,7,[ko.ma.wʌ.jo.ʌn.tʃe],[go.ma.wʌ.jo.ʌn.tʃe]
감미로운 음악이 계속된다,7,[kam.mi.ɾo.un.ɯm.ak̚.i.kje.sok̚.twen.ta],[gam.mi.ɾo.un.ɯm.ak̚.i.gje.sok̚.twen.ta]
결혼할 여자는,7,[kjʌl.hon.hal.jʌ.tʃa.nɯn],[gjʌl.hon.hal.jʌ.dʒa.nɯn]
밥 이,7,[pap̚.i],[bap̚.i]
고마워요 언제든,7,[ko.ma.wʌ.jo.ʌn.tʃe.tɯn],[go.ma.wʌ.jo.ʌn.tʃe.dɯn]
파일을 뒤지고,7,[pʰa.il.ɯl.twi.tʃi.ko],[pʰa.il.ɯl.dwi.dʒi.go]
밥 잘 먹고,7,[pap̚.tʃal.mʌk̚.ko],[bap̚.dʒal.mʌk̚.ko]
파일을 보냈어요,7,[pʰa.il.ɯl.po.nɛt̚.ʌ.jo],[pʰa.il.ɯl.bo.nɛt̚.ʌ.jo]
파일을 보관하고,7,[pʰa.il.ɯl.po.kwan.ha.ko],[pʰa.il.ɯl.bo.gwan.ha.go]
낮잠 자야,7,[nat̚.tʃan.tʃa.ja],[nat̚.tʃam.dʒa.ja]
고마워요 얼마,7,[ko.ma.wʌ.jo.ʌl.ma],[go.ma.wʌ.jo.ʌl.ma]
파일을 봤는데,7,[pʰa.il.ɯl.pwat̚.nɯn.te],[pʰa.il.ɯl.bwat̚.nɯn.te]
밥 정말,7,[pap̚.tʃʌŋ.mal],[bap̚.dʒʌŋ.mal]
파일을 열,7,[pʰa.il.ɯl.jʌl],[pʰa.il.ɯl.jʌl]
파일을 찾고,7,[pʰa.il.ɯl.tʃʰat̚.ko],[pʰa.il.ɯl.tʃʰat̚.ko]
파일을 찾을,7,[pʰa.il.ɯl.tʃʰat̚.ɯl],[pʰa.il.ɯl.tʃʰat̚.ɯl]
파일을 하나,7,[pʰa.il.ɯl.ha.na],[pʰa.il.ɯl.ha.na]
파일이 있어,7,[pʰa.il.i.it̚.ʌ],[pʰa.il.i.it̚.ʌ]
파자마 입고,7,[pʰa.tʃa.ma.ip̚.ko],[pʰa.dʒa.ma.ip̚.ko]
밥 줬어,7,[pap̚.tʃwʌt̚.ʌ],[bap̚.dʒwʌt̚.ʌ]
낮잠은 잘,7,[nat̚.tʃam.ɯn.tʃal],[nat̚.tʃam.ɯn.dʒal]
파자마를 입고,7,[pʰa.tʃa.ma.ɾɯl.ip̚.ko],[pʰa.dʒa.ma.ɾɯl.ip̚.ko]
밥 폐하,7,[pap̚.pʰje.ha],[bap̚.pʰje.ha]
파커 경력,7,[pʰa.kʰʌ.kjʌŋ.ɾjʌk̚],[pʰa.kʰʌ.gjʌŋ.ɾjʌk̚]
낮잠을 좀,7,[nat̚.tʃam.ɯl.tʃom],[nat̚.tʃam.ɯl.dʒom]
밥 호프,7,[pap̚.ho.pʰɯ],[bap̚.ho.pʰɯ]
파크 카운티,7,[pʰa.kʰɯ.kʰa.un.tʰi],[pʰa.kʰɯ.kʰa.un.tʰi]
감방 가고,7,[kam.paŋ.ka.ko],[gam.paŋ.ga.go]
해서요 여러분,7,[hɛ.sʌ.jo.jʌ.ɾʌ.pun],[hɛ.sʌ.jo.jʌ.ɾʌ.bun]
고마워요 여기서 뭐,7,[ko.ma.wʌ.jo.jʌ.ki.sʌ.mwʌ],[go.ma.wʌ.jo.jʌ.gi.sʌ.mwʌ]
밥도 같이 먹고,7,[pap̚.to.kat̚.i.mʌk̚.ko],[bap̚.to.gat̚.i.mʌk̚.ko]
파키스탄은 각성하라,7,[pʰa.kʰi.sɯ.tʰan.ɯŋ.kak̚.sʌŋ.ha.ɾa],[pʰa.kʰi.sɯ.tʰan.ɯn.gak̚.sʌŋ.ha.ɾa]
파키타 살라스예요,7,[pʰa.kʰi.tʰa.sal.ɾa.sɯ.je.jo],[pʰa.kʰi.tʰa.sal.ɾa.sɯ.je.jo]
낮출 순,7,[nat̚.tʃʰul.sun],[nat̚.tʃʰul.sun]
해서요 지금,7,[hɛ.sʌ.jo.tʃi.kɯm],[hɛ.sʌ.jo.dʒi.gɯm]
내가 돈만,7,[nɛ.ka.ton.man],[nɛ.ga.don.man]
파트너 자리를,7,[pʰa.tʰɯ.nʌ.tʃa.ɾi.ɾɯl],[pʰa.tʰɯ.nʌ.dʒa.ɾi.ɾɯl]
밥에 재,7,[pap̚.e.tʃɛ],[bap̚.e.dʒɛ]
때문인 게,7,[t͈ɛ.mun.iŋ.ke],[t͈ɛ.mun.in.ge]
파트너가 있어,7,[pʰa.tʰɯ.nʌ.ka.it̚.ʌ],[pʰa.tʰɯ.nʌ.ga.it̚.ʌ]
이건 싫어,7,[i.kʌn.sil.ʌ],[i.gʌn.sil.ʌ]
낯선 나라에서 죽어야,7,[nat̚.sʌn.na.ɾa.e.sʌ.tʃuk̚.ʌ.ja],[nat̚.sʌn.na.ɾa.e.sʌ.dʒuk̚.ʌ.ja]
낯선 나라에서 죽어야 합니다,7,[nat̚.sʌn.na.ɾa.e.sʌ.tʃuk̚.ʌ.ja.hap̚.ni.ta],[nat̚.sʌn.na.ɾa.e.sʌ.dʒuk̚.ʌ.ja.hap̚.ni.da]
파트너를 위한,7,[pʰa.tʰɯ.nʌ.ɾɯl.wi.han],[pʰa.tʰɯ.nʌ.ɾɯl.wi.han]
낯선 남자,7,[nat̚.sʌn.nan.tʃa],[nat̚.sʌn.nan.tʃa]
밥을 먹은,7,[pap̚.ɯl.mʌk̚.ɯn],[bap̚.ɯl.mʌk̚.ɯn]
감방 동기가,7,[kam.paŋ.toŋ.ki.ka],[gam.paŋ.doŋ.gi.ga]
고마워요 오늘 밤,7,[ko.ma.wʌ.jo.o.nɯl.pam],[go.ma.wʌ.jo.o.nɯl.bam]
파티 가자,7,[pʰa.tʰi.ka.tʃa],[pʰa.tʰi.ga.dʒa]
밥을 해,7,[pap̚.ɯl.hɛ],[bap̚.ɯl.hɛ]
파티 같은 거요,7,[pʰa.tʰi.kat̚.ɯŋ.kʌ.jo],[pʰa.tʰi.gat̚.ɯn.gʌ.jo]
고마워요 올리버는,7,[ko.ma.wʌ.jo.ol.ɾi.pʌ.nɯn],[go.ma.wʌ.jo.ol.ɾi.bʌ.nɯn]
밥이나 같이,7,[pap̚.i.na.kat̚.i],[bap̚.i.na.gat̚.i]
이건 아넬라의 나무들이야,7,[i.kʌn.a.nel.ɾa.ɯi.na.mu.tɯl.i.ja],[i.gʌn.a.nel.ɾa.ɯi.na.mu.dɯl.i.ja]
파티 내내,7,[pʰa.tʰi.nɛ.nɛ],[pʰa.tʰi.nɛ.nɛ]
파티 끝났어요,7,[pʰa.tʰi.k͈ɯt̚.nat̚.ʌ.jo],[pʰa.tʰi.k͈ɯt̚.nat̚.ʌ.jo]
고마워요 올리버는 여행이,7,[ko.ma.wʌ.jo.ol.ɾi.pʌ.nɯn.jʌ.hɛŋ.i],[go.ma.wʌ.jo.ol.ɾi.bʌ.nɯn.jʌ.hɛŋ.i]
파티 드레스,7,[pʰa.tʰi.tɯ.ɾe.sɯ],[pʰa.tʰi.dɯ.ɾe.sɯ]
on your head,7,,
고마워요 올리버는 여행이 즐거웠다니,7,[ko.ma.wʌ.jo.ol.ɾi.pʌ.nɯn.jʌ.hɛŋ.i.tʃɯl.kʌ.wʌt̚.ta.ni],[go.ma.wʌ.jo.ol.ɾi.bʌ.nɯn.jʌ.hɛŋ.i.dʒɯl.kʌ.wʌt̚.ta.ni]
밥한테 던져라,7,[pap̚.han.tʰe.tʌn.tʃjʌ.ɾa],[bap̚.han.tʰe.dʌn.tʃjʌ.ɾa]
낯선 사람이야,7,[nat̚.sʌn.sa.ɾam.i.ja],[nat̚.sʌn.sa.ɾam.i.ja]
아들처럼 넌 정말 운이,7,[a.tɯl.tʃʰʌ.ɾʌm.nʌn.tʃʌŋ.mal.un.i],[a.dɯl.tʃʰʌ.ɾʌm.nʌn.dʒʌŋ.mal.un.i]
파티 이후,7,[pʰa.tʰi.i.hu],[pʰa.tʰi.i.hu]
파티 이후에,7,[pʰa.tʰi.i.hu.e],[pʰa.tʰi.i.hu.e]
파티 장소는,7,[pʰa.tʰi.tʃaŋ.so.nɯn],[pʰa.tʰi.dʒaŋ.so.nɯn]
파티 장소를,7,[pʰa.tʰi.tʃaŋ.so.ɾɯl],[pʰa.tʰi.dʒaŋ.so.ɾɯl]
파티 준비는,7,[pʰa.tʰi.tʃum.pi.nɯn],[pʰa.tʰi.dʒum.pi.nɯn]
낯선 얼굴을 하고,7,[nat̚.sʌn.ʌl.kul.ɯl.ha.ko],[nat̚.sʌn.ʌl.kul.ɯl.ha.go]
낯선 얼굴을,7,[nat̚.sʌn.ʌl.kul.ɯl],[nat̚.sʌn.ʌl.kul.ɯl]
파티 짱,7,[pʰa.tʰi.tʃ͈aŋ],[pʰa.tʰi.tʃ͈aŋ]
고마워요 요,7,[ko.ma.wʌ.jo.jo],[go.ma.wʌ.jo.jo]
파티 플래너,7,[pʰa.tʰi.pʰɯl.ɾɛ.nʌ],[pʰa.tʰi.pʰɯl.ɾɛ.nʌ]
파티 해,7,[pʰa.tʰi.hɛ],[pʰa.tʰi.hɛ]
낯선 이들이,7,[nat̚.sʌn.i.tɯl.i],[nat̚.sʌn.i.dɯl.i]
방 말고,7,[paŋ.mal.ko],[baŋ.mal.ko]
파티가 끝나면,7,[pʰa.tʰi.ka.k͈ɯt̚.na.mjʌn],[pʰa.tʰi.ga.k͈ɯt̚.na.mjʌn]
파티가 끝날,7,[pʰa.tʰi.ka.k͈ɯt̚.nal],[pʰa.tʰi.ga.k͈ɯt̚.nal]
방 말이야,7,[paŋ.mal.i.ja],[baŋ.mal.i.ja]
방 맞고,7,[paŋ.mat̚.ko],[baŋ.mat̚.ko]
파티가 시작될,7,[pʰa.tʰi.ka.si.tʃak̚.twel],[pʰa.tʰi.ga.si.dʒak̚.twel]
낯선 집에서,7,[nat̚.sʌn.tʃip̚.e.sʌ],[nat̚.sʌn.dʒip̚.e.sʌ]
파티가 아니에요,7,[pʰa.tʰi.ka.a.ni.e.jo],[pʰa.tʰi.ga.a.ni.e.jo]
파티가 열렸는데,7,[pʰa.tʰi.ka.jʌl.ɾjʌt̚.nɯn.te],[pʰa.tʰi.ga.jʌl.ɾjʌt̚.nɯn.te]
파티가 있거든,7,[pʰa.tʰi.ka.it̚.kʌ.tɯn],[pʰa.tʰi.ga.it̚.kʌ.dɯn]
파티가 있는,7,[pʰa.tʰi.ka.it̚.nɯn],[pʰa.tʰi.ga.it̚.nɯn]
고마워요 우리는,7,[ko.ma.wʌ.jo.u.ɾi.nɯn],[go.ma.wʌ.jo.u.ɾi.nɯn]
파티가 있던,7,[pʰa.tʰi.ka.it̚.tʌn],[pʰa.tʰi.ga.it̚.tʌn]
낯이 많이,7,[nat̚.i.man.i],[nat̚.i.man.i]
아랍어 관사,7,[a.ɾap̚.ʌ.kwan.sa],[a.ɾap̚.ʌ.gwan.sa]
아랍어 명사에,7,[a.ɾap̚.ʌ.mjʌŋ.sa.e],[a.ɾap̚.ʌ.mjʌŋ.sa.e]
파티가 좀,7,[pʰa.tʰi.ka.tʃom],[pʰa.tʰi.ga.dʒom]
고마워요 우릴,7,[ko.ma.wʌ.jo.u.ɾil],[go.ma.wʌ.jo.u.ɾil]
낯이 익는데,7,[nat̚.i.ik̚.nɯn.te],[nat̚.i.ik̚.nɯn.te]
방 문,7,[paŋ.mun],[baŋ.mun]
is a guy,7,,
방 문을,7,[paŋ.mun.ɯl],[baŋ.mun.ɯl]
파티를 다시,7,[pʰa.tʰi.ɾɯl.ta.si],[pʰa.tʰi.ɾɯl.da.si]
파티를 망치는,7,[pʰa.tʰi.ɾɯl.maŋ.tʃʰi.nɯn],[pʰa.tʰi.ɾɯl.maŋ.tʃʰi.nɯn]
파티를 망친,7,[pʰa.tʰi.ɾɯl.maŋ.tʃʰin],[pʰa.tʰi.ɾɯl.maŋ.tʃʰin]
파티를 방해하긴,7,[pʰa.tʰi.ɾɯl.paŋ.hɛ.ha.kin],[pʰa.tʰi.ɾɯl.baŋ.hɛ.ha.gin]
파티를 안,7,[pʰa.tʰi.ɾɯl.an],[pʰa.tʰi.ɾɯl.an]
파티를 연대,7,[pʰa.tʰi.ɾɯl.jʌn.tɛ],[pʰa.tʰi.ɾɯl.jʌn.tɛ]
방 쓰고,7,[paŋ.s͈ɯ.ko],[baŋ.s͈ɯ.go]
as you can see,7,,
파티를 열 수,7,[pʰa.tʰi.ɾɯl.jʌl.su],[pʰa.tʰi.ɾɯl.jʌl.su]
파티를 원하지,7,[pʰa.tʰi.ɾɯl.wʌn.ha.tʃi],[pʰa.tʰi.ɾɯl.wʌn.ha.dʒi]
방 안에는,7,[paŋ.an.e.nɯn],[baŋ.an.e.nɯn]
방 안에서는,7,[paŋ.an.e.sʌ.nɯn],[baŋ.an.e.sʌ.nɯn]
파티를 준비했어요,7,[pʰa.tʰi.ɾɯl.tʃum.pi.hɛt̚.ʌ.jo],[pʰa.tʰi.ɾɯl.dʒum.pi.hɛt̚.ʌ.jo]
파티를 하려고,7,[pʰa.tʰi.ɾɯl.ha.ɾjʌ.ko],[pʰa.tʰi.ɾɯl.ha.ɾjʌ.go]
파티를 할까,7,[pʰa.tʰi.ɾɯl.hal.k͈a],[pʰa.tʰi.ɾɯl.hal.k͈a]
방 잘,7,[paŋ.tʃal],[baŋ.dʒal]
파티에 가려고,7,[pʰa.tʰi.e.ka.ɾjʌ.ko],[pʰa.tʰi.e.ga.ɾjʌ.go]
낳고 싶은,7,[nat̚.ko.sip̚.ɯn],[nat̚.ko.sip̚.ɯn]
방 정리하는,7,[paŋ.tʃʌŋ.ɾi.ha.nɯn],[baŋ.dʒʌŋ.ɾi.ha.nɯn]
파티에 가요,7,[pʰa.tʰi.e.ka.jo],[pʰa.tʰi.e.ga.jo]
파티에 가자 파티에,7,[pʰa.tʰi.e.ka.tʃa.pʰa.tʰi.e],[pʰa.tʰi.e.ga.dʒa.pʰa.tʰi.e]
파티에 가자 파티에 가자,7,[pʰa.tʰi.e.ka.tʃa.pʰa.tʰi.e.ka.tʃa],[pʰa.tʰi.e.ga.dʒa.pʰa.tʰi.e.ga.dʒa]
파티에 꼭,7,[pʰa.tʰi.e.k͈ok̚],[pʰa.tʰi.e.k͈ok̚]
방 하나만,7,[paŋ.ha.na.man],[baŋ.ha.na.man]
파티에 다시,7,[pʰa.tʰi.e.ta.si],[pʰa.tʰi.e.da.si]
파티에 대해서,7,[pʰa.tʰi.e.tɛ.hɛ.sʌ],[pʰa.tʰi.e.dɛ.hɛ.sʌ]
방 하나씩,7,[paŋ.ha.na.s͈ik̚],[baŋ.ha.na.s͈ik̚]
방 한번,7,[paŋ.ham.pʌn],[baŋ.ham.pʌn]
파티에 안 가,7,[pʰa.tʰi.e.aŋ.ka],[pʰa.tʰi.e.an.ga]
파티에 오세요,7,[pʰa.tʰi.e.o.se.jo],[pʰa.tʰi.e.o.se.jo]
방관할 수,7,[paŋ.kwan.hal.su],[baŋ.gwan.hal.su]
고마워요 이쪽으로,7,[ko.ma.wʌ.jo.i.tʃ͈ok̚.ɯ.ɾo],[go.ma.wʌ.jo.i.tʃ͈ok̚.ɯ.ɾo]
파티에 올래,7,[pʰa.tʰi.e.ol.ɾɛ],[pʰa.tʰi.e.ol.ɾɛ]
파티에 있었던,7,[pʰa.tʰi.e.it̚.ʌt̚.tʌn],[pʰa.tʰi.e.it̚.ʌt̚.tʌn]
파티에 있었다,7,[pʰa.tʰi.e.it̚.ʌt̚.ta],[pʰa.tʰi.e.it̚.ʌt̚.ta]
파티에 있었어요,7,[pʰa.tʰi.e.it̚.ʌt̚.ʌ.jo],[pʰa.tʰi.e.it̚.ʌt̚.ʌ.jo]
파티에 잘 왔어,7,[pʰa.tʰi.e.tʃal.wat̚.ʌ],[pʰa.tʰi.e.dʒal.wat̚.ʌ]
파티에 참석해,7,[pʰa.tʰi.e.tʃʰam.sʌk̚.hɛ],[pʰa.tʰi.e.tʃʰam.sʌk̚.hɛ]
파티에 초대받았어요,7,[pʰa.tʰi.e.tʃʰo.tɛ.pat̚.at̚.ʌ.jo],[pʰa.tʰi.e.tʃʰo.dɛ.bat̚.at̚.ʌ.jo]
파티에 참석해야,7,[pʰa.tʰi.e.tʃʰam.sʌk̚.hɛ.ja],[pʰa.tʰi.e.tʃʰam.sʌk̚.hɛ.ja]
방귀를 뀌어요,7,[paŋ.kwi.ɾɯl.k͈wi.ʌ.jo],[baŋ.gwi.ɾɯl.k͈wi.ʌ.jo]
방귀를 뿡,7,[paŋ.kwi.ɾɯl.p͈uŋ],[baŋ.gwi.ɾɯl.p͈uŋ]
I changed the,7,,
파티에서 봐,7,[pʰa.tʰi.e.sʌ.pwa],[pʰa.tʰi.e.sʌ.bwa]
방금 갔는데,7,[paŋ.kɯm.kat̚.nɯn.te],[baŋ.gɯm.gat̚.nɯn.te]
방금 갔어,7,[paŋ.kɯm.kat̚.ʌ],[baŋ.gɯm.gat̚.ʌ]
파티하러 가자,7,[pʰa.tʰi.ha.ɾʌ.ka.tʃa],[pʰa.tʰi.ha.ɾʌ.ga.dʒa]
파티할 때,7,[pʰa.tʰi.hal.t͈ɛ],[pʰa.tʰi.hal.t͈ɛ]
파티할 기분이,7,[pʰa.tʰi.hal.ki.pun.i],[pʰa.tʰi.hal.gi.bun.i]
파파 루디는,7,[pʰa.pʰa.ɾu.ti.nɯn],[pʰa.pʰa.ɾu.di.nɯn]
파파고 번역 이전에,7,[pʰa.pʰa.ko.pʌn.jʌk̚.i.tʃʌn.e],[pʰa.pʰa.go.bʌn.jʌk̚.i.dʒʌn.e]
방금 굉장히,7,[paŋ.kɯm.kweŋ.tʃaŋ.hi],[baŋ.gɯm.gweŋ.dʒaŋ.hi]
낳을 거라고,7,[nat̚.ɯl.kʌ.ɾa.ko],[nat̚.ɯl.gʌ.ɾa.go]
방금 그 사람,7,[paŋ.kɯm.kɯ.sa.ɾam],[baŋ.gɯm.gɯ.sa.ɾam]
낳을 것,7,[nat̚.ɯl.kʌt̚],[nat̚.ɯl.gʌt̚]
판 걸,7,[pʰaŋ.kʌl],[pʰan.gʌl]
판 것도,7,[pʰaŋ.kʌt̚.to],[pʰan.gʌt̚.to]
방금 그거 봤니,7,[paŋ.kɯm.kɯ.kʌ.pwat̚.ni],[baŋ.gɯm.gɯ.gʌ.bwat̚.ni]
판 돈을,7,[pʰan.ton.ɯl],[pʰan.don.ɯl]
방금 그건 뭐였어,7,[paŋ.kɯm.kɯ.kʌn.mwʌ.jʌt̚.ʌ],[baŋ.gɯm.gɯ.gʌn.mwʌ.jʌt̚.ʌ]
판결 구제,7,[pʰaŋ.kjʌl.ku.tʃe],[pʰaŋ.kjʌl.gu.dʒe]
방금 그녀가,7,[paŋ.kɯm.kɯ.njʌ.ka],[baŋ.gɯm.gɯ.njʌ.ga]
판결에 따라,7,[pʰaŋ.kjʌl.e.t͈a.ɾa],[pʰaŋ.kjʌl.e.t͈a.ɾa]
고마워요 잠시만,7,[ko.ma.wʌ.jo.tʃam.si.man],[go.ma.wʌ.jo.dʒam.si.man]
판결을 내렸다,7,[pʰaŋ.kjʌl.ɯl.lɛ.ɾjʌt̚.ta],[pʰaŋ.kjʌl.ɯl.lɛ.ɾjʌt̚.ta]
판결을 받아,7,[pʰaŋ.kjʌl.ɯl.pat̚.a],[pʰaŋ.kjʌl.ɯl.bat̚.a]
판결을 받았죠,7,[pʰaŋ.kjʌl.ɯl.pat̚.at̚.tʃjo],[pʰaŋ.kjʌl.ɯl.bat̚.at̚.tʃjo]
방금 기억났는데,7,[paŋ.kɯm.ki.ʌk̚.nat̚.nɯn.te],[baŋ.gɯm.gi.ʌk̚.nat̚.nɯn.te]
감방으로 돌아가,7,[kam.paŋ.ɯ.ɾo.tol.a.ka],[gam.paŋ.ɯ.ɾo.dol.a.ga]
판결이 나면,7,[pʰaŋ.kjʌl.i.na.mjʌn],[pʰaŋ.kjʌl.i.na.mjʌn]
고마워요 저 사람,7,[ko.ma.wʌ.jo.tʃʌ.sa.ɾam],[go.ma.wʌ.jo.dʒʌ.sa.ɾam]
판다고 해서,7,[pʰan.ta.ko.hɛ.sʌ],[pʰan.ta.go.hɛ.sʌ]
판단 안,7,[pʰan.tan.an],[pʰan.tan.an]
as you think,7,,
내 FBI,7,[nɛ],[nɛ]
판단을 믿어,7,[pʰan.tan.ɯl.mit̚.ʌ],[pʰan.tan.ɯl.mit̚.ʌ]
판단을 할 수,7,[pʰan.tan.ɯl.hal.su],[pʰan.tan.ɯl.hal.su]
내 가게가,7,[nɛ.ka.ke.ka],[nɛ.ga.ge.ga]
방금 나왔다,7,[paŋ.kɯm.na.wat̚.ta],[baŋ.gɯm.na.wat̚.ta]
방금 나왔어요,7,[paŋ.kɯm.na.wat̚.ʌ.jo],[baŋ.gɯm.na.wat̚.ʌ.jo]
방금 나한테 뭐라고,7,[paŋ.kɯm.na.han.tʰe.mwʌ.ɾa.ko],[baŋ.gɯm.na.han.tʰe.mwʌ.ɾa.go]
내 가게를 턴,7,[nɛ.ka.ke.ɾɯl.tʰʌn],[nɛ.ga.ge.ɾɯl.tʰʌn]
감사 드리고,7,[kam.sa.tɯ.ɾi.ko],[gam.sa.dɯ.ɾi.go]
판단하지 않아요,7,[pʰan.tan.ha.tʃi.an.a.jo],[pʰan.tan.ha.dʒi.an.a.jo]
판단할 겁니다,7,[pʰan.tan.hal.kʌp̚.ni.ta],[pʰan.tan.hal.gʌp̚.ni.da]
판단할 수 없어요,7,[pʰan.tan.hal.su.ʌp̚.ʌ.jo],[pʰan.tan.hal.su.ʌp̚.ʌ.jo]
판단할 수는,7,[pʰan.tan.hal.su.nɯn],[pʰan.tan.hal.su.nɯn]
방금 너의,7,[paŋ.kɯm.nʌ.ɯi],[baŋ.gɯm.nʌ.ɯi]
판돈을 두 배로,7,[pʰan.ton.ɯl.tu.pɛ.ɾo],[pʰan.ton.ɯl.du.bɛ.ɾo]
판돈을 두,7,[pʰan.ton.ɯl.tu],[pʰan.ton.ɯl.du]
힘들어요 어떻게,7,[hin.tɯl.ʌ.jo.ʌ.t͈ʌt̚.ke],[hin.tɯl.ʌ.jo.ʌ.t͈ʌt̚.ke]
방금 네 목숨을 구했어,7,[paŋ.kɯm.ne.mok̚.sum.ɯl.ku.hɛt̚.ʌ],[baŋ.gɯm.ne.mok̚.sum.ɯl.gu.hɛt̚.ʌ]
방금 놓쳤잖아,7,[paŋ.kɯm.not̚.tʃʰjʌt̚.tʃan.a],[baŋ.gɯm.not̚.tʃʰjʌt̚.tʃan.a]
판사가 그,7,[pʰan.sa.ka.kɯ],[pʰan.sa.ga.gɯ]
불안하게 왜,7,[pul.an.ha.ke.wɛ],[bul.an.ha.ge.wɛ]
감사 인사 하고,7,[kam.sa.in.sa.ha.ko],[gam.sa.in.sa.ha.go]
고마워요 정말 감사해요,7,[ko.ma.wʌ.jo.tʃʌŋ.mal.kam.sa.hɛ.jo],[go.ma.wʌ.jo.dʒʌŋ.mal.gam.sa.hɛ.jo]
내 가방 줘,7,[nɛ.ka.paŋ.tʃwʌ],[nɛ.ga.baŋ.dʒwʌ]
해야 할 일이니까요,7,[hɛ.ja.hal.il.i.ni.k͈a.jo],[hɛ.ja.hal.il.i.ni.k͈a.jo]
판사와 함께,7,[pʰan.sa.wa.ham.k͈e],[pʰan.sa.wa.ham.k͈e]
판사한테 뭐라고,7,[pʰan.sa.han.tʰe.mwʌ.ɾa.ko],[pʰan.sa.han.tʰe.mwʌ.ɾa.go]
방금 당신이 한,7,[paŋ.kɯn.taŋ.sin.i.han],[baŋ.gɯm.daŋ.sin.i.han]
판을 치는,7,[pʰan.ɯl.tʃʰi.nɯn],[pʰan.ɯl.tʃʰi.nɯn]
판잣집에 살고,7,[pʰan.tʃat̚.tʃip̚.e.sal.ko],[pʰan.tʃat̚.tʃip̚.e.sal.ko]
판정을 받았습니다,7,[pʰan.tʃʌŋ.ɯl.pat̚.at̚.sɯp̚.ni.ta],[pʰan.tʃʌŋ.ɯl.bat̚.at̚.sɯp̚.ni.da]
방금 도대체,7,[paŋ.kɯn.to.tɛ.tʃʰe],[baŋ.gɯm.do.dɛ.tʃʰe]
방금 도착해서,7,[paŋ.kɯn.to.tʃʰak̚.hɛ.sʌ],[baŋ.gɯm.do.tʃʰak̚.hɛ.sʌ]
팔 건데,7,[pʰal.kʌn.te],[pʰal.gʌn.te]
내 가방이랑,7,[nɛ.ka.paŋ.i.ɾaŋ],[nɛ.ga.baŋ.i.ɾaŋ]
팔 때까지,7,[pʰal.t͈ɛ.k͈a.tʃi],[pʰal.t͈ɛ.k͈a.dʒi]
고마워요 정말로요,7,[ko.ma.wʌ.jo.tʃʌŋ.mal.ɾo.jo],[go.ma.wʌ.jo.dʒʌŋ.mal.ɾo.jo]
방금 들어왔는데,7,[paŋ.kɯn.tɯl.ʌ.wat̚.nɯn.te],[baŋ.gɯm.dɯl.ʌ.wat̚.nɯn.te]
팔 수 없어요,7,[pʰal.su.ʌp̚.ʌ.jo],[pʰal.su.ʌp̚.ʌ.jo]
팔 수 있게,7,[pʰal.su.it̚.ke],[pʰal.su.it̚.ke]
팔 수 있다고,7,[pʰal.su.it̚.ta.ko],[pʰal.su.it̚.ta.go]
팔 수 있었다,7,[pʰal.su.it̚.ʌt̚.ta],[pʰal.su.it̚.ʌt̚.ta]
내 가슴도,7,[nɛ.ka.sɯn.to],[nɛ.ga.sɯn.to]
방금 떠난,7,[paŋ.kɯn.t͈ʌ.nan],[baŋ.gɯn.t͈ʌ.nan]
팔 안,7,[pʰal.an],[pʰal.an]
팔 없이,7,[pʰal.ʌp̚.i],[pʰal.ʌp̚.i]
방금 라디오에서,7,[paŋ.kɯm.ɾa.ti.o.e.sʌ],[baŋ.gɯm.ɾa.di.o.e.sʌ]
as you''re on,7,,
팔 한,7,[pʰal.han],[pʰal.han]
팔게 될,7,[pʰal.ke.twel],[pʰal.ke.dwel]
팔고 그,7,[pʰal.ko.kɯ],[pʰal.ko.gɯ]
방금 말은,7,[paŋ.kɯm.mal.ɯn],[baŋ.gɯm.mal.ɯn]
팔고 있는데,7,[pʰal.ko.it̚.nɯn.te],[pʰal.ko.it̚.nɯn.te]
고마워요 조금,7,[ko.ma.wʌ.jo.tʃo.kɯm],[go.ma.wʌ.jo.dʒo.gɯm]
방금 말한 것처럼,7,[paŋ.kɯm.mal.haŋ.kʌt̚.tʃʰʌ.ɾʌm],[baŋ.gɯm.mal.han.gʌt̚.tʃʰʌ.ɾʌm]
팔기로 했어,7,[pʰal.ki.ɾo.hɛt̚.ʌ],[pʰal.ki.ɾo.hɛt̚.ʌ]
팔다 남은,7,[pʰal.ta.nam.ɯn],[pʰal.ta.nam.ɯn]
고마워요 좀 더,7,[ko.ma.wʌ.jo.tʃon.tʌ],[go.ma.wʌ.jo.dʒom.dʌ]
팔레스타인 자치,7,[pʰal.ɾe.sɯ.tʰa.in.tʃa.tʃʰi],[pʰal.ɾe.sɯ.tʰa.in.dʒa.tʃʰi]
방금 먹었어,7,[paŋ.kɯm.mʌk̚.ʌt̚.ʌ],[baŋ.gɯm.mʌk̚.ʌt̚.ʌ]
팔려고 하고,7,[pʰal.ɾjʌ.ko.ha.ko],[pʰal.ɾjʌ.go.ha.go]
고마워요 좀 어때요,7,[ko.ma.wʌ.jo.tʃom.ʌ.t͈ɛ.jo],[go.ma.wʌ.jo.dʒom.ʌ.t͈ɛ.jo]
내 가족까지,7,[nɛ.ka.tʃok̚.k͈a.tʃi],[nɛ.ga.dʒok̚.k͈a.dʒi]
감사 인사를 한다,7,[kam.sa.in.sa.ɾɯl.han.ta],[gam.sa.in.sa.ɾɯl.han.ta]
팔로 날,7,[pʰal.ɾo.nal],[pʰal.ɾo.nal]
팔로워가 몇,7,[pʰal.ɾo.wʌ.ka.mjʌt̚],[pʰal.ɾo.wʌ.ga.mjʌt̚]
팔리는 건,7,[pʰal.ɾi.nɯŋ.kʌn],[pʰal.ɾi.nɯn.gʌn]
방금 무슨 짓을 했는지,7,[paŋ.kɯm.mu.sɯn.tʃit̚.ɯl.hɛt̚.nɯn.tʃi],[baŋ.gɯm.mu.sɯn.dʒit̚.ɯl.hɛt̚.nɯn.tʃi]
팔릴 겁니다,7,[pʰal.ɾil.kʌp̚.ni.ta],[pʰal.ɾil.gʌp̚.ni.da]
방금 문자 받았어,7,[paŋ.kɯm.mun.tʃa.pat̚.at̚.ʌ],[baŋ.gɯm.mun.tʃa.bat̚.at̚.ʌ]
팔머 테크놀로지의,7,[pʰal.mʌ.tʰe.kʰɯ.nol.ɾo.tʃi.ɯi],[pʰal.mʌ.tʰe.kʰɯ.nol.ɾo.dʒi.ɯi]
때야 그래 베어버렸어 너는,7,[t͈ɛ.ja.kɯ.ɾɛ.pe.ʌ.pʌ.ɾjʌt̚.ʌ.nʌ.nɯn],[t͈ɛ.ja.gɯ.ɾɛ.be.ʌ.bʌ.ɾjʌt̚.ʌ.nʌ.nɯn]
팔면 되잖아,7,[pʰal.mjʌn.twe.tʃan.a],[pʰal.mjʌn.dwe.dʒan.a]
팔아 넘긴,7,[pʰal.a.nʌm.kin],[pʰal.a.nʌm.kin]
팔아넘길 거야,7,[pʰal.a.nʌm.kil.kʌ.ja],[pʰal.a.nʌm.kil.gʌ.ja]
팔아서 얼마나,7,[pʰal.a.sʌ.ʌl.ma.na],[pʰal.a.sʌ.ʌl.ma.na]
팔았다는 건,7,[pʰal.at̚.ta.nɯŋ.kʌn],[pʰal.at̚.ta.nɯn.gʌn]
방금 뭐죠,7,[paŋ.kɯm.mwʌ.tʃjo],[baŋ.gɯm.mwʌ.dʒjo]
불안해 하고,7,[pul.an.hɛ.ha.ko],[bul.an.hɛ.ha.go]
방금 뭔,7,[paŋ.kɯm.mwʌn],[baŋ.gɯm.mwʌn]
팔았을 수도,7,[pʰal.at̚.ɯl.su.to],[pʰal.at̚.ɯl.su.do]
방금 뭔가를,7,[paŋ.kɯm.mwʌŋ.ka.ɾɯl],[baŋ.gɯm.mwʌŋ.ka.ɾɯl]
방금 뭘 했는지,7,[paŋ.kɯm.mwʌl.hɛt̚.nɯn.tʃi],[baŋ.gɯm.mwʌl.hɛt̚.nɯn.tʃi]
팔은 좀 어때,7,[pʰal.ɯn.tʃom.ʌ.t͈ɛ],[pʰal.ɯn.dʒom.ʌ.t͈ɛ]
팔을 내밀어,7,[pʰal.ɯl.lɛ.mil.ʌ],[pʰal.ɯl.lɛ.mil.ʌ]
이건 우연의,7,[i.kʌn.u.jʌn.ɯi],[i.gʌn.u.jʌn.ɯi]
불안해하지 마,7,[pul.an.hɛ.ha.tʃi.ma],[bul.an.hɛ.ha.dʒi.ma]
팔을 부러뜨렸어요,7,[pʰal.ɯl.pu.ɾʌ.t͈ɯ.ɾjʌt̚.ʌ.jo],[pʰal.ɯl.bu.ɾʌ.t͈ɯ.ɾjʌt̚.ʌ.jo]
방금 봤잖아,7,[paŋ.kɯm.pwat̚.tʃan.a],[baŋ.gɯm.bwat̚.tʃan.a]
방금 봤지,7,[paŋ.kɯm.pwat̚.tʃi],[baŋ.gɯm.bwat̚.tʃi]
방금 사람이,7,[paŋ.kɯm.sa.ɾam.i],[baŋ.gɯm.sa.ɾam.i]
방금 사진,7,[paŋ.kɯm.sa.tʃin],[baŋ.gɯm.sa.dʒin]
팔이 부러졌어요,7,[pʰal.i.pu.ɾʌ.tʃjʌt̚.ʌ.jo],[pʰal.i.bu.ɾʌ.dʒjʌt̚.ʌ.jo]
팔이 부러지고,7,[pʰal.i.pu.ɾʌ.tʃi.ko],[pʰal.i.bu.ɾʌ.dʒi.go]
팔이 부러진 것,7,[pʰal.i.pu.ɾʌ.tʃiŋ.kʌt̚],[pʰal.i.bu.ɾʌ.dʒin.gʌt̚]
내 가족이었어,7,[nɛ.ka.tʃok̚.i.ʌt̚.ʌ],[nɛ.ga.dʒok̚.i.ʌt̚.ʌ]
불어넣을 수,7,[pul.ʌ.nʌt̚.ɯl.su],[bul.ʌ.nʌt̚.ɯl.su]
팔지 않겠다고,7,[pʰal.tʃi.aŋ.ket̚.ta.ko],[pʰal.tʃi.aŋ.ket̚.ta.go]
팔지 않을 거야,7,[pʰal.tʃi.an.ɯl.kʌ.ja],[pʰal.tʃi.an.ɯl.gʌ.ja]
팔찌 좀,7,[pʰal.tʃ͈i.tʃom],[pʰal.tʃ͈i.dʒom]
방금 소식 들었어요,7,[paŋ.kɯm.so.sik̚.tɯl.ʌt̚.ʌ.jo],[baŋ.gɯm.so.sik̚.dɯl.ʌt̚.ʌ.jo]
해야겠어 지금,7,[hɛ.ja.ket̚.ʌ.tʃi.kɯm],[hɛ.ja.get̚.ʌ.dʒi.gɯm]
팔하드 가지,7,[pʰal.ha.tɯ.ka.tʃi],[pʰal.ha.dɯ.ga.dʒi]
방금 시르미오네,7,[paŋ.kɯm.si.ɾɯ.mi.o.ne],[baŋ.gɯm.si.ɾɯ.mi.o.ne]
팜므파탈 스타일,7,[pʰam.mɯ.pʰa.tʰal.sɯ.tʰa.il],[pʰam.mɯ.pʰa.tʰal.sɯ.tʰa.il]
괜찮아 갑자기,7,[kwɛn.tʃʰan.a.kap̚.tʃa.ki],[gwɛn.tʃʰan.a.gap̚.tʃa.gi]
팝 스타,7,[pʰap̚.sɯ.tʰa],[pʰap̚.sɯ.tʰa]
방금 쓴,7,[paŋ.kɯm.s͈ɯn],[baŋ.gɯm.s͈ɯn]
팝의 초클릿 숍,7,[pʰap̚.ɯi.tʃʰo.kʰɯl.ɾit̚.sjop̚],[pʰap̚.ɯi.tʃʰo.kʰɯl.ɾit̚.sjop̚]
힘없는 숨소리,7,[him.ʌp̚.nɯn.sum.so.ɾi],[him.ʌp̚.nɯn.sum.so.ɾi]
팝의 황제 마이클,7,[pʰap̚.ɯi.hwaŋ.tʃe.ma.i.kʰɯl],[pʰap̚.ɯi.hwaŋ.dʒe.ma.i.kʰɯl]
팝타르트에 버터를,7,[pʰap̚.tʰa.ɾɯ.tʰɯ.e.pʌ.tʰʌ.ɾɯl],[pʰap̚.tʰa.ɾɯ.tʰɯ.e.bʌ.tʰʌ.ɾɯl]
팟 팟,7,[pʰat̚.pʰat̚],[pʰat̚.pʰat̚]
내 갈길,7,[nɛ.kal.kil],[nɛ.gal.kil]
패 닉,7,[pʰɛ.nik̚],[pʰɛ.nik̚]
내 갈께,7,[nɛ.kal.k͈e],[nɛ.gal.k͈e]
내 갈께 풍경,7,[nɛ.kal.k͈e.pʰuŋ.kjʌŋ],[nɛ.gal.k͈e.pʰuŋ.gjʌŋ]
내 갈께 풍경 좀,7,[nɛ.kal.k͈e.pʰuŋ.kjʌŋ.tʃom],[nɛ.gal.k͈e.pʰuŋ.gjʌŋ.dʒom]
내 감각은,7,[nɛ.kam.kak̚.ɯn],[nɛ.gam.kak̚.ɯn]
내 감독,7,[nɛ.kan.tok̚],[nɛ.gan.tok̚]
감사드리고 싶다,7,[kam.sa.tɯ.ɾi.ko.sip̚.ta],[gam.sa.dɯ.ɾi.go.sip̚.ta]
패밀리 가이는,7,[pʰɛ.mil.ɾi.ka.i.nɯn],[pʰɛ.mil.ɾi.ga.i.nɯn]
내 감옥,7,[nɛ.kam.ok̚],[nɛ.gam.ok̚]
고마워요 필요한 거,7,[ko.ma.wʌ.jo.pʰil.jo.haŋ.kʌ],[go.ma.wʌ.jo.pʰil.jo.han.gʌ]
고마워요 하나만,7,[ko.ma.wʌ.jo.ha.na.man],[go.ma.wʌ.jo.ha.na.man]
패스 좀,7,[pʰɛ.sɯ.tʃom],[pʰɛ.sɯ.dʒom]
패스 안,7,[pʰɛ.sɯ.an],[pʰɛ.sɯ.an]
패줄 수,7,[pʰɛ.tʃul.su],[pʰɛ.dʒul.su]
내 감정과,7,[nɛ.kan.tʃʌŋ.kwa],[nɛ.gan.tʃʌŋ.gwa]
방금 왔잖아요,7,[paŋ.kɯm.wat̚.tʃan.a.jo],[baŋ.gɯm.wat̚.tʃan.a.jo]
고마워요 한잔 더,7,[ko.ma.wʌ.jo.han.tʃan.tʌ],[go.ma.wʌ.jo.han.tʃan.dʌ]
패턴을 발견했어요,7,[pʰɛ.tʰʌn.ɯl.pal.kjʌn.hɛt̚.ʌ.jo],[pʰɛ.tʰʌn.ɯl.bal.kjʌn.hɛt̚.ʌ.jo]
패턴을 찾고,7,[pʰɛ.tʰʌn.ɯl.tʃʰat̚.ko],[pʰɛ.tʰʌn.ɯl.tʃʰat̚.ko]
감사드리는 바입니다,7,[kam.sa.tɯ.ɾi.nɯm.pa.ip̚.ni.ta],[gam.sa.dɯ.ɾi.nɯn.ba.ip̚.ni.da]
패턴을 찾을,7,[pʰɛ.tʰʌn.ɯl.tʃʰat̚.ɯl],[pʰɛ.tʰʌn.ɯl.tʃʰat̚.ɯl]
방금 움직였어,7,[paŋ.kɯm.un.tʃik̚.jʌt̚.ʌ],[baŋ.gɯm.un.tʃik̚.jʌt̚.ʌ]
본데 그렇지,7,[pon.te.kɯ.ɾʌt̚.tʃi],[bon.te.gɯ.ɾʌt̚.tʃi]
고마워요 한잔 더 마셔요,7,[ko.ma.wʌ.jo.han.tʃan.tʌ.ma.sjʌ.jo],[go.ma.wʌ.jo.han.tʃan.dʌ.ma.sjʌ.jo]
패트릭 스웨이지,7,[pʰɛ.tʰɯ.ɾik̚.sɯ.we.i.tʃi],[pʰɛ.tʰɯ.ɾik̚.sɯ.we.i.dʒi]
방금 의식을,7,[paŋ.kɯm.ɯi.sik̚.ɯl],[baŋ.gɯm.ɯi.sik̚.ɯl]
패트릭 윌리스,7,[pʰɛ.tʰɯ.ɾik̚.wil.ɾi.sɯ],[pʰɛ.tʰɯ.ɾik̚.wil.ɾi.sɯ]
방금 이것을,7,[paŋ.kɯm.i.kʌt̚.ɯl],[baŋ.gɯm.i.gʌt̚.ɯl]
팩 더,7,[pʰɛk̚.tʌ],[pʰɛk̚.dʌ]
팩스 좀,7,[pʰɛk̚.sɯ.tʃom],[pʰɛk̚.sɯ.dʒom]
팬 거야,7,[pʰɛŋ.kʌ.ja],[pʰɛn.gʌ.ja]
방금 일어 났어,7,[paŋ.kɯm.il.ʌ.nat̚.ʌ],[baŋ.gɯm.il.ʌ.nat̚.ʌ]
팬들이 날,7,[pʰɛn.tɯl.i.nal],[pʰɛn.tɯl.i.nal]
팬이 아니라,7,[pʰɛn.i.a.ni.ɾa],[pʰɛn.i.a.ni.ɾa]
방금 일어난 일이,7,[paŋ.kɯm.il.ʌ.nan.il.i],[baŋ.gɯm.il.ʌ.nan.il.i]
방금 일을,7,[paŋ.kɯm.il.ɯl],[baŋ.gɯm.il.ɯl]
방금 읽은,7,[paŋ.kɯm.ik̚.ɯn],[baŋ.gɯm.ik̚.ɯn]
팬케이크 다,7,[pʰɛŋ.kʰe.i.kʰɯ.ta],[pʰɛŋ.kʰe.i.kʰɯ.da]
내 같은,7,[nɛ.kat̚.ɯn],[nɛ.gat̚.ɯn]
방금 있었던 일에,7,[paŋ.kɯm.it̚.ʌt̚.tʌn.il.e],[baŋ.gɯm.it̚.ʌt̚.tʌn.il.e]
갔을지도 몰라요,7,[kat̚.ɯl.tʃi.to.mol.ɾa.jo],[gat̚.ɯl.tʃi.do.mol.ɾa.jo]
팬티 벗고,7,[pʰɛn.tʰi.pʌt̚.ko],[pʰɛn.tʰi.bʌt̚.ko]
해야지 당신이,7,[hɛ.ja.tʃi.taŋ.sin.i],[hɛ.ja.dʒi.daŋ.sin.i]
방금 잘,7,[paŋ.kɯn.tʃal],[baŋ.gɯm.dʒal]
팬티 입는,7,[pʰɛn.tʰi.ip̚.nɯn],[pʰɛn.tʰi.ip̚.nɯn]
팬티를 입고,7,[pʰɛn.tʰi.ɾɯl.ip̚.ko],[pʰɛn.tʰi.ɾɯl.ip̚.ko]
방금 저 사람,7,[paŋ.kɯn.tʃʌ.sa.ɾam],[baŋ.gɯm.dʒʌ.sa.ɾam]
해야지 맙소사,7,[hɛ.ja.tʃi.map̚.so.sa],[hɛ.ja.dʒi.map̚.so.sa]
팬티만 입고,7,[pʰɛn.tʰi.man.ip̚.ko],[pʰɛn.tʰi.man.ip̚.ko]
내 개인 정보를,7,[nɛ.kɛ.in.tʃʌm.po.ɾɯl],[nɛ.gɛ.in.dʒʌŋ.bo.ɾɯl]
아름다운 것들의 기억,7,[a.ɾɯn.ta.uŋ.kʌt̚.tɯl.ɯi.ki.ʌk̚],[a.ɾɯn.ta.un.gʌt̚.tɯl.ɯi.gi.ʌk̚]
팽창했습니다 신비롭고,7,[pʰɛŋ.tʃʰaŋ.hɛt̚.sɯp̚.ni.ta.sim.pi.ɾop̚.ko],[pʰɛŋ.tʃʰaŋ.hɛt̚.sɯp̚.ni.da.sim.pi.ɾop̚.ko]
팽창했습니다 신비롭고 감동적이며 늘,7,[pʰɛŋ.tʃʰaŋ.hɛt̚.sɯp̚.ni.ta.sim.pi.ɾop̚.ko.kan.toŋ.tʃʌk̚.i.mjʌ.nɯl],[pʰɛŋ.tʃʰaŋ.hɛt̚.sɯp̚.ni.da.sim.pi.ɾop̚.ko.gan.toŋ.dʒʌk̚.i.mjʌ.nɯl]
팽창했습니다 신비롭고 감동적이며,7,[pʰɛŋ.tʃʰaŋ.hɛt̚.sɯp̚.ni.ta.sim.pi.ɾop̚.ko.kan.toŋ.tʃʌk̚.i.mjʌ],[pʰɛŋ.tʃʰaŋ.hɛt̚.sɯp̚.ni.da.sim.pi.ɾop̚.ko.gan.toŋ.dʒʌk̚.i.mjʌ]
방금 전까지 있었는데,7,[paŋ.kɯn.tʃʌŋ.k͈a.tʃi.it̚.ʌt̚.nɯn.te],[baŋ.gɯm.dʒʌŋ.k͈a.dʒi.it̚.ʌt̚.nɯn.te]
퍼 데가톤을,7,[pʰʌ.te.ka.tʰon.ɯl],[pʰʌ.de.ga.tʰon.ɯl]
퍼 데가톤이,7,[pʰʌ.te.ka.tʰon.i],[pʰʌ.de.ga.tʰon.i]
방금 전까지만,7,[paŋ.kɯn.tʃʌŋ.k͈a.tʃi.man],[baŋ.gɯm.dʒʌŋ.k͈a.dʒi.man]
퍼니 걸,7,[pʰʌ.ni.kʌl],[pʰʌ.ni.gʌl]
방금 전까지만 해도,7,[paŋ.kɯn.tʃʌŋ.k͈a.tʃi.man.hɛ.to],[baŋ.gɯm.dʒʌŋ.k͈a.dʒi.man.hɛ.do]
감사드립니다 이제,7,[kam.sa.tɯ.ɾip̚.ni.ta.i.tʃe],[gam.sa.dɯ.ɾip̚.ni.da.i.dʒe]
퍼레이드 차를,7,[pʰʌ.ɾe.i.tɯ.tʃʰa.ɾɯl],[pʰʌ.ɾe.i.dɯ.tʃʰa.ɾɯl]
퍼붓기 때문에 서른쯤,7,[pʰʌ.put̚.ki.t͈ɛ.mun.e.sʌ.ɾɯn.tʃ͈ɯm],[pʰʌ.but̚.ki.t͈ɛ.mun.e.sʌ.ɾɯn.tʃ͈ɯm]
퍼붓기 때문에,7,[pʰʌ.put̚.ki.t͈ɛ.mun.e],[pʰʌ.but̚.ki.t͈ɛ.mun.e]
퍼붓기 때문에 서른쯤 되면,7,[pʰʌ.put̚.ki.t͈ɛ.mun.e.sʌ.ɾɯn.tʃ͈ɯn.twe.mjʌn],[pʰʌ.but̚.ki.t͈ɛ.mun.e.sʌ.ɾɯn.tʃ͈ɯm.dwe.mjʌn]
방금 전화가 왔다,7,[paŋ.kɯn.tʃʌn.hwa.ka.wat̚.ta],[baŋ.gɯm.dʒʌn.hwa.ga.wat̚.ta]
퍼스 퍼스 퍼스 퍼스,7,[pʰʌ.sɯ.pʰʌ.sɯ.pʰʌ.sɯ.pʰʌ.sɯ],[pʰʌ.sɯ.pʰʌ.sɯ.pʰʌ.sɯ.pʰʌ.sɯ]
퍼스트 오더를,7,[pʰʌ.sɯ.tʰɯ.o.tʌ.ɾɯl],[pʰʌ.sɯ.tʰɯ.o.dʌ.ɾɯl]
퍼스트맨의 여왕,7,[pʰʌ.sɯ.tʰɯ.mɛn.ɯi.jʌ.waŋ],[pʰʌ.sɯ.tʰɯ.mɛn.ɯi.jʌ.waŋ]
방금 전화해서,7,[paŋ.kɯn.tʃʌn.hwa.hɛ.sʌ],[baŋ.gɯm.dʒʌn.hwa.hɛ.sʌ]
퍼져 나갔습니다,7,[pʰʌ.tʃjʌ.na.kat̚.sɯp̚.ni.ta],[pʰʌ.dʒjʌ.na.gat̚.sɯp̚.ni.da]
해야지 참,7,[hɛ.ja.tʃi.tʃʰam],[hɛ.ja.dʒi.tʃʰam]
내 거기가,7,[nɛ.kʌ.ki.ka],[nɛ.gʌ.gi.ga]
퍼지는 건 나도,7,[pʰʌ.tʃi.nɯŋ.kʌn.na.to],[pʰʌ.dʒi.nɯn.gʌn.na.do]
퍼진 것도,7,[pʰʌ.tʃiŋ.kʌt̚.to],[pʰʌ.dʒin.gʌt̚.to]
퍼질러 앉아서,7,[pʰʌ.tʃil.ɾʌ.an.a.sʌ],[pʰʌ.dʒil.ɾʌ.an.a.sʌ]
방금 지나간,7,[paŋ.kɯn.tʃi.na.kan],[baŋ.gɯm.dʒi.na.gan]
이건 진짜 말도,7,[i.kʌn.tʃin.tʃ͈a.mal.to],[i.gʌn.dʒin.tʃ͈a.mal.to]
때조차도 하지만,7,[t͈ɛ.tʃo.tʃʰa.to.ha.tʃi.man],[t͈ɛ.dʒo.tʃʰa.do.ha.dʒi.man]
감사드립니다 제,7,[kam.sa.tɯ.ɾip̚.ni.ta.tʃe],[gam.sa.dɯ.ɾip̚.ni.da.dʒe]
퍽도 그렇겠다,7,[pʰʌk̚.to.kɯ.ɾʌt̚.ket̚.ta],[pʰʌk̚.to.gɯ.ɾʌt̚.ket̚.ta]
내 거란,7,[nɛ.kʌ.ɾan],[nɛ.gʌ.ɾan]
펀드 매니저,7,[pʰʌn.tɯ.mɛ.ni.tʃʌ],[pʰʌn.tɯ.mɛ.ni.dʒʌ]
펀치 소리,7,[pʰʌn.tʃʰi.so.ɾi],[pʰʌn.tʃʰi.so.ɾi]
펀치 하나,7,[pʰʌn.tʃʰi.ha.na],[pʰʌn.tʃʰi.ha.na]
펀치 소리 강조,7,[pʰʌn.tʃʰi.so.ɾi.kaŋ.tʃo],[pʰʌn.tʃʰi.so.ɾi.gaŋ.dʒo]
펀치 한,7,[pʰʌn.tʃʰi.han],[pʰʌn.tʃʰi.han]
펀치를 날리는,7,[pʰʌn.tʃʰi.ɾɯl.lal.ɾi.nɯn],[pʰʌn.tʃʰi.ɾɯl.lal.ɾi.nɯn]
방금 통화를,7,[paŋ.kɯn.tʰoŋ.hwa.ɾɯl],[baŋ.gɯn.tʰoŋ.hwa.ɾɯl]
펀치를 날립니다,7,[pʰʌn.tʃʰi.ɾɯl.lal.ɾip̚.ni.ta],[pʰʌn.tʃʰi.ɾɯl.lal.ɾip̚.ni.da]
펄먼 교수님,7,[pʰʌl.mʌŋ.kjo.su.nim],[pʰʌl.mʌn.gjo.su.nim]
펄먼 교수님 정말 감사합니다,7,[pʰʌl.mʌŋ.kjo.su.nin.tʃʌŋ.mal.kam.sa.hap̚.ni.ta],[pʰʌl.mʌn.gjo.su.nim.dʒʌŋ.mal.gam.sa.hap̚.ni.da]
펄먼 교수님 정말,7,[pʰʌl.mʌŋ.kjo.su.nin.tʃʌŋ.mal],[pʰʌl.mʌn.gjo.su.nim.dʒʌŋ.mal]
이건 차에,7,[i.kʌn.tʃʰa.e],[i.gʌn.tʃʰa.e]
해야할 지 모르겠다,7,[hɛ.ja.hal.tʃi.mo.ɾɯ.ket̚.ta],[hɛ.ja.hal.dʒi.mo.ɾɯ.get̚.ta]
방금 하셨잖아요,7,[paŋ.kɯm.ha.sjʌt̚.tʃan.a.jo],[baŋ.gɯm.ha.sjʌt̚.tʃan.a.jo]
펄펄 끓어,7,[pʰʌl.pʰʌl.k͈ɯl.ʌ],[pʰʌl.pʰʌl.k͈ɯl.ʌ]
펑 부장님,7,[pʰʌm.pu.tʃaŋ.nim],[pʰʌŋ.bu.dʒaŋ.nim]
이건 총기,7,[i.kʌn.tʃʰoŋ.ki],[i.gʌn.tʃʰoŋ.gi]
방금 한 말 못,7,[paŋ.kɯm.han.mal.mot̚],[baŋ.gɯm.han.mal.mot̚]
내가 등록한,7,[nɛ.ka.tɯŋ.ɾok̚.han],[nɛ.ga.dɯŋ.ɾok̚.han]
해야해 내가,7,[hɛ.ja.hɛ.nɛ.ka],[hɛ.ja.hɛ.nɛ.ga]
방금 한 얘기,7,[paŋ.kɯm.han.jɛ.ki],[baŋ.gɯm.han.jɛ.gi]
방금 한 말이잖아,7,[paŋ.kɯm.han.mal.i.tʃan.a],[baŋ.gɯm.han.mal.i.dʒan.a]
페기 어서,7,[pʰe.ki.ʌ.sʌ],[pʰe.gi.ʌ.sʌ]
내 거야 그,7,[nɛ.kʌ.ja.kɯ],[nɛ.gʌ.ja.gɯ]
페기 페기,7,[pʰe.ki.pʰe.ki],[pʰe.gi.pʰe.gi]
페더럴 홀에,7,[pʰe.tʌ.ɾʌl.hol.e],[pʰe.dʌ.ɾʌl.hol.e]
방금 확인했어,7,[paŋ.kɯm.hwak̚.in.hɛt̚.ʌ],[baŋ.gɯm.hwak̚.in.hɛt̚.ʌ]
방도 다,7,[paŋ.to.ta],[baŋ.do.da]
페리 씨,7,[pʰe.ɾi.s͈i],[pʰe.ɾi.s͈i]
감사를 표하고 싶군요,7,[kam.sa.ɾɯl.pʰjo.ha.ko.sip̚.kun.jo],[gam.sa.ɾɯl.pʰjo.ha.go.sip̚.kun.jo]
페스마토스 인텐디아,7,[pʰe.sɯ.ma.tʰo.sɯ.in.tʰen.ti.a],[pʰe.sɯ.ma.tʰo.sɯ.in.tʰen.ti.a]
내 거였어요,7,[nɛ.kʌ.jʌt̚.ʌ.jo],[nɛ.gʌ.jʌt̚.ʌ.jo]
고마워할 필요는 없어,7,[ko.ma.wʌ.hal.pʰil.jo.nɯn.ʌp̚.ʌ],[go.ma.wʌ.hal.pʰil.jo.nɯn.ʌp̚.ʌ]
페이스 조절,7,[pʰe.i.sɯ.tʃo.tʃʌl],[pʰe.i.sɯ.dʒo.dʒʌl]
페이스 힐 자세는,7,[pʰe.i.sɯ.hil.tʃa.se.nɯn],[pʰe.i.sɯ.hil.dʒa.se.nɯn]
방도는 없어,7,[paŋ.to.nɯn.ʌp̚.ʌ],[baŋ.do.nɯn.ʌp̚.ʌ]
페이스북 페이지에,7,[pʰe.i.sɯ.puk̚.pʰe.i.tʃi.e],[pʰe.i.sɯ.buk̚.pʰe.i.dʒi.e]
ask them,7,,
고마워해야 하는,7,[ko.ma.wʌ.hɛ.ja.ha.nɯn],[go.ma.wʌ.hɛ.ja.ha.nɯn]
방독면을 쓰고,7,[paŋ.tok̚.mjʌn.ɯl.s͈ɯ.ko],[baŋ.dok̚.mjʌn.ɯl.s͈ɯ.go]
페이지가 왔어,7,[pʰe.i.tʃi.ka.wat̚.ʌ],[pʰe.i.dʒi.ga.wat̚.ʌ]
페이지를 몽땅 섞어놔서,7,[pʰe.i.tʃi.ɾɯl.moŋ.t͈aŋ.sʌk̚.ʌ.nwa.sʌ],[pʰe.i.dʒi.ɾɯl.moŋ.t͈aŋ.sʌk̚.ʌ.nwa.sʌ]
감사를 표하기,7,[kam.sa.ɾɯl.pʰjo.ha.ki],[gam.sa.ɾɯl.pʰjo.ha.gi]
페이지를 몽땅 섞어놔서 전부,7,[pʰe.i.tʃi.ɾɯl.moŋ.t͈aŋ.sʌk̚.ʌ.nwa.sʌ.tʃʌm.pu],[pʰe.i.dʒi.ɾɯl.moŋ.t͈aŋ.sʌk̚.ʌ.nwa.sʌ.dʒʌm.pu]
one by,7,,
이건 행복한,7,[i.kʌn.hɛm.pok̚.han],[i.gʌn.hɛŋ.bok̚.han]
페인트 칠을,7,[pʰe.in.tʰɯ.tʃʰil.ɯl],[pʰe.in.tʰɯ.tʃʰil.ɯl]
고마워해야지 난,7,[ko.ma.wʌ.hɛ.ja.tʃi.nan],[go.ma.wʌ.hɛ.ja.dʒi.nan]
페인트칠을 하고,7,[pʰe.in.tʰɯ.tʃʰil.ɯl.ha.ko],[pʰe.in.tʰɯ.tʃʰil.ɯl.ha.go]
본적이 없다고,7,[pon.tʃʌk̚.i.ʌp̚.ta.ko],[bon.tʃʌk̚.i.ʌp̚.ta.go]
방문 목적은요,7,[paŋ.mun.mok̚.tʃʌk̚.ɯn.jo],[baŋ.mun.mok̚.tʃʌk̚.ɯn.jo]
페티본 씨가,7,[pʰe.tʰi.pon.s͈i.ka],[pʰe.tʰi.bon.s͈i.ga]
페퍼 스프레이를,7,[pʰe.pʰʌ.sɯ.pʰɯ.ɾe.i.ɾɯl],[pʰe.pʰʌ.sɯ.pʰɯ.ɾe.i.ɾɯl]
내 걱정 할,7,[nɛ.kʌk̚.tʃʌŋ.hal],[nɛ.gʌk̚.tʃʌŋ.hal]
감사를 표하며,7,[kam.sa.ɾɯl.pʰjo.ha.mjʌ],[gam.sa.ɾɯl.pʰjo.ha.mjʌ]
펜 같은,7,[pʰeŋ.kat̚.ɯn],[pʰen.gat̚.ɯn]
one by one,7,,
Do I look,7,,
펠 박사,7,[pʰel.pak̚.sa],[pʰel.bak̚.sa]
방문이 달칵,7,[paŋ.mun.i.tal.kʰak̚],[baŋ.mun.i.dal.kʰak̚]
펠 부인,7,[pʰel.pu.in],[pʰel.bu.in]
방문자 기록을,7,[paŋ.mun.tʃa.ki.ɾok̚.ɯl],[baŋ.mun.tʃa.gi.ɾok̚.ɯl]
펠트 씨,7,[pʰel.tʰɯ.s͈i],[pʰel.tʰɯ.s͈i]
편 같은,7,[pʰjʌŋ.kat̚.ɯn],[pʰjʌn.gat̚.ɯn]
편 내내,7,[pʰjʌn.nɛ.nɛ],[pʰjʌn.nɛ.nɛ]
편 다,7,[pʰjʌn.ta],[pʰjʌn.da]
감사를 표하지,7,[kam.sa.ɾɯl.pʰjo.ha.tʃi],[gam.sa.ɾɯl.pʰjo.ha.dʒi]
방문한 걸,7,[paŋ.mun.haŋ.kʌl],[baŋ.mun.han.gʌl]
방문한 곳,7,[paŋ.mun.haŋ.kot̚],[baŋ.mun.han.got̚]
ask you a question,7,,
내 걱정하지,7,[nɛ.kʌk̚.tʃʌŋ.ha.tʃi],[nɛ.gʌk̚.tʃʌŋ.ha.dʒi]
편 탑승을 환영합니다,7,[pʰjʌn.tʰap̚.sɯŋ.ɯl.hwan.jʌŋ.hap̚.ni.ta],[pʰjʌn.tʰap̚.sɯŋ.ɯl.hwan.jʌŋ.hap̚.ni.da]
편견 같은,7,[pʰjʌŋ.kjʌŋ.kat̚.ɯn],[pʰjʌŋ.kjʌn.gat̚.ɯn]
감사를 표해야,7,[kam.sa.ɾɯl.pʰjo.hɛ.ja],[gam.sa.ɾɯl.pʰjo.hɛ.ja]
고맙게 생각하고 있어요,7,[ko.map̚.ke.sɛŋ.kak̚.ha.ko.it̚.ʌ.jo],[go.map̚.ke.sɛŋ.gak̚.ha.go.it̚.ʌ.jo]
방문할 거야,7,[paŋ.mun.hal.kʌ.ja],[baŋ.mun.hal.gʌ.ja]
편곡 되겠지,7,[pʰjʌŋ.kok̚.twe.ket̚.tʃi],[pʰjʌŋ.kok̚.dwe.get̚.tʃi]
내 건 아니야,7,[nɛ.kʌn.a.ni.ja],[nɛ.gʌn.a.ni.ja]
편곡 되겠지 그,7,[pʰjʌŋ.kok̚.twe.ket̚.tʃi.kɯ],[pʰjʌŋ.kok̚.dwe.get̚.tʃi.gɯ]
편곡한 버전으로,7,[pʰjʌŋ.kok̚.ham.pʌ.tʃʌn.ɯ.ɾo],[pʰjʌŋ.kok̚.han.bʌ.dʒʌn.ɯ.ɾo]
내 건 안,7,[nɛ.kʌn.an],[nɛ.gʌn.an]
편곡한 버전으로 그럼,7,[pʰjʌŋ.kok̚.ham.pʌ.tʃʌn.ɯ.ɾo.kɯ.ɾʌm],[pʰjʌŋ.kok̚.han.bʌ.dʒʌn.ɯ.ɾo.gɯ.ɾʌm]
편도 아니고,7,[pʰjʌn.to.a.ni.ko],[pʰjʌn.to.a.ni.go]
방문할 때마다,7,[paŋ.mun.hal.t͈ɛ.ma.ta],[baŋ.mun.hal.t͈ɛ.ma.da]
내 건강은,7,[nɛ.kʌŋ.kaŋ.ɯn],[nɛ.gʌŋ.kaŋ.ɯn]
내 건강이,7,[nɛ.kʌŋ.kaŋ.i],[nɛ.gʌŋ.kaŋ.i]
편안하게 지낼,7,[pʰjʌn.an.ha.ke.tʃi.nɛl],[pʰjʌn.an.ha.ge.dʒi.nɛl]
편안한 곳으로,7,[pʰjʌn.an.haŋ.kot̚.ɯ.ɾo],[pʰjʌn.an.han.got̚.ɯ.ɾo]
편안한 비행,7,[pʰjʌn.an.ham.pi.hɛŋ],[pʰjʌn.an.han.bi.hɛŋ]
편안한 시간 되세요,7,[pʰjʌn.an.han.si.kan.twe.se.jo],[pʰjʌn.an.han.si.gan.dwe.se.jo]
편안해 보였어,7,[pʰjʌn.an.hɛ.po.jʌt̚.ʌ],[pʰjʌn.an.hɛ.bo.jʌt̚.ʌ]
편안해 보여요,7,[pʰjʌn.an.hɛ.po.jʌ.jo],[pʰjʌn.an.hɛ.bo.jʌ.jo]
해요 그렇지만,7,[hɛ.jo.kɯ.ɾʌt̚.tʃi.man],[hɛ.jo.gɯ.ɾʌt̚.tʃi.man]
고맙게 생각해 고마워,7,[ko.map̚.ke.sɛŋ.kak̚.hɛ.ko.ma.wʌ],[go.map̚.ke.sɛŋ.gak̚.hɛ.go.ma.wʌ]
방법 내,7,[pam.pʌp̚.nɛ],[baŋ.bʌp̚.nɛ]
고맙게 생각해 하지만,7,[ko.map̚.ke.sɛŋ.kak̚.hɛ.ha.tʃi.man],[go.map̚.ke.sɛŋ.gak̚.hɛ.ha.dʒi.man]
내 검,7,[nɛ.kʌm],[nɛ.gʌm]
편에 서면,7,[pʰjʌn.e.sʌ.mjʌn],[pʰjʌn.e.sʌ.mjʌn]
방법 말고는,7,[pam.pʌp̚.mal.ko.nɯn],[baŋ.bʌp̚.mal.ko.nɯn]
고맙게 생각해야지,7,[ko.map̚.ke.sɛŋ.kak̚.hɛ.ja.tʃi],[go.map̚.ke.sɛŋ.gak̚.hɛ.ja.dʒi]
내 검이,7,[nɛ.kʌm.i],[nɛ.gʌm.i]
방법 서민의,7,[pam.pʌp̚.sʌ.min.ɯi],[baŋ.bʌp̚.sʌ.min.ɯi]
방법 서민의 생활,7,[pam.pʌp̚.sʌ.min.ɯi.sɛŋ.hwal],[baŋ.bʌp̚.sʌ.min.ɯi.sɛŋ.hwal]
편을 든,7,[pʰjʌn.ɯl.tɯn],[pʰjʌn.ɯl.dɯn]
편을 들어야지,7,[pʰjʌn.ɯl.tɯl.ʌ.ja.tʃi],[pʰjʌn.ɯl.dɯl.ʌ.ja.dʒi]
방법 어떻게,7,[pam.pʌp̚.ʌ.t͈ʌt̚.ke],[baŋ.bʌp̚.ʌ.t͈ʌt̚.ke]
내 것도 있어,7,[nɛ.kʌt̚.to.it̚.ʌ],[nɛ.gʌt̚.to.it̚.ʌ]
편의점 가서,7,[pʰjʌn.ɯi.tʃʌm.ka.sʌ],[pʰjʌn.ɯi.dʒʌm.ga.sʌ]
해요 난 그 문으로,7,[hɛ.jo.naŋ.kɯ.mun.ɯ.ɾo],[hɛ.jo.nan.gɯ.mun.ɯ.ɾo]
because he was,7,,
편이 나을 것,7,[pʰjʌn.i.na.ɯl.kʌt̚],[pʰjʌn.i.na.ɯl.gʌt̚]
편이 낫다는,7,[pʰjʌn.i.nat̚.ta.nɯn],[pʰjʌn.i.nat̚.ta.nɯn]
편이 돼 줄,7,[pʰjʌn.i.twɛ.tʃul],[pʰjʌn.i.dwɛ.dʒul]
편이 돼줄,7,[pʰjʌn.i.twɛ.tʃul],[pʰjʌn.i.dwɛ.dʒul]
one could save,7,,
편이 아니라고,7,[pʰjʌn.i.a.ni.ɾa.ko],[pʰjʌn.i.a.ni.ɾa.go]
방법도 모르겠고,7,[pam.pʌp̚.to.mo.ɾɯ.ket̚.ko],[baŋ.bʌp̚.to.mo.ɾɯ.get̚.ko]
방법도 못,7,[pam.pʌp̚.to.mot̚],[baŋ.bʌp̚.to.mot̚]
방법도 안,7,[pam.pʌp̚.to.an],[baŋ.bʌp̚.to.an]
편이야 그리고,7,[pʰjʌn.i.ja.kɯ.ɾi.ko],[pʰjʌn.i.ja.gɯ.ɾi.go]
편이야 내,7,[pʰjʌn.i.ja.nɛ],[pʰjʌn.i.ja.nɛ]
편이야 무슨,7,[pʰjʌn.i.ja.mu.sɯn],[pʰjʌn.i.ja.mu.sɯn]
편이야 이,7,[pʰjʌn.i.ja.i],[pʰjʌn.i.ja.i]
방법도 없잖아,7,[pam.pʌp̚.to.ʌp̚.tʃan.a],[baŋ.bʌp̚.to.ʌp̚.tʃan.a]
방법도 없잖아요,7,[pam.pʌp̚.to.ʌp̚.tʃan.a.jo],[baŋ.bʌp̚.to.ʌp̚.tʃan.a.jo]
방법도 있고,7,[pam.pʌp̚.to.it̚.ko],[baŋ.bʌp̚.to.it̚.ko]
편인 줄 알았는데,7,[pʰjʌn.in.tʃul.al.at̚.nɯn.te],[pʰjʌn.in.dʒul.al.at̚.nɯn.te]
편일 줄,7,[pʰjʌn.il.tʃul],[pʰjʌn.il.dʒul]
내 것이 될 것이다,7,[nɛ.kʌt̚.i.twel.kʌt̚.i.ta],[nɛ.gʌt̚.i.dwel.gʌt̚.i.da]
편지 내용을,7,[pʰjʌn.tʃi.nɛ.joŋ.ɯl],[pʰjʌn.tʃi.nɛ.joŋ.ɯl]
편지 다,7,[pʰjʌn.tʃi.ta],[pʰjʌn.tʃi.da]
방법도 잘,7,[pam.pʌp̚.to.tʃal],[baŋ.bʌp̚.to.dʒal]
편지 받는,7,[pʰjʌn.tʃi.pat̚.nɯn],[pʰjʌn.tʃi.bat̚.nɯn]
편지 받은,7,[pʰjʌn.tʃi.pat̚.ɯn],[pʰjʌn.tʃi.bat̚.ɯn]
내 것이 아니에요,7,[nɛ.kʌt̚.i.a.ni.e.jo],[nɛ.gʌt̚.i.a.ni.e.jo]
편지 봉투야,7,[pʰjʌn.tʃi.poŋ.tʰu.ja],[pʰjʌn.tʃi.boŋ.tʰu.ja]
방법만 알아낸다면,7,[pam.pʌp̚.man.al.a.nɛn.ta.mjʌn],[baŋ.bʌp̚.man.al.a.nɛn.ta.mjʌn]
내 것이고,7,[nɛ.kʌt̚.i.ko],[nɛ.gʌt̚.i.go]
one could save me,7,,
방법밖에 없을,7,[pam.pʌp̚.pak̚.e.ʌp̚.ɯl],[baŋ.bʌp̚.pak̚.e.ʌp̚.ɯl]
편지 한 장,7,[pʰjʌn.tʃi.han.tʃaŋ],[pʰjʌn.tʃi.han.dʒaŋ]
편지 한 통이,7,[pʰjʌn.tʃi.han.tʰoŋ.i],[pʰjʌn.tʃi.han.tʰoŋ.i]
편지가 왔습니다,7,[pʰjʌn.tʃi.ka.wat̚.sɯp̚.ni.ta],[pʰjʌn.tʃi.ga.wat̚.sɯp̚.ni.da]
편지가 왔는데,7,[pʰjʌn.tʃi.ka.wat̚.nɯn.te],[pʰjʌn.tʃi.ga.wat̚.nɯn.te]
내 것이어야,7,[nɛ.kʌt̚.i.ʌ.ja],[nɛ.gʌt̚.i.ʌ.ja]
편지를 받게,7,[pʰjʌn.tʃi.ɾɯl.pat̚.ke],[pʰjʌn.tʃi.ɾɯl.bat̚.ke]
편지를 받아,7,[pʰjʌn.tʃi.ɾɯl.pat̚.a],[pʰjʌn.tʃi.ɾɯl.bat̚.a]
내 것처럼,7,[nɛ.kʌt̚.tʃʰʌ.ɾʌm],[nɛ.gʌt̚.tʃʰʌ.ɾʌm]
방법으로 내가,7,[pam.pʌp̚.ɯ.ɾo.nɛ.ka],[baŋ.bʌp̚.ɯ.ɾo.nɛ.ga]
방법으로 널,7,[pam.pʌp̚.ɯ.ɾo.nʌl],[baŋ.bʌp̚.ɯ.ɾo.nʌl]
편지를 발견했어요,7,[pʰjʌn.tʃi.ɾɯl.pal.kjʌn.hɛt̚.ʌ.jo],[pʰjʌn.tʃi.ɾɯl.bal.kjʌn.hɛt̚.ʌ.jo]
편지를 보고,7,[pʰjʌn.tʃi.ɾɯl.po.ko],[pʰjʌn.tʃi.ɾɯl.bo.go]
one down,7,,
편지를 보면,7,[pʰjʌn.tʃi.ɾɯl.po.mjʌn],[pʰjʌn.tʃi.ɾɯl.bo.mjʌn]
편지를 보여,7,[pʰjʌn.tʃi.ɾɯl.po.jʌ],[pʰjʌn.tʃi.ɾɯl.bo.jʌ]
방법으로 우리의 약점을,7,[pam.pʌp̚.ɯ.ɾo.u.ɾi.ɯi.jak̚.tʃʌm.ɯl],[baŋ.bʌp̚.ɯ.ɾo.u.ɾi.ɯi.jak̚.tʃʌm.ɯl]
볼 날도 얼마 안,7,[pol.lal.to.ʌl.ma.an],[bol.lal.to.ʌl.ma.an]
방법으로 우리의 약점을 찔러,7,[pam.pʌp̚.ɯ.ɾo.u.ɾi.ɯi.jak̚.tʃʌm.ɯl.tʃ͈il.ɾʌ],[baŋ.bʌp̚.ɯ.ɾo.u.ɾi.ɯi.jak̚.tʃʌm.ɯl.tʃ͈il.ɾʌ]
고맙긴 뭘요,7,[ko.map̚.kin.mwʌl.jo],[go.map̚.kin.mwʌl.jo]
편지를 썼습니다,7,[pʰjʌn.tʃi.ɾɯl.s͈ʌt̚.sɯp̚.ni.ta],[pʰjʌn.tʃi.ɾɯl.s͈ʌt̚.sɯp̚.ni.da]
편지를 쓰기,7,[pʰjʌn.tʃi.ɾɯl.s͈ɯ.ki],[pʰjʌn.tʃi.ɾɯl.s͈ɯ.gi]
편지를 쓴 사람이,7,[pʰjʌn.tʃi.ɾɯl.s͈ɯn.sa.ɾam.i],[pʰjʌn.tʃi.ɾɯl.s͈ɯn.sa.ɾam.i]
편지를 쓴다,7,[pʰjʌn.tʃi.ɾɯl.s͈ɯn.ta],[pʰjʌn.tʃi.ɾɯl.s͈ɯn.ta]
방법은 그가,7,[pam.pʌp̚.ɯŋ.kɯ.ka],[baŋ.bʌp̚.ɯn.gɯ.ga]
편지를 왜,7,[pʰjʌn.tʃi.ɾɯl.wɛ],[pʰjʌn.tʃi.ɾɯl.wɛ]
편지를 읽을,7,[pʰjʌn.tʃi.ɾɯl.ik̚.ɯl],[pʰjʌn.tʃi.ɾɯl.ik̚.ɯl]
고맙긴 해,7,[ko.map̚.kin.hɛ],[go.map̚.kin.hɛ]
편지를 한,7,[pʰjʌn.tʃi.ɾɯl.han],[pʰjʌn.tʃi.ɾɯl.han]
편지에 답장을,7,[pʰjʌn.tʃi.e.tap̚.tʃaŋ.ɯl],[pʰjʌn.tʃi.e.dap̚.tʃaŋ.ɯl]
감사의 표시입니다,7,[kam.sa.ɯi.pʰjo.si.ip̚.ni.ta],[gam.sa.ɯi.pʰjo.si.ip̚.ni.da]
볼 때 다른,7,[pol.t͈ɛ.ta.ɾɯn],[bol.t͈ɛ.da.ɾɯn]
편집 없이,7,[pʰjʌn.tʃip̚.ʌp̚.i],[pʰjʌn.tʃip̚.ʌp̚.i]
방법은 다음과,7,[pam.pʌp̚.ɯn.ta.ɯm.kwa],[baŋ.bʌp̚.ɯn.da.ɯm.kwa]
편치 않다,7,[pʰjʌn.tʃʰi.an.ta],[pʰjʌn.tʃʰi.an.ta]
편치 않아요,7,[pʰjʌn.tʃʰi.an.a.jo],[pʰjʌn.tʃʰi.an.a.jo]
편하게 말해도,7,[pʰjʌn.ha.ke.mal.hɛ.to],[pʰjʌn.ha.ge.mal.hɛ.do]
편하게 사는,7,[pʰjʌn.ha.ke.sa.nɯn],[pʰjʌn.ha.ge.sa.nɯn]
편하게 살게,7,[pʰjʌn.ha.ke.sal.ke],[pʰjʌn.ha.ge.sal.ke]
편하게 살아,7,[pʰjʌn.ha.ke.sal.a],[pʰjʌn.ha.ge.sal.a]
방법은 모든,7,[pam.pʌp̚.ɯn.mo.tɯn],[baŋ.bʌp̚.ɯn.mo.dɯn]
편하게 생각해,7,[pʰjʌn.ha.ke.sɛŋ.kak̚.hɛ],[pʰjʌn.ha.ge.sɛŋ.gak̚.hɛ]
편하게 쉬세요,7,[pʰjʌn.ha.ke.swi.se.jo],[pʰjʌn.ha.ge.swi.se.jo]
편하게 쉬어,7,[pʰjʌn.ha.ke.swi.ʌ],[pʰjʌn.ha.ge.swi.ʌ]
편하게 쉴,7,[pʰjʌn.ha.ke.swil],[pʰjʌn.ha.ge.swil]
편하게 앉아서,7,[pʰjʌn.ha.ke.an.a.sʌ],[pʰjʌn.ha.ge.an.a.sʌ]
편하게 입고,7,[pʰjʌn.ha.ke.ip̚.ko],[pʰjʌn.ha.ge.ip̚.ko]
고맙네 그리고,7,[ko.map̚.ne.kɯ.ɾi.ko],[go.map̚.ne.gɯ.ɾi.go]
편하게 있어도,7,[pʰjʌn.ha.ke.it̚.ʌ.to],[pʰjʌn.ha.ge.it̚.ʌ.do]
편하게 있으면,7,[pʰjʌn.ha.ke.it̚.ɯ.mjʌn],[pʰjʌn.ha.ge.it̚.ɯ.mjʌn]
And see,7,,
편하게 하려고,7,[pʰjʌn.ha.ke.ha.ɾjʌ.ko],[pʰjʌn.ha.ge.ha.ɾjʌ.go]
고맙네 난,7,[ko.map̚.ne.nan],[go.map̚.ne.nan]
방법은 알지,7,[pam.pʌp̚.ɯn.al.tʃi],[baŋ.bʌp̚.ɯn.al.tʃi]
편하면 그렇게,7,[pʰjʌn.ha.mjʌŋ.kɯ.ɾʌt̚.ke],[pʰjʌn.ha.mjʌn.gɯ.ɾʌt̚.ke]
편하실 거예요,7,[pʰjʌn.ha.sil.kʌ.je.jo],[pʰjʌn.ha.sil.gʌ.je.jo]
편한 걸,7,[pʰjʌn.haŋ.kʌl],[pʰjʌn.han.gʌl]
편한 곳이,7,[pʰjʌn.haŋ.kot̚.i],[pʰjʌn.han.got̚.i]
방법은 없다고,7,[pam.pʌp̚.ɯn.ʌp̚.ta.ko],[baŋ.bʌp̚.ɯn.ʌp̚.ta.go]
편한 대로 하세요,7,[pʰjʌn.han.tɛ.ɾo.ha.se.jo],[pʰjʌn.han.dɛ.ɾo.ha.se.jo]
편한 데 앉으세요,7,[pʰjʌn.han.te.an.ɯ.se.jo],[pʰjʌn.han.de.an.ɯ.se.jo]
방법은 없소,7,[pam.pʌp̚.ɯn.ʌp̚.so],[baŋ.bʌp̚.ɯn.ʌp̚.so]
편한 시간을,7,[pʰjʌn.han.si.kan.ɯl],[pʰjʌn.han.si.gan.ɯl]
편한 옷을,7,[pʰjʌn.han.ot̚.ɯl],[pʰjʌn.han.ot̚.ɯl]
고맙네 아주,7,[ko.map̚.ne.a.tʃu],[go.map̚.ne.a.dʒu]
방법은 없죠,7,[pam.pʌp̚.ɯn.ʌp̚.tʃjo],[baŋ.bʌp̚.ɯn.ʌp̚.tʃjo]
편해 보여,7,[pʰjʌn.hɛ.po.jʌ],[pʰjʌn.hɛ.bo.jʌ]
편해질 수,7,[pʰjʌn.hɛ.tʃil.su],[pʰjʌn.hɛ.dʒil.su]
방법은 이미,7,[pam.pʌp̚.ɯn.i.mi],[baŋ.bʌp̚.ɯn.i.mi]
방법은 있는,7,[pam.pʌp̚.ɯn.it̚.nɯn],[baŋ.bʌp̚.ɯn.it̚.nɯn]
편히 살게,7,[pʰjʌn.hi.sal.ke],[pʰjʌn.hi.sal.ke]
내 경험,7,[nɛ.kjʌŋ.hʌm],[nɛ.gjʌŋ.hʌm]
볼 만하네,7,[pol.man.ha.ne],[bol.man.ha.ne]
내 경험상으로는,7,[nɛ.kjʌŋ.hʌm.saŋ.ɯ.ɾo.nɯn],[nɛ.gjʌŋ.hʌm.saŋ.ɯ.ɾo.nɯn]
one hand,7,,
방법은 하나뿐,7,[pam.pʌp̚.ɯn.ha.na.p͈un],[baŋ.bʌp̚.ɯn.ha.na.p͈un]
편히 지내세요,7,[pʰjʌn.hi.tʃi.nɛ.se.jo],[pʰjʌn.hi.dʒi.nɛ.se.jo]
내 경험으론,7,[nɛ.kjʌŋ.hʌm.ɯ.ɾon],[nɛ.gjʌŋ.hʌm.ɯ.ɾon]
고맙네 자네가,7,[ko.map̚.ne.tʃa.ne.ka],[go.map̚.ne.dʒa.ne.ga]
내 경험은,7,[nɛ.kjʌŋ.hʌm.ɯn],[nɛ.gjʌŋ.hʌm.ɯn]
내 경호원,7,[nɛ.kjʌŋ.ho.wʌn],[nɛ.gjʌŋ.ho.wʌn]
평가 보고서를,7,[pʰjʌŋ.ka.po.ko.sʌ.ɾɯl],[pʰjʌŋ.ga.bo.go.sʌ.ɾɯl]
평가 좀,7,[pʰjʌŋ.ka.tʃom],[pʰjʌŋ.ga.dʒom]
고맙네 저,7,[ko.map̚.ne.tʃʌ],[go.map̚.ne.dʒʌ]
내 곁에 두고,7,[nɛ.kjʌt̚.e.tu.ko],[nɛ.gjʌt̚.e.du.go]
평가할 거야,7,[pʰjʌŋ.ka.hal.kʌ.ja],[pʰjʌŋ.ga.hal.gʌ.ja]
평가하면 안,7,[pʰjʌŋ.ka.ha.mjʌn.an],[pʰjʌŋ.ga.ha.mjʌn.an]
평가할 겁니다,7,[pʰjʌŋ.ka.hal.kʌp̚.ni.ta],[pʰjʌŋ.ga.hal.gʌp̚.ni.da]
내 곁에 있고,7,[nɛ.kjʌt̚.e.it̚.ko],[nɛ.gjʌt̚.e.it̚.ko]
방법을 마련해,7,[pam.pʌp̚.ɯl.ma.ɾjʌn.hɛ],[baŋ.bʌp̚.ɯl.ma.ɾjʌn.hɛ]
평결을 내릴,7,[pʰjʌŋ.kjʌl.ɯl.lɛ.ɾil],[pʰjʌŋ.gjʌl.ɯl.lɛ.ɾil]
평균 점수는,7,[pʰjʌŋ.kjun.tʃʌm.su.nɯn],[pʰjʌŋ.gjun.dʒʌm.su.nɯn]
평등을 위해,7,[pʰjʌŋ.tɯŋ.ɯl.wi.hɛ],[pʰjʌŋ.dɯŋ.ɯl.wi.hɛ]
고맙네 정말 고마워,7,[ko.map̚.ne.tʃʌŋ.mal.ko.ma.wʌ],[go.map̚.ne.dʒʌŋ.mal.go.ma.wʌ]
평범하게 대하지는,7,[pʰjʌm.pʌm.ha.ke.tɛ.ha.tʃi.nɯn],[pʰjʌŋ.bʌm.ha.ge.dɛ.ha.dʒi.nɯn]
방법을 모를,7,[pam.pʌp̚.ɯl.mo.ɾɯl],[baŋ.bʌp̚.ɯl.mo.ɾɯl]
방법을 모른다는,7,[pam.pʌp̚.ɯl.mo.ɾɯn.ta.nɯn],[baŋ.bʌp̚.ɯl.mo.ɾɯn.ta.nɯn]
이걸 맡아,7,[i.kʌl.mat̚.a],[i.gʌl.mat̚.a]
고맙네 친구,7,[ko.map̚.ne.tʃʰiŋ.ku],[go.map̚.ne.tʃʰiŋ.ku]
고맙네 하지만,7,[ko.map̚.ne.ha.tʃi.man],[go.map̚.ne.ha.dʒi.man]
방법을 몰랐어요,7,[pam.pʌp̚.ɯl.mol.ɾat̚.ʌ.jo],[baŋ.bʌp̚.ɯl.mol.ɾat̚.ʌ.jo]
감사하네요 둘,7,[kam.sa.ha.ne.jo.tul],[gam.sa.ha.ne.jo.dul]
방법을 배우고,7,[pam.pʌp̚.ɯl.pɛ.u.ko],[baŋ.bʌp̚.ɯl.bɛ.u.go]
평범한 거예요,7,[pʰjʌm.pʌm.haŋ.kʌ.je.jo],[pʰjʌŋ.bʌm.han.gʌ.je.jo]
고맙네요 내가,7,[ko.map̚.ne.jo.nɛ.ka],[go.map̚.ne.jo.nɛ.ga]
고맙네요 이,7,[ko.map̚.ne.jo.i],[go.map̚.ne.jo.i]
방법을 생각해 내,7,[pam.pʌp̚.ɯl.sɛŋ.kak̚.hɛ.nɛ],[baŋ.bʌp̚.ɯl.sɛŋ.gak̚.hɛ.nɛ]
감사하네요 둘 중,7,[kam.sa.ha.ne.jo.tul.tʃuŋ],[gam.sa.ha.ne.jo.dul.dʒuŋ]
평범한 사람들이야,7,[pʰjʌm.pʌm.han.sa.ɾan.tɯl.i.ja],[pʰjʌŋ.bʌm.han.sa.ɾan.tɯl.i.ja]
평범한 사람인,7,[pʰjʌm.pʌm.han.sa.ɾam.in],[pʰjʌŋ.bʌm.han.sa.ɾam.in]
평범한 삶을 사는,7,[pʰjʌm.pʌm.han.sam.ɯl.sa.nɯn],[pʰjʌŋ.bʌm.han.sam.ɯl.sa.nɯn]
감사하는 게,7,[kam.sa.ha.nɯŋ.ke],[gam.sa.ha.nɯn.ge]
평범한 어린,7,[pʰjʌm.pʌm.han.ʌ.ɾin],[pʰjʌŋ.bʌm.han.ʌ.ɾin]
평생 가도,7,[pʰjʌŋ.sɛŋ.ka.to],[pʰjʌŋ.sɛŋ.ga.do]
고맙다 그래서 원래는 네,7,[ko.map̚.ta.kɯ.ɾɛ.sʌ.wʌl.lɛ.nɯn.ne],[go.map̚.ta.gɯ.ɾɛ.sʌ.wʌl.lɛ.nɯn.ne]
평생 거기서,7,[pʰjʌŋ.sɛŋ.kʌ.ki.sʌ],[pʰjʌŋ.sɛŋ.gʌ.gi.sʌ]
평생 같이 살,7,[pʰjʌŋ.sɛŋ.kat̚.i.sal],[pʰjʌŋ.sɛŋ.gat̚.i.sal]
방법을 알겠어,7,[pam.pʌp̚.ɯl.al.ket̚.ʌ],[baŋ.bʌp̚.ɯl.al.ket̚.ʌ]
방법을 알겠어요,7,[pam.pʌp̚.ɯl.al.ket̚.ʌ.jo],[baŋ.bʌp̚.ɯl.al.ket̚.ʌ.jo]
고맙다 그래서 원래는,7,[ko.map̚.ta.kɯ.ɾɛ.sʌ.wʌl.lɛ.nɯn],[go.map̚.ta.gɯ.ɾɛ.sʌ.wʌl.lɛ.nɯn]
NEWS REPORT,7,,
방법을 알고 있습니다,7,[pam.pʌp̚.ɯl.al.ko.it̚.sɯp̚.ni.ta],[baŋ.bʌp̚.ɯl.al.ko.it̚.sɯp̚.ni.da]
평생 나와,7,[pʰjʌŋ.sɛŋ.na.wa],[pʰjʌŋ.sɛŋ.na.wa]
내 계약,7,[nɛ.kje.jak̚],[nɛ.gje.jak̚]
감사하다고 말하고,7,[kam.sa.ha.ta.ko.mal.ha.ko],[gam.sa.ha.da.go.mal.ha.go]
평생 너,7,[pʰjʌŋ.sɛŋ.nʌ],[pʰjʌŋ.sɛŋ.nʌ]
평생 느끼기,7,[pʰjʌŋ.sɛŋ.nɯ.k͈i.ki],[pʰjʌŋ.sɛŋ.nɯ.k͈i.gi]
평생 느끼기 싫을지도,7,[pʰjʌŋ.sɛŋ.nɯ.k͈i.ki.sil.ɯl.tʃi.to],[pʰjʌŋ.sɛŋ.nɯ.k͈i.gi.sil.ɯl.tʃi.do]
방법을 알면,7,[pam.pʌp̚.ɯl.al.mjʌn],[baŋ.bʌp̚.ɯl.al.mjʌn]
방법을 알아내기,7,[pam.pʌp̚.ɯl.al.a.nɛ.ki],[baŋ.bʌp̚.ɯl.al.a.nɛ.gi]
방법을 알아내면,7,[pam.pʌp̚.ɯl.al.a.nɛ.mjʌn],[baŋ.bʌp̚.ɯl.al.a.nɛ.mjʌn]
평생 매일,7,[pʰjʌŋ.sɛŋ.mɛ.il],[pʰjʌŋ.sɛŋ.mɛ.il]
평생 모를,7,[pʰjʌŋ.sɛŋ.mo.ɾɯl],[pʰjʌŋ.sɛŋ.mo.ɾɯl]
A Gallifreyan hard drive,7,,
내가 마지막으로 한,7,[nɛ.ka.ma.tʃi.mak̚.ɯ.ɾo.han],[nɛ.ga.ma.dʒi.mak̚.ɯ.ɾo.han]
평생 썩게,7,[pʰjʌŋ.sɛŋ.s͈ʌk̚.ke],[pʰjʌŋ.sɛŋ.s͈ʌk̚.ke]
평생 쓸 수 있는,7,[pʰjʌŋ.sɛŋ.s͈ɯl.su.it̚.nɯn],[pʰjʌŋ.sɛŋ.s͈ɯl.su.it̚.nɯn]
내 계획이 아니었어,7,[nɛ.kje.hwek̚.i.a.ni.ʌt̚.ʌ],[nɛ.gje.hwek̚.i.a.ni.ʌt̚.ʌ]
one is Maebh,7,,
방법을 알잖아,7,[pam.pʌp̚.ɯl.al.tʃan.a],[baŋ.bʌp̚.ɯl.al.tʃan.a]
방법을 알죠,7,[pam.pʌp̚.ɯl.al.tʃjo],[baŋ.bʌp̚.ɯl.al.tʃjo]
내 계획이었어,7,[nɛ.kje.hwek̚.i.ʌt̚.ʌ],[nɛ.gje.hwek̚.i.ʌt̚.ʌ]
평생 없을,7,[pʰjʌŋ.sɛŋ.ʌp̚.ɯl],[pʰjʌŋ.sɛŋ.ʌp̚.ɯl]
내 고객과,7,[nɛ.ko.kɛk̚.kwa],[nɛ.go.gɛk̚.kwa]
평생 이룬,7,[pʰjʌŋ.sɛŋ.i.ɾun],[pʰjʌŋ.sɛŋ.i.ɾun]
Day It''s,7,,
내 고객에게,7,[nɛ.ko.kɛk̚.e.ke],[nɛ.go.gɛk̚.e.ge]
평생 제,7,[pʰjʌŋ.sɛŋ.tʃe],[pʰjʌŋ.sɛŋ.dʒe]
평생 처음 봐,7,[pʰjʌŋ.sɛŋ.tʃʰʌ.ɯm.pwa],[pʰjʌŋ.sɛŋ.tʃʰʌ.ɯm.bwa]
평생 처음 보는,7,[pʰjʌŋ.sɛŋ.tʃʰʌ.ɯm.po.nɯn],[pʰjʌŋ.sɛŋ.tʃʰʌ.ɯm.bo.nɯn]
평생 처음이었어,7,[pʰjʌŋ.sɛŋ.tʃʰʌ.ɯm.i.ʌt̚.ʌ],[pʰjʌŋ.sɛŋ.tʃʰʌ.ɯm.i.ʌt̚.ʌ]
평생 하고,7,[pʰjʌŋ.sɛŋ.ha.ko],[pʰjʌŋ.sɛŋ.ha.go]
방법을 찾고 있죠,7,[pam.pʌp̚.ɯl.tʃʰat̚.ko.it̚.tʃjo],[baŋ.bʌp̚.ɯl.tʃʰat̚.ko.it̚.tʃjo]
방법을 찾길,7,[pam.pʌp̚.ɯl.tʃʰat̚.kil],[baŋ.bʌp̚.ɯl.tʃʰat̚.kil]
감사하지만 저는,7,[kam.sa.ha.tʃi.man.tʃʌ.nɯn],[gam.sa.ha.dʒi.man.dʒʌ.nɯn]
내 고양이도,7,[nɛ.ko.jaŋ.i.to],[nɛ.go.jaŋ.i.do]
내 고양이를,7,[nɛ.ko.jaŋ.i.ɾɯl],[nɛ.go.jaŋ.i.ɾɯl]
고맙다 아니에요,7,[ko.map̚.ta.a.ni.e.jo],[go.map̚.ta.a.ni.e.jo]
평생을 보냈다,7,[pʰjʌŋ.sɛŋ.ɯl.po.nɛt̚.ta],[pʰjʌŋ.sɛŋ.ɯl.bo.nɛt̚.ta]
내 고용주는,7,[nɛ.ko.joŋ.tʃu.nɯn],[nɛ.go.joŋ.dʒu.nɯn]
방법을 찾아냈어요,7,[pam.pʌp̚.ɯl.tʃʰat̚.a.nɛt̚.ʌ.jo],[baŋ.bʌp̚.ɯl.tʃʰat̚.a.nɛt̚.ʌ.jo]
고맙다 안녕,7,[ko.map̚.ta.an.njʌŋ],[go.map̚.ta.an.njʌŋ]
방법을 찾아냈지,7,[pam.pʌp̚.ɯl.tʃʰat̚.a.nɛt̚.tʃi],[baŋ.bʌp̚.ɯl.tʃʰat̚.a.nɛt̚.tʃi]
내 고추는,7,[nɛ.ko.tʃʰu.nɯn],[nɛ.go.tʃʰu.nɯn]
내 고통,7,[nɛ.ko.tʰoŋ],[nɛ.go.tʰoŋ]
평소대로 하세요,7,[pʰjʌŋ.so.tɛ.ɾo.ha.se.jo],[pʰjʌŋ.so.dɛ.ɾo.ha.se.jo]
내 고통이,7,[nɛ.ko.tʰoŋ.i],[nɛ.go.tʰoŋ.i]
평소보다 일찍,7,[pʰjʌŋ.so.po.ta.il.tʃ͈ik̚],[pʰjʌŋ.so.bo.da.il.tʃ͈ik̚]
평소보다 조금,7,[pʰjʌŋ.so.po.ta.tʃo.kɯm],[pʰjʌŋ.so.bo.da.dʒo.gɯm]
평소에 어떤,7,[pʰjʌŋ.so.e.ʌ.t͈ʌn],[pʰjʌŋ.so.e.ʌ.t͈ʌn]
평소에 입던,7,[pʰjʌŋ.so.e.ip̚.tʌn],[pʰjʌŋ.so.e.ip̚.tʌn]
방법을 찾아봅시다,7,[pam.pʌp̚.ɯl.tʃʰat̚.a.pop̚.si.ta],[baŋ.bʌp̚.ɯl.tʃʰat̚.a.bop̚.si.da]
방법을 찾아봐야,7,[pam.pʌp̚.ɯl.tʃʰat̚.a.pwa.ja],[baŋ.bʌp̚.ɯl.tʃʰat̚.a.bwa.ja]
고맙다 여기서,7,[ko.map̚.ta.jʌ.ki.sʌ],[go.map̚.ta.jʌ.gi.sʌ]
평소와 같이,7,[pʰjʌŋ.so.wa.kat̚.i],[pʰjʌŋ.so.wa.gat̚.i]
평소와 다를 바,7,[pʰjʌŋ.so.wa.ta.ɾɯl.pa],[pʰjʌŋ.so.wa.da.ɾɯl.ba]
감사한 마음이,7,[kam.sa.han.ma.ɯm.i],[gam.sa.han.ma.ɯm.i]
평소처럼 하면,7,[pʰjʌŋ.so.tʃʰʌ.ɾʌm.ha.mjʌn],[pʰjʌŋ.so.tʃʰʌ.ɾʌm.ha.mjʌn]
내 고향이에요,7,[nɛ.ko.hjaŋ.i.e.jo],[nɛ.go.hjaŋ.i.e.jo]
평판이 안,7,[pʰjʌm.pʰan.i.an],[pʰjʌm.pʰan.i.an]
평행 우주에,7,[pʰjʌŋ.hɛŋ.u.tʃu.e],[pʰjʌŋ.hɛŋ.u.dʒu.e]
내 공 위에,7,[nɛ.koŋ.wi.e],[nɛ.goŋ.wi.e]
감사한 일이죠,7,[kam.sa.han.il.i.tʃjo],[gam.sa.han.il.i.dʒjo]
해요 원래,7,[hɛ.jo.wʌl.lɛ],[hɛ.jo.wʌl.lɛ]
해요 원하는 게,7,[hɛ.jo.wʌn.ha.nɯŋ.ke],[hɛ.jo.wʌn.ha.nɯn.ge]
이걸 봐도,7,[i.kʌl.pwa.to],[i.gʌl.bwa.do]
내 공간,7,[nɛ.koŋ.kan],[nɛ.goŋ.gan]
평화 조약,7,[pʰjʌŋ.hwa.tʃo.jak̚],[pʰjʌŋ.hwa.dʒo.jak̚]
내 공격을,7,[nɛ.koŋ.kjʌk̚.ɯl],[nɛ.goŋ.gjʌk̚.ɯl]
평화가 없으면,7,[pʰjʌŋ.hwa.ka.ʌp̚.ɯ.mjʌn],[pʰjʌŋ.hwa.ga.ʌp̚.ɯ.mjʌn]
평화도 自由も平和も,7,[pʰjʌŋ.hwa.to],[pʰjʌŋ.hwa.do]
볼 수 있는 것은,7,[pol.su.it̚.nɯŋ.kʌt̚.ɯn],[bol.su.it̚.nɯn.gʌt̚.ɯn]
평화도 自由も平和も 자유도 평화도,7,[pʰjʌŋ.hwa.to.tʃa.ju.to.pʰjʌŋ.hwa.to],[pʰjʌŋ.hwa.do.dʒa.ju.do.pʰjʌŋ.hwa.do]
평화도 自由も平和も 자유도,7,[pʰjʌŋ.hwa.to.tʃa.ju.to],[pʰjʌŋ.hwa.do.dʒa.ju.do]
평화로운 삶을,7,[pʰjʌŋ.hwa.ɾo.un.sam.ɯl],[pʰjʌŋ.hwa.ɾo.un.sam.ɯl]
해요 이름,7,[hɛ.jo.i.ɾɯm],[hɛ.jo.i.ɾɯm]
감사할 거,7,[kam.sa.hal.kʌ],[gam.sa.hal.gʌ]
해요 이름을,7,[hɛ.jo.i.ɾɯm.ɯl],[hɛ.jo.i.ɾɯm.ɯl]
내 공장을,7,[nɛ.koŋ.tʃaŋ.ɯl],[nɛ.goŋ.dʒaŋ.ɯl]
평화를 원한다면,7,[pʰjʌŋ.hwa.ɾɯl.wʌn.han.ta.mjʌn],[pʰjʌŋ.hwa.ɾɯl.wʌn.han.ta.mjʌn]
평화를 지키기,7,[pʰjʌŋ.hwa.ɾɯl.tʃi.kʰi.ki],[pʰjʌŋ.hwa.ɾɯl.dʒi.kʰi.gi]
평화를 이룰 수,7,[pʰjʌŋ.hwa.ɾɯl.i.ɾul.su],[pʰjʌŋ.hwa.ɾɯl.i.ɾul.su]
해요 이리 와요,7,[hɛ.jo.i.ɾi.wa.jo],[hɛ.jo.i.ɾi.wa.jo]
볼 수 있는 사람,7,[pol.su.it̚.nɯn.sa.ɾam],[bol.su.it̚.nɯn.sa.ɾam]
볼 수 있는가,7,[pol.su.it̚.nɯŋ.ka],[bol.su.it̚.nɯŋ.ka]
폐 끼치고 싶지 않아요,7,[pʰje.k͈i.tʃʰi.ko.sip̚.tʃi.an.a.jo],[pʰje.k͈i.tʃʰi.go.sip̚.tʃi.an.a.jo]
폐 끼치기 싫어요,7,[pʰje.k͈i.tʃʰi.ki.sil.ʌ.jo],[pʰje.k͈i.tʃʰi.gi.sil.ʌ.jo]
볼 수 있는거야,7,[pol.su.it̚.nɯŋ.kʌ.ja],[bol.su.it̚.nɯŋ.kʌ.ja]
방법이 떠올랐어요,7,[pam.pʌp̚.i.t͈ʌ.ol.ɾat̚.ʌ.jo],[baŋ.bʌp̚.i.t͈ʌ.ol.ɾat̚.ʌ.jo]
내가 만나야,7,[nɛ.ka.man.na.ja],[nɛ.ga.man.na.ja]
폐기물 관리,7,[pʰje.ki.mul.kwal.li],[pʰje.gi.mul.gwal.li]
폐기물 처리 공장,7,[pʰje.ki.mul.tʃʰʌ.ɾi.koŋ.tʃaŋ],[pʰje.gi.mul.tʃʰʌ.ɾi.goŋ.dʒaŋ]
폐를 끼쳐서 죄송합니다,7,[pʰje.ɾɯl.k͈i.tʃʰjʌ.sʌ.tʃwe.soŋ.hap̚.ni.ta],[pʰje.ɾɯl.k͈i.tʃʰjʌ.sʌ.dʒwe.soŋ.hap̚.ni.da]
one look,7,,
폐를 끼치는,7,[pʰje.ɾɯl.k͈i.tʃʰi.nɯn],[pʰje.ɾɯl.k͈i.tʃʰi.nɯn]
폐를 끼치지,7,[pʰje.ɾɯl.k͈i.tʃʰi.tʃi],[pʰje.ɾɯl.k͈i.tʃʰi.dʒi]
폐를 끼칠 순 없죠,7,[pʰje.ɾɯl.k͈i.tʃʰil.sun.ʌp̚.tʃjo],[pʰje.ɾɯl.k͈i.tʃʰil.sun.ʌp̚.tʃjo]
볼 수 있는 힘,7,[pol.su.it̚.nɯn.him],[bol.su.it̚.nɯn.him]
폐소 공포증이,7,[pʰje.so.kom.pʰo.tʃɯŋ.i],[pʰje.so.gom.pʰo.dʒɯŋ.i]
감사할 게,7,[kam.sa.hal.ke],[gam.sa.hal.ge]
폐쇄될 거야,7,[pʰje.swɛ.twel.kʌ.ja],[pʰje.swɛ.dwel.gʌ.ja]
방법이 생각,7,[pam.pʌp̚.i.sɛŋ.kak̚],[baŋ.bʌp̚.i.sɛŋ.gak̚]
방법이 생각 안,7,[pam.pʌp̚.i.sɛŋ.kak̚.an],[baŋ.bʌp̚.i.sɛŋ.gak̚.an]
폐쇄할 겁니다,7,[pʰje.swɛ.hal.kʌp̚.ni.ta],[pʰje.swɛ.hal.gʌp̚.ni.da]
폐쇄해야 합니다,7,[pʰje.swɛ.hɛ.ja.hap̚.ni.ta],[pʰje.swɛ.hɛ.ja.hap̚.ni.da]
폐에 찬,7,[pʰje.e.tʃʰan],[pʰje.e.tʃʰan]
폐하 그,7,[pʰje.ha.kɯ],[pʰje.ha.gɯ]
폐하 난,7,[pʰje.ha.nan],[pʰje.ha.nan]
폐하 내,7,[pʰje.ha.nɛ],[pʰje.ha.nɛ]
방법이 없겠지,7,[pam.pʌp̚.i.ʌp̚.ket̚.tʃi],[baŋ.bʌp̚.i.ʌp̚.ket̚.tʃi]
폐하 무슨,7,[pʰje.ha.mu.sɯn],[pʰje.ha.mu.sɯn]
방법이 없구나,7,[pam.pʌp̚.i.ʌp̚.ku.na],[baŋ.bʌp̚.i.ʌp̚.ku.na]
폐하 왜,7,[pʰje.ha.wɛ],[pʰje.ha.wɛ]
폐하 제가,7,[pʰje.ha.tʃe.ka],[pʰje.ha.dʒe.ga]
해요 저희는,7,[hɛ.jo.tʃʌ.hɯi.nɯn],[hɛ.jo.dʒʌ.hɯi.nɯn]
one more thing,7,,
감사할 수 없다,7,[kam.sa.hal.su.ʌp̚.ta],[gam.sa.hal.su.ʌp̚.ta]
폐하의 명이오,7,[pʰje.ha.ɯi.mjʌŋ.i.o],[pʰje.ha.ɯi.mjʌŋ.i.o]
폐하의 이름으로,7,[pʰje.ha.ɯi.i.ɾɯm.ɯ.ɾo],[pʰje.ha.ɯi.i.ɾɯm.ɯ.ɾo]
떠나 버렸어요,7,[t͈ʌ.na.pʌ.ɾjʌt̚.ʌ.jo],[t͈ʌ.na.bʌ.ɾjʌt̚.ʌ.jo]
내 구역이거든,7,[nɛ.ku.jʌk̚.i.kʌ.tɯn],[nɛ.gu.jʌk̚.i.gʌ.dɯn]
방법이 없어 하지만,7,[pam.pʌp̚.i.ʌp̚.ʌ.ha.tʃi.man],[baŋ.bʌp̚.i.ʌp̚.ʌ.ha.dʒi.man]
포경 수술,7,[pʰo.kjʌŋ.su.sul],[pʰo.gjʌŋ.su.sul]
포기 각서,7,[pʰo.ki.kak̚.sʌ],[pʰo.gi.gak̚.sʌ]
해요 제기랄,7,[hɛ.jo.tʃe.ki.ɾal],[hɛ.jo.dʒe.gi.ɾal]
내 군복,7,[nɛ.kum.pok̚],[nɛ.gum.pok̚]
포기 안 하고,7,[pʰo.ki.an.ha.ko],[pʰo.gi.an.ha.go]
포기 안 할 것,7,[pʰo.ki.an.hal.kʌt̚],[pʰo.gi.an.hal.gʌt̚]
내 궁전에서,7,[nɛ.kuŋ.tʃʌn.e.sʌ],[nɛ.guŋ.dʒʌn.e.sʌ]
포기하게 두지,7,[pʰo.ki.ha.ke.tu.tʃi],[pʰo.gi.ha.ge.du.dʒi]
포기하고 그냥,7,[pʰo.ki.ha.ko.kɯ.njaŋ],[pʰo.gi.ha.go.gɯ.njaŋ]
이걸 어떻게 설명해야,7,[i.kʌl.ʌ.t͈ʌt̚.ke.sʌl.mjʌŋ.hɛ.ja],[i.gʌl.ʌ.t͈ʌt̚.ke.sʌl.mjʌŋ.hɛ.ja]
방법이 있기는,7,[pam.pʌp̚.i.it̚.ki.nɯn],[baŋ.bʌp̚.i.it̚.ki.nɯn]
포기하는 걸로,7,[pʰo.ki.ha.nɯŋ.kʌl.ɾo],[pʰo.gi.ha.nɯn.gʌl.ɾo]
포기하는 건가,7,[pʰo.ki.ha.nɯŋ.kʌŋ.ka],[pʰo.gi.ha.nɯn.gʌŋ.ka]
방법이 있긴 해,7,[pam.pʌp̚.i.it̚.kin.hɛ],[baŋ.bʌp̚.i.it̚.kin.hɛ]
포기하는 게 아니야,7,[pʰo.ki.ha.nɯŋ.ke.a.ni.ja],[pʰo.gi.ha.nɯn.ge.a.ni.ja]
포기하라는 거야,7,[pʰo.ki.ha.ɾa.nɯŋ.kʌ.ja],[pʰo.gi.ha.ɾa.nɯn.gʌ.ja]
떠나 여기,7,[t͈ʌ.na.jʌ.ki],[t͈ʌ.na.jʌ.gi]
이걸 어떻게 하는지,7,[i.kʌl.ʌ.t͈ʌt̚.ke.ha.nɯn.tʃi],[i.gʌl.ʌ.t͈ʌt̚.ke.ha.nɯn.tʃi]
해요 지금까지,7,[hɛ.jo.tʃi.kɯm.k͈a.tʃi],[hɛ.jo.dʒi.gɯm.k͈a.dʒi]
포기하지 말아줘,7,[pʰo.ki.ha.tʃi.mal.a.tʃwʌ],[pʰo.gi.ha.dʒi.mal.a.dʒwʌ]
해요 진정해,7,[hɛ.jo.tʃin.tʃʌŋ.hɛ],[hɛ.jo.dʒin.tʃʌŋ.hɛ]
포기하지 않는다고,7,[pʰo.ki.ha.tʃi.an.nɯn.ta.ko],[pʰo.gi.ha.dʒi.an.nɯn.ta.go]
방법이 있다면요,7,[pam.pʌp̚.i.it̚.ta.mjʌn.jo],[baŋ.bʌp̚.i.it̚.ta.mjʌn.jo]
공항에서 바로,7,[koŋ.haŋ.e.sʌ.pa.ɾo],[goŋ.haŋ.e.sʌ.ba.ɾo]
포기하지 않았다는,7,[pʰo.ki.ha.tʃi.an.at̚.ta.nɯn],[pʰo.gi.ha.dʒi.an.at̚.ta.nɯn]
포기하지 않았던,7,[pʰo.ki.ha.tʃi.an.at̚.tʌn],[pʰo.gi.ha.dʒi.an.at̚.tʌn]
해요 차가,7,[hɛ.jo.tʃʰa.ka],[hɛ.jo.tʃʰa.ga]
포기하지 않으셨어,7,[pʰo.ki.ha.tʃi.an.ɯ.sjʌt̚.ʌ],[pʰo.gi.ha.dʒi.an.ɯ.sjʌt̚.ʌ]
포기할 거라고,7,[pʰo.ki.hal.kʌ.ɾa.ko],[pʰo.gi.hal.gʌ.ɾa.go]
one of his,7,,
해요 최소한,7,[hɛ.jo.tʃʰwe.so.han],[hɛ.jo.tʃʰwe.so.han]
포기할 때,7,[pʰo.ki.hal.t͈ɛ],[pʰo.gi.hal.t͈ɛ]
포기할 만큼,7,[pʰo.ki.hal.maŋ.kʰɯm],[pʰo.gi.hal.maŋ.kʰɯm]
감사합니다 가시죠,7,[kam.sa.hap̚.ni.ta.ka.si.tʃjo],[gam.sa.hap̚.ni.da.ga.si.dʒjo]
포기할 수 있어요,7,[pʰo.ki.hal.su.it̚.ʌ.jo],[pʰo.gi.hal.su.it̚.ʌ.jo]
포기할 준비가 안,7,[pʰo.ki.hal.tʃum.pi.ka.an],[pʰo.gi.hal.dʒum.pi.ga.an]
해요 하나도,7,[hɛ.jo.ha.na.to],[hɛ.jo.ha.na.do]
포기해선 안 돼요,7,[pʰo.ki.hɛ.sʌn.an.twɛ.jo],[pʰo.gi.hɛ.sʌn.an.dwɛ.jo]
포기해야 할 것,7,[pʰo.ki.hɛ.ja.hal.kʌt̚],[pʰo.gi.hɛ.ja.hal.gʌt̚]
포기해야 합니다,7,[pʰo.ki.hɛ.ja.hap̚.ni.ta],[pʰo.gi.hɛ.ja.hap̚.ni.da]
포니 비디오돔,7,[pʰo.ni.pi.ti.o.tom],[pʰo.ni.bi.di.o.dom]
포니 비디오돔이,7,[pʰo.ni.pi.ti.o.tom.i],[pʰo.ni.bi.di.o.dom.i]
방법이 있잖아,7,[pam.pʌp̚.i.it̚.tʃan.a],[baŋ.bʌp̚.i.it̚.tʃan.a]
포니 투데이,7,[pʰo.ni.tʰu.te.i],[pʰo.ni.tʰu.de.i]
포니와 이글톤,7,[pʰo.ni.wa.i.kɯl.tʰon],[pʰo.ni.wa.i.gɯl.tʰon]
asleep for,7,,
감사합니다 감사합니다 감사합니다 감사합니다,7,[kam.sa.hap̚.ni.ta.kam.sa.hap̚.ni.ta.kam.sa.hap̚.ni.ta.kam.sa.hap̚.ni.ta],[gam.sa.hap̚.ni.da.gam.sa.hap̚.ni.da.gam.sa.hap̚.ni.da.gam.sa.hap̚.ni.da]
방법이 전혀 없나요,7,[pam.pʌp̚.i.tʃʌn.hjʌ.ʌp̚.na.jo],[baŋ.bʌp̚.i.dʒʌn.hjʌ.ʌp̚.na.jo]
고맙다는 말을 하고 싶었어요,7,[ko.map̚.ta.nɯn.mal.ɯl.ha.ko.sip̚.ʌt̚.ʌ.jo],[go.map̚.ta.nɯn.mal.ɯl.ha.go.sip̚.ʌt̚.ʌ.jo]
방법이 최고야,7,[pam.pʌp̚.i.tʃʰwe.ko.ja],[baŋ.bʌp̚.i.tʃʰwe.go.ja]
내 그럴 줄 알았지,7,[nɛ.kɯ.ɾʌl.tʃul.al.at̚.tʃi],[nɛ.gɯ.ɾʌl.dʒul.al.at̚.tʃi]
방법이 필요합니다,7,[pam.pʌp̚.i.pʰil.jo.hap̚.ni.ta],[baŋ.bʌp̚.i.pʰil.jo.hap̚.ni.da]
해적을 찾고,7,[hɛ.tʃʌk̚.ɯl.tʃʰat̚.ko],[hɛ.dʒʌk̚.ɯl.tʃʰat̚.ko]
포로가 되어,7,[pʰo.ɾo.ka.twe.ʌ],[pʰo.ɾo.ga.dwe.ʌ]
포로가 될,7,[pʰo.ɾo.ka.twel],[pʰo.ɾo.ga.dwel]
해정 지 Subtitles,7,[hɛ.tʃʌŋ.tʃi],[hɛ.dʒʌŋ.dʒi]
해정 지 Subtitles downloaded,7,[hɛ.tʃʌŋ.tʃi],[hɛ.dʒʌŋ.dʒi]
고맙다는 의미로,7,[ko.map̚.ta.nɯn.ɯi.mi.ɾo],[go.map̚.ta.nɯn.ɯi.mi.ɾo]
공항으로 바로,7,[koŋ.haŋ.ɯ.ɾo.pa.ɾo],[goŋ.haŋ.ɯ.ɾo.ba.ɾo]
방법이라고 생각해,7,[pam.pʌp̚.i.ɾa.ko.sɛŋ.kak̚.hɛ],[baŋ.bʌp̚.i.ɾa.go.sɛŋ.gak̚.hɛ]
해주고 말이야,7,[hɛ.tʃu.ko.mal.i.ja],[hɛ.dʒu.go.mal.i.ja]
해주고 싶네요,7,[hɛ.tʃu.ko.sip̚.ne.jo],[hɛ.dʒu.go.sip̚.ne.jo]
포어톨드의 시선을,7,[pʰo.ʌ.tʰol.tɯ.ɯi.si.sʌn.ɯl],[pʰo.ʌ.tʰol.tɯ.ɯi.si.sʌn.ɯl]
고맙단 말 하려고,7,[ko.map̚.tan.mal.ha.ɾjʌ.ko],[go.map̚.tan.mal.ha.ɾjʌ.go]
내가 만약 그랬다면,7,[nɛ.ka.man.jak̚.kɯ.ɾɛt̚.ta.mjʌn],[nɛ.ga.man.jak̚.gɯ.ɾɛt̚.ta.mjʌn]
방법이지 내,7,[pam.pʌp̚.i.tʃi.nɛ],[baŋ.bʌp̚.i.dʒi.nɛ]
방법인 것 같아,7,[pam.pʌp̚.iŋ.kʌt̚.kat̚.a],[baŋ.bʌp̚.in.gʌt̚.gat̚.a]
내 글씨는,7,[nɛ.kɯl.s͈i.nɯn],[nɛ.gɯl.s͈i.nɯn]
포와로 입니다,7,[pʰo.wa.ɾo.ip̚.ni.ta],[pʰo.wa.ɾo.ip̚.ni.da]
내 글은,7,[nɛ.kɯl.ɯn],[nɛ.gɯl.ɯn]
걸 부모님이,7,[kʌl.pu.mo.nim.i],[gʌl.bu.mo.nim.i]
해주고 저분들 생각도 좀,7,[hɛ.tʃu.ko.tʃʌ.pun.tɯl.sɛŋ.kak̚.to.tʃom],[hɛ.dʒu.go.dʒʌ.bun.tɯl.sɛŋ.gak̚.to.dʒom]
포위된 성,7,[pʰo.wi.twen.sʌŋ],[pʰo.wi.dwen.sʌŋ]
포인트 올린다,7,[pʰo.in.tʰɯ.ol.ɾin.ta],[pʰo.in.tʰɯ.ol.ɾin.ta]
내 금고를,7,[nɛ.kɯm.ko.ɾɯl],[nɛ.gɯm.ko.ɾɯl]
볼 수도 있다고,7,[pol.su.to.it̚.ta.ko],[bol.su.do.it̚.ta.go]
고맙단 말은 됐어,7,[ko.map̚.tan.mal.ɯn.twɛt̚.ʌ],[go.map̚.tan.mal.ɯn.dwɛt̚.ʌ]
내가 만들었지,7,[nɛ.ka.man.tɯl.ʌt̚.tʃi],[nɛ.ga.man.tɯl.ʌt̚.tʃi]
포자 드라이브의,7,[pʰo.tʃa.tɯ.ɾa.i.pɯ.ɯi],[pʰo.dʒa.dɯ.ɾa.i.bɯ.ɯi]
포장도 안,7,[pʰo.tʃaŋ.to.an],[pʰo.dʒaŋ.do.an]
포장하지 마,7,[pʰo.tʃaŋ.ha.tʃi.ma],[pʰo.dʒaŋ.ha.dʒi.ma]
내 기대를,7,[nɛ.ki.tɛ.ɾɯl],[nɛ.gi.dɛ.ɾɯl]
내 기도가,7,[nɛ.ki.to.ka],[nɛ.gi.do.ga]
포치 미안해,7,[pʰo.tʃʰi.mi.an.hɛ],[pʰo.tʃʰi.mi.an.hɛ]
고맙단 인사를,7,[ko.map̚.tan.in.sa.ɾɯl],[go.map̚.tan.in.sa.ɾɯl]
포커 게임에서,7,[pʰo.kʰʌ.ke.im.e.sʌ],[pʰo.kʰʌ.ge.im.e.sʌ]
포커 안처요,7,[pʰo.kʰʌ.an.tʃʰʌ.jo],[pʰo.kʰʌ.an.tʃʰʌ.jo]
포커 안처요 나머지 조각품들의,7,[pʰo.kʰʌ.an.tʃʰʌ.jo.na.mʌ.tʃi.tʃo.kak̚.pʰun.tɯl.ɯi],[pʰo.kʰʌ.an.tʃʰʌ.jo.na.mʌ.dʒi.dʒo.gak̚.pʰun.tɯl.ɯi]
포커 안처요 나머지,7,[pʰo.kʰʌ.an.tʃʰʌ.jo.na.mʌ.tʃi],[pʰo.kʰʌ.an.tʃʰʌ.jo.na.mʌ.dʒi]
포커 치다가 돌아 온,7,[pʰo.kʰʌ.tʃʰi.ta.ka.tol.a.on],[pʰo.kʰʌ.tʃʰi.da.ga.dol.a.on]
내 기록,7,[nɛ.ki.ɾok̚],[nɛ.gi.ɾok̚]
고맙소 고마워요,7,[ko.map̚.so.ko.ma.wʌ.jo],[go.map̚.so.go.ma.wʌ.jo]
방사능 중독으로,7,[paŋ.sa.nɯŋ.tʃuŋ.tok̚.ɯ.ɾo],[baŋ.sa.nɯŋ.dʒuŋ.dok̚.ɯ.ɾo]
방사능 중독,7,[paŋ.sa.nɯŋ.tʃuŋ.tok̚],[baŋ.sa.nɯŋ.dʒuŋ.dok̚]
내가 말 안 한,7,[nɛ.ka.mal.an.han],[nɛ.ga.mal.an.han]
포터 심스,7,[pʰo.tʰʌ.sim.sɯ],[pʰo.tʰʌ.sim.sɯ]
포터킷 양조장,7,[pʰo.tʰʌ.kʰit̚.jaŋ.tʃo.tʃaŋ],[pʰo.tʰʌ.kʰit̚.jaŋ.dʒo.dʒaŋ]
포털 건을,7,[pʰo.tʰʌl.kʌn.ɯl],[pʰo.tʰʌl.gʌn.ɯl]
방사선 노출,7,[paŋ.sa.sʌn.no.tʃʰul],[baŋ.sa.sʌn.no.tʃʰul]
방사선 수치가,7,[paŋ.sa.sʌn.su.tʃʰi.ka],[baŋ.sa.sʌn.su.tʃʰi.ga]
고맙소 난,7,[ko.map̚.so.nan],[go.map̚.so.nan]
방사선 치료가,7,[paŋ.sa.sʌn.tʃʰi.ɾjo.ka],[baŋ.sa.sʌn.tʃʰi.ɾjo.ga]
내 기분을 좋게,7,[nɛ.ki.pun.ɯl.tʃot̚.ke],[nɛ.gi.bun.ɯl.dʒot̚.ke]
포프 파트너스,7,[pʰo.pʰɯ.pʰa.tʰɯ.nʌ.sɯ],[pʰo.pʰɯ.pʰa.tʰɯ.nʌ.sɯ]
방사성 탄소 연대,7,[paŋ.sa.sʌŋ.tʰan.so.jʌn.tɛ],[baŋ.sa.sʌŋ.tʰan.so.jʌn.tɛ]
포함되어 있는,7,[pʰo.han.twe.ʌ.it̚.nɯn],[pʰo.han.twe.ʌ.it̚.nɯn]
방송 끝나고,7,[paŋ.soŋ.k͈ɯt̚.na.ko],[baŋ.soŋ.k͈ɯt̚.na.go]
방송 나가면,7,[paŋ.soŋ.na.ka.mjʌn],[baŋ.soŋ.na.ga.mjʌn]
볼 수 있어 네,7,[pol.su.it̚.ʌ.ne],[bol.su.it̚.ʌ.ne]
고맙소 왜,7,[ko.map̚.so.wɛ],[go.map̚.so.wɛ]
포함되어 있지,7,[pʰo.han.twe.ʌ.it̚.tʃi],[pʰo.han.twe.ʌ.it̚.tʃi]
포함하고 있다,7,[pʰo.ham.ha.ko.it̚.ta],[pʰo.ham.ha.go.it̚.ta]
내 기분이 좀,7,[nɛ.ki.pun.i.tʃom],[nɛ.gi.bun.i.dʒom]
포함하고 있어 시청 주의가,7,[pʰo.ham.ha.ko.it̚.ʌ.si.tʃʰʌŋ.tʃu.ɯi.ka],[pʰo.ham.ha.go.it̚.ʌ.si.tʃʰʌŋ.dʒu.ɯi.ga]
방송 보고,7,[paŋ.som.po.ko],[baŋ.soŋ.bo.go]
내가 말릴,7,[nɛ.ka.mal.ɾil],[nɛ.ga.mal.ɾil]
방송 시간이,7,[paŋ.soŋ.si.kan.i],[baŋ.soŋ.si.gan.i]
NP 문제를,7,[mun.tʃe.ɾɯl],[mun.tʃe.ɾɯl]
볼 용기가,7,[pol.joŋ.ki.ka],[bol.joŋ.gi.ga]
방송 종료,7,[paŋ.soŋ.tʃoŋ.ɾjo],[baŋ.soŋ.dʒoŋ.ɾjo]
볼 용기는,7,[pol.joŋ.ki.nɯn],[bol.joŋ.gi.nɯn]
방송 출연,7,[paŋ.soŋ.tʃʰul.jʌn],[baŋ.soŋ.tʃʰul.jʌn]
내 기술은,7,[nɛ.ki.sul.ɯn],[nɛ.gi.sul.ɯn]
볼 일 다,7,[pol.il.ta],[bol.il.da]
방송국 사람이,7,[paŋ.soŋ.kuk̚.sa.ɾam.i],[baŋ.soŋ.guk̚.sa.ɾam.i]
폭력 및 약물 장면을,7,[pʰok̚.ɾjʌk̚.mit̚.jak̚.mul.tʃaŋ.mjʌn.ɯl],[pʰok̚.ɾjʌk̚.mit̚.jak̚.mul.dʒaŋ.mjʌn.ɯl]
폭력 및 약물,7,[pʰok̚.ɾjʌk̚.mit̚.jak̚.mul],[pʰok̚.ɾjʌk̚.mit̚.jak̚.mul]
고맙습니다 고맙긴,7,[ko.map̚.sɯp̚.ni.ta.ko.map̚.kin],[go.map̚.sɯp̚.ni.da.go.map̚.kin]
폭력 사태는,7,[pʰok̚.ɾjʌk̚.sa.tʰɛ.nɯn],[pʰok̚.ɾjʌk̚.sa.tʰɛ.nɯn]
폭력 조직,7,[pʰok̚.ɾjʌk̚.tʃo.tʃik̚],[pʰok̚.ɾjʌk̚.dʒo.dʒik̚]
방송을 듣고 계십니다,7,[paŋ.soŋ.ɯl.tɯt̚.ko.kje.sip̚.ni.ta],[baŋ.soŋ.ɯl.dɯt̚.ko.gje.sip̚.ni.da]
볼 일 있어,7,[pol.il.it̚.ʌ],[bol.il.it̚.ʌ]
내 기억력이,7,[nɛ.ki.ʌk̚.ɾjʌk̚.i],[nɛ.gi.ʌk̚.ɾjʌk̚.i]
폭력을 써야,7,[pʰok̚.ɾjʌk̚.ɯl.s͈ʌ.ja],[pʰok̚.ɾjʌk̚.ɯl.s͈ʌ.ja]
폭력적이지 않아,7,[pʰok̚.ɾjʌk̚.tʃʌk̚.i.tʃi.an.a],[pʰok̚.ɾjʌk̚.tʃʌk̚.i.dʒi.an.a]
해주지 그랬어,7,[hɛ.tʃu.tʃi.kɯ.ɾɛt̚.ʌ],[hɛ.dʒu.dʒi.gɯ.ɾɛt̚.ʌ]
아마 올리버는 매우 지적이지만,7,[a.ma.ol.ɾi.pʌ.nɯn.mɛ.u.tʃi.tʃʌk̚.i.tʃi.man],[a.ma.ol.ɾi.bʌ.nɯn.mɛ.u.dʒi.dʒʌk̚.i.dʒi.man]
방식 그대로,7,[paŋ.sik̚.kɯ.tɛ.ɾo],[baŋ.sik̚.gɯ.dɛ.ɾo]
폭로할 겁니다,7,[pʰok̚.ɾo.hal.kʌp̚.ni.ta],[pʰok̚.ɾo.hal.gʌp̚.ni.da]
폭로할 거예요,7,[pʰok̚.ɾo.hal.kʌ.je.jo],[pʰok̚.ɾo.hal.gʌ.je.jo]
고맙습니다 그냥,7,[ko.map̚.sɯp̚.ni.ta.kɯ.njaŋ],[go.map̚.sɯp̚.ni.da.gɯ.njaŋ]
내 기억은 다른데,7,[nɛ.ki.ʌk̚.ɯn.ta.ɾɯn.te],[nɛ.gi.ʌk̚.ɯn.da.ɾɯn.te]
폭발 사고를,7,[pʰok̚.pal.sa.ko.ɾɯl],[pʰok̚.pal.sa.go.ɾɯl]
공황 장애,7,[koŋ.hwaŋ.tʃaŋ.ɛ],[goŋ.hwaŋ.dʒaŋ.ɛ]
내 기억의,7,[nɛ.ki.ʌk̚.ɯi],[nɛ.gi.ʌk̚.ɯi]
방식대로 하고,7,[paŋ.sik̚.tɛ.ɾo.ha.ko],[baŋ.sik̚.tɛ.ɾo.ha.go]
방식대로 하자,7,[paŋ.sik̚.tɛ.ɾo.ha.tʃa],[baŋ.sik̚.tɛ.ɾo.ha.dʒa]
폭발과 함께,7,[pʰok̚.pal.kwa.ham.k͈e],[pʰok̚.pal.kwa.ham.k͈e]
감사합니다 그래도,7,[kam.sa.hap̚.ni.ta.kɯ.ɾɛ.to],[gam.sa.hap̚.ni.da.gɯ.ɾɛ.do]
폭발물 처리반이,7,[pʰok̚.pal.mul.tʃʰʌ.ɾi.pan.i],[pʰok̚.pal.mul.tʃʰʌ.ɾi.ban.i]
폭발시킬 수,7,[pʰok̚.pal.si.kʰil.su],[pʰok̚.pal.si.kʰil.su]
내 길을 가는,7,[nɛ.kil.ɯl.ka.nɯn],[nɛ.gil.ɯl.ga.nɯn]
볼 줄 모르는,7,[pol.tʃul.mo.ɾɯ.nɯn],[bol.dʒul.mo.ɾɯ.nɯn]
내 길을 막고,7,[nɛ.kil.ɯl.mak̚.ko],[nɛ.gil.ɯl.mak̚.ko]
고맙습니다 나,7,[ko.map̚.sɯp̚.ni.ta.na],[go.map̚.sɯp̚.ni.da.na]
방식으로 널,7,[paŋ.sik̚.ɯ.ɾo.nʌl],[baŋ.sik̚.ɯ.ɾo.nʌl]
방식으로 다시,7,[paŋ.sik̚.ɯ.ɾo.ta.si],[baŋ.sik̚.ɯ.ɾo.da.si]
폭발하는 걸,7,[pʰok̚.pal.ha.nɯŋ.kʌl],[pʰok̚.pal.ha.nɯn.gʌl]
볼 줄 알았던,7,[pol.tʃul.al.at̚.tʌn],[bol.dʒul.al.at̚.tʌn]
폭발한 거,7,[pʰok̚.pal.haŋ.kʌ],[pʰok̚.pal.han.gʌ]
폭발하지 않을,7,[pʰok̚.pal.ha.tʃi.an.ɯl],[pʰok̚.pal.ha.dʒi.an.ɯl]
폭발한 거죠,7,[pʰok̚.pal.haŋ.kʌ.tʃjo],[pʰok̚.pal.han.gʌ.dʒjo]
방식은 아니야,7,[paŋ.sik̚.ɯn.a.ni.ja],[baŋ.sik̚.ɯn.a.ni.ja]
내 꼬리,7,[nɛ.k͈o.ɾi],[nɛ.k͈o.ɾi]
해줄 것 같아,7,[hɛ.tʃul.kʌt̚.kat̚.a],[hɛ.dʒul.gʌt̚.gat̚.a]
폭탄 만든,7,[pʰok̚.tʰan.man.tɯn],[pʰok̚.tʰan.man.tɯn]
해줄 만큼,7,[hɛ.tʃul.maŋ.kʰɯm],[hɛ.dʒul.maŋ.kʰɯm]
방식은 이제,7,[paŋ.sik̚.ɯn.i.tʃe],[baŋ.sik̚.ɯn.i.dʒe]
내 꼭,7,[nɛ.k͈ok̚],[nɛ.k͈ok̚]
방식을 쓰는,7,[paŋ.sik̚.ɯl.s͈ɯ.nɯn],[baŋ.sik̚.ɯl.s͈ɯ.nɯn]
폭탄 설치한,7,[pʰok̚.tʰan.sʌl.tʃʰi.han],[pʰok̚.tʰan.sʌl.tʃʰi.han]
one other,7,,
방식을 알아,7,[paŋ.sik̚.ɯl.al.a],[baŋ.sik̚.ɯl.al.a]
해줄 말이 있어서,7,[hɛ.tʃul.mal.i.it̚.ʌ.sʌ],[hɛ.dʒul.mal.i.it̚.ʌ.sʌ]
폭탄 조끼를 입은,7,[pʰok̚.tʰan.tʃo.k͈i.ɾɯl.ip̚.ɯn],[pʰok̚.tʰan.dʒo.k͈i.ɾɯl.ip̚.ɯn]
폭탄 처리반을,7,[pʰok̚.tʰan.tʃʰʌ.ɾi.pan.ɯl],[pʰok̚.tʰan.tʃʰʌ.ɾi.ban.ɯl]
내 꼴이 뭐가,7,[nɛ.k͈ol.i.mwʌ.ka],[nɛ.k͈ol.i.mwʌ.ga]
볼 테면,7,[pol.tʰe.mjʌn],[bol.tʰe.mjʌn]
폭탄 해체,7,[pʰok̚.tʰan.hɛ.tʃʰe],[pʰok̚.tʰan.hɛ.tʃʰe]
이걸로 끝인,7,[i.kʌl.ɾo.k͈ɯt̚.in],[i.gʌl.ɾo.k͈ɯt̚.in]
폭탄을 던진,7,[pʰok̚.tʰan.ɯl.tʌn.tʃin],[pʰok̚.tʰan.ɯl.dʌn.tʃin]
폭탄을 만든,7,[pʰok̚.tʰan.ɯl.man.tɯn],[pʰok̚.tʰan.ɯl.man.tɯn]
폭탄을 못,7,[pʰok̚.tʰan.ɯl.mot̚],[pʰok̚.tʰan.ɯl.mot̚]
폭탄을 안,7,[pʰok̚.tʰan.ɯl.an],[pʰok̚.tʰan.ɯl.an]
폭탄을 찾고,7,[pʰok̚.tʰan.ɯl.tʃʰat̚.ko],[pʰok̚.tʰan.ɯl.tʃʰat̚.ko]
이걸로 당신을,7,[i.kʌl.ɾo.taŋ.sin.ɯl],[i.gʌl.ɾo.daŋ.sin.ɯl]
감사합니다 기분이,7,[kam.sa.hap̚.ni.ta.ki.pun.i],[gam.sa.hap̚.ni.da.gi.bun.i]
해줄 수 있으니까,7,[hɛ.tʃul.su.it̚.ɯ.ni.k͈a],[hɛ.dʒul.su.it̚.ɯ.ni.k͈a]
폭탄의 위치를,7,[pʰok̚.tʰan.ɯi.wi.tʃʰi.ɾɯl],[pʰok̚.tʰan.ɯi.wi.tʃʰi.ɾɯl]
방아쇠 당기는,7,[paŋ.a.swe.taŋ.ki.nɯn],[baŋ.a.swe.daŋ.gi.nɯn]
감사합니다 끊겠습니다,7,[kam.sa.hap̚.ni.ta.k͈ɯŋ.ket̚.sɯp̚.ni.ta],[gam.sa.hap̚.ni.da.k͈ɯŋ.ket̚.sɯp̚.ni.da]
내 꿈이다,7,[nɛ.k͈um.i.ta],[nɛ.k͈um.i.da]
볼 확률이,7,[pol.hwak̚.ɾjul.i],[bol.hwak̚.ɾjul.i]
해줄 필요,7,[hɛ.tʃul.pʰil.jo],[hɛ.dʒul.pʰil.jo]
폭파한 게,7,[pʰok̚.pʰa.haŋ.ke],[pʰok̚.pʰa.han.ge]
폭파되기 전에,7,[pʰok̚.pʰa.twe.ki.tʃʌn.e],[pʰok̚.pʰa.dwe.gi.dʒʌn.e]
폭파할 때,7,[pʰok̚.pʰa.hal.t͈ɛ],[pʰok̚.pʰa.hal.t͈ɛ]
폭파할 수,7,[pʰok̚.pʰa.hal.su],[pʰok̚.pʰa.hal.su]
폭파 전에,7,[pʰok̚.pʰa.tʃʌn.e],[pʰok̚.pʰa.dʒʌn.e]
방아쇠를 당기다,7,[paŋ.a.swe.ɾɯl.taŋ.ki.ta],[baŋ.a.swe.ɾɯl.daŋ.gi.da]
과거 다,7,[kwa.kʌ.ta],[gwa.gʌ.da]
해줄게 정말,7,[hɛ.tʃul.ke.tʃʌŋ.mal],[hɛ.dʒul.ke.dʒʌŋ.mal]
이걸로 우린,7,[i.kʌl.ɾo.u.ɾin],[i.gʌl.ɾo.u.ɾin]
폭풍이 오면,7,[pʰok̚.pʰuŋ.i.o.mjʌn],[pʰok̚.pʰuŋ.i.o.mjʌn]
방어 시스템에,7,[paŋ.ʌ.si.sɯ.tʰem.e],[baŋ.ʌ.si.sɯ.tʰem.e]
폭행을 당했어,7,[pʰok̚.hɛŋ.ɯl.taŋ.hɛt̚.ʌ],[pʰok̚.hɛŋ.ɯl.daŋ.hɛt̚.ʌ]
폭행한 혐의로,7,[pʰok̚.hɛŋ.han.hjʌm.ɯi.ɾo],[pʰok̚.hɛŋ.han.hjʌm.ɯi.ɾo]
폰 링,7,[pʰol.liŋ],[pʰol.liŋ]
감사합니다 나한테,7,[kam.sa.hap̚.ni.ta.na.han.tʰe],[gam.sa.hap̚.ni.da.na.han.tʰe]
폰 브라운의,7,[pʰom.pɯ.ɾa.un.ɯi],[pʰon.bɯ.ɾa.un.ɯi]
과거 사건,7,[kwa.kʌ.sa.kʌn],[gwa.gʌ.sa.gʌn]
폰 하우저,7,[pʰon.ha.u.tʃʌ],[pʰon.ha.u.dʒʌ]
볼게 내일,7,[pol.ke.nɛ.il],[bol.ke.nɛ.il]
폰에 있는,7,[pʰon.e.it̚.nɯn],[pʰon.e.it̚.nɯn]
폰지 사기를,7,[pʰon.tʃi.sa.ki.ɾɯl],[pʰon.tʃi.sa.gi.ɾɯl]
방어할 것이다,7,[paŋ.ʌ.hal.kʌt̚.i.ta],[baŋ.ʌ.hal.gʌt̚.i.da]
볼게 네가,7,[pol.ke.ne.ka],[bol.ke.ne.ga]
볼게 다,7,[pol.ke.ta],[bol.ke.da]
폴 대성당에,7,[pʰol.tɛ.sʌŋ.taŋ.e],[pʰol.dɛ.sʌŋ.daŋ.e]
폴 로렌스,7,[pʰol.ɾo.ɾen.sɯ],[pʰol.ɾo.ɾen.sɯ]
내 나이엔,7,[nɛ.na.i.en],[nɛ.na.i.en]
폴 신부님,7,[pʰol.sim.pu.nim],[pʰol.sim.pu.nim]
내 난자를,7,[nɛ.nan.tʃa.ɾɯl],[nɛ.nan.tʃa.ɾɯl]
방에 가면,7,[paŋ.e.ka.mjʌn],[baŋ.e.ga.mjʌn]
one step,7,,
폴드 리셉터 액티브,7,[pʰol.tɯ.ɾi.sep̚.tʰʌ.ɛk̚.tʰi.pɯ],[pʰol.tɯ.ɾi.sep̚.tʰʌ.ɛk̚.tʰi.bɯ]
폴란드에 있는,7,[pʰol.ɾan.tɯ.e.it̚.nɯn],[pʰol.ɾan.tɯ.e.it̚.nɯn]
폴리 박사님,7,[pʰol.ɾi.pak̚.sa.nim],[pʰol.ɾi.bak̚.sa.nim]
방에 걸어,7,[paŋ.e.kʌl.ʌ],[baŋ.e.gʌl.ʌ]
해줘 정말,7,[hɛ.tʃwʌ.tʃʌŋ.mal],[hɛ.dʒwʌ.dʒʌŋ.mal]
해줘 이제,7,[hɛ.tʃwʌ.i.tʃe],[hɛ.dʒwʌ.i.dʒe]
방에 다시,7,[paŋ.e.ta.si],[baŋ.e.da.si]
볼게 저,7,[pol.ke.tʃʌ],[bol.ke.dʒʌ]
내 남은 평생,7,[nɛ.nam.ɯm.pʰjʌŋ.sɛŋ],[nɛ.nam.ɯm.pʰjʌŋ.sɛŋ]
고맙습니다 야,7,[ko.map̚.sɯp̚.ni.ta.ja],[go.map̚.sɯp̚.ni.da.ja]
표 사세요,7,[pʰjo.sa.se.jo],[pʰjo.sa.se.jo]
볼게 지금,7,[pol.ke.tʃi.kɯm],[bol.ke.dʒi.gɯm]
표가 없어요,7,[pʰjo.ka.ʌp̚.ʌ.jo],[pʰjo.ga.ʌp̚.ʌ.jo]
고맙습니다 어,7,[ko.map̚.sɯp̚.ni.ta.ʌ],[go.map̚.sɯp̚.ni.da.ʌ]
표기해 주세요,7,[pʰjo.ki.hɛ.tʃu.se.jo],[pʰjo.gi.hɛ.dʒu.se.jo]
표기하고 있어,7,[pʰjo.ki.ha.ko.it̚.ʌ],[pʰjo.gi.ha.go.it̚.ʌ]
표기해 주세요 덱스터 지난,7,[pʰjo.ki.hɛ.tʃu.se.jo.tek̚.sɯ.tʰʌ.tʃi.nan],[pʰjo.gi.hɛ.dʒu.se.jo.dek̚.sɯ.tʰʌ.dʒi.nan]
표기해 주세요 덱스터,7,[pʰjo.ki.hɛ.tʃu.se.jo.tek̚.sɯ.tʰʌ],[pʰjo.gi.hɛ.dʒu.se.jo.dek̚.sɯ.tʰʌ]
표를 구할,7,[pʰjo.ɾɯl.ku.hal],[pʰjo.ɾɯl.gu.hal]
표를 던질,7,[pʰjo.ɾɯl.tʌn.tʃil],[pʰjo.ɾɯl.dʌn.tʃil]
방에 들어오는,7,[paŋ.e.tɯl.ʌ.o.nɯn],[baŋ.e.dɯl.ʌ.o.nɯn]
볼게요 그게,7,[pol.ke.jo.kɯ.ke],[bol.ke.jo.gɯ.ge]
표를 샀어요,7,[pʰjo.ɾɯl.sat̚.ʌ.jo],[pʰjo.ɾɯl.sat̚.ʌ.jo]
표를 얻기,7,[pʰjo.ɾɯl.ʌt̚.ki],[pʰjo.ɾɯl.ʌt̚.ki]
방에 들어왔어요,7,[paŋ.e.tɯl.ʌ.wat̚.ʌ.jo],[baŋ.e.dɯl.ʌ.wat̚.ʌ.jo]
표를 주진 않아,7,[pʰjo.ɾɯl.tʃu.tʃin.an.a],[pʰjo.ɾɯl.dʒu.dʒin.an.a]
표를 주진 않아 그런,7,[pʰjo.ɾɯl.tʃu.tʃin.an.a.kɯ.ɾʌn],[pʰjo.ɾɯl.dʒu.dʒin.an.a.gɯ.ɾʌn]
표면 아래에,7,[pʰjo.mjʌn.a.ɾɛ.e],[pʰjo.mjʌn.a.ɾɛ.e]
표면에 있는,7,[pʰjo.mjʌn.e.it̚.nɯn],[pʰjo.mjʌn.e.it̚.nɯn]
방에 뭐,7,[paŋ.e.mwʌ],[baŋ.e.mwʌ]
떠나라고 했어요,7,[t͈ʌ.na.ɾa.ko.hɛt̚.ʌ.jo],[t͈ʌ.na.ɾa.go.hɛt̚.ʌ.jo]
방에 뭘,7,[paŋ.e.mwʌl],[baŋ.e.mwʌl]
해줘요 뭐,7,[hɛ.tʃwʌ.jo.mwʌ],[hɛ.dʒwʌ.jo.mwʌ]
볼게요 내일,7,[pol.ke.jo.nɛ.il],[bol.ke.jo.nɛ.il]
I could find,7,,
해줘요 제가,7,[hɛ.tʃwʌ.jo.tʃe.ka],[hɛ.dʒwʌ.jo.dʒe.ga]
표시돼 있어,7,[pʰjo.si.twɛ.it̚.ʌ],[pʰjo.si.dwɛ.it̚.ʌ]
고맙습니다 예,7,[ko.map̚.sɯp̚.ni.ta.je],[go.map̚.sɯp̚.ni.da.je]
해줘요 지금,7,[hɛ.tʃwʌ.jo.tʃi.kɯm],[hɛ.dʒwʌ.jo.dʒi.gɯm]
내 남자친구의,7,[nɛ.nan.tʃa.tʃʰiŋ.ku.ɯi],[nɛ.nan.tʃa.tʃʰiŋ.ku.ɯi]
표시를 하는,7,[pʰjo.si.ɾɯl.ha.nɯn],[pʰjo.si.ɾɯl.ha.nɯn]
방에 없는,7,[paŋ.e.ʌp̚.nɯn],[baŋ.e.ʌp̚.nɯn]
해줬어 왜,7,[hɛ.tʃwʌt̚.ʌ.wɛ],[hɛ.dʒwʌt̚.ʌ.wɛ]
해줬어요 그,7,[hɛ.tʃwʌt̚.ʌ.jo.kɯ],[hɛ.dʒwʌt̚.ʌ.jo.gɯ]
방에 올라가서,7,[paŋ.e.ol.ɾa.ka.sʌ],[baŋ.e.ol.ɾa.ga.sʌ]
내 남친을,7,[nɛ.nan.tʃʰin.ɯl],[nɛ.nan.tʃʰin.ɯl]
방에 와,7,[paŋ.e.wa],[baŋ.e.wa]
방에 있는 건,7,[paŋ.e.it̚.nɯŋ.kʌn],[baŋ.e.it̚.nɯn.gʌn]
내 남편과 나는,7,[nɛ.nam.pʰjʌŋ.kwa.na.nɯn],[nɛ.nam.pʰjʌŋ.kwa.na.nɯn]
방에 있는 걸,7,[paŋ.e.it̚.nɯŋ.kʌl],[baŋ.e.it̚.nɯn.gʌl]
방에 있는 게,7,[paŋ.e.it̚.nɯŋ.ke],[baŋ.e.it̚.nɯn.ge]
이것 좀 보게나,7,[i.kʌt̚.tʃom.po.ke.na],[i.gʌt̚.dʒom.bo.ge.na]
내 남편요,7,[nɛ.nam.pʰjʌn.jo],[nɛ.nam.pʰjʌn.jo]
방에 있다는,7,[paŋ.e.it̚.ta.nɯn],[baŋ.e.it̚.ta.nɯn]
표정 가관이네,7,[pʰjo.tʃʌŋ.ka.kwan.i.ne],[pʰjo.dʒʌŋ.ga.gwan.i.ne]
표정 보면,7,[pʰjo.tʃʌm.po.mjʌn],[pʰjo.dʒʌŋ.bo.mjʌn]
방에 있었다는,7,[paŋ.e.it̚.ʌt̚.ta.nɯn],[baŋ.e.it̚.ʌt̚.ta.nɯn]
방에 있었습니다,7,[paŋ.e.it̚.ʌt̚.sɯp̚.ni.ta],[baŋ.e.it̚.ʌt̚.sɯp̚.ni.da]
내 남편을 죽인,7,[nɛ.nam.pʰjʌn.ɯl.tʃuk̚.in],[nɛ.nam.pʰjʌn.ɯl.dʒuk̚.in]
표정 좀 봐요,7,[pʰjo.tʃʌŋ.tʃom.pwa.jo],[pʰjo.dʒʌŋ.dʒom.bwa.jo]
방에 있었지,7,[paŋ.e.it̚.ʌt̚.tʃi],[baŋ.e.it̚.ʌt̚.tʃi]
표정 지을,7,[pʰjo.tʃʌŋ.tʃi.ɯl],[pʰjo.dʒʌŋ.dʒi.ɯl]
표정 짓지 말고,7,[pʰjo.tʃʌŋ.tʃit̚.tʃi.mal.ko],[pʰjo.dʒʌŋ.dʒit̚.tʃi.mal.ko]
볼게요 잠시만요,7,[pol.ke.jo.tʃam.si.man.jo],[bol.ke.jo.dʒam.si.man.jo]
내 남편이고 난,7,[nɛ.nam.pʰjʌn.i.ko.nan],[nɛ.nam.pʰjʌn.i.go.nan]
방에 있을 수,7,[paŋ.e.it̚.ɯl.su],[baŋ.e.it̚.ɯl.su]
해치 잠금,7,[hɛ.tʃʰi.tʃam.kɯm],[hɛ.tʃʰi.dʒam.kɯm]
내 남편이나,7,[nɛ.nam.pʰjʌn.i.na],[nɛ.nam.pʰjʌn.i.na]
해치게 둘,7,[hɛ.tʃʰi.ke.tul],[hɛ.tʃʰi.ge.dul]
내가 말해 줄까,7,[nɛ.ka.mal.hɛ.tʃul.k͈a],[nɛ.ga.mal.hɛ.dʒul.k͈a]
표정을 봤어야 하는데,7,[pʰjo.tʃʌŋ.ɯl.pwat̚.ʌ.ja.ha.nɯn.te],[pʰjo.dʒʌŋ.ɯl.bwat̚.ʌ.ja.ha.nɯn.te]
방에 틀어박혀서,7,[paŋ.e.tʰɯl.ʌ.pak̚.hjʌ.sʌ],[baŋ.e.tʰɯl.ʌ.bak̚.hjʌ.sʌ]
과거는 과거야,7,[kwa.kʌ.nɯŋ.kwa.kʌ.ja],[gwa.gʌ.nɯn.gwa.gʌ.ja]
볼게요 하지만,7,[pol.ke.jo.ha.tʃi.man],[bol.ke.jo.ha.dʒi.man]
표정이 있어,7,[pʰjo.tʃʌŋ.i.it̚.ʌ],[pʰjo.dʒʌŋ.i.it̚.ʌ]
감사합니다 닥터,7,[kam.sa.hap̚.ni.ta.tak̚.tʰʌ],[gam.sa.hap̚.ni.da.dak̚.tʰʌ]
표준 절차를,7,[pʰjo.tʃun.tʃʌl.tʃʰa.ɾɯl],[pʰjo.dʒun.dʒʌl.tʃʰa.ɾɯl]
이것 좀 안,7,[i.kʌt̚.tʃom.an],[i.gʌt̚.dʒom.an]
방에서 계속,7,[paŋ.e.sʌ.kje.sok̚],[baŋ.e.sʌ.gje.sok̚]
방에서 기다리고,7,[paŋ.e.sʌ.ki.ta.ɾi.ko],[baŋ.e.sʌ.gi.da.ɾi.go]
표하고 싶어요,7,[pʰjo.ha.ko.sip̚.ʌ.jo],[pʰjo.ha.go.sip̚.ʌ.jo]
내 너,7,[nɛ.nʌ],[nɛ.nʌ]
감사합니다 당신의,7,[kam.sa.hap̚.ni.ta.taŋ.sin.ɯi],[gam.sa.hap̚.ni.da.daŋ.sin.ɯi]
at dinner,7,,
볼게요 잠깐,7,[pol.ke.jo.tʃam.k͈an],[bol.ke.jo.dʒam.k͈an]
고맙습니다 점심,7,[ko.map̚.sɯp̚.ni.ta.tʃʌm.sim],[go.map̚.sɯp̚.ni.da.dʒʌm.sim]
표현 쓰지,7,[pʰjo.hjʌn.s͈ɯ.tʃi],[pʰjo.hjʌn.s͈ɯ.dʒi]
방에서 말이야,7,[paŋ.e.sʌ.mal.i.ja],[baŋ.e.sʌ.mal.i.ja]
방에서 당장,7,[paŋ.e.sʌ.taŋ.tʃaŋ],[baŋ.e.sʌ.daŋ.dʒaŋ]
표현을 할까,7,[pʰjo.hjʌn.ɯl.hal.k͈a],[pʰjo.hjʌn.ɯl.hal.k͈a]
표현을 안,7,[pʰjo.hjʌn.ɯl.an],[pʰjo.hjʌn.ɯl.an]
표현이 너무,7,[pʰjo.hjʌn.i.nʌ.mu],[pʰjo.hjʌn.i.nʌ.mu]
감사합니다 당장,7,[kam.sa.hap̚.ni.ta.taŋ.tʃaŋ],[gam.sa.hap̚.ni.da.daŋ.dʒaŋ]
해치려는 사람은,7,[hɛ.tʃʰi.ɾjʌ.nɯn.sa.ɾam.ɯn],[hɛ.tʃʰi.ɾjʌ.nɯn.sa.ɾam.ɯn]
표현하기 위해서,7,[pʰjo.hjʌn.ha.ki.wi.hɛ.sʌ],[pʰjo.hjʌn.ha.gi.wi.hɛ.sʌ]
표현하는 데,7,[pʰjo.hjʌn.ha.nɯn.te],[pʰjo.hjʌn.ha.nɯn.de]
방에서 우리,7,[paŋ.e.sʌ.u.ɾi],[baŋ.e.sʌ.u.ɾi]
내 노예가,7,[nɛ.no.je.ka],[nɛ.no.je.ga]
내가 말해줄게 내가,7,[nɛ.ka.mal.hɛ.tʃul.ke.nɛ.ka],[nɛ.ga.mal.hɛ.dʒul.ke.nɛ.ga]
방에서 일어난 일은,7,[paŋ.e.sʌ.il.ʌ.nan.il.ɯn],[baŋ.e.sʌ.il.ʌ.nan.il.ɯn]
방에서 자면,7,[paŋ.e.sʌ.tʃa.mjʌn],[baŋ.e.sʌ.dʒa.mjʌn]
볼랜드 저스틴 메이더,7,[pol.ɾɛn.tɯ.tʃʌ.sɯ.tʰin.me.i.tʌ],[bol.ɾɛn.tɯ.dʒʌ.sɯ.tʰin.me.i.dʌ]
해치우는 거야,7,[hɛ.tʃʰi.u.nɯŋ.kʌ.ja],[hɛ.tʃʰi.u.nɯn.gʌ.ja]
해치우면 돼,7,[hɛ.tʃʰi.u.mjʌn.twɛ],[hɛ.tʃʰi.u.mjʌn.dwɛ]
표현할 줄,7,[pʰjo.hjʌn.hal.tʃul],[pʰjo.hjʌn.hal.dʒul]
푸는 거죠,7,[pʰu.nɯŋ.kʌ.tʃjo],[pʰu.nɯn.gʌ.dʒjo]
방에서 한,7,[paŋ.e.sʌ.han],[baŋ.e.sʌ.han]
푸는 데는,7,[pʰu.nɯn.te.nɯn],[pʰu.nɯn.de.nɯn]
NZT 약효가,7,[jak̚.hjo.ka],[jak̚.hjo.ga]
내가 말해줄께,7,[nɛ.ka.mal.hɛ.tʃul.k͈e],[nɛ.ga.mal.hɛ.dʒul.k͈e]
방역선 경계,7,[paŋ.jʌk̚.sʌŋ.kjʌŋ.kje],[baŋ.jʌk̚.sʌn.gjʌŋ.gje]
해치워야 한다,7,[hɛ.tʃʰi.wʌ.ja.han.ta],[hɛ.tʃʰi.wʌ.ja.han.ta]
내 농담이,7,[nɛ.noŋ.tam.i],[nɛ.noŋ.dam.i]
푸른 하늘과,7,[pʰu.ɾɯn.ha.nɯl.kwa],[pʰu.ɾɯn.ha.nɯl.kwa]
내 농장,7,[nɛ.noŋ.tʃaŋ],[nɛ.noŋ.dʒaŋ]
이것도 이것도,7,[i.kʌt̚.to.i.kʌt̚.to],[i.gʌt̚.to.i.gʌt̚.to]
고맙습니다 죄송합니다,7,[ko.map̚.sɯp̚.ni.ta.tʃwe.soŋ.hap̚.ni.ta],[go.map̚.sɯp̚.ni.da.dʒwe.soŋ.hap̚.ni.da]
내가 말했거든,7,[nɛ.ka.mal.hɛt̚.kʌ.tɯn],[nɛ.ga.mal.hɛt̚.kʌ.dɯn]
방울도 흘리지,7,[paŋ.ul.to.hɯl.ɾi.tʃi],[baŋ.ul.to.hɯl.ɾi.dʒi]
방울이 잘랑거린다,7,[paŋ.ul.i.tʃal.ɾaŋ.kʌ.ɾin.ta],[baŋ.ul.i.dʒal.ɾaŋ.gʌ.ɾin.ta]
해치지 않겠다고 약속해,7,[hɛ.tʃʰi.tʃi.aŋ.ket̚.ta.ko.jak̚.sok̚.hɛ],[hɛ.tʃʰi.dʒi.aŋ.ket̚.ta.go.jak̚.sok̚.hɛ]
푹 빠졌구나,7,[pʰuk̚.p͈a.tʃjʌt̚.ku.na],[pʰuk̚.p͈a.dʒjʌt̚.ku.na]
고맙습니다 참,7,[ko.map̚.sɯp̚.ni.ta.tʃʰam],[go.map̚.sɯp̚.ni.da.tʃʰam]
푹 빠졌던,7,[pʰuk̚.p͈a.tʃjʌt̚.tʌn],[pʰuk̚.p͈a.dʒjʌt̚.tʌn]
방으로 가라고,7,[paŋ.ɯ.ɾo.ka.ɾa.ko],[baŋ.ɯ.ɾo.ga.ɾa.go]
one under,7,,
해치지 않았다,7,[hɛ.tʃʰi.tʃi.an.at̚.ta],[hɛ.tʃʰi.dʒi.an.at̚.ta]
해치지 않았잖아요,7,[hɛ.tʃʰi.tʃi.an.at̚.tʃan.a.jo],[hɛ.tʃʰi.dʒi.an.at̚.tʃan.a.jo]
방으로 갈게요,7,[paŋ.ɯ.ɾo.kal.ke.jo],[baŋ.ɯ.ɾo.gal.ke.jo]
고맙습니다 하나,7,[ko.map̚.sɯp̚.ni.ta.ha.na],[go.map̚.sɯp̚.ni.da.ha.na]
해치지 않을 거라고,7,[hɛ.tʃʰi.tʃi.an.ɯl.kʌ.ɾa.ko],[hɛ.tʃʰi.dʒi.an.ɯl.gʌ.ɾa.go]
푹 자렴,7,[pʰuk̚.tʃa.ɾjʌm],[pʰuk̚.dʒa.ɾjʌm]
방으로 다시,7,[paŋ.ɯ.ɾo.ta.si],[baŋ.ɯ.ɾo.da.si]
푹푹 찌는,7,[pʰuk̚.pʰuk̚.tʃ͈i.nɯn],[pʰuk̚.pʰuk̚.tʃ͈i.nɯn]
방으로 돌아가요,7,[paŋ.ɯ.ɾo.tol.a.ka.jo],[baŋ.ɯ.ɾo.dol.a.ga.jo]
방으로 돌아가세요,7,[paŋ.ɯ.ɾo.tol.a.ka.se.jo],[baŋ.ɯ.ɾo.dol.a.ga.se.jo]
고맙지 내,7,[ko.map̚.tʃi.nɛ],[go.map̚.tʃi.nɛ]
방으로 들어갈,7,[paŋ.ɯ.ɾo.tɯl.ʌ.kal],[baŋ.ɯ.ɾo.dɯl.ʌ.gal]
내 누이에,7,[nɛ.nu.i.e],[nɛ.nu.i.e]
감사합니다 두 분,7,[kam.sa.hap̚.ni.ta.tu.pun],[gam.sa.hap̚.ni.da.du.bun]
푼도 안 줄,7,[pʰun.to.an.tʃul],[pʰun.to.an.dʒul]
푼도 안 줘,7,[pʰun.to.an.tʃwʌ],[pʰun.to.an.dʒwʌ]
방으로 안내해,7,[paŋ.ɯ.ɾo.an.nɛ.hɛ],[baŋ.ɯ.ɾo.an.nɛ.hɛ]
감사합니다 들어오세요,7,[kam.sa.hap̚.ni.ta.tɯl.ʌ.o.se.jo],[gam.sa.hap̚.ni.da.dɯl.ʌ.o.se.jo]
방으로 올려 주렴,7,[paŋ.ɯ.ɾo.ol.ɾjʌ.tʃu.ɾjʌm],[baŋ.ɯ.ɾo.ol.ɾjʌ.dʒu.ɾjʌm]
방으로 와요,7,[paŋ.ɯ.ɾo.wa.jo],[baŋ.ɯ.ɾo.wa.jo]
방으로 짐 올려줄까요,7,[paŋ.ɯ.ɾo.tʃim.ol.ɾjʌ.tʃul.k͈a.jo],[baŋ.ɯ.ɾo.dʒim.ol.ɾjʌ.dʒul.k͈a.jo]
과거는 잊어야지,7,[kwa.kʌ.nɯn.it̚.ʌ.ja.tʃi],[gwa.gʌ.nɯn.it̚.ʌ.ja.dʒi]
방으로 짐 올려줄까요 물론이지,7,[paŋ.ɯ.ɾo.tʃim.ol.ɾjʌ.tʃul.k͈a.jo.mul.ɾon.i.tʃi],[baŋ.ɯ.ɾo.dʒim.ol.ɾjʌ.dʒul.k͈a.jo.mul.ɾon.i.dʒi]
풀 수 있습니다,7,[pʰul.su.it̚.sɯp̚.ni.ta],[pʰul.su.it̚.sɯp̚.ni.da]
내 눈 똑바로 봐,7,[nɛ.nun.t͈ok̚.pa.ɾo.pwa],[nɛ.nun.t͈ok̚.pa.ɾo.bwa]
방은 따로,7,[paŋ.ɯn.t͈a.ɾo],[baŋ.ɯn.t͈a.ɾo]
고맙지만 그런,7,[ko.map̚.tʃi.maŋ.kɯ.ɾʌn],[go.map̚.tʃi.man.gɯ.ɾʌn]
방은 어디야,7,[paŋ.ɯn.ʌ.ti.ja],[baŋ.ɯn.ʌ.di.ja]
방은 안 돼,7,[paŋ.ɯn.an.twɛ],[baŋ.ɯn.an.dwɛ]
풀 좀,7,[pʰul.tʃom],[pʰul.dʒom]
방은 어때,7,[paŋ.ɯn.ʌ.t͈ɛ],[baŋ.ɯn.ʌ.t͈ɛ]
아마도 말이야,7,[a.ma.to.mal.i.ja],[a.ma.do.mal.i.ja]
방은 예전,7,[paŋ.ɯn.je.tʃʌn],[baŋ.ɯn.je.dʒʌn]
NZT라는 약을,7,[ɾa.nɯn.jak̚.ɯl],[ɾa.nɯn.jak̚.ɯl]
풀고 싶어요,7,[pʰul.ko.sip̚.ʌ.jo],[pʰul.ko.sip̚.ʌ.jo]
고맙지만 나,7,[ko.map̚.tʃi.man.na],[go.map̚.tʃi.man.na]
방은 이제 당신,7,[paŋ.ɯn.i.tʃe.taŋ.sin],[baŋ.ɯn.i.dʒe.daŋ.sin]
방을 가득,7,[paŋ.ɯl.ka.tɯk̚],[baŋ.ɯl.ga.dɯk̚]
방은 이제 당신 방이에요,7,[paŋ.ɯn.i.tʃe.taŋ.sim.paŋ.i.e.jo],[baŋ.ɯn.i.dʒe.daŋ.sin.baŋ.i.e.jo]
방을 가로질러,7,[paŋ.ɯl.ka.ɾo.tʃil.ɾʌ],[baŋ.ɯl.ga.ɾo.dʒil.ɾʌ]
풀기 어려운,7,[pʰul.ki.ʌ.ɾjʌ.un],[pʰul.ki.ʌ.ɾjʌ.un]
풀려나기 전까진 공짜,7,[pʰul.ɾjʌ.na.ki.tʃʌŋ.k͈a.tʃiŋ.koŋ.tʃ͈a],[pʰul.ɾjʌ.na.gi.dʒʌŋ.k͈a.dʒin.goŋ.tʃ͈a]
해칠만한 사람이,7,[hɛ.tʃʰil.man.han.sa.ɾam.i],[hɛ.tʃʰil.man.han.sa.ɾam.i]
풀려날 때까지,7,[pʰul.ɾjʌ.nal.t͈ɛ.k͈a.tʃi],[pʰul.ɾjʌ.nal.t͈ɛ.k͈a.dʒi]
내 눈물은,7,[nɛ.nun.mul.ɯn],[nɛ.nun.mul.ɯn]
내 눈물의,7,[nɛ.nun.mul.ɯi],[nɛ.nun.mul.ɯi]
풀렸나 보네,7,[pʰul.ɾjʌt̚.na.po.ne],[pʰul.ɾjʌt̚.na.bo.ne]
풀렸나 봐요,7,[pʰul.ɾjʌt̚.na.pwa.jo],[pʰul.ɾjʌt̚.na.bwa.jo]
방을 수색해,7,[paŋ.ɯl.su.sɛk̚.hɛ],[baŋ.ɯl.su.sɛk̚.hɛ]
내 눈알을,7,[nɛ.nun.al.ɯl],[nɛ.nun.al.ɯl]
풀리는 건,7,[pʰul.ɾi.nɯŋ.kʌn],[pʰul.ɾi.nɯn.gʌn]
풀린 거야,7,[pʰul.ɾiŋ.kʌ.ja],[pʰul.ɾin.gʌ.ja]
이것만 알아 둬,7,[i.kʌt̚.man.al.a.twʌ],[i.gʌt̚.man.al.a.dwʌ]
내가 말했잖아 우린,7,[nɛ.ka.mal.hɛt̚.tʃan.a.u.ɾin],[nɛ.ga.mal.hɛt̚.tʃan.a.u.ɾin]
풀릴 텐데,7,[pʰul.ɾil.tʰen.te],[pʰul.ɾil.tʰen.te]
해킹을 했다,7,[hɛ.kʰiŋ.ɯl.hɛt̚.ta],[hɛ.kʰiŋ.ɯl.hɛt̚.ta]
내 눈에 띄지마,7,[nɛ.nun.e.t͈ɯi.tʃi.ma],[nɛ.nun.e.t͈ɯi.dʒi.ma]
풀어 드릴,7,[pʰul.ʌ.tɯ.ɾil],[pʰul.ʌ.dɯ.ɾil]
풀어 드릴게요,7,[pʰul.ʌ.tɯ.ɾil.ke.jo],[pʰul.ʌ.dɯ.ɾil.ke.jo]
풀어 보자,7,[pʰul.ʌ.po.tʃa],[pʰul.ʌ.bo.dʒa]
풀어 봤어,7,[pʰul.ʌ.pwat̚.ʌ],[pʰul.ʌ.bwat̚.ʌ]
내 눈에 비치는,7,[nɛ.nun.e.pi.tʃʰi.nɯn],[nɛ.nun.e.bi.tʃʰi.nɯn]
풀어 주는 게,7,[pʰul.ʌ.tʃu.nɯŋ.ke],[pʰul.ʌ.dʒu.nɯn.ge]
풀어 주도록,7,[pʰul.ʌ.tʃu.to.ɾok̚],[pʰul.ʌ.dʒu.do.ɾok̚]
방이 아니라,7,[paŋ.i.a.ni.ɾa],[baŋ.i.a.ni.ɾa]
내 눈에 안 띄게,7,[nɛ.nun.e.an.t͈ɯi.ke],[nɛ.nun.e.an.t͈ɯi.ge]
풀어 주시죠,7,[pʰul.ʌ.tʃu.si.tʃjo],[pʰul.ʌ.dʒu.si.dʒjo]
감사합니다 매일,7,[kam.sa.hap̚.ni.ta.mɛ.il],[gam.sa.hap̚.ni.da.mɛ.il]
풀어 준 거야,7,[pʰul.ʌ.tʃuŋ.kʌ.ja],[pʰul.ʌ.dʒun.gʌ.ja]
방이 이렇게,7,[paŋ.i.i.ɾʌt̚.ke],[baŋ.i.i.ɾʌt̚.ke]
풀어 줄 때까지,7,[pʰul.ʌ.tʃul.t͈ɛ.k͈a.tʃi],[pʰul.ʌ.dʒul.t͈ɛ.k͈a.dʒi]
풀어 줄까요,7,[pʰul.ʌ.tʃul.k͈a.jo],[pʰul.ʌ.dʒul.k͈a.jo]
방이 있다,7,[paŋ.i.it̚.ta],[baŋ.i.it̚.ta]
해피 데이즈,7,[hɛ.pʰi.te.i.tʃɯ],[hɛ.pʰi.de.i.dʒɯ]
풀어 줬다고,7,[pʰul.ʌ.tʃwʌt̚.ta.ko],[pʰul.ʌ.dʒwʌt̚.ta.go]
방이 참,7,[paŋ.i.tʃʰam],[baŋ.i.tʃʰam]
고맙지만 우리가,7,[ko.map̚.tʃi.man.u.ɾi.ka],[go.map̚.tʃi.man.u.ɾi.ga]
풀어낼 수,7,[pʰul.ʌ.nɛl.su],[pʰul.ʌ.nɛl.su]
풀어요 내가,7,[pʰul.ʌ.jo.nɛ.ka],[pʰul.ʌ.jo.nɛ.ga]
방이에요 난 옆방을,7,[paŋ.i.e.jo.nan.jʌp̚.paŋ.ɯl],[baŋ.i.e.jo.nan.jʌp̚.paŋ.ɯl]
방이에요 난,7,[paŋ.i.e.jo.nan],[baŋ.i.e.jo.nan]
내가 망쳤다고,7,[nɛ.ka.maŋ.tʃʰjʌt̚.ta.ko],[nɛ.ga.maŋ.tʃʰjʌt̚.ta.go]
방이에요 난 옆방을 쓸,7,[paŋ.i.e.jo.nan.jʌp̚.paŋ.ɯl.s͈ɯl],[baŋ.i.e.jo.nan.jʌp̚.paŋ.ɯl.s͈ɯl]
풀어주면 내가,7,[pʰul.ʌ.tʃu.mjʌn.nɛ.ka],[pʰul.ʌ.dʒu.mjʌn.nɛ.ga]
풀어줄 수 있는,7,[pʰul.ʌ.tʃul.su.it̚.nɯn],[pʰul.ʌ.dʒul.su.it̚.nɯn]
과거를 다시,7,[kwa.kʌ.ɾɯl.ta.si],[gwa.gʌ.ɾɯl.da.si]
풀어줘야 해 나중에,7,[pʰul.ʌ.tʃwʌ.ja.hɛ.na.tʃuŋ.e],[pʰul.ʌ.dʒwʌ.ja.hɛ.na.dʒuŋ.e]
풀어줘야 해 나중에 봐,7,[pʰul.ʌ.tʃwʌ.ja.hɛ.na.tʃuŋ.e.pwa],[pʰul.ʌ.dʒwʌ.ja.hɛ.na.dʒuŋ.e.bwa]
고맙지만 전 괜찮아요,7,[ko.map̚.tʃi.man.tʃʌŋ.kwɛn.tʃʰan.a.jo],[go.map̚.tʃi.man.dʒʌn.gwɛn.tʃʰan.a.jo]
내 눈으로 직접 봤어,7,[nɛ.nun.ɯ.ɾo.tʃik̚.tʃʌp̚.pwat̚.ʌ],[nɛ.nun.ɯ.ɾo.dʒik̚.tʃʌp̚.bwat̚.ʌ]
핵 협상에서,7,[hɛk̚.hjʌp̚.saŋ.e.sʌ],[hɛk̚.hjʌp̚.saŋ.e.sʌ]
핵무기 보유,7,[hɛk̚.mu.ki.po.ju],[hɛk̚.mu.gi.bo.ju]
방청객들의 환호성,7,[paŋ.tʃʰʌŋ.kɛk̚.tɯl.ɯi.hwan.ho.sʌŋ],[baŋ.tʃʰʌŋ.gɛk̚.tɯl.ɯi.hwan.ho.sʌŋ]
핵무기를 갖고,7,[hɛk̚.mu.ki.ɾɯl.kat̚.ko],[hɛk̚.mu.gi.ɾɯl.gat̚.ko]
풀지 마세요,7,[pʰul.tʃi.ma.se.jo],[pʰul.tʃi.ma.se.jo]
풀지 못,7,[pʰul.tʃi.mot̚],[pʰul.tʃi.mot̚]
방치하면 안,7,[paŋ.tʃʰi.ha.mjʌn.an],[baŋ.tʃʰi.ha.mjʌn.an]
풀지 못해,7,[pʰul.tʃi.mot̚.hɛ],[pʰul.tʃi.mot̚.hɛ]
봄에 결혼 하게 될지도,7,[pom.e.kjʌl.hon.ha.ke.twel.tʃi.to],[bom.e.gjʌl.hon.ha.ge.dwel.tʃi.do]
방침에 대해,7,[paŋ.tʃʰim.e.tɛ.hɛ],[baŋ.tʃʰim.e.dɛ.hɛ]
고맙지만 필요,7,[ko.map̚.tʃi.mam.pʰil.jo],[go.map̚.tʃi.mam.pʰil.jo]
내 눈을 똑바로 보면서,7,[nɛ.nun.ɯl.t͈ok̚.pa.ɾo.po.mjʌn.sʌ],[nɛ.nun.ɯl.t͈ok̚.pa.ɾo.bo.mjʌn.sʌ]
방패 올려,7,[pam.pʰɛ.ol.ɾjʌ],[bam.pʰɛ.ol.ɾjʌ]
봄이 온다 말을 못하고,7,[pom.i.on.ta.mal.ɯl.mot̚.ha.ko],[bom.i.on.ta.mal.ɯl.mot̚.ha.go]
핵연료 저장,7,[hɛk̚.jʌl.ljo.tʃʌ.tʃaŋ],[hɛk̚.jʌl.ljo.dʒʌ.dʒaŋ]
내 눈을 믿을 수,7,[nɛ.nun.ɯl.mit̚.ɯl.su],[nɛ.nun.ɯl.mit̚.ɯl.su]
품에 안길,7,[pʰum.e.aŋ.kil],[pʰum.e.aŋ.kil]
방해 공작,7,[paŋ.hɛ.koŋ.tʃak̚],[baŋ.hɛ.goŋ.dʒak̚]
품으면 오뉴월에도 서리가,7,[pʰum.ɯ.mjʌn.o.nju.wʌl.e.to.sʌ.ɾi.ka],[pʰum.ɯ.mjʌn.o.nju.wʌl.e.do.sʌ.ɾi.ga]
품으면 오뉴월에도,7,[pʰum.ɯ.mjʌn.o.nju.wʌl.e.to],[pʰum.ɯ.mjʌn.o.nju.wʌl.e.do]
고문 같은,7,[ko.muŋ.kat̚.ɯn],[go.mun.gat̚.ɯn]
봅니다 네,7,[pop̚.ni.ta.ne],[bop̚.ni.da.ne]
품은 채,7,[pʰum.ɯn.tʃʰɛ],[pʰum.ɯn.tʃʰɛ]
품지 마,7,[pʰun.tʃi.ma],[pʰun.tʃi.ma]
품지 않고,7,[pʰun.tʃi.aŋ.ko],[pʰun.tʃi.aŋ.ko]
방해 좀 하지 마,7,[paŋ.hɛ.tʃom.ha.tʃi.ma],[baŋ.hɛ.dʒom.ha.dʒi.ma]
핸드폰 두고,7,[hɛn.tɯ.pʰon.tu.ko],[hɛn.tɯ.pʰon.du.go]
풋볼을 할,7,[pʰut̚.pol.ɯl.hal],[pʰut̚.pol.ɯl.hal]
풍경 좀 보세요,7,[pʰuŋ.kjʌŋ.tʃom.po.se.jo],[pʰuŋ.gjʌŋ.dʒom.bo.se.jo]
풍경을 볼,7,[pʰuŋ.kjʌŋ.ɯl.pol],[pʰuŋ.gjʌŋ.ɯl.bol]
방해가 되는 것,7,[paŋ.hɛ.ka.twe.nɯŋ.kʌt̚],[baŋ.hɛ.ga.dwe.nɯn.gʌt̚]
고문 좀,7,[ko.mun.tʃom],[go.mun.dʒom]
풍물 연주가,7,[pʰuŋ.mul.jʌn.tʃu.ka],[pʰuŋ.mul.jʌn.tʃu.ga]
풍연의 놀란,7,[pʰuŋ.jʌn.ɯi.nol.ɾan],[pʰuŋ.jʌn.ɯi.nol.ɾan]
풍연의 힘겨운,7,[pʰuŋ.jʌn.ɯi.him.kjʌ.un],[pʰuŋ.jʌn.ɯi.him.kjʌ.un]
방해가 될 만한,7,[paŋ.hɛ.ka.twel.man.han],[baŋ.hɛ.ga.dwel.man.han]
방해는 무슨,7,[paŋ.hɛ.nɯn.mu.sɯn],[baŋ.hɛ.nɯn.mu.sɯn]
고문에 대해,7,[ko.mun.e.tɛ.hɛ],[go.mun.e.dɛ.hɛ]
방해는 하지,7,[paŋ.hɛ.nɯn.ha.tʃi],[baŋ.hɛ.nɯn.ha.dʒi]
핸드폰을 왜,7,[hɛn.tɯ.pʰon.ɯl.wɛ],[hɛn.tɯ.pʰon.ɯl.wɛ]
봅시다 나,7,[pop̚.si.ta.na],[bop̚.si.da.na]
방해를 받는,7,[paŋ.hɛ.ɾɯl.pat̚.nɯn],[baŋ.hɛ.ɾɯl.bat̚.nɯn]
봅시다 누가,7,[pop̚.si.ta.nu.ka],[bop̚.si.da.nu.ga]
퓰리처 상을,7,[pʰjul.ɾi.tʃʰʌ.saŋ.ɯl],[pʰjul.ɾi.tʃʰʌ.saŋ.ɯl]
봅니다 저 사람은,7,[pop̚.ni.ta.tʃʌ.sa.ɾam.ɯn],[bop̚.ni.da.dʒʌ.sa.ɾam.ɯn]
강도 두,7,[kaŋ.to.tu],[gaŋ.do.du]
프라이데이 때,7,[pʰɯ.ɾa.i.te.i.t͈ɛ],[pʰɯ.ɾa.i.de.i.t͈ɛ]
방해만 되는,7,[paŋ.hɛ.man.twe.nɯn],[baŋ.hɛ.man.dwe.nɯn]
핼러윈 의상을,7,[hɛl.ɾʌ.win.ɯi.saŋ.ɯl],[hɛl.ɾʌ.win.ɯi.saŋ.ɯl]
방해만 될 겁니다,7,[paŋ.hɛ.man.twel.kʌp̚.ni.ta],[baŋ.hɛ.man.dwel.gʌp̚.ni.da]
방해만 될 거야,7,[paŋ.hɛ.man.twel.kʌ.ja],[baŋ.hɛ.man.dwel.gʌ.ja]
방해만 될 뿐이야,7,[paŋ.hɛ.man.twel.p͈un.i.ja],[baŋ.hɛ.man.dwel.p͈un.i.ja]
방해받는 걸,7,[paŋ.hɛ.pat̚.nɯŋ.kʌl],[baŋ.hɛ.bat̚.nɯn.gʌl]
이것은 실화를바탕으로 한 이야기로,7,[i.kʌt̚.ɯn.sil.hwa.ɾɯl.pa.tʰaŋ.ɯ.ɾo.han.i.ja.ki.ɾo],[i.gʌt̚.ɯn.sil.hwa.ɾɯl.pa.tʰaŋ.ɯ.ɾo.han.i.ja.gi.ɾo]
프락시텔레스의 영향을,7,[pʰɯ.ɾak̚.si.tʰel.ɾe.sɯ.ɯi.jʌŋ.hjaŋ.ɯl],[pʰɯ.ɾak̚.si.tʰel.ɾe.sɯ.ɯi.jʌŋ.hjaŋ.ɯl]
프락시텔레스의 영향을 받았어,7,[pʰɯ.ɾak̚.si.tʰel.ɾe.sɯ.ɯi.jʌŋ.hjaŋ.ɯl.pat̚.at̚.ʌ],[pʰɯ.ɾak̚.si.tʰel.ɾe.sɯ.ɯi.jʌŋ.hjaŋ.ɯl.bat̚.at̚.ʌ]
방해하게 둘 순,7,[paŋ.hɛ.ha.ke.tul.sun],[baŋ.hɛ.ha.ge.dul.sun]
프락시텔레스의 오리지널 작품 이후로,7,[pʰɯ.ɾak̚.si.tʰel.ɾe.sɯ.ɯi.o.ɾi.tʃi.nʌl.tʃak̚.pʰum.i.hu.ɾo],[pʰɯ.ɾak̚.si.tʰel.ɾe.sɯ.ɯi.o.ɾi.dʒi.nʌl.dʒak̚.pʰum.i.hu.ɾo]
프락시텔레스의 오리지널 작품,7,[pʰɯ.ɾak̚.si.tʰel.ɾe.sɯ.ɯi.o.ɾi.tʃi.nʌl.tʃak̚.pʰum],[pʰɯ.ɾak̚.si.tʰel.ɾe.sɯ.ɯi.o.ɾi.dʒi.nʌl.dʒak̚.pʰum]
내 다리도,7,[nɛ.ta.ɾi.to],[nɛ.da.ɾi.do]
감사합니다 박사님,7,[kam.sa.hap̚.ni.ta.pak̚.sa.nim],[gam.sa.hap̚.ni.da.bak̚.sa.nim]
방해하고 싶지 않았어,7,[paŋ.hɛ.ha.ko.sip̚.tʃi.an.at̚.ʌ],[baŋ.hɛ.ha.go.sip̚.tʃi.an.at̚.ʌ]
내 다시 찾아오게나,7,[nɛ.ta.si.tʃʰat̚.a.o.ke.na],[nɛ.da.si.tʃʰat̚.a.o.ge.na]
봅시다 이런,7,[pop̚.si.ta.i.ɾʌn],[bop̚.si.da.i.ɾʌn]
내가 맞혀보죠,7,[nɛ.ka.mat̚.hjʌ.po.tʃjo],[nɛ.ga.mat̚.hjʌ.bo.dʒjo]
햄린 맥길,7,[hɛm.ɾin.mɛk̚.kil],[hɛm.ɾin.mɛk̚.kil]
봅시다 전,7,[pop̚.si.ta.tʃʌn],[bop̚.si.da.dʒʌn]
햄버거랑 감자튀김,7,[hɛm.pʌ.kʌ.ɾaŋ.kan.tʃa.tʰwi.kim],[hɛm.pʌ.gʌ.ɾaŋ.gan.tʃa.tʰwi.gim]
햄프턴에 있는,7,[hɛm.pʰɯ.tʰʌn.e.it̚.nɯn],[hɛm.pʰɯ.tʰʌn.e.it̚.nɯn]
햅스탈 씨,7,[hɛp̚.sɯ.tʰal.s͈i],[hɛp̚.sɯ.tʰal.s͈i]
햇볕에 타서,7,[hɛt̚.pjʌt̚.e.tʰa.sʌ],[hɛt̚.pjʌt̚.e.tʰa.sʌ]
내가 맡겠소,7,[nɛ.ka.mat̚.ket̚.so],[nɛ.ga.mat̚.ket̚.so]
프란츠 페르디난트,7,[pʰɯ.ɾan.tʃʰɯ.pʰe.ɾɯ.ti.nan.tʰɯ],[pʰɯ.ɾan.tʃʰɯ.pʰe.ɾɯ.di.nan.tʰɯ]
방해하는 거예요,7,[paŋ.hɛ.ha.nɯŋ.kʌ.je.jo],[baŋ.hɛ.ha.nɯn.gʌ.je.jo]
프랑스 로맨스,7,[pʰɯ.ɾaŋ.sɯ.ɾo.mɛn.sɯ],[pʰɯ.ɾaŋ.sɯ.ɾo.mɛn.sɯ]
프랑스 로맨스 문학을 읽고,7,[pʰɯ.ɾaŋ.sɯ.ɾo.mɛn.sɯ.mun.hak̚.ɯl.ik̚.ko],[pʰɯ.ɾaŋ.sɯ.ɾo.mɛn.sɯ.mun.hak̚.ɯl.ik̚.ko]
프랑스 로맨스 문학을,7,[pʰɯ.ɾaŋ.sɯ.ɾo.mɛn.sɯ.mun.hak̚.ɯl],[pʰɯ.ɾaŋ.sɯ.ɾo.mɛn.sɯ.mun.hak̚.ɯl]
햇빛을 볼 수,7,[hɛt̚.pit̚.ɯl.pol.su],[hɛt̚.pit̚.ɯl.bol.su]
햇빛을 볼,7,[hɛt̚.pit̚.ɯl.pol],[hɛt̚.pit̚.ɯl.bol]
프랑스 왕은,7,[pʰɯ.ɾaŋ.sɯ.waŋ.ɯn],[pʰɯ.ɾaŋ.sɯ.waŋ.ɯn]
방해하는 사람은 누구든,7,[paŋ.hɛ.ha.nɯn.sa.ɾam.ɯn.nu.ku.tɯn],[baŋ.hɛ.ha.nɯn.sa.ɾam.ɯn.nu.gu.dɯn]
프랑스도 어느 정도,7,[pʰɯ.ɾaŋ.sɯ.to.ʌ.nɯ.tʃʌŋ.to],[pʰɯ.ɾaŋ.sɯ.do.ʌ.nɯ.dʒʌŋ.do]
프랑스도 어느 정도 섞인,7,[pʰɯ.ɾaŋ.sɯ.to.ʌ.nɯ.tʃʌŋ.to.sʌk̚.in],[pʰɯ.ɾaŋ.sɯ.do.ʌ.nɯ.dʒʌŋ.do.sʌk̚.in]
프랑스도 어느,7,[pʰɯ.ɾaŋ.sɯ.to.ʌ.nɯ],[pʰɯ.ɾaŋ.sɯ.do.ʌ.nɯ]
방해하러 온,7,[paŋ.hɛ.ha.ɾʌ.on],[baŋ.hɛ.ha.ɾʌ.on]
방해하려는 건 아니지만,7,[paŋ.hɛ.ha.ɾjʌ.nɯŋ.kʌn.a.ni.tʃi.man],[baŋ.hɛ.ha.ɾjʌ.nɯn.gʌn.a.ni.dʒi.man]
프랑스에 가서,7,[pʰɯ.ɾaŋ.sɯ.e.ka.sʌ],[pʰɯ.ɾaŋ.sɯ.e.ga.sʌ]
방해하려던 건 아니야,7,[paŋ.hɛ.ha.ɾjʌ.tʌŋ.kʌn.a.ni.ja],[baŋ.hɛ.ha.ɾjʌ.dʌn.gʌn.a.ni.ja]
프랑스인이잖아 물건,7,[pʰɯ.ɾaŋ.sɯ.in.i.tʃan.a.mul.kʌn],[pʰɯ.ɾaŋ.sɯ.in.i.dʒan.a.mul.kʌn]
프랑스인이잖아 물건 사러 잠시,7,[pʰɯ.ɾaŋ.sɯ.in.i.tʃan.a.mul.kʌn.sa.ɾʌ.tʃam.si],[pʰɯ.ɾaŋ.sɯ.in.i.dʒan.a.mul.kʌn.sa.ɾʌ.dʒam.si]
프랑스인이잖아 물건 사러,7,[pʰɯ.ɾaŋ.sɯ.in.i.tʃan.a.mul.kʌn.sa.ɾʌ],[pʰɯ.ɾaŋ.sɯ.in.i.dʒan.a.mul.kʌn.sa.ɾʌ]
프랑코 장군,7,[pʰɯ.ɾaŋ.kʰo.tʃaŋ.kun],[pʰɯ.ɾaŋ.kʰo.dʒaŋ.gun]
방해하려던 게,7,[paŋ.hɛ.ha.ɾjʌ.tʌŋ.ke],[baŋ.hɛ.ha.ɾjʌ.dʌn.ge]
프랜시스 개리,7,[pʰɯ.ɾɛn.si.sɯ.kɛ.ɾi],[pʰɯ.ɾɛn.si.sɯ.gɛ.ɾi]
프랜시스 성자님,7,[pʰɯ.ɾɛn.si.sɯ.sʌŋ.tʃa.nim],[pʰɯ.ɾɛn.si.sɯ.sʌŋ.dʒa.nim]
프랜시스 내,7,[pʰɯ.ɾɛn.si.sɯ.nɛ],[pʰɯ.ɾɛn.si.sɯ.nɛ]
가능성이 있으며,7,[ka.nɯŋ.sʌŋ.i.it̚.ɯ.mjʌ],[ga.nɯŋ.sʌŋ.i.it̚.ɯ.mjʌ]
내가 맡도록,7,[nɛ.ka.mat̚.to.ɾok̚],[nɛ.ga.mat̚.to.ɾok̚]
프랭크 갤러거가,7,[pʰɯ.ɾɛŋ.kʰɯ.kɛl.ɾʌ.kʌ.ka],[pʰɯ.ɾɛŋ.kʰɯ.gɛl.ɾʌ.gʌ.ga]
프랭크 괜찮아,7,[pʰɯ.ɾɛŋ.kʰɯ.kwɛn.tʃʰan.a],[pʰɯ.ɾɛŋ.kʰɯ.gwɛn.tʃʰan.a]
프랭크 그건,7,[pʰɯ.ɾɛŋ.kʰɯ.kɯ.kʌn],[pʰɯ.ɾɛŋ.kʰɯ.gɯ.gʌn]
프랭크 그게,7,[pʰɯ.ɾɛŋ.kʰɯ.kɯ.ke],[pʰɯ.ɾɛŋ.kʰɯ.gɯ.ge]
방해하지 말라는,7,[paŋ.hɛ.ha.tʃi.mal.ɾa.nɯn],[baŋ.hɛ.ha.dʒi.mal.ɾa.nɯn]
했거나 다른,7,[hɛt̚.kʌ.na.ta.ɾɯn],[hɛt̚.kʌ.na.da.ɾɯn]
방해하지 않고,7,[paŋ.hɛ.ha.tʃi.aŋ.ko],[baŋ.hɛ.ha.dʒi.aŋ.ko]
내 대사야,7,[nɛ.tɛ.sa.ja],[nɛ.dɛ.sa.ja]
프랭크 사이드보텀,7,[pʰɯ.ɾɛŋ.kʰɯ.sa.i.tɯ.po.tʰʌm],[pʰɯ.ɾɛŋ.kʰɯ.sa.i.dɯ.bo.tʰʌm]
봉쇄하라고 해,7,[poŋ.swɛ.ha.ɾa.ko.hɛ],[boŋ.swɛ.ha.ɾa.go.hɛ]
방해한 건 아니지,7,[paŋ.hɛ.haŋ.kʌn.a.ni.tʃi],[baŋ.hɛ.han.gʌn.a.ni.dʒi]
프랭크 왜,7,[pʰɯ.ɾɛŋ.kʰɯ.wɛ],[pʰɯ.ɾɛŋ.kʰɯ.wɛ]
프랭크 이건,7,[pʰɯ.ɾɛŋ.kʰɯ.i.kʌn],[pʰɯ.ɾɛŋ.kʰɯ.i.gʌn]
했거든 왜,7,[hɛt̚.kʌ.tɯn.wɛ],[hɛt̚.kʌ.dɯn.wɛ]
프랭크 전,7,[pʰɯ.ɾɛŋ.kʰɯ.tʃʌn],[pʰɯ.ɾɛŋ.kʰɯ.dʒʌn]
프랭크 지금,7,[pʰɯ.ɾɛŋ.kʰɯ.tʃi.kɯm],[pʰɯ.ɾɛŋ.kʰɯ.dʒi.gɯm]
only Danny,7,,
봉순의 난처한 신음,7,[poŋ.sun.ɯi.nan.tʃʰʌ.han.sin.ɯm],[boŋ.sun.ɯi.nan.tʃʰʌ.han.sin.ɯm]
프랭크가 왜,7,[pʰɯ.ɾɛŋ.kʰɯ.ka.wɛ],[pʰɯ.ɾɛŋ.kʰɯ.ga.wɛ]
프랭크랑 같이,7,[pʰɯ.ɾɛŋ.kʰɯ.ɾaŋ.kat̚.i],[pʰɯ.ɾɛŋ.kʰɯ.ɾaŋ.gat̚.i]
내 덕분이라고,7,[nɛ.tʌk̚.pun.i.ɾa.ko],[nɛ.dʌk̚.pun.i.ɾa.go]
방해할 수는,7,[paŋ.hɛ.hal.su.nɯn],[baŋ.hɛ.hal.su.nɯn]
했거든요 왜,7,[hɛt̚.kʌ.tɯn.jo.wɛ],[hɛt̚.kʌ.dɯn.jo.wɛ]
방해할 수도 있어,7,[paŋ.hɛ.hal.su.to.it̚.ʌ],[baŋ.hɛ.hal.su.do.it̚.ʌ]
프레드 존슨이,7,[pʰɯ.ɾe.tɯ.tʃon.sɯn.i],[pʰɯ.ɾe.dɯ.dʒon.sɯn.i]
프레드 커비와,7,[pʰɯ.ɾe.tɯ.kʰʌ.pi.wa],[pʰɯ.ɾe.dɯ.kʰʌ.bi.wa]
프레드 프레드,7,[pʰɯ.ɾe.tɯ.pʰɯ.ɾe.tɯ],[pʰɯ.ɾe.dɯ.pʰɯ.ɾe.dɯ]
프레드 헤이즐우드,7,[pʰɯ.ɾe.tɯ.he.i.tʃɯl.u.tɯ],[pʰɯ.ɾe.dɯ.he.i.dʒɯl.u.dɯ]
고문할 겁니다,7,[ko.mun.hal.kʌp̚.ni.ta],[go.mun.hal.gʌp̚.ni.da]
프레야 팅글리,7,[pʰɯ.ɾe.ja.tʰiŋ.kɯl.ɾi],[pʰɯ.ɾe.ja.tʰiŋ.gɯl.ɾi]
했겠지 근데,7,[hɛt̚.ket̚.tʃi.kɯn.te],[hɛt̚.ket̚.tʃi.gɯn.te]
감사합니다 선장님,7,[kam.sa.hap̚.ni.ta.sʌn.tʃaŋ.nim],[gam.sa.hap̚.ni.da.sʌn.tʃaŋ.nim]
내 데이트가,7,[nɛ.te.i.tʰɯ.ka],[nɛ.de.i.tʰɯ.ga]
프로 농구,7,[pʰɯ.ɾo.noŋ.ku],[pʰɯ.ɾo.noŋ.gu]
방향에 대해,7,[paŋ.hjaŋ.e.tɛ.hɛ],[baŋ.hjaŋ.e.dɛ.hɛ]
프로가 될,7,[pʰɯ.ɾo.ka.twel],[pʰɯ.ɾo.ga.dwel]
프로그램 같은,7,[pʰɯ.ɾo.kɯ.ɾɛm.kat̚.ɯn],[pʰɯ.ɾo.gɯ.ɾɛm.gat̚.ɯn]
프로그램 된,7,[pʰɯ.ɾo.kɯ.ɾɛn.twen],[pʰɯ.ɾo.gɯ.ɾɛm.dwen]
프로그램도 있어요,7,[pʰɯ.ɾo.kɯ.ɾɛn.to.it̚.ʌ.jo],[pʰɯ.ɾo.gɯ.ɾɛn.to.it̚.ʌ.jo]
방향으로 가야 할지,7,[paŋ.hjaŋ.ɯ.ɾo.ka.ja.hal.tʃi],[baŋ.hjaŋ.ɯ.ɾo.ga.ja.hal.tʃi]
프로그램에 넣어,7,[pʰɯ.ɾo.kɯ.ɾɛm.e.nʌt̚.ʌ],[pʰɯ.ɾo.gɯ.ɾɛm.e.nʌt̚.ʌ]
고민 같은,7,[ko.miŋ.kat̚.ɯn],[go.min.gat̚.ɯn]
이것을 알아낼,7,[i.kʌt̚.ɯl.al.a.nɛl],[i.gʌt̚.ɯl.al.a.nɛl]
프로그램은 정보원으로,7,[pʰɯ.ɾo.kɯ.ɾɛm.ɯn.tʃʌm.po.wʌn.ɯ.ɾo],[pʰɯ.ɾo.gɯ.ɾɛm.ɯn.dʒʌŋ.bo.wʌn.ɯ.ɾo]
프로그램은 정보원으로 활동한 찰스,7,[pʰɯ.ɾo.kɯ.ɾɛm.ɯn.tʃʌm.po.wʌn.ɯ.ɾo.hwal.toŋ.han.tʃʰal.sɯ],[pʰɯ.ɾo.gɯ.ɾɛm.ɯn.dʒʌŋ.bo.wʌn.ɯ.ɾo.hwal.toŋ.han.tʃʰal.sɯ]
프로그램은 정보원으로 활동한,7,[pʰɯ.ɾo.kɯ.ɾɛm.ɯn.tʃʌm.po.wʌn.ɯ.ɾo.hwal.toŋ.han],[pʰɯ.ɾo.gɯ.ɾɛm.ɯn.dʒʌŋ.bo.wʌn.ɯ.ɾo.hwal.toŋ.han]
고민 상담을,7,[ko.min.saŋ.tam.ɯl],[go.min.saŋ.dam.ɯl]
내 도움을 필요로,7,[nɛ.to.um.ɯl.pʰil.jo.ɾo],[nɛ.do.um.ɯl.pʰil.jo.ɾo]
했고 밤 수영할 때,7,[hɛt̚.ko.pam.su.jʌŋ.hal.t͈ɛ],[hɛt̚.ko.bam.su.jʌŋ.hal.t͈ɛ]
했고 밤 수영할,7,[hɛt̚.ko.pam.su.jʌŋ.hal],[hɛt̚.ko.bam.su.jʌŋ.hal]
프로젝트 마그넷이,7,[pʰɯ.ɾo.tʃek̚.tʰɯ.ma.kɯ.net̚.i],[pʰɯ.ɾo.dʒek̚.tʰɯ.ma.gɯ.net̚.i]
내가 머리가,7,[nɛ.ka.mʌ.ɾi.ka],[nɛ.ga.mʌ.ɾi.ga]
했고 오늘,7,[hɛt̚.ko.o.nɯl],[hɛt̚.ko.o.nɯl]
했고 우리는,7,[hɛt̚.ko.u.ɾi.nɯn],[hɛt̚.ko.u.ɾi.nɯn]
봉투 안에는,7,[poŋ.tʰu.an.e.nɯn],[boŋ.tʰu.an.e.nɯn]
프로젝트를 위한,7,[pʰɯ.ɾo.tʃek̚.tʰɯ.ɾɯl.wi.han],[pʰɯ.ɾo.dʒek̚.tʰɯ.ɾɯl.wi.han]
했고 이름도,7,[hɛt̚.ko.i.ɾɯn.to],[hɛt̚.ko.i.ɾɯn.to]
only be opened,7,,
프로토콜에 대해,7,[pʰɯ.ɾo.tʰo.kʰol.e.tɛ.hɛ],[pʰɯ.ɾo.tʰo.kʰol.e.dɛ.hɛ]
고민 중이다,7,[ko.min.tʃuŋ.i.ta],[go.min.dʒuŋ.i.da]
프로파일에 따르면,7,[pʰɯ.ɾo.pʰa.il.e.t͈a.ɾɯ.mjʌn],[pʰɯ.ɾo.pʰa.il.e.t͈a.ɾɯ.mjʌn]
했고요 그건,7,[hɛt̚.ko.jo.kɯ.kʌn],[hɛt̚.ko.jo.gɯ.gʌn]
배 고프니,7,[pɛ.ko.pʰɯ.ni],[bɛ.go.pʰɯ.ni]
프로필 사진으로,7,[pʰɯ.ɾo.pʰil.sa.tʃin.ɯ.ɾo],[pʰɯ.ɾo.pʰil.sa.dʒin.ɯ.ɾo]
프로필 사진이,7,[pʰɯ.ɾo.pʰil.sa.tʃin.i],[pʰɯ.ɾo.pʰil.sa.dʒin.i]
배 놔라,7,[pɛ.nwa.ɾa],[bɛ.nwa.ɾa]
프론트 데스크에,7,[pʰɯ.ɾon.tʰɯ.te.sɯ.kʰɯ.e],[pʰɯ.ɾon.tʰɯ.de.sɯ.kʰɯ.e]
배 돌려요,7,[pɛ.tol.ɾjʌ.jo],[bɛ.dol.ɾjʌ.jo]
했고요 난,7,[hɛt̚.ko.jo.nan],[hɛt̚.ko.jo.nan]
했고요 내가,7,[hɛt̚.ko.jo.nɛ.ka],[hɛt̚.ko.jo.nɛ.ga]
고민 중인데,7,[ko.min.tʃuŋ.in.te],[go.min.dʒuŋ.in.te]
프릭 씨,7,[pʰɯ.ɾik̚.s͈i],[pʰɯ.ɾik̚.s͈i]
프린세스 캐럴린이야,7,[pʰɯ.ɾin.se.sɯ.kʰɛ.ɾʌl.ɾin.i.ja],[pʰɯ.ɾin.se.sɯ.kʰɛ.ɾʌl.ɾin.i.ja]
했군 좋아 교수님,7,[hɛt̚.kun.tʃot̚.a.kjo.su.nim],[hɛt̚.kun.dʒot̚.a.gjo.su.nim]
only be opened by,7,,
배 세,7,[pɛ.se],[bɛ.se]
플라스틱 용기에,7,[pʰɯl.ɾa.sɯ.tʰik̚.joŋ.ki.e],[pʰɯl.ɾa.sɯ.tʰik̚.joŋ.gi.e]
했길 바라요,7,[hɛt̚.kil.pa.ɾa.jo],[hɛt̚.kil.ba.ɾa.jo]
했길래 이런,7,[hɛt̚.kil.ɾɛ.i.ɾʌn],[hɛt̚.kil.ɾɛ.i.ɾʌn]
플래시 드라이브에,7,[pʰɯl.ɾɛ.si.tɯ.ɾa.i.pɯ.e],[pʰɯl.ɾɛ.si.dɯ.ɾa.i.bɯ.e]
플래시 지난 이야기,7,[pʰɯl.ɾɛ.si.tʃi.nan.i.ja.ki],[pʰɯl.ɾɛ.si.dʒi.nan.i.ja.gi]
플래시 지난,7,[pʰɯl.ɾɛ.si.tʃi.nan],[pʰɯl.ɾɛ.si.dʒi.nan]
플래시가 되기,7,[pʰɯl.ɾɛ.si.ka.twe.ki],[pʰɯl.ɾɛ.si.ga.dwe.gi]
플래시가 된,7,[pʰɯl.ɾɛ.si.ka.twen],[pʰɯl.ɾɛ.si.ga.dwen]
이것이 어떻게 가능한 걸까요,7,[i.kʌt̚.i.ʌ.t͈ʌt̚.ke.ka.nɯŋ.haŋ.kʌl.k͈a.jo],[i.gʌt̚.i.ʌ.t͈ʌt̚.ke.ga.nɯŋ.han.gʌl.k͈a.jo]
떠난 후로는,7,[t͈ʌ.nan.hu.ɾo.nɯn],[t͈ʌ.nan.hu.ɾo.nɯn]
했네 그래,7,[hɛt̚.ne.kɯ.ɾɛ],[hɛt̚.ne.gɯ.ɾɛ]
했네 네가,7,[hɛt̚.ne.ne.ka],[hɛt̚.ne.ne.ga]
배 안 고프세요,7,[pɛ.aŋ.ko.pʰɯ.se.jo],[bɛ.an.go.pʰɯ.se.jo]
했네 무슨,7,[hɛt̚.ne.mu.sɯn],[hɛt̚.ne.mu.sɯn]
강도 하나,7,[kaŋ.to.ha.na],[gaŋ.do.ha.na]
봐 가스,7,[pwa.ka.sɯ],[bwa.ga.sɯ]
했네 하지만,7,[hɛt̚.ne.ha.tʃi.man],[hɛt̚.ne.ha.dʒi.man]
고민하고 있는,7,[ko.min.ha.ko.it̚.nɯn],[go.min.ha.go.it̚.nɯn]
강도 행각을,7,[kaŋ.to.hɛŋ.kak̚.ɯl],[gaŋ.do.hɛŋ.gak̚.ɯl]
플랜 B로,7,[pʰɯl.ɾɛl.lo],[pʰɯl.ɾɛl.lo]
플레쉬 앤,7,[pʰɯl.ɾe.swi.ɛn],[pʰɯl.ɾe.swi.ɛn]
플레쉬 앤 본,7,[pʰɯl.ɾe.swi.ɛm.pon],[pʰɯl.ɾe.swi.ɛn.bon]
내 돈을 훔치고,7,[nɛ.ton.ɯl.hun.tʃʰi.ko],[nɛ.don.ɯl.hun.tʃʰi.go]
내가 먼,7,[nɛ.ka.mʌn],[nɛ.ga.mʌn]
배 쪽으로,7,[pɛ.tʃ͈ok̚.ɯ.ɾo],[bɛ.tʃ͈ok̚.ɯ.ɾo]
배 터질,7,[pɛ.tʰʌ.tʃil],[bɛ.tʰʌ.dʒil]
플로레스 씨를,7,[pʰɯl.ɾo.ɾe.sɯ.s͈i.ɾɯl],[pʰɯl.ɾo.ɾe.sɯ.s͈i.ɾɯl]
했는데 거의,7,[hɛt̚.nɯn.te.kʌ.ɯi],[hɛt̚.nɯn.te.gʌ.ɯi]
배 한 척,7,[pɛ.han.tʃʰʌk̚],[bɛ.han.tʃʰʌk̚]
내 동기가,7,[nɛ.toŋ.ki.ka],[nɛ.doŋ.gi.ga]
했는데 곧,7,[hɛt̚.nɯn.te.kot̚],[hɛt̚.nɯn.te.got̚]
플로릭 부인,7,[pʰɯl.ɾo.ɾik̚.pu.in],[pʰɯl.ɾo.ɾik̚.bu.in]
고민하는 기사에,7,[ko.min.ha.nɯŋ.ki.sa.e],[go.min.ha.nɯn.gi.sa.e]
배가 고파도,7,[pɛ.ka.ko.pʰa.to],[bɛ.ga.go.pʰa.do]
고민하는 기사에 대한,7,[ko.min.ha.nɯŋ.ki.sa.e.tɛ.han],[go.min.ha.nɯn.gi.sa.e.dɛ.han]
배가 고파서 그래,7,[pɛ.ka.ko.pʰa.sʌ.kɯ.ɾɛ],[bɛ.ga.go.pʰa.sʌ.gɯ.ɾɛ]
플린은 왜,7,[pʰɯl.ɾin.ɯn.wɛ],[pʰɯl.ɾin.ɯn.wɛ]
플린트 선장을,7,[pʰɯl.ɾin.tʰɯ.sʌn.tʃaŋ.ɯl],[pʰɯl.ɾin.tʰɯ.sʌn.tʃaŋ.ɯl]
플린트컴 농원,7,[pʰɯl.ɾin.tʰɯ.kʰʌm.noŋ.wʌn],[pʰɯl.ɾin.tʰɯ.kʰʌm.noŋ.wʌn]
배가 고팠을,7,[pɛ.ka.ko.pʰat̚.ɯl],[bɛ.ga.go.pʰat̚.ɯl]
배가 고프거든,7,[pɛ.ka.ko.pʰɯ.kʌ.tɯn],[bɛ.ga.go.pʰɯ.gʌ.dɯn]
고민하는 숨을,7,[ko.min.ha.nɯn.sum.ɯl],[go.min.ha.nɯn.sum.ɯl]
고민하는 기사에 대한 이야기,7,[ko.min.ha.nɯŋ.ki.sa.e.tɛ.han.i.ja.ki],[go.min.ha.nɯn.gi.sa.e.dɛ.han.i.ja.gi]
피 난,7,[pʰi.nan],[pʰi.nan]
피 냄새가 나,7,[pʰi.nɛm.sɛ.ka.na],[pʰi.nɛm.sɛ.ga.na]
고민하지 말고,7,[ko.min.ha.tʃi.mal.ko],[go.min.ha.dʒi.mal.ko]
배가 고픕니다,7,[pɛ.ka.ko.pʰɯp̚.ni.ta],[bɛ.ga.go.pʰɯp̚.ni.da]
피 보고,7,[pʰi.po.ko],[pʰi.bo.go]
고민하지 않아도,7,[ko.min.ha.tʃi.an.a.to],[go.min.ha.dʒi.an.a.do]
봐 걱정됐어요,7,[pwa.kʌk̚.tʃʌŋ.twɛt̚.ʌ.jo],[bwa.gʌk̚.tʃʌŋ.dwɛt̚.ʌ.jo]
피 볼,7,[pʰi.pol],[pʰi.bol]
배가 너무 고파,7,[pɛ.ka.nʌ.mu.ko.pʰa],[bɛ.ga.nʌ.mu.go.pʰa]
배가 너무 고파서요,7,[pɛ.ka.nʌ.mu.ko.pʰa.sʌ.jo],[bɛ.ga.nʌ.mu.go.pʰa.sʌ.jo]
배가 들어오면,7,[pɛ.ka.tɯl.ʌ.o.mjʌn],[bɛ.ga.dɯl.ʌ.o.mjʌn]
피 흘리고 있어,7,[pʰi.hɯl.ɾi.ko.it̚.ʌ],[pʰi.hɯl.ɾi.go.it̚.ʌ]
감사합니다 아직도,7,[kam.sa.hap̚.ni.ta.a.tʃik̚.to],[gam.sa.hap̚.ni.da.a.dʒik̚.to]
피 흘리면,7,[pʰi.hɯl.ɾi.mjʌn],[pʰi.hɯl.ɾi.mjʌn]
피 흘리지,7,[pʰi.hɯl.ɾi.tʃi],[pʰi.hɯl.ɾi.dʒi]
배가 불러,7,[pɛ.ka.pul.ɾʌ],[bɛ.ga.bul.ɾʌ]
배가 부를,7,[pɛ.ka.pu.ɾɯl],[bɛ.ga.bu.ɾɯl]
고민해 보고,7,[ko.min.hɛ.po.ko],[go.min.hɛ.bo.go]
피가 나기,7,[pʰi.ka.na.ki],[pʰi.ga.na.gi]
내 동생에 대해,7,[nɛ.toŋ.sɛŋ.e.tɛ.hɛ],[nɛ.doŋ.sɛŋ.e.dɛ.hɛ]
피가 나도,7,[pʰi.ka.na.to],[pʰi.ga.na.do]
고민해 볼게요,7,[ko.min.hɛ.pol.ke.jo],[go.min.hɛ.bol.ke.jo]
배가 안 고파서요,7,[pɛ.ka.aŋ.ko.pʰa.sʌ.jo],[bɛ.ga.an.go.pʰa.sʌ.jo]
했는데 대답이,7,[hɛt̚.nɯn.te.tɛ.tap̚.i],[hɛt̚.nɯn.te.dɛ.dap̚.i]
피가 났어,7,[pʰi.ka.nat̚.ʌ],[pʰi.ga.nat̚.ʌ]
배가 안 고픈,7,[pɛ.ka.aŋ.ko.pʰɯn],[bɛ.ga.an.go.pʰɯn]
피가 많이 나,7,[pʰi.ka.man.i.na],[pʰi.ga.man.i.na]
피가 머리로,7,[pʰi.ka.mʌ.ɾi.ɾo],[pʰi.ga.mʌ.ɾi.ɾo]
배가 침몰할,7,[pɛ.ka.tʃʰim.mol.hal],[bɛ.ga.tʃʰim.mol.hal]
배가 터질,7,[pɛ.ka.tʰʌ.tʃil],[bɛ.ga.tʰʌ.dʒil]
피가 묻어있다,7,[pʰi.ka.mut̚.ʌ.it̚.ta],[pʰi.ga.mut̚.ʌ.it̚.ta]
피가 묻었다,7,[pʰi.ka.mut̚.ʌt̚.ta],[pʰi.ga.mut̚.ʌt̚.ta]
피가 묻었잖아,7,[pʰi.ka.mut̚.ʌt̚.tʃan.a],[pʰi.ga.mut̚.ʌt̚.tʃan.a]
피가 새어,7,[pʰi.ka.sɛ.ʌ],[pʰi.ga.sɛ.ʌ]
봐 고개,7,[pwa.ko.kɛ],[bwa.go.gɛ]
피가 아직,7,[pʰi.ka.a.tʃik̚],[pʰi.ga.a.dʒik̚]
배경 정보,7,[pɛ.kjʌŋ.tʃʌm.po],[bɛ.gjʌŋ.dʒʌŋ.bo]
river to pray,7,,
피가 없어,7,[pʰi.ka.ʌp̚.ʌ],[pʰi.ga.ʌp̚.ʌ]
피가 엄청 많았어요,7,[pʰi.ka.ʌn.tʃʰʌŋ.man.at̚.ʌ.jo],[pʰi.ga.ʌn.tʃʰʌŋ.man.at̚.ʌ.jo]
내 동생이고 난,7,[nɛ.toŋ.sɛŋ.i.ko.nan],[nɛ.doŋ.sɛŋ.i.go.nan]
배고파 나,7,[pɛ.ko.pʰa.na],[bɛ.go.pʰa.na]
내 동생이나,7,[nɛ.toŋ.sɛŋ.i.na],[nɛ.doŋ.sɛŋ.i.na]
했는데 늘,7,[hɛt̚.nɯn.te.nɯl],[hɛt̚.nɯn.te.nɯl]
피가 흘러서,7,[pʰi.ka.hɯl.ɾʌ.sʌ],[pʰi.ga.hɯl.ɾʌ.sʌ]
피가 흥건했어요,7,[pʰi.ka.hɯŋ.kʌn.hɛt̚.ʌ.jo],[pʰi.ga.hɯŋ.gʌn.hɛt̚.ʌ.jo]
피고 올게요,7,[pʰi.ko.ol.ke.jo],[pʰi.go.ol.ke.jo]
피고 측 변호인은,7,[pʰi.ko.tʃʰɯk̚.pjʌn.ho.in.ɯn],[pʰi.go.tʃʰɯk̚.bjʌn.ho.in.ɯn]
봐 그 사람,7,[pwa.kɯ.sa.ɾam],[bwa.gɯ.sa.ɾam]
배고파서 그래요,7,[pɛ.ko.pʰa.sʌ.kɯ.ɾɛ.jo],[bɛ.go.pʰa.sʌ.gɯ.ɾɛ.jo]
배고프니까 빨리,7,[pɛ.ko.pʰɯ.ni.k͈a.p͈al.ɾi],[bɛ.go.pʰɯ.ni.k͈a.p͈al.ɾi]
했는데 생각을,7,[hɛt̚.nɯn.te.sɛŋ.kak̚.ɯl],[hɛt̚.nɯn.te.sɛŋ.gak̚.ɯl]
피고인에 대한,7,[pʰi.ko.in.e.tɛ.han],[pʰi.go.in.e.dɛ.han]
피곤하게 하지,7,[pʰi.kon.ha.ke.ha.tʃi],[pʰi.gon.ha.ge.ha.dʒi]
배고프신 분,7,[pɛ.ko.pʰɯ.sim.pun],[bɛ.go.pʰɯ.sin.bun]
이게 기회일,7,[i.ke.ki.hwe.il],[i.ge.gi.hwe.il]
고백 하나,7,[ko.pɛk̚.ha.na],[go.bɛk̚.ha.na]
피곤하지 않아요,7,[pʰi.kon.ha.tʃi.an.a.jo],[pʰi.gon.ha.dʒi.an.a.jo]
배고픈 거야,7,[pɛ.ko.pʰɯŋ.kʌ.ja],[bɛ.go.pʰɯn.gʌ.ja]
내 동생하고,7,[nɛ.toŋ.sɛŋ.ha.ko],[nɛ.doŋ.sɛŋ.ha.go]
피곤할 거예요,7,[pʰi.kon.hal.kʌ.je.jo],[pʰi.gon.hal.gʌ.je.jo]
고백 했어 안했어,7,[ko.pɛk̚.hɛt̚.ʌ.an.hɛt̚.ʌ],[go.bɛk̚.hɛt̚.ʌ.an.hɛt̚.ʌ]
고백 했어,7,[ko.pɛk̚.hɛt̚.ʌ],[go.bɛk̚.hɛt̚.ʌ]
피곤해 그냥,7,[pʰi.kon.hɛ.kɯ.njaŋ],[pʰi.gon.hɛ.gɯ.njaŋ]
배구 할 때,7,[pɛ.ku.hal.t͈ɛ],[bɛ.gu.hal.t͈ɛ]
배구 할,7,[pɛ.ku.hal],[bɛ.gu.hal]
감사합니다 앉으시죠,7,[kam.sa.hap̚.ni.ta.an.ɯ.si.tʃjo],[gam.sa.hap̚.ni.da.an.ɯ.si.dʒjo]
피곤해서 좀,7,[pʰi.kon.hɛ.sʌ.tʃom],[pʰi.gon.hɛ.sʌ.dʒom]
피곤해요 엘리오,7,[pʰi.kon.hɛ.jo.el.ɾi.o],[pʰi.gon.hɛ.jo.el.ɾi.o]
내 돼지,7,[nɛ.twɛ.tʃi],[nɛ.dwɛ.dʒi]
피난해 주십시오,7,[pʰi.nan.hɛ.tʃu.sip̚.si.o],[pʰi.nan.hɛ.dʒu.sip̚.si.o]
피넛 버터,7,[pʰi.nʌt̚.pʌ.tʰʌ],[pʰi.nʌt̚.bʌ.tʰʌ]
내 두 눈을,7,[nɛ.tu.nun.ɯl],[nɛ.du.nun.ɯl]
피네 아스,7,[pʰi.ne.a.sɯ],[pʰi.ne.a.sɯ]
했는데 여전히,7,[hɛt̚.nɯn.te.jʌ.tʃʌn.hi],[hɛt̚.nɯn.te.jʌ.dʒʌn.hi]
피는 걸,7,[pʰi.nɯŋ.kʌl],[pʰi.nɯn.gʌl]
배는 다,7,[pɛ.nɯn.ta],[bɛ.nɯn.da]
내가 메시지를,7,[nɛ.ka.me.si.tʃi.ɾɯl],[nɛ.ga.me.si.dʒi.ɾɯl]
고백하는 것과 죽는,7,[ko.pɛk̚.ha.nɯŋ.kʌt̚.kwa.tʃuk̚.nɯn],[go.bɛk̚.ha.nɯn.gʌt̚.kwa.dʒuk̚.nɯn]
했는데 요즘,7,[hɛt̚.nɯn.te.jo.tʃɯm],[hɛt̚.nɯn.te.jo.dʒɯm]
피는 절대,7,[pʰi.nɯn.tʃʌl.tɛ],[pʰi.nɯn.dʒʌl.tɛ]
피는 줄 몰랐는데 안,7,[pʰi.nɯn.tʃul.mol.ɾat̚.nɯn.te.an],[pʰi.nɯn.dʒul.mol.ɾat̚.nɯn.te.an]
배는 언제,7,[pɛ.nɯn.ʌn.tʃe],[bɛ.nɯn.ʌn.tʃe]
했는데 이거,7,[hɛt̚.nɯn.te.i.kʌ],[hɛt̚.nɯn.te.i.gʌ]
배는 지금,7,[pɛ.nɯn.tʃi.kɯm],[bɛ.nɯn.dʒi.gɯm]
감사합니다 어느,7,[kam.sa.hap̚.ni.ta.ʌ.nɯ],[gam.sa.hap̚.ni.da.ʌ.nɯ]
배다른 동생,7,[pɛ.ta.ɾɯn.toŋ.sɛŋ],[bɛ.da.ɾɯn.doŋ.sɛŋ]
배달 때문에,7,[pɛ.tal.t͈ɛ.mun.e],[bɛ.dal.t͈ɛ.mun.e]
배달 서비스,7,[pɛ.tal.sʌ.pi.sɯ],[bɛ.dal.sʌ.bi.sɯ]
피드백 기미갤,7,[pʰi.tɯ.pɛk̚.ki.mi.kɛl],[pʰi.dɯ.bɛk̚.gi.mi.gɛl]
only one that,7,,
가능성이 커져,7,[ka.nɯŋ.sʌŋ.i.kʰʌ.tʃjʌ],[ga.nɯŋ.sʌŋ.i.kʰʌ.dʒjʌ]
피라미드 같은,7,[pʰi.ɾa.mi.tɯ.kat̚.ɯn],[pʰi.ɾa.mi.dɯ.gat̚.ɯn]
과거의 우리가,7,[kwa.kʌ.ɯi.u.ɾi.ka],[gwa.gʌ.ɯi.u.ɾi.ga]
피로 가득,7,[pʰi.ɾo.ka.tɯk̚],[pʰi.ɾo.ga.dɯk̚]
피로 그,7,[pʰi.ɾo.kɯ],[pʰi.ɾo.gɯ]
내 뒤에 누가,7,[nɛ.twi.e.nu.ka],[nɛ.dwi.e.nu.ga]
피를 가져갔어,7,[pʰi.ɾɯl.ka.tʃjʌ.kat̚.ʌ],[pʰi.ɾɯl.ga.dʒjʌ.gat̚.ʌ]
배달을 하지,7,[pɛ.tal.ɯl.ha.tʃi],[bɛ.dal.ɯl.ha.dʒi]
배달이 안,7,[pɛ.tal.i.an],[bɛ.dal.i.an]
피를 내,7,[pʰi.ɾɯl.lɛ],[pʰi.ɾɯl.lɛ]
피를 뒤집어쓴,7,[pʰi.ɾɯl.twi.tʃip̚.ʌ.s͈ɯn],[pʰi.ɾɯl.dwi.dʒip̚.ʌ.s͈ɯn]
피를 많이 흘렸다,7,[pʰi.ɾɯl.man.i.hɯl.ɾjʌt̚.ta],[pʰi.ɾɯl.man.i.hɯl.ɾjʌt̚.ta]
피를 묻혀,7,[pʰi.ɾɯl.mut̚.hjʌ],[pʰi.ɾɯl.mut̚.hjʌ]
피를 보지,7,[pʰi.ɾɯl.po.tʃi],[pʰi.ɾɯl.bo.dʒi]
배드 플레이스에 가는,7,[pɛ.tɯ.pʰɯl.ɾe.i.sɯ.e.ka.nɯn],[bɛ.dɯ.pʰɯl.ɾe.i.sɯ.e.ga.nɯn]
피를 빨,7,[pʰi.ɾɯl.p͈al],[pʰi.ɾɯl.p͈al]
피를 뽑으면,7,[pʰi.ɾɯl.p͈op̚.ɯ.mjʌn],[pʰi.ɾɯl.p͈op̚.ɯ.mjʌn]
피를 뽑은,7,[pʰi.ɾɯl.p͈op̚.ɯn],[pʰi.ɾɯl.p͈op̚.ɯn]
과거의 일이야,7,[kwa.kʌ.ɯi.il.i.ja],[gwa.gʌ.ɯi.il.i.ja]
피를 얼마나,7,[pʰi.ɾɯl.ʌl.ma.na],[pʰi.ɾɯl.ʌl.ma.na]
지금 밥이,7,[tʃi.kɯm.pap̚.i],[dʒi.gɯm.bap̚.i]
내 등 뒤에,7,[nɛ.tɯŋ.twi.e],[nɛ.dɯŋ.dwi.e]
피를 잔뜩,7,[pʰi.ɾɯl.tʃan.t͈ɯk̚],[pʰi.ɾɯl.dʒan.t͈ɯk̚]
고백해야 될지,7,[ko.pɛk̚.hɛ.ja.twel.tʃi],[go.bɛk̚.hɛ.ja.dwel.tʃi]
고백해야 될지 죽어야,7,[ko.pɛk̚.hɛ.ja.twel.tʃi.tʃuk̚.ʌ.ja],[go.bɛk̚.hɛ.ja.dwel.tʃi.dʒuk̚.ʌ.ja]
배려심 있는,7,[pɛ.ɾjʌ.sim.it̚.nɯn],[bɛ.ɾjʌ.sim.it̚.nɯn]
했는데요 네,7,[hɛt̚.nɯn.te.jo.ne],[hɛt̚.nɯn.te.jo.ne]
피를 흘렸다고,7,[pʰi.ɾɯl.hɯl.ɾjʌt̚.ta.ko],[pʰi.ɾɯl.hɯl.ɾjʌt̚.ta.go]
봐 그렇다고,7,[pwa.kɯ.ɾʌt̚.ta.ko],[bwa.gɯ.ɾʌt̚.ta.go]
근데 설마,7,[kɯn.te.sʌl.ma],[gɯn.te.sʌl.ma]
문제야 다른,7,[mun.tʃe.ja.ta.ɾɯn],[mun.tʃe.ja.da.ɾɯn]
피를 흘리게 할,7,[pʰi.ɾɯl.hɯl.ɾi.ke.hal],[pʰi.ɾɯl.hɯl.ɾi.ge.hal]
고백해야 할,7,[ko.pɛk̚.hɛ.ja.hal],[go.bɛk̚.hɛ.ja.hal]
봐 그렇군,7,[pwa.kɯ.ɾʌt̚.kun],[bwa.gɯ.ɾʌt̚.kun]
배로 늘었어,7,[pɛ.ɾo.nɯl.ʌt̚.ʌ],[bɛ.ɾo.nɯl.ʌt̚.ʌ]
피를 흘리다,7,[pʰi.ɾɯl.hɯl.ɾi.ta],[pʰi.ɾɯl.hɯl.ɾi.da]
배로 돌아갈,7,[pɛ.ɾo.tol.a.kal],[bɛ.ɾo.dol.a.gal]
고백했을 때,7,[ko.pɛk̚.hɛt̚.ɯl.t͈ɛ],[go.bɛk̚.hɛt̚.ɯl.t͈ɛ]
배로 불려,7,[pɛ.ɾo.pul.ɾjʌ],[bɛ.ɾo.bul.ɾjʌ]
내 딴엔,7,[nɛ.t͈an.en],[nɛ.t͈an.en]
피를 흘릴 수,7,[pʰi.ɾɯl.hɯl.ɾil.su],[pʰi.ɾɯl.hɯl.ɾil.su]
Bit of a,7,,
내 딸 내,7,[nɛ.t͈al.lɛ],[nɛ.t͈al.lɛ]
내가 몇 살,7,[nɛ.ka.mjʌt̚.sal],[nɛ.ga.mjʌt̚.sal]
피범벅이 되어,7,[pʰi.pʌm.pʌk̚.i.twe.ʌ],[pʰi.bʌm.pʌk̚.i.dwe.ʌ]
했는지 궁금해,7,[hɛt̚.nɯn.tʃi.kuŋ.kɯm.hɛ],[hɛt̚.nɯn.tʃi.guŋ.gɯm.hɛ]
피보디 부인,7,[pʰi.po.ti.pu.in],[pʰi.bo.di.bu.in]
배로 해,7,[pɛ.ɾo.hɛ],[bɛ.ɾo.hɛ]
배를 가른,7,[pɛ.ɾɯl.ka.ɾɯn],[bɛ.ɾɯl.ga.ɾɯn]
피부 아래에,7,[pʰi.pu.a.ɾɛ.e],[pʰi.bu.a.ɾɛ.e]
내 딸 앞에서,7,[nɛ.t͈al.ap̚.e.sʌ],[nɛ.t͈al.ap̚.e.sʌ]
내 딸 어디에,7,[nɛ.t͈al.ʌ.ti.e],[nɛ.t͈al.ʌ.di.e]
피부로 만든,7,[pʰi.pu.ɾo.man.tɯn],[pʰi.bu.ɾo.man.tɯn]
피부에 닿아,7,[pʰi.pu.e.tat̚.a],[pʰi.bu.e.dat̚.a]
했는지 말해요,7,[hɛt̚.nɯn.tʃi.mal.hɛ.jo],[hɛt̚.nɯn.tʃi.mal.hɛ.jo]
배를 버려,7,[pɛ.ɾɯl.pʌ.ɾjʌ],[bɛ.ɾɯl.bʌ.ɾjʌ]
피셔 양도,7,[pʰi.sjʌ.jaŋ.to],[pʰi.sjʌ.jaŋ.do]
감사합니다 여보,7,[kam.sa.hap̚.ni.ta.jʌ.po],[gam.sa.hap̚.ni.da.jʌ.bo]
배를 버릴,7,[pɛ.ɾɯl.pʌ.ɾil],[bɛ.ɾɯl.bʌ.ɾil]
피스를 만져,7,[pʰi.sɯ.ɾɯl.man.tʃjʌ],[pʰi.sɯ.ɾɯl.man.tʃjʌ]
피시 앤 칩스,7,[pʰi.si.ɛn.tʃʰip̚.sɯ],[pʰi.si.ɛn.tʃʰip̚.sɯ]
했는지 봤지,7,[hɛt̚.nɯn.tʃi.pwat̚.tʃi],[hɛt̚.nɯn.tʃi.bwat̚.tʃi]
감사합니다 연락,7,[kam.sa.hap̚.ni.ta.jʌl.lak̚],[gam.sa.hap̚.ni.da.jʌl.lak̚]
고상한 척하는,7,[ko.saŋ.han.tʃʰʌk̚.ha.nɯn],[go.saŋ.han.tʃʰʌk̚.ha.nɯn]
피아노 안,7,[pʰi.a.no.an],[pʰi.a.no.an]
피아노 연주를,7,[pʰi.a.no.jʌn.tʃu.ɾɯl],[pʰi.a.no.jʌn.tʃu.ɾɯl]
피아노 연주자가,7,[pʰi.a.no.jʌn.tʃu.tʃa.ka],[pʰi.a.no.jʌn.tʃu.dʒa.ga]
배를 채울 수,7,[pɛ.ɾɯl.tʃʰɛ.ul.su],[bɛ.ɾɯl.tʃʰɛ.ul.su]
피아베 전투는,7,[pʰi.a.pe.tʃʌn.tʰu.nɯn],[pʰi.a.be.dʒʌn.tʰu.nɯn]
피아베 전투도,7,[pʰi.a.pe.tʃʌn.tʰu.to],[pʰi.a.be.dʒʌn.tʰu.do]
피아베 전투도 들어본 적이,7,[pʰi.a.pe.tʃʌn.tʰu.to.tɯl.ʌ.pon.tʃʌk̚.i],[pʰi.a.be.dʒʌn.tʰu.do.dɯl.ʌ.bon.dʒʌk̚.i]
배를 타면,7,[pɛ.ɾɯl.tʰa.mjʌn],[bɛ.ɾɯl.tʰa.mjʌn]
피어나는 목숨이여 불타라,7,[pʰi.ʌ.na.nɯn.mok̚.sum.i.jʌ.pul.tʰa.ɾa],[pʰi.ʌ.na.nɯn.mok̚.sum.i.jʌ.bul.tʰa.ɾa]
피어라 前だけを見据えたなら 앞만을,7,[pʰi.ʌ.ɾa.ap̚.man.ɯl],[pʰi.ʌ.ɾa.ap̚.man.ɯl]
피어라 前だけを見据えたなら,7,[pʰi.ʌ.ɾa],[pʰi.ʌ.ɾa]
피어라 前だけを見据えたなら 앞만을 응시했다면,7,[pʰi.ʌ.ɾa.ap̚.man.ɯl.ɯŋ.si.hɛt̚.ta.mjʌn],[pʰi.ʌ.ɾa.ap̚.man.ɯl.ɯŋ.si.hɛt̚.ta.mjʌn]
배리 그,7,[pɛ.ɾi.kɯ],[bɛ.ɾi.gɯ]
내 딸에게 무슨 짓을,7,[nɛ.t͈al.e.ke.mu.sɯn.tʃit̚.ɯl],[nɛ.t͈al.e.ge.mu.sɯn.dʒit̚.ɯl]
배리 넌,7,[pɛ.ɾi.nʌn],[bɛ.ɾi.nʌn]
고생 많았지,7,[ko.sɛŋ.man.at̚.tʃi],[go.sɛŋ.man.at̚.tʃi]
봐 난 그런,7,[pwa.naŋ.kɯ.ɾʌn],[bwa.nan.gɯ.ɾʌn]
only saying,7,,
내가 모르게,7,[nɛ.ka.mo.ɾɯ.ke],[nɛ.ga.mo.ɾɯ.ge]
배리 왜,7,[pɛ.ɾi.wɛ],[bɛ.ɾi.wɛ]
내 딸을 내놔,7,[nɛ.t͈al.ɯl.lɛ.nwa],[nɛ.t͈al.ɯl.lɛ.nwa]
했는지 압니다,7,[hɛt̚.nɯn.tʃi.ap̚.ni.ta],[hɛt̚.nɯn.tʃi.ap̚.ni.da]
피우고 싶으면,7,[pʰi.u.ko.sip̚.ɯ.mjʌn],[pʰi.u.go.sip̚.ɯ.mjʌn]
피우곤 했지,7,[pʰi.u.kon.hɛt̚.tʃi],[pʰi.u.gon.hɛt̚.tʃi]
배부른 소리,7,[pɛ.pu.ɾɯn.so.ɾi],[bɛ.bu.ɾɯn.so.ɾi]
고생 좀 했죠,7,[ko.sɛŋ.tʃom.hɛt̚.tʃjo],[go.sɛŋ.dʒom.hɛt̚.tʃjo]
피우는 남자,7,[pʰi.u.nɯn.nan.tʃa],[pʰi.u.nɯn.nan.tʃa]
배불리 먹게,7,[pɛ.pul.ɾi.mʌk̚.ke],[bɛ.bul.ɾi.mʌk̚.ke]
피우는 사람이,7,[pʰi.u.nɯn.sa.ɾam.i],[pʰi.u.nɯn.sa.ɾam.i]
피우시면 안 돼요,7,[pʰi.u.si.mjʌn.an.twɛ.jo],[pʰi.u.si.mjʌn.an.dwɛ.jo]
걸 신경 쓰지,7,[kʌl.siŋ.kjʌŋ.s͈ɯ.tʃi],[gʌl.siŋ.kjʌŋ.s͈ɯ.dʒi]
피우지 마요,7,[pʰi.u.tʃi.ma.jo],[pʰi.u.dʒi.ma.jo]
배신 못,7,[pɛ.sin.mot̚],[bɛ.sin.mot̚]
배시시 웃는다,7,[pɛ.si.si.ut̚.nɯn.ta],[bɛ.si.si.ut̚.nɯn.ta]
내 딸을 죽이기로,7,[nɛ.t͈al.ɯl.tʃuk̚.i.ki.ɾo],[nɛ.t͈al.ɯl.dʒuk̚.i.gi.ɾo]
배신 안 해,7,[pɛ.sin.an.hɛ],[bɛ.sin.an.hɛ]
피울 거,7,[pʰi.ul.kʌ],[pʰi.ul.gʌ]
피운 적이,7,[pʰi.un.tʃʌk̚.i],[pʰi.un.dʒʌk̚.i]
감사합니다 완전히,7,[kam.sa.hap̚.ni.ta.wan.tʃʌn.hi],[gam.sa.hap̚.ni.da.wan.tʃʌn.hi]
배신의 대가는,7,[pɛ.sin.ɯi.tɛ.ka.nɯn],[bɛ.sin.ɯi.dɛ.ga.nɯn]
내 딸의 목숨을,7,[nɛ.t͈al.ɯi.mok̚.sum.ɯl],[nɛ.t͈al.ɯi.mok̚.sum.ɯl]
봐 내가 들렀다고 전해,7,[pwa.nɛ.ka.tɯl.ɾʌt̚.ta.ko.tʃʌn.hɛ],[bwa.nɛ.ga.dɯl.ɾʌt̚.ta.go.dʒʌn.hɛ]
피워야 해,7,[pʰi.wʌ.ja.hɛ],[pʰi.wʌ.ja.hɛ]
했다 그녀가,7,[hɛt̚.ta.kɯ.njʌ.ka],[hɛt̚.ta.gɯ.njʌ.ga]
했는지는 나도,7,[hɛt̚.nɯn.tʃi.nɯn.na.to],[hɛt̚.nɯn.tʃi.nɯn.na.do]
내 딸이 저,7,[nɛ.t͈al.i.tʃʌ],[nɛ.t͈al.i.dʒʌ]
배신하지 않습니다,7,[pɛ.sin.ha.tʃi.an.sɯp̚.ni.ta],[bɛ.sin.ha.dʒi.an.sɯp̚.ni.da]
봐 냄새가,7,[pwa.nɛm.sɛ.ka],[bwa.nɛm.sɛ.ga]
피자 어때,7,[pʰi.tʃa.ʌ.t͈ɛ],[pʰi.dʒa.ʌ.t͈ɛ]
감사합니다 우리는,7,[kam.sa.hap̚.ni.ta.u.ɾi.nɯn],[gam.sa.hap̚.ni.da.u.ɾi.nɯn]
고생을 해,7,[ko.sɛŋ.ɯl.hɛ],[go.sɛŋ.ɯl.hɛ]
피자 주문할,7,[pʰi.tʃa.tʃu.mun.hal],[pʰi.dʒa.dʒu.mun.hal]
고생을 해야,7,[ko.sɛŋ.ɯl.hɛ.ja],[go.sɛŋ.ɯl.hɛ.ja]
내 딸이라는,7,[nɛ.t͈al.i.ɾa.nɯn],[nɛ.t͈al.i.ɾa.nɯn]
했다 너희,7,[hɛt̚.ta.nʌ.hɯi],[hɛt̚.ta.nʌ.hɯi]
했다 당신의,7,[hɛt̚.ta.taŋ.sin.ɯi],[hɛt̚.ta.daŋ.sin.ɯi]
내 딸이야 내,7,[nɛ.t͈al.i.ja.nɛ],[nɛ.t͈al.i.ja.nɛ]
배신한 자를,7,[pɛ.sin.han.tʃa.ɾɯl],[bɛ.sin.han.dʒa.ɾɯl]
감사합니다 우리의,7,[kam.sa.hap̚.ni.ta.u.ɾi.ɯi],[gam.sa.hap̚.ni.da.u.ɾi.ɯi]
내 딸이었어,7,[nɛ.t͈al.i.ʌt̚.ʌ],[nɛ.t͈al.i.ʌt̚.ʌ]
내 딸이오,7,[nɛ.t͈al.i.o],[nɛ.t͈al.i.o]
감사합니다 의원님,7,[kam.sa.hap̚.ni.ta.ɯi.wʌn.nim],[gam.sa.hap̚.ni.da.ɯi.wʌn.nim]
배신할 수 없어요,7,[pɛ.sin.hal.su.ʌp̚.ʌ.jo],[bɛ.sin.hal.su.ʌp̚.ʌ.jo]
피터 나도,7,[pʰi.tʰʌ.na.to],[pʰi.tʰʌ.na.do]
과대 평가,7,[kwa.tɛ.pʰjʌŋ.ka],[gwa.dɛ.pʰjʌŋ.ga]
내 딸이지만,7,[nɛ.t͈al.i.tʃi.man],[nɛ.t͈al.i.dʒi.man]
피터 루만식,7,[pʰi.tʰʌ.ɾu.man.sik̚],[pʰi.tʰʌ.ɾu.man.sik̚]
배신했다는 걸,7,[pɛ.sin.hɛt̚.ta.nɯŋ.kʌl],[bɛ.sin.hɛt̚.ta.nɯn.gʌl]
했다 아빠,7,[hɛt̚.ta.a.p͈a],[hɛt̚.ta.a.p͈a]
내 딸인데,7,[nɛ.t͈al.in.te],[nɛ.t͈al.in.te]
피터 씨,7,[pʰi.tʰʌ.s͈i],[pʰi.tʰʌ.s͈i]
이게 마음에 들어요,7,[i.ke.ma.ɯm.e.tɯl.ʌ.jo],[i.ge.ma.ɯm.e.dɯl.ʌ.jo]
했다 이리,7,[hɛt̚.ta.i.ɾi],[hɛt̚.ta.i.ɾi]
Name 한글자막,7,[haŋ.kɯl.tʃa.mak̚],[haŋ.kɯl.tʃa.mak̚]
피터 우리,7,[pʰi.tʰʌ.u.ɾi],[pʰi.tʰʌ.u.ɾi]
내 딸한테서 떨어져,7,[nɛ.t͈al.han.tʰe.sʌ.t͈ʌl.ʌ.tʃjʌ],[nɛ.t͈al.han.tʰe.sʌ.t͈ʌl.ʌ.dʒjʌ]
피터 월시,7,[pʰi.tʰʌ.wʌl.si],[pʰi.tʰʌ.wʌl.si]
했다 잠깐,7,[hɛt̚.ta.tʃam.k͈an],[hɛt̚.ta.dʒam.k͈an]
배심원 앞에,7,[pɛ.sim.wʌn.ap̚.e],[bɛ.sim.wʌn.ap̚.e]
배심원 심문을,7,[pɛ.sim.wʌn.sim.mun.ɯl],[bɛ.sim.wʌn.sim.mun.ɯl]
감사합니다 이걸,7,[kam.sa.hap̚.ni.ta.i.kʌl],[gam.sa.hap̚.ni.da.i.gʌl]
했다 집에,7,[hɛt̚.ta.tʃip̚.e],[hɛt̚.ta.dʒip̚.e]
피터 패러것,7,[pʰi.tʰʌ.pʰɛ.ɾʌ.kʌt̚],[pʰi.tʰʌ.pʰɛ.ɾʌ.gʌt̚]
배심원 의무는,7,[pɛ.sim.wʌn.ɯi.mu.nɯn],[bɛ.sim.wʌn.ɯi.mu.nɯn]
배심원 중 한,7,[pɛ.sim.wʌn.tʃuŋ.han],[bɛ.sim.wʌn.dʒuŋ.han]
배심원 중에,7,[pɛ.sim.wʌn.tʃuŋ.e],[bɛ.sim.wʌn.dʒuŋ.e]
봐 누군가가,7,[pwa.nu.kuŋ.ka.ka],[bwa.nu.guŋ.ka.ga]
감사합니다 이것,7,[kam.sa.hap̚.ni.ta.i.kʌt̚],[gam.sa.hap̚.ni.da.i.gʌt̚]
봐 누군지,7,[pwa.nu.kun.tʃi],[bwa.nu.gun.tʃi]
고생하는 건,7,[ko.sɛŋ.ha.nɯŋ.kʌn],[go.sɛŋ.ha.nɯn.gʌn]
봐 누나,7,[pwa.nu.na],[bwa.nu.na]
배심원들을 위해,7,[pɛ.sim.wʌn.tɯl.ɯl.wi.hɛ],[bɛ.sim.wʌn.tɯl.ɯl.wi.hɛ]
피터슨 씨는,7,[pʰi.tʰʌ.sɯn.s͈i.nɯn],[pʰi.tʰʌ.sɯn.s͈i.nɯn]
배양 접시에서,7,[pɛ.jaŋ.tʃʌp̚.si.e.sʌ],[bɛ.jaŋ.dʒʌp̚.si.e.sʌ]
피투성이가 된,7,[pʰi.tʰu.sʌŋ.i.ka.twen],[pʰi.tʰu.sʌŋ.i.ga.dwen]
내 똥구멍에,7,[nɛ.t͈oŋ.ku.mʌŋ.e],[nɛ.t͈oŋ.gu.mʌŋ.e]
피트 그리고,7,[pʰi.tʰɯ.kɯ.ɾi.ko],[pʰi.tʰɯ.gɯ.ɾi.go]
배에 달하는,7,[pɛ.e.tal.ha.nɯn],[bɛ.e.dal.ha.nɯn]
감사합니다 이따,7,[kam.sa.hap̚.ni.ta.i.t͈a],[gam.sa.hap̚.ni.da.i.t͈a]
이게 대체 뭔지,7,[i.ke.tɛ.tʃʰe.mwʌn.tʃi],[i.ge.dɛ.tʃʰe.mwʌn.tʃi]
배에 물이,7,[pɛ.e.mul.i],[bɛ.e.mul.i]
피트 멜먼이,7,[pʰi.tʰɯ.mel.mʌn.i],[pʰi.tʰɯ.mel.mʌn.i]
했다고 생각하고,7,[hɛt̚.ta.ko.sɛŋ.kak̚.ha.ko],[hɛt̚.ta.go.sɛŋ.gak̚.ha.go]
했다고 당신이,7,[hɛt̚.ta.ko.taŋ.sin.i],[hɛt̚.ta.go.daŋ.sin.i]
피트 양,7,[pʰi.tʰɯ.jaŋ],[pʰi.tʰɯ.jaŋ]
배에 실을,7,[pɛ.e.sil.ɯl],[bɛ.e.sil.ɯl]
했다고 생각하죠,7,[hɛt̚.ta.ko.sɛŋ.kak̚.ha.tʃjo],[hɛt̚.ta.go.sɛŋ.gak̚.ha.dʒjo]
피트 짜리,7,[pʰi.tʰɯ.tʃ͈a.ɾi],[pʰi.tʰɯ.tʃ͈a.ɾi]
피트가 내,7,[pʰi.tʰɯ.ka.nɛ],[pʰi.tʰɯ.ga.nɛ]
피필로 씨,7,[pʰi.pʰil.ɾo.s͈i],[pʰi.pʰil.ɾo.s͈i]
피하고 싶다,7,[pʰi.ha.ko.sip̚.ta],[pʰi.ha.go.sip̚.ta]
배에 타지,7,[pɛ.e.tʰa.tʃi],[bɛ.e.tʰa.dʒi]
피하고 싶었던,7,[pʰi.ha.ko.sip̚.ʌt̚.tʌn],[pʰi.ha.go.sip̚.ʌt̚.tʌn]
피하고 싶었는데,7,[pʰi.ha.ko.sip̚.ʌt̚.nɯn.te],[pʰi.ha.go.sip̚.ʌt̚.nɯn.te]
배에 탈,7,[pɛ.e.tʰal],[bɛ.e.tʰal]
피하고 있습니다,7,[pʰi.ha.ko.it̚.sɯp̚.ni.ta],[pʰi.ha.go.it̚.sɯp̚.ni.da]
봐 달라,7,[pwa.tal.ɾa],[bwa.dal.ɾa]
피하는 걸,7,[pʰi.ha.nɯŋ.kʌl],[pʰi.ha.nɯn.gʌl]
고생해서 만든,7,[ko.sɛŋ.hɛ.sʌ.man.tɯn],[go.sɛŋ.hɛ.sʌ.man.tɯn]
배에서 내리게,7,[pɛ.e.sʌ.nɛ.ɾi.ke],[bɛ.e.sʌ.nɛ.ɾi.ge]
피하려고 한,7,[pʰi.ha.ɾjʌ.ko.han],[pʰi.ha.ɾjʌ.go.han]
Name 한글자막 아미,7,[haŋ.kɯl.tʃa.mak̚.a.mi],[haŋ.kɯl.tʃa.mak̚.a.mi]
피하시는 게,7,[pʰi.ha.si.nɯŋ.ke],[pʰi.ha.si.nɯn.ge]
고생했는지 알아,7,[ko.sɛŋ.hɛt̚.nɯn.tʃi.al.a],[go.sɛŋ.hɛt̚.nɯn.tʃi.al.a]
했다고요 내가,7,[hɛt̚.ta.ko.jo.nɛ.ka],[hɛt̚.ta.go.jo.nɛ.ga]
배우게 될 거다,7,[pɛ.u.ke.twel.kʌ.ta],[bɛ.u.ge.dwel.gʌ.da]
고소 못,7,[ko.so.mot̚],[go.so.mot̚]
배우게 됩니다,7,[pɛ.u.ke.twep̚.ni.ta],[bɛ.u.ge.dwep̚.ni.da]
배우고 싶다,7,[pɛ.u.ko.sip̚.ta],[bɛ.u.go.sip̚.ta]
내 마누라한테,7,[nɛ.ma.nu.ɾa.han.tʰe],[nɛ.ma.nu.ɾa.han.tʰe]
배우고 싶어서,7,[pɛ.u.ko.sip̚.ʌ.sʌ],[bɛ.u.go.sip̚.ʌ.sʌ]
피할 수없는,7,[pʰi.hal.su.ʌp̚.nɯn],[pʰi.hal.su.ʌp̚.nɯn]
at the bottom of,7,,
배우고 싶었어요,7,[pɛ.u.ko.sip̚.ʌt̚.ʌ.jo],[bɛ.u.go.sip̚.ʌt̚.ʌ.jo]
피할수 없는,7,[pʰi.hal.su.ʌp̚.nɯn],[pʰi.hal.su.ʌp̚.nɯn]
내 마법은,7,[nɛ.ma.pʌp̚.ɯn],[nɛ.ma.bʌp̚.ɯn]
피해 규모를,7,[pʰi.hɛ.kju.mo.ɾɯl],[pʰi.hɛ.gju.mo.ɾɯl]
피해 규모가,7,[pʰi.hɛ.kju.mo.ka],[pʰi.hɛ.gju.mo.ga]
피해 내가,7,[pʰi.hɛ.nɛ.ka],[pʰi.hɛ.nɛ.ga]
배우고 있고,7,[pɛ.u.ko.it̚.ko],[bɛ.u.go.it̚.ko]
Name 한글자막 아미 헤머,7,[haŋ.kɯl.tʃa.mak̚.a.mi.he.mʌ],[haŋ.kɯl.tʃa.mak̚.a.mi.he.mʌ]
피해 숨는,7,[pʰi.hɛ.sum.nɯn],[pʰi.hɛ.sum.nɯn]
피해 숨을,7,[pʰi.hɛ.sum.ɯl],[pʰi.hɛ.sum.ɯl]
피해 여성의,7,[pʰi.hɛ.jʌ.sʌŋ.ɯi],[pʰi.hɛ.jʌ.sʌŋ.ɯi]
내 마을에서,7,[nɛ.ma.ɯl.e.sʌ],[nɛ.ma.ɯl.e.sʌ]
배우긴 한,7,[pɛ.u.kin.han],[bɛ.u.gin.han]
했다는 게 아니라,7,[hɛt̚.ta.nɯŋ.ke.a.ni.ɾa],[hɛt̚.ta.nɯn.ge.a.ni.ɾa]
고소를 안,7,[ko.so.ɾɯl.an],[go.so.ɾɯl.an]
했다니 무슨,7,[hɛt̚.ta.ni.mu.sɯn],[hɛt̚.ta.ni.mu.sɯn]
봐 두려워하죠,7,[pwa.tu.ɾjʌ.wʌ.ha.tʃjo],[bwa.du.ɾjʌ.wʌ.ha.dʒjo]
봐 두려웠나,7,[pwa.tu.ɾjʌ.wʌt̚.na],[bwa.du.ɾjʌ.wʌt̚.na]
했다고요 네,7,[hɛt̚.ta.ko.jo.ne],[hɛt̚.ta.go.jo.ne]
피해를 입히는,7,[pʰi.hɛ.ɾɯl.ip̚.hi.nɯn],[pʰi.hɛ.ɾɯl.ip̚.hi.nɯn]
감사합니다 이쪽은,7,[kam.sa.hap̚.ni.ta.i.tʃ͈ok̚.ɯn],[gam.sa.hap̚.ni.da.i.tʃ͈ok̚.ɯn]
봐 두려워하는,7,[pwa.tu.ɾjʌ.wʌ.ha.nɯn],[bwa.du.ɾjʌ.wʌ.ha.nɯn]
배우러 온,7,[pɛ.u.ɾʌ.on],[bɛ.u.ɾʌ.on]
피해를 준,7,[pʰi.hɛ.ɾɯl.tʃun],[pʰi.hɛ.ɾɯl.dʒun]
고소하고 싶지,7,[ko.so.ha.ko.sip̚.tʃi],[go.so.ha.go.sip̚.tʃi]
고소하기 전에,7,[ko.so.ha.ki.tʃʌn.e],[go.so.ha.gi.dʒʌn.e]
했다면 어떻게,7,[hɛt̚.ta.mjʌn.ʌ.t͈ʌt̚.ke],[hɛt̚.ta.mjʌn.ʌ.t͈ʌt̚.ke]
봐 둘이서 수영 가면,7,[pwa.tul.i.sʌ.su.jʌŋ.ka.mjʌn],[bwa.dul.i.sʌ.su.jʌŋ.ga.mjʌn]
피해자 가족에게,7,[pʰi.hɛ.tʃa.ka.tʃok̚.e.ke],[pʰi.hɛ.dʒa.ga.dʒok̚.e.ge]
내가 못 올,7,[nɛ.ka.mot̚.ol],[nɛ.ga.mot̚.ol]
배우지 않는다,7,[pɛ.u.tʃi.an.nɯn.ta],[bɛ.u.dʒi.an.nɯn.ta]
배우지 않으면,7,[pɛ.u.tʃi.an.ɯ.mjʌn],[bɛ.u.dʒi.an.ɯ.mjʌn]
배우진 못했지만,7,[pɛ.u.tʃin.mot̚.hɛt̚.tʃi.man],[bɛ.u.dʒin.mot̚.hɛt̚.tʃi.man]
피해자 몸에서,7,[pʰi.hɛ.tʃa.mom.e.sʌ],[pʰi.hɛ.dʒa.mom.e.sʌ]
배운 거냐,7,[pɛ.uŋ.kʌ.nja],[bɛ.un.gʌ.nja]
고소하는 게,7,[ko.so.ha.nɯŋ.ke],[go.so.ha.nɯn.ge]
내 마음대로 해,7,[nɛ.ma.ɯn.tɛ.ɾo.hɛ],[nɛ.ma.ɯn.tɛ.ɾo.hɛ]
피해자 이름이,7,[pʰi.hɛ.tʃa.i.ɾɯm.i],[pʰi.hɛ.dʒa.i.ɾɯm.i]
했다면 이런,7,[hɛt̚.ta.mjʌn.i.ɾʌn],[hɛt̚.ta.mjʌn.i.ɾʌn]
피해자 집,7,[pʰi.hɛ.tʃa.tʃip̚],[pʰi.hɛ.dʒa.dʒip̚]
피해자 중 한 명은,7,[pʰi.hɛ.tʃa.tʃuŋ.han.mjʌŋ.ɯn],[pʰi.hɛ.dʒa.dʒuŋ.han.mjʌŋ.ɯn]
감사합니다 자넨,7,[kam.sa.hap̚.ni.ta.tʃa.nen],[gam.sa.hap̚.ni.da.dʒa.nen]
피해자가 되지,7,[pʰi.hɛ.tʃa.ka.twe.tʃi],[pʰi.hɛ.dʒa.ga.dwe.dʒi]
내 마음속 깊은,7,[nɛ.ma.ɯm.sok̚.kip̚.ɯn],[nɛ.ma.ɯm.sok̚.gip̚.ɯn]
피해자가 살아,7,[pʰi.hɛ.tʃa.ka.sal.a],[pʰi.hɛ.dʒa.ga.sal.a]
피해자가 살해된,7,[pʰi.hɛ.tʃa.ka.sal.hɛ.twen],[pʰi.hɛ.dʒa.ga.sal.hɛ.dwen]
피해자가 아니야,7,[pʰi.hɛ.tʃa.ka.a.ni.ja],[pʰi.hɛ.dʒa.ga.a.ni.ja]
피해자가 왜,7,[pʰi.hɛ.tʃa.ka.wɛ],[pʰi.hɛ.dʒa.ga.wɛ]
피해자가 한 명,7,[pʰi.hɛ.tʃa.ka.han.mjʌŋ],[pʰi.hɛ.dʒa.ga.han.mjʌŋ]
피해자는 어떻게,7,[pʰi.hɛ.tʃa.nɯn.ʌ.t͈ʌt̚.ke],[pʰi.hɛ.dʒa.nɯn.ʌ.t͈ʌt̚.ke]
봐 또 다른,7,[pwa.t͈o.ta.ɾɯn],[bwa.t͈o.da.ɾɯn]
피해자든 가해자든 그,7,[pʰi.hɛ.tʃa.tɯŋ.ka.hɛ.tʃa.tɯŋ.kɯ],[pʰi.hɛ.dʒa.dɯn.ga.hɛ.dʒa.dɯn.gɯ]
내 마음에 드는,7,[nɛ.ma.ɯm.e.tɯ.nɯn],[nɛ.ma.ɯm.e.dɯ.nɯn]
피해자든 가해자든 전화 번호가,7,[pʰi.hɛ.tʃa.tɯŋ.ka.hɛ.tʃa.tɯn.tʃʌn.hwa.pʌn.ho.ka],[pʰi.hɛ.dʒa.dɯn.ga.hɛ.dʒa.dɯn.dʒʌn.hwa.bʌn.ho.ga]
피해자든 가해자든 전화,7,[pʰi.hɛ.tʃa.tɯŋ.ka.hɛ.tʃa.tɯn.tʃʌn.hwa],[pʰi.hɛ.dʒa.dɯn.ga.hɛ.dʒa.dɯn.dʒʌn.hwa]
내 마음에 상처를,7,[nɛ.ma.ɯm.e.saŋ.tʃʰʌ.ɾɯl],[nɛ.ma.ɯm.e.saŋ.tʃʰʌ.ɾɯl]
피해자들 사이의,7,[pʰi.hɛ.tʃa.tɯl.sa.i.ɯi],[pʰi.hɛ.dʒa.dɯl.sa.i.ɯi]
피해자를 끌고,7,[pʰi.hɛ.tʃa.ɾɯl.k͈ɯl.ko],[pʰi.hɛ.dʒa.ɾɯl.k͈ɯl.ko]
했더니 바로,7,[hɛt̚.tʌ.ni.pa.ɾo],[hɛt̚.tʌ.ni.ba.ɾo]
배운 줄,7,[pɛ.un.tʃul],[bɛ.un.dʒul]
이게 뭐하는 거야,7,[i.ke.mwʌ.ha.nɯŋ.kʌ.ja],[i.ge.mwʌ.ha.nɯn.gʌ.ja]
피해자와 아는,7,[pʰi.hɛ.tʃa.wa.a.nɯn],[pʰi.hɛ.dʒa.wa.a.nɯn]
피해자와 같은,7,[pʰi.hɛ.tʃa.wa.kat̚.ɯn],[pʰi.hɛ.dʒa.wa.gat̚.ɯn]
내 마음은 변하지,7,[nɛ.ma.ɯm.ɯm.pjʌn.ha.tʃi],[nɛ.ma.ɯm.ɯn.bjʌn.ha.dʒi]
피해자의 집,7,[pʰi.hɛ.tʃa.ɯi.tʃip̚],[pʰi.hɛ.dʒa.ɯi.dʒip̚]
했던 거 기억해,7,[hɛt̚.tʌŋ.kʌ.ki.ʌk̚.hɛ],[hɛt̚.tʌn.gʌ.gi.ʌk̚.hɛ]
피해자의 피가,7,[pʰi.hɛ.tʃa.ɯi.pʰi.ka],[pʰi.hɛ.dʒa.ɯi.pʰi.ga]
피해자일 수,7,[pʰi.hɛ.tʃa.il.su],[pʰi.hɛ.dʒa.il.su]
했던 거군,7,[hɛt̚.tʌŋ.kʌ.kun],[hɛt̚.tʌn.gʌ.gun]
내 마음을 다,7,[nɛ.ma.ɯm.ɯl.ta],[nɛ.ma.ɯm.ɯl.da]
고속 도로는,7,[ko.sok̚.to.ɾo.nɯn],[go.sok̚.do.ɾo.nɯn]
내 마음을 보여,7,[nɛ.ma.ɯm.ɯl.po.jʌ],[nɛ.ma.ɯm.ɯl.bo.jʌ]
핀 게,7,[pʰiŋ.ke],[pʰin.ge]
배울 게 있죠,7,[pɛ.ul.ke.it̚.tʃjo],[bɛ.ul.ge.it̚.tʃjo]
배울 게 참,7,[pɛ.ul.ke.tʃʰam],[bɛ.ul.ge.tʃʰam]
핀리 씨,7,[pʰil.li.s͈i],[pʰil.li.s͈i]
배울 때가,7,[pɛ.ul.t͈ɛ.ka],[bɛ.ul.t͈ɛ.ga]
봐 말 안 한,7,[pwa.mal.an.han],[bwa.mal.an.han]
배울 때까지,7,[pɛ.ul.t͈ɛ.k͈a.tʃi],[bɛ.ul.t͈ɛ.k͈a.dʒi]
핀치 그는,7,[pʰin.tʃʰi.kɯ.nɯn],[pʰin.tʃʰi.gɯ.nɯn]
내가 무례하게,7,[nɛ.ka.mu.ɾje.ha.ke],[nɛ.ga.mu.ɾje.ha.ge]
배울 수 있다는,7,[pɛ.ul.su.it̚.ta.nɯn],[bɛ.ul.su.it̚.ta.nɯn]
했더니 날,7,[hɛt̚.tʌ.ni.nal],[hɛt̚.tʌ.ni.nal]
필 메이넬,7,[pʰil.me.i.nel],[pʰil.me.i.nel]
필 삼촌,7,[pʰil.san.tʃʰon],[pʰil.san.tʃʰon]
내 마음이 날게,7,[nɛ.ma.ɯm.i.nal.ke],[nɛ.ma.ɯm.i.nal.ke]
필 오늘,7,[pʰil.o.nɯl],[pʰil.o.nɯl]
필라델피아 출신,7,[pʰil.ɾa.tel.pʰi.a.tʃʰul.sin],[pʰil.ɾa.del.pʰi.a.tʃʰul.sin]
배울 줄,7,[pɛ.ul.tʃul],[bɛ.ul.dʒul]
내 마음이 바뀌기,7,[nɛ.ma.ɯm.i.pa.k͈wi.ki],[nɛ.ma.ɯm.i.ba.k͈wi.gi]
내 마음이 바뀌기 전에,7,[nɛ.ma.ɯm.i.pa.k͈wi.ki.tʃʌn.e],[nɛ.ma.ɯm.i.ba.k͈wi.gi.dʒʌn.e]
고속도로 진입,7,[ko.sok̚.to.ɾo.tʃin.ip̚],[go.sok̚.to.ɾo.dʒin.ip̚]
필름이 끊긴,7,[pʰil.ɾɯm.i.k͈ɯŋ.kin],[pʰil.ɾɯm.i.k͈ɯŋ.kin]
필립 K,7,[pʰil.ɾip̚],[pʰil.ɾip̚]
필립 난,7,[pʰil.ɾip̚.nan],[pʰil.ɾip̚.nan]
필립 로크,7,[pʰil.ɾip̚.ɾo.kʰɯ],[pʰil.ɾip̚.ɾo.kʰɯ]
필립 네가,7,[pʰil.ɾip̚.ne.ka],[pʰil.ɾip̚.ne.ga]
배워 가지고,7,[pɛ.wʌ.ka.tʃi.ko],[bɛ.wʌ.ga.dʒi.go]
필립 윌리엄스,7,[pʰil.ɾip̚.wil.ɾi.ʌm.sɯ],[pʰil.ɾip̚.wil.ɾi.ʌm.sɯ]
배워 보고,7,[pɛ.wʌ.po.ko],[bɛ.wʌ.bo.go]
내 마음이에요,7,[nɛ.ma.ɯm.i.e.jo],[nɛ.ma.ɯm.i.e.jo]
봐 맨날,7,[pwa.mɛn.nal],[bwa.mɛn.nal]
필립 제프리스는,7,[pʰil.ɾip̚.tʃe.pʰɯ.ɾi.sɯ.nɯn],[pʰil.ɾip̚.dʒe.pʰɯ.ɾi.sɯ.nɯn]
필립과 엘리자베스의,7,[pʰil.ɾip̚.kwa.el.ɾi.tʃa.pe.sɯ.ɯi],[pʰil.ɾip̚.kwa.el.ɾi.dʒa.be.sɯ.ɯi]
필립에 대해,7,[pʰil.ɾip̚.e.tɛ.hɛ],[pʰil.ɾip̚.e.dɛ.hɛ]
했던 내,7,[hɛt̚.tʌn.nɛ],[hɛt̚.tʌn.nɛ]
과속 방지턱,7,[kwa.sok̚.paŋ.tʃi.tʰʌk̚],[gwa.sok̚.baŋ.dʒi.tʰʌk̚]
했던 다른,7,[hɛt̚.tʌn.ta.ɾɯn],[hɛt̚.tʌn.da.ɾɯn]
배워야 하는데,7,[pɛ.wʌ.ja.ha.nɯn.te],[bɛ.wʌ.ja.ha.nɯn.te]
했던 때가,7,[hɛt̚.tʌn.t͈ɛ.ka],[hɛt̚.tʌn.t͈ɛ.ga]
했던 남자가,7,[hɛt̚.tʌn.nan.tʃa.ka],[hɛt̚.tʌn.nan.tʃa.ga]
했던 대화를,7,[hɛt̚.tʌn.tɛ.hwa.ɾɯl],[hɛt̚.tʌn.dɛ.hwa.ɾɯl]
배워야 해 긴 밤이,7,[pɛ.wʌ.ja.hɛ.kim.pam.i],[bɛ.wʌ.ja.hɛ.gin.bam.i]
배워야 해 긴,7,[pɛ.wʌ.ja.hɛ.kin],[bɛ.wʌ.ja.hɛ.gin]
배워야 했다,7,[pɛ.wʌ.ja.hɛt̚.ta],[bɛ.wʌ.ja.hɛt̚.ta]
감사합니다 저희는,7,[kam.sa.hap̚.ni.ta.tʃʌ.hɯi.nɯn],[gam.sa.hap̚.ni.da.dʒʌ.hɯi.nɯn]
필요 없는 거지,7,[pʰil.jo.ʌp̚.nɯŋ.kʌ.tʃi],[pʰil.jo.ʌp̚.nɯn.gʌ.dʒi]
필요 없는 사람은,7,[pʰil.jo.ʌp̚.nɯn.sa.ɾam.ɯn],[pʰil.jo.ʌp̚.nɯn.sa.ɾam.ɯn]
배웠다고 생각해,7,[pɛ.wʌt̚.ta.ko.sɛŋ.kak̚.hɛ],[bɛ.wʌt̚.ta.go.sɛŋ.gak̚.hɛ]
내 말 듣고 있냐,7,[nɛ.mal.tɯt̚.ko.it̚.nja],[nɛ.mal.dɯt̚.ko.it̚.nja]
필요 없다고 했어요,7,[pʰil.jo.ʌp̚.ta.ko.hɛt̚.ʌ.jo],[pʰil.jo.ʌp̚.ta.go.hɛt̚.ʌ.jo]
필요 없다고 했죠,7,[pʰil.jo.ʌp̚.ta.ko.hɛt̚.tʃjo],[pʰil.jo.ʌp̚.ta.go.hɛt̚.tʃjo]
필요 없다구,7,[pʰil.jo.ʌp̚.ta.ku],[pʰil.jo.ʌp̚.ta.gu]
배의 선장은,7,[pɛ.ɯi.sʌn.tʃaŋ.ɯn],[bɛ.ɯi.sʌn.tʃaŋ.ɯn]
필요 없다며,7,[pʰil.jo.ʌp̚.ta.mjʌ],[pʰil.jo.ʌp̚.ta.mjʌ]
필요 없다면서요,7,[pʰil.jo.ʌp̚.ta.mjʌn.sʌ.jo],[pʰil.jo.ʌp̚.ta.mjʌn.sʌ.jo]
배정할 수,7,[pɛ.tʃʌŋ.hal.su],[bɛ.dʒʌŋ.hal.su]
open it,7,,
내 말 듣는 게,7,[nɛ.mal.tɯt̚.nɯŋ.ke],[nɛ.mal.dɯt̚.nɯn.ge]
필요 없습니다 이,7,[pʰil.jo.ʌp̚.sɯp̚.ni.ta.i],[pʰil.jo.ʌp̚.sɯp̚.ni.da.i]
필요 없습니다 제가,7,[pʰil.jo.ʌp̚.sɯp̚.ni.ta.tʃe.ka],[pʰil.jo.ʌp̚.sɯp̚.ni.da.dʒe.ga]
배제할 수 없어요,7,[pɛ.tʃe.hal.su.ʌp̚.ʌ.jo],[bɛ.dʒe.hal.su.ʌp̚.ʌ.jo]
배제할 수 없습니다,7,[pɛ.tʃe.hal.su.ʌp̚.sɯp̚.ni.ta],[bɛ.dʒe.hal.su.ʌp̚.sɯp̚.ni.da]
내 말 들리냐,7,[nɛ.mal.tɯl.ɾi.nja],[nɛ.mal.dɯl.ɾi.nja]
배제할 순 없어요,7,[pɛ.tʃe.hal.sun.ʌp̚.ʌ.jo],[bɛ.dʒe.hal.sun.ʌp̚.ʌ.jo]
봐 몰라,7,[pwa.mol.ɾa],[bwa.mol.ɾa]
배지를 반납하고,7,[pɛ.tʃi.ɾɯl.pan.nap̚.ha.ko],[bɛ.dʒi.ɾɯl.ban.nap̚.ha.go]
배지를 안,7,[pɛ.tʃi.ɾɯl.an],[bɛ.dʒi.ɾɯl.an]
필요 없어 둘,7,[pʰil.jo.ʌp̚.ʌ.tul],[pʰil.jo.ʌp̚.ʌ.dul]
필요 없어 맞아,7,[pʰil.jo.ʌp̚.ʌ.mat̚.a],[pʰil.jo.ʌp̚.ʌ.mat̚.a]
필요 없어 벌써,7,[pʰil.jo.ʌp̚.ʌ.pʌl.s͈ʌ],[pʰil.jo.ʌp̚.ʌ.bʌl.s͈ʌ]
필요 없어 아직,7,[pʰil.jo.ʌp̚.ʌ.a.tʃik̚],[pʰil.jo.ʌp̚.ʌ.a.dʒik̚]
필요 없어 알아,7,[pʰil.jo.ʌp̚.ʌ.al.a],[pʰil.jo.ʌp̚.ʌ.al.a]
필요 없어 어떤,7,[pʰil.jo.ʌp̚.ʌ.ʌ.t͈ʌn],[pʰil.jo.ʌp̚.ʌ.ʌ.t͈ʌn]
필요 없어 어쨌든,7,[pʰil.jo.ʌp̚.ʌ.ʌ.tʃ͈ɛt̚.tɯn],[pʰil.jo.ʌp̚.ʌ.ʌ.tʃ͈ɛt̚.tɯn]
필요 없어 엄마,7,[pʰil.jo.ʌp̚.ʌ.ʌm.ma],[pʰil.jo.ʌp̚.ʌ.ʌm.ma]
배짱 한,7,[pɛ.tʃ͈aŋ.han],[bɛ.tʃ͈aŋ.han]
배짱 한 번,7,[pɛ.tʃ͈aŋ.ham.pʌn],[bɛ.tʃ͈aŋ.han.bʌn]
필요 없어 오,7,[pʰil.jo.ʌp̚.ʌ.o],[pʰil.jo.ʌp̚.ʌ.o]
필요 없어 오늘은,7,[pʰil.jo.ʌp̚.ʌ.o.nɯl.ɯn],[pʰil.jo.ʌp̚.ʌ.o.nɯl.ɯn]
필요 없어 여긴,7,[pʰil.jo.ʌp̚.ʌ.jʌ.kin],[pʰil.jo.ʌp̚.ʌ.jʌ.gin]
필요 없어 우리와 함께라면,7,[pʰil.jo.ʌp̚.ʌ.u.ɾi.wa.ham.k͈e.ɾa.mjʌn],[pʰil.jo.ʌp̚.ʌ.u.ɾi.wa.ham.k͈e.ɾa.mjʌn]
했던 얘기잖아,7,[hɛt̚.tʌn.jɛ.ki.tʃan.a],[hɛt̚.tʌn.jɛ.gi.dʒan.a]
at the house,7,,
필요 없어 이리,7,[pʰil.jo.ʌp̚.ʌ.i.ɾi],[pʰil.jo.ʌp̚.ʌ.i.ɾi]
내 말 들어 우리,7,[nɛ.mal.tɯl.ʌ.u.ɾi],[nɛ.mal.dɯl.ʌ.u.ɾi]
필요 없어 좋은,7,[pʰil.jo.ʌp̚.ʌ.tʃot̚.ɯn],[pʰil.jo.ʌp̚.ʌ.dʒot̚.ɯn]
했던 이유를,7,[hɛt̚.tʌn.i.ju.ɾɯl],[hɛt̚.tʌn.i.ju.ɾɯl]
배짱이 있다면,7,[pɛ.tʃ͈aŋ.i.it̚.ta.mjʌn],[bɛ.tʃ͈aŋ.i.it̚.ta.mjʌn]
배짱이 있어야,7,[pɛ.tʃ͈aŋ.i.it̚.ʌ.ja],[bɛ.tʃ͈aŋ.i.it̚.ʌ.ja]
배쯤 더,7,[pɛ.tʃ͈ɯn.tʌ],[bɛ.tʃ͈ɯm.dʌ]
배치되어 있습니다,7,[pɛ.tʃʰi.twe.ʌ.it̚.sɯp̚.ni.ta],[bɛ.tʃʰi.dwe.ʌ.it̚.sɯp̚.ni.da]
내 말 들어봐 여기,7,[nɛ.mal.tɯl.ʌ.pwa.jʌ.ki],[nɛ.mal.dɯl.ʌ.bwa.jʌ.gi]
필요 없어요 나랑,7,[pʰil.jo.ʌp̚.ʌ.jo.na.ɾaŋ],[pʰil.jo.ʌp̚.ʌ.jo.na.ɾaŋ]
내 말 들어요 난,7,[nɛ.mal.tɯl.ʌ.jo.nan],[nɛ.mal.dɯl.ʌ.jo.nan]
내가 무슨 생각 했는지,7,[nɛ.ka.mu.sɯn.sɛŋ.kak̚.hɛt̚.nɯn.tʃi],[nɛ.ga.mu.sɯn.sɛŋ.gak̚.hɛt̚.nɯn.tʃi]
필요 없어요 여기,7,[pʰil.jo.ʌp̚.ʌ.jo.jʌ.ki],[pʰil.jo.ʌp̚.ʌ.jo.jʌ.gi]
필요 없어요 왜,7,[pʰil.jo.ʌp̚.ʌ.jo.wɛ],[pʰil.jo.ʌp̚.ʌ.jo.wɛ]
필요 없어요 이건,7,[pʰil.jo.ʌp̚.ʌ.jo.i.kʌn],[pʰil.jo.ʌp̚.ʌ.jo.i.gʌn]
배터리가 거의,7,[pɛ.tʰʌ.ɾi.ka.kʌ.ɯi],[bɛ.tʰʌ.ɾi.ga.gʌ.ɯi]
배터리가 다 됐나,7,[pɛ.tʰʌ.ɾi.ka.ta.twɛt̚.na],[bɛ.tʰʌ.ɾi.ga.da.dwɛt̚.na]
했던 행동을,7,[hɛt̚.tʌn.hɛŋ.toŋ.ɯl],[hɛt̚.tʌn.hɛŋ.doŋ.ɯl]
필요 없어졌어,7,[pʰil.jo.ʌp̚.ʌ.tʃjʌt̚.ʌ],[pʰil.jo.ʌp̚.ʌ.dʒjʌt̚.ʌ]
필요 없었나,7,[pʰil.jo.ʌp̚.ʌt̚.na],[pʰil.jo.ʌp̚.ʌt̚.na]
내 말 들으렴,7,[nɛ.mal.tɯl.ɯ.ɾjʌm],[nɛ.mal.dɯl.ɯ.ɾjʌm]
필요 없었던,7,[pʰil.jo.ʌp̚.ʌt̚.tʌn],[pʰil.jo.ʌp̚.ʌt̚.tʌn]
필요 없었다는,7,[pʰil.jo.ʌp̚.ʌt̚.ta.nɯn],[pʰil.jo.ʌp̚.ʌt̚.ta.nɯn]
필요 없었으면,7,[pʰil.jo.ʌp̚.ʌt̚.ɯ.mjʌn],[pʰil.jo.ʌp̚.ʌt̚.ɯ.mjʌn]
감사합니다 존,7,[kam.sa.hap̚.ni.ta.tʃon],[gam.sa.hap̚.ni.da.dʒon]
내 말 들을 수,7,[nɛ.mal.tɯl.ɯl.su],[nɛ.mal.dɯl.ɯl.su]
open this,7,,
필요 없을 것 같은데,7,[pʰil.jo.ʌp̚.ɯl.kʌt̚.kat̚.ɯn.te],[pʰil.jo.ʌp̚.ɯl.gʌt̚.gat̚.ɯn.te]
고약한 원숭이,7,[ko.jak̚.han.wʌn.suŋ.i],[go.jak̚.han.wʌn.suŋ.i]
배포 바랍니다,7,[pɛ.pʰo.pa.ɾap̚.ni.ta],[bɛ.pʰo.ba.ɾap̚.ni.da]
open your,7,,
필요 전혀 없어,7,[pʰil.jo.tʃʌn.hjʌ.ʌp̚.ʌ],[pʰil.jo.dʒʌn.hjʌ.ʌp̚.ʌ]
봐 미친,7,[pwa.mi.tʃʰin],[bwa.mi.tʃʰin]
필요가 없기를,7,[pʰil.jo.ka.ʌp̚.ki.ɾɯl],[pʰil.jo.ga.ʌp̚.ki.ɾɯl]
배포 피드백은,7,[pɛ.pʰo.pʰi.tɯ.pɛk̚.ɯn],[bɛ.pʰo.pʰi.dɯ.bɛk̚.ɯn]
배포 피드백은 메일,7,[pɛ.pʰo.pʰi.tɯ.pɛk̚.ɯn.me.il],[bɛ.pʰo.pʰi.dɯ.bɛk̚.ɯn.me.il]
필요가 없도록,7,[pʰil.jo.ka.ʌp̚.to.ɾok̚],[pʰil.jo.ga.ʌp̚.to.ɾok̚]
배포시 제작자와,7,[pɛ.pʰo.si.tʃe.tʃak̚.tʃa.wa],[bɛ.pʰo.si.dʒe.dʒak̚.tʃa.wa]
배포시 제작자와 출처를,7,[pɛ.pʰo.si.tʃe.tʃak̚.tʃa.wa.tʃʰul.tʃʰʌ.ɾɯl],[bɛ.pʰo.si.dʒe.dʒak̚.tʃa.wa.tʃʰul.tʃʰʌ.ɾɯl]
배포시 제작자와 출처를 꼭,7,[pɛ.pʰo.si.tʃe.tʃak̚.tʃa.wa.tʃʰul.tʃʰʌ.ɾɯl.k͈ok̚],[bɛ.pʰo.si.dʒe.dʒak̚.tʃa.wa.tʃʰul.tʃʰʌ.ɾɯl.k͈ok̚]
내 말 못 믿겠으면,7,[nɛ.mal.mot̚.mit̚.ket̚.ɯ.mjʌn],[nɛ.mal.mot̚.mit̚.ket̚.ɯ.mjʌn]
내 말 못 믿어,7,[nɛ.mal.mot̚.mit̚.ʌ],[nɛ.mal.mot̚.mit̚.ʌ]
필요가 없었겠지,7,[pʰil.jo.ka.ʌp̚.ʌt̚.ket̚.tʃi],[pʰil.jo.ga.ʌp̚.ʌt̚.ket̚.tʃi]
필요가 없었다면,7,[pʰil.jo.ka.ʌp̚.ʌt̚.ta.mjʌn],[pʰil.jo.ga.ʌp̚.ʌt̚.ta.mjʌn]
강력한 사람,7,[kaŋ.ɾjʌk̚.han.sa.ɾam],[gaŋ.ɾjʌk̚.han.sa.ɾam]
했습니다 당신,7,[hɛt̚.sɯp̚.ni.ta.taŋ.sin],[hɛt̚.sɯp̚.ni.da.daŋ.sin]
내가 무슨 이유로,7,[nɛ.ka.mu.sɯn.i.ju.ɾo],[nɛ.ga.mu.sɯn.i.ju.ɾo]
봐 병원에,7,[pwa.pjʌŋ.wʌn.e],[bwa.bjʌŋ.wʌn.e]
내가 무슨 일 하는지,7,[nɛ.ka.mu.sɯn.il.ha.nɯn.tʃi],[nɛ.ga.mu.sɯn.il.ha.nɯn.tʃi]
필요가 있거든,7,[pʰil.jo.ka.it̚.kʌ.tɯn],[pʰil.jo.ga.it̚.kʌ.dɯn]
필요가 있겠네요,7,[pʰil.jo.ka.it̚.ket̚.ne.jo],[pʰil.jo.ga.it̚.ket̚.ne.jo]
고양왕 전하를 뵙니다,7,[ko.jaŋ.waŋ.tʃʌn.ha.ɾɯl.pwep̚.ni.ta],[go.jaŋ.waŋ.dʒʌn.ha.ɾɯl.bwep̚.ni.da]
내 말 믿어도,7,[nɛ.mal.mit̚.ʌ.to],[nɛ.mal.mit̚.ʌ.do]
배후에 있다면,7,[pɛ.hu.e.it̚.ta.mjʌn],[bɛ.hu.e.it̚.ta.mjʌn]
내 말 믿어라,7,[nɛ.mal.mit̚.ʌ.ɾa],[nɛ.mal.mit̚.ʌ.ɾa]
opened by,7,,
배후에 있었어,7,[pɛ.hu.e.it̚.ʌt̚.ʌ],[bɛ.hu.e.it̚.ʌt̚.ʌ]
opened by executive,7,,
필요가 있다고 생각해요,7,[pʰil.jo.ka.it̚.ta.ko.sɛŋ.kak̚.hɛ.jo],[pʰil.jo.ga.it̚.ta.go.sɛŋ.gak̚.hɛ.jo]
백 개는,7,[pɛk̚.kɛ.nɯn],[bɛk̚.gɛ.nɯn]
필요가 있소,7,[pʰil.jo.ka.it̚.so],[pʰil.jo.ga.it̚.so]
봐 보통,7,[pwa.po.tʰoŋ],[bwa.bo.tʰoŋ]
했습니다 여기,7,[hɛt̚.sɯp̚.ni.ta.jʌ.ki],[hɛt̚.sɯp̚.ni.da.jʌ.gi]
필요가 있어서,7,[pʰil.jo.ka.it̚.ʌ.sʌ],[pʰil.jo.ga.it̚.ʌ.sʌ]
필요가 있었거든,7,[pʰil.jo.ka.it̚.ʌt̚.kʌ.tɯn],[pʰil.jo.ga.it̚.ʌt̚.kʌ.dɯn]
at the office,7,,
필요가 있었을,7,[pʰil.jo.ka.it̚.ʌt̚.ɯl],[pʰil.jo.ga.it̚.ʌt̚.ɯl]
opened by executive order,7,,
했습니다 어떤,7,[hɛt̚.sɯp̚.ni.ta.ʌ.t͈ʌn],[hɛt̚.sɯp̚.ni.da.ʌ.t͈ʌn]
이게 얼마 만이지,7,[i.ke.ʌl.ma.man.i.tʃi],[i.ge.ʌl.ma.man.i.dʒi]
필요가 있을 것이다,7,[pʰil.jo.ka.it̚.ɯl.kʌt̚.i.ta],[pʰil.jo.ga.it̚.ɯl.gʌt̚.i.da]
필요가 있을지도,7,[pʰil.jo.ka.it̚.ɯl.tʃi.to],[pʰil.jo.ga.it̚.ɯl.tʃi.do]
백 달러로,7,[pɛk̚.tal.ɾʌ.ɾo],[bɛk̚.dal.ɾʌ.ɾo]
백 달러만,7,[pɛk̚.tal.ɾʌ.man],[bɛk̚.dal.ɾʌ.man]
봐 보이지,7,[pwa.po.i.tʃi],[bwa.bo.i.dʒi]
필요는 없겠어,7,[pʰil.jo.nɯn.ʌp̚.ket̚.ʌ],[pʰil.jo.nɯn.ʌp̚.ket̚.ʌ]
백 달러야,7,[pɛk̚.tal.ɾʌ.ja],[bɛk̚.dal.ɾʌ.ja]
백 더,7,[pɛk̚.tʌ],[bɛk̚.dʌ]
내 말 안 들을,7,[nɛ.mal.an.tɯl.ɯl],[nɛ.mal.an.dɯl.ɯl]
백 명 넘게,7,[pɛk̚.mjʌŋ.nʌm.ke],[bɛk̚.mjʌŋ.nʌm.ke]
봐 봐봐,7,[pwa.pwa.pwa],[bwa.bwa.bwa]
필요는 없어 내,7,[pʰil.jo.nɯn.ʌp̚.ʌ.nɛ],[pʰil.jo.nɯn.ʌp̚.ʌ.nɛ]
필요는 없어 아니,7,[pʰil.jo.nɯn.ʌp̚.ʌ.a.ni],[pʰil.jo.nɯn.ʌp̚.ʌ.a.ni]
고양이 몇,7,[ko.jaŋ.i.mjʌt̚],[go.jaŋ.i.mjʌt̚]
필요는 없어요 하지만,7,[pʰil.jo.nɯn.ʌp̚.ʌ.jo.ha.tʃi.man],[pʰil.jo.nɯn.ʌp̚.ʌ.jo.ha.dʒi.man]
필요는 없었죠,7,[pʰil.jo.nɯn.ʌp̚.ʌt̚.tʃjo],[pʰil.jo.nɯn.ʌp̚.ʌt̚.tʃjo]
필요는 없었지만,7,[pʰil.jo.nɯn.ʌp̚.ʌt̚.tʃi.man],[pʰil.jo.nɯn.ʌp̚.ʌt̚.tʃi.man]
고양이 몸에,7,[ko.jaŋ.i.mom.e],[go.jaŋ.i.mom.e]
필요는 없을 거야,7,[pʰil.jo.nɯn.ʌp̚.ɯl.kʌ.ja],[pʰil.jo.nɯn.ʌp̚.ɯl.gʌ.ja]
백 번의,7,[pɛk̚.pʌn.ɯi],[bɛk̚.bʌn.ɯi]
했습니다 정말,7,[hɛt̚.sɯp̚.ni.ta.tʃʌŋ.mal],[hɛt̚.sɯp̚.ni.da.dʒʌŋ.mal]
백 번이고,7,[pɛk̚.pʌn.i.ko],[bɛk̚.bʌn.i.go]
필요는 없잖나,7,[pʰil.jo.nɯn.ʌp̚.tʃan.na],[pʰil.jo.nɯn.ʌp̚.tʃan.na]
필요는 없지만 그러고,7,[pʰil.jo.nɯn.ʌp̚.tʃi.maŋ.kɯ.ɾʌ.ko],[pʰil.jo.nɯn.ʌp̚.tʃi.man.gɯ.ɾʌ.go]
했어 nbsp,7,[hɛt̚.ʌ],[hɛt̚.ʌ]
필요는 있어요,7,[pʰil.jo.nɯn.it̚.ʌ.jo],[pʰil.jo.nɯn.it̚.ʌ.jo]
백 장이 어제,7,[pɛk̚.tʃaŋ.i.ʌ.tʃe],[bɛk̚.dʒaŋ.i.ʌ.dʒe]
백 장이 어제 베를린에서,7,[pɛk̚.tʃaŋ.i.ʌ.tʃe.pe.ɾɯl.ɾin.e.sʌ],[bɛk̚.dʒaŋ.i.ʌ.dʒe.be.ɾɯl.ɾin.e.sʌ]
백 좌사,7,[pɛk̚.tʃwa.sa],[bɛk̚.dʒwa.sa]
백 투,7,[pɛk̚.tʰu],[bɛk̚.tʰu]
백 투 더,7,[pɛk̚.tʰu.tʌ],[bɛk̚.tʰu.dʌ]
내 말 알죠,7,[nɛ.mal.al.tʃjo],[nɛ.mal.al.tʃjo]
고양이 빌려드립니다 냥이,7,[ko.jaŋ.i.pil.ɾjʌ.tɯ.ɾip̚.ni.ta.njaŋ.i],[go.jaŋ.i.bil.ɾjʌ.dɯ.ɾip̚.ni.da.njaŋ.i]
했어 가십에 따르면,7,[hɛt̚.ʌ.ka.sip̚.e.t͈a.ɾɯ.mjʌn],[hɛt̚.ʌ.ga.sip̚.e.t͈a.ɾɯ.mjʌn]
했어 가자,7,[hɛt̚.ʌ.ka.tʃa],[hɛt̚.ʌ.ga.dʒa]
고양이 빌려드립니다 냥이 냥이,7,[ko.jaŋ.i.pil.ɾjʌ.tɯ.ɾip̚.ni.ta.njaŋ.i.njaŋ.i],[go.jaŋ.i.bil.ɾjʌ.dɯ.ɾip̚.ni.da.njaŋ.i.njaŋ.i]
백귀와 밤의 왕에 대해,7,[pɛk̚.kwi.wa.pam.ɯi.waŋ.e.tɛ.hɛ],[bɛk̚.kwi.wa.bam.ɯi.waŋ.e.dɛ.hɛ]
고양이 사료를,7,[ko.jaŋ.i.sa.ɾjo.ɾɯl],[go.jaŋ.i.sa.ɾjo.ɾɯl]
bed and,7,,
필요로 하네,7,[pʰil.jo.ɾo.ha.ne],[pʰil.jo.ɾo.ha.ne]
봐 분명,7,[pwa.pun.mjʌŋ],[bwa.bun.mjʌŋ]
내 말 잘 듣거라,7,[nɛ.mal.tʃal.tɯt̚.kʌ.ɾa],[nɛ.mal.dʒal.dɯt̚.kʌ.ɾa]
감사합니다 지난,7,[kam.sa.hap̚.ni.ta.tʃi.nan],[gam.sa.hap̚.ni.da.dʒi.nan]
필요로 하는 사람들이,7,[pʰil.jo.ɾo.ha.nɯn.sa.ɾan.tɯl.i],[pʰil.jo.ɾo.ha.nɯn.sa.ɾan.tɯl.i]
필요로 하는가,7,[pʰil.jo.ɾo.ha.nɯŋ.ka],[pʰil.jo.ɾo.ha.nɯŋ.ka]
내 말 잘 들어봐,7,[nɛ.mal.tʃal.tɯl.ʌ.pwa],[nɛ.mal.dʒal.dɯl.ʌ.bwa]
백만 개가,7,[pɛk̚.maŋ.kɛ.ka],[bɛk̚.man.gɛ.ga]
백만 개나,7,[pɛk̚.maŋ.kɛ.na],[bɛk̚.man.gɛ.na]
필요로 하지 않을,7,[pʰil.jo.ɾo.ha.tʃi.an.ɯl],[pʰil.jo.ɾo.ha.dʒi.an.ɯl]
내 말 잘 들으시오,7,[nɛ.mal.tʃal.tɯl.ɯ.si.o],[nɛ.mal.dʒal.dɯl.ɯ.si.o]
필요로 하진,7,[pʰil.jo.ɾo.ha.tʃin],[pʰil.jo.ɾo.ha.dʒin]
백만 달러 이상,7,[pɛk̚.man.tal.ɾʌ.i.saŋ],[bɛk̚.man.dal.ɾʌ.i.saŋ]
감사합니다 질문,7,[kam.sa.hap̚.ni.ta.tʃil.mun],[gam.sa.hap̚.ni.da.dʒil.mun]
고양이 알레르기,7,[ko.jaŋ.i.al.ɾe.ɾɯ.ki],[go.jaŋ.i.al.ɾe.ɾɯ.gi]
했어 구하려고,7,[hɛt̚.ʌ.ku.ha.ɾjʌ.ko],[hɛt̚.ʌ.gu.ha.ɾjʌ.go]
백만 달러가 들어,7,[pɛk̚.man.tal.ɾʌ.ka.tɯl.ʌ],[bɛk̚.man.dal.ɾʌ.ga.dɯl.ʌ]
필요없어 네,7,[pʰil.jo.ʌp̚.ʌ.ne],[pʰil.jo.ʌp̚.ʌ.ne]
봐 생각해,7,[pwa.sɛŋ.kak̚.hɛ],[bwa.sɛŋ.gak̚.hɛ]
했어 그걸 어떻게,7,[hɛt̚.ʌ.kɯ.kʌl.ʌ.t͈ʌt̚.ke],[hɛt̚.ʌ.gɯ.gʌl.ʌ.t͈ʌt̚.ke]
내가 무슨 짓을 했든,7,[nɛ.ka.mu.sɯn.tʃit̚.ɯl.hɛt̚.tɯn],[nɛ.ga.mu.sɯn.dʒit̚.ɯl.hɛt̚.tɯn]
백만 달러와,7,[pɛk̚.man.tal.ɾʌ.wa],[bɛk̚.man.dal.ɾʌ.wa]
봐 셋,7,[pwa.set̚],[bwa.set̚]
내가 무슨말 하는지,7,[nɛ.ka.mu.sɯn.mal.ha.nɯn.tʃi],[nɛ.ga.mu.sɯn.mal.ha.nɯn.tʃi]
했어 그랬으면,7,[hɛt̚.ʌ.kɯ.ɾɛt̚.ɯ.mjʌn],[hɛt̚.ʌ.gɯ.ɾɛt̚.ɯ.mjʌn]
필요하다 우리가,7,[pʰil.jo.ha.ta.u.ɾi.ka],[pʰil.jo.ha.da.u.ɾi.ga]
내 말대로 하지,7,[nɛ.mal.tɛ.ɾo.ha.tʃi],[nɛ.mal.tɛ.ɾo.ha.dʒi]
했어 그럼 내가,7,[hɛt̚.ʌ.kɯ.ɾʌm.nɛ.ka],[hɛt̚.ʌ.gɯ.ɾʌm.nɛ.ga]
필요하다고 생각하면,7,[pʰil.jo.ha.ta.ko.sɛŋ.kak̚.ha.mjʌn],[pʰil.jo.ha.da.go.sɛŋ.gak̚.ha.mjʌn]
백만 부,7,[pɛk̚.mam.pu],[bɛk̚.man.bu]
백만 불을,7,[pɛk̚.mam.pul.ɯl],[bɛk̚.man.bul.ɯl]
고양이 자세,7,[ko.jaŋ.i.tʃa.se],[go.jaŋ.i.dʒa.se]
과외 활동,7,[kwa.we.hwal.toŋ],[gwa.we.hwal.toŋ]
내 말대로만 해,7,[nɛ.mal.tɛ.ɾo.man.hɛ],[nɛ.mal.tɛ.ɾo.man.hɛ]
백만 유로가,7,[pɛk̚.man.ju.ɾo.ka],[bɛk̚.man.ju.ɾo.ga]
백만 유로,7,[pɛk̚.man.ju.ɾo],[bɛk̚.man.ju.ɾo]
내가 무엇이,7,[nɛ.ka.mu.ʌt̚.i],[nɛ.ga.mu.ʌt̚.i]
백만 유로를,7,[pɛk̚.man.ju.ɾo.ɾɯl],[bɛk̚.man.ju.ɾo.ɾɯl]
백만 장,7,[pɛk̚.man.tʃaŋ],[bɛk̚.man.dʒaŋ]
필요하다면 그렇게,7,[pʰil.jo.ha.ta.mjʌŋ.kɯ.ɾʌt̚.ke],[pʰil.jo.ha.da.mjʌn.gɯ.ɾʌt̚.ke]
백만개의 꿈으로,7,[pɛk̚.maŋ.kɛ.ɯi.k͈um.ɯ.ɾo],[bɛk̚.maŋ.kɛ.ɯi.k͈um.ɯ.ɾo]
필요하다면 해야죠,7,[pʰil.jo.ha.ta.mjʌn.hɛ.ja.tʃjo],[pʰil.jo.ha.da.mjʌn.hɛ.ja.dʒjo]
필요하단 거,7,[pʰil.jo.ha.taŋ.kʌ],[pʰil.jo.ha.dan.gʌ]
했어 그저,7,[hɛt̚.ʌ.kɯ.tʃʌ],[hɛt̚.ʌ.gɯ.dʒʌ]
필요하단 말야,7,[pʰil.jo.ha.tan.mal.ja],[pʰil.jo.ha.dan.mal.ja]
필요하면 꼭,7,[pʰil.jo.ha.mjʌŋ.k͈ok̚],[pʰil.jo.ha.mjʌŋ.k͈ok̚]
과일 맛이,7,[kwa.il.mat̚.i],[gwa.il.mat̚.i]
내가 무죄라고,7,[nɛ.ka.mu.tʃwe.ɾa.ko],[nɛ.ga.mu.dʒwe.ɾa.go]
봐 아기,7,[pwa.a.ki],[bwa.a.gi]
백문이 불여일견,7,[pɛk̚.mun.i.pul.jʌ.il.kjʌn],[bɛk̚.mun.i.bul.jʌ.il.kjʌn]
이게 의미하는,7,[i.ke.ɯi.mi.ha.nɯn],[i.ge.ɯi.mi.ha.nɯn]
했어 기회가,7,[hɛt̚.ʌ.ki.hwe.ka],[hɛt̚.ʌ.gi.hwe.ga]
백번 양보해서,7,[pɛk̚.pʌn.jam.po.hɛ.sʌ],[bɛk̚.pʌn.jaŋ.bo.hɛ.sʌ]
고양이가 부뚜막에,7,[ko.jaŋ.i.ka.pu.t͈u.mak̚.e],[go.jaŋ.i.ga.bu.t͈u.mak̚.e]
필요하면 연락할,7,[pʰil.jo.ha.mjʌn.jʌl.lak̚.hal],[pʰil.jo.ha.mjʌn.jʌl.lak̚.hal]
내 말만 잘 들으면,7,[nɛ.mal.man.tʃal.tɯl.ɯ.mjʌn],[nɛ.mal.man.dʒal.dɯl.ɯ.mjʌn]
했어 나보고,7,[hɛt̚.ʌ.na.po.ko],[hɛt̚.ʌ.na.bo.go]
백성들 모두,7,[pɛk̚.sʌŋ.tɯl.mo.tu],[bɛk̚.sʌŋ.dɯl.mo.du]
내 말부터 들어봐,7,[nɛ.mal.pu.tʰʌ.tɯl.ʌ.pwa],[nɛ.mal.pu.tʰʌ.dɯl.ʌ.bwa]
고양이가 부뚜막에 먼저,7,[ko.jaŋ.i.ka.pu.t͈u.mak̚.e.mʌn.tʃʌ],[go.jaŋ.i.ga.bu.t͈u.mak̚.e.mʌn.tʃʌ]
필요하신 건 없나요,7,[pʰil.jo.ha.siŋ.kʌn.ʌp̚.na.jo],[pʰil.jo.ha.sin.gʌn.ʌp̚.na.jo]
백성들의 사랑,7,[pɛk̚.sʌŋ.tɯl.ɯi.sa.ɾaŋ],[bɛk̚.sʌŋ.dɯl.ɯi.sa.ɾaŋ]
고양이가 얼마나,7,[ko.jaŋ.i.ka.ʌl.ma.na],[go.jaŋ.i.ga.ʌl.ma.na]
필요하실 겁니다,7,[pʰil.jo.ha.sil.kʌp̚.ni.ta],[pʰil.jo.ha.sil.gʌp̚.ni.da]
했어 난 널,7,[hɛt̚.ʌ.nan.nʌl],[hɛt̚.ʌ.nan.nʌl]
필요하실 것 같아서요,7,[pʰil.jo.ha.sil.kʌt̚.kat̚.a.sʌ.jo],[pʰil.jo.ha.sil.gʌt̚.gat̚.a.sʌ.jo]
필요하죠 하지만,7,[pʰil.jo.ha.tʃjo.ha.tʃi.man],[pʰil.jo.ha.dʒjo.ha.dʒi.man]
내 말에 토,7,[nɛ.mal.e.tʰo],[nɛ.mal.e.tʰo]
필요하지 내가,7,[pʰil.jo.ha.tʃi.nɛ.ka],[pʰil.jo.ha.dʒi.nɛ.ga]
내 말엔,7,[nɛ.mal.en],[nɛ.mal.en]
내가 문제,7,[nɛ.ka.mun.tʃe],[nɛ.ga.mun.tʃe]
백스터 선생님,7,[pɛk̚.sɯ.tʰʌ.sʌn.sɛŋ.nim],[bɛk̚.sɯ.tʰʌ.sʌn.sɛŋ.nim]
고양이가 있어요,7,[ko.jaŋ.i.ka.it̚.ʌ.jo],[go.jaŋ.i.ga.it̚.ʌ.jo]
필요하지 않으세요,7,[pʰil.jo.ha.tʃi.an.ɯ.se.jo],[pʰil.jo.ha.dʒi.an.ɯ.se.jo]
백신 접종을,7,[pɛk̚.sin.tʃʌp̚.tʃoŋ.ɯl],[bɛk̚.sin.dʒʌp̚.tʃoŋ.ɯl]
필요하지 않을 것,7,[pʰil.jo.ha.tʃi.an.ɯl.kʌt̚],[pʰil.jo.ha.dʒi.an.ɯl.gʌt̚]
감사합니다 할,7,[kam.sa.hap̚.ni.ta.hal],[gam.sa.hap̚.ni.da.hal]
백신을 개발할,7,[pɛk̚.sin.ɯl.kɛ.pal.hal],[bɛk̚.sin.ɯl.gɛ.bal.hal]
내 말은 그게 다야,7,[nɛ.mal.ɯŋ.kɯ.ke.ta.ja],[nɛ.mal.ɯn.gɯ.ge.da.ja]
필요한 거 아냐,7,[pʰil.jo.haŋ.kʌ.a.nja],[pʰil.jo.han.gʌ.a.nja]
필요한 거 있나요,7,[pʰil.jo.haŋ.kʌ.it̚.na.jo],[pʰil.jo.han.gʌ.it̚.na.jo]
필요한 거 있으면 말씀하세요,7,[pʰil.jo.haŋ.kʌ.it̚.ɯ.mjʌn.mal.s͈ɯm.ha.se.jo],[pʰil.jo.han.gʌ.it̚.ɯ.mjʌn.mal.s͈ɯm.ha.se.jo]
필요한 거 있으면 연락해,7,[pʰil.jo.haŋ.kʌ.it̚.ɯ.mjʌn.jʌl.lak̚.hɛ],[pʰil.jo.han.gʌ.it̚.ɯ.mjʌn.jʌl.lak̚.hɛ]
고양이를 가지고,7,[ko.jaŋ.i.ɾɯl.ka.tʃi.ko],[go.jaŋ.i.ɾɯl.ga.dʒi.go]
백악관에 오신,7,[pɛk̚.ak̚.kwan.e.o.sin],[bɛk̚.ak̚.kwan.e.o.sin]
백악관 비서실장,7,[pɛk̚.ak̚.kwam.pi.sʌ.sil.tʃaŋ],[bɛk̚.ak̚.kwan.bi.sʌ.sil.tʃaŋ]
과일과 채소가,7,[kwa.il.kwa.tʃʰɛ.so.ka],[gwa.il.kwa.tʃʰɛ.so.ga]
내 말은 그들은,7,[nɛ.mal.ɯŋ.kɯ.tɯl.ɯn],[nɛ.mal.ɯn.gɯ.dɯl.ɯn]
했어 누군가,7,[hɛt̚.ʌ.nu.kuŋ.ka],[hɛt̚.ʌ.nu.guŋ.ka]
백여 년,7,[pɛk̚.jʌ.njʌn],[bɛk̚.jʌ.njʌn]
고양이를 사서,7,[ko.jaŋ.i.ɾɯl.sa.sʌ],[go.jaŋ.i.ɾɯl.sa.sʌ]
아무 일 없는 듯,7,[a.mu.il.ʌp̚.nɯn.tɯt̚],[a.mu.il.ʌp̚.nɯn.dɯt̚]
백인 계집,7,[pɛk̚.iŋ.kje.tʃip̚],[bɛk̚.in.gje.dʒip̚]
필요한 건 내,7,[pʰil.jo.haŋ.kʌn.nɛ],[pʰil.jo.han.gʌn.nɛ]
필요한 건 내가 아니야,7,[pʰil.jo.haŋ.kʌn.nɛ.ka.a.ni.ja],[pʰil.jo.han.gʌn.nɛ.ga.a.ni.ja]
백인 남성에,7,[pɛk̚.in.nam.sʌŋ.e],[bɛk̚.in.nam.sʌŋ.e]
과일을 완전,7,[kwa.il.ɯl.wan.tʃʌn],[gwa.il.ɯl.wan.tʃʌn]
백인 남성을,7,[pɛk̚.in.nam.sʌŋ.ɯl],[bɛk̚.in.nam.sʌŋ.ɯl]
필요한 건 손을,7,[pʰil.jo.haŋ.kʌn.son.ɯl],[pʰil.jo.han.gʌn.son.ɯl]
고양이를 좋아해요,7,[ko.jaŋ.i.ɾɯl.tʃot̚.a.hɛ.jo],[go.jaŋ.i.ɾɯl.dʒot̚.a.hɛ.jo]
필요한 건 손을 뻗어,7,[pʰil.jo.haŋ.kʌn.son.ɯl.p͈ʌt̚.ʌ],[pʰil.jo.han.gʌn.son.ɯl.p͈ʌt̚.ʌ]
필요한 건 이,7,[pʰil.jo.haŋ.kʌn.i],[pʰil.jo.han.gʌn.i]
백인 남자를,7,[pɛk̚.in.nan.tʃa.ɾɯl],[bɛk̚.in.nan.tʃa.ɾɯl]
필요한 건가요,7,[pʰil.jo.haŋ.kʌŋ.ka.jo],[pʰil.jo.han.gʌŋ.ka.jo]
필요한 건요,7,[pʰil.jo.haŋ.kʌn.jo],[pʰil.jo.han.gʌn.jo]
필요한 걸 내가,7,[pʰil.jo.haŋ.kʌl.lɛ.ka],[pʰil.jo.han.gʌl.lɛ.ga]
필요한 걸 얻었,7,[pʰil.jo.haŋ.kʌl.ʌt̚.ʌt̚],[pʰil.jo.han.gʌl.ʌt̚.ʌt̚]
필요한 걸 얻을,7,[pʰil.jo.haŋ.kʌl.ʌt̚.ɯl],[pʰil.jo.han.gʌl.ʌt̚.ɯl]
내 말은 니가,7,[nɛ.mal.ɯn.ni.ka],[nɛ.mal.ɯn.ni.ga]
필요한 걸지도,7,[pʰil.jo.haŋ.kʌl.tʃi.to],[pʰil.jo.han.gʌl.tʃi.do]
필요한 것 같다,7,[pʰil.jo.haŋ.kʌt̚.kat̚.ta],[pʰil.jo.han.gʌt̚.gat̚.ta]
백인 여성을,7,[pɛk̚.in.jʌ.sʌŋ.ɯl],[bɛk̚.in.jʌ.sʌŋ.ɯl]
필요한 것 아무거나,7,[pʰil.jo.haŋ.kʌt̚.a.mu.kʌ.na],[pʰil.jo.han.gʌt̚.a.mu.gʌ.na]
필요한 것 같습니다,7,[pʰil.jo.haŋ.kʌt̚.kat̚.sɯp̚.ni.ta],[pʰil.jo.han.gʌt̚.gat̚.sɯp̚.ni.da]
필요한 것 없어,7,[pʰil.jo.haŋ.kʌt̚.ʌp̚.ʌ],[pʰil.jo.han.gʌt̚.ʌp̚.ʌ]
필요한 것 있으세요,7,[pʰil.jo.haŋ.kʌt̚.it̚.ɯ.se.jo],[pʰil.jo.han.gʌt̚.it̚.ɯ.se.jo]
백인 여자는,7,[pɛk̚.in.jʌ.tʃa.nɯn],[bɛk̚.in.jʌ.dʒa.nɯn]
감사해야 돼,7,[kam.sa.hɛ.ja.twɛ],[gam.sa.hɛ.ja.dwɛ]
or are,7,,
했어 나랑 같이,7,[hɛt̚.ʌ.na.ɾaŋ.kat̚.i],[hɛt̚.ʌ.na.ɾaŋ.gat̚.i]
필요한 것보다,7,[pʰil.jo.haŋ.kʌt̚.po.ta],[pʰil.jo.han.gʌt̚.po.da]
백인 우월주의를,7,[pɛk̚.in.u.wʌl.tʃu.ɯi.ɾɯl],[bɛk̚.in.u.wʌl.tʃu.ɯi.ɾɯl]
감사해야 하는,7,[kam.sa.hɛ.ja.ha.nɯn],[gam.sa.hɛ.ja.ha.nɯn]
내 말은 만약,7,[nɛ.mal.ɯn.man.jak̚],[nɛ.mal.ɯn.man.jak̚]
고언어학 입문,7,[ko.ʌn.ʌ.hak̚.ip̚.mun],[go.ʌn.ʌ.hak̚.ip̚.mun]
백인 칼,7,[pɛk̚.iŋ.kʰal],[bɛk̚.iŋ.kʰal]
내 말은 못,7,[nɛ.mal.ɯn.mot̚],[nɛ.mal.ɯn.mot̚]
내 말은 무슨,7,[nɛ.mal.ɯn.mu.sɯn],[nɛ.mal.ɯn.mu.sɯn]
감사해야 한다고,7,[kam.sa.hɛ.ja.han.ta.ko],[gam.sa.hɛ.ja.han.ta.go]
필요한 게 아니에요,7,[pʰil.jo.haŋ.ke.a.ni.e.jo],[pʰil.jo.han.ge.a.ni.e.jo]
필요한 게 있습니까,7,[pʰil.jo.haŋ.ke.it̚.sɯp̚.ni.k͈a],[pʰil.jo.han.ge.it̚.sɯp̚.ni.k͈a]
백작으로 부터,7,[pɛk̚.tʃak̚.ɯ.ɾo.pu.tʰʌ],[bɛk̚.tʃak̚.ɯ.ɾo.bu.tʰʌ]
백작으로 부터 그의,7,[pɛk̚.tʃak̚.ɯ.ɾo.pu.tʰʌ.kɯ.ɯi],[bɛk̚.tʃak̚.ɯ.ɾo.bu.tʰʌ.gɯ.ɯi]
백작으로 부터 그의 연인,7,[pɛk̚.tʃak̚.ɯ.ɾo.pu.tʰʌ.kɯ.ɯi.jʌn.in],[bɛk̚.tʃak̚.ɯ.ɾo.bu.tʰʌ.gɯ.ɯi.jʌn.in]
필요한 게 있으면 내,7,[pʰil.jo.haŋ.ke.it̚.ɯ.mjʌn.nɛ],[pʰil.jo.han.ge.it̚.ɯ.mjʌn.nɛ]
백지 신탁에,7,[pɛk̚.tʃi.sin.tʰak̚.e],[bɛk̚.tʃi.sin.tʰak̚.e]
필요한 게 있으면 연락해,7,[pʰil.jo.haŋ.ke.it̚.ɯ.mjʌn.jʌl.lak̚.hɛ],[pʰil.jo.han.ge.it̚.ɯ.mjʌn.jʌl.lak̚.hɛ]
내 말은 오늘,7,[nɛ.mal.ɯn.o.nɯl],[nɛ.mal.ɯn.o.nɯl]
필요한 게 있을 거야,7,[pʰil.jo.haŋ.ke.it̚.ɯl.kʌ.ja],[pʰil.jo.han.ge.it̚.ɯl.gʌ.ja]
필요한 경우가 아니면,7,[pʰil.jo.haŋ.kjʌŋ.u.ka.a.ni.mjʌn],[pʰil.jo.han.gjʌŋ.u.ga.a.ni.mjʌn]
필요한 곳 어디든지,7,[pʰil.jo.haŋ.kot̚.ʌ.ti.tɯn.tʃi],[pʰil.jo.han.got̚.ʌ.di.dɯn.tʃi]
필요한 곳으로,7,[pʰil.jo.haŋ.kot̚.ɯ.ɾo],[pʰil.jo.han.got̚.ɯ.ɾo]
고요한 밤 거룩한,7,[ko.jo.ham.pam.kʌ.ɾuk̚.han],[go.jo.han.bam.gʌ.ɾuk̚.han]
감사해야 합니다,7,[kam.sa.hɛ.ja.hap̚.ni.ta],[gam.sa.hɛ.ja.hap̚.ni.da]
고용 계약,7,[ko.joŋ.kje.jak̚],[go.joŋ.gje.jak̚]
필요한 때에,7,[pʰil.jo.han.t͈ɛ.e],[pʰil.jo.han.t͈ɛ.e]
밴 디 캠프는,7,[pɛn.ti.kʰɛm.pʰɯ.nɯn],[bɛn.di.kʰɛm.pʰɯ.nɯn]
필요한 모든 것 바로,7,[pʰil.jo.han.mo.tɯŋ.kʌt̚.pa.ɾo],[pʰil.jo.han.mo.dɯn.gʌt̚.ba.ɾo]
필요한 모든 것을 가지고,7,[pʰil.jo.han.mo.tɯŋ.kʌt̚.ɯl.ka.tʃi.ko],[pʰil.jo.han.mo.dɯn.gʌt̚.ɯl.ga.dʒi.go]
필요한 모든 게 여기,7,[pʰil.jo.han.mo.tɯŋ.ke.jʌ.ki],[pʰil.jo.han.mo.dɯn.ge.jʌ.gi]
내 말은 저,7,[nɛ.mal.ɯn.tʃʌ],[nɛ.mal.ɯn.dʒʌ]
했어 새,7,[hɛt̚.ʌ.sɛ],[hɛt̚.ʌ.sɛ]
내 말은 정말,7,[nɛ.mal.ɯn.tʃʌŋ.mal],[nɛ.mal.ɯn.dʒʌŋ.mal]
필요한 물건은,7,[pʰil.jo.han.mul.kʌn.ɯn],[pʰil.jo.han.mul.kʌn.ɯn]
고용 한,7,[ko.joŋ.han],[go.joŋ.han]
내 말은 좋은,7,[nɛ.mal.ɯn.tʃot̚.ɯn],[nɛ.mal.ɯn.dʒot̚.ɯn]
했어 솔직히,7,[hɛt̚.ʌ.sol.tʃik̚.hi],[hɛt̚.ʌ.sol.tʃik̚.hi]
or how,7,,
했어 싫어,7,[hɛt̚.ʌ.sil.ʌ],[hɛt̚.ʌ.sil.ʌ]
고용 할,7,[ko.joŋ.hal],[go.joŋ.hal]
필요한 사람이라면,7,[pʰil.jo.han.sa.ɾam.i.ɾa.mjʌn],[pʰil.jo.han.sa.ɾam.i.ɾa.mjʌn]
내 말은 하나도,7,[nɛ.mal.ɯn.ha.na.to],[nɛ.mal.ɯn.ha.na.do]
고용 했어,7,[ko.joŋ.hɛt̚.ʌ],[go.joŋ.hɛt̚.ʌ]
필요한 사람이죠,7,[pʰil.jo.han.sa.ɾam.i.tʃjo],[pʰil.jo.han.sa.ɾam.i.dʒjo]
했어 실제로,7,[hɛt̚.ʌ.sil.tʃe.ɾo],[hɛt̚.ʌ.sil.tʃe.ɾo]
필요한 사람한테,7,[pʰil.jo.han.sa.ɾam.han.tʰe],[pʰil.jo.han.sa.ɾam.han.tʰe]
밴드 이름으로,7,[pɛn.tɯ.i.ɾɯm.ɯ.ɾo],[bɛn.tɯ.i.ɾɯm.ɯ.ɾo]
필요한 순간,7,[pʰil.jo.han.suŋ.kan],[pʰil.jo.han.suŋ.kan]
밴드 활동을,7,[pɛn.tɯ.hwal.toŋ.ɯl],[bɛn.tɯ.hwal.toŋ.ɯl]
필요한 시간은,7,[pʰil.jo.han.si.kan.ɯn],[pʰil.jo.han.si.gan.ɯn]
필요한 이유가,7,[pʰil.jo.han.i.ju.ka],[pʰil.jo.han.i.ju.ga]
했어 아이,7,[hɛt̚.ʌ.a.i],[hɛt̚.ʌ.a.i]
봐 어떻게 할,7,[pwa.ʌ.t͈ʌt̚.ke.hal],[bwa.ʌ.t͈ʌt̚.ke.hal]
필요한 일 있으면,7,[pʰil.jo.han.il.it̚.ɯ.mjʌn],[pʰil.jo.han.il.it̚.ɯ.mjʌn]
했어 아직도,7,[hɛt̚.ʌ.a.tʃik̚.to],[hɛt̚.ʌ.a.dʒik̚.to]
밴쉬 지난,7,[pɛn.swi.tʃi.nan],[bɛn.swi.dʒi.nan]
내가 물어봤을,7,[nɛ.ka.mul.ʌ.pwat̚.ɯl],[nɛ.ga.mul.ʌ.bwat̚.ɯl]
밴쉬 지난 이야기,7,[pɛn.swi.tʃi.nan.i.ja.ki],[bɛn.swi.dʒi.nan.i.ja.gi]
감사해요 그,7,[kam.sa.hɛ.jo.kɯ],[gam.sa.hɛ.jo.gɯ]
필요한 준비를,7,[pʰil.jo.han.tʃum.pi.ɾɯl],[pʰil.jo.han.dʒum.pi.ɾɯl]
했어 어딘가,7,[hɛt̚.ʌ.ʌ.tiŋ.ka],[hɛt̚.ʌ.ʌ.diŋ.ka]
필요한가 보죠,7,[pʰil.jo.haŋ.ka.po.tʃjo],[pʰil.jo.haŋ.ka.bo.dʒjo]
밸런타인 데이인데,7,[pɛl.ɾʌn.tʰa.in.te.i.in.te],[bɛl.ɾʌn.tʰa.in.de.i.in.te]
필요한거 있으세요,7,[pʰil.jo.haŋ.kʌ.it̚.ɯ.se.jo],[pʰil.jo.haŋ.kʌ.it̚.ɯ.se.jo]
필요한거 있으면,7,[pʰil.jo.haŋ.kʌ.it̚.ɯ.mjʌn],[pʰil.jo.haŋ.kʌ.it̚.ɯ.mjʌn]
밸리 종합병원,7,[pɛl.ɾi.tʃoŋ.hap̚.pjʌŋ.wʌn],[bɛl.ɾi.dʒoŋ.hap̚.pjʌŋ.wʌn]
밸리 포지,7,[pɛl.ɾi.pʰo.tʃi],[bɛl.ɾi.pʰo.dʒi]
감사해요 그런데,7,[kam.sa.hɛ.jo.kɯ.ɾʌn.te],[gam.sa.hɛ.jo.gɯ.ɾʌn.te]
내 말을 들어줄,7,[nɛ.mal.ɯl.tɯl.ʌ.tʃul],[nɛ.mal.ɯl.dɯl.ʌ.dʒul]
했어 어쩔 수,7,[hɛt̚.ʌ.ʌ.tʃ͈ʌl.su],[hɛt̚.ʌ.ʌ.tʃ͈ʌl.su]
밸리에 있는,7,[pɛl.ɾi.e.it̚.nɯn],[bɛl.ɾi.e.it̚.nɯn]
봐 언니가,7,[pwa.ʌn.ni.ka],[bwa.ʌn.ni.ga]
고용하지 말라고,7,[ko.joŋ.ha.tʃi.mal.ɾa.ko],[go.joŋ.ha.dʒi.mal.ɾa.go]
했어 엄청,7,[hɛt̚.ʌ.ʌn.tʃʰʌŋ],[hɛt̚.ʌ.ʌn.tʃʰʌŋ]
필요할 거란,7,[pʰil.jo.hal.kʌ.ɾan],[pʰil.jo.hal.gʌ.ɾan]
필요할 거야 내,7,[pʰil.jo.hal.kʌ.ja.nɛ],[pʰil.jo.hal.gʌ.ja.nɛ]
필요할 거야 네가,7,[pʰil.jo.hal.kʌ.ja.ne.ka],[pʰil.jo.hal.gʌ.ja.ne.ga]
했어 여러,7,[hɛt̚.ʌ.jʌ.ɾʌ],[hɛt̚.ʌ.jʌ.ɾʌ]
고용하지 않았어,7,[ko.joŋ.ha.tʃi.an.at̚.ʌ],[go.joŋ.ha.dʒi.an.at̚.ʌ]
봐 얼마나 귀여운지 엘리오,7,[pwa.ʌl.ma.na.kwi.jʌ.un.tʃi.el.ɾi.o],[bwa.ʌl.ma.na.gwi.jʌ.un.tʃi.el.ɾi.o]
뱀파이어 소굴에,7,[pɛm.pʰa.i.ʌ.so.kul.e],[bɛm.pʰa.i.ʌ.so.gul.e]
했어 옳은,7,[hɛt̚.ʌ.ol.ɯn],[hɛt̚.ʌ.ol.ɯn]
했어 완전히,7,[hɛt̚.ʌ.wan.tʃʌn.hi],[hɛt̚.ʌ.wan.tʃʌn.hi]
내 말을 믿게,7,[nɛ.mal.ɯl.mit̚.ke],[nɛ.mal.ɯl.mit̚.ke]
내가 뭐 어쨌다고,7,[nɛ.ka.mwʌ.ʌ.tʃ͈ɛt̚.ta.ko],[nɛ.ga.mwʌ.ʌ.tʃ͈ɛt̚.ta.go]
필요할 때 어디,7,[pʰil.jo.hal.t͈ɛ.ʌ.ti],[pʰil.jo.hal.t͈ɛ.ʌ.di]
뱀파이어가 되는,7,[pɛm.pʰa.i.ʌ.ka.twe.nɯn],[bɛm.pʰa.i.ʌ.ga.dwe.nɯn]
필요할 뿐이다,7,[pʰil.jo.hal.p͈un.i.ta],[pʰil.jo.hal.p͈un.i.da]
I could tell,7,,
봐 얼마나 귀여운지,7,[pwa.ʌl.ma.na.kwi.jʌ.un.tʃi],[bwa.ʌl.ma.na.gwi.jʌ.un.tʃi]
필요할 테고,7,[pʰil.jo.hal.tʰe.ko],[pʰil.jo.hal.tʰe.go]
감사해요 누가,7,[kam.sa.hɛ.jo.nu.ka],[gam.sa.hɛ.jo.nu.ga]
봐 여기 있어,7,[pwa.jʌ.ki.it̚.ʌ],[bwa.jʌ.gi.it̚.ʌ]
필요할까 해서요,7,[pʰil.jo.hal.k͈a.hɛ.sʌ.jo],[pʰil.jo.hal.k͈a.hɛ.sʌ.jo]
필요할지도 모르니,7,[pʰil.jo.hal.tʃi.to.mo.ɾɯ.ni],[pʰil.jo.hal.tʃi.do.mo.ɾɯ.ni]
내 말을 안 듣는군,7,[nɛ.mal.ɯl.an.tɯt̚.nɯŋ.kun],[nɛ.mal.ɯl.an.dɯt̚.nɯŋ.kun]
고용한 걸까요,7,[ko.joŋ.haŋ.kʌl.k͈a.jo],[go.joŋ.han.gʌl.k͈a.jo]
필요합니다 lrm,7,[pʰil.jo.hap̚.ni.ta],[pʰil.jo.hap̚.ni.da]
뱅상 카셀,7,[pɛŋ.saŋ.kʰa.sel],[bɛŋ.saŋ.kʰa.sel]
at their,7,,
필요합니다 우린,7,[pʰil.jo.hap̚.ni.ta.u.ɾin],[pʰil.jo.hap̚.ni.da.u.ɾin]
뱅스니스 토마스 깁슨 기획,7,[pɛŋ.sɯ.ni.sɯ.tʰo.ma.sɯ.kip̚.sɯŋ.ki.hwek̚],[bɛŋ.sɯ.ni.sɯ.tʰo.ma.sɯ.gip̚.sɯn.gi.hwek̚]
고용한 게 아니야,7,[ko.joŋ.haŋ.ke.a.ni.ja],[go.joŋ.han.ge.a.ni.ja]
필요합니다 지금,7,[pʰil.jo.hap̚.ni.ta.tʃi.kɯm],[pʰil.jo.hap̚.ni.da.dʒi.gɯm]
필요합니다 하지만,7,[pʰil.jo.hap̚.ni.ta.ha.tʃi.man],[pʰil.jo.hap̚.ni.da.ha.dʒi.man]
했어 일,7,[hɛt̚.ʌ.il],[hɛt̚.ʌ.il]
뱉는 거,7,[pɛt̚.nɯŋ.kʌ],[bɛt̚.nɯn.gʌ]
이게 핵심이야,7,[i.ke.hɛk̚.sim.i.ja],[i.ge.hɛk̚.sim.i.ja]
내 말을 이해 못,7,[nɛ.mal.ɯl.i.hɛ.mot̚],[nɛ.mal.ɯl.i.hɛ.mot̚]
뱉어 낼,7,[pɛt̚.ʌ.nɛl],[bɛt̚.ʌ.nɛl]
필요해 그녀가,7,[pʰil.jo.hɛ.kɯ.njʌ.ka],[pʰil.jo.hɛ.gɯ.njʌ.ga]
필요해 그들이,7,[pʰil.jo.hɛ.kɯ.tɯl.i],[pʰil.jo.hɛ.gɯ.dɯl.i]
내 말을 전해라,7,[nɛ.mal.ɯl.tʃʌn.hɛ.ɾa],[nɛ.mal.ɯl.dʒʌn.hɛ.ɾa]
내 말을 전혀 안,7,[nɛ.mal.ɯl.tʃʌn.hjʌ.an],[nɛ.mal.ɯl.dʒʌn.hjʌ.an]
했어 장난해,7,[hɛt̚.ʌ.tʃaŋ.nan.hɛ],[hɛt̚.ʌ.dʒaŋ.nan.hɛ]
봐 알렉스,7,[pwa.al.ɾek̚.sɯ],[bwa.al.ɾek̚.sɯ]
버그스버그 카운티 보안관,7,[pʌ.kɯ.sɯ.pʌ.kɯ.kʰa.un.tʰi.po.aŋ.kwan],[bʌ.gɯ.sɯ.bʌ.gɯ.kʰa.un.tʰi.bo.aŋ.kwan]
필요해 나랑,7,[pʰil.jo.hɛ.na.ɾaŋ],[pʰil.jo.hɛ.na.ɾaŋ]
했어 잘했어,7,[hɛt̚.ʌ.tʃal.hɛt̚.ʌ],[hɛt̚.ʌ.dʒal.hɛt̚.ʌ]
내 말을 하나도,7,[nɛ.mal.ɯl.ha.na.to],[nɛ.mal.ɯl.ha.na.do]
필요해 날 위해,7,[pʰil.jo.hɛ.nal.wi.hɛ],[pʰil.jo.hɛ.nal.wi.hɛ]
내 말의 요지는,7,[nɛ.mal.ɯi.jo.tʃi.nɯn],[nɛ.mal.ɯi.jo.dʒi.nɯn]
했어 죄송해요,7,[hɛt̚.ʌ.tʃwe.soŋ.hɛ.jo],[hɛt̚.ʌ.dʒwe.soŋ.hɛ.jo]
필요해 늘,7,[pʰil.jo.hɛ.nɯl],[pʰil.jo.hɛ.nɯl]
필요해 다,7,[pʰil.jo.hɛ.ta],[pʰil.jo.hɛ.da]
내 말이 곧,7,[nɛ.mal.i.kot̚],[nɛ.mal.i.got̚]
버넘 중령에,7,[pʌ.nʌn.tʃuŋ.ɾjʌŋ.e],[bʌ.nʌm.dʒuŋ.ɾjʌŋ.e]
내가 뭐라 말,7,[nɛ.ka.mwʌ.ɾa.mal],[nɛ.ga.mwʌ.ɾa.mal]
버넘 중령에 대한 선고를,7,[pʌ.nʌn.tʃuŋ.ɾjʌŋ.e.tɛ.han.sʌŋ.ko.ɾɯl],[bʌ.nʌm.dʒuŋ.ɾjʌŋ.e.dɛ.han.sʌŋ.ko.ɾɯl]
버넘 중령에 대한,7,[pʌ.nʌn.tʃuŋ.ɾjʌŋ.e.tɛ.han],[bʌ.nʌm.dʒuŋ.ɾjʌŋ.e.dɛ.han]
했어 차,7,[hɛt̚.ʌ.tʃʰa],[hɛt̚.ʌ.tʃʰa]
필요해 됐어,7,[pʰil.jo.hɛ.twɛt̚.ʌ],[pʰil.jo.hɛ.dwɛt̚.ʌ]
필요해 또,7,[pʰil.jo.hɛ.t͈o],[pʰil.jo.hɛ.t͈o]
내 말이 그 말입니다,7,[nɛ.mal.i.kɯ.mal.ip̚.ni.ta],[nɛ.mal.i.gɯ.mal.ip̚.ni.da]
필요해 뭐든,7,[pʰil.jo.hɛ.mwʌ.tɯn],[pʰil.jo.hɛ.mwʌ.dɯn]
필요해 뭐가,7,[pʰil.jo.hɛ.mwʌ.ka],[pʰil.jo.hɛ.mwʌ.ga]
했어 처음부터,7,[hɛt̚.ʌ.tʃʰʌ.ɯm.pu.tʰʌ],[hɛt̚.ʌ.tʃʰʌ.ɯm.pu.tʰʌ]
내 말이 들려,7,[nɛ.mal.i.tɯl.ɾjʌ],[nɛ.mal.i.dɯl.ɾjʌ]
내 말이 들리나,7,[nɛ.mal.i.tɯl.ɾi.na],[nɛ.mal.i.dɯl.ɾi.na]
필요해 새,7,[pʰil.jo.hɛ.sɛ],[pʰil.jo.hɛ.sɛ]
필요해 안돼,7,[pʰil.jo.hɛ.an.twɛ],[pʰil.jo.hɛ.an.twɛ]
필요해 알겠어요,7,[pʰil.jo.hɛ.al.ket̚.ʌ.jo],[pʰil.jo.hɛ.al.ket̚.ʌ.jo]
버는 줄,7,[pʌ.nɯn.tʃul],[bʌ.nɯn.dʒul]
감사해요 뭘요,7,[kam.sa.hɛ.jo.mwʌl.jo],[gam.sa.hɛ.jo.mwʌl.jo]
했어 피를,7,[hɛt̚.ʌ.pʰi.ɾɯl],[hɛt̚.ʌ.pʰi.ɾɯl]
버드 정육점,7,[pʌ.tɯ.tʃʌŋ.juk̚.tʃʌm],[bʌ.dɯ.dʒʌŋ.juk̚.tʃʌm]
or nothing,7,,
필요해 이미,7,[pʰil.jo.hɛ.i.mi],[pʰil.jo.hɛ.i.mi]
고용했죠 그리고,7,[ko.joŋ.hɛt̚.tʃjo.kɯ.ɾi.ko],[go.joŋ.hɛt̚.tʃjo.gɯ.ɾi.go]
했어야 하나요,7,[hɛt̚.ʌ.ja.ha.na.jo],[hɛt̚.ʌ.ja.ha.na.jo]
필요해 자기,7,[pʰil.jo.hɛ.tʃa.ki],[pʰil.jo.hɛ.dʒa.gi]
필요해 저도,7,[pʰil.jo.hɛ.tʃʌ.to],[pʰil.jo.hɛ.dʒʌ.do]
고운 얼굴,7,[ko.un.ʌl.kul],[go.un.ʌl.kul]
버러지 같은 새끼,7,[pʌ.ɾʌ.tʃi.kat̚.ɯn.sɛ.k͈i],[bʌ.ɾʌ.dʒi.gat̚.ɯn.sɛ.k͈i]
필요해 할 수,7,[pʰil.jo.hɛ.hal.su],[pʰil.jo.hɛ.hal.su]
필요해 확실히,7,[pʰil.jo.hɛ.hwak̚.sil.hi],[pʰil.jo.hɛ.hwak̚.sil.hi]
내 말이 맞잖아요,7,[nɛ.mal.i.mat̚.tʃan.a.jo],[nɛ.mal.i.mat̚.tʃan.a.jo]
봐 우리 모두,7,[pwa.u.ɾi.mo.tu],[bwa.u.ɾi.mo.du]
버려 내,7,[pʌ.ɾjʌ.nɛ],[bʌ.ɾjʌ.nɛ]
버려 넌,7,[pʌ.ɾjʌ.nʌn],[bʌ.ɾjʌ.nʌn]
필요해요 괜찮아,7,[pʰil.jo.hɛ.jo.kwɛn.tʃʰan.a],[pʰil.jo.hɛ.jo.gwɛn.tʃʰan.a]
고위급 정부,7,[ko.wi.kɯp̚.tʃʌm.pu],[go.wi.gɯp̚.dʒʌŋ.bu]
내 말이 사실인,7,[nɛ.mal.i.sa.sil.in],[nɛ.mal.i.sa.sil.in]
감사해요 안녕,7,[kam.sa.hɛ.jo.an.njʌŋ],[gam.sa.hɛ.jo.an.njʌŋ]
내 말이 옳다는,7,[nɛ.mal.i.ol.ta.nɯn],[nɛ.mal.i.ol.ta.nɯn]
필요해요 넌,7,[pʰil.jo.hɛ.jo.nʌn],[pʰil.jo.hɛ.jo.nʌn]
했어요 그거,7,[hɛt̚.ʌ.jo.kɯ.kʌ],[hɛt̚.ʌ.jo.gɯ.gʌ]
필요해요 다,7,[pʰil.jo.hɛ.jo.ta],[pʰil.jo.hɛ.jo.da]
필요해요 다시,7,[pʰil.jo.hɛ.jo.ta.si],[pʰil.jo.hɛ.jo.da.si]
감사해요 안녕하세요,7,[kam.sa.hɛ.jo.an.njʌŋ.ha.se.jo],[gam.sa.hɛ.jo.an.njʌŋ.ha.se.jo]
했어야 됐는데,7,[hɛt̚.ʌ.ja.twɛt̚.nɯn.te],[hɛt̚.ʌ.ja.dwɛt̚.nɯn.te]
필요해요 당신을,7,[pʰil.jo.hɛ.jo.taŋ.sin.ɯl],[pʰil.jo.hɛ.jo.daŋ.sin.ɯl]
내 말이 우리,7,[nɛ.mal.i.u.ɾi],[nɛ.mal.i.u.ɾi]
버려도 돼요,7,[pʌ.ɾjʌ.to.twɛ.jo],[bʌ.ɾjʌ.do.dwɛ.jo]
봐 윈스턴이,7,[pwa.win.sɯ.tʰʌn.i],[bwa.win.sɯ.tʰʌn.i]
필요해요 돈이,7,[pʰil.jo.hɛ.jo.ton.i],[pʰil.jo.hɛ.jo.don.i]
필요해요 맙소사,7,[pʰil.jo.hɛ.jo.map̚.so.sa],[pʰil.jo.hɛ.jo.map̚.so.sa]
버려둔 채,7,[pʌ.ɾjʌ.tun.tʃʰɛ],[bʌ.ɾjʌ.dun.tʃʰɛ]
버려둘 수,7,[pʌ.ɾjʌ.tul.su],[bʌ.ɾjʌ.dul.su]
내 말이 이해가,7,[nɛ.mal.i.i.hɛ.ka],[nɛ.mal.i.i.hɛ.ga]
필요해요 뭐가,7,[pʰil.jo.hɛ.jo.mwʌ.ka],[pʰil.jo.hɛ.jo.mwʌ.ga]
내 말이 틀려요,7,[nɛ.mal.i.tʰɯl.ɾjʌ.jo],[nɛ.mal.i.tʰɯl.ɾjʌ.jo]
필요해요 뭘,7,[pʰil.jo.hɛ.jo.mwʌl],[pʰil.jo.hɛ.jo.mwʌl]
필요해요 빨리,7,[pʰil.jo.hɛ.jo.p͈al.ɾi],[pʰil.jo.hɛ.jo.p͈al.ɾi]
필요해요 시간이,7,[pʰil.jo.hɛ.jo.si.kan.i],[pʰil.jo.hɛ.jo.si.gan.i]
내 말이 틀렸나,7,[nɛ.mal.i.tʰɯl.ɾjʌt̚.na],[nɛ.mal.i.tʰɯl.ɾjʌt̚.na]
필요해요 아니면,7,[pʰil.jo.hɛ.jo.a.ni.mjʌn],[pʰil.jo.hɛ.jo.a.ni.mjʌn]
버려선 안,7,[pʌ.ɾjʌ.sʌn.an],[bʌ.ɾjʌ.sʌn.an]
과장하는 게,7,[kwa.tʃaŋ.ha.nɯŋ.ke],[gwa.dʒaŋ.ha.nɯn.ge]
버려야 돼요,7,[pʌ.ɾjʌ.ja.twɛ.jo],[bʌ.ɾjʌ.ja.dwɛ.jo]
버려야 하는,7,[pʌ.ɾjʌ.ja.ha.nɯn],[bʌ.ɾjʌ.ja.ha.nɯn]
필요해요 안녕하세요,7,[pʰil.jo.hɛ.jo.an.njʌŋ.ha.se.jo],[pʰil.jo.hɛ.jo.an.njʌŋ.ha.se.jo]
필요해요 알겠어,7,[pʰil.jo.hɛ.jo.al.ket̚.ʌ],[pʰil.jo.hɛ.jo.al.ket̚.ʌ]
버려야 한다고,7,[pʌ.ɾjʌ.ja.han.ta.ko],[bʌ.ɾjʌ.ja.han.ta.go]
필요해요 여기서,7,[pʰil.jo.hɛ.jo.jʌ.ki.sʌ],[pʰil.jo.hɛ.jo.jʌ.gi.sʌ]
버려요 그,7,[pʌ.ɾjʌ.jo.kɯ],[bʌ.ɾjʌ.jo.gɯ]
버려요 안,7,[pʌ.ɾjʌ.jo.an],[bʌ.ɾjʌ.jo.an]
at war,7,,
버려져 있었어,7,[pʌ.ɾjʌ.tʃjʌ.it̚.ʌt̚.ʌ],[bʌ.ɾjʌ.dʒjʌ.it̚.ʌt̚.ʌ]
버려져 있었어요,7,[pʌ.ɾjʌ.tʃjʌ.it̚.ʌt̚.ʌ.jo],[bʌ.ɾjʌ.dʒjʌ.it̚.ʌt̚.ʌ.jo]
필요해요 좀,7,[pʰil.jo.hɛ.jo.tʃom],[pʰil.jo.hɛ.jo.dʒom]
감사해요 엘리오,7,[kam.sa.hɛ.jo.el.ɾi.o],[gam.sa.hɛ.jo.el.ɾi.o]
했어요 그리고는,7,[hɛt̚.ʌ.jo.kɯ.ɾi.ko.nɯn],[hɛt̚.ʌ.jo.gɯ.ɾi.go.nɯn]
버려진 게,7,[pʌ.ɾjʌ.tʃiŋ.ke],[bʌ.ɾjʌ.dʒin.ge]
필요했고 그래서,7,[pʰil.jo.hɛt̚.ko.kɯ.ɾɛ.sʌ],[pʰil.jo.hɛt̚.ko.gɯ.ɾɛ.sʌ]
내 맘 같지,7,[nɛ.mam.kat̚.tʃi],[nɛ.mam.gat̚.tʃi]
봐 이게 뭐예요,7,[pwa.i.ke.mwʌ.je.jo],[bwa.i.ge.mwʌ.je.jo]
필요했다 그리고,7,[pʰil.jo.hɛt̚.ta.kɯ.ɾi.ko],[pʰil.jo.hɛt̚.ta.gɯ.ɾi.go]
감사해요 엘리오 어디,7,[kam.sa.hɛ.jo.el.ɾi.o.ʌ.ti],[gam.sa.hɛ.jo.el.ɾi.o.ʌ.di]
버려진 후,7,[pʌ.ɾjʌ.tʃin.hu],[bʌ.ɾjʌ.dʒin.hu]
필요했던 적이,7,[pʰil.jo.hɛt̚.tʌn.tʃʌk̚.i],[pʰil.jo.hɛt̚.tʌn.dʒʌk̚.i]
감사해요 엘리오 어디 있죠,7,[kam.sa.hɛ.jo.el.ɾi.o.ʌ.ti.it̚.tʃjo],[gam.sa.hɛ.jo.el.ɾi.o.ʌ.di.it̚.tʃjo]
내 맘 좀,7,[nɛ.man.tʃom],[nɛ.mam.dʒom]
버렸다고 생각해요,7,[pʌ.ɾjʌt̚.ta.ko.sɛŋ.kak̚.hɛ.jo],[bʌ.ɾjʌt̚.ta.go.sɛŋ.gak̚.hɛ.jo]
내 맘대로 안 돼,7,[nɛ.man.tɛ.ɾo.an.twɛ],[nɛ.man.tɛ.ɾo.an.dwɛ]
했어요 남편이,7,[hɛt̚.ʌ.jo.nam.pʰjʌn.i],[hɛt̚.ʌ.jo.nam.pʰjʌn.i]
필적할 수,7,[pʰil.tʃʌk̚.hal.su],[pʰil.tʃʌk̚.hal.su]
필즈버리 선생님,7,[pʰil.tʃɯ.pʌ.ɾi.sʌn.sɛŋ.nim],[pʰil.tʃɯ.bʌ.ɾi.sʌn.sɛŋ.nim]
필이 어떻게,7,[pʰil.i.ʌ.t͈ʌt̚.ke],[pʰil.i.ʌ.t͈ʌt̚.ke]
내가 뭔가 놓치고,7,[nɛ.ka.mwʌŋ.ka.not̚.tʃʰi.ko],[nɛ.ga.mwʌŋ.ka.not̚.tʃʰi.go]
핑계 대면서,7,[pʰiŋ.kje.tɛ.mjʌn.sʌ],[pʰiŋ.gje.dɛ.mjʌn.sʌ]
핑계 좋네,7,[pʰiŋ.kje.tʃot̚.ne],[pʰiŋ.gje.dʒot̚.ne]
핑계는 대지,7,[pʰiŋ.kje.nɯn.tɛ.tʃi],[pʰiŋ.gje.nɯn.dɛ.dʒi]
핑계를 대,7,[pʰiŋ.kje.ɾɯl.tɛ],[pʰiŋ.gje.ɾɯl.dɛ]
핑계를 댈 수도,7,[pʰiŋ.kje.ɾɯl.tɛl.su.to],[pʰiŋ.gje.ɾɯl.dɛl.su.do]
버렸어 하지만,7,[pʌ.ɾjʌt̚.ʌ.ha.tʃi.man],[bʌ.ɾjʌt̚.ʌ.ha.dʒi.man]
하 뱉는다,7,[ha.pɛt̚.nɯn.ta],[ha.bɛt̚.nɯn.ta]
버렸어요 그럼,7,[pʌ.ɾjʌt̚.ʌ.jo.kɯ.ɾʌm],[bʌ.ɾjʌt̚.ʌ.jo.gɯ.ɾʌm]
하강 속도는,7,[ha.kaŋ.sok̚.to.nɯn],[ha.gaŋ.sok̚.to.nɯn]
하객 명단,7,[ha.kɛk̚.mjʌŋ.tan],[ha.gɛk̚.mjʌŋ.dan]
하거나 내,7,[ha.kʌ.na.nɛ],[ha.gʌ.na.nɛ]
하거나 그런,7,[ha.kʌ.na.kɯ.ɾʌn],[ha.gʌ.na.gɯ.ɾʌn]
했어요 더는,7,[hɛt̚.ʌ.jo.tʌ.nɯn],[hɛt̚.ʌ.jo.dʌ.nɯn]
했어요 마지막,7,[hɛt̚.ʌ.jo.ma.tʃi.mak̚],[hɛt̚.ʌ.jo.ma.dʒi.mak̚]
하거나 어떤,7,[ha.kʌ.na.ʌ.t͈ʌn],[ha.gʌ.na.ʌ.t͈ʌn]
봐 이상한,7,[pwa.i.saŋ.han],[bwa.i.saŋ.han]
하거든 그,7,[ha.kʌ.tɯŋ.kɯ],[ha.gʌ.dɯn.gɯ]
버렸으면 좋겠어요,7,[pʌ.ɾjʌt̚.ɯ.mjʌn.tʃot̚.ket̚.ʌ.jo],[bʌ.ɾjʌt̚.ɯ.mjʌn.dʒot̚.ket̚.ʌ.jo]
하거든 나도,7,[ha.kʌ.tɯn.na.to],[ha.gʌ.dɯn.na.do]
했어요 매일,7,[hɛt̚.ʌ.jo.mɛ.il],[hɛt̚.ʌ.jo.mɛ.il]
버렸을 텐데,7,[pʌ.ɾjʌt̚.ɯl.tʰen.te],[bʌ.ɾjʌt̚.ɯl.tʰen.te]
하거든 여기,7,[ha.kʌ.tɯn.jʌ.ki],[ha.gʌ.dɯn.jʌ.gi]
고자질 안,7,[ko.tʃa.tʃil.an],[go.dʒa.dʒil.an]
내 매력을,7,[nɛ.mɛ.ɾjʌk̚.ɯl],[nɛ.mɛ.ɾjʌk̚.ɯl]
버르장머리 없는 놈,7,[pʌ.ɾɯ.tʃaŋ.mʌ.ɾi.ʌp̚.nɯn.nom],[bʌ.ɾɯ.dʒaŋ.mʌ.ɾi.ʌp̚.nɯn.nom]
했어요 밖에,7,[hɛt̚.ʌ.jo.pak̚.e],[hɛt̚.ʌ.jo.bak̚.e]
하거든요 무슨,7,[ha.kʌ.tɯn.jo.mu.sɯn],[ha.gʌ.dɯn.jo.mu.sɯn]
감사해요 이건,7,[kam.sa.hɛ.jo.i.kʌn],[gam.sa.hɛ.jo.i.gʌn]
내가 뭘 깨달았는지 알아,7,[nɛ.ka.mwʌl.k͈ɛ.tal.at̚.nɯn.tʃi.al.a],[nɛ.ga.mwʌl.k͈ɛ.dal.at̚.nɯn.tʃi.al.a]
했어요 사람이,7,[hɛt̚.ʌ.jo.sa.ɾam.i],[hɛt̚.ʌ.jo.sa.ɾam.i]
하건 간에,7,[ha.kʌŋ.kan.e],[ha.gʌn.gan.e]
고작 그것 때문에,7,[ko.tʃak̚.kɯ.kʌt̚.t͈ɛ.mun.e],[go.dʒak̚.gɯ.gʌt̚.t͈ɛ.mun.e]
고작 그것,7,[ko.tʃak̚.kɯ.kʌt̚],[go.dʒak̚.gɯ.gʌt̚]
버릇없게 굴지,7,[pʌ.ɾɯt̚.ʌp̚.ke.kul.tʃi],[bʌ.ɾɯt̚.ʌp̚.ke.gul.tʃi]
내 맴이여,7,[nɛ.mɛm.i.jʌ],[nɛ.mɛm.i.jʌ]
버릇없는 행동,7,[pʌ.ɾɯt̚.ʌp̚.nɯn.hɛŋ.toŋ],[bʌ.ɾɯt̚.ʌp̚.nɯn.hɛŋ.doŋ]
하게 냅둬,7,[ha.ke.nɛp̚.twʌ],[ha.ge.nɛp̚.twʌ]
버릇없는 행동 하면,7,[pʌ.ɾɯt̚.ʌp̚.nɯn.hɛŋ.toŋ.ha.mjʌn],[bʌ.ɾɯt̚.ʌp̚.nɯn.hɛŋ.doŋ.ha.mjʌn]
버릇없는 행동 하면 안,7,[pʌ.ɾɯt̚.ʌp̚.nɯn.hɛŋ.toŋ.ha.mjʌn.an],[bʌ.ɾɯt̚.ʌp̚.nɯn.hɛŋ.doŋ.ha.mjʌn.an]
하게 놔둘 수,7,[ha.ke.nwa.tul.su],[ha.ge.nwa.dul.su]
하게 놔두지,7,[ha.ke.nwa.tu.tʃi],[ha.ge.nwa.du.dʒi]
버릇은 고치기,7,[pʌ.ɾɯt̚.ɯŋ.ko.tʃʰi.ki],[bʌ.ɾɯt̚.ɯn.go.tʃʰi.gi]
고작 그게,7,[ko.tʃak̚.kɯ.ke],[go.dʒak̚.gɯ.ge]
하게 돼서 정말,7,[ha.ke.twɛ.sʌ.tʃʌŋ.mal],[ha.ge.dwɛ.sʌ.dʒʌŋ.mal]
내 머리 속을,7,[nɛ.mʌ.ɾi.sok̚.ɯl],[nɛ.mʌ.ɾi.sok̚.ɯl]
하게 됐군요,7,[ha.ke.twɛt̚.kun.jo],[ha.ge.dwɛt̚.kun.jo]
버릇이 있다,7,[pʌ.ɾɯt̚.i.it̚.ta],[bʌ.ɾɯt̚.i.it̚.ta]
감사해요 저기,7,[kam.sa.hɛ.jo.tʃʌ.ki],[gam.sa.hɛ.jo.dʒʌ.gi]
내 머리 좀,7,[nɛ.mʌ.ɾi.tʃom],[nɛ.mʌ.ɾi.dʒom]
했어요 실은,7,[hɛt̚.ʌ.jo.sil.ɯn],[hɛt̚.ʌ.jo.sil.ɯn]
하게 되더라,7,[ha.ke.twe.tʌ.ɾa],[ha.ge.dwe.dʌ.ɾa]
하게 되서,7,[ha.ke.twe.sʌ],[ha.ge.dwe.sʌ]
하게 되었고,7,[ha.ke.twe.ʌt̚.ko],[ha.ge.dwe.ʌt̚.ko]
하게 되었어요,7,[ha.ke.twe.ʌt̚.ʌ.jo],[ha.ge.dwe.ʌt̚.ʌ.jo]
하게 된 거지,7,[ha.ke.tweŋ.kʌ.tʃi],[ha.ge.dwen.gʌ.dʒi]
봐 작년보다 더 예뻐지기도,7,[pwa.tʃak̚.njʌm.po.ta.tʌ.je.p͈ʌ.tʃi.ki.to],[bwa.dʒak̚.njʌm.po.da.dʌ.je.p͈ʌ.dʒi.gi.do]
하게 된거야,7,[ha.ke.tweŋ.kʌ.ja],[ha.ge.dweŋ.kʌ.ja]
고작 멈추지,7,[ko.tʃak̚.mʌn.tʃʰu.tʃi],[go.dʒak̚.mʌn.tʃʰu.dʒi]
고작 멈추지 않는,7,[ko.tʃak̚.mʌn.tʃʰu.tʃi.an.nɯn],[go.dʒak̚.mʌn.tʃʰu.dʒi.an.nɯn]
버리고 갔을,7,[pʌ.ɾi.ko.kat̚.ɯl],[bʌ.ɾi.go.gat̚.ɯl]
하게 될지도 몰라 그런,7,[ha.ke.twel.tʃi.to.mol.ɾa.kɯ.ɾʌn],[ha.ge.dwel.tʃi.do.mol.ɾa.gɯ.ɾʌn]
버리고 그리고 네 육체도,7,[pʌ.ɾi.ko.kɯ.ɾi.ko.ne.juk̚.tʃʰe.to],[bʌ.ɾi.go.gɯ.ɾi.go.ne.juk̚.tʃʰe.do]
버리고 그리고 네,7,[pʌ.ɾi.ko.kɯ.ɾi.ko.ne],[bʌ.ɾi.go.gɯ.ɾi.go.ne]
고작 몇 달,7,[ko.tʃak̚.mjʌt̚.tal],[go.dʒak̚.mjʌt̚.dal]
내 머리카락이,7,[nɛ.mʌ.ɾi.kʰa.ɾak̚.i],[nɛ.mʌ.ɾi.kʰa.ɾak̚.i]
atom bomb,7,,
하게 말이야,7,[ha.ke.mal.i.ja],[ha.ge.mal.i.ja]
하게 생겼네,7,[ha.ke.sɛŋ.kjʌt̚.ne],[ha.ge.sɛŋ.gjʌt̚.ne]
버리고 마음으로 외쳐,7,[pʌ.ɾi.ko.ma.ɯm.ɯ.ɾo.we.tʃʰjʌ],[bʌ.ɾi.go.ma.ɯm.ɯ.ɾo.we.tʃʰjʌ]
했어요 어디서,7,[hɛt̚.ʌ.jo.ʌ.ti.sʌ],[hɛt̚.ʌ.jo.ʌ.di.sʌ]
했어요 아니요,7,[hɛt̚.ʌ.jo.a.ni.jo],[hɛt̚.ʌ.jo.a.ni.jo]
했어요 어젯밤,7,[hɛt̚.ʌ.jo.ʌ.tʃet̚.pam],[hɛt̚.ʌ.jo.ʌ.dʒet̚.pam]
강박 관념,7,[kam.pak̚.kwan.njʌm],[gaŋ.bak̚.gwan.njʌm]
버리고 올,7,[pʌ.ɾi.ko.ol],[bʌ.ɾi.go.ol]
이곳에서 잘,7,[i.kot̚.e.sʌ.tʃal],[i.got̚.e.sʌ.dʒal]
하게 해주고 저분들,7,[ha.ke.hɛ.tʃu.ko.tʃʌ.pun.tɯl],[ha.ge.hɛ.dʒu.go.dʒʌ.bun.tɯl]
하게 해주고 저분들 생각도,7,[ha.ke.hɛ.tʃu.ko.tʃʌ.pun.tɯl.sɛŋ.kak̚.to],[ha.ge.hɛ.dʒu.go.dʒʌ.bun.tɯl.sɛŋ.gak̚.to]
버리고 왔지,7,[pʌ.ɾi.ko.wat̚.tʃi],[bʌ.ɾi.go.wat̚.tʃi]
하게 해줄까,7,[ha.ke.hɛ.tʃul.k͈a],[ha.ge.hɛ.dʒul.k͈a]
고작 이게,7,[ko.tʃak̚.i.ke],[go.dʒak̚.i.ge]
하게 해줬어,7,[ha.ke.hɛ.tʃwʌt̚.ʌ],[ha.ge.hɛ.dʒwʌt̚.ʌ]
했어요 어서,7,[hɛt̚.ʌ.jo.ʌ.sʌ],[hɛt̚.ʌ.jo.ʌ.sʌ]
하겠네 하지만,7,[ha.ket̚.ne.ha.tʃi.man],[ha.get̚.ne.ha.dʒi.man]
내 먼저,7,[nɛ.mʌn.tʃʌ],[nɛ.mʌn.tʃʌ]
하겠다고 말했다,7,[ha.ket̚.ta.ko.mal.hɛt̚.ta],[ha.get̚.ta.go.mal.hɛt̚.ta]
고작 일주일,7,[ko.tʃak̚.il.tʃu.il],[go.dʒak̚.il.tʃu.il]
하겠다고 약속했어,7,[ha.ket̚.ta.ko.jak̚.sok̚.hɛt̚.ʌ],[ha.get̚.ta.go.jak̚.sok̚.hɛt̚.ʌ]
고작 하는,7,[ko.tʃak̚.ha.nɯn],[go.dʒak̚.ha.nɯn]
하겠다고 했으니까,7,[ha.ket̚.ta.ko.hɛt̚.ɯ.ni.k͈a],[ha.get̚.ta.go.hɛt̚.ɯ.ni.k͈a]
하겠다고 했지,7,[ha.ket̚.ta.ko.hɛt̚.tʃi],[ha.get̚.ta.go.hɛt̚.tʃi]
하겠다는 겁니까,7,[ha.ket̚.ta.nɯŋ.kʌp̚.ni.k͈a],[ha.get̚.ta.nɯn.gʌp̚.ni.k͈a]
고작 한 달,7,[ko.tʃak̚.han.tal],[go.dʒak̚.han.dal]
하겠단 거야,7,[ha.ket̚.taŋ.kʌ.ja],[ha.get̚.tan.gʌ.ja]
or your,7,,
하겠습니다 예,7,[ha.ket̚.sɯp̚.ni.ta.je],[ha.get̚.sɯp̚.ni.da.je]
봐 저리,7,[pwa.tʃʌ.ɾi],[bwa.dʒʌ.ɾi]
하겠습니다 이제,7,[ha.ket̚.sɯp̚.ni.ta.i.tʃe],[ha.get̚.sɯp̚.ni.da.i.dʒe]
하겠습니다 지금,7,[ha.ket̚.sɯp̚.ni.ta.tʃi.kɯm],[ha.get̚.sɯp̚.ni.da.dʒi.gɯm]
버리려고 한,7,[pʌ.ɾi.ɾjʌ.ko.han],[bʌ.ɾi.ɾjʌ.go.han]
하겠어 네가,7,[ha.ket̚.ʌ.ne.ka],[ha.get̚.ʌ.ne.ga]
내가 뭘 알아냈게,7,[nɛ.ka.mwʌl.al.a.nɛt̚.ke],[nɛ.ga.mwʌl.al.a.nɛt̚.ke]
내 며느리가,7,[nɛ.mjʌ.nɯ.ɾi.ka],[nɛ.mjʌ.nɯ.ɾi.ga]
하겠어 우리,7,[ha.ket̚.ʌ.u.ɾi],[ha.get̚.ʌ.u.ɾi]
버리면 되지,7,[pʌ.ɾi.mjʌn.twe.tʃi],[bʌ.ɾi.mjʌn.dwe.dʒi]
하겠어 이건,7,[ha.ket̚.ʌ.i.kʌn],[ha.get̚.ʌ.i.gʌn]
하겠어 정말,7,[ha.ket̚.ʌ.tʃʌŋ.mal],[ha.get̚.ʌ.dʒʌŋ.mal]
하겠어 할 수 있어,7,[ha.ket̚.ʌ.hal.su.it̚.ʌ],[ha.get̚.ʌ.hal.su.it̚.ʌ]
버리면 안 되죠,7,[pʌ.ɾi.mjʌn.an.twe.tʃjo],[bʌ.ɾi.mjʌn.an.dwe.dʒjo]
내가 뭘 어떻게 하면,7,[nɛ.ka.mwʌl.ʌ.t͈ʌt̚.ke.ha.mjʌn],[nɛ.ga.mwʌl.ʌ.t͈ʌt̚.ke.ha.mjʌn]
고장 나다니,7,[ko.tʃaŋ.na.ta.ni],[go.dʒaŋ.na.da.ni]
했어요 잘했어,7,[hɛt̚.ʌ.jo.tʃal.hɛt̚.ʌ],[hɛt̚.ʌ.jo.dʒal.hɛt̚.ʌ]
하겠어요 이건,7,[ha.ket̚.ʌ.jo.i.kʌn],[ha.get̚.ʌ.jo.i.gʌn]
고장 나도,7,[ko.tʃaŋ.na.to],[go.dʒaŋ.na.do]
하겠죠 근데,7,[ha.ket̚.tʃjo.kɯn.te],[ha.get̚.tʃjo.gɯn.te]
하겠죠 나도,7,[ha.ket̚.tʃjo.na.to],[ha.get̚.tʃjo.na.do]
버리지 않겠다고,7,[pʌ.ɾi.tʃi.aŋ.ket̚.ta.ko],[bʌ.ɾi.dʒi.aŋ.ket̚.ta.go]
하겠지 계속,7,[ha.ket̚.tʃi.kje.sok̚],[ha.get̚.tʃi.gje.sok̚]
하겠지 그게,7,[ha.ket̚.tʃi.kɯ.ke],[ha.get̚.tʃi.gɯ.ge]
내 명령을 따라,7,[nɛ.mjʌŋ.ɾjʌŋ.ɯl.t͈a.ɾa],[nɛ.mjʌŋ.ɾjʌŋ.ɯl.t͈a.ɾa]
버리지 않는다,7,[pʌ.ɾi.tʃi.an.nɯn.ta],[bʌ.ɾi.dʒi.an.nɯn.ta]
내 명령을 따르라,7,[nɛ.mjʌŋ.ɾjʌŋ.ɯl.t͈a.ɾɯ.ɾa],[nɛ.mjʌŋ.ɾjʌŋ.ɯl.t͈a.ɾɯ.ɾa]
하겠지 날,7,[ha.ket̚.tʃi.nal],[ha.get̚.tʃi.nal]
봐 조니,7,[pwa.tʃo.ni],[bwa.dʒo.ni]
고장 나서 못,7,[ko.tʃaŋ.na.sʌ.mot̚],[go.dʒaŋ.na.sʌ.mot̚]
하겠지 아니,7,[ha.ket̚.tʃi.a.ni],[ha.get̚.tʃi.a.ni]
하겠지 우리가,7,[ha.ket̚.tʃi.u.ɾi.ka],[ha.get̚.tʃi.u.ɾi.ga]
감사히 생각해,7,[kam.sa.hi.sɛŋ.kak̚.hɛ],[gam.sa.hi.sɛŋ.gak̚.hɛ]
봐 존,7,[pwa.tʃon],[bwa.dʒon]
봐 제기랄,7,[pwa.tʃe.ki.ɾal],[bwa.dʒe.gi.ɾal]
하겠지 하지만 난,7,[ha.ket̚.tʃi.ha.tʃi.man.nan],[ha.get̚.tʃi.ha.dʒi.man.nan]
하겠지만 그냥,7,[ha.ket̚.tʃi.maŋ.kɯ.njaŋ],[ha.get̚.tʃi.man.gɯ.njaŋ]
했어요 죄송하지만,7,[hɛt̚.ʌ.jo.tʃwe.soŋ.ha.tʃi.man],[hɛt̚.ʌ.jo.dʒwe.soŋ.ha.dʒi.man]
고장 나요,7,[ko.tʃaŋ.na.jo],[go.dʒaŋ.na.jo]
하겠지만 제,7,[ha.ket̚.tʃi.man.tʃe],[ha.get̚.tʃi.man.dʒe]
버린 거에요,7,[pʌ.ɾiŋ.kʌ.e.jo],[bʌ.ɾin.gʌ.e.jo]
하경의 긴,7,[ha.kjʌŋ.ɯi.kin],[ha.gjʌŋ.ɯi.gin]
하경의 놀란,7,[ha.kjʌŋ.ɯi.nol.ɾan],[ha.gjʌŋ.ɯi.nol.ɾan]
하경의 긴 한숨,7,[ha.kjʌŋ.ɯi.kin.han.sum],[ha.gjʌŋ.ɯi.gin.han.sum]
버린 건지,7,[pʌ.ɾiŋ.kʌn.tʃi],[bʌ.ɾin.gʌn.tʃi]
고장 난 거죠,7,[ko.tʃaŋ.naŋ.kʌ.tʃjo],[go.dʒaŋ.nan.gʌ.dʒjo]
하고 가만히,7,[ha.ko.ka.man.hi],[ha.go.ga.man.hi]
버린 것에,7,[pʌ.ɾiŋ.kʌt̚.e],[bʌ.ɾin.gʌt̚.e]
Netflix subtitle,7,,
버린 것처럼,7,[pʌ.ɾiŋ.kʌt̚.tʃʰʌ.ɾʌm],[bʌ.ɾin.gʌt̚.tʃʰʌ.ɾʌm]
내 명품,7,[nɛ.mjʌm.pʰum],[nɛ.mjʌm.pʰum]
버린 게 아니에요,7,[pʌ.ɾiŋ.ke.a.ni.e.jo],[bʌ.ɾin.ge.a.ni.e.jo]
하고 계셨나요,7,[ha.ko.kje.sjʌt̚.na.jo],[ha.go.gje.sjʌt̚.na.jo]
내 몇,7,[nɛ.mjʌt̚],[nɛ.mjʌt̚]
했어요 착한,7,[hɛt̚.ʌ.jo.tʃʰak̚.han],[hɛt̚.ʌ.jo.tʃʰak̚.han]
했어요 참,7,[hɛt̚.ʌ.jo.tʃʰam],[hɛt̚.ʌ.jo.tʃʰam]
내 모든 건,7,[nɛ.mo.tɯŋ.kʌn],[nɛ.mo.dɯn.gʌn]
내가 뭘 원한다고,7,[nɛ.ka.mwʌl.wʌn.han.ta.ko],[nɛ.ga.mwʌl.wʌn.han.ta.go]
봐 주면 좋겠어,7,[pwa.tʃu.mjʌn.tʃot̚.ket̚.ʌ],[bwa.dʒu.mjʌn.dʒot̚.ket̚.ʌ]
하고 계신 거죠,7,[ha.ko.kje.siŋ.kʌ.tʃjo],[ha.go.gje.sin.gʌ.dʒjo]
강선우 셰프,7,[kaŋ.sʌn.u.sje.pʰɯ],[gaŋ.sʌn.u.sje.pʰɯ]
버린 후에,7,[pʌ.ɾin.hu.e],[bʌ.ɾin.hu.e]
버릴 거 같아,7,[pʌ.ɾil.kʌ.kat̚.a],[bʌ.ɾil.gʌ.gat̚.a]
하고 그녀의,7,[ha.ko.kɯ.njʌ.ɯi],[ha.go.gɯ.njʌ.ɯi]
감성적인 반주가,7,[kam.sʌŋ.tʃʌk̚.im.pan.tʃu.ka],[gam.sʌŋ.dʒʌk̚.in.ban.tʃu.ga]
하고 그들은,7,[ha.ko.kɯ.tɯl.ɯn],[ha.go.gɯ.dɯl.ɯn]
내가 뭘 잘못,7,[nɛ.ka.mwʌl.tʃal.mot̚],[nɛ.ga.mwʌl.dʒal.mot̚]
버릴 거야 네,7,[pʌ.ɾil.kʌ.ja.ne],[bʌ.ɾil.gʌ.ja.ne]
auch ist,7,,
하고 그리고 나서,7,[ha.ko.kɯ.ɾi.ko.na.sʌ],[ha.go.gɯ.ɾi.go.na.sʌ]
내 모든 죄를,7,[nɛ.mo.tɯn.tʃwe.ɾɯl],[nɛ.mo.dɯn.dʒwe.ɾɯl]
하고 금방,7,[ha.ko.kɯm.paŋ],[ha.go.gɯm.paŋ]
과학 같은,7,[kwa.hak̚.kat̚.ɯn],[gwa.hak̚.gat̚.ɯn]
하고 나는 말했다,7,[ha.ko.na.nɯn.mal.hɛt̚.ta],[ha.go.na.nɯn.mal.hɛt̚.ta]
내 모습 그대로,7,[nɛ.mo.sɯp̚.kɯ.tɛ.ɾo],[nɛ.mo.sɯp̚.gɯ.dɛ.ɾo]
하고 나머지,7,[ha.ko.na.mʌ.tʃi],[ha.go.na.mʌ.dʒi]
버릴 때가,7,[pʌ.ɾil.t͈ɛ.ka],[bʌ.ɾil.t͈ɛ.ga]
버릴 만한,7,[pʌ.ɾil.man.han],[bʌ.ɾil.man.han]
Netflix subtitle downloader,7,,
버릴 방법을,7,[pʌ.ɾil.pam.pʌp̚.ɯl],[bʌ.ɾil.baŋ.bʌp̚.ɯl]
근데 잘 안,7,[kɯn.te.tʃal.an],[gɯn.te.dʒal.an]
내가 뭘 잘못했나요,7,[nɛ.ka.mwʌl.tʃal.mot̚.hɛt̚.na.jo],[nɛ.ga.mwʌl.dʒal.mot̚.hɛt̚.na.jo]
버릴 수 없다고,7,[pʌ.ɾil.su.ʌp̚.ta.ko],[bʌ.ɾil.su.ʌp̚.ta.go]
고장 났다,7,[ko.tʃaŋ.nat̚.ta],[go.dʒaŋ.nat̚.ta]
했었어 네,7,[hɛt̚.ʌt̚.ʌ.ne],[hɛt̚.ʌt̚.ʌ.ne]
하고 노래도,7,[ha.ko.no.ɾɛ.to],[ha.go.no.ɾɛ.do]
내 모습을 보여,7,[nɛ.mo.sɯp̚.ɯl.po.jʌ],[nɛ.mo.sɯp̚.ɯl.bo.jʌ]
하고 놀았어,7,[ha.ko.nol.at̚.ʌ],[ha.go.nol.at̚.ʌ]
하고 놀자,7,[ha.ko.nol.tʃa],[ha.go.nol.tʃa]
하고 늘,7,[ha.ko.nɯl],[ha.go.nɯl]
하고 누군가는,7,[ha.ko.nu.kuŋ.ka.nɯn],[ha.go.nu.guŋ.ka.nɯn]
했었어야 했는데,7,[hɛt̚.ʌt̚.ʌ.ja.hɛt̚.nɯn.te],[hɛt̚.ʌt̚.ʌ.ja.hɛt̚.nɯn.te]
하고 다녔어,7,[ha.ko.ta.njʌt̚.ʌ],[ha.go.da.njʌt̚.ʌ]
내 모습이 화려하진,7,[nɛ.mo.sɯp̚.i.hwa.ɾjʌ.ha.tʃin],[nɛ.mo.sɯp̚.i.hwa.ɾjʌ.ha.dʒin]
auch ist in,7,,
하고 다녔지,7,[ha.ko.ta.njʌt̚.tʃi],[ha.go.da.njʌt̚.tʃi]
하고 다니냐,7,[ha.ko.ta.ni.nja],[ha.go.da.ni.nja]
내 모자가,7,[nɛ.mo.tʃa.ka],[nɛ.mo.dʒa.ga]
했었을 거야,7,[hɛt̚.ʌt̚.ɯl.kʌ.ja],[hɛt̚.ʌt̚.ɯl.gʌ.ja]
하고 다닌다고,7,[ha.ko.ta.nin.ta.ko],[ha.go.da.nin.ta.go]
버릴 순 없지,7,[pʌ.ɾil.sun.ʌp̚.tʃi],[bʌ.ɾil.sun.ʌp̚.tʃi]
내 모자는,7,[nɛ.mo.tʃa.nɯn],[nɛ.mo.dʒa.nɯn]
감수 할 수,7,[kam.su.hal.su],[gam.su.hal.su]
하고 다시는,7,[ha.ko.ta.si.nɯn],[ha.go.da.si.nɯn]
버릴 줄 알았어,7,[pʌ.ɾil.tʃul.al.at̚.ʌ],[bʌ.ɾil.dʒul.al.at̚.ʌ]
하고 당신이 적을 당시에는,7,[ha.ko.taŋ.sin.i.tʃʌk̚.ɯl.taŋ.si.e.nɯn],[ha.go.daŋ.sin.i.dʒʌk̚.ɯl.daŋ.si.e.nɯn]
하고 당신이 적을,7,[ha.ko.taŋ.sin.i.tʃʌk̚.ɯl],[ha.go.daŋ.sin.i.dʒʌk̚.ɯl]
하고 더는,7,[ha.ko.tʌ.nɯn],[ha.go.dʌ.nɯn]
내 목걸이를,7,[nɛ.mok̚.kʌl.i.ɾɯl],[nɛ.mok̚.kʌl.i.ɾɯl]
하고 딴,7,[ha.ko.t͈an],[ha.go.t͈an]
내 목도,7,[nɛ.mok̚.to],[nɛ.mok̚.to]
떨어지면 더,7,[t͈ʌl.ʌ.tʃi.mjʌn.tʌ],[t͈ʌl.ʌ.dʒi.mjʌn.dʌ]
하고 많은 곳,7,[ha.ko.man.ɯŋ.kot̚],[ha.go.man.ɯn.got̚]
내 목록에,7,[nɛ.mok̚.ɾok̚.e],[nɛ.mok̚.ɾok̚.e]
하고 말도 안,7,[ha.ko.mal.to.an],[ha.go.mal.to.an]
버뱅크 공항,7,[pʌ.pɛŋ.kʰɯ.koŋ.haŋ],[bʌ.bɛŋ.kʰɯ.goŋ.haŋ]
auch ist in ihn,7,,
내 목소리 들리면,7,[nɛ.mok̚.so.ɾi.tɯl.ɾi.mjʌn],[nɛ.mok̚.so.ɾi.dɯl.ɾi.mjʌn]
했었죠 전,7,[hɛt̚.ʌt̚.tʃjo.tʃʌn],[hɛt̚.ʌt̚.tʃjo.dʒʌn]
하고 머리도,7,[ha.ko.mʌ.ɾi.to],[ha.go.mʌ.ɾi.do]
했었잖아 하지만,7,[hɛt̚.ʌt̚.tʃan.a.ha.tʃi.man],[hɛt̚.ʌt̚.tʃan.a.ha.dʒi.man]
내 목소리다,7,[nɛ.mok̚.so.ɾi.ta],[nɛ.mok̚.so.ɾi.da]
하고 바라게,7,[ha.ko.pa.ɾa.ke],[ha.go.ba.ɾa.ge]
하고 사람을,7,[ha.ko.sa.ɾam.ɯl],[ha.go.sa.ɾam.ɯl]
떨어지면 죽어,7,[t͈ʌl.ʌ.tʃi.mjʌn.tʃuk̚.ʌ],[t͈ʌl.ʌ.dʒi.mjʌn.dʒuk̚.ʌ]
하고 사실,7,[ha.ko.sa.sil],[ha.go.sa.sil]
내가 뭘 찾았나,7,[nɛ.ka.mwʌl.tʃʰat̚.at̚.na],[nɛ.ga.mwʌl.tʃʰat̚.at̚.na]
하고 산,7,[ha.ko.san],[ha.go.san]
내 목소리야,7,[nɛ.mok̚.so.ɾi.ja],[nɛ.mok̚.so.ɾi.ja]
고장 냈나,7,[ko.tʃaŋ.nɛt̚.na],[go.dʒaŋ.nɛt̚.na]
하고 새로운,7,[ha.ko.sɛ.ɾo.un],[ha.go.sɛ.ɾo.un]
버스 정류장은,7,[pʌ.sɯ.tʃʌŋ.ɾju.tʃaŋ.ɯn],[bʌ.sɯ.dʒʌŋ.ɾju.dʒaŋ.ɯn]
내 목소리에 집중해요,7,[nɛ.mok̚.so.ɾi.e.tʃip̚.tʃuŋ.hɛ.jo],[nɛ.mok̚.so.ɾi.e.dʒip̚.tʃuŋ.hɛ.jo]
감수하는 거야,7,[kam.su.ha.nɯŋ.kʌ.ja],[gam.su.ha.nɯn.gʌ.ja]
하고 서,7,[ha.ko.sʌ],[ha.go.sʌ]
했으니 나도,7,[hɛt̚.ɯ.ni.na.to],[hɛt̚.ɯ.ni.na.do]
하고 술,7,[ha.ko.sul],[ha.go.sul]
버스 타고 가면,7,[pʌ.sɯ.tʰa.ko.ka.mjʌn],[bʌ.sɯ.tʰa.go.ga.mjʌn]
했으니까 걱정,7,[hɛt̚.ɯ.ni.k͈a.kʌk̚.tʃʌŋ],[hɛt̚.ɯ.ni.k͈a.gʌk̚.tʃʌŋ]
하고 신경,7,[ha.ko.siŋ.kjʌŋ],[ha.go.siŋ.kjʌŋ]
하고 싶,7,[ha.ko.sip̚],[ha.go.sip̚]
했으니 이,7,[hɛt̚.ɯ.ni.i],[hɛt̚.ɯ.ni.i]
내 목숨보다 더,7,[nɛ.mok̚.sum.po.ta.tʌ],[nɛ.mok̚.sum.po.da.dʌ]
고장난 거,7,[ko.tʃaŋ.naŋ.kʌ],[go.dʒaŋ.nan.gʌ]
버스 탈 거야,7,[pʌ.sɯ.tʰal.kʌ.ja],[bʌ.sɯ.tʰal.gʌ.ja]
했으니까 그건,7,[hɛt̚.ɯ.ni.k͈a.kɯ.kʌn],[hɛt̚.ɯ.ni.k͈a.gɯ.gʌn]
버스 터미널에서,7,[pʌ.sɯ.tʰʌ.mi.nʌl.e.sʌ],[bʌ.sɯ.tʰʌ.mi.nʌl.e.sʌ]
하고 싶다네요,7,[ha.ko.sip̚.ta.ne.jo],[ha.go.sip̚.ta.ne.jo]
하고 싶다는 거야,7,[ha.ko.sip̚.ta.nɯŋ.kʌ.ja],[ha.go.sip̚.ta.nɯn.gʌ.ja]
하고 싶다고 했지,7,[ha.ko.sip̚.ta.ko.hɛt̚.tʃi],[ha.go.sip̚.ta.go.hɛt̚.tʃi]
봐 차에,7,[pwa.tʃʰa.e],[bwa.tʃʰa.e]
했으니까요 그,7,[hɛt̚.ɯ.ni.k͈a.jo.kɯ],[hɛt̚.ɯ.ni.k͈a.jo.gɯ]
했으니 어서,7,[hɛt̚.ɯ.ni.ʌ.sʌ],[hɛt̚.ɯ.ni.ʌ.sʌ]
하고 싶어 너,7,[ha.ko.sip̚.ʌ.nʌ],[ha.go.sip̚.ʌ.nʌ]
했으면 나도,7,[hɛt̚.ɯ.mjʌn.na.to],[hɛt̚.ɯ.mjʌn.na.do]
내 목숨을 구해줬잖아,7,[nɛ.mok̚.sum.ɯl.ku.hɛ.tʃwʌt̚.tʃan.a],[nɛ.mok̚.sum.ɯl.gu.hɛ.dʒwʌt̚.tʃan.a]
하고 싶어 해요,7,[ha.ko.sip̚.ʌ.hɛ.jo],[ha.go.sip̚.ʌ.hɛ.jo]
하고 싶어 했어요,7,[ha.ko.sip̚.ʌ.hɛt̚.ʌ.jo],[ha.go.sip̚.ʌ.hɛt̚.ʌ.jo]
하고 싶어 했죠,7,[ha.ko.sip̚.ʌ.hɛt̚.tʃjo],[ha.go.sip̚.ʌ.hɛt̚.tʃjo]
고장이 안,7,[ko.tʃaŋ.i.an],[go.dʒaŋ.i.an]
하고 싶어서 너한테 화,7,[ha.ko.sip̚.ʌ.sʌ.nʌ.han.tʰe.hwa],[ha.go.sip̚.ʌ.sʌ.nʌ.han.tʰe.hwa]
하고 싶어서 너한테,7,[ha.ko.sip̚.ʌ.sʌ.nʌ.han.tʰe],[ha.go.sip̚.ʌ.sʌ.nʌ.han.tʰe]
봐 착하지,7,[pwa.tʃʰak̚.ha.tʃi],[bwa.tʃʰak̚.ha.dʒi]
했으면 우린,7,[hɛt̚.ɯ.mjʌn.u.ɾin],[hɛt̚.ɯ.mjʌn.u.ɾin]
봐 총을,7,[pwa.tʃʰoŋ.ɯl],[bwa.tʃʰoŋ.ɯl]
하고 싶어요 제가,7,[ha.ko.sip̚.ʌ.jo.tʃe.ka],[ha.go.sip̚.ʌ.jo.dʒe.ga]
고정 관념을,7,[ko.tʃʌŋ.kwan.njʌm.ɯl],[go.dʒʌŋ.gwan.njʌm.ɯl]
했으면 좋겠군요,7,[hɛt̚.ɯ.mjʌn.tʃot̚.ket̚.kun.jo],[hɛt̚.ɯ.mjʌn.dʒot̚.ket̚.kun.jo]
버스에 탔던,7,[pʌ.sɯ.e.tʰat̚.tʌn],[bʌ.sɯ.e.tʰat̚.tʌn]
고정 된,7,[ko.tʃʌŋ.twen],[go.dʒʌŋ.dwen]
하고 싶었나 봐요,7,[ha.ko.sip̚.ʌt̚.na.pwa.jo],[ha.go.sip̚.ʌt̚.na.bwa.jo]
other room,7,,
하고 싶었다면,7,[ha.ko.sip̚.ʌt̚.ta.mjʌn],[ha.go.sip̚.ʌt̚.ta.mjʌn]
내 목에 올가미를,7,[nɛ.mok̚.e.ol.ka.mi.ɾɯl],[nɛ.mok̚.e.ol.ka.mi.ɾɯl]
고정 장치,7,[ko.tʃʌŋ.tʃaŋ.tʃʰi],[go.dʒʌŋ.dʒaŋ.tʃʰi]
하고 싶었던 일을,7,[ha.ko.sip̚.ʌt̚.tʌn.il.ɯl],[ha.go.sip̚.ʌt̚.tʌn.il.ɯl]
감수하진 않을,7,[kam.su.ha.tʃin.an.ɯl],[gam.su.ha.dʒin.an.ɯl]
하고 싶었어 그리고,7,[ha.ko.sip̚.ʌt̚.ʌ.kɯ.ɾi.ko],[ha.go.sip̚.ʌt̚.ʌ.gɯ.ɾi.go]
했으면 좋았잖아,7,[hɛt̚.ɯ.mjʌn.tʃot̚.at̚.tʃan.a],[hɛt̚.ɯ.mjʌn.dʒot̚.at̚.tʃan.a]
내 목을 잡고,7,[nɛ.mok̚.ɯl.tʃap̚.ko],[nɛ.mok̚.ɯl.dʒap̚.ko]
버전으로 그럼,7,[pʌ.tʃʌn.ɯ.ɾo.kɯ.ɾʌm],[bʌ.dʒʌn.ɯ.ɾo.gɯ.ɾʌm]
버전으로 그럼 뭐가,7,[pʌ.tʃʌn.ɯ.ɾo.kɯ.ɾʌm.mwʌ.ka],[bʌ.dʒʌn.ɯ.ɾo.gɯ.ɾʌm.mwʌ.ga]
버전으로 그럼 뭐가 문제야,7,[pʌ.tʃʌn.ɯ.ɾo.kɯ.ɾʌm.mwʌ.ka.mun.tʃe.ja],[bʌ.dʒʌn.ɯ.ɾo.gɯ.ɾʌm.mwʌ.ga.mun.tʃe.ja]
aus sehender,7,,
했을 거 같아,7,[hɛt̚.ɯl.kʌ.kat̚.a],[hɛt̚.ɯl.gʌ.gat̚.a]
버지니아 랭리,7,[pʌ.tʃi.ni.a.ɾɛŋ.ɾi],[bʌ.dʒi.ni.a.ɾɛŋ.ɾi]
버지니아 랭리 CIA 본부,7,[pʌ.tʃi.ni.a.ɾɛŋ.ɾi.pom.pu],[bʌ.dʒi.ni.a.ɾɛŋ.ɾi.bom.pu]
버지니아 랭리 CIA,7,[pʌ.tʃi.ni.a.ɾɛŋ.ɾi],[bʌ.dʒi.ni.a.ɾɛŋ.ɾi]
하고 싶은 거면,7,[ha.ko.sip̚.ɯŋ.kʌ.mjʌn],[ha.go.sip̚.ɯn.gʌ.mjʌn]
버지니아 존슨,7,[pʌ.tʃi.ni.a.tʃon.sɯn],[bʌ.dʒi.ni.a.dʒon.sɯn]
했을 거라고요,7,[hɛt̚.ɯl.kʌ.ɾa.ko.jo],[hɛt̚.ɯl.gʌ.ɾa.go.jo]
버지니아 존슨이에요,7,[pʌ.tʃi.ni.a.tʃon.sɯn.i.e.jo],[bʌ.dʒi.ni.a.dʒon.sɯn.i.e.jo]
내 목표를,7,[nɛ.mok̚.pʰjo.ɾɯl],[nɛ.mok̚.pʰjo.ɾɯl]
버지니아 주의,7,[pʌ.tʃi.ni.a.tʃu.ɯi],[bʌ.dʒi.ni.a.dʒu.ɯi]
하고 싶은 걸 할,7,[ha.ko.sip̚.ɯŋ.kʌl.hal],[ha.go.sip̚.ɯn.gʌl.hal]
하고 싶은 걸 다,7,[ha.ko.sip̚.ɯŋ.kʌl.ta],[ha.go.sip̚.ɯn.gʌl.da]
하고 싶은 걸 해,7,[ha.ko.sip̚.ɯŋ.kʌl.hɛ],[ha.go.sip̚.ɯn.gʌl.hɛ]
하고 싶은 것만,7,[ha.ko.sip̚.ɯŋ.kʌt̚.man],[ha.go.sip̚.ɯn.gʌt̚.man]
버지니아에서 온,7,[pʌ.tʃi.ni.a.e.sʌ.on],[bʌ.dʒi.ni.a.e.sʌ.on]
하고 싶은 게 있는데,7,[ha.ko.sip̚.ɯŋ.ke.it̚.nɯn.te],[ha.go.sip̚.ɯn.ge.it̚.nɯn.te]
고조되는 긴장되는,7,[ko.tʃo.twe.nɯŋ.kin.tʃaŋ.twe.nɯn],[go.dʒo.dwe.nɯn.gin.tʃaŋ.dwe.nɯn]
봐 카메라,7,[pwa.kʰa.me.ɾa],[bwa.kʰa.me.ɾa]
버치 씨,7,[pʌ.tʃʰi.s͈i],[bʌ.tʃʰi.s͈i]
버치톨드는 c,7,[pʌ.tʃʰi.tʰol.tɯ.nɯn],[bʌ.tʃʰi.tʰol.tɯ.nɯn]
고조되는 긴장되는 음악,7,[ko.tʃo.twe.nɯŋ.kin.tʃaŋ.twe.nɯn.ɯm.ak̚],[go.dʒo.dwe.nɯn.gin.tʃaŋ.dwe.nɯn.ɯm.ak̚]
하고 싶은 마음은,7,[ha.ko.sip̚.ɯn.ma.ɯm.ɯn],[ha.go.sip̚.ɯn.ma.ɯm.ɯn]
하고 싶은 말 있니,7,[ha.ko.sip̚.ɯn.mal.it̚.ni],[ha.go.sip̚.ɯn.mal.it̚.ni]
하고 싶은 말을 다,7,[ha.ko.sip̚.ɯn.mal.ɯl.ta],[ha.go.sip̚.ɯn.mal.ɯl.da]
하고 싶은 말은 이,7,[ha.ko.sip̚.ɯn.mal.ɯn.i],[ha.go.sip̚.ɯn.mal.ɯn.i]
내 몫이에요,7,[nɛ.mok̚.i.e.jo],[nɛ.mok̚.i.e.jo]
하고 싶은 말이 뭐지,7,[ha.ko.sip̚.ɯn.mal.i.mwʌ.tʃi],[ha.go.sip̚.ɯn.mal.i.mwʌ.dʒi]
버킹엄 궁에서,7,[pʌ.kʰiŋ.ʌm.kuŋ.e.sʌ],[bʌ.kʰiŋ.ʌm.guŋ.e.sʌ]
버터 안,7,[pʌ.tʰʌ.an],[bʌ.tʰʌ.an]
하고 싶은 말이 있습니다,7,[ha.ko.sip̚.ɯn.mal.i.it̚.sɯp̚.ni.ta],[ha.go.sip̚.ɯn.mal.i.it̚.sɯp̚.ni.da]
했을 때 그는,7,[hɛt̚.ɯl.t͈ɛ.kɯ.nɯn],[hɛt̚.ɯl.t͈ɛ.gɯ.nɯn]
other side of the,7,,
하고 싶은 생각이,7,[ha.ko.sip̚.ɯn.sɛŋ.kak̚.i],[ha.go.sip̚.ɯn.sɛŋ.gak̚.i]
고집 그만 부리고,7,[ko.tʃip̚.kɯ.mam.pu.ɾi.ko],[go.dʒip̚.gɯ.man.bu.ɾi.go]
하고 싶은 얘기를,7,[ha.ko.sip̚.ɯn.jɛ.ki.ɾɯl],[ha.go.sip̚.ɯn.jɛ.gi.ɾɯl]
이긴 거나,7,[i.kiŋ.kʌ.na],[i.gin.gʌ.na]
aus sehender junger Ritter,7,,
버텨야 할,7,[pʌ.tʰjʌ.ja.hal],[bʌ.tʰjʌ.ja.hal]
하고 싶은가 봐,7,[ha.ko.sip̚.ɯŋ.ka.pwa],[ha.go.sip̚.ɯŋ.ka.bwa]
하고 싶은거지,7,[ha.ko.sip̚.ɯŋ.kʌ.tʃi],[ha.go.sip̚.ɯŋ.kʌ.dʒi]
버트 러드스만,7,[pʌ.tʰɯ.ɾʌ.tɯ.sɯ.man],[bʌ.tʰɯ.ɾʌ.dɯ.sɯ.man]
내 몸무게,7,[nɛ.mom.mu.ke],[nɛ.mom.mu.ge]
내 몸무게를,7,[nɛ.mom.mu.ke.ɾɯl],[nɛ.mom.mu.ge.ɾɯl]
aus sehender junger,7,,
하고 싶을지,7,[ha.ko.sip̚.ɯl.tʃi],[ha.go.sip̚.ɯl.tʃi]
하고 싶을지도 모른다,7,[ha.ko.sip̚.ɯl.tʃi.to.mo.ɾɯn.ta],[ha.go.sip̚.ɯl.tʃi.do.mo.ɾɯn.ta]
버튼 누를,7,[pʌ.tʰɯn.nu.ɾɯl],[bʌ.tʰɯn.nu.ɾɯl]
하고 싶지 않네,7,[ha.ko.sip̚.tʃi.an.ne],[ha.go.sip̚.tʃi.an.ne]
하고 싶지 않다는,7,[ha.ko.sip̚.tʃi.an.ta.nɯn],[ha.go.sip̚.tʃi.an.ta.nɯn]
버튼 아일랜드호에,7,[pʌ.tʰɯn.a.il.ɾɛn.tɯ.ho.e],[bʌ.tʰɯn.a.il.ɾɛn.tɯ.ho.e]
하고 싶지 않아서요,7,[ha.ko.sip̚.tʃi.an.a.sʌ.jo],[ha.go.sip̚.tʃi.an.a.sʌ.jo]
버튼 하나,7,[pʌ.tʰɯn.ha.na],[bʌ.tʰɯn.ha.na]
하고 싶지 않은 일을,7,[ha.ko.sip̚.tʃi.an.ɯn.il.ɯl],[ha.go.sip̚.tʃi.an.ɯn.il.ɯl]
했을 뿐이고,7,[hɛt̚.ɯl.p͈un.i.ko],[hɛt̚.ɯl.p͈un.i.go]
하고 싶지 않은데요,7,[ha.ko.sip̚.tʃi.an.ɯn.te.jo],[ha.go.sip̚.tʃi.an.ɯn.te.jo]
내 몸에서 떨어져,7,[nɛ.mom.e.sʌ.t͈ʌl.ʌ.tʃjʌ],[nɛ.mom.e.sʌ.t͈ʌl.ʌ.dʒjʌ]
하고 싶지도 않고,7,[ha.ko.sip̚.tʃi.to.aŋ.ko],[ha.go.sip̚.tʃi.do.aŋ.ko]
했을 뿐이야 난,7,[hɛt̚.ɯl.p͈un.i.ja.nan],[hɛt̚.ɯl.p͈un.i.ja.nan]
하고 아닌 것 같기도,7,[ha.ko.a.niŋ.kʌt̚.kat̚.ki.to],[ha.go.a.nin.gʌt̚.gat̚.ki.do]
하고 아닌 것,7,[ha.ko.a.niŋ.kʌt̚],[ha.go.a.nin.gʌt̚]
하고 아무튼,7,[ha.ko.a.mu.tʰɯn],[ha.go.a.mu.tʰɯn]
하고 아빠,7,[ha.ko.a.p͈a],[ha.go.a.p͈a]
내가 뭘 해야하지,7,[nɛ.ka.mwʌl.hɛ.ja.ha.tʃi],[nɛ.ga.mwʌl.hɛ.ja.ha.dʒi]
버튼을 안,7,[pʌ.tʰɯn.ɯl.an],[bʌ.tʰɯn.ɯl.an]
버튼을 잘못,7,[pʌ.tʰɯn.ɯl.tʃal.mot̚],[bʌ.tʰɯn.ɯl.dʒal.mot̚]
감수할 수 있어,7,[kam.su.hal.su.it̚.ʌ],[gam.su.hal.su.it̚.ʌ]
버튼이 안,7,[pʌ.tʰɯn.i.an],[bʌ.tʰɯn.i.an]
감수할 수 있어요,7,[kam.su.hal.su.it̚.ʌ.jo],[gam.su.hal.su.it̚.ʌ.jo]
내 몸이 불타네 내,7,[nɛ.mom.i.pul.tʰa.ne.nɛ],[nɛ.mom.i.bul.tʰa.ne.nɛ]
과학 재단,7,[kwa.hak̚.tʃɛ.tan],[gwa.hak̚.dʒɛ.dan]
버틀러 씨가,7,[pʌ.tʰɯl.ɾʌ.s͈i.ka],[bʌ.tʰɯl.ɾʌ.s͈i.ga]
하고 여자는,7,[ha.ko.jʌ.tʃa.nɯn],[ha.go.jʌ.dʒa.nɯn]
하고 열심히,7,[ha.ko.jʌl.sim.hi],[ha.go.jʌl.sim.hi]
버티고 계세요,7,[pʌ.tʰi.ko.kje.se.jo],[bʌ.tʰi.go.gje.se.jo]
내 못,7,[nɛ.mot̚],[nɛ.mot̚]
하고 온 거야,7,[ha.ko.oŋ.kʌ.ja],[ha.go.on.gʌ.ja]
고집을 부리고,7,[ko.tʃip̚.ɯl.pu.ɾi.ko],[go.dʒip̚.ɯl.bu.ɾi.go]
내 못된,7,[nɛ.mot̚.twen],[nɛ.mot̚.twen]
하고 왔습니다,7,[ha.ko.wat̚.sɯp̚.ni.ta],[ha.go.wat̚.sɯp̚.ni.da]
버티고 있어야,7,[pʌ.tʰi.ko.it̚.ʌ.ja],[bʌ.tʰi.go.it̚.ʌ.ja]
버티고 있으면,7,[pʌ.tʰi.ko.it̚.ɯ.mjʌn],[bʌ.tʰi.go.it̚.ɯ.mjʌn]
했음에 틀림 없다,7,[hɛt̚.ɯm.e.tʰɯl.ɾim.ʌp̚.ta],[hɛt̚.ɯm.e.tʰɯl.ɾim.ʌp̚.ta]
하고 우리의,7,[ha.ko.u.ɾi.ɯi],[ha.go.u.ɾi.ɯi]
버티고 있을,7,[pʌ.tʰi.ko.it̚.ɯl],[bʌ.tʰi.go.it̚.ɯl]
버티고 있었어요,7,[pʌ.tʰi.ko.it̚.ʌt̚.ʌ.jo],[bʌ.tʰi.go.it̚.ʌt̚.ʌ.jo]
버티기 힘들,7,[pʌ.tʰi.ki.hin.tɯl],[bʌ.tʰi.gi.hin.tɯl]
감수할 수도,7,[kam.su.hal.su.to],[gam.su.hal.su.do]
하고 일이,7,[ha.ko.il.i],[ha.go.il.i]
버티는 거지,7,[pʌ.tʰi.nɯŋ.kʌ.tʃi],[bʌ.tʰi.nɯn.gʌ.dʒi]
버티는 것,7,[pʌ.tʰi.nɯŋ.kʌt̚],[bʌ.tʰi.nɯn.gʌt̚]
하고 있구요,7,[ha.ko.it̚.ku.jo],[ha.go.it̚.ku.jo]
하고 있냐고요,7,[ha.ko.it̚.nja.ko.jo],[ha.go.it̚.nja.go.jo]
고집이 세요,7,[ko.tʃip̚.i.se.jo],[go.dʒip̚.i.se.jo]
버티지 못하면,7,[pʌ.tʰi.tʃi.mot̚.ha.mjʌn],[bʌ.tʰi.dʒi.mot̚.ha.mjʌn]
내 무죄를 입증할,7,[nɛ.mu.tʃwe.ɾɯl.ip̚.tʃɯŋ.hal],[nɛ.mu.dʒwe.ɾɯl.ip̚.tʃɯŋ.hal]
버티지 못했을,7,[pʌ.tʰi.tʃi.mot̚.hɛt̚.ɯl],[bʌ.tʰi.dʒi.mot̚.hɛt̚.ɯl]
하고 있는 거에요,7,[ha.ko.it̚.nɯŋ.kʌ.e.jo],[ha.go.it̚.nɯn.gʌ.e.jo]
하고 있는 겁니까,7,[ha.ko.it̚.nɯŋ.kʌp̚.ni.k͈a],[ha.go.it̚.nɯn.gʌp̚.ni.k͈a]
버틸 거,7,[pʌ.tʰil.kʌ],[bʌ.tʰil.gʌ]
내 문은 항상,7,[nɛ.mun.ɯn.haŋ.saŋ],[nɛ.mun.ɯn.haŋ.saŋ]
하고 있는 것이다,7,[ha.ko.it̚.nɯŋ.kʌt̚.i.ta],[ha.go.it̚.nɯn.gʌt̚.i.da]
감수할 필요가,7,[kam.su.hal.pʰil.jo.ka],[gam.su.hal.pʰil.jo.ga]
하고 있는 모든,7,[ha.ko.it̚.nɯn.mo.tɯn],[ha.go.it̚.nɯn.mo.dɯn]
하고 있는 이,7,[ha.ko.it̚.nɯn.i],[ha.go.it̚.nɯn.i]
버틸 것 같아요,7,[pʌ.tʰil.kʌt̚.kat̚.a.jo],[bʌ.tʰil.gʌt̚.gat̚.a.jo]
버틸 수 없어요,7,[pʌ.tʰil.su.ʌp̚.ʌ.jo],[bʌ.tʰil.su.ʌp̚.ʌ.jo]
하고 있는건가,7,[ha.ko.it̚.nɯŋ.kʌŋ.ka],[ha.go.it̚.nɯŋ.kʌŋ.ka]
버틸 수 있게,7,[pʌ.tʰil.su.it̚.ke],[bʌ.tʰil.su.it̚.ke]
하고 있는걸,7,[ha.ko.it̚.nɯŋ.kʌl],[ha.go.it̚.nɯŋ.kʌl]
하고 있는건지,7,[ha.ko.it̚.nɯŋ.kʌn.tʃi],[ha.go.it̚.nɯŋ.kʌn.tʃi]
하고 있는지 안다,7,[ha.ko.it̚.nɯn.tʃi.an.ta],[ha.go.it̚.nɯn.tʃi.an.ta]
하고 있는지 알,7,[ha.ko.it̚.nɯn.tʃi.al],[ha.go.it̚.nɯn.tʃi.al]
감수해야 돼,7,[kam.su.hɛ.ja.twɛ],[gam.su.hɛ.ja.dwɛ]
하고 있다 내,7,[ha.ko.it̚.ta.nɛ],[ha.go.it̚.ta.nɛ]
버틸 수 있을 거,7,[pʌ.tʰil.su.it̚.ɯl.kʌ],[bʌ.tʰil.su.it̚.ɯl.gʌ]
하고 있다고 생각해요,7,[ha.ko.it̚.ta.ko.sɛŋ.kak̚.hɛ.jo],[ha.go.it̚.ta.go.sɛŋ.gak̚.hɛ.jo]
하고 있다고 생각하나,7,[ha.ko.it̚.ta.ko.sɛŋ.kak̚.ha.na],[ha.go.it̚.ta.go.sɛŋ.gak̚.ha.na]
하고 있다네,7,[ha.ko.it̚.ta.ne],[ha.go.it̚.ta.ne]
하고 있다는 건,7,[ha.ko.it̚.ta.nɯŋ.kʌn],[ha.go.it̚.ta.nɯn.gʌn]
하고 있다는 것을 안다,7,[ha.ko.it̚.ta.nɯŋ.kʌt̚.ɯl.an.ta],[ha.go.it̚.ta.nɯn.gʌt̚.ɯl.an.ta]
버틸 수 있을지 모르겠어요,7,[pʌ.tʰil.su.it̚.ɯl.tʃi.mo.ɾɯ.ket̚.ʌ.jo],[bʌ.tʰil.su.it̚.ɯl.tʃi.mo.ɾɯ.get̚.ʌ.jo]
버틸 수가 없어,7,[pʌ.tʰil.su.ka.ʌp̚.ʌ],[bʌ.tʰil.su.ga.ʌp̚.ʌ]
버틸 수가 없어요,7,[pʌ.tʰil.su.ka.ʌp̚.ʌ.jo],[bʌ.tʰil.su.ga.ʌp̚.ʌ.jo]
버틸 수는,7,[pʌ.tʰil.su.nɯn],[bʌ.tʰil.su.nɯn]
버틸 힘이,7,[pʌ.tʰil.him.i],[bʌ.tʰil.him.i]
내 문제라고,7,[nɛ.mun.tʃe.ɾa.ko],[nɛ.mun.tʃe.ɾa.go]
하고 있습니다 하지만,7,[ha.ko.it̚.sɯp̚.ni.ta.ha.tʃi.man],[ha.go.it̚.sɯp̚.ni.da.ha.dʒi.man]
벅스 버니,7,[pʌk̚.sɯ.pʌ.ni],[bʌk̚.sɯ.bʌ.ni]
하고 있어 그건,7,[ha.ko.it̚.ʌ.kɯ.kʌn],[ha.go.it̚.ʌ.gɯ.gʌn]
벅스 버니가,7,[pʌk̚.sɯ.pʌ.ni.ka],[bʌk̚.sɯ.bʌ.ni.ga]
했잖아 만약,7,[hɛt̚.tʃan.a.man.jak̚],[hɛt̚.tʃan.a.man.jak̚]
했잖아 맙소사,7,[hɛt̚.tʃan.a.map̚.so.sa],[hɛt̚.tʃan.a.map̚.so.sa]
했잖아 몇,7,[hɛt̚.tʃan.a.mjʌt̚],[hɛt̚.tʃan.a.mjʌt̚]
하고 있어 아니,7,[ha.ko.it̚.ʌ.a.ni],[ha.go.it̚.ʌ.a.ni]
하고 있어 알았어,7,[ha.ko.it̚.ʌ.al.at̚.ʌ],[ha.go.it̚.ʌ.al.at̚.ʌ]
내 문제의,7,[nɛ.mun.tʃe.ɯi],[nɛ.mun.tʃe.ɯi]
번 가보세요,7,[pʌŋ.ka.po.se.jo],[bʌn.ga.bo.se.jo]
내 문제이기도,7,[nɛ.mun.tʃe.i.ki.to],[nɛ.mun.tʃe.i.gi.do]
고쳐 쓴,7,[ko.tʃʰjʌ.s͈ɯn],[go.tʃʰjʌ.s͈ɯn]
봐도 알아요,7,[pwa.to.al.a.jo],[bwa.do.al.a.jo]
했잖아 아무도,7,[hɛt̚.tʃan.a.a.mu.to],[hɛt̚.tʃan.a.a.mu.do]
하고 있어야 해,7,[ha.ko.it̚.ʌ.ja.hɛ],[ha.go.it̚.ʌ.ja.hɛ]
번 갔어,7,[pʌŋ.kat̚.ʌ],[bʌn.gat̚.ʌ]
했잖아 어떤,7,[hɛt̚.tʃan.a.ʌ.t͈ʌn],[hɛt̚.tʃan.a.ʌ.t͈ʌn]
하고 있어요 이,7,[ha.ko.it̚.ʌ.jo.i],[ha.go.it̚.ʌ.jo.i]
봐도 알지,7,[pwa.to.al.tʃi],[bwa.do.al.tʃi]
봐도 전혀,7,[pwa.to.tʃʌn.hjʌ],[bwa.do.dʒʌn.hjʌ]
하고 있어요 좋아,7,[ha.ko.it̚.ʌ.jo.tʃot̚.a],[ha.go.it̚.ʌ.jo.dʒot̚.a]
내 물건 어딨어,7,[nɛ.mul.kʌn.ʌ.tit̚.ʌ],[nɛ.mul.kʌn.ʌ.dit̚.ʌ]
내 물건 좀,7,[nɛ.mul.kʌn.tʃom],[nɛ.mul.kʌn.dʒom]
하고 있었냐고,7,[ha.ko.it̚.ʌt̚.nja.ko],[ha.go.it̚.ʌt̚.nja.go]
번 것,7,[pʌŋ.kʌt̚],[bʌn.gʌt̚]
번 게,7,[pʌŋ.ke],[bʌn.ge]
하고 있었는지는,7,[ha.ko.it̚.ʌt̚.nɯn.tʃi.nɯn],[ha.go.it̚.ʌt̚.nɯn.tʃi.nɯn]
And so I,7,,
내 물건만,7,[nɛ.mul.kʌn.man],[nɛ.mul.kʌn.man]
번 고속 도로,7,[pʌŋ.ko.sok̚.to.ɾo],[bʌn.go.sok̚.do.ɾo]
고쳐 줄 수,7,[ko.tʃʰjʌ.tʃul.su],[go.tʃʰjʌ.dʒul.su]
내 물건은 어디,7,[nɛ.mul.kʌn.ɯn.ʌ.ti],[nɛ.mul.kʌn.ɯn.ʌ.di]
번 구역을,7,[pʌŋ.ku.jʌk̚.ɯl],[bʌn.gu.jʌk̚.ɯl]
내 물건을 훔쳤어,7,[nɛ.mul.kʌn.ɯl.hun.tʃʰjʌt̚.ʌ],[nɛ.mul.kʌn.ɯl.hun.tʃʰjʌt̚.ʌ]
내 물건의,7,[nɛ.mul.kʌn.ɯi],[nɛ.mul.kʌn.ɯi]
하고 있잖아 부누엘,7,[ha.ko.it̚.tʃan.a.pu.nu.el],[ha.go.it̚.tʃan.a.bu.nu.el]
Never seen him,7,,
번 규칙을,7,[pʌŋ.kju.tʃʰik̚.ɯl],[bʌn.gju.tʃʰik̚.ɯl]
하고 있지 않았다,7,[ha.ko.it̚.tʃi.an.at̚.ta],[ha.go.it̚.tʃi.an.at̚.ta]
번 그는,7,[pʌŋ.kɯ.nɯn],[bʌn.gɯ.nɯn]
번 그들은,7,[pʌŋ.kɯ.tɯl.ɯn],[bʌn.gɯ.dɯl.ɯn]
봐라 안,7,[pwa.ɾa.an],[bwa.ɾa.an]
내 뭐요,7,[nɛ.mwʌ.jo],[nɛ.mwʌ.jo]
감시 목록에,7,[kam.si.mok̚.ɾok̚.e],[gam.si.mok̚.ɾok̚.e]
번 그랬죠,7,[pʌŋ.kɯ.ɾɛt̚.tʃjo],[bʌn.gɯ.ɾɛt̚.tʃjo]
하고 저기,7,[ha.ko.tʃʌ.ki],[ha.go.dʒʌ.gi]
내 미래는 내가,7,[nɛ.mi.ɾɛ.nɯn.nɛ.ka],[nɛ.mi.ɾɛ.nɯn.nɛ.ga]
고쳐야 하는데,7,[ko.tʃʰjʌ.ja.ha.nɯn.te],[go.tʃʰjʌ.ja.ha.nɯn.te]
번 김제혁입니다,7,[pʌŋ.kin.tʃe.hjʌk̚.ip̚.ni.ta],[bʌn.gin.tʃe.hjʌk̚.ip̚.ni.da]
내 미래야,7,[nɛ.mi.ɾɛ.ja],[nɛ.mi.ɾɛ.ja]
번 꼭,7,[pʌŋ.k͈ok̚],[bʌŋ.k͈ok̚]
하고 죽을,7,[ha.ko.tʃuk̚.ɯl],[ha.go.dʒuk̚.ɯl]
번 나,7,[pʌn.na],[bʌn.na]
하고 지내는지,7,[ha.ko.tʃi.nɛ.nɯn.tʃi],[ha.go.dʒi.nɛ.nɯn.tʃi]
고쳐야 한다,7,[ko.tʃʰjʌ.ja.han.ta],[go.tʃʰjʌ.ja.han.ta]
고쳐야 한다고,7,[ko.tʃʰjʌ.ja.han.ta.ko],[go.tʃʰjʌ.ja.han.ta.go]
하고 지랄이야,7,[ha.ko.tʃi.ɾal.i.ja],[ha.go.dʒi.ɾal.i.ja]
하고 집,7,[ha.ko.tʃip̚],[ha.go.dʒip̚]
했잖아요 누가,7,[hɛt̚.tʃan.a.jo.nu.ka],[hɛt̚.tʃan.a.jo.nu.ga]
번 남겼는데,7,[pʌn.nam.kjʌt̚.nɯn.te],[bʌn.nam.kjʌt̚.nɯn.te]
번 남았습니다,7,[pʌn.nam.at̚.sɯp̚.ni.ta],[bʌn.nam.at̚.sɯp̚.ni.da]
했잖아요 네가,7,[hɛt̚.tʃan.a.jo.ne.ka],[hɛt̚.tʃan.a.jo.ne.ga]
번 남았죠,7,[pʌn.nam.at̚.tʃjo],[bʌn.nam.at̚.tʃjo]
감시 보고서,7,[kam.si.po.ko.sʌ],[gam.si.bo.go.sʌ]
하고 하는,7,[ha.ko.ha.nɯn],[ha.go.ha.nɯn]
번 넌,7,[pʌn.nʌn],[bʌn.nʌn]
our car,7,,
하고 해서,7,[ha.ko.hɛ.sʌ],[ha.go.hɛ.sʌ]
고쳐야 해서,7,[ko.tʃʰjʌ.ja.hɛ.sʌ],[go.tʃʰjʌ.ja.hɛ.sʌ]
번 눈을,7,[pʌn.nun.ɯl],[bʌn.nun.ɯl]
번 늑골,7,[pʌn.nɯk̚.kol],[bʌn.nɯk̚.kol]
번 눌러,7,[pʌn.nul.ɾʌ],[bʌn.nul.ɾʌ]
했잖아 지난,7,[hɛt̚.tʃan.a.tʃi.nan],[hɛt̚.tʃan.a.dʒi.nan]
내 밑에서 일하고,7,[nɛ.mit̚.e.sʌ.il.ha.ko],[nɛ.mit̚.e.sʌ.il.ha.go]
번 다시 그런,7,[pʌn.ta.si.kɯ.ɾʌn],[bʌn.da.si.gɯ.ɾʌn]
과학자가 아니에요,7,[kwa.hak̚.tʃa.ka.a.ni.e.jo],[gwa.hak̚.tʃa.ga.a.ni.e.jo]
I couldn''t have,7,,
내가 미쳤다고 생각할,7,[nɛ.ka.mi.tʃʰjʌt̚.ta.ko.sɛŋ.kak̚.hal],[nɛ.ga.mi.tʃʰjʌt̚.ta.go.sɛŋ.gak̚.hal]
봐봐 그가,7,[pwa.pwa.kɯ.ka],[bwa.bwa.gɯ.ga]
하고요 그건,7,[ha.ko.jo.kɯ.kʌn],[ha.go.jo.gɯ.gʌn]
번 당신은,7,[pʌn.taŋ.sin.ɯn],[bʌn.daŋ.sin.ɯn]
하고요 내,7,[ha.ko.jo.nɛ],[ha.go.jo.nɛ]
봐봐 나도,7,[pwa.pwa.na.to],[bwa.bwa.na.do]
번 닿을,7,[pʌn.tat̚.ɯl],[bʌn.dat̚.ɯl]
하고요 당신,7,[ha.ko.jo.taŋ.sin],[ha.go.jo.daŋ.sin]
번 닿을 수 없다는,7,[pʌn.tat̚.ɯl.su.ʌp̚.ta.nɯn],[bʌn.dat̚.ɯl.su.ʌp̚.ta.nɯn]
번 닿을 수,7,[pʌn.tat̚.ɯl.su],[bʌn.dat̚.ɯl.su]
하고요 오늘,7,[ha.ko.jo.o.nɯl],[ha.go.jo.o.nɯl]
번 더 기회를 주지,7,[pʌn.tʌ.ki.hwe.ɾɯl.tʃu.tʃi],[bʌn.dʌ.gi.hwe.ɾɯl.dʒu.dʒi]
내 바보 같은,7,[nɛ.pa.po.kat̚.ɯn],[nɛ.ba.bo.gat̚.ɯn]
고쳐주실 수,7,[ko.tʃʰjʌ.tʃu.sil.su],[go.tʃʰjʌ.dʒu.sil.su]
과학자들은 그,7,[kwa.hak̚.tʃa.tɯl.ɯŋ.kɯ],[gwa.hak̚.tʃa.dɯl.ɯn.gɯ]
감시 영상에,7,[kam.si.jʌŋ.saŋ.e],[gam.si.jʌŋ.saŋ.e]
번 더 보여,7,[pʌn.tʌ.po.jʌ],[bʌn.dʌ.bo.jʌ]
번 더 하죠,7,[pʌn.tʌ.ha.tʃjo],[bʌn.dʌ.ha.dʒjo]
번 더 할 수,7,[pʌn.tʌ.hal.su],[bʌn.dʌ.hal.su]
하기 시작해야지,7,[ha.ki.si.tʃak̚.hɛ.ja.tʃi],[ha.gi.si.dʒak̚.hɛ.ja.dʒi]
고추 그림,7,[ko.tʃʰu.kɯ.ɾim],[go.tʃʰu.gɯ.ɾim]
하기 시작했지,7,[ha.ki.si.tʃak̚.hɛt̚.tʃi],[ha.gi.si.dʒak̚.hɛt̚.tʃi]
번 더 해보자,7,[pʌn.tʌ.hɛ.po.tʃa],[bʌn.dʌ.hɛ.bo.dʒa]
했잖아 기억,7,[hɛt̚.tʃan.a.ki.ʌk̚],[hɛt̚.tʃan.a.gi.ʌk̚]
하기 싫다니까,7,[ha.ki.sil.ta.ni.k͈a],[ha.gi.sil.ta.ni.k͈a]
번 더 확인해,7,[pʌn.tʌ.hwak̚.in.hɛ],[bʌn.dʌ.hwak̚.in.hɛ]
내 반응은,7,[nɛ.pan.ɯŋ.ɯn],[nɛ.ban.ɯŋ.ɯn]
봐봐 이렇게,7,[pwa.pwa.i.ɾʌt̚.ke],[bwa.bwa.i.ɾʌt̚.ke]
봐봐 자,7,[pwa.pwa.tʃa],[bwa.bwa.dʒa]
하기 싫으니까요 왜 사람들이랑,7,[ha.ki.sil.ɯ.ni.k͈a.jo.wɛ.sa.ɾan.tɯl.i.ɾaŋ],[ha.gi.sil.ɯ.ni.k͈a.jo.wɛ.sa.ɾan.tɯl.i.ɾaŋ]
하기 싫으니까요 왜,7,[ha.ki.sil.ɯ.ni.k͈a.jo.wɛ],[ha.gi.sil.ɯ.ni.k͈a.jo.wɛ]
하기 싫으면 그냥,7,[ha.ki.sil.ɯ.mjʌŋ.kɯ.njaŋ],[ha.gi.sil.ɯ.mjʌn.gɯ.njaŋ]
번 도로를 타고 북쪽으로,7,[pʌn.to.ɾo.ɾɯl.tʰa.ko.puk̚.tʃ͈ok̚.ɯ.ɾo],[bʌn.do.ɾo.ɾɯl.tʰa.go.buk̚.tʃ͈ok̚.ɯ.ɾo]
고추 파티,7,[ko.tʃʰu.pʰa.tʰi],[go.tʃʰu.pʰa.tʰi]
하기 싫은 걸,7,[ha.ki.sil.ɯŋ.kʌl],[ha.gi.sil.ɯn.gʌl]
하기 싫을,7,[ha.ki.sil.ɯl],[ha.gi.sil.ɯl]
번 돈인데,7,[pʌn.ton.in.te],[bʌn.don.in.te]
내 발 밑에,7,[nɛ.pal.mit̚.e],[nɛ.bal.mit̚.e]
하기 위해 내,7,[ha.ki.wi.hɛ.nɛ],[ha.gi.wi.hɛ.nɛ]
감시 임무를,7,[kam.si.im.mu.ɾɯl],[gam.si.im.mu.ɾɯl]
번 드셔보세요,7,[pʌn.tɯ.sjʌ.po.se.jo],[bʌn.dɯ.sjʌ.bo.se.jo]
번 들어가면,7,[pʌn.tɯl.ʌ.ka.mjʌn],[bʌn.dɯl.ʌ.ga.mjʌn]
했죠 그렇죠,7,[hɛt̚.tʃjo.kɯ.ɾʌt̚.tʃjo],[hɛt̚.tʃjo.gɯ.ɾʌt̚.tʃjo]
감시 작전을,7,[kam.si.tʃak̚.tʃʌn.ɯl],[gam.si.dʒak̚.tʃʌn.ɯl]
번 들은,7,[pʌn.tɯl.ɯn],[bʌn.dɯl.ɯn]
하기 전에 미리,7,[ha.ki.tʃʌn.e.mi.ɾi],[ha.gi.dʒʌn.e.mi.ɾi]
하기 전엔 안,7,[ha.ki.tʃʌn.en.an],[ha.gi.dʒʌn.en.an]
번 만나고,7,[pʌn.man.na.ko],[bʌn.man.na.go]
번 만나서,7,[pʌn.man.na.sʌ],[bʌn.man.na.sʌ]
고추를 안,7,[ko.tʃʰu.ɾɯl.an],[go.tʃʰu.ɾɯl.an]
하기는 싫어,7,[ha.ki.nɯn.sil.ʌ],[ha.gi.nɯn.sil.ʌ]
하기는 하지만,7,[ha.ki.nɯn.ha.tʃi.man],[ha.gi.nɯn.ha.dʒi.man]
번 만났습니다,7,[pʌn.man.nat̚.sɯp̚.ni.ta],[bʌn.man.nat̚.sɯp̚.ni.da]
번 만들어,7,[pʌn.man.tɯl.ʌ],[bʌn.man.tɯl.ʌ]
강에 갔었어요,7,[kaŋ.e.kat̚.ʌt̚.ʌ.jo],[gaŋ.e.gat̚.ʌt̚.ʌ.jo]
하기로 결정했어,7,[ha.ki.ɾo.kjʌl.tʃʌŋ.hɛt̚.ʌ],[ha.gi.ɾo.gjʌl.tʃʌŋ.hɛt̚.ʌ]
하기로 결정했어요,7,[ha.ki.ɾo.kjʌl.tʃʌŋ.hɛt̚.ʌ.jo],[ha.gi.ɾo.gjʌl.tʃʌŋ.hɛt̚.ʌ.jo]
내 밤의,7,[nɛ.pam.ɯi],[nɛ.bam.ɯi]
했죠 말도,7,[hɛt̚.tʃjo.mal.to],[hɛt̚.tʃjo.mal.to]
하기로 하지,7,[ha.ki.ɾo.ha.tʃi],[ha.gi.ɾo.ha.dʒi]
하기로 한 거잖아,7,[ha.ki.ɾo.haŋ.kʌ.tʃan.a],[ha.gi.ɾo.han.gʌ.dʒan.a]
번 말일세,7,[pʌn.mal.il.se],[bʌn.mal.il.se]
하기로 했거든요,7,[ha.ki.ɾo.hɛt̚.kʌ.tɯn.jo],[ha.gi.ɾo.hɛt̚.kʌ.dɯn.jo]
하기로 했었어요,7,[ha.ki.ɾo.hɛt̚.ʌt̚.ʌ.jo],[ha.gi.ɾo.hɛt̚.ʌt̚.ʌ.jo]
하기를 바란다,7,[ha.ki.ɾɯl.pa.ɾan.ta],[ha.gi.ɾɯl.ba.ɾan.ta]
하기만 하면 돼,7,[ha.ki.man.ha.mjʌn.twɛ],[ha.gi.man.ha.mjʌn.dwɛ]
봐서 아쉽네,7,[pwa.sʌ.a.swip̚.ne],[bwa.sʌ.a.swip̚.ne]
봐서 안녕,7,[pwa.sʌ.an.njʌŋ],[bwa.sʌ.an.njʌŋ]
하기에 딱,7,[ha.ki.e.t͈ak̚],[ha.gi.e.t͈ak̚]
번 먹어,7,[pʌn.mʌk̚.ʌ],[bʌn.mʌk̚.ʌ]
번 먹어봐,7,[pʌn.mʌk̚.ʌ.pwa],[bʌn.mʌk̚.ʌ.bwa]
하긴 그게,7,[ha.kiŋ.kɯ.ke],[ha.gin.gɯ.ge]
고치게 하고,7,[ko.tʃʰi.ke.ha.ko],[go.tʃʰi.ge.ha.go]
했죠 어느,7,[hɛt̚.tʃjo.ʌ.nɯ],[hɛt̚.tʃjo.ʌ.nɯ]
하긴 싫었어,7,[ha.kin.sil.ʌt̚.ʌ],[ha.gin.sil.ʌt̚.ʌ]
하긴 싫으니까,7,[ha.kin.sil.ɯ.ni.k͈a],[ha.gin.sil.ɯ.ni.k͈a]
번 문제는,7,[pʌn.mun.tʃe.nɯn],[bʌn.mun.tʃe.nɯn]
하긴 우리,7,[ha.kin.u.ɾi],[ha.gin.u.ɾi]
번 문제를,7,[pʌn.mun.tʃe.ɾɯl],[bʌn.mun.tʃe.ɾɯl]
고치고 싶으면,7,[ko.tʃʰi.ko.sip̚.ɯ.mjʌn],[go.tʃʰi.go.sip̚.ɯ.mjʌn]
하긴 하지,7,[ha.kin.ha.tʃi],[ha.gin.ha.dʒi]
번 묻게 하지,7,[pʌn.mut̚.ke.ha.tʃi],[bʌn.mut̚.ke.ha.dʒi]
내가 믿을 만한,7,[nɛ.ka.mit̚.ɯl.man.han],[nɛ.ga.mit̚.ɯl.man.han]
하길 바라세요,7,[ha.kil.pa.ɾa.se.jo],[ha.gil.ba.ɾa.se.jo]
번 물품입니다,7,[pʌn.mul.pʰum.ip̚.ni.ta],[bʌn.mul.pʰum.ip̚.ni.da]
하길 바라죠,7,[ha.kil.pa.ɾa.tʃjo],[ha.gil.ba.ɾa.dʒjo]
하길 원한다,7,[ha.kil.wʌn.han.ta],[ha.gil.wʌn.han.ta]
번 받았지,7,[pʌm.pat̚.at̚.tʃi],[bʌn.bat̚.at̚.tʃi]
과한 것 같은데,7,[kwa.haŋ.kʌt̚.kat̚.ɯn.te],[gwa.han.gʌt̚.gat̚.ɯn.te]
번 방으로 가,7,[pʌm.paŋ.ɯ.ɾo.ka],[bʌn.baŋ.ɯ.ɾo.ga]
봐서라도 제발,7,[pwa.sʌ.ɾa.to.tʃe.pal],[bwa.sʌ.ɾa.do.dʒe.bal]
번 방으로 가요,7,[pʌm.paŋ.ɯ.ɾo.ka.jo],[bʌn.baŋ.ɯ.ɾo.ga.jo]
번 방이야,7,[pʌm.paŋ.i.ja],[bʌn.baŋ.i.ja]
번 배심원에,7,[pʌm.pɛ.sim.wʌn.e],[bʌn.bɛ.sim.wʌn.e]
하나 가져왔어,7,[ha.na.ka.tʃjʌ.wat̚.ʌ],[ha.na.ga.dʒjʌ.wat̚.ʌ]
고치고 있었어요,7,[ko.tʃʰi.ko.it̚.ʌt̚.ʌ.jo],[go.tʃʰi.go.it̚.ʌt̚.ʌ.jo]
했죠 좋아,7,[hɛt̚.tʃjo.tʃot̚.a],[hɛt̚.tʃjo.dʒot̚.a]
하나 가질,7,[ha.na.ka.tʃil],[ha.na.ga.dʒil]
고치고 있죠,7,[ko.tʃʰi.ko.it̚.tʃjo],[go.tʃʰi.go.it̚.tʃjo]
강에 안,7,[kaŋ.e.an],[gaŋ.e.an]
이대로 소리없이,7,[i.tɛ.ɾo.so.ɾi.ʌp̚.i],[i.dɛ.ɾo.so.ɾi.ʌp̚.i]
고치기 전까지,7,[ko.tʃʰi.ki.tʃʌŋ.k͈a.tʃi],[go.tʃʰi.gi.dʒʌŋ.k͈a.dʒi]
내가 밀어줄게,7,[nɛ.ka.mil.ʌ.tʃul.ke],[nɛ.ga.mil.ʌ.dʒul.ke]
our first date,7,,
내가 밑에서,7,[nɛ.ka.mit̚.e.sʌ],[nɛ.ga.mit̚.e.sʌ]
과했나 봐,7,[kwa.hɛt̚.na.pwa],[gwa.hɛt̚.na.bwa]
하나 궁금한 게,7,[ha.na.kuŋ.kɯm.haŋ.ke],[ha.na.guŋ.gɯm.han.ge]
하나 그것은,7,[ha.na.kɯ.kʌt̚.ɯn],[ha.na.gɯ.gʌt̚.ɯn]
고치기 전엔,7,[ko.tʃʰi.ki.tʃʌn.en],[go.tʃʰi.gi.dʒʌn.en]
번 보여줘,7,[pʌm.po.jʌ.tʃwʌ],[bʌn.bo.jʌ.dʒwʌ]
강에 있는,7,[kaŋ.e.it̚.nɯn],[gaŋ.e.it̚.nɯn]
했지 그래서 내가,7,[hɛt̚.tʃi.kɯ.ɾɛ.sʌ.nɛ.ka],[hɛt̚.tʃi.gɯ.ɾɛ.sʌ.nɛ.ga]
하나 나,7,[ha.na.na],[ha.na.na]
하나 남았군,7,[ha.na.nam.at̚.kun],[ha.na.nam.at̚.kun]
하나 너는,7,[ha.na.nʌ.nɯn],[ha.na.nʌ.nɯn]
번 볼래,7,[pʌm.pol.ɾɛ],[bʌn.bol.ɾɛ]
했지 그거,7,[hɛt̚.tʃi.kɯ.kʌ],[hɛt̚.tʃi.gɯ.gʌ]
번 봤거든요,7,[pʌm.pwat̚.kʌ.tɯn.jo],[bʌn.bwat̚.kʌ.dɯn.jo]
했지 그럴,7,[hɛt̚.tʃi.kɯ.ɾʌl],[hɛt̚.tʃi.gɯ.ɾʌl]
하나 더 말하자면,7,[ha.na.tʌ.mal.ha.tʃa.mjʌn],[ha.na.dʌ.mal.ha.dʒa.mjʌn]
하나 더 먹는 순간,7,[ha.na.tʌ.mʌk̚.nɯn.suŋ.kan],[ha.na.dʌ.mʌk̚.nɯn.suŋ.kan]
감시 카메라 영상은,7,[kam.si.kʰa.me.ɾa.jʌŋ.saŋ.ɯn],[gam.si.kʰa.me.ɾa.jʌŋ.saŋ.ɯn]
내 방은 이제,7,[nɛ.paŋ.ɯn.i.tʃe],[nɛ.baŋ.ɯn.i.dʒe]
내 방은 이제 당신,7,[nɛ.paŋ.ɯn.i.tʃe.taŋ.sin],[nɛ.baŋ.ɯn.i.dʒe.daŋ.sin]
하나 더 있으면,7,[ha.na.tʌ.it̚.ɯ.mjʌn],[ha.na.dʌ.it̚.ɯ.mjʌn]
하나 더 있죠,7,[ha.na.tʌ.it̚.tʃjo],[ha.na.dʌ.it̚.tʃjo]
하나 더 찾았어요,7,[ha.na.tʌ.tʃʰat̚.at̚.ʌ.jo],[ha.na.dʌ.tʃʰat̚.at̚.ʌ.jo]
하나 될 수,7,[ha.na.twel.su],[ha.na.dwel.su]
이대로 소리없이 머물러줘 가만히,7,[i.tɛ.ɾo.so.ɾi.ʌp̚.i.mʌ.mul.ɾʌ.tʃwʌ.ka.man.hi],[i.dɛ.ɾo.so.ɾi.ʌp̚.i.mʌ.mul.ɾʌ.dʒwʌ.ga.man.hi]
번 사람,7,[pʌn.sa.ɾam],[bʌn.sa.ɾam]
내가 바라는 건 오직,7,[nɛ.ka.pa.ɾa.nɯŋ.kʌn.o.tʃik̚],[nɛ.ga.ba.ɾa.nɯn.gʌn.o.dʒik̚]
하나 둘 사라질 것,7,[ha.na.tul.sa.ɾa.tʃil.kʌt̚],[ha.na.dul.sa.ɾa.dʒil.gʌt̚]
하나 둘 사라질,7,[ha.na.tul.sa.ɾa.tʃil],[ha.na.dul.sa.ɾa.dʒil]
번 살려주셨어요,7,[pʌn.sal.ɾjʌ.tʃu.sjʌt̚.ʌ.jo],[bʌn.sal.ɾjʌ.dʒu.sjʌt̚.ʌ.jo]
하나 드실래요,7,[ha.na.tɯ.sil.ɾɛ.jo],[ha.na.dɯ.sil.ɾɛ.jo]
번 생각해 보세요,7,[pʌn.sɛŋ.kak̚.hɛ.po.se.jo],[bʌn.sɛŋ.gak̚.hɛ.bo.se.jo]
고치려고 하는,7,[ko.tʃʰi.ɾjʌ.ko.ha.nɯn],[go.tʃʰi.ɾjʌ.go.ha.nɯn]
고치려고 해,7,[ko.tʃʰi.ɾjʌ.ko.hɛ],[go.tʃʰi.ɾjʌ.go.hɛ]
내가 바라던 게,7,[nɛ.ka.pa.ɾa.tʌŋ.ke],[nɛ.ga.ba.ɾa.dʌn.ge]
하나 만들,7,[ha.na.man.tɯl],[ha.na.man.tɯl]
하나 만들었어,7,[ha.na.man.tɯl.ʌt̚.ʌ],[ha.na.man.tɯl.ʌt̚.ʌ]
하나 말해 줄게,7,[ha.na.mal.hɛ.tʃul.ke],[ha.na.mal.hɛ.dʒul.ke]
하나 말해도 돼,7,[ha.na.mal.hɛ.to.twɛ],[ha.na.mal.hɛ.do.dwɛ]
번 쏠,7,[pʌn.s͈ol],[bʌn.s͈ol]
하나 먹어도 돼요,7,[ha.na.mʌk̚.ʌ.to.twɛ.jo],[ha.na.mʌk̚.ʌ.do.dwɛ.jo]
번 씨,7,[pʌn.s͈i],[bʌn.s͈i]
하나 물어볼,7,[ha.na.mul.ʌ.pol],[ha.na.mul.ʌ.bol]
하나 물어볼 게,7,[ha.na.mul.ʌ.pol.ke],[ha.na.mul.ʌ.bol.ge]
번 알아보죠,7,[pʌn.al.a.po.tʃjo],[bʌn.al.a.bo.dʒjo]
our last hurrah,7,,
번 어떻게,7,[pʌn.ʌ.t͈ʌt̚.ke],[bʌn.ʌ.t͈ʌt̚.ke]
내 버릴 거야,7,[nɛ.pʌ.ɾil.kʌ.ja],[nɛ.bʌ.ɾil.gʌ.ja]
하나 봅니다,7,[ha.na.pop̚.ni.ta],[ha.na.bop̚.ni.da]
고친 건,7,[ko.tʃʰiŋ.kʌn],[go.tʃʰin.gʌn]
하나 봤어요,7,[ha.na.pwat̚.ʌ.jo],[ha.na.bwat̚.ʌ.jo]
하나 불어줘,7,[ha.na.pul.ʌ.tʃwʌ],[ha.na.bul.ʌ.dʒwʌ]
봐야 하지 않아요,7,[pwa.ja.ha.tʃi.an.a.jo],[bwa.ja.ha.dʒi.an.a.jo]
하나 뿐이다,7,[ha.na.p͈un.i.ta],[ha.na.p͈un.i.da]
번 와서,7,[pʌn.wa.sʌ],[bʌn.wa.sʌ]
번 왔는데,7,[pʌn.wat̚.nɯn.te],[bʌn.wat̚.nɯn.te]
번 왔었어요,7,[pʌn.wat̚.ʌt̚.ʌ.jo],[bʌn.wat̚.ʌt̚.ʌ.jo]
하나 살 수,7,[ha.na.sal.su],[ha.na.sal.su]
번 왜,7,[pʌn.wɛ],[bʌn.wɛ]
하나 생겼네,7,[ha.na.sɛŋ.kjʌt̚.ne],[ha.na.sɛŋ.gjʌt̚.ne]
했지 잠깐,7,[hɛt̚.tʃi.tʃam.k͈an],[hɛt̚.tʃi.dʒam.k͈an]
내 번호도,7,[nɛ.pʌn.ho.to],[nɛ.bʌn.ho.do]
하나 쉬운,7,[ha.na.swi.un],[ha.na.swi.un]
하나 시켜,7,[ha.na.si.kʰjʌ],[ha.na.si.kʰjʌ]
하나 신경,7,[ha.na.siŋ.kjʌŋ],[ha.na.siŋ.kjʌŋ]
고칠 돈이,7,[ko.tʃʰil.ton.i],[go.tʃʰil.don.i]
했지 하지만 난,7,[hɛt̚.tʃi.ha.tʃi.man.nan],[hɛt̚.tʃi.ha.dʒi.man.nan]
이동할 수 있나,7,[i.toŋ.hal.su.it̚.na],[i.doŋ.hal.su.it̚.na]
하나 아니면,7,[ha.na.a.ni.mjʌn],[ha.na.a.ni.mjʌn]
감시 카메라의,7,[kam.si.kʰa.me.ɾa.ɯi],[gam.si.kʰa.me.ɾa.ɯi]
하나 알려주죠,7,[ha.na.al.ɾjʌ.tʃu.tʃjo],[ha.na.al.ɾjʌ.dʒu.dʒjo]
내가 바로 잡을 수,7,[nɛ.ka.pa.ɾo.tʃap̚.ɯl.su],[nɛ.ga.ba.ɾo.dʒap̚.ɯl.su]
번 있습니다,7,[pʌn.it̚.sɯp̚.ni.ta],[bʌn.it̚.sɯp̚.ni.da]
번 있었다,7,[pʌn.it̚.ʌt̚.ta],[bʌn.it̚.ʌt̚.ta]
하나 얻을 수,7,[ha.na.ʌt̚.ɯl.su],[ha.na.ʌt̚.ɯl.su]
하나 얻었다,7,[ha.na.ʌt̚.ʌt̚.ta],[ha.na.ʌt̚.ʌt̚.ta]
하나 없군,7,[ha.na.ʌp̚.kun],[ha.na.ʌp̚.kun]
하나 없네요,7,[ha.na.ʌp̚.ne.jo],[ha.na.ʌp̚.ne.jo]
하나 없다,7,[ha.na.ʌp̚.ta],[ha.na.ʌp̚.ta]
하나 없다니,7,[ha.na.ʌp̚.ta.ni],[ha.na.ʌp̚.ta.ni]
번 있을까,7,[pʌn.it̚.ɯl.k͈a],[bʌn.it̚.ɯl.k͈a]
내 베프가,7,[nɛ.pe.pʰɯ.ka],[nɛ.be.pʰɯ.ga]
내 벽에,7,[nɛ.pjʌk̚.e],[nɛ.bjʌk̚.e]
번 잡아,7,[pʌn.tʃap̚.a],[bʌn.dʒap̚.a]
번 잤다고,7,[pʌn.tʃat̚.ta.ko],[bʌn.dʒat̚.ta.go]
번 전에,7,[pʌn.tʃʌn.e],[bʌn.dʒʌn.e]
하나 음,7,[ha.na.ɯm],[ha.na.ɯm]
번 전화에,7,[pʌn.tʃʌn.hwa.e],[bʌn.dʒʌn.hwa.e]
하나 있는 게,7,[ha.na.it̚.nɯŋ.ke],[ha.na.it̚.nɯn.ge]
하나 있어 내,7,[ha.na.it̚.ʌ.nɛ],[ha.na.it̚.ʌ.nɛ]
했지만 또,7,[hɛt̚.tʃi.man.t͈o],[hɛt̚.tʃi.man.t͈o]
하나 있어요 난,7,[ha.na.it̚.ʌ.jo.nan],[ha.na.it̚.ʌ.jo.nan]
하나 있어요 이,7,[ha.na.it̚.ʌ.jo.i],[ha.na.it̚.ʌ.jo.i]
번 증거물입니다,7,[pʌn.tʃɯŋ.kʌ.mul.ip̚.ni.ta],[bʌn.dʒɯŋ.gʌ.mul.ip̚.ni.da]
번 지난,7,[pʌn.tʃi.nan],[bʌn.dʒi.nan]
번 지금,7,[pʌn.tʃi.kɯm],[bʌn.dʒi.gɯm]
이득을 얻는,7,[i.tɯk̚.ɯl.ʌt̚.nɯn],[i.dɯk̚.ɯl.ʌt̚.nɯn]
내 병사들은,7,[nɛ.pjʌŋ.sa.tɯl.ɯn],[nɛ.bjʌŋ.sa.dɯl.ɯn]
하나 있을지도,7,[ha.na.it̚.ɯl.tʃi.to],[ha.na.it̚.ɯl.tʃi.do]
번 진짜,7,[pʌn.tʃin.tʃ͈a],[bʌn.dʒin.tʃ͈a]
했지만 아마,7,[hɛt̚.tʃi.man.a.ma],[hɛt̚.tʃi.man.a.ma]
내 병원에서,7,[nɛ.pjʌŋ.wʌn.e.sʌ],[nɛ.bjʌŋ.wʌn.e.sʌ]
했지만 아빠가,7,[hɛt̚.tʃi.man.a.p͈a.ka],[hɛt̚.tʃi.man.a.p͈a.ga]
내 병은,7,[nɛ.pjʌŋ.ɯn],[nɛ.bjʌŋ.ɯn]
번 찾아,7,[pʌn.tʃʰat̚.a],[bʌn.tʃʰat̚.a]
New York''s,7,,
번 천,7,[pʌn.tʃʰʌn],[bʌn.tʃʰʌn]
했지만 여기,7,[hɛt̚.tʃi.man.jʌ.ki],[hɛt̚.tʃi.man.jʌ.gi]
했지만 아직도,7,[hɛt̚.tʃi.man.a.tʃik̚.to],[hɛt̚.tʃi.man.a.dʒik̚.to]
하나 주마,7,[ha.na.tʃu.ma],[ha.na.dʒu.ma]
하나 주자,7,[ha.na.tʃu.tʃa],[ha.na.dʒu.dʒa]
하나 주자면,7,[ha.na.tʃu.tʃa.mjʌn],[ha.na.dʒu.dʒa.mjʌn]
하나 줄 수 있어요,7,[ha.na.tʃul.su.it̚.ʌ.jo],[ha.na.dʒul.su.it̚.ʌ.jo]
내가 바보니,7,[nɛ.ka.pa.po.ni],[nɛ.ga.ba.bo.ni]
번 치료실로 가,7,[pʌn.tʃʰi.ɾjo.sil.ɾo.ka],[bʌn.tʃʰi.ɾjo.sil.ɾo.ga]
하나 줬는데,7,[ha.na.tʃwʌt̚.nɯn.te],[ha.na.dʒwʌt̚.nɯn.te]
고칠 수 있어 내가,7,[ko.tʃʰil.su.it̚.ʌ.nɛ.ka],[go.tʃʰil.su.it̚.ʌ.nɛ.ga]
번 침상,7,[pʌn.tʃʰim.saŋ],[bʌn.tʃʰim.saŋ]
봐야겠어요 그럼,7,[pwa.ja.ket̚.ʌ.jo.kɯ.ɾʌm],[bwa.ja.get̚.ʌ.jo.gɯ.ɾʌm]
하나 찾았습니다,7,[ha.na.tʃʰat̚.at̚.sɯp̚.ni.ta],[ha.na.tʃʰat̚.at̚.sɯp̚.ni.da]
내 보모,7,[nɛ.po.mo],[nɛ.bo.mo]
하나 챙겨,7,[ha.na.tʃʰɛŋ.kjʌ],[ha.na.tʃʰɛŋ.gjʌ]
강옥의 힘주는,7,[kaŋ.ok̚.ɯi.hin.tʃu.nɯn],[gaŋ.ok̚.ɯi.hin.tʃu.nɯn]
했지만 중요한,7,[hɛt̚.tʃi.man.tʃuŋ.jo.han],[hɛt̚.tʃi.man.dʒuŋ.jo.han]
하나 하겠소,7,[ha.na.ha.ket̚.so],[ha.na.ha.get̚.so]
번 큰,7,[pʌŋ.kʰɯn],[bʌŋ.kʰɯn]
하나 하는데,7,[ha.na.ha.nɯn.te],[ha.na.ha.nɯn.te]
하나 하마,7,[ha.na.ha.ma],[ha.na.ha.ma]
번 터미널,7,[pʌn.tʰʌ.mi.nʌl],[bʌn.tʰʌ.mi.nʌl]
고칠 수 있을거야,7,[ko.tʃʰil.su.it̚.ɯl.kʌ.ja],[go.tʃʰil.su.it̚.ɯl.kʌ.ja]
번 테이블의,7,[pʌn.tʰe.i.pɯl.ɯi],[bʌn.tʰe.i.bɯl.ɯi]
하나 해도 되겠습니까,7,[ha.na.hɛ.to.twe.ket̚.sɯp̚.ni.k͈a],[ha.na.hɛ.do.dwe.get̚.sɯp̚.ni.k͈a]
번 트랙에서,7,[pʌn.tʰɯ.ɾɛk̚.e.sʌ],[bʌn.tʰɯ.ɾɛk̚.e.sʌ]
봐야죠 난,7,[pwa.ja.tʃjo.nan],[bwa.ja.dʒjo.nan]
했지만 할,7,[hɛt̚.tʃi.man.hal],[hɛt̚.tʃi.man.hal]
했지만 제,7,[hɛt̚.tʃi.man.tʃe],[hɛt̚.tʃi.man.dʒe]
하나 해줘요,7,[ha.na.hɛ.tʃwʌ.jo],[ha.na.hɛ.dʒwʌ.jo]
하나 했지,7,[ha.na.hɛt̚.tʃi],[ha.na.hɛt̚.tʃi]
내 보트에서,7,[nɛ.po.tʰɯ.e.sʌ],[nɛ.bo.tʰɯ.e.sʌ]
하나가 됐다,7,[ha.na.ka.twɛt̚.ta],[ha.na.ga.dwɛt̚.ta]
하나가 돼야,7,[ha.na.ka.twɛ.ja],[ha.na.ga.dwɛ.ja]
번 할게,7,[pʌn.hal.ke],[bʌn.hal.ke]
I couldn''t save,7,,
하나가 또,7,[ha.na.ka.t͈o],[ha.na.ga.t͈o]
행동 하지 마,7,[hɛŋ.toŋ.ha.tʃi.ma],[hɛŋ.doŋ.ha.dʒi.ma]
하나가 아닐,7,[ha.na.ka.a.nil],[ha.na.ga.a.nil]
하나가 여기,7,[ha.na.ka.jʌ.ki],[ha.na.ga.jʌ.gi]
행동도 안,7,[hɛŋ.toŋ.to.an],[hɛŋ.doŋ.do.an]
근무 중인가,7,[kɯn.mu.tʃuŋ.iŋ.ka],[gɯn.mu.dʒuŋ.iŋ.ka]
이들이 어떻게,7,[i.tɯl.i.ʌ.t͈ʌt̚.ke],[i.dɯl.i.ʌ.t͈ʌt̚.ke]
내 볼게,7,[nɛ.pol.ke],[nɛ.bol.ke]
번 해봅시다,7,[pʌn.hɛ.pop̚.si.ta],[bʌn.hɛ.bop̚.si.da]
감시당하고 있어 정부는 가지고,7,[kam.si.taŋ.ha.ko.it̚.ʌ.tʃʌm.pu.nɯŋ.ka.tʃi.ko],[gam.si.daŋ.ha.go.it̚.ʌ.dʒʌŋ.bu.nɯn.ga.dʒi.go]
내 볼이,7,[nɛ.pol.i],[nɛ.bol.i]
번 해줘,7,[pʌn.hɛ.tʃwʌ],[bʌn.hɛ.dʒwʌ]
감시되고 모든 공기,7,[kam.si.twe.ko.mo.tɯŋ.koŋ.ki],[gam.si.dwe.go.mo.dɯn.goŋ.gi]
내 부대를,7,[nɛ.pu.tɛ.ɾɯl],[nɛ.bu.dɛ.ɾɯl]
내 부대에서,7,[nɛ.pu.tɛ.e.sʌ],[nɛ.bu.dɛ.e.sʌ]
감시되고 모든 공기 소비량도,7,[kam.si.twe.ko.mo.tɯŋ.koŋ.ki.so.pi.ɾjaŋ.to],[gam.si.dwe.go.mo.dɯn.goŋ.gi.so.bi.ɾjaŋ.do]
봐야지 어쨌든,7,[pwa.ja.tʃi.ʌ.tʃ͈ɛt̚.tɯn],[bwa.ja.dʒi.ʌ.tʃ͈ɛt̚.tɯn]
하나는 제가,7,[ha.na.nɯn.tʃe.ka],[ha.na.nɯn.dʒe.ga]
번 했지만,7,[pʌn.hɛt̚.tʃi.man],[bʌn.hɛt̚.tʃi.man]
행동은 아주,7,[hɛŋ.toŋ.ɯn.a.tʃu],[hɛŋ.doŋ.ɯn.a.dʒu]
행동은 용납할 수,7,[hɛŋ.toŋ.ɯn.joŋ.nap̚.hal.su],[hɛŋ.doŋ.ɯn.joŋ.nap̚.hal.su]
하나님 여호와는 오직,7,[ha.na.nim.jʌ.ho.wa.nɯn.o.tʃik̚],[ha.na.nim.jʌ.ho.wa.nɯn.o.dʒik̚]
하나님 여호와는,7,[ha.na.nim.jʌ.ho.wa.nɯn],[ha.na.nim.jʌ.ho.wa.nɯn]
하나님 여호와는 오직 유일한,7,[ha.na.nim.jʌ.ho.wa.nɯn.o.tʃik̚.ju.il.han],[ha.na.nim.jʌ.ho.wa.nɯn.o.dʒik̚.ju.il.han]
하나님과 함께,7,[ha.na.nim.kwa.ham.k͈e],[ha.na.nim.kwa.ham.k͈e]
행동을 다,7,[hɛŋ.toŋ.ɯl.ta],[hɛŋ.doŋ.ɯl.da]
하나님은 당신을,7,[ha.na.nim.ɯn.taŋ.sin.ɯl],[ha.na.nim.ɯn.daŋ.sin.ɯl]
하나님은 죽으신 게 아니다,7,[ha.na.nim.ɯn.tʃuk̚.ɯ.siŋ.ke.a.ni.ta],[ha.na.nim.ɯn.dʒuk̚.ɯ.sin.ge.a.ni.da]
행동을 모두,7,[hɛŋ.toŋ.ɯl.mo.tu],[hɛŋ.doŋ.ɯl.mo.du]
내가 반격할,7,[nɛ.ka.paŋ.kjʌk̚.hal],[nɛ.ga.baŋ.kjʌk̚.hal]
하나님의 은혜로,7,[ha.na.nim.ɯi.ɯn.hje.ɾo],[ha.na.nim.ɯi.ɯn.hje.ɾo]
하나님의 존재를,7,[ha.na.nim.ɯi.tʃon.tʃɛ.ɾɯl],[ha.na.nim.ɯi.dʒon.tʃɛ.ɾɯl]
번가 남쪽,7,[pʌŋ.ka.nan.tʃ͈ok̚],[bʌŋ.ka.nan.tʃ͈ok̚]
봐요 걱정하지,7,[pwa.jo.kʌk̚.tʃʌŋ.ha.tʃi],[bwa.jo.gʌk̚.tʃʌŋ.ha.dʒi]
봐요 게다가,7,[pwa.jo.ke.ta.ka],[bwa.jo.ge.da.ga]
내가 반에서,7,[nɛ.ka.pan.e.sʌ],[nɛ.ga.ban.e.sʌ]
번가에 있어,7,[pʌŋ.ka.e.it̚.ʌ],[bʌŋ.ka.e.it̚.ʌ]
번가와 브로드웨이,7,[pʌŋ.ka.wa.pɯ.ɾo.tɯ.we.i],[bʌŋ.ka.wa.bɯ.ɾo.dɯ.we.i]
번개 소리,7,[pʌŋ.kɛ.so.ɾi],[bʌŋ.kɛ.so.ɾi]
하나도 못 믿겠어,7,[ha.na.to.mot̚.mit̚.ket̚.ʌ],[ha.na.do.mot̚.mit̚.ket̚.ʌ]
번개를 동반한,7,[pʌŋ.kɛ.ɾɯl.tom.pan.han],[bʌŋ.kɛ.ɾɯl.doŋ.ban.han]
이따 하자,7,[i.t͈a.ha.tʃa],[i.t͈a.ha.dʒa]
봐요 괜찮을,7,[pwa.jo.kwɛn.tʃʰan.ɯl],[bwa.jo.gwɛn.tʃʰan.ɯl]
하나도 못 찾았어,7,[ha.na.to.mot̚.tʃʰat̚.at̚.ʌ],[ha.na.do.mot̚.tʃʰat̚.at̚.ʌ]
하나도 빠짐없이 다,7,[ha.na.to.p͈a.tʃim.ʌp̚.i.ta],[ha.na.do.p͈a.dʒim.ʌp̚.i.da]
번거롭게 해드려 죄송합니다,7,[pʌŋ.kʌ.ɾop̚.ke.hɛ.tɯ.ɾjʌ.tʃwe.soŋ.hap̚.ni.ta],[bʌŋ.kʌ.ɾop̚.ke.hɛ.dɯ.ɾjʌ.dʒwe.soŋ.hap̚.ni.da]
내 부탁은,7,[nɛ.pu.tʰak̚.ɯn],[nɛ.bu.tʰak̚.ɯn]
번거롭게 해드려서,7,[pʌŋ.kʌ.ɾop̚.ke.hɛ.tɯ.ɾjʌ.sʌ],[bʌŋ.kʌ.ɾop̚.ke.hɛ.dɯ.ɾjʌ.sʌ]
our son,7,,
행동을 이해하는,7,[hɛŋ.toŋ.ɯl.i.hɛ.ha.nɯn],[hɛŋ.doŋ.ɯl.i.hɛ.ha.nɯn]
번거롭게 해서 죄송,7,[pʌŋ.kʌ.ɾop̚.ke.hɛ.sʌ.tʃwe.soŋ],[bʌŋ.kʌ.ɾop̚.ke.hɛ.sʌ.dʒwe.soŋ]
번거롭게 해서 죄송 합니다,7,[pʌŋ.kʌ.ɾop̚.ke.hɛ.sʌ.tʃwe.soŋ.hap̚.ni.ta],[bʌŋ.kʌ.ɾop̚.ke.hɛ.sʌ.dʒwe.soŋ.hap̚.ni.da]
행동을 한다,7,[hɛŋ.toŋ.ɯl.han.ta],[hɛŋ.doŋ.ɯl.han.ta]
번도 가본 적,7,[pʌn.to.ka.pon.tʃʌk̚],[bʌn.to.ga.bon.dʒʌk̚]
내 부탁을 들어줬어,7,[nɛ.pu.tʰak̚.ɯl.tɯl.ʌ.tʃwʌt̚.ʌ],[nɛ.bu.tʰak̚.ɯl.dɯl.ʌ.dʒwʌt̚.ʌ]
내 부탁이,7,[nɛ.pu.tʰak̚.i],[nɛ.bu.tʰak̚.i]
번도 그런 적 없어,7,[pʌn.to.kɯ.ɾʌn.tʃʌk̚.ʌp̚.ʌ],[bʌn.to.gɯ.ɾʌn.dʒʌk̚.ʌp̚.ʌ]
번도 그런 적이,7,[pʌn.to.kɯ.ɾʌn.tʃʌk̚.i],[bʌn.to.gɯ.ɾʌn.dʒʌk̚.i]
번도 그렇게,7,[pʌn.to.kɯ.ɾʌt̚.ke],[bʌn.to.gɯ.ɾʌt̚.ke]
행동을 했다고,7,[hɛŋ.toŋ.ɯl.hɛt̚.ta.ko],[hɛŋ.doŋ.ɯl.hɛt̚.ta.go]
내가 받아들일,7,[nɛ.ka.pat̚.a.tɯl.il],[nɛ.ga.bat̚.a.dɯl.il]
내 부하 한,7,[nɛ.pu.ha.han],[nɛ.bu.ha.han]
이따가 봐 그래,7,[i.t͈a.ka.pwa.kɯ.ɾɛ],[i.t͈a.ga.bwa.gɯ.ɾɛ]
행동이 더,7,[hɛŋ.toŋ.i.tʌ],[hɛŋ.doŋ.i.dʌ]
하나도 없는 것,7,[ha.na.to.ʌp̚.nɯŋ.kʌt̚],[ha.na.do.ʌp̚.nɯn.gʌt̚]
하나도 없는 거야,7,[ha.na.to.ʌp̚.nɯŋ.kʌ.ja],[ha.na.do.ʌp̚.nɯn.gʌ.ja]
하나도 없다니,7,[ha.na.to.ʌp̚.ta.ni],[ha.na.do.ʌp̚.ta.ni]
내가 받았어,7,[nɛ.ka.pat̚.at̚.ʌ],[nɛ.ga.bat̚.at̚.ʌ]
행동이 어떤,7,[hɛŋ.toŋ.i.ʌ.t͈ʌn],[hɛŋ.doŋ.i.ʌ.t͈ʌn]
하나도 없더라고요,7,[ha.na.to.ʌp̚.tʌ.ɾa.ko.jo],[ha.na.do.ʌp̚.tʌ.ɾa.go.jo]
하나도 없어 내가,7,[ha.na.to.ʌp̚.ʌ.nɛ.ka],[ha.na.do.ʌp̚.ʌ.nɛ.ga]
행동이 정말,7,[hɛŋ.toŋ.i.tʃʌŋ.mal],[hɛŋ.doŋ.i.dʒʌŋ.mal]
봐요 그러네,7,[pwa.jo.kɯ.ɾʌ.ne],[bwa.jo.gɯ.ɾʌ.ne]
been hearing,7,,
번도 보지 못한,7,[pʌn.to.po.tʃi.mot̚.han],[bʌn.to.bo.dʒi.mot̚.han]
번도 본 적 없을,7,[pʌn.to.pon.tʃʌk̚.ʌp̚.ɯl],[bʌn.to.bon.dʒʌk̚.ʌp̚.ɯl]
고통도 느끼지,7,[ko.tʰoŋ.to.nɯ.k͈i.tʃi],[go.tʰoŋ.do.nɯ.k͈i.dʒi]
하나도 중요하지 않아,7,[ha.na.to.tʃuŋ.jo.ha.tʃi.an.a],[ha.na.do.dʒuŋ.jo.ha.dʒi.an.a]
내 부하한테,7,[nɛ.pu.ha.han.tʰe],[nɛ.bu.ha.han.tʰe]
하나라도 대면,7,[ha.na.ɾa.to.tɛ.mjʌn],[ha.na.ɾa.do.dɛ.mjʌn]
고통도 못,7,[ko.tʰoŋ.to.mot̚],[go.tʰoŋ.do.mot̚]
번도 안 걸고,7,[pʌn.to.aŋ.kʌl.ko],[bʌn.to.an.gʌl.ko]
번도 안 걸고 다녔잖아,7,[pʌn.to.aŋ.kʌl.ko.ta.njʌt̚.tʃan.a],[bʌn.to.an.gʌl.ko.da.njʌt̚.tʃan.a]
내 분명,7,[nɛ.pun.mjʌŋ],[nɛ.bun.mjʌŋ]
감시카메라 영상이,7,[kam.si.kʰa.me.ɾa.jʌŋ.saŋ.i],[gam.si.kʰa.me.ɾa.jʌŋ.saŋ.i]
하나로 만들,7,[ha.na.ɾo.man.tɯl],[ha.na.ɾo.man.tɯl]
our way to,7,,
행동하지 말라고,7,[hɛŋ.toŋ.ha.tʃi.mal.ɾa.ko],[hɛŋ.doŋ.ha.dʒi.mal.ɾa.go]
번도 안 했잖아,7,[pʌn.to.an.hɛt̚.tʃan.a],[bʌn.to.an.hɛt̚.tʃan.a]
하나로 묶을,7,[ha.na.ɾo.muk̚.ɯl],[ha.na.ɾo.muk̚.ɯl]
하나로 뭉쳐야 해,7,[ha.na.ɾo.muŋ.tʃʰjʌ.ja.hɛ],[ha.na.ɾo.muŋ.tʃʰjʌ.ja.hɛ]
번도 얘기한 적,7,[pʌn.to.jɛ.ki.han.tʃʌk̚],[bʌn.to.jɛ.gi.han.dʒʌk̚]
하나로 족해,7,[ha.na.ɾo.tʃok̚.hɛ],[ha.na.ɾo.dʒok̚.hɛ]
행동하지 않아요,7,[hɛŋ.toŋ.ha.tʃi.an.a.jo],[hɛŋ.doŋ.ha.dʒi.an.a.jo]
하나를 골라서,7,[ha.na.ɾɯl.kol.ɾa.sʌ],[ha.na.ɾɯl.gol.ɾa.sʌ]
하나를 다치게,7,[ha.na.ɾɯl.ta.tʃʰi.ke],[ha.na.ɾɯl.da.tʃʰi.ge]
행동한 것,7,[hɛŋ.toŋ.haŋ.kʌt̚],[hɛŋ.doŋ.han.gʌt̚]
행동할 겁니다,7,[hɛŋ.toŋ.hal.kʌp̚.ni.ta],[hɛŋ.doŋ.hal.gʌp̚.ni.da]
번도 없잖아,7,[pʌn.to.ʌp̚.tʃan.a],[bʌn.to.ʌp̚.tʃan.a]
행동할 때,7,[hɛŋ.toŋ.hal.t͈ɛ],[hɛŋ.doŋ.hal.t͈ɛ]
내 블로그를,7,[nɛ.pɯl.ɾo.kɯ.ɾɯl],[nɛ.bɯl.ɾo.gɯ.ɾɯl]
하나를 잃게,7,[ha.na.ɾɯl.il.ke],[ha.na.ɾɯl.il.ke]
하나를 할,7,[ha.na.ɾɯl.hal],[ha.na.ɾɯl.hal]
번도 진,7,[pʌn.to.tʃin],[bʌn.to.dʒin]
하나만 더 해도,7,[ha.na.man.tʌ.hɛ.to],[ha.na.man.dʌ.hɛ.do]
번도 해본 적이 없어,7,[pʌn.to.hɛ.pon.tʃʌk̚.i.ʌp̚.ʌ],[bʌn.to.hɛ.bon.dʒʌk̚.i.ʌp̚.ʌ]
번디 로,7,[pʌn.ti.ɾo],[bʌn.ti.ɾo]
행방을 모릅니다,7,[hɛm.paŋ.ɯl.mo.ɾɯp̚.ni.ta],[hɛŋ.baŋ.ɯl.mo.ɾɯp̚.ni.da]
하나만 말하면,7,[ha.na.man.mal.ha.mjʌn],[ha.na.man.mal.ha.mjʌn]
행방은 알,7,[hɛm.paŋ.ɯn.al],[hɛŋ.baŋ.ɯn.al]
내 비밀을 알고,7,[nɛ.pi.mil.ɯl.al.ko],[nɛ.bi.mil.ɯl.al.ko]
하나만 말해봐요,7,[ha.na.man.mal.hɛ.pwa.jo],[ha.na.man.mal.hɛ.bwa.jo]
감시하고 있다면,7,[kam.si.ha.ko.it̚.ta.mjʌn],[gam.si.ha.go.it̚.ta.mjʌn]
하나만 묻겠네,7,[ha.na.man.mut̚.ket̚.ne],[ha.na.man.mut̚.ket̚.ne]
번만 내가,7,[pʌn.man.nɛ.ka],[bʌn.man.nɛ.ga]
고통받을 것이다,7,[ko.tʰom.pat̚.ɯl.kʌt̚.i.ta],[go.tʰoŋ.bat̚.ɯl.gʌt̚.i.da]
하나만 물어봐도 될까요,7,[ha.na.man.mul.ʌ.pwa.to.twel.k͈a.jo],[ha.na.man.mul.ʌ.bwa.do.dwel.k͈a.jo]
번만 더 그런,7,[pʌn.man.tʌ.kɯ.ɾʌn],[bʌn.man.dʌ.gɯ.ɾʌn]
하나만 믿고,7,[ha.na.man.mit̚.ko],[ha.na.man.mit̚.ko]
내 비서로,7,[nɛ.pi.sʌ.ɾo],[nɛ.bi.sʌ.ɾo]
고통받을 때,7,[ko.tʰom.pat̚.ɯl.t͈ɛ],[go.tʰoŋ.bat̚.ɯl.t͈ɛ]
하나만 빼고 다,7,[ha.na.mam.p͈ɛ.ko.ta],[ha.na.mam.p͈ɛ.go.da]
내 비서야,7,[nɛ.pi.sʌ.ja],[nɛ.bi.sʌ.ja]
하나만 빼고요,7,[ha.na.mam.p͈ɛ.ko.jo],[ha.na.mam.p͈ɛ.go.jo]
하나만 약속해 줘요,7,[ha.na.man.jak̚.sok̚.hɛ.tʃwʌ.jo],[ha.na.man.jak̚.sok̚.hɛ.dʒwʌ.jo]
하나만 약속해 줘,7,[ha.na.man.jak̚.sok̚.hɛ.tʃwʌ],[ha.na.man.jak̚.sok̚.hɛ.dʒwʌ]
고통받지 않을,7,[ko.tʰom.pat̚.tʃi.an.ɯl],[go.tʰoŋ.bat̚.tʃi.an.ɯl]
하나만 얘기해도,7,[ha.na.man.jɛ.ki.hɛ.to],[ha.na.man.jɛ.gi.hɛ.do]
번만 더 우리,7,[pʌn.man.tʌ.u.ɾi],[bʌn.man.dʌ.u.ɾi]
하나만 해도 될까,7,[ha.na.man.hɛ.to.twel.k͈a],[ha.na.man.hɛ.do.dwel.k͈a]
행복을 살,7,[hɛm.pok̚.ɯl.sal],[hɛŋ.bok̚.ɯl.sal]
내 비행기는,7,[nɛ.pi.hɛŋ.ki.nɯn],[nɛ.bi.hɛŋ.gi.nɯn]
번만 묻겠다,7,[pʌn.man.mut̚.ket̚.ta],[bʌn.man.mut̚.ket̚.ta]
하나밖에 없다고,7,[ha.na.pak̚.e.ʌp̚.ta.ko],[ha.na.bak̚.e.ʌp̚.ta.go]
하나뿐이야 내,7,[ha.na.p͈un.i.ja.nɛ],[ha.na.p͈un.i.ja.nɛ]
번만 봐주면,7,[pʌn.mam.pwa.tʃu.mjʌn],[bʌn.man.bwa.dʒu.mjʌn]
하나뿐인 동생을,7,[ha.na.p͈un.in.toŋ.sɛŋ.ɯl],[ha.na.p͈un.in.doŋ.sɛŋ.ɯl]
하나뿐인 사람,7,[ha.na.p͈un.in.sa.ɾam],[ha.na.p͈un.in.sa.ɾam]
번만 얘기할,7,[pʌn.man.jɛ.ki.hal],[bʌn.man.jɛ.gi.hal]
감시하고 있었습니다,7,[kam.si.ha.ko.it̚.ʌt̚.sɯp̚.ni.ta],[gam.si.ha.go.it̚.ʌt̚.sɯp̚.ni.da]
번만 읽어,7,[pʌn.man.ik̚.ʌ],[bʌn.man.ik̚.ʌ]
하나씩 심어,7,[ha.na.s͈ik̚.sim.ʌ],[ha.na.s͈ik̚.sim.ʌ]
번만 읽어 봐,7,[pʌn.man.ik̚.ʌ.pwa],[bʌn.man.ik̚.ʌ.bwa]
봐요 당신한테,7,[pwa.jo.taŋ.sin.han.tʰe],[bwa.jo.daŋ.sin.han.tʰe]
번만 하고,7,[pʌn.man.ha.ko],[bʌn.man.ha.go]
하나씩 해결하자고,7,[ha.na.s͈ik̚.hɛ.kjʌl.ha.tʃa.ko],[ha.na.s͈ik̚.hɛ.gjʌl.ha.dʒa.go]
하나씩 합시다,7,[ha.na.s͈ik̚.hap̚.si.ta],[ha.na.s͈ik̚.hap̚.si.da]
하나씩 해결하죠,7,[ha.na.s͈ik̚.hɛ.kjʌl.ha.tʃjo],[ha.na.s͈ik̚.hɛ.gjʌl.ha.dʒjo]
행복하게 살아요,7,[hɛm.pok̚.ha.ke.sal.a.jo],[hɛŋ.bok̚.ha.ge.sal.a.jo]
하나야 그래,7,[ha.na.ja.kɯ.ɾɛ],[ha.na.ja.gɯ.ɾɛ]
행복하게 살았으면,7,[hɛm.pok̚.ha.ke.sal.at̚.ɯ.mjʌn],[hɛŋ.bok̚.ha.ge.sal.at̚.ɯ.mjʌn]
번만 해요,7,[pʌn.man.hɛ.jo],[bʌn.man.hɛ.jo]
고통스럽게 만들,7,[ko.tʰoŋ.sɯ.ɾʌp̚.ke.man.tɯl],[go.tʰoŋ.sɯ.ɾʌp̚.ke.man.tɯl]
하나요 네,7,[ha.na.jo.ne],[ha.na.jo.ne]
하나의 가장,7,[ha.na.ɯi.ka.tʃaŋ],[ha.na.ɯi.ga.dʒaŋ]
번스 경위,7,[pʌn.sɯ.kjʌŋ.wi],[bʌn.sɯ.gjʌŋ.wi]
번식시킬 순,7,[pʌn.sik̚.si.kʰil.sun],[bʌn.sik̚.si.kʰil.sun]
번식시킬 순 없어요,7,[pʌn.sik̚.si.kʰil.sun.ʌp̚.ʌ.jo],[bʌn.sik̚.si.kʰil.sun.ʌp̚.ʌ.jo]
내 사건은,7,[nɛ.sa.kʌn.ɯn],[nɛ.sa.gʌn.ɯn]
번식용 암말처럼,7,[pʌn.sik̚.joŋ.am.mal.tʃʰʌ.ɾʌm],[bʌn.sik̚.joŋ.am.mal.tʃʰʌ.ɾʌm]
고통스럽게 죽게 해주지,7,[ko.tʰoŋ.sɯ.ɾʌp̚.ke.tʃuk̚.ke.hɛ.tʃu.tʃi],[go.tʰoŋ.sɯ.ɾʌp̚.ke.dʒuk̚.ke.hɛ.dʒu.dʒi]
하나의 이유는,7,[ha.na.ɯi.i.ju.nɯn],[ha.na.ɯi.i.ju.nɯn]
번식할 수,7,[pʌn.sik̚.hal.su],[bʌn.sik̚.hal.su]
하나인 거,7,[ha.na.iŋ.kʌ],[ha.na.in.gʌ]
번씩 감정을 죽이며,7,[pʌn.s͈ik̚.kan.tʃʌŋ.ɯl.tʃuk̚.i.mjʌ],[bʌn.s͈ik̚.gan.tʃʌŋ.ɯl.dʒuk̚.i.mjʌ]
번씩 감정을 죽이며 아니,7,[pʌn.s͈ik̚.kan.tʃʌŋ.ɯl.tʃuk̚.i.mjʌ.a.ni],[bʌn.s͈ik̚.gan.tʃʌŋ.ɯl.dʒuk̚.i.mjʌ.a.ni]
번씩 감정을,7,[pʌn.s͈ik̚.kan.tʃʌŋ.ɯl],[bʌn.s͈ik̚.gan.tʃʌŋ.ɯl]
하나일 것이다,7,[ha.na.il.kʌt̚.i.ta],[ha.na.il.gʌt̚.i.da]
하나일 뿐이다,7,[ha.na.il.p͈un.i.ta],[ha.na.il.p͈un.i.da]
번씩 해,7,[pʌn.s͈ik̚.hɛ],[bʌn.s͈ik̚.hɛ]
내 사과를 받아,7,[nɛ.sa.kwa.ɾɯl.pat̚.a],[nɛ.sa.gwa.ɾɯl.bat̚.a]
번에 그를,7,[pʌn.e.kɯ.ɾɯl],[bʌn.e.gɯ.ɾɯl]
행복하기만 하면,7,[hɛm.pok̚.ha.ki.man.ha.mjʌn],[hɛŋ.bok̚.ha.gi.man.ha.mjʌn]
하나지 내가,7,[ha.na.tʃi.nɛ.ka],[ha.na.dʒi.nɛ.ga]
번에 두 가지,7,[pʌn.e.tu.ka.tʃi],[bʌn.e.du.ga.dʒi]
행복하다 이런,7,[hɛm.pok̚.ha.ta.i.ɾʌn],[hɛŋ.bok̚.ha.da.i.ɾʌn]
행복하면 된,7,[hɛm.pok̚.ha.mjʌn.twen],[hɛŋ.bok̚.ha.mjʌn.dwen]
번에 좀,7,[pʌn.e.tʃom],[bʌn.e.dʒom]
내 사람들의,7,[nɛ.sa.ɾan.tɯl.ɯi],[nɛ.sa.ɾan.tɯl.ɯi]
번에 하나씩 하죠,7,[pʌn.e.ha.na.s͈ik̚.ha.tʃjo],[bʌn.e.ha.na.s͈ik̚.ha.dʒjo]
내가 방해했어,7,[nɛ.ka.paŋ.hɛ.hɛt̚.ʌ],[nɛ.ga.baŋ.hɛ.hɛt̚.ʌ]
강요하지 않았어요,7,[kaŋ.jo.ha.tʃi.an.at̚.ʌ.jo],[gaŋ.jo.ha.dʒi.an.at̚.ʌ.jo]
행복하다는 걸,7,[hɛm.pok̚.ha.ta.nɯŋ.kʌl],[hɛŋ.bok̚.ha.da.nɯn.gʌl]
하네 누가,7,[ha.ne.nu.ka],[ha.ne.nu.ga]
내 사람은,7,[nɛ.sa.ɾam.ɯn],[nɛ.sa.ɾam.ɯn]
행복하지 않을 것이다,7,[hɛm.pok̚.ha.tʃi.an.ɯl.kʌt̚.i.ta],[hɛŋ.bok̚.ha.dʒi.an.ɯl.gʌt̚.i.da]
하네 아,7,[ha.ne.a],[ha.ne.a]
하네 아직,7,[ha.ne.a.tʃik̚],[ha.ne.a.dʒik̚]
하네 어떤,7,[ha.ne.ʌ.t͈ʌn],[ha.ne.ʌ.t͈ʌn]
하네 응,7,[ha.ne.ɯŋ],[ha.ne.ɯŋ]
행복한 결혼을,7,[hɛm.pok̚.haŋ.kjʌl.hon.ɯl],[hɛŋ.bok̚.han.gjʌl.hon.ɯl]
번역 및 제작,7,[pʌn.jʌk̚.mit̚.tʃe.tʃak̚],[bʌn.jʌk̚.mit̚.dʒe.dʒak̚]
이래도 발뺌할,7,[i.ɾɛ.to.pal.p͈ɛm.hal],[i.ɾɛ.do.bal.p͈ɛm.hal]
하네 자기 집처럼 지내주게,7,[ha.ne.tʃa.ki.tʃip̚.tʃʰʌ.ɾʌn.tʃi.nɛ.tʃu.ke],[ha.ne.dʒa.gi.dʒip̚.tʃʰʌ.ɾʌm.dʒi.nɛ.dʒu.ge]
하네 자기 집처럼,7,[ha.ne.tʃa.ki.tʃip̚.tʃʰʌ.ɾʌm],[ha.ne.dʒa.gi.dʒip̚.tʃʰʌ.ɾʌm]
하네 자네가,7,[ha.ne.tʃa.ne.ka],[ha.ne.dʒa.ne.ga]
봐요 뭐야,7,[pwa.jo.mwʌ.ja],[bwa.jo.mwʌ.ja]
내가 배신했다고,7,[nɛ.ka.pɛ.sin.hɛt̚.ta.ko],[nɛ.ga.bɛ.sin.hɛt̚.ta.go]
하네 제,7,[ha.ne.tʃe],[ha.ne.dʒe]
하네요 고마워요,7,[ha.ne.jo.ko.ma.wʌ.jo],[ha.ne.jo.go.ma.wʌ.jo]
하네요 그래도,7,[ha.ne.jo.kɯ.ɾɛ.to],[ha.ne.jo.gɯ.ɾɛ.do]
번역 싱크,7,[pʌn.jʌk̚.siŋ.kʰɯ],[bʌn.jʌk̚.siŋ.kʰɯ]
내 사랑 네,7,[nɛ.sa.ɾaŋ.ne],[nɛ.sa.ɾaŋ.ne]
번역 이전에,7,[pʌn.jʌk̚.i.tʃʌn.e],[bʌn.jʌk̚.i.dʒʌn.e]
번역 정수연 지난,7,[pʌn.jʌk̚.tʃʌŋ.su.jʌn.tʃi.nan],[bʌn.jʌk̚.dʒʌŋ.su.jʌn.dʒi.nan]
번역 정수연 지난 이야기,7,[pʌn.jʌk̚.tʃʌŋ.su.jʌn.tʃi.nan.i.ja.ki],[bʌn.jʌk̚.dʒʌŋ.su.jʌn.dʒi.nan.i.ja.gi]
하네요 다시,7,[ha.ne.jo.ta.si],[ha.ne.jo.da.si]
하네요 뭐,7,[ha.ne.jo.mwʌ],[ha.ne.jo.mwʌ]
하네요 오,7,[ha.ne.jo.o],[ha.ne.jo.o]
번역 할,7,[pʌn.jʌk̚.hal],[bʌn.jʌk̚.hal]
하네요 저,7,[ha.ne.jo.tʃʌ],[ha.ne.jo.dʒʌ]
번역본이잖아요 좋아,7,[pʌn.jʌk̚.pon.i.tʃan.a.jo.tʃot̚.a],[bʌn.jʌk̚.pon.i.dʒan.a.jo.dʒot̚.a]
내 사랑 안녕,7,[nɛ.sa.ɾaŋ.an.njʌŋ],[nɛ.sa.ɾaŋ.an.njʌŋ]
번역본이잖아요 좋아 어디까지 읽었는지,7,[pʌn.jʌk̚.pon.i.tʃan.a.jo.tʃot̚.a.ʌ.ti.k͈a.tʃi.ik̚.ʌt̚.nɯn.tʃi],[bʌn.jʌk̚.pon.i.dʒan.a.jo.dʒot̚.a.ʌ.di.k͈a.dʒi.ik̚.ʌt̚.nɯn.tʃi]
번역본이잖아요 좋아 어디까지,7,[pʌn.jʌk̚.pon.i.tʃan.a.jo.tʃot̚.a.ʌ.ti.k͈a.tʃi],[bʌn.jʌk̚.pon.i.dʒan.a.jo.dʒot̚.a.ʌ.di.k͈a.dʒi]
하느님 안,7,[ha.nɯ.nim.an],[ha.nɯ.nim.an]
번역해 줄께,7,[pʌn.jʌk̚.hɛ.tʃul.k͈e],[bʌn.jʌk̚.hɛ.dʒul.k͈e]
근육은 모두,7,[kɯn.juk̚.ɯn.mo.tu],[gɯn.juk̚.ɯn.mo.du]
내 사랑'',7,[nɛ.sa.ɾaŋ],[nɛ.sa.ɾaŋ]
행복한 순간이,7,[hɛm.pok̚.han.suŋ.kan.i],[hɛŋ.bok̚.han.suŋ.kan.i]
봐요 보고,7,[pwa.jo.po.ko],[bwa.jo.bo.go]
봐요 보세요,7,[pwa.jo.po.se.jo],[bwa.jo.bo.se.jo]
고통은 사라질,7,[ko.tʰoŋ.ɯn.sa.ɾa.tʃil],[go.tʰoŋ.ɯn.sa.ɾa.dʒil]
또 누구 있어,7,[t͈o.nu.ku.it̚.ʌ],[t͈o.nu.gu.it̚.ʌ]
번은 그,7,[pʌn.ɯŋ.kɯ],[bʌn.ɯn.gɯ]
내가 백성들을,7,[nɛ.ka.pɛk̚.sʌŋ.tɯl.ɯl],[nɛ.ga.bɛk̚.sʌŋ.dɯl.ɯl]
번은 넘게,7,[pʌn.ɯn.nʌm.ke],[bʌn.ɯn.nʌm.ke]
행복한 척,7,[hɛm.pok̚.han.tʃʰʌk̚],[hɛŋ.bok̚.han.tʃʰʌk̚]
하는 거 말이에요,7,[ha.nɯŋ.kʌ.mal.i.e.jo],[ha.nɯn.gʌ.mal.i.e.jo]
번은 들었어요,7,[pʌn.ɯn.tɯl.ʌt̚.ʌ.jo],[bʌn.ɯn.dɯl.ʌt̚.ʌ.jo]
번은 말,7,[pʌn.ɯn.mal],[bʌn.ɯn.mal]
하는 거 보니,7,[ha.nɯŋ.kʌ.po.ni],[ha.nɯn.gʌ.bo.ni]
번은 봤어,7,[pʌn.ɯm.pwat̚.ʌ],[bʌn.ɯn.bwat̚.ʌ]
번은 안 돼,7,[pʌn.ɯn.an.twɛ],[bʌn.ɯn.an.dwɛ]
하는 거 싫어,7,[ha.nɯŋ.kʌ.sil.ʌ],[ha.nɯn.gʌ.sil.ʌ]
행복한 커플,7,[hɛm.pok̚.haŋ.kʰʌ.pʰɯl],[hɛŋ.bok̚.haŋ.kʰʌ.pʰɯl]
봐요 선생님,7,[pwa.jo.sʌn.sɛŋ.nim],[bwa.jo.sʌn.sɛŋ.nim]
out by the,7,,
하는 거 아니었어요,7,[ha.nɯŋ.kʌ.a.ni.ʌt̚.ʌ.jo],[ha.nɯn.gʌ.a.ni.ʌt̚.ʌ.jo]
번은 제,7,[pʌn.ɯn.tʃe],[bʌn.ɯn.dʒe]
근처 감시,7,[kɯn.tʃʰʌ.kam.si],[gɯn.tʃʰʌ.gam.si]
번은 해,7,[pʌn.ɯn.hɛ],[bʌn.ɯn.hɛ]
하는 거 아시잖아요,7,[ha.nɯŋ.kʌ.a.si.tʃan.a.jo],[ha.nɯn.gʌ.a.si.dʒan.a.jo]
행복할 거라,7,[hɛm.pok̚.hal.kʌ.ɾa],[hɛŋ.bok̚.hal.gʌ.ɾa]
내 사랑이 느껴지지,7,[nɛ.sa.ɾaŋ.i.nɯ.k͈jʌ.tʃi.tʃi],[nɛ.sa.ɾaŋ.i.nɯ.k͈jʌ.dʒi.dʒi]
내 사랑이 느껴지지 않나요,7,[nɛ.sa.ɾaŋ.i.nɯ.k͈jʌ.tʃi.tʃi.an.na.jo],[nɛ.sa.ɾaŋ.i.nɯ.k͈jʌ.dʒi.dʒi.an.na.jo]
번을 누르십시오,7,[pʌn.ɯl.lu.ɾɯ.sip̚.si.o],[bʌn.ɯl.lu.ɾɯ.sip̚.si.o]
하는 거 에요,7,[ha.nɯŋ.kʌ.e.jo],[ha.nɯn.gʌ.e.jo]
번을 눌러 주세요,7,[pʌn.ɯl.lul.ɾʌ.tʃu.se.jo],[bʌn.ɯl.lul.ɾʌ.dʒu.se.jo]
하는 거 잘 봐,7,[ha.nɯŋ.kʌ.tʃal.pwa],[ha.nɯn.gʌ.dʒal.bwa]
하는 거 제대로,7,[ha.nɯŋ.kʌ.tʃe.tɛ.ɾo],[ha.nɯn.gʌ.dʒe.dɛ.ɾo]
하는 거 좀,7,[ha.nɯŋ.kʌ.tʃom],[ha.nɯn.gʌ.dʒom]
내 사명은,7,[nɛ.sa.mjʌŋ.ɯn],[nɛ.sa.mjʌŋ.ɯn]
하는 거거든요,7,[ha.nɯŋ.kʌ.kʌ.tɯn.jo],[ha.nɯn.gʌ.gʌ.dɯn.jo]
내 사무실로 가지,7,[nɛ.sa.mu.sil.ɾo.ka.tʃi],[nɛ.sa.mu.sil.ɾo.ga.dʒi]
번을 타고,7,[pʌn.ɯl.tʰa.ko],[bʌn.ɯl.tʰa.go]
고통을 겪었다,7,[ko.tʰoŋ.ɯl.kjʌk̚.ʌt̚.ta],[go.tʰoŋ.ɯl.gjʌk̚.ʌt̚.ta]
been in your,7,,
봐요 사람,7,[pwa.jo.sa.ɾam],[bwa.jo.sa.ɾam]
내 사무실에 가서,7,[nɛ.sa.mu.sil.e.ka.sʌ],[nɛ.sa.mu.sil.e.ga.sʌ]
또 늦었네,7,[t͈o.nɯt̚.ʌt̚.ne],[t͈o.nɯt̚.ʌt̚.ne]
하는 거야 그러니까,7,[ha.nɯŋ.kʌ.ja.kɯ.ɾʌ.ni.k͈a],[ha.nɯn.gʌ.ja.gɯ.ɾʌ.ni.k͈a]
번의 살인을,7,[pʌn.ɯi.sal.in.ɯl],[bʌn.ɯi.sal.in.ɯl]
행복해 보였다,7,[hɛm.pok̚.hɛ.po.jʌt̚.ta],[hɛŋ.bok̚.hɛ.bo.jʌt̚.ta]
하는 거야 날,7,[ha.nɯŋ.kʌ.ja.nal],[ha.nɯn.gʌ.ja.nal]
번의 시도,7,[pʌn.ɯi.si.to],[bʌn.ɯi.si.do]
내 사무실에 있는,7,[nɛ.sa.mu.sil.e.it̚.nɯn],[nɛ.sa.mu.sil.e.it̚.nɯn]
내 사무실에서 꺼져,7,[nɛ.sa.mu.sil.e.sʌ.k͈ʌ.tʃjʌ],[nɛ.sa.mu.sil.e.sʌ.k͈ʌ.dʒjʌ]
근처 숲에,7,[kɯn.tʃʰʌ.sup̚.e],[gɯn.tʃʰʌ.sup̚.e]
하는 거야 다들,7,[ha.nɯŋ.kʌ.ja.ta.tɯl],[ha.nɯn.gʌ.ja.da.dɯl]
번의 여행,7,[pʌn.ɯi.jʌ.hɛŋ],[bʌn.ɯi.jʌ.hɛŋ]
번의 전화를,7,[pʌn.ɯi.tʃʌn.hwa.ɾɯl],[bʌn.ɯi.dʒʌn.hwa.ɾɯl]
내 사무실에서 나가요,7,[nɛ.sa.mu.sil.e.sʌ.na.ka.jo],[nɛ.sa.mu.sil.e.sʌ.na.ga.jo]
하는 거야 세상에,7,[ha.nɯŋ.kʌ.ja.se.saŋ.e],[ha.nɯn.gʌ.ja.se.saŋ.e]
고통을 겪었어요,7,[ko.tʰoŋ.ɯl.kjʌk̚.ʌt̚.ʌ.jo],[go.tʰoŋ.ɯl.gjʌk̚.ʌt̚.ʌ.jo]
번이 아니에요,7,[pʌn.i.a.ni.e.jo],[bʌn.i.a.ni.e.jo]
하는 거야 여기서,7,[ha.nɯŋ.kʌ.ja.jʌ.ki.sʌ],[ha.nɯn.gʌ.ja.jʌ.gi.sʌ]
하는 거야 저,7,[ha.nɯŋ.kʌ.ja.tʃʌ],[ha.nɯn.gʌ.ja.dʒʌ]
하는 거야 진짜,7,[ha.nɯŋ.kʌ.ja.tʃin.tʃ͈a],[ha.nɯn.gʌ.ja.dʒin.tʃ͈a]
하는 거여,7,[ha.nɯŋ.kʌ.jʌ],[ha.nɯn.gʌ.jʌ]
봐요 앉으라면,7,[pwa.jo.an.ɯ.ɾa.mjʌn],[bwa.jo.an.ɯ.ɾa.mjʌn]
하는 거예요 그게,7,[ha.nɯŋ.kʌ.je.jo.kɯ.ke],[ha.nɯn.gʌ.je.jo.gɯ.ge]
하는 거예요 그,7,[ha.nɯŋ.kʌ.je.jo.kɯ],[ha.nɯn.gʌ.je.jo.gɯ]
번이나 들었어,7,[pʌn.i.na.tɯl.ʌt̚.ʌ],[bʌn.i.na.dɯl.ʌt̚.ʌ]
내 사업도,7,[nɛ.sa.ʌp̚.to],[nɛ.sa.ʌp̚.to]
행복했던 사랑이,7,[hɛm.pok̚.hɛt̚.tʌn.sa.ɾaŋ.i],[hɛŋ.bok̚.hɛt̚.tʌn.sa.ɾaŋ.i]
관계는 어때요,7,[kwaŋ.kje.nɯn.ʌ.t͈ɛ.jo],[gwaŋ.kje.nɯn.ʌ.t͈ɛ.jo]
하는 거지 내,7,[ha.nɯŋ.kʌ.tʃi.nɛ],[ha.nɯn.gʌ.dʒi.nɛ]
내 사업에 대해,7,[nɛ.sa.ʌp̚.e.tɛ.hɛ],[nɛ.sa.ʌp̚.e.dɛ.hɛ]
out front,7,,
이러고 싶지 않은데,7,[i.ɾʌ.ko.sip̚.tʃi.an.ɯn.te],[i.ɾʌ.go.sip̚.tʃi.an.ɯn.te]
하는 거지 안,7,[ha.nɯŋ.kʌ.tʃi.an],[ha.nɯn.gʌ.dʒi.an]
행사 때마다,7,[hɛŋ.sa.t͈ɛ.ma.ta],[hɛŋ.sa.t͈ɛ.ma.da]
번이나 받았어,7,[pʌn.i.na.pat̚.at̚.ʌ],[bʌn.i.na.bat̚.at̚.ʌ]
하는 거짓말,7,[ha.nɯŋ.kʌ.tʃit̚.mal],[ha.nɯn.gʌ.dʒit̚.mal]
봐요 어릴,7,[pwa.jo.ʌ.ɾil],[bwa.jo.ʌ.ɾil]
하는 건 나야,7,[ha.nɯŋ.kʌn.na.ja],[ha.nɯn.gʌn.na.ja]
번이나 우리,7,[pʌn.i.na.u.ɾi],[bʌn.i.na.u.ɾi]
또 다른 것이 있다,7,[t͈o.ta.ɾɯŋ.kʌt̚.i.it̚.ta],[t͈o.da.ɾɯn.gʌt̚.i.it̚.ta]
하는 건 뭐든,7,[ha.nɯŋ.kʌn.mwʌ.tɯn],[ha.nɯn.gʌn.mwʌ.dɯn]
이러고 있고,7,[i.ɾʌ.ko.it̚.ko],[i.ɾʌ.go.it̚.ko]
봐요 어젯밤,7,[pwa.jo.ʌ.tʃet̚.pam],[bwa.jo.ʌ.dʒet̚.pam]
하는 건 뭐든지,7,[ha.nɯŋ.kʌn.mwʌ.tɯn.tʃi],[ha.nɯn.gʌn.mwʌ.dɯn.tʃi]
봐요 언제,7,[pwa.jo.ʌn.tʃe],[bwa.jo.ʌn.tʃe]
하는 건 아니라고,7,[ha.nɯŋ.kʌn.a.ni.ɾa.ko],[ha.nɯn.gʌn.a.ni.ɾa.go]
하는 건 아닌가,7,[ha.nɯŋ.kʌn.a.niŋ.ka],[ha.nɯn.gʌn.a.niŋ.ka]
고통을 느끼기,7,[ko.tʰoŋ.ɯl.lɯ.k͈i.ki],[go.tʰoŋ.ɯl.lɯ.k͈i.gi]
내가 벤,7,[nɛ.ka.pen],[nɛ.ga.ben]
내 사인을,7,[nɛ.sa.in.ɯl],[nɛ.sa.in.ɯl]
하는 건 아주,7,[ha.nɯŋ.kʌn.a.tʃu],[ha.nɯn.gʌn.a.dʒu]
번이나 했죠,7,[pʌn.i.na.hɛt̚.tʃjo],[bʌn.i.na.hɛt̚.tʃjo]
번이나 했지,7,[pʌn.i.na.hɛt̚.tʃi],[bʌn.i.na.hɛt̚.tʃi]
감시할 수 있어요,7,[kam.si.hal.su.it̚.ʌ.jo],[gam.si.hal.su.it̚.ʌ.jo]
내가 벽에,7,[nɛ.ka.pjʌk̚.e],[nɛ.ga.bjʌk̚.e]
내 사지를,7,[nɛ.sa.tʃi.ɾɯl],[nɛ.sa.dʒi.ɾɯl]
행사에 참석한,7,[hɛŋ.sa.e.tʃʰam.sʌk̚.han],[hɛŋ.sa.e.tʃʰam.sʌk̚.han]
내 사정을,7,[nɛ.sa.tʃʌŋ.ɯl],[nɛ.sa.dʒʌŋ.ɯl]
감시할 수 있을,7,[kam.si.hal.su.it̚.ɯl],[gam.si.hal.su.it̚.ɯl]
하는 건지 모르겠지만,7,[ha.nɯŋ.kʌn.tʃi.mo.ɾɯ.ket̚.tʃi.man],[ha.nɯn.gʌn.tʃi.mo.ɾɯ.get̚.tʃi.man]
하는 건지 정말,7,[ha.nɯŋ.kʌn.tʃi.tʃʌŋ.mal],[ha.nɯn.gʌn.tʃi.dʒʌŋ.mal]
감시할 순,7,[kam.si.hal.sun],[gam.si.hal.sun]
번즈 씨,7,[pʌn.tʃɯ.s͈i],[bʌn.tʃɯ.s͈i]
하는 걸 막을,7,[ha.nɯŋ.kʌl.mak̚.ɯl],[ha.nɯn.gʌl.mak̚.ɯl]
행사에 쓸,7,[hɛŋ.sa.e.s͈ɯl],[hɛŋ.sa.e.s͈ɯl]
번지 아파트,7,[pʌn.tʃi.a.pʰa.tʰɯ],[bʌn.tʃi.a.pʰa.tʰɯ]
하는 걸 볼 수,7,[ha.nɯŋ.kʌl.pol.su],[ha.nɯn.gʌl.bol.su]
내 사촌들은,7,[nɛ.sa.tʃʰon.tɯl.ɯn],[nɛ.sa.tʃʰon.tɯl.ɯn]
하는 걸 안,7,[ha.nɯŋ.kʌl.an],[ha.nɯn.gʌl.an]
봐요 오늘 밤에,7,[pwa.jo.o.nɯl.pam.e],[bwa.jo.o.nɯl.bam.e]
하는 것 같더라,7,[ha.nɯŋ.kʌt̚.kat̚.tʌ.ɾa],[ha.nɯn.gʌt̚.gat̚.tʌ.ɾa]
번째 거는,7,[pʌn.tʃ͈ɛ.kʌ.nɯn],[bʌn.tʃ͈ɛ.gʌ.nɯn]
봐요 오빠가,7,[pwa.jo.o.p͈a.ka],[bwa.jo.o.p͈a.ga]
번째 거짓말,7,[pʌn.tʃ͈ɛ.kʌ.tʃit̚.mal],[bʌn.tʃ͈ɛ.gʌ.dʒit̚.mal]
하는 것 같잖아,7,[ha.nɯŋ.kʌt̚.kat̚.tʃan.a],[ha.nɯn.gʌt̚.gat̚.tʃan.a]
감시해 네,7,[kam.si.hɛ.ne],[gam.si.hɛ.ne]
내 살,7,[nɛ.sal],[nɛ.sal]
하는 것 좀 봐,7,[ha.nɯŋ.kʌt̚.tʃom.pwa],[ha.nɯn.gʌt̚.dʒom.bwa]
이러나 저러나,7,[i.ɾʌ.na.tʃʌ.ɾʌ.na],[i.ɾʌ.na.dʒʌ.ɾʌ.na]
번째 공식,7,[pʌn.tʃ͈ɛ.koŋ.sik̚],[bʌn.tʃ͈ɛ.goŋ.sik̚]
번째 공식'',7,[pʌn.tʃ͈ɛ.koŋ.sik̚],[bʌn.tʃ͈ɛ.goŋ.sik̚]
내 삶 속에,7,[nɛ.sam.sok̚.e],[nɛ.sam.sok̚.e]
하는 것들이지,7,[ha.nɯŋ.kʌt̚.tɯl.i.tʃi],[ha.nɯn.gʌt̚.tɯl.i.dʒi]
내가 병신이지,7,[nɛ.ka.pjʌŋ.sin.i.tʃi],[nɛ.ga.bjʌŋ.sin.i.dʒi]
번째 기회를 주고,7,[pʌn.tʃ͈ɛ.ki.hwe.ɾɯl.tʃu.ko],[bʌn.tʃ͈ɛ.gi.hwe.ɾɯl.dʒu.go]
감시해야 할,7,[kam.si.hɛ.ja.hal],[gam.si.hɛ.ja.hal]
내가 병을,7,[nɛ.ka.pjʌŋ.ɯl],[nɛ.ga.bjʌŋ.ɯl]
번째 남편은,7,[pʌn.tʃ͈ɛ.nam.pʰjʌn.ɯn],[bʌn.tʃ͈ɛ.nam.pʰjʌn.ɯn]
번째 놈을,7,[pʌn.tʃ͈ɛ.nom.ɯl],[bʌn.tʃ͈ɛ.nom.ɯl]
번째 눈,7,[pʌn.tʃ͈ɛ.nun],[bʌn.tʃ͈ɛ.nun]
out it''s,7,,
하는 게 그거야,7,[ha.nɯŋ.ke.kɯ.kʌ.ja],[ha.nɯn.ge.gɯ.gʌ.ja]
봐요 이게 뭐죠,7,[pwa.jo.i.ke.mwʌ.tʃjo],[bwa.jo.i.ge.mwʌ.dʒjo]
고통을 받아라,7,[ko.tʰoŋ.ɯl.pat̚.a.ɾa],[go.tʰoŋ.ɯl.bat̚.a.ɾa]
봐요 이럴,7,[pwa.jo.i.ɾʌl],[bwa.jo.i.ɾʌl]
said a,7,,
내가 보고 싶으면,7,[nɛ.ka.po.ko.sip̚.ɯ.mjʌn],[nɛ.ga.bo.go.sip̚.ɯ.mjʌn]
행성은 이,7,[hɛŋ.sʌŋ.ɯn.i],[hɛŋ.sʌŋ.ɯn.i]
근처에 누가,7,[kɯn.tʃʰʌ.e.nu.ka],[gɯn.tʃʰʌ.e.nu.ga]
하는 게 아니잖아요,7,[ha.nɯŋ.ke.a.ni.tʃan.a.jo],[ha.nɯn.ge.a.ni.dʒan.a.jo]
하는 게 아주,7,[ha.nɯŋ.ke.a.tʃu],[ha.nɯn.ge.a.dʒu]
봐요 자기,7,[pwa.jo.tʃa.ki],[bwa.jo.dʒa.gi]
내가 보고서를,7,[nɛ.ka.po.ko.sʌ.ɾɯl],[nɛ.ga.bo.go.sʌ.ɾɯl]
감식 결과는,7,[kam.sik̚.kjʌl.kwa.nɯn],[gam.sik̚.gjʌl.kwa.nɯn]
봐요 자네가,7,[pwa.jo.tʃa.ne.ka],[bwa.jo.dʒa.ne.ga]
봐요 자신을,7,[pwa.jo.tʃa.sin.ɯl],[bwa.jo.dʒa.sin.ɯl]
하는 게 없어요,7,[ha.nɯŋ.ke.ʌp̚.ʌ.jo],[ha.nɯn.ge.ʌp̚.ʌ.jo]
내 삶이 좋아,7,[nɛ.sam.i.tʃot̚.a],[nɛ.sam.i.dʒot̚.a]
감식 결과를,7,[kam.sik̚.kjʌl.kwa.ɾɯl],[gam.sik̚.gjʌl.kwa.ɾɯl]
감식반 말로는,7,[kam.sik̚.pan.mal.ɾo.nɯn],[gam.sik̚.pan.mal.ɾo.nɯn]
하는 게 좋을 거다,7,[ha.nɯŋ.ke.tʃot̚.ɯl.kʌ.ta],[ha.nɯn.ge.dʒot̚.ɯl.gʌ.da]
감싸 안고,7,[kam.s͈a.aŋ.ko],[gam.s͈a.aŋ.ko]
번째 부족으로,7,[pʌn.tʃ͈ɛ.pu.tʃok̚.ɯ.ɾo],[bʌn.tʃ͈ɛ.bu.dʒok̚.ɯ.ɾo]
번째 사건은,7,[pʌn.tʃ͈ɛ.sa.kʌn.ɯn],[bʌn.tʃ͈ɛ.sa.gʌn.ɯn]
행세 좀,7,[hɛŋ.se.tʃom],[hɛŋ.se.dʒom]
내 상관할 바 아니다,7,[nɛ.saŋ.kwan.hal.pa.a.ni.ta],[nɛ.saŋ.gwan.hal.ba.a.ni.da]
내 상대,7,[nɛ.saŋ.tɛ],[nɛ.saŋ.dɛ]
번째 생각,7,[pʌn.tʃ͈ɛ.sɛŋ.kak̚],[bʌn.tʃ͈ɛ.sɛŋ.gak̚]
번째 생일이야,7,[pʌn.tʃ͈ɛ.sɛŋ.il.i.ja],[bʌn.tʃ͈ɛ.sɛŋ.il.i.ja]
번째 생일이,7,[pʌn.tʃ͈ɛ.sɛŋ.il.i],[bʌn.tʃ͈ɛ.sɛŋ.il.i]
번째 선택은,7,[pʌn.tʃ͈ɛ.sʌn.tʰɛk̚.ɯn],[bʌn.tʃ͈ɛ.sʌn.tʰɛk̚.ɯn]
been keeping,7,,
하는 놈을,7,[ha.nɯn.nom.ɯl],[ha.nɯn.nom.ɯl]
번째 숫자,7,[pʌn.tʃ͈ɛ.sut̚.tʃa],[bʌn.tʃ͈ɛ.sut̚.tʃa]
고통을 좀,7,[ko.tʰoŋ.ɯl.tʃom],[go.tʰoŋ.ɯl.dʒom]
내 상사인,7,[nɛ.saŋ.sa.in],[nɛ.saŋ.sa.in]
번째 시험을,7,[pʌn.tʃ͈ɛ.si.hʌm.ɯl],[bʌn.tʃ͈ɛ.si.hʌm.ɯl]
내 상상력이,7,[nɛ.saŋ.saŋ.ɾjʌk̚.i],[nɛ.saŋ.saŋ.ɾjʌk̚.i]
내 상상 속의,7,[nɛ.saŋ.saŋ.sok̚.ɯi],[nɛ.saŋ.saŋ.sok̚.ɯi]
행운을 빌어 그래,7,[hɛŋ.un.ɯl.pil.ʌ.kɯ.ɾɛ],[hɛŋ.un.ɯl.bil.ʌ.gɯ.ɾɛ]
하는 데만,7,[ha.nɯn.te.man],[ha.nɯn.de.man]
번째 아침,7,[pʌn.tʃ͈ɛ.a.tʃʰim],[bʌn.tʃ͈ɛ.a.tʃʰim]
번째 안건,7,[pʌn.tʃ͈ɛ.aŋ.kʌn],[bʌn.tʃ͈ɛ.aŋ.kʌn]
하는 동안에는,7,[ha.nɯn.toŋ.an.e.nɯn],[ha.nɯn.doŋ.an.e.nɯn]
행운을 빌어요 당신,7,[hɛŋ.un.ɯl.pil.ʌ.jo.taŋ.sin],[hɛŋ.un.ɯl.bil.ʌ.jo.daŋ.sin]
행운을 빌게 고마워,7,[hɛŋ.un.ɯl.pil.ke.ko.ma.wʌ],[hɛŋ.un.ɯl.bil.ke.go.ma.wʌ]
강을 건너지,7,[kaŋ.ɯl.kʌn.nʌ.tʃi],[gaŋ.ɯl.gʌn.nʌ.dʒi]
내 상태가 어떤지,7,[nɛ.saŋ.tʰɛ.ka.ʌ.t͈ʌn.tʃi],[nɛ.saŋ.tʰɛ.ga.ʌ.t͈ʌn.tʃi]
하는 말 못,7,[ha.nɯn.mal.mot̚],[ha.nɯn.mal.mot̚]
번째 일은,7,[pʌn.tʃ͈ɛ.il.ɯn],[bʌn.tʃ͈ɛ.il.ɯn]
하는 말 전부,7,[ha.nɯn.mal.tʃʌm.pu],[ha.nɯn.mal.dʒʌm.pu]
고통을 준다고,7,[ko.tʰoŋ.ɯl.tʃun.ta.ko],[go.tʰoŋ.ɯl.dʒun.ta.go]
back a,7,,
하는 말들은,7,[ha.nɯn.mal.tɯl.ɯn],[ha.nɯn.mal.tɯl.ɯn]
내 상태에,7,[nɛ.saŋ.tʰɛ.e],[nɛ.saŋ.tʰɛ.e]
번째 장,7,[pʌn.tʃ͈ɛ.tʃaŋ],[bʌn.tʃ͈ɛ.dʒaŋ]
번째 장소,7,[pʌn.tʃ͈ɛ.tʃaŋ.so],[bʌn.tʃ͈ɛ.dʒaŋ.so]
내가 보기엔 이,7,[nɛ.ka.po.ki.en.i],[nɛ.ga.bo.gi.en.i]
내가 보기엔 좀,7,[nɛ.ka.po.ki.en.tʃom],[nɛ.ga.bo.gi.en.dʒom]
하는 말을 들었어요,7,[ha.nɯn.mal.ɯl.tɯl.ʌt̚.ʌ.jo],[ha.nɯn.mal.ɯl.dɯl.ʌt̚.ʌ.jo]
번째 조각은,7,[pʌn.tʃ͈ɛ.tʃo.kak̚.ɯn],[bʌn.tʃ͈ɛ.dʒo.gak̚.ɯn]
이러다 늦겠네,7,[i.ɾʌ.ta.nɯt̚.ket̚.ne],[i.ɾʌ.da.nɯt̚.ket̚.ne]
번째 줄에,7,[pʌn.tʃ͈ɛ.tʃul.e],[bʌn.tʃ͈ɛ.dʒul.e]
하는 말을 해,7,[ha.nɯn.mal.ɯl.hɛ],[ha.nɯn.mal.ɯl.hɛ]
번째 진짜,7,[pʌn.tʃ͈ɛ.tʃin.tʃ͈a],[bʌn.tʃ͈ɛ.dʒin.tʃ͈a]
고통을 줄여줄,7,[ko.tʰoŋ.ɯl.tʃul.jʌ.tʃul],[go.tʰoŋ.ɯl.dʒul.jʌ.dʒul]
고통을 줄이기,7,[ko.tʰoŋ.ɯl.tʃul.i.ki],[go.tʰoŋ.ɯl.dʒul.i.gi]
강을 따라가면,7,[kaŋ.ɯl.t͈a.ɾa.ka.mjʌn],[gaŋ.ɯl.t͈a.ɾa.ga.mjʌn]
하는 말이란,7,[ha.nɯn.mal.i.ɾan],[ha.nɯn.mal.i.ɾan]
고통을 줘야지,7,[ko.tʰoŋ.ɯl.tʃwʌ.ja.tʃi],[go.tʰoŋ.ɯl.dʒwʌ.ja.dʒi]
하는 말인 줄,7,[ha.nɯn.mal.in.tʃul],[ha.nɯn.mal.in.dʒul]
하는 말인가요,7,[ha.nɯn.mal.iŋ.ka.jo],[ha.nɯn.mal.iŋ.ka.jo]
이러면 너무,7,[i.ɾʌ.mjʌn.nʌ.mu],[i.ɾʌ.mjʌn.nʌ.mu]
번째 팀이,7,[pʌn.tʃ͈ɛ.tʰim.i],[bʌn.tʃ͈ɛ.tʰim.i]
봐요 할 수,7,[pwa.jo.hal.su],[bwa.jo.hal.su]
고통을 지켜보는,7,[ko.tʰoŋ.ɯl.tʃi.kʰjʌ.po.nɯn],[go.tʰoŋ.ɯl.dʒi.kʰjʌ.bo.nɯn]
행운인 거야,7,[hɛŋ.un.iŋ.kʌ.ja],[hɛŋ.un.in.gʌ.ja]
하는 모든 말이,7,[ha.nɯn.mo.tɯn.mal.i],[ha.nɯn.mo.dɯn.mal.i]
내 새해,7,[nɛ.sɛ.hɛ],[nɛ.sɛ.hɛ]
하는 문제가,7,[ha.nɯn.mun.tʃe.ka],[ha.nɯn.mun.tʃe.ga]
봐주고 있는,7,[pwa.tʃu.ko.it̚.nɯn],[bwa.dʒu.go.it̚.nɯn]
하는 바로 그,7,[ha.nɯm.pa.ɾo.kɯ],[ha.nɯn.ba.ɾo.gɯ]
번째 후보,7,[pʌn.tʃ͈ɛ.hu.po],[bʌn.tʃ͈ɛ.hu.bo]
봐요 혼자,7,[pwa.jo.hon.tʃa],[bwa.jo.hon.tʃa]
하는 법은,7,[ha.nɯm.pʌp̚.ɯn],[ha.nɯn.bʌp̚.ɯn]
I cross,7,,
행크 보이트,7,[hɛŋ.kʰɯ.po.i.tʰɯ],[hɛŋ.kʰɯ.bo.i.tʰɯ]
고통을 함께,7,[ko.tʰoŋ.ɯl.ham.k͈e],[go.tʰoŋ.ɯl.ham.k͈e]
하는 분이세요,7,[ha.nɯm.pun.i.se.jo],[ha.nɯn.bun.i.se.jo]
하는 불쌍한,7,[ha.nɯm.pul.s͈aŋ.han],[ha.nɯn.bul.s͈aŋ.han]
하는 분이죠,7,[ha.nɯm.pun.i.tʃjo],[ha.nɯn.bun.i.dʒjo]
관계를 맺기 위해서,7,[kwaŋ.kje.ɾɯl.mɛt̚.ki.wi.hɛ.sʌ],[gwaŋ.kje.ɾɯl.mɛt̚.ki.wi.hɛ.sʌ]
감싸는 건,7,[kam.s͈a.nɯŋ.kʌn],[gam.s͈a.nɯn.gʌn]
I cross a,7,,
번째로 돌아,7,[pʌn.tʃ͈ɛ.ɾo.tol.a],[bʌn.tʃ͈ɛ.ɾo.dol.a]
번째로 당한,7,[pʌn.tʃ͈ɛ.ɾo.taŋ.han],[bʌn.tʃ͈ɛ.ɾo.daŋ.han]
하는 사람들이죠,7,[ha.nɯn.sa.ɾan.tɯl.i.tʃjo],[ha.nɯn.sa.ɾan.tɯl.i.dʒjo]
하는 사람이 말입니다,7,[ha.nɯn.sa.ɾam.i.mal.ip̚.ni.ta],[ha.nɯn.sa.ɾam.i.mal.ip̚.ni.da]
번째와 두 번째,7,[pʌn.tʃ͈ɛ.wa.tu.pʌn.tʃ͈ɛ],[bʌn.tʃ͈ɛ.wa.du.bʌn.tʃ͈ɛ]
향기 좋다,7,[hjaŋ.ki.tʃot̚.ta],[hjaŋ.gi.dʒot̚.ta]
향기가 나,7,[hjaŋ.ki.ka.na],[hjaŋ.gi.ga.na]
번째와 세 번째,7,[pʌn.tʃ͈ɛ.wa.se.pʌn.tʃ͈ɛ],[bʌn.tʃ͈ɛ.wa.se.bʌn.tʃ͈ɛ]
번째일 수도,7,[pʌn.tʃ͈ɛ.il.su.to],[bʌn.tʃ͈ɛ.il.su.do]
번쩍 서에,7,[pʌn.tʃ͈ʌk̚.sʌ.e],[bʌn.tʃ͈ʌk̚.sʌ.e]
번쩍 들어,7,[pʌn.tʃ͈ʌk̚.tɯl.ʌ],[bʌn.tʃ͈ʌk̚.dɯl.ʌ]
하는 사이는,7,[ha.nɯn.sa.i.nɯn],[ha.nɯn.sa.i.nɯn]
번쩍이는 걸,7,[pʌn.tʃ͈ʌk̚.i.nɯŋ.kʌl],[bʌn.tʃ͈ʌk̚.i.nɯn.gʌl]
하는 새끼가,7,[ha.nɯn.sɛ.k͈i.ka],[ha.nɯn.sɛ.k͈i.ga]
하는 새로운,7,[ha.nɯn.sɛ.ɾo.un],[ha.nɯn.sɛ.ɾo.un]
하는 생각이 드네요,7,[ha.nɯn.sɛŋ.kak̚.i.tɯ.ne.jo],[ha.nɯn.sɛŋ.gak̚.i.dɯ.ne.jo]
고통이 있지만,7,[ko.tʰoŋ.i.it̚.tʃi.man],[go.tʰoŋ.i.it̚.tʃi.man]
하는 생각이 들어,7,[ha.nɯn.sɛŋ.kak̚.i.tɯl.ʌ],[ha.nɯn.sɛŋ.gak̚.i.dɯl.ʌ]
고통이 있지만 없애지,7,[ko.tʰoŋ.i.it̚.tʃi.man.ʌp̚.ɛ.tʃi],[go.tʰoŋ.i.it̚.tʃi.man.ʌp̚.ɛ.dʒi]
하는 소리냐,7,[ha.nɯn.so.ɾi.nja],[ha.nɯn.so.ɾi.nja]
향수 뿌리고,7,[hjaŋ.su.p͈u.ɾi.ko],[hjaŋ.su.p͈u.ɾi.go]
내 생각에 그냥 역사적,7,[nɛ.sɛŋ.kak̚.e.kɯ.njaŋ.jʌk̚.sa.tʃʌk̚],[nɛ.sɛŋ.gak̚.e.gɯ.njaŋ.jʌk̚.sa.dʒʌk̚]
이러면 거만한,7,[i.ɾʌ.mjʌŋ.kʌ.man.han],[i.ɾʌ.mjʌn.gʌ.man.han]
번호 뭐야,7,[pʌn.ho.mwʌ.ja],[bʌn.ho.mwʌ.ja]
번호 받았어요,7,[pʌn.ho.pat̚.at̚.ʌ.jo],[bʌn.ho.bat̚.at̚.ʌ.jo]
고통이 있지만 없애지 마라,7,[ko.tʰoŋ.i.it̚.tʃi.man.ʌp̚.ɛ.tʃi.ma.ɾa],[go.tʰoŋ.i.it̚.tʃi.man.ʌp̚.ɛ.dʒi.ma.ɾa]
봐주지 않겠다,7,[pwa.tʃu.tʃi.aŋ.ket̚.ta],[bwa.dʒu.dʒi.aŋ.ket̚.ta]
번호 아는,7,[pʌn.ho.a.nɯn],[bʌn.ho.a.nɯn]
하는 애들은,7,[ha.nɯn.ɛ.tɯl.ɯn],[ha.nɯn.ɛ.dɯl.ɯn]
번호 아시죠,7,[pʌn.ho.a.si.tʃjo],[bʌn.ho.a.si.dʒjo]
관계를 맺을 수,7,[kwaŋ.kje.ɾɯl.mɛt̚.ɯl.su],[gwaŋ.kje.ɾɯl.mɛt̚.ɯl.su]
번호 알려줘요,7,[pʌn.ho.al.ɾjʌ.tʃwʌ.jo],[bʌn.ho.al.ɾjʌ.dʒwʌ.jo]
내 생각에 너의,7,[nɛ.sɛŋ.kak̚.e.nʌ.ɯi],[nɛ.sɛŋ.gak̚.e.nʌ.ɯi]
하는 얘기잖아,7,[ha.nɯn.jɛ.ki.tʃan.a],[ha.nɯn.jɛ.gi.dʒan.a]
고파요 그래도,7,[ko.pʰa.jo.kɯ.ɾɛ.to],[go.pʰa.jo.gɯ.ɾɛ.do]
고파 그래,7,[ko.pʰa.kɯ.ɾɛ],[go.pʰa.gɯ.ɾɛ]
하는 요점이,7,[ha.nɯn.jo.tʃʌm.i],[ha.nɯn.jo.dʒʌm.i]
하는 위험을,7,[ha.nɯn.wi.hʌm.ɯl],[ha.nɯn.wi.hʌm.ɯl]
하는 음악이,7,[ha.nɯn.ɯm.ak̚.i],[ha.nɯn.ɯm.ak̚.i]
하는 의지가,7,[ha.nɯn.ɯi.tʃi.ka],[ha.nɯn.ɯi.dʒi.ga]
고프지 않아,7,[ko.pʰɯ.tʃi.an.a],[go.pʰɯ.dʒi.an.a]
번호 줘,7,[pʌn.ho.tʃwʌ],[bʌn.ho.dʒwʌ]
내 생각에 부끄러움을,7,[nɛ.sɛŋ.kak̚.e.pu.k͈ɯ.ɾʌ.um.ɯl],[nɛ.sɛŋ.gak̚.e.bu.k͈ɯ.ɾʌ.um.ɯl]
하는 이유에요,7,[ha.nɯn.i.ju.e.jo],[ha.nɯn.i.ju.e.jo]
하는 이유도,7,[ha.nɯn.i.ju.to],[ha.nɯn.i.ju.do]
내 생각에 부끄러움을 타는,7,[nɛ.sɛŋ.kak̚.e.pu.k͈ɯ.ɾʌ.um.ɯl.tʰa.nɯn],[nɛ.sɛŋ.gak̚.e.bu.k͈ɯ.ɾʌ.um.ɯl.tʰa.nɯn]
번호가 뜨면 우리가 널,7,[pʌn.ho.ka.t͈ɯ.mjʌn.u.ɾi.ka.nʌl],[bʌn.ho.ga.t͈ɯ.mjʌn.u.ɾi.ga.nʌl]
하는 일 아니에요,7,[ha.nɯn.il.a.ni.e.jo],[ha.nɯn.il.a.ni.e.jo]
번호가 뭐죠,7,[pʌn.ho.ka.mwʌ.tʃjo],[bʌn.ho.ga.mwʌ.dʒjo]
하는 일들을,7,[ha.nɯn.il.tɯl.ɯl],[ha.nɯn.il.tɯl.ɯl]
하는 일에서,7,[ha.nɯn.il.e.sʌ],[ha.nɯn.il.e.sʌ]
하는 일에 대해서 말이야,7,[ha.nɯn.il.e.tɛ.hɛ.sʌ.mal.i.ja],[ha.nɯn.il.e.dɛ.hɛ.sʌ.mal.i.ja]
번호가 있으면,7,[pʌn.ho.ka.it̚.ɯ.mjʌn],[bʌn.ho.ga.it̚.ɯ.mjʌn]
번호가 있을,7,[pʌn.ho.ka.it̚.ɯl],[bʌn.ho.ga.it̚.ɯl]
하는 일은 중요해,7,[ha.nɯn.il.ɯn.tʃuŋ.jo.hɛ],[ha.nɯn.il.ɯn.dʒuŋ.jo.hɛ]
관계를 생각하면,7,[kwaŋ.kje.ɾɯl.sɛŋ.kak̚.ha.mjʌn],[gwaŋ.kje.ɾɯl.sɛŋ.gak̚.ha.mjʌn]
하는 일을 알고,7,[ha.nɯn.il.ɯl.al.ko],[ha.nɯn.il.ɯl.al.ko]
하는 일을 정말,7,[ha.nɯn.il.ɯl.tʃʌŋ.mal],[ha.nɯn.il.ɯl.dʒʌŋ.mal]
번호는 못,7,[pʌn.ho.nɯn.mot̚],[bʌn.ho.nɯn.mot̚]
내 생각에 진짜,7,[nɛ.sɛŋ.kak̚.e.tʃin.tʃ͈a],[nɛ.sɛŋ.gak̚.e.dʒin.tʃ͈a]
봐줄 수 있지,7,[pwa.tʃul.su.it̚.tʃi],[bwa.dʒul.su.it̚.tʃi]
하는 일을 할 수,7,[ha.nɯn.il.ɯl.hal.su],[ha.nɯn.il.ɯl.hal.su]
번호는 어떻게 아셨어요,7,[pʌn.ho.nɯn.ʌ.t͈ʌt̚.ke.a.sjʌt̚.ʌ.jo],[bʌn.ho.nɯn.ʌ.t͈ʌt̚.ke.a.sjʌt̚.ʌ.jo]
하는 일이 뭔데,7,[ha.nɯn.il.i.mwʌn.te],[ha.nɯn.il.i.mwʌn.te]
번호는 어떻게 알았어요,7,[pʌn.ho.nɯn.ʌ.t͈ʌt̚.ke.al.at̚.ʌ.jo],[bʌn.ho.nɯn.ʌ.t͈ʌt̚.ke.al.at̚.ʌ.jo]
번호는 왜,7,[pʌn.ho.nɯn.wɛ],[bʌn.ho.nɯn.wɛ]
내 생각에는 네가,7,[nɛ.sɛŋ.kak̚.e.nɯn.ne.ka],[nɛ.sɛŋ.gak̚.e.nɯn.ne.ga]
번호도 몰라,7,[pʌn.ho.to.mol.ɾa],[bʌn.ho.do.mol.ɾa]
하는 일이라는,7,[ha.nɯn.il.i.ɾa.nɯn],[ha.nɯn.il.i.ɾa.nɯn]
하는 일이오,7,[ha.nɯn.il.i.o],[ha.nɯn.il.i.o]
내 생각에는 말이지요,7,[nɛ.sɛŋ.kak̚.e.nɯn.mal.i.tʃi.jo],[nɛ.sɛŋ.gak̚.e.nɯn.mal.i.dʒi.jo]
하는 일처럼,7,[ha.nɯn.il.tʃʰʌ.ɾʌm],[ha.nɯn.il.tʃʰʌ.ɾʌm]
하는 일종의,7,[ha.nɯn.il.tʃoŋ.ɯi],[ha.nɯn.il.tʃoŋ.ɯi]
하는 자식이야,7,[ha.nɯn.tʃa.sik̚.i.ja],[ha.nɯn.dʒa.sik̚.i.ja]
하는 젊은,7,[ha.nɯn.tʃʌm.ɯn],[ha.nɯn.dʒʌm.ɯn]
하는 정당만,7,[ha.nɯn.tʃʌŋ.taŋ.man],[ha.nɯn.dʒʌŋ.daŋ.man]
내 생각엔 거기,7,[nɛ.sɛŋ.kak̚.eŋ.kʌ.ki],[nɛ.sɛŋ.gak̚.en.gʌ.gi]
하는 존재가,7,[ha.nɯn.tʃon.tʃɛ.ka],[ha.nɯn.dʒon.tʃɛ.ga]
내 생각엔 그것은,7,[nɛ.sɛŋ.kak̚.eŋ.kɯ.kʌt̚.ɯn],[nɛ.sɛŋ.gak̚.en.gɯ.gʌt̚.ɯn]
번호를 받았어요,7,[pʌn.ho.ɾɯl.pat̚.at̚.ʌ.jo],[bʌn.ho.ɾɯl.bat̚.at̚.ʌ.jo]
하는 줄 알았다,7,[ha.nɯn.tʃul.al.at̚.ta],[ha.nɯn.dʒul.al.at̚.ta]
번호를 알 수,7,[pʌn.ho.ɾɯl.al.su],[bʌn.ho.ɾɯl.al.su]
back anymore 더,7,[tʌ],[dʌ]
하는 중이죠,7,[ha.nɯn.tʃuŋ.i.tʃjo],[ha.nɯn.dʒuŋ.i.dʒjo]
하는 지각,7,[ha.nɯn.tʃi.kak̚],[ha.nɯn.dʒi.gak̚]
하는 지금,7,[ha.nɯn.tʃi.kɯm],[ha.nɯn.dʒi.gɯm]
번호를 잊어,7,[pʌn.ho.ɾɯl.it̚.ʌ],[bʌn.ho.ɾɯl.it̚.ʌ]
번호를 잘못,7,[pʌn.ho.ɾɯl.tʃal.mot̚],[bʌn.ho.ɾɯl.dʒal.mot̚]
내 생각엔 그래요,7,[nɛ.sɛŋ.kak̚.eŋ.kɯ.ɾɛ.jo],[nɛ.sɛŋ.gak̚.en.gɯ.ɾɛ.jo]
하는 질문에,7,[ha.nɯn.tʃil.mun.e],[ha.nɯn.dʒil.mun.e]
하는 짓이 딱,7,[ha.nɯn.tʃit̚.i.t͈ak̚],[ha.nɯn.dʒit̚.i.t͈ak̚]
내 생각엔 그렇게,7,[nɛ.sɛŋ.kak̚.eŋ.kɯ.ɾʌt̚.ke],[nɛ.sɛŋ.gak̚.en.gɯ.ɾʌt̚.ke]
하는 짓이니,7,[ha.nɯn.tʃit̚.i.ni],[ha.nɯn.dʒit̚.i.ni]
내 생각엔 날,7,[nɛ.sɛŋ.kak̚.en.nal],[nɛ.sɛŋ.gak̚.en.nal]
back anymore 더 이상,7,[tʌ.i.saŋ],[dʌ.i.saŋ]
향해 갑니다,7,[hjaŋ.hɛ.kap̚.ni.ta],[hjaŋ.hɛ.gap̚.ni.da]
하는 짓이예요,7,[ha.nɯn.tʃit̚.i.je.jo],[ha.nɯn.dʒit̚.i.je.jo]
하는 짓이잖아,7,[ha.nɯn.tʃit̚.i.tʃan.a],[ha.nɯn.dʒit̚.i.dʒan.a]
고해야 할,7,[ko.hɛ.ja.hal],[go.hɛ.ja.hal]
하는 짓인데,7,[ha.nɯn.tʃit̚.in.te],[ha.nɯn.dʒit̚.in.te]
번호판을 단,7,[pʌn.ho.pʰan.ɯl.tan],[bʌn.ho.pʰan.ɯl.dan]
벌 거라고,7,[pʌl.kʌ.ɾa.ko],[bʌl.gʌ.ɾa.go]
벌 겁니다,7,[pʌl.kʌp̚.ni.ta],[bʌl.gʌp̚.ni.da]
벌 것,7,[pʌl.kʌt̚],[bʌl.gʌt̚]
하는 한은,7,[ha.nɯn.han.ɯn],[ha.nɯn.han.ɯn]
향해 달려,7,[hjaŋ.hɛ.tal.ɾjʌ],[hjaŋ.hɛ.dal.ɾjʌ]
벌 때,7,[pʌl.t͈ɛ],[bʌl.t͈ɛ]
향해 달리고,7,[hjaŋ.hɛ.tal.ɾi.ko],[hjaŋ.hɛ.dal.ɾi.go]
하는거 같아요,7,[ha.nɯŋ.kʌ.kat̚.a.jo],[ha.nɯŋ.kʌ.gat̚.a.jo]
하는 흑인,7,[ha.nɯn.hɯk̚.in],[ha.nɯn.hɯk̚.in]
벌 받는 거야,7,[pʌl.pat̚.nɯŋ.kʌ.ja],[bʌl.bat̚.nɯn.gʌ.ja]
벌 받아야 해,7,[pʌl.pat̚.a.ja.hɛ],[bʌl.bat̚.a.ja.hɛ]
하는거야 내가,7,[ha.nɯŋ.kʌ.ja.nɛ.ka],[ha.nɯŋ.kʌ.ja.nɛ.ga]
내 생각엔 네가 그,7,[nɛ.sɛŋ.kak̚.en.ne.ka.kɯ],[nɛ.sɛŋ.gak̚.en.ne.ga.gɯ]
하는건 아니야,7,[ha.nɯŋ.kʌn.a.ni.ja],[ha.nɯŋ.kʌn.a.ni.ja]
하는건 내가,7,[ha.nɯŋ.kʌn.nɛ.ka],[ha.nɯŋ.kʌn.nɛ.ga]
벌 받지,7,[pʌl.pat̚.tʃi],[bʌl.bat̚.tʃi]
벌 방법을,7,[pʌl.pam.pʌp̚.ɯl],[bʌl.baŋ.bʌp̚.ɯl]
하는것 같군,7,[ha.nɯŋ.kʌt̚.kat̚.kun],[ha.nɯŋ.kʌt̚.gat̚.kun]
하는것 같아요,7,[ha.nɯŋ.kʌt̚.kat̚.a.jo],[ha.nɯŋ.kʌt̚.gat̚.a.jo]
향해 찾아가는 나,7,[hjaŋ.hɛ.tʃʰat̚.a.ka.nɯn.na],[hjaŋ.hɛ.tʃʰat̚.a.ga.nɯn.na]
내 생각엔 누군가,7,[nɛ.sɛŋ.kak̚.en.nu.kuŋ.ka],[nɛ.sɛŋ.gak̚.en.nu.guŋ.ka]
벌 수 있고,7,[pʌl.su.it̚.ko],[bʌl.su.it̚.ko]
out of the box,7,,
하는구나 그래,7,[ha.nɯŋ.ku.na.kɯ.ɾɛ],[ha.nɯŋ.ku.na.gɯ.ɾɛ]
이런 개똥,7,[i.ɾʌŋ.kɛ.t͈oŋ],[i.ɾʌn.gɛ.t͈oŋ]
벌 수 있단,7,[pʌl.su.it̚.tan],[bʌl.su.it̚.tan]
이런 개똥 같은,7,[i.ɾʌŋ.kɛ.t͈oŋ.kat̚.ɯn],[i.ɾʌn.gɛ.t͈oŋ.gat̚.ɯn]
하는군 이,7,[ha.nɯŋ.kun.i],[ha.nɯŋ.kun.i]
벌 수 있잖아요,7,[pʌl.su.it̚.tʃan.a.jo],[bʌl.su.it̚.tʃan.a.jo]
고향에 돌아갈 수,7,[ko.hjaŋ.e.tol.a.kal.su],[go.hjaŋ.e.dol.a.gal.su]
하는데 갑자기,7,[ha.nɯn.te.kap̚.tʃa.ki],[ha.nɯn.te.gap̚.tʃa.gi]
하는데 같이 가자,7,[ha.nɯn.te.kat̚.i.ka.tʃa],[ha.nɯn.te.gat̚.i.ga.dʒa]
하는데 lrm,7,[ha.nɯn.te],[ha.nɯn.te]
내가 보호해줄게,7,[nɛ.ka.po.ho.hɛ.tʃul.ke],[nɛ.ga.bo.ho.hɛ.dʒul.ke]
하는데 괜찮아요,7,[ha.nɯn.te.kwɛn.tʃʰan.a.jo],[ha.nɯn.te.gwɛn.tʃʰan.a.jo]
벌 수가,7,[pʌl.su.ka],[bʌl.su.ga]
하는데 그녀가,7,[ha.nɯn.te.kɯ.njʌ.ka],[ha.nɯn.te.gɯ.njʌ.ga]
하는데 그러려면,7,[ha.nɯn.te.kɯ.ɾʌ.ɾjʌ.mjʌn],[ha.nɯn.te.gɯ.ɾʌ.ɾjʌ.mjʌn]
벌 테니까,7,[pʌl.tʰe.ni.k͈a],[bʌl.tʰe.ni.k͈a]
내 생각엔 아무도,7,[nɛ.sɛŋ.kak̚.en.a.mu.to],[nɛ.sɛŋ.gak̚.en.a.mu.do]
감염됐을 수도,7,[kam.jʌn.twɛt̚.ɯl.su.to],[gam.jʌn.twɛt̚.ɯl.su.do]
봤나 보다,7,[pwat̚.na.po.ta],[bwat̚.na.bo.da]
I cross a bridge,7,,
허가 요청한다,7,[hʌ.ka.jo.tʃʰʌŋ.han.ta],[hʌ.ga.jo.tʃʰʌŋ.han.ta]
고향에 잘,7,[ko.hjaŋ.e.tʃal],[go.hjaŋ.e.dʒal]
이런 거 물어보면,7,[i.ɾʌŋ.kʌ.mul.ʌ.po.mjʌn],[i.ɾʌn.gʌ.mul.ʌ.bo.mjʌn]
또 몰라도,7,[t͈o.mol.ɾa.to],[t͈o.mol.ɾa.do]
벌고 있다고,7,[pʌl.ko.it̚.ta.ko],[bʌl.ko.it̚.ta.go]
내 생각엔 우리가 해야,7,[nɛ.sɛŋ.kak̚.en.u.ɾi.ka.hɛ.ja],[nɛ.sɛŋ.gak̚.en.u.ɾi.ga.hɛ.ja]
벌금 낼,7,[pʌl.kɯm.nɛl],[bʌl.kɯm.nɛl]
하는데 둘 다,7,[ha.nɯn.te.tul.ta],[ha.nɯn.te.dul.da]
벌금 병,7,[pʌl.kɯm.pjʌŋ],[bʌl.kɯm.bjʌŋ]
벌금을 내야,7,[pʌl.kɯm.ɯl.lɛ.ja],[bʌl.kɯm.ɯl.lɛ.ja]
하는데 몸이,7,[ha.nɯn.te.mom.i],[ha.nɯn.te.mom.i]
봤네 내가,7,[pwat̚.ne.nɛ.ka],[bwat̚.ne.nɛ.ga]
하는데 문제는,7,[ha.nɯn.te.mun.tʃe.nɯn],[ha.nɯn.te.mun.tʃe.nɯn]
벌기 위해서요,7,[pʌl.ki.wi.hɛ.sʌ.jo],[bʌl.ki.wi.hɛ.sʌ.jo]
하는데 보통,7,[ha.nɯn.te.po.tʰoŋ],[ha.nɯn.te.bo.tʰoŋ]
하는데 방금 시르미오네,7,[ha.nɯn.te.paŋ.kɯm.si.ɾɯ.mi.o.ne],[ha.nɯn.te.baŋ.gɯm.si.ɾɯ.mi.o.ne]
하는데 아니,7,[ha.nɯn.te.a.ni],[ha.nɯn.te.a.ni]
벌떡 일어난다,7,[pʌl.t͈ʌk̚.il.ʌ.nan.ta],[bʌl.t͈ʌk̚.il.ʌ.nan.ta]
하는데 아직도,7,[ha.nɯn.te.a.tʃik̚.to],[ha.nɯn.te.a.dʒik̚.to]
내 생각엔 정말,7,[nɛ.sɛŋ.kak̚.en.tʃʌŋ.mal],[nɛ.sɛŋ.gak̚.en.dʒʌŋ.mal]
고향으로 가자,7,[ko.hjaŋ.ɯ.ɾo.ka.tʃa],[go.hjaŋ.ɯ.ɾo.ga.dʒa]
벌레 씹은,7,[pʌl.ɾe.s͈ip̚.ɯn],[bʌl.ɾe.s͈ip̚.ɯn]
내 생각엔 좀,7,[nɛ.sɛŋ.kak̚.en.tʃom],[nɛ.sɛŋ.gak̚.en.dʒom]
벌레 우는,7,[pʌl.ɾe.u.nɯn],[bʌl.ɾe.u.nɯn]
하는데 엄청,7,[ha.nɯn.te.ʌn.tʃʰʌŋ],[ha.nɯn.te.ʌn.tʃʰʌŋ]
내 생각엔 한,7,[nɛ.sɛŋ.kak̚.en.han],[nɛ.sɛŋ.gak̚.en.han]
벌레들을 찾았는데요,7,[pʌl.ɾe.tɯl.ɯl.tʃʰat̚.at̚.nɯn.te.jo],[bʌl.ɾe.dɯl.ɯl.tʃʰat̚.at̚.nɯn.te.jo]
하는데 이미,7,[ha.nɯn.te.i.mi],[ha.nɯn.te.i.mi]
하는데 잘 안,7,[ha.nɯn.te.tʃal.an],[ha.nɯn.te.dʒal.an]
하는데 저도,7,[ha.nɯn.te.tʃʌ.to],[ha.nɯn.te.dʒʌ.do]
관계를 지속할,7,[kwaŋ.kje.ɾɯl.tʃi.sok̚.hal],[gwaŋ.kje.ɾɯl.dʒi.sok̚.hal]
봤는데 나도,7,[pwat̚.nɯn.te.na.to],[bwat̚.nɯn.te.na.do]
하는데 제발,7,[ha.nɯn.te.tʃe.pal],[ha.nɯn.te.dʒe.bal]
하는데 젠장,7,[ha.nɯn.te.tʃen.tʃaŋ],[ha.nɯn.te.dʒen.tʃaŋ]
벌려고 한,7,[pʌl.ɾjʌ.ko.han],[bʌl.ɾjʌ.go.han]
내가 본 것만,7,[nɛ.ka.poŋ.kʌt̚.man],[nɛ.ga.bon.gʌt̚.man]
하는데 필요한,7,[ha.nɯn.te.pʰil.jo.han],[ha.nɯn.te.pʰil.jo.han]
하는데요 제가,7,[ha.nɯn.te.jo.tʃe.ka],[ha.nɯn.te.jo.dʒe.ga]
벌벌 떨어,7,[pʌl.pʌl.t͈ʌl.ʌ],[bʌl.pʌl.t͈ʌl.ʌ]
내 생각은 아니었어,7,[nɛ.sɛŋ.kak̚.ɯn.a.ni.ʌt̚.ʌ],[nɛ.sɛŋ.gak̚.ɯn.a.ni.ʌt̚.ʌ]
하는지 두고,7,[ha.nɯn.tʃi.tu.ko],[ha.nɯn.tʃi.du.go]
하는지 들을,7,[ha.nɯn.tʃi.tɯl.ɯl],[ha.nɯn.tʃi.dɯl.ɯl]
하는지 들어봐,7,[ha.nɯn.tʃi.tɯl.ʌ.pwa],[ha.nɯn.tʃi.dɯl.ʌ.bwa]
하는지 도무지,7,[ha.nɯn.tʃi.to.mu.tʃi],[ha.nɯn.tʃi.do.mu.dʒi]
허드슨 부인은,7,[hʌ.tɯ.sɯm.pu.in.ɯn],[hʌ.dɯ.sɯn.bu.in.ɯn]
허락 같은,7,[hʌ.ɾak̚.kat̚.ɯn],[hʌ.ɾak̚.gat̚.ɯn]
벌써 같이,7,[pʌl.s͈ʌ.kat̚.i],[bʌl.s͈ʌ.gat̚.i]
내 생각은 중요하지,7,[nɛ.sɛŋ.kak̚.ɯn.tʃuŋ.jo.ha.tʃi],[nɛ.sɛŋ.gak̚.ɯn.dʒuŋ.jo.ha.dʒi]
감염된 거예요,7,[kam.jʌn.tweŋ.kʌ.je.jo],[gam.jʌn.twen.gʌ.je.jo]
하는지 모르는 것,7,[ha.nɯn.tʃi.mo.ɾɯ.nɯŋ.kʌt̚],[ha.nɯn.tʃi.mo.ɾɯ.nɯn.gʌt̚]
내 생각을 말할,7,[nɛ.sɛŋ.kak̚.ɯl.mal.hal],[nɛ.sɛŋ.gak̚.ɯl.mal.hal]
벌써 꽤,7,[pʌl.s͈ʌ.k͈wɛ],[bʌl.s͈ʌ.k͈wɛ]
내 생각을 말해 줄까,7,[nɛ.sɛŋ.kak̚.ɯl.mal.hɛ.tʃul.k͈a],[nɛ.sɛŋ.gak̚.ɯl.mal.hɛ.dʒul.k͈a]
허락 안 했을,7,[hʌ.ɾak̚.an.hɛt̚.ɯl],[hʌ.ɾak̚.an.hɛt̚.ɯl]
관계없는 일이야,7,[kwaŋ.kje.ʌp̚.nɯn.il.i.ja],[gwaŋ.kje.ʌp̚.nɯn.il.i.ja]
허락 할,7,[hʌ.ɾak̚.hal],[hʌ.ɾak̚.hal]
하는지 봤어,7,[ha.nɯn.tʃi.pwat̚.ʌ],[ha.nɯn.tʃi.bwat̚.ʌ]
하는지 상상도,7,[ha.nɯn.tʃi.saŋ.saŋ.to],[ha.nɯn.tʃi.saŋ.saŋ.do]
내 생각을 알고,7,[nɛ.sɛŋ.kak̚.ɯl.al.ko],[nɛ.sɛŋ.gak̚.ɯl.al.ko]
벌써 네가,7,[pʌl.s͈ʌ.ne.ka],[bʌl.s͈ʌ.ne.ga]
벌써 늦었네요,7,[pʌl.s͈ʌ.nɯt̚.ʌt̚.ne.jo],[bʌl.s͈ʌ.nɯt̚.ʌt̚.ne.jo]
허락없이 나를,7,[hʌ.ɾak̚.ʌp̚.i.na.ɾɯl],[hʌ.ɾak̚.ʌp̚.i.na.ɾɯl]
내가 보장하죠,7,[nɛ.ka.po.tʃaŋ.ha.tʃjo],[nɛ.ga.bo.dʒaŋ.ha.dʒjo]
벌써 다시,7,[pʌl.s͈ʌ.ta.si],[bʌl.s͈ʌ.da.si]
봤는데 엄청,7,[pwat̚.nɯn.te.ʌn.tʃʰʌŋ],[bwat̚.nɯn.te.ʌn.tʃʰʌŋ]
내 생각이 정확해,7,[nɛ.sɛŋ.kak̚.i.tʃʌŋ.hwak̚.hɛ],[nɛ.sɛŋ.gak̚.i.dʒʌŋ.hwak̚.hɛ]
벌써 당신이,7,[pʌl.s͈ʌ.taŋ.sin.i],[bʌl.s͈ʌ.daŋ.sin.i]
하는지 알아낼,7,[ha.nɯn.tʃi.al.a.nɛl],[ha.nɯn.tʃi.al.a.nɛl]
벌써 도착했어요,7,[pʌl.s͈ʌ.to.tʃʰak̚.hɛt̚.ʌ.jo],[bʌl.s͈ʌ.do.tʃʰak̚.hɛt̚.ʌ.jo]
허락을 받았다,7,[hʌ.ɾak̚.ɯl.pat̚.at̚.ta],[hʌ.ɾak̚.ɯl.bat̚.at̚.ta]
내 생각이고,7,[nɛ.sɛŋ.kak̚.i.ko],[nɛ.sɛŋ.gak̚.i.go]
고향이 어디죠,7,[ko.hjaŋ.i.ʌ.ti.tʃjo],[go.hjaŋ.i.ʌ.di.dʒjo]
봤는데 이걸,7,[pwat̚.nɯn.te.i.kʌl],[bwat̚.nɯn.te.i.gʌl]
벌써 두 번째예요,7,[pʌl.s͈ʌ.tu.pʌn.tʃ͈ɛ.je.jo],[bʌl.s͈ʌ.du.bʌn.tʃ͈ɛ.je.jo]
하는지 이유를,7,[ha.nɯn.tʃi.i.ju.ɾɯl],[ha.nɯn.tʃi.i.ju.ɾɯl]
내 생각이었다고,7,[nɛ.sɛŋ.kak̚.i.ʌt̚.ta.ko],[nɛ.sɛŋ.gak̚.i.ʌt̚.ta.go]
벌써 마음을,7,[pʌl.s͈ʌ.ma.ɯm.ɯl],[bʌl.s͈ʌ.ma.ɯm.ɯl]
하는지 한,7,[ha.nɯn.tʃi.han],[ha.nɯn.tʃi.han]
벌써 만난 걸요,7,[pʌl.s͈ʌ.man.naŋ.kʌl.jo],[bʌl.s͈ʌ.man.nan.gʌl.jo]
내 생각처럼,7,[nɛ.sɛŋ.kak̚.tʃʰʌ.ɾʌm],[nɛ.sɛŋ.gak̚.tʃʰʌ.ɾʌm]
허락을 구할,7,[hʌ.ɾak̚.ɯl.ku.hal],[hʌ.ɾak̚.ɯl.gu.hal]
봤는데 이제,7,[pwat̚.nɯn.te.i.tʃe],[bwat̚.nɯn.te.i.dʒe]
하는지도 모르지,7,[ha.nɯn.tʃi.to.mo.ɾɯ.tʃi],[ha.nɯn.tʃi.do.mo.ɾɯ.dʒi]
봤는데 전부,7,[pwat̚.nɯn.te.tʃʌm.pu],[bwat̚.nɯn.te.dʒʌm.pu]
지금까지 들어본,7,[tʃi.kɯm.k͈a.tʃi.tɯl.ʌ.pon],[dʒi.gɯm.k͈a.dʒi.dɯl.ʌ.bon]
내 생명을 구해줬어,7,[nɛ.sɛŋ.mjʌŋ.ɯl.ku.hɛ.tʃwʌt̚.ʌ],[nɛ.sɛŋ.mjʌŋ.ɯl.gu.hɛ.dʒwʌt̚.ʌ]
내 생명을 구했다,7,[nɛ.sɛŋ.mjʌŋ.ɯl.ku.hɛt̚.ta],[nɛ.sɛŋ.mjʌŋ.ɯl.gu.hɛt̚.ta]
하늘 아래서,7,[ha.nɯl.a.ɾɛ.sʌ],[ha.nɯl.a.ɾɛ.sʌ]
하늘 아래에서 당신을,7,[ha.nɯl.a.ɾɛ.e.sʌ.taŋ.sin.ɯl],[ha.nɯl.a.ɾɛ.e.sʌ.daŋ.sin.ɯl]
벌써 몇 년째,7,[pʌl.s͈ʌ.mjʌt̚.njʌn.tʃ͈ɛ],[bʌl.s͈ʌ.mjʌt̚.njʌn.tʃ͈ɛ]
곡 쓰고,7,[kok̚.s͈ɯ.ko],[gok̚.s͈ɯ.go]
곡 쓰는,7,[kok̚.s͈ɯ.nɯn],[gok̚.s͈ɯ.nɯn]
내 생애 최고로,7,[nɛ.sɛŋ.ɛ.tʃʰwe.ko.ɾo],[nɛ.sɛŋ.ɛ.tʃʰwe.go.ɾo]
하늘도 날,7,[ha.nɯl.to.nal],[ha.nɯl.to.nal]
벌써 뭔가,7,[pʌl.s͈ʌ.mwʌŋ.ka],[bʌl.s͈ʌ.mwʌŋ.ka]
하늘에 닿을,7,[ha.nɯl.e.tat̚.ɯl],[ha.nɯl.e.dat̚.ɯl]
벌써 성공했을까,7,[pʌl.s͈ʌ.sʌŋ.koŋ.hɛt̚.ɯl.k͈a],[bʌl.s͈ʌ.sʌŋ.goŋ.hɛt̚.ɯl.k͈a]
하늘에서 내림,7,[ha.nɯl.e.sʌ.nɛ.ɾim],[ha.nɯl.e.sʌ.nɛ.ɾim]
하늘에서 떨어졌어,7,[ha.nɯl.e.sʌ.t͈ʌl.ʌ.tʃjʌt̚.ʌ],[ha.nɯl.e.sʌ.t͈ʌl.ʌ.dʒjʌt̚.ʌ]
하늘에서 내린,7,[ha.nɯl.e.sʌ.nɛ.ɾin],[ha.nɯl.e.sʌ.nɛ.ɾin]
곡 중,7,[kok̚.tʃuŋ],[gok̚.dʒuŋ]
감염될 수 있어,7,[kam.jʌn.twel.su.it̚.ʌ],[gam.jʌn.twel.su.it̚.ʌ]
벌써 손을,7,[pʌl.s͈ʌ.son.ɯl],[bʌl.s͈ʌ.son.ɯl]
하늘에서 이룬 것,7,[ha.nɯl.e.sʌ.i.ɾuŋ.kʌt̚],[ha.nɯl.e.sʌ.i.ɾun.gʌt̚]
하늘에서 이룬,7,[ha.nɯl.e.sʌ.i.ɾun],[ha.nɯl.e.sʌ.i.ɾun]
하늘에서 이룬 것 같이,7,[ha.nɯl.e.sʌ.i.ɾuŋ.kʌt̚.kat̚.i],[ha.nɯl.e.sʌ.i.ɾun.gʌt̚.gat̚.i]
감염될 수 있었어,7,[kam.jʌn.twel.su.it̚.ʌt̚.ʌ],[gam.jʌn.twel.su.it̚.ʌt̚.ʌ]
하늘은 맑고,7,[ha.nɯl.ɯn.mak̚.ko],[ha.nɯl.ɯn.mak̚.ko]
내 생일 파티,7,[nɛ.sɛŋ.il.pʰa.tʰi],[nɛ.sɛŋ.il.pʰa.tʰi]
곡물 창고,7,[kok̚.mul.tʃʰaŋ.ko],[gok̚.mul.tʃʰaŋ.go]
하늘을 가로 지르는,7,[ha.nɯl.ɯl.ka.ɾo.tʃi.ɾɯ.nɯn],[ha.nɯl.ɯl.ga.ɾo.dʒi.ɾɯ.nɯn]
벌써 식물계로,7,[pʌl.s͈ʌ.sik̚.mul.kje.ɾo],[bʌl.s͈ʌ.sik̚.mul.kje.ɾo]
벌써 식물계로 내려간,7,[pʌl.s͈ʌ.sik̚.mul.kje.ɾo.nɛ.ɾjʌ.kan],[bʌl.s͈ʌ.sik̚.mul.kje.ɾo.nɛ.ɾjʌ.gan]
벌써 식물계로 내려간 거야,7,[pʌl.s͈ʌ.sik̚.mul.kje.ɾo.nɛ.ɾjʌ.kaŋ.kʌ.ja],[bʌl.s͈ʌ.sik̚.mul.kje.ɾo.nɛ.ɾjʌ.gan.gʌ.ja]
곡선이야 때때로,7,[kok̚.sʌn.i.ja.t͈ɛ.t͈ɛ.ɾo],[gok̚.sʌn.i.ja.t͈ɛ.t͈ɛ.ɾo]
곡선이야 때때로 심하게,7,[kok̚.sʌn.i.ja.t͈ɛ.t͈ɛ.ɾo.sim.ha.ke],[gok̚.sʌn.i.ja.t͈ɛ.t͈ɛ.ɾo.sim.ha.ge]
하늘을 날며 다른 違う世界の青を見たい,7,[ha.nɯl.ɯl.lal.mjʌ.ta.ɾɯn],[ha.nɯl.ɯl.lal.mjʌ.da.ɾɯn]
허락해주셔서 감사합니다,7,[hʌ.ɾak̚.hɛ.tʃu.sjʌ.sʌ.kam.sa.hap̚.ni.ta],[hʌ.ɾak̚.hɛ.dʒu.sjʌ.sʌ.gam.sa.hap̚.ni.da]
하늘을 볼,7,[ha.nɯl.ɯl.pol],[ha.nɯl.ɯl.bol]
곡선이야 때때로 심하게 곡선이고,7,[kok̚.sʌn.i.ja.t͈ɛ.t͈ɛ.ɾo.sim.ha.ke.kok̚.sʌn.i.ko],[gok̚.sʌn.i.ja.t͈ɛ.t͈ɛ.ɾo.sim.ha.ge.gok̚.sʌn.i.go]
허를 찌르는,7,[hʌ.ɾɯl.tʃ͈i.ɾɯ.nɯn],[hʌ.ɾɯl.tʃ͈i.ɾɯ.nɯn]
하늘을 우러러,7,[ha.nɯl.ɯl.u.ɾʌ.ɾʌ],[ha.nɯl.ɯl.u.ɾʌ.ɾʌ]
벌써 오래전,7,[pʌl.s͈ʌ.o.ɾɛ.tʃʌn],[bʌl.s͈ʌ.o.ɾɛ.dʒʌn]
허락을 구하지,7,[hʌ.ɾak̚.ɯl.ku.ha.tʃi],[hʌ.ɾak̚.ɯl.gu.ha.dʒi]
허락했다 모든,7,[hʌ.ɾak̚.hɛt̚.ta.mo.tɯn],[hʌ.ɾak̚.hɛt̚.ta.mo.dɯn]
허리 때문에,7,[hʌ.ɾi.t͈ɛ.mun.e],[hʌ.ɾi.t͈ɛ.mun.e]
하늘의 신들,7,[ha.nɯl.ɯi.sin.tɯl],[ha.nɯl.ɯi.sin.tɯl]
곡으로 하라고,7,[kok̚.ɯ.ɾo.ha.ɾa.ko],[gok̚.ɯ.ɾo.ha.ɾa.go]
내 생활,7,[nɛ.sɛŋ.hwal],[nɛ.sɛŋ.hwal]
내 생활은,7,[nɛ.sɛŋ.hwal.ɯn],[nɛ.sɛŋ.hwal.ɯn]
곡을 더,7,[kok̚.ɯl.tʌ],[gok̚.ɯl.dʌ]
back from the dead,7,,
하늘이 영혼을,7,[ha.nɯl.i.jʌŋ.hon.ɯl],[ha.nɯl.i.jʌŋ.hon.ɯl]
하늘이 영혼을 취하고 땅이,7,[ha.nɯl.i.jʌŋ.hon.ɯl.tʃʰwi.ha.ko.t͈aŋ.i],[ha.nɯl.i.jʌŋ.hon.ɯl.tʃʰwi.ha.go.t͈aŋ.i]
벌써 이틀이나,7,[pʌl.s͈ʌ.i.tʰɯl.i.na],[bʌl.s͈ʌ.i.tʰɯl.i.na]
이런 걸 볼,7,[i.ɾʌŋ.kʌl.pol],[i.ɾʌn.gʌl.bol]
벌써 일곱,7,[pʌl.s͈ʌ.il.kop̚],[bʌl.s͈ʌ.il.kop̚]
또 뭐라고 했어,7,[t͈o.mwʌ.ɾa.ko.hɛt̚.ʌ],[t͈o.mwʌ.ɾa.go.hɛt̚.ʌ]
감염이 돼서,7,[kam.jʌm.i.twɛ.sʌ],[gam.jʌm.i.dwɛ.sʌ]
하니 말이야,7,[ha.ni.mal.i.ja],[ha.ni.mal.i.ja]
하니 우리,7,[ha.ni.u.ɾi],[ha.ni.u.ɾi]
하니 제가,7,[ha.ni.tʃe.ka],[ha.ni.dʒe.ga]
내 서비스를,7,[nɛ.sʌ.pi.sɯ.ɾɯl],[nɛ.sʌ.bi.sɯ.ɾɯl]
곡을 바하,7,[kok̚.ɯl.pa.ha],[gok̚.ɯl.ba.ha]
하니까 괜찮으면,7,[ha.ni.k͈a.kwɛn.tʃʰan.ɯ.mjʌn],[ha.ni.k͈a.gwɛn.tʃʰan.ɯ.mjʌn]
하니까 괜찮으면 신경 꺼,7,[ha.ni.k͈a.kwɛn.tʃʰan.ɯ.mjʌn.siŋ.kjʌŋ.k͈ʌ],[ha.ni.k͈a.gwɛn.tʃʰan.ɯ.mjʌn.siŋ.kjʌŋ.k͈ʌ]
곡을 바하 식으로,7,[kok̚.ɯl.pa.ha.sik̚.ɯ.ɾo],[gok̚.ɯl.ba.ha.sik̚.ɯ.ɾo]
out something,7,,
곡을 바하 식으로 치면,7,[kok̚.ɯl.pa.ha.sik̚.ɯ.ɾo.tʃʰi.mjʌn],[gok̚.ɯl.ba.ha.sik̚.ɯ.ɾo.tʃʰi.mjʌn]
벌써 죽었지,7,[pʌl.s͈ʌ.tʃuk̚.ʌt̚.tʃi],[bʌl.s͈ʌ.dʒuk̚.ʌt̚.tʃi]
하니까 꼭,7,[ha.ni.k͈a.k͈ok̚],[ha.ni.k͈a.k͈ok̚]
하니까 나는,7,[ha.ni.k͈a.na.nɯn],[ha.ni.k͈a.na.nɯn]
하니까 나중에,7,[ha.ni.k͈a.na.tʃuŋ.e],[ha.ni.k͈a.na.dʒuŋ.e]
벌써 준비,7,[pʌl.s͈ʌ.tʃum.pi],[bʌl.s͈ʌ.dʒum.pi]
곡을 부를,7,[kok̚.ɯl.pu.ɾɯl],[gok̚.ɯl.bu.ɾɯl]
봤다고 했고,7,[pwat̚.ta.ko.hɛt̚.ko],[bwat̚.ta.go.hɛt̚.ko]
하니까 다른,7,[ha.ni.k͈a.ta.ɾɯn],[ha.ni.k͈a.da.ɾɯn]
하니까 당신이,7,[ha.ni.k͈a.taŋ.sin.i],[ha.ni.k͈a.daŋ.sin.i]
벌써 찾고,7,[pʌl.s͈ʌ.tʃʰat̚.ko],[bʌl.s͈ʌ.tʃʰat̚.ko]
곡을 썼어,7,[kok̚.ɯl.s͈ʌt̚.ʌ],[gok̚.ɯl.s͈ʌt̚.ʌ]
벌써 찾았어,7,[pʌl.s͈ʌ.tʃʰat̚.at̚.ʌ],[bʌl.s͈ʌ.tʃʰat̚.at̚.ʌ]
하니까 알았어,7,[ha.ni.k͈a.al.at̚.ʌ],[ha.ni.k͈a.al.at̚.ʌ]
내 선물이에요,7,[nɛ.sʌn.mul.i.e.jo],[nɛ.sʌn.mul.i.e.jo]
허수아비 같다고 하면,7,[hʌ.su.a.pi.kat̚.ta.ko.ha.mjʌn],[hʌ.su.a.bi.gat̚.ta.go.ha.mjʌn]
내 선조,7,[nɛ.sʌn.tʃo],[nɛ.sʌn.tʃo]
하니까 우리는,7,[ha.ni.k͈a.u.ɾi.nɯn],[ha.ni.k͈a.u.ɾi.nɯn]
하니까 이 봐,7,[ha.ni.k͈a.i.pwa],[ha.ni.k͈a.i.bwa]
하니까 이걸,7,[ha.ni.k͈a.i.kʌl],[ha.ni.k͈a.i.gʌl]
내 선조의,7,[nɛ.sʌn.tʃo.ɯi],[nɛ.sʌn.tʃo.ɯi]
곡을 쓴 적이,7,[kok̚.ɯl.s͈ɯn.tʃʌk̚.i],[gok̚.ɯl.s͈ɯn.dʒʌk̚.i]
벌써 하루,7,[pʌl.s͈ʌ.ha.ɾu],[bʌl.s͈ʌ.ha.ɾu]
하니까 한,7,[ha.ni.k͈a.han],[ha.ni.k͈a.han]
곡을 쓴 적이 없어,7,[kok̚.ɯl.s͈ɯn.tʃʌk̚.i.ʌp̚.ʌ],[gok̚.ɯl.s͈ɯn.dʒʌk̚.i.ʌp̚.ʌ]
허옥 친구들의,7,[hʌ.ok̚.tʃʰiŋ.ku.tɯl.ɯi],[hʌ.ok̚.tʃʰiŋ.ku.dɯl.ɯi]
벌써 한 시간이나,7,[pʌl.s͈ʌ.han.si.kan.i.na],[bʌl.s͈ʌ.han.si.gan.i.na]
벌써 한 시간째,7,[pʌl.s͈ʌ.han.si.kan.tʃ͈ɛ],[bʌl.s͈ʌ.han.si.gan.tʃ͈ɛ]
하다 그녀가,7,[ha.ta.kɯ.njʌ.ka],[ha.da.gɯ.njʌ.ga]
하다 그녀의,7,[ha.ta.kɯ.njʌ.ɯi],[ha.da.gɯ.njʌ.ɯi]
곡을 연주하는,7,[kok̚.ɯl.jʌn.tʃu.ha.nɯn],[gok̚.ɯl.jʌn.tʃu.ha.nɯn]
하다 그들이,7,[ha.ta.kɯ.tɯl.i],[ha.da.gɯ.dɯl.i]
벌써 해가,7,[pʌl.s͈ʌ.hɛ.ka],[bʌl.s͈ʌ.hɛ.ga]
허옥의 다급한,7,[hʌ.ok̚.ɯi.ta.kɯp̚.han],[hʌ.ok̚.ɯi.da.gɯp̚.han]
하다 그래요,7,[ha.ta.kɯ.ɾɛ.jo],[ha.da.gɯ.ɾɛ.jo]
벌써 했을,7,[pʌl.s͈ʌ.hɛt̚.ɯl],[bʌl.s͈ʌ.hɛt̚.ɯl]
봤다는 걸 말이야,7,[pwat̚.ta.nɯŋ.kʌl.mal.i.ja],[bwat̚.ta.nɯn.gʌl.mal.i.ja]
하다 말았지,7,[ha.ta.mal.at̚.tʃi],[ha.da.mal.at̚.tʃi]
벌어 하루 먹고,7,[pʌl.ʌ.ha.ɾu.mʌk̚.ko],[bʌl.ʌ.ha.ɾu.mʌk̚.ko]
곡을 처 봐,7,[kok̚.ɯl.tʃʰʌ.pwa],[gok̚.ɯl.tʃʰʌ.bwa]
내 성격에,7,[nɛ.sʌŋ.kjʌk̚.e],[nɛ.sʌŋ.gjʌk̚.e]
하다 온,7,[ha.ta.on],[ha.da.on]
하다 오,7,[ha.ta.o],[ha.da.o]
하다 왜,7,[ha.ta.wɛ],[ha.da.wɛ]
하다 우린,7,[ha.ta.u.ɾin],[ha.da.u.ɾin]
곡을 처,7,[kok̚.ɯl.tʃʰʌ],[gok̚.ɯl.tʃʰʌ]
하다 좋아,7,[ha.ta.tʃot̚.a],[ha.da.dʒot̚.a]
곡을 처 봐 뭘,7,[kok̚.ɯl.tʃʰʌ.pwa.mwʌl],[gok̚.ɯl.tʃʰʌ.bwa.mwʌl]
이런 게 아니라,7,[i.ɾʌŋ.ke.a.ni.ɾa],[i.ɾʌn.ge.a.ni.ɾa]
강제 수용소,7,[kaŋ.tʃe.su.joŋ.so],[gaŋ.dʒe.su.joŋ.so]
하다가 결국,7,[ha.ta.ka.kjʌl.kuk̚],[ha.da.ga.gjʌl.kuk̚]
내 성기가,7,[nɛ.sʌŋ.ki.ka],[nɛ.sʌŋ.gi.ga]
벌어지게 할,7,[pʌl.ʌ.tʃi.ke.hal],[bʌl.ʌ.dʒi.ge.hal]
내가 봤으니까,7,[nɛ.ka.pwat̚.ɯ.ni.k͈a],[nɛ.ga.bwat̚.ɯ.ni.k͈a]
하다가 이제,7,[ha.ta.ka.i.tʃe],[ha.da.ga.i.dʒe]
벌어지고 있고,7,[pʌl.ʌ.tʃi.ko.it̚.ko],[bʌl.ʌ.dʒi.go.it̚.ko]
하다는 걸,7,[ha.ta.nɯŋ.kʌl],[ha.da.nɯn.gʌl]
하다니 c,7,[ha.ta.ni],[ha.da.ni]
허위 진술을,7,[hʌ.wi.tʃin.sul.ɯl],[hʌ.wi.dʒin.sul.ɯl]
곡인지도 확실치 않고,7,[kok̚.in.tʃi.to.hwak̚.sil.tʃʰi.aŋ.ko],[gok̚.in.tʃi.do.hwak̚.sil.tʃʰi.aŋ.ko]
곡인지도 확실치,7,[kok̚.in.tʃi.to.hwak̚.sil.tʃʰi],[gok̚.in.tʃi.do.hwak̚.sil.tʃʰi]
벌어지고 있는거야,7,[pʌl.ʌ.tʃi.ko.it̚.nɯŋ.kʌ.ja],[bʌl.ʌ.dʒi.go.it̚.nɯŋ.kʌ.ja]
하다니 믿을 수가 없어,7,[ha.ta.ni.mit̚.ɯl.su.ka.ʌp̚.ʌ],[ha.da.ni.mit̚.ɯl.su.ga.ʌp̚.ʌ]
곡인지도 확실치 않고 부탁은,7,[kok̚.in.tʃi.to.hwak̚.sil.tʃʰi.aŋ.ko.pu.tʰak̚.ɯn],[gok̚.in.tʃi.do.hwak̚.sil.tʃʰi.aŋ.ko.bu.tʰak̚.ɯn]
하다니 우린,7,[ha.ta.ni.u.ɾin],[ha.da.ni.u.ɾin]
벌어지고 있지,7,[pʌl.ʌ.tʃi.ko.it̚.tʃi],[bʌl.ʌ.dʒi.go.it̚.tʃi]
하더구나 그,7,[ha.tʌ.ku.na.kɯ],[ha.dʌ.gu.na.gɯ]
허접한 거,7,[hʌ.tʃʌp̚.haŋ.kʌ],[hʌ.dʒʌp̚.han.gʌ]
봤다니까 내,7,[pwat̚.ta.ni.k͈a.nɛ],[bwat̚.ta.ni.k͈a.nɛ]
하더군 그게,7,[ha.tʌ.kuŋ.kɯ.ke],[ha.dʌ.gun.gɯ.ge]
내가 봤지,7,[nɛ.ka.pwat̚.tʃi],[nɛ.ga.bwat̚.tʃi]
하더군요 그게,7,[ha.tʌ.kun.jo.kɯ.ke],[ha.dʌ.gun.jo.gɯ.ge]
벌어지는 일이,7,[pʌl.ʌ.tʃi.nɯn.il.i],[bʌl.ʌ.dʒi.nɯn.il.i]
하더군요 그런데,7,[ha.tʌ.kun.jo.kɯ.ɾʌn.te],[ha.dʌ.gun.jo.gɯ.ɾʌn.te]
하더군요 근데,7,[ha.tʌ.kun.jo.kɯn.te],[ha.dʌ.gun.jo.gɯn.te]
하더군요 오,7,[ha.tʌ.kun.jo.o],[ha.dʌ.gun.jo.o]
내 세상에선,7,[nɛ.se.saŋ.e.sʌn],[nɛ.se.saŋ.e.sʌn]
하더군요 우리,7,[ha.tʌ.kun.jo.u.ɾi],[ha.dʌ.gun.jo.u.ɾi]
글 써,7,[kɯl.s͈ʌ],[gɯl.s͈ʌ]
하더니 진짜,7,[ha.tʌ.ni.tʃin.tʃ͈a],[ha.dʌ.ni.dʒin.tʃ͈a]
곤경에 빠져있다,7,[koŋ.kjʌŋ.e.p͈a.tʃjʌ.it̚.ta],[goŋ.kjʌŋ.e.p͈a.dʒjʌ.it̚.ta]
하더라 그리고,7,[ha.tʌ.ɾa.kɯ.ɾi.ko],[ha.dʌ.ɾa.gɯ.ɾi.go]
벌어진 이,7,[pʌl.ʌ.tʃin.i],[bʌl.ʌ.dʒin.i]
벌어진 일과,7,[pʌl.ʌ.tʃin.il.kwa],[bʌl.ʌ.dʒin.il.kwa]
하더라고 그럼,7,[ha.tʌ.ɾa.ko.kɯ.ɾʌm],[ha.dʌ.ɾa.go.gɯ.ɾʌm]
하던 거잖아,7,[ha.tʌŋ.kʌ.tʃan.a],[ha.dʌn.gʌ.dʒan.a]
허트 휴먼스 시즌,7,[hʌ.tʰɯ.hju.mʌn.sɯ.si.tʃɯn],[hʌ.tʰɯ.hju.mʌn.sɯ.si.dʒɯn]
하던 것,7,[ha.tʌŋ.kʌt̚],[ha.dʌn.gʌt̚]
내 셔츠는,7,[nɛ.sjʌ.tʃʰɯ.nɯn],[nɛ.sjʌ.tʃʰɯ.nɯn]
벌어질 수 있는,7,[pʌl.ʌ.tʃil.su.it̚.nɯn],[bʌl.ʌ.dʒil.su.it̚.nɯn]
하던 도중에,7,[ha.tʌn.to.tʃuŋ.e],[ha.dʌn.do.dʒuŋ.e]
하던 말은,7,[ha.tʌn.mal.ɯn],[ha.dʌn.mal.ɯn]
out those,7,,
봤어 I,7,[pwat̚.ʌ],[bwat̚.ʌ]
벌어질지 몰라,7,[pʌl.ʌ.tʃil.tʃi.mol.ɾa],[bʌl.ʌ.dʒil.tʃi.mol.ɾa]
하던 얘기로,7,[ha.tʌn.jɛ.ki.ɾo],[ha.dʌn.jɛ.gi.ɾo]
봤어 거짓말,7,[pwat̚.ʌ.kʌ.tʃit̚.mal],[bwat̚.ʌ.gʌ.dʒit̚.mal]
하던 일 다,7,[ha.tʌn.il.ta],[ha.dʌn.il.da]
내 소개를 할게,7,[nɛ.so.kɛ.ɾɯl.hal.ke],[nɛ.so.gɛ.ɾɯl.hal.ke]
하던 일을 마저,7,[ha.tʌn.il.ɯl.ma.tʃʌ],[ha.dʌn.il.ɯl.ma.dʒʌ]
하던 일이잖아,7,[ha.tʌn.il.i.tʃan.a],[ha.dʌn.il.i.dʒan.a]
내 소관이야,7,[nɛ.so.kwan.i.ja],[nɛ.so.gwan.i.ja]
헉슬리 여사님,7,[hʌk̚.sɯl.ɾi.jʌ.sa.nim],[hʌk̚.sɯl.ɾi.jʌ.sa.nim]
허튼 짓 하면,7,[hʌ.tʰɯn.tʃit̚.ha.mjʌn],[hʌ.tʰɯn.dʒit̚.ha.mjʌn]
하던데 내,7,[ha.tʌn.te.nɛ],[ha.dʌn.te.nɛ]
감옥 간다고,7,[kam.ok̚.kan.ta.ko],[gam.ok̚.gan.ta.go]
벌을 받기로 맹세합니다,7,[pʌl.ɯl.pat̚.ki.ɾo.mɛŋ.se.hap̚.ni.ta],[bʌl.ɯl.bat̚.ki.ɾo.mɛŋ.se.hap̚.ni.da]
헌데 난,7,[hʌn.te.nan],[hʌn.te.nan]
벌을 받는 게,7,[pʌl.ɯl.pat̚.nɯŋ.ke],[bʌl.ɯl.bat̚.nɯn.ge]
곤경에 처한 거야,7,[koŋ.kjʌŋ.e.tʃʰʌ.haŋ.kʌ.ja],[goŋ.kjʌŋ.e.tʃʰʌ.han.gʌ.ja]
하도 오래돼서,7,[ha.to.o.ɾɛ.twɛ.sʌ],[ha.do.o.ɾɛ.dwɛ.sʌ]
곤경에 처한 사람을,7,[koŋ.kjʌŋ.e.tʃʰʌ.han.sa.ɾam.ɯl],[goŋ.kjʌŋ.e.tʃʰʌ.han.sa.ɾam.ɯl]
하도 졸라서,7,[ha.to.tʃol.ɾa.sʌ],[ha.do.dʒol.ɾa.sʌ]
이런 그림,7,[i.ɾʌŋ.kɯ.ɾim],[i.ɾʌn.gɯ.ɾim]
하도록 도울,7,[ha.to.ɾok̚.to.ul],[ha.do.ɾok̚.do.ul]
하도록 만든,7,[ha.to.ɾok̚.man.tɯn],[ha.do.ɾok̚.man.tɯn]
벌을 좀,7,[pʌl.ɯl.tʃom],[bʌl.ɯl.dʒom]
벌을 줄 거야,7,[pʌl.ɯl.tʃul.kʌ.ja],[bʌl.ɯl.dʒul.gʌ.ja]
내 소유물을,7,[nɛ.so.ju.mul.ɯl],[nɛ.so.ju.mul.ɯl]
하도록 해줘,7,[ha.to.ɾok̚.hɛ.tʃwʌ],[ha.do.ɾok̚.hɛ.dʒwʌ]
하드 드라이브도,7,[ha.tɯ.tɯ.ɾa.i.pɯ.to],[ha.dɯ.dɯ.ɾa.i.bɯ.do]
벌이 아니라,7,[pʌl.i.a.ni.ɾa],[bʌl.i.a.ni.ɾa]
하드 드라이브와,7,[ha.tɯ.tɯ.ɾa.i.pɯ.wa],[ha.dɯ.dɯ.ɾa.i.bɯ.wa]
back in your,7,,
하드리아누스 황제가,7,[ha.tɯ.ɾi.a.nu.sɯ.hwaŋ.tʃe.ka],[ha.dɯ.ɾi.a.nu.sɯ.hwaŋ.dʒe.ga]
하드리아누스 황제가 한 쌍을,7,[ha.tɯ.ɾi.a.nu.sɯ.hwaŋ.tʃe.ka.han.s͈aŋ.ɯl],[ha.dɯ.ɾi.a.nu.sɯ.hwaŋ.dʒe.ga.han.s͈aŋ.ɯl]
하드리아누스 황제가 한,7,[ha.tɯ.ɾi.a.nu.sɯ.hwaŋ.tʃe.ka.han],[ha.dɯ.ɾi.a.nu.sɯ.hwaŋ.dʒe.ga.han]
봤어 그렇게,7,[pwat̚.ʌ.kɯ.ɾʌt̚.ke],[bwat̚.ʌ.gɯ.ɾʌt̚.ke]
곤경에 처해서,7,[koŋ.kjʌŋ.e.tʃʰʌ.hɛ.sʌ],[goŋ.kjʌŋ.e.tʃʰʌ.hɛ.sʌ]
벌이는 거죠,7,[pʌl.i.nɯŋ.kʌ.tʃjo],[bʌl.i.nɯn.gʌ.dʒjo]
헐 명예의 전당,7,[hʌl.mjʌŋ.je.ɯi.tʃʌn.taŋ],[hʌl.mjʌŋ.je.ɯi.dʒʌn.taŋ]
하든 나도,7,[ha.tɯn.na.to],[ha.dɯn.na.do]
하든 내 알 바,7,[ha.tɯn.nɛ.al.pa],[ha.dɯn.nɛ.al.ba]
하든 내 알,7,[ha.tɯn.nɛ.al],[ha.dɯn.nɛ.al]
하든 널,7,[ha.tɯn.nʌl],[ha.dɯn.nʌl]
내 속도,7,[nɛ.sok̚.to],[nɛ.sok̚.to]
하든 당신,7,[ha.tɯn.taŋ.sin],[ha.dɯn.daŋ.sin]
벌인 것,7,[pʌl.iŋ.kʌt̚],[bʌl.in.gʌt̚]
Diamonds are a girl''s,7,,
이런 길을,7,[i.ɾʌŋ.kil.ɯl],[i.ɾʌn.gil.ɯl]
하든 상관없다,7,[ha.tɯn.saŋ.kwan.ʌp̚.ta],[ha.dɯn.saŋ.gwan.ʌp̚.ta]
하든 상관하지,7,[ha.tɯn.saŋ.kwan.ha.tʃi],[ha.dɯn.saŋ.gwan.ha.dʒi]
감옥 대신,7,[kam.ok̚.tɛ.sin],[gam.ok̚.dɛ.sin]
벌인 짓,7,[pʌl.in.tʃit̚],[bʌl.in.dʒit̚]
감옥 말이야,7,[kam.ok̚.mal.i.ja],[gam.ok̚.mal.i.ja]
벌일 때,7,[pʌl.il.t͈ɛ],[bʌl.il.t͈ɛ]
하든가 아니면,7,[ha.tɯŋ.ka.a.ni.mjʌn],[ha.dɯŋ.ka.a.ni.mjʌn]
하든 항상,7,[ha.tɯn.haŋ.saŋ],[ha.dɯn.haŋ.saŋ]
하디 경위,7,[ha.ti.kjʌŋ.wi],[ha.di.gjʌŋ.wi]
하디 박사님,7,[ha.ti.pak̚.sa.nim],[ha.di.bak̚.sa.nim]
하디 경위입니다,7,[ha.ti.kjʌŋ.wi.ip̚.ni.ta],[ha.di.gjʌŋ.wi.ip̚.ni.da]
벌주는 건,7,[pʌl.tʃu.nɯŋ.kʌn],[bʌl.tʃu.nɯn.gʌn]
벌주는 거예요,7,[pʌl.tʃu.nɯŋ.kʌ.je.jo],[bʌl.tʃu.nɯn.gʌ.je.jo]
out to get,7,,
하라 해,7,[ha.ɾa.hɛ],[ha.ɾa.hɛ]
벌주는 걸,7,[pʌl.tʃu.nɯŋ.kʌl],[bʌl.tʃu.nɯn.gʌl]
벌주려는 게,7,[pʌl.tʃu.ɾjʌ.nɯŋ.ke],[bʌl.tʃu.ɾjʌ.nɯn.ge]
하라고 말할,7,[ha.ɾa.ko.mal.hal],[ha.ɾa.go.mal.hal]
하라고 말이야,7,[ha.ɾa.ko.mal.i.ja],[ha.ɾa.go.mal.i.ja]
곤경에 처했을지도,7,[koŋ.kjʌŋ.e.tʃʰʌ.hɛt̚.ɯl.tʃi.to],[goŋ.kjʌŋ.e.tʃʰʌ.hɛt̚.ɯl.tʃi.do]
하라고 여기,7,[ha.ɾa.ko.jʌ.ki],[ha.ɾa.go.jʌ.gi]
하라고 알았어,7,[ha.ɾa.ko.al.at̚.ʌ],[ha.ɾa.go.al.at̚.ʌ]
이런 나쁜 자식,7,[i.ɾʌn.na.p͈ɯn.tʃa.sik̚],[i.ɾʌn.na.p͈ɯn.dʒa.sik̚]
헛된 꿈이,7,[hʌt̚.tweŋ.k͈um.i],[hʌt̚.tweŋ.k͈um.i]
하라고 하셨어요,7,[ha.ɾa.ko.ha.sjʌt̚.ʌ.jo],[ha.ɾa.go.ha.sjʌt̚.ʌ.jo]
벌하는 게,7,[pʌl.ha.nɯŋ.ke],[bʌl.ha.nɯn.ge]
하라고 한 건,7,[ha.ɾa.ko.haŋ.kʌn],[ha.ɾa.go.han.gʌn]
곤두선 것,7,[kon.tu.sʌŋ.kʌt̚],[gon.tu.sʌn.gʌt̚]
said yes,7,,
하라고 할게요,7,[ha.ɾa.ko.hal.ke.jo],[ha.ɾa.go.hal.ke.jo]
하라고 했다고,7,[ha.ɾa.ko.hɛt̚.ta.ko],[ha.ɾa.go.hɛt̚.ta.go]
하라는 거요,7,[ha.ɾa.nɯŋ.kʌ.jo],[ha.ɾa.nɯn.gʌ.jo]
헛소리 말라고,7,[hʌt̚.so.ɾi.mal.ɾa.ko],[hʌt̚.so.ɾi.mal.ɾa.go]
하라는 게 아니라,7,[ha.ɾa.nɯŋ.ke.a.ni.ɾa],[ha.ɾa.nɯn.ge.a.ni.ɾa]
하라는 대로 다 할게,7,[ha.ɾa.nɯn.tɛ.ɾo.ta.hal.ke],[ha.ɾa.nɯn.dɛ.ɾo.da.hal.ke]
범위가 훨씬,7,[pʌm.wi.ka.hwʌl.s͈in],[bʌm.wi.ga.hwʌl.s͈in]
헛소리 벌금,7,[hʌt̚.so.ɾi.pʌl.kɯm],[hʌt̚.so.ɾi.bʌl.kɯm]
범위를 넓혀,7,[pʌm.wi.ɾɯl.lʌl.hjʌ],[bʌm.wi.ɾɯl.lʌl.hjʌ]
헛소리 작작,7,[hʌt̚.so.ɾi.tʃak̚.tʃak̚],[hʌt̚.so.ɾi.dʒak̚.tʃak̚]
하라는 대로 할게,7,[ha.ɾa.nɯn.tɛ.ɾo.hal.ke],[ha.ɾa.nɯn.dɛ.ɾo.hal.ke]
하라는 말을,7,[ha.ɾa.nɯn.mal.ɯl],[ha.ɾa.nɯn.mal.ɯl]
하라는 명령을,7,[ha.ɾa.nɯn.mjʌŋ.ɾjʌŋ.ɯl],[ha.ɾa.nɯn.mjʌŋ.ɾjʌŋ.ɯl]
헛소리 때문에,7,[hʌt̚.so.ɾi.t͈ɛ.mun.e],[hʌt̚.so.ɾi.t͈ɛ.mun.e]
봤어 런던까지 히치하이크해서,7,[pwat̚.ʌ.ɾʌn.tʌŋ.k͈a.tʃi.hi.tʃʰi.ha.i.kʰɯ.hɛ.sʌ],[bwat̚.ʌ.ɾʌn.tʌŋ.k͈a.dʒi.hi.tʃʰi.ha.i.kʰɯ.hɛ.sʌ]
범위를 좁히다,7,[pʌm.wi.ɾɯl.tʃop̚.hi.ta],[bʌm.wi.ɾɯl.dʒop̚.hi.da]
하란 겁니까,7,[ha.ɾaŋ.kʌp̚.ni.k͈a],[ha.ɾan.gʌp̚.ni.k͈a]
헛소리가 아니라,7,[hʌt̚.so.ɾi.ka.a.ni.ɾa],[hʌt̚.so.ɾi.ga.a.ni.ɾa]
하란 말이에요,7,[ha.ɾan.mal.i.e.jo],[ha.ɾan.mal.i.e.jo]
하란대로 해,7,[ha.ɾan.tɛ.ɾo.hɛ],[ha.ɾan.tɛ.ɾo.hɛ]
back later,7,,
하랄드 왕과,7,[ha.ɾal.tɯ.waŋ.kwa],[ha.ɾal.tɯ.waŋ.gwa]
내가 불쑥,7,[nɛ.ka.pul.s͈uk̚],[nɛ.ga.bul.s͈uk̚]
헛소리는 다,7,[hʌt̚.so.ɾi.nɯn.ta],[hʌt̚.so.ɾi.nɯn.da]
하러 간다고,7,[ha.ɾʌ.kan.ta.ko],[ha.ɾʌ.gan.ta.go]
범인 안,7,[pʌm.in.an],[bʌm.in.an]
곤란하게 하려고,7,[kol.lan.ha.ke.ha.ɾjʌ.ko],[gol.lan.ha.ge.ha.ɾjʌ.go]
범인 얼굴은,7,[pʌm.in.ʌl.kul.ɯn],[bʌm.in.ʌl.kul.ɯn]
범인 이름은,7,[pʌm.in.i.ɾɯm.ɯn],[bʌm.in.i.ɾɯm.ɯn]
봤어 사람들이,7,[pwat̚.ʌ.sa.ɾan.tɯl.i],[bwat̚.ʌ.sa.ɾan.tɯl.i]
하러 다시,7,[ha.ɾʌ.ta.si],[ha.ɾʌ.da.si]
하러 오셨나요,7,[ha.ɾʌ.o.sjʌt̚.na.jo],[ha.ɾʌ.o.sjʌt̚.na.jo]
하러 여기 온,7,[ha.ɾʌ.jʌ.ki.on],[ha.ɾʌ.jʌ.gi.on]
내 손에 들어오면,7,[nɛ.son.e.tɯl.ʌ.o.mjʌn],[nɛ.son.e.dɯl.ʌ.o.mjʌn]
said you had,7,,
곤란하게 하지 마,7,[kol.lan.ha.ke.ha.tʃi.ma],[gol.lan.ha.ge.ha.dʒi.ma]
하러 온게,7,[ha.ɾʌ.oŋ.ke],[ha.ɾʌ.oŋ.ke]
이런 농담은,7,[i.ɾʌn.noŋ.tam.ɯn],[i.ɾʌn.noŋ.dam.ɯn]
내가 불평하는,7,[nɛ.ka.pul.pʰjʌŋ.ha.nɯn],[nɛ.ga.bul.pʰjʌŋ.ha.nɯn]
봤어 아마,7,[pwat̚.ʌ.a.ma],[bwat̚.ʌ.a.ma]
범인만 잡으면,7,[pʌm.in.man.tʃap̚.ɯ.mjʌn],[bʌm.in.man.dʒap̚.ɯ.mjʌn]
out when,7,,
하려 하고,7,[ha.ɾjʌ.ha.ko],[ha.ɾjʌ.ha.go]
헛수고 마,7,[hʌt̚.su.ko.ma],[hʌt̚.su.go.ma]
하려 하는,7,[ha.ɾjʌ.ha.nɯn],[ha.ɾjʌ.ha.nɯn]
내가 비명을,7,[nɛ.ka.pi.mjʌŋ.ɯl],[nɛ.ga.bi.mjʌŋ.ɯl]
범인으로 몰고,7,[pʌm.in.ɯ.ɾo.mol.ko],[bʌm.in.ɯ.ɾo.mol.ko]
헝가리 부다페스트,7,[hʌŋ.ka.ɾi.pu.ta.pʰe.sɯ.tʰɯ],[hʌŋ.ga.ɾi.bu.da.pʰe.sɯ.tʰɯ]
하려 했습니다,7,[ha.ɾjʌ.hɛt̚.sɯp̚.ni.ta],[ha.ɾjʌ.hɛt̚.sɯp̚.ni.da]
내 손에 죽을 것이다,7,[nɛ.son.e.tʃuk̚.ɯl.kʌt̚.i.ta],[nɛ.son.e.dʒuk̚.ɯl.gʌt̚.i.da]
하려고 lrm,7,[ha.ɾjʌ.ko],[ha.ɾjʌ.go]
범인은 다른,7,[pʌm.in.ɯn.ta.ɾɯn],[bʌm.in.ɯn.da.ɾɯn]
하려고 그래서,7,[ha.ɾjʌ.ko.kɯ.ɾɛ.sʌ],[ha.ɾjʌ.go.gɯ.ɾɛ.sʌ]
곤란한 거,7,[kol.lan.haŋ.kʌ],[gol.lan.han.gʌ]
하려고 그랬어요,7,[ha.ɾjʌ.ko.kɯ.ɾɛt̚.ʌ.jo],[ha.ɾjʌ.go.gɯ.ɾɛt̚.ʌ.jo]
하려고 그랬죠,7,[ha.ɾjʌ.ko.kɯ.ɾɛt̚.tʃjo],[ha.ɾjʌ.go.gɯ.ɾɛt̚.tʃjo]
헤드 샷,7,[he.tɯ.sjat̚],[he.dɯ.sjat̚]
헤드셋을 가지고,7,[he.tɯ.set̚.ɯl.ka.tʃi.ko],[he.dɯ.set̚.ɯl.ga.dʒi.go]
곤란한 상황,7,[kol.lan.han.saŋ.hwaŋ],[gol.lan.han.saŋ.hwaŋ]
하려고 그리고,7,[ha.ɾjʌ.ko.kɯ.ɾi.ko],[ha.ɾjʌ.go.gɯ.ɾi.go]
하려고 나도,7,[ha.ɾjʌ.ko.na.to],[ha.ɾjʌ.go.na.do]
범인은 범행,7,[pʌm.in.ɯm.pʌm.hɛŋ],[bʌm.in.ɯn.bʌm.hɛŋ]
범인은 아닌,7,[pʌm.in.ɯn.a.nin],[bʌm.in.ɯn.a.nin]
헤라클레이토스의 The,7,[he.ɾa.kʰɯl.ɾe.i.tʰo.sɯ.ɯi],[he.ɾa.kʰɯl.ɾe.i.tʰo.sɯ.ɯi]
하려고 돈,7,[ha.ɾjʌ.ko.ton],[ha.ɾjʌ.go.don]
헤라클레이토스의 The Cosmic,7,[he.ɾa.kʰɯl.ɾe.i.tʰo.sɯ.ɯi],[he.ɾa.kʰɯl.ɾe.i.tʰo.sɯ.ɯi]
하려고 안,7,[ha.ɾjʌ.ko.an],[ha.ɾjʌ.go.an]
범인은 어디,7,[pʌm.in.ɯn.ʌ.ti],[bʌm.in.ɯn.ʌ.di]
글렌의 궤적,7,[kɯl.ɾen.ɯi.kwe.tʃʌk̚],[gɯl.ɾen.ɯi.gwe.dʒʌk̚]
헤로인 중독자,7,[he.ɾo.in.tʃuŋ.tok̚.tʃa],[he.ɾo.in.dʒuŋ.dok̚.tʃa]
내가 비용을,7,[nɛ.ka.pi.joŋ.ɯl],[nɛ.ga.bi.joŋ.ɯl]
내 손으로 내,7,[nɛ.son.ɯ.ɾo.nɛ],[nɛ.son.ɯ.ɾo.nɛ]
범인은 잡았나,7,[pʌm.in.ɯn.tʃap̚.at̚.na],[bʌm.in.ɯn.dʒap̚.at̚.na]
범인은 잡았어요,7,[pʌm.in.ɯn.tʃap̚.at̚.ʌ.jo],[bʌm.in.ɯn.dʒap̚.at̚.ʌ.jo]
하려고 우리,7,[ha.ɾjʌ.ko.u.ɾi],[ha.ɾjʌ.go.u.ɾi]
back now,7,,
곤란한 숨소리,7,[kol.lan.han.sum.so.ɾi],[gol.lan.han.sum.so.ɾi]
내 손으로 죽이고,7,[nɛ.son.ɯ.ɾo.tʃuk̚.i.ko],[nɛ.son.ɯ.ɾo.dʒuk̚.i.go]
하려고 좋아,7,[ha.ɾjʌ.ko.tʃot̚.a],[ha.ɾjʌ.go.dʒot̚.a]
봤어 이런,7,[pwat̚.ʌ.i.ɾʌn],[bwat̚.ʌ.i.ɾʌn]
내 손으로 죽일,7,[nɛ.son.ɯ.ɾo.tʃuk̚.il],[nɛ.son.ɯ.ɾo.dʒuk̚.il]
하려고 하는 건,7,[ha.ɾjʌ.ko.ha.nɯŋ.kʌn],[ha.ɾjʌ.go.ha.nɯn.gʌn]
범인을 본,7,[pʌm.in.ɯl.pon],[bʌm.in.ɯl.bon]
범인을 반드시,7,[pʌm.in.ɯl.pan.tɯ.si],[bʌm.in.ɯl.ban.tɯ.si]
내 손으론,7,[nɛ.son.ɯ.ɾon],[nɛ.son.ɯ.ɾon]
곤란한 일은,7,[kol.lan.han.il.ɯn],[gol.lan.han.il.ɯn]
하려고 하지 마,7,[ha.ɾjʌ.ko.ha.tʃi.ma],[ha.ɾjʌ.go.ha.dʒi.ma]
헤매고 있을,7,[he.mɛ.ko.it̚.ɯl],[he.mɛ.go.it̚.ɯl]
봤어 자기,7,[pwat̚.ʌ.tʃa.ki],[bwat̚.ʌ.dʒa.gi]
헤머 티모시,7,[he.mʌ.tʰi.mo.si],[he.mʌ.tʰi.mo.si]
하려고 한 거예요,7,[ha.ɾjʌ.ko.haŋ.kʌ.je.jo],[ha.ɾjʌ.go.han.gʌ.je.jo]
범인을 잡기 위해,7,[pʌm.in.ɯl.tʃap̚.ki.wi.hɛ],[bʌm.in.ɯl.dʒap̚.ki.wi.hɛ]
out with you,7,,
하려고 했나,7,[ha.ɾjʌ.ko.hɛt̚.na],[ha.ɾjʌ.go.hɛt̚.na]
하려고 했는데 그,7,[ha.ɾjʌ.ko.hɛt̚.nɯn.te.kɯ],[ha.ɾjʌ.go.hɛt̚.nɯn.te.gɯ]
하려고 했는데 지금,7,[ha.ɾjʌ.ko.hɛt̚.nɯn.te.tʃi.kɯm],[ha.ɾjʌ.go.hɛt̚.nɯn.te.dʒi.gɯm]
범인을 잡았잖아요,7,[pʌm.in.ɯl.tʃap̚.at̚.tʃan.a.jo],[bʌm.in.ɯl.dʒap̚.at̚.tʃan.a.jo]
범인을 잡으려고,7,[pʌm.in.ɯl.tʃap̚.ɯ.ɾjʌ.ko],[bʌm.in.ɯl.dʒap̚.ɯ.ɾjʌ.go]
하려고 했단 말이에요,7,[ha.ɾjʌ.ko.hɛt̚.tan.mal.i.e.jo],[ha.ɾjʌ.go.hɛt̚.tan.mal.i.e.jo]
하려고 했던 거,7,[ha.ɾjʌ.ko.hɛt̚.tʌŋ.kʌ],[ha.ɾjʌ.go.hɛt̚.tʌn.gʌ]
내 손을 잡았어,7,[nɛ.son.ɯl.tʃap̚.at̚.ʌ],[nɛ.son.ɯl.dʒap̚.at̚.ʌ]
헤아릴 수가,7,[he.a.ɾil.su.ka],[he.a.ɾil.su.ga]
하려고요 내가,7,[ha.ɾjʌ.ko.jo.nɛ.ka],[ha.ɾjʌ.go.jo.nɛ.ga]
감옥에 가게 되면,7,[kam.ok̚.e.ka.ke.twe.mjʌn],[gam.ok̚.e.ga.ge.dwe.mjʌn]
범인을 찾았습니다,7,[pʌm.in.ɯl.tʃʰat̚.at̚.sɯp̚.ni.ta],[bʌm.in.ɯl.tʃʰat̚.at̚.sɯp̚.ni.da]
내 손의,7,[nɛ.son.ɯi],[nɛ.son.ɯi]
하려는 거야 이번엔,7,[ha.ɾjʌ.nɯŋ.kʌ.ja.i.pʌn.en],[ha.ɾjʌ.nɯn.gʌ.ja.i.bʌn.en]
Blew up the,7,,
하려는 건 아니에요,7,[ha.ɾjʌ.nɯŋ.kʌn.a.ni.e.jo],[ha.ɾjʌ.nɯn.gʌn.a.ni.e.jo]
하려는 건 아니었어요,7,[ha.ɾjʌ.nɯŋ.kʌn.a.ni.ʌt̚.ʌ.jo],[ha.ɾjʌ.nɯn.gʌn.a.ni.ʌt̚.ʌ.jo]
하려는 건데요,7,[ha.ɾjʌ.nɯŋ.kʌn.te.jo],[ha.ɾjʌ.nɯn.gʌn.te.jo]
범인을 찾을 겁니다,7,[pʌm.in.ɯl.tʃʰat̚.ɯl.kʌp̚.ni.ta],[bʌm.in.ɯl.tʃʰat̚.ɯl.gʌp̚.ni.da]
봤어 좀,7,[pwat̚.ʌ.tʃom],[bwat̚.ʌ.dʒom]
곤란해질 수 있어요,7,[kol.lan.hɛ.tʃil.su.it̚.ʌ.jo],[gol.lan.hɛ.dʒil.su.it̚.ʌ.jo]
하려는 것 같아요,7,[ha.ɾjʌ.nɯŋ.kʌt̚.kat̚.a.jo],[ha.ɾjʌ.nɯn.gʌt̚.gat̚.a.jo]
하려는 것뿐이야,7,[ha.ɾjʌ.nɯŋ.kʌt̚.p͈un.i.ja],[ha.ɾjʌ.nɯn.gʌt̚.p͈un.i.ja]
내 손자야,7,[nɛ.son.tʃa.ja],[nɛ.son.tʃa.ja]
하려는 말이야,7,[ha.ɾjʌ.nɯn.mal.i.ja],[ha.ɾjʌ.nɯn.mal.i.ja]
이런 드레스를,7,[i.ɾʌn.tɯ.ɾe.sɯ.ɾɯl],[i.ɾʌn.dɯ.ɾe.sɯ.ɾɯl]
하려는 얘기가,7,[ha.ɾjʌ.nɯn.jɛ.ki.ka],[ha.ɾjʌ.nɯn.jɛ.gi.ga]
범인이 그를,7,[pʌm.in.i.kɯ.ɾɯl],[bʌm.in.i.gɯ.ɾɯl]
범인이 내,7,[pʌm.in.i.nɛ],[bʌm.in.i.nɛ]
하려는 짓을,7,[ha.ɾjʌ.nɯn.tʃit̚.ɯl],[ha.ɾjʌ.nɯn.dʒit̚.ɯl]
내 손주들이,7,[nɛ.son.tʃu.tɯl.i],[nɛ.son.tʃu.dɯl.i]
하려는건 아닌데,7,[ha.ɾjʌ.nɯŋ.kʌn.a.nin.te],[ha.ɾjʌ.nɯŋ.kʌn.a.nin.te]
하려는지 알겠어요,7,[ha.ɾjʌ.nɯn.tʃi.al.ket̚.ʌ.jo],[ha.ɾjʌ.nɯn.tʃi.al.ket̚.ʌ.jo]
하려던 거였어,7,[ha.ɾjʌ.tʌŋ.kʌ.jʌt̚.ʌ],[ha.ɾjʌ.dʌn.gʌ.jʌt̚.ʌ]
하려던 거였죠,7,[ha.ɾjʌ.tʌŋ.kʌ.jʌt̚.tʃjo],[ha.ɾjʌ.dʌn.gʌ.jʌt̚.tʃjo]
헤어지지 말자,7,[he.ʌ.tʃi.tʃi.mal.tʃa],[he.ʌ.dʒi.dʒi.mal.tʃa]
하려던 건 아냐,7,[ha.ɾjʌ.tʌŋ.kʌn.a.nja],[ha.ɾjʌ.dʌn.gʌn.a.nja]
내 솜씨,7,[nɛ.som.s͈i],[nɛ.som.s͈i]
헤어지지 않고,7,[he.ʌ.tʃi.tʃi.aŋ.ko],[he.ʌ.dʒi.dʒi.aŋ.ko]
범인이 될,7,[pʌm.in.i.twel],[bʌm.in.i.dwel]
범인이 두,7,[pʌm.in.i.tu],[bʌm.in.i.du]
내 수갑,7,[nɛ.su.kap̚],[nɛ.su.gap̚]
하려던 일,7,[ha.ɾjʌ.tʌn.il],[ha.ɾjʌ.dʌn.il]
하려던 일은,7,[ha.ɾjʌ.tʌn.il.ɯn],[ha.ɾjʌ.dʌn.il.ɯn]
범인이 사용한,7,[pʌm.in.i.sa.joŋ.han],[bʌm.in.i.sa.joŋ.han]
하려면 내,7,[ha.ɾjʌ.mjʌn.nɛ],[ha.ɾjʌ.mjʌn.nɛ]
헤어진 뒤,7,[he.ʌ.tʃin.twi],[he.ʌ.dʒin.dwi]
헤어진 사람들은,7,[he.ʌ.tʃin.sa.ɾan.tɯl.ɯn],[he.ʌ.dʒin.sa.ɾan.tɯl.ɯn]
이런 말 좀 그렇지만,7,[i.ɾʌn.mal.tʃom.kɯ.ɾʌt̚.tʃi.man],[i.ɾʌn.mal.dʒom.gɯ.ɾʌt̚.tʃi.man]
Blew up,7,,
봤어요 그거,7,[pwat̚.ʌ.jo.kɯ.kʌ],[bwat̚.ʌ.jo.gɯ.gʌ]
범인이 아닐 수도,7,[pʌm.in.i.a.nil.su.to],[bʌm.in.i.a.nil.su.do]
하루 끝에,7,[ha.ɾu.k͈ɯt̚.e],[ha.ɾu.k͈ɯt̚.e]
하루 같이,7,[ha.ɾu.kat̚.i],[ha.ɾu.gat̚.i]
범인이 안,7,[pʌm.in.i.an],[bʌm.in.i.an]
봤어요 그때,7,[pwat̚.ʌ.jo.kɯ.t͈ɛ],[bwat̚.ʌ.jo.gɯ.t͈ɛ]
헤어질 필요가,7,[he.ʌ.tʃil.pʰil.jo.ka],[he.ʌ.dʒil.pʰil.jo.ga]
범인이 이걸,7,[pʌm.in.i.i.kʌl],[bʌm.in.i.i.gʌl]
범인이 이런,7,[pʌm.in.i.i.ɾʌn],[bʌm.in.i.i.ɾʌn]
곧 가져올,7,[kot̚.ka.tʃjʌ.ol],[got̚.ga.dʒjʌ.ol]
봤어요 그러니,7,[pwat̚.ʌ.jo.kɯ.ɾʌ.ni],[bwat̚.ʌ.jo.gɯ.ɾʌ.ni]
범인이 있다고,7,[pʌm.in.i.it̚.ta.ko],[bʌm.in.i.it̚.ta.go]
감옥에 가는 거야,7,[kam.ok̚.e.ka.nɯŋ.kʌ.ja],[gam.ok̚.e.ga.nɯn.gʌ.ja]
내 수트,7,[nɛ.su.tʰɯ],[nɛ.su.tʰɯ]
범인이 차를,7,[pʌm.in.i.tʃʰa.ɾɯl],[bʌm.in.i.tʃʰa.ɾɯl]
이런 말 할 사람이,7,[i.ɾʌn.mal.hal.sa.ɾam.i],[i.ɾʌn.mal.hal.sa.ɾam.i]
헤이 괜찮아요,7,[he.i.kwɛn.tʃʰan.a.jo],[he.i.gwɛn.tʃʰan.a.jo]
내 수프를,7,[nɛ.su.pʰɯ.ɾɯl],[nɛ.su.pʰɯ.ɾɯl]
내 수호,7,[nɛ.su.ho],[nɛ.su.ho]
범인이라는 증거,7,[pʌm.in.i.ɾa.nɯn.tʃɯŋ.kʌ],[bʌm.in.i.ɾa.nɯn.dʒɯŋ.gʌ]
범인이란 걸,7,[pʌm.in.i.ɾaŋ.kʌl],[bʌm.in.i.ɾan.gʌl]
범인인 것 같아,7,[pʌm.in.iŋ.kʌt̚.kat̚.a],[bʌm.in.in.gʌt̚.gat̚.a]
헤이 이건,7,[he.i.i.kʌn],[he.i.i.gʌn]
범인일지도 몰라,7,[pʌm.in.il.tʃi.to.mol.ɾa],[bʌm.in.il.tʃi.do.mol.ɾa]
범접할 수 없는,7,[pʌn.tʃʌp̚.hal.su.ʌp̚.nɯn],[bʌn.tʃʌp̚.hal.su.ʌp̚.nɯn]
범인일지도 모른다고,7,[pʌm.in.il.tʃi.to.mo.ɾɯn.ta.ko],[bʌm.in.il.tʃi.do.mo.ɾɯn.ta.go]
헤이 하이,7,[he.i.ha.i],[he.i.ha.i]
하루 종일 날,7,[ha.ɾu.tʃoŋ.il.lal],[ha.ɾu.dʒoŋ.il.lal]
하루 종일 서,7,[ha.ɾu.tʃoŋ.il.sʌ],[ha.ɾu.dʒoŋ.il.sʌ]
곧 갈 것이다,7,[kot̚.kal.kʌt̚.i.ta],[got̚.gal.gʌt̚.i.da]
헤이든 씨,7,[he.i.tɯn.s͈i],[he.i.dɯn.s͈i]
내 숨을,7,[nɛ.sum.ɯl],[nɛ.sum.ɯl]
헤이스팅스 경정,7,[he.i.sɯ.tʰiŋ.sɯ.kjʌŋ.tʃʌŋ],[he.i.sɯ.tʰiŋ.sɯ.gjʌŋ.dʒʌŋ]
하루 종일 할 일이,7,[ha.ɾu.tʃoŋ.il.hal.il.i],[ha.ɾu.dʒoŋ.il.hal.il.i]
하루 종일요,7,[ha.ɾu.tʃoŋ.il.jo],[ha.ɾu.dʒoŋ.il.jo]
헤이스팅스 경정입니다,7,[he.i.sɯ.tʰiŋ.sɯ.kjʌŋ.tʃʌŋ.ip̚.ni.ta],[he.i.sɯ.tʰiŋ.sɯ.gjʌŋ.dʒʌŋ.ip̚.ni.da]
범죄 누명을,7,[pʌn.tʃwe.nu.mjʌŋ.ɯl],[bʌn.tʃwe.nu.mjʌŋ.ɯl]
헤이스팅즈 대위님,7,[he.i.sɯ.tʰiŋ.tʃɯ.tɛ.wi.nim],[he.i.sɯ.tʰiŋ.dʒɯ.dɛ.wi.nim]
내 슈트를,7,[nɛ.sju.tʰɯ.ɾɯl],[nɛ.sju.tʰɯ.ɾɯl]
글린 스티븐의 인권,7,[kɯl.ɾin.sɯ.tʰi.pɯn.ɯi.iŋ.kwʌn],[gɯl.ɾin.sɯ.tʰi.bɯn.ɯi.iŋ.kwʌn]
봤어요 다시,7,[pwat̚.ʌ.jo.ta.si],[bwat̚.ʌ.jo.da.si]
범죄 수사대,7,[pʌn.tʃwe.su.sa.tɛ],[bʌn.tʃwe.su.sa.dɛ]
이런 말은 하고,7,[i.ɾʌn.mal.ɯn.ha.ko],[i.ɾʌn.mal.ɯn.ha.go]
이런 말은 하고 싶지,7,[i.ɾʌn.mal.ɯn.ha.ko.sip̚.tʃi],[i.ɾʌn.mal.ɯn.ha.go.sip̚.tʃi]
감옥에 가둔,7,[kam.ok̚.e.ka.tun],[gam.ok̚.e.ga.dun]
하루나 이틀이면,7,[ha.ɾu.na.i.tʰɯl.i.mjʌn],[ha.ɾu.na.i.tʰɯl.i.mjʌn]
범죄 영화,7,[pʌn.tʃwe.jʌŋ.hwa],[bʌn.tʃwe.jʌŋ.hwa]
범죄 용의자,7,[pʌn.tʃwe.joŋ.ɯi.tʃa],[bʌn.tʃwe.joŋ.ɯi.dʒa]
범죄 의도가,7,[pʌn.tʃwe.ɯi.to.ka],[bʌn.tʃwe.ɯi.do.ga]
범죄 전문,7,[pʌn.tʃwe.tʃʌn.mun],[bʌn.tʃwe.dʒʌn.mun]
하루도 더 못,7,[ha.ɾu.to.tʌ.mot̚],[ha.ɾu.do.dʌ.mot̚]
내 스카프,7,[nɛ.sɯ.kʰa.pʰɯ],[nɛ.sɯ.kʰa.pʰɯ]
Blew up the train,7,,
범죄 제국,7,[pʌn.tʃwe.tʃe.kuk̚],[bʌn.tʃwe.dʒe.guk̚]
범죄 조직에서,7,[pʌn.tʃwe.tʃo.tʃik̚.e.sʌ],[bʌn.tʃwe.dʒo.dʒik̚.e.sʌ]
내 스타일 아니에요,7,[nɛ.sɯ.tʰa.il.a.ni.e.jo],[nɛ.sɯ.tʰa.il.a.ni.e.jo]
하루를 보냈거든,7,[ha.ɾu.ɾɯl.po.nɛt̚.kʌ.tɯn],[ha.ɾu.ɾɯl.bo.nɛt̚.kʌ.dɯn]
헤쳐나갈 거야,7,[he.tʃʰjʌ.na.kal.kʌ.ja],[he.tʃʰjʌ.na.gal.gʌ.ja]
하루를 보냈을,7,[ha.ɾu.ɾɯl.po.nɛt̚.ɯl],[ha.ɾu.ɾɯl.bo.nɛt̚.ɯl]
내 스타일은 아니다,7,[nɛ.sɯ.tʰa.il.ɯn.a.ni.ta],[nɛ.sɯ.tʰa.il.ɯn.a.ni.da]
헤프타메론 책,7,[he.pʰɯ.tʰa.me.ɾon.tʃʰɛk̚],[he.pʰɯ.tʰa.me.ɾon.tʃʰɛk̚]
범죄 해결,7,[pʌn.tʃwe.hɛ.kjʌl],[bʌn.tʃwe.hɛ.gjʌl]
범죄 행위는,7,[pʌn.tʃwe.hɛŋ.wi.nɯn],[bʌn.tʃwe.hɛŋ.wi.nɯn]
곧 결혼하잖아,7,[kot̚.kjʌl.hon.ha.tʃan.a],[got̚.gjʌl.hon.ha.dʒan.a]
하루에 네,7,[ha.ɾu.e.ne],[ha.ɾu.e.ne]
하루에 두 번은,7,[ha.ɾu.e.tu.pʌn.ɯn],[ha.ɾu.e.du.bʌn.ɯn]
곧 결혼하는데,7,[kot̚.kjʌl.hon.ha.nɯn.te],[got̚.gjʌl.hon.ha.nɯn.te]
헨더슨 부인,7,[hen.tʌ.sɯm.pu.in],[hen.tʌ.sɯn.bu.in]
범죄 현장과,7,[pʌn.tʃwe.hjʌn.tʃaŋ.kwa],[bʌn.tʃwe.hjʌn.tʃaŋ.gwa]
하루에 세 번씩,7,[ha.ɾu.e.se.pʌn.s͈ik̚],[ha.ɾu.e.se.bʌn.s͈ik̚]
범죄 현장도,7,[pʌn.tʃwe.hjʌn.tʃaŋ.to],[bʌn.tʃwe.hjʌn.tʃaŋ.do]
봤어요 바로,7,[pwat̚.ʌ.jo.pa.ɾo],[bwat̚.ʌ.jo.ba.ɾo]
하루의 대부분을,7,[ha.ɾu.ɯi.tɛ.pu.pun.ɯl],[ha.ɾu.ɯi.dɛ.bu.bun.ɯl]
헨리 네,7,[hel.li.ne],[hel.li.ne]
하루의 삶,7,[ha.ɾu.ɯi.sam],[ha.ɾu.ɯi.sam]
봤어요 아뇨,7,[pwat̚.ʌ.jo.a.njo],[bwat̚.ʌ.jo.a.njo]
하룻 밤,7,[ha.ɾut̚.pam],[ha.ɾut̚.bam]
이런 말하면,7,[i.ɾʌn.mal.ha.mjʌn],[i.ɾʌn.mal.ha.mjʌn]
하룻밤 묵고,7,[ha.ɾut̚.pam.muk̚.ko],[ha.ɾut̚.pam.muk̚.ko]
내 시간 낭비,7,[nɛ.si.kan.nam.pi],[nɛ.si.gan.naŋ.bi]
내 시간 낭비하지 마,7,[nɛ.si.kan.nam.pi.ha.tʃi.ma],[nɛ.si.gan.naŋ.bi.ha.dʒi.ma]
범죄로 인해,7,[pʌn.tʃwe.ɾo.in.hɛ],[bʌn.tʃwe.ɾo.in.hɛ]
범죄를 알고,7,[pʌn.tʃwe.ɾɯl.al.ko],[bʌn.tʃwe.ɾɯl.al.ko]
하리와 신비의 놀란 신음,7,[ha.ɾi.wa.sim.pi.ɯi.nol.ɾan.sin.ɯm],[ha.ɾi.wa.sim.pi.ɯi.nol.ɾan.sin.ɯm]
하리와 신비의 놀란,7,[ha.ɾi.wa.sim.pi.ɯi.nol.ɾan],[ha.ɾi.wa.sim.pi.ɯi.nol.ɾan]
하리의 거친 숨소리,7,[ha.ɾi.ɯi.kʌ.tʃʰin.sum.so.ɾi],[ha.ɾi.ɯi.gʌ.tʃʰin.sum.so.ɾi]
헨리가 널,7,[hel.li.ka.nʌl],[hel.li.ga.nʌl]
이런 모습 보이기,7,[i.ɾʌn.mo.sɯp̚.po.i.ki],[i.ɾʌn.mo.sɯp̚.bo.i.gi]
범죄를 저질렀고,7,[pʌn.tʃwe.ɾɯl.tʃʌ.tʃil.ɾʌt̚.ko],[bʌn.tʃwe.ɾɯl.dʒʌ.dʒil.ɾʌt̚.ko]
헨리는 어때,7,[hel.li.nɯn.ʌ.t͈ɛ],[hel.li.nɯn.ʌ.t͈ɛ]
곧 구조대가 올 거야,7,[kot̚.ku.tʃo.tɛ.ka.ol.kʌ.ja],[got̚.gu.dʒo.dɛ.ga.ol.gʌ.ja]
내 시계도,7,[nɛ.si.kje.to],[nɛ.si.gje.do]
헤일리 언니,7,[he.il.ɾi.ʌn.ni],[he.il.ɾi.ʌn.ni]
I don''t think he,7,,
하마터면 죽을 뻔했어,7,[ha.ma.tʰʌ.mjʌn.tʃuk̚.ɯl.p͈ʌn.hɛt̚.ʌ],[ha.ma.tʰʌ.mjʌn.dʒuk̚.ɯl.p͈ʌn.hɛt̚.ʌ]
범죄에 책임이,7,[pʌn.tʃwe.e.tʃʰɛk̚.im.i],[bʌn.tʃwe.e.tʃʰɛk̚.im.i]
헬러 대통령을,7,[hel.ɾʌ.tɛ.tʰoŋ.ɾjʌŋ.ɯl],[hel.ɾʌ.dɛ.tʰoŋ.ɾjʌŋ.ɯl]
범죄와 관련된,7,[pʌn.tʃwe.wa.kwal.ljʌn.twen],[bʌn.tʃwe.wa.gwal.ljʌn.twen]
내 시나리오,7,[nɛ.si.na.ɾi.o],[nɛ.si.na.ɾi.o]
하며 혼종들로 인류를,7,[ha.mjʌ.hon.tʃoŋ.tɯl.ɾo.il.lju.ɾɯl],[ha.mjʌ.hon.tʃoŋ.dɯl.ɾo.il.lju.ɾɯl]
하며 혼종들로 인류를 말살하려는,7,[ha.mjʌ.hon.tʃoŋ.tɯl.ɾo.il.lju.ɾɯl.mal.sal.ha.ɾjʌ.nɯn],[ha.mjʌ.hon.tʃoŋ.dɯl.ɾo.il.lju.ɾɯl.mal.sal.ha.ɾjʌ.nɯn]
하며 혼종들로,7,[ha.mjʌ.hon.tʃoŋ.tɯl.ɾo],[ha.mjʌ.hon.tʃoŋ.dɯl.ɾo]
하면 가만 안 둘,7,[ha.mjʌŋ.ka.man.an.tul],[ha.mjʌn.ga.man.an.dul]
범죄와 싸우며,7,[pʌn.tʃwe.wa.s͈a.u.mjʌ],[bʌn.tʃwe.wa.s͈a.u.mjʌ]
하면 갑자기,7,[ha.mjʌŋ.kap̚.tʃa.ki],[ha.mjʌn.gap̚.tʃa.gi]
하면 걔가,7,[ha.mjʌŋ.kjɛ.ka],[ha.mjʌn.gjɛ.ga]
내 시대의,7,[nɛ.si.tɛ.ɯi],[nɛ.si.dɛ.ɯi]
범죄의 증거를,7,[pʌn.tʃwe.ɯi.tʃɯŋ.kʌ.ɾɯl],[bʌn.tʃwe.ɯi.dʒɯŋ.gʌ.ɾɯl]
No reason,7,,
하면 곧,7,[ha.mjʌŋ.kot̚],[ha.mjʌn.got̚]
범죄의 희생양이,7,[pʌn.tʃwe.ɯi.hɯi.sɛŋ.jaŋ.i],[bʌn.tʃwe.ɯi.hɯi.sɛŋ.jaŋ.i]
over at,7,,
하면 그녀가,7,[ha.mjʌŋ.kɯ.njʌ.ka],[ha.mjʌn.gɯ.njʌ.ga]
하면 그들은,7,[ha.mjʌŋ.kɯ.tɯl.ɯn],[ha.mjʌn.gɯ.dɯl.ɯn]
곧 그녀가,7,[kot̚.kɯ.njʌ.ka],[got̚.gɯ.njʌ.ga]
하면 그들이,7,[ha.mjʌŋ.kɯ.tɯl.i],[ha.mjʌn.gɯ.dɯl.i]
내 시야,7,[nɛ.si.ja],[nɛ.si.ja]
하면 그를,7,[ha.mjʌŋ.kɯ.ɾɯl],[ha.mjʌn.gɯ.ɾɯl]
하면 그만,7,[ha.mjʌŋ.kɯ.man],[ha.mjʌn.gɯ.man]
하면 그의,7,[ha.mjʌŋ.kɯ.ɯi],[ha.mjʌn.gɯ.ɯi]
하면 그만이야,7,[ha.mjʌŋ.kɯ.man.i.ja],[ha.mjʌn.gɯ.man.i.ja]
곧 그는,7,[kot̚.kɯ.nɯn],[got̚.gɯ.nɯn]
범죄자 취급,7,[pʌn.tʃwe.tʃa.tʃʰwi.kɯp̚],[bʌn.tʃwe.dʒa.tʃʰwi.gɯp̚]
헬멧은 왜,7,[hel.met̚.ɯn.wɛ],[hel.met̚.ɯn.wɛ]
감옥에 간 적,7,[kam.ok̚.e.kan.tʃʌk̚],[gam.ok̚.e.gan.dʒʌk̚]
범죄자가 아니다,7,[pʌn.tʃwe.tʃa.ka.a.ni.ta],[bʌn.tʃwe.dʒa.ga.a.ni.da]
하면 남은,7,[ha.mjʌn.nam.ɯn],[ha.mjʌn.nam.ɯn]
헬멧 안,7,[hel.met̚.an],[hel.met̚.an]
곧 그럴 거예요,7,[kot̚.kɯ.ɾʌl.kʌ.je.jo],[got̚.gɯ.ɾʌl.gʌ.je.jo]
헬스장에 갈,7,[hel.sɯ.tʃaŋ.e.kal],[hel.sɯ.dʒaŋ.e.gal]
하면 너와,7,[ha.mjʌn.nʌ.wa],[ha.mjʌn.nʌ.wa]
하면 너희는,7,[ha.mjʌn.nʌ.hɯi.nɯn],[ha.mjʌn.nʌ.hɯi.nɯn]
헴록 그로브에,7,[hem.ɾok̚.kɯ.ɾo.pɯ.e],[hem.ɾok̚.gɯ.ɾo.bɯ.e]
범퍼 스티커를,7,[pʌm.pʰʌ.sɯ.tʰi.kʰʌ.ɾɯl],[bʌm.pʰʌ.sɯ.tʰi.kʰʌ.ɾɯl]
내 식당에,7,[nɛ.sik̚.taŋ.e],[nɛ.sik̚.taŋ.e]
하면 다시는,7,[ha.mjʌn.ta.si.nɯn],[ha.mjʌn.da.si.nɯn]
이런 미친 새끼,7,[i.ɾʌn.mi.tʃʰin.sɛ.k͈i],[i.ɾʌn.mi.tʃʰin.sɛ.k͈i]
하면 당신도,7,[ha.mjʌn.taŋ.sin.to],[ha.mjʌn.daŋ.sin.to]
또 어떻게 알아,7,[t͈o.ʌ.t͈ʌt̚.ke.al.a],[t͈o.ʌ.t͈ʌt̚.ke.al.a]
하면 덜,7,[ha.mjʌn.tʌl],[ha.mjʌn.dʌl]
봤으면 해서요,7,[pwat̚.ɯ.mjʌn.hɛ.sʌ.jo],[bwat̚.ɯ.mjʌn.hɛ.sʌ.jo]
범행 동기와,7,[pʌm.hɛŋ.toŋ.ki.wa],[bʌm.hɛŋ.doŋ.gi.wa]
내 신념이,7,[nɛ.sin.njʌm.i],[nɛ.sin.njʌm.i]
감옥에 간다면,7,[kam.ok̚.e.kan.ta.mjʌn],[gam.ok̚.e.gan.ta.mjʌn]
하면 돼 넌,7,[ha.mjʌn.twɛ.nʌn],[ha.mjʌn.dwɛ.nʌn]
범행 수법도,7,[pʌm.hɛŋ.su.pʌp̚.to],[bʌm.hɛŋ.su.bʌp̚.to]
하면 돼 뭐,7,[ha.mjʌn.twɛ.mwʌ],[ha.mjʌn.dwɛ.mwʌ]
헷갈리는 거,7,[het̚.kal.ɾi.nɯŋ.kʌ],[het̚.kal.ɾi.nɯn.gʌ]
헷갈리면 안,7,[het̚.kal.ɾi.mjʌn.an],[het̚.kal.ɾi.mjʌn.an]
범행 수법의,7,[pʌm.hɛŋ.su.pʌp̚.ɯi],[bʌm.hɛŋ.su.bʌp̚.ɯi]
하면 돼 이제,7,[ha.mjʌn.twɛ.i.tʃe],[ha.mjʌn.dwɛ.i.dʒe]
봤으면 했어,7,[pwat̚.ɯ.mjʌn.hɛt̚.ʌ],[bwat̚.ɯ.mjʌn.hɛt̚.ʌ]
내 신발 좀,7,[nɛ.sim.pal.tʃom],[nɛ.sim.pal.dʒom]
범행 일체를,7,[pʌm.hɛŋ.il.tʃʰe.ɾɯl],[bʌm.hɛŋ.il.tʃʰe.ɾɯl]
혀 꼬인 말투로,7,[hjʌ.k͈o.in.mal.tʰu.ɾo],[hjʌ.k͈o.in.mal.tʰu.ɾo]
하면 되,7,[ha.mjʌn.twe],[ha.mjʌn.dwe]
하면 되겠나,7,[ha.mjʌn.twe.ket̚.na],[ha.mjʌn.dwe.get̚.na]
하면 되겠구나,7,[ha.mjʌn.twe.ket̚.ku.na],[ha.mjʌn.dwe.get̚.ku.na]
봤을 걸요,7,[pwat̚.ɯl.kʌl.jo],[bwat̚.ɯl.gʌl.jo]
범행 현장은,7,[pʌm.hɛŋ.hjʌn.tʃaŋ.ɯn],[bʌm.hɛŋ.hjʌn.tʃaŋ.ɯn]
over everything,7,,
곧 그리로 갈게,7,[kot̚.kɯ.ɾi.ɾo.kal.ke],[got̚.gɯ.ɾi.ɾo.gal.ke]
하면 되네,7,[ha.mjʌn.twe.ne],[ha.mjʌn.dwe.ne]
범행을 저지르고,7,[pʌm.hɛŋ.ɯl.tʃʌ.tʃi.ɾɯ.ko],[bʌm.hɛŋ.ɯl.dʒʌ.dʒi.ɾɯ.go]
내 신부,7,[nɛ.sim.pu],[nɛ.sim.pu]
하면 되니,7,[ha.mjʌn.twe.ni],[ha.mjʌn.dwe.ni]
혀 짧은 소리로,7,[hjʌ.tʃ͈al.ɯn.so.ɾi.ɾo],[hjʌ.tʃ͈al.ɯn.so.ɾi.ɾo]
혀를 딱,7,[hjʌ.ɾɯl.t͈ak̚],[hjʌ.ɾɯl.t͈ak̚]
내 신분이,7,[nɛ.sim.pun.i],[nɛ.sim.pun.i]
헬렌 켈러,7,[hel.ɾeŋ.kʰel.ɾʌ],[hel.ɾeŋ.kʰel.ɾʌ]
하면 된다고요,7,[ha.mjʌn.twen.ta.ko.jo],[ha.mjʌn.dwen.ta.go.jo]
강철 은행에,7,[kaŋ.tʃʰʌl.ɯn.hɛŋ.e],[gaŋ.tʃʰʌl.ɯn.hɛŋ.e]
하면 된대,7,[ha.mjʌn.twen.tɛ],[ha.mjʌn.dwen.tɛ]
내 신분증을,7,[nɛ.sim.pun.tʃɯŋ.ɯl],[nɛ.sim.pun.tʃɯŋ.ɯl]
봤을 때 나도,7,[pwat̚.ɯl.t͈ɛ.na.to],[bwat̚.ɯl.t͈ɛ.na.do]
하면 될지,7,[ha.mjʌn.twel.tʃi],[ha.mjʌn.dwel.tʃi]
하면 떠오르는,7,[ha.mjʌn.t͈ʌ.o.ɾɯ.nɯn],[ha.mjʌn.t͈ʌ.o.ɾɯ.nɯn]
혀를 뽑아 버릴,7,[hjʌ.ɾɯl.p͈op̚.a.pʌ.ɾil],[hjʌ.ɾɯl.p͈op̚.a.bʌ.ɾil]
곧 깨닫게,7,[kot̚.k͈ɛ.tat̚.ke],[got̚.k͈ɛ.dat̚.ke]
하면 말이지,7,[ha.mjʌn.mal.i.tʃi],[ha.mjʌn.mal.i.dʒi]
하면 말이죠,7,[ha.mjʌn.mal.i.tʃjo],[ha.mjʌn.mal.i.dʒjo]
하면 멈출,7,[ha.mjʌn.mʌn.tʃʰul],[ha.mjʌn.mʌn.tʃʰul]
법 아는,7,[pʌp̚.a.nɯn],[bʌp̚.a.nɯn]
법 배우고,7,[pʌp̚.pɛ.u.ko],[bʌp̚.bɛ.u.go]
법 아세요,7,[pʌp̚.a.se.jo],[bʌp̚.a.se.jo]
back out,7,,
하면 바보,7,[ha.mjʌm.pa.po],[ha.mjʌn.ba.bo]
곧 꺼내,7,[kot̚.k͈ʌ.nɛ],[got̚.k͈ʌ.nɛ]
하면 분명,7,[ha.mjʌm.pun.mjʌŋ],[ha.mjʌn.bun.mjʌŋ]
하면 보통,7,[ha.mjʌm.po.tʰoŋ],[ha.mjʌn.bo.tʰoŋ]
하면 상상도,7,[ha.mjʌn.saŋ.saŋ.to],[ha.mjʌn.saŋ.saŋ.do]
하면 살 수,7,[ha.mjʌn.sal.su],[ha.mjʌn.sal.su]
하면 상상도 못 할,7,[ha.mjʌn.saŋ.saŋ.to.mot̚.hal],[ha.mjʌn.saŋ.saŋ.do.mot̚.hal]
내 신호를 기다려요,7,[nɛ.sin.ho.ɾɯl.ki.ta.ɾjʌ.jo],[nɛ.sin.ho.ɾɯl.gi.da.ɾjʌ.jo]
하면 세,7,[ha.mjʌn.se],[ha.mjʌn.se]
법 좀 가르쳐,7,[pʌp̚.tʃom.ka.ɾɯ.tʃʰjʌ],[bʌp̚.dʒom.ga.ɾɯ.tʃʰjʌ]
법 집행관이에요,7,[pʌp̚.tʃip̚.hɛŋ.kwan.i.e.jo],[bʌp̚.dʒip̚.hɛŋ.gwan.i.e.jo]
내 실력으로,7,[nɛ.sil.ɾjʌk̚.ɯ.ɾo],[nɛ.sil.ɾjʌk̚.ɯ.ɾo]
하면 안 되겠지만,7,[ha.mjʌn.an.twe.ket̚.tʃi.man],[ha.mjʌn.an.dwe.get̚.tʃi.man]
하면 안 되는지,7,[ha.mjʌn.an.twe.nɯn.tʃi],[ha.mjʌn.an.dwe.nɯn.tʃi]
법 체계가,7,[pʌp̚.tʃʰe.kje.ka],[bʌp̚.tʃʰe.gje.ga]
내 실력은,7,[nɛ.sil.ɾjʌk̚.ɯn],[nɛ.sil.ɾjʌk̚.ɯn]
내 실수네,7,[nɛ.sil.su.ne],[nɛ.sil.su.ne]
현관 계단에,7,[hjʌŋ.kwaŋ.kje.tan.e],[hjʌŋ.kwan.gje.dan.e]
법대로 할,7,[pʌp̚.tɛ.ɾo.hal],[bʌp̚.tɛ.ɾo.hal]
been there since,7,,
내 실수다,7,[nɛ.sil.su.ta],[nɛ.sil.su.da]
법도 모르는,7,[pʌp̚.to.mo.ɾɯ.nɯn],[bʌp̚.to.mo.ɾɯ.nɯn]
하면 어디,7,[ha.mjʌn.ʌ.ti],[ha.mjʌn.ʌ.di]
감옥에 갇힐 거야,7,[kam.ok̚.e.kat̚.hil.kʌ.ja],[gam.ok̚.e.gat̚.hil.gʌ.ja]
하면 어때서,7,[ha.mjʌn.ʌ.t͈ɛ.sʌ],[ha.mjʌn.ʌ.t͈ɛ.sʌ]
하면 어떡하죠,7,[ha.mjʌn.ʌ.t͈ʌk̚.ha.tʃjo],[ha.mjʌn.ʌ.t͈ʌk̚.ha.dʒjo]
법도 배워야지,7,[pʌp̚.to.pɛ.wʌ.ja.tʃi],[bʌp̚.to.bɛ.wʌ.ja.dʒi]
하면 어떡할래,7,[ha.mjʌn.ʌ.t͈ʌk̚.hal.ɾɛ],[ha.mjʌn.ʌ.t͈ʌk̚.hal.ɾɛ]
하면 어떻게 되는,7,[ha.mjʌn.ʌ.t͈ʌt̚.ke.twe.nɯn],[ha.mjʌn.ʌ.t͈ʌt̚.ke.dwe.nɯn]
하면 어떻게 할,7,[ha.mjʌn.ʌ.t͈ʌt̚.ke.hal],[ha.mjʌn.ʌ.t͈ʌt̚.ke.hal]
친구 가자,7,[tʃʰiŋ.ku.ka.tʃa],[tʃʰiŋ.ku.ga.dʒa]
법령에 따라,7,[pʌp̚.ɾjʌŋ.e.t͈a.ɾa],[bʌp̚.ɾjʌŋ.e.t͈a.ɾa]
현금 다,7,[hjʌŋ.kɯn.ta],[hjʌŋ.kɯm.da]
관련 증거를,7,[kwal.ljʌn.tʃɯŋ.kʌ.ɾɯl],[gwal.ljʌn.dʒɯŋ.gʌ.ɾɯl]
하면 언젠가,7,[ha.mjʌn.ʌn.tʃeŋ.ka],[ha.mjʌn.ʌn.tʃeŋ.ka]
내 실제,7,[nɛ.sil.tʃe],[nɛ.sil.tʃe]
하면 연주하고,7,[ha.mjʌn.jʌn.tʃu.ha.ko],[ha.mjʌn.jʌn.tʃu.ha.go]
하면 연주하고 넌 이제,7,[ha.mjʌn.jʌn.tʃu.ha.ko.nʌn.i.tʃe],[ha.mjʌn.jʌn.tʃu.ha.go.nʌn.i.dʒe]
글쎄 파낸 건 없고,7,[kɯl.s͈e.pʰa.nɛŋ.kʌn.ʌp̚.ko],[gɯl.s͈e.pʰa.nɛn.gʌn.ʌp̚.ko]
법률 사무소입니다,7,[pʌp̚.ɾjul.sa.mu.so.ip̚.ni.ta],[bʌp̚.ɾjul.sa.mu.so.ip̚.ni.da]
내 실험실을,7,[nɛ.sil.hʌm.sil.ɯl],[nɛ.sil.hʌm.sil.ɯl]
하면 우리 둘 다,7,[ha.mjʌn.u.ɾi.tul.ta],[ha.mjʌn.u.ɾi.dul.da]
하면 우리 둘,7,[ha.mjʌn.u.ɾi.tul],[ha.mjʌn.u.ɾi.dul]
법률 자문을,7,[pʌp̚.ɾjul.tʃa.mun.ɯl],[bʌp̚.ɾjul.dʒa.mun.ɯl]
내가 사실은,7,[nɛ.ka.sa.sil.ɯn],[nɛ.ga.sa.sil.ɯn]
법률 회사가,7,[pʌp̚.ɾjul.hwe.sa.ka],[bʌp̚.ɾjul.hwe.sa.ga]
법률 회사에서,7,[pʌp̚.ɾjul.hwe.sa.e.sʌ],[bʌp̚.ɾjul.hwe.sa.e.sʌ]
이런 살인,7,[i.ɾʌn.sal.in],[i.ɾʌn.sal.in]
하면 이거,7,[ha.mjʌn.i.kʌ],[ha.mjʌn.i.gʌ]
현금 흐름,7,[hjʌŋ.kɯm.hɯ.ɾɯm],[hjʌŋ.kɯm.hɯ.ɾɯm]
하면 이길 수,7,[ha.mjʌn.i.kil.su],[ha.mjʌn.i.gil.su]
현관에 앉아서,7,[hjʌŋ.kwan.e.an.a.sʌ],[hjʌŋ.kwan.e.an.a.sʌ]
하면 이렇게 되는,7,[ha.mjʌn.i.ɾʌt̚.ke.twe.nɯn],[ha.mjʌn.i.ɾʌt̚.ke.dwe.nɯn]
법무 장관,7,[pʌp̚.mu.tʃaŋ.kwan],[bʌp̚.mu.dʒaŋ.gwan]
법무부 범죄수사국,7,[pʌp̚.mu.pu.pʌn.tʃwe.su.sa.kuk̚],[bʌp̚.mu.bu.bʌn.tʃwe.su.sa.guk̚]
over me,7,,
관련 파일,7,[kwal.ljʌm.pʰa.il],[gwal.ljʌm.pʰa.il]
현금만 받아요,7,[hjʌŋ.kɯm.mam.pat̚.a.jo],[hjʌŋ.kɯm.man.bat̚.a.jo]
현금으로 바꿔,7,[hjʌŋ.kɯm.ɯ.ɾo.pa.k͈wʌ],[hjʌŋ.kɯm.ɯ.ɾo.ba.k͈wʌ]
현금으로 안,7,[hjʌŋ.kɯm.ɯ.ɾo.an],[hjʌŋ.kɯm.ɯ.ɾo.an]
하면 절,7,[ha.mjʌn.tʃʌl],[ha.mjʌn.dʒʌl]
현금으로 줘,7,[hjʌŋ.kɯm.ɯ.ɾo.tʃwʌ],[hjʌŋ.kɯm.ɯ.ɾo.dʒwʌ]
법안 통과,7,[pʌp̚.an.tʰoŋ.kwa],[bʌp̚.an.tʰoŋ.gwa]
감옥에 갈 것이다,7,[kam.ok̚.e.kal.kʌt̚.i.ta],[gam.ok̚.e.gal.gʌt̚.i.da]
법안 통과를,7,[pʌp̚.an.tʰoŋ.kwa.ɾɯl],[bʌp̚.an.tʰoŋ.gwa.ɾɯl]
하면 좋겠나,7,[ha.mjʌn.tʃot̚.ket̚.na],[ha.mjʌn.dʒot̚.ket̚.na]
내 심장이 뛰는,7,[nɛ.sin.tʃaŋ.i.t͈wi.nɯn],[nɛ.sin.tʃaŋ.i.t͈wi.nɯn]
하면 좋겠지만,7,[ha.mjʌn.tʃot̚.ket̚.tʃi.man],[ha.mjʌn.dʒot̚.ket̚.tʃi.man]
현금으로 지불했고요,7,[hjʌŋ.kɯm.ɯ.ɾo.tʃi.pul.hɛt̚.ko.jo],[hjʌŋ.kɯm.ɯ.ɾo.dʒi.bul.hɛt̚.ko.jo]
하면 좋아할,7,[ha.mjʌn.tʃot̚.a.hal],[ha.mjʌn.dʒot̚.a.hal]
하면 좋을 텐데,7,[ha.mjʌn.tʃot̚.ɯl.tʰen.te],[ha.mjʌn.dʒot̚.ɯl.tʰen.te]
현금을 많이,7,[hjʌŋ.kɯm.ɯl.man.i],[hjʌŋ.kɯm.ɯl.man.i]
곧 나갈게요,7,[kot̚.na.kal.ke.jo],[got̚.na.gal.ke.jo]
봤자 내,7,[pwat̚.tʃa.nɛ],[bwat̚.tʃa.nɛ]
하면 죽는,7,[ha.mjʌn.tʃuk̚.nɯn],[ha.mjʌn.dʒuk̚.nɯn]
하면 큰,7,[ha.mjʌŋ.kʰɯn],[ha.mjʌŋ.kʰɯn]
감옥에 갈 수 있어,7,[kam.ok̚.e.kal.su.it̚.ʌ],[gam.ok̚.e.gal.su.it̚.ʌ]
법에 의하면,7,[pʌp̚.e.ɯi.ha.mjʌn],[bʌp̚.e.ɯi.ha.mjʌn]
하면서 그리고,7,[ha.mjʌn.sʌ.kɯ.ɾi.ko],[ha.mjʌn.sʌ.gɯ.ɾi.go]
하면서 그런,7,[ha.mjʌn.sʌ.kɯ.ɾʌn],[ha.mjʌn.sʌ.gɯ.ɾʌn]
또 옷을,7,[t͈o.ot̚.ɯl],[t͈o.ot̚.ɯl]
하면서 다른,7,[ha.mjʌn.sʌ.ta.ɾɯn],[ha.mjʌn.sʌ.da.ɾɯn]
내 아가야,7,[nɛ.a.ka.ja],[nɛ.a.ga.ja]
하면서 알게,7,[ha.mjʌn.sʌ.al.ke],[ha.mjʌn.sʌ.al.ke]
법원이 결정할,7,[pʌp̚.wʌn.i.kjʌl.tʃʌŋ.hal],[bʌp̚.wʌn.i.gjʌl.tʃʌŋ.hal]
하면서 얼마나,7,[ha.mjʌn.sʌ.ʌl.ma.na],[ha.mjʌn.sʌ.ʌl.ma.na]
하면서 우리,7,[ha.mjʌn.sʌ.u.ɾi],[ha.mjʌn.sʌ.u.ɾi]
내 아기는 어디,7,[nɛ.a.ki.nɯn.ʌ.ti],[nɛ.a.gi.nɯn.ʌ.di]
내가 사진에서 본 것,7,[nɛ.ka.sa.tʃin.e.sʌ.poŋ.kʌt̚],[nɛ.ga.sa.dʒin.e.sʌ.bon.gʌt̚]
법은 어디서,7,[pʌp̚.ɯn.ʌ.ti.sʌ],[bʌp̚.ɯn.ʌ.di.sʌ]
하면서 축하하면 어때,7,[ha.mjʌn.sʌ.tʃʰuk̚.ha.ha.mjʌn.ʌ.t͈ɛ],[ha.mjʌn.sʌ.tʃʰuk̚.ha.ha.mjʌn.ʌ.t͈ɛ]
내 아기라고,7,[nɛ.a.ki.ɾa.ko],[nɛ.a.gi.ɾa.go]
내 아기들,7,[nɛ.a.ki.tɯl],[nɛ.a.gi.dɯl]
봤잖아 그는,7,[pwat̚.tʃan.a.kɯ.nɯn],[bwat̚.tʃan.a.gɯ.nɯn]
관련돼 있을,7,[kwal.ljʌn.twɛ.it̚.ɯl],[gwal.ljʌn.twɛ.it̚.ɯl]
내 아기에게,7,[nɛ.a.ki.e.ke],[nɛ.a.gi.e.ge]
하비 덴트,7,[ha.pi.ten.tʰɯ],[ha.bi.den.tʰɯ]
현명한 분이군요,7,[hjʌn.mjʌŋ.ham.pun.i.kun.jo],[hjʌn.mjʌŋ.han.bun.i.gun.jo]
법을 가르쳐 줄,7,[pʌp̚.ɯl.ka.ɾɯ.tʃʰjʌ.tʃul],[bʌp̚.ɯl.ga.ɾɯ.tʃʰjʌ.dʒul]
법을 가르쳐 줬어요,7,[pʌp̚.ɯl.ka.ɾɯ.tʃʰjʌ.tʃwʌt̚.ʌ.jo],[bʌp̚.ɯl.ga.ɾɯ.tʃʰjʌ.dʒwʌt̚.ʌ.jo]
법을 가르쳐주지,7,[pʌp̚.ɯl.ka.ɾɯ.tʃʰjʌ.tʃu.tʃi],[bʌp̚.ɯl.ga.ɾɯ.tʃʰjʌ.dʒu.dʒi]
곧 나와,7,[kot̚.na.wa],[got̚.na.wa]
하산 lrm,7,[ha.san],[ha.san]
법을 가르쳐줬지,7,[pʌp̚.ɯl.ka.ɾɯ.tʃʰjʌ.tʃwʌt̚.tʃi],[bʌp̚.ɯl.ga.ɾɯ.tʃʰjʌ.dʒwʌt̚.tʃi]
하선의 멋쩍은,7,[ha.sʌn.ɯi.mʌt̚.tʃ͈ʌk̚.ɯn],[ha.sʌn.ɯi.mʌt̚.tʃ͈ʌk̚.ɯn]
관련됐다는 걸,7,[kwal.ljʌn.twɛt̚.ta.nɯŋ.kʌl],[gwal.ljʌn.twɛt̚.ta.nɯn.gʌl]
현명한 일일까요,7,[hjʌn.mjʌŋ.han.il.il.k͈a.jo],[hjʌn.mjʌŋ.han.il.il.k͈a.jo]
현명한 여자야,7,[hjʌn.mjʌŋ.han.jʌ.tʃa.ja],[hjʌn.mjʌŋ.han.jʌ.dʒa.ja]
내 아내가 밖에,7,[nɛ.a.nɛ.ka.pak̚.e],[nɛ.a.nɛ.ga.bak̚.e]
법을 만들겠지,7,[pʌp̚.ɯl.man.tɯl.ket̚.tʃi],[bʌp̚.ɯl.man.tɯl.ket̚.tʃi]
내 아내가 아니야,7,[nɛ.a.nɛ.ka.a.ni.ja],[nɛ.a.nɛ.ga.a.ni.ja]
현명한 조언 감사하네요 둘,7,[hjʌn.mjʌŋ.han.tʃo.ʌŋ.kam.sa.ha.ne.jo.tul],[hjʌn.mjʌŋ.han.dʒo.ʌn.gam.sa.ha.ne.jo.dul]
법을 만들겠지 파스퀴나,7,[pʌp̚.ɯl.man.tɯl.ket̚.tʃi.pʰa.sɯ.kʰwi.na],[bʌp̚.ɯl.man.tɯl.ket̚.tʃi.pʰa.sɯ.kʰwi.na]
법을 모르겠어,7,[pʌp̚.ɯl.mo.ɾɯ.ket̚.ʌ],[bʌp̚.ɯl.mo.ɾɯ.get̚.ʌ]
하세요 날,7,[ha.se.jo.nal],[ha.se.jo.nal]
현발의 아파하는 신음,7,[hjʌm.pal.ɯi.a.pʰa.ha.nɯn.sin.ɯm],[hjʌm.pal.ɯi.a.pʰa.ha.nɯn.sin.ɯm]
하세요 당신,7,[ha.se.jo.taŋ.sin],[ha.se.jo.daŋ.sin]
하세요 당신이,7,[ha.se.jo.taŋ.sin.i],[ha.se.jo.daŋ.sin.i]
내 아내는 죽었어,7,[nɛ.a.nɛ.nɯn.tʃuk̚.ʌt̚.ʌ],[nɛ.a.nɛ.nɯn.dʒuk̚.ʌt̚.ʌ]
또 울 거예요,7,[t͈o.ul.kʌ.je.jo],[t͈o.ul.gʌ.je.jo]
하세요 먼저,7,[ha.se.jo.mʌn.tʃʌ],[ha.se.jo.mʌn.tʃʌ]
법을 배우는 거지,7,[pʌp̚.ɯl.pɛ.u.nɯŋ.kʌ.tʃi],[bʌp̚.ɯl.bɛ.u.nɯn.gʌ.dʒi]
이런 속담이 있어요,7,[i.ɾʌn.sok̚.tam.i.it̚.ʌ.jo],[i.ɾʌn.sok̚.tam.i.it̚.ʌ.jo]
감옥에 갈지도 몰라,7,[kam.ok̚.e.kal.tʃi.to.mol.ɾa],[gam.ok̚.e.gal.tʃi.do.mol.ɾa]
하세요 알겠어요,7,[ha.se.jo.al.ket̚.ʌ.jo],[ha.se.jo.al.ket̚.ʌ.jo]
봤잖아요 내,7,[pwat̚.tʃan.a.jo.nɛ],[bwat̚.tʃan.a.jo.nɛ]
법을 배워야 돼,7,[pʌp̚.ɯl.pɛ.wʌ.ja.twɛ],[bʌp̚.ɯl.bɛ.wʌ.ja.dwɛ]
하세요 이건,7,[ha.se.jo.i.kʌn],[ha.se.jo.i.gʌn]
곧 내려갈게,7,[kot̚.nɛ.ɾjʌ.kal.ke],[got̚.nɛ.ɾjʌ.gal.ke]
현상에 대한,7,[hjʌn.saŋ.e.tɛ.han],[hjʌn.saŋ.e.dɛ.han]
하세요 젠장,7,[ha.se.jo.tʃen.tʃaŋ],[ha.se.jo.dʒen.tʃaŋ]
하세요 한,7,[ha.se.jo.han],[ha.se.jo.han]
내가 살기 위해,7,[nɛ.ka.sal.ki.wi.hɛ],[nɛ.ga.sal.ki.wi.hɛ]
하셔도 알아요,7,[ha.sjʌ.to.al.a.jo],[ha.sjʌ.do.al.a.jo]
하셔서 그냥,7,[ha.sjʌ.sʌ.kɯ.njaŋ],[ha.sjʌ.sʌ.gɯ.njaŋ]
하셔야 되요,7,[ha.sjʌ.ja.twe.jo],[ha.sjʌ.ja.dwe.jo]
하셔야 되는,7,[ha.sjʌ.ja.twe.nɯn],[ha.sjʌ.ja.dwe.nɯn]
곧 너,7,[kot̚.nʌ],[got̚.nʌ]
하셔야 할 거,7,[ha.sjʌ.ja.hal.kʌ],[ha.sjʌ.ja.hal.gʌ]
내 아내와 딸이,7,[nɛ.a.nɛ.wa.t͈al.i],[nɛ.a.nɛ.wa.t͈al.i]
곧 너도,7,[kot̚.nʌ.to],[got̚.nʌ.do]
현수가 숨을,7,[hjʌn.su.ka.sum.ɯl],[hjʌn.su.ga.sum.ɯl]
법을 알아냈어,7,[pʌp̚.ɯl.al.a.nɛt̚.ʌ],[bʌp̚.ɯl.al.a.nɛt̚.ʌ]
내 아내이자,7,[nɛ.a.nɛ.i.tʃa],[nɛ.a.nɛ.i.dʒa]
법을 알았죠,7,[pʌp̚.ɯl.al.at̚.tʃjo],[bʌp̚.ɯl.al.at̚.tʃjo]
봤지 그게,7,[pwat̚.tʃi.kɯ.ke],[bwat̚.tʃi.gɯ.ge]
하셨어 그,7,[ha.sjʌt̚.ʌ.kɯ],[ha.sjʌt̚.ʌ.gɯ]
법을 어겼기에 이곳에,7,[pʌp̚.ɯl.ʌ.kjʌt̚.ki.e.i.kot̚.e],[bʌp̚.ɯl.ʌ.gjʌt̚.ki.e.i.got̚.e]
법을 어겼기에,7,[pʌp̚.ɯl.ʌ.kjʌt̚.ki.e],[bʌp̚.ɯl.ʌ.gjʌt̚.ki.e]
하셨어요 그,7,[ha.sjʌt̚.ʌ.jo.kɯ],[ha.sjʌt̚.ʌ.jo.gɯ]
법을 어겼기에 이곳에 왔다,7,[pʌp̚.ɯl.ʌ.kjʌt̚.ki.e.i.kot̚.e.wat̚.ta],[bʌp̚.ɯl.ʌ.gjʌt̚.ki.e.i.got̚.e.wat̚.ta]
하셨어요 그렇게,7,[ha.sjʌt̚.ʌ.jo.kɯ.ɾʌt̚.ke],[ha.sjʌt̚.ʌ.jo.gɯ.ɾʌt̚.ke]
하셨어요 내가,7,[ha.sjʌt̚.ʌ.jo.nɛ.ka],[ha.sjʌt̚.ʌ.jo.nɛ.ga]
하셨어요 한,7,[ha.sjʌt̚.ʌ.jo.han],[ha.sjʌt̚.ʌ.jo.han]
법을 어기면 안,7,[pʌp̚.ɯl.ʌ.ki.mjʌn.an],[bʌp̚.ɯl.ʌ.gi.mjʌn.an]
하셨을 것,7,[ha.sjʌt̚.ɯl.kʌt̚],[ha.sjʌt̚.ɯl.gʌt̚]
내가 살려면,7,[nɛ.ka.sal.ɾjʌ.mjʌn],[nɛ.ga.sal.ɾjʌ.mjʌn]
하셨잖아요 그랬죠,7,[ha.sjʌt̚.tʃan.a.jo.kɯ.ɾɛt̚.tʃjo],[ha.sjʌt̚.tʃan.a.jo.gɯ.ɾɛt̚.tʃjo]
내 아들 건드리지,7,[nɛ.a.tɯl.kʌn.tɯ.ɾi.tʃi],[nɛ.a.dɯl.gʌn.tɯ.ɾi.dʒi]
하셨잖아요 안,7,[ha.sjʌt̚.tʃan.a.jo.an],[ha.sjʌt̚.tʃan.a.jo.an]
하셨잖아요 이제,7,[ha.sjʌt̚.tʃan.a.jo.i.tʃe],[ha.sjʌt̚.tʃan.a.jo.i.dʒe]
현실 샤우트 잇,7,[hjʌn.sil.sja.u.tʰɯ.it̚],[hjʌn.sil.sja.u.tʰɯ.it̚]
하셨죠 그래,7,[ha.sjʌt̚.tʃjo.kɯ.ɾɛ],[ha.sjʌt̚.tʃjo.gɯ.ɾɛ]
하셨죠 그럼,7,[ha.sjʌt̚.tʃjo.kɯ.ɾʌm],[ha.sjʌt̚.tʃjo.gɯ.ɾʌm]
하셨죠 내가,7,[ha.sjʌt̚.tʃjo.nɛ.ka],[ha.sjʌt̚.tʃjo.nɛ.ga]
현실 속에서,7,[hjʌn.sil.sok̚.e.sʌ],[hjʌn.sil.sok̚.e.sʌ]
하셨죠 이,7,[ha.sjʌt̚.tʃjo.i],[ha.sjʌt̚.tʃjo.i]
법의 심판을 받게 될,7,[pʌp̚.ɯi.sim.pʰan.ɯl.pat̚.ke.twel],[bʌp̚.ɯi.sim.pʰan.ɯl.bat̚.ke.dwel]
내 아들 어디 있어,7,[nɛ.a.tɯl.ʌ.ti.it̚.ʌ],[nɛ.a.dɯl.ʌ.di.it̚.ʌ]
하셨지만 전,7,[ha.sjʌt̚.tʃi.man.tʃʌn],[ha.sjʌt̚.tʃi.man.dʒʌn]
내 아들 죽인,7,[nɛ.a.tɯl.tʃuk̚.in],[nɛ.a.dɯl.dʒuk̚.in]
현실로 만들어,7,[hjʌn.sil.ɾo.man.tɯl.ʌ],[hjʌn.sil.ɾo.man.tɯl.ʌ]
하시네 난,7,[ha.si.ne.nan],[ha.si.ne.nan]
하시네요 이,7,[ha.si.ne.jo.i],[ha.si.ne.jo.i]
하시네요 네,7,[ha.si.ne.jo.ne],[ha.si.ne.jo.ne]
하시네요 제가,7,[ha.si.ne.jo.tʃe.ka],[ha.si.ne.jo.dʒe.ga]
하시는 건데요,7,[ha.si.nɯŋ.kʌn.te.jo],[ha.si.nɯn.gʌn.te.jo]
감옥에 넣어,7,[kam.ok̚.e.nʌt̚.ʌ],[gam.ok̚.e.nʌt̚.ʌ]
하시는 것 같네요,7,[ha.si.nɯŋ.kʌt̚.kat̚.ne.jo],[ha.si.nɯn.gʌt̚.gat̚.ne.jo]
하시는 것도,7,[ha.si.nɯŋ.kʌt̚.to],[ha.si.nɯn.gʌt̚.to]
하시는 것 같은데,7,[ha.si.nɯŋ.kʌt̚.kat̚.ɯn.te],[ha.si.nɯn.gʌt̚.gat̚.ɯn.te]
하시는 군요,7,[ha.si.nɯŋ.kun.jo],[ha.si.nɯn.gun.jo]
현실을 다시 쓸,7,[hjʌn.sil.ɯl.ta.si.s͈ɯl],[hjʌn.sil.ɯl.da.si.s͈ɯl]
법이 없고,7,[pʌp̚.i.ʌp̚.ko],[bʌp̚.i.ʌp̚.ko]
곧 다시 만나게 될,7,[kot̚.ta.si.man.na.ke.twel],[got̚.da.si.man.na.ge.dwel]
법이 없는,7,[pʌp̚.i.ʌp̚.nɯn],[bʌp̚.i.ʌp̚.nɯn]
현실을 외면하고,7,[hjʌn.sil.ɯl.we.mjʌn.ha.ko],[hjʌn.sil.ɯl.we.mjʌn.ha.go]
법이 있는,7,[pʌp̚.i.it̚.nɯn],[bʌp̚.i.it̚.nɯn]
현실을 부정하는,7,[hjʌn.sil.ɯl.pu.tʃʌŋ.ha.nɯn],[hjʌn.sil.ɯl.bu.dʒʌŋ.ha.nɯn]
하시면 되죠,7,[ha.si.mjʌn.twe.tʃjo],[ha.si.mjʌn.dwe.dʒjo]
관련된 거죠,7,[kwal.ljʌn.tweŋ.kʌ.tʃjo],[gwal.ljʌn.twen.gʌ.dʒjo]
감옥에 넣었어요,7,[kam.ok̚.e.nʌt̚.ʌt̚.ʌ.jo],[gam.ok̚.e.nʌt̚.ʌt̚.ʌ.jo]
하시오 하지만,7,[ha.si.o.ha.tʃi.man],[ha.si.o.ha.dʒi.man]
하시죠 네,7,[ha.si.tʃjo.ne],[ha.si.dʒjo.ne]
법이야 내가,7,[pʌp̚.i.ja.nɛ.ka],[bʌp̚.i.ja.nɛ.ga]
하시죠 하지만,7,[ha.si.tʃjo.ha.tʃi.man],[ha.si.dʒjo.ha.dʒi.man]
현실의 거울이고,7,[hjʌn.sil.ɯi.kʌ.ul.i.ko],[hjʌn.sil.ɯi.gʌ.ul.i.go]
내 아들요,7,[nɛ.a.tɯl.jo],[nɛ.a.dɯl.jo]
법이야 하지만,7,[pʌp̚.i.ja.ha.tʃi.man],[bʌp̚.i.ja.ha.dʒi.man]
감옥에 넣은,7,[kam.ok̚.e.nʌt̚.ɯn],[gam.ok̚.e.nʌt̚.ɯn]
하신 건데,7,[ha.siŋ.kʌn.te],[ha.sin.gʌn.te]
뵈는 것도,7,[pwe.nɯŋ.kʌt̚.to],[bwe.nɯn.gʌt̚.to]
법이지 내,7,[pʌp̚.i.tʃi.nɛ],[bʌp̚.i.dʒi.nɛ]
법이지 내가,7,[pʌp̚.i.tʃi.nɛ.ka],[bʌp̚.i.dʒi.nɛ.ga]
감옥에 넣을 수,7,[kam.ok̚.e.nʌt̚.ɯl.su],[gam.ok̚.e.nʌt̚.ɯl.su]
법이지 이,7,[pʌp̚.i.tʃi.i],[bʌp̚.i.dʒi.i]
뵈러 가는,7,[pwe.ɾʌ.ka.nɯn],[bwe.ɾʌ.ga.nɯn]
법인 카드,7,[pʌp̚.iŋ.kʰa.tɯ],[bʌp̚.iŋ.kʰa.dɯ]
하신 말씀도,7,[ha.sin.mal.s͈ɯn.to],[ha.sin.mal.s͈ɯn.to]
내 아들을 다시,7,[nɛ.a.tɯl.ɯl.ta.si],[nɛ.a.dɯl.ɯl.da.si]
현실이 어떤지,7,[hjʌn.sil.i.ʌ.t͈ʌn.tʃi],[hjʌn.sil.i.ʌ.t͈ʌn.tʃi]
하신 일이,7,[ha.sin.il.i],[ha.sin.il.i]
현실적으로 생각해봐,7,[hjʌn.sil.tʃʌk̚.ɯ.ɾo.sɛŋ.kak̚.hɛ.pwa],[hjʌn.sil.tʃʌk̚.ɯ.ɾo.sɛŋ.gak̚.hɛ.bwa]
하신 지,7,[ha.sin.tʃi],[ha.sin.dʒi]
하실 거라고,7,[ha.sil.kʌ.ɾa.ko],[ha.sil.gʌ.ɾa.go]
back to the ship,7,,
관련된 겁니다,7,[kwal.ljʌn.tweŋ.kʌp̚.ni.ta],[gwal.ljʌn.twen.gʌp̚.ni.da]
내 아들을 볼 수,7,[nɛ.a.tɯl.ɯl.pol.su],[nɛ.a.dɯl.ɯl.bol.su]
하실 건지,7,[ha.sil.kʌn.tʃi],[ha.sil.gʌn.tʃi]
법적 조치를,7,[pʌp̚.tʃʌk̚.tʃo.tʃʰi.ɾɯl],[bʌp̚.tʃʌk̚.dʒo.tʃʰi.ɾɯl]
뵈러 왔어,7,[pwe.ɾʌ.wat̚.ʌ],[bwe.ɾʌ.wat̚.ʌ]
하실 것 같아서요,7,[ha.sil.kʌt̚.kat̚.a.sʌ.jo],[ha.sil.gʌt̚.gat̚.a.sʌ.jo]
곧 대학에 갈,7,[kot̚.tɛ.hak̚.e.kal],[got̚.dɛ.hak̚.e.gal]
하실 말씀 없습니까,7,[ha.sil.mal.s͈ɯm.ʌp̚.sɯp̚.ni.k͈a],[ha.sil.mal.s͈ɯm.ʌp̚.sɯp̚.ni.k͈a]
현실로 만드는,7,[hjʌn.sil.ɾo.man.tɯ.nɯn],[hjʌn.sil.ɾo.man.tɯ.nɯn]
법적인 문제에,7,[pʌp̚.tʃʌk̚.in.mun.tʃe.e],[bʌp̚.tʃʌk̚.in.mun.tʃe.e]
하실 말씀이 있나요,7,[ha.sil.mal.s͈ɯm.i.it̚.na.jo],[ha.sil.mal.s͈ɯm.i.it̚.na.jo]
법적인 문제를,7,[pʌp̚.tʃʌk̚.in.mun.tʃe.ɾɯl],[bʌp̚.tʃʌk̚.in.mun.tʃe.ɾɯl]
내가 살아있던,7,[nɛ.ka.sal.a.it̚.tʌn],[nɛ.ga.sal.a.it̚.tʌn]
뵈어 영광입니다,7,[pwe.ʌ.jʌŋ.kwaŋ.ip̚.ni.ta],[bwe.ʌ.jʌŋ.gwaŋ.ip̚.ni.da]
내가 살이,7,[nɛ.ka.sal.i],[nɛ.ga.sal.i]
하실 분이,7,[ha.sil.pun.i],[ha.sil.bun.i]
하실 수가,7,[ha.sil.su.ka],[ha.sil.su.ga]
법정 밖으로,7,[pʌp̚.tʃʌm.pak̚.ɯ.ɾo],[bʌp̚.tʃʌŋ.bak̚.ɯ.ɾo]
하실 테니,7,[ha.sil.tʰe.ni],[ha.sil.tʰe.ni]
하실 테니까,7,[ha.sil.tʰe.ni.k͈a],[ha.sil.tʰe.ni.k͈a]
하실까 봐,7,[ha.sil.k͈a.pwa],[ha.sil.k͈a.bwa]
법정 최고형을,7,[pʌp̚.tʃʌŋ.tʃʰwe.ko.hjʌŋ.ɯl],[bʌp̚.tʃʌŋ.tʃʰwe.go.hjʌŋ.ɯl]
하야시 선생님이,7,[ha.ja.si.sʌn.sɛŋ.nim.i],[ha.ja.si.sʌn.sɛŋ.nim.i]
하야시 선생님께,7,[ha.ja.si.sʌn.sɛŋ.nim.k͈e],[ha.ja.si.sʌn.sɛŋ.nim.k͈e]
현장 근무,7,[hjʌn.tʃaŋ.kɯn.mu],[hjʌn.tʃaŋ.gɯn.mu]
하얀 건,7,[ha.jaŋ.kʌn],[ha.jan.gʌn]
법정에 갈 거야,7,[pʌp̚.tʃʌŋ.e.kal.kʌ.ja],[bʌp̚.tʃʌŋ.e.gal.gʌ.ja]
하얀 눈을 가진,7,[ha.jan.nun.ɯl.ka.tʃin],[ha.jan.nun.ɯl.ga.dʒin]
현장 사진에서,7,[hjʌn.tʃaŋ.sa.tʃin.e.sʌ],[hjʌn.tʃaŋ.sa.dʒin.e.sʌ]
곧 도착할거야,7,[kot̚.to.tʃʰak̚.hal.kʌ.ja],[got̚.do.tʃʰak̚.hal.kʌ.ja]
하얀 옷,7,[ha.jan.ot̚],[ha.jan.ot̚]
이런 얘기하기 싫을지,7,[i.ɾʌn.jɛ.ki.ha.ki.sil.ɯl.tʃi],[i.ɾʌn.jɛ.gi.ha.gi.sil.ɯl.tʃi]
법정에 출두할,7,[pʌp̚.tʃʌŋ.e.tʃʰul.tu.hal],[bʌp̚.tʃʌŋ.e.tʃʰul.tu.hal]
현장 출입 금지,7,[hjʌn.tʃaŋ.tʃʰul.ip̚.kɯn.tʃi],[hjʌn.tʃaŋ.tʃʰul.ip̚.gɯn.tʃi]
하오 그,7,[ha.o.kɯ],[ha.o.gɯ]
법정에서 본,7,[pʌp̚.tʃʌŋ.e.sʌ.pon],[bʌp̚.tʃʌŋ.e.sʌ.bon]
하와이에 사는,7,[ha.wa.i.e.sa.nɯn],[ha.wa.i.e.sa.nɯn]
하우스 음악,7,[ha.u.sɯ.ɯm.ak̚],[ha.u.sɯ.ɯm.ak̚]
감옥에 보내,7,[kam.ok̚.e.po.nɛ],[gam.ok̚.e.bo.nɛ]
하워드 스타크가,7,[ha.wʌ.tɯ.sɯ.tʰa.kʰɯ.ka],[ha.wʌ.dɯ.sɯ.tʰa.kʰɯ.ga]
내 아들이라면,7,[nɛ.a.tɯl.i.ɾa.mjʌn],[nɛ.a.dɯl.i.ɾa.mjʌn]
법정에서 쓸,7,[pʌp̚.tʃʌŋ.e.sʌ.s͈ɯl],[bʌp̚.tʃʌŋ.e.sʌ.s͈ɯl]
관련된 것이 아닌 주로,7,[kwal.ljʌn.tweŋ.kʌt̚.i.a.nin.tʃu.ɾo],[gwal.ljʌn.twen.gʌt̚.i.a.nin.dʒu.ɾo]
법정에서 처음,7,[pʌp̚.tʃʌŋ.e.sʌ.tʃʰʌ.ɯm],[bʌp̚.tʃʌŋ.e.sʌ.tʃʰʌ.ɯm]
법정에서 증언해야,7,[pʌp̚.tʃʌŋ.e.sʌ.tʃɯŋ.ʌn.hɛ.ja],[bʌp̚.tʃʌŋ.e.sʌ.dʒɯŋ.ʌn.hɛ.ja]
법정으로 끌고,7,[pʌp̚.tʃʌŋ.ɯ.ɾo.k͈ɯl.ko],[bʌp̚.tʃʌŋ.ɯ.ɾo.k͈ɯl.ko]
법정이 아닙니다,7,[pʌp̚.tʃʌŋ.i.a.nip̚.ni.ta],[bʌp̚.tʃʌŋ.i.a.nip̚.ni.da]
하이드라 부인,7,[ha.i.tɯ.ɾa.pu.in],[ha.i.dɯ.ɾa.bu.in]
내가 상관할 바가 아니지,7,[nɛ.ka.saŋ.kwan.hal.pa.ka.a.ni.tʃi],[nɛ.ga.saŋ.gwan.hal.ba.ga.a.ni.dʒi]
하이럼 로지의,7,[ha.i.ɾʌm.ɾo.tʃi.ɯi],[ha.i.ɾʌm.ɾo.dʒi.ɯi]
내 아들한테 무슨,7,[nɛ.a.tɯl.han.tʰe.mu.sɯn],[nɛ.a.dɯl.han.tʰe.mu.sɯn]
법한 걸,7,[pʌp̚.haŋ.kʌl],[bʌp̚.han.gʌl]
내 아들한테 한,7,[nɛ.a.tɯl.han.tʰe.han],[nɛ.a.dɯl.han.tʰe.han]
벗겨 줄,7,[pʌt̚.kjʌ.tʃul],[bʌt̚.kjʌ.dʒul]
하자 고마워,7,[ha.tʃa.ko.ma.wʌ],[ha.dʒa.go.ma.wʌ]
벗겨버릴 거야,7,[pʌt̚.kjʌ.pʌ.ɾil.kʌ.ja],[bʌt̚.kjʌ.bʌ.ɾil.gʌ.ja]
내 아무리,7,[nɛ.a.mu.ɾi],[nɛ.a.mu.ɾi]
내가 상대할게,7,[nɛ.ka.saŋ.tɛ.hal.ke],[nɛ.ga.saŋ.dɛ.hal.ke]
하자 근데,7,[ha.tʃa.kɯn.te],[ha.dʒa.gɯn.te]
현장에서 당신을,7,[hjʌn.tʃaŋ.e.sʌ.taŋ.sin.ɯl],[hjʌn.tʃaŋ.e.sʌ.daŋ.sin.ɯl]
현장에서 도망치는,7,[hjʌn.tʃaŋ.e.sʌ.to.maŋ.tʃʰi.nɯn],[hjʌn.tʃaŋ.e.sʌ.do.maŋ.tʃʰi.nɯn]
내 아버지가 아냐,7,[nɛ.a.pʌ.tʃi.ka.a.nja],[nɛ.a.bʌ.dʒi.ga.a.nja]
하자 너희,7,[ha.tʃa.nʌ.hɯi],[ha.dʒa.nʌ.hɯi]
현장에서 그리고,7,[hjʌn.tʃaŋ.e.sʌ.kɯ.ɾi.ko],[hjʌn.tʃaŋ.e.sʌ.gɯ.ɾi.go]
하자 누가,7,[ha.tʃa.nu.ka],[ha.dʒa.nu.ga]
하자 다,7,[ha.tʃa.ta],[ha.dʒa.da]
벗고 있으면,7,[pʌt̚.ko.it̚.ɯ.mjʌn],[bʌt̚.ko.it̚.ɯ.mjʌn]
내 아버지고,7,[nɛ.a.pʌ.tʃi.ko],[nɛ.a.bʌ.dʒi.go]
이런 우울한,7,[i.ɾʌn.u.ul.han],[i.ɾʌn.u.ul.han]
현장에서 뭘,7,[hjʌn.tʃaŋ.e.sʌ.mwʌl],[hjʌn.tʃaŋ.e.sʌ.mwʌl]
감옥에 보낼 거야,7,[kam.ok̚.e.po.nɛl.kʌ.ja],[gam.ok̚.e.bo.nɛl.gʌ.ja]
내가 상사예요,7,[nɛ.ka.saŋ.sa.je.jo],[nɛ.ga.saŋ.sa.je.jo]
하자 먼저,7,[ha.tʃa.mʌn.tʃʌ],[ha.dʒa.mʌn.tʃʌ]
벗기는 걸,7,[pʌt̚.ki.nɯŋ.kʌl],[bʌt̚.ki.nɯn.gʌl]
뵙는 것,7,[pwep̚.nɯŋ.kʌt̚],[bwep̚.nɯn.gʌt̚]
내가 상상조차,7,[nɛ.ka.saŋ.saŋ.tʃo.tʃʰa],[nɛ.ga.saŋ.saŋ.dʒo.tʃʰa]
하자 안 돼,7,[ha.tʃa.an.twɛ],[ha.dʒa.an.dwɛ]
벗긴 다음에,7,[pʌt̚.kin.ta.ɯm.e],[bʌt̚.kin.da.ɯm.e]
하자 알겠어,7,[ha.tʃa.al.ket̚.ʌ],[ha.dʒa.al.ket̚.ʌ]
하자 알겠지,7,[ha.tʃa.al.ket̚.tʃi],[ha.dʒa.al.ket̚.tʃi]
곧 돌아와요,7,[kot̚.tol.a.wa.jo],[got̚.dol.a.wa.jo]
벗는 게 어때,7,[pʌt̚.nɯŋ.ke.ʌ.t͈ɛ],[bʌt̚.nɯn.ge.ʌ.t͈ɛ]
벗어 그래,7,[pʌt̚.ʌ.kɯ.ɾɛ],[bʌt̚.ʌ.gɯ.ɾɛ]
현장에서 직접,7,[hjʌn.tʃaŋ.e.sʌ.tʃik̚.tʃʌp̚],[hjʌn.tʃaŋ.e.sʌ.dʒik̚.tʃʌp̚]
하자 이리 와,7,[ha.tʃa.i.ɾi.wa],[ha.dʒa.i.ɾi.wa]
현장으로 갈,7,[hjʌn.tʃaŋ.ɯ.ɾo.kal],[hjʌn.tʃaŋ.ɯ.ɾo.gal]
관련된 모든 사람을,7,[kwal.ljʌn.twen.mo.tɯn.sa.ɾam.ɯl],[gwal.ljʌn.twen.mo.dɯn.sa.ɾam.ɯl]
벗어 버려,7,[pʌt̚.ʌ.pʌ.ɾjʌ],[bʌt̚.ʌ.bʌ.ɾjʌ]
벗어 벗으라고,7,[pʌt̚.ʌ.pʌt̚.ɯ.ɾa.ko],[bʌt̚.ʌ.bʌt̚.ɯ.ɾa.go]
곧 동이 틀,7,[kot̚.toŋ.i.tʰɯl],[got̚.doŋ.i.tʰɯl]
현장에서 지문을,7,[hjʌn.tʃaŋ.e.sʌ.tʃi.mun.ɯl],[hjʌn.tʃaŋ.e.sʌ.dʒi.mun.ɯl]
내 아버지에 대해서,7,[nɛ.a.pʌ.tʃi.e.tɛ.hɛ.sʌ],[nɛ.a.bʌ.dʒi.e.dɛ.hɛ.sʌ]
벗어 어서,7,[pʌt̚.ʌ.ʌ.sʌ],[bʌt̚.ʌ.ʌ.sʌ]
벗어 이,7,[pʌt̚.ʌ.i],[bʌt̚.ʌ.i]
벗어 이건,7,[pʌt̚.ʌ.i.kʌn],[bʌt̚.ʌ.i.gʌn]
곧 될 거야,7,[kot̚.twel.kʌ.ja],[got̚.dwel.gʌ.ja]
벗어 줄래,7,[pʌt̚.ʌ.tʃul.ɾɛ],[bʌt̚.ʌ.dʒul.ɾɛ]
벗어 주세요,7,[pʌt̚.ʌ.tʃu.se.jo],[bʌt̚.ʌ.dʒu.se.jo]
이런 인생,7,[i.ɾʌn.in.sɛŋ],[i.ɾʌn.in.sɛŋ]
벗어나 다시,7,[pʌt̚.ʌ.na.ta.si],[bʌt̚.ʌ.na.da.si]
부 베리,7,[pu.pe.ɾi],[bu.be.ɾi]
내 아버지요,7,[nɛ.a.pʌ.tʃi.jo],[nɛ.a.bʌ.dʒi.jo]
하자고 알았어,7,[ha.tʃa.ko.al.at̚.ʌ],[ha.dʒa.go.al.at̚.ʌ]
벗어나게 하고,7,[pʌt̚.ʌ.na.ke.ha.ko],[bʌt̚.ʌ.na.ge.ha.go]
또 전부,7,[t͈o.tʃʌm.pu],[t͈o.dʒʌm.pu]
현재 경찰은,7,[hjʌn.tʃɛ.kjʌŋ.tʃʰal.ɯn],[hjʌn.tʃɛ.gjʌŋ.tʃʰal.ɯn]
감옥에 안 가게,7,[kam.ok̚.e.aŋ.ka.ke],[gam.ok̚.e.an.ga.ge]
내가 상자를,7,[nɛ.ka.saŋ.tʃa.ɾɯl],[nɛ.ga.saŋ.dʒa.ɾɯl]
내 아버지처럼,7,[nɛ.a.pʌ.tʃi.tʃʰʌ.ɾʌm],[nɛ.a.bʌ.dʒi.tʃʰʌ.ɾʌm]
내 아버지한테,7,[nɛ.a.pʌ.tʃi.han.tʰe],[nɛ.a.bʌ.dʒi.han.tʰe]
하자구 내가,7,[ha.tʃa.ku.nɛ.ka],[ha.dʒa.gu.nɛ.ga]
벗어나게 해줄,7,[pʌt̚.ʌ.na.ke.hɛ.tʃul],[bʌt̚.ʌ.na.ge.hɛ.dʒul]
관련된 문제가,7,[kwal.ljʌn.twen.mun.tʃe.ka],[gwal.ljʌn.twen.mun.tʃe.ga]
벗어나게 해줘,7,[pʌt̚.ʌ.na.ke.hɛ.tʃwʌ],[bʌt̚.ʌ.na.ge.hɛ.dʒwʌ]
하자는 건가요,7,[ha.tʃa.nɯŋ.kʌŋ.ka.jo],[ha.dʒa.nɯn.gʌŋ.ka.jo]
Nobody else,7,,
하자는 대로 할게,7,[ha.tʃa.nɯn.tɛ.ɾo.hal.ke],[ha.dʒa.nɯn.dɛ.ɾo.hal.ke]
벗어나고 싶었어,7,[pʌt̚.ʌ.na.ko.sip̚.ʌt̚.ʌ],[bʌt̚.ʌ.na.go.sip̚.ʌt̚.ʌ]
내 아빠라고,7,[nɛ.a.p͈a.ɾa.ko],[nɛ.a.p͈a.ɾa.go]
하자면 내가,7,[ha.tʃa.mjʌn.nɛ.ka],[ha.dʒa.mjʌn.nɛ.ga]
현재 복역,7,[hjʌn.tʃɛ.pok̚.jʌk̚],[hjʌn.tʃɛ.bok̚.jʌk̚]
하자면 이,7,[ha.tʃa.mjʌn.i],[ha.dʒa.mjʌn.i]
하잖아 c,7,[ha.tʃan.a],[ha.dʒan.a]
곧 들어올 거예요,7,[kot̚.tɯl.ʌ.ol.kʌ.je.jo],[got̚.dɯl.ʌ.ol.gʌ.je.jo]
감옥에 오래,7,[kam.ok̚.e.o.ɾɛ],[gam.ok̚.e.o.ɾɛ]
하잖아 나는,7,[ha.tʃan.a.na.nɯn],[ha.dʒan.a.na.nɯn]
현재 선생님의,7,[hjʌn.tʃɛ.sʌn.sɛŋ.nim.ɯi],[hjʌn.tʃɛ.sʌn.sɛŋ.nim.ɯi]
own ingenuity,7,,
하잖아 당신이,7,[ha.tʃan.a.taŋ.sin.i],[ha.dʒan.a.daŋ.sin.i]
벗어나는 거지,7,[pʌt̚.ʌ.na.nɯŋ.kʌ.tʃi],[bʌt̚.ʌ.na.nɯn.gʌ.dʒi]
현재 두,7,[hjʌn.tʃɛ.tu],[hjʌn.tʃɛ.du]
현재 속도,7,[hjʌn.tʃɛ.sok̚.to],[hjʌn.tʃɛ.sok̚.to]
강탈 한,7,[kaŋ.tʰal.han],[gaŋ.tʰal.han]
하잖아 아,7,[ha.tʃan.a.a],[ha.dʒan.a.a]
벗어나는 바람에,7,[pʌt̚.ʌ.na.nɯm.pa.ɾam.e],[bʌt̚.ʌ.na.nɯn.ba.ɾam.e]
부검 중,7,[pu.kʌn.tʃuŋ],[bu.gʌm.dʒuŋ]
내 아이들과 함께,7,[nɛ.a.i.tɯl.kwa.ham.k͈e],[nɛ.a.i.dɯl.kwa.ham.k͈e]
감옥에 있거나,7,[kam.ok̚.e.it̚.kʌ.na],[gam.ok̚.e.it̚.kʌ.na]
하잖아 이렇게,7,[ha.tʃan.a.i.ɾʌt̚.ke],[ha.dʒan.a.i.ɾʌt̚.ke]
현재 온도는,7,[hjʌn.tʃɛ.on.to.nɯn],[hjʌn.tʃɛ.on.to.nɯn]
곧 따라올,7,[kot̚.t͈a.ɾa.ol],[got̚.t͈a.ɾa.ol]
하잖아요 그래,7,[ha.tʃan.a.jo.kɯ.ɾɛ],[ha.dʒan.a.jo.gɯ.ɾɛ]
벗어나서 좋아,7,[pʌt̚.ʌ.na.sʌ.tʃot̚.a],[bʌt̚.ʌ.na.sʌ.dʒot̚.a]
벗어나서 말이야,7,[pʌt̚.ʌ.na.sʌ.mal.i.ja],[bʌt̚.ʌ.na.sʌ.mal.i.ja]
하잖아요 그리고,7,[ha.tʃan.a.jo.kɯ.ɾi.ko],[ha.dʒan.a.jo.gɯ.ɾi.go]
감옥에 있게,7,[kam.ok̚.e.it̚.ke],[gam.ok̚.e.it̚.ke]
벗어나야 할,7,[pʌt̚.ʌ.na.ja.hal],[bʌt̚.ʌ.na.ja.hal]
하잖아요 당신,7,[ha.tʃan.a.jo.taŋ.sin],[ha.dʒan.a.jo.daŋ.sin]
