Item,Frequency,Formal_IPA,Casual_IPA
노출됐어요 그들을,26,[no.tʃʰul.twɛt̚.ʌ.jo.kɯ.tɯl.ɯl],[no.tʃʰul.twɛt̚.ʌ.jo.gɯ.dɯl.ɯl]
같은 날은,26,[kat̚.ɯn.nal.ɯn],[gat̚.ɯn.nal.ɯn]
사람 잘못 건드렸어,26,[sa.ɾan.tʃal.mot̚.kʌn.tɯ.ɾjʌt̚.ʌ],[sa.ɾam.dʒal.mot̚.gʌn.tɯ.ɾjʌt̚.ʌ]
과거에 방문한 사람,26,[kwa.kʌ.e.paŋ.mun.han.sa.ɾam],[gwa.gʌ.e.baŋ.mun.han.sa.ɾam]
아무것도 하지마,26,[a.mu.kʌt̚.to.ha.tʃi.ma],[a.mu.gʌt̚.to.ha.dʒi.ma]
같아요 어쨌든,26,[kat̚.a.jo.ʌ.tʃ͈ɛt̚.tɯn],[gat̚.a.jo.ʌ.tʃ͈ɛt̚.tɯn]
제가 실수를,26,[tʃe.ka.sil.su.ɾɯl],[dʒe.ga.sil.su.ɾɯl]
고대 세계의,26,[ko.tɛ.se.kje.ɯi],[go.dɛ.se.gje.ɯi]
최대한 세게,26,[tʃʰwe.tɛ.han.se.ke],[tʃʰwe.dɛ.han.se.ge]
싶은 거 알아,26,[sip̚.ɯŋ.kʌ.al.a],[sip̚.ɯn.gʌ.al.a]
됐다고 생각해,26,[twɛt̚.ta.ko.sɛŋ.kak̚.hɛ],[dwɛt̚.ta.go.sɛŋ.gak̚.hɛ]
I''m just saying,26,,
그렇겠지 넌,26,[kɯ.ɾʌt̚.ket̚.tʃi.nʌn],[gɯ.ɾʌt̚.ket̚.tʃi.nʌn]
대해 들어본 적,26,[tɛ.hɛ.tɯl.ʌ.pon.tʃʌk̚],[dɛ.hɛ.dɯl.ʌ.bon.dʒʌk̚]
거야 용기 있는 한,26,[kʌ.ja.joŋ.ki.it̚.nɯn.han],[gʌ.ja.joŋ.gi.it̚.nɯn.han]
나쁜 일이야,26,[na.p͈ɯn.il.i.ja],[na.p͈ɯn.il.i.ja]
귀중한 시간을,26,[kwi.tʃuŋ.han.si.kan.ɯl],[gwi.dʒuŋ.han.si.gan.ɯl]
어떻게 갈,26,[ʌ.t͈ʌt̚.ke.kal],[ʌ.t͈ʌt̚.ke.gal]
잃으면 안 돼,26,[il.ɯ.mjʌn.an.twɛ],[il.ɯ.mjʌn.an.dwɛ]
근데 만약에,26,[kɯn.te.man.jak̚.e],[gɯn.te.man.jak̚.e]
화장실 좀 쓸게요,26,[hwa.tʃaŋ.sil.tʃom.s͈ɯl.ke.jo],[hwa.dʒaŋ.sil.dʒom.s͈ɯl.ke.jo]
막을 수 있죠,26,[mak̚.ɯl.su.it̚.tʃjo],[mak̚.ɯl.su.it̚.tʃjo]
여러 군데,26,[jʌ.ɾʌ.kun.te],[jʌ.ɾʌ.gun.te]
와 아,26,[wa.a],[wa.a]
Next to me,26,,
와 앉아,26,[wa.an.a],[wa.an.a]
모습을 보이고,26,[mo.sɯp̚.ɯl.po.i.ko],[mo.sɯp̚.ɯl.bo.i.go]
수 없어요 왜,26,[su.ʌp̚.ʌ.jo.wɛ],[su.ʌp̚.ʌ.jo.wɛ]
주는 게 좋을,26,[tʃu.nɯŋ.ke.tʃot̚.ɯl],[dʒu.nɯn.ge.dʒot̚.ɯl]
좋아 어,26,[tʃot̚.a.ʌ],[dʒot̚.a.ʌ]
여유 없어,26,[jʌ.ju.ʌp̚.ʌ],[jʌ.ju.ʌp̚.ʌ]
꺼내는 게,26,[k͈ʌ.nɛ.nɯŋ.ke],[k͈ʌ.nɛ.nɯn.ge]
저기 보세요,26,[tʃʌ.ki.po.se.jo],[dʒʌ.gi.bo.se.jo]
많은 곳,26,[man.ɯŋ.kot̚],[man.ɯn.got̚]
당신을 도와줄 수,26,[taŋ.sin.ɯl.to.wa.tʃul.su],[daŋ.sin.ɯl.do.wa.dʒul.su]
잡을 수 있으면,26,[tʃap̚.ɯl.su.it̚.ɯ.mjʌn],[dʒap̚.ɯl.su.it̚.ɯ.mjʌn]
와 줘서 고맙다,26,[wa.tʃwʌ.sʌ.ko.map̚.ta],[wa.dʒwʌ.sʌ.go.map̚.ta]
당신을 보는,26,[taŋ.sin.ɯl.po.nɯn],[daŋ.sin.ɯl.bo.nɯn]
잊지 않을 겁니다,26,[it̚.tʃi.an.ɯl.kʌp̚.ni.ta],[it̚.tʃi.an.ɯl.gʌp̚.ni.da]
곳은 어디든,26,[kot̚.ɯn.ʌ.ti.tɯn],[got̚.ɯn.ʌ.di.dɯn]
우리 또한,26,[u.ɾi.t͈o.han],[u.ɾi.t͈o.han]
일은 안 해,26,[il.ɯn.an.hɛ],[il.ɯn.an.hɛ]
그게 그 사람,26,[kɯ.ke.kɯ.sa.ɾam],[gɯ.ge.gɯ.sa.ɾam]
있다고 우리,26,[it̚.ta.ko.u.ɾi],[it̚.ta.go.u.ɾi]
좋아 잠깐만,26,[tʃot̚.a.tʃam.k͈an.man],[dʒot̚.a.dʒam.k͈an.man]
함께 내가,26,[ham.k͈e.nɛ.ka],[ham.k͈e.nɛ.ga]
안에 다시,26,[an.e.ta.si],[an.e.da.si]
죽인 게 아니라,26,[tʃuk̚.iŋ.ke.a.ni.ɾa],[dʒuk̚.in.ge.a.ni.ɾa]
무슨 일이 일어났는가,26,[mu.sɯn.il.i.il.ʌ.nat̚.nɯŋ.ka],[mu.sɯn.il.i.il.ʌ.nat̚.nɯŋ.ka]
자 얼른,26,[tʃa.ʌl.ɾɯn],[dʒa.ʌl.ɾɯn]
모습을 봤어요,26,[mo.sɯp̚.ɯl.pwat̚.ʌ.jo],[mo.sɯp̚.ɯl.bwat̚.ʌ.jo]
모습을 봤어,26,[mo.sɯp̚.ɯl.pwat̚.ʌ],[mo.sɯp̚.ɯl.bwat̚.ʌ]
결혼한 적이,26,[kjʌl.hon.han.tʃʌk̚.i],[gjʌl.hon.han.dʒʌk̚.i]
지금 함께,26,[tʃi.kɯm.ham.k͈e],[dʒi.gɯm.ham.k͈e]
나서 그것은,26,[na.sʌ.kɯ.kʌt̚.ɯn],[na.sʌ.gɯ.gʌt̚.ɯn]
좋아서 한,26,[tʃot̚.a.sʌ.han],[dʒot̚.a.sʌ.han]
거기 없을,26,[kʌ.ki.ʌp̚.ɯl],[gʌ.gi.ʌp̚.ɯl]
것 같냐고,26,[kʌt̚.kat̚.nja.ko],[gʌt̚.gat̚.nja.go]
원하는 그,26,[wʌn.ha.nɯŋ.kɯ],[wʌn.ha.nɯn.gɯ]
될거야 난,26,[twel.kʌ.ja.nan],[dwel.kʌ.ja.nan]
됐죠 하지만,26,[twɛt̚.tʃjo.ha.tʃi.man],[dwɛt̚.tʃjo.ha.dʒi.man]
안 그랬다간,26,[aŋ.kɯ.ɾɛt̚.ta.kan],[an.gɯ.ɾɛt̚.ta.gan]
끝까지 좋아할 테니,26,[k͈ɯt̚.k͈a.tʃi.tʃot̚.a.hal.tʰe.ni],[k͈ɯt̚.k͈a.dʒi.dʒot̚.a.hal.tʰe.ni]
다 잘될 겁니다,26,[ta.tʃal.twel.kʌp̚.ni.ta],[da.dʒal.twel.gʌp̚.ni.da]
봐서 잘,26,[pwa.sʌ.tʃal],[bwa.sʌ.dʒal]
넌 정말 대단해,26,[nʌn.tʃʌŋ.mal.tɛ.tan.hɛ],[nʌn.dʒʌŋ.mal.dɛ.dan.hɛ]
내 동생을 죽였어,26,[nɛ.toŋ.sɛŋ.ɯl.tʃuk̚.jʌt̚.ʌ],[nɛ.doŋ.sɛŋ.ɯl.dʒuk̚.jʌt̚.ʌ]
말 기억하지,26,[mal.ki.ʌk̚.ha.tʃi],[mal.gi.ʌk̚.ha.dʒi]
했다면 왜,26,[hɛt̚.ta.mjʌn.wɛ],[hɛt̚.ta.mjʌn.wɛ]
근처에도 가지,26,[kɯn.tʃʰʌ.e.to.ka.tʃi],[gɯn.tʃʰʌ.e.do.ga.dʒi]
Tu Tu Tu,26,,
봐서는 안,26,[pwa.sʌ.nɯn.an],[bwa.sʌ.nɯn.an]
것 같아요 그래도,26,[kʌt̚.kat̚.a.jo.kɯ.ɾɛ.to],[gʌt̚.gat̚.a.jo.gɯ.ɾɛ.do]
써야 합니다,26,[s͈ʌ.ja.hap̚.ni.ta],[s͈ʌ.ja.hap̚.ni.da]
I''m looking for,26,,
그 소녀가 나일까요,26,[kɯ.so.njʌ.ka.na.il.k͈a.jo],[gɯ.so.njʌ.ga.na.il.k͈a.jo]
확인 후,26,[hwak̚.in.hu],[hwak̚.in.hu]
지내고 있습니다,26,[tʃi.nɛ.ko.it̚.sɯp̚.ni.ta],[dʒi.nɛ.go.it̚.sɯp̚.ni.da]
산더미 같은,26,[san.tʌ.mi.kat̚.ɯn],[san.tʌ.mi.gat̚.ɯn]
거야 그들,26,[kʌ.ja.kɯ.tɯl],[gʌ.ja.gɯ.dɯl]
위대한 것을,26,[wi.tɛ.haŋ.kʌt̚.ɯl],[wi.dɛ.han.gʌt̚.ɯl]
나를 탓할,26,[na.ɾɯl.tʰat̚.hal],[na.ɾɯl.tʰat̚.hal]
시 이후,26,[si.i.hu],[si.i.hu]
테니 같이,26,[tʰe.ni.kat̚.i],[tʰe.ni.gat̚.i]
또 보네,26,[t͈o.po.ne],[t͈o.bo.ne]
것은 좋은,26,[kʌt̚.ɯn.tʃot̚.ɯn],[gʌt̚.ɯn.dʒot̚.ɯn]
하지만 네 말이,26,[ha.tʃi.man.ne.mal.i],[ha.dʒi.man.ne.mal.i]
말하면 이,26,[mal.ha.mjʌn.i],[mal.ha.mjʌn.i]
건 그만둬,26,[kʌŋ.kɯ.man.twʌ],[gʌn.gɯ.man.twʌ]
위협에 노출됐어요,26,[wi.hjʌp̚.e.no.tʃʰul.twɛt̚.ʌ.jo],[wi.hjʌp̚.e.no.tʃʰul.twɛt̚.ʌ.jo]
받은 겁니다,26,[pat̚.ɯŋ.kʌp̚.ni.ta],[bat̚.ɯn.gʌp̚.ni.da]
밤 같아,26,[pam.kat̚.a],[bam.gat̚.a]
있으신 거,26,[it̚.ɯ.siŋ.kʌ],[it̚.ɯ.sin.gʌ]
거 같아 그래서,26,[kʌ.kat̚.a.kɯ.ɾɛ.sʌ],[gʌ.gat̚.a.gɯ.ɾɛ.sʌ]
잘 아실 텐데요,26,[tʃal.a.sil.tʰen.te.jo],[dʒal.a.sil.tʰen.te.jo]
왔던 길로,26,[wat̚.tʌŋ.kil.ɾo],[wat̚.tʌn.gil.ɾo]
위협에 노출됐어요 그들을,26,[wi.hjʌp̚.e.no.tʃʰul.twɛt̚.ʌ.jo.kɯ.tɯl.ɯl],[wi.hjʌp̚.e.no.tʃʰul.twɛt̚.ʌ.jo.gɯ.dɯl.ɯl]
내 걱정은 말고,26,[nɛ.kʌk̚.tʃʌŋ.ɯn.mal.ko],[nɛ.gʌk̚.tʃʌŋ.ɯn.mal.ko]
또 뵐게요,26,[t͈o.pwel.ke.jo],[t͈o.bwel.ke.jo]
거야 잠시,26,[kʌ.ja.tʃam.si],[gʌ.ja.dʒam.si]
날 방해하지,26,[nal.paŋ.hɛ.ha.tʃi],[nal.baŋ.hɛ.ha.dʒi]
배는 안,26,[pɛ.nɯn.an],[bɛ.nɯn.an]
왔어 그럼,26,[wat̚.ʌ.kɯ.ɾʌm],[wat̚.ʌ.gɯ.ɾʌm]
해 이럴,26,[hɛ.i.ɾʌl],[hɛ.i.ɾʌl]
설명해 줄게요,26,[sʌl.mjʌŋ.hɛ.tʃul.ke.jo],[sʌl.mjʌŋ.hɛ.dʒul.ke.jo]
그건 저도 알아요,26,[kɯ.kʌn.tʃʌ.to.al.a.jo],[gɯ.gʌn.dʒʌ.do.al.a.jo]
말고 이리 와,26,[mal.ko.i.ɾi.wa],[mal.ko.i.ɾi.wa]
아무도 아무것도,26,[a.mu.to.a.mu.kʌt̚.to],[a.mu.do.a.mu.gʌt̚.to]
우리 벌써,26,[u.ɾi.pʌl.s͈ʌ],[u.ɾi.bʌl.s͈ʌ]
위로 올라가면,26,[wi.ɾo.ol.ɾa.ka.mjʌn],[wi.ɾo.ol.ɾa.ga.mjʌn]
간다 좋아,26,[kan.ta.tʃot̚.a],[gan.ta.dʒot̚.a]
먹고 살아야,26,[mʌk̚.ko.sal.a.ja],[mʌk̚.ko.sal.a.ja]
있어요 혼자,26,[it̚.ʌ.jo.hon.tʃa],[it̚.ʌ.jo.hon.tʃa]
정말 그렇다면,26,[tʃʌŋ.mal.kɯ.ɾʌt̚.ta.mjʌn],[dʒʌŋ.mal.gɯ.ɾʌt̚.ta.mjʌn]
보러 갈 수,26,[po.ɾʌ.kal.su],[bo.ɾʌ.gal.su]
일이 참,26,[il.i.tʃʰam],[il.i.tʃʰam]
파타 포테아,26,[pʰa.tʰa.pʰo.tʰe.a],[pʰa.tʰa.pʰo.tʰe.a]
것처럼 나도,26,[kʌt̚.tʃʰʌ.ɾʌm.na.to],[gʌt̚.tʃʰʌ.ɾʌm.na.do]
그보단 더,26,[kɯ.po.tan.tʌ],[gɯ.bo.dan.dʌ]
내가 몇 가지,26,[nɛ.ka.mjʌt̚.ka.tʃi],[nɛ.ga.mjʌt̚.ga.dʒi]
만약 못,26,[man.jak̚.mot̚],[man.jak̚.mot̚]
시간 반 동안,26,[si.kam.pan.toŋ.an],[si.gan.ban.doŋ.an]
머뭇거리는 신음,26,[mʌ.mut̚.kʌ.ɾi.nɯn.sin.ɯm],[mʌ.mut̚.kʌ.ɾi.nɯn.sin.ɯm]
대화할 수 있는,26,[tɛ.hwa.hal.su.it̚.nɯn],[dɛ.hwa.hal.su.it̚.nɯn]
있었어요 몇,26,[it̚.ʌt̚.ʌ.jo.mjʌt̚],[it̚.ʌt̚.ʌ.jo.mjʌt̚]
고마워요 나중에,26,[ko.ma.wʌ.jo.na.tʃuŋ.e],[go.ma.wʌ.jo.na.dʒuŋ.e]
가지 다,26,[ka.tʃi.ta],[ga.dʒi.da]
위협이 안,26,[wi.hjʌp̚.i.an],[wi.hjʌp̚.i.an]
얘가 진짜,26,[jɛ.ka.tʃin.tʃ͈a],[jɛ.ga.dʒin.tʃ͈a]
철 왕좌에,26,[tʃʰʌl.waŋ.tʃwa.e],[tʃʰʌl.waŋ.dʒwa.e]
갇힌 채,26,[kat̚.hin.tʃʰɛ],[gat̚.hin.tʃʰɛ]
들어올 수도,26,[tɯl.ʌ.ol.su.to],[dɯl.ʌ.ol.su.do]
그렇게 무서운,26,[kɯ.ɾʌt̚.ke.mu.sʌ.un],[gɯ.ɾʌt̚.ke.mu.sʌ.un]
곧 집으로,26,[kot̚.tʃip̚.ɯ.ɾo],[got̚.dʒip̚.ɯ.ɾo]
what you are,26,,
말을 했어야,26,[mal.ɯl.hɛt̚.ʌ.ja],[mal.ɯl.hɛt̚.ʌ.ja]
널 미치게,26,[nʌl.mi.tʃʰi.ke],[nʌl.mi.tʃʰi.ge]
이런 모습이,26,[i.ɾʌn.mo.sɯp̚.i],[i.ɾʌn.mo.sɯp̚.i]
한마디 말도 없이,26,[han.ma.ti.mal.to.ʌp̚.i],[han.ma.di.mal.to.ʌp̚.i]
그럼 실례할게요,26,[kɯ.ɾʌm.sil.ɾje.hal.ke.jo],[gɯ.ɾʌm.sil.ɾje.hal.ke.jo]
하지만 상관없어,26,[ha.tʃi.man.saŋ.kwan.ʌp̚.ʌ],[ha.dʒi.man.saŋ.gwan.ʌp̚.ʌ]
몰고 다니는,26,[mol.ko.ta.ni.nɯn],[mol.ko.da.ni.nɯn]
먹이 주는,26,[mʌk̚.i.tʃu.nɯn],[mʌk̚.i.dʒu.nɯn]
함께 있기,26,[ham.k͈e.it̚.ki],[ham.k͈e.it̚.ki]
있는 곳을 알아,26,[it̚.nɯŋ.kot̚.ɯl.al.a],[it̚.nɯn.got̚.ɯl.al.a]
이건 끔찍한,26,[i.kʌŋ.k͈ɯn.tʃ͈ik̚.han],[i.gʌŋ.k͈ɯn.tʃ͈ik̚.han]
추정하고 있습니다,26,[tʃʰu.tʃʌŋ.ha.ko.it̚.sɯp̚.ni.ta],[tʃʰu.dʒʌŋ.ha.go.it̚.sɯp̚.ni.da]
자기 인생이,26,[tʃa.ki.in.sɛŋ.i],[dʒa.gi.in.sɛŋ.i]
모실 겁니다,26,[mo.sil.kʌp̚.ni.ta],[mo.sil.gʌp̚.ni.da]
きっといつか 분명 언젠가 いつか何処か,26,[pun.mjʌŋ.ʌn.tʃeŋ.ka],[bun.mjʌŋ.ʌn.tʃeŋ.ka]
뭐 하셨어요,26,[mwʌ.ha.sjʌt̚.ʌ.jo],[mwʌ.ha.sjʌt̚.ʌ.jo]
못 바꿔요,26,[mot̚.pa.k͈wʌ.jo],[mot̚.ba.k͈wʌ.jo]
Take him,26,,
왜 난리야,26,[wɛ.nal.li.ja],[wɛ.nal.li.ja]
대기하고 있습니다,26,[tɛ.ki.ha.ko.it̚.sɯp̚.ni.ta],[dɛ.gi.ha.go.it̚.sɯp̚.ni.da]
조용히 있으면,26,[tʃo.joŋ.hi.it̚.ɯ.mjʌn],[dʒo.joŋ.hi.it̚.ɯ.mjʌn]
모아 놓은,26,[mo.a.not̚.ɯn],[mo.a.not̚.ɯn]
화를 안,26,[hwa.ɾɯl.an],[hwa.ɾɯl.an]
북부에 있는,26,[puk̚.pu.e.it̚.nɯn],[buk̚.pu.e.it̚.nɯn]
할 마음이,26,[hal.ma.ɯm.i],[hal.ma.ɯm.i]
위해서 이제 일어나는,26,[wi.hɛ.sʌ.i.tʃe.il.ʌ.na.nɯn],[wi.hɛ.sʌ.i.dʒe.il.ʌ.na.nɯn]
하는 남자,26,[ha.nɯn.nan.tʃa],[ha.nɯn.nan.tʃa]
그 흑인,26,[kɯ.hɯk̚.in],[gɯ.hɯk̚.in]
게다가 이런,26,[ke.ta.ka.i.ɾʌn],[ge.da.ga.i.ɾʌn]
도착 안,26,[to.tʃʰak̚.an],[do.tʃʰak̚.an]
좋은 거니까,26,[tʃot̚.ɯŋ.kʌ.ni.k͈a],[dʒot̚.ɯn.gʌ.ni.k͈a]
좋은 거래를,26,[tʃot̚.ɯŋ.kʌ.ɾɛ.ɾɯl],[dʒot̚.ɯn.gʌ.ɾɛ.ɾɯl]
왜 나지,26,[wɛ.na.tʃi],[wɛ.na.dʒi]
조이너 씨,26,[tʃo.i.nʌ.s͈i],[dʒo.i.nʌ.s͈i]
저기 이,26,[tʃʌ.ki.i],[dʒʌ.gi.i]
좀 썼지,26,[tʃom.s͈ʌt̚.tʃi],[dʒom.s͈ʌt̚.tʃi]
편드는 거야,26,[pʰjʌn.tɯ.nɯŋ.kʌ.ja],[pʰjʌn.tɯ.nɯn.gʌ.ja]
꾸며 낸,26,[k͈u.mjʌ.nɛn],[k͈u.mjʌ.nɛn]
되돌릴 수도,26,[twe.tol.ɾil.su.to],[dwe.dol.ɾil.su.do]
a bank,26,,
가던 길에,26,[ka.tʌŋ.kil.e],[ga.dʌn.gil.e]
줄 알았는데 나도,26,[tʃul.al.at̚.nɯn.te.na.to],[dʒul.al.at̚.nɯn.te.na.do]
언젠가 いつか何処か 언젠가,26,[ʌn.tʃeŋ.ka.ʌn.tʃeŋ.ka],[ʌn.tʃeŋ.ka.ʌn.tʃeŋ.ka]
나한테 거짓말하지,26,[na.han.tʰe.kʌ.tʃit̚.mal.ha.tʃi],[na.han.tʰe.gʌ.dʒit̚.mal.ha.dʒi]
왔어요 lrm,26,[wat̚.ʌ.jo],[wat̚.ʌ.jo]
칠전팔기로 기사회생,26,[tʃʰil.tʃʌm.pʰal.ki.ɾo.ki.sa.hwe.sɛŋ],[tʃʰil.tʃʌm.pʰal.ki.ɾo.gi.sa.hwe.sɛŋ]
두 사람이 함께,26,[tu.sa.ɾam.i.ham.k͈e],[du.sa.ɾam.i.ham.k͈e]
못 보는 줄,26,[mot̚.po.nɯn.tʃul],[mot̚.bo.nɯn.dʒul]
거 뭐 있어,26,[kʌ.mwʌ.it̚.ʌ],[gʌ.mwʌ.it̚.ʌ]
이용해야 해,26,[i.joŋ.hɛ.ja.hɛ],[i.joŋ.hɛ.ja.hɛ]
깁스 요원님,26,[kip̚.sɯ.jo.wʌn.nim],[gip̚.sɯ.jo.wʌn.nim]
시간이 걸리지,26,[si.kan.i.kʌl.ɾi.tʃi],[si.gan.i.gʌl.ɾi.dʒi]
있었다 우리,26,[it̚.ʌt̚.ta.u.ɾi],[it̚.ʌt̚.ta.u.ɾi]
왜 차를,26,[wɛ.tʃʰa.ɾɯl],[wɛ.tʃʰa.ɾɯl]
There he,26,,
꾸민 짓이야,26,[k͈u.min.tʃit̚.i.ja],[k͈u.min.dʒit̚.i.ja]
머리 쓰는,26,[mʌ.ɾi.s͈ɯ.nɯn],[mʌ.ɾi.s͈ɯ.nɯn]
자기가 제일,26,[tʃa.ki.ka.tʃe.il],[dʒa.gi.ga.dʒe.il]
왜 멋대로,26,[wɛ.mʌt̚.tɛ.ɾo],[wɛ.mʌt̚.tɛ.ɾo]
왔어야 했어,26,[wat̚.ʌ.ja.hɛt̚.ʌ],[wat̚.ʌ.ja.hɛt̚.ʌ]
think I know,26,,
끝난 건가,26,[k͈ɯt̚.naŋ.kʌŋ.ka],[k͈ɯt̚.nan.gʌŋ.ka]
관여하지 않을,26,[kwan.jʌ.ha.tʃi.an.ɯl],[gwan.jʌ.ha.dʒi.an.ɯl]
순정 씨,26,[sun.tʃʌŋ.s͈i],[sun.tʃʌŋ.s͈i]
결혼 생활에서,26,[kjʌl.hon.sɛŋ.hwal.e.sʌ],[gjʌl.hon.sɛŋ.hwal.e.sʌ]
왜 바로,26,[wɛ.pa.ɾo],[wɛ.ba.ɾo]
도착한 것,26,[to.tʃʰak̚.haŋ.kʌt̚],[do.tʃʰak̚.han.gʌt̚]
명도 없어,26,[mjʌŋ.to.ʌp̚.ʌ],[mjʌŋ.do.ʌp̚.ʌ]
지금 자기가,26,[tʃi.kɯn.tʃa.ki.ka],[dʒi.gɯm.dʒa.gi.ga]
내딛는다면 더 이상 혼자가,26,[nɛ.tit̚.nɯn.ta.mjʌn.tʌ.i.saŋ.hon.tʃa.ka],[nɛ.dit̚.nɯn.ta.mjʌn.dʌ.i.saŋ.hon.tʃa.ga]
시간이 아주,26,[si.kan.i.a.tʃu],[si.gan.i.a.dʒu]
정확한 건,26,[tʃʌŋ.hwak̚.haŋ.kʌn],[dʒʌŋ.hwak̚.han.gʌn]
어떻게 도와줄까요,26,[ʌ.t͈ʌt̚.ke.to.wa.tʃul.k͈a.jo],[ʌ.t͈ʌt̚.ke.do.wa.dʒul.k͈a.jo]
믿어 이,26,[mit̚.ʌ.i],[mit̚.ʌ.i]
널 배신한,26,[nʌl.pɛ.sin.han],[nʌl.bɛ.sin.han]
여자는 우리,26,[jʌ.tʃa.nɯn.u.ɾi],[jʌ.dʒa.nɯn.u.ɾi]
그냥 따라와,26,[kɯ.njaŋ.t͈a.ɾa.wa],[gɯ.njaŋ.t͈a.ɾa.wa]
주 토요일,26,[tʃu.tʰo.jo.il],[dʒu.tʰo.jo.il]
We don''t have,26,,
그건 도움이 안,26,[kɯ.kʌn.to.um.i.an],[gɯ.gʌn.do.um.i.an]
브리지 지난,26,[pɯ.ɾi.tʃi.tʃi.nan],[bɯ.ɾi.dʒi.dʒi.nan]
부끄러워 할,26,[pu.k͈ɯ.ɾʌ.wʌ.hal],[bu.k͈ɯ.ɾʌ.wʌ.hal]
same to,26,,
잘 아는군,26,[tʃal.a.nɯŋ.kun],[dʒal.a.nɯŋ.kun]
들었어요 이,26,[tɯl.ʌt̚.ʌ.jo.i],[dɯl.ʌt̚.ʌ.jo.i]
그건 두고 봐야지,26,[kɯ.kʌn.tu.ko.pwa.ja.tʃi],[gɯ.gʌn.du.go.bwa.ja.dʒi]
물론 저도,26,[mul.ɾon.tʃʌ.to],[mul.ɾon.dʒʌ.do]
물론 좋은,26,[mul.ɾon.tʃot̚.ɯn],[mul.ɾon.dʒot̚.ɯn]
내 탓인,26,[nɛ.tʰat̚.in],[nɛ.tʰat̚.in]
못 봤나요,26,[mot̚.pwat̚.na.jo],[mot̚.bwat̚.na.jo]
관한 책,26,[kwan.han.tʃʰɛk̚],[gwan.han.tʃʰɛk̚]
정말 멋지고,26,[tʃʌŋ.mal.mʌt̚.tʃi.ko],[dʒʌŋ.mal.mʌt̚.tʃi.go]
flag 声の限り 목소리 닿는,26,[mok̚.so.ɾi.tat̚.nɯn],[mok̚.so.ɾi.dat̚.nɯn]
뻥긋 안,26,[p͈ʌŋ.kɯt̚.an],[p͈ʌŋ.gɯt̚.an]
장난치는 게,26,[tʃaŋ.nan.tʃʰi.nɯŋ.ke],[dʒaŋ.nan.tʃʰi.nɯn.ge]
시간이 흐르고,26,[si.kan.i.hɯ.ɾɯ.ko],[si.gan.i.hɯ.ɾɯ.go]
방법 말이야,26,[pam.pʌp̚.mal.i.ja],[baŋ.bʌp̚.mal.i.ja]
알아서 해라,26,[al.a.sʌ.hɛ.ɾa],[al.a.sʌ.hɛ.ɾa]
사람들 왜,26,[sa.ɾan.tɯl.wɛ],[sa.ɾan.tɯl.wɛ]
내딛는다면 더,26,[nɛ.tit̚.nɯn.ta.mjʌn.tʌ],[nɛ.dit̚.nɯn.ta.mjʌn.dʌ]
같이 있으니,26,[kat̚.i.it̚.ɯ.ni],[gat̚.i.it̚.ɯ.ni]
말이 맞았다,26,[mal.i.mat̚.at̚.ta],[mal.i.mat̚.at̚.ta]
일 하는 거야,26,[il.ha.nɯŋ.kʌ.ja],[il.ha.nɯn.gʌ.ja]
건 당연히,26,[kʌn.taŋ.jʌn.hi],[gʌn.daŋ.jʌn.hi]
만에 다,26,[man.e.ta],[man.e.da]
Never give up,26,,
장난하는 거죠,26,[tʃaŋ.nan.ha.nɯŋ.kʌ.tʃjo],[dʒaŋ.nan.ha.nɯn.gʌ.dʒjo]
소녀가 나일까요,26,[so.njʌ.ka.na.il.k͈a.jo],[so.njʌ.ga.na.il.k͈a.jo]
믿지 말고,26,[mit̚.tʃi.mal.ko],[mit̚.tʃi.mal.ko]
많은데 왜,26,[man.ɯn.te.wɛ],[man.ɯn.te.wɛ]
Where am,26,,
could take,26,,
알 수 있으니까,26,[al.su.it̚.ɯ.ni.k͈a],[al.su.it̚.ɯ.ni.k͈a]
문제가 있네,26,[mun.tʃe.ka.it̚.ne],[mun.tʃe.ga.it̚.ne]
위해 옳은 일을,26,[wi.hɛ.ol.ɯn.il.ɯl],[wi.hɛ.ol.ɯn.il.ɯl]
왜 이상하게,26,[wɛ.i.saŋ.ha.ke],[wɛ.i.saŋ.ha.ge]
나랑 결혼하고,26,[na.ɾaŋ.kjʌl.hon.ha.ko],[na.ɾaŋ.gjʌl.hon.ha.go]
이 남자야,26,[i.nan.tʃa.ja],[i.nan.tʃa.ja]
되지 않길,26,[twe.tʃi.aŋ.kil],[dwe.dʒi.aŋ.kil]
왜 자네,26,[wɛ.tʃa.ne],[wɛ.dʒa.ne]
둘을 위해서,26,[tul.ɯl.wi.hɛ.sʌ],[dul.ɯl.wi.hɛ.sʌ]
축구 경기,26,[tʃʰuk̚.ku.kjʌŋ.ki],[tʃʰuk̚.ku.gjʌŋ.gi]
피할 곳을,26,[pʰi.hal.kot̚.ɯl],[pʰi.hal.got̚.ɯl]
여정은 여기서,26,[jʌ.tʃʌŋ.ɯn.jʌ.ki.sʌ],[jʌ.dʒʌŋ.ɯn.jʌ.gi.sʌ]
하신 건가요,26,[ha.siŋ.kʌŋ.ka.jo],[ha.sin.gʌŋ.ka.jo]
매주 목요일,26,[mɛ.tʃu.mok̚.jo.il],[mɛ.dʒu.mok̚.jo.il]
아무한테도 말 안 할,26,[a.mu.han.tʰe.to.mal.an.hal],[a.mu.han.tʰe.do.mal.an.hal]
그건 뭐냐,26,[kɯ.kʌn.mwʌ.nja],[gɯ.gʌn.mwʌ.nja]
is only,26,,
그건 뭐에요,26,[kɯ.kʌn.mwʌ.e.jo],[gɯ.gʌn.mwʌ.e.jo]
다른 가족,26,[ta.ɾɯŋ.ka.tʃok̚],[da.ɾɯn.ga.dʒok̚]
대체 여기서 뭐 하는,26,[tɛ.tʃʰe.jʌ.ki.sʌ.mwʌ.ha.nɯn],[dɛ.tʃʰe.jʌ.gi.sʌ.mwʌ.ha.nɯn]
쓸 것 같아,26,[s͈ɯl.kʌt̚.kat̚.a],[s͈ɯl.gʌt̚.gat̚.a]
남의 일에 신경,26,[nam.ɯi.il.e.siŋ.kjʌŋ],[nam.ɯi.il.e.siŋ.kjʌŋ]
과민성 대장,26,[kwa.min.sʌŋ.tɛ.tʃaŋ],[gwa.min.sʌŋ.dɛ.dʒaŋ]
거야 죄송합니다,26,[kʌ.ja.tʃwe.soŋ.hap̚.ni.ta],[gʌ.ja.dʒwe.soŋ.hap̚.ni.da]
어떻게 보고,26,[ʌ.t͈ʌt̚.ke.po.ko],[ʌ.t͈ʌt̚.ke.bo.go]
널 처음 본,26,[nʌl.tʃʰʌ.ɯm.pon],[nʌl.tʃʰʌ.ɯm.bon]
내가 떠났을,26,[nɛ.ka.t͈ʌ.nat̚.ɯl],[nɛ.ga.t͈ʌ.nat̚.ɯl]
주님께서 함께,26,[tʃu.nim.k͈e.sʌ.ham.k͈e],[dʒu.nim.k͈e.sʌ.ham.k͈e]
되찾아야 해요,26,[twe.tʃʰat̚.a.ja.hɛ.jo],[dwe.tʃʰat̚.a.ja.hɛ.jo]
거죠 만약,26,[kʌ.tʃjo.man.jak̚],[gʌ.dʒjo.man.jak̚]
해결할 겁니다,26,[hɛ.kjʌl.hal.kʌp̚.ni.ta],[hɛ.gjʌl.hal.gʌp̚.ni.da]
시비 거는,26,[si.pi.kʌ.nɯn],[si.bi.gʌ.nɯn]
좋은 애,26,[tʃot̚.ɯn.ɛ],[dʒot̚.ɯn.ɛ]
높은 곳,26,[nop̚.ɯŋ.kot̚],[nop̚.ɯn.got̚]
말한 것과,26,[mal.haŋ.kʌt̚.kwa],[mal.han.gʌt̚.kwa]
왜냐면 그가,26,[wɛ.nja.mjʌŋ.kɯ.ka],[wɛ.nja.mjʌn.gɯ.ga]
애들도 있고,26,[ɛ.tɯl.to.it̚.ko],[ɛ.dɯl.to.it̚.ko]
이건 니,26,[i.kʌn.ni],[i.gʌn.ni]
보여주는 거예요,26,[po.jʌ.tʃu.nɯŋ.kʌ.je.jo],[bo.jʌ.dʒu.nɯn.gʌ.je.jo]
걸 믿고,26,[kʌl.mit̚.ko],[gʌl.mit̚.ko]
왜냐면 우리,26,[wɛ.nja.mjʌn.u.ɾi],[wɛ.nja.mjʌn.u.ɾi]
천 미터,26,[tʃʰʌn.mi.tʰʌ],[tʃʰʌn.mi.tʰʌ]
저기 있었어,26,[tʃʌ.ki.it̚.ʌt̚.ʌ],[dʒʌ.gi.it̚.ʌt̚.ʌ]
위해 해야 할,26,[wi.hɛ.hɛ.ja.hal],[wi.hɛ.hɛ.ja.hal]
하지만 아는,26,[ha.tʃi.man.a.nɯn],[ha.dʒi.man.a.nɯn]
건 맞지,26,[kʌn.mat̚.tʃi],[gʌn.mat̚.tʃi]
가실 때,26,[ka.sil.t͈ɛ],[ga.sil.t͈ɛ]
만들어 드리죠,26,[man.tɯl.ʌ.tɯ.ɾi.tʃjo],[man.tɯl.ʌ.dɯ.ɾi.dʒjo]
말도 안 되잖아요,26,[mal.to.an.twe.tʃan.a.jo],[mal.to.an.dwe.dʒan.a.jo]
똑 닮았어,26,[t͈ok̚.tam.at̚.ʌ],[t͈ok̚.dam.at̚.ʌ]
대해 잘 모르지만,26,[tɛ.hɛ.tʃal.mo.ɾɯ.tʃi.man],[dɛ.hɛ.dʒal.mo.ɾɯ.dʒi.man]
있었는지 말해봐,26,[it̚.ʌt̚.nɯn.tʃi.mal.hɛ.pwa],[it̚.ʌt̚.nɯn.tʃi.mal.hɛ.bwa]
내 인생에서 가장 중요한,26,[nɛ.in.sɛŋ.e.sʌ.ka.tʃaŋ.tʃuŋ.jo.han],[nɛ.in.sɛŋ.e.sʌ.ga.dʒaŋ.dʒuŋ.jo.han]
된 것에,26,[tweŋ.kʌt̚.e],[dwen.gʌt̚.e]
모으는 게,26,[mo.ɯ.nɯŋ.ke],[mo.ɯ.nɯn.ge]
된 기분이 어때,26,[tweŋ.ki.pun.i.ʌ.t͈ɛ],[dwen.gi.bun.i.ʌ.t͈ɛ]
봤지 내,26,[pwat̚.tʃi.nɛ],[bwat̚.tʃi.nɛ]
날 따라오게,26,[nal.t͈a.ɾa.o.ke],[nal.t͈a.ɾa.o.ge]
a little girl,26,,
할 일이 더,26,[hal.il.i.tʌ],[hal.il.i.dʌ]
똑 닮았네,26,[t͈ok̚.tam.at̚.ne],[t͈ok̚.dam.at̚.ne]
a shame,26,,
외람된 말이지만,26,[we.ɾan.twen.mal.i.tʃi.man],[we.ɾan.twen.mal.i.dʒi.man]
너와 나를,26,[nʌ.wa.na.ɾɯl],[nʌ.wa.na.ɾɯl]
좀 놔둬,26,[tʃom.nwa.twʌ],[dʒom.nwa.dwʌ]
여자를 잡아,26,[jʌ.tʃa.ɾɯl.tʃap̚.a],[jʌ.dʒa.ɾɯl.dʒap̚.a]
대부분의 사람들,26,[tɛ.pu.pun.ɯi.sa.ɾan.tɯl],[dɛ.bu.bun.ɯi.sa.ɾan.tɯl]
좋은 줄 알아요,26,[tʃot̚.ɯn.tʃul.al.a.jo],[dʒot̚.ɯn.dʒul.al.a.jo]
외에 또,26,[we.e.t͈o],[we.e.t͈o]
위해서가 아니다,26,[wi.hɛ.sʌ.ka.a.ni.ta],[wi.hɛ.sʌ.ga.a.ni.da]
제가 말씀드릴,26,[tʃe.ka.mal.s͈ɯn.tɯ.ɾil],[dʒe.ga.mal.s͈ɯn.tɯ.ɾil]
몇 줄,26,[mjʌt̚.tʃul],[mjʌt̚.dʒul]
불법 약물,26,[pul.pʌp̚.jak̚.mul],[bul.pʌp̚.jak̚.mul]
그들이 발견,26,[kɯ.tɯl.i.pal.kjʌn],[gɯ.dɯl.i.bal.kjʌn]
좋은 친구는,26,[tʃot̚.ɯn.tʃʰiŋ.ku.nɯn],[dʒot̚.ɯn.tʃʰiŋ.ku.nɯn]
커피 잘,26,[kʰʌ.pʰi.tʃal],[kʰʌ.pʰi.dʒal]
왔어요 안,26,[wat̚.ʌ.jo.an],[wat̚.ʌ.jo.an]
믿었기 때문에,26,[mit̚.ʌt̚.ki.t͈ɛ.mun.e],[mit̚.ʌt̚.ki.t͈ɛ.mun.e]
너무 지루해서,26,[nʌ.mu.tʃi.ɾu.hɛ.sʌ],[nʌ.mu.dʒi.ɾu.hɛ.sʌ]
이렇게 되기,26,[i.ɾʌt̚.ke.twe.ki],[i.ɾʌt̚.ke.dwe.gi]
이름을 말하면,26,[i.ɾɯm.ɯl.mal.ha.mjʌn],[i.ɾɯm.ɯl.mal.ha.mjʌn]
나는 보지,26,[na.nɯm.po.tʃi],[na.nɯn.bo.dʒi]
된다 이,26,[twen.ta.i],[dwen.ta.i]
시간만 좀,26,[si.kan.man.tʃom],[si.gan.man.dʒom]
못 줄,26,[mot̚.tʃul],[mot̚.dʒul]
줄 아는구나,26,[tʃul.a.nɯŋ.ku.na],[dʒul.a.nɯŋ.ku.na]
씨 뭘,26,[s͈i.mwʌl],[s͈i.mwʌl]
그건 싫어,26,[kɯ.kʌn.sil.ʌ],[gɯ.gʌn.sil.ʌ]
헤일리 던피,26,[he.il.ɾi.tʌm.pʰi],[he.il.ɾi.dʌm.pʰi]
진절머리가 나,26,[tʃin.tʃʌl.mʌ.ɾi.ka.na],[dʒin.tʃʌl.mʌ.ɾi.ga.na]
언제 오는,26,[ʌn.tʃe.o.nɯn],[ʌn.tʃe.o.nɯn]
적어도 시도는,26,[tʃʌk̚.ʌ.to.si.to.nɯn],[dʒʌk̚.ʌ.do.si.do.nɯn]
말이다 그,26,[mal.i.ta.kɯ],[mal.i.da.gɯ]
한 걸음을 내딛는다면,26,[haŋ.kʌl.ɯm.ɯl.lɛ.tit̚.nɯn.ta.mjʌn],[han.gʌl.ɯm.ɯl.lɛ.dit̚.nɯn.ta.mjʌn]
his eyes,26,,
씨 아직,26,[s͈i.a.tʃik̚],[s͈i.a.dʒik̚]
대학 안,26,[tɛ.hak̚.an],[dɛ.hak̚.an]
된다는 겁니다,26,[twen.ta.nɯŋ.kʌp̚.ni.ta],[dwen.ta.nɯn.gʌp̚.ni.da]
불타고 있어요,26,[pul.tʰa.ko.it̚.ʌ.jo],[bul.tʰa.go.it̚.ʌ.jo]
질투가 나서,26,[tʃil.tʰu.ka.na.sʌ],[dʒil.tʰu.ga.na.sʌ]
you 너,26,[nʌ],[nʌ]
건지 모르겠군,26,[kʌn.tʃi.mo.ɾɯ.ket̚.kun],[gʌn.tʃi.mo.ɾɯ.get̚.kun]
하려는 일이,26,[ha.ɾjʌ.nɯn.il.i],[ha.ɾjʌ.nɯn.il.i]
잠이 와,26,[tʃam.i.wa],[dʒam.i.wa]
요즘 정말,26,[jo.tʃɯn.tʃʌŋ.mal],[jo.dʒɯm.dʒʌŋ.mal]
그런데 자네가,26,[kɯ.ɾʌn.te.tʃa.ne.ka],[gɯ.ɾʌn.te.dʒa.ne.ga]
환자 중에,26,[hwan.tʃa.tʃuŋ.e],[hwan.tʃa.dʒuŋ.e]
수 있는 것만,26,[su.it̚.nɯŋ.kʌt̚.man],[su.it̚.nɯn.gʌt̚.man]
받지 말고,26,[pat̚.tʃi.mal.ko],[bat̚.tʃi.mal.ko]
앉아 무슨,26,[an.a.mu.sɯn],[an.a.mu.sɯn]
난 바람,26,[nam.pa.ɾam],[nan.ba.ɾam]
전에는 내가,26,[tʃʌn.e.nɯn.nɛ.ka],[dʒʌn.e.nɯn.nɛ.ga]
별로 마음에,26,[pjʌl.ɾo.ma.ɯm.e],[bjʌl.ɾo.ma.ɯm.e]
당신과 우리,26,[taŋ.siŋ.kwa.u.ɾi],[daŋ.siŋ.kwa.u.ɾi]
될 거래요,26,[twel.kʌ.ɾɛ.jo],[dwel.gʌ.ɾɛ.jo]
게 모두,26,[ke.mo.tu],[ge.mo.du]
모든 걸 바꿀 수,26,[mo.tɯŋ.kʌl.pa.k͈ul.su],[mo.dɯn.gʌl.ba.k͈ul.su]
지나고 나면,26,[tʃi.na.ko.na.mjʌn],[dʒi.na.go.na.mjʌn]
그래 갖고,26,[kɯ.ɾɛ.kat̚.ko],[gɯ.ɾɛ.gat̚.ko]
단순한 게,26,[tan.sun.haŋ.ke],[dan.sun.han.ge]
기억을 잃은,26,[ki.ʌk̚.ɯl.il.ɯn],[gi.ʌk̚.ɯl.il.ɯn]
내 클럽에서,26,[nɛ.kʰɯl.ɾʌp̚.e.sʌ],[nɛ.kʰɯl.ɾʌp̚.e.sʌ]
이름을 알게,26,[i.ɾɯm.ɯl.al.ke],[i.ɾɯm.ɯl.al.ke]
용기 있는 한 걸음을,26,[joŋ.ki.it̚.nɯn.haŋ.kʌl.ɯm.ɯl],[joŋ.gi.it̚.nɯn.han.gʌl.ɯm.ɯl]
똑똑하지 않아,26,[t͈ok̚.t͈ok̚.ha.tʃi.an.a],[t͈ok̚.t͈ok̚.ha.dʒi.an.a]
거 많아,26,[kʌ.man.a],[gʌ.man.a]
to pick up,26,,
끝나는 거,26,[k͈ɯt̚.na.nɯŋ.kʌ],[k͈ɯt̚.na.nɯn.gʌ]
마 그래도,26,[ma.kɯ.ɾɛ.to],[ma.gɯ.ɾɛ.do]
될 거예요 하지만,26,[twel.kʌ.je.jo.ha.tʃi.man],[dwel.gʌ.je.jo.ha.dʒi.man]
곧 도착해요,26,[kot̚.to.tʃʰak̚.hɛ.jo],[got̚.do.tʃʰak̚.hɛ.jo]
말이야 아마도,26,[mal.i.ja.a.ma.to],[mal.i.ja.a.ma.do]
등에 업고,26,[tɯŋ.e.ʌp̚.ko],[dɯŋ.e.ʌp̚.ko]
기폭 장치가,26,[ki.pʰok̚.tʃaŋ.tʃʰi.ka],[gi.pʰok̚.dʒaŋ.tʃʰi.ga]
셀리나 마이어,26,[sel.ɾi.na.ma.i.ʌ],[sel.ɾi.na.ma.i.ʌ]
아빠 야,26,[a.p͈a.ja],[a.p͈a.ja]
보여요 내가,26,[po.jʌ.jo.nɛ.ka],[bo.jʌ.jo.nɛ.ga]
될 것 같소,26,[twel.kʌt̚.kat̚.so],[dwel.gʌt̚.gat̚.so]
힘에 의해,26,[him.e.ɯi.hɛ],[him.e.ɯi.hɛ]
건 사람들이,26,[kʌn.sa.ɾan.tɯl.i],[gʌn.sa.ɾan.tɯl.i]
절대 헛되게,26,[tʃʌl.tɛ.hʌt̚.twe.ke],[dʒʌl.tɛ.hʌt̚.twe.ge]
수 있는 곳이죠,26,[su.it̚.nɯŋ.kot̚.i.tʃjo],[su.it̚.nɯn.got̚.i.dʒjo]
그럼 아빠,26,[kɯ.ɾʌm.a.p͈a],[gɯ.ɾʌm.a.p͈a]
불러줘요 그,26,[pul.ɾʌ.tʃwʌ.jo.kɯ],[bul.ɾʌ.dʒwʌ.jo.gɯ]
봐 아마,26,[pwa.a.ma],[bwa.a.ma]
알았어 그런,26,[al.at̚.ʌ.kɯ.ɾʌn],[al.at̚.ʌ.gɯ.ɾʌn]
못된 것,26,[mot̚.tweŋ.kʌt̚],[mot̚.twen.gʌt̚]
알았어 그러면,26,[al.at̚.ʌ.kɯ.ɾʌ.mjʌn],[al.at̚.ʌ.gɯ.ɾʌ.mjʌn]
당신을 먼저,26,[taŋ.sin.ɯl.mʌn.tʃʌ],[daŋ.sin.ɯl.mʌn.tʃʌ]
많이 필요할,26,[man.i.pʰil.jo.hal],[man.i.pʰil.jo.hal]
붉은 도포,26,[puk̚.ɯn.to.pʰo],[buk̚.ɯn.do.pʰo]
걸 얻지,26,[kʌl.ʌt̚.tʃi],[gʌl.ʌt̚.tʃi]
못 하나요,26,[mot̚.ha.na.jo],[mot̚.ha.na.jo]
나는 말,26,[na.nɯn.mal],[na.nɯn.mal]
곧 도착해,26,[kot̚.to.tʃʰak̚.hɛ],[got̚.do.tʃʰak̚.hɛ]
잠재력이 있어,26,[tʃan.tʃɛ.ɾjʌk̚.i.it̚.ʌ],[dʒan.tʃɛ.ɾjʌk̚.i.it̚.ʌ]
깃털 달린,26,[kit̚.tʰʌl.tal.ɾin],[git̚.tʰʌl.dal.ɾin]
알았어 너도,26,[al.at̚.ʌ.nʌ.to],[al.at̚.ʌ.nʌ.do]
여전히 그의,26,[jʌ.tʃʌn.hi.kɯ.ɯi],[jʌ.dʒʌn.hi.gɯ.ɯi]
한번 해 볼래,26,[ham.pʌn.hɛ.pol.ɾɛ],[ham.pʌn.hɛ.bol.ɾɛ]
자는 거예요,26,[tʃa.nɯŋ.kʌ.je.jo],[dʒa.nɯn.gʌ.je.jo]
나아 간다,26,[na.a.kan.ta],[na.a.gan.ta]
고약한 냄새가,26,[ko.jak̚.han.nɛm.sɛ.ka],[go.jak̚.han.nɛm.sɛ.ga]
백성을 훔친 도적,26,[pɛk̚.sʌŋ.ɯl.hun.tʃʰin.to.tʃʌk̚],[bɛk̚.sʌŋ.ɯl.hun.tʃʰin.do.dʒʌk̚]
그냥 바닥에,26,[kɯ.njam.pa.tak̚.e],[gɯ.njaŋ.ba.dak̚.e]
우리 눈앞에서,26,[u.ɾi.nun.ap̚.e.sʌ],[u.ɾi.nun.ap̚.e.sʌ]
우리 중에서,26,[u.ɾi.tʃuŋ.e.sʌ],[u.ɾi.dʒuŋ.e.sʌ]
초대할 거야,26,[tʃʰo.tɛ.hal.kʌ.ja],[tʃʰo.dɛ.hal.gʌ.ja]
어떻게 하는 거지,26,[ʌ.t͈ʌt̚.ke.ha.nɯŋ.kʌ.tʃi],[ʌ.t͈ʌt̚.ke.ha.nɯn.gʌ.dʒi]
따끔한 맛을,26,[t͈a.k͈ɯm.han.mat̚.ɯl],[t͈a.k͈ɯm.han.mat̚.ɯl]
보이지 않는 바람이 가져다,26,[po.i.tʃi.an.nɯm.pa.ɾam.i.ka.tʃjʌ.ta],[bo.i.dʒi.an.nɯn.ba.ɾam.i.ga.dʒjʌ.da]
푸드 트럭,26,[pʰu.tɯ.tʰɯ.ɾʌk̚],[pʰu.dɯ.tʰɯ.ɾʌk̚]
하세요 내,26,[ha.se.jo.nɛ],[ha.se.jo.nɛ]
그래 전부,26,[kɯ.ɾɛ.tʃʌm.pu],[gɯ.ɾɛ.dʒʌm.pu]
혼자가 아니야 소중한,26,[hon.tʃa.ka.a.ni.ja.so.tʃuŋ.han],[hon.tʃa.ga.a.ni.ja.so.dʒuŋ.han]
건 쉬운 일이,26,[kʌn.swi.un.il.i],[gʌn.swi.un.il.i]
한 걸음을 내딛는다면 더,26,[haŋ.kʌl.ɯm.ɯl.lɛ.tit̚.nɯn.ta.mjʌn.tʌ],[han.gʌl.ɯm.ɯl.lɛ.dit̚.nɯn.ta.mjʌn.dʌ]
집 같아,26,[tʃip̚.kat̚.a],[dʒip̚.gat̚.a]
이렇게 자꾸,26,[i.ɾʌt̚.ke.tʃa.k͈u],[i.ɾʌt̚.ke.dʒa.k͈u]
정말 원하는 게,26,[tʃʌŋ.mal.wʌn.ha.nɯŋ.ke],[dʒʌŋ.mal.wʌn.ha.nɯn.ge]
때 말이야 내가,26,[t͈ɛ.mal.i.ja.nɛ.ka],[t͈ɛ.mal.i.ja.nɛ.ga]
가장 귀한,26,[ka.tʃaŋ.kwi.han],[ga.dʒaŋ.gwi.han]
우리 때는,26,[u.ɾi.t͈ɛ.nɯn],[u.ɾi.t͈ɛ.nɯn]
네가 사람들을,26,[ne.ka.sa.ɾan.tɯl.ɯl],[ne.ga.sa.ɾan.tɯl.ɯl]
못 할 거 같아,26,[mot̚.hal.kʌ.kat̚.a],[mot̚.hal.gʌ.gat̚.a]
거고 또,26,[kʌ.ko.t͈o],[gʌ.go.t͈o]
그 방향으로,26,[kɯ.paŋ.hjaŋ.ɯ.ɾo],[gɯ.baŋ.hjaŋ.ɯ.ɾo]
될거 같은데,26,[twel.kʌ.kat̚.ɯn.te],[dwel.kʌ.gat̚.ɯn.te]
무슨 일인지 몰라도,26,[mu.sɯn.il.in.tʃi.mol.ɾa.to],[mu.sɯn.il.in.tʃi.mol.ɾa.do]
알 파치노,26,[al.pʰa.tʃʰi.no],[al.pʰa.tʃʰi.no]
만들어 주마,26,[man.tɯl.ʌ.tʃu.ma],[man.tɯl.ʌ.dʒu.ma]
돈 따위 처음부터 바란,26,[ton.t͈a.wi.tʃʰʌ.ɯm.pu.tʰʌ.pa.ɾan],[don.t͈a.wi.tʃʰʌ.ɯm.pu.tʰʌ.ba.ɾan]
nbsp 알렉스,26,[al.ɾek̚.sɯ],[al.ɾek̚.sɯ]
서두르는 게 좋을 거야,26,[sʌ.tu.ɾɯ.nɯŋ.ke.tʃot̚.ɯl.kʌ.ja],[sʌ.du.ɾɯ.nɯn.ge.dʒot̚.ɯl.gʌ.ja]
저 여자예요,26,[tʃʌ.jʌ.tʃa.je.jo],[dʒʌ.jʌ.dʒa.je.jo]
필요까진 없잖아,26,[pʰil.jo.k͈a.tʃin.ʌp̚.tʃan.a],[pʰil.jo.k͈a.dʒin.ʌp̚.tʃan.a]
새 거,26,[sɛ.kʌ],[sɛ.gʌ]
그건 자살,26,[kɯ.kʌn.tʃa.sal],[gɯ.gʌn.dʒa.sal]
건 싫거든,26,[kʌn.sil.kʌ.tɯn],[gʌn.sil.kʌ.dɯn]
겨누고 있는,26,[kjʌ.nu.ko.it̚.nɯn],[gjʌ.nu.go.it̚.nɯn]
서두르면 안,26,[sʌ.tu.ɾɯ.mjʌn.an],[sʌ.du.ɾɯ.mjʌn.an]
아빠 오늘,26,[a.p͈a.o.nɯl],[a.p͈a.o.nɯl]
신세 졌어,26,[sin.se.tʃjʌt̚.ʌ],[sin.se.dʒjʌt̚.ʌ]
the same to,26,,
홀딱 벗은,26,[hol.t͈ak̚.pʌt̚.ɯn],[hol.t͈ak̚.bʌt̚.ɯn]
결혼 서약을,26,[kjʌl.hon.sʌ.jak̚.ɯl],[gjʌl.hon.sʌ.jak̚.ɯl]
주는 사람을,26,[tʃu.nɯn.sa.ɾam.ɯl],[dʒu.nɯn.sa.ɾam.ɯl]
나타나서 날,26,[na.tʰa.na.sʌ.nal],[na.tʰa.na.sʌ.nal]
가지고 있다가,26,[ka.tʃi.ko.it̚.ta.ka],[ga.dʒi.go.it̚.ta.ga]
존 폴,26,[tʃom.pʰol],[dʒom.pʰol]
네 가짜,26,[ne.ka.tʃ͈a],[ne.ga.tʃ͈a]
내가 아침,26,[nɛ.ka.a.tʃʰim],[nɛ.ga.a.tʃʰim]
저와 결혼해,26,[tʃʌ.wa.kjʌl.hon.hɛ],[dʒʌ.wa.gjʌl.hon.hɛ]
머리에 올려,26,[mʌ.ɾi.e.ol.ɾjʌ],[mʌ.ɾi.e.ol.ɾjʌ]
그렇다면 당신이,26,[kɯ.ɾʌt̚.ta.mjʌn.taŋ.sin.i],[gɯ.ɾʌt̚.ta.mjʌn.daŋ.sin.i]
거야 농담,26,[kʌ.ja.noŋ.tam],[gʌ.ja.noŋ.dam]
뭐 괜찮아요,26,[mwʌ.kwɛn.tʃʰan.a.jo],[mwʌ.gwɛn.tʃʰan.a.jo]
흘러가는 대로,26,[hɯl.ɾʌ.ka.nɯn.tɛ.ɾo],[hɯl.ɾʌ.ga.nɯn.dɛ.ɾo]
빛을 볼,26,[pit̚.ɯl.pol],[bit̚.ɯl.bol]
얼굴을 다시,26,[ʌl.kul.ɯl.ta.si],[ʌl.kul.ɯl.da.si]
마세요 제발요,26,[ma.se.jo.tʃe.pal.jo],[ma.se.jo.dʒe.bal.jo]
맞아 아니야,26,[mat̚.a.a.ni.ja],[mat̚.a.a.ni.ja]
번 말해 줄래요,26,[pʌn.mal.hɛ.tʃul.ɾɛ.jo],[bʌn.mal.hɛ.dʒul.ɾɛ.jo]
고통받고 있어,26,[ko.tʰom.pat̚.ko.it̚.ʌ],[go.tʰoŋ.bat̚.ko.it̚.ʌ]
끝낼 것이다,26,[k͈ɯt̚.nɛl.kʌt̚.i.ta],[k͈ɯt̚.nɛl.gʌt̚.i.da]
a phone,26,,
분은 내,26,[pun.ɯn.nɛ],[bun.ɯn.nɛ]
널 선택했어,26,[nʌl.sʌn.tʰɛk̚.hɛt̚.ʌ],[nʌl.sʌn.tʰɛk̚.hɛt̚.ʌ]
적 있었어요,26,[tʃʌk̚.it̚.ʌt̚.ʌ.jo],[dʒʌk̚.it̚.ʌt̚.ʌ.jo]
나가서 바람 좀,26,[na.ka.sʌ.pa.ɾan.tʃom],[na.ga.sʌ.ba.ɾam.dʒom]
여쭤볼 게 있어서요,26,[jʌ.tʃ͈wʌ.pol.ke.it̚.ʌ.sʌ.jo],[jʌ.tʃ͈wʌ.bol.ge.it̚.ʌ.sʌ.jo]
몰랐어요 난,26,[mol.ɾat̚.ʌ.jo.nan],[mol.ɾat̚.ʌ.jo.nan]
않아요 어떻게,26,[an.a.jo.ʌ.t͈ʌt̚.ke],[an.a.jo.ʌ.t͈ʌt̚.ke]
이건 미친짓이야,26,[i.kʌn.mi.tʃʰin.tʃit̚.i.ja],[i.gʌn.mi.tʃʰin.tʃit̚.i.ja]
그렇습니다 그리고,26,[kɯ.ɾʌt̚.sɯp̚.ni.ta.kɯ.ɾi.ko],[gɯ.ɾʌt̚.sɯp̚.ni.da.gɯ.ɾi.go]
대 인 간 이,26,[tɛ.iŋ.kan.i],[dɛ.in.gan.i]
밖에 없다고,26,[pak̚.e.ʌp̚.ta.ko],[bak̚.e.ʌp̚.ta.go]
뭐가 문제인,26,[mwʌ.ka.mun.tʃe.in],[mwʌ.ga.mun.tʃe.in]
그야 당연히,26,[kɯ.ja.taŋ.jʌn.hi],[gɯ.ja.daŋ.jʌn.hi]
less than,26,,
불러줘요 그 소녀가 나일까요,26,[pul.ɾʌ.tʃwʌ.jo.kɯ.so.njʌ.ka.na.il.k͈a.jo],[bul.ɾʌ.dʒwʌ.jo.gɯ.so.njʌ.ga.na.il.k͈a.jo]
계속 진행할,26,[kje.sok̚.tʃin.hɛŋ.hal],[gje.sok̚.dʒin.hɛŋ.hal]
형 그,26,[hjʌŋ.kɯ],[hjʌŋ.gɯ]
전 사람들이,26,[tʃʌn.sa.ɾan.tɯl.i],[dʒʌn.sa.ɾan.tɯl.i]
편하게 앉아,26,[pʰjʌn.ha.ke.an.a],[pʰjʌn.ha.ge.an.a]
넌 길을,26,[nʌŋ.kil.ɯl],[nʌn.gil.ɯl]
갈 데 있어,26,[kal.te.it̚.ʌ],[gal.de.it̚.ʌ]
this little,26,,
수 있는 일은 없어,26,[su.it̚.nɯn.il.ɯn.ʌp̚.ʌ],[su.it̚.nɯn.il.ɯn.ʌp̚.ʌ]
안 한다는 거야,26,[an.han.ta.nɯŋ.kʌ.ja],[an.han.ta.nɯn.gʌ.ja]
전 준비됐습니다,26,[tʃʌn.tʃum.pi.twɛt̚.sɯp̚.ni.ta],[dʒʌn.dʒum.pi.dwɛt̚.sɯp̚.ni.da]
늦게 왔어요,26,[nɯt̚.ke.wat̚.ʌ.jo],[nɯt̚.ke.wat̚.ʌ.jo]
늦게 전화해서,26,[nɯt̚.ke.tʃʌn.hwa.hɛ.sʌ],[nɯt̚.ke.dʒʌn.hwa.hɛ.sʌ]
주는 것은,26,[tʃu.nɯŋ.kʌt̚.ɯn],[dʒu.nɯn.gʌt̚.ɯn]
우리 집까지,26,[u.ɾi.tʃip̚.k͈a.tʃi],[u.ɾi.dʒip̚.k͈a.dʒi]
넌 날 배신했어,26,[nʌn.nal.pɛ.sin.hɛt̚.ʌ],[nʌn.nal.bɛ.sin.hɛt̚.ʌ]
그래야 이,26,[kɯ.ɾɛ.ja.i],[gɯ.ɾɛ.ja.i]
그 내용이,26,[kɯ.nɛ.joŋ.i],[gɯ.nɛ.joŋ.i]
음 그리고,26,[ɯm.kɯ.ɾi.ko],[ɯm.gɯ.ɾi.go]
확인 바람,26,[hwak̚.im.pa.ɾam],[hwak̚.in.ba.ɾam]
우리 큰,26,[u.ɾi.kʰɯn],[u.ɾi.kʰɯn]
그 중 한 명이,26,[kɯ.tʃuŋ.han.mjʌŋ.i],[gɯ.dʒuŋ.han.mjʌŋ.i]
당신은 또한,26,[taŋ.sin.ɯn.t͈o.han],[daŋ.sin.ɯn.t͈o.han]
주님의 뜻을,26,[tʃu.nim.ɯi.t͈ɯt̚.ɯl],[dʒu.nim.ɯi.t͈ɯt̚.ɯl]
말이죠 무슨,26,[mal.i.tʃjo.mu.sɯn],[mal.i.dʒjo.mu.sɯn]
이런 때,26,[i.ɾʌn.t͈ɛ],[i.ɾʌn.t͈ɛ]
우리 행성에,26,[u.ɾi.hɛŋ.sʌŋ.e],[u.ɾi.hɛŋ.sʌŋ.e]
우리 형을,26,[u.ɾi.hjʌŋ.ɯl],[u.ɾi.hjʌŋ.ɯl]
총 줘요,26,[tʃʰoŋ.tʃwʌ.jo],[tʃʰoŋ.dʒwʌ.jo]
보고 싶어하지,26,[po.ko.sip̚.ʌ.ha.tʃi],[bo.go.sip̚.ʌ.ha.dʒi]
you asked,26,,
거 뻔히 알면서,26,[kʌ.p͈ʌn.hi.al.mjʌn.sʌ],[gʌ.p͈ʌn.hi.al.mjʌn.sʌ]
백인 여자,26,[pɛk̚.in.jʌ.tʃa],[bɛk̚.in.jʌ.dʒa]
그걸 내게,26,[kɯ.kʌl.lɛ.ke],[gɯ.gʌl.lɛ.ge]
따위 처음부터,26,[t͈a.wi.tʃʰʌ.ɯm.pu.tʰʌ],[t͈a.wi.tʃʰʌ.ɯm.pu.tʰʌ]
못하게 했어요,26,[mot̚.ha.ke.hɛt̚.ʌ.jo],[mot̚.ha.ge.hɛt̚.ʌ.jo]
그들의 유일한,26,[kɯ.tɯl.ɯi.ju.il.han],[gɯ.dɯl.ɯi.ju.il.han]
거기 있는 건,26,[kʌ.ki.it̚.nɯŋ.kʌn],[gʌ.gi.it̚.nɯn.gʌn]
Talk to,26,,
그렇지 오늘,26,[kɯ.ɾʌt̚.tʃi.o.nɯl],[gɯ.ɾʌt̚.tʃi.o.nɯl]
걸 이미 알고,26,[kʌl.i.mi.al.ko],[gʌl.i.mi.al.ko]
한다고 말하는,26,[han.ta.ko.mal.ha.nɯn],[han.ta.go.mal.ha.nɯn]
물론이지 네가,26,[mul.ɾon.i.tʃi.ne.ka],[mul.ɾon.i.dʒi.ne.ga]
못하고 있다,26,[mot̚.ha.ko.it̚.ta],[mot̚.ha.go.it̚.ta]
않은 곳,26,[an.ɯŋ.kot̚],[an.ɯn.got̚]
총격 사건에,26,[tʃʰoŋ.kjʌk̚.sa.kʌn.e],[tʃʰoŋ.gjʌk̚.sa.gʌn.e]
내가 얼마나 사랑하는지,26,[nɛ.ka.ʌl.ma.na.sa.ɾaŋ.ha.nɯn.tʃi],[nɛ.ga.ʌl.ma.na.sa.ɾaŋ.ha.nɯn.tʃi]
내 마음속,26,[nɛ.ma.ɯm.sok̚],[nɛ.ma.ɯm.sok̚]
갖고 왔는데,26,[kat̚.ko.wat̚.nɯn.te],[gat̚.ko.wat̚.nɯn.te]
누가 할래,26,[nu.ka.hal.ɾɛ],[nu.ga.hal.ɾɛ]
했어 사실,26,[hɛt̚.ʌ.sa.sil],[hɛt̚.ʌ.sa.sil]
전화 받았어요,26,[tʃʌn.hwa.pat̚.at̚.ʌ.jo],[dʒʌn.hwa.bat̚.at̚.ʌ.jo]
끝을 봐야지,26,[k͈ɯt̚.ɯl.pwa.ja.tʃi],[k͈ɯt̚.ɯl.bwa.ja.dʒi]
땐 이런,26,[t͈ɛn.i.ɾʌn],[t͈ɛn.i.ɾʌn]
법을 어기고,26,[pʌp̚.ɯl.ʌ.ki.ko],[bʌp̚.ɯl.ʌ.gi.go]
널 안고,26,[nʌl.aŋ.ko],[nʌl.aŋ.ko]
마지막으로 만난,26,[ma.tʃi.mak̚.ɯ.ɾo.man.nan],[ma.dʒi.mak̚.ɯ.ɾo.man.nan]
계속할 거예요,26,[kje.sok̚.hal.kʌ.je.jo],[gje.sok̚.hal.gʌ.je.jo]
보일 줄,26,[po.il.tʃul],[bo.il.dʒul]
정당화할 수,26,[tʃʌŋ.taŋ.hwa.hal.su],[dʒʌŋ.daŋ.hwa.hal.su]
못하면 어떻게,26,[mot̚.ha.mjʌn.ʌ.t͈ʌt̚.ke],[mot̚.ha.mjʌn.ʌ.t͈ʌt̚.ke]
분 정도면,26,[pun.tʃʌŋ.to.mjʌn],[bun.dʒʌŋ.do.mjʌn]
in the house,26,,
이름에 먹칠을,26,[i.ɾɯm.e.mʌk̚.tʃʰil.ɯl],[i.ɾɯm.e.mʌk̚.tʃʰil.ɯl]
얘기하려고 했어,26,[jɛ.ki.ha.ɾjʌ.ko.hɛt̚.ʌ],[jɛ.gi.ha.ɾjʌ.go.hɛt̚.ʌ]
총상을 입고,26,[tʃʰoŋ.saŋ.ɯl.ip̚.ko],[tʃʰoŋ.saŋ.ɯl.ip̚.ko]
경찰 아니에요,26,[kjʌŋ.tʃʰal.a.ni.e.jo],[gjʌŋ.tʃʰal.a.ni.e.jo]
from now,26,,
아내를 잃은,26,[a.nɛ.ɾɯl.il.ɯn],[a.nɛ.ɾɯl.il.ɯn]
뭘 하시는,26,[mwʌl.ha.si.nɯn],[mwʌl.ha.si.nɯn]
두들겨 맞은,26,[tu.tɯl.kjʌ.mat̚.ɯn],[du.dɯl.kjʌ.mat̚.ɯn]
우리가 범인을,26,[u.ɾi.ka.pʌm.in.ɯl],[u.ɾi.ga.bʌm.in.ɯl]
거예요 그들은,26,[kʌ.je.jo.kɯ.tɯl.ɯn],[gʌ.je.jo.gɯ.dɯl.ɯn]
건데 안,26,[kʌn.te.an],[gʌn.te.an]
어디로 가는 거예요,26,[ʌ.ti.ɾo.ka.nɯŋ.kʌ.je.jo],[ʌ.di.ɾo.ga.nɯn.gʌ.je.jo]
아무도 아닌,26,[a.mu.to.a.nin],[a.mu.do.a.nin]
블랙 라이더즈의,26,[pɯl.ɾɛk̚.ɾa.i.tʌ.tʃɯ.ɯi],[bɯl.ɾɛk̚.ɾa.i.dʌ.dʒɯ.ɯi]
여길 오다니,26,[jʌ.kil.o.ta.ni],[jʌ.gil.o.da.ni]
그치만 내가,26,[kɯ.tʃʰi.man.nɛ.ka],[gɯ.tʃʰi.man.nɛ.ga]
보면 참,26,[po.mjʌn.tʃʰam],[bo.mjʌn.tʃʰam]
할만큼 했어,26,[hal.maŋ.kʰɯm.hɛt̚.ʌ],[hal.maŋ.kʰɯm.hɛt̚.ʌ]
우리가 알아,26,[u.ɾi.ka.al.a],[u.ɾi.ga.al.a]
보내 드리죠,26,[po.nɛ.tɯ.ɾi.tʃjo],[bo.nɛ.dɯ.ɾi.dʒjo]
당신을 죽이는,26,[taŋ.sin.ɯl.tʃuk̚.i.nɯn],[daŋ.sin.ɯl.dʒuk̚.i.nɯn]
너 사랑해,26,[nʌ.sa.ɾaŋ.hɛ],[nʌ.sa.ɾaŋ.hɛ]
you''re saying,26,,
있다면 아마,26,[it̚.ta.mjʌn.a.ma],[it̚.ta.mjʌn.a.ma]
수 있는지는,26,[su.it̚.nɯn.tʃi.nɯn],[su.it̚.nɯn.tʃi.nɯn]
실수를 하게,26,[sil.su.ɾɯl.ha.ke],[sil.su.ɾɯl.ha.ge]
어제 너무,26,[ʌ.tʃe.nʌ.mu],[ʌ.dʒe.nʌ.mu]
부동산 중개인,26,[pu.toŋ.san.tʃuŋ.kɛ.in],[bu.doŋ.san.dʒuŋ.gɛ.in]
합니다 잘,26,[hap̚.ni.ta.tʃal],[hap̚.ni.da.dʒal]
내 말은 이,26,[nɛ.mal.ɯn.i],[nɛ.mal.ɯn.i]
빨리 와주세요,26,[p͈al.ɾi.wa.tʃu.se.jo],[p͈al.ɾi.wa.dʒu.se.jo]
그래요 다시,26,[kɯ.ɾɛ.jo.ta.si],[gɯ.ɾɛ.jo.da.si]
할 수가 없네요,26,[hal.su.ka.ʌp̚.ne.jo],[hal.su.ga.ʌp̚.ne.jo]
한자와 나오키 제,26,[han.tʃa.wa.na.o.kʰi.tʃe],[han.tʃa.wa.na.o.kʰi.dʒe]
거 아니거든요,26,[kʌ.a.ni.kʌ.tɯn.jo],[gʌ.a.ni.gʌ.dɯn.jo]
Go home,26,,
못 말린다니까,26,[mot̚.mal.ɾin.ta.ni.k͈a],[mot̚.mal.ɾin.ta.ni.k͈a]
違う世界の青を見たい 다른 세상의,26,[ta.ɾɯn.se.saŋ.ɯi],[da.ɾɯn.se.saŋ.ɯi]
단순하지 않아,26,[tan.sun.ha.tʃi.an.a],[dan.sun.ha.dʒi.an.a]
주말에 뭐,26,[tʃu.mal.e.mwʌ],[dʒu.mal.e.mwʌ]
괜찮아 아주,26,[kwɛn.tʃʰan.a.a.tʃu],[gwɛn.tʃʰan.a.a.dʒu]
그들이 왔다,26,[kɯ.tɯl.i.wat̚.ta],[gɯ.dɯl.i.wat̚.ta]
해 이것,26,[hɛ.i.kʌt̚],[hɛ.i.gʌt̚]
밥은 먹고,26,[pap̚.ɯn.mʌk̚.ko],[bap̚.ɯn.mʌk̚.ko]
나가고 싶으면,26,[na.ka.ko.sip̚.ɯ.mjʌn],[na.ga.go.sip̚.ɯ.mjʌn]
소중한 사람을 지키기,26,[so.tʃuŋ.han.sa.ɾam.ɯl.tʃi.kʰi.ki],[so.dʒuŋ.han.sa.ɾam.ɯl.dʒi.kʰi.gi]
주세요 알겠어요,26,[tʃu.se.jo.al.ket̚.ʌ.jo],[dʒu.se.jo.al.ket̚.ʌ.jo]
서로 원하는,26,[sʌ.ɾo.wʌn.ha.nɯn],[sʌ.ɾo.wʌn.ha.nɯn]
편히 앉아서,26,[pʰjʌn.hi.an.a.sʌ],[pʰjʌn.hi.an.a.sʌ]
필요해 당신이,26,[pʰil.jo.hɛ.taŋ.sin.i],[pʰil.jo.hɛ.daŋ.sin.i]
지낼 수 있을 거야,26,[tʃi.nɛl.su.it̚.ɯl.kʌ.ja],[dʒi.nɛl.su.it̚.ɯl.gʌ.ja]
여러분 우리가,26,[jʌ.ɾʌ.pun.u.ɾi.ka],[jʌ.ɾʌ.bun.u.ɾi.ga]
몇 시간 안,26,[mjʌt̚.si.kan.an],[mjʌt̚.si.gan.an]
어젯밤 이후로,26,[ʌ.tʃet̚.pam.i.hu.ɾo],[ʌ.dʒet̚.pam.i.hu.ɾo]
이유가 뭐요,26,[i.ju.ka.mwʌ.jo],[i.ju.ga.mwʌ.jo]
전부 네가,26,[tʃʌm.pu.ne.ka],[dʒʌm.pu.ne.ga]
돼요 만약,26,[twɛ.jo.man.jak̚],[dwɛ.jo.man.jak̚]
일들이 일어나고,26,[il.tɯl.i.il.ʌ.na.ko],[il.tɯl.i.il.ʌ.na.go]
치고 있어요,26,[tʃʰi.ko.it̚.ʌ.jo],[tʃʰi.go.it̚.ʌ.jo]
겪어야 할,26,[kjʌk̚.ʌ.ja.hal],[gjʌk̚.ʌ.ja.hal]
우리가 친구인,26,[u.ɾi.ka.tʃʰiŋ.ku.in],[u.ɾi.ga.tʃʰiŋ.ku.in]
재미로 한,26,[tʃɛ.mi.ɾo.han],[dʒɛ.mi.ɾo.han]
소중한 사람을 지키기 위해서,26,[so.tʃuŋ.han.sa.ɾam.ɯl.tʃi.kʰi.ki.wi.hɛ.sʌ],[so.dʒuŋ.han.sa.ɾam.ɯl.dʒi.kʰi.gi.wi.hɛ.sʌ]
違う世界の青を見たい 다른 세상의 푸른,26,[ta.ɾɯn.se.saŋ.ɯi.pʰu.ɾɯn],[da.ɾɯn.se.saŋ.ɯi.pʰu.ɾɯn]
게 많잖아,26,[ke.man.tʃan.a],[ge.man.tʃan.a]
우리가 도착했을,26,[u.ɾi.ka.to.tʃʰak̚.hɛt̚.ɯl],[u.ɾi.ga.do.tʃʰak̚.hɛt̚.ɯl]
데이트 하고,26,[te.i.tʰɯ.ha.ko],[de.i.tʰɯ.ha.go]
그렇지는 않습니다,26,[kɯ.ɾʌt̚.tʃi.nɯn.an.sɯp̚.ni.ta],[gɯ.ɾʌt̚.tʃi.nɯn.an.sɯp̚.ni.da]
분자 가속기가,26,[pun.tʃa.ka.sok̚.ki.ka],[bun.tʃa.ga.sok̚.ki.ga]
실패할 수도,26,[sil.pʰɛ.hal.su.to],[sil.pʰɛ.hal.su.do]
정체를 숨기고,26,[tʃʌŋ.tʃʰe.ɾɯl.sum.ki.ko],[dʒʌŋ.tʃʰe.ɾɯl.sum.ki.go]
주소 보내,26,[tʃu.so.po.nɛ],[dʒu.so.bo.nɛ]
보통은 안,26,[po.tʰoŋ.ɯn.an],[bo.tʰoŋ.ɯn.an]
블록만 가면,26,[pɯl.ɾok̚.maŋ.ka.mjʌn],[bɯl.ɾok̚.man.ga.mjʌn]
살까 봐,26,[sal.k͈a.pwa],[sal.k͈a.bwa]
어쨌든 그는,26,[ʌ.tʃ͈ɛt̚.tɯŋ.kɯ.nɯn],[ʌ.tʃ͈ɛt̚.tɯn.gɯ.nɯn]
필요해 지금 당장,26,[pʰil.jo.hɛ.tʃi.kɯn.taŋ.tʃaŋ],[pʰil.jo.hɛ.dʒi.gɯm.daŋ.dʒaŋ]
거예요 아무리,26,[kʌ.je.jo.a.mu.ɾi],[gʌ.je.jo.a.mu.ɾi]
있지 어떤,26,[it̚.tʃi.ʌ.t͈ʌn],[it̚.tʃi.ʌ.t͈ʌn]
외롭지 않아요,26,[we.ɾop̚.tʃi.an.a.jo],[we.ɾop̚.tʃi.an.a.jo]
전쟁이 일어날,26,[tʃʌn.tʃɛŋ.i.il.ʌ.nal],[dʒʌn.tʃɛŋ.i.il.ʌ.nal]
우리가 떠나는,26,[u.ɾi.ka.t͈ʌ.na.nɯn],[u.ɾi.ga.t͈ʌ.na.nɯn]
네가 내 인생을,26,[ne.ka.nɛ.in.sɛŋ.ɯl],[ne.ga.nɛ.in.sɛŋ.ɯl]
네가 아빠를,26,[ne.ka.a.p͈a.ɾɯl],[ne.ga.a.p͈a.ɾɯl]
누구보다도 더,26,[nu.ku.po.ta.to.tʌ],[nu.gu.bo.da.do.dʌ]
펼치게 해줘,26,[pʰjʌl.tʃʰi.ke.hɛ.tʃwʌ],[pʰjʌl.tʃʰi.ge.hɛ.dʒwʌ]
신문 좀,26,[sin.mun.tʃom],[sin.mun.dʒom]
말해 줘서 고마워,26,[mal.hɛ.tʃwʌ.sʌ.ko.ma.wʌ],[mal.hɛ.dʒwʌ.sʌ.go.ma.wʌ]
아뇨 아니에요,26,[a.njo.a.ni.e.jo],[a.njo.a.ni.e.jo]
우리는 늘,26,[u.ɾi.nɯn.nɯl],[u.ɾi.nɯn.nɯl]
의미가 있나,26,[ɯi.mi.ka.it̚.na],[ɯi.mi.ga.it̚.na]
아빠가 너한테,26,[a.p͈a.ka.nʌ.han.tʰe],[a.p͈a.ga.nʌ.han.tʰe]
거 아니에요 그럼,26,[kʌ.a.ni.e.jo.kɯ.ɾʌm],[gʌ.a.ni.e.jo.gɯ.ɾʌm]
책임 안,26,[tʃʰɛk̚.im.an],[tʃʰɛk̚.im.an]
앨리스 앨리스,26,[ɛl.ɾi.sɯ.ɛl.ɾi.sɯ],[ɛl.ɾi.sɯ.ɛl.ɾi.sɯ]
커버할 수,26,[kʰʌ.pʌ.hal.su],[kʰʌ.bʌ.hal.su]
분위기 파악,26,[pun.wi.ki.pʰa.ak̚],[bun.wi.gi.pʰa.ak̚]
그걸 어찌,26,[kɯ.kʌl.ʌ.tʃ͈i],[gɯ.gʌl.ʌ.tʃ͈i]
필요했던 거죠,26,[pʰil.jo.hɛt̚.tʌŋ.kʌ.tʃjo],[pʰil.jo.hɛt̚.tʌn.gʌ.dʒjo]
그럴 것 같진,26,[kɯ.ɾʌl.kʌt̚.kat̚.tʃin],[gɯ.ɾʌl.gʌt̚.gat̚.tʃin]
봐요 어서요,26,[pwa.jo.ʌ.sʌ.jo],[bwa.jo.ʌ.sʌ.jo]
알았지 하지만,26,[al.at̚.tʃi.ha.tʃi.man],[al.at̚.tʃi.ha.dʒi.man]
알게 되었을 때,26,[al.ke.twe.ʌt̚.ɯl.t͈ɛ],[al.ke.dwe.ʌt̚.ɯl.t͈ɛ]
두 번이면,26,[tu.pʌn.i.mjʌn],[du.bʌn.i.mjʌn]
얼마나 끔찍한,26,[ʌl.ma.na.k͈ɯn.tʃ͈ik̚.han],[ʌl.ma.na.k͈ɯn.tʃ͈ik̚.han]
우리는 오랫동안,26,[u.ɾi.nɯn.o.ɾɛt̚.toŋ.an],[u.ɾi.nɯn.o.ɾɛt̚.toŋ.an]
둘이 계속,26,[tul.i.kje.sok̚],[dul.i.gje.sok̚]
둘이 그렇게,26,[tul.i.kɯ.ɾʌt̚.ke],[dul.i.gɯ.ɾʌt̚.ke]
갑자기 뭔,26,[kap̚.tʃa.ki.mwʌn],[gap̚.tʃa.gi.mwʌn]
전화를 해요,26,[tʃʌn.hwa.ɾɯl.hɛ.jo],[dʒʌn.hwa.ɾɯl.hɛ.jo]
물론이지 좋아,26,[mul.ɾon.i.tʃi.tʃot̚.a],[mul.ɾon.i.dʒi.dʒot̚.a]
닿는 한 외쳐 きっといつか,26,[tat̚.nɯn.han.we.tʃʰjʌ],[dat̚.nɯn.han.we.tʃʰjʌ]
믿을 수 없었다,26,[mit̚.ɯl.su.ʌp̚.ʌt̚.ta],[mit̚.ɯl.su.ʌp̚.ʌt̚.ta]
우리는 정확히,26,[u.ɾi.nɯn.tʃʌŋ.hwak̚.hi],[u.ɾi.nɯn.dʒʌŋ.hwak̚.hi]
우릴 어떻게 찾았지,26,[u.ɾil.ʌ.t͈ʌt̚.ke.tʃʰat̚.at̚.tʃi],[u.ɾil.ʌ.t͈ʌt̚.ke.tʃʰat̚.at̚.tʃi]
의식을 잃게,26,[ɯi.sik̚.ɯl.il.ke],[ɯi.sik̚.ɯl.il.ke]
결정적인 증거가,26,[kjʌl.tʃʌŋ.tʃʌk̚.in.tʃɯŋ.kʌ.ka],[gjʌl.tʃʌŋ.dʒʌk̚.in.dʒɯŋ.gʌ.ga]
그를 잡아야,26,[kɯ.ɾɯl.tʃap̚.a.ja],[gɯ.ɾɯl.dʒap̚.a.ja]
그녀가 아는,26,[kɯ.njʌ.ka.a.nɯn],[gɯ.njʌ.ga.a.nɯn]
줘요 좋아요,26,[tʃwʌ.jo.tʃot̚.a.jo],[dʒwʌ.jo.dʒot̚.a.jo]
콜린스 경관,26,[kʰol.ɾin.sɯ.kjʌŋ.kwan],[kʰol.ɾin.sɯ.gjʌŋ.gwan]
떨리는 숨을 내뱉는다,26,[t͈ʌl.ɾi.nɯn.sum.ɯl.lɛ.pɛt̚.nɯn.ta],[t͈ʌl.ɾi.nɯn.sum.ɯl.lɛ.bɛt̚.nɯn.ta]
네 이야기,26,[ne.i.ja.ki],[ne.i.ja.gi]
그녀를 죽일거야,26,[kɯ.njʌ.ɾɯl.tʃuk̚.il.kʌ.ja],[gɯ.njʌ.ɾɯl.dʒuk̚.il.kʌ.ja]
안녕하세요 그럼,26,[an.njʌŋ.ha.se.jo.kɯ.ɾʌm],[an.njʌŋ.ha.se.jo.gɯ.ɾʌm]
제가 가볼게요,26,[tʃe.ka.ka.pol.ke.jo],[dʒe.ga.ga.bol.ke.jo]
버르장머리 없는,26,[pʌ.ɾɯ.tʃaŋ.mʌ.ɾi.ʌp̚.nɯn],[bʌ.ɾɯ.dʒaŋ.mʌ.ɾi.ʌp̚.nɯn]
이리로 와서,26,[i.ɾi.ɾo.wa.sʌ],[i.ɾi.ɾo.wa.sʌ]
괜찮아 여보,26,[kwɛn.tʃʰan.a.jʌ.po],[gwɛn.tʃʰan.a.jʌ.bo]
전해 드리겠습니다,26,[tʃʌn.hɛ.tɯ.ɾi.ket̚.sɯp̚.ni.ta],[dʒʌn.hɛ.dɯ.ɾi.get̚.sɯp̚.ni.da]
체포하는 건,26,[tʃʰe.pʰo.ha.nɯŋ.kʌn],[tʃʰe.pʰo.ha.nɯn.gʌn]
꼭 갖고,26,[k͈ok̚.kat̚.ko],[k͈ok̚.gat̚.ko]
그게 당신과,26,[kɯ.ke.taŋ.siŋ.kwa],[gɯ.ge.daŋ.siŋ.kwa]
자신의 한계를,26,[tʃa.sin.ɯi.haŋ.kje.ɾɯl],[dʒa.sin.ɯi.haŋ.kje.ɾɯl]
여기 새로,26,[jʌ.ki.sɛ.ɾo],[jʌ.gi.sɛ.ɾo]
있었어 아주,26,[it̚.ʌt̚.ʌ.a.tʃu],[it̚.ʌt̚.ʌ.a.dʒu]
실례할게요 네,26,[sil.ɾje.hal.ke.jo.ne],[sil.ɾje.hal.ke.jo.ne]
물어보지 않았어,26,[mul.ʌ.po.tʃi.an.at̚.ʌ],[mul.ʌ.bo.dʒi.an.at̚.ʌ]
자네 잘못이,26,[tʃa.ne.tʃal.mot̚.i],[dʒa.ne.dʒal.mot̚.i]
주지 못해서,26,[tʃu.tʃi.mot̚.hɛ.sʌ],[dʒu.dʒi.mot̚.hɛ.sʌ]
말이야 아니야,26,[mal.i.ja.a.ni.ja],[mal.i.ja.a.ni.ja]
넌 밖에,26,[nʌm.pak̚.e],[nʌn.bak̚.e]
서류 가방에,26,[sʌ.ɾju.ka.paŋ.e],[sʌ.ɾju.ga.baŋ.e]
두려운 거예요,26,[tu.ɾjʌ.uŋ.kʌ.je.jo],[du.ɾjʌ.un.gʌ.je.jo]
우리말 번역,26,[u.ɾi.mal.pʌn.jʌk̚],[u.ɾi.mal.bʌn.jʌk̚]
빨리 줘요,26,[p͈al.ɾi.tʃwʌ.jo],[p͈al.ɾi.dʒwʌ.jo]
두려운 거,26,[tu.ɾjʌ.uŋ.kʌ],[du.ɾjʌ.un.gʌ]
우리만 아는,26,[u.ɾi.man.a.nɯn],[u.ɾi.man.a.nɯn]
모두 이렇게,26,[mo.tu.i.ɾʌt̚.ke],[mo.du.i.ɾʌt̚.ke]
생각 중입니다,26,[sɛŋ.kak̚.tʃuŋ.ip̚.ni.ta],[sɛŋ.gak̚.dʒuŋ.ip̚.ni.da]
무기가 있어,26,[mu.ki.ka.it̚.ʌ],[mu.gi.ga.it̚.ʌ]
밥 리는,26,[pap̚.ɾi.nɯn],[bap̚.ɾi.nɯn]
두는 거,26,[tu.nɯŋ.kʌ],[du.nɯn.gʌ]
죽게 될 겁니다,26,[tʃuk̚.ke.twel.kʌp̚.ni.ta],[dʒuk̚.ke.dwel.gʌp̚.ni.da]
우리가 상관할,26,[u.ɾi.ka.saŋ.kwan.hal],[u.ɾi.ga.saŋ.gwan.hal]
기회를 얻게,26,[ki.hwe.ɾɯl.ʌt̚.ke],[gi.hwe.ɾɯl.ʌt̚.ke]
돈은 왜,26,[ton.ɯn.wɛ],[don.ɯn.wɛ]
내 팔이,26,[nɛ.pʰal.i],[nɛ.pʰal.i]
이건 여기,26,[i.kʌn.jʌ.ki],[i.gʌn.jʌ.gi]
우리가 바꿀,26,[u.ɾi.ka.pa.k͈ul],[u.ɾi.ga.ba.k͈ul]
제 전화,26,[tʃe.tʃʌn.hwa],[dʒe.dʒʌn.hwa]
보기에 당신은,26,[po.ki.e.taŋ.sin.ɯn],[bo.gi.e.daŋ.sin.ɯn]
무너뜨릴 거야,26,[mu.nʌ.t͈ɯ.ɾil.kʌ.ja],[mu.nʌ.t͈ɯ.ɾil.gʌ.ja]
내 명령에 따라,26,[nɛ.mjʌŋ.ɾjʌŋ.e.t͈a.ɾa],[nɛ.mjʌŋ.ɾjʌŋ.e.t͈a.ɾa]
돈은 좀,26,[ton.ɯn.tʃom],[don.ɯn.dʒom]
내 집처럼,26,[nɛ.tʃip̚.tʃʰʌ.ɾʌm],[nɛ.dʒip̚.tʃʰʌ.ɾʌm]
많이 될,26,[man.i.twel],[man.i.dwel]
대해 어떻게 생각해요,26,[tɛ.hɛ.ʌ.t͈ʌt̚.ke.sɛŋ.kak̚.hɛ.jo],[dɛ.hɛ.ʌ.t͈ʌt̚.ke.sɛŋ.gak̚.hɛ.jo]
이해하고 있어요,26,[i.hɛ.ha.ko.it̚.ʌ.jo],[i.hɛ.ha.go.it̚.ʌ.jo]
그런 말이 아니에요,26,[kɯ.ɾʌn.mal.i.a.ni.e.jo],[gɯ.ɾʌn.mal.i.a.ni.e.jo]
좀 가져와요,26,[tʃom.ka.tʃjʌ.wa.jo],[dʒom.ga.dʒjʌ.wa.jo]
여기서 뭘 하고 있는지,26,[jʌ.ki.sʌ.mwʌl.ha.ko.it̚.nɯn.tʃi],[jʌ.gi.sʌ.mwʌl.ha.go.it̚.nɯn.tʃi]
필요 없어요 전,26,[pʰil.jo.ʌp̚.ʌ.jo.tʃʌn],[pʰil.jo.ʌp̚.ʌ.jo.dʒʌn]
우리한테 말을,26,[u.ɾi.han.tʰe.mal.ɯl],[u.ɾi.han.tʰe.mal.ɯl]
우리 중 한 명을,26,[u.ɾi.tʃuŋ.han.mjʌŋ.ɯl],[u.ɾi.dʒuŋ.han.mjʌŋ.ɯl]
다른 모습을,26,[ta.ɾɯn.mo.sɯp̚.ɯl],[da.ɾɯn.mo.sɯp̚.ɯl]
뜰 때마다,26,[t͈ɯl.t͈ɛ.ma.ta],[t͈ɯl.t͈ɛ.ma.da]
한 발 앞서,26,[ham.pal.ap̚.sʌ],[han.bal.ap̚.sʌ]
그날 있었던,26,[kɯ.nal.it̚.ʌt̚.tʌn],[gɯ.nal.it̚.ʌt̚.tʌn]
알잖아 날,26,[al.tʃan.a.nal],[al.tʃan.a.nal]
나한테 이런 짓을,26,[na.han.tʰe.i.ɾʌn.tʃit̚.ɯl],[na.han.tʰe.i.ɾʌn.dʒit̚.ɯl]
time in forever 태어나서,26,[tʰɛ.ʌ.na.sʌ],[tʰɛ.ʌ.na.sʌ]
싶어 너의,26,[sip̚.ʌ.nʌ.ɯi],[sip̚.ʌ.nʌ.ɯi]
앞뒤 안,26,[ap̚.twi.an],[ap̚.twi.an]
그것도 많이,26,[kɯ.kʌt̚.to.man.i],[gɯ.gʌt̚.to.man.i]
실수 하는 거야,26,[sil.su.ha.nɯŋ.kʌ.ja],[sil.su.ha.nɯn.gʌ.ja]
얘기해 줘서,26,[jɛ.ki.hɛ.tʃwʌ.sʌ],[jɛ.gi.hɛ.dʒwʌ.sʌ]
time to be alive,26,,
안녕하세요 당신이,26,[an.njʌŋ.ha.se.jo.taŋ.sin.i],[an.njʌŋ.ha.se.jo.daŋ.sin.i]
번째 사람이,26,[pʌn.tʃ͈ɛ.sa.ɾam.i],[bʌn.tʃ͈ɛ.sa.ɾam.i]
누굴 위한,26,[nu.kul.wi.han],[nu.gul.wi.han]
바다 건너,26,[pa.ta.kʌn.nʌ],[ba.da.gʌn.nʌ]
책을 가지고,26,[tʃʰɛk̚.ɯl.ka.tʃi.ko],[tʃʰɛk̚.ɯl.ga.dʒi.go]
일을 끝내지,26,[il.ɯl.k͈ɯt̚.nɛ.tʃi],[il.ɯl.k͈ɯt̚.nɛ.dʒi]
아니 아무것도,26,[a.ni.a.mu.kʌt̚.to],[a.ni.a.mu.gʌt̚.to]
아픈 사람을,26,[a.pʰɯn.sa.ɾam.ɯl],[a.pʰɯn.sa.ɾam.ɯl]
are very,26,,
우리가 알아낼 수,26,[u.ɾi.ka.al.a.nɛl.su],[u.ɾi.ga.al.a.nɛl.su]
그걸 물은 게,26,[kɯ.kʌl.mul.ɯŋ.ke],[gɯ.gʌl.mul.ɯn.ge]
할 거야 그게,26,[hal.kʌ.ja.kɯ.ke],[hal.gʌ.ja.gɯ.ge]
다시 가야,26,[ta.si.ka.ja],[da.si.ga.ja]
참을 수가 없었어요,26,[tʃʰam.ɯl.su.ka.ʌp̚.ʌt̚.ʌ.jo],[tʃʰam.ɯl.su.ga.ʌp̚.ʌt̚.ʌ.jo]
지역 주민,26,[tʃi.jʌk̚.tʃu.min],[dʒi.jʌk̚.dʒu.min]
살아야 할지,26,[sal.a.ja.hal.tʃi],[sal.a.ja.hal.tʃi]
아빠가 아니에요,26,[a.p͈a.ka.a.ni.e.jo],[a.p͈a.ga.a.ni.e.jo]
다르게 할,26,[ta.ɾɯ.ke.hal],[da.ɾɯ.ge.hal]
유럽에서 가장,26,[ju.ɾʌp̚.e.sʌ.ka.tʃaŋ],[ju.ɾʌp̚.e.sʌ.ga.dʒaŋ]
그리고 그게 바로,26,[kɯ.ɾi.ko.kɯ.ke.pa.ɾo],[gɯ.ɾi.go.gɯ.ge.ba.ɾo]
보이고 싶어서,26,[po.i.ko.sip̚.ʌ.sʌ],[bo.i.go.sip̚.ʌ.sʌ]
눈 한번,26,[nun.ham.pʌn],[nun.ham.pʌn]
연락 없었어,26,[jʌl.lak̚.ʌp̚.ʌt̚.ʌ],[jʌl.lak̚.ʌp̚.ʌt̚.ʌ]
명의 아이가,26,[mjʌŋ.ɯi.a.i.ka],[mjʌŋ.ɯi.a.i.ga]
있기 전까지,26,[it̚.ki.tʃʌŋ.k͈a.tʃi],[it̚.ki.dʒʌŋ.k͈a.dʒi]
지옥에 있는,26,[tʃi.ok̚.e.it̚.nɯn],[dʒi.ok̚.e.it̚.nɯn]
알잖아 알아,26,[al.tʃan.a.al.a],[al.tʃan.a.al.a]
아이가 내,26,[a.i.ka.nɛ],[a.i.ga.nɛ]
전혀 모르죠,26,[tʃʌn.hjʌ.mo.ɾɯ.tʃjo],[dʒʌn.hjʌ.mo.ɾɯ.dʒjo]
나면 바로,26,[na.mjʌm.pa.ɾo],[na.mjʌn.ba.ɾo]
이젠 아무것도,26,[i.tʃen.a.mu.kʌt̚.to],[i.dʒen.a.mu.gʌt̚.to]
어디에 있었죠,26,[ʌ.ti.e.it̚.ʌt̚.tʃjo],[ʌ.di.e.it̚.ʌt̚.tʃjo]
그들이 여기에,26,[kɯ.tɯl.i.jʌ.ki.e],[gɯ.dɯl.i.jʌ.gi.e]
이 말도 안되는,26,[i.mal.to.an.twe.nɯn],[i.mal.to.an.twe.nɯn]
것 같다고 했어요,26,[kʌt̚.kat̚.ta.ko.hɛt̚.ʌ.jo],[gʌt̚.gat̚.ta.go.hɛt̚.ʌ.jo]
아래에 있다,26,[a.ɾɛ.e.it̚.ta],[a.ɾɛ.e.it̚.ta]
실수를 하면,26,[sil.su.ɾɯl.ha.mjʌn],[sil.su.ɾɯl.ha.mjʌn]
아내랑 같이,26,[a.nɛ.ɾaŋ.kat̚.i],[a.nɛ.ɾaŋ.gat̚.i]
부탁이야 내,26,[pu.tʰak̚.i.ja.nɛ],[bu.tʰak̚.i.ja.nɛ]
아빠 어서,26,[a.p͈a.ʌ.sʌ],[a.p͈a.ʌ.sʌ]
할지 모르겠구나,26,[hal.tʃi.mo.ɾɯ.ket̚.ku.na],[hal.tʃi.mo.ɾɯ.get̚.ku.na]
있어 그동안,26,[it̚.ʌ.kɯ.toŋ.an],[it̚.ʌ.gɯ.doŋ.an]
친구들은 모두,26,[tʃʰiŋ.ku.tɯl.ɯn.mo.tu],[tʃʰiŋ.ku.dɯl.ɯn.mo.du]
발 디딜,26,[pal.ti.til],[bal.di.dil]
블랙캣 변신,26,[pɯl.ɾɛk̚.kʰɛt̚.pjʌn.sin],[bɯl.ɾɛk̚.kʰɛt̚.bjʌn.sin]
엄마가 데리러,26,[ʌm.ma.ka.te.ɾi.ɾʌ],[ʌm.ma.ga.de.ɾi.ɾʌ]
우리가 여기있는,26,[u.ɾi.ka.jʌ.ki.it̚.nɯn],[u.ɾi.ga.jʌ.gi.it̚.nɯn]
그 사람은 날,26,[kɯ.sa.ɾam.ɯn.nal],[gɯ.sa.ɾam.ɯn.nal]
저지른 게,26,[tʃʌ.tʃi.ɾɯŋ.ke],[dʒʌ.dʒi.ɾɯn.ge]
돼요 빨리,26,[twɛ.jo.p͈al.ɾi],[dwɛ.jo.p͈al.ɾi]
우린 평화를 원한다,26,[u.ɾim.pʰjʌŋ.hwa.ɾɯl.wʌn.han.ta],[u.ɾim.pʰjʌŋ.hwa.ɾɯl.wʌn.han.ta]
싶은 거면,26,[sip̚.ɯŋ.kʌ.mjʌn],[sip̚.ɯn.gʌ.mjʌn]
그런가 보죠,26,[kɯ.ɾʌŋ.ka.po.tʃjo],[gɯ.ɾʌŋ.ka.bo.dʒjo]
목소리 닿는 한 声の限り叫んで,26,[mok̚.so.ɾi.tat̚.nɯn.han],[mok̚.so.ɾi.dat̚.nɯn.han]
난 이게 좋아,26,[nan.i.ke.tʃot̚.a],[nan.i.ge.dʒot̚.a]
하지만 그동안,26,[ha.tʃi.maŋ.kɯ.toŋ.an],[ha.dʒi.man.gɯ.doŋ.an]
간주 중,26,[kan.tʃu.tʃuŋ],[gan.tʃu.dʒuŋ]
좀 고쳐,26,[tʃom.ko.tʃʰjʌ],[dʒom.go.tʃʰjʌ]
그리고 나는 그것에,26,[kɯ.ɾi.ko.na.nɯŋ.kɯ.kʌt̚.e],[gɯ.ɾi.go.na.nɯn.gɯ.gʌt̚.e]
건 알지만 이건,26,[kʌn.al.tʃi.man.i.kʌn],[gʌn.al.tʃi.man.i.gʌn]
공격하는 거야,26,[koŋ.kjʌk̚.ha.nɯŋ.kʌ.ja],[goŋ.gjʌk̚.ha.nɯn.gʌ.ja]
내가 태워다 줄게,26,[nɛ.ka.tʰɛ.wʌ.ta.tʃul.ke],[nɛ.ga.tʰɛ.wʌ.da.dʒul.ke]
주세요 c,26,[tʃu.se.jo],[dʒu.se.jo]
연락이 안 돼서,26,[jʌl.lak̚.i.an.twɛ.sʌ],[jʌl.lak̚.i.an.dwɛ.sʌ]
해 도대체,26,[hɛ.to.tɛ.tʃʰe],[hɛ.do.dɛ.tʃʰe]
난 생각,26,[nan.sɛŋ.kak̚],[nan.sɛŋ.gak̚]
잘해야 돼,26,[tʃal.hɛ.ja.twɛ],[dʒal.hɛ.ja.dwɛ]
ice cream,26,,
눈 좀 붙여요,26,[nun.tʃom.put̚.jʌ.jo],[nun.dʒom.but̚.jʌ.jo]
가야 해 내,26,[ka.ja.hɛ.nɛ],[ga.ja.hɛ.nɛ]
나랑 얘기 좀 하자,26,[na.ɾaŋ.jɛ.ki.tʃom.ha.tʃa],[na.ɾaŋ.jɛ.gi.dʒom.ha.dʒa]
혼자 하게,26,[hon.tʃa.ha.ke],[hon.tʃa.ha.ge]
한다는 걸 알고,26,[han.ta.nɯŋ.kʌl.al.ko],[han.ta.nɯn.gʌl.al.ko]
연락이 와서,26,[jʌl.lak̚.i.wa.sʌ],[jʌl.lak̚.i.wa.sʌ]
셋이 함께,26,[set̚.i.ham.k͈e],[set̚.i.ham.k͈e]
감사해요 이,26,[kam.sa.hɛ.jo.i],[gam.sa.hɛ.jo.i]
안해도 돼요,26,[an.hɛ.to.twɛ.jo],[an.hɛ.do.dwɛ.jo]
당신도 못,26,[taŋ.sin.to.mot̚],[daŋ.sin.to.mot̚]
및 자막,26,[mit̚.tʃa.mak̚],[mit̚.dʒa.mak̚]
내 계획,26,[nɛ.kje.hwek̚],[nɛ.gje.hwek̚]
우리는 전에,26,[u.ɾi.nɯn.tʃʌn.e],[u.ɾi.nɯn.dʒʌn.e]
듣고 있다는,26,[tɯt̚.ko.it̚.ta.nɯn],[dɯt̚.ko.it̚.ta.nɯn]
나 너무 무서워,26,[na.nʌ.mu.mu.sʌ.wʌ],[na.nʌ.mu.mu.sʌ.wʌ]
아주 잘 알죠,26,[a.tʃu.tʃal.al.tʃjo],[a.dʒu.dʒal.al.tʃjo]
아픈 일이,26,[a.pʰɯn.il.i],[a.pʰɯn.il.i]
얻을 수 있도록,26,[ʌt̚.ɯl.su.it̚.to.ɾok̚],[ʌt̚.ɯl.su.it̚.to.ɾok̚]
통화하는 걸,26,[tʰoŋ.hwa.ha.nɯŋ.kʌl],[tʰoŋ.hwa.ha.nɯn.gʌl]
많은 걸 알 수,26,[man.ɯŋ.kʌl.al.su],[man.ɯn.gʌl.al.su]
내가 뭐든,26,[nɛ.ka.mwʌ.tɯn],[nɛ.ga.mwʌ.dɯn]
난 별로야,26,[nam.pjʌl.ɾo.ja],[nan.bjʌl.ɾo.ja]
겪어 봐서,26,[kjʌk̚.ʌ.pwa.sʌ],[gjʌk̚.ʌ.bwa.sʌ]
그냥 와서,26,[kɯ.njaŋ.wa.sʌ],[gɯ.njaŋ.wa.sʌ]
죽은 뒤로,26,[tʃuk̚.ɯn.twi.ɾo],[dʒuk̚.ɯn.dwi.ɾo]
안 닿아요,26,[an.tat̚.a.jo],[an.dat̚.a.jo]
연락한 게,26,[jʌl.lak̚.haŋ.ke],[jʌl.lak̚.han.ge]
가는 것보다,26,[ka.nɯŋ.kʌt̚.po.ta],[ga.nɯn.gʌt̚.po.da]
몰라 나한테,26,[mol.ɾa.na.han.tʰe],[mol.ɾa.na.han.tʰe]
그냥 우리에게,26,[kɯ.njaŋ.u.ɾi.e.ke],[gɯ.njaŋ.u.ɾi.e.ge]
나간 적이,26,[na.kan.tʃʌk̚.i],[na.gan.dʒʌk̚.i]
그 전까지,26,[kɯ.tʃʌŋ.k͈a.tʃi],[gɯ.dʒʌŋ.k͈a.dʒi]
그렇게 그,26,[kɯ.ɾʌt̚.ke.kɯ],[gɯ.ɾʌt̚.ke.gɯ]
괜찮아 안 돼,26,[kwɛn.tʃʰan.a.an.twɛ],[gwɛn.tʃʰan.a.an.dwɛ]
최대한 빨리 왔어,26,[tʃʰwe.tɛ.ham.p͈al.ɾi.wat̚.ʌ],[tʃʰwe.dɛ.ham.p͈al.ɾi.wat̚.ʌ]
그러면 좋겠어요,26,[kɯ.ɾʌ.mjʌn.tʃot̚.ket̚.ʌ.jo],[gɯ.ɾʌ.mjʌn.dʒot̚.ket̚.ʌ.jo]
엄마를 찾고,26,[ʌm.ma.ɾɯl.tʃʰat̚.ko],[ʌm.ma.ɾɯl.tʃʰat̚.ko]
네가 여전히,26,[ne.ka.jʌ.tʃʌn.hi],[ne.ga.jʌ.dʒʌn.hi]
한 번 말해 줄래요,26,[ham.pʌn.mal.hɛ.tʃul.ɾɛ.jo],[han.bʌn.mal.hɛ.dʒul.ɾɛ.jo]
자식 왜,26,[tʃa.sik̚.wɛ],[dʒa.sik̚.wɛ]
싶을지도 몰라,26,[sip̚.ɯl.tʃi.to.mol.ɾa],[sip̚.ɯl.tʃi.do.mol.ɾa]
난 아버지의,26,[nan.a.pʌ.tʃi.ɯi],[nan.a.bʌ.dʒi.ɯi]
긴 여정을,26,[kin.jʌ.tʃʌŋ.ɯl],[gin.jʌ.dʒʌŋ.ɯl]
하고 있어 그래,26,[ha.ko.it̚.ʌ.kɯ.ɾɛ],[ha.go.it̚.ʌ.gɯ.ɾɛ]
날 생각해,26,[nal.sɛŋ.kak̚.hɛ],[nal.sɛŋ.gak̚.hɛ]
하죠 어떻게,26,[ha.tʃjo.ʌ.t͈ʌt̚.ke],[ha.dʒjo.ʌ.t͈ʌt̚.ke]
방법은 안,26,[pam.pʌp̚.ɯn.an],[baŋ.bʌp̚.ɯn.an]
현실이 된,26,[hjʌn.sil.i.twen],[hjʌn.sil.i.dwen]
아빠가 준,26,[a.p͈a.ka.tʃun],[a.p͈a.ga.dʒun]
말해줄 수도,26,[mal.hɛ.tʃul.su.to],[mal.hɛ.dʒul.su.do]
운전 조심하세요,26,[un.tʃʌn.tʃo.sim.ha.se.jo],[un.tʃʌn.dʒo.sim.ha.se.jo]
요구한 건,26,[jo.ku.haŋ.kʌn],[jo.gu.han.gʌn]
to be my,26,,
거야 용기 있는,26,[kʌ.ja.joŋ.ki.it̚.nɯn],[gʌ.ja.joŋ.gi.it̚.nɯn]
이 멍청한 놈,26,[i.mʌŋ.tʃʰʌŋ.han.nom],[i.mʌŋ.tʃʰʌŋ.han.nom]
그게 진정한,26,[kɯ.ke.tʃin.tʃʌŋ.han],[gɯ.ge.dʒin.tʃʌŋ.han]
했어요 또,26,[hɛt̚.ʌ.jo.t͈o],[hɛt̚.ʌ.jo.t͈o]
나 이번,26,[na.i.pʌn],[na.i.bʌn]
평생 여기,26,[pʰjʌŋ.sɛŋ.jʌ.ki],[pʰjʌŋ.sɛŋ.jʌ.gi]
쌀 수,26,[s͈al.su],[s͈al.su]
봐 보고,26,[pwa.po.ko],[bwa.bo.go]
한다는 건가요,26,[han.ta.nɯŋ.kʌŋ.ka.jo],[han.ta.nɯn.gʌŋ.ka.jo]
했어 진짜,26,[hɛt̚.ʌ.tʃin.tʃ͈a],[hɛt̚.ʌ.dʒin.tʃ͈a]
수 있어 물론,26,[su.it̚.ʌ.mul.ɾon],[su.it̚.ʌ.mul.ɾon]
네 일단,26,[ne.il.tan],[ne.il.tan]
못해 그래서,26,[mot̚.hɛ.kɯ.ɾɛ.sʌ],[mot̚.hɛ.gɯ.ɾɛ.sʌ]
들른 거야,26,[tɯl.ɾɯŋ.kʌ.ja],[dɯl.ɾɯn.gʌ.ja]
이뤄질 거야,26,[i.ɾwʌ.tʃil.kʌ.ja],[i.ɾwʌ.dʒil.gʌ.ja]
to think of,26,,
you stop,26,,
둘 다 그게,26,[tul.ta.kɯ.ke],[dul.da.gɯ.ge]
착한 아이예요,26,[tʃʰak̚.han.a.i.je.jo],[tʃʰak̚.han.a.i.je.jo]
우리가 질,26,[u.ɾi.ka.tʃil],[u.ɾi.ga.dʒil]
감옥에 다시,26,[kam.ok̚.e.ta.si],[gam.ok̚.e.da.si]
있던 남자는,26,[it̚.tʌn.nan.tʃa.nɯn],[it̚.tʌn.nan.tʃa.nɯn]
얼른 가야,26,[ʌl.ɾɯŋ.ka.ja],[ʌl.ɾɯn.ga.ja]
나한테 가장,26,[na.han.tʰe.ka.tʃaŋ],[na.han.tʰe.ga.dʒaŋ]
주세요 이게,26,[tʃu.se.jo.i.ke],[dʒu.se.jo.i.ge]
우리 사람이,26,[u.ɾi.sa.ɾam.i],[u.ɾi.sa.ɾam.i]
뭐라고 할 수,26,[mwʌ.ɾa.ko.hal.su],[mwʌ.ɾa.go.hal.su]
네 결정을,26,[ne.kjʌl.tʃʌŋ.ɯl],[ne.gjʌl.tʃʌŋ.ɯl]
연방 수사,26,[jʌm.paŋ.su.sa],[jʌm.paŋ.su.sa]
변화가 필요해,26,[pjʌn.hwa.ka.pʰil.jo.hɛ],[bjʌn.hwa.ga.pʰil.jo.hɛ]
게 또 있어,26,[ke.t͈o.it̚.ʌ],[ge.t͈o.it̚.ʌ]
머리 조심해요,26,[mʌ.ɾi.tʃo.sim.hɛ.jo],[mʌ.ɾi.dʒo.sim.hɛ.jo]
받을 수 없는,26,[pat̚.ɯl.su.ʌp̚.nɯn],[bat̚.ɯl.su.ʌp̚.nɯn]
좀 비켜 주세요,26,[tʃom.pi.kʰjʌ.tʃu.se.jo],[dʒom.bi.kʰjʌ.dʒu.se.jo]
지켜 준,26,[tʃi.kʰjʌ.tʃun],[dʒi.kʰjʌ.dʒun]
있어 그렇구나,26,[it̚.ʌ.kɯ.ɾʌt̚.ku.na],[it̚.ʌ.gɯ.ɾʌt̚.ku.na]
애 이름이,26,[ɛ.i.ɾɯm.i],[ɛ.i.ɾɯm.i]
당신이 감옥에,26,[taŋ.sin.i.kam.ok̚.e],[daŋ.sin.i.gam.ok̚.e]
가세요 내가,26,[ka.se.jo.nɛ.ka],[ga.se.jo.nɛ.ga]
아침 식사가,26,[a.tʃʰim.sik̚.sa.ka],[a.tʃʰim.sik̚.sa.ga]
다 지나갈,26,[ta.tʃi.na.kal],[da.dʒi.na.gal]
다시는 돌아오지 않을,26,[ta.si.nɯn.tol.a.o.tʃi.an.ɯl],[da.si.nɯn.dol.a.o.dʒi.an.ɯl]
못 먹으면,26,[mot̚.mʌk̚.ɯ.mjʌn],[mot̚.mʌk̚.ɯ.mjʌn]
이름을 말씀해,26,[i.ɾɯm.ɯl.mal.s͈ɯm.hɛ],[i.ɾɯm.ɯl.mal.s͈ɯm.hɛ]
내가 보여줄,26,[nɛ.ka.po.jʌ.tʃul],[nɛ.ga.bo.jʌ.dʒul]
일이지 그,26,[il.i.tʃi.kɯ],[il.i.dʒi.gɯ]
줘야 할지,26,[tʃwʌ.ja.hal.tʃi],[dʒwʌ.ja.hal.tʃi]
잔 해,26,[tʃan.hɛ],[dʒan.hɛ]
다신 보고 싶지,26,[ta.sim.po.ko.sip̚.tʃi],[da.sin.bo.go.sip̚.tʃi]
아직 잘 모르겠어,26,[a.tʃik̚.tʃal.mo.ɾɯ.ket̚.ʌ],[a.dʒik̚.dʒal.mo.ɾɯ.get̚.ʌ]
건너 하늘을 향해,26,[kʌn.nʌ.ha.nɯl.ɯl.hjaŋ.hɛ],[gʌn.nʌ.ha.nɯl.ɯl.hjaŋ.hɛ]
되는 것보다,26,[twe.nɯŋ.kʌt̚.po.ta],[dwe.nɯn.gʌt̚.po.da]
알면 됐어,26,[al.mjʌn.twɛt̚.ʌ],[al.mjʌn.dwɛt̚.ʌ]
있어요 알고,26,[it̚.ʌ.jo.al.ko],[it̚.ʌ.jo.al.ko]
중요한 사람은,26,[tʃuŋ.jo.han.sa.ɾam.ɯn],[dʒuŋ.jo.han.sa.ɾam.ɯn]
between us,26,,
좀 기분이,26,[tʃom.ki.pun.i],[dʒom.gi.bun.i]
안녕 자기야,26,[an.njʌŋ.tʃa.ki.ja],[an.njʌŋ.dʒa.gi.ja]
우리가 통제할 수,26,[u.ɾi.ka.tʰoŋ.tʃe.hal.su],[u.ɾi.ga.tʰoŋ.dʒe.hal.su]
당신 누군지,26,[taŋ.sin.nu.kun.tʃi],[daŋ.sin.nu.gun.tʃi]
믿을수 없어,26,[mit̚.ɯl.su.ʌp̚.ʌ],[mit̚.ɯl.su.ʌp̚.ʌ]
만 위안을,26,[man.wi.an.ɯl],[man.wi.an.ɯl]
둘 다 아니다,26,[tul.ta.a.ni.ta],[dul.da.a.ni.da]
the boat,26,,
벌 수 있을 거야,26,[pʌl.su.it̚.ɯl.kʌ.ja],[bʌl.su.it̚.ɯl.gʌ.ja]
내가 언제나,26,[nɛ.ka.ʌn.tʃe.na],[nɛ.ga.ʌn.tʃe.na]
말하지 그랬어요,26,[mal.ha.tʃi.kɯ.ɾɛt̚.ʌ.jo],[mal.ha.dʒi.gɯ.ɾɛt̚.ʌ.jo]
수 있어 좋은,26,[su.it̚.ʌ.tʃot̚.ɯn],[su.it̚.ʌ.dʒot̚.ɯn]
놓으란 말이야,26,[not̚.ɯ.ɾan.mal.i.ja],[not̚.ɯ.ɾan.mal.i.ja]
한 잔이면,26,[han.tʃan.i.mjʌn],[han.dʒan.i.mjʌn]
살아 있단,26,[sal.a.it̚.tan],[sal.a.it̚.tan]
전화 받아요,26,[tʃʌn.hwa.pat̚.a.jo],[dʒʌn.hwa.bat̚.a.jo]
마술 같은,26,[ma.sul.kat̚.ɯn],[ma.sul.gat̚.ɯn]
달게 받겠습니다,26,[tal.ke.pat̚.ket̚.sɯp̚.ni.ta],[dal.ke.bat̚.ket̚.sɯp̚.ni.da]
이건 지금,26,[i.kʌn.tʃi.kɯm],[i.gʌn.dʒi.gɯm]
거 아닌지,26,[kʌ.a.nin.tʃi],[gʌ.a.nin.tʃi]
내 하나뿐인,26,[nɛ.ha.na.p͈un.in],[nɛ.ha.na.p͈un.in]
마음의 준비,26,[ma.ɯm.ɯi.tʃum.pi],[ma.ɯm.ɯi.dʒum.pi]
돈을 잃고,26,[ton.ɯl.il.ko],[don.ɯl.il.ko]
누구라도 도망치지,26,[nu.ku.ɾa.to.to.maŋ.tʃʰi.tʃi],[nu.gu.ɾa.do.do.maŋ.tʃʰi.dʒi]
누구라도 도망치지 마 자신을,26,[nu.ku.ɾa.to.to.maŋ.tʃʰi.tʃi.ma.tʃa.sin.ɯl],[nu.gu.ɾa.do.do.maŋ.tʃʰi.dʒi.ma.dʒa.sin.ɯl]
일을 그만,26,[il.ɯl.kɯ.man],[il.ɯl.gɯ.man]
우리가 할 수 있어,26,[u.ɾi.ka.hal.su.it̚.ʌ],[u.ɾi.ga.hal.su.it̚.ʌ]
다른 사람과는,26,[ta.ɾɯn.sa.ɾam.kwa.nɯn],[da.ɾɯn.sa.ɾam.kwa.nɯn]
she would,26,,
끼고 있는,26,[k͈i.ko.it̚.nɯn],[k͈i.go.it̚.nɯn]
아니면 당신을,26,[a.ni.mjʌn.taŋ.sin.ɯl],[a.ni.mjʌn.daŋ.sin.ɯl]
잘못이 아니라,26,[tʃal.mot̚.i.a.ni.ɾa],[dʒal.mot̚.i.a.ni.ɾa]
알지 못했던,26,[al.tʃi.mot̚.hɛt̚.tʌn],[al.tʃi.mot̚.hɛt̚.tʌn]
그 가치를,26,[kɯ.ka.tʃʰi.ɾɯl],[gɯ.ga.tʃʰi.ɾɯl]
꼴을 보면,26,[k͈ol.ɯl.po.mjʌn],[k͈ol.ɯl.bo.mjʌn]
절대 안됩니다,26,[tʃʌl.tɛ.an.twep̚.ni.ta],[dʒʌl.tɛ.an.twep̚.ni.da]
둘 다 좋은,26,[tul.ta.tʃot̚.ɯn],[dul.da.dʒot̚.ɯn]
오해하지 말아요,26,[o.hɛ.ha.tʃi.mal.a.jo],[o.hɛ.ha.dʒi.mal.a.jo]
그냥 쉬어,26,[kɯ.njaŋ.swi.ʌ],[gɯ.njaŋ.swi.ʌ]
아빠는 못,26,[a.p͈a.nɯn.mot̚],[a.p͈a.nɯn.mot̚]
지르지 마요,26,[tʃi.ɾɯ.tʃi.ma.jo],[dʒi.ɾɯ.dʒi.ma.jo]
준 것 같아,26,[tʃuŋ.kʌt̚.kat̚.a],[dʒun.gʌt̚.gat̚.a]
이 아이도,26,[i.a.i.to],[i.a.i.do]
벌 받아야,26,[pʌl.pat̚.a.ja],[bʌl.bat̚.a.ja]
have her,26,,
둘 다 진정해,26,[tul.ta.tʃin.tʃʌŋ.hɛ],[dul.da.dʒin.tʃʌŋ.hɛ]
내 방식으로,26,[nɛ.paŋ.sik̚.ɯ.ɾo],[nɛ.baŋ.sik̚.ɯ.ɾo]
번 밖에,26,[pʌm.pak̚.e],[bʌn.bak̚.e]
어디 안 가요,26,[ʌ.ti.aŋ.ka.jo],[ʌ.di.an.ga.jo]
것 같아 또,26,[kʌt̚.kat̚.a.t͈o],[gʌt̚.gat̚.a.t͈o]
잘 돌아오셨어요,26,[tʃal.tol.a.o.sjʌt̚.ʌ.jo],[dʒal.dol.a.o.sjʌt̚.ʌ.jo]
건 엄마,26,[kʌn.ʌm.ma],[gʌn.ʌm.ma]
일어나지 않았어,26,[il.ʌ.na.tʃi.an.at̚.ʌ],[il.ʌ.na.dʒi.an.at̚.ʌ]
얼른 들어와,26,[ʌl.ɾɯn.tɯl.ʌ.wa],[ʌl.ɾɯn.dɯl.ʌ.wa]
줄 좀,26,[tʃul.tʃom],[dʒul.dʒom]
건 없겠지,26,[kʌn.ʌp̚.ket̚.tʃi],[gʌn.ʌp̚.ket̚.tʃi]
수 있어요 너무,26,[su.it̚.ʌ.jo.nʌ.mu],[su.it̚.ʌ.jo.nʌ.mu]
하든 그건,26,[ha.tɯŋ.kɯ.kʌn],[ha.dɯn.gɯ.gʌn]
그건 실수였어요,26,[kɯ.kʌn.sil.su.jʌt̚.ʌ.jo],[gɯ.gʌn.sil.su.jʌt̚.ʌ.jo]
걸 도와줄게,26,[kʌl.to.wa.tʃul.ke],[gʌl.do.wa.dʒul.ke]
거짓말을 하고 있었다,26,[kʌ.tʃit̚.mal.ɯl.ha.ko.it̚.ʌt̚.ta],[gʌ.dʒit̚.mal.ɯl.ha.go.it̚.ʌt̚.ta]
무슨 일이었죠,26,[mu.sɯn.il.i.ʌt̚.tʃjo],[mu.sɯn.il.i.ʌt̚.tʃjo]
가야 해 어서,26,[ka.ja.hɛ.ʌ.sʌ],[ga.ja.hɛ.ʌ.sʌ]
이길 것이다,26,[i.kil.kʌt̚.i.ta],[i.gil.gʌt̚.i.da]
전엔 이런,26,[tʃʌn.en.i.ɾʌn],[dʒʌn.en.i.ɾʌn]
친구 얘기를,26,[tʃʰiŋ.ku.jɛ.ki.ɾɯl],[tʃʰiŋ.ku.jɛ.gi.ɾɯl]
우리끼리 얘긴데,26,[u.ɾi.k͈i.ɾi.jɛ.kin.te],[u.ɾi.k͈i.ɾi.jɛ.gin.te]
애들 중에,26,[ɛ.tɯl.tʃuŋ.e],[ɛ.dɯl.dʒuŋ.e]
걱정하지 마 네,26,[kʌk̚.tʃʌŋ.ha.tʃi.ma.ne],[gʌk̚.tʃʌŋ.ha.dʒi.ma.ne]
벤 와이엇,26,[pen.wa.i.ʌt̚],[ben.wa.i.ʌt̚]
위로가 될지 모르겠지만,26,[wi.ɾo.ka.twel.tʃi.mo.ɾɯ.ket̚.tʃi.man],[wi.ɾo.ga.dwel.tʃi.mo.ɾɯ.get̚.tʃi.man]
느끼는 감정을,26,[nɯ.k͈i.nɯŋ.kan.tʃʌŋ.ɯl],[nɯ.k͈i.nɯn.gan.tʃʌŋ.ɯl]
들어오는 것도,26,[tɯl.ʌ.o.nɯŋ.kʌt̚.to],[dɯl.ʌ.o.nɯn.gʌt̚.to]
위성 전화를,26,[wi.sʌŋ.tʃʌn.hwa.ɾɯl],[wi.sʌŋ.dʒʌn.hwa.ɾɯl]
이상 어떻게,26,[i.saŋ.ʌ.t͈ʌt̚.ke],[i.saŋ.ʌ.t͈ʌt̚.ke]
중독자 모임,26,[tʃuŋ.tok̚.tʃa.mo.im],[dʒuŋ.dok̚.tʃa.mo.im]
my husband,26,,
쓸 테니까,26,[s͈ɯl.tʰe.ni.k͈a],[s͈ɯl.tʰe.ni.k͈a]
무슨 소린지 모르겠군,26,[mu.sɯn.so.ɾin.tʃi.mo.ɾɯ.ket̚.kun],[mu.sɯn.so.ɾin.tʃi.mo.ɾɯ.get̚.kun]
그럴 수도 있겠지요,26,[kɯ.ɾʌl.su.to.it̚.ket̚.tʃi.jo],[gɯ.ɾʌl.su.do.it̚.ket̚.tʃi.jo]
이름을 지어,26,[i.ɾɯm.ɯl.tʃi.ʌ],[i.ɾɯm.ɯl.dʒi.ʌ]
통화를 하고,26,[tʰoŋ.hwa.ɾɯl.ha.ko],[tʰoŋ.hwa.ɾɯl.ha.go]
거예요 그날,26,[kʌ.je.jo.kɯ.nal],[gʌ.je.jo.gɯ.nal]
준 줄,26,[tʃun.tʃul],[dʒun.dʒul]
중에 하나만,26,[tʃuŋ.e.ha.na.man],[dʒuŋ.e.ha.na.man]
들어올 수 있어,26,[tɯl.ʌ.ol.su.it̚.ʌ],[dɯl.ʌ.ol.su.it̚.ʌ]
부는 사나이''를,26,[pu.nɯn.sa.na.i.ɾɯl],[bu.nɯn.sa.na.i.ɾɯl]
우리는 공통점이,26,[u.ɾi.nɯŋ.koŋ.tʰoŋ.tʃʌm.i],[u.ɾi.nɯn.goŋ.tʰoŋ.dʒʌm.i]
발견되지 않았어요,26,[pal.kjʌn.twe.tʃi.an.at̚.ʌ.jo],[bal.kjʌn.twe.dʒi.an.at̚.ʌ.jo]
있네 뭐,26,[it̚.ne.mwʌ],[it̚.ne.mwʌ]
했다면 그,26,[hɛt̚.ta.mjʌŋ.kɯ],[hɛt̚.ta.mjʌn.gɯ]
즐거운 영혼으로 배를,26,[tʃɯl.kʌ.un.jʌŋ.hon.ɯ.ɾo.pɛ.ɾɯl],[dʒɯl.kʌ.un.jʌŋ.hon.ɯ.ɾo.bɛ.ɾɯl]
싫어 그러니까,26,[sil.ʌ.kɯ.ɾʌ.ni.k͈a],[sil.ʌ.gɯ.ɾʌ.ni.k͈a]
정보가 있다,26,[tʃʌm.po.ka.it̚.ta],[dʒʌŋ.bo.ga.it̚.ta]
하드 드라이브가,26,[ha.tɯ.tɯ.ɾa.i.pɯ.ka],[ha.dɯ.dɯ.ɾa.i.bɯ.ga]
애들은 어쩌고,26,[ɛ.tɯl.ɯn.ʌ.tʃ͈ʌ.ko],[ɛ.dɯl.ɯn.ʌ.tʃ͈ʌ.go]
위조 신분증을,26,[wi.tʃo.sim.pun.tʃɯŋ.ɯl],[wi.dʒo.sim.pun.tʃɯŋ.ɯl]
개빈 벨슨,26,[kɛ.pim.pel.sɯn],[gɛ.bin.bel.sɯn]
충분할 것이다,26,[tʃʰum.pun.hal.kʌt̚.i.ta],[tʃʰuŋ.bun.hal.gʌt̚.i.da]
거기 있어서,26,[kʌ.ki.it̚.ʌ.sʌ],[gʌ.gi.it̚.ʌ.sʌ]
보조개가 좋아,26,[po.tʃo.kɛ.ka.tʃot̚.a],[bo.dʒo.gɛ.ga.dʒot̚.a]
재미있는 사실,26,[tʃɛ.mi.it̚.nɯn.sa.sil],[dʒɛ.mi.it̚.nɯn.sa.sil]
건물 밖에서,26,[kʌn.mul.pak̚.e.sʌ],[gʌn.mul.bak̚.e.sʌ]
이번 주의,26,[i.pʌn.tʃu.ɯi],[i.bʌn.dʒu.ɯi]
문이 덜컥 여닫힌다,26,[mun.i.tʌl.kʰʌk̚.jʌ.tat̚.hin.ta],[mun.i.dʌl.kʰʌk̚.jʌ.dat̚.hin.ta]
걸 모르겠어,26,[kʌl.mo.ɾɯ.ket̚.ʌ],[gʌl.mo.ɾɯ.get̚.ʌ]
위하오 오빠,26,[wi.ha.o.o.p͈a],[wi.ha.o.o.p͈a]
아주 세게,26,[a.tʃu.se.ke],[a.dʒu.se.ge]
my last,26,,
더 부드럽게,26,[tʌ.pu.tɯ.ɾʌp̚.ke],[dʌ.bu.dɯ.ɾʌp̚.ke]
싫어 당신이,26,[sil.ʌ.taŋ.sin.i],[sil.ʌ.daŋ.sin.i]
잘 맞았어,26,[tʃal.mat̚.at̚.ʌ],[dʒal.mat̚.at̚.ʌ]
이걸 가져왔어,26,[i.kʌl.ka.tʃjʌ.wat̚.ʌ],[i.gʌl.ga.dʒjʌ.wat̚.ʌ]
우리는 그럴거예요,26,[u.ɾi.nɯŋ.kɯ.ɾʌl.kʌ.je.jo],[u.ɾi.nɯn.gɯ.ɾʌl.kʌ.je.jo]
우리가 가진 전부야,26,[u.ɾi.ka.ka.tʃin.tʃʌm.pu.ja],[u.ɾi.ga.ga.dʒin.dʒʌm.pu.ja]
이상 행동을,26,[i.saŋ.hɛŋ.toŋ.ɯl],[i.saŋ.hɛŋ.doŋ.ɯl]
그 사람이 뭘,26,[kɯ.sa.ɾam.i.mwʌl],[gɯ.sa.ɾam.i.mwʌl]
당신이 될,26,[taŋ.sin.i.twel],[daŋ.sin.i.dwel]
망상에 빠진,26,[maŋ.saŋ.e.p͈a.tʃin],[maŋ.saŋ.e.p͈a.dʒin]
곧 보자고,26,[kot̚.po.tʃa.ko],[got̚.bo.dʒa.go]
전화가 와,26,[tʃʌn.hwa.ka.wa],[dʒʌn.hwa.ga.wa]
위해 그건,26,[wi.hɛ.kɯ.kʌn],[wi.hɛ.gɯ.gʌn]
느슨한 끝을,26,[nɯ.sɯn.haŋ.k͈ɯt̚.ɯl],[nɯ.sɯn.haŋ.k͈ɯt̚.ɯl]
둘 중 하나예요,26,[tul.tʃuŋ.ha.na.je.jo],[dul.dʒuŋ.ha.na.je.jo]
위해 길을,26,[wi.hɛ.kil.ɯl],[wi.hɛ.gil.ɯl]
얼씬도 안,26,[ʌl.s͈in.to.an],[ʌl.s͈in.to.an]
때를 잘,26,[t͈ɛ.ɾɯl.tʃal],[t͈ɛ.ɾɯl.dʒal]
갖고 있는 것,26,[kat̚.ko.it̚.nɯŋ.kʌt̚],[gat̚.ko.it̚.nɯn.gʌt̚]
얼른 안,26,[ʌl.ɾɯn.an],[ʌl.ɾɯn.an]
효과가 있을지,26,[hjo.kwa.ka.it̚.ɯl.tʃi],[hjo.gwa.ga.it̚.ɯl.tʃi]
우리는 당신과,26,[u.ɾi.nɯn.taŋ.siŋ.kwa],[u.ɾi.nɯn.daŋ.siŋ.kwa]
That''s good,26,,
들었어요 전,26,[tɯl.ʌt̚.ʌ.jo.tʃʌn],[dɯl.ʌt̚.ʌ.jo.dʒʌn]
남자 보는 눈이,26,[nan.tʃa.po.nɯn.nun.i],[nan.tʃa.bo.nɯn.nun.i]
제 남편도,26,[tʃe.nam.pʰjʌn.to],[dʒe.nam.pʰjʌn.to]
보실 수 있습니다,26,[po.sil.su.it̚.sɯp̚.ni.ta],[bo.sil.su.it̚.sɯp̚.ni.da]
그건 나도 마찬가지야,26,[kɯ.kʌn.na.to.ma.tʃʰaŋ.ka.tʃi.ja],[gɯ.gʌn.na.do.ma.tʃʰaŋ.ka.dʒi.ja]
don''t know where,26,,
몇 살이냐,26,[mjʌt̚.sal.i.nja],[mjʌt̚.sal.i.nja]
될 겁니다 그리고,26,[twel.kʌp̚.ni.ta.kɯ.ɾi.ko],[dwel.gʌp̚.ni.da.gɯ.ɾi.go]
있네 우리가,26,[it̚.ne.u.ɾi.ka],[it̚.ne.u.ɾi.ga]
때 아빠,26,[t͈ɛ.a.p͈a],[t͈ɛ.a.p͈a]
했지만 사실,26,[hɛt̚.tʃi.man.sa.sil],[hɛt̚.tʃi.man.sa.sil]
우리가 겪었던,26,[u.ɾi.ka.kjʌk̚.ʌt̚.tʌn],[u.ɾi.ga.gjʌk̚.ʌt̚.tʌn]
별로 안 좋아하는,26,[pjʌl.ɾo.an.tʃot̚.a.ha.nɯn],[bjʌl.ɾo.an.dʒot̚.a.ha.nɯn]
결정을 내려야 할,26,[kjʌl.tʃʌŋ.ɯl.lɛ.ɾjʌ.ja.hal],[gjʌl.tʃʌŋ.ɯl.lɛ.ɾjʌ.ja.hal]
토요일 오전,26,[tʰo.jo.il.o.tʃʌn],[tʰo.jo.il.o.dʒʌn]
그것이 무엇을 의미하는지,26,[kɯ.kʌt̚.i.mu.ʌt̚.ɯl.ɯi.mi.ha.nɯn.tʃi],[gɯ.gʌt̚.i.mu.ʌt̚.ɯl.ɯi.mi.ha.nɯn.tʃi]
가지고 있기 때문이다,26,[ka.tʃi.ko.it̚.ki.t͈ɛ.mun.i.ta],[ga.dʒi.go.it̚.ki.t͈ɛ.mun.i.da]
다 떨어질,26,[ta.t͈ʌl.ʌ.tʃil],[da.t͈ʌl.ʌ.dʒil]
말했지 난,26,[mal.hɛt̚.tʃi.nan],[mal.hɛt̚.tʃi.nan]
두 번 다신,26,[tu.pʌn.ta.sin],[du.bʌn.da.sin]
하든 무슨,26,[ha.tɯn.mu.sɯn],[ha.dɯn.mu.sɯn]
일인지 잘,26,[il.in.tʃi.tʃal],[il.in.tʃi.dʒal]
아 그건,26,[a.kɯ.kʌn],[a.gɯ.gʌn]
그리고 저희가,26,[kɯ.ɾi.ko.tʃʌ.hɯi.ka],[gɯ.ɾi.go.dʒʌ.hɯi.ga]
위해 최선을 다할,26,[wi.hɛ.tʃʰwe.sʌn.ɯl.ta.hal],[wi.hɛ.tʃʰwe.sʌn.ɯl.da.hal]
못했어 그래서,26,[mot̚.hɛt̚.ʌ.kɯ.ɾɛ.sʌ],[mot̚.hɛt̚.ʌ.gɯ.ɾɛ.sʌ]
있습니다 계속,26,[it̚.sɯp̚.ni.ta.kje.sok̚],[it̚.sɯp̚.ni.da.gje.sok̚]
한참 됐어요,26,[han.tʃʰan.twɛt̚.ʌ.jo],[han.tʃʰam.dwɛt̚.ʌ.jo]
지금 혹시,26,[tʃi.kɯm.hok̚.si],[dʒi.gɯm.hok̚.si]
처음부터 바란,26,[tʃʰʌ.ɯm.pu.tʰʌ.pa.ɾan],[tʃʰʌ.ɯm.pu.tʰʌ.ba.ɾan]
제 능력,26,[tʃe.nɯŋ.ɾjʌk̚],[dʒe.nɯŋ.ɾjʌk̚]
알지만 내,26,[al.tʃi.man.nɛ],[al.tʃi.man.nɛ]
노리는 것,26,[no.ɾi.nɯŋ.kʌt̚],[no.ɾi.nɯn.gʌt̚]
같이 먹을까,26,[kat̚.i.mʌk̚.ɯl.k͈a],[gat̚.i.mʌk̚.ɯl.k͈a]
줄 사람에게 누구라도 도망치지,26,[tʃul.sa.ɾam.e.ke.nu.ku.ɾa.to.to.maŋ.tʃʰi.tʃi],[dʒul.sa.ɾam.e.ge.nu.gu.ɾa.do.do.maŋ.tʃʰi.dʒi]
줄 생각이,26,[tʃul.sɛŋ.kak̚.i],[dʒul.sɛŋ.gak̚.i]
좀 식히고,26,[tʃom.sik̚.hi.ko],[dʒom.sik̚.hi.go]
말할 자격이,26,[mal.hal.tʃa.kjʌk̚.i],[mal.hal.dʒa.gjʌk̚.i]
두 종류가,26,[tu.tʃoŋ.ɾju.ka],[du.dʒoŋ.ɾju.ga]
그 머리를,26,[kɯ.mʌ.ɾi.ɾɯl],[gɯ.mʌ.ɾi.ɾɯl]
아까 무슨,26,[a.k͈a.mu.sɯn],[a.k͈a.mu.sɯn]
난 그것도,26,[naŋ.kɯ.kʌt̚.to],[nan.gɯ.gʌt̚.to]
그는 언제,26,[kɯ.nɯn.ʌn.tʃe],[gɯ.nɯn.ʌn.tʃe]
관해 뭔가,26,[kwan.hɛ.mwʌŋ.ka],[gwan.hɛ.mwʌŋ.ka]
우리는 세,26,[u.ɾi.nɯn.se],[u.ɾi.nɯn.se]
번 해 봐,26,[pʌn.hɛ.pwa],[bʌn.hɛ.bwa]
말로 하는,26,[mal.ɾo.ha.nɯn],[mal.ɾo.ha.nɯn]
해치러 온 게,26,[hɛ.tʃʰi.ɾʌ.oŋ.ke],[hɛ.tʃʰi.ɾʌ.on.ge]
to what,26,,
주에 다시,26,[tʃu.e.ta.si],[dʒu.e.da.si]
우리 나라에서,26,[u.ɾi.na.ɾa.e.sʌ],[u.ɾi.na.ɾa.e.sʌ]
무슨 일이 일어 났는지,26,[mu.sɯn.il.i.il.ʌ.nat̚.nɯn.tʃi],[mu.sɯn.il.i.il.ʌ.nat̚.nɯn.tʃi]
했어요 그의,26,[hɛt̚.ʌ.jo.kɯ.ɯi],[hɛt̚.ʌ.jo.gɯ.ɯi]
둘은 정말,26,[tul.ɯn.tʃʌŋ.mal],[dul.ɯn.dʒʌŋ.mal]
그리고 특히,26,[kɯ.ɾi.ko.tʰɯk̚.hi],[gɯ.ɾi.go.tʰɯk̚.hi]
더 바라는,26,[tʌ.pa.ɾa.nɯn],[dʌ.ba.ɾa.nɯn]
그게 규칙이야,26,[kɯ.ke.kju.tʃʰik̚.i.ja],[gɯ.ge.gju.tʃʰik̚.i.ja]
당신이 뭘 알아,26,[taŋ.sin.i.mwʌl.al.a],[daŋ.sin.i.mwʌl.al.a]
아주 좋아하는,26,[a.tʃu.tʃot̚.a.ha.nɯn],[a.dʒu.dʒot̚.a.ha.nɯn]
얘기할 것도,26,[jɛ.ki.hal.kʌt̚.to],[jɛ.gi.hal.gʌt̚.to]
위험할 정도로,26,[wi.hʌm.hal.tʃʌŋ.to.ɾo],[wi.hʌm.hal.dʒʌŋ.do.ɾo]
우리는 안다,26,[u.ɾi.nɯn.an.ta],[u.ɾi.nɯn.an.ta]
문제가 생기기,26,[mun.tʃe.ka.sɛŋ.ki.ki],[mun.tʃe.ga.sɛŋ.gi.gi]
깜짝할 새,26,[k͈an.tʃ͈ak̚.hal.sɛ],[k͈an.tʃ͈ak̚.hal.sɛ]
둘을 데리고,26,[tul.ɯl.te.ɾi.ko],[dul.ɯl.de.ɾi.go]
아름답지 않나요,26,[a.ɾɯn.tap̚.tʃi.an.na.jo],[a.ɾɯn.tap̚.tʃi.an.na.jo]
나는 줄,26,[na.nɯn.tʃul],[na.nɯn.dʒul]
요리 안,26,[jo.ɾi.an],[jo.ɾi.an]
일은 끝난,26,[il.ɯŋ.k͈ɯt̚.nan],[il.ɯŋ.k͈ɯt̚.nan]
우리는 에,26,[u.ɾi.nɯn.e],[u.ɾi.nɯn.e]
하나도 모르겠어요,26,[ha.na.to.mo.ɾɯ.ket̚.ʌ.jo],[ha.na.do.mo.ɾɯ.get̚.ʌ.jo]
루시 루시,26,[ɾu.si.ɾu.si],[ɾu.si.ɾu.si]
명을 죽였고,26,[mjʌŋ.ɯl.tʃuk̚.jʌt̚.ko],[mjʌŋ.ɯl.dʒuk̚.jʌt̚.ko]
게 생각보다,26,[ke.sɛŋ.kak̚.po.ta],[ge.sɛŋ.gak̚.po.da]
알지만 지금은,26,[al.tʃi.man.tʃi.kɯm.ɯn],[al.tʃi.man.dʒi.gɯm.ɯn]
무슨 일이 있었던 거니,26,[mu.sɯn.il.i.it̚.ʌt̚.tʌŋ.kʌ.ni],[mu.sɯn.il.i.it̚.ʌt̚.tʌn.gʌ.ni]
같이 가야죠,26,[kat̚.i.ka.ja.tʃjo],[gat̚.i.ga.ja.dʒjo]
늦을 때까지,26,[nɯt̚.ɯl.t͈ɛ.k͈a.tʃi],[nɯt̚.ɯl.t͈ɛ.k͈a.dʒi]
줄 알았으니까,26,[tʃul.al.at̚.ɯ.ni.k͈a],[dʒul.al.at̚.ɯ.ni.k͈a]
돼 전부,26,[twɛ.tʃʌm.pu],[dwɛ.dʒʌm.pu]
좀 다른데,26,[tʃon.ta.ɾɯn.te],[dʒom.da.ɾɯn.te]
더 브리지 지난,26,[tʌ.pɯ.ɾi.tʃi.tʃi.nan],[dʌ.bɯ.ɾi.dʒi.dʒi.nan]
액스 씨,26,[ɛk̚.sɯ.s͈i],[ɛk̚.sɯ.s͈i]
보면 뭐라고,26,[po.mjʌn.mwʌ.ɾa.ko],[bo.mjʌn.mwʌ.ɾa.go]
싫은 걸,26,[sil.ɯŋ.kʌl],[sil.ɯn.gʌl]
네가 있을 곳은,26,[ne.ka.it̚.ɯl.kot̚.ɯn],[ne.ga.it̚.ɯl.got̚.ɯn]
하우 투 겟 어웨이,26,[ha.u.tʰu.ket̚.ʌ.we.i],[ha.u.tʰu.get̚.ʌ.we.i]
Now you,26,,
곳은 다,26,[kot̚.ɯn.ta],[got̚.ɯn.da]
감추고 있는,26,[kan.tʃʰu.ko.it̚.nɯn],[gan.tʃʰu.go.it̚.nɯn]
언제까지 이,26,[ʌn.tʃe.k͈a.tʃi.i],[ʌn.tʃe.k͈a.dʒi.i]
며칠 있다,26,[mjʌ.tʃʰil.it̚.ta],[mjʌ.tʃʰil.it̚.ta]
노린 거죠,26,[no.ɾiŋ.kʌ.tʃjo],[no.ɾin.gʌ.dʒjo]
난 도울 수,26,[nan.to.ul.su],[nan.do.ul.su]
일을 반복하고,26,[il.ɯl.pam.pok̚.ha.ko],[il.ɯl.bam.pok̚.ha.go]
그린 애로우와,26,[kɯ.ɾin.ɛ.ɾo.u.wa],[gɯ.ɾin.ɛ.ɾo.u.wa]
것도 알겠네,26,[kʌt̚.to.al.ket̚.ne],[gʌt̚.to.al.ket̚.ne]
경찰은 못,26,[kjʌŋ.tʃʰal.ɯn.mot̚],[gjʌŋ.tʃʰal.ɯn.mot̚]
할게요 그래요,26,[hal.ke.jo.kɯ.ɾɛ.jo],[hal.ke.jo.gɯ.ɾɛ.jo]
아버지가 돌아가셨을 때,26,[a.pʌ.tʃi.ka.tol.a.ka.sjʌt̚.ɯl.t͈ɛ],[a.bʌ.dʒi.ga.dol.a.ga.sjʌt̚.ɯl.t͈ɛ]
봐요 또,26,[pwa.jo.t͈o],[bwa.jo.t͈o]
그 사랑은,26,[kɯ.sa.ɾaŋ.ɯn],[gɯ.sa.ɾaŋ.ɯn]
와서 먹어,26,[wa.sʌ.mʌk̚.ʌ],[wa.sʌ.mʌk̚.ʌ]
아무도 모를거야,26,[a.mu.to.mo.ɾɯl.kʌ.ja],[a.mu.do.mo.ɾɯl.kʌ.ja]
친구가 필요할,26,[tʃʰiŋ.ku.ka.pʰil.jo.hal],[tʃʰiŋ.ku.ga.pʰil.jo.hal]
in the TARDIS,26,,
엄마와 아빠,26,[ʌm.ma.wa.a.p͈a],[ʌm.ma.wa.a.p͈a]
여기 없었던,26,[jʌ.ki.ʌp̚.ʌt̚.tʌn],[jʌ.gi.ʌp̚.ʌt̚.tʌn]
강하게 만들,26,[kaŋ.ha.ke.man.tɯl],[gaŋ.ha.ge.man.tɯl]
우리는 찾고 있다,26,[u.ɾi.nɯn.tʃʰat̚.ko.it̚.ta],[u.ɾi.nɯn.tʃʰat̚.ko.it̚.ta]
열심히 해라,26,[jʌl.sim.hi.hɛ.ɾa],[jʌl.sim.hi.hɛ.ɾa]
아직 끝난 게 아니야,26,[a.tʃik̚.k͈ɯt̚.naŋ.ke.a.ni.ja],[a.dʒik̚.k͈ɯt̚.nan.ge.a.ni.ja]
그래도 너는,26,[kɯ.ɾɛ.to.nʌ.nɯn],[gɯ.ɾɛ.do.nʌ.nɯn]
who would,26,,
있습니다 곧,26,[it̚.sɯp̚.ni.ta.kot̚],[it̚.sɯp̚.ni.da.got̚]
아뇨 지금,26,[a.njo.tʃi.kɯm],[a.njo.dʒi.gɯm]
경찰이 아닌,26,[kjʌŋ.tʃʰal.i.a.nin],[gjʌŋ.tʃʰal.i.a.nin]
내가 거짓말했어,26,[nɛ.ka.kʌ.tʃit̚.mal.hɛt̚.ʌ],[nɛ.ga.gʌ.dʒit̚.mal.hɛt̚.ʌ]
내 아들이랑,26,[nɛ.a.tɯl.i.ɾaŋ],[nɛ.a.dɯl.i.ɾaŋ]
따르면 우주,26,[t͈a.ɾɯ.mjʌn.u.tʃu],[t͈a.ɾɯ.mjʌn.u.dʒu]
어떤 아이가,26,[ʌ.t͈ʌn.a.i.ka],[ʌ.t͈ʌn.a.i.ga]
to sit,26,,
친구가 하는,26,[tʃʰiŋ.ku.ka.ha.nɯn],[tʃʰiŋ.ku.ga.ha.nɯn]
중 누구,26,[tʃuŋ.nu.ku],[dʒuŋ.nu.gu]
제 생각이에요,26,[tʃe.sɛŋ.kak̚.i.e.jo],[dʒe.sɛŋ.gak̚.i.e.jo]
얌전히 굴어,26,[jan.tʃʌn.hi.kul.ʌ],[jan.tʃʌn.hi.gul.ʌ]
제 마음에,26,[tʃe.ma.ɯm.e],[dʒe.ma.ɯm.e]
잠깐 이리 와,26,[tʃam.k͈an.i.ɾi.wa],[dʒam.k͈an.i.ɾi.wa]
아는 게 더,26,[a.nɯŋ.ke.tʌ],[a.nɯn.ge.dʌ]
그만 가주세요,26,[kɯ.maŋ.ka.tʃu.se.jo],[gɯ.man.ga.dʒu.se.jo]
복수를 하는,26,[pok̚.su.ɾɯl.ha.nɯn],[bok̚.su.ɾɯl.ha.nɯn]
더 브리지 지난 이야기,26,[tʌ.pɯ.ɾi.tʃi.tʃi.nan.i.ja.ki],[dʌ.bɯ.ɾi.dʒi.dʒi.nan.i.ja.gi]
신의 한,26,[sin.ɯi.han],[sin.ɯi.han]
음모를 꾸미는,26,[ɯm.mo.ɾɯl.k͈u.mi.nɯn],[ɯm.mo.ɾɯl.k͈u.mi.nɯn]
출근도 안,26,[tʃʰul.kɯn.to.an],[tʃʰul.kɯn.to.an]
버려야 돼,26,[pʌ.ɾjʌ.ja.twɛ],[bʌ.ɾjʌ.ja.dwɛ]
있습니다 그들이,26,[it̚.sɯp̚.ni.ta.kɯ.tɯl.i],[it̚.sɯp̚.ni.da.gɯ.dɯl.i]
근데 그것도,26,[kɯn.te.kɯ.kʌt̚.to],[gɯn.te.gɯ.gʌt̚.to]
공인 중개사,26,[koŋ.in.tʃuŋ.kɛ.sa],[goŋ.in.dʒuŋ.gɛ.sa]
경험이 없는,26,[kjʌŋ.hʌm.i.ʌp̚.nɯn],[gjʌŋ.hʌm.i.ʌp̚.nɯn]
프랭크 레이건,26,[pʰɯ.ɾɛŋ.kʰɯ.ɾe.i.kʌn],[pʰɯ.ɾɛŋ.kʰɯ.ɾe.i.gʌn]
응 너도,26,[ɯŋ.nʌ.to],[ɯŋ.nʌ.do]
전염성도 강하며,26,[tʃʌn.jʌm.sʌŋ.to.kaŋ.ha.mjʌ],[dʒʌn.jʌm.sʌŋ.do.gaŋ.ha.mjʌ]
열정으로 종을,26,[jʌl.tʃʌŋ.ɯ.ɾo.tʃoŋ.ɯl],[jʌl.tʃʌŋ.ɯ.ɾo.dʒoŋ.ɯl]
아니야 그럼 뭔데,26,[a.ni.ja.kɯ.ɾʌm.mwʌn.te],[a.ni.ja.gɯ.ɾʌm.mwʌn.te]
제 딸과,26,[tʃe.t͈al.kwa],[dʒe.t͈al.kwa]
music plays,26,,
투표 결과가,26,[tʰu.pʰjo.kjʌl.kwa.ka],[tʰu.pʰjo.gjʌl.kwa.ga]
모든 사람이 다,26,[mo.tɯn.sa.ɾam.i.ta],[mo.dɯn.sa.ɾam.i.da]
아냐 그저,26,[a.nja.kɯ.tʃʌ],[a.nja.gɯ.dʒʌ]
잘 풀릴 거야,26,[tʃal.pʰul.ɾil.kʌ.ja],[dʒal.pʰul.ɾil.gʌ.ja]
당연히 그러겠지,26,[taŋ.jʌn.hi.kɯ.ɾʌ.ket̚.tʃi],[daŋ.jʌn.hi.gɯ.ɾʌ.get̚.tʃi]
기록이 전혀,26,[ki.ɾok̚.i.tʃʌn.hjʌ],[gi.ɾok̚.i.dʒʌn.hjʌ]
여기 오게 된,26,[jʌ.ki.o.ke.twen],[jʌ.gi.o.ge.dwen]
내 관심은,26,[nɛ.kwan.sim.ɯn],[nɛ.gwan.sim.ɯn]
총을 쏠 수,26,[tʃʰoŋ.ɯl.s͈ol.su],[tʃʰoŋ.ɯl.s͈ol.su]
you had to,26,,
번을 더,26,[pʌn.ɯl.tʌ],[bʌn.ɯl.dʌ]
아니 여기서,26,[a.ni.jʌ.ki.sʌ],[a.ni.jʌ.gi.sʌ]
아프가 니,26,[a.pʰɯ.ka.ni],[a.pʰɯ.ga.ni]
다시 나타나면,26,[ta.si.na.tʰa.na.mjʌn],[da.si.na.tʰa.na.mjʌn]
같네 하지만,26,[kat̚.ne.ha.tʃi.man],[gat̚.ne.ha.dʒi.man]
been here,26,,
모두 당장,26,[mo.tu.taŋ.tʃaŋ],[mo.du.daŋ.dʒaŋ]
기억 못해요,26,[ki.ʌk̚.mot̚.hɛ.jo],[gi.ʌk̚.mot̚.hɛ.jo]
손을 머리 위로,26,[son.ɯl.mʌ.ɾi.wi.ɾo],[son.ɯl.mʌ.ɾi.wi.ɾo]
그들이 찾고,26,[kɯ.tɯl.i.tʃʰat̚.ko],[gɯ.dɯl.i.tʃʰat̚.ko]
묻혀 있는,26,[mut̚.hjʌ.it̚.nɯn],[mut̚.hjʌ.it̚.nɯn]
아니고 나도,26,[a.ni.ko.na.to],[a.ni.go.na.do]
안 오길래,26,[an.o.kil.ɾɛ],[an.o.gil.ɾɛ]
당신들 모두를,26,[taŋ.sin.tɯl.mo.tu.ɾɯl],[daŋ.sin.tɯl.mo.du.ɾɯl]
의미가 없다고,26,[ɯi.mi.ka.ʌp̚.ta.ko],[ɯi.mi.ga.ʌp̚.ta.go]
가질 수 있지,26,[ka.tʃil.su.it̚.tʃi],[ga.dʒil.su.it̚.tʃi]
이를 통해,26,[i.ɾɯl.tʰoŋ.hɛ],[i.ɾɯl.tʰoŋ.hɛ]
전부 여기서,26,[tʃʌm.pu.jʌ.ki.sʌ],[dʒʌm.pu.jʌ.gi.sʌ]
계속 감시해,26,[kje.sok̚.kam.si.hɛ],[gje.sok̚.gam.si.hɛ]
친구는 내,26,[tʃʰiŋ.ku.nɯn.nɛ],[tʃʰiŋ.ku.nɯn.nɛ]
다 괜찮아질 거예요,26,[ta.kwɛn.tʃʰan.a.tʃil.kʌ.je.jo],[da.gwɛn.tʃʰan.a.dʒil.gʌ.je.jo]
다른 사람을 찾을,26,[ta.ɾɯn.sa.ɾam.ɯl.tʃʰat̚.ɯl],[da.ɾɯn.sa.ɾam.ɯl.tʃʰat̚.ɯl]
난 나쁜 사람이,26,[nan.na.p͈ɯn.sa.ɾam.i],[nan.na.p͈ɯn.sa.ɾam.i]
있어 존,26,[it̚.ʌ.tʃon],[it̚.ʌ.dʒon]
누군가가 널,26,[nu.kuŋ.ka.ka.nʌl],[nu.guŋ.ka.ga.nʌl]
딸이 아니야,26,[t͈al.i.a.ni.ja],[t͈al.i.a.ni.ja]
당신 같은 사람,26,[taŋ.siŋ.kat̚.ɯn.sa.ɾam],[daŋ.sin.gat̚.ɯn.sa.ɾam]
고마워요 만나서,26,[ko.ma.wʌ.jo.man.na.sʌ],[go.ma.wʌ.jo.man.na.sʌ]
심장 소리를,26,[sin.tʃaŋ.so.ɾi.ɾɯl],[sin.tʃaŋ.so.ɾi.ɾɯl]
엿이나 먹으라지,26,[jʌt̚.i.na.mʌk̚.ɯ.ɾa.tʃi],[jʌt̚.i.na.mʌk̚.ɯ.ɾa.dʒi]
거야 가끔은,26,[kʌ.ja.ka.k͈ɯm.ɯn],[gʌ.ja.ga.k͈ɯm.ɯn]
건 우리뿐이야,26,[kʌn.u.ɾi.p͈un.i.ja],[gʌn.u.ɾi.p͈un.i.ja]
무엇이 기다리니,26,[mu.ʌt̚.i.ki.ta.ɾi.ni],[mu.ʌt̚.i.gi.da.ɾi.ni]
아니다 싶으면,26,[a.ni.ta.sip̚.ɯ.mjʌn],[a.ni.da.sip̚.ɯ.mjʌn]
미라큘러스를 뺏어,26,[mi.ɾa.kʰjul.ɾʌ.sɯ.ɾɯl.p͈ɛt̚.ʌ],[mi.ɾa.kʰjul.ɾʌ.sɯ.ɾɯl.p͈ɛt̚.ʌ]
이제 그만하지,26,[i.tʃe.kɯ.man.ha.tʃi],[i.dʒe.gɯ.man.ha.dʒi]
올바른 길을,26,[ol.pa.ɾɯŋ.kil.ɯl],[ol.pa.ɾɯn.gil.ɯl]
수 있죠 전,26,[su.it̚.tʃjo.tʃʌn],[su.it̚.tʃjo.dʒʌn]
걸고 맹세하는데,26,[kʌl.ko.mɛŋ.se.ha.nɯn.te],[gʌl.ko.mɛŋ.se.ha.nɯn.te]
있는 거 말이야,26,[it̚.nɯŋ.kʌ.mal.i.ja],[it̚.nɯn.gʌ.mal.i.ja]
이야기 했어,26,[i.ja.ki.hɛt̚.ʌ],[i.ja.gi.hɛt̚.ʌ]
가지 조건이 있어,26,[ka.tʃi.tʃo.kʌn.i.it̚.ʌ],[ga.dʒi.dʒo.gʌn.i.it̚.ʌ]
저 길로,26,[tʃʌ.kil.ɾo],[dʒʌ.gil.ɾo]
심장을 뛰게,26,[sin.tʃaŋ.ɯl.t͈wi.ke],[sin.tʃaŋ.ɯl.t͈wi.ge]
견딜 수 없는,26,[kjʌn.til.su.ʌp̚.nɯn],[gjʌn.til.su.ʌp̚.nɯn]
하는 게 나아,26,[ha.nɯŋ.ke.na.a],[ha.nɯn.ge.na.a]
중요한 순간이야,26,[tʃuŋ.jo.han.suŋ.kan.i.ja],[dʒuŋ.jo.han.suŋ.kan.i.ja]
번째 메시지,26,[pʌn.tʃ͈ɛ.me.si.tʃi],[bʌn.tʃ͈ɛ.me.si.dʒi]
미안해요 이게,26,[mi.an.hɛ.jo.i.ke],[mi.an.hɛ.jo.i.ge]
그녀는 유일한,26,[kɯ.njʌ.nɯn.ju.il.han],[gɯ.njʌ.nɯn.ju.il.han]
많이 볼,26,[man.i.pol],[man.i.bol]
뭘 쓰고,26,[mwʌl.s͈ɯ.ko],[mwʌl.s͈ɯ.go]
이 시설은,26,[i.si.sʌl.ɯn],[i.si.sʌl.ɯn]
저 소리가,26,[tʃʌ.so.ɾi.ka],[dʒʌ.so.ɾi.ga]
발 더,26,[pal.tʌ],[bal.dʌ]
do you need,26,,
봐요 잠깐,26,[pwa.jo.tʃam.k͈an],[bwa.jo.dʒam.k͈an]
절대 그럴 일 없어,26,[tʃʌl.tɛ.kɯ.ɾʌl.il.ʌp̚.ʌ],[dʒʌl.tɛ.gɯ.ɾʌl.il.ʌp̚.ʌ]
볼 수 있습니까,26,[pol.su.it̚.sɯp̚.ni.k͈a],[bol.su.it̚.sɯp̚.ni.k͈a]
말인지 알겠다,26,[mal.in.tʃi.al.ket̚.ta],[mal.in.tʃi.al.ket̚.ta]
우리가 맡은,26,[u.ɾi.ka.mat̚.ɯn],[u.ɾi.ga.mat̚.ɯn]
이제 나의,26,[i.tʃe.na.ɯi],[i.dʒe.na.ɯi]
영국 최고의,26,[jʌŋ.kuk̚.tʃʰwe.ko.ɯi],[jʌŋ.guk̚.tʃʰwe.go.ɯi]
수 천,26,[su.tʃʰʌn],[su.tʃʰʌn]
어젯밤에 무슨 일이,26,[ʌ.tʃet̚.pam.e.mu.sɯn.il.i],[ʌ.dʒet̚.pam.e.mu.sɯn.il.i]
기분 나빠요,26,[ki.pun.na.p͈a.jo],[gi.bun.na.p͈a.jo]
않습니다 내가,26,[an.sɯp̚.ni.ta.nɛ.ka],[an.sɯp̚.ni.da.nɛ.ga]
같군 그,26,[kat̚.kuŋ.kɯ],[gat̚.kun.gɯ]
자신이 얼마나,26,[tʃa.sin.i.ʌl.ma.na],[dʒa.sin.i.ʌl.ma.na]
줄게 이제,26,[tʃul.ke.i.tʃe],[dʒul.ke.i.dʒe]
제게 그,26,[tʃe.ke.kɯ],[dʒe.ge.gɯ]
이 늦은 시간에,26,[i.nɯt̚.ɯn.si.kan.e],[i.nɯt̚.ɯn.si.gan.e]
자아에 대한,26,[tʃa.a.e.tɛ.han],[dʒa.a.e.dɛ.han]
칠전팔기로 기사회생 WOW,26,[tʃʰil.tʃʌm.pʰal.ki.ɾo.ki.sa.hwe.sɛŋ],[tʃʰil.tʃʌm.pʰal.ki.ɾo.gi.sa.hwe.sɛŋ]
제 친구였어요,26,[tʃe.tʃʰiŋ.ku.jʌt̚.ʌ.jo],[dʒe.tʃʰiŋ.ku.jʌt̚.ʌ.jo]
그 사진들은,26,[kɯ.sa.tʃin.tɯl.ɯn],[gɯ.sa.dʒin.tɯl.ɯn]
기사를 읽고,26,[ki.sa.ɾɯl.ik̚.ko],[gi.sa.ɾɯl.ik̚.ko]
나도 그 기분,26,[na.to.kɯ.ki.pun],[na.do.gɯ.gi.bun]
우리에게 기회가,26,[u.ɾi.e.ke.ki.hwe.ka],[u.ɾi.e.ge.gi.hwe.ga]
진정하고 내,26,[tʃin.tʃʌŋ.ha.ko.nɛ],[dʒin.tʃʌŋ.ha.go.nɛ]
왜 당신을 믿어야,26,[wɛ.taŋ.sin.ɯl.mit̚.ʌ.ja],[wɛ.daŋ.sin.ɯl.mit̚.ʌ.ja]
그린 애로우는,26,[kɯ.ɾin.ɛ.ɾo.u.nɯn],[gɯ.ɾin.ɛ.ɾo.u.nɯn]
우리에게 말한,26,[u.ɾi.e.ke.mal.han],[u.ɾi.e.ge.mal.han]
중인가 봐,26,[tʃuŋ.iŋ.ka.pwa],[dʒuŋ.iŋ.ka.bwa]
잠깐 잠깐 잠깐,26,[tʃam.k͈an.tʃam.k͈an.tʃam.k͈an],[dʒam.k͈an.dʒam.k͈an.dʒam.k͈an]
중학교 때부터,26,[tʃuŋ.hak̚.kjo.t͈ɛ.pu.tʰʌ],[dʒuŋ.hak̚.kjo.t͈ɛ.bu.tʰʌ]
않습니다 전,26,[an.sɯp̚.ni.ta.tʃʌn],[an.sɯp̚.ni.da.dʒʌn]
좀 드려도,26,[tʃon.tɯ.ɾjʌ.to],[dʒom.dɯ.ɾjʌ.do]
힘든 하루,26,[hin.tɯn.ha.ɾu],[hin.tɯn.ha.ɾu]
형사님 내가,26,[hjʌŋ.sa.nim.nɛ.ka],[hjʌŋ.sa.nim.nɛ.ga]
아니야 소중한 사람을,26,[a.ni.ja.so.tʃuŋ.han.sa.ɾam.ɯl],[a.ni.ja.so.dʒuŋ.han.sa.ɾam.ɯl]
문제를 일으키는,26,[mun.tʃe.ɾɯl.il.ɯ.kʰi.nɯn],[mun.tʃe.ɾɯl.il.ɯ.kʰi.nɯn]
죽게 내버려 두지,26,[tʃuk̚.ke.nɛ.pʌ.ɾjʌ.tu.tʃi],[dʒuk̚.ke.nɛ.bʌ.ɾjʌ.du.dʒi]
않습니다 제가,26,[an.sɯp̚.ni.ta.tʃe.ka],[an.sɯp̚.ni.da.dʒe.ga]
때 완전,26,[t͈ɛ.wan.tʃʌn],[t͈ɛ.wan.tʃʌn]
좀 드시겠어요,26,[tʃon.tɯ.si.ket̚.ʌ.jo],[dʒom.dɯ.si.get̚.ʌ.jo]
you brought,26,,
정말 소름,26,[tʃʌŋ.mal.so.ɾɯm],[dʒʌŋ.mal.so.ɾɯm]
이 버스,26,[i.pʌ.sɯ],[i.bʌ.sɯ]
내 차례다,26,[nɛ.tʃʰa.ɾje.ta],[nɛ.tʃʰa.ɾje.da]
정신적 충격을,26,[tʃʌŋ.sin.tʃʌk̚.tʃʰuŋ.kjʌk̚.ɯl],[dʒʌŋ.sin.tʃʌk̚.tʃʰuŋ.gjʌk̚.ɯl]
집에 침입해,26,[tʃip̚.e.tʃʰim.ip̚.hɛ],[dʒip̚.e.tʃʰim.ip̚.hɛ]
걸 두고 볼,26,[kʌl.tu.ko.pol],[gʌl.du.go.bol]
그래요 날,26,[kɯ.ɾɛ.jo.nal],[gɯ.ɾɛ.jo.nal]
제 부하,26,[tʃe.pu.ha],[dʒe.bu.ha]
his life,26,,
줘 우리가,26,[tʃwʌ.u.ɾi.ka],[dʒwʌ.u.ɾi.ga]
열정으로 종을 울리는 거야,26,[jʌl.tʃʌŋ.ɯ.ɾo.tʃoŋ.ɯl.ul.ɾi.nɯŋ.kʌ.ja],[jʌl.tʃʌŋ.ɯ.ɾo.dʒoŋ.ɯl.ul.ɾi.nɯn.gʌ.ja]
더 슬픈,26,[tʌ.sɯl.pʰɯn],[dʌ.sɯl.pʰɯn]
게 그거라면,26,[ke.kɯ.kʌ.ɾa.mjʌn],[ge.gɯ.gʌ.ɾa.mjʌn]
수가 없었거든,26,[su.ka.ʌp̚.ʌt̚.kʌ.tɯn],[su.ga.ʌp̚.ʌt̚.kʌ.dɯn]
잘 타고,26,[tʃal.tʰa.ko],[dʒal.tʰa.go]
그 고양이,26,[kɯ.ko.jaŋ.i],[gɯ.go.jaŋ.i]
이 사람에 대해,26,[i.sa.ɾam.e.tɛ.hɛ],[i.sa.ɾam.e.dɛ.hɛ]
수가 없었거든요,26,[su.ka.ʌp̚.ʌt̚.kʌ.tɯn.jo],[su.ga.ʌp̚.ʌt̚.kʌ.dɯn.jo]
돼서 다행이야,26,[twɛ.sʌ.ta.hɛŋ.i.ja],[dwɛ.sʌ.da.hɛŋ.i.ja]
때 하던,26,[t͈ɛ.ha.tʌn],[t͈ɛ.ha.dʌn]
가는 게 좋을 것,26,[ka.nɯŋ.ke.tʃot̚.ɯl.kʌt̚],[ga.nɯn.ge.dʒot̚.ɯl.gʌt̚]
같이 볼래,26,[kat̚.i.pol.ɾɛ],[gat̚.i.bol.ɾɛ]
모든 문이,26,[mo.tɯn.mun.i],[mo.dɯn.mun.i]
일이 없었으면,26,[il.i.ʌp̚.ʌt̚.ɯ.mjʌn],[il.i.ʌp̚.ʌt̚.ɯ.mjʌn]
저희가 아는,26,[tʃʌ.hɯi.ka.a.nɯn],[dʒʌ.hɯi.ga.a.nɯn]
개와 함께,26,[kɛ.wa.ham.k͈e],[gɛ.wa.ham.k͈e]
어디로 갔습니까,26,[ʌ.ti.ɾo.kat̚.sɯp̚.ni.k͈a],[ʌ.di.ɾo.gat̚.sɯp̚.ni.k͈a]
뒤에 그,26,[twi.e.kɯ],[dwi.e.gɯ]
몰랐던 건,26,[mol.ɾat̚.tʌŋ.kʌn],[mol.ɾat̚.tʌn.gʌn]
밝고 경쾌한,26,[pak̚.ko.kjʌŋ.kʰwɛ.han],[bak̚.ko.gjʌŋ.kʰwɛ.han]
응 엄마,26,[ɯŋ.ʌm.ma],[ɯŋ.ʌm.ma]
내 여자는,26,[nɛ.jʌ.tʃa.nɯn],[nɛ.jʌ.dʒa.nɯn]
그럴수 없어,26,[kɯ.ɾʌl.su.ʌp̚.ʌ],[gɯ.ɾʌl.su.ʌp̚.ʌ]
끝난 것 같은데,26,[k͈ɯt̚.naŋ.kʌt̚.kat̚.ɯn.te],[k͈ɯt̚.nan.gʌt̚.gat̚.ɯn.te]
내 목소리에,26,[nɛ.mok̚.so.ɾi.e],[nɛ.mok̚.so.ɾi.e]
나 좀 내버려둬,26,[na.tʃom.nɛ.pʌ.ɾjʌ.twʌ],[na.dʒom.nɛ.bʌ.ɾjʌ.dwʌ]
기분이 나아질 거야,26,[ki.pun.i.na.a.tʃil.kʌ.ja],[gi.bun.i.na.a.dʒil.gʌ.ja]
해요 왜냐하면,26,[hɛ.jo.wɛ.nja.ha.mjʌn],[hɛ.jo.wɛ.nja.ha.mjʌn]
가질 수 있었다,26,[ka.tʃil.su.it̚.ʌt̚.ta],[ga.dʒil.su.it̚.ʌt̚.ta]
나는 해야,26,[na.nɯn.hɛ.ja],[na.nɯn.hɛ.ja]
때까지 가만히,26,[t͈ɛ.k͈a.tʃi.ka.man.hi],[t͈ɛ.k͈a.dʒi.ga.man.hi]
줬어 그리고,26,[tʃwʌt̚.ʌ.kɯ.ɾi.ko],[dʒwʌt̚.ʌ.gɯ.ɾi.go]
지금 새로운,26,[tʃi.kɯm.sɛ.ɾo.un],[dʒi.gɯm.sɛ.ɾo.un]
맘대로 하게,26,[man.tɛ.ɾo.ha.ke],[man.tɛ.ɾo.ha.ge]
사람에게 누구라도,26,[sa.ɾam.e.ke.nu.ku.ɾa.to],[sa.ɾam.e.ge.nu.gu.ɾa.do]
아들을 죽일,26,[a.tɯl.ɯl.tʃuk̚.il],[a.dɯl.ɯl.dʒuk̚.il]
내 면전에서,26,[nɛ.mjʌn.tʃʌn.e.sʌ],[nɛ.mjʌn.tʃʌn.e.sʌ]
약을 하는,26,[jak̚.ɯl.ha.nɯn],[jak̚.ɯl.ha.nɯn]
죽은 겁니다,26,[tʃuk̚.ɯŋ.kʌp̚.ni.ta],[dʒuk̚.ɯn.gʌp̚.ni.da]
제가 데려갈게요,26,[tʃe.ka.te.ɾjʌ.kal.ke.jo],[dʒe.ga.de.ɾjʌ.gal.ke.jo]
계속 저,26,[kje.sok̚.tʃʌ],[gje.sok̚.dʒʌ]
때까지 쉬지,26,[t͈ɛ.k͈a.tʃi.swi.tʃi],[t͈ɛ.k͈a.dʒi.swi.dʒi]
떠나고 싶은,26,[t͈ʌ.na.ko.sip̚.ɯn],[t͈ʌ.na.go.sip̚.ɯn]
문제도 아니야,26,[mun.tʃe.to.a.ni.ja],[mun.tʃe.do.a.ni.ja]
방 열쇠,26,[paŋ.jʌl.swe],[baŋ.jʌl.swe]
나 준비됐어,26,[na.tʃum.pi.twɛt̚.ʌ],[na.dʒum.pi.dwɛt̚.ʌ]
부탁 하나만 할게요,26,[pu.tʰak̚.ha.na.man.hal.ke.jo],[bu.tʰak̚.ha.na.man.hal.ke.jo]
응 좋은,26,[ɯŋ.tʃot̚.ɯn],[ɯŋ.dʒot̚.ɯn]
이 여자는 내,26,[i.jʌ.tʃa.nɯn.nɛ],[i.jʌ.dʒa.nɯn.nɛ]
있으니까 우리가,26,[it̚.ɯ.ni.k͈a.u.ɾi.ka],[it̚.ɯ.ni.k͈a.u.ɾi.ga]
계획한 건,26,[kje.hwek̚.haŋ.kʌn],[gje.hwek̚.han.gʌn]
벌건 대낮에,26,[pʌl.kʌn.tɛ.nat̚.e],[bʌl.kʌn.dɛ.nat̚.e]
마담 프루스트,26,[ma.tam.pʰɯ.ɾu.sɯ.tʰɯ],[ma.dam.pʰɯ.ɾu.sɯ.tʰɯ]
세 미만,26,[se.mi.man],[se.mi.man]
누군지 말이야,26,[nu.kun.tʃi.mal.i.ja],[nu.gun.tʃi.mal.i.ja]
때는 너무,26,[t͈ɛ.nɯn.nʌ.mu],[t͈ɛ.nɯn.nʌ.mu]
뭐 좀 사다,26,[mwʌ.tʃom.sa.ta],[mwʌ.dʒom.sa.da]
촬영할 때,26,[tʃʰwal.jʌŋ.hal.t͈ɛ],[tʃʰwal.jʌŋ.hal.t͈ɛ]
아마 없을,26,[a.ma.ʌp̚.ɯl],[a.ma.ʌp̚.ɯl]
you thought,26,,
누군지 모르겠네요,26,[nu.kun.tʃi.mo.ɾɯ.ket̚.ne.jo],[nu.gun.tʃi.mo.ɾɯ.get̚.ne.jo]
넘어가지 않을,26,[nʌm.ʌ.ka.tʃi.an.ɯl],[nʌm.ʌ.ga.dʒi.an.ɯl]
아니에요 잠깐,26,[a.ni.e.jo.tʃam.k͈an],[a.ni.e.jo.dʒam.k͈an]
내 침실에,26,[nɛ.tʃʰim.sil.e],[nɛ.tʃʰim.sil.e]
제일 먼저 할,26,[tʃe.il.mʌn.tʃʌ.hal],[dʒe.il.mʌn.tʃʌ.hal]
이 일과 관련이,26,[i.il.kwa.kwal.ljʌn.i],[i.il.kwa.gwal.ljʌn.i]
아니오 나는,26,[a.ni.o.na.nɯn],[a.ni.o.na.nɯn]
정말 수고,26,[tʃʌŋ.mal.su.ko],[dʒʌŋ.mal.su.go]
거 알아 그리고,26,[kʌ.al.a.kɯ.ɾi.ko],[gʌ.al.a.gɯ.ɾi.go]
안다는 건,26,[an.ta.nɯŋ.kʌn],[an.ta.nɯn.gʌn]
친구도 아니고,26,[tʃʰiŋ.ku.to.a.ni.ko],[tʃʰiŋ.ku.do.a.ni.go]
주임 선생님,26,[tʃu.im.sʌn.sɛŋ.nim],[dʒu.im.sʌn.sɛŋ.nim]
자유롭게 살고,26,[tʃa.ju.ɾop̚.ke.sal.ko],[dʒa.ju.ɾop̚.ke.sal.ko]
아빠 한,26,[a.p͈a.han],[a.p͈a.han]
게 중요한 거지,26,[ke.tʃuŋ.jo.haŋ.kʌ.tʃi],[ge.dʒuŋ.jo.han.gʌ.dʒi]
경찰이 오기 전에,26,[kjʌŋ.tʃʰal.i.o.ki.tʃʌn.e],[gjʌŋ.tʃʰal.i.o.gi.dʒʌn.e]
지나가는 길에,26,[tʃi.na.ka.nɯŋ.kil.e],[dʒi.na.ga.nɯn.gil.e]
넘어갈 것,26,[nʌm.ʌ.kal.kʌt̚],[nʌm.ʌ.gal.gʌt̚]
아무것도 안했어요,26,[a.mu.kʌt̚.to.an.hɛt̚.ʌ.jo],[a.mu.gʌt̚.to.an.hɛt̚.ʌ.jo]
죽기 전에 말이야,26,[tʃuk̚.ki.tʃʌn.e.mal.i.ja],[dʒuk̚.ki.dʒʌn.e.mal.i.ja]
걸 제일,26,[kʌl.tʃe.il],[gʌl.dʒe.il]
일 없었으면,26,[il.ʌp̚.ʌt̚.ɯ.mjʌn],[il.ʌp̚.ʌt̚.ɯ.mjʌn]
하려면 제대로,26,[ha.ɾjʌ.mjʌn.tʃe.tɛ.ɾo],[ha.ɾjʌ.mjʌn.dʒe.dɛ.ɾo]
널 위해 준비한,26,[nʌl.wi.hɛ.tʃum.pi.han],[nʌl.wi.hɛ.dʒum.pi.han]
in to,26,,
증거가 있습니까,26,[tʃɯŋ.kʌ.ka.it̚.sɯp̚.ni.k͈a],[dʒɯŋ.gʌ.ga.it̚.sɯp̚.ni.k͈a]
나에게 주었다,26,[na.e.ke.tʃu.ʌt̚.ta],[na.e.ge.dʒu.ʌt̚.ta]
볼 수 있으니,26,[pol.su.it̚.ɯ.ni],[bol.su.it̚.ɯ.ni]
맛이 안,26,[mat̚.i.an],[mat̚.i.an]
거 도와줄까,26,[kʌ.to.wa.tʃul.k͈a],[gʌ.do.wa.dʒul.k͈a]
싶다고 했잖아요,26,[sip̚.ta.ko.hɛt̚.tʃan.a.jo],[sip̚.ta.go.hɛt̚.tʃan.a.jo]
그의 팀이,26,[kɯ.ɯi.tʰim.i],[gɯ.ɯi.tʰim.i]
옮겨야 돼,26,[om.kjʌ.ja.twɛ],[om.kjʌ.ja.dwɛ]
나에게 준,26,[na.e.ke.tʃun],[na.e.ge.dʒun]
자유를 얻었다,26,[tʃa.ju.ɾɯl.ʌt̚.ʌt̚.ta],[dʒa.ju.ɾɯl.ʌt̚.ʌt̚.ta]
난 돌아갈 수,26,[nan.tol.a.kal.su],[nan.dol.a.gal.su]
이유가 있는 거야,26,[i.ju.ka.it̚.nɯŋ.kʌ.ja],[i.ju.ga.it̚.nɯn.gʌ.ja]
아직 감옥에,26,[a.tʃik̚.kam.ok̚.e],[a.dʒik̚.gam.ok̚.e]
난 뉴욕에,26,[nan.nju.jok̚.e],[nan.nju.jok̚.e]
세상에 제가,26,[se.saŋ.e.tʃe.ka],[se.saŋ.e.dʒe.ga]
너의 손가락과,26,[nʌ.ɯi.soŋ.ka.ɾak̚.kwa],[nʌ.ɯi.soŋ.ka.ɾak̚.kwa]
번역 손지연,26,[pʌn.jʌk̚.son.tʃi.jʌn],[bʌn.jʌk̚.son.tʃi.jʌn]
아니지만 넌,26,[a.ni.tʃi.man.nʌn],[a.ni.dʒi.man.nʌn]
때문에 그냥,26,[t͈ɛ.mun.e.kɯ.njaŋ],[t͈ɛ.mun.e.gɯ.njaŋ]
무슨 바보,26,[mu.sɯm.pa.po],[mu.sɯn.ba.bo]
거래를 해야,26,[kʌ.ɾɛ.ɾɯl.hɛ.ja],[gʌ.ɾɛ.ɾɯl.hɛ.ja]
챙겨 줘,26,[tʃʰɛŋ.kjʌ.tʃwʌ],[tʃʰɛŋ.gjʌ.dʒwʌ]
알고 계실 겁니다,26,[al.ko.kje.sil.kʌp̚.ni.ta],[al.ko.gje.sil.gʌp̚.ni.da]
거라면 그,26,[kʌ.ɾa.mjʌŋ.kɯ],[gʌ.ɾa.mjʌn.gɯ]
태어나지도 않은,26,[tʰɛ.ʌ.na.tʃi.to.an.ɯn],[tʰɛ.ʌ.na.dʒi.do.an.ɯn]
다 털어놓고,26,[ta.tʰʌl.ʌ.not̚.ko],[da.tʰʌl.ʌ.not̚.ko]
아이들이 있는,26,[a.i.tɯl.i.it̚.nɯn],[a.i.dɯl.i.it̚.nɯn]
하고 가야지,26,[ha.ko.ka.ja.tʃi],[ha.go.ga.ja.dʒi]
크리스마스 잘,26,[kʰɯ.ɾi.sɯ.ma.sɯ.tʃal],[kʰɯ.ɾi.sɯ.ma.sɯ.dʒal]
나에게 총을,26,[na.e.ke.tʃʰoŋ.ɯl],[na.e.ge.tʃʰoŋ.ɯl]
목이 말라,26,[mok̚.i.mal.ɾa],[mok̚.i.mal.ɾa]
수는 없겠지,26,[su.nɯn.ʌp̚.ket̚.tʃi],[su.nɯn.ʌp̚.ket̚.tʃi]
잠깐 제,26,[tʃam.k͈an.tʃe],[dʒam.k͈an.dʒe]
두려움에 떨며,26,[tu.ɾjʌ.um.e.t͈ʌl.mjʌ],[du.ɾjʌ.um.e.t͈ʌl.mjʌ]
우리한테 그,26,[u.ɾi.han.tʰe.kɯ],[u.ɾi.han.tʰe.gɯ]
동업자 간의 예의,26,[toŋ.ʌp̚.tʃa.kan.ɯi.je.ɯi],[doŋ.ʌp̚.tʃa.gan.ɯi.je.ɯi]
이유는 나도,26,[i.ju.nɯn.na.to],[i.ju.nɯn.na.do]
최강인 순간은 Panorama,26,[tʃʰwe.kaŋ.in.suŋ.kan.ɯn],[tʃʰwe.gaŋ.in.suŋ.kan.ɯn]
이해해 근데,26,[i.hɛ.hɛ.kɯn.te],[i.hɛ.hɛ.gɯn.te]
이미 그걸,26,[i.mi.kɯ.kʌl],[i.mi.gɯ.gʌl]
좀 먹게,26,[tʃom.mʌk̚.ke],[dʒom.mʌk̚.ke]
최강인 순간은,26,[tʃʰwe.kaŋ.in.suŋ.kan.ɯn],[tʃʰwe.gaŋ.in.suŋ.kan.ɯn]
형이랑 같이,26,[hjʌŋ.i.ɾaŋ.kat̚.i],[hjʌŋ.i.ɾaŋ.gat̚.i]
정도 됐을,26,[tʃʌŋ.to.twɛt̚.ɯl],[dʒʌŋ.do.dwɛt̚.ɯl]
아마 이렇게,26,[a.ma.i.ɾʌt̚.ke],[a.ma.i.ɾʌt̚.ke]
때문에 미치겠어요,26,[t͈ɛ.mun.e.mi.tʃʰi.ket̚.ʌ.jo],[t͈ɛ.mun.e.mi.tʃʰi.get̚.ʌ.jo]
너 지금 뭐하는,26,[nʌ.tʃi.kɯm.mwʌ.ha.nɯn],[nʌ.dʒi.gɯm.mwʌ.ha.nɯn]
Oh Come on Come,26,,
그저 날,26,[kɯ.tʃʌ.nal],[gɯ.dʒʌ.nal]
방법을 생각해야,26,[pam.pʌp̚.ɯl.sɛŋ.kak̚.hɛ.ja],[baŋ.bʌp̚.ɯl.sɛŋ.gak̚.hɛ.ja]
뒤집어 쓰고,26,[twi.tʃip̚.ʌ.s͈ɯ.ko],[dwi.dʒip̚.ʌ.s͈ɯ.go]
이미 그를,26,[i.mi.kɯ.ɾɯl],[i.mi.gɯ.ɾɯl]
to talk to you,26,,
대 후반에서,26,[tɛ.hu.pan.e.sʌ],[dɛ.hu.ban.e.sʌ]
and give,26,,
전에 말해,26,[tʃʌn.e.mal.hɛ],[dʒʌn.e.mal.hɛ]
알고 있다고 생각한다,26,[al.ko.it̚.ta.ko.sɛŋ.kak̚.han.ta],[al.ko.it̚.ta.go.sɛŋ.gak̚.han.ta]
이미 그의,26,[i.mi.kɯ.ɯi],[i.mi.gɯ.ɯi]
다 읽은,26,[ta.ik̚.ɯn],[da.ik̚.ɯn]
그걸로 어떻게,26,[kɯ.kʌl.ɾo.ʌ.t͈ʌt̚.ke],[gɯ.gʌl.ɾo.ʌ.t͈ʌt̚.ke]
가자 이게,26,[ka.tʃa.i.ke],[ga.dʒa.i.ge]
진짜 있었던,26,[tʃin.tʃ͈a.it̚.ʌt̚.tʌn],[dʒin.tʃ͈a.it̚.ʌt̚.tʌn]
수 있게끔,26,[su.it̚.ke.k͈ɯm],[su.it̚.ke.k͈ɯm]
俺は行くよ 난,26,[nan],[nan]
목이 좀,26,[mok̚.i.tʃom],[mok̚.i.dʒom]
짓 한 거,26,[tʃit̚.haŋ.kʌ],[dʒit̚.han.gʌ]
선택해야 한다면,26,[sʌn.tʰɛk̚.hɛ.ja.han.ta.mjʌn],[sʌn.tʰɛk̚.hɛ.ja.han.ta.mjʌn]
그리고 경찰이,26,[kɯ.ɾi.ko.kjʌŋ.tʃʰal.i],[gɯ.ɾi.go.gjʌŋ.tʃʰal.i]
이거 잡아,26,[i.kʌ.tʃap̚.a],[i.gʌ.dʒap̚.a]
아냐 아니야,26,[a.nja.a.ni.ja],[a.nja.a.ni.ja]
욕하는 건,26,[jok̚.ha.nɯŋ.kʌn],[jok̚.ha.nɯn.gʌn]
하지만 그때는,26,[ha.tʃi.maŋ.kɯ.t͈ɛ.nɯn],[ha.dʒi.man.gɯ.t͈ɛ.nɯn]
사람은 늘,26,[sa.ɾam.ɯn.nɯl],[sa.ɾam.ɯn.nɯl]
이거 치워,26,[i.kʌ.tʃʰi.wʌ],[i.gʌ.tʃʰi.wʌ]
구하지 못한,26,[ku.ha.tʃi.mot̚.han],[gu.ha.dʒi.mot̚.han]
내 생각에 그들은,26,[nɛ.sɛŋ.kak̚.e.kɯ.tɯl.ɯn],[nɛ.sɛŋ.gak̚.e.gɯ.dɯl.ɯn]
흥미 진진한,26,[hɯŋ.mi.tʃin.tʃin.han],[hɯŋ.mi.dʒin.tʃin.han]
트럭 운전사,26,[tʰɯ.ɾʌk̚.un.tʃʌn.sa],[tʰɯ.ɾʌk̚.un.tʃʌn.sa]
내가 말하던,26,[nɛ.ka.mal.ha.tʌn],[nɛ.ga.mal.ha.dʌn]
어떻게 이런 일을,26,[ʌ.t͈ʌt̚.ke.i.ɾʌn.il.ɯl],[ʌ.t͈ʌt̚.ke.i.ɾʌn.il.ɯl]
요점이 뭐죠,26,[jo.tʃʌm.i.mwʌ.tʃjo],[jo.dʒʌm.i.mwʌ.dʒjo]
챙기는 거,26,[tʃʰɛŋ.ki.nɯŋ.kʌ],[tʃʰɛŋ.gi.nɯn.gʌ]
불만 없어,26,[pul.man.ʌp̚.ʌ],[bul.man.ʌp̚.ʌ]
영혼으로 배를 저어갔죠,26,[jʌŋ.hon.ɯ.ɾo.pɛ.ɾɯl.tʃʌ.ʌ.kat̚.tʃjo],[jʌŋ.hon.ɯ.ɾo.bɛ.ɾɯl.dʒʌ.ʌ.gat̚.tʃjo]
영혼으로 배를 저어갔죠 바다를,26,[jʌŋ.hon.ɯ.ɾo.pɛ.ɾɯl.tʃʌ.ʌ.kat̚.tʃjo.pa.ta.ɾɯl],[jʌŋ.hon.ɯ.ɾo.bɛ.ɾɯl.dʒʌ.ʌ.gat̚.tʃjo.ba.da.ɾɯl]
죽는다 해도,26,[tʃuk̚.nɯn.ta.hɛ.to],[dʒuk̚.nɯn.ta.hɛ.do]
알겠지만 내가,26,[al.ket̚.tʃi.man.nɛ.ka],[al.ket̚.tʃi.man.nɛ.ga]
신경도 쓰지,26,[siŋ.kjʌŋ.to.s͈ɯ.tʃi],[siŋ.kjʌŋ.do.s͈ɯ.dʒi]
줘 이리,26,[tʃwʌ.i.ɾi],[dʒwʌ.i.ɾi]
그게 어떻게 가능하죠,26,[kɯ.ke.ʌ.t͈ʌt̚.ke.ka.nɯŋ.ha.tʃjo],[gɯ.ge.ʌ.t͈ʌt̚.ke.ga.nɯŋ.ha.dʒjo]
해 주실 수,26,[hɛ.tʃu.sil.su],[hɛ.dʒu.sil.su]
이건 명백한,26,[i.kʌn.mjʌm.pɛk̚.han],[i.gʌn.mjʌŋ.bɛk̚.han]
그리고 난 지금,26,[kɯ.ɾi.ko.nan.tʃi.kɯm],[gɯ.ɾi.go.nan.dʒi.gɯm]
게 옳다고,26,[ke.ol.ta.ko],[ge.ol.ta.go]
The Way,26,,
디저트 먹을,26,[ti.tʃʌ.tʰɯ.mʌk̚.ɯl],[di.dʒʌ.tʰɯ.mʌk̚.ɯl]
근무할 때,26,[kɯn.mu.hal.t͈ɛ],[gɯn.mu.hal.t͈ɛ]
좀 물어봐도 될까,26,[tʃom.mul.ʌ.pwa.to.twel.k͈a],[dʒom.mul.ʌ.bwa.do.dwel.k͈a]
네가 하는 말,26,[ne.ka.ha.nɯn.mal],[ne.ga.ha.nɯn.mal]
라면 먹고,26,[ɾa.mjʌn.mʌk̚.ko],[ɾa.mjʌn.mʌk̚.ko]
다 말했잖아요,26,[ta.mal.hɛt̚.tʃan.a.jo],[da.mal.hɛt̚.tʃan.a.jo]
할 거라는 걸,26,[hal.kʌ.ɾa.nɯŋ.kʌl],[hal.gʌ.ɾa.nɯn.gʌl]
흔히 볼 수,26,[hɯn.hi.pol.su],[hɯn.hi.bol.su]
마시는 거지,26,[ma.si.nɯŋ.kʌ.tʃi],[ma.si.nɯn.gʌ.dʒi]
그녀가 어디서,26,[kɯ.njʌ.ka.ʌ.ti.sʌ],[gɯ.njʌ.ga.ʌ.di.sʌ]
내가 뭘 잘못했는데,26,[nɛ.ka.mwʌl.tʃal.mot̚.hɛt̚.nɯn.te],[nɛ.ga.mwʌl.dʒal.mot̚.hɛt̚.nɯn.te]
좋았어 난,26,[tʃot̚.at̚.ʌ.nan],[dʒot̚.at̚.ʌ.nan]
이건 필요,26,[i.kʌm.pʰil.jo],[i.gʌm.pʰil.jo]
땐 그렇게,26,[t͈ɛŋ.kɯ.ɾʌt̚.ke],[t͈ɛn.gɯ.ɾʌt̚.ke]
얼굴이 다,26,[ʌl.kul.i.ta],[ʌl.kul.i.da]
땐 못,26,[t͈ɛn.mot̚],[t͈ɛn.mot̚]
문제는 당신이,26,[mun.tʃe.nɯn.taŋ.sin.i],[mun.tʃe.nɯn.daŋ.sin.i]
죽어 내가,26,[tʃuk̚.ʌ.nɛ.ka],[dʒuk̚.ʌ.nɛ.ga]
무례하게 굴,26,[mu.ɾje.ha.ke.kul],[mu.ɾje.ha.ge.gul]
어디 있겠니,26,[ʌ.ti.it̚.ket̚.ni],[ʌ.di.it̚.ket̚.ni]
의도한 게,26,[ɯi.to.haŋ.ke],[ɯi.do.han.ge]
제 아버지도,26,[tʃe.a.pʌ.tʃi.to],[dʒe.a.bʌ.dʒi.do]
이건 시간 낭비야,26,[i.kʌn.si.kan.nam.pi.ja],[i.gʌn.si.gan.naŋ.bi.ja]
일부러 말,26,[il.pu.ɾʌ.mal],[il.pu.ɾʌ.mal]
할 지 모르겠어요,26,[hal.tʃi.mo.ɾɯ.ket̚.ʌ.jo],[hal.dʒi.mo.ɾɯ.get̚.ʌ.jo]
알고 싶겠지,26,[al.ko.sip̚.ket̚.tʃi],[al.ko.sip̚.ket̚.tʃi]
지금까지 살면서,26,[tʃi.kɯm.k͈a.tʃi.sal.mjʌn.sʌ],[dʒi.gɯm.k͈a.dʒi.sal.mjʌn.sʌ]
인마 너,26,[in.ma.nʌ],[in.ma.nʌ]
우린 당장,26,[u.ɾin.taŋ.tʃaŋ],[u.ɾin.daŋ.dʒaŋ]
널 진심으로,26,[nʌl.tʃin.sim.ɯ.ɾo],[nʌl.dʒin.sim.ɯ.ɾo]
싶어 해서,26,[sip̚.ʌ.hɛ.sʌ],[sip̚.ʌ.hɛ.sʌ]
네가 한 말이,26,[ne.ka.han.mal.i],[ne.ga.han.mal.i]
번이 아니라,26,[pʌn.i.a.ni.ɾa],[bʌn.i.a.ni.ɾa]
떠나는 거죠,26,[t͈ʌ.na.nɯŋ.kʌ.tʃjo],[t͈ʌ.na.nɯn.gʌ.dʒjo]
심어 놓은,26,[sim.ʌ.not̚.ɯn],[sim.ʌ.not̚.ɯn]
버릴까 보다,26,[pʌ.ɾil.k͈a.po.ta],[bʌ.ɾil.k͈a.bo.da]
영화 중,26,[jʌŋ.hwa.tʃuŋ],[jʌŋ.hwa.dʒuŋ]
지금 도움이,26,[tʃi.kɯn.to.um.i],[dʒi.gɯm.do.um.i]
많이 봤죠,26,[man.i.pwat̚.tʃjo],[man.i.bwat̚.tʃjo]
있잖아 괜찮아,26,[it̚.tʃan.a.kwɛn.tʃʰan.a],[it̚.tʃan.a.gwɛn.tʃʰan.a]
아냐 엄마,26,[a.nja.ʌm.ma],[a.nja.ʌm.ma]
좋아 보이는,26,[tʃot̚.a.po.i.nɯn],[dʒot̚.a.bo.i.nɯn]
그래요 안녕하세요,26,[kɯ.ɾɛ.jo.an.njʌŋ.ha.se.jo],[gɯ.ɾɛ.jo.an.njʌŋ.ha.se.jo]
돌아갈 방법을,26,[tol.a.kal.pam.pʌp̚.ɯl],[dol.a.gal.baŋ.bʌp̚.ɯl]
난 더 나은,26,[nan.tʌ.na.ɯn],[nan.dʌ.na.ɯn]
해 보려고요,26,[hɛ.po.ɾjʌ.ko.jo],[hɛ.bo.ɾjʌ.go.jo]
알았는데 아니야,26,[al.at̚.nɯn.te.a.ni.ja],[al.at̚.nɯn.te.a.ni.ja]
마요 지금,26,[ma.jo.tʃi.kɯm],[ma.jo.dʒi.gɯm]
거짓말 말아요,26,[kʌ.tʃit̚.mal.mal.a.jo],[gʌ.dʒit̚.mal.mal.a.jo]
설득해야 해,26,[sʌl.tɯk̚.hɛ.ja.hɛ],[sʌl.tɯk̚.hɛ.ja.hɛ]
안 사는,26,[an.sa.nɯn],[an.sa.nɯn]
아니야 맙소사,26,[a.ni.ja.map̚.so.sa],[a.ni.ja.map̚.so.sa]
보고 알았어,26,[po.ko.al.at̚.ʌ],[bo.go.al.at̚.ʌ]
너와 함께 갈,26,[nʌ.wa.ham.k͈e.kal],[nʌ.wa.ham.k͈e.gal]
나한테 전화해서,26,[na.han.tʰe.tʃʌn.hwa.hɛ.sʌ],[na.han.tʰe.dʒʌn.hwa.hɛ.sʌ]
엄청 화낼,26,[ʌn.tʃʰʌŋ.hwa.nɛl],[ʌn.tʃʰʌŋ.hwa.nɛl]
하우 투 겟,26,[ha.u.tʰu.ket̚],[ha.u.tʰu.get̚]
違う世界の青を見たい 다른,26,[ta.ɾɯn],[da.ɾɯn]
진짜인 것,26,[tʃin.tʃ͈a.iŋ.kʌt̚],[dʒin.tʃ͈a.in.gʌt̚]
가끔 이렇게,26,[ka.k͈ɯm.i.ɾʌt̚.ke],[ga.k͈ɯm.i.ɾʌt̚.ke]
나 결혼했어,26,[na.kjʌl.hon.hɛt̚.ʌ],[na.gjʌl.hon.hɛt̚.ʌ]
언제 가,26,[ʌn.tʃe.ka],[ʌn.tʃe.ga]
피가 나,26,[pʰi.ka.na],[pʰi.ga.na]
이게 그들이,26,[i.ke.kɯ.tɯl.i],[i.ge.gɯ.dɯl.i]
그만 부려,26,[kɯ.mam.pu.ɾjʌ],[gɯ.man.bu.ɾjʌ]
편을 안,26,[pʰjʌn.ɯl.an],[pʰjʌn.ɯl.an]
볼 면목이,26,[pol.mjʌn.mok̚.i],[bol.mjʌn.mok̚.i]
일은 알아서,26,[il.ɯn.al.a.sʌ],[il.ɯn.al.a.sʌ]
혜원의 옅은 한숨,26,[hje.wʌn.ɯi.jʌt̚.ɯn.han.sum],[hje.wʌn.ɯi.jʌt̚.ɯn.han.sum]
바람이 가져다 주지,26,[pa.ɾam.i.ka.tʃjʌ.ta.tʃu.tʃi],[ba.ɾam.i.ga.dʒjʌ.da.dʒu.dʒi]
있는 건 아닙니다,26,[it̚.nɯŋ.kʌn.a.nip̚.ni.ta],[it̚.nɯn.gʌn.a.nip̚.ni.da]
누가 그랬어요,26,[nu.ka.kɯ.ɾɛt̚.ʌ.jo],[nu.ga.gɯ.ɾɛt̚.ʌ.jo]
그냥 그녀가,26,[kɯ.njaŋ.kɯ.njʌ.ka],[gɯ.njaŋ.gɯ.njʌ.ga]
앞으로 어떻게 할지,26,[ap̚.ɯ.ɾo.ʌ.t͈ʌt̚.ke.hal.tʃi],[ap̚.ɯ.ɾo.ʌ.t͈ʌt̚.ke.hal.tʃi]
아무 죄가,26,[a.mu.tʃwe.ka],[a.mu.dʒwe.ga]
인생을 망치는,26,[in.sɛŋ.ɯl.maŋ.tʃʰi.nɯn],[in.sɛŋ.ɯl.maŋ.tʃʰi.nɯn]
무릎 꿇은,26,[mu.ɾɯp̚.k͈ul.ɯn],[mu.ɾɯp̚.k͈ul.ɯn]
바람이 날,26,[pa.ɾam.i.nal],[ba.ɾam.i.nal]
건 전,26,[kʌn.tʃʌn],[gʌn.dʒʌn]
내 오른쪽,26,[nɛ.o.ɾɯn.tʃ͈ok̚],[nɛ.o.ɾɯn.tʃ͈ok̚]
아무 말도 하지 마세요,26,[a.mu.mal.to.ha.tʃi.ma.se.jo],[a.mu.mal.to.ha.dʒi.ma.se.jo]
아직 도착,26,[a.tʃik̚.to.tʃʰak̚],[a.dʒik̚.do.tʃʰak̚]
말하고 싶은건,26,[mal.ha.ko.sip̚.ɯŋ.kʌn],[mal.ha.go.sip̚.ɯŋ.kʌn]
있으면 빨리,26,[it̚.ɯ.mjʌm.p͈al.ɾi],[it̚.ɯ.mjʌm.p͈al.ɾi]
돌아갈 준비가,26,[tol.a.kal.tʃum.pi.ka],[dol.a.gal.dʒum.pi.ga]
있는 건 이,26,[it̚.nɯŋ.kʌn.i],[it̚.nɯn.gʌn.i]
사람은 아마,26,[sa.ɾam.ɯn.a.ma],[sa.ɾam.ɯn.a.ma]
인생이 바뀔,26,[in.sɛŋ.i.pa.k͈wil],[in.sɛŋ.i.ba.k͈wil]
헤어지는 거야,26,[he.ʌ.tʃi.nɯŋ.kʌ.ja],[he.ʌ.dʒi.nɯn.gʌ.ja]
Give me that,26,,
맞았나 봐,26,[mat̚.at̚.na.pwa],[mat̚.at̚.na.bwa]
봐 지금은,26,[pwa.tʃi.kɯm.ɯn],[bwa.dʒi.gɯm.ɯn]
저게 어떻게,26,[tʃʌ.ke.ʌ.t͈ʌt̚.ke],[dʒʌ.ge.ʌ.t͈ʌt̚.ke]
하지만 말이,26,[ha.tʃi.man.mal.i],[ha.dʒi.man.mal.i]
사람은 아무도 없다,26,[sa.ɾam.ɯn.a.mu.to.ʌp̚.ta],[sa.ɾam.ɯn.a.mu.do.ʌp̚.ta]
친하게 지내요,26,[tʃʰin.ha.ke.tʃi.nɛ.jo],[tʃʰin.ha.ge.dʒi.nɛ.jo]
뭐든 필요한 게,26,[mwʌ.tɯm.pʰil.jo.haŋ.ke],[mwʌ.dɯm.pʰil.jo.han.ge]
옆에 꼭,26,[jʌp̚.e.k͈ok̚],[jʌp̚.e.k͈ok̚]
방법을 알지,26,[pam.pʌp̚.ɯl.al.tʃi],[baŋ.bʌp̚.ɯl.al.tʃi]
자신의 죄를,26,[tʃa.sin.ɯi.tʃwe.ɾɯl],[dʒa.sin.ɯi.dʒwe.ɾɯl]
네가 할래,26,[ne.ka.hal.ɾɛ],[ne.ga.hal.ɾɛ]
이곳을 떠나,26,[i.kot̚.ɯl.t͈ʌ.na],[i.got̚.ɯl.t͈ʌ.na]
난 마치,26,[nan.ma.tʃʰi],[nan.ma.tʃʰi]
아무것도 듣지,26,[a.mu.kʌt̚.to.tɯt̚.tʃi],[a.mu.gʌt̚.to.dɯt̚.tʃi]
거였어 하지만,26,[kʌ.jʌt̚.ʌ.ha.tʃi.man],[gʌ.jʌt̚.ʌ.ha.dʒi.man]
안다는 게,26,[an.ta.nɯŋ.ke],[an.ta.nɯn.ge]
안전 금고,26,[an.tʃʌŋ.kɯm.ko],[an.tʃʌn.gɯm.ko]
쓴 건데,26,[s͈ɯŋ.kʌn.te],[s͈ɯn.gʌn.te]
이기는 거,26,[i.ki.nɯŋ.kʌ],[i.gi.nɯn.gʌ]
그냥 애들,26,[kɯ.njaŋ.ɛ.tɯl],[gɯ.njaŋ.ɛ.dɯl]
있으면 안 된다고,26,[it̚.ɯ.mjʌn.an.twen.ta.ko],[it̚.ɯ.mjʌn.an.dwen.ta.go]
경기 때,26,[kjʌŋ.ki.t͈ɛ],[gjʌŋ.gi.t͈ɛ]
망할 최초,26,[maŋ.hal.tʃʰwe.tʃʰo],[maŋ.hal.tʃʰwe.tʃʰo]
아무것도 아니야 난,26,[a.mu.kʌt̚.to.a.ni.ja.nan],[a.mu.gʌt̚.to.a.ni.ja.nan]
할 말이 뭐야,26,[hal.mal.i.mwʌ.ja],[hal.mal.i.mwʌ.ja]
망할 최초 전염지래,26,[maŋ.hal.tʃʰwe.tʃʰo.tʃʌn.jʌn.tʃi.ɾɛ],[maŋ.hal.tʃʰwe.tʃʰo.dʒʌn.jʌn.tʃi.ɾɛ]
걸음을 내딛는다면 더 이상,26,[kʌl.ɯm.ɯl.lɛ.tit̚.nɯn.ta.mjʌn.tʌ.i.saŋ],[gʌl.ɯm.ɯl.lɛ.dit̚.nɯn.ta.mjʌn.dʌ.i.saŋ]
할 거야 나도,26,[hal.kʌ.ja.na.to],[hal.gʌ.ja.na.do]
악령이 속삭인다,26,[ak̚.ɾjʌŋ.i.sok̚.sak̚.in.ta],[ak̚.ɾjʌŋ.i.sok̚.sak̚.in.ta]
방법을 찾으려고,26,[pam.pʌp̚.ɯl.tʃʰat̚.ɯ.ɾjʌ.ko],[baŋ.bʌp̚.ɯl.tʃʰat̚.ɯ.ɾjʌ.go]
거긴 못,26,[kʌ.kin.mot̚],[gʌ.gin.mot̚]
CIA를 위해,26,[ɾɯl.wi.hɛ],[ɾɯl.wi.hɛ]
그냥 너가,26,[kɯ.njaŋ.nʌ.ka],[gɯ.njaŋ.nʌ.ga]
말하고 있는거야,26,[mal.ha.ko.it̚.nɯŋ.kʌ.ja],[mal.ha.go.it̚.nɯŋ.kʌ.ja]
뜨거운 물이,26,[t͈ɯ.kʌ.un.mul.i],[t͈ɯ.gʌ.un.mul.i]
수도 있어 우리가,26,[su.to.it̚.ʌ.u.ɾi.ka],[su.do.it̚.ʌ.u.ɾi.ga]
일을 맡고,26,[il.ɯl.mat̚.ko],[il.ɯl.mat̚.ko]
가진 모든 것은,26,[ka.tʃin.mo.tɯŋ.kʌt̚.ɯn],[ga.dʒin.mo.dɯn.gʌt̚.ɯn]
우리가 원한,26,[u.ɾi.ka.wʌn.han],[u.ɾi.ga.wʌn.han]
나도 네게,26,[na.to.ne.ke],[na.do.ne.ge]
거라고 이제,26,[kʌ.ɾa.ko.i.tʃe],[gʌ.ɾa.go.i.dʒe]
빨리 감기 효과음,26,[p͈al.ɾi.kam.ki.hjo.kwa.ɯm],[p͈al.ɾi.gam.ki.hjo.gwa.ɯm]
달라고 할게요,26,[tal.ɾa.ko.hal.ke.jo],[dal.ɾa.go.hal.ke.jo]
아무것도 하지 마세요,26,[a.mu.kʌt̚.to.ha.tʃi.ma.se.jo],[a.mu.gʌt̚.to.ha.dʒi.ma.se.jo]
The next,26,,
마을에 가서,26,[ma.ɯl.e.ka.sʌ],[ma.ɯl.e.ga.sʌ]
나를 막을,26,[na.ɾɯl.mak̚.ɯl],[na.ɾɯl.mak̚.ɯl]
여자를 위해서,26,[jʌ.tʃa.ɾɯl.wi.hɛ.sʌ],[jʌ.dʒa.ɾɯl.wi.hɛ.sʌ]
모두 조용,26,[mo.tu.tʃo.joŋ],[mo.du.dʒo.joŋ]
이미 우리가,26,[i.mi.u.ɾi.ka],[i.mi.u.ɾi.ga]
유감이야 난,26,[ju.kam.i.ja.nan],[ju.gam.i.ja.nan]
있으면 어떤,26,[it̚.ɯ.mjʌn.ʌ.t͈ʌn],[it̚.ɯ.mjʌn.ʌ.t͈ʌn]
결과가 좋지,26,[kjʌl.kwa.ka.tʃot̚.tʃi],[gjʌl.kwa.ga.dʒot̚.tʃi]
그런 생각은 못,26,[kɯ.ɾʌn.sɛŋ.kak̚.ɯn.mot̚],[gɯ.ɾʌn.sɛŋ.gak̚.ɯn.mot̚]
그것도 네,26,[kɯ.kʌt̚.to.ne],[gɯ.gʌt̚.to.ne]
맞는 것 같군요,26,[mat̚.nɯŋ.kʌt̚.kat̚.kun.jo],[mat̚.nɯn.gʌt̚.gat̚.kun.jo]
우린 어쩔,26,[u.ɾin.ʌ.tʃ͈ʌl],[u.ɾin.ʌ.tʃ͈ʌl]
이 사건 때문에,26,[i.sa.kʌn.t͈ɛ.mun.e],[i.sa.gʌn.t͈ɛ.mun.e]
모두가 힘을,26,[mo.tu.ka.him.ɯl],[mo.du.ga.him.ɯl]
예 그래요,26,[je.kɯ.ɾɛ.jo],[je.gɯ.ɾɛ.jo]
다들 앉아,26,[ta.tɯl.an.a],[da.dɯl.an.a]
it feel,26,,
또 뭐요,26,[t͈o.mwʌ.jo],[t͈o.mwʌ.jo]
잡히지 않을,26,[tʃap̚.hi.tʃi.an.ɯl],[dʒap̚.hi.dʒi.an.ɯl]
좋은 직장,26,[tʃot̚.ɯn.tʃik̚.tʃaŋ],[dʒot̚.ɯn.dʒik̚.tʃaŋ]
아무것도 증명,26,[a.mu.kʌt̚.to.tʃɯŋ.mjʌŋ],[a.mu.gʌt̚.to.dʒɯŋ.mjʌŋ]
일 수도 있습니다,26,[il.su.to.it̚.sɯp̚.ni.ta],[il.su.do.it̚.sɯp̚.ni.da]
것도 좋죠,26,[kʌt̚.to.tʃot̚.tʃjo],[gʌt̚.to.dʒot̚.tʃjo]
사람은 없으니까,26,[sa.ɾam.ɯn.ʌp̚.ɯ.ni.k͈a],[sa.ɾam.ɯn.ʌp̚.ɯ.ni.k͈a]
내가 사 준,26,[nɛ.ka.sa.tʃun],[nɛ.ga.sa.dʒun]
살해된 채,26,[sal.hɛ.twen.tʃʰɛ],[sal.hɛ.dwen.tʃʰɛ]
기다려 어서,26,[ki.ta.ɾjʌ.ʌ.sʌ],[gi.da.ɾjʌ.ʌ.sʌ]
지금도 난,26,[tʃi.kɯn.to.nan],[dʒi.gɯn.to.nan]
자유의 날개,26,[tʃa.ju.ɯi.nal.kɛ],[dʒa.ju.ɯi.nal.kɛ]
내 신경을,26,[nɛ.siŋ.kjʌŋ.ɯl],[nɛ.siŋ.kjʌŋ.ɯl]
본 것보다,26,[poŋ.kʌt̚.po.ta],[bon.gʌt̚.po.da]
누명 쓴,26,[nu.mjʌŋ.s͈ɯn],[nu.mjʌŋ.s͈ɯn]
아무도 없으면,26,[a.mu.to.ʌp̚.ɯ.mjʌn],[a.mu.do.ʌp̚.ɯ.mjʌn]
난 생명을,26,[nan.sɛŋ.mjʌŋ.ɯl],[nan.sɛŋ.mjʌŋ.ɯl]
당신의 아버지가,26,[taŋ.sin.ɯi.a.pʌ.tʃi.ka],[daŋ.sin.ɯi.a.bʌ.dʒi.ga]
저는 아무 짓도,26,[tʃʌ.nɯn.a.mu.tʃit̚.to],[dʒʌ.nɯn.a.mu.dʒit̚.to]
싶었던 거,26,[sip̚.ʌt̚.tʌŋ.kʌ],[sip̚.ʌt̚.tʌn.gʌ]
제가 질문을,26,[tʃe.ka.tʃil.mun.ɯl],[dʒe.ga.dʒil.mun.ɯl]
안 계시니,26,[aŋ.kje.si.ni],[an.gje.si.ni]
맞는지 확인해,26,[mat̚.nɯn.tʃi.hwak̚.in.hɛ],[mat̚.nɯn.tʃi.hwak̚.in.hɛ]
엄마가 해,26,[ʌm.ma.ka.hɛ],[ʌm.ma.ga.hɛ]
내 아빠를,26,[nɛ.a.p͈a.ɾɯl],[nɛ.a.p͈a.ɾɯl]
날 찾았지,26,[nal.tʃʰat̚.at̚.tʃi],[nal.tʃʰat̚.at̚.tʃi]
또 이럴,26,[t͈o.i.ɾʌl],[t͈o.i.ɾʌl]
전 모릅니다,26,[tʃʌn.mo.ɾɯp̚.ni.ta],[dʒʌn.mo.ɾɯp̚.ni.da]
내 환자가,26,[nɛ.hwan.tʃa.ka],[nɛ.hwan.tʃa.ga]
배를 저어갔죠 바다를 건너,26,[pɛ.ɾɯl.tʃʌ.ʌ.kat̚.tʃjo.pa.ta.ɾɯl.kʌn.nʌ],[bɛ.ɾɯl.dʒʌ.ʌ.gat̚.tʃjo.ba.da.ɾɯl.gʌn.nʌ]
의사 소통을,26,[ɯi.sa.so.tʰoŋ.ɯl],[ɯi.sa.so.tʰoŋ.ɯl]
하지만 곧 알게,26,[ha.tʃi.maŋ.kot̚.al.ke],[ha.dʒi.man.got̚.al.ke]
친구 나는,26,[tʃʰiŋ.ku.na.nɯn],[tʃʰiŋ.ku.na.nɯn]
the woman,26,,
우리를 구할,26,[u.ɾi.ɾɯl.ku.hal],[u.ɾi.ɾɯl.gu.hal]
바로 그 사람,26,[pa.ɾo.kɯ.sa.ɾam],[ba.ɾo.gɯ.sa.ɾam]
좀 봐 우리,26,[tʃom.pwa.u.ɾi],[dʒom.bwa.u.ɾi]
또 거짓말,26,[t͈o.kʌ.tʃit̚.mal],[t͈o.gʌ.dʒit̚.mal]
거예요 됐어요,26,[kʌ.je.jo.twɛt̚.ʌ.jo],[gʌ.je.jo.dwɛt̚.ʌ.jo]
손 저리 치워,26,[son.tʃʌ.ɾi.tʃʰi.wʌ],[son.dʒʌ.ɾi.tʃʰi.wʌ]
아무에게도 말하지 마,26,[a.mu.e.ke.to.mal.ha.tʃi.ma],[a.mu.e.ge.do.mal.ha.dʒi.ma]
정말 좋겠어요,26,[tʃʌŋ.mal.tʃot̚.ket̚.ʌ.jo],[dʒʌŋ.mal.dʒot̚.ket̚.ʌ.jo]
다르다는 거,26,[ta.ɾɯ.ta.nɯŋ.kʌ],[da.ɾɯ.da.nɯn.gʌ]
이런 짓 하지,26,[i.ɾʌn.tʃit̚.ha.tʃi],[i.ɾʌn.dʒit̚.ha.dʒi]
지금은 없지만,26,[tʃi.kɯm.ɯn.ʌp̚.tʃi.man],[dʒi.gɯm.ɯn.ʌp̚.tʃi.man]
가고 있는지,26,[ka.ko.it̚.nɯn.tʃi],[ga.go.it̚.nɯn.tʃi]
그 변호사,26,[kɯ.pjʌn.ho.sa],[gɯ.bjʌn.ho.sa]
같이 살았어,26,[kat̚.i.sal.at̚.ʌ],[gat̚.i.sal.at̚.ʌ]
그를 그냥,26,[kɯ.ɾɯl.kɯ.njaŋ],[gɯ.ɾɯl.gɯ.njaŋ]
당장 가져와,26,[taŋ.tʃaŋ.ka.tʃjʌ.wa],[daŋ.dʒaŋ.ga.dʒjʌ.wa]
그럼 나 혼자,26,[kɯ.ɾʌm.na.hon.tʃa],[gɯ.ɾʌm.na.hon.tʃa]
곧 출발할,26,[kot̚.tʃʰul.pal.hal],[got̚.tʃʰul.pal.hal]
얘기를 한 적이,26,[jɛ.ki.ɾɯl.han.tʃʌk̚.i],[jɛ.gi.ɾɯl.han.dʒʌk̚.i]
거야 알,26,[kʌ.ja.al],[gʌ.ja.al]
전화를 하면,26,[tʃʌn.hwa.ɾɯl.ha.mjʌn],[dʒʌn.hwa.ɾɯl.ha.mjʌn]
물러나 있어요,26,[mul.ɾʌ.na.it̚.ʌ.jo],[mul.ɾʌ.na.it̚.ʌ.jo]
is over,26,,
아니야 소중한 사람을 지키기,26,[a.ni.ja.so.tʃuŋ.han.sa.ɾam.ɯl.tʃi.kʰi.ki],[a.ni.ja.so.dʒuŋ.han.sa.ɾam.ɯl.dʒi.kʰi.gi]
드릴 게 있습니다,26,[tɯ.ɾil.ke.it̚.sɯp̚.ni.ta],[dɯ.ɾil.ge.it̚.sɯp̚.ni.da]
일은 참,26,[il.ɯn.tʃʰam],[il.ɯn.tʃʰam]
내 문,26,[nɛ.mun],[nɛ.mun]
걸 준비했어,26,[kʌl.tʃum.pi.hɛt̚.ʌ],[gʌl.dʒum.pi.hɛt̚.ʌ]
잠이 들었어요,26,[tʃam.i.tɯl.ʌt̚.ʌ.jo],[dʒam.i.dɯl.ʌt̚.ʌ.jo]
그냥 몇 가지,26,[kɯ.njaŋ.mjʌt̚.ka.tʃi],[gɯ.njaŋ.mjʌt̚.ga.dʒi]
우린 죽었어,26,[u.ɾin.tʃuk̚.ʌt̚.ʌ],[u.ɾin.dʒuk̚.ʌt̚.ʌ]
멋진 사람이에요,26,[mʌt̚.tʃin.sa.ɾam.i.e.jo],[mʌt̚.tʃin.sa.ɾam.i.e.jo]
똑바로 차려야,26,[t͈ok̚.pa.ɾo.tʃʰa.ɾjʌ.ja],[t͈ok̚.pa.ɾo.tʃʰa.ɾjʌ.ja]
이제 말할,26,[i.tʃe.mal.hal],[i.dʒe.mal.hal]
하잖아 넌,26,[ha.tʃan.a.nʌn],[ha.dʒan.a.nʌn]
방사능 수치가,26,[paŋ.sa.nɯŋ.su.tʃʰi.ka],[baŋ.sa.nɯŋ.su.tʃʰi.ga]
말 안한,26,[mal.an.han],[mal.an.han]
걸 얻기 위해,26,[kʌl.ʌt̚.ki.wi.hɛ],[gʌl.ʌt̚.ki.wi.hɛ]
몰라 여기서,26,[mol.ɾa.jʌ.ki.sʌ],[mol.ɾa.jʌ.gi.sʌ]
비밀로 하라고,26,[pi.mil.ɾo.ha.ɾa.ko],[bi.mil.ɾo.ha.ɾa.go]
친구 이봐,26,[tʃʰiŋ.ku.i.pwa],[tʃʰiŋ.ku.i.bwa]
마음은 안,26,[ma.ɯm.ɯn.an],[ma.ɯm.ɯn.an]
절대 헛되게 할,26,[tʃʌl.tɛ.hʌt̚.twe.ke.hal],[dʒʌl.tɛ.hʌt̚.twe.ge.hal]
학교에 가지,26,[hak̚.kjo.e.ka.tʃi],[hak̚.kjo.e.ga.dʒi]
날 어떤,26,[nal.ʌ.t͈ʌn],[nal.ʌ.t͈ʌn]
타 빨리,26,[tʰa.p͈al.ɾi],[tʰa.p͈al.ɾi]
돼 게다가,26,[twɛ.ke.ta.ka],[dwɛ.ge.da.ga]
새끼야 야,26,[sɛ.k͈i.ja.ja],[sɛ.k͈i.ja.ja]
다른 기회를,26,[ta.ɾɯŋ.ki.hwe.ɾɯl],[da.ɾɯn.gi.hwe.ɾɯl]
문제를 일으키지,26,[mun.tʃe.ɾɯl.il.ɯ.kʰi.tʃi],[mun.tʃe.ɾɯl.il.ɯ.kʰi.dʒi]
바로 여기 이,26,[pa.ɾo.jʌ.ki.i],[ba.ɾo.jʌ.gi.i]
일에 집중할,26,[il.e.tʃip̚.tʃuŋ.hal],[il.e.dʒip̚.tʃuŋ.hal]
말씀은 감사하지만,26,[mal.s͈ɯm.ɯŋ.kam.sa.ha.tʃi.man],[mal.s͈ɯm.ɯn.gam.sa.ha.dʒi.man]
아빠 괜찮아요,26,[a.p͈a.kwɛn.tʃʰan.a.jo],[a.p͈a.gwɛn.tʃʰan.a.jo]
죽지 않았으면,26,[tʃuk̚.tʃi.an.at̚.ɯ.mjʌn],[dʒuk̚.tʃi.an.at̚.ɯ.mjʌn]
당신에게 거짓말을,26,[taŋ.sin.e.ke.kʌ.tʃit̚.mal.ɯl],[daŋ.sin.e.ge.gʌ.dʒit̚.mal.ɯl]
가둬 놓고,26,[ka.twʌ.not̚.ko],[ga.dwʌ.not̚.ko]
회사의 모든,26,[hwe.sa.ɯi.mo.tɯn],[hwe.sa.ɯi.mo.dɯn]
붙인 거야,26,[put̚.iŋ.kʌ.ja],[but̚.in.gʌ.ja]
몰고 가는,26,[mol.ko.ka.nɯn],[mol.ko.ga.nɯn]
말을 들었어야 했어,26,[mal.ɯl.tɯl.ʌt̚.ʌ.ja.hɛt̚.ʌ],[mal.ɯl.dɯl.ʌt̚.ʌ.ja.hɛt̚.ʌ]
한 번 기회를,26,[ham.pʌŋ.ki.hwe.ɾɯl],[han.bʌn.gi.hwe.ɾɯl]
든 채로,26,[tɯn.tʃʰɛ.ɾo],[dɯn.tʃʰɛ.ɾo]
스산한 효과음,26,[sɯ.san.han.hjo.kwa.ɯm],[sɯ.san.han.hjo.gwa.ɯm]
한 말과,26,[han.mal.kwa],[han.mal.kwa]
지울 거야,26,[tʃi.ul.kʌ.ja],[dʒi.ul.gʌ.ja]
아빠 차를,26,[a.p͈a.tʃʰa.ɾɯl],[a.p͈a.tʃʰa.ɾɯl]
가질 수있다,26,[ka.tʃil.su.it̚.ta],[ga.dʒil.su.it̚.ta]
하나도 없잖아요,26,[ha.na.to.ʌp̚.tʃan.a.jo],[ha.na.do.ʌp̚.tʃan.a.jo]
지금 좋은,26,[tʃi.kɯn.tʃot̚.ɯn],[dʒi.gɯm.dʒot̚.ɯn]
내 짐작으로는,26,[nɛ.tʃin.tʃak̚.ɯ.ɾo.nɯn],[nɛ.dʒin.tʃak̚.ɯ.ɾo.nɯn]
지는 거예요,26,[tʃi.nɯŋ.kʌ.je.jo],[dʒi.nɯn.gʌ.je.jo]
다들 저,26,[ta.tɯl.tʃʌ],[da.dɯl.dʒʌ]
해 할 수 있어,26,[hɛ.hal.su.it̚.ʌ],[hɛ.hal.su.it̚.ʌ]
아빠가 다시,26,[a.p͈a.ka.ta.si],[a.p͈a.ga.da.si]
사람이 있었는데,26,[sa.ɾam.i.it̚.ʌt̚.nɯn.te],[sa.ɾam.i.it̚.ʌt̚.nɯn.te]
눈 깜짝할 새,26,[nuŋ.k͈an.tʃ͈ak̚.hal.sɛ],[nuŋ.k͈an.tʃ͈ak̚.hal.sɛ]
우린 혼자가,26,[u.ɾin.hon.tʃa.ka],[u.ɾin.hon.tʃa.ga]
다 그런 거야,26,[ta.kɯ.ɾʌŋ.kʌ.ja],[da.gɯ.ɾʌn.gʌ.ja]
오면 다,26,[o.mjʌn.ta],[o.mjʌn.da]
현실을 직시해,26,[hjʌn.sil.ɯl.tʃik̚.si.hɛ],[hjʌn.sil.ɯl.dʒik̚.si.hɛ]
예상 못 했어,26,[je.saŋ.mot̚.hɛt̚.ʌ],[je.saŋ.mot̚.hɛt̚.ʌ]
even though,26,,
무서울 것,26,[mu.sʌ.ul.kʌt̚],[mu.sʌ.ul.gʌt̚]
아직 시작,26,[a.tʃik̚.si.tʃak̚],[a.dʒik̚.si.dʒak̚]
이번 사건으로,26,[i.pʌn.sa.kʌn.ɯ.ɾo],[i.bʌn.sa.gʌn.ɯ.ɾo]
우릴 계속,26,[u.ɾil.kje.sok̚],[u.ɾil.gje.sok̚]
걸 잃는,26,[kʌl.il.lɯn],[gʌl.il.lɯn]
했어요 모두,26,[hɛt̚.ʌ.jo.mo.tu],[hɛt̚.ʌ.jo.mo.du]
믿어 우리가,26,[mit̚.ʌ.u.ɾi.ka],[mit̚.ʌ.u.ɾi.ga]
인연을 맺는,26,[in.jʌn.ɯl.mɛt̚.nɯn],[in.jʌn.ɯl.mɛt̚.nɯn]
내려 주고,26,[nɛ.ɾjʌ.tʃu.ko],[nɛ.ɾjʌ.dʒu.go]
좀 부탁할게,26,[tʃom.pu.tʰak̚.hal.ke],[dʒom.bu.tʰak̚.hal.ke]
현우의 놀란,26,[hjʌn.u.ɯi.nol.ɾan],[hjʌn.u.ɯi.nol.ɾan]
전혀 상관,26,[tʃʌn.hjʌ.saŋ.kwan],[dʒʌn.hjʌ.saŋ.gwan]
당장 오라고,26,[taŋ.tʃaŋ.o.ɾa.ko],[daŋ.dʒaŋ.o.ɾa.go]
곧 도착할 거예요,26,[kot̚.to.tʃʰak̚.hal.kʌ.je.jo],[got̚.do.tʃʰak̚.hal.gʌ.je.jo]
차고 문,26,[tʃʰa.ko.mun],[tʃʰa.go.mun]
있을 거라 생각했어,26,[it̚.ɯl.kʌ.ɾa.sɛŋ.kak̚.hɛt̚.ʌ],[it̚.ɯl.gʌ.ɾa.sɛŋ.gak̚.hɛt̚.ʌ]
거예요 걱정하지,26,[kʌ.je.jo.kʌk̚.tʃʌŋ.ha.tʃi],[gʌ.je.jo.gʌk̚.tʃʌŋ.ha.dʒi]
그런 곳,26,[kɯ.ɾʌŋ.kot̚],[gɯ.ɾʌn.got̚]
괜찮아 오,26,[kwɛn.tʃʰan.a.o],[gwɛn.tʃʰan.a.o]
없는 거나,26,[ʌp̚.nɯŋ.kʌ.na],[ʌp̚.nɯn.gʌ.na]
최고의 친구,26,[tʃʰwe.ko.ɯi.tʃʰiŋ.ku],[tʃʰwe.go.ɯi.tʃʰiŋ.ku]
돌아올 수 없어,26,[tol.a.ol.su.ʌp̚.ʌ],[dol.a.ol.su.ʌp̚.ʌ]
네 가치를,26,[ne.ka.tʃʰi.ɾɯl],[ne.ga.tʃʰi.ɾɯl]
띠용 하는,26,[t͈i.joŋ.ha.nɯn],[t͈i.joŋ.ha.nɯn]
띠용 하는 효과음,26,[t͈i.joŋ.ha.nɯn.hjo.kwa.ɯm],[t͈i.joŋ.ha.nɯn.hjo.gwa.ɯm]
나쁠 때도,26,[na.p͈ɯl.t͈ɛ.to],[na.p͈ɯl.t͈ɛ.do]
지불 할,26,[tʃi.pul.hal],[dʒi.bul.hal]
내가 없는 게,26,[nɛ.ka.ʌp̚.nɯŋ.ke],[nɛ.ga.ʌp̚.nɯn.ge]
앞에서 한,26,[ap̚.e.sʌ.han],[ap̚.e.sʌ.han]
기꺼이 그러죠,26,[ki.k͈ʌ.i.kɯ.ɾʌ.tʃjo],[gi.k͈ʌ.i.gɯ.ɾʌ.dʒjo]
분명 있을 거야,26,[pun.mjʌŋ.it̚.ɯl.kʌ.ja],[bun.mjʌŋ.it̚.ɯl.gʌ.ja]
우릴 막을 수 없어,26,[u.ɾil.mak̚.ɯl.su.ʌp̚.ʌ],[u.ɾil.mak̚.ɯl.su.ʌp̚.ʌ]
맘대로 해 난,26,[man.tɛ.ɾo.hɛ.nan],[man.tɛ.ɾo.hɛ.nan]
라고 해요,26,[ɾa.ko.hɛ.jo],[ɾa.go.hɛ.jo]
seen him,26,,
당신에게 달렸어요,26,[taŋ.sin.e.ke.tal.ɾjʌt̚.ʌ.jo],[daŋ.sin.e.ge.dal.ɾjʌt̚.ʌ.jo]
안 돼 그러지 마,26,[an.twɛ.kɯ.ɾʌ.tʃi.ma],[an.dwɛ.gɯ.ɾʌ.dʒi.ma]
우릴 보고 있어,26,[u.ɾil.po.ko.it̚.ʌ],[u.ɾil.bo.go.it̚.ʌ]
섬길 수,26,[sʌm.kil.su],[sʌm.kil.su]
우릴 속이고,26,[u.ɾil.sok̚.i.ko],[u.ɾil.sok̚.i.go]
효과가 없을,26,[hjo.kwa.ka.ʌp̚.ɯl],[hjo.gwa.ga.ʌp̚.ɯl]
수 있는 능력,26,[su.it̚.nɯn.nɯŋ.ɾjʌk̚],[su.it̚.nɯn.nɯŋ.ɾjʌk̚]
비밀스러운 음악,26,[pi.mil.sɯ.ɾʌ.un.ɯm.ak̚],[bi.mil.sɯ.ɾʌ.un.ɯm.ak̚]
하자 응,26,[ha.tʃa.ɯŋ],[ha.dʒa.ɯŋ]
좀 빌려줄래요,26,[tʃom.pil.ɾjʌ.tʃul.ɾɛ.jo],[dʒom.bil.ɾjʌ.dʒul.ɾɛ.jo]
돼요 두,26,[twɛ.jo.tu],[dwɛ.jo.du]
보자 어디,26,[po.tʃa.ʌ.ti],[bo.dʒa.ʌ.di]
멋지긴 한데,26,[mʌt̚.tʃi.kin.han.te],[mʌt̚.tʃi.gin.han.te]
어디로 가야 하는지,26,[ʌ.ti.ɾo.ka.ja.ha.nɯn.tʃi],[ʌ.di.ɾo.ga.ja.ha.nɯn.tʃi]
재킷 좀,26,[tʃɛ.kʰit̚.tʃom],[dʒɛ.kʰit̚.dʒom]
뿐이야 왜,26,[p͈un.i.ja.wɛ],[p͈un.i.ja.wɛ]
Never give up このまま,26,,
내가 키운,26,[nɛ.ka.kʰi.un],[nɛ.ga.kʰi.un]
다른 얘기 하자,26,[ta.ɾɯn.jɛ.ki.ha.tʃa],[da.ɾɯn.jɛ.gi.ha.dʒa]
아이들 때문에,26,[a.i.tɯl.t͈ɛ.mun.e],[a.i.dɯl.t͈ɛ.mun.e]
많이 하는데,26,[man.i.ha.nɯn.te],[man.i.ha.nɯn.te]
더 잃을,26,[tʌ.il.ɯl],[dʌ.il.ɯl]
우릴 죽일 거예요,26,[u.ɾil.tʃuk̚.il.kʌ.je.jo],[u.ɾil.dʒuk̚.il.gʌ.je.jo]
이번엔 그,26,[i.pʌn.eŋ.kɯ],[i.bʌn.en.gɯ]
같군요 그,26,[kat̚.kun.jo.kɯ],[gat̚.kun.jo.gɯ]
have to say,26,,
말인데 우리,26,[mal.in.te.u.ɾi],[mal.in.te.u.ɾi]
보니 기분이,26,[po.ni.ki.pun.i],[bo.ni.gi.bun.i]
다른 의사를,26,[ta.ɾɯn.ɯi.sa.ɾɯl],[da.ɾɯn.ɯi.sa.ɾɯl]
남편이 날,26,[nam.pʰjʌn.i.nal],[nam.pʰjʌn.i.nal]
왜 그런가,26,[wɛ.kɯ.ɾʌŋ.ka],[wɛ.gɯ.ɾʌŋ.ka]
자네가 말하는,26,[tʃa.ne.ka.mal.ha.nɯn],[dʒa.ne.ga.mal.ha.nɯn]
뭘 잘못했나,26,[mwʌl.tʃal.mot̚.hɛt̚.na],[mwʌl.dʒal.mot̚.hɛt̚.na]
나갈 건데,26,[na.kal.kʌn.te],[na.gal.gʌn.te]
분이 여기,26,[pun.i.jʌ.ki],[bun.i.jʌ.gi]
믿지 않는군,26,[mit̚.tʃi.an.nɯŋ.kun],[mit̚.tʃi.an.nɯŋ.kun]
빚진 게 있어,26,[pit̚.tʃiŋ.ke.it̚.ʌ],[bit̚.tʃin.ge.it̚.ʌ]
삶의 질을,26,[sam.ɯi.tʃil.ɯl],[sam.ɯi.dʒil.ɯl]
앞으로 나오세요,26,[ap̚.ɯ.ɾo.na.o.se.jo],[ap̚.ɯ.ɾo.na.o.se.jo]
이상 당신을,26,[i.saŋ.taŋ.sin.ɯl],[i.saŋ.daŋ.sin.ɯl]
이것이 왜,26,[i.kʌt̚.i.wɛ],[i.gʌt̚.i.wɛ]
우릴 향해,26,[u.ɾil.hjaŋ.hɛ],[u.ɾil.hjaŋ.hɛ]
앞으로 남은,26,[ap̚.ɯ.ɾo.nam.ɯn],[ap̚.ɯ.ɾo.nam.ɯn]
싶지 않아 내,26,[sip̚.tʃi.an.a.nɛ],[sip̚.tʃi.an.a.nɛ]
내 대학,26,[nɛ.tɛ.hak̚],[nɛ.dɛ.hak̚]
이상 이런,26,[i.saŋ.i.ɾʌn],[i.saŋ.i.ɾʌn]
지은 거야,26,[tʃi.ɯŋ.kʌ.ja],[dʒi.ɯn.gʌ.ja]
in their,26,,
알고 있는거야,26,[al.ko.it̚.nɯŋ.kʌ.ja],[al.ko.it̚.nɯŋ.kʌ.ja]
영감을 줄,26,[jʌŋ.kam.ɯl.tʃul],[jʌŋ.gam.ɯl.dʒul]
아이들은 모두,26,[a.i.tɯl.ɯn.mo.tu],[a.i.dɯl.ɯn.mo.du]
지켜주는 거야,26,[tʃi.kʰjʌ.tʃu.nɯŋ.kʌ.ja],[dʒi.kʰjʌ.dʒu.nɯn.gʌ.ja]
가자 어디로,26,[ka.tʃa.ʌ.ti.ɾo],[ga.dʒa.ʌ.di.ɾo]
일어 나,26,[il.ʌ.na],[il.ʌ.na]
내 몸에서 손 떼,26,[nɛ.mom.e.sʌ.son.t͈e],[nɛ.mom.e.sʌ.son.t͈e]
그러니까 저는,26,[kɯ.ɾʌ.ni.k͈a.tʃʌ.nɯn],[gɯ.ɾʌ.ni.k͈a.dʒʌ.nɯn]
관한 소문이,26,[kwan.han.so.mun.i],[gwan.han.so.mun.i]
것 그럼,26,[kʌt̚.kɯ.ɾʌm],[gʌt̚.gɯ.ɾʌm]
옌하오 오빠는,26,[jen.ha.o.o.p͈a.nɯn],[jen.ha.o.o.p͈a.nɯn]
공연을 하고,26,[koŋ.jʌn.ɯl.ha.ko],[goŋ.jʌn.ɯl.ha.go]
걸 입고,26,[kʌl.ip̚.ko],[gʌl.ip̚.ko]
괜찮아요 아,26,[kwɛn.tʃʰan.a.jo.a],[gwɛn.tʃʰan.a.jo.a]
아주 귀여운,26,[a.tʃu.kwi.jʌ.un],[a.dʒu.gwi.jʌ.un]
아주 근사한,26,[a.tʃu.kɯn.sa.han],[a.dʒu.gɯn.sa.han]
가리키고 있어,26,[ka.ɾi.kʰi.ko.it̚.ʌ],[ga.ɾi.kʰi.go.it̚.ʌ]
일은 내가 알아서 해,26,[il.ɯn.nɛ.ka.al.a.sʌ.hɛ],[il.ɯn.nɛ.ga.al.a.sʌ.hɛ]
것 같아 음,26,[kʌt̚.kat̚.a.ɯm],[gʌt̚.gat̚.a.ɯm]
과거에 방문한,26,[kwa.kʌ.e.paŋ.mun.han],[gwa.gʌ.e.baŋ.mun.han]
이걸 생각해,26,[i.kʌl.sɛŋ.kak̚.hɛ],[i.gʌl.sɛŋ.gak̚.hɛ]
그냥 자는,26,[kɯ.njaŋ.tʃa.nɯn],[gɯ.njaŋ.dʒa.nɯn]
하지 마 하지 마,26,[ha.tʃi.ma.ha.tʃi.ma],[ha.dʒi.ma.ha.dʒi.ma]
피 맛을,26,[pʰi.mat̚.ɯl],[pʰi.mat̚.ɯl]
I don''t believe,26,,
어떻게 왔죠,26,[ʌ.t͈ʌt̚.ke.wat̚.tʃjo],[ʌ.t͈ʌt̚.ke.wat̚.tʃjo]
물어봐 난,26,[mul.ʌ.pwa.nan],[mul.ʌ.bwa.nan]
있어 그만,26,[it̚.ʌ.kɯ.man],[it̚.ʌ.gɯ.man]
the wind,26,,
참 좋죠,26,[tʃʰan.tʃot̚.tʃjo],[tʃʰam.dʒot̚.tʃjo]
fun of,26,,
것도 좋아요,26,[kʌt̚.to.tʃot̚.a.jo],[gʌt̚.to.dʒot̚.a.jo]
우연이 아닐,26,[u.jʌn.i.a.nil],[u.jʌn.i.a.nil]
친구야 그리고,26,[tʃʰiŋ.ku.ja.kɯ.ɾi.ko],[tʃʰiŋ.ku.ja.gɯ.ɾi.go]
그거 아니면,26,[kɯ.kʌ.a.ni.mjʌn],[gɯ.gʌ.a.ni.mjʌn]
당신을 도울수,26,[taŋ.sin.ɯl.to.ul.su],[daŋ.sin.ɯl.do.ul.su]
up up,26,,
못 믿으세요,26,[mot̚.mit̚.ɯ.se.jo],[mot̚.mit̚.ɯ.se.jo]
이야기가 될,26,[i.ja.ki.ka.twel],[i.ja.gi.ga.dwel]
목숨이 전부 위험해져,26,[mok̚.sum.i.tʃʌm.pu.wi.hʌm.hɛ.tʃjʌ],[mok̚.sum.i.dʒʌm.pu.wi.hʌm.hɛ.dʒjʌ]
우연히 만났어,26,[u.jʌn.hi.man.nat̚.ʌ],[u.jʌn.hi.man.nat̚.ʌ]
목숨이 전부,26,[mok̚.sum.i.tʃʌm.pu],[mok̚.sum.i.dʒʌm.pu]
기다릴 필요가,26,[ki.ta.ɾil.pʰil.jo.ka],[gi.da.ɾil.pʰil.jo.ga]
불리한 증거가,26,[pul.ɾi.han.tʃɯŋ.kʌ.ka],[bul.ɾi.han.dʒɯŋ.gʌ.ga]
난 멍청이가,26,[nan.mʌŋ.tʃʰʌŋ.i.ka],[nan.mʌŋ.tʃʰʌŋ.i.ga]
가고 싶으세요,26,[ka.ko.sip̚.ɯ.se.jo],[ga.go.sip̚.ɯ.se.jo]
마실 거 줄까,26,[ma.sil.kʌ.tʃul.k͈a],[ma.sil.gʌ.dʒul.k͈a]
좋아요 그래도,26,[tʃot̚.a.jo.kɯ.ɾɛ.to],[dʒot̚.a.jo.gɯ.ɾɛ.do]
저 너머에,26,[tʃʌ.nʌ.mʌ.e],[dʒʌ.nʌ.mʌ.e]
딱 한 가지만,26,[t͈ak̚.haŋ.ka.tʃi.man],[t͈ak̚.han.ga.dʒi.man]
다리는 왜,26,[ta.ɾi.nɯn.wɛ],[da.ɾi.nɯn.wɛ]
불러줘요 그 소녀가,26,[pul.ɾʌ.tʃwʌ.jo.kɯ.so.njʌ.ka],[bul.ɾʌ.dʒwʌ.jo.gɯ.so.njʌ.ga]
아빠가 나,26,[a.p͈a.ka.na],[a.p͈a.ga.na]
손도 안 댔어,25,[son.to.an.tɛt̚.ʌ],[son.to.an.dɛt̚.ʌ]
아주 좋은 생각이야,25,[a.tʃu.tʃot̚.ɯn.sɛŋ.kak̚.i.ja],[a.dʒu.dʒot̚.ɯn.sɛŋ.gak̚.i.ja]
기대하지 마세요,25,[ki.tɛ.ha.tʃi.ma.se.jo],[gi.dɛ.ha.dʒi.ma.se.jo]
친구인 건,25,[tʃʰiŋ.ku.iŋ.kʌn],[tʃʰiŋ.ku.in.gʌn]
전혀 없고요,25,[tʃʌn.hjʌ.ʌp̚.ko.jo],[dʒʌn.hjʌ.ʌp̚.ko.jo]
저 두 사람은,25,[tʃʌ.tu.sa.ɾam.ɯn],[dʒʌ.du.sa.ɾam.ɯn]
있어요 아무것도,25,[it̚.ʌ.jo.a.mu.kʌt̚.to],[it̚.ʌ.jo.a.mu.gʌt̚.to]
그 돼지,25,[kɯ.twɛ.tʃi],[gɯ.dwɛ.dʒi]
이유는 없죠,25,[i.ju.nɯn.ʌp̚.tʃjo],[i.ju.nɯn.ʌp̚.tʃjo]
시에 어디,25,[si.e.ʌ.ti],[si.e.ʌ.di]
나는야 섬사람 나는야,25,[na.nɯn.ja.sʌm.sa.ɾam.na.nɯn.ja],[na.nɯn.ja.sʌm.sa.ɾam.na.nɯn.ja]
해 형,25,[hɛ.hjʌŋ],[hɛ.hjʌŋ]
내 무덤을,25,[nɛ.mu.tʌm.ɯl],[nɛ.mu.dʌm.ɯl]
했어요 아마,25,[hɛt̚.ʌ.jo.a.ma],[hɛt̚.ʌ.jo.a.ma]
난 아무대도,25,[nan.a.mu.tɛ.to],[nan.a.mu.dɛ.do]
이 사진 좀,25,[i.sa.tʃin.tʃom],[i.sa.dʒin.dʒom]
경찰 양반,25,[kjʌŋ.tʃʰal.jam.pan],[gjʌŋ.tʃʰal.jaŋ.ban]
리가 없다고,25,[ɾi.ka.ʌp̚.ta.ko],[ɾi.ga.ʌp̚.ta.go]
너희가 뭘,25,[nʌ.hɯi.ka.mwʌl],[nʌ.hɯi.ga.mwʌl]
with some,25,,
해준 모든,25,[hɛ.tʃun.mo.tɯn],[hɛ.dʒun.mo.dɯn]
이제 그것은,25,[i.tʃe.kɯ.kʌt̚.ɯn],[i.dʒe.gɯ.gʌt̚.ɯn]
잊어 버리세요,25,[it̚.ʌ.pʌ.ɾi.se.jo],[it̚.ʌ.bʌ.ɾi.se.jo]
형 난,25,[hjʌŋ.nan],[hjʌŋ.nan]
나 때문이지,25,[na.t͈ɛ.mun.i.tʃi],[na.t͈ɛ.mun.i.dʒi]
take him,25,,
리안 유에서,25,[ɾi.an.ju.e.sʌ],[ɾi.an.ju.e.sʌ]
사람을 사랑하는,25,[sa.ɾam.ɯl.sa.ɾaŋ.ha.nɯn],[sa.ɾam.ɯl.sa.ɾaŋ.ha.nɯn]
없는 여자를,25,[ʌp̚.nɯn.jʌ.tʃa.ɾɯl],[ʌp̚.nɯn.jʌ.dʒa.ɾɯl]
빙빙 돌면서,25,[pim.piŋ.tol.mjʌn.sʌ],[biŋ.biŋ.dol.mjʌn.sʌ]
될 거야 그런,25,[twel.kʌ.ja.kɯ.ɾʌn],[dwel.gʌ.ja.gɯ.ɾʌn]
난 아직 여기,25,[nan.a.tʃik̚.jʌ.ki],[nan.a.dʒik̚.jʌ.gi]
일리가 있는,25,[il.ɾi.ka.it̚.nɯn],[il.ɾi.ga.it̚.nɯn]
말하는 법을,25,[mal.ha.nɯm.pʌp̚.ɯl],[mal.ha.nɯn.bʌp̚.ɯl]
이제 됐나,25,[i.tʃe.twɛt̚.na],[i.dʒe.dwɛt̚.na]
우주 프로그램,25,[u.tʃu.pʰɯ.ɾo.kɯ.ɾɛm],[u.dʒu.pʰɯ.ɾo.gɯ.ɾɛm]
있어 오래,25,[it̚.ʌ.o.ɾɛ],[it̚.ʌ.o.ɾɛ]
다시 데려갈,25,[ta.si.te.ɾjʌ.kal],[da.si.de.ɾjʌ.gal]
그만해 무슨,25,[kɯ.man.hɛ.mu.sɯn],[gɯ.man.hɛ.mu.sɯn]
넘겨줄 수,25,[nʌm.kjʌ.tʃul.su],[nʌm.kjʌ.dʒul.su]
마 가서,25,[ma.ka.sʌ],[ma.ga.sʌ]
좋지 내가,25,[tʃot̚.tʃi.nɛ.ka],[dʒot̚.tʃi.nɛ.ga]
그것에 대해서 한번,25,[kɯ.kʌt̚.e.tɛ.hɛ.sʌ.ham.pʌn],[gɯ.gʌt̚.e.dɛ.hɛ.sʌ.ham.pʌn]
아직 없지만,25,[a.tʃik̚.ʌp̚.tʃi.man],[a.dʒik̚.ʌp̚.tʃi.man]
좋아 너의 속눈썹과,25,[tʃot̚.a.nʌ.ɯi.sok̚.nun.s͈ʌp̚.kwa],[dʒot̚.a.nʌ.ɯi.sok̚.nun.s͈ʌp̚.kwa]
없는 일들이,25,[ʌp̚.nɯn.il.tɯl.i],[ʌp̚.nɯn.il.tɯl.i]
좋아 너의 속눈썹과 무심함까지도,25,[tʃot̚.a.nʌ.ɯi.sok̚.nun.s͈ʌp̚.kwa.mu.sim.ham.k͈a.tʃi.to],[dʒot̚.a.nʌ.ɯi.sok̚.nun.s͈ʌp̚.kwa.mu.sim.ham.k͈a.dʒi.do]
됐는지 알고,25,[twɛt̚.nɯn.tʃi.al.ko],[dwɛt̚.nɯn.tʃi.al.ko]
고마워 참,25,[ko.ma.wʌ.tʃʰam],[go.ma.wʌ.tʃʰam]
거예요 경찰이,25,[kʌ.je.jo.kjʌŋ.tʃʰal.i],[gʌ.je.jo.gjʌŋ.tʃʰal.i]
해낼 겁니다,25,[hɛ.nɛl.kʌp̚.ni.ta],[hɛ.nɛl.gʌp̚.ni.da]
이제 어서,25,[i.tʃe.ʌ.sʌ],[i.dʒe.ʌ.sʌ]
아직 일러요,25,[a.tʃik̚.il.ɾʌ.jo],[a.dʒik̚.il.ɾʌ.jo]
알지 이,25,[al.tʃi.i],[al.tʃi.i]
좀 더 알고,25,[tʃon.tʌ.al.ko],[dʒom.dʌ.al.ko]
마 뭐 하는,25,[ma.mwʌ.ha.nɯn],[ma.mwʌ.ha.nɯn]
칠해도 돼,25,[tʃʰil.hɛ.to.twɛ],[tʃʰil.hɛ.do.dwɛ]
이제 지쳤어,25,[i.tʃe.tʃi.tʃʰjʌt̚.ʌ],[i.dʒe.dʒi.tʃʰjʌt̚.ʌ]
없어 있어,25,[ʌp̚.ʌ.it̚.ʌ],[ʌp̚.ʌ.it̚.ʌ]
보여줘야 합니다,25,[po.jʌ.tʃwʌ.ja.hap̚.ni.ta],[bo.jʌ.dʒwʌ.ja.hap̚.ni.da]
마 여보세요,25,[ma.jʌ.po.se.jo],[ma.jʌ.bo.se.jo]
아직도 그가,25,[a.tʃik̚.to.kɯ.ka],[a.dʒik̚.to.gɯ.ga]
게 잘될,25,[ke.tʃal.twel],[ge.dʒal.twel]
말해줘 내,25,[mal.hɛ.tʃwʌ.nɛ],[mal.hɛ.dʒwʌ.nɛ]
뭐가 다르지,25,[mwʌ.ka.ta.ɾɯ.tʃi],[mwʌ.ga.da.ɾɯ.dʒi]
이젠 나,25,[i.tʃen.na],[i.dʒen.na]
아직도 많이,25,[a.tʃik̚.to.man.i],[a.dʒik̚.to.man.i]
걸 내 눈으로,25,[kʌl.lɛ.nun.ɯ.ɾo],[gʌl.lɛ.nun.ɯ.ɾo]
진짜 같아요,25,[tʃin.tʃ͈a.kat̚.a.jo],[dʒin.tʃ͈a.gat̚.a.jo]
있을 겁니다 그,25,[it̚.ɯl.kʌp̚.ni.ta.kɯ],[it̚.ɯl.gʌp̚.ni.da.gɯ]
제가 정신이,25,[tʃe.ka.tʃʌŋ.sin.i],[dʒe.ga.dʒʌŋ.sin.i]
좀 심했다,25,[tʃom.sim.hɛt̚.ta],[dʒom.sim.hɛt̚.ta]
충격 때문에,25,[tʃʰuŋ.kjʌk̚.t͈ɛ.mun.e],[tʃʰuŋ.gjʌk̚.t͈ɛ.mun.e]
어디 가면 만날 수,25,[ʌ.ti.ka.mjʌn.man.nal.su],[ʌ.di.ga.mjʌn.man.nal.su]
될 일도,25,[twel.il.to],[dwel.il.to]
폭발할 것,25,[pʰok̚.pal.hal.kʌt̚],[pʰok̚.pal.hal.gʌt̚]
기분이 어떠냐,25,[ki.pun.i.ʌ.t͈ʌ.nja],[gi.bun.i.ʌ.t͈ʌ.nja]
이젠 모든 게,25,[i.tʃen.mo.tɯŋ.ke],[i.dʒen.mo.dɯn.ge]
있어 따라와,25,[it̚.ʌ.t͈a.ɾa.wa],[it̚.ʌ.t͈a.ɾa.wa]
그게 바로 우리,25,[kɯ.ke.pa.ɾo.u.ɾi],[gɯ.ge.ba.ɾo.u.ɾi]
듣지 못할,25,[tɯt̚.tʃi.mot̚.hal],[dɯt̚.tʃi.mot̚.hal]
뭐가 아쉬워서,25,[mwʌ.ka.a.swi.wʌ.sʌ],[mwʌ.ga.a.swi.wʌ.sʌ]
전혀 없었다,25,[tʃʌn.hjʌ.ʌp̚.ʌt̚.ta],[dʒʌn.hjʌ.ʌp̚.ʌt̚.ta]
마 자넨,25,[ma.tʃa.nen],[ma.dʒa.nen]
내가 왜 안,25,[nɛ.ka.wɛ.an],[nɛ.ga.wɛ.an]
침을 꿀꺽 삼킨다,25,[tʃʰim.ɯl.k͈ul.k͈ʌk̚.sam.kʰin.ta],[tʃʰim.ɯl.k͈ul.k͈ʌk̚.sam.kʰin.ta]
맞은 적이,25,[mat̚.ɯn.tʃʌk̚.i],[mat̚.ɯn.dʒʌk̚.i]
문제야 네,25,[mun.tʃe.ja.ne],[mun.tʃe.ja.ne]
부인 저는,25,[pu.in.tʃʌ.nɯn],[bu.in.dʒʌ.nɯn]
마무리 지을,25,[ma.mu.ɾi.tʃi.ɯl],[ma.mu.ɾi.dʒi.ɯl]
부인 고마워요,25,[pu.iŋ.ko.ma.wʌ.jo],[bu.in.go.ma.wʌ.jo]
마 진정하고,25,[ma.tʃin.tʃʌŋ.ha.ko],[ma.dʒin.tʃʌŋ.ha.go]
힘겨운 한숨,25,[him.kjʌ.un.han.sum],[him.kjʌ.un.han.sum]
좀 심하지,25,[tʃom.sim.ha.tʃi],[dʒom.sim.ha.dʒi]
너의 셔츠가,25,[nʌ.ɯi.sjʌ.tʃʰɯ.ka],[nʌ.ɯi.sjʌ.tʃʰɯ.ga]
균형 잡힌,25,[kjun.hjʌŋ.tʃap̚.hin],[gjun.hjʌŋ.dʒap̚.hin]
발견한 것은,25,[pal.kjʌn.haŋ.kʌt̚.ɯn],[bal.kjʌn.han.gʌt̚.ɯn]
형이 어떻게,25,[hjʌŋ.i.ʌ.t͈ʌt̚.ke],[hjʌŋ.i.ʌ.t͈ʌt̚.ke]
그렇지만 그건,25,[kɯ.ɾʌt̚.tʃi.maŋ.kɯ.kʌn],[gɯ.ɾʌt̚.tʃi.man.gɯ.gʌn]
난 여기 안,25,[nan.jʌ.ki.an],[nan.jʌ.gi.an]
마 특히,25,[ma.tʰɯk̚.hi],[ma.tʰɯk̚.hi]
했잖아 너,25,[hɛt̚.tʃan.a.nʌ],[hɛt̚.tʃan.a.nʌ]
아픈 줄도,25,[a.pʰɯn.tʃul.to],[a.pʰɯn.dʒul.to]
내 도움이 필요할,25,[nɛ.to.um.i.pʰil.jo.hal],[nɛ.do.um.i.pʰil.jo.hal]
sit down,25,,
이 과장님,25,[i.kwa.tʃaŋ.nim],[i.gwa.dʒaŋ.nim]
매복 공격을,25,[mɛ.pok̚.koŋ.kjʌk̚.ɯl],[mɛ.bok̚.goŋ.gjʌk̚.ɯl]
night in,25,,
인디아나 존스,25,[in.ti.a.na.tʃon.sɯ],[in.ti.a.na.dʒon.sɯ]
나도 충분히,25,[na.to.tʃʰum.pun.hi],[na.do.tʃʰuŋ.bun.hi]
나는 거죠,25,[na.nɯŋ.kʌ.tʃjo],[na.nɯn.gʌ.dʒjo]
최대한 조용히,25,[tʃʰwe.tɛ.han.tʃo.joŋ.hi],[tʃʰwe.dɛ.han.dʒo.joŋ.hi]
효과가 있었나,25,[hjo.kwa.ka.it̚.ʌt̚.na],[hjo.gwa.ga.it̚.ʌt̚.na]
마시지 말고,25,[ma.si.tʃi.mal.ko],[ma.si.dʒi.mal.ko]
뭔 얘기를,25,[mwʌn.jɛ.ki.ɾɯl],[mwʌn.jɛ.gi.ɾɯl]
아직 그렇게,25,[a.tʃik̚.kɯ.ɾʌt̚.ke],[a.dʒik̚.gɯ.ɾʌt̚.ke]
빨리 가지,25,[p͈al.ɾi.ka.tʃi],[p͈al.ɾi.ga.dʒi]
거라고요 난,25,[kʌ.ɾa.ko.jo.nan],[gʌ.ɾa.go.jo.nan]
걸요 내가,25,[kʌl.jo.nɛ.ka],[gʌl.jo.nɛ.ga]
가고 싶진,25,[ka.ko.sip̚.tʃin],[ga.go.sip̚.tʃin]
대답 못 합니다,25,[tɛ.tap̚.mot̚.hap̚.ni.ta],[dɛ.dap̚.mot̚.hap̚.ni.da]
다시 보게 될 거야,25,[ta.si.po.ke.twel.kʌ.ja],[da.si.bo.ge.dwel.gʌ.ja]
안 가겠다고,25,[aŋ.ka.ket̚.ta.ko],[an.ga.get̚.ta.go]
말 되는,25,[mal.twe.nɯn],[mal.dwe.nɯn]
다해야 해,25,[ta.hɛ.ja.hɛ],[da.hɛ.ja.hɛ]
그가 남긴,25,[kɯ.ka.nam.kin],[gɯ.ga.nam.kin]
쓸 만큼,25,[s͈ɯl.maŋ.kʰɯm],[s͈ɯl.maŋ.kʰɯm]
인정하고 싶지,25,[in.tʃʌŋ.ha.ko.sip̚.tʃi],[in.tʃʌŋ.ha.go.sip̚.tʃi]
before he,25,,
비밀이 뭔지,25,[pi.mil.i.mwʌn.tʃi],[bi.mil.i.mwʌn.tʃi]
내게 빚이,25,[nɛ.ke.pit̚.i],[nɛ.ge.bit̚.i]
말도 하지 않을,25,[mal.to.ha.tʃi.an.ɯl],[mal.to.ha.dʒi.an.ɯl]
할 수 있어 네가,25,[hal.su.it̚.ʌ.ne.ka],[hal.su.it̚.ʌ.ne.ga]
두고 온 것,25,[tu.ko.oŋ.kʌt̚],[du.go.on.gʌt̚]
질문을 한,25,[tʃil.mun.ɯl.han],[dʒil.mun.ɯl.han]
뭐라고 생각해요,25,[mwʌ.ɾa.ko.sɛŋ.kak̚.hɛ.jo],[mwʌ.ɾa.go.sɛŋ.gak̚.hɛ.jo]
끄면 안,25,[k͈ɯ.mjʌn.an],[k͈ɯ.mjʌn.an]
당신에게 불리하게,25,[taŋ.sin.e.ke.pul.ɾi.ha.ke],[daŋ.sin.e.ge.bul.ɾi.ha.ge]
못 찾지,25,[mot̚.tʃʰat̚.tʃi],[mot̚.tʃʰat̚.tʃi]
어디 출신이에요,25,[ʌ.ti.tʃʰul.sin.i.e.jo],[ʌ.di.tʃʰul.sin.i.e.jo]
필요해요 당신은,25,[pʰil.jo.hɛ.jo.taŋ.sin.ɯn],[pʰil.jo.hɛ.jo.daŋ.sin.ɯn]
했잖아 그렇게,25,[hɛt̚.tʃan.a.kɯ.ɾʌt̚.ke],[hɛt̚.tʃan.a.gɯ.ɾʌt̚.ke]
했는지 알기나,25,[hɛt̚.nɯn.tʃi.al.ki.na],[hɛt̚.nɯn.tʃi.al.ki.na]
어딜 가겠어,25,[ʌ.til.ka.ket̚.ʌ],[ʌ.dil.ga.get̚.ʌ]
적 없어 네가,25,[tʃʌk̚.ʌp̚.ʌ.ne.ka],[dʒʌk̚.ʌp̚.ʌ.ne.ga]
하얀 모자,25,[ha.jan.mo.tʃa],[ha.jan.mo.dʒa]
바빠 죽겠는데,25,[pa.p͈a.tʃuk̚.ket̚.nɯn.te],[ba.p͈a.dʒuk̚.ket̚.nɯn.te]
마음에 안 들,25,[ma.ɯm.e.an.tɯl],[ma.ɯm.e.an.dɯl]
그곳에 도착했을,25,[kɯ.kot̚.e.to.tʃʰak̚.hɛt̚.ɯl],[gɯ.got̚.e.do.tʃʰak̚.hɛt̚.ɯl]
건 혼자,25,[kʌn.hon.tʃa],[gʌn.hon.tʃa]
Is that what,25,,
하지만 난 그녀를,25,[ha.tʃi.man.naŋ.kɯ.njʌ.ɾɯl],[ha.dʒi.man.nan.gɯ.njʌ.ɾɯl]
운이 좋았네요,25,[un.i.tʃot̚.at̚.ne.jo],[un.i.dʒot̚.at̚.ne.jo]
어디 가지 마,25,[ʌ.ti.ka.tʃi.ma],[ʌ.di.ga.dʒi.ma]
괜찮아 난 괜찮아,25,[kwɛn.tʃʰan.a.naŋ.kwɛn.tʃʰan.a],[gwɛn.tʃʰan.a.nan.gwɛn.tʃʰan.a]
용기가 없어,25,[joŋ.ki.ka.ʌp̚.ʌ],[joŋ.gi.ga.ʌp̚.ʌ]
그럼 도움이,25,[kɯ.ɾʌn.to.um.i],[gɯ.ɾʌm.do.um.i]
정 그러시다면,25,[tʃʌŋ.kɯ.ɾʌ.si.ta.mjʌn],[dʒʌŋ.gɯ.ɾʌ.si.da.mjʌn]
Do you have any,25,,
다른 사람은 못,25,[ta.ɾɯn.sa.ɾam.ɯn.mot̚],[da.ɾɯn.sa.ɾam.ɯn.mot̚]
곧 폭발할,25,[kot̚.pʰok̚.pal.hal],[got̚.pʰok̚.pal.hal]
안 다녀,25,[an.ta.njʌ],[an.da.njʌ]
내 앞에서 꺼져,25,[nɛ.ap̚.e.sʌ.k͈ʌ.tʃjʌ],[nɛ.ap̚.e.sʌ.k͈ʌ.dʒjʌ]
가서 짐을,25,[ka.sʌ.tʃim.ɯl],[ga.sʌ.dʒim.ɯl]
子どもの頃 어린 시절 子どもの頃,25,[ʌ.ɾin.si.tʃʌl],[ʌ.ɾin.si.dʒʌl]
다시는 당신을,25,[ta.si.nɯn.taŋ.sin.ɯl],[da.si.nɯn.daŋ.sin.ɯl]
수업 듣는,25,[su.ʌp̚.tɯt̚.nɯn],[su.ʌp̚.dɯt̚.nɯn]
괜찮아 어차피,25,[kwɛn.tʃʰan.a.ʌ.tʃʰa.pʰi],[gwɛn.tʃʰan.a.ʌ.tʃʰa.pʰi]
이봐 친구,25,[i.pwa.tʃʰiŋ.ku],[i.bwa.tʃʰiŋ.ku]
하나밖에 못,25,[ha.na.pak̚.e.mot̚],[ha.na.bak̚.e.mot̚]
비밀 지킬 수,25,[pi.mil.tʃi.kʰil.su],[bi.mil.dʒi.kʰil.su]
네가 쓰는,25,[ne.ka.s͈ɯ.nɯn],[ne.ga.s͈ɯ.nɯn]
우리가 만들,25,[u.ɾi.ka.man.tɯl],[u.ɾi.ga.man.tɯl]
얘기 잘 들어,25,[jɛ.ki.tʃal.tɯl.ʌ],[jɛ.gi.dʒal.dɯl.ʌ]
서로를 더,25,[sʌ.ɾo.ɾɯl.tʌ],[sʌ.ɾo.ɾɯl.dʌ]
곧 올게요,25,[kot̚.ol.ke.jo],[got̚.ol.ke.jo]
해 기다려,25,[hɛ.ki.ta.ɾjʌ],[hɛ.gi.da.ɾjʌ]
심정이 어떤지,25,[sin.tʃʌŋ.i.ʌ.t͈ʌn.tʃi],[sin.tʃʌŋ.i.ʌ.t͈ʌn.tʃi]
반가웠어요 저도요,25,[paŋ.ka.wʌt̚.ʌ.jo.tʃʌ.to.jo],[baŋ.ka.wʌt̚.ʌ.jo.dʒʌ.do.jo]
더 있어야 할,25,[tʌ.it̚.ʌ.ja.hal],[dʌ.it̚.ʌ.ja.hal]
알고 있었거든,25,[al.ko.it̚.ʌt̚.kʌ.tɯn],[al.ko.it̚.ʌt̚.kʌ.dɯn]
난 믿지 않아,25,[nan.mit̚.tʃi.an.a],[nan.mit̚.tʃi.an.a]
노크 소리가 들려온다,25,[no.kʰɯ.so.ɾi.ka.tɯl.ɾjʌ.on.ta],[no.kʰɯ.so.ɾi.ga.dɯl.ɾjʌ.on.ta]
그런 사람이 되고,25,[kɯ.ɾʌn.sa.ɾam.i.twe.ko],[gɯ.ɾʌn.sa.ɾam.i.dwe.go]
할 얘기가 있다,25,[hal.jɛ.ki.ka.it̚.ta],[hal.jɛ.gi.ga.it̚.ta]
그 파일은,25,[kɯ.pʰa.il.ɯn],[gɯ.pʰa.il.ɯn]
나무 위에서,25,[na.mu.wi.e.sʌ],[na.mu.wi.e.sʌ]
안 돼 정신,25,[an.twɛ.tʃʌŋ.sin],[an.dwɛ.dʒʌŋ.sin]
일어난 적이,25,[il.ʌ.nan.tʃʌk̚.i],[il.ʌ.nan.dʒʌk̚.i]
물이 다,25,[mul.i.ta],[mul.i.da]
부르는 것은,25,[pu.ɾɯ.nɯŋ.kʌt̚.ɯn],[bu.ɾɯ.nɯn.gʌt̚.ɯn]
거 이젠,25,[kʌ.i.tʃen],[gʌ.i.dʒen]
그 애들의,25,[kɯ.ɛ.tɯl.ɯi],[gɯ.ɛ.dɯl.ɯi]
이해하지 못했어,25,[i.hɛ.ha.tʃi.mot̚.hɛt̚.ʌ],[i.hɛ.ha.dʒi.mot̚.hɛt̚.ʌ]
이해하지 못했어요,25,[i.hɛ.ha.tʃi.mot̚.hɛt̚.ʌ.jo],[i.hɛ.ha.dʒi.mot̚.hɛt̚.ʌ.jo]
아이를 보고,25,[a.i.ɾɯl.po.ko],[a.i.ɾɯl.bo.go]
기다리게 해서 죄송해요,25,[ki.ta.ɾi.ke.hɛ.sʌ.tʃwe.soŋ.hɛ.jo],[gi.da.ɾi.ge.hɛ.sʌ.dʒwe.soŋ.hɛ.jo]
물어보고 싶은 게 있어,25,[mul.ʌ.po.ko.sip̚.ɯŋ.ke.it̚.ʌ],[mul.ʌ.bo.go.sip̚.ɯn.ge.it̚.ʌ]
일에 날,25,[il.e.nal],[il.e.nal]
하지만 난 그렇게 생각하지,25,[ha.tʃi.man.naŋ.kɯ.ɾʌt̚.ke.sɛŋ.kak̚.ha.tʃi],[ha.dʒi.man.nan.gɯ.ɾʌt̚.ke.sɛŋ.gak̚.ha.dʒi]
어디로 사라진,25,[ʌ.ti.ɾo.sa.ɾa.tʃin],[ʌ.di.ɾo.sa.ɾa.dʒin]
내 말 들었잖아,25,[nɛ.mal.tɯl.ʌt̚.tʃan.a],[nɛ.mal.dɯl.ʌt̚.tʃan.a]
이해할 것,25,[i.hɛ.hal.kʌt̚],[i.hɛ.hal.gʌt̚]
거래는 없어,25,[kʌ.ɾɛ.nɯn.ʌp̚.ʌ],[gʌ.ɾɛ.nɯn.ʌp̚.ʌ]
빚 갚는,25,[pit̚.kap̚.nɯn],[bit̚.gap̚.nɯn]
이번엔 진짜로,25,[i.pʌn.en.tʃin.tʃ͈a.ɾo],[i.bʌn.en.dʒin.tʃ͈a.ɾo]
그를 사랑해요,25,[kɯ.ɾɯl.sa.ɾaŋ.hɛ.jo],[gɯ.ɾɯl.sa.ɾaŋ.hɛ.jo]
안 될 것 같다,25,[an.twel.kʌt̚.kat̚.ta],[an.dwel.gʌt̚.gat̚.ta]
할 수 있다는 거야,25,[hal.su.it̚.ta.nɯŋ.kʌ.ja],[hal.su.it̚.ta.nɯn.gʌ.ja]
이건 아빠,25,[i.kʌn.a.p͈a],[i.gʌn.a.p͈a]
장담 못 해,25,[tʃaŋ.tam.mot̚.hɛ],[dʒaŋ.dam.mot̚.hɛ]
내게 일어난,25,[nɛ.ke.il.ʌ.nan],[nɛ.ge.il.ʌ.nan]
더 좋아하죠,25,[tʌ.tʃot̚.a.ha.tʃjo],[dʌ.dʒot̚.a.ha.dʒjo]
먹힐 것,25,[mʌk̚.hil.kʌt̚],[mʌk̚.hil.gʌt̚]
울리는 효과음,25,[ul.ɾi.nɯn.hjo.kwa.ɯm],[ul.ɾi.nɯn.hjo.gwa.ɯm]
어디서 봤더라,25,[ʌ.ti.sʌ.pwat̚.tʌ.ɾa],[ʌ.di.sʌ.bwat̚.tʌ.ɾa]
마지막 날이,25,[ma.tʃi.mak̚.nal.i],[ma.dʒi.mak̚.nal.i]
분명히 그렇게,25,[pun.mjʌŋ.hi.kɯ.ɾʌt̚.ke],[bun.mjʌŋ.hi.gɯ.ɾʌt̚.ke]
두 가지예요,25,[tu.ka.tʃi.je.jo],[du.ga.dʒi.je.jo]
일은 끝났어요,25,[il.ɯŋ.k͈ɯt̚.nat̚.ʌ.jo],[il.ɯŋ.k͈ɯt̚.nat̚.ʌ.jo]
내게 왜,25,[nɛ.ke.wɛ],[nɛ.ge.wɛ]
빠지기 전에,25,[p͈a.tʃi.ki.tʃʌn.e],[p͈a.dʒi.gi.dʒʌn.e]
뭔 일인데,25,[mwʌn.il.in.te],[mwʌn.il.in.te]
마지막 말을,25,[ma.tʃi.mak̚.mal.ɯl],[ma.dʒi.mak̚.mal.ɯl]
죽을 수도 있는,25,[tʃuk̚.ɯl.su.to.it̚.nɯn],[dʒuk̚.ɯl.su.do.it̚.nɯn]
필요가 있겠어,25,[pʰil.jo.ka.it̚.ket̚.ʌ],[pʰil.jo.ga.it̚.ket̚.ʌ]
백 개,25,[pɛk̚.kɛ],[bɛk̚.gɛ]
안되는 거였어,25,[an.twe.nɯŋ.kʌ.jʌt̚.ʌ],[an.twe.nɯn.gʌ.jʌt̚.ʌ]
안 될지도,25,[an.twel.tʃi.to],[an.dwel.tʃi.do]
좋지 못한,25,[tʃot̚.tʃi.mot̚.han],[dʒot̚.tʃi.mot̚.han]
이 날씨에,25,[i.nal.s͈i.e],[i.nal.s͈i.e]
같다 네가,25,[kat̚.ta.ne.ka],[gat̚.ta.ne.ga]
기대했던 것보다,25,[ki.tɛ.hɛt̚.tʌŋ.kʌt̚.po.ta],[gi.dɛ.hɛt̚.tʌn.gʌt̚.po.da]
마무리할 일이,25,[ma.mu.ɾi.hal.il.i],[ma.mu.ɾi.hal.il.i]
할지 전혀,25,[hal.tʃi.tʃʌn.hjʌ],[hal.tʃi.dʒʌn.hjʌ]
뭐든지 말해,25,[mwʌ.tɯn.tʃi.mal.hɛ],[mwʌ.dɯn.tʃi.mal.hɛ]
당신은 믿지,25,[taŋ.sin.ɯn.mit̚.tʃi],[daŋ.sin.ɯn.mit̚.tʃi]
바뀌는 걸,25,[pa.k͈wi.nɯŋ.kʌl],[ba.k͈wi.nɯn.gʌl]
다 헛소리예요,25,[ta.hʌt̚.so.ɾi.je.jo],[da.hʌt̚.so.ɾi.je.jo]
저는 아무 짓도 안,25,[tʃʌ.nɯn.a.mu.tʃit̚.to.an],[dʒʌ.nɯn.a.mu.dʒit̚.to.an]
칼로 찌른,25,[kʰal.ɾo.tʃ͈i.ɾɯn],[kʰal.ɾo.tʃ͈i.ɾɯn]
그럼 마지막,25,[kɯ.ɾʌm.ma.tʃi.mak̚],[gɯ.ɾʌm.ma.dʒi.mak̚]
못 해 못,25,[mot̚.hɛ.mot̚],[mot̚.hɛ.mot̚]
이사 가는,25,[i.sa.ka.nɯn],[i.sa.ga.nɯn]
미소까지도 네가 좋아,25,[mi.so.k͈a.tʃi.to.ne.ka.tʃot̚.a],[mi.so.k͈a.dʒi.do.ne.ga.dʒot̚.a]
공격을 막을,25,[koŋ.kjʌk̚.ɯl.mak̚.ɯl],[goŋ.gjʌk̚.ɯl.mak̚.ɯl]
없다고 해요,25,[ʌp̚.ta.ko.hɛ.jo],[ʌp̚.ta.go.hɛ.jo]
같은 식으로,25,[kat̚.ɯn.sik̚.ɯ.ɾo],[gat̚.ɯn.sik̚.ɯ.ɾo]
뭔가 더 큰,25,[mwʌŋ.ka.tʌ.kʰɯn],[mwʌŋ.ka.dʌ.kʰɯn]
뿐이야 그건,25,[p͈un.i.ja.kɯ.kʌn],[p͈un.i.ja.gɯ.gʌn]
다음 회,25,[ta.ɯm.hwe],[da.ɯm.hwe]
않았어 나도,25,[an.at̚.ʌ.na.to],[an.at̚.ʌ.na.do]
낭비하지 마라,25,[nam.pi.ha.tʃi.ma.ɾa],[naŋ.bi.ha.dʒi.ma.ɾa]
재호 모,25,[tʃɛ.ho.mo],[dʒɛ.ho.mo]
문제에 관한,25,[mun.tʃe.e.kwan.han],[mun.tʃe.e.gwan.han]
내말 들려,25,[nɛ.mal.tɯl.ɾjʌ],[nɛ.mal.dɯl.ɾjʌ]
고맙습니다 무슨,25,[ko.map̚.sɯp̚.ni.ta.mu.sɯn],[go.map̚.sɯp̚.ni.da.mu.sɯn]
you saying,25,,
wanted to be,25,,
말이야 계속,25,[mal.i.ja.kje.sok̚],[mal.i.ja.gje.sok̚]
한다 그래서,25,[han.ta.kɯ.ɾɛ.sʌ],[han.ta.gɯ.ɾɛ.sʌ]
애들과 같이,25,[ɛ.tɯl.kwa.kat̚.i],[ɛ.dɯl.kwa.gat̚.i]
둘은 함께,25,[tul.ɯn.ham.k͈e],[dul.ɯn.ham.k͈e]
어디서 이,25,[ʌ.ti.sʌ.i],[ʌ.di.sʌ.i]
무슨 뜻인지 알고,25,[mu.sɯn.t͈ɯt̚.in.tʃi.al.ko],[mu.sɯn.t͈ɯt̚.in.tʃi.al.ko]
항상 그의,25,[haŋ.saŋ.kɯ.ɯi],[haŋ.saŋ.gɯ.ɯi]
교대 근무를,25,[kjo.tɛ.kɯn.mu.ɾɯl],[gjo.dɛ.gɯn.mu.ɾɯl]
안 들죠,25,[an.tɯl.tʃjo],[an.dɯl.tʃjo]
As you,25,,
은폐하기 위해,25,[ɯm.pʰje.ha.ki.wi.hɛ],[ɯm.pʰje.ha.gi.wi.hɛ]
일을 할 수도,25,[il.ɯl.hal.su.to],[il.ɯl.hal.su.do]
마세요 그건,25,[ma.se.jo.kɯ.kʌn],[ma.se.jo.gɯ.gʌn]
몰라도 나는,25,[mol.ɾa.to.na.nɯn],[mol.ɾa.do.na.nɯn]
가택 침입,25,[ka.tʰɛk̚.tʃʰim.ip̚],[ga.tʰɛk̚.tʃʰim.ip̚]
감사합니다 우리가,25,[kam.sa.hap̚.ni.ta.u.ɾi.ka],[gam.sa.hap̚.ni.da.u.ɾi.ga]
써 이,25,[s͈ʌ.i],[s͈ʌ.i]
꼭 잘,25,[k͈ok̚.tʃal],[k͈ok̚.dʒal]
있었어 누가,25,[it̚.ʌt̚.ʌ.nu.ka],[it̚.ʌt̚.ʌ.nu.ga]
나가는 거예요,25,[na.ka.nɯŋ.kʌ.je.jo],[na.ga.nɯn.gʌ.je.jo]
사 왔다,25,[sa.wat̚.ta],[sa.wat̚.ta]
신상에 좋을,25,[sin.saŋ.e.tʃot̚.ɯl],[sin.saŋ.e.dʒot̚.ɯl]
뭐 일단,25,[mwʌ.il.tan],[mwʌ.il.tan]
옷 좀 갈아입고,25,[ot̚.tʃom.kal.a.ip̚.ko],[ot̚.dʒom.gal.a.ip̚.ko]
당신을 믿었는데,25,[taŋ.sin.ɯl.mit̚.ʌt̚.nɯn.te],[daŋ.sin.ɯl.mit̚.ʌt̚.nɯn.te]
네 상황을,25,[ne.saŋ.hwaŋ.ɯl],[ne.saŋ.hwaŋ.ɯl]
건강에 좋지,25,[kʌŋ.kaŋ.e.tʃot̚.tʃi],[gʌŋ.kaŋ.e.dʒot̚.tʃi]
내가 고칠 수 있어,25,[nɛ.ka.ko.tʃʰil.su.it̚.ʌ],[nɛ.ga.go.tʃʰil.su.it̚.ʌ]
써 하지만,25,[s͈ʌ.ha.tʃi.man],[s͈ʌ.ha.dʒi.man]
빠를 것,25,[p͈a.ɾɯl.kʌt̚],[p͈a.ɾɯl.gʌt̚]
부를 줄,25,[pu.ɾɯl.tʃul],[bu.ɾɯl.dʒul]
일을 한 것뿐이야,25,[il.ɯl.haŋ.kʌt̚.p͈un.i.ja],[il.ɯl.han.gʌt̚.p͈un.i.ja]
거짓말하지 말아요,25,[kʌ.tʃit̚.mal.ha.tʃi.mal.a.jo],[gʌ.dʒit̚.mal.ha.dʒi.mal.a.jo]
경찰에 신고해요,25,[kjʌŋ.tʃʰal.e.siŋ.ko.hɛ.jo],[gjʌŋ.tʃʰal.e.siŋ.ko.hɛ.jo]
웃고 있어요,25,[ut̚.ko.it̚.ʌ.jo],[ut̚.ko.it̚.ʌ.jo]
써도 될,25,[s͈ʌ.to.twel],[s͈ʌ.do.dwel]
사건 보고서를,25,[sa.kʌm.po.ko.sʌ.ɾɯl],[sa.gʌn.bo.go.sʌ.ɾɯl]
냄새가 나는 것,25,[nɛm.sɛ.ka.na.nɯŋ.kʌt̚],[nɛm.sɛ.ga.na.nɯn.gʌt̚]
같아 보이지,25,[kat̚.a.po.i.tʃi],[gat̚.a.bo.i.dʒi]
웃기는 게,25,[ut̚.ki.nɯŋ.ke],[ut̚.ki.nɯn.ge]
그냥 이해가,25,[kɯ.njaŋ.i.hɛ.ka],[gɯ.njaŋ.i.hɛ.ga]
가장 눈에,25,[ka.tʃaŋ.nun.e],[ga.dʒaŋ.nun.e]
일을 할 수 있다,25,[il.ɯl.hal.su.it̚.ta],[il.ɯl.hal.su.it̚.ta]
거 있으면 말해,25,[kʌ.it̚.ɯ.mjʌn.mal.hɛ],[gʌ.it̚.ɯ.mjʌn.mal.hɛ]
다음에 말이야,25,[ta.ɯm.e.mal.i.ja],[da.ɯm.e.mal.i.ja]
당신이 거짓말을,25,[taŋ.sin.i.kʌ.tʃit̚.mal.ɯl],[daŋ.sin.i.gʌ.dʒit̚.mal.ɯl]
뭔 말인지 알지,25,[mwʌn.mal.in.tʃi.al.tʃi],[mwʌn.mal.in.tʃi.al.tʃi]
아저씨 말,25,[a.tʃʌ.s͈i.mal],[a.dʒʌ.s͈i.mal]
피곤할 텐데,25,[pʰi.kon.hal.tʰen.te],[pʰi.gon.hal.tʰen.te]
내 인내심을,25,[nɛ.in.nɛ.sim.ɯl],[nɛ.in.nɛ.sim.ɯl]
타나카 씨,25,[tʰa.na.kʰa.s͈i],[tʰa.na.kʰa.s͈i]
안 따라,25,[an.t͈a.ɾa],[an.t͈a.ɾa]
사람 뭐야,25,[sa.ɾam.mwʌ.ja],[sa.ɾam.mwʌ.ja]
그들은 완전히,25,[kɯ.tɯl.ɯn.wan.tʃʌn.hi],[gɯ.dɯl.ɯn.wan.tʃʌn.hi]
너 가서,25,[nʌ.ka.sʌ],[nʌ.ga.sʌ]
물론 지금은,25,[mul.ɾon.tʃi.kɯm.ɯn],[mul.ɾon.dʒi.gɯm.ɯn]
아무 맛도,25,[a.mu.mat̚.to],[a.mu.mat̚.to]
끝이 없다,25,[k͈ɯt̚.i.ʌp̚.ta],[k͈ɯt̚.i.ʌp̚.ta]
일을 해야 한다,25,[il.ɯl.hɛ.ja.han.ta],[il.ɯl.hɛ.ja.han.ta]
he have,25,,
저도 그냥,25,[tʃʌ.to.kɯ.njaŋ],[dʒʌ.do.gɯ.njaŋ]
너 대체 뭐야,25,[nʌ.tɛ.tʃʰe.mwʌ.ja],[nʌ.dɛ.tʃʰe.mwʌ.ja]
하지만 걱정하지 마세요,25,[ha.tʃi.maŋ.kʌk̚.tʃʌŋ.ha.tʃi.ma.se.jo],[ha.dʒi.man.gʌk̚.tʃʌŋ.ha.dʒi.ma.se.jo]
벤 상,25,[pen.saŋ],[ben.saŋ]
그의 말은,25,[kɯ.ɯi.mal.ɯn],[gɯ.ɯi.mal.ɯn]
둘이 날,25,[tul.i.nal],[dul.i.nal]
이상 기다릴,25,[i.saŋ.ki.ta.ɾil],[i.saŋ.gi.da.ɾil]
스즈카 히로미의,25,[sɯ.tʃɯ.kʰa.hi.ɾo.mi.ɯi],[sɯ.dʒɯ.kʰa.hi.ɾo.mi.ɯi]
너 몇 살이야,25,[nʌ.mjʌt̚.sal.i.ja],[nʌ.mjʌt̚.sal.i.ja]
별로 없거든요,25,[pjʌl.ɾo.ʌp̚.kʌ.tɯn.jo],[bjʌl.ɾo.ʌp̚.kʌ.dɯn.jo]
저도 그러고 싶어요,25,[tʃʌ.to.kɯ.ɾʌ.ko.sip̚.ʌ.jo],[dʒʌ.do.gɯ.ɾʌ.go.sip̚.ʌ.jo]
내일 떠날,25,[nɛ.il.t͈ʌ.nal],[nɛ.il.t͈ʌ.nal]
그녀를 찾으면,25,[kɯ.njʌ.ɾɯl.tʃʰat̚.ɯ.mjʌn],[gɯ.njʌ.ɾɯl.tʃʰat̚.ɯ.mjʌn]
가지고 놀았어,25,[ka.tʃi.ko.nol.at̚.ʌ],[ga.dʒi.go.nol.at̚.ʌ]
원하지 않았을,25,[wʌn.ha.tʃi.an.at̚.ɯl],[wʌn.ha.dʒi.an.at̚.ɯl]
걸 살,25,[kʌl.sal],[gʌl.sal]
안 싫어해,25,[an.sil.ʌ.hɛ],[an.sil.ʌ.hɛ]
별볼일 없는,25,[pjʌl.pol.il.ʌp̚.nɯn],[bjʌl.pol.il.ʌp̚.nɯn]
사건이 될,25,[sa.kʌn.i.twel],[sa.gʌn.i.dwel]
보안 허가,25,[po.an.hʌ.ka],[bo.an.hʌ.ga]
일이 난,25,[il.i.nan],[il.i.nan]
터지는 소리,25,[tʰʌ.tʃi.nɯn.so.ɾi],[tʰʌ.dʒi.nɯn.so.ɾi]
뭐라는 거지,25,[mwʌ.ɾa.nɯŋ.kʌ.tʃi],[mwʌ.ɾa.nɯn.gʌ.dʒi]
안 쐈어,25,[an.s͈wat̚.ʌ],[an.s͈wat̚.ʌ]
아빠가 만든,25,[a.p͈a.ka.man.tɯn],[a.p͈a.ga.man.tɯn]
별수 없지,25,[pjʌl.su.ʌp̚.tʃi],[bjʌl.su.ʌp̚.tʃi]
것에 대하여,25,[kʌt̚.e.tɛ.ha.jʌ],[gʌt̚.e.dɛ.ha.jʌ]
그녀를 믿어,25,[kɯ.njʌ.ɾɯl.mit̚.ʌ],[gɯ.njʌ.ɾɯl.mit̚.ʌ]
사고 싶은데,25,[sa.ko.sip̚.ɯn.te],[sa.go.sip̚.ɯn.te]
다음 문제,25,[ta.ɯm.mun.tʃe],[da.ɯm.mun.tʃe]
내일 얘기해,25,[nɛ.il.jɛ.ki.hɛ],[nɛ.il.jɛ.gi.hɛ]
가야 돼서,25,[ka.ja.twɛ.sʌ],[ga.ja.dwɛ.sʌ]
거 같아요 그,25,[kʌ.kat̚.a.jo.kɯ],[gʌ.gat̚.a.jo.gɯ]
겁니다 아마,25,[kʌp̚.ni.ta.a.ma],[gʌp̚.ni.da.a.ma]
비웃어도 떨쳐,25,[pi.ut̚.ʌ.to.t͈ʌl.tʃʰjʌ],[bi.ut̚.ʌ.do.t͈ʌl.tʃʰjʌ]
그녀를 믿을 수,25,[kɯ.njʌ.ɾɯl.mit̚.ɯl.su],[gɯ.njʌ.ɾɯl.mit̚.ɯl.su]
나더러 뭘,25,[na.tʌ.ɾʌ.mwʌl],[na.dʌ.ɾʌ.mwʌl]
만한 일,25,[man.han.il],[man.han.il]
묶여 있어요,25,[muk̚.jʌ.it̚.ʌ.jo],[muk̚.jʌ.it̚.ʌ.jo]
난 수많은,25,[nan.su.man.ɯn],[nan.su.man.ɯn]
잊어버릴 수,25,[it̚.ʌ.pʌ.ɾil.su],[it̚.ʌ.bʌ.ɾil.su]
옷은 다,25,[ot̚.ɯn.ta],[ot̚.ɯn.da]
내 얼굴에 대고,25,[nɛ.ʌl.kul.e.tɛ.ko],[nɛ.ʌl.kul.e.dɛ.go]
구할 방법은,25,[ku.hal.pam.pʌp̚.ɯn],[gu.hal.baŋ.bʌp̚.ɯn]
일어나고 있는지 말이야,25,[il.ʌ.na.ko.it̚.nɯn.tʃi.mal.i.ja],[il.ʌ.na.go.it̚.nɯn.tʃi.mal.i.ja]
항상 붙어,25,[haŋ.sam.put̚.ʌ],[haŋ.saŋ.but̚.ʌ]
뒤로 돌아서,25,[twi.ɾo.tol.a.sʌ],[dwi.ɾo.dol.a.sʌ]
날 비난하는,25,[nal.pi.nan.ha.nɯn],[nal.bi.nan.ha.nɯn]
막 다,25,[mak̚.ta],[mak̚.da]
so great,25,,
정도 걸릴 겁니다,25,[tʃʌŋ.to.kʌl.ɾil.kʌp̚.ni.ta],[dʒʌŋ.do.gʌl.ɾil.gʌp̚.ni.da]
워커 박사,25,[wʌ.kʰʌ.pak̚.sa],[wʌ.kʰʌ.bak̚.sa]
Maebh Arden,25,,
그것은 아마도,25,[kɯ.kʌt̚.ɯn.a.ma.to],[gɯ.gʌt̚.ɯn.a.ma.do]
건 시간 문제야,25,[kʌn.si.kan.mun.tʃe.ja],[gʌn.si.gan.mun.tʃe.ja]
stay here,25,,
사과 좀,25,[sa.kwa.tʃom],[sa.gwa.dʒom]
이제 시작할,25,[i.tʃe.si.tʃak̚.hal],[i.dʒe.si.dʒak̚.hal]
세 시간이나,25,[se.si.kan.i.na],[se.si.gan.i.na]
일한 거,25,[il.haŋ.kʌ],[il.han.gʌ]
불을 켜,25,[pul.ɯl.kʰjʌ],[bul.ɯl.kʰjʌ]
같아요 솔직히,25,[kat̚.a.jo.sol.tʃik̚.hi],[gat̚.a.jo.sol.tʃik̚.hi]
더는 이런,25,[tʌ.nɯn.i.ɾʌn],[dʌ.nɯn.i.ɾʌn]
그러면 널,25,[kɯ.ɾʌ.mjʌn.nʌl],[gɯ.ɾʌ.mjʌn.nʌl]
당신은 갈,25,[taŋ.sin.ɯŋ.kal],[daŋ.sin.ɯn.gal]
모두 죽었을,25,[mo.tu.tʃuk̚.ʌt̚.ɯl],[mo.du.dʒuk̚.ʌt̚.ɯl]
사람이 되게,25,[sa.ɾam.i.twe.ke],[sa.ɾam.i.dwe.ge]
누군가 당신,25,[nu.kuŋ.ka.taŋ.sin],[nu.guŋ.ka.daŋ.sin]
불만 있어요,25,[pul.man.it̚.ʌ.jo],[bul.man.it̚.ʌ.jo]
만나러 갔는데,25,[man.na.ɾʌ.kat̚.nɯn.te],[man.na.ɾʌ.gat̚.nɯn.te]
사람이 말하는,25,[sa.ɾam.i.mal.ha.nɯn],[sa.ɾam.i.mal.ha.nɯn]
눈이 오나,25,[nun.i.o.na],[nun.i.o.na]
a smile,25,,
어디선가 본,25,[ʌ.ti.sʌŋ.ka.pon],[ʌ.di.sʌŋ.ka.bon]
잔뜩 있어요,25,[tʃan.t͈ɯk̚.it̚.ʌ.jo],[dʒan.t͈ɯk̚.it̚.ʌ.jo]
겁니다 알겠어요,25,[kʌp̚.ni.ta.al.ket̚.ʌ.jo],[gʌp̚.ni.da.al.ket̚.ʌ.jo]
먼저 가봐,25,[mʌn.tʃʌ.ka.pwa],[mʌn.tʃʌ.ga.bwa]
저도 돕고 싶어요,25,[tʃʌ.to.top̚.ko.sip̚.ʌ.jo],[dʒʌ.do.dop̚.ko.sip̚.ʌ.jo]
사람이 참,25,[sa.ɾam.i.tʃʰam],[sa.ɾam.i.tʃʰam]
알았다 그,25,[al.at̚.ta.kɯ],[al.at̚.ta.gɯ]
집으로 데려갈,25,[tʃip̚.ɯ.ɾo.te.ɾjʌ.kal],[dʒip̚.ɯ.ɾo.de.ɾjʌ.gal]
건 순전히,25,[kʌn.sun.tʃʌn.hi],[gʌn.sun.tʃʌn.hi]
닥치는 게,25,[tak̚.tʃʰi.nɯŋ.ke],[dak̚.tʃʰi.nɯn.ge]
그를 믿어요,25,[kɯ.ɾɯl.mit̚.ʌ.jo],[gɯ.ɾɯl.mit̚.ʌ.jo]
언제 나한테,25,[ʌn.tʃe.na.han.tʰe],[ʌn.tʃe.na.han.tʰe]
문을 쾅쾅,25,[mun.ɯl.kʰwaŋ.kʰwaŋ],[mun.ɯl.kʰwaŋ.kʰwaŋ]
잃은 줄 알았어,25,[il.ɯn.tʃul.al.at̚.ʌ],[il.ɯn.dʒul.al.at̚.ʌ]
일할 준비가,25,[il.hal.tʃum.pi.ka],[il.hal.dʒum.pi.ga]
let you know,25,,
나를 여기,25,[na.ɾɯl.jʌ.ki],[na.ɾɯl.jʌ.gi]
난 존,25,[nan.tʃon],[nan.dʒon]
하지만 첫,25,[ha.tʃi.man.tʃʰʌt̚],[ha.dʒi.man.tʃʰʌt̚]
달러 규모의,25,[tal.ɾʌ.kju.mo.ɯi],[dal.ɾʌ.gju.mo.ɯi]
임무에 대한,25,[im.mu.e.tɛ.han],[im.mu.e.dɛ.han]
제안을 할,25,[tʃe.an.ɯl.hal],[dʒe.an.ɯl.hal]
죽게 만들었어,25,[tʃuk̚.ke.man.tɯl.ʌt̚.ʌ],[dʒuk̚.ke.man.tɯl.ʌt̚.ʌ]
원래는 안,25,[wʌl.lɛ.nɯn.an],[wʌl.lɛ.nɯn.an]
갖고 있을 거야,25,[kat̚.ko.it̚.ɯl.kʌ.ja],[gat̚.ko.it̚.ɯl.gʌ.ja]
나온 적,25,[na.on.tʃʌk̚],[na.on.dʒʌk̚]
친구로 지낼,25,[tʃʰiŋ.ku.ɾo.tʃi.nɛl],[tʃʰiŋ.ku.ɾo.dʒi.nɛl]
was really,25,,
거예요 내 말,25,[kʌ.je.jo.nɛ.mal],[gʌ.je.jo.nɛ.mal]
낼 수 있을까,25,[nɛl.su.it̚.ɯl.k͈a],[nɛl.su.it̚.ɯl.k͈a]
술은 내가 사지,25,[sul.ɯn.nɛ.ka.sa.tʃi],[sul.ɯn.nɛ.ga.sa.dʒi]
했어요 좀,25,[hɛt̚.ʌ.jo.tʃom],[hɛt̚.ʌ.jo.dʒom]
당한 적이,25,[taŋ.han.tʃʌk̚.i],[daŋ.han.dʒʌk̚.i]
break up,25,,
했어요 몇,25,[hɛt̚.ʌ.jo.mjʌt̚],[hɛt̚.ʌ.jo.mjʌt̚]
어디에 쓰는,25,[ʌ.ti.e.s͈ɯ.nɯn],[ʌ.di.e.s͈ɯ.nɯn]
만났을 때 내가,25,[man.nat̚.ɯl.t͈ɛ.nɛ.ka],[man.nat̚.ɯl.t͈ɛ.nɛ.ga]
뭐라는 거냐,25,[mwʌ.ɾa.nɯŋ.kʌ.nja],[mwʌ.ɾa.nɯn.gʌ.nja]
들어 줘서,25,[tɯl.ʌ.tʃwʌ.sʌ],[dɯl.ʌ.dʒwʌ.sʌ]
인생 최고의 날이야,25,[in.sɛŋ.tʃʰwe.ko.ɯi.nal.i.ja],[in.sɛŋ.tʃʰwe.go.ɯi.nal.i.ja]
some sort of,25,,
함께 앉아,25,[ham.k͈e.an.a],[ham.k͈e.an.a]
눈이 좋아,25,[nun.i.tʃot̚.a],[nun.i.dʒot̚.a]
당신은 결국,25,[taŋ.sin.ɯŋ.kjʌl.kuk̚],[daŋ.sin.ɯn.gjʌl.kuk̚]
그런데 그럴,25,[kɯ.ɾʌn.te.kɯ.ɾʌl],[gɯ.ɾʌn.te.gɯ.ɾʌl]
너무 나이가,25,[nʌ.mu.na.i.ka],[nʌ.mu.na.i.ga]
저도 아는데,25,[tʃʌ.to.a.nɯn.te],[dʒʌ.do.a.nɯn.te]
원치 않는다는,25,[wʌn.tʃʰi.an.nɯn.ta.nɯn],[wʌn.tʃʰi.an.nɯn.ta.nɯn]
호텔에 묵고,25,[ho.tʰel.e.muk̚.ko],[ho.tʰel.e.muk̚.ko]
사라질 것,25,[sa.ɾa.tʃil.kʌt̚],[sa.ɾa.dʒil.gʌt̚]
찾아온 이유가,25,[tʃʰat̚.a.on.i.ju.ka],[tʃʰat̚.a.on.i.ju.ga]
안 해도 된다고,25,[an.hɛ.to.twen.ta.ko],[an.hɛ.do.dwen.ta.go]
일이 일어나고 있는지 말이야,25,[il.i.il.ʌ.na.ko.it̚.nɯn.tʃi.mal.i.ja],[il.i.il.ʌ.na.go.it̚.nɯn.tʃi.mal.i.ja]
보일 것입니다,25,[po.il.kʌt̚.ip̚.ni.ta],[bo.il.gʌt̚.ip̚.ni.da]
길이 멀다,25,[kil.i.mʌl.ta],[gil.i.mʌl.ta]
안 받고요,25,[am.pat̚.ko.jo],[an.bat̚.ko.jo]
대체 어찌,25,[tɛ.tʃʰe.ʌ.tʃ͈i],[dɛ.tʃʰe.ʌ.tʃ͈i]
찾아와서 미안해요,25,[tʃʰat̚.a.wa.sʌ.mi.an.hɛ.jo],[tʃʰat̚.a.wa.sʌ.mi.an.hɛ.jo]
형이 더,25,[hjʌŋ.i.tʌ],[hjʌŋ.i.dʌ]
인간이 할,25,[iŋ.kan.i.hal],[iŋ.kan.i.hal]
그리고 모든 것을,25,[kɯ.ɾi.ko.mo.tɯŋ.kʌt̚.ɯl],[gɯ.ɾi.go.mo.dɯn.gʌt̚.ɯl]
됐어요 좋아,25,[twɛt̚.ʌ.jo.tʃot̚.a],[dwɛt̚.ʌ.jo.dʒot̚.a]
전해 드릴게요,25,[tʃʌn.hɛ.tɯ.ɾil.ke.jo],[dʒʌn.hɛ.dɯ.ɾil.ke.jo]
안 해요 내,25,[an.hɛ.jo.nɛ],[an.hɛ.jo.nɛ]
절대 비밀이야,25,[tʃʌl.tɛ.pi.mil.i.ja],[dʒʌl.tɛ.bi.mil.i.ja]
더 찾을,25,[tʌ.tʃʰat̚.ɯl],[dʌ.tʃʰat̚.ɯl]
너무 멀리 왔어,25,[nʌ.mu.mʌl.ɾi.wat̚.ʌ],[nʌ.mu.mʌl.ɾi.wat̚.ʌ]
두 여자를,25,[tu.jʌ.tʃa.ɾɯl],[du.jʌ.dʒa.ɾɯl]
미소 짓는,25,[mi.so.tʃit̚.nɯn],[mi.so.dʒit̚.nɯn]
해줘도 돼,25,[hɛ.tʃwʌ.to.twɛ],[hɛ.dʒwʌ.do.dwɛ]
모든 사랑을,25,[mo.tɯn.sa.ɾaŋ.ɯl],[mo.dɯn.sa.ɾaŋ.ɯl]
몰라서 그런,25,[mol.ɾa.sʌ.kɯ.ɾʌn],[mol.ɾa.sʌ.gɯ.ɾʌn]
있게 됐지,25,[it̚.ke.twɛt̚.tʃi],[it̚.ke.dwɛt̚.tʃi]
너무 빨랐어,25,[nʌ.mu.p͈al.ɾat̚.ʌ],[nʌ.mu.p͈al.ɾat̚.ʌ]
그걸 직접,25,[kɯ.kʌl.tʃik̚.tʃʌp̚],[gɯ.gʌl.dʒik̚.tʃʌp̚]
것을 요청합니다,25,[kʌt̚.ɯl.jo.tʃʰʌŋ.hap̚.ni.ta],[gʌt̚.ɯl.jo.tʃʰʌŋ.hap̚.ni.da]
사람 나,25,[sa.ɾam.na],[sa.ɾam.na]
이게 다 너 때문이야,25,[i.ke.ta.nʌ.t͈ɛ.mun.i.ja],[i.ge.da.nʌ.t͈ɛ.mun.i.ja]
구급차를 불러,25,[ku.kɯp̚.tʃʰa.ɾɯl.pul.ɾʌ],[gu.gɯp̚.tʃʰa.ɾɯl.bul.ɾʌ]
내 남자 친구,25,[nɛ.nan.tʃa.tʃʰiŋ.ku],[nɛ.nan.tʃa.tʃʰiŋ.ku]
사진 있어요,25,[sa.tʃin.it̚.ʌ.jo],[sa.dʒin.it̚.ʌ.jo]
오늘은 어땠어,25,[o.nɯl.ɯn.ʌ.t͈ɛt̚.ʌ],[o.nɯl.ɯn.ʌ.t͈ɛt̚.ʌ]
컴퓨터 공학,25,[kʰʌm.pʰju.tʰʌ.koŋ.hak̚],[kʰʌm.pʰju.tʰʌ.goŋ.hak̚]
일이 있고 난,25,[il.i.it̚.ko.nan],[il.i.it̚.ko.nan]
뭘 하신,25,[mwʌl.ha.sin],[mwʌl.ha.sin]
말을 자주,25,[mal.ɯl.tʃa.tʃu],[mal.ɯl.dʒa.dʒu]
있어요 누구,25,[it̚.ʌ.jo.nu.ku],[it̚.ʌ.jo.nu.gu]
언제 터질지,25,[ʌn.tʃe.tʰʌ.tʃil.tʃi],[ʌn.tʃe.tʰʌ.dʒil.tʃi]
시간을 벌어줄,25,[si.kan.ɯl.pʌl.ʌ.tʃul],[si.gan.ɯl.bʌl.ʌ.dʒul]
사람 몰라,25,[sa.ɾam.mol.ɾa],[sa.ɾam.mol.ɾa]
제 피를,25,[tʃe.pʰi.ɾɯl],[dʒe.pʰi.ɾɯl]
원하는 걸 얻기 위해,25,[wʌn.ha.nɯŋ.kʌl.ʌt̚.ki.wi.hɛ],[wʌn.ha.nɯn.gʌl.ʌt̚.ki.wi.hɛ]
봐요 그렇게,25,[pwa.jo.kɯ.ɾʌt̚.ke],[bwa.jo.gɯ.ɾʌt̚.ke]
집에 온 걸 환영한다,25,[tʃip̚.e.oŋ.kʌl.hwan.jʌŋ.han.ta],[dʒip̚.e.on.gʌl.hwan.jʌŋ.han.ta]
못 속여요,25,[mot̚.sok̚.jʌ.jo],[mot̚.sok̚.jʌ.jo]
사흘 안에,25,[sa.hɯl.an.e],[sa.hɯl.an.e]
사흘 후,25,[sa.hɯl.hu],[sa.hɯl.hu]
없어 거기,25,[ʌp̚.ʌ.kʌ.ki],[ʌp̚.ʌ.gʌ.gi]
죽이려고 했지,25,[tʃuk̚.i.ɾjʌ.ko.hɛt̚.tʃi],[dʒuk̚.i.ɾjʌ.go.hɛt̚.tʃi]
좀 주게,25,[tʃon.tʃu.ke],[dʒom.dʒu.ge]
어떤 도움도,25,[ʌ.t͈ʌn.to.un.to],[ʌ.t͈ʌn.do.un.to]
강요할 수는,25,[kaŋ.jo.hal.su.nɯn],[gaŋ.jo.hal.su.nɯn]
저 남잔,25,[tʃʌ.nan.tʃan],[dʒʌ.nan.tʃan]
있고 몇,25,[it̚.ko.mjʌt̚],[it̚.ko.mjʌt̚]
그런 짓 할,25,[kɯ.ɾʌn.tʃit̚.hal],[gɯ.ɾʌn.dʒit̚.hal]
그 쓸모없는,25,[kɯ.s͈ɯl.mo.ʌp̚.nɯn],[gɯ.s͈ɯl.mo.ʌp̚.nɯn]
보니까 이,25,[po.ni.k͈a.i],[bo.ni.k͈a.i]
간 걸까,25,[kaŋ.kʌl.k͈a],[gan.gʌl.k͈a]
일이 있어도 내,25,[il.i.it̚.ʌ.to.nɛ],[il.i.it̚.ʌ.do.nɛ]
전 안 가요,25,[tʃʌn.aŋ.ka.jo],[dʒʌn.an.ga.jo]
같은 얼굴을,25,[kat̚.ɯn.ʌl.kul.ɯl],[gat̚.ɯn.ʌl.kul.ɯl]
차 돌려요,25,[tʃʰa.tol.ɾjʌ.jo],[tʃʰa.dol.ɾjʌ.jo]
만들어 왔어요,25,[man.tɯl.ʌ.wat̚.ʌ.jo],[man.tɯl.ʌ.wat̚.ʌ.jo]
않으면 당신,25,[an.ɯ.mjʌn.taŋ.sin],[an.ɯ.mjʌn.daŋ.sin]
친한 친구였다,25,[tʃʰin.han.tʃʰiŋ.ku.jʌt̚.ta],[tʃʰin.han.tʃʰiŋ.ku.jʌt̚.ta]
그리고 나는 알고,25,[kɯ.ɾi.ko.na.nɯn.al.ko],[gɯ.ɾi.go.na.nɯn.al.ko]
마약 소지로,25,[ma.jak̚.so.tʃi.ɾo],[ma.jak̚.so.dʒi.ɾo]
살고 있었어요,25,[sal.ko.it̚.ʌt̚.ʌ.jo],[sal.ko.it̚.ʌt̚.ʌ.jo]
기회를 주시면,25,[ki.hwe.ɾɯl.tʃu.si.mjʌn],[gi.hwe.ɾɯl.dʒu.si.mjʌn]
바로 해,25,[pa.ɾo.hɛ],[ba.ɾo.hɛ]
그가 보고,25,[kɯ.ka.po.ko],[gɯ.ga.bo.go]
수술이 잘,25,[su.sul.i.tʃal],[su.sul.i.dʒal]
죽은 척하는,25,[tʃuk̚.ɯn.tʃʰʌk̚.ha.nɯn],[dʒuk̚.ɯn.tʃʰʌk̚.ha.nɯn]
부모님이 안,25,[pu.mo.nim.i.an],[bu.mo.nim.i.an]
무슨 말인지도,25,[mu.sɯn.mal.in.tʃi.to],[mu.sɯn.mal.in.tʃi.do]
근육 좀,25,[kɯn.juk̚.tʃom],[gɯn.juk̚.dʒom]
거침 없는,25,[kʌ.tʃʰim.ʌp̚.nɯn],[gʌ.tʃʰim.ʌp̚.nɯn]
너에게 많은,25,[nʌ.e.ke.man.ɯn],[nʌ.e.ge.man.ɯn]
그 남자애가,25,[kɯ.nan.tʃa.ɛ.ka],[gɯ.nan.tʃa.ɛ.ga]
희망을 줄,25,[hɯi.maŋ.ɯl.tʃul],[hɯi.maŋ.ɯl.dʒul]
사람 죽이는 게,25,[sa.ɾan.tʃuk̚.i.nɯŋ.ke],[sa.ɾam.dʒuk̚.i.nɯn.ge]
비용은 내가,25,[pi.joŋ.ɯn.nɛ.ka],[bi.joŋ.ɯn.nɛ.ga]
it through,25,,
힘 빼,25,[him.p͈ɛ],[him.p͈ɛ]
모르긴 해도,25,[mo.ɾɯ.kin.hɛ.to],[mo.ɾɯ.gin.hɛ.do]
쓰고 있다고,25,[s͈ɯ.ko.it̚.ta.ko],[s͈ɯ.go.it̚.ta.go]
마약은 안,25,[ma.jak̚.ɯn.an],[ma.jak̚.ɯn.an]
부모님과 같이,25,[pu.mo.nim.kwa.kat̚.i],[bu.mo.nim.kwa.gat̚.i]
갈게 넌,25,[kal.ke.nʌn],[gal.ke.nʌn]
how did,25,,
하지 마 너,25,[ha.tʃi.ma.nʌ],[ha.dʒi.ma.nʌ]
거야 이게 무슨,25,[kʌ.ja.i.ke.mu.sɯn],[gʌ.ja.i.ge.mu.sɯn]
그 골목에,25,[kɯ.kol.mok̚.e],[gɯ.gol.mok̚.e]
너의 보조개가 좋아,25,[nʌ.ɯi.po.tʃo.kɛ.ka.tʃot̚.a],[nʌ.ɯi.bo.dʒo.gɛ.ga.dʒot̚.a]
구멍이 난,25,[ku.mʌŋ.i.nan],[gu.mʌŋ.i.nan]
안 보이는군,25,[am.po.i.nɯŋ.kun],[an.bo.i.nɯŋ.kun]
얻을 자격이,25,[ʌt̚.ɯl.tʃa.kjʌk̚.i],[ʌt̚.ɯl.dʒa.gjʌk̚.i]
그 관계를,25,[kɯ.kwaŋ.kje.ɾɯl],[gɯ.gwaŋ.kje.ɾɯl]
안 보이더니,25,[am.po.i.tʌ.ni],[an.bo.i.dʌ.ni]
모든 생명은,25,[mo.tɯn.sɛŋ.mjʌŋ.ɯn],[mo.dɯn.sɛŋ.mjʌŋ.ɯn]
그는 돌아오지,25,[kɯ.nɯn.tol.a.o.tʃi],[gɯ.nɯn.dol.a.o.dʒi]
지금 아무도,25,[tʃi.kɯm.a.mu.to],[dʒi.gɯm.a.mu.do]
내 물건도,25,[nɛ.mul.kʌn.to],[nɛ.mul.kʌn.to]
진짜 미안한데,25,[tʃin.tʃ͈a.mi.an.han.te],[dʒin.tʃ͈a.mi.an.han.te]
순 없을걸,25,[sun.ʌp̚.ɯl.kʌl],[sun.ʌp̚.ɯl.kʌl]
사람도 아닌,25,[sa.ɾan.to.a.nin],[sa.ɾan.to.a.nin]
피우는 걸,25,[pʰi.u.nɯŋ.kʌl],[pʰi.u.nɯn.gʌl]
전에 그래서,25,[tʃʌn.e.kɯ.ɾɛ.sʌ],[dʒʌn.e.gɯ.ɾɛ.sʌ]
일이 좋아,25,[il.i.tʃot̚.a],[il.i.dʒot̚.a]
너 데리러,25,[nʌ.te.ɾi.ɾʌ],[nʌ.de.ɾi.ɾʌ]
집을 지을,25,[tʃip̚.ɯl.tʃi.ɯl],[dʒip̚.ɯl.dʒi.ɯl]
봐서 너무,25,[pwa.sʌ.nʌ.mu],[bwa.sʌ.nʌ.mu]
말고 또 누가,25,[mal.ko.t͈o.nu.ka],[mal.ko.t͈o.nu.ga]
있는 게 아니잖아,25,[it̚.nɯŋ.ke.a.ni.tʃan.a],[it̚.nɯn.ge.a.ni.dʒan.a]
그 꼴이,25,[kɯ.k͈ol.i],[gɯ.k͈ol.i]
하고 좋은,25,[ha.ko.tʃot̚.ɯn],[ha.go.dʒot̚.ɯn]
구석구석 모든,25,[ku.sʌk̚.ku.sʌk̚.mo.tɯn],[gu.sʌk̚.ku.sʌk̚.mo.dɯn]
하지만 걔는,25,[ha.tʃi.maŋ.kjɛ.nɯn],[ha.dʒi.man.gjɛ.nɯn]
가할 수,25,[ka.hal.su],[ga.hal.su]
상관이 없는,25,[saŋ.kwan.i.ʌp̚.nɯn],[saŋ.gwan.i.ʌp̚.nɯn]
달라질 수도,25,[tal.ɾa.tʃil.su.to],[dal.ɾa.dʒil.su.do]
사람들 말을,25,[sa.ɾan.tɯl.mal.ɯl],[sa.ɾan.tɯl.mal.ɯl]
그것을 가지고 있었다,25,[kɯ.kʌt̚.ɯl.ka.tʃi.ko.it̚.ʌt̚.ta],[gɯ.gʌt̚.ɯl.ga.dʒi.go.it̚.ʌt̚.ta]
뭔가 크게,25,[mwʌŋ.ka.kʰɯ.ke],[mwʌŋ.ka.kʰɯ.ge]
상상도 안 돼,25,[saŋ.saŋ.to.an.twɛ],[saŋ.saŋ.do.an.dwɛ]
어떻게 되는지 알지,25,[ʌ.t͈ʌt̚.ke.twe.nɯn.tʃi.al.tʃi],[ʌ.t͈ʌt̚.ke.dwe.nɯn.tʃi.al.tʃi]
거리가 얼마나,25,[kʌ.ɾi.ka.ʌl.ma.na],[gʌ.ɾi.ga.ʌl.ma.na]
나도 알아 그리고,25,[na.to.al.a.kɯ.ɾi.ko],[na.do.al.a.gɯ.ɾi.go]
너 마음에,25,[nʌ.ma.ɯm.e],[nʌ.ma.ɯm.e]
가면 넌,25,[ka.mjʌn.nʌn],[ga.mjʌn.nʌn]
일이나 하죠,25,[il.i.na.ha.tʃjo],[il.i.na.ha.dʒjo]
동안 할,25,[toŋ.an.hal],[doŋ.an.hal]
곳 있어요,25,[kot̚.it̚.ʌ.jo],[got̚.it̚.ʌ.jo]
공격할 겁니다,25,[koŋ.kjʌk̚.hal.kʌp̚.ni.ta],[goŋ.gjʌk̚.hal.gʌp̚.ni.da]
혼날 거야,25,[hon.nal.kʌ.ja],[hon.nal.gʌ.ja]
경험 있어요,25,[kjʌŋ.hʌm.it̚.ʌ.jo],[gjʌŋ.hʌm.it̚.ʌ.jo]
집이 아냐,25,[tʃip̚.i.a.nja],[dʒip̚.i.a.nja]
원한 거예요,25,[wʌn.haŋ.kʌ.je.jo],[wʌn.han.gʌ.je.jo]
매력 있고,25,[mɛ.ɾjʌk̚.it̚.ko],[mɛ.ɾjʌk̚.it̚.ko]
그때 안,25,[kɯ.t͈ɛ.an],[gɯ.t͈ɛ.an]
이게 장난,25,[i.ke.tʃaŋ.nan],[i.ge.dʒaŋ.nan]
운영하고 있다,25,[un.jʌŋ.ha.ko.it̚.ta],[un.jʌŋ.ha.go.it̚.ta]
아니야 너랑,25,[a.ni.ja.nʌ.ɾaŋ],[a.ni.ja.nʌ.ɾaŋ]
마세요 날,25,[ma.se.jo.nal],[ma.se.jo.nal]
매일 볼 수,25,[mɛ.il.pol.su],[mɛ.il.bol.su]
당신 여자,25,[taŋ.sin.jʌ.tʃa],[daŋ.sin.jʌ.dʒa]
정말 멋지구나,25,[tʃʌŋ.mal.mʌt̚.tʃi.ku.na],[dʒʌŋ.mal.mʌt̚.tʃi.gu.na]
몰라요 이제,25,[mol.ɾa.jo.i.tʃe],[mol.ɾa.jo.i.dʒe]
건데 뭘,25,[kʌn.te.mwʌl],[gʌn.te.mwʌl]
이해할 겁니다,25,[i.hɛ.hal.kʌp̚.ni.ta],[i.hɛ.hal.gʌp̚.ni.da]
차례인 것,25,[tʃʰa.ɾje.iŋ.kʌt̚],[tʃʰa.ɾje.in.gʌt̚]
그들 사이의,25,[kɯ.tɯl.sa.i.ɯi],[gɯ.dɯl.sa.i.ɯi]
순간 당신은,25,[suŋ.kan.taŋ.sin.ɯn],[suŋ.kan.daŋ.sin.ɯn]
다급한 숨을 내뱉으며,25,[ta.kɯp̚.han.sum.ɯl.lɛ.pɛt̚.ɯ.mjʌ],[da.gɯp̚.han.sum.ɯl.lɛ.bɛt̚.ɯ.mjʌ]
너 뭐라고,25,[nʌ.mwʌ.ɾa.ko],[nʌ.mwʌ.ɾa.go]
내가 문자,25,[nɛ.ka.mun.tʃa],[nɛ.ga.mun.tʃa]
난 거래를,25,[naŋ.kʌ.ɾɛ.ɾɯl],[nan.gʌ.ɾɛ.ɾɯl]
그가 그러지,25,[kɯ.ka.kɯ.ɾʌ.tʃi],[gɯ.ga.gɯ.ɾʌ.dʒi]
불러 줄게,25,[pul.ɾʌ.tʃul.ke],[bul.ɾʌ.dʒul.ke]
기다리는 사람,25,[ki.ta.ɾi.nɯn.sa.ɾam],[gi.da.ɾi.nɯn.sa.ɾam]
그녀를 찾아,25,[kɯ.njʌ.ɾɯl.tʃʰat̚.a],[gɯ.njʌ.ɾɯl.tʃʰat̚.a]
상을 받을,25,[saŋ.ɯl.pat̚.ɯl],[saŋ.ɯl.bat̚.ɯl]
보통 이렇게,25,[po.tʰoŋ.i.ɾʌt̚.ke],[bo.tʰoŋ.i.ɾʌt̚.ke]
번 말했어,25,[pʌn.mal.hɛt̚.ʌ],[bʌn.mal.hɛt̚.ʌ]
뭘 하라고요,25,[mwʌl.ha.ɾa.ko.jo],[mwʌl.ha.ɾa.go.jo]
해체할 수,25,[hɛ.tʃʰe.hal.su],[hɛ.tʃʰe.hal.su]
적어도 하나는,25,[tʃʌk̚.ʌ.to.ha.na.nɯn],[dʒʌk̚.ʌ.do.ha.na.nɯn]
하기로 했지,25,[ha.ki.ɾo.hɛt̚.tʃi],[ha.gi.ɾo.hɛt̚.tʃi]
정말 아름다웠어요,25,[tʃʌŋ.mal.a.ɾɯn.ta.wʌt̚.ʌ.jo],[dʒʌŋ.mal.a.ɾɯn.ta.wʌt̚.ʌ.jo]
니가 생각하는,25,[ni.ka.sɛŋ.kak̚.ha.nɯn],[ni.ga.sɛŋ.gak̚.ha.nɯn]
무슨 말이 그래,25,[mu.sɯn.mal.i.kɯ.ɾɛ],[mu.sɯn.mal.i.gɯ.ɾɛ]
상관 없소,25,[saŋ.kwan.ʌp̚.so],[saŋ.gwan.ʌp̚.so]
새로 칠해도,25,[sɛ.ɾo.tʃʰil.hɛ.to],[sɛ.ɾo.tʃʰil.hɛ.do]
머리 위로 손 올려,25,[mʌ.ɾi.wi.ɾo.son.ol.ɾjʌ],[mʌ.ɾi.wi.ɾo.son.ol.ɾjʌ]
차에서 떨어져,25,[tʃʰa.e.sʌ.t͈ʌl.ʌ.tʃjʌ],[tʃʰa.e.sʌ.t͈ʌl.ʌ.dʒjʌ]
깨어 있었어,25,[k͈ɛ.ʌ.it̚.ʌt̚.ʌ],[k͈ɛ.ʌ.it̚.ʌt̚.ʌ]
속눈썹과 무심함까지도,25,[sok̚.nun.s͈ʌp̚.kwa.mu.sim.ham.k͈a.tʃi.to],[sok̚.nun.s͈ʌp̚.kwa.mu.sim.ham.k͈a.dʒi.do]
이만 돌아가,25,[i.man.tol.a.ka],[i.man.dol.a.ga]
저들이 당신을,25,[tʃʌ.tɯl.i.taŋ.sin.ɯl],[dʒʌ.dɯl.i.daŋ.sin.ɯl]
것 같네요 그리고,25,[kʌt̚.kat̚.ne.jo.kɯ.ɾi.ko],[gʌt̚.gat̚.ne.jo.gɯ.ɾi.go]
안 됐다면,25,[an.twɛt̚.ta.mjʌn],[an.dwɛt̚.ta.mjʌn]
You were willing once,25,,
분석 중이에요,25,[pun.sʌk̚.tʃuŋ.i.e.jo],[bun.sʌk̚.dʒuŋ.i.e.jo]
집에서 나와서,25,[tʃip̚.e.sʌ.na.wa.sʌ],[dʒip̚.e.sʌ.na.wa.sʌ]
것 같네요 무슨,25,[kʌt̚.kat̚.ne.jo.mu.sɯn],[gʌt̚.gat̚.ne.jo.mu.sɯn]
그래서 그녀의,25,[kɯ.ɾɛ.sʌ.kɯ.njʌ.ɯi],[gɯ.ɾɛ.sʌ.gɯ.njʌ.ɯi]
난 걱정하지,25,[naŋ.kʌk̚.tʃʌŋ.ha.tʃi],[nan.gʌk̚.tʃʌŋ.ha.dʒi]
사람들을 계속,25,[sa.ɾan.tɯl.ɯl.kje.sok̚],[sa.ɾan.tɯl.ɯl.gje.sok̚]
너 아니야,25,[nʌ.a.ni.ja],[nʌ.a.ni.ja]
있는데 사실,25,[it̚.nɯn.te.sa.sil],[it̚.nɯn.te.sa.sil]
거란 걸 알아,25,[kʌ.ɾaŋ.kʌl.al.a],[gʌ.ɾan.gʌl.al.a]
say no,25,,
어떻게 버티고,25,[ʌ.t͈ʌt̚.ke.pʌ.tʰi.ko],[ʌ.t͈ʌt̚.ke.bʌ.tʰi.go]
난 류트,25,[nal.lju.tʰɯ],[nal.lju.tʰɯ]
상자 속에,25,[saŋ.tʃa.sok̚.e],[saŋ.dʒa.sok̚.e]
말 할 자격,25,[mal.hal.tʃa.kjʌk̚],[mal.hal.dʒa.gjʌk̚]
적이 없대요,25,[tʃʌk̚.i.ʌp̚.tɛ.jo],[dʒʌk̚.i.ʌp̚.tɛ.jo]
생각은 꿈도,25,[sɛŋ.kak̚.ɯŋ.k͈un.to],[sɛŋ.gak̚.ɯŋ.k͈un.to]
긴 시간 동안,25,[kin.si.kan.toŋ.an],[gin.si.gan.doŋ.an]
표정을 하고,25,[pʰjo.tʃʌŋ.ɯl.ha.ko],[pʰjo.dʒʌŋ.ɯl.ha.go]
심장이 터질,25,[sin.tʃaŋ.i.tʰʌ.tʃil],[sin.tʃaŋ.i.tʰʌ.dʒil]
그들은 잘,25,[kɯ.tɯl.ɯn.tʃal],[gɯ.dɯl.ɯn.dʒal]
괜찮아요 아뇨,25,[kwɛn.tʃʰan.a.jo.a.njo],[gwɛn.tʃʰan.a.jo.a.njo]
말이야 아무것도,25,[mal.i.ja.a.mu.kʌt̚.to],[mal.i.ja.a.mu.gʌt̚.to]
변호사 자격,25,[pjʌn.ho.sa.tʃa.kjʌk̚],[bjʌn.ho.sa.dʒa.gjʌk̚]
해 완전히,25,[hɛ.wan.tʃʌn.hi],[hɛ.wan.tʃʌn.hi]
다할 수,25,[ta.hal.su],[da.hal.su]
생각이야 하지만,25,[sɛŋ.kak̚.i.ja.ha.tʃi.man],[sɛŋ.gak̚.i.ja.ha.dʒi.man]
도움이 필요했어,25,[to.um.i.pʰil.jo.hɛt̚.ʌ],[do.um.i.pʰil.jo.hɛt̚.ʌ]
와 보렴,25,[wa.po.ɾjʌm],[wa.bo.ɾjʌm]
나올 테니까,25,[na.ol.tʰe.ni.k͈a],[na.ol.tʰe.ni.k͈a]
그때는 정말,25,[kɯ.t͈ɛ.nɯn.tʃʌŋ.mal],[gɯ.t͈ɛ.nɯn.dʒʌŋ.mal]
긴 이야기,25,[kin.i.ja.ki],[gin.i.ja.gi]
뭣 하러,25,[mwʌt̚.ha.ɾʌ],[mwʌt̚.ha.ɾʌ]
죽일 건가,25,[tʃuk̚.il.kʌŋ.ka],[dʒuk̚.il.gʌŋ.ka]
절 도와줄,25,[tʃʌl.to.wa.tʃul],[dʒʌl.do.wa.dʒul]
간단하지 않다,25,[kan.tan.ha.tʃi.an.ta],[gan.tan.ha.dʒi.an.ta]
yeah yeah,25,,
있다 아니면,25,[it̚.ta.a.ni.mjʌn],[it̚.ta.a.ni.mjʌn]
대 줘,25,[tɛ.tʃwʌ],[dɛ.dʒwʌ]
공연 끝나고,25,[koŋ.jʌŋ.k͈ɯt̚.na.ko],[goŋ.jʌŋ.k͈ɯt̚.na.go]
다시 살아난,25,[ta.si.sal.a.nan],[da.si.sal.a.nan]
있다 잘,25,[it̚.ta.tʃal],[it̚.ta.dʒal]
사람들이 당신의,25,[sa.ɾan.tɯl.i.taŋ.sin.ɯi],[sa.ɾan.tɯl.i.daŋ.sin.ɯi]
터널을 통해,25,[tʰʌ.nʌl.ɯl.tʰoŋ.hɛ],[tʰʌ.nʌl.ɯl.tʰoŋ.hɛ]
If you want to,25,,
갖고 계시죠,25,[kat̚.ko.kje.si.tʃjo],[gat̚.ko.gje.si.dʒjo]
제 형,25,[tʃe.hjʌŋ],[dʒe.hjʌŋ]
마신 거예요,25,[ma.siŋ.kʌ.je.jo],[ma.sin.gʌ.je.jo]
하지만 돈을,25,[ha.tʃi.man.ton.ɯl],[ha.dʒi.man.don.ɯl]
그것을 말할,25,[kɯ.kʌt̚.ɯl.mal.hal],[gɯ.gʌt̚.ɯl.mal.hal]
그 밤,25,[kɯ.pam],[gɯ.bam]
세부 정보,25,[se.pu.tʃʌm.po],[se.bu.dʒʌŋ.bo]
제가 뭔가를,25,[tʃe.ka.mwʌŋ.ka.ɾɯl],[dʒe.ga.mwʌŋ.ka.ɾɯl]
거기 있죠,25,[kʌ.ki.it̚.tʃjo],[gʌ.gi.it̚.tʃjo]
집에 살면서,25,[tʃip̚.e.sal.mjʌn.sʌ],[dʒip̚.e.sal.mjʌn.sʌ]
미국 만세,25,[mi.kuk̚.man.se],[mi.guk̚.man.se]
생각했어요 제가,25,[sɛŋ.kak̚.hɛt̚.ʌ.jo.tʃe.ka],[sɛŋ.gak̚.hɛt̚.ʌ.jo.dʒe.ga]
힘들 것 같습니다,25,[hin.tɯl.kʌt̚.kat̚.sɯp̚.ni.ta],[hin.tɯl.gʌt̚.gat̚.sɯp̚.ni.da]
내 뇌는,25,[nɛ.nwe.nɯn],[nɛ.nwe.nɯn]
거예요 아침에,25,[kʌ.je.jo.a.tʃʰim.e],[gʌ.je.jo.a.tʃʰim.e]
있잖아 그러니,25,[it̚.tʃan.a.kɯ.ɾʌ.ni],[it̚.tʃan.a.gɯ.ɾʌ.ni]
아무 잘못 없어,25,[a.mu.tʃal.mot̚.ʌp̚.ʌ],[a.mu.dʒal.mot̚.ʌp̚.ʌ]
사람들이 있고,25,[sa.ɾan.tɯl.i.it̚.ko],[sa.ɾan.tɯl.i.it̚.ko]
같이 가지 않을래,25,[kat̚.i.ka.tʃi.an.ɯl.ɾɛ],[gat̚.i.ga.dʒi.an.ɯl.ɾɛ]
총을 쏜다,25,[tʃʰoŋ.ɯl.s͈on.ta],[tʃʰoŋ.ɯl.s͈on.ta]
정보를 전부,25,[tʃʌm.po.ɾɯl.tʃʌm.pu],[dʒʌŋ.bo.ɾɯl.dʒʌm.pu]
만나 보죠,25,[man.na.po.tʃjo],[man.na.bo.dʒjo]
감사합니다 별말씀을요,25,[kam.sa.hap̚.ni.ta.pjʌl.mal.s͈ɯm.ɯl.jo],[gam.sa.hap̚.ni.da.bjʌl.mal.s͈ɯm.ɯl.jo]
그가 뭘 하고,25,[kɯ.ka.mwʌl.ha.ko],[gɯ.ga.mwʌl.ha.go]
줄 게 있어서,25,[tʃul.ke.it̚.ʌ.sʌ],[dʒul.ge.it̚.ʌ.sʌ]
안 오니,25,[an.o.ni],[an.o.ni]
완전히 똑같은,25,[wan.tʃʌn.hi.t͈ok̚.kat̚.ɯn],[wan.tʃʌn.hi.t͈ok̚.kat̚.ɯn]
널 버리지,25,[nʌl.pʌ.ɾi.tʃi],[nʌl.bʌ.ɾi.dʒi]
방에서 뭐,25,[paŋ.e.sʌ.mwʌ],[baŋ.e.sʌ.mwʌ]
앞으로도 잘,25,[ap̚.ɯ.ɾo.to.tʃal],[ap̚.ɯ.ɾo.do.dʒal]
난 아니오,25,[nan.a.ni.o],[nan.a.ni.o]
속하지 않은,25,[sok̚.ha.tʃi.an.ɯn],[sok̚.ha.dʒi.an.ɯn]
이게 한,25,[i.ke.han],[i.ge.han]
거란 말야,25,[kʌ.ɾan.mal.ja],[gʌ.ɾan.mal.ja]
안 기다려도,25,[aŋ.ki.ta.ɾjʌ.to],[an.gi.da.ɾjʌ.do]
카메라 셔터음이 연신,25,[kʰa.me.ɾa.sjʌ.tʰʌ.ɯm.i.jʌn.sin],[kʰa.me.ɾa.sjʌ.tʰʌ.ɯm.i.jʌn.sin]
내가 하는 건,25,[nɛ.ka.ha.nɯŋ.kʌn],[nɛ.ga.ha.nɯn.gʌn]
널 싫어하는,25,[nʌl.sil.ʌ.ha.nɯn],[nʌl.sil.ʌ.ha.nɯn]
많이 놀랐지,25,[man.i.nol.ɾat̚.tʃi],[man.i.nol.ɾat̚.tʃi]
줘서 참,25,[tʃwʌ.sʌ.tʃʰam],[dʒwʌ.sʌ.tʃʰam]
관계 없어,25,[kwaŋ.kje.ʌp̚.ʌ],[gwaŋ.kje.ʌp̚.ʌ]
알아서 하니까,25,[al.a.sʌ.ha.ni.k͈a],[al.a.sʌ.ha.ni.k͈a]
뭔지 아냐,25,[mwʌn.tʃi.a.nja],[mwʌn.tʃi.a.nja]
사람으로 보여,25,[sa.ɾam.ɯ.ɾo.po.jʌ],[sa.ɾam.ɯ.ɾo.bo.jʌ]
있잖아 다,25,[it̚.tʃan.a.ta],[it̚.tʃan.a.da]
해명할 기회를,25,[hɛ.mjʌŋ.hal.ki.hwe.ɾɯl],[hɛ.mjʌŋ.hal.gi.hwe.ɾɯl]
서류는 다,25,[sʌ.ɾju.nɯn.ta],[sʌ.ɾju.nɯn.da]
아픈 것 같아,25,[a.pʰɯŋ.kʌt̚.kat̚.a],[a.pʰɯn.gʌt̚.gat̚.a]
침대 아래,25,[tʃʰin.tɛ.a.ɾɛ],[tʃʰin.tɛ.a.ɾɛ]
더 힘들어져,25,[tʌ.hin.tɯl.ʌ.tʃjʌ],[dʌ.hin.tɯl.ʌ.dʒjʌ]
사람은 나예요,25,[sa.ɾam.ɯn.na.je.jo],[sa.ɾam.ɯn.na.je.jo]
더 힘들지,25,[tʌ.hin.tɯl.tʃi],[dʌ.hin.tɯl.tʃi]
몰라 엄마,25,[mol.ɾa.ʌm.ma],[mol.ɾa.ʌm.ma]
가자 좋은,25,[ka.tʃa.tʃot̚.ɯn],[ga.dʒa.dʒot̚.ɯn]
나중에 한,25,[na.tʃuŋ.e.han],[na.dʒuŋ.e.han]
일찍 와,25,[il.tʃ͈ik̚.wa],[il.tʃ͈ik̚.wa]
않았을 거라고,25,[an.at̚.ɯl.kʌ.ɾa.ko],[an.at̚.ɯl.gʌ.ɾa.go]
네 싸움은,25,[ne.s͈a.um.ɯn],[ne.s͈a.um.ɯn]
꼭 그렇지는 않아,25,[k͈ok̚.kɯ.ɾʌt̚.tʃi.nɯn.an.a],[k͈ok̚.gɯ.ɾʌt̚.tʃi.nɯn.an.a]
뭔 뜻이야,25,[mwʌn.t͈ɯt̚.i.ja],[mwʌn.t͈ɯt̚.i.ja]
있도록 도와줘,25,[it̚.to.ɾok̚.to.wa.tʃwʌ],[it̚.to.ɾok̚.do.wa.dʒwʌ]
몇 살 때,25,[mjʌt̚.sal.t͈ɛ],[mjʌt̚.sal.t͈ɛ]
마음에 들고,25,[ma.ɯm.e.tɯl.ko],[ma.ɯm.e.dɯl.ko]
한 번도 날,25,[ham.pʌn.to.nal],[han.bʌn.to.nal]
봐서 정말,25,[pwa.sʌ.tʃʌŋ.mal],[bwa.sʌ.dʒʌŋ.mal]
선생님 덕분에,25,[sʌn.sɛŋ.nin.tʌk̚.pun.e],[sʌn.sɛŋ.nim.dʌk̚.pun.e]
공연할 수,25,[koŋ.jʌn.hal.su],[goŋ.jʌn.hal.su]
어서 데리고,25,[ʌ.sʌ.te.ɾi.ko],[ʌ.sʌ.de.ɾi.go]
쓴 것처럼,25,[s͈ɯŋ.kʌt̚.tʃʰʌ.ɾʌm],[s͈ɯn.gʌt̚.tʃʰʌ.ɾʌm]
없다 그녀는,25,[ʌp̚.ta.kɯ.njʌ.nɯn],[ʌp̚.ta.gɯ.njʌ.nɯn]
하고 있어 네,25,[ha.ko.it̚.ʌ.ne],[ha.go.it̚.ʌ.ne]
같아요 그렇죠,25,[kat̚.a.jo.kɯ.ɾʌt̚.tʃjo],[gat̚.a.jo.gɯ.ɾʌt̚.tʃjo]
도 부장의,25,[to.pu.tʃaŋ.ɯi],[do.bu.dʒaŋ.ɯi]
너 하나뿐이야,25,[nʌ.ha.na.p͈un.i.ja],[nʌ.ha.na.p͈un.i.ja]
한 번도 이런,25,[ham.pʌn.to.i.ɾʌn],[han.bʌn.to.i.ɾʌn]
짐 싸는 거,25,[tʃim.s͈a.nɯŋ.kʌ],[dʒim.s͈a.nɯn.gʌ]
그러실 줄,25,[kɯ.ɾʌ.sil.tʃul],[gɯ.ɾʌ.sil.dʒul]
네가 말한 대로,25,[ne.ka.mal.han.tɛ.ɾo],[ne.ga.mal.han.dɛ.ɾo]
선택권이 없었어,25,[sʌn.tʰɛk̚.kwʌn.i.ʌp̚.ʌt̚.ʌ],[sʌn.tʰɛk̚.kwʌn.i.ʌp̚.ʌt̚.ʌ]
먹을 만한,25,[mʌk̚.ɯl.man.han],[mʌk̚.ɯl.man.han]
선택을 했어요,25,[sʌn.tʰɛk̚.ɯl.hɛt̚.ʌ.jo],[sʌn.tʰɛk̚.ɯl.hɛt̚.ʌ.jo]
선택이 아니야,25,[sʌn.tʰɛk̚.i.a.ni.ja],[sʌn.tʰɛk̚.i.a.ni.ja]
너 자신에,25,[nʌ.tʃa.sin.e],[nʌ.dʒa.sin.e]
일곱 번,25,[il.kop̚.pʌn],[il.kop̚.bʌn]
사람은 있어,25,[sa.ɾam.ɯn.it̚.ʌ],[sa.ɾam.ɯn.it̚.ʌ]
그게 다입니까,25,[kɯ.ke.ta.ip̚.ni.k͈a],[gɯ.ge.da.ip̚.ni.k͈a]
그러든지 말든지,25,[kɯ.ɾʌ.tɯn.tʃi.mal.tɯn.tʃi],[gɯ.ɾʌ.dɯn.tʃi.mal.tɯn.tʃi]
것 같군 이,25,[kʌt̚.kat̚.kun.i],[gʌt̚.gat̚.kun.i]
죽지 않을거야,25,[tʃuk̚.tʃi.an.ɯl.kʌ.ja],[dʒuk̚.tʃi.an.ɯl.kʌ.ja]
설득할 수 있는,25,[sʌl.tɯk̚.hal.su.it̚.nɯn],[sʌl.tɯk̚.hal.su.it̚.nɯn]
손님 왔어요,25,[son.nim.wat̚.ʌ.jo],[son.nim.wat̚.ʌ.jo]
이겨내야 해,25,[i.kjʌ.nɛ.ja.hɛ],[i.gjʌ.nɛ.ja.hɛ]
좀 기다려야,25,[tʃom.ki.ta.ɾjʌ.ja],[dʒom.gi.da.ɾjʌ.ja]
죽지는 않을,25,[tʃuk̚.tʃi.nɯn.an.ɯl],[dʒuk̚.tʃi.nɯn.an.ɯl]
언젠가 반드시,25,[ʌn.tʃeŋ.ka.pan.tɯ.si],[ʌn.tʃeŋ.ka.ban.tɯ.si]
봐요 그런데,25,[pwa.jo.kɯ.ɾʌn.te],[bwa.jo.gɯ.ɾʌn.te]
음모를 꾸민,25,[ɯm.mo.ɾɯl.k͈u.min],[ɯm.mo.ɾɯl.k͈u.min]
쓴 지,25,[s͈ɯn.tʃi],[s͈ɯn.dʒi]
구할 수 있는지,25,[ku.hal.su.it̚.nɯn.tʃi],[gu.hal.su.it̚.nɯn.tʃi]
섬사람 나는야 섬사람,25,[sʌm.sa.ɾam.na.nɯn.ja.sʌm.sa.ɾam],[sʌm.sa.ɾam.na.nɯn.ja.sʌm.sa.ɾam]
후회하지 않으실,25,[hu.hwe.ha.tʃi.an.ɯ.sil],[hu.hwe.ha.dʒi.an.ɯ.sil]
오는 소리,25,[o.nɯn.so.ɾi],[o.nɯn.so.ɾi]
너가 어떻게,25,[nʌ.ka.ʌ.t͈ʌt̚.ke],[nʌ.ga.ʌ.t͈ʌt̚.ke]
네 결혼식,25,[ne.kjʌl.hon.sik̚],[ne.gjʌl.hon.sik̚]
다신 전화하지,25,[ta.sin.tʃʌn.hwa.ha.tʃi],[da.sin.dʒʌn.hwa.ha.dʒi]
보낸 건데,25,[po.nɛŋ.kʌn.te],[bo.nɛn.gʌn.te]
그녀가 죽기,25,[kɯ.njʌ.ka.tʃuk̚.ki],[gɯ.njʌ.ga.dʒuk̚.ki]
있는 방법은 없어,25,[it̚.nɯm.pam.pʌp̚.ɯn.ʌp̚.ʌ],[it̚.nɯn.baŋ.bʌp̚.ɯn.ʌp̚.ʌ]
사람을 모두,25,[sa.ɾam.ɯl.mo.tu],[sa.ɾam.ɯl.mo.du]
않을 건가요,25,[an.ɯl.kʌŋ.ka.jo],[an.ɯl.gʌŋ.ka.jo]
골치 아플,25,[kol.tʃʰi.a.pʰɯl],[gol.tʃʰi.a.pʰɯl]
세 명 다,25,[se.mjʌŋ.ta],[se.mjʌŋ.da]
언니 집에,25,[ʌn.ni.tʃip̚.e],[ʌn.ni.dʒip̚.e]
그 시절을,25,[kɯ.si.tʃʌl.ɯl],[gɯ.si.dʒʌl.ɯl]
바꾸고 싶으면,25,[pa.k͈u.ko.sip̚.ɯ.mjʌn],[ba.k͈u.go.sip̚.ɯ.mjʌn]
별일 없었지,25,[pjʌl.il.ʌp̚.ʌt̚.tʃi],[bjʌl.il.ʌp̚.ʌt̚.tʃi]
없어 이번,25,[ʌp̚.ʌ.i.pʌn],[ʌp̚.ʌ.i.bʌn]
네 당장,25,[ne.taŋ.tʃaŋ],[ne.daŋ.dʒaŋ]
네 덕분이지,25,[ne.tʌk̚.pun.i.tʃi],[ne.dʌk̚.pun.i.dʒi]
버려야지 끝까지 좋아할,25,[pʌ.ɾjʌ.ja.tʃi.k͈ɯt̚.k͈a.tʃi.tʃot̚.a.hal],[bʌ.ɾjʌ.ja.dʒi.k͈ɯt̚.k͈a.dʒi.dʒot̚.a.hal]
겁니다 시간이,25,[kʌp̚.ni.ta.si.kan.i],[gʌp̚.ni.da.si.gan.i]
한 사람이에요,25,[han.sa.ɾam.i.e.jo],[han.sa.ɾam.i.e.jo]
그의 변호사가,25,[kɯ.ɯi.pjʌn.ho.sa.ka],[gɯ.ɯi.bjʌn.ho.sa.ga]
사람을 죽여야,25,[sa.ɾam.ɯl.tʃuk̚.jʌ.ja],[sa.ɾam.ɯl.dʒuk̚.jʌ.ja]
몰랐어 왜,25,[mol.ɾat̚.ʌ.wɛ],[mol.ɾat̚.ʌ.wɛ]
맞다 너는,25,[mat̚.ta.nʌ.nɯn],[mat̚.ta.nʌ.nɯn]
난 이해할,25,[nan.i.hɛ.hal],[nan.i.hɛ.hal]
없잖아요 내,25,[ʌp̚.tʃan.a.jo.nɛ],[ʌp̚.tʃan.a.jo.nɛ]
어디 있는지 아무도,25,[ʌ.ti.it̚.nɯn.tʃi.a.mu.to],[ʌ.di.it̚.nɯn.tʃi.a.mu.do]
Round up,25,,
없어 정말이야,25,[ʌp̚.ʌ.tʃʌŋ.mal.i.ja],[ʌp̚.ʌ.dʒʌŋ.mal.i.ja]
테니까 당신이,25,[tʰe.ni.k͈a.taŋ.sin.i],[tʰe.ni.k͈a.daŋ.sin.i]
일하러 안,25,[il.ha.ɾʌ.an],[il.ha.ɾʌ.an]
닥쳐 이,25,[tak̚.tʃʰjʌ.i],[dak̚.tʃʰjʌ.i]
와서 나를,25,[wa.sʌ.na.ɾɯl],[wa.sʌ.na.ɾɯl]
Round up the,25,,
다 죽이는,25,[ta.tʃuk̚.i.nɯn],[da.dʒuk̚.i.nɯn]
말한 것 같은데,25,[mal.haŋ.kʌt̚.kat̚.ɯn.te],[mal.han.gʌt̚.gat̚.ɯn.te]
사람들을 도우려고,25,[sa.ɾan.tɯl.ɯl.to.u.ɾjʌ.ko],[sa.ɾan.tɯl.ɯl.do.u.ɾjʌ.go]
이 거래가,25,[i.kʌ.ɾɛ.ka],[i.gʌ.ɾɛ.ga]
하나 더 주세요,25,[ha.na.tʌ.tʃu.se.jo],[ha.na.dʌ.dʒu.se.jo]
세상이 끝나는,25,[se.saŋ.i.k͈ɯt̚.na.nɯn],[se.saŋ.i.k͈ɯt̚.na.nɯn]
무슨 소리를 하는거야,25,[mu.sɯn.so.ɾi.ɾɯl.ha.nɯŋ.kʌ.ja],[mu.sɯn.so.ɾi.ɾɯl.ha.nɯŋ.kʌ.ja]
Round up the friends,25,,
있어 언젠가,25,[it̚.ʌ.ʌn.tʃeŋ.ka],[it̚.ʌ.ʌn.tʃeŋ.ka]
년으로 거슬러,25,[njʌn.ɯ.ɾo.kʌ.sɯl.ɾʌ],[njʌn.ɯ.ɾo.gʌ.sɯl.ɾʌ]
역리의 길을 가지 말고,25,[jʌk̚.ɾi.ɯi.kil.ɯl.ka.tʃi.mal.ko],[jʌk̚.ɾi.ɯi.gil.ɯl.ga.dʒi.mal.ko]
나 죽은,25,[na.tʃuk̚.ɯn],[na.dʒuk̚.ɯn]
한 어린,25,[han.ʌ.ɾin],[han.ʌ.ɾin]
세피르 카드의,25,[se.pʰi.ɾɯ.kʰa.tɯ.ɯi],[se.pʰi.ɾɯ.kʰa.dɯ.ɯi]
너는 누구냐,25,[nʌ.nɯn.nu.ku.nja],[nʌ.nɯn.nu.gu.nja]
켈리 앤,25,[kʰel.ɾi.ɛn],[kʰel.ɾi.ɛn]
것이다 이게,25,[kʌt̚.i.ta.i.ke],[gʌt̚.i.da.i.ge]
섹스하는 게,25,[sek̚.sɯ.ha.nɯŋ.ke],[sek̚.sɯ.ha.nɯn.ge]
정말 모르겠네요,25,[tʃʌŋ.mal.mo.ɾɯ.ket̚.ne.jo],[dʒʌŋ.mal.mo.ɾɯ.get̚.ne.jo]
짓을 왜 해,25,[tʃit̚.ɯl.wɛ.hɛ],[dʒit̚.ɯl.wɛ.hɛ]
문을 닫으면,25,[mun.ɯl.tat̚.ɯ.mjʌn],[mun.ɯl.dat̚.ɯ.mjʌn]
위에 나는,25,[wi.e.na.nɯn],[wi.e.na.nɯn]
만나도 돼,25,[man.na.to.twɛ],[man.na.do.dwɛ]
총알 두,25,[tʃʰoŋ.al.tu],[tʃʰoŋ.al.du]
준 선물이야,25,[tʃun.sʌn.mul.i.ja],[dʒun.sʌn.mul.i.ja]
사람이 네가,25,[sa.ɾam.i.ne.ka],[sa.ɾam.i.ne.ga]
네 심장이,25,[ne.sin.tʃaŋ.i],[ne.sin.tʃaŋ.i]
그대와 함께,25,[kɯ.tɛ.wa.ham.k͈e],[gɯ.dɛ.wa.ham.k͈e]
누군지 내가,25,[nu.kun.tʃi.nɛ.ka],[nu.gun.tʃi.nɛ.ga]
안 남았죠,25,[an.nam.at̚.tʃjo],[an.nam.at̚.tʃjo]
찾아오지 마,25,[tʃʰat̚.a.o.tʃi.ma],[tʃʰat̚.a.o.dʒi.ma]
길 건너편에서,25,[kil.kʌn.nʌ.pʰjʌn.e.sʌ],[gil.gʌn.nʌ.pʰjʌn.e.sʌ]
빨리 움직이는,25,[p͈al.ɾi.un.tʃik̚.i.nɯn],[p͈al.ɾi.un.tʃik̚.i.nɯn]
소리가 울린다,25,[so.ɾi.ka.ul.ɾin.ta],[so.ɾi.ga.ul.ɾin.ta]
누구 좋으라고,25,[nu.ku.tʃot̚.ɯ.ɾa.ko],[nu.gu.dʒot̚.ɯ.ɾa.go]
함께 지내고,25,[ham.k͈e.tʃi.nɛ.ko],[ham.k͈e.dʒi.nɛ.go]
광고를 보고,25,[kwaŋ.ko.ɾɯl.po.ko],[gwaŋ.go.ɾɯl.bo.go]
오빠가 널,25,[o.p͈a.ka.nʌl],[o.p͈a.ga.nʌl]
일해야 한다,25,[il.hɛ.ja.han.ta],[il.hɛ.ja.han.ta]
하는 건지 잘,25,[ha.nɯŋ.kʌn.tʃi.tʃal],[ha.nɯn.gʌn.tʃi.dʒal]
이젠 없어,25,[i.tʃen.ʌp̚.ʌ],[i.dʒen.ʌp̚.ʌ]
사람이 말을,25,[sa.ɾam.i.mal.ɯl],[sa.ɾam.i.mal.ɯl]
나도 완전,25,[na.to.wan.tʃʌn],[na.do.wan.tʃʌn]
소셜 미디어에,25,[so.sjʌl.mi.ti.ʌ.e],[so.sjʌl.mi.di.ʌ.e]
이젠 어쩔 수,25,[i.tʃen.ʌ.tʃ͈ʌl.su],[i.dʒen.ʌ.tʃ͈ʌl.su]
속이 안 좋아요,25,[sok̚.i.an.tʃot̚.a.jo],[sok̚.i.an.dʒot̚.a.jo]
어디로 갔는지 알아,25,[ʌ.ti.ɾo.kat̚.nɯn.tʃi.al.a],[ʌ.di.ɾo.gat̚.nɯn.tʃi.al.a]
그걸 아주,25,[kɯ.kʌl.a.tʃu],[gɯ.gʌl.a.dʒu]
너는 이걸,25,[nʌ.nɯn.i.kʌl],[nʌ.nɯn.i.gʌl]
만나러 올,25,[man.na.ɾʌ.ol],[man.na.ɾʌ.ol]
읽고 싶어,25,[ik̚.ko.sip̚.ʌ],[ik̚.ko.sip̚.ʌ]
네 이것,25,[ne.i.kʌt̚],[ne.i.gʌt̚]
정보를 제공하는,25,[tʃʌm.po.ɾɯl.tʃe.koŋ.ha.nɯn],[dʒʌŋ.bo.ɾɯl.dʒe.goŋ.ha.nɯn]
그러지 마 난,25,[kɯ.ɾʌ.tʃi.ma.nan],[gɯ.ɾʌ.dʒi.ma.nan]
a little more,25,,
추수감사절 잘,25,[tʃʰu.su.kam.sa.tʃʌl.tʃal],[tʃʰu.su.gam.sa.dʒʌl.dʒal]
내린 게,25,[nɛ.ɾiŋ.ke],[nɛ.ɾin.ge]
몇 신지,25,[mjʌt̚.sin.tʃi],[mjʌt̚.sin.tʃi]
S 부서,25,[pu.sʌ],[bu.sʌ]
남자를 어떻게,25,[nan.tʃa.ɾɯl.ʌ.t͈ʌt̚.ke],[nan.tʃa.ɾɯl.ʌ.t͈ʌt̚.ke]
준비 끝났어요,25,[tʃum.pi.k͈ɯt̚.nat̚.ʌ.jo],[dʒum.pi.k͈ɯt̚.nat̚.ʌ.jo]
공영 주택,25,[koŋ.jʌŋ.tʃu.tʰɛk̚],[goŋ.jʌŋ.dʒu.tʰɛk̚]
그동안 한,25,[kɯ.toŋ.an.han],[gɯ.doŋ.an.han]
사람이 아무도 없어요,25,[sa.ɾam.i.a.mu.to.ʌp̚.ʌ.jo],[sa.ɾam.i.a.mu.do.ʌp̚.ʌ.jo]
좀 끊어,25,[tʃom.k͈ɯn.ʌ],[dʒom.k͈ɯn.ʌ]
했죠 한,25,[hɛt̚.tʃjo.han],[hɛt̚.tʃjo.han]
더러운 돈을,25,[tʌ.ɾʌ.un.ton.ɯl],[dʌ.ɾʌ.un.don.ɯl]
사람이 없네,25,[sa.ɾam.i.ʌp̚.ne],[sa.ɾam.i.ʌp̚.ne]
빨리 자,25,[p͈al.ɾi.tʃa],[p͈al.ɾi.dʒa]
죽겠어 모두가 알아 날,25,[tʃuk̚.ket̚.ʌ.mo.tu.ka.al.a.nal],[dʒuk̚.ket̚.ʌ.mo.du.ga.al.a.nal]
뭔지 보여줘,25,[mwʌn.tʃi.po.jʌ.tʃwʌ],[mwʌn.tʃi.bo.jʌ.dʒwʌ]
자넨 어때,25,[tʃa.nen.ʌ.t͈ɛ],[dʒa.nen.ʌ.t͈ɛ]
어떻게 보십니까,25,[ʌ.t͈ʌt̚.ke.po.sip̚.ni.k͈a],[ʌ.t͈ʌt̚.ke.bo.sip̚.ni.k͈a]
그 음악,25,[kɯ.ɯm.ak̚],[gɯ.ɯm.ak̚]
잘 따라,25,[tʃal.t͈a.ɾa],[dʒal.t͈a.ɾa]
잠시만 기다려봐,25,[tʃam.si.maŋ.ki.ta.ɾjʌ.pwa],[dʒam.si.man.gi.da.ɾjʌ.bwa]
읽어본 적,25,[ik̚.ʌ.pon.tʃʌk̚],[ik̚.ʌ.bon.dʒʌk̚]
국내 최고의,25,[kuk̚.nɛ.tʃʰwe.ko.ɯi],[guk̚.nɛ.tʃʰwe.go.ɯi]
그 이론을,25,[kɯ.i.ɾon.ɯl],[gɯ.i.ɾon.ɯl]
사람이 와서,25,[sa.ɾam.i.wa.sʌ],[sa.ɾam.i.wa.sʌ]
난 마음이,25,[nan.ma.ɯm.i],[nan.ma.ɯm.i]
싶다 이,25,[sip̚.ta.i],[sip̚.ta.i]
너도 같이 가자,25,[nʌ.to.kat̚.i.ka.tʃa],[nʌ.do.gat̚.i.ga.dʒa]
요즘 아주,25,[jo.tʃɯm.a.tʃu],[jo.dʒɯm.a.dʒu]
있는 사람들한테,25,[it̚.nɯn.sa.ɾan.tɯl.han.tʰe],[it̚.nɯn.sa.ɾan.tɯl.han.tʰe]
말고 나를,25,[mal.ko.na.ɾɯl],[mal.ko.na.ɾɯl]
내가 약,25,[nɛ.ka.jak̚],[nɛ.ga.jak̚]
일들 중,25,[il.tɯl.tʃuŋ],[il.tɯl.dʒuŋ]
거라 생각했다,25,[kʌ.ɾa.sɛŋ.kak̚.hɛt̚.ta],[gʌ.ɾa.sɛŋ.gak̚.hɛt̚.ta]
마음을 어떻게,25,[ma.ɯm.ɯl.ʌ.t͈ʌt̚.ke],[ma.ɯm.ɯl.ʌ.t͈ʌt̚.ke]
너도 그래야 해,25,[nʌ.to.kɯ.ɾɛ.ja.hɛ],[nʌ.do.gɯ.ɾɛ.ja.hɛ]
뒤에 있었어,25,[twi.e.it̚.ʌt̚.ʌ],[dwi.e.it̚.ʌt̚.ʌ]
마음을 여는,25,[ma.ɯm.ɯl.jʌ.nɯn],[ma.ɯm.ɯl.jʌ.nɯn]
출근하기 전에,25,[tʃʰul.kɯn.ha.ki.tʃʌn.e],[tʃʰul.kɯn.ha.gi.dʒʌn.e]
같이 일했어,25,[kat̚.i.il.hɛt̚.ʌ],[gat̚.i.il.hɛt̚.ʌ]
내가 잘 알아요,25,[nɛ.ka.tʃal.al.a.jo],[nɛ.ga.dʒal.al.a.jo]
씨 그런,25,[s͈i.kɯ.ɾʌn],[s͈i.gɯ.ɾʌn]
읽을 수 있다,25,[ik̚.ɯl.su.it̚.ta],[ik̚.ɯl.su.it̚.ta]
쓸 방법이,25,[s͈ɯl.pam.pʌp̚.i],[s͈ɯl.baŋ.bʌp̚.i]
괜찮아 모든,25,[kwɛn.tʃʰan.a.mo.tɯn],[gwɛn.tʃʰan.a.mo.dɯn]
사람이 죽었다,25,[sa.ɾam.i.tʃuk̚.ʌt̚.ta],[sa.ɾam.i.dʒuk̚.ʌt̚.ta]
말하러 온,25,[mal.ha.ɾʌ.on],[mal.ha.ɾʌ.on]
그럼 왜 그런,25,[kɯ.ɾʌm.wɛ.kɯ.ɾʌn],[gɯ.ɾʌm.wɛ.gɯ.ɾʌn]
말 들어야,25,[mal.tɯl.ʌ.ja],[mal.dɯl.ʌ.ja]
술이 덜,25,[sul.i.tʌl],[sul.i.dʌl]
명성은 익히,25,[mjʌŋ.sʌŋ.ɯn.ik̚.hi],[mjʌŋ.sʌŋ.ɯn.ik̚.hi]
the only way,25,,
손을 잡을 수,25,[son.ɯl.tʃap̚.ɯl.su],[son.ɯl.dʒap̚.ɯl.su]
술이나 마셔,25,[sul.i.na.ma.sjʌ],[sul.i.na.ma.sjʌ]
짓을 했나요,25,[tʃit̚.ɯl.hɛt̚.na.jo],[dʒit̚.ɯl.hɛt̚.na.jo]
아직 확실하진,25,[a.tʃik̚.hwak̚.sil.ha.tʃin],[a.dʒik̚.hwak̚.sil.ha.dʒin]
않을까 해서요,25,[an.ɯl.k͈a.hɛ.sʌ.jo],[an.ɯl.k͈a.hɛ.sʌ.jo]
솔직히 잘 모르겠어,25,[sol.tʃik̚.hi.tʃal.mo.ɾɯ.ket̚.ʌ],[sol.tʃik̚.hi.dʒal.mo.ɾɯ.get̚.ʌ]
있어요 이리,25,[it̚.ʌ.jo.i.ɾi],[it̚.ʌ.jo.i.ɾi]
거야 난 이제,25,[kʌ.ja.nan.i.tʃe],[gʌ.ja.nan.i.dʒe]
것 에,25,[kʌt̚.e],[gʌt̚.e]
년이 넘는,25,[njʌn.i.nʌm.nɯn],[njʌn.i.nʌm.nɯn]
그렇게 말하더군,25,[kɯ.ɾʌt̚.ke.mal.ha.tʌ.kun],[gɯ.ɾʌt̚.ke.mal.ha.dʌ.gun]
잘 맞나,25,[tʃal.mat̚.na],[dʒal.mat̚.na]
씨 댁에,25,[s͈i.tɛk̚.e],[s͈i.dɛk̚.e]
안 돌아갈 거야,25,[an.tol.a.kal.kʌ.ja],[an.dol.a.gal.gʌ.ja]
위치에 있어,25,[wi.tʃʰi.e.it̚.ʌ],[wi.tʃʰi.e.it̚.ʌ]
씨 더,25,[s͈i.tʌ],[s͈i.dʌ]
걸을 수도,25,[kʌl.ɯl.su.to],[gʌl.ɯl.su.do]
실망하지 마,25,[sil.maŋ.ha.tʃi.ma],[sil.maŋ.ha.dʒi.ma]
하고 있단,25,[ha.ko.it̚.tan],[ha.go.it̚.tan]
너도 알 거야,25,[nʌ.to.al.kʌ.ja],[nʌ.do.al.gʌ.ja]
수 없어 이미,25,[su.ʌp̚.ʌ.i.mi],[su.ʌp̚.ʌ.i.mi]
그레이슨 글로벌,25,[kɯ.ɾe.i.sɯŋ.kɯl.ɾo.pʌl],[gɯ.ɾe.i.sɯn.gɯl.ɾo.bʌl]
내가 아니라 네가,25,[nɛ.ka.a.ni.ɾa.ne.ka],[nɛ.ga.a.ni.ɾa.ne.ga]
이 악물고,25,[i.ak̚.mul.ko],[i.ak̚.mul.ko]
준비가 되어 있었다,25,[tʃum.pi.ka.twe.ʌ.it̚.ʌt̚.ta],[dʒum.pi.ga.dwe.ʌ.it̚.ʌt̚.ta]
상관없어 그,25,[saŋ.kwan.ʌp̚.ʌ.kɯ],[saŋ.gwan.ʌp̚.ʌ.gɯ]
사람이에요 하지만,25,[sa.ɾam.i.e.jo.ha.tʃi.man],[sa.ɾam.i.e.jo.ha.dʒi.man]
수 없었을 겁니다,25,[su.ʌp̚.ʌt̚.ɯl.kʌp̚.ni.ta],[su.ʌp̚.ʌt̚.ɯl.gʌp̚.ni.da]
없다 널,25,[ʌp̚.ta.nʌl],[ʌp̚.ta.nʌl]
당신과 다시,25,[taŋ.siŋ.kwa.ta.si],[daŋ.siŋ.kwa.da.si]
위하여 위하여,25,[wi.ha.jʌ.wi.ha.jʌ],[wi.ha.jʌ.wi.ha.jʌ]
거 말이야 난,25,[kʌ.mal.i.ja.nan],[gʌ.mal.i.ja.nan]
사람인 것 같아,25,[sa.ɾam.iŋ.kʌt̚.kat̚.a],[sa.ɾam.in.gʌt̚.gat̚.a]
있잖아요 이제,25,[it̚.tʃan.a.jo.i.tʃe],[it̚.tʃan.a.jo.i.dʒe]
수 있겠는데요,25,[su.it̚.ket̚.nɯn.te.jo],[su.it̚.ket̚.nɯn.te.jo]
있었다고 생각한다,25,[it̚.ʌt̚.ta.ko.sɛŋ.kak̚.han.ta],[it̚.ʌt̚.ta.go.sɛŋ.gak̚.han.ta]
이 자,25,[i.tʃa],[i.dʒa]
타는 것 같아,25,[tʰa.nɯŋ.kʌt̚.kat̚.a],[tʰa.nɯn.gʌt̚.gat̚.a]
사람인지 잘,25,[sa.ɾam.in.tʃi.tʃal],[sa.ɾam.in.tʃi.dʒal]
모두가 알아 날,25,[mo.tu.ka.al.a.nal],[mo.du.ga.al.a.nal]
내가 마침내,25,[nɛ.ka.ma.tʃʰim.nɛ],[nɛ.ga.ma.tʃʰim.nɛ]
거지 그거,25,[kʌ.tʃi.kɯ.kʌ],[gʌ.dʒi.gɯ.gʌ]
수 있는 상태가,25,[su.it̚.nɯn.saŋ.tʰɛ.ka],[su.it̚.nɯn.saŋ.tʰɛ.ga]
죽을 것입니다,25,[tʃuk̚.ɯl.kʌt̚.ip̚.ni.ta],[dʒuk̚.ɯl.gʌt̚.ip̚.ni.da]
정 안,25,[tʃʌŋ.an],[dʒʌŋ.an]
얻은 거지,25,[ʌt̚.ɯŋ.kʌ.tʃi],[ʌt̚.ɯn.gʌ.dʒi]
건 그쪽,25,[kʌŋ.kɯ.tʃ͈ok̚],[gʌn.gɯ.tʃ͈ok̚]
잃으면 안 돼요,25,[il.ɯ.mjʌn.an.twɛ.jo],[il.ɯ.mjʌn.an.dwɛ.jo]
네가 나에 대해,25,[ne.ka.na.e.tɛ.hɛ],[ne.ga.na.e.dɛ.hɛ]
이 안에선,25,[i.an.e.sʌn],[i.an.e.sʌn]
거야 스티브,25,[kʌ.ja.sɯ.tʰi.pɯ],[gʌ.ja.sɯ.tʰi.bɯ]
있었어 널,25,[it̚.ʌt̚.ʌ.nʌl],[it̚.ʌt̚.ʌ.nʌl]
하지만 모든 게,25,[ha.tʃi.man.mo.tɯŋ.ke],[ha.dʒi.man.mo.dɯn.ge]
돼 물론,25,[twɛ.mul.ɾon],[dwɛ.mul.ɾon]
네가 알던,25,[ne.ka.al.tʌn],[ne.ga.al.tʌn]
만나야 합니다,25,[man.na.ja.hap̚.ni.ta],[man.na.ja.hap̚.ni.da]
이렇게 됐는데,25,[i.ɾʌt̚.ke.twɛt̚.nɯn.te],[i.ɾʌt̚.ke.dwɛt̚.nɯn.te]
없지만 내,25,[ʌp̚.tʃi.man.nɛ],[ʌp̚.tʃi.man.nɛ]
Synced by,25,,
자기 힘을,25,[tʃa.ki.him.ɯl],[dʒa.gi.him.ɯl]
있었어요 그걸,25,[it̚.ʌt̚.ʌ.jo.kɯ.kʌl],[it̚.ʌt̚.ʌ.jo.gɯ.gʌl]
질문 더,25,[tʃil.mun.tʌ],[dʒil.mun.dʌ]
네가 여기 있다는,25,[ne.ka.jʌ.ki.it̚.ta.nɯn],[ne.ga.jʌ.gi.it̚.ta.nɯn]
거야 그러나,25,[kʌ.ja.kɯ.ɾʌ.na],[gʌ.ja.gɯ.ɾʌ.na]
다를 게 없어요,25,[ta.ɾɯl.ke.ʌp̚.ʌ.jo],[da.ɾɯl.ge.ʌp̚.ʌ.jo]
갈게요 아니,25,[kal.ke.jo.a.ni],[gal.ke.jo.a.ni]
만나 보세요,25,[man.na.po.se.jo],[man.na.bo.se.jo]
항상 거기에,25,[haŋ.saŋ.kʌ.ki.e],[haŋ.saŋ.gʌ.gi.e]
나도 매일,25,[na.to.mɛ.il],[na.do.mɛ.il]
but there''s,25,,
위한 특별,25,[wi.han.tʰɯk̚.pjʌl],[wi.han.tʰɯk̚.pjʌl]
사랑을 받고,25,[sa.ɾaŋ.ɯl.pat̚.ko],[sa.ɾaŋ.ɯl.bat̚.ko]
만나지 않을,25,[man.na.tʃi.an.ɯl],[man.na.dʒi.an.ɯl]
수 있잖아 그래,25,[su.it̚.tʃan.a.kɯ.ɾɛ],[su.it̚.tʃan.a.gɯ.ɾɛ]
결정된 건,25,[kjʌl.tʃʌŋ.tweŋ.kʌn],[gjʌl.tʃʌŋ.dwen.gʌn]
worse than,25,,
내 음식을,25,[nɛ.ɯm.sik̚.ɯl],[nɛ.ɯm.sik̚.ɯl]
돈이 될,25,[ton.i.twel],[don.i.dwel]
아는 사람이죠,25,[a.nɯn.sa.ɾam.i.tʃjo],[a.nɯn.sa.ɾam.i.dʒjo]
몰려오고 있어,25,[mol.ɾjʌ.o.ko.it̚.ʌ],[mol.ɾjʌ.o.go.it̚.ʌ]
걸 가져왔어요,25,[kʌl.ka.tʃjʌ.wat̚.ʌ.jo],[gʌl.ga.dʒjʌ.wat̚.ʌ.jo]
짙은 색,25,[tʃit̚.ɯn.sɛk̚],[dʒit̚.ɯn.sɛk̚]
개 사료를,25,[kɛ.sa.ɾjo.ɾɯl],[gɛ.sa.ɾjo.ɾɯl]
그것은 네가,25,[kɯ.kʌt̚.ɯn.ne.ka],[gɯ.gʌt̚.ɯn.ne.ga]
숨기고 있다,25,[sum.ki.ko.it̚.ta],[sum.ki.go.it̚.ta]
수년 간,25,[su.njʌŋ.kan],[su.njʌn.gan]
사랑이 아니라,25,[sa.ɾaŋ.i.a.ni.ɾa],[sa.ɾaŋ.i.a.ni.ɾa]
수 없다구,25,[su.ʌp̚.ta.ku],[su.ʌp̚.ta.gu]
단 한명도,25,[tan.han.mjʌŋ.to],[dan.han.mjʌŋ.do]
잠깐만요 저,25,[tʃam.k͈an.man.jo.tʃʌ],[dʒam.k͈an.man.jo.dʒʌ]
내 꿈에서,25,[nɛ.k͈um.e.sʌ],[nɛ.k͈um.e.sʌ]
위해 그녀가,25,[wi.hɛ.kɯ.njʌ.ka],[wi.hɛ.gɯ.njʌ.ga]
오지 않을 것이다,25,[o.tʃi.an.ɯl.kʌt̚.i.ta],[o.dʒi.an.ɯl.gʌt̚.i.da]
느낌이 너무,25,[nɯ.k͈im.i.nʌ.mu],[nɯ.k͈im.i.nʌ.mu]
세상을 만드는,25,[se.saŋ.ɯl.man.tɯ.nɯn],[se.saŋ.ɯl.man.tɯ.nɯn]
네가 처리해,25,[ne.ka.tʃʰʌ.ɾi.hɛ],[ne.ga.tʃʰʌ.ɾi.hɛ]
사람이야 하지만,25,[sa.ɾam.i.ja.ha.tʃi.man],[sa.ɾam.i.ja.ha.dʒi.man]
들고 이,25,[tɯl.ko.i],[dɯl.ko.i]
보내 주십시오,25,[po.nɛ.tʃu.sip̚.si.o],[bo.nɛ.dʒu.sip̚.si.o]
않았다는 것,25,[an.at̚.ta.nɯŋ.kʌt̚],[an.at̚.ta.nɯn.gʌt̚]
모두 아는,25,[mo.tu.a.nɯn],[mo.du.a.nɯn]
was one,25,,
우린 각자,25,[u.ɾiŋ.kak̚.tʃa],[u.ɾin.gak̚.tʃa]
꺼내는 거야,25,[k͈ʌ.nɛ.nɯŋ.kʌ.ja],[k͈ʌ.nɛ.nɯn.gʌ.ja]
사랑하는 사람들은,25,[sa.ɾaŋ.ha.nɯn.sa.ɾan.tɯl.ɯn],[sa.ɾaŋ.ha.nɯn.sa.ɾan.tɯl.ɯn]
수백만 개의,25,[su.pɛk̚.maŋ.kɛ.ɯi],[su.bɛk̚.man.gɛ.ɯi]
없어요 사람들이,25,[ʌp̚.ʌ.jo.sa.ɾan.tɯl.i],[ʌp̚.ʌ.jo.sa.ɾan.tɯl.i]
중이야 뭐,25,[tʃuŋ.i.ja.mwʌ],[dʒuŋ.i.ja.mwʌ]
거래 내역,25,[kʌ.ɾɛ.nɛ.jʌk̚],[gʌ.ɾɛ.nɛ.jʌk̚]
없지만 말이야,25,[ʌp̚.tʃi.man.mal.i.ja],[ʌp̚.tʃi.man.mal.i.ja]
당신은 나보다,25,[taŋ.sin.ɯn.na.po.ta],[daŋ.sin.ɯn.na.bo.da]
바크만 씨,25,[pa.kʰɯ.man.s͈i],[ba.kʰɯ.man.s͈i]
나도 같은 질문을,25,[na.to.kat̚.ɯn.tʃil.mun.ɯl],[na.do.gat̚.ɯn.dʒil.mun.ɯl]
TV에서 봤어요,25,[e.sʌ.pwat̚.ʌ.jo],[e.sʌ.bwat̚.ʌ.jo]
길을 가게,25,[kil.ɯl.ka.ke],[gil.ɯl.ga.ge]
배달 온,25,[pɛ.tal.on],[bɛ.dal.on]
년 당시,25,[njʌn.taŋ.si],[njʌn.daŋ.si]
사랑한 게,25,[sa.ɾaŋ.haŋ.ke],[sa.ɾaŋ.han.ge]
이 여성을,25,[i.jʌ.sʌŋ.ɯl],[i.jʌ.sʌŋ.ɯl]
확신 할 수,25,[hwak̚.sin.hal.su],[hwak̚.sin.hal.su]
번에 한 명씩,25,[pʌn.e.han.mjʌŋ.s͈ik̚],[bʌn.e.han.mjʌŋ.s͈ik̚]
너를 만나서,25,[nʌ.ɾɯl.man.na.sʌ],[nʌ.ɾɯl.man.na.sʌ]
무슨 약속,25,[mu.sɯn.jak̚.sok̚],[mu.sɯn.jak̚.sok̚]
박물관에 있어,25,[pak̚.mul.kwan.e.it̚.ʌ],[bak̚.mul.kwan.e.it̚.ʌ]
만난 적이 있나요,25,[man.nan.tʃʌk̚.i.it̚.na.jo],[man.nan.dʒʌk̚.i.it̚.na.jo]
확대할 수,25,[hwak̚.tɛ.hal.su],[hwak̚.tɛ.hal.su]
알 리가 없지,25,[al.ɾi.ka.ʌp̚.tʃi],[al.ɾi.ga.ʌp̚.tʃi]
거지 물론,25,[kʌ.tʃi.mul.ɾon],[gʌ.dʒi.mul.ɾon]
굴 필요,25,[kul.pʰil.jo],[gul.pʰil.jo]
to sell,25,,
너한테 하고,25,[nʌ.han.tʰe.ha.ko],[nʌ.han.tʰe.ha.go]
부상을 입고,25,[pu.saŋ.ɯl.ip̚.ko],[bu.saŋ.ɯl.ip̚.ko]
네가 만든 거야,25,[ne.ka.man.tɯŋ.kʌ.ja],[ne.ga.man.tɯn.gʌ.ja]
사랑해 날,25,[sa.ɾaŋ.hɛ.nal],[sa.ɾaŋ.hɛ.nal]
있을지 모르지만,25,[it̚.ɯl.tʃi.mo.ɾɯ.tʃi.man],[it̚.ɯl.tʃi.mo.ɾɯ.dʒi.man]
만난 후로,25,[man.nan.hu.ɾo],[man.nan.hu.ɾo]
허준의 다급한,25,[hʌ.tʃun.ɯi.ta.kɯp̚.han],[hʌ.dʒun.ɯi.da.gɯp̚.han]
당신은 그 일을,25,[taŋ.sin.ɯŋ.kɯ.il.ɯl],[daŋ.sin.ɯn.gɯ.il.ɯl]
순수한 마음을,25,[sun.su.han.ma.ɯm.ɯl],[sun.su.han.ma.ɯm.ɯl]
누가 범인인지,25,[nu.ka.pʌm.in.in.tʃi],[nu.ga.bʌm.in.in.tʃi]
종류의 것,25,[tʃoŋ.ɾju.ɯi.kʌt̚],[dʒoŋ.ɾju.ɯi.gʌt̚]
같군 하지만,25,[kat̚.kun.ha.tʃi.man],[gat̚.kun.ha.dʒi.man]
와 이건,25,[wa.i.kʌn],[wa.i.gʌn]
어서 비켜,25,[ʌ.sʌ.pi.kʰjʌ],[ʌ.sʌ.bi.kʰjʌ]
안 죽이는,25,[an.tʃuk̚.i.nɯn],[an.dʒuk̚.i.nɯn]
만날 때는,25,[man.nal.t͈ɛ.nɯn],[man.nal.t͈ɛ.nɯn]
파티에 가지,25,[pʰa.tʰi.e.ka.tʃi],[pʰa.tʰi.e.ga.dʒi]
년이나 된,25,[njʌn.i.na.twen],[njʌn.i.na.dwen]
단둘이 얘기 좀,25,[tan.tul.i.jɛ.ki.tʃom],[dan.tul.i.jɛ.gi.dʒom]
들어요 우리,25,[tɯl.ʌ.jo.u.ɾi],[dɯl.ʌ.jo.u.ɾi]
내가 할 수 있다는,25,[nɛ.ka.hal.su.it̚.ta.nɯn],[nɛ.ga.hal.su.it̚.ta.nɯn]
문을 열었다,25,[mun.ɯl.jʌl.ʌt̚.ta],[mun.ɯl.jʌl.ʌt̚.ta]
해 내게,25,[hɛ.nɛ.ke],[hɛ.nɛ.ge]
짓이 아냐,25,[tʃit̚.i.a.nja],[dʒit̚.i.a.nja]
몇 시간밖에,25,[mjʌt̚.si.kam.pak̚.e],[mjʌt̚.si.gam.pak̚.e]
당신은 궁금해해야합니다,25,[taŋ.sin.ɯŋ.kuŋ.kɯm.hɛ.hɛ.ja.hap̚.ni.ta],[daŋ.sin.ɯn.guŋ.gɯm.hɛ.hɛ.ja.hap̚.ni.da]
처해 있습니다,25,[tʃʰʌ.hɛ.it̚.sɯp̚.ni.ta],[tʃʰʌ.hɛ.it̚.sɯp̚.ni.da]
없도록 해,25,[ʌp̚.to.ɾok̚.hɛ],[ʌp̚.to.ɾok̚.hɛ]
나와 있으면,25,[na.wa.it̚.ɯ.mjʌn],[na.wa.it̚.ɯ.mjʌn]
그래서 이 일을,25,[kɯ.ɾɛ.sʌ.i.il.ɯl],[gɯ.ɾɛ.sʌ.i.il.ɯl]
비밀이 있어요,25,[pi.mil.i.it̚.ʌ.jo],[bi.mil.i.it̚.ʌ.jo]
숲 속으로,25,[sup̚.sok̚.ɯ.ɾo],[sup̚.sok̚.ɯ.ɾo]
척 마,25,[tʃʰʌk̚.ma],[tʃʰʌk̚.ma]
아무것도 할 수 없어요,25,[a.mu.kʌt̚.to.hal.su.ʌp̚.ʌ.jo],[a.mu.gʌt̚.to.hal.su.ʌp̚.ʌ.jo]
바꾸지 않으면,25,[pa.k͈u.tʃi.an.ɯ.mjʌn],[ba.k͈u.dʒi.an.ɯ.mjʌn]
전에 만났던,25,[tʃʌn.e.man.nat̚.tʌn],[dʒʌn.e.man.nat̚.tʌn]
Turns out,25,,
제대로 안 하면,25,[tʃe.tɛ.ɾo.an.ha.mjʌn],[dʒe.dɛ.ɾo.an.ha.mjʌn]
나갔나 봐요,25,[na.kat̚.na.pwa.jo],[na.gat̚.na.bwa.jo]
문제는 우리,25,[mun.tʃe.nɯn.u.ɾi],[mun.tʃe.nɯn.u.ɾi]
거라 생각하죠,25,[kʌ.ɾa.sɛŋ.kak̚.ha.tʃjo],[gʌ.ɾa.sɛŋ.gak̚.ha.dʒjo]
그 능력이,25,[kɯ.nɯŋ.ɾjʌk̚.i],[gɯ.nɯŋ.ɾjʌk̚.i]
세상의 끝에,25,[se.saŋ.ɯi.k͈ɯt̚.e],[se.saŋ.ɯi.k͈ɯt̚.e]
뿐 그,25,[p͈uŋ.kɯ],[p͈un.gɯ]
뭔가 아는 게,25,[mwʌŋ.ka.a.nɯŋ.ke],[mwʌŋ.ka.a.nɯn.ge]
카운티 법원,25,[kʰa.un.tʰi.pʌp̚.wʌn],[kʰa.un.tʰi.bʌp̚.wʌn]
안 돼 안 돼요,25,[an.twɛ.an.twɛ.jo],[an.dwɛ.an.dwɛ.jo]
기다려 그래,25,[ki.ta.ɾjʌ.kɯ.ɾɛ],[gi.da.ɾjʌ.gɯ.ɾɛ]
시간이 걸리죠,25,[si.kan.i.kʌl.ɾi.tʃjo],[si.gan.i.gʌl.ɾi.dʒjo]
잘 버텨,25,[tʃal.pʌ.tʰjʌ],[dʒal.bʌ.tʰjʌ]
어린 시절 子どもの頃,25,[ʌ.ɾin.si.tʃʌl],[ʌ.ɾin.si.dʒʌl]
들어요 정말,25,[tɯl.ʌ.jo.tʃʌŋ.mal],[dɯl.ʌ.jo.dʒʌŋ.mal]
날개를 가진,25,[nal.kɛ.ɾɯl.ka.tʃin],[nal.kɛ.ɾɯl.ga.dʒin]
집에 왔던,25,[tʃip̚.e.wat̚.tʌn],[dʒip̚.e.wat̚.tʌn]
I''ll call,25,,
몰라 이젠,25,[mol.ɾa.i.tʃen],[mol.ɾa.i.dʒen]
내가 아닌 것,25,[nɛ.ka.a.niŋ.kʌt̚],[nɛ.ga.a.nin.gʌt̚]
위해 약을,25,[wi.hɛ.jak̚.ɯl],[wi.hɛ.jak̚.ɯl]
네가 뭐라도,25,[ne.ka.mwʌ.ɾa.to],[ne.ga.mwʌ.ɾa.do]
뭘 하는 거예요,25,[mwʌl.ha.nɯŋ.kʌ.je.jo],[mwʌl.ha.nɯn.gʌ.je.jo]
맡겨 내가,25,[mat̚.kjʌ.nɛ.ka],[mat̚.kjʌ.nɛ.ga]
너에 대해 많이,25,[nʌ.e.tɛ.hɛ.man.i],[nʌ.e.dɛ.hɛ.man.i]
비열한 웃음,25,[pi.jʌl.han.ut̚.ɯm],[bi.jʌl.han.ut̚.ɯm]
가장 무거운,25,[ka.tʃaŋ.mu.kʌ.un],[ga.dʒaŋ.mu.gʌ.un]
그러다가 갑자기,25,[kɯ.ɾʌ.ta.ka.kap̚.tʃa.ki],[gɯ.ɾʌ.da.ga.gap̚.tʃa.gi]
것 있어요,25,[kʌt̚.it̚.ʌ.jo],[gʌt̚.it̚.ʌ.jo]
애를 많이,25,[ɛ.ɾɯl.man.i],[ɛ.ɾɯl.man.i]
내 친구들에게,25,[nɛ.tʃʰiŋ.ku.tɯl.e.ke],[nɛ.tʃʰiŋ.ku.dɯl.e.ge]
자격도 없어요,25,[tʃa.kjʌk̚.to.ʌp̚.ʌ.jo],[dʒa.gjʌk̚.to.ʌp̚.ʌ.jo]
남겨 주시면,25,[nam.kjʌ.tʃu.si.mjʌn],[nam.kjʌ.dʒu.si.mjʌn]
내가 보니까,25,[nɛ.ka.po.ni.k͈a],[nɛ.ga.bo.ni.k͈a]
수갑을 채우고,25,[su.kap̚.ɯl.tʃʰɛ.u.ko],[su.gap̚.ɯl.tʃʰɛ.u.go]
반대 안,25,[pan.tɛ.an],[ban.tɛ.an]
해줄 수 있을,25,[hɛ.tʃul.su.it̚.ɯl],[hɛ.dʒul.su.it̚.ɯl]
사소한 일에,25,[sa.so.han.il.e],[sa.so.han.il.e]
around and,25,,
덕분에 제가,25,[tʌk̚.pun.e.tʃe.ka],[dʌk̚.pun.e.dʒe.ga]
절대 원하지,25,[tʃʌl.tɛ.wʌn.ha.tʃi],[dʒʌl.tɛ.wʌn.ha.dʒi]
받으실 거예요,25,[pat̚.ɯ.sil.kʌ.je.jo],[bat̚.ɯ.sil.gʌ.je.jo]
비웃어도 떨쳐 버려야지 끝까지,25,[pi.ut̚.ʌ.to.t͈ʌl.tʃʰjʌ.pʌ.ɾjʌ.ja.tʃi.k͈ɯt̚.k͈a.tʃi],[bi.ut̚.ʌ.do.t͈ʌl.tʃʰjʌ.bʌ.ɾjʌ.ja.dʒi.k͈ɯt̚.k͈a.dʒi]
안 할 거다,25,[an.hal.kʌ.ta],[an.hal.gʌ.da]
볼 수 있었으면,25,[pol.su.it̚.ʌt̚.ɯ.mjʌn],[bol.su.it̚.ʌt̚.ɯ.mjʌn]
그냥 제발,25,[kɯ.njaŋ.tʃe.pal],[gɯ.njaŋ.dʒe.bal]
저 나쁜,25,[tʃʌ.na.p͈ɯn],[dʒʌ.na.p͈ɯn]
다음에 어떻게,25,[ta.ɯm.e.ʌ.t͈ʌt̚.ke],[da.ɯm.e.ʌ.t͈ʌt̚.ke]
항상 생각했다,25,[haŋ.saŋ.sɛŋ.kak̚.hɛt̚.ta],[haŋ.saŋ.sɛŋ.gak̚.hɛt̚.ta]
난 네가 이,25,[nan.ne.ka.i],[nan.ne.ga.i]
너무 귀엽지,25,[nʌ.mu.kwi.jʌp̚.tʃi],[nʌ.mu.gwi.jʌp̚.tʃi]
돈이 필요,25,[ton.i.pʰil.jo],[don.i.pʰil.jo]
번 갑판,25,[pʌŋ.kap̚.pʰan],[bʌn.gap̚.pʰan]
사실 모든,25,[sa.sil.mo.tɯn],[sa.sil.mo.dɯn]
깨닫게 해,25,[k͈ɛ.tat̚.ke.hɛ],[k͈ɛ.dat̚.ke.hɛ]
죄송해요 이제,25,[tʃwe.soŋ.hɛ.jo.i.tʃe],[dʒwe.soŋ.hɛ.jo.i.dʒe]
오신 분,25,[o.sim.pun],[o.sin.bun]
지금 어딨지,25,[tʃi.kɯm.ʌ.tit̚.tʃi],[dʒi.gɯm.ʌ.dit̚.tʃi]
다음 단계가,25,[ta.ɯn.taŋ.kje.ka],[da.ɯm.daŋ.kje.ga]
중요한지 알아,25,[tʃuŋ.jo.han.tʃi.al.a],[dʒuŋ.jo.han.tʃi.al.a]
아주 자랑스러워,25,[a.tʃu.tʃa.ɾaŋ.sɯ.ɾʌ.wʌ],[a.dʒu.dʒa.ɾaŋ.sɯ.ɾʌ.wʌ]
놈들이 올,25,[non.tɯl.i.ol],[non.tɯl.i.ol]
네 딸도,25,[ne.t͈al.to],[ne.t͈al.to]
데려다 줄까,25,[te.ɾjʌ.ta.tʃul.k͈a],[de.ɾjʌ.da.dʒul.k͈a]
안 돼 있어,25,[an.twɛ.it̚.ʌ],[an.dwɛ.it̚.ʌ]
위해 작은,25,[wi.hɛ.tʃak̚.ɯn],[wi.hɛ.dʒak̚.ɯn]
같은 거였어요,25,[kat̚.ɯŋ.kʌ.jʌt̚.ʌ.jo],[gat̚.ɯn.gʌ.jʌt̚.ʌ.jo]
수 있도록 도와줘,25,[su.it̚.to.ɾok̚.to.wa.tʃwʌ],[su.it̚.to.ɾok̚.do.wa.dʒwʌ]
그 주,25,[kɯ.tʃu],[gɯ.dʒu]
첫 번째 피해자는,25,[tʃʰʌt̚.pʌn.tʃ͈ɛ.pʰi.hɛ.tʃa.nɯn],[tʃʰʌt̚.bʌn.tʃ͈ɛ.pʰi.hɛ.dʒa.nɯn]
시간을 보냈지,25,[si.kan.ɯl.po.nɛt̚.tʃi],[si.gan.ɯl.bo.nɛt̚.tʃi]
정도는 아냐,25,[tʃʌŋ.to.nɯn.a.nja],[dʒʌŋ.do.nɯn.a.nja]
정신이 하나도 없어,25,[tʃʌŋ.sin.i.ha.na.to.ʌp̚.ʌ],[dʒʌŋ.sin.i.ha.na.do.ʌp̚.ʌ]
그들이 말한,25,[kɯ.tɯl.i.mal.han],[gɯ.dɯl.i.mal.han]
사실은 당신이,25,[sa.sil.ɯn.taŋ.sin.i],[sa.sil.ɯn.daŋ.sin.i]
위한 게 아니라,25,[wi.haŋ.ke.a.ni.ɾa],[wi.han.ge.a.ni.ɾa]
말 무슨 뜻인지 아시겠어요,25,[mal.mu.sɯn.t͈ɯt̚.in.tʃi.a.si.ket̚.ʌ.jo],[mal.mu.sɯn.t͈ɯt̚.in.tʃi.a.si.get̚.ʌ.jo]
사실은 우리,25,[sa.sil.ɯn.u.ɾi],[sa.sil.ɯn.u.ɾi]
갖고 논 거야,25,[kat̚.ko.noŋ.kʌ.ja],[gat̚.ko.non.gʌ.ja]
첫날 밤에,25,[tʃʰʌt̚.nal.pam.e],[tʃʰʌt̚.nal.bam.e]
아 그렇군요,25,[a.kɯ.ɾʌt̚.kun.jo],[a.gɯ.ɾʌt̚.kun.jo]
숨을 순,25,[sum.ɯl.sun],[sum.ɯl.sun]
a part of,25,,
내가 한번 볼게,25,[nɛ.ka.ham.pʌm.pol.ke],[nɛ.ga.ham.pʌn.bol.ke]
보고 정말,25,[po.ko.tʃʌŋ.mal],[bo.go.dʒʌŋ.mal]
아 그래서,25,[a.kɯ.ɾɛ.sʌ],[a.gɯ.ɾɛ.sʌ]
내가 그들,25,[nɛ.ka.kɯ.tɯl],[nɛ.ga.gɯ.dɯl]
아 또,25,[a.t͈o],[a.t͈o]
말이 아니네요,25,[mal.i.a.ni.ne.jo],[mal.i.a.ni.ne.jo]
상형 문자,25,[saŋ.hjʌŋ.mun.tʃa],[saŋ.hjʌŋ.mun.tʃa]
세워 봐,25,[se.wʌ.pwa],[se.wʌ.bwa]
오늘 드디어,25,[o.nɯl.tɯ.ti.ʌ],[o.nɯl.dɯ.di.ʌ]
이유라도 있나,25,[i.ju.ɾa.to.it̚.na],[i.ju.ɾa.do.it̚.na]
가서 실컷,25,[ka.sʌ.sil.kʰʌt̚],[ga.sʌ.sil.kʰʌt̚]
만드는 게 아니라,25,[man.tɯ.nɯŋ.ke.a.ni.ɾa],[man.tɯ.nɯn.ge.a.ni.ɾa]
think she,25,,
자네 정말로,25,[tʃa.ne.tʃʌŋ.mal.ɾo],[dʒa.ne.dʒʌŋ.mal.ɾo]
너무 늦으면,25,[nʌ.mu.nɯt̚.ɯ.mjʌn],[nʌ.mu.nɯt̚.ɯ.mjʌn]
내가 널 잘못,25,[nɛ.ka.nʌl.tʃal.mot̚],[nɛ.ga.nʌl.dʒal.mot̚]
진짜 끔찍한,25,[tʃin.tʃ͈a.k͈ɯn.tʃ͈ik̚.han],[dʒin.tʃ͈a.k͈ɯn.tʃ͈ik̚.han]
내가 할 수 있어요,25,[nɛ.ka.hal.su.it̚.ʌ.jo],[nɛ.ga.hal.su.it̚.ʌ.jo]
마이클 파머가,25,[ma.i.kʰɯl.pʰa.mʌ.ka],[ma.i.kʰɯl.pʰa.mʌ.ga]
안 해 왜,25,[an.hɛ.wɛ],[an.hɛ.wɛ]
안 해 이,25,[an.hɛ.i],[an.hɛ.i]
머리 뒤로 손,25,[mʌ.ɾi.twi.ɾo.son],[mʌ.ɾi.dwi.ɾo.son]
들어온 것처럼,25,[tɯl.ʌ.oŋ.kʌt̚.tʃʰʌ.ɾʌm],[dɯl.ʌ.on.gʌt̚.tʃʰʌ.ɾʌm]
이야기 내,25,[i.ja.ki.nɛ],[i.ja.gi.nɛ]
있어 완전,25,[it̚.ʌ.wan.tʃʌn],[it̚.ʌ.wan.tʃʌn]
제일 좋아했던,25,[tʃe.il.tʃot̚.a.hɛt̚.tʌn],[dʒe.il.dʒot̚.a.hɛt̚.tʌn]
거 다 해,25,[kʌ.ta.hɛ],[gʌ.da.hɛ]
입은 옷,25,[ip̚.ɯn.ot̚],[ip̚.ɯn.ot̚]
그들이 계속,25,[kɯ.tɯl.i.kje.sok̚],[gɯ.dɯl.i.gje.sok̚]
적은 있지,25,[tʃʌk̚.ɯn.it̚.tʃi],[dʒʌk̚.ɯn.it̚.tʃi]
걱정을 하고,25,[kʌk̚.tʃʌŋ.ɯl.ha.ko],[gʌk̚.tʃʌŋ.ɯl.ha.go]
온 것을 환영합니다,25,[oŋ.kʌt̚.ɯl.hwan.jʌŋ.hap̚.ni.ta],[on.gʌt̚.ɯl.hwan.jʌŋ.hap̚.ni.da]
걸 할 수 있어,25,[kʌl.hal.su.it̚.ʌ],[gʌl.hal.su.it̚.ʌ]
아 죄송해요,25,[a.tʃwe.soŋ.hɛ.jo],[a.dʒwe.soŋ.hɛ.jo]
잘 어울리고,25,[tʃal.ʌ.ul.ɾi.ko],[dʒal.ʌ.ul.ɾi.go]
자네들 모두,25,[tʃa.ne.tɯl.mo.tu],[dʒa.ne.dɯl.mo.du]
별일 아니다,25,[pjʌl.il.a.ni.ta],[bjʌl.il.a.ni.da]
판 건,25,[pʰaŋ.kʌn],[pʰan.gʌn]
버리지 않으면,25,[pʌ.ɾi.tʃi.an.ɯ.mjʌn],[bʌ.ɾi.dʒi.an.ɯ.mjʌn]
쫓고 있었어,25,[tʃ͈ot̚.ko.it̚.ʌt̚.ʌ],[tʃ͈ot̚.ko.it̚.ʌt̚.ʌ]
될 뻔,25,[twel.p͈ʌn],[dwel.p͈ʌn]
아가 안녕,25,[a.ka.an.njʌŋ],[a.ga.an.njʌŋ]
잃은 거예요,25,[il.ɯŋ.kʌ.je.jo],[il.ɯn.gʌ.je.jo]
입을 여는,25,[ip̚.ɯl.jʌ.nɯn],[ip̚.ɯl.jʌ.nɯn]
그 여인은,25,[kɯ.jʌ.in.ɯn],[gɯ.jʌ.in.ɯn]
이런 일이 생기다니,25,[i.ɾʌn.il.i.sɛŋ.ki.ta.ni],[i.ɾʌn.il.i.sɛŋ.gi.da.ni]
뭐 먹지,25,[mwʌ.mʌk̚.tʃi],[mwʌ.mʌk̚.tʃi]
네 부모님을,25,[ne.pu.mo.nim.ɯl],[ne.bu.mo.nim.ɯl]
얼마나 걸렸지,25,[ʌl.ma.na.kʌl.ɾjʌt̚.tʃi],[ʌl.ma.na.gʌl.ɾjʌt̚.tʃi]
죄송합니다 오늘,25,[tʃwe.soŋ.hap̚.ni.ta.o.nɯl],[dʒwe.soŋ.hap̚.ni.da.o.nɯl]
너도 알거야,25,[nʌ.to.al.kʌ.ja],[nʌ.do.al.kʌ.ja]
정도로 많은,25,[tʃʌŋ.to.ɾo.man.ɯn],[dʒʌŋ.do.ɾo.man.ɯn]
있는지 모르지만,25,[it̚.nɯn.tʃi.mo.ɾɯ.tʃi.man],[it̚.nɯn.tʃi.mo.ɾɯ.dʒi.man]
물건을 훔치고,25,[mul.kʌn.ɯl.hun.tʃʰi.ko],[mul.kʌn.ɯl.hun.tʃʰi.go]
나도 들었어요,25,[na.to.tɯl.ʌt̚.ʌ.jo],[na.do.dɯl.ʌt̚.ʌ.jo]
당신을 봤을 때,25,[taŋ.sin.ɯl.pwat̚.ɯl.t͈ɛ],[daŋ.sin.ɯl.bwat̚.ɯl.t͈ɛ]
잊지 않겠습니다,25,[it̚.tʃi.aŋ.ket̚.sɯp̚.ni.ta],[it̚.tʃi.aŋ.ket̚.sɯp̚.ni.da]
안 비켜,25,[am.pi.kʰjʌ],[an.bi.kʰjʌ]
대한 댓가를,25,[tɛ.han.tɛt̚.ka.ɾɯl],[dɛ.han.dɛt̚.ka.ɾɯl]
키스 할,25,[kʰi.sɯ.hal],[kʰi.sɯ.hal]
너무 멀리 떨어져,25,[nʌ.mu.mʌl.ɾi.t͈ʌl.ʌ.tʃjʌ],[nʌ.mu.mʌl.ɾi.t͈ʌl.ʌ.dʒjʌ]
그랬어요 그,25,[kɯ.ɾɛt̚.ʌ.jo.kɯ],[gɯ.ɾɛt̚.ʌ.jo.gɯ]
초콜릿 케이크,25,[tʃʰo.kʰol.ɾit̚.kʰe.i.kʰɯ],[tʃʰo.kʰol.ɾit̚.kʰe.i.kʰɯ]
무슨 얘기를 하는 거야,25,[mu.sɯn.jɛ.ki.ɾɯl.ha.nɯŋ.kʌ.ja],[mu.sɯn.jɛ.gi.ɾɯl.ha.nɯn.gʌ.ja]
한 거 알아요,25,[haŋ.kʌ.al.a.jo],[han.gʌ.al.a.jo]
들을 필요 없어,25,[tɯl.ɯl.pʰil.jo.ʌp̚.ʌ],[dɯl.ɯl.pʰil.jo.ʌp̚.ʌ]
인질로 잡혀,25,[in.tʃil.ɾo.tʃap̚.hjʌ],[in.tʃil.ɾo.dʒap̚.hjʌ]
어리석은 짓은,25,[ʌ.ɾi.sʌk̚.ɯn.tʃit̚.ɯn],[ʌ.ɾi.sʌk̚.ɯn.dʒit̚.ɯn]
아무도 없다는,25,[a.mu.to.ʌp̚.ta.nɯn],[a.mu.do.ʌp̚.ta.nɯn]
저쪽으로 갔어,25,[tʃʌ.tʃ͈ok̚.ɯ.ɾo.kat̚.ʌ],[dʒʌ.tʃ͈ok̚.ɯ.ɾo.gat̚.ʌ]
그녀가 살아,25,[kɯ.njʌ.ka.sal.a],[gɯ.njʌ.ga.sal.a]
네가 아무,25,[ne.ka.a.mu],[ne.ga.a.mu]
아니잖아 그게,25,[a.ni.tʃan.a.kɯ.ke],[a.ni.dʒan.a.gɯ.ge]
모든 통신,25,[mo.tɯn.tʰoŋ.sin],[mo.dɯn.tʰoŋ.sin]
누가 이랬는지,25,[nu.ka.i.ɾɛt̚.nɯn.tʃi],[nu.ga.i.ɾɛt̚.nɯn.tʃi]
머리 속을,25,[mʌ.ɾi.sok̚.ɯl],[mʌ.ɾi.sok̚.ɯl]
이끌 거야,25,[i.k͈ɯl.kʌ.ja],[i.k͈ɯl.gʌ.ja]
있어도 안,25,[it̚.ʌ.to.an],[it̚.ʌ.do.an]
단지 그의,25,[tan.tʃi.kɯ.ɯi],[dan.tʃi.gɯ.ɯi]
옷 속에,25,[ot̚.sok̚.e],[ot̚.sok̚.e]
거고 당신이,25,[kʌ.ko.taŋ.sin.i],[gʌ.go.daŋ.sin.i]
즐길 수 있는,25,[tʃɯl.kil.su.it̚.nɯn],[dʒɯl.kil.su.it̚.nɯn]
아니 당연히,25,[a.ni.taŋ.jʌn.hi],[a.ni.daŋ.jʌn.hi]
진짜 이상해요,25,[tʃin.tʃ͈a.i.saŋ.hɛ.jo],[dʒin.tʃ͈a.i.saŋ.hɛ.jo]
온 유일한,25,[on.ju.il.han],[on.ju.il.han]
차가 필요해요,25,[tʃʰa.ka.pʰil.jo.hɛ.jo],[tʃʰa.ga.pʰil.jo.hɛ.jo]
사이에 뭐가,25,[sa.i.e.mwʌ.ka],[sa.i.e.mwʌ.ga]
수 있다면 나도,25,[su.it̚.ta.mjʌn.na.to],[su.it̚.ta.mjʌn.na.do]
그게 가능하죠,25,[kɯ.ke.ka.nɯŋ.ha.tʃjo],[gɯ.ge.ga.nɯŋ.ha.dʒjo]
내가 굳이,25,[nɛ.ka.kut̚.i],[nɛ.ga.gut̚.i]
밖에 사람들이,25,[pak̚.e.sa.ɾan.tɯl.i],[bak̚.e.sa.ɾan.tɯl.i]
to get the,25,,
게 있으면 언제든,25,[ke.it̚.ɯ.mjʌn.ʌn.tʃe.tɯn],[ge.it̚.ɯ.mjʌn.ʌn.tʃe.dɯn]
실력이 안,25,[sil.ɾjʌk̚.i.an],[sil.ɾjʌk̚.i.an]
누구고 왜,25,[nu.ku.ko.wɛ],[nu.gu.go.wɛ]
miss the,25,,
내 의지로,25,[nɛ.ɯi.tʃi.ɾo],[nɛ.ɯi.dʒi.ɾo]
계속 마음에,25,[kje.sok̚.ma.ɯm.e],[gje.sok̚.ma.ɯm.e]
될 생각,25,[twel.sɛŋ.kak̚],[dwel.sɛŋ.gak̚]
저 녀석들을,25,[tʃʌ.njʌ.sʌk̚.tɯl.ɯl],[dʒʌ.njʌ.sʌk̚.tɯl.ɯl]
너한테 했던,25,[nʌ.han.tʰe.hɛt̚.tʌn],[nʌ.han.tʰe.hɛt̚.tʌn]
말할 줄 알았어요,25,[mal.hal.tʃul.al.at̚.ʌ.jo],[mal.hal.dʒul.al.at̚.ʌ.jo]
학교 마치고,25,[hak̚.kjo.ma.tʃʰi.ko],[hak̚.kjo.ma.tʃʰi.go]
줄 수 있다는,25,[tʃul.su.it̚.ta.nɯn],[dʒul.su.it̚.ta.nɯn]
너무 빠르게,25,[nʌ.mu.p͈a.ɾɯ.ke],[nʌ.mu.p͈a.ɾɯ.ge]
미친 짓인,25,[mi.tʃʰin.tʃit̚.in],[mi.tʃʰin.dʒit̚.in]
전에 가서,25,[tʃʌn.e.ka.sʌ],[dʒʌn.e.ga.sʌ]
귀 기울이지,25,[kwi.ki.ul.i.tʃi],[gwi.gi.ul.i.dʒi]
당신을 찾을 수,25,[taŋ.sin.ɯl.tʃʰat̚.ɯl.su],[daŋ.sin.ɯl.tʃʰat̚.ɯl.su]
이야기 말이야,25,[i.ja.ki.mal.i.ja],[i.ja.gi.mal.i.ja]
단지 네,25,[tan.tʃi.ne],[dan.tʃi.ne]
도와줘 나,25,[to.wa.tʃwʌ.na],[do.wa.dʒwʌ.na]
스완슨 씨,25,[sɯ.wan.sɯn.s͈i],[sɯ.wan.sɯn.s͈i]
귀 먹었어,25,[kwi.mʌk̚.ʌt̚.ʌ],[gwi.mʌk̚.ʌt̚.ʌ]
가지고 왜,25,[ka.tʃi.ko.wɛ],[ga.dʒi.go.wɛ]
얘야 넌,25,[jɛ.ja.nʌn],[jɛ.ja.nʌn]
너무 성급하게,25,[nʌ.mu.sʌŋ.kɯp̚.ha.ke],[nʌ.mu.sʌŋ.gɯp̚.ha.ge]
아기가 나올,25,[a.ki.ka.na.ol],[a.gi.ga.na.ol]
책 속에,25,[tʃʰɛk̚.sok̚.e],[tʃʰɛk̚.sok̚.e]
정상인 것,25,[tʃʌŋ.saŋ.iŋ.kʌt̚],[dʒʌŋ.saŋ.in.gʌt̚]
어린 아이를,25,[ʌ.ɾin.a.i.ɾɯl],[ʌ.ɾin.a.i.ɾɯl]
같은 곳이에요,25,[kat̚.ɯŋ.kot̚.i.e.jo],[gat̚.ɯn.got̚.i.e.jo]
너무 실망하지,25,[nʌ.mu.sil.maŋ.ha.tʃi],[nʌ.mu.sil.maŋ.ha.dʒi]
갈게 그럼,25,[kal.ke.kɯ.ɾʌm],[gal.ke.gɯ.ɾʌm]
가까이 서,25,[ka.k͈a.i.sʌ],[ga.k͈a.i.sʌ]
게 있어 그,25,[ke.it̚.ʌ.kɯ],[ge.it̚.ʌ.gɯ]
가까이 안,25,[ka.k͈a.i.an],[ga.k͈a.i.an]
don''t love,25,,
한판 더,25,[ham.pʰan.tʌ],[ham.pʰan.dʌ]
듯 한데,25,[tɯt̚.han.te],[dɯt̚.han.te]
사진도 있어,25,[sa.tʃin.to.it̚.ʌ],[sa.dʒin.to.it̚.ʌ]
앞에 뭐가,25,[ap̚.e.mwʌ.ka],[ap̚.e.mwʌ.ga]
내가 어떻게 생각하는지,25,[nɛ.ka.ʌ.t͈ʌt̚.ke.sɛŋ.kak̚.ha.nɯn.tʃi],[nɛ.ga.ʌ.t͈ʌt̚.ke.sɛŋ.gak̚.ha.nɯn.tʃi]
병원에 온,25,[pjʌŋ.wʌn.e.on],[bjʌŋ.wʌn.e.on]
누군지 알려,25,[nu.kun.tʃi.al.ɾjʌ],[nu.gun.tʃi.al.ɾjʌ]
싶어 날,25,[sip̚.ʌ.nal],[sip̚.ʌ.nal]
화재 발생,25,[hwa.tʃɛ.pal.sɛŋ],[hwa.dʒɛ.bal.sɛŋ]
너무 어렵다,25,[nʌ.mu.ʌ.ɾjʌp̚.ta],[nʌ.mu.ʌ.ɾjʌp̚.ta]
없어 それで君はいいんだよ,25,[ʌp̚.ʌ],[ʌp̚.ʌ]
머물 수 있을까,25,[mʌ.mul.su.it̚.ɯl.k͈a],[mʌ.mul.su.it̚.ɯl.k͈a]
해요 자기,25,[hɛ.jo.tʃa.ki],[hɛ.jo.dʒa.gi]
사진을 찍었다,25,[sa.tʃin.ɯl.tʃ͈ik̚.ʌt̚.ta],[sa.dʒin.ɯl.tʃ͈ik̚.ʌt̚.ta]
네가 옳다고,25,[ne.ka.ol.ta.ko],[ne.ga.ol.ta.go]
당연하지 그래,25,[taŋ.jʌn.ha.tʃi.kɯ.ɾɛ],[daŋ.jʌn.ha.dʒi.gɯ.ɾɛ]
애들이 보고,25,[ɛ.tɯl.i.po.ko],[ɛ.dɯl.i.bo.go]
난 문제가,25,[nan.mun.tʃe.ka],[nan.mun.tʃe.ga]
얼마나 살,25,[ʌl.ma.na.sal],[ʌl.ma.na.sal]
어떤 놈을,25,[ʌ.t͈ʌn.nom.ɯl],[ʌ.t͈ʌn.nom.ɯl]
내 의무를,25,[nɛ.ɯi.mu.ɾɯl],[nɛ.ɯi.mu.ɾɯl]
보는 줄 알았어,25,[po.nɯn.tʃul.al.at̚.ʌ],[bo.nɯn.dʒul.al.at̚.ʌ]
귀여운 내,25,[kwi.jʌ.un.nɛ],[gwi.jʌ.un.nɛ]
내 마음대로 할,25,[nɛ.ma.ɯn.tɛ.ɾo.hal],[nɛ.ma.ɯn.tɛ.ɾo.hal]
핸드폰 줘,25,[hɛn.tɯ.pʰon.tʃwʌ],[hɛn.tɯ.pʰon.dʒwʌ]
전혀 몰랐네요,25,[tʃʌn.hjʌ.mol.ɾat̚.ne.jo],[dʒʌn.hjʌ.mol.ɾat̚.ne.jo]
얼굴이 왜 그래요,25,[ʌl.kul.i.wɛ.kɯ.ɾɛ.jo],[ʌl.kul.i.wɛ.gɯ.ɾɛ.jo]
할 거야 우리가,25,[hal.kʌ.ja.u.ɾi.ka],[hal.gʌ.ja.u.ɾi.ga]
이용하는 거,25,[i.joŋ.ha.nɯŋ.kʌ],[i.joŋ.ha.nɯn.gʌ]
싶은 사람을,25,[sip̚.ɯn.sa.ɾam.ɯl],[sip̚.ɯn.sa.ɾam.ɯl]
잘 아는 사람,25,[tʃal.a.nɯn.sa.ɾam],[dʒal.a.nɯn.sa.ɾam]
닥터 슬론,25,[tak̚.tʰʌ.sɯl.ɾon],[dak̚.tʰʌ.sɯl.ɾon]
어떤 다른,25,[ʌ.t͈ʌn.ta.ɾɯn],[ʌ.t͈ʌn.da.ɾɯn]
최고의 친구야,25,[tʃʰwe.ko.ɯi.tʃʰiŋ.ku.ja],[tʃʰwe.go.ɯi.tʃʰiŋ.ku.ja]
어떤 능력이,25,[ʌ.t͈ʌn.nɯŋ.ɾjʌk̚.i],[ʌ.t͈ʌn.nɯŋ.ɾjʌk̚.i]
전화를 끊었다,25,[tʃʌn.hwa.ɾɯl.k͈ɯn.ʌt̚.ta],[dʒʌn.hwa.ɾɯl.k͈ɯn.ʌt̚.ta]
말하는 게 아냐,25,[mal.ha.nɯŋ.ke.a.nja],[mal.ha.nɯn.ge.a.nja]
받게 된다,25,[pat̚.ke.twen.ta],[bat̚.ke.dwen.ta]
올 거야 난,25,[ol.kʌ.ja.nan],[ol.gʌ.ja.nan]
아까 말했잖아요,25,[a.k͈a.mal.hɛt̚.tʃan.a.jo],[a.k͈a.mal.hɛt̚.tʃan.a.jo]
너라면 어떻게,25,[nʌ.ɾa.mjʌn.ʌ.t͈ʌt̚.ke],[nʌ.ɾa.mjʌn.ʌ.t͈ʌt̚.ke]
방해하고 싶지 않아,25,[paŋ.hɛ.ha.ko.sip̚.tʃi.an.a],[baŋ.hɛ.ha.go.sip̚.tʃi.an.a]
전 대통령,25,[tʃʌn.tɛ.tʰoŋ.ɾjʌŋ],[dʒʌn.dɛ.tʰoŋ.ɾjʌŋ]
좋겠어 지금,25,[tʃot̚.ket̚.ʌ.tʃi.kɯm],[dʒot̚.ket̚.ʌ.dʒi.gɯm]
얼마나 비싼,25,[ʌl.ma.na.pi.s͈an],[ʌl.ma.na.bi.s͈an]
잘 아니,25,[tʃal.a.ni],[dʒal.a.ni]
우리의 존재를,25,[u.ɾi.ɯi.tʃon.tʃɛ.ɾɯl],[u.ɾi.ɯi.dʒon.tʃɛ.ɾɯl]
몸은 좀 어때요,25,[mom.ɯn.tʃom.ʌ.t͈ɛ.jo],[mom.ɯn.dʒom.ʌ.t͈ɛ.jo]
말 안 하기로,25,[mal.an.ha.ki.ɾo],[mal.an.ha.gi.ɾo]
거면 안,25,[kʌ.mjʌn.an],[gʌ.mjʌn.an]
게임이 아냐,25,[ke.im.i.a.nja],[ge.im.i.a.nja]
this again,25,,
당한 거지,25,[taŋ.haŋ.kʌ.tʃi],[daŋ.han.gʌ.dʒi]
범죄 수사,25,[pʌn.tʃwe.su.sa],[bʌn.tʃwe.su.sa]
위험해서 안,25,[wi.hʌm.hɛ.sʌ.an],[wi.hʌm.hɛ.sʌ.an]
내가 그 애를,25,[nɛ.ka.kɯ.ɛ.ɾɯl],[nɛ.ga.gɯ.ɛ.ɾɯl]
번 이,25,[pʌn.i],[bʌn.i]
있어 자기야,25,[it̚.ʌ.tʃa.ki.ja],[it̚.ʌ.dʒa.gi.ja]
내 자식들을,25,[nɛ.tʃa.sik̚.tɯl.ɯl],[nɛ.dʒa.sik̚.tɯl.ɯl]
그의 친구들,25,[kɯ.ɯi.tʃʰiŋ.ku.tɯl],[gɯ.ɯi.tʃʰiŋ.ku.dɯl]
밑에서 일하죠,25,[mit̚.e.sʌ.il.ha.tʃjo],[mit̚.e.sʌ.il.ha.dʒjo]
박사님 제,25,[pak̚.sa.nin.tʃe],[bak̚.sa.nim.dʒe]
와요 그,25,[wa.jo.kɯ],[wa.jo.gɯ]
있었을 뿐이에요,25,[it̚.ʌt̚.ɯl.p͈un.i.e.jo],[it̚.ʌt̚.ɯl.p͈un.i.e.jo]
가까이 와봐,25,[ka.k͈a.i.wa.pwa],[ga.k͈a.i.wa.bwa]
알겠습니다 자,25,[al.ket̚.sɯp̚.ni.ta.tʃa],[al.ket̚.sɯp̚.ni.da.dʒa]
이 지랄,25,[i.tʃi.ɾal],[i.dʒi.ɾal]
닫아야 해요,25,[tat̚.a.ja.hɛ.jo],[dat̚.a.ja.hɛ.jo]
내가 거길,25,[nɛ.ka.kʌ.kil],[nɛ.ga.gʌ.gil]
있고 뭐,25,[it̚.ko.mwʌ],[it̚.ko.mwʌ]
데 다,25,[te.ta],[de.da]
안 탄,25,[an.tʰan],[an.tʰan]
있었지 그런데,25,[it̚.ʌt̚.tʃi.kɯ.ɾʌn.te],[it̚.ʌt̚.tʃi.gɯ.ɾʌn.te]
내게 소중한,25,[nɛ.ke.so.tʃuŋ.han],[nɛ.ge.so.dʒuŋ.han]
쓰는 것을,25,[s͈ɯ.nɯŋ.kʌt̚.ɯl],[s͈ɯ.nɯn.gʌt̚.ɯl]
a book,25,,
꺼져 이,25,[k͈ʌ.tʃjʌ.i],[k͈ʌ.dʒjʌ.i]
아깐 미안했어,25,[a.k͈an.mi.an.hɛt̚.ʌ],[a.k͈an.mi.an.hɛt̚.ʌ]
커튼 좀,25,[kʰʌ.tʰɯn.tʃom],[kʰʌ.tʰɯn.dʒom]
진짜 사람이,25,[tʃin.tʃ͈a.sa.ɾam.i],[dʒin.tʃ͈a.sa.ɾam.i]
그럼 당신은요,25,[kɯ.ɾʌn.taŋ.sin.ɯn.jo],[gɯ.ɾʌm.daŋ.sin.ɯn.jo]
것들 내가,25,[kʌt̚.tɯl.lɛ.ka],[gʌt̚.tɯl.lɛ.ga]
폭탄 처리반,25,[pʰok̚.tʰan.tʃʰʌ.ɾi.pan],[pʰok̚.tʰan.tʃʰʌ.ɾi.ban]
내가 여기를,25,[nɛ.ka.jʌ.ki.ɾɯl],[nɛ.ga.jʌ.gi.ɾɯl]
윈스턴 비숍,25,[win.sɯ.tʰʌm.pi.sjop̚],[win.sɯ.tʰʌn.bi.sjop̚]
잘 들립니다,25,[tʃal.tɯl.ɾip̚.ni.ta],[dʒal.dɯl.ɾip̚.ni.da]
게 더 좋을,25,[ke.tʌ.tʃot̚.ɯl],[ge.dʌ.dʒot̚.ɯl]
진짜 미안,25,[tʃin.tʃ͈a.mi.an],[dʒin.tʃ͈a.mi.an]
불러야 할지,25,[pul.ɾʌ.ja.hal.tʃi],[bul.ɾʌ.ja.hal.tʃi]
와 알겠습니다,25,[wa.al.ket̚.sɯp̚.ni.ta],[wa.al.ket̚.sɯp̚.ni.da]
있었죠 내,25,[it̚.ʌt̚.tʃjo.nɛ],[it̚.ʌt̚.tʃjo.nɛ]
방해받지 않고,25,[paŋ.hɛ.pat̚.tʃi.aŋ.ko],[baŋ.hɛ.bat̚.tʃi.aŋ.ko]
she wants,25,,
안 춰,25,[an.tʃʰwʌ],[an.tʃʰwʌ]
씨 전화,25,[s͈i.tʃʌn.hwa],[s͈i.dʒʌn.hwa]
빠진 것처럼,25,[p͈a.tʃiŋ.kʌt̚.tʃʰʌ.ɾʌm],[p͈a.dʒin.gʌt̚.tʃʰʌ.ɾʌm]
쌍둥이 형제,25,[s͈aŋ.tuŋ.i.hjʌŋ.tʃe],[s͈aŋ.duŋ.i.hjʌŋ.dʒe]
없으니까 넌,25,[ʌp̚.ɯ.ni.k͈a.nʌn],[ʌp̚.ɯ.ni.k͈a.nʌn]
살 수 있는데,25,[sal.su.it̚.nɯn.te],[sal.su.it̚.nɯn.te]
뭘 아는,25,[mwʌl.a.nɯn],[mwʌl.a.nɯn]
씨발 놈이,25,[s͈i.pal.lom.i],[s͈i.bal.lom.i]
직업이 뭐죠,25,[tʃik̚.ʌp̚.i.mwʌ.tʃjo],[dʒik̚.ʌp̚.i.mwʌ.dʒjo]
집에 있으면서,25,[tʃip̚.e.it̚.ɯ.mjʌn.sʌ],[dʒip̚.e.it̚.ɯ.mjʌn.sʌ]
자 내일,25,[tʃa.nɛ.il],[dʒa.nɛ.il]
거라고 생각하면,25,[kʌ.ɾa.ko.sɛŋ.kak̚.ha.mjʌn],[gʌ.ɾa.go.sɛŋ.gak̚.ha.mjʌn]
들었는지 알아,25,[tɯl.ʌt̚.nɯn.tʃi.al.a],[dɯl.ʌt̚.nɯn.tʃi.al.a]
차 못,25,[tʃʰa.mot̚],[tʃʰa.mot̚]
같습니다 네,25,[kat̚.sɯp̚.ni.ta.ne],[gat̚.sɯp̚.ni.da.ne]
새 인생,25,[sɛ.in.sɛŋ],[sɛ.in.sɛŋ]
능력에 대해,25,[nɯŋ.ɾjʌk̚.e.tɛ.hɛ],[nɯŋ.ɾjʌk̚.e.dɛ.hɛ]
그리는 건,25,[kɯ.ɾi.nɯŋ.kʌn],[gɯ.ɾi.nɯn.gʌn]
저희 죽을,25,[tʃʌ.hɯi.tʃuk̚.ɯl],[dʒʌ.hɯi.dʒuk̚.ɯl]
올게 알았어,25,[ol.ke.al.at̚.ʌ],[ol.ke.al.at̚.ʌ]
돼요 당신을,25,[twɛ.jo.taŋ.sin.ɯl],[dwɛ.jo.daŋ.sin.ɯl]
규칙을 지켜,25,[kju.tʃʰik̚.ɯl.tʃi.kʰjʌ],[gju.tʃʰik̚.ɯl.dʒi.kʰjʌ]
마지막 식사,25,[ma.tʃi.mak̚.sik̚.sa],[ma.dʒi.mak̚.sik̚.sa]
싶을 거,25,[sip̚.ɯl.kʌ],[sip̚.ɯl.gʌ]
때 이상한,25,[t͈ɛ.i.saŋ.han],[t͈ɛ.i.saŋ.han]
있죠 나도,25,[it̚.tʃjo.na.to],[it̚.tʃjo.na.do]
게 좋잖아요,25,[ke.tʃot̚.tʃan.a.jo],[ge.dʒot̚.tʃan.a.jo]
옷이 그게,25,[ot̚.i.kɯ.ke],[ot̚.i.gɯ.ge]
내가 정신을,25,[nɛ.ka.tʃʌŋ.sin.ɯl],[nɛ.ga.dʒʌŋ.sin.ɯl]
팀이 필요해,25,[tʰim.i.pʰil.jo.hɛ],[tʰim.i.pʰil.jo.hɛ]
그리스 신화에,25,[kɯ.ɾi.sɯ.sin.hwa.e],[gɯ.ɾi.sɯ.sin.hwa.e]
잘 가요 잘,25,[tʃal.ka.jo.tʃal],[dʒal.ga.jo.dʒal]
거의 내,25,[kʌ.ɯi.nɛ],[gʌ.ɯi.nɛ]
그거 당신,25,[kɯ.kʌ.taŋ.sin],[gɯ.gʌ.daŋ.sin]
말해 볼까요,25,[mal.hɛ.pol.k͈a.jo],[mal.hɛ.bol.k͈a.jo]
수 있죠 제가,25,[su.it̚.tʃjo.tʃe.ka],[su.it̚.tʃjo.dʒe.ga]
어떤 문제요,25,[ʌ.t͈ʌn.mun.tʃe.jo],[ʌ.t͈ʌn.mun.tʃe.jo]
그게 당신에게,25,[kɯ.ke.taŋ.sin.e.ke],[gɯ.ge.daŋ.sin.e.ge]
아는 분이,25,[a.nɯm.pun.i],[a.nɯn.bun.i]
난 그대의,25,[naŋ.kɯ.tɛ.ɯi],[nan.gɯ.dɛ.ɯi]
너야 내가,25,[nʌ.ja.nɛ.ka],[nʌ.ja.nɛ.ga]
어떤 문제에,25,[ʌ.t͈ʌn.mun.tʃe.e],[ʌ.t͈ʌn.mun.tʃe.e]
할 말이에요,25,[hal.mal.i.e.jo],[hal.mal.i.e.jo]
이미 결정했어,25,[i.mi.kjʌl.tʃʌŋ.hɛt̚.ʌ],[i.mi.gjʌl.tʃʌŋ.hɛt̚.ʌ]
거기 누워,25,[kʌ.ki.nu.wʌ],[gʌ.gi.nu.wʌ]
갇혀 있었다,25,[kat̚.hjʌ.it̚.ʌt̚.ta],[gat̚.hjʌ.it̚.ʌt̚.ta]
있으니 잘,25,[it̚.ɯ.ni.tʃal],[it̚.ɯ.ni.dʒal]
수영하러 가자,25,[su.jʌŋ.ha.ɾʌ.ka.tʃa],[su.jʌŋ.ha.ɾʌ.ga.dʒa]
말해야 하나요,25,[mal.hɛ.ja.ha.na.jo],[mal.hɛ.ja.ha.na.jo]
애들이 얼마나,25,[ɛ.tɯl.i.ʌl.ma.na],[ɛ.dɯl.i.ʌl.ma.na]
거야 누굴,25,[kʌ.ja.nu.kul],[gʌ.ja.nu.gul]
젠장 또,25,[tʃen.tʃaŋ.t͈o],[dʒen.tʃaŋ.t͈o]
갔다 왔니,25,[kat̚.ta.wat̚.ni],[gat̚.ta.wat̚.ni]
말해야 했어,25,[mal.hɛ.ja.hɛt̚.ʌ],[mal.hɛ.ja.hɛt̚.ʌ]
갈 수는 없어요,25,[kal.su.nɯn.ʌp̚.ʌ.jo],[gal.su.nɯn.ʌp̚.ʌ.jo]
아니고 이건,25,[a.ni.ko.i.kʌn],[a.ni.go.i.gʌn]
전에 몇 가지,25,[tʃʌn.e.mjʌt̚.ka.tʃi],[dʒʌn.e.mjʌt̚.ga.dʒi]
보편적 인,25,[po.pʰjʌn.tʃʌk̚.in],[bo.pʰjʌn.tʃʌk̚.in]
취하는 게,25,[tʃʰwi.ha.nɯŋ.ke],[tʃʰwi.ha.nɯn.ge]
후 계속,25,[hu.kje.sok̚],[hu.gje.sok̚]
쉽게 포기하지,25,[swip̚.ke.pʰo.ki.ha.tʃi],[swip̚.ke.pʰo.gi.ha.dʒi]
그놈이 날,25,[kɯ.nom.i.nal],[gɯ.nom.i.nal]
번도 날,25,[pʌn.to.nal],[bʌn.to.nal]
안 해줬잖아,25,[an.hɛ.tʃwʌt̚.tʃan.a],[an.hɛ.dʒwʌt̚.tʃan.a]
그런 건 신경 안,25,[kɯ.ɾʌŋ.kʌn.siŋ.kjʌŋ.an],[gɯ.ɾʌn.gʌn.siŋ.kjʌŋ.an]
바다 위에,25,[pa.ta.wi.e],[ba.da.wi.e]
너에게 말할 수 있다,25,[nʌ.e.ke.mal.hal.su.it̚.ta],[nʌ.e.ge.mal.hal.su.it̚.ta]
아니라 여기서,25,[a.ni.ɾa.jʌ.ki.sʌ],[a.ni.ɾa.jʌ.gi.sʌ]
아닌 것 같던데,25,[a.niŋ.kʌt̚.kat̚.tʌn.te],[a.nin.gʌt̚.gat̚.tʌn.te]
살아 있는지,25,[sal.a.it̚.nɯn.tʃi],[sal.a.it̚.nɯn.tʃi]
저희가 도울,25,[tʃʌ.hɯi.ka.to.ul],[dʒʌ.hɯi.ga.do.ul]
나 임신했어요,25,[na.im.sin.hɛt̚.ʌ.jo],[na.im.sin.hɛt̚.ʌ.jo]
대답을 해야,25,[tɛ.tap̚.ɯl.hɛ.ja],[dɛ.dap̚.ɯl.hɛ.ja]
거기 있는 것,25,[kʌ.ki.it̚.nɯŋ.kʌt̚],[gʌ.gi.it̚.nɯn.gʌt̚]
같았어요 그,25,[kat̚.at̚.ʌ.jo.kɯ],[gat̚.at̚.ʌ.jo.gɯ]
당한 일을,25,[taŋ.han.il.ɯl],[daŋ.han.il.ɯl]
내가 해냈다,25,[nɛ.ka.hɛ.nɛt̚.ta],[nɛ.ga.hɛ.nɛt̚.ta]
다 들을,25,[ta.tɯl.ɯl],[da.dɯl.ɯl]
수갑을 찬,25,[su.kap̚.ɯl.tʃʰan],[su.gap̚.ɯl.tʃʰan]
준비된 거,25,[tʃum.pi.tweŋ.kʌ],[dʒum.pi.dwen.gʌ]
I can''t have,25,,
아닌 것이,25,[a.niŋ.kʌt̚.i],[a.nin.gʌt̚.i]
것이 있나요,25,[kʌt̚.i.it̚.na.jo],[gʌt̚.i.it̚.na.jo]
같이 앉아도,25,[kat̚.i.an.a.to],[gat̚.i.an.a.do]
사랑이 넘치는,25,[sa.ɾaŋ.i.nʌn.tʃʰi.nɯn],[sa.ɾaŋ.i.nʌn.tʃʰi.nɯn]
가은의 의아한,25,[ka.ɯn.ɯi.ɯi.a.han],[ga.ɯn.ɯi.ɯi.a.han]
앙증맞은 음악,25,[aŋ.tʃɯŋ.mat̚.ɯn.ɯm.ak̚],[aŋ.dʒɯŋ.mat̚.ɯn.ɯm.ak̚]
진짜 갈,25,[tʃin.tʃ͈a.kal],[dʒin.tʃ͈a.gal]
돕게 될,25,[top̚.ke.twel],[dop̚.ke.dwel]
왜 아무것도 안,25,[wɛ.a.mu.kʌt̚.to.an],[wɛ.a.mu.gʌt̚.to.an]
항상 우릴,25,[haŋ.saŋ.u.ɾil],[haŋ.saŋ.u.ɾil]
만들었을 거야,25,[man.tɯl.ʌt̚.ɯl.kʌ.ja],[man.tɯl.ʌt̚.ɯl.gʌ.ja]
그리핀 형사입니다,25,[kɯ.ɾi.pʰin.hjʌŋ.sa.ip̚.ni.ta],[gɯ.ɾi.pʰin.hjʌŋ.sa.ip̚.ni.da]
더 나은 사람으로,25,[tʌ.na.ɯn.sa.ɾam.ɯ.ɾo],[dʌ.na.ɯn.sa.ɾam.ɯ.ɾo]
우리 사업에,25,[u.ɾi.sa.ʌp̚.e],[u.ɾi.sa.ʌp̚.e]
올리지 마세요,25,[ol.ɾi.tʃi.ma.se.jo],[ol.ɾi.dʒi.ma.se.jo]
아니요 lrm,25,[a.ni.jo],[a.ni.jo]
분 전만 해도,25,[pun.tʃʌn.man.hɛ.to],[bun.dʒʌn.man.hɛ.do]
준비될 거야,25,[tʃum.pi.twel.kʌ.ja],[dʒum.pi.dwel.gʌ.ja]
좋다 네,25,[tʃot̚.ta.ne],[dʒot̚.ta.ne]
겁니다 왜냐하면,25,[kʌp̚.ni.ta.wɛ.nja.ha.mjʌn],[gʌp̚.ni.da.wɛ.nja.ha.mjʌn]
아니잖아요 내,25,[a.ni.tʃan.a.jo.nɛ],[a.ni.dʒan.a.jo.nɛ]
네가 하는 일은,25,[ne.ka.ha.nɯn.il.ɯn],[ne.ga.ha.nɯn.il.ɯn]
임무가 있다,25,[im.mu.ka.it̚.ta],[im.mu.ga.it̚.ta]
다 얘기했어,25,[ta.jɛ.ki.hɛt̚.ʌ],[da.jɛ.gi.hɛt̚.ʌ]
혼자 해도,25,[hon.tʃa.hɛ.to],[hon.tʃa.hɛ.do]
했어 lrm,25,[hɛt̚.ʌ],[hɛt̚.ʌ]
너와 함께 있고,25,[nʌ.wa.ham.k͈e.it̚.ko],[nʌ.wa.ham.k͈e.it̚.ko]
발견 한 것은,25,[pal.kjʌn.haŋ.kʌt̚.ɯn],[bal.kjʌn.han.gʌt̚.ɯn]
거야 거긴,25,[kʌ.ja.kʌ.kin],[gʌ.ja.gʌ.gin]
박혀 있는,25,[pak̚.hjʌ.it̚.nɯn],[bak̚.hjʌ.it̚.nɯn]
than any,25,,
아닌 우리,25,[a.nin.u.ɾi],[a.nin.u.ɾi]
난 죽음이,25,[nan.tʃuk̚.ɯm.i],[nan.dʒuk̚.ɯm.i]
내 애들,25,[nɛ.ɛ.tɯl],[nɛ.ɛ.dɯl]
잠깐만 그래,25,[tʃam.k͈an.maŋ.kɯ.ɾɛ],[dʒam.k͈an.man.gɯ.ɾɛ]
정도 시간이,25,[tʃʌŋ.to.si.kan.i],[dʒʌŋ.do.si.gan.i]
줄게 응,25,[tʃul.ke.ɯŋ],[dʒul.ke.ɯŋ]
만들지 않았어,25,[man.tɯl.tʃi.an.at̚.ʌ],[man.tɯl.tʃi.an.at̚.ʌ]
아닐지도 모르지만,25,[a.nil.tʃi.to.mo.ɾɯ.tʃi.man],[a.nil.tʃi.do.mo.ɾɯ.dʒi.man]
You cannot,25,,
않았던 것 같아,25,[an.at̚.tʌŋ.kʌt̚.kat̚.a],[an.at̚.tʌn.gʌt̚.gat̚.a]
한 차례,25,[han.tʃʰa.ɾje],[han.tʃʰa.ɾje]
가만 계세요,25,[ka.maŋ.kje.se.jo],[ga.man.gje.se.jo]
이유도 없어,25,[i.ju.to.ʌp̚.ʌ],[i.ju.do.ʌp̚.ʌ]
아닙니다 우리가,25,[a.nip̚.ni.ta.u.ɾi.ka],[a.nip̚.ni.da.u.ɾi.ga]
into his,25,,
맡을 거예요,25,[mat̚.ɯl.kʌ.je.jo],[mat̚.ɯl.gʌ.je.jo]
남극 탐사,25,[nam.kɯk̚.tʰam.sa],[nam.kɯk̚.tʰam.sa]
지금 하지,25,[tʃi.kɯm.ha.tʃi],[dʒi.gɯm.ha.dʒi]
너의 눈이 좋아,25,[nʌ.ɯi.nun.i.tʃot̚.a],[nʌ.ɯi.nun.i.dʒot̚.a]
있는 거구나,25,[it̚.nɯŋ.kʌ.ku.na],[it̚.nɯn.gʌ.gu.na]
내가 무슨 수로,25,[nɛ.ka.mu.sɯn.su.ɾo],[nɛ.ga.mu.sɯn.su.ɾo]
유일한 방법이지,25,[ju.il.ham.pam.pʌp̚.i.tʃi],[ju.il.han.baŋ.bʌp̚.i.dʒi]
너의 뒤에,25,[nʌ.ɯi.twi.e],[nʌ.ɯi.dwi.e]
그 곡,25,[kɯ.kok̚],[gɯ.gok̚]
말을 들었다면,25,[mal.ɯl.tɯl.ʌt̚.ta.mjʌn],[mal.ɯl.dɯl.ʌt̚.ta.mjʌn]
나서 못,25,[na.sʌ.mot̚],[na.sʌ.mot̚]
몰라요 오늘,25,[mol.ɾa.jo.o.nɯl],[mol.ɾa.jo.o.nɯl]
아래에 있습니다,25,[a.ɾɛ.e.it̚.sɯp̚.ni.ta],[a.ɾɛ.e.it̚.sɯp̚.ni.da]
너의 보조개가,25,[nʌ.ɯi.po.tʃo.kɛ.ka],[nʌ.ɯi.bo.dʒo.gɛ.ga]
뭐가 필요하세요,25,[mwʌ.ka.pʰil.jo.ha.se.jo],[mwʌ.ga.pʰil.jo.ha.se.jo]
정말로 날,25,[tʃʌŋ.mal.ɾo.nal],[dʒʌŋ.mal.ɾo.nal]
마찬가지야 그래서,25,[ma.tʃʰaŋ.ka.tʃi.ja.kɯ.ɾɛ.sʌ],[ma.tʃʰaŋ.ka.dʒi.ja.gɯ.ɾɛ.sʌ]
그런데 뭔가,25,[kɯ.ɾʌn.te.mwʌŋ.ka],[gɯ.ɾʌn.te.mwʌŋ.ka]
너의 셔츠가 좋아,25,[nʌ.ɯi.sjʌ.tʃʰɯ.ka.tʃot̚.a],[nʌ.ɯi.sjʌ.tʃʰɯ.ga.dʒot̚.a]
너의 셔츠가 좋아 너의,25,[nʌ.ɯi.sjʌ.tʃʰɯ.ka.tʃot̚.a.nʌ.ɯi],[nʌ.ɯi.sjʌ.tʃʰɯ.ga.dʒot̚.a.nʌ.ɯi]
때 일이,25,[t͈ɛ.il.i],[t͈ɛ.il.i]
일을 네가,25,[il.ɯl.le.ka],[il.ɯl.le.ga]
맡는 건,25,[mat̚.nɯŋ.kʌn],[mat̚.nɯn.gʌn]
유일한 사람입니다,25,[ju.il.han.sa.ɾam.ip̚.ni.ta],[ju.il.han.sa.ɾam.ip̚.ni.da]
치료가 필요해요,25,[tʃʰi.ɾjo.ka.pʰil.jo.hɛ.jo],[tʃʰi.ɾjo.ga.pʰil.jo.hɛ.jo]
뒤질 거야,25,[twi.tʃil.kʌ.ja],[dwi.dʒil.gʌ.ja]
있는 대로 다,25,[it̚.nɯn.tɛ.ɾo.ta],[it̚.nɯn.dɛ.ɾo.da]
결정한 게,25,[kjʌl.tʃʌŋ.haŋ.ke],[gjʌl.tʃʌŋ.han.ge]
저 친구들은,25,[tʃʌ.tʃʰiŋ.ku.tɯl.ɯn],[dʒʌ.tʃʰiŋ.ku.dɯl.ɯn]
뭘 원하시죠,25,[mwʌl.wʌn.ha.si.tʃjo],[mwʌl.wʌn.ha.si.dʒjo]
어떻게 하실 겁니까,25,[ʌ.t͈ʌt̚.ke.ha.sil.kʌp̚.ni.k͈a],[ʌ.t͈ʌt̚.ke.ha.sil.gʌp̚.ni.k͈a]
앞 못,25,[ap̚.mot̚],[ap̚.mot̚]
줄게요 난,25,[tʃul.ke.jo.nan],[dʒul.ke.jo.nan]
있으니 이,25,[it̚.ɯ.ni.i],[it̚.ɯ.ni.i]
to worry about,25,,
불러 내,25,[pul.ɾʌ.nɛ],[bul.ɾʌ.nɛ]
아닌데 네가,25,[a.nin.te.ne.ka],[a.nin.te.ne.ga]
알잖아 이제,25,[al.tʃan.a.i.tʃe],[al.tʃan.a.i.dʒe]
너의 입꼬리와 그 미소까지도,25,[nʌ.ɯi.ip̚.k͈o.ɾi.wa.kɯ.mi.so.k͈a.tʃi.to],[nʌ.ɯi.ip̚.k͈o.ɾi.wa.gɯ.mi.so.k͈a.dʒi.do]
너랑 이렇게,25,[nʌ.ɾaŋ.i.ɾʌt̚.ke],[nʌ.ɾaŋ.i.ɾʌt̚.ke]
거야 아이,25,[kʌ.ja.a.i],[gʌ.ja.a.i]
스위스 은행,25,[sɯ.wi.sɯ.ɯn.hɛŋ],[sɯ.wi.sɯ.ɯn.hɛŋ]
싶은 곳에,25,[sip̚.ɯŋ.kot̚.e],[sip̚.ɯn.got̚.e]
계획이 뭡니까,25,[kje.hwek̚.i.mwʌp̚.ni.k͈a],[gje.hwek̚.i.mwʌp̚.ni.k͈a]
다니는 것도,25,[ta.ni.nɯŋ.kʌt̚.to],[da.ni.nɯn.gʌt̚.to]
싶은 기분이,25,[sip̚.ɯŋ.ki.pun.i],[sip̚.ɯn.gi.bun.i]
뭘 의미하는,25,[mwʌl.ɯi.mi.ha.nɯn],[mwʌl.ɯi.mi.ha.nɯn]
우린 힘을,25,[u.ɾin.him.ɯl],[u.ɾin.him.ɯl]
당연하지 나,25,[taŋ.jʌn.ha.tʃi.na],[daŋ.jʌn.ha.dʒi.na]
감시하고 있다,25,[kam.si.ha.ko.it̚.ta],[gam.si.ha.go.it̚.ta]
이사 가요,25,[i.sa.ka.jo],[i.sa.ga.jo]
뭐라고 부르는,25,[mwʌ.ɾa.ko.pu.ɾɯ.nɯn],[mwʌ.ɾa.go.bu.ɾɯ.nɯn]
빼앗아 갔어,25,[p͈ɛ.at̚.a.kat̚.ʌ],[p͈ɛ.at̚.a.gat̚.ʌ]
했는 줄,25,[hɛt̚.nɯn.tʃul],[hɛt̚.nɯn.dʒul]
내가 미안해요,25,[nɛ.ka.mi.an.hɛ.jo],[nɛ.ga.mi.an.hɛ.jo]
아무도 더,25,[a.mu.to.tʌ],[a.mu.do.dʌ]
말이야 나랑,25,[mal.i.ja.na.ɾaŋ],[mal.i.ja.na.ɾaŋ]
number of,25,,
어떻게 일하는지,25,[ʌ.t͈ʌt̚.ke.il.ha.nɯn.tʃi],[ʌ.t͈ʌt̚.ke.il.ha.nɯn.tʃi]
아무도 신경쓰지,25,[a.mu.to.siŋ.kjʌŋ.s͈ɯ.tʃi],[a.mu.do.siŋ.kjʌŋ.s͈ɯ.dʒi]
유지하기 위해서,25,[ju.tʃi.ha.ki.wi.hɛ.sʌ],[ju.dʒi.ha.gi.wi.hɛ.sʌ]
안돼 좋아,25,[an.twɛ.tʃot̚.a],[an.twɛ.dʒot̚.a]
오늘 밤 네,25,[o.nɯl.pam.ne],[o.nɯl.bam.ne]
소년들은 라이더,25,[so.njʌn.tɯl.ɯl.la.i.tʌ],[so.njʌn.tɯl.ɯl.la.i.dʌ]
아무도 죽이지 않았어요,25,[a.mu.to.tʃuk̚.i.tʃi.an.at̚.ʌ.jo],[a.mu.do.dʒuk̚.i.dʒi.an.at̚.ʌ.jo]
발로 차서,25,[pal.ɾo.tʃʰa.sʌ],[bal.ɾo.tʃʰa.sʌ]
항상 그를,25,[haŋ.saŋ.kɯ.ɾɯl],[haŋ.saŋ.gɯ.ɾɯl]
알고 싶지도 않아요,25,[al.ko.sip̚.tʃi.to.an.a.jo],[al.ko.sip̚.tʃi.do.an.a.jo]
그 기분이,25,[kɯ.ki.pun.i],[gɯ.gi.bun.i]
안돼요 안돼요,25,[an.twɛ.jo.an.twɛ.jo],[an.twɛ.jo.an.twɛ.jo]
얘기를 하려는,25,[jɛ.ki.ɾɯl.ha.ɾjʌ.nɯn],[jɛ.gi.ɾɯl.ha.ɾjʌ.nɯn]
내렸을 때,25,[nɛ.ɾjʌt̚.ɯl.t͈ɛ],[nɛ.ɾjʌt̚.ɯl.t͈ɛ]
그럼 새로운,25,[kɯ.ɾʌm.sɛ.ɾo.un],[gɯ.ɾʌm.sɛ.ɾo.un]
있는 것들이,25,[it̚.nɯŋ.kʌt̚.tɯl.i],[it̚.nɯn.gʌt̚.tɯl.i]
당신은 뭔가를,25,[taŋ.sin.ɯn.mwʌŋ.ka.ɾɯl],[daŋ.sin.ɯn.mwʌŋ.ka.ɾɯl]
그래요 잠깐,25,[kɯ.ɾɛ.jo.tʃam.k͈an],[gɯ.ɾɛ.jo.dʒam.k͈an]
다음 희생자를,25,[ta.ɯm.hɯi.sɛŋ.tʃa.ɾɯl],[da.ɯm.hɯi.sɛŋ.dʒa.ɾɯl]
어디 가시나,25,[ʌ.ti.ka.si.na],[ʌ.di.ga.si.na]
이제 내 말을,25,[i.tʃe.nɛ.mal.ɯl],[i.dʒe.nɛ.mal.ɯl]
하고 싶은 사람,25,[ha.ko.sip̚.ɯn.sa.ɾam],[ha.go.sip̚.ɯn.sa.ɾam]
까짓거 못하면 어때,25,[k͈a.tʃit̚.kʌ.mot̚.ha.mjʌn.ʌ.t͈ɛ],[k͈a.dʒit̚.kʌ.mot̚.ha.mjʌn.ʌ.t͈ɛ]
무슨 짓을 한 건가,25,[mu.sɯn.tʃit̚.ɯl.haŋ.kʌŋ.ka],[mu.sɯn.dʒit̚.ɯl.han.gʌŋ.ka]
한번 해봅시다,25,[ham.pʌn.hɛ.pop̚.si.ta],[ham.pʌn.hɛ.bop̚.si.da]
어떤 새로운,25,[ʌ.t͈ʌn.sɛ.ɾo.un],[ʌ.t͈ʌn.sɛ.ɾo.un]
아뇨 오늘,25,[a.njo.o.nɯl],[a.njo.o.nɯl]
날 평생,25,[nal.pʰjʌŋ.sɛŋ],[nal.pʰjʌŋ.sɛŋ]
육 팀장의,25,[juk̚.tʰin.tʃaŋ.ɯi],[juk̚.tʰin.tʃaŋ.ɯi]
다른 놈들도,25,[ta.ɾɯn.non.tɯl.to],[da.ɾɯn.non.tɯl.to]
연락이 되지,25,[jʌl.lak̚.i.twe.tʃi],[jʌl.lak̚.i.dwe.dʒi]
거라고요 내,25,[kʌ.ɾa.ko.jo.nɛ],[gʌ.ɾa.go.jo.nɛ]
뿐이에요 그리고,25,[p͈un.i.e.jo.kɯ.ɾi.ko],[p͈un.i.e.jo.gɯ.ɾi.go]
두 곳을,25,[tu.kot̚.ɯl],[du.got̚.ɯl]
아직 기회는,25,[a.tʃik̚.ki.hwe.nɯn],[a.dʒik̚.gi.hwe.nɯn]
네 아기,25,[ne.a.ki],[ne.a.gi]
아빠 여기 있어,25,[a.p͈a.jʌ.ki.it̚.ʌ],[a.p͈a.jʌ.gi.it̚.ʌ]
한 방향으로,25,[ham.paŋ.hjaŋ.ɯ.ɾo],[han.baŋ.hjaŋ.ɯ.ɾo]
손 떼세요,25,[son.t͈e.se.jo],[son.t͈e.se.jo]
어떤 상황,25,[ʌ.t͈ʌn.saŋ.hwaŋ],[ʌ.t͈ʌn.saŋ.hwaŋ]
몸만 잠든다,25,[mom.man.tʃan.tɯn.ta],[mom.man.dʒan.tɯn.ta]
아뇨 다,25,[a.njo.ta],[a.njo.da]
보자 나,25,[po.tʃa.na],[bo.dʒa.na]
그는 누군가를,25,[kɯ.nɯn.nu.kuŋ.ka.ɾɯl],[gɯ.nɯn.nu.guŋ.ka.ɾɯl]
못 가는데,25,[mot̚.ka.nɯn.te],[mot̚.ga.nɯn.te]
따로 없죠,25,[t͈a.ɾo.ʌp̚.tʃjo],[t͈a.ɾo.ʌp̚.tʃjo]
내가 밤새,25,[nɛ.ka.pam.sɛ],[nɛ.ga.bam.sɛ]
니가 해,25,[ni.ka.hɛ],[ni.ga.hɛ]
달려야 해,25,[tal.ɾjʌ.ja.hɛ],[dal.ɾjʌ.ja.hɛ]
얘기하지 않을,25,[jɛ.ki.ha.tʃi.an.ɯl],[jɛ.gi.ha.dʒi.an.ɯl]
으 으 으,25,[ɯ.ɯ.ɯ],[ɯ.ɯ.ɯ]
따로 있다고,25,[t͈a.ɾo.it̚.ta.ko],[t͈a.ɾo.it̚.ta.go]
그러고 있는,25,[kɯ.ɾʌ.ko.it̚.nɯn],[gɯ.ɾʌ.go.it̚.nɯn]
일을 처리해야,25,[il.ɯl.tʃʰʌ.ɾi.hɛ.ja],[il.ɯl.tʃʰʌ.ɾi.hɛ.ja]
그럼요 하지만,25,[kɯ.ɾʌm.jo.ha.tʃi.man],[gɯ.ɾʌm.jo.ha.dʒi.man]
한 남성이,25,[han.nam.sʌŋ.i],[han.nam.sʌŋ.i]
거대한 붉은,25,[kʌ.tɛ.ham.puk̚.ɯn],[gʌ.dɛ.han.buk̚.ɯn]
있는 게 좋을 것,25,[it̚.nɯŋ.ke.tʃot̚.ɯl.kʌt̚],[it̚.nɯn.ge.dʒot̚.ɯl.gʌt̚]
없잖아 이런,25,[ʌp̚.tʃan.a.i.ɾʌn],[ʌp̚.tʃan.a.i.ɾʌn]
다른 사람한테도,25,[ta.ɾɯn.sa.ɾam.han.tʰe.to],[da.ɾɯn.sa.ɾam.han.tʰe.do]
대의를 위해서,25,[tɛ.ɯi.ɾɯl.wi.hɛ.sʌ],[dɛ.ɯi.ɾɯl.wi.hɛ.sʌ]
씨가 기다리고,25,[s͈i.ka.ki.ta.ɾi.ko],[s͈i.ga.gi.da.ɾi.go]
만약 실패하면,25,[man.jak̚.sil.pʰɛ.ha.mjʌn],[man.jak̚.sil.pʰɛ.ha.mjʌn]
그녀는 있었다,25,[kɯ.njʌ.nɯn.it̚.ʌt̚.ta],[gɯ.njʌ.nɯn.it̚.ʌt̚.ta]
다른 손으로,25,[ta.ɾɯn.son.ɯ.ɾo],[da.ɾɯn.son.ɯ.ɾo]
곧 시작합니다,25,[kot̚.si.tʃak̚.hap̚.ni.ta],[got̚.si.dʒak̚.hap̚.ni.da]
그녀를 구할 수,25,[kɯ.njʌ.ɾɯl.ku.hal.su],[gɯ.njʌ.ɾɯl.gu.hal.su]
가는게 어때,25,[ka.nɯŋ.ke.ʌ.t͈ɛ],[ga.nɯŋ.ke.ʌ.t͈ɛ]
그냥 여자,25,[kɯ.njaŋ.jʌ.tʃa],[gɯ.njaŋ.jʌ.dʒa]
그런 것 때문에,25,[kɯ.ɾʌŋ.kʌt̚.t͈ɛ.mun.e],[gɯ.ɾʌn.gʌt̚.t͈ɛ.mun.e]
싶은게 있어,25,[sip̚.ɯŋ.ke.it̚.ʌ],[sip̚.ɯŋ.ke.it̚.ʌ]
만약 범인이,25,[man.jak̚.pʌm.in.i],[man.jak̚.bʌm.in.i]
리 없으니까,25,[ɾi.ʌp̚.ɯ.ni.k͈a],[ɾi.ʌp̚.ɯ.ni.k͈a]
있는 데가,25,[it̚.nɯn.te.ka],[it̚.nɯn.de.ga]
맞은 거예요,25,[mat̚.ɯŋ.kʌ.je.jo],[mat̚.ɯn.gʌ.je.jo]
상관할 바 아니다,25,[saŋ.kwan.hal.pa.a.ni.ta],[saŋ.gwan.hal.ba.a.ni.da]
좀 차리고,25,[tʃon.tʃʰa.ɾi.ko],[dʒon.tʃʰa.ɾi.go]
아이디어가 있어요,25,[a.i.ti.ʌ.ka.it̚.ʌ.jo],[a.i.di.ʌ.ga.it̚.ʌ.jo]
White boy,25,,
그는 당신과,25,[kɯ.nɯn.taŋ.siŋ.kwa],[gɯ.nɯn.daŋ.siŋ.kwa]
단계로 넘어갈,25,[taŋ.kje.ɾo.nʌm.ʌ.kal],[daŋ.kje.ɾo.nʌm.ʌ.gal]
정말 그러네,25,[tʃʌŋ.mal.kɯ.ɾʌ.ne],[dʒʌŋ.mal.gɯ.ɾʌ.ne]
스스로를 위해,25,[sɯ.sɯ.ɾo.ɾɯl.wi.hɛ],[sɯ.sɯ.ɾo.ɾɯl.wi.hɛ]
날도 추운데,25,[nal.to.tʃʰu.un.te],[nal.to.tʃʰu.un.te]
혹시 괜찮다면,25,[hok̚.si.kwɛn.tʃʰan.ta.mjʌn],[hok̚.si.gwɛn.tʃʰan.ta.mjʌn]
스즈 씨,25,[sɯ.tʃɯ.s͈i],[sɯ.dʒɯ.s͈i]
있어 해,25,[it̚.ʌ.hɛ],[it̚.ʌ.hɛ]
당장 필요한,25,[taŋ.tʃam.pʰil.jo.han],[daŋ.dʒam.pʰil.jo.han]
쟤들 좀,25,[tʃjɛ.tɯl.tʃom],[dʒjɛ.dɯl.dʒom]
하는데 제,25,[ha.nɯn.te.tʃe],[ha.nɯn.te.dʒe]
상대가 못,25,[saŋ.tɛ.ka.mot̚],[saŋ.dɛ.ga.mot̚]
거라고 말했어요,25,[kʌ.ɾa.ko.mal.hɛt̚.ʌ.jo],[gʌ.ɾa.go.mal.hɛt̚.ʌ.jo]
뿐이야 뭐,25,[p͈un.i.ja.mwʌ],[p͈un.i.ja.mwʌ]
안아 줄게,25,[an.a.tʃul.ke],[an.a.dʒul.ke]
아는 건 그게 다예요,25,[a.nɯŋ.kʌŋ.kɯ.ke.ta.je.jo],[a.nɯn.gʌn.gɯ.ge.da.je.jo]
엄청 멋진,25,[ʌn.tʃʰʌŋ.mʌt̚.tʃin],[ʌn.tʃʰʌŋ.mʌt̚.tʃin]
그는 대단한,25,[kɯ.nɯn.tɛ.tan.han],[gɯ.nɯn.dɛ.dan.han]
내 말대로 해요,25,[nɛ.mal.tɛ.ɾo.hɛ.jo],[nɛ.mal.tɛ.ɾo.hɛ.jo]
지금은 달라,25,[tʃi.kɯm.ɯn.tal.ɾa],[dʒi.gɯm.ɯn.dal.ɾa]
집에 들어가는,25,[tʃip̚.e.tɯl.ʌ.ka.nɯn],[dʒip̚.e.dɯl.ʌ.ga.nɯn]
없죠 다른,25,[ʌp̚.tʃjo.ta.ɾɯn],[ʌp̚.tʃjo.da.ɾɯn]
녹기 전에,25,[nok̚.ki.tʃʌn.e],[nok̚.ki.dʒʌn.e]
안 되겠습니다,25,[an.twe.ket̚.sɯp̚.ni.ta],[an.dwe.get̚.sɯp̚.ni.da]
우리 아들이야,25,[u.ɾi.a.tɯl.i.ja],[u.ɾi.a.dɯl.i.ja]
the human,25,,
해 솔직히,25,[hɛ.sol.tʃik̚.hi],[hɛ.sol.tʃik̚.hi]
대신 당신,25,[tɛ.sin.taŋ.sin],[dɛ.sin.daŋ.sin]
기분이 어떨,25,[ki.pun.i.ʌ.t͈ʌl],[gi.bun.i.ʌ.t͈ʌl]
할게 제발,25,[hal.ke.tʃe.pal],[hal.ke.dʒe.bal]
저 모든,25,[tʃʌ.mo.tɯn],[dʒʌ.mo.dɯn]
계신 분들,25,[kje.sim.pun.tɯl],[gje.sin.bun.tɯl]
at her,25,,
잠깐 눈 좀,25,[tʃam.k͈an.nun.tʃom],[dʒam.k͈an.nun.dʒom]
게 돼,25,[ke.twɛ],[ge.dwɛ]
내가 너한테 뭘,25,[nɛ.ka.nʌ.han.tʰe.mwʌl],[nɛ.ga.nʌ.han.tʰe.mwʌl]
아직 따뜻해,25,[a.tʃik̚.t͈a.t͈ɯt̚.hɛ],[a.dʒik̚.t͈a.t͈ɯt̚.hɛ]
좋아 당장,25,[tʃot̚.a.taŋ.tʃaŋ],[dʒot̚.a.daŋ.dʒaŋ]
아직 모르겠지만,25,[a.tʃik̚.mo.ɾɯ.ket̚.tʃi.man],[a.dʒik̚.mo.ɾɯ.get̚.tʃi.man]
내가 너흴,25,[nɛ.ka.nʌ.hɯil],[nɛ.ga.nʌ.hɯil]
옮기고 있어,25,[om.ki.ko.it̚.ʌ],[om.ki.go.it̚.ʌ]
보지도 못했어,25,[po.tʃi.to.mot̚.hɛt̚.ʌ],[bo.dʒi.do.mot̚.hɛt̚.ʌ]
아직 밝혀지지 않았습니다,25,[a.tʃik̚.pak̚.hjʌ.tʃi.tʃi.an.at̚.sɯp̚.ni.ta],[a.dʒik̚.bak̚.hjʌ.dʒi.dʒi.an.at̚.sɯp̚.ni.da]
먹을 수 있게,25,[mʌk̚.ɯl.su.it̚.ke],[mʌk̚.ɯl.su.it̚.ke]
당신을 죽일 수,25,[taŋ.sin.ɯl.tʃuk̚.il.su],[daŋ.sin.ɯl.dʒuk̚.il.su]
안전을 위해서요,25,[an.tʃʌn.ɯl.wi.hɛ.sʌ.jo],[an.tʃʌn.ɯl.wi.hɛ.sʌ.jo]
저 사람요,25,[tʃʌ.sa.ɾam.jo],[dʒʌ.sa.ɾam.jo]
짜증 나는 건,25,[tʃ͈a.tʃɯŋ.na.nɯŋ.kʌn],[tʃ͈a.dʒɯŋ.na.nɯn.gʌn]
죽을지도 모르는데,25,[tʃuk̚.ɯl.tʃi.to.mo.ɾɯ.nɯn.te],[dʒuk̚.ɯl.tʃi.do.mo.ɾɯ.nɯn.te]
너희 지금,25,[nʌ.hɯi.tʃi.kɯm],[nʌ.hɯi.dʒi.gɯm]
저 산,25,[tʃʌ.san],[dʒʌ.san]
있는 새,25,[it̚.nɯn.sɛ],[it̚.nɯn.sɛ]
뭘 찾았는지 봐,25,[mwʌl.tʃʰat̚.at̚.nɯn.tʃi.pwa],[mwʌl.tʃʰat̚.at̚.nɯn.tʃi.bwa]
아직 어딘가에,25,[a.tʃik̚.ʌ.tiŋ.ka.e],[a.dʒik̚.ʌ.diŋ.ka.e]
은혜를 어떻게,25,[ɯn.hje.ɾɯl.ʌ.t͈ʌt̚.ke],[ɯn.hje.ɾɯl.ʌ.t͈ʌt̚.ke]
그냥 천천히,25,[kɯ.njaŋ.tʃʰʌn.tʃʰʌn.hi],[gɯ.njaŋ.tʃʰʌn.tʃʰʌn.hi]
점점 가까워지고 있어,25,[tʃʌn.tʃʌm.ka.k͈a.wʌ.tʃi.ko.it̚.ʌ],[dʒʌn.tʃʌm.ga.k͈a.wʌ.dʒi.go.it̚.ʌ]
간 거 아니었어,25,[kaŋ.kʌ.a.ni.ʌt̚.ʌ],[gan.gʌ.a.ni.ʌt̚.ʌ]
on us,25,,
돌아가고 싶지 않아요,25,[tol.a.ka.ko.sip̚.tʃi.an.a.jo],[dol.a.ga.go.sip̚.tʃi.an.a.jo]
예전엔 그랬지,25,[je.tʃʌn.eŋ.kɯ.ɾɛt̚.tʃi],[je.dʒʌn.en.gɯ.ɾɛt̚.tʃi]
하신 말씀을,25,[ha.sin.mal.s͈ɯm.ɯl],[ha.sin.mal.s͈ɯm.ɯl]
나는 원하지 않아,25,[na.nɯn.wʌn.ha.tʃi.an.a],[na.nɯn.wʌn.ha.dʒi.an.a]
고통을 겪게,25,[ko.tʰoŋ.ɯl.kjʌk̚.ke],[go.tʰoŋ.ɯl.gjʌk̚.ke]
짜증 나는지,25,[tʃ͈a.tʃɯŋ.na.nɯn.tʃi],[tʃ͈a.dʒɯŋ.na.nɯn.tʃi]
참지 않을,25,[tʃʰan.tʃi.an.ɯl],[tʃʰan.tʃi.an.ɯl]
누가 그에게,25,[nu.ka.kɯ.e.ke],[nu.ga.gɯ.e.ge]
그저 좋은,25,[kɯ.tʃʌ.tʃot̚.ɯn],[gɯ.dʒʌ.dʒot̚.ɯn]
보고 들을,25,[po.ko.tɯl.ɯl],[bo.go.dɯl.ɯl]
저도 가고,25,[tʃʌ.to.ka.ko],[dʒʌ.do.ga.go]
너희가 정말,25,[nʌ.hɯi.ka.tʃʌŋ.mal],[nʌ.hɯi.ga.dʒʌŋ.mal]
리그 오브,25,[ɾi.kɯ.o.pɯ],[ɾi.gɯ.o.bɯ]
아니에요 어서,25,[a.ni.e.jo.ʌ.sʌ],[a.ni.e.jo.ʌ.sʌ]
같이 잤어요,25,[kat̚.i.tʃat̚.ʌ.jo],[gat̚.i.dʒat̚.ʌ.jo]
날씨가 정말,25,[nal.s͈i.ka.tʃʌŋ.mal],[nal.s͈i.ga.dʒʌŋ.mal]
하나의 거대한,25,[ha.na.ɯi.kʌ.tɛ.han],[ha.na.ɯi.gʌ.dɛ.han]
보셨을 겁니다,25,[po.sjʌt̚.ɯl.kʌp̚.ni.ta],[bo.sjʌt̚.ɯl.gʌp̚.ni.da]
달러 입니다,25,[tal.ɾʌ.ip̚.ni.ta],[dal.ɾʌ.ip̚.ni.da]
전쟁을 치르고,25,[tʃʌn.tʃɛŋ.ɯl.tʃʰi.ɾɯ.ko],[dʒʌn.tʃɛŋ.ɯl.tʃʰi.ɾɯ.go]
Where the,25,,
차로 가서,25,[tʃʰa.ɾo.ka.sʌ],[tʃʰa.ɾo.ga.sʌ]
달러 정도요,25,[tal.ɾʌ.tʃʌŋ.to.jo],[dal.ɾʌ.dʒʌŋ.do.jo]
접근하고 있다,25,[tʃʌp̚.kɯn.ha.ko.it̚.ta],[dʒʌp̚.kɯn.ha.go.it̚.ta]
너희는 여기서,25,[nʌ.hɯi.nɯn.jʌ.ki.sʌ],[nʌ.hɯi.nɯn.jʌ.gi.sʌ]
안전한 여행,25,[an.tʃʌn.han.jʌ.hɛŋ],[an.tʃʌn.han.jʌ.hɛŋ]
겁니다 게다가,25,[kʌp̚.ni.ta.ke.ta.ka],[gʌp̚.ni.da.ge.da.ga]
재미 없어요,25,[tʃɛ.mi.ʌp̚.ʌ.jo],[dʒɛ.mi.ʌp̚.ʌ.jo]
듣고 싶다면,25,[tɯt̚.ko.sip̚.ta.mjʌn],[dɯt̚.ko.sip̚.ta.mjʌn]
그 년을,25,[kɯ.njʌn.ɯl],[gɯ.njʌn.ɯl]
따윈 관심,25,[t͈a.wiŋ.kwan.sim],[t͈a.win.gwan.sim]
계산서 좀,25,[kje.san.sʌ.tʃom],[gje.san.sʌ.dʒom]
ba ba ba,25,,
돌아가신 후에,25,[tol.a.ka.sin.hu.e],[dol.a.ga.sin.hu.e]
얘기는 안 해,25,[jɛ.ki.nɯn.an.hɛ],[jɛ.gi.nɯn.an.hɛ]
씨가 어떻게,25,[s͈i.ka.ʌ.t͈ʌt̚.ke],[s͈i.ga.ʌ.t͈ʌt̚.ke]
서야 해,25,[sʌ.ja.hɛ],[sʌ.ja.hɛ]
나도 볼,25,[na.to.pol],[na.do.bol]
효과가 없었어요,25,[hjo.kwa.ka.ʌp̚.ʌt̚.ʌ.jo],[hjo.gwa.ga.ʌp̚.ʌt̚.ʌ.jo]
상처를 줬어요,25,[saŋ.tʃʰʌ.ɾɯl.tʃwʌt̚.ʌ.jo],[saŋ.tʃʰʌ.ɾɯl.dʒwʌt̚.ʌ.jo]
난 하나,25,[nan.ha.na],[nan.ha.na]
잊을 리가,25,[it̚.ɯl.ɾi.ka],[it̚.ɯl.ɾi.ga]
내 사과를,25,[nɛ.sa.kwa.ɾɯl],[nɛ.sa.gwa.ɾɯl]
time is,25,,
하니까 좀,25,[ha.ni.k͈a.tʃom],[ha.ni.k͈a.dʒom]
됐어 가자,25,[twɛt̚.ʌ.ka.tʃa],[dwɛt̚.ʌ.ga.dʒa]
함께 하지만,25,[ham.k͈e.ha.tʃi.man],[ham.k͈e.ha.dʒi.man]
여자는 그냥,25,[jʌ.tʃa.nɯŋ.kɯ.njaŋ],[jʌ.dʒa.nɯn.gɯ.njaŋ]
형은 항상,25,[hjʌŋ.ɯn.haŋ.saŋ],[hjʌŋ.ɯn.haŋ.saŋ]
때마다 당신은,25,[t͈ɛ.ma.ta.taŋ.sin.ɯn],[t͈ɛ.ma.da.daŋ.sin.ɯn]
그렇게 나를,25,[kɯ.ɾʌt̚.ke.na.ɾɯl],[gɯ.ɾʌt̚.ke.na.ɾɯl]
나 없을,25,[na.ʌp̚.ɯl],[na.ʌp̚.ɯl]
내가 가 볼게,25,[nɛ.ka.ka.pol.ke],[nɛ.ga.ga.bol.ke]
거예요 예,25,[kʌ.je.jo.je],[gʌ.je.jo.je]
와 볼래,25,[wa.pol.ɾɛ],[wa.bol.ɾɛ]
너를 돕고,25,[nʌ.ɾɯl.top̚.ko],[nʌ.ɾɯl.dop̚.ko]
them a,25,,
싶어 너무,25,[sip̚.ʌ.nʌ.mu],[sip̚.ʌ.nʌ.mu]
DNA를 가지고,25,[ɾɯl.ka.tʃi.ko],[ɾɯl.ga.dʒi.go]
그녀는 뭔가를,25,[kɯ.njʌ.nɯn.mwʌŋ.ka.ɾɯl],[gɯ.njʌ.nɯn.mwʌŋ.ka.ɾɯl]
아무도 그게,25,[a.mu.to.kɯ.ke],[a.mu.do.gɯ.ge]
상하게 할,25,[saŋ.ha.ke.hal],[saŋ.ha.ge.hal]
우리 둘뿐이에요,25,[u.ɾi.tul.p͈un.i.e.jo],[u.ɾi.dul.p͈un.i.e.jo]
있어서 가,25,[it̚.ʌ.sʌ.ka],[it̚.ʌ.sʌ.ga]
것 더,25,[kʌt̚.tʌ],[gʌt̚.dʌ]
안 돼 하지 마,25,[an.twɛ.ha.tʃi.ma],[an.dwɛ.ha.dʒi.ma]
거야 잘됐네요,25,[kʌ.ja.tʃal.twɛt̚.ne.jo],[gʌ.ja.dʒal.twɛt̚.ne.jo]
알아 날 비웃어도 떨쳐,25,[al.a.nal.pi.ut̚.ʌ.to.t͈ʌl.tʃʰjʌ],[al.a.nal.bi.ut̚.ʌ.do.t͈ʌl.tʃʰjʌ]
가 이거,25,[ka.i.kʌ],[ga.i.gʌ]
앉아 어서,25,[an.a.ʌ.sʌ],[an.a.ʌ.sʌ]
같은 하루,25,[kat̚.ɯn.ha.ɾu],[gat̚.ɯn.ha.ɾu]
일 났네,25,[il.lat̚.ne],[il.lat̚.ne]
나와 함께할,25,[na.wa.ham.k͈e.hal],[na.wa.ham.k͈e.hal]
누가 나와,25,[nu.ka.na.wa],[nu.ga.na.wa]
안 되는 거 알아요,25,[an.twe.nɯŋ.kʌ.al.a.jo],[an.dwe.nɯn.gʌ.al.a.jo]
안 되는 거 알지,25,[an.twe.nɯŋ.kʌ.al.tʃi],[an.dwe.nɯn.gʌ.al.tʃi]
얘기는 들었어요,25,[jɛ.ki.nɯn.tɯl.ʌt̚.ʌ.jo],[jɛ.gi.nɯn.dɯl.ʌt̚.ʌ.jo]
그 눈을,25,[kɯ.nun.ɯl],[gɯ.nun.ɯl]
안 돼요 뭐,25,[an.twɛ.jo.mwʌ],[an.dwɛ.jo.mwʌ]
나에게 말하고,25,[na.e.ke.mal.ha.ko],[na.e.ge.mal.ha.go]
시간을 줘야,25,[si.kan.ɯl.tʃwʌ.ja],[si.gan.ɯl.dʒwʌ.ja]
낭비할 시간 없어,25,[nam.pi.hal.si.kan.ʌp̚.ʌ],[naŋ.bi.hal.si.gan.ʌp̚.ʌ]
내 직감은,25,[nɛ.tʃik̚.kam.ɯn],[nɛ.dʒik̚.kam.ɯn]
푸른 나비,25,[pʰu.ɾɯn.na.pi],[pʰu.ɾɯn.na.bi]
끊어야 돼,25,[k͈ɯn.ʌ.ja.twɛ],[k͈ɯn.ʌ.ja.dwɛ]
light of,25,,
끝난 게 아니에요,25,[k͈ɯt̚.naŋ.ke.a.ni.e.jo],[k͈ɯt̚.nan.ge.a.ni.e.jo]
보면 누가,25,[po.mjʌn.nu.ka],[bo.mjʌn.nu.ga]
많은 걸 배웠어요,25,[man.ɯŋ.kʌl.pɛ.wʌt̚.ʌ.jo],[man.ɯn.gʌl.bɛ.wʌt̚.ʌ.jo]
아는 애가,25,[a.nɯn.ɛ.ka],[a.nɯn.ɛ.ga]
대답하지 마요,25,[tɛ.tap̚.ha.tʃi.ma.jo],[dɛ.dap̚.ha.dʒi.ma.jo]
와 있었어요,25,[wa.it̚.ʌt̚.ʌ.jo],[wa.it̚.ʌt̚.ʌ.jo]
way back,25,,
좋아 어떤,25,[tʃot̚.a.ʌ.t͈ʌn],[dʒot̚.a.ʌ.t͈ʌn]
있는 호텔,25,[it̚.nɯn.ho.tʰel],[it̚.nɯn.ho.tʰel]
차를 훔쳐,25,[tʃʰa.ɾɯl.hun.tʃʰjʌ],[tʃʰa.ɾɯl.hun.tʃʰjʌ]
부탁이 있어서,25,[pu.tʰak̚.i.it̚.ʌ.sʌ],[bu.tʰak̚.i.it̚.ʌ.sʌ]
그렇게 네,25,[kɯ.ɾʌt̚.ke.ne],[gɯ.ɾʌt̚.ke.ne]
그만 두지,25,[kɯ.man.tu.tʃi],[gɯ.man.du.dʒi]
됐어 뭘,25,[twɛt̚.ʌ.mwʌl],[dwɛt̚.ʌ.mwʌl]
너를 먼저,25,[nʌ.ɾɯl.mʌn.tʃʌ],[nʌ.ɾɯl.mʌn.tʃʌ]
제대로 일을,25,[tʃe.tɛ.ɾo.il.ɯl],[dʒe.dɛ.ɾo.il.ɯl]
그 다음은요,25,[kɯ.ta.ɯm.ɯn.jo],[gɯ.da.ɯm.ɯn.jo]
돈을 받을 수,25,[ton.ɯl.pat̚.ɯl.su],[don.ɯl.bat̚.ɯl.su]
말해봐 어떻게,25,[mal.hɛ.pwa.ʌ.t͈ʌt̚.ke],[mal.hɛ.bwa.ʌ.t͈ʌt̚.ke]
훨씬 더 나은,25,[hwʌl.s͈in.tʌ.na.ɯn],[hwʌl.s͈in.dʌ.na.ɯn]
짓을 했는데요,25,[tʃit̚.ɯl.hɛt̚.nɯn.te.jo],[dʒit̚.ɯl.hɛt̚.nɯn.te.jo]
그리고 이것을,25,[kɯ.ɾi.ko.i.kʌt̚.ɯl],[gɯ.ɾi.go.i.gʌt̚.ɯl]
데려다 줬어,25,[te.ɾjʌ.ta.tʃwʌt̚.ʌ],[de.ɾjʌ.da.dʒwʌt̚.ʌ]
소리 같은,25,[so.ɾi.kat̚.ɯn],[so.ɾi.gat̚.ɯn]
다치지 않고,25,[ta.tʃʰi.tʃi.aŋ.ko],[da.tʃʰi.dʒi.aŋ.ko]
않는데 왜,25,[an.nɯn.te.wɛ],[an.nɯn.te.wɛ]
길을 가지 말고,25,[kil.ɯl.ka.tʃi.mal.ko],[gil.ɯl.ga.dʒi.mal.ko]
남들과 다른,25,[nan.tɯl.kwa.ta.ɾɯn],[nan.tɯl.kwa.da.ɾɯn]
안 갈게요,25,[aŋ.kal.ke.jo],[an.gal.ke.jo]
안 쓰지만,25,[an.s͈ɯ.tʃi.man],[an.s͈ɯ.dʒi.man]
새로운 세계,25,[sɛ.ɾo.un.se.kje],[sɛ.ɾo.un.se.gje]
안 오고 뭐,25,[an.o.ko.mwʌ],[an.o.go.mwʌ]
그만 들어가,25,[kɯ.man.tɯl.ʌ.ka],[gɯ.man.dɯl.ʌ.ga]
엉뚱한 곳을,25,[ʌŋ.t͈uŋ.haŋ.kot̚.ɯl],[ʌŋ.t͈uŋ.han.got̚.ɯl]
아는데 그런,25,[a.nɯn.te.kɯ.ɾʌn],[a.nɯn.te.gɯ.ɾʌn]
주는 대가로,25,[tʃu.nɯn.tɛ.ka.ɾo],[dʒu.nɯn.dɛ.ga.ɾo]
죽음과 관련이,25,[tʃuk̚.ɯm.kwa.kwal.ljʌn.i],[dʒuk̚.ɯm.kwa.gwal.ljʌn.i]
당신 아니면,25,[taŋ.sin.a.ni.mjʌn],[daŋ.sin.a.ni.mjʌn]
몇 방울,25,[mjʌt̚.paŋ.ul],[mjʌt̚.baŋ.ul]
만큼 한,25,[maŋ.kʰɯm.han],[maŋ.kʰɯm.han]
안전하지 않다는,25,[an.tʃʌn.ha.tʃi.an.ta.nɯn],[an.tʃʌn.ha.dʒi.an.ta.nɯn]
나는 네가 할,25,[na.nɯn.ne.ka.hal],[na.nɯn.ne.ga.hal]
그래서 더욱,25,[kɯ.ɾɛ.sʌ.tʌ.uk̚],[gɯ.ɾɛ.sʌ.dʌ.uk̚]
머리를 맑게,25,[mʌ.ɾi.ɾɯl.mak̚.ke],[mʌ.ɾi.ɾɯl.mak̚.ke]
네 뭐야,25,[ne.mwʌ.ja],[ne.mwʌ.ja]
넌 그럴 권리가,25,[nʌŋ.kɯ.ɾʌl.kwʌl.li.ka],[nʌn.gɯ.ɾʌl.gwʌl.li.ga]
저번 달에,25,[tʃʌ.pʌn.tal.e],[dʒʌ.bʌn.dal.e]
새로운 친구,25,[sɛ.ɾo.un.tʃʰiŋ.ku],[sɛ.ɾo.un.tʃʰiŋ.ku]
저 부르셨어요,25,[tʃʌ.pu.ɾɯ.sjʌt̚.ʌ.jo],[dʒʌ.bu.ɾɯ.sjʌt̚.ʌ.jo]
나 주는 거야,25,[na.tʃu.nɯŋ.kʌ.ja],[na.dʒu.nɯn.gʌ.ja]
아직 모르나,25,[a.tʃik̚.mo.ɾɯ.na],[a.dʒik̚.mo.ɾɯ.na]
지구 반대편에서,25,[tʃi.ku.pan.tɛ.pʰjʌn.e.sʌ],[dʒi.gu.ban.tɛ.pʰjʌn.e.sʌ]
응 당신이,25,[ɯŋ.taŋ.sin.i],[ɯŋ.daŋ.sin.i]
됐어 이게,25,[twɛt̚.ʌ.i.ke],[dwɛt̚.ʌ.i.ge]
천만 달러는,25,[tʃʰʌn.man.tal.ɾʌ.nɯn],[tʃʰʌn.man.dal.ɾʌ.nɯn]
소식을 전해주는,25,[so.sik̚.ɯl.tʃʌn.hɛ.tʃu.nɯn],[so.sik̚.ɯl.dʒʌn.hɛ.dʒu.nɯn]
내가 혹시,25,[nɛ.ka.hok̚.si],[nɛ.ga.hok̚.si]
그런 경험,25,[kɯ.ɾʌŋ.kjʌŋ.hʌm],[gɯ.ɾʌn.gjʌŋ.hʌm]
거기 놔,25,[kʌ.ki.nwa],[gʌ.gi.nwa]
와본 적이,25,[wa.pon.tʃʌk̚.i],[wa.bon.dʒʌk̚.i]
어쩔 수 없는 거야,25,[ʌ.tʃ͈ʌl.su.ʌp̚.nɯŋ.kʌ.ja],[ʌ.tʃ͈ʌl.su.ʌp̚.nɯn.gʌ.ja]
순 없었지,25,[sun.ʌp̚.ʌt̚.tʃi],[sun.ʌp̚.ʌt̚.tʃi]
거야 이름은,25,[kʌ.ja.i.ɾɯm.ɯn],[gʌ.ja.i.ɾɯm.ɯn]
한 가지에,25,[haŋ.ka.tʃi.e],[han.ga.dʒi.e]
안 해 줄 거야,25,[an.hɛ.tʃul.kʌ.ja],[an.hɛ.dʒul.gʌ.ja]
넘은 것,25,[nʌm.ɯŋ.kʌt̚],[nʌm.ɯn.gʌt̚]
좋아 자네,25,[tʃot̚.a.tʃa.ne],[dʒot̚.a.dʒa.ne]
한 개는,25,[haŋ.kɛ.nɯn],[han.gɛ.nɯn]
새로운 힘을,25,[sɛ.ɾo.un.him.ɯl],[sɛ.ɾo.un.him.ɯl]
드세요 고마워요,25,[tɯ.se.jo.ko.ma.wʌ.jo],[dɯ.se.jo.go.ma.wʌ.jo]
가서 제가,25,[ka.sʌ.tʃe.ka],[ga.sʌ.dʒe.ga]
얼마나 오래된,25,[ʌl.ma.na.o.ɾɛ.twen],[ʌl.ma.na.o.ɾɛ.dwen]
새가 벌레를,25,[sɛ.ka.pʌl.ɾe.ɾɯl],[sɛ.ga.bʌl.ɾe.ɾɯl]
항상 제가,25,[haŋ.saŋ.tʃe.ka],[haŋ.saŋ.dʒe.ga]
저희 어머니가,25,[tʃʌ.hɯi.ʌ.mʌ.ni.ka],[dʒʌ.hɯi.ʌ.mʌ.ni.ga]
없어 아마도,25,[ʌp̚.ʌ.a.ma.to],[ʌp̚.ʌ.a.ma.do]
am going,25,,
찍는 거예요,25,[tʃ͈ik̚.nɯŋ.kʌ.je.jo],[tʃ͈ik̚.nɯn.gʌ.je.jo]
달라고 부탁한,25,[tal.ɾa.ko.pu.tʰak̚.han],[dal.ɾa.go.bu.tʰak̚.han]
그게 말이 된다고,25,[kɯ.ke.mal.i.twen.ta.ko],[gɯ.ge.mal.i.dwen.ta.go]
훔칠 거야,25,[hun.tʃʰil.kʌ.ja],[hun.tʃʰil.gʌ.ja]
차에 타는,25,[tʃʰa.e.tʰa.nɯn],[tʃʰa.e.tʰa.nɯn]
동생 일은,25,[toŋ.sɛŋ.il.ɯn],[doŋ.sɛŋ.il.ɯn]
a wonderful,25,,
뭐 좀 알아냈나,25,[mwʌ.tʃom.al.a.nɛt̚.na],[mwʌ.dʒom.al.a.nɛt̚.na]
넌 내 아들을,25,[nʌn.nɛ.a.tɯl.ɯl],[nʌn.nɛ.a.dɯl.ɯl]
나랑 같이 가면,25,[na.ɾaŋ.kat̚.i.ka.mjʌn],[na.ɾaŋ.gat̚.i.ga.mjʌn]
차에 타면,25,[tʃʰa.e.tʰa.mjʌn],[tʃʰa.e.tʰa.mjʌn]
있는 또 다른,25,[it̚.nɯn.t͈o.ta.ɾɯn],[it̚.nɯn.t͈o.da.ɾɯn]
거야 이러지,25,[kʌ.ja.i.ɾʌ.tʃi],[gʌ.ja.i.ɾʌ.dʒi]
벌어지는 일을,25,[pʌl.ʌ.tʃi.nɯn.il.ɯl],[bʌl.ʌ.dʒi.nɯn.il.ɯl]
뭘 쓰는,25,[mwʌl.s͈ɯ.nɯn],[mwʌl.s͈ɯ.nɯn]
boy Carl,25,,
한 마지막,25,[han.ma.tʃi.mak̚],[han.ma.dʒi.mak̚]
He could,25,,
그거 진짜야,25,[kɯ.kʌ.tʃin.tʃ͈a.ja],[gɯ.gʌ.dʒin.tʃ͈a.ja]
새로 칠해도 돼,25,[sɛ.ɾo.tʃʰil.hɛ.to.twɛ],[sɛ.ɾo.tʃʰil.hɛ.do.dwɛ]
때를 대비한,25,[t͈ɛ.ɾɯl.tɛ.pi.han],[t͈ɛ.ɾɯl.dɛ.bi.han]
가슴 깊이,25,[ka.sɯm.kip̚.i],[ga.sɯm.gip̚.i]
그래도 다들,25,[kɯ.ɾɛ.to.ta.tɯl],[gɯ.ɾɛ.do.da.dɯl]
나이 차가,25,[na.i.tʃʰa.ka],[na.i.tʃʰa.ga]
괜찮으신 거예요,25,[kwɛn.tʃʰan.ɯ.siŋ.kʌ.je.jo],[gwɛn.tʃʰan.ɯ.sin.gʌ.je.jo]
거야 다만,25,[kʌ.ja.ta.man],[gʌ.ja.da.man]
중국 음식을,25,[tʃuŋ.kuk̚.ɯm.sik̚.ɯl],[dʒuŋ.guk̚.ɯm.sik̚.ɯl]
a hard,25,,
없다는 것이,25,[ʌp̚.ta.nɯŋ.kʌt̚.i],[ʌp̚.ta.nɯn.gʌt̚.i]
어떻게 만난,25,[ʌ.t͈ʌt̚.ke.man.nan],[ʌ.t͈ʌt̚.ke.man.nan]
그가 알게,25,[kɯ.ka.al.ke],[gɯ.ga.al.ke]
데려올 때,25,[te.ɾjʌ.ol.t͈ɛ],[de.ɾjʌ.ol.t͈ɛ]
같은 편이라고,25,[kat̚.ɯm.pʰjʌn.i.ɾa.ko],[gat̚.ɯm.pʰjʌn.i.ɾa.go]
어떤 자식이,25,[ʌ.t͈ʌn.tʃa.sik̚.i],[ʌ.t͈ʌn.dʒa.sik̚.i]
것 같네요 그,25,[kʌt̚.kat̚.ne.jo.kɯ],[gʌt̚.gat̚.ne.jo.gɯ]
whole new,25,,
계세요 네,25,[kje.se.jo.ne],[gje.se.jo.ne]
어떤 일이 생길지,25,[ʌ.t͈ʌn.il.i.sɛŋ.kil.tʃi],[ʌ.t͈ʌn.il.i.sɛŋ.gil.tʃi]
중대 발표를,25,[tʃuŋ.tɛ.pal.pʰjo.ɾɯl],[dʒuŋ.dɛ.bal.pʰjo.ɾɯl]
것 같아요 세상에,25,[kʌt̚.kat̚.a.jo.se.saŋ.e],[gʌt̚.gat̚.a.jo.se.saŋ.e]
그 때 내가,25,[kɯ.t͈ɛ.nɛ.ka],[gɯ.t͈ɛ.nɛ.ga]
후회하지 않을 거야,25,[hu.hwe.ha.tʃi.an.ɯl.kʌ.ja],[hu.hwe.ha.dʒi.an.ɯl.gʌ.ja]
함께할 수 있는,25,[ham.k͈e.hal.su.it̚.nɯn],[ham.k͈e.hal.su.it̚.nɯn]
받아 낼,25,[pat̚.a.nɛl],[bat̚.a.nɛl]
저 사람 좀 봐,25,[tʃʌ.sa.ɾan.tʃom.pwa],[dʒʌ.sa.ɾam.dʒom.bwa]
내 셔츠를,25,[nɛ.sjʌ.tʃʰɯ.ɾɯl],[nɛ.sjʌ.tʃʰɯ.ɾɯl]
먹여 살리는,25,[mʌk̚.jʌ.sal.ɾi.nɯn],[mʌk̚.jʌ.sal.ɾi.nɯn]
뭐 지금,25,[mwʌ.tʃi.kɯm],[mwʌ.dʒi.gɯm]
기쁜지 몰라,25,[ki.p͈ɯn.tʃi.mol.ɾa],[gi.p͈ɯn.tʃi.mol.ɾa]
당신 아버지랑,25,[taŋ.sin.a.pʌ.tʃi.ɾaŋ],[daŋ.sin.a.bʌ.dʒi.ɾaŋ]
않는다면 이,25,[an.nɯn.ta.mjʌn.i],[an.nɯn.ta.mjʌn.i]
죽은 사람들은,25,[tʃuk̚.ɯn.sa.ɾan.tɯl.ɯn],[dʒuk̚.ɯn.sa.ɾan.tɯl.ɯn]
정말 딱,25,[tʃʌŋ.mal.t͈ak̚],[dʒʌŋ.mal.t͈ak̚]
정말 도움이 될,25,[tʃʌŋ.mal.to.um.i.twel],[dʒʌŋ.mal.do.um.i.dwel]
않는다 이,25,[an.nɯn.ta.i],[an.nɯn.ta.i]
새해 전야,25,[sɛ.hɛ.tʃʌn.ja],[sɛ.hɛ.dʒʌn.ja]
하는 거군요,25,[ha.nɯŋ.kʌ.kun.jo],[ha.nɯn.gʌ.gun.jo]
있는게 아냐,25,[it̚.nɯŋ.ke.a.nja],[it̚.nɯŋ.ke.a.nja]
먹을 거나,25,[mʌk̚.ɯl.kʌ.na],[mʌk̚.ɯl.gʌ.na]
하는 거니까요,25,[ha.nɯŋ.kʌ.ni.k͈a.jo],[ha.nɯn.gʌ.ni.k͈a.jo]
아니 이미,25,[a.ni.i.mi],[a.ni.i.mi]
사건 당일에,25,[sa.kʌn.taŋ.il.e],[sa.gʌn.daŋ.il.e]
제발 가요,25,[tʃe.pal.ka.jo],[dʒe.bal.ga.jo]
전쟁을 할,25,[tʃʌn.tʃɛŋ.ɯl.hal],[dʒʌn.tʃɛŋ.ɯl.hal]
와인 두,25,[wa.in.tu],[wa.in.du]
너를 원하지,25,[nʌ.ɾɯl.wʌn.ha.tʃi],[nʌ.ɾɯl.wʌn.ha.dʒi]
달리고 있어요,25,[tal.ɾi.ko.it̚.ʌ.jo],[dal.ɾi.go.it̚.ʌ.jo]
술도 못,25,[sul.to.mot̚],[sul.to.mot̚]
아니 잠깐만,25,[a.ni.tʃam.k͈an.man],[a.ni.dʒam.k͈an.man]
달리는 거야,25,[tal.ɾi.nɯŋ.kʌ.ja],[dal.ɾi.nɯn.gʌ.ja]
됐어요 지금,25,[twɛt̚.ʌ.jo.tʃi.kɯm],[dwɛt̚.ʌ.jo.dʒi.gɯm]
어스트와일 양,25,[ʌ.sɯ.tʰɯ.wa.il.jaŋ],[ʌ.sɯ.tʰɯ.wa.il.jaŋ]
그런 꼴,25,[kɯ.ɾʌŋ.k͈ol],[gɯ.ɾʌŋ.k͈ol]
이러는 거에요,25,[i.ɾʌ.nɯŋ.kʌ.e.jo],[i.ɾʌ.nɯn.gʌ.e.jo]
의도는 아니었어요,25,[ɯi.to.nɯn.a.ni.ʌt̚.ʌ.jo],[ɯi.do.nɯn.a.ni.ʌt̚.ʌ.jo]
들면 안,25,[tɯl.mjʌn.an],[dɯl.mjʌn.an]
대신할 거야,25,[tɛ.sin.hal.kʌ.ja],[dɛ.sin.hal.gʌ.ja]
보고 그렇게,25,[po.ko.kɯ.ɾʌt̚.ke],[bo.go.gɯ.ɾʌt̚.ke]
버틸 겁니다,25,[pʌ.tʰil.kʌp̚.ni.ta],[bʌ.tʰil.gʌp̚.ni.da]
잔 마셔,25,[tʃan.ma.sjʌ],[dʒan.ma.sjʌ]
너는 다시,25,[nʌ.nɯn.ta.si],[nʌ.nɯn.da.si]
같은데 그래도,25,[kat̚.ɯn.te.kɯ.ɾɛ.to],[gat̚.ɯn.te.gɯ.ɾɛ.do]
술을 마셨어,25,[sul.ɯl.ma.sjʌt̚.ʌ],[sul.ɯl.ma.sjʌt̚.ʌ]
넌 무엇을,25,[nʌn.mu.ʌt̚.ɯl],[nʌn.mu.ʌt̚.ɯl]
에드먼드 리드,25,[e.tɯ.mʌn.tɯ.ɾi.tɯ],[e.dɯ.mʌn.tɯ.ɾi.dɯ]
딸 잘,25,[t͈al.tʃal],[t͈al.dʒal]
힘든지 알아요,25,[hin.tɯn.tʃi.al.a.jo],[hin.tɯn.tʃi.al.a.jo]
있는데 아니,25,[it̚.nɯn.te.a.ni],[it̚.nɯn.te.a.ni]
저 사람들 좀,25,[tʃʌ.sa.ɾan.tɯl.tʃom],[dʒʌ.sa.ɾan.tɯl.dʒom]
있어 어때,25,[it̚.ʌ.ʌ.t͈ɛ],[it̚.ʌ.ʌ.t͈ɛ]
넌 믿을,25,[nʌn.mit̚.ɯl],[nʌn.mit̚.ɯl]
Air Date on October,25,,
샌드위치 좀,25,[sɛn.tɯ.wi.tʃʰi.tʃom],[sɛn.tɯ.wi.tʃʰi.dʒom]
전 존,25,[tʃʌn.tʃon],[dʒʌn.dʒon]
증거 불충분으로,25,[tʃɯŋ.kʌ.pul.tʃʰum.pun.ɯ.ɾo],[dʒɯŋ.gʌ.bul.tʃʰuŋ.bun.ɯ.ɾo]
하던 말,25,[ha.tʌn.mal],[ha.dʌn.mal]
있잖아요 아니,25,[it̚.tʃan.a.jo.a.ni],[it̚.tʃan.a.jo.a.ni]
White boy Carl,25,,
뭐가 필요한지 알아,25,[mwʌ.ka.pʰil.jo.han.tʃi.al.a],[mwʌ.ga.pʰil.jo.han.tʃi.al.a]
밖에 차가,25,[pak̚.e.tʃʰa.ka],[bak̚.e.tʃʰa.ga]
중앙 컴퓨터,25,[tʃuŋ.aŋ.kʰʌm.pʰju.tʰʌ],[dʒuŋ.aŋ.kʰʌm.pʰju.tʰʌ]
망치지 말라고,25,[maŋ.tʃʰi.tʃi.mal.ɾa.ko],[maŋ.tʃʰi.dʒi.mal.ɾa.go]
숨 쉬지,25,[sum.swi.tʃi],[sum.swi.dʒi]
없다는 사실을,25,[ʌp̚.ta.nɯn.sa.sil.ɯl],[ʌp̚.ta.nɯn.sa.sil.ɯl]
그 말 하지,25,[kɯ.mal.ha.tʃi],[gɯ.mal.ha.dʒi]
그녀의 작은,25,[kɯ.njʌ.ɯi.tʃak̚.ɯn],[gɯ.njʌ.ɯi.dʒak̚.ɯn]
일을 한 적이,25,[il.ɯl.han.tʃʌk̚.i],[il.ɯl.han.dʒʌk̚.i]
지금 현장에,25,[tʃi.kɯm.hjʌn.tʃaŋ.e],[dʒi.gɯm.hjʌn.tʃaŋ.e]
것 뿐만,25,[kʌt̚.p͈un.man],[gʌt̚.p͈un.man]
신랑 신부,25,[sil.laŋ.sim.pu],[sil.laŋ.sim.pu]
것 뿐만 아니라,25,[kʌt̚.p͈un.man.a.ni.ɾa],[gʌt̚.p͈un.man.a.ni.ɾa]
넌 선택권이,25,[nʌn.sʌn.tʰɛk̚.kwʌn.i],[nʌn.sʌn.tʰɛk̚.kwʌn.i]
부인 무슨,25,[pu.in.mu.sɯn],[bu.in.mu.sɯn]
데리고 가다,25,[te.ɾi.ko.ka.ta],[de.ɾi.go.ga.da]
홈즈 씨가,25,[hon.tʃɯ.s͈i.ka],[hon.tʃɯ.s͈i.ga]
진심을 담아서,25,[tʃin.sim.ɯl.tam.a.sʌ],[dʒin.sim.ɯl.dam.a.sʌ]
당신 눈에,25,[taŋ.sin.nun.e],[daŋ.sin.nun.e]
영혼이 없는,25,[jʌŋ.hon.i.ʌp̚.nɯn],[jʌŋ.hon.i.ʌp̚.nɯn]
뭘 그렇게 봐,25,[mwʌl.kɯ.ɾʌt̚.ke.pwa],[mwʌl.gɯ.ɾʌt̚.ke.bwa]
완벽할 거야,25,[wam.pjʌk̚.hal.kʌ.ja],[wam.pjʌk̚.hal.gʌ.ja]
그럼 결국,25,[kɯ.ɾʌm.kjʌl.kuk̚],[gɯ.ɾʌm.gjʌl.kuk̚]
봐요 어디,25,[pwa.jo.ʌ.ti],[bwa.jo.ʌ.di]
that will,25,,
당신 대체 누구야,25,[taŋ.sin.tɛ.tʃʰe.nu.ku.ja],[daŋ.sin.dɛ.tʃʰe.nu.gu.ja]
항상 가장,25,[haŋ.saŋ.ka.tʃaŋ],[haŋ.saŋ.ga.dʒaŋ]
좋아요 lrm,25,[tʃot̚.a.jo],[dʒot̚.a.jo]
꼭 알려,25,[k͈ok̚.al.ɾjʌ],[k͈ok̚.al.ɾjʌ]
있는데 너,25,[it̚.nɯn.te.nʌ],[it̚.nɯn.te.nʌ]
않아 좋은,25,[an.a.tʃot̚.ɯn],[an.a.dʒot̚.ɯn]
왜 술을,25,[wɛ.sul.ɯl],[wɛ.sul.ɯl]
난들 아나,25,[nan.tɯl.a.na],[nan.tɯl.a.na]
내 좆같은,25,[nɛ.tʃot̚.kat̚.ɯn],[nɛ.dʒot̚.kat̚.ɯn]
내 이름은 마이클,25,[nɛ.i.ɾɯm.ɯn.ma.i.kʰɯl],[nɛ.i.ɾɯm.ɯn.ma.i.kʰɯl]
지금 가장 중요한,25,[tʃi.kɯm.ka.tʃaŋ.tʃuŋ.jo.han],[dʒi.gɯm.ga.dʒaŋ.dʒuŋ.jo.han]
뜻은 아니죠,25,[t͈ɯt̚.ɯn.a.ni.tʃjo],[t͈ɯt̚.ɯn.a.ni.dʒjo]
부인 부인,25,[pu.im.pu.in],[bu.in.bu.in]
DNA 검사 결과,25,[kʌm.sa.kjʌl.kwa],[gʌm.sa.gjʌl.kwa]
알고 싶은 것은,25,[al.ko.sip̚.ɯŋ.kʌt̚.ɯn],[al.ko.sip̚.ɯn.gʌt̚.ɯn]
look at it,25,,
그들은 어디,25,[kɯ.tɯl.ɯn.ʌ.ti],[gɯ.dɯl.ɯn.ʌ.di]
잡히는 게,25,[tʃap̚.hi.nɯŋ.ke],[dʒap̚.hi.nɯn.ge]
웃기는 건,25,[ut̚.ki.nɯŋ.kʌn],[ut̚.ki.nɯn.gʌn]
확실히 아는 사람은,25,[hwak̚.sil.hi.a.nɯn.sa.ɾam.ɯn],[hwak̚.sil.hi.a.nɯn.sa.ɾam.ɯn]
이런 거 잘,25,[i.ɾʌŋ.kʌ.tʃal],[i.ɾʌn.gʌ.dʒal]
때리지 말아요,25,[t͈ɛ.ɾi.tʃi.mal.a.jo],[t͈ɛ.ɾi.dʒi.mal.a.jo]
완전 맘에,25,[wan.tʃʌn.mam.e],[wan.tʃʌn.mam.e]
어떻게 진행되는지,25,[ʌ.t͈ʌt̚.ke.tʃin.hɛŋ.twe.nɯn.tʃi],[ʌ.t͈ʌt̚.ke.dʒin.hɛŋ.dwe.nɯn.tʃi]
보이는 것만,25,[po.i.nɯŋ.kʌt̚.man],[bo.i.nɯn.gʌt̚.man]
않아요 게다가,25,[an.a.jo.ke.ta.ka],[an.a.jo.ge.da.ga]
forgot to,25,,
것 같아요 아,25,[kʌt̚.kat̚.a.jo.a],[gʌt̚.gat̚.a.jo.a]
알려드릴 게,25,[al.ɾjʌ.tɯ.ɾil.ke],[al.ɾjʌ.dɯ.ɾil.ge]
것이 아니고,25,[kʌt̚.i.a.ni.ko],[gʌt̚.i.a.ni.go]
가까워지고 있어요,25,[ka.k͈a.wʌ.tʃi.ko.it̚.ʌ.jo],[ga.k͈a.wʌ.dʒi.go.it̚.ʌ.jo]
생각을 가진,25,[sɛŋ.kak̚.ɯl.ka.tʃin],[sɛŋ.gak̚.ɯl.ga.dʒin]
당신은 누구예요,25,[taŋ.sin.ɯn.nu.ku.je.jo],[daŋ.sin.ɯn.nu.gu.je.jo]
의사가 아니야,25,[ɯi.sa.ka.a.ni.ja],[ɯi.sa.ga.a.ni.ja]
너를 쫓아내리라,25,[nʌ.ɾɯl.tʃ͈ot̚.a.nɛ.ɾi.ɾa],[nʌ.ɾɯl.tʃ͈ot̚.a.nɛ.ɾi.ɾa]
일이 일어날거라고,25,[il.i.il.ʌ.nal.kʌ.ɾa.ko],[il.i.il.ʌ.nal.kʌ.ɾa.go]
딸 이름은,25,[t͈al.i.ɾɯm.ɯn],[t͈al.i.ɾɯm.ɯn]
티켈 씨의,25,[tʰi.kʰel.s͈i.ɯi],[tʰi.kʰel.s͈i.ɯi]
생각 같지,25,[sɛŋ.kak̚.kat̚.tʃi],[sɛŋ.gak̚.gat̚.tʃi]
싸우지 마세요,25,[s͈a.u.tʃi.ma.se.jo],[s͈a.u.dʒi.ma.se.jo]
그게 문제가 아냐,25,[kɯ.ke.mun.tʃe.ka.a.nja],[gɯ.ge.mun.tʃe.ga.a.nja]
입고 가면,25,[ip̚.ko.ka.mjʌn],[ip̚.ko.ga.mjʌn]
look at the,25,,
넌 어떻게 할,25,[nʌn.ʌ.t͈ʌt̚.ke.hal],[nʌn.ʌ.t͈ʌt̚.ke.hal]
아이젠 하워,25,[a.i.tʃen.ha.wʌ],[a.i.dʒen.ha.wʌ]
생각을 하면서,25,[sɛŋ.kak̚.ɯl.ha.mjʌn.sʌ],[sɛŋ.gak̚.ɯl.ha.mjʌn.sʌ]
말을 잘 안,25,[mal.ɯl.tʃal.an],[mal.ɯl.dʒal.an]
해 주시고,25,[hɛ.tʃu.si.ko],[hɛ.dʒu.si.go]
그래서 자넬,25,[kɯ.ɾɛ.sʌ.tʃa.nel],[gɯ.ɾɛ.sʌ.dʒa.nel]
하마터면 죽을,25,[ha.ma.tʰʌ.mjʌn.tʃuk̚.ɯl],[ha.ma.tʰʌ.mjʌn.dʒuk̚.ɯl]
말은 필요,25,[mal.ɯm.pʰil.jo],[mal.ɯm.pʰil.jo]
죽어 가고 있어,25,[tʃuk̚.ʌ.ka.ko.it̚.ʌ],[dʒuk̚.ʌ.ga.go.it̚.ʌ]
찾고 있었잖아,25,[tʃʰat̚.ko.it̚.ʌt̚.tʃan.a],[tʃʰat̚.ko.it̚.ʌt̚.tʃan.a]
있죠 잘,25,[it̚.tʃjo.tʃal],[it̚.tʃjo.dʒal]
생각이 났다,25,[sɛŋ.kak̚.i.nat̚.ta],[sɛŋ.gak̚.i.nat̚.ta]
생각이 달라질,25,[sɛŋ.kak̚.i.tal.ɾa.tʃil],[sɛŋ.gak̚.i.dal.ɾa.dʒil]
안 돼요 다,25,[an.twɛ.jo.ta],[an.dwɛ.jo.da]
거 볼래,25,[kʌ.pol.ɾɛ],[gʌ.bol.ɾɛ]
생각이 많아,25,[sɛŋ.kak̚.i.man.a],[sɛŋ.gak̚.i.man.a]
것이다 그녀는,25,[kʌt̚.i.ta.kɯ.njʌ.nɯn],[gʌt̚.i.da.gɯ.njʌ.nɯn]
알아요 이게,25,[al.a.jo.i.ke],[al.a.jo.i.ge]
그런 느낌이야,25,[kɯ.ɾʌn.nɯ.k͈im.i.ja],[gɯ.ɾʌn.nɯ.k͈im.i.ja]
둔기에 의한 외상,25,[tuŋ.ki.e.ɯi.han.we.saŋ],[duŋ.ki.e.ɯi.han.we.saŋ]
생각이 바뀌면,25,[sɛŋ.kak̚.i.pa.k͈wi.mjʌn],[sɛŋ.gak̚.i.ba.k͈wi.mjʌn]
얼마나 운이 좋은지,25,[ʌl.ma.na.un.i.tʃot̚.ɯn.tʃi],[ʌl.ma.na.un.i.dʒot̚.ɯn.tʃi]
생각 못했어,25,[sɛŋ.kak̚.mot̚.hɛt̚.ʌ],[sɛŋ.gak̚.mot̚.hɛt̚.ʌ]
머리 모양,25,[mʌ.ɾi.mo.jaŋ],[mʌ.ɾi.mo.jaŋ]
맙소사 괜찮아,25,[map̚.so.sa.kwɛn.tʃʰan.a],[map̚.so.sa.gwɛn.tʃʰan.a]
알아 자네가,25,[al.a.tʃa.ne.ka],[al.a.dʒa.ne.ga]
년 뒤에는,25,[njʌn.twi.e.nɯn],[njʌn.dwi.e.nɯn]
낮잠을 자고,25,[nat̚.tʃam.ɯl.tʃa.ko],[nat̚.tʃam.ɯl.dʒa.go]
알았어 여보,25,[al.at̚.ʌ.jʌ.po],[al.at̚.ʌ.jʌ.bo]
않았다면 우린,25,[an.at̚.ta.mjʌn.u.ɾin],[an.at̚.ta.mjʌn.u.ɾin]
생각이라고 생각하지,25,[sɛŋ.kak̚.i.ɾa.ko.sɛŋ.kak̚.ha.tʃi],[sɛŋ.gak̚.i.ɾa.go.sɛŋ.gak̚.ha.dʒi]
맙소사 어떻게 된,25,[map̚.so.sa.ʌ.t͈ʌt̚.ke.twen],[map̚.so.sa.ʌ.t͈ʌt̚.ke.dwen]
당신을 사랑했어,25,[taŋ.sin.ɯl.sa.ɾaŋ.hɛt̚.ʌ],[daŋ.sin.ɯl.sa.ɾaŋ.hɛt̚.ʌ]
않아요 그러면,25,[an.a.jo.kɯ.ɾʌ.mjʌn],[an.a.jo.gɯ.ɾʌ.mjʌn]
그래서 시간이,25,[kɯ.ɾɛ.sʌ.si.kan.i],[gɯ.ɾɛ.sʌ.si.gan.i]
내 적이,25,[nɛ.tʃʌk̚.i],[nɛ.dʒʌk̚.i]
알았어요 엄마,25,[al.at̚.ʌ.jo.ʌm.ma],[al.at̚.ʌ.jo.ʌm.ma]
간다고 하면,25,[kan.ta.ko.ha.mjʌn],[gan.ta.go.ha.mjʌn]
미소까지도 네가,25,[mi.so.k͈a.tʃi.to.ne.ka],[mi.so.k͈a.dʒi.do.ne.ga]
크게 소리,25,[kʰɯ.ke.so.ɾi],[kʰɯ.ge.so.ɾi]
내가 아기를,25,[nɛ.ka.a.ki.ɾɯl],[nɛ.ga.a.gi.ɾɯl]
내용에 대해,25,[nɛ.joŋ.e.tɛ.hɛ],[nɛ.joŋ.e.dɛ.hɛ]
놀랍지 않네요,25,[nol.ɾap̚.tʃi.an.ne.jo],[nol.ɾap̚.tʃi.an.ne.jo]
알잖아요 당신이,25,[al.tʃan.a.jo.taŋ.sin.i],[al.tʃan.a.jo.daŋ.sin.i]
앉아 자,25,[an.a.tʃa],[an.a.dʒa]
건 잘 알지만,25,[kʌn.tʃal.al.tʃi.man],[gʌn.dʒal.al.tʃi.man]
가나 봐,25,[ka.na.pwa],[ga.na.bwa]
생각하겠지 하지만,25,[sɛŋ.kak̚.ha.ket̚.tʃi.ha.tʃi.man],[sɛŋ.gak̚.ha.get̚.tʃi.ha.dʒi.man]
저 사람들과,25,[tʃʌ.sa.ɾan.tɯl.kwa],[dʒʌ.sa.ɾan.tɯl.kwa]
전 이랬죠,25,[tʃʌn.i.ɾɛt̚.tʃjo],[dʒʌn.i.ɾɛt̚.tʃjo]
넌 이길,25,[nʌn.i.kil],[nʌn.i.gil]
오늘 어떻게,25,[o.nɯl.ʌ.t͈ʌt̚.ke],[o.nɯl.ʌ.t͈ʌt̚.ke]
본 사이에,25,[pon.sa.i.e],[bon.sa.i.e]
당신은 대단한,25,[taŋ.sin.ɯn.tɛ.tan.han],[daŋ.sin.ɯn.dɛ.dan.han]
걸 그는,25,[kʌl.kɯ.nɯn],[gʌl.gɯ.nɯn]
와 다들,25,[wa.ta.tɯl],[wa.da.dɯl]
또 뭐가 있을까,25,[t͈o.mwʌ.ka.it̚.ɯl.k͈a],[t͈o.mwʌ.ga.it̚.ɯl.k͈a]
모두 그랬다,25,[mo.tu.kɯ.ɾɛt̚.ta],[mo.du.gɯ.ɾɛt̚.ta]
이건 정말 말도 안,25,[i.kʌn.tʃʌŋ.mal.mal.to.an],[i.gʌn.dʒʌŋ.mal.mal.to.an]
넌 미친,25,[nʌn.mi.tʃʰin],[nʌn.mi.tʃʰin]
생각하기 때문이다,25,[sɛŋ.kak̚.ha.ki.t͈ɛ.mun.i.ta],[sɛŋ.gak̚.ha.gi.t͈ɛ.mun.i.da]
앞에 선,25,[ap̚.e.sʌn],[ap̚.e.sʌn]
힘으로 너를,25,[him.ɯ.ɾo.nʌ.ɾɯl],[him.ɯ.ɾo.nʌ.ɾɯl]
자고 있니,25,[tʃa.ko.it̚.ni],[dʒa.go.it̚.ni]
Don''t tell me,25,,
전화 걸,25,[tʃʌn.hwa.kʌl],[dʒʌn.hwa.gʌl]
텐데 다,25,[tʰen.te.ta],[tʰen.te.da]
앉아서 아무것도,25,[an.a.sʌ.a.mu.kʌt̚.to],[an.a.sʌ.a.mu.gʌt̚.to]
공격 계획을,25,[koŋ.kjʌk̚.kje.hwek̚.ɯl],[goŋ.gjʌk̚.gje.hwek̚.ɯl]
보고 나니,25,[po.ko.na.ni],[bo.go.na.ni]
같은데요 제가,25,[kat̚.ɯn.te.jo.tʃe.ka],[gat̚.ɯn.te.jo.dʒe.ga]
내가 제안하는,25,[nɛ.ka.tʃe.an.ha.nɯn],[nɛ.ga.dʒe.an.ha.nɯn]
의료 보험,25,[ɯi.ɾjo.po.hʌm],[ɯi.ɾjo.bo.hʌm]
고마워 자기,25,[ko.ma.wʌ.tʃa.ki],[go.ma.wʌ.dʒa.gi]
왔다고 해,25,[wat̚.ta.ko.hɛ],[wat̚.ta.go.hɛ]
해 자넨,25,[hɛ.tʃa.nen],[hɛ.dʒa.nen]
어떤 제안을,25,[ʌ.t͈ʌn.tʃe.an.ɯl],[ʌ.t͈ʌn.dʒe.an.ɯl]
게 괜찮을,25,[ke.kwɛn.tʃʰan.ɯl],[ge.gwɛn.tʃʰan.ɯl]
모두 행운을,25,[mo.tu.hɛŋ.un.ɯl],[mo.du.hɛŋ.un.ɯl]
큰일 나는,25,[kʰɯn.il.la.nɯn],[kʰɯn.il.la.nɯn]
아직 서로,25,[a.tʃik̚.sʌ.ɾo],[a.dʒik̚.sʌ.ɾo]
당신 아들이야,25,[taŋ.sin.a.tɯl.i.ja],[daŋ.sin.a.dɯl.i.ja]
쉽지 않다는 거,25,[swip̚.tʃi.an.ta.nɯŋ.kʌ],[swip̚.tʃi.an.ta.nɯn.gʌ]
생각 좀 해보자,25,[sɛŋ.kak̚.tʃom.hɛ.po.tʃa],[sɛŋ.gak̚.dʒom.hɛ.bo.dʒa]
넌 죽게,25,[nʌn.tʃuk̚.ke],[nʌn.dʒuk̚.ke]
그 물건이,25,[kɯ.mul.kʌn.i],[gɯ.mul.kʌn.i]
나의 가장 친한 친구,25,[na.ɯi.ka.tʃaŋ.tʃʰin.han.tʃʰiŋ.ku],[na.ɯi.ga.dʒaŋ.tʃʰin.han.tʃʰiŋ.ku]
그렇게 말고,25,[kɯ.ɾʌt̚.ke.mal.ko],[gɯ.ɾʌt̚.ke.mal.ko]
나 이것,25,[na.i.kʌt̚],[na.i.gʌt̚]
통하지 않아요,25,[tʰoŋ.ha.tʃi.an.a.jo],[tʰoŋ.ha.dʒi.an.a.jo]
생각 좀 해볼게,25,[sɛŋ.kak̚.tʃom.hɛ.pol.ke],[sɛŋ.gak̚.dʒom.hɛ.bol.ke]
무장 강도가,25,[mu.tʃaŋ.kaŋ.to.ka],[mu.dʒaŋ.gaŋ.do.ga]
말해줄 수 있니,25,[mal.hɛ.tʃul.su.it̚.ni],[mal.hɛ.dʒul.su.it̚.ni]
당신이 어제,25,[taŋ.sin.i.ʌ.tʃe],[daŋ.sin.i.ʌ.dʒe]
담겨 있어,25,[tam.kjʌ.it̚.ʌ],[dam.kjʌ.it̚.ʌ]
한 조각도,25,[han.tʃo.kak̚.to],[han.dʒo.gak̚.to]
그래 너한테,25,[kɯ.ɾɛ.nʌ.han.tʰe],[gɯ.ɾɛ.nʌ.han.tʰe]
그래서 도움이,25,[kɯ.ɾɛ.sʌ.to.um.i],[gɯ.ɾɛ.sʌ.do.um.i]
남았어 내가,25,[nam.at̚.ʌ.nɛ.ka],[nam.at̚.ʌ.nɛ.ga]
면회 안,25,[mjʌn.hwe.an],[mjʌn.hwe.an]
당신이 우리와,25,[taŋ.sin.i.u.ɾi.wa],[daŋ.sin.i.u.ɾi.wa]
있다 좀,25,[it̚.ta.tʃom],[it̚.ta.dʒom]
농구 경기,25,[noŋ.ku.kjʌŋ.ki],[noŋ.gu.gjʌŋ.gi]
왔어요 그게,25,[wat̚.ʌ.jo.kɯ.ke],[wat̚.ʌ.jo.gɯ.ge]
미구엘 씨,25,[mi.ku.el.s͈i],[mi.gu.el.s͈i]
하나 있으면,25,[ha.na.it̚.ɯ.mjʌn],[ha.na.it̚.ɯ.mjʌn]
없어요 이봐,25,[ʌp̚.ʌ.jo.i.pwa],[ʌp̚.ʌ.jo.i.bwa]
운전 중에,25,[un.tʃʌn.tʃuŋ.e],[un.tʃʌn.dʒuŋ.e]
단서가 없어요,25,[tan.sʌ.ka.ʌp̚.ʌ.jo],[dan.sʌ.ga.ʌp̚.ʌ.jo]
건 결코,25,[kʌŋ.kjʌl.kʰo],[gʌn.gjʌl.kʰo]
출입 금지예요,25,[tʃʰul.ip̚.kɯn.tʃi.je.jo],[tʃʰul.ip̚.gɯn.tʃi.je.jo]
당신이 죽은 줄,25,[taŋ.sin.i.tʃuk̚.ɯn.tʃul],[daŋ.sin.i.dʒuk̚.ɯn.dʒul]
나도 그렇네,25,[na.to.kɯ.ɾʌt̚.ne],[na.do.gɯ.ɾʌt̚.ne]
우리가 가진 것,25,[u.ɾi.ka.ka.tʃiŋ.kʌt̚],[u.ɾi.ga.ga.dʒin.gʌt̚]
정말 지금,25,[tʃʌŋ.mal.tʃi.kɯm],[dʒʌŋ.mal.dʒi.gɯm]
한 짓이 있는데,25,[han.tʃit̚.i.it̚.nɯn.te],[han.dʒit̚.i.it̚.nɯn.te]
가져가야 돼,25,[ka.tʃjʌ.ka.ja.twɛ],[ga.dʒjʌ.ga.ja.dwɛ]
말 하네,25,[mal.ha.ne],[mal.ha.ne]
사건을 더,25,[sa.kʌn.ɯl.tʌ],[sa.gʌn.ɯl.dʌ]
갈아입고 와,25,[kal.a.ip̚.ko.wa],[gal.a.ip̚.ko.wa]
넌 볼,25,[nʌm.pol],[nʌn.bol]
넌 평범한,25,[nʌm.pʰjʌm.pʌm.han],[nʌm.pʰjʌŋ.bʌm.han]
계속 들고,25,[kje.sok̚.tɯl.ko],[gje.sok̚.dɯl.ko]
손가락 걸고,25,[soŋ.ka.ɾak̚.kʌl.ko],[soŋ.ka.ɾak̚.gʌl.ko]
해서 죄송하지만,25,[hɛ.sʌ.tʃwe.soŋ.ha.tʃi.man],[hɛ.sʌ.dʒwe.soŋ.ha.dʒi.man]
같은데 누가,25,[kat̚.ɯn.te.nu.ka],[gat̚.ɯn.te.nu.ga]
생각해 정말,25,[sɛŋ.kak̚.hɛ.tʃʌŋ.mal],[sɛŋ.gak̚.hɛ.dʒʌŋ.mal]
명령을 어기고,25,[mjʌŋ.ɾjʌŋ.ɯl.ʌ.ki.ko],[mjʌŋ.ɾjʌŋ.ɯl.ʌ.gi.go]
저 다,25,[tʃʌ.ta],[dʒʌ.da]
넌 할 수 있을,25,[nʌn.hal.su.it̚.ɯl],[nʌn.hal.su.it̚.ɯl]
뭘 기대했는데,25,[mwʌl.ki.tɛ.hɛt̚.nɯn.te],[mwʌl.gi.dɛ.hɛt̚.nɯn.te]
넌 해야,25,[nʌn.hɛ.ja],[nʌn.hɛ.ja]
합류할 거야,25,[hap̚.ɾju.hal.kʌ.ja],[hap̚.ɾju.hal.gʌ.ja]
맥락도 없이,25,[mɛk̚.ɾak̚.to.ʌp̚.i],[mɛk̚.ɾak̚.to.ʌp̚.i]
물이 필요해,25,[mul.i.pʰil.jo.hɛ],[mul.i.pʰil.jo.hɛ]
기다리고 있던,25,[ki.ta.ɾi.ko.it̚.tʌn],[gi.da.ɾi.go.it̚.tʌn]
난 내 일을 할,25,[nan.nɛ.il.ɯl.hal],[nan.nɛ.il.ɯl.hal]
전 가봐야,25,[tʃʌŋ.ka.pwa.ja],[dʒʌn.ga.bwa.ja]
내가 가진 것,25,[nɛ.ka.ka.tʃiŋ.kʌt̚],[nɛ.ga.ga.dʒin.gʌt̚]
씨발 씨발,25,[s͈i.pal.s͈i.pal],[s͈i.bal.s͈i.bal]
못할 거라는,25,[mot̚.hal.kʌ.ɾa.nɯn],[mot̚.hal.gʌ.ɾa.nɯn]
입꼬리와 그 미소까지도,25,[ip̚.k͈o.ɾi.wa.kɯ.mi.so.k͈a.tʃi.to],[ip̚.k͈o.ɾi.wa.gɯ.mi.so.k͈a.dʒi.do]
입꼬리와 그 미소까지도 네가,25,[ip̚.k͈o.ɾi.wa.kɯ.mi.so.k͈a.tʃi.to.ne.ka],[ip̚.k͈o.ɾi.wa.gɯ.mi.so.k͈a.dʒi.do.ne.ga]
그러면 그들은,25,[kɯ.ɾʌ.mjʌŋ.kɯ.tɯl.ɯn],[gɯ.ɾʌ.mjʌn.gɯ.dɯl.ɯn]
생각해요 이,25,[sɛŋ.kak̚.hɛ.jo.i],[sɛŋ.gak̚.hɛ.jo.i]
당신이 걱정할,25,[taŋ.sin.i.kʌk̚.tʃʌŋ.hal],[daŋ.sin.i.gʌk̚.tʃʌŋ.hal]
하지 그런데,25,[ha.tʃi.kɯ.ɾʌn.te],[ha.dʒi.gɯ.ɾʌn.te]
전과 같은,25,[tʃʌŋ.kwa.kat̚.ɯn],[dʒʌŋ.kwa.gat̚.ɯn]
얘기하는 겁니다,25,[jɛ.ki.ha.nɯŋ.kʌp̚.ni.ta],[jɛ.gi.ha.nɯn.gʌp̚.ni.da]
I was going,25,,
갖게 됐어,25,[kat̚.ke.twɛt̚.ʌ],[gat̚.ke.dwɛt̚.ʌ]
다 챙겼어요,25,[ta.tʃʰɛŋ.kjʌt̚.ʌ.jo],[da.tʃʰɛŋ.gjʌt̚.ʌ.jo]
안 마른,25,[an.ma.ɾɯn],[an.ma.ɾɯn]
게 힘든,25,[ke.hin.tɯn],[ge.hin.tɯn]
있는데 잠깐,25,[it̚.nɯn.te.tʃam.k͈an],[it̚.nɯn.te.dʒam.k͈an]
보내 줘야,25,[po.nɛ.tʃwʌ.ja],[bo.nɛ.dʒwʌ.ja]
널 괴롭히고,25,[nʌl.kwe.ɾop̚.hi.ko],[nʌl.gwe.ɾop̚.hi.go]
숨어 있었다,25,[sum.ʌ.it̚.ʌt̚.ta],[sum.ʌ.it̚.ʌt̚.ta]
달릴 때,25,[tal.ɾil.t͈ɛ],[dal.ɾil.t͈ɛ]
여기 나와서,25,[jʌ.ki.na.wa.sʌ],[jʌ.gi.na.wa.sʌ]
보고 싶다고요,25,[po.ko.sip̚.ta.ko.jo],[bo.go.sip̚.ta.go.jo]
토막 내서,25,[tʰo.mak̚.nɛ.sʌ],[tʰo.mak̚.nɛ.sʌ]
당하고 있는,25,[taŋ.ha.ko.it̚.nɯn],[daŋ.ha.go.it̚.nɯn]
너 무슨 일,25,[nʌ.mu.sɯn.il],[nʌ.mu.sɯn.il]
to look at,25,,
목소리가 왜,25,[mok̚.so.ɾi.ka.wɛ],[mok̚.so.ɾi.ga.wɛ]
밖에 안 남았어,25,[pak̚.e.an.nam.at̚.ʌ],[bak̚.e.an.nam.at̚.ʌ]
다 내게,25,[ta.nɛ.ke],[da.nɛ.ge]
시간 걸려요,25,[si.kaŋ.kʌl.ɾjʌ.jo],[si.gan.gʌl.ɾjʌ.jo]
그건 많은,25,[kɯ.kʌn.man.ɯn],[gɯ.gʌn.man.ɯn]
널 노리고,25,[nʌl.lo.ɾi.ko],[nʌl.lo.ɾi.go]
같이 가자는,25,[kat̚.i.ka.tʃa.nɯn],[gat̚.i.ga.dʒa.nɯn]
어디 가면 만날,25,[ʌ.ti.ka.mjʌn.man.nal],[ʌ.di.ga.mjʌn.man.nal]
않을 것 같다,25,[an.ɯl.kʌt̚.kat̚.ta],[an.ɯl.gʌt̚.gat̚.ta]
for a second,25,,
태워 버릴,25,[tʰɛ.wʌ.pʌ.ɾil],[tʰɛ.wʌ.bʌ.ɾil]
굽혀 펴기,25,[kup̚.hjʌ.pʰjʌ.ki],[gup̚.hjʌ.pʰjʌ.gi]
이제 어떡할 거야,25,[i.tʃe.ʌ.t͈ʌk̚.hal.kʌ.ja],[i.dʒe.ʌ.t͈ʌk̚.hal.gʌ.ja]
내가 알 게,25,[nɛ.ka.al.ke],[nɛ.ga.al.ge]
And your,25,,
그만해요 난,25,[kɯ.man.hɛ.jo.nan],[gɯ.man.hɛ.jo.nan]
가져 난,25,[ka.tʃjʌ.nan],[ga.dʒjʌ.nan]
그래도 어쩔,25,[kɯ.ɾɛ.to.ʌ.tʃ͈ʌl],[gɯ.ɾɛ.do.ʌ.tʃ͈ʌl]
것들 말야,25,[kʌt̚.tɯl.mal.ja],[gʌt̚.tɯl.mal.ja]
널 데려갈 거야,25,[nʌl.te.ɾjʌ.kal.kʌ.ja],[nʌl.de.ɾjʌ.gal.gʌ.ja]
기후 변화를,25,[ki.hu.pjʌn.hwa.ɾɯl],[gi.hu.bjʌn.hwa.ɾɯl]
날 못 죽여,25,[nal.mot̚.tʃuk̚.jʌ],[nal.mot̚.dʒuk̚.jʌ]
대해서 한번 말해 보세요,25,[tɛ.hɛ.sʌ.ham.pʌn.mal.hɛ.po.se.jo],[dɛ.hɛ.sʌ.ham.pʌn.mal.hɛ.bo.se.jo]
생기는 법이지,25,[sɛŋ.ki.nɯm.pʌp̚.i.tʃi],[sɛŋ.gi.nɯn.bʌp̚.i.dʒi]
접할 수,25,[tʃʌp̚.hal.su],[dʒʌp̚.hal.su]
그만 할,25,[kɯ.man.hal],[gɯ.man.hal]
몇 분 전,25,[mjʌt̚.pun.tʃʌn],[mjʌt̚.bun.dʒʌn]
잊지 마시오,25,[it̚.tʃi.ma.si.o],[it̚.tʃi.ma.si.o]
보고만 있지,25,[po.ko.man.it̚.tʃi],[bo.go.man.it̚.tʃi]
널 도와주려는 거야,25,[nʌl.to.wa.tʃu.ɾjʌ.nɯŋ.kʌ.ja],[nʌl.do.wa.dʒu.ɾjʌ.nɯn.gʌ.ja]
다 개소리야,25,[ta.kɛ.so.ɾi.ja],[da.gɛ.so.ɾi.ja]
않고 네,25,[aŋ.ko.ne],[aŋ.ko.ne]
다시 제,25,[ta.si.tʃe],[da.si.dʒe]
않고 다른,25,[aŋ.ko.ta.ɾɯn],[aŋ.ko.da.ɾɯn]
먹어 볼래,25,[mʌk̚.ʌ.pol.ɾɛ],[mʌk̚.ʌ.bol.ɾɛ]
이봐 좀,25,[i.pwa.tʃom],[i.bwa.dʒom]
대답 안 해도 돼,25,[tɛ.tap̚.an.hɛ.to.twɛ],[dɛ.dap̚.an.hɛ.do.dwɛ]
이게 뭔지는,25,[i.ke.mwʌn.tʃi.nɯn],[i.ge.mwʌn.tʃi.nɯn]
그들을 위해서,25,[kɯ.tɯl.ɯl.wi.hɛ.sʌ],[gɯ.dɯl.ɯl.wi.hɛ.sʌ]
생각도 못했는데,25,[sɛŋ.kak̚.to.mot̚.hɛt̚.nɯn.te],[sɛŋ.gak̚.to.mot̚.hɛt̚.nɯn.te]
않을거야 내,25,[an.ɯl.kʌ.ja.nɛ],[an.ɯl.kʌ.ja.nɛ]
생긴 겁니다,25,[sɛŋ.kiŋ.kʌp̚.ni.ta],[sɛŋ.gin.gʌp̚.ni.da]
놀 거예요,25,[nol.kʌ.je.jo],[nol.gʌ.je.jo]
대답해야 할,25,[tɛ.tap̚.hɛ.ja.hal],[dɛ.dap̚.hɛ.ja.hal]
그거 전부,25,[kɯ.kʌ.tʃʌm.pu],[gɯ.gʌ.dʒʌm.pu]
당신 취했어,25,[taŋ.sin.tʃʰwi.hɛt̚.ʌ],[daŋ.sin.tʃʰwi.hɛt̚.ʌ]
그리고 그 후에,25,[kɯ.ɾi.ko.kɯ.hu.e],[gɯ.ɾi.go.gɯ.hu.e]
그런 식으로는 안,25,[kɯ.ɾʌn.sik̚.ɯ.ɾo.nɯn.an],[gɯ.ɾʌn.sik̚.ɯ.ɾo.nɯn.an]
써 줄게,25,[s͈ʌ.tʃul.ke],[s͈ʌ.dʒul.ke]
시간 낭비하기,25,[si.kan.nam.pi.ha.ki],[si.gan.naŋ.bi.ha.gi]
생길 수 있어요,25,[sɛŋ.kil.su.it̚.ʌ.jo],[sɛŋ.gil.su.it̚.ʌ.jo]
당신 탓,25,[taŋ.sin.tʰat̚],[daŋ.sin.tʰat̚]
Now that,25,,
알아 날 비웃어도,25,[al.a.nal.pi.ut̚.ʌ.to],[al.a.nal.bi.ut̚.ʌ.do]
위해 여기로,25,[wi.hɛ.jʌ.ki.ɾo],[wi.hɛ.jʌ.gi.ɾo]
잘못 알았어,25,[tʃal.mot̚.al.at̚.ʌ],[dʒal.mot̚.al.at̚.ʌ]
보호하기 위해서야,25,[po.ho.ha.ki.wi.hɛ.sʌ.ja],[bo.ho.ha.gi.wi.hɛ.sʌ.ja]
자기 능력을,25,[tʃa.ki.nɯŋ.ɾjʌk̚.ɯl],[dʒa.gi.nɯŋ.ɾjʌk̚.ɯl]
안타까운 신음,25,[an.tʰa.k͈a.un.sin.ɯm],[an.tʰa.k͈a.un.sin.ɯm]
증거는 못,25,[tʃɯŋ.kʌ.nɯn.mot̚],[dʒɯŋ.gʌ.nɯn.mot̚]
이 모든 것들,25,[i.mo.tɯŋ.kʌt̚.tɯl],[i.mo.dɯn.gʌt̚.tɯl]
봤는데 안,25,[pwat̚.nɯn.te.an],[bwat̚.nɯn.te.an]
맞아요 지금,25,[mat̚.a.jo.tʃi.kɯm],[mat̚.a.jo.dʒi.gɯm]
어떤 사람인지는,25,[ʌ.t͈ʌn.sa.ɾam.in.tʃi.nɯn],[ʌ.t͈ʌn.sa.ɾam.in.tʃi.nɯn]
들어 당신이,25,[tɯl.ʌ.taŋ.sin.i],[dɯl.ʌ.daŋ.sin.i]
한 방 더,25,[ham.paŋ.tʌ],[han.baŋ.dʌ]
니네 집,25,[ni.ne.tʃip̚],[ni.ne.dʒip̚]
했지만 아직,25,[hɛt̚.tʃi.man.a.tʃik̚],[hɛt̚.tʃi.man.a.dʒik̚]
채 발견됐습니다,25,[tʃʰɛ.pal.kjʌn.twɛt̚.sɯp̚.ni.ta],[tʃʰɛ.bal.kjʌn.twɛt̚.sɯp̚.ni.da]
없어요 절,25,[ʌp̚.ʌ.jo.tʃʌl],[ʌp̚.ʌ.jo.dʒʌl]
내 남자가,25,[nɛ.nan.tʃa.ka],[nɛ.nan.tʃa.ga]
말을 어떻게 믿어,25,[mal.ɯl.ʌ.t͈ʌt̚.ke.mit̚.ʌ],[mal.ɯl.ʌ.t͈ʌt̚.ke.mit̚.ʌ]
전문 분야는,25,[tʃʌn.mum.pun.ja.nɯn],[dʒʌn.mun.bun.ja.nɯn]
그게 사실인,25,[kɯ.ke.sa.sil.in],[gɯ.ge.sa.sil.in]
나는 너랑,25,[na.nɯn.nʌ.ɾaŋ],[na.nɯn.nʌ.ɾaŋ]
가장 좋다,25,[ka.tʃaŋ.tʃot̚.ta],[ga.dʒaŋ.dʒot̚.ta]
전 그렇게 생각하지 않아요,25,[tʃʌŋ.kɯ.ɾʌt̚.ke.sɛŋ.kak̚.ha.tʃi.an.a.jo],[dʒʌn.gɯ.ɾʌt̚.ke.sɛŋ.gak̚.ha.dʒi.an.a.jo]
우연히 마주친,25,[u.jʌn.hi.ma.tʃu.tʃʰin],[u.jʌn.hi.ma.dʒu.tʃʰin]
대체 어떻게 된 거죠,25,[tɛ.tʃʰe.ʌ.t͈ʌt̚.ke.tweŋ.kʌ.tʃjo],[dɛ.tʃʰe.ʌ.t͈ʌt̚.ke.dwen.gʌ.dʒjo]
별짓 다,25,[pjʌl.tʃit̚.ta],[bjʌl.tʃit̚.da]
어떻게 말하죠,25,[ʌ.t͈ʌt̚.ke.mal.ha.tʃjo],[ʌ.t͈ʌt̚.ke.mal.ha.dʒjo]
그것이 당신이,25,[kɯ.kʌt̚.i.taŋ.sin.i],[gɯ.gʌt̚.i.daŋ.sin.i]
됐죠 그,25,[twɛt̚.tʃjo.kɯ],[dwɛt̚.tʃjo.gɯ]
받을 거요,25,[pat̚.ɯl.kʌ.jo],[bat̚.ɯl.gʌ.jo]
거예요 그것도,25,[kʌ.je.jo.kɯ.kʌt̚.to],[gʌ.je.jo.gɯ.gʌt̚.to]
추적하고 있는,25,[tʃʰu.tʃʌk̚.ha.ko.it̚.nɯn],[tʃʰu.dʒʌk̚.ha.go.it̚.nɯn]
테니까요 그,25,[tʰe.ni.k͈a.jo.kɯ],[tʰe.ni.k͈a.jo.gɯ]
했지만 안,25,[hɛt̚.tʃi.man.an],[hɛt̚.tʃi.man.an]
그래서 오늘 밤,25,[kɯ.ɾɛ.sʌ.o.nɯl.pam],[gɯ.ɾɛ.sʌ.o.nɯl.bam]
못해 그래,25,[mot̚.hɛ.kɯ.ɾɛ],[mot̚.hɛ.gɯ.ɾɛ]
봐라 내가,25,[pwa.ɾa.nɛ.ka],[bwa.ɾa.nɛ.ga]
go through,25,,
있는지 다,25,[it̚.nɯn.tʃi.ta],[it̚.nɯn.tʃi.da]
다한 거야,25,[ta.haŋ.kʌ.ja],[da.han.gʌ.ja]
어떻게 하나요,25,[ʌ.t͈ʌt̚.ke.ha.na.jo],[ʌ.t͈ʌt̚.ke.ha.na.jo]
참고 있는,25,[tʃʰam.ko.it̚.nɯn],[tʃʰam.ko.it̚.nɯn]
샤워를 하고,25,[sja.wʌ.ɾɯl.ha.ko],[sja.wʌ.ɾɯl.ha.go]
내가 갖고 있어,25,[nɛ.ka.kat̚.ko.it̚.ʌ],[nɛ.ga.gat̚.ko.it̚.ʌ]
전화해야 돼,25,[tʃʌn.hwa.hɛ.ja.twɛ],[dʒʌn.hwa.hɛ.ja.dwɛ]
그랬지 그럼,25,[kɯ.ɾɛt̚.tʃi.kɯ.ɾʌm],[gɯ.ɾɛt̚.tʃi.gɯ.ɾʌm]
내 나라를,25,[nɛ.na.ɾa.ɾɯl],[nɛ.na.ɾa.ɾɯl]
내가 왜 널 믿어야,25,[nɛ.ka.wɛ.nʌl.mit̚.ʌ.ja],[nɛ.ga.wɛ.nʌl.mit̚.ʌ.ja]
게 뭐게,25,[ke.mwʌ.ke],[ge.mwʌ.ge]
왔어요 정말,25,[wat̚.ʌ.jo.tʃʌŋ.mal],[wat̚.ʌ.jo.dʒʌŋ.mal]
그야 그렇지,25,[kɯ.ja.kɯ.ɾʌt̚.tʃi],[gɯ.ja.gɯ.ɾʌt̚.tʃi]
묵비권을 행사할 권리가 있고,25,[muk̚.pi.kwʌn.ɯl.hɛŋ.sa.hal.kwʌl.li.ka.it̚.ko],[muk̚.pi.gwʌn.ɯl.hɛŋ.sa.hal.gwʌl.li.ga.it̚.ko]
적이 없군요,25,[tʃʌk̚.i.ʌp̚.kun.jo],[dʒʌk̚.i.ʌp̚.kun.jo]
참는 거야,25,[tʃʰam.nɯŋ.kʌ.ja],[tʃʰam.nɯn.gʌ.ja]
널 선택한,25,[nʌl.sʌn.tʰɛk̚.han],[nʌl.sʌn.tʰɛk̚.han]
거 같나요,25,[kʌ.kat̚.na.jo],[gʌ.gat̚.na.jo]
받을 걸,25,[pat̚.ɯl.kʌl],[bat̚.ɯl.gʌl]
여기 보낸,25,[jʌ.ki.po.nɛn],[jʌ.gi.bo.nɛn]
것 좋아,25,[kʌt̚.tʃot̚.a],[gʌt̚.dʒot̚.a]
화가 잔뜩,25,[hwa.ka.tʃan.t͈ɯk̚],[hwa.ga.dʒan.t͈ɯk̚]
당신은 안전합니다,25,[taŋ.sin.ɯn.an.tʃʌn.hap̚.ni.ta],[daŋ.sin.ɯn.an.tʃʌn.hap̚.ni.da]
서둘러야 할,25,[sʌ.tul.ɾʌ.ja.hal],[sʌ.dul.ɾʌ.ja.hal]
못 할 테니까,25,[mot̚.hal.tʰe.ni.k͈a],[mot̚.hal.tʰe.ni.k͈a]
그 사람 어디,25,[kɯ.sa.ɾam.ʌ.ti],[gɯ.sa.ɾam.ʌ.di]
놀라지 말고,25,[nol.ɾa.tʃi.mal.ko],[nol.ɾa.dʒi.mal.ko]
생각에 우리가,25,[sɛŋ.kak̚.e.u.ɾi.ka],[sɛŋ.gak̚.e.u.ɾi.ga]
고마워 어디,25,[ko.ma.wʌ.ʌ.ti],[go.ma.wʌ.ʌ.di]
다 들었거든,25,[ta.tɯl.ʌt̚.kʌ.tɯn],[da.dɯl.ʌt̚.kʌ.dɯn]
가운데 있는,25,[ka.un.te.it̚.nɯn],[ga.un.te.it̚.nɯn]
그거야 그리고,25,[kɯ.kʌ.ja.kɯ.ɾi.ko],[gɯ.gʌ.ja.gɯ.ɾi.go]
이렇게 되고,25,[i.ɾʌt̚.ke.twe.ko],[i.ɾʌt̚.ke.dwe.go]
Well done,25,,
아니면 당신은,25,[a.ni.mjʌn.taŋ.sin.ɯn],[a.ni.mjʌn.daŋ.sin.ɯn]
고마워요 우리가,25,[ko.ma.wʌ.jo.u.ɾi.ka],[go.ma.wʌ.jo.u.ɾi.ga]
날 비웃어도,25,[nal.pi.ut̚.ʌ.to],[nal.bi.ut̚.ʌ.do]
별로 없다고,25,[pjʌl.ɾo.ʌp̚.ta.ko],[bjʌl.ɾo.ʌp̚.ta.go]
더 나빠졌어,25,[tʌ.na.p͈a.tʃjʌt̚.ʌ],[dʌ.na.p͈a.dʒjʌt̚.ʌ]
않는 경우,25,[an.nɯŋ.kjʌŋ.u],[an.nɯn.gjʌŋ.u]
화가 좀,25,[hwa.ka.tʃom],[hwa.ga.dʒom]
그 말은 즉,25,[kɯ.mal.ɯn.tʃɯk̚],[gɯ.mal.ɯn.dʒɯk̚]
아니고 제,25,[a.ni.ko.tʃe],[a.ni.go.dʒe]
텐데 이건,25,[tʰen.te.i.kʌn],[tʰen.te.i.gʌn]
곧 더,25,[kot̚.tʌ],[got̚.dʌ]
어울리는 것 같아,25,[ʌ.ul.ɾi.nɯŋ.kʌt̚.kat̚.a],[ʌ.ul.ɾi.nɯn.gʌt̚.gat̚.a]
그런 네가,25,[kɯ.ɾʌn.ne.ka],[gɯ.ɾʌn.ne.ga]
집중해야 돼,25,[tʃip̚.tʃuŋ.hɛ.ja.twɛ],[dʒip̚.tʃuŋ.hɛ.ja.dwɛ]
있다면 이런,25,[it̚.ta.mjʌn.i.ɾʌn],[it̚.ta.mjʌn.i.ɾʌn]
긴 하루였어,25,[kin.ha.ɾu.jʌt̚.ʌ],[gin.ha.ɾu.jʌt̚.ʌ]
의미가 커요,25,[ɯi.mi.ka.kʰʌ.jo],[ɯi.mi.ga.kʰʌ.jo]
하지 그냥,25,[ha.tʃi.kɯ.njaŋ],[ha.dʒi.gɯ.njaŋ]
다른 일을 할,25,[ta.ɾɯn.il.ɯl.hal],[da.ɾɯn.il.ɯl.hal]
모든 분들께,25,[mo.tɯm.pun.tɯl.k͈e],[mo.dɯn.bun.tɯl.k͈e]
대해 아직,25,[tɛ.hɛ.a.tʃik̚],[dɛ.hɛ.a.dʒik̚]
게 뻔한,25,[ke.p͈ʌn.han],[ge.p͈ʌn.han]
전 뉴욕,25,[tʃʌn.nju.jok̚],[dʒʌn.nju.jok̚]
콩알만 한,25,[kʰoŋ.al.man.han],[kʰoŋ.al.man.han]
편지를 써서,25,[pʰjʌn.tʃi.ɾɯl.s͈ʌ.sʌ],[pʰjʌn.tʃi.ɾɯl.s͈ʌ.sʌ]
내 탓이다,25,[nɛ.tʰat̚.i.ta],[nɛ.tʰat̚.i.da]
말라는 거죠,25,[mal.ɾa.nɯŋ.kʌ.tʃjo],[mal.ɾa.nɯn.gʌ.dʒjo]
그들은 둘 다,25,[kɯ.tɯl.ɯn.tul.ta],[gɯ.dɯl.ɯn.dul.da]
한 일 중에,25,[han.il.tʃuŋ.e],[han.il.dʒuŋ.e]
떠나셔야 합니다,25,[t͈ʌ.na.sjʌ.ja.hap̚.ni.ta],[t͈ʌ.na.sjʌ.ja.hap̚.ni.da]
모두 아시다시피,25,[mo.tu.a.si.ta.si.pʰi],[mo.du.a.si.da.si.pʰi]
총 겨누고,25,[tʃʰoŋ.kjʌ.nu.ko],[tʃʰoŋ.gjʌ.nu.go]
착륙 할,25,[tʃʰak̚.ɾjuk̚.hal],[tʃʰak̚.ɾjuk̚.hal]
꼭 갈,25,[k͈ok̚.kal],[k͈ok̚.gal]
언제부터 우리가,25,[ʌn.tʃe.pu.tʰʌ.u.ɾi.ka],[ʌn.tʃe.bu.tʰʌ.u.ɾi.ga]
돈을 어디서,25,[ton.ɯl.ʌ.ti.sʌ],[don.ɯl.ʌ.di.sʌ]
보여주면 안,25,[po.jʌ.tʃu.mjʌn.an],[bo.jʌ.dʒu.mjʌn.an]
정밀 검사를,25,[tʃʌŋ.mil.kʌm.sa.ɾɯl],[dʒʌŋ.mil.gʌm.sa.ɾɯl]
찾기 전까지는,25,[tʃʰat̚.ki.tʃʌŋ.k͈a.tʃi.nɯn],[tʃʰat̚.ki.dʒʌŋ.k͈a.dʒi.nɯn]
잠이 든,25,[tʃam.i.tɯn],[dʒam.i.dɯn]
어쩌면 지금,25,[ʌ.tʃ͈ʌ.mjʌn.tʃi.kɯm],[ʌ.tʃ͈ʌ.mjʌn.dʒi.gɯm]
그래서 묻는,25,[kɯ.ɾɛ.sʌ.mut̚.nɯn],[gɯ.ɾɛ.sʌ.mut̚.nɯn]
먼로 씨,25,[mʌl.lo.s͈i],[mʌl.lo.s͈i]
한심하기 짝이,25,[han.sim.ha.ki.tʃ͈ak̚.i],[han.sim.ha.gi.tʃ͈ak̚.i]
정보가 다,25,[tʃʌm.po.ka.ta],[dʒʌŋ.bo.ga.da]
감추고 있었지,25,[kan.tʃʰu.ko.it̚.ʌt̚.tʃi],[gan.tʃʰu.go.it̚.ʌt̚.tʃi]
난 그 애,25,[naŋ.kɯ.ɛ],[nan.gɯ.ɛ]
집중해야 한다,25,[tʃip̚.tʃuŋ.hɛ.ja.han.ta],[dʒip̚.tʃuŋ.hɛ.ja.han.ta]
우리 모두 그렇지,25,[u.ɾi.mo.tu.kɯ.ɾʌt̚.tʃi],[u.ɾi.mo.du.gɯ.ɾʌt̚.tʃi]
그에게 그,25,[kɯ.e.ke.kɯ],[gɯ.e.ge.gɯ]
말을 해야 할지 모르겠다,25,[mal.ɯl.hɛ.ja.hal.tʃi.mo.ɾɯ.ket̚.ta],[mal.ɯl.hɛ.ja.hal.tʃi.mo.ɾɯ.get̚.ta]
어떻게 만들어,25,[ʌ.t͈ʌt̚.ke.man.tɯl.ʌ],[ʌ.t͈ʌt̚.ke.man.tɯl.ʌ]
쾅쾅 두드린다,25,[kʰwaŋ.kʰwaŋ.tu.tɯ.ɾin.ta],[kʰwaŋ.kʰwaŋ.du.dɯ.ɾin.ta]
그랬던 것처럼 말이야,25,[kɯ.ɾɛt̚.tʌŋ.kʌt̚.tʃʰʌ.ɾʌm.mal.i.ja],[gɯ.ɾɛt̚.tʌn.gʌt̚.tʃʰʌ.ɾʌm.mal.i.ja]
자기 감정을,25,[tʃa.ki.kan.tʃʌŋ.ɯl],[dʒa.gi.gan.tʃʌŋ.ɯl]
why do,25,,
멀리 떨어져 있는,25,[mʌl.ɾi.t͈ʌl.ʌ.tʃjʌ.it̚.nɯn],[mʌl.ɾi.t͈ʌl.ʌ.dʒjʌ.it̚.nɯn]
해결을 위해,25,[hɛ.kjʌl.ɯl.wi.hɛ],[hɛ.gjʌl.ɯl.wi.hɛ]
저도 기뻐요,25,[tʃʌ.to.ki.p͈ʌ.jo],[dʒʌ.do.gi.p͈ʌ.jo]
아니면 아직도,25,[a.ni.mjʌn.a.tʃik̚.to],[a.ni.mjʌn.a.dʒik̚.to]
계세요 잘,25,[kje.se.jo.tʃal],[gje.se.jo.dʒal]
알았어 나한테,25,[al.at̚.ʌ.na.han.tʰe],[al.at̚.ʌ.na.han.tʰe]
것 좀 보세요,25,[kʌt̚.tʃom.po.se.jo],[gʌt̚.dʒom.bo.se.jo]
얼마나 오래 걸립니까,25,[ʌl.ma.na.o.ɾɛ.kʌl.ɾip̚.ni.k͈a],[ʌl.ma.na.o.ɾɛ.gʌl.ɾip̚.ni.k͈a]
이름 알아,25,[i.ɾɯm.al.a],[i.ɾɯm.al.a]
남아 있어서,25,[nam.a.it̚.ʌ.sʌ],[nam.a.it̚.ʌ.sʌ]
여기 아래,25,[jʌ.ki.a.ɾɛ],[jʌ.gi.a.ɾɛ]
그에게 너무,25,[kɯ.e.ke.nʌ.mu],[gɯ.e.ge.nʌ.mu]
얻게 되면,25,[ʌt̚.ke.twe.mjʌn],[ʌt̚.ke.dwe.mjʌn]
거에요 이제,25,[kʌ.e.jo.i.tʃe],[gʌ.e.jo.i.dʒe]
불을 붙이는,25,[pul.ɯl.put̚.i.nɯn],[bul.ɯl.but̚.i.nɯn]
우리 사람을,25,[u.ɾi.sa.ɾam.ɯl],[u.ɾi.sa.ɾam.ɯl]
후에 네,25,[hu.e.ne],[hu.e.ne]
시간 일찍,25,[si.kan.il.tʃ͈ik̚],[si.gan.il.tʃ͈ik̚]
하지 그런,25,[ha.tʃi.kɯ.ɾʌn],[ha.dʒi.gɯ.ɾʌn]
왜냐면 지금,25,[wɛ.nja.mjʌn.tʃi.kɯm],[wɛ.nja.mjʌn.dʒi.gɯm]
시간 있을 때,25,[si.kan.it̚.ɯl.t͈ɛ],[si.gan.it̚.ɯl.t͈ɛ]
석 달간,25,[sʌk̚.tal.kan],[sʌk̚.dal.kan]
내가 구할,25,[nɛ.ka.ku.hal],[nɛ.ga.gu.hal]
팀 멤버,25,[tʰim.mem.pʌ],[tʰim.mem.pʌ]
어디서 저런,25,[ʌ.ti.sʌ.tʃʌ.ɾʌn],[ʌ.di.sʌ.dʒʌ.ɾʌn]
뭘 해줄까,25,[mwʌl.hɛ.tʃul.k͈a],[mwʌl.hɛ.dʒul.k͈a]
다 한 거야,25,[ta.haŋ.kʌ.ja],[da.han.gʌ.ja]
이렇게 서,25,[i.ɾʌt̚.ke.sʌ],[i.ɾʌt̚.ke.sʌ]
더 느리게,25,[tʌ.nɯ.ɾi.ke],[dʌ.nɯ.ɾi.ge]
택시 불러,25,[tʰɛk̚.si.pul.ɾʌ],[tʰɛk̚.si.bul.ɾʌ]
제 가족과,25,[tʃe.ka.tʃok̚.kwa],[dʒe.ga.dʒok̚.kwa]
좋아할 테니 각오해,25,[tʃot̚.a.hal.tʰe.ni.kak̚.o.hɛ],[dʒot̚.a.hal.tʰe.ni.gak̚.o.hɛ]
다행이다 난,25,[ta.hɛŋ.i.ta.nan],[da.hɛŋ.i.da.nan]
좋아할 필요는,25,[tʃot̚.a.hal.pʰil.jo.nɯn],[dʒot̚.a.hal.pʰil.jo.nɯn]
이제 조금,25,[i.tʃe.tʃo.kɯm],[i.dʒe.dʒo.gɯm]
막 그,25,[mak̚.kɯ],[mak̚.gɯ]
당신에게 내,25,[taŋ.sin.e.ke.nɛ],[daŋ.sin.e.ge.nɛ]
줄 걸세,25,[tʃul.kʌl.se],[dʒul.gʌl.se]
못해요 그,25,[mot̚.hɛ.jo.kɯ],[mot̚.hɛ.jo.gɯ]
얼마나 소중한,25,[ʌl.ma.na.so.tʃuŋ.han],[ʌl.ma.na.so.dʒuŋ.han]
아니면 죽음을,25,[a.ni.mjʌn.tʃuk̚.ɯm.ɯl],[a.ni.mjʌn.dʒuk̚.ɯm.ɯl]
온 거구나,25,[oŋ.kʌ.ku.na],[on.gʌ.gu.na]
나는 만난,25,[na.nɯn.man.nan],[na.nɯn.man.nan]
선물 난,25,[sʌn.mul.lan],[sʌn.mul.lan]
그러나 넌,25,[kɯ.ɾʌ.na.nʌn],[gɯ.ɾʌ.na.nʌn]
온 거겠지,25,[oŋ.kʌ.ket̚.tʃi],[on.gʌ.get̚.tʃi]
제이윅 샌즈,25,[tʃe.i.wik̚.sɛn.tʃɯ],[dʒe.i.wik̚.sɛn.tʃɯ]
못 산다,25,[mot̚.san.ta],[mot̚.san.ta]
시간 좀 있어요,25,[si.kan.tʃom.it̚.ʌ.jo],[si.gan.dʒom.it̚.ʌ.jo]
다음 계획을,25,[ta.ɯm.kje.hwek̚.ɯl],[da.ɯm.gje.hwek̚.ɯl]
엄마 얘기를,25,[ʌm.ma.jɛ.ki.ɾɯl],[ʌm.ma.jɛ.gi.ɾɯl]
you know about,25,,
아니야 고마워,25,[a.ni.ja.ko.ma.wʌ],[a.ni.ja.go.ma.wʌ]
갔는지 알,25,[kat̚.nɯn.tʃi.al],[gat̚.nɯn.tʃi.al]
시간 여행의,25,[si.kan.jʌ.hɛŋ.ɯi],[si.gan.jʌ.hɛŋ.ɯi]
모든 검사를,25,[mo.tɯŋ.kʌm.sa.ɾɯl],[mo.dɯn.gʌm.sa.ɾɯl]
나도 완전히,25,[na.to.wan.tʃʌn.hi],[na.do.wan.tʃʌn.hi]
가는 것 같아요,25,[ka.nɯŋ.kʌt̚.kat̚.a.jo],[ga.nɯn.gʌt̚.gat̚.a.jo]
사실 아니야,25,[sa.sil.a.ni.ja],[sa.sil.a.ni.ja]
돼요 할,25,[twɛ.jo.hal],[dwɛ.jo.hal]
작별 인사할,25,[tʃak̚.pjʌl.in.sa.hal],[dʒak̚.pjʌl.in.sa.hal]
꼭 네,25,[k͈ok̚.ne],[k͈ok̚.ne]
항상 새로운,25,[haŋ.saŋ.sɛ.ɾo.un],[haŋ.saŋ.sɛ.ɾo.un]
우린 멈추지,25,[u.ɾin.mʌn.tʃʰu.tʃi],[u.ɾin.mʌn.tʃʰu.dʒi]
좋은 소식 있어,25,[tʃot̚.ɯn.so.sik̚.it̚.ʌ],[dʒot̚.ɯn.so.sik̚.it̚.ʌ]
나로 인해,25,[na.ɾo.in.hɛ],[na.ɾo.in.hɛ]
줘요 우리,25,[tʃwʌ.jo.u.ɾi],[dʒwʌ.jo.u.ɾi]
문제에 있어서,25,[mun.tʃe.e.it̚.ʌ.sʌ],[mun.tʃe.e.it̚.ʌ.sʌ]
선생님 좀,25,[sʌn.sɛŋ.nin.tʃom],[sʌn.sɛŋ.nim.dʒom]
큰돈을 벌,25,[kʰɯn.ton.ɯl.pʌl],[kʰɯn.ton.ɯl.bʌl]
가 다들,25,[ka.ta.tɯl],[ga.da.dɯl]
게 생각나서,25,[ke.sɛŋ.kak̚.na.sʌ],[ge.sɛŋ.gak̚.na.sʌ]
같이 밤을,25,[kat̚.i.pam.ɯl],[gat̚.i.bam.ɯl]
다 마시면,25,[ta.ma.si.mjʌn],[da.ma.si.mjʌn]
제 말 안,25,[tʃe.mal.an],[dʒe.mal.an]
maths teacher,25,,
제 말 믿으세요,25,[tʃe.mal.mit̚.ɯ.se.jo],[dʒe.mal.mit̚.ɯ.se.jo]
엄마가 이렇게,25,[ʌm.ma.ka.i.ɾʌt̚.ke],[ʌm.ma.ga.i.ɾʌt̚.ke]
엄마가 저를,25,[ʌm.ma.ka.tʃʌ.ɾɯl],[ʌm.ma.ga.dʒʌ.ɾɯl]
거예요 도움이,25,[kʌ.je.jo.to.um.i],[gʌ.je.jo.do.um.i]
그들의 마음을,25,[kɯ.tɯl.ɯi.ma.ɯm.ɯl],[gɯ.dɯl.ɯi.ma.ɯm.ɯl]
그러니 당신,25,[kɯ.ɾʌ.ni.taŋ.sin],[gɯ.ɾʌ.ni.daŋ.sin]
할 거잖아요,25,[hal.kʌ.tʃan.a.jo],[hal.gʌ.dʒan.a.jo]
알기 때문이지,25,[al.ki.t͈ɛ.mun.i.tʃi],[al.ki.t͈ɛ.mun.i.dʒi]
사람은 아무,25,[sa.ɾam.ɯn.a.mu],[sa.ɾam.ɯn.a.mu]
제 물건,25,[tʃe.mul.kʌn],[dʒe.mul.kʌn]
말이야 너한테,25,[mal.i.ja.nʌ.han.tʰe],[mal.i.ja.nʌ.han.tʰe]
그 사진들,25,[kɯ.sa.tʃin.tɯl],[gɯ.sa.dʒin.tɯl]
좋아요 어서,25,[tʃot̚.a.jo.ʌ.sʌ],[dʒot̚.a.jo.ʌ.sʌ]
왜 거길,25,[wɛ.kʌ.kil],[wɛ.gʌ.gil]
모르겠어요 그래,25,[mo.ɾɯ.ket̚.ʌ.jo.kɯ.ɾɛ],[mo.ɾɯ.get̚.ʌ.jo.gɯ.ɾɛ]
내 피부,25,[nɛ.pʰi.pu],[nɛ.pʰi.bu]
있는지 봐봐,25,[it̚.nɯn.tʃi.pwa.pwa],[it̚.nɯn.tʃi.bwa.bwa]
첫 단계는,25,[tʃʰʌt̚.taŋ.kje.nɯn],[tʃʰʌt̚.daŋ.kje.nɯn]
내가 기억,25,[nɛ.ka.ki.ʌk̚],[nɛ.ga.gi.ʌk̚]
게 아닌 것 같아,25,[ke.a.niŋ.kʌt̚.kat̚.a],[ge.a.nin.gʌt̚.gat̚.a]
특별한 손님을,25,[tʰɯk̚.pjʌl.han.son.nim.ɯl],[tʰɯk̚.pjʌl.han.son.nim.ɯl]
더 재밌지,25,[tʌ.tʃɛ.mit̚.tʃi],[dʌ.dʒɛ.mit̚.tʃi]
내가 단지,25,[nɛ.ka.tan.tʃi],[nɛ.ga.dan.tʃi]
for another,25,,
말이 그게,25,[mal.i.kɯ.ke],[mal.i.gɯ.ge]
가서 약,25,[ka.sʌ.jak̚],[ga.sʌ.jak̚]
많이 아는,25,[man.i.a.nɯn],[man.i.a.nɯn]
돼 가나,25,[twɛ.ka.na],[dwɛ.ga.na]
그러던 어느날,25,[kɯ.ɾʌ.tʌn.ʌ.nɯ.nal],[gɯ.ɾʌ.dʌn.ʌ.nɯ.nal]
거예요 요즘,25,[kʌ.je.jo.jo.tʃɯm],[gʌ.je.jo.jo.dʒɯm]
모든 것을 볼,25,[mo.tɯŋ.kʌt̚.ɯl.pol],[mo.dɯn.gʌt̚.ɯl.bol]
봤어 우리가,25,[pwat̚.ʌ.u.ɾi.ka],[bwat̚.ʌ.u.ɾi.ga]
remember when,25,,
좀 받아줘,25,[tʃom.pat̚.a.tʃwʌ],[dʒom.bat̚.a.dʒwʌ]
엄마와 나는,25,[ʌm.ma.wa.na.nɯn],[ʌm.ma.wa.na.nɯn]
넘어가면 안 돼,25,[nʌm.ʌ.ka.mjʌn.an.twɛ],[nʌm.ʌ.ga.mjʌn.an.dwɛ]
결혼도 했고,25,[kjʌl.hon.to.hɛt̚.ko],[gjʌl.hon.to.hɛt̚.ko]
There''ll be,25,,
need to talk to,25,,
한 일주일,25,[han.il.tʃu.il],[han.il.tʃu.il]
통의 전화를,25,[tʰoŋ.ɯi.tʃʌn.hwa.ɾɯl],[tʰoŋ.ɯi.dʒʌn.hwa.ɾɯl]
더 안전해요,25,[tʌ.an.tʃʌn.hɛ.jo],[dʌ.an.tʃʌn.hɛ.jo]
적이 없어 난,25,[tʃʌk̚.i.ʌp̚.ʌ.nan],[dʒʌk̚.i.ʌp̚.ʌ.nan]
So this,25,,
CIA 국장,25,[kuk̚.tʃaŋ],[guk̚.tʃaŋ]
그러니까 가,25,[kɯ.ɾʌ.ni.k͈a.ka],[gɯ.ɾʌ.ni.k͈a.ga]
제 손이,25,[tʃe.son.i],[dʒe.son.i]
이 복잡한,25,[i.pok̚.tʃap̚.han],[i.bok̚.tʃap̚.han]
관해 물어볼,25,[kwan.hɛ.mul.ʌ.pol],[gwan.hɛ.mul.ʌ.bol]
보관하고 있어,25,[po.kwan.ha.ko.it̚.ʌ],[bo.gwan.ha.go.it̚.ʌ]
알려져 있어요,25,[al.ɾjʌ.tʃjʌ.it̚.ʌ.jo],[al.ɾjʌ.dʒjʌ.it̚.ʌ.jo]
못쓰게 만들다,25,[mot̚.s͈ɯ.ke.man.tɯl.ta],[mot̚.s͈ɯ.ge.man.tɯl.ta]
거예요 다시는,25,[kʌ.je.jo.ta.si.nɯn],[gʌ.je.jo.da.si.nɯn]
좋았던 거죠,25,[tʃot̚.at̚.tʌŋ.kʌ.tʃjo],[dʒot̚.at̚.tʌn.gʌ.dʒjo]
좋았어 근데,25,[tʃot̚.at̚.ʌ.kɯn.te],[dʒot̚.at̚.ʌ.gɯn.te]
어떤 고통을,25,[ʌ.t͈ʌŋ.ko.tʰoŋ.ɯl],[ʌ.t͈ʌn.go.tʰoŋ.ɯl]
치료제를 가지고,25,[tʃʰi.ɾjo.tʃe.ɾɯl.ka.tʃi.ko],[tʃʰi.ɾjo.dʒe.ɾɯl.ga.dʒi.go]
버려야지 끝까지 좋아할 테니,25,[pʌ.ɾjʌ.ja.tʃi.k͈ɯt̚.k͈a.tʃi.tʃot̚.a.hal.tʰe.ni],[bʌ.ɾjʌ.ja.dʒi.k͈ɯt̚.k͈a.dʒi.dʒot̚.a.hal.tʰe.ni]
내가 당신들을,25,[nɛ.ka.taŋ.sin.tɯl.ɯl],[nɛ.ga.daŋ.sin.tɯl.ɯl]
all around,25,,
기가 막히죠,25,[ki.ka.mak̚.hi.tʃjo],[gi.ga.mak̚.hi.dʒjo]
때 자기가,25,[t͈ɛ.tʃa.ki.ka],[t͈ɛ.dʒa.gi.ga]
복수심에 불타는,25,[pok̚.su.sim.e.pul.tʰa.nɯn],[bok̚.su.sim.e.bul.tʰa.nɯn]
그 선생님,25,[kɯ.sʌn.sɛŋ.nim],[gɯ.sʌn.sɛŋ.nim]
일어나는 새가,25,[il.ʌ.na.nɯn.sɛ.ka],[il.ʌ.na.nɯn.sɛ.ga]
놈은 없어,25,[nom.ɯn.ʌp̚.ʌ],[nom.ɯn.ʌp̚.ʌ]
보낸 사람은,25,[po.nɛn.sa.ɾam.ɯn],[bo.nɛn.sa.ɾam.ɯn]
알아야 돼요,25,[al.a.ja.twɛ.jo],[al.a.ja.dwɛ.jo]
제 예전,25,[tʃe.je.tʃʌn],[dʒe.je.dʒʌn]
더 이렇게,25,[tʌ.i.ɾʌt̚.ke],[dʌ.i.ɾʌt̚.ke]
왜 그러는 거죠,25,[wɛ.kɯ.ɾʌ.nɯŋ.kʌ.tʃjo],[wɛ.gɯ.ɾʌ.nɯn.gʌ.dʒjo]
내가 알아낼 수,25,[nɛ.ka.al.a.nɛl.su],[nɛ.ga.al.a.nɛl.su]
전에 만난 적이,25,[tʃʌn.e.man.nan.tʃʌk̚.i],[dʒʌn.e.man.nan.dʒʌk̚.i]
있어 예를,25,[it̚.ʌ.je.ɾɯl],[it̚.ʌ.je.ɾɯl]
내가 그런 일을,25,[nɛ.ka.kɯ.ɾʌn.il.ɯl],[nɛ.ga.gɯ.ɾʌn.il.ɯl]
바라 난,25,[pa.ɾa.nan],[ba.ɾa.nan]
집에 아무도 없어,25,[tʃip̚.e.a.mu.to.ʌp̚.ʌ],[dʒip̚.e.a.mu.do.ʌp̚.ʌ]
속상한 건,25,[sok̚.saŋ.haŋ.kʌn],[sok̚.saŋ.han.gʌn]
않은 일,25,[an.ɯn.il],[an.ɯn.il]
쓸 때가,25,[s͈ɯl.t͈ɛ.ka],[s͈ɯl.t͈ɛ.ga]
제임스 맥길,25,[tʃe.im.sɯ.mɛk̚.kil],[dʒe.im.sɯ.mɛk̚.kil]
대해 생각해 보렴,25,[tɛ.hɛ.sɛŋ.kak̚.hɛ.po.ɾjʌm],[dɛ.hɛ.sɛŋ.gak̚.hɛ.bo.ɾjʌm]
모든 게요,25,[mo.tɯŋ.ke.jo],[mo.dɯn.ge.jo]
될거야 하지만,25,[twel.kʌ.ja.ha.tʃi.man],[dwel.kʌ.ja.ha.dʒi.man]
말은 아닌,25,[mal.ɯn.a.nin],[mal.ɯn.a.nin]
끝낼 수는,25,[k͈ɯt̚.nɛl.su.nɯn],[k͈ɯt̚.nɛl.su.nɯn]
이 짧은,25,[i.tʃ͈al.ɯn],[i.tʃ͈al.ɯn]
놈을 잡고,25,[nom.ɯl.tʃap̚.ko],[nom.ɯl.dʒap̚.ko]
그는 현재,25,[kɯ.nɯn.hjʌn.tʃɛ],[gɯ.nɯn.hjʌn.tʃɛ]
가서 어떻게,25,[ka.sʌ.ʌ.t͈ʌt̚.ke],[ga.sʌ.ʌ.t͈ʌt̚.ke]
웅성거리는 소리,25,[uŋ.sʌŋ.kʌ.ɾi.nɯn.so.ɾi],[uŋ.sʌŋ.gʌ.ɾi.nɯn.so.ɾi]
때까지 저,25,[t͈ɛ.k͈a.tʃi.tʃʌ],[t͈ɛ.k͈a.dʒi.dʒʌ]
자기가 먼저,25,[tʃa.ki.ka.mʌn.tʃʌ],[dʒa.gi.ga.mʌn.tʃʌ]
한 번에 한 명씩,25,[ham.pʌn.e.han.mjʌŋ.s͈ik̚],[han.bʌn.e.han.mjʌŋ.s͈ik̚]
대체 무슨 생각이야,25,[tɛ.tʃʰe.mu.sɯn.sɛŋ.kak̚.i.ja],[dɛ.tʃʰe.mu.sɯn.sɛŋ.gak̚.i.ja]
문 좀 열어 주세요,25,[mun.tʃom.jʌl.ʌ.tʃu.se.jo],[mun.dʒom.jʌl.ʌ.dʒu.se.jo]
없는 거에요,25,[ʌp̚.nɯŋ.kʌ.e.jo],[ʌp̚.nɯn.gʌ.e.jo]
더 나은 것 같아,25,[tʌ.na.ɯŋ.kʌt̚.kat̚.a],[dʌ.na.ɯn.gʌt̚.gat̚.a]
많이 필요해요,25,[man.i.pʰil.jo.hɛ.jo],[man.i.pʰil.jo.hɛ.jo]
그렇겠지 그럼,25,[kɯ.ɾʌt̚.ket̚.tʃi.kɯ.ɾʌm],[gɯ.ɾʌt̚.ket̚.tʃi.gɯ.ɾʌm]
check out,25,,
we talk,25,,
여기 왜 있는,25,[jʌ.ki.wɛ.it̚.nɯn],[jʌ.gi.wɛ.it̚.nɯn]
잘하고 있는 거야,25,[tʃal.ha.ko.it̚.nɯŋ.kʌ.ja],[dʒal.ha.go.it̚.nɯn.gʌ.ja]
그러니까 이걸,25,[kɯ.ɾʌ.ni.k͈a.i.kʌl],[gɯ.ɾʌ.ni.k͈a.i.gʌl]
너는 무엇을 원하니,25,[nʌ.nɯn.mu.ʌt̚.ɯl.wʌn.ha.ni],[nʌ.nɯn.mu.ʌt̚.ɯl.wʌn.ha.ni]
년 설립,25,[njʌn.sʌl.ɾip̚],[njʌn.sʌl.ɾip̚]
주 방위군,25,[tʃu.paŋ.wi.kun],[dʒu.baŋ.wi.gun]
있어요 필요한,25,[it̚.ʌ.jo.pʰil.jo.han],[it̚.ʌ.jo.pʰil.jo.han]
이제야 알겠어,25,[i.tʃe.ja.al.ket̚.ʌ],[i.dʒe.ja.al.ket̚.ʌ]
제 변호사,25,[tʃe.pjʌn.ho.sa],[dʒe.bjʌn.ho.sa]
다 먹을 수,25,[ta.mʌk̚.ɯl.su],[da.mʌk̚.ɯl.su]
그래서 자네,25,[kɯ.ɾɛ.sʌ.tʃa.ne],[gɯ.ɾɛ.sʌ.dʒa.ne]
Kind of,25,,
다시 당신을,25,[ta.si.taŋ.sin.ɯl],[da.si.daŋ.sin.ɯl]
말 걸기,25,[mal.kʌl.ki],[mal.gʌl.ki]
그 손에,25,[kɯ.son.e],[gɯ.son.e]
멈출 수는,25,[mʌn.tʃʰul.su.nɯn],[mʌn.tʃʰul.su.nɯn]
더 있으니까,25,[tʌ.it̚.ɯ.ni.k͈a],[dʌ.it̚.ɯ.ni.k͈a]
그들을 본,25,[kɯ.tɯl.ɯl.pon],[gɯ.dɯl.ɯl.bon]
더 있을 수,25,[tʌ.it̚.ɯl.su],[dʌ.it̚.ɯl.su]
이제 말을,25,[i.tʃe.mal.ɯl],[i.dʒe.mal.ɯl]
쓸 필요 없어,25,[s͈ɯl.pʰil.jo.ʌp̚.ʌ],[s͈ɯl.pʰil.jo.ʌp̚.ʌ]
알아 그럴,25,[al.a.kɯ.ɾʌl],[al.a.gɯ.ɾʌl]
이젠 그게,25,[i.tʃeŋ.kɯ.ke],[i.dʒen.gɯ.ge]
성공한 건,25,[sʌŋ.koŋ.haŋ.kʌn],[sʌŋ.goŋ.han.gʌn]
자기 좀,25,[tʃa.ki.tʃom],[dʒa.gi.dʒom]
밤 거기,25,[pam.kʌ.ki],[bam.gʌ.gi]
게다가 우리가,25,[ke.ta.ka.u.ɾi.ka],[ge.da.ga.u.ɾi.ga]
없는 일도,25,[ʌp̚.nɯn.il.to],[ʌp̚.nɯn.il.to]
be mad,25,,
모든 당신이,25,[mo.tɯn.taŋ.sin.i],[mo.dɯn.daŋ.sin.i]
안 잡힌,25,[an.tʃap̚.hin],[an.dʒap̚.hin]
데이미언 다크가,25,[te.i.mi.ʌn.ta.kʰɯ.ka],[de.i.mi.ʌn.da.kʰɯ.ga]
하지만 왠지,25,[ha.tʃi.man.wɛn.tʃi],[ha.dʒi.man.wɛn.tʃi]
그가 처음,25,[kɯ.ka.tʃʰʌ.ɯm],[gɯ.ga.tʃʰʌ.ɯm]
그의 눈은,25,[kɯ.ɯi.nun.ɯn],[gɯ.ɯi.nun.ɯn]
제가 자란,25,[tʃe.ka.tʃa.ɾan],[dʒe.ga.dʒa.ɾan]
제일 싫어하는 게,25,[tʃe.il.sil.ʌ.ha.nɯŋ.ke],[dʒe.il.sil.ʌ.ha.nɯn.ge]
없는 자는,25,[ʌp̚.nɯn.tʃa.nɯn],[ʌp̚.nɯn.dʒa.nɯn]
파티가 있는데,25,[pʰa.tʰi.ka.it̚.nɯn.te],[pʰa.tʰi.ga.it̚.nɯn.te]
관리 센터,25,[kwal.li.sen.tʰʌ],[gwal.li.sen.tʰʌ]
여기 사람 있어요,25,[jʌ.ki.sa.ɾam.it̚.ʌ.jo],[jʌ.gi.sa.ɾam.it̚.ʌ.jo]
계속 이럴 순 없어,25,[kje.sok̚.i.ɾʌl.sun.ʌp̚.ʌ],[gje.sok̚.i.ɾʌl.sun.ʌp̚.ʌ]
때 훨씬,25,[t͈ɛ.hwʌl.s͈in],[t͈ɛ.hwʌl.s͈in]
두고 가지 않을 거야,25,[tu.ko.ka.tʃi.an.ɯl.kʌ.ja],[du.go.ga.dʒi.an.ɯl.gʌ.ja]
어떻게 행동해야,25,[ʌ.t͈ʌt̚.ke.hɛŋ.toŋ.hɛ.ja],[ʌ.t͈ʌt̚.ke.hɛŋ.doŋ.hɛ.ja]
시간을 가질 수,25,[si.kan.ɯl.ka.tʃil.su],[si.gan.ɯl.ga.dʒil.su]
게 두려워,25,[ke.tu.ɾjʌ.wʌ],[ge.du.ɾjʌ.wʌ]
없다 아니,25,[ʌp̚.ta.a.ni],[ʌp̚.ta.a.ni]
도노반 씨,25,[to.no.pan.s͈i],[do.no.ban.s͈i]
슬픈 일이지만,25,[sɯl.pʰɯn.il.i.tʃi.man],[sɯl.pʰɯn.il.i.dʒi.man]
걸 알아야 해요,25,[kʌl.al.a.ja.hɛ.jo],[gʌl.al.a.ja.hɛ.jo]
내가 가진 걸,25,[nɛ.ka.ka.tʃiŋ.kʌl],[nɛ.ga.ga.dʒin.gʌl]
이해해 줘요,25,[i.hɛ.hɛ.tʃwʌ.jo],[i.hɛ.hɛ.dʒwʌ.jo]
이 사태의,25,[i.sa.tʰɛ.ɯi],[i.sa.tʰɛ.ɯi]
해 전화,25,[hɛ.tʃʌn.hwa],[hɛ.dʒʌn.hwa]
시간이 좀 걸려,25,[si.kan.i.tʃom.kʌl.ɾjʌ],[si.gan.i.dʒom.gʌl.ɾjʌ]
없다고 생각한다,25,[ʌp̚.ta.ko.sɛŋ.kak̚.han.ta],[ʌp̚.ta.go.sɛŋ.gak̚.han.ta]
제가 거짓말을,25,[tʃe.ka.kʌ.tʃit̚.mal.ɯl],[dʒe.ga.gʌ.dʒit̚.mal.ɯl]
거야 그렇겠죠,25,[kʌ.ja.kɯ.ɾʌt̚.ket̚.tʃjo],[gʌ.ja.gɯ.ɾʌt̚.ket̚.tʃjo]
놈이 총을,25,[nom.i.tʃʰoŋ.ɯl],[nom.i.tʃʰoŋ.ɯl]
마 제가,25,[ma.tʃe.ka],[ma.dʒe.ga]
잊기 위해서,25,[it̚.ki.wi.hɛ.sʌ],[it̚.ki.wi.hɛ.sʌ]
사람은 아닌데,25,[sa.ɾam.ɯn.a.nin.te],[sa.ɾam.ɯn.a.nin.te]
더 좋은 사람,25,[tʌ.tʃot̚.ɯn.sa.ɾam],[dʌ.dʒot̚.ɯn.sa.ɾam]
가은의 의아한 신음,25,[ka.ɯn.ɯi.ɯi.a.han.sin.ɯm],[ga.ɯn.ɯi.ɯi.a.han.sin.ɯm]
사람이 감옥에,25,[sa.ɾam.i.kam.ok̚.e],[sa.ɾam.i.gam.ok̚.e]
문신을 하고,25,[mun.sin.ɯl.ha.ko],[mun.sin.ɯl.ha.go]
집을 구할,25,[tʃip̚.ɯl.ku.hal],[dʒip̚.ɯl.gu.hal]
안 나니까,25,[an.na.ni.k͈a],[an.na.ni.k͈a]
네 나이였을,25,[ne.na.i.jʌt̚.ɯl],[ne.na.i.jʌt̚.ɯl]
받고 나면,25,[pat̚.ko.na.mjʌn],[bat̚.ko.na.mjʌn]
제가 그랬나요,25,[tʃe.ka.kɯ.ɾɛt̚.na.jo],[dʒe.ga.gɯ.ɾɛt̚.na.jo]
하지만 그전에는,25,[ha.tʃi.maŋ.kɯ.tʃʌn.e.nɯn],[ha.dʒi.man.gɯ.dʒʌn.e.nɯn]
For all,25,,
모든 부분을,25,[mo.tɯm.pu.pun.ɯl],[mo.dɯn.bu.bun.ɯl]
때가 많아,25,[t͈ɛ.ka.man.a],[t͈ɛ.ga.man.a]
나온 사람,25,[na.on.sa.ɾam],[na.on.sa.ɾam]
말 같아요,25,[mal.kat̚.a.jo],[mal.gat̚.a.jo]
모든 비밀,25,[mo.tɯm.pi.mil],[mo.dɯn.bi.mil]
하는 일이라고,25,[ha.nɯn.il.i.ɾa.ko],[ha.nɯn.il.i.ɾa.go]
그 은행,25,[kɯ.ɯn.hɛŋ],[gɯ.ɯn.hɛŋ]
여기 있는 우리,25,[jʌ.ki.it̚.nɯn.u.ɾi],[jʌ.gi.it̚.nɯn.u.ɾi]
시스템 가동,25,[si.sɯ.tʰem.ka.toŋ],[si.sɯ.tʰem.ga.doŋ]
딸이 아니에요,25,[t͈al.i.a.ni.e.jo],[t͈al.i.a.ni.e.jo]
하루라도 더,25,[ha.ɾu.ɾa.to.tʌ],[ha.ɾu.ɾa.do.dʌ]
거기서 더,25,[kʌ.ki.sʌ.tʌ],[gʌ.gi.sʌ.dʌ]
믿기질 않네,25,[mit̚.ki.tʃil.an.ne],[mit̚.ki.dʒil.an.ne]
자꾸 그런,25,[tʃa.k͈u.kɯ.ɾʌn],[dʒa.k͈u.gɯ.ɾʌn]
숨을 쉬며,25,[sum.ɯl.swi.mjʌ],[sum.ɯl.swi.mjʌ]
이제 말해요,25,[i.tʃe.mal.hɛ.jo],[i.dʒe.mal.hɛ.jo]
내 존재의,25,[nɛ.tʃon.tʃɛ.ɯi],[nɛ.dʒon.tʃɛ.ɯi]
Cell phone,25,,
사람은 아무것도,25,[sa.ɾam.ɯn.a.mu.kʌt̚.to],[sa.ɾam.ɯn.a.mu.gʌt̚.to]
게 아니라 난,25,[ke.a.ni.ɾa.nan],[ge.a.ni.ɾa.nan]
넌 언제나 내,25,[nʌn.ʌn.tʃe.na.nɛ],[nʌn.ʌn.tʃe.na.nɛ]
일이 벌어지는 거야,25,[il.i.pʌl.ʌ.tʃi.nɯŋ.kʌ.ja],[il.i.bʌl.ʌ.dʒi.nɯn.gʌ.ja]
세계 보건,25,[se.kje.po.kʌn],[se.gje.bo.gʌn]
모를 거라,25,[mo.ɾɯl.kʌ.ɾa],[mo.ɾɯl.gʌ.ɾa]
고마워요 다시,25,[ko.ma.wʌ.jo.ta.si],[go.ma.wʌ.jo.da.si]
거예요 시간,25,[kʌ.je.jo.si.kan],[gʌ.je.jo.si.gan]
여긴 아직,25,[jʌ.kin.a.tʃik̚],[jʌ.gin.a.dʒik̚]
같은 건 누구나,25,[kat̚.ɯŋ.kʌn.nu.ku.na],[gat̚.ɯn.gʌn.nu.gu.na]
나도 그럼,25,[na.to.kɯ.ɾʌm],[na.do.gɯ.ɾʌm]
없어 경찰이,25,[ʌp̚.ʌ.kjʌŋ.tʃʰal.i],[ʌp̚.ʌ.gjʌŋ.tʃʰal.i]
있을 수도 있잖아,25,[it̚.ɯl.su.to.it̚.tʃan.a],[it̚.ɯl.su.do.it̚.tʃan.a]
게 아니라 더,25,[ke.a.ni.ɾa.tʌ],[ge.a.ni.ɾa.dʌ]
생각을 했던,25,[sɛŋ.kak̚.ɯl.hɛt̚.tʌn],[sɛŋ.gak̚.ɯl.hɛt̚.tʌn]
그렇게 된 게,25,[kɯ.ɾʌt̚.ke.tweŋ.ke],[gɯ.ɾʌt̚.ke.dwen.ge]
그의 몸에,25,[kɯ.ɯi.mom.e],[gɯ.ɯi.mom.e]
당신 말고는,25,[taŋ.sin.mal.ko.nɯn],[daŋ.sin.mal.ko.nɯn]
거면 나한테,25,[kʌ.mjʌn.na.han.tʰe],[gʌ.mjʌn.na.han.tʰe]
당신이 어떻게 알아,25,[taŋ.sin.i.ʌ.t͈ʌt̚.ke.al.a],[daŋ.sin.i.ʌ.t͈ʌt̚.ke.al.a]
제가 딱,25,[tʃe.ka.t͈ak̚],[dʒe.ga.t͈ak̚]
말 기억해요,25,[mal.ki.ʌk̚.hɛ.jo],[mal.gi.ʌk̚.hɛ.jo]
세계에서 가장 위대한,25,[se.kje.e.sʌ.ka.tʃaŋ.wi.tɛ.han],[se.gje.e.sʌ.ga.dʒaŋ.wi.dɛ.han]
있어 무슨 말인지,25,[it̚.ʌ.mu.sɯn.mal.in.tʃi],[it̚.ʌ.mu.sɯn.mal.in.tʃi]
우리가 필요로하는,25,[u.ɾi.ka.pʰil.jo.ɾo.ha.nɯn],[u.ɾi.ga.pʰil.jo.ɾo.ha.nɯn]
그러면 여기,25,[kɯ.ɾʌ.mjʌn.jʌ.ki],[gɯ.ɾʌ.mjʌn.jʌ.gi]
들어 봤지,25,[tɯl.ʌ.pwat̚.tʃi],[dɯl.ʌ.bwat̚.tʃi]
있어 뭐든지,25,[it̚.ʌ.mwʌ.tɯn.tʃi],[it̚.ʌ.mwʌ.dɯn.tʃi]
한 번을 안,25,[ham.pʌn.ɯl.an],[han.bʌn.ɯl.an]
바라는 것 같아,25,[pa.ɾa.nɯŋ.kʌt̚.kat̚.a],[ba.ɾa.nɯn.gʌt̚.gat̚.a]
일이 벌어지든,25,[il.i.pʌl.ʌ.tʃi.tɯn],[il.i.bʌl.ʌ.dʒi.dɯn]
젠장 여기서,25,[tʃen.tʃaŋ.jʌ.ki.sʌ],[dʒen.tʃaŋ.jʌ.gi.sʌ]
to survive,25,,
없어 니가,25,[ʌp̚.ʌ.ni.ka],[ʌp̚.ʌ.ni.ga]
것이다 여기,25,[kʌt̚.i.ta.jʌ.ki],[gʌt̚.i.da.jʌ.gi]
찾도록 해,25,[tʃʰat̚.to.ɾok̚.hɛ],[tʃʰat̚.to.ɾok̚.hɛ]
없어 단지,25,[ʌp̚.ʌ.tan.tʃi],[ʌp̚.ʌ.dan.tʃi]
없어 단,25,[ʌp̚.ʌ.tan],[ʌp̚.ʌ.dan]
있어 미친,25,[it̚.ʌ.mi.tʃʰin],[it̚.ʌ.mi.tʃʰin]
그러면 좋지,25,[kɯ.ɾʌ.mjʌn.tʃot̚.tʃi],[gɯ.ɾʌ.mjʌn.dʒot̚.tʃi]
이 시간에는,25,[i.si.kan.e.nɯn],[i.si.gan.e.nɯn]
도저히 이해가 안,25,[to.tʃʌ.hi.i.hɛ.ka.an],[do.dʒʌ.hi.i.hɛ.ga.an]
나를 좋아하는,25,[na.ɾɯl.tʃot̚.a.ha.nɯn],[na.ɾɯl.dʒot̚.a.ha.nɯn]
없어 보이네,25,[ʌp̚.ʌ.po.i.ne],[ʌp̚.ʌ.bo.i.ne]
밤에 내,25,[pam.e.nɛ],[bam.e.nɛ]
생각이 나서요,25,[sɛŋ.kak̚.i.na.sʌ.jo],[sɛŋ.gak̚.i.na.sʌ.jo]
생각이 날,25,[sɛŋ.kak̚.i.nal],[sɛŋ.gak̚.i.nal]
진실이 아닌,25,[tʃin.sil.i.a.nin],[dʒin.sil.i.a.nin]
질투하는 것,25,[tʃil.tʰu.ha.nɯŋ.kʌt̚],[dʒil.tʰu.ha.nɯn.gʌt̚]
보이는 줄,25,[po.i.nɯn.tʃul],[bo.i.nɯn.dʒul]
없어 새,25,[ʌp̚.ʌ.sɛ],[ʌp̚.ʌ.sɛ]
너무 늦었다고,25,[nʌ.mu.nɯt̚.ʌt̚.ta.ko],[nʌ.mu.nɯt̚.ʌt̚.ta.go]
이유를 알겠군,25,[i.ju.ɾɯl.al.ket̚.kun],[i.ju.ɾɯl.al.ket̚.kun]
미안하다 미안해,25,[mi.an.ha.ta.mi.an.hɛ],[mi.an.ha.da.mi.an.hɛ]
그 의식을,25,[kɯ.ɯi.sik̚.ɯl],[gɯ.ɯi.sik̚.ɯl]
회복될 때까지,25,[hwe.pok̚.twel.t͈ɛ.k͈a.tʃi],[hwe.bok̚.twel.t͈ɛ.k͈a.dʒi]
전에 해본,25,[tʃʌn.e.hɛ.pon],[dʒʌn.e.hɛ.bon]
뭘 했으면,25,[mwʌl.hɛt̚.ɯ.mjʌn],[mwʌl.hɛt̚.ɯ.mjʌn]
세상에 괜찮아,25,[se.saŋ.e.kwɛn.tʃʰan.a],[se.saŋ.e.gwɛn.tʃʰan.a]
틀린 말도,25,[tʰɯl.ɾin.mal.to],[tʰɯl.ɾin.mal.to]
점심 먹었어,25,[tʃʌm.sim.mʌk̚.ʌt̚.ʌ],[dʒʌm.sim.mʌk̚.ʌt̚.ʌ]
you think of,25,,
got nothing,25,,
도대체 왜 그러는,25,[to.tɛ.tʃʰe.wɛ.kɯ.ɾʌ.nɯn],[do.dɛ.tʃʰe.wɛ.gɯ.ɾʌ.nɯn]
찾아 왔습니다,25,[tʃʰat̚.a.wat̚.sɯp̚.ni.ta],[tʃʰat̚.a.wat̚.sɯp̚.ni.da]
아이 아빠가,25,[a.i.a.p͈a.ka],[a.i.a.p͈a.ga]
증거가 다,25,[tʃɯŋ.kʌ.ka.ta],[dʒɯŋ.gʌ.ga.da]
말이 안되잖아요,25,[mal.i.an.twe.tʃan.a.jo],[mal.i.an.twe.dʒan.a.jo]
내가 더이상,25,[nɛ.ka.tʌ.i.saŋ],[nɛ.ga.dʌ.i.saŋ]
네 맘,25,[ne.mam],[ne.mam]
네 죽은,25,[ne.tʃuk̚.ɯn],[ne.dʒuk̚.ɯn]
전에도 그렇게,25,[tʃʌn.e.to.kɯ.ɾʌt̚.ke],[dʒʌn.e.do.gɯ.ɾʌt̚.ke]
게 아니라구요,25,[ke.a.ni.ɾa.ku.jo],[ge.a.ni.ɾa.gu.jo]
거예요 어떻게요,25,[kʌ.je.jo.ʌ.t͈ʌt̚.ke.jo],[gʌ.je.jo.ʌ.t͈ʌt̚.ke.jo]
그건 네가 아니야,25,[kɯ.kʌn.ne.ka.a.ni.ja],[gɯ.gʌn.ne.ga.a.ni.ja]
생각이 들어서요,25,[sɛŋ.kak̚.i.tɯl.ʌ.sʌ.jo],[sɛŋ.gak̚.i.dɯl.ʌ.sʌ.jo]
첫 단추를,25,[tʃʰʌt̚.tan.tʃʰu.ɾɯl],[tʃʰʌt̚.dan.tʃʰu.ɾɯl]
근데 넌 왜,25,[kɯn.te.nʌn.wɛ],[gɯn.te.nʌn.wɛ]
뭐 하실,25,[mwʌ.ha.sil],[mwʌ.ha.sil]
네 메시지,25,[ne.me.si.tʃi],[ne.me.si.dʒi]
그렇게 생각하지 않았다,25,[kɯ.ɾʌt̚.ke.sɛŋ.kak̚.ha.tʃi.an.at̚.ta],[gɯ.ɾʌt̚.ke.sɛŋ.gak̚.ha.dʒi.an.at̚.ta]
다 믿지,25,[ta.mit̚.tʃi],[da.mit̚.tʃi]
생각이 들더군,25,[sɛŋ.kak̚.i.tɯl.tʌ.kun],[sɛŋ.gak̚.i.dɯl.tʌ.gun]
때까지 매일,25,[t͈ɛ.k͈a.tʃi.mɛ.il],[t͈ɛ.k͈a.dʒi.mɛ.il]
첫 비행기로,25,[tʃʰʌt̚.pi.hɛŋ.ki.ɾo],[tʃʰʌt̚.bi.hɛŋ.gi.ɾo]
이 악몽을,25,[i.ak̚.moŋ.ɯl],[i.ak̚.moŋ.ɯl]
문을 두드리고,25,[mun.ɯl.tu.tɯ.ɾi.ko],[mun.ɯl.du.dɯ.ɾi.go]
당신 문제는,25,[taŋ.sin.mun.tʃe.nɯn],[daŋ.sin.mun.tʃe.nɯn]
세상에서 제일 큰,25,[se.saŋ.e.sʌ.tʃe.il.kʰɯn],[se.saŋ.e.sʌ.dʒe.il.kʰɯn]
우리 길을,25,[u.ɾi.kil.ɯl],[u.ɾi.gil.ɯl]
없어요 난 플래시예요 지난,25,[ʌp̚.ʌ.jo.nam.pʰɯl.ɾɛ.si.je.jo.tʃi.nan],[ʌp̚.ʌ.jo.nam.pʰɯl.ɾɛ.si.je.jo.dʒi.nan]
티가 나요,25,[tʰi.ka.na.jo],[tʰi.ga.na.jo]
썼나 봐,25,[s͈ʌt̚.na.pwa],[s͈ʌt̚.na.bwa]
우리 더,25,[u.ɾi.tʌ],[u.ɾi.dʌ]
그의 생각을,25,[kɯ.ɯi.sɛŋ.kak̚.ɯl],[gɯ.ɯi.sɛŋ.gak̚.ɯl]
그대로 묘사했다,25,[kɯ.tɛ.ɾo.mjo.sa.hɛt̚.ta],[gɯ.dɛ.ɾo.mjo.sa.hɛt̚.ta]
뭐 하고 싶은,25,[mwʌ.ha.ko.sip̚.ɯn],[mwʌ.ha.go.sip̚.ɯn]
나한테 좋은 생각이 있어,25,[na.han.tʰe.tʃot̚.ɯn.sɛŋ.kak̚.i.it̚.ʌ],[na.han.tʰe.dʒot̚.ɯn.sɛŋ.gak̚.i.it̚.ʌ]
속인 거예요,25,[sok̚.iŋ.kʌ.je.jo],[sok̚.in.gʌ.je.jo]
행사할 권리가 있으며,25,[hɛŋ.sa.hal.kwʌl.li.ka.it̚.ɯ.mjʌ],[hɛŋ.sa.hal.gwʌl.li.ga.it̚.ɯ.mjʌ]
문을 발로,25,[mun.ɯl.pal.ɾo],[mun.ɯl.bal.ɾo]
사실이 아닐,25,[sa.sil.i.a.nil],[sa.sil.i.a.nil]
평화 협정을,25,[pʰjʌŋ.hwa.hjʌp̚.tʃʌŋ.ɯl],[pʰjʌŋ.hwa.hjʌp̚.tʃʌŋ.ɯl]
back at,25,,
세상을 지배할,25,[se.saŋ.ɯl.tʃi.pɛ.hal],[se.saŋ.ɯl.dʒi.bɛ.hal]
경찰을 불러서,25,[kjʌŋ.tʃʰal.ɯl.pul.ɾʌ.sʌ],[gjʌŋ.tʃʰal.ɯl.bul.ɾʌ.sʌ]
된 걸 환영한다,25,[tweŋ.kʌl.hwan.jʌŋ.han.ta],[dwen.gʌl.hwan.jʌŋ.han.ta]
우리 둘과,25,[u.ɾi.tul.kwa],[u.ɾi.dul.kwa]
염두에 둔,25,[jʌn.tu.e.tun],[jʌn.tu.e.dun]
첫 출근,25,[tʃʰʌt̚.tʃʰul.kɯn],[tʃʰʌt̚.tʃʰul.kɯn]
좀 더 줘,25,[tʃon.tʌ.tʃwʌ],[dʒom.dʌ.dʒwʌ]
네 진정한,25,[ne.tʃin.tʃʌŋ.han],[ne.dʒin.tʃʌŋ.han]
또 뭐 있어,25,[t͈o.mwʌ.it̚.ʌ],[t͈o.mwʌ.it̚.ʌ]
없어요 이걸,25,[ʌp̚.ʌ.jo.i.kʌl],[ʌp̚.ʌ.jo.i.gʌl]
것으로 추정된다,25,[kʌt̚.ɯ.ɾo.tʃʰu.tʃʌŋ.twen.ta],[gʌt̚.ɯ.ɾo.tʃʰu.dʒʌŋ.dwen.ta]
해보고 싶었어요,25,[hɛ.po.ko.sip̚.ʌt̚.ʌ.jo],[hɛ.bo.go.sip̚.ʌt̚.ʌ.jo]
가지 가능성이,25,[ka.tʃi.ka.nɯŋ.sʌŋ.i],[ga.dʒi.ga.nɯŋ.sʌŋ.i]
이 업계에,25,[i.ʌp̚.kje.e],[i.ʌp̚.kje.e]
나는 마지막,25,[na.nɯn.ma.tʃi.mak̚],[na.nɯn.ma.dʒi.mak̚]
도둑질을 하고,25,[to.tuk̚.tʃil.ɯl.ha.ko],[do.duk̚.tʃil.ɯl.ha.go]
내 목적은,25,[nɛ.mok̚.tʃʌk̚.ɯn],[nɛ.mok̚.tʃʌk̚.ɯn]
법 알아,25,[pʌp̚.al.a],[bʌp̚.al.a]
본 것 같다,25,[poŋ.kʌt̚.kat̚.ta],[bon.gʌt̚.gat̚.ta]
가둘 거야,25,[ka.tul.kʌ.ja],[ga.dul.gʌ.ja]
think I can,25,,
그러면 지금,25,[kɯ.ɾʌ.mjʌn.tʃi.kɯm],[gɯ.ɾʌ.mjʌn.dʒi.gɯm]
제가 이거,25,[tʃe.ka.i.kʌ],[dʒe.ga.i.gʌ]
need to say,25,,
좀 기다려요,25,[tʃom.ki.ta.ɾjʌ.jo],[dʒom.gi.da.ɾjʌ.jo]
남자 그리고,25,[nan.tʃa.kɯ.ɾi.ko],[nan.tʃa.gɯ.ɾi.go]
거야 됐어요,25,[kʌ.ja.twɛt̚.ʌ.jo],[gʌ.ja.dwɛt̚.ʌ.jo]
키 줘,25,[kʰi.tʃwʌ],[kʰi.dʒwʌ]
영혼 없는,25,[jʌŋ.hon.ʌp̚.nɯn],[jʌŋ.hon.ʌp̚.nɯn]
생각은 이래요,25,[sɛŋ.kak̚.ɯn.i.ɾɛ.jo],[sɛŋ.gak̚.ɯn.i.ɾɛ.jo]
이 여자들이,25,[i.jʌ.tʃa.tɯl.i],[i.jʌ.dʒa.dɯl.i]
많은 것들이 있다,25,[man.ɯŋ.kʌt̚.tɯl.i.it̚.ta],[man.ɯn.gʌt̚.tɯl.i.it̚.ta]
미소까지도 네가 좋아 죽겠어,25,[mi.so.k͈a.tʃi.to.ne.ka.tʃot̚.a.tʃuk̚.ket̚.ʌ],[mi.so.k͈a.dʒi.do.ne.ga.dʒot̚.a.dʒuk̚.ket̚.ʌ]
멋진 사람이,25,[mʌt̚.tʃin.sa.ɾam.i],[mʌt̚.tʃin.sa.ɾam.i]
없었던 거로,25,[ʌp̚.ʌt̚.tʌŋ.kʌ.ɾo],[ʌp̚.ʌt̚.tʌn.gʌ.ɾo]
그들 자신을,25,[kɯ.tɯl.tʃa.sin.ɯl],[gɯ.dɯl.dʒa.sin.ɯl]
놓고 보면,25,[not̚.ko.po.mjʌn],[not̚.ko.bo.mjʌn]
옆으로 돌려,25,[jʌp̚.ɯ.ɾo.tol.ɾjʌ],[jʌp̚.ɯ.ɾo.dol.ɾjʌ]
돼 있다,25,[twɛ.it̚.ta],[dwɛ.it̚.ta]
아니 어쩌면,25,[a.ni.ʌ.tʃ͈ʌ.mjʌn],[a.ni.ʌ.tʃ͈ʌ.mjʌn]
없었어 우리,25,[ʌp̚.ʌt̚.ʌ.u.ɾi],[ʌp̚.ʌt̚.ʌ.u.ɾi]
오늘 특별히,25,[o.nɯl.tʰɯk̚.pjʌl.hi],[o.nɯl.tʰɯk̚.pjʌl.hi]
걸 숨기고,25,[kʌl.sum.ki.ko],[gʌl.sum.ki.go]
You were beaming once,25,,
맡게 되어,25,[mat̚.ke.twe.ʌ],[mat̚.ke.dwe.ʌ]
to set,25,,
생각이 있는 거야,25,[sɛŋ.kak̚.i.it̚.nɯŋ.kʌ.ja],[sɛŋ.gak̚.i.it̚.nɯn.gʌ.ja]
때는 다,25,[t͈ɛ.nɯn.ta],[t͈ɛ.nɯn.da]
단어 선택이,25,[tan.ʌ.sʌn.tʰɛk̚.i],[dan.ʌ.sʌn.tʰɛk̚.i]
제가 처리할 수,25,[tʃe.ka.tʃʰʌ.ɾi.hal.su],[dʒe.ga.tʃʰʌ.ɾi.hal.su]
지옥으로 꺼져,25,[tʃi.ok̚.ɯ.ɾo.k͈ʌ.tʃjʌ],[dʒi.ok̚.ɯ.ɾo.k͈ʌ.dʒjʌ]
정말 행복할,25,[tʃʌŋ.mal.hɛm.pok̚.hal],[dʒʌŋ.mal.hɛŋ.bok̚.hal]
내가 말하고자,25,[nɛ.ka.mal.ha.ko.tʃa],[nɛ.ga.mal.ha.go.dʒa]
되면 우리는,25,[twe.mjʌn.u.ɾi.nɯn],[dwe.mjʌn.u.ɾi.nɯn]
게 아니야 우리가,25,[ke.a.ni.ja.u.ɾi.ka],[ge.a.ni.ja.u.ɾi.ga]
센트럴 역,25,[sen.tʰɯ.ɾʌl.jʌk̚],[sen.tʰɯ.ɾʌl.jʌk̚]
센트럴 시티에서,25,[sen.tʰɯ.ɾʌl.si.tʰi.e.sʌ],[sen.tʰɯ.ɾʌl.si.tʰi.e.sʌ]
맘에 들거야,25,[mam.e.tɯl.kʌ.ja],[mam.e.dɯl.kʌ.ja]
직업도 있고,25,[tʃik̚.ʌp̚.to.it̚.ko],[dʒik̚.ʌp̚.to.it̚.ko]
같은데 혹시,25,[kat̚.ɯn.te.hok̚.si],[gat̚.ɯn.te.hok̚.si]
폭탄에 대해,25,[pʰok̚.tʰan.e.tɛ.hɛ],[pʰok̚.tʰan.e.dɛ.hɛ]
몰라 엄마가,25,[mol.ɾa.ʌm.ma.ka],[mol.ɾa.ʌm.ma.ga]
오는 줄 알았는데,25,[o.nɯn.tʃul.al.at̚.nɯn.te],[o.nɯn.dʒul.al.at̚.nɯn.te]
내가 다룰 수,25,[nɛ.ka.ta.ɾul.su],[nɛ.ga.da.ɾul.su]
어떻게 될 거,25,[ʌ.t͈ʌt̚.ke.twel.kʌ],[ʌ.t͈ʌt̚.ke.dwel.gʌ]
데 라 리바,25,[te.ɾa.ɾi.pa],[de.ɾa.ɾi.ba]
선택하는 게,25,[sʌn.tʰɛk̚.ha.nɯŋ.ke],[sʌn.tʰɛk̚.ha.nɯn.ge]
없으니까 하지만,25,[ʌp̚.ɯ.ni.k͈a.ha.tʃi.man],[ʌp̚.ɯ.ni.k͈a.ha.dʒi.man]
나머지 세,25,[na.mʌ.tʃi.se],[na.mʌ.dʒi.se]
데 많은,25,[te.man.ɯn],[de.man.ɯn]
제가 한 말은,25,[tʃe.ka.han.mal.ɯn],[dʒe.ga.han.mal.ɯn]
해봐도 돼요,25,[hɛ.pwa.to.twɛ.jo],[hɛ.bwa.do.dwɛ.jo]
내 진정한,25,[nɛ.tʃin.tʃʌŋ.han],[nɛ.dʒin.tʃʌŋ.han]
만드는 방법을,25,[man.tɯ.nɯm.pam.pʌp̚.ɯl],[man.tɯ.nɯn.baŋ.bʌp̚.ɯl]
말 안 한 건,25,[mal.an.haŋ.kʌn],[mal.an.han.gʌn]
없으면 안 돼요,25,[ʌp̚.ɯ.mjʌn.an.twɛ.jo],[ʌp̚.ɯ.mjʌn.an.dwɛ.jo]
한 시간씩,25,[han.si.kan.s͈ik̚],[han.si.gan.s͈ik̚]
힘든 시기를 겪고,25,[hin.tɯn.si.ki.ɾɯl.kjʌk̚.ko],[hin.tɯn.si.gi.ɾɯl.gjʌk̚.ko]
너무 두려워요,25,[nʌ.mu.tu.ɾjʌ.wʌ.jo],[nʌ.mu.du.ɾjʌ.wʌ.jo]
아니에요 좋아,25,[a.ni.e.jo.tʃot̚.a],[a.ni.e.jo.dʒot̚.a]
이 이사,25,[i.i.sa],[i.i.sa]
좀 이상하지만,25,[tʃom.i.saŋ.ha.tʃi.man],[dʒom.i.saŋ.ha.dʒi.man]
믿어 그래서,25,[mit̚.ʌ.kɯ.ɾɛ.sʌ],[mit̚.ʌ.gɯ.ɾɛ.sʌ]
뭘 만드는,25,[mwʌl.man.tɯ.nɯn],[mwʌl.man.tɯ.nɯn]
좋은 느낌이,25,[tʃot̚.ɯn.nɯ.k͈im.i],[dʒot̚.ɯn.nɯ.k͈im.i]
중요하단 걸,25,[tʃuŋ.jo.ha.taŋ.kʌl],[dʒuŋ.jo.ha.dan.gʌl]
몰라요 lrm,25,[mol.ɾa.jo],[mol.ɾa.jo]
파괴되는 걸,25,[pʰa.kwe.twe.nɯŋ.kʌl],[pʰa.gwe.dwe.nɯn.gʌl]
모르게 해야,25,[mo.ɾɯ.ke.hɛ.ja],[mo.ɾɯ.ge.hɛ.ja]
you can see,25,,
것 같다 이,25,[kʌt̚.kat̚.ta.i],[gʌt̚.gat̚.ta.i]
오늘은 쉬는,25,[o.nɯl.ɯn.swi.nɯn],[o.nɯl.ɯn.swi.nɯn]
가는 대신,25,[ka.nɯn.tɛ.sin],[ga.nɯn.dɛ.sin]
자네가 제일,25,[tʃa.ne.ka.tʃe.il],[dʒa.ne.ga.dʒe.il]
신고가 들어왔다,25,[siŋ.ko.ka.tɯl.ʌ.wat̚.ta],[siŋ.ko.ga.dɯl.ʌ.wat̚.ta]
생각이야 내가,25,[sɛŋ.kak̚.i.ja.nɛ.ka],[sɛŋ.gak̚.i.ja.nɛ.ga]
문이 끼익 열린다,25,[mun.i.k͈i.ik̚.jʌl.ɾin.ta],[mun.i.k͈i.ik̚.jʌl.ɾin.ta]
그럼 아는,25,[kɯ.ɾʌm.a.nɯn],[gɯ.ɾʌm.a.nɯn]
알았어요 그래도,25,[al.at̚.ʌ.jo.kɯ.ɾɛ.to],[al.at̚.ʌ.jo.gɯ.ɾɛ.do]
눈이 좋아 너의 속눈썹과,25,[nun.i.tʃot̚.a.nʌ.ɯi.sok̚.nun.s͈ʌp̚.kwa],[nun.i.dʒot̚.a.nʌ.ɯi.sok̚.nun.s͈ʌp̚.kwa]
제게 생각이,25,[tʃe.ke.sɛŋ.kak̚.i],[dʒe.ge.sɛŋ.gak̚.i]
네 책상,25,[ne.tʃʰɛk̚.saŋ],[ne.tʃʰɛk̚.saŋ]
목소리를 들으니,25,[mok̚.so.ɾi.ɾɯl.tɯl.ɯ.ni],[mok̚.so.ɾi.ɾɯl.dɯl.ɯ.ni]
파괴할 것이다,25,[pʰa.kwe.hal.kʌt̚.i.ta],[pʰa.gwe.hal.gʌt̚.i.da]
동이 틀,25,[toŋ.i.tʰɯl],[doŋ.i.tʰɯl]
계속 누르고,25,[kje.sok̚.nu.ɾɯ.ko],[gje.sok̚.nu.ɾɯ.go]
내가 죽어야,25,[nɛ.ka.tʃuk̚.ʌ.ja],[nɛ.ga.dʒuk̚.ʌ.ja]
거짓말 안 했어,25,[kʌ.tʃit̚.mal.an.hɛt̚.ʌ],[gʌ.dʒit̚.mal.an.hɛt̚.ʌ]
모르겠네요 내,25,[mo.ɾɯ.ket̚.ne.jo.nɛ],[mo.ɾɯ.get̚.ne.jo.nɛ]
게이 같은,25,[ke.i.kat̚.ɯn],[ge.i.gat̚.ɯn]
표현이 좀,25,[pʰjo.hjʌn.i.tʃom],[pʰjo.hjʌn.i.dʒom]
네 실력을,25,[ne.sil.ɾjʌk̚.ɯl],[ne.sil.ɾjʌk̚.ɯl]
내가 믿고,25,[nɛ.ka.mit̚.ko],[nɛ.ga.mit̚.ko]
가야 해 안,25,[ka.ja.hɛ.an],[ga.ja.hɛ.an]
할 수 있어 네,25,[hal.su.it̚.ʌ.ne],[hal.su.it̚.ʌ.ne]
못 해 이,25,[mot̚.hɛ.i],[mot̚.hɛ.i]
당신 손으로,25,[taŋ.sin.son.ɯ.ɾo],[daŋ.sin.son.ɯ.ɾo]
오빠가 왜,25,[o.p͈a.ka.wɛ],[o.p͈a.ga.wɛ]
있어 처음,25,[it̚.ʌ.tʃʰʌ.ɯm],[it̚.ʌ.tʃʰʌ.ɯm]
시간이 없다는,25,[si.kan.i.ʌp̚.ta.nɯn],[si.gan.i.ʌp̚.ta.nɯn]
그런 것 같지는,25,[kɯ.ɾʌŋ.kʌt̚.kat̚.tʃi.nɯn],[gɯ.ɾʌn.gʌt̚.gat̚.tʃi.nɯn]
않을 거야 안,25,[an.ɯl.kʌ.ja.an],[an.ɯl.gʌ.ja.an]
의심하고 있어요,25,[ɯi.sim.ha.ko.it̚.ʌ.jo],[ɯi.sim.ha.go.it̚.ʌ.jo]
없잖아요 이,25,[ʌp̚.tʃan.a.jo.i],[ʌp̚.tʃan.a.jo.i]
그 모든게,25,[kɯ.mo.tɯŋ.ke],[gɯ.mo.dɯŋ.ke]
오신 김에,25,[o.siŋ.kim.e],[o.sin.gim.e]
고마워요 아니,25,[ko.ma.wʌ.jo.a.ni],[go.ma.wʌ.jo.a.ni]
소리 그만하고,25,[so.ɾi.kɯ.man.ha.ko],[so.ɾi.gɯ.man.ha.go]
놔두면 안 돼,25,[nwa.tu.mjʌn.an.twɛ],[nwa.du.mjʌn.an.dwɛ]
저 년,25,[tʃʌ.njʌn],[dʒʌ.njʌn]
무리 중,25,[mu.ɾi.tʃuŋ],[mu.ɾi.dʒuŋ]
이 일을 잘,25,[i.il.ɯl.tʃal],[i.il.ɯl.dʒal]
게 아니에요 내,25,[ke.a.ni.e.jo.nɛ],[ge.a.ni.e.jo.nɛ]
본 사람들이,25,[pon.sa.ɾan.tɯl.i],[bon.sa.ɾan.tɯl.i]
시절 子どもの頃 어린 시절,25,[si.tʃʌl.ʌ.ɾin.si.tʃʌl],[si.dʒʌl.ʌ.ɾin.si.dʒʌl]
다룰 수 있는,25,[ta.ɾul.su.it̚.nɯn],[da.ɾul.su.it̚.nɯn]
잠깐 당신,25,[tʃam.k͈an.taŋ.sin],[dʒam.k͈an.daŋ.sin]
일이 생긴거야,25,[il.i.sɛŋ.kiŋ.kʌ.ja],[il.i.sɛŋ.giŋ.kʌ.ja]
there were,25,,
grew up,25,,
명 중에서,25,[mjʌŋ.tʃuŋ.e.sʌ],[mjʌŋ.dʒuŋ.e.sʌ]
그건 더 이상,25,[kɯ.kʌn.tʌ.i.saŋ],[gɯ.gʌn.dʌ.i.saŋ]
온 게 아니다,25,[oŋ.ke.a.ni.ta],[on.ge.a.ni.da]
않는 겁니까,25,[an.nɯŋ.kʌp̚.ni.k͈a],[an.nɯn.gʌp̚.ni.k͈a]
해서 미안합니다,25,[hɛ.sʌ.mi.an.hap̚.ni.ta],[hɛ.sʌ.mi.an.hap̚.ni.da]
소리 하고 자빠졌네,25,[so.ɾi.ha.ko.tʃa.p͈a.tʃjʌt̚.ne],[so.ɾi.ha.go.dʒa.p͈a.dʒjʌt̚.ne]
없지 정말,25,[ʌp̚.tʃi.tʃʌŋ.mal],[ʌp̚.tʃi.dʒʌŋ.mal]
다른 옷을,25,[ta.ɾɯn.ot̚.ɯl],[da.ɾɯn.ot̚.ɯl]
처음부터 날,25,[tʃʰʌ.ɯm.pu.tʰʌ.nal],[tʃʰʌ.ɯm.pu.tʰʌ.nal]
다시 만나기로,25,[ta.si.man.na.ki.ɾo],[da.si.man.na.gi.ɾo]
그런 게 어딨어요,25,[kɯ.ɾʌŋ.ke.ʌ.tit̚.ʌ.jo],[gɯ.ɾʌn.ge.ʌ.dit̚.ʌ.jo]
떨쳐 버려야지,25,[t͈ʌl.tʃʰjʌ.pʌ.ɾjʌ.ja.tʃi],[t͈ʌl.tʃʰjʌ.bʌ.ɾjʌ.ja.dʒi]
나는 숨을,25,[na.nɯn.sum.ɯl],[na.nɯn.sum.ɯl]
We''ve got a,25,,
하지 그래도,25,[ha.tʃi.kɯ.ɾɛ.to],[ha.dʒi.gɯ.ɾɛ.do]
끝난 뒤,25,[k͈ɯt̚.nan.twi],[k͈ɯt̚.nan.dwi]
않았지 그,25,[an.at̚.tʃi.kɯ],[an.at̚.tʃi.gɯ]
알잖아 안,25,[al.tʃan.a.an],[al.tʃan.a.an]
같은 건 필요 없어,25,[kat̚.ɯŋ.kʌm.pʰil.jo.ʌp̚.ʌ],[gat̚.ɯn.gʌm.pʰil.jo.ʌp̚.ʌ]
올 일,25,[ol.il],[ol.il]
내가 억지로,25,[nɛ.ka.ʌk̚.tʃi.ɾo],[nɛ.ga.ʌk̚.tʃi.ɾo]
데려다줘서 고마워,25,[te.ɾjʌ.ta.tʃwʌ.sʌ.ko.ma.wʌ],[de.ɾjʌ.da.dʒwʌ.sʌ.go.ma.wʌ]
이 파일,25,[i.pʰa.il],[i.pʰa.il]
말 있으면 그냥,25,[mal.it̚.ɯ.mjʌŋ.kɯ.njaŋ],[mal.it̚.ɯ.mjʌn.gɯ.njaŋ]
봐 괜찮을,25,[pwa.kwɛn.tʃʰan.ɯl],[bwa.gwɛn.tʃʰan.ɯl]
제쳐 두고,25,[tʃe.tʃʰjʌ.tu.ko],[dʒe.tʃʰjʌ.du.go]
잠깐 들어와,25,[tʃam.k͈an.tɯl.ʌ.wa],[dʒam.k͈an.dɯl.ʌ.wa]
그 동영상,25,[kɯ.toŋ.jʌŋ.saŋ],[gɯ.doŋ.jʌŋ.saŋ]
이 자와,25,[i.tʃa.wa],[i.dʒa.wa]
항상 일을,25,[haŋ.saŋ.il.ɯl],[haŋ.saŋ.il.ɯl]
그런 관계가,25,[kɯ.ɾʌŋ.kwaŋ.kje.ka],[gɯ.ɾʌn.gwaŋ.kje.ga]
내게 아주,25,[nɛ.ke.a.tʃu],[nɛ.ge.a.dʒu]
나무 위,25,[na.mu.wi],[na.mu.wi]
소리를 질렀어,25,[so.ɾi.ɾɯl.tʃil.ɾʌt̚.ʌ],[so.ɾi.ɾɯl.dʒil.ɾʌt̚.ʌ]
you''ll find,25,,
그런 경우도,25,[kɯ.ɾʌŋ.kjʌŋ.u.to],[gɯ.ɾʌn.gjʌŋ.u.do]
가족 얘기를,25,[ka.tʃok̚.jɛ.ki.ɾɯl],[ga.dʒok̚.jɛ.gi.ɾɯl]
왜 그랬던,25,[wɛ.kɯ.ɾɛt̚.tʌn],[wɛ.gɯ.ɾɛt̚.tʌn]
동안 너는,25,[toŋ.an.nʌ.nɯn],[doŋ.an.nʌ.nɯn]
자랑스러워 할 거야,25,[tʃa.ɾaŋ.sɯ.ɾʌ.wʌ.hal.kʌ.ja],[dʒa.ɾaŋ.sɯ.ɾʌ.wʌ.hal.gʌ.ja]
어떻게 말할,25,[ʌ.t͈ʌt̚.ke.mal.hal],[ʌ.t͈ʌt̚.ke.mal.hal]
네 어머니도,25,[ne.ʌ.mʌ.ni.to],[ne.ʌ.mʌ.ni.do]
뭔지는 잘,25,[mwʌn.tʃi.nɯn.tʃal],[mwʌn.tʃi.nɯn.dʒal]
잡히지 않는,25,[tʃap̚.hi.tʃi.an.nɯn],[dʒap̚.hi.dʒi.an.nɯn]
시간이 좀 걸릴거야,25,[si.kan.i.tʃom.kʌl.ɾil.kʌ.ja],[si.gan.i.dʒom.gʌl.ɾil.kʌ.ja]
걸 무슨,25,[kʌl.mu.sɯn],[gʌl.mu.sɯn]
본 유일한,25,[pon.ju.il.han],[bon.ju.il.han]
같았어요 그래서,25,[kat̚.at̚.ʌ.jo.kɯ.ɾɛ.sʌ],[gat̚.at̚.ʌ.jo.gɯ.ɾɛ.sʌ]
그런 내가,25,[kɯ.ɾʌn.nɛ.ka],[gɯ.ɾʌn.nɛ.ga]
그런 명령을,25,[kɯ.ɾʌn.mjʌŋ.ɾjʌŋ.ɯl],[gɯ.ɾʌn.mjʌŋ.ɾjʌŋ.ɯl]
외에는 아무것도,25,[we.e.nɯn.a.mu.kʌt̚.to],[we.e.nɯn.a.mu.gʌt̚.to]
손가락 사이로,25,[soŋ.ka.ɾak̚.sa.i.ɾo],[soŋ.ka.ɾak̚.sa.i.ɾo]
때문에 돈을,25,[t͈ɛ.mun.e.ton.ɯl],[t͈ɛ.mun.e.don.ɯl]
함께 하고 싶어,25,[ham.k͈e.ha.ko.sip̚.ʌ],[ham.k͈e.ha.go.sip̚.ʌ]
믿어 이제,25,[mit̚.ʌ.i.tʃe],[mit̚.ʌ.i.dʒe]
데리고 나왔어,25,[te.ɾi.ko.na.wat̚.ʌ],[de.ɾi.go.na.wat̚.ʌ]
당신은 거의,25,[taŋ.sin.ɯŋ.kʌ.ɯi],[daŋ.sin.ɯn.gʌ.ɯi]
해서는 안돼,25,[hɛ.sʌ.nɯn.an.twɛ],[hɛ.sʌ.nɯn.an.twɛ]
내가 도착하기,25,[nɛ.ka.to.tʃʰak̚.ha.ki],[nɛ.ga.do.tʃʰak̚.ha.gi]
wanna dance,25,,
손가락과 향기까지도,25,[soŋ.ka.ɾak̚.kwa.hjaŋ.ki.k͈a.tʃi.to],[soŋ.ka.ɾak̚.kwa.hjaŋ.gi.k͈a.dʒi.do]
정말 너무하네,25,[tʃʌŋ.mal.lʌ.mu.ha.ne],[dʒʌŋ.mal.lʌ.mu.ha.ne]
완전 엉망이야,25,[wan.tʃʌn.ʌŋ.maŋ.i.ja],[wan.tʃʌn.ʌŋ.maŋ.i.ja]
하는지 안,25,[ha.nɯn.tʃi.an],[ha.nɯn.tʃi.an]
제발 부탁드립니다,25,[tʃe.pal.pu.tʰak̚.tɯ.ɾip̚.ni.ta],[dʒe.bal.bu.tʰak̚.tɯ.ɾip̚.ni.da]
나도 당신에게,25,[na.to.taŋ.sin.e.ke],[na.do.daŋ.sin.e.ge]
정말 훌륭했어요,25,[tʃʌŋ.mal.hul.ɾjuŋ.hɛt̚.ʌ.jo],[dʒʌŋ.mal.hul.ɾjuŋ.hɛt̚.ʌ.jo]
배고파 죽을,25,[pɛ.ko.pʰa.tʃuk̚.ɯl],[bɛ.go.pʰa.dʒuk̚.ɯl]
데리고 있었다,25,[te.ɾi.ko.it̚.ʌt̚.ta],[de.ɾi.go.it̚.ʌt̚.ta]
된 일,25,[twen.il],[dwen.il]
당신 잘못이 아니야,25,[taŋ.sin.tʃal.mot̚.i.a.ni.ja],[daŋ.sin.dʒal.mot̚.i.a.ni.ja]
여기까지 왔으니,25,[jʌ.ki.k͈a.tʃi.wat̚.ɯ.ni],[jʌ.gi.k͈a.dʒi.wat̚.ɯ.ni]
죽이려던 건,25,[tʃuk̚.i.ɾjʌ.tʌŋ.kʌn],[dʒuk̚.i.ɾjʌ.dʌn.gʌn]
엘리베이터 타고,25,[el.ɾi.pe.i.tʰʌ.tʰa.ko],[el.ɾi.be.i.tʰʌ.tʰa.go]
게 아닙니까,25,[ke.a.nip̚.ni.k͈a],[ge.a.nip̚.ni.k͈a]
공격할 거예요,25,[koŋ.kjʌk̚.hal.kʌ.je.jo],[goŋ.gjʌk̚.hal.gʌ.je.jo]
부끄럽지 않게,25,[pu.k͈ɯ.ɾʌp̚.tʃi.aŋ.ke],[bu.k͈ɯ.ɾʌp̚.tʃi.aŋ.ke]
벌써 다른,25,[pʌl.s͈ʌ.ta.ɾɯn],[bʌl.s͈ʌ.da.ɾɯn]
대해 아시는,25,[tɛ.hɛ.a.si.nɯn],[dɛ.hɛ.a.si.nɯn]
제발 이러지 말아요,25,[tʃe.pal.i.ɾʌ.tʃi.mal.a.jo],[dʒe.bal.i.ɾʌ.dʒi.mal.a.jo]
얘기가 정말,25,[jɛ.ki.ka.tʃʌŋ.mal],[jɛ.gi.ga.dʒʌŋ.mal]
시간이 흐른,25,[si.kan.i.hɯ.ɾɯn],[si.gan.i.hɯ.ɾɯn]
모르겠지만 나도,25,[mo.ɾɯ.ket̚.tʃi.man.na.to],[mo.ɾɯ.get̚.tʃi.man.na.do]
폭발했을 때,25,[pʰok̚.pal.hɛt̚.ɯl.t͈ɛ],[pʰok̚.pal.hɛt̚.ɯl.t͈ɛ]
어떤 감정을,25,[ʌ.t͈ʌŋ.kan.tʃʌŋ.ɯl],[ʌ.t͈ʌn.gan.tʃʌŋ.ɯl]
얼마 전엔,25,[ʌl.ma.tʃʌn.en],[ʌl.ma.dʒʌn.en]
했어요 왜요,25,[hɛt̚.ʌ.jo.wɛ.jo],[hɛt̚.ʌ.jo.wɛ.jo]
얼굴에 한,25,[ʌl.kul.e.han],[ʌl.kul.e.han]
데이 선생님,25,[te.i.sʌn.sɛŋ.nim],[de.i.sʌn.sɛŋ.nim]
제발 해치지 마세요,25,[tʃe.pal.hɛ.tʃʰi.tʃi.ma.se.jo],[dʒe.bal.hɛ.tʃʰi.dʒi.ma.se.jo]
나는 아무런,25,[na.nɯn.a.mu.ɾʌn],[na.nɯn.a.mu.ɾʌn]
압니다 제,25,[ap̚.ni.ta.tʃe],[ap̚.ni.da.dʒe]
하는 것 같아서,25,[ha.nɯŋ.kʌt̚.kat̚.a.sʌ],[ha.nɯn.gʌt̚.gat̚.a.sʌ]
you''re my,25,,
걸릴 테니까,25,[kʌl.ɾil.tʰe.ni.k͈a],[gʌl.ɾil.tʰe.ni.k͈a]
본 적은 없어,25,[pon.tʃʌk̚.ɯn.ʌp̚.ʌ],[bon.dʒʌk̚.ɯn.ʌp̚.ʌ]
여기 데리고,25,[jʌ.ki.te.ɾi.ko],[jʌ.gi.de.ɾi.go]
좋았어 좋아,25,[tʃot̚.at̚.ʌ.tʃot̚.a],[dʒot̚.at̚.ʌ.dʒot̚.a]
you if,25,,
나보다 잘난,25,[na.po.ta.tʃal.lan],[na.bo.da.dʒal.lan]
사랑하지 않으면,25,[sa.ɾaŋ.ha.tʃi.an.ɯ.mjʌn],[sa.ɾaŋ.ha.dʒi.an.ɯ.mjʌn]
내 사촌이야,25,[nɛ.sa.tʃʰon.i.ja],[nɛ.sa.tʃʰon.i.ja]
제시간에 못,25,[tʃe.si.kan.e.mot̚],[dʒe.si.gan.e.mot̚]
해수의 떨리는,25,[hɛ.su.ɯi.t͈ʌl.ɾi.nɯn],[hɛ.su.ɯi.t͈ʌl.ɾi.nɯn]
다시 기회가,25,[ta.si.ki.hwe.ka],[da.si.gi.hwe.ga]
건 누구죠,25,[kʌn.nu.ku.tʃjo],[gʌn.nu.gu.dʒjo]
여기 메뉴,25,[jʌ.ki.me.nju],[jʌ.gi.me.nju]
못 보죠,25,[mot̚.po.tʃjo],[mot̚.bo.dʒjo]
했다 그녀는,25,[hɛt̚.ta.kɯ.njʌ.nɯn],[hɛt̚.ta.gɯ.njʌ.nɯn]
미안 이,25,[mi.an.i],[mi.an.i]
데이트 같은,25,[te.i.tʰɯ.kat̚.ɯn],[de.i.tʰɯ.gat̚.ɯn]
늘 잘,25,[nɯl.tʃal],[nɯl.dʒal]
휴대폰 신호가,25,[hju.tɛ.pʰon.sin.ho.ka],[hju.dɛ.pʰon.sin.ho.ga]
여긴 작은,25,[jʌ.kin.tʃak̚.ɯn],[jʌ.gin.dʒak̚.ɯn]
있어 그리고 그,25,[it̚.ʌ.kɯ.ɾi.ko.kɯ],[it̚.ʌ.gɯ.ɾi.go.gɯ]
남자 알아요,25,[nan.tʃa.al.a.jo],[nan.tʃa.al.a.jo]
미안 오늘,25,[mi.an.o.nɯl],[mi.an.o.nɯl]
그의 파일을,25,[kɯ.ɯi.pʰa.il.ɯl],[gɯ.ɯi.pʰa.il.ɯl]
난 감옥,25,[naŋ.kam.ok̚],[nan.gam.ok̚]
또 그걸,25,[t͈o.kɯ.kʌl],[t͈o.gɯ.gʌl]
내가 다룰,25,[nɛ.ka.ta.ɾul],[nɛ.ga.da.ɾul]
문제 삼을,25,[mun.tʃe.sam.ɯl],[mun.tʃe.sam.ɯl]
말이야 나를,25,[mal.i.ja.na.ɾɯl],[mal.i.ja.na.ɾɯl]
거요 어떻게,25,[kʌ.jo.ʌ.t͈ʌt̚.ke],[gʌ.jo.ʌ.t͈ʌt̚.ke]
않은 곳에서,25,[an.ɯŋ.kot̚.e.sʌ],[an.ɯn.got̚.e.sʌ]
안 볼 거예요,25,[am.pol.kʌ.je.jo],[an.bol.gʌ.je.jo]
거요 여기,25,[kʌ.jo.jʌ.ki],[gʌ.jo.jʌ.gi]
한 일을 알고,25,[han.il.ɯl.al.ko],[han.il.ɯl.al.ko]
훔치지 않았어요,25,[hun.tʃʰi.tʃi.an.at̚.ʌ.jo],[hun.tʃʰi.dʒi.an.at̚.ʌ.jo]
이런 사람을,25,[i.ɾʌn.sa.ɾam.ɯl],[i.ɾʌn.sa.ɾam.ɯl]
있어요 걱정,25,[it̚.ʌ.jo.kʌk̚.tʃʌŋ],[it̚.ʌ.jo.gʌk̚.tʃʌŋ]
있어도 그,25,[it̚.ʌ.to.kɯ],[it̚.ʌ.do.gɯ]
같이 할 거야,25,[kat̚.i.hal.kʌ.ja],[gat̚.i.hal.gʌ.ja]
여기 없다면,25,[jʌ.ki.ʌp̚.ta.mjʌn],[jʌ.gi.ʌp̚.ta.mjʌn]
생각하는 것 같아요,25,[sɛŋ.kak̚.ha.nɯŋ.kʌt̚.kat̚.a.jo],[sɛŋ.gak̚.ha.nɯn.gʌt̚.gat̚.a.jo]
두 시간쯤,25,[tu.si.kan.tʃ͈ɯm],[du.si.gan.tʃ͈ɯm]
있어요 고마워,25,[it̚.ʌ.jo.ko.ma.wʌ],[it̚.ʌ.jo.go.ma.wʌ]
아닌가 하는,25,[a.niŋ.ka.ha.nɯn],[a.niŋ.ka.ha.nɯn]
상황이 아닙니다,25,[saŋ.hwaŋ.i.a.nip̚.ni.ta],[saŋ.hwaŋ.i.a.nip̚.ni.da]
파티에 가자,25,[pʰa.tʰi.e.ka.tʃa],[pʰa.tʰi.e.ga.dʒa]
도 있어,25,[to.it̚.ʌ],[do.it̚.ʌ]
그런 부류의,25,[kɯ.ɾʌm.pu.ɾju.ɯi],[gɯ.ɾʌn.bu.ɾju.ɯi]
있어요 그녀의,25,[it̚.ʌ.jo.kɯ.njʌ.ɯi],[it̚.ʌ.jo.gɯ.njʌ.ɯi]
거요 이건,25,[kʌ.jo.i.kʌn],[gʌ.jo.i.gʌn]
모르는 게 나아,25,[mo.ɾɯ.nɯŋ.ke.na.a],[mo.ɾɯ.nɯn.ge.na.a]
하지 않았기,25,[ha.tʃi.an.at̚.ki],[ha.dʒi.an.at̚.ki]
왜 웃지,25,[wɛ.ut̚.tʃi],[wɛ.ut̚.tʃi]
취하고 있습니다,25,[tʃʰwi.ha.ko.it̚.sɯp̚.ni.ta],[tʃʰwi.ha.go.it̚.sɯp̚.ni.da]
나도 총,25,[na.to.tʃʰoŋ],[na.do.tʃʰoŋ]
속속들이 알고,25,[sok̚.sok̚.tɯl.i.al.ko],[sok̚.sok̚.tɯl.i.al.ko]
괜찮아 어디,25,[kwɛn.tʃʰan.a.ʌ.ti],[gwɛn.tʃʰan.a.ʌ.di]
저도 가도,25,[tʃʌ.to.ka.to],[dʒʌ.do.ga.do]
you feeling,25,,
가족과 친구들을,25,[ka.tʃok̚.kwa.tʃʰiŋ.ku.tɯl.ɯl],[ga.dʒok̚.kwa.tʃʰiŋ.ku.dɯl.ɯl]
거짓말을 한 거야,25,[kʌ.tʃit̚.mal.ɯl.haŋ.kʌ.ja],[gʌ.dʒit̚.mal.ɯl.han.gʌ.ja]
보유하고 있습니다,25,[po.ju.ha.ko.it̚.sɯp̚.ni.ta],[bo.ju.ha.go.it̚.sɯp̚.ni.da]
제일 섹시한,25,[tʃe.il.sek̚.si.han],[dʒe.il.sek̚.si.han]
중요한 건 내,25,[tʃuŋ.jo.haŋ.kʌn.nɛ],[dʒuŋ.jo.han.gʌn.nɛ]
여기 있겠어,25,[jʌ.ki.it̚.ket̚.ʌ],[jʌ.gi.it̚.ket̚.ʌ]
감사합니다 저도,25,[kam.sa.hap̚.ni.ta.tʃʌ.to],[gam.sa.hap̚.ni.da.dʒʌ.do]
사용하면 안,25,[sa.joŋ.ha.mjʌn.an],[sa.joŋ.ha.mjʌn.an]
그러고 싶네요,25,[kɯ.ɾʌ.ko.sip̚.ne.jo],[gɯ.ɾʌ.go.sip̚.ne.jo]
네 전부,25,[ne.tʃʌm.pu],[ne.dʒʌm.pu]
여기로 온 거야,25,[jʌ.ki.ɾo.oŋ.kʌ.ja],[jʌ.gi.ɾo.on.gʌ.ja]
뭐가 이렇게 오래,25,[mwʌ.ka.i.ɾʌt̚.ke.o.ɾɛ],[mwʌ.ga.i.ɾʌt̚.ke.o.ɾɛ]
거야 뭐 하는 거야,25,[kʌ.ja.mwʌ.ha.nɯŋ.kʌ.ja],[gʌ.ja.mwʌ.ha.nɯn.gʌ.ja]
아침을 먹고,25,[a.tʃʰim.ɯl.mʌk̚.ko],[a.tʃʰim.ɯl.mʌk̚.ko]
있어요 나쁜,25,[it̚.ʌ.jo.na.p͈ɯn],[it̚.ʌ.jo.na.p͈ɯn]
갔다 하면서,25,[kat̚.ta.ha.mjʌn.sʌ],[gat̚.ta.ha.mjʌn.sʌ]
신경 끊어,25,[siŋ.kjʌŋ.k͈ɯn.ʌ],[siŋ.kjʌŋ.k͈ɯn.ʌ]
당신을 보호할,25,[taŋ.sin.ɯl.po.ho.hal],[daŋ.sin.ɯl.bo.ho.hal]
그들 모두는,25,[kɯ.tɯl.mo.tu.nɯn],[gɯ.dɯl.mo.du.nɯn]
속에서 길을,25,[sok̚.e.sʌ.kil.ɯl],[sok̚.e.sʌ.gil.ɯl]
소송을 제기할,25,[so.soŋ.ɯl.tʃe.ki.hal],[so.soŋ.ɯl.dʒe.gi.hal]
도대체 무엇이,25,[to.tɛ.tʃʰe.mu.ʌt̚.i],[do.dɛ.tʃʰe.mu.ʌt̚.i]
먼저 먹어,25,[mʌn.tʃʌ.mʌk̚.ʌ],[mʌn.tʃʌ.mʌk̚.ʌ]
못 치게,25,[mot̚.tʃʰi.ke],[mot̚.tʃʰi.ge]
거 괜찮아,25,[kʌ.kwɛn.tʃʰan.a],[gʌ.gwɛn.tʃʰan.a]
신경 써야지,25,[siŋ.kjʌŋ.s͈ʌ.ja.tʃi],[siŋ.kjʌŋ.s͈ʌ.ja.dʒi]
맞긴 해,25,[mat̚.kin.hɛ],[mat̚.kin.hɛ]
이 침대에서,25,[i.tʃʰin.tɛ.e.sʌ],[i.tʃʰin.tɛ.e.sʌ]
그래서 어떻게 됐죠,25,[kɯ.ɾɛ.sʌ.ʌ.t͈ʌt̚.ke.twɛt̚.tʃjo],[gɯ.ɾɛ.sʌ.ʌ.t͈ʌt̚.ke.dwɛt̚.tʃjo]
못 들어본,25,[mot̚.tɯl.ʌ.pon],[mot̚.dɯl.ʌ.bon]
게임을 하지,25,[ke.im.ɯl.ha.tʃi],[ge.im.ɯl.ha.dʒi]
부러진 것 같아요,25,[pu.ɾʌ.tʃiŋ.kʌt̚.kat̚.a.jo],[bu.ɾʌ.dʒin.gʌt̚.gat̚.a.jo]
안 해요 그냥,25,[an.hɛ.jo.kɯ.njaŋ],[an.hɛ.jo.gɯ.njaŋ]
나중을 위해,25,[na.tʃuŋ.ɯl.wi.hɛ],[na.dʒuŋ.ɯl.wi.hɛ]
사용한 게,25,[sa.joŋ.haŋ.ke],[sa.joŋ.han.ge]
보이 스카우트,25,[po.i.sɯ.kʰa.u.tʰɯ],[bo.i.sɯ.kʰa.u.tʰɯ]
게 많거든요,25,[ke.maŋ.kʌ.tɯn.jo],[ge.maŋ.kʌ.dɯn.jo]
될 수 있을지,25,[twel.su.it̚.ɯl.tʃi],[dwel.su.it̚.ɯl.tʃi]
바꿀 수 없게,25,[pa.k͈ul.su.ʌp̚.ke],[ba.k͈ul.su.ʌp̚.ke]
정도로 내가,25,[tʃʌŋ.to.ɾo.nɛ.ka],[dʒʌŋ.do.ɾo.nɛ.ga]
모든 게 더,25,[mo.tɯŋ.ke.tʌ],[mo.dɯn.ge.dʌ]
여기 있을 줄 알았어,25,[jʌ.ki.it̚.ɯl.tʃul.al.at̚.ʌ],[jʌ.gi.it̚.ɯl.dʒul.al.at̚.ʌ]
명 있었어요,25,[mjʌŋ.it̚.ʌt̚.ʌ.jo],[mjʌŋ.it̚.ʌt̚.ʌ.jo]
나쁘진 않네요,25,[na.p͈ɯ.tʃin.an.ne.jo],[na.p͈ɯ.dʒin.an.ne.jo]
줘요 제가,25,[tʃwʌ.jo.tʃe.ka],[dʒwʌ.jo.dʒe.ga]
이 연구를,25,[i.jʌŋ.ku.ɾɯl],[i.jʌŋ.ku.ɾɯl]
때문에 나를,25,[t͈ɛ.mun.e.na.ɾɯl],[t͈ɛ.mun.e.na.ɾɯl]
그냥 하는 말이,25,[kɯ.njaŋ.ha.nɯn.mal.i],[gɯ.njaŋ.ha.nɯn.mal.i]
나에 대해 아는,25,[na.e.tɛ.hɛ.a.nɯn],[na.e.dɛ.hɛ.a.nɯn]
I was so,25,,
같지 않다고,25,[kat̚.tʃi.an.ta.ko],[gat̚.tʃi.an.ta.go]
다 없어졌어,25,[ta.ʌp̚.ʌ.tʃjʌt̚.ʌ],[da.ʌp̚.ʌ.dʒjʌt̚.ʌ]
찾으면 다,25,[tʃʰat̚.ɯ.mjʌn.ta],[tʃʰat̚.ɯ.mjʌn.da]
하고 싶던,25,[ha.ko.sip̚.tʌn],[ha.go.sip̚.tʌn]
우리 방,25,[u.ɾi.paŋ],[u.ɾi.baŋ]
by honeybunny,25,,
여기 직원,25,[jʌ.ki.tʃik̚.wʌn],[jʌ.gi.dʒik̚.wʌn]
이 파티가,25,[i.pʰa.tʰi.ka],[i.pʰa.tʰi.ga]
안에 있을 때,25,[an.e.it̚.ɯl.t͈ɛ],[an.e.it̚.ɯl.t͈ɛ]
갔을 때도,25,[kat̚.ɯl.t͈ɛ.to],[gat̚.ɯl.t͈ɛ.do]
제정신이 아니구나,25,[tʃe.tʃʌŋ.sin.i.a.ni.ku.na],[dʒe.dʒʌŋ.sin.i.a.ni.gu.na]
제출 안,25,[tʃe.tʃʰul.an],[dʒe.tʃʰul.an]
여기가 집이야,25,[jʌ.ki.ka.tʃip̚.i.ja],[jʌ.gi.ga.dʒip̚.i.ja]
넌 잘할 거야,25,[nʌn.tʃal.hal.kʌ.ja],[nʌn.dʒal.hal.gʌ.ja]
허락할 수 없어,25,[hʌ.ɾak̚.hal.su.ʌp̚.ʌ],[hʌ.ɾak̚.hal.su.ʌp̚.ʌ]
도망쳐야 돼,25,[to.maŋ.tʃʰjʌ.ja.twɛ],[do.maŋ.tʃʰjʌ.ja.dwɛ]
그건 모르는 일이죠,25,[kɯ.kʌn.mo.ɾɯ.nɯn.il.i.tʃjo],[gɯ.gʌn.mo.ɾɯ.nɯn.il.i.dʒjo]
해야 할 일을 해,25,[hɛ.ja.hal.il.ɯl.hɛ],[hɛ.ja.hal.il.ɯl.hɛ]
주길 바라,25,[tʃu.kil.pa.ɾa],[dʒu.gil.ba.ɾa]
이 학교를,25,[i.hak̚.kjo.ɾɯl],[i.hak̚.kjo.ɾɯl]
여기서 기다리면,25,[jʌ.ki.sʌ.ki.ta.ɾi.mjʌn],[jʌ.gi.sʌ.gi.da.ɾi.mjʌn]
입고 있잖아요,25,[ip̚.ko.it̚.tʃan.a.jo],[ip̚.ko.it̚.tʃan.a.jo]
지금은 이런,25,[tʃi.kɯm.ɯn.i.ɾʌn],[dʒi.gɯm.ɯn.i.ɾʌn]
아니라 너무,25,[a.ni.ɾa.nʌ.mu],[a.ni.ɾa.nʌ.mu]
여기서 기다릴,25,[jʌ.ki.sʌ.ki.ta.ɾil],[jʌ.gi.sʌ.gi.da.ɾil]
방금 말씀하신,25,[paŋ.kɯm.mal.s͈ɯm.ha.sin],[baŋ.gɯm.mal.s͈ɯm.ha.sin]
이 행사를,25,[i.hɛŋ.sa.ɾɯl],[i.hɛŋ.sa.ɾɯl]
않을 거예요 내가,25,[an.ɯl.kʌ.je.jo.nɛ.ka],[an.ɯl.gʌ.je.jo.nɛ.ga]
그게 현명한,25,[kɯ.ke.hjʌn.mjʌŋ.han],[gɯ.ge.hjʌn.mjʌŋ.han]
여기까지 오는데,25,[jʌ.ki.k͈a.tʃi.o.nɯn.te],[jʌ.gi.k͈a.dʒi.o.nɯn.te]
같네요 잘,25,[kat̚.ne.jo.tʃal],[gat̚.ne.jo.dʒal]
좀 안 하면,25,[tʃom.an.ha.mjʌn],[dʒom.an.ha.mjʌn]
정신 잃으면,25,[tʃʌŋ.sin.il.ɯ.mjʌn],[dʒʌŋ.sin.il.ɯ.mjʌn]
꽤 멀리,25,[k͈wɛ.mʌl.ɾi],[k͈wɛ.mʌl.ɾi]
여기로 이사 온,25,[jʌ.ki.ɾo.i.sa.on],[jʌ.gi.ɾo.i.sa.on]
팔 수 있을,25,[pʰal.su.it̚.ɯl],[pʰal.su.it̚.ɯl]
도배 팀장,25,[to.pɛ.tʰin.tʃaŋ],[do.bɛ.tʰin.tʃaŋ]
왜 자꾸 날,25,[wɛ.tʃa.k͈u.nal],[wɛ.dʒa.k͈u.nal]
거랑 비슷해,25,[kʌ.ɾam.pi.sɯt̚.hɛ],[gʌ.ɾaŋ.bi.sɯt̚.hɛ]
본데 내가,25,[pon.te.nɛ.ka],[bon.te.nɛ.ga]
두 달 후에,25,[tu.tal.hu.e],[du.dal.hu.e]
주면 좋겠다,25,[tʃu.mjʌn.tʃot̚.ket̚.ta],[dʒu.mjʌn.dʒot̚.ket̚.ta]
도시를 구하려고,25,[to.si.ɾɯl.ku.ha.ɾjʌ.ko],[do.si.ɾɯl.gu.ha.ɾjʌ.go]
되지 않아 삐 소리,25,[twe.tʃi.an.a.p͈i.so.ɾi],[dwe.dʒi.an.a.p͈i.so.ɾi]
같은데요 전,25,[kat̚.ɯn.te.jo.tʃʌn],[gat̚.ɯn.te.jo.dʒʌn]
네 행동에,25,[ne.hɛŋ.toŋ.e],[ne.hɛŋ.doŋ.e]
터프 가이,25,[tʰʌ.pʰɯ.ka.i],[tʰʌ.pʰɯ.ga.i]
지금 하시는,25,[tʃi.kɯm.ha.si.nɯn],[dʒi.gɯm.ha.si.nɯn]
갈게 안,25,[kal.ke.an],[gal.ke.an]
여기서 나가죠,25,[jʌ.ki.sʌ.na.ka.tʃjo],[jʌ.gi.sʌ.na.ga.dʒjo]
여기서 나갈 방법을,25,[jʌ.ki.sʌ.na.kal.pam.pʌp̚.ɯl],[jʌ.gi.sʌ.na.gal.baŋ.bʌp̚.ɯl]
여기서 당신이,25,[jʌ.ki.sʌ.taŋ.sin.i],[jʌ.gi.sʌ.daŋ.sin.i]
것을 가질 수,25,[kʌt̚.ɯl.ka.tʃil.su],[gʌt̚.ɯl.ga.dʒil.su]
명이 죽었습니다,25,[mjʌŋ.i.tʃuk̚.ʌt̚.sɯp̚.ni.ta],[mjʌŋ.i.dʒuk̚.ʌt̚.sɯp̚.ni.da]
우리 어디 가는,25,[u.ɾi.ʌ.ti.ka.nɯn],[u.ɾi.ʌ.di.ga.nɯn]
건 알았어,25,[kʌn.al.at̚.ʌ],[gʌn.al.at̚.ʌ]
왜 저에게,25,[wɛ.tʃʌ.e.ke],[wɛ.dʒʌ.e.ge]
두면 돼,25,[tu.mjʌn.twɛ],[du.mjʌn.dwɛ]
입도 뻥긋 안,25,[ip̚.to.p͈ʌŋ.kɯt̚.an],[ip̚.to.p͈ʌŋ.gɯt̚.an]
전화 좀 받을게,25,[tʃʌn.hwa.tʃom.pat̚.ɯl.ke],[dʒʌn.hwa.dʒom.bat̚.ɯl.ke]
경찰 조사,25,[kjʌŋ.tʃʰal.tʃo.sa],[gjʌŋ.tʃʰal.dʒo.sa]
있어요 여기에,25,[it̚.ʌ.jo.jʌ.ki.e],[it̚.ʌ.jo.jʌ.gi.e]
손에 넣었지,25,[son.e.nʌt̚.ʌt̚.tʃi],[son.e.nʌt̚.ʌt̚.tʃi]
네 힘이,25,[ne.him.i],[ne.him.i]
짐도 다,25,[tʃin.to.ta],[dʒin.to.da]
말고 다른 사람이,25,[mal.ko.ta.ɾɯn.sa.ɾam.i],[mal.ko.da.ɾɯn.sa.ɾam.i]
여기서 보자고,25,[jʌ.ki.sʌ.po.tʃa.ko],[jʌ.gi.sʌ.bo.dʒa.go]
조 맨테그나,25,[tʃo.mɛn.tʰe.kɯ.na],[dʒo.mɛn.tʰe.gɯ.na]
해야 할지 잘,25,[hɛ.ja.hal.tʃi.tʃal],[hɛ.ja.hal.tʃi.dʒal]
게 있으면 뭐든,25,[ke.it̚.ɯ.mjʌn.mwʌ.tɯn],[ge.it̚.ɯ.mjʌn.mwʌ.dɯn]
lie to,25,,
her go,25,,
여기서 일한다고,25,[jʌ.ki.sʌ.il.han.ta.ko],[jʌ.gi.sʌ.il.han.ta.go]
내가 놓친 게,25,[nɛ.ka.not̚.tʃʰiŋ.ke],[nɛ.ga.not̚.tʃʰin.ge]
나 맞았어,25,[na.mat̚.at̚.ʌ],[na.mat̚.at̚.ʌ]
그렇게 해주면,25,[kɯ.ɾʌt̚.ke.hɛ.tʃu.mjʌn],[gɯ.ɾʌt̚.ke.hɛ.dʒu.mjʌn]
게 없다니까,25,[ke.ʌp̚.ta.ni.k͈a],[ge.ʌp̚.ta.ni.k͈a]
힘들었다는 거,25,[hin.tɯl.ʌt̚.ta.nɯŋ.kʌ],[hin.tɯl.ʌt̚.ta.nɯn.gʌ]
크리스마스 정신이,25,[kʰɯ.ɾi.sɯ.ma.sɯ.tʃʌŋ.sin.i],[kʰɯ.ɾi.sɯ.ma.sɯ.dʒʌŋ.sin.i]
당신 집이에요,25,[taŋ.sin.tʃip̚.i.e.jo],[daŋ.sin.dʒip̚.i.e.jo]
춤 한번,25,[tʃʰum.ham.pʌn],[tʃʰum.ham.pʌn]
하늘에 계신 우리 아버지여,25,[ha.nɯl.e.kje.sin.u.ɾi.a.pʌ.tʃi.jʌ],[ha.nɯl.e.gje.sin.u.ɾi.a.bʌ.dʒi.jʌ]
미안한 마음이,25,[mi.an.han.ma.ɯm.i],[mi.an.han.ma.ɯm.i]
지금은 이럴,25,[tʃi.kɯm.ɯn.i.ɾʌl],[dʒi.gɯm.ɯn.i.ɾʌl]
더 이런,25,[tʌ.i.ɾʌn],[dʌ.i.ɾʌn]
네가 계획한,25,[ne.ka.kje.hwek̚.han],[ne.ga.gje.hwek̚.han]
못할 수도 있어,25,[mot̚.hal.su.to.it̚.ʌ],[mot̚.hal.su.do.it̚.ʌ]
뭘 알,25,[mwʌl.al],[mwʌl.al]
이거 먹을래,25,[i.kʌ.mʌk̚.ɯl.ɾɛ],[i.gʌ.mʌk̚.ɯl.ɾɛ]
날 죽일 수 없어,25,[nal.tʃuk̚.il.su.ʌp̚.ʌ],[nal.dʒuk̚.il.su.ʌp̚.ʌ]
잡힌 거예요,25,[tʃap̚.hiŋ.kʌ.je.jo],[dʒap̚.hin.gʌ.je.jo]
우리에게 필요한 것은,25,[u.ɾi.e.ke.pʰil.jo.haŋ.kʌt̚.ɯn],[u.ɾi.e.ge.pʰil.jo.han.gʌt̚.ɯn]
이해가 안되는데요,25,[i.hɛ.ka.an.twe.nɯn.te.jo],[i.hɛ.ga.an.twe.nɯn.te.jo]
여기에 다른,25,[jʌ.ki.e.ta.ɾɯn],[jʌ.gi.e.da.ɾɯn]
모른다고 했어요,25,[mo.ɾɯn.ta.ko.hɛt̚.ʌ.jo],[mo.ɾɯn.ta.go.hɛt̚.ʌ.jo]
결혼하지 않았어,25,[kjʌl.hon.ha.tʃi.an.at̚.ʌ],[gjʌl.hon.ha.dʒi.an.at̚.ʌ]
제일 좋아한,25,[tʃe.il.tʃot̚.a.han],[dʒe.il.dʒot̚.a.han]
한 사람들은,25,[han.sa.ɾan.tɯl.ɯn],[han.sa.ɾan.tɯl.ɯn]
당신 책임이,25,[taŋ.sin.tʃʰɛk̚.im.i],[daŋ.sin.tʃʰɛk̚.im.i]
우리의 운명은,25,[u.ɾi.ɯi.un.mjʌŋ.ɯn],[u.ɾi.ɯi.un.mjʌŋ.ɯn]
다들 아무,25,[ta.tɯl.a.mu],[da.dɯl.a.mu]
가지고 있는 것 같아,25,[ka.tʃi.ko.it̚.nɯŋ.kʌt̚.kat̚.a],[ga.dʒi.go.it̚.nɯn.gʌt̚.gat̚.a]
네가 그러길,25,[ne.ka.kɯ.ɾʌ.kil],[ne.ga.gɯ.ɾʌ.gil]
경찰에 신고하는,25,[kjʌŋ.tʃʰal.e.siŋ.ko.ha.nɯn],[gjʌŋ.tʃʰal.e.siŋ.ko.ha.nɯn]
못할지도 몰라,25,[mot̚.hal.tʃi.to.mol.ɾa],[mot̚.hal.tʃi.do.mol.ɾa]
알았어요 아빠,25,[al.at̚.ʌ.jo.a.p͈a],[al.at̚.ʌ.jo.a.p͈a]
케빈 피어슨,25,[kʰe.pim.pʰi.ʌ.sɯn],[kʰe.bim.pʰi.ʌ.sɯn]
그 자식 때문에,25,[kɯ.tʃa.sik̚.t͈ɛ.mun.e],[gɯ.dʒa.sik̚.t͈ɛ.mun.e]
솔직히 모르겠어,25,[sol.tʃik̚.hi.mo.ɾɯ.ket̚.ʌ],[sol.tʃik̚.hi.mo.ɾɯ.get̚.ʌ]
없게 말이야,25,[ʌp̚.ke.mal.i.ja],[ʌp̚.ke.mal.i.ja]
쭉 가세요,25,[tʃ͈uk̚.ka.se.jo],[tʃ͈uk̚.ga.se.jo]
부인 일은,25,[pu.in.il.ɯn],[bu.in.il.ɯn]
사이도 아니야,25,[sa.i.to.a.ni.ja],[sa.i.do.a.ni.ja]
형은 그,25,[hjʌŋ.ɯŋ.kɯ],[hjʌŋ.ɯn.gɯ]
조난 신호,25,[tʃo.nan.sin.ho],[dʒo.nan.sin.ho]
적절하지 않은,25,[tʃʌk̚.tʃʌl.ha.tʃi.an.ɯn],[dʒʌk̚.tʃʌl.ha.dʒi.an.ɯn]
있어요 직접,25,[it̚.ʌ.jo.tʃik̚.tʃʌp̚],[it̚.ʌ.jo.dʒik̚.tʃʌp̚]
진정해 왜,25,[tʃin.tʃʌŋ.hɛ.wɛ],[dʒin.tʃʌŋ.hɛ.wɛ]
거야 돈이,25,[kʌ.ja.ton.i],[gʌ.ja.don.i]
걸 보고 싶지 않아,25,[kʌl.po.ko.sip̚.tʃi.an.a],[gʌl.bo.go.sip̚.tʃi.an.a]
어떻게 생각했을까,25,[ʌ.t͈ʌt̚.ke.sɛŋ.kak̚.hɛt̚.ɯl.k͈a],[ʌ.t͈ʌt̚.ke.sɛŋ.gak̚.hɛt̚.ɯl.k͈a]
가택 연금,25,[ka.tʰɛk̚.jʌŋ.kɯm],[ga.tʰɛk̚.jʌŋ.kɯm]
just getting,25,,
당신 기사를,25,[taŋ.siŋ.ki.sa.ɾɯl],[daŋ.sin.gi.sa.ɾɯl]
먼저 손을,25,[mʌn.tʃʌ.son.ɯl],[mʌn.tʃʌ.son.ɯl]
나쁜 놈이지,25,[na.p͈ɯn.nom.i.tʃi],[na.p͈ɯn.nom.i.dʒi]
내 감정,25,[nɛ.kan.tʃʌŋ],[nɛ.gan.tʃʌŋ]
좋은 날이죠,25,[tʃot̚.ɯn.nal.i.tʃjo],[dʒot̚.ɯn.nal.i.dʒjo]
여긴 뭐하러,25,[jʌ.kin.mwʌ.ha.ɾʌ],[jʌ.gin.mwʌ.ha.ɾʌ]
자르지 마,25,[tʃa.ɾɯ.tʃi.ma],[dʒa.ɾɯ.dʒi.ma]
your right,25,,
거잖아 너,25,[kʌ.tʃan.a.nʌ],[gʌ.dʒan.a.nʌ]
여긴 완전,25,[jʌ.kin.wan.tʃʌn],[jʌ.gin.wan.tʃʌn]
나도 할 말,25,[na.to.hal.mal],[na.do.hal.mal]
고양이 울음,25,[ko.jaŋ.i.ul.ɯm],[go.jaŋ.i.ul.ɯm]
거 봤거든,25,[kʌ.pwat̚.kʌ.tɯn],[gʌ.bwat̚.kʌ.dɯn]
만든 적,25,[man.tɯn.tʃʌk̚],[man.tɯn.dʒʌk̚]
내 수업을,25,[nɛ.su.ʌp̚.ɯl],[nɛ.su.ʌp̚.ɯl]
가족에 관한,25,[ka.tʃok̚.e.kwan.han],[ga.dʒok̚.e.gwan.han]
내가 다 봤어,25,[nɛ.ka.ta.pwat̚.ʌ],[nɛ.ga.da.bwat̚.ʌ]
인연 맺기 의식을,25,[in.jʌn.mɛt̚.ki.ɯi.sik̚.ɯl],[in.jʌn.mɛt̚.ki.ɯi.sik̚.ɯl]
않지 난,25,[an.tʃi.nan],[an.tʃi.nan]
하고 싶진 않아,25,[ha.ko.sip̚.tʃin.an.a],[ha.go.sip̚.tʃin.an.a]
너무 느려요,25,[nʌ.mu.nɯ.ɾjʌ.jo],[nʌ.mu.nɯ.ɾjʌ.jo]
너가 지금,25,[nʌ.ka.tʃi.kɯm],[nʌ.ga.dʒi.gɯm]
대해 말해봐요,25,[tɛ.hɛ.mal.hɛ.pwa.jo],[dɛ.hɛ.mal.hɛ.bwa.jo]
하는 것에 대해,25,[ha.nɯŋ.kʌt̚.e.tɛ.hɛ],[ha.nɯn.gʌt̚.e.dɛ.hɛ]
내가 들어줄게,25,[nɛ.ka.tɯl.ʌ.tʃul.ke],[nɛ.ga.dɯl.ʌ.dʒul.ke]
그런 친구가,25,[kɯ.ɾʌn.tʃʰiŋ.ku.ka],[gɯ.ɾʌn.tʃʰiŋ.ku.ga]
꽤 훌륭한,25,[k͈wɛ.hul.ɾjuŋ.han],[k͈wɛ.hul.ɾjuŋ.han]
그를 막아야,25,[kɯ.ɾɯl.mak̚.a.ja],[gɯ.ɾɯl.mak̚.a.ja]
개 모두,25,[kɛ.mo.tu],[gɛ.mo.du]
닮은 사람,25,[tam.ɯn.sa.ɾam],[dam.ɯn.sa.ɾam]
이건 돈,25,[i.kʌn.ton],[i.gʌn.don]
조사하는 동안,25,[tʃo.sa.ha.nɯn.toŋ.an],[dʒo.sa.ha.nɯn.doŋ.an]
죽은 사람에,25,[tʃuk̚.ɯn.sa.ɾam.e],[dʒuk̚.ɯn.sa.ɾam.e]
네가 너,25,[ne.ka.nʌ],[ne.ga.nʌ]
잔해 속에서,25,[tʃan.hɛ.sok̚.e.sʌ],[dʒan.hɛ.sok̚.e.sʌ]
있거든 그러니까,25,[it̚.kʌ.tɯŋ.kɯ.ɾʌ.ni.k͈a],[it̚.kʌ.dɯn.gɯ.ɾʌ.ni.k͈a]
지 오래예요,25,[tʃi.o.ɾɛ.je.jo],[dʒi.o.ɾɛ.je.jo]
아침에 무슨,25,[a.tʃʰim.e.mu.sɯn],[a.tʃʰim.e.mu.sɯn]
못해서 미안해요,25,[mot̚.hɛ.sʌ.mi.an.hɛ.jo],[mot̚.hɛ.sʌ.mi.an.hɛ.jo]
그리고 내가 할,25,[kɯ.ɾi.ko.nɛ.ka.hal],[gɯ.ɾi.go.nɛ.ga.hal]
이거 좀 봐요,25,[i.kʌ.tʃom.pwa.jo],[i.gʌ.dʒom.bwa.jo]
매일 여기,25,[mɛ.il.jʌ.ki],[mɛ.il.jʌ.gi]
아닙니다 오늘,25,[a.nip̚.ni.ta.o.nɯl],[a.nip̚.ni.da.o.nɯl]
그런 이야기는,25,[kɯ.ɾʌn.i.ja.ki.nɯn],[gɯ.ɾʌn.i.ja.gi.nɯn]
아닙니다 여기,25,[a.nip̚.ni.ta.jʌ.ki],[a.nip̚.ni.da.jʌ.gi]
거 보면서,25,[kʌ.po.mjʌn.sʌ],[gʌ.bo.mjʌn.sʌ]
것과는 전혀,25,[kʌt̚.kwa.nɯn.tʃʌn.hjʌ],[gʌt̚.kwa.nɯn.dʒʌn.hjʌ]
그래 자기야,25,[kɯ.ɾɛ.tʃa.ki.ja],[gɯ.ɾɛ.dʒa.gi.ja]
감사를 드려야,25,[kam.sa.ɾɯl.tɯ.ɾjʌ.ja],[gam.sa.ɾɯl.dɯ.ɾjʌ.ja]
도움을 준,25,[to.um.ɯl.tʃun],[do.um.ɯl.dʒun]
조심 조심,25,[tʃo.sin.tʃo.sim],[dʒo.sim.dʒo.sim]
그런거 같네,25,[kɯ.ɾʌŋ.kʌ.kat̚.ne],[gɯ.ɾʌŋ.kʌ.gat̚.ne]
꾼 것,25,[k͈uŋ.kʌt̚],[k͈un.gʌt̚]
모습 처음,25,[mo.sɯp̚.tʃʰʌ.ɯm],[mo.sɯp̚.tʃʰʌ.ɯm]
왔나 보군,25,[wat̚.na.po.kun],[wat̚.na.bo.gun]
냄새가 나는데요,25,[nɛm.sɛ.ka.na.nɯn.te.jo],[nɛm.sɛ.ga.na.nɯn.te.jo]
남자 그는,25,[nan.tʃa.kɯ.nɯn],[nan.tʃa.gɯ.nɯn]
도움이 되겠네요,25,[to.um.i.twe.ket̚.ne.jo],[do.um.i.dwe.get̚.ne.jo]
무슨 말도 안되는,25,[mu.sɯn.mal.to.an.twe.nɯn],[mu.sɯn.mal.to.an.twe.nɯn]
수 없어 그렇게,25,[su.ʌp̚.ʌ.kɯ.ɾʌt̚.ke],[su.ʌp̚.ʌ.gɯ.ɾʌt̚.ke]
걸 배웠어,25,[kʌl.pɛ.wʌt̚.ʌ],[gʌl.bɛ.wʌt̚.ʌ]
수 없어 당신은,25,[su.ʌp̚.ʌ.taŋ.sin.ɯn],[su.ʌp̚.ʌ.daŋ.sin.ɯn]
모습을 드러낼,25,[mo.sɯp̚.ɯl.tɯ.ɾʌ.nɛl],[mo.sɯp̚.ɯl.dɯ.ɾʌ.nɛl]
get off,25,,
있었는데 안,25,[it̚.ʌt̚.nɯn.te.an],[it̚.ʌt̚.nɯn.te.an]
증인 보호를,25,[tʃɯŋ.im.po.ho.ɾɯl],[dʒɯŋ.in.bo.ho.ɾɯl]
안 쓰거든,25,[an.s͈ɯ.kʌ.tɯn],[an.s͈ɯ.gʌ.dɯn]
모습을 보여라,25,[mo.sɯp̚.ɯl.po.jʌ.ɾa],[mo.sɯp̚.ɯl.bo.jʌ.ɾa]
우리는 그래야,25,[u.ɾi.nɯŋ.kɯ.ɾɛ.ja],[u.ɾi.nɯn.gɯ.ɾɛ.ja]
페이스 힐,25,[pʰe.i.sɯ.hil],[pʰe.i.sɯ.hil]
그래도 솔직히,25,[kɯ.ɾɛ.to.sol.tʃik̚.hi],[gɯ.ɾɛ.do.sol.tʃik̚.hi]
여왕 폐하와,25,[jʌ.wam.pʰje.ha.wa],[jʌ.wam.pʰje.ha.wa]
내가 전문가는,25,[nɛ.ka.tʃʌn.muŋ.ka.nɯn],[nɛ.ga.dʒʌn.muŋ.ka.nɯn]
거 생각나,25,[kʌ.sɛŋ.kak̚.na],[gʌ.sɛŋ.gak̚.na]
그쪽 상황은,25,[kɯ.tʃ͈ok̚.saŋ.hwaŋ.ɯn],[gɯ.tʃ͈ok̚.saŋ.hwaŋ.ɯn]
제 위치로,25,[tʃe.wi.tʃʰi.ɾo],[dʒe.wi.tʃʰi.ɾo]
전에 우리를,25,[tʃʌn.e.u.ɾi.ɾɯl],[dʒʌn.e.u.ɾi.ɾɯl]
들어가지 말라고,25,[tɯl.ʌ.ka.tʃi.mal.ɾa.ko],[dɯl.ʌ.ga.dʒi.mal.ɾa.go]
아니라 뭔가,25,[a.ni.ɾa.mwʌŋ.ka],[a.ni.ɾa.mwʌŋ.ka]
봐 둬,25,[pwa.twʌ],[bwa.dwʌ]
해요 걱정,25,[hɛ.jo.kʌk̚.tʃʌŋ],[hɛ.jo.gʌk̚.tʃʌŋ]
난 당신을 알아요,25,[nan.taŋ.sin.ɯl.al.a.jo],[nan.daŋ.sin.ɯl.al.a.jo]
원했던 걸,25,[wʌn.hɛt̚.tʌŋ.kʌl],[wʌn.hɛt̚.tʌn.gʌl]
여자 마음을,25,[jʌ.tʃa.ma.ɯm.ɯl],[jʌ.dʒa.ma.ɯm.ɯl]
나 봐요,25,[na.pwa.jo],[na.bwa.jo]
그녀는 전혀,25,[kɯ.njʌ.nɯn.tʃʌn.hjʌ],[gɯ.njʌ.nɯn.dʒʌn.hjʌ]
네가 말하지,25,[ne.ka.mal.ha.tʃi],[ne.ga.mal.ha.dʒi]
여기서 살아서,25,[jʌ.ki.sʌ.sal.a.sʌ],[jʌ.gi.sʌ.sal.a.sʌ]
야구 방망이를,25,[ja.ku.paŋ.maŋ.i.ɾɯl],[ja.gu.baŋ.maŋ.i.ɾɯl]
they''re all,25,,
아빠 말이 맞아요,25,[a.p͈a.mal.i.mat̚.a.jo],[a.p͈a.mal.i.mat̚.a.jo]
네가 말한 그,25,[ne.ka.mal.haŋ.kɯ],[ne.ga.mal.han.gɯ]
웬 놈이냐,25,[wen.nom.i.nja],[wen.nom.i.nja]
전화하지 마요,25,[tʃʌn.hwa.ha.tʃi.ma.jo],[dʒʌn.hwa.ha.dʒi.ma.jo]
모습이 보기,25,[mo.sɯp̚.i.po.ki],[mo.sɯp̚.i.bo.gi]
얘가 좀,25,[jɛ.ka.tʃom],[jɛ.ga.dʒom]
입꼬리와 그,25,[ip̚.k͈o.ɾi.wa.kɯ],[ip̚.k͈o.ɾi.wa.gɯ]
넌 죽었을,25,[nʌn.tʃuk̚.ʌt̚.ɯl],[nʌn.dʒuk̚.ʌt̚.ɯl]
여자 잘,25,[jʌ.tʃa.tʃal],[jʌ.dʒa.dʒal]
별로 좋지 않아,25,[pjʌl.ɾo.tʃot̚.tʃi.an.a],[bjʌl.ɾo.dʒot̚.tʃi.an.a]
그런데 더,25,[kɯ.ɾʌn.te.tʌ],[gɯ.ɾʌn.te.dʌ]
I''m not going to,25,,
장난하는 것도 아니고,25,[tʃaŋ.nan.ha.nɯŋ.kʌt̚.to.a.ni.ko],[dʒaŋ.nan.ha.nɯn.gʌt̚.to.a.ni.go]
다른 가능성도,25,[ta.ɾɯŋ.ka.nɯŋ.sʌŋ.to],[da.ɾɯn.ga.nɯŋ.sʌŋ.do]
이런 대화는,25,[i.ɾʌn.tɛ.hwa.nɯn],[i.ɾʌn.dɛ.hwa.nɯn]
아들 잘,25,[a.tɯl.tʃal],[a.dɯl.dʒal]
들어와 어서,25,[tɯl.ʌ.wa.ʌ.sʌ],[dɯl.ʌ.wa.ʌ.sʌ]
당신과 다른,25,[taŋ.siŋ.kwa.ta.ɾɯn],[daŋ.siŋ.kwa.da.ɾɯn]
게 아니라 네,25,[ke.a.ni.ɾa.ne],[ge.a.ni.ɾa.ne]
if your,25,,
사건이 있어요,25,[sa.kʌn.i.it̚.ʌ.jo],[sa.gʌn.i.it̚.ʌ.jo]
약 먹은,25,[jak̚.mʌk̚.ɯn],[jak̚.mʌk̚.ɯn]
거죠 그렇지,25,[kʌ.tʃjo.kɯ.ɾʌt̚.tʃi],[gʌ.dʒjo.gɯ.ɾʌt̚.tʃi]
놓칠 수도,25,[not̚.tʃʰil.su.to],[not̚.tʃʰil.su.do]
I''d love,25,,
조금 늦을,25,[tʃo.kɯm.nɯt̚.ɯl],[dʒo.gɯm.nɯt̚.ɯl]
여자는 이,25,[jʌ.tʃa.nɯn.i],[jʌ.dʒa.nɯn.i]
a lot to,25,,
잘 아는군요,25,[tʃal.a.nɯŋ.kun.jo],[dʒal.a.nɯŋ.kun.jo]
닮지 않았어,25,[tan.tʃi.an.at̚.ʌ],[dan.tʃi.an.at̚.ʌ]
하다 내가,25,[ha.ta.nɛ.ka],[ha.da.nɛ.ga]
해요 그러지,25,[hɛ.jo.kɯ.ɾʌ.tʃi],[hɛ.jo.gɯ.ɾʌ.dʒi]
위해 뭘 할,25,[wi.hɛ.mwʌl.hal],[wi.hɛ.mwʌl.hal]
Walking Dead,25,,
사이에 이,25,[sa.i.e.i],[sa.i.e.i]
둘 때문에,25,[tul.t͈ɛ.mun.e],[dul.t͈ɛ.mun.e]
방법 밖에,25,[pam.pʌp̚.pak̚.e],[baŋ.bʌp̚.bak̚.e]
위해 왜,25,[wi.hɛ.wɛ],[wi.hɛ.wɛ]
왠지 느낌이,25,[wɛn.tʃi.nɯ.k͈im.i],[wɛn.tʃi.nɯ.k͈im.i]
다 젖었어,25,[ta.tʃʌt̚.ʌt̚.ʌ],[da.dʒʌt̚.ʌt̚.ʌ]
참 고마워,25,[tʃʰam.ko.ma.wʌ],[tʃʰam.go.ma.wʌ]
하는데 나도,25,[ha.nɯn.te.na.to],[ha.nɯn.te.na.do]
다 제 잘못입니다,25,[ta.tʃe.tʃal.mot̚.ip̚.ni.ta],[da.dʒe.dʒal.mot̚.ip̚.ni.da]
working for,25,,
여자를 데려와,25,[jʌ.tʃa.ɾɯl.te.ɾjʌ.wa],[jʌ.dʒa.ɾɯl.de.ɾjʌ.wa]
해보는 건 어때,25,[hɛ.po.nɯŋ.kʌn.ʌ.t͈ɛ],[hɛ.bo.nɯn.gʌn.ʌ.t͈ɛ]
나도 이러기,25,[na.to.i.ɾʌ.ki],[na.do.i.ɾʌ.gi]
그렇죠 그래도,25,[kɯ.ɾʌt̚.tʃjo.kɯ.ɾɛ.to],[gɯ.ɾʌt̚.tʃjo.gɯ.ɾɛ.do]
그런 뜻으로 한,25,[kɯ.ɾʌn.t͈ɯt̚.ɯ.ɾo.han],[gɯ.ɾʌn.t͈ɯt̚.ɯ.ɾo.han]
그들은 그것에 대해,25,[kɯ.tɯl.ɯŋ.kɯ.kʌt̚.e.tɛ.hɛ],[gɯ.dɯl.ɯn.gɯ.gʌt̚.e.dɛ.hɛ]
그리고 지금 당신은,25,[kɯ.ɾi.ko.tʃi.kɯn.taŋ.sin.ɯn],[gɯ.ɾi.go.dʒi.gɯm.daŋ.sin.ɯn]
법을 배운,25,[pʌp̚.ɯl.pɛ.un],[bʌp̚.ɯl.bɛ.un]
고맙군 나도,25,[ko.map̚.kun.na.to],[go.map̚.kun.na.do]
당신이 혼자,25,[taŋ.sin.i.hon.tʃa],[daŋ.sin.i.hon.tʃa]
수 있는 건 아니야,25,[su.it̚.nɯŋ.kʌn.a.ni.ja],[su.it̚.nɯn.gʌn.a.ni.ja]
줄 아나 봐요,25,[tʃul.a.na.pwa.jo],[dʒul.a.na.bwa.jo]
약속 있어서,25,[jak̚.sok̚.it̚.ʌ.sʌ],[jak̚.sok̚.it̚.ʌ.sʌ]
그 미소까지도,25,[kɯ.mi.so.k͈a.tʃi.to],[gɯ.mi.so.k͈a.dʒi.do]
사람 그가,25,[sa.ɾam.kɯ.ka],[sa.ɾam.gɯ.ga]
그 미소까지도 네가 좋아,25,[kɯ.mi.so.k͈a.tʃi.to.ne.ka.tʃot̚.a],[gɯ.mi.so.k͈a.dʒi.do.ne.ga.dʒot̚.a]
진짜 이걸,25,[tʃin.tʃ͈a.i.kʌl],[dʒin.tʃ͈a.i.gʌl]
편인 거,25,[pʰjʌn.iŋ.kʌ],[pʰjʌn.in.gʌ]
줄 알았는데 하지만,25,[tʃul.al.at̚.nɯn.te.ha.tʃi.man],[dʒul.al.at̚.nɯn.te.ha.dʒi.man]
와 줘서 고맙네,25,[wa.tʃwʌ.sʌ.ko.map̚.ne],[wa.dʒwʌ.sʌ.go.map̚.ne]
들어 볼까요,25,[tɯl.ʌ.pol.k͈a.jo],[dɯl.ʌ.bol.k͈a.jo]
존 어떻게,25,[tʃon.ʌ.t͈ʌt̚.ke],[dʒon.ʌ.t͈ʌt̚.ke]
수 있는 문제가,25,[su.it̚.nɯn.mun.tʃe.ka],[su.it̚.nɯn.mun.tʃe.ga]
그들은 그들,25,[kɯ.tɯl.ɯŋ.kɯ.tɯl],[gɯ.dɯl.ɯn.gɯ.dɯl]
밤을 보냈다,25,[pam.ɯl.po.nɛt̚.ta],[bam.ɯl.bo.nɛt̚.ta]
나도 나쁜,25,[na.to.na.p͈ɯn],[na.do.na.p͈ɯn]
그래요 여기서,25,[kɯ.ɾɛ.jo.jʌ.ki.sʌ],[gɯ.ɾɛ.jo.jʌ.gi.sʌ]
위험한 일은,25,[wi.hʌm.han.il.ɯn],[wi.hʌm.han.il.ɯn]
사이인 줄,25,[sa.i.in.tʃul],[sa.i.in.dʒul]
알겠습니다 아,25,[al.ket̚.sɯp̚.ni.ta.a],[al.ket̚.sɯp̚.ni.da.a]
아들이 어떻게,25,[a.tɯl.i.ʌ.t͈ʌt̚.ke],[a.dɯl.i.ʌ.t͈ʌt̚.ke]
체포된 후,25,[tʃʰe.pʰo.twen.hu],[tʃʰe.pʰo.dwen.hu]
생각할지 모르지만,25,[sɛŋ.kak̚.hal.tʃi.mo.ɾɯ.tʃi.man],[sɛŋ.gak̚.hal.tʃi.mo.ɾɯ.dʒi.man]
당신과 함께라면,25,[taŋ.siŋ.kwa.ham.k͈e.ɾa.mjʌn],[daŋ.siŋ.kwa.ham.k͈e.ɾa.mjʌn]
내 경력,25,[nɛ.kjʌŋ.ɾjʌk̚],[nɛ.gjʌŋ.ɾjʌk̚]
있거든 그리고,25,[it̚.kʌ.tɯŋ.kɯ.ɾi.ko],[it̚.kʌ.dɯn.gɯ.ɾi.go]
편할 거예요,25,[pʰjʌn.hal.kʌ.je.jo],[pʰjʌn.hal.gʌ.je.jo]
여기서 지내고,25,[jʌ.ki.sʌ.tʃi.nɛ.ko],[jʌ.gi.sʌ.dʒi.nɛ.go]
없었어 어떻게,25,[ʌp̚.ʌt̚.ʌ.ʌ.t͈ʌt̚.ke],[ʌp̚.ʌt̚.ʌ.ʌ.t͈ʌt̚.ke]
모두 진정해요,25,[mo.tu.tʃin.tʃʌŋ.hɛ.jo],[mo.du.dʒin.tʃʌŋ.hɛ.jo]
돈 주고 산,25,[ton.tʃu.ko.san],[don.dʒu.go.san]
이 가방에,25,[i.ka.paŋ.e],[i.ga.baŋ.e]
나는 어떡하니,25,[na.nɯn.ʌ.t͈ʌk̚.ha.ni],[na.nɯn.ʌ.t͈ʌk̚.ha.ni]
건 알고 있지만,25,[kʌn.al.ko.it̚.tʃi.man],[gʌn.al.ko.it̚.tʃi.man]
큰 기대를,25,[kʰɯŋ.ki.tɛ.ɾɯl],[kʰɯn.gi.dɛ.ɾɯl]
거기서 좀,25,[kʌ.ki.sʌ.tʃom],[gʌ.gi.sʌ.dʒom]
알게 되서,25,[al.ke.twe.sʌ],[al.ke.dwe.sʌ]
허튼짓하지 마,25,[hʌ.tʰɯn.tʃit̚.ha.tʃi.ma],[hʌ.tʰɯn.tʃit̚.ha.dʒi.ma]
다 죽여야,25,[ta.tʃuk̚.jʌ.ja],[da.dʒuk̚.jʌ.ja]
한 몸에,25,[han.mom.e],[han.mom.e]
여기서 최대한,25,[jʌ.ki.sʌ.tʃʰwe.tɛ.han],[jʌ.gi.sʌ.tʃʰwe.dɛ.han]
Say something,25,,
도와준 게,25,[to.wa.tʃuŋ.ke],[do.wa.dʒun.ge]
이 가방은,25,[i.ka.paŋ.ɯn],[i.ga.baŋ.ɯn]
좋죠 고마워요,25,[tʃot̚.tʃjo.ko.ma.wʌ.jo],[dʒot̚.tʃjo.go.ma.wʌ.jo]
역할을 하죠,25,[jʌk̚.hal.ɯl.ha.tʃjo],[jʌk̚.hal.ɯl.ha.dʒjo]
돈도 잘,25,[ton.to.tʃal],[don.to.dʒal]
우리 문제야,25,[u.ɾi.mun.tʃe.ja],[u.ɾi.mun.tʃe.ja]
막아야 할,25,[mak̚.a.ja.hal],[mak̚.a.ja.hal]
것은 당신의,25,[kʌt̚.ɯn.taŋ.sin.ɯi],[gʌt̚.ɯn.daŋ.sin.ɯi]
여기서 하면,25,[jʌ.ki.sʌ.ha.mjʌn],[jʌ.gi.sʌ.ha.mjʌn]
그럴 것 같은데,25,[kɯ.ɾʌl.kʌt̚.kat̚.ɯn.te],[gɯ.ɾʌl.gʌt̚.gat̚.ɯn.te]
내가 옆에 있을게,25,[nɛ.ka.jʌp̚.e.it̚.ɯl.ke],[nɛ.ga.jʌp̚.e.it̚.ɯl.ke]
놓고 이제,25,[not̚.ko.i.tʃe],[not̚.ko.i.dʒe]
끝인 것,25,[k͈ɯt̚.iŋ.kʌt̚],[k͈ɯt̚.in.gʌt̚]
의식을 잃었을,25,[ɯi.sik̚.ɯl.il.ʌt̚.ɯl],[ɯi.sik̚.ɯl.il.ʌt̚.ɯl]
왜 죽이지,25,[wɛ.tʃuk̚.i.tʃi],[wɛ.dʒuk̚.i.dʒi]
어제 일 때문에,25,[ʌ.tʃe.il.t͈ɛ.mun.e],[ʌ.dʒe.il.t͈ɛ.mun.e]
잘 했다고,25,[tʃal.hɛt̚.ta.ko],[dʒal.hɛt̚.ta.go]
연관이 있나요,25,[jʌŋ.kwan.i.it̚.na.jo],[jʌŋ.kwan.i.it̚.na.jo]
꿈 얘기,25,[k͈um.jɛ.ki],[k͈um.jɛ.gi]
개는 안,25,[kɛ.nɯn.an],[gɛ.nɯn.an]
있었어 우리는,25,[it̚.ʌt̚.ʌ.u.ɾi.nɯn],[it̚.ʌt̚.ʌ.u.ɾi.nɯn]
생각해 둔 게,25,[sɛŋ.kak̚.hɛ.tuŋ.ke],[sɛŋ.gak̚.hɛ.dun.ge]
화는 안,25,[hwa.nɯn.an],[hwa.nɯn.an]
여기서부턴 내가,25,[jʌ.ki.sʌ.pu.tʰʌn.nɛ.ka],[jʌ.gi.sʌ.bu.tʰʌn.nɛ.ga]
싶지만 내,25,[sip̚.tʃi.man.nɛ],[sip̚.tʃi.man.nɛ]
제발 저를,25,[tʃe.pal.tʃʌ.ɾɯl],[dʒe.bal.dʒʌ.ɾɯl]
지금 경찰이,25,[tʃi.kɯm.kjʌŋ.tʃʰal.i],[dʒi.gɯm.gjʌŋ.tʃʰal.i]
이렇게 널,25,[i.ɾʌt̚.ke.nʌl],[i.ɾʌt̚.ke.nʌl]
날 돕지,25,[nal.top̚.tʃi],[nal.dop̚.tʃi]
있게 되겠죠,25,[it̚.ke.twe.ket̚.tʃjo],[it̚.ke.dwe.get̚.tʃjo]
뒤따라 갈게,25,[twi.t͈a.ɾa.kal.ke],[dwi.t͈a.ɾa.gal.ke]
날 뻔,25,[nal.p͈ʌn],[nal.p͈ʌn]
돈을 모으고,25,[ton.ɯl.mo.ɯ.ko],[don.ɯl.mo.ɯ.go]
문제가 있지만,25,[mun.tʃe.ka.it̚.tʃi.man],[mun.tʃe.ga.it̚.tʃi.man]
분 주겠다,25,[pun.tʃu.ket̚.ta],[bun.dʒu.get̚.ta]
때 생긴,25,[t͈ɛ.sɛŋ.kin],[t͈ɛ.sɛŋ.gin]
연락이 안돼,25,[jʌl.lak̚.i.an.twɛ],[jʌl.lak̚.i.an.twɛ]
받을 자격이 있는,25,[pat̚.ɯl.tʃa.kjʌk̚.i.it̚.nɯn],[bat̚.ɯl.dʒa.gjʌk̚.i.it̚.nɯn]
나야 지금,25,[na.ja.tʃi.kɯm],[na.ja.dʒi.gɯm]
거야 실례합니다,25,[kʌ.ja.sil.ɾje.hap̚.ni.ta],[gʌ.ja.sil.ɾje.hap̚.ni.da]
수 있어 만약,25,[su.it̚.ʌ.man.jak̚],[su.it̚.ʌ.man.jak̚]
겁니다 사람들이,25,[kʌp̚.ni.ta.sa.ɾan.tɯl.i],[gʌp̚.ni.da.sa.ɾan.tɯl.i]
있어요 저기요,25,[it̚.ʌ.jo.tʃʌ.ki.jo],[it̚.ʌ.jo.dʒʌ.gi.jo]
그 차에서,25,[kɯ.tʃʰa.e.sʌ],[gɯ.tʃʰa.e.sʌ]
뭐든 난,25,[mwʌ.tɯn.nan],[mwʌ.dɯn.nan]
변한 건 없어,25,[pjʌn.haŋ.kʌn.ʌp̚.ʌ],[bjʌn.han.gʌn.ʌp̚.ʌ]
네가 오고,25,[ne.ka.o.ko],[ne.ga.o.go]
넌 친구가,25,[nʌn.tʃʰiŋ.ku.ka],[nʌn.tʃʰiŋ.ku.ga]
네가 온 걸,25,[ne.ka.oŋ.kʌl],[ne.ga.on.gʌl]
말하는 사람,25,[mal.ha.nɯn.sa.ɾam],[mal.ha.nɯn.sa.ɾam]
수 있어 오,25,[su.it̚.ʌ.o],[su.it̚.ʌ.o]
the sound of,25,,
자리에 안,25,[tʃa.ɾi.e.an],[dʒa.ɾi.e.an]
그리고 집,25,[kɯ.ɾi.ko.tʃip̚],[gɯ.ɾi.go.dʒip̚]
탄 사람이,25,[tʰan.sa.ɾam.i],[tʰan.sa.ɾam.i]
절대 그렇지 않아,25,[tʃʌl.tɛ.kɯ.ɾʌt̚.tʃi.an.a],[dʒʌl.tɛ.gɯ.ɾʌt̚.tʃi.an.a]
course it,25,,
건들면 안,25,[kʌn.tɯl.mjʌn.an],[gʌn.tɯl.mjʌn.an]
다 지워,25,[ta.tʃi.wʌ],[da.dʒi.wʌ]
병원에 데려갈,25,[pjʌŋ.wʌn.e.te.ɾjʌ.kal],[bjʌŋ.wʌn.e.de.ɾjʌ.gal]
더 맞는,25,[tʌ.mat̚.nɯn],[dʌ.mat̚.nɯn]
건 보기,25,[kʌm.po.ki],[gʌn.bo.gi]
한 묶음,25,[han.muk̚.ɯm],[han.muk̚.ɯm]
받아 이,25,[pat̚.a.i],[bat̚.a.i]
있게 됩니다,25,[it̚.ke.twep̚.ni.ta],[it̚.ke.dwep̚.ni.da]
그렇게 할까,25,[kɯ.ɾʌt̚.ke.hal.k͈a],[gɯ.ɾʌt̚.ke.hal.k͈a]
목숨 걸,25,[mok̚.sum.kʌl],[mok̚.sum.gʌl]
it really,25,,
왔는지 말해,25,[wat̚.nɯn.tʃi.mal.hɛ],[wat̚.nɯn.tʃi.mal.hɛ]
주고 올게,25,[tʃu.ko.ol.ke],[dʒu.go.ol.ke]
왜 차,25,[wɛ.tʃʰa],[wɛ.tʃʰa]
정말로 그것을,25,[tʃʌŋ.mal.ɾo.kɯ.kʌt̚.ɯl],[dʒʌŋ.mal.ɾo.gɯ.gʌt̚.ɯl]
좀 나아진,25,[tʃom.na.a.tʃin],[dʒom.na.a.dʒin]
you for a,25,,
연주할 줄,25,[jʌn.tʃu.hal.tʃul],[jʌn.tʃu.hal.dʒul]
네가 원하는게,25,[ne.ka.wʌn.ha.nɯŋ.ke],[ne.ga.wʌn.ha.nɯŋ.ke]
바람 핀,25,[pa.ɾam.pʰin],[ba.ɾam.pʰin]
당신이 아끼는,25,[taŋ.sin.i.a.k͈i.nɯn],[daŋ.sin.i.a.k͈i.nɯn]
그럴 수도 있었다,25,[kɯ.ɾʌl.su.to.it̚.ʌt̚.ta],[gɯ.ɾʌl.su.do.it̚.ʌt̚.ta]
나에게 가장,25,[na.e.ke.ka.tʃaŋ],[na.e.ge.ga.dʒaŋ]
열 배,25,[jʌl.pɛ],[jʌl.bɛ]
아무나 좀,25,[a.mu.na.tʃom],[a.mu.na.dʒom]
해야 할지 알,25,[hɛ.ja.hal.tʃi.al],[hɛ.ja.hal.tʃi.al]
열 수 있을,25,[jʌl.su.it̚.ɯl],[jʌl.su.it̚.ɯl]
즐길 수 있어,25,[tʃɯl.kil.su.it̚.ʌ],[dʒɯl.kil.su.it̚.ʌ]
to throw,25,,
네가 이 모든,25,[ne.ka.i.mo.tɯn],[ne.ga.i.mo.dɯn]
애니 애니 애니,25,[ɛ.ni.ɛ.ni.ɛ.ni],[ɛ.ni.ɛ.ni.ɛ.ni]
장벽 너머로,25,[tʃam.pjʌk̚.nʌ.mʌ.ɾo],[dʒaŋ.bjʌk̚.nʌ.mʌ.ɾo]
이들은 모두,25,[i.tɯl.ɯn.mo.tu],[i.dɯl.ɯn.mo.du]
어떻게 하고요,25,[ʌ.t͈ʌt̚.ke.ha.ko.jo],[ʌ.t͈ʌt̚.ke.ha.go.jo]
My dad,25,,
그럼 어때,25,[kɯ.ɾʌm.ʌ.t͈ɛ],[gɯ.ɾʌm.ʌ.t͈ɛ]
돈이 있다,25,[ton.i.it̚.ta],[don.i.it̚.ta]
이 집안,25,[i.tʃip̚.an],[i.dʒip̚.an]
거지 다들,25,[kʌ.tʃi.ta.tɯl],[gʌ.dʒi.da.dɯl]
이 친구랑,25,[i.tʃʰiŋ.ku.ɾaŋ],[i.tʃʰiŋ.ku.ɾaŋ]
뒤에 있습니다,25,[twi.e.it̚.sɯp̚.ni.ta],[dwi.e.it̚.sɯp̚.ni.da]
하든 안 하든,25,[ha.tɯn.an.ha.tɯn],[ha.dɯn.an.ha.dɯn]
책임을 져야 할,25,[tʃʰɛk̚.im.ɯl.tʃjʌ.ja.hal],[tʃʰɛk̚.im.ɯl.dʒjʌ.ja.hal]
너무 섹시해,25,[nʌ.mu.sek̚.si.hɛ],[nʌ.mu.sek̚.si.hɛ]
난 다시 일하러,25,[nan.ta.si.il.ha.ɾʌ],[nan.da.si.il.ha.ɾʌ]
좋아하는 것을,25,[tʃot̚.a.ha.nɯŋ.kʌt̚.ɯl],[dʒot̚.a.ha.nɯn.gʌt̚.ɯl]
씨 계십니까,25,[s͈i.kje.sip̚.ni.k͈a],[s͈i.gje.sip̚.ni.k͈a]
우리의 진정한,25,[u.ɾi.ɯi.tʃin.tʃʌŋ.han],[u.ɾi.ɯi.dʒin.tʃʌŋ.han]
곧 잡을,25,[kot̚.tʃap̚.ɯl],[got̚.dʒap̚.ɯl]
뭔 상관이에요,25,[mwʌn.saŋ.kwan.i.e.jo],[mwʌn.saŋ.gwan.i.e.jo]
가야 겠어,25,[ka.ja.ket̚.ʌ],[ga.ja.get̚.ʌ]
진짜 정말,25,[tʃin.tʃ͈a.tʃʌŋ.mal],[dʒin.tʃ͈a.dʒʌŋ.mal]
할수 없어요,25,[hal.su.ʌp̚.ʌ.jo],[hal.su.ʌp̚.ʌ.jo]
진짜 친구가,25,[tʃin.tʃ͈a.tʃʰiŋ.ku.ka],[dʒin.tʃ͈a.tʃʰiŋ.ku.ga]
수 있을 뿐이다,25,[su.it̚.ɯl.p͈un.i.ta],[su.it̚.ɯl.p͈un.i.da]
볼 수 없다고,25,[pol.su.ʌp̚.ta.ko],[bol.su.ʌp̚.ta.go]
도와줘 날,25,[to.wa.tʃwʌ.nal],[do.wa.dʒwʌ.nal]
사정이 안,25,[sa.tʃʌŋ.i.an],[sa.dʒʌŋ.i.an]
책임이 있었다,25,[tʃʰɛk̚.im.i.it̚.ʌt̚.ta],[tʃʰɛk̚.im.i.it̚.ʌt̚.ta]
그 키,25,[kɯ.kʰi],[gɯ.kʰi]
또 자기,25,[t͈o.tʃa.ki],[t͈o.dʒa.gi]
그럴 지도,25,[kɯ.ɾʌl.tʃi.to],[gɯ.ɾʌl.dʒi.do]
때 거기서,25,[t͈ɛ.kʌ.ki.sʌ],[t͈ɛ.gʌ.gi.sʌ]
a man who,25,,
알겠어요 그래,25,[al.ket̚.ʌ.jo.kɯ.ɾɛ],[al.ket̚.ʌ.jo.gɯ.ɾɛ]
거지 아뇨,25,[kʌ.tʃi.a.njo],[gʌ.dʒi.a.njo]
있나 확인해,25,[it̚.na.hwak̚.in.hɛ],[it̚.na.hwak̚.in.hɛ]
좀 더 있다,25,[tʃon.tʌ.it̚.ta],[dʒom.dʌ.it̚.ta]
말고 좋은,25,[mal.ko.tʃot̚.ɯn],[mal.ko.dʒot̚.ɯn]
이 개자식들아,25,[i.kɛ.tʃa.sik̚.tɯl.a],[i.gɛ.dʒa.sik̚.tɯl.a]
CIA 본부,25,[pom.pu],[bom.pu]
봐 솔직히,25,[pwa.sol.tʃik̚.hi],[bwa.sol.tʃik̚.hi]
왔다 갔다 하는,25,[wat̚.ta.kat̚.ta.ha.nɯn],[wat̚.ta.gat̚.ta.ha.nɯn]
그럴 필요 없지,25,[kɯ.ɾʌl.pʰil.jo.ʌp̚.tʃi],[gɯ.ɾʌl.pʰil.jo.ʌp̚.tʃi]
이 거지같은,25,[i.kʌ.tʃi.kat̚.ɯn],[i.gʌ.dʒi.gat̚.ɯn]
알겠어요 당신이,25,[al.ket̚.ʌ.jo.taŋ.sin.i],[al.ket̚.ʌ.jo.daŋ.sin.i]
추진력을 잃었다,25,[tʃʰu.tʃil.ljʌk̚.ɯl.il.ʌt̚.ta],[tʃʰu.dʒil.ljʌk̚.ɯl.il.ʌt̚.ta]
볼 수 있니,25,[pol.su.it̚.ni],[bol.su.it̚.ni]
남은 사람들은,25,[nam.ɯn.sa.ɾan.tɯl.ɯn],[nam.ɯn.sa.ɾan.tɯl.ɯn]
떠 있을,25,[t͈ʌ.it̚.ɯl],[t͈ʌ.it̚.ɯl]
좋은 아내가,25,[tʃot̚.ɯn.a.nɛ.ka],[dʒot̚.ɯn.a.nɛ.ga]
이제 당신 차례예요,25,[i.tʃe.taŋ.sin.tʃʰa.ɾje.je.jo],[i.dʒe.daŋ.sin.tʃʰa.ɾje.je.jo]
가자 거기,25,[ka.tʃa.kʌ.ki],[ga.dʒa.gʌ.gi]
거야 하지,25,[kʌ.ja.ha.tʃi],[gʌ.ja.ha.dʒi]
뭐하는 놈이야,25,[mwʌ.ha.nɯn.nom.i.ja],[mwʌ.ha.nɯn.nom.i.ja]
난 참을,25,[nan.tʃʰam.ɯl],[nan.tʃʰam.ɯl]
도와줘도 돼,25,[to.wa.tʃwʌ.to.twɛ],[do.wa.dʒwʌ.do.dwɛ]
다 컸으니까,25,[ta.kʰʌt̚.ɯ.ni.k͈a],[da.kʰʌt̚.ɯ.ni.k͈a]
그런 점을,25,[kɯ.ɾʌn.tʃʌm.ɯl],[gɯ.ɾʌn.dʒʌm.ɯl]
하고 그렇게,25,[ha.ko.kɯ.ɾʌt̚.ke],[ha.go.gɯ.ɾʌt̚.ke]
영상에 나온,25,[jʌŋ.saŋ.e.na.on],[jʌŋ.saŋ.e.na.on]
근데 니,25,[kɯn.te.ni],[gɯn.te.ni]
정신을 차려보니,25,[tʃʌŋ.sin.ɯl.tʃʰa.ɾjʌ.po.ni],[dʒʌŋ.sin.ɯl.tʃʰa.ɾjʌ.bo.ni]
I could do,25,,
좀 드시겠습니까,25,[tʃon.tɯ.si.ket̚.sɯp̚.ni.k͈a],[dʒom.dɯ.si.get̚.sɯp̚.ni.k͈a]
마시고 싶으면,25,[ma.si.ko.sip̚.ɯ.mjʌn],[ma.si.go.sip̚.ɯ.mjʌn]
난 들어갈,25,[nan.tɯl.ʌ.kal],[nan.dɯl.ʌ.gal]
그래요 이거,25,[kɯ.ɾɛ.jo.i.kʌ],[gɯ.ɾɛ.jo.i.gʌ]
믿지 못하겠어요,25,[mit̚.tʃi.mot̚.ha.ket̚.ʌ.jo],[mit̚.tʃi.mot̚.ha.get̚.ʌ.jo]
하려고 이,25,[ha.ɾjʌ.ko.i],[ha.ɾjʌ.go.i]
난 돌아가지,25,[nan.tol.a.ka.tʃi],[nan.dol.a.ga.dʒi]
시작할 준비,25,[si.tʃak̚.hal.tʃum.pi],[si.dʒak̚.hal.dʒum.pi]
말씀 드려,25,[mal.s͈ɯn.tɯ.ɾjʌ],[mal.s͈ɯm.dɯ.ɾjʌ]
게 뭐 있다고,25,[ke.mwʌ.it̚.ta.ko],[ge.mwʌ.it̚.ta.go]
얼마나 기분,25,[ʌl.ma.na.ki.pun],[ʌl.ma.na.gi.bun]
솔직히 이런,25,[sol.tʃik̚.hi.i.ɾʌn],[sol.tʃik̚.hi.i.ɾʌn]
되찾는 거야,25,[twe.tʃʰat̚.nɯŋ.kʌ.ja],[dwe.tʃʰat̚.nɯn.gʌ.ja]
영원히 널,25,[jʌŋ.wʌn.hi.nʌl],[jʌŋ.wʌn.hi.nʌl]
좀 마셔야겠어요,25,[tʃom.ma.sjʌ.ja.ket̚.ʌ.jo],[dʒom.ma.sjʌ.ja.get̚.ʌ.jo]
거 보여줄게,25,[kʌ.po.jʌ.tʃul.ke],[gʌ.bo.jʌ.dʒul.ke]
것 같지 않습니다,25,[kʌt̚.kat̚.tʃi.an.sɯp̚.ni.ta],[gʌt̚.gat̚.tʃi.an.sɯp̚.ni.da]
된다는 것,25,[twen.ta.nɯŋ.kʌt̚],[dwen.ta.nɯn.gʌt̚]
좀 만나게,25,[tʃom.man.na.ke],[dʒom.man.na.ge]
문을 열었어,25,[mun.ɯl.jʌl.ʌt̚.ʌ],[mun.ɯl.jʌl.ʌt̚.ʌ]
걸 빨리,25,[kʌl.p͈al.ɾi],[gʌl.p͈al.ɾi]
her that,25,,
범죄인 인도,25,[pʌn.tʃwe.in.in.to],[bʌn.tʃwe.in.in.to]
개 그리고,25,[kɛ.kɯ.ɾi.ko],[gɛ.gɯ.ɾi.go]
되고 싶어 너의,25,[twe.ko.sip̚.ʌ.nʌ.ɯi],[dwe.go.sip̚.ʌ.nʌ.ɯi]
걸 할 거야,25,[kʌl.hal.kʌ.ja],[gʌl.hal.gʌ.ja]
놓치지 않고,25,[not̚.tʃʰi.tʃi.aŋ.ko],[not̚.tʃʰi.dʒi.aŋ.ko]
말하지 않아요,25,[mal.ha.tʃi.an.a.jo],[mal.ha.dʒi.an.a.jo]
포기한 건,25,[pʰo.ki.haŋ.kʌn],[pʰo.gi.han.gʌn]
어떤 남자의,25,[ʌ.t͈ʌn.nan.tʃa.ɯi],[ʌ.t͈ʌn.nan.tʃa.ɯi]
해주세요 네,25,[hɛ.tʃu.se.jo.ne],[hɛ.dʒu.se.jo.ne]
떨쳐 버려야지 끝까지,25,[t͈ʌl.tʃʰjʌ.pʌ.ɾjʌ.ja.tʃi.k͈ɯt̚.k͈a.tʃi],[t͈ʌl.tʃʰjʌ.bʌ.ɾjʌ.ja.dʒi.k͈ɯt̚.k͈a.dʒi]
건 미안해요,25,[kʌn.mi.an.hɛ.jo],[gʌn.mi.an.hɛ.jo]
보여 줬죠,25,[po.jʌ.tʃwʌt̚.tʃjo],[bo.jʌ.dʒwʌt̚.tʃjo]
같은 공간에,25,[kat̚.ɯŋ.koŋ.kan.e],[gat̚.ɯn.goŋ.gan.e]
그럼 가죠,25,[kɯ.ɾʌm.ka.tʃjo],[gɯ.ɾʌm.ga.dʒjo]
나보고 어쩌라는,25,[na.po.ko.ʌ.tʃ͈ʌ.ɾa.nɯn],[na.bo.go.ʌ.tʃ͈ʌ.ɾa.nɯn]
당연히 나도,25,[taŋ.jʌn.hi.na.to],[daŋ.jʌn.hi.na.do]
거 말 안,25,[kʌ.mal.an],[gʌ.mal.an]
좀 물어볼게,25,[tʃom.mul.ʌ.pol.ke],[dʒom.mul.ʌ.bol.ke]
사진 안,25,[sa.tʃin.an],[sa.dʒin.an]
잊지 않을 것이다,25,[it̚.tʃi.an.ɯl.kʌt̚.i.ta],[it̚.tʃi.an.ɯl.gʌt̚.i.da]
꿈을 이루는,25,[k͈um.ɯl.i.ɾu.nɯn],[k͈um.ɯl.i.ɾu.nɯn]
그런 줄도 모르고,25,[kɯ.ɾʌn.tʃul.to.mo.ɾɯ.ko],[gɯ.ɾʌn.dʒul.to.mo.ɾɯ.go]
있게 해 줘요,25,[it̚.ke.hɛ.tʃwʌ.jo],[it̚.ke.hɛ.dʒwʌ.jo]
정말 슬퍼,25,[tʃʌŋ.mal.sɯl.pʰʌ],[dʒʌŋ.mal.sɯl.pʰʌ]
아무짝에도 쓸모가,25,[a.mu.tʃ͈ak̚.e.to.s͈ɯl.mo.ka],[a.mu.tʃ͈ak̚.e.do.s͈ɯl.mo.ga]
your plan,25,,
have this,25,,
have time,25,,
게 있었죠,25,[ke.it̚.ʌt̚.tʃjo],[ge.it̚.ʌt̚.tʃjo]
봤으면 좋겠다,25,[pwat̚.ɯ.mjʌn.tʃot̚.ket̚.ta],[bwat̚.ɯ.mjʌn.dʒot̚.ket̚.ta]
너무 심하다,25,[nʌ.mu.sim.ha.ta],[nʌ.mu.sim.ha.da]
a promise,25,,
섹스를 하는,25,[sek̚.sɯ.ɾɯl.ha.nɯn],[sek̚.sɯ.ɾɯl.ha.nɯn]
것도 그런,25,[kʌt̚.to.kɯ.ɾʌn],[gʌt̚.to.gɯ.ɾʌn]
내 그림,25,[nɛ.kɯ.ɾim],[nɛ.gɯ.ɾim]
맨 끝에,25,[mɛŋ.k͈ɯt̚.e],[mɛŋ.k͈ɯt̚.e]
뉴스 속 앵커,25,[nju.sɯ.sok̚.ɛŋ.kʰʌ],[nju.sɯ.sok̚.ɛŋ.kʰʌ]
멍청한 짓이에요,25,[mʌŋ.tʃʰʌŋ.han.tʃit̚.i.e.jo],[mʌŋ.tʃʰʌŋ.han.dʒit̚.i.e.jo]
아마도 그냥,25,[a.ma.to.kɯ.njaŋ],[a.ma.do.gɯ.njaŋ]
나쁜 여자,25,[na.p͈ɯn.jʌ.tʃa],[na.p͈ɯn.jʌ.dʒa]
그리고 우리는 그를,25,[kɯ.ɾi.ko.u.ɾi.nɯŋ.kɯ.ɾɯl],[gɯ.ɾi.go.u.ɾi.nɯn.gɯ.ɾɯl]
몇 달에,25,[mjʌt̚.tal.e],[mjʌt̚.dal.e]
being the,25,,
자신의 행동을,25,[tʃa.sin.ɯi.hɛŋ.toŋ.ɯl],[dʒa.sin.ɯi.hɛŋ.doŋ.ɯl]
만들면 돼요,25,[man.tɯl.mjʌn.twɛ.jo],[man.tɯl.mjʌn.dwɛ.jo]
않게 조심해요,25,[aŋ.ke.tʃo.sim.hɛ.jo],[aŋ.ke.dʒo.sim.hɛ.jo]
이놈의 새끼야,25,[i.nom.ɯi.sɛ.k͈i.ja],[i.nom.ɯi.sɛ.k͈i.ja]
잠시만요 무슨,25,[tʃam.si.man.jo.mu.sɯn],[dʒam.si.man.jo.mu.sɯn]
안 했으면 좋겠어,25,[an.hɛt̚.ɯ.mjʌn.tʃot̚.ket̚.ʌ],[an.hɛt̚.ɯ.mjʌn.dʒot̚.ket̚.ʌ]
네가 해야 할 일이,25,[ne.ka.hɛ.ja.hal.il.i],[ne.ga.hɛ.ja.hal.il.i]
드레이크 경위님,25,[tɯ.ɾe.i.kʰɯ.kjʌŋ.wi.nim],[dɯ.ɾe.i.kʰɯ.gjʌŋ.wi.nim]
도우려고 온,25,[to.u.ɾjʌ.ko.on],[do.u.ɾjʌ.go.on]
배우는 건,25,[pɛ.u.nɯŋ.kʌn],[bɛ.u.nɯn.gʌn]
네가 꾸민,25,[ne.ka.k͈u.min],[ne.ga.k͈u.min]
자신이 사랑하는,25,[tʃa.sin.i.sa.ɾaŋ.ha.nɯn],[dʒa.sin.i.sa.ɾaŋ.ha.nɯn]
솔직히 말할까,25,[sol.tʃik̚.hi.mal.hal.k͈a],[sol.tʃik̚.hi.mal.hal.k͈a]
나한테 줬어,25,[na.han.tʰe.tʃwʌt̚.ʌ],[na.han.tʰe.dʒwʌt̚.ʌ]
합니다 그는,25,[hap̚.ni.ta.kɯ.nɯn],[hap̚.ni.da.gɯ.nɯn]
물고 늘어질,25,[mul.ko.nɯl.ʌ.tʃil],[mul.ko.nɯl.ʌ.dʒil]
포커 게임,25,[pʰo.kʰʌ.ke.im],[pʰo.kʰʌ.ge.im]
여긴 범죄,25,[jʌ.kim.pʌn.tʃwe],[jʌ.gin.bʌn.tʃwe]
그럼 꼭,25,[kɯ.ɾʌm.k͈ok̚],[gɯ.ɾʌm.k͈ok̚]
이렇게 많아요,25,[i.ɾʌt̚.ke.man.a.jo],[i.ɾʌt̚.ke.man.a.jo]
또는 더,25,[t͈o.nɯn.tʌ],[t͈o.nɯn.dʌ]
그냥 일어난,25,[kɯ.njaŋ.il.ʌ.nan],[gɯ.njaŋ.il.ʌ.nan]
법은 없잖아,25,[pʌp̚.ɯn.ʌp̚.tʃan.a],[bʌp̚.ɯn.ʌp̚.tʃan.a]
난 두려워,25,[nan.tu.ɾjʌ.wʌ],[nan.du.ɾjʌ.wʌ]
좀 봐 난,25,[tʃom.pwa.nan],[dʒom.bwa.nan]
있으면 전화,25,[it̚.ɯ.mjʌn.tʃʌn.hwa],[it̚.ɯ.mjʌn.dʒʌn.hwa]
이렇게 살 수,25,[i.ɾʌt̚.ke.sal.su],[i.ɾʌt̚.ke.sal.su]
왔다 이제,25,[wat̚.ta.i.tʃe],[wat̚.ta.i.dʒe]
모를 줄 알고,25,[mo.ɾɯl.tʃul.al.ko],[mo.ɾɯl.dʒul.al.ko]
좀 봐 왜,25,[tʃom.pwa.wɛ],[dʒom.bwa.wɛ]
바 아닙니다,25,[pa.a.nip̚.ni.ta],[ba.a.nip̚.ni.da]
접근할 수 있었다,25,[tʃʌp̚.kɯn.hal.su.it̚.ʌt̚.ta],[dʒʌp̚.kɯn.hal.su.it̚.ʌt̚.ta]
기소할 겁니다,25,[ki.so.hal.kʌp̚.ni.ta],[gi.so.hal.gʌp̚.ni.da]
내가 너처럼,25,[nɛ.ka.nʌ.tʃʰʌ.ɾʌm],[nɛ.ga.nʌ.tʃʰʌ.ɾʌm]
이렇게 화가,25,[i.ɾʌt̚.ke.hwa.ka],[i.ɾʌt̚.ke.hwa.ga]
함께 일하다,25,[ham.k͈e.il.ha.ta],[ham.k͈e.il.ha.da]
남자를 만나,25,[nan.tʃa.ɾɯl.man.na],[nan.tʃa.ɾɯl.man.na]
알고 지냈지,25,[al.ko.tʃi.nɛt̚.tʃi],[al.ko.dʒi.nɛt̚.tʃi]
그 미소까지도 네가,25,[kɯ.mi.so.k͈a.tʃi.to.ne.ka],[gɯ.mi.so.k͈a.dʒi.do.ne.ga]
요청하고 있습니다,25,[jo.tʃʰʌŋ.ha.ko.it̚.sɯp̚.ni.ta],[jo.tʃʰʌŋ.ha.go.it̚.sɯp̚.ni.da]
도운 게,25,[to.uŋ.ke],[do.un.ge]
난 드디어,25,[nan.tɯ.ti.ʌ],[nan.dɯ.di.ʌ]
뜻도 있음,25,[t͈ɯt̚.to.it̚.ɯm],[t͈ɯt̚.to.it̚.ɯm]
여긴 어떻게 왔어요,25,[jʌ.kin.ʌ.t͈ʌt̚.ke.wat̚.ʌ.jo],[jʌ.gin.ʌ.t͈ʌt̚.ke.wat̚.ʌ.jo]
이야기를 들었다,25,[i.ja.ki.ɾɯl.tɯl.ʌt̚.ta],[i.ja.gi.ɾɯl.dɯl.ʌt̚.ta]
몰라 그들이,25,[mol.ɾa.kɯ.tɯl.i],[mol.ɾa.gɯ.dɯl.i]
건 말이 안 돼,25,[kʌn.mal.i.an.twɛ],[gʌn.mal.i.an.dwɛ]
km 이상,25,[i.saŋ],[i.saŋ]
씨 여긴,25,[s͈i.jʌ.kin],[s͈i.jʌ.gin]
거야 I,25,[kʌ.ja],[gʌ.ja]
사진도 찍고,25,[sa.tʃin.to.tʃ͈ik̚.ko],[sa.dʒin.to.tʃ͈ik̚.ko]
알았는데 이제,25,[al.at̚.nɯn.te.i.tʃe],[al.at̚.nɯn.te.i.dʒe]
이 세상과,25,[i.se.saŋ.kwa],[i.se.saŋ.gwa]
몰라 너도,25,[mol.ɾa.nʌ.to],[mol.ɾa.nʌ.do]
그는 갑자기,25,[kɯ.nɯŋ.kap̚.tʃa.ki],[gɯ.nɯn.gap̚.tʃa.gi]
이 결혼이,25,[i.kjʌl.hon.i],[i.gjʌl.hon.i]
열 배는,25,[jʌl.pɛ.nɯn],[jʌl.bɛ.nɯn]
항상 그랬죠,25,[haŋ.saŋ.kɯ.ɾɛt̚.tʃjo],[haŋ.saŋ.gɯ.ɾɛt̚.tʃjo]
둘 좀,25,[tul.tʃom],[dul.dʒom]
여긴 왜 온 거예요,25,[jʌ.kin.wɛ.oŋ.kʌ.je.jo],[jʌ.gin.wɛ.on.gʌ.je.jo]
얘기하지 않았어요,25,[jɛ.ki.ha.tʃi.an.at̚.ʌ.jo],[jɛ.gi.ha.dʒi.an.at̚.ʌ.jo]
잘 숨어,25,[tʃal.sum.ʌ],[dʒal.sum.ʌ]
수상한 점은,25,[su.saŋ.han.tʃʌm.ɯn],[su.saŋ.han.dʒʌm.ɯn]
너무 안 좋아서,25,[nʌ.mu.an.tʃot̚.a.sʌ],[nʌ.mu.an.dʒot̚.a.sʌ]
여긴 우리 집이야,25,[jʌ.kin.u.ɾi.tʃip̚.i.ja],[jʌ.gin.u.ɾi.dʒip̚.i.ja]
내가 집,25,[nɛ.ka.tʃip̚],[nɛ.ga.dʒip̚]
아무 것도 할 수,25,[a.mu.kʌt̚.to.hal.su],[a.mu.gʌt̚.to.hal.su]
말이야 같이,25,[mal.i.ja.kat̚.i],[mal.i.ja.gat̚.i]
건지 모르겠군요,25,[kʌn.tʃi.mo.ɾɯ.ket̚.kun.jo],[gʌn.tʃi.mo.ɾɯ.get̚.kun.jo]
떠날 땐,25,[t͈ʌ.nal.t͈ɛn],[t͈ʌ.nal.t͈ɛn]
있을 거예요 하지만,25,[it̚.ɯl.kʌ.je.jo.ha.tʃi.man],[it̚.ɯl.gʌ.je.jo.ha.dʒi.man]
내 책상을,25,[nɛ.tʃʰɛk̚.saŋ.ɯl],[nɛ.tʃʰɛk̚.saŋ.ɯl]
오게 해서,25,[o.ke.hɛ.sʌ],[o.ge.hɛ.sʌ]
덩치가 큰,25,[tʌŋ.tʃʰi.ka.kʰɯn],[dʌŋ.tʃʰi.ga.kʰɯn]
더 있는 것,25,[tʌ.it̚.nɯŋ.kʌt̚],[dʌ.it̚.nɯn.gʌt̚]
둘 줄 알아,25,[tul.tʃul.al.a],[dul.dʒul.al.a]
곳으로 가면,25,[kot̚.ɯ.ɾo.ka.mjʌn],[got̚.ɯ.ɾo.ga.mjʌn]
피해를 본,25,[pʰi.hɛ.ɾɯl.pon],[pʰi.hɛ.ɾɯl.bon]
always be,25,,
고맙습니다 내가,25,[ko.map̚.sɯp̚.ni.ta.nɛ.ka],[go.map̚.sɯp̚.ni.da.nɛ.ga]
방금 일어났어,25,[paŋ.kɯm.il.ʌ.nat̚.ʌ],[baŋ.gɯm.il.ʌ.nat̚.ʌ]
구름 한,25,[ku.ɾɯm.han],[gu.ɾɯm.han]
레이저 유도,25,[ɾe.i.tʃʌ.ju.to],[ɾe.i.dʒʌ.ju.do]
한 적이 있어요,25,[han.tʃʌk̚.i.it̚.ʌ.jo],[han.dʒʌk̚.i.it̚.ʌ.jo]
죽여선 안,25,[tʃuk̚.jʌ.sʌn.an],[dʒuk̚.jʌ.sʌn.an]
싶다 난,25,[sip̚.ta.nan],[sip̚.ta.nan]
곳 그,25,[kot̚.kɯ],[got̚.gɯ]
다 해야지,25,[ta.hɛ.ja.tʃi],[da.hɛ.ja.dʒi]
have you been,25,,
내 딸들,25,[nɛ.t͈al.tɯl],[nɛ.t͈al.tɯl]
이상하긴 한데,25,[i.saŋ.ha.kin.han.te],[i.saŋ.ha.gin.han.te]
치료제를 만들,25,[tʃʰi.ɾjo.tʃe.ɾɯl.man.tɯl],[tʃʰi.ɾjo.dʒe.ɾɯl.man.tɯl]
차 마시고,25,[tʃʰa.ma.si.ko],[tʃʰa.ma.si.go]
나는 원하지 않는다,25,[na.nɯn.wʌn.ha.tʃi.an.nɯn.ta],[na.nɯn.wʌn.ha.dʒi.an.nɯn.ta]
오는 길입니다,25,[o.nɯŋ.kil.ip̚.ni.ta],[o.nɯn.gil.ip̚.ni.da]
좀 아파서,25,[tʃom.a.pʰa.sʌ],[dʒom.a.pʰa.sʌ]
혼자 있다고,25,[hon.tʃa.it̚.ta.ko],[hon.tʃa.it̚.ta.go]
동네 최고의,25,[toŋ.ne.tʃʰwe.ko.ɯi],[doŋ.ne.tʃʰwe.go.ɯi]
이게 당신을,25,[i.ke.taŋ.sin.ɯl],[i.ge.daŋ.sin.ɯl]
계속 목을,25,[kje.sok̚.mok̚.ɯl],[gje.sok̚.mok̚.ɯl]
당신에게 이런,25,[taŋ.sin.e.ke.i.ɾʌn],[daŋ.sin.e.ge.i.ɾʌn]
하지 말지,25,[ha.tʃi.mal.tʃi],[ha.dʒi.mal.tʃi]
거짓말인 줄,25,[kʌ.tʃit̚.mal.in.tʃul],[gʌ.dʒit̚.mal.in.dʒul]
젊은 애들이,25,[tʃʌm.ɯn.ɛ.tɯl.i],[dʒʌm.ɯn.ɛ.dɯl.i]
내 선물이야,25,[nɛ.sʌn.mul.i.ja],[nɛ.sʌn.mul.i.ja]
더 있다면,25,[tʌ.it̚.ta.mjʌn],[dʌ.it̚.ta.mjʌn]
규칙을 어기면,25,[kju.tʃʰik̚.ɯl.ʌ.ki.mjʌn],[gju.tʃʰik̚.ɯl.ʌ.gi.mjʌn]
있을 때를,25,[it̚.ɯl.t͈ɛ.ɾɯl],[it̚.ɯl.t͈ɛ.ɾɯl]
년 동안 난,25,[njʌn.toŋ.an.nan],[njʌn.doŋ.an.nan]
대해 유죄를,25,[tɛ.hɛ.ju.tʃwe.ɾɯl],[dɛ.hɛ.ju.dʒwe.ɾɯl]
도울 수 있을지,25,[to.ul.su.it̚.ɯl.tʃi],[do.ul.su.it̚.ɯl.tʃi]
우릴 봐요,25,[u.ɾil.pwa.jo],[u.ɾil.bwa.jo]
배우 지망생,25,[pɛ.u.tʃi.maŋ.sɛŋ],[bɛ.u.dʒi.maŋ.sɛŋ]
했는데 어떤,25,[hɛt̚.nɯn.te.ʌ.t͈ʌn],[hɛt̚.nɯn.te.ʌ.t͈ʌn]
거짓말하는 걸,25,[kʌ.tʃit̚.mal.ha.nɯŋ.kʌl],[gʌ.dʒit̚.mal.ha.nɯn.gʌl]
집을 떠나지,25,[tʃip̚.ɯl.t͈ʌ.na.tʃi],[dʒip̚.ɯl.t͈ʌ.na.dʒi]
면접 때,25,[mjʌn.tʃʌp̚.t͈ɛ],[mjʌn.tʃʌp̚.t͈ɛ]
몰라도 당신은,25,[mol.ɾa.to.taŋ.sin.ɯn],[mol.ɾa.do.daŋ.sin.ɯn]
그런 짓을 했을까,25,[kɯ.ɾʌn.tʃit̚.ɯl.hɛt̚.ɯl.k͈a],[gɯ.ɾʌn.dʒit̚.ɯl.hɛt̚.ɯl.k͈a]
난 아무리,25,[nan.a.mu.ɾi],[nan.a.mu.ɾi]
년 뒤엔,25,[njʌn.twi.en],[njʌn.dwi.en]
어떻게 죽일,25,[ʌ.t͈ʌt̚.ke.tʃuk̚.il],[ʌ.t͈ʌt̚.ke.dʒuk̚.il]
있을 리가 없지,25,[it̚.ɯl.ɾi.ka.ʌp̚.tʃi],[it̚.ɯl.ɾi.ga.ʌp̚.tʃi]
꺼지라고 해요,25,[k͈ʌ.tʃi.ɾa.ko.hɛ.jo],[k͈ʌ.dʒi.ɾa.go.hɛ.jo]
오늘 운 좋은,25,[o.nɯl.un.tʃot̚.ɯn],[o.nɯl.un.dʒot̚.ɯn]
좀 입고,25,[tʃom.ip̚.ko],[dʒom.ip̚.ko]
년 미국,25,[njʌn.mi.kuk̚],[njʌn.mi.guk̚]
못 타게,25,[mot̚.tʰa.ke],[mot̚.tʰa.ge]
그 버튼을,25,[kɯ.pʌ.tʰɯn.ɯl],[gɯ.bʌ.tʰɯn.ɯl]
폭발로 인해,25,[pʰok̚.pal.ɾo.in.hɛ],[pʰok̚.pal.ɾo.in.hɛ]
조사를 받게,25,[tʃo.sa.ɾɯl.pat̚.ke],[dʒo.sa.ɾɯl.bat̚.ke]
처음 보지,25,[tʃʰʌ.ɯm.po.tʃi],[tʃʰʌ.ɯm.bo.dʒi]
거짓말할 수,25,[kʌ.tʃit̚.mal.hal.su],[gʌ.dʒit̚.mal.hal.su]
진행될 겁니다,25,[tʃin.hɛŋ.twel.kʌp̚.ni.ta],[dʒin.hɛŋ.dwel.gʌp̚.ni.da]
그렇게 말하려고,25,[kɯ.ɾʌt̚.ke.mal.ha.ɾjʌ.ko],[gɯ.ɾʌt̚.ke.mal.ha.ɾjʌ.go]
그냥 먼저,25,[kɯ.njaŋ.mʌn.tʃʌ],[gɯ.njaŋ.mʌn.tʃʌ]
인생을 어떻게,25,[in.sɛŋ.ɯl.ʌ.t͈ʌt̚.ke],[in.sɛŋ.ɯl.ʌ.t͈ʌt̚.ke]
수 없는 거 알잖아,25,[su.ʌp̚.nɯŋ.kʌ.al.tʃan.a],[su.ʌp̚.nɯn.gʌ.al.tʃan.a]
난 안 해요,25,[nan.an.hɛ.jo],[nan.an.hɛ.jo]
어떻게 설명하시겠습니까,25,[ʌ.t͈ʌt̚.ke.sʌl.mjʌŋ.ha.si.ket̚.sɯp̚.ni.k͈a],[ʌ.t͈ʌt̚.ke.sʌl.mjʌŋ.ha.si.get̚.sɯp̚.ni.k͈a]
년 연속으로,25,[njʌn.jʌn.sok̚.ɯ.ɾo],[njʌn.jʌn.sok̚.ɯ.ɾo]
이제 어떻게 할까요,25,[i.tʃe.ʌ.t͈ʌt̚.ke.hal.k͈a.jo],[i.dʒe.ʌ.t͈ʌt̚.ke.hal.k͈a.jo]
네가 날 어떻게,25,[ne.ka.nal.ʌ.t͈ʌt̚.ke],[ne.ga.nal.ʌ.t͈ʌt̚.ke]
몰라요 c,25,[mol.ɾa.jo],[mol.ɾa.jo]
이제 어쩌려고,25,[i.tʃe.ʌ.tʃ͈ʌ.ɾjʌ.ko],[i.dʒe.ʌ.tʃ͈ʌ.ɾjʌ.go]
곳이 있다는,25,[kot̚.i.it̚.ta.nɯn],[got̚.i.it̚.ta.nɯn]
마 다 잘될,25,[ma.ta.tʃal.twel],[ma.da.dʒal.twel]
개인적인 감정이,25,[kɛ.in.tʃʌk̚.iŋ.kan.tʃʌŋ.i],[gɛ.in.tʃʌk̚.in.gan.tʃʌŋ.i]
오늘은 중요한,25,[o.nɯl.ɯn.tʃuŋ.jo.han],[o.nɯl.ɯn.dʒuŋ.jo.han]
to get you,25,,
숙녀 먼저,25,[suk̚.njʌ.mʌn.tʃʌ],[suk̚.njʌ.mʌn.tʃʌ]
그것 때문에 온 게,25,[kɯ.kʌt̚.t͈ɛ.mun.e.oŋ.ke],[gɯ.gʌt̚.t͈ɛ.mun.e.on.ge]
당신한테 할 말이,25,[taŋ.sin.han.tʰe.hal.mal.i],[daŋ.sin.han.tʰe.hal.mal.i]
숙제는 다,25,[suk̚.tʃe.nɯn.ta],[suk̚.tʃe.nɯn.da]
너뿐만 아니라,25,[nʌ.p͈un.man.a.ni.ɾa],[nʌ.p͈un.man.a.ni.ɾa]
고맙습니다 안녕히,25,[ko.map̚.sɯp̚.ni.ta.an.njʌŋ.hi],[go.map̚.sɯp̚.ni.da.an.njʌŋ.hi]
순 없어 それで君はいいんだよ,25,[sun.ʌp̚.ʌ],[sun.ʌp̚.ʌ]
이젠 집에,25,[i.tʃen.tʃip̚.e],[i.dʒen.dʒip̚.e]
추가 증거,25,[tʃʰu.ka.tʃɯŋ.kʌ],[tʃʰu.ga.dʒɯŋ.gʌ]
했을까 봐,25,[hɛt̚.ɯl.k͈a.pwa],[hɛt̚.ɯl.k͈a.bwa]
그러면 너도,25,[kɯ.ɾʌ.mjʌn.nʌ.to],[gɯ.ɾʌ.mjʌn.nʌ.do]
오늘의 이야기,25,[o.nɯl.ɯi.i.ja.ki],[o.nɯl.ɯi.i.ja.gi]
내가 정보를,25,[nɛ.ka.tʃʌm.po.ɾɯl],[nɛ.ga.dʒʌŋ.bo.ɾɯl]
동안 여러,25,[toŋ.an.jʌ.ɾʌ],[doŋ.an.jʌ.ɾʌ]
인생의 한,25,[in.sɛŋ.ɯi.han],[in.sɛŋ.ɯi.han]
시키는 대로 안 하면,25,[si.kʰi.nɯn.tɛ.ɾo.an.ha.mjʌn],[si.kʰi.nɯn.dɛ.ɾo.an.ha.mjʌn]
말 그대로요,25,[mal.kɯ.tɛ.ɾo.jo],[mal.gɯ.dɛ.ɾo.jo]
전에 그녀가,25,[tʃʌn.e.kɯ.njʌ.ka],[dʒʌn.e.gɯ.njʌ.ga]
이해하실 거야,25,[i.hɛ.ha.sil.kʌ.ja],[i.hɛ.ha.sil.gʌ.ja]
이해해 주셔서,25,[i.hɛ.hɛ.tʃu.sjʌ.sʌ],[i.hɛ.hɛ.dʒu.sjʌ.sʌ]
내가 말할 때까지,25,[nɛ.ka.mal.hal.t͈ɛ.k͈a.tʃi],[nɛ.ga.mal.hal.t͈ɛ.k͈a.dʒi]
지금 아빠,25,[tʃi.kɯm.a.p͈a],[dʒi.gɯm.a.p͈a]
하지만 내가 널,25,[ha.tʃi.man.nɛ.ka.nʌl],[ha.dʒi.man.nɛ.ga.nʌl]
대해 할 얘기가,25,[tɛ.hɛ.hal.jɛ.ki.ka],[dɛ.hɛ.hal.jɛ.gi.ga]
오래 기다릴,25,[o.ɾɛ.ki.ta.ɾil],[o.ɾɛ.gi.da.ɾil]
용의자 한,25,[joŋ.ɯi.tʃa.han],[joŋ.ɯi.dʒa.han]
알다시피 그,25,[al.ta.si.pʰi.kɯ],[al.ta.si.pʰi.gɯ]
두 명 다,25,[tu.mjʌŋ.ta],[du.mjʌŋ.da]
처음 했을,25,[tʃʰʌ.ɯm.hɛt̚.ɯl],[tʃʰʌ.ɯm.hɛt̚.ɯl]
순간 모든 게,25,[suŋ.kan.mo.tɯŋ.ke],[suŋ.kan.mo.dɯn.ge]
난 여기 온,25,[nan.jʌ.ki.on],[nan.jʌ.gi.on]
내 거 아니에요,25,[nɛ.kʌ.a.ni.e.jo],[nɛ.gʌ.a.ni.e.jo]
사람 있잖아요,25,[sa.ɾam.it̚.tʃan.a.jo],[sa.ɾam.it̚.tʃan.a.jo]
불법적인 건,25,[pul.pʌp̚.tʃʌk̚.iŋ.kʌn],[bul.pʌp̚.tʃʌk̚.in.gʌn]
몰라요 좋아,25,[mol.ɾa.jo.tʃot̚.a],[mol.ɾa.jo.dʒot̚.a]
항상 내게,25,[haŋ.saŋ.nɛ.ke],[haŋ.saŋ.nɛ.ge]
마 전부,25,[ma.tʃʌm.pu],[ma.dʒʌm.pu]
그런 거 필요 없어,25,[kɯ.ɾʌŋ.kʌ.pʰil.jo.ʌp̚.ʌ],[gɯ.ɾʌn.gʌ.pʰil.jo.ʌp̚.ʌ]
숨 조차,25,[sun.tʃo.tʃʰa],[sum.dʒo.tʃʰa]
내가 일할,25,[nɛ.ka.il.hal],[nɛ.ga.il.hal]
같네 이,25,[kat̚.ne.i],[gat̚.ne.i]
정말 아름답죠,25,[tʃʌŋ.mal.a.ɾɯn.tap̚.tʃjo],[dʒʌŋ.mal.a.ɾɯn.tap̚.tʃjo]
뭔 일이에요,25,[mwʌn.il.i.e.jo],[mwʌn.il.i.e.jo]
죽인 것에,25,[tʃuk̚.iŋ.kʌt̚.e],[dʒuk̚.in.gʌt̚.e]
몰라요 한,25,[mol.ɾa.jo.han],[mol.ɾa.jo.han]
알던 사람이,25,[al.tʌn.sa.ɾam.i],[al.tʌn.sa.ɾam.i]
믿어도 될,25,[mit̚.ʌ.to.twel],[mit̚.ʌ.do.dwel]
고맙습니다 잘,25,[ko.map̚.sɯp̚.ni.ta.tʃal],[go.map̚.sɯp̚.ni.da.dʒal]
오래전 일이에요,25,[o.ɾɛ.tʃʌn.il.i.e.jo],[o.ɾɛ.dʒʌn.il.i.e.jo]
마약 중독,25,[ma.jak̚.tʃuŋ.tok̚],[ma.jak̚.dʒuŋ.dok̚]
죄가 있다고,25,[tʃwe.ka.it̚.ta.ko],[dʒwe.ga.it̚.ta.go]
것 몇,25,[kʌt̚.mjʌt̚],[gʌt̚.mjʌt̚]
만들고 싶다면,25,[man.tɯl.ko.sip̚.ta.mjʌn],[man.tɯl.ko.sip̚.ta.mjʌn]
어느 학교,25,[ʌ.nɯ.hak̚.kjo],[ʌ.nɯ.hak̚.kjo]
끌고 가라,25,[k͈ɯl.ko.ka.ɾa],[k͈ɯl.ko.ga.ɾa]
변호사를 불러,25,[pjʌn.ho.sa.ɾɯl.pul.ɾʌ],[bjʌn.ho.sa.ɾɯl.bul.ɾʌ]
것 뭐,25,[kʌt̚.mwʌ],[gʌt̚.mwʌ]
가까이 오지 마세요,25,[ka.k͈a.i.o.tʃi.ma.se.jo],[ga.k͈a.i.o.dʒi.ma.se.jo]
닥치지 않으면,25,[tak̚.tʃʰi.tʃi.an.ɯ.mjʌn],[dak̚.tʃʰi.dʒi.an.ɯ.mjʌn]
생겼는지 알아,25,[sɛŋ.kjʌt̚.nɯn.tʃi.al.a],[sɛŋ.gjʌt̚.nɯn.tʃi.al.a]
떨어져 나갈,25,[t͈ʌl.ʌ.tʃjʌ.na.kal],[t͈ʌl.ʌ.dʒjʌ.na.gal]
오면 그때,25,[o.mjʌŋ.kɯ.t͈ɛ],[o.mjʌn.gɯ.t͈ɛ]
보낼 수 있습니다,25,[po.nɛl.su.it̚.sɯp̚.ni.ta],[bo.nɛl.su.it̚.sɯp̚.ni.da]
둘 중 한 명은,25,[tul.tʃuŋ.han.mjʌŋ.ɯn],[dul.dʒuŋ.han.mjʌŋ.ɯn]
네가 놓친,25,[ne.ka.not̚.tʃʰin],[ne.ga.not̚.tʃʰin]
뭐가 잘,25,[mwʌ.ka.tʃal],[mwʌ.ga.dʒal]
거라는 겁니다,25,[kʌ.ɾa.nɯŋ.kʌp̚.ni.ta],[gʌ.ɾa.nɯn.gʌp̚.ni.da]
보냈어 그,25,[po.nɛt̚.ʌ.kɯ],[bo.nɛt̚.ʌ.gɯ]
능력에 대한,25,[nɯŋ.ɾjʌk̚.e.tɛ.han],[nɯŋ.ɾjʌk̚.e.dɛ.han]
정말 기대하고,25,[tʃʌŋ.mal.ki.tɛ.ha.ko],[dʒʌŋ.mal.gi.dɛ.ha.go]
내가 어떻게 도울,25,[nɛ.ka.ʌ.t͈ʌt̚.ke.to.ul],[nɛ.ga.ʌ.t͈ʌt̚.ke.do.ul]
그런 헛소리는,25,[kɯ.ɾʌn.hʌt̚.so.ɾi.nɯn],[gɯ.ɾʌn.hʌt̚.so.ɾi.nɯn]
몰랐어요 네,25,[mol.ɾat̚.ʌ.jo.ne],[mol.ɾat̚.ʌ.jo.ne]
내가 존경하는,25,[nɛ.ka.tʃoŋ.kjʌŋ.ha.nɯn],[nɛ.ga.dʒoŋ.kjʌŋ.ha.nɯn]
다니는 거지,25,[ta.ni.nɯŋ.kʌ.tʃi],[da.ni.nɯn.gʌ.dʒi]
들고 나와,25,[tɯl.ko.na.wa],[dɯl.ko.na.wa]
전화 벨 소리,25,[tʃʌn.hwa.pel.so.ɾi],[dʒʌn.hwa.bel.so.ɾi]
to let you,25,,
좀 해야겠는데,25,[tʃom.hɛ.ja.ket̚.nɯn.te],[dʒom.hɛ.ja.get̚.nɯn.te]
조사를 해야,25,[tʃo.sa.ɾɯl.hɛ.ja],[dʒo.sa.ɾɯl.hɛ.ja]
당신은 꼭,25,[taŋ.sin.ɯŋ.k͈ok̚],[daŋ.sin.ɯŋ.k͈ok̚]
같은 방을,25,[kat̚.ɯm.paŋ.ɯl],[gat̚.ɯn.baŋ.ɯl]
내가 경고했지,25,[nɛ.ka.kjʌŋ.ko.hɛt̚.tʃi],[nɛ.ga.gjʌŋ.go.hɛt̚.tʃi]
접근 권한,25,[tʃʌp̚.kɯŋ.kwʌn.han],[dʒʌp̚.kɯn.gwʌn.han]
수 없다고 했잖아,25,[su.ʌp̚.ta.ko.hɛt̚.tʃan.a],[su.ʌp̚.ta.go.hɛt̚.tʃan.a]
어디 뒀는지,25,[ʌ.ti.twʌt̚.nɯn.tʃi],[ʌ.di.dwʌt̚.nɯn.tʃi]
날 속여서,25,[nal.sok̚.jʌ.sʌ],[nal.sok̚.jʌ.sʌ]
알고 싶은가,25,[al.ko.sip̚.ɯŋ.ka],[al.ko.sip̚.ɯŋ.ka]
있잖아요 왜,25,[it̚.tʃan.a.jo.wɛ],[it̚.tʃan.a.jo.wɛ]
년이 지났습니다,25,[njʌn.i.tʃi.nat̚.sɯp̚.ni.ta],[njʌn.i.dʒi.nat̚.sɯp̚.ni.da]
손을 써서,25,[son.ɯl.s͈ʌ.sʌ],[son.ɯl.s͈ʌ.sʌ]
시절 子どもの頃 어린,25,[si.tʃʌl.ʌ.ɾin],[si.dʒʌl.ʌ.ɾin]
그럼 우리 이제,25,[kɯ.ɾʌm.u.ɾi.i.tʃe],[gɯ.ɾʌm.u.ɾi.i.dʒe]
경관이 쓰러졌다,25,[kjʌŋ.kwan.i.s͈ɯ.ɾʌ.tʃjʌt̚.ta],[gjʌŋ.gwan.i.s͈ɯ.ɾʌ.dʒjʌt̚.ta]
없는 여자,25,[ʌp̚.nɯn.jʌ.tʃa],[ʌp̚.nɯn.jʌ.dʒa]
싶으면 언제든지,25,[sip̚.ɯ.mjʌn.ʌn.tʃe.tɯn.tʃi],[sip̚.ɯ.mjʌn.ʌn.tʃe.dɯn.tʃi]
게 좋을 거 같아요,25,[ke.tʃot̚.ɯl.kʌ.kat̚.a.jo],[ge.dʒot̚.ɯl.gʌ.gat̚.a.jo]
해칠 생각,25,[hɛ.tʃʰil.sɛŋ.kak̚],[hɛ.tʃʰil.sɛŋ.gak̚]
여기서 네,25,[jʌ.ki.sʌ.ne],[jʌ.gi.sʌ.ne]
해 알겠나,25,[hɛ.al.ket̚.na],[hɛ.al.ket̚.na]
혹시 말이야,25,[hok̚.si.mal.i.ja],[hok̚.si.mal.i.ja]
숨기는 거 없어,25,[sum.ki.nɯŋ.kʌ.ʌp̚.ʌ],[sum.ki.nɯn.gʌ.ʌp̚.ʌ]
밖으로 나오는,25,[pak̚.ɯ.ɾo.na.o.nɯn],[bak̚.ɯ.ɾo.na.o.nɯn]
관련 서류를,25,[kwal.ljʌn.sʌ.ɾju.ɾɯl],[gwal.ljʌn.sʌ.ɾju.ɾɯl]
거야 나가,25,[kʌ.ja.na.ka],[gʌ.ja.na.ga]
마지막으로 한 말이,25,[ma.tʃi.mak̚.ɯ.ɾo.han.mal.i],[ma.dʒi.mak̚.ɯ.ɾo.han.mal.i]
this case,25,,
건강 검진,25,[kʌŋ.kaŋ.kʌn.tʃin],[gʌŋ.kaŋ.gʌn.tʃin]
아버지는 널,25,[a.pʌ.tʃi.nɯn.nʌl],[a.bʌ.dʒi.nɯn.nʌl]
싶은 건가요,25,[sip̚.ɯŋ.kʌŋ.ka.jo],[sip̚.ɯn.gʌŋ.ka.jo]
아무것도 몰랐다,25,[a.mu.kʌt̚.to.mol.ɾat̚.ta],[a.mu.gʌt̚.to.mol.ɾat̚.ta]
오토바이 탄,25,[o.tʰo.pa.i.tʰan],[o.tʰo.ba.i.tʰan]
알려주는 거죠,25,[al.ɾjʌ.tʃu.nɯŋ.kʌ.tʃjo],[al.ɾjʌ.dʒu.nɯn.gʌ.dʒjo]
종이 좀,25,[tʃoŋ.i.tʃom],[dʒoŋ.i.dʒom]
높은 사람,25,[nop̚.ɯn.sa.ɾam],[nop̚.ɯn.sa.ɾam]
조심하고 있어요,25,[tʃo.sim.ha.ko.it̚.ʌ.jo],[dʒo.sim.ha.go.it̚.ʌ.jo]
어디 있는지 알잖아,25,[ʌ.ti.it̚.nɯn.tʃi.al.tʃan.a],[ʌ.di.it̚.nɯn.tʃi.al.tʃan.a]
can''t stop,25,,
되는 일이죠,25,[twe.nɯn.il.i.tʃjo],[dwe.nɯn.il.i.dʒjo]
그럼 이제 뭘,25,[kɯ.ɾʌm.i.tʃe.mwʌl],[gɯ.ɾʌm.i.dʒe.mwʌl]
중이야 네,25,[tʃuŋ.i.ja.ne],[dʒuŋ.i.ja.ne]
종일 할,25,[tʃoŋ.il.hal],[dʒoŋ.il.hal]
만들고 있었다,25,[man.tɯl.ko.it̚.ʌt̚.ta],[man.tɯl.ko.it̚.ʌt̚.ta]
of your mind,25,,
수 없듯이,25,[su.ʌp̚.tɯt̚.i],[su.ʌp̚.tɯt̚.i]
aware of,25,,
I saw you,25,,
가 봐 난,25,[ka.pwa.nan],[ga.bwa.nan]
온 건 아니겠죠,25,[oŋ.kʌn.a.ni.ket̚.tʃjo],[on.gʌn.a.ni.get̚.tʃjo]
대화 즐거웠어요,25,[tɛ.hwa.tʃɯl.kʌ.wʌt̚.ʌ.jo],[dɛ.hwa.dʒɯl.kʌ.wʌt̚.ʌ.jo]
하고 있는지 알고,25,[ha.ko.it̚.nɯn.tʃi.al.ko],[ha.go.it̚.nɯn.tʃi.al.ko]
there you,25,,
나와 한,25,[na.wa.han],[na.wa.han]
그럼 자기,25,[kɯ.ɾʌn.tʃa.ki],[gɯ.ɾʌm.dʒa.gi]
만들고 있잖아요,25,[man.tɯl.ko.it̚.tʃan.a.jo],[man.tɯl.ko.it̚.tʃan.a.jo]
물 더,25,[mul.tʌ],[mul.dʌ]
걱정을 하는,25,[kʌk̚.tʃʌŋ.ɯl.ha.nɯn],[gʌk̚.tʃʌŋ.ɯl.ha.nɯn]
아무것도 아니니까,25,[a.mu.kʌt̚.to.a.ni.ni.k͈a],[a.mu.gʌt̚.to.a.ni.ni.k͈a]
아주 용감한,25,[a.tʃu.joŋ.kam.han],[a.dʒu.joŋ.gam.han]
불가능한 일이에요,25,[pul.ka.nɯŋ.han.il.i.e.jo],[bul.ka.nɯŋ.han.il.i.e.jo]
범인일 수도,25,[pʌm.in.il.su.to],[bʌm.in.il.su.do]
대화를 나눴죠,25,[tɛ.hwa.ɾɯl.la.nwʌt̚.tʃjo],[dɛ.hwa.ɾɯl.la.nwʌt̚.tʃjo]
돼 저게,25,[twɛ.tʃʌ.ke],[dwɛ.dʒʌ.ge]
숫자가 너무,25,[sut̚.tʃa.ka.nʌ.mu],[sut̚.tʃa.ga.nʌ.mu]
떨쳐 버려야지 끝까지 좋아할,25,[t͈ʌl.tʃʰjʌ.pʌ.ɾjʌ.ja.tʃi.k͈ɯt̚.k͈a.tʃi.tʃot̚.a.hal],[t͈ʌl.tʃʰjʌ.bʌ.ɾjʌ.ja.dʒi.k͈ɯt̚.k͈a.dʒi.dʒot̚.a.hal]
않고 그리고,25,[aŋ.ko.kɯ.ɾi.ko],[aŋ.ko.gɯ.ɾi.go]
얘기나 할까,25,[jɛ.ki.na.hal.k͈a],[jɛ.gi.na.hal.k͈a]
돼 좋았어,25,[twɛ.tʃot̚.at̚.ʌ],[dwɛ.dʒot̚.at̚.ʌ]
고마워할 것,25,[ko.ma.wʌ.hal.kʌt̚],[go.ma.wʌ.hal.gʌt̚]
계속 연락을,25,[kje.sok̚.jʌl.lak̚.ɯl],[gje.sok̚.jʌl.lak̚.ɯl]
다들 어딨어,25,[ta.tɯl.ʌ.tit̚.ʌ],[da.dɯl.ʌ.dit̚.ʌ]
멈추지 않았어,25,[mʌn.tʃʰu.tʃi.an.at̚.ʌ],[mʌn.tʃʰu.dʒi.an.at̚.ʌ]
지난 석,25,[tʃi.nan.sʌk̚],[dʒi.nan.sʌk̚]
This way,25,,
별일 아닐 거야,25,[pjʌl.il.a.nil.kʌ.ja],[bjʌl.il.a.nil.gʌ.ja]
고칠 줄,25,[ko.tʃʰil.tʃul],[go.tʃʰil.dʒul]
눈감아 줄,25,[nuŋ.kam.a.tʃul],[nuŋ.kam.a.dʒul]
붉은 용이,25,[puk̚.ɯn.joŋ.i],[buk̚.ɯn.joŋ.i]
해야할지 모르겠어요,25,[hɛ.ja.hal.tʃi.mo.ɾɯ.ket̚.ʌ.jo],[hɛ.ja.hal.tʃi.mo.ɾɯ.get̚.ʌ.jo]
doesn''t want to,25,,
떼는 게,25,[t͈e.nɯŋ.ke],[t͈e.nɯn.ge]
한 발자국만,25,[ham.pal.tʃa.kuk̚.man],[han.bal.tʃa.guk̚.man]
A few,25,,
달리 방도가,25,[tal.ɾi.paŋ.to.ka],[dal.ɾi.baŋ.do.ga]
어떻게 하는지 알고,25,[ʌ.t͈ʌt̚.ke.ha.nɯn.tʃi.al.ko],[ʌ.t͈ʌt̚.ke.ha.nɯn.tʃi.al.ko]
잃고 있다,25,[il.ko.it̚.ta],[il.ko.it̚.ta]
잃는 것보다,25,[il.lɯŋ.kʌt̚.po.ta],[il.lɯn.gʌt̚.po.da]
쉬운 게 아니야,25,[swi.uŋ.ke.a.ni.ja],[swi.un.ge.a.ni.ja]
무슨 말을 하고 있는,25,[mu.sɯn.mal.ɯl.ha.ko.it̚.nɯn],[mu.sɯn.mal.ɯl.ha.go.it̚.nɯn]
기회를 주죠,25,[ki.hwe.ɾɯl.tʃu.tʃjo],[gi.hwe.ɾɯl.dʒu.dʒjo]
게 다행이죠,25,[ke.ta.hɛŋ.i.tʃjo],[ge.da.hɛŋ.i.dʒjo]
지각 있는,25,[tʃi.kak̚.it̚.nɯn],[dʒi.gak̚.it̚.nɯn]
몰라요 아니면,25,[mol.ɾa.jo.a.ni.mjʌn],[mol.ɾa.jo.a.ni.mjʌn]
너의 눈이 좋아 너의,25,[nʌ.ɯi.nun.i.tʃot̚.a.nʌ.ɯi],[nʌ.ɯi.nun.i.dʒot̚.a.nʌ.ɯi]
여보 당신이,25,[jʌ.po.taŋ.sin.i],[jʌ.bo.daŋ.sin.i]
있지 아주,25,[it̚.tʃi.a.tʃu],[it̚.tʃi.a.dʒu]
길들일 수,25,[kil.tɯl.il.su],[gil.tɯl.il.su]
만난 지 얼마나,25,[man.nan.tʃi.ʌl.ma.na],[man.nan.dʒi.ʌl.ma.na]
누가 구급차 좀,25,[nu.ka.ku.kɯp̚.tʃʰa.tʃom],[nu.ga.gu.gɯp̚.tʃʰa.dʒom]
이동 중에,25,[i.toŋ.tʃuŋ.e],[i.doŋ.dʒuŋ.e]
짝이 없군,25,[tʃ͈ak̚.i.ʌp̚.kun],[tʃ͈ak̚.i.ʌp̚.kun]
저기 나온다,25,[tʃʌ.ki.na.on.ta],[dʒʌ.gi.na.on.ta]
될 수 있는데,25,[twel.su.it̚.nɯn.te],[dwel.su.it̚.nɯn.te]
그거 너,25,[kɯ.kʌ.nʌ],[gɯ.gʌ.nʌ]
이동하고 있어,25,[i.toŋ.ha.ko.it̚.ʌ],[i.doŋ.ha.go.it̚.ʌ]
있지 오늘,25,[it̚.tʃi.o.nɯl],[it̚.tʃi.o.nɯl]
어렸을 때 말이야,25,[ʌ.ɾjʌt̚.ɯl.t͈ɛ.mal.i.ja],[ʌ.ɾjʌt̚.ɯl.t͈ɛ.mal.i.ja]
감사합니다 그래,25,[kam.sa.hap̚.ni.ta.kɯ.ɾɛ],[gam.sa.hap̚.ni.da.gɯ.ɾɛ]
좋네 난,25,[tʃot̚.ne.nan],[dʒot̚.ne.nan]
사람 한 명,25,[sa.ɾam.han.mjʌŋ],[sa.ɾam.han.mjʌŋ]
하고 싶은 거예요,25,[ha.ko.sip̚.ɯŋ.kʌ.je.jo],[ha.go.sip̚.ɯn.gʌ.je.jo]
그래도 할 수,25,[kɯ.ɾɛ.to.hal.su],[gɯ.ɾɛ.do.hal.su]
까짓거 못하면,25,[k͈a.tʃit̚.kʌ.mot̚.ha.mjʌn],[k͈a.dʒit̚.kʌ.mot̚.ha.mjʌn]
나쁠 거 없지,25,[na.p͈ɯl.kʌ.ʌp̚.tʃi],[na.p͈ɯl.gʌ.ʌp̚.tʃi]
죽이는 것보다,25,[tʃuk̚.i.nɯŋ.kʌt̚.po.ta],[dʒuk̚.i.nɯn.gʌt̚.po.da]
싶진 않네,25,[sip̚.tʃin.an.ne],[sip̚.tʃin.an.ne]
있다고 했을,25,[it̚.ta.ko.hɛt̚.ɯl],[it̚.ta.go.hɛt̚.ɯl]
없어질 때까지,25,[ʌp̚.ʌ.tʃil.t͈ɛ.k͈a.tʃi],[ʌp̚.ʌ.dʒil.t͈ɛ.k͈a.dʒi]
다 알아서 할게,25,[ta.al.a.sʌ.hal.ke],[da.al.a.sʌ.hal.ke]
되었음을 선언합니다,25,[twe.ʌt̚.ɯm.ɯl.sʌn.ʌn.hap̚.ni.ta],[dwe.ʌt̚.ɯm.ɯl.sʌn.ʌn.hap̚.ni.da]
난 언니를,25,[nan.ʌn.ni.ɾɯl],[nan.ʌn.ni.ɾɯl]
그런다고 내가,25,[kɯ.ɾʌn.ta.ko.nɛ.ka],[gɯ.ɾʌn.ta.go.nɛ.ga]
말도 마요,25,[mal.to.ma.jo],[mal.to.ma.jo]
익히 알고,25,[ik̚.hi.al.ko],[ik̚.hi.al.ko]
just how,25,,
좋다고 했잖아,25,[tʃot̚.ta.ko.hɛt̚.tʃan.a],[dʒot̚.ta.go.hɛt̚.tʃan.a]
나 놀리는 거지,25,[na.nol.ɾi.nɯŋ.kʌ.tʃi],[na.nol.ɾi.nɯn.gʌ.dʒi]
걸 완전히,25,[kʌl.wan.tʃʌn.hi],[gʌl.wan.tʃʌn.hi]
이런 날씨에,25,[i.ɾʌn.nal.s͈i.e],[i.ɾʌn.nal.s͈i.e]
나쁠 게,25,[na.p͈ɯl.ke],[na.p͈ɯl.ge]
계획이 바뀌었어요,25,[kje.hwek̚.i.pa.k͈wi.ʌt̚.ʌ.jo],[gje.hwek̚.i.ba.k͈wi.ʌt̚.ʌ.jo]
그것에 대해서 한번 말해,25,[kɯ.kʌt̚.e.tɛ.hɛ.sʌ.ham.pʌn.mal.hɛ],[gɯ.gʌt̚.e.dɛ.hɛ.sʌ.ham.pʌn.mal.hɛ]
거랑 같아,25,[kʌ.ɾaŋ.kat̚.a],[gʌ.ɾaŋ.gat̚.a]
옮기기 전에,25,[om.ki.ki.tʃʌn.e],[om.ki.gi.dʒʌn.e]
당신 회사를,25,[taŋ.sin.hwe.sa.ɾɯl],[daŋ.sin.hwe.sa.ɾɯl]
말할 건가요,25,[mal.hal.kʌŋ.ka.jo],[mal.hal.gʌŋ.ka.jo]
여기까지 오신,25,[jʌ.ki.k͈a.tʃi.o.sin],[jʌ.gi.k͈a.dʒi.o.sin]
가자 뭐야,25,[ka.tʃa.mwʌ.ja],[ga.dʒa.mwʌ.ja]
네가 그런 말을,25,[ne.ka.kɯ.ɾʌn.mal.ɯl],[ne.ga.gɯ.ɾʌn.mal.ɯl]
나랑 가요,25,[na.ɾaŋ.ka.jo],[na.ɾaŋ.ga.jo]
네게 무슨 일이,25,[ne.ke.mu.sɯn.il.i],[ne.ge.mu.sɯn.il.i]
옳은 선택을 한,25,[ol.ɯn.sʌn.tʰɛk̚.ɯl.han],[ol.ɯn.sʌn.tʰɛk̚.ɯl.han]
애들은 누가,25,[ɛ.tɯl.ɯn.nu.ka],[ɛ.dɯl.ɯn.nu.ga]
옳은 일을 하려는,25,[ol.ɯn.il.ɯl.ha.ɾjʌ.nɯn],[ol.ɯn.il.ɯl.ha.ɾjʌ.nɯn]
도움이 될 것 같아,25,[to.um.i.twel.kʌt̚.kat̚.a],[do.um.i.dwel.gʌt̚.gat̚.a]
다 잘되고,25,[ta.tʃal.twe.ko],[da.dʒal.twe.go]
노조 위원장,25,[no.tʃo.wi.wʌn.tʃaŋ],[no.dʒo.wi.wʌn.tʃaŋ]
오래 걸리네요,25,[o.ɾɛ.kʌl.ɾi.ne.jo],[o.ɾɛ.gʌl.ɾi.ne.jo]
달라고 부탁했어,25,[tal.ɾa.ko.pu.tʰak̚.hɛt̚.ʌ],[dal.ɾa.go.bu.tʰak̚.hɛt̚.ʌ]
고민 많이,25,[ko.min.man.i],[go.min.man.i]
괜찮아 널,25,[kwɛn.tʃʰan.a.nʌl],[gwɛn.tʃʰan.a.nʌl]
얘기하고 싶었어요,25,[jɛ.ki.ha.ko.sip̚.ʌt̚.ʌ.jo],[jɛ.gi.ha.go.sip̚.ʌt̚.ʌ.jo]
될 순 없어 それで君はいいんだよ,25,[twel.sun.ʌp̚.ʌ],[dwel.sun.ʌp̚.ʌ]
아까 밖에서,25,[a.k͈a.pak̚.e.sʌ],[a.k͈a.bak̚.e.sʌ]
의사를 불러,25,[ɯi.sa.ɾɯl.pul.ɾʌ],[ɯi.sa.ɾɯl.bul.ɾʌ]
좋아 너의 손가락과 향기까지도,25,[tʃot̚.a.nʌ.ɯi.soŋ.ka.ɾak̚.kwa.hjaŋ.ki.k͈a.tʃi.to],[dʒot̚.a.nʌ.ɯi.soŋ.ka.ɾak̚.kwa.hjaŋ.gi.k͈a.dʒi.do]
좋아 너의 손가락과,25,[tʃot̚.a.nʌ.ɯi.soŋ.ka.ɾak̚.kwa],[dʒot̚.a.nʌ.ɯi.soŋ.ka.ɾak̚.kwa]
난 누구지,25,[nan.nu.ku.tʃi],[nan.nu.gu.dʒi]
년 전에 한,25,[njʌn.tʃʌn.e.han],[njʌn.dʒʌn.e.han]
그거 어디,25,[kɯ.kʌ.ʌ.ti],[gɯ.gʌ.ʌ.di]
생길 거,25,[sɛŋ.kil.kʌ],[sɛŋ.gil.gʌ]
위해 이제,25,[wi.hɛ.i.tʃe],[wi.hɛ.i.dʒe]
고양왕 전하께,25,[ko.jaŋ.waŋ.tʃʌn.ha.k͈e],[go.jaŋ.waŋ.dʒʌn.ha.k͈e]
가야 하거든요,25,[ka.ja.ha.kʌ.tɯn.jo],[ga.ja.ha.gʌ.dɯn.jo]
표식을 남겨,25,[pʰjo.sik̚.ɯl.lam.kjʌ],[pʰjo.sik̚.ɯl.lam.kjʌ]
말을 믿으라는,25,[mal.ɯl.mit̚.ɯ.ɾa.nɯn],[mal.ɯl.mit̚.ɯ.ɾa.nɯn]
잊은 적,25,[it̚.ɯn.tʃʌk̚],[it̚.ɯn.dʒʌk̚]
싸운 적이,25,[s͈a.un.tʃʌk̚.i],[s͈a.un.dʒʌk̚.i]
먼저 하지,25,[mʌn.tʃʌ.ha.tʃi],[mʌn.tʃʌ.ha.dʒi]
번을 안,25,[pʌn.ɯl.an],[bʌn.ɯl.an]
간단한 문제가 아니에요,25,[kan.tan.han.mun.tʃe.ka.a.ni.e.jo],[gan.tan.han.mun.tʃe.ga.a.ni.e.jo]
감히 누구한테,25,[kam.hi.nu.ku.han.tʰe],[gam.hi.nu.gu.han.tʰe]
도움이 될겁니다,25,[to.um.i.twel.kʌp̚.ni.ta],[do.um.i.dwel.kʌp̚.ni.da]
차에서 내리는,25,[tʃʰa.e.sʌ.nɛ.ɾi.nɯn],[tʃʰa.e.sʌ.nɛ.ɾi.nɯn]
당연한 일이지,25,[taŋ.jʌn.han.il.i.tʃi],[daŋ.jʌn.han.il.i.dʒi]
깨어 있어,25,[k͈ɛ.ʌ.it̚.ʌ],[k͈ɛ.ʌ.it̚.ʌ]
지게 될,25,[tʃi.ke.twel],[dʒi.ge.dwel]
행복해질 거야,25,[hɛm.pok̚.hɛ.tʃil.kʌ.ja],[hɛŋ.bok̚.hɛ.dʒil.gʌ.ja]
살해 현장에,25,[sal.hɛ.hjʌn.tʃaŋ.e],[sal.hɛ.hjʌn.tʃaŋ.e]
the question,25,,
너무 이른가,25,[nʌ.mu.i.ɾɯŋ.ka],[nʌ.mu.i.ɾɯŋ.ka]
환불 안,25,[hwam.pul.an],[hwam.pul.an]
걸 보러,25,[kʌl.po.ɾʌ],[gʌl.bo.ɾʌ]
와 봤어요,25,[wa.pwat̚.ʌ.jo],[wa.bwat̚.ʌ.jo]
하는 걸 보니,25,[ha.nɯŋ.kʌl.po.ni],[ha.nɯn.gʌl.bo.ni]
있는지 모릅니다,25,[it̚.nɯn.tʃi.mo.ɾɯp̚.ni.ta],[it̚.nɯn.tʃi.mo.ɾɯp̚.ni.da]
했기 때문이다,25,[hɛt̚.ki.t͈ɛ.mun.i.ta],[hɛt̚.ki.t͈ɛ.mun.i.da]
건 쉬워,25,[kʌn.swi.wʌ],[gʌn.swi.wʌ]
최선을 다하고 있다고,25,[tʃʰwe.sʌn.ɯl.ta.ha.ko.it̚.ta.ko],[tʃʰwe.sʌn.ɯl.da.ha.go.it̚.ta.go]
생길 줄은,25,[sɛŋ.kil.tʃul.ɯn],[sɛŋ.gil.dʒul.ɯn]
그거 저리,25,[kɯ.kʌ.tʃʌ.ɾi],[gɯ.gʌ.dʒʌ.ɾi]
잊지 않았어요,25,[it̚.tʃi.an.at̚.ʌ.jo],[it̚.tʃi.an.at̚.ʌ.jo]
절대 놓치면,25,[tʃʌl.tɛ.not̚.tʃʰi.mjʌn],[dʒʌl.tɛ.not̚.tʃʰi.mjʌn]
들은 거지,25,[tɯl.ɯŋ.kʌ.tʃi],[dɯl.ɯn.gʌ.dʒi]
seems to,25,,
있다가 다시,25,[it̚.ta.ka.ta.si],[it̚.ta.ga.da.si]
내가 이렇게 된,25,[nɛ.ka.i.ɾʌt̚.ke.twen],[nɛ.ga.i.ɾʌt̚.ke.dwen]
인생이 다,25,[in.sɛŋ.i.ta],[in.sɛŋ.i.da]
옷 갈아입어요,25,[ot̚.kal.a.ip̚.ʌ.jo],[ot̚.gal.a.ip̚.ʌ.jo]
어떤 질문을,25,[ʌ.t͈ʌn.tʃil.mun.ɯl],[ʌ.t͈ʌn.dʒil.mun.ɯl]
봐요 좋아,25,[pwa.jo.tʃot̚.a],[bwa.jo.dʒot̚.a]
몇 분 만에,25,[mjʌt̚.pun.man.e],[mjʌt̚.bun.man.e]
멀리 온,25,[mʌl.ɾi.on],[mʌl.ɾi.on]
우리 집안을,25,[u.ɾi.tʃip̚.an.ɯl],[u.ɾi.dʒip̚.an.ɯl]
그런데 그들이,25,[kɯ.ɾʌn.te.kɯ.tɯl.i],[gɯ.ɾʌn.te.gɯ.dɯl.i]
보지 않았어요,25,[po.tʃi.an.at̚.ʌ.jo],[bo.dʒi.an.at̚.ʌ.jo]
쓸모가 없어요,25,[s͈ɯl.mo.ka.ʌp̚.ʌ.jo],[s͈ɯl.mo.ga.ʌp̚.ʌ.jo]
지난 이야기 내가,25,[tʃi.nan.i.ja.ki.nɛ.ka],[dʒi.nan.i.ja.gi.nɛ.ga]
problem is,25,,
죄에 대해,25,[tʃwe.e.tɛ.hɛ],[dʒwe.e.dɛ.hɛ]
작전을 수행할,25,[tʃak̚.tʃʌn.ɯl.su.hɛŋ.hal],[dʒak̚.tʃʌn.ɯl.su.hɛŋ.hal]
무찌를 수,25,[mu.tʃ͈i.ɾɯl.su],[mu.tʃ͈i.ɾɯl.su]
자 이렇게,25,[tʃa.i.ɾʌt̚.ke],[dʒa.i.ɾʌt̚.ke]
오래 살 수,25,[o.ɾɛ.sal.su],[o.ɾɛ.sal.su]
훨씬 강한,25,[hwʌl.s͈iŋ.kaŋ.han],[hwʌl.s͈in.gaŋ.han]
어떤 결정을 내리든,25,[ʌ.t͈ʌŋ.kjʌl.tʃʌŋ.ɯl.lɛ.ɾi.tɯn],[ʌ.t͈ʌn.gjʌl.tʃʌŋ.ɯl.lɛ.ɾi.dɯn]
집에 가고 싶다고,25,[tʃip̚.e.ka.ko.sip̚.ta.ko],[dʒip̚.e.ga.go.sip̚.ta.go]
수 있는 몇,25,[su.it̚.nɯn.mjʌt̚],[su.it̚.nɯn.mjʌt̚]
좋아요 같이,25,[tʃot̚.a.jo.kat̚.i],[dʒot̚.a.jo.gat̚.i]
is out,25,,
버려야지 끝까지,25,[pʌ.ɾjʌ.ja.tʃi.k͈ɯt̚.k͈a.tʃi],[bʌ.ɾjʌ.ja.dʒi.k͈ɯt̚.k͈a.dʒi]
등에 총을,25,[tɯŋ.e.tʃʰoŋ.ɯl],[dɯŋ.e.tʃʰoŋ.ɯl]
질문이 몇,25,[tʃil.mun.i.mjʌt̚],[dʒil.mun.i.mjʌt̚]
써 놓은,25,[s͈ʌ.not̚.ɯn],[s͈ʌ.not̚.ɯn]
내 부모님을,25,[nɛ.pu.mo.nim.ɯl],[nɛ.bu.mo.nim.ɯl]
민영의 옅은,25,[min.jʌŋ.ɯi.jʌt̚.ɯn],[min.jʌŋ.ɯi.jʌt̚.ɯn]
물건 사러,25,[mul.kʌn.sa.ɾʌ],[mul.kʌn.sa.ɾʌ]
뭐 사다,25,[mwʌ.sa.ta],[mwʌ.sa.da]
그렇다 하지만,25,[kɯ.ɾʌt̚.ta.ha.tʃi.man],[gɯ.ɾʌt̚.ta.ha.dʒi.man]
아니라면 내가,25,[a.ni.ɾa.mjʌn.nɛ.ka],[a.ni.ɾa.mjʌn.nɛ.ga]
벌고 싶으면,25,[pʌl.ko.sip̚.ɯ.mjʌn],[bʌl.ko.sip̚.ɯ.mjʌn]
나은 일을,25,[na.ɯn.il.ɯl],[na.ɯn.il.ɯl]
허가할 수,25,[hʌ.ka.hal.su],[hʌ.ga.hal.su]
삶을 살지,25,[sam.ɯl.sal.tʃi],[sam.ɯl.sal.tʃi]
큰 건이야,25,[kʰɯŋ.kʌn.i.ja],[kʰɯn.gʌn.i.ja]
끝까지 좋아할 테니 각오해,25,[k͈ɯt̚.k͈a.tʃi.tʃot̚.a.hal.tʰe.ni.kak̚.o.hɛ],[k͈ɯt̚.k͈a.dʒi.dʒot̚.a.hal.tʰe.ni.gak̚.o.hɛ]
않는 건가요,25,[an.nɯŋ.kʌŋ.ka.jo],[an.nɯn.gʌŋ.ka.jo]
결정을 내렸어요,25,[kjʌl.tʃʌŋ.ɯl.lɛ.ɾjʌt̚.ʌ.jo],[gjʌl.tʃʌŋ.ɯl.lɛ.ɾjʌt̚.ʌ.jo]
있어요 잘됐네요,25,[it̚.ʌ.jo.tʃal.twɛt̚.ne.jo],[it̚.ʌ.jo.dʒal.twɛt̚.ne.jo]
사람도 없죠,25,[sa.ɾan.to.ʌp̚.tʃjo],[sa.ɾan.to.ʌp̚.tʃjo]
완전 새,25,[wan.tʃʌn.sɛ],[wan.tʃʌn.sɛ]
죄송해요 아뇨,25,[tʃwe.soŋ.hɛ.jo.a.njo],[dʒwe.soŋ.hɛ.jo.a.njo]
콜로라도 주,25,[kʰol.ɾo.ɾa.to.tʃu],[kʰol.ɾo.ɾa.do.dʒu]
것이 없어,25,[kʌt̚.i.ʌp̚.ʌ],[gʌt̚.i.ʌp̚.ʌ]
테고 그,25,[tʰe.ko.kɯ],[tʰe.go.gɯ]
완전히 내,25,[wan.tʃʌn.hi.nɛ],[wan.tʃʌn.hi.nɛ]
일어날 수 있어요,25,[il.ʌ.nal.su.it̚.ʌ.jo],[il.ʌ.nal.su.it̚.ʌ.jo]
진짜 잘됐다,25,[tʃin.tʃ͈a.tʃal.twɛt̚.ta],[dʒin.tʃ͈a.dʒal.twɛt̚.ta]
그럼 안 되는데,25,[kɯ.ɾʌm.an.twe.nɯn.te],[gɯ.ɾʌm.an.dwe.nɯn.te]
그렇다고 내,25,[kɯ.ɾʌt̚.ta.ko.nɛ],[gɯ.ɾʌt̚.ta.go.nɛ]
삶이 어떻게,25,[sam.i.ʌ.t͈ʌt̚.ke],[sam.i.ʌ.t͈ʌt̚.ke]
어렸을 때처럼,25,[ʌ.ɾjʌt̚.ɯl.t͈ɛ.tʃʰʌ.ɾʌm],[ʌ.ɾjʌt̚.ɯl.t͈ɛ.tʃʰʌ.ɾʌm]
그럼 시작할까,25,[kɯ.ɾʌm.si.tʃak̚.hal.k͈a],[gɯ.ɾʌm.si.dʒak̚.hal.k͈a]
될지도 모릅니다,25,[twel.tʃi.to.mo.ɾɯp̚.ni.ta],[dwel.tʃi.do.mo.ɾɯp̚.ni.da]
자고 있잖아,25,[tʃa.ko.it̚.tʃan.a],[dʒa.go.it̚.tʃan.a]
이 꽃,25,[i.k͈ot̚],[i.k͈ot̚]
되겠지 내,25,[twe.ket̚.tʃi.nɛ],[dwe.get̚.tʃi.nɛ]
know what it is,25,,
그 영화가,25,[kɯ.jʌŋ.hwa.ka],[gɯ.jʌŋ.hwa.ga]
이해할 거라,25,[i.hɛ.hal.kʌ.ɾa],[i.hɛ.hal.gʌ.ɾa]
할 수 없을 거야,25,[hal.su.ʌp̚.ɯl.kʌ.ja],[hal.su.ʌp̚.ɯl.gʌ.ja]
한 이야기,25,[han.i.ja.ki],[han.i.ja.gi]
우리 뭐 하는 거야,25,[u.ɾi.mwʌ.ha.nɯŋ.kʌ.ja],[u.ɾi.mwʌ.ha.nɯn.gʌ.ja]
가족은 내가,25,[ka.tʃok̚.ɯn.nɛ.ka],[ga.dʒok̚.ɯn.nɛ.ga]
게 흔한,25,[ke.hɯn.han],[ge.hɯn.han]
천천히 움직여,25,[tʃʰʌn.tʃʰʌn.hi.un.tʃik̚.jʌ],[tʃʰʌn.tʃʰʌn.hi.un.tʃik̚.jʌ]
소용이 없어요,25,[so.joŋ.i.ʌp̚.ʌ.jo],[so.joŋ.i.ʌp̚.ʌ.jo]
왔다 갔어요,25,[wat̚.ta.kat̚.ʌ.jo],[wat̚.ta.gat̚.ʌ.jo]
시간 내 줘서,25,[si.kan.nɛ.tʃwʌ.sʌ],[si.gan.nɛ.dʒwʌ.sʌ]
붙어 있었어요,25,[put̚.ʌ.it̚.ʌt̚.ʌ.jo],[but̚.ʌ.it̚.ʌt̚.ʌ.jo]
죄책감을 느끼는,25,[tʃwe.tʃʰɛk̚.kam.ɯl.lɯ.k͈i.nɯn],[dʒwe.tʃʰɛk̚.kam.ɯl.lɯ.k͈i.nɯn]
자네 인생도,25,[tʃa.ne.in.sɛŋ.to],[dʒa.ne.in.sɛŋ.do]
좋아하는 노래를,25,[tʃot̚.a.ha.nɯn.no.ɾɛ.ɾɯl],[dʒot̚.a.ha.nɯn.no.ɾɛ.ɾɯl]
되고 있나,25,[twe.ko.it̚.na],[dwe.go.it̚.na]
번 그,25,[pʌŋ.kɯ],[bʌn.gɯ]
이런 꼴로,25,[i.ɾʌŋ.k͈ol.ɾo],[i.ɾʌŋ.k͈ol.ɾo]
나도 알아 그럼,25,[na.to.al.a.kɯ.ɾʌm],[na.do.al.a.gɯ.ɾʌm]
거 모를 줄,25,[kʌ.mo.ɾɯl.tʃul],[gʌ.mo.ɾɯl.dʒul]
했는데 이건,25,[hɛt̚.nɯn.te.i.kʌn],[hɛt̚.nɯn.te.i.gʌn]
here I,25,,
들어오는 길에,25,[tɯl.ʌ.o.nɯŋ.kil.e],[dɯl.ʌ.o.nɯn.gil.e]
되기엔 너무,25,[twe.ki.en.nʌ.mu],[dwe.gi.en.nʌ.mu]
전에 일을,25,[tʃʌn.e.il.ɯl],[dʒʌn.e.il.ɯl]
둘만 있을,25,[tul.man.it̚.ɯl],[dul.man.it̚.ɯl]
질병 관리 센터,25,[tʃil.pjʌŋ.kwal.li.sen.tʰʌ],[dʒil.pjʌŋ.gwal.li.sen.tʰʌ]
정말 그리웠어,25,[tʃʌŋ.mal.kɯ.ɾi.wʌt̚.ʌ],[dʒʌŋ.mal.gɯ.ɾi.wʌt̚.ʌ]
장 보고,25,[tʃam.po.ko],[dʒaŋ.bo.go]
일행의 놀란,25,[il.hɛŋ.ɯi.nol.ɾan],[il.hɛŋ.ɯi.nol.ɾan]
미안해 당신은,25,[mi.an.hɛ.taŋ.sin.ɯn],[mi.an.hɛ.daŋ.sin.ɯn]
피도 안 마른,25,[pʰi.to.an.ma.ɾɯn],[pʰi.do.an.ma.ɾɯn]
자기 마음을,25,[tʃa.ki.ma.ɯm.ɯl],[dʒa.gi.ma.ɯm.ɯl]
억지로 끌고,25,[ʌk̚.tʃi.ɾo.k͈ɯl.ko],[ʌk̚.tʃi.ɾo.k͈ɯl.ko]
맨 다운,25,[mɛn.ta.un],[mɛn.da.un]
왔어 이게,25,[wat̚.ʌ.i.ke],[wat̚.ʌ.i.ge]
있었다 그녀가,25,[it̚.ʌt̚.ta.kɯ.njʌ.ka],[it̚.ʌt̚.ta.gɯ.njʌ.ga]
아무도 안 죽어,25,[a.mu.to.an.tʃuk̚.ʌ],[a.mu.do.an.dʒuk̚.ʌ]
좋아하지 않는다는,25,[tʃot̚.a.ha.tʃi.an.nɯn.ta.nɯn],[dʒot̚.a.ha.dʒi.an.nɯn.ta.nɯn]
왔으면 좋았을,25,[wat̚.ɯ.mjʌn.tʃot̚.at̚.ɯl],[wat̚.ɯ.mjʌn.dʒot̚.at̚.ɯl]
쏘지 않을 거야,25,[s͈o.tʃi.an.ɯl.kʌ.ja],[s͈o.dʒi.an.ɯl.gʌ.ja]
되는 거 아닌가요,25,[twe.nɯŋ.kʌ.a.niŋ.ka.jo],[dwe.nɯn.gʌ.a.niŋ.ka.jo]
시간 뺏어서,25,[si.kam.p͈ɛt̚.ʌ.sʌ],[si.gam.p͈ɛt̚.ʌ.sʌ]
언니 말이,25,[ʌn.ni.mal.i],[ʌn.ni.mal.i]
우리 비밀을,25,[u.ɾi.pi.mil.ɯl],[u.ɾi.bi.mil.ɯl]
감사합니다 다들,25,[kam.sa.hap̚.ni.ta.ta.tɯl],[gam.sa.hap̚.ni.da.da.dɯl]
좋은 이야기를,25,[tʃot̚.ɯn.i.ja.ki.ɾɯl],[dʒot̚.ɯn.i.ja.gi.ɾɯl]
이런 말 한,25,[i.ɾʌn.mal.han],[i.ɾʌn.mal.han]
놈들 손에,25,[non.tɯl.son.e],[non.tɯl.son.e]
나타나서 내,25,[na.tʰa.na.sʌ.nɛ],[na.tʰa.na.sʌ.nɛ]
시간을 보내는 게,25,[si.kan.ɯl.po.nɛ.nɯŋ.ke],[si.gan.ɯl.bo.nɛ.nɯn.ge]
그 사람 말이야,25,[kɯ.sa.ɾam.mal.i.ja],[gɯ.sa.ɾam.mal.i.ja]
보자 괜찮아,25,[po.tʃa.kwɛn.tʃʰan.a],[bo.dʒa.gwɛn.tʃʰan.a]
놈들은 날,25,[non.tɯl.ɯn.nal],[non.tɯl.ɯn.nal]
도저히 믿을 수가,25,[to.tʃʌ.hi.mit̚.ɯl.su.ka],[do.dʒʌ.hi.mit̚.ɯl.su.ga]
일 없길,25,[il.ʌp̚.kil],[il.ʌp̚.kil]
당신은 옳은 일을,25,[taŋ.sin.ɯn.ol.ɯn.il.ɯl],[daŋ.sin.ɯn.ol.ɯn.il.ɯl]
절대 다른,25,[tʃʌl.tɛ.ta.ɾɯn],[dʒʌl.tɛ.da.ɾɯn]
걸 알고 있죠,25,[kʌl.al.ko.it̚.tʃjo],[gʌl.al.ko.it̚.tʃjo]
우리가 가지고 있다고 믿는다,25,[u.ɾi.ka.ka.tʃi.ko.it̚.ta.ko.mit̚.nɯn.ta],[u.ɾi.ga.ga.dʒi.go.it̚.ta.go.mit̚.nɯn.ta]
자기 애를,25,[tʃa.ki.ɛ.ɾɯl],[dʒa.gi.ɛ.ɾɯl]
그런 말씀은,25,[kɯ.ɾʌn.mal.s͈ɯm.ɯn],[gɯ.ɾʌn.mal.s͈ɯm.ɯn]
엄마 보고 싶어,25,[ʌm.ma.po.ko.sip̚.ʌ],[ʌm.ma.bo.go.sip̚.ʌ]
되는 꿈을,25,[twe.nɯŋ.k͈um.ɯl],[dwe.nɯŋ.k͈um.ɯl]
우리 모두가요,25,[u.ɾi.mo.tu.ka.jo],[u.ɾi.mo.du.ga.jo]
왜 갔죠,25,[wɛ.kat̚.tʃjo],[wɛ.gat̚.tʃjo]
못 믿는 게,25,[mot̚.mit̚.nɯŋ.ke],[mot̚.mit̚.nɯn.ge]
말아야 했는데,25,[mal.a.ja.hɛt̚.nɯn.te],[mal.a.ja.hɛt̚.nɯn.te]
민영의 웃음,25,[min.jʌŋ.ɯi.ut̚.ɯm],[min.jʌŋ.ɯi.ut̚.ɯm]
왜 결혼,25,[wɛ.kjʌl.hon],[wɛ.gjʌl.hon]
can''t we,25,,
개 줘,25,[kɛ.tʃwʌ],[gɛ.dʒwʌ]
신분증 보여주세요,25,[sim.pun.tʃɯm.po.jʌ.tʃu.se.jo],[sim.pun.tʃɯŋ.bo.jʌ.dʒu.se.jo]
상관하지 마세요,25,[saŋ.kwan.ha.tʃi.ma.se.jo],[saŋ.gwan.ha.dʒi.ma.se.jo]
내 회사야,25,[nɛ.hwe.sa.ja],[nɛ.hwe.sa.ja]
a fire,25,,
채워 줄,25,[tʃʰɛ.wʌ.tʃul],[tʃʰɛ.wʌ.dʒul]
the answer,25,,
당신은 이곳에,25,[taŋ.sin.ɯn.i.kot̚.e],[daŋ.sin.ɯn.i.got̚.e]
쐬고 올게요,25,[s͈we.ko.ol.ke.jo],[s͈we.go.ol.ke.jo]
그건 내 것이,25,[kɯ.kʌn.nɛ.kʌt̚.i],[gɯ.gʌn.nɛ.gʌt̚.i]
수 있게 도와줘요,25,[su.it̚.ke.to.wa.tʃwʌ.jo],[su.it̚.ke.do.wa.dʒwʌ.jo]
잠깐만요 우리가,25,[tʃam.k͈an.man.jo.u.ɾi.ka],[dʒam.k͈an.man.jo.u.ɾi.ga]
할 게 너무,25,[hal.ke.nʌ.mu],[hal.ge.nʌ.mu]
시간만 줘,25,[si.kan.man.tʃwʌ],[si.gan.man.dʒwʌ]
왜 그런 생각을 해,25,[wɛ.kɯ.ɾʌn.sɛŋ.kak̚.ɯl.hɛ],[wɛ.gɯ.ɾʌn.sɛŋ.gak̚.ɯl.hɛ]
왜 그런 짓을 했는지,25,[wɛ.kɯ.ɾʌn.tʃit̚.ɯl.hɛt̚.nɯn.tʃi],[wɛ.gɯ.ɾʌn.dʒit̚.ɯl.hɛt̚.nɯn.tʃi]
두 가지 선택이,25,[tu.ka.tʃi.sʌn.tʰɛk̚.i],[du.ga.dʒi.sʌn.tʰɛk̚.i]
말하지 말았어야,25,[mal.ha.tʃi.mal.at̚.ʌ.ja],[mal.ha.dʒi.mal.at̚.ʌ.ja]
모아 둔,25,[mo.a.tun],[mo.a.dun]
위한 거라면,25,[wi.haŋ.kʌ.ɾa.mjʌn],[wi.han.gʌ.ɾa.mjʌn]
말을 들으세요,25,[mal.ɯl.tɯl.ɯ.se.jo],[mal.ɯl.dɯl.ɯ.se.jo]
왜 그렇게 화를,25,[wɛ.kɯ.ɾʌt̚.ke.hwa.ɾɯl],[wɛ.gɯ.ɾʌt̚.ke.hwa.ɾɯl]
놈은 그,25,[nom.ɯŋ.kɯ],[nom.ɯn.gɯ]
시간을 내주셔서,25,[si.kan.ɯl.lɛ.tʃu.sjʌ.sʌ],[si.gan.ɯl.lɛ.dʒu.sjʌ.sʌ]
이런 식으로 나오면,25,[i.ɾʌn.sik̚.ɯ.ɾo.na.o.mjʌn],[i.ɾʌn.sik̚.ɯ.ɾo.na.o.mjʌn]
했는지 몰라요,25,[hɛt̚.nɯn.tʃi.mol.ɾa.jo],[hɛt̚.nɯn.tʃi.mol.ɾa.jo]
그래서 무슨 일이야,25,[kɯ.ɾɛ.sʌ.mu.sɯn.il.i.ja],[gɯ.ɾɛ.sʌ.mu.sɯn.il.i.ja]
진전이 있는,25,[tʃin.tʃʌn.i.it̚.nɯn],[dʒin.tʃʌn.i.it̚.nɯn]
못 보겠지,25,[mot̚.po.ket̚.tʃi],[mot̚.bo.get̚.tʃi]
알아봐 달라고,25,[al.a.pwa.tal.ɾa.ko],[al.a.bwa.dal.ɾa.go]
거죠 그렇다면,25,[kʌ.tʃjo.kɯ.ɾʌt̚.ta.mjʌn],[gʌ.dʒjo.gɯ.ɾʌt̚.ta.mjʌn]
그리고 혼자,25,[kɯ.ɾi.ko.hon.tʃa],[gɯ.ɾi.go.hon.tʃa]
말도 걸지,25,[mal.to.kʌl.tʃi],[mal.to.gʌl.tʃi]
있다는 것에,25,[it̚.ta.nɯŋ.kʌt̚.e],[it̚.ta.nɯn.gʌt̚.e]
여자는 누구지,25,[jʌ.tʃa.nɯn.nu.ku.tʃi],[jʌ.dʒa.nɯn.nu.gu.dʒi]
내 말 잘들어,25,[nɛ.mal.tʃal.tɯl.ʌ],[nɛ.mal.dʒal.tɯl.ʌ]
그 자리에 서,25,[kɯ.tʃa.ɾi.e.sʌ],[gɯ.dʒa.ɾi.e.sʌ]
한 배에,25,[ham.pɛ.e],[han.bɛ.e]
나이 먹고,25,[na.i.mʌk̚.ko],[na.i.mʌk̚.ko]
줄 알았는데 그래,25,[tʃul.al.at̚.nɯn.te.kɯ.ɾɛ],[dʒul.al.at̚.nɯn.te.gɯ.ɾɛ]
것과 다른,25,[kʌt̚.kwa.ta.ɾɯn],[gʌt̚.kwa.da.ɾɯn]
물건 안,25,[mul.kʌn.an],[mul.kʌn.an]
관련 자료를,25,[kwal.ljʌn.tʃa.ɾjo.ɾɯl],[gwal.ljʌn.dʒa.ɾjo.ɾɯl]
왜 물으시죠,25,[wɛ.mul.ɯ.si.tʃjo],[wɛ.mul.ɯ.si.dʒjo]
집을 팔고,25,[tʃip̚.ɯl.pʰal.ko],[dʒip̚.ɯl.pʰal.ko]
하죠 그냥,25,[ha.tʃjo.kɯ.njaŋ],[ha.dʒjo.gɯ.njaŋ]
왜 부른 거야,25,[wɛ.pu.ɾɯŋ.kʌ.ja],[wɛ.bu.ɾɯn.gʌ.ja]
왜 불렀죠,25,[wɛ.pul.ɾʌt̚.tʃjo],[wɛ.bul.ɾʌt̚.tʃjo]
그건 당연한,25,[kɯ.kʌn.taŋ.jʌn.han],[gɯ.gʌn.daŋ.jʌn.han]
이런 일은 일어나지,25,[i.ɾʌn.il.ɯn.il.ʌ.na.tʃi],[i.ɾʌn.il.ɯn.il.ʌ.na.dʒi]
한번 알아볼게요,25,[ham.pʌn.al.a.pol.ke.jo],[ham.pʌn.al.a.bol.ke.jo]
다들 잘했어,25,[ta.tɯl.tʃal.hɛt̚.ʌ],[da.dɯl.dʒal.hɛt̚.ʌ]
광고에 나오는,25,[kwaŋ.ko.e.na.o.nɯn],[gwaŋ.go.e.na.o.nɯn]
해요 그렇죠,25,[hɛ.jo.kɯ.ɾʌt̚.tʃjo],[hɛ.jo.gɯ.ɾʌt̚.tʃjo]
여자는 처음,25,[jʌ.tʃa.nɯn.tʃʰʌ.ɯm],[jʌ.dʒa.nɯn.tʃʰʌ.ɯm]
나 하나만,25,[na.ha.na.man],[na.ha.na.man]
진짜 가족,25,[tʃin.tʃ͈a.ka.tʃok̚],[dʒin.tʃ͈a.ga.dʒok̚]
능력이 있죠,25,[nɯŋ.ɾjʌk̚.i.it̚.tʃjo],[nɯŋ.ɾjʌk̚.i.it̚.tʃjo]
다 더,25,[ta.tʌ],[da.dʌ]
감사합니다 이거,25,[kam.sa.hap̚.ni.ta.i.kʌ],[gam.sa.hap̚.ni.da.i.gʌ]
곳은 한,25,[kot̚.ɯn.han],[got̚.ɯn.han]
너무 좋아해요,25,[nʌ.mu.tʃot̚.a.hɛ.jo],[nʌ.mu.dʒot̚.a.hɛ.jo]
안 끝났다,25,[aŋ.k͈ɯt̚.nat̚.ta],[aŋ.k͈ɯt̚.nat̚.ta]
여자들 다,25,[jʌ.tʃa.tɯl.ta],[jʌ.dʒa.dɯl.da]
바로 그거야 그래서,25,[pa.ɾo.kɯ.kʌ.ja.kɯ.ɾɛ.sʌ],[ba.ɾo.gɯ.gʌ.ja.gɯ.ɾɛ.sʌ]
이런 일이 일어난,25,[i.ɾʌn.il.i.il.ʌ.nan],[i.ɾʌn.il.i.il.ʌ.nan]
어떻게 되는지 알아요,25,[ʌ.t͈ʌt̚.ke.twe.nɯn.tʃi.al.a.jo],[ʌ.t͈ʌt̚.ke.dwe.nɯn.tʃi.al.a.jo]
힘들게 했어,25,[hin.tɯl.ke.hɛt̚.ʌ],[hin.tɯl.ke.hɛt̚.ʌ]
올 생각을,25,[ol.sɛŋ.kak̚.ɯl],[ol.sɛŋ.gak̚.ɯl]
어떻게 된 거,25,[ʌ.t͈ʌt̚.ke.tweŋ.kʌ],[ʌ.t͈ʌt̚.ke.dwen.gʌ]
확실히 알아,25,[hwak̚.sil.hi.al.a],[hwak̚.sil.hi.al.a]
얼굴 하지,25,[ʌl.kul.ha.tʃi],[ʌl.kul.ha.dʒi]
내가 기억할,25,[nɛ.ka.ki.ʌk̚.hal],[nɛ.ga.gi.ʌk̚.hal]
좋은 사람이라,25,[tʃot̚.ɯn.sa.ɾam.i.ɾa],[dʒot̚.ɯn.sa.ɾam.i.ɾa]
가서 숨어,25,[ka.sʌ.sum.ʌ],[ga.sʌ.sum.ʌ]
왜 온 건데,25,[wɛ.oŋ.kʌn.te],[wɛ.on.gʌn.te]
어떻게 된 걸까요,25,[ʌ.t͈ʌt̚.ke.tweŋ.kʌl.k͈a.jo],[ʌ.t͈ʌt̚.ke.dwen.gʌl.k͈a.jo]
또 한 번의,25,[t͈o.ham.pʌn.ɯi],[t͈o.han.bʌn.ɯi]
보네 그래,25,[po.ne.kɯ.ɾɛ],[bo.ne.gɯ.ɾɛ]
think they,25,,
배에 있는,25,[pɛ.e.it̚.nɯn],[bɛ.e.it̚.nɯn]
믿은 게,25,[mit̚.ɯŋ.ke],[mit̚.ɯn.ge]
그들의 이야기를,25,[kɯ.tɯl.ɯi.i.ja.ki.ɾɯl],[gɯ.dɯl.ɯi.i.ja.gi.ɾɯl]
된 것 같아서,25,[tweŋ.kʌt̚.kat̚.a.sʌ],[dwen.gʌt̚.gat̚.a.sʌ]
대해서 한번 말해,25,[tɛ.hɛ.sʌ.ham.pʌn.mal.hɛ],[dɛ.hɛ.sʌ.ham.pʌn.mal.hɛ]
현 위치,25,[hjʌn.wi.tʃʰi],[hjʌn.wi.tʃʰi]
두 조각,25,[tu.tʃo.kak̚],[du.dʒo.gak̚]
하려는 일을,25,[ha.ɾjʌ.nɯn.il.ɯl],[ha.ɾjʌ.nɯn.il.ɯl]
할 일이니까,25,[hal.il.i.ni.k͈a],[hal.il.i.ni.k͈a]
그건 모르겠어요,25,[kɯ.kʌn.mo.ɾɯ.ket̚.ʌ.jo],[gɯ.gʌn.mo.ɾɯ.get̚.ʌ.jo]
위해 온 거야,25,[wi.hɛ.oŋ.kʌ.ja],[wi.hɛ.on.gʌ.ja]
걸 느껴,25,[kʌl.lɯ.k͈jʌ],[gʌl.lɯ.k͈jʌ]
I even,25,,
신나지 않아,25,[sin.na.tʃi.an.a],[sin.na.dʒi.an.a]
게이인 줄,25,[ke.i.in.tʃul],[ge.i.in.dʒul]
있네 정말,25,[it̚.ne.tʃʌŋ.mal],[it̚.ne.dʒʌŋ.mal]
줄 알았는데 다시,25,[tʃul.al.at̚.nɯn.te.ta.si],[dʒul.al.at̚.nɯn.te.da.si]
왜 있어요,25,[wɛ.it̚.ʌ.jo],[wɛ.it̚.ʌ.jo]
것도 모르는,25,[kʌt̚.to.mo.ɾɯ.nɯn],[gʌt̚.to.mo.ɾɯ.nɯn]
내가 오빠를,25,[nɛ.ka.o.p͈a.ɾɯl],[nɛ.ga.o.p͈a.ɾɯl]
마음에 들지 않는다,25,[ma.ɯm.e.tɯl.tʃi.an.nɯn.ta],[ma.ɯm.e.dɯl.tʃi.an.nɯn.ta]
시도하고 있다,25,[si.to.ha.ko.it̚.ta],[si.do.ha.go.it̚.ta]
시도하고 있어,25,[si.to.ha.ko.it̚.ʌ],[si.do.ha.go.it̚.ʌ]
아들에 대해서,25,[a.tɯl.e.tɛ.hɛ.sʌ],[a.dɯl.e.dɛ.hɛ.sʌ]
및 다른,25,[mit̚.ta.ɾɯn],[mit̚.da.ɾɯn]
말이 아닌,25,[mal.i.a.nin],[mal.i.a.nin]
작업 좀,25,[tʃak̚.ʌp̚.tʃom],[dʒak̚.ʌp̚.dʒom]
왜 전화 안 받아,25,[wɛ.tʃʌn.hwa.am.pat̚.a],[wɛ.dʒʌn.hwa.an.bat̚.a]
정신과 의사에게,25,[tʃʌŋ.siŋ.kwa.ɯi.sa.e.ke],[dʒʌŋ.siŋ.kwa.ɯi.sa.e.ge]
피할 수가,25,[pʰi.hal.su.ka],[pʰi.hal.su.ga]
아무튼 전,25,[a.mu.tʰɯn.tʃʌn],[a.mu.tʰɯn.dʒʌn]
그쪽으로 갈게요,25,[kɯ.tʃ͈ok̚.ɯ.ɾo.kal.ke.jo],[gɯ.tʃ͈ok̚.ɯ.ɾo.gal.ke.jo]
자네 부인이,25,[tʃa.ne.pu.in.i],[dʒa.ne.bu.in.i]
주 금요일,25,[tʃu.kɯm.jo.il],[dʒu.gɯm.jo.il]
느끼고 있다,25,[nɯ.k͈i.ko.it̚.ta],[nɯ.k͈i.go.it̚.ta]
병에 걸리면,25,[pjʌŋ.e.kʌl.ɾi.mjʌn],[bjʌŋ.e.gʌl.ɾi.mjʌn]
못 해요 할,25,[mot̚.hɛ.jo.hal],[mot̚.hɛ.jo.hal]
올 수 있을,25,[ol.su.it̚.ɯl],[ol.su.it̚.ɯl]
왔어요 그래요,25,[wat̚.ʌ.jo.kɯ.ɾɛ.jo],[wat̚.ʌ.jo.gɯ.ɾɛ.jo]
관한 걸,25,[kwan.haŋ.kʌl],[gwan.han.gʌl]
최소한 내가,25,[tʃʰwe.so.han.nɛ.ka],[tʃʰwe.so.han.nɛ.ga]
알아요 다,25,[al.a.jo.ta],[al.a.jo.da]
난 그 일을,25,[naŋ.kɯ.il.ɯl],[nan.gɯ.il.ɯl]
쓸 땐,25,[s͈ɯl.t͈ɛn],[s͈ɯl.t͈ɛn]
이럴 생각은,25,[i.ɾʌl.sɛŋ.kak̚.ɯn],[i.ɾʌl.sɛŋ.gak̚.ɯn]
날 따라오고,25,[nal.t͈a.ɾa.o.ko],[nal.t͈a.ɾa.o.go]
가 될,25,[ka.twel],[ga.dwel]
잘 듣거라,25,[tʃal.tɯt̚.kʌ.ɾa],[dʒal.dɯt̚.kʌ.ɾa]
저기 제가,25,[tʃʌ.ki.tʃe.ka],[dʒʌ.gi.dʒe.ga]
이렇게 하도록,25,[i.ɾʌt̚.ke.ha.to.ɾok̚],[i.ɾʌt̚.ke.ha.do.ɾok̚]
어떻게 생각하는,25,[ʌ.t͈ʌt̚.ke.sɛŋ.kak̚.ha.nɯn],[ʌ.t͈ʌt̚.ke.sɛŋ.gak̚.ha.nɯn]
여자를 만나,25,[jʌ.tʃa.ɾɯl.man.na],[jʌ.dʒa.ɾɯl.man.na]
행동을 보면,25,[hɛŋ.toŋ.ɯl.po.mjʌn],[hɛŋ.doŋ.ɯl.bo.mjʌn]
생활을 할,25,[sɛŋ.hwal.ɯl.hal],[sɛŋ.hwal.ɯl.hal]
훈련 받은,25,[hul.ljʌm.pat̚.ɯn],[hul.ljʌn.bat̚.ɯn]
한번 믿어,25,[ham.pʌn.mit̚.ʌ],[ham.pʌn.mit̚.ʌ]
기억을 지운,25,[ki.ʌk̚.ɯl.tʃi.un],[gi.ʌk̚.ɯl.dʒi.un]
여자를 만났는데,25,[jʌ.tʃa.ɾɯl.man.nat̚.nɯn.te],[jʌ.dʒa.ɾɯl.man.nat̚.nɯn.te]
건지 아세요,25,[kʌn.tʃi.a.se.jo],[gʌn.tʃi.a.se.jo]
내 불알,25,[nɛ.pul.al],[nɛ.bul.al]
왜냐하면 모든,25,[wɛ.nja.ha.mjʌn.mo.tɯn],[wɛ.nja.ha.mjʌn.mo.dɯn]
좋은 이유로,25,[tʃot̚.ɯn.i.ju.ɾo],[dʒot̚.ɯn.i.ju.ɾo]
why did,25,,
마음이 잘,25,[ma.ɯm.i.tʃal],[ma.ɯm.i.dʒal]
못 이기는,25,[mot̚.i.ki.nɯn],[mot̚.i.gi.nɯn]
좋은 일 하는,25,[tʃot̚.ɯn.il.ha.nɯn],[dʒot̚.ɯn.il.ha.nɯn]
지금의 날,25,[tʃi.kɯm.ɯi.nal],[dʒi.gɯm.ɯi.nal]
외 다른,25,[we.ta.ɾɯn],[we.da.ɾɯn]
행운을 빌겠소,25,[hɛŋ.un.ɯl.pil.ket̚.so],[hɛŋ.un.ɯl.bil.ket̚.so]
망할 놈을,25,[maŋ.hal.lom.ɯl],[maŋ.hal.lom.ɯl]
지루하지 않아,25,[tʃi.ɾu.ha.tʃi.an.a],[dʒi.ɾu.ha.dʒi.an.a]
여자를 위한,25,[jʌ.tʃa.ɾɯl.wi.han],[jʌ.dʒa.ɾɯl.wi.han]
나타날 때,25,[na.tʰa.nal.t͈ɛ],[na.tʰa.nal.t͈ɛ]
수 있느냐는,25,[su.it̚.nɯ.nja.nɯn],[su.it̚.nɯ.nja.nɯn]
계신 겁니까,25,[kje.siŋ.kʌp̚.ni.k͈a],[gje.sin.gʌp̚.ni.k͈a]
이상하다고 생각하지,25,[i.saŋ.ha.ta.ko.sɛŋ.kak̚.ha.tʃi],[i.saŋ.ha.da.go.sɛŋ.gak̚.ha.dʒi]
그랜드 센트럴 역,25,[kɯ.ɾɛn.tɯ.sen.tʰɯ.ɾʌl.jʌk̚],[gɯ.ɾɛn.tɯ.sen.tʰɯ.ɾʌl.jʌk̚]
못 잊을 거예요,25,[mot̚.it̚.ɯl.kʌ.je.jo],[mot̚.it̚.ɯl.gʌ.je.jo]
나 열,25,[na.jʌl],[na.jʌl]
중이라는 걸,25,[tʃuŋ.i.ɾa.nɯŋ.kʌl],[dʒuŋ.i.ɾa.nɯn.gʌl]
생존자들의 요청으로,25,[sɛŋ.tʃon.tʃa.tɯl.ɯi.jo.tʃʰʌŋ.ɯ.ɾo],[sɛŋ.dʒon.tʃa.dɯl.ɯi.jo.tʃʰʌŋ.ɯ.ɾo]
그녀는 나와 함께,25,[kɯ.njʌ.nɯn.na.wa.ham.k͈e],[gɯ.njʌ.nɯn.na.wa.ham.k͈e]
너무 짜증,25,[nʌ.mu.tʃ͈a.tʃɯŋ],[nʌ.mu.tʃ͈a.dʒɯŋ]
모르고 말이야,25,[mo.ɾɯ.ko.mal.i.ja],[mo.ɾɯ.go.mal.i.ja]
방금 연락이,25,[paŋ.kɯm.jʌl.lak̚.i],[baŋ.gɯm.jʌl.lak̚.i]
살 때 아버지가,25,[sal.t͈ɛ.a.pʌ.tʃi.ka],[sal.t͈ɛ.a.bʌ.dʒi.ga]
내 와이프,25,[nɛ.wa.i.pʰɯ],[nɛ.wa.i.pʰɯ]
시작된 거죠,25,[si.tʃak̚.tweŋ.kʌ.tʃjo],[si.dʒak̚.twen.gʌ.dʒjo]
필요하다고 했어,25,[pʰil.jo.ha.ta.ko.hɛt̚.ʌ],[pʰil.jo.ha.da.go.hɛt̚.ʌ]
잘못 말한,25,[tʃal.mot̚.mal.han],[dʒal.mot̚.mal.han]
것 맞죠,25,[kʌt̚.mat̚.tʃjo],[gʌt̚.mat̚.tʃjo]
시작에 불과해요,25,[si.tʃak̚.e.pul.kwa.hɛ.jo],[si.dʒak̚.e.bul.kwa.hɛ.jo]
외계 기술,25,[we.kje.ki.sul],[we.gje.gi.sul]
몇 초면,25,[mjʌt̚.tʃʰo.mjʌn],[mjʌt̚.tʃʰo.mjʌn]
축구 선수,25,[tʃʰuk̚.ku.sʌn.su],[tʃʰuk̚.ku.sʌn.su]
Can you do,25,,
꿈이라고 말해,25,[k͈um.i.ɾa.ko.mal.hɛ],[k͈um.i.ɾa.go.mal.hɛ]
당신을 가장,25,[taŋ.sin.ɯl.ka.tʃaŋ],[daŋ.sin.ɯl.ga.dʒaŋ]
got a lot,25,,
I wake up,25,,
조던 박사,25,[tʃo.tʌm.pak̚.sa],[dʒo.dʌn.bak̚.sa]
그러려고 했지,25,[kɯ.ɾʌ.ɾjʌ.ko.hɛt̚.tʃi],[gɯ.ɾʌ.ɾjʌ.go.hɛt̚.tʃi]
나랑 잔,25,[na.ɾaŋ.tʃan],[na.ɾaŋ.dʒan]
시간 다 됐습니다,25,[si.kan.ta.twɛt̚.sɯp̚.ni.ta],[si.gan.da.dwɛt̚.sɯp̚.ni.da]
놓쳐선 안 돼,25,[not̚.tʃʰjʌ.sʌn.an.twɛ],[not̚.tʃʰjʌ.sʌn.an.dwɛ]
샴페인 좀,25,[sjam.pʰe.in.tʃom],[sjam.pʰe.in.dʒom]
가 버렸어요,25,[ka.pʌ.ɾjʌt̚.ʌ.jo],[ga.bʌ.ɾjʌt̚.ʌ.jo]
분 남았는데,25,[pun.nam.at̚.nɯn.te],[bun.nam.at̚.nɯn.te]
똑같이 생겼어요,25,[t͈ok̚.kat̚.i.sɛŋ.kjʌt̚.ʌ.jo],[t͈ok̚.kat̚.i.sɛŋ.gjʌt̚.ʌ.jo]
전 까지는,25,[tʃʌŋ.k͈a.tʃi.nɯn],[dʒʌŋ.k͈a.dʒi.nɯn]
여자야 난,25,[jʌ.tʃa.ja.nan],[jʌ.dʒa.ja.nan]
알았는데 다시,25,[al.at̚.nɯn.te.ta.si],[al.at̚.nɯn.te.da.si]
가 버린,25,[ka.pʌ.ɾin],[ga.bʌ.ɾin]
살 빼는,25,[sal.p͈ɛ.nɯn],[sal.p͈ɛ.nɯn]
당신을 데려갈,25,[taŋ.sin.ɯl.te.ɾjʌ.kal],[daŋ.sin.ɯl.de.ɾjʌ.gal]
갈게요 잠깐,25,[kal.ke.jo.tʃam.k͈an],[gal.ke.jo.dʒam.k͈an]
안 나죠,25,[an.na.tʃjo],[an.na.dʒjo]
좋을 대로 해요,25,[tʃot̚.ɯl.tɛ.ɾo.hɛ.jo],[dʒot̚.ɯl.dɛ.ɾo.hɛ.jo]
같은 느낌을,25,[kat̚.ɯn.nɯ.k͈im.ɯl],[gat̚.ɯn.nɯ.k͈im.ɯl]
뭘 노리는,25,[mwʌl.lo.ɾi.nɯn],[mwʌl.lo.ɾi.nɯn]
거 보셨어요,25,[kʌ.po.sjʌt̚.ʌ.jo],[gʌ.bo.sjʌt̚.ʌ.jo]
거 뭐야,25,[kʌ.mwʌ.ja],[gʌ.mwʌ.ja]
드시는 게,25,[tɯ.si.nɯŋ.ke],[dɯ.si.nɯn.ge]
믿어 우리,25,[mit̚.ʌ.u.ɾi],[mit̚.ʌ.u.ɾi]
시절 子どもの頃,25,[si.tʃʌl],[si.dʒʌl]
이렇게 말,25,[i.ɾʌt̚.ke.mal],[i.ɾʌt̚.ke.mal]
이유 말이야,25,[i.ju.mal.i.ja],[i.ju.mal.i.ja]
없다는 것만,25,[ʌp̚.ta.nɯŋ.kʌt̚.man],[ʌp̚.ta.nɯn.gʌt̚.man]
절반도 안,25,[tʃʌl.pan.to.an],[dʒʌl.pan.to.an]
필요 없는데요,25,[pʰil.jo.ʌp̚.nɯn.te.jo],[pʰil.jo.ʌp̚.nɯn.te.jo]
방법만 찾으면,25,[pam.pʌp̚.man.tʃʰat̚.ɯ.mjʌn],[baŋ.bʌp̚.man.tʃʰat̚.ɯ.mjʌn]
얼굴에 쓰여,25,[ʌl.kul.e.s͈ɯ.jʌ],[ʌl.kul.e.s͈ɯ.jʌ]
제가 하려던,25,[tʃe.ka.ha.ɾjʌ.tʌn],[dʒe.ga.ha.ɾjʌ.dʌn]
바로 그의,25,[pa.ɾo.kɯ.ɯi],[ba.ɾo.gɯ.ɯi]
도를 넘었어,25,[to.ɾɯl.lʌm.ʌt̚.ʌ],[do.ɾɯl.lʌm.ʌt̚.ʌ]
거야 제시,25,[kʌ.ja.tʃe.si],[gʌ.ja.dʒe.si]
무슨 말인지 알겠다,25,[mu.sɯn.mal.in.tʃi.al.ket̚.ta],[mu.sɯn.mal.in.tʃi.al.ket̚.ta]
필요 있나,25,[pʰil.jo.it̚.na],[pʰil.jo.it̚.na]
보면 어떨까요,25,[po.mjʌn.ʌ.t͈ʌl.k͈a.jo],[bo.mjʌn.ʌ.t͈ʌl.k͈a.jo]
대해 알고 있었어,25,[tɛ.hɛ.al.ko.it̚.ʌt̚.ʌ],[dɛ.hɛ.al.ko.it̚.ʌt̚.ʌ]
다 됐구나,25,[ta.twɛt̚.ku.na],[da.dwɛt̚.ku.na]
할 일이 많아서요,25,[hal.il.i.man.a.sʌ.jo],[hal.il.i.man.a.sʌ.jo]
충격이 너무,25,[tʃʰuŋ.kjʌk̚.i.nʌ.mu],[tʃʰuŋ.gjʌk̚.i.nʌ.mu]
맞아 다들,25,[mat̚.a.ta.tɯl],[mat̚.a.da.dɯl]
날 필요로 하는,25,[nal.pʰil.jo.ɾo.ha.nɯn],[nal.pʰil.jo.ɾo.ha.nɯn]
재미 보고,25,[tʃɛ.mi.po.ko],[dʒɛ.mi.bo.go]
있어 뭐든,25,[it̚.ʌ.mwʌ.tɯn],[it̚.ʌ.mwʌ.dɯn]
여자친구와 함께,25,[jʌ.tʃa.tʃʰiŋ.ku.wa.ham.k͈e],[jʌ.dʒa.tʃʰiŋ.ku.wa.ham.k͈e]
두 개의 다른,25,[tu.kɛ.ɯi.ta.ɾɯn],[du.gɛ.ɯi.da.ɾɯn]
모일 거야,25,[mo.il.kʌ.ja],[mo.il.gʌ.ja]
극도로 위험한,25,[kɯk̚.to.ɾo.wi.hʌm.han],[gɯk̚.to.ɾo.wi.hʌm.han]
너희가 그,25,[nʌ.hɯi.ka.kɯ],[nʌ.hɯi.ga.gɯ]
이름을 알지,25,[i.ɾɯm.ɯl.al.tʃi],[i.ɾɯm.ɯl.al.tʃi]
우리 조상들은,25,[u.ɾi.tʃo.saŋ.tɯl.ɯn],[u.ɾi.dʒo.saŋ.dɯl.ɯn]
우리 가는,25,[u.ɾi.ka.nɯn],[u.ɾi.ga.nɯn]
가장 자주,25,[ka.tʃaŋ.tʃa.tʃu],[ga.dʒaŋ.dʒa.dʒu]
이건 말도 안돼요,25,[i.kʌn.mal.to.an.twɛ.jo],[i.gʌn.mal.to.an.twɛ.jo]
거야 메리,25,[kʌ.ja.me.ɾi],[gʌ.ja.me.ɾi]
그가 가장 좋아하는,25,[kɯ.ka.ka.tʃaŋ.tʃot̚.a.ha.nɯn],[gɯ.ga.ga.dʒaŋ.dʒot̚.a.ha.nɯn]
낯이 익어요,25,[nat̚.i.ik̚.ʌ.jo],[nat̚.i.ik̚.ʌ.jo]
우리 갈게,25,[u.ɾi.kal.ke],[u.ɾi.gal.ke]
안에 있을지도,25,[an.e.it̚.ɯl.tʃi.to],[an.e.it̚.ɯl.tʃi.do]
가야 되니까,25,[ka.ja.twe.ni.k͈a],[ga.ja.dwe.ni.k͈a]
금방 올라갈게,25,[kɯm.paŋ.ol.ɾa.kal.ke],[gɯm.paŋ.ol.ɾa.gal.ke]
죄를 짓고,25,[tʃwe.ɾɯl.tʃit̚.ko],[dʒwe.ɾɯl.dʒit̚.ko]
우리 제품을,25,[u.ɾi.tʃe.pʰum.ɯl],[u.ɾi.dʒe.pʰum.ɯl]
대중 앞에서,25,[tɛ.tʃuŋ.ap̚.e.sʌ],[dɛ.dʒuŋ.ap̚.e.sʌ]
무슨 일이 있었,25,[mu.sɯn.il.i.it̚.ʌt̚],[mu.sɯn.il.i.it̚.ʌt̚]
냄새 진짜,25,[nɛm.sɛ.tʃin.tʃ͈a],[nɛm.sɛ.dʒin.tʃ͈a]
주는 거라고,25,[tʃu.nɯŋ.kʌ.ɾa.ko],[dʒu.nɯn.gʌ.ɾa.go]
백 선생,25,[pɛk̚.sʌn.sɛŋ],[bɛk̚.sʌn.sɛŋ]
우리 결혼할,25,[u.ɾi.kjʌl.hon.hal],[u.ɾi.gjʌl.hon.hal]
뭔가 필요해,25,[mwʌŋ.ka.pʰil.jo.hɛ],[mwʌŋ.ka.pʰil.jo.hɛ]
것만 같았어,25,[kʌt̚.maŋ.kat̚.at̚.ʌ],[gʌt̚.man.gat̚.at̚.ʌ]
일들에 대해서,25,[il.tɯl.e.tɛ.hɛ.sʌ],[il.tɯl.e.dɛ.hɛ.sʌ]
더 필요한 것,25,[tʌ.pʰil.jo.haŋ.kʌt̚],[dʌ.pʰil.jo.han.gʌt̚]
못 하는 거예요,25,[mot̚.ha.nɯŋ.kʌ.je.jo],[mot̚.ha.nɯn.gʌ.je.jo]
우리 군이,25,[u.ɾi.kun.i],[u.ɾi.gun.i]
그 주변에,25,[kɯ.tʃu.pjʌn.e],[gɯ.dʒu.bjʌn.e]
대한 몇,25,[tɛ.han.mjʌt̚],[dɛ.han.mjʌt̚]
뭘 하는거야,25,[mwʌl.ha.nɯŋ.kʌ.ja],[mwʌl.ha.nɯŋ.kʌ.ja]
돈 내야,25,[ton.nɛ.ja],[don.nɛ.ja]
신고도 안,25,[siŋ.ko.to.an],[siŋ.ko.do.an]
우리 나라가,25,[u.ɾi.na.ɾa.ka],[u.ɾi.na.ɾa.ga]
남자에 관한,25,[nan.tʃa.e.kwan.han],[nan.tʃa.e.gwan.han]
장소를 찾을,25,[tʃaŋ.so.ɾɯl.tʃʰat̚.ɯl],[dʒaŋ.so.ɾɯl.tʃʰat̚.ɯl]
될 수도 있겠지,25,[twel.su.to.it̚.ket̚.tʃi],[dwel.su.do.it̚.ket̚.tʃi]
똑바로 보면서,25,[t͈ok̚.pa.ɾo.po.mjʌn.sʌ],[t͈ok̚.pa.ɾo.bo.mjʌn.sʌ]
누가 그런 짓을 해,25,[nu.ka.kɯ.ɾʌn.tʃit̚.ɯl.hɛ],[nu.ga.gɯ.ɾʌn.dʒit̚.ɯl.hɛ]
내 말 무슨 뜻인지,25,[nɛ.mal.mu.sɯn.t͈ɯt̚.in.tʃi],[nɛ.mal.mu.sɯn.t͈ɯt̚.in.tʃi]
좀 알려 줘,25,[tʃom.al.ɾjʌ.tʃwʌ],[dʒom.al.ɾjʌ.dʒwʌ]
누가 나쁜,25,[nu.ka.na.p͈ɯn],[nu.ga.na.p͈ɯn]
한 거겠지,25,[haŋ.kʌ.ket̚.tʃi],[han.gʌ.get̚.tʃi]
아니니까 그냥,25,[a.ni.ni.k͈a.kɯ.njaŋ],[a.ni.ni.k͈a.gɯ.njaŋ]
우리 마을은,25,[u.ɾi.ma.ɯl.ɯn],[u.ɾi.ma.ɯl.ɯn]
아니면 그를,25,[a.ni.mjʌŋ.kɯ.ɾɯl],[a.ni.mjʌn.gɯ.ɾɯl]
우리 말은,25,[u.ɾi.mal.ɯn],[u.ɾi.mal.ɯn]
존 자네가,25,[tʃon.tʃa.ne.ka],[dʒon.dʒa.ne.ga]
못 한단,25,[mot̚.han.tan],[mot̚.han.tan]
죄송해요 잠깐,25,[tʃwe.soŋ.hɛ.jo.tʃam.k͈an],[dʒwe.soŋ.hɛ.jo.dʒam.k͈an]
할지 정확히,25,[hal.tʃi.tʃʌŋ.hwak̚.hi],[hal.tʃi.dʒʌŋ.hwak̚.hi]
죽은 건가요,25,[tʃuk̚.ɯŋ.kʌŋ.ka.jo],[dʒuk̚.ɯn.gʌŋ.ka.jo]
같이 내,25,[kat̚.i.nɛ],[gat̚.i.nɛ]
그렇다고 생각해요,25,[kɯ.ɾʌt̚.ta.ko.sɛŋ.kak̚.hɛ.jo],[gɯ.ɾʌt̚.ta.go.sɛŋ.gak̚.hɛ.jo]
가지 선택권이,25,[ka.tʃi.sʌn.tʰɛk̚.kwʌn.i],[ga.dʒi.sʌn.tʰɛk̚.kwʌn.i]
훨씬 많아,25,[hwʌl.s͈in.man.a],[hwʌl.s͈in.man.a]
누가 데리러,25,[nu.ka.te.ɾi.ɾʌ],[nu.ga.de.ɾi.ɾʌ]
날 비웃어도 떨쳐,25,[nal.pi.ut̚.ʌ.to.t͈ʌl.tʃʰjʌ],[nal.bi.ut̚.ʌ.do.t͈ʌl.tʃʰjʌ]
것처럼 보였어,25,[kʌt̚.tʃʰʌ.ɾʌm.po.jʌt̚.ʌ],[gʌt̚.tʃʰʌ.ɾʌm.bo.jʌt̚.ʌ]
중이야 왜,25,[tʃuŋ.i.ja.wɛ],[dʒuŋ.i.ja.wɛ]
좋은 일이네,25,[tʃot̚.ɯn.il.i.ne],[dʒot̚.ɯn.il.i.ne]
멕시코에 있는,25,[mek̚.si.kʰo.e.it̚.nɯn],[mek̚.si.kʰo.e.it̚.nɯn]
탓하는 거야,25,[tʰat̚.ha.nɯŋ.kʌ.ja],[tʰat̚.ha.nɯn.gʌ.ja]
됩니다 난,25,[twep̚.ni.ta.nan],[dwep̚.ni.da.nan]
안 살 거야,25,[an.sal.kʌ.ja],[an.sal.gʌ.ja]
Date on October,25,,
여지가 없는 것,25,[jʌ.tʃi.ka.ʌp̚.nɯŋ.kʌt̚],[jʌ.dʒi.ga.ʌp̚.nɯn.gʌt̚]
있다면 날,25,[it̚.ta.mjʌn.nal],[it̚.ta.mjʌn.nal]
지내야 할,25,[tʃi.nɛ.ja.hal],[dʒi.nɛ.ja.hal]
우리 사람들,25,[u.ɾi.sa.ɾan.tɯl],[u.ɾi.sa.ɾan.tɯl]
저들은 우리가,25,[tʃʌ.tɯl.ɯn.u.ɾi.ka],[dʒʌ.dɯl.ɯn.u.ɾi.ga]
학교 가기 전에,25,[hak̚.kjo.ka.ki.tʃʌn.e],[hak̚.kjo.ga.gi.dʒʌn.e]
우리 사무실에,25,[u.ɾi.sa.mu.sil.e],[u.ɾi.sa.mu.sil.e]
거야 훨씬 더,25,[kʌ.ja.hwʌl.s͈in.tʌ],[gʌ.ja.hwʌl.s͈in.dʌ]
믿어지지 않는,25,[mit̚.ʌ.tʃi.tʃi.an.nɯn],[mit̚.ʌ.dʒi.dʒi.an.nɯn]
이렇게 하라고,25,[i.ɾʌt̚.ke.ha.ɾa.ko],[i.ɾʌt̚.ke.ha.ɾa.go]
테일러 스위프트가,25,[tʰe.il.ɾʌ.sɯ.wi.pʰɯ.tʰɯ.ka],[tʰe.il.ɾʌ.sɯ.wi.pʰɯ.tʰɯ.ga]
this is my,25,,
일이 있었,25,[il.i.it̚.ʌt̚],[il.i.it̚.ʌt̚]
하는 어떤,25,[ha.nɯn.ʌ.t͈ʌn],[ha.nɯn.ʌ.t͈ʌn]
do have,25,,
거야 한 가지,25,[kʌ.ja.haŋ.ka.tʃi],[gʌ.ja.han.ga.dʒi]
신에 대해,25,[sin.e.tɛ.hɛ],[sin.e.dɛ.hɛ]
말이야 마치,25,[mal.i.ja.ma.tʃʰi],[mal.i.ja.ma.tʃʰi]
주 일요일에,25,[tʃu.il.jo.il.e],[dʒu.il.jo.il.e]
어린 시절 子どもの頃 어린,25,[ʌ.ɾin.si.tʃʌl.ʌ.ɾin],[ʌ.ɾin.si.dʒʌl.ʌ.ɾin]
정말 잘 됐네요,25,[tʃʌŋ.mal.tʃal.twɛt̚.ne.jo],[dʒʌŋ.mal.dʒal.dwɛt̚.ne.jo]
알았어 좀,25,[al.at̚.ʌ.tʃom],[al.at̚.ʌ.dʒom]
여지를 주지,25,[jʌ.tʃi.ɾɯl.tʃu.tʃi],[jʌ.dʒi.ɾɯl.dʒu.dʒi]
내가 찾고 있는,25,[nɛ.ka.tʃʰat̚.ko.it̚.nɯn],[nɛ.ga.tʃʰat̚.ko.it̚.nɯn]
두 나라,25,[tu.na.ɾa],[du.na.ɾa]
정말 잘된,25,[tʃʌŋ.mal.tʃal.twen],[dʒʌŋ.mal.dʒal.twen]
하던 대로 해,25,[ha.tʌn.tɛ.ɾo.hɛ],[ha.dʌn.dɛ.ɾo.hɛ]
우리 아빠에,25,[u.ɾi.a.p͈a.e],[u.ɾi.a.p͈a.e]
이번 생은,25,[i.pʌn.sɛŋ.ɯn],[i.bʌn.sɛŋ.ɯn]
where to,25,,
자르는 건,25,[tʃa.ɾɯ.nɯŋ.kʌn],[dʒa.ɾɯ.nɯn.gʌn]
돈 문제는,25,[ton.mun.tʃe.nɯn],[don.mun.tʃe.nɯn]
따라오지 마요,25,[t͈a.ɾa.o.tʃi.ma.jo],[t͈a.ɾa.o.dʒi.ma.jo]
대한 이,25,[tɛ.han.i],[dɛ.han.i]
고맙습니다 감사합니다,25,[ko.map̚.sɯp̚.ni.ta.kam.sa.hap̚.ni.ta],[go.map̚.sɯp̚.ni.da.gam.sa.hap̚.ni.da]
우리 어쩌지,25,[u.ɾi.ʌ.tʃ͈ʌ.tʃi],[u.ɾi.ʌ.tʃ͈ʌ.dʒi]
믿어줘서 고마워,25,[mit̚.ʌ.tʃwʌ.sʌ.ko.ma.wʌ],[mit̚.ʌ.dʒwʌ.sʌ.go.ma.wʌ]
전쟁이 끝날,25,[tʃʌn.tʃɛŋ.i.k͈ɯt̚.nal],[dʒʌn.tʃɛŋ.i.k͈ɯt̚.nal]
새 옷이,25,[sɛ.ot̚.i],[sɛ.ot̚.i]
더 중요한 문제가,25,[tʌ.tʃuŋ.jo.han.mun.tʃe.ka],[dʌ.dʒuŋ.jo.han.mun.tʃe.ga]
두 명도,25,[tu.mjʌŋ.to],[du.mjʌŋ.do]
그 도시를,25,[kɯ.to.si.ɾɯl],[gɯ.do.si.ɾɯl]
힘겨운 숨을 내뱉으며,25,[him.kjʌ.un.sum.ɯl.lɛ.pɛt̚.ɯ.mjʌ],[him.kjʌ.un.sum.ɯl.lɛ.bɛt̚.ɯ.mjʌ]
두 시간만,25,[tu.si.kan.man],[du.si.gan.man]
돈 받기,25,[tom.pat̚.ki],[don.bat̚.ki]
팔 굽혀 펴기,25,[pʰal.kup̚.hjʌ.pʰjʌ.ki],[pʰal.gup̚.hjʌ.pʰjʌ.gi]
감을 못,25,[kam.ɯl.mot̚],[gam.ɯl.mot̚]
수 있는 이,25,[su.it̚.nɯn.i],[su.it̚.nɯn.i]
정말 일을,25,[tʃʌŋ.mal.il.ɯl],[dʒʌŋ.mal.il.ɯl]
누가 오는,25,[nu.ka.o.nɯn],[nu.ga.o.nɯn]
너무 행복해요,25,[nʌ.mu.hɛm.pok̚.hɛ.jo],[nʌ.mu.hɛŋ.bok̚.hɛ.jo]
어머니 잘,25,[ʌ.mʌ.ni.tʃal],[ʌ.mʌ.ni.dʒal]
말이야 시간이,25,[mal.i.ja.si.kan.i],[mal.i.ja.si.gan.i]
가 여긴,25,[ka.jʌ.kin],[ga.jʌ.gin]
뵙게 돼서 영광입니다,25,[pwep̚.ke.twɛ.sʌ.jʌŋ.kwaŋ.ip̚.ni.ta],[bwep̚.ke.dwɛ.sʌ.jʌŋ.gwaŋ.ip̚.ni.da]
어떻게 알겠니,25,[ʌ.t͈ʌt̚.ke.al.ket̚.ni],[ʌ.t͈ʌt̚.ke.al.ket̚.ni]
더 가서,25,[tʌ.ka.sʌ],[dʌ.ga.sʌ]
큰 구멍이,25,[kʰɯŋ.ku.mʌŋ.i],[kʰɯn.gu.mʌŋ.i]
do my,25,,
돈 벌 수,25,[tom.pʌl.su],[don.bʌl.su]
우리 제안을,25,[u.ɾi.tʃe.an.ɯl],[u.ɾi.dʒe.an.ɯl]
할 말이 있을,25,[hal.mal.i.it̚.ɯl],[hal.mal.i.it̚.ɯl]
누가 썼는지,25,[nu.ka.s͈ʌt̚.nɯn.tʃi],[nu.ga.s͈ʌt̚.nɯn.tʃi]
이리와 이리와,25,[i.ɾi.wa.i.ɾi.wa],[i.ɾi.wa.i.ɾi.wa]
대해 관심이,25,[tɛ.hɛ.kwan.sim.i],[dɛ.hɛ.gwan.sim.i]
봐 아무도,25,[pwa.a.mu.to],[bwa.a.mu.do]
주는 건 어때,25,[tʃu.nɯŋ.kʌn.ʌ.t͈ɛ],[dʒu.nɯn.gʌn.ʌ.t͈ɛ]
대한 영화를,25,[tɛ.han.jʌŋ.hwa.ɾɯl],[dɛ.han.jʌŋ.hwa.ɾɯl]
경찰 일,25,[kjʌŋ.tʃʰal.il],[gjʌŋ.tʃʰal.il]
누가 이기고,25,[nu.ka.i.ki.ko],[nu.ga.i.gi.go]
안으로 들어가다,25,[an.ɯ.ɾo.tɯl.ʌ.ka.ta],[an.ɯ.ɾo.dɯl.ʌ.ga.da]
안녕 이봐,25,[an.njʌŋ.i.pwa],[an.njʌŋ.i.bwa]
알았어요 어디,25,[al.at̚.ʌ.jo.ʌ.ti],[al.at̚.ʌ.jo.ʌ.di]
주는 그런,25,[tʃu.nɯŋ.kɯ.ɾʌn],[dʒu.nɯn.gɯ.ɾʌn]
그럼 아침에,25,[kɯ.ɾʌm.a.tʃʰim.e],[gɯ.ɾʌm.a.tʃʰim.e]
이뤄질 거라고,25,[i.ɾwʌ.tʃil.kʌ.ɾa.ko],[i.ɾwʌ.dʒil.gʌ.ɾa.go]
두 사람을 위해,25,[tu.sa.ɾam.ɯl.wi.hɛ],[du.sa.ɾam.ɯl.wi.hɛ]
우릴 다 죽일 거야,25,[u.ɾil.ta.tʃuk̚.il.kʌ.ja],[u.ɾil.da.dʒuk̚.il.gʌ.ja]
주고 다시,25,[tʃu.ko.ta.si],[dʒu.go.da.si]
얼마나 도움이,25,[ʌl.ma.na.to.um.i],[ʌl.ma.na.do.um.i]
입고 있네,25,[ip̚.ko.it̚.ne],[ip̚.ko.it̚.ne]
우리 팀에게,25,[u.ɾi.tʰim.e.ke],[u.ɾi.tʰim.e.ge]
당신을 용서할,25,[taŋ.sin.ɯl.joŋ.sʌ.hal],[daŋ.sin.ɯl.joŋ.sʌ.hal]
어서 가야 해요,25,[ʌ.sʌ.ka.ja.hɛ.jo],[ʌ.sʌ.ga.ja.hɛ.jo]
중요한 게 아니고,25,[tʃuŋ.jo.haŋ.ke.a.ni.ko],[dʒuŋ.jo.han.ge.a.ni.go]
있다면 모를까,25,[it̚.ta.mjʌn.mo.ɾɯl.k͈a],[it̚.ta.mjʌn.mo.ɾɯl.k͈a]
날 이상하게,25,[nal.i.saŋ.ha.ke],[nal.i.saŋ.ha.ge]
말이야 여긴,25,[mal.i.ja.jʌ.kin],[mal.i.ja.jʌ.gin]
내 말은 난,25,[nɛ.mal.ɯn.nan],[nɛ.mal.ɯn.nan]
불을 질렀어,25,[pul.ɯl.tʃil.ɾʌt̚.ʌ],[bul.ɯl.dʒil.ɾʌt̚.ʌ]
자리에 앉고,25,[tʃa.ɾi.e.aŋ.ko],[dʒa.ɾi.e.aŋ.ko]
두 자루,25,[tu.tʃa.ɾu],[du.dʒa.ɾu]
제가 한 잔,25,[tʃe.ka.han.tʃan],[dʒe.ga.han.dʒan]
수 있는 시간은,25,[su.it̚.nɯn.si.kan.ɯn],[su.it̚.nɯn.si.gan.ɯn]
그렇지 않으니까,25,[kɯ.ɾʌt̚.tʃi.an.ɯ.ni.k͈a],[gɯ.ɾʌt̚.tʃi.an.ɯ.ni.k͈a]
이건 불법이야,25,[i.kʌm.pul.pʌp̚.i.ja],[i.gʌn.bul.pʌp̚.i.ja]
그냥 사라진,25,[kɯ.njaŋ.sa.ɾa.tʃin],[gɯ.njaŋ.sa.ɾa.dʒin]
우리가 그녀에게,25,[u.ɾi.ka.kɯ.njʌ.e.ke],[u.ɾi.ga.gɯ.njʌ.e.ge]
역리의 길을 가지,25,[jʌk̚.ɾi.ɯi.kil.ɯl.ka.tʃi],[jʌk̚.ɾi.ɯi.gil.ɯl.ga.dʒi]
역리의 길을,25,[jʌk̚.ɾi.ɯi.kil.ɯl],[jʌk̚.ɾi.ɯi.gil.ɯl]
묵비권을 행사할 권리가 있으며,25,[muk̚.pi.kwʌn.ɯl.hɛŋ.sa.hal.kwʌl.li.ka.it̚.ɯ.mjʌ],[muk̚.pi.gwʌn.ɯl.hɛŋ.sa.hal.gwʌl.li.ga.it̚.ɯ.mjʌ]
내 말은 우리,25,[nɛ.mal.ɯn.u.ɾi],[nɛ.mal.ɯn.u.ɾi]
아빠 차,25,[a.p͈a.tʃʰa],[a.p͈a.tʃʰa]
지키는 걸,25,[tʃi.kʰi.nɯŋ.kʌl],[dʒi.kʰi.nɯn.gʌl]
것이다 그녀가,25,[kʌt̚.i.ta.kɯ.njʌ.ka],[gʌt̚.i.da.gɯ.njʌ.ga]
데이트 신청했어,25,[te.i.tʰɯ.sin.tʃʰʌŋ.hɛt̚.ʌ],[de.i.tʰɯ.sin.tʃʰʌŋ.hɛt̚.ʌ]
사람을 뭘로,25,[sa.ɾam.ɯl.mwʌl.ɾo],[sa.ɾam.ɯl.mwʌl.ɾo]
미안해 안 돼,25,[mi.an.hɛ.an.twɛ],[mi.an.hɛ.an.dwɛ]
이름 다,25,[i.ɾɯn.ta],[i.ɾɯm.da]
싶은 일은,25,[sip̚.ɯn.il.ɯn],[sip̚.ɯn.il.ɯn]
자리에 있을,25,[tʃa.ɾi.e.it̚.ɯl],[dʒa.ɾi.e.it̚.ɯl]
신뢰를 얻을,25,[sil.lwe.ɾɯl.ʌt̚.ɯl],[sil.lwe.ɾɯl.ʌt̚.ɯl]
전화 좀 써도,25,[tʃʌn.hwa.tʃom.s͈ʌ.to],[dʒʌn.hwa.dʒom.s͈ʌ.do]
두고 왔는데,25,[tu.ko.wat̚.nɯn.te],[du.go.wat̚.nɯn.te]
우리가 만난 적이,25,[u.ɾi.ka.man.nan.tʃʌk̚.i],[u.ɾi.ga.man.nan.dʒʌk̚.i]
브레넌 박사님,25,[pɯ.ɾe.nʌm.pak̚.sa.nim],[bɯ.ɾe.nʌn.bak̚.sa.nim]
대해 말해주세요,25,[tɛ.hɛ.mal.hɛ.tʃu.se.jo],[dɛ.hɛ.mal.hɛ.dʒu.se.jo]
메사 베르데를,25,[me.sa.pe.ɾɯ.te.ɾɯl],[me.sa.be.ɾɯ.de.ɾɯl]
여기서 일하는 거,25,[jʌ.ki.sʌ.il.ha.nɯŋ.kʌ],[jʌ.gi.sʌ.il.ha.nɯn.gʌ]
모험을 하고,25,[mo.hʌm.ɯl.ha.ko],[mo.hʌm.ɯl.ha.go]
그걸 먼저,25,[kɯ.kʌl.mʌn.tʃʌ],[gɯ.gʌl.mʌn.tʃʌ]
확인하러 왔어,25,[hwak̚.in.ha.ɾʌ.wat̚.ʌ],[hwak̚.in.ha.ɾʌ.wat̚.ʌ]
탄소 연대,25,[tʰan.so.jʌn.tɛ],[tʰan.so.jʌn.tɛ]
원한다면 뭐든지,25,[wʌn.han.ta.mjʌn.mwʌ.tɯn.tʃi],[wʌn.han.ta.mjʌn.mwʌ.dɯn.tʃi]
되는 거니,25,[twe.nɯŋ.kʌ.ni],[dwe.nɯn.gʌ.ni]
결코 끝나지,25,[kjʌl.kʰo.k͈ɯt̚.na.tʃi],[gjʌl.kʰo.k͈ɯt̚.na.dʒi]
무슨 상관이 있죠,25,[mu.sɯn.saŋ.kwan.i.it̚.tʃjo],[mu.sɯn.saŋ.gwan.i.it̚.tʃjo]
Hold the door,25,,
곳도 없는데,25,[kot̚.to.ʌp̚.nɯn.te],[got̚.to.ʌp̚.nɯn.te]
결코 내,25,[kjʌl.kʰo.nɛ],[gjʌl.kʰo.nɛ]
딱 튕기며,25,[t͈ak̚.tʰwiŋ.ki.mjʌ],[t͈ak̚.tʰwiŋ.gi.mjʌ]
자막 공대언니,25,[tʃa.mak̚.koŋ.tɛ.ʌn.ni],[dʒa.mak̚.goŋ.dɛ.ʌn.ni]
여기서 잠깐만,25,[jʌ.ki.sʌ.tʃam.k͈an.man],[jʌ.gi.sʌ.dʒam.k͈an.man]
저는 여기에,25,[tʃʌ.nɯn.jʌ.ki.e],[dʒʌ.nɯn.jʌ.gi.e]
역시 그런,25,[jʌk̚.si.kɯ.ɾʌn],[jʌk̚.si.gɯ.ɾʌn]
내가 살아온,25,[nɛ.ka.sal.a.on],[nɛ.ga.sal.a.on]
나도 그 말,25,[na.to.kɯ.mal],[na.do.gɯ.mal]
우리가 그 일을,25,[u.ɾi.ka.kɯ.il.ɯl],[u.ɾi.ga.gɯ.il.ɯl]
우리가 어떻게든,25,[u.ɾi.ka.ʌ.t͈ʌt̚.ke.tɯn],[u.ɾi.ga.ʌ.t͈ʌt̚.ke.dɯn]
남자 몇,25,[nan.tʃa.mjʌt̚],[nan.tʃa.mjʌt̚]
처음으로 같이,25,[tʃʰʌ.ɯm.ɯ.ɾo.kat̚.i],[tʃʰʌ.ɯm.ɯ.ɾo.gat̚.i]
내가 어떻게 도울 수,25,[nɛ.ka.ʌ.t͈ʌt̚.ke.to.ul.su],[nɛ.ga.ʌ.t͈ʌt̚.ke.do.ul.su]
실수를 저지른,25,[sil.su.ɾɯl.tʃʌ.tʃi.ɾɯn],[sil.su.ɾɯl.dʒʌ.dʒi.ɾɯn]
지금도 그렇고요,25,[tʃi.kɯn.to.kɯ.ɾʌt̚.ko.jo],[dʒi.gɯn.to.gɯ.ɾʌt̚.ko.jo]
안녕 지금,25,[an.njʌŋ.tʃi.kɯm],[an.njʌŋ.dʒi.gɯm]
고대 외계인,25,[ko.tɛ.we.kje.in],[go.dɛ.we.gje.in]
두고 그냥,25,[tu.ko.kɯ.njaŋ],[du.go.gɯ.njaŋ]
달 안,25,[tal.an],[dal.an]
나는 할 수 있는,25,[na.nɯn.hal.su.it̚.nɯn],[na.nɯn.hal.su.it̚.nɯn]
두어 가지,25,[tu.ʌ.ka.tʃi],[du.ʌ.ga.dʒi]
그들이 너한테,25,[kɯ.tɯl.i.nʌ.han.tʰe],[gɯ.dɯl.i.nʌ.han.tʰe]
못하는 것을,25,[mot̚.ha.nɯŋ.kʌt̚.ɯl],[mot̚.ha.nɯn.gʌt̚.ɯl]
긍정적인 면을,25,[kɯŋ.tʃʌŋ.tʃʌk̚.in.mjʌn.ɯl],[gɯŋ.dʒʌŋ.dʒʌk̚.in.mjʌn.ɯl]
누가 타고,25,[nu.ka.tʰa.ko],[nu.ga.tʰa.go]
We''re on,25,,
그걸 보게,25,[kɯ.kʌl.po.ke],[gɯ.gʌl.bo.ge]
이유가 뭐라고,25,[i.ju.ka.mwʌ.ɾa.ko],[i.ju.ga.mwʌ.ɾa.go]
존재하지 않았던,25,[tʃon.tʃɛ.ha.tʃi.an.at̚.tʌn],[dʒon.tʃɛ.ha.dʒi.an.at̚.tʌn]
내가 누구였는지,25,[nɛ.ka.nu.ku.jʌt̚.nɯn.tʃi],[nɛ.ga.nu.gu.jʌt̚.nɯn.tʃi]
뭐로 보는 거야,25,[mwʌ.ɾo.po.nɯŋ.kʌ.ja],[mwʌ.ɾo.bo.nɯn.gʌ.ja]
보이지 않았어,25,[po.i.tʃi.an.at̚.ʌ],[bo.i.dʒi.an.at̚.ʌ]
a secret,25,,
아빠가 그걸,25,[a.p͈a.ka.kɯ.kʌl],[a.p͈a.ga.gɯ.gʌl]
보이지 않지만,25,[po.i.tʃi.an.tʃi.man],[bo.i.dʒi.an.tʃi.man]
쉽게 말하면,25,[swip̚.ke.mal.ha.mjʌn],[swip̚.ke.mal.ha.mjʌn]
신호 안,25,[sin.ho.an],[sin.ho.an]
필요해 더,25,[pʰil.jo.hɛ.tʌ],[pʰil.jo.hɛ.dʌ]
어쩌면 좋을까,25,[ʌ.tʃ͈ʌ.mjʌn.tʃot̚.ɯl.k͈a],[ʌ.tʃ͈ʌ.mjʌn.dʒot̚.ɯl.k͈a]
가 자,25,[ka.tʃa],[ga.dʒa]
돼요 또,25,[twɛ.jo.t͈o],[dwɛ.jo.t͈o]
테니까 여기,25,[tʰe.ni.k͈a.jʌ.ki],[tʰe.ni.k͈a.jʌ.gi]
알았죠 난,25,[al.at̚.tʃjo.nan],[al.at̚.tʃjo.nan]
사람들은 우릴,25,[sa.ɾan.tɯl.ɯn.u.ɾil],[sa.ɾan.tɯl.ɯn.u.ɾil]
수 있다 우리가,25,[su.it̚.ta.u.ɾi.ka],[su.it̚.ta.u.ɾi.ga]
누구든 이,25,[nu.ku.tɯn.i],[nu.gu.dɯn.i]
어린 소년을,25,[ʌ.ɾin.so.njʌn.ɯl],[ʌ.ɾin.so.njʌn.ɯl]
현우의 놀란 신음,25,[hjʌn.u.ɯi.nol.ɾan.sin.ɯm],[hjʌn.u.ɯi.nol.ɾan.sin.ɯm]
거야 말 안,25,[kʌ.ja.mal.an],[gʌ.ja.mal.an]
가장 귀여운,25,[ka.tʃaŋ.kwi.jʌ.un],[ga.dʒaŋ.gwi.jʌ.un]
아녜요 그,25,[a.nje.jo.kɯ],[a.nje.jo.gɯ]
네가 아니면,25,[ne.ka.a.ni.mjʌn],[ne.ga.a.ni.mjʌn]
널 구한,25,[nʌl.ku.han],[nʌl.gu.han]
지는 것,25,[tʃi.nɯŋ.kʌt̚],[dʒi.nɯn.gʌt̚]
잘 있고,25,[tʃal.it̚.ko],[dʒal.it̚.ko]
둘 다 조용히,25,[tul.ta.tʃo.joŋ.hi],[dul.da.dʒo.joŋ.hi]
아니에요 당연히,25,[a.ni.e.jo.taŋ.jʌn.hi],[a.ni.e.jo.daŋ.jʌn.hi]
주머니 안에,25,[tʃu.mʌ.ni.an.e],[dʒu.mʌ.ni.an.e]
신호를 기다려,25,[sin.ho.ɾɯl.ki.ta.ɾjʌ],[sin.ho.ɾɯl.gi.da.ɾjʌ]
괜찮아 괜찮다고,25,[kwɛn.tʃʰan.a.kwɛn.tʃʰan.ta.ko],[gwɛn.tʃʰan.a.gwɛn.tʃʰan.ta.go]
신호도 안,25,[sin.ho.to.an],[sin.ho.do.an]
말이죠 당신은,25,[mal.i.tʃjo.taŋ.sin.ɯn],[mal.i.dʒjo.daŋ.sin.ɯn]
정말 훌륭했어,25,[tʃʌŋ.mal.hul.ɾjuŋ.hɛt̚.ʌ],[dʒʌŋ.mal.hul.ɾjuŋ.hɛt̚.ʌ]
메릭 씨,25,[me.ɾik̚.s͈i],[me.ɾik̚.s͈i]
우리끼리 할,25,[u.ɾi.k͈i.ɾi.hal],[u.ɾi.k͈i.ɾi.hal]
주고 있지,25,[tʃu.ko.it̚.tʃi],[dʒu.go.it̚.tʃi]
잘 있으렴,25,[tʃal.it̚.ɯ.ɾjʌm],[dʒal.it̚.ɯ.ɾjʌm]
필요한 사람을,25,[pʰil.jo.han.sa.ɾam.ɯl],[pʰil.jo.han.sa.ɾam.ɯl]
전 엄마를,25,[tʃʌn.ʌm.ma.ɾɯl],[dʒʌn.ʌm.ma.ɾɯl]
맡을 테니까,25,[mat̚.ɯl.tʰe.ni.k͈a],[mat̚.ɯl.tʰe.ni.k͈a]
두고 온 게,25,[tu.ko.oŋ.ke],[du.go.on.ge]
모두 죽여라,25,[mo.tu.tʃuk̚.jʌ.ɾa],[mo.du.dʒuk̚.jʌ.ɾa]
전화 줘서 고마워요,25,[tʃʌn.hwa.tʃwʌ.sʌ.ko.ma.wʌ.jo],[dʒʌn.hwa.dʒwʌ.sʌ.go.ma.wʌ.jo]
내 특별한,25,[nɛ.tʰɯk̚.pjʌl.han],[nɛ.tʰɯk̚.pjʌl.han]
실제로 할 수,25,[sil.tʃe.ɾo.hal.su],[sil.tʃe.ɾo.hal.su]
건 안 해,25,[kʌn.an.hɛ],[gʌn.an.hɛ]
내 옷장에,25,[nɛ.ot̚.tʃaŋ.e],[nɛ.ot̚.tʃaŋ.e]
더 나아질 거야,25,[tʌ.na.a.tʃil.kʌ.ja],[dʌ.na.a.dʒil.gʌ.ja]
거 봤잖아요,25,[kʌ.pwat̚.tʃan.a.jo],[gʌ.bwat̚.tʃan.a.jo]
그리스 신화에서,25,[kɯ.ɾi.sɯ.sin.hwa.e.sʌ],[gɯ.ɾi.sɯ.sin.hwa.e.sʌ]
못하면 어때,25,[mot̚.ha.mjʌn.ʌ.t͈ɛ],[mot̚.ha.mjʌn.ʌ.t͈ɛ]
나가지 않을,25,[na.ka.tʃi.an.ɯl],[na.ga.dʒi.an.ɯl]
중에 이게,25,[tʃuŋ.e.i.ke],[dʒuŋ.e.i.ge]
할 거 같습니다,25,[hal.kʌ.kat̚.sɯp̚.ni.ta],[hal.gʌ.gat̚.sɯp̚.ni.da]
우리는 아무도,25,[u.ɾi.nɯn.a.mu.to],[u.ɾi.nɯn.a.mu.do]
떨어지는 거,25,[t͈ʌl.ʌ.tʃi.nɯŋ.kʌ],[t͈ʌl.ʌ.dʒi.nɯn.gʌ]
누구 또,25,[nu.ku.t͈o],[nu.gu.t͈o]
믿을 수 없습니다,25,[mit̚.ɯl.su.ʌp̚.sɯp̚.ni.ta],[mit̚.ɯl.su.ʌp̚.sɯp̚.ni.da]
수 있다고 합니다,25,[su.it̚.ta.ko.hap̚.ni.ta],[su.it̚.ta.go.hap̚.ni.da]
대해 이야기하기,25,[tɛ.hɛ.i.ja.ki.ha.ki],[dɛ.hɛ.i.ja.gi.ha.gi]
make your,25,,
그는 저,25,[kɯ.nɯn.tʃʌ],[gɯ.nɯn.dʒʌ]
둘이 그런,25,[tul.i.kɯ.ɾʌn],[dul.i.gɯ.ɾʌn]
했어요 다,25,[hɛt̚.ʌ.jo.ta],[hɛt̚.ʌ.jo.da]
주위를 둘러,25,[tʃu.wi.ɾɯl.tul.ɾʌ],[dʒu.wi.ɾɯl.dul.ɾʌ]
실력 발휘,25,[sil.ɾjʌk̚.pal.hwi],[sil.ɾjʌk̚.bal.hwi]
아빠가 돌아가셨을,25,[a.p͈a.ka.tol.a.ka.sjʌt̚.ɯl],[a.p͈a.ga.dol.a.ga.sjʌt̚.ɯl]
자네는 어떻게,25,[tʃa.ne.nɯn.ʌ.t͈ʌt̚.ke],[dʒa.ne.nɯn.ʌ.t͈ʌt̚.ke]
왜 왔겠어,25,[wɛ.wat̚.ket̚.ʌ],[wɛ.wat̚.ket̚.ʌ]
가장 안,25,[ka.tʃaŋ.an],[ga.dʒaŋ.an]
나한테 다른,25,[na.han.tʰe.ta.ɾɯn],[na.han.tʰe.da.ɾɯn]
해도 되잖아요,25,[hɛ.to.twe.tʃan.a.jo],[hɛ.do.dwe.dʒan.a.jo]
저기요 제가,25,[tʃʌ.ki.jo.tʃe.ka],[dʒʌ.gi.jo.dʒe.ga]
건 예의가,25,[kʌn.je.ɯi.ka],[gʌn.je.ɯi.ga]
지금 좀 바빠,25,[tʃi.kɯn.tʃom.pa.p͈a],[dʒi.gɯm.dʒom.ba.p͈a]
대책 없이,25,[tɛ.tʃʰɛk̚.ʌp̚.i],[dɛ.tʃʰɛk̚.ʌp̚.i]
이리 와 난,25,[i.ɾi.wa.nan],[i.ɾi.wa.nan]
올라 갔다,25,[ol.ɾa.kat̚.ta],[ol.ɾa.gat̚.ta]
번 모두,25,[pʌn.mo.tu],[bʌn.mo.du]
우리는 지금까지,25,[u.ɾi.nɯn.tʃi.kɯm.k͈a.tʃi],[u.ɾi.nɯn.dʒi.gɯm.k͈a.dʒi]
제가 곁에,25,[tʃe.ka.kjʌt̚.e],[dʒe.ga.gjʌt̚.e]
살려 줄,25,[sal.ɾjʌ.tʃul],[sal.ɾjʌ.dʒul]
주기로 했죠,25,[tʃu.ki.ɾo.hɛt̚.tʃjo],[dʒu.gi.ɾo.hɛt̚.tʃjo]
the show,25,,
무거운 거,25,[mu.kʌ.uŋ.kʌ],[mu.gʌ.un.gʌ]
point is,25,,
전화해서 미안해,25,[tʃʌn.hwa.hɛ.sʌ.mi.an.hɛ],[dʒʌn.hwa.hɛ.sʌ.mi.an.hɛ]
안 돼 맞아,25,[an.twɛ.mat̚.a],[an.dwɛ.mat̚.a]
전해 주게,25,[tʃʌn.hɛ.tʃu.ke],[dʒʌn.hɛ.dʒu.ge]
것을 두려워하지,25,[kʌt̚.ɯl.tu.ɾjʌ.wʌ.ha.tʃi],[gʌt̚.ɯl.du.ɾjʌ.wʌ.ha.dʒi]
그러고 있잖아요,25,[kɯ.ɾʌ.ko.it̚.tʃan.a.jo],[gɯ.ɾʌ.go.it̚.tʃan.a.jo]
지붕 위로,25,[tʃi.puŋ.wi.ɾo],[dʒi.buŋ.wi.ɾo]
받아야 하고,25,[pat̚.a.ja.ha.ko],[bat̚.a.ja.ha.go]
거죠 저,25,[kʌ.tʃjo.tʃʌ],[gʌ.dʒjo.dʒʌ]
건 한 번도,25,[kʌn.ham.pʌn.to],[gʌn.han.bʌn.to]
내가 돌아,25,[nɛ.ka.tol.a],[nɛ.ga.dol.a]
그럴 권리가 없어,25,[kɯ.ɾʌl.kwʌl.li.ka.ʌp̚.ʌ],[gɯ.ɾʌl.gwʌl.li.ga.ʌp̚.ʌ]
보는 게 아니라,25,[po.nɯŋ.ke.a.ni.ɾa],[bo.nɯn.ge.a.ni.ɾa]
내가 잘못한 거,25,[nɛ.ka.tʃal.mot̚.haŋ.kʌ],[nɛ.ga.dʒal.mot̚.han.gʌ]
대해 하실,25,[tɛ.hɛ.ha.sil],[dɛ.hɛ.ha.sil]
얼굴 왜,25,[ʌl.kul.wɛ],[ʌl.kul.wɛ]
가지고 있다 그리고,25,[ka.tʃi.ko.it̚.ta.kɯ.ɾi.ko],[ga.dʒi.go.it̚.ta.gɯ.ɾi.go]
두들겨 패고,25,[tu.tɯl.kjʌ.pʰɛ.ko],[du.dɯl.kjʌ.pʰɛ.go]
주면 다,25,[tʃu.mjʌn.ta],[dʒu.mjʌn.da]
생각 없네,25,[sɛŋ.kak̚.ʌp̚.ne],[sɛŋ.gak̚.ʌp̚.ne]
나라면 그런,25,[na.ɾa.mjʌŋ.kɯ.ɾʌn],[na.ɾa.mjʌn.gɯ.ɾʌn]
걸 주지,25,[kʌl.tʃu.tʃi],[gʌl.dʒu.dʒi]
보이진 않아,25,[po.i.tʃin.an.a],[bo.i.dʒin.an.a]
하게 둬요,25,[ha.ke.twʌ.jo],[ha.ge.dwʌ.jo]
행동을 하지,25,[hɛŋ.toŋ.ɯl.ha.tʃi],[hɛŋ.doŋ.ɯl.ha.dʒi]
거죠 저도,25,[kʌ.tʃjo.tʃʌ.to],[gʌ.dʒjo.dʒʌ.do]
실례합니다 저기요,25,[sil.ɾje.hap̚.ni.ta.tʃʌ.ki.jo],[sil.ɾje.hap̚.ni.da.dʒʌ.gi.jo]
들어갈 수 있다,25,[tɯl.ʌ.kal.su.it̚.ta],[dɯl.ʌ.gal.su.it̚.ta]
주면 좋을,25,[tʃu.mjʌn.tʃot̚.ɯl],[dʒu.mjʌn.dʒot̚.ɯl]
수 있다는데,25,[su.it̚.ta.nɯn.te],[su.it̚.ta.nɯn.te]
모두 그래요,25,[mo.tu.kɯ.ɾɛ.jo],[mo.du.gɯ.ɾɛ.jo]
진짜 좋네요,25,[tʃin.tʃ͈a.tʃot̚.ne.jo],[dʒin.tʃ͈a.dʒot̚.ne.jo]
못한 것을,25,[mot̚.haŋ.kʌt̚.ɯl],[mot̚.han.gʌt̚.ɯl]
당신을 좀,25,[taŋ.sin.ɯl.tʃom],[daŋ.sin.ɯl.dʒom]
우리가 사람들을,25,[u.ɾi.ka.sa.ɾan.tɯl.ɯl],[u.ɾi.ga.sa.ɾan.tɯl.ɯl]
심하게 다친,25,[sim.ha.ke.ta.tʃʰin],[sim.ha.ge.da.tʃʰin]
안정을 취해야,25,[an.tʃʌŋ.ɯl.tʃʰwi.hɛ.ja],[an.tʃʌŋ.ɯl.tʃʰwi.hɛ.ja]
나가자 어서,25,[na.ka.tʃa.ʌ.sʌ],[na.ga.dʒa.ʌ.sʌ]
있었어 여기,25,[it̚.ʌt̚.ʌ.jʌ.ki],[it̚.ʌt̚.ʌ.jʌ.gi]
뒤로 쭉,25,[twi.ɾo.tʃ͈uk̚],[dwi.ɾo.tʃ͈uk̚]
뒤를 봐주고,25,[twi.ɾɯl.pwa.tʃu.ko],[dwi.ɾɯl.bwa.dʒu.go]
이만 실례하죠,25,[i.man.sil.ɾje.ha.tʃjo],[i.man.sil.ɾje.ha.dʒjo]
쟨 누구야,25,[tʃjɛn.nu.ku.ja],[dʒjɛn.nu.gu.ja]
마셔도 될까요,25,[ma.sjʌ.to.twel.k͈a.jo],[ma.sjʌ.do.dwel.k͈a.jo]
하일 히틀러,25,[ha.il.hi.tʰɯl.ɾʌ],[ha.il.hi.tʰɯl.ɾʌ]
지시를 받고,25,[tʃi.si.ɾɯl.pat̚.ko],[dʒi.si.ɾɯl.bat̚.ko]
믿지도 않는,25,[mit̚.tʃi.to.an.nɯn],[mit̚.tʃi.do.an.nɯn]
죽게 해,25,[tʃuk̚.ke.hɛ],[dʒuk̚.ke.hɛ]
키우는 거,25,[kʰi.u.nɯŋ.kʌ],[kʰi.u.nɯn.gʌ]
했어요 이젠,25,[hɛt̚.ʌ.jo.i.tʃen],[hɛt̚.ʌ.jo.i.dʒen]
하지만 난 아무것도,25,[ha.tʃi.man.nan.a.mu.kʌt̚.to],[ha.dʒi.man.nan.a.mu.gʌt̚.to]
보긴 했지만,25,[po.kin.hɛt̚.tʃi.man],[bo.gin.hɛt̚.tʃi.man]
없을 거야 내,25,[ʌp̚.ɯl.kʌ.ja.nɛ],[ʌp̚.ɯl.gʌ.ja.nɛ]
이 건물에 있는,25,[i.kʌn.mul.e.it̚.nɯn],[i.gʌn.mul.e.it̚.nɯn]
건 알고 있죠,25,[kʌn.al.ko.it̚.tʃjo],[gʌn.al.ko.it̚.tʃjo]
돈은 제가,25,[ton.ɯn.tʃe.ka],[don.ɯn.dʒe.ga]
내가 알려준,25,[nɛ.ka.al.ɾjʌ.tʃun],[nɛ.ga.al.ɾjʌ.dʒun]
실망시킬 수,25,[sil.maŋ.si.kʰil.su],[sil.maŋ.si.kʰil.su]
무너졌을 때,25,[mu.nʌ.tʃjʌt̚.ɯl.t͈ɛ],[mu.nʌ.dʒjʌt̚.ɯl.t͈ɛ]
가 이런,25,[ka.i.ɾʌn],[ga.i.ɾʌn]
없을 거야 넌,25,[ʌp̚.ɯl.kʌ.ja.nʌn],[ʌp̚.ɯl.gʌ.ja.nʌn]
한계점이라면 새로,25,[haŋ.kje.tʃʌm.i.ɾa.mjʌn.sɛ.ɾo],[haŋ.kje.dʒʌm.i.ɾa.mjʌn.sɛ.ɾo]
네가 얘기해,25,[ne.ka.jɛ.ki.hɛ],[ne.ga.jɛ.gi.hɛ]
라는 말이,25,[ɾa.nɯn.mal.i],[ɾa.nɯn.mal.i]
돈은 한,25,[ton.ɯn.han],[don.ɯn.han]
이미 가지고 있다,25,[i.mi.ka.tʃi.ko.it̚.ta],[i.mi.ga.dʒi.go.it̚.ta]
이것이 가장,25,[i.kʌt̚.i.ka.tʃaŋ],[i.gʌt̚.i.ga.dʒaŋ]
아니 그걸,25,[a.ni.kɯ.kʌl],[a.ni.gɯ.gʌl]
기능을 못,25,[ki.nɯŋ.ɯl.mot̚],[gi.nɯŋ.ɯl.mot̚]
실물이 훨씬,25,[sil.mul.i.hwʌl.s͈in],[sil.mul.i.hwʌl.s͈in]
하고 계속,25,[ha.ko.kje.sok̚],[ha.go.gje.sok̚]
about all,25,,
내가 있고,25,[nɛ.ka.it̚.ko],[nɛ.ga.it̚.ko]
그에게 기회를,25,[kɯ.e.ke.ki.hwe.ɾɯl],[gɯ.e.ge.gi.hwe.ɾɯl]
곳으로 만들,25,[kot̚.ɯ.ɾo.man.tɯl],[got̚.ɯ.ɾo.man.tɯl]
우리가 아무리,25,[u.ɾi.ka.a.mu.ɾi],[u.ɾi.ga.a.mu.ɾi]
못 쉬게,25,[mot̚.swi.ke],[mot̚.swi.ge]
나서 우리가,25,[na.sʌ.u.ɾi.ka],[na.sʌ.u.ɾi.ga]
절도 사건이,25,[tʃʌl.to.sa.kʌn.i],[dʒʌl.to.sa.gʌn.i]
거 알아요 근데,25,[kʌ.al.a.jo.kɯn.te],[gʌ.al.a.jo.gɯn.te]
주방에 가서,25,[tʃu.paŋ.e.ka.sʌ],[dʒu.baŋ.e.ga.sʌ]
흉내를 낸다,25,[hjuŋ.nɛ.ɾɯl.lɛn.ta],[hjuŋ.nɛ.ɾɯl.lɛn.ta]
존 고마워,25,[tʃoŋ.ko.ma.wʌ],[dʒon.go.ma.wʌ]
검사할 수,25,[kʌm.sa.hal.su],[gʌm.sa.hal.su]
그럴 리 없다,25,[kɯ.ɾʌl.ɾi.ʌp̚.ta],[gɯ.ɾʌl.ɾi.ʌp̚.ta]
다른 얘기야,25,[ta.ɾɯn.jɛ.ki.ja],[da.ɾɯn.jɛ.gi.ja]
I''m sure you,25,,
싶어서 안달,25,[sip̚.ʌ.sʌ.an.tal],[sip̚.ʌ.sʌ.an.tal]
신비 일행의 놀란,25,[sim.pi.il.hɛŋ.ɯi.nol.ɾan],[sim.pi.il.hɛŋ.ɯi.nol.ɾan]
그럴 리 없습니다,25,[kɯ.ɾʌl.ɾi.ʌp̚.sɯp̚.ni.ta],[gɯ.ɾʌl.ɾi.ʌp̚.sɯp̚.ni.da]
고맙지만 내가,25,[ko.map̚.tʃi.man.nɛ.ka],[go.map̚.tʃi.man.nɛ.ga]
보호하고 있었어,25,[po.ho.ha.ko.it̚.ʌt̚.ʌ],[bo.ho.ha.go.it̚.ʌt̚.ʌ]
마음이 안 좋아,25,[ma.ɯm.i.an.tʃot̚.a],[ma.ɯm.i.an.dʒot̚.a]
우린 뭘 해야,25,[u.ɾin.mwʌl.hɛ.ja],[u.ɾin.mwʌl.hɛ.ja]
자세한 걸,25,[tʃa.se.haŋ.kʌl],[dʒa.se.han.gʌl]
오늘 아침만,25,[o.nɯl.a.tʃʰim.man],[o.nɯl.a.tʃʰim.man]
하고 살,25,[ha.ko.sal],[ha.go.sal]
우린 사랑에,25,[u.ɾin.sa.ɾaŋ.e],[u.ɾin.sa.ɾaŋ.e]
말을 전부,25,[mal.ɯl.tʃʌm.pu],[mal.ɯl.dʒʌm.pu]
건 알았죠,25,[kʌn.al.at̚.tʃjo],[gʌn.al.at̚.tʃjo]
doesn''t have to,25,,
꿈이라고 말해 줘,25,[k͈um.i.ɾa.ko.mal.hɛ.tʃwʌ],[k͈um.i.ɾa.go.mal.hɛ.dʒwʌ]
연락 안 해,25,[jʌl.lak̚.an.hɛ],[jʌl.lak̚.an.hɛ]
중인 모든,25,[tʃuŋ.in.mo.tɯn],[dʒuŋ.in.mo.dɯn]
이미 여러 번,25,[i.mi.jʌ.ɾʌ.pʌn],[i.mi.jʌ.ɾʌ.bʌn]
중인 거야,25,[tʃuŋ.iŋ.kʌ.ja],[dʒuŋ.in.gʌ.ja]
갈 거야 이,25,[kal.kʌ.ja.i],[gal.gʌ.ja.i]
아냐 당신,25,[a.nja.taŋ.sin],[a.nja.daŋ.sin]
좋아할 거다,25,[tʃot̚.a.hal.kʌ.ta],[dʒot̚.a.hal.gʌ.da]
하지만 괜찮을,25,[ha.tʃi.maŋ.kwɛn.tʃʰan.ɯl],[ha.dʒi.man.gwɛn.tʃʰan.ɯl]
자세히 말씀해,25,[tʃa.se.hi.mal.s͈ɯm.hɛ],[dʒa.se.hi.mal.s͈ɯm.hɛ]
끼쳐 죄송합니다,25,[k͈i.tʃʰjʌ.tʃwe.soŋ.hap̚.ni.ta],[k͈i.tʃʰjʌ.dʒwe.soŋ.hap̚.ni.da]
근무 시간을,25,[kɯn.mu.si.kan.ɯl],[gɯn.mu.si.gan.ɯl]
일부일 뿐이야,25,[il.pu.il.p͈un.i.ja],[il.pu.il.p͈un.i.ja]
이름은 알렉스,25,[i.ɾɯm.ɯn.al.ɾek̚.sɯ],[i.ɾɯm.ɯn.al.ɾek̚.sɯ]
벌을 받아야지,25,[pʌl.ɯl.pat̚.a.ja.tʃi],[bʌl.ɯl.bat̚.a.ja.dʒi]
긴 시간이,25,[kin.si.kan.i],[gin.si.gan.i]
그게 무슨 말입니까,25,[kɯ.ke.mu.sɯn.mal.ip̚.ni.k͈a],[gɯ.ge.mu.sɯn.mal.ip̚.ni.k͈a]
일로 여기까지,25,[il.ɾo.jʌ.ki.k͈a.tʃi],[il.ɾo.jʌ.gi.k͈a.dʒi]
명이나 돼,25,[mjʌŋ.i.na.twɛ],[mjʌŋ.i.na.dwɛ]
벗어나는 게,25,[pʌt̚.ʌ.na.nɯŋ.ke],[bʌt̚.ʌ.na.nɯn.ge]
우린 지난,25,[u.ɾin.tʃi.nan],[u.ɾin.dʒi.nan]
알았어요 내일,25,[al.at̚.ʌ.jo.nɛ.il],[al.at̚.ʌ.jo.nɛ.il]
누구나 실수를,25,[nu.ku.na.sil.su.ɾɯl],[nu.gu.na.sil.su.ɾɯl]
동의한 줄,25,[toŋ.ɯi.han.tʃul],[doŋ.ɯi.han.dʒul]
내려갈 때,25,[nɛ.ɾjʌ.kal.t͈ɛ],[nɛ.ɾjʌ.gal.t͈ɛ]
하는 말을 들어 봐,25,[ha.nɯn.mal.ɯl.tɯl.ʌ.pwa],[ha.nɯn.mal.ɯl.dɯl.ʌ.bwa]
그래요 진짜,25,[kɯ.ɾɛ.jo.tʃin.tʃ͈a],[gɯ.ɾɛ.jo.dʒin.tʃ͈a]
우린 평범한,25,[u.ɾim.pʰjʌm.pʌm.han],[u.ɾim.pʰjʌŋ.bʌm.han]
알아냈어 그는,25,[al.a.nɛt̚.ʌ.kɯ.nɯn],[al.a.nɛt̚.ʌ.gɯ.nɯn]
작동하지 않을,25,[tʃak̚.toŋ.ha.tʃi.an.ɯl],[dʒak̚.toŋ.ha.dʒi.an.ɯl]
뜻대로 해,25,[t͈ɯt̚.tɛ.ɾo.hɛ],[t͈ɯt̚.tɛ.ɾo.hɛ]
거지 c,25,[kʌ.tʃi],[gʌ.dʒi]
마음이 하는,25,[ma.ɯm.i.ha.nɯn],[ma.ɯm.i.ha.nɯn]
일로 오신,25,[il.ɾo.o.sin],[il.ɾo.o.sin]
살아있는 거,25,[sal.a.it̚.nɯŋ.kʌ],[sal.a.it̚.nɯn.gʌ]
따라야 하는,25,[t͈a.ɾa.ja.ha.nɯn],[t͈a.ɾa.ja.ha.nɯn]
어떤 질문에도,25,[ʌ.t͈ʌn.tʃil.mun.e.to],[ʌ.t͈ʌn.dʒil.mun.e.do]
주고 갔어,25,[tʃu.ko.kat̚.ʌ],[dʒu.go.gat̚.ʌ]
우릴 노리고,25,[u.ɾil.lo.ɾi.ko],[u.ɾil.lo.ɾi.go]
그를 이길,25,[kɯ.ɾɯl.i.kil],[gɯ.ɾɯl.i.gil]
이건 일이야,25,[i.kʌn.il.i.ja],[i.gʌn.il.i.ja]
보네 내가,25,[po.ne.nɛ.ka],[bo.ne.nɛ.ga]
내려갈 수 있어,25,[nɛ.ɾjʌ.kal.su.it̚.ʌ],[nɛ.ɾjʌ.gal.su.it̚.ʌ]
참지 못하고,25,[tʃʰan.tʃi.mot̚.ha.ko],[tʃʰan.tʃi.mot̚.ha.go]
있어요 말해,25,[it̚.ʌ.jo.mal.hɛ],[it̚.ʌ.jo.mal.hɛ]
같이 들어가,25,[kat̚.i.tɯl.ʌ.ka],[gat̚.i.dɯl.ʌ.ga]
그 가족의,25,[kɯ.ka.tʃok̚.ɯi],[gɯ.ga.dʒok̚.ɯi]
것 같아 다시,25,[kʌt̚.kat̚.a.ta.si],[gʌt̚.gat̚.a.da.si]
우릴 배신한,25,[u.ɾil.pɛ.sin.han],[u.ɾil.bɛ.sin.han]
때 생기는,25,[t͈ɛ.sɛŋ.ki.nɯn],[t͈ɛ.sɛŋ.gi.nɯn]
꼭 그래야만,25,[k͈ok̚.kɯ.ɾɛ.ja.man],[k͈ok̚.gɯ.ɾɛ.ja.man]
하고 싶을 때,25,[ha.ko.sip̚.ɯl.t͈ɛ],[ha.go.sip̚.ɯl.t͈ɛ]
그들이 오면,25,[kɯ.tɯl.i.o.mjʌn],[gɯ.dɯl.i.o.mjʌn]
눈 좀 봐,25,[nun.tʃom.pwa],[nun.dʒom.bwa]
무슨 소린지 모르겠어,25,[mu.sɯn.so.ɾin.tʃi.mo.ɾɯ.ket̚.ʌ],[mu.sɯn.so.ɾin.tʃi.mo.ɾɯ.get̚.ʌ]
거 아는,25,[kʌ.a.nɯn],[gʌ.a.nɯn]
최근에 본,25,[tʃʰwe.kɯn.e.pon],[tʃʰwe.gɯn.e.bon]
아빠가 우리를,25,[a.p͈a.ka.u.ɾi.ɾɯl],[a.p͈a.ga.u.ɾi.ɾɯl]
줄도 알고,25,[tʃul.to.al.ko],[dʒul.to.al.ko]
더 가져다,25,[tʌ.ka.tʃjʌ.ta],[dʌ.ga.dʒjʌ.da]
그건 내가 아니라,25,[kɯ.kʌn.nɛ.ka.a.ni.ɾa],[gɯ.gʌn.nɛ.ga.a.ni.ɾa]
자시고 할,25,[tʃa.si.ko.hal],[dʒa.si.go.hal]
내가 맥주,25,[nɛ.ka.mɛk̚.tʃu],[nɛ.ga.mɛk̚.tʃu]
다른 여자들을,25,[ta.ɾɯn.jʌ.tʃa.tɯl.ɯl],[da.ɾɯn.jʌ.dʒa.dɯl.ɯl]
know why I,25,,
눈물에 젖은,25,[nun.mul.e.tʃʌt̚.ɯn],[nun.mul.e.dʒʌt̚.ɯn]
좋은 분이죠,25,[tʃot̚.ɯm.pun.i.tʃjo],[dʒot̚.ɯn.bun.i.dʒjo]
나눠야 할,25,[na.nwʌ.ja.hal],[na.nwʌ.ja.hal]
그것에 대해 생각해 보렴,25,[kɯ.kʌt̚.e.tɛ.hɛ.sɛŋ.kak̚.hɛ.po.ɾjʌm],[gɯ.gʌt̚.e.dɛ.hɛ.sɛŋ.gak̚.hɛ.bo.ɾjʌm]
연락하지 마세요,25,[jʌl.lak̚.ha.tʃi.ma.se.jo],[jʌl.lak̚.ha.dʒi.ma.se.jo]
앞으로 어쩔,25,[ap̚.ɯ.ɾo.ʌ.tʃ͈ʌl],[ap̚.ɯ.ɾo.ʌ.tʃ͈ʌl]
하고 싶은 일은,25,[ha.ko.sip̚.ɯn.il.ɯn],[ha.go.sip̚.ɯn.il.ɯn]
has come,25,,
엄마 네가,25,[ʌm.ma.ne.ka],[ʌm.ma.ne.ga]
안 돼 뭐야,25,[an.twɛ.mwʌ.ja],[an.dwɛ.mwʌ.ja]
줘 다시,25,[tʃwʌ.ta.si],[dʒwʌ.da.si]
어제 본,25,[ʌ.tʃe.pon],[ʌ.dʒe.bon]
넌 엄청난,25,[nʌn.ʌn.tʃʰʌŋ.nan],[nʌn.ʌn.tʃʰʌŋ.nan]
서있지 말고,25,[sʌ.it̚.tʃi.mal.ko],[sʌ.it̚.tʃi.mal.ko]
나한텐 너무,25,[na.han.tʰen.nʌ.mu],[na.han.tʰen.nʌ.mu]
거 여기,25,[kʌ.jʌ.ki],[gʌ.jʌ.gi]
내 입장은,25,[nɛ.ip̚.tʃaŋ.ɯn],[nɛ.ip̚.tʃaŋ.ɯn]
살아 나갈,25,[sal.a.na.kal],[sal.a.na.gal]
일단 들어가면,25,[il.tan.tɯl.ʌ.ka.mjʌn],[il.tan.dɯl.ʌ.ga.mjʌn]
싸우러 온 거,25,[s͈a.u.ɾʌ.oŋ.kʌ],[s͈a.u.ɾʌ.on.gʌ]
내 문제가 아니야,25,[nɛ.mun.tʃe.ka.a.ni.ja],[nɛ.mun.tʃe.ga.a.ni.ja]
보존할 수,25,[po.tʃon.hal.su],[bo.dʒon.hal.su]
아까 정말,25,[a.k͈a.tʃʌŋ.mal],[a.k͈a.dʒʌŋ.mal]
잘 알다시피,25,[tʃal.al.ta.si.pʰi],[dʒal.al.ta.si.pʰi]
당신을 쫓고,25,[taŋ.sin.ɯl.tʃ͈ot̚.ko],[daŋ.sin.ɯl.tʃ͈ot̚.ko]
말라고 하지,25,[mal.ɾa.ko.ha.tʃi],[mal.ɾa.go.ha.dʒi]
아빠 옆에,25,[a.p͈a.jʌp̚.e],[a.p͈a.jʌp̚.e]
무슨 꿍꿍인지,25,[mu.sɯŋ.k͈uŋ.k͈uŋ.in.tʃi],[mu.sɯŋ.k͈uŋ.k͈uŋ.in.tʃi]
글리프 코드,25,[kɯl.ɾi.pʰɯ.kʰo.tɯ],[gɯl.ɾi.pʰɯ.kʰo.dɯ]
살아 남은,25,[sal.a.nam.ɯn],[sal.a.nam.ɯn]
당신을 쫓는,25,[taŋ.sin.ɯl.tʃ͈ot̚.nɯn],[daŋ.sin.ɯl.tʃ͈ot̚.nɯn]
got here,25,,
가라앉을 거야,25,[ka.ɾa.an.ɯl.kʌ.ja],[ga.ɾa.an.ɯl.gʌ.ja]
거지 게다가,25,[kʌ.tʃi.ke.ta.ka],[gʌ.dʒi.ge.da.ga]
안에 들어갈 수,25,[an.e.tɯl.ʌ.kal.su],[an.e.dɯl.ʌ.gal.su]
이리 좀 와봐,25,[i.ɾi.tʃom.wa.pwa],[i.ɾi.dʒom.wa.bwa]
누구도 안전하지,25,[nu.ku.to.an.tʃʌn.ha.tʃi],[nu.gu.do.an.tʃʌn.ha.dʒi]
때와 장소를,25,[t͈ɛ.wa.tʃaŋ.so.ɾɯl],[t͈ɛ.wa.dʒaŋ.so.ɾɯl]
알아봐 줘요,25,[al.a.pwa.tʃwʌ.jo],[al.a.bwa.dʒwʌ.jo]
뭐하고 있나,25,[mwʌ.ha.ko.it̚.na],[mwʌ.ha.go.it̚.na]
주는 선물,25,[tʃu.nɯn.sʌn.mul],[dʒu.nɯn.sʌn.mul]
주세요 여기서,25,[tʃu.se.jo.jʌ.ki.sʌ],[dʒu.se.jo.jʌ.gi.sʌ]
했던 적이,25,[hɛt̚.tʌn.tʃʌk̚.i],[hɛt̚.tʌn.dʒʌk̚.i]
거랑 뭐가,25,[kʌ.ɾaŋ.mwʌ.ka],[gʌ.ɾaŋ.mwʌ.ga]
못지 않게,25,[mot̚.tʃi.aŋ.ke],[mot̚.tʃi.aŋ.ke]
싼 것,25,[s͈aŋ.kʌt̚],[s͈an.gʌt̚]
몇 번이나 더,25,[mjʌt̚.pʌn.i.na.tʌ],[mjʌt̚.bʌn.i.na.dʌ]
해요 어쨌든,25,[hɛ.jo.ʌ.tʃ͈ɛt̚.tɯn],[hɛ.jo.ʌ.tʃ͈ɛt̚.tɯn]
꿈도 꾸지 마요,25,[k͈un.to.k͈u.tʃi.ma.jo],[k͈un.to.k͈u.dʒi.ma.jo]
톰 챈들러,25,[tʰon.tʃʰɛn.tɯl.ɾʌ],[tʰon.tʃʰɛn.tɯl.ɾʌ]
죽을 뻔했다고요,25,[tʃuk̚.ɯl.p͈ʌn.hɛt̚.ta.ko.jo],[dʒuk̚.ɯl.p͈ʌn.hɛt̚.ta.go.jo]
난 세상에,25,[nan.se.saŋ.e],[nan.se.saŋ.e]
내 물건에 손대지,25,[nɛ.mul.kʌn.e.son.tɛ.tʃi],[nɛ.mul.kʌn.e.son.tɛ.dʒi]
gonna help,25,,
죽을 줄은,25,[tʃuk̚.ɯl.tʃul.ɯn],[dʒuk̚.ɯl.dʒul.ɯn]
못 해'',25,[mot̚.hɛ],[mot̚.hɛ]
and I just,25,,
정말 많네,25,[tʃʌŋ.mal.man.ne],[dʒʌŋ.mal.man.ne]
변화가 있을,25,[pjʌn.hwa.ka.it̚.ɯl],[bjʌn.hwa.ga.it̚.ɯl]
이사 오는,25,[i.sa.o.nɯn],[i.sa.o.nɯn]
움직이지 않고,25,[un.tʃik̚.i.tʃi.aŋ.ko],[un.tʃik̚.i.dʒi.aŋ.ko]
can see it,25,,
블레이크 씨,25,[pɯl.ɾe.i.kʰɯ.s͈i],[bɯl.ɾe.i.kʰɯ.s͈i]
들릴지 모르겠지만,25,[tɯl.ɾil.tʃi.mo.ɾɯ.ket̚.tʃi.man],[dɯl.ɾil.tʃi.mo.ɾɯ.get̚.tʃi.man]
너 없이도,25,[nʌ.ʌp̚.i.to],[nʌ.ʌp̚.i.do]
할 수 있냐고,25,[hal.su.it̚.nja.ko],[hal.su.it̚.nja.go]
나도 예전에,25,[na.to.je.tʃʌn.e],[na.do.je.dʒʌn.e]
들어 고마워,25,[tɯl.ʌ.ko.ma.wʌ],[dɯl.ʌ.go.ma.wʌ]
써야 하니까,25,[s͈ʌ.ja.ha.ni.k͈a],[s͈ʌ.ja.ha.ni.k͈a]
내 개가,25,[nɛ.kɛ.ka],[nɛ.gɛ.ga]
네가 와,25,[ne.ka.wa],[ne.ga.wa]
무슨 수가,25,[mu.sɯn.su.ka],[mu.sɯn.su.ga]
몇 신데,25,[mjʌt̚.sin.te],[mjʌt̚.sin.te]
누구든 내,25,[nu.ku.tɯn.nɛ],[nu.gu.dɯn.nɛ]
우리는 집에,25,[u.ɾi.nɯn.tʃip̚.e],[u.ɾi.nɯn.dʒip̚.e]
보자 아,25,[po.tʃa.a],[bo.dʒa.a]
고마워 제가,25,[ko.ma.wʌ.tʃe.ka],[go.ma.wʌ.dʒe.ga]
나 딱,25,[na.t͈ak̚],[na.t͈ak̚]
이사 가야,25,[i.sa.ka.ja],[i.sa.ga.ja]
눈이 안 보여,25,[nun.i.am.po.jʌ],[nun.i.an.bo.jʌ]
필요해요 그래,25,[pʰil.jo.hɛ.jo.kɯ.ɾɛ],[pʰil.jo.hɛ.jo.gɯ.ɾɛ]
나 있었어요,25,[na.it̚.ʌt̚.ʌ.jo],[na.it̚.ʌt̚.ʌ.jo]
잔뜩 화가,25,[tʃan.t͈ɯk̚.hwa.ka],[dʒan.t͈ɯk̚.hwa.ga]
정체가 뭐지,25,[tʃʌŋ.tʃʰe.ka.mwʌ.tʃi],[dʒʌŋ.tʃʰe.ga.mwʌ.dʒi]
주세요 하지만,25,[tʃu.se.jo.ha.tʃi.man],[dʒu.se.jo.ha.dʒi.man]
안 쓴다,25,[an.s͈ɯn.ta],[an.s͈ɯn.ta]
쏘면 안 돼,25,[s͈o.mjʌn.an.twɛ],[s͈o.mjʌn.an.dwɛ]
잘못된 것 같아요,25,[tʃal.mot̚.tweŋ.kʌt̚.kat̚.a.jo],[dʒal.mot̚.twen.gʌt̚.gat̚.a.jo]
눈이 좋아 너의,25,[nun.i.tʃot̚.a.nʌ.ɯi],[nun.i.dʒot̚.a.nʌ.ɯi]
이름을 바꾸고,25,[i.ɾɯm.ɯl.pa.k͈u.ko],[i.ɾɯm.ɯl.ba.k͈u.go]
버리는 거죠,25,[pʌ.ɾi.nɯŋ.kʌ.tʃjo],[bʌ.ɾi.nɯn.gʌ.dʒjo]
아니라면 어떻게,25,[a.ni.ɾa.mjʌn.ʌ.t͈ʌt̚.ke],[a.ni.ɾa.mjʌn.ʌ.t͈ʌt̚.ke]
이사 온 지 얼마,25,[i.sa.on.tʃi.ʌl.ma],[i.sa.on.dʒi.ʌl.ma]
하실 말씀 있으세요,25,[ha.sil.mal.s͈ɯm.it̚.ɯ.se.jo],[ha.sil.mal.s͈ɯm.it̚.ɯ.se.jo]
했어요 잠깐,25,[hɛt̚.ʌ.jo.tʃam.k͈an],[hɛt̚.ʌ.jo.dʒam.k͈an]
셔츠가 좋아 너의 손가락과,25,[sjʌ.tʃʰɯ.ka.tʃot̚.a.nʌ.ɯi.soŋ.ka.ɾak̚.kwa],[sjʌ.tʃʰɯ.ga.dʒot̚.a.nʌ.ɯi.soŋ.ka.ɾak̚.kwa]
쏜 후,25,[s͈on.hu],[s͈on.hu]
들어 주고,25,[tɯl.ʌ.tʃu.ko],[dɯl.ʌ.dʒu.go]
날 비웃어도 떨쳐 버려야지,25,[nal.pi.ut̚.ʌ.to.t͈ʌl.tʃʰjʌ.pʌ.ɾjʌ.ja.tʃi],[nal.bi.ut̚.ʌ.do.t͈ʌl.tʃʰjʌ.bʌ.ɾjʌ.ja.dʒi]
그를 돕는,25,[kɯ.ɾɯl.top̚.nɯn],[gɯ.ɾɯl.dop̚.nɯn]
들어가 봐야 해,25,[tɯl.ʌ.ka.pwa.ja.hɛ],[dɯl.ʌ.ga.bwa.ja.hɛ]
번 도로에,25,[pʌn.to.ɾo.e],[bʌn.do.ɾo.e]
어떤 방법이,25,[ʌ.t͈ʌm.pam.pʌp̚.i],[ʌ.t͈ʌn.baŋ.bʌp̚.i]
셔츠가 좋아 너의,25,[sjʌ.tʃʰɯ.ka.tʃot̚.a.nʌ.ɯi],[sjʌ.tʃʰɯ.ga.dʒot̚.a.nʌ.ɯi]
거 전부 다,25,[kʌ.tʃʌm.pu.ta],[gʌ.dʒʌm.pu.da]
레이번 씨,25,[ɾe.i.pʌn.s͈i],[ɾe.i.bʌn.s͈i]
통해 그리고,25,[tʰoŋ.hɛ.kɯ.ɾi.ko],[tʰoŋ.hɛ.gɯ.ɾi.go]
아니 그거,25,[a.ni.kɯ.kʌ],[a.ni.gɯ.gʌ]
원하는 대로 다,25,[wʌn.ha.nɯn.tɛ.ɾo.ta],[wʌn.ha.nɯn.dɛ.ɾo.da]
들어가도 되니,25,[tɯl.ʌ.ka.to.twe.ni],[dɯl.ʌ.ga.do.dwe.ni]
he say,25,,
어떤 환자죠,25,[ʌ.t͈ʌn.hwan.tʃa.tʃjo],[ʌ.t͈ʌn.hwan.tʃa.dʒjo]
네가 왜 그렇게,25,[ne.ka.wɛ.kɯ.ɾʌt̚.ke],[ne.ga.wɛ.gɯ.ɾʌt̚.ke]
빨리 처리해,25,[p͈al.ɾi.tʃʰʌ.ɾi.hɛ],[p͈al.ɾi.tʃʰʌ.ɾi.hɛ]
보냈을 거야,25,[po.nɛt̚.ɯl.kʌ.ja],[bo.nɛt̚.ɯl.gʌ.ja]
나는 하지 않을 것이다,25,[na.nɯn.ha.tʃi.an.ɯl.kʌt̚.i.ta],[na.nɯn.ha.dʒi.an.ɯl.gʌt̚.i.da]
이상의 뭔가가,25,[i.saŋ.ɯi.mwʌŋ.ka.ka],[i.saŋ.ɯi.mwʌŋ.ka.ga]
돌아와야 해요,25,[tol.a.wa.ja.hɛ.jo],[dol.a.wa.ja.hɛ.jo]
최초 감염자가,25,[tʃʰwe.tʃʰo.kam.jʌn.tʃa.ka],[tʃʰwe.tʃʰo.gam.jʌn.tʃa.ga]
누가 죽기라도,25,[nu.ka.tʃuk̚.ki.ɾa.to],[nu.ga.dʒuk̚.ki.ɾa.do]
일을 그만둘,25,[il.ɯl.kɯ.man.tul],[il.ɯl.gɯ.man.tul]
가게 놔둬,25,[ka.ke.nwa.twʌ],[ga.ge.nwa.dwʌ]
봐서 반가워,25,[pwa.sʌ.paŋ.ka.wʌ],[bwa.sʌ.baŋ.ka.wʌ]
언제든 날,25,[ʌn.tʃe.tɯn.nal],[ʌn.tʃe.dɯn.nal]
It''s you,25,,
먹은 후,25,[mʌk̚.ɯn.hu],[mʌk̚.ɯn.hu]
비웃어도 떨쳐 버려야지,25,[pi.ut̚.ʌ.to.t͈ʌl.tʃʰjʌ.pʌ.ɾjʌ.ja.tʃi],[bi.ut̚.ʌ.do.t͈ʌl.tʃʰjʌ.bʌ.ɾjʌ.ja.dʒi]
전화 온다,25,[tʃʌn.hwa.on.ta],[dʒʌn.hwa.on.ta]
둘 다 죽었어,25,[tul.ta.tʃuk̚.ʌt̚.ʌ],[dul.da.dʒuk̚.ʌt̚.ʌ]
인기가 많은,25,[iŋ.ki.ka.man.ɯn],[iŋ.ki.ga.man.ɯn]
좀 끌어,25,[tʃom.k͈ɯl.ʌ],[dʒom.k͈ɯl.ʌ]
난 그랬어,25,[naŋ.kɯ.ɾɛt̚.ʌ],[nan.gɯ.ɾɛt̚.ʌ]
감시 카메라는,25,[kam.si.kʰa.me.ɾa.nɯn],[gam.si.kʰa.me.ɾa.nɯn]
월 말에,25,[wʌl.mal.e],[wʌl.mal.e]
때가 있었죠,25,[t͈ɛ.ka.it̚.ʌt̚.tʃjo],[t͈ɛ.ga.it̚.ʌt̚.tʃjo]
거야 두고 봐,25,[kʌ.ja.tu.ko.pwa],[gʌ.ja.du.go.bwa]
정말 좋을 거야,25,[tʃʌŋ.mal.tʃot̚.ɯl.kʌ.ja],[dʒʌŋ.mal.dʒot̚.ɯl.gʌ.ja]
봐 왜 그래,25,[pwa.wɛ.kɯ.ɾɛ],[bwa.wɛ.gɯ.ɾɛ]
나의 소중한,25,[na.ɯi.so.tʃuŋ.han],[na.ɯi.so.dʒuŋ.han]
하나 새로,25,[ha.na.sɛ.ɾo],[ha.na.sɛ.ɾo]
이젠 저,25,[i.tʃen.tʃʌ],[i.dʒen.dʒʌ]
부탁할 게 있는데,25,[pu.tʰak̚.hal.ke.it̚.nɯn.te],[bu.tʰak̚.hal.ge.it̚.nɯn.te]
될 거란 걸,25,[twel.kʌ.ɾaŋ.kʌl],[dwel.gʌ.ɾan.gʌl]
엄마가 말한,25,[ʌm.ma.ka.mal.han],[ʌm.ma.ga.mal.han]
the heat,25,,
민호의 한숨,25,[min.ho.ɯi.han.sum],[min.ho.ɯi.han.sum]
아주 꽉,25,[a.tʃu.k͈wak̚],[a.dʒu.k͈wak̚]
우리가 헤어진,25,[u.ɾi.ka.he.ʌ.tʃin],[u.ɾi.ga.he.ʌ.dʒin]
쓰레기 더미,25,[s͈ɯ.ɾe.ki.tʌ.mi],[s͈ɯ.ɾe.gi.dʌ.mi]
말을 했다면,25,[mal.ɯl.hɛt̚.ta.mjʌn],[mal.ɯl.hɛt̚.ta.mjʌn]
위 니,25,[wi.ni],[wi.ni]
이름을 어떻게 알아,25,[i.ɾɯm.ɯl.ʌ.t͈ʌt̚.ke.al.a],[i.ɾɯm.ɯl.ʌ.t͈ʌt̚.ke.al.a]
거기 있어야 해,25,[kʌ.ki.it̚.ʌ.ja.hɛ],[gʌ.gi.it̚.ʌ.ja.hɛ]
allowed to,25,,
것도 아니었어,25,[kʌt̚.to.a.ni.ʌt̚.ʌ],[gʌt̚.to.a.ni.ʌt̚.ʌ]
주소를 알아냈어,25,[tʃu.so.ɾɯl.al.a.nɛt̚.ʌ],[dʒu.so.ɾɯl.al.a.nɛt̚.ʌ]
휴대 전화도,25,[hju.tɛ.tʃʌn.hwa.to],[hju.dɛ.dʒʌn.hwa.do]
땐 네가,25,[t͈ɛn.ne.ka],[t͈ɛn.ne.ga]
위로가 안,25,[wi.ɾo.ka.an],[wi.ɾo.ga.an]
목숨 바쳐,25,[mok̚.sum.pa.tʃʰjʌ],[mok̚.sum.ba.tʃʰjʌ]
모두 서둘러,25,[mo.tu.sʌ.tul.ɾʌ],[mo.du.sʌ.dul.ɾʌ]
이건 확실해,25,[i.kʌn.hwak̚.sil.hɛ],[i.gʌn.hwak̚.sil.hɛ]
했어요 같이,25,[hɛt̚.ʌ.jo.kat̚.i],[hɛt̚.ʌ.jo.gat̚.i]
좀 나은,25,[tʃom.na.ɯn],[dʒom.na.ɯn]
다른 주에서,25,[ta.ɾɯn.tʃu.e.sʌ],[da.ɾɯn.dʒu.e.sʌ]
이름을 잘못,25,[i.ɾɯm.ɯl.tʃal.mot̚],[i.ɾɯm.ɯl.dʒal.mot̚]
말했을 텐데요,25,[mal.hɛt̚.ɯl.tʰen.te.jo],[mal.hɛt̚.ɯl.tʰen.te.jo]
거 같아 하지만,25,[kʌ.kat̚.a.ha.tʃi.man],[gʌ.gat̚.a.ha.dʒi.man]
그리고 여기서 나는,25,[kɯ.ɾi.ko.jʌ.ki.sʌ.na.nɯn],[gɯ.ɾi.go.jʌ.gi.sʌ.na.nɯn]
내가 운전할게요,25,[nɛ.ka.un.tʃʌn.hal.ke.jo],[nɛ.ga.un.tʃʌn.hal.ke.jo]
필요해요 그게,25,[pʰil.jo.hɛ.jo.kɯ.ke],[pʰil.jo.hɛ.jo.gɯ.ge]
쓸만한 게,25,[s͈ɯl.man.haŋ.ke],[s͈ɯl.man.han.ge]
둘 사이엔,25,[tul.sa.i.en],[dul.sa.i.en]
쓸모 있을,25,[s͈ɯl.mo.it̚.ɯl],[s͈ɯl.mo.it̚.ɯl]
정보가 없어요,25,[tʃʌm.po.ka.ʌp̚.ʌ.jo],[dʒʌŋ.bo.ga.ʌp̚.ʌ.jo]
일인지 말해줄래,25,[il.in.tʃi.mal.hɛ.tʃul.ɾɛ],[il.in.tʃi.mal.hɛ.dʒul.ɾɛ]
내가 한 짓 때문에,25,[nɛ.ka.han.tʃit̚.t͈ɛ.mun.e],[nɛ.ga.han.dʒit̚.t͈ɛ.mun.e]
Love Is,25,,
no one knows,25,,
그는 그에게,25,[kɯ.nɯŋ.kɯ.e.ke],[gɯ.nɯn.gɯ.e.ge]
이제 좋은,25,[i.tʃe.tʃot̚.ɯn],[i.dʒe.dʒot̚.ɯn]
더 많은 것을 가지고,25,[tʌ.man.ɯŋ.kʌt̚.ɯl.ka.tʃi.ko],[dʌ.man.ɯn.gʌt̚.ɯl.ga.dʒi.go]
살아남는 게,25,[sal.a.nam.nɯŋ.ke],[sal.a.nam.nɯn.ge]
여기 어디예요,25,[jʌ.ki.ʌ.ti.je.jo],[jʌ.gi.ʌ.di.je.jo]
근데 걔,25,[kɯn.te.kjɛ],[gɯn.te.gjɛ]
시간 좀 내줄래,25,[si.kan.tʃom.nɛ.tʃul.ɾɛ],[si.gan.dʒom.nɛ.dʒul.ɾɛ]
열 명이,25,[jʌl.mjʌŋ.i],[jʌl.mjʌŋ.i]
있어 그리고 넌,25,[it̚.ʌ.kɯ.ɾi.ko.nʌn],[it̚.ʌ.gɯ.ɾi.go.nʌn]
통지가 있을,25,[tʰoŋ.tʃi.ka.it̚.ɯl],[tʰoŋ.dʒi.ga.it̚.ɯl]
내가 본 걸,25,[nɛ.ka.poŋ.kʌl],[nɛ.ga.bon.gʌl]
I saw it,25,,
시간 좀 걸릴,25,[si.kan.tʃom.kʌl.ɾil],[si.gan.dʒom.gʌl.ɾil]
하지 말래,25,[ha.tʃi.mal.ɾɛ],[ha.dʒi.mal.ɾɛ]
위한 거고,25,[wi.haŋ.kʌ.ko],[wi.han.gʌ.go]
언제 우리가,25,[ʌn.tʃe.u.ɾi.ka],[ʌn.tʃe.u.ɾi.ga]
싫어 당신,25,[sil.ʌ.taŋ.sin],[sil.ʌ.daŋ.sin]
그는 같은,25,[kɯ.nɯŋ.kat̚.ɯn],[gɯ.nɯn.gat̚.ɯn]
대해 알아낸 게,25,[tɛ.hɛ.al.a.nɛŋ.ke],[dɛ.hɛ.al.a.nɛn.ge]
되지 않아 음성 사서함으로,25,[twe.tʃi.an.a.ɯm.sʌŋ.sa.sʌ.ham.ɯ.ɾo],[dwe.dʒi.an.a.ɯm.sʌŋ.sa.sʌ.ham.ɯ.ɾo]
그를 밖으로,25,[kɯ.ɾɯl.pak̚.ɯ.ɾo],[gɯ.ɾɯl.bak̚.ɯ.ɾo]
위한 더,25,[wi.han.tʌ],[wi.han.dʌ]
없어 벌써,25,[ʌp̚.ʌ.pʌl.s͈ʌ],[ʌp̚.ʌ.bʌl.s͈ʌ]
흥분 안,25,[hɯm.pun.an],[hɯŋ.bun.an]
모두 죽여,25,[mo.tu.tʃuk̚.jʌ],[mo.du.dʒuk̚.jʌ]
열 번째,25,[jʌl.pʌn.tʃ͈ɛ],[jʌl.bʌn.tʃ͈ɛ]
맞혀 볼게요,25,[mat̚.hjʌ.pol.ke.jo],[mat̚.hjʌ.bol.ke.jo]
말이죠 이제,25,[mal.i.tʃjo.i.tʃe],[mal.i.dʒjo.i.dʒe]
했어요 그녀는,25,[hɛt̚.ʌ.jo.kɯ.njʌ.nɯn],[hɛt̚.ʌ.jo.gɯ.njʌ.nɯn]
하나도 없을,25,[ha.na.to.ʌp̚.ɯl],[ha.na.do.ʌp̚.ɯl]
준비되지 않았다,25,[tʃum.pi.twe.tʃi.an.at̚.ta],[dʒum.pi.dwe.dʒi.an.at̚.ta]
나라면 그렇게,25,[na.ɾa.mjʌŋ.kɯ.ɾʌt̚.ke],[na.ɾa.mjʌn.gɯ.ɾʌt̚.ke]
자신을 돌볼 수,25,[tʃa.sin.ɯl.tol.pol.su],[dʒa.sin.ɯl.dol.pol.su]
수 있었,25,[su.it̚.ʌt̚],[su.it̚.ʌt̚]
이 목걸이를,25,[i.mok̚.kʌl.i.ɾɯl],[i.mok̚.kʌl.i.ɾɯl]
당하게 될,25,[taŋ.ha.ke.twel],[daŋ.ha.ge.dwel]
텐데 아,25,[tʰen.te.a],[tʰen.te.a]
남편 분,25,[nam.pʰjʌm.pun],[nam.pʰjʌn.bun]
그를 보호하기,25,[kɯ.ɾɯl.po.ho.ha.ki],[gɯ.ɾɯl.bo.ho.ha.gi]
하다 나는,25,[ha.ta.na.nɯn],[ha.da.na.nɯn]
정확한 위치,25,[tʃʌŋ.hwak̚.han.wi.tʃʰi],[dʒʌŋ.hwak̚.han.wi.tʃʰi]
되는 게 아니라,25,[twe.nɯŋ.ke.a.ni.ɾa],[dwe.nɯn.ge.a.ni.ɾa]
네가 이 일에,25,[ne.ka.i.il.e],[ne.ga.i.il.e]
대체 내가 왜,25,[tɛ.tʃʰe.nɛ.ka.wɛ],[dɛ.tʃʰe.nɛ.ga.wɛ]
조용히 해야 해,25,[tʃo.joŋ.hi.hɛ.ja.hɛ],[dʒo.joŋ.hi.hɛ.ja.hɛ]
난 규칙을,25,[naŋ.kju.tʃʰik̚.ɯl],[nan.gju.tʃʰik̚.ɯl]
내 연구,25,[nɛ.jʌŋ.ku],[nɛ.jʌŋ.ku]
더 나쁜 짓을,25,[tʌ.na.p͈ɯn.tʃit̚.ɯl],[dʌ.na.p͈ɯn.dʒit̚.ɯl]
함께 저녁을,25,[ham.k͈e.tʃʌ.njʌk̚.ɯl],[ham.k͈e.dʒʌ.njʌk̚.ɯl]
the story,25,,
남길 말은,25,[nam.kil.mal.ɯn],[nam.kil.mal.ɯn]
내가 어느,25,[nɛ.ka.ʌ.nɯ],[nɛ.ga.ʌ.nɯ]
둘 테니까,25,[tul.tʰe.ni.k͈a],[dul.tʰe.ni.k͈a]
잘못이 없어,25,[tʃal.mot̚.i.ʌp̚.ʌ],[dʒal.mot̚.i.ʌp̚.ʌ]
돈이 없다는,25,[ton.i.ʌp̚.ta.nɯn],[don.i.ʌp̚.ta.nɯn]
치고 있는,25,[tʃʰi.ko.it̚.nɯn],[tʃʰi.go.it̚.nɯn]
일인지 알아요,25,[il.in.tʃi.al.a.jo],[il.in.tʃi.al.a.jo]
늘 그럴,25,[nɯl.kɯ.ɾʌl],[nɯl.gɯ.ɾʌl]
못했던 것,25,[mot̚.hɛt̚.tʌŋ.kʌt̚],[mot̚.hɛt̚.tʌn.gʌt̚]
위해 애써,25,[wi.hɛ.ɛ.s͈ʌ],[wi.hɛ.ɛ.s͈ʌ]
말할 것을 맹세합니까,25,[mal.hal.kʌt̚.ɯl.mɛŋ.se.hap̚.ni.k͈a],[mal.hal.gʌt̚.ɯl.mɛŋ.se.hap̚.ni.k͈a]
우리가 했어,25,[u.ɾi.ka.hɛt̚.ʌ],[u.ɾi.ga.hɛt̚.ʌ]
할 때도 있어요,25,[hal.t͈ɛ.to.it̚.ʌ.jo],[hal.t͈ɛ.do.it̚.ʌ.jo]
쓰여 있잖아,25,[s͈ɯ.jʌ.it̚.tʃan.a],[s͈ɯ.jʌ.it̚.tʃan.a]
잘 보관해,25,[tʃal.po.kwan.hɛ],[dʒal.bo.gwan.hɛ]
모두가 알아 날 비웃어도,25,[mo.tu.ka.al.a.nal.pi.ut̚.ʌ.to],[mo.du.ga.al.a.nal.bi.ut̚.ʌ.do]
것인 줄,25,[kʌt̚.in.tʃul],[gʌt̚.in.dʒul]
정신이 없어서요,25,[tʃʌŋ.sin.i.ʌp̚.ʌ.sʌ.jo],[dʒʌŋ.sin.i.ʌp̚.ʌ.sʌ.jo]
그리고 자신의,25,[kɯ.ɾi.ko.tʃa.sin.ɯi],[gɯ.ɾi.go.dʒa.sin.ɯi]
필요해요 우리가,25,[pʰil.jo.hɛ.jo.u.ɾi.ka],[pʰil.jo.hɛ.jo.u.ɾi.ga]
위해 일하는 거야,25,[wi.hɛ.il.ha.nɯŋ.kʌ.ja],[wi.hɛ.il.ha.nɯn.gʌ.ja]
열네 살,25,[jʌl.le.sal],[jʌl.le.sal]
비장한 신음,25,[pi.tʃaŋ.han.sin.ɯm],[bi.dʒaŋ.han.sin.ɯm]
정말 좋아할 거야,25,[tʃʌŋ.mal.tʃot̚.a.hal.kʌ.ja],[dʒʌŋ.mal.dʒot̚.a.hal.gʌ.ja]
일이 잘 풀리지,25,[il.i.tʃal.pʰul.ɾi.tʃi],[il.i.dʒal.pʰul.ɾi.dʒi]
사람들이 모여,25,[sa.ɾan.tɯl.i.mo.jʌ],[sa.ɾan.tɯl.i.mo.jʌ]
둘러싸고 있는,25,[tul.ɾʌ.s͈a.ko.it̚.nɯn],[dul.ɾʌ.s͈a.go.it̚.nɯn]
inside of,25,,
돈이 왜,25,[ton.i.wɛ],[don.i.wɛ]
명 밖에,25,[mjʌm.pak̚.e],[mjʌŋ.bak̚.e]
희망하고 있었다,25,[hɯi.maŋ.ha.ko.it̚.ʌt̚.ta],[hɯi.maŋ.ha.go.it̚.ʌt̚.ta]
제 눈,25,[tʃe.nun],[dʒe.nun]
얘기할 때는,25,[jɛ.ki.hal.t͈ɛ.nɯn],[jɛ.gi.hal.t͈ɛ.nɯn]
받게 되는,25,[pat̚.ke.twe.nɯn],[bat̚.ke.dwe.nɯn]
가져올 걸,25,[ka.tʃjʌ.ol.kʌl],[ga.dʒjʌ.ol.gʌl]
통지가 있을 때까지,25,[tʰoŋ.tʃi.ka.it̚.ɯl.t͈ɛ.k͈a.tʃi],[tʰoŋ.dʒi.ga.it̚.ɯl.t͈ɛ.k͈a.dʒi]
하는지 어떻게,25,[ha.nɯn.tʃi.ʌ.t͈ʌt̚.ke],[ha.nɯn.tʃi.ʌ.t͈ʌt̚.ke]
겁니다 지난,25,[kʌp̚.ni.ta.tʃi.nan],[gʌp̚.ni.da.dʒi.nan]
해결해야 할 일이,25,[hɛ.kjʌl.hɛ.ja.hal.il.i],[hɛ.gjʌl.hɛ.ja.hal.il.i]
대니 형이,25,[tɛ.ni.hjʌŋ.i],[dɛ.ni.hjʌŋ.i]
우리는 볼,25,[u.ɾi.nɯm.pol],[u.ɾi.nɯn.bol]
희망을 가져야지,25,[hɯi.maŋ.ɯl.ka.tʃjʌ.ja.tʃi],[hɯi.maŋ.ɯl.ga.dʒjʌ.ja.dʒi]
말할 순 없어,25,[mal.hal.sun.ʌp̚.ʌ],[mal.hal.sun.ʌp̚.ʌ]
현금을 가지고,25,[hjʌŋ.kɯm.ɯl.ka.tʃi.ko],[hjʌŋ.kɯm.ɯl.ga.dʒi.go]
위해서 좋아,25,[wi.hɛ.sʌ.tʃot̚.a],[wi.hɛ.sʌ.dʒot̚.a]
추적해 봐,25,[tʃʰu.tʃʌk̚.hɛ.pwa],[tʃʰu.dʒʌk̚.hɛ.bwa]
것도 알게,25,[kʌt̚.to.al.ke],[gʌt̚.to.al.ke]
훨씬 더 중요한,25,[hwʌl.s͈in.tʌ.tʃuŋ.jo.han],[hwʌl.s͈in.dʌ.dʒuŋ.jo.han]
것 같아 모든,25,[kʌt̚.kat̚.a.mo.tɯn],[gʌt̚.gat̚.a.mo.dɯn]
신이 우리를,25,[sin.i.u.ɾi.ɾɯl],[sin.i.u.ɾi.ɾɯl]
근데 곧,25,[kɯn.te.kot̚],[gɯn.te.got̚]
가득 채운,25,[ka.tɯk̚.tʃʰɛ.un],[ga.dɯk̚.tʃʰɛ.un]
난 약속,25,[nan.jak̚.sok̚],[nan.jak̚.sok̚]
줄 수도 있고,25,[tʃul.su.to.it̚.ko],[dʒul.su.do.it̚.ko]
I went to,25,,
싫어하는 것도,25,[sil.ʌ.ha.nɯŋ.kʌt̚.to],[sil.ʌ.ha.nɯn.gʌt̚.to]
다시 오고,25,[ta.si.o.ko],[da.si.o.go]
어떻게 했나요,25,[ʌ.t͈ʌt̚.ke.hɛt̚.na.jo],[ʌ.t͈ʌt̚.ke.hɛt̚.na.jo]
줄 순 없지,25,[tʃul.sun.ʌp̚.tʃi],[dʒul.sun.ʌp̚.tʃi]
on October,25,,
주에 또,25,[tʃu.e.t͈o],[dʒu.e.t͈o]
위험을 무릅쓰다,25,[wi.hʌm.ɯl.mu.ɾɯp̚.s͈ɯ.ta],[wi.hʌm.ɯl.mu.ɾɯp̚.s͈ɯ.da]
그 방법뿐이야,25,[kɯ.pam.pʌp̚.p͈un.i.ja],[gɯ.baŋ.bʌp̚.p͈un.i.ja]
믿어 그래,25,[mit̚.ʌ.kɯ.ɾɛ],[mit̚.ʌ.gɯ.ɾɛ]
너와 나뿐이야,25,[nʌ.wa.na.p͈un.i.ja],[nʌ.wa.na.p͈un.i.ja]
목숨을 걸었어요,25,[mok̚.sum.ɯl.kʌl.ʌt̚.ʌ.jo],[mok̚.sum.ɯl.gʌl.ʌt̚.ʌ.jo]
죽일 뻔했잖아,25,[tʃuk̚.il.p͈ʌn.hɛt̚.tʃan.a],[dʒuk̚.il.p͈ʌn.hɛt̚.tʃan.a]
내가 해결하지,25,[nɛ.ka.hɛ.kjʌl.ha.tʃi],[nɛ.ga.hɛ.gjʌl.ha.dʒi]
말해 그게,25,[mal.hɛ.kɯ.ke],[mal.hɛ.gɯ.ge]
휴대폰 번호,25,[hju.tɛ.pʰom.pʌn.ho],[hju.dɛ.pʰon.bʌn.ho]
도움이 더,25,[to.um.i.tʌ],[do.um.i.dʌ]
그래 그래 그래,25,[kɯ.ɾɛ.kɯ.ɾɛ.kɯ.ɾɛ],[gɯ.ɾɛ.gɯ.ɾɛ.gɯ.ɾɛ]
그게 딱,25,[kɯ.ke.t͈ak̚],[gɯ.ge.t͈ak̚]
걸 확인했어요,25,[kʌl.hwak̚.in.hɛt̚.ʌ.jo],[gʌl.hwak̚.in.hɛt̚.ʌ.jo]
안 어울릴,25,[an.ʌ.ul.ɾil],[an.ʌ.ul.ɾil]
말이지 무슨,25,[mal.i.tʃi.mu.sɯn],[mal.i.dʒi.mu.sɯn]
그냥 자고,25,[kɯ.njaŋ.tʃa.ko],[gɯ.njaŋ.dʒa.go]
잘 안 되네,25,[tʃal.an.twe.ne],[dʒal.an.dwe.ne]
볼 일도,25,[pol.il.to],[bol.il.to]
해 경찰이,25,[hɛ.kjʌŋ.tʃʰal.i],[hɛ.gjʌŋ.tʃʰal.i]
뭐 놓친,25,[mwʌ.not̚.tʃʰin],[mwʌ.not̚.tʃʰin]
가져갈 게,25,[ka.tʃjʌ.kal.ke],[ga.dʒjʌ.gal.ge]
정보가 필요합니다,25,[tʃʌm.po.ka.pʰil.jo.hap̚.ni.ta],[dʒʌŋ.bo.ga.pʰil.jo.hap̚.ni.da]
루서 킹,25,[ɾu.sʌ.kʰiŋ],[ɾu.sʌ.kʰiŋ]
잘 안들려,25,[tʃal.an.tɯl.ɾjʌ],[dʒal.an.tɯl.ɾjʌ]
뭐든 맘대로,25,[mwʌ.tɯn.man.tɛ.ɾo],[mwʌ.dɯn.man.tɛ.ɾo]
놓으면 돼,25,[not̚.ɯ.mjʌn.twɛ],[not̚.ɯ.mjʌn.dwɛ]
했어요 나한테,25,[hɛt̚.ʌ.jo.na.han.tʰe],[hɛt̚.ʌ.jo.na.han.tʰe]
should just,25,,
matter how,25,,
난 것 같아요,25,[naŋ.kʌt̚.kat̚.a.jo],[nan.gʌt̚.gat̚.a.jo]
따끔할 거야,25,[t͈a.k͈ɯm.hal.kʌ.ja],[t͈a.k͈ɯm.hal.gʌ.ja]
그렇게 좋아요,25,[kɯ.ɾʌt̚.ke.tʃot̚.a.jo],[gɯ.ɾʌt̚.ke.dʒot̚.a.jo]
유력한 용의자가,25,[ju.ɾjʌk̚.han.joŋ.ɯi.tʃa.ka],[ju.ɾjʌk̚.han.joŋ.ɯi.dʒa.ga]
온 마음을 다해,25,[on.ma.ɯm.ɯl.ta.hɛ],[on.ma.ɯm.ɯl.da.hɛ]
이 문서는,25,[i.mun.sʌ.nɯn],[i.mun.sʌ.nɯn]
건지 이해가 안,25,[kʌn.tʃi.i.hɛ.ka.an],[gʌn.tʃi.i.hɛ.ga.an]
나온 적이,25,[na.on.tʃʌk̚.i],[na.on.dʒʌk̚.i]
you''re thinking,25,,
해도 그는,25,[hɛ.to.kɯ.nɯn],[hɛ.do.gɯ.nɯn]
거기까지 어떻게,25,[kʌ.ki.k͈a.tʃi.ʌ.t͈ʌt̚.ke],[gʌ.gi.k͈a.dʒi.ʌ.t͈ʌt̚.ke]
열심히 사는,25,[jʌl.sim.hi.sa.nɯn],[jʌl.sim.hi.sa.nɯn]
이리 들어와,25,[i.ɾi.tɯl.ʌ.wa],[i.ɾi.dɯl.ʌ.wa]
말씀하셔도 돼요,25,[mal.s͈ɯm.ha.sjʌ.to.twɛ.jo],[mal.s͈ɯm.ha.sjʌ.do.dwɛ.jo]
하지만 난 그가,25,[ha.tʃi.man.naŋ.kɯ.ka],[ha.dʒi.man.nan.gɯ.ga]
nbsp 내,25,[nɛ],[nɛ]
줄게 알았어,25,[tʃul.ke.al.at̚.ʌ],[dʒul.ke.al.at̚.ʌ]
뭐 알고,25,[mwʌ.al.ko],[mwʌ.al.ko]
다른 사람에게도,25,[ta.ɾɯn.sa.ɾam.e.ke.to],[da.ɾɯn.sa.ɾam.e.ge.do]
건데 제가,25,[kʌn.te.tʃe.ka],[gʌn.te.dʒe.ga]
밑에서 일하게,25,[mit̚.e.sʌ.il.ha.ke],[mit̚.e.sʌ.il.ha.ge]
모두 열심히,25,[mo.tu.jʌl.sim.hi],[mo.du.jʌl.sim.hi]
네가 자는,25,[ne.ka.tʃa.nɯn],[ne.ga.dʒa.nɯn]
날 피하고,25,[nal.pʰi.ha.ko],[nal.pʰi.ha.go]
건진 건,25,[kʌn.tʃiŋ.kʌn],[gʌn.tʃin.gʌn]
이유를 대봐,25,[i.ju.ɾɯl.tɛ.pwa],[i.ju.ɾɯl.dɛ.bwa]
집중하고 있어요,25,[tʃip̚.tʃuŋ.ha.ko.it̚.ʌ.jo],[dʒip̚.tʃuŋ.ha.go.it̚.ʌ.jo]
갔다 하는,25,[kat̚.ta.ha.nɯn],[gat̚.ta.ha.nɯn]
당신 도움은 필요,25,[taŋ.sin.to.um.ɯm.pʰil.jo],[daŋ.sin.do.um.ɯm.pʰil.jo]
맘대로 할 거야,25,[man.tɛ.ɾo.hal.kʌ.ja],[man.tɛ.ɾo.hal.gʌ.ja]
고마워요 고마워,25,[ko.ma.wʌ.jo.ko.ma.wʌ],[go.ma.wʌ.jo.go.ma.wʌ]
다 살 수,25,[ta.sal.su],[da.sal.su]
번도 이런,25,[pʌn.to.i.ɾʌn],[bʌn.to.i.ɾʌn]
열심히 일했어요,25,[jʌl.sim.hi.il.hɛt̚.ʌ.jo],[jʌl.sim.hi.il.hɛt̚.ʌ.jo]
내 오래된,25,[nɛ.o.ɾɛ.twen],[nɛ.o.ɾɛ.dwen]
둘이 뭐 하는,25,[tul.i.mwʌ.ha.nɯn],[dul.i.mwʌ.ha.nɯn]
전 겨우,25,[tʃʌŋ.kjʌ.u],[dʒʌn.gjʌ.u]
말을 했었죠,25,[mal.ɯl.hɛt̚.ʌt̚.tʃjo],[mal.ɯl.hɛt̚.ʌt̚.tʃjo]
그걸 원한,25,[kɯ.kʌl.wʌn.han],[gɯ.gʌl.wʌn.han]
그저 자기,25,[kɯ.tʃʌ.tʃa.ki],[gɯ.dʒʌ.dʒa.gi]
나도 듣고,25,[na.to.tɯt̚.ko],[na.do.dɯt̚.ko]
할 거지만,25,[hal.kʌ.tʃi.man],[hal.gʌ.dʒi.man]
그러나 일부,25,[kɯ.ɾʌ.na.il.pu],[gɯ.ɾʌ.na.il.pu]
Because it''s,25,,
무슨 짓을 할 수,25,[mu.sɯn.tʃit̚.ɯl.hal.su],[mu.sɯn.dʒit̚.ɯl.hal.su]
하나만 주세요,25,[ha.na.man.tʃu.se.jo],[ha.na.man.dʒu.se.jo]
지배할 것이다,25,[tʃi.pɛ.hal.kʌt̚.i.ta],[dʒi.bɛ.hal.gʌt̚.i.da]
이렇게 했어,25,[i.ɾʌt̚.ke.hɛt̚.ʌ],[i.ɾʌt̚.ke.hɛt̚.ʌ]
좀 대신,25,[tʃon.tɛ.sin],[dʒom.dɛ.sin]
일에 관해서,25,[il.e.kwan.hɛ.sʌ],[il.e.gwan.hɛ.sʌ]
있습니다 고마워요,25,[it̚.sɯp̚.ni.ta.ko.ma.wʌ.jo],[it̚.sɯp̚.ni.da.go.ma.wʌ.jo]
따르는 거지,25,[t͈a.ɾɯ.nɯŋ.kʌ.tʃi],[t͈a.ɾɯ.nɯn.gʌ.dʒi]
제 자리는,25,[tʃe.tʃa.ɾi.nɯn],[dʒe.dʒa.ɾi.nɯn]
제 자신에게,25,[tʃe.tʃa.sin.e.ke],[dʒe.dʒa.sin.e.ge]
직접 확인하고,25,[tʃik̚.tʃʌp̚.hwak̚.in.ha.ko],[dʒik̚.tʃʌp̚.hwak̚.in.ha.go]
집에 갈 수 있어요,25,[tʃip̚.e.kal.su.it̚.ʌ.jo],[dʒip̚.e.gal.su.it̚.ʌ.jo]
지 일주일,25,[tʃi.il.tʃu.il],[dʒi.il.tʃu.il]
날 잊은,25,[nal.it̚.ɯn],[nal.it̚.ɯn]
중 내,25,[tʃuŋ.nɛ],[dʒuŋ.nɛ]
요리를 할,25,[jo.ɾi.ɾɯl.hal],[jo.ɾi.ɾɯl.hal]
물어봐 내가,25,[mul.ʌ.pwa.nɛ.ka],[mul.ʌ.bwa.nɛ.ga]
그 결정,25,[kɯ.kjʌl.tʃʌŋ],[gɯ.gjʌl.tʃʌŋ]
괜찮아 우리는,25,[kwɛn.tʃʰan.a.u.ɾi.nɯn],[gwɛn.tʃʰan.a.u.ɾi.nɯn]
당신의 고통을,25,[taŋ.sin.ɯi.ko.tʰoŋ.ɯl],[daŋ.sin.ɯi.go.tʰoŋ.ɯl]
환호와 웃음,25,[hwan.ho.wa.ut̚.ɯm],[hwan.ho.wa.ut̚.ɯm]
경찰이 한,25,[kjʌŋ.tʃʰal.i.han],[gjʌŋ.tʃʰal.i.han]
둘이 어디,25,[tul.i.ʌ.ti],[dul.i.ʌ.di]
우리는 할 일이,25,[u.ɾi.nɯn.hal.il.i],[u.ɾi.nɯn.hal.il.i]
이제 계속,25,[i.tʃe.kje.sok̚],[i.dʒe.gje.sok̚]
버렸을 때,25,[pʌ.ɾjʌt̚.ɯl.t͈ɛ],[bʌ.ɾjʌt̚.ɯl.t͈ɛ]
보이진 않네요,25,[po.i.tʃin.an.ne.jo],[bo.i.dʒin.an.ne.jo]
한계점이라면 새로 칠해도 돼,25,[haŋ.kje.tʃʌm.i.ɾa.mjʌn.sɛ.ɾo.tʃʰil.hɛ.to.twɛ],[haŋ.kje.dʒʌm.i.ɾa.mjʌn.sɛ.ɾo.tʃʰil.hɛ.do.dwɛ]
곳이 있다,25,[kot̚.i.it̚.ta],[got̚.i.it̚.ta]
니가 잘,25,[ni.ka.tʃal],[ni.ga.dʒal]
수 있을거요,25,[su.it̚.ɯl.kʌ.jo],[su.it̚.ɯl.kʌ.jo]
걸 가져왔어,25,[kʌl.ka.tʃjʌ.wat̚.ʌ],[gʌl.ga.dʒjʌ.wat̚.ʌ]
널 도와주려고,25,[nʌl.to.wa.tʃu.ɾjʌ.ko],[nʌl.do.wa.dʒu.ɾjʌ.go]
총을 쏘았다,25,[tʃʰoŋ.ɯl.s͈o.at̚.ta],[tʃʰoŋ.ɯl.s͈o.at̚.ta]
중 최악의,25,[tʃuŋ.tʃʰwe.ak̚.ɯi],[dʒuŋ.tʃʰwe.ak̚.ɯi]
어서 한,25,[ʌ.sʌ.han],[ʌ.sʌ.han]
a piece,25,,
있을 수 있다고,25,[it̚.ɯl.su.it̚.ta.ko],[it̚.ɯl.su.it̚.ta.go]
제가 그녀의,25,[tʃe.ka.kɯ.njʌ.ɯi],[dʒe.ga.gɯ.njʌ.ɯi]
라 리바,25,[ɾa.ɾi.pa],[ɾa.ɾi.ba]
그린 건,25,[kɯ.ɾiŋ.kʌn],[gɯ.ɾin.gʌn]
누군가 일부러,25,[nu.kuŋ.ka.il.pu.ɾʌ],[nu.guŋ.ka.il.pu.ɾʌ]
한 가지 더 있어,25,[haŋ.ka.tʃi.tʌ.it̚.ʌ],[han.ga.dʒi.dʌ.it̚.ʌ]
하다가 갑자기,25,[ha.ta.ka.kap̚.tʃa.ki],[ha.da.ga.gap̚.tʃa.gi]
난 최근에,25,[nan.tʃʰwe.kɯn.e],[nan.tʃʰwe.gɯn.e]
널 돕게,25,[nʌl.top̚.ke],[nʌl.dop̚.ke]
좀 더 열심히,25,[tʃon.tʌ.jʌl.sim.hi],[dʒom.dʌ.jʌl.sim.hi]
견디기 힘들어,25,[kjʌn.ti.ki.hin.tɯl.ʌ],[gjʌn.ti.gi.hin.tɯl.ʌ]
내 세상이,25,[nɛ.se.saŋ.i],[nɛ.se.saŋ.i]
그게 말이 되냐,25,[kɯ.ke.mal.i.twe.nja],[gɯ.ge.mal.i.dwe.nja]
우리도 어쩔,25,[u.ɾi.to.ʌ.tʃ͈ʌl],[u.ɾi.do.ʌ.tʃ͈ʌl]
했어요 모든,25,[hɛt̚.ʌ.jo.mo.tɯn],[hɛt̚.ʌ.jo.mo.dɯn]
우리도 알고,25,[u.ɾi.to.al.ko],[u.ɾi.do.al.ko]
공을 가지고,25,[koŋ.ɯl.ka.tʃi.ko],[goŋ.ɯl.ga.dʒi.go]
뭐 대충,25,[mwʌ.tɛ.tʃʰuŋ],[mwʌ.dɛ.tʃʰuŋ]
전 뭐,25,[tʃʌn.mwʌ],[dʒʌn.mwʌ]
제가 마음에,25,[tʃe.ka.ma.ɯm.e],[dʒe.ga.ma.ɯm.e]
다 알게 될,25,[ta.al.ke.twel],[da.al.ke.dwel]
확인해 보라고,25,[hwak̚.in.hɛ.po.ɾa.ko],[hwak̚.in.hɛ.bo.ɾa.go]
엄마가 자기,25,[ʌm.ma.ka.tʃa.ki],[ʌm.ma.ga.dʒa.gi]
수 있을지도요,25,[su.it̚.ɯl.tʃi.to.jo],[su.it̚.ɯl.tʃi.do.jo]
하게 놔둘,25,[ha.ke.nwa.tul],[ha.ge.nwa.dul]
보니 넌,25,[po.ni.nʌn],[bo.ni.nʌn]
to life,25,,
나는 좀 더,25,[na.nɯn.tʃon.tʌ],[na.nɯn.dʒom.dʌ]
가서 손님들,25,[ka.sʌ.son.nin.tɯl],[ga.sʌ.son.nin.tɯl]
모두 모여서,25,[mo.tu.mo.jʌ.sʌ],[mo.du.mo.jʌ.sʌ]
거기 들어가면,25,[kʌ.ki.tɯl.ʌ.ka.mjʌn],[gʌ.gi.dɯl.ʌ.ga.mjʌn]
뭘 해야하는지,25,[mwʌl.hɛ.ja.ha.nɯn.tʃi],[mwʌl.hɛ.ja.ha.nɯn.tʃi]
뭔가를 발견했다,25,[mwʌŋ.ka.ɾɯl.pal.kjʌn.hɛt̚.ta],[mwʌŋ.ka.ɾɯl.bal.kjʌn.hɛt̚.ta]
엄마가 지금,25,[ʌm.ma.ka.tʃi.kɯm],[ʌm.ma.ga.dʒi.gɯm]
라고 말하지,25,[ɾa.ko.mal.ha.tʃi],[ɾa.go.mal.ha.dʒi]
그러길 바라죠,25,[kɯ.ɾʌ.kil.pa.ɾa.tʃjo],[gɯ.ɾʌ.gil.ba.ɾa.dʒjo]
좀 더 필요해,25,[tʃon.tʌ.pʰil.jo.hɛ],[dʒom.dʌ.pʰil.jo.hɛ]
내 마음 속,25,[nɛ.ma.ɯm.sok̚],[nɛ.ma.ɯm.sok̚]
그래서 모두,25,[kɯ.ɾɛ.sʌ.mo.tu],[gɯ.ɾɛ.sʌ.mo.du]
주저하지 않을,25,[tʃu.tʃʌ.ha.tʃi.an.ɯl],[dʒu.dʒʌ.ha.dʒi.an.ɯl]
난 사랑,25,[nan.sa.ɾaŋ],[nan.sa.ɾaŋ]
사업에 대한,25,[sa.ʌp̚.e.tɛ.han],[sa.ʌp̚.e.dɛ.han]
제가 생각해,25,[tʃe.ka.sɛŋ.kak̚.hɛ],[dʒe.ga.sɛŋ.gak̚.hɛ]
아주 어두운,25,[a.tʃu.ʌ.tu.un],[a.dʒu.ʌ.du.un]
누군가가 날,25,[nu.kuŋ.ka.ka.nal],[nu.guŋ.ka.ga.nal]
이런 무슨,25,[i.ɾʌn.mu.sɯn],[i.ɾʌn.mu.sɯn]
널 무척,25,[nʌl.mu.tʃʰʌk̚],[nʌl.mu.tʃʰʌk̚]
미안해요 다른,25,[mi.an.hɛ.jo.ta.ɾɯn],[mi.an.hɛ.jo.da.ɾɯn]
차 타,25,[tʃʰa.tʰa],[tʃʰa.tʰa]
얼마 못 가,25,[ʌl.ma.mot̚.ka],[ʌl.ma.mot̚.ga]
심장 이식,25,[sin.tʃaŋ.i.sik̚],[sin.tʃaŋ.i.sik̚]
곳이 없어서,25,[kot̚.i.ʌp̚.ʌ.sʌ],[got̚.i.ʌp̚.ʌ.sʌ]
그의 비밀을,25,[kɯ.ɯi.pi.mil.ɯl],[gɯ.ɯi.bi.mil.ɯl]
라고 말했어,25,[ɾa.ko.mal.hɛt̚.ʌ],[ɾa.go.mal.hɛt̚.ʌ]
같네요 그냥,25,[kat̚.ne.jo.kɯ.njaŋ],[gat̚.ne.jo.gɯ.njaŋ]
다 그렇잖아요,25,[ta.kɯ.ɾʌt̚.tʃan.a.jo],[da.gɯ.ɾʌt̚.tʃan.a.jo]
사람들이 죽은,25,[sa.ɾan.tɯl.i.tʃuk̚.ɯn],[sa.ɾan.tɯl.i.dʒuk̚.ɯn]
당신의 눈을,25,[taŋ.sin.ɯi.nun.ɯl],[daŋ.sin.ɯi.nun.ɯl]
how about,25,,
그게 뭐냐고,25,[kɯ.ke.mwʌ.nja.ko],[gɯ.ge.mwʌ.nja.go]
있을 거야 우린,25,[it̚.ɯl.kʌ.ja.u.ɾin],[it̚.ɯl.gʌ.ja.u.ɾin]
괜찮아 그런데,25,[kwɛn.tʃʰan.a.kɯ.ɾʌn.te],[gwɛn.tʃʰan.a.gɯ.ɾʌn.te]
잠깐 전화,25,[tʃam.k͈an.tʃʌn.hwa],[dʒam.k͈an.dʒʌn.hwa]
얼굴을 좀,25,[ʌl.kul.ɯl.tʃom],[ʌl.kul.ɯl.dʒom]
땀에 젖은,25,[t͈am.e.tʃʌt̚.ɯn],[t͈am.e.dʒʌt̚.ɯn]
가져가도 될까,25,[ka.tʃjʌ.ka.to.twel.k͈a],[ga.dʒjʌ.ga.do.dwel.k͈a]
seen it,25,,
주지 내,25,[tʃu.tʃi.nɛ],[dʒu.dʒi.nɛ]
이제 본론으로,25,[i.tʃe.pol.lon.ɯ.ɾo],[i.dʒe.bol.lon.ɯ.ɾo]
음악에 대한,25,[ɯm.ak̚.e.tɛ.han],[ɯm.ak̚.e.dɛ.han]
그런데 다,25,[kɯ.ɾʌn.te.ta],[gɯ.ɾʌn.te.da]
걸 깨달았을,25,[kʌl.k͈ɛ.tal.at̚.ɯl],[gʌl.k͈ɛ.dal.at̚.ɯl]
것으로 확인됐습니다,25,[kʌt̚.ɯ.ɾo.hwak̚.in.twɛt̚.sɯp̚.ni.ta],[gʌt̚.ɯ.ɾo.hwak̚.in.twɛt̚.sɯp̚.ni.da]
감사해요 감사합니다,25,[kam.sa.hɛ.jo.kam.sa.hap̚.ni.ta],[gam.sa.hɛ.jo.gam.sa.hap̚.ni.da]
You can do,25,,
중요한 말을,25,[tʃuŋ.jo.han.mal.ɯl],[dʒuŋ.jo.han.mal.ɯl]
경험을 통해,25,[kjʌŋ.hʌm.ɯl.tʰoŋ.hɛ],[gjʌŋ.hʌm.ɯl.tʰoŋ.hɛ]
나한테 신경,25,[na.han.tʰe.siŋ.kjʌŋ],[na.han.tʰe.siŋ.kjʌŋ]
때 가끔,25,[t͈ɛ.ka.k͈ɯm],[t͈ɛ.ga.k͈ɯm]
안 돼 거기,25,[an.twɛ.kʌ.ki],[an.dwɛ.gʌ.gi]
뭐 하는 것,25,[mwʌ.ha.nɯŋ.kʌt̚],[mwʌ.ha.nɯn.gʌt̚]
라고 불러,25,[ɾa.ko.pul.ɾʌ],[ɾa.go.bul.ɾʌ]
아닌데 그래,25,[a.nin.te.kɯ.ɾɛ],[a.nin.te.gɯ.ɾɛ]
건 원치 않아요,25,[kʌn.wʌn.tʃʰi.an.a.jo],[gʌn.wʌn.tʃʰi.an.a.jo]
what''s up,25,,
그게 바로 너야,25,[kɯ.ke.pa.ɾo.nʌ.ja],[gɯ.ge.ba.ɾo.nʌ.ja]
걸 알게 되겠지,25,[kʌl.al.ke.twe.ket̚.tʃi],[gʌl.al.ke.dwe.get̚.tʃi]
돌봐 주는,25,[tol.pwa.tʃu.nɯn],[dol.pwa.dʒu.nɯn]
아니라고 그럼,25,[a.ni.ɾa.ko.kɯ.ɾʌm],[a.ni.ɾa.go.gɯ.ɾʌm]
팀을 보낼,25,[tʰim.ɯl.po.nɛl],[tʰim.ɯl.bo.nɛl]
이 광경을,25,[i.kwaŋ.kjʌŋ.ɯl],[i.gwaŋ.gjʌŋ.ɯl]
계속 할 거야,25,[kje.sok̚.hal.kʌ.ja],[gje.sok̚.hal.gʌ.ja]
주지 않을 것이다,25,[tʃu.tʃi.an.ɯl.kʌt̚.i.ta],[dʒu.dʒi.an.ɯl.gʌt̚.i.da]
반짝 반짝,25,[pan.tʃ͈ak̚.pan.tʃ͈ak̚],[ban.tʃ͈ak̚.ban.tʃ͈ak̚]
가지 좀,25,[ka.tʃi.tʃom],[ga.dʒi.dʒom]
견딜 수 있게,25,[kjʌn.til.su.it̚.ke],[gjʌn.til.su.it̚.ke]
감사해요 이제,25,[kam.sa.hɛ.jo.i.tʃe],[gam.sa.hɛ.jo.i.dʒe]
이걸 위해서,25,[i.kʌl.wi.hɛ.sʌ],[i.gʌl.wi.hɛ.sʌ]
지가 무슨,25,[tʃi.ka.mu.sɯn],[dʒi.ga.mu.sɯn]
걸 누군가,25,[kʌl.lu.kuŋ.ka],[gʌl.lu.guŋ.ka]
보라고 한,25,[po.ɾa.ko.han],[bo.ɾa.go.han]
좀 도와줘라,25,[tʃon.to.wa.tʃwʌ.ɾa],[dʒom.do.wa.dʒwʌ.ɾa]
네가 죽였잖아,25,[ne.ka.tʃuk̚.jʌt̚.tʃan.a],[ne.ga.dʒuk̚.jʌt̚.tʃan.a]
모든 것엔,25,[mo.tɯŋ.kʌt̚.en],[mo.dɯn.gʌt̚.en]
내 앞가림은,25,[nɛ.ap̚.ka.ɾim.ɯn],[nɛ.ap̚.ka.ɾim.ɯn]
주차 금지,25,[tʃu.tʃʰa.kɯn.tʃi],[dʒu.tʃʰa.gɯn.tʃi]
건 안전하지,25,[kʌn.an.tʃʌn.ha.tʃi],[gʌn.an.tʃʌn.ha.dʒi]
이 년은,25,[i.njʌn.ɯn],[i.njʌn.ɯn]
한번 가봐,25,[ham.pʌŋ.ka.pwa],[ham.pʌn.ga.bwa]
때 말을,25,[t͈ɛ.mal.ɯl],[t͈ɛ.mal.ɯl]
지난 이야기 생략,25,[tʃi.nan.i.ja.ki.sɛŋ.ɾjak̚],[dʒi.nan.i.ja.gi.sɛŋ.ɾjak̚]
모두 거기에,25,[mo.tu.kʌ.ki.e],[mo.du.gʌ.gi.e]
체질에 안,25,[tʃʰe.tʃil.e.an],[tʃʰe.dʒil.e.an]
누군가는 책임을,25,[nu.kuŋ.ka.nɯn.tʃʰɛk̚.im.ɯl],[nu.guŋ.ka.nɯn.tʃʰɛk̚.im.ɯl]
우리밖에 없어,25,[u.ɾi.pak̚.e.ʌp̚.ʌ],[u.ɾi.bak̚.e.ʌp̚.ʌ]
딱 맞네요,25,[t͈ak̚.mat̚.ne.jo],[t͈ak̚.mat̚.ne.jo]
총이 아니라,25,[tʃʰoŋ.i.a.ni.ɾa],[tʃʰoŋ.i.a.ni.ɾa]
아냐 너무,25,[a.nja.nʌ.mu],[a.nja.nʌ.mu]
유일한 단서는,25,[ju.il.han.tan.sʌ.nɯn],[ju.il.han.dan.sʌ.nɯn]
밤 두,25,[pan.tu],[bam.du]
조용히 하렴,25,[tʃo.joŋ.hi.ha.ɾjʌm],[dʒo.joŋ.hi.ha.ɾjʌm]
필요하면 나한테,25,[pʰil.jo.ha.mjʌn.na.han.tʰe],[pʰil.jo.ha.mjʌn.na.han.tʰe]
a thousand,25,,
가져야지 내가,25,[ka.tʃjʌ.ja.tʃi.nɛ.ka],[ga.dʒjʌ.ja.dʒi.nɛ.ga]
그에 비해,25,[kɯ.e.pi.hɛ],[gɯ.e.bi.hɛ]
그가 했던,25,[kɯ.ka.hɛt̚.tʌn],[gɯ.ga.hɛt̚.tʌn]
이 드라마는 허구입니다,25,[i.tɯ.ɾa.ma.nɯn.hʌ.ku.ip̚.ni.ta],[i.dɯ.ɾa.ma.nɯn.hʌ.gu.ip̚.ni.da]
인류의 미래를,25,[il.lju.ɯi.mi.ɾɛ.ɾɯl],[il.lju.ɯi.mi.ɾɛ.ɾɯl]
그런데 두,25,[kɯ.ɾʌn.te.tu],[gɯ.ɾʌn.te.du]
같이 나갈,25,[kat̚.i.na.kal],[gat̚.i.na.gal]
그대로 내,25,[kɯ.tɛ.ɾo.nɛ],[gɯ.dɛ.ɾo.nɛ]
선재의 멋쩍은,25,[sʌn.tʃɛ.ɯi.mʌt̚.tʃ͈ʌk̚.ɯn],[sʌn.tʃɛ.ɯi.mʌt̚.tʃ͈ʌk̚.ɯn]
우리에게 말할 수,25,[u.ɾi.e.ke.mal.hal.su],[u.ɾi.e.ge.mal.hal.su]
더 쉽지,25,[tʌ.swip̚.tʃi],[dʌ.swip̚.tʃi]
다 들은,25,[ta.tɯl.ɯn],[da.dɯl.ɯn]
중입니다 하지만,25,[tʃuŋ.ip̚.ni.ta.ha.tʃi.man],[dʒuŋ.ip̚.ni.da.ha.dʒi.man]
가는 걸까,25,[ka.nɯŋ.kʌl.k͈a],[ga.nɯn.gʌl.k͈a]
할 거예요 이,25,[hal.kʌ.je.jo.i],[hal.gʌ.je.jo.i]
줘 lrm,25,[tʃwʌ],[dʒwʌ]
있으니까 걱정하지,25,[it̚.ɯ.ni.k͈a.kʌk̚.tʃʌŋ.ha.tʃi],[it̚.ɯ.ni.k͈a.gʌk̚.tʃʌŋ.ha.dʒi]
달그락 놓는다,25,[tal.kɯ.ɾak̚.not̚.nɯn.ta],[dal.kɯ.ɾak̚.not̚.nɯn.ta]
거기 있었다,25,[kʌ.ki.it̚.ʌt̚.ta],[gʌ.gi.it̚.ʌt̚.ta]
다 마셨어요,25,[ta.ma.sjʌt̚.ʌ.jo],[da.ma.sjʌt̚.ʌ.jo]
모르겠어 나는,25,[mo.ɾɯ.ket̚.ʌ.na.nɯn],[mo.ɾɯ.get̚.ʌ.na.nɯn]
내게 말해봐,25,[nɛ.ke.mal.hɛ.pwa],[nɛ.ge.mal.hɛ.bwa]
당신의 마음,25,[taŋ.sin.ɯi.ma.ɯm],[daŋ.sin.ɯi.ma.ɯm]
그 어떤것도,25,[kɯ.ʌ.t͈ʌŋ.kʌt̚.to],[gɯ.ʌ.t͈ʌŋ.kʌt̚.to]
지금까지 알아낸,25,[tʃi.kɯm.k͈a.tʃi.al.a.nɛn],[dʒi.gɯm.k͈a.dʒi.al.a.nɛn]
to reach,25,,
해피 발렌타인,25,[hɛ.pʰi.pal.ɾen.tʰa.in],[hɛ.pʰi.bal.ɾen.tʰa.in]
게 쉬운 일은,25,[ke.swi.un.il.ɯn],[ge.swi.un.il.ɯn]
때 우리를,25,[t͈ɛ.u.ɾi.ɾɯl],[t͈ɛ.u.ɾi.ɾɯl]
이따 집에서,25,[i.t͈a.tʃip̚.e.sʌ],[i.t͈a.dʒip̚.e.sʌ]
따라 하세요,25,[t͈a.ɾa.ha.se.jo],[t͈a.ɾa.ha.se.jo]
충분한 양의,25,[tʃʰum.pun.han.jaŋ.ɯi],[tʃʰuŋ.bun.han.jaŋ.ɯi]
이제 해,25,[i.tʃe.hɛ],[i.dʒe.hɛ]
줘 야,25,[tʃwʌ.ja],[dʒwʌ.ja]
때 우리의,25,[t͈ɛ.u.ɾi.ɯi],[t͈ɛ.u.ɾi.ɯi]
here now,25,,
그만 두세요,25,[kɯ.man.tu.se.jo],[gɯ.man.du.se.jo]
제발 가지마,25,[tʃe.pal.ka.tʃi.ma],[dʒe.bal.ga.dʒi.ma]
내 약을,25,[nɛ.jak̚.ɯl],[nɛ.jak̚.ɯl]
이 비디오,25,[i.pi.ti.o],[i.bi.di.o]
때 저한테,25,[t͈ɛ.tʃʌ.han.tʰe],[t͈ɛ.dʒʌ.han.tʰe]
아니야 뭐라고,25,[a.ni.ja.mwʌ.ɾa.ko],[a.ni.ja.mwʌ.ɾa.go]
죽게 된다면,25,[tʃuk̚.ke.twen.ta.mjʌn],[dʒuk̚.ke.dwen.ta.mjʌn]
이 사람들 누구야,25,[i.sa.ɾan.tɯl.lu.ku.ja],[i.sa.ɾan.tɯl.lu.gu.ja]
건 이미 알고,25,[kʌn.i.mi.al.ko],[gʌn.i.mi.al.ko]
아냐 더,25,[a.nja.tʌ],[a.nja.dʌ]
있다면 또,25,[it̚.ta.mjʌn.t͈o],[it̚.ta.mjʌn.t͈o]
다시 말하죠,25,[ta.si.mal.ha.tʃjo],[da.si.mal.ha.dʒjo]
잘하고 있잖아,25,[tʃal.ha.ko.it̚.tʃan.a],[dʒal.ha.go.it̚.tʃan.a]
마 일단,25,[ma.il.tan],[ma.il.tan]
죽게 두지,25,[tʃuk̚.ke.tu.tʃi],[dʒuk̚.ke.du.dʒi]
어머 세상에,25,[ʌ.mʌ.se.saŋ.e],[ʌ.mʌ.se.saŋ.e]
떠나게 할,25,[t͈ʌ.na.ke.hal],[t͈ʌ.na.ge.hal]
얘기 정말,25,[jɛ.ki.tʃʌŋ.mal],[jɛ.gi.dʒʌŋ.mal]
그의 다음,25,[kɯ.ɯi.ta.ɯm],[gɯ.ɯi.da.ɯm]
압니다 그리고,25,[ap̚.ni.ta.kɯ.ɾi.ko],[ap̚.ni.da.gɯ.ɾi.go]
체서피크 리퍼,25,[tʃʰe.sʌ.pʰi.kʰɯ.ɾi.pʰʌ],[tʃʰe.sʌ.pʰi.kʰɯ.ɾi.pʰʌ]
없이 그리고,25,[ʌp̚.i.kɯ.ɾi.ko],[ʌp̚.i.gɯ.ɾi.go]
그녀는 무슨,25,[kɯ.njʌ.nɯn.mu.sɯn],[gɯ.njʌ.nɯn.mu.sɯn]
지시를 받았어요,25,[tʃi.si.ɾɯl.pat̚.at̚.ʌ.jo],[dʒi.si.ɾɯl.bat̚.at̚.ʌ.jo]
때가 됐구나,25,[t͈ɛ.ka.twɛt̚.ku.na],[t͈ɛ.ga.dwɛt̚.ku.na]
along with,25,,
이 세계로,25,[i.se.kje.ɾo],[i.se.gje.ɾo]
잠들어 있을,25,[tʃan.tɯl.ʌ.it̚.ɯl],[dʒan.tɯl.ʌ.it̚.ɯl]
하는 주제에,25,[ha.nɯn.tʃu.tʃe.e],[ha.nɯn.dʒu.dʒe.e]
했어요 이렇게,25,[hɛt̚.ʌ.jo.i.ɾʌt̚.ke],[hɛt̚.ʌ.jo.i.ɾʌt̚.ke]
이젠 알겠어,25,[i.tʃen.al.ket̚.ʌ],[i.dʒen.al.ket̚.ʌ]
그렇게 보이진,25,[kɯ.ɾʌt̚.ke.po.i.tʃin],[gɯ.ɾʌt̚.ke.bo.i.dʒin]
오 그건,25,[o.kɯ.kʌn],[o.gɯ.gʌn]
where it,25,,
당신 겁니다,25,[taŋ.siŋ.kʌp̚.ni.ta],[daŋ.sin.gʌp̚.ni.da]
피 한 방울 안,25,[pʰi.ham.paŋ.ul.an],[pʰi.han.baŋ.ul.an]
번호를 알려,25,[pʌn.ho.ɾɯl.al.ɾjʌ],[bʌn.ho.ɾɯl.al.ɾjʌ]
이 손이,25,[i.son.i],[i.son.i]
이 순간만을,25,[i.suŋ.kan.man.ɯl],[i.suŋ.kan.man.ɯl]
하는 짓이냐,25,[ha.nɯn.tʃit̚.i.nja],[ha.nɯn.dʒit̚.i.nja]
태어난 곳은,25,[tʰɛ.ʌ.naŋ.kot̚.ɯn],[tʰɛ.ʌ.nan.got̚.ɯn]
걸 막아,25,[kʌl.mak̚.a],[gʌl.mak̚.a]
보는 눈빛,25,[po.nɯn.num.pit̚],[bo.nɯn.num.pit̚]
잘못한 거예요,25,[tʃal.mot̚.haŋ.kʌ.je.jo],[dʒal.mot̚.han.gʌ.je.jo]
끌고 가면,25,[k͈ɯl.ko.ka.mjʌn],[k͈ɯl.ko.ga.mjʌn]
우리도 아직,25,[u.ɾi.to.a.tʃik̚],[u.ɾi.do.a.dʒik̚]
그의 부하들,25,[kɯ.ɯi.pu.ha.tɯl],[gɯ.ɯi.bu.ha.dɯl]
빼낼 거야,25,[p͈ɛ.nɛl.kʌ.ja],[p͈ɛ.nɛl.gʌ.ja]
제안한 건,25,[tʃe.an.haŋ.kʌn],[dʒe.an.han.gʌn]
줬으면 하는,25,[tʃwʌt̚.ɯ.mjʌn.ha.nɯn],[dʒwʌt̚.ɯ.mjʌn.ha.nɯn]
다시 병원에,25,[ta.si.pjʌŋ.wʌn.e],[da.si.bjʌŋ.wʌn.e]
모든 것을 보면,25,[mo.tɯŋ.kʌt̚.ɯl.po.mjʌn],[mo.dɯn.gʌt̚.ɯl.bo.mjʌn]
포기하면 안 돼요,25,[pʰo.ki.ha.mjʌn.an.twɛ.jo],[pʰo.gi.ha.mjʌn.an.dwɛ.jo]
이용한 거예요,25,[i.joŋ.haŋ.kʌ.je.jo],[i.joŋ.han.gʌ.je.jo]
가능성이 높죠,25,[ka.nɯŋ.sʌŋ.i.nop̚.tʃjo],[ga.nɯŋ.sʌŋ.i.nop̚.tʃjo]
네가 돌아오길,25,[ne.ka.tol.a.o.kil],[ne.ga.dol.a.o.gil]
우리의 미래가,25,[u.ɾi.ɯi.mi.ɾɛ.ka],[u.ɾi.ɯi.mi.ɾɛ.ga]
거 못 해,25,[kʌ.mot̚.hɛ],[gʌ.mot̚.hɛ]
안다고 생각했는데,25,[an.ta.ko.sɛŋ.kak̚.hɛt̚.nɯn.te],[an.ta.go.sɛŋ.gak̚.hɛt̚.nɯn.te]
형은 어디,25,[hjʌŋ.ɯn.ʌ.ti],[hjʌŋ.ɯn.ʌ.di]
down on,25,,
새끼 잡아,25,[sɛ.k͈i.tʃap̚.a],[sɛ.k͈i.dʒap̚.a]
뒤에 앉아서,25,[twi.e.an.a.sʌ],[dwi.e.an.a.sʌ]
아직 포기,25,[a.tʃik̚.pʰo.ki],[a.dʒik̚.pʰo.gi]
때는 모든,25,[t͈ɛ.nɯn.mo.tɯn],[t͈ɛ.nɯn.mo.dɯn]
바란 적 없어,25,[pa.ɾan.tʃʌk̚.ʌp̚.ʌ],[ba.ɾan.dʒʌk̚.ʌp̚.ʌ]
할 수 있다고 생각했어,25,[hal.su.it̚.ta.ko.sɛŋ.kak̚.hɛt̚.ʌ],[hal.su.it̚.ta.go.sɛŋ.gak̚.hɛt̚.ʌ]
있는 것이 아니다,25,[it̚.nɯŋ.kʌt̚.i.a.ni.ta],[it̚.nɯn.gʌt̚.i.a.ni.da]
날 죽이려고 한,25,[nal.tʃuk̚.i.ɾjʌ.ko.han],[nal.dʒuk̚.i.ɾjʌ.go.han]
즐거운 마음으로,25,[tʃɯl.kʌ.un.ma.ɯm.ɯ.ɾo],[dʒɯl.kʌ.un.ma.ɯm.ɯ.ɾo]
신이시여 감사합니다,25,[sin.i.si.jʌ.kam.sa.hap̚.ni.ta],[sin.i.si.jʌ.gam.sa.hap̚.ni.da]
아침 내,25,[a.tʃʰim.nɛ],[a.tʃʰim.nɛ]
좀 막아,25,[tʃom.mak̚.a],[dʒom.mak̚.a]
두고 가도,25,[tu.ko.ka.to],[du.go.ga.do]
범위 안에,25,[pʌm.wi.an.e],[bʌm.wi.an.e]
잠깐 나가서,25,[tʃam.k͈an.na.ka.sʌ],[dʒam.k͈an.na.ga.sʌ]
콘돔 없이,25,[kʰon.tom.ʌp̚.i],[kʰon.tom.ʌp̚.i]
우리의 소중한,25,[u.ɾi.ɯi.so.tʃuŋ.han],[u.ɾi.ɯi.so.dʒuŋ.han]
이해 못 하고,25,[i.hɛ.mot̚.ha.ko],[i.hɛ.mot̚.ha.go]
You were willing,25,,
아끼는 사람들이,25,[a.k͈i.nɯn.sa.ɾan.tɯl.i],[a.k͈i.nɯn.sa.ɾan.tɯl.i]
비출 거야,25,[pi.tʃʰul.kʌ.ja],[bi.tʃʰul.gʌ.ja]
비록 나는,25,[pi.ɾok̚.na.nɯn],[bi.ɾok̚.na.nɯn]
그러게 말야,25,[kɯ.ɾʌ.ke.mal.ja],[gɯ.ɾʌ.ge.mal.ja]
지도 꽤,25,[tʃi.to.k͈wɛ],[dʒi.do.k͈wɛ]
분 전만,25,[pun.tʃʌn.man],[bun.dʒʌn.man]
했어요 좋아,25,[hɛt̚.ʌ.jo.tʃot̚.a],[hɛt̚.ʌ.jo.dʒot̚.a]
하자 나,25,[ha.tʃa.na],[ha.dʒa.na]
날 죽이려던,25,[nal.tʃuk̚.i.ɾjʌ.tʌn],[nal.dʒuk̚.i.ɾjʌ.dʌn]
걸 빼면,25,[kʌl.p͈ɛ.mjʌn],[gʌl.p͈ɛ.mjʌn]
하지만 난 당신이,25,[ha.tʃi.man.nan.taŋ.sin.i],[ha.dʒi.man.nan.daŋ.sin.i]
증거가 못,25,[tʃɯŋ.kʌ.ka.mot̚],[dʒɯŋ.gʌ.ga.mot̚]
다른 말은 안,25,[ta.ɾɯn.mal.ɯn.an],[da.ɾɯn.mal.ɯn.an]
건 내가 다,25,[kʌn.nɛ.ka.ta],[gʌn.nɛ.ga.da]
뒤에서 날,25,[twi.e.sʌ.nal],[dwi.e.sʌ.nal]
어젯밤 네,25,[ʌ.tʃet̚.pam.ne],[ʌ.dʒet̚.pam.ne]
허락을 구하는,25,[hʌ.ɾak̚.ɯl.ku.ha.nɯn],[hʌ.ɾak̚.ɯl.gu.ha.nɯn]
살인을 저질렀다고,25,[sal.in.ɯl.tʃʌ.tʃil.ɾʌt̚.ta.ko],[sal.in.ɯl.dʒʌ.dʒil.ɾʌt̚.ta.go]
너의 속눈썹과 무심함까지도,25,[nʌ.ɯi.sok̚.nun.s͈ʌp̚.kwa.mu.sim.ham.k͈a.tʃi.to],[nʌ.ɯi.sok̚.nun.s͈ʌp̚.kwa.mu.sim.ham.k͈a.dʒi.do]
그들을 믿을 수,25,[kɯ.tɯl.ɯl.mit̚.ɯl.su],[gɯ.dɯl.ɯl.mit̚.ɯl.su]
억 명의,25,[ʌk̚.mjʌŋ.ɯi],[ʌk̚.mjʌŋ.ɯi]
너의 속눈썹과,25,[nʌ.ɯi.sok̚.nun.s͈ʌp̚.kwa],[nʌ.ɯi.sok̚.nun.s͈ʌp̚.kwa]
너의 손가락과 향기까지도,25,[nʌ.ɯi.soŋ.ka.ɾak̚.kwa.hjaŋ.ki.k͈a.tʃi.to],[nʌ.ɯi.soŋ.ka.ɾak̚.kwa.hjaŋ.gi.k͈a.dʒi.do]
내가 사랑하는 거 알지,25,[nɛ.ka.sa.ɾaŋ.ha.nɯŋ.kʌ.al.tʃi],[nɛ.ga.sa.ɾaŋ.ha.nɯn.gʌ.al.tʃi]
뭘 원하는지는,25,[mwʌl.wʌn.ha.nɯn.tʃi.nɯn],[mwʌl.wʌn.ha.nɯn.tʃi.nɯn]
싶다는 생각이,25,[sip̚.ta.nɯn.sɛŋ.kak̚.i],[sip̚.ta.nɯn.sɛŋ.gak̚.i]
할 일이 있는,25,[hal.il.i.it̚.nɯn],[hal.il.i.it̚.nɯn]
우리가 서,25,[u.ɾi.ka.sʌ],[u.ɾi.ga.sʌ]
젠장 우리가,25,[tʃen.tʃaŋ.u.ɾi.ka],[dʒen.tʃaŋ.u.ɾi.ga]
내가 처리해,25,[nɛ.ka.tʃʰʌ.ɾi.hɛ],[nɛ.ga.tʃʰʌ.ɾi.hɛ]
수 없어 너,25,[su.ʌp̚.ʌ.nʌ],[su.ʌp̚.ʌ.nʌ]
대니 레이건,25,[tɛ.ni.ɾe.i.kʌn],[dɛ.ni.ɾe.i.gʌn]
모두들 안녕,25,[mo.tu.tɯl.an.njʌŋ],[mo.du.dɯl.an.njʌŋ]
Or a,25,,
결과 없음,25,[kjʌl.kwa.ʌp̚.ɯm],[gjʌl.kwa.ʌp̚.ɯm]
시간 후에는,25,[si.kan.hu.e.nɯn],[si.gan.hu.e.nɯn]
never knew,25,,
탁탁 턴다,25,[tʰak̚.tʰak̚.tʰʌn.ta],[tʰak̚.tʰak̚.tʰʌn.ta]
가호가 있길,25,[ka.ho.ka.it̚.kil],[ga.ho.ga.it̚.kil]
있어 조금,25,[it̚.ʌ.tʃo.kɯm],[it̚.ʌ.dʒo.gɯm]
같아요 괜찮아요,25,[kat̚.a.jo.kwɛn.tʃʰan.a.jo],[gat̚.a.jo.gwɛn.tʃʰan.a.jo]
뭐든 가질,25,[mwʌ.tɯŋ.ka.tʃil],[mwʌ.dɯn.ga.dʒil]
허락할 수 없다,25,[hʌ.ɾak̚.hal.su.ʌp̚.ta],[hʌ.ɾak̚.hal.su.ʌp̚.ta]
내가 그렇지,25,[nɛ.ka.kɯ.ɾʌt̚.tʃi],[nɛ.ga.gɯ.ɾʌt̚.tʃi]
증명할 수 없어,25,[tʃɯŋ.mjʌŋ.hal.su.ʌp̚.ʌ],[dʒɯŋ.mjʌŋ.hal.su.ʌp̚.ʌ]
아시는 분은,25,[a.si.nɯm.pun.ɯn],[a.si.nɯn.bun.ɯn]
제 책을,25,[tʃe.tʃʰɛk̚.ɯl],[dʒe.tʃʰɛk̚.ɯl]
지금 이곳에,25,[tʃi.kɯm.i.kot̚.e],[dʒi.gɯm.i.got̚.e]
누군지 알아내야 해,25,[nu.kun.tʃi.al.a.nɛ.ja.hɛ],[nu.gun.tʃi.al.a.nɛ.ja.hɛ]
앞 못 보는,25,[ap̚.mot̚.po.nɯn],[ap̚.mot̚.bo.nɯn]
그 사람에 대해서,25,[kɯ.sa.ɾam.e.tɛ.hɛ.sʌ],[gɯ.sa.ɾam.e.dɛ.hɛ.sʌ]
이 회의를,25,[i.hwe.ɯi.ɾɯl],[i.hwe.ɯi.ɾɯl]
잠을 못 잤어요,25,[tʃam.ɯl.mot̚.tʃat̚.ʌ.jo],[dʒam.ɯl.mot̚.dʒat̚.ʌ.jo]
무엇 때문에 그렇게,25,[mu.ʌt̚.t͈ɛ.mun.e.kɯ.ɾʌt̚.ke],[mu.ʌt̚.t͈ɛ.mun.e.gɯ.ɾʌt̚.ke]
이걸 보시죠,25,[i.kʌl.po.si.tʃjo],[i.gʌl.bo.si.dʒjo]
싶습니다 제가,25,[sip̚.sɯp̚.ni.ta.tʃe.ka],[sip̚.sɯp̚.ni.da.dʒe.ga]
다 찾아봤어,25,[ta.tʃʰat̚.a.pwat̚.ʌ],[da.tʃʰat̚.a.bwat̚.ʌ]
폭탄 처리반이,25,[pʰok̚.tʰan.tʃʰʌ.ɾi.pan.i],[pʰok̚.tʰan.tʃʰʌ.ɾi.ban.i]
틈을 타서,25,[tʰɯm.ɯl.tʰa.sʌ],[tʰɯm.ɯl.tʰa.sʌ]
보면 이렇게,25,[po.mjʌn.i.ɾʌt̚.ke],[bo.mjʌn.i.ɾʌt̚.ke]
영향을 미쳤다,25,[jʌŋ.hjaŋ.ɯl.mi.tʃʰjʌt̚.ta],[jʌŋ.hjaŋ.ɯl.mi.tʃʰjʌt̚.ta]
내가 너희에게,25,[nɛ.ka.nʌ.hɯi.e.ke],[nɛ.ga.nʌ.hɯi.e.ge]
안 되지 이,25,[an.twe.tʃi.i],[an.dwe.dʒi.i]
탈 수도,25,[tʰal.su.to],[tʰal.su.do]
이거 맞아,25,[i.kʌ.mat̚.a],[i.gʌ.mat̚.a]
돌아가신 날,25,[tol.a.ka.sin.nal],[dol.a.ga.sin.nal]
영향을 미친,25,[jʌŋ.hjaŋ.ɯl.mi.tʃʰin],[jʌŋ.hjaŋ.ɯl.mi.tʃʰin]
있는 물건,25,[it̚.nɯn.mul.kʌn],[it̚.nɯn.mul.kʌn]
그러면 좋겠네,25,[kɯ.ɾʌ.mjʌn.tʃot̚.ket̚.ne],[gɯ.ɾʌ.mjʌn.dʒot̚.ket̚.ne]
You were beaming,25,,
볼 필요 없어,25,[pol.pʰil.jo.ʌp̚.ʌ],[bol.pʰil.jo.ʌp̚.ʌ]
문제가 될 만한,25,[mun.tʃe.ka.twel.man.han],[mun.tʃe.ga.dwel.man.han]
떠나는 거지,25,[t͈ʌ.na.nɯŋ.kʌ.tʃi],[t͈ʌ.na.nɯn.gʌ.dʒi]
잠깐만 안,25,[tʃam.k͈an.man.an],[dʒam.k͈an.man.an]
해야지 그래,25,[hɛ.ja.tʃi.kɯ.ɾɛ],[hɛ.ja.dʒi.gɯ.ɾɛ]
사람들이 저,25,[sa.ɾan.tɯl.i.tʃʌ],[sa.ɾan.tɯl.i.dʒʌ]
수는 없을까요,25,[su.nɯn.ʌp̚.ɯl.k͈a.jo],[su.nɯn.ʌp̚.ɯl.k͈a.jo]
괜찮아 정말이야,25,[kwɛn.tʃʰan.a.tʃʌŋ.mal.i.ja],[gwɛn.tʃʰan.a.dʒʌŋ.mal.i.ja]
기분 나쁘게 듣지 마,25,[ki.pun.na.p͈ɯ.ke.tɯt̚.tʃi.ma],[gi.bun.na.p͈ɯ.ge.dɯt̚.tʃi.ma]
다행이야 내가,25,[ta.hɛŋ.i.ja.nɛ.ka],[da.hɛŋ.i.ja.nɛ.ga]
are coming,25,,
해야지 이,25,[hɛ.ja.tʃi.i],[hɛ.ja.dʒi.i]
정말 확실한,25,[tʃʌŋ.mal.hwak̚.sil.han],[dʒʌŋ.mal.hwak̚.sil.han]
아마 잘,25,[a.ma.tʃal],[a.ma.dʒal]
변할 거예요,25,[pjʌn.hal.kʌ.je.jo],[bjʌn.hal.gʌ.je.jo]
좀 모자란,25,[tʃom.mo.tʃa.ɾan],[dʒom.mo.dʒa.ɾan]
뭐가 좋아요,25,[mwʌ.ka.tʃot̚.a.jo],[mwʌ.ga.dʒot̚.a.jo]
잠깐만요 전,25,[tʃam.k͈an.man.jo.tʃʌn],[dʒam.k͈an.man.jo.dʒʌn]
거예요 알겠습니다,25,[kʌ.je.jo.al.ket̚.sɯp̚.ni.ta],[gʌ.je.jo.al.ket̚.sɯp̚.ni.da]
그녀는 바로,25,[kɯ.njʌ.nɯm.pa.ɾo],[gɯ.njʌ.nɯn.ba.ɾo]
더 알아,25,[tʌ.al.a],[dʌ.al.a]
하고 그래요,25,[ha.ko.kɯ.ɾɛ.jo],[ha.go.gɯ.ɾɛ.jo]
나 잡아 봐라,25,[na.tʃap̚.a.pwa.ɾa],[na.dʒap̚.a.bwa.ɾa]
때문이죠 이,25,[t͈ɛ.mun.i.tʃjo.i],[t͈ɛ.mun.i.dʒjo.i]
아니야 대체,25,[a.ni.ja.tɛ.tʃʰe],[a.ni.ja.dɛ.tʃʰe]
하더군요 하지만,25,[ha.tʌ.kun.jo.ha.tʃi.man],[ha.dʌ.gun.jo.ha.dʒi.man]
그건 아닐 거예요,25,[kɯ.kʌn.a.nil.kʌ.je.jo],[gɯ.gʌn.a.nil.gʌ.je.jo]
나 걔,25,[na.kjɛ],[na.gjɛ]
그녀는 뭔가,25,[kɯ.njʌ.nɯn.mwʌŋ.ka],[gɯ.njʌ.nɯn.mwʌŋ.ka]
들어봐요 난,25,[tɯl.ʌ.pwa.jo.nan],[dɯl.ʌ.bwa.jo.nan]
얼마나 갈,25,[ʌl.ma.na.kal],[ʌl.ma.na.gal]
아파서 그래,25,[a.pʰa.sʌ.kɯ.ɾɛ],[a.pʰa.sʌ.gɯ.ɾɛ]
두려워할 필요가,25,[tu.ɾjʌ.wʌ.hal.pʰil.jo.ka],[du.ɾjʌ.wʌ.hal.pʰil.jo.ga]
이건 뭐에요,25,[i.kʌn.mwʌ.e.jo],[i.gʌn.mwʌ.e.jo]
가세요 제가,25,[ka.se.jo.tʃe.ka],[ga.se.jo.dʒe.ga]
줘 자,25,[tʃwʌ.tʃa],[dʒwʌ.dʒa]
니 동생,25,[ni.toŋ.sɛŋ],[ni.doŋ.sɛŋ]
아예 다른,25,[a.je.ta.ɾɯn],[a.je.da.ɾɯn]
엄청 좋아할,25,[ʌn.tʃʰʌŋ.tʃot̚.a.hal],[ʌn.tʃʰʌŋ.dʒot̚.a.hal]
설 자리가,25,[sʌl.tʃa.ɾi.ka],[sʌl.dʒa.ɾi.ga]
가자 나도,25,[ka.tʃa.na.to],[ga.dʒa.na.do]
감옥 간,25,[kam.ok̚.kan],[gam.ok̚.gan]
왜 그딴,25,[wɛ.kɯ.t͈an],[wɛ.gɯ.t͈an]
어쨌든 다들,25,[ʌ.tʃ͈ɛt̚.tɯn.ta.tɯl],[ʌ.tʃ͈ɛt̚.tɯn.da.dɯl]
극복 못,25,[kɯk̚.pok̚.mot̚],[gɯk̚.pok̚.mot̚]
누굴 다치게,25,[nu.kul.ta.tʃʰi.ke],[nu.gul.da.tʃʰi.ge]
기사 봤어,25,[ki.sa.pwat̚.ʌ],[gi.sa.bwat̚.ʌ]
돈 주면,25,[ton.tʃu.mjʌn],[don.dʒu.mjʌn]
물어볼게 있어,25,[mul.ʌ.pol.ke.it̚.ʌ],[mul.ʌ.bol.ke.it̚.ʌ]
아직 그녀를,25,[a.tʃik̚.kɯ.njʌ.ɾɯl],[a.dʒik̚.gɯ.njʌ.ɾɯl]
지금 그가,25,[tʃi.kɯm.kɯ.ka],[dʒi.gɯm.gɯ.ga]
다 줘,25,[ta.tʃwʌ],[da.dʒwʌ]
네가 하는 모든,25,[ne.ka.ha.nɯn.mo.tɯn],[ne.ga.ha.nɯn.mo.dɯn]
조종하는 게,25,[tʃo.tʃoŋ.ha.nɯŋ.ke],[dʒo.dʒoŋ.ha.nɯn.ge]
문제가 좀 있었어요,25,[mun.tʃe.ka.tʃom.it̚.ʌt̚.ʌ.jo],[mun.tʃe.ga.dʒom.it̚.ʌt̚.ʌ.jo]
싶어 하는 건,25,[sip̚.ʌ.ha.nɯŋ.kʌn],[sip̚.ʌ.ha.nɯn.gʌn]
만약 사람들이,25,[man.jak̚.sa.ɾan.tɯl.i],[man.jak̚.sa.ɾan.tɯl.i]
남아 있죠,25,[nam.a.it̚.tʃjo],[nam.a.it̚.tʃjo]
땐 다들,25,[t͈ɛn.ta.tɯl],[t͈ɛn.da.dɯl]
탈 것이다,25,[tʰal.kʌt̚.i.ta],[tʰal.gʌt̚.i.da]
죽어 나가는,25,[tʃuk̚.ʌ.na.ka.nɯn],[dʒuk̚.ʌ.na.ga.nɯn]
싶어 하실,25,[sip̚.ʌ.ha.sil],[sip̚.ʌ.ha.sil]
간발의 차로,25,[kam.pal.ɯi.tʃʰa.ɾo],[gam.pal.ɯi.tʃʰa.ɾo]
난 도우려는,25,[nan.to.u.ɾjʌ.nɯn],[nan.do.u.ɾjʌ.nɯn]
그래요 안녕,25,[kɯ.ɾɛ.jo.an.njʌŋ],[gɯ.ɾɛ.jo.an.njʌŋ]
어제 당신,25,[ʌ.tʃe.taŋ.sin],[ʌ.dʒe.daŋ.sin]
제가 벌써,25,[tʃe.ka.pʌl.s͈ʌ],[dʒe.ga.bʌl.s͈ʌ]
싶어 할 것,25,[sip̚.ʌ.hal.kʌt̚],[sip̚.ʌ.hal.gʌt̚]
너의 입꼬리와 그,25,[nʌ.ɯi.ip̚.k͈o.ɾi.wa.kɯ],[nʌ.ɯi.ip̚.k͈o.ɾi.wa.gɯ]
방법도 있어요,25,[pam.pʌp̚.to.it̚.ʌ.jo],[baŋ.bʌp̚.to.it̚.ʌ.jo]
영화 좋아해요,25,[jʌŋ.hwa.tʃot̚.a.hɛ.jo],[jʌŋ.hwa.dʒot̚.a.hɛ.jo]
하라고 하면,25,[ha.ɾa.ko.ha.mjʌn],[ha.ɾa.go.ha.mjʌn]
떠나고 나면,25,[t͈ʌ.na.ko.na.mjʌn],[t͈ʌ.na.go.na.mjʌn]
다 탈,25,[ta.tʰal],[da.tʰal]
함께 지내는,25,[ham.k͈e.tʃi.nɛ.nɯn],[ham.k͈e.dʒi.nɛ.nɯn]
지금 당장 말이야,25,[tʃi.kɯn.taŋ.tʃaŋ.mal.i.ja],[dʒi.gɯm.daŋ.dʒaŋ.mal.i.ja]
우린 대체,25,[u.ɾin.tɛ.tʃʰe],[u.ɾin.dɛ.tʃʰe]
알고 싶구나,25,[al.ko.sip̚.ku.na],[al.ko.sip̚.ku.na]
헬멧 쓰고,25,[hel.met̚.s͈ɯ.ko],[hel.met̚.s͈ɯ.go]
과거 때문에,25,[kwa.kʌ.t͈ɛ.mun.e],[gwa.gʌ.t͈ɛ.mun.e]
잠깐 얘기 좀 할래,25,[tʃam.k͈an.jɛ.ki.tʃom.hal.ɾɛ],[dʒam.k͈an.jɛ.gi.dʒom.hal.ɾɛ]
이건 시작에 불과해,25,[i.kʌn.si.tʃak̚.e.pul.kwa.hɛ],[i.gʌn.si.dʒak̚.e.bul.kwa.hɛ]
우린 떠나야 해,25,[u.ɾin.t͈ʌ.na.ja.hɛ],[u.ɾin.t͈ʌ.na.ja.hɛ]
나한테 전화한,25,[na.han.tʰe.tʃʌn.hwa.han],[na.han.tʰe.dʒʌn.hwa.han]
이것들 다,25,[i.kʌt̚.tɯl.ta],[i.gʌt̚.tɯl.da]
다 하겠습니다,25,[ta.ha.ket̚.sɯp̚.ni.ta],[da.ha.get̚.sɯp̚.ni.da]
명령을 따르고,25,[mjʌŋ.ɾjʌŋ.ɯl.t͈a.ɾɯ.ko],[mjʌŋ.ɾjʌŋ.ɯl.t͈a.ɾɯ.go]
당신한테 뭘,25,[taŋ.sin.han.tʰe.mwʌl],[daŋ.sin.han.tʰe.mwʌl]
우린 먼저,25,[u.ɾin.mʌn.tʃʌ],[u.ɾin.mʌn.tʃʌ]
우린 많이,25,[u.ɾin.man.i],[u.ɾin.man.i]
칼 내려놔요,25,[kʰal.lɛ.ɾjʌ.nwa.jo],[kʰal.lɛ.ɾjʌ.nwa.jo]
결정한 거,25,[kjʌl.tʃʌŋ.haŋ.kʌ],[gjʌl.tʃʌŋ.han.gʌ]
제 아이들을,25,[tʃe.a.i.tɯl.ɯl],[dʒe.a.i.dɯl.ɯl]
좋네 이,25,[tʃot̚.ne.i],[dʒot̚.ne.i]
해 주면 돼,25,[hɛ.tʃu.mjʌn.twɛ],[hɛ.dʒu.mjʌn.dwɛ]
지금 뭐해,25,[tʃi.kɯm.mwʌ.hɛ],[dʒi.gɯm.mwʌ.hɛ]
그럼 그 때,25,[kɯ.ɾʌm.kɯ.t͈ɛ],[gɯ.ɾʌm.gɯ.t͈ɛ]
곁에 있을게요,25,[kjʌt̚.e.it̚.ɯl.ke.jo],[gjʌt̚.e.it̚.ɯl.ke.jo]
조지 부시,25,[tʃo.tʃi.pu.si],[dʒo.dʒi.bu.si]
나가 계세요,25,[na.ka.kje.se.jo],[na.ga.gje.se.jo]
방법은 한,25,[pam.pʌp̚.ɯn.han],[baŋ.bʌp̚.ɯn.han]
그럼 어떻게 할까요,25,[kɯ.ɾʌm.ʌ.t͈ʌt̚.ke.hal.k͈a.jo],[gɯ.ɾʌm.ʌ.t͈ʌt̚.ke.hal.k͈a.jo]
곳에 가면,25,[kot̚.e.ka.mjʌn],[got̚.e.ga.mjʌn]
수도 있는 거야,25,[su.to.it̚.nɯŋ.kʌ.ja],[su.do.it̚.nɯn.gʌ.ja]
얘기 하는지,25,[jɛ.ki.ha.nɯn.tʃi],[jɛ.gi.ha.nɯn.tʃi]
게 나을지도 몰라,25,[ke.na.ɯl.tʃi.to.mol.ɾa],[ge.na.ɯl.tʃi.do.mol.ɾa]
절대 볼 수,25,[tʃʌl.tɛ.pol.su],[dʒʌl.tɛ.bol.su]
리는 없어요,25,[ɾi.nɯn.ʌp̚.ʌ.jo],[ɾi.nɯn.ʌp̚.ʌ.jo]
받아들여야 한다,25,[pat̚.a.tɯl.jʌ.ja.han.ta],[bat̚.a.dɯl.jʌ.ja.han.ta]
나가는 게 좋을,25,[na.ka.nɯŋ.ke.tʃot̚.ɯl],[na.ga.nɯn.ge.dʒot̚.ɯl]
걸 그랬나 봐요,25,[kʌl.kɯ.ɾɛt̚.na.pwa.jo],[gʌl.gɯ.ɾɛt̚.na.bwa.jo]
있죠 다,25,[it̚.tʃjo.ta],[it̚.tʃjo.da]
분은 정말,25,[pun.ɯn.tʃʌŋ.mal],[bun.ɯn.dʒʌŋ.mal]
걔는 정말,25,[kjɛ.nɯn.tʃʌŋ.mal],[gjɛ.nɯn.dʒʌŋ.mal]
평범한 삶을 살,25,[pʰjʌm.pʌm.han.sam.ɯl.sal],[pʰjʌŋ.bʌm.han.sam.ɯl.sal]
이게 언제,25,[i.ke.ʌn.tʃe],[i.ge.ʌn.tʃe]
했었지 난,25,[hɛt̚.ʌt̚.tʃi.nan],[hɛt̚.ʌt̚.tʃi.nan]
아이들의 놀란,25,[a.i.tɯl.ɯi.nol.ɾan],[a.i.dɯl.ɯi.nol.ɾan]
싶어요 그렇게,25,[sip̚.ʌ.jo.kɯ.ɾʌt̚.ke],[sip̚.ʌ.jo.gɯ.ɾʌt̚.ke]
대해 얘기하려고,25,[tɛ.hɛ.jɛ.ki.ha.ɾjʌ.ko],[dɛ.hɛ.jɛ.gi.ha.ɾjʌ.go]
그래 얼른,25,[kɯ.ɾɛ.ʌl.ɾɯn],[gɯ.ɾɛ.ʌl.ɾɯn]
거란 거예요,25,[kʌ.ɾaŋ.kʌ.je.jo],[gʌ.ɾan.gʌ.je.jo]
싶어요 너무,25,[sip̚.ʌ.jo.nʌ.mu],[sip̚.ʌ.jo.nʌ.mu]
뭐라 말,25,[mwʌ.ɾa.mal],[mwʌ.ɾa.mal]
지금 어디로 가는,25,[tʃi.kɯm.ʌ.ti.ɾo.ka.nɯn],[dʒi.gɯm.ʌ.di.ɾo.ga.nɯn]
여덟 살 때,25,[jʌ.tʌl.sal.t͈ɛ],[jʌ.dʌl.sal.t͈ɛ]
다는 아니지,25,[ta.nɯn.a.ni.tʃi],[da.nɯn.a.ni.dʒi]
이런 식이,25,[i.ɾʌn.sik̚.i],[i.ɾʌn.sik̚.i]
어디 갔을까,25,[ʌ.ti.kat̚.ɯl.k͈a],[ʌ.di.gat̚.ɯl.k͈a]
and in,25,,
하지만 여러,25,[ha.tʃi.man.jʌ.ɾʌ],[ha.dʒi.man.jʌ.ɾʌ]
묻는 건가요,25,[mut̚.nɯŋ.kʌŋ.ka.jo],[mut̚.nɯn.gʌŋ.ka.jo]
Danny Pink,25,,
하고 그는,25,[ha.ko.kɯ.nɯn],[ha.go.gɯ.nɯn]
뜻대로 할,25,[t͈ɯt̚.tɛ.ɾo.hal],[t͈ɯt̚.tɛ.ɾo.hal]
줘 젠장,25,[tʃwʌ.tʃen.tʃaŋ],[dʒwʌ.dʒen.tʃaŋ]
옆에 서 있는,25,[jʌp̚.e.sʌ.it̚.nɯn],[jʌp̚.e.sʌ.it̚.nɯn]
인정해야 할,25,[in.tʃʌŋ.hɛ.ja.hal],[in.tʃʌŋ.hɛ.ja.hal]
데리고 간다고,25,[te.ɾi.ko.kan.ta.ko],[de.ɾi.go.gan.ta.go]
아무것도 손대지,25,[a.mu.kʌt̚.to.son.tɛ.tʃi],[a.mu.gʌt̚.to.son.tɛ.dʒi]
죽었다고 말했다,25,[tʃuk̚.ʌt̚.ta.ko.mal.hɛt̚.ta],[dʒuk̚.ʌt̚.ta.go.mal.hɛt̚.ta]
묻은 거야,25,[mut̚.ɯŋ.kʌ.ja],[mut̚.ɯn.gʌ.ja]
이미 알아요,25,[i.mi.al.a.jo],[i.mi.al.a.jo]
설마 아직도,25,[sʌl.ma.a.tʃik̚.to],[sʌl.ma.a.dʒik̚.to]
게 있어 그래,25,[ke.it̚.ʌ.kɯ.ɾɛ],[ge.it̚.ʌ.gɯ.ɾɛ]
난 말하고,25,[nan.mal.ha.ko],[nan.mal.ha.go]
피노 누아,25,[pʰi.no.nu.a],[pʰi.no.nu.a]
없게 굴지,25,[ʌp̚.ke.kul.tʃi],[ʌp̚.ke.gul.tʃi]
지금 이대로,25,[tʃi.kɯm.i.tɛ.ɾo],[dʒi.gɯm.i.dɛ.ɾo]
그래 친구,25,[kɯ.ɾɛ.tʃʰiŋ.ku],[gɯ.ɾɛ.tʃʰiŋ.ku]
말하고 있는 것,25,[mal.ha.ko.it̚.nɯŋ.kʌt̚],[mal.ha.go.it̚.nɯn.gʌt̚]
좀 늦었네,25,[tʃom.nɯt̚.ʌt̚.ne],[dʒom.nɯt̚.ʌt̚.ne]
네가 걔를,25,[ne.ka.kjɛ.ɾɯl],[ne.ga.gjɛ.ɾɯl]
마요 이게,25,[ma.jo.i.ke],[ma.jo.i.ge]
말한 거 알아,25,[mal.haŋ.kʌ.al.a],[mal.han.gʌ.al.a]
밝혀질 겁니다,25,[pak̚.hjʌ.tʃil.kʌp̚.ni.ta],[bak̚.hjʌ.dʒil.gʌp̚.ni.da]
지금 떠날,25,[tʃi.kɯn.t͈ʌ.nal],[dʒi.gɯn.t͈ʌ.nal]
질문에 대답하세요,25,[tʃil.mun.e.tɛ.tap̚.ha.se.jo],[dʒil.mun.e.dɛ.dap̚.ha.se.jo]
네가 해야 해,25,[ne.ka.hɛ.ja.hɛ],[ne.ga.hɛ.ja.hɛ]
이미 여기에,25,[i.mi.jʌ.ki.e],[i.mi.jʌ.gi.e]
이득이 되는,25,[i.tɯk̚.i.twe.nɯn],[i.dɯk̚.i.dwe.nɯn]
건 접니다,25,[kʌn.tʃʌp̚.ni.ta],[gʌn.dʒʌp̚.ni.da]
자네도 그,25,[tʃa.ne.to.kɯ],[dʒa.ne.do.gɯ]
하나 해줄게,25,[ha.na.hɛ.tʃul.ke],[ha.na.hɛ.dʒul.ke]
이미 시작됐어,25,[i.mi.si.tʃak̚.twɛt̚.ʌ],[i.mi.si.dʒak̚.twɛt̚.ʌ]
될 수 있으니까,25,[twel.su.it̚.ɯ.ni.k͈a],[dwel.su.it̚.ɯ.ni.k͈a]
이따 얘기해,25,[i.t͈a.jɛ.ki.hɛ],[i.t͈a.jɛ.gi.hɛ]
이런 짓을 하지,25,[i.ɾʌn.tʃit̚.ɯl.ha.tʃi],[i.ɾʌn.dʒit̚.ɯl.ha.dʒi]
당신의 손을,25,[taŋ.sin.ɯi.son.ɯl],[daŋ.sin.ɯi.son.ɯl]
그냥 넘어가는,25,[kɯ.njaŋ.nʌm.ʌ.ka.nɯn],[gɯ.njaŋ.nʌm.ʌ.ga.nɯn]
물건은 어디,25,[mul.kʌn.ɯn.ʌ.ti],[mul.kʌn.ɯn.ʌ.di]
드려서 죄송합니다,25,[tɯ.ɾjʌ.sʌ.tʃwe.soŋ.hap̚.ni.ta],[dɯ.ɾjʌ.sʌ.dʒwe.soŋ.hap̚.ni.da]
대해 뭐라,25,[tɛ.hɛ.mwʌ.ɾa],[dɛ.hɛ.mwʌ.ɾa]
이래라저래라 하는,25,[i.ɾɛ.ɾa.tʃʌ.ɾɛ.ɾa.ha.nɯn],[i.ɾɛ.ɾa.dʒʌ.ɾɛ.ɾa.ha.nɯn]
물 다,25,[mul.ta],[mul.da]
좀 보는,25,[tʃom.po.nɯn],[dʒom.bo.nɯn]
밝히고 싶어,25,[pak̚.hi.ko.sip̚.ʌ],[bak̚.hi.go.sip̚.ʌ]
들어서는 순간,25,[tɯl.ʌ.sʌ.nɯn.suŋ.kan],[dɯl.ʌ.sʌ.nɯn.suŋ.kan]
질문을 하기,25,[tʃil.mun.ɯl.ha.ki],[dʒil.mun.ɯl.ha.gi]
그러니까 당장,25,[kɯ.ɾʌ.ni.k͈a.taŋ.tʃaŋ],[gɯ.ɾʌ.ni.k͈a.daŋ.dʒaŋ]
난 몇 년,25,[nan.mjʌt̚.njʌn],[nan.mjʌt̚.njʌn]
말씀드리는 게,25,[mal.s͈ɯn.tɯ.ɾi.nɯŋ.ke],[mal.s͈ɯn.tɯ.ɾi.nɯn.ge]
이러는 거잖아,25,[i.ɾʌ.nɯŋ.kʌ.tʃan.a],[i.ɾʌ.nɯn.gʌ.dʒan.a]
또 당신이,25,[t͈o.taŋ.sin.i],[t͈o.daŋ.sin.i]
우연히 그,25,[u.jʌn.hi.kɯ],[u.jʌn.hi.gɯ]
내가 맡죠,25,[nɛ.ka.mat̚.tʃjo],[nɛ.ga.mat̚.tʃjo]
당해도 싼,25,[taŋ.hɛ.to.s͈an],[daŋ.hɛ.do.s͈an]
또 만났네,25,[t͈o.man.nat̚.ne],[t͈o.man.nat̚.ne]
아이 한,25,[a.i.han],[a.i.han]
하는 짓이죠,25,[ha.nɯn.tʃit̚.i.tʃjo],[ha.nɯn.dʒit̚.i.dʒjo]
근처에 있었어,25,[kɯn.tʃʰʌ.e.it̚.ʌt̚.ʌ],[gɯn.tʃʰʌ.e.it̚.ʌt̚.ʌ]
내가 원치,25,[nɛ.ka.wʌn.tʃʰi],[nɛ.ga.wʌn.tʃʰi]
나한테 지금,25,[na.han.tʰe.tʃi.kɯm],[na.han.tʰe.dʒi.gɯm]
지금까지 난,25,[tʃi.kɯm.k͈a.tʃi.nan],[dʒi.gɯm.k͈a.dʒi.nan]
이런 거나,25,[i.ɾʌŋ.kʌ.na],[i.ɾʌn.gʌ.na]
우린 여기 있어,25,[u.ɾin.jʌ.ki.it̚.ʌ],[u.ɾin.jʌ.gi.it̚.ʌ]
이럴 필요가,25,[i.ɾʌl.pʰil.jo.ka],[i.ɾʌl.pʰil.jo.ga]
지금까지 네가,25,[tʃi.kɯm.k͈a.tʃi.ne.ka],[dʒi.gɯm.k͈a.dʒi.ne.ga]
아무도 몰랐죠,25,[a.mu.to.mol.ɾat̚.tʃjo],[a.mu.do.mol.ɾat̚.tʃjo]
클로이 브라운,25,[kʰɯl.ɾo.i.pɯ.ɾa.un],[kʰɯl.ɾo.i.bɯ.ɾa.un]
봤어요 제,25,[pwat̚.ʌ.jo.tʃe],[bwat̚.ʌ.jo.dʒe]
다들 알잖아요,25,[ta.tɯl.al.tʃan.a.jo],[da.dɯl.al.tʃan.a.jo]
그때 그가,25,[kɯ.t͈ɛ.kɯ.ka],[gɯ.t͈ɛ.gɯ.ga]
하지 않았는데,25,[ha.tʃi.an.at̚.nɯn.te],[ha.dʒi.an.at̚.nɯn.te]
다들 어디 간,25,[ta.tɯl.ʌ.ti.kan],[da.dɯl.ʌ.di.gan]
이런 곳,25,[i.ɾʌŋ.kot̚],[i.ɾʌn.got̚]
변화를 가져올,25,[pjʌn.hwa.ɾɯl.ka.tʃjʌ.ol],[bjʌn.hwa.ɾɯl.ga.dʒjʌ.ol]
가지가 있어,25,[ka.tʃi.ka.it̚.ʌ],[ga.dʒi.ga.it̚.ʌ]
다른 시간에,25,[ta.ɾɯn.si.kan.e],[da.ɾɯn.si.gan.e]
아무도 아니다,25,[a.mu.to.a.ni.ta],[a.mu.do.a.ni.da]
그래 이걸,25,[kɯ.ɾɛ.i.kʌl],[gɯ.ɾɛ.i.gʌl]
모든 게 잘될,25,[mo.tɯŋ.ke.tʃal.twel],[mo.dɯn.ge.dʒal.twel]
하나만 대,25,[ha.na.man.tɛ],[ha.na.man.dɛ]
이제 기분이,25,[i.tʃe.ki.pun.i],[i.dʒe.gi.bun.i]
여자만 보면,25,[jʌ.tʃa.mam.po.mjʌn],[jʌ.dʒa.man.bo.mjʌn]
또 약,25,[t͈o.jak̚],[t͈o.jak̚]
두고 떠나지,25,[tu.ko.t͈ʌ.na.tʃi],[du.go.t͈ʌ.na.dʒi]
나는 화가 났다,25,[na.nɯn.hwa.ka.nat̚.ta],[na.nɯn.hwa.ga.nat̚.ta]
이런 난,25,[i.ɾʌn.nan],[i.ɾʌn.nan]
더 이상 기다릴,25,[tʌ.i.saŋ.ki.ta.ɾil],[dʌ.i.saŋ.gi.da.ɾil]
이런 사람들은,25,[i.ɾʌn.sa.ɾan.tɯl.ɯn],[i.ɾʌn.sa.ɾan.tɯl.ɯn]
하지만 생각해,25,[ha.tʃi.man.sɛŋ.kak̚.hɛ],[ha.dʒi.man.sɛŋ.gak̚.hɛ]
물건은 전부,25,[mul.kʌn.ɯn.tʃʌm.pu],[mul.kʌn.ɯn.dʒʌm.pu]
봤을 때 난,25,[pwat̚.ɯl.t͈ɛ.nan],[bwat̚.ɯl.t͈ɛ.nan]
우린 이길 수,25,[u.ɾin.i.kil.su],[u.ɾin.i.gil.su]
갑자기 다른,25,[kap̚.tʃa.ki.ta.ɾɯn],[gap̚.tʃa.gi.da.ɾɯn]
지금은 널,25,[tʃi.kɯm.ɯn.nʌl],[dʒi.gɯm.ɯn.nʌl]
혀 차는,25,[hjʌ.tʃʰa.nɯn],[hjʌ.tʃʰa.nɯn]
날 쳐다보지,25,[nal.tʃʰjʌ.ta.po.tʃi],[nal.tʃʰjʌ.da.bo.dʒi]
그냥 왔어,25,[kɯ.njaŋ.wat̚.ʌ],[gɯ.njaŋ.wat̚.ʌ]
누명을 씌우려고,25,[nu.mjʌŋ.ɯl.s͈ɯi.u.ɾjʌ.ko],[nu.mjʌŋ.ɯl.s͈ɯi.u.ɾjʌ.go]
of stuff,25,,
방을 좀,25,[paŋ.ɯl.tʃom],[baŋ.ɯl.dʒom]
죽었어요 그래서,25,[tʃuk̚.ʌt̚.ʌ.jo.kɯ.ɾɛ.sʌ],[dʒuk̚.ʌt̚.ʌ.jo.gɯ.ɾɛ.sʌ]
이런 일 없을 겁니다,25,[i.ɾʌn.il.ʌp̚.ɯl.kʌp̚.ni.ta],[i.ɾʌn.il.ʌp̚.ɯl.gʌp̚.ni.da]
투표 안,25,[tʰu.pʰjo.an],[tʰu.pʰjo.an]
감당하기 힘들어 난,25,[kan.taŋ.ha.ki.hin.tɯl.ʌ.nan],[gan.taŋ.ha.gi.hin.tɯl.ʌ.nan]
뭐라고 한 거예요,25,[mwʌ.ɾa.ko.haŋ.kʌ.je.jo],[mwʌ.ɾa.go.han.gʌ.je.jo]
말을 들어보세요,25,[mal.ɯl.tɯl.ʌ.po.se.jo],[mal.ɯl.dɯl.ʌ.bo.se.jo]
아무리 열심히,25,[a.mu.ɾi.jʌl.sim.hi],[a.mu.ɾi.jʌl.sim.hi]
게 좋다는,25,[ke.tʃot̚.ta.nɯn],[ge.dʒot̚.ta.nɯn]
자네도 알겠지만,25,[tʃa.ne.to.al.ket̚.tʃi.man],[dʒa.ne.do.al.ket̚.tʃi.man]
뿅 가는,25,[p͈joŋ.ka.nɯn],[p͈joŋ.ga.nɯn]
다르단 걸,25,[ta.ɾɯ.taŋ.kʌl],[da.ɾɯ.dan.gʌl]
나 그래서,25,[na.kɯ.ɾɛ.sʌ],[na.gɯ.ɾɛ.sʌ]
기억을 모두,25,[ki.ʌk̚.ɯl.mo.tu],[gi.ʌk̚.ɯl.mo.du]
뭐가 궁금한데,25,[mwʌ.ka.kuŋ.kɯm.han.te],[mwʌ.ga.guŋ.gɯm.han.te]
좀 비켜봐,25,[tʃom.pi.kʰjʌ.pwa],[dʒom.bi.kʰjʌ.bwa]
친구 뭐,25,[tʃʰiŋ.ku.mwʌ],[tʃʰiŋ.ku.mwʌ]
그냥 놔두지,25,[kɯ.njaŋ.nwa.tu.tʃi],[gɯ.njaŋ.nwa.du.dʒi]
돌아오실 거야,25,[tol.a.o.sil.kʌ.ja],[dol.a.o.sil.gʌ.ja]
하지만 나한텐,25,[ha.tʃi.man.na.han.tʰen],[ha.dʒi.man.na.han.tʰen]
것을 알았습니다,25,[kʌt̚.ɯl.al.at̚.sɯp̚.ni.ta],[gʌt̚.ɯl.al.at̚.sɯp̚.ni.da]
잡혀 있어,25,[tʃap̚.hjʌ.it̚.ʌ],[dʒap̚.hjʌ.it̚.ʌ]
아버지 얘기를,25,[a.pʌ.tʃi.jɛ.ki.ɾɯl],[a.bʌ.dʒi.jɛ.gi.ɾɯl]
지구상 가장,25,[tʃi.ku.saŋ.ka.tʃaŋ],[dʒi.gu.saŋ.ga.dʒaŋ]
아닌 걸요,25,[a.niŋ.kʌl.jo],[a.nin.gʌl.jo]
일단 당신이,25,[il.tan.taŋ.sin.i],[il.tan.daŋ.sin.i]
안 나왔는데,25,[an.na.wat̚.nɯn.te],[an.na.wat̚.nɯn.te]
선택할 수도,25,[sʌn.tʰɛk̚.hal.su.to],[sʌn.tʰɛk̚.hal.su.do]
아니에요 만약,25,[a.ni.e.jo.man.jak̚],[a.ni.e.jo.man.jak̚]
떠나지 말라고,25,[t͈ʌ.na.tʃi.mal.ɾa.ko],[t͈ʌ.na.dʒi.mal.ɾa.go]
먹을 것이,25,[mʌk̚.ɯl.kʌt̚.i],[mʌk̚.ɯl.gʌt̚.i]
떠나지 말았어야,25,[t͈ʌ.na.tʃi.mal.at̚.ʌ.ja],[t͈ʌ.na.dʒi.mal.at̚.ʌ.ja]
그것 때문이야,25,[kɯ.kʌt̚.t͈ɛ.mun.i.ja],[gɯ.gʌt̚.t͈ɛ.mun.i.ja]
감정 없는,25,[kan.tʃʌŋ.ʌp̚.nɯn],[gan.tʃʌŋ.ʌp̚.nɯn]
진실을 알아,25,[tʃin.sil.ɯl.al.a],[dʒin.sil.ɯl.al.a]
일하고 싶으면,25,[il.ha.ko.sip̚.ɯ.mjʌn],[il.ha.go.sip̚.ɯ.mjʌn]
없을 거라고요,25,[ʌp̚.ɯl.kʌ.ɾa.ko.jo],[ʌp̚.ɯl.gʌ.ɾa.go.jo]
그럼 나만,25,[kɯ.ɾʌm.na.man],[gɯ.ɾʌm.na.man]
싶으면 네,25,[sip̚.ɯ.mjʌn.ne],[sip̚.ɯ.mjʌn.ne]
흔적을 찾을 수,25,[hɯn.tʃʌk̚.ɯl.tʃʰat̚.ɯl.su],[hɯn.tʃʌk̚.ɯl.tʃʰat̚.ɯl.su]
일 년을,25,[il.ljʌn.ɯl],[il.ljʌn.ɯl]
물론 그러시겠지,25,[mul.ɾoŋ.kɯ.ɾʌ.si.ket̚.tʃi],[mul.ɾon.gɯ.ɾʌ.si.get̚.tʃi]
가도록 하죠,25,[ka.to.ɾok̚.ha.tʃjo],[ga.do.ɾok̚.ha.dʒjo]
너 혼자가,25,[nʌ.hon.tʃa.ka],[nʌ.hon.tʃa.ga]
하산 씨,25,[ha.san.s͈i],[ha.san.s͈i]
있어서 아주,25,[it̚.ʌ.sʌ.a.tʃu],[it̚.ʌ.sʌ.a.dʒu]
그 근처에서,25,[kɯ.kɯn.tʃʰʌ.e.sʌ],[gɯ.gɯn.tʃʰʌ.e.sʌ]
one of these,25,,
있으면 진짜,25,[it̚.ɯ.mjʌn.tʃin.tʃ͈a],[it̚.ɯ.mjʌn.dʒin.tʃ͈a]
중국어로 얘기한다,25,[tʃuŋ.kuk̚.ʌ.ɾo.jɛ.ki.han.ta],[dʒuŋ.guk̚.ʌ.ɾo.jɛ.gi.han.ta]
다른 데를,25,[ta.ɾɯn.te.ɾɯl],[da.ɾɯn.de.ɾɯl]
괜찮아 누가,25,[kwɛn.tʃʰan.a.nu.ka],[gwɛn.tʃʰan.a.nu.ga]
해요 저기,25,[hɛ.jo.tʃʌ.ki],[hɛ.jo.dʒʌ.gi]
가둔 거야,25,[ka.tuŋ.kʌ.ja],[ga.dun.gʌ.ja]
한 게 아닙니다,25,[haŋ.ke.a.nip̚.ni.ta],[han.ge.a.nip̚.ni.da]
알아 c,25,[al.a],[al.a]
계속 말씀하세요,25,[kje.sok̚.mal.s͈ɯm.ha.se.jo],[gje.sok̚.mal.s͈ɯm.ha.se.jo]
무서운 걸,25,[mu.sʌ.uŋ.kʌl],[mu.sʌ.un.gʌl]
and I am,25,,
우린 친구잖아요,25,[u.ɾin.tʃʰiŋ.ku.tʃan.a.jo],[u.ɾin.tʃʰiŋ.ku.dʒan.a.jo]
그냥 보는,25,[kɯ.njam.po.nɯn],[gɯ.njaŋ.bo.nɯn]
어떻게 일이,25,[ʌ.t͈ʌt̚.ke.il.i],[ʌ.t͈ʌt̚.ke.il.i]
뛰는 건,25,[t͈wi.nɯŋ.kʌn],[t͈wi.nɯn.gʌn]
다신 그런 말,25,[ta.siŋ.kɯ.ɾʌn.mal],[da.sin.gɯ.ɾʌn.mal]
일이 있었던 건지,25,[il.i.it̚.ʌt̚.tʌŋ.kʌn.tʃi],[il.i.it̚.ʌt̚.tʌn.gʌn.tʃi]
장치가 있어,25,[tʃaŋ.tʃʰi.ka.it̚.ʌ],[dʒaŋ.tʃʰi.ga.it̚.ʌ]
네게 주는,25,[ne.ke.tʃu.nɯn],[ne.ge.dʒu.nɯn]
그때 날,25,[kɯ.t͈ɛ.nal],[gɯ.t͈ɛ.nal]
가둬 둘,25,[ka.twʌ.tul],[ga.dwʌ.dul]
작동하지 않아,25,[tʃak̚.toŋ.ha.tʃi.an.a],[dʒak̚.toŋ.ha.dʒi.an.a]
우린 할 수 있어요,25,[u.ɾin.hal.su.it̚.ʌ.jo],[u.ɾin.hal.su.it̚.ʌ.jo]
더 이상 우리,25,[tʌ.i.saŋ.u.ɾi],[dʌ.i.saŋ.u.ɾi]
until you,25,,
뭐 하나 물어볼게,25,[mwʌ.ha.na.mul.ʌ.pol.ke],[mwʌ.ha.na.mul.ʌ.bol.ke]
그럼 난 뭘,25,[kɯ.ɾʌm.nan.mwʌl],[gɯ.ɾʌm.nan.mwʌl]
우리 배를,25,[u.ɾi.pɛ.ɾɯl],[u.ɾi.bɛ.ɾɯl]
이게 나니까,25,[i.ke.na.ni.k͈a],[i.ge.na.ni.k͈a]
것도 잊지,25,[kʌt̚.to.it̚.tʃi],[gʌt̚.to.it̚.tʃi]
화내실 거야,25,[hwa.nɛ.sil.kʌ.ja],[hwa.nɛ.sil.gʌ.ja]
그게 가능할까,25,[kɯ.ke.ka.nɯŋ.hal.k͈a],[gɯ.ge.ga.nɯŋ.hal.k͈a]
돌아올 거다,25,[tol.a.ol.kʌ.ta],[dol.a.ol.gʌ.da]
지내면 안,25,[tʃi.nɛ.mjʌn.an],[dʒi.nɛ.mjʌn.an]
아빠 집에서,25,[a.p͈a.tʃip̚.e.sʌ],[a.p͈a.dʒip̚.e.sʌ]
구할 수 있게,25,[ku.hal.su.it̚.ke],[gu.hal.su.it̚.ke]
해수의 떨리는 숨소리,25,[hɛ.su.ɯi.t͈ʌl.ɾi.nɯn.sum.so.ɾi],[hɛ.su.ɯi.t͈ʌl.ɾi.nɯn.sum.so.ɾi]
하지만 약속할게,25,[ha.tʃi.man.jak̚.sok̚.hal.ke],[ha.dʒi.man.jak̚.sok̚.hal.ke]
안돼요 난,25,[an.twɛ.jo.nan],[an.twɛ.jo.nan]
이름 중,25,[i.ɾɯn.tʃuŋ],[i.ɾɯm.dʒuŋ]
얘기하러 온 거야,25,[jɛ.ki.ha.ɾʌ.oŋ.kʌ.ja],[jɛ.gi.ha.ɾʌ.on.gʌ.ja]
하지만 그 후,25,[ha.tʃi.maŋ.kɯ.hu],[ha.dʒi.man.gɯ.hu]
보고 싶죠,25,[po.ko.sip̚.tʃjo],[bo.go.sip̚.tʃjo]
같이 생긴,25,[kat̚.i.sɛŋ.kin],[gat̚.i.sɛŋ.gin]
없이는 절대,25,[ʌp̚.i.nɯn.tʃʌl.tɛ],[ʌp̚.i.nɯn.dʒʌl.tɛ]
어쩌면 이제,25,[ʌ.tʃ͈ʌ.mjʌn.i.tʃe],[ʌ.tʃ͈ʌ.mjʌn.i.dʒe]
거 얼마나,25,[kʌ.ʌl.ma.na],[gʌ.ʌl.ma.na]
이것은 정말로,25,[i.kʌt̚.ɯn.tʃʌŋ.mal.ɾo],[i.gʌt̚.ɯn.dʒʌŋ.mal.ɾo]
달라는 건,25,[tal.ɾa.nɯŋ.kʌn],[dal.ɾa.nɯn.gʌn]
미래를 보는,25,[mi.ɾɛ.ɾɯl.po.nɯn],[mi.ɾɛ.ɾɯl.bo.nɯn]
일로 하죠,25,[il.ɾo.ha.tʃjo],[il.ɾo.ha.dʒjo]
한 선생님이,25,[han.sʌn.sɛŋ.nim.i],[han.sʌn.sɛŋ.nim.i]
당신에게 그런,25,[taŋ.sin.e.ke.kɯ.ɾʌn],[daŋ.sin.e.ge.gɯ.ɾʌn]
그냥 숨,25,[kɯ.njaŋ.sum],[gɯ.njaŋ.sum]
있어 그래야,25,[it̚.ʌ.kɯ.ɾɛ.ja],[it̚.ʌ.gɯ.ɾɛ.ja]
우릴 구해줄,25,[u.ɾil.ku.hɛ.tʃul],[u.ɾil.gu.hɛ.dʒul]
좀 하실까요,25,[tʃom.ha.sil.k͈a.jo],[dʒom.ha.sil.k͈a.jo]
이것은 좋은,25,[i.kʌt̚.ɯn.tʃot̚.ɯn],[i.gʌt̚.ɯn.dʒot̚.ɯn]
맞다 너,25,[mat̚.ta.nʌ],[mat̚.ta.nʌ]
기억하고 싶지,25,[ki.ʌk̚.ha.ko.sip̚.tʃi],[gi.ʌk̚.ha.go.sip̚.tʃi]
그러니까 얼른,25,[kɯ.ɾʌ.ni.k͈a.ʌl.ɾɯn],[gɯ.ɾʌ.ni.k͈a.ʌl.ɾɯn]
말하는 거구나,25,[mal.ha.nɯŋ.kʌ.ku.na],[mal.ha.nɯn.gʌ.gu.na]
뜻인지 모르겠네요,25,[t͈ɯt̚.in.tʃi.mo.ɾɯ.ket̚.ne.jo],[t͈ɯt̚.in.tʃi.mo.ɾɯ.get̚.ne.jo]
You''re in,25,,
해치면 안,25,[hɛ.tʃʰi.mjʌn.an],[hɛ.tʃʰi.mjʌn.an]
그랬다는 것을 안다,25,[kɯ.ɾɛt̚.ta.nɯŋ.kʌt̚.ɯl.an.ta],[gɯ.ɾɛt̚.ta.nɯn.gʌt̚.ɯl.an.ta]
뜻인지 알고,25,[t͈ɯt̚.in.tʃi.al.ko],[t͈ɯt̚.in.tʃi.al.ko]
아무도 제,25,[a.mu.to.tʃe],[a.mu.do.dʒe]
걸 잊지 마세요,25,[kʌl.it̚.tʃi.ma.se.jo],[gʌl.it̚.tʃi.ma.se.jo]
할 거 같아서요,25,[hal.kʌ.kat̚.a.sʌ.jo],[hal.gʌ.gat̚.a.sʌ.jo]
까짓 거,25,[k͈a.tʃit̚.kʌ],[k͈a.dʒit̚.gʌ]
게 있을 것,25,[ke.it̚.ɯl.kʌt̚],[ge.it̚.ɯl.gʌt̚]
집 주변을,25,[tʃip̚.tʃu.pjʌn.ɯl],[dʒip̚.dʒu.bjʌn.ɯl]
너한테 말을 걸지,25,[nʌ.han.tʰe.mal.ɯl.kʌl.tʃi],[nʌ.han.tʰe.mal.ɯl.gʌl.tʃi]
때도 됐어,25,[t͈ɛ.to.twɛt̚.ʌ],[t͈ɛ.do.dwɛt̚.ʌ]
다른 사람은 아무도,25,[ta.ɾɯn.sa.ɾam.ɯn.a.mu.to],[da.ɾɯn.sa.ɾam.ɯn.a.mu.do]
정도는 아니었어,25,[tʃʌŋ.to.nɯn.a.ni.ʌt̚.ʌ],[dʒʌŋ.do.nɯn.a.ni.ʌt̚.ʌ]
친구가 필요해요,25,[tʃʰiŋ.ku.ka.pʰil.jo.hɛ.jo],[tʃʰiŋ.ku.ga.pʰil.jo.hɛ.jo]
겁니다 뭔가,25,[kʌp̚.ni.ta.mwʌŋ.ka],[gʌp̚.ni.da.mwʌŋ.ka]
해 그럴 수,25,[hɛ.kɯ.ɾʌl.su],[hɛ.gɯ.ɾʌl.su]
내게 힘이,25,[nɛ.ke.him.i],[nɛ.ge.him.i]
결과를 보고,25,[kjʌl.kwa.ɾɯl.po.ko],[gjʌl.kwa.ɾɯl.bo.go]
그래 하나,25,[kɯ.ɾɛ.ha.na],[gɯ.ɾɛ.ha.na]
날 협박할,25,[nal.hjʌp̚.pak̚.hal],[nal.hjʌp̚.pak̚.hal]
비난 안,25,[pi.nan.an],[bi.nan.an]
반한 것,25,[pan.haŋ.kʌt̚],[ban.han.gʌt̚]
이만 가야,25,[i.maŋ.ka.ja],[i.man.ga.ja]
우리 이쁜이,25,[u.ɾi.i.p͈ɯn.i],[u.ɾi.i.p͈ɯn.i]
어떻게 나한테 이럴 수,25,[ʌ.t͈ʌt̚.ke.na.han.tʰe.i.ɾʌl.su],[ʌ.t͈ʌt̚.ke.na.han.tʰe.i.ɾʌl.su]
우릴 믿어,25,[u.ɾil.mit̚.ʌ],[u.ɾil.mit̚.ʌ]
든 남자가,25,[tɯn.nan.tʃa.ka],[dɯn.nan.tʃa.ga]
근데 먼저,25,[kɯn.te.mʌn.tʃʌ],[gɯn.te.mʌn.tʃʌ]
갈 수 있을지도,25,[kal.su.it̚.ɯl.tʃi.to],[gal.su.it̚.ɯl.tʃi.do]
덕분에 이제,25,[tʌk̚.pun.e.i.tʃe],[dʌk̚.pun.e.i.dʒe]
섬광의 AXIA,25,[sʌm.kwaŋ.ɯi],[sʌm.kwaŋ.ɯi]
이미 갖고,25,[i.mi.kat̚.ko],[i.mi.gat̚.ko]
이미 결정,25,[i.mi.kjʌl.tʃʌŋ],[i.mi.gjʌl.tʃʌŋ]
비켜 봐요,25,[pi.kʰjʌ.pwa.jo],[bi.kʰjʌ.bwa.jo]
이미 네가,25,[i.mi.ne.ka],[i.mi.ne.ga]
그리고 나는 모든,25,[kɯ.ɾi.ko.na.nɯn.mo.tɯn],[gɯ.ɾi.go.na.nɯn.mo.dɯn]
섬사람 나는야,25,[sʌm.sa.ɾam.na.nɯn.ja],[sʌm.sa.ɾam.na.nɯn.ja]
나한테 화내는,25,[na.han.tʰe.hwa.nɛ.nɯn],[na.han.tʰe.hwa.nɛ.nɯn]
수백 개,25,[su.pɛk̚.kɛ],[su.bɛk̚.gɛ]
예전 모습으로,25,[je.tʃʌn.mo.sɯp̚.ɯ.ɾo],[je.dʒʌn.mo.sɯp̚.ɯ.ɾo]
젊은 날을,25,[tʃʌm.ɯn.nal.ɯl],[dʒʌm.ɯn.nal.ɯl]
아니야 알아요,25,[a.ni.ja.al.a.jo],[a.ni.ja.al.a.jo]
괜찮아 집에,25,[kwɛn.tʃʰan.a.tʃip̚.e],[gwɛn.tʃʰan.a.dʒip̚.e]
나 몇,25,[na.mjʌt̚],[na.mjʌt̚]
안 돼 뭘,25,[an.twɛ.mwʌl],[an.dwɛ.mwʌl]
하게 될 줄 몰랐는데,25,[ha.ke.twel.tʃul.mol.ɾat̚.nɯn.te],[ha.ge.dwel.dʒul.mol.ɾat̚.nɯn.te]
이 사람들이랑,25,[i.sa.ɾan.tɯl.i.ɾaŋ],[i.sa.ɾan.tɯl.i.ɾaŋ]
벗어나기 위해서,25,[pʌt̚.ʌ.na.ki.wi.hɛ.sʌ],[bʌt̚.ʌ.na.gi.wi.hɛ.sʌ]
성 안에,25,[sʌŋ.an.e],[sʌŋ.an.e]
아이들 데리고,25,[a.i.tɯl.te.ɾi.ko],[a.i.dɯl.de.ɾi.go]
삶을 위한,25,[sam.ɯl.wi.han],[sam.ɯl.wi.han]
수 없어 지금,25,[su.ʌp̚.ʌ.tʃi.kɯm],[su.ʌp̚.ʌ.dʒi.gɯm]
maybe I,25,,
전혀 아니죠,25,[tʃʌn.hjʌ.a.ni.tʃjo],[dʒʌn.hjʌ.a.ni.dʒjo]
이번 달만,25,[i.pʌn.tal.man],[i.bʌn.dal.man]
내가 탈,25,[nɛ.ka.tʰal],[nɛ.ga.tʰal]
곧 따라갈게,25,[kot̚.t͈a.ɾa.kal.ke],[got̚.t͈a.ɾa.gal.ke]
우릴 잡으러,25,[u.ɾil.tʃap̚.ɯ.ɾʌ],[u.ɾil.dʒap̚.ɯ.ɾʌ]
더는 못 기다려,25,[tʌ.nɯn.mot̚.ki.ta.ɾjʌ],[dʌ.nɯn.mot̚.gi.da.ɾjʌ]
일시 정지,25,[il.si.tʃʌŋ.tʃi],[il.si.dʒʌŋ.dʒi]
비밀은 없어,25,[pi.mil.ɯn.ʌp̚.ʌ],[bi.mil.ɯn.ʌp̚.ʌ]
내가 그 정도로,25,[nɛ.ka.kɯ.tʃʌŋ.to.ɾo],[nɛ.ga.gɯ.dʒʌŋ.do.ɾo]
그럼 내일 봐요,25,[kɯ.ɾʌm.nɛ.il.pwa.jo],[gɯ.ɾʌm.nɛ.il.bwa.jo]
경의를 표한다,25,[kjʌŋ.ɯi.ɾɯl.pʰjo.han.ta],[gjʌŋ.ɯi.ɾɯl.pʰjo.han.ta]
뭔가에 대해서,25,[mwʌŋ.ka.e.tɛ.hɛ.sʌ],[mwʌŋ.ka.e.dɛ.hɛ.sʌ]
말하는 걸 듣고,25,[mal.ha.nɯŋ.kʌl.tɯt̚.ko],[mal.ha.nɯn.gʌl.dɯt̚.ko]
이리 내려와,25,[i.ɾi.nɛ.ɾjʌ.wa],[i.ɾi.nɛ.ɾjʌ.wa]
거라고 하셨죠,25,[kʌ.ɾa.ko.ha.sjʌt̚.tʃjo],[gʌ.ɾa.go.ha.sjʌt̚.tʃjo]
후회는 없어,25,[hu.hwe.nɯn.ʌp̚.ʌ],[hu.hwe.nɯn.ʌp̚.ʌ]
성 기능,25,[sʌŋ.ki.nɯŋ],[sʌŋ.gi.nɯŋ]
한계점이라면 새로 칠해도,25,[haŋ.kje.tʃʌm.i.ɾa.mjʌn.sɛ.ɾo.tʃʰil.hɛ.to],[haŋ.kje.dʒʌm.i.ɾa.mjʌn.sɛ.ɾo.tʃʰil.hɛ.do]
거야 언제나,25,[kʌ.ja.ʌn.tʃe.na],[gʌ.ja.ʌn.tʃe.na]
그리고 나는 확실히,25,[kɯ.ɾi.ko.na.nɯn.hwak̚.sil.hi],[gɯ.ɾi.go.na.nɯn.hwak̚.sil.hi]
이봐요 당신,25,[i.pwa.jo.taŋ.sin],[i.bwa.jo.daŋ.sin]
당신 때문이죠,25,[taŋ.sin.t͈ɛ.mun.i.tʃjo],[daŋ.sin.t͈ɛ.mun.i.dʒjo]
정도 크기의,25,[tʃʌŋ.to.kʰɯ.ki.ɯi],[dʒʌŋ.do.kʰɯ.gi.ɯi]
결과에 대한,25,[kjʌl.kwa.e.tɛ.han],[gjʌl.kwa.e.dɛ.han]
이해하지 못할 것이다,25,[i.hɛ.ha.tʃi.mot̚.hal.kʌt̚.i.ta],[i.hɛ.ha.dʒi.mot̚.hal.gʌt̚.i.da]
나라를 지키기,25,[na.ɾa.ɾɯl.tʃi.kʰi.ki],[na.ɾa.ɾɯl.dʒi.kʰi.gi]
좀 사올게,25,[tʃom.sa.ol.ke],[dʒom.sa.ol.ke]
얘길 들으니,25,[jɛ.kil.tɯl.ɯ.ni],[jɛ.gil.dɯl.ɯ.ni]
일어나는 거지,25,[il.ʌ.na.nɯŋ.kʌ.tʃi],[il.ʌ.na.nɯn.gʌ.dʒi]
다른 장소를,25,[ta.ɾɯn.tʃaŋ.so.ɾɯl],[da.ɾɯn.dʒaŋ.so.ɾɯl]
거야 그나저나,25,[kʌ.ja.kɯ.na.tʃʌ.na],[gʌ.ja.gɯ.na.dʒʌ.na]
얘길 하는 게,25,[jɛ.kil.ha.nɯŋ.ke],[jɛ.gil.ha.nɯn.ge]
other way,25,,
그리고 나서 그것은,25,[kɯ.ɾi.ko.na.sʌ.kɯ.kʌt̚.ɯn],[gɯ.ɾi.go.na.sʌ.gɯ.gʌt̚.ɯn]
마약을 하고,25,[ma.jak̚.ɯl.ha.ko],[ma.jak̚.ɯl.ha.go]
없는 내가,25,[ʌp̚.nɯn.nɛ.ka],[ʌp̚.nɯn.nɛ.ga]
마이크 좀,25,[ma.i.kʰɯ.tʃom],[ma.i.kʰɯ.dʒom]
that I''ve,25,,
가은의 놀란 신음,25,[ka.ɯn.ɯi.nol.ɾan.sin.ɯm],[ga.ɯn.ɯi.nol.ɾan.sin.ɯm]
싶지 않아 네가,25,[sip̚.tʃi.an.a.ne.ka],[sip̚.tʃi.an.a.ne.ga]
탄 걸,25,[tʰaŋ.kʌl],[tʰan.gʌl]
흔적을 감추기,25,[hɯn.tʃʌk̚.ɯl.kan.tʃʰu.ki],[hɯn.tʃʌk̚.ɯl.gan.tʃʰu.gi]
want them,25,,
귀엽지 않아요,25,[kwi.jʌp̚.tʃi.an.a.jo],[gwi.jʌp̚.tʃi.an.a.jo]
친구를 사귀고,25,[tʃʰiŋ.ku.ɾɯl.sa.kwi.ko],[tʃʰiŋ.ku.ɾɯl.sa.gwi.go]
너한테 물어볼 게,25,[nʌ.han.tʰe.mul.ʌ.pol.ke],[nʌ.han.tʰe.mul.ʌ.bol.ge]
그래도 결국,25,[kɯ.ɾɛ.to.kjʌl.kuk̚],[gɯ.ɾɛ.do.gjʌl.kuk̚]
She just,25,,
일어나지 않아요,25,[il.ʌ.na.tʃi.an.a.jo],[il.ʌ.na.dʒi.an.a.jo]
저기 근데,25,[tʃʌ.ki.kɯn.te],[dʒʌ.gi.gɯn.te]
다른 게 더,25,[ta.ɾɯŋ.ke.tʌ],[da.ɾɯn.ge.dʌ]
있어 그에게,25,[it̚.ʌ.kɯ.e.ke],[it̚.ʌ.gɯ.e.ge]
지키지 않는다면,25,[tʃi.kʰi.tʃi.an.nɯn.ta.mjʌn],[dʒi.kʰi.dʒi.an.nɯn.ta.mjʌn]
저 개자식이,25,[tʃʌ.kɛ.tʃa.sik̚.i],[dʒʌ.gɛ.dʒa.sik̚.i]
그 손 치워,25,[kɯ.son.tʃʰi.wʌ],[gɯ.son.tʃʰi.wʌ]
찾기 힘들어,25,[tʃʰat̚.ki.hin.tɯl.ʌ],[tʃʰat̚.ki.hin.tɯl.ʌ]
하죠 더,25,[ha.tʃjo.tʌ],[ha.dʒjo.dʌ]
근데 거기,25,[kɯn.te.kʌ.ki],[gɯn.te.gʌ.gi]
뭐 드려요,25,[mwʌ.tɯ.ɾjʌ.jo],[mwʌ.dɯ.ɾjʌ.jo]
진짜 그래요,25,[tʃin.tʃ͈a.kɯ.ɾɛ.jo],[dʒin.tʃ͈a.gɯ.ɾɛ.jo]
비행기 타기,25,[pi.hɛŋ.ki.tʰa.ki],[bi.hɛŋ.gi.tʰa.gi]
나는야 섬사람 나는야 섬사람,25,[na.nɯn.ja.sʌm.sa.ɾam.na.nɯn.ja.sʌm.sa.ɾam],[na.nɯn.ja.sʌm.sa.ɾam.na.nɯn.ja.sʌm.sa.ɾam]
그녀는 살아,25,[kɯ.njʌ.nɯn.sal.a],[gɯ.njʌ.nɯn.sal.a]
대단한 줄,25,[tɛ.tan.han.tʃul],[dɛ.dan.han.dʒul]
그래 어디로,25,[kɯ.ɾɛ.ʌ.ti.ɾo],[gɯ.ɾɛ.ʌ.di.ɾo]
싶지 않은 것,25,[sip̚.tʃi.an.ɯŋ.kʌt̚],[sip̚.tʃi.an.ɯn.gʌt̚]
얘기만 했어,25,[jɛ.ki.man.hɛt̚.ʌ],[jɛ.gi.man.hɛt̚.ʌ]
last one,25,,
옛날에 내가,25,[jet̚.nal.e.nɛ.ka],[jet̚.nal.e.nɛ.ga]
그냥 온,25,[kɯ.njaŋ.on],[gɯ.njaŋ.on]
아버지는 안,25,[a.pʌ.tʃi.nɯn.an],[a.bʌ.dʒi.nɯn.an]
협박하는 겁니까,25,[hjʌp̚.pak̚.ha.nɯŋ.kʌp̚.ni.k͈a],[hjʌp̚.pak̚.ha.nɯn.gʌp̚.ni.k͈a]
맡겨 줘,25,[mat̚.kjʌ.tʃwʌ],[mat̚.kjʌ.dʒwʌ]
아주 잠깐만,25,[a.tʃu.tʃam.k͈an.man],[a.dʒu.dʒam.k͈an.man]
최대 보안,25,[tʃʰwe.tɛ.po.an],[tʃʰwe.dɛ.bo.an]
하지 않는 거야,25,[ha.tʃi.an.nɯŋ.kʌ.ja],[ha.dʒi.an.nɯn.gʌ.ja]
모르겠어요 다른,25,[mo.ɾɯ.ket̚.ʌ.jo.ta.ɾɯn],[mo.ɾɯ.get̚.ʌ.jo.da.ɾɯn]
기다려 이제,24,[ki.ta.ɾjʌ.i.tʃe],[gi.da.ɾjʌ.i.dʒe]
이용하고 있다,24,[i.joŋ.ha.ko.it̚.ta],[i.joŋ.ha.go.it̚.ta]
하지 않소,24,[ha.tʃi.an.so],[ha.dʒi.an.so]
안 돼요 그래도,24,[an.twɛ.jo.kɯ.ɾɛ.to],[an.dwɛ.jo.gɯ.ɾɛ.do]
러시아 놈들이,24,[ɾʌ.si.a.non.tɯl.i],[ɾʌ.si.a.non.tɯl.i]
침입자 발생,24,[tʃʰim.ip̚.tʃa.pal.sɛŋ],[tʃʰim.ip̚.tʃa.bal.sɛŋ]
뭐 사,24,[mwʌ.sa],[mwʌ.sa]
다 끝날 거야,24,[ta.k͈ɯt̚.nal.kʌ.ja],[da.k͈ɯt̚.nal.gʌ.ja]
부를 수 있어요,24,[pu.ɾɯl.su.it̚.ʌ.jo],[bu.ɾɯl.su.it̚.ʌ.jo]
직접 들은,24,[tʃik̚.tʃʌp̚.tɯl.ɯn],[dʒik̚.tʃʌp̚.dɯl.ɯn]
FBI 요원이야,24,[jo.wʌn.i.ja],[jo.wʌn.i.ja]
이유가 있었겠지,24,[i.ju.ka.it̚.ʌt̚.ket̚.tʃi],[i.ju.ga.it̚.ʌt̚.ket̚.tʃi]
기도하고 있어,24,[ki.to.ha.ko.it̚.ʌ],[gi.do.ha.go.it̚.ʌ]
if I could,24,,
죽진 않아,24,[tʃuk̚.tʃin.an.a],[dʒuk̚.tʃin.an.a]
다 모아,24,[ta.mo.a],[da.mo.a]
세울 겁니다,24,[se.ul.kʌp̚.ni.ta],[se.ul.gʌp̚.ni.da]
듣기 싫으니까,24,[tɯt̚.ki.sil.ɯ.ni.k͈a],[dɯt̚.ki.sil.ɯ.ni.k͈a]
그냥 쭉,24,[kɯ.njaŋ.tʃ͈uk̚],[gɯ.njaŋ.tʃ͈uk̚]
가고 싶은 곳,24,[ka.ko.sip̚.ɯŋ.kot̚],[ga.go.sip̚.ɯn.got̚]
다섯 여섯 일곱,24,[ta.sʌt̚.jʌ.sʌt̚.il.kop̚],[da.sʌt̚.jʌ.sʌt̚.il.kop̚]
다음 주에 봐,24,[ta.ɯn.tʃu.e.pwa],[da.ɯm.dʒu.e.bwa]
봐 그걸,24,[pwa.kɯ.kʌl],[bwa.gɯ.gʌl]
잠깐만 그게,24,[tʃam.k͈an.maŋ.kɯ.ke],[dʒam.k͈an.man.gɯ.ge]
이유범 변호사,24,[i.ju.pʌm.pjʌn.ho.sa],[i.ju.bʌm.bjʌn.ho.sa]
틀리지 않았어요,24,[tʰɯl.ɾi.tʃi.an.at̚.ʌ.jo],[tʰɯl.ɾi.dʒi.an.at̚.ʌ.jo]
괜찮은 줄,24,[kwɛn.tʃʰan.ɯn.tʃul],[gwɛn.tʃʰan.ɯn.dʒul]
제발 어서,24,[tʃe.pal.ʌ.sʌ],[dʒe.bal.ʌ.sʌ]
다시 갈 수,24,[ta.si.kal.su],[da.si.gal.su]
백인 남성이,24,[pɛk̚.in.nam.sʌŋ.i],[bɛk̚.in.nam.sʌŋ.i]
때 가슴이 아픈지,24,[t͈ɛ.ka.sɯm.i.a.pʰɯn.tʃi],[t͈ɛ.ga.sɯm.i.a.pʰɯn.tʃi]
안되는 소리를,24,[an.twe.nɯn.so.ɾi.ɾɯl],[an.twe.nɯn.so.ɾi.ɾɯl]
비밀을 지키기 위해,24,[pi.mil.ɯl.tʃi.kʰi.ki.wi.hɛ],[bi.mil.ɯl.dʒi.kʰi.gi.wi.hɛ]
내가 어떡해야,24,[nɛ.ka.ʌ.t͈ʌk̚.hɛ.ja],[nɛ.ga.ʌ.t͈ʌk̚.hɛ.ja]
나가게 해 줘,24,[na.ka.ke.hɛ.tʃwʌ],[na.ga.ge.hɛ.dʒwʌ]
모든 능력을,24,[mo.tɯn.nɯŋ.ɾjʌk̚.ɯl],[mo.dɯn.nɯŋ.ɾjʌk̚.ɯl]
됐네 그럼,24,[twɛt̚.ne.kɯ.ɾʌm],[dwɛt̚.ne.gɯ.ɾʌm]
이제 넌 내,24,[i.tʃe.nʌn.nɛ],[i.dʒe.nʌn.nɛ]
last thing,24,,
아직 살아있네,24,[a.tʃik̚.sal.a.it̚.ne],[a.dʒik̚.sal.a.it̚.ne]
제발 저 좀,24,[tʃe.pal.tʃʌ.tʃom],[dʒe.bal.dʒʌ.dʒom]
정부는 비밀,24,[tʃʌm.pu.nɯm.pi.mil],[dʒʌŋ.bu.nɯn.bi.mil]
네 남편을,24,[ne.nam.pʰjʌn.ɯl],[ne.nam.pʰjʌn.ɯl]
할게요 아니,24,[hal.ke.jo.a.ni],[hal.ke.jo.a.ni]
약물 남용,24,[jak̚.mul.lam.joŋ],[jak̚.mul.lam.joŋ]
겁내지 말라고 다정하게 말하지,24,[kʌp̚.nɛ.tʃi.mal.ɾa.ko.ta.tʃʌŋ.ha.ke.mal.ha.tʃi],[gʌp̚.nɛ.dʒi.mal.ɾa.go.da.dʒʌŋ.ha.ge.mal.ha.dʒi]
되는줄 알어,24,[twe.nɯn.tʃul.al.ʌ],[dwe.nɯn.tʃul.al.ʌ]
게다가 날,24,[ke.ta.ka.nal],[ge.da.ga.nal]
되는지 보자고,24,[twe.nɯn.tʃi.po.tʃa.ko],[dwe.nɯn.tʃi.bo.dʒa.go]
무슨 계획이라도,24,[mu.sɯŋ.kje.hwek̚.i.ɾa.to],[mu.sɯn.gje.hwek̚.i.ɾa.do]
걸로 말이야,24,[kʌl.ɾo.mal.i.ja],[gʌl.ɾo.mal.i.ja]
안 해 우린,24,[an.hɛ.u.ɾin],[an.hɛ.u.ɾin]
옷 좀 입어,24,[ot̚.tʃom.ip̚.ʌ],[ot̚.dʒom.ip̚.ʌ]
하지만 그건 사실이,24,[ha.tʃi.maŋ.kɯ.kʌn.sa.sil.i],[ha.dʒi.man.gɯ.gʌn.sa.sil.i]
My father,24,,
이제 안 해,24,[i.tʃe.an.hɛ],[i.dʒe.an.hɛ]
아빠 돈,24,[a.p͈a.ton],[a.p͈a.don]
믿어 주는,24,[mit̚.ʌ.tʃu.nɯn],[mit̚.ʌ.dʒu.nɯn]
돕고 있다는,24,[top̚.ko.it̚.ta.nɯn],[dop̚.ko.it̚.ta.nɯn]
나의 아름다운,24,[na.ɯi.a.ɾɯn.ta.un],[na.ɯi.a.ɾɯn.ta.un]
있는 게 너무,24,[it̚.nɯŋ.ke.nʌ.mu],[it̚.nɯn.ge.nʌ.mu]
하고 있는 겁니다,24,[ha.ko.it̚.nɯŋ.kʌp̚.ni.ta],[ha.go.it̚.nɯn.gʌp̚.ni.da]
다시 돌아왔습니다,24,[ta.si.tol.a.wat̚.sɯp̚.ni.ta],[da.si.dol.a.wat̚.sɯp̚.ni.da]
아직 있을,24,[a.tʃik̚.it̚.ɯl],[a.dʒik̚.it̚.ɯl]
피드백은 가십걸,24,[pʰi.tɯ.pɛk̚.ɯŋ.ka.sip̚.kʌl],[pʰi.dɯ.bɛk̚.ɯn.ga.sip̚.kʌl]
뭐 하면서,24,[mwʌ.ha.mjʌn.sʌ],[mwʌ.ha.mjʌn.sʌ]
아빠 말로는,24,[a.p͈a.mal.ɾo.nɯn],[a.p͈a.mal.ɾo.nɯn]
좀 심하네요,24,[tʃom.sim.ha.ne.jo],[dʒom.sim.ha.ne.jo]
했잖아 그러니까,24,[hɛt̚.tʃan.a.kɯ.ɾʌ.ni.k͈a],[hɛt̚.tʃan.a.gɯ.ɾʌ.ni.k͈a]
이제 자기가,24,[i.tʃe.tʃa.ki.ka],[i.dʒe.dʒa.gi.ga]
흥미로운 사실을,24,[hɯŋ.mi.ɾo.un.sa.sil.ɯl],[hɯŋ.mi.ɾo.un.sa.sil.ɯl]
그냥 형식적인,24,[kɯ.njaŋ.hjʌŋ.sik̚.tʃʌk̚.in],[gɯ.njaŋ.hjʌŋ.sik̚.tʃʌk̚.in]
진정한 모습을,24,[tʃin.tʃʌŋ.han.mo.sɯp̚.ɯl],[dʒin.tʃʌŋ.han.mo.sɯp̚.ɯl]
이미 할,24,[i.mi.hal],[i.mi.hal]
없는 일이라고,24,[ʌp̚.nɯn.il.i.ɾa.ko],[ʌp̚.nɯn.il.i.ɾa.go]
it if,24,,
뭐 해야,24,[mwʌ.hɛ.ja],[mwʌ.hɛ.ja]
마 안돼,24,[ma.an.twɛ],[ma.an.twɛ]
윤 PD,24,[jun],[jun]
진정해 무슨,24,[tʃin.tʃʌŋ.hɛ.mu.sɯn],[dʒin.tʃʌŋ.hɛ.mu.sɯn]
좋았어 나도,24,[tʃot̚.at̚.ʌ.na.to],[dʒot̚.at̚.ʌ.na.do]
이제 할 수,24,[i.tʃe.hal.su],[i.dʒe.hal.su]
기분 진짜,24,[ki.pun.tʃin.tʃ͈a],[gi.bun.dʒin.tʃ͈a]
하세요 왜,24,[ha.se.jo.wɛ],[ha.se.jo.wɛ]
바람을 피웠어요,24,[pa.ɾam.ɯl.pʰi.wʌt̚.ʌ.jo],[ba.ɾam.ɯl.pʰi.wʌt̚.ʌ.jo]
마 움직이지 마,24,[ma.un.tʃik̚.i.tʃi.ma],[ma.un.tʃik̚.i.dʒi.ma]
문제가 있는 거야,24,[mun.tʃe.ka.it̚.nɯŋ.kʌ.ja],[mun.tʃe.ga.it̚.nɯn.gʌ.ja]
뭐가 다른,24,[mwʌ.ka.ta.ɾɯn],[mwʌ.ga.da.ɾɯn]
진짜 같았어,24,[tʃin.tʃ͈a.kat̚.at̚.ʌ],[dʒin.tʃ͈a.gat̚.at̚.ʌ]
마 진정하고 마음이 하는,24,[ma.tʃin.tʃʌŋ.ha.ko.ma.ɯm.i.ha.nɯn],[ma.dʒin.tʃʌŋ.ha.go.ma.ɯm.i.ha.nɯn]
오게 해요,24,[o.ke.hɛ.jo],[o.ge.hɛ.jo]
아니라 직접,24,[a.ni.ɾa.tʃik̚.tʃʌp̚],[a.ni.ɾa.dʒik̚.tʃʌp̚]
괜찮은지 확인하려고,24,[kwɛn.tʃʰan.ɯn.tʃi.hwak̚.in.ha.ɾjʌ.ko],[gwɛn.tʃʰan.ɯn.tʃi.hwak̚.in.ha.ɾjʌ.go]
난 어디에 머물 수,24,[nan.ʌ.ti.e.mʌ.mul.su],[nan.ʌ.di.e.mʌ.mul.su]
우리 작전을,24,[u.ɾi.tʃak̚.tʃʌn.ɯl],[u.ɾi.dʒak̚.tʃʌn.ɯl]
아빠 어떻게,24,[a.p͈a.ʌ.t͈ʌt̚.ke],[a.p͈a.ʌ.t͈ʌt̚.ke]
사흘 후에,24,[sa.hɯl.hu.e],[sa.hɯl.hu.e]
한 그런,24,[haŋ.kɯ.ɾʌn],[han.gɯ.ɾʌn]
좀 도와주실 수,24,[tʃon.to.wa.tʃu.sil.su],[dʒom.do.wa.dʒu.sil.su]
Please tell,24,,
내게 아무것도,24,[nɛ.ke.a.mu.kʌt̚.to],[nɛ.ge.a.mu.gʌt̚.to]
아뇨 나는,24,[a.njo.na.nɯn],[a.njo.na.nɯn]
이해가 안 돼요 왜,24,[i.hɛ.ka.an.twɛ.jo.wɛ],[i.hɛ.ga.an.dwɛ.jo.wɛ]
이걸 쓴,24,[i.kʌl.s͈ɯn],[i.gʌl.s͈ɯn]
기억할 수 있는,24,[ki.ʌk̚.hal.su.it̚.nɯn],[gi.ʌk̚.hal.su.it̚.nɯn]
내게 영감을,24,[nɛ.ke.jʌŋ.kam.ɯl],[nɛ.ge.jʌŋ.gam.ɯl]
후 그녀는,24,[hu.kɯ.njʌ.nɯn],[hu.gɯ.njʌ.nɯn]
매우 많은,24,[mɛ.u.man.ɯn],[mɛ.u.man.ɯn]
경적이 울린다,24,[kjʌŋ.tʃʌk̚.i.ul.ɾin.ta],[gjʌŋ.dʒʌk̚.i.ul.ɾin.ta]
난 언젠가,24,[nan.ʌn.tʃeŋ.ka],[nan.ʌn.tʃeŋ.ka]
내리는 거야,24,[nɛ.ɾi.nɯŋ.kʌ.ja],[nɛ.ɾi.nɯn.gʌ.ja]
with those,24,,
마무리할 수,24,[ma.mu.ɾi.hal.su],[ma.mu.ɾi.hal.su]
데이터 수집,24,[te.i.tʰʌ.su.tʃip̚],[de.i.tʰʌ.su.dʒip̚]
강한 것,24,[kaŋ.haŋ.kʌt̚],[gaŋ.han.gʌt̚]
이후로 한 번도,24,[i.hu.ɾo.ham.pʌn.to],[i.hu.ɾo.han.bʌn.to]
화재 때문에,24,[hwa.tʃɛ.t͈ɛ.mun.e],[hwa.dʒɛ.t͈ɛ.mun.e]
밤에 다,24,[pam.e.ta],[bam.e.da]
저는 바로,24,[tʃʌ.nɯm.pa.ɾo],[dʒʌ.nɯn.ba.ɾo]
배신한 건,24,[pɛ.sin.haŋ.kʌn],[bɛ.sin.han.gʌn]
않아 제,24,[an.a.tʃe],[an.a.dʒe]
인간 같은,24,[iŋ.kaŋ.kat̚.ɯn],[iŋ.kan.gat̚.ɯn]
남을 돕는,24,[nam.ɯl.top̚.nɯn],[nam.ɯl.dop̚.nɯn]
이젠 아닙니다,24,[i.tʃen.a.nip̚.ni.ta],[i.dʒen.a.nip̚.ni.da]
이 곳은 고통스럽고 숨,24,[i.kot̚.ɯŋ.ko.tʰoŋ.sɯ.ɾʌp̚.ko.sum],[i.got̚.ɯn.go.tʰoŋ.sɯ.ɾʌp̚.ko.sum]
저는 몇,24,[tʃʌ.nɯn.mjʌt̚],[dʒʌ.nɯn.mjʌt̚]
널 보냈지,24,[nʌl.po.nɛt̚.tʃi],[nʌl.bo.nɛt̚.tʃi]
이번이 첫,24,[i.pʌn.i.tʃʰʌt̚],[i.bʌn.i.tʃʰʌt̚]
인간이 왜,24,[iŋ.kan.i.wɛ],[iŋ.kan.i.wɛ]
기사 양반,24,[ki.sa.jam.pan],[gi.sa.jaŋ.ban]
아픈지 넌 알고,24,[a.pʰɯn.tʃi.nʌn.al.ko],[a.pʰɯn.tʃi.nʌn.al.ko]
옷이 너무,24,[ot̚.i.nʌ.mu],[ot̚.i.nʌ.mu]
인도할 거야,24,[in.to.hal.kʌ.ja],[in.to.hal.gʌ.ja]
아니야 음,24,[a.ni.ja.ɯm],[a.ni.ja.ɯm]
저건 내가,24,[tʃʌ.kʌn.nɛ.ka],[dʒʌ.gʌn.nɛ.ga]
몇 대가,24,[mjʌt̚.tɛ.ka],[mjʌt̚.dɛ.ga]
나는 거짓말을,24,[na.nɯŋ.kʌ.tʃit̚.mal.ɯl],[na.nɯn.gʌ.dʒit̚.mal.ɯl]
저기 보여,24,[tʃʌ.ki.po.jʌ],[dʒʌ.gi.bo.jʌ]
할수 있게,24,[hal.su.it̚.ke],[hal.su.it̚.ke]
a Time,24,,
뭐든 필요한 게 있으면,24,[mwʌ.tɯm.pʰil.jo.haŋ.ke.it̚.ɯ.mjʌn],[mwʌ.dɯm.pʰil.jo.han.ge.it̚.ɯ.mjʌn]
같다 그리고,24,[kat̚.ta.kɯ.ɾi.ko],[gat̚.ta.gɯ.ɾi.go]
것 같아 자,24,[kʌt̚.kat̚.a.tʃa],[gʌt̚.gat̚.a.dʒa]
이게 다 그,24,[i.ke.ta.kɯ],[i.ge.da.gɯ]
이게 다 당신,24,[i.ke.ta.taŋ.sin],[i.ge.da.daŋ.sin]
들 수 있어요,24,[tɯl.su.it̚.ʌ.jo],[dɯl.su.it̚.ʌ.jo]
받았어 무슨,24,[pat̚.at̚.ʌ.mu.sɯn],[bat̚.at̚.ʌ.mu.sɯn]
정도 후에,24,[tʃʌŋ.to.hu.e],[dʒʌŋ.do.hu.e]
하지만 때론,24,[ha.tʃi.man.t͈ɛ.ɾon],[ha.dʒi.man.t͈ɛ.ɾon]
저 애의,24,[tʃʌ.ɛ.ɯi],[dʒʌ.ɛ.ɯi]
당신이 제대로,24,[taŋ.sin.i.tʃe.tɛ.ɾo],[daŋ.sin.i.dʒe.dɛ.ɾo]
안 가실,24,[aŋ.ka.sil],[an.ga.sil]
하죠 뭐,24,[ha.tʃjo.mwʌ],[ha.dʒjo.mwʌ]
그녀가 죽으면,24,[kɯ.njʌ.ka.tʃuk̚.ɯ.mjʌn],[gɯ.njʌ.ga.dʒuk̚.ɯ.mjʌn]
달라지지 않아,24,[tal.ɾa.tʃi.tʃi.an.a],[dal.ɾa.dʒi.dʒi.an.a]
woh wow woh,24,,
dead and,24,,
그냥 요즘,24,[kɯ.njaŋ.jo.tʃɯm],[gɯ.njaŋ.jo.dʒɯm]
몰라 어느,24,[mol.ɾa.ʌ.nɯ],[mol.ɾa.ʌ.nɯ]
난 최악의,24,[nan.tʃʰwe.ak̚.ɯi],[nan.tʃʰwe.ak̚.ɯi]
이 그림에,24,[i.kɯ.ɾim.e],[i.gɯ.ɾim.e]
인질을 잡고,24,[in.tʃil.ɯl.tʃap̚.ko],[in.tʃil.ɯl.dʒap̚.ko]
내 완벽한,24,[nɛ.wam.pjʌk̚.han],[nɛ.wam.pjʌk̚.han]
마요 우린,24,[ma.jo.u.ɾin],[ma.jo.u.ɾin]
안 걸렸어요,24,[aŋ.kʌl.ɾjʌt̚.ʌ.jo],[an.gʌl.ɾjʌt̚.ʌ.jo]
뭐라고 부를까,24,[mwʌ.ɾa.ko.pu.ɾɯl.k͈a],[mwʌ.ɾa.go.bu.ɾɯl.k͈a]
뭐라고 생각하는,24,[mwʌ.ɾa.ko.sɛŋ.kak̚.ha.nɯn],[mwʌ.ɾa.go.sɛŋ.gak̚.ha.nɯn]
향한 마음은 무엇과도,24,[hjaŋ.han.ma.ɯm.ɯn.mu.ʌt̚.kwa.to],[hjaŋ.han.ma.ɯm.ɯn.mu.ʌt̚.kwa.do]
지금 엄청난,24,[tʃi.kɯm.ʌn.tʃʰʌŋ.nan],[dʒi.gɯm.ʌn.tʃʰʌŋ.nan]
마음 속 깊은,24,[ma.ɯm.sok̚.kip̚.ɯn],[ma.ɯm.sok̚.gip̚.ɯn]
모르겠지만 일단,24,[mo.ɾɯ.ket̚.tʃi.man.il.tan],[mo.ɾɯ.get̚.tʃi.man.il.tan]
일 수있다,24,[il.su.it̚.ta],[il.su.it̚.ta]
발 뻗고 잘 수,24,[pal.p͈ʌt̚.ko.tʃal.su],[bal.p͈ʌt̚.ko.dʒal.su]
운이 더,24,[un.i.tʌ],[un.i.dʌ]
나는 그날,24,[na.nɯŋ.kɯ.nal],[na.nɯn.gɯ.nal]
far as,24,,
이번엔 제,24,[i.pʌn.en.tʃe],[i.bʌn.en.dʒe]
와 당신,24,[wa.taŋ.sin],[wa.daŋ.sin]
당신의 진정한,24,[taŋ.sin.ɯi.tʃin.tʃʌŋ.han],[daŋ.sin.ɯi.dʒin.tʃʌŋ.han]
운이 없군,24,[un.i.ʌp̚.kun],[un.i.ʌp̚.kun]
내가 범인이라고,24,[nɛ.ka.pʌm.in.i.ɾa.ko],[nɛ.ga.bʌm.in.i.ɾa.go]
다시 한 번 말씀해,24,[ta.si.ham.pʌn.mal.s͈ɯm.hɛ],[da.si.han.bʌn.mal.s͈ɯm.hɛ]
친구 그냥,24,[tʃʰiŋ.ku.kɯ.njaŋ],[tʃʰiŋ.ku.gɯ.njaŋ]
날을 펼치게 해줘 이뤄질,24,[nal.ɯl.pʰjʌl.tʃʰi.ke.hɛ.tʃwʌ.i.ɾwʌ.tʃil],[nal.ɯl.pʰjʌl.tʃʰi.ge.hɛ.dʒwʌ.i.ɾwʌ.dʒil]
그렇게 이,24,[kɯ.ɾʌt̚.ke.i],[gɯ.ɾʌt̚.ke.i]
오는 사람들은,24,[o.nɯn.sa.ɾan.tɯl.ɯn],[o.nɯn.sa.ɾan.tɯl.ɯn]
다 했네,24,[ta.hɛt̚.ne],[da.hɛt̚.ne]
마음은 무엇과도 바꿀,24,[ma.ɯm.ɯn.mu.ʌt̚.kwa.to.pa.k͈ul],[ma.ɯm.ɯn.mu.ʌt̚.kwa.do.ba.k͈ul]
생각합니다 그리고,24,[sɛŋ.kak̚.hap̚.ni.ta.kɯ.ɾi.ko],[sɛŋ.gak̚.hap̚.ni.da.gɯ.ɾi.go]
안 남았다고,24,[an.nam.at̚.ta.ko],[an.nam.at̚.ta.go]
몰라 오,24,[mol.ɾa.o],[mol.ɾa.o]
좀 심했어,24,[tʃom.sim.hɛt̚.ʌ],[dʒom.sim.hɛt̚.ʌ]
집에 없다고,24,[tʃip̚.e.ʌp̚.ta.ko],[dʒip̚.e.ʌp̚.ta.go]
피를 많이 흘렸어요,24,[pʰi.ɾɯl.man.i.hɯl.ɾjʌt̚.ʌ.jo],[pʰi.ɾɯl.man.i.hɯl.ɾjʌt̚.ʌ.jo]
이해 못할거야,24,[i.hɛ.mot̚.hal.kʌ.ja],[i.hɛ.mot̚.hal.kʌ.ja]
물론 더,24,[mul.ɾon.tʌ],[mul.ɾon.dʌ]
안 넣었어,24,[an.nʌt̚.ʌt̚.ʌ],[an.nʌt̚.ʌt̚.ʌ]
그 암호를,24,[kɯ.am.ho.ɾɯl],[gɯ.am.ho.ɾɯl]
했죠 지금,24,[hɛt̚.tʃjo.tʃi.kɯm],[hɛt̚.tʃjo.dʒi.gɯm]
안 놓쳐,24,[an.not̚.tʃʰjʌ],[an.not̚.tʃʰjʌ]
내려 놓고,24,[nɛ.ɾjʌ.not̚.ko],[nɛ.ɾjʌ.not̚.ko]
운이 좋죠,24,[un.i.tʃot̚.tʃjo],[un.i.dʒot̚.tʃjo]
뭐라도 해야죠,24,[mwʌ.ɾa.to.hɛ.ja.tʃjo],[mwʌ.ɾa.do.hɛ.ja.dʒjo]
블랙 라이더즈가,24,[pɯl.ɾɛk̚.ɾa.i.tʌ.tʃɯ.ka],[bɯl.ɾɛk̚.ɾa.i.dʌ.dʒɯ.ga]
대니 형,24,[tɛ.ni.hjʌŋ],[dɛ.ni.hjʌŋ]
일을 제대로 못,24,[il.ɯl.tʃe.tɛ.ɾo.mot̚],[il.ɯl.dʒe.dɛ.ɾo.mot̚]
각오해 너의,24,[kak̚.o.hɛ.nʌ.ɯi],[gak̚.o.hɛ.nʌ.ɯi]
When did,24,,
왔지 내가,24,[wat̚.tʃi.nɛ.ka],[wat̚.tʃi.nɛ.ga]
각오해 너의 셔츠가 좋아,24,[kak̚.o.hɛ.nʌ.ɯi.sjʌ.tʃʰɯ.ka.tʃot̚.a],[gak̚.o.hɛ.nʌ.ɯi.sjʌ.tʃʰɯ.ga.dʒot̚.a]
어젯밤 네가,24,[ʌ.tʃet̚.pam.ne.ka],[ʌ.dʒet̚.pam.ne.ga]
마찬가지야 그리고,24,[ma.tʃʰaŋ.ka.tʃi.ja.kɯ.ɾi.ko],[ma.tʃʰaŋ.ka.dʒi.ja.gɯ.ɾi.go]
긴장해서 그래,24,[kin.tʃaŋ.hɛ.sʌ.kɯ.ɾɛ],[gin.tʃaŋ.hɛ.sʌ.gɯ.ɾɛ]
다른 방법 있어,24,[ta.ɾɯm.pam.pʌp̚.it̚.ʌ],[da.ɾɯn.baŋ.bʌp̚.it̚.ʌ]
수 있는게 없어,24,[su.it̚.nɯŋ.ke.ʌp̚.ʌ],[su.it̚.nɯŋ.ke.ʌp̚.ʌ]
얘기해 보는,24,[jɛ.ki.hɛ.po.nɯn],[jɛ.gi.hɛ.bo.nɯn]
난 성인이야,24,[nan.sʌŋ.in.i.ja],[nan.sʌŋ.in.i.ja]
말한 겁니다,24,[mal.haŋ.kʌp̚.ni.ta],[mal.han.gʌp̚.ni.da]
뭐야 저,24,[mwʌ.ja.tʃʌ],[mwʌ.ja.dʒʌ]
일을 누가,24,[il.ɯl.lu.ka],[il.ɯl.lu.ga]
젊은 천수,24,[tʃʌm.ɯn.tʃʰʌn.su],[dʒʌm.ɯn.tʃʰʌn.su]
비밀로 해요,24,[pi.mil.ɾo.hɛ.jo],[bi.mil.ɾo.hɛ.jo]
내 안,24,[nɛ.an],[nɛ.an]
이해는 해요,24,[i.hɛ.nɯn.hɛ.jo],[i.hɛ.nɯn.hɛ.jo]
내가 태워,24,[nɛ.ka.tʰɛ.wʌ],[nɛ.ga.tʰɛ.wʌ]
생길 수 있죠,24,[sɛŋ.kil.su.it̚.tʃjo],[sɛŋ.gil.su.it̚.tʃjo]
들고 있는 건,24,[tɯl.ko.it̚.nɯŋ.kʌn],[dɯl.ko.it̚.nɯn.gʌn]
않아 항상,24,[an.a.haŋ.saŋ],[an.a.haŋ.saŋ]
도달 할,24,[to.tal.hal],[do.dal.hal]
오늘 낮에,24,[o.nɯl.lat̚.e],[o.nɯl.lat̚.e]
너는 그녀에게,24,[nʌ.nɯŋ.kɯ.njʌ.e.ke],[nʌ.nɯn.gɯ.njʌ.e.ge]
나오지 않았다,24,[na.o.tʃi.an.at̚.ta],[na.o.dʒi.an.at̚.ta]
아침도 안,24,[a.tʃʰin.to.an],[a.tʃʰin.to.an]
집어 든다,24,[tʃip̚.ʌ.tɯn.ta],[dʒip̚.ʌ.dɯn.ta]
난 내가 해야,24,[nan.nɛ.ka.hɛ.ja],[nan.nɛ.ga.hɛ.ja]
하지만 있잖아,24,[ha.tʃi.man.it̚.tʃan.a],[ha.dʒi.man.it̚.tʃan.a]
필요 없어 나,24,[pʰil.jo.ʌp̚.ʌ.na],[pʰil.jo.ʌp̚.ʌ.na]
그렇겐 못 해요,24,[kɯ.ɾʌt̚.ken.mot̚.hɛ.jo],[gɯ.ɾʌt̚.ken.mot̚.hɛ.jo]
내가 하라고,24,[nɛ.ka.ha.ɾa.ko],[nɛ.ga.ha.ɾa.go]
잭 하퍼,24,[tʃɛk̚.ha.pʰʌ],[dʒɛk̚.ha.pʰʌ]
오늘 도와줘서,24,[o.nɯl.to.wa.tʃwʌ.sʌ],[o.nɯl.do.wa.dʒwʌ.sʌ]
괜찮아요 어떻게,24,[kwɛn.tʃʰan.a.jo.ʌ.t͈ʌt̚.ke],[gwɛn.tʃʰan.a.jo.ʌ.t͈ʌt̚.ke]
일어난 사건,24,[il.ʌ.nan.sa.kʌn],[il.ʌ.nan.sa.gʌn]
얘기해 본,24,[jɛ.ki.hɛ.pon],[jɛ.gi.hɛ.bon]
뭐라고 하셨나요,24,[mwʌ.ɾa.ko.ha.sjʌt̚.na.jo],[mwʌ.ɾa.go.ha.sjʌt̚.na.jo]
죽을 때마다,24,[tʃuk̚.ɯl.t͈ɛ.ma.ta],[dʒuk̚.ɯl.t͈ɛ.ma.da]
진짜 미치겠다,24,[tʃin.tʃ͈a.mi.tʃʰi.ket̚.ta],[dʒin.tʃ͈a.mi.tʃʰi.get̚.ta]
그냥 원하는,24,[kɯ.njaŋ.wʌn.ha.nɯn],[gɯ.njaŋ.wʌn.ha.nɯn]
하지만 우리가 할,24,[ha.tʃi.man.u.ɾi.ka.hal],[ha.dʒi.man.u.ɾi.ga.hal]
됐어 널 얼마나 좋아하는지,24,[twɛt̚.ʌ.nʌl.ʌl.ma.na.tʃot̚.a.ha.nɯn.tʃi],[dwɛt̚.ʌ.nʌl.ʌl.ma.na.dʒot̚.a.ha.nɯn.tʃi]
비행사 이론,24,[pi.hɛŋ.sa.i.ɾon],[bi.hɛŋ.sa.i.ɾon]
Are you a,24,,
맞아요 죄송해요,24,[mat̚.a.jo.tʃwe.soŋ.hɛ.jo],[mat̚.a.jo.dʒwe.soŋ.hɛ.jo]
별로 맘에,24,[pjʌl.ɾo.mam.e],[bjʌl.ɾo.mam.e]
마리아 님,24,[ma.ɾi.a.nim],[ma.ɾi.a.nim]
하지 않기,24,[ha.tʃi.aŋ.ki],[ha.dʒi.aŋ.ki]
내가 해야만,24,[nɛ.ka.hɛ.ja.man],[nɛ.ga.hɛ.ja.man]
그러나 고대 우주,24,[kɯ.ɾʌ.na.ko.tɛ.u.tʃu],[gɯ.ɾʌ.na.go.dɛ.u.dʒu]
형을 죽인,24,[hjʌŋ.ɯl.tʃuk̚.in],[hjʌŋ.ɯl.dʒuk̚.in]
내가 팀을,24,[nɛ.ka.tʰim.ɯl],[nɛ.ga.tʰim.ɯl]
I told him,24,,
사람을 찾지,24,[sa.ɾam.ɯl.tʃʰat̚.tʃi],[sa.ɾam.ɯl.tʃʰat̚.tʃi]
곧 사람들이,24,[kot̚.sa.ɾan.tɯl.i],[got̚.sa.ɾan.tɯl.i]
수 있다고 생각하지 않는다,24,[su.it̚.ta.ko.sɛŋ.kak̚.ha.tʃi.an.nɯn.ta],[su.it̚.ta.go.sɛŋ.gak̚.ha.dʒi.an.nɯn.ta]
할 테지만,24,[hal.tʰe.tʃi.man],[hal.tʰe.dʒi.man]
괜찮은 남자야,24,[kwɛn.tʃʰan.ɯn.nan.tʃa.ja],[gwɛn.tʃʰan.ɯn.nan.tʃa.ja]
안 돼요 한,24,[an.twɛ.jo.han],[an.dwɛ.jo.han]
너한테 화난,24,[nʌ.han.tʰe.hwa.nan],[nʌ.han.tʰe.hwa.nan]
죄송합니다 다시,24,[tʃwe.soŋ.hap̚.ni.ta.ta.si],[dʒwe.soŋ.hap̚.ni.da.da.si]
이 남잔,24,[i.nan.tʃan],[i.nan.tʃan]
want to know what,24,,
들러줘서 고마워요,24,[tɯl.ɾʌ.tʃwʌ.sʌ.ko.ma.wʌ.jo],[dɯl.ɾʌ.dʒwʌ.sʌ.go.ma.wʌ.jo]
그냥 일을,24,[kɯ.njaŋ.il.ɯl],[gɯ.njaŋ.il.ɯl]
아니야 이걸,24,[a.ni.ja.i.kʌl],[a.ni.ja.i.gʌl]
너는 나,24,[nʌ.nɯn.na],[nʌ.nɯn.na]
시청해 주셔서,24,[si.tʃʰʌŋ.hɛ.tʃu.sjʌ.sʌ],[si.tʃʰʌŋ.hɛ.dʒu.sjʌ.sʌ]
필요가 없었습니다,24,[pʰil.jo.ka.ʌp̚.ʌt̚.sɯp̚.ni.ta],[pʰil.jo.ga.ʌp̚.ʌt̚.sɯp̚.ni.da]
저는 저의,24,[tʃʌ.nɯn.tʃʌ.ɯi],[dʒʌ.nɯn.dʒʌ.ɯi]
맥카시 부인이,24,[mɛk̚.kʰa.si.pu.in.i],[mɛk̚.kʰa.si.bu.in.i]
다음 질문으로,24,[ta.ɯn.tʃil.mun.ɯ.ɾo],[da.ɯm.dʒil.mun.ɯ.ɾo]
빠졌다는 걸,24,[p͈a.tʃjʌt̚.ta.nɯŋ.kʌl],[p͈a.dʒjʌt̚.ta.nɯn.gʌl]
기분일 거야,24,[ki.pun.il.kʌ.ja],[gi.bun.il.gʌ.ja]
이해할 수가 없군요,24,[i.hɛ.hal.su.ka.ʌp̚.kun.jo],[i.hɛ.hal.su.ga.ʌp̚.kun.jo]
했는지도 몰라,24,[hɛt̚.nɯn.tʃi.to.mol.ɾa],[hɛt̚.nɯn.tʃi.do.mol.ɾa]
가진 것처럼,24,[ka.tʃiŋ.kʌt̚.tʃʰʌ.ɾʌm],[ga.dʒin.gʌt̚.tʃʰʌ.ɾʌm]
이해해 주길,24,[i.hɛ.hɛ.tʃu.kil],[i.hɛ.hɛ.dʒu.gil]
부끄러운 게,24,[pu.k͈ɯ.ɾʌ.uŋ.ke],[bu.k͈ɯ.ɾʌ.un.ge]
일은 어쩔 수,24,[il.ɯn.ʌ.tʃ͈ʌl.su],[il.ɯn.ʌ.tʃ͈ʌl.su]
네가 안 하면,24,[ne.ka.an.ha.mjʌn],[ne.ga.an.ha.mjʌn]
좀 없어,24,[tʃom.ʌp̚.ʌ],[dʒom.ʌp̚.ʌ]
건강 관리,24,[kʌŋ.kaŋ.kwal.li],[gʌŋ.kaŋ.gwal.li]
가방 들어,24,[ka.paŋ.tɯl.ʌ],[ga.baŋ.dɯl.ʌ]
일은 있을,24,[il.ɯn.it̚.ɯl],[il.ɯn.it̚.ɯl]
그 시계는,24,[kɯ.si.kje.nɯn],[gɯ.si.gje.nɯn]
그래서 그런가,24,[kɯ.ɾɛ.sʌ.kɯ.ɾʌŋ.ka],[gɯ.ɾɛ.sʌ.gɯ.ɾʌŋ.ka]
술도 많이,24,[sul.to.man.i],[sul.to.man.i]
아니에요 그들은,24,[a.ni.e.jo.kɯ.tɯl.ɯn],[a.ni.e.jo.gɯ.dɯl.ɯn]
그것은 많은 것을,24,[kɯ.kʌt̚.ɯn.man.ɯŋ.kʌt̚.ɯl],[gɯ.gʌt̚.ɯn.man.ɯn.gʌt̚.ɯl]
하지만 내 말,24,[ha.tʃi.man.nɛ.mal],[ha.dʒi.man.nɛ.mal]
I thought it was,24,,
책상을 탁 친다,24,[tʃʰɛk̚.saŋ.ɯl.tʰak̚.tʃʰin.ta],[tʃʰɛk̚.saŋ.ɯl.tʰak̚.tʃʰin.ta]
내 말 들리면,24,[nɛ.mal.tɯl.ɾi.mjʌn],[nɛ.mal.dɯl.ɾi.mjʌn]
잘 들어 당신은,24,[tʃal.tɯl.ʌ.taŋ.sin.ɯn],[dʒal.dɯl.ʌ.daŋ.sin.ɯn]
안 된단다,24,[an.twen.tan.ta],[an.dwen.tan.ta]
가방 내놔,24,[ka.paŋ.nɛ.nwa],[ga.baŋ.nɛ.nwa]
계속 나아가야,24,[kje.sok̚.na.a.ka.ja],[gje.sok̚.na.a.ga.ja]
so busy,24,,
계획이라도 있어,24,[kje.hwek̚.i.ɾa.to.it̚.ʌ],[gje.hwek̚.i.ɾa.do.it̚.ʌ]
다른 행성,24,[ta.ɾɯn.hɛŋ.sʌŋ],[da.ɾɯn.hɛŋ.sʌŋ]
일을 알아,24,[il.ɯl.al.a],[il.ɯl.al.a]
아뇨 저도,24,[a.njo.tʃʌ.to],[a.njo.dʒʌ.do]
주고 갔어요,24,[tʃu.ko.kat̚.ʌ.jo],[dʒu.go.gat̚.ʌ.jo]
일은 또,24,[il.ɯn.t͈o],[il.ɯn.t͈o]
그리고 닥터,24,[kɯ.ɾi.ko.tak̚.tʰʌ],[gɯ.ɾi.go.dak̚.tʰʌ]
그러나 고대 우주 비행사,24,[kɯ.ɾʌ.na.ko.tɛ.u.tʃu.pi.hɛŋ.sa],[gɯ.ɾʌ.na.go.dɛ.u.dʒu.bi.hɛŋ.sa]
기회 있을 때,24,[ki.hwe.it̚.ɯl.t͈ɛ],[gi.hwe.it̚.ɯl.t͈ɛ]
강력범죄 일반인을 포함한 정부는,24,[kaŋ.ɾjʌk̚.pʌn.tʃwe.il.pan.in.ɯl.pʰo.ham.han.tʃʌm.pu.nɯn],[gaŋ.ɾjʌk̚.pʌn.tʃwe.il.pan.in.ɯl.pʰo.ham.han.dʒʌŋ.bu.nɯn]
뿐이에요 우리,24,[p͈un.i.e.jo.u.ɾi],[p͈un.i.e.jo.u.ɾi]
주고 싶진,24,[tʃu.ko.sip̚.tʃin],[dʒu.go.sip̚.tʃin]
안 들어가면,24,[an.tɯl.ʌ.ka.mjʌn],[an.dɯl.ʌ.ga.mjʌn]
오늘 배운,24,[o.nɯl.pɛ.un],[o.nɯl.bɛ.un]
집에서 가져온,24,[tʃip̚.e.sʌ.ka.tʃjʌ.on],[dʒip̚.e.sʌ.ga.dʒjʌ.on]
집에서 나올,24,[tʃip̚.e.sʌ.na.ol],[dʒip̚.e.sʌ.na.ol]
me help,24,,
기회가 없어서,24,[ki.hwe.ka.ʌp̚.ʌ.sʌ],[gi.hwe.ga.ʌp̚.ʌ.sʌ]
집에서 그런,24,[tʃip̚.e.sʌ.kɯ.ɾʌn],[dʒip̚.e.sʌ.gɯ.ɾʌn]
그게 신의,24,[kɯ.ke.sin.ɯi],[gɯ.ge.sin.ɯi]
동생 때문에,24,[toŋ.sɛŋ.t͈ɛ.mun.e],[doŋ.sɛŋ.t͈ɛ.mun.e]
기다리고 있는 거야,24,[ki.ta.ɾi.ko.it̚.nɯŋ.kʌ.ja],[gi.da.ɾi.go.it̚.nɯn.gʌ.ja]
하지만 조금만,24,[ha.tʃi.man.tʃo.kɯm.man],[ha.dʒi.man.dʒo.gɯm.man]
들리십니까 聞こえますか 들리십니까 聞こえますか,24,[tɯl.ɾi.sip̚.ni.k͈a.tɯl.ɾi.sip̚.ni.k͈a],[dɯl.ɾi.sip̚.ni.k͈a.dɯl.ɾi.sip̚.ni.k͈a]
그녀를 막을 수,24,[kɯ.njʌ.ɾɯl.mak̚.ɯl.su],[gɯ.njʌ.ɾɯl.mak̚.ɯl.su]
더 좋은 세상을,24,[tʌ.tʃot̚.ɯn.se.saŋ.ɯl],[dʌ.dʒot̚.ɯn.se.saŋ.ɯl]
같아 그의,24,[kat̚.a.kɯ.ɯi],[gat̚.a.gɯ.ɯi]
저도 그렇게 생각했어요,24,[tʃʌ.to.kɯ.ɾʌt̚.ke.sɛŋ.kak̚.hɛt̚.ʌ.jo],[dʒʌ.do.gɯ.ɾʌt̚.ke.sɛŋ.gak̚.hɛt̚.ʌ.jo]
학교도 못,24,[hak̚.kjo.to.mot̚],[hak̚.kjo.do.mot̚]
마틴 루서 킹,24,[ma.tʰil.lu.sʌ.kʰiŋ],[ma.tʰil.lu.sʌ.kʰiŋ]
움직일 수 없다,24,[un.tʃik̚.il.su.ʌp̚.ta],[un.tʃik̚.il.su.ʌp̚.ta]
내보냈다간 시민 목숨이,24,[nɛ.po.nɛt̚.ta.kan.si.min.mok̚.sum.i],[nɛ.bo.nɛt̚.ta.gan.si.min.mok̚.sum.i]
내보냈다간 시민,24,[nɛ.po.nɛt̚.ta.kan.si.min],[nɛ.bo.nɛt̚.ta.gan.si.min]
사 달라고,24,[sa.tal.ɾa.ko],[sa.dal.ɾa.go]
내보냈다간 시민 목숨이 전부,24,[nɛ.po.nɛt̚.ta.kan.si.min.mok̚.sum.i.tʃʌm.pu],[nɛ.bo.nɛt̚.ta.gan.si.min.mok̚.sum.i.dʒʌm.pu]
최선의 방법이야,24,[tʃʰwe.sʌn.ɯi.pam.pʌp̚.i.ja],[tʃʰwe.sʌn.ɯi.baŋ.bʌp̚.i.ja]
여기까지 왔잖아요,24,[jʌ.ki.k͈a.tʃi.wat̚.tʃan.a.jo],[jʌ.gi.k͈a.dʒi.wat̚.tʃan.a.jo]
이제 가셔도,24,[i.tʃe.ka.sjʌ.to],[i.dʒe.ga.sjʌ.do]
일이 많잖아,24,[il.i.man.tʃan.a],[il.i.man.tʃan.a]
저도 너무,24,[tʃʌ.to.nʌ.mu],[dʒʌ.do.nʌ.mu]
지체 없이,24,[tʃi.tʃʰe.ʌp̚.i],[dʒi.tʃʰe.ʌp̚.i]
해요 방금,24,[hɛ.jo.paŋ.kɯm],[hɛ.jo.baŋ.gɯm]
같아 게다가,24,[kat̚.a.ke.ta.ka],[gat̚.a.ge.da.ga]
아무 말도 하지마,24,[a.mu.mal.to.ha.tʃi.ma],[a.mu.mal.to.ha.dʒi.ma]
하지만 너도 알잖아,24,[ha.tʃi.man.nʌ.to.al.tʃan.a],[ha.dʒi.man.nʌ.do.al.tʃan.a]
정도는 아무것도,24,[tʃʌŋ.to.nɯn.a.mu.kʌt̚.to],[dʒʌŋ.do.nɯn.a.mu.gʌt̚.to]
안 들었죠,24,[an.tɯl.ʌt̚.tʃjo],[an.dɯl.ʌt̚.tʃjo]
날까 봐,24,[nal.k͈a.pwa],[nal.k͈a.bwa]
부끄러워하지 마,24,[pu.k͈ɯ.ɾʌ.wʌ.ha.tʃi.ma],[bu.k͈ɯ.ɾʌ.wʌ.ha.dʒi.ma]
하는 대신에,24,[ha.nɯn.tɛ.sin.e],[ha.nɯn.dɛ.sin.e]
우리가 먹는,24,[u.ɾi.ka.mʌk̚.nɯn],[u.ɾi.ga.mʌk̚.nɯn]
사는 게 어떤,24,[sa.nɯŋ.ke.ʌ.t͈ʌn],[sa.nɯn.ge.ʌ.t͈ʌn]
나온 것도,24,[na.oŋ.kʌt̚.to],[na.on.gʌt̚.to]
해결된 것,24,[hɛ.kjʌl.tweŋ.kʌt̚],[hɛ.gjʌl.twen.gʌt̚]
정말 의미가,24,[tʃʌŋ.mal.ɯi.mi.ka],[dʒʌŋ.mal.ɯi.mi.ga]
번 구역의,24,[pʌŋ.ku.jʌk̚.ɯi],[bʌn.gu.jʌk̚.ɯi]
제가 그날,24,[tʃe.ka.kɯ.nal],[dʒe.ga.gɯ.nal]
같아 방금,24,[kat̚.a.paŋ.kɯm],[gat̚.a.baŋ.gɯm]
못하는 이유,24,[mot̚.ha.nɯn.i.ju],[mot̚.ha.nɯn.i.ju]
일이 없을 거야,24,[il.i.ʌp̚.ɯl.kʌ.ja],[il.i.ʌp̚.ɯl.gʌ.ja]
안 들이고,24,[an.tɯl.i.ko],[an.dɯl.i.go]
함께 가자고,24,[ham.k͈e.ka.tʃa.ko],[ham.k͈e.ga.dʒa.go]
일을 할 수 있다고,24,[il.ɯl.hal.su.it̚.ta.ko],[il.ɯl.hal.su.it̚.ta.go]
내어 웃는다,24,[nɛ.ʌ.ut̚.nɯn.ta],[nɛ.ʌ.ut̚.nɯn.ta]
그렇지 우리가,24,[kɯ.ɾʌt̚.tʃi.u.ɾi.ka],[gɯ.ɾʌt̚.tʃi.u.ɾi.ga]
것을 말할,24,[kʌt̚.ɯl.mal.hal],[gʌt̚.ɯl.mal.hal]
끔찍한 일이에요,24,[k͈ɯn.tʃ͈ik̚.han.il.i.e.jo],[k͈ɯn.tʃ͈ik̚.han.il.i.e.jo]
그녀를 따라,24,[kɯ.njʌ.ɾɯl.t͈a.ɾa],[gɯ.njʌ.ɾɯl.t͈a.ɾa]
널 떠난,24,[nʌl.t͈ʌ.nan],[nʌl.t͈ʌ.nan]
자신을 지키는,24,[tʃa.sin.ɯl.tʃi.kʰi.nɯn],[dʒa.sin.ɯl.dʒi.kʰi.nɯn]
웃기지도 않는,24,[ut̚.ki.tʃi.to.an.nɯn],[ut̚.ki.dʒi.do.an.nɯn]
전화를 안 받아서,24,[tʃʌn.hwa.ɾɯl.am.pat̚.a.sʌ],[dʒʌn.hwa.ɾɯl.an.bat̚.a.sʌ]
안 보내고,24,[am.po.nɛ.ko],[an.bo.nɛ.go]
하지만 정확히,24,[ha.tʃi.man.tʃʌŋ.hwak̚.hi],[ha.dʒi.man.dʒʌŋ.hwak̚.hi]
뭔가 숨기고 있어요,24,[mwʌŋ.ka.sum.ki.ko.it̚.ʌ.jo],[mwʌŋ.ka.sum.ki.go.it̚.ʌ.jo]
하지만 한가지,24,[ha.tʃi.man.haŋ.ka.tʃi],[ha.dʒi.man.haŋ.ka.dʒi]
저도 있어요,24,[tʃʌ.to.it̚.ʌ.jo],[dʒʌ.do.it̚.ʌ.jo]
말았어야 하는데,24,[mal.at̚.ʌ.ja.ha.nɯn.te],[mal.at̚.ʌ.ja.ha.nɯn.te]
내가 아는 것,24,[nɛ.ka.a.nɯŋ.kʌt̚],[nɛ.ga.a.nɯn.gʌt̚]
저 한테,24,[tʃʌ.han.tʰe],[dʒʌ.han.tʰe]
사람 중 한 명,24,[sa.ɾan.tʃuŋ.han.mjʌŋ],[sa.ɾam.dʒuŋ.han.mjʌŋ]
더 주시겠어요,24,[tʌ.tʃu.si.ket̚.ʌ.jo],[dʌ.dʒu.si.get̚.ʌ.jo]
하지만 한번,24,[ha.tʃi.man.ham.pʌn],[ha.dʒi.man.ham.pʌn]
기회를 줬는데,24,[ki.hwe.ɾɯl.tʃwʌt̚.nɯn.te],[gi.hwe.ɾɯl.dʒwʌt̚.nɯn.te]
그녀를 마지막으로,24,[kɯ.njʌ.ɾɯl.ma.tʃi.mak̚.ɯ.ɾo],[gɯ.njʌ.ɾɯl.ma.dʒi.mak̚.ɯ.ɾo]
하지만 형,24,[ha.tʃi.man.hjʌŋ],[ha.dʒi.man.hjʌŋ]
웃는 것,24,[ut̚.nɯŋ.kʌt̚],[ut̚.nɯn.gʌt̚]
일이 좀 생겼어,24,[il.i.tʃom.sɛŋ.kjʌt̚.ʌ],[il.i.dʒom.sɛŋ.gjʌt̚.ʌ]
이 성스러운,24,[i.sʌŋ.sɯ.ɾʌ.un],[i.sʌŋ.sɯ.ɾʌ.un]
The Big,24,,
나도 예전엔,24,[na.to.je.tʃʌn.en],[na.do.je.dʒʌn.en]
사람들 말야,24,[sa.ɾan.tɯl.mal.ja],[sa.ɾan.tɯl.mal.ja]
사람들 말입니다,24,[sa.ɾan.tɯl.mal.ip̚.ni.ta],[sa.ɾan.tɯl.mal.ip̚.ni.da]
그리고 더 중요한 건,24,[kɯ.ɾi.ko.tʌ.tʃuŋ.jo.haŋ.kʌn],[gɯ.ɾi.go.dʌ.dʒuŋ.jo.han.gʌn]
함께 간다면,24,[ham.k͈e.kan.ta.mjʌn],[ham.k͈e.gan.ta.mjʌn]
기쁠 때나,24,[ki.p͈ɯl.t͈ɛ.na],[gi.p͈ɯl.t͈ɛ.na]
일이나 하고,24,[il.i.na.ha.ko],[il.i.na.ha.go]
사건을 수사 중입니다,24,[sa.kʌn.ɯl.su.sa.tʃuŋ.ip̚.ni.ta],[sa.gʌn.ɯl.su.sa.dʒuŋ.ip̚.ni.da]
들어 너,24,[tɯl.ʌ.nʌ],[dɯl.ʌ.nʌ]
뭐가 필요한,24,[mwʌ.ka.pʰil.jo.han],[mwʌ.ga.pʰil.jo.han]
나간 후에,24,[na.kan.hu.e],[na.gan.hu.e]
언젠가 이런,24,[ʌn.tʃeŋ.ka.i.ɾʌn],[ʌn.tʃeŋ.ka.i.ɾʌn]
널 떠날,24,[nʌl.t͈ʌ.nal],[nʌl.t͈ʌ.nal]
또 해봐,24,[t͈o.hɛ.pwa],[t͈o.hɛ.bwa]
바지에 오줌을,24,[pa.tʃi.e.o.tʃum.ɯl],[ba.dʒi.e.o.dʒum.ɯl]
가만히 있는 게,24,[ka.man.hi.it̚.nɯŋ.ke],[ga.man.hi.it̚.nɯn.ge]
사건을 해결해야,24,[sa.kʌn.ɯl.hɛ.kjʌl.hɛ.ja],[sa.gʌn.ɯl.hɛ.gjʌl.hɛ.ja]
제 기분이,24,[tʃe.ki.pun.i],[dʒe.gi.bun.i]
딴 놈,24,[t͈an.nom],[t͈an.nom]
안 마신,24,[an.ma.sin],[an.ma.sin]
내 미래에,24,[nɛ.mi.ɾɛ.e],[nɛ.mi.ɾɛ.e]
곧 만나요,24,[kot̚.man.na.jo],[got̚.man.na.jo]
일이야 우린,24,[il.i.ja.u.ɾin],[il.i.ja.u.ɾin]
너 싫어,24,[nʌ.sil.ʌ],[nʌ.sil.ʌ]
내일 몇,24,[nɛ.il.mjʌt̚],[nɛ.il.mjʌt̚]
화려한 세상을 감당하기,24,[hwa.ɾjʌ.han.se.saŋ.ɯl.kan.taŋ.ha.ki],[hwa.ɾjʌ.han.se.saŋ.ɯl.gan.taŋ.ha.gi]
내일 무슨,24,[nɛ.il.mu.sɯn],[nɛ.il.mu.sɯn]
골라 봐요,24,[kol.ɾa.pwa.jo],[gol.ɾa.bwa.jo]
좋아 너의 입꼬리와,24,[tʃot̚.a.nʌ.ɯi.ip̚.k͈o.ɾi.wa],[dʒot̚.a.nʌ.ɯi.ip̚.k͈o.ɾi.wa]
내가 시간이,24,[nɛ.ka.si.kan.i],[nɛ.ga.si.gan.i]
사람들의 탄성,24,[sa.ɾan.tɯl.ɯi.tʰan.sʌŋ],[sa.ɾan.tɯl.ɯi.tʰan.sʌŋ]
안 쓴다는,24,[an.s͈ɯn.ta.nɯn],[an.s͈ɯn.ta.nɯn]
일이 닥칠지,24,[il.i.tak̚.tʃʰil.tʃi],[il.i.dak̚.tʃʰil.tʃi]
말하면 어떡해,24,[mal.ha.mjʌn.ʌ.t͈ʌk̚.hɛ],[mal.ha.mjʌn.ʌ.t͈ʌk̚.hɛ]
썩을 거야,24,[s͈ʌk̚.ɯl.kʌ.ja],[s͈ʌk̚.ɯl.gʌ.ja]
그냥 이리,24,[kɯ.njaŋ.i.ɾi],[gɯ.njaŋ.i.ɾi]
죄송해요 아빠,24,[tʃwe.soŋ.hɛ.jo.a.p͈a],[dʒwe.soŋ.hɛ.jo.a.p͈a]
브룸스타운 시청,24,[pɯ.ɾum.sɯ.tʰa.un.si.tʃʰʌŋ],[bɯ.ɾum.sɯ.tʰa.un.si.tʃʰʌŋ]
했어요 당신을,24,[hɛt̚.ʌ.jo.taŋ.sin.ɯl],[hɛt̚.ʌ.jo.daŋ.sin.ɯl]
말하면 우리가,24,[mal.ha.mjʌn.u.ɾi.ka],[mal.ha.mjʌn.u.ɾi.ga]
꼭 저,24,[k͈ok̚.tʃʌ],[k͈ok̚.dʒʌ]
아이에 대해서,24,[a.i.e.tɛ.hɛ.sʌ],[a.i.e.dɛ.hɛ.sʌ]
오늘 일진,24,[o.nɯl.il.tʃin],[o.nɯl.il.tʃin]
내일 아침요,24,[nɛ.il.a.tʃʰim.jo],[nɛ.il.a.tʃʰim.jo]
전 애인과,24,[tʃʌn.ɛ.iŋ.kwa],[dʒʌn.ɛ.iŋ.kwa]
사고 치면,24,[sa.ko.tʃʰi.mjʌn],[sa.go.tʃʰi.mjʌn]
추락할 거야,24,[tʃʰu.ɾak̚.hal.kʌ.ja],[tʃʰu.ɾak̚.hal.gʌ.ja]
사고 현장에,24,[sa.ko.hjʌn.tʃaŋ.e],[sa.go.hjʌn.tʃaŋ.e]
좋지만 난,24,[tʃot̚.tʃi.man.nan],[dʒot̚.tʃi.man.nan]
짓 하는지,24,[tʃit̚.ha.nɯn.tʃi],[dʒit̚.ha.nɯn.tʃi]
죽이겠다고 했어요,24,[tʃuk̚.i.ket̚.ta.ko.hɛt̚.ʌ.jo],[dʒuk̚.i.get̚.ta.go.hɛt̚.ʌ.jo]
너 줄,24,[nʌ.tʃul],[nʌ.dʒul]
태워다 줄 수,24,[tʰɛ.wʌ.ta.tʃul.su],[tʰɛ.wʌ.da.dʒul.su]
사고가 아니었어요,24,[sa.ko.ka.a.ni.ʌt̚.ʌ.jo],[sa.go.ga.a.ni.ʌt̚.ʌ.jo]
보안 장치를,24,[po.an.tʃaŋ.tʃʰi.ɾɯl],[bo.an.dʒaŋ.tʃʰi.ɾɯl]
이런 식으로요,24,[i.ɾʌn.sik̚.ɯ.ɾo.jo],[i.ɾʌn.sik̚.ɯ.ɾo.jo]
사고가 있었습니다,24,[sa.ko.ka.it̚.ʌt̚.sɯp̚.ni.ta],[sa.go.ga.it̚.ʌt̚.sɯp̚.ni.da]
내일 우리는,24,[nɛ.il.u.ɾi.nɯn],[nɛ.il.u.ɾi.nɯn]
좋아 좋아 좋아,24,[tʃot̚.a.tʃot̚.a.tʃot̚.a],[dʒot̚.a.dʒot̚.a.dʒot̚.a]
정말 아는,24,[tʃʌŋ.mal.a.nɯn],[dʒʌŋ.mal.a.nɯn]
교체할 수,24,[kjo.tʃʰe.hal.su],[gjo.tʃʰe.hal.su]
일이 많은데,24,[il.i.man.ɯn.te],[il.i.man.ɯn.te]
들어 본 적 있어,24,[tɯl.ʌ.pon.tʃʌk̚.it̚.ʌ],[dɯl.ʌ.bon.dʒʌk̚.it̚.ʌ]
사람은 할,24,[sa.ɾam.ɯn.hal],[sa.ɾam.ɯn.hal]
가지 일,24,[ka.tʃi.il],[ga.dʒi.il]
너가 더,24,[nʌ.ka.tʌ],[nʌ.ga.dʌ]
밖으로 나와요,24,[pak̚.ɯ.ɾo.na.wa.jo],[bak̚.ɯ.ɾo.na.wa.jo]
내일 일찍 일어나야,24,[nɛ.il.il.tʃ͈ik̚.il.ʌ.na.ja],[nɛ.il.il.tʃ͈ik̚.il.ʌ.na.ja]
너네 둘 다,24,[nʌ.ne.tul.ta],[nʌ.ne.dul.da]
겁니다 시간,24,[kʌp̚.ni.ta.si.kan],[gʌp̚.ni.da.si.gan]
내 피부는,24,[nɛ.pʰi.pu.nɯn],[nɛ.pʰi.bu.nɯn]
아니어야 할,24,[a.ni.ʌ.ja.hal],[a.ni.ʌ.ja.hal]
동안 갇혀,24,[toŋ.aŋ.kat̚.hjʌ],[doŋ.an.gat̚.hjʌ]
그렇게 생각하길,24,[kɯ.ɾʌt̚.ke.sɛŋ.kak̚.ha.kil],[gɯ.ɾʌt̚.ke.sɛŋ.gak̚.ha.gil]
길 가,24,[kil.ka],[gil.ga]
너는 내게,24,[nʌ.nɯn.nɛ.ke],[nʌ.nɯn.nɛ.ge]
뭐라는 거니,24,[mwʌ.ɾa.nɯŋ.kʌ.ni],[mwʌ.ɾa.nɯn.gʌ.ni]
한 남자에게,24,[han.nan.tʃa.e.ke],[han.nan.tʃa.e.ge]
사람이 내게,24,[sa.ɾam.i.nɛ.ke],[sa.ɾam.i.nɛ.ge]
자리가 있을,24,[tʃa.ɾi.ka.it̚.ɯl],[dʒa.ɾi.ga.it̚.ɯl]
That was a,24,,
걘 진짜,24,[kjɛn.tʃin.tʃ͈a],[gjɛn.dʒin.tʃ͈a]
우리에게 말하는,24,[u.ɾi.e.ke.mal.ha.nɯn],[u.ɾi.e.ge.mal.ha.nɯn]
사람이 말한,24,[sa.ɾam.i.mal.han],[sa.ɾam.i.mal.han]
어서 넌,24,[ʌ.sʌ.nʌn],[ʌ.sʌ.nʌn]
더 잘하고,24,[tʌ.tʃal.ha.ko],[dʌ.dʒal.ha.go]
안 좋아했어,24,[an.tʃot̚.a.hɛt̚.ʌ],[an.dʒot̚.a.hɛt̚.ʌ]
길 밖으로,24,[kil.pak̚.ɯ.ɾo],[gil.bak̚.ɯ.ɾo]
말 없다,24,[mal.ʌp̚.ta],[mal.ʌp̚.ta]
하지 너,24,[ha.tʃi.nʌ],[ha.dʒi.nʌ]
받으러 가자,24,[pat̚.ɯ.ɾʌ.ka.tʃa],[bat̚.ɯ.ɾʌ.ga.dʒa]
그 아이디어를,24,[kɯ.a.i.ti.ʌ.ɾɯl],[gɯ.a.i.di.ʌ.ɾɯl]
일이 산더미야,24,[il.i.san.tʌ.mi.ja],[il.i.san.tʌ.mi.ja]
잔뜩 취해,24,[tʃan.t͈ɯk̚.tʃʰwi.hɛ],[dʒan.t͈ɯk̚.tʃʰwi.hɛ]
사람이 있니,24,[sa.ɾam.i.it̚.ni],[sa.ɾam.i.it̚.ni]
보여 그,24,[po.jʌ.kɯ],[bo.jʌ.gɯ]
쏘려고 했어,24,[s͈o.ɾjʌ.ko.hɛt̚.ʌ],[s͈o.ɾjʌ.go.hɛt̚.ʌ]
미뤄야 할,24,[mi.ɾwʌ.ja.hal],[mi.ɾwʌ.ja.hal]
아니면 이거,24,[a.ni.mjʌn.i.kʌ],[a.ni.mjʌn.i.gʌ]
어디로 가니,24,[ʌ.ti.ɾo.ka.ni],[ʌ.di.ɾo.ga.ni]
사기 전에,24,[sa.ki.tʃʌn.e],[sa.gi.dʒʌn.e]
stop me now,24,,
안 좋아했어요,24,[an.tʃot̚.a.hɛt̚.ʌ.jo],[an.dʒot̚.a.hɛt̚.ʌ.jo]
날 용서할 수,24,[nal.joŋ.sʌ.hal.su],[nal.joŋ.sʌ.hal.su]
년 이상 동안,24,[njʌn.i.saŋ.toŋ.an],[njʌn.i.saŋ.doŋ.an]
그가 무슨 일을,24,[kɯ.ka.mu.sɯn.il.ɯl],[gɯ.ga.mu.sɯn.il.ɯl]
해 혼자,24,[hɛ.hon.tʃa],[hɛ.hon.tʃa]
단 세,24,[tan.se],[dan.se]
막 하려던,24,[mak̚.ha.ɾjʌ.tʌn],[mak̚.ha.ɾjʌ.dʌn]
일이 생긴 거지,24,[il.i.sɛŋ.kiŋ.kʌ.tʃi],[il.i.sɛŋ.gin.gʌ.dʒi]
단 하루,24,[tan.ha.ɾu],[dan.ha.ɾu]
같아 만약,24,[kat̚.a.man.jak̚],[gat̚.a.man.jak̚]
일을 막을,24,[il.ɯl.mak̚.ɯl],[il.ɯl.mak̚.ɯl]
박 회장,24,[pak̚.hwe.tʃaŋ],[bak̚.hwe.dʒaŋ]
이게 다 끝나면,24,[i.ke.ta.k͈ɯt̚.na.mjʌn],[i.ge.da.k͈ɯt̚.na.mjʌn]
stuck in,24,,
그것은 유일한,24,[kɯ.kʌt̚.ɯn.ju.il.han],[gɯ.gʌt̚.ɯn.ju.il.han]
사는 겁니다,24,[sa.nɯŋ.kʌp̚.ni.ta],[sa.nɯn.gʌp̚.ni.da]
날 고용했어,24,[nal.ko.joŋ.hɛt̚.ʌ],[nal.go.joŋ.hɛt̚.ʌ]
걸었나 봐 너와,24,[kʌl.ʌt̚.na.pwa.nʌ.wa],[gʌl.ʌt̚.na.bwa.nʌ.wa]
그리고 많이,24,[kɯ.ɾi.ko.man.i],[gɯ.ɾi.go.man.i]
정말 아름다우세요,24,[tʃʌŋ.mal.a.ɾɯn.ta.u.se.jo],[dʒʌŋ.mal.a.ɾɯn.ta.u.se.jo]
말 걸고,24,[mal.kʌl.ko],[mal.gʌl.ko]
일이 아니란,24,[il.i.a.ni.ɾan],[il.i.a.ni.ɾan]
사는 세상은,24,[sa.nɯn.se.saŋ.ɯn],[sa.nɯn.se.saŋ.ɯn]
그 순간엔,24,[kɯ.suŋ.kan.en],[gɯ.suŋ.kan.en]
것 같아 진짜,24,[kʌt̚.kat̚.a.tʃin.tʃ͈a],[gʌt̚.gat̚.a.dʒin.tʃ͈a]
토 달지 말고,24,[tʰo.tal.tʃi.mal.ko],[tʰo.dal.tʃi.mal.ko]
거라고 말한,24,[kʌ.ɾa.ko.mal.han],[gʌ.ɾa.go.mal.han]
사랑해 잘,24,[sa.ɾaŋ.hɛ.tʃal],[sa.ɾaŋ.hɛ.dʒal]
만날 날을,24,[man.nal.lal.ɯl],[man.nal.lal.ɯl]
같아 물론,24,[kat̚.a.mul.ɾon],[gat̚.a.mul.ɾon]
죽이라는 명령을,24,[tʃuk̚.i.ɾa.nɯn.mjʌŋ.ɾjʌŋ.ɯl],[dʒuk̚.i.ɾa.nɯn.mjʌŋ.ɾjʌŋ.ɯl]
중 네가,24,[tʃuŋ.ne.ka],[dʒuŋ.ne.ga]
사담 후세인,24,[sa.tam.hu.se.in],[sa.dam.hu.se.in]
필요 없음,24,[pʰil.jo.ʌp̚.ɯm],[pʰil.jo.ʌp̚.ɯm]
일이 아직,24,[il.i.a.tʃik̚],[il.i.a.dʒik̚]
내 조언이,24,[nɛ.tʃo.ʌn.i],[nɛ.dʒo.ʌn.i]
오늘부터 우리,24,[o.nɯl.pu.tʰʌ.u.ɾi],[o.nɯl.pu.tʰʌ.u.ɾi]
냄새 같아,24,[nɛm.sɛ.kat̚.a],[nɛm.sɛ.gat̚.a]
피 나,24,[pʰi.na],[pʰi.na]
입도 안,24,[ip̚.to.an],[ip̚.to.an]
데 없군,24,[te.ʌp̚.kun],[de.ʌp̚.kun]
네 능력은,24,[ne.nɯŋ.ɾjʌk̚.ɯn],[ne.nɯŋ.ɾjʌk̚.ɯn]
게 당신의,24,[ke.taŋ.sin.ɯi],[ge.daŋ.sin.ɯi]
내가 미쳤다고 생각하지,24,[nɛ.ka.mi.tʃʰjʌt̚.ta.ko.sɛŋ.kak̚.ha.tʃi],[nɛ.ga.mi.tʃʰjʌt̚.ta.go.sɛŋ.gak̚.ha.dʒi]
나온 줄,24,[na.on.tʃul],[na.on.dʒul]
what else,24,,
대로 하는 게,24,[tɛ.ɾo.ha.nɯŋ.ke],[dɛ.ɾo.ha.nɯn.ge]
갈 필요 없어요,24,[kal.pʰil.jo.ʌp̚.ʌ.jo],[gal.pʰil.jo.ʌp̚.ʌ.jo]
휴식 시간을,24,[hju.sik̚.si.kan.ɯl],[hju.sik̚.si.gan.ɯl]
운명이 우리를,24,[un.mjʌŋ.i.u.ɾi.ɾɯl],[un.mjʌŋ.i.u.ɾi.ɾɯl]
너무 늦을 때까지,24,[nʌ.mu.nɯt̚.ɯl.t͈ɛ.k͈a.tʃi],[nʌ.mu.nɯt̚.ɯl.t͈ɛ.k͈a.dʒi]
놔주지 않을,24,[nwa.tʃu.tʃi.an.ɯl],[nwa.dʒu.dʒi.an.ɯl]
나는 그렇게 하기로,24,[na.nɯŋ.kɯ.ɾʌt̚.ke.ha.ki.ɾo],[na.nɯn.gɯ.ɾʌt̚.ke.ha.gi.ɾo]
이 목걸이,24,[i.mok̚.kʌl.i],[i.mok̚.kʌl.i]
바람 속에,24,[pa.ɾam.sok̚.e],[ba.ɾam.sok̚.e]
타고 왔는데,24,[tʰa.ko.wat̚.nɯn.te],[tʰa.go.wat̚.nɯn.te]
길이 멀어요,24,[kil.i.mʌl.ʌ.jo],[gil.i.mʌl.ʌ.jo]
사람 같진,24,[sa.ɾam.kat̚.tʃin],[sa.ɾam.gat̚.tʃin]
few days,24,,
if we can,24,,
눌러 봐,24,[nul.ɾʌ.pwa],[nul.ɾʌ.bwa]
사람 그게,24,[sa.ɾam.kɯ.ke],[sa.ɾam.gɯ.ge]
들어가 볼까,24,[tɯl.ʌ.ka.pol.k͈a],[dɯl.ʌ.ga.bol.k͈a]
죽었기 때문에,24,[tʃuk̚.ʌt̚.ki.t͈ɛ.mun.e],[dʒuk̚.ʌt̚.ki.t͈ɛ.mun.e]
몇 달 안에,24,[mjʌt̚.tal.an.e],[mjʌt̚.dal.an.e]
원하기 때문에,24,[wʌn.ha.ki.t͈ɛ.mun.e],[wʌn.ha.gi.t͈ɛ.mun.e]
희망을 가져야지 내가 얼마나,24,[hɯi.maŋ.ɯl.ka.tʃjʌ.ja.tʃi.nɛ.ka.ʌl.ma.na],[hɯi.maŋ.ɯl.ga.dʒjʌ.ja.dʒi.nɛ.ga.ʌl.ma.na]
뭘 몰라서,24,[mwʌl.mol.ɾa.sʌ],[mwʌl.mol.ɾa.sʌ]
숙취 때문에,24,[suk̚.tʃʰwi.t͈ɛ.mun.e],[suk̚.tʃʰwi.t͈ɛ.mun.e]
책을 보고,24,[tʃʰɛk̚.ɯl.po.ko],[tʃʰɛk̚.ɯl.bo.go]
세계 어느,24,[se.kje.ʌ.nɯ],[se.gje.ʌ.nɯ]
냄새도 나,24,[nɛm.sɛ.to.na],[nɛm.sɛ.do.na]
않았어요 다른,24,[an.at̚.ʌ.jo.ta.ɾɯn],[an.at̚.ʌ.jo.da.ɾɯn]
있거든요 무슨,24,[it̚.kʌ.tɯn.jo.mu.sɯn],[it̚.kʌ.dɯn.jo.mu.sɯn]
isn''t the,24,,
건담 철혈의 오펀스 제,24,[kʌn.tan.tʃʰʌl.hjʌl.ɯi.o.pʰʌn.sɯ.tʃe],[gʌn.tan.tʃʰʌl.hjʌl.ɯi.o.pʰʌn.sɯ.dʒe]
뭔가 잘,24,[mwʌŋ.ka.tʃal],[mwʌŋ.ka.dʒal]
원하는 건 네가,24,[wʌn.ha.nɯŋ.kʌn.ne.ka],[wʌn.ha.nɯn.gʌn.ne.ga]
오는 건데,24,[o.nɯŋ.kʌn.te],[o.nɯn.gʌn.te]
몰라요 다,24,[mol.ɾa.jo.ta],[mol.ɾa.jo.da]
상상이 안 가,24,[saŋ.saŋ.i.aŋ.ka],[saŋ.saŋ.i.an.ga]
천국 같은,24,[tʃʰʌŋ.kuk̚.kat̚.ɯn],[tʃʰʌŋ.kuk̚.gat̚.ɯn]
어디에 있는지 안다,24,[ʌ.ti.e.it̚.nɯn.tʃi.an.ta],[ʌ.di.e.it̚.nɯn.tʃi.an.ta]
일이 일어났다는,24,[il.i.il.ʌ.nat̚.ta.nɯn],[il.i.il.ʌ.nat̚.ta.nɯn]
때 얘기죠,24,[t͈ɛ.jɛ.ki.tʃjo],[t͈ɛ.jɛ.gi.dʒjo]
하려는 거요,24,[ha.ɾjʌ.nɯŋ.kʌ.jo],[ha.ɾjʌ.nɯn.gʌ.jo]
하지만 때가,24,[ha.tʃi.man.t͈ɛ.ka],[ha.dʒi.man.t͈ɛ.ga]
집을 가지고,24,[tʃip̚.ɯl.ka.tʃi.ko],[dʒip̚.ɯl.ga.dʒi.go]
못되게 굴,24,[mot̚.twe.ke.kul],[mot̚.twe.ge.gul]
마 진정하고 마음이,24,[ma.tʃin.tʃʌŋ.ha.ko.ma.ɯm.i],[ma.dʒin.tʃʌŋ.ha.go.ma.ɯm.i]
너무 약해요,24,[nʌ.mu.jak̚.hɛ.jo],[nʌ.mu.jak̚.hɛ.jo]
아니야 그게 바로,24,[a.ni.ja.kɯ.ke.pa.ɾo],[a.ni.ja.gɯ.ge.ba.ɾo]
사진을 볼,24,[sa.tʃin.ɯl.pol],[sa.dʒin.ɯl.bol]
나한테 푹,24,[na.han.tʰe.pʰuk̚],[na.han.tʰe.pʰuk̚]
전 지금까지,24,[tʃʌn.tʃi.kɯm.k͈a.tʃi],[dʒʌn.dʒi.gɯm.k͈a.dʒi]
사촌을 보호하기,24,[sa.tʃʰon.ɯl.po.ho.ha.ki],[sa.tʃʰon.ɯl.bo.ho.ha.gi]
차에 타기나,24,[tʃʰa.e.tʰa.ki.na],[tʃʰa.e.tʰa.gi.na]
그 기간 동안,24,[kɯ.ki.kan.toŋ.an],[gɯ.gi.gan.doŋ.an]
기회를 주기,24,[ki.hwe.ɾɯl.tʃu.ki],[gi.hwe.ɾɯl.dʒu.gi]
관심이 있죠,24,[kwan.sim.i.it̚.tʃjo],[gwan.sim.i.it̚.tʃjo]
사후 세계,24,[sa.hu.se.kje],[sa.hu.se.gje]
뭘 봤죠,24,[mwʌl.pwat̚.tʃjo],[mwʌl.bwat̚.tʃjo]
원하는 걸 주면,24,[wʌn.ha.nɯŋ.kʌl.tʃu.mjʌn],[wʌn.ha.nɯn.gʌl.dʒu.mjʌn]
끊은 거야,24,[k͈ɯn.ɯŋ.kʌ.ja],[k͈ɯn.ɯn.gʌ.ja]
사람 살려요,24,[sa.ɾam.sal.ɾjʌ.jo],[sa.ɾam.sal.ɾjʌ.jo]
있을거야 하지만,24,[it̚.ɯl.kʌ.ja.ha.tʃi.man],[it̚.ɯl.kʌ.ja.ha.dʒi.man]
어디에 있는지는,24,[ʌ.ti.e.it̚.nɯn.tʃi.nɯn],[ʌ.di.e.it̚.nɯn.tʃi.nɯn]
기꺼이 죽을,24,[ki.k͈ʌ.i.tʃuk̚.ɯl],[gi.k͈ʌ.i.dʒuk̚.ɯl]
나누도록 이 화려한,24,[na.nu.to.ɾok̚.i.hwa.ɾjʌ.han],[na.nu.do.ɾok̚.i.hwa.ɾjʌ.han]
난 쟤가,24,[nan.tʃjɛ.ka],[nan.dʒjɛ.ga]
흑인 여자,24,[hɯk̚.in.jʌ.tʃa],[hɯk̚.in.jʌ.dʒa]
동안 알고,24,[toŋ.an.al.ko],[doŋ.an.al.ko]
원하는 걸 얻고,24,[wʌn.ha.nɯŋ.kʌl.ʌt̚.ko],[wʌn.ha.nɯn.gʌl.ʌt̚.ko]
부끄러워할 필요,24,[pu.k͈ɯ.ɾʌ.wʌ.hal.pʰil.jo],[bu.k͈ɯ.ɾʌ.wʌ.hal.pʰil.jo]
만들어 줄거야,24,[man.tɯl.ʌ.tʃul.kʌ.ja],[man.tɯl.ʌ.dʒul.kʌ.ja]
규칙을 지켜라,24,[kju.tʃʰik̚.ɯl.tʃi.kʰjʌ.ɾa],[gju.tʃʰik̚.ɯl.dʒi.kʰjʌ.ɾa]
너무나 거침 없는 그,24,[nʌ.mu.na.kʌ.tʃʰim.ʌp̚.nɯŋ.kɯ],[nʌ.mu.na.gʌ.tʃʰim.ʌp̚.nɯn.gɯ]
차 밑에,24,[tʃʰa.mit̚.e],[tʃʰa.mit̚.e]
tell me the,24,,
너무너무 사랑해,24,[nʌ.mu.nʌ.mu.sa.ɾaŋ.hɛ],[nʌ.mu.nʌ.mu.sa.ɾaŋ.hɛ]
박사에 대해,24,[pak̚.sa.e.tɛ.hɛ],[bak̚.sa.e.dɛ.hɛ]
일이 있었길래,24,[il.i.it̚.ʌt̚.kil.ɾɛ],[il.i.it̚.ʌt̚.kil.ɾɛ]
너 경찰,24,[nʌ.kjʌŋ.tʃʰal],[nʌ.gjʌŋ.tʃʰal]
걸릴 거요,24,[kʌl.ɾil.kʌ.jo],[gʌl.ɾil.gʌ.jo]
너야 넌,24,[nʌ.ja.nʌn],[nʌ.ja.nʌn]
하기 위해서죠,24,[ha.ki.wi.hɛ.sʌ.tʃjo],[ha.gi.wi.hɛ.sʌ.dʒjo]
원하는 곳 어디든,24,[wʌn.ha.nɯŋ.kot̚.ʌ.ti.tɯn],[wʌn.ha.nɯn.got̚.ʌ.di.dɯn]
저희가 그,24,[tʃʌ.hɯi.ka.kɯ],[dʒʌ.hɯi.ga.gɯ]
사람 잘못 봤어,24,[sa.ɾan.tʃal.mot̚.pwat̚.ʌ],[sa.ɾam.dʒal.mot̚.bwat̚.ʌ]
환영합니다 새,24,[hwan.jʌŋ.hap̚.ni.ta.sɛ],[hwan.jʌŋ.hap̚.ni.da.sɛ]
할 필요가 없어,24,[hal.pʰil.jo.ka.ʌp̚.ʌ],[hal.pʰil.jo.ga.ʌp̚.ʌ]
해줘 이뤄질 거라고,24,[hɛ.tʃwʌ.i.ɾwʌ.tʃil.kʌ.ɾa.ko],[hɛ.dʒwʌ.i.ɾwʌ.dʒil.gʌ.ɾa.go]
있네요 그,24,[it̚.ne.jo.kɯ],[it̚.ne.jo.gɯ]
박살 날,24,[pak̚.sal.lal],[bak̚.sal.lal]
들어가도 되겠습니까,24,[tɯl.ʌ.ka.to.twe.ket̚.sɯp̚.ni.k͈a],[dɯl.ʌ.ga.do.dwe.get̚.sɯp̚.ni.k͈a]
너 기분,24,[nʌ.ki.pun],[nʌ.gi.bun]
원하는 방식으로,24,[wʌn.ha.nɯm.paŋ.sik̚.ɯ.ɾo],[wʌn.ha.nɯn.baŋ.sik̚.ɯ.ɾo]
조사를 할,24,[tʃo.sa.ɾɯl.hal],[dʒo.sa.ɾɯl.hal]
뭔가 좋은 일을,24,[mwʌŋ.ka.tʃot̚.ɯn.il.ɯl],[mwʌŋ.ka.dʒot̚.ɯn.il.ɯl]
질러서 미안해,24,[tʃil.ɾʌ.sʌ.mi.an.hɛ],[dʒil.ɾʌ.sʌ.mi.an.hɛ]
것들 전부,24,[kʌt̚.tɯl.tʃʌm.pu],[gʌt̚.tɯl.dʒʌm.pu]
우리에게 얼마나,24,[u.ɾi.e.ke.ʌl.ma.na],[u.ɾi.e.ge.ʌl.ma.na]
원하는 어떤,24,[wʌn.ha.nɯn.ʌ.t͈ʌn],[wʌn.ha.nɯn.ʌ.t͈ʌn]
있는 거 알죠,24,[it̚.nɯŋ.kʌ.al.tʃjo],[it̚.nɯn.gʌ.al.tʃjo]
간에 난,24,[kan.e.nan],[gan.e.nan]
세계를 돌며,24,[se.kje.ɾɯl.tol.mjʌ],[se.gje.ɾɯl.dol.mjʌ]
더더욱 안,24,[tʌ.tʌ.uk̚.an],[dʌ.dʌ.uk̚.an]
진짜 목적이,24,[tʃin.tʃ͈a.mok̚.tʃʌk̚.i],[dʒin.tʃ͈a.mok̚.tʃʌk̚.i]
만세를 불러,24,[man.se.ɾɯl.pul.ɾʌ],[man.se.ɾɯl.bul.ɾʌ]
P 대,24,[tɛ],[dɛ]
기분이 좋아서,24,[ki.pun.i.tʃot̚.a.sʌ],[gi.bun.i.dʒot̚.a.sʌ]
내 남자친구를,24,[nɛ.nan.tʃa.tʃʰiŋ.ku.ɾɯl],[nɛ.nan.tʃa.tʃʰiŋ.ku.ɾɯl]
경찰서로 가서,24,[kjʌŋ.tʃʰal.sʌ.ɾo.ka.sʌ],[gjʌŋ.tʃʰal.sʌ.ɾo.ga.sʌ]
내가 하는 일에,24,[nɛ.ka.ha.nɯn.il.e],[nɛ.ga.ha.nɯn.il.e]
같이 왔는데,24,[kat̚.i.wat̚.nɯn.te],[gat̚.i.wat̚.nɯn.te]
가지고 와요,24,[ka.tʃi.ko.wa.jo],[ga.dʒi.go.wa.jo]
걸 알아요 하지만,24,[kʌl.al.a.jo.ha.tʃi.man],[gʌl.al.a.jo.ha.dʒi.man]
다시 돌아가지,24,[ta.si.tol.a.ka.tʃi],[da.si.dol.a.ga.dʒi]
가서 이렇게,24,[ka.sʌ.i.ɾʌt̚.ke],[ga.sʌ.i.ɾʌt̚.ke]
방금 제,24,[paŋ.kɯn.tʃe],[baŋ.gɯm.dʒe]
어차피 죽어,24,[ʌ.tʃʰa.pʰi.tʃuk̚.ʌ],[ʌ.tʃʰa.pʰi.dʒuk̚.ʌ]
너 눈이,24,[nʌ.nun.i],[nʌ.nun.i]
bring you,24,,
내 뇌,24,[nɛ.nwe],[nɛ.nwe]
어디가 아픈,24,[ʌ.ti.ka.a.pʰɯn],[ʌ.di.ga.a.pʰɯn]
원하던 거야,24,[wʌn.ha.tʌŋ.kʌ.ja],[wʌn.ha.dʌn.gʌ.ja]
삶이 어떤지,24,[sam.i.ʌ.t͈ʌn.tʃi],[sam.i.ʌ.t͈ʌn.tʃi]
그것을 가져갈,24,[kɯ.kʌt̚.ɯl.ka.tʃjʌ.kal],[gɯ.gʌt̚.ɯl.ga.dʒjʌ.gal]
너한테 보여줄 게,24,[nʌ.han.tʰe.po.jʌ.tʃul.ke],[nʌ.han.tʰe.bo.jʌ.dʒul.ge]
보여 하지만,24,[po.jʌ.ha.tʃi.man],[bo.jʌ.ha.dʒi.man]
다시 돌아올게,24,[ta.si.tol.a.ol.ke],[da.si.dol.a.ol.ke]
저기 간다,24,[tʃʌ.ki.kan.ta],[dʒʌ.gi.gan.ta]
날 찾기,24,[nal.tʃʰat̚.ki],[nal.tʃʰat̚.ki]
그 꼬맹이가,24,[kɯ.k͈o.mɛŋ.i.ka],[gɯ.k͈o.mɛŋ.i.ga]
것 같군 난,24,[kʌt̚.kat̚.kun.nan],[gʌt̚.gat̚.kun.nan]
구블러 에이제이 쿡 커스틴,24,[ku.pɯl.ɾʌ.e.i.tʃe.i.kʰuk̚.kʰʌ.sɯ.tʰin],[gu.bɯl.ɾʌ.e.i.dʒe.i.kʰuk̚.kʰʌ.sɯ.tʰin]
You put,24,,
동안 쭉,24,[toŋ.an.tʃ͈uk̚],[doŋ.an.tʃ͈uk̚]
거리가 멀죠,24,[kʌ.ɾi.ka.mʌl.tʃjo],[gʌ.ɾi.ga.mʌl.tʃjo]
사람들 마음을,24,[sa.ɾan.tɯl.ma.ɯm.ɯl],[sa.ɾan.tɯl.ma.ɯm.ɯl]
했죠 당신이,24,[hɛt̚.tʃjo.taŋ.sin.i],[hɛt̚.tʃjo.daŋ.sin.i]
중 두 명이,24,[tʃuŋ.tu.mjʌŋ.i],[dʒuŋ.du.mjʌŋ.i]
세계의 다른,24,[se.kje.ɯi.ta.ɾɯn],[se.gje.ɯi.da.ɾɯn]
년 전이잖아,24,[njʌn.tʃʌn.i.tʃan.a],[njʌn.dʒʌn.i.dʒan.a]
원하지 않는 한,24,[wʌn.ha.tʃi.an.nɯn.han],[wʌn.ha.dʒi.an.nɯn.han]
있는 남자야,24,[it̚.nɯn.nan.tʃa.ja],[it̚.nɯn.nan.tʃa.ja]
적 있었나요,24,[tʃʌk̚.it̚.ʌt̚.na.jo],[dʒʌk̚.it̚.ʌt̚.na.jo]
니가 제일,24,[ni.ka.tʃe.il],[ni.ga.dʒe.il]
정말 그런 것,24,[tʃʌŋ.mal.kɯ.ɾʌŋ.kʌt̚],[dʒʌŋ.mal.gɯ.ɾʌn.gʌt̚]
거래를 하려고,24,[kʌ.ɾɛ.ɾɯl.ha.ɾjʌ.ko],[gʌ.ɾɛ.ɾɯl.ha.ɾjʌ.go]
너희 팀은,24,[nʌ.hɯi.tʰim.ɯn],[nʌ.hɯi.tʰim.ɯn]
내가 옷을,24,[nɛ.ka.ot̚.ɯl],[nɛ.ga.ot̚.ɯl]
상의 좀,24,[saŋ.ɯi.tʃom],[saŋ.ɯi.dʒom]
작은 집,24,[tʃak̚.ɯn.tʃip̚],[dʒak̚.ɯn.dʒip̚]
경험 있는,24,[kjʌŋ.hʌm.it̚.nɯn],[gjʌŋ.hʌm.it̚.nɯn]
이 범인은,24,[i.pʌm.in.ɯn],[i.bʌm.in.ɯn]
번 말씀해,24,[pʌn.mal.s͈ɯm.hɛ],[bʌn.mal.s͈ɯm.hɛ]
너는 거기에,24,[nʌ.nɯŋ.kʌ.ki.e],[nʌ.nɯn.gʌ.gi.e]
너 맨날,24,[nʌ.mɛn.nal],[nʌ.mɛn.nal]
뭘 하겠다는,24,[mwʌl.ha.ket̚.ta.nɯn],[mwʌl.ha.get̚.ta.nɯn]
몸에 난,24,[mom.e.nan],[mom.e.nan]
그랬던 것 처럼,24,[kɯ.ɾɛt̚.tʌŋ.kʌt̚.tʃʰʌ.ɾʌm],[gɯ.ɾɛt̚.tʌn.gʌt̚.tʃʰʌ.ɾʌm]
with these,24,,
년 전이죠,24,[njʌn.tʃʌn.i.tʃjo],[njʌn.dʒʌn.i.dʒjo]
달러가 더,24,[tal.ɾʌ.ka.tʌ],[dal.ɾʌ.ga.dʌ]
어떤 엄마가,24,[ʌ.t͈ʌn.ʌm.ma.ka],[ʌ.t͈ʌn.ʌm.ma.ga]
정말 아주,24,[tʃʌŋ.mal.a.tʃu],[dʒʌŋ.mal.a.dʒu]
대로 그,24,[tɛ.ɾo.kɯ],[dɛ.ɾo.gɯ]
안에 있는 거야,24,[an.e.it̚.nɯŋ.kʌ.ja],[an.e.it̚.nɯn.gʌ.ja]
엄마 사랑해요,24,[ʌm.ma.sa.ɾaŋ.hɛ.jo],[ʌm.ma.sa.ɾaŋ.hɛ.jo]
침대 밑,24,[tʃʰin.tɛ.mit̚],[tʃʰin.tɛ.mit̚]
있는 듯한,24,[it̚.nɯn.tɯt̚.han],[it̚.nɯn.dɯt̚.han]
상황 어때,24,[saŋ.hwaŋ.ʌ.t͈ɛ],[saŋ.hwaŋ.ʌ.t͈ɛ]
경험 한,24,[kjʌŋ.hʌm.han],[gjʌŋ.hʌm.han]
상황에 따라 다르죠,24,[saŋ.hwaŋ.e.t͈a.ɾa.ta.ɾɯ.tʃjo],[saŋ.hwaŋ.e.t͈a.ɾa.da.ɾɯ.dʒjo]
보죠 그럼,24,[po.tʃjo.kɯ.ɾʌm],[bo.dʒjo.gɯ.ɾʌm]
한다 이제,24,[han.ta.i.tʃe],[han.ta.i.dʒe]
빨리 떠나야,24,[p͈al.ɾi.t͈ʌ.na.ja],[p͈al.ɾi.t͈ʌ.na.ja]
그것을 그렇게,24,[kɯ.kʌt̚.ɯl.kɯ.ɾʌt̚.ke],[gɯ.gʌt̚.ɯl.gɯ.ɾʌt̚.ke]
믿지 않을 것이다,24,[mit̚.tʃi.an.ɯl.kʌt̚.i.ta],[mit̚.tʃi.an.ɯl.gʌt̚.i.da]
사람들에게 무슨,24,[sa.ɾan.tɯl.e.ke.mu.sɯn],[sa.ɾan.tɯl.e.ge.mu.sɯn]
일이라는 건,24,[il.i.ɾa.nɯŋ.kʌn],[il.i.ɾa.nɯn.gʌn]
수 있어 괜찮아,24,[su.it̚.ʌ.kwɛn.tʃʰan.a],[su.it̚.ʌ.gwɛn.tʃʰan.a]
고추를 그릴,24,[ko.tʃʰu.ɾɯl.kɯ.ɾil],[go.tʃʰu.ɾɯl.gɯ.ɾil]
들어가지 않을,24,[tɯl.ʌ.ka.tʃi.an.ɯl],[dɯl.ʌ.ga.dʒi.an.ɯl]
뉴욕에 가서,24,[nju.jok̚.e.ka.sʌ],[nju.jok̚.e.ga.sʌ]
질문은 나중에,24,[tʃil.mun.ɯn.na.tʃuŋ.e],[dʒil.mun.ɯn.na.dʒuŋ.e]
더 필요할 거야,24,[tʌ.pʰil.jo.hal.kʌ.ja],[dʌ.pʰil.jo.hal.gʌ.ja]
뭘 하든 간에,24,[mwʌl.ha.tɯŋ.kan.e],[mwʌl.ha.dɯn.gan.e]
새 사무실,24,[sɛ.sa.mu.sil],[sɛ.sa.mu.sil]
범인이 누구든,24,[pʌm.in.i.nu.ku.tɯn],[bʌm.in.i.nu.gu.dɯn]
오래 살아서,24,[o.ɾɛ.sal.a.sʌ],[o.ɾɛ.sal.a.sʌ]
몰라요 저는,24,[mol.ɾa.jo.tʃʌ.nɯn],[mol.ɾa.jo.dʒʌ.nɯn]
안 계시고,24,[aŋ.kje.si.ko],[an.gje.si.go]
새 주인이,24,[sɛ.tʃu.in.i],[sɛ.dʒu.in.i]
만 달러까지,24,[man.tal.ɾʌ.k͈a.tʃi],[man.dal.ɾʌ.k͈a.dʒi]
비울 수,24,[pi.ul.su],[bi.ul.su]
사람이 아니예요,24,[sa.ɾam.i.a.ni.je.jo],[sa.ɾam.i.a.ni.je.jo]
우리를 어디로,24,[u.ɾi.ɾɯl.ʌ.ti.ɾo],[u.ɾi.ɾɯl.ʌ.di.ɾo]
죄가 없는,24,[tʃwe.ka.ʌp̚.nɯn],[dʒwe.ga.ʌp̚.nɯn]
it''s true,24,,
무슨 짓을 했나,24,[mu.sɯn.tʃit̚.ɯl.hɛt̚.na],[mu.sɯn.dʒit̚.ɯl.hɛt̚.na]
잘 놀았어,24,[tʃal.lol.at̚.ʌ],[dʒal.lol.at̚.ʌ]
그녀를 찾을 거야,24,[kɯ.njʌ.ɾɯl.tʃʰat̚.ɯl.kʌ.ja],[gɯ.njʌ.ɾɯl.tʃʰat̚.ɯl.gʌ.ja]
아직도 당신을,24,[a.tʃik̚.to.taŋ.sin.ɯl],[a.dʒik̚.to.daŋ.sin.ɯl]
부인 내,24,[pu.in.nɛ],[bu.in.nɛ]
무슨 소용이지,24,[mu.sɯn.so.joŋ.i.tʃi],[mu.sɯn.so.joŋ.i.dʒi]
매번 내가,24,[mɛ.pʌn.nɛ.ka],[mɛ.bʌn.nɛ.ga]
받지 못하면,24,[pat̚.tʃi.mot̚.ha.mjʌn],[bat̚.tʃi.mot̚.ha.mjʌn]
기억 안 나는,24,[ki.ʌk̚.an.na.nɯn],[gi.ʌk̚.an.na.nɯn]
합니다 모두,24,[hap̚.ni.ta.mo.tu],[hap̚.ni.da.mo.du]
사람들은 이걸,24,[sa.ɾan.tɯl.ɯn.i.kʌl],[sa.ɾan.tɯl.ɯn.i.gʌl]
가자 좀,24,[ka.tʃa.tʃom],[ga.dʒa.dʒom]
사람들은 자신의,24,[sa.ɾan.tɯl.ɯn.tʃa.sin.ɯi],[sa.ɾan.tɯl.ɯn.dʒa.sin.ɯi]
내 요리,24,[nɛ.jo.ɾi],[nɛ.jo.ɾi]
사람들은 절,24,[sa.ɾan.tɯl.ɯn.tʃʌl],[sa.ɾan.tɯl.ɯn.dʒʌl]
들어갈 수 없다,24,[tɯl.ʌ.kal.su.ʌp̚.ta],[dɯl.ʌ.gal.su.ʌp̚.ta]
근데 왜 여기,24,[kɯn.te.wɛ.jʌ.ki],[gɯn.te.wɛ.jʌ.gi]
일이야 지금,24,[il.i.ja.tʃi.kɯm],[il.i.ja.dʒi.gɯm]
같아요 오,24,[kat̚.a.jo.o],[gat̚.a.jo.o]
적이 거의,24,[tʃʌk̚.i.kʌ.ɯi],[dʒʌk̚.i.gʌ.ɯi]
뭔가 생각날,24,[mwʌŋ.ka.sɛŋ.kak̚.nal],[mwʌŋ.ka.sɛŋ.gak̚.nal]
것 잘,24,[kʌt̚.tʃal],[gʌt̚.dʒal]
그녀가 계속,24,[kɯ.njʌ.ka.kje.sok̚],[gɯ.njʌ.ga.gje.sok̚]
내 행동,24,[nɛ.hɛŋ.toŋ],[nɛ.hɛŋ.doŋ]
인생이 이렇게,24,[in.sɛŋ.i.i.ɾʌt̚.ke],[in.sɛŋ.i.i.ɾʌt̚.ke]
문제가 너무,24,[mun.tʃe.ka.nʌ.mu],[mun.tʃe.ga.nʌ.mu]
실례합니다 실례합니다,24,[sil.ɾje.hap̚.ni.ta.sil.ɾje.hap̚.ni.ta],[sil.ɾje.hap̚.ni.da.sil.ɾje.hap̚.ni.da]
사람들을 만날,24,[sa.ɾan.tɯl.ɯl.man.nal],[sa.ɾan.tɯl.ɯl.man.nal]
사람들을 만나고,24,[sa.ɾan.tɯl.ɯl.man.na.ko],[sa.ɾan.tɯl.ɯl.man.na.go]
말에 일리가,24,[mal.e.il.ɾi.ka],[mal.e.il.ɾi.ga]
많아요 그래서,24,[man.a.jo.kɯ.ɾɛ.sʌ],[man.a.jo.gɯ.ɾɛ.sʌ]
같은데 뭘,24,[kat̚.ɯn.te.mwʌl],[gat̚.ɯn.te.mwʌl]
가서 미안해요,24,[ka.sʌ.mi.an.hɛ.jo],[ga.sʌ.mi.an.hɛ.jo]
진짜 지금,24,[tʃin.tʃ͈a.tʃi.kɯm],[dʒin.tʃ͈a.dʒi.gɯm]
사람들을 보호하는,24,[sa.ɾan.tɯl.ɯl.po.ho.ha.nɯn],[sa.ɾan.tɯl.ɯl.bo.ho.ha.nɯn]
별소리를 다,24,[pjʌl.so.ɾi.ɾɯl.ta],[bjʌl.so.ɾi.ɾɯl.da]
한 명도 없어,24,[han.mjʌŋ.to.ʌp̚.ʌ],[han.mjʌŋ.do.ʌp̚.ʌ]
사람들을 봐,24,[sa.ɾan.tɯl.ɯl.pwa],[sa.ɾan.tɯl.ɯl.bwa]
있는지 몰랐네요,24,[it̚.nɯn.tʃi.mol.ɾat̚.ne.jo],[it̚.nɯn.tʃi.mol.ɾat̚.ne.jo]
내 남편이고,24,[nɛ.nam.pʰjʌn.i.ko],[nɛ.nam.pʰjʌn.i.go]
있는지 보세요,24,[it̚.nɯn.tʃi.po.se.jo],[it̚.nɯn.tʃi.bo.se.jo]
사람들을 알고,24,[sa.ɾan.tɯl.ɯl.al.ko],[sa.ɾan.tɯl.ɯl.al.ko]
수 없었어요 그래서,24,[su.ʌp̚.ʌt̚.ʌ.jo.kɯ.ɾɛ.sʌ],[su.ʌp̚.ʌt̚.ʌ.jo.gɯ.ɾɛ.sʌ]
안 썼잖아,24,[an.s͈ʌt̚.tʃan.a],[an.s͈ʌt̚.tʃan.a]
원했던 모든,24,[wʌn.hɛt̚.tʌn.mo.tɯn],[wʌn.hɛt̚.tʌn.mo.dɯn]
건데 이건,24,[kʌn.te.i.kʌn],[gʌn.te.i.gʌn]
we come,24,,
하긴 하지만,24,[ha.kin.ha.tʃi.man],[ha.gin.ha.dʒi.man]
오래전 일이라,24,[o.ɾɛ.tʃʌn.il.i.ɾa],[o.ɾɛ.dʒʌn.il.i.ɾa]
걱정 마 우린,24,[kʌk̚.tʃʌŋ.ma.u.ɾin],[gʌk̚.tʃʌŋ.ma.u.ɾin]
내 손엔,24,[nɛ.son.en],[nɛ.son.en]
생각이었던 거야,24,[sɛŋ.kak̚.i.ʌt̚.tʌŋ.kʌ.ja],[sɛŋ.gak̚.i.ʌt̚.tʌn.gʌ.ja]
데려간 거예요,24,[te.ɾjʌ.kaŋ.kʌ.je.jo],[de.ɾjʌ.gan.gʌ.je.jo]
같기는 한데,24,[kat̚.ki.nɯn.han.te],[gat̚.ki.nɯn.han.te]
마음 속의,24,[ma.ɯm.sok̚.ɯi],[ma.ɯm.sok̚.ɯi]
없어 무슨 소리야,24,[ʌp̚.ʌ.mu.sɯn.so.ɾi.ja],[ʌp̚.ʌ.mu.sɯn.so.ɾi.ja]
말이야 그때,24,[mal.i.ja.kɯ.t͈ɛ],[mal.i.ja.gɯ.t͈ɛ]
넌 이제 끝났어,24,[nʌn.i.tʃe.k͈ɯt̚.nat̚.ʌ],[nʌn.i.dʒe.k͈ɯt̚.nat̚.ʌ]
息をしたくて ここは苦しくて 이,24,[i],[i]
Sit down,24,,
모르는 건가,24,[mo.ɾɯ.nɯŋ.kʌŋ.ka],[mo.ɾɯ.nɯn.gʌŋ.ka]
어떤 형태로든,24,[ʌ.t͈ʌn.hjʌŋ.tʰɛ.ɾo.tɯn],[ʌ.t͈ʌn.hjʌŋ.tʰɛ.ɾo.dɯn]
어딘가에 있다는,24,[ʌ.tiŋ.ka.e.it̚.ta.nɯn],[ʌ.diŋ.ka.e.it̚.ta.nɯn]
많은 데서,24,[man.ɯn.te.sʌ],[man.ɯn.de.sʌ]
집중할 수가,24,[tʃip̚.tʃuŋ.hal.su.ka],[dʒip̚.tʃuŋ.hal.su.ga]
있다 안녕,24,[it̚.ta.an.njʌŋ],[it̚.ta.an.njʌŋ]
것 맞지,24,[kʌt̚.mat̚.tʃi],[gʌt̚.mat̚.tʃi]
다른 친구를,24,[ta.ɾɯn.tʃʰiŋ.ku.ɾɯl],[da.ɾɯn.tʃʰiŋ.ku.ɾɯl]
준비가 되었다고,24,[tʃum.pi.ka.twe.ʌt̚.ta.ko],[dʒum.pi.ga.dwe.ʌt̚.ta.go]
순수한 마음으로 젊은 날을,24,[sun.su.han.ma.ɯm.ɯ.ɾo.tʃʌm.ɯn.nal.ɯl],[sun.su.han.ma.ɯm.ɯ.ɾo.dʒʌm.ɯn.nal.ɯl]
마시지 말라고,24,[ma.si.tʃi.mal.ɾa.ko],[ma.si.dʒi.mal.ɾa.go]
준비돼 있습니다,24,[tʃum.pi.twɛ.it̚.sɯp̚.ni.ta],[dʒum.pi.dwɛ.it̚.sɯp̚.ni.da]
적합하지 않아,24,[tʃʌk̚.hap̚.ha.tʃi.an.a],[dʒʌk̚.hap̚.ha.dʒi.an.a]
있잖아 c,24,[it̚.tʃan.a],[it̚.tʃan.a]
마음 한,24,[ma.ɯm.han],[ma.ɯm.han]
그래서 니,24,[kɯ.ɾɛ.sʌ.ni],[gɯ.ɾɛ.sʌ.ni]
꺼져 난,24,[k͈ʌ.tʃjʌ.nan],[k͈ʌ.dʒjʌ.nan]
여자가 우릴,24,[jʌ.tʃa.ka.u.ɾil],[jʌ.dʒa.ga.u.ɾil]
미 합중국,24,[mi.hap̚.tʃuŋ.kuk̚],[mi.hap̚.tʃuŋ.guk̚]
생각해 봐야지,24,[sɛŋ.kak̚.hɛ.pwa.ja.tʃi],[sɛŋ.gak̚.hɛ.bwa.ja.dʒi]
거기 같이,24,[kʌ.ki.kat̚.i],[gʌ.gi.gat̚.i]
빼내야 해요,24,[p͈ɛ.nɛ.ja.hɛ.jo],[p͈ɛ.nɛ.ja.hɛ.jo]
나는 몇 년,24,[na.nɯn.mjʌt̚.njʌn],[na.nɯn.mjʌt̚.njʌn]
사람들이 바로,24,[sa.ɾan.tɯl.i.pa.ɾo],[sa.ɾan.tɯl.i.ba.ɾo]
생각해봐 넌,24,[sɛŋ.kak̚.hɛ.pwa.nʌn],[sɛŋ.gak̚.hɛ.bwa.nʌn]
함께 많은,24,[ham.k͈e.man.ɯn],[ham.k͈e.man.ɯn]
그 방으로,24,[kɯ.paŋ.ɯ.ɾo],[gɯ.baŋ.ɯ.ɾo]
구하는 거죠,24,[ku.ha.nɯŋ.kʌ.tʃjo],[gu.ha.nɯn.gʌ.dʒjo]
그런 일이 있었는데,24,[kɯ.ɾʌn.il.i.it̚.ʌt̚.nɯn.te],[gɯ.ɾʌn.il.i.it̚.ʌt̚.nɯn.te]
계획한 것,24,[kje.hwek̚.haŋ.kʌt̚],[gje.hwek̚.han.gʌt̚]
woh wow,24,,
우리 사업,24,[u.ɾi.sa.ʌp̚],[u.ɾi.sa.ʌp̚]
일입니다 하지만,24,[il.ip̚.ni.ta.ha.tʃi.man],[il.ip̚.ni.da.ha.dʒi.man]
쓰여 있었어,24,[s͈ɯ.jʌ.it̚.ʌt̚.ʌ],[s͈ɯ.jʌ.it̚.ʌt̚.ʌ]
사람들이 여기서,24,[sa.ɾan.tɯl.i.jʌ.ki.sʌ],[sa.ɾan.tɯl.i.jʌ.gi.sʌ]
있다고 생각하지 않아,24,[it̚.ta.ko.sɛŋ.kak̚.ha.tʃi.an.a],[it̚.ta.go.sɛŋ.gak̚.ha.dʒi.an.a]
뭐가 나왔어,24,[mwʌ.ka.na.wat̚.ʌ],[mwʌ.ga.na.wat̚.ʌ]
전 괜찮을 거예요,24,[tʃʌŋ.kwɛn.tʃʰan.ɯl.kʌ.je.jo],[dʒʌn.gwɛn.tʃʰan.ɯl.gʌ.je.jo]
있다고 할 수,24,[it̚.ta.ko.hal.su],[it̚.ta.go.hal.su]
학교 갈 준비,24,[hak̚.kjo.kal.tʃum.pi],[hak̚.kjo.gal.dʒum.pi]
돈은 어딨어,24,[ton.ɯn.ʌ.tit̚.ʌ],[don.ɯn.ʌ.dit̚.ʌ]
다시 간다,24,[ta.si.kan.ta],[da.si.gan.ta]
겁니다 뭐라고,24,[kʌp̚.ni.ta.mwʌ.ɾa.ko],[gʌp̚.ni.da.mwʌ.ɾa.go]
나와 주셔서 감사합니다,24,[na.wa.tʃu.sjʌ.sʌ.kam.sa.hap̚.ni.ta],[na.wa.dʒu.sjʌ.sʌ.gam.sa.hap̚.ni.da]
사람들이 사는,24,[sa.ɾan.tɯl.i.sa.nɯn],[sa.ɾan.tɯl.i.sa.nɯn]
좀 하고 올게요,24,[tʃom.ha.ko.ol.ke.jo],[dʒom.ha.go.ol.ke.jo]
그렇게 급하게,24,[kɯ.ɾʌt̚.ke.kɯp̚.ha.ke],[gɯ.ɾʌt̚.ke.gɯp̚.ha.ge]
뭐 그런 거야,24,[mwʌ.kɯ.ɾʌŋ.kʌ.ja],[mwʌ.gɯ.ɾʌn.gʌ.ja]
그 붉은,24,[kɯ.puk̚.ɯn],[gɯ.buk̚.ɯn]
쓰지 마 진정하고 마음이,24,[s͈ɯ.tʃi.ma.tʃin.tʃʌŋ.ha.ko.ma.ɯm.i],[s͈ɯ.dʒi.ma.dʒin.tʃʌŋ.ha.go.ma.ɯm.i]
So he''s,24,,
않기 때문이야,24,[aŋ.ki.t͈ɛ.mun.i.ja],[aŋ.ki.t͈ɛ.mun.i.ja]
쓰지 마 진정하고,24,[s͈ɯ.tʃi.ma.tʃin.tʃʌŋ.ha.ko],[s͈ɯ.dʒi.ma.dʒin.tʃʌŋ.ha.go]
많은 피해를,24,[man.ɯm.pʰi.hɛ.ɾɯl],[man.ɯm.pʰi.hɛ.ɾɯl]
않길 바랍니다,24,[aŋ.kil.pa.ɾap̚.ni.ta],[aŋ.kil.ba.ɾap̚.ni.da]
생활 방식,24,[sɛŋ.hwal.paŋ.sik̚],[sɛŋ.hwal.baŋ.sik̚]
일 이내에,24,[il.i.nɛ.e],[il.i.nɛ.e]
May I,24,,
수를 써야,24,[su.ɾɯl.s͈ʌ.ja],[su.ɾɯl.s͈ʌ.ja]
거야 네가 날,24,[kʌ.ja.ne.ka.nal],[gʌ.ja.ne.ga.nal]
가족은 안,24,[ka.tʃok̚.ɯn.an],[ga.dʒok̚.ɯn.an]
아프고 목이 메도 처음의,24,[a.pʰɯ.ko.mok̚.i.me.to.tʃʰʌ.ɯm.ɯi],[a.pʰɯ.go.mok̚.i.me.do.tʃʰʌ.ɯm.ɯi]
않는 것으로,24,[an.nɯŋ.kʌt̚.ɯ.ɾo],[an.nɯn.gʌt̚.ɯ.ɾo]
태워 버려,24,[tʰɛ.wʌ.pʌ.ɾjʌ],[tʰɛ.wʌ.bʌ.ɾjʌ]
don''t take,24,,
조직 범죄,24,[tʃo.tʃik̚.pʌn.tʃwe],[dʒo.dʒik̚.bʌn.tʃwe]
긴박한 음악이,24,[kim.pak̚.han.ɯm.ak̚.i],[gim.pak̚.han.ɯm.ak̚.i]
간단한 질문,24,[kan.tan.han.tʃil.mun],[gan.tan.han.dʒil.mun]
문을 닫다,24,[mun.ɯl.tat̚.ta],[mun.ɯl.dat̚.ta]
나 좀 도와줄래요,24,[na.tʃon.to.wa.tʃul.ɾɛ.jo],[na.dʒom.do.wa.dʒul.ɾɛ.jo]
만나게 돼서 정말,24,[man.na.ke.twɛ.sʌ.tʃʌŋ.mal],[man.na.ge.dwɛ.sʌ.dʒʌŋ.mal]
내 제안,24,[nɛ.tʃe.an],[nɛ.dʒe.an]
사람으로 보여요,24,[sa.ɾam.ɯ.ɾo.po.jʌ.jo],[sa.ɾam.ɯ.ɾo.bo.jʌ.jo]
거라는 생각은 안,24,[kʌ.ɾa.nɯn.sɛŋ.kak̚.ɯn.an],[gʌ.ɾa.nɯn.sɛŋ.gak̚.ɯn.an]
서류를 가지고,24,[sʌ.ɾju.ɾɯl.ka.tʃi.ko],[sʌ.ɾju.ɾɯl.ga.dʒi.go]
오르는 건,24,[o.ɾɯ.nɯŋ.kʌn],[o.ɾɯ.nɯn.gʌn]
몰랐던 게,24,[mol.ɾat̚.tʌŋ.ke],[mol.ɾat̚.tʌn.ge]
이 사업에,24,[i.sa.ʌp̚.e],[i.sa.ʌp̚.e]
찾으면 되지,24,[tʃʰat̚.ɯ.mjʌn.twe.tʃi],[tʃʰat̚.ɯ.mjʌn.dwe.dʒi]
않는다 더,24,[an.nɯn.ta.tʌ],[an.nɯn.ta.dʌ]
같이 들어가자,24,[kat̚.i.tɯl.ʌ.ka.tʃa],[gat̚.i.dɯl.ʌ.ga.dʒa]
난 그냥 그렇게,24,[naŋ.kɯ.njaŋ.kɯ.ɾʌt̚.ke],[nan.gɯ.njaŋ.gɯ.ɾʌt̚.ke]
꼭 그런 건 아니야,24,[k͈ok̚.kɯ.ɾʌŋ.kʌn.a.ni.ja],[k͈ok̚.gɯ.ɾʌn.gʌn.a.ni.ja]
많이 마시면,24,[man.i.ma.si.mjʌn],[man.i.ma.si.mjʌn]
밤 파티에서,24,[pam.pʰa.tʰi.e.sʌ],[bam.pʰa.tʰi.e.sʌ]
조차 쉴 수 없어,24,[tʃo.tʃʰa.swil.su.ʌp̚.ʌ],[dʒo.tʃʰa.swil.su.ʌp̚.ʌ]
till the,24,,
무슨 생각이라도,24,[mu.sɯn.sɛŋ.kak̚.i.ɾa.to],[mu.sɯn.sɛŋ.gak̚.i.ɾa.do]
일 출생,24,[il.tʃʰul.sɛŋ],[il.tʃʰul.sɛŋ]
기억을 가지고,24,[ki.ʌk̚.ɯl.ka.tʃi.ko],[gi.ʌk̚.ɯl.ga.dʒi.go]
웰스 박사,24,[wel.sɯ.pak̚.sa],[wel.sɯ.bak̚.sa]
알지 나도,24,[al.tʃi.na.to],[al.tʃi.na.do]
써야 한다,24,[s͈ʌ.ja.han.ta],[s͈ʌ.ja.han.ta]
꼭 그렇지만은,24,[k͈ok̚.kɯ.ɾʌt̚.tʃi.man.ɯn],[k͈ok̚.gɯ.ɾʌt̚.tʃi.man.ɯn]
같아요 그러니,24,[kat̚.a.jo.kɯ.ɾʌ.ni],[gat̚.a.jo.gɯ.ɾʌ.ni]
선물은 안,24,[sʌn.mul.ɯn.an],[sʌn.mul.ɯn.an]
택시 잡아,24,[tʰɛk̚.si.tʃap̚.a],[tʰɛk̚.si.dʒap̚.a]
보이는 사람이,24,[po.i.nɯn.sa.ɾam.i],[bo.i.nɯn.sa.ɾam.i]
몰랐어 그냥,24,[mol.ɾat̚.ʌ.kɯ.njaŋ],[mol.ɾat̚.ʌ.gɯ.njaŋ]
안 울,24,[an.ul],[an.ul]
중 몇 명이,24,[tʃuŋ.mjʌt̚.mjʌŋ.i],[dʒuŋ.mjʌt̚.mjʌŋ.i]
다시 연락해,24,[ta.si.jʌl.lak̚.hɛ],[da.si.jʌl.lak̚.hɛ]
없어 얘들아,24,[ʌp̚.ʌ.jɛ.tɯl.a],[ʌp̚.ʌ.jɛ.dɯl.a]
힘들게 해서,24,[hin.tɯl.ke.hɛ.sʌ],[hin.tɯl.ke.hɛ.sʌ]
뒤로한 채,24,[twi.ɾo.han.tʃʰɛ],[dwi.ɾo.han.tʃʰɛ]
텐데 뭘,24,[tʰen.te.mwʌl],[tʰen.te.mwʌl]
맞아 너희,24,[mat̚.a.nʌ.hɯi],[mat̚.a.nʌ.hɯi]
그는 차를,24,[kɯ.nɯn.tʃʰa.ɾɯl],[gɯ.nɯn.tʃʰa.ɾɯl]
하나 그,24,[ha.na.kɯ],[ha.na.gɯ]
선생님이 그,24,[sʌn.sɛŋ.nim.i.kɯ],[sʌn.sɛŋ.nim.i.gɯ]
사람은 어때,24,[sa.ɾam.ɯn.ʌ.t͈ɛ],[sa.ɾam.ɯn.ʌ.t͈ɛ]
지금 어딜,24,[tʃi.kɯm.ʌ.til],[dʒi.gɯm.ʌ.dil]
거야 엄마한테,24,[kʌ.ja.ʌm.ma.han.tʰe],[gʌ.ja.ʌm.ma.han.tʰe]
짓는 거,24,[tʃit̚.nɯŋ.kʌ],[dʒit̚.nɯn.gʌ]
읽으면 안,24,[ik̚.ɯ.mjʌn.an],[ik̚.ɯ.mjʌn.an]
뭐라고 할 것,24,[mwʌ.ɾa.ko.hal.kʌt̚],[mwʌ.ɾa.go.hal.gʌt̚]
당신 거기,24,[taŋ.siŋ.kʌ.ki],[daŋ.sin.gʌ.gi]
the chance,24,,
없어 여보,24,[ʌp̚.ʌ.jʌ.po],[ʌp̚.ʌ.jʌ.bo]
기억을 떠올리게,24,[ki.ʌk̚.ɯl.t͈ʌ.ol.ɾi.ke],[gi.ʌk̚.ɯl.t͈ʌ.ol.ɾi.ge]
사람은 없잖아,24,[sa.ɾam.ɯn.ʌp̚.tʃan.a],[sa.ɾam.ɯn.ʌp̚.tʃan.a]
딱 감고,24,[t͈ak̚.kam.ko],[t͈ak̚.gam.ko]
번도 그런 적,24,[pʌn.to.kɯ.ɾʌn.tʃʌk̚],[bʌn.to.gɯ.ɾʌn.dʒʌk̚]
휴대폰도 안,24,[hju.tɛ.pʰon.to.an],[hju.dɛ.pʰon.to.an]
위기 상황에서,24,[wi.ki.saŋ.hwaŋ.e.sʌ],[wi.gi.saŋ.hwaŋ.e.sʌ]
제대로 못 해,24,[tʃe.tɛ.ɾo.mot̚.hɛ],[dʒe.dɛ.ɾo.mot̚.hɛ]
사람은 자신의,24,[sa.ɾam.ɯn.tʃa.sin.ɯi],[sa.ɾam.ɯn.dʒa.sin.ɯi]
두려움에 떨게,24,[tu.ɾjʌ.um.e.t͈ʌl.ke],[du.ɾjʌ.um.e.t͈ʌl.ke]
대체 무슨 뜻이야,24,[tɛ.tʃʰe.mu.sɯn.t͈ɯt̚.i.ja],[dɛ.tʃʰe.mu.sɯn.t͈ɯt̚.i.ja]
무슨 일인지 말해줄래,24,[mu.sɯn.il.in.tʃi.mal.hɛ.tʃul.ɾɛ],[mu.sɯn.il.in.tʃi.mal.hɛ.dʒul.ɾɛ]
싶지가 않아,24,[sip̚.tʃi.ka.an.a],[sip̚.tʃi.ga.an.a]
자기가 만든,24,[tʃa.ki.ka.man.tɯn],[dʒa.gi.ga.man.tɯn]
짓도 할 수,24,[tʃit̚.to.hal.su],[dʒit̚.to.hal.su]
전에 최대한,24,[tʃʌn.e.tʃʰwe.tɛ.han],[dʒʌn.e.tʃʰwe.dɛ.han]
년만 지나면,24,[njʌn.man.tʃi.na.mjʌn],[njʌn.man.dʒi.na.mjʌn]
있어 저는,24,[it̚.ʌ.tʃʌ.nɯn],[it̚.ʌ.dʒʌ.nɯn]
뭐라고 생각하든,24,[mwʌ.ɾa.ko.sɛŋ.kak̚.ha.tɯn],[mwʌ.ɾa.go.sɛŋ.gak̚.ha.dɯn]
않아 삐 소리 후,24,[an.a.p͈i.so.ɾi.hu],[an.a.p͈i.so.ɾi.hu]
한 번뿐이에요,24,[ham.pʌm.p͈un.i.e.jo],[han.bʌm.p͈un.i.e.jo]
줄게 어서,24,[tʃul.ke.ʌ.sʌ],[dʒul.ke.ʌ.sʌ]
일년 동안,24,[il.ljʌn.toŋ.an],[il.ljʌn.doŋ.an]
그녀가 전화를,24,[kɯ.njʌ.ka.tʃʌn.hwa.ɾɯl],[gɯ.njʌ.ga.dʒʌn.hwa.ɾɯl]
난 우리가 할 수,24,[nan.u.ɾi.ka.hal.su],[nan.u.ɾi.ga.hal.su]
대체 무슨 소리를,24,[tɛ.tʃʰe.mu.sɯn.so.ɾi.ɾɯl],[dɛ.tʃʰe.mu.sɯn.so.ɾi.ɾɯl]
절 죽일 거예요,24,[tʃʌl.tʃuk̚.il.kʌ.je.jo],[dʒʌl.dʒuk̚.il.gʌ.je.jo]
긴장을 풀어,24,[kin.tʃaŋ.ɯl.pʰul.ʌ],[gin.tʃaŋ.ɯl.pʰul.ʌ]
날 건드리지 마,24,[nal.kʌn.tɯ.ɾi.tʃi.ma],[nal.gʌn.tɯ.ɾi.dʒi.ma]
사람을 만나야,24,[sa.ɾam.ɯl.man.na.ja],[sa.ɾam.ɯl.man.na.ja]
겁니다 세상에,24,[kʌp̚.ni.ta.se.saŋ.e],[gʌp̚.ni.da.se.saŋ.e]
애들 좀 봐,24,[ɛ.tɯl.tʃom.pwa],[ɛ.dɯl.dʒom.bwa]
내가 뭐랬냐,24,[nɛ.ka.mwʌ.ɾɛt̚.nja],[nɛ.ga.mwʌ.ɾɛt̚.nja]
그럼 어쩌라고요,24,[kɯ.ɾʌm.ʌ.tʃ͈ʌ.ɾa.ko.jo],[gɯ.ɾʌm.ʌ.tʃ͈ʌ.ɾa.go.jo]
이 새끼야 너,24,[i.sɛ.k͈i.ja.nʌ],[i.sɛ.k͈i.ja.nʌ]
일단 네,24,[il.tan.ne],[il.tan.ne]
얘기가 다,24,[jɛ.ki.ka.ta],[jɛ.gi.ga.da]
쓴 편지를,24,[s͈ɯm.pʰjʌn.tʃi.ɾɯl],[s͈ɯm.pʰjʌn.tʃi.ɾɯl]
저기 한,24,[tʃʌ.ki.han],[dʒʌ.gi.han]
사람을 보는,24,[sa.ɾam.ɯl.po.nɯn],[sa.ɾam.ɯl.bo.nɯn]
짐을 좀,24,[tʃim.ɯl.tʃom],[dʒim.ɯl.dʒom]
들어야 하지,24,[tɯl.ʌ.ja.ha.tʃi],[dɯl.ʌ.ja.ha.dʒi]
세 곳,24,[se.kot̚],[se.got̚]
마음으로 젊은 날을,24,[ma.ɯm.ɯ.ɾo.tʃʌm.ɯn.nal.ɯl],[ma.ɯm.ɯ.ɾo.dʒʌm.ɯn.nal.ɯl]
그는 또 다른,24,[kɯ.nɯn.t͈o.ta.ɾɯn],[gɯ.nɯn.t͈o.da.ɾɯn]
위로 들어,24,[wi.ɾo.tɯl.ʌ],[wi.ɾo.dɯl.ʌ]
중 아무 것도,24,[tʃuŋ.a.mu.kʌt̚.to],[dʒuŋ.a.mu.gʌt̚.to]
무슨 소리 안,24,[mu.sɯn.so.ɾi.an],[mu.sɯn.so.ɾi.an]
우리와 함께 할 수,24,[u.ɾi.wa.ham.k͈e.hal.su],[u.ɾi.wa.ham.k͈e.hal.su]
세상에 다,24,[se.saŋ.e.ta],[se.saŋ.e.da]
줄이 너무,24,[tʃul.i.nʌ.mu],[dʒul.i.nʌ.mu]
우리는 뭘,24,[u.ɾi.nɯn.mwʌl],[u.ɾi.nɯn.mwʌl]
얘들아 안녕,24,[jɛ.tɯl.a.an.njʌŋ],[jɛ.dɯl.a.an.njʌŋ]
있어 많이,24,[it̚.ʌ.man.i],[it̚.ʌ.man.i]
저렇게 빨리,24,[tʃʌ.ɾʌt̚.ke.p͈al.ɾi],[dʒʌ.ɾʌt̚.ke.p͈al.ɾi]
돼 그래요,24,[twɛ.kɯ.ɾɛ.jo],[dwɛ.gɯ.ɾɛ.jo]
바꾸고 싶지,24,[pa.k͈u.ko.sip̚.tʃi],[ba.k͈u.go.sip̚.tʃi]
미안하지만 당신은,24,[mi.an.ha.tʃi.man.taŋ.sin.ɯn],[mi.an.ha.dʒi.man.daŋ.sin.ɯn]
같아요 맙소사,24,[kat̚.a.jo.map̚.so.sa],[gat̚.a.jo.map̚.so.sa]
싸울 필요가,24,[s͈a.ul.pʰil.jo.ka],[s͈a.ul.pʰil.jo.ga]
밥은 먹었어,24,[pap̚.ɯn.mʌk̚.ʌt̚.ʌ],[bap̚.ɯn.mʌk̚.ʌt̚.ʌ]
일하러 가야 돼,24,[il.ha.ɾʌ.ka.ja.twɛ],[il.ha.ɾʌ.ga.ja.dwɛ]
오바마 대통령,24,[o.pa.ma.tɛ.tʰoŋ.ɾjʌŋ],[o.ba.ma.dɛ.tʰoŋ.ɾjʌŋ]
일 있었나,24,[il.it̚.ʌt̚.na],[il.it̚.ʌt̚.na]
그 아이에,24,[kɯ.a.i.e],[gɯ.a.i.e]
더 힘들어질 거야,24,[tʌ.hin.tɯl.ʌ.tʃil.kʌ.ja],[dʌ.hin.tɯl.ʌ.dʒil.gʌ.ja]
저 개자식,24,[tʃʌ.kɛ.tʃa.sik̚],[dʒʌ.gɛ.dʒa.sik̚]
그 악마,24,[kɯ.ak̚.ma],[gɯ.ak̚.ma]
안 잡을,24,[an.tʃap̚.ɯl],[an.dʒap̚.ɯl]
말 듣지 마세요,24,[mal.tɯt̚.tʃi.ma.se.jo],[mal.dɯt̚.tʃi.ma.se.jo]
세상에 네가,24,[se.saŋ.e.ne.ka],[se.saŋ.e.ne.ga]
없어야 할 텐데,24,[ʌp̚.ʌ.ja.hal.tʰen.te],[ʌp̚.ʌ.ja.hal.tʰen.te]
어렵지 않았어,24,[ʌ.ɾjʌp̚.tʃi.an.at̚.ʌ],[ʌ.ɾjʌp̚.tʃi.an.at̚.ʌ]
was hoping,24,,
말고 뭔가,24,[mal.ko.mwʌŋ.ka],[mal.ko.mwʌŋ.ka]
같아요 뭐라고,24,[kat̚.a.jo.mwʌ.ɾa.ko],[gat̚.a.jo.mwʌ.ɾa.go]
안 나타났어요,24,[an.na.tʰa.nat̚.ʌ.jo],[an.na.tʰa.nat̚.ʌ.jo]
세상에서 제일 좋아하는,24,[se.saŋ.e.sʌ.tʃe.il.tʃot̚.a.ha.nɯn],[se.saŋ.e.sʌ.dʒe.il.dʒot̚.a.ha.nɯn]
하네 그,24,[ha.ne.kɯ],[ha.ne.gɯ]
가서 일을,24,[ka.sʌ.il.ɯl],[ga.sʌ.il.ɯl]
사람을 찾아요,24,[sa.ɾam.ɯl.tʃʰat̚.a.jo],[sa.ɾam.ɯl.tʃʰat̚.a.jo]
준 대로,24,[tʃun.tɛ.ɾo],[dʒun.dɛ.ɾo]
부분은 내가,24,[pu.pun.ɯn.nɛ.ka],[bu.bun.ɯn.nɛ.ga]
세상이 어떻게 돌아가는지,24,[se.saŋ.i.ʌ.t͈ʌt̚.ke.tol.a.ka.nɯn.tʃi],[se.saŋ.i.ʌ.t͈ʌt̚.ke.dol.a.ga.nɯn.tʃi]
그가 여전히,24,[kɯ.ka.jʌ.tʃʌn.hi],[gɯ.ga.jʌ.dʒʌn.hi]
마음은 이미,24,[ma.ɯm.ɯn.i.mi],[ma.ɯm.ɯn.i.mi]
있어 여길,24,[it̚.ʌ.jʌ.kil],[it̚.ʌ.jʌ.gil]
내 누이,24,[nɛ.nu.i],[nɛ.nu.i]
사람을 해치는,24,[sa.ɾam.ɯl.hɛ.tʃʰi.nɯn],[sa.ɾam.ɯl.hɛ.tʃʰi.nɯn]
쓸 수 있도록,24,[s͈ɯl.su.it̚.to.ɾok̚],[s͈ɯl.su.it̚.to.ɾok̚]
너는 나와,24,[nʌ.nɯn.na.wa],[nʌ.nɯn.na.wa]
일곱 명의,24,[il.kop̚.mjʌŋ.ɯi],[il.kop̚.mjʌŋ.ɯi]
내가 원하는 것,24,[nɛ.ka.wʌn.ha.nɯŋ.kʌt̚],[nɛ.ga.wʌn.ha.nɯn.gʌt̚]
들어오지 마세요,24,[tɯl.ʌ.o.tʃi.ma.se.jo],[dɯl.ʌ.o.dʒi.ma.se.jo]
시킬 순,24,[si.kʰil.sun],[si.kʰil.sun]
네가 말할래,24,[ne.ka.mal.hal.ɾɛ],[ne.ga.mal.hal.ɾɛ]
섹스를 못,24,[sek̚.sɯ.ɾɯl.mot̚],[sek̚.sɯ.ɾɯl.mot̚]
난 고통을,24,[naŋ.ko.tʰoŋ.ɯl],[nan.go.tʰoŋ.ɯl]
없어 진짜야,24,[ʌp̚.ʌ.tʃin.tʃ͈a.ja],[ʌp̚.ʌ.dʒin.tʃ͈a.ja]
가슴이 아프고 목이,24,[ka.sɯm.i.a.pʰɯ.ko.mok̚.i],[ga.sɯm.i.a.pʰɯ.go.mok̚.i]
있어 이해가 안,24,[it̚.ʌ.i.hɛ.ka.an],[it̚.ʌ.i.hɛ.ga.an]
아주 맛있는,24,[a.tʃu.mat̚.it̚.nɯn],[a.dʒu.mat̚.it̚.nɯn]
너는 더 이상,24,[nʌ.nɯn.tʌ.i.saŋ],[nʌ.nɯn.dʌ.i.saŋ]
무엇과도 바꿀 수 없게,24,[mu.ʌt̚.kwa.to.pa.k͈ul.su.ʌp̚.ke],[mu.ʌt̚.kwa.do.ba.k͈ul.su.ʌp̚.ke]
없어 참,24,[ʌp̚.ʌ.tʃʰam],[ʌp̚.ʌ.tʃʰam]
짓을 저질렀어,24,[tʃit̚.ɯl.tʃʌ.tʃil.ɾʌt̚.ʌ],[dʒit̚.ɯl.dʒʌ.dʒil.ɾʌt̚.ʌ]
하나 드려도,24,[ha.na.tɯ.ɾjʌ.to],[ha.na.dɯ.ɾjʌ.do]
안 남을,24,[an.nam.ɯl],[an.nam.ɯl]
안 그러길,24,[aŋ.kɯ.ɾʌ.kil],[an.gɯ.ɾʌ.gil]
하나 드리죠,24,[ha.na.tɯ.ɾi.tʃjo],[ha.na.dɯ.ɾi.dʒjo]
않았으면 합니다,24,[an.at̚.ɯ.mjʌn.hap̚.ni.ta],[an.at̚.ɯ.mjʌn.hap̚.ni.da]
있어 천천히,24,[it̚.ʌ.tʃʰʌn.tʃʰʌn.hi],[it̚.ʌ.tʃʰʌn.tʃʰʌn.hi]
거라고 말하는,24,[kʌ.ɾa.ko.mal.ha.nɯn],[gʌ.ɾa.go.mal.ha.nɯn]
길 건너편,24,[kil.kʌn.nʌ.pʰjʌn],[gil.gʌn.nʌ.pʰjʌn]
간 사람은,24,[kan.sa.ɾam.ɯn],[gan.sa.ɾam.ɯn]
사람이 대체,24,[sa.ɾam.i.tɛ.tʃʰe],[sa.ɾam.i.dɛ.tʃʰe]
휠체어 작동음,24,[hwil.tʃʰe.ʌ.tʃak̚.toŋ.ɯm],[hwil.tʃʰe.ʌ.dʒak̚.toŋ.ɯm]
당신 아들에게,24,[taŋ.sin.a.tɯl.e.ke],[daŋ.sin.a.dɯl.e.ge]
잘할 수 있을 거야,24,[tʃal.hal.su.it̚.ɯl.kʌ.ja],[dʒal.hal.su.it̚.ɯl.gʌ.ja]
사람이 될 수도,24,[sa.ɾam.i.twel.su.to],[sa.ɾam.i.dwel.su.do]
that has,24,,
국가 대표,24,[kuk̚.ka.tɛ.pʰjo],[guk̚.ka.dɛ.pʰjo]
일해야 할,24,[il.hɛ.ja.hal],[il.hɛ.ja.hal]
죽고 싶다고,24,[tʃuk̚.ko.sip̚.ta.ko],[dʒuk̚.ko.sip̚.ta.go]
계산에 의하면,24,[kje.san.e.ɯi.ha.mjʌn],[gje.san.e.ɯi.ha.mjʌn]
모든 인류의,24,[mo.tɯn.il.lju.ɯi],[mo.dɯn.il.lju.ɯi]
저기 있었는데,24,[tʃʌ.ki.it̚.ʌt̚.nɯn.te],[dʒʌ.gi.it̚.ʌt̚.nɯn.te]
소식을 들을,24,[so.sik̚.ɯl.tɯl.ɯl],[so.sik̚.ɯl.dɯl.ɯl]
쓸모가 없다,24,[s͈ɯl.mo.ka.ʌp̚.ta],[s͈ɯl.mo.ga.ʌp̚.ta]
안 내요,24,[an.nɛ.jo],[an.nɛ.jo]
느낄 겁니다,24,[nɯ.k͈il.kʌp̚.ni.ta],[nɯ.k͈il.gʌp̚.ni.da]
찾았어 지금,24,[tʃʰat̚.at̚.ʌ.tʃi.kɯm],[tʃʰat̚.at̚.ʌ.dʒi.gɯm]
속눈썹과 무심함까지도 너의,24,[sok̚.nun.s͈ʌp̚.kwa.mu.sim.ham.k͈a.tʃi.to.nʌ.ɯi],[sok̚.nun.s͈ʌp̚.kwa.mu.sim.ham.k͈a.dʒi.do.nʌ.ɯi]
않은 사람들은,24,[an.ɯn.sa.ɾan.tɯl.ɯn],[an.ɯn.sa.ɾan.tɯl.ɯn]
갈게 나,24,[kal.ke.na],[gal.ke.na]
어디까지 알고,24,[ʌ.ti.k͈a.tʃi.al.ko],[ʌ.di.k͈a.dʒi.al.ko]
일행의 놀란 신음,24,[il.hɛŋ.ɯi.nol.ɾan.sin.ɯm],[il.hɛŋ.ɯi.nol.ɾan.sin.ɯm]
파티 전에,24,[pʰa.tʰi.tʃʌn.e],[pʰa.tʰi.dʒʌn.e]
먼저 말해요,24,[mʌn.tʃʌ.mal.hɛ.jo],[mʌn.tʃʌ.mal.hɛ.jo]
말하란 말이야,24,[mal.ha.ɾan.mal.i.ja],[mal.ha.ɾan.mal.i.ja]
있는 사람 중,24,[it̚.nɯn.sa.ɾan.tʃuŋ],[it̚.nɯn.sa.ɾam.dʒuŋ]
닥터 양,24,[tak̚.tʰʌ.jaŋ],[dak̚.tʰʌ.jaŋ]
못 견뎌요,24,[mot̚.kjʌn.tjʌ.jo],[mot̚.gjʌn.tjʌ.jo]
압박에 신경 쓰지,24,[ap̚.pak̚.e.siŋ.kjʌŋ.s͈ɯ.tʃi],[ap̚.pak̚.e.siŋ.kjʌŋ.s͈ɯ.dʒi]
가 너무,24,[ka.nʌ.mu],[ga.nʌ.mu]
있어요 매일,24,[it̚.ʌ.jo.mɛ.il],[it̚.ʌ.jo.mɛ.il]
야 무슨,24,[ja.mu.sɯn],[ja.mu.sɯn]
같지 않았다,24,[kat̚.tʃi.an.at̚.ta],[gat̚.tʃi.an.at̚.ta]
줬어 그래서,24,[tʃwʌt̚.ʌ.kɯ.ɾɛ.sʌ],[dʒwʌt̚.ʌ.gɯ.ɾɛ.sʌ]
한 세기,24,[han.se.ki],[han.se.gi]
그게 내가 여기 온,24,[kɯ.ke.nɛ.ka.jʌ.ki.on],[gɯ.ge.nɛ.ga.jʌ.gi.on]
국민 여러분께,24,[kuk̚.min.jʌ.ɾʌ.puŋ.k͈e],[guk̚.min.jʌ.ɾʌ.buŋ.k͈e]
일이에요 난,24,[il.i.e.jo.nan],[il.i.e.jo.nan]
절대 허락,24,[tʃʌl.tɛ.hʌ.ɾak̚],[dʒʌl.tɛ.hʌ.ɾak̚]
고통스럽고 숨 조차,24,[ko.tʰoŋ.sɯ.ɾʌp̚.ko.sun.tʃo.tʃʰa],[go.tʰoŋ.sɯ.ɾʌp̚.ko.sum.dʒo.tʃʰa]
있어요 어느,24,[it̚.ʌ.jo.ʌ.nɯ],[it̚.ʌ.jo.ʌ.nɯ]
전에 너무,24,[tʃʌn.e.nʌ.mu],[dʒʌn.e.nʌ.mu]
가까운 사람들을,24,[ka.k͈a.un.sa.ɾan.tɯl.ɯl],[ga.k͈a.un.sa.ɾan.tɯl.ɯl]
갤러리 자막 공대언니,24,[kɛl.ɾʌ.ɾi.tʃa.mak̚.koŋ.tɛ.ʌn.ni],[gɛl.ɾʌ.ɾi.dʒa.mak̚.goŋ.dɛ.ʌn.ni]
있어요 어서요,24,[it̚.ʌ.jo.ʌ.sʌ.jo],[it̚.ʌ.jo.ʌ.sʌ.jo]
어쩐 일인가,24,[ʌ.tʃ͈ʌn.il.iŋ.ka],[ʌ.tʃ͈ʌn.il.iŋ.ka]
없어야 해요,24,[ʌp̚.ʌ.ja.hɛ.jo],[ʌp̚.ʌ.ja.hɛ.jo]
지킬 테니,24,[tʃi.kʰil.tʰe.ni],[dʒi.kʰil.tʰe.ni]
이런 그래,24,[i.ɾʌŋ.kɯ.ɾɛ],[i.ɾʌn.gɯ.ɾɛ]
비행 금지,24,[pi.hɛŋ.kɯn.tʃi],[bi.hɛŋ.gɯn.tʃi]
손을 잡았어,24,[son.ɯl.tʃap̚.at̚.ʌ],[son.ɯl.dʒap̚.at̚.ʌ]
느낌 없어요,24,[nɯ.k͈im.ʌp̚.ʌ.jo],[nɯ.k͈im.ʌp̚.ʌ.jo]
갖다 줄까요,24,[kat̚.ta.tʃul.k͈a.jo],[gat̚.ta.dʒul.k͈a.jo]
따질 수,24,[t͈a.tʃil.su],[t͈a.dʒil.su]
관심이 없다고,24,[kwan.sim.i.ʌp̚.ta.ko],[gwan.sim.i.ʌp̚.ta.go]
우리의 다른,24,[u.ɾi.ɯi.ta.ɾɯn],[u.ɾi.ɯi.da.ɾɯn]
저리 꺼져요,24,[tʃʌ.ɾi.k͈ʌ.tʃjʌ.jo],[dʒʌ.ɾi.k͈ʌ.dʒjʌ.jo]
대해 말 안,24,[tɛ.hɛ.mal.an],[dɛ.hɛ.mal.an]
술을 한,24,[sul.ɯl.han],[sul.ɯl.han]
맡겨 주십시오,24,[mat̚.kjʌ.tʃu.sip̚.si.o],[mat̚.kjʌ.dʒu.sip̚.si.o]
나갈 준비가,24,[na.kal.tʃum.pi.ka],[na.gal.dʒum.pi.ga]
이렇게 살아야,24,[i.ɾʌt̚.ke.sal.a.ja],[i.ɾʌt̚.ke.sal.a.ja]
위치를 파악할 수,24,[wi.tʃʰi.ɾɯl.pʰa.ak̚.hal.su],[wi.tʃʰi.ɾɯl.pʰa.ak̚.hal.su]
잘 한다고,24,[tʃal.han.ta.ko],[dʒal.han.ta.go]
내가 지켜 줄게,24,[nɛ.ka.tʃi.kʰjʌ.tʃul.ke],[nɛ.ga.dʒi.kʰjʌ.dʒul.ke]
관심이 없습니다,24,[kwan.sim.i.ʌp̚.sɯp̚.ni.ta],[gwan.sim.i.ʌp̚.sɯp̚.ni.da]
안 죽었지,24,[an.tʃuk̚.ʌt̚.tʃi],[an.dʒuk̚.ʌt̚.tʃi]
계속 얘기하고,24,[kje.sok̚.jɛ.ki.ha.ko],[gje.sok̚.jɛ.gi.ha.go]
씨 맞으시죠,24,[s͈i.mat̚.ɯ.si.tʃjo],[s͈i.mat̚.ɯ.si.dʒjo]
저리로 가,24,[tʃʌ.ɾi.ɾo.ka],[dʒʌ.ɾi.ɾo.ga]
계획이 있습니다,24,[kje.hwek̚.i.it̚.sɯp̚.ni.ta],[gje.hwek̚.i.it̚.sɯp̚.ni.da]
다시는 안 그럴게요,24,[ta.si.nɯn.aŋ.kɯ.ɾʌl.ke.jo],[da.si.nɯn.an.gɯ.ɾʌl.ke.jo]
그가 유일한,24,[kɯ.ka.ju.il.han],[gɯ.ga.ju.il.han]
기분이 어떻겠어,24,[ki.pun.i.ʌ.t͈ʌt̚.ket̚.ʌ],[gi.bun.i.ʌ.t͈ʌt̚.ket̚.ʌ]
문 열면,24,[mun.jʌl.mjʌn],[mun.jʌl.mjʌn]
알 것 같네,24,[al.kʌt̚.kat̚.ne],[al.gʌt̚.gat̚.ne]
계속할 겁니다,24,[kje.sok̚.hal.kʌp̚.ni.ta],[gje.sok̚.hal.gʌp̚.ni.da]
수 없어 나,24,[su.ʌp̚.ʌ.na],[su.ʌp̚.ʌ.na]
이쪽 좀,24,[i.tʃ͈ok̚.tʃom],[i.tʃ͈ok̚.dʒom]
a more,24,,
수 없어 좋아,24,[su.ʌp̚.ʌ.tʃot̚.a],[su.ʌp̚.ʌ.dʒot̚.a]
있었는데 이젠,24,[it̚.ʌt̚.nɯn.te.i.tʃen],[it̚.ʌt̚.nɯn.te.i.dʒen]
위치를 찾을 수,24,[wi.tʃʰi.ɾɯl.tʃʰat̚.ɯl.su],[wi.tʃʰi.ɾɯl.tʃʰat̚.ɯl.su]
제가 알려,24,[tʃe.ka.al.ɾjʌ],[dʒe.ga.al.ɾjʌ]
않은 줄,24,[an.ɯn.tʃul],[an.ɯn.dʒul]
저만 그런,24,[tʃʌ.maŋ.kɯ.ɾʌn],[dʒʌ.man.gɯ.ɾʌn]
관심 없죠,24,[kwan.sim.ʌp̚.tʃjo],[gwan.sim.ʌp̚.tʃjo]
좀 힘드네요,24,[tʃom.hin.tɯ.ne.jo],[dʒom.hin.tɯ.ne.jo]
씨 방금,24,[s͈i.paŋ.kɯm],[s͈i.baŋ.gɯm]
네가 맡은,24,[ne.ka.mat̚.ɯn],[ne.ga.mat̚.ɯn]
꽤 좋아요,24,[k͈wɛ.tʃot̚.a.jo],[k͈wɛ.dʒot̚.a.jo]
있었다 모든,24,[it̚.ʌt̚.ta.mo.tɯn],[it̚.ʌt̚.ta.mo.dɯn]
가서 확인해봐,24,[ka.sʌ.hwak̚.in.hɛ.pwa],[ga.sʌ.hwak̚.in.hɛ.bwa]
수 있게 해줄,24,[su.it̚.ke.hɛ.tʃul],[su.it̚.ke.hɛ.dʒul]
찾을 필요,24,[tʃʰat̚.ɯl.pʰil.jo],[tʃʰat̚.ɯl.pʰil.jo]
나의 천사,24,[na.ɯi.tʃʰʌn.sa],[na.ɯi.tʃʰʌn.sa]
뭔지 알아낼,24,[mwʌn.tʃi.al.a.nɛl],[mwʌn.tʃi.al.a.nɛl]
뭐할 거야,24,[mwʌ.hal.kʌ.ja],[mwʌ.hal.gʌ.ja]
학교에서 뭘,24,[hak̚.kjo.e.sʌ.mwʌl],[hak̚.kjo.e.sʌ.mwʌl]
혼자 다니는,24,[hon.tʃa.ta.ni.nɯn],[hon.tʃa.da.ni.nɯn]
말도 안 한,24,[mal.to.an.han],[mal.to.an.han]
일만 남았어,24,[il.man.nam.at̚.ʌ],[il.man.nam.at̚.ʌ]
갖고 있거든요,24,[kat̚.ko.it̚.kʌ.tɯn.jo],[gat̚.ko.it̚.kʌ.dɯn.jo]
사람처럼 보여,24,[sa.ɾan.tʃʰʌ.ɾʌm.po.jʌ],[sa.ɾan.tʃʰʌ.ɾʌm.bo.jʌ]
the same to me,24,,
괜찮아 여긴,24,[kwɛn.tʃʰan.a.jʌ.kin],[gwɛn.tʃʰan.a.jʌ.gin]
잃었을 때 가슴이 아픈지,24,[il.ʌt̚.ɯl.t͈ɛ.ka.sɯm.i.a.pʰɯn.tʃi],[il.ʌt̚.ɯl.t͈ɛ.ga.sɯm.i.a.pʰɯn.tʃi]
네가 시키는,24,[ne.ka.si.kʰi.nɯn],[ne.ga.si.kʰi.nɯn]
이런 여기,24,[i.ɾʌn.jʌ.ki],[i.ɾʌn.jʌ.gi]
있었어 안,24,[it̚.ʌt̚.ʌ.an],[it̚.ʌt̚.ʌ.an]
부끄러운 일이,24,[pu.k͈ɯ.ɾʌ.un.il.i],[bu.k͈ɯ.ɾʌ.un.il.i]
네가 알았으면 좋겠어,24,[ne.ka.al.at̚.ɯ.mjʌn.tʃot̚.ket̚.ʌ],[ne.ga.al.at̚.ɯ.mjʌn.dʒot̚.ket̚.ʌ]
말라고 다정하게 말하지 괜찮다며,24,[mal.ɾa.ko.ta.tʃʌŋ.ha.ke.mal.ha.tʃi.kwɛn.tʃʰan.ta.mjʌ],[mal.ɾa.go.da.dʒʌŋ.ha.ge.mal.ha.dʒi.gwɛn.tʃʰan.ta.mjʌ]
준비는 잘,24,[tʃum.pi.nɯn.tʃal],[dʒum.pi.nɯn.dʒal]
다들 모여서,24,[ta.tɯl.mo.jʌ.sʌ],[da.dɯl.mo.jʌ.sʌ]
알겠는데 난,24,[al.ket̚.nɯn.te.nan],[al.ket̚.nɯn.te.nan]
위한 유일한,24,[wi.han.ju.il.han],[wi.han.ju.il.han]
아무것도 모르고 있어,24,[a.mu.kʌt̚.to.mo.ɾɯ.ko.it̚.ʌ],[a.mu.gʌt̚.to.mo.ɾɯ.go.it̚.ʌ]
준비돼 있어,24,[tʃum.pi.twɛ.it̚.ʌ],[dʒum.pi.dwɛ.it̚.ʌ]
point of,24,,
집에 오라고,24,[tʃip̚.e.o.ɾa.ko],[dʒip̚.e.o.ɾa.go]
Coal Hill,24,,
걱정돼서 온,24,[kʌk̚.tʃʌŋ.twɛ.sʌ.on],[gʌk̚.tʃʌŋ.dwɛ.sʌ.on]
하지 말아주세요,24,[ha.tʃi.mal.a.tʃu.se.jo],[ha.dʒi.mal.a.dʒu.se.jo]
무슨 얘긴데,24,[mu.sɯn.jɛ.kin.te],[mu.sɯn.jɛ.gin.te]
것 같은데요 내가,24,[kʌt̚.kat̚.ɯn.te.jo.nɛ.ka],[gʌt̚.gat̚.ɯn.te.jo.nɛ.ga]
있었죠 그게,24,[it̚.ʌt̚.tʃjo.kɯ.ke],[it̚.ʌt̚.tʃjo.gɯ.ge]
남았 어,24,[nam.at̚.ʌ],[nam.at̚.ʌ]
있을 줄 알고,24,[it̚.ɯl.tʃul.al.ko],[it̚.ɯl.dʒul.al.ko]
있었지 근데,24,[it̚.ʌt̚.tʃi.kɯn.te],[it̚.ʌt̚.tʃi.gɯn.te]
꽤나 큰,24,[k͈wɛ.na.kʰɯn],[k͈wɛ.na.kʰɯn]
볼일 없는,24,[pol.il.ʌp̚.nɯn],[bol.il.ʌp̚.nɯn]
nothing in,24,,
스타일이 아니에요,24,[sɯ.tʰa.il.i.a.ni.e.jo],[sɯ.tʰa.il.i.a.ni.e.jo]
함께 했다,24,[ham.k͈e.hɛt̚.ta],[ham.k͈e.hɛt̚.ta]
그렇게 말하지 않았어,24,[kɯ.ɾʌt̚.ke.mal.ha.tʃi.an.at̚.ʌ],[gɯ.ɾʌt̚.ke.mal.ha.dʒi.an.at̚.ʌ]
화장실 안,24,[hwa.tʃaŋ.sil.an],[hwa.dʒaŋ.sil.an]
그 파티에서,24,[kɯ.pʰa.tʰi.e.sʌ],[gɯ.pʰa.tʰi.e.sʌ]
잃는 것은,24,[il.lɯŋ.kʌt̚.ɯn],[il.lɯn.gʌt̚.ɯn]
낫지 않나요,24,[nat̚.tʃi.an.na.jo],[nat̚.tʃi.an.na.jo]
고마워 어서,24,[ko.ma.wʌ.ʌ.sʌ],[go.ma.wʌ.ʌ.sʌ]
네가 착한,24,[ne.ka.tʃʰak̚.han],[ne.ga.tʃʰak̚.han]
비록 무엇이,24,[pi.ɾok̚.mu.ʌt̚.i],[bi.ɾok̚.mu.ʌt̚.i]
될지도 모르죠,24,[twel.tʃi.to.mo.ɾɯ.tʃjo],[dwel.tʃi.do.mo.ɾɯ.dʒjo]
이 얘기는 나중에,24,[i.jɛ.ki.nɯn.na.tʃuŋ.e],[i.jɛ.gi.nɯn.na.dʒuŋ.e]
거면 차라리,24,[kʌ.mjʌn.tʃʰa.ɾa.ɾi],[gʌ.mjʌn.tʃʰa.ɾa.ɾi]
있긴 있어요,24,[it̚.kin.it̚.ʌ.jo],[it̚.kin.it̚.ʌ.jo]
없다 알았다,24,[ʌp̚.ta.al.at̚.ta],[ʌp̚.ta.al.at̚.ta]
사랑이나 꿈 같은 건,24,[sa.ɾaŋ.i.na.k͈um.kat̚.ɯŋ.kʌn],[sa.ɾaŋ.i.na.k͈um.gat̚.ɯn.gʌn]
사랑이나 꿈,24,[sa.ɾaŋ.i.na.k͈um],[sa.ɾaŋ.i.na.k͈um]
하는게 아니라,24,[ha.nɯŋ.ke.a.ni.ɾa],[ha.nɯŋ.ke.a.ni.ɾa]
너랑 이,24,[nʌ.ɾaŋ.i],[nʌ.ɾaŋ.i]
내가 계획을,24,[nɛ.ka.kje.hwek̚.ɯl],[nɛ.ga.gje.hwek̚.ɯl]
은 어때,24,[ɯn.ʌ.t͈ɛ],[ɯn.ʌ.t͈ɛ]
위해 그들의,24,[wi.hɛ.kɯ.tɯl.ɯi],[wi.hɛ.gɯ.dɯl.ɯi]
짜고 치는,24,[tʃ͈a.ko.tʃʰi.nɯn],[tʃ͈a.go.tʃʰi.nɯn]
알고 싶어한다,24,[al.ko.sip̚.ʌ.han.ta],[al.ko.sip̚.ʌ.han.ta]
당신보다 먼저,24,[taŋ.sim.po.ta.mʌn.tʃʌ],[daŋ.sim.po.da.mʌn.tʃʌ]
있으면 연락 주세요,24,[it̚.ɯ.mjʌn.jʌl.lak̚.tʃu.se.jo],[it̚.ɯ.mjʌn.jʌl.lak̚.dʒu.se.jo]
혼자 모든,24,[hon.tʃa.mo.tɯn],[hon.tʃa.mo.dɯn]
너랑 하고,24,[nʌ.ɾaŋ.ha.ko],[nʌ.ɾaŋ.ha.go]
우리 집에서는,24,[u.ɾi.tʃip̚.e.sʌ.nɯn],[u.ɾi.dʒip̚.e.sʌ.nɯn]
병에 걸렸어요,24,[pjʌŋ.e.kʌl.ɾjʌt̚.ʌ.jo],[bjʌŋ.e.gʌl.ɾjʌt̚.ʌ.jo]
you to the,24,,
만난 사람 중에,24,[man.nan.sa.ɾan.tʃuŋ.e],[man.nan.sa.ɾam.dʒuŋ.e]
그가 가지고 있는,24,[kɯ.ka.ka.tʃi.ko.it̚.nɯn],[gɯ.ga.ga.dʒi.go.it̚.nɯn]
준비를 하라고,24,[tʃum.pi.ɾɯl.ha.ɾa.ko],[dʒum.pi.ɾɯl.ha.ɾa.go]
않았다는 걸 말이야,24,[an.at̚.ta.nɯŋ.kʌl.mal.i.ja],[an.at̚.ta.nɯn.gʌl.mal.i.ja]
저야 영광이죠,24,[tʃʌ.ja.jʌŋ.kwaŋ.i.tʃjo],[dʒʌ.ja.jʌŋ.gwaŋ.i.dʒjo]
준비를 하세요,24,[tʃum.pi.ɾɯl.ha.se.jo],[dʒum.pi.ɾɯl.ha.se.jo]
넷 다섯 여섯,24,[net̚.ta.sʌt̚.jʌ.sʌt̚],[net̚.da.sʌt̚.jʌ.sʌt̚]
안 돼 내 말,24,[an.twɛ.nɛ.mal],[an.dwɛ.nɛ.mal]
뭐야 저거,24,[mwʌ.ja.tʃʌ.kʌ],[mwʌ.ja.dʒʌ.gʌ]
know just,24,,
여기 있냐고,24,[jʌ.ki.it̚.nja.ko],[jʌ.gi.it̚.nja.go]
이게 어떻게 돌아가는지,24,[i.ke.ʌ.t͈ʌt̚.ke.tol.a.ka.nɯn.tʃi],[i.ge.ʌ.t͈ʌt̚.ke.dol.a.ga.nɯn.tʃi]
화장실 좀 써도 될까요,24,[hwa.tʃaŋ.sil.tʃom.s͈ʌ.to.twel.k͈a.jo],[hwa.dʒaŋ.sil.dʒom.s͈ʌ.do.dwel.k͈a.jo]
아빠 일은,24,[a.p͈a.il.ɯn],[a.p͈a.il.ɯn]
he likes,24,,
수술 끝나고,24,[su.sul.k͈ɯt̚.na.ko],[su.sul.k͈ɯt̚.na.go]
수술 전,24,[su.sul.tʃʌn],[su.sul.dʒʌn]
수 없어 누가,24,[su.ʌp̚.ʌ.nu.ka],[su.ʌp̚.ʌ.nu.ga]
알고 있어 그리고,24,[al.ko.it̚.ʌ.kɯ.ɾi.ko],[al.ko.it̚.ʌ.gɯ.ɾi.go]
수십 년 전에,24,[su.sip̚.njʌn.tʃʌn.e],[su.sip̚.njʌn.dʒʌn.e]
얘기 좀 나눌 수,24,[jɛ.ki.tʃom.na.nul.su],[jɛ.gi.dʒom.na.nul.su]
알고 있어야지,24,[al.ko.it̚.ʌ.ja.tʃi],[al.ko.it̚.ʌ.ja.dʒi]
위해 너의,24,[wi.hɛ.nʌ.ɯi],[wi.hɛ.nʌ.ɯi]
was only,24,,
년 겨울,24,[njʌŋ.kjʌ.ul],[njʌn.gjʌ.ul]
카오스 식스,24,[kʰa.o.sɯ.sik̚.sɯ],[kʰa.o.sɯ.sik̚.sɯ]
말아요 무슨,24,[mal.a.jo.mu.sɯn],[mal.a.jo.mu.sɯn]
당신에게 준,24,[taŋ.sin.e.ke.tʃun],[daŋ.sin.e.ge.dʒun]
말 말이야,24,[mal.mal.i.ja],[mal.mal.i.ja]
곧 볼,24,[kot̚.pol],[got̚.bol]
고마워 사실,24,[ko.ma.wʌ.sa.sil],[go.ma.wʌ.sa.sil]
알고 있지요,24,[al.ko.it̚.tʃi.jo],[al.ko.it̚.tʃi.jo]
있을 순 없잖아,24,[it̚.ɯl.sun.ʌp̚.tʃan.a],[it̚.ɯl.sun.ʌp̚.tʃan.a]
임신한 것,24,[im.sin.haŋ.kʌt̚],[im.sin.han.gʌt̚]
가져간 건,24,[ka.tʃjʌ.kaŋ.kʌn],[ga.dʒjʌ.gan.gʌn]
너 죽고,24,[nʌ.tʃuk̚.ko],[nʌ.dʒuk̚.ko]
너도 알고 있었어,24,[nʌ.to.al.ko.it̚.ʌt̚.ʌ],[nʌ.do.al.ko.it̚.ʌt̚.ʌ]
거보다 훨씬,24,[kʌ.po.ta.hwʌl.s͈in],[gʌ.bo.da.hwʌl.s͈in]
멀리 떠날,24,[mʌl.ɾi.t͈ʌ.nal],[mʌl.ɾi.t͈ʌ.nal]
넋이 나간,24,[nʌk̚.i.na.kan],[nʌk̚.i.na.gan]
그가 뭔가,24,[kɯ.ka.mwʌŋ.ka],[gɯ.ga.mwʌŋ.ka]
싶어 당신,24,[sip̚.ʌ.taŋ.sin],[sip̚.ʌ.daŋ.sin]
I also,24,,
너도 알다시피 난,24,[nʌ.to.al.ta.si.pʰi.nan],[nʌ.do.al.ta.si.pʰi.nan]
day to,24,,
순 없어요 그건,24,[sun.ʌp̚.ʌ.jo.kɯ.kʌn],[sun.ʌp̚.ʌ.jo.gɯ.gʌn]
the year,24,,
년 정도는,24,[njʌn.tʃʌŋ.to.nɯn],[njʌn.dʒʌŋ.do.nɯn]
너를 볼 수,24,[nʌ.ɾɯl.pol.su],[nʌ.ɾɯl.bol.su]
계획이 있으니까,24,[kje.hwek̚.i.it̚.ɯ.ni.k͈a],[gje.hwek̚.i.it̚.ɯ.ni.k͈a]
짝사랑은 고문이지만 희망을,24,[tʃ͈ak̚.sa.ɾaŋ.ɯŋ.ko.mun.i.tʃi.man.hɯi.maŋ.ɯl],[tʃ͈ak̚.sa.ɾaŋ.ɯn.go.mun.i.dʒi.man.hɯi.maŋ.ɯl]
수갑 차고,24,[su.kap̚.tʃʰa.ko],[su.gap̚.tʃʰa.go]
있을까 의심과 압박에 신경,24,[it̚.ɯl.k͈a.ɯi.sim.kwa.ap̚.pak̚.e.siŋ.kjʌŋ],[it̚.ɯl.k͈a.ɯi.sim.kwa.ap̚.pak̚.e.siŋ.kjʌŋ]
년간 함께,24,[njʌŋ.kan.ham.k͈e],[njʌŋ.kan.ham.k͈e]
한다고 그래,24,[han.ta.ko.kɯ.ɾɛ],[han.ta.go.gɯ.ɾɛ]
없어요 그렇다면,24,[ʌp̚.ʌ.jo.kɯ.ɾʌt̚.ta.mjʌn],[ʌp̚.ʌ.jo.gɯ.ɾʌt̚.ta.mjʌn]
그가 어딨는지,24,[kɯ.ka.ʌ.tit̚.nɯn.tʃi],[gɯ.ga.ʌ.dit̚.nɯn.tʃi]
보내는 중,24,[po.nɛ.nɯn.tʃuŋ],[bo.nɛ.nɯn.dʒuŋ]
그 정도까진,24,[kɯ.tʃʌŋ.to.k͈a.tʃin],[gɯ.dʒʌŋ.do.k͈a.dʒin]
알았어 그만,24,[al.at̚.ʌ.kɯ.man],[al.at̚.ʌ.gɯ.man]
행복하지 않을,24,[hɛm.pok̚.ha.tʃi.an.ɯl],[hɛŋ.bok̚.ha.dʒi.an.ɯl]
괜찮아요 괜찮을,24,[kwɛn.tʃʰan.a.jo.kwɛn.tʃʰan.ɯl],[gwɛn.tʃʰan.a.jo.gwɛn.tʃʰan.ɯl]
마음이 하는 말을,24,[ma.ɯm.i.ha.nɯn.mal.ɯl],[ma.ɯm.i.ha.nɯn.mal.ɯl]
위해 몸을,24,[wi.hɛ.mom.ɯl],[wi.hɛ.mom.ɯl]
머리에 똥만,24,[mʌ.ɾi.e.t͈oŋ.man],[mʌ.ɾi.e.t͈oŋ.man]
있잖아요 제,24,[it̚.tʃan.a.jo.tʃe],[it̚.tʃan.a.jo.dʒe]
숨 조차 쉴 수,24,[sun.tʃo.tʃʰa.swil.su],[sum.dʒo.tʃʰa.swil.su]
만나서 얘기하자,24,[man.na.sʌ.jɛ.ki.ha.tʃa],[man.na.sʌ.jɛ.gi.ha.dʒa]
세상에서 제일 좋은,24,[se.saŋ.e.sʌ.tʃe.il.tʃot̚.ɯn],[se.saŋ.e.sʌ.dʒe.il.dʒot̚.ɯn]
발견된 게,24,[pal.kjʌn.tweŋ.ke],[bal.kjʌn.twen.ge]
그녀의 전,24,[kɯ.njʌ.ɯi.tʃʌn],[gɯ.njʌ.ɯi.dʒʌn]
어느 틈에,24,[ʌ.nɯ.tʰɯm.e],[ʌ.nɯ.tʰɯm.e]
양쪽 엔진 추진력을,24,[jaŋ.tʃ͈ok̚.en.tʃin.tʃʰu.tʃil.ljʌk̚.ɯl],[jaŋ.tʃ͈ok̚.en.tʃin.tʃʰu.dʒil.ljʌk̚.ɯl]
숨긴 것,24,[sum.kiŋ.kʌt̚],[sum.kin.gʌt̚]
안 하면 안 돼요,24,[an.ha.mjʌn.an.twɛ.jo],[an.ha.mjʌn.an.dwɛ.jo]
고칠 수 없어,24,[ko.tʃʰil.su.ʌp̚.ʌ],[go.tʃʰil.su.ʌp̚.ʌ]
어떻게 하기로,24,[ʌ.t͈ʌt̚.ke.ha.ki.ɾo],[ʌ.t͈ʌt̚.ke.ha.gi.ɾo]
the rest of the,24,,
Wow woh,24,,
오해하고 있는,24,[o.hɛ.ha.ko.it̚.nɯn],[o.hɛ.ha.go.it̚.nɯn]
한다고 할,24,[han.ta.ko.hal],[han.ta.go.hal]
잘 받아들이지,24,[tʃal.pat̚.a.tɯl.i.tʃi],[dʒal.bat̚.a.dɯl.i.dʒi]
있죠 아주,24,[it̚.tʃjo.a.tʃu],[it̚.tʃjo.a.dʒu]
제인 오스틴,24,[tʃe.in.o.sɯ.tʰin],[dʒe.in.o.sɯ.tʰin]
향해 손을,24,[hjaŋ.hɛ.son.ɯl],[hjaŋ.hɛ.son.ɯl]
만날 수 있지,24,[man.nal.su.it̚.tʃi],[man.nal.su.it̚.tʃi]
사람이죠 하지만,24,[sa.ɾam.i.tʃjo.ha.tʃi.man],[sa.ɾam.i.dʒjo.ha.dʒi.man]
거겠지 난,24,[kʌ.ket̚.tʃi.nan],[gʌ.get̚.tʃi.nan]
I walk,24,,
말 없으면,24,[mal.ʌp̚.ɯ.mjʌn],[mal.ʌp̚.ɯ.mjʌn]
안 하셨으면,24,[an.ha.sjʌt̚.ɯ.mjʌn],[an.ha.sjʌt̚.ɯ.mjʌn]
부모님 집에서,24,[pu.mo.nin.tʃip̚.e.sʌ],[bu.mo.nim.dʒip̚.e.sʌ]
만날 수 있다면,24,[man.nal.su.it̚.ta.mjʌn],[man.nal.su.it̚.ta.mjʌn]
쉬운 길을,24,[swi.uŋ.kil.ɯl],[swi.un.gil.ɯl]
사망 원인이,24,[sa.maŋ.wʌn.in.i],[sa.maŋ.wʌn.in.i]
계속 노력해야,24,[kje.sok̚.no.ɾjʌk̚.hɛ.ja],[gje.sok̚.no.ɾjʌk̚.hɛ.ja]
그거 그,24,[kɯ.kʌ.kɯ],[gɯ.gʌ.gɯ]
쉬울 거라고,24,[swi.ul.kʌ.ɾa.ko],[swi.ul.gʌ.ɾa.go]
저 앞에서,24,[tʃʌ.ap̚.e.sʌ],[dʒʌ.ap̚.e.sʌ]
아니에요 왜요,24,[a.ni.e.jo.wɛ.jo],[a.ni.e.jo.wɛ.jo]
있지 않을 것이다,24,[it̚.tʃi.an.ɯl.kʌt̚.i.ta],[it̚.tʃi.an.ɯl.gʌt̚.i.da]
난 이유를,24,[nan.i.ju.ɾɯl],[nan.i.ju.ɾɯl]
He wasn''t,24,,
걔가 정말,24,[kjɛ.ka.tʃʌŋ.mal],[gjɛ.ga.dʒʌŋ.mal]
지금 당장 날,24,[tʃi.kɯn.taŋ.tʃaŋ.nal],[dʒi.gɯm.daŋ.dʒaŋ.nal]
그럴 생각도,24,[kɯ.ɾʌl.sɛŋ.kak̚.to],[gɯ.ɾʌl.sɛŋ.gak̚.to]
뭔가 대단한,24,[mwʌŋ.ka.tɛ.tan.han],[mwʌŋ.ka.dɛ.dan.han]
찾아낸 거,24,[tʃʰat̚.a.nɛŋ.kʌ],[tʃʰat̚.a.nɛn.gʌ]
너만 한,24,[nʌ.man.han],[nʌ.man.han]
내가 필요한 게,24,[nɛ.ka.pʰil.jo.haŋ.ke],[nɛ.ga.pʰil.jo.han.ge]
바꾼 거죠,24,[pa.k͈uŋ.kʌ.tʃjo],[ba.k͈un.gʌ.dʒjo]
쨍그랑 깨진다,24,[tʃ͈ɛŋ.kɯ.ɾaŋ.k͈ɛ.tʃin.ta],[tʃ͈ɛŋ.gɯ.ɾaŋ.k͈ɛ.dʒin.ta]
덕분에 이렇게,24,[tʌk̚.pun.e.i.ɾʌt̚.ke],[dʌk̚.pun.e.i.ɾʌt̚.ke]
잘 버티는지 지켜봐 줘,24,[tʃal.pʌ.tʰi.nɯn.tʃi.tʃi.kʰjʌ.pwa.tʃwʌ],[dʒal.bʌ.tʰi.nɯn.tʃi.dʒi.kʰjʌ.bwa.dʒwʌ]
잘 버티는지,24,[tʃal.pʌ.tʰi.nɯn.tʃi],[dʒal.bʌ.tʰi.nɯn.tʃi]
그럼 이제 내가,24,[kɯ.ɾʌm.i.tʃe.nɛ.ka],[gɯ.ɾʌm.i.dʒe.nɛ.ga]
잊은 건 아니겠지,24,[it̚.ɯŋ.kʌn.a.ni.ket̚.tʃi],[it̚.ɯn.gʌn.a.ni.get̚.tʃi]
저 년은,24,[tʃʌ.njʌn.ɯn],[dʒʌ.njʌn.ɯn]
보여 드리겠습니다,24,[po.jʌ.tɯ.ɾi.ket̚.sɯp̚.ni.ta],[bo.jʌ.dɯ.ɾi.get̚.sɯp̚.ni.da]
I can''t go,24,,
네 발을,24,[ne.pal.ɯl],[ne.bal.ɯl]
남을 것,24,[nam.ɯl.kʌt̚],[nam.ɯl.gʌt̚]
이야기를 나누도록,24,[i.ja.ki.ɾɯl.la.nu.to.ɾok̚],[i.ja.gi.ɾɯl.la.nu.do.ɾok̚]
가지러 가는,24,[ka.tʃi.ɾʌ.ka.nɯn],[ga.dʒi.ɾʌ.ga.nɯn]
비어 있어,24,[pi.ʌ.it̚.ʌ],[bi.ʌ.it̚.ʌ]
너무 갑자기,24,[nʌ.mu.kap̚.tʃa.ki],[nʌ.mu.gap̚.tʃa.gi]
과실 치사,24,[kwa.sil.tʃʰi.sa],[gwa.sil.tʃʰi.sa]
게 좋을 것 같군요,24,[ke.tʃot̚.ɯl.kʌt̚.kat̚.kun.jo],[ge.dʒot̚.ɯl.gʌt̚.gat̚.kun.jo]
너무 갖고,24,[nʌ.mu.kat̚.ko],[nʌ.mu.gat̚.ko]
그들을 죽이지,24,[kɯ.tɯl.ɯl.tʃuk̚.i.tʃi],[gɯ.dɯl.ɯl.dʒuk̚.i.dʒi]
넌 강해,24,[nʌŋ.kaŋ.hɛ],[nʌn.gaŋ.hɛ]
저주 받은,24,[tʃʌ.tʃu.pat̚.ɯn],[dʒʌ.dʒu.bat̚.ɯn]
자기야 내,24,[tʃa.ki.ja.nɛ],[dʒa.gi.ja.nɛ]
말도 안되지,24,[mal.to.an.twe.tʃi],[mal.to.an.twe.dʒi]
곳은 고통스럽고 숨,24,[kot̚.ɯŋ.ko.tʰoŋ.sɯ.ɾʌp̚.ko.sum],[got̚.ɯn.go.tʰoŋ.sɯ.ɾʌp̚.ko.sum]
자격이 있으니까,24,[tʃa.kjʌk̚.i.it̚.ɯ.ni.k͈a],[dʒa.gjʌk̚.i.it̚.ɯ.ni.k͈a]
뿐이야 무슨,24,[p͈un.i.ja.mu.sɯn],[p͈un.i.ja.mu.sɯn]
저도 곧,24,[tʃʌ.to.kot̚],[dʒʌ.do.got̚]
알아 짝사랑은 고문이지만,24,[al.a.tʃ͈ak̚.sa.ɾaŋ.ɯŋ.ko.mun.i.tʃi.man],[al.a.tʃ͈ak̚.sa.ɾaŋ.ɯn.go.mun.i.dʒi.man]
내가 대장이야,24,[nɛ.ka.tɛ.tʃaŋ.i.ja],[nɛ.ga.dɛ.dʒaŋ.i.ja]
그 조직의,24,[kɯ.tʃo.tʃik̚.ɯi],[gɯ.dʒo.dʒik̚.ɯi]
내가 선물,24,[nɛ.ka.sʌn.mul],[nɛ.ga.sʌn.mul]
내가 우연히,24,[nɛ.ka.u.jʌn.hi],[nɛ.ga.u.jʌn.hi]
간 거잖아,24,[kaŋ.kʌ.tʃan.a],[gan.gʌ.dʒan.a]
나한테 막,24,[na.han.tʰe.mak̚],[na.han.tʰe.mak̚]
그건 걱정 안 해도,24,[kɯ.kʌŋ.kʌk̚.tʃʌŋ.an.hɛ.to],[gɯ.gʌn.gʌk̚.tʃʌŋ.an.hɛ.do]
내가 아니라 당신이,24,[nɛ.ka.a.ni.ɾa.taŋ.sin.i],[nɛ.ga.a.ni.ɾa.daŋ.sin.i]
자기 대신,24,[tʃa.ki.tɛ.sin],[dʒa.gi.dɛ.sin]
가족을 보러,24,[ka.tʃok̚.ɯl.po.ɾʌ],[ga.dʒok̚.ɯl.bo.ɾʌ]
그들의 고통을,24,[kɯ.tɯl.ɯi.ko.tʰoŋ.ɯl],[gɯ.dɯl.ɯi.go.tʰoŋ.ɯl]
시간 많아요,24,[si.kan.man.a.jo],[si.gan.man.a.jo]
시간 많으니까,24,[si.kan.man.ɯ.ni.k͈a],[si.gan.man.ɯ.ni.k͈a]
뭘 놓치고,24,[mwʌl.lot̚.tʃʰi.ko],[mwʌl.lot̚.tʃʰi.go]
받고 있었어,24,[pat̚.ko.it̚.ʌt̚.ʌ],[bat̚.ko.it̚.ʌt̚.ʌ]
쪽으로 오고,24,[tʃ͈ok̚.ɯ.ɾo.o.ko],[tʃ͈ok̚.ɯ.ɾo.o.go]
켜 놓고,24,[kʰjʌ.not̚.ko],[kʰjʌ.not̚.ko]
말라고 다정하게 말하지,24,[mal.ɾa.ko.ta.tʃʌŋ.ha.ke.mal.ha.tʃi],[mal.ɾa.go.da.dʒʌŋ.ha.ge.mal.ha.dʒi]
어떻게 했으면 좋겠어,24,[ʌ.t͈ʌt̚.ke.hɛt̚.ɯ.mjʌn.tʃot̚.ket̚.ʌ],[ʌ.t͈ʌt̚.ke.hɛt̚.ɯ.mjʌn.dʒot̚.ket̚.ʌ]
날 병원에,24,[nal.pjʌŋ.wʌn.e],[nal.bjʌŋ.wʌn.e]
위해 저,24,[wi.hɛ.tʃʌ],[wi.hɛ.dʒʌ]
그의 신원을,24,[kɯ.ɯi.sin.wʌn.ɯl],[gɯ.ɯi.sin.wʌn.ɯl]
도로 갖다,24,[to.ɾo.kat̚.ta],[do.ɾo.gat̚.ta]
이러는 거냐,24,[i.ɾʌ.nɯŋ.kʌ.nja],[i.ɾʌ.nɯn.gʌ.nja]
말이 되지 않는다,24,[mal.i.twe.tʃi.an.nɯn.ta],[mal.i.dwe.dʒi.an.nɯn.ta]
준비하고 있을,24,[tʃum.pi.ha.ko.it̚.ɯl],[dʒum.pi.ha.go.it̚.ɯl]
놈이 나한테,24,[nom.i.na.han.tʰe],[nom.i.na.han.tʰe]
입에 총을,24,[ip̚.e.tʃʰoŋ.ɯl],[ip̚.e.tʃʰoŋ.ɯl]
비할 수,24,[pi.hal.su],[bi.hal.su]
말이 맞니,24,[mal.i.mat̚.ni],[mal.i.mat̚.ni]
없다 좋아,24,[ʌp̚.ta.tʃot̚.a],[ʌp̚.ta.dʒot̚.a]
잘 먹어,24,[tʃal.mʌk̚.ʌ],[dʒal.mʌk̚.ʌ]
날 보더니,24,[nal.po.tʌ.ni],[nal.bo.dʌ.ni]
너 따라와,24,[nʌ.t͈a.ɾa.wa],[nʌ.t͈a.ɾa.wa]
아 나 진짜,24,[a.na.tʃin.tʃ͈a],[a.na.dʒin.tʃ͈a]
그 주에,24,[kɯ.tʃu.e],[gɯ.dʒu.e]
같은 건 누구나 믿지만,24,[kat̚.ɯŋ.kʌn.nu.ku.na.mit̚.tʃi.man],[gat̚.ɯn.gʌn.nu.gu.na.mit̚.tʃi.man]
그것이 어디에,24,[kɯ.kʌt̚.i.ʌ.ti.e],[gɯ.gʌt̚.i.ʌ.di.e]
결정을 내렸습니다,24,[kjʌl.tʃʌŋ.ɯl.lɛ.ɾjʌt̚.sɯp̚.ni.ta],[gjʌl.tʃʌŋ.ɯl.lɛ.ɾjʌt̚.sɯp̚.ni.da]
준비가 될 때까지,24,[tʃum.pi.ka.twel.t͈ɛ.k͈a.tʃi],[dʒum.pi.ga.dwel.t͈ɛ.k͈a.dʒi]
and it was,24,,
별로 하고 싶지,24,[pjʌl.ɾo.ha.ko.sip̚.tʃi],[bjʌl.ɾo.ha.go.sip̚.tʃi]
너도 이런,24,[nʌ.to.i.ɾʌn],[nʌ.do.i.ɾʌn]
거예요 우리를,24,[kʌ.je.jo.u.ɾi.ɾɯl],[gʌ.je.jo.u.ɾi.ɾɯl]
놈 좀,24,[non.tʃom],[nom.dʒom]
농담 같은,24,[noŋ.tam.kat̚.ɯn],[noŋ.dam.gat̚.ɯn]
되는 거 알잖아요,24,[twe.nɯŋ.kʌ.al.tʃan.a.jo],[dwe.nɯn.gʌ.al.tʃan.a.jo]
어떡하면 돼,24,[ʌ.t͈ʌk̚.ha.mjʌn.twɛ],[ʌ.t͈ʌk̚.ha.mjʌn.dwɛ]
중 하나라는,24,[tʃuŋ.ha.na.ɾa.nɯn],[dʒuŋ.ha.na.ɾa.nɯn]
봐 무엇을 잃었을,24,[pwa.mu.ʌt̚.ɯl.il.ʌt̚.ɯl],[bwa.mu.ʌt̚.ɯl.il.ʌt̚.ɯl]
감옥에 가서,24,[kam.ok̚.e.ka.sʌ],[gam.ok̚.e.ga.sʌ]
think of all the,24,,
노래 해,24,[no.ɾɛ.hɛ],[no.ɾɛ.hɛ]
언제 받을,24,[ʌn.tʃe.pat̚.ɯl],[ʌn.tʃe.bat̚.ɯl]
세상을 더 나은,24,[se.saŋ.ɯl.tʌ.na.ɯn],[se.saŋ.ɯl.dʌ.na.ɯn]
했지만 잘,24,[hɛt̚.tʃi.man.tʃal],[hɛt̚.tʃi.man.dʒal]
아 야,24,[a.ja],[a.ja]
그게 정확히 무슨,24,[kɯ.ke.tʃʌŋ.hwak̚.hi.mu.sɯn],[gɯ.ge.dʒʌŋ.hwak̚.hi.mu.sɯn]
고통스럽고 숨 조차 쉴,24,[ko.tʰoŋ.sɯ.ɾʌp̚.ko.sun.tʃo.tʃʰa.swil],[go.tʰoŋ.sɯ.ɾʌp̚.ko.sum.dʒo.tʃʰa.swil]
할 때인,24,[hal.t͈ɛ.in],[hal.t͈ɛ.in]
안 해 이건,24,[an.hɛ.i.kʌn],[an.hɛ.i.gʌn]
체포하기 전에,24,[tʃʰe.pʰo.ha.ki.tʃʌn.e],[tʃʰe.pʰo.ha.gi.dʒʌn.e]
걸 말해줄,24,[kʌl.mal.hɛ.tʃul],[gʌl.mal.hɛ.dʒul]
것도 같아,24,[kʌt̚.to.kat̚.a],[gʌt̚.to.gat̚.a]
자네가 알아서,24,[tʃa.ne.ka.al.a.sʌ],[dʒa.ne.ga.al.a.sʌ]
좋아하는 것 같은데,24,[tʃot̚.a.ha.nɯŋ.kʌt̚.kat̚.ɯn.te],[dʒot̚.a.ha.nɯn.gʌt̚.gat̚.ɯn.te]
그러다 죽을,24,[kɯ.ɾʌ.ta.tʃuk̚.ɯl],[gɯ.ɾʌ.da.dʒuk̚.ɯl]
해 원하는,24,[hɛ.wʌn.ha.nɯn],[hɛ.wʌn.ha.nɯn]
그건 시간이,24,[kɯ.kʌn.si.kan.i],[gɯ.gʌn.si.gan.i]
너무 두려워서,24,[nʌ.mu.tu.ɾjʌ.wʌ.sʌ],[nʌ.mu.du.ɾjʌ.wʌ.sʌ]
보고 싶지 않은,24,[po.ko.sip̚.tʃi.an.ɯn],[bo.go.sip̚.tʃi.an.ɯn]
그들은 그런,24,[kɯ.tɯl.ɯŋ.kɯ.ɾʌn],[gɯ.dɯl.ɯn.gɯ.ɾʌn]
시작해야 할 것,24,[si.tʃak̚.hɛ.ja.hal.kʌt̚],[si.dʒak̚.hɛ.ja.hal.gʌt̚]
믿어 보세요,24,[mit̚.ʌ.po.se.jo],[mit̚.ʌ.bo.se.jo]
줬어 네가,24,[tʃwʌt̚.ʌ.ne.ka],[dʒwʌt̚.ʌ.ne.ga]
제가 장담하는데,24,[tʃe.ka.tʃaŋ.tam.ha.nɯn.te],[dʒe.ga.dʒaŋ.dam.ha.nɯn.te]
그건 아빠가,24,[kɯ.kʌn.a.p͈a.ka],[gɯ.gʌn.a.p͈a.ga]
일이나 신경 써,24,[il.i.na.siŋ.kjʌŋ.s͈ʌ],[il.i.na.siŋ.kjʌŋ.s͈ʌ]
있어 왜냐면,24,[it̚.ʌ.wɛ.nja.mjʌn],[it̚.ʌ.wɛ.nja.mjʌn]
이야기 들었어,24,[i.ja.ki.tɯl.ʌt̚.ʌ],[i.ja.gi.dɯl.ʌt̚.ʌ]
이길 수 있을 것,24,[i.kil.su.it̚.ɯl.kʌt̚],[i.gil.su.it̚.ɯl.gʌt̚]
소리를 듣게,24,[so.ɾi.ɾɯl.tɯt̚.ke],[so.ɾi.ɾɯl.dɯt̚.ke]
날 위해 해줄,24,[nal.wi.hɛ.hɛ.tʃul],[nal.wi.hɛ.hɛ.dʒul]
꿈 같은 건 누구나,24,[k͈um.kat̚.ɯŋ.kʌn.nu.ku.na],[k͈um.gat̚.ɯn.gʌn.nu.gu.na]
온 기분이야,24,[oŋ.ki.pun.i.ja],[on.gi.bun.i.ja]
숨 좀 돌리고,24,[sun.tʃon.tol.ɾi.ko],[sum.dʒom.dol.ɾi.go]
자넨 어떻게,24,[tʃa.nen.ʌ.t͈ʌt̚.ke],[dʒa.nen.ʌ.t͈ʌt̚.ke]
바실리 페트로비치,24,[pa.sil.ɾi.pʰe.tʰɯ.ɾo.pi.tʃʰi],[ba.sil.ɾi.pʰe.tʰɯ.ɾo.bi.tʃʰi]
압박에 신경 쓰지 마,24,[ap̚.pak̚.e.siŋ.kjʌŋ.s͈ɯ.tʃi.ma],[ap̚.pak̚.e.siŋ.kjʌŋ.s͈ɯ.dʒi.ma]
아 잠깐,24,[a.tʃam.k͈an],[a.dʒam.k͈an]
안 해봤잖아,24,[an.hɛ.pwat̚.tʃan.a],[an.hɛ.bwat̚.tʃan.a]
우리가 알아서 할게요,24,[u.ɾi.ka.al.a.sʌ.hal.ke.jo],[u.ɾi.ga.al.a.sʌ.hal.ke.jo]
자동차 리모컨 작동음,24,[tʃa.toŋ.tʃʰa.ɾi.mo.kʰʌn.tʃak̚.toŋ.ɯm],[dʒa.doŋ.tʃʰa.ɾi.mo.kʰʌn.dʒak̚.toŋ.ɯm]
죽어야 한다,24,[tʃuk̚.ʌ.ja.han.ta],[dʒuk̚.ʌ.ja.han.ta]
끝내주게 잘,24,[k͈ɯt̚.nɛ.tʃu.ke.tʃal],[k͈ɯt̚.nɛ.dʒu.ge.dʒal]
버스 타는,24,[pʌ.sɯ.tʰa.nɯn],[bʌ.sɯ.tʰa.nɯn]
무슨 도움이 돼,24,[mu.sɯn.to.um.i.twɛ],[mu.sɯn.do.um.i.dwɛ]
정말 오랜만이네,24,[tʃʌŋ.mal.o.ɾɛn.man.i.ne],[dʒʌŋ.mal.o.ɾɛn.man.i.ne]
내가 해낼 수,24,[nɛ.ka.hɛ.nɛl.su],[nɛ.ga.hɛ.nɛl.su]
몰래 만나는,24,[mol.ɾɛ.man.na.nɯn],[mol.ɾɛ.man.na.nɯn]
뭘 망설이는,24,[mwʌl.maŋ.sʌl.i.nɯn],[mwʌl.maŋ.sʌl.i.nɯn]
시험해 봐,24,[si.hʌm.hɛ.pwa],[si.hʌm.hɛ.bwa]
모든 무기를,24,[mo.tɯn.mu.ki.ɾɯl],[mo.dɯn.mu.gi.ɾɯl]
좋다고 해서,24,[tʃot̚.ta.ko.hɛ.sʌ],[dʒot̚.ta.go.hɛ.sʌ]
나란 걸,24,[na.ɾaŋ.kʌl],[na.ɾan.gʌl]
사용할 수 있어요,24,[sa.joŋ.hal.su.it̚.ʌ.jo],[sa.joŋ.hal.su.it̚.ʌ.jo]
일이야 그게,24,[il.i.ja.kɯ.ke],[il.i.ja.gɯ.ge]
미안해요 그래도,24,[mi.an.hɛ.jo.kɯ.ɾɛ.to],[mi.an.hɛ.jo.gɯ.ɾɛ.do]
여기 있는 거 다,24,[jʌ.ki.it̚.nɯŋ.kʌ.ta],[jʌ.gi.it̚.nɯn.gʌ.da]
너도 좋아,24,[nʌ.to.tʃot̚.a],[nʌ.do.dʒot̚.a]
바꿀 수 없게 됐어,24,[pa.k͈ul.su.ʌp̚.ke.twɛt̚.ʌ],[ba.k͈ul.su.ʌp̚.ke.dwɛt̚.ʌ]
저쪽으로 가자,24,[tʃʌ.tʃ͈ok̚.ɯ.ɾo.ka.tʃa],[dʒʌ.tʃ͈ok̚.ɯ.ɾo.ga.dʒa]
난 짐,24,[nan.tʃim],[nan.dʒim]
아니잖아 그건,24,[a.ni.tʃan.a.kɯ.kʌn],[a.ni.dʒan.a.gɯ.gʌn]
빌 빌,24,[pil.pil],[bil.bil]
보면 뭐,24,[po.mjʌn.mwʌ],[bo.mjʌn.mwʌ]
당연하지 왜,24,[taŋ.jʌn.ha.tʃi.wɛ],[daŋ.jʌn.ha.dʒi.wɛ]
위해서 우리는,24,[wi.hɛ.sʌ.u.ɾi.nɯn],[wi.hɛ.sʌ.u.ɾi.nɯn]
권세와 영광이,24,[kwʌn.se.wa.jʌŋ.kwaŋ.i],[gwʌn.se.wa.jʌŋ.gwaŋ.i]
말이야 안녕하세요,24,[mal.i.ja.an.njʌŋ.ha.se.jo],[mal.i.ja.an.njʌŋ.ha.se.jo]
갑자기 모든 게,24,[kap̚.tʃa.ki.mo.tɯŋ.ke],[gap̚.tʃa.gi.mo.dɯn.ge]
줄 서세요,24,[tʃul.sʌ.se.jo],[dʒul.sʌ.se.jo]
다시 생각하고,24,[ta.si.sɛŋ.kak̚.ha.ko],[da.si.sɛŋ.gak̚.ha.go]
knows how,24,,
모든 특권을,24,[mo.tɯn.tʰɯk̚.kwʌn.ɯl],[mo.dɯn.tʰɯk̚.kwʌn.ɯl]
있었어 아니,24,[it̚.ʌt̚.ʌ.a.ni],[it̚.ʌt̚.ʌ.a.ni]
그는 모든 걸,24,[kɯ.nɯn.mo.tɯŋ.kʌl],[gɯ.nɯn.mo.dɯn.gʌl]
만든 적이,24,[man.tɯn.tʃʌk̚.i],[man.tɯn.dʒʌk̚.i]
있는 사람이다,24,[it̚.nɯn.sa.ɾam.i.ta],[it̚.nɯn.sa.ɾam.i.da]
거 봤죠,24,[kʌ.pwat̚.tʃjo],[gʌ.bwat̚.tʃjo]
느낄 수 있었어,24,[nɯ.k͈il.su.it̚.ʌt̚.ʌ],[nɯ.k͈il.su.it̚.ʌt̚.ʌ]
찾아온 거죠,24,[tʃʰat̚.a.oŋ.kʌ.tʃjo],[tʃʰat̚.a.on.gʌ.dʒjo]
할 땐 언제고,24,[hal.t͈ɛn.ʌn.tʃe.ko],[hal.t͈ɛn.ʌn.tʃe.go]
권한을 가지고,24,[kwʌn.han.ɯl.ka.tʃi.ko],[gwʌn.han.ɯl.ga.dʒi.go]
뭘 묻는,24,[mwʌl.mut̚.nɯn],[mwʌl.mut̚.nɯn]
있었어 어떤,24,[it̚.ʌt̚.ʌ.ʌ.t͈ʌn],[it̚.ʌt̚.ʌ.ʌ.t͈ʌn]
대한 정보를 가지고,24,[tɛ.han.tʃʌm.po.ɾɯl.ka.tʃi.ko],[dɛ.han.dʒʌŋ.bo.ɾɯl.ga.dʒi.go]
신호를 보내면,24,[sin.ho.ɾɯl.po.nɛ.mjʌn],[sin.ho.ɾɯl.bo.nɛ.mjʌn]
감사합니다 뭐,24,[kam.sa.hap̚.ni.ta.mwʌ],[gam.sa.hap̚.ni.da.mwʌ]
다시 전화를,24,[ta.si.tʃʌn.hwa.ɾɯl],[da.si.dʒʌn.hwa.ɾɯl]
때를 기다리고,24,[t͈ɛ.ɾɯl.ki.ta.ɾi.ko],[t͈ɛ.ɾɯl.gi.da.ɾi.go]
fine with,24,,
안 돼요 그렇게,24,[an.twɛ.jo.kɯ.ɾʌt̚.ke],[an.dwɛ.jo.gɯ.ɾʌt̚.ke]
문제는 아니라고,24,[mun.tʃe.nɯn.a.ni.ɾa.ko],[mun.tʃe.nɯn.a.ni.ɾa.go]
안에 있는 거 다,24,[an.e.it̚.nɯŋ.kʌ.ta],[an.e.it̚.nɯn.gʌ.da]
너무 복잡해서,24,[nʌ.mu.pok̚.tʃap̚.hɛ.sʌ],[nʌ.mu.bok̚.tʃap̚.hɛ.sʌ]
부를 땐,24,[pu.ɾɯl.t͈ɛn],[bu.ɾɯl.t͈ɛn]
하나가 되고,24,[ha.na.ka.twe.ko],[ha.na.ga.dwe.go]
자선 단체를,24,[tʃa.sʌn.tan.tʃʰe.ɾɯl],[dʒa.sʌn.dan.tʃʰe.ɾɯl]
말라고 꿈아 얼마나,24,[mal.ɾa.ko.k͈um.a.ʌl.ma.na],[mal.ɾa.go.k͈um.a.ʌl.ma.na]
그게 가능할,24,[kɯ.ke.ka.nɯŋ.hal],[gɯ.ge.ga.nɯŋ.hal]
노래를 안,24,[no.ɾɛ.ɾɯl.an],[no.ɾɛ.ɾɯl.an]
온 줄 알았어요,24,[on.tʃul.al.at̚.ʌ.jo],[on.dʒul.al.at̚.ʌ.jo]
누구나 자기,24,[nu.ku.na.tʃa.ki],[nu.gu.na.dʒa.gi]
날 수 있습니다,24,[nal.su.it̚.sɯp̚.ni.ta],[nal.su.it̚.sɯp̚.ni.da]
제가 죽을,24,[tʃe.ka.tʃuk̚.ɯl],[dʒe.ga.dʒuk̚.ɯl]
게임 소리가,24,[ke.im.so.ɾi.ka],[ge.im.so.ɾi.ga]
위해서요 하지만,24,[wi.hɛ.sʌ.jo.ha.tʃi.man],[wi.hɛ.sʌ.jo.ha.dʒi.man]
안 했어 그래,24,[an.hɛt̚.ʌ.kɯ.ɾɛ],[an.hɛt̚.ʌ.gɯ.ɾɛ]
거 아니네,24,[kʌ.a.ni.ne],[gʌ.a.ni.ne]
귀 좀,24,[kwi.tʃom],[gwi.dʒom]
너무 세서,24,[nʌ.mu.se.sʌ],[nʌ.mu.se.sʌ]
말이죠 우리가,24,[mal.i.tʃjo.u.ɾi.ka],[mal.i.dʒjo.u.ɾi.ga]
날이 온다면,24,[nal.i.on.ta.mjʌn],[nal.i.on.ta.mjʌn]
총을 내려놔요,24,[tʃʰoŋ.ɯl.lɛ.ɾjʌ.nwa.jo],[tʃʰoŋ.ɯl.lɛ.ɾjʌ.nwa.jo]
알겠어요 뭐,24,[al.ket̚.ʌ.jo.mwʌ],[al.ket̚.ʌ.jo.mwʌ]
혼자 두는,24,[hon.tʃa.tu.nɯn],[hon.tʃa.du.nɯn]
사줄 수,24,[sa.tʃul.su],[sa.dʒul.su]
걱정돼서 그런,24,[kʌk̚.tʃʌŋ.twɛ.sʌ.kɯ.ɾʌn],[gʌk̚.tʃʌŋ.dwɛ.sʌ.gɯ.ɾʌn]
거라고 생각하겠지,24,[kʌ.ɾa.ko.sɛŋ.kak̚.ha.ket̚.tʃi],[gʌ.ɾa.go.sɛŋ.gak̚.ha.get̚.tʃi]
멤버 중,24,[mem.pʌ.tʃuŋ],[mem.pʌ.dʒuŋ]
그가 항상,24,[kɯ.ka.haŋ.saŋ],[gɯ.ga.haŋ.saŋ]
사진 말이야,24,[sa.tʃin.mal.i.ja],[sa.dʒin.mal.i.ja]
것도 알아 하지만,24,[kʌt̚.to.al.a.ha.tʃi.man],[gʌt̚.to.al.a.ha.dʒi.man]
이 정도까지,24,[i.tʃʌŋ.to.k͈a.tʃi],[i.dʒʌŋ.do.k͈a.dʒi]
만들 순 없어요,24,[man.tɯl.sun.ʌp̚.ʌ.jo],[man.tɯl.sun.ʌp̚.ʌ.jo]
짜고 있어,24,[tʃ͈a.ko.it̚.ʌ],[tʃ͈a.go.it̚.ʌ]
죽을 뻔했잖아요,24,[tʃuk̚.ɯl.p͈ʌn.hɛt̚.tʃan.a.jo],[dʒuk̚.ɯl.p͈ʌn.hɛt̚.tʃan.a.jo]
그리고 최근에,24,[kɯ.ɾi.ko.tʃʰwe.kɯn.e],[gɯ.ɾi.go.tʃʰwe.gɯn.e]
사랑받았어야 해요,24,[sa.ɾam.pat̚.at̚.ʌ.ja.hɛ.jo],[sa.ɾaŋ.bat̚.at̚.ʌ.ja.hɛ.jo]
사진 한 장만,24,[sa.tʃin.han.tʃaŋ.man],[sa.dʒin.han.dʒaŋ.man]
당신의 딸을,24,[taŋ.sin.ɯi.t͈al.ɯl],[daŋ.sin.ɯi.t͈al.ɯl]
너도 함께,24,[nʌ.to.ham.k͈e],[nʌ.do.ham.k͈e]
누군지 말해줘,24,[nu.kun.tʃi.mal.hɛ.tʃwʌ],[nu.gun.tʃi.mal.hɛ.dʒwʌ]
사진을 가지고 있다,24,[sa.tʃin.ɯl.ka.tʃi.ko.it̚.ta],[sa.dʒin.ɯl.ga.dʒi.go.it̚.ta]
있어 이번엔,24,[it̚.ʌ.i.pʌn.en],[it̚.ʌ.i.bʌn.en]
자유배포 수정불가,24,[tʃa.ju.pɛ.pʰo.su.tʃʌm.pul.ka],[dʒa.ju.bɛ.pʰo.su.dʒʌŋ.bul.ka]
그는 거기,24,[kɯ.nɯŋ.kʌ.ki],[gɯ.nɯn.gʌ.gi]
좋아해 그럼,24,[tʃot̚.a.hɛ.kɯ.ɾʌm],[dʒot̚.a.hɛ.gɯ.ɾʌm]
야 진짜,24,[ja.tʃin.tʃ͈a],[ja.dʒin.tʃ͈a]
겁내지 말라고 다정하게,24,[kʌp̚.nɛ.tʃi.mal.ɾa.ko.ta.tʃʌŋ.ha.ke],[gʌp̚.nɛ.dʒi.mal.ɾa.go.da.dʒʌŋ.ha.ge]
걔가 뭐라고,24,[kjɛ.ka.mwʌ.ɾa.ko],[gjɛ.ga.mwʌ.ɾa.go]
그럼 딴,24,[kɯ.ɾʌn.t͈an],[gɯ.ɾʌn.t͈an]
괜찮다며 겁내지 말라고 꿈아,24,[kwɛn.tʃʰan.ta.mjʌ.kʌp̚.nɛ.tʃi.mal.ɾa.ko.k͈um.a],[gwɛn.tʃʰan.ta.mjʌ.gʌp̚.nɛ.dʒi.mal.ɾa.go.k͈um.a]
싶어하는 사람이,24,[sip̚.ʌ.ha.nɯn.sa.ɾam.i],[sip̚.ʌ.ha.nɯn.sa.ɾam.i]
대한 건데,24,[tɛ.haŋ.kʌn.te],[dɛ.han.gʌn.te]
얼마나 필요한지,24,[ʌl.ma.na.pʰil.jo.han.tʃi],[ʌl.ma.na.pʰil.jo.han.tʃi]
적은 있는데,24,[tʃʌk̚.ɯn.it̚.nɯn.te],[dʒʌk̚.ɯn.it̚.nɯn.te]
찍은 사진들,24,[tʃ͈ik̚.ɯn.sa.tʃin.tɯl],[tʃ͈ik̚.ɯn.sa.dʒin.tɯl]
샅샅이 뒤졌다,24,[sat̚.sat̚.i.twi.tʃjʌt̚.ta],[sat̚.sat̚.i.dwi.dʒjʌt̚.ta]
애인 있어요,24,[ɛ.in.it̚.ʌ.jo],[ɛ.in.it̚.ʌ.jo]
말을 걸다,24,[mal.ɯl.kʌl.ta],[mal.ɯl.gʌl.ta]
안고 사는,24,[aŋ.ko.sa.nɯn],[aŋ.ko.sa.nɯn]
하네 하지만,24,[ha.ne.ha.tʃi.man],[ha.ne.ha.dʒi.man]
그의 차가,24,[kɯ.ɯi.tʃʰa.ka],[gɯ.ɯi.tʃʰa.ga]
그건 용납할,24,[kɯ.kʌn.joŋ.nap̚.hal],[gɯ.gʌn.joŋ.nap̚.hal]
싶으면 지금,24,[sip̚.ɯ.mjʌn.tʃi.kɯm],[sip̚.ɯ.mjʌn.dʒi.gɯm]
but then,24,,
능력을 갖고,24,[nɯŋ.ɾjʌk̚.ɯl.kat̚.ko],[nɯŋ.ɾjʌk̚.ɯl.gat̚.ko]
거신 번호는 없는,24,[kʌ.sim.pʌn.ho.nɯn.ʌp̚.nɯn],[gʌ.sin.bʌn.ho.nɯn.ʌp̚.nɯn]
것만 알아둬,24,[kʌt̚.man.al.a.twʌ],[gʌt̚.man.al.a.dwʌ]
잃을 때까지,24,[il.ɯl.t͈ɛ.k͈a.tʃi],[il.ɯl.t͈ɛ.k͈a.dʒi]
너무 오랜만이라,24,[nʌ.mu.o.ɾɛn.man.i.ɾa],[nʌ.mu.o.ɾɛn.man.i.ɾa]
아직 못 봤어,24,[a.tʃik̚.mot̚.pwat̚.ʌ],[a.dʒik̚.mot̚.bwat̚.ʌ]
올 거 같아,24,[ol.kʌ.kat̚.a],[ol.gʌ.gat̚.a]
걸 인정할,24,[kʌl.in.tʃʌŋ.hal],[gʌl.in.tʃʌŋ.hal]
우리 꿈을,24,[u.ɾi.k͈um.ɯl],[u.ɾi.k͈um.ɯl]
a forest,24,,
그것보단 더,24,[kɯ.kʌt̚.po.tan.tʌ],[gɯ.gʌt̚.po.dan.dʌ]
내가 도와 줄게,24,[nɛ.ka.to.wa.tʃul.ke],[nɛ.ga.do.wa.dʒul.ke]
여기만 아니면,24,[jʌ.ki.man.a.ni.mjʌn],[jʌ.gi.man.a.ni.mjʌn]
있겠지 네,24,[it̚.ket̚.tʃi.ne],[it̚.ket̚.tʃi.ne]
싶지 않을 거예요,24,[sip̚.tʃi.an.ɯl.kʌ.je.jo],[sip̚.tʃi.an.ɯl.gʌ.je.jo]
있어 일이,24,[it̚.ʌ.il.i],[it̚.ʌ.il.i]
대체 무슨 일인가,24,[tɛ.tʃʰe.mu.sɯn.il.iŋ.ka],[dɛ.tʃʰe.mu.sɯn.il.iŋ.ka]
불 있어,24,[pul.it̚.ʌ],[bul.it̚.ʌ]
말하는 사람도,24,[mal.ha.nɯn.sa.ɾan.to],[mal.ha.nɯn.sa.ɾan.to]
좋겠어 우리가,24,[tʃot̚.ket̚.ʌ.u.ɾi.ka],[dʒot̚.ket̚.ʌ.u.ɾi.ga]
어떻게 하는지 알잖아,24,[ʌ.t͈ʌt̚.ke.ha.nɯn.tʃi.al.tʃan.a],[ʌ.t͈ʌt̚.ke.ha.nɯn.tʃi.al.tʃan.a]
그 여자라고,24,[kɯ.jʌ.tʃa.ɾa.ko],[gɯ.jʌ.dʒa.ɾa.go]
난 첫,24,[nan.tʃʰʌt̚],[nan.tʃʰʌt̚]
위험할 수도 있어,24,[wi.hʌm.hal.su.to.it̚.ʌ],[wi.hʌm.hal.su.do.it̚.ʌ]
그건 용납할 수,24,[kɯ.kʌn.joŋ.nap̚.hal.su],[gɯ.gʌn.joŋ.nap̚.hal.su]
너라면 할,24,[nʌ.ɾa.mjʌn.hal],[nʌ.ɾa.mjʌn.hal]
있고 그의,24,[it̚.ko.kɯ.ɯi],[it̚.ko.gɯ.ɯi]
데 가지,24,[te.ka.tʃi],[de.ga.dʒi]
산 거지,24,[saŋ.kʌ.tʃi],[san.gʌ.dʒi]
당한 거죠,24,[taŋ.haŋ.kʌ.tʃjo],[daŋ.han.gʌ.dʒjo]
이제 끝이라고,24,[i.tʃe.k͈ɯt̚.i.ɾa.ko],[i.dʒe.k͈ɯt̚.i.ɾa.go]
눈으로 볼 수,24,[nun.ɯ.ɾo.pol.su],[nun.ɯ.ɾo.bol.su]
위험해 내가,24,[wi.hʌm.hɛ.nɛ.ka],[wi.hʌm.hɛ.nɛ.ga]
I would sing,24,,
같은 남자랑,24,[kat̚.ɯn.nan.tʃa.ɾaŋ],[gat̚.ɯn.nan.tʃa.ɾaŋ]
죽었어 나는,24,[tʃuk̚.ʌt̚.ʌ.na.nɯn],[dʒuk̚.ʌt̚.ʌ.na.nɯn]
거실에 있는,24,[kʌ.sil.e.it̚.nɯn],[gʌ.sil.e.it̚.nɯn]
이용할 수 있어,24,[i.joŋ.hal.su.it̚.ʌ],[i.joŋ.hal.su.it̚.ʌ]
만들려고 했는데,24,[man.tɯl.ɾjʌ.ko.hɛt̚.nɯn.te],[man.tɯl.ɾjʌ.go.hɛt̚.nɯn.te]
눈을 뜨세요,24,[nun.ɯl.t͈ɯ.se.jo],[nun.ɯl.t͈ɯ.se.jo]
있어 아침에,24,[it̚.ʌ.a.tʃʰim.e],[it̚.ʌ.a.tʃʰim.e]
달러 드릴게요,24,[tal.ɾʌ.tɯ.ɾil.ke.jo],[dal.ɾʌ.dɯ.ɾil.ke.jo]
꿈아 얼마나 많은 낮과,24,[k͈um.a.ʌl.ma.na.man.ɯn.nat̚.kwa],[k͈um.a.ʌl.ma.na.man.ɯn.nat̚.kwa]
차례야 내가,24,[tʃʰa.ɾje.ja.nɛ.ka],[tʃʰa.ɾje.ja.nɛ.ga]
돼야 하는데,24,[twɛ.ja.ha.nɯn.te],[dwɛ.ja.ha.nɯn.te]
그냥 줄,24,[kɯ.njaŋ.tʃul],[gɯ.njaŋ.dʒul]
없어요 늘,24,[ʌp̚.ʌ.jo.nɯl],[ʌp̚.ʌ.jo.nɯl]
부르실 분,24,[pu.ɾɯ.sil.pun],[bu.ɾɯ.sil.bun]
하고 싶어 한다,24,[ha.ko.sip̚.ʌ.han.ta],[ha.go.sip̚.ʌ.han.ta]
쏘면 안 돼요,24,[s͈o.mjʌn.an.twɛ.jo],[s͈o.mjʌn.an.dwɛ.jo]
잔인한 세상에서,24,[tʃan.in.han.se.saŋ.e.sʌ],[dʒan.in.han.se.saŋ.e.sʌ]
오고 있다고요,24,[o.ko.it̚.ta.ko.jo],[o.go.it̚.ta.go.jo]
올 때까지 기다려,24,[ol.t͈ɛ.k͈a.tʃi.ki.ta.ɾjʌ],[ol.t͈ɛ.k͈a.dʒi.gi.da.ɾjʌ]
병원에 있었어요,24,[pjʌŋ.wʌn.e.it̚.ʌt̚.ʌ.jo],[bjʌŋ.wʌn.e.it̚.ʌt̚.ʌ.jo]
이 지역이,24,[i.tʃi.jʌk̚.i],[i.dʒi.jʌk̚.i]
좀 더 쉽게,24,[tʃon.tʌ.swip̚.ke],[dʒom.dʌ.swip̚.ke]
너무 조용해,24,[nʌ.mu.tʃo.joŋ.hɛ],[nʌ.mu.dʒo.joŋ.hɛ]
곧 새,24,[kot̚.sɛ],[got̚.sɛ]
아주 중요하죠,24,[a.tʃu.tʃuŋ.jo.ha.tʃjo],[a.dʒu.dʒuŋ.jo.ha.dʒjo]
산짐승 울음,24,[san.tʃim.sɯŋ.ul.ɯm],[san.tʃim.sɯŋ.ul.ɯm]
있어 언제부터,24,[it̚.ʌ.ʌn.tʃe.pu.tʰʌ],[it̚.ʌ.ʌn.tʃe.bu.tʰʌ]
안녕 당신,24,[an.njʌŋ.taŋ.sin],[an.njʌŋ.daŋ.sin]
병원에 같이,24,[pjʌŋ.wʌn.e.kat̚.i],[bjʌŋ.wʌn.e.gat̚.i]
쓰레기 더미에서,24,[s͈ɯ.ɾe.ki.tʌ.mi.e.sʌ],[s͈ɯ.ɾe.gi.dʌ.mi.e.sʌ]
환상 속에서,24,[hwan.saŋ.sok̚.e.sʌ],[hwan.saŋ.sok̚.e.sʌ]
아는데 이,24,[a.nɯn.te.i],[a.nɯn.te.i]
쓰실 수,24,[s͈ɯ.sil.su],[s͈ɯ.sil.su]
무슨 안,24,[mu.sɯn.an],[mu.sɯn.an]
말해 나,24,[mal.hɛ.na],[mal.hɛ.na]
one with,24,,
책임은 내가,24,[tʃʰɛk̚.im.ɯn.nɛ.ka],[tʃʰɛk̚.im.ɯn.nɛ.ga]
안 되겠소,24,[an.twe.ket̚.so],[an.dwe.get̚.so]
있지 않을 거예요,24,[it̚.tʃi.an.ɯl.kʌ.je.jo],[it̚.tʃi.an.ɯl.gʌ.je.jo]
살 날이 얼마,24,[sal.lal.i.ʌl.ma],[sal.lal.i.ʌl.ma]
깨달았어 난,24,[k͈ɛ.tal.at̚.ʌ.nan],[k͈ɛ.dal.at̚.ʌ.nan]
내가 완벽한,24,[nɛ.ka.wam.pjʌk̚.han],[nɛ.ga.wam.pjʌk̚.han]
그래 난 괜찮아,24,[kɯ.ɾɛ.naŋ.kwɛn.tʃʰan.a],[gɯ.ɾɛ.nan.gwɛn.tʃʰan.a]
지금 자리에,24,[tʃi.kɯn.tʃa.ɾi.e],[dʒi.gɯm.dʒa.ɾi.e]
세상을 감당하기 힘들어,24,[se.saŋ.ɯl.kan.taŋ.ha.ki.hin.tɯl.ʌ],[se.saŋ.ɯl.gan.taŋ.ha.gi.hin.tɯl.ʌ]
우리 종족이,24,[u.ɾi.tʃoŋ.tʃok̚.i],[u.ɾi.dʒoŋ.dʒok̚.i]
내 생각일,24,[nɛ.sɛŋ.kak̚.il],[nɛ.sɛŋ.gak̚.il]
저희 아버지도,24,[tʃʌ.hɯi.a.pʌ.tʃi.to],[dʒʌ.hɯi.a.bʌ.dʒi.do]
애들은 어떻게,24,[ɛ.tɯl.ɯn.ʌ.t͈ʌt̚.ke],[ɛ.dɯl.ɯn.ʌ.t͈ʌt̚.ke]
가요 아니,24,[ka.jo.a.ni],[ga.jo.a.ni]
나 미치겠네,24,[na.mi.tʃʰi.ket̚.ne],[na.mi.tʃʰi.get̚.ne]
드디어 왔어,24,[tɯ.ti.ʌ.wat̚.ʌ],[dɯ.di.ʌ.wat̚.ʌ]
거길 어떻게,24,[kʌ.kil.ʌ.t͈ʌt̚.ke],[gʌ.gil.ʌ.t͈ʌt̚.ke]
알고 한,24,[al.ko.han],[al.ko.han]
세상을 감당하기 힘들어 난,24,[se.saŋ.ɯl.kan.taŋ.ha.ki.hin.tɯl.ʌ.nan],[se.saŋ.ɯl.gan.taŋ.ha.gi.hin.tɯl.ʌ.nan]
일을 처리해,24,[il.ɯl.tʃʰʌ.ɾi.hɛ],[il.ɯl.tʃʰʌ.ɾi.hɛ]
동네에 사는,24,[toŋ.ne.e.sa.nɯn],[doŋ.ne.e.sa.nɯn]
잃지 말고,24,[il.tʃi.mal.ko],[il.tʃi.mal.ko]
왜 물으세요,24,[wɛ.mul.ɯ.se.jo],[wɛ.mul.ɯ.se.jo]
분인 거,24,[pun.iŋ.kʌ],[bun.in.gʌ]
씨를 찾고,24,[s͈i.ɾɯl.tʃʰat̚.ko],[s͈i.ɾɯl.tʃʰat̚.ko]
늘 그랬어요,24,[nɯl.kɯ.ɾɛt̚.ʌ.jo],[nɯl.gɯ.ɾɛt̚.ʌ.jo]
씨발 뭐,24,[s͈i.pal.mwʌ],[s͈i.bal.mwʌ]
오늘 밤 난,24,[o.nɯl.pam.nan],[o.nɯl.bam.nan]
했어 이렇게,24,[hɛt̚.ʌ.i.ɾʌt̚.ke],[hɛt̚.ʌ.i.ɾʌt̚.ke]
분인 줄,24,[pun.in.tʃul],[bun.in.dʒul]
건지 알겠어,24,[kʌn.tʃi.al.ket̚.ʌ],[gʌn.tʃi.al.ket̚.ʌ]
TV 소리,24,[so.ɾi],[so.ɾi]
잘 안 해,24,[tʃal.an.hɛ],[dʒal.an.hɛ]
죄책감을 안고,24,[tʃwe.tʃʰɛk̚.kam.ɯl.aŋ.ko],[dʒwe.tʃʰɛk̚.kam.ɯl.aŋ.ko]
책임을 져야 해,24,[tʃʰɛk̚.im.ɯl.tʃjʌ.ja.hɛ],[tʃʰɛk̚.im.ɯl.dʒjʌ.ja.hɛ]
믿기 때문에,24,[mit̚.ki.t͈ɛ.mun.e],[mit̚.ki.t͈ɛ.mun.e]
때문에 그게,24,[t͈ɛ.mun.e.kɯ.ke],[t͈ɛ.mun.e.gɯ.ge]
한 것 같네,24,[haŋ.kʌt̚.kat̚.ne],[han.gʌt̚.gat̚.ne]
유 대위님,24,[ju.tɛ.wi.nim],[ju.dɛ.wi.nim]
아무것도 없군,24,[a.mu.kʌt̚.to.ʌp̚.kun],[a.mu.gʌt̚.to.ʌp̚.kun]
left my,24,,
딕 반,24,[tik̚.pan],[dik̚.ban]
할 말 있으면 그냥,24,[hal.mal.it̚.ɯ.mjʌŋ.kɯ.njaŋ],[hal.mal.it̚.ɯ.mjʌn.gɯ.njaŋ]
말해 보시지,24,[mal.hɛ.po.si.tʃi],[mal.hɛ.bo.si.dʒi]
너랑 내,24,[nʌ.ɾaŋ.nɛ],[nʌ.ɾaŋ.nɛ]
방을 같이,24,[paŋ.ɯl.kat̚.i],[baŋ.ɯl.gat̚.i]
살고 있니,24,[sal.ko.it̚.ni],[sal.ko.it̚.ni]
너무나 거침,24,[nʌ.mu.na.kʌ.tʃʰim],[nʌ.mu.na.gʌ.tʃʰim]
있다는 걸 알았죠,24,[it̚.ta.nɯŋ.kʌl.al.at̚.tʃjo],[it̚.ta.nɯn.gʌl.al.at̚.tʃjo]
못 할 거라,24,[mot̚.hal.kʌ.ɾa],[mot̚.hal.gʌ.ɾa]
첫째 날,24,[tʃʰʌt̚.tʃ͈ɛ.nal],[tʃʰʌt̚.tʃ͈ɛ.nal]
말해 봤자,24,[mal.hɛ.pwat̚.tʃa],[mal.hɛ.bwat̚.tʃa]
그런 걱정은 안,24,[kɯ.ɾʌŋ.kʌk̚.tʃʌŋ.ɯn.an],[gɯ.ɾʌn.gʌk̚.tʃʌŋ.ɯn.an]
하지 말랬잖아,24,[ha.tʃi.mal.ɾɛt̚.tʃan.a],[ha.dʒi.mal.ɾɛt̚.tʃan.a]
살기 위한,24,[sal.ki.wi.han],[sal.ki.wi.han]
안 할걸요,24,[an.hal.kʌl.jo],[an.hal.kʌl.jo]
아냐 오,24,[a.nja.o],[a.nja.o]
내 허리,24,[nɛ.hʌ.ɾi],[nɛ.hʌ.ɾi]
정말 최선을,24,[tʃʌŋ.mal.tʃʰwe.sʌn.ɯl],[dʒʌŋ.mal.tʃʰwe.sʌn.ɯl]
이동해야 합니다,24,[i.toŋ.hɛ.ja.hap̚.ni.ta],[i.doŋ.hɛ.ja.hap̚.ni.da]
못 믿을걸,24,[mot̚.mit̚.ɯl.kʌl],[mot̚.mit̚.ɯl.kʌl]
아무 말도 안 하고,24,[a.mu.mal.to.an.ha.ko],[a.mu.mal.to.an.ha.go]
너보다 나이가,24,[nʌ.po.ta.na.i.ka],[nʌ.bo.da.na.i.ga]
오늘 밤 안에,24,[o.nɯl.pam.an.e],[o.nɯl.bam.an.e]
깊은 곳을,24,[kip̚.ɯŋ.kot̚.ɯl],[gip̚.ɯn.got̚.ɯl]
그게 다음,24,[kɯ.ke.ta.ɯm],[gɯ.ge.da.ɯm]
번거롭게 해서,24,[pʌŋ.kʌ.ɾop̚.ke.hɛ.sʌ],[bʌŋ.kʌ.ɾop̚.ke.hɛ.sʌ]
살려낼 수,24,[sal.ɾjʌ.nɛl.su],[sal.ɾjʌ.nɛl.su]
한 표를,24,[ham.pʰjo.ɾɯl],[ham.pʰjo.ɾɯl]
하지만 거기엔,24,[ha.tʃi.maŋ.kʌ.ki.en],[ha.dʒi.man.gʌ.gi.en]
수 있지만 난,24,[su.it̚.tʃi.man.nan],[su.it̚.tʃi.man.nan]
있긴 뭐가,24,[it̚.kin.mwʌ.ka],[it̚.kin.mwʌ.ga]
잠시만요 제,24,[tʃam.si.man.jo.tʃe],[dʒam.si.man.jo.dʒe]
빨리 끝내자고,24,[p͈al.ɾi.k͈ɯt̚.nɛ.tʃa.ko],[p͈al.ɾi.k͈ɯt̚.nɛ.dʒa.go]
아내는 내가,24,[a.nɛ.nɯn.nɛ.ka],[a.nɛ.nɯn.nɛ.ga]
날 이용했어요,24,[nal.i.joŋ.hɛt̚.ʌ.jo],[nal.i.joŋ.hɛt̚.ʌ.jo]
케빈 삼촌,24,[kʰe.pin.san.tʃʰon],[kʰe.bin.san.tʃʰon]
당신이 두,24,[taŋ.sin.i.tu],[daŋ.sin.i.du]
가요 오늘,24,[ka.jo.o.nɯl],[ga.jo.o.nɯl]
잘 알고 있었다,24,[tʃal.al.ko.it̚.ʌt̚.ta],[dʒal.al.ko.it̚.ʌt̚.ta]
안 되는 줄,24,[an.twe.nɯn.tʃul],[an.dwe.nɯn.dʒul]
갈게 내,24,[kal.ke.nɛ],[gal.ke.nɛ]
미친 소리를,24,[mi.tʃʰin.so.ɾi.ɾɯl],[mi.tʃʰin.so.ɾi.ɾɯl]
것을 막을,24,[kʌt̚.ɯl.mak̚.ɯl],[gʌt̚.ɯl.mak̚.ɯl]
있긴 했어요,24,[it̚.kin.hɛt̚.ʌ.jo],[it̚.kin.hɛt̚.ʌ.jo]
내 담당,24,[nɛ.tan.taŋ],[nɛ.dan.taŋ]
또 다음,24,[t͈o.ta.ɯm],[t͈o.da.ɯm]
살아 남았습니다,24,[sal.a.nam.at̚.sɯp̚.ni.ta],[sal.a.nam.at̚.sɯp̚.ni.da]
울지 않을,24,[ul.tʃi.an.ɯl],[ul.tʃi.an.ɯl]
춤을 추면,24,[tʃʰum.ɯl.tʃʰu.mjʌn],[tʃʰum.ɯl.tʃʰu.mjʌn]
어디서 난 거죠,24,[ʌ.ti.sʌ.naŋ.kʌ.tʃjo],[ʌ.di.sʌ.nan.gʌ.dʒjo]
전화해 줘요,24,[tʃʌn.hwa.hɛ.tʃwʌ.jo],[dʒʌn.hwa.hɛ.dʒwʌ.jo]
있죠 누가,24,[it̚.tʃjo.nu.ka],[it̚.tʃjo.nu.ga]
잘못 보신,24,[tʃal.mot̚.po.sin],[dʒal.mot̚.bo.sin]
면책 특권을,24,[mjʌn.tʃʰɛk̚.tʰɯk̚.kwʌn.ɯl],[mjʌn.tʃʰɛk̚.tʰɯk̚.kwʌn.ɯl]
몸이 다,24,[mom.i.ta],[mom.i.da]
있나 볼까,24,[it̚.na.pol.k͈a],[it̚.na.bol.k͈a]
분 단위로,24,[pun.tan.wi.ɾo],[bun.dan.wi.ɾo]
빨리 뛰어요,24,[p͈al.ɾi.t͈wi.ʌ.jo],[p͈al.ɾi.t͈wi.ʌ.jo]
거긴 안 돼,24,[kʌ.kin.an.twɛ],[gʌ.gin.an.dwɛ]
있나 찾아봐,24,[it̚.na.tʃʰat̚.a.pwa],[it̚.na.tʃʰat̚.a.bwa]
이유가 있잖아,24,[i.ju.ka.it̚.tʃan.a],[i.ju.ga.it̚.tʃan.a]
너랑 더,24,[nʌ.ɾaŋ.tʌ],[nʌ.ɾaŋ.dʌ]
무슨 일이든지,24,[mu.sɯn.il.i.tɯn.tʃi],[mu.sɯn.il.i.dɯn.tʃi]
하는지 알겠어,24,[ha.nɯn.tʃi.al.ket̚.ʌ],[ha.nɯn.tʃi.al.ket̚.ʌ]
남자가 네,24,[nan.tʃa.ka.ne],[nan.tʃa.ga.ne]
누군지 알고 싶어,24,[nu.kun.tʃi.al.ko.sip̚.ʌ],[nu.gun.tʃi.al.ko.sip̚.ʌ]
나 있었어,24,[na.it̚.ʌt̚.ʌ],[na.it̚.ʌt̚.ʌ]
아내와 나는,24,[a.nɛ.wa.na.nɯn],[a.nɛ.wa.na.nɯn]
아니면 단지,24,[a.ni.mjʌn.tan.tʃi],[a.ni.mjʌn.dan.tʃi]
And you''ll,24,,
진정하고 마음이,24,[tʃin.tʃʌŋ.ha.ko.ma.ɯm.i],[dʒin.tʃʌŋ.ha.go.ma.ɯm.i]
and just,24,,
충격을 받아서,24,[tʃʰuŋ.kjʌk̚.ɯl.pat̚.a.sʌ],[tʃʰuŋ.gjʌk̚.ɯl.bat̚.a.sʌ]
거야 세상을,24,[kʌ.ja.se.saŋ.ɯl],[gʌ.ja.se.saŋ.ɯl]
다 들었지,24,[ta.tɯl.ʌt̚.tʃi],[da.dɯl.ʌt̚.tʃi]
무슨 일인지 말해 봐,24,[mu.sɯn.il.in.tʃi.mal.hɛ.pwa],[mu.sɯn.il.in.tʃi.mal.hɛ.bwa]
was very,24,,
안 되면요,24,[an.twe.mjʌn.jo],[an.dwe.mjʌn.jo]
거기 있었군요,24,[kʌ.ki.it̚.ʌt̚.kun.jo],[gʌ.gi.it̚.ʌt̚.kun.jo]
만들어진 것,24,[man.tɯl.ʌ.tʃiŋ.kʌt̚],[man.tɯl.ʌ.dʒin.gʌt̚]
내가 자네라면,24,[nɛ.ka.tʃa.ne.ɾa.mjʌn],[nɛ.ga.dʒa.ne.ɾa.mjʌn]
to read,24,,
수고 많았다,24,[su.ko.man.at̚.ta],[su.go.man.at̚.ta]
직접 물어보시죠,24,[tʃik̚.tʃʌp̚.mul.ʌ.po.si.tʃjo],[dʒik̚.tʃʌp̚.mul.ʌ.bo.si.dʒjo]
안 돼요 알았어요,24,[an.twɛ.jo.al.at̚.ʌ.jo],[an.dwɛ.jo.al.at̚.ʌ.jo]
아니야 아빠가,24,[a.ni.ja.a.p͈a.ka],[a.ni.ja.a.p͈a.ga]
그건 당신에게,24,[kɯ.kʌn.taŋ.sin.e.ke],[gɯ.gʌn.daŋ.sin.e.ge]
누군지 알기나 해,24,[nu.kun.tʃi.al.ki.na.hɛ],[nu.gun.tʃi.al.ki.na.hɛ]
게 믿기지가,24,[ke.mit̚.ki.tʃi.ka],[ge.mit̚.ki.dʒi.ga]
다 먹지,24,[ta.mʌk̚.tʃi],[da.mʌk̚.tʃi]
방해하지 마요,24,[paŋ.hɛ.ha.tʃi.ma.jo],[baŋ.hɛ.ha.dʒi.ma.jo]
텐데요 그럼,24,[tʰen.te.jo.kɯ.ɾʌm],[tʰen.te.jo.gɯ.ɾʌm]
있네 이제,24,[it̚.ne.i.tʃe],[it̚.ne.i.dʒe]
유색 인종,24,[ju.sɛk̚.in.tʃoŋ],[ju.sɛk̚.in.tʃoŋ]
그게 우리한테,24,[kɯ.ke.u.ɾi.han.tʰe],[gɯ.ge.u.ɾi.han.tʰe]
너와 내가 이야기를,24,[nʌ.wa.nɛ.ka.i.ja.ki.ɾɯl],[nʌ.wa.nɛ.ga.i.ja.gi.ɾɯl]
너와 내가 이야기를 나누도록,24,[nʌ.wa.nɛ.ka.i.ja.ki.ɾɯl.la.nu.to.ɾok̚],[nʌ.wa.nɛ.ga.i.ja.gi.ɾɯl.la.nu.do.ɾok̚]
큰 친구,24,[kʰɯn.tʃʰiŋ.ku],[kʰɯn.tʃʰiŋ.ku]
해 맞아요,24,[hɛ.mat̚.a.jo],[hɛ.mat̚.a.jo]
내가 도울 일,24,[nɛ.ka.to.ul.il],[nɛ.ga.do.ul.il]
내가 알았다면,24,[nɛ.ka.al.at̚.ta.mjʌn],[nɛ.ga.al.at̚.ta.mjʌn]
뭐가 마음에,24,[mwʌ.ka.ma.ɯm.e],[mwʌ.ga.ma.ɯm.e]
언제까지 이럴,24,[ʌn.tʃe.k͈a.tʃi.i.ɾʌl],[ʌn.tʃe.k͈a.dʒi.i.ɾʌl]
보려고 왔어,24,[po.ɾjʌ.ko.wat̚.ʌ],[bo.ɾjʌ.go.wat̚.ʌ]
잠깐 나갔다 올게요,24,[tʃam.k͈an.na.kat̚.ta.ol.ke.jo],[dʒam.k͈an.na.gat̚.ta.ol.ke.jo]
너와 무슨,24,[nʌ.wa.mu.sɯn],[nʌ.wa.mu.sɯn]
유이 짱,24,[ju.i.tʃ͈aŋ],[ju.i.tʃ͈aŋ]
내 병을,24,[nɛ.pjʌŋ.ɯl],[nɛ.bjʌŋ.ɯl]
사랑이나 꿈 같은,24,[sa.ɾaŋ.i.na.k͈um.kat̚.ɯn],[sa.ɾaŋ.i.na.k͈um.gat̚.ɯn]
보려고 했어,24,[po.ɾjʌ.ko.hɛt̚.ʌ],[bo.ɾjʌ.go.hɛt̚.ʌ]
누가 그랬을까요,24,[nu.ka.kɯ.ɾɛt̚.ɯl.k͈a.jo],[nu.ga.gɯ.ɾɛt̚.ɯl.k͈a.jo]
한 게 아니라고,24,[haŋ.ke.a.ni.ɾa.ko],[han.ge.a.ni.ɾa.go]
안 올지도,24,[an.ol.tʃi.to],[an.ol.tʃi.do]
자기는 정말,24,[tʃa.ki.nɯn.tʃʌŋ.mal],[dʒa.gi.nɯn.dʒʌŋ.mal]
슈퍼걸 S,24,[sju.pʰʌ.kʌl],[sju.pʰʌ.gʌl]
수도 없습니다,24,[su.to.ʌp̚.sɯp̚.ni.ta],[su.do.ʌp̚.sɯp̚.ni.da]
너흰 내,24,[nʌ.hɯin.nɛ],[nʌ.hɯin.nɛ]
어젯밤 우리,24,[ʌ.tʃet̚.pam.u.ɾi],[ʌ.dʒet̚.pam.u.ɾi]
건 나를,24,[kʌn.na.ɾɯl],[gʌn.na.ɾɯl]
방금 뭐가,24,[paŋ.kɯm.mwʌ.ka],[baŋ.gɯm.mwʌ.ga]
아직 하고,24,[a.tʃik̚.ha.ko],[a.dʒik̚.ha.go]
너와 함께하고,24,[nʌ.wa.ham.k͈e.ha.ko],[nʌ.wa.ham.k͈e.ha.go]
살인 같은,24,[sal.iŋ.kat̚.ɯn],[sal.in.gat̚.ɯn]
유일한 길이,24,[ju.il.haŋ.kil.i],[ju.il.han.gil.i]
보지 못해,24,[po.tʃi.mot̚.hɛ],[bo.dʒi.mot̚.hɛ]
네가 한 말을,24,[ne.ka.han.mal.ɯl],[ne.ga.han.mal.ɯl]
살인 두,24,[sal.in.tu],[sal.in.du]
이 일에 관여하지,24,[i.il.e.kwan.jʌ.ha.tʃi],[i.il.e.gwan.jʌ.ha.dʒi]
뭘 원하냐고,24,[mwʌl.wʌn.ha.nja.ko],[mwʌl.wʌn.ha.nja.go]
단 한번,24,[tan.ham.pʌn],[dan.ham.pʌn]
때문에 말야,24,[t͈ɛ.mun.e.mal.ja],[t͈ɛ.mun.e.mal.ja]
안다 해도,24,[an.ta.hɛ.to],[an.ta.hɛ.do]
내 생각이지만,24,[nɛ.sɛŋ.kak̚.i.tʃi.man],[nɛ.sɛŋ.gak̚.i.dʒi.man]
왜 이해를 못,24,[wɛ.i.hɛ.ɾɯl.mot̚],[wɛ.i.hɛ.ɾɯl.mot̚]
하지만 내가 그,24,[ha.tʃi.man.nɛ.ka.kɯ],[ha.dʒi.man.nɛ.ga.gɯ]
좋은 대접을,24,[tʃot̚.ɯn.tɛ.tʃʌp̚.ɯl],[dʒot̚.ɯn.dɛ.dʒʌp̚.ɯl]
더 좋은 거야,24,[tʌ.tʃot̚.ɯŋ.kʌ.ja],[dʌ.dʒot̚.ɯn.gʌ.ja]
겁을 먹었어,24,[kʌp̚.ɯl.mʌk̚.ʌt̚.ʌ],[gʌp̚.ɯl.mʌk̚.ʌt̚.ʌ]
그럼 실례하겠습니다,24,[kɯ.ɾʌm.sil.ɾje.ha.ket̚.sɯp̚.ni.ta],[gɯ.ɾʌm.sil.ɾje.ha.get̚.sɯp̚.ni.da]
받아 주지,24,[pat̚.a.tʃu.tʃi],[bat̚.a.dʒu.dʒi]
자 막,24,[tʃa.mak̚],[dʒa.mak̚]
말이에요 그냥,24,[mal.i.e.jo.kɯ.njaŋ],[mal.i.e.jo.gɯ.njaŋ]
게 아니었다고,24,[ke.a.ni.ʌt̚.ta.ko],[ge.a.ni.ʌt̚.ta.go]
유일한 사람이었다,24,[ju.il.han.sa.ɾam.i.ʌt̚.ta],[ju.il.han.sa.ɾam.i.ʌt̚.ta]
밤은 안 돼,24,[pam.ɯn.an.twɛ],[bam.ɯn.an.dwɛ]
다섯 달,24,[ta.sʌt̚.tal],[da.sʌt̚.dal]
얘기 들을,24,[jɛ.ki.tɯl.ɯl],[jɛ.gi.dɯl.ɯl]
너의 보조개가 좋아 너의,24,[nʌ.ɯi.po.tʃo.kɛ.ka.tʃot̚.a.nʌ.ɯi],[nʌ.ɯi.bo.dʒo.gɛ.ga.dʒot̚.a.nʌ.ɯi]
not exactly,24,,
같이 있는 건,24,[kat̚.i.it̚.nɯŋ.kʌn],[gat̚.i.it̚.nɯn.gʌn]
이라고 했어요,24,[i.ɾa.ko.hɛt̚.ʌ.jo],[i.ɾa.go.hɛt̚.ʌ.jo]
to trust,24,,
개월 후면,24,[kɛ.wʌl.hu.mjʌn],[gɛ.wʌl.hu.mjʌn]
이렇게 오래 걸리는,24,[i.ɾʌt̚.ke.o.ɾɛ.kʌl.ɾi.nɯn],[i.ɾʌt̚.ke.o.ɾɛ.gʌl.ɾi.nɯn]
너의 속눈썹과 무심함까지도 너의,24,[nʌ.ɯi.sok̚.nun.s͈ʌp̚.kwa.mu.sim.ham.k͈a.tʃi.to.nʌ.ɯi],[nʌ.ɯi.sok̚.nun.s͈ʌp̚.kwa.mu.sim.ham.k͈a.dʒi.do.nʌ.ɯi]
행복이 아니죠,24,[hɛm.pok̚.i.a.ni.tʃjo],[hɛŋ.bok̚.i.a.ni.dʒjo]
아마 요정이 주문을 걸었나,24,[a.ma.jo.tʃʌŋ.i.tʃu.mun.ɯl.kʌl.ʌt̚.na],[a.ma.jo.dʒʌŋ.i.dʒu.mun.ɯl.gʌl.ʌt̚.na]
치료를 받아야 해요,24,[tʃʰi.ɾjo.ɾɯl.pat̚.a.ja.hɛ.jo],[tʃʰi.ɾjo.ɾɯl.bat̚.a.ja.hɛ.jo]
혼자 하지,24,[hon.tʃa.ha.tʃi],[hon.tʃa.ha.dʒi]
행동하지 않으면,24,[hɛŋ.toŋ.ha.tʃi.an.ɯ.mjʌn],[hɛŋ.doŋ.ha.dʒi.an.ɯ.mjʌn]
다른 일 때문에,24,[ta.ɾɯn.il.t͈ɛ.mun.e],[da.ɾɯn.il.t͈ɛ.mun.e]
것밖에 몰라,24,[kʌt̚.pak̚.e.mol.ɾa],[gʌt̚.pak̚.e.mol.ɾa]
아무 도움 안,24,[a.mu.to.um.an],[a.mu.do.um.an]
있는 건 아니고,24,[it̚.nɯŋ.kʌn.a.ni.ko],[it̚.nɯn.gʌn.a.ni.go]
소리를 들어,24,[so.ɾi.ɾɯl.tɯl.ʌ],[so.ɾi.ɾɯl.dɯl.ʌ]
언성 높이면서,24,[ʌn.sʌŋ.nop̚.i.mjʌn.sʌ],[ʌn.sʌŋ.nop̚.i.mjʌn.sʌ]
너의 인생을,24,[nʌ.ɯi.in.sɛŋ.ɯl],[nʌ.ɯi.in.sɛŋ.ɯl]
걸 고려해,24,[kʌl.ko.ɾjʌ.hɛ],[gʌl.go.ɾjʌ.hɛ]
너의 장갑과 심장 박동까지도,24,[nʌ.ɯi.tʃaŋ.kap̚.kwa.sin.tʃam.pak̚.toŋ.k͈a.tʃi.to],[nʌ.ɯi.dʒaŋ.gap̚.kwa.sin.tʃaŋ.bak̚.toŋ.k͈a.dʒi.do]
살펴 봐,24,[sal.pʰjʌ.pwa],[sal.pʰjʌ.bwa]
이유를 알 수,24,[i.ju.ɾɯl.al.su],[i.ju.ɾɯl.al.su]
해 오빠,24,[hɛ.o.p͈a],[hɛ.o.p͈a]
어떤 사람이든,24,[ʌ.t͈ʌn.sa.ɾam.i.tɯn],[ʌ.t͈ʌn.sa.ɾam.i.dɯn]
너의 코트가,24,[nʌ.ɯi.kʰo.tʰɯ.ka],[nʌ.ɯi.kʰo.tʰɯ.ga]
좀 먹어라,24,[tʃom.mʌk̚.ʌ.ɾa],[dʒom.mʌk̚.ʌ.ɾa]
보호해야 합니다,24,[po.ho.hɛ.ja.hap̚.ni.ta],[bo.ho.hɛ.ja.hap̚.ni.da]
좋네요 제가,24,[tʃot̚.ne.jo.tʃe.ka],[dʒot̚.ne.jo.dʒe.ga]
말씀드린 거예요,24,[mal.s͈ɯn.tɯ.ɾiŋ.kʌ.je.jo],[mal.s͈ɯn.tɯ.ɾin.gʌ.je.jo]
어쨌든 정말,24,[ʌ.tʃ͈ɛt̚.tɯn.tʃʌŋ.mal],[ʌ.tʃ͈ɛt̚.tɯn.dʒʌŋ.mal]
추위에 떠는,24,[tʃʰu.wi.e.t͈ʌ.nɯn],[tʃʰu.wi.e.t͈ʌ.nɯn]
허가를 받은,24,[hʌ.ka.ɾɯl.pat̚.ɯn],[hʌ.ga.ɾɯl.bat̚.ɯn]
다들 나,24,[ta.tɯl.la],[da.dɯl.la]
아무것도 증명할,24,[a.mu.kʌt̚.to.tʃɯŋ.mjʌŋ.hal],[a.mu.gʌt̚.to.dʒɯŋ.mjʌŋ.hal]
따라오는 게,24,[t͈a.ɾa.o.nɯŋ.ke],[t͈a.ɾa.o.nɯn.ge]
같은 상황에,24,[kat̚.ɯn.saŋ.hwaŋ.e],[gat̚.ɯn.saŋ.hwaŋ.e]
그 그,24,[kɯ.kɯ],[gɯ.gɯ]
박수 부탁해요,24,[pak̚.su.pu.tʰak̚.hɛ.jo],[bak̚.su.bu.tʰak̚.hɛ.jo]
아마 요정이,24,[a.ma.jo.tʃʌŋ.i],[a.ma.jo.dʒʌŋ.i]
삶과 죽음을,24,[sam.kwa.tʃuk̚.ɯm.ɯl],[sam.kwa.dʒuk̚.ɯm.ɯl]
목이 메도 처음의 순수한,24,[mok̚.i.me.to.tʃʰʌ.ɯm.ɯi.sun.su.han],[mok̚.i.me.do.tʃʰʌ.ɯm.ɯi.sun.su.han]
저는 그때,24,[tʃʌ.nɯŋ.kɯ.t͈ɛ],[dʒʌ.nɯn.gɯ.t͈ɛ]
목이 메도 처음의,24,[mok̚.i.me.to.tʃʰʌ.ɯm.ɯi],[mok̚.i.me.do.tʃʰʌ.ɯm.ɯi]
날 체포하는,24,[nal.tʃʰe.pʰo.ha.nɯn],[nal.tʃʰe.pʰo.ha.nɯn]
내가 운전하는,24,[nɛ.ka.un.tʃʌn.ha.nɯn],[nɛ.ga.un.tʃʌn.ha.nɯn]
그 기계가,24,[kɯ.ki.kje.ka],[gɯ.gi.gje.ga]
점점 나빠지고,24,[tʃʌn.tʃʌm.na.p͈a.tʃi.ko],[dʒʌn.tʃʌm.na.p͈a.dʒi.go]
좀 열어요,24,[tʃom.jʌl.ʌ.jo],[dʒom.jʌl.ʌ.jo]
소년들은 라이더 몬스터와,24,[so.njʌn.tɯl.ɯl.la.i.tʌ.mon.sɯ.tʰʌ.wa],[so.njʌn.tɯl.ɯl.la.i.dʌ.mon.sɯ.tʰʌ.wa]
어서 제발,24,[ʌ.sʌ.tʃe.pal],[ʌ.sʌ.dʒe.bal]
친구 나,24,[tʃʰiŋ.ku.na],[tʃʰiŋ.ku.na]
박수로 맞아,24,[pak̚.su.ɾo.mat̚.a],[bak̚.su.ɾo.mat̚.a]
있는 것 같았다,24,[it̚.nɯŋ.kʌt̚.kat̚.at̚.ta],[it̚.nɯn.gʌt̚.gat̚.at̚.ta]
얘기가 많아,24,[jɛ.ki.ka.man.a],[jɛ.gi.ga.man.a]
결정할 때까지,24,[kjʌl.tʃʌŋ.hal.t͈ɛ.k͈a.tʃi],[gjʌl.tʃʌŋ.hal.t͈ɛ.k͈a.dʒi]
뺏는 게,24,[p͈ɛt̚.nɯŋ.ke],[p͈ɛt̚.nɯn.ge]
위해 그럼,24,[wi.hɛ.kɯ.ɾʌm],[wi.hɛ.gɯ.ɾʌm]
거지 이거,24,[kʌ.tʃi.i.kʌ],[gʌ.dʒi.i.gʌ]
보도록 하겠습니다,24,[po.to.ɾok̚.ha.ket̚.sɯp̚.ni.ta],[bo.do.ɾok̚.ha.get̚.sɯp̚.ni.da]
집에 왔잖아,24,[tʃip̚.e.wat̚.tʃan.a],[dʒip̚.e.wat̚.tʃan.a]
겁내지 말라고 꿈아,24,[kʌp̚.nɛ.tʃi.mal.ɾa.ko.k͈um.a],[gʌp̚.nɛ.dʒi.mal.ɾa.go.k͈um.a]
만약 그런 일이,24,[man.jak̚.kɯ.ɾʌn.il.i],[man.jak̚.gɯ.ɾʌn.il.i]
것보다 낫죠,24,[kʌt̚.po.ta.nat̚.tʃjo],[gʌt̚.po.da.nat̚.tʃjo]
제공할 것이다,24,[tʃe.koŋ.hal.kʌt̚.i.ta],[dʒe.goŋ.hal.gʌt̚.i.da]
just me,24,,
또 나예요,24,[t͈o.na.je.jo],[t͈o.na.je.jo]
나 약,24,[na.jak̚],[na.jak̚]
아니 너무,24,[a.ni.nʌ.mu],[a.ni.nʌ.mu]
깔고 앉아,24,[k͈al.ko.an.a],[k͈al.ko.an.a]
니 옆에,24,[ni.jʌp̚.e],[ni.jʌp̚.e]
가지고 있다는 것,24,[ka.tʃi.ko.it̚.ta.nɯŋ.kʌt̚],[ga.dʒi.go.it̚.ta.nɯn.gʌt̚]
날 풀어주면,24,[nal.pʰul.ʌ.tʃu.mjʌn],[nal.pʰul.ʌ.dʒu.mjʌn]
보자고 내,24,[po.tʃa.ko.nɛ],[bo.dʒa.go.nɛ]
스스로 이,24,[sɯ.sɯ.ɾo.i],[sɯ.sɯ.ɾo.i]
이의 없습니다,24,[i.ɯi.ʌp̚.sɯp̚.ni.ta],[i.ɯi.ʌp̚.sɯp̚.ni.da]
하는데 우리,24,[ha.nɯn.te.u.ɾi],[ha.nɯn.te.u.ɾi]
같은 소리 하지 마,24,[kat̚.ɯn.so.ɾi.ha.tʃi.ma],[gat̚.ɯn.so.ɾi.ha.dʒi.ma]
같은 소리가,24,[kat̚.ɯn.so.ɾi.ka],[gat̚.ɯn.so.ɾi.ga]
참여 안,24,[tʃʰam.jʌ.an],[tʃʰam.jʌ.an]
할 수 있어 이,24,[hal.su.it̚.ʌ.i],[hal.su.it̚.ʌ.i]
없게 됐어 널 얼마나,24,[ʌp̚.ke.twɛt̚.ʌ.nʌl.ʌl.ma.na],[ʌp̚.ke.dwɛt̚.ʌ.nʌl.ʌl.ma.na]
별 말,24,[pjʌl.mal],[bjʌl.mal]
아시다시피 전,24,[a.si.ta.si.pʰi.tʃʌn],[a.si.da.si.pʰi.dʒʌn]
있는 게 아닐까,24,[it̚.nɯŋ.ke.a.nil.k͈a],[it̚.nɯn.ge.a.nil.k͈a]
그럼요 제,24,[kɯ.ɾʌm.jo.tʃe],[gɯ.ɾʌm.jo.dʒe]
뒤를 따라,24,[twi.ɾɯl.t͈a.ɾa],[dwi.ɾɯl.t͈a.ɾa]
적 있었지,24,[tʃʌk̚.it̚.ʌt̚.tʃi],[dʒʌk̚.it̚.ʌt̚.tʃi]
안에 계셔,24,[an.e.kje.sjʌ],[an.e.gje.sjʌ]
니 진짜,24,[ni.tʃin.tʃ͈a],[ni.dʒin.tʃ͈a]
하지만 저건,24,[ha.tʃi.man.tʃʌ.kʌn],[ha.dʒi.man.dʒʌ.gʌn]
했지만 그는,24,[hɛt̚.tʃi.maŋ.kɯ.nɯn],[hɛt̚.tʃi.man.gɯ.nɯn]
차도 안,24,[tʃʰa.to.an],[tʃʰa.do.an]
얘기할 기회가,24,[jɛ.ki.hal.ki.hwe.ka],[jɛ.gi.hal.gi.hwe.ga]
난 어디에 머물,24,[nan.ʌ.ti.e.mʌ.mul],[nan.ʌ.di.e.mʌ.mul]
일을 위한,24,[il.ɯl.wi.han],[il.ɯl.wi.han]
아무것도 한,24,[a.mu.kʌt̚.to.han],[a.mu.gʌt̚.to.han]
있어 총,24,[it̚.ʌ.tʃʰoŋ],[it̚.ʌ.tʃʰoŋ]
달러 밖에,24,[tal.ɾʌ.pak̚.e],[dal.ɾʌ.bak̚.e]
공군 특수부대,24,[koŋ.kun.tʰɯk̚.su.pu.tɛ],[goŋ.gun.tʰɯk̚.su.bu.dɛ]
없잖아 지금,24,[ʌp̚.tʃan.a.tʃi.kɯm],[ʌp̚.tʃan.a.dʒi.gɯm]
재송신을 요청한다,24,[tʃɛ.soŋ.sin.ɯl.jo.tʃʰʌŋ.han.ta],[dʒɛ.soŋ.sin.ɯl.jo.tʃʰʌŋ.han.ta]
그렇게 쉽지는,24,[kɯ.ɾʌt̚.ke.swip̚.tʃi.nɯn],[gɯ.ɾʌt̚.ke.swip̚.tʃi.nɯn]
재수 없다,24,[tʃɛ.su.ʌp̚.ta],[dʒɛ.su.ʌp̚.ta]
맞아요 진짜,24,[mat̚.a.jo.tʃin.tʃ͈a],[mat̚.a.jo.dʒin.tʃ͈a]
가져야지 내가 얼마나 잘,24,[ka.tʃjʌ.ja.tʃi.nɛ.ka.ʌl.ma.na.tʃal],[ga.dʒjʌ.ja.dʒi.nɛ.ga.ʌl.ma.na.dʒal]
볼 수 있는 거야,24,[pol.su.it̚.nɯŋ.kʌ.ja],[bol.su.it̚.nɯn.gʌ.ja]
아이고 참,24,[a.i.ko.tʃʰam],[a.i.go.tʃʰam]
갖고 싶은 게,24,[kat̚.ko.sip̚.ɯŋ.ke],[gat̚.ko.sip̚.ɯn.ge]
내가 모든 것을,24,[nɛ.ka.mo.tɯŋ.kʌt̚.ɯl],[nɛ.ga.mo.dɯn.gʌt̚.ɯl]
경기가 안,24,[kjʌŋ.ki.ka.an],[gjʌŋ.gi.ga.an]
것 같군 네,24,[kʌt̚.kat̚.kun.ne],[gʌt̚.gat̚.kun.ne]
아닐까 싶어,24,[a.nil.k͈a.sip̚.ʌ],[a.nil.k͈a.sip̚.ʌ]
that can,24,,
잭슨 대위님,24,[tʃɛk̚.sɯn.tɛ.wi.nim],[dʒɛk̚.sɯn.dɛ.wi.nim]
계획이 있지,24,[kje.hwek̚.i.it̚.tʃi],[gje.hwek̚.i.it̚.tʃi]
차라리 지금,24,[tʃʰa.ɾa.ɾi.tʃi.kɯm],[tʃʰa.ɾa.ɾi.dʒi.gɯm]
프로그램에 대한,24,[pʰɯ.ɾo.kɯ.ɾɛm.e.tɛ.han],[pʰɯ.ɾo.gɯ.ɾɛm.e.dɛ.han]
갇히게 될,24,[kat̚.hi.ke.twel],[gat̚.hi.ge.dwel]
거기 가야,24,[kʌ.ki.ka.ja],[gʌ.gi.ga.ja]
은행 계좌가,24,[ɯn.hɛŋ.kje.tʃwa.ka],[ɯn.hɛŋ.gje.dʒwa.ga]
정말 그러길,24,[tʃʌŋ.mal.kɯ.ɾʌ.kil],[dʒʌŋ.mal.gɯ.ɾʌ.gil]
네가 여기 왜,24,[ne.ka.jʌ.ki.wɛ],[ne.ga.jʌ.gi.wɛ]
난 아무대도 안,24,[nan.a.mu.tɛ.to.an],[nan.a.mu.dɛ.do.an]
다시 가면,24,[ta.si.ka.mjʌn],[da.si.ga.mjʌn]
당신 스스로를,24,[taŋ.sin.sɯ.sɯ.ɾo.ɾɯl],[daŋ.sin.sɯ.sɯ.ɾo.ɾɯl]
sub by kairan,24,,
상대가 아니야,24,[saŋ.tɛ.ka.a.ni.ja],[saŋ.dɛ.ga.a.ni.ja]
아주 섹시한,24,[a.tʃu.sek̚.si.han],[a.dʒu.sek̚.si.han]
남자를 만나야,24,[nan.tʃa.ɾɯl.man.na.ja],[nan.tʃa.ɾɯl.man.na.ja]
되돌릴 수 있는,24,[twe.tol.ɾil.su.it̚.nɯn],[dwe.dol.ɾil.su.it̚.nɯn]
달러 건다,24,[tal.ɾʌ.kʌn.ta],[dal.ɾʌ.gʌn.ta]
못 했는데요,24,[mot̚.hɛt̚.nɯn.te.jo],[mot̚.hɛt̚.nɯn.te.jo]
같은 애들은,24,[kat̚.ɯn.ɛ.tɯl.ɯn],[gat̚.ɯn.ɛ.dɯl.ɯn]
혹시 모를,24,[hok̚.si.mo.ɾɯl],[hok̚.si.mo.ɾɯl]
이기는 데,24,[i.ki.nɯn.te],[i.gi.nɯn.de]
내가 머리,24,[nɛ.ka.mʌ.ɾi],[nɛ.ga.mʌ.ɾi]
뿐이에요 당신이,24,[p͈un.i.e.jo.taŋ.sin.i],[p͈un.i.e.jo.daŋ.sin.i]
알고 있었어 내가,24,[al.ko.it̚.ʌt̚.ʌ.nɛ.ka],[al.ko.it̚.ʌt̚.ʌ.nɛ.ga]
달러 내,24,[tal.ɾʌ.nɛ],[dal.ɾʌ.nɛ]
다스 베이더,24,[ta.sɯ.pe.i.tʌ],[da.sɯ.be.i.dʌ]
됐어요 다른,24,[twɛt̚.ʌ.jo.ta.ɾɯn],[dwɛt̚.ʌ.jo.da.ɾɯn]
내가 아기,24,[nɛ.ka.a.ki],[nɛ.ga.a.gi]
저 밖,24,[tʃʌ.pak̚],[dʒʌ.bak̚]
거에요 오,24,[kʌ.e.jo.o],[gʌ.e.jo.o]
아직 뭐,24,[a.tʃik̚.mwʌ],[a.dʒik̚.mwʌ]
왜 내가 널,24,[wɛ.nɛ.ka.nʌl],[wɛ.nɛ.ga.nʌl]
그만 가보겠습니다,24,[kɯ.maŋ.ka.po.ket̚.sɯp̚.ni.ta],[gɯ.man.ga.bo.get̚.sɯp̚.ni.da]
돼 아무것도,24,[twɛ.a.mu.kʌt̚.to],[dwɛ.a.mu.gʌt̚.to]
상상할 수 있다,24,[saŋ.saŋ.hal.su.it̚.ta],[saŋ.saŋ.hal.su.it̚.ta]
저 사람에게,24,[tʃʌ.sa.ɾam.e.ke],[dʒʌ.sa.ɾam.e.ge]
당황한 소리,24,[taŋ.hwaŋ.han.so.ɾi],[daŋ.hwaŋ.han.so.ɾi]
I had a voice,24,,
어디서 왔는지 말이야,24,[ʌ.ti.sʌ.wat̚.nɯn.tʃi.mal.i.ja],[ʌ.di.sʌ.wat̚.nɯn.tʃi.mal.i.ja]
중 단 한,24,[tʃuŋ.tan.han],[dʒuŋ.dan.han]
이래 봤자,24,[i.ɾɛ.pwat̚.tʃa],[i.ɾɛ.bwat̚.tʃa]
나와 있다,24,[na.wa.it̚.ta],[na.wa.it̚.ta]
한 놈만 잡으면,24,[han.nom.man.tʃap̚.ɯ.mjʌn],[han.nom.man.dʒap̚.ɯ.mjʌn]
할까 해,24,[hal.k͈a.hɛ],[hal.k͈a.hɛ]
뿐이지 난,24,[p͈un.i.tʃi.nan],[p͈un.i.dʒi.nan]
안전 금고에,24,[an.tʃʌŋ.kɯm.ko.e],[an.tʃʌn.gɯm.ko.e]
못 갈 줄,24,[mot̚.kal.tʃul],[mot̚.gal.dʒul]
봐 주는,24,[pwa.tʃu.nɯn],[bwa.dʒu.nɯn]
보세요 이런,24,[po.se.jo.i.ɾʌn],[bo.se.jo.i.ɾʌn]
잘 하는데,24,[tʃal.ha.nɯn.te],[dʒal.ha.nɯn.te]
한 단어,24,[han.tan.ʌ],[han.dan.ʌ]
저 엄청,24,[tʃʌ.ʌn.tʃʰʌŋ],[dʒʌ.ʌn.tʃʰʌŋ]
just that,24,,
거나 다름없지,24,[kʌ.na.ta.ɾɯm.ʌp̚.tʃi],[gʌ.na.da.ɾɯm.ʌp̚.tʃi]
아직 잘 모르겠어요,24,[a.tʃik̚.tʃal.mo.ɾɯ.ket̚.ʌ.jo],[a.dʒik̚.dʒal.mo.ɾɯ.get̚.ʌ.jo]
후회하게 하지,24,[hu.hwe.ha.ke.ha.tʃi],[hu.hwe.ha.ge.ha.dʒi]
그런 것일까요,24,[kɯ.ɾʌŋ.kʌt̚.il.k͈a.jo],[gɯ.ɾʌn.gʌt̚.il.k͈a.jo]
매번 그,24,[mɛ.pʌŋ.kɯ],[mɛ.bʌn.gɯ]
뒤척였는지 가슴이 아프고,24,[twi.tʃʰʌk̚.jʌt̚.nɯn.tʃi.ka.sɯm.i.a.pʰɯ.ko],[dwi.tʃʰʌk̚.jʌt̚.nɯn.tʃi.ga.sɯm.i.a.pʰɯ.go]
깜짝 파티,24,[k͈an.tʃ͈ak̚.pʰa.tʰi],[k͈an.tʃ͈ak̚.pʰa.tʰi]
전혀 넌,24,[tʃʌn.hjʌ.nʌn],[dʒʌn.hjʌ.nʌn]
말아요 날,24,[mal.a.jo.nal],[mal.a.jo.nal]
상자 좀,24,[saŋ.tʃa.tʃom],[saŋ.dʒa.dʒom]
달러 어때,24,[tal.ɾʌ.ʌ.t͈ɛ],[dal.ɾʌ.ʌ.t͈ɛ]
아는 게 있나요,24,[a.nɯŋ.ke.it̚.na.jo],[a.nɯn.ge.it̚.na.jo]
뭘 하려는 거죠,24,[mwʌl.ha.ɾjʌ.nɯŋ.kʌ.tʃjo],[mwʌl.ha.ɾjʌ.nɯn.gʌ.dʒjo]
있는 모든 것은,24,[it̚.nɯn.mo.tɯŋ.kʌt̚.ɯn],[it̚.nɯn.mo.dɯn.gʌt̚.ɯn]
소리 이어진다,24,[so.ɾi.i.ʌ.tʃin.ta],[so.ɾi.i.ʌ.dʒin.ta]
어떤 일은,24,[ʌ.t͈ʌn.il.ɯn],[ʌ.t͈ʌn.il.ɯn]
너희 왜,24,[nʌ.hɯi.wɛ],[nʌ.hɯi.wɛ]
아는 게 하나도,24,[a.nɯŋ.ke.ha.na.to],[a.nɯn.ge.ha.na.do]
있는 지금,24,[it̚.nɯn.tʃi.kɯm],[it̚.nɯn.dʒi.gɯm]
간에 그건,24,[kan.e.kɯ.kʌn],[gan.e.gɯ.gʌn]
그러기 싫은데,24,[kɯ.ɾʌ.ki.sil.ɯn.te],[gɯ.ɾʌ.gi.sil.ɯn.te]
전에 서둘러,24,[tʃʌn.e.sʌ.tul.ɾʌ],[dʒʌn.e.sʌ.dul.ɾʌ]
몰라도 그런,24,[mol.ɾa.to.kɯ.ɾʌn],[mol.ɾa.do.gɯ.ɾʌn]
뭘 하면 될까요,24,[mwʌl.ha.mjʌn.twel.k͈a.jo],[mwʌl.ha.mjʌn.dwel.k͈a.jo]
음 아,24,[ɯm.a],[ɯm.a]
너무 좋네,24,[nʌ.mu.tʃot̚.ne],[nʌ.mu.dʒot̚.ne]
상처 주려고,24,[saŋ.tʃʰʌ.tʃu.ɾjʌ.ko],[saŋ.tʃʰʌ.dʒu.ɾjʌ.go]
태워 줘,24,[tʰɛ.wʌ.tʃwʌ],[tʰɛ.wʌ.dʒwʌ]
다시 쓸 수,24,[ta.si.s͈ɯl.su],[da.si.s͈ɯl.su]
상처 하나 없이,24,[saŋ.tʃʰʌ.ha.na.ʌp̚.i],[saŋ.tʃʰʌ.ha.na.ʌp̚.i]
어떤 생각,24,[ʌ.t͈ʌn.sɛŋ.kak̚],[ʌ.t͈ʌn.sɛŋ.gak̚]
거야 겨우,24,[kʌ.ja.kjʌ.u],[gʌ.ja.gjʌ.u]
바보같은 소리,24,[pa.po.kat̚.ɯn.so.ɾi],[ba.bo.gat̚.ɯn.so.ɾi]
아픈지 넌 알고 있잖아,24,[a.pʰɯn.tʃi.nʌn.al.ko.it̚.tʃan.a],[a.pʰɯn.tʃi.nʌn.al.ko.it̚.tʃan.a]
그래도 오늘은,24,[kɯ.ɾɛ.to.o.nɯl.ɯn],[gɯ.ɾɛ.do.o.nɯl.ɯn]
아홉 살 때,24,[a.hop̚.sal.t͈ɛ],[a.hop̚.sal.t͈ɛ]
니가 어떻게 알아,24,[ni.ka.ʌ.t͈ʌt̚.ke.al.a],[ni.ga.ʌ.t͈ʌt̚.ke.al.a]
너희들 뭐야,24,[nʌ.hɯi.tɯl.mwʌ.ja],[nʌ.hɯi.dɯl.mwʌ.ja]
나면 이,24,[na.mjʌn.i],[na.mjʌn.i]
결과에 따라,24,[kjʌl.kwa.e.t͈a.ɾa],[gjʌl.kwa.e.t͈a.ɾa]
공격할 것이다,24,[koŋ.kjʌk̚.hal.kʌt̚.i.ta],[goŋ.gjʌk̚.hal.gʌt̚.i.da]
not know,24,,
거기 계신,24,[kʌ.ki.kje.sin],[gʌ.gi.gje.sin]
know her,24,,
있죠 모든,24,[it̚.tʃjo.mo.tɯn],[it̚.tʃjo.mo.dɯn]
그 놈이랑,24,[kɯ.nom.i.ɾaŋ],[gɯ.nom.i.ɾaŋ]
일을 맡게,24,[il.ɯl.mat̚.ke],[il.ɯl.mat̚.ke]
솔직히 저도,24,[sol.tʃik̚.hi.tʃʌ.to],[sol.tʃik̚.hi.dʒʌ.do]
me as,24,,
카운트 다운,24,[kʰa.un.tʰɯ.ta.un],[kʰa.un.tʰɯ.da.un]
안에 올,24,[an.e.ol],[an.e.ol]
걸 알고 있었던,24,[kʌl.al.ko.it̚.ʌt̚.tʌn],[gʌl.al.ko.it̚.ʌt̚.tʌn]
날을 펼치게,24,[nal.ɯl.pʰjʌl.tʃʰi.ke],[nal.ɯl.pʰjʌl.tʃʰi.ge]
제대로 봤어,24,[tʃe.tɛ.ɾo.pwat̚.ʌ],[dʒe.dɛ.ɾo.bwat̚.ʌ]
아이를 키우고,24,[a.i.ɾɯl.kʰi.u.ko],[a.i.ɾɯl.kʰi.u.go]
최근에 일어난,24,[tʃʰwe.kɯn.e.il.ʌ.nan],[tʃʰwe.gɯn.e.il.ʌ.nan]
갈 준비됐어,24,[kal.tʃum.pi.twɛt̚.ʌ],[gal.dʒum.pi.dwɛt̚.ʌ]
후드 보안관,24,[hu.tɯ.po.aŋ.kwan],[hu.dɯ.bo.aŋ.kwan]
대해서도 말이야,24,[tɛ.hɛ.sʌ.to.mal.i.ja],[dɛ.hɛ.sʌ.do.mal.i.ja]
알아서 하고 있어,24,[al.a.sʌ.ha.ko.it̚.ʌ],[al.a.sʌ.ha.go.it̚.ʌ]
그만 내가,24,[kɯ.man.nɛ.ka],[gɯ.man.nɛ.ga]
하지만 제 생각엔,24,[ha.tʃi.man.tʃe.sɛŋ.kak̚.en],[ha.dʒi.man.dʒe.sɛŋ.gak̚.en]
